Tempo,Spostamento,Forza,Voltaggio,Delta_R_su_R0
12.534,-0.0617,-0.5213,0.264275334597839,-0.0126304337567123
12.544,-0.0603,-0.4511,0.263019490516206,-0.0175829651280945
12.554,-0.0306,-0.3793,0.261627419591837,-0.0230696512068252
12.564,0.0241,-0.3331,0.260077427995198,-0.0291749713813904
12.574,0.096,-0.3224,0.258240757310924,-0.0364043355409787
12.584,0.1764,-0.3512,0.256466569171669,-0.0433824447324692
12.594,0.2589,-0.401,0.254616454261705,-0.0506536260034974
12.604,0.3401,-0.4484,0.252685961872749,-0.0582346586442501
12.614,0.4184,-0.4721,0.250455710492197,-0.0669851707082615
12.624,0.4925,-0.4619,0.248348237214886,-0.0752464077625686
12.634,0.5629,-0.4211,0.246066091236495,-0.0841840965997667
12.644,0.6302,-0.3558,0.243672733109244,-0.0935481174920708
12.654,0.6951,-0.2722,0.241101665930372,-0.103596931836096
12.664,0.7583,-0.1782,0.238633674621849,-0.113232673707129
12.674,0.82,-0.0761,0.236093093733493,-0.123141397417078
12.684,0.8805,0.0314,0.23351896302521,-0.133170198428795
12.694,0.94,0.144,0.230960415414166,-0.143127559612657
12.704,0.9986,0.257,0.228472063145258,-0.152801491347727
12.714,1.0565,0.3671,0.225787831452581,-0.163225634524981
12.724,1.1137,0.4736,0.223282763313325,-0.172943432114004
12.734,1.1705,0.5772,0.22077950362545,-0.182644037959567
12.744,1.2277,0.6796,0.218475510348139,-0.191563472235486
12.754,1.2848,0.7784,0.216088275486194,-0.200796096481435
12.764,1.3417,0.8715,0.213873090036014,-0.209355081715155
12.774,1.3984,0.9615,0.211697746746699,-0.217752418855872
12.784,1.4549,1.0484,0.209593699255702,-0.225867281739695
12.794,1.511,1.134,0.207353400480192,-0.234499804655
12.804,1.5668,1.2195,0.205495424969988,-0.241653005121074
12.814,1.6229,1.3033,0.203619124705882,-0.248871131706294
12.824,1.6791,1.3835,0.201979490948379,-0.255174180119391
12.834,1.7354,1.462,0.200354346170468,-0.261417280751962
12.844,1.7918,1.5423,0.198934324081633,-0.266868929067316
12.854,1.8482,1.6242,0.197257182521008,-0.273303540073113
12.864,1.9042,1.7022,0.195833052004802,-0.278763908222984
12.874,1.9602,1.7756,0.194322849171669,-0.284550757258343
12.884,2.0156,1.8503,0.192936495270108,-0.289859836562599
12.894,2.0712,1.9283,0.191705340936375,-0.294572008396811
12.904,2.1272,2.0079,0.190419147659064,-0.299492261973969
12.914,2.1836,2.082,0.189132471020408,-0.304411732261464
12.924,2.24,2.1515,0.187839129891957,-0.309354032299018
12.934,2.2964,2.2204,0.186517067322929,-0.314403341780342
12.944,2.3527,2.2921,0.185372820360144,-0.318771287404493
12.954,2.4085,2.3637,0.184248296038415,-0.323061923255141
12.964,2.4637,2.4329,0.183243793373349,-0.32689292098887
12.974,2.5187,2.5013,0.182118631932773,-0.331182193380219
12.984,2.5746,2.5729,0.181209632941176,-0.334645961576426
12.994,2.6312,2.645,0.180143328403361,-0.338707482122214
13.004,2.688,2.7153,0.179267903529412,-0.342040604933885
13.014,2.7444,2.7848,0.178292127923169,-0.345754380200374
13.024,2.8007,2.8529,0.177352169555822,-0.349330414937665
13.034,2.8566,2.9195,0.176377863385354,-0.353035653529123
13.044,2.912,2.9856,0.175586521008403,-0.35604398838588
13.054,2.9673,3.0519,0.174605261320528,-0.359772934807732
13.064,3.0232,3.1217,0.173842924465786,-0.3626688922234
13.074,3.0795,3.1909,0.173164383913565,-0.365245755646339
13.084,3.1358,3.2576,0.172422475054022,-0.368062441069788
13.094,3.1923,3.3238,0.171614528019208,-0.371128858356436
13.104,3.2488,3.3883,0.171031056326531,-0.373342681883213
13.114,3.3048,3.4512,0.170331096182473,-0.37599778318117
13.124,3.3605,3.5143,0.169627772004802,-0.378664869943754
13.134,3.4161,3.58,0.168990984441777,-0.381078972302531
13.144,3.4719,3.6475,0.16833162785114,-0.383577964727727
13.154,3.5277,3.7124,0.167736236446579,-0.385833940155678
13.164,3.5837,3.7768,0.167185234861945,-0.387921224525197
13.174,3.6399,3.8434,0.166635203793517,-0.390004357777662
13.184,3.6963,3.9108,0.166126241776711,-0.39193152787493
13.194,3.7526,3.975,0.165575853205282,-0.394015101768212
13.204,3.8086,4.0358,0.165011993997599,-0.396149178740647
13.214,3.8644,4.0961,0.164529829579832,-0.397973665023127
13.224,3.9203,4.1595,0.164001797887155,-0.39997129342913
13.234,3.9761,4.2253,0.163515847731092,-0.401809335215693
13.244,4.032,4.291,0.163075275870348,-0.403475420437055
13.254,4.0881,4.3591,0.162622210948379,-0.405188433434964
13.264,4.1445,4.4276,0.16202858242497,-0.407432423915581
13.274,4.2008,4.492,0.161645973829532,-0.408878440705553
13.284,4.2567,4.5531,0.161178299351741,-0.410645641759407
13.294,4.3125,4.615,0.160766205954382,-0.412202535550301
13.304,4.3682,4.6795,0.160393328595438,-0.413611042185445
13.314,4.4238,4.7439,0.159996063001201,-0.415111434140096
13.324,4.4795,4.8066,0.159585304921969,-0.416662525515724
13.334,4.5355,4.8683,0.159061968163265,-0.418638351536344
13.344,4.5917,4.9322,0.158608683985594,-0.420349353090578
13.354,4.6477,4.9988,0.158189095990396,-0.421932876899358
13.364,4.7037,5.0634,0.157874054885954,-0.423121660677463
13.374,4.7596,5.1263,0.15754113214886,-0.424377751345292
13.384,4.8156,5.1891,0.157158153565426,-0.425822485087217
13.394,4.8714,5.2523,0.156708502040816,-0.427518441670201
13.404,4.9274,5.3179,0.15656639515006,-0.428054362617955
13.414,4.9835,5.3848,0.156189271836735,-0.429476437349953
13.424,5.0397,5.4517,0.15596312240096,-0.43032910631766
13.434,5.0961,5.5159,0.155809914813926,-0.430906711671176
13.444,5.1523,5.5773,0.155660189051621,-0.431471154956892
13.454,5.2083,5.6421,0.155443741128451,-0.432287068936545
13.464,5.2641,5.7091,0.155190702136855,-0.43324082280386
13.474,5.3198,5.7762,0.154998546362545,-0.433965029265366
13.484,5.3757,5.8403,0.154874650804322,-0.434431942691436
13.494,5.4316,5.9052,0.154747427466987,-0.43491137235358
13.504,5.4877,5.9722,0.154628586122449,-0.435359192489513
13.514,5.5438,6.0394,0.154455034333733,-0.436013134062495
13.524,5.6,6.1059,0.154277696806723,-0.436681291876926
13.534,5.656,6.1714,0.154276638367347,-0.436685279631329
13.544,5.7121,6.2369,0.154230161968788,-0.436860381436095
13.554,5.7681,6.3043,0.154092519951981,-0.437378933875166
13.564,5.8238,6.3688,0.154076622905162,-0.437438822500792
13.574,5.8795,6.4341,0.154012002881152,-0.437682260176297
13.584,5.9357,6.5041,0.153956780216086,-0.437890290813433
13.594,5.992,6.5762,0.153889422232893,-0.438144030282568
13.604,6.0485,6.6461,0.153672053397359,-0.438962816859951
13.614,6.1047,6.7121,0.153434618295318,-0.439857105273801
13.624,6.1606,6.7793,0.153273387370948,-0.440464324199417
13.634,6.2163,6.8495,0.153202032172869,-0.44073304527552
13.644,6.2721,6.9188,0.153081529123649,-0.441186837404877
13.654,6.3275,6.9859,0.153063133541417,-0.441256109769886
13.664,6.3835,7.0532,0.152975923265306,-0.441584510924963
13.674,6.4396,7.1209,0.152827535702281,-0.442143255613165
13.684,6.4959,7.19,0.152676516446579,-0.442711874661873
13.694,6.5521,7.2605,0.152537881584634,-0.443233832689912
13.704,6.6082,7.3323,0.15236886847539,-0.443870123947124
13.714,6.664,7.4036,0.152282160432173,-0.444196540399255
13.724,6.7194,7.4723,0.151985680768307,-0.44531256363357
13.734,6.7746,7.5409,0.151926891284514,-0.4455338456636
13.744,6.8307,7.6111,0.151621397503001,-0.446683629615098
13.754,6.8871,7.6821,0.151442368451381,-0.447357372167393
13.764,6.9437,7.7511,0.151123470060024,-0.448557363737652
13.774,7.0001,7.8212,0.150848620408163,-0.449591476452589
13.776,7.0114,7.8357,0.150606994285714,-0.450500489915
13.778,7.0225,7.8502,0.150504177190876,-0.450887267156339
13.788,7.0623,7.9122,0.150251979591837,-0.451835914375718
13.798,7.0597,7.9063,0.150045514957983,-0.452612462522052
13.808,7.0257,7.8603,0.149863017142857,-0.453298812392884
13.818,6.9667,7.7902,0.149800095078031,-0.453535441887866
13.828,6.8915,7.7028,0.149510438991597,-0.454624665381063
13.838,6.8093,7.5981,0.149453231692677,-0.454839772471767
13.848,6.7259,7.4723,0.14929317392557,-0.45544158411405
13.858,6.6445,7.325,0.149110978919568,-0.456126582672064
13.868,6.5671,7.1638,0.149061975414166,-0.456310812368785
13.878,6.4939,6.9971,0.148938746314526,-0.456774078280822
13.888,6.4243,6.8325,0.148683021176471,-0.45773537302069
13.898,6.3574,6.6712,0.148715841344538,-0.457612004604414
13.908,6.2925,6.5175,0.148523680336134,-0.458334298914842
13.918,6.2293,6.3773,0.148438379207683,-0.45865491024296
13.928,6.1678,6.2459,0.148285934453782,-0.459227858349043
13.938,6.1077,6.124,0.14833489757503,-0.459043839361723
13.948,6.0488,6.0113,0.148427533637455,-0.458695673405512
13.958,5.9905,5.904,0.148477673277311,-0.458507221641284
13.968,5.9326,5.8017,0.148579802304922,-0.458123353716371
13.978,5.875,5.7011,0.148531798031212,-0.458303787300716
13.988,5.8174,5.603,0.148509360816327,-0.458388120798765
13.998,5.7602,5.508,0.14873403457383,-0.457543616975144
14.008,5.7033,5.4149,0.148816075390156,-0.457235222419874
14.018,5.6467,5.3258,0.148788179831933,-0.457340084056743
14.028,5.5904,5.2409,0.148828737046819,-0.457187625840782
14.038,5.5342,5.1563,0.14907512240096,-0.456261386364115
14.048,5.4779,5.0699,0.149153849891957,-0.455965405308002
14.058,5.4216,4.9816,0.149367525138055,-0.455162031078378
14.068,5.3653,4.8959,0.149531492581032,-0.454545499793307
14.078,5.309,4.8156,0.149857290612245,-0.45332034827271
14.088,5.2528,4.7357,0.149997570660264,-0.452792779614889
14.098,5.1967,4.6543,0.150348509771909,-0.451472825480801
14.108,5.1407,4.5745,0.15069061695078,-0.450185906165553
14.118,5.0849,4.4975,0.15108046789916,-0.448719165680186
14.128,5.0289,4.4227,0.151362503145258,-0.447657914350751
14.138,4.973,4.347,0.151684518991597,-0.446446071763447
14.148,4.9168,4.2698,0.152131854069628,-0.444762348011658
14.158,4.8606,4.1947,0.152486481104442,-0.443427347085508
14.168,4.8044,4.1196,0.152974443169268,-0.441590084308931
14.178,4.7483,4.0455,0.153385909147659,-0.440040555211238
14.188,4.6924,3.9721,0.153885527587035,-0.438158701310349
14.198,4.6365,3.9,0.154345130420168,-0.436427226791999
14.208,4.5806,3.8275,0.154958229915966,-0.434116968650412
14.218,4.5247,3.7545,0.155351858823529,-0.432633402986525
14.228,4.4688,3.683,0.155828263817527,-0.43083753632639
14.238,4.4127,3.6147,0.156258969795918,-0.429213633613371
14.248,4.3565,3.5461,0.156870348091236,-0.426908041063792
14.258,4.3003,3.4776,0.157565423673469,-0.424286107221075
14.268,4.2443,3.4089,0.158302560480192,-0.421504689336888
14.278,4.1885,3.3414,0.158899143337335,-0.419252999607434
14.288,4.1328,3.2735,0.159614301896759,-0.416553036713292
14.298,4.077,3.2049,0.160403942761104,-0.413570951245804
14.308,4.0214,3.1381,0.161153373013205,-0.410739821299854
14.318,3.9655,3.0712,0.161789816566627,-0.408334833607659
14.328,3.9091,3.0049,0.162627762208884,-0.405167446372828
14.338,3.8526,2.9392,0.163256419351741,-0.402790437312816
14.348,3.7963,2.8741,0.164249422761104,-0.399034543219825
14.358,3.7404,2.8109,0.165026222761104,-0.396095332276381
14.368,3.6846,2.7465,0.165870368979592,-0.39290022960367
14.378,3.629,2.682,0.166781491860744,-0.389450367106018
14.388,3.5733,2.6187,0.167793244369748,-0.385617957620683
14.398,3.5171,2.5561,0.168617120048019,-0.38249601963215
14.408,3.4608,2.4938,0.169832794669868,-0.377887480452958
14.418,3.4044,2.4304,0.170819400384154,-0.374145620158591
14.428,3.3482,2.3657,0.172120763217287,-0.369207654013903
14.438,3.2922,2.3032,0.173187882737095,-0.36515652731501
14.448,3.2365,2.2414,0.17453811577431,-0.360028043366726
14.458,3.1809,2.1784,0.175657292196879,-0.355774987710871
14.468,3.1255,2.1173,0.176926445810324,-0.350949605614379
14.478,3.0697,2.0563,0.178272359807923,-0.345829601572084
14.488,3.0135,1.9945,0.179724007779112,-0.34030416897437
14.498,2.9572,1.9314,0.181020927202881,-0.335364866714023
14.508,2.9007,1.8684,0.182671577623049,-0.329074537646194
14.518,2.8443,1.8066,0.184376753037215,-0.322571895435518
14.528,2.7884,1.7471,0.186213442545018,-0.315562574146967
14.538,2.7327,1.6852,0.1879474630012,-0.308940156278399
14.548,2.677,1.6224,0.189945244897959,-0.301304484578965
14.558,2.6212,1.5608,0.191758957743097,-0.294366843434778
14.568,2.5651,1.5018,0.1938230387515,-0.286465147677225
14.578,2.5089,1.4426,0.195747784681873,-0.27909073549751
14.588,2.4525,1.3804,0.197944733733493,-0.270666187928844
14.598,2.3963,1.3207,0.200086561392557,-0.26244558791125
14.608,2.3403,1.2633,0.202327092340936,-0.253838297417161
14.618,2.2848,1.2043,0.204597942521008,-0.245106324581974
14.628,2.2292,1.1429,0.207208104969988,-0.235059391853101
14.638,2.1733,1.0815,0.209662882496999,-0.225600570061532
14.648,2.1172,1.0229,0.212031922112845,-0.216462919338178
14.658,2.0608,0.9628,0.214532248259304,-0.206809068669551
14.668,2.0045,0.9014,0.217191421512605,-0.19653082771337
14.678,1.9482,0.8409,0.219663504489796,-0.186965471879226
14.688,1.8922,0.7813,0.222280722593037,-0.176827749984556
14.698,1.8365,0.7219,0.224727066266507,-0.167341857552475
14.708,1.7807,0.6615,0.227274945978391,-0.157451912933535
14.718,1.7248,0.6002,0.22968902180072,-0.148071599443383
14.728,1.669,0.5385,0.23235086789916,-0.13771751940161
14.738,1.6129,0.4767,0.234809030636254,-0.12814545551312
14.748,1.5567,0.4151,0.237386947178872,-0.118096456586619
14.758,1.5005,0.3564,0.239661572004802,-0.109220683267849
14.768,1.4445,0.2983,0.242007195918367,-0.100058977821253
14.778,1.3888,0.2385,0.244195418295318,-0.0915039145187509
14.788,1.3331,0.1776,0.246655891764706,-0.0818750520260429
14.798,1.2771,0.1154,0.24879025877551,-0.073514302821627
14.808,1.2212,0.0552,0.25091562847539,-0.065181330270651
14.818,1.165,-0.0061,0.252909092484994,-0.0573587411480701
14.828,1.1089,-0.0664,0.255024112268908,-0.0490519664754062
14.838,1.0527,-0.1242,0.257088416566627,-0.0409372335156722
14.848,0.9967,-0.178,0.25874668,-0.0344135198650205
14.858,0.9411,-0.2269,0.260527857815126,-0.0274011680484585
14.868,0.8852,-0.2718,0.262228036542617,-0.0207027846180421
14.878,0.8292,-0.3111,0.263681757647059,-0.0149715838763029
14.888,0.7731,-0.3461,0.265030359519808,-0.00965166220077085
14.898,0.717,-0.3797,0.266426616758703,-0.00414055728146532
14.908,0.6608,-0.4116,0.267425582472989,-0.000195588494794239
14.918,0.6044,-0.4414,0.268350275534214,0.00345755821927378
14.928,0.5487,-0.4667,0.26911335030012,0.0064732816951303
14.938,0.4929,-0.4904,0.26971131635054,0.00883716423748737
14.948,0.4368,-0.5115,0.269798593181273,0.00918223744672228
14.958,0.3807,-0.5262,0.270053563313325,0.010190405676959
14.968,0.3247,-0.5336,0.269910876110444,0.00962619794632876
14.978,0.2686,-0.5381,0.26974141214886,0.00895615490296846
14.988,0.2126,-0.5398,0.269309313997599,0.00724790058612982
14.998,0.1565,-0.5394,0.268870453253301,0.00551323046947717
15.008,0.1008,-0.5364,0.26798715030012,0.00202280409535313
15.018,0.0449,-0.534,0.267076256422569,-0.00157528501536282
15.026,0,-0.5348,0.265930631884754,-0.0060986094331025
15.028,-0.0112,-0.5348,0.264705340264106,-0.0109340649440019
15.032,-0.0334,-0.5352,0.263183112316927,-0.0169378569788651
15.042,-0.0731,-0.5256,0.26186773032413,-0.0221227245676074
15.052,-0.0707,-0.453,0.260112210612245,-0.0290380086205416
15.062,-0.0365,-0.3703,0.258279155678271,-0.0362532521125001
15.072,0.0224,-0.3213,0.256138662472989,-0.0446715722869127
15.082,0.097,-0.3177,0.254116271452581,-0.0526184330255886
15.092,0.1787,-0.3532,0.251898228715486,-0.0613263113320934
15.102,0.2617,-0.4089,0.249699463817527,-0.0699504800356864
15.112,0.3428,-0.461,0.247133317358944,-0.0800055309570514
15.122,0.4207,-0.489,0.244747564513806,-0.0893440024113449
15.132,0.4945,-0.4803,0.242288006242497,-0.098961563317506
15.142,0.5645,-0.4393,0.239785494693877,-0.10873688308223
15.152,0.6315,-0.3764,0.23689502847539,-0.120014848959453
15.162,0.6963,-0.2961,0.23435753027611,-0.129904334206501
15.172,0.7592,-0.2025,0.231594488691477,-0.140660867777146
15.182,0.8206,-0.1021,0.229073075198079,-0.150465869654254
15.192,0.8808,0.0024,0.226172690132053,-0.16173176585297
15.202,0.9402,0.11,0.22365214304922,-0.171511154715323
15.212,0.9986,0.2212,0.221031376470588,-0.181668442758433
15.222,1.0565,0.3316,0.218526781896759,-0.191365078535228
15.232,1.1139,0.4387,0.2159951369988,-0.201156122564281
15.242,1.171,0.5429,0.213690148859544,-0.21006157168694
15.252,1.228,0.645,0.21130552120048,-0.21926568997799
15.262,1.2848,0.7428,0.209260995630252,-0.227149796069845
15.272,1.3416,0.8369,0.206959002737095,-0.236018698511723
15.282,1.3981,0.9258,0.204842029195678,-0.24416725952438
15.292,1.4546,1.0144,0.20288234665066,-0.251703972734619
15.302,1.5108,1.1033,0.201140670252101,-0.258397093044512
15.312,1.567,1.1907,0.199326954909964,-0.265361891165748
15.322,1.6233,1.2733,0.197587660168067,-0.2720359674032
15.332,1.6793,1.3512,0.195952076158463,-0.278307672555684
15.342,1.7353,1.4284,0.194466571332533,-0.284000194160759
15.352,1.7916,1.5073,0.192850680816326,-0.29018836466489
15.362,1.8478,1.5884,0.191419647731092,-0.295665137644426
15.372,1.9039,1.6686,0.190036832605042,-0.300954277460125
15.382,1.9598,1.7463,0.188548673037215,-0.306642953573249
15.392,2.0159,1.8216,0.187149003889556,-0.311990153607789
15.402,2.0719,1.8956,0.185983571716687,-0.316440118381705
15.412,2.1277,1.9701,0.18466447937575,-0.321474204398338
15.422,2.1833,2.0455,0.183347789483794,-0.326496372137404
15.432,2.2392,2.1185,0.182191869291717,-0.330903063308815
15.442,2.2958,2.1907,0.180869548907563,-0.335941526201739
15.452,2.3523,2.2633,0.179730909915966,-0.340277889302871
15.462,2.4085,2.3385,0.178611014741897,-0.344540871047707
15.472,2.4644,2.4127,0.177490515246098,-0.348804171674178
15.482,2.5202,2.4837,0.176478470588235,-0.352653118572073
15.492,2.5756,2.5488,0.17543407092437,-0.356623423025823
15.502,2.631,2.6133,0.174490884417767,-0.360207486954431
15.512,2.6872,2.6813,0.173696061416567,-0.363226688966749
15.522,2.7436,2.7507,0.172779490228091,-0.36670712734987
15.532,2.7999,2.82,0.171898087971188,-0.370052774576162
15.542,2.8561,2.889,0.170918255510204,-0.373770611975738
15.552,2.9121,2.9566,0.170115715102041,-0.376814615703149
15.562,2.9678,3.0244,0.169256325522209,-0.380073124652172
15.572,3.0236,3.0939,0.168652041104442,-0.382363668654173
15.582,3.0796,3.1631,0.167921722545018,-0.385131181298562
15.592,3.1358,3.227,0.167428967154862,-0.386997985332388
15.602,3.1921,3.2893,0.166765718847539,-0.389510100878608
15.612,3.2484,3.3535,0.166291140408163,-0.391307188374154
15.622,3.3046,3.4223,0.165646976614646,-0.393745880720781
15.632,3.3607,3.4891,0.16504678967587,-0.396017499539151
15.642,3.4166,3.5546,0.164594452388956,-0.397729156628541
15.652,3.4721,3.6204,0.164190869819928,-0.399256054183361
15.662,3.5276,3.6879,0.163649367923169,-0.401304349661875
15.672,3.5836,3.7538,0.163115054453782,-0.403325004524781
15.682,3.6398,3.8171,0.162470364753902,-0.405762483567902
15.692,3.696,3.8805,0.161985884369748,-0.407593806705671
15.702,3.7523,3.9454,0.161516127346939,-0.409369125729539
15.712,3.8086,4.0108,0.16095750967587,-0.411479820775874
15.722,3.8645,4.0733,0.160564179015606,-0.412965698887609
15.732,3.9204,4.1357,0.160108939927971,-0.414685145823682
15.742,3.9761,4.2004,0.159683063577431,-0.416293396313613
15.752,4.032,4.2655,0.159351795294118,-0.417544179661464
15.762,4.088,4.3289,0.158950323745498,-0.419059802940454
15.772,4.1442,4.3916,0.15864315879952,-0.420219233045813
15.782,4.2005,4.4564,0.158415244177671,-0.421079428433109
15.792,4.2567,4.5205,0.158227210852341,-0.42178904286039
15.802,4.3127,4.5848,0.157883932965186,-0.423084388841772
15.812,4.3684,4.6503,0.157581594861945,-0.424225098008497
15.822,4.424,4.7151,0.157441623337335,-0.424753156549064
15.832,4.4797,4.7793,0.157239452821128,-0.42551581399361
15.842,4.5356,4.8419,0.156948777286915,-0.426612231536268
15.852,4.5915,4.9052,0.156727555294118,-0.427446584652673
15.862,4.6476,4.9716,0.15660086060024,-0.427924387596151
15.872,4.7037,5.0378,0.156344392941176,-0.428891526036803
15.882,4.7598,5.1009,0.156085803553421,-0.429866561819922
15.892,4.8156,5.1641,0.155934259831933,-0.430437923398138
15.902,4.8716,5.2287,0.155554539351741,-0.431869417214791
15.912,4.9276,5.2952,0.155226244081633,-0.433106864217988
15.922,4.9836,5.3609,0.154937571380552,-0.434194822874453
15.932,5.0398,5.4251,0.154641484561825,-0.435310589416215
15.942,5.0961,5.4891,0.154527993997599,-0.435738228414926
15.952,5.1523,5.5533,0.154384050228091,-0.43628058803383
15.962,5.2084,5.62,0.154219008403361,-0.436902402467618
15.972,5.2642,5.6865,0.154265553517407,-0.436727042579114
15.982,5.3198,5.7521,0.154025684561825,-0.437630718853294
15.992,5.3757,5.8181,0.15422619937575,-0.436875310518201
16.002,5.4315,5.8837,0.154154580744298,-0.437145129735775
16.012,5.4876,5.9476,0.154130359087635,-0.437236381677619
16.022,5.5438,6.0133,0.154137060840336,-0.437211133787054
16.032,5.6,6.0804,0.154166491188475,-0.437100258351521
16.042,5.6562,6.1466,0.154078738631453,-0.437430851990241
16.052,5.7122,6.2129,0.153988509147659,-0.437770764567411
16.062,5.7681,6.2807,0.154045986458583,-0.437554237463211
16.072,5.8238,6.35,0.154044247635054,-0.43756078799155
16.082,5.8796,6.4187,0.154039416614646,-0.437578987476808
16.092,5.9357,6.4851,0.153933548955582,-0.437977804439931
16.102,5.9921,6.5513,0.153735550636254,-0.438723642573318
16.112,6.0485,6.6173,0.153529869579832,-0.439498356207746
16.122,6.1047,6.6838,0.153365811380552,-0.440116246984811
16.132,6.1605,6.751,0.153225019351741,-0.440646477261347
16.142,6.2163,6.819,0.152868902521008,-0.441987494716272
16.152,6.2719,6.8886,0.152517456902761,-0.443310728765779
16.162,6.3277,6.9585,0.15237206909964,-0.443858074825151
16.172,6.3836,7.0278,0.152044925042017,-0.445089564357314
16.182,6.4397,7.0975,0.151728696086435,-0.446279807496951
16.192,6.4958,7.1678,0.151554744729892,-0.446934470749017
16.202,6.552,7.2396,0.151356024921969,-0.447682292203849
16.212,6.608,7.3098,0.151197467130852,-0.448278932178386
16.222,6.6639,7.3798,0.150961419447779,-0.449167087983941
16.232,6.7192,7.4499,0.150701305690276,-0.450145694948411
16.242,6.7747,7.5191,0.15044273392557,-0.451118396539513
16.252,6.8307,7.59,0.150123373109244,-0.452319632710731
16.262,6.8871,7.6624,0.149924727154862,-0.453066735072257
16.272,6.9437,7.7336,0.149804642689076,-0.45351834000228
16.282,7.0001,7.8046,0.149528048739496,-0.454558449353761
16.284,7.0113,7.8187,0.149253088211285,-0.455592298787982
16.286,7.0224,7.8328,0.149183688643457,-0.455853222095593
16.296,7.0622,7.8921,0.148977661272509,-0.456627784424777
16.306,7.0595,7.8835,0.14867641454982,-0.457760206605978
16.316,7.0256,7.8373,0.148421461752701,-0.458718494553404
16.326,6.9667,7.7676,0.148269235966387,-0.459290615727967
16.336,6.8916,7.6801,0.148092711644658,-0.459954014891407
16.346,6.8093,7.5772,0.147890130948379,-0.460715277491483
16.356,6.726,7.4547,0.14781923759904,-0.460981667205403
16.366,6.6445,7.3072,0.147783539303722,-0.461115804608434
16.376,6.5671,7.1437,0.147602024681873,-0.461797820650371
16.386,6.4938,6.9733,0.147708852629052,-0.461396435618566
16.396,6.4241,6.8089,0.147660787178872,-0.461577034295192
16.406,6.3573,6.6528,0.147681341320528,-0.461499805647126
16.416,6.2925,6.5022,0.147865551452581,-0.460807638586189
16.426,6.2293,6.3598,0.148007583289316,-0.460273920010977
16.436,6.1679,6.2269,0.14815280364946,-0.459728187488907
16.446,6.1078,6.1058,0.148440651956783,-0.458646368074172
16.456,6.0487,5.9919,0.148646757070828,-0.457871684984818
16.466,5.9905,5.8838,0.148986135318127,-0.456595927447806
16.476,5.9326,5.7798,0.149119836446579,-0.456093282218031
16.486,5.875,5.6799,0.149431557070828,-0.454921270621736
16.496,5.8175,5.5824,0.149540191020408,-0.454512791770206
16.506,5.7602,5.489,0.149860111068427,-0.453309741332292
16.516,5.7033,5.3979,0.149958847779112,-0.452938412628967
16.526,5.6466,5.3088,0.150254751212485,-0.451825489395445
16.536,5.5903,5.2216,0.150537989195678,-0.450760075001439
16.546,5.5341,5.1344,0.150674617430972,-0.450246096295987
16.556,5.4779,5.048,0.150977695942377,-0.449105848628426
16.566,5.4216,4.9607,0.151218367202881,-0.448200289152804
16.576,5.3653,4.8733,0.151535258295318,-0.447007804719608
16.586,5.309,4.7914,0.151942810516206,-0.445473926635089
16.596,5.2528,4.7131,0.152290898007203,-0.444163647921663
16.606,5.1967,4.6338,0.152514133493397,-0.443323240876771
16.616,5.1408,4.5536,0.152766316014406,-0.442373764798371
16.626,5.085,4.4739,0.153260385498199,-0.440513289367979
16.636,5.029,4.3976,0.153789630780312,-0.438519934602449
16.646,4.9731,4.3233,0.15414421090036,-0.437184196886052
16.656,4.9169,4.2475,0.154612277887155,-0.435420643767028
16.666,4.8606,4.171,0.155117848115246,-0.433515405509457
16.676,4.8044,4.0967,0.155724576902761,-0.431228426855419
16.686,4.7483,4.0264,0.156384702905162,-0.428739524119513
16.696,4.6924,3.956,0.157022110684274,-0.426335633042384
16.706,4.6366,3.8831,0.157553778823529,-0.42433003961637
16.716,4.581,3.8095,0.158218035582233,-0.421823667780407
16.726,4.5251,3.7367,0.158834512557023,-0.419496963129525
16.736,4.4689,3.6641,0.159557995486194,-0.416765641190985
16.746,4.4126,3.5941,0.16015766967587,-0.414501108072016
16.756,4.3562,3.5259,0.160775912653061,-0.412165866575751
16.766,4.3001,3.4571,0.161441850132053,-0.409649804718039
16.776,4.2442,3.3872,0.162184544201681,-0.406842922119699
16.786,4.1886,3.3184,0.162846730660264,-0.404339577135746
16.796,4.1331,3.2526,0.16348868062425,-0.401912080279822
16.806,4.0773,3.1866,0.164240298727491,-0.399069060600078
16.816,4.0214,3.1197,0.165113427466987,-0.395765313185827
16.826,3.9651,3.0521,0.165879391404562,-0.392866073599353
16.836,3.9088,2.986,0.166706464297719,-0.389734499527989
16.846,3.8524,2.9222,0.167660486290516,-0.386120922391617
16.856,3.7962,2.8574,0.168429008163265,-0.383208931702727
16.866,3.7406,2.792,0.169408690756303,-0.379495492780447
16.876,3.685,2.7266,0.170432143529412,-0.37561453611541
16.886,3.6291,2.6618,0.17141921152461,-0.371869992871409
16.896,3.573,2.5956,0.172408610708283,-0.368115069349422
16.906,3.5168,2.5287,0.17350022362545,-0.363970442595564
16.916,3.4604,2.4654,0.174689206242497,-0.359453989772141
16.926,3.4042,2.4061,0.175775733205282,-0.355324776805654
16.936,3.3482,2.3476,0.177106581176471,-0.350264516619278
16.946,3.2926,2.2853,0.178306307515006,-0.345700423824434
16.956,3.2368,2.222,0.179650471452581,-0.340584151579293
16.966,3.1811,2.1598,0.181035261656663,-0.335310259261822
16.976,3.1253,2.0966,0.182524400816326,-0.329635576774602
16.986,3.0694,2.0339,0.184003308859544,-0.323996408921219
16.996,3.0132,1.9707,0.185586167587035,-0.317957032327296
17.006,2.9569,1.9095,0.187157588907563,-0.311957365473368
17.016,2.9006,1.8475,0.189022054501801,-0.30483377539592
17.026,2.8445,1.7867,0.190709001056423,-0.298383675275001
17.036,2.7886,1.7282,0.192605941176471,-0.291125250205317
17.046,2.7327,1.6693,0.194574505306122,-0.283586704866651
17.056,2.6769,1.6081,0.196622197310924,-0.275738585605202
17.066,2.621,1.5452,0.198675056662665,-0.267863942062146
17.076,2.565,1.4834,0.200837690852341,-0.259560922105976
17.086,2.5088,1.4239,0.20297918362545,-0.251331693515046
17.096,2.4526,1.3652,0.205367166626651,-0.242146594820468
17.106,2.3966,1.305,0.207863388667467,-0.232535381363142
17.116,2.3406,1.2438,0.210532019927971,-0.222249259644158
17.126,2.2846,1.1839,0.213083459591837,-0.212404123475912
17.136,2.2288,1.1255,0.215723825690276,-0.202204794380926
17.146,2.1729,1.0644,0.218367989435774,-0.191979507323951
17.156,2.117,1.002,0.221042259927971,-0.181626284849038
17.166,2.0608,0.9395,0.22366150482593,-0.171474851358274
17.176,2.0048,0.8781,0.226306161056423,-0.161213628435757
17.186,1.949,0.8171,0.228688568739496,-0.151960186403244
17.196,1.8935,0.7569,0.231003869867947,-0.142958532663647
17.206,1.8374,0.6965,0.233498119231693,-0.133251361538512
17.216,1.7812,0.6365,0.235844666746699,-0.124109740259973
17.226,1.725,0.577,0.23809120729892,-0.115349281875225
17.236,1.669,0.518,0.240544757887155,-0.105772132718138
17.246,1.6128,0.4589,0.242954028379352,-0.0963582123462075
17.256,1.5564,0.3995,0.245064960912365,-0.088102168874391
17.266,1.5004,0.3398,0.247311308043217,-0.079308452235209
17.276,1.4442,0.2791,0.249258817046819,-0.0716778592452911
17.286,1.3882,0.2172,0.251253441872749,-0.0638561726249998
17.296,1.3324,0.1549,0.25333552240096,-0.0556845265041129
17.306,1.2767,0.0927,0.254994795630252,-0.0491671586628943
17.316,1.2207,0.0318,0.256720038223289,-0.0423858381073743
17.326,1.1649,-0.0268,0.258492415942377,-0.0354141070084691
17.336,1.1089,-0.0855,0.260150907755102,-0.0288856293536182
17.346,1.0529,-0.1429,0.261449263481393,-0.0237716001674541
17.356,0.9969,-0.196,0.262694075054022,-0.0188658412149171
17.366,0.9408,-0.2435,0.263654329795918,-0.015079748955251
17.376,0.8849,-0.2857,0.264601246482593,-0.0113447423177075
17.386,0.8291,-0.3234,0.265411316254502,-0.00814832724631222
17.396,0.773,-0.3576,0.265977873181272,-0.00591212762916051
17.406,0.7171,-0.3893,0.266496925666266,-0.00386295813485884
17.416,0.6613,-0.4186,0.266711457863145,-0.00301587430591971
17.426,0.6053,-0.4485,0.267051099927971,-0.00167463512628781
17.436,0.549,-0.4784,0.266878897238895,-0.00235468388345788
17.446,0.4926,-0.5022,0.266543013109244,-0.00368098760103379
17.456,0.4366,-0.519,0.26603093454982,-0.00570266704892644
17.466,0.3806,-0.5299,0.265286879903962,-0.00863940571667269
17.476,0.3244,-0.5347,0.264446998559424,-0.0119532577861967
17.486,0.2686,-0.5352,0.263480892581032,-0.0157636907770805
17.496,0.2129,-0.5338,0.262407492965186,-0.0199954796581359
17.506,0.1568,-0.5341,0.261099223289316,-0.0251506320827807
17.516,0.1007,-0.5364,0.259590593469388,-0.0310917582528055
17.526,0.0446,-0.5381,0.258117630636254,-0.0368887771401659
17.534,-0.0001,-0.5372,0.256449339015606,-0.0434501875501442
17.536,-0.0113,-0.537,0.25465768364946,-0.0504916511583936
17.538,-0.0224,-0.5369,0.25266747759904,-0.0583072164818319
17.548,-0.0621,-0.5267,0.25070841454982,-0.0659940855015102
17.558,-0.0596,-0.4546,0.248616668715486,-0.0741945709675427
17.568,-0.0253,-0.3711,0.246568655222089,-0.0822166155760083
17.578,0.0338,-0.3188,0.244195921152461,-0.0915019476461888
17.588,0.1083,-0.3129,0.241951328979592,-0.10027729191235
17.598,0.1901,-0.3504,0.23944776729892,-0.110055327988021
17.608,0.2731,-0.4071,0.236939086962785,-0.119843045126401
17.618,0.3543,-0.4582,0.234384083793517,-0.129800900731089
17.628,0.4321,-0.4885,0.231810691908763,-0.139819637227486
17.638,0.5057,-0.4844,0.22914592244898,-0.150182734481423
17.648,0.5756,-0.4473,0.226564291236495,-0.160211478509015
17.658,0.6427,-0.3833,0.22391522847539,-0.170490900565401
17.668,0.7075,-0.3024,0.221571483505402,-0.179576064900042
17.678,0.7704,-0.2118,0.219201806578631,-0.188752694217635
17.688,0.8321,-0.1128,0.216748316878752,-0.19824430997803
17.698,0.8924,-0.009,0.214424680960384,-0.207224597601702
17.708,0.9515,0.0988,0.212168838943577,-0.215934539400899
17.718,1.0097,0.2079,0.209843559327731,-0.224903997692262
17.728,1.0676,0.3179,0.20747420120048,-0.234034530196176
17.738,1.1248,0.4278,0.205481372436975,-0.241707086209178
17.748,1.182,0.5342,0.203366121728691,-0.24984400202333
17.758,1.2392,0.6361,0.201566061752701,-0.256762796647953
17.768,1.2964,0.7315,0.199595643457383,-0.264330439789331
17.778,1.3532,0.8213,0.197827930036014,-0.271114284141967
17.788,1.4095,0.9088,0.196268579831933,-0.277094361204994
17.798,1.4657,0.996,0.19475745757503,-0.282885782057784
17.808,1.5219,1.084,0.193200514381753,-0.288849004394255
17.818,1.5779,1.1729,0.191776530708283,-0.294299599405603
17.828,1.6342,1.2571,0.190389188187275,-0.299606838735099
17.838,1.6906,1.3368,0.189136653157263,-0.304395746571878
17.848,1.7469,1.4172,0.187891559855942,-0.309153731089905
17.858,1.8032,1.4996,0.186792422040816,-0.313351917387473
17.868,1.859,1.5816,0.185310340216086,-0.319009733719048
17.878,1.915,1.6592,0.184221865402161,-0.32316274555844
17.888,1.9708,1.734,0.182942590636254,-0.328041344250222
17.898,2.0267,1.8085,0.181864606962785,-0.33215029480937
17.908,2.0826,1.884,0.180572508331333,-0.33707296534586
17.918,2.1389,1.9603,0.179470953757503,-0.341267612336316
17.928,2.1954,2.0347,0.178397719951981,-0.345352572356797
17.938,2.2514,2.1088,0.177271135990396,-0.349638638692586
17.948,2.3069,2.181,0.176379681488595,-0.353028740765607
17.958,2.3621,2.2507,0.175476961680672,-0.356460406877137
17.968,2.4181,2.3218,0.174544348715486,-0.360004362621545
17.978,2.4747,2.3936,0.173589112893157,-0.363632866022256
17.988,2.5311,2.4638,0.172735925570228,-0.366872519794521
17.998,2.5874,2.5334,0.171832988763505,-0.370299831223861
18.008,2.6436,2.6028,0.170971143817527,-0.373569973202122
18.018,2.6996,2.6734,0.170014829435774,-0.377197199433642
18.028,2.7551,2.743,0.169275922977191,-0.379998830778328
18.038,2.8109,2.811,0.168619213493397,-0.382488085517637
18.048,2.867,2.8781,0.167924794909964,-0.385119540448113
18.058,2.9229,2.9452,0.167143483073229,-0.388079367749586
18.068,2.9789,3.0133,0.166387779159664,-0.390941274758213
18.078,3.0351,3.0805,0.165781540840336,-0.393236497614297
18.088,3.0914,3.1474,0.165172276110444,-0.395542598571013
18.098,3.1474,3.2153,0.164728063913565,-0.397223600166691
18.108,3.2032,3.2813,0.164167985594238,-0.399342625778485
18.118,3.2593,3.3448,0.163495714861945,-0.401885477145423
18.128,3.3155,3.408,0.162839781176471,-0.404365852683584
18.138,3.3714,3.4732,0.162464767058824,-0.405783644803004
18.148,3.4274,3.5412,0.162020832989196,-0.407461714116145
18.158,3.4833,3.6083,0.161668998511405,-0.408791428540749
18.168,3.5393,3.6731,0.161057744921969,-0.411101125279516
18.178,3.5951,3.7394,0.160628271884754,-0.412723592888964
18.188,3.6511,3.8057,0.160034755294118,-0.41496531198684
18.198,3.7071,3.8709,0.159642435342137,-0.416446807231713
18.208,3.7631,3.934,0.159347594093637,-0.417560041208421
18.218,3.8193,3.9957,0.158918649939976,-0.419179366236919
18.228,3.8755,4.058,0.158564831644658,-0.420514864535031
18.238,3.9316,4.1226,0.158253188811525,-0.421691008548704
18.248,3.9876,4.1883,0.158010112412965,-0.422608276868464
18.258,4.0434,4.2539,0.157767213733493,-0.423524782559598
18.268,4.0988,4.3175,0.157657375894358,-0.423939192682709
18.278,4.1545,4.3806,0.157346111932773,-0.425113466694409
18.288,4.2109,4.4436,0.157291414933974,-0.425319800926323
18.298,4.2675,4.5079,0.157075394429772,-0.426134652457671
18.308,4.3235,4.5741,0.156894966434574,-0.426815189676814
18.318,4.3795,4.6389,0.15662637027611,-0.427828185117518
18.328,4.4353,4.7033,0.156362930996399,-0.428821622544167
18.338,4.4912,4.768,0.156179922977191,-0.429511687666533
18.348,4.5467,4.833,0.156054676062425,-0.42998392395362
18.358,4.6023,4.897,0.15561578789916,-0.431638533821443
18.368,4.6586,4.9613,0.155470434909964,-0.432186448999432
18.378,4.7149,5.0256,0.155272787707083,-0.432931437017098
18.388,4.7711,5.0902,0.155239231356543,-0.433057914324587
18.398,4.8273,5.1546,0.154974443505402,-0.434055865285357
18.408,4.8832,5.218,0.154824790828331,-0.434619838510138
18.418,4.939,5.2822,0.154645319087635,-0.435296140351704
18.428,4.9943,5.3468,0.154579304777911,-0.43554488891323
18.438,5.0502,5.4128,0.154501771620648,-0.435837032996333
18.448,5.1068,5.4803,0.15431872542617,-0.436526711952317
18.458,5.1634,5.5454,0.15404919270108,-0.437542158834519
18.468,5.2198,5.6106,0.1540553527491,-0.437518952518519
18.478,5.2758,5.6756,0.153936259495798,-0.437967593706873
18.488,5.3315,5.7407,0.153864173637455,-0.43823914065366
18.498,5.3872,5.808,0.15385479515006,-0.438274468759141
18.508,5.4427,5.8749,0.153748278079232,-0.438675701512781
18.518,5.4983,5.9399,0.153731798847539,-0.438737774565002
18.528,5.5546,6.0052,0.153767019495798,-0.438605106875505
18.538,5.6112,6.0713,0.153675230156062,-0.438950851150056
18.548,5.6676,6.1398,0.153576341128451,-0.439323323269609
18.558,5.7237,6.2084,0.15351407572629,-0.439557842262239
18.568,5.7796,6.2734,0.153539358271309,-0.439462617762958
18.578,5.8351,6.337,0.153548860408163,-0.439426828536921
18.588,5.8904,6.4037,0.153425488883553,-0.439891489034856
18.598,5.9465,6.4743,0.153237326434574,-0.440600129360835
18.608,6.0031,6.5442,0.153192033469388,-0.440770699396487
18.618,6.0599,6.6126,0.153126470972389,-0.441017597377933
18.628,6.1162,6.6806,0.15315225392557,-0.440920503656036
18.638,6.1722,6.7481,0.152952271116447,-0.441673573999809
18.648,6.2279,6.8152,0.15277581210084,-0.442338009768167
18.658,6.2835,6.8839,0.152638043937575,-0.442856726033248
18.668,6.339,6.9533,0.152657589483794,-0.442783136132495
18.678,6.3948,7.0239,0.152537232989196,-0.443236274571152
18.688,6.451,7.0927,0.152437824585834,-0.443610527133782
18.698,6.5072,7.1618,0.152395772388956,-0.443768840542413
18.708,6.5635,7.2333,0.152288471884754,-0.444172781037191
18.718,6.6195,7.305,0.152239596494598,-0.444356770044464
18.728,6.6751,7.3759,0.152209698631453,-0.444469317253942
18.738,6.7305,7.4436,0.152262134981993,-0.444271925475879
18.748,6.7858,7.513,0.15214280605042,-0.444721121972586
18.758,6.8419,7.5846,0.152135937094838,-0.444746978488872
18.768,6.8985,7.6575,0.151940525234094,-0.445482528323399
18.778,6.955,7.7301,0.151824867322929,-0.44591784836321
18.786,7.0002,7.7883,0.151576527971188,-0.446852492428765
18.788,7.0114,7.8028,0.151586689459784,-0.446814250771175
18.79,7.0225,7.8173,0.151456060360144,-0.447305846971327
18.8,7.0624,7.8785,0.151400138631453,-0.447516288991431
18.81,7.06,7.8695,0.151445437454982,-0.447345822962051
18.82,7.0258,7.8192,0.151431363121248,-0.447398787058058
18.83,6.9667,7.7487,0.151404067707083,-0.447501503437305
18.84,6.8915,7.6625,0.151413611956783,-0.44746558725092
18.85,6.8092,7.5591,0.151468064393758,-0.447260673323581
18.86,6.7259,7.4343,0.151221830060024,-0.448187259009615
18.87,6.6445,7.2881,0.151143237839136,-0.448482983604174
18.88,6.5671,7.1263,0.151134099207683,-0.44851736956698
18.89,6.4938,6.9564,0.151166595006002,-0.4483950969159
18.9,6.424,6.7885,0.151138780552221,-0.44849975507054
18.91,6.3572,6.6301,0.151110854405762,-0.448604832286131
18.92,6.2925,6.4807,0.151075485666267,-0.448737911877275
18.93,6.2296,6.3413,0.151224828043217,-0.448175978093098
18.94,6.168,6.209,0.15141965214886,-0.447442857191611
18.95,6.1078,6.0868,0.151443132677071,-0.447354496251827
18.96,6.0487,5.9728,0.151514806818727,-0.447084769832087
18.97,5.9904,5.8653,0.151493539543818,-0.447164804352538
18.98,5.9325,5.7632,0.151501227466987,-0.447135872694701
18.99,5.875,5.6649,0.151773142569028,-0.446112526308875
19,5.8175,5.5689,0.151942084561825,-0.445476659092186
19.01,5.7603,5.4715,0.151987070252101,-0.445307333589158
19.02,5.7033,5.3773,0.152037727683073,-0.445116655972519
19.03,5.6467,5.2893,0.15212244969988,-0.444797748300798
19.04,5.5904,5.2065,0.15222629392557,-0.444406846270343
19.05,5.5341,5.122,0.152268074957983,-0.44424956471794
19.06,5.4778,5.034,0.152321232989196,-0.44404945139067
19.07,5.4216,4.9461,0.152487782328932,-0.443422448238896
19.08,5.3654,4.8623,0.152627577286915,-0.44289613322125
19.09,5.309,4.7801,0.15279973637455,-0.442247928550723
19.1,5.2528,4.698,0.153075903097239,-0.441208023425352
19.11,5.1967,4.6164,0.153315704201681,-0.440304956819068
19.12,5.141,4.5376,0.153647344201681,-0.439055886996394
19.13,5.0851,4.459,0.154073636830732,-0.437450071835263
19.14,5.0292,4.3812,0.154410325090036,-0.436181590500928
19.15,4.9731,4.3065,0.154763788955582,-0.434849716971523
19.16,4.9169,4.2328,0.155224728451381,-0.433112576711002
19.17,4.8606,4.1567,0.15606861214886,-0.429931379948874
19.18,4.8044,4.0796,0.156572916926771,-0.428029768040626
19.19,4.7483,4.0033,0.157020781512605,-0.426340646479113
19.2,4.6926,3.9324,0.157685439039616,-0.423833314278902
19.21,4.6367,3.8605,0.158464235966387,-0.42089453045282
19.22,4.5807,3.7868,0.158965947611044,-0.419000824895711
19.23,4.5248,3.7147,0.159489247587035,-0.417025216138854
19.24,4.4688,3.645,0.160058906410564,-0.414874103668734
19.25,4.4126,3.576,0.160944774981993,-0.411527932182007
19.26,4.3562,3.5071,0.16183501272509,-0.408164022672027
19.27,4.3003,3.4388,0.162886964945978,-0.404187452425093
19.28,4.2447,3.3713,0.163730667034814,-0.400996855343063
19.29,4.1888,3.3021,0.164720577527011,-0.397251927736738
19.3,4.133,3.233,0.165744931188475,-0.393375083601473
19.31,4.077,3.1646,0.166926329267707,-0.388901837023273
19.32,4.0212,3.0999,0.167981069771909,-0.3849063186111
19.33,3.965,3.0366,0.168926018487395,-0.381325226612938
19.34,3.9087,2.9705,0.170059872509004,-0.377026386786158
19.35,3.8527,2.9051,0.171183364993998,-0.372764839961253
19.36,3.7967,2.84,0.172528661896759,-0.36765935174026
19.37,3.7406,2.7755,0.173759670684274,-0.362985100422142
19.38,3.6846,2.7099,0.175142582617047,-0.357731214359711
19.39,3.6288,2.644,0.176372180408163,-0.353057261221913
19.4,3.5727,2.5785,0.177716640816327,-0.347943963801632
19.41,3.5166,2.5154,0.179103748331333,-0.342665480310537
19.42,3.4606,2.4528,0.180302755630252,-0.338100343075711
19.43,3.4046,2.3907,0.18187556302521,-0.332108542832775
19.44,3.3485,2.3296,0.183445470204082,-0.326123888982227
19.45,3.2925,2.2693,0.185248259111645,-0.319246651027993
19.46,3.2366,2.2069,0.187106059303722,-0.312154166982739
19.47,3.1809,2.1422,0.188815509771909,-0.3056231957063
19.48,3.1252,2.0805,0.190768098103241,-0.298157633578551
19.49,3.0692,2.0207,0.192488221848739,-0.291575856493872
19.5,3.0132,1.959,0.194394227995198,-0.284277327229531
19.51,2.9573,1.897,0.196336299063625,-0.276834739938889
19.52,2.9009,1.834,0.19832415394958,-0.269210460619896
19.53,2.8445,1.7729,0.200251321056423,-0.261812916007295
19.54,2.7885,1.7124,0.202348467515006,-0.253756143196874
19.55,2.7325,1.6506,0.204506661560624,-0.245457481669053
19.56,2.6767,1.5902,0.206714791596639,-0.236959072508283
19.57,2.6208,1.53,0.208821450804322,-0.22884389145488
19.58,2.5651,1.4686,0.210825743961585,-0.221116412994628
19.59,2.5093,1.4067,0.213080997118847,-0.21241363037962
19.6,2.4528,1.3437,0.215436419255702,-0.203315547316639
19.61,2.3965,1.2838,0.217726552893157,-0.194461055421051
19.62,2.3403,1.2248,0.220108731380552,-0.185241681488532
19.63,2.2844,1.164,0.222128587130852,-0.177417346525224
19.64,2.2287,1.1024,0.224346216662665,-0.168819270936415
19.65,2.1729,1.0424,0.226451763601441,-0.160648362723353
19.66,2.1173,0.984,0.228530633901561,-0.152573902605598
19.67,2.062,0.9262,0.230383824201681,-0.145370063553089
19.68,2.006,0.8655,0.232414229195678,-0.137470915009001
19.69,1.9493,0.8028,0.234672203601441,-0.128678518317331
19.7,1.8928,0.7399,0.236522924513805,-0.121465722684574
19.71,1.8364,0.68,0.238380200144058,-0.11422174473338
19.72,1.7803,0.6221,0.240282968739496,-0.106794466736065
19.73,1.7242,0.5632,0.242735809411765,-0.0972112681311671
19.74,1.6684,0.5017,0.244572628715486,-0.0900283789545237
19.75,1.6125,0.4384,0.246467264201681,-0.0826135834245209
19.76,1.5566,0.3781,0.24818626545018,-0.0758810293704851
19.77,1.5004,0.3192,0.249910324417767,-0.0691237721174857
19.78,1.4442,0.2579,0.251910234093637,-0.0612792009682365
19.79,1.3882,0.1965,0.253497166962785,-0.0550498120711467
19.8,1.3324,0.1362,0.254984041296519,-0.0492094146930178
19.81,1.2767,0.0766,0.256075965330132,-0.0449180386136269
19.82,1.2209,0.0164,0.25728527270108,-0.0401630276171337
19.83,1.1652,-0.046,0.258360538583433,-0.0359330322753704
19.84,1.1092,-0.1082,0.259373568067227,-0.0319461135946039
19.85,1.0529,-0.1644,0.260082972629052,-0.0291531385309446
19.86,0.9966,-0.2133,0.260560695558223,-0.0272718390499514
19.87,0.9407,-0.2572,0.261257315534214,-0.0245278309721969
19.88,0.8848,-0.2979,0.261528399327731,-0.0234598052807777
19.89,0.8291,-0.3344,0.261622237743097,-0.0230900688400492
19.9,0.7735,-0.3668,0.261747438559424,-0.0225967373619784
19.91,0.7174,-0.3992,0.26159238002401,-0.0232077140049012
19.92,0.6611,-0.4302,0.261799775030012,-0.0223905071106143
19.93,0.6047,-0.4604,0.261521428139256,-0.0234872721510242
19.94,0.5484,-0.488,0.260975258583433,-0.0256389593972771
19.95,0.4923,-0.5096,0.260059160240096,-0.0292469031215182
19.96,0.4366,-0.5228,0.258673265882353,-0.0347024322062076
19.97,0.381,-0.531,0.257942678751501,-0.0375770816326872
19.98,0.3255,-0.5346,0.256994635390156,-0.0413060383340745
19.99,0.2695,-0.5379,0.255924111548619,-0.0455149581763336
20,0.2132,-0.5405,0.254628370564226,-0.0506068115966557
20.01,0.1568,-0.5399,0.253161313661465,-0.0563685271082528
20.02,0.1005,-0.5377,0.251448195246098,-0.0630921180665187
20.03,0.0444,-0.536,0.2498454642497,-0.0693780731226496
20.038,-0.0004,-0.5347,0.248050853781513,-0.0764115526571628
20.04,-0.0115,-0.5345,0.246187045570228,-0.0837106121085468
20.042,-0.0224,-0.5344,0.244095081920768,-0.0918963613209359
20.052,-0.0619,-0.5238,0.241981423337335,-0.100159691289974
20.062,-0.0593,-0.4527,0.239707934837935,-0.109039683468834
20.072,-0.0253,-0.3723,0.237738614069628,-0.116724777524831
20.082,0.0336,-0.3229,0.235394853013205,-0.125862810982437
20.092,0.1081,-0.3157,0.232968687779112,-0.135312663039312
20.102,0.1898,-0.3497,0.230286023577431,-0.145750380267956
20.112,0.2728,-0.4076,0.228311900504202,-0.153423807762906
20.122,0.3542,-0.4628,0.225794873469388,-0.163198302373346
20.132,0.432,-0.4933,0.223387774837935,-0.172536270339069
20.142,0.5057,-0.4891,0.220951185354142,-0.181979063297155
20.152,0.5756,-0.4552,0.218642880768307,-0.190915821752124
20.162,0.6426,-0.3972,0.216306033421369,-0.199954300208046
20.172,0.7073,-0.3196,0.213927159327731,-0.209146264297532
20.182,0.7704,-0.2293,0.211285488115246,-0.219342974284978
20.192,0.8319,-0.1337,0.209104140456182,-0.227754383566385
20.202,0.8923,-0.0349,0.207068574069628,-0.235596745453908
20.212,0.9516,0.0699,0.204709718751501,-0.244676304154621
20.222,1.0101,0.1801,0.202875007683073,-0.25173218598477
20.232,1.0677,0.2904,0.201680822328932,-0.256321852461337
20.242,1.1248,0.399,0.199655220168067,-0.264101718903986
20.252,1.182,0.5058,0.197719929027611,-0.271528591038584
20.262,1.2391,0.6104,0.195481097863145,-0.280112863766516
20.272,1.2961,0.7076,0.193651653829532,-0.287121500208601
20.282,1.353,0.8,0.193326003265306,-0.288368514635021
20.292,1.4097,0.8897,0.191538900072029,-0.295208865996823
20.302,1.466,0.9789,0.190324389291717,-0.299854650223785
20.312,1.522,1.0691,0.188252883313325,-0.307773227592271
20.322,1.5778,1.1565,0.185950067034814,-0.316568017306767
20.332,1.634,1.2408,0.184108725378151,-0.323594316978658
20.342,1.6903,1.3211,0.182380096758703,-0.330185631679135
20.352,1.7466,1.3983,0.18042736062425,-0.337625787899921
20.362,1.8031,1.4786,0.178538452629052,-0.344817016945102
20.372,1.8594,1.5594,0.177018029387755,-0.350601302277902
20.382,1.9155,1.6377,0.175403494357743,-0.356739634504923
20.392,1.9709,1.7105,0.173760424105642,-0.362982238883158
20.402,2.0264,1.7827,0.172037536278511,-0.369523534786896
20.412,2.0824,1.8613,0.170770566098439,-0.374330867979468
20.422,2.1385,1.9443,0.169711026986795,-0.378349197935204
20.432,2.1949,2.0214,0.168666603313325,-0.382308477244617
20.442,2.2514,2.091,0.168270133013205,-0.383810998278006
20.452,2.3076,2.1581,0.167347777238895,-0.38730553683788
20.462,2.3635,2.2278,0.166377143913565,-0.390981544841776
20.472,2.4188,2.3008,0.165288169747899,-0.395103979459169
20.482,2.474,2.3732,0.164841451812725,-0.396794543514401
20.492,2.5297,2.4463,0.164340067226891,-0.398691616595591
20.502,2.5862,2.5188,0.163733460648259,-0.400986288988983
20.512,2.643,2.5876,0.163517061032413,-0.401804746524884
20.522,2.6997,2.6563,0.163166925090036,-0.403128860865657
20.532,2.7561,2.7231,0.162590140696279,-0.405309677094586
20.542,2.812,2.79,0.162578446482593,-0.405353887424826
20.552,2.8673,2.8574,0.162497203553421,-0.405661022886896
20.562,2.9227,2.9248,0.162892904921969,-0.404164993327371
20.572,2.9785,2.994,0.162520124897959,-0.405574370756765
20.582,3.0345,3.0635,0.162377581752701,-0.406113229274739
20.592,3.0908,3.1325,0.162543253733493,-0.405486933392791
20.602,3.1472,3.1999,0.162550634477791,-0.405459030695536
20.612,3.2038,3.2656,0.162040500216086,-0.407387378583081
20.622,3.2601,3.33,0.161979675438175,-0.407617273923702
20.632,3.3157,3.3933,0.161780674717887,-0.408369383229844
20.642,3.3713,3.4558,0.161471738583433,-0.409536863173949
20.652,3.4272,3.522,0.161557528403361,-0.409212675538455
20.662,3.4829,3.5897,0.161428511116447,-0.409700209322171
20.672,3.539,3.6557,0.161371293637455,-0.409916415855589
20.682,3.595,3.7206,0.161899747130852,-0.407919364806512
20.692,3.6515,3.7851,0.162366412436975,-0.406155451506252
20.702,3.7078,3.8507,0.162646147082833,-0.405097940284816
20.712,3.7638,3.9151,0.162898219783914,-0.404144897744202
20.722,3.8197,3.9781,0.163040053109244,-0.403608607220893
20.732,3.8755,4.0413,0.162221412052821,-0.40670356405902
20.742,3.9314,4.1059,0.16260688244898,-0.405246384017639
20.752,3.9872,4.1722,0.162902520048019,-0.404128638340354
20.762,4.0432,4.2381,0.163103133781513,-0.403370080768491
20.772,4.0995,4.3027,0.163189215510204,-0.403044570563338
20.782,4.1558,4.3675,0.161484193613445,-0.409489798084703
20.792,4.2119,4.4306,0.161162676446579,-0.410704670118323
20.802,4.2678,4.4924,0.160162078079232,-0.414484458662042
20.812,4.3238,4.5542,0.159706564081633,-0.416204657985088
20.822,4.3794,4.6174,0.159309769555822,-0.417702845741755
20.832,4.435,4.683,0.158528271068427,-0.420652852454201
20.842,4.4908,4.7499,0.158035433469388,-0.422512730124823
20.852,4.5467,4.8158,0.157467139447779,-0.424656896387466
20.862,4.6025,4.8818,0.157125359183673,-0.425946186736066
20.872,4.6587,4.9457,0.156483636686675,-0.428366451178954
20.882,4.7148,5.008,0.155747256758703,-0.431142927227441
20.892,4.771,5.0698,0.15542427270108,-0.432360452817021
20.902,4.8269,5.1322,0.155524865690276,-0.431981273370678
20.912,4.8828,5.1976,0.154820640048019,-0.434635480426436
20.922,4.9387,5.2635,0.154373603841537,-0.436319947276199
20.932,4.9948,5.3315,0.153995838463385,-0.437743154036199
20.942,5.051,5.398,0.153628277022809,-0.439127705154005
20.952,5.1074,5.4632,0.153902052821128,-0.438096451029022
20.962,5.1636,5.5274,0.153685627370948,-0.438911688463458
20.972,5.2197,5.5904,0.153925816230492,-0.438006933917917
20.982,5.2754,5.6543,0.153416088643457,-0.439926892671139
20.992,5.3312,5.7206,0.152907057719088,-0.441843824365014
21.002,5.3869,5.7877,0.152756336758703,-0.442411338925136
21.012,5.4424,5.8534,0.152396601056423,-0.443765720894322
21.022,5.4978,5.9193,0.152404347707083,-0.443736557366544
21.032,5.5542,5.9874,0.152325732196879,-0.444032513928774
21.042,5.6107,6.0559,0.151844152605042,-0.445845262728473
21.052,5.6673,6.1226,0.151356281488595,-0.447681326733036
21.062,5.7236,6.1874,0.15132339457383,-0.447805080718838
21.072,5.7795,6.2543,0.151840851236495,-0.445857688407297
21.082,5.8352,6.3221,0.151780511836735,-0.44608479063756
21.092,5.8906,6.3886,0.151563978055222,-0.44689972245186
21.102,5.9465,6.4552,0.151534515390156,-0.447010600508534
21.112,6.003,6.5261,0.151501328643457,-0.44713549194067
21.122,6.0596,6.5953,0.151479119855942,-0.447219069147376
21.132,6.116,6.662,0.151467100840336,-0.447264299381567
21.142,6.1721,6.7281,0.151883013877551,-0.445698995541581
21.152,6.2279,6.7951,0.151707276398559,-0.446360422698623
21.162,6.2833,6.8646,0.1517763115006,-0.446100599429317
21.172,6.3384,6.9355,0.150546556446579,-0.450727846902788
21.182,6.3942,7.0073,0.150964506410564,-0.449155473499254
21.192,6.4507,7.0804,0.151182321920768,-0.448335920321213
21.202,6.5071,7.1512,0.15138529214886,-0.447572157761231
21.212,6.5635,7.2191,0.151512037695078,-0.44709519083477
21.222,6.6196,7.2873,0.151809506362545,-0.445975663285761
21.232,6.6753,7.357,0.152173876590636,-0.444604163549024
21.242,6.7307,7.4278,0.152256984057623,-0.444291315842047
21.252,6.7861,7.4973,0.152386097911164,-0.443805261545987
21.262,6.842,7.5683,0.152424849267707,-0.443659375453599
21.272,6.8985,7.6417,0.153107437406963,-0.441089273520204
21.282,6.955,7.7151,0.153134267947179,-0.440988235555518
21.29,7.0001,7.773,0.153782818055222,-0.438545596885054
21.292,7.0114,7.7874,0.153197693877551,-0.440749382882469
21.294,7.0225,7.8017,0.152825753709484,-0.442149965394918
21.304,7.0624,7.8616,0.152752050660264,-0.442427476995642
21.314,7.06,7.8548,0.152631952364946,-0.442879660969387
21.324,7.0257,7.807,0.152314093493397,-0.44407632826683
21.334,6.9667,7.7344,0.152278744441777,-0.444209399814537
21.344,6.8916,7.6448,0.152259523217287,-0.444281757322919
21.354,6.8093,7.5415,0.152296836926771,-0.444141290875281
21.364,6.726,7.419,0.152272709867947,-0.444232116781109
21.374,6.6446,7.2734,0.152188397310924,-0.44454950287966
21.384,6.5671,7.1119,0.151905852244898,-0.445613034736839
21.394,6.4938,6.9432,0.151816932244898,-0.445947714114636
21.404,6.424,6.7777,0.151526458151261,-0.447040922411714
21.414,6.3571,6.6199,0.151591353805522,-0.446796696959411
21.424,6.2926,6.4703,0.151179746170468,-0.448345612275879
21.434,6.2297,6.3268,0.150117919039616,-0.452340146144425
21.444,6.168,6.1923,0.149492141080432,-0.454693468524795
21.454,6.1078,6.0683,0.148889318319328,-0.456959890644648
21.464,6.0488,5.9555,0.148509622232893,-0.458387138231506
21.474,5.9905,5.8511,0.148172593709484,-0.459653814675974
21.484,5.9325,5.7512,0.148089273421369,-0.459966935659661
21.494,5.875,5.6527,0.148394637791116,-0.458819311592684
21.504,5.8175,5.5537,0.147671183193277,-0.46153797314292
21.514,5.7603,5.459,0.147710963553421,-0.461388504056739
21.524,5.7033,5.3669,0.147965312845138,-0.460432764574418
21.534,5.6467,5.2757,0.148431533637455,-0.458680639394694
21.544,5.5903,5.1874,0.14875764244898,-0.457454875141627
21.554,5.5341,5.0998,0.148301527106843,-0.459169256601092
21.564,5.4778,5.0145,0.14841720667467,-0.45873448720845
21.574,5.4216,4.93,0.148902024345738,-0.456912125831998
21.584,5.3653,4.8473,0.148889574309724,-0.456958928321611
21.594,5.309,4.7677,0.149483534309724,-0.4547258312132
21.604,5.2528,4.6881,0.149318157022809,-0.455347651152379
21.614,5.1967,4.6055,0.149472014837935,-0.45476914589438
21.624,5.1407,4.521,0.149548571476591,-0.454481279322084
21.634,5.085,4.4418,0.149707541128451,-0.453883496141525
21.644,5.029,4.3682,0.149832454981993,-0.453413747542606
21.654,4.9731,4.2954,0.151962885858343,-0.44539836369637
21.664,4.9169,4.2194,0.15261141997599,-0.442956965546006
21.674,4.8608,4.1416,0.153206207683073,-0.440717320674185
21.684,4.8046,4.0662,0.154138597070828,-0.437205346249522
21.694,4.7484,3.9917,0.155050750636255,-0.43376828482514
21.704,4.6924,3.9201,0.155964122304922,-0.430325336476502
21.714,4.6364,3.8496,0.157070140312125,-0.426154470623597
21.724,4.5806,3.7779,0.158271628667467,-0.421621420512313
21.734,4.5247,3.7052,0.159166152076831,-0.418245045581668
21.744,4.4689,3.6321,0.160478745306122,-0.413288408336478
21.754,4.4129,3.5626,0.161537191788715,-0.409289525777888
21.764,4.3567,3.4955,0.162809801728691,-0.404479202167355
21.774,4.3004,3.4269,0.163428951932773,-0.402137968079169
21.784,4.2443,3.357,0.164803273613445,-0.396939011004223
21.794,4.1885,3.2867,0.166292384057623,-0.391302479504443
21.804,4.1327,3.22,0.166964484753902,-0.388757328605952
21.814,4.0769,3.1547,0.168640357647059,-0.382407949228892
21.824,4.0212,3.0896,0.170393582280912,-0.375760791083929
21.834,3.9655,3.0225,0.17174053214886,-0.370650699947212
21.844,3.9092,2.9531,0.173030101368547,-0.36575562865121
21.854,3.8526,2.8853,0.175075908331333,-0.357984588890372
21.864,3.7963,2.8201,0.176387981848739,-0.352997181200763
21.874,3.7402,2.7577,0.178036284273709,-0.346727865422236
21.884,3.6844,2.6959,0.179080982136855,-0.342752139051351
21.894,3.6287,2.6327,0.180152464681873,-0.338672689956737
21.904,3.573,2.5669,0.182475747370948,-0.329821036546468
21.914,3.5171,2.5009,0.183247999135654,-0.326876884276995
21.924,3.4608,2.4387,0.183624398271308,-0.325441548409075
21.934,3.4045,2.3785,0.185152596110444,-0.31961171344897
21.944,3.3483,2.3155,0.18678634482593,-0.313375124142372
21.954,3.2923,2.2502,0.189175426506603,-0.304247539020906
21.964,3.2365,2.1858,0.190705105834334,-0.298398574007235
21.974,3.1808,2.1242,0.193877267611044,-0.286257457760982
21.984,3.1253,2.0632,0.19527869210084,-0.28088854684666
21.994,3.0697,2.0014,0.196080743433373,-0.277814448071872
22.004,3.0136,1.9396,0.198288651236495,-0.269346684174879
22.014,2.9572,1.8787,0.200035246866747,-0.262642625198982
22.024,2.9006,1.817,0.204013648787515,-0.247353866597576
22.034,2.8443,1.7549,0.204901788667467,-0.243937334691869
22.044,2.7882,1.6957,0.205681951308523,-0.240935129605725
22.054,2.7325,1.6376,0.207121597743097,-0.235392547333424
22.064,2.6768,1.577,0.20849589877551,-0.230098435001234
22.074,2.6212,1.5141,0.21080632907563,-0.221191297395412
22.084,2.5652,1.451,0.211791889795918,-0.217389162484451
22.094,2.5089,1.3906,0.212291199615846,-0.215462308008596
22.104,2.4525,1.3295,0.213449565858343,-0.21099058308693
22.114,2.3963,1.2693,0.21450144422569,-0.206928065545402
22.124,2.3402,1.2092,0.214675106794718,-0.206257181973569
22.134,2.2845,1.1491,0.216404857382953,-0.199572246860279
22.144,2.229,1.0896,0.218054929987995,-0.193190734582226
22.154,2.1738,1.0284,0.219763723313325,-0.186577481440936
22.164,2.1177,0.9681,0.221587243937575,-0.179515001789688
22.174,2.0612,0.9078,0.223582558655462,-0.171780986544977
22.184,2.0048,0.8457,0.225149522785114,-0.165702764555381
22.194,1.9485,0.7838,0.227306967154862,-0.157327551156406
22.204,1.8922,0.7236,0.229405639231693,-0.149173223738542
22.214,1.8362,0.6657,0.23164554727491,-0.140462209527895
22.224,1.7806,0.6078,0.23422745214886,-0.130411008722637
22.234,1.7248,0.5481,0.236625677310924,-0.121065101033327
22.244,1.669,0.4865,0.238836111452581,-0.112442678681156
22.254,1.6128,0.4258,0.24106912244898,-0.103724055892143
22.264,1.5567,0.3648,0.243383972388956,-0.0946772576323954
22.274,1.5004,0.3044,0.245600626842737,-0.0860059659071215
22.284,1.4443,0.2427,0.247955641392557,-0.0767845628901349
22.294,1.3885,0.1799,0.250048834477791,-0.0685806844778701
22.304,1.333,0.118,0.253036029915966,-0.0568604011169591
22.314,1.2772,0.0572,0.255282159663866,-0.0480379742320002
22.324,1.2213,-0.0024,0.257336742569028,-0.0399605936826805
22.334,1.1651,-0.0592,0.259477825738295,-0.031535696295802
22.344,1.1089,-0.1165,0.261421023145258,-0.0238828644463679
22.354,1.0526,-0.171,0.261943364417767,-0.0218246741509577
22.364,0.9965,-0.221,0.263274739687875,-0.0165765802499464
22.374,0.9405,-0.2644,0.2640022715006,-0.013707505509597
22.384,0.8849,-0.3043,0.264673064537815,-0.0110614031129552
22.394,0.8292,-0.3428,0.264755408019208,-0.0107365280375282
22.404,0.7733,-0.3785,0.263940565282113,-0.0139508826912832
22.414,0.7171,-0.4117,0.263220171764706,-0.0167917373020485
22.424,0.6609,-0.4419,0.264083062953181,-0.0133888441470333
22.434,0.6046,-0.4697,0.263671039231693,-0.0150138534047645
22.444,0.5484,-0.4938,0.263434122593037,-0.0159481175373277
22.454,0.4925,-0.5112,0.262176263193277,-0.0209068328155687
22.464,0.4369,-0.5232,0.261778296230492,-0.0224751442101706
22.474,0.3811,-0.5337,0.259510447394958,-0.0314072752534079
22.484,0.3249,-0.5403,0.258605640816326,-0.0349685545216287
22.494,0.2688,-0.5406,0.257741647923169,-0.0383679245091881
22.504,0.2127,-0.5381,0.256137373589436,-0.0446766390330614
22.514,0.1565,-0.5381,0.254668178535414,-0.0504504202270493
22.524,0.1005,-0.538,0.250148371236495,-0.068190388693603
22.534,0.0447,-0.5364,0.248118330228091,-0.0761471935012552
22.542,0,-0.5349,0.245549617959184,-0.0862055975556343
22.544,-0.0111,-0.5344,0.242635048451381,-0.0976051337876006
22.548,-0.0334,-0.5342,0.240179367731092,-0.10719901637275
22.558,-0.073,-0.5236,0.236248513421369,-0.122535536101734
22.568,-0.0706,-0.4525,0.233089624201681,-0.134841846532648
22.578,-0.0365,-0.3705,0.229844282833133,-0.147467980617967
22.588,0.0225,-0.3202,0.226451866842737,-0.160647961902431
22.598,0.0972,-0.3158,0.223061459495798,-0.173801436035541
22.608,0.179,-0.3535,0.221616229051621,-0.179402699171843
22.618,0.2618,-0.4104,0.218669853733493,-0.190811443905815
22.628,0.3431,-0.4623,0.216181941512605,-0.200434017062339
22.638,0.4209,-0.4982,0.213356476398559,-0.211350023032416
22.648,0.4945,-0.5029,0.210543909579832,-0.222203405855757
22.658,0.5645,-0.4729,0.208284687683073,-0.230912264458345
22.668,0.6315,-0.4149,0.206130515822329,-0.239208530861955
22.678,0.6963,-0.3376,0.204262896662665,-0.246395177666766
22.688,0.7591,-0.2494,0.20200690727491,-0.255068822220791
22.698,0.8206,-0.1564,0.199594430588235,-0.264335096054996
22.708,0.8809,-0.0601,0.197634870204082,-0.271854875404129
22.718,0.9403,0.0405,0.19571754242497,-0.279206650439109
22.728,0.9987,0.146,0.193703063865546,-0.286924620199599
22.738,1.0566,0.2561,0.191922955438175,-0.293739277084005
22.748,1.114,0.3645,0.191149127202881,-0.296700092947444
22.758,1.171,0.4686,0.189855462328932,-0.301647776383713
22.768,1.2278,0.5712,0.188239409507803,-0.307824710494747
22.778,1.2846,0.6705,0.187438430444178,-0.310884703327574
22.788,1.3415,0.7667,0.185908269627851,-0.316727569927545
22.798,1.3981,0.8574,0.184769874621849,-0.321072083192512
22.808,1.4546,0.9455,0.182863370804322,-0.328343369105155
22.818,1.5109,1.0346,0.180963686962785,-0.335582921569657
22.828,1.5672,1.1231,0.178303731476591,-0.34571022622448
22.838,1.6231,1.2076,0.176565765666267,-0.35232118687288
22.848,1.679,1.2864,0.173429846482593,-0.364237706477758
22.858,1.7352,1.3667,0.171874183721489,-0.370143493870543
22.868,1.7915,1.4487,0.170653467226891,-0.374775055196108
22.878,1.8478,1.5291,0.170346529027611,-0.375939251334985
22.888,1.904,1.6078,0.169208243697479,-0.380255400104658
22.898,1.9601,1.6835,0.167485148379352,-0.386785161964658
22.908,2.0162,1.7589,0.167320933253301,-0.387407220938976
22.918,2.0716,1.8351,0.168536084609844,-0.38280313697584
22.928,2.1272,1.9097,0.168803908523409,-0.381788068125419
22.938,2.1833,1.9834,0.168986447587035,-0.381096169525621
22.948,2.2397,2.056,0.169388271452581,-0.379572906521638
22.958,2.2961,2.1276,0.169393458487395,-0.379553241477721
22.968,2.3524,2.1997,0.169489839519808,-0.379187834813756
22.978,2.4083,2.2736,0.169426064345738,-0.379429625447409
22.988,2.4642,2.3466,0.16919710482593,-0.380297626413106
22.998,2.5197,2.4172,0.168906431308523,-0.381399470774403
23.008,2.5749,2.4858,0.168268686770708,-0.383816478715791
23.018,2.6307,2.5541,0.168475502905162,-0.383032729698288
23.028,2.6873,2.6253,0.168548974117647,-0.382754287538451
23.038,2.744,2.6949,0.168969601872749,-0.381160023944798
23.048,2.8004,2.7635,0.168902877070828,-0.381412942859129
23.058,2.8566,2.8315,0.16760614304922,-0.386326798205699
23.068,2.9124,2.8991,0.167686973013205,-0.386020577497245
23.078,2.9679,2.9639,0.167670539879952,-0.386082834518265
23.088,3.0232,3.0288,0.167998107563025,-0.384841762535556
23.098,3.0792,3.0974,0.167931085618247,-0.385095705605076
23.108,3.1356,3.1667,0.167440865162065,-0.386952914211536
23.118,3.1921,3.2347,0.167101460744298,-0.388238532939946
23.128,3.2487,3.3006,0.16623609757503,-0.391515596386225
23.138,3.3048,3.367,0.165841348715486,-0.393010090142155
23.148,3.3609,3.4341,0.165627227322929,-0.393820637844373
23.158,3.4165,3.4987,0.16463556364946,-0.397573603686043
23.168,3.4718,3.5623,0.164375378631453,-0.398558022822678
23.178,3.5276,3.6279,0.163064821944778,-0.403514949758757
23.188,3.5836,3.6936,0.163345181752701,-0.402454768928853
23.198,3.6398,3.7588,0.163388523601441,-0.402290860725204
23.208,3.6962,3.8232,0.162643783769508,-0.40510687508679
23.218,3.7525,3.8871,0.162724730708283,-0.404800840076548
23.228,3.8087,3.9528,0.163232431980792,-0.402881147053194
23.238,3.8645,4.0177,0.16321261695078,-0.402956078147322
23.248,3.9203,4.0802,0.162264635534214,-0.406540179427713
23.258,3.976,4.1431,0.161150871836735,-0.410749271477024
23.268,4.032,4.2077,0.160830760144058,-0.411958666563964
23.278,4.0881,4.2723,0.158768659255702,-0.419745534634274
23.288,4.1443,4.3357,0.157375821320528,-0.425001391613802
23.298,4.2007,4.399,0.156076847202881,-0.429900330722813
23.308,4.2567,4.4644,0.154524753757503,-0.435750437532559
23.318,4.3127,4.5305,0.152508676782713,-0.443343784492859
23.328,4.3683,4.5948,0.151913521008403,-0.44558417027291
23.338,4.4239,4.658,0.150812220408163,-0.449728421456889
23.348,4.4797,4.7232,0.151488173205282,-0.447184999228178
23.358,4.5357,4.7881,0.150518722593037,-0.450832551273462
23.368,4.5918,4.8513,0.149664482641056,-0.454045415440952
23.378,4.6478,4.9148,0.149005673709484,-0.456522475202465
23.388,4.7038,4.9798,0.148345909291717,-0.459002453315429
23.398,4.7598,5.0445,0.15027286184874,-0.451757369020185
23.408,4.8157,5.1088,0.15034694362545,-0.451478716503915
23.418,4.8716,5.1735,0.149050957887155,-0.456352232477997
23.428,4.9275,5.2394,0.149130634861945,-0.45605268470236
23.438,4.9836,5.3053,0.149255569267707,-0.455582970559272
23.448,5.0398,5.3687,0.149082093877551,-0.456235177038057
23.458,5.0961,5.4321,0.149412885762305,-0.454991475511855
23.468,5.1523,5.4972,0.149826164417767,-0.453437404294193
23.478,5.2083,5.5649,0.150120728787515,-0.452329578339147
23.488,5.2641,5.6306,0.150574850228091,-0.450621411160038
23.498,5.3198,5.695,0.15130328182473,-0.447880764487819
23.508,5.3757,5.7609,0.152097924369748,-0.444890066842579
23.518,5.4315,5.8286,0.152379765138055,-0.443829102128954
23.528,5.4873,5.8943,0.152975307611044,-0.441586829205747
23.538,5.5432,5.9583,0.152851844801921,-0.442051723463626
23.548,5.5994,6.0233,0.153222892581032,-0.440654486556887
23.558,5.6558,6.0898,0.153991940744298,-0.437757837285598
23.568,5.7121,6.1567,0.153700424201681,-0.438855953666835
23.578,5.7681,6.223,0.153982958415366,-0.437791674876859
23.588,5.8238,6.2911,0.153275181944778,-0.44045756579776
23.598,5.8789,6.3602,0.153925463481393,-0.438008262735361
23.608,5.9347,6.4297,0.154864590204082,-0.43446985607204
23.618,5.9912,6.4986,0.155034139447779,-0.433830888569145
23.628,6.048,6.5661,0.155730183865546,-0.431207289527921
23.638,6.1047,6.6337,0.155756784153661,-0.431107010150083
23.648,6.1608,6.7014,0.156285344441777,-0.429114183169718
23.658,6.2168,6.7696,0.156786345306122,-0.427224861739806
23.668,6.2725,6.8379,0.157070958223289,-0.426151385522462
23.678,6.3278,6.9057,0.157975766962785,-0.422737874758494
23.688,6.3831,6.9747,0.158663368067227,-0.420142955316607
23.698,6.4393,7.0451,0.158845679471789,-0.41945481154544
23.708,6.4958,7.1169,0.157973027611044,-0.422748211250948
23.718,6.5522,7.1887,0.157423973205282,-0.424819741517906
23.728,6.6084,7.258,0.157010378823529,-0.426379883771314
23.738,6.6642,7.3263,0.156439040288115,-0.428534623222358
23.748,6.7198,7.3963,0.155738625834334,-0.431175464601784
23.758,6.7752,7.4678,0.157026342569028,-0.426319670987731
23.768,6.8308,7.5398,0.155303906602641,-0.432814145160233
23.778,6.887,7.6116,0.15547837939976,-0.432156502707305
23.788,6.9436,7.6833,0.154376889555822,-0.436307567585562
23.798,7,7.7554,0.152159351356543,-0.444658840882205
23.8,7.0113,7.7698,0.150703500984394,-0.450137436193201
23.802,7.0225,7.7843,0.14998329214886,-0.452846479987148
23.804,7.0336,7.7985,0.148622094405762,-0.457964387508053
23.814,7.0737,7.8587,0.147571272412965,-0.461913362985369
23.824,7.0721,7.8505,0.14683018972389,-0.464697313879705
23.834,7.0422,7.81,0.146489855318127,-0.465975529090027
23.844,6.9874,7.7467,0.146048034189676,-0.467634636942953
23.854,6.915,7.6615,0.145344062761104,-0.47027753649664
23.864,6.8341,7.557,0.144980045714286,-0.471643854533417
23.874,6.7511,7.4351,0.14465599759904,-0.472859979010846
23.884,6.6698,7.2934,0.144294421608643,-0.474216750746771
23.894,6.5917,7.1335,0.144491678943577,-0.473476590651275
23.904,6.518,6.9664,0.144337550588235,-0.474054924894336
23.914,6.4478,6.801,0.144202794333733,-0.474560539320421
23.924,6.3807,6.6425,0.144416655222089,-0.473758105976278
23.934,6.3156,6.4918,0.144416077262905,-0.473760274648144
23.944,6.2525,6.3477,0.144358089891957,-0.473977857596503
23.954,6.1911,6.2146,0.144395977719088,-0.473835693692974
23.964,6.1309,6.093,0.144566694165666,-0.473195098520813
23.974,6.0715,5.9782,0.144742076062425,-0.472536949835189
23.984,6.0132,5.8699,0.145075947322929,-0.471283912979905
23.994,5.9552,5.7661,0.145027743577431,-0.471464834882531
24.004,5.8976,5.667,0.145303854933974,-0.470428464438604
24.014,5.8401,5.569,0.146219422136855,-0.466991084093509
24.024,5.7827,5.4733,0.146571350396158,-0.46566946925264
24.034,5.7257,5.3819,0.146832295894358,-0.464689403045418
24.044,5.669,5.2941,0.147612384009604,-0.461758898284686
24.054,5.6127,5.2059,0.148512535078031,-0.458376189927142
24.064,5.5565,5.1179,0.149584685042017,-0.454345482741133
24.074,5.5003,5.0305,0.14990589090036,-0.453137574567765
24.084,5.444,4.9433,0.149208307466987,-0.455760662937585
24.094,5.3877,4.8601,0.149927594237695,-0.453055952482209
24.104,5.3314,4.7779,0.150457541992797,-0.451062693989947
24.114,5.2751,4.697,0.151216594093637,-0.448206961054484
24.124,5.219,4.6163,0.152868679855942,-0.441988333137157
24.134,5.1632,4.535,0.154363313133253,-0.436358719797778
24.144,5.1073,4.4567,0.155578500072029,-0.431779095238857
24.154,5.0516,4.3808,0.157197554813926,-0.425673859871363
24.164,4.9955,4.3055,0.157789343913565,-0.423441284735324
24.174,4.9394,4.2296,0.159354405666266,-0.417534324240645
24.184,4.8831,4.1512,0.161827615318127,-0.408191980089631
24.194,4.8268,4.0763,0.163678331236495,-0.401194804086957
24.204,4.7707,4.0049,0.16557259817527,-0.394027422734188
24.214,4.7147,3.9344,0.167222570660264,-0.387779805430649
24.224,4.6589,3.862,0.16906705032413,-0.380790635150833
24.234,4.6031,3.7875,0.168228783769508,-0.383967687136565
24.244,4.5471,3.7157,0.169282262280912,-0.379974798374117
24.254,4.4913,3.6457,0.169051751932773,-0.380848626328206
24.264,4.4351,3.5748,0.170201922593037,-0.376487682627929
24.274,4.3789,3.5039,0.171299886098439,-0.372322747409414
24.284,4.3226,3.4337,0.172006067803121,-0.369642967873497
24.294,4.2665,3.3666,0.17256650487395,-0.367515694060772
24.304,4.2108,3.2998,0.173477303769508,-0.364057483780541
24.314,4.1551,3.2317,0.174032305738295,-0.36194955800206
24.324,4.0995,3.1646,0.174579355630252,-0.359871360096813
24.334,4.0438,3.0978,0.174962109435774,-0.358417029417643
24.344,3.9877,3.0312,0.17574714304922,-0.355433454027724
24.354,3.9314,2.9645,0.176260389435774,-0.35348230008453
24.364,3.8749,2.8993,0.177024905210084,-0.35057515216654
24.374,3.8187,2.8336,0.17713981027611,-0.350138134454068
24.384,3.7628,2.7684,0.177954643169268,-0.347038488126582
24.394,3.7071,2.7036,0.179516415270108,-0.34109453582858
24.404,3.6516,2.6397,0.18059142545018,-0.337000913460389
24.414,3.5956,2.5759,0.181606689603842,-0.333133125886362
24.424,3.5395,2.5105,0.182741106026411,-0.328809482910475
24.434,3.4831,2.4462,0.183849774213685,-0.324582007131966
24.444,3.4268,2.3837,0.186056811140456,-0.316160532044591
24.454,3.3707,2.3232,0.187413109963986,-0.31098141894522
24.464,3.3148,2.2613,0.188375209555822,-0.30730581044389
24.474,3.259,2.1978,0.19015264302521,-0.300511430011547
24.484,3.2036,2.1356,0.190781399519808,-0.298106755908844
24.494,3.1477,2.0744,0.19297131030012,-0.289726548960574
24.504,3.0919,2.0125,0.195136504777911,-0.281433414687656
24.514,3.0358,1.9495,0.197966212052821,-0.270583787877211
24.524,2.9796,1.887,0.199891848019208,-0.263193225119644
24.534,2.9232,1.8266,0.202562409651861,-0.252933828884547
24.544,2.8669,1.7664,0.205087584969988,-0.24322244598581
24.554,2.811,1.7052,0.206751425066026,-0.236818015592995
24.564,2.7552,1.646,0.209529860648259,-0.226113382226048
24.574,2.6992,1.5858,0.2120961527491,-0.216215048684502
24.584,2.6433,1.5247,0.213680908043217,-0.210097256829319
24.594,2.5873,1.4639,0.216978499639856,-0.197354234607925
24.604,2.5311,1.4025,0.220379979111645,-0.184191330909135
24.614,2.475,1.342,0.224224248739496,-0.169292366006593
24.624,2.4188,1.2804,0.227039286914766,-0.158367099056166
24.634,2.3629,1.2176,0.226847689795918,-0.159111103236952
24.644,2.3072,1.1575,0.230993352653061,-0.142999442279744
24.654,2.2512,1.0992,0.23372076667467,-0.132384363698551
24.664,2.1952,1.0406,0.237540073085234,-0.117499212863062
24.674,2.1393,0.9794,0.24125732547419,-0.102988857520682
24.684,2.0832,0.9186,0.244628888739496,-0.0898082863249253
24.694,2.0271,0.8592,0.248222570468187,-0.0757387864331152
24.704,1.9709,0.7987,0.251499951068427,-0.0628890595820231
24.714,1.9151,0.7358,0.254573857286915,-0.0508209706304573
24.724,1.8594,0.6738,0.257004881488595,-0.0412657451317191
24.734,1.8034,0.6146,0.259707931140456,-0.0306298070885188
24.744,1.7472,0.5564,0.262464000336134,-0.0197727518567812
24.754,1.6913,0.4959,0.264712945594238,-0.0109040592065332
24.764,1.6352,0.4343,0.266504864105642,-0.00383161444739492
24.774,1.5791,0.3734,0.267448081872749,-0.000106717989860213
24.784,1.523,0.3138,0.268704899783914,0.00485893642976761
24.794,1.467,0.253,0.269860490180072,0.00942697215391254
24.804,1.411,0.1915,0.270747627755102,0.0129353316498986
24.814,1.3552,0.1312,0.271939405186075,0.0176505215364997
24.824,1.2992,0.0707,0.272643308187275,0.020436584745098
24.834,1.2434,0.0101,0.27310343879952,0.0222582400843146
24.844,1.1873,-0.0507,0.273149434141657,0.022440354966239
24.854,1.1313,-0.1098,0.273292589435774,0.023007189596798
24.864,1.0752,-0.1661,0.273088060696278,0.0221973525038856
24.874,1.0193,-0.2174,0.273157468139256,0.0224721653013726
24.884,0.9633,-0.2621,0.272730815798319,0.0207829997355007
24.894,0.9071,-0.2998,0.270954902617047,0.0137552304352129
24.904,0.8513,-0.3334,0.269442858679472,0.00777582203423785
24.914,0.7955,-0.367,0.268414818391357,0.00371259833151984
24.924,0.7396,-0.3999,0.267086137671068,-0.00153626088192496
24.934,0.6834,-0.4305,0.265836595390156,-0.00646980102024851
24.944,0.6275,-0.4597,0.263471289363746,-0.0158015591671643
24.954,0.5715,-0.487,0.261211869051621,-0.0247068707009752
24.964,0.5153,-0.5095,0.260221217190876,-0.0286087627457418
24.974,0.459,-0.5256,0.258335877310924,-0.0360300689087741
24.984,0.4029,-0.534,0.256763267947179,-0.0422158539460656
24.994,0.3471,-0.5369,0.25489579452581,-0.0495561475072768
25.004,0.2911,-0.5383,0.252403496662665,-0.0593433808785856
25.014,0.2352,-0.5363,0.249224136278511,-0.0718137977073279
25.024,0.1791,-0.5342,0.245994814837935,-0.0844631019370459
25.034,0.123,-0.534,0.241641310684274,-0.101488673090834
25.044,0.0669,-0.5353,0.2382131442497,-0.114873548237426
25.054,0.011,-0.536,0.234108637695078,-0.130873785311372
25.056,-0.0002,-0.5359,0.22943521517407,-0.149058256034774
25.058,-0.0113,-0.5359,0.225081172965186,-0.165967975327385
25.06,-0.0224,-0.5363,0.222762831692677,-0.174959102192621
25.07,-0.0621,-0.527,0.218545515966387,-0.191292586560416
25.08,-0.0596,-0.4562,0.214324523841537,-0.207611484458618
25.09,-0.0253,-0.3747,0.210550095558223,-0.222179548839753
25.1,0.0338,-0.3233,0.206277977286915,-0.238640856808105
25.11,0.1084,-0.3171,0.207034201728691,-0.235729113488313
25.12,0.1903,-0.3537,0.204657591548619,-0.24487684805192
25.13,0.2733,-0.4109,0.203556493493397,-0.249111976563647
25.14,0.3545,-0.4638,0.201765799087635,-0.255995332947822
25.15,0.4322,-0.4987,0.1993709442497,-0.265193031191169
25.16,0.5059,-0.5041,0.19819980845138,-0.269687564225168
25.17,0.5758,-0.476,0.196866477503001,-0.274801894490425
25.18,0.6427,-0.4171,0.19537957695078,-0.280501932272348
25.19,0.7075,-0.3383,0.194166994717887,-0.285147758871851
25.2,0.7704,-0.2499,0.193014186698679,-0.28956239615902
25.21,0.8321,-0.1569,0.19186336729892,-0.293967306649509
25.22,0.8923,-0.0606,0.190164570132053,-0.300465820738213
25.23,0.9514,0.0405,0.189161505066026,-0.304300752718133
25.24,1.0098,0.1454,0.188191334453782,-0.30800840111243
25.25,1.0676,0.2521,0.187299904441777,-0.311413813069501
25.26,1.125,0.3591,0.186673850516206,-0.31380468992408
25.27,1.1821,0.4651,0.185716506266507,-0.317459549845436
25.28,1.2393,0.5696,0.185182251284514,-0.319498547009619
25.29,1.2962,0.67,0.184904917406963,-0.320556820111824
25.3,1.3528,0.7656,0.184275751116447,-0.322957191944425
25.31,1.4093,0.8567,0.183618280864346,-0.325464877922469
25.32,1.4657,0.9452,0.183138826698679,-0.327293153347313
25.33,1.5219,1.031,0.182443727971189,-0.329943087741158
25.34,1.578,1.1183,0.182330965570228,-0.330372901299622
25.35,1.6344,1.2028,0.181271960384154,-0.334408502696604
25.36,1.6906,1.2818,0.180430156878751,-0.337615138149204
25.37,1.7469,1.3598,0.180511398223289,-0.337305718833756
25.38,1.8028,1.4428,0.179887504681873,-0.339681639375998
25.39,1.8589,1.5281,0.178696129267707,-0.344216944485087
25.4,1.915,1.608,0.177967076014406,-0.346991185134081
25.41,1.9708,1.6814,0.177282260072029,-0.349596327133287
25.42,2.0268,1.7544,0.176017639663866,-0.354405187699052
25.43,2.083,1.8305,0.175605186794718,-0.355973040659887
25.44,2.1392,1.9087,0.175182303289316,-0.357580265181662
25.45,2.1951,1.9843,0.173952125858343,-0.362254115236335
25.46,2.2507,2.0556,0.175085257671068,-0.357949060104463
25.47,2.3062,2.1255,0.173079973157263,-0.365566267970786
25.48,2.3619,2.1974,0.171272075726291,-0.372428264640154
25.49,2.4186,2.2706,0.16866346482593,-0.382320372277448
25.5,2.4752,2.3423,0.167159622569028,-0.388018236515272
25.51,2.5315,2.4121,0.167987959183673,-0.384880214731247
25.52,2.5875,2.48,0.165503676926771,-0.394288300107654
25.53,2.6435,2.5485,0.163858346170468,-0.400513918880773
25.54,2.6993,2.6199,0.162306065690276,-0.40638357082042
25.55,2.7551,2.692,0.160685564657863,-0.4125071683138
25.56,2.8111,2.7617,0.158580373061224,-0.420456207067538
25.57,2.8671,2.8278,0.157479301560624,-0.424611014157119
25.58,2.9231,2.8949,0.156577994381753,-0.428010620166697
25.59,2.979,2.9623,0.155556781752701,-0.431860964331274
25.6,3.0351,3.0287,0.155117818055222,-0.433515518802291
25.61,3.091,3.0937,0.154483802112845,-0.435904740569423
25.62,3.1469,3.1604,0.153669086002401,-0.438973993957587
25.63,3.2031,3.2286,0.152942810708283,-0.441709197286696
25.64,3.2594,3.2954,0.152639928931573,-0.442849628968052
25.65,3.3155,3.3618,0.152700703529412,-0.442620807624714
25.66,3.3715,3.428,0.152393719663866,-0.44377656834199
25.67,3.4275,3.4954,0.152155053061225,-0.444675020890813
25.68,3.4833,3.5609,0.151814241152461,-0.445957842726013
25.69,3.5392,3.6239,0.151305392412965,-0.447872822426862
25.7,3.5949,3.6869,0.150730644801921,-0.450035319807563
25.71,3.6511,3.7527,0.150379355822329,-0.45135679801128
25.72,3.7074,3.8192,0.150842027226891,-0.449616281639064
25.73,3.7637,3.8833,0.150744198511405,-0.449984329653403
25.74,3.8198,3.9458,0.150252429195678,-0.451834223268048
25.75,3.8758,4.0103,0.150225971812725,-0.451933737638584
25.76,3.9316,4.0746,0.150451909531813,-0.451083881294541
25.77,3.9874,4.1388,0.151026179111645,-0.448923431113743
25.78,4.0432,4.2024,0.151293259543818,-0.447918477844416
25.79,4.0995,4.2669,0.151277363409364,-0.447978293907034
25.8,4.1558,4.3333,0.15130449027611,-0.447876217133398
25.81,4.2119,4.3971,0.151532415270108,-0.447018503925055
25.82,4.2679,4.4627,0.151408065162065,-0.447486460539386
25.83,4.3237,4.5292,0.151975258391357,-0.44535179357045
25.84,4.3794,4.5942,0.151826683121248,-0.445911014115317
25.85,4.435,4.6558,0.151706848931573,-0.44636203150741
25.86,4.4908,4.7177,0.152034146362545,-0.445130136409263
25.87,4.5469,4.7818,0.151079588667467,-0.448722473888553
25.88,4.603,4.8476,0.151023285378151,-0.448934318863924
25.89,4.6589,4.9114,0.152024777190876,-0.445165402783115
25.9,4.715,4.974,0.152249664297719,-0.444318870597174
25.91,4.771,5.0375,0.152926338055222,-0.441771224938787
25.92,4.8268,5.1036,0.154082953613445,-0.437414972997536
25.93,4.8827,5.1695,0.154431838751501,-0.436100531258146
25.94,4.9387,5.2355,0.155448776710684,-0.432268087822828
25.95,4.9948,5.3008,0.156615931140456,-0.427867553467578
25.96,5.0511,5.3655,0.155372083505402,-0.432557170763314
25.97,5.1073,5.4278,0.156349369555822,-0.428872760218757
25.98,5.1635,5.4917,0.157629002160864,-0.424046241645744
25.99,5.2195,5.558,0.158865280144058,-0.419380824714389
26,5.2752,5.6266,0.15959688240096,-0.416618810619348
26.01,5.3309,5.6936,0.157748749003601,-0.423594449947817
26.02,5.3868,5.7592,0.157904199231693,-0.42300791996153
26.03,5.4427,5.8242,0.157758588571429,-0.423557325344603
26.04,5.4989,5.8916,0.157441566818728,-0.424753369765791
26.05,5.5551,5.9562,0.157603657911164,-0.424141859853796
26.06,5.6112,6.0204,0.158089021608643,-0.422310516774704
26.07,5.6673,6.0872,0.157394242833133,-0.424931897989523
26.08,5.7232,6.1561,0.157021665930372,-0.426337310587885
26.09,5.7792,6.2244,0.156638043793517,-0.427784161432692
26.1,5.835,6.291,0.156090839135654,-0.429847575673963
26.11,5.8909,6.3579,0.155852808595438,-0.430745002227752
26.12,5.9469,6.4265,0.156041184297719,-0.430034792419311
26.13,6.0032,6.4953,0.155689027466987,-0.431362441242746
26.14,6.0596,6.5621,0.154741364369748,-0.434934219959677
26.15,6.1157,6.6299,0.154024834813926,-0.437633920013148
26.16,6.1716,6.6983,0.153484084369748,-0.439670800800875
26.17,6.2274,6.7679,0.153283009267707,-0.44042808788139
26.18,6.2832,6.8373,0.152284742713085,-0.444186819451635
26.19,6.3385,6.9072,0.150786437454982,-0.449825421494173
26.2,6.394,6.9777,0.150227470060024,-0.451928102297787
26.21,6.4502,7.0475,0.149862210180072,-0.453301847157276
26.22,6.5066,7.1153,0.148894100456182,-0.4569419135454
26.23,6.5632,7.1844,0.148324671308524,-0.459082273231615
26.24,6.6193,7.2542,0.147403177286915,-0.462544903622397
26.25,6.675,7.3233,0.147201051716687,-0.463304240171324
26.26,6.7307,7.3922,0.145795391596639,-0.468583213903299
26.27,6.7862,7.4639,0.145565260456182,-0.469447182980783
26.28,6.8419,7.5387,0.145651260984394,-0.469124325366738
26.29,6.8982,7.6122,0.145250666410564,-0.470628114121523
26.3,6.9548,7.6839,0.145135876062425,-0.471058978943078
26.31,7.0113,7.7555,0.144543668139256,-0.473281503845643
26.312,7.0225,7.7704,0.144932531860744,-0.471822180062165
26.314,7.0336,7.7852,0.144762010948379,-0.472462137970177
26.324,7.0735,7.8477,0.144584998031212,-0.473126412552929
26.334,7.0711,7.8399,0.1450882484994,-0.471237742709009
26.344,7.0369,7.7896,0.14369886785114,-0.476451056319883
26.354,6.9778,7.7186,0.14453070180072,-0.473330159760827
26.364,6.9027,7.6337,0.146048178679472,-0.467634094410406
26.374,6.8205,7.533,0.146788935510204,-0.464852264458125
26.384,6.7372,7.4105,0.147968925330132,-0.460419189627642
26.394,6.6559,7.2645,0.149478537863145,-0.454744618514006
26.404,6.5783,7.1008,0.150272331956783,-0.451759362134578
26.414,6.505,6.93,0.151692677262905,-0.446415367641258
26.424,6.4352,6.7625,0.152023596830732,-0.445169845751288
26.434,6.3683,6.6047,0.152744420840336,-0.442456204816761
26.444,6.3035,6.4555,0.154056503577431,-0.437514617077281
26.454,6.2405,6.3141,0.154930498151261,-0.434221479053848
26.464,6.1791,6.1822,0.155539601440576,-0.431925726491094
26.474,6.1192,6.0598,0.156285321584634,-0.429114269357241
26.484,6.06,5.9473,0.156732692052821,-0.427427211897905
26.494,6.0017,5.8393,0.157121349531813,-0.425961311179661
26.504,5.9439,5.7349,0.157690644033613,-0.423813676414457
26.514,5.8862,5.6343,0.158138999855942,-0.422121921217354
26.524,5.8288,5.5371,0.158758421992797,-0.419784175853446
26.534,5.7715,5.4415,0.158739852773109,-0.419854266172017
26.544,5.7145,5.3487,0.159011554237695,-0.41882866367987
26.554,5.6579,5.2636,0.159815911164466,-0.415791750091693
26.564,5.6015,5.1803,0.160295179783914,-0.413981753343872
26.574,5.5453,5.0943,0.160463707851141,-0.413345208258826
26.584,5.489,5.0057,0.161229575606242,-0.410451900904552
26.594,5.4328,4.916,0.161464851620648,-0.409562887536963
26.604,5.3765,4.8331,0.161348380168067,-0.41000299708619
26.614,5.3202,4.7544,0.161716851764706,-0.408610584515061
26.624,5.264,4.6734,0.162101209459784,-0.407157914155106
26.634,5.2078,4.5933,0.162517859927971,-0.405582933313463
26.644,5.1518,4.5132,0.162597899111645,-0.405280346051558
26.654,5.0962,4.4345,0.162068922160864,-0.40727995207967
26.664,5.0404,4.3567,0.162316445186074,-0.406344335250379
26.674,4.9844,4.281,0.163890674477791,-0.400391635511247
26.684,4.9282,4.2036,0.164410734021609,-0.398424260684139
26.694,4.8719,4.1253,0.164744967010804,-0.397159640593834
26.704,4.8156,4.049,0.165358618727491,-0.394837343080044
26.714,4.7594,3.9762,0.165711888355342,-0.393500165579529
26.724,4.7035,3.9062,0.16694891755102,-0.388816287423905
26.734,4.6477,3.8372,0.167131716014406,-0.388123937337475
26.744,4.5919,3.7656,0.168792839423769,-0.381830022912912
26.754,4.5359,3.6918,0.169420319087635,-0.379451407114417
26.764,4.4799,3.6203,0.169290921152461,-0.379941972348374
26.774,4.4238,3.5505,0.169624225066026,-0.378678318378193
26.784,4.3676,3.4814,0.1702265915006,-0.376394126176307
26.794,4.3115,3.4121,0.171306006530612,-0.372299525296872
26.804,4.2555,3.3425,0.171707167635054,-0.370777313487477
26.814,4.1999,3.2749,0.171851382569028,-0.370230025950759
26.824,4.1441,3.2069,0.172155573109244,-0.369075532797161
26.834,4.0883,3.1393,0.172533415078031,-0.367641308067113
26.844,4.0324,3.0723,0.174848381368547,-0.358849180415547
26.854,3.9763,3.006,0.175477585114046,-0.356458037354356
26.864,3.9199,2.9398,0.176338203361345,-0.353186446951256
26.874,3.8636,2.8756,0.177894531956783,-0.347267188590953
26.884,3.8078,2.8126,0.179543355726291,-0.340991969287365
26.894,3.7519,2.7489,0.180641042496999,-0.336811928412389
26.904,3.6961,2.684,0.18240640787515,-0.330085342023942
26.914,3.6402,2.619,0.184779818919568,-0.321034141170249
26.924,3.5842,2.5546,0.187063403697479,-0.312317073793364
26.934,3.528,2.4903,0.189752771668667,-0.302040407736279
26.944,3.4717,2.4247,0.192315135030012,-0.29223835850441
26.954,3.4156,2.3594,0.19402599635054,-0.285687820778408
26.964,3.3597,2.2969,0.195770228187275,-0.279004711291174
26.974,3.3039,2.2361,0.197508147226891,-0.27234096139888
26.984,3.2479,2.1739,0.200561553901561,-0.260621513783776
26.994,3.1921,2.1105,0.202718121680672,-0.252335283417003
27.004,3.1363,2.0483,0.205755872460984,-0.240650617141388
27.014,3.0804,1.9879,0.209242022136855,-0.22722293020195
27.024,3.0243,1.9274,0.212394011812725,-0.215065502160302
27.034,2.9684,1.8662,0.215623242208884,-0.20259353919119
27.044,2.9122,1.8041,0.219612114717887,-0.187164417616893
27.054,2.8559,1.7426,0.222249992076831,-0.176946848228914
27.064,2.7997,1.6819,0.224789955198079,-0.167097872571928
27.074,2.7437,1.622,0.228147037166867,-0.154064345232763
27.084,2.6879,1.5615,0.231002434333733,-0.142964116581638
27.094,2.6319,1.5022,0.233985788619448,-0.131352252296178
27.104,2.5761,1.4405,0.236766201488595,-0.120517185015597
27.114,2.52,1.3768,0.238652106266507,-0.11316074833252
27.124,2.4642,1.3161,0.241681558031213,-0.101331417486363
27.134,2.4079,1.2553,0.245176646530612,-0.0876651523770598
27.144,2.3517,1.1937,0.248150205282113,-0.0760223108350339
27.154,2.2956,1.1337,0.251081920720288,-0.0645290308580532
27.164,2.2399,1.0749,0.255417431212485,-0.0475063832357195
27.174,2.184,1.0173,0.256988443697479,-0.0413303873350928
27.184,2.1281,0.9579,0.25795528302521,-0.0375274949636653
27.194,2.0723,0.8957,0.259764615222089,-0.0304066371672793
27.204,2.0167,0.8335,0.261392803601441,-0.0239940454807777
27.214,1.9609,0.7727,0.262373541992797,-0.0201292972632489
27.224,1.9045,0.7121,0.263161363745498,-0.0170236071711947
27.234,1.848,0.6513,0.264178410420168,-0.0130127562957985
27.244,1.7918,0.5922,0.264450550444178,-0.0119392458760806
27.254,1.7357,0.5329,0.264019381128451,-0.013640021836043
27.264,1.6797,0.4717,0.264681860504202,-0.011026700355533
27.274,1.6237,0.4093,0.264995977959184,-0.00978732712899533
27.284,1.5677,0.3468,0.264631243697479,-0.0112263972591955
27.294,1.5116,0.2887,0.264538644129652,-0.0115917163876994
27.304,1.4554,0.2304,0.264043641152461,-0.0135443347845283
27.314,1.3994,0.1703,0.264116391548619,-0.0132573848005656
27.324,1.3436,0.11,0.263291488211284,-0.0165105411381352
27.334,1.2879,0.0488,0.262756676206483,-0.0186190641702027
27.344,1.232,-0.0126,0.262303640912365,-0.0204048060182877
27.354,1.1763,-0.0729,0.262177834381753,-0.0209006405412925
27.364,1.1205,-0.1302,0.261332231356543,-0.0242326871363274
27.374,1.0643,-0.1827,0.260204716878752,-0.0286737389080416
27.384,1.008,-0.2315,0.259019346122449,-0.0333403971356612
27.394,0.9519,-0.2747,0.257547116494598,-0.0391331353173682
27.404,0.8959,-0.3123,0.256073127779112,-0.0449291930472059
27.414,0.8401,-0.3455,0.254530441680672,-0.0509915282059774
27.424,0.7844,-0.3769,0.25289690909964,-0.0574065701505684
27.434,0.7288,-0.4094,0.250311214165666,-0.0675518264121186
27.444,0.6727,-0.4429,0.247656348907563,-0.0779569932147061
27.454,0.6162,-0.476,0.246311046098439,-0.0832251780557825
27.464,0.5597,-0.5013,0.245226078127251,-0.0874717241132833
27.474,0.5035,-0.5172,0.243914839855942,-0.0926013025682403
27.484,0.4474,-0.5271,0.241714667659064,-0.101202048591088
27.494,0.3916,-0.5326,0.24080537939976,-0.104754246806734
27.504,0.336,-0.5353,0.238795542232893,-0.112601002496233
27.514,0.2806,-0.5362,0.235840944921969,-0.124124246782151
27.524,0.2248,-0.5361,0.233479674141657,-0.133323183806628
27.534,0.1683,-0.5369,0.231081762016807,-0.142655543990736
27.544,0.1119,-0.5375,0.228013515918367,-0.154583077998373
27.554,0.0556,-0.5388,0.225888943577431,-0.162833180706827
27.564,-0.0004,-0.538,0.223277185258103,-0.172965059438164
27.566,-0.0116,-0.5376,0.221094015222089,-0.181425804108205
27.568,-0.0225,-0.5373,0.218418427370948,-0.191784348076766
27.578,-0.0621,-0.5251,0.216408436590636,-0.199558409350337
27.588,-0.0596,-0.4515,0.213742500840336,-0.209859402109762
27.598,-0.0254,-0.3711,0.213050912557023,-0.212529777476051
27.608,0.0336,-0.3219,0.211588374213686,-0.218174421130084
27.618,0.1084,-0.3161,0.209240442208884,-0.227229020074955
27.628,0.1902,-0.3504,0.208102286914766,-0.231615025488797
27.638,0.2733,-0.4072,0.206601720144058,-0.237394439740705
27.648,0.3545,-0.4633,0.203090929267707,-0.250902080864647
27.658,0.4323,-0.5,0.201287024105642,-0.257834854102594
27.668,0.506,-0.505,0.200700800336134,-0.260086708873125
27.678,0.5758,-0.4777,0.198885204801921,-0.267057446626012
27.688,0.6427,-0.4231,0.197147560048019,-0.27372396704959
27.698,0.7075,-0.3463,0.19601231697479,-0.278076752748404
27.708,0.7704,-0.2586,0.194745833901561,-0.282930316014063
27.718,0.8319,-0.168,0.193354974309724,-0.288257582597961
27.728,0.8924,-0.075,0.192013541080432,-0.293392616656552
27.738,0.9516,0.0235,0.191056055846339,-0.297056137687513
27.748,1.01,0.1274,0.189678148427371,-0.302325714540986
27.758,1.0676,0.234,0.188074021272509,-0.308456629211346
27.768,1.1248,0.3415,0.186831888787515,-0.313201206280324
27.778,1.182,0.4488,0.185396688547419,-0.318680196331514
27.788,1.2391,0.5524,0.184301043121248,-0.322860710928275
27.798,1.2961,0.6516,0.182633816134454,-0.32921848800294
27.808,1.353,0.7471,0.181643368883553,-0.332993360649577
27.818,1.4097,0.8382,0.180425413493397,-0.337633203690497
27.828,1.4659,0.9267,0.179205589387755,-0.342277815791572
27.838,1.5219,1.0144,0.178143884513805,-0.346318459038812
27.848,1.5779,1.1018,0.176771009555822,-0.351540718069958
27.858,1.6341,1.1878,0.17543470972389,-0.356620995143115
27.868,1.6903,1.27,0.174426368691477,-0.360452592455233
27.878,1.7466,1.3497,0.173446023577431,-0.364176273114
27.888,1.8031,1.4298,0.172568010708283,-0.367509977638719
27.898,1.8593,1.5107,0.171409483793517,-0.371906903482204
27.908,1.9151,1.5901,0.169999398127251,-0.377255717413689
27.918,1.9706,1.6654,0.169203961248499,-0.380271634448271
27.928,2.0265,1.7398,0.168276174837935,-0.383788103157775
27.938,2.0824,1.8152,0.167001450228091,-0.388617325011889
27.948,2.1386,1.8938,0.165762052388956,-0.393310271488159
27.958,2.195,1.9707,0.165223314477791,-0.395349437811296
27.968,2.2517,2.043,0.164118005810324,-0.39953169769562
27.978,2.3077,2.1126,0.162413881296519,-0.405976008444068
27.988,2.3631,2.1834,0.16156638482593,-0.409179207711417
27.998,2.4181,2.2557,0.160388804081633,-0.413628131747468
28.008,2.4737,2.3277,0.159957868571429,-0.415255673812699
28.018,2.5303,2.3993,0.159554855654262,-0.416777496575181
28.028,2.5868,2.4688,0.158757318895558,-0.419788339556452
28.038,2.6434,2.5385,0.157944000864346,-0.422857738178574
28.048,2.6998,2.609,0.157220367010804,-0.42558780901332
28.058,2.7559,2.6779,0.156760712028812,-0.427321536729773
28.068,2.8114,2.7444,0.15722809392557,-0.425558661805704
28.078,2.8669,2.8106,0.157172861704682,-0.425767004885225
28.088,2.9227,2.8791,0.157904136710684,-0.423008155867412
28.098,2.9785,2.9472,0.157916398079232,-0.422961890838916
28.108,3.0346,3.0158,0.158158459639856,-0.422048487641264
28.118,3.0909,3.0827,0.158093836590636,-0.422292347355179
28.128,3.1475,3.1468,0.158052764897959,-0.422447330951806
28.138,3.2038,3.2109,0.158359892436975,-0.421288324755608
28.148,3.2597,3.2785,0.158589208787515,-0.420422858502749
28.158,3.3155,3.3458,0.158921621704682,-0.419168148390749
28.168,3.3713,3.4123,0.1591436472509,-0.418330005256256
28.178,3.4272,3.4781,0.159660507082833,-0.416378569234367
28.188,3.483,3.5443,0.160275504489796,-0.414056065741456
28.198,3.5391,3.6105,0.160125434429772,-0.414622851415463
28.208,3.5953,3.6739,0.15985550847539,-0.415642221224992
28.218,3.6516,3.7375,0.159556007442977,-0.416773147650646
28.228,3.7075,3.802,0.159400224729892,-0.417361333323769
28.238,3.7637,3.8679,0.159478321632653,-0.417066469142831
28.248,3.8197,3.9337,0.159467246482593,-0.417108285273202
28.258,3.8756,3.9967,0.159599183337335,-0.416610122589454
28.268,3.9315,4.0615,0.159323811764706,-0.417649830388485
28.278,3.9872,4.1266,0.159147872509004,-0.418314054224283
28.288,4.0433,4.1892,0.158823671692677,-0.419537883790002
28.298,4.0995,4.2522,0.158833940312125,-0.419499123168439
28.308,4.1558,4.3161,0.158746080192077,-0.41983076057114
28.318,4.212,4.38,0.15860697637455,-0.420355798165682
28.328,4.2679,4.4452,0.158263920384154,-0.421650509974309
28.338,4.3237,4.5131,0.157773539495798,-0.423500915349133
28.348,4.3794,4.5805,0.157389744297719,-0.424948868389044
28.358,4.435,4.645,0.157212536134454,-0.425617348286427
28.368,4.491,4.7071,0.156737885618247,-0.427407624860673
28.378,4.5469,4.769,0.156332218487395,-0.428937433303442
28.388,4.6031,4.8342,0.155984696038415,-0.430247768974332
28.398,4.6591,4.9,0.155459322064826,-0.432228338057925
28.408,4.715,4.9633,0.1552221115006,-0.433122440132688
28.418,4.7709,5.026,0.154885681392557,-0.434390373729292
28.428,4.8267,5.0903,0.154707735942377,-0.435060941128417
28.438,4.8825,5.1572,0.154418726530612,-0.436149935611793
28.448,4.9386,5.2238,0.15397255030012,-0.437830883432122
28.458,4.9948,5.2873,0.152859125138055,-0.442024310306884
28.468,5.051,5.3506,0.152400677118847,-0.443750375905248
28.478,5.1073,5.4164,0.152140565042017,-0.444729557712911
28.488,5.1635,5.4827,0.151437548283313,-0.447375511285961
28.498,5.2195,5.547,0.151984770756302,-0.445315988935085
28.508,5.2752,5.6103,0.151619009507803,-0.446692616718486
28.518,5.3309,5.6763,0.150757896710684,-0.449932795627302
28.528,5.3868,5.7434,0.150423994813926,-0.451188885757219
28.538,5.4427,5.81,0.149787447539016,-0.453583004442412
28.548,5.4988,5.8756,0.150242119519808,-0.451873001265196
28.558,5.555,5.9416,0.149762655414166,-0.453676237417365
28.568,5.6111,6.0081,0.149574135942377,-0.454385150361778
28.578,5.6673,6.0761,0.148965151740696,-0.456674812038388
28.588,5.7232,6.1437,0.148587576854742,-0.458094131192817
28.598,5.7791,6.2127,0.147785912076831,-0.461106888904363
28.608,5.8349,6.2799,0.147401597791117,-0.462550837648726
28.618,5.8909,6.3469,0.147825136422569,-0.460959502011086
28.628,5.9469,6.4137,0.147781466842737,-0.461123591881409
28.638,6.0032,6.4801,0.147608612244898,-0.461773069687336
28.648,6.0596,6.5469,0.147729385546219,-0.461319285189761
28.658,6.1157,6.6136,0.147579649027611,-0.461881890538394
28.668,6.1717,6.6822,0.147334868187275,-0.462801531352731
28.678,6.2275,6.755,0.147394446770708,-0.462577703353012
28.688,6.2833,6.8272,0.146725072509004,-0.465092128311108
28.698,6.3391,6.8964,0.146617600480192,-0.465495769611878
28.708,6.3948,6.9645,0.146605626986795,-0.465540738312661
28.718,6.4508,7.0334,0.146546024393758,-0.465764583731567
28.728,6.507,7.1026,0.146568513277311,-0.465680124401722
28.738,6.5631,7.17,0.146539457719088,-0.465789245410319
28.748,6.6189,7.2379,0.146422000048019,-0.466230355938321
28.758,6.6749,7.3086,0.146252311116447,-0.466867582484015
28.768,6.7307,7.3822,0.146556020312125,-0.465727043122165
28.778,6.7863,7.4557,0.146766328115246,-0.464937176580245
28.788,6.8419,7.5287,0.146990457190876,-0.464095325241263
28.798,6.898,7.6024,0.147141786938776,-0.463526871518438
28.808,6.9545,7.6734,0.147414541272509,-0.462502210017475
28.818,7.0111,7.7434,0.147352618583433,-0.462734846292577
28.82,7.0223,7.7574,0.147296177478992,-0.462946883725578
28.822,7.0335,7.7713,0.147285337911164,-0.462987605151805
28.832,7.0734,7.8326,0.147396187515006,-0.462571163549357
28.842,7.0711,7.8258,0.147863992268908,-0.460813497418133
28.852,7.0368,7.7786,0.147960337623049,-0.46045146036295
28.862,6.9777,7.7083,0.148374258871549,-0.458895904393445
28.872,6.9026,7.6228,0.148323814789916,-0.459085492319392
28.882,6.8204,7.5218,0.148657744441777,-0.457830385129641
28.892,6.7371,7.3991,0.148967778871549,-0.456664935774049
28.902,6.6557,7.2505,0.149117673661465,-0.456101413361812
28.912,6.5782,7.0849,0.150262483313325,-0.451796406348543
28.922,6.505,6.9164,0.150027479759904,-0.452680292789593
28.932,6.4351,6.7501,0.149866184297719,-0.453286901587515
28.942,6.3683,6.5902,0.149829748571429,-0.453423925473778
28.952,6.3035,6.4388,0.149660838079232,-0.45405912050239
28.962,6.2405,6.2996,0.149823026746699,-0.453449204024404
28.972,6.1791,6.1696,0.149904115534214,-0.453144251346722
28.982,6.1192,6.0487,0.149579113901561,-0.454366431838262
28.992,6.0601,5.9335,0.149602842881152,-0.454277203687745
29.002,6.0018,5.8258,0.149921762737095,-0.453077883708324
29.012,5.944,5.7233,0.150037647539016,-0.452642051897775
29.022,5.8862,5.6236,0.150324062953181,-0.451564781181325
29.032,5.8288,5.527,0.151034172773109,-0.448893354679727
29.042,5.7714,5.4338,0.151335404129652,-0.447759888762952
29.052,5.7144,5.3428,0.1516190727491,-0.446692378713067
29.062,5.6578,5.2528,0.152090900744298,-0.444916505085669
29.072,5.6015,5.1665,0.152489311212485,-0.443416692298666
29.082,5.5452,5.08,0.153542812773109,-0.439449606606267
29.092,5.489,4.9934,0.15412130967587,-0.43727047392564
29.102,5.4328,4.9061,0.154767119711885,-0.434837165553245
29.112,5.3765,4.8222,0.155426971092437,-0.43235028159263
29.122,5.3202,4.7434,0.156181332629052,-0.429506372516308
29.132,5.264,4.6646,0.156876915102041,-0.426883272793221
29.142,5.2078,4.5844,0.157673947034814,-0.423876672187565
29.152,5.1518,4.5014,0.158549640720288,-0.420572198787179
29.162,5.0961,4.4214,0.159450190540216,-0.417172682537465
29.172,5.0404,4.3452,0.160319530564226,-0.413889781080655
29.182,4.9844,4.2694,0.161355188955582,-0.409977269369891
29.192,4.9282,4.1918,0.162663383337335,-0.40503277620223
29.202,4.8719,4.1154,0.163820295222089,-0.400657846319395
29.212,4.8156,4.0441,0.165059251332533,-0.395970339744633
29.222,4.7596,3.9737,0.166550091044418,-0.390326663024787
29.232,4.7035,3.9012,0.167995763985594,-0.384850642361627
29.242,4.6476,3.8272,0.169464735606242,-0.379283011970851
29.252,4.5919,3.7528,0.170818854789916,-0.374147689834696
29.262,4.5359,3.6802,0.17208005695078,-0.369362152549658
29.272,4.48,3.6095,0.173363769363745,-0.364488633516315
29.282,4.4239,3.5412,0.174948078031212,-0.358470347924859
29.292,4.3678,3.4738,0.175716414981993,-0.355550256465512
29.302,4.3116,3.4027,0.177369171908764,-0.34926574253223
29.312,4.2557,3.3318,0.179165148427371,-0.34243175886404
29.322,4.1997,3.2642,0.180912095894358,-0.335779451648902
29.332,4.144,3.1989,0.182890960672269,-0.328238184123698
29.342,4.0881,3.1323,0.184529480384154,-0.321989248949905
29.352,4.0323,3.0655,0.186669761008403,-0.313820305558961
29.362,3.9763,2.9987,0.188678480144058,-0.306146889759159
29.372,3.9204,2.9346,0.190566371764706,-0.298929198554431
29.382,3.864,2.8712,0.19285411452581,-0.290175219434933
29.392,3.8076,2.8061,0.195146580792317,-0.281394804035527
29.402,3.7516,2.7412,0.1973543527491,-0.272930854225612
29.412,3.6957,2.6747,0.198487863769508,-0.268582281616604
29.422,3.64,2.6093,0.201266165042017,-0.257914989229064
29.432,3.584,2.5444,0.203455764273709,-0.249499312004473
29.442,3.5281,2.4795,0.205773557358944,-0.24058254907327
29.452,3.472,2.4162,0.208153205714286,-0.231418848869076
29.462,3.4158,2.3543,0.210676452821128,-0.221692222425357
29.472,3.3596,2.292,0.213172464969988,-0.212060492608892
29.482,3.3035,2.2297,0.216046909243698,-0.200955999093524
29.492,3.2477,2.1676,0.218601164033613,-0.191077251551862
29.502,3.192,2.1051,0.221224757022809,-0.180919339706919
29.512,3.1363,2.0424,0.223743211092437,-0.171158002493572
29.522,3.0807,1.9806,0.226150834765906,-0.161816606162349
29.532,3.0248,1.9203,0.228423354141657,-0.152990755962372
29.542,2.9686,1.859,0.231122061704682,-0.142498780417668
29.552,2.9121,1.7971,0.233280050372149,-0.134100451684207
29.562,2.8556,1.7353,0.235521659735894,-0.125368637360031
29.572,2.7995,1.6749,0.237795014021609,-0.116504770284031
29.582,2.7436,1.6142,0.240061417286915,-0.107659577414523
29.592,2.6878,1.5519,0.242194346122449,-0.099327604051696
29.602,2.6322,1.4887,0.244338630588235,-0.0909437379632368
29.612,2.5768,1.4286,0.246293783673469,-0.0832927580668607
29.622,2.5207,1.369,0.248253527154862,-0.0756174965229069
29.632,2.4642,1.3076,0.250211470348139,-0.0679429609006723
29.642,2.4077,1.2465,0.251937993181273,-0.0611702704827051
29.652,2.3515,1.1874,0.253725776278511,-0.054152079655748
29.662,2.2955,1.1283,0.255185836206483,-0.0484164882942
29.672,2.2396,1.0663,0.257132141512605,-0.0407652753584464
29.682,2.1841,1.0051,0.258313207683073,-0.0361192679721408
29.692,2.1289,0.9459,0.259495171188475,-0.0314674130189039
29.702,2.0729,0.8857,0.260736749531813,-0.0265784330628096
29.712,2.0164,0.825,0.261704356734694,-0.0227664965475834
29.722,1.9598,0.7626,0.262495624009604,-0.0196481025911549
29.732,1.9034,0.7023,0.263179868667467,-0.0169506460787166
29.742,1.8473,0.6434,0.264092372436975,-0.0133521245543677
29.752,1.7914,0.5835,0.264602135270108,-0.0113412358933842
29.762,1.7357,0.5228,0.265208355822329,-0.00894928167140634
29.772,1.6798,0.4625,0.265434014741897,-0.00805874663079946
29.782,1.6239,0.4021,0.26521556422569,-0.00892083591078176
29.792,1.5677,0.3419,0.265600696758703,-0.00740090213772347
29.802,1.5116,0.2821,0.26550799092437,-0.00776679029209131
29.812,1.4554,0.222,0.265058181176471,-0.0095418803127322
29.822,1.3994,0.1615,0.264546518703481,-0.0115606505733893
29.832,1.3436,0.0998,0.263870555966387,-0.0142270006662927
29.842,1.288,0.0369,0.262827703481393,-0.0183390630081997
29.852,1.2323,-0.0255,0.261731311068427,-0.0226602863255816
29.862,1.1763,-0.0848,0.260537481968788,-0.0273632642237509
29.872,1.1202,-0.1422,0.259488482593037,-0.0314937438570397
29.882,1.064,-0.1942,0.257911866026411,-0.0376983013433151
29.892,1.0078,-0.2412,0.256450108043217,-0.0434471640188267
29.902,0.9519,-0.2821,0.254880235870348,-0.0496172781110993
29.912,0.896,-0.3193,0.253240353421369,-0.0560581973294235
29.922,0.8406,-0.3537,0.251086042256903,-0.0645128631023666
29.932,0.7847,-0.3859,0.249022177046819,-0.0726053793602452
29.942,0.7285,-0.417,0.246798058295318,-0.0813183902531612
29.952,0.6723,-0.4481,0.244737427947179,-0.0893836596393803
29.962,0.616,-0.4787,0.24225514847539,-0.0990899790711268
29.972,0.5597,-0.5003,0.239972220072029,-0.108007850579056
29.982,0.5035,-0.5148,0.2373953915006,-0.118063521826834
29.992,0.4479,-0.5245,0.234838102088836,-0.128032192446509
30.002,0.3924,-0.5334,0.232310026890756,-0.137876470567394
30.012,0.3363,-0.5394,0.229716423865546,-0.147965069436522
30.022,0.2801,-0.5399,0.22721120422569,-0.157699464068941
30.032,0.2243,-0.5387,0.224645079759904,-0.167659924163719
30.042,0.1679,-0.5394,0.221864678943577,-0.178440025942824
30.052,0.1117,-0.538,0.219394154669868,-0.188008160988423
30.062,0.0556,-0.5342,0.217049382809124,-0.197080124878142
30.072,-0.0001,-0.5326,0.214669369123649,-0.206279348202944
30.074,-0.0112,-0.5326,0.212149497334934,-0.216009183028514
30.076,-0.0223,-0.5328,0.20994151577431,-0.224526319365182
30.086,-0.0619,-0.5247,0.207654697959184,-0.233339287556656
30.096,-0.0595,-0.4536,0.205614042929172,-0.241196491991996
30.106,-0.0253,-0.3722,0.203563863289316,-0.249083636748304
30.116,0.0338,-0.3233,0.201383426410564,-0.257464492335033
30.126,0.1084,-0.3195,0.199558010180072,-0.264474914737715
30.136,0.1902,-0.3565,0.197754989627851,-0.271394095740222
30.146,0.2732,-0.4111,0.196037777046819,-0.277979155468552
30.156,0.3545,-0.4643,0.194117979063625,-0.28533550568654
30.166,0.4323,-0.501,0.19288150789916,-0.290070349030815
30.176,0.506,-0.5091,0.191476640480192,-0.295447080383385
30.186,0.5759,-0.4831,0.190034595534214,-0.300962831584992
30.196,0.6428,-0.4289,0.188860986938775,-0.305449386394779
30.206,0.7075,-0.3553,0.187544218487395,-0.310480617994261
30.216,0.7703,-0.2709,0.186392964273709,-0.314877182017651
30.226,0.8319,-0.1805,0.184962993181273,-0.32033521995344
30.236,0.8921,-0.0855,0.183817881104442,-0.324703646313393
30.246,0.9515,0.0131,0.182618755486194,-0.329275899985323
30.256,1.01,0.1165,0.18133531817527,-0.334167112037799
30.266,1.0678,0.2234,0.180235456278511,-0.338356640861646
30.276,1.125,0.33,0.179105422761104,-0.342659106618553
30.286,1.182,0.4344,0.178034784009604,-0.346733573623296
30.296,1.239,0.5372,0.176954897815126,-0.350841400641792
30.306,1.296,0.6395,0.176060124993998,-0.354243673408383
30.316,1.3528,0.7359,0.175073423577431,-0.357994031276185
30.326,1.4095,0.8261,0.174160032605042,-0.361464376218331
30.336,1.4659,0.9136,0.173276699111645,-0.364819271226642
30.346,1.5221,1.0004,0.172310208547419,-0.368488589752498
30.356,1.578,1.0871,0.171497592268908,-0.371572581901593
30.366,1.6339,1.1716,0.170809214645858,-0.374184259014399
30.376,1.6901,1.2544,0.170024664585834,-0.377159902782822
30.386,1.7465,1.3375,0.169373410420168,-0.379629247312218
30.396,1.8028,1.4191,0.168670803457383,-0.382292558452833
30.406,1.8591,1.4997,0.167670398895558,-0.386083368636629
30.416,1.9155,1.5794,0.166997904585834,-0.388630753923669
30.426,1.9713,1.656,0.166499888211285,-0.390516765961511
30.436,2.0268,1.7313,0.165771291284514,-0.393275297561441
30.446,2.0823,1.8056,0.165245675486194,-0.395264808635849
30.456,2.1383,1.8805,0.164416938535414,-0.398400786578367
30.466,2.1949,1.956,0.163851330708283,-0.400540454986331
30.476,2.2512,2.0299,0.163220243217287,-0.40292723927839
30.486,2.3076,2.1031,0.162604572917167,-0.405255115350222
30.496,2.3638,2.1749,0.162113314573829,-0.407112159428024
30.506,2.4197,2.2481,0.161729647635054,-0.408562226554971
30.516,2.475,2.3193,0.161210807442977,-0.41052281451669
30.526,2.53,2.3867,0.16084600240096,-0.411901084320994
30.536,2.5855,2.4554,0.160428152653061,-0.413479507006871
30.546,2.6421,2.5261,0.160050842641056,-0.414904557138687
30.556,2.6989,2.5977,0.15961349027611,-0.416556101305061
30.566,2.7554,2.6678,0.159307791740696,-0.417710312816307
30.576,2.8117,2.7344,0.158786134453781,-0.419679572977267
30.586,2.8677,2.8011,0.158370145594238,-0.42124962991298
30.596,2.9233,2.8688,0.158020559663866,-0.422568855221888
30.606,2.979,2.9362,0.157696770804322,-0.423790560734732
30.616,3.0347,3.0025,0.15749378789916,-0.424556363358554
30.626,3.0907,3.0694,0.157062295990396,-0.426184058778941
30.636,3.1469,3.1356,0.156758405714286,-0.427330234862467
30.646,3.2034,3.2041,0.156414527539016,-0.428627058944079
30.656,3.2599,3.2721,0.156119467322929,-0.429739635282078
30.666,3.3161,3.3391,0.155943120912365,-0.430404515667863
30.676,3.3718,3.4034,0.155664604705882,-0.431454509113182
30.686,3.4273,3.464,0.155391942521008,-0.432482316214512
30.696,3.4829,3.5267,0.155076384729892,-0.433671674987064
30.706,3.5387,3.5932,0.154855669723889,-0.434503472777572
30.716,3.5948,3.6618,0.15470971270108,-0.435053492206286
30.726,3.6512,3.7286,0.154596810852341,-0.435478924923668
30.736,3.7077,3.7931,0.154391976614646,-0.436250723376727
30.746,3.764,3.8585,0.153961018295318,-0.437874325610631
30.756,3.8199,3.9256,0.153842447779112,-0.438320980232616
30.766,3.8756,3.9887,0.153622160288115,-0.439150744237894
30.776,3.9315,4.0503,0.15343657695078,-0.439849728446333
30.786,3.9872,4.114,0.153051870060024,-0.441298524476308
30.796,4.043,4.1804,0.152950394813926,-0.441680639251797
30.806,4.0994,4.2455,0.152802800384154,-0.442236391680033
30.816,4.1558,4.3077,0.152766178583433,-0.442374282257731
30.826,4.212,4.3709,0.152750266314526,-0.442434195427727
30.836,4.2679,4.4362,0.152580783913565,-0.443072309300732
30.846,4.3237,4.5012,0.152470317022809,-0.443488201359207
30.856,4.3793,4.5642,0.152391270060024,-0.443785790244155
30.866,4.4349,4.6276,0.152114338103241,-0.444828282173516
30.876,4.4907,4.6926,0.152103357070828,-0.444869617084564
30.886,4.5469,4.7578,0.152145207779112,-0.444712081230505
30.896,4.6031,4.8215,0.151975305306122,-0.445351616983154
30.906,4.6592,4.8829,0.151938578343337,-0.445489856317063
30.916,4.7151,4.9463,0.151885989147659,-0.445687797036843
30.926,4.771,5.012,0.151784268571429,-0.446070651403928
30.936,4.8267,5.0789,0.151739399567827,-0.446239523575301
30.946,4.8824,5.1453,0.151719685282113,-0.44631372067398
30.956,4.9386,5.2112,0.151643853157263,-0.446599118423125
30.966,4.9948,5.2745,0.151610214693878,-0.446725715495146
30.976,5.0511,5.3381,0.151678622472989,-0.446468263585235
30.986,5.1074,5.4021,0.151708519807923,-0.446355743018879
30.996,5.1636,5.4691,0.151726796062425,-0.446286958461815
31.006,5.2196,5.535,0.151642792268908,-0.446603111062754
31.016,5.2753,5.6001,0.151545057286915,-0.446970927910613
31.026,5.3309,5.6641,0.151411749243697,-0.447472596880639
31.036,5.3868,5.7291,0.151402407442977,-0.447507751201053
31.046,5.4428,5.7956,0.151352051188475,-0.447697245514071
31.056,5.4989,5.8627,0.151238296086435,-0.448125299894676
31.066,5.555,5.9297,0.151035090948379,-0.448889900006446
31.076,5.6111,5.9971,0.151080935942377,-0.448717404614325
31.086,5.6673,6.0629,0.151077192989196,-0.448731487892047
31.096,5.7232,6.1294,0.151039285570228,-0.448874117547719
31.106,5.7792,6.1994,0.150866087154862,-0.449525761884645
31.116,5.835,6.2708,0.150763349579832,-0.449912281295088
31.126,5.8909,6.3382,0.150600353517407,-0.450525471645814
31.136,5.9469,6.4029,0.150332247827131,-0.45153399421872
31.146,6.0032,6.468,0.150237956014406,-0.451888661497469
31.156,6.0596,6.5375,0.150168916158463,-0.452148337841404
31.166,6.1157,6.6084,0.149846393853541,-0.453361327793733
31.176,6.1717,6.6778,0.14950802972389,-0.454633724652028
31.186,6.2275,6.7453,0.149390206818727,-0.455076748548129
31.196,6.2834,6.8133,0.149286831212485,-0.455465431676737
31.206,6.339,6.8822,0.149162145402161,-0.455934217245383
31.216,6.3946,6.9493,0.149048670732293,-0.456360830954247
31.226,6.4503,7.0162,0.148955478703481,-0.456711176131246
31.236,6.5067,7.0881,0.148864584633854,-0.457052869416841
31.246,6.5632,7.1605,0.148897495990396,-0.45692914896749
31.256,6.6193,7.232,0.148868731908764,-0.457037279063632
31.266,6.6752,7.3017,0.148653081872749,-0.457847911039847
31.276,6.7309,7.3711,0.148768145210084,-0.457415395060301
31.286,6.7863,7.4413,0.149013488691477,-0.456493095546741
31.296,6.8419,7.5131,0.149169561056423,-0.455906337026702
31.306,6.898,7.5837,0.149128361008403,-0.456061233453624
31.316,6.9545,7.6565,0.148953545210084,-0.456718444744367
31.326,7.0111,7.73,0.148966396830732,-0.456670131329467
31.328,7.0223,7.7445,0.148987291668667,-0.456591580302733
31.33,7.0335,7.759,0.149109795870348,-0.456131030414032
31.34,7.0734,7.822,0.149124380168067,-0.456076199751739
31.35,7.0711,7.8156,0.149421210996399,-0.45496017235507
31.36,7.0368,7.7682,0.149563648547419,-0.454424585784202
31.37,6.9777,7.6978,0.149749606242497,-0.45372530959697
31.38,6.9025,7.6097,0.15013967452581,-0.452258320782076
31.39,6.8203,7.506,0.150397041344538,-0.451290273224599
31.4,6.737,7.3837,0.150803033757503,-0.449762983382363
31.41,6.6557,7.2388,0.151161266602641,-0.448415146328103
31.42,6.5783,7.0752,0.151432831068427,-0.447393262939144
31.43,6.5049,6.907,0.151560555390156,-0.446912603176958
31.44,6.4351,6.7437,0.15174715759904,-0.446210325121067
31.45,6.3682,6.5867,0.152129907611044,-0.444769674956951
31.46,6.3035,6.4348,0.152434264681873,-0.443623929168575
31.47,6.2405,6.2905,0.152787563409364,-0.442293763094986
31.48,6.179,6.1574,0.153178487731092,-0.440821711049309
31.49,6.1192,6.0371,0.153642342761104,-0.439074725404137
31.5,6.0601,5.9252,0.154142025210084,-0.437192431192157
31.51,6.0017,5.8183,0.154649185834334,-0.435281569850926
31.52,5.9439,5.7163,0.155208587659064,-0.433173412015116
31.53,5.8862,5.618,0.15562463577431,-0.431605180263136
31.54,5.8288,5.5202,0.156349963169268,-0.428870521818658
31.55,5.7715,5.4228,0.157080967731092,-0.426113630306153
31.56,5.7145,5.3293,0.157607684081633,-0.424126670076421
31.57,5.6578,5.2434,0.158166057911165,-0.422019814591506
31.58,5.6015,5.1575,0.158920861992797,-0.419171016159834
31.59,5.5452,5.0705,0.159535247154862,-0.416851534041631
31.6,5.489,4.983,0.160160217478992,-0.414491485676125
31.61,5.4328,4.8959,0.160817439471789,-0.412008989141824
31.62,5.3766,4.8133,0.161640632797119,-0.408898624787597
31.63,5.3203,4.7337,0.16247197997599,-0.405756377457289
31.64,5.264,4.6543,0.163492696518607,-0.40189689237812
31.65,5.2079,4.5733,0.164407803121248,-0.398435349407162
31.66,5.1519,4.4908,0.165383348523409,-0.394743743526277
31.67,5.0961,4.4124,0.166346002833133,-0.391099458716177
31.68,5.0404,4.3372,0.167195934789916,-0.387880695974752
31.69,4.9845,4.2627,0.168134297238896,-0.384325724408882
31.7,4.9283,4.1837,0.169202936854742,-0.380275517820161
31.71,4.8719,4.1058,0.170222350396158,-0.376410210567549
31.72,4.8156,4.0331,0.171237843985594,-0.372558143954721
31.73,4.7594,3.9629,0.172381123313325,-0.368219409066878
31.74,4.7033,3.8927,0.173461453013205,-0.364117678640937
31.75,4.6475,3.8203,0.174961676686675,-0.358418673843254
31.76,4.5918,3.7461,0.176191662136855,-0.353743597389366
31.77,4.5359,3.6725,0.177263957118848,-0.34966594414633
31.78,4.4801,3.6007,0.178557392653061,-0.344744938672385
31.79,4.4239,3.5312,0.179958071932773,-0.339412934985294
31.8,4.3677,3.4635,0.1813456630012,-0.334127698060496
31.81,4.3114,3.397,0.182832767683073,-0.328460040553555
31.82,4.2554,3.3275,0.184414928163265,-0.32242626287937
31.83,4.1996,3.2578,0.186024537815126,-0.316283734237301
31.84,4.144,3.1895,0.187796364033613,-0.309517409937083
31.85,4.0883,3.1245,0.189579213013205,-0.302703960352573
31.86,4.0328,3.0602,0.191679812052821,-0.294669693181357
31.87,3.9767,2.9917,0.193642420216086,-0.287156860832749
31.88,3.9204,2.9219,0.195595442112845,-0.279674631443643
31.89,3.8637,2.8556,0.197623785402161,-0.271897395686018
31.9,3.8074,2.792,0.199784607010804,-0.263604970462372
31.91,3.7515,2.7296,0.201892649747899,-0.255507893263242
31.92,3.6957,2.6656,0.20391464969988,-0.247734621851714
31.93,3.6402,2.6021,0.206136874189676,-0.239184054135537
31.94,3.5845,2.5378,0.208745217478992,-0.229137678605582
31.95,3.5283,2.4723,0.21103770785114,-0.220298815827768
31.96,3.472,2.4071,0.213385124897959,-0.211239406036089
31.97,3.4156,2.3432,0.215884165618247,-0.201585063252769
31.98,3.3594,2.2794,0.218516364081633,-0.191405390298895
31.99,3.3034,2.2163,0.221251237503001,-0.18081675689322
32,3.2477,2.1541,0.223521069531813,-0.172019420287678
32.01,3.1922,2.0941,0.226113673373349,-0.161960861126753
32.02,3.1366,2.0347,0.228307410468187,-0.153441253321247
32.03,3.0808,1.9737,0.230552863145258,-0.144712686026276
32.04,3.0247,1.9114,0.232705989147659,-0.136335290435565
32.05,2.9684,1.849,0.234856254597839,-0.127961469141358
32.06,2.9118,1.7867,0.236916735366146,-0.119930204439054
32.07,2.8555,1.7246,0.238984688307323,-0.11186282555137
32.08,2.7995,1.6634,0.240903755006002,-0.104370001100376
32.09,2.7438,1.6037,0.242861817959184,-0.0967186884167113
32.1,2.6881,1.5427,0.244635025402161,-0.0897842790130051
32.11,2.6322,1.4807,0.246617978967587,-0.0820234962852619
32.12,2.5762,1.418,0.248566944777911,-0.0743894209551355
32.13,2.5199,1.3575,0.250219346890756,-0.0679120744963037
32.14,2.4637,1.299,0.251746626506603,-0.061921193812549
32.15,2.4075,1.2388,0.253049107130852,-0.0568090601386223
32.16,2.3515,1.1768,0.2545991115006,-0.0507217583848905
32.17,2.2959,1.1158,0.255836099927971,-0.045860904134142
32.18,2.2402,1.0557,0.257016537430972,-0.0412199074485866
32.19,2.1843,0.9967,0.258098272845138,-0.0369649380332387
32.2,2.1282,0.9363,0.258992013157263,-0.0334479761182042
32.21,2.0721,0.8741,0.259745489267707,-0.0304819382293956
32.22,2.0158,0.8121,0.260348248451381,-0.0281085144053215
32.23,1.9595,0.7518,0.260913348667467,-0.0258828281422532
32.24,1.9035,0.6908,0.261288962352941,-0.0244031539961537
32.25,1.8478,0.6321,0.2615088727491,-0.0235367408825653
32.26,1.7921,0.5745,0.261420277166867,-0.0238858035133702
32.27,1.736,0.5138,0.261438889795918,-0.0238124716705565
32.28,1.68,0.4526,0.260966662232893,-0.0256728215786242
32.29,1.624,0.3933,0.260600298103241,-0.0271158650003687
32.3,1.5678,0.3343,0.2601404557503,-0.0289267868707579
32.31,1.5116,0.273,0.259467887587035,-0.0315748192716641
32.32,1.4556,0.2103,0.25861436364946,-0.0349342283191001
32.33,1.3999,0.1498,0.257778482352941,-0.0382230251521058
32.34,1.3441,0.0918,0.256620607779112,-0.0427767980954333
32.35,1.2882,0.032,0.255481069051621,-0.0472562883642301
32.36,1.2323,-0.0305,0.254119096566627,-0.0526073366382239
32.37,1.1762,-0.0934,0.252677324993998,-0.0582685617640283
32.38,1.1201,-0.1496,0.251044894501801,-0.0646742741795596
32.39,1.0642,-0.201,0.249379367827131,-0.0712053200268346
32.4,1.0082,-0.2482,0.247355119807923,-0.0791368608153628
32.41,0.9524,-0.2903,0.245344215510204,-0.0870094304434374
32.42,0.8963,-0.3269,0.243322796590636,-0.0949164555665273
32.43,0.8403,-0.3586,0.241271497623049,-0.102933492927818
32.44,0.7844,-0.3897,0.239097906506603,-0.111420942881901
32.45,0.7282,-0.4213,0.23696464605042,-0.119743377306041
32.46,0.6721,-0.4512,0.234868111212485,-0.127915274741658
32.47,0.6161,-0.4786,0.232395832316927,-0.137542516982869
32.48,0.5602,-0.4992,0.229682947082833,-0.148095215736565
32.49,0.5041,-0.5156,0.226792000768307,-0.15932734199408
32.5,0.4479,-0.529,0.224441991932773,-0.168447756255199
32.51,0.3917,-0.5372,0.221786091284514,-0.178744541772444
32.52,0.3357,-0.5405,0.219283384345738,-0.188436933605264
32.53,0.2798,-0.5393,0.216734851956783,-0.198296373759312
32.54,0.224,-0.5368,0.214355436158463,-0.207492078107605
32.55,0.168,-0.5356,0.211988199567827,-0.216631643985742
32.56,0.1122,-0.5367,0.2097965030012,-0.225085421348292
32.57,0.056,-0.537,0.20765056120048,-0.233355222229945
32.58,-0.0001,-0.5346,0.205431825402161,-0.241897765142895
32.582,-0.0113,-0.534,0.203499498679472,-0.24933114149647
32.584,-0.0224,-0.5338,0.201524965618247,-0.256920695062139
32.594,-0.062,-0.5237,0.199504369939976,-0.264680836839791
32.604,-0.0595,-0.4537,0.197597861992797,-0.271996834736642
32.614,-0.0253,-0.3729,0.195880791452581,-0.278580919182856
32.624,0.0338,-0.3216,0.194059633421369,-0.285558984571815
32.634,0.1085,-0.3149,0.192696904393757,-0.290777045897488
32.644,0.1903,-0.3519,0.190906559231693,-0.297628008567187
32.654,0.2733,-0.4096,0.189384861416567,-0.30344695209323
32.664,0.3545,-0.4635,0.188030972533013,-0.308621103581708
32.674,0.4322,-0.5019,0.186660757647059,-0.313854684469039
32.684,0.5059,-0.5123,0.185261936806723,-0.319194453984102
32.694,0.5758,-0.4891,0.184020008979592,-0.323932710554954
32.704,0.6427,-0.434,0.182882491188475,-0.328270473732099
32.714,0.7075,-0.3587,0.181490273757503,-0.333576710697552
32.724,0.7704,-0.2735,0.180414952557023,-0.337673044830895
32.734,0.8319,-0.184,0.179149280672269,-0.342492160556252
32.744,0.8921,-0.0919,0.178120523073229,-0.346407348152621
32.754,0.9515,0.0048,0.177008986218487,-0.35063569512454
32.764,1.01,0.1065,0.176173013445378,-0.353814497375749
32.774,1.0677,0.2103,0.175049905258103,-0.358083403446131
32.784,1.125,0.317,0.174283569027611,-0.360995087773463
32.794,1.1822,0.4244,0.173206942280912,-0.365084154913751
32.804,1.2393,0.5282,0.172514281152461,-0.367713942635574
32.814,1.2961,0.6271,0.171602465978391,-0.371174629882682
32.824,1.3527,0.7231,0.170877502088836,-0.373925212460096
32.834,1.4093,0.8159,0.170191917887155,-0.376525625048355
32.844,1.4655,0.904,0.169420836782713,-0.379449444408931
32.854,1.5217,0.9892,0.168670763361345,-0.382292710419296
32.864,1.578,1.0756,0.167906297671068,-0.385189624213595
32.874,1.6344,1.1616,0.167187903529412,-0.387911116322169
32.884,1.6904,1.2437,0.166613566338535,-0.390086295641665
32.894,1.7465,1.3242,0.166023023961585,-0.39232230967992
32.904,1.8027,1.4064,0.165628707515006,-0.393815034884761
32.914,1.859,1.4885,0.164994743193277,-0.396214461206709
32.924,1.915,1.5676,0.16432649512605,-0.398742963457918
32.934,1.9709,1.6443,0.163750595390156,-0.400921479558641
32.944,2.027,1.7195,0.16310005454982,-0.40338172438763
32.954,2.083,1.7951,0.162702623529412,-0.404884421409079
32.964,2.1389,1.8702,0.16227950909964,-0.406483956719391
32.974,2.1947,1.9431,0.161875954141657,-0.408009289030613
32.984,2.2501,2.0153,0.161476676110444,-0.409518205267212
32.994,2.3061,2.0878,0.161000488883553,-0.411317444362
33.004,2.3628,2.1609,0.160679588763505,-0.41252974261143
33.014,2.4194,2.2326,0.160304123985594,-0.413947971434546
33.024,2.4756,2.3054,0.159963672605042,-0.415233755268276
33.034,2.5316,2.3767,0.159532091476591,-0.416863449146433
33.044,2.5874,2.4445,0.159227470204082,-0.418013554862179
33.054,2.643,2.5098,0.158844891188475,-0.419457787072906
33.064,2.6989,2.5806,0.158584834813925,-0.420439367148588
33.074,2.7551,2.6551,0.158141114045618,-0.422113943125051
33.084,2.8113,2.7265,0.157893703145258,-0.42304752398015
33.094,2.8673,2.7923,0.157624238703481,-0.424064213185652
33.104,2.9233,2.8568,0.157391805138055,-0.424941094021827
33.114,2.9791,2.9236,0.157169389243697,-0.425780103298317
33.124,3.035,2.9915,0.15687982847539,-0.426872284633951
33.134,3.0906,3.0585,0.156550085330132,-0.428115869053139
33.144,3.1468,3.1256,0.156369998079232,-0.428794973773387
33.154,3.2031,3.1927,0.15613299879952,-0.429688615439831
33.164,3.2594,3.2593,0.15570136062425,-0.431315947886178
33.174,3.3156,3.325,0.155570009027611,-0.431811103056208
33.184,3.3717,3.3913,0.15556004364946,-0.431848668374771
33.194,3.4276,3.4571,0.155387999231693,-0.43249717969607
33.204,3.4832,3.5204,0.155078422088836,-0.433663996539579
33.214,3.5388,3.5848,0.154951298103241,-0.434143092110718
33.224,3.5948,3.6505,0.154808618823529,-0.434680781392884
33.234,3.6511,3.7166,0.154728260840336,-0.434983597873706
33.244,3.7074,3.7808,0.154750140888355,-0.434901147332858
33.254,3.7637,3.844,0.154634200240096,-0.435338037762701
33.264,3.8198,3.9093,0.154530685810324,-0.435728085741091
33.274,3.8759,3.9763,0.154495675198079,-0.435860003852999
33.284,3.9316,4.0404,0.15442398909964,-0.436130107285046
33.294,3.9872,4.1028,0.154569116062425,-0.435583280414606
33.304,4.043,4.1672,0.154392133973589,-0.436250130486297
33.314,4.0994,4.2355,0.154240522352941,-0.436821348539857
33.324,4.1557,4.3008,0.154196934789916,-0.436985564184146
33.334,4.2119,4.3606,0.154172708139256,-0.437076836535614
33.344,4.2678,4.4207,0.154179235918367,-0.437052243636595
33.354,4.3237,4.4859,0.154034402545018,-0.437597876509181
33.364,4.3794,4.5536,0.154091852677071,-0.437381447694451
33.374,4.435,4.6198,0.154002208355342,-0.437719157717246
33.384,4.491,4.6824,0.154082659879952,-0.437416079573028
33.394,4.547,4.746,0.153976271740696,-0.43781686436107
33.404,4.6031,4.8122,0.153812303385354,-0.438434530548966
33.414,4.6592,4.8771,0.15376095697479,-0.438627943067729
33.424,4.7149,4.9397,0.153704756062425,-0.438839636907191
33.434,4.7707,5.0002,0.153602282689076,-0.439225614121642
33.444,4.8265,5.0627,0.153574568163265,-0.439330001122556
33.454,4.8824,5.1294,0.15348236244898,-0.439677286148765
33.464,4.9386,5.1982,0.153470778295318,-0.439720915949644
33.474,4.9949,5.2672,0.153487266314526,-0.439658816486548
33.484,5.0512,5.3318,0.153296574597839,-0.440377000244429
33.494,5.1074,5.3941,0.153209170996399,-0.440706161082415
33.504,5.1636,5.4579,0.152944446818727,-0.441703036502019
33.514,5.2196,5.5239,0.152906379255702,-0.441846379084462
33.524,5.2753,5.5894,0.152648625498199,-0.442816886033514
33.534,5.3309,5.6517,0.152531855846339,-0.443256518820758
33.544,5.3868,5.7145,0.152328334453782,-0.444022717605775
33.554,5.4428,5.7813,0.152142545498199,-0.444722102759526
33.564,5.4988,5.8506,0.151833299111645,-0.445886113003459
33.574,5.555,5.9193,0.151690327779112,-0.446424210068921
33.584,5.6112,5.9849,0.151371762977191,-0.4476230690629
33.594,5.6673,6.0498,0.151155192220888,-0.448438002611493
33.604,5.7232,6.1174,0.150976549867947,-0.44911016067965
33.614,5.7792,6.1864,0.15070480120048,-0.450132544741969
33.624,5.835,6.2534,0.150539977527011,-0.450752595349897
33.634,5.8909,6.3207,0.150383661416567,-0.451340602394064
33.644,5.9469,6.3911,0.150189674717887,-0.452070260431206
33.654,6.0034,6.4597,0.150103998895558,-0.452392501327053
33.664,6.0596,6.5279,0.150023124705882,-0.452696672045001
33.674,6.1157,6.5947,0.149774152220888,-0.453633002778887
33.684,6.1717,6.6622,0.149571277695078,-0.45439589815638
33.694,6.2275,6.731,0.149455635246098,-0.454830734891737
33.704,6.2833,6.7995,0.149399635294118,-0.455041297490855
33.714,6.3391,6.8683,0.149420737094838,-0.454961954243566
33.724,6.395,6.9377,0.14916853392557,-0.455910198677945
33.734,6.4509,7.0074,0.149213720720288,-0.455740310654336
33.744,6.507,7.0791,0.149044749195678,-0.456375573810907
33.754,6.5632,7.1522,0.149191970852341,-0.455822083658045
33.764,6.6193,7.2233,0.149138582521008,-0.456022804720035
33.774,6.6751,7.2917,0.149286635006002,-0.455466169379992
33.784,6.7308,7.3609,0.149228752845138,-0.455683793928582
33.794,6.7865,7.4319,0.149083928403361,-0.456228280110013
33.804,6.8423,7.5054,0.149202343481393,-0.455783085764055
33.814,6.8982,7.5798,0.149284462472989,-0.455474337733406
33.824,6.9545,7.6499,0.149610425978391,-0.454248688761209
33.834,7.011,7.7197,0.149640874621849,-0.454134191002334
33.836,7.0222,7.7344,0.14971762002401,-0.453845594541037
33.838,7.0333,7.749,0.14985755394958,-0.453319357935768
33.848,7.0732,7.8107,0.150112615270108,-0.45236009423644
33.858,7.0708,7.8027,0.150320693541417,-0.451577455012039
33.868,7.0366,7.7537,0.150441008307323,-0.451124887664031
33.878,6.9774,7.6846,0.150594940168067,-0.450545835931029
33.888,6.9024,7.6004,0.150858712989196,-0.449553505523895
33.898,6.8202,7.4997,0.150972740072029,-0.449124494843239
33.908,6.7368,7.3781,0.151417274285714,-0.447451805418829
33.918,6.6556,7.2327,0.151778099543818,-0.446093869780092
33.928,6.5781,7.0693,0.152142691140456,-0.444721554523861
33.938,6.5047,6.8973,0.152459717022809,-0.443528107847829
33.948,6.4351,6.7299,0.152807392028812,-0.44221910280004
33.958,6.3682,6.571,0.153175764705882,-0.440831965606673
33.968,6.3033,6.4219,0.153629442785114,-0.439123314226943
33.978,6.2404,6.2823,0.154088100936375,-0.437395581583457
33.988,6.179,6.1506,0.15454303755102,-0.435681544588741
33.998,6.1191,6.0294,0.154982626794718,-0.43402502516607
34.008,6.06,5.9167,0.155571454405762,-0.431805654570685
34.018,6.0017,5.8102,0.156211268715486,-0.429393496542683
34.028,5.9439,5.7061,0.156731547370948,-0.427431528950888
34.038,5.8864,5.6066,0.157278866266507,-0.425367137777822
34.048,5.8288,5.5086,0.157873973013205,-0.423121969597984
34.058,5.7715,5.4134,0.158464767731093,-0.420892523520058
34.068,5.7144,5.3211,0.159223168643457,-0.41802979448229
34.078,5.6579,5.2359,0.159967854933974,-0.41521796095044
34.088,5.6015,5.153,0.160557505066026,-0.412990908862161
34.098,5.5453,5.0657,0.161453130228091,-0.409607180008305
34.108,5.4891,4.9747,0.162256704633854,-0.406570158426226
34.118,5.4329,4.8846,0.163014958079232,-0.403703497131668
34.128,5.3766,4.8004,0.163791806242497,-0.40076560419721
34.138,5.3202,4.7227,0.164551774261705,-0.397890635336715
34.148,5.264,4.6445,0.165411211572629,-0.394638283806641
34.158,5.2078,4.5653,0.166383541128451,-0.390957321974738
34.168,5.1518,4.4855,0.167197026890756,-0.387876559370084
34.178,5.096,4.407,0.168057147082833,-0.384618058671404
34.188,5.0403,4.3306,0.169063512028812,-0.380804047698996
34.198,4.9843,4.2543,0.169987901992797,-0.377299312343768
34.208,4.9282,4.1779,0.171123589243697,-0.372991626767953
34.218,4.8719,4.1011,0.172206888355342,-0.368880761905346
34.228,4.8156,4.0251,0.173527252917167,-0.363867794222305
34.238,4.7595,3.9512,0.174631934693878,-0.359671591702748
34.248,4.7035,3.8823,0.175992266698679,-0.354501645436686
34.258,4.6476,3.8128,0.177271287539016,-0.349638062263536
34.268,4.5918,3.7399,0.17856759577431,-0.344706109376244
34.278,4.5359,3.6647,0.180114979111645,-0.338815439161432
34.288,4.4801,3.5915,0.181526938055222,-0.333437009300291
34.298,4.4239,3.5217,0.183279446722689,-0.32675697269169
34.308,4.3676,3.4528,0.184838966914766,-0.320808461407254
34.318,4.3114,3.3833,0.186523477262905,-0.314378867201742
34.328,4.2553,3.3172,0.188228946362545,-0.307864689579076
34.338,4.1996,3.2519,0.190150241440576,-0.300520613647204
34.348,4.1441,3.1848,0.191998509627851,-0.293450141133182
34.358,4.0884,3.1165,0.19390259697479,-0.28616044778213
34.368,4.0325,3.0489,0.195972123217287,-0.278230827245298
34.378,3.9765,2.9821,0.198290762496999,-0.269338583345777
34.388,3.9202,2.9146,0.200467506986795,-0.260982702974739
34.398,3.8637,2.848,0.202909123217287,-0.251601034639304
34.408,3.8075,2.7837,0.204993754765906,-0.243583483524255
34.418,3.7518,2.7219,0.207440908283313,-0.234162763097604
34.428,3.6962,2.6585,0.209733614213685,-0.225327880816061
34.438,3.6404,2.5928,0.212127639279712,-0.216093537464841
34.448,3.5843,2.5265,0.214552628043217,-0.206730340130776
34.458,3.5282,2.4605,0.21698320605042,-0.197336034870354
34.468,3.4719,2.3977,0.219254876686675,-0.188547278569675
34.478,3.4157,2.3359,0.221496196926771,-0.179867753923255
34.488,3.3595,2.2747,0.223852586314526,-0.170733839171686
34.498,3.3038,2.2129,0.226405596206483,-0.16082759989947
34.508,3.2479,2.1489,0.228499426794718,-0.152695164944878
34.518,3.1922,2.0861,0.230819647971188,-0.14367508858267
34.528,3.1364,2.0273,0.232987710636255,-0.135238606907329
34.538,3.0805,1.9653,0.235226344489796,-0.126519458394506
34.548,3.0245,1.9001,0.23729981272509,-0.118436293793885
34.558,2.9683,1.8345,0.239288918223289,-0.110675389943998
34.568,2.912,1.7723,0.241318964081633,-0.102748059143578
34.578,2.8559,1.7144,0.243379138823529,-0.0946961571415337
34.588,2.7997,1.656,0.245288734213685,-0.0872265419920777
34.598,2.7438,1.5954,0.246985327346939,-0.0805850759689905
34.608,2.6879,1.5334,0.248694257142857,-0.0738905220538583
34.618,2.6319,1.4729,0.250284750012005,-0.0676556043019386
34.628,2.576,1.4127,0.25187585454982,-0.0614141092706684
34.638,2.5199,1.3515,0.253255264153662,-0.0559996529228421
34.648,2.4638,1.2905,0.254805134597839,-0.0499123484938697
34.658,2.4079,1.2316,0.255788854165666,-0.046046607049186
34.668,2.3518,1.1709,0.257078018439376,-0.0409781260166625
34.678,2.2958,1.1091,0.25803473214886,-0.0372149268643772
34.688,2.2399,1.0475,0.258841492821128,-0.0340403822866446
34.698,2.184,0.9883,0.25975286180072,-0.0304529117986729
34.708,2.1281,0.9296,0.260415412869148,-0.0278440104946937
34.718,2.072,0.8696,0.260919641104442,-0.0258580419561499
34.728,2.016,0.8089,0.260998682304922,-0.0255466895834245
34.738,1.9604,0.7482,0.261125683793517,-0.0250463943723271
34.748,1.9046,0.6871,0.261007669243698,-0.0255112883411621
34.758,1.8484,0.6255,0.260782553661465,-0.0263980205227378
34.768,1.7922,0.5659,0.260355905066026,-0.0280783618460317
34.778,1.736,0.5065,0.259589780888355,-0.0310949572544116
34.788,1.6799,0.4454,0.25887511212485,-0.0339080693225456
34.798,1.6239,0.3838,0.258028077022809,-0.0372411098093539
34.808,1.5675,0.3228,0.256886808883553,-0.0417300599381493
34.818,1.5115,0.2649,0.255810550012005,-0.0459613304018276
34.828,1.4554,0.205,0.254459726722689,-0.0512693242052331
34.838,1.3994,0.1427,0.25294822060024,-0.0572051320405589
34.848,1.3437,0.0809,0.251386754669868,-0.0633331679104522
34.858,1.2879,0.0211,0.249867563697479,-0.0692914273219871
34.868,1.232,-0.0384,0.248064744057623,-0.0763571339607762
34.878,1.1762,-0.0983,0.246049642208884,-0.0842484856474532
34.888,1.1202,-0.1568,0.244042406578631,-0.0921023843568176
34.898,1.0643,-0.2086,0.241994467370948,-0.100108718267317
34.908,1.008,-0.2539,0.239981489987995,-0.107971656525662
34.918,0.9519,-0.2935,0.237610213877551,-0.117225626812991
34.928,0.8959,-0.329,0.235360542136855,-0.125996518063092
34.938,0.8401,-0.36,0.232962299351741,-0.135337533104574
34.948,0.7842,-0.3899,0.230506220936375,-0.144894078113338
34.958,0.7284,-0.423,0.227926978679472,-0.154919261427825
34.968,0.6727,-0.4558,0.225726432028811,-0.16346394044633
34.978,0.6166,-0.4854,0.223350442737095,-0.172681020354512
34.988,0.5602,-0.5078,0.221143377286915,-0.181234589800766
34.998,0.5037,-0.5232,0.218601928739496,-0.191074292421407
35.008,0.4475,-0.5313,0.216489604129652,-0.199244603439692
35.018,0.3917,-0.5348,0.214030666458583,-0.208746503125887
35.028,0.3357,-0.5357,0.211976111740696,-0.216678290186199
35.038,0.2799,-0.5354,0.209669134021609,-0.225576469125455
35.048,0.2243,-0.5346,0.207779833469388,-0.232857256236061
35.058,0.1681,-0.536,0.205786977719088,-0.240530894609816
35.068,0.1119,-0.537,0.203930067995198,-0.247675323379517
35.078,0.0557,-0.537,0.202021621704682,-0.255012275804513
35.088,-0.0002,-0.5371,0.200384720288115,-0.261300635350484
35.09,-0.0113,-0.537,0.198732174645858,-0.2676447446679
35.092,-0.0224,-0.537,0.197153981656663,-0.273699339257311
35.102,-0.0621,-0.5249,0.195598604993998,-0.279662509184246
35.112,-0.0595,-0.4513,0.194117742136855,-0.285336413188262
35.122,-0.0251,-0.3704,0.192611398223289,-0.291104361174895
35.132,0.0339,-0.3242,0.191036737671068,-0.297130037694995
35.142,0.1086,-0.3217,0.18980772787515,-0.301830288184016
35.152,0.1904,-0.3584,0.188458560288115,-0.306987307838097
35.162,0.2733,-0.4152,0.187050930804322,-0.312364708703484
35.172,0.3546,-0.4689,0.185731650516206,-0.31740174485134
35.182,0.4323,-0.5043,0.184216078511405,-0.323184820083856
35.192,0.506,-0.5131,0.182989162208884,-0.32786378593638
35.202,0.5758,-0.4907,0.18165272729892,-0.332957700362701
35.212,0.6428,-0.4381,0.18066964364946,-0.33670298847654
35.222,0.7075,-0.364,0.179544855846339,-0.340986258061413
35.232,0.7704,-0.2797,0.178427475438175,-0.345239341050454
35.242,0.8321,-0.1937,0.177157309915966,-0.350071576357028
35.252,0.8924,-0.1043,0.176077933877551,-0.354175969447091
35.262,0.9516,-0.0076,0.17497904912365,-0.358352659192714
35.272,1.0098,0.095,0.174081220312125,-0.361763754707815
35.282,1.0676,0.1996,0.172856399711885,-0.366415134582502
35.292,1.1248,0.3039,0.171971891044418,-0.369772678011403
35.302,1.182,0.4076,0.17111055577431,-0.373041074484134
35.312,1.2391,0.5125,0.170332417959184,-0.375992770119457
35.322,1.2962,0.6152,0.169687088451381,-0.378439965096183
35.332,1.3532,0.7135,0.168988336614646,-0.381089009055804
35.342,1.4097,0.8065,0.168199308043217,-0.384079380841118
35.352,1.4658,0.8958,0.16766439515006,-0.386106113754474
35.362,1.5219,0.9833,0.167081498343337,-0.388314142233359
35.372,1.5779,1.0691,0.166466919135654,-0.390641607725618
35.382,1.6341,1.1536,0.165776056182473,-0.393257259942795
35.392,1.6903,1.2345,0.165210480864346,-0.395398008528595
35.402,1.7467,1.3146,0.164707713133253,-0.397300604822653
35.412,1.8032,1.3945,0.16424238669868,-0.399061161550857
35.422,1.8591,1.474,0.163701428331332,-0.401107444890833
35.432,1.9149,1.553,0.163297887971189,-0.402633619017949
35.442,1.9707,1.6304,0.162992126098439,-0.403789829092711
35.452,2.0265,1.7076,0.162465123601441,-0.405782296949314
35.462,2.0826,1.7844,0.162165209747899,-0.406916004238626
35.472,2.1389,1.8608,0.161765032509004,-0.408428499241722
35.482,2.1954,1.9339,0.161531579543818,-0.409310733833338
35.492,2.2517,2.0044,0.161224742472989,-0.410470162463721
35.502,2.3074,2.0752,0.16100188120048,-0.411312184109083
35.512,2.3625,2.1466,0.160620086482593,-0.412754512987955
35.522,2.418,2.2205,0.160513518463385,-0.413157060780418
35.532,2.4743,2.2955,0.160178973733493,-0.414420647824018
35.542,2.5308,2.37,0.160135341752701,-0.414585434451127
35.552,2.5872,2.4408,0.159998583913566,-0.415101913939502
35.562,2.6435,2.5082,0.159739339159664,-0.416080897259295
35.572,2.6998,2.5729,0.159384130564226,-0.41742209758544
35.582,2.7554,2.6393,0.159189331236495,-0.418157539352867
35.592,2.8108,2.7103,0.1588484569988,-0.419444327226088
35.602,2.8667,2.7809,0.158873129267707,-0.419351196389901
35.612,2.9227,2.8477,0.158618351596639,-0.420312864321157
35.622,2.9787,2.9135,0.158421331908763,-0.421056453170553
35.632,3.0349,2.9821,0.158116196590636,-0.422207971027006
35.642,3.0913,3.051,0.157952685810324,-0.422824967318537
35.652,3.1476,3.1157,0.157449446818727,-0.424723642378662
35.662,3.2036,3.1793,0.157408881728691,-0.424876673596457
35.672,3.2594,3.2441,0.157245859495798,-0.425491646767313
35.682,3.3155,3.3121,0.157149288739496,-0.425855923711281
35.692,3.3713,3.3792,0.156899098055222,-0.426799606622353
35.702,3.4272,3.4452,0.156799871980792,-0.427173845956863
35.712,3.483,3.511,0.156614395102041,-0.427873346202775
35.722,3.5391,3.5772,0.156376266938775,-0.428771334902168
35.732,3.5951,3.6423,0.156014386122449,-0.430135829663197
35.742,3.6513,3.7073,0.15589796729892,-0.430574750939821
35.752,3.7074,3.7701,0.155685466842737,-0.431375863988129
35.762,3.7637,3.8329,0.155797962833133,-0.430951770097156
35.772,3.8198,3.8993,0.155620574597839,-0.431620489568224
35.782,3.8756,3.9647,0.155654436926771,-0.431492838894223
35.792,3.9315,4.0293,0.15556252182473,-0.431839326702214
35.802,3.9873,4.0911,0.155377744777911,-0.432535831802421
35.812,4.0433,4.1532,0.155368545882353,-0.432570505054579
35.822,4.0995,4.2196,0.155150954573829,-0.433390630154701
35.832,4.1557,4.2875,0.155023623481393,-0.433870520602853
35.842,4.212,4.3523,0.154960466938776,-0.434108538115793
35.852,4.2679,4.4134,0.154731745114046,-0.434970468141959
35.862,4.3237,4.4765,0.154568170468187,-0.435586843444618
35.872,4.3794,4.5433,0.154530818103241,-0.435727587264849
35.882,4.435,4.6097,0.154420870732293,-0.436141856686091
35.892,4.491,4.6737,0.154233188523409,-0.436848978865305
35.902,4.5469,4.7365,0.154065319903961,-0.437481403831497
35.912,4.6031,4.801,0.153768637743097,-0.438599011281791
35.922,4.6589,4.8665,0.153700380984394,-0.438856116452642
35.932,4.7149,4.9293,0.153534853589436,-0.439479584326825
35.942,4.7709,4.9893,0.153312126482593,-0.440318430802494
35.952,4.8267,5.0536,0.153175349339736,-0.440833529820329
35.962,4.8827,5.121,0.153020636542617,-0.441416138987313
35.972,4.9386,5.1892,0.152705498103241,-0.442602755416984
35.982,4.9948,5.2537,0.15234588182473,-0.443956659397641
35.992,5.051,5.3158,0.151944828619448,-0.445466330588031
36.002,5.1073,5.3807,0.151784141704682,-0.446071128893041
36.012,5.1635,5.4476,0.151616335414166,-0.446702680528881
36.022,5.2195,5.5142,0.151335355630252,-0.447760071266633
36.032,5.2751,5.5804,0.151159973061225,-0.448420013585307
36.042,5.3309,5.6459,0.150772380408163,-0.449878306160002
36.052,5.3868,5.7117,0.150441587466987,-0.451122709084492
36.062,5.4427,5.7785,0.150222969267707,-0.451945031067074
36.072,5.4988,5.8449,0.150164371716687,-0.452165430375924
36.082,5.555,5.9106,0.149832447442977,-0.453413775894411
36.092,5.6111,5.9752,0.149793508091236,-0.453560213055585
36.102,5.6673,6.0395,0.149264205618247,-0.455550499698484
36.112,5.7232,6.1067,0.14911795457383,-0.456100357252294
36.122,5.7792,6.1771,0.148954969795918,-0.456713089276272
36.132,5.835,6.2471,0.148734623097239,-0.457541404730363
36.142,5.8909,6.3144,0.148428951212485,-0.458690345448764
36.152,5.9469,6.3803,0.148529752557023,-0.45831147554186
36.162,6.0032,6.4473,0.148309688835534,-0.459138582288804
36.172,6.0596,6.5151,0.148247104489796,-0.459373791066775
36.182,6.1157,6.5833,0.148100789627851,-0.45992365793441
36.192,6.1717,6.6513,0.148205810948379,-0.459528979961878
36.202,6.2275,6.721,0.148162804369748,-0.459690603964774
36.212,6.2833,6.7902,0.14796909877551,-0.46041853785646
36.222,6.339,6.859,0.147931414885954,-0.460560144877752
36.232,6.3947,6.9295,0.148104362496999,-0.459910231105841
36.242,6.4503,6.9999,0.148038047442977,-0.460159439602162
36.252,6.5065,7.0697,0.148216484705882,-0.45948886622683
36.262,6.5628,7.1386,0.148160566818728,-0.459699012877823
36.272,6.6193,7.2077,0.148196706410564,-0.459563196171938
36.282,6.6751,7.2779,0.148290313661465,-0.459211400044563
36.292,6.7311,7.3488,0.148363200864346,-0.458937464901679
36.302,6.7865,7.4197,0.148521793517407,-0.458341390800613
36.312,6.8423,7.4921,0.148589202641056,-0.458088020270381
36.322,6.8982,7.5667,0.148852798031212,-0.457097177233114
36.332,6.9547,7.6397,0.148991009555822,-0.456577603389585
36.342,7.0112,7.7096,0.149114511452581,-0.456113301896973
36.344,7.0224,7.7237,0.149452102521008,-0.454844018257111
36.346,7.0335,7.7376,0.149638532148859,-0.454142999587257
36.356,7.0734,7.7984,0.149734694933974,-0.453781384128776
36.366,7.0709,7.7929,0.149918984009604,-0.453088333984661
36.376,7.0367,7.746,0.150101226458583,-0.452402928729525
36.386,6.9776,7.6739,0.150385017527011,-0.451335501339464
36.396,6.9025,7.5848,0.150738061032413,-0.450007419382375
36.406,6.8202,7.4826,0.151088708667467,-0.448688158802055
36.416,6.737,7.3641,0.15132113695078,-0.447813576128872
36.426,6.6556,7.221,0.151773917166867,-0.44610961096332
36.436,6.5782,7.057,0.15199068182473,-0.445293739544508
36.446,6.5049,6.8851,0.152269014501801,-0.444246027844773
36.456,6.4351,6.7175,0.152848087490996,-0.442065871095939
36.466,6.368,6.56,0.153258016806723,-0.440522209852885
36.476,6.3035,6.4124,0.15389954545018,-0.438105896280904
36.486,6.2405,6.2726,0.154372293397359,-0.436324884673891
36.496,6.1791,6.14,0.154834773445378,-0.434582219627899
36.506,6.1191,6.0188,0.155431415606243,-0.432333528569105
36.516,6.06,5.9084,0.156008302953181,-0.430158764899592
36.526,6.0017,5.8033,0.156770382232893,-0.427285066020626
36.536,5.9439,5.6998,0.157428011620648,-0.42480450667407
36.546,5.8864,5.5986,0.158221238559424,-0.421811580649353
36.556,5.8289,5.5012,0.158846910492197,-0.419450164819444
36.566,5.7715,5.4072,0.15967251452581,-0.416333229442946
36.576,5.7145,5.3153,0.160406206866747,-0.413562399432403
36.586,5.6578,5.2258,0.161163836590636,-0.410700286734155
36.596,5.6015,5.139,0.16191845210084,-0.407848669835224
36.606,5.5452,5.0525,0.162539596638655,-0.405500758905929
36.616,5.489,4.9666,0.163485486482593,-0.401924160337926
36.626,5.4328,4.8784,0.164448743865546,-0.398280453611805
36.636,5.3765,4.7935,0.165237518751501,-0.395295679325895
36.646,5.3202,4.7139,0.166106205090036,-0.392007387912391
36.656,5.2639,4.6362,0.167044561488595,-0.38845404206874
36.666,5.2079,4.554,0.16810745939976,-0.384427418326363
36.676,5.1518,4.4712,0.169046343145258,-0.380869129177452
36.686,5.0961,4.3928,0.17001366242497,-0.37720162493758
36.696,5.0401,4.3197,0.171064428571429,-0.373216074464924
36.706,4.9843,4.248,0.172193454885954,-0.368931750052962
36.716,4.9281,4.1723,0.17328499572629,-0.364787766449358
36.726,4.8719,4.0927,0.174657007587035,-0.359576328458046
36.736,4.8156,4.0151,0.175726403217287,-0.355512289703482
36.746,4.7595,3.9433,0.177190077887155,-0.349946945418552
36.756,4.7035,3.8743,0.178639167442977,-0.344433729524428
36.766,4.6476,3.8042,0.180146351020408,-0.338695971608502
36.776,4.5918,3.7314,0.181660795534214,-0.332926956202018
36.786,4.5359,3.6583,0.183294511020408,-0.326699531042443
36.796,4.48,3.5875,0.184991249891957,-0.320227398681855
36.806,4.4239,3.5185,0.18678017454982,-0.313398686205535
36.816,4.3677,3.4497,0.188463060552221,-0.30697011096441
36.826,4.3117,3.3793,0.190580053589436,-0.298876870216462
36.836,4.2558,3.3082,0.192454541752701,-0.291704773175855
36.846,4.1998,3.2387,0.194648171764706,-0.283304481929054
36.856,4.1441,3.1718,0.196767775414166,-0.27518037860306
36.866,4.0883,3.1056,0.199069737142857,-0.266349199928948
36.876,4.0324,3.0394,0.201512900168067,-0.256967052082544
36.886,3.9763,2.9748,0.203819306602641,-0.248101301132371
36.896,3.9202,2.91,0.206157341752701,-0.239105263194921
36.906,3.8641,2.8448,0.208568613973589,-0.22981823533844
36.916,3.8079,2.7765,0.211102132484994,-0.220050299732691
36.926,3.7517,2.7103,0.213637568451381,-0.210264618938987
36.936,3.6958,2.6467,0.216023015030012,-0.201048361726214
36.946,3.6401,2.5831,0.218497292773109,-0.191479186323423
36.956,3.584,2.5177,0.220953621992797,-0.181969625123312
36.966,3.528,2.4535,0.223513035582233,-0.172050572736628
36.976,3.472,2.3916,0.225926759663866,-0.162686398118543
36.986,3.4159,2.3313,0.228368581368547,-0.1532035774576
36.996,3.3596,2.2681,0.230671291956783,-0.144252099074691
37.006,3.3037,2.2033,0.232957319615846,-0.135356919105877
37.016,3.2477,2.139,0.23510825512605,-0.126979603730066
37.026,3.192,2.078,0.237189797454982,-0.118865351794876
37.036,3.1363,2.0181,0.239231915006002,-0.110897889972458
37.046,3.0804,1.9591,0.241316950204082,-0.102755926688648
37.056,3.0246,1.8984,0.243228594813926,-0.0952847733486361
37.066,2.9687,1.8349,0.245128122785114,-0.0878550242631252
37.076,2.9123,1.7714,0.246852247442977,-0.0811062005555286
37.086,2.8558,1.7097,0.248875302809124,-0.0731810124457008
37.096,2.7996,1.6495,0.250486886578631,-0.0668629062808489
37.106,2.7436,1.5886,0.252021952076831,-0.0608407964534332
37.116,2.6878,1.5267,0.253387467515006,-0.0554805632451303
37.126,2.6319,1.4646,0.254732986170468,-0.0501958084507751
37.136,2.5763,1.4044,0.256152673133253,-0.0446164946286634
37.146,2.5205,1.3444,0.25725423577431,-0.0402850955016974
37.156,2.4641,1.2847,0.258225086626651,-0.036465993207005
37.166,2.4076,1.2245,0.258933564177671,-0.0336780195087872
