Tempo,Spostamento,Forza,Voltaggio,Delta_R_su_R0
0,0.0001,-0.4523,0.296379607117371,-2.51252661132445e-05
0.01,0.0001,-0.4574,0.296381243144289,-1.92575498397975e-05
0.02,0.0001,-0.4525,0.296382849442195,-1.34964546188001e-05
0.03,0.0001,-0.4433,0.296384426011089,-7.84198066925732e-06
0.04,0.0001,-0.4405,0.29638597285097,-2.29412820459329e-06
0.05,0.0001,-0.4437,0.296387489961839,3.1471025638848e-06
0.06,0.0001,-0.4463,0.296388977343696,8.48171142948847e-06
0.07,0.0001,-0.4434,0.29639043499654,1.37096981909178e-05
0.08,0.0001,-0.4382,0.296391862920372,1.88310626495672e-05
0.09,0.0004,-0.4388,0.296393261115192,2.38458046108722e-05
0.1,0.0004,-0.446,0.296394629580999,2.87539238850799e-05
0.11,0.0004,-0.4533,0.296395968317794,3.35554202859012e-05
0.12,0.0005,-0.453,0.296397277325577,3.82502936314733e-05
0.13,0.0007,-0.4483,0.296398556604347,4.28385437430126e-05
0.14,0.0011,-0.4465,0.296399806154106,4.7320170447509e-05
0.15,0.0014,-0.4499,0.296401025974852,5.16951735748391e-05
0.16,0.0018,-0.4524,0.296402216066585,5.59635529585358e-05
0.17,0.0022,-0.4491,0.296403376429306,6.01253084367509e-05
0.18,0.003,-0.4406,0.296404507063015,6.41804398520625e-05
0.19,0.0035,-0.4338,0.296405607967712,6.81289470505127e-05
0.2,0.0044,-0.433,0.296406679143396,7.197082988257e-05
0.21,0.0051,-0.4354,0.296407720590068,7.57060882021667e-05
0.22,0.0058,-0.4369,0.296408732307728,7.9334721867854e-05
0.23,0.0065,-0.4387,0.296409714296376,8.28567307422247e-05
0.24,0.007,-0.4398,0.296410666556011,8.62721146917201e-05
0.25,0.0076,-0.439,0.296411589086634,8.95808735860535e-05
0.26,0.008,-0.4366,0.296412481888244,9.27830073007113e-05
0.27,0.0085,-0.436,0.296413344960842,9.5878515713682e-05
0.28,0.009,-0.4363,0.296414178304428,9.88673987077652e-05
0.29,0.0094,-0.4358,0.296414981919002,0.000101749656169609
0.3,0.0098,-0.4331,0.296415755804563,0.000104525287990097
0.31,0.0103,-0.4308,0.296416499961112,0.000107194294063574
0.32,0.0106,-0.4305,0.296417214388649,0.000109756674289006
0.33,0.011,-0.4309,0.296417899087173,0.000112212428569014
0.34,0.0113,-0.4309,0.296418554056685,0.000114561556811032
0.35,0.0117,-0.4301,0.296419179297185,0.000116804058925378
0.36,0.012,-0.4277,0.296419774808672,0.000118939934827762
0.37,0.0124,-0.4256,0.296420340591147,0.000120969184436199
0.38,0.0127,-0.4238,0.29642087664461,0.000122891807674482
0.39,0.013,-0.4243,0.296421382969061,0.000124707804469288
0.4,0.0133,-0.427,0.296421859564499,0.000126417174751913
0.41,0.0136,-0.4285,0.296422306430925,0.000128019918457501
0.42,0.0138,-0.4283,0.296422723568338,0.000129516035525241
0.43,0.0142,-0.4292,0.29642311097674,0.000130905525898552
0.44,0.0144,-0.4295,0.296423468656129,0.000132188389525089
0.45,0.0148,-0.4266,0.296423796606505,0.000133364626354815
0.46,0.0151,-0.4203,0.29642409482787,0.000134434236344623
0.47,0.0155,-0.4166,0.296424363320222,0.000135397219453327
0.48,0.0158,-0.4177,0.296424602083562,0.000136253575644365
0.49,0.0162,-0.4193,0.296424811117889,0.000137003304885403
0.5,0.0165,-0.4184,0.296424990423204,0.000137646407147961
0.51,0.0169,-0.4169,0.296425139999507,0.000138182882407789
0.52,0.0172,-0.4172,0.296425259846798,0.000138612730644104
0.53,0.0176,-0.4193,0.296425349965076,0.000138935951841317
0.54,0.0179,-0.4212,0.296425410354342,0.000139152545986341
0.55,0.0183,-0.4221,0.296425441014596,0.000139262513071672
0.56,0.0187,-0.4223,0.296425441945837,0.000139265853092883
0.57,0.0189,-0.4206,0.296425413148066,0.000139162566049589
0.58,0.0191,-0.4167,0.296425354621283,0.000138952651946409
0.59,0.0195,-0.4141,0.296425266365487,0.000138636110790078
0.6,0.0198,-0.4137,0.296425148380679,0.000138212942593876
0.61,0.0201,-0.4146,0.296425000666859,0.000137683147373198
0.62,0.0204,-0.4132,0.296424823224026,0.000137046725148059
0.63,0.0208,-0.4098,0.296424616052181,0.000136303675943091
0.64,0.0211,-0.4092,0.296424379151324,0.0001354539997862
0.65,0.0215,-0.4108,0.296424112521455,0.000134497696709333
0.66,0.0218,-0.4144,0.296423816162573,0.000133434766749053
0.67,0.0222,-0.4161,0.296423490074679,0.000132265209945776
0.68,0.0227,-0.4158,0.296423134257773,0.000130989026343956
0.69,0.0229,-0.4144,0.296422748711854,0.000129606215990935
0.7,0.0233,-0.4127,0.296422333436923,0.000128116778940599
0.71,0.0236,-0.4114,0.29642188843298,0.000126520715248564
0.72,0.024,-0.41,0.296421413700024,0.000124818024975838
0.73,0.0242,-0.4099,0.296420909238056,0.000123008708186697
0.74,0.0246,-0.4095,0.296420375047076,0.000121092764949652
0.75,0.0248,-0.4089,0.296419811127084,0.000119070195337449
0.76,0.0251,-0.4091,0.296419217478079,0.000116940999426681
0.77,0.0255,-0.4088,0.296418594100062,0.000114705177298754
0.78,0.0259,-0.4062,0.296417940993032,0.000112362729037575
0.79,0.0262,-0.4032,0.29641725815699,0.000109913654732632
0.8,0.0266,-0.4029,0.296416545591936,0.000107357954476492
0.81,0.0269,-0.4054,0.29641580329787,0.000104695628365763
0.82,0.0274,-0.4077,0.296415031274791,0.000101926676502059
0.83,0.0277,-0.4096,0.2964142295227,9.90510989900692e-05
0.84,0.0281,-0.4107,0.296413398041597,9.60688959389125e-05
0.85,0.0285,-0.4104,0.296412536831482,9.29800674615553e-05
0.86,0.0288,-0.4091,0.296411645892354,8.97846136750056e-05
0.87,0.029,-0.4059,0.296410725224214,8.64825347010824e-05
0.88,0.0294,-0.4026,0.296409774827061,8.30738306641068e-05
0.89,0.0296,-0.4017,0.296408794700896,7.95585016941732e-05
0.9,0.03,-0.399,0.296407784845719,7.59365479244552e-05
0.91,0.0302,-0.3961,0.29640674526153,7.22079694915904e-05
0.92,0.0306,-0.3959,0.296405675948328,6.83727665376049e-05
0.93,0.0309,-0.399,0.296404576906114,6.44309392076041e-05
0.94,0.0313,-0.4018,0.296403448134888,6.03824876518893e-05
0.95,0.0316,-0.4014,0.296402289634649,5.62274120228788e-05
0.96,0.032,-0.4007,0.296401101405398,5.19657124787644e-05
0.97,0.0323,-0.4009,0.296399883447135,4.75973891812019e-05
0.98,0.0327,-0.401,0.296398635759859,4.3122442295311e-05
0.99,0.0331,-0.4003,0.296397358343571,3.85408719914076e-05
1,0.0334,-0.3977,0.296396051198271,3.3852678442887e-05
1.01,0.0338,-0.3969,0.296394714323959,2.90578618277627e-05
1.02,0.034,-0.3951,0.296393347720634,2.41564223277052e-05
1.03,0.0344,-0.3907,0.296391951388297,1.91483601286186e-05
1.04,0.0347,-0.3888,0.296390525326948,1.40336754206409e-05
1.05,0.0351,-0.39,0.296389069536586,8.81236839718165e-06
1.06,0.0353,-0.3934,0.296387584017212,3.48443925665409e-06
1.07,0.0357,-0.3943,0.296386068768826,-1.95011179867961e-06
1.08,0.0359,-0.3943,0.296384523791427,-7.49128456328568e-06
1.09,0.0362,-0.3941,0.296382949085016,-1.31390788266267e-05
1.1,0.0365,-0.3942,0.296381344649593,-1.88934943748937e-05
1.11,0.0368,-0.3917,0.296379710485157,-2.47545309894664e-05
1.12,0.0371,-0.3896,0.296378046591709,-3.07221884480682e-05
1.13,0.0374,-0.3897,0.296376352969249,-3.67964665249583e-05
1.14,0.0378,-0.3901,0.296374629617777,-4.29773649890075e-05
1.15,0.0381,-0.3895,0.296372876537292,-4.92648836065846e-05
1.16,0.0385,-0.3885,0.296371093727795,-5.56590221386701e-05
1.17,0.039,-0.3867,0.296369281189286,-6.21597803429726e-05
1.18,0.0393,-0.3857,0.296367438921764,-6.87671579731597e-05
1.19,0.0397,-0.3854,0.29636556692523,-7.54811547782799e-05
1.2,0.04,-0.3856,0.296363665199684,-8.23017705043028e-05
1.21,0.0404,-0.3869,0.296361733745125,-8.92290048920018e-05
1.22,0.0407,-0.3868,0.296359772561554,-9.62628576790711e-05
1.23,0.041,-0.3866,0.296357781648971,-0.000103403328598586
1.24,0.0413,-0.3859,0.296355761007375,-0.000110650417379966
1.25,0.0416,-0.3876,0.296353710636767,-0.000118004123747819
1.26,0.0419,-0.3891,0.296351630537147,-0.000125464447423865
1.27,0.0421,-0.3886,0.296349520708515,-0.000133031388125208
1.28,0.0425,-0.3852,0.29634738115087,-0.000140704945564523
1.29,0.0429,-0.3823,0.296345211864213,-0.000148485119451407
1.3,0.0432,-0.381,0.296343012848544,-0.000156371909489877
1.31,0.0436,-0.3806,0.296340784103862,-0.000164365315382023
1.32,0.0439,-0.3793,0.296338525630168,-0.000172465336823587
1.33,0.0443,-0.3797,0.296336237427462,-0.000180671973508192
1.34,0.0446,-0.3813,0.296333919495743,-0.000188985225124458
1.35,0.045,-0.3819,0.296331571835012,-0.000197405091356965
1.36,0.0453,-0.3806,0.296329194445269,-0.000205931571886634
1.37,0.0457,-0.3812,0.296326787326514,-0.000214564666389769
1.38,0.046,-0.3833,0.296324350478746,-0.000223304374539595
1.39,0.0464,-0.383,0.296321883901966,-0.000232150696004139
1.4,0.0466,-0.3811,0.296319387596173,-0.000241103630447966
1.41,0.0469,-0.3796,0.296316861561368,-0.000250163177532177
1.42,0.0472,-0.3783,0.296314305797551,-0.000259329336912868
1.43,0.0475,-0.3771,0.296311720304722,-0.000268602108242286
1.44,0.0478,-0.3746,0.29630910508288,-0.000277981491169022
1.45,0.0482,-0.3724,0.296306460132027,-0.000287467485336857
1.46,0.0485,-0.3715,0.29630378545216,-0.000297060090386877
1.47,0.0489,-0.3728,0.296301081043282,-0.00030675930595497
1.48,0.0493,-0.3747,0.296298346905391,-0.00031656513167337
1.49,0.0497,-0.3762,0.296295583038488,-0.000326477567170269
1.5,0.0501,-0.3787,0.296292789442572,-0.000336496612069624
1.51,0.0504,-0.3798,0.296289966117644,-0.000346622265991737
1.52,0.0508,-0.3787,0.296287113063704,-0.000356854528552483
1.53,0.0511,-0.3767,0.296284230280752,-0.000367193399364081
1.54,0.0515,-0.3739,0.296281317768787,-0.00037763887803413
1.55,0.0517,-0.3706,0.29627837552781,-0.000388190964166766
1.56,0.0521,-0.3663,0.296275403557821,-0.000398849657362084
1.57,0.0523,-0.3636,0.296272401858819,-0.000409614957215366
1.58,0.0527,-0.3641,0.296269370430805,-0.000420486863318818
1.59,0.0529,-0.3665,0.296266309273779,-0.000431465375260023
1.6,0.0532,-0.3689,0.29626321838774,-0.000442550492622334
1.61,0.0536,-0.3704,0.296260097772689,-0.000453742214986409
1.62,0.054,-0.371,0.296256947428626,-0.000465040541926744
1.63,0.0543,-0.3698,0.296253767355551,-0.000476445473016109
1.64,0.0547,-0.3668,0.296250557553463,-0.000487957007820533
1.65,0.055,-0.3644,0.296247318022363,-0.000499575145904701
1.66,0.0554,-0.3656,0.296244048762251,-0.000511299886827717
1.67,0.0557,-0.3681,0.296240749773126,-0.000523131230144833
1.68,0.0561,-0.3664,0.296237421054989,-0.000535069175408034
1.69,0.0564,-0.3639,0.29623406260784,-0.000547113722163719
1.7,0.0568,-0.3648,0.296230674431678,-0.000559264869955983
1.71,0.0571,-0.3669,0.296227256526504,-0.000571522618323527
1.72,0.0575,-0.3662,0.296223808892318,-0.0005838869668014
1.73,0.0578,-0.3613,0.296220331529119,-0.000596357914921569
1.74,0.0582,-0.3565,0.296216824436908,-0.000608935462210807
1.75,0.0584,-0.3553,0.296213287615685,-0.000621619608192037
1.76,0.0588,-0.3584,0.29620972106545,-0.000634410352383947
1.77,0.059,-0.362,0.296206124786202,-0.00064730769430234
1.78,0.0594,-0.364,0.296202498777942,-0.000660311633458015
1.79,0.0596,-0.3633,0.29619884304067,-0.000673422169357152
1.8,0.06,-0.3605,0.296195157574385,-0.000686639301503814
1.81,0.0603,-0.3573,0.296191442379088,-0.000699963029395329
1.82,0.0606,-0.3562,0.296187697454779,-0.000713393352527677
1.83,0.0609,-0.3571,0.296183922801457,-0.000726930270391834
1.84,0.0613,-0.3596,0.296180118419123,-0.000740573782473197
1.85,0.0616,-0.3612,0.296176284307777,-0.000754323888255622
1.86,0.062,-0.3606,0.296172420467418,-0.000768180587217192
1.87,0.0623,-0.3574,0.296168526898048,-0.000782143878832717
1.88,0.0627,-0.3538,0.296164603599664,-0.000796213762572583
1.89,0.063,-0.3516,0.296160650572269,-0.000810390237903518
1.9,0.0634,-0.3518,0.296156667815861,-0.000824673304287824
1.91,0.0636,-0.3521,0.296152655330441,-0.000839062961184339
1.92,0.064,-0.3502,0.296148613116009,-0.000853559208046513
1.93,0.0642,-0.3502,0.296144541172564,-0.000868162044325678
1.94,0.0646,-0.3532,0.296140439500107,-0.000882871469467778
1.95,0.0648,-0.357,0.296136308098638,-0.000897687482914909
1.96,0.0652,-0.3572,0.296132146968156,-0.000912610084105508
1.97,0.0655,-0.3533,0.296127956108662,-0.000927639272473782
1.98,0.0659,-0.3492,0.296123735520156,-0.0009427750474497
1.99,0.0662,-0.3477,0.296119485202638,-0.000958017408459577
2,0.0666,-0.3483,0.296115205156107,-0.000973366354925687
2.01,0.0669,-0.349,0.296110895380564,-0.000988821886265491
2.02,0.0673,-0.3488,0.296106555876008,-0.00100438400189356
2.03,0.0676,-0.3496,0.296102186642441,-0.00102005270121909
2.04,0.068,-0.3493,0.296097787679861,-0.00103582798364895
2.05,0.0684,-0.3488,0.296093358988268,-0.00105170984858425
2.06,0.0687,-0.3491,0.296088900567664,-0.0010676982954234
2.07,0.0691,-0.3479,0.296084412418047,-0.0010837933235598
2.08,0.0693,-0.3448,0.296079894539417,-0.00109999493238339
2.09,0.0697,-0.3433,0.296075346931776,-0.00111630312127988
2.1,0.0699,-0.3454,0.296070769595122,-0.00113271788963075
2.11,0.0702,-0.3476,0.296066162529456,-0.00114923923681401
2.12,0.0706,-0.3469,0.296061525734777,-0.00116586716220286
2.13,0.071,-0.3436,0.296056859211086,-0.00118260166516721
2.14,0.0713,-0.3412,0.296052162958383,-0.00119944274507239
2.15,0.0717,-0.3398,0.296047436976668,-0.00121639040128004
2.16,0.072,-0.338,0.29604268126594,-0.0012334446331472
2.17,0.0725,-0.3366,0.2960378958262,-0.00125060544002782
2.18,0.0728,-0.3392,0.296033080657448,-0.00126787282127066
2.19,0.0732,-0.3435,0.296028235759683,-0.00128524677622198
2.2,0.0735,-0.3455,0.296023361132906,-0.00130272730422187
2.21,0.0739,-0.3432,0.296018456777117,-0.0013203144046087
2.22,0.0741,-0.34,0.296013522692315,-0.00133800807671506
2.23,0.0745,-0.3376,0.296008558878502,-0.00135580831987028
2.24,0.0747,-0.3351,0.296003565335675,-0.00137371513339982
2.25,0.0751,-0.333,0.295998542063837,-0.00139172851662396
2.26,0.0753,-0.3319,0.295993489062986,-0.00140984846886029
2.27,0.0757,-0.3328,0.295988406333123,-0.00142807498942176
2.28,0.076,-0.3348,0.295983293874248,-0.00144640807761788
2.29,0.0764,-0.3352,0.29597815168636,-0.00146484773275237
2.3,0.0767,-0.3348,0.29597297976946,-0.00148339395412722
2.31,0.0771,-0.3351,0.295967778123548,-0.00150204674103885
2.32,0.0774,-0.3334,0.295962546748623,-0.00152080609278059
2.33,0.0778,-0.3291,0.295957285644686,-0.00153967200864057
2.34,0.0782,-0.3261,0.295951994811737,-0.00155864448790386
2.35,0.0785,-0.3263,0.295946674249775,-0.0015777235298509
2.36,0.0789,-0.3301,0.295941323958801,-0.00159690913375903
2.37,0.0792,-0.3322,0.295935943938815,-0.00161620129890006
2.38,0.0796,-0.3328,0.295930534189817,-0.00163560002454343
2.39,0.0798,-0.3338,0.295925094711806,-0.00165510530995324
2.4,0.0802,-0.3319,0.295919625504783,-0.00167471715438991
2.41,0.0805,-0.329,0.295914126568748,-0.00169443555711021
2.42,0.0809,-0.3253,0.2959085979037,-0.00171426051736648
2.43,0.0811,-0.3241,0.29590303950964,-0.00173419203440702
2.44,0.0815,-0.3251,0.295910553307195,-0.00170724874023736
2.45,0.0817,-0.3248,0.295898863007646,-0.00174916827529706
2.46,0.082,-0.3239,0.295898880080795,-0.00174910705387911
2.47,0.0824,-0.3244,0.295890426246268,-0.00177942101601318
2.48,0.0826,-0.3256,0.295885327544034,-0.00179770401181226
2.49,0.083,-0.3253,0.295876518790447,-0.00182929046681723
2.5,0.0833,-0.3237,0.295862554412931,-0.00187936373114545
2.51,0.0837,-0.3226,0.295853188236314,-0.00191294866616564
2.52,0.0841,-0.3238,0.295839998865312,-0.00196024246193958
2.53,0.0844,-0.3243,0.295826653554068,-0.00200809515062005
2.54,0.0848,-0.3237,0.295810770676934,-0.00206504651268427
2.55,0.0851,-0.322,0.295794776713143,-0.00212239581046753
2.56,0.0855,-0.3192,0.295798964002065,-0.00210738155385661
2.57,0.0858,-0.3173,0.295782685926767,-0.0021657492891721
2.58,0.0861,-0.3182,0.295782848983227,-0.00216516462522737
2.59,0.0864,-0.3205,0.295778089954431,-0.00218222883614321
2.6,0.0868,-0.3212,0.295796016105894,-0.00211795175382473
2.61,0.087,-0.3196,0.295762599207741,-0.00223777299068479
2.62,0.0874,-0.3174,0.295761338977573,-0.00224229169926285
2.63,0.0876,-0.3182,0.295739775507323,-0.00231960976998092
2.64,0.088,-0.3199,0.295739547859872,-0.00232042601987064
2.65,0.0883,-0.3189,0.295745204321928,-0.0023001442559867
2.66,0.0887,-0.3155,0.295749608430793,-0.00228435288564891
2.67,0.089,-0.3133,0.295740860250295,-0.00231572032789402
2.68,0.0894,-0.312,0.295730721250281,-0.00235207454127678
2.69,0.0897,-0.3114,0.295667668892898,-0.0025781504055836
2.7,0.0901,-0.3117,0.295664124302915,-0.00259085944507176
2.71,0.0904,-0.3132,0.295638951510936,-0.00268111531553216
2.72,0.0908,-0.315,0.295635044795185,-0.00269512257588914
2.73,0.091,-0.3138,0.295634435456212,-0.00269730731672912
2.74,0.0914,-0.3124,0.29563496646726,-0.00269540341503407
2.75,0.0916,-0.3129,0.295621112471237,-0.00274507577477524
2.76,0.092,-0.3136,0.295632182734018,-0.00270538428439348
2.77,0.0922,-0.3132,0.295628721635817,-0.00271779377916931
2.78,0.0926,-0.3111,0.295626325376114,-0.00272638536875094
2.79,0.0929,-0.3107,0.295626296812518,-0.00272648778109137
2.8,0.0933,-0.3115,0.295620107372002,-0.00274867946377436
2.81,0.0936,-0.3105,0.295637695242385,-0.00268561958246989
2.82,0.0941,-0.3084,0.295625252901104,-0.00273023063573643
2.83,0.0944,-0.3068,0.29564127790166,-0.00267277419070615
2.84,0.0948,-0.3071,0.295646273002097,-0.0026548645503894
2.85,0.0952,-0.3072,0.295641578200729,-0.00267169748704028
2.86,0.0955,-0.3054,0.295636763613055,-0.00268895987562007
2.87,0.0959,-0.3037,0.295617525417792,-0.00275793681127683
2.88,0.0962,-0.3032,0.295612549862334,-0.00277577615626344
2.89,0.0965,-0.3037,0.295593250932474,-0.00284497013753363
2.9,0.0968,-0.3039,0.29558220212248,-0.00288458405527708
2.91,0.0972,-0.3039,0.2955769911103,-0.00290326732474266
2.92,0.0974,-0.3036,0.295572810988308,-0.00291825446869271
2.93,0.0977,-0.3038,0.295566111951579,-0.00294227271404582
2.94,0.0981,-0.3024,0.295546201322035,-0.00301365845201731
2.95,0.0983,-0.3001,0.295531118518297,-0.00306773454561036
2.96,0.0987,-0.2993,0.295513595836175,-0.00313055785403229
2.97,0.099,-0.2992,0.295517553309199,-0.00311636933941388
2.98,0.0994,-0.2989,0.295498697832461,-0.0031839706492729
2.99,0.0998,-0.2992,0.295497494821177,-0.00318828370870773
3,0.1001,-0.2994,0.29548042552728,-0.00324948063521581
3.01,0.1005,-0.2989,0.29549527684621,-0.00319623562988072
3.02,0.1008,-0.2987,0.295486042980323,-0.00322934096064591
3.03,0.1013,-0.298,0.295479068390409,-0.00325434623074491
3.04,0.1015,-0.2982,0.295470726329031,-0.0032842540563479
3.05,0.1019,-0.2988,0.295453846040462,-0.00334477267364515
3.06,0.1022,-0.2976,0.295453611068154,-0.00334561508504105
3.07,0.1025,-0.296,0.295439049851406,-0.00339781909344683
3.08,0.1028,-0.2945,0.295436332718924,-0.00340756035947003
3.09,0.1031,-0.2938,0.295417984919492,-0.00347333926282975
3.1,0.1034,-0.2916,0.29540793017308,-0.0035093864303407
3.11,0.1037,-0.2886,0.295395323808582,-0.00355458115980591
3.12,0.1039,-0.2878,0.29538497435105,-0.00359168453334575
3.13,0.1042,-0.2897,0.295375702406918,-0.00362492482354551
3.14,0.1046,-0.2915,0.295371174506288,-0.00364115748061262
3.15,0.1048,-0.2937,0.295382107176169,-0.00360196348385325
3.16,0.1053,-0.293,0.295375167333219,-0.00362684308013812
3.17,0.1055,-0.2913,0.295360926774333,-0.00367789578600321
3.18,0.1059,-0.2888,0.295356218142089,-0.00369477626454807
3.19,0.1062,-0.2876,0.295334756528104,-0.00377171586832628
3.2,0.1066,-0.2878,0.295341877227222,-0.00374618833348485
3.21,0.107,-0.2877,0.295328511252901,-0.00379410496591025
3.22,0.1073,-0.2865,0.29533073105674,-0.0037861470520273
3.23,0.1077,-0.2848,0.295312525075984,-0.00385141459151051
3.24,0.108,-0.2853,0.295312182987917,-0.00385264095545784
3.25,0.1084,-0.2875,0.295303301686378,-0.00388447979374786
3.26,0.1086,-0.2885,0.29530149010193,-0.00389097418119227
3.27,0.109,-0.2869,0.295296107039464,-0.00391027200628542
3.28,0.1092,-0.2845,0.295295581775856,-0.00391215502967088
3.29,0.1096,-0.283,0.295306958554397,-0.00387137019492492
3.3,0.1098,-0.2833,0.295297877242867,-0.00390392598120498
3.31,0.1101,-0.2839,0.295288766085463,-0.00393658863629151
3.32,0.1105,-0.2841,0.295271197960466,-0.00399956837946162
3.33,0.1109,-0.2824,0.295266709067942,-0.0040156604765361
3.34,0.1112,-0.2794,0.295264429994604,-0.00402383064689347
3.35,0.1116,-0.2771,0.295263280223934,-0.00402795241658013
3.36,0.1119,-0.2775,0.295258442225928,-0.0040452959518333
3.37,0.1124,-0.2795,0.29524647237485,-0.0040882060134402
3.38,0.1127,-0.2807,0.295245132652836,-0.00409300869570893
3.39,0.1131,-0.2793,0.295244899765607,-0.00409384355770189
3.4,0.1135,-0.2782,0.295251806581284,-0.00406908373678132
3.41,0.1138,-0.2784,0.295243199925065,-0.0040999372009083
3.42,0.114,-0.2788,0.29523451356901,-0.00413107626154019
3.43,0.1143,-0.2773,0.295224592104181,-0.0041666428295
3.44,0.1146,-0.2763,0.295228953772236,-0.00415100709599999
3.45,0.115,-0.2758,0.295224871036361,-0.00416564291263638
3.46,0.1152,-0.2757,0.295221882106167,-0.00417635763184022
3.47,0.1156,-0.2749,0.295219982830709,-0.00418316614885641
3.48,0.1159,-0.2732,0.295210918550376,-0.00421565967833001
3.49,0.1163,-0.2729,0.29520063706241,-0.0042525164883889
3.5,0.1166,-0.2729,0.295187953034909,-0.00429798563759576
3.51,0.117,-0.2706,0.295184773413133,-0.00430938376878726
3.52,0.1173,-0.2686,0.295174445837441,-0.00434640538109118
3.53,0.1178,-0.2699,0.295170025408575,-0.00436225139331802
3.54,0.1182,-0.2725,0.295164376735087,-0.00438250027873617
3.55,0.1185,-0.2722,0.295164660442319,-0.0043814832702822
3.56,0.1188,-0.2704,0.295138650490272,-0.00447472092322815
3.57,0.1191,-0.2688,0.29513292870013,-0.00449523163714493
3.58,0.1194,-0.2678,0.295123603907489,-0.0045286578093401
3.59,0.1197,-0.2659,0.29511057504855,-0.00457536156243646
3.6,0.1201,-0.2646,0.295096338842696,-0.00462639292238974
3.61,0.1203,-0.2652,0.295085693765234,-0.00466455125701731
3.62,0.1207,-0.2658,0.29508698238195,-0.00465993209193916
3.63,0.121,-0.2649,0.295071521562797,-0.00471535265254158
3.64,0.1214,-0.2631,0.295066872544736,-0.00473201736373047
3.65,0.1218,-0.2626,0.295049218841049,-0.00479529792641344
3.66,0.1222,-0.2638,0.295057833991752,-0.00476441655746937
3.67,0.1225,-0.2633,0.295048574951315,-0.004797605971623
3.68,0.1229,-0.2608,0.295044090363159,-0.00481368111675597
3.69,0.1232,-0.2593,0.295032505008156,-0.00485520903872487
3.7,0.1236,-0.2595,0.295032948961308,-0.0048536176841072
3.71,0.124,-0.2611,0.295019113642246,-0.00490321038579203
3.72,0.1243,-0.2618,0.295011306599149,-0.00493119460333454
3.73,0.1245,-0.2606,0.295000038284454,-0.00497158552822154
3.74,0.1249,-0.2595,0.294988860916999,-0.00501165026441066
3.75,0.1253,-0.2589,0.294984832605229,-0.00502608950759114
3.76,0.1255,-0.2586,0.29498193580621,-0.00503647289554237
3.77,0.1258,-0.2578,0.294954009297272,-0.00513657299739909
3.78,0.1261,-0.256,0.294952418021391,-0.00514227674929922
3.79,0.1264,-0.2526,0.294936470675007,-0.0051994380305634
3.8,0.1268,-0.2507,0.294934758910524,-0.00520557361459786
3.81,0.127,-0.2519,0.294913909696326,-0.00528030439304242
3.82,0.1274,-0.2535,0.294901368673037,-0.00532525542923059
3.83,0.1277,-0.2554,0.29489234792098,-0.0053575885399049
3.84,0.1281,-0.255,0.294896390773527,-0.00534309774581989
3.85,0.1284,-0.2539,0.294880138204088,-0.00540135167004425
3.86,0.1288,-0.2538,0.294877090845814,-0.00541227424142163
3.87,0.1292,-0.2539,0.294863333657908,-0.00546158361587396
3.88,0.1295,-0.2528,0.29485437608759,-0.00549368974538678
3.89,0.1299,-0.2511,0.294837118115745,-0.00555554620560216
3.9,0.1302,-0.2473,0.294841394324325,-0.00554021935268582
3.91,0.1306,-0.2439,0.294830205443468,-0.00558032265355343
3.92,0.1308,-0.2442,0.294817852041152,-0.00562459962256562
3.93,0.1312,-0.2476,0.294804271769053,-0.00567327366048494
3.94,0.1314,-0.2512,0.294791892605311,-0.00571764247406299
3.95,0.1317,-0.2503,0.294772310172735,-0.00578782842656553
3.96,0.132,-0.2461,0.294747907403431,-0.00587529026716178
3.97,0.1323,-0.2437,0.294734095631625,-0.00592479256577879
3.98,0.1326,-0.2448,0.29471902063228,-0.00597882202327867
3.99,0.1329,-0.246,0.294715751219883,-0.00599053969473184
4,0.1333,-0.2451,0.294694441083986,-0.0060669154578111
4.01,0.1336,-0.2427,0.294684988136382,-0.00610079470522183
4.02,0.134,-0.2418,0.294674478747586,-0.00613846006501309
4.03,0.1343,-0.2435,0.294669883308126,-0.00615492994050892
4.04,0.1347,-0.2437,0.294681994981227,-0.0061115221079372
4.05,0.1351,-0.2427,0.294667757986535,-0.00616254699918566
4.06,0.1354,-0.2423,0.294658160601782,-0.00619694351637852
4.07,0.1358,-0.2429,0.294641234069255,-0.00625760696795416
4.08,0.1361,-0.2413,0.294625418189216,-0.0063142895280109
4.09,0.1364,-0.2385,0.294604662539802,-0.00638867515799627
4.1,0.1367,-0.2377,0.294593367191058,-0.00642915598769277
4.11,0.1369,-0.2383,0.294571275859068,-0.0065083274345497
4.12,0.1373,-0.2382,0.294568056800888,-0.0065198639106163
4.13,0.1377,-0.2361,0.294547896354918,-0.00659211465409153
4.14,0.1379,-0.2339,0.294535872367467,-0.00663520576885217
4.15,0.1382,-0.2329,0.294518889998237,-0.00669606617088635
4.16,0.1386,-0.2343,0.294490896575477,-0.00679638637099164
4.17,0.139,-0.2366,0.294480702693536,-0.00683291795149024
4.18,0.1393,-0.2361,0.294452478779431,-0.00693406251820395
4.19,0.1397,-0.2335,0.294444518419168,-0.00696258942611034
4.2,0.1401,-0.2305,0.294425855981002,-0.00702946813827502
4.21,0.1405,-0.23,0.294414322790831,-0.00707079821258638
4.22,0.1408,-0.232,0.294413377475626,-0.00707418581337053
4.23,0.1411,-0.2319,0.294400347718719,-0.00712087868722416
4.24,0.1414,-0.2285,0.294371579804883,-0.00722396922452062
4.25,0.1418,-0.226,0.294364144557107,-0.007250613415523
4.26,0.142,-0.2276,0.294337477929176,-0.00734617251460473
4.27,0.1424,-0.2309,0.294328613092401,-0.00737793916397425
4.28,0.1427,-0.2314,0.294306455934273,-0.0074573375839351
4.29,0.1431,-0.2279,0.294296182906471,-0.00749414991111461
4.3,0.1434,-0.2254,0.294283509412737,-0.00753956383696621
4.31,0.1438,-0.225,0.294282745121682,-0.00754230257333246
4.32,0.1441,-0.2263,0.294274645183241,-0.0075713275816006
4.33,0.1445,-0.2249,0.294277209385046,-0.00756213913015915
4.34,0.1449,-0.222,0.29427499349851,-0.00757007944410149
4.35,0.1452,-0.2212,0.29426441703538,-0.00760797859099784
4.36,0.1456,-0.222,0.294255030074332,-0.0076416151954174
4.37,0.1459,-0.2222,0.294244323096216,-0.00767998169632338
4.38,0.1463,-0.2229,0.294219436248553,-0.00776915849587784
4.39,0.1465,-0.223,0.294202977124466,-0.00782813579719082
4.4,0.1469,-0.2233,0.294204583482367,-0.00782237981926775
4.41,0.1472,-0.2224,0.29418940095014,-0.00787678243289856
4.42,0.1476,-0.2219,0.294174213343488,-0.00793120287818026
4.43,0.1478,-0.2206,0.294157720665275,-0.00799029927634629
4.44,0.148,-0.2176,0.294136364794494,-0.00806682080159771
4.45,0.1483,-0.2154,0.294108862324465,-0.00816536555898197
4.46,0.1486,-0.2162,0.294094222328848,-0.00821782200725541
4.47,0.1489,-0.2184,0.294075828101091,-0.00828372975127594
4.48,0.1492,-0.2182,0.294069189142603,-0.00830751745548403
4.49,0.1496,-0.2161,0.294048106235217,-0.00838305807097402
4.5,0.1499,-0.2155,0.294034103653854,-0.00843322931676308
4.51,0.1503,-0.2162,0.294006833979096,-0.00853093569821389
4.52,0.1506,-0.2151,0.293999641221465,-0.0085567069323983
4.53,0.151,-0.2124,0.293991039944599,-0.00858752470602607
4.54,0.1513,-0.2109,0.293989343025605,-0.00859360463483378
4.55,0.1517,-0.2126,0.293967186518272,-0.00867298927537798
4.56,0.1521,-0.2144,0.293949586701566,-0.00873604719776872
4.57,0.1524,-0.2137,0.293917403565424,-0.00885135409369366
4.58,0.1528,-0.2122,0.293901663160768,-0.00890774880647034
4.59,0.1531,-0.2116,0.293882242954817,-0.00897732698938043
4.6,0.1535,-0.2105,0.293869825248796,-0.00902181650601564
4.61,0.1537,-0.209,0.293863155113127,-0.00904571382712011
4.62,0.1541,-0.2082,0.293849008458953,-0.00909639730025866
4.63,0.1544,-0.2091,0.293834645533186,-0.00914785530180287
4.64,0.1547,-0.21,0.293818893076569,-0.00920429120929402
4.65,0.155,-0.209,0.293799380790683,-0.0092741968333157
4.66,0.1554,-0.2075,0.293790558699686,-0.00930580307703914
4.67,0.1557,-0.2077,0.293781562732559,-0.00933803213170884
4.68,0.1561,-0.2077,0.2937688019312,-0.00938374891318941
4.69,0.1564,-0.2065,0.293751144910604,-0.00944700645573844
4.7,0.1568,-0.205,0.293733366720725,-0.00951069761637155
4.71,0.1571,-0.2044,0.293726270074004,-0.00953612153637565
4.72,0.1575,-0.2042,0.293716666048865,-0.00957052808216621
4.73,0.1578,-0.2036,0.293696115523787,-0.0096441501355744
4.74,0.1582,-0.2014,0.293680087321412,-0.00970157056621368
4.75,0.1585,-0.2002,0.293665010459645,-0.00975558249801856
4.76,0.1588,-0.1993,0.293651990723446,-0.00980222462529811
4.77,0.1591,-0.1972,0.293635207016741,-0.00986235048461618
4.78,0.1595,-0.196,0.293621967412051,-0.0099097796696472
4.79,0.1598,-0.1968,0.293608563626947,-0.00995779673811168
4.8,0.1601,-0.1965,0.29359491084507,-0.0100067055193485
4.81,0.1604,-0.1947,0.293571548405134,-0.0100903968496301
4.82,0.1608,-0.1922,0.293564811121592,-0.0101145316839034
4.83,0.1611,-0.1924,0.293546040629925,-0.0101817724713092
4.84,0.1614,-0.1944,0.29353899899872,-0.0102069972889875
4.85,0.1617,-0.1961,0.29353061466997,-0.0102370318739767
4.86,0.1621,-0.1954,0.293498118569976,-0.0103534393322996
4.87,0.1624,-0.1938,0.293478616728272,-0.0104232980151869
4.88,0.1628,-0.1921,0.293460069885268,-0.010489735204521
4.89,0.1632,-0.1906,0.293452037151278,-0.0105185093336243
4.9,0.1635,-0.1899,0.2934498338219,-0.0105264018825592
4.91,0.1637,-0.1909,0.293420039397509,-0.010633127802054
4.92,0.164,-0.1907,0.293404488269742,-0.010688832600974
4.93,0.1643,-0.1897,0.29339592563814,-0.0107195041532265
4.94,0.1646,-0.189,0.293377523073787,-0.0107854222034918
4.95,0.1649,-0.1897,0.293361310227941,-0.0108434962472441
4.96,0.1653,-0.1894,0.293347269895404,-0.0108937880746491
4.97,0.1656,-0.1863,0.29333772293735,-0.0109279846693002
4.98,0.166,-0.1833,0.293316090756424,-0.0110054692479424
4.99,0.1663,-0.1835,0.293291939777853,-0.0110919750978098
5,0.1667,-0.186,0.293283101217316,-0.0111236335181748
5.01,0.167,-0.1881,0.293259831744468,-0.0112069807696489
5.02,0.1674,-0.1871,0.293253025363329,-0.0112313599010166
5.03,0.1678,-0.1857,0.293229218640957,-0.0113166303884379
5.04,0.1681,-0.1838,0.293223083313769,-0.0113386056525488
5.05,0.1685,-0.1804,0.293202463514716,-0.011412460386038
5.06,0.1688,-0.1777,0.293182855868267,-0.0114826892530935
5.07,0.1692,-0.1783,0.293157146618725,-0.0115747713950977
5.08,0.1694,-0.18,0.293142053208153,-0.0116288305976134
5.09,0.1698,-0.1791,0.293116137994907,-0.0117216488210764
5.1,0.1701,-0.1772,0.293105679104329,-0.0117591082134277
5.11,0.1704,-0.1771,0.293098548846147,-0.0117846457347068
5.12,0.1707,-0.1778,0.293089974868024,-0.0118153539380634
5.13,0.1709,-0.178,0.293071666944132,-0.0118809244621549
5.14,0.1713,-0.1758,0.29305683799694,-0.0119340345252914
5.15,0.1715,-0.1736,0.293039516583059,-0.0119960709658702
5.16,0.1719,-0.173,0.293020775745595,-0.0120631905411182
5.17,0.1722,-0.1745,0.293000619214608,-0.0121353797707079
5.18,0.1726,-0.1752,0.292985171266389,-0.0121907051164236
5.19,0.173,-0.1757,0.292962554227153,-0.0122717052193539
5.2,0.1733,-0.1753,0.292944626333936,-0.0123359111780723
5.21,0.1737,-0.1721,0.292930115951758,-0.0123878774948865
5.22,0.174,-0.168,0.292895243736529,-0.012512764734285
5.23,0.1744,-0.1661,0.29286878351621,-0.0126075250123658
5.24,0.1747,-0.1669,0.292843462331853,-0.0126982051369768
5.25,0.1751,-0.1674,0.292820469537589,-0.0127805459951136
5.26,0.1753,-0.1669,0.29278666561131,-0.0129016017781289
5.27,0.1757,-0.1682,0.292769431407647,-0.0129633187923353
5.28,0.176,-0.1703,0.292749662455369,-0.0130341123805682
5.29,0.1763,-0.1714,0.292733288866561,-0.0130927465553974
5.3,0.1766,-0.1706,0.2927191903182,-0.0131432334344714
5.31,0.1768,-0.1679,0.29269417269391,-0.0132328207624879
5.32,0.1772,-0.165,0.29267736806362,-0.0132929970819143
5.33,0.1776,-0.164,0.292665258418974,-0.0133363606879994
5.34,0.1779,-0.1633,0.292653123261621,-0.0133798154291064
5.35,0.1783,-0.163,0.29264694487775,-0.013401939495506
5.36,0.1786,-0.164,0.292633682552231,-0.0134494301281351
5.37,0.179,-0.1659,0.292601198716971,-0.0135657493130921
5.38,0.1793,-0.1659,0.292580654227634,-0.0136393148670399
5.39,0.1797,-0.164,0.292556315569971,-0.0137264657196373
5.4,0.18,-0.1614,0.292545010886513,-0.0137669447532658
5.41,0.1804,-0.1594,0.292510949891215,-0.0138889068490893
5.42,0.1807,-0.1579,0.292491314267261,-0.0139592152623537
5.43,0.1811,-0.1566,0.292488246440834,-0.0139702000402495
5.44,0.1813,-0.1569,0.292486231937306,-0.01397741324167
5.45,0.1816,-0.1587,0.292474563298827,-0.0140191942531282
5.46,0.1819,-0.1591,0.292479586838019,-0.0140012068715989
5.47,0.1822,-0.1581,0.29244999659728,-0.0141071577066251
5.48,0.1825,-0.1575,0.292427536763018,-0.0141875765144601
5.49,0.1829,-0.1562,0.292412184173956,-0.0142425469553909
5.5,0.1832,-0.153,0.292395760203262,-0.0143013531159093
5.51,0.1836,-0.1523,0.292382821870579,-0.0143476786322647
5.52,0.1839,-0.1538,0.292360218062858,-0.0144286106336425
5.53,0.1843,-0.1551,0.292351864139807,-0.0144585213139207
5.54,0.1848,-0.155,0.292344543495533,-0.0144847323192068
5.55,0.1851,-0.1542,0.29233363327508,-0.0145237953753826
5.56,0.1855,-0.1536,0.292316809627888,-0.0145840305655519
5.57,0.1858,-0.1518,0.292309457069312,-0.0146103554453225
5.58,0.1861,-0.1481,0.292281714485212,-0.0147096834192514
5.59,0.1864,-0.1439,0.29226951448622,-0.0147533632327828
5.6,0.1868,-0.1437,0.292245438392712,-0.0148395625162534
5.61,0.187,-0.1464,0.292236978324744,-0.0148698517638345
5.62,0.1874,-0.1489,0.29222136369726,-0.0149257559126997
5.63,0.1877,-0.1488,0.292212971405983,-0.0149558021951923
5.64,0.1879,-0.1477,0.292193935713708,-0.0150239538401297
5.65,0.1883,-0.1466,0.292190570931929,-0.0150360003850449
5.66,0.1888,-0.1458,0.292160912343057,-0.0151421829074947
5.67,0.1891,-0.1445,0.292133766071236,-0.0152393697578131
5.68,0.1895,-0.1419,0.292113846378954,-0.0153106838893081
5.69,0.1898,-0.1407,0.292077085904718,-0.015442287816454
5.7,0.1902,-0.1393,0.292064238984382,-0.0154882798061732
5.71,0.1905,-0.139,0.292028656080676,-0.0156156653323474
5.72,0.1909,-0.1415,0.292014611227148,-0.0156659448770456
5.73,0.1911,-0.1427,0.292007724668435,-0.0156905981421372
5.74,0.1915,-0.1403,0.291991314646667,-0.0157493442636478
5.75,0.1918,-0.1358,0.291990419002475,-0.0157525505622055
5.76,0.1922,-0.1342,0.291972735398485,-0.0158158554892362
5.77,0.1924,-0.1351,0.291956217403942,-0.0158749872614458
5.78,0.1928,-0.1345,0.291949144884265,-0.0159003056211192
5.79,0.193,-0.1338,0.291931292497223,-0.015964213645977
5.8,0.1934,-0.1338,0.291920644491663,-0.0160023311751918
5.81,0.1936,-0.1358,0.291900302001238,-0.0160751523589048
5.82,0.194,-0.1366,0.291885826463352,-0.0161269708917441
5.83,0.1942,-0.1348,0.291876043902186,-0.016161989649541
5.84,0.1946,-0.1316,0.291859141524993,-0.0162224949597817
5.85,0.1949,-0.1302,0.291845906679077,-0.0162698713331271
5.86,0.1953,-0.1302,0.291830267605458,-0.0163258537035596
5.87,0.1956,-0.1296,0.291794421034773,-0.016454170386692
5.88,0.196,-0.129,0.291793167574977,-0.0164586572464688
5.89,0.1963,-0.1298,0.291770444887653,-0.0165399945122242
5.9,0.1967,-0.1312,0.291769200101186,-0.0165444502797478
5.91,0.197,-0.1302,0.291744115473555,-0.0166342412978091
5.92,0.1974,-0.1274,0.291728643030439,-0.0166896247969162
5.93,0.1977,-0.1264,0.291706100744024,-0.0167703140978863
5.94,0.1981,-0.1267,0.291695435577765,-0.0168084894064993
5.95,0.1985,-0.1269,0.291674011282514,-0.0168851758349016
5.96,0.1987,-0.1263,0.291650178459117,-0.0169704825633643
5.97,0.199,-0.1255,0.291617997558946,-0.0170856688594976
5.98,0.1993,-0.1244,0.291606109281499,-0.017128220616048
5.99,0.1996,-0.1229,0.291576315580442,-0.0172348603791759
6,0.2,-0.1233,0.291565590284332,-0.0172732488020116
6.01,0.2002,-0.1239,0.291541612099751,-0.0173590718781039
6.02,0.2006,-0.1231,0.291525918758344,-0.0174152412466074
6.03,0.2009,-0.1199,0.291514836959032,-0.017454904828341
6.04,0.2013,-0.1189,0.291504851107658,-0.0174906456722955
6.05,0.2016,-0.1209,0.291480477083322,-0.0175778832858603
6.06,0.202,-0.1216,0.2914549116328,-0.017669384188951
6.07,0.2023,-0.1205,0.291440057852419,-0.0177225466650399
6.08,0.2027,-0.1186,0.291437142539633,-0.0177329806863719
6.09,0.2031,-0.1174,0.291407928289875,-0.0178375389439759
6.1,0.2034,-0.1159,0.291384727886526,-0.0179205726267431
6.11,0.2036,-0.1146,0.291357993288363,-0.0180162540926101
6.12,0.204,-0.1134,0.291345415731832,-0.0180612680102013
6.13,0.2042,-0.1135,0.291331478239373,-0.0181111487324675
6.14,0.2046,-0.1133,0.291324595574518,-0.018135780909098
6.15,0.2048,-0.112,0.291297356310071,-0.0182332660438799
6.16,0.2052,-0.1103,0.291279606119881,-0.0182967906355043
6.17,0.2055,-0.1114,0.291255855833908,-0.018381787692104
6.18,0.2059,-0.1141,0.291249944270846,-0.0184029437445185
6.19,0.2062,-0.114,0.291216536383863,-0.0185225014822959
6.2,0.2067,-0.1111,0.291198568111298,-0.0185868043393426
6.21,0.2071,-0.1082,0.291157770636054,-0.0187328039878516
6.22,0.2074,-0.108,0.291128813467179,-0.0188364298574621
6.23,0.2078,-0.1084,0.291104529043145,-0.0189233329009352
6.24,0.2081,-0.1054,0.291098011585385,-0.0189466558016288
6.25,0.2084,-0.1025,0.291056916534556,-0.0190937140770873
6.26,0.2087,-0.1016,0.291049203507146,-0.019121314791282
6.27,0.2091,-0.1024,0.291011617909882,-0.0192558118303298
6.28,0.2093,-0.1036,0.291002573736465,-0.0192881753575442
6.29,0.2097,-0.1058,0.290975479540542,-0.0193851280559716
6.3,0.21,-0.1063,0.29096138665118,-0.0194355570004424
6.31,0.2104,-0.1047,0.290930656380776,-0.0195455188620093
6.32,0.2107,-0.1035,0.290915413354984,-0.0196000623172488
6.33,0.2111,-0.1034,0.290884778915493,-0.0197096791297813
6.34,0.2114,-0.1031,0.290856430309533,-0.019811115452913
6.35,0.2118,-0.1023,0.290826862287052,-0.0199169137627117
6.36,0.2121,-0.0999,0.290810260968304,-0.0199763149027533
6.37,0.2125,-0.0996,0.290774453523201,-0.0201044360130131
6.38,0.2129,-0.1007,0.290751664868686,-0.0201859741227578
6.39,0.2132,-0.1007,0.290724075975283,-0.0202846864952681
6.4,0.2136,-0.0979,0.290701173489146,-0.0203666301408817
6.41,0.2139,-0.0952,0.290666354780654,-0.0204912077488199
6.42,0.2143,-0.0942,0.290648172038474,-0.0205562629197722
6.43,0.2146,-0.093,0.290624051631587,-0.0206425614044877
6.44,0.215,-0.0917,0.290596234777519,-0.0207420840158831
6.45,0.2152,-0.0905,0.290570722074445,-0.0208333618460382
6.46,0.2155,-0.0914,0.290568785461456,-0.020840290504309
6.47,0.2158,-0.091,0.290528554612788,-0.0209842239118221
6.48,0.216,-0.0899,0.29050384324376,-0.0210726322506838
6.49,0.2164,-0.0892,0.290464780098168,-0.0212123841617442
6.5,0.2167,-0.0901,0.290466094130573,-0.0212076831305032
6.51,0.217,-0.0907,0.290452862341967,-0.0212550205431752
6.52,0.2175,-0.0889,0.290433492449967,-0.021324316860624
6.53,0.2178,-0.0869,0.290418687070771,-0.0213772831245456
6.54,0.2182,-0.0867,0.290397745583337,-0.021452200755273
6.55,0.2185,-0.0882,0.290371894601146,-0.021544681057913
6.56,0.2189,-0.0877,0.290359093297492,-0.0215904765604331
6.57,0.2192,-0.0855,0.290327151872712,-0.0217047430243736
6.58,0.2196,-0.0847,0.290313072996817,-0.0217551079550596
6.59,0.2199,-0.086,0.290301141831216,-0.0217977895593566
6.6,0.2203,-0.0862,0.290291445107104,-0.0218324776908241
6.61,0.2205,-0.0856,0.290274446174947,-0.0218932876967939
6.62,0.2209,-0.0855,0.290247670974199,-0.0219890693005629
6.63,0.2211,-0.0851,0.290214690669476,-0.0221070466195781
6.64,0.2214,-0.0833,0.290199339835539,-0.0221619591397349
6.65,0.2217,-0.0808,0.290171816318772,-0.0222604145016411
6.66,0.2221,-0.0781,0.290151347923387,-0.0223336319889958
6.67,0.2223,-0.0768,0.290123599602892,-0.0224328894768359
6.68,0.2227,-0.0763,0.290105212121911,-0.022498662008635
6.69,0.223,-0.0769,0.290063893972751,-0.02264645630589
6.7,0.2234,-0.0782,0.290041603268218,-0.0227261886895175
6.71,0.2237,-0.0794,0.290004786843767,-0.0228578769650478
6.72,0.2241,-0.0796,0.290000188410724,-0.0228743249064723
6.73,0.2244,-0.0789,0.289954870408628,-0.0230364192411178
6.74,0.2248,-0.0775,0.289938111942257,-0.023096360468198
6.75,0.2251,-0.0751,0.289901063066978,-0.0232288743646072
6.76,0.2255,-0.0717,0.289890159745351,-0.023267872226544
6.77,0.2258,-0.0698,0.289861326747426,-0.0233709982118871
6.78,0.2262,-0.0726,0.289831410913121,-0.023477995806048
6.79,0.2264,-0.0752,0.289802628437584,-0.0235809385228199
6.8,0.2268,-0.0737,0.289772462828536,-0.0236888267717494
6.81,0.227,-0.0691,0.289737558307042,-0.0238136621654267
6.82,0.2274,-0.0663,0.289726431405941,-0.0238534569382971
6.83,0.2276,-0.0658,0.289704445113625,-0.0239320891963018
6.84,0.228,-0.066,0.289675287338053,-0.0240363685720363
6.85,0.2283,-0.0665,0.289647332585325,-0.0241363442649914
6.86,0.2287,-0.0655,0.289601464277889,-0.0243003823445345
6.87,0.229,-0.0661,0.2895746100617,-0.024396419157069
6.88,0.2294,-0.0662,0.289532257903712,-0.0245478779250509
6.89,0.2297,-0.0659,0.289517276896062,-0.0246014519919367
6.9,0.2301,-0.0644,0.289473750878387,-0.0247571048608096
6.91,0.2304,-0.0627,0.289467155252779,-0.0247806911473337
6.92,0.2308,-0.0613,0.289435493531726,-0.0248939141232846
6.93,0.2312,-0.0601,0.289418157981384,-0.0249559057686635
6.94,0.2315,-0.0601,0.289378156554289,-0.0250989484786355
6.95,0.2317,-0.0614,0.289361987870331,-0.0251567660356566
6.96,0.2321,-0.0612,0.289305318951369,-0.0253594051496704
6.97,0.2325,-0.06,0.289304598956772,-0.0253619797053979
6.98,0.2327,-0.0589,0.289266735727853,-0.0254973698802683
6.99,0.233,-0.0593,0.289259672357869,-0.0255226266215525
7,0.2334,-0.0592,0.289240588329583,-0.0255908656761053
7.01,0.2337,-0.0571,0.289220186357139,-0.0256638167124475
7.02,0.2341,-0.056,0.28918064535628,-0.0258052010954484
7.03,0.2345,-0.0566,0.289185100323895,-0.0257892718538334
7.04,0.2348,-0.0567,0.289149044041915,-0.0259181943116691
7.05,0.2353,-0.0552,0.289129743700886,-0.0259872035945689
7.06,0.2355,-0.0538,0.289096171347875,-0.0261072417845982
7.07,0.2359,-0.054,0.289084040477885,-0.0261506153768344
7.08,0.2362,-0.0545,0.289058615486088,-0.0262415210115005
7.09,0.2366,-0.0538,0.289036563042145,-0.0263203674955101
7.1,0.2368,-0.0522,0.289012002595198,-0.0264081802445986
7.11,0.2372,-0.05,0.288999201629313,-0.0264539481043185
7.12,0.2375,-0.05,0.288979111776635,-0.0265257757420109
7.13,0.2378,-0.0517,0.288961371380037,-0.0265892028147452
7.14,0.238,-0.053,0.288947134553298,-0.0266401032616877
7.15,0.2382,-0.0538,0.288932688692162,-0.0266917507478155
7.16,0.2386,-0.0526,0.28891447841475,-0.0267568564913748
7.17,0.2388,-0.0505,0.288915094460029,-0.0267546540023493
7.18,0.2392,-0.0476,0.28890467446584,-0.0267919075547681
7.19,0.2395,-0.0456,0.288871519358474,-0.0269104425638649
7.2,0.2399,-0.0439,0.288841900308737,-0.0270163341693435
7.21,0.2402,-0.0435,0.288827688869356,-0.027067141273047
7.22,0.2406,-0.0433,0.288793010282844,-0.0271911188807934
7.23,0.241,-0.0428,0.288786835874859,-0.0272131924936571
7.24,0.2414,-0.0429,0.288763768231643,-0.0272956591960242
7.25,0.2418,-0.0436,0.288740591761765,-0.0273785141398494
7.26,0.2421,-0.0438,0.288714931032453,-0.0274702492598862
7.27,0.2425,-0.0429,0.288704684577011,-0.0275068792653915
7.28,0.2428,-0.0402,0.288682248130991,-0.0275870866546377
7.29,0.2432,-0.0365,0.288659633839748,-0.0276679290444863
7.3,0.2434,-0.0358,0.288648838984247,-0.0277065186124337
7.31,0.2438,-0.0372,0.288626006028832,-0.0277881415295014
7.32,0.244,-0.0388,0.288603059715632,-0.0278701688792872
7.33,0.2444,-0.0379,0.288593164092563,-0.0279055430184595
7.34,0.2447,-0.0351,0.28855702047325,-0.0280347452846661
7.35,0.2451,-0.0333,0.288538680292729,-0.0281003050025033
7.36,0.2453,-0.0329,0.288505869075331,-0.0282175923322659
7.37,0.2457,-0.0325,0.288489777981512,-0.028275111131868
7.38,0.246,-0.0317,0.288470013420158,-0.0283457604739838
7.39,0.2464,-0.0317,0.288460898800443,-0.028378340905593
7.4,0.2467,-0.0328,0.288446851865623,-0.0284285517716269
7.41,0.2471,-0.0328,0.288430235865601,-0.0284879453925198
7.42,0.2474,-0.0309,0.28839930984966,-0.0285984888163264
7.43,0.2478,-0.0298,0.288375634488856,-0.0286831141724932
7.44,0.2482,-0.0292,0.288346017718719,-0.0287889753415702
7.45,0.2485,-0.0291,0.288308085797082,-0.0289245559596881
7.46,0.2487,-0.0281,0.288295159380891,-0.0289707585379941
7.47,0.2491,-0.0274,0.288258404849555,-0.029102127989647
7.48,0.2493,-0.0273,0.288240920877841,-0.0291646191506915
7.49,0.2497,-0.0275,0.288231852541109,-0.0291970309909138
7.5,0.2499,-0.0265,0.288204796349147,-0.0292937338674699
7.51,0.2503,-0.0251,0.288174175093674,-0.0294031774744817
7.52,0.2506,-0.0233,0.288170998614256,-0.029414530466583
7.53,0.251,-0.0226,0.288143935381598,-0.0295112560090024
7.54,0.2513,-0.0228,0.288113378243567,-0.0296204676336577
7.55,0.2517,-0.0234,0.288103001867334,-0.0296575526205044
7.56,0.252,-0.0234,0.288081746987005,-0.0297335166804203
7.57,0.2524,-0.0212,0.288050883028921,-0.0298438219652235
7.58,0.2528,-0.0196,0.288033132965663,-0.0299072585982514
7.59,0.2532,-0.0197,0.288002371691528,-0.0300171946328591
7.6,0.2536,-0.0196,0.287976402294043,-0.0301100041242828
7.61,0.2538,-0.0173,0.287961173135327,-0.0301644296502611
7.62,0.2542,-0.0144,0.28792334053311,-0.03029963318491
7.63,0.2544,-0.0133,0.287898682554387,-0.0303877529935612
7.64,0.2548,-0.016,0.287884624437264,-0.0304379918402402
7.65,0.2551,-0.0188,0.287864516379124,-0.0305098505618926
7.66,0.2555,-0.0188,0.287847882546887,-0.0305692932287275
7.67,0.2558,-0.017,0.287829996742862,-0.0306332094740125
7.68,0.2562,-0.0152,0.287807275576827,-0.0307144045438446
7.69,0.2565,-0.0133,0.287769122969536,-0.0308507427753523
7.7,0.2569,-0.0107,0.287746489795291,-0.030931621314572
7.71,0.2572,-0.0081,0.287725106951532,-0.0310080311453306
7.72,0.2576,-0.008,0.287700085623632,-0.0310974419189728
7.73,0.258,-0.0097,0.287667891112902,-0.0312124838213195
7.74,0.2583,-0.0106,0.28764528787527,-0.0312932519137576
7.75,0.2587,-0.0096,0.287613376699257,-0.0314072787199905
7.76,0.2589,-0.0075,0.287606402426693,-0.0314321993767437
7.77,0.2592,-0.0062,0.287579265657681,-0.0315291645017196
7.78,0.2596,-0.0047,0.287562820862442,-0.0315879245139342
7.79,0.2598,-0.0031,0.287547659178157,-0.0316420993920997
7.8,0.2602,-0.0016,0.287530031101629,-0.0317050866061356
7.81,0.2604,-0.0008,0.287514898449595,-0.0317591569957673
7.82,0.2607,-0.0007,0.287492585346214,-0.0318388831801977
7.83,0.2609,-0.0023,0.287476287946058,-0.0318971143846493
7.84,0.2613,-0.003,0.287461262131972,-0.0319508018088979
7.85,0.2615,-0.0029,0.287446343252996,-0.0320041068139303
7.86,0.2618,-0.0017,0.287434853270486,-0.0320451601761985
7.87,0.2622,0,0.287413756951738,-0.0321205361679962
7.88,0.2627,0.0009,0.287398512651998,-0.032175002796277
7.89,0.263,0.0011,0.287395083997295,-0.0321872530487928
7.9,0.2634,0.0017,0.287368831321508,-0.0322810507362141
7.91,0.2637,0.0005,0.287354365189569,-0.0323327360580785
7.92,0.264,-0.0011,0.28732438188961,-0.0324398608858407
7.93,0.2643,-0.001,0.287319485914381,-0.0324573531772882
7.94,0.2647,0.0014,0.287288366593231,-0.0325685351277029
7.95,0.265,0.0041,0.287283412379197,-0.0325862352234123
7.96,0.2653,0.0042,0.28726043303515,-0.0326683338520539
7.97,0.2656,0.0047,0.287229123630463,-0.032780192118013
7.98,0.2659,0.006,0.287235912717248,-0.0327559370569007
7.99,0.2661,0.0079,0.287222166521371,-0.0328050473922657
8,0.2665,0.0077,0.287225995914773,-0.0327913663418747
8.01,0.2668,0.0063,0.287212772379309,-0.0328386092013665
8.02,0.2672,0.0057,0.28721597381726,-0.0328271716578973
8.03,0.2675,0.0071,0.287197728762779,-0.0328923542229674
8.04,0.2679,0.0078,0.287203255309135,-0.0328726100508878
8.05,0.2682,0.0089,0.287171549850047,-0.032985880531673
8.06,0.2686,0.0109,0.287183885401608,-0.0329418108933992
8.07,0.2689,0.0135,0.287175582567659,-0.0329714733855926
8.08,0.2694,0.0144,0.287161250797491,-0.0330226744552002
8.09,0.2698,0.0131,0.287133657925491,-0.0331212506935605
8.1,0.2701,0.0129,0.287101211583282,-0.0332371646012354
8.11,0.2705,0.0139,0.287079347846863,-0.0333152714615952
8.12,0.2708,0.0166,0.287036024489846,-0.0334700393625838
8.13,0.2712,0.0175,0.287018899187901,-0.0335312168248985
8.14,0.2714,0.016,0.286989866888591,-0.0336349291569746
8.15,0.2716,0.0162,0.286965474104369,-0.0337220667217007
8.16,0.2719,0.0174,0.286940982551896,-0.0338095562056387
8.17,0.2722,0.0189,0.286919891397516,-0.0338848979532895
8.18,0.2726,0.0197,0.286914056594403,-0.0339057408974116
8.19,0.2729,0.0201,0.286894941222818,-0.0339740240091083
8.2,0.2733,0.02,0.286857947493028,-0.034106169853097
8.21,0.2737,0.0209,0.286856697439403,-0.0341106351517268
8.22,0.274,0.0235,0.286819627212087,-0.0342430521025407
8.23,0.2744,0.0255,0.286794470415881,-0.0343329124165016
8.24,0.2748,0.0247,0.28673709669812,-0.0345378482903988
8.25,0.2752,0.0233,0.286702433809268,-0.0346616598714207
8.26,0.2755,0.0219,0.286654671543292,-0.0348322578350131
8.27,0.2759,0.0223,0.286598727897577,-0.0350320737744831
8.28,0.2762,0.0233,0.28654302871301,-0.0352310118510898
8.29,0.2765,0.025,0.286484153080325,-0.0354412899819025
8.3,0.2768,0.0275,0.286431574021829,-0.0356290750503
8.31,0.2772,0.0303,0.286399451634241,-0.0357437974612435
8.32,0.2774,0.0313,0.28636384346606,-0.0358709672176417
8.33,0.2778,0.0308,0.286344865208043,-0.0359387447143002
8.34,0.2781,0.0308,0.286317551085867,-0.0360362913195602
8.35,0.2784,0.0318,0.286283105063849,-0.036159306383573
8.36,0.2787,0.0332,0.286258161995379,-0.0362483829830158
8.37,0.2791,0.0324,0.286196099248446,-0.0364700171582638
8.38,0.2794,0.0313,0.28618284883182,-0.0365173353706395
8.39,0.2798,0.0312,0.286144303182777,-0.0366549832060091
8.4,0.2803,0.034,0.286123569973146,-0.0367290212779603
8.41,0.2806,0.0364,0.286084653787664,-0.0368679888055493
8.42,0.281,0.0357,0.286061243902707,-0.0369515830936448
8.43,0.2813,0.0337,0.286029265561253,-0.0370657731156633
8.44,0.2816,0.0332,0.286006727772116,-0.0371462513630591
8.45,0.2819,0.0346,0.285988810934508,-0.0372102285041461
8.46,0.2823,0.0354,0.285980373212495,-0.0372403576109389
8.47,0.2825,0.0369,0.285961140073476,-0.0373090341917873
8.48,0.2829,0.0398,0.285962109825818,-0.0373055714696086
8.49,0.2831,0.0409,0.285902163841928,-0.0375196196159241
8.5,0.2833,0.0423,0.285882854543759,-0.0375885658525891
8.51,0.2837,0.0442,0.285868183746725,-0.037640949369821
8.52,0.2839,0.0451,0.285840358848221,-0.0377402999986713
8.53,0.2843,0.0439,0.285810147537863,-0.0378481701398843
8.54,0.2846,0.0424,0.285790621153461,-0.0379178887848259
8.55,0.285,0.0416,0.285769711335916,-0.0379925463154206
8.56,0.2853,0.0417,0.2857237205581,-0.0381567519173394
8.57,0.2857,0.0428,0.285701645726599,-0.0382355668196007
8.58,0.286,0.0443,0.285672347810454,-0.0383401695312712
8.59,0.2864,0.0471,0.285631124948994,-0.0384873458208046
8.6,0.2868,0.0497,0.285587677003927,-0.0386424634490102
8.61,0.2871,0.05,0.285559734064538,-0.0387422236756421
8.62,0.2875,0.0479,0.28551145887194,-0.0389145701216933
8.63,0.2877,0.0486,0.285477517102927,-0.0390357429422055
8.64,0.2881,0.0503,0.285449513137032,-0.0391357163686339
8.65,0.2883,0.051,0.285414427081499,-0.0392609709938337
8.66,0.2886,0.0506,0.285397124580082,-0.0393227389587716
8.67,0.289,0.0506,0.285357094977547,-0.0394656383557403
8.68,0.2892,0.0522,0.285324173978434,-0.0395831593360021
8.69,0.2896,0.0546,0.285286388401584,-0.0397180438035207
8.7,0.2898,0.0562,0.285248391823798,-0.0398536793081434
8.71,0.2902,0.0572,0.28521993397875,-0.0399552631873656
8.72,0.2905,0.0572,0.285191477306253,-0.0400568416548052
8.73,0.2909,0.0561,0.285152225218497,-0.040196953245853
8.74,0.2912,0.0559,0.285120055401344,-0.0403117827044653
8.75,0.2916,0.0569,0.285074729216512,-0.0404735708704696
8.76,0.292,0.0579,0.28505803178229,-0.0405331702330264
8.77,0.2924,0.0594,0.285041223900334,-0.0405931633983599
8.78,0.2927,0.0586,0.285001603906118,-0.0407345792188275
8.79,0.293,0.0588,0.284969116204935,-0.0408505359408738
8.8,0.2934,0.0602,0.284941295350374,-0.0409498342512916
8.81,0.2937,0.0598,0.284902655361899,-0.0410877463157624
8.82,0.2941,0.0596,0.284877085887498,-0.0411790064615444
8.83,0.2943,0.0612,0.284830075244319,-0.0413467898130478
8.84,0.2945,0.063,0.284800873279937,-0.0414510114090533
8.85,0.2949,0.0639,0.284752446091281,-0.0416238448435509
8.86,0.2953,0.064,0.284721925843429,-0.0417327677665408
8.87,0.2955,0.0651,0.284695995031295,-0.0418253104632028
8.88,0.2958,0.0679,0.28466048315215,-0.0419520447212753
8.89,0.2962,0.068,0.284630794520081,-0.0420579955980826
8.9,0.2966,0.0663,0.284587986169264,-0.0422107649328599
8.91,0.2969,0.0664,0.284557071452395,-0.0423210879610142
8.92,0.2974,0.071,0.284528501956413,-0.04242304048942
8.93,0.2977,0.0744,0.284489085633722,-0.0425636987573601
8.94,0.2981,0.0729,0.284455668647033,-0.0426829463823923
8.95,0.2984,0.0701,0.284394828097329,-0.0429000499204062
8.96,0.2988,0.0694,0.284381714588736,-0.0429468434565691
8.97,0.299,0.0698,0.284352842083679,-0.0430498696276908
8.98,0.2994,0.071,0.284315479153553,-0.0431831904309221
8.99,0.2996,0.0723,0.284280438101677,-0.0433082242395242
9,0.3,0.0752,0.284251400913648,-0.0434118335971875
9.01,0.3003,0.0769,0.284207965871707,-0.0435668144318009
9.02,0.3007,0.0757,0.284185933902033,-0.043645425744085
9.03,0.301,0.0744,0.284147105410614,-0.043783966206761
9.04,0.3014,0.0747,0.28412489791321,-0.0438632017637669
9.05,0.3017,0.0759,0.284091810505829,-0.0439812550664918
9.06,0.3021,0.0766,0.284088365269139,-0.0439935473085082
9.07,0.3025,0.077,0.284096401619791,-0.0439648744270207
9.08,0.3028,0.0798,0.284086161497108,-0.0440014101258251
9.09,0.303,0.0823,0.284056704608956,-0.0441065083719291
9.1,0.3035,0.082,0.284037783486527,-0.0441740157193397
9.11,0.3038,0.0807,0.284016271462754,-0.044250766304143
9.12,0.3041,0.0808,0.284006431308735,-0.0442858737660271
9.13,0.3045,0.0813,0.28400099734366,-0.0443052608715043
9.14,0.3048,0.0807,0.283965496292645,-0.044431919147177
9.15,0.3052,0.0811,0.283938432931128,-0.0445284727176123
9.16,0.3055,0.0844,0.283908901473418,-0.0446338304154254
9.17,0.3058,0.0879,0.283898147431392,-0.0446721966702453
9.18,0.306,0.0886,0.283874051491031,-0.0447581610131709
9.19,0.3064,0.0873,0.283868852686065,-0.0447767080825196
9.2,0.3067,0.0867,0.283878694719411,-0.0447415959642719
9.21,0.3069,0.0872,0.283859539306343,-0.0448099340583295
9.22,0.3073,0.0875,0.283882750662808,-0.0447271260698102
9.23,0.3077,0.0866,0.283863815910349,-0.0447946770631525
9.24,0.308,0.0869,0.283869440411785,-0.0447746113354584
9.25,0.3084,0.0889,0.283868497094502,-0.0447779766766802
9.26,0.3087,0.0907,0.283832625607454,-0.0449059493681149
9.27,0.3091,0.091,0.283880934688234,-0.04473360470384
9.28,0.3094,0.0899,0.283881989998933,-0.044729839799415
9.29,0.3098,0.0887,0.283858981457293,-0.0448119242102151
9.3,0.3101,0.0887,0.28385590353056,-0.0448229048455313
9.31,0.3105,0.0906,0.283837144531566,-0.0448898280672126
9.32,0.3107,0.0944,0.283777912932844,-0.0451011348572027
9.33,0.311,0.0967,0.283758072161831,-0.0451719149717519
9.34,0.3113,0.0957,0.283681105910712,-0.0454464793144499
9.35,0.3115,0.0949,0.283655569204331,-0.0455375753015378
9.36,0.3119,0.0955,0.283569485035022,-0.0458446523642064
9.37,0.3123,0.0971,0.283569416126701,-0.0458448981675675
9.38,0.3126,0.0967,0.283530906270737,-0.0459822658254197
9.39,0.313,0.0953,0.283500721655539,-0.0460899351323531
9.4,0.3133,0.0966,0.283490728428718,-0.0461255809285035
9.41,0.3137,0.0998,0.283506617942723,-0.0460689030310268
9.42,0.314,0.1019,0.283414115994806,-0.0463988521256757
9.43,0.3144,0.1023,0.28342898295555,-0.046345823410001
9.44,0.3147,0.102,0.283381691947126,-0.0465145037639284
9.45,0.3151,0.1023,0.28337477989756,-0.046539157786063
9.46,0.3154,0.1033,0.283334117010431,-0.0466841934369115
9.47,0.3158,0.1032,0.28333509676934,-0.0466806988799448
9.48,0.3162,0.1033,0.28330494086713,-0.0467882568366272
9.49,0.3165,0.1054,0.283266514965787,-0.046925309653316
9.5,0.3167,0.1072,0.283152274635353,-0.0473327549379484
9.51,0.3171,0.1065,0.283232101226586,-0.0470480504841108
9.52,0.3175,0.1065,0.283109209364357,-0.0474863447985375
9.53,0.3177,0.1079,0.283164125935814,-0.0472904874510379
9.54,0.318,0.108,0.283104364397749,-0.0475036239232297
9.55,0.3184,0.1072,0.283112578150345,-0.0474743303143868
9.56,0.3187,0.1063,0.283001934618718,-0.047868921935837
9.57,0.3191,0.1077,0.282910135658882,-0.0481962934983353
9.58,0.3195,0.1102,0.282857042131873,-0.0483856287265307
9.59,0.3198,0.1097,0.282798475471926,-0.0485944765855887
9.6,0.3202,0.1125,0.282570865300018,-0.049406081916026
9.61,0.3206,0.1157,0.282572034239862,-0.0494019139464618
9.62,0.321,0.1162,0.282494422446703,-0.0496786419163362
9.63,0.3212,0.1159,0.282529794290663,-0.0495525233133938
9.64,0.3216,0.1111,0.282333044559873,-0.0502540121132323
9.65,0.3218,0.109,0.282389606340551,-0.0500523535064597
9.66,0.3222,0.1113,0.282311166174695,-0.0503320133936636
9.67,0.3224,0.1168,0.282305692576764,-0.0503515278673519
9.68,0.3228,0.1195,0.28228325576653,-0.0504315191195643
9.69,0.3231,0.1184,0.282342545247237,-0.0502201398368958
9.7,0.3235,0.1177,0.28229534401427,-0.0503884224430467
9.71,0.3237,0.1189,0.282365669169549,-0.0501376968227096
9.72,0.3241,0.1231,0.282284468150626,-0.0504271967722852
9.73,0.3244,0.1256,0.282321580138979,-0.0502948853987083
9.74,0.3249,0.1235,0.282289199701494,-0.0504103279995404
9.75,0.3252,0.1197,0.2822983723319,-0.0503776259366997
9.76,0.3256,0.12,0.28226550463049,-0.0504948045638663
9.77,0.326,0.1255,0.282284899513361,-0.0504256588931574
9.78,0.3262,0.1294,0.282296505240299,-0.0503842824614584
9.79,0.3265,0.1268,0.282319596339291,-0.0503019580786596
9.8,0.3269,0.1228,0.282288776058978,-0.0504118383575693
9.81,0.3271,0.1215,0.282288947950833,-0.0504112255337391
9.82,0.3275,0.1248,0.282250843536935,-0.0505470731872929
9.83,0.3277,0.1277,0.282256688783158,-0.0505262341958762
9.84,0.3281,0.1276,0.282231233089296,-0.0506169863662105
9.85,0.3283,0.129,0.282254473553295,-0.0505341317573926
9.86,0.3285,0.1309,0.282227372057682,-0.0506307512560319
9.87,0.3289,0.1307,0.282217071836929,-0.0506674722654336
9.88,0.3293,0.1283,0.282166116104424,-0.0508491306669906
9.89,0.3295,0.1277,0.282164084648378,-0.0508563727748996
9.9,0.3298,0.1295,0.282108219453419,-0.0510555288463407
9.91,0.3302,0.1304,0.282090564647013,-0.0511184661921636
9.92,0.3306,0.13,0.282075134402952,-0.0511734728444025
9.93,0.331,0.1297,0.282050167412261,-0.0512624758964427
9.94,0.3314,0.131,0.282024022129242,-0.0513556783494058
9.95,0.3317,0.1326,0.281994378860297,-0.0514613491393547
9.96,0.3321,0.1341,0.281957701346791,-0.0515920934021488
9.97,0.3324,0.1347,0.281925835650169,-0.0517056833401908
9.98,0.3328,0.1354,0.281905868414627,-0.0517768586908478
9.99,0.3332,0.1369,0.281869266713202,-0.0519073278132909
10,0.3334,0.1389,0.281835080244776,-0.0520291858538259
10.01,0.3336,0.1422,0.281802251808686,-0.0521462015111928
10.02,0.3339,0.1444,0.281762353221044,-0.0522884162509952
10.03,0.3342,0.1428,0.281725115379729,-0.0524211448423767
10.04,0.3346,0.1396,0.281691487336641,-0.052541005059701
10.05,0.3349,0.1396,0.281647158195239,-0.0526990045222672
10.06,0.3353,0.1411,0.28161491334163,-0.0528139308822001
10.07,0.3355,0.1407,0.281573262927953,-0.0529623779964783
10.08,0.336,0.1389,0.28154007069654,-0.0530806772492233
10.09,0.3363,0.1392,0.281480711417133,-0.053292233398426
10.1,0.3367,0.1432,0.281439397588571,-0.0534394725173972
10.11,0.337,0.1464,0.281407647826391,-0.0535526243309155
10.12,0.3374,0.1475,0.28138901413986,-0.0536190315341738
10.13,0.3378,0.147,0.281358532987706,-0.0537276599043235
10.14,0.338,0.1469,0.281340032904262,-0.0537935895988872
10.15,0.3383,0.1461,0.281319186318403,-0.0538678810247665
10.16,0.3387,0.1452,0.281291135832724,-0.0539678441073278
10.17,0.3389,0.1454,0.281264212884259,-0.0540637878851758
10.18,0.3393,0.1487,0.281218379416125,-0.0542271194864136
10.19,0.3395,0.1507,0.281187007012681,-0.0543389159805637
10.2,0.3399,0.1505,0.281160442926258,-0.0544335767315574
10.21,0.3402,0.1502,0.281142226983273,-0.0544984883740043
10.22,0.3406,0.1512,0.281115551679557,-0.0545935436399343
10.23,0.3409,0.153,0.281091132055021,-0.0546805600351578
10.24,0.3413,0.1541,0.281066632740047,-0.0547678594926697
10.25,0.3417,0.1548,0.281019595199272,-0.0549354678338399
10.26,0.342,0.1556,0.280991793870727,-0.0550345304247871
10.27,0.3425,0.1564,0.280956919689189,-0.0551587935833285
10.28,0.3428,0.1572,0.280929124598327,-0.0552578313173279
10.29,0.3432,0.1585,0.28090723726719,-0.0553358180693312
10.3,0.3435,0.1597,0.280884046297356,-0.0554184490271974
10.31,0.3439,0.1584,0.280865486687186,-0.055484577559511
10.32,0.3442,0.1573,0.280833729066799,-0.0555977298517787
10.33,0.3445,0.1564,0.280791236982054,-0.0557491266216093
10.34,0.3448,0.1578,0.280741505208746,-0.0559263145083779
10.35,0.3451,0.1602,0.280713399956863,-0.0560264482402255
10.36,0.3454,0.1622,0.280676738822399,-0.0561570631816303
10.37,0.3458,0.1652,0.280658959498214,-0.0562204059731739
10.38,0.346,0.1666,0.280633867895257,-0.0563097995699794
10.39,0.3464,0.1664,0.2806088207819,-0.0563990337161121
10.4,0.3467,0.1633,0.280544441708228,-0.056628389599603
10.41,0.3471,0.161,0.280516061362705,-0.0567294949885794
10.42,0.3476,0.1625,0.280463837803768,-0.0569155389907039
10.43,0.3478,0.1647,0.280430834559398,-0.0570331093921193
10.44,0.3483,0.1658,0.280401290989351,-0.0571383536923007
10.45,0.3486,0.1662,0.28040135659312,-0.0571381199907013
10.46,0.3489,0.1678,0.280357019329124,-0.0572960620200052
10.47,0.3492,0.1706,0.280360216920478,-0.0572846713833343
10.48,0.3496,0.1718,0.280322567505285,-0.0574187872322252
10.49,0.3499,0.1702,0.280302746862494,-0.0574893920464335
10.5,0.3503,0.1699,0.280243477942554,-0.0577005154192585
10.51,0.3505,0.1716,0.280214128607652,-0.0578050594912477
10.52,0.3509,0.1725,0.280162162163724,-0.0579901638581585
10.53,0.3511,0.1729,0.280083220968334,-0.058271344435765
10.54,0.3513,0.1746,0.280046385494925,-0.0584025454592496
10.55,0.3517,0.1761,0.279993130848907,-0.0585922248648633
10.56,0.352,0.1776,0.27990095755877,-0.058920512395156
10.57,0.3524,0.1764,0.279853373149278,-0.0590899856310558
10.58,0.3527,0.1754,0.279748917781321,-0.0594619944299052
10.59,0.353,0.1755,0.279728217087001,-0.0595357162155367
10.6,0.3533,0.1762,0.279650385071748,-0.0598128951005426
10.61,0.3537,0.1767,0.279656352924132,-0.0597916424388885
10.62,0.354,0.1775,0.279597939167599,-0.0599996626663773
10.63,0.3544,0.1784,0.279573268300562,-0.0600875178112678
10.64,0.3548,0.1799,0.279554377628033,-0.060154788550233
10.65,0.355,0.1811,0.279479547011831,-0.0604212592594239
10.66,0.3553,0.183,0.279437156756978,-0.0605722065768572
10.67,0.3557,0.1841,0.279394991860296,-0.0607223487277412
10.68,0.3559,0.1827,0.279347003184007,-0.0608932251211866
10.69,0.3563,0.1813,0.27931491484001,-0.0610074822315563
10.7,0.3565,0.1824,0.279235512766327,-0.0612902028742202
10.71,0.3569,0.1851,0.279193592485733,-0.061439461244146
10.72,0.3571,0.1848,0.279124483153128,-0.0616855212319272
10.73,0.3575,0.182,0.279046145982806,-0.0619644277185338
10.74,0.3578,0.1813,0.279045386837058,-0.0619671304856264
10.75,0.3582,0.1829,0.279006461803232,-0.0621057131180091
10.76,0.3585,0.1846,0.278982858812285,-0.0621897444205762
10.77,0.3589,0.1859,0.278983876053494,-0.0621861228585868
10.78,0.3592,0.1866,0.279059061824296,-0.0619184436468983
10.79,0.3597,0.1887,0.279093835759523,-0.0617946372899474
10.8,0.3601,0.1914,0.279060141258286,-0.061914600543288
10.81,0.3604,0.1932,0.279073615760618,-0.0618666271899427
10.82,0.3608,0.1924,0.279035480690388,-0.0620023990052862
10.83,0.3611,0.1913,0.278884578893151,-0.062539631281584
10.84,0.3615,0.191,0.278812977030599,-0.0627945322795616
10.85,0.3618,0.1907,0.278779678603996,-0.0629130712851117
10.86,0.3621,0.1908,0.278735684365551,-0.0630696837269307
10.87,0.3623,0.193,0.27868602844029,-0.0632464473606347
10.88,0.3627,0.1937,0.278765767317105,-0.0629625935536645
10.89,0.363,0.1943,0.278654784286866,-0.0633576674301193
10.9,0.3634,0.195,0.278681083249397,-0.0632640508953166
10.91,0.3637,0.1965,0.278641458068097,-0.063405104432674
10.92,0.364,0.1982,0.278704882016701,-0.0631793334177448
10.93,0.3643,0.198,0.278667550476116,-0.0633122236992811
10.94,0.3648,0.1975,0.27869555928911,-0.0632125200268283
10.95,0.3651,0.1987,0.278807173792551,-0.0628151913359674
10.96,0.3655,0.1999,0.278998869464915,-0.0621327434313874
10.97,0.3659,0.1993,0.278975682403865,-0.0622152936832518
10.98,0.3662,0.1997,0.278871817111781,-0.0625850634984793
10.99,0.3666,0.2009,0.278862189273319,-0.0626193386484896
11,0.3668,0.2024,0.278962216693005,-0.0622632337473502
11.01,0.3672,0.203,0.278876491782811,-0.0625684215973054
11.02,0.3674,0.2027,0.278891889941019,-0.062513603682842
11.03,0.3677,0.204,0.278844970285967,-0.0626806379755138
11.04,0.3681,0.2054,0.278814655862859,-0.0627885557635133
11.05,0.3685,0.2058,0.278700121571018,-0.0631962794457231
11.06,0.3688,0.2062,0.278735768947988,-0.0630693826298034
11.07,0.369,0.2071,0.278615435036546,-0.0634977371852405
11.08,0.3694,0.2094,0.27861810534152,-0.0634882318946659
11.09,0.3699,0.2091,0.278558729900719,-0.0636995837982402
11.1,0.3702,0.2082,0.278485475187307,-0.0639603328217987
11.11,0.3706,0.2086,0.278443439433011,-0.0641099547879117
11.12,0.371,0.2106,0.278376571987456,-0.0643479571285688
11.13,0.3713,0.2115,0.278340862275984,-0.064475056499643
11.14,0.3716,0.2126,0.278247108902273,-0.064808737944427
11.15,0.372,0.2151,0.278143237126324,-0.0651784167331618
11.16,0.3723,0.217,0.278108972930794,-0.0653003591532954
11.17,0.3726,0.2167,0.278029674836476,-0.0655825653696359
11.18,0.3729,0.2156,0.277998355923773,-0.0656940205676828
11.19,0.3732,0.2153,0.277955304668991,-0.0658472254570849
11.2,0.3734,0.2167,0.277909882571754,-0.0660088643462844
11.21,0.3738,0.2179,0.277875151173307,-0.0661324572606486
11.22,0.374,0.2182,0.277806121943482,-0.0663780948280624
11.23,0.3744,0.218,0.277777820022354,-0.066478803930375
11.24,0.3746,0.2189,0.277745871660743,-0.0665924870175499
11.25,0.3749,0.2192,0.277712586294238,-0.0667109259846602
11.26,0.3753,0.2192,0.277686312134263,-0.0668044158706885
11.27,0.3757,0.2192,0.277670636178065,-0.0668601942605907
11.28,0.3759,0.2199,0.277637028677959,-0.0669797756537366
11.29,0.3764,0.2218,0.27761744882442,-0.0670494434298557
11.3,0.3766,0.2233,0.277572667682871,-0.0672087786372562
11.31,0.3771,0.2251,0.277564786170529,-0.0672368214328627
11.32,0.3774,0.2241,0.277538862797205,-0.0673290573673084
11.33,0.3778,0.2224,0.277522312515996,-0.0673879431035148
11.34,0.3781,0.2214,0.27749587648915,-0.0674820013683686
11.35,0.3784,0.2219,0.277472802084253,-0.0675640982638769
11.36,0.3787,0.2239,0.277436447951114,-0.0676934417475019
11.37,0.379,0.2246,0.277416811730048,-0.0677633041512208
11.38,0.3793,0.2243,0.277383845845064,-0.06788058997243
11.39,0.3795,0.2254,0.277355464466069,-0.0679815637549881
11.4,0.3799,0.2288,0.277304355023285,-0.0681633951910113
11.41,0.3803,0.2307,0.277258210634864,-0.0683275591335471
11.42,0.3806,0.2298,0.277240617620422,-0.068390147451065
11.43,0.381,0.2284,0.27720981207537,-0.0684997391007924
11.44,0.3813,0.2295,0.277168182258787,-0.0686478361494479
11.45,0.3817,0.2313,0.27714074609039,-0.0687454382164258
11.46,0.382,0.2307,0.277102440567974,-0.0688817052807093
11.47,0.3824,0.2299,0.277065230195259,-0.0690140743715626
11.48,0.3827,0.2307,0.27702927048954,-0.0691419924616794
11.49,0.3831,0.2329,0.276996924653992,-0.0692570534051528
11.5,0.3834,0.2353,0.276961077826824,-0.0693845662714236
11.51,0.3838,0.2354,0.27692639419093,-0.0695079396389269
11.52,0.384,0.2359,0.276883487658754,-0.0696605602124438
11.53,0.3844,0.2366,0.276839456530729,-0.0698171781439573
11.54,0.3846,0.2368,0.276796710418887,-0.0699692225024993
11.55,0.385,0.2384,0.276757543578795,-0.0701085332735788
11.56,0.3852,0.2396,0.276715051185067,-0.0702596699437505
11.57,0.3856,0.2392,0.276686946634657,-0.0703596305321222
11.58,0.3859,0.2377,0.276639845731714,-0.0705271535466451
11.59,0.3863,0.2384,0.27659999490209,-0.0706688877342603
11.6,0.3866,0.2402,0.276586389454943,-0.0707172765681427
11.61,0.387,0.241,0.276577367044521,-0.0707493653207529
11.62,0.3873,0.2402,0.276539560824509,-0.0708838241135829
11.63,0.3877,0.2413,0.276514893930686,-0.0709715513949327
11.64,0.3882,0.245,0.276480739653488,-0.0710930188401111
11.65,0.3884,0.2458,0.276459883075339,-0.0711671930275481
11.66,0.3889,0.2437,0.27641745863944,-0.0713180689708936
11.67,0.3891,0.2433,0.276390598744229,-0.0714135906319673
11.68,0.3893,0.245,0.276357752229384,-0.0715304009908831
11.69,0.3897,0.2466,0.276354650205536,-0.071541432473622
11.7,0.3901,0.2458,0.276312148614666,-0.0716925760697007
11.71,0.3903,0.2439,0.276268712293217,-0.0718470409321183
11.72,0.3906,0.2452,0.276220792717618,-0.0720174454980574
11.73,0.391,0.2495,0.276188666258467,-0.0721316869639271
11.74,0.3914,0.252,0.27615435392816,-0.0722536996563836
11.75,0.3917,0.2489,0.276137853581156,-0.0723123733194862
11.76,0.3921,0.2461,0.27611042822125,-0.0724098943815826
11.77,0.3924,0.2461,0.276122313579404,-0.0723676317114993
11.78,0.3928,0.2478,0.276105334909601,-0.0724280054198321
11.79,0.3931,0.2504,0.276085885893052,-0.0724971627926654
11.8,0.3935,0.2527,0.276040138364078,-0.0726598309278588
11.81,0.3938,0.2543,0.276046811270666,-0.0726361037382873
11.82,0.3942,0.2561,0.275997410707989,-0.0728117582148487
11.83,0.3945,0.257,0.275961273098378,-0.0729402510420171
11.84,0.3948,0.2573,0.275909657841696,-0.073123773613945
11.85,0.3951,0.2562,0.275893928908233,-0.0731796984190983
11.86,0.3955,0.2559,0.275861517304736,-0.0732949379007437
11.87,0.3958,0.2566,0.275844646339414,-0.0733549220054129
11.88,0.3961,0.2588,0.275822960677814,-0.0734320239586117
11.89,0.3963,0.2616,0.275849925394091,-0.0733361525642305
11.9,0.3967,0.2611,0.275840630269298,-0.0733692009337667
11.91,0.3969,0.2597,0.275863148527261,-0.0732891381255653
11.92,0.3973,0.2601,0.275851953345146,-0.0733289422644243
11.93,0.3976,0.2621,0.275870199179686,-0.0732640696426062
11.94,0.398,0.2632,0.275924659734459,-0.0730704334819304
11.95,0.3983,0.2624,0.275930784522701,-0.0730486563315678
11.96,0.3987,0.2614,0.27595083812222,-0.0729773538383508
11.97,0.3991,0.2637,0.275928762818182,-0.0730558446619696
11.98,0.3994,0.2668,0.275880552220062,-0.0732272594360151
11.99,0.3997,0.2671,0.275872696085217,-0.0732551919166202
12,0.4001,0.2661,0.275829013980725,-0.0734105019067607
12.01,0.4004,0.266,0.275802063782502,-0.0735063208351023
12.02,0.4008,0.2662,0.275785910032273,-0.0735637534706745
12.03,0.401,0.2645,0.275732787032556,-0.0737526228725252
12.04,0.4013,0.2635,0.275725950979766,-0.0737769269370914
12.05,0.4016,0.265,0.275742450399839,-0.0737182668004178
12.06,0.4019,0.2682,0.275740496015032,-0.0737252152163203
12.07,0.4022,0.2706,0.275742850856859,-0.0737168430565862
12.08,0.4026,0.2722,0.27573296119276,-0.0737520036837559
12.09,0.4029,0.2733,0.275641051437324,-0.0740787625077076
12.1,0.4033,0.2729,0.275606746139791,-0.0742007219140182
12.11,0.4036,0.2716,0.27556310224081,-0.0743558785973922
12.12,0.404,0.2712,0.275480297342734,-0.0746502471068733
12.13,0.4043,0.2716,0.275425272318763,-0.0748458534313037
12.14,0.4047,0.2713,0.275355005059737,-0.0750956371620376
12.15,0.405,0.2713,0.275321877595866,-0.0752133949989982
12.16,0.4054,0.2742,0.275270970595062,-0.0753943503447511
12.17,0.4058,0.2772,0.275235689715134,-0.0755197583881388
12.18,0.4061,0.2785,0.275207662663624,-0.0756193809203379
12.19,0.4063,0.2773,0.275192665150621,-0.0756726892969272
12.2,0.4067,0.2761,0.275201318496904,-0.0756419311823692
12.21,0.4069,0.2772,0.275183459000711,-0.0757054122152034
12.22,0.4073,0.2787,0.275134427796063,-0.0758796896647824
12.23,0.4075,0.2782,0.275073663858293,-0.0760956651460608
12.24,0.4079,0.278,0.27500972567455,-0.0763229169678319
12.25,0.4082,0.2805,0.274833561817593,-0.0769490142517519
12.26,0.4086,0.2835,0.274770639182018,-0.077172633889588
12.27,0.4089,0.2837,0.274563577025454,-0.0779084663692035
12.28,0.4093,0.2831,0.274462988554109,-0.0782659022559692
12.29,0.4097,0.2827,0.27434556491157,-0.0786831417958308
12.3,0.41,0.2819,0.274232885472847,-0.0790835043375377
12.31,0.4104,0.2812,0.274161498235482,-0.0793371412293077
12.32,0.4107,0.2822,0.274075116259839,-0.0796440437680357
12.33,0.4111,0.2846,0.274047381166632,-0.079742580122591
12.34,0.4114,0.286,0.274113192027106,-0.0795087675127021
12.35,0.4118,0.2857,0.274109183656848,-0.0795230086236853
12.36,0.412,0.2853,0.274173641215348,-0.0792939980965416
12.37,0.4124,0.287,0.274155145859999,-0.0793597106734853
12.38,0.4126,0.289,0.2742434986719,-0.0790457952787708
12.39,0.413,0.2906,0.274213352101269,-0.0791529066312489
12.4,0.4133,0.2919,0.27424494892775,-0.0790406424570439
12.41,0.4137,0.2935,0.274210645819804,-0.0791625220351463
12.42,0.4139,0.2945,0.274196670619817,-0.0792121756723736
12.43,0.4143,0.2936,0.274178984089013,-0.0792750151810359
12.44,0.4146,0.2915,0.274156523615035,-0.079354815633399
12.45,0.415,0.2906,0.274129327807237,-0.0794514393717671
12.46,0.4154,0.2916,0.274081856143084,-0.079620098351127
12.47,0.4158,0.2924,0.274039334636906,-0.0797711673603217
12.48,0.4161,0.2928,0.274006327580256,-0.0798884318719399
12.49,0.4165,0.2951,0.273981701361211,-0.0799759206281705
12.5,0.4169,0.2981,0.273968911588613,-0.080021358071741
12.51,0.4172,0.2986,0.273924038982507,-0.0801807722924327
12.52,0.4176,0.2974,0.273872117231107,-0.0803652254975047
12.53,0.4178,0.2967,0.273826227456758,-0.0805282465927373
12.54,0.4182,0.2976,0.273777888507539,-0.0806999648337507
12.55,0.4184,0.2991,0.273741621408022,-0.0808287969898528
12.56,0.4187,0.2993,0.273695911248781,-0.0809911710508098
12.57,0.419,0.3,0.27367294807061,-0.0810727408894888
12.58,0.4193,0.3021,0.273633218295956,-0.081213867187349
12.59,0.4196,0.3015,0.273611448038536,-0.0812911974989916
12.6,0.4199,0.3008,0.273582416836547,-0.0813943183635607
12.61,0.4203,0.3016,0.273533046445487,-0.0815696825445526
12.62,0.4206,0.3037,0.273491978278332,-0.0817155543422031
12.63,0.421,0.3059,0.27345922915946,-0.0818318755360682
12.64,0.4213,0.3071,0.273431175110385,-0.0819315190872291
12.65,0.4217,0.3083,0.273407809810279,-0.0820145080398215
12.66,0.4222,0.3098,0.273372517662686,-0.0821398572543847
12.67,0.4225,0.309,0.273340705212848,-0.0822528458158457
12.68,0.4229,0.3062,0.273311162280783,-0.0823577723487891
12.69,0.4232,0.3061,0.273289903366585,-0.0824332760320931
12.7,0.4235,0.3081,0.27325196679504,-0.0825680108066558
12.71,0.4238,0.3097,0.273233046818049,-0.0826352058131519
12.72,0.4241,0.31,0.273198495713966,-0.0827579139644931
12.73,0.4243,0.3109,0.273169852924195,-0.0828596373937891
12.74,0.4246,0.3125,0.273131582824036,-0.0829955498084175
12.75,0.425,0.3126,0.273096819975379,-0.0831190046643408
12.76,0.4254,0.3131,0.273054743366568,-0.0832684307740619
12.77,0.4256,0.3137,0.27302812589443,-0.0833629556805219
12.78,0.4259,0.3143,0.273000311982318,-0.0834617282894622
12.79,0.4264,0.3141,0.272967626994277,-0.0835777975504361
12.8,0.4268,0.313,0.272931232327294,-0.083707038545178
12.81,0.4271,0.3139,0.272904384040672,-0.0838023781411877
12.82,0.4275,0.3157,0.272883342978718,-0.0838770952377318
12.83,0.4278,0.3168,0.272860991649411,-0.0839564643828547
12.84,0.4282,0.3159,0.272822936717936,-0.0840915949937193
12.85,0.4285,0.3154,0.272791920177387,-0.0842017311224146
12.86,0.4288,0.317,0.272762075004529,-0.0843077064962365
12.87,0.4291,0.3178,0.272728684150044,-0.0844262704250738
12.88,0.4294,0.318,0.272699942427806,-0.0845283249179437
12.89,0.4296,0.3182,0.272659102649449,-0.0846733343745032
12.9,0.43,0.3199,0.272620531060379,-0.0848102878898862
12.91,0.4303,0.3228,0.272604598933358,-0.0848668563564461
12.92,0.4307,0.3235,0.272565990943226,-0.0850039359566301
12.93,0.4309,0.3231,0.272529669394603,-0.0851328953878513
12.94,0.4313,0.3247,0.272487270758662,-0.085283428972934
12.95,0.4316,0.3257,0.272455549717098,-0.0853960506914924
12.96,0.4321,0.3249,0.272422476854214,-0.085513470278701
12.97,0.4324,0.323,0.272389134832082,-0.0856318438071794
12.98,0.4328,0.3244,0.272359314746875,-0.0857377120574958
12.99,0.4331,0.3268,0.272344894851524,-0.0857889055666522
13,0.4335,0.3278,0.272309915572181,-0.0859130876985399
13.01,0.4339,0.3269,0.272280898632027,-0.0860161011619387
13.02,0.4342,0.3265,0.27223262150987,-0.0861874876769735
13.03,0.4346,0.327,0.272184360765775,-0.086358812550584
13.04,0.4348,0.3285,0.272128925607905,-0.0865556021626717
13.05,0.4352,0.3291,0.272090272166273,-0.0866928155251079
13.06,0.4355,0.3308,0.272043316239184,-0.0868594983276353
13.07,0.4357,0.3326,0.27201314247201,-0.0869666065531511
13.08,0.4361,0.3349,0.271971028501563,-0.0871160967925428
13.09,0.4365,0.3354,0.271935020492259,-0.0872439108393476
13.1,0.4368,0.3349,0.271880060028787,-0.0874389947729413
13.11,0.4372,0.3334,0.271821520215256,-0.087646778736755
13.12,0.4375,0.3312,0.271766553053489,-0.0878418770789028
13.13,0.438,0.3303,0.271731862117617,-0.0879650054253593
13.14,0.4383,0.3329,0.271686472442326,-0.0881261040198723
13.15,0.4387,0.3361,0.27163526414136,-0.0883078505674164
13.16,0.439,0.338,0.271574654487773,-0.0885229589498941
13.17,0.4394,0.3394,0.271526103432838,-0.0886952664483583
13.18,0.4396,0.3406,0.27147891213295,-0.0888627447904901
13.19,0.44,0.3425,0.27144503481993,-0.0889829707423319
13.2,0.4403,0.3424,0.27141353333512,-0.0890947636589991
13.21,0.4406,0.3398,0.271368855187014,-0.0892533155511464
13.22,0.4408,0.3389,0.271336330044443,-0.0893687374949872
13.23,0.4411,0.34,0.271311163159866,-0.089458046105766
13.24,0.4414,0.3414,0.271278908509601,-0.0895725053674103
13.25,0.4416,0.3416,0.271256208634424,-0.08965305749667
13.26,0.442,0.3436,0.271225270081773,-0.089762843916382
13.27,0.4422,0.346,0.27119071943604,-0.0898854462631947
13.28,0.4426,0.3462,0.271151396884372,-0.090024979452851
13.29,0.4429,0.3448,0.271114401960913,-0.0901562511060037
13.3,0.4433,0.344,0.27108092696812,-0.0902750309749321
13.31,0.4437,0.3456,0.271058075424436,-0.090356114518409
13.32,0.444,0.3476,0.271027923541588,-0.0904631004680435
13.33,0.4444,0.3485,0.271001214447161,-0.090557869457672
13.34,0.4447,0.3499,0.2709732091852,-0.0906572363486303
13.35,0.4451,0.3513,0.270949800983568,-0.0907402912736081
13.36,0.4454,0.3504,0.270928702505467,-0.0908151503359002
13.37,0.4458,0.3489,0.270902789169896,-0.0909070919777777
13.38,0.446,0.3486,0.270884024065434,-0.0909736707557099
13.39,0.4464,0.3482,0.270851966270045,-0.0910874109113821
13.4,0.4466,0.3473,0.270810332158386,-0.0912351252658532
13.41,0.447,0.3474,0.270818686641823,-0.091205484464251
13.42,0.4472,0.3505,0.270781727236972,-0.0913366116330973
13.43,0.4475,0.3553,0.270759985721355,-0.0914137467497049
13.44,0.4479,0.359,0.270714128640957,-0.0915764373710403
13.45,0.4483,0.3577,0.270710918794092,-0.0915878250686061
13.46,0.4486,0.3545,0.270669211972995,-0.0917357885616649
13.47,0.449,0.3548,0.270666805491339,-0.0917443259687657
13.48,0.4493,0.356,0.270652255077343,-0.0917959458770383
13.49,0.4497,0.3557,0.270635075634348,-0.091856892275005
13.5,0.45,0.3557,0.270608363843252,-0.0919516550878873
13.51,0.4504,0.3575,0.270576722612816,-0.0920639042063779
13.52,0.4507,0.3598,0.270539094977576,-0.0921973884915184
13.53,0.4511,0.3607,0.270502586590125,-0.0923269002075564
13.54,0.4514,0.361,0.270454020581814,-0.0924991826438819
13.55,0.4517,0.3614,0.27043281988791,-0.09257438860471
13.56,0.4519,0.3614,0.270396130402194,-0.0927045369038541
13.57,0.4523,0.3602,0.270346303344835,-0.0928812847654258
13.58,0.4525,0.3602,0.270319192987431,-0.0929774497810873
13.59,0.4529,0.3636,0.270286113753574,-0.0930947859162337
13.6,0.4532,0.3674,0.270273311933345,-0.0931401951159636
13.61,0.4536,0.3689,0.270241359959693,-0.093253530547845
13.62,0.4539,0.3681,0.270220052545165,-0.0933291082840292
13.63,0.4543,0.3671,0.270191485093879,-0.093430436416868
13.64,0.4546,0.3667,0.270172460601402,-0.0934979152018963
13.65,0.4551,0.3661,0.270127251298615,-0.0936582678314435
13.66,0.4556,0.3647,0.270097678613114,-0.0937631573700241
13.67,0.4559,0.3649,0.270081383467871,-0.0938209530575628
13.68,0.4563,0.3667,0.270050818914116,-0.0939293584673669
13.69,0.4565,0.3675,0.270013227105353,-0.0940626860057356
13.7,0.4568,0.3674,0.269987627349385,-0.0941534799036567
13.71,0.4571,0.3684,0.269958541053318,-0.0942566382176293
13.72,0.4573,0.3713,0.269928332793116,-0.0943637743796023
13.73,0.4577,0.3718,0.269883807960958,-0.0945216829857624
13.74,0.4581,0.3708,0.269860789978895,-0.0946033157598072
13.75,0.4583,0.3704,0.269818575502114,-0.0947530264212852
13.76,0.4586,0.3726,0.269776404695963,-0.0949025795399459
13.77,0.459,0.3751,0.269735550100699,-0.0950474623498681
13.78,0.4594,0.3772,0.269697000807991,-0.0951841675615806
13.79,0.4597,0.3781,0.26965732584071,-0.0953248623637294
13.8,0.4601,0.3784,0.269631977723102,-0.0954147502606454
13.81,0.4604,0.3764,0.269605267984735,-0.0955094656089197
13.82,0.4608,0.3754,0.269585510497169,-0.0955795269067068
13.83,0.4611,0.3766,0.269541771788976,-0.0957346250443859
13.84,0.4615,0.3789,0.269529028465064,-0.0957798125290886
13.85,0.4618,0.3798,0.269492428627738,-0.0959095932165848
13.86,0.4622,0.3801,0.269464165676284,-0.0960098104646591
13.87,0.4625,0.3812,0.269463400492745,-0.096012523702804
13.88,0.4629,0.3834,0.269413573346447,-0.0961892021874724
13.89,0.4632,0.3838,0.269391280161503,-0.0962682487791262
13.9,0.4635,0.3823,0.269355716089488,-0.0963943493925202
13.91,0.4637,0.3818,0.269334518163575,-0.0964695106222515
13.92,0.4641,0.3828,0.269306177355426,-0.0965699972309181
13.93,0.4643,0.3838,0.269276784846162,-0.0966742115326352
13.94,0.4645,0.3836,0.269235443338982,-0.0968207900994878
13.95,0.4649,0.3845,0.269195450639517,-0.0969625839572483
13.96,0.4653,0.3868,0.269171054448082,-0.0970490793192191
13.97,0.4656,0.3874,0.269152704861678,-0.0971141361860446
13.98,0.466,0.3861,0.269122370717294,-0.0972216821568342
13.99,0.4663,0.3857,0.269099279532099,-0.0973035481838714
14,0.4667,0.3871,0.269058294532984,-0.0974488518386313
14.01,0.467,0.3879,0.269019767039921,-0.0975854406292656
14.02,0.4674,0.3876,0.26898011783576,-0.0977260038200138
14.03,0.4679,0.3873,0.268939196928663,-0.0978710729439833
14.04,0.4682,0.3887,0.26890061785236,-0.0980078377215913
14.05,0.4684,0.3922,0.268864522338498,-0.098135796124991
14.06,0.4688,0.3928,0.268839289691749,-0.0982252445631326
14.07,0.469,0.3919,0.268811616091498,-0.0983233449591907
14.08,0.4694,0.3923,0.268779049774918,-0.0984387881197646
14.09,0.4696,0.3931,0.268754875792118,-0.0985244805714425
14.1,0.47,0.3937,0.268729603932883,-0.0986140638627755
14.11,0.4703,0.3947,0.268708007488029,-0.0986906178443467
14.12,0.4706,0.3958,0.268657715779444,-0.0988688866316728
14.13,0.4709,0.3972,0.268645396970406,-0.0989125524793788
14.14,0.4713,0.3979,0.268598307253379,-0.0990794668773129
14.15,0.4716,0.3976,0.268572781397024,-0.0991699445404679
14.16,0.472,0.3981,0.268531789150858,-0.0993152415462563
14.17,0.4723,0.3988,0.268504019803746,-0.0994136685593808
14.18,0.4727,0.3977,0.268468975499969,-0.0995378796307643
14.19,0.473,0.3963,0.268457794309267,-0.0995775098690179
14.2,0.4734,0.3979,0.268425044634696,-0.0996935856421826
14.21,0.4736,0.3999,0.268407834619814,-0.0997545830327502
14.22,0.474,0.399,0.268379904700381,-0.0998535739960322
14.23,0.4742,0.3976,0.268351965262132,-0.0999525975272503
14.24,0.4746,0.3981,0.268308390393827,-0.100107034136822
14.25,0.4748,0.4002,0.268299605499167,-0.100138168925897
14.26,0.4752,0.401,0.268253778162743,-0.100300584986737
14.27,0.4755,0.4008,0.268240299684871,-0.10034835328434
14.28,0.4759,0.4027,0.268200440685003,-0.100489613679156
14.29,0.4762,0.4061,0.268171317269996,-0.100592825629796
14.3,0.4766,0.4077,0.268136140536895,-0.100717488548053
14.31,0.4771,0.4079,0.268123755402552,-0.100761379817513
14.32,0.4774,0.4065,0.268082723177796,-0.100906790925125
14.33,0.4778,0.4062,0.268081195760871,-0.100912203777842
14.34,0.4781,0.4068,0.268042657162394,-0.10104877552047
14.35,0.4786,0.4082,0.268035179418503,-0.101075274631057
14.36,0.479,0.4092,0.267991764442058,-0.101229123961224
14.37,0.4792,0.4109,0.267969940760765,-0.101306459312623
14.38,0.4795,0.4115,0.267934995312188,-0.101430292046795
14.39,0.4798,0.4125,0.267910890833064,-0.101515707642518
14.4,0.4801,0.4138,0.267873702492201,-0.10164748494122
14.41,0.4805,0.415,0.26785342315539,-0.101719344123672
14.42,0.4807,0.4144,0.267804601839126,-0.101892338372796
14.43,0.4811,0.4129,0.267779836580598,-0.101980090629612
14.44,0.4814,0.4137,0.267736095719462,-0.102135078057258
14.45,0.4818,0.4153,0.267717464043127,-0.102201094990911
14.46,0.4821,0.4146,0.267647356193575,-0.102449500898193
14.47,0.4825,0.4127,0.26764420992701,-0.102460648567216
14.48,0.4828,0.414,0.267612462578118,-0.102573133101177
14.49,0.4833,0.4181,0.267597561312925,-0.102625929489121
14.5,0.4837,0.421,0.267534782588729,-0.102848355936093
14.51,0.484,0.42,0.267499378862383,-0.102973789541013
14.52,0.4844,0.42,0.267454433889489,-0.103133024594506
14.53,0.4846,0.4226,0.26742249757892,-0.103246169562265
14.54,0.485,0.4246,0.267386914269071,-0.103372233435472
14.55,0.4852,0.4233,0.267351379413364,-0.103498123754465
14.56,0.4856,0.4223,0.26731346080955,-0.103632456959054
14.57,0.4858,0.4218,0.267292336101986,-0.103707293951321
14.58,0.486,0.4228,0.267246206527911,-0.103870711575491
14.59,0.4863,0.4242,0.267201180390803,-0.10403021711569
14.6,0.4866,0.4247,0.267145450814747,-0.104227635492375
14.61,0.4869,0.4245,0.267107658839145,-0.104361508447774
14.62,0.4872,0.4236,0.267072214952164,-0.104487061674429
14.63,0.4876,0.4237,0.267039158636539,-0.10460415568905
14.64,0.4879,0.4234,0.266992859724076,-0.104768155655006
14.65,0.4884,0.4241,0.266953732106103,-0.104906750966541
14.66,0.4887,0.4244,0.266919407359328,-0.105028331972277
14.67,0.4891,0.4244,0.266901717692159,-0.105090989503425
14.68,0.4895,0.426,0.266854105180504,-0.105259632657857
14.69,0.4898,0.4299,0.266825650849206,-0.10536041606335
14.7,0.4902,0.4324,0.266792471591936,-0.105477933321493
14.71,0.4905,0.4328,0.266759329235977,-0.105595318234471
14.72,0.4908,0.4319,0.266723762874819,-0.10572128675676
14.73,0.4911,0.4328,0.266702584220913,-0.105796296166395
14.74,0.4915,0.4337,0.266661127979585,-0.105943121694251
14.75,0.4917,0.4326,0.266657914414794,-0.105954503066004
14.76,0.4921,0.4321,0.266616324004099,-0.106101800996992
14.77,0.4924,0.4342,0.266585605217986,-0.10621059397207
14.78,0.4928,0.4381,0.266564632478614,-0.106284869751926
14.79,0.4931,0.4396,0.266538894231061,-0.106376021866568
14.8,0.4934,0.4378,0.266504773840674,-0.106496857848107
14.81,0.4937,0.4377,0.266491083331183,-0.106545341743631
14.82,0.4941,0.4387,0.266449831907318,-0.106691428820375
14.83,0.4944,0.4384,0.266419294506774,-0.106799571800715
14.84,0.4948,0.4377,0.26640072725206,-0.106865323875102
14.85,0.4952,0.4383,0.266366759329868,-0.106985612878165
14.86,0.4956,0.4394,0.266350913434566,-0.107041726610387
14.87,0.4958,0.4413,0.266316024013039,-0.107165276251248
14.88,0.4963,0.442,0.26630400431096,-0.107207839730208
14.89,0.4965,0.4418,0.266276323074126,-0.107305862114819
14.9,0.4968,0.4413,0.266267932872821,-0.107335572538425
14.91,0.4971,0.4409,0.26621297124127,-0.107530193792764
14.92,0.4974,0.4408,0.266196359154632,-0.107589016942013
14.93,0.4977,0.4418,0.266173708385775,-0.107669222309051
14.94,0.4981,0.4423,0.266154772592614,-0.107736272523024
14.95,0.4984,0.4432,0.266117953813791,-0.107866643503601
14.96,0.4988,0.4447,0.266117250305573,-0.107869134524005
14.97,0.4991,0.4468,0.266057938484851,-0.108079146402567
14.98,0.4995,0.4478,0.266047602260392,-0.108115744469407
14.99,0.4998,0.4472,0.265989369194991,-0.108321930660395
15,0.5003,0.4486,0.26596102778861,-0.108422277425979
15.01,0.5006,0.4501,0.26591600300945,-0.108581691566556
15.02,0.5009,0.4511,0.265898611501918,-0.10864326689741
15.03,0.5013,0.4513,0.265847582529983,-0.108823934410717
15.04,0.5015,0.4517,0.265843230347743,-0.108839343083764
15.05,0.5019,0.4534,0.265814992143006,-0.10893931827894
15.06,0.5021,0.4547,0.265803550705159,-0.108979825471419
15.07,0.5024,0.4531,0.265776442324529,-0.109075799025198
15.08,0.5027,0.4506,0.26574211291945,-0.109197336061778
15.09,0.503,0.45,0.265705338393251,-0.109327527651143
15.1,0.5034,0.4524,0.265675728554466,-0.109432352874385
15.11,0.5037,0.4529,0.265634073890115,-0.109579817161334
15.12,0.5041,0.4529,0.265617338885938,-0.109639061067407
15.13,0.5045,0.4544,0.265589754043291,-0.109736713778515
15.14,0.5048,0.4576,0.265560846881899,-0.109839046390443
15.15,0.5052,0.4589,0.265519832471665,-0.109984237046958
15.16,0.5055,0.4596,0.265479953683109,-0.110125405200563
15.17,0.5059,0.4587,0.265431450858265,-0.110297098641107
15.18,0.5062,0.4584,0.26539223069627,-0.110435930138208
15.19,0.5066,0.4581,0.265372140200415,-0.110507045568004
15.2,0.5069,0.4585,0.265342545846968,-0.110611801224332
15.21,0.5073,0.4601,0.265306892264916,-0.110738003100138
15.22,0.5076,0.4623,0.26527838184488,-0.110838919179844
15.23,0.5079,0.4635,0.265231852630898,-0.111003612349673
15.24,0.5081,0.4639,0.265201931307534,-0.111109519103758
15.25,0.5083,0.4637,0.265175491319762,-0.111203102529755
15.26,0.5087,0.4647,0.265139501404284,-0.111330485916335
15.27,0.5089,0.4642,0.2650903684994,-0.111504384721487
15.28,0.5093,0.4634,0.265060171002061,-0.111611262601728
15.29,0.5095,0.4636,0.265016791265609,-0.111764793941793
15.3,0.5099,0.4659,0.264979287219195,-0.111897527531613
15.31,0.5102,0.4676,0.264952426598423,-0.111992590824688
15.32,0.5106,0.4663,0.264927808223575,-0.112079717565338
15.33,0.5109,0.4654,0.264888714238925,-0.112218072986937
15.34,0.5113,0.4666,0.264877106766517,-0.112259151929318
15.35,0.5117,0.4685,0.264830822322279,-0.112422950963744
15.36,0.512,0.4682,0.264809571217528,-0.112498156809893
15.37,0.5124,0.4679,0.264773978296706,-0.112624115607092
15.38,0.5127,0.4698,0.264743067760819,-0.11273350250624
15.39,0.5131,0.4732,0.264703650256624,-0.112872991984328
15.4,0.5134,0.4752,0.264668814539664,-0.112996265638532
15.41,0.5137,0.4751,0.264636146441983,-0.113111867059168
15.42,0.514,0.4744,0.264618991965507,-0.113172570348523
15.43,0.5144,0.474,0.264599427645916,-0.113241800636367
15.44,0.5146,0.473,0.264572723769764,-0.113336294030877
15.45,0.515,0.4724,0.264556853518777,-0.113392451436506
15.46,0.5153,0.4741,0.264515814372595,-0.113537668061261
15.47,0.5155,0.4772,0.26450469358149,-0.113577018440381
15.48,0.5159,0.4792,0.264476918639955,-0.113675297914568
15.49,0.5163,0.4794,0.26444785090224,-0.11377815061307
15.5,0.5166,0.4796,0.264413965221204,-0.113898049431398
15.51,0.5168,0.4785,0.26440393816197,-0.113933528175472
15.52,0.5172,0.4768,0.26435558050444,-0.114104629967472
15.53,0.5176,0.4751,0.264337052122287,-0.114170187208559
15.54,0.5179,0.4767,0.264317381688733,-0.114239784701881
15.55,0.5183,0.4802,0.264268947409309,-0.11441115133457
15.56,0.5186,0.4816,0.264227678987997,-0.114557161485349
15.57,0.5189,0.4812,0.264216186367257,-0.114597822614094
15.58,0.5192,0.4827,0.264171258497771,-0.114756776447427
15.59,0.5194,0.4847,0.264156321891338,-0.114809621170862
15.6,0.5198,0.4844,0.264122324406433,-0.114929900775998
15.61,0.5202,0.4819,0.264091875714769,-0.115037623649708
15.62,0.5205,0.4806,0.264065205620766,-0.115131977277431
15.63,0.5209,0.4819,0.264042166483262,-0.115213484428703
15.64,0.5213,0.4845,0.263999878882546,-0.115363086136876
15.65,0.5217,0.4865,0.263978950596989,-0.115437123571592
15.66,0.522,0.4887,0.263939975862507,-0.115575001700895
15.67,0.5225,0.4901,0.263912847814086,-0.115670969317158
15.68,0.5229,0.4894,0.26387021638609,-0.115821779143152
15.69,0.5232,0.4882,0.263856422304678,-0.115870575496717
15.7,0.5236,0.4892,0.263821154066143,-0.115995335062662
15.71,0.5238,0.491,0.26379785557957,-0.116077751232258
15.72,0.524,0.4916,0.263760232348728,-0.116210838103768
15.73,0.5244,0.4901,0.263746500592589,-0.116259411727256
15.74,0.5246,0.4911,0.263712508211189,-0.116379652465696
15.75,0.525,0.493,0.26370142343279,-0.116418862112094
15.76,0.5253,0.493,0.263649585122696,-0.116602224803954
15.77,0.5257,0.4907,0.263639637362773,-0.116637411603816
15.78,0.5259,0.49,0.263593820260912,-0.116799472029988
15.79,0.5263,0.4914,0.263571914759185,-0.116876953233343
15.8,0.5266,0.4927,0.263527275165194,-0.117034844201074
15.81,0.527,0.4928,0.263517216073621,-0.117070422960183
15.82,0.5274,0.4946,0.263474904471694,-0.117220076399237
15.83,0.5277,0.4986,0.26345052374069,-0.117306308276569
15.84,0.5281,0.5021,0.263407130321621,-0.117459783676794
15.85,0.5284,0.5018,0.263387634115907,-0.117528737640571
15.86,0.5288,0.4984,0.263334582080328,-0.117716368616765
15.87,0.5291,0.4968,0.263311356426133,-0.11779851027155
15.88,0.5295,0.4977,0.263260629534056,-0.117977912141923
15.89,0.5298,0.499,0.263221695720364,-0.118115603738992
15.9,0.5302,0.4998,0.263177992905042,-0.118270158479166
15.91,0.5304,0.5003,0.263137811300098,-0.118412257963821
15.92,0.5308,0.5013,0.263107300833486,-0.118520154522112
15.93,0.531,0.5024,0.263076675376073,-0.118628456333611
15.94,0.5314,0.5031,0.263054439926225,-0.11870708740816
15.95,0.5316,0.5039,0.263020025098853,-0.118828786879624
15.96,0.532,0.5033,0.262979593628722,-0.11897176045166
15.97,0.5322,0.5015,0.262961922691631,-0.119034247568758
15.98,0.5325,0.5018,0.262902279829088,-0.11924515034601
15.99,0.5329,0.5062,0.262871036704753,-0.119355626855527
16,0.5333,0.5107,0.262802470734093,-0.119598072823195
16.01,0.5336,0.5105,0.262754010366721,-0.119769422113616
16.02,0.534,0.5089,0.262692165318504,-0.119988092729531
16.03,0.5343,0.5077,0.262668532506756,-0.120071651695119
16.04,0.5347,0.5073,0.262605310948928,-0.120295181217502
16.05,0.535,0.5056,0.262580172665826,-0.120384059818454
16.06,0.5355,0.5053,0.262515402158767,-0.120613057271276
16.07,0.5357,0.5084,0.262456370958255,-0.120821757834463
16.08,0.536,0.5134,0.26241642843156,-0.12096296881433
16.09,0.5363,0.5159,0.262375278546843,-0.121108445742336
16.1,0.5367,0.5154,0.262341362173322,-0.121228348183982
16.11,0.5369,0.5138,0.262300193598517,-0.121373886574281
16.12,0.5373,0.5143,0.262286593722473,-0.121421964050761
16.13,0.5376,0.5142,0.262230030502279,-0.121621920036157
16.14,0.538,0.5139,0.262205815389766,-0.121707521140781
16.15,0.5383,0.5134,0.262154134543982,-0.121890211459369
16.16,0.5386,0.5148,0.262122739785166,-0.122001189092077
16.17,0.5389,0.5162,0.262078093600205,-0.122159006784671
16.18,0.5394,0.5173,0.262028406622791,-0.122334639439733
16.19,0.5397,0.518,0.26198341504374,-0.122493671705173
16.2,0.5401,0.5176,0.261967142404135,-0.122551190052685
16.21,0.5405,0.5168,0.261911300828335,-0.122748568373276
16.22,0.5408,0.5163,0.261887784477255,-0.122831688164837
16.23,0.5412,0.518,0.261840472891366,-0.122998910977554
16.24,0.5414,0.5195,0.261826852837067,-0.123047050443971
16.25,0.5416,0.5196,0.261785964970416,-0.123191565098392
16.26,0.542,0.5203,0.261767983856764,-0.123255117011308
16.27,0.5423,0.5215,0.261751562786706,-0.12331315473119
16.28,0.5426,0.5232,0.261740333324152,-0.123352843289643
16.29,0.5429,0.5229,0.261735620996752,-0.123369498125201
16.3,0.5433,0.5224,0.261737225103395,-0.123363828715468
16.31,0.5436,0.524,0.261710336553844,-0.123458860670947
16.32,0.544,0.5279,0.261682479051513,-0.123557316049848
16.33,0.5445,0.529,0.261635559502855,-0.123723138849932
16.34,0.5448,0.5268,0.261609052407445,-0.123816818622988
16.35,0.5452,0.525,0.261577934549807,-0.123926792135558
16.36,0.5455,0.5257,0.261544479717948,-0.124045023129401
16.37,0.5459,0.5271,0.261530315030088,-0.124095081318309
16.38,0.5461,0.5279,0.261482680376354,-0.124263420601199
16.39,0.5465,0.5289,0.261448212353867,-0.124385227336405
16.4,0.5467,0.53,0.261405450069188,-0.124536342747683
16.41,0.5471,0.5309,0.261361547922403,-0.124691483420903
16.42,0.5473,0.5318,0.261334450566866,-0.124787238168703
16.43,0.5477,0.5334,0.261291807418215,-0.1249379253398
16.44,0.548,0.5347,0.261261087945295,-0.125046476395575
16.45,0.5484,0.5357,0.261214785471112,-0.125210089253699
16.46,0.5487,0.5347,0.261174385437925,-0.125352842833878
16.47,0.5491,0.5352,0.261136364256667,-0.125487188513802
16.48,0.5494,0.5356,0.261086261739822,-0.125664219613299
16.49,0.5498,0.535,0.261074586794073,-0.125705471064703
16.5,0.5501,0.5338,0.261037924455036,-0.125835009933966
16.51,0.5505,0.5349,0.260990458864422,-0.126002716903755
16.52,0.5508,0.5386,0.260966910126703,-0.126085918823585
16.53,0.5512,0.54,0.260933898131261,-0.126202554740539
16.54,0.5516,0.5387,0.260894931283305,-0.126340227878788
16.55,0.5519,0.5375,0.260844017616918,-0.12652010671583
16.56,0.5523,0.539,0.260818452252142,-0.126610428120658
16.57,0.5525,0.5395,0.260781084339624,-0.126742445698525
16.58,0.5529,0.5383,0.260750927930747,-0.126848984144628
16.59,0.5532,0.5383,0.260731652944622,-0.126917079310073
16.6,0.5534,0.5414,0.260725700927763,-0.126938106635992
16.61,0.5538,0.5445,0.260695868547307,-0.127043497878192
16.62,0.554,0.5441,0.260681675934343,-0.127093636794117
16.63,0.5544,0.5418,0.260654459865369,-0.127189783449774
16.64,0.5547,0.5423,0.260620175183158,-0.127310899940275
16.65,0.555,0.5437,0.260596842564494,-0.127393325395294
16.66,0.5553,0.5442,0.260555539638839,-0.127539231264713
16.67,0.5557,0.5446,0.260531099028684,-0.127625568466039
16.68,0.556,0.5465,0.260499597006751,-0.127736849006482
16.69,0.5564,0.5485,0.260468229766129,-0.127847651963642
16.7,0.5567,0.5484,0.260438070305719,-0.127954187124286
16.71,0.5571,0.548,0.260409209798678,-0.128056132597609
16.72,0.5575,0.5479,0.260386362423154,-0.128136836692579
16.73,0.5578,0.5471,0.260361209933426,-0.128225682273994
16.74,0.5582,0.5461,0.260336084882854,-0.128314429991257
16.75,0.5584,0.5462,0.260317076685469,-0.128381570887732
16.76,0.5586,0.5482,0.260283729477372,-0.128499358843604
16.77,0.559,0.5505,0.260245536601135,-0.128634260479347
16.78,0.5593,0.5516,0.260215788114099,-0.128739334054115
16.79,0.5596,0.5518,0.260187365197168,-0.128839724397682
16.8,0.5599,0.5526,0.260154182801453,-0.12895692379765
16.81,0.5603,0.554,0.26012827435487,-0.129048430648602
16.82,0.5605,0.5543,0.260102357930899,-0.129139964674316
16.83,0.5609,0.5544,0.260087381894602,-0.129192857969573
16.84,0.5612,0.5565,0.260052145104836,-0.129317308134087
16.85,0.5616,0.5588,0.260033740624177,-0.129382308797898
16.86,0.5619,0.5579,0.260010639273536,-0.129463897080966
16.87,0.5624,0.556,0.259974325522651,-0.129592146701292
16.88,0.5628,0.5543,0.259952446373129,-0.129669416553679
16.89,0.5631,0.5558,0.25992453695755,-0.129767982257431
16.9,0.5634,0.557,0.259907531656015,-0.129828038105835
16.91,0.5637,0.5577,0.259878644878628,-0.129930053534618
16.92,0.564,0.5578,0.259848639562814,-0.130036017834043
16.93,0.5643,0.5591,0.259825859262186,-0.130116465969664
16.94,0.5645,0.5604,0.259799659676697,-0.130208988279288
16.95,0.5649,0.5607,0.259796400764187,-0.130220496867412
16.96,0.5652,0.5615,0.259753750726218,-0.130371110596759
16.97,0.5656,0.5628,0.259720579592093,-0.130488248788026
16.98,0.5661,0.5634,0.259701733947168,-0.130554798232113
16.99,0.5664,0.5625,0.25967933682753,-0.130633888276464
17,0.5668,0.5637,0.259657021289844,-0.130712689490473
17.01,0.5671,0.5667,0.259644284055708,-0.1307576672143
17.02,0.5676,0.568,0.259614756100574,-0.130861935405936
17.03,0.568,0.5677,0.259600744148702,-0.130911413517689
17.04,0.5683,0.5668,0.259566385299222,-0.131032738059984
17.05,0.5686,0.5685,0.259551043769576,-0.131086909971325
17.06,0.5689,0.5704,0.259499658253435,-0.131268352924306
17.07,0.5691,0.5703,0.259438284860517,-0.131485058050698
17.08,0.5695,0.5695,0.259395704827922,-0.131635401849004
17.09,0.5699,0.5701,0.259368613698941,-0.131731055213364
17.1,0.5702,0.5711,0.259322314970867,-0.131894524242285
17.11,0.5706,0.57,0.259298510510135,-0.131978570493643
17.12,0.5709,0.5706,0.259250540641708,-0.132147934825211
17.13,0.5712,0.5732,0.259204587943327,-0.132310174041449
17.14,0.5715,0.5746,0.259174074848752,-0.132417900918801
17.15,0.5719,0.5741,0.259167405559859,-0.132441446745332
17.16,0.5722,0.5726,0.259122517482392,-0.1325999217204
17.17,0.5726,0.5731,0.259076187735471,-0.132763483285895
17.18,0.5729,0.5749,0.259042840063493,-0.132881211228075
17.19,0.5733,0.5765,0.259002024222512,-0.133025301940098
17.2,0.5735,0.5773,0.258927288532623,-0.133289132258206
17.21,0.5739,0.5773,0.258892868564088,-0.133410638090113
17.22,0.5742,0.5769,0.258799319360038,-0.133740866952798
17.23,0.5746,0.5761,0.258767563101548,-0.13385296364112
17.24,0.5748,0.5775,0.258686368022769,-0.134139568015942
17.25,0.5752,0.5795,0.258624956992455,-0.134356331652858
17.26,0.5754,0.5809,0.258586091931025,-0.134493511469759
17.27,0.5756,0.58,0.258489109314382,-0.134835815738258
17.28,0.576,0.5786,0.258409466757885,-0.135116907056189
17.29,0.5762,0.5806,0.258382156637721,-0.135213293521566
17.3,0.5766,0.5833,0.258312625137625,-0.135458688218131
17.31,0.5768,0.5832,0.25827751368567,-0.135582602903421
17.32,0.5772,0.5813,0.258264072287902,-0.135630039549497
17.33,0.5775,0.5816,0.258224250568161,-0.135770574606885
17.34,0.5779,0.5834,0.258228909113932,-0.135754134228453
17.35,0.5782,0.5844,0.258195331810345,-0.135872630479905
17.36,0.5786,0.5851,0.258208800162346,-0.135825100086253
17.37,0.5789,0.5863,0.258158798324069,-0.136001557365204
17.38,0.5794,0.5868,0.258118216558122,-0.136144768323963
17.39,0.5798,0.587,0.258101385269116,-0.13620416435553
17.4,0.5801,0.5878,0.25804018874011,-0.136420117581514
17.41,0.5805,0.5885,0.257984336963345,-0.13661720512637
17.42,0.5808,0.5895,0.258004087778772,-0.136547509759239
17.43,0.5811,0.5889,0.257943423122009,-0.136761577328332
17.44,0.5813,0.5895,0.257920929682281,-0.136840948609423
17.45,0.5817,0.5912,0.257872988047993,-0.137010114928952
17.46,0.5819,0.5928,0.257823706288649,-0.137184006433736
17.47,0.5822,0.593,0.257788361665448,-0.137308718297037
17.48,0.5826,0.5925,0.257743317883989,-0.137467650496117
17.49,0.583,0.5926,0.257730507236779,-0.137512850952823
17.5,0.5833,0.5917,0.257770937854826,-0.137370196720414
17.51,0.5837,0.5903,0.257633698187686,-0.137854419338384
17.52,0.584,0.5894,0.25768451932262,-0.137675110432459
17.53,0.5844,0.5911,0.25757839850584,-0.138049525244212
17.54,0.5847,0.5948,0.257571433119296,-0.138074099892076
17.55,0.5851,0.5963,0.257505658959409,-0.138306154784644
17.56,0.5854,0.5959,0.257551602640572,-0.138144063601206
17.57,0.5858,0.5966,0.257593536325024,-0.137996117108513
17.58,0.5861,0.5992,0.257578546286041,-0.138049003858668
17.59,0.5864,0.6008,0.257594957290281,-0.137991103746329
17.6,0.5867,0.6007,0.257760161316346,-0.137408220587284
17.61,0.587,0.6001,0.257703597098949,-0.137607798562577
17.62,0.5873,0.6007,0.257709389809764,-0.137587360109227
17.63,0.5877,0.6004,0.257620239344323,-0.137901904656667
17.64,0.588,0.5991,0.257735373726076,-0.13749568030042
17.65,0.5884,0.5994,0.257635337694503,-0.137848634833078
17.66,0.5887,0.6008,0.257644164811667,-0.137817490943787
17.67,0.5891,0.6016,0.25760758425996,-0.137946553916909
17.68,0.5895,0.6022,0.257561268293097,-0.1381099623845
17.69,0.5898,0.6028,0.257455608956707,-0.138482729664053
17.7,0.5902,0.6046,0.257441820698169,-0.13853137356385
17.71,0.5905,0.6066,0.257314893868582,-0.138979148224773
17.72,0.5909,0.6068,0.257343495192229,-0.138878250073265
17.73,0.5911,0.6066,0.257269100703197,-0.139140692260983
17.74,0.5913,0.6075,0.257228018884824,-0.139285613476525
17.75,0.5917,0.6074,0.257161583468,-0.13951996734605
17.76,0.592,0.6068,0.257122502293076,-0.13965782485108
17.77,0.5923,0.6064,0.257050788885346,-0.139910785529601
17.78,0.5926,0.608,0.256966548675035,-0.140207923272266
17.79,0.593,0.6094,0.256896069067813,-0.140456515579723
17.8,0.5933,0.6094,0.256851769206974,-0.14061276415383
17.81,0.5937,0.6095,0.256802503023976,-0.140786525850824
17.82,0.5941,0.6116,0.256765180593983,-0.14091815955955
17.83,0.5944,0.6138,0.256695344419324,-0.141164461501736
17.84,0.5948,0.6144,0.256653954686242,-0.141310433594969
17.85,0.5951,0.6142,0.256575113472394,-0.141588481421185
17.86,0.5955,0.6146,0.256529585297979,-0.141749040567886
17.87,0.5958,0.6166,0.256493514843654,-0.14187624403731
17.88,0.5961,0.6171,0.256465802387084,-0.141973971479012
17.89,0.5964,0.6171,0.256409294142462,-0.14217324317186
17.9,0.5968,0.6175,0.256379140139782,-0.142279576848009
17.91,0.5971,0.6184,0.256333447923668,-0.142440701182912
17.92,0.5975,0.6185,0.256273295072492,-0.142652813282229
17.93,0.5978,0.6165,0.256245324097461,-0.142751443220824
17.94,0.5981,0.6159,0.256200601401271,-0.142909139875316
17.95,0.5984,0.6168,0.256164316491389,-0.143037081875086
17.96,0.5987,0.6178,0.256132940129774,-0.143147714565294
17.97,0.599,0.6197,0.256100371443019,-0.143262549832297
17.98,0.5992,0.6215,0.256058124792068,-0.143411506680585
17.99,0.5996,0.6218,0.256029079836488,-0.143513914325389
18,0.6,0.6218,0.255985795882359,-0.143666523965535
18.01,0.6003,0.6222,0.255960553013856,-0.143755523446059
18.02,0.6007,0.6238,0.255919959274597,-0.143898643930517
18.03,0.601,0.6249,0.255901102255798,-0.143965126888104
18.04,0.6014,0.6238,0.255856048769418,-0.144123966877889
18.05,0.6017,0.6233,0.25582788318045,-0.144223265582087
18.06,0.6021,0.6261,0.255790348749959,-0.144355592610648
18.07,0.6023,0.6282,0.255766134032059,-0.144440960096439
18.08,0.6027,0.6273,0.255725359978795,-0.144584704522708
18.09,0.603,0.6254,0.255711112980862,-0.144634930159588
18.1,0.6033,0.6246,0.255676804495308,-0.144755878299674
18.11,0.6036,0.6261,0.25564137521927,-0.144880775740786
18.12,0.6039,0.6283,0.255597547207887,-0.145035278334047
18.13,0.6041,0.6294,0.255571674873186,-0.145126482200112
18.14,0.6044,0.6306,0.255527864230446,-0.145280919028222
18.15,0.6048,0.6311,0.25549357289252,-0.145401797379961
18.16,0.6052,0.6303,0.255448537082589,-0.14556054777536
18.17,0.6055,0.6284,0.255409460807991,-0.145698288477243
18.18,0.6059,0.6279,0.255393294477905,-0.145755272817462
18.19,0.6062,0.6307,0.255355778476736,-0.145887510646019
18.2,0.6066,0.6333,0.25532069332274,-0.146011178239617
18.21,0.607,0.6334,0.255272463074712,-0.146181176466743
18.22,0.6075,0.6334,0.255230176304001,-0.146330222743836
18.23,0.6079,0.635,0.255181880025729,-0.146500447211889
18.24,0.6082,0.6373,0.255137171937528,-0.146658021700685
18.25,0.6086,0.6373,0.255115407816038,-0.146734728677247
18.26,0.6088,0.6378,0.255078265083613,-0.146865635469691
18.27,0.6092,0.6383,0.255046045679489,-0.146979188698484
18.28,0.6094,0.6386,0.255004249785271,-0.147126490761821
18.29,0.6098,0.6375,0.254955314142326,-0.147298952279362
18.3,0.61,0.638,0.254906380040529,-0.147471404808524
18.31,0.6103,0.6395,0.254852633311203,-0.147660813799357
18.32,0.6107,0.6389,0.254818017610877,-0.147782800808714
18.33,0.6111,0.6374,0.254785924447923,-0.147895896713054
18.34,0.6114,0.6369,0.254751599952457,-0.1480168541122
18.35,0.6118,0.6393,0.254723392603887,-0.148116253754137
18.36,0.6121,0.6421,0.254672481584776,-0.148295655681398
18.37,0.6125,0.6429,0.254615550796637,-0.148496265710096
18.38,0.6129,0.6433,0.254568162877889,-0.148663245354492
18.39,0.6132,0.6438,0.254530411666445,-0.148796265983674
18.4,0.6135,0.6449,0.254514432304836,-0.14885257041966
18.41,0.6138,0.645,0.254477181919997,-0.148983823371704
18.42,0.6141,0.645,0.254453273409816,-0.149068064705362
18.43,0.6145,0.6468,0.254423551400463,-0.149172788646408
18.44,0.6147,0.6482,0.254377102573488,-0.149336446025164
18.45,0.6151,0.6495,0.254311349115737,-0.149568115688693
18.46,0.6154,0.6504,0.254273087468559,-0.149702920289876
18.47,0.6158,0.6503,0.254204775571759,-0.149943593441389
18.48,0.6161,0.6498,0.254160321146101,-0.150100209389756
18.49,0.6165,0.6486,0.254114664667697,-0.150261057197153
18.5,0.6168,0.6484,0.25408950579097,-0.150349690616036
18.51,0.6172,0.6488,0.254051363945885,-0.15048406056739
18.52,0.6175,0.6494,0.254030151405625,-0.150558789316078
18.53,0.6179,0.6494,0.254052469475087,-0.150480165927644
18.54,0.6183,0.6512,0.254022519083117,-0.150585676734424
18.55,0.6186,0.6547,0.254015613542789,-0.150610003744028
18.56,0.619,0.6562,0.254033269795185,-0.150547803717068
18.57,0.6193,0.6544,0.254022677192037,-0.150585119743551
18.58,0.6196,0.6528,0.254052183584121,-0.150481173085585
18.59,0.6199,0.6544,0.254004296815155,-0.150649870441162
18.6,0.6201,0.658,0.254023643263823,-0.150581716435909
18.61,0.6204,0.6588,0.253967817939196,-0.15077837734714
18.62,0.6207,0.6588,0.253965958743462,-0.150784926824205
18.63,0.621,0.6588,0.253938101756004,-0.150883059341793
18.64,0.6213,0.6568,0.253889849930784,-0.151053034546851
18.65,0.6216,0.6553,0.253899342167621,-0.151019596812235
18.66,0.6219,0.656,0.253878082397836,-0.151094487145219
18.67,0.6223,0.6594,0.253869032943421,-0.151126364834085
18.68,0.6226,0.662,0.253854254414641,-0.151178423550057
18.69,0.623,0.6621,0.253845771848343,-0.151208304017321
18.7,0.6233,0.6604,0.253859394238573,-0.151160318088086
18.71,0.6237,0.6612,0.253854380459564,-0.15117797954669
18.72,0.6242,0.6638,0.25386173675355,-0.151152066369104
18.73,0.6245,0.6653,0.253872060430905,-0.151115700193191
18.74,0.6249,0.6633,0.253821459926078,-0.151293943970169
18.75,0.6252,0.6612,0.253806870266227,-0.151345336349887
18.76,0.6256,0.662,0.253761225075211,-0.151506120442317
18.77,0.6258,0.6663,0.253699772089298,-0.151722582229298
18.78,0.626,0.6707,0.253567993975674,-0.152186738108193
18.79,0.6264,0.6693,0.253471208968866,-0.152527622989889
18.8,0.6266,0.6651,0.253438768135943,-0.152641879203593
18.81,0.627,0.6627,0.253353322728997,-0.152942809399701
18.82,0.6273,0.6635,0.253325196092201,-0.153041866237401
18.83,0.6277,0.667,0.25340085891425,-0.152775393036285
18.84,0.6281,0.6703,0.253404289266851,-0.152763311643528
18.85,0.6283,0.6705,0.253386349446821,-0.152826493880007
18.86,0.6286,0.6702,0.253369762205056,-0.15288491204734
18.87,0.629,0.6707,0.253372631258731,-0.152874807632415
18.88,0.6294,0.6711,0.253236050760296,-0.15335581193151
18.89,0.6297,0.6702,0.253301900873604,-0.153123906820721
18.9,0.6301,0.668,0.253214711162766,-0.153430962460206
18.91,0.6304,0.6688,0.253196741228514,-0.153494245700405
18.92,0.6308,0.6723,0.253069230636124,-0.153943275509376
18.93,0.6311,0.6749,0.253051353424664,-0.154006228357734
18.94,0.6315,0.676,0.252972124927718,-0.154285218038914
18.95,0.6317,0.6753,0.252806760606423,-0.154867490377958
18.96,0.6321,0.6758,0.252550584309261,-0.1557694450791
18.97,0.6324,0.6773,0.252509742803833,-0.155913232320858
18.98,0.6328,0.6777,0.252548367524996,-0.155777249587894
18.99,0.633,0.676,0.252478214022022,-0.156024231350359
19,0.6334,0.6752,0.252303918837885,-0.156637821741528
19.01,0.6337,0.6757,0.252300211863448,-0.156650871319618
19.02,0.6341,0.6765,0.252208943897182,-0.156972153445582
19.03,0.6344,0.6781,0.252182095344948,-0.157066663553525
19.04,0.6349,0.6807,0.252136075994038,-0.157228654674433
19.05,0.6351,0.6827,0.252187465088143,-0.157047761502172
19.06,0.6355,0.6843,0.252078340350661,-0.157431883468864
19.07,0.6358,0.6856,0.25213705807463,-0.157225197719397
19.08,0.6361,0.6878,0.252055937417869,-0.157510740201201
19.09,0.6364,0.6865,0.252051404709721,-0.15752669492145
19.1,0.6367,0.6816,0.252059261946305,-0.15749903814424
19.11,0.637,0.6784,0.25203973375559,-0.157567775477846
19.12,0.6374,0.6792,0.252036036260494,-0.157580790237602
19.13,0.6376,0.6813,0.25200733939387,-0.157681799236137
19.14,0.638,0.683,0.252030597694063,-0.157599933332453
19.15,0.6383,0.6848,0.252068887998816,-0.157465155166791
19.16,0.6387,0.6882,0.252040570549171,-0.157564830057355
19.17,0.639,0.6901,0.252061613046616,-0.157490762461486
19.18,0.6394,0.6883,0.252027893335126,-0.157609452331899
19.19,0.6397,0.6853,0.252022990761193,-0.157626708740861
19.2,0.6401,0.685,0.251997845597405,-0.157715215816851
19.21,0.6405,0.6883,0.251971497240587,-0.157807956939858
19.22,0.6408,0.6907,0.251977813424992,-0.157785725285434
19.23,0.6412,0.6909,0.251951935816845,-0.157876808704569
19.24,0.6415,0.6921,0.251911761585567,-0.158018211086927
19.25,0.6419,0.6941,0.251894136872566,-0.158080244534491
19.26,0.6422,0.6949,0.251850132944675,-0.158235122513092
19.27,0.6425,0.693,0.251814309662623,-0.158361205444755
19.28,0.6427,0.6911,0.251788020463636,-0.158453731191427
19.29,0.643,0.6908,0.251743530931548,-0.158610311306968
19.3,0.6433,0.6922,0.251716975182104,-0.158703772395598
19.31,0.6436,0.6929,0.251678245769026,-0.158840075961358
19.32,0.644,0.6939,0.251639386053242,-0.158976835877286
19.33,0.6442,0.6942,0.251603858387129,-0.15910186727333
19.34,0.6446,0.6938,0.251551391679944,-0.15928650828127
19.35,0.6449,0.6951,0.251521392663318,-0.159392079085477
19.36,0.6453,0.6979,0.251478231920606,-0.159543965534744
19.37,0.6456,0.6996,0.251452894892709,-0.159633127477937
19.38,0.646,0.6968,0.25141186805114,-0.159777500441069
19.39,0.6464,0.695,0.251379037404932,-0.159893029294186
19.4,0.6467,0.6953,0.251355836448639,-0.159974670947765
19.41,0.6471,0.6987,0.251351870729704,-0.159988625803555
19.42,0.6475,0.7005,0.251294063884198,-0.160192038025221
19.43,0.6479,0.6983,0.251275549656405,-0.160257185321315
19.44,0.6481,0.6981,0.251236752269627,-0.160393702726642
19.45,0.6485,0.7012,0.251201451331451,-0.160517915146314
19.46,0.6487,0.7036,0.251168494275721,-0.160633878545815
19.47,0.6491,0.7033,0.251141448281483,-0.160729041955795
19.48,0.6494,0.7044,0.251114454423975,-0.160824020837861
19.49,0.6497,0.7056,0.251087451678825,-0.160919029911129
19.5,0.65,0.7065,0.251065251071734,-0.160997141867526
19.51,0.6504,0.7066,0.251037020210212,-0.161096469980384
19.52,0.6507,0.7066,0.251020847659546,-0.161153371322788
19.53,0.651,0.7072,0.251003522553772,-0.161214327373726
19.54,0.6514,0.7082,0.250988625578011,-0.161266740020665
19.55,0.6518,0.7085,0.250959414957092,-0.161369512003795
19.56,0.6521,0.7093,0.250955447580028,-0.161383470363713
19.57,0.6524,0.7114,0.250916851492251,-0.161519261151284
19.58,0.6527,0.7121,0.250904668358669,-0.161562124034814
19.59,0.6531,0.7118,0.250877071052152,-0.161659216479763
19.6,0.6534,0.7122,0.250844535808495,-0.161773680054467
19.61,0.6537,0.7117,0.250787875073646,-0.16197301676506
19.62,0.6539,0.7106,0.250763392425903,-0.162059147082613
19.63,0.6543,0.7101,0.250738790147164,-0.162145697369249
19.64,0.6546,0.7126,0.250715360758087,-0.162228120621728
19.65,0.6549,0.7166,0.250685987561453,-0.162331452700829
19.66,0.6552,0.7181,0.250654231814804,-0.162443164923735
19.67,0.6556,0.7177,0.250629622175466,-0.162529737124928
19.68,0.6559,0.7172,0.250601366904534,-0.162629132883592
19.69,0.6563,0.7169,0.250549012877555,-0.162813299580245
19.7,0.6567,0.7173,0.250527752707738,-0.162888085700522
19.71,0.6571,0.7166,0.250517437705553,-0.162924370164488
19.72,0.6575,0.7166,0.250507362137931,-0.162959812231702
19.73,0.6578,0.718,0.250492630416591,-0.163011632630354
19.74,0.6582,0.7203,0.250472025943056,-0.163084110521024
19.75,0.6584,0.7214,0.250423834202168,-0.163253626385079
19.76,0.6587,0.7219,0.250388644044217,-0.163377406626209
19.77,0.659,0.7223,0.250334048636744,-0.163569440573994
19.78,0.6593,0.7228,0.250287576096473,-0.163732899661249
19.79,0.6597,0.7221,0.250249350080619,-0.163867350633838
19.8,0.6599,0.7228,0.250221952776247,-0.163963712842771
19.81,0.6603,0.7252,0.250163267837882,-0.164170116645431
19.82,0.6606,0.7269,0.250152417282084,-0.164208279132322
19.83,0.661,0.7266,0.250124955827041,-0.164304863029457
19.84,0.6613,0.727,0.250103627061829,-0.164379877048264
19.85,0.6617,0.728,0.250065571449336,-0.164513718305034
19.86,0.6621,0.7294,0.250035900852992,-0.164618068045377
19.87,0.6624,0.7268,0.249995441734067,-0.164760358283583
19.88,0.6628,0.7247,0.249956114957637,-0.164898663875564
19.89,0.6631,0.7255,0.249872170176045,-0.165193875750812
19.9,0.6635,0.727,0.249811744108957,-0.165406371990381
19.91,0.6638,0.7277,0.249732882692012,-0.165683690438929
19.92,0.6641,0.7277,0.249680012216013,-0.165869605837771
19.93,0.6644,0.7291,0.24959799465848,-0.166158006758236
19.94,0.6648,0.7311,0.249478053882862,-0.166579740354869
19.95,0.665,0.7321,0.249411261433205,-0.166814585532763
19.96,0.6654,0.7319,0.249321299694375,-0.167130884508998
19.97,0.6656,0.7315,0.24926455014584,-0.167330405661142
19.98,0.666,0.7323,0.249243807920429,-0.167403330385898
19.99,0.6662,0.7332,0.249175010072791,-0.16764520267517
20,0.6665,0.7345,0.249146883896104,-0.167744083733051
20.01,0.6669,0.7358,0.249103203212167,-0.167897646266726
20.02,0.6672,0.7365,0.24905944741784,-0.168051470025261
20.03,0.6676,0.7355,0.249037261445393,-0.168129463862499
20.04,0.668,0.7337,0.248963446399707,-0.168388952255107
20.05,0.6683,0.7332,0.248873551763646,-0.168704955728834
20.06,0.6688,0.7351,0.248795119681789,-0.168980655518306
20.07,0.6691,0.7361,0.248717417806867,-0.169253779552243
20.08,0.6695,0.7369,0.248651357335492,-0.169485976735685
20.09,0.6698,0.7385,0.248668177805497,-0.169426854764528
20.1,0.6702,0.7411,0.248627862182029,-0.169568558732416
20.11,0.6706,0.7432,0.248599686645198,-0.169667590508931
20.12,0.6708,0.7432,0.248592223375691,-0.169693822317705
20.13,0.6711,0.7427,0.248573163337131,-0.169760813935147
20.14,0.6715,0.7427,0.248560465917117,-0.169805442124962
20.15,0.6717,0.7417,0.248525156623026,-0.169929544025674
20.16,0.6721,0.7398,0.248501944087032,-0.170011128334594
20.17,0.6724,0.7394,0.24846449212163,-0.170142757800034
20.18,0.6727,0.7413,0.248427069516513,-0.170274282002632
20.19,0.673,0.744,0.248372749807835,-0.170465188499029
20.2,0.6734,0.7454,0.248300164735255,-0.170720281763577
20.21,0.6737,0.7463,0.248248793374126,-0.170900816767525
20.22,0.6741,0.7479,0.248208200058998,-0.171043471591382
20.23,0.6745,0.7487,0.248198929617383,-0.17107604984556
20.24,0.6748,0.7477,0.2481959827341,-0.171086405777862
20.25,0.6753,0.7457,0.248300703722631,-0.170718387572945
20.26,0.6755,0.7457,0.248301132921437,-0.170716879217538
20.27,0.6759,0.7464,0.248443043789932,-0.170218139623365
20.28,0.6761,0.7475,0.24847520347533,-0.170105111662863
20.29,0.6763,0.7489,0.248534781930462,-0.169895714051964
20.3,0.6767,0.7502,0.248589578474533,-0.169703118564306
20.31,0.677,0.751,0.248597341684596,-0.169675832556775
20.32,0.6773,0.7504,0.248620135967836,-0.169595715056533
20.33,0.6776,0.7503,0.248583431285144,-0.169724724544758
20.34,0.678,0.7513,0.248458733161853,-0.170162998177145
20.35,0.6783,0.751,0.248404100650995,-0.170355006562472
20.36,0.6787,0.7509,0.248281737459863,-0.170785041412289
20.37,0.6791,0.7523,0.248225963326367,-0.170981047431275
20.38,0.6794,0.7552,0.248100049327162,-0.171423527780855
20.39,0.6799,0.7555,0.248061192288049,-0.171560072408013
20.4,0.6802,0.753,0.247964649801443,-0.171899315503602
20.41,0.6805,0.752,0.247934905826753,-0.172003830834102
20.42,0.6808,0.7545,0.247887270818105,-0.172171209527012
20.43,0.6811,0.7579,0.247843106558227,-0.172326389792625
20.44,0.6814,0.759,0.247803740442073,-0.172464708356126
20.45,0.6818,0.7571,0.247770394711912,-0.172581871626828
20.46,0.6821,0.7574,0.247750293639111,-0.172652497789026
20.47,0.6825,0.7589,0.247717379594337,-0.172768141702925
20.48,0.6828,0.759,0.247682157774483,-0.172891892239564
20.49,0.6832,0.7583,0.247636320394694,-0.173052937399027
20.5,0.6835,0.7585,0.247584471612643,-0.173235099289111
20.51,0.6839,0.7601,0.247565130071625,-0.173303051490718
20.52,0.6842,0.7619,0.247541289690777,-0.1733868086042
20.53,0.6846,0.7635,0.247521212458668,-0.173457344200051
20.54,0.685,0.7651,0.247491713053958,-0.173560980815465
20.55,0.6853,0.7655,0.247469575698204,-0.173638752408483
20.56,0.6857,0.7647,0.247444082574526,-0.173728312380838
20.57,0.6859,0.7639,0.247405565940999,-0.173863623463836
20.58,0.6863,0.7643,0.247371946596102,-0.173981728305951
20.59,0.6866,0.7655,0.247336030145535,-0.174107901039937
20.6,0.687,0.7681,0.247285871392008,-0.174284103096353
20.61,0.6872,0.7701,0.24727048671172,-0.174338147001544
20.62,0.6874,0.7724,0.247234923270457,-0.17446307430642
20.63,0.6878,0.7722,0.247211324757972,-0.174545970161308
20.64,0.688,0.7697,0.247175738298336,-0.17467097521242
20.65,0.6883,0.7676,0.247132988299583,-0.174821141251827
20.66,0.6886,0.7685,0.247105873470144,-0.174916384919964
20.67,0.689,0.7713,0.247062096904564,-0.175070152381616
20.68,0.6892,0.7718,0.247025512671569,-0.1751986542286
20.69,0.6896,0.77,0.246984142741559,-0.175343963417589
20.7,0.6899,0.769,0.246964352579296,-0.175413474181194
20.71,0.6903,0.7714,0.246918231844909,-0.17557546593076
20.72,0.6906,0.7741,0.246885270980252,-0.17569123380324
20.73,0.691,0.7733,0.246851128339152,-0.17581115071562
20.74,0.6913,0.7718,0.2468123214483,-0.175947447468273
20.75,0.6918,0.7714,0.246783121825561,-0.176050000306943
20.76,0.6922,0.7731,0.246742069743066,-0.176194178381032
20.77,0.6925,0.775,0.246705860144891,-0.176321347210315
20.78,0.6929,0.7771,0.246664979557265,-0.176464918319
20.79,0.6932,0.7794,0.246634844529304,-0.176570749839224
20.8,0.6935,0.7799,0.246594015110297,-0.176714136962652
20.81,0.6937,0.7786,0.246563987682216,-0.176819587455481
20.82,0.694,0.7782,0.246515958012497,-0.176988255553197
20.83,0.6944,0.7794,0.246480990800088,-0.17711104944824
20.84,0.6948,0.7784,0.246436495240633,-0.177267301300931
20.85,0.695,0.7765,0.246401577717448,-0.177389916604793
20.86,0.6953,0.7767,0.246369082622707,-0.177504023764988
20.87,0.6957,0.7792,0.246343814372477,-0.17759275264127
20.88,0.6961,0.7822,0.246297046896512,-0.177756973062921
20.89,0.6964,0.7836,0.246271764519841,-0.177845748853012
20.9,0.6968,0.7834,0.246233398166974,-0.177980465526589
20.91,0.6971,0.7835,0.246192620843957,-0.178123645512363
20.92,0.6975,0.7834,0.246165069432413,-0.178220384428033
20.93,0.6978,0.7823,0.246130373354468,-0.178342208204767
20.94,0.6982,0.7827,0.246096959625544,-0.178459527757109
20.95,0.6984,0.7852,0.246063579969373,-0.178576726029313
20.96,0.6988,0.7867,0.246017097468476,-0.178739926550299
20.97,0.699,0.7875,0.245972967283016,-0.178894865115278
20.98,0.6994,0.7872,0.24593488753017,-0.17902855864438
20.99,0.6996,0.7879,0.245885976301932,-0.179200277066225
21,0.7,0.79,0.245846518922202,-0.179338802171393
21.01,0.7002,0.7893,0.245821385705259,-0.179427037483595
21.02,0.7005,0.7872,0.245789095036211,-0.179540399129949
21.03,0.7009,0.7871,0.24577128399985,-0.179602927011435
21.04,0.7012,0.7885,0.245748867826034,-0.179681621140829
21.05,0.7017,0.7895,0.24573013049963,-0.179747399753943
21.06,0.7021,0.7901,0.245705575892735,-0.179833599526779
21.07,0.7024,0.7914,0.245676335764017,-0.179936246820012
21.08,0.7028,0.7929,0.245650766361855,-0.180026007015298
21.09,0.7031,0.793,0.245637224438818,-0.180073544914278
21.1,0.7035,0.7922,0.245625085783816,-0.180116156516544
21.11,0.7037,0.7923,0.245611903115065,-0.180162432784034
21.12,0.7041,0.7943,0.245595294486882,-0.180220735129258
21.13,0.7043,0.7947,0.245570344131516,-0.180308319215106
21.14,0.7047,0.7954,0.245553853117691,-0.180366207680421
21.15,0.705,0.7972,0.245544729066887,-0.18039823569631
21.16,0.7053,0.7993,0.245537070500022,-0.180425119351466
21.17,0.7056,0.7998,0.245526005644596,-0.180463959854059
21.18,0.706,0.7999,0.245523426260646,-0.180473014132459
21.19,0.7063,0.8002,0.245501865175576,-0.180548698512693
21.2,0.7067,0.8006,0.245477898280048,-0.180632827036776
21.21,0.707,0.7997,0.245464672558776,-0.180679251560362
21.22,0.7074,0.7973,0.245459863987112,-0.18069613039799
21.23,0.7079,0.7971,0.245436000463894,-0.18077989458678
21.24,0.7081,0.7992,0.245418128338191,-0.180842627610596
21.25,0.7085,0.8001,0.245394179669209,-0.180926689195209
21.26,0.7088,0.7998,0.245372693041419,-0.18100210811395
21.27,0.7092,0.8005,0.245344073573011,-0.181102562528526
21.28,0.7095,0.8024,0.245331006767705,-0.181148426649772
21.29,0.7097,0.8042,0.245311901875261,-0.181215483834305
21.3,0.7101,0.8039,0.245286795355043,-0.181303605602563
21.31,0.7103,0.8039,0.245248473078497,-0.181438111766454
21.32,0.7106,0.8062,0.245218450101766,-0.181543486961939
21.33,0.7109,0.8077,0.245193049868627,-0.181632636127853
21.34,0.7113,0.8084,0.245162774869869,-0.181738893392089
21.35,0.7116,0.8096,0.245131120418207,-0.181849990725355
21.36,0.712,0.8103,0.245092240297821,-0.181986445896423
21.37,0.7123,0.8106,0.245064070157512,-0.182085311513922
21.38,0.7127,0.8099,0.245029861719038,-0.182205367501884
21.39,0.7131,0.8097,0.245007418567551,-0.182284131770092
21.4,0.7134,0.8113,0.244986196851132,-0.182358608726478
21.41,0.7138,0.8118,0.24492649469152,-0.182568128040489
21.42,0.7141,0.8119,0.244907487634924,-0.182634830477506
21.43,0.7145,0.811,0.244859578145904,-0.182802959334625
21.44,0.7148,0.8116,0.244841422811045,-0.182866670999148
21.45,0.7152,0.8128,0.244787048326953,-0.183057481913761
21.46,0.7154,0.8121,0.244756423442376,-0.183164948823665
21.47,0.7158,0.8105,0.244720737978958,-0.183290172250872
21.48,0.7161,0.8107,0.244671658245917,-0.183462394277321
21.49,0.7164,0.812,0.24462832145563,-0.18361446121683
21.5,0.7166,0.8128,0.244605224238701,-0.183695507228732
21.51,0.717,0.8134,0.244564109474079,-0.183839773211913
21.52,0.7173,0.8148,0.244542129049543,-0.183916898437182
21.53,0.7177,0.8155,0.244509378771621,-0.184031811754169
21.54,0.718,0.8155,0.244483828496172,-0.184121460792078
21.55,0.7182,0.8165,0.24444622887767,-0.184253385978949
21.56,0.7186,0.8173,0.244417063885229,-0.184355715290099
21.57,0.719,0.8165,0.24439991865557,-0.184415871055918
21.58,0.7193,0.8166,0.244363702185931,-0.184542938763031
21.59,0.7197,0.8189,0.244338226125734,-0.184632321924715
21.6,0.72,0.8224,0.244289988728731,-0.184801560974718
21.61,0.7204,0.8224,0.244263204925738,-0.184895529433841
21.62,0.7207,0.8194,0.24421366643126,-0.185069327803288
21.63,0.721,0.819,0.24418790783276,-0.185159696547553
21.64,0.7212,0.8231,0.244142992591494,-0.185317270090785
21.65,0.7216,0.8265,0.244124496719659,-0.185382157223059
21.66,0.7218,0.8249,0.24409176886069,-0.185496971710334
21.67,0.7221,0.8219,0.244068539817756,-0.185578461895114
21.68,0.7225,0.8209,0.244045229735016,-0.185660235576761
21.69,0.7229,0.8218,0.244035056315678,-0.185695924514741
21.7,0.7232,0.8233,0.244003325437602,-0.185807237272462
21.71,0.7236,0.8232,0.243981143362747,-0.185885051694382
21.72,0.7239,0.8249,0.243948256190252,-0.186000418119835
21.73,0.7243,0.8287,0.243929753088693,-0.186065325299733
21.74,0.7247,0.8297,0.243899230945975,-0.186172393067857
21.75,0.7251,0.8281,0.243871072051399,-0.186271169645402
21.76,0.7255,0.8272,0.243862025605819,-0.186302902778282
21.77,0.7258,0.8278,0.243847038192274,-0.186355475380197
21.78,0.726,0.8285,0.243814109592292,-0.186470980616172
21.79,0.7264,0.8276,0.243795602449633,-0.186535898309712
21.8,0.7266,0.828,0.243770995215069,-0.18662221257557
21.81,0.727,0.8304,0.243733059697017,-0.186755276424147
21.82,0.7273,0.8333,0.243710282098791,-0.186835170843639
21.83,0.7277,0.834,0.243683835599983,-0.186927933293027
21.84,0.7279,0.8351,0.243642921509143,-0.187071439530233
21.85,0.7284,0.8351,0.243613995667143,-0.187172895476258
21.86,0.7286,0.833,0.243586192568121,-0.187270412294289
21.87,0.729,0.8326,0.24354149077294,-0.187427197348136
21.88,0.7293,0.8347,0.243528924414764,-0.187471271493567
21.89,0.7297,0.8363,0.243497200448934,-0.187582536320225
21.9,0.7302,0.8351,0.243470093427376,-0.187677607055294
21.91,0.7305,0.8328,0.243436954087723,-0.187793833084362
21.92,0.7309,0.8328,0.243395502641885,-0.187939208986532
21.93,0.7312,0.8362,0.243373237717664,-0.188017294081568
21.94,0.7316,0.8392,0.243343831612971,-0.188120422819566
21.95,0.7318,0.839,0.243325327192312,-0.188185318131222
21.96,0.7322,0.8385,0.243291294471026,-0.18830467013374
21.97,0.7324,0.8392,0.243260781548929,-0.188411676826154
21.98,0.7328,0.8402,0.243218322641827,-0.188560574971658
21.99,0.7331,0.8397,0.243183107133425,-0.18868406939556
22,0.7334,0.8403,0.243149210042106,-0.188802938641931
22.01,0.7337,0.8418,0.243127359529251,-0.188879562430446
22.02,0.7341,0.8443,0.243098461791307,-0.188980897834014
22.03,0.7344,0.8457,0.243064843277224,-0.189098785985907
22.04,0.7348,0.8455,0.243028941955599,-0.189224677290734
22.05,0.7351,0.8452,0.243006300043049,-0.189304072274155
22.06,0.7354,0.8458,0.242962310801107,-0.189458320560718
22.07,0.7357,0.8462,0.242930235515093,-0.18957079075979
22.08,0.7362,0.8474,0.242889776301024,-0.189712656571219
22.09,0.7364,0.8482,0.242865995216751,-0.189796041217607
22.1,0.7368,0.8484,0.242827931785694,-0.189929502940417
22.11,0.7371,0.8492,0.242798243293266,-0.190033598152184
22.12,0.7375,0.8511,0.242766292335931,-0.190145624675047
22.13,0.7377,0.8527,0.242719784285694,-0.190308688622425
22.14,0.7381,0.8524,0.24269000911473,-0.190413083002167
22.15,0.7383,0.8497,0.2426602824657,-0.190517305956148
22.16,0.7386,0.8476,0.242627123899479,-0.19063355982776
22.17,0.7389,0.8479,0.24260237377536,-0.190720332660733
22.18,0.7393,0.85,0.24256088328596,-0.190865794443509
22.19,0.7396,0.8497,0.242522884190075,-0.190999013500628
22.2,0.74,0.8487,0.242480119375237,-0.191148937899191
22.21,0.7403,0.8513,0.242445681541252,-0.191269667704395
22.22,0.7407,0.8547,0.242411243890121,-0.191390395120768
22.23,0.741,0.8562,0.242380353615463,-0.191498685080164
22.24,0.7414,0.8561,0.242343535154875,-0.191627755245582
22.25,0.7417,0.8551,0.242311510536327,-0.191740018575917
22.26,0.7421,0.855,0.242283105167514,-0.19183959324514
22.27,0.7425,0.8546,0.242257019434739,-0.191931035411593
22.28,0.7428,0.8537,0.242213021299846,-0.192085266291168
22.29,0.7432,0.8548,0.242192874345091,-0.192155888390662
22.3,0.7434,0.8568,0.242155954067877,-0.192285305280138
22.31,0.7437,0.8586,0.242122597704668,-0.192402227831478
22.32,0.744,0.8591,0.242092873547892,-0.192506417192516
22.33,0.7443,0.8595,0.242047578024673,-0.19266518493309
22.34,0.7446,0.8602,0.242013113053354,-0.192785987906709
22.35,0.7449,0.8603,0.241977311701132,-0.192911473168193
22.36,0.7453,0.8598,0.241941501543251,-0.193036987404793
22.37,0.7456,0.8596,0.241906977284257,-0.193157992790229
22.38,0.746,0.86,0.241866595259266,-0.193299527053815
22.39,0.7463,0.8599,0.241833474009588,-0.193415611357838
22.4,0.7468,0.8611,0.241804022497457,-0.193518832503223
22.41,0.7472,0.8634,0.241779401189478,-0.193605123852815
22.42,0.7475,0.8651,0.241757326815436,-0.193682488095033
22.43,0.7479,0.8642,0.24172939822272,-0.193780368637504
22.44,0.7482,0.8629,0.241705229572183,-0.193865070890449
22.45,0.7486,0.8632,0.241666726696262,-0.194000007567047
22.46,0.7488,0.8644,0.241647494650042,-0.194067407127511
22.47,0.7492,0.8651,0.241606749439093,-0.194210198729763
22.48,0.7494,0.8656,0.24157441982525,-0.194323496129865
22.49,0.7498,0.866,0.241534994384255,-0.194461658392716
22.5,0.7501,0.867,0.241515977388086,-0.194528300613773
22.51,0.7505,0.8675,0.241482663620777,-0.194645042448827
22.52,0.7508,0.8672,0.241450739793884,-0.194756911965282
22.53,0.7511,0.8667,0.241402191026881,-0.194927036783389
22.54,0.7514,0.8677,0.241374003519732,-0.19502580998595
22.55,0.7518,0.868,0.241343541523768,-0.195132552018819
22.56,0.7521,0.8686,0.241316732120048,-0.195226493854267
22.57,0.7525,0.8706,0.241275684949574,-0.195370323668222
22.58,0.7528,0.8733,0.241258668957487,-0.195429947196133
22.59,0.7532,0.875,0.241217905298577,-0.195572780104864
22.6,0.7535,0.874,0.24121197314138,-0.195593565750116
22.61,0.7539,0.8733,0.24117868330038,-0.195710208836179
22.62,0.7543,0.8739,0.241147847405406,-0.195818252172415
22.63,0.7546,0.8751,0.241115897181829,-0.195930198435289
22.64,0.7548,0.8754,0.241089965246428,-0.196021056890211
22.65,0.7552,0.8758,0.241060583216286,-0.196124002343013
22.66,0.7554,0.8775,0.241032490892543,-0.196222427878874
22.67,0.7557,0.879,0.240985248050982,-0.196387947414773
22.68,0.756,0.8788,0.240956064944166,-0.196490191406989
22.69,0.7564,0.8776,0.240926977617914,-0.196592098581014
22.7,0.7566,0.8779,0.240899161385493,-0.196689551324522
22.71,0.757,0.8783,0.240869044294173,-0.196795063724736
22.72,0.7573,0.8763,0.240835422899921,-0.196912851543547
22.73,0.7577,0.8767,0.24080067231042,-0.197034593589847
22.74,0.758,0.8805,0.240770850539362,-0.197139067045582
22.75,0.7584,0.8839,0.240726641495842,-0.197293940466704
22.76,0.7587,0.8838,0.240694345447991,-0.197407078381887
22.77,0.7591,0.8814,0.240674113205798,-0.197477954188363
22.78,0.7595,0.8812,0.240643230718958,-0.1975861378307
22.79,0.7597,0.8825,0.240613515108305,-0.197690232493812
22.8,0.76,0.8843,0.240581457074626,-0.197802531276497
22.81,0.7603,0.8857,0.240547069909935,-0.197922987286444
22.82,0.7606,0.8867,0.240512727597483,-0.198043284444729
22.83,0.7609,0.8877,0.240478475101613,-0.198163265256683
22.84,0.7612,0.888,0.240445409103456,-0.198279088325733
22.85,0.7616,0.8888,0.240423199194979,-0.19835688394756
22.86,0.7618,0.8884,0.24040101281104,-0.198434596444069
22.87,0.7622,0.8875,0.240376462823403,-0.198520587117448
22.88,0.7625,0.8856,0.240348348149929,-0.198619062643762
22.89,0.7629,0.8843,0.240307003829324,-0.19876387472279
22.9,0.7632,0.8864,0.240276471024244,-0.198870816913343
22.91,0.7637,0.8905,0.240253261354813,-0.198952108653787
22.92,0.7641,0.8929,0.240221796739229,-0.19906231203216
22.93,0.7644,0.893,0.240181920125643,-0.199201975955824
22.94,0.7648,0.8924,0.240155245113027,-0.199295401262051
22.95,0.7651,0.8914,0.240135737455685,-0.199363723298269
22.96,0.7655,0.8893,0.240112621392424,-0.199444682397614
22.97,0.7658,0.8873,0.240099036801269,-0.199492259174536
22.98,0.7662,0.8889,0.240067436594321,-0.199602930280328
22.99,0.7665,0.8929,0.240054931797565,-0.19964672451445
23,0.7668,0.8956,0.24002813866051,-0.199740558524925
23.01,0.767,0.8953,0.240005078644484,-0.199821317680463
23.02,0.7674,0.8951,0.239977332888524,-0.199918485865535
23.03,0.7677,0.8946,0.239955488007692,-0.199994987847059
23.04,0.7681,0.894,0.239927588320566,-0.200092693074218
23.05,0.7684,0.8923,0.239901982176802,-0.20018236526157
23.06,0.7687,0.8922,0.239877446485952,-0.200268287839802
23.07,0.7691,0.8953,0.239839629596036,-0.200400718678601
23.08,0.7695,0.8998,0.239819691292932,-0.200470539707612
23.09,0.7698,0.9033,0.239798500008362,-0.200544747853753
23.1,0.7702,0.9038,0.239770144837636,-0.20064404163393
23.11,0.7705,0.9022,0.239747735618165,-0.200722513119953
23.12,0.7709,0.9001,0.239701324267677,-0.200885031720528
23.13,0.7711,0.8992,0.239682228135656,-0.20095189971537
23.14,0.7715,0.8987,0.239642739992066,-0.201090171721615
23.15,0.7717,0.898,0.239616361291666,-0.201182538316432
23.16,0.7721,0.8987,0.2395935807097,-0.201262305060928
23.17,0.7724,0.9005,0.239563562622145,-0.201367412935995
23.18,0.7728,0.9043,0.239528694198202,-0.201489502525701
23.19,0.773,0.9073,0.239485568303644,-0.201640502654573
23.2,0.7735,0.9069,0.239443822425768,-0.20178666821524
23.21,0.7737,0.904,0.239425898585187,-0.201849424480134
23.22,0.7741,0.9024,0.239391236861632,-0.20197078330765
23.23,0.7744,0.9031,0.239367350853782,-0.202054412797451
23.24,0.7749,0.9056,0.239324388818906,-0.202204829000519
23.25,0.7753,0.906,0.239290945325026,-0.202321917556653
23.26,0.7756,0.9066,0.239275372764065,-0.202376437874164
23.27,0.776,0.9091,0.239251530963933,-0.202459908521981
23.28,0.7763,0.9119,0.239207373373095,-0.20261450297571
23.29,0.7767,0.9133,0.239183622164456,-0.202697654086999
23.3,0.777,0.9142,0.23914679244934,-0.202826590378961
23.31,0.7773,0.9133,0.239115870470678,-0.202934842873393
23.32,0.7776,0.9108,0.239076464810226,-0.203072793231364
23.33,0.7779,0.9087,0.239053690117621,-0.203152521268612
23.34,0.7781,0.9102,0.239011746674366,-0.203299351919937
23.35,0.7785,0.9139,0.238986589259064,-0.203387418786337
23.36,0.7787,0.9174,0.238949449591888,-0.203517429412262
23.37,0.7789,0.9174,0.238928995285791,-0.203589030618516
23.38,0.7793,0.9143,0.238890581496668,-0.20372349812952
23.39,0.7796,0.9122,0.238874721470653,-0.203779015535129
23.4,0.7799,0.9131,0.238841972441043,-0.203893651072053
23.41,0.7802,0.9159,0.238812619005814,-0.203996399243752
23.42,0.7806,0.9181,0.238780746325504,-0.204107964295373
23.43,0.7809,0.9198,0.238751089266083,-0.204211772590588
23.44,0.7813,0.9214,0.238720183376382,-0.204319950777348
23.45,0.7816,0.9209,0.238686840177668,-0.20443665856799
23.46,0.782,0.9213,0.238661780644374,-0.204524370815295
23.47,0.7824,0.9226,0.238625889065364,-0.204649995291919
23.48,0.7827,0.9216,0.238594772154595,-0.204758906371464
23.49,0.7829,0.9187,0.23856353056955,-0.204868252386479
23.5,0.7832,0.9176,0.238535823978071,-0.204965224670573
23.51,0.7835,0.9196,0.238498378196786,-0.205096282049365
23.52,0.7838,0.9234,0.238477572561043,-0.205169099296939
23.53,0.7841,0.9262,0.23844469575753,-0.205284162897017
23.54,0.7845,0.9269,0.238411735569433,-0.205399516734941
23.55,0.7848,0.9269,0.238385923977361,-0.205489850851031
23.56,0.7852,0.9259,0.238372028231134,-0.205538482081595
23.57,0.7855,0.9241,0.238331614022438,-0.205679918910706
23.58,0.7859,0.9236,0.238316248029677,-0.20573369435017
23.59,0.7862,0.9245,0.238288853214411,-0.205829565474385
23.6,0.7866,0.9271,0.238257868739459,-0.205937997672202
23.61,0.787,0.9272,0.23823038843599,-0.206034165611835
23.62,0.7873,0.9265,0.238211291921614,-0.206100993639425
23.63,0.7878,0.9262,0.238171852966354,-0.206239008103193
23.64,0.7881,0.927,0.238131259825683,-0.206381059188117
23.65,0.7884,0.927,0.238096490633465,-0.206502728101382
23.66,0.7887,0.926,0.238068767322888,-0.206599739869237
23.67,0.7891,0.926,0.238036129296118,-0.206713948182589
23.68,0.7893,0.9278,0.238007157912378,-0.206815324717626
23.69,0.7897,0.9295,0.237980554251862,-0.206908415039837
23.7,0.7899,0.9297,0.237947958075146,-0.207022472685
23.71,0.7903,0.9308,0.237917693788274,-0.207128369390547
23.72,0.7906,0.9322,0.23788388729968,-0.207246658898479
23.73,0.791,0.9322,0.23784402981666,-0.207386118786792
23.74,0.7913,0.9305,0.237817303698367,-0.207479631198433
23.75,0.7917,0.9302,0.23778816974572,-0.207581567221696
23.76,0.792,0.9336,0.237757786515301,-0.20768787298161
23.77,0.7924,0.9385,0.237723774557171,-0.207806873433985
23.78,0.7927,0.9396,0.237686250984025,-0.207938158292316
23.79,0.7932,0.9397,0.237662986154644,-0.208019554614327
23.8,0.7935,0.9397,0.237638470853566,-0.208105325083046
23.81,0.7938,0.9396,0.237600604114349,-0.20823780583121
23.82,0.794,0.9384,0.237581782084734,-0.208303655886831
23.83,0.7944,0.9372,0.237549731294696,-0.208415786395862
23.84,0.7947,0.9364,0.237535623428085,-0.208465142649802
23.85,0.7951,0.9375,0.237492784149054,-0.208615013718925
23.86,0.7955,0.94,0.237477360097383,-0.208668973329981
23.87,0.7958,0.9423,0.23744153373568,-0.20879430717748
23.88,0.7962,0.9441,0.237422444057055,-0.208861089154982
23.89,0.7965,0.945,0.237379464329569,-0.209011444425144
23.9,0.7969,0.9429,0.237359258191097,-0.20908213028753
23.91,0.7972,0.9419,0.237331836000607,-0.209178058651167
23.92,0.7976,0.944,0.237310397365375,-0.209253054559996
23.93,0.7979,0.9449,0.237262621610018,-0.209420179663085
23.94,0.7983,0.9444,0.237239842960237,-0.209499860827101
23.95,0.7986,0.9448,0.237191812263474,-0.209667872757779
23.96,0.7989,0.9469,0.237167694190374,-0.209752236777377
23.97,0.7992,0.9473,0.237124465260327,-0.209903447643955
23.98,0.7996,0.9474,0.237092063189362,-0.210016785342191
23.99,0.7998,0.9487,0.237046426523129,-0.21017641310071
24,0.8001,0.9499,0.237023482062697,-0.210256666992042
24.01,0.8003,0.9501,0.236996913280113,-0.210349596875098
24.02,0.8007,0.9476,0.236960852167703,-0.210475726511778
24.03,0.8009,0.9457,0.236924818906059,-0.210601756828212
24.04,0.8011,0.9478,0.236900742337484,-0.21068596622598
24.05,0.8015,0.9512,0.23685866065188,-0.210833147672141
24.06,0.8018,0.9515,0.236838057393517,-0.210905206987498
24.07,0.8022,0.9501,0.236810288190481,-0.211002328006037
24.08,0.8025,0.9508,0.236782566518266,-0.211099281659048
24.09,0.8029,0.9506,0.23675484917487,-0.211196219044205
24.1,0.8032,0.95,0.23671293614156,-0.211342801651435
24.11,0.8036,0.9503,0.236677040144393,-0.211468338805105
24.12,0.804,0.9514,0.236639926753813,-0.211598131494334
24.13,0.8044,0.9529,0.236618447597178,-0.211673247326286
24.14,0.8047,0.9543,0.236572030748782,-0.211835571692454
24.15,0.805,0.9548,0.236547247087787,-0.211922241340844
24.16,0.8054,0.9556,0.236517644443704,-0.212025762021729
24.17,0.8056,0.9549,0.236478505767204,-0.212162628308412
24.18,0.806,0.954,0.236441730945148,-0.212291226247259
24.19,0.8062,0.9549,0.236412185151178,-0.212394543546847
24.2,0.8066,0.9575,0.236362383655963,-0.212568689156225
24.21,0.8068,0.9599,0.236323448989848,-0.212704833158047
24.22,0.8071,0.9594,0.236285821711169,-0.212836403464826
24.23,0.8075,0.9566,0.236262658208118,-0.212917397637622
24.24,0.8079,0.9561,0.236228817941786,-0.213035723072913
24.25,0.8082,0.9566,0.236203497258629,-0.213124257944923
24.26,0.8087,0.9577,0.236159229483214,-0.213279039889602
24.27,0.809,0.9572,0.23613541250501,-0.213362314585064
24.28,0.8094,0.9582,0.236105732692357,-0.213466087178882
24.29,0.8097,0.9613,0.236085725317737,-0.213536040299187
24.3,0.8101,0.9632,0.236037082827616,-0.213706109835759
24.31,0.8105,0.9634,0.236004074598504,-0.213821515070984
24.32,0.8108,0.9638,0.235980733133792,-0.213903121853174
24.33,0.811,0.9655,0.235956287522518,-0.213988588111985
24.34,0.8114,0.9662,0.235918835827591,-0.214119524279973
24.35,0.8116,0.9651,0.235897010591792,-0.21419582729349
24.36,0.812,0.9642,0.235863294456003,-0.214313700602902
24.37,0.8122,0.965,0.23583674927012,-0.214406502736298
24.38,0.8126,0.9665,0.235800742561541,-0.214532380758584
24.39,0.8129,0.968,0.235774386168935,-0.21462452045362
24.4,0.8133,0.9692,0.235742235312492,-0.214736915718512
24.41,0.8136,0.9682,0.235723348926151,-0.214802939392241
24.42,0.814,0.9674,0.235683082581416,-0.21494370210625
24.43,0.8143,0.9686,0.235650127304513,-0.215058905086682
24.44,0.8148,0.9727,0.235599449683781,-0.215236057610222
24.45,0.8153,0.9761,0.235572805158203,-0.215329196717245
24.46,0.8156,0.9759,0.235536709900127,-0.21545537032184
24.47,0.816,0.9736,0.235504332141658,-0.215568547509141
24.48,0.8164,0.9732,0.235480340256477,-0.215652410694417
24.49,0.8166,0.9758,0.23545754977197,-0.215732073623935
24.5,0.8168,0.9768,0.235433572789278,-0.215815883072257
24.51,0.8172,0.9731,0.235400167445977,-0.215932647125146
24.52,0.8174,0.9723,0.235362086418235,-0.216065752430609
24.53,0.8178,0.9755,0.235336044832509,-0.216156774831509
24.54,0.8181,0.9793,0.235307692184671,-0.216255873889586
24.55,0.8185,0.9777,0.235281906810878,-0.216345998707402
24.56,0.8188,0.9742,0.235262288754289,-0.216414566917509
24.57,0.8192,0.9736,0.23522142218838,-0.216557400214685
24.58,0.8195,0.9759,0.235191433326285,-0.216662213140843
24.59,0.8199,0.9768,0.235144907893809,-0.216824819791154
24.6,0.8202,0.9765,0.235126968732984,-0.216887516411712
24.61,0.8206,0.9763,0.235086313473449,-0.217029603104682
24.62,0.821,0.9774,0.235063545608649,-0.217109173807051
24.63,0.8212,0.9788,0.235034820865478,-0.217209561933461
24.64,0.8215,0.9802,0.235014521486561,-0.21728050410477
24.65,0.8219,0.9816,0.234978877899797,-0.217405069677027
24.66,0.8223,0.9828,0.234956391153308,-0.217483654368628
24.67,0.8226,0.9829,0.234932774676012,-0.217566186344952
24.68,0.8228,0.9832,0.23492224247467,-0.217602992730234
24.69,0.8231,0.985,0.234904538258198,-0.217664862450541
24.7,0.8233,0.9848,0.234876070107959,-0.21776434719358
24.71,0.8237,0.9826,0.234851263200038,-0.217851036397053
24.72,0.8239,0.9831,0.234802703383595,-0.218020728928219
24.73,0.8243,0.9862,0.234779304171495,-0.218102496361847
24.74,0.8246,0.9887,0.234734501346621,-0.218259055461422
24.75,0.8249,0.9885,0.234711272088209,-0.218340226679325
24.76,0.8252,0.9868,0.234679691469252,-0.218450579225801
24.77,0.8256,0.9879,0.234645819345185,-0.218568937381176
24.78,0.8259,0.9913,0.234619253524824,-0.218661764202714
24.79,0.8263,0.9911,0.234585693429263,-0.218779029081161
24.8,0.8266,0.9879,0.234553451321877,-0.218891687121415
24.81,0.827,0.9865,0.234536765940466,-0.218949987376066
24.82,0.8273,0.9886,0.234495026481258,-0.219095827090924
24.83,0.8277,0.9902,0.234467737167943,-0.219191175907121
24.84,0.828,0.9907,0.234440512662522,-0.219286297196525
24.85,0.8283,0.9903,0.234412141700716,-0.219385423000427
24.86,0.8285,0.9909,0.234377861166275,-0.219505194789794
24.87,0.8289,0.9917,0.234351945522851,-0.219595739579399
24.88,0.8291,0.9933,0.234317790958121,-0.219715068235322
24.89,0.8295,0.9928,0.234293119168436,-0.219801265063917
24.9,0.8298,0.9922,0.234263724110903,-0.219903962599153
24.91,0.8302,0.9912,0.234229651912644,-0.220022999079294
24.92,0.8305,0.9913,0.234204055863855,-0.220112421704248
24.93,0.8309,0.9939,0.234177275163096,-0.220205982013526
24.94,0.8312,0.9981,0.234163654369518,-0.220253566834698
24.95,0.8316,0.9998,0.234134485203368,-0.220355469641243
24.96,0.8321,1.0001,0.234104241629237,-0.220461124586887
24.97,0.8324,1,0.234081170294329,-0.220541722645714
24.98,0.8328,1,0.234047317327728,-0.220659984151411
24.99,0.8332,0.9983,0.234019430356684,-0.220757402865145
25,0.8336,0.9959,0.233980907715204,-0.220891973732843
25.01,0.8339,0.9971,0.233947137797528,-0.22100994015513
25.02,0.8342,1.0003,0.233918094931703,-0.221111392514429
25.03,0.8345,0.9998,0.233888940546734,-0.221213233188161
25.04,0.8348,0.9988,0.233858604482001,-0.221319200325243
25.05,0.8351,1.0003,0.233819828324217,-0.221454647651089
25.06,0.8354,1.005,0.23379655987673,-0.221535924604294
25.07,0.8357,1.007,0.233762529032639,-0.221654793302887
25.08,0.8361,1.0038,0.233720206358557,-0.221802622742087
25.09,0.8364,1.001,0.233691092890627,-0.221904312042821
25.1,0.8368,1.0015,0.233662063714041,-0.222005705688722
25.11,0.8371,1.0033,0.23362694281459,-0.222128374966111
25.12,0.8375,1.0054,0.23360720161269,-0.222197325680252
25.13,0.8378,1.0074,0.233564694518019,-0.222345789602142
25.14,0.8382,1.0098,0.233543672306763,-0.222419212600242
25.15,0.8385,1.0111,0.233502170951377,-0.222564159957599
25.16,0.8388,1.0103,0.233490526013796,-0.222604830535539
25.17,0.8391,1.0092,0.233450205105856,-0.222745651964544
25.18,0.8394,1.0082,0.233431290937478,-0.222811709185361
25.19,0.8397,1.0091,0.233394299839143,-0.222940898079272
25.2,0.8401,1.0085,0.233375155670811,-0.223007756997133
25.21,0.8403,1.0093,0.233326159257101,-0.223178869176788
25.22,0.8407,1.0107,0.233304656506665,-0.223253963000992
25.23,0.841,1.0105,0.233261626868247,-0.2234042329103
25.24,0.8414,1.0107,0.233240095370981,-0.223479425090347
25.25,0.8417,1.0122,0.233204169659095,-0.223604883157764
25.26,0.8421,1.0145,0.23318137108343,-0.22368449828175
25.27,0.8424,1.0153,0.233138187007525,-0.22383529971855
25.28,0.8428,1.0131,0.233126038305607,-0.223877723236946
25.29,0.8432,1.0115,0.233069718542976,-0.224074390188225
25.3,0.8435,1.0135,0.233043249571702,-0.224166817450604
25.31,0.8439,1.0167,0.23299651530409,-0.224330006795529
25.32,0.8441,1.0154,0.232972493970096,-0.224413884596022
25.33,0.8445,1.0142,0.232936447196425,-0.224539751294047
25.34,0.8448,1.0143,0.232906360287262,-0.224644806115559
25.35,0.8452,1.0163,0.232864293357234,-0.224791689496373
25.36,0.8454,1.0174,0.232850843906352,-0.22483864984761
25.37,0.8456,1.0165,0.232812154348302,-0.224973737545987
25.38,0.846,1.0155,0.232790145809873,-0.225050581146594
25.39,0.8462,1.0165,0.232745258698883,-0.225207303903943
25.4,0.8466,1.0187,0.232727829600959,-0.225268156574537
25.41,0.8468,1.0207,0.232663704385761,-0.225492042162871
25.42,0.8472,1.0217,0.232647308664476,-0.225549284913561
25.43,0.8475,1.0216,0.232596065750581,-0.225728187913748
25.44,0.8479,1.021,0.232565142196414,-0.225836148621821
25.45,0.8482,1.0211,0.232524461235357,-0.22597817238056
25.46,0.8486,1.0212,0.23249933161487,-0.226065902704481
25.47,0.8489,1.022,0.232445349630079,-0.226254356741348
25.48,0.8493,1.0237,0.232409366611577,-0.226379973040209
25.49,0.8496,1.0247,0.232367326511024,-0.226526732140244
25.5,0.8501,1.0268,0.23233599994576,-0.226636089342472
25.51,0.8505,1.0279,0.232296184333067,-0.226775078695486
25.52,0.8507,1.0263,0.232269566094732,-0.22686799702383
25.53,0.8511,1.0234,0.232234497251732,-0.226990412942845
25.54,0.8513,1.0232,0.232197081661458,-0.227121018741151
25.55,0.8517,1.0256,0.232165565809544,-0.227231028858819
25.56,0.8519,1.0275,0.232138767149884,-0.227324571868633
25.57,0.8522,1.0275,0.2321140676125,-0.227410786781681
25.58,0.8526,1.029,0.232084518661353,-0.227513927631183
25.59,0.8528,1.0315,0.232054751729163,-0.227617828052659
25.6,0.8532,1.0333,0.232015353926824,-0.227755342690117
25.61,0.8535,1.0333,0.231980763941502,-0.227876074182684
25.62,0.8539,1.0319,0.231954463175176,-0.227967872146567
25.63,0.8542,1.0305,0.231914871266547,-0.228106058476463
25.64,0.8546,1.0307,0.231889629039846,-0.228194159387916
25.65,0.855,1.0333,0.231861913613828,-0.228290891233444
25.66,0.8553,1.0358,0.231848362793989,-0.228338185634268
25.67,0.8557,1.0368,0.231803663089618,-0.228494192424569
25.68,0.856,1.0358,0.231773292111043,-0.228600188747286
25.69,0.8564,1.0346,0.231736871289258,-0.228727297562501
25.7,0.8566,1.0349,0.231699266779559,-0.228858535415889
25.71,0.8568,1.0339,0.231661660716198,-0.228989776621392
25.72,0.8572,1.032,0.231644228229517,-0.229050613464044
25.73,0.8576,1.0309,0.23160162400796,-0.229199294127742
25.74,0.8578,1.0329,0.23156749766991,-0.229318386667375
25.75,0.8583,1.037,0.231542914994662,-0.229404173111191
25.76,0.8585,1.0396,0.231518255291604,-0.229490227471175
25.77,0.859,1.0404,0.231489914598415,-0.229589126192755
25.78,0.8593,1.0399,0.231454402335715,-0.229713049426719
25.79,0.8597,1.0398,0.231418826309901,-0.229837193317079
25.8,0.86,1.04,0.231394037774131,-0.22992369275711
25.81,0.8604,1.0396,0.231356078869684,-0.230056148373086
25.82,0.8607,1.04,0.231321787206679,-0.23017580552848
25.83,0.8611,1.0436,0.23130178107733,-0.230245614020145
25.84,0.8613,1.0464,0.231272069921186,-0.230349285716754
25.85,0.8617,1.0438,0.231256516069766,-0.230403557548246
25.86,0.8619,1.0412,0.231215946748909,-0.230545113833789
25.87,0.8623,1.0419,0.231183685996511,-0.230657677772212
25.88,0.8626,1.0426,0.231148949873514,-0.230778877049602
25.89,0.863,1.0422,0.23113083422962,-0.230842084409168
25.9,0.8633,1.0412,0.231090096412832,-0.230984221121025
25.91,0.8637,1.0416,0.23105660352524,-0.231101078016853
25.92,0.864,1.0438,0.231022039903724,-0.231221668989147
25.93,0.8644,1.0457,0.230972014774549,-0.231396201393492
25.94,0.8648,1.0473,0.230943535195481,-0.231495562008223
25.95,0.8651,1.0482,0.230916274628831,-0.231590668575488
25.96,0.8655,1.0483,0.230879537737885,-0.231718834389114
25.97,0.8658,1.0479,0.230849895171001,-0.231822248443111
25.98,0.8662,1.0486,0.2308118254533,-0.231955060421275
25.99,0.8665,1.0501,0.230785666879456,-0.232046317340431
26,0.867,1.0512,0.230764282000991,-0.232120919980568
26.01,0.8674,1.0502,0.230728570904197,-0.23224549914118
26.02,0.8677,1.0509,0.230708463616342,-0.232315643156649
26.03,0.8679,1.0542,0.230678805477692,-0.232419104112892
26.04,0.8683,1.0584,0.230646834800259,-0.232530630805656
26.05,0.8685,1.059,0.230611413840287,-0.232654191737686
26.06,0.8688,1.0564,0.230577380045176,-0.232772912015419
26.07,0.8691,1.0529,0.230546990945283,-0.232878917050578
26.08,0.8694,1.0526,0.230533326515676,-0.232926581672657
26.09,0.8697,1.0547,0.230505274136415,-0.23302443386256
26.1,0.8701,1.0572,0.230490359235028,-0.233076459489386
26.11,0.8703,1.058,0.230464628375087,-0.233166212192031
26.12,0.8707,1.0585,0.230428189508825,-0.233293314205184
26.13,0.871,1.0594,0.230400064786174,-0.233391414416475
26.14,0.8714,1.0603,0.230368355921037,-0.233502014879495
26.15,0.8717,1.0604,0.230340164872992,-0.233600343968111
26.16,0.8721,1.0598,0.230315562636494,-0.233686154496082
26.17,0.8724,1.0582,0.230275508170653,-0.233825859204215
26.18,0.8728,1.0575,0.230242701539266,-0.233940282671226
26.19,0.873,1.0596,0.230210008789949,-0.234054307372802
26.2,0.8733,1.0611,0.230177361784253,-0.234168170971484
26.21,0.8736,1.0614,0.230154309536792,-0.234248569805822
26.22,0.8738,1.0615,0.230122927068533,-0.234358020525404
26.23,0.8742,1.0625,0.230104669178567,-0.234421696791448
26.24,0.8746,1.0622,0.230067415416327,-0.234551621600559
26.25,0.8749,1.0603,0.230049335070857,-0.234614677196606
26.26,0.8753,1.0594,0.230012248005618,-0.23474401764321
26.27,0.8756,1.0633,0.229986016216643,-0.23483549930243
26.28,0.876,1.0673,0.229946717625244,-0.234972548703082
26.29,0.8763,1.0678,0.229921906411772,-0.235059073845942
26.3,0.8767,1.0668,0.229888896047764,-0.235174190820883
26.31,0.877,1.0673,0.229865564794171,-0.235255552892846
26.32,0.8774,1.0706,0.229829183171333,-0.235382423365089
26.33,0.8777,1.0713,0.229801268508705,-0.235479766430578
26.34,0.8781,1.0691,0.229769906789128,-0.235589128597252
26.35,0.8785,1.0675,0.229746926358164,-0.235669263268604
26.36,0.8788,1.0686,0.229721599157942,-0.235757580424885
26.37,0.879,1.0708,0.229699969616251,-0.235833002926912
26.38,0.8794,1.0718,0.229666560117164,-0.235949500954259
26.39,0.8797,1.0726,0.229640446624989,-0.236040556864985
26.4,0.88,1.0725,0.229598991398893,-0.236185106275503
26.41,0.8803,1.0711,0.229578014760164,-0.236258248346257
26.42,0.8807,1.0703,0.229553492119715,-0.236343753923137
26.43,0.881,1.0704,0.229520699317716,-0.236458094537055
26.44,0.8814,1.0723,0.229490410236977,-0.236563703880563
26.45,0.8819,1.0733,0.229465009805205,-0.236652266872373
26.46,0.8822,1.0728,0.229436164573425,-0.236752839610681
26.47,0.8826,1.0734,0.229412191057302,-0.236836425538741
26.48,0.8829,1.0755,0.229391880002449,-0.236907241292322
26.49,0.8834,1.0766,0.229362112709643,-0.237011025717079
26.5,0.8838,1.0781,0.229341979067966,-0.237081221437482
26.51,0.8841,1.0801,0.229319534253591,-0.237159474337676
26.52,0.8844,1.0819,0.229297114816502,-0.237237638025964
26.53,0.8846,1.0812,0.229256820653438,-0.237378118760911
26.54,0.8849,1.0781,0.22922740952843,-0.237480655599372
26.55,0.8852,1.0774,0.229192186788964,-0.237603451970348
26.56,0.8854,1.0805,0.229167832812552,-0.237688355717814
26.57,0.8858,1.0841,0.229147045398783,-0.237760824894904
26.58,0.8861,1.0829,0.22911791773045,-0.237862368843252
26.59,0.8865,1.0801,0.229094927585676,-0.237942515477177
26.6,0.8868,1.0802,0.229059959751457,-0.238064416412995
26.61,0.8872,1.0836,0.229038254367544,-0.238140082385457
26.62,0.8875,1.0845,0.228993990683919,-0.238294385500726
26.63,0.8879,1.0834,0.228970235469483,-0.238377194951577
26.64,0.8882,1.0828,0.228938201712428,-0.23848886166875
26.65,0.8886,1.0839,0.228912247552102,-0.238579334373864
26.66,0.889,1.0866,0.228876890309522,-0.238702583372644
26.67,0.8893,1.0883,0.228844049571286,-0.238817058652843
26.68,0.8895,1.0884,0.228813687706731,-0.238922891746057
26.69,0.8899,1.0888,0.228787001890993,-0.239015910033878
26.7,0.8903,1.0898,0.228747422175226,-0.239153870450635
26.71,0.8905,1.0892,0.228718785377532,-0.23925368642917
26.72,0.8907,1.089,0.228684270550038,-0.23937398918503
26.73,0.891,1.0888,0.228668920638462,-0.239427491331784
26.74,0.8913,1.0879,0.228641667645061,-0.239522480845311
26.75,0.8916,1.0857,0.228602710024258,-0.239658264611982
26.76,0.8918,1.0866,0.228582994919024,-0.239726979237662
26.77,0.8921,1.0886,0.228573949274004,-0.239758506554282
26.78,0.8925,1.0897,0.228536280421325,-0.239889794728374
26.79,0.8929,1.09,0.228521383459937,-0.239941714900471
26.8,0.8933,1.0905,0.228491038261111,-0.240047475596602
26.81,0.8937,1.092,0.228472672504447,-0.240111484252198
26.82,0.894,1.0918,0.22845436150936,-0.240175301561252
26.83,0.8944,1.0917,0.22841946945588,-0.240296905664253
26.84,0.8949,1.0926,0.228395351416653,-0.240380959652582
26.85,0.8952,1.0952,0.228366405239256,-0.24048183910538
26.86,0.8956,1.0971,0.228326857028197,-0.240619665408586
26.87,0.8958,1.0959,0.228299352887205,-0.240715516540802
26.88,0.8962,1.0961,0.228269510337254,-0.240819515710422
26.89,0.8964,1.0975,0.228250434917664,-0.240885991513041
26.9,0.8967,1.0981,0.228228998172774,-0.240960695648218
26.91,0.8971,1.0975,0.22819925802162,-0.241064334911358
26.92,0.8973,1.0961,0.228162496291883,-0.241192441371379
26.93,0.8977,1.0959,0.228131763375843,-0.241299537240396
26.94,0.898,1.0963,0.228101087417131,-0.241406433252943
26.95,0.8984,1.0992,0.22807766657679,-0.24148804654772
26.96,0.8988,1.102,0.228056681071904,-0.241561172884501
26.97,0.8991,1.104,0.228030837961538,-0.241651225206671
26.98,0.8995,1.1028,0.227997893179654,-0.241766022439726
26.99,0.8998,1.101,0.22796744737441,-0.241872110492892
27,0.9002,1.1015,0.227931148876844,-0.241998590415143
27.01,0.9005,1.1036,0.227898499633519,-0.24211235308774
27.02,0.9009,1.1046,0.227864824053833,-0.242229690284908
27.03,0.9012,1.104,0.227844326701213,-0.242301109236732
27.04,0.9015,1.1049,0.227828534868586,-0.242356132320842
27.05,0.9017,1.1079,0.227797135884169,-0.242465533928426
27.06,0.9019,1.1095,0.227762224476235,-0.24258717197347
27.07,0.9023,1.1077,0.22774165776795,-0.242658829499029
27.08,0.9027,1.1041,0.227708052611053,-0.242775913624554
27.09,0.9029,1.1035,0.227679322532121,-0.242876011125675
27.1,0.9032,1.1052,0.227636395128127,-0.243025570803558
27.11,0.9036,1.1068,0.227597075291153,-0.243162559306436
27.12,0.904,1.1078,0.227561472608035,-0.243286595469029
27.13,0.9043,1.1096,0.227527141449658,-0.243406200014815
27.14,0.9047,1.1106,0.227511949804191,-0.24345912485299
27.15,0.9051,1.1096,0.227477551942468,-0.243578959294428
27.16,0.9055,1.1091,0.227449220720886,-0.243677657623912
27.17,0.9058,1.109,0.227419640944609,-0.243780704330576
27.18,0.9062,1.1088,0.227397263409277,-0.243858659829426
27.19,0.9064,1.1092,0.227368846710694,-0.243957652605192
27.2,0.9068,1.1105,0.22736053420937,-0.243986609918603
27.21,0.907,1.1135,0.227337724168237,-0.244066070140862
27.22,0.9074,1.1154,0.227313756391363,-0.244149562590535
27.23,0.9076,1.1136,0.22727781701114,-0.244274756898126
27.24,0.908,1.1113,0.227269363680865,-0.244304203677128
27.25,0.9083,1.1113,0.227221370648089,-0.244471383175606
27.26,0.9087,1.1121,0.22720206683704,-0.244538625351385
27.27,0.909,1.1135,0.227168377835174,-0.244655975061636
27.28,0.9094,1.1153,0.227138289206264,-0.244760782105692
27.29,0.9097,1.1181,0.227103342479234,-0.244882509594938
27.3,0.9101,1.1218,0.227082743782274,-0.244954258759892
27.31,0.9106,1.123,0.227048869083147,-0.245072249409548
27.32,0.9109,1.1196,0.227026900569819,-0.245148768135894
27.33,0.9113,1.1149,0.226996395076031,-0.24525502092751
27.34,0.9116,1.1141,0.226970667190138,-0.245344631917286
27.35,0.912,1.1164,0.2269340907367,-0.24547202712669
27.36,0.9123,1.119,0.226911927765951,-0.245549219453655
27.37,0.9126,1.1211,0.226877746758876,-0.245668268490807
27.38,0.9128,1.1227,0.226843557983534,-0.245787342878432
27.39,0.913,1.1247,0.226815253057731,-0.245885923408025
27.4,0.9134,1.1265,0.226797618694793,-0.245947339859653
27.41,0.9136,1.1265,0.226756011019257,-0.24609224807579
27.42,0.914,1.1237,0.226735958372749,-0.246162085086876
27.43,0.9142,1.1204,0.226683665544384,-0.246344201670976
27.44,0.9146,1.1188,0.226658969666812,-0.246430206893203
27.45,0.9149,1.1208,0.226619990933681,-0.246565951406689
27.46,0.9153,1.1236,0.22660363792054,-0.246622900565958
27.47,0.9156,1.1269,0.226568085959708,-0.246746708468928
27.48,0.916,1.1283,0.226556313498609,-0.246787705062009
27.49,0.9163,1.1305,0.226526500870939,-0.246891524094189
27.5,0.9167,1.1317,0.226493076002488,-0.247007920795637
27.51,0.9171,1.1293,0.22646551706988,-0.247103889097655
27.52,0.9174,1.1262,0.226441458675059,-0.247187666592497
27.53,0.9178,1.1258,0.226402985643981,-0.247321637789029
27.54,0.918,1.1277,0.226359736153303,-0.247472239045535
27.55,0.9182,1.1273,0.226334378265681,-0.247560537769804
27.56,0.9186,1.126,0.226294658584525,-0.247698843823328
27.57,0.9188,1.1274,0.226275199600806,-0.247766600205105
27.58,0.9192,1.1313,0.226260341482858,-0.24781833595295
27.59,0.9195,1.1341,0.226235845522552,-0.247903629822777
27.6,0.9198,1.1325,0.226206387935294,-0.248006198702895
27.61,0.9201,1.1299,0.22618759341148,-0.248071639017413
27.62,0.9205,1.1307,0.226159129472286,-0.248170746114355
27.63,0.9208,1.1343,0.226120961496264,-0.248303639333257
27.64,0.9212,1.136,0.22609699320281,-0.248387091026072
27.65,0.9217,1.1366,0.226057523580301,-0.248524512701508
27.66,0.922,1.137,0.226038306066449,-0.248591421638515
27.67,0.9224,1.1375,0.226001098371882,-0.248720964819114
27.68,0.9227,1.1371,0.225978074540038,-0.248801124119807
27.69,0.9231,1.1364,0.225946630842913,-0.248910596601763
27.7,0.9234,1.1368,0.22591757175413,-0.2490117656928
27.71,0.9237,1.1368,0.225882533772986,-0.24913374863379
27.72,0.924,1.1382,0.225847519067438,-0.249255648753277
27.73,0.9243,1.1395,0.225807714577386,-0.249394221846389
27.74,0.9245,1.1417,0.225776261425196,-0.249503719431403
27.75,0.9248,1.1431,0.225748373612005,-0.24960080382607
27.76,0.9252,1.1424,0.225714476838347,-0.249718805375425
27.77,0.9256,1.142,0.225691204447249,-0.249799820322473
27.78,0.9259,1.1434,0.225661882841837,-0.2499018924358
27.79,0.9263,1.1442,0.225639634779359,-0.249979339839981
27.8,0.9266,1.1424,0.225622065215116,-0.25004050048246
27.81,0.927,1.141,0.225598400212954,-0.250122878976095
27.82,0.9274,1.1431,0.225563917796696,-0.250242911710225
27.83,0.9278,1.1456,0.22554605456831,-0.250305092638019
27.84,0.9283,1.1443,0.225516221638407,-0.250408938409266
27.85,0.9285,1.1442,0.225485197753957,-0.250516928410713
27.86,0.9289,1.1479,0.225448260753968,-0.250645499348113
27.87,0.9292,1.1504,0.225417344026493,-0.250753113289244
27.88,0.9295,1.1501,0.225391190245912,-0.250844147431338
27.89,0.9298,1.1484,0.225370966868804,-0.25091453878059
27.9,0.9302,1.147,0.225341176459151,-0.25101822893844
27.91,0.9305,1.1476,0.225324387857756,-0.251076663708774
27.92,0.9307,1.1495,0.225288498473748,-0.251201579699399
27.93,0.9311,1.1495,0.225264534330583,-0.251284987850321
27.94,0.9315,1.1498,0.225236971034709,-0.251380921959729
27.95,0.9318,1.1503,0.225205768114222,-0.251489522453647
27.96,0.9322,1.1514,0.22517942534568,-0.251581206281688
27.97,0.9325,1.1534,0.225160263890819,-0.251647895505619
27.98,0.933,1.1558,0.225123282392223,-0.251776603814078
27.99,0.9332,1.1557,0.225100563442271,-0.251855672569243
28,0.9336,1.1526,0.22507782826595,-0.251934797043815
28.01,0.9339,1.1497,0.225050264223338,-0.25203072624988
28.02,0.9343,1.1503,0.225020304014417,-0.252134993409531
28.03,0.9345,1.1524,0.224992659646814,-0.25223119984538
28.04,0.9349,1.1535,0.224957894288694,-0.252352186786709
28.05,0.9352,1.1542,0.224937442724848,-0.25242335946193
28.06,0.9355,1.1569,0.224906267410732,-0.252531850261651
28.07,0.9358,1.1599,0.224882237592532,-0.252615473606851
28.08,0.9361,1.1615,0.224847539780976,-0.252736219896493
28.09,0.9363,1.1615,0.224814122343355,-0.252852508903312
28.1,0.9367,1.1616,0.224780777888635,-0.252968542315391
28.11,0.9369,1.1618,0.224752320655595,-0.253067567689807
28.12,0.9372,1.1599,0.224726307604039,-0.253158086777984
28.13,0.9376,1.1571,0.224697954761863,-0.253256746644808
28.14,0.938,1.1587,0.224673233905977,-0.253342767271147
28.15,0.9383,1.1632,0.224643695789265,-0.25344554924771
28.16,0.9387,1.166,0.224611799169889,-0.253556536533757
28.17,0.939,1.1646,0.224589457800657,-0.253634274545605
28.18,0.9394,1.162,0.224565871851665,-0.253716342351268
28.19,0.9398,1.162,0.224535081683008,-0.253823476170899
28.2,0.9402,1.1644,0.224506701908636,-0.253922221844908
28.21,0.9405,1.1649,0.224471149245036,-0.254045923488365
28.22,0.9409,1.1629,0.224445242236052,-0.254136062960911
28.23,0.9411,1.1624,0.224426406484926,-0.254201598460024
28.24,0.9414,1.1639,0.224393160327264,-0.254317271031811
28.25,0.9417,1.1653,0.224350421726479,-0.254465968071012
28.26,0.9421,1.1668,0.224312609347968,-0.254597523475046
28.27,0.9423,1.1689,0.224266587845393,-0.254757636943822
28.28,0.9427,1.1691,0.224248172478748,-0.254821705005141
28.29,0.943,1.1666,0.224224960800532,-0.254902458991185
28.3,0.9434,1.1664,0.224207685118084,-0.254962560995848
28.31,0.9437,1.1677,0.224193921405133,-0.255010444566644
28.32,0.9441,1.1692,0.224164640741921,-0.25511231025348
28.33,0.9444,1.1699,0.224143763161618,-0.255184941351551
28.34,0.9448,1.17,0.224121686608506,-0.25526174287019
28.35,0.9452,1.1704,0.224079497294353,-0.255408512149798
28.36,0.9455,1.1703,0.224052943689057,-0.255500886190551
28.37,0.9459,1.1707,0.224039603758619,-0.255547292430722
28.38,0.9461,1.1714,0.224013114267472,-0.255639441894498
28.39,0.9463,1.1721,0.224003398291281,-0.25567324077738
28.4,0.9467,1.1726,0.22398303913478,-0.25574406355416
28.41,0.9469,1.1728,0.223957922876184,-0.255831433885001
28.42,0.9473,1.173,0.223937650463301,-0.255901953567752
28.43,0.9476,1.1758,0.223916124930566,-0.255976831702077
28.44,0.948,1.1782,0.223894623222696,-0.256051626286054
28.45,0.9483,1.1775,0.223887321603251,-0.256077025119422
28.46,0.9487,1.1756,0.223854862136548,-0.256189935101755
28.47,0.949,1.1746,0.223853531978456,-0.256194562012775
28.48,0.9494,1.1756,0.223814060321797,-0.256331861694692
28.49,0.9498,1.1769,0.223790389312009,-0.256414198729001
28.5,0.9502,1.1794,0.223744336218072,-0.25657438707142
28.51,0.9506,1.1813,0.223717662378916,-0.25666716635407
28.52,0.9509,1.1808,0.223704169875605,-0.25671409676569
28.53,0.9513,1.1791,0.223657373393029,-0.256876864965039
28.54,0.9515,1.1798,0.223639318650994,-0.256939662376042
28.55,0.9519,1.183,0.223608215713878,-0.257047842477423
28.56,0.9521,1.1858,0.223584411794934,-0.257130634682963
28.57,0.9525,1.1848,0.223554804036272,-0.257233612021925
28.58,0.9528,1.1824,0.223531315135492,-0.257315306743792
28.59,0.9532,1.1822,0.22348186605974,-0.257487288687134
28.6,0.9535,1.1848,0.223461414154397,-0.257558418569717
28.61,0.9539,1.1865,0.223425544556251,-0.25768316832665
28.62,0.9542,1.1841,0.223399388923725,-0.257774133004237
28.63,0.9546,1.1833,0.223347143048761,-0.257955831961852
28.64,0.955,1.1826,0.22332363458556,-0.258037587612793
28.65,0.9553,1.1841,0.223304964206388,-0.258102517230313
28.66,0.9557,1.186,0.223279208979125,-0.258192084854356
28.67,0.956,1.1877,0.223259545428632,-0.25826046711842
28.68,0.9564,1.1892,0.223234009530329,-0.258349270308781
28.69,0.9567,1.1888,0.223207398031276,-0.258441812979094
28.7,0.957,1.1874,0.223179633389712,-0.258538364654629
28.71,0.9573,1.1874,0.223160247689006,-0.258605777857328
28.72,0.9577,1.1885,0.223149171897825,-0.258644293349023
28.73,0.9579,1.1897,0.223116646273654,-0.258757398494535
28.74,0.9581,1.1903,0.223114030944252,-0.258766493017519
28.75,0.9584,1.1923,0.223092244169145,-0.258842253766645
28.76,0.9586,1.1953,0.223074157335603,-0.258905147912932
28.77,0.959,1.1954,0.223049028450679,-0.25899252890545
28.78,0.9592,1.1942,0.223022941646868,-0.259083239908998
28.79,0.9596,1.1948,0.22299453388561,-0.259182020394122
28.8,0.9599,1.1954,0.222986464664843,-0.259210078763388
28.81,0.9603,1.1945,0.222958137106507,-0.259308578861399
28.82,0.9606,1.193,0.222946519757217,-0.259348974170504
28.83,0.961,1.1937,0.222909886555555,-0.259476352156737
28.84,0.9614,1.1976,0.222892536075343,-0.259536681152141
28.85,0.9618,1.1985,0.222853887189324,-0.259671064817963
28.86,0.9622,1.1951,0.222830893925494,-0.259751012250608
28.87,0.9625,1.1927,0.222809089442585,-0.259826825588587
28.88,0.9629,1.1939,0.222787399511497,-0.259902239947722
28.89,0.9631,1.197,0.222763305640021,-0.259986011835021
28.9,0.9635,1.1982,0.222757100341672,-0.260007586875687
28.91,0.9637,1.1985,0.222731822211777,-0.260095475169801
28.92,0.964,1.2001,0.222697187367882,-0.260215893855204
28.93,0.9643,1.2015,0.222673407624535,-0.260298570434552
28.94,0.9646,1.2016,0.222655689996736,-0.260360169927669
28.95,0.965,1.2001,0.22263323869406,-0.260438226496638
28.96,0.9653,1.1992,0.222619269893717,-0.260486791532301
28.97,0.9657,1.1994,0.222610073234779,-0.260518765208822
28.98,0.966,1.2004,0.222586683637242,-0.260600082383856
28.99,0.9664,1.2024,0.222566974871568,-0.260668602019026
29,0.9668,1.2057,0.222535426530489,-0.260778282029648
29.01,0.9671,1.2086,0.22250633382067,-0.260879423582916
29.02,0.9675,1.2078,0.22249155065174,-0.260930817177584
29.03,0.9678,1.2055,0.222471970289161,-0.260998887696462
29.04,0.9682,1.2049,0.222450044522653,-0.261075111276617
29.05,0.9684,1.206,0.222419785545239,-0.26118030360349
29.06,0.9688,1.2071,0.222399172627541,-0.261251961599672
29.07,0.969,1.2073,0.222379792693764,-0.261319332731507
29.08,0.9692,1.2084,0.22235805168285,-0.261394911106677
29.09,0.9696,1.2097,0.22232911772428,-0.261495493291667
29.1,0.9699,1.2103,0.222300260559688,-0.261595807306815
29.11,0.9703,1.2104,0.222263137374228,-0.261724854093405
29.12,0.9705,1.2118,0.222235662585436,-0.261820360048092
29.13,0.9709,1.2135,0.222208193034968,-0.261915846695576
29.14,0.9714,1.2121,0.222179572835485,-0.262015331935407
29.15,0.9717,1.2103,0.222161670822669,-0.262077559618267
29.16,0.9721,1.2118,0.222143722176029,-0.262139948932905
29.17,0.9724,1.2156,0.222118557169706,-0.262227421451669
29.18,0.9728,1.2169,0.222077855853783,-0.262368895588226
29.19,0.9731,1.2146,0.2220515787261,-0.262460231255204
29.2,0.9734,1.214,0.222024081596576,-0.262555806404427
29.21,0.9736,1.216,0.221992929045483,-0.262664085822081
29.22,0.974,1.2174,0.221955746381672,-0.26279332273725
29.23,0.9742,1.2162,0.221937636055134,-0.26285626862142
29.24,0.9745,1.214,0.221906342864723,-0.262965032931555
29.25,0.9748,1.2135,0.221870238610769,-0.263090517065094
29.26,0.9751,1.214,0.221848506488459,-0.263166048428587
29.27,0.9755,1.2153,0.22179123336222,-0.263365101504391
29.28,0.9758,1.2181,0.221757968097001,-0.263480712932097
29.29,0.9762,1.2203,0.221709232286472,-0.263650088402435
29.3,0.9766,1.2185,0.221679680834804,-0.263752789249416
29.31,0.977,1.2166,0.221633634858888,-0.263912811368258
29.32,0.9773,1.217,0.221579573177872,-0.264100686276608
29.33,0.9777,1.2198,0.221518620223858,-0.264312504607144
29.34,0.9781,1.2214,0.221491225466173,-0.264407702693085
29.35,0.9784,1.2212,0.221441232577818,-0.264581427544463
29.36,0.9788,1.2223,0.221435462382162,-0.264601478690099
29.37,0.9792,1.2252,0.221409334689148,-0.264692270530075
29.38,0.9795,1.2273,0.221395078541775,-0.264741809190524
29.39,0.9797,1.2256,0.221350882909548,-0.264895382633658
29.4,0.9801,1.2245,0.221334134600243,-0.26495357984895
29.41,0.9803,1.2242,0.221303097277754,-0.265061427611005
29.42,0.9807,1.2236,0.221275806107019,-0.265156257175093
29.43,0.9809,1.2233,0.221241371175475,-0.265275907863606
29.44,0.9812,1.2255,0.22122233402177,-0.265342055317903
29.45,0.9815,1.2284,0.221163964402841,-0.265544866054243
29.46,0.9819,1.2298,0.221128495658484,-0.265668103125872
29.47,0.9822,1.23,0.221075187653598,-0.265853319729826
29.48,0.9825,1.2303,0.22104707674394,-0.265950988335642
29.49,0.9829,1.2314,0.221028460070301,-0.266015669514688
29.5,0.9833,1.2321,0.220993115142213,-0.266138469422585
29.51,0.9836,1.2316,0.220969745806685,-0.266219661184699
29.52,0.984,1.2298,0.220957024170024,-0.266263859458796
29.53,0.9843,1.2293,0.220953624535146,-0.266275670634615
29.54,0.9847,1.23,0.220966557563492,-0.266230737992768
29.55,0.9851,1.2302,0.220946993529705,-0.266298708345883
29.56,0.9854,1.2316,0.220955893488332,-0.266267787729649
29.57,0.9856,1.2332,0.220914579496825,-0.266411321589261
29.58,0.9859,1.2333,0.220842732090757,-0.266660929311459
29.59,0.9862,1.2326,0.220818835157073,-0.266743948866557
29.6,0.9866,1.2332,0.220751194007696,-0.266978934268699
29.61,0.9868,1.236,0.220714886048601,-0.267105065401604
29.62,0.9872,1.2375,0.220659899128932,-0.267296082196896
29.63,0.9875,1.2364,0.220612326932718,-0.267461337743563
29.64,0.9879,1.2349,0.220560404586556,-0.267641701017931
29.65,0.9882,1.2349,0.22052314437689,-0.267771129838412
29.66,0.9886,1.2378,0.220502746571557,-0.267841983761659
29.67,0.989,1.2384,0.220541446154017,-0.267707556174939
29.68,0.9893,1.2381,0.220531829141377,-0.267740962211515
29.69,0.9897,1.239,0.220592910223465,-0.267528786257263
29.7,0.99,1.2412,0.220585295441235,-0.267555237847593
29.71,0.9904,1.2433,0.220643733456222,-0.26735223862541
29.72,0.9907,1.2424,0.220675107488152,-0.267243250943965
29.73,0.991,1.2407,0.220708087659071,-0.267128682285087
29.74,0.9912,1.2397,0.220702306438854,-0.267148765577498
29.75,0.9915,1.2395,0.220703321899437,-0.267145237988042
29.76,0.9918,1.241,0.220665869594437,-0.26727534185542
29.77,0.9921,1.2437,0.220640207250379,-0.267364487933807
29.78,0.9925,1.2446,0.220554054284739,-0.267663759868289
29.79,0.9928,1.2439,0.220532589597326,-0.267738320666465
29.8,0.9933,1.2429,0.220461078043294,-0.267986721899717
29.81,0.9937,1.2439,0.220433807320896,-0.268081447027185
29.82,0.994,1.2445,0.220358729063647,-0.268342226521607
29.83,0.9944,1.2438,0.220336212610888,-0.268420434374137
29.84,0.9949,1.243,0.220287513540287,-0.268589581487392
29.85,0.9952,1.2458,0.220267562272357,-0.268658877489641
29.86,0.9956,1.2498,0.220229636911015,-0.268790600651882
29.87,0.9959,1.2522,0.220210732620651,-0.268856258649904
29.88,0.9962,1.2521,0.220189099881307,-0.268931392404401
29.89,0.9965,1.2513,0.220158991854073,-0.269035960975376
29.9,0.9969,1.2517,0.220157133257694,-0.269042416046845
29.91,0.9971,1.2512,0.220124079779412,-0.269157212894961
29.92,0.9975,1.2495,0.220110177101825,-0.269205497310756
29.93,0.9978,1.2485,0.220072417752921,-0.269336635243438
29.94,0.998,1.2494,0.220030004643392,-0.2694839331809
29.95,0.9984,1.2515,0.22003991338956,-0.269449520991731
29.96,0.9987,1.2524,0.220009041768796,-0.269556734899187
29.97,0.9991,1.2544,0.219969837561494,-0.269692885011474
29.98,0.9995,1.2571,0.219975869543279,-0.269671937022611
29.99,0.9999,1.2574,0.219991088623297,-0.269619083657416
30,1.0003,1.256,0.220008278829817,-0.269559384488865
30.01,1.0006,1.2528,0.220005955424395,-0.269567453374082
30.02,1.001,1.2508,0.219979659887271,-0.269658773811954
30.03,1.0013,1.251,0.219961681927398,-0.269721207979157
30.04,1.0016,1.2527,0.219937788728279,-0.269804183963761
30.05,1.0019,1.2563,0.219926908922735,-0.26984196693312
30.06,1.0023,1.2596,0.219905376582913,-0.269916743105905
30.07,1.0025,1.2599,0.219869544985961,-0.270041175357739
30.08,1.0029,1.259,0.219833855705083,-0.270165111534716
30.09,1.0031,1.2594,0.219780392047714,-0.270350768335851
30.1,1.0034,1.2614,0.219742720572228,-0.270481583035738
30.11,1.0037,1.2617,0.219692145230666,-0.270657203340174
30.12,1.0039,1.2589,0.219662107201411,-0.270761507111924
30.13,1.0043,1.2587,0.219611865566626,-0.270935962764717
30.14,1.0047,1.2624,0.2196057681018,-0.270957134939439
30.15,1.0049,1.2653,0.21957098533351,-0.271077909814068
30.16,1.0052,1.2643,0.219551842789307,-0.271144376987624
30.17,1.0056,1.2606,0.219510069310391,-0.271289421954631
30.18,1.006,1.2596,0.219477994058374,-0.271400791228213
30.19,1.0063,1.2609,0.21944004631607,-0.271532548590208
30.2,1.0067,1.2606,0.21941183284984,-0.27163050647153
30.21,1.007,1.2599,0.219380099031333,-0.271740685724993
30.22,1.0074,1.2614,0.21935437082162,-0.271830012537832
30.23,1.0078,1.2646,0.219333320345622,-0.271903097822482
30.24,1.0081,1.2672,0.219303982955567,-0.27200495342443
30.25,1.0084,1.2681,0.219280625260362,-0.272086047409864
30.26,1.0087,1.2691,0.219258401643961,-0.272163203328971
30.27,1.009,1.2698,0.219220576769505,-0.272294522023679
30.28,1.0093,1.2687,0.219205484026317,-0.272346919749397
30.29,1.0096,1.2672,0.219175909728435,-0.272449592368373
30.3,1.01,1.2683,0.219136837576875,-0.272585236587018
30.31,1.0103,1.2694,0.219113313266202,-0.272666903319816
30.32,1.0107,1.2692,0.21907555281902,-0.2727979903839
30.33,1.0109,1.2697,0.219051018728402,-0.272883160455868
30.34,1.0113,1.2733,0.219018299655369,-0.272996743326222
30.35,1.0116,1.2746,0.218981991937347,-0.273122782205279
30.36,1.012,1.2743,0.218950570815351,-0.273231856173819
30.37,1.0123,1.2746,0.218938278985389,-0.273274525128054
30.38,1.0127,1.2758,0.218915338809825,-0.27335415737901
30.39,1.013,1.2759,0.218890108604886,-0.273441738128483
30.4,1.0134,1.2734,0.21885900015634,-0.273549722551957
30.41,1.0136,1.2704,0.218823180550073,-0.273674058723254
30.42,1.014,1.2715,0.218801735213604,-0.273748498377134
30.43,1.0142,1.2752,0.218770795749017,-0.273855892252933
30.44,1.0146,1.277,0.218749481680753,-0.273929874638031
30.45,1.0149,1.277,0.218725771420942,-0.274012173569985
30.46,1.0153,1.2775,0.218697355199635,-0.274110805942059
30.47,1.0156,1.2774,0.218676103022769,-0.27418457123332
30.48,1.016,1.2773,0.218652506406838,-0.274266473192397
30.49,1.0165,1.2777,0.218618362065884,-0.274384984026869
30.5,1.0168,1.2786,0.218579589485968,-0.274519556860858
30.51,1.0172,1.2803,0.218543358451915,-0.274645306461717
30.52,1.0175,1.2816,0.218521679176686,-0.274720549337353
30.53,1.0179,1.2825,0.218495472395264,-0.274811505046275
30.54,1.0182,1.2829,0.218472914061526,-0.274889797312633
30.55,1.0186,1.2821,0.218455156601405,-0.274951426867886
30.56,1.0188,1.2808,0.218438523147679,-0.275009154998794
30.57,1.0192,1.2809,0.218418400488561,-0.275078992243017
30.58,1.0195,1.2826,0.218391154560412,-0.275173550406402
30.59,1.0198,1.2841,0.218367677564154,-0.275255027465537
30.6,1.0201,1.2839,0.218341808419126,-0.275344805565105
30.61,1.0205,1.2847,0.218312457021294,-0.275446667543266
30.62,1.0208,1.288,0.218285608751166,-0.275539841496299
30.63,1.0212,1.2917,0.218239929743875,-0.275698363036248
30.64,1.0215,1.2921,0.218205186126701,-0.275818933061618
30.65,1.0219,1.2897,0.218162393765809,-0.275967432060826
30.66,1.0222,1.2874,0.218134121969128,-0.276065540018255
30.67,1.0226,1.2882,0.218116677847901,-0.276126073516024
30.68,1.023,1.2898,0.218099345158238,-0.276186219893528
30.69,1.0233,1.2902,0.218083203607007,-0.276242232494952
30.7,1.0237,1.291,0.218071758680695,-0.276281947166019
30.71,1.0239,1.2939,0.2180626143278,-0.276313678554565
30.72,1.0242,1.2967,0.218067617220302,-0.27629631826782
30.73,1.0246,1.2957,0.218060539691263,-0.276320877636267
30.74,1.025,1.2927,0.21806408062178,-0.276308590445013
30.75,1.0252,1.2919,0.218048405967015,-0.276362982077744
30.76,1.0254,1.2933,0.218000680592993,-0.276528588698021
30.77,1.0258,1.2941,0.217973431134974,-0.276623142590731
30.78,1.026,1.2927,0.217933279796949,-0.276762463225878
30.79,1.0264,1.2914,0.21789568072286,-0.276892925670533
30.8,1.0266,1.292,0.217871360380128,-0.276977312064661
30.81,1.027,1.295,0.217859013670857,-0.277020152179925
30.82,1.0273,1.297,0.217849006852972,-0.277054873271869
30.83,1.0277,1.2977,0.217866229235216,-0.276995115931775
30.84,1.028,1.2965,0.21784981814288,-0.277052058309345
30.85,1.0284,1.2946,0.21787601682262,-0.276961155270328
30.86,1.0287,1.2964,0.217855325640554,-0.277032948716239
30.87,1.0291,1.3007,0.217877194657865,-0.276957068445449
30.88,1.0294,1.3025,0.217848723934231,-0.277055854925238
30.89,1.0298,1.2993,0.217839273780451,-0.277088644398194
30.9,1.0302,1.2951,0.217800126618643,-0.277224473061842
30.91,1.0304,1.2924,0.217767190991531,-0.277338747879727
30.92,1.0307,1.2941,0.217736842583654,-0.277444044581026
30.93,1.031,1.298,0.21770662911129,-0.277548871783147
30.94,1.0313,1.3007,0.217592456844669,-0.277944986396795
30.95,1.0316,1.3018,0.217543293543164,-0.278115550034099
30.96,1.0319,1.3009,0.217529884238163,-0.278162070707861
30.97,1.0323,1.3007,0.217498397972248,-0.278271304449211
30.98,1.0326,1.302,0.217451487335457,-0.278434046527997
30.99,1.0329,1.3041,0.217458017385947,-0.278411392710202
31,1.0332,1.3042,0.217446372768196,-0.278451789758757
31.01,1.0336,1.3019,0.217419258600193,-0.278545852398507
31.02,1.0339,1.2999,0.217400541754698,-0.278610782992127
31.03,1.0344,1.3004,0.21746572769674,-0.278384644295897
31.04,1.0348,1.3049,0.217413583673365,-0.278565539336277
31.05,1.0351,1.3077,0.217397186723374,-0.278622421874874
31.06,1.0355,1.3082,0.217344965538272,-0.27880357940481
31.07,1.0357,1.3085,0.217137817604303,-0.27952214549944
31.08,1.0361,1.3081,0.217043030798165,-0.279850926405782
31.09,1.0363,1.3069,0.216862501752437,-0.280477079868148
31.1,1.0366,1.3074,0.216794088371126,-0.28071435496112
31.11,1.037,1.3089,0.216687079375431,-0.281085475898967
31.12,1.0372,1.3094,0.216649881006923,-0.281214480728181
31.13,1.0376,1.307,0.216605590258862,-0.281368079482123
31.14,1.0379,1.3053,0.216603031914771,-0.281376951642406
31.15,1.0383,1.3081,0.2165954874595,-0.281403115235987
31.16,1.0388,1.3137,0.216673014752646,-0.281134252582143
31.17,1.0391,1.3151,0.216672217863862,-0.281137016216233
31.18,1.0395,1.3124,0.216750505702113,-0.280865507257875
31.19,1.0398,1.3101,0.216635870411469,-0.281263069287209
31.2,1.0402,1.3118,0.216703981669116,-0.281026857678342
31.21,1.0405,1.3135,0.216618014456067,-0.281324993090951
31.22,1.0408,1.3143,0.216625240675382,-0.281299932880943
31.23,1.0411,1.3144,0.216577601156818,-0.281465143235269
31.24,1.0414,1.3148,0.216556483713648,-0.281538375925807
31.25,1.0417,1.315,0.216534217083087,-0.281615593156266
31.26,1.0421,1.3156,0.216471517152879,-0.281833022953324
31.27,1.0423,1.3182,0.216448419002118,-0.281913120907768
31.28,1.0427,1.3203,0.21649415488658,-0.281754520846463
31.29,1.043,1.3209,0.21648346616382,-0.281791586807366
31.3,1.0434,1.3203,0.216540266334346,-0.281594615359754
31.31,1.0437,1.3199,0.216522602152,-0.281655871655318
31.32,1.0441,1.3211,0.21655460266882,-0.281544899126099
31.33,1.0443,1.3222,0.216547881739452,-0.281568206326933
31.34,1.0447,1.3208,0.216529137631607,-0.281633207807579
31.35,1.045,1.32,0.216429838665824,-0.281977551778383
31.36,1.0454,1.3227,0.216390735678616,-0.282113147232034
31.37,1.0457,1.3256,0.216249862792653,-0.282601626644773
31.38,1.0461,1.3247,0.216244340454894,-0.282620774870035
31.39,1.0464,1.3222,0.216136494917775,-0.282994711016412
31.4,1.0468,1.323,0.21609232271262,-0.283147865794408
31.41,1.0472,1.3255,0.216080229036371,-0.283189796744195
31.42,1.0474,1.3267,0.216033545184957,-0.28335165606131
31.43,1.0476,1.3262,0.215938428251964,-0.283681429741625
31.44,1.048,1.3267,0.215889196718253,-0.283852112013335
31.45,1.0482,1.3276,0.215879390007336,-0.283886110772163
31.46,1.0486,1.3277,0.215900122210799,-0.283814234400848
31.47,1.0489,1.3274,0.215875263481183,-0.283900416930473
31.48,1.0493,1.327,0.215867044304544,-0.283928911730793
31.49,1.0495,1.3266,0.215826554272704,-0.284069283896539
31.5,1.0499,1.327,0.215853745424132,-0.283975016986105
31.51,1.0502,1.3292,0.215773570525516,-0.284252966094156
31.52,1.0506,1.3319,0.215770963160136,-0.284262005112035
31.53,1.0509,1.3324,0.215750196571124,-0.284333996806675
31.54,1.0514,1.3316,0.215726980091237,-0.28441448081703
31.55,1.0518,1.3316,0.215696597421244,-0.284519806505635
31.56,1.0521,1.3331,0.215627012659914,-0.284761026575089
31.57,1.0525,1.3337,0.215594520984956,-0.284873658661802
31.58,1.0528,1.3329,0.215492106330057,-0.285228668092827
31.59,1.0531,1.3337,0.215468700144826,-0.285309800993125
31.6,1.0533,1.3353,0.215458313778758,-0.28534580301749
31.61,1.0536,1.336,0.215431071900427,-0.285440230177843
31.62,1.0539,1.336,0.215404968606609,-0.285530709710844
31.63,1.0542,1.3352,0.215388379872418,-0.285588209256328
31.64,1.0545,1.3362,0.215374232615957,-0.285637245884521
31.65,1.0548,1.3367,0.215370550655231,-0.285650008095119
31.66,1.0552,1.3351,0.215346339536259,-0.285733926860377
31.67,1.0555,1.333,0.215325551939714,-0.285805978591255
31.68,1.0559,1.3349,0.215315453696651,-0.285840979809082
31.69,1.0564,1.3392,0.215299183402591,-0.28589737347722
31.7,1.0567,1.3422,0.215285159919322,-0.285945979276944
31.71,1.0571,1.3414,0.215263835934794,-0.286019888279756
31.72,1.0574,1.3404,0.215241348159239,-0.286097830272537
31.73,1.0578,1.3404,0.21521528920644,-0.286188148948052
31.74,1.0582,1.3418,0.215193963354211,-0.286262062265586
31.75,1.0585,1.3431,0.215178465073061,-0.28631577737847
31.76,1.0587,1.345,0.2151687032084,-0.28634961060739
31.77,1.0591,1.3453,0.215143322630131,-0.286437575421256
31.78,1.0594,1.3444,0.215141775123358,-0.286442938789173
31.79,1.0598,1.3426,0.215094784678701,-0.286605797195379
31.8,1.06,1.3422,0.215071610434128,-0.286686112783393
31.81,1.0604,1.343,0.215030461263377,-0.286828722628012
31.82,1.0608,1.3425,0.215009476029259,-0.286901449782926
31.83,1.0612,1.3404,0.214981195606798,-0.2869994583864
31.84,1.0616,1.3409,0.214962283074261,-0.287065000993601
31.85,1.0619,1.345,0.214945629523134,-0.28712271452535
31.86,1.0623,1.3491,0.21491565066906,-0.287226606402341
31.87,1.0627,1.3497,0.214880861670581,-0.287347166228318
31.88,1.063,1.3513,0.214848449492273,-0.287459487705509
31.89,1.0632,1.3526,0.214830383270492,-0.287522093905323
31.9,1.0636,1.35,0.214803921755612,-0.287613792075108
31.91,1.0639,1.3458,0.214773772613209,-0.287718267895378
31.92,1.0642,1.3441,0.214745930064898,-0.287814749506102
31.93,1.0645,1.3459,0.214718149837384,-0.287911014040229
31.94,1.0649,1.3487,0.214670118654738,-0.288077449904294
31.95,1.0652,1.3515,0.214651912747061,-0.288140535463854
31.96,1.0655,1.3529,0.214635965606306,-0.288195793742414
31.97,1.0659,1.3531,0.214616400098831,-0.288263589484328
31.98,1.0663,1.3525,0.214612252352543,-0.288277961620792
31.99,1.0666,1.3515,0.214620876718722,-0.288248077757366
32,1.067,1.3508,0.214599387614774,-0.288322538385291
32.01,1.0673,1.3526,0.214602569799539,-0.288311512026542
32.02,1.0677,1.3547,0.214594778290337,-0.288338509796704
32.03,1.068,1.3549,0.21457969690205,-0.288390766926617
32.04,1.0684,1.3546,0.214537150204522,-0.288538189795339
32.05,1.0688,1.3558,0.214479354109795,-0.288738447110793
32.06,1.069,1.3572,0.214445517458023,-0.288855685262156
32.07,1.0693,1.3575,0.214421145812632,-0.288940127774868
32.08,1.0697,1.3571,0.214393158936944,-0.289037095222567
32.09,1.0699,1.357,0.214382881814698,-0.289072702567843
32.1,1.0702,1.3572,0.214333493748658,-0.289243816227187
32.11,1.0705,1.3567,0.214320016011183,-0.289290511610684
32.12,1.0708,1.3584,0.214340740617696,-0.289218708393253
32.13,1.071,1.3604,0.214326516022222,-0.289267991505495
32.14,1.0714,1.3608,0.214331306660456,-0.289251393698071
32.15,1.0717,1.3602,0.214314468175077,-0.289309732737758
32.16,1.0719,1.3596,0.21428080338404,-0.289426367388115
32.17,1.0723,1.3614,0.214241351368711,-0.289563050301357
32.18,1.0727,1.3635,0.214212734263522,-0.289662193872086
32.19,1.073,1.362,0.214179429161956,-0.289777577449414
32.2,1.0734,1.3591,0.214142833047442,-0.289904360696905
32.21,1.0737,1.3592,0.21411131572071,-0.290013547484045
32.22,1.0741,1.3623,0.214072922735359,-0.2901465519587
32.23,1.0744,1.3656,0.213980236582831,-0.290467634971206
32.24,1.0748,1.3663,0.213961879739076,-0.2905312252032
32.25,1.0751,1.3657,0.213983796010978,-0.290455304643555
32.26,1.0754,1.3653,0.213984037587159,-0.290454467791201
32.27,1.0757,1.3647,0.21395561958829,-0.290552910978737
32.28,1.076,1.3652,0.213947422950762,-0.290581304848272
32.29,1.0763,1.3664,0.213931882546817,-0.290635137900204
32.3,1.0765,1.3666,0.213938860736578,-0.290610965003472
32.31,1.0769,1.3656,0.213912413554496,-0.290702579365164
32.32,1.0773,1.366,0.21380307741068,-0.291081314491703
32.33,1.0776,1.3683,0.213758743046944,-0.291234881657784
32.34,1.078,1.3711,0.213663863239999,-0.291563520619789
32.35,1.0783,1.3717,0.213605419136162,-0.291765949302721
32.36,1.0787,1.3702,0.213537962187461,-0.291999588989238
32.37,1.079,1.3698,0.213479299279383,-0.2922027648307
32.38,1.0794,1.3711,0.213470945129645,-0.292231698575947
32.39,1.0797,1.3707,0.213450617441207,-0.292302101028957
32.4,1.0801,1.371,0.213471876373738,-0.292228473312047
32.41,1.0804,1.3722,0.213400182415994,-0.292476773963897
32.42,1.0807,1.3741,0.213410993187704,-0.292439333046924
32.43,1.081,1.3745,0.213530548107888,-0.292025267531846
32.44,1.0814,1.3754,0.213537334668189,-0.292001762394992
32.45,1.0817,1.3779,0.213676577602715,-0.291519482131832
32.46,1.0821,1.3809,0.213624364285606,-0.29170033087845
32.47,1.0823,1.3809,0.213656751627327,-0.291588152870635
32.48,1.0827,1.3768,0.213582949462167,-0.291843774597699
32.49,1.083,1.3746,0.213553486255666,-0.291945821376777
32.5,1.0834,1.3767,0.213580850328061,-0.291851045058877
32.51,1.0837,1.3785,0.213614785612968,-0.291733507636279
32.52,1.0842,1.378,0.213528497735471,-0.292032368948932
32.53,1.0846,1.3758,0.213555577955034,-0.291938576749053
32.54,1.0849,1.3756,0.213397235585048,-0.292486979686358
32.55,1.0853,1.377,0.213444433081022,-0.292323519682485
32.56,1.0856,1.3782,0.213346283436904,-0.292663439631605
32.57,1.0859,1.3798,0.213387965822487,-0.292519083456222
32.58,1.0861,1.3816,0.213324734678449,-0.292738067204367
32.59,1.0865,1.3822,0.213376049123155,-0.292560354122767
32.6,1.0868,1.381,0.213298335723318,-0.292829491042771
32.61,1.0872,1.381,0.213299509832949,-0.292825424933221
32.62,1.0875,1.3838,0.213198422753155,-0.293175496638756
32.63,1.0878,1.3857,0.213184752947106,-0.293222835008844
32.64,1.0882,1.3856,0.21314485903462,-0.293360985590856
32.65,1.0886,1.3851,0.213055616316492,-0.293670020230113
32.66,1.0889,1.3866,0.213025211605665,-0.293775304719309
32.67,1.0893,1.3877,0.212997252519887,-0.293872119393578
32.68,1.0897,1.3884,0.212950144302493,-0.294035239720177
32.69,1.09,1.3885,0.212911446382235,-0.294169235540729
32.7,1.0902,1.3886,0.212871690249481,-0.294306893282809
32.71,1.0906,1.3893,0.212835721698853,-0.294431434348567
32.72,1.091,1.3888,0.212951840249803,-0.294029367265858
32.73,1.0913,1.3905,0.212943093724629,-0.294059653285705
32.74,1.0915,1.3941,0.213024405379729,-0.29377809647526
32.75,1.0919,1.3948,0.213025088051655,-0.293775732555571
32.76,1.0921,1.391,0.21301124592471,-0.293823664197717
32.77,1.0924,1.3872,0.213115866451469,-0.293461383981162
32.78,1.0927,1.3884,0.213099336826024,-0.293518623862014
32.79,1.093,1.3919,0.213018922748379,-0.293797081412249
32.8,1.0932,1.3933,0.213015175637929,-0.293810056663381
32.81,1.0935,1.3923,0.212912755781595,-0.294164701636317
32.82,1.0939,1.3925,0.212910916227365,-0.294171071245442
32.83,1.0943,1.394,0.21286628142553,-0.29432562144916
32.84,1.0946,1.3947,0.212846816181703,-0.294393019913882
32.85,1.095,1.3963,0.212750326110705,-0.294727108979684
32.86,1.0953,1.3984,0.212656034931492,-0.295053571550112
32.87,1.0957,1.3992,0.212652652631619,-0.295065281784213
32.88,1.096,1.3978,0.212575739167487,-0.295331567920281
32.89,1.0963,1.3948,0.212500591716495,-0.295591731586079
32.9,1.0967,1.3935,0.212473536722442,-0.295685395124599
32.91,1.097,1.3943,0.212488159127174,-0.295634772950757
32.92,1.0974,1.3945,0.212468071277411,-0.295704316194881
32.93,1.0977,1.3945,0.212449123467788,-0.295769912135799
32.94,1.098,1.3982,0.212400395394495,-0.295938602802309
32.95,1.0983,1.4029,0.212346009167874,-0.296126877252796
32.96,1.0986,1.4045,0.2122957198259,-0.296300965285862
32.97,1.0989,1.403,0.212270627475291,-0.296387826815832
32.98,1.0992,1.4014,0.212255059847662,-0.296441716405178
32.99,1.0996,1.4008,0.212227571194084,-0.296536871490237
33,1.0999,1.4007,0.212194442125896,-0.29665155005681
33.01,1.1003,1.4002,0.212170994304145,-0.296732715358453
33.02,1.1006,1.4015,0.212122666216918,-0.296900001898564
33.03,1.101,1.4032,0.212094716413489,-0.296996747946081
33.04,1.1012,1.4045,0.212076360581309,-0.297060284601781
33.05,1.1017,1.4038,0.212043774923101,-0.297173075005301
33.06,1.102,1.403,0.212010115249135,-0.297289581342462
33.07,1.1024,1.4032,0.21196715787162,-0.297438267471377
33.08,1.1028,1.4038,0.211963786192783,-0.29744993757445
33.09,1.1031,1.4044,0.211909384156735,-0.297638232408667
33.1,1.1033,1.4044,0.211894593392144,-0.297689425057372
33.11,1.1037,1.4056,0.211847695983943,-0.29785174064273
33.12,1.1041,1.4073,0.211813955658513,-0.297968516572393
33.13,1.1043,1.4069,0.211792259097755,-0.298043607926337
33.14,1.1046,1.4077,0.211761066223264,-0.298151564635815
33.15,1.1049,1.4085,0.211738226769575,-0.298230609753755
33.16,1.1052,1.4077,0.211701082771565,-0.298359159891745
33.17,1.1056,1.4064,0.211689069427866,-0.298400735952988
33.18,1.1059,1.4088,0.211632974092616,-0.29859486924171
33.19,1.1063,1.4132,0.211609195696183,-0.298677159529814
33.2,1.1067,1.4147,0.211560448743156,-0.298845856357776
33.21,1.107,1.4137,0.2115382848154,-0.298922557129947
33.22,1.1074,1.4128,0.211501950934554,-0.29904829308716
33.23,1.1077,1.4143,0.211484856562698,-0.299107448706555
33.24,1.1081,1.4153,0.211454675296526,-0.299211890910281
33.25,1.1083,1.4141,0.211431709479845,-0.299291363185214
33.26,1.1087,1.4118,0.211415847389035,-0.299346252860505
33.27,1.1089,1.4115,0.211389308128132,-0.299438089336041
33.28,1.1092,1.4142,0.211357986070363,-0.299546474895292
33.29,1.1096,1.4159,0.21136374946689,-0.299526531581661
33.3,1.11,1.416,0.211338450349395,-0.299614074781943
33.31,1.1103,1.4153,0.211321710492856,-0.29967199963837
33.32,1.1107,1.4152,0.211293119316022,-0.299770932632926
33.33,1.111,1.4156,0.211280011499018,-0.299816288733644
33.34,1.1114,1.4172,0.211256178684387,-0.299898755188727
33.35,1.1117,1.4178,0.211220645886589,-0.300021704474948
33.36,1.1121,1.4178,0.211178055620386,-0.300169071350873
33.37,1.1124,1.4178,0.211135633176524,-0.300315854937774
33.38,1.1128,1.4183,0.211107639182042,-0.300412714008771
33.39,1.1131,1.4176,0.211119966848378,-0.300370060488801
33.4,1.1135,1.4174,0.211096285811091,-0.300451996288699
33.41,1.1139,1.4182,0.211137975502817,-0.300307750450005
33.42,1.1142,1.4211,0.211101840206778,-0.300432778290544
33.43,1.1146,1.4267,0.211088360475313,-0.300479417572352
33.44,1.1148,1.4288,0.211057124163386,-0.300587492837463
33.45,1.115,1.4275,0.211011713591199,-0.300744607451104
33.46,1.1154,1.4257,0.211018758281443,-0.30072023394367
33.47,1.1156,1.4262,0.210991133459334,-0.300815811022331
33.48,1.116,1.4261,0.210947235518737,-0.300967687991695
33.49,1.1163,1.4236,0.210926190906452,-0.30104049661437
33.5,1.1166,1.421,0.210862532258757,-0.301260734289552
33.51,1.1169,1.4224,0.210855071539946,-0.301286545503346
33.52,1.1173,1.4276,0.21080605947828,-0.301456106361609
33.53,1.1176,1.4296,0.210803566810409,-0.301464729838032
33.54,1.118,1.4287,0.210793887068825,-0.301498217175887
33.55,1.1183,1.4286,0.210757990865127,-0.301622399918919
33.56,1.1187,1.4305,0.210761307173796,-0.301610927243166
33.57,1.119,1.4314,0.210767540610642,-0.301589362802254
33.58,1.1194,1.4306,0.210747282218064,-0.301659446071119
33.59,1.1198,1.4305,0.210717316391563,-0.301763110813722
33.6,1.1201,1.4311,0.210693395776667,-0.301845861626069
33.61,1.1203,1.4301,0.210597348090444,-0.302178120015164
33.62,1.1207,1.4292,0.210555460336346,-0.302323018423682
33.63,1.1209,1.4299,0.210501917356474,-0.302508230979327
33.64,1.1213,1.4313,0.210478408114655,-0.302589551382486
33.65,1.1215,1.4333,0.210477324456829,-0.302593299824887
33.66,1.1219,1.4349,0.210461452715784,-0.302648201007751
33.67,1.1222,1.4363,0.210483408058845,-0.302572256230687
33.68,1.1226,1.4373,0.210498942017386,-0.302518522966342
33.69,1.1229,1.4366,0.210498590518643,-0.302519738833802
33.7,1.1233,1.4347,0.210598756784358,-0.302173247007388
33.71,1.1237,1.4349,0.210599150932445,-0.302171883554764
33.72,1.124,1.4371,0.210666542219312,-0.301938757654748
33.73,1.1244,1.4369,0.210649847119761,-0.301996511431056
33.74,1.1247,1.4351,0.21071853211205,-0.301758905136469
33.75,1.1252,1.4371,0.210649758529628,-0.30199681789205
33.76,1.1255,1.4417,0.210653641296975,-0.301983386174083
33.77,1.1258,1.4447,0.210652278181898,-0.301988101621925
33.78,1.126,1.4421,0.210663666380623,-0.301948706144308
33.79,1.1264,1.4375,0.21051584537592,-0.302460052436668
33.8,1.1267,1.4374,0.210524730053426,-0.302429319219019
33.81,1.127,1.4429,0.21047160135401,-0.302613096378982
33.82,1.1273,1.4453,0.210510178495029,-0.302479654831304
33.83,1.1277,1.4432,0.210461341199621,-0.302648586746707
33.84,1.128,1.4413,0.210475379699707,-0.302600026861106
33.85,1.1284,1.4411,0.210359466025462,-0.303000969625898
33.86,1.1287,1.4444,0.210312303073903,-0.3031640996491
33.87,1.1291,1.4479,0.210176549859346,-0.303633633013909
33.88,1.1294,1.4464,0.210179548922078,-0.303623260360912
33.89,1.1299,1.4408,0.210063526710389,-0.304024528974553
33.9,1.1303,1.4375,0.210140674994826,-0.303757709945289
33.91,1.1306,1.4418,0.210041356850856,-0.304101202328862
33.92,1.1309,1.4497,0.210080555203391,-0.303965636298216
33.93,1.1312,1.4542,0.210013779315864,-0.304196576868701
33.94,1.1316,1.4528,0.209934588451863,-0.304470445576231
33.95,1.1318,1.4505,0.209924784571322,-0.304504350070674
33.96,1.1322,1.4499,0.209909006030988,-0.304558916277773
33.97,1.1325,1.4495,0.209925052577725,-0.304503423233237
33.98,1.1329,1.4464,0.209933487141991,-0.304474254213239
33.99,1.1332,1.4442,0.209915397180441,-0.304536814100143
34,1.1336,1.4447,0.209933840733993,-0.304473031393569
34.01,1.1339,1.4469,0.209943467183992,-0.304439740377717
34.02,1.1343,1.4492,0.209958567969876,-0.304387517273927
34.03,1.1346,1.4507,0.209885451827747,-0.304640372036755
34.04,1.135,1.4541,0.209876979988222,-0.30466966937692
34.05,1.1352,1.4569,0.209927703894797,-0.304494254267907
34.06,1.1356,1.4558,0.209943357129787,-0.304440120977374
34.07,1.1359,1.4514,0.209986988731045,-0.304289228757211
34.08,1.1362,1.4503,0.209950215046611,-0.304416404260105
34.09,1.1365,1.4526,0.209922907319297,-0.304510842104658
34.1,1.1369,1.4554,0.209746177829215,-0.305121996633339
34.11,1.1371,1.4555,0.209697915477071,-0.305288886549118
34.12,1.1373,1.4559,0.209543394422722,-0.305823193580919
34.13,1.1376,1.4557,0.209530222283889,-0.305868738960246
34.14,1.1379,1.4554,0.209455299966602,-0.306127793518759
34.15,1.1382,1.4553,0.20941172255724,-0.306278464876903
34.16,1.1385,1.4555,0.209434659864355,-0.306199158181629
34.17,1.1389,1.456,0.2093825129773,-0.306379457117538
34.18,1.1392,1.4563,0.209328473672674,-0.30656629498478
34.19,1.1396,1.4584,0.209250068150533,-0.306837370189195
34.2,1.1399,1.4619,0.20927785283477,-0.306741309871376
34.21,1.1403,1.4646,0.209332216578794,-0.306553354232496
34.22,1.1407,1.4643,0.209347701584834,-0.30649981603914
34.23,1.141,1.462,0.209324649358902,-0.306579517175618
34.24,1.1414,1.4618,0.209304075982994,-0.306650647248435
34.25,1.1417,1.4621,0.209309476073346,-0.306631977118404
34.26,1.1421,1.4604,0.209228144266727,-0.306913167105812
34.27,1.1424,1.4604,0.209208019790633,-0.306982742362732
34.28,1.1428,1.4622,0.209204564394139,-0.306994688458341
34.29,1.143,1.466,0.209192684215253,-0.307035760821182
34.3,1.1432,1.4667,0.20918199812314,-0.307072704792265
34.31,1.1436,1.4639,0.20910368853066,-0.307343431784683
34.32,1.144,1.4621,0.209099623164308,-0.307357486071608
34.33,1.1442,1.4639,0.208993536957743,-0.307724225887286
34.34,1.1445,1.4664,0.208985764950002,-0.307751093064852
34.35,1.1449,1.4669,0.208989610273967,-0.307737800113977
34.36,1.1453,1.4673,0.208975325274717,-0.307787182007731
34.37,1.1456,1.4711,0.208951471305529,-0.307869642270722
34.38,1.146,1.4741,0.208947930358958,-0.307881882821284
34.39,1.1463,1.4736,0.208941879698834,-0.307902799054111
34.4,1.1467,1.4686,0.208989205541841,-0.307739199238782
34.41,1.147,1.4631,0.208969440447124,-0.307807525215488
34.42,1.1475,1.4623,0.208966173472933,-0.307818818767711
34.43,1.1479,1.4658,0.208953274314751,-0.30786340951637
34.44,1.1481,1.4718,0.208923790089959,-0.30796533182851
34.45,1.1484,1.4751,0.208901560808038,-0.308042174118642
34.46,1.1487,1.475,0.208878249642888,-0.308122755502051
34.47,1.149,1.4735,0.208868011440049,-0.308158146387321
34.48,1.1493,1.4733,0.208835079135993,-0.3082719840316
34.49,1.1496,1.4724,0.208821294746336,-0.308319632296458
34.5,1.15,1.4697,0.208805018038612,-0.308375895361698
34.51,1.1503,1.4673,0.208777973159889,-0.308469379501331
34.52,1.1507,1.4687,0.208753283218771,-0.308554722571427
34.53,1.151,1.4738,0.208740578689309,-0.308598636612411
34.54,1.1514,1.4777,0.208719619491851,-0.308671082946778
34.55,1.1517,1.4773,0.208709510228592,-0.308706025807481
34.56,1.1521,1.4761,0.208695785673226,-0.308753464758127
34.57,1.1525,1.4768,0.208659324929301,-0.308879490065951
34.58,1.1528,1.4778,0.208647904134452,-0.308918965256198
34.59,1.153,1.4768,0.208632893472142,-0.308970848289686
34.6,1.1534,1.4765,0.208605940216077,-0.30906400903174
34.61,1.1536,1.4785,0.208585032786243,-0.309136272368579
34.62,1.154,1.4832,0.20856672510684,-0.309199549547369
34.63,1.1543,1.4855,0.208549751910634,-0.309258213894667
34.64,1.1547,1.4844,0.208545838760043,-0.309271738832564
34.65,1.1549,1.4826,0.208531123459685,-0.309322598809733
34.66,1.1553,1.4815,0.208543765396452,-0.309278904945424
34.67,1.1556,1.4805,0.208532466353289,-0.309317957426562
34.68,1.156,1.481,0.208531810401549,-0.309320224563581
34.69,1.1564,1.4823,0.20851793433905,-0.309368183639909
34.7,1.1567,1.4828,0.208518513960252,-0.309366180332389
34.71,1.1571,1.4826,0.208506011062312,-0.309409393187661
34.72,1.1574,1.4827,0.208476958045685,-0.309509806141552
34.73,1.1578,1.4834,0.208447950905328,-0.309610059323204
34.74,1.1581,1.4843,0.208433242913925,-0.309660891961758
34.75,1.1585,1.4837,0.208376140326227,-0.3098582426142
34.76,1.1588,1.4834,0.208348004898639,-0.309955478946942
34.77,1.1592,1.4864,0.208288880255335,-0.310159810613042
34.78,1.1594,1.4889,0.208268209549952,-0.310231246297021
34.79,1.1598,1.4878,0.208211987423922,-0.310425540662177
34.8,1.16,1.4862,0.208187073006263,-0.310511639309441
34.81,1.1604,1.4865,0.208151507624131,-0.310634543753143
34.82,1.1606,1.4883,0.208129103835494,-0.310711964315041
34.83,1.161,1.4885,0.208110455470269,-0.310776406743458
34.84,1.1612,1.4868,0.208092989654191,-0.310836762228031
34.85,1.1615,1.4873,0.20806596401533,-0.310930152103286
34.86,1.1619,1.49,0.208033363247441,-0.311042806008654
34.87,1.1623,1.4934,0.208003428455619,-0.311146246124187
34.88,1.1626,1.4959,0.207939344172655,-0.311367685966361
34.89,1.163,1.4974,0.207905380629374,-0.311485042788285
34.9,1.1633,1.4961,0.20785852301681,-0.311646950740719
34.91,1.1637,1.4915,0.207848797663248,-0.31168055453322
34.92,1.1641,1.4879,0.207843942287082,-0.31169733115278
34.93,1.1645,1.4893,0.207827186874282,-0.311755225311506
34.94,1.1649,1.4972,0.207805771263119,-0.311829221036414
34.95,1.1652,1.5053,0.207847245624001,-0.311685917246438
34.96,1.1654,1.506,0.207828713910207,-0.311749949035692
34.97,1.1658,1.5018,0.207772159876678,-0.311945354558253
34.98,1.166,1.497,0.207771868328992,-0.311946361902002
34.99,1.1663,1.4938,0.207725305898601,-0.312107240951498
35,1.1666,1.4923,0.207700639047914,-0.312192466754278
35.01,1.167,1.4929,0.207639481035599,-0.312403768448921
35.02,1.1673,1.4959,0.207615844743195,-0.312485430688791
35.03,1.1676,1.5002,0.20756741527501,-0.312652749628208
35.04,1.1679,1.504,0.207489571463276,-0.312921685078693
35.05,1.1683,1.5079,0.207476390181928,-0.312967223014583
35.06,1.1686,1.5091,0.207508340337729,-0.312856843013872
35.07,1.169,1.506,0.207475694335247,-0.312969626978883
35.08,1.1693,1.4983,0.207611610722028,-0.312500058940779
35.09,1.1697,1.4934,0.207596487017673,-0.312552310088322
35.1,1.17,1.4933,0.20768823642117,-0.312235318420184
35.11,1.1703,1.4964,0.207679300788878,-0.312266191317723
35.12,1.1706,1.5004,0.207735661631704,-0.312071460862331
35.13,1.1709,1.5041,0.207720186683419,-0.312124928292646
35.14,1.1712,1.5069,0.207741342556525,-0.312051832635642
35.15,1.1715,1.5075,0.207683752822999,-0.312250809410752
35.16,1.1718,1.5058,0.207661134233147,-0.312328956998271
35.17,1.1721,1.5036,0.207585236752893,-0.312591178608629
35.18,1.1724,1.5035,0.207539680505372,-0.312748568943693
35.19,1.1728,1.5045,0.207475451440436,-0.312970466115372
35.2,1.1732,1.5052,0.207424470106559,-0.313146591080902
35.21,1.1736,1.5055,0.207372455444633,-0.313326282018067
35.22,1.1739,1.5092,0.207335079809512,-0.313455398259318
35.23,1.1744,1.5122,0.207311033213216,-0.313538467518951
35.24,1.1748,1.5112,0.207269173170202,-0.313683071558594
35.25,1.1751,1.5073,0.207260802294763,-0.313711988148979
35.26,1.1755,1.5059,0.207223906044605,-0.313839442401948
35.27,1.1758,1.5074,0.207218041412164,-0.313859700983095
35.28,1.1761,1.51,0.20720262724691,-0.313912946899929
35.29,1.1764,1.5124,0.207195485613964,-0.313937616481318
35.3,1.1768,1.5142,0.207176349509663,-0.314003718603595
35.31,1.1771,1.5153,0.207157141384262,-0.314070068978576
35.32,1.1774,1.5155,0.207134335467919,-0.31414884646493
35.33,1.1778,1.5158,0.207103141251776,-0.314256598076955
35.34,1.1781,1.5156,0.207089876984169,-0.314302415319258
35.35,1.1785,1.5133,0.207072984815723,-0.314360763637314
35.36,1.1789,1.5101,0.207089315668954,-0.314304354200602
35.37,1.1793,1.5098,0.207069651720614,-0.314372276645455
35.38,1.1796,1.5141,0.207069039179006,-0.314374392453879
35.39,1.18,1.5201,0.207053932622918,-0.314426572539949
35.4,1.1803,1.5232,0.207051649142661,-0.314434459960707
35.41,1.1806,1.522,0.207046804845763,-0.314451192731202
35.42,1.181,1.5194,0.207059588962784,-0.314407034816238
35.43,1.1813,1.5182,0.207065084281646,-0.314388053235571
35.44,1.1816,1.5174,0.207066900042352,-0.314381781340936
35.45,1.182,1.515,0.207047279668816,-0.314449552638102
35.46,1.1822,1.5148,0.207042933501158,-0.314464564785882
35.47,1.1824,1.5182,0.207022953535101,-0.31453357746657
35.48,1.1827,1.5215,0.206995642068462,-0.314627912908566
35.49,1.183,1.5237,0.206963532809094,-0.314738818839131
35.5,1.1833,1.5253,0.206945823667207,-0.314799985882068
35.51,1.1836,1.5262,0.206910231074869,-0.314922920659325
35.52,1.184,1.5256,0.206874718026377,-0.315045578877036
35.53,1.1843,1.5228,0.206845330988824,-0.315147077143079
35.54,1.1847,1.5198,0.206831641558889,-0.315194357884183
35.55,1.185,1.5195,0.206789452630154,-0.315340068886933
35.56,1.1854,1.5215,0.20677249663512,-0.315398630330109
35.57,1.1857,1.5223,0.206738842711336,-0.315514860697733
35.58,1.1861,1.5241,0.206693193090649,-0.315672517927975
35.59,1.1865,1.526,0.206651265092637,-0.315817319377872
35.6,1.1868,1.5277,0.206621280517079,-0.315920871779207
35.61,1.1872,1.5288,0.20658769924237,-0.316036843923448
35.62,1.1875,1.5286,0.206555331151433,-0.31614862482807
35.63,1.1878,1.5271,0.206523061658815,-0.316260063727679
35.64,1.1881,1.5263,0.20649672517311,-0.316351012573351
35.65,1.1885,1.5283,0.206476507803557,-0.31642082935097
35.66,1.1887,1.5305,0.206450269879695,-0.316511436070989
35.67,1.1891,1.5313,0.20643119342498,-0.316577311658598
35.68,1.1894,1.5314,0.206397713632859,-0.316692924167899
35.69,1.1898,1.53,0.206377380054164,-0.316763139348961
35.7,1.1901,1.5303,0.206353499941758,-0.316845600531828
35.71,1.1905,1.5307,0.206339198307787,-0.316894985569917
35.72,1.1908,1.5297,0.206330849149833,-0.316923815949446
35.73,1.1912,1.529,0.20632720235358,-0.316936408627356
35.74,1.1915,1.5305,0.206313922318547,-0.316982265484087
35.75,1.1919,1.5349,0.20629580046813,-0.317044841046016
35.76,1.1922,1.5386,0.206289504060254,-0.317066582713943
35.77,1.1926,1.5373,0.206259178271453,-0.317171297688848
35.78,1.193,1.5358,0.206244280367507,-0.317222739678731
35.79,1.1933,1.5357,0.206220861080652,-0.317303605087195
35.8,1.1934,1.5358,0.20619250672287,-0.317401509945468
35.81,1.1938,1.535,0.206164027342295,-0.317499845329531
35.82,1.194,1.5357,0.206145077066201,-0.317565277379076
35.83,1.1944,1.5371,0.206112871367041,-0.317676476941843
35.84,1.1946,1.5388,0.206093768100692,-0.31774243583064
35.85,1.195,1.5392,0.206075834962611,-0.317804354075429
35.86,1.1953,1.5383,0.206060360482925,-0.317857782869644
35.87,1.1957,1.5382,0.206042525738048,-0.317919360532502
35.88,1.196,1.5401,0.206024602960155,-0.31798124168361
35.89,1.1964,1.541,0.205998201535885,-0.318072395824401
35.9,1.1967,1.5402,0.205983665381639,-0.318122583243168
35.91,1.1971,1.5395,0.205949829240313,-0.318239404476003
35.92,1.1976,1.5393,0.205944595124518,-0.318257475415918
35.93,1.1979,1.5397,0.205927249387642,-0.318317361804519
35.94,1.1981,1.5414,0.205910972115912,-0.318373558908772
35.95,1.1985,1.5453,0.2059028580222,-0.318401572586851
35.96,1.1989,1.5481,0.205895806156484,-0.318425918875927
35.97,1.1992,1.5483,0.205873061435479,-0.318504443642729
35.98,1.1996,1.5477,0.205874135260473,-0.318500736343964
35.99,1.1998,1.5467,0.20585110527869,-0.31858024523272
36,1.2002,1.5459,0.20584455326373,-0.318602865320701
36.01,1.2005,1.5447,0.20582466552622,-0.318671525098493
36.02,1.2009,1.5441,0.205811823163393,-0.31871586135131
36.03,1.2012,1.5458,0.205780979715861,-0.318822342568613
36.04,1.2016,1.5496,0.205768076637147,-0.318866887621175
36.05,1.2019,1.552,0.205741918941356,-0.318957190599743
36.06,1.2023,1.552,0.205735929495917,-0.318977867540889
36.07,1.2026,1.5507,0.205713057741887,-0.319056825613038
36.08,1.2029,1.5501,0.205705677924231,-0.319082302124258
36.09,1.2032,1.5492,0.20569111354167,-0.31913258086754
36.1,1.2036,1.5493,0.205682471301,-0.319162415218216
36.11,1.2039,1.5524,0.205658342194386,-0.319245712054663
36.12,1.2042,1.5548,0.205636598936088,-0.319320771912048
36.13,1.2045,1.5525,0.205617216840445,-0.319387680230742
36.14,1.2048,1.549,0.205597777317205,-0.319454786250042
36.15,1.205,1.5475,0.205571110690991,-0.319546839635428
36.16,1.2053,1.5497,0.205557554988492,-0.319593633625329
36.17,1.2056,1.5531,0.205529588353589,-0.319690173004055
36.18,1.2059,1.5544,0.205496794353804,-0.319803374762319
36.19,1.2063,1.5539,0.205472349746869,-0.319887754205746
36.2,1.2066,1.5537,0.205452652247127,-0.319955746657719
36.21,1.207,1.5534,0.205435305284754,-0.320015624987887
36.22,1.2074,1.5535,0.205404909638945,-0.320120543783071
36.23,1.2077,1.5551,0.205368455754642,-0.320246372473098
36.24,1.2081,1.5566,0.205327326450585,-0.320388337117164
36.25,1.2085,1.5572,0.205318581168098,-0.320418522602418
36.26,1.2088,1.5567,0.205305165612317,-0.320464827932189
36.27,1.2092,1.5574,0.205291943067405,-0.320510466809249
36.28,1.2095,1.5595,0.205258531795333,-0.320625787885327
36.29,1.2098,1.5599,0.205214463237128,-0.32077789078703
36.3,1.2101,1.5587,0.205179953475002,-0.320896999492835
36.31,1.2104,1.558,0.205150051636831,-0.321000202794797
36.32,1.2107,1.5592,0.205132021263594,-0.321062432261811
36.33,1.211,1.5613,0.205106766836243,-0.321149593816715
36.34,1.2112,1.5621,0.20508141676869,-0.321237084534876
36.35,1.2116,1.5624,0.205089532990243,-0.3212090731105
36.36,1.212,1.5636,0.205067747405763,-0.321284261239421
36.37,1.2123,1.564,0.205044661321977,-0.321363937008593
36.38,1.2127,1.562,0.205016731083248,-0.321460330125659
36.39,1.213,1.5615,0.204993440606558,-0.321540709591305
36.4,1.2133,1.5627,0.204973643993569,-0.321609030514756
36.41,1.2136,1.5644,0.204951365245802,-0.321685916963239
36.42,1.214,1.5647,0.204933757570693,-0.321746682512457
36.43,1.2143,1.5652,0.204895758334218,-0.32187781951283
36.44,1.2147,1.5668,0.204872058363386,-0.321959608079706
36.45,1.215,1.5681,0.20482428031486,-0.322124487601954
36.46,1.2154,1.5679,0.204809828674086,-0.322174358803844
36.47,1.2157,1.5666,0.204778473732317,-0.322282560614161
36.48,1.216,1.5665,0.204755557964263,-0.322361639042825
36.49,1.2162,1.5675,0.20474589257708,-0.322394992427963
36.5,1.2166,1.5666,0.204747140395708,-0.322390686454345
36.51,1.2169,1.5651,0.204738881408221,-0.322419186533958
36.52,1.2172,1.5666,0.204716084814603,-0.322497852414779
36.53,1.2175,1.5696,0.20470891538154,-0.322522592349701
36.54,1.2179,1.5708,0.204689711096384,-0.322588861209131
36.55,1.2182,1.5698,0.204672878964606,-0.32264694396427
36.56,1.2186,1.57,0.204665510790618,-0.322672369245594
36.57,1.219,1.5722,0.204652160671972,-0.322718436162087
36.58,1.2194,1.5736,0.20462810354389,-0.322801448837457
36.59,1.2197,1.5747,0.204625855975634,-0.322809204361305
36.6,1.2201,1.5758,0.204602337720014,-0.322890356696424
36.61,1.2205,1.5765,0.204587258562465,-0.322942388574002
36.62,1.2207,1.576,0.204568682321541,-0.323006486976513
36.63,1.221,1.5743,0.204559924747554,-0.323036705323974
36.64,1.2213,1.575,0.204533323692426,-0.323128492615861
36.65,1.2216,1.5759,0.204499613797742,-0.323244807589614
36.66,1.222,1.5748,0.204482650686486,-0.323303337674335
36.67,1.2222,1.5733,0.204454987122404,-0.323398788070037
36.68,1.2226,1.5732,0.204427431327303,-0.323493865524716
36.69,1.2229,1.5751,0.204404772599,-0.323572045509996
36.7,1.2233,1.5778,0.204391625994753,-0.323617405233583
36.71,1.2236,1.5795,0.204356973858668,-0.323736964293747
36.72,1.224,1.581,0.204317498636416,-0.323873162175141
36.73,1.2244,1.58,0.204286563197108,-0.323979894428767
36.74,1.2247,1.5772,0.204265033730471,-0.32405417374745
36.75,1.2251,1.5753,0.204217230175688,-0.324219099530574
36.76,1.2254,1.5785,0.204208833276831,-0.324248069110289
36.77,1.2258,1.5832,0.204181368164349,-0.32434282395125
36.78,1.2261,1.5853,0.204173129336525,-0.324371247756497
36.79,1.2265,1.5846,0.204142271024197,-0.324477707501512
36.8,1.2268,1.5851,0.204116108014618,-0.324567967596838
36.81,1.2271,1.5874,0.204097085699868,-0.324633592301094
36.82,1.2273,1.5874,0.204062460311409,-0.324753044401926
36.83,1.2277,1.5851,0.204055327580982,-0.324777650976855
36.84,1.2279,1.5826,0.204026784182833,-0.324876119585461
36.85,1.2282,1.5823,0.2040139876742,-0.324920264418261
36.86,1.2285,1.5828,0.203992901170137,-0.32499300719885
36.87,1.2288,1.582,0.203961071201678,-0.325102810837149
36.88,1.2292,1.5817,0.203938881502838,-0.325179357636912
36.89,1.2295,1.5837,0.203905971040357,-0.325292886065487
36.9,1.2299,1.5866,0.203864668363105,-0.32543536220028
36.91,1.2303,1.5879,0.203842509079409,-0.325511801005842
36.92,1.2306,1.5882,0.203836007516207,-0.32553422811867
36.93,1.231,1.589,0.203809273087714,-0.325626447769657
36.94,1.2313,1.5901,0.203780221310867,-0.325726659882295
36.95,1.2317,1.59,0.203750047769473,-0.325830740159613
36.96,1.232,1.5908,0.203722331925622,-0.325926341728532
36.97,1.2324,1.5917,0.203688553326284,-0.32604285435238
36.98,1.2327,1.5913,0.203663271622897,-0.326130057533782
36.99,1.233,1.5922,0.20363568074853,-0.326225224598396
37,1.2333,1.5942,0.203604738802336,-0.326331948952926
37.01,1.2336,1.5964,0.203581126553715,-0.326413390931877
37.02,1.2339,1.5957,0.203533721375437,-0.326576895663262
37.03,1.2342,1.5911,0.203520873358909,-0.326621209073284
37.04,1.2345,1.5894,0.203484203024368,-0.326747685466784
37.05,1.2349,1.5917,0.203467908105298,-0.3268038862041
37.06,1.2352,1.5935,0.203439748081028,-0.326901008469768
37.07,1.2356,1.5927,0.203410443348093,-0.327002077557367
37.08,1.2359,1.5922,0.203365799063389,-0.327156048848226
37.09,1.2363,1.5935,0.203332090909107,-0.327272301203547
37.1,1.2367,1.5961,0.203312862413246,-0.327338615521583
37.11,1.2371,1.5957,0.203300923768463,-0.327379788681907
37.12,1.2375,1.5943,0.203265320004195,-0.327502575228593
37.13,1.2378,1.5951,0.203241773094265,-0.327583780352881
37.14,1.2382,1.5975,0.203217147964989,-0.327668703028821
37.15,1.2384,1.5984,0.203180626145281,-0.327794651245728
37.16,1.2388,1.5991,0.203154817493977,-0.327883653146527
37.17,1.239,1.6021,0.203125433583582,-0.32798498326861
37.18,1.2393,1.6046,0.203097465559958,-0.328081429566148
37.19,1.2396,1.6037,0.203073285061271,-0.328164813871356
37.2,1.2399,1.6015,0.203046772427373,-0.328256239371836
37.21,1.2403,1.599,0.203022685874994,-0.328339297957651
37.22,1.2406,1.5986,0.202997523429427,-0.328426065696538
37.23,1.241,1.5995,0.202972344385515,-0.328512889760386
37.24,1.2414,1.5981,0.202951940980316,-0.328583245478762
37.25,1.2417,1.5962,0.20293753591673,-0.328632917150378
37.26,1.2421,1.5965,0.202911240713199,-0.328723587741687
37.27,1.2424,1.6007,0.202918760786458,-0.328697657277994
37.28,1.2428,1.6078,0.202896611351209,-0.328774031982759
37.29,1.2431,1.6129,0.202890190089321,-0.328796173362644
37.3,1.2434,1.6119,0.202862471291561,-0.328891750847884
37.31,1.2437,1.6065,0.202857799288636,-0.32890786032274
37.32,1.244,1.6026,0.202864291135074,-0.328885475859733
37.33,1.2443,1.6033,0.202874734554377,-0.328849465895461
37.34,1.2447,1.6071,0.202853096203816,-0.328924076938993
37.35,1.245,1.609,0.202855544161083,-0.328915636188622
37.36,1.2454,1.6083,0.202823328742834,-0.329026716810795
37.37,1.2456,1.6099,0.20279949167419,-0.329108907439422
37.38,1.246,1.6127,0.202769650736982,-0.329211798360325
37.39,1.2464,1.6141,0.202760170884421,-0.329244484423711
37.4,1.2468,1.612,0.202737526169058,-0.329322561760943
37.41,1.2471,1.6101,0.202724498170073,-0.32936748102312
37.42,1.2475,1.6098,0.202716364327735,-0.329395525589688
37.43,1.2478,1.6096,0.202701130903704,-0.329448048453498
37.44,1.2482,1.611,0.202664400895636,-0.329574687370092
37.45,1.2486,1.6133,0.202663832856971,-0.329576645857051
37.46,1.2489,1.6169,0.202651633864656,-0.329618705500632
37.47,1.2493,1.6172,0.202649242418894,-0.329626950693997
37.48,1.2496,1.6153,0.202639815689456,-0.329659451960289
37.49,1.2499,1.6143,0.202611255983785,-0.329757918693159
37.5,1.2502,1.6152,0.202600699729654,-0.329794313724411
37.51,1.2504,1.6152,0.202583025690106,-0.329855248543574
37.52,1.2508,1.6142,0.202561609966133,-0.329929082973511
37.53,1.2512,1.6152,0.202518469182516,-0.330077816320429
37.54,1.2514,1.6168,0.202465375507921,-0.330260859855054
37.55,1.2517,1.6176,0.202434818582421,-0.330366204798102
37.56,1.2521,1.6172,0.202389673308906,-0.330521840587595
37.57,1.2525,1.6174,0.202378028343874,-0.330561985473908
37.58,1.2528,1.6185,0.202409962668012,-0.330451894526426
37.59,1.2532,1.6175,0.202387112559508,-0.330530668539231
37.6,1.2535,1.6167,0.202419682899323,-0.330418384540079
37.61,1.254,1.6191,0.202407161374729,-0.330461551812522
37.62,1.2543,1.6247,0.202429714913012,-0.330383799557987
37.63,1.2547,1.6271,0.202427499046866,-0.33039143868391
37.64,1.255,1.6257,0.202450779174395,-0.330311180854772
37.65,1.2553,1.6233,0.202454011330045,-0.330300037993588
37.66,1.2556,1.6236,0.202446538468949,-0.330325800670038
37.67,1.2559,1.625,0.202363152097836,-0.330613269604266
37.68,1.2561,1.625,0.202333061069689,-0.330717003956473
37.69,1.2565,1.6241,0.202223161572167,-0.331095855103931
37.7,1.2567,1.6232,0.202191558952331,-0.331204794052207
37.71,1.2571,1.6227,0.202073164652996,-0.331612904117063
37.72,1.2574,1.6232,0.202000617618682,-0.331862966804179
37.73,1.2578,1.626,0.201909429702531,-0.332177272101677
37.74,1.2581,1.6303,0.201866749864302,-0.33232437629655
37.75,1.2585,1.6309,0.201810590269397,-0.332517937054005
37.76,1.2588,1.6275,0.201794876070633,-0.332572097107312
37.77,1.2592,1.6233,0.201764711505083,-0.332676060337111
37.78,1.2595,1.6244,0.201809041551348,-0.332523274831703
37.79,1.2599,1.6264,0.201775863521496,-0.332637624674939
37.8,1.2602,1.6281,0.201791899838926,-0.33258235485207
37.81,1.2606,1.6299,0.201762639596406,-0.33268320119483
37.82,1.261,1.633,0.201765870605398,-0.3326720654815
37.83,1.2612,1.6358,0.201735740077303,-0.332775910145261
37.84,1.2614,1.636,0.201734430018996,-0.332780425222877
37.85,1.2618,1.6339,0.201705712821622,-0.332879397583868
37.86,1.262,1.6321,0.201694877643672,-0.332916740166077
37.87,1.2624,1.6313,0.201657719595808,-0.333044801152703
37.88,1.2627,1.6291,0.201619155344643,-0.333177706361719
37.89,1.2631,1.629,0.201598460238031,-0.333249027687007
37.9,1.2634,1.631,0.201548672829913,-0.333420606980534
37.91,1.2638,1.6345,0.20153221875992,-0.333477310850819
37.92,1.2641,1.6363,0.201508504635851,-0.333559033571057
37.93,1.2645,1.6357,0.20149317754333,-0.333611852789656
37.94,1.2648,1.6364,0.201497005381141,-0.333598661578257
37.95,1.2652,1.6373,0.201437177438031,-0.333804833802366
37.96,1.2656,1.6367,0.201420188477914,-0.333863378279065
37.97,1.2659,1.6361,0.201410366889605,-0.333897223583974
37.98,1.2661,1.6364,0.201365590695825,-0.334051521100924
37.99,1.2665,1.6374,0.201308340103448,-0.334248800853558
38,1.2669,1.6378,0.201245773819738,-0.334464392557944
38.01,1.2671,1.6387,0.201199452573102,-0.334624003283095
38.02,1.2674,1.6408,0.201183989525859,-0.334677284154974
38.03,1.2678,1.6415,0.201156382035673,-0.334772410162307
38.04,1.2682,1.6401,0.201146527647979,-0.33480636476057
38.05,1.2685,1.6374,0.201105345818058,-0.334948260702049
38.06,1.2689,1.6373,0.201091551303074,-0.334995790480858
38.07,1.2692,1.6404,0.201070551949845,-0.335068144411298
38.08,1.2696,1.6428,0.201063912811643,-0.33509101963854
38.09,1.2699,1.6429,0.201056220083279,-0.335117524943677
38.1,1.2703,1.6439,0.201059374715316,-0.335106655665352
38.11,1.2706,1.6463,0.201056699706375,-0.33511587240419
38.12,1.2709,1.6466,0.201038644902289,-0.335178079932782
38.13,1.2712,1.6445,0.20103027415138,-0.335206921057653
38.14,1.2716,1.643,0.200987143673394,-0.335355523992489
38.15,1.2719,1.6438,0.20096906952573,-0.335417796363646
38.16,1.2722,1.6456,0.20094856783562,-0.335488431981836
38.17,1.2724,1.6483,0.200930523311091,-0.335550601290841
38.18,1.2726,1.6512,0.200919705714593,-0.335587871236838
38.19,1.273,1.6535,0.200901789372946,-0.335649598172925
38.2,1.2732,1.653,0.200882802272293,-0.335715013677903
38.21,1.2736,1.6501,0.200872121025914,-0.335751813125007
38.22,1.2738,1.6484,0.200851795710849,-0.335821838241703
38.23,1.2742,1.6476,0.20082293735157,-0.335921260526657
38.24,1.2745,1.6477,0.200808390257356,-0.335971377452965
38.25,1.275,1.6484,0.200781819437429,-0.336062917137495
38.26,1.2754,1.6509,0.200757493052124,-0.336146723584815
38.27,1.2757,1.655,0.200735509571105,-0.336222457798642
38.28,1.2761,1.6567,0.200714601709803,-0.336294485803937
38.29,1.2764,1.657,0.200679226662231,-0.336416352129528
38.3,1.2768,1.6564,0.200672552608475,-0.336439343908703
38.31,1.2771,1.6557,0.200641945517343,-0.336544782977634
38.32,1.2774,1.6541,0.200630510902175,-0.336584174000135
38.33,1.2777,1.6504,0.200605944580028,-0.33666880170955
38.34,1.278,1.6501,0.200598142672788,-0.336695678060108
38.35,1.2783,1.6529,0.200577166733212,-0.336767936458929
38.36,1.2785,1.6561,0.200570503317495,-0.336790890614369
38.37,1.2789,1.6573,0.200530305574302,-0.336929362574658
38.38,1.2791,1.6565,0.200516345608544,-0.336977450896479
38.39,1.2795,1.6556,0.200499916931024,-0.337034042907034
38.4,1.2798,1.6557,0.200490586359113,-0.337066183838004
38.41,1.2802,1.6543,0.200468161661194,-0.337143429467316
38.42,1.2805,1.6531,0.200451614001121,-0.337200430192198
38.43,1.2809,1.6532,0.200429087756366,-0.337278024354819
38.44,1.2813,1.6546,0.200412454639273,-0.337335318514429
38.45,1.2817,1.657,0.200380232581246,-0.337446308951968
38.46,1.2821,1.6596,0.200367095781519,-0.337491558866452
38.47,1.2824,1.6627,0.200338328464724,-0.337590647479136
38.48,1.2828,1.6631,0.200322601630596,-0.337644817832961
38.49,1.2831,1.6604,0.200316463420943,-0.337665960516309
38.5,1.2834,1.6581,0.200299681027133,-0.337723766157325
38.51,1.2836,1.6587,0.200284230896656,-0.337776982564259
38.52,1.284,1.6614,0.200270026554243,-0.337825907678321
38.53,1.2843,1.6646,0.200257079394948,-0.337870502327164
38.54,1.2846,1.6662,0.200238067197498,-0.337935986701333
38.55,1.2849,1.6673,0.200207041899788,-0.338042847101303
38.56,1.2853,1.6678,0.200175873042755,-0.33815020057144
38.57,1.2856,1.6654,0.200150685748888,-0.338236950998299
38.58,1.286,1.6618,0.200129056749548,-0.338311445171201
38.59,1.2863,1.6615,0.200118184870806,-0.338348889627972
38.6,1.2867,1.6629,0.200090510607653,-0.338444203368428
38.61,1.287,1.665,0.200079556114783,-0.338481931754607
38.62,1.2874,1.6659,0.200062610832408,-0.338540292689147
38.63,1.2877,1.6665,0.200061402413896,-0.338544454565316
38.64,1.2881,1.6694,0.200047177669823,-0.338593445401254
38.65,1.2885,1.6709,0.200043961207836,-0.338604523040899
38.66,1.2887,1.6705,0.200021775097365,-0.338680932598141
38.67,1.289,1.669,0.199991265209391,-0.338786008313934
38.68,1.2893,1.6674,0.199966748531158,-0.338870442513905
38.69,1.2896,1.6675,0.199932620559571,-0.33898797608614
38.7,1.29,1.6704,0.19990072461965,-0.339097821237207
38.71,1.2903,1.6751,0.19986387646041,-0.339224719320834
38.72,1.2906,1.6764,0.199808866640798,-0.339414159098827
38.73,1.2909,1.6745,0.1997703805793,-0.339546692689954
38.74,1.2913,1.6711,0.199718541632642,-0.339725205954647
38.75,1.2916,1.6716,0.199683294781668,-0.339846580262868
38.76,1.292,1.676,0.199679309615238,-0.339860303272217
38.77,1.2924,1.6797,0.199655148883629,-0.339943500801739
38.78,1.2927,1.6787,0.199647909398481,-0.339968429820828
38.79,1.2931,1.6754,0.199631271370428,-0.340025722245273
38.8,1.2934,1.6753,0.199604016198859,-0.34011957354633
38.81,1.2938,1.6772,0.199575490330381,-0.340217799263043
38.82,1.2941,1.6796,0.199537274122563,-0.340349390776747
38.83,1.2945,1.6801,0.199472447925339,-0.340572604821265
38.84,1.2948,1.6802,0.199438472410023,-0.340689589257004
38.85,1.2951,1.6791,0.199365761601487,-0.340939941423767
38.86,1.2953,1.6773,0.199328611251547,-0.341067851674652
38.87,1.2957,1.6779,0.199252744785793,-0.341329057026281
38.88,1.296,1.6796,0.199219787067841,-0.34144252662155
38.89,1.2962,1.6798,0.199178323187189,-0.341585279734137
38.9,1.2966,1.679,0.199170392214384,-0.341612584448196
38.91,1.297,1.6782,0.199153045279276,-0.341672306076385
38.92,1.2973,1.6811,0.199133428650707,-0.341739841232903
38.93,1.2977,1.6843,0.199107946143799,-0.341827570320491
38.94,1.298,1.6837,0.19917531185405,-0.341595647147641
38.95,1.2984,1.6804,0.199163133128155,-0.341637575915393
38.96,1.2987,1.679,0.199119849811433,-0.341786589464463
38.97,1.2991,1.6795,0.199084909872933,-0.341906876905503
38.98,1.2993,1.6819,0.199087108641648,-0.341899307274022
38.99,1.2997,1.6847,0.199017320163231,-0.342139562477992
39,1.3,1.6858,0.198974804241069,-0.342285925213552
39.01,1.3003,1.686,0.198952632305328,-0.34236225194666
39.02,1.3006,1.6861,0.198922064755347,-0.342467479366909
39.03,1.3009,1.6865,0.198791421890706,-0.342917196470112
39.04,1.3012,1.6881,0.198786088078063,-0.342935556744458
39.05,1.3016,1.6895,0.198737698452871,-0.343102123684906
39.06,1.3018,1.6894,0.198727655748899,-0.343136692295629
39.07,1.3022,1.6889,0.198878232397402,-0.34261836795556
39.08,1.3025,1.6899,0.198914200491766,-0.342494551524966
39.09,1.303,1.6913,0.199040204077446,-0.342060782629401
39.1,1.3033,1.6913,0.199063258136487,-0.341981416283157
39.11,1.3037,1.6904,0.199118320841718,-0.341791853272653
39.12,1.304,1.6902,0.199112986533735,-0.341810217752751
39.13,1.3044,1.6905,0.199092418278308,-0.341881027927311
39.14,1.3047,1.691,0.199056302106027,-0.342005363327458
39.15,1.3051,1.6907,0.199004600640565,-0.342183350207193
39.16,1.3055,1.6923,0.198879142711008,-0.342615234318365
39.17,1.3058,1.6942,0.198823674091128,-0.342806175719404
39.18,1.3062,1.694,0.198692036868253,-0.343259297075481
39.19,1.3064,1.6936,0.19877252923777,-0.342982229371468
39.2,1.3068,1.6935,0.198674680551421,-0.343319039096757
39.21,1.307,1.6942,0.198692975426223,-0.343256066461264
39.22,1.3073,1.694,0.198642003113026,-0.343431516639955
39.23,1.3077,1.6928,0.198636616346762,-0.343450058039207
39.24,1.3081,1.6938,0.198619481609139,-0.343509036005864
39.25,1.3084,1.6953,0.198590478164536,-0.343608865241018
39.26,1.3088,1.6969,0.1985976534273,-0.343584168252536
39.27,1.3091,1.6982,0.198571623851818,-0.343673760734741
39.28,1.3095,1.6989,0.198485346695577,-0.343970715396648
39.29,1.3098,1.6977,0.198449005852646,-0.344095792619977
39.3,1.3102,1.697,0.198351044635663,-0.34443294424657
39.31,1.3107,1.6982,0.198305410521333,-0.344589997785097
39.32,1.311,1.7035,0.198221092813981,-0.344880176220946
39.33,1.3112,1.708,0.198163918119524,-0.345076936487052
39.34,1.3116,1.7074,0.198142485487237,-0.3451506932677
39.35,1.3118,1.7028,0.198191055476139,-0.344983546917444
39.36,1.3122,1.7015,0.19818863483725,-0.344991877264092
39.37,1.3125,1.7023,0.198273336773694,-0.344700380425678
39.38,1.3128,1.7035,0.198243581112369,-0.344802783993033
39.39,1.3131,1.7029,0.198282585035437,-0.344668552442532
39.4,1.3135,1.701,0.198287340238049,-0.344652187318558
39.41,1.3138,1.7016,0.198241838260226,-0.344808781947645
39.42,1.3142,1.7055,0.198244276293395,-0.344800391554654
39.43,1.3147,1.7074,0.198279717762887,-0.344678420202141
39.44,1.315,1.7082,0.198297702338129,-0.344616525833621
39.45,1.3154,1.7081,0.198257180933833,-0.344755980612245
39.46,1.3157,1.7086,0.198191111269242,-0.344983354911883
39.47,1.3161,1.708,0.198160851003009,-0.345087491490387
39.48,1.3163,1.7084,0.198135270997256,-0.345175520567184
39.49,1.3167,1.7097,0.198115794213307,-0.345242545853997
39.5,1.317,1.7118,0.198044578113519,-0.345487616568723
39.51,1.3174,1.7119,0.198072839086018,-0.345390365037192
39.52,1.3176,1.7108,0.198032915814917,-0.34552774848459
39.53,1.3179,1.7101,0.198003584188897,-0.34562868264336
39.54,1.3181,1.7107,0.197987340118383,-0.345684580193331
39.55,1.3184,1.7111,0.197973496846485,-0.34573221604505
39.56,1.3188,1.7125,0.197991057378195,-0.345671788745898
39.57,1.319,1.7137,0.197969376040176,-0.345746396029771
39.58,1.3194,1.7135,0.198024871042437,-0.345555431775715
39.59,1.3197,1.7125,0.19799816180963,-0.345647341661053
39.6,1.32,1.7141,0.197968975416755,-0.345747774601879
39.61,1.3203,1.7165,0.197949289615408,-0.345815514483561
39.62,1.3207,1.7176,0.197931993157534,-0.345875032049847
39.63,1.321,1.7153,0.197906316590325,-0.345963385002019
39.64,1.3215,1.7134,0.197886618652933,-0.346031164875455
39.65,1.3219,1.7144,0.197834475874484,-0.346210583561855
39.66,1.3222,1.7179,0.197810915770503,-0.346291650516779
39.67,1.3226,1.7195,0.197777771841025,-0.346405692700676
39.68,1.3228,1.7186,0.197752915546048,-0.346491217620955
39.69,1.3232,1.7177,0.197715990385934,-0.346618267157099
39.7,1.3234,1.7181,0.197687333052007,-0.34671686798238
39.71,1.3238,1.7183,0.197665721458143,-0.346791225865438
39.72,1.324,1.7175,0.197644156712739,-0.346865421892369
39.73,1.3243,1.7168,0.19762265759975,-0.346939391440001
39.74,1.3247,1.717,0.197597581682551,-0.347025666453473
39.75,1.3251,1.7154,0.197561693893045,-0.347149138715491
39.76,1.3253,1.7164,0.197525622717248,-0.347273240060159
39.77,1.3256,1.7202,0.197507405788755,-0.347335913918607
39.78,1.326,1.7245,0.197465224464364,-0.347481033503797
39.79,1.3264,1.7241,0.197460133540275,-0.347498548020724
39.8,1.3267,1.7221,0.197434713472652,-0.347586001176247
39.81,1.3271,1.7215,0.197421310189153,-0.3476321123817
39.82,1.3274,1.7225,0.197393498890824,-0.347727790540408
39.83,1.3278,1.7223,0.197369239720461,-0.347811247542651
39.84,1.3281,1.7212,0.197338886099572,-0.347915669637982
39.85,1.3285,1.7205,0.197314363086214,-0.348000032396166
39.86,1.3287,1.7214,0.197286174635025,-0.34809700373311
39.87,1.3291,1.7229,0.197275930978107,-0.348132242744683
39.88,1.3293,1.7243,0.197260916508416,-0.348183893467941
39.89,1.3297,1.727,0.197242254582689,-0.348248091219996
39.9,1.33,1.7288,0.197212872436854,-0.348349165936062
39.91,1.3302,1.728,0.197194211395623,-0.348413359361106
39.92,1.3306,1.726,0.197183784029493,-0.348449228972227
39.93,1.331,1.7259,0.197170960480716,-0.348493341116684
39.94,1.3314,1.7283,0.197168979887588,-0.348500154202701
39.95,1.3318,1.7304,0.197144238794971,-0.34858526115978
39.96,1.3321,1.7309,0.197115760716714,-0.348683221899241
39.97,1.3325,1.7301,0.197089632149421,-0.348773099616724
39.98,1.3328,1.7303,0.197057323565517,-0.348884234162037
39.99,1.3332,1.7325,0.197001897417014,-0.349074884650229
40,1.3336,1.7347,0.196976103039561,-0.349163608612237
40.01,1.3339,1.7348,0.196915306148135,-0.34937272565133
40.02,1.3341,1.7345,0.196886480243786,-0.349471873406208
40.03,1.3345,1.7341,0.196858622102693,-0.34956769137308
40.04,1.3347,1.733,0.196855817481561,-0.349577337794867
40.05,1.3351,1.7332,0.196865228532148,-0.349544968685455
40.06,1.3354,1.7352,0.196850787996003,-0.34959463655204
40.07,1.3358,1.7359,0.196825499620318,-0.34968161457474
40.08,1.3362,1.7338,0.196814434046414,-0.349719673739376
40.09,1.3365,1.7319,0.196769698230988,-0.349873537244269
40.1,1.3369,1.7343,0.196792040428907,-0.349796694275856
40.11,1.3372,1.7369,0.196751067124736,-0.349937615868126
40.12,1.3376,1.7372,0.196691628810803,-0.350142040844591
40.13,1.3379,1.7367,0.196655751434565,-0.350265430721762
40.14,1.3383,1.7379,0.196623139602341,-0.350377588103887
40.15,1.3386,1.7409,0.196584375526436,-0.350510902069206
40.16,1.339,1.7424,0.196570586246631,-0.350558324416169
40.17,1.3393,1.7423,0.196565269390642,-0.350576609402052
40.18,1.3396,1.7421,0.196544449061807,-0.350648211369091
40.19,1.3399,1.7416,0.196529656194963,-0.350699084269306
40.2,1.3402,1.7394,0.196531727425434,-0.350691961294219
40.21,1.3404,1.7384,0.196517266475405,-0.350741692467338
40.22,1.3408,1.7397,0.196518503556195,-0.350737438161124
40.23,1.341,1.7417,0.196559833182624,-0.350595304804849
40.24,1.3412,1.7415,0.196539185931994,-0.350666311390665
40.25,1.3416,1.7406,0.196475065399727,-0.350886820155344
40.26,1.3419,1.7409,0.19644168263452,-0.351001620245717
40.27,1.3423,1.7413,0.196420210873324,-0.351075458705827
40.28,1.3425,1.7412,0.19638662368925,-0.351190959129979
40.29,1.3429,1.7415,0.196346899915812,-0.351327560121874
40.3,1.3432,1.7424,0.19630447707482,-0.351473440096471
40.31,1.3436,1.7454,0.196281142452047,-0.351553680068618
40.32,1.3439,1.7472,0.196345765003105,-0.351331462794491
40.33,1.3443,1.7489,0.19633797116092,-0.351358263761433
40.34,1.3447,1.7501,0.196401411813509,-0.351140105568213
40.35,1.345,1.7508,0.196411630075522,-0.351104966715278
40.36,1.3452,1.7494,0.196437920480616,-0.351014557827901
40.37,1.3455,1.7482,0.19644676526168,-0.350984141687062
40.38,1.3458,1.7499,0.19641983610399,-0.351076747480623
40.39,1.3461,1.7517,0.196398817668258,-0.351149026365625
40.4,1.3464,1.7516,0.196344009949322,-0.351337497968983
40.41,1.3468,1.7511,0.196365971742165,-0.351261976745194
40.42,1.347,1.7505,0.19632574337224,-0.351400311725258
40.43,1.3474,1.7512,0.196168274173792,-0.351941785366556
40.44,1.3477,1.7511,0.196134455414382,-0.352058069933998
40.45,1.3481,1.7512,0.195941447149673,-0.352721690458879
40.46,1.3484,1.7513,0.195960760756048,-0.352655286866206
40.47,1.3489,1.7523,0.195884083421915,-0.352918913946884
40.48,1.3493,1.7535,0.195915021216062,-0.352812546624748
40.49,1.3497,1.7545,0.19589345849906,-0.352886681610921
40.5,1.3501,1.7558,0.195810435455848,-0.353172117725925
40.51,1.3504,1.7575,0.195731517934139,-0.353443429769371
40.52,1.3508,1.7567,0.195774844521341,-0.353294477577633
40.53,1.351,1.7543,0.19569841937069,-0.353557217294794
40.54,1.3513,1.754,0.195812926409604,-0.353163553883689
40.55,1.3516,1.7564,0.195725329062616,-0.353464706231154
40.56,1.3519,1.7585,0.195780278827573,-0.353275794822041
40.57,1.3522,1.76,0.195702425127635,-0.353543446231567
40.58,1.3526,1.7613,0.19571913534578,-0.353485999295552
40.59,1.3528,1.7623,0.195638653569953,-0.3537626785116
40.6,1.3532,1.762,0.195656197006341,-0.353702368701221
40.61,1.3536,1.7609,0.195612757678219,-0.353851701104697
40.62,1.354,1.7616,0.195666566892704,-0.353666719498864
40.63,1.3543,1.762,0.195635643879387,-0.353773025007396
40.64,1.3547,1.7622,0.1956298287199,-0.353793015903913
40.65,1.355,1.7617,0.19568328976641,-0.35360922991318
40.66,1.3554,1.7613,0.195662918160218,-0.35367926299068
40.67,1.3557,1.764,0.195646175077883,-0.353736821560844
40.68,1.3561,1.7664,0.195627168122735,-0.353802162278814
40.69,1.3563,1.7659,0.195616662806446,-0.353838276463699
40.7,1.3567,1.7642,0.195613438819041,-0.353849359551658
40.71,1.3569,1.7636,0.195605602012927,-0.353876300045095
40.72,1.3572,1.7636,0.195456912583801,-0.354387431241693
40.73,1.3575,1.7632,0.195417511218951,-0.35452287112108
40.74,1.3579,1.7623,0.195298336859171,-0.354932512468668
40.75,1.3582,1.763,0.195244275782316,-0.355118331414578
40.76,1.3586,1.7638,0.195206737109847,-0.355247357027348
40.77,1.3589,1.7646,0.195053350699341,-0.355774546400762
40.78,1.3593,1.767,0.195021298332097,-0.35588470619403
40.79,1.3596,1.7689,0.195051937936008,-0.355779401914487
40.8,1.36,1.7691,0.195005005673812,-0.355940701365825
40.81,1.3604,1.7674,0.195043496087941,-0.355808415567472
40.82,1.3607,1.7679,0.195003229138676,-0.355946807000295
40.83,1.3611,1.7715,0.194997762707229,-0.355965594122088
40.84,1.3614,1.7737,0.194966032272094,-0.356074644960912
40.85,1.3618,1.7731,0.195009042464785,-0.355926827618304
40.86,1.3621,1.7728,0.195058980564605,-0.355755197138582
40.87,1.3625,1.7749,0.195008627383176,-0.355928254182578
40.88,1.3627,1.7758,0.195041262718977,-0.355816091380593
40.89,1.363,1.7743,0.19505781809079,-0.355759192444061
40.9,1.3633,1.7737,0.195043581176131,-0.35580812312974
40.91,1.3635,1.7738,0.19498847838066,-0.355997502550876
40.92,1.3639,1.7747,0.19495841487772,-0.356100824130538
40.93,1.3641,1.7754,0.194922393394001,-0.356224620263701
40.94,1.3645,1.7751,0.194916435854275,-0.356245094543545
40.95,1.3648,1.7762,0.194918044286555,-0.356239566848502
40.96,1.3652,1.7778,0.194928503705193,-0.356203620901344
40.97,1.3655,1.7777,0.194899680827181,-0.356302676281604
40.98,1.366,1.7758,0.194864921195473,-0.356422132880452
40.99,1.3664,1.776,0.194843391576637,-0.356496121722872
41,1.3667,1.7777,0.194840065501563,-0.356507552077185
41.01,1.3671,1.7785,0.194812981780145,-0.356600627117864
41.02,1.3674,1.7784,0.194814847347738,-0.356594216002284
41.03,1.3678,1.7781,0.194790567054289,-0.356677656045988
41.04,1.3681,1.7786,0.194761607734487,-0.356777174618231
41.05,1.3684,1.7802,0.194745965436249,-0.356830928806828
41.06,1.3687,1.782,0.194729332168751,-0.356888088041292
41.07,1.369,1.7833,0.194729726041418,-0.356886734525874
41.08,1.3693,1.7828,0.194692020758667,-0.357016305043502
41.09,1.3697,1.7809,0.194714339119932,-0.356939610422724
41.1,1.37,1.7799,0.194691359999824,-0.357018575658534
41.11,1.3704,1.7819,0.194691292678957,-0.357018806998228
41.12,1.3706,1.7849,0.194666328099766,-0.357104594188942
41.13,1.3711,1.7839,0.194651061607094,-0.357157054859063
41.14,1.3713,1.782,0.194632348148558,-0.357221359978398
41.15,1.3717,1.7827,0.194608935988625,-0.357301810555589
41.16,1.372,1.7868,0.194597617207722,-0.357340704697691
41.17,1.3724,1.7888,0.194575561781921,-0.357416492091662
41.18,1.3729,1.7883,0.194574100251162,-0.357421514214849
41.19,1.3732,1.7883,0.194551316998308,-0.357499801807842
41.2,1.3736,1.7896,0.194547932129441,-0.35751143279815
41.21,1.3738,1.7884,0.194540045148483,-0.357538533754649
41.22,1.3742,1.7851,0.194528805326426,-0.357577155467801
41.23,1.3744,1.7838,0.194517647937713,-0.357615493748944
41.24,1.3748,1.786,0.194498260036293,-0.35768211275003
41.25,1.3751,1.7884,0.19448375572255,-0.357731950845303
41.26,1.3755,1.79,0.194453730163911,-0.357835120344553
41.27,1.3758,1.7918,0.194450052065533,-0.357847758407711
41.28,1.3762,1.7923,0.194428562600283,-0.357921596507951
41.29,1.3765,1.7919,0.194397518632473,-0.358028262845271
41.3,1.3769,1.7914,0.194384382232185,-0.358073398790223
41.31,1.3772,1.7929,0.194370203385746,-0.358122116245595
41.32,1.3776,1.7955,0.194354980858054,-0.358174419391654
41.33,1.3779,1.7956,0.194321897394355,-0.35828808985924
41.34,1.3783,1.7941,0.194313944654554,-0.358315414202929
41.35,1.3787,1.7938,0.19430511030971,-0.3583457674947
41.36,1.3789,1.7955,0.194302486034486,-0.358354784032206
41.37,1.3792,1.7977,0.194303716185377,-0.358350557456301
41.38,1.3796,1.7966,0.194294329868615,-0.358382807087806
41.39,1.3798,1.7955,0.194244042629481,-0.358555582504967
41.4,1.3802,1.7971,0.194234223135661,-0.358589319611058
41.41,1.3805,1.7991,0.194155929641997,-0.358858309797481
41.42,1.3809,1.7994,0.194143328724963,-0.358901601503557
41.43,1.3811,1.7994,0.194114046564297,-0.359002202407568
41.44,1.3816,1.8008,0.194114783963182,-0.358999669037348
41.45,1.382,1.8022,0.194111007575797,-0.35901264299417
41.46,1.3823,1.8011,0.19407364323223,-0.359141008858398
41.47,1.3827,1.8005,0.194063745333563,-0.359175012930202
41.48,1.383,1.8023,0.194085270296895,-0.359101064085688
41.49,1.3834,1.805,0.194065127680452,-0.359170263908096
41.5,1.3837,1.8051,0.194099157568748,-0.359053354119439
41.51,1.3841,1.8036,0.194062784244286,-0.359178314729508
41.52,1.3844,1.8019,0.194079303535394,-0.359121562914887
41.53,1.3848,1.8022,0.194038461379393,-0.359261874912553
41.54,1.385,1.804,0.194023849938453,-0.359312071498923
41.55,1.3853,1.805,0.194021276549216,-0.359320912166573
41.56,1.3855,1.8058,0.193982662968592,-0.359453564818797
41.57,1.3857,1.8051,0.19392323337238,-0.359657724407442
41.58,1.3861,1.8034,0.193918557974194,-0.359673785674883
41.59,1.3864,1.8039,0.193891181860003,-0.359767829463607
41.6,1.3867,1.807,0.193892523633633,-0.359763220161084
41.61,1.387,1.8088,0.193947240576224,-0.359575252624876
41.62,1.3874,1.8087,0.193953397990436,-0.359554099969338
41.63,1.3877,1.8088,0.193967105869198,-0.359507008897319
41.64,1.3881,1.81,0.193959487801548,-0.359533179498415
41.65,1.3885,1.8102,0.193919402748918,-0.359670883645703
41.66,1.3888,1.8084,0.193881480113197,-0.359801157129531
41.67,1.3892,1.8058,0.193831225703806,-0.359973790090097
41.68,1.3895,1.8051,0.193782879710546,-0.360139863889929
41.69,1.3899,1.8063,0.193739030978394,-0.360290486214304
41.7,1.3902,1.809,0.193606859994176,-0.360744482734018
41.71,1.3905,1.8117,0.193567299529462,-0.360880364839242
41.72,1.3907,1.8147,0.19344427449154,-0.361302916389303
41.73,1.391,1.8164,0.193421223297439,-0.361382087442171
41.74,1.3913,1.8147,0.193311420160717,-0.361759204116817
41.75,1.3916,1.8111,0.193323575099709,-0.361717459070281
41.76,1.3919,1.8101,0.193263918988934,-0.361922340601313
41.77,1.3922,1.8124,0.193215817168049,-0.362087536649936
41.78,1.3926,1.8146,0.193155399865873,-0.36229502306272
41.79,1.3929,1.8156,0.19325488855848,-0.361953354054169
41.8,1.3933,1.816,0.193198020719005,-0.3621486541441
41.81,1.3936,1.8166,0.193203468357369,-0.362129945628163
41.82,1.394,1.8161,0.193124913975979,-0.362399716388749
41.83,1.3944,1.8166,0.193114403012386,-0.362435812377971
41.84,1.3948,1.8183,0.193045003756117,-0.362674134311128
41.85,1.3952,1.8195,0.193100366756603,-0.362484014423927
41.86,1.3955,1.8186,0.193121604703656,-0.362411080868895
41.87,1.3959,1.8172,0.193206043700025,-0.362121101259955
41.88,1.3961,1.818,0.193165132900231,-0.362261598016946
41.89,1.3965,1.8196,0.193220484210038,-0.362071508775844
41.9,1.3967,1.8204,0.193104570981775,-0.362469576681867
41.91,1.397,1.8191,0.193157616555678,-0.362287410550567
41.92,1.3973,1.8194,0.193080294990209,-0.362552942587965
41.93,1.3977,1.8216,0.193110878345064,-0.362447916499639
41.94,1.398,1.822,0.193154115698386,-0.362299433122018
41.95,1.3984,1.822,0.193113873771615,-0.362437629854086
41.96,1.3987,1.8217,0.193103460992838,-0.362473388500604
41.97,1.3991,1.8232,0.193038871273326,-0.36269519335798
41.98,1.3994,1.8234,0.192996535759646,-0.362840572742998
41.99,1.3998,1.821,0.192967153886735,-0.362941468055592
42,1.4001,1.8203,0.192913334524165,-0.363126276813077
42.01,1.4005,1.8232,0.192859061849884,-0.363312637994023
42.02,1.4008,1.8253,0.192810187352648,-0.363480459346256
42.03,1.4011,1.8262,0.192837994607995,-0.363384977428144
42.04,1.4013,1.8269,0.19281680575756,-0.363457733794866
42.05,1.4017,1.828,0.192726847433912,-0.363766617444764
42.06,1.402,1.8292,0.192685276507133,-0.3639093527443
42.07,1.4023,1.8276,0.19259393200654,-0.364222978760985
42.08,1.4026,1.825,0.192579953665197,-0.364270971529473
42.09,1.403,1.8246,0.192558716473764,-0.364343886056358
42.1,1.4033,1.8256,0.19268685036225,-0.363903948900077
42.11,1.4037,1.826,0.192684193890186,-0.363913069916256
42.12,1.404,1.8276,0.192807058727383,-0.363491202054059
42.13,1.4044,1.8309,0.192774907351482,-0.363601598880979
42.14,1.4047,1.8332,0.192810097616262,-0.363480767472766
42.15,1.4051,1.8324,0.192815679921303,-0.363461599572089
42.16,1.4055,1.8308,0.192749183889764,-0.363689923386018
42.17,1.4058,1.8309,0.192767708524443,-0.363626316988217
42.18,1.4062,1.8314,0.192791420026619,-0.363544900187451
42.19,1.4065,1.8307,0.192840862004601,-0.363375131570598
42.2,1.4069,1.8312,0.192789602874386,-0.363551139665409
42.21,1.4072,1.8342,0.192697933583512,-0.363865894470402
42.22,1.4075,1.8362,0.192645028846698,-0.364047542208436
42.23,1.4078,1.8375,0.192619364562386,-0.364135658760629
42.24,1.408,1.8381,0.192610446770624,-0.36416627716405
42.25,1.4084,1.8389,0.192559371050341,-0.364341638681169
42.26,1.4086,1.8404,0.192604378572355,-0.36418711168995
42.27,1.409,1.8407,0.192587454685579,-0.364245217812293
42.28,1.4092,1.8389,0.19256909484881,-0.364308253632954
42.29,1.4096,1.8374,0.192543407184847,-0.36439644767101
42.3,1.4099,1.8368,0.192525958237187,-0.36445635500038
42.31,1.4103,1.8369,0.192563926630573,-0.364325997869334
42.32,1.4106,1.8371,0.192538616541276,-0.364412895391731
42.33,1.411,1.8376,0.192611971267426,-0.364161042955004
42.34,1.4114,1.8389,0.192591136534537,-0.364232576663156
42.35,1.4118,1.8383,0.192544873718295,-0.364391412613901
42.36,1.4122,1.8371,0.192525860216036,-0.364456691534368
42.37,1.4125,1.8375,0.192517513757014,-0.364485347208976
42.38,1.4129,1.8386,0.192493502234652,-0.364567784771856
42.39,1.4131,1.8388,0.192468063731402,-0.36465512061875
42.4,1.4135,1.8389,0.19239189574986,-0.364916616136701
42.41,1.4137,1.8407,0.192377595103629,-0.364965711366057
42.42,1.4141,1.8441,0.19232965640078,-0.36513028652612
42.43,1.4143,1.8451,0.192315017612606,-0.365180541318291
42.44,1.4147,1.8438,0.192308778536121,-0.365201959903406
42.45,1.415,1.8433,0.19229656339174,-0.365243894011121
42.46,1.4154,1.8439,0.192285565383907,-0.365281649554891
42.47,1.4156,1.8442,0.192256519695781,-0.365381360941915
42.48,1.416,1.8446,0.19225252982808,-0.365395057725656
42.49,1.4163,1.8463,0.192230567136396,-0.365470452860799
42.5,1.4167,1.8478,0.192208444362903,-0.365546396840108
42.51,1.417,1.8481,0.192200571200219,-0.365573423992638
42.52,1.4174,1.8479,0.192180702287392,-0.365641630005964
42.53,1.4177,1.8485,0.192161975622577,-0.36570591439372
42.54,1.418,1.8496,0.192150403312281,-0.365745639256719
42.55,1.4183,1.8491,0.192132787390166,-0.365806109968814
42.56,1.4186,1.8474,0.192111432030734,-0.365879416567016
42.57,1.4188,1.8462,0.192100816429151,-0.365915856528032
42.58,1.4191,1.8483,0.192078133389044,-0.36599371960212
42.59,1.4194,1.8499,0.192049444503282,-0.366092197626203
42.6,1.4197,1.8518,0.192029168202909,-0.366161797738163
42.61,1.4201,1.8542,0.192017261378608,-0.366202668643704
42.62,1.4204,1.8553,0.192012523736681,-0.36621893083423
42.63,1.4209,1.8546,0.191992273371039,-0.366288440855862
42.64,1.4213,1.8535,0.191968203647912,-0.366371060181476
42.65,1.4216,1.8534,0.191946367212621,-0.366446013030863
42.66,1.422,1.8551,0.191906308288526,-0.366583512206538
42.67,1.4223,1.8557,0.191882799958791,-0.366664201673331
42.68,1.4227,1.8559,0.191855418249867,-0.36675818504574
42.69,1.423,1.8578,0.19182787288676,-0.366852729055115
42.7,1.4234,1.8598,0.191802642989686,-0.366939324734924
42.71,1.4237,1.8611,0.191770233240843,-0.367050562231504
42.72,1.424,1.8591,0.191767771860132,-0.367059010178575
42.73,1.4243,1.857,0.191748609064368,-0.367124780400762
42.74,1.4247,1.8582,0.191730511836085,-0.367186892919015
42.75,1.4249,1.8596,0.191768948985313,-0.367054970052428
42.76,1.4253,1.8584,0.191752621958482,-0.36711100745713
42.77,1.4256,1.8568,0.191750886056494,-0.367116965374502
42.78,1.426,1.8589,0.191749260409659,-0.367122544873122
42.79,1.4263,1.8614,0.191756294721568,-0.367098401881607
42.8,1.4267,1.862,0.191746807395434,-0.36713096403132
42.81,1.4271,1.8614,0.191736256802335,-0.367167175346865
42.82,1.4274,1.8617,0.191724491748399,-0.367207554697983
42.83,1.4278,1.8631,0.191713969001538,-0.367243670105786
42.84,1.4281,1.8636,0.191696176286586,-0.367304736610636
42.85,1.4286,1.864,0.191681957791211,-0.367353535685911
42.86,1.4289,1.864,0.191693080683837,-0.367315361004923
42.87,1.4293,1.8641,0.191675803873111,-0.367374656362348
42.88,1.4295,1.8643,0.191705636560518,-0.367272267992755
42.89,1.4299,1.8629,0.19169276577638,-0.367316441795607
42.9,1.4301,1.8624,0.191706441600678,-0.367269505007526
42.91,1.4304,1.8637,0.191679558752144,-0.367361769361862
42.92,1.4307,1.8651,0.191662201365196,-0.367421340927096
42.93,1.431,1.8662,0.191640082174095,-0.367497254658888
42.94,1.4312,1.8671,0.19163474280603,-0.367515579426677
42.95,1.4315,1.8667,0.191550094486378,-0.367806087920027
42.96,1.4319,1.8655,0.19152857471555,-0.367879940988736
42.97,1.4322,1.8661,0.191533696354338,-0.367862364247125
42.98,1.4326,1.8678,0.191501874656951,-0.367971571215839
42.99,1.433,1.8693,0.191519307713979,-0.367911743935307
43,1.4333,1.868,0.191517888042345,-0.36791661602262
43.01,1.4337,1.8676,0.191543293610635,-0.367829427716954
43.02,1.434,1.8692,0.191543988370992,-0.367827043385043
43.03,1.4344,1.8719,0.191547444979897,-0.367815180719096
43.04,1.4348,1.8731,0.191583762273845,-0.367690543104105
43.05,1.4352,1.8723,0.191560540580659,-0.367770238037912
43.06,1.4356,1.8726,0.191509463333111,-0.367945528225946
43.07,1.4359,1.8732,0.191494269093418,-0.367997672077722
43.08,1.4361,1.8737,0.191329753422531,-0.368562238672428
43.09,1.4365,1.874,0.191306983372755,-0.368640375355199
43.1,1.4369,1.875,0.191198507208214,-0.369012607142423
43.11,1.4372,1.8757,0.191179187931813,-0.369078898734719
43.12,1.4376,1.8748,0.191093577680329,-0.369372652803829
43.13,1.4379,1.8746,0.191079401788079,-0.369421293469529
43.14,1.4382,1.8771,0.191009858802846,-0.369659906895025
43.15,1.4385,1.8805,0.191033618366164,-0.369578384699826
43.16,1.4389,1.8822,0.191020575795458,-0.369623135579724
43.17,1.4392,1.8807,0.191052270234428,-0.36951438711556
43.18,1.4396,1.8797,0.191061721473249,-0.369481958193213
43.19,1.4399,1.8808,0.191088347932956,-0.369390597273383
43.2,1.4403,1.8833,0.191082978455174,-0.369409021149596
43.21,1.4406,1.883,0.191092244688703,-0.369377226609278
43.22,1.4409,1.8812,0.191099399743054,-0.369352675917761
43.23,1.4411,1.8819,0.191087600182713,-0.369393162973757
43.24,1.4413,1.8823,0.191082004266071,-0.36941236380534
43.25,1.4417,1.8824,0.191065640478554,-0.369468511334608
43.26,1.4419,1.8825,0.191067332301285,-0.369462706359667
43.27,1.4423,1.8845,0.191033182121279,-0.369579881520817
43.28,1.4426,1.8839,0.191011045286612,-0.369655835931857
43.29,1.443,1.881,0.190986409528185,-0.36974036365909
43.3,1.4433,1.8801,0.190966538952149,-0.369808540942598
43.31,1.4438,1.8822,0.190945466193861,-0.369880842378745
43.32,1.4442,1.8858,0.190920926856528,-0.369965036981048
43.33,1.4445,1.8871,0.190907253902274,-0.370011948590068
43.34,1.4449,1.886,0.190890007444933,-0.370071120430108
43.35,1.4452,1.8851,0.190875068053302,-0.370122376485669
43.36,1.4456,1.8849,0.190810989762906,-0.370342221210891
43.37,1.4459,1.8863,0.190789881343627,-0.370414640315831
43.38,1.4462,1.8874,0.190757939872851,-0.370524224419563
43.39,1.4464,1.8888,0.190727117107515,-0.370629969112931
43.4,1.4468,1.8897,0.190684132963782,-0.370777433991349
43.41,1.447,1.8897,0.190654136919974,-0.370880339282603
43.42,1.4474,1.8904,0.190585748354193,-0.37111495026532
43.43,1.4477,1.8928,0.190563727398721,-0.371190493023463
43.44,1.4481,1.8936,0.19052715521801,-0.371315952145677
43.45,1.4484,1.8913,0.190518045629597,-0.371347201857575
43.46,1.4488,1.8884,0.190474060121904,-0.371498088945599
43.47,1.4491,1.8875,0.190442070381001,-0.371607824239259
43.48,1.4495,1.8892,0.190412514008575,-0.371709210984261
43.49,1.45,1.8906,0.190395044149317,-0.371769136973216
43.5,1.4503,1.8915,0.190368160552856,-0.371861353586089
43.51,1.4507,1.8934,0.190352205031388,-0.371916084025269
43.52,1.451,1.8941,0.190341227209351,-0.371953739808444
43.53,1.4514,1.893,0.19033163087197,-0.371986656725179
43.54,1.4517,1.8925,0.19030548938446,-0.372076325391432
43.55,1.452,1.8945,0.190304677896417,-0.372079108884251
43.56,1.4523,1.8959,0.190284902851616,-0.372146939162283
43.57,1.4526,1.8957,0.19027714927077,-0.37217353452728
43.58,1.4528,1.8954,0.190261218714117,-0.372228177264741
43.59,1.4531,1.8967,0.190259920516997,-0.372232630140548
43.6,1.4534,1.899,0.190242011145879,-0.372294059861548
43.61,1.4536,1.9,0.19021716150987,-0.372379294157398
43.62,1.454,1.8994,0.190197341504766,-0.372447276178898
43.63,1.4543,1.8982,0.190186118672176,-0.37248576990876
43.64,1.4547,1.8986,0.190167796732848,-0.372548612818078
43.65,1.455,1.8993,0.190156791325223,-0.372586360329631
43.66,1.4554,1.9002,0.190139821821565,-0.372644563790289
43.67,1.4557,1.9017,0.190124068089079,-0.37269859692699
43.68,1.4561,1.9032,0.190108376981761,-0.372752414916133
43.69,1.4565,1.904,0.190088011788185,-0.372822263750164
43.7,1.4568,1.9035,0.190078454379591,-0.372855043683784
43.71,1.4572,1.9031,0.190052228558756,-0.372944992152787
43.72,1.4575,1.9047,0.190029551651796,-0.373022767881429
43.73,1.4577,1.9055,0.189991309634825,-0.373153926115232
43.74,1.4581,1.9054,0.189970934335305,-0.373223806208986
43.75,1.4583,1.9046,0.189949331281225,-0.373297896421414
43.76,1.4587,1.9047,0.189924002631156,-0.373384763155493
43.77,1.4589,1.9045,0.189906997055941,-0.373443084691578
43.78,1.4593,1.904,0.18988396557402,-0.373522071741793
43.79,1.4596,1.9036,0.189853770464315,-0.373625625488936
43.8,1.4599,1.9051,0.189837893605256,-0.373680074454918
43.81,1.4602,1.9069,0.189814880640548,-0.373758995732556
43.82,1.4606,1.9068,0.189790756066133,-0.373841728383559
43.83,1.4609,1.9064,0.189772642779944,-0.373903845418262
43.84,1.4613,1.9084,0.189747436201121,-0.373990287150278
43.85,1.4616,1.9097,0.189721106216473,-0.37408058044665
43.86,1.462,1.9087,0.189704396943968,-0.374137880966018
43.87,1.4624,1.907,0.18968413217174,-0.374207373701138
43.88,1.4627,1.9064,0.189654323473742,-0.374309593768933
43.89,1.4631,1.9065,0.18963527850274,-0.374374902171728
43.9,1.4633,1.9069,0.189613783233525,-0.374448612437239
43.91,1.4635,1.9076,0.18958634145134,-0.374542713164845
43.92,1.4639,1.9107,0.189556506212881,-0.374645020084997
43.93,1.4641,1.9131,0.189518295909453,-0.37477604377937
43.94,1.4645,1.9126,0.189492019048477,-0.374866146315572
43.95,1.4648,1.912,0.189451314899799,-0.375005717627653
43.96,1.4652,1.9136,0.189428371539401,-0.375084387558122
43.97,1.4655,1.9141,0.18938871673606,-0.375220357179534
43.98,1.466,1.9125,0.189373945829976,-0.37527100354811
43.99,1.4664,1.911,0.189342281252666,-0.375379573757973
44,1.4667,1.9125,0.189309225375551,-0.375492912874978
44.01,1.4671,1.9153,0.18928438410444,-0.375578085440171
44.02,1.4675,1.917,0.189266516664153,-0.375639346484563
44.03,1.4679,1.9173,0.189247424210957,-0.37570480715593
44.04,1.4681,1.9178,0.189227119493386,-0.375774423645
44.05,1.4685,1.9184,0.18919843132309,-0.375872782528729
44.06,1.4687,1.9176,0.1891695935791,-0.375971653051381
44.07,1.4691,1.9157,0.189143039259679,-0.376062693779513
44.08,1.4693,1.916,0.189122325638351,-0.376133709142769
44.09,1.4697,1.9187,0.189090825413268,-0.376241704534442
44.1,1.47,1.9214,0.189069933442634,-0.376313329799802
44.11,1.4703,1.9217,0.189051436226516,-0.376376744457468
44.12,1.4706,1.923,0.189029365309376,-0.376452410322191
44.13,1.471,1.9239,0.189008451919482,-0.376524107188354
44.14,1.4713,1.9225,0.188988638200823,-0.376592033503323
44.15,1.4717,1.9218,0.188964054250104,-0.376676312572701
44.16,1.472,1.9226,0.188946536686313,-0.376736366022665
44.17,1.4724,1.923,0.188925372777518,-0.37680891923465
44.18,1.4727,1.9216,0.188910208430101,-0.376860904612951
44.19,1.4731,1.921,0.188884354923382,-0.376949533080219
44.2,1.4735,1.9242,0.188860890264001,-0.377029971509736
44.21,1.4738,1.9279,0.18883262827222,-0.37712685447553
44.22,1.4742,1.9281,0.18882001119917,-0.377170105817474
44.23,1.4744,1.9249,0.188801441421727,-0.377233762624769
44.24,1.4747,1.9229,0.188803309891373,-0.377227357572276
44.25,1.4751,1.9243,0.1887872038955,-0.377282568233025
44.26,1.4753,1.9266,0.188767476375075,-0.377350192820429
44.27,1.4756,1.9269,0.188758486220539,-0.377381010269822
44.28,1.4759,1.9289,0.188744810268307,-0.377427889995708
44.29,1.4763,1.9313,0.188753898824725,-0.3773967354099
44.3,1.4765,1.9313,0.18874030900677,-0.377443319788542
44.31,1.4769,1.9292,0.188720661950408,-0.377510667238906
44.32,1.4772,1.9283,0.188705666136375,-0.377562070489896
44.33,1.4776,1.9299,0.188682269028168,-0.37764227139302
44.34,1.4779,1.9306,0.188660042850174,-0.377718457844325
44.35,1.4783,1.9304,0.18863166514219,-0.377815729364834
44.36,1.4786,1.9307,0.188617460517231,-0.377864418753003
44.37,1.479,1.9326,0.188593596026013,-0.377946218750268
44.38,1.4794,1.9337,0.188579232618178,-0.377995451619966
44.39,1.4797,1.935,0.188545719039565,-0.378110323609237
44.4,1.4801,1.9357,0.188526463417679,-0.378176323941733
44.41,1.4803,1.9354,0.188499971414268,-0.378267126743092
44.42,1.4805,1.9333,0.188476943461929,-0.378346055506196
44.43,1.4809,1.9327,0.188465819871586,-0.378384181561976
44.44,1.4811,1.935,0.188442743894129,-0.378463273808556
44.45,1.4815,1.9378,0.188423283990487,-0.378529971476892
44.46,1.4818,1.9375,0.188390650489376,-0.378641819660147
44.47,1.4822,1.9351,0.188373421374213,-0.378700870181686
44.48,1.4824,1.9348,0.188368085836638,-0.378719156947777
44.49,1.4828,1.9365,0.188338835933564,-0.378819405944911
44.5,1.4831,1.9383,0.188319051911161,-0.378887211577934
44.51,1.4835,1.9377,0.18829196802772,-0.378980035066326
44.52,1.4838,1.9369,0.188278908754377,-0.379024792207487
44.53,1.4843,1.9374,0.18825738947439,-0.379098543212259
44.54,1.4847,1.9392,0.188241600619167,-0.379152654451532
44.55,1.485,1.9418,0.188216157681893,-0.379239851214688
44.56,1.4854,1.9429,0.188186933936176,-0.379340004237754
44.57,1.4857,1.9445,0.188169474952855,-0.379399837532642
44.58,1.486,1.9458,0.188156700220401,-0.379443617260101
44.59,1.4863,1.9456,0.18814154052094,-0.379495570102181
44.6,1.4867,1.9452,0.188129997960753,-0.379535126656745
44.61,1.4869,1.9458,0.188099362735647,-0.379640113185888
44.62,1.4873,1.9464,0.188078319350001,-0.379712227827964
44.63,1.4876,1.9459,0.18806802986681,-0.379747489148469
44.64,1.488,1.9456,0.188041057041556,-0.379839922369224
44.65,1.4883,1.9468,0.188038001036238,-0.379850394933694
44.66,1.4887,1.9474,0.188005088562441,-0.379963181199241
44.67,1.489,1.9477,0.188003176347131,-0.379969734035842
44.68,1.4894,1.9489,0.187992878030796,-0.380005024524635
44.69,1.4897,1.95,0.187986115154822,-0.380028199609258
44.7,1.4901,1.949,0.187960065636909,-0.380117465724426
44.71,1.4905,1.9474,0.187949529865158,-0.380153569281787
44.72,1.4907,1.9464,0.187936616431823,-0.380197820298251
44.73,1.491,1.9478,0.187927441054004,-0.380229261815054
44.74,1.4913,1.9489,0.18790256571205,-0.380314502222927
44.75,1.4916,1.9482,0.187904004985445,-0.380309570284544
44.76,1.492,1.9469,0.18786954098658,-0.380427666785782
44.77,1.4923,1.9471,0.187849476911308,-0.380496418826134
44.78,1.4927,1.95,0.187831746602143,-0.380557173450541
44.79,1.493,1.9519,0.187816424971699,-0.380609674143043
44.8,1.4934,1.9519,0.18779387955403,-0.380686927065349
44.81,1.4938,1.953,0.187773650942183,-0.380756240728636
44.82,1.4941,1.9549,0.187762884337491,-0.380793132434865
44.83,1.4946,1.9549,0.187731740650052,-0.38089984516321
44.84,1.4949,1.9549,0.187722112498764,-0.380932835398867
44.85,1.4953,1.9554,0.187723128129538,-0.380929355412146
44.86,1.4956,1.956,0.187700175743679,-0.381007999773756
44.87,1.496,1.9558,0.187684417365129,-0.381061994058253
44.88,1.4964,1.9566,0.187661569919832,-0.381140277592371
44.89,1.4967,1.9564,0.18764595419454,-0.381193782234891
44.9,1.4969,1.9566,0.187632791081396,-0.381238883146841
44.91,1.4973,1.9568,0.187619597323802,-0.381284088808603
44.92,1.4975,1.9562,0.187587312339336,-0.381394705536629
44.93,1.4979,1.9581,0.187572975733378,-0.381443825990139
44.94,1.4981,1.9596,0.187553945331623,-0.381509027997233
44.95,1.4985,1.959,0.187540960721068,-0.381553515604396
44.96,1.4987,1.9581,0.187512605439934,-0.38165066505424
44.97,1.4991,1.9597,0.18750331158286,-0.381682506954658
44.98,1.4994,1.961,0.187489314050698,-0.381730463993864
44.99,1.4998,1.9605,0.187480095838519,-0.381762046420335
45,1.5001,1.9599,0.187472231131347,-0.381788991520908
45.01,1.5005,1.9607,0.18745136909639,-0.381860466054214
45.02,1.5008,1.9634,0.1874438677762,-0.381886165857754
45.03,1.5012,1.9654,0.187413601396514,-0.381989858792846
45.04,1.5015,1.9653,0.187402573097399,-0.382027641537389
45.05,1.5019,1.9648,0.18736897562829,-0.38214274476489
45.06,1.5023,1.964,0.187354608865342,-0.382191964076554
45.07,1.5026,1.9632,0.187342668467965,-0.382232870641905
45.08,1.503,1.9624,0.187347627203521,-0.382215882551859
45.09,1.5032,1.9628,0.187334869267342,-0.382259589786275
45.1,1.5036,1.9647,0.187322183775453,-0.382303048605059
45.11,1.5038,1.9658,0.187296405510798,-0.382391360827283
45.12,1.5041,1.9643,0.187289981171344,-0.382413369442094
45.13,1.5044,1.9642,0.187272906702989,-0.382471863169733
45.14,1.5047,1.9661,0.187253589649644,-0.382538039046473
45.15,1.5051,1.9689,0.187241582629381,-0.38257917212755
45.16,1.5054,1.9698,0.1872153287456,-0.382669110723591
45.17,1.5058,1.9692,0.187201111123273,-0.382717815983691
45.18,1.5062,1.969,0.187185960947228,-0.382769715573177
45.19,1.5065,1.97,0.187169842208249,-0.382824932786392
45.2,1.5069,1.9711,0.187144340211237,-0.382912293034045
45.21,1.5072,1.9724,0.187133232808162,-0.382950342528832
45.22,1.5076,1.9731,0.187105622723518,-0.383044922811325
45.23,1.5078,1.9723,0.18708646751374,-0.383110539689057
45.24,1.5082,1.9696,0.18705430972455,-0.383220696207794
45.25,1.5084,1.9697,0.187029407282482,-0.383305998520973
45.26,1.5087,1.9726,0.187016530230426,-0.383350107998352
45.27,1.5091,1.9758,0.186997801862452,-0.383414260344338
45.28,1.5093,1.9757,0.186982765760325,-0.38346576480326
45.29,1.5097,1.9748,0.186961859157544,-0.383537377460179
45.3,1.51,1.9761,0.186945967851803,-0.383591810499216
45.31,1.5105,1.9778,0.186923197045646,-0.383669807502373
45.32,1.5109,1.9783,0.186912480612792,-0.383706514320124
45.33,1.5112,1.9772,0.186888673213872,-0.383788060819495
45.34,1.5116,1.9779,0.18687572298497,-0.38383241836446
45.35,1.5119,1.9798,0.186842601069056,-0.383945867541464
45.36,1.5123,1.9805,0.186826306895224,-0.384001677768059
45.37,1.5126,1.9797,0.186817232901227,-0.384032757526821
45.38,1.513,1.98,0.18679394466097,-0.384112522625071
45.39,1.5132,1.9805,0.186769570188426,-0.384196007376311
45.4,1.5135,1.9794,0.186745283935086,-0.384279189127921
45.41,1.5138,1.978,0.186721130193049,-0.384361916188482
45.42,1.5141,1.9793,0.186703005316471,-0.384423993716245
45.43,1.5144,1.9822,0.186681365102867,-0.384498110627153
45.44,1.5147,1.983,0.186662330026233,-0.384563304491812
45.45,1.515,1.9838,0.186643565847349,-0.384627570045107
45.46,1.5154,1.9853,0.186632161610956,-0.384666628240657
45.47,1.5157,1.9852,0.186619620157571,-0.38470958105968
45.48,1.5161,1.9841,0.186594025764737,-0.384797237775344
45.49,1.5164,1.9836,0.186567432950083,-0.384888312939149
45.5,1.5168,1.9854,0.186557635199963,-0.384921868054034
45.51,1.5171,1.9881,0.186551362008304,-0.384943352268416
45.52,1.5175,1.9879,0.186529460189944,-0.385018360435277
45.53,1.5178,1.9848,0.186539656256152,-0.384983441582282
45.54,1.5182,1.9836,0.186522303457798,-0.385042870277766
45.55,1.5184,1.9843,0.186519265842245,-0.385053273254929
45.56,1.5188,1.9852,0.186495972001027,-0.38513304765969
45.57,1.5191,1.9852,0.186495373807147,-0.385135096283762
45.58,1.5194,1.9853,0.186480477565431,-0.385186111016854
45.59,1.5197,1.9869,0.186466814879953,-0.385232900947563
45.6,1.52,1.9883,0.186446060648991,-0.385303976439044
45.61,1.5203,1.989,0.186432582544367,-0.385350133586445
45.62,1.5207,1.9901,0.186434549168711,-0.385343398696401
45.63,1.5209,1.9912,0.186429252134603,-0.385361538875387
45.64,1.5213,1.9908,0.18639066879357,-0.38549366985993
45.65,1.5216,1.9896,0.186372478299062,-0.385555963573647
45.66,1.522,1.9908,0.186321066130017,-0.385732023033176
45.67,1.5223,1.9934,0.186307952958608,-0.385776928100729
45.68,1.5227,1.9942,0.186272200966048,-0.385899356862906
45.69,1.523,1.9929,0.186246114768109,-0.385988685028084
45.7,1.5234,1.9944,0.186209401466791,-0.386114402431136
45.71,1.5239,1.9961,0.186213419564097,-0.386100643349022
45.72,1.5242,1.9962,0.186187675901021,-0.386188796409699
45.73,1.5247,1.9954,0.186197724834818,-0.38615438633449
45.74,1.525,1.9966,0.186164801142305,-0.386267124797591
45.75,1.5253,1.9989,0.186207989875594,-0.386119236106336
45.76,1.5255,1.9992,0.186182841591497,-0.386205350249474
45.77,1.5259,1.9979,0.186203978686285,-0.386132971502583
45.78,1.5261,1.9973,0.186186631188588,-0.386192373759423
45.79,1.5265,1.9985,0.186222658320185,-0.386069007192888
45.8,1.5267,1.9996,0.186226011101048,-0.386057526277565
45.81,1.527,1.9991,0.186259983779496,-0.385941192856223
45.82,1.5274,1.9981,0.186268510936464,-0.385911992859404
45.83,1.5276,1.9982,0.186280386804216,-0.385871325521899
45.84,1.528,1.9993,0.186218480061646,-0.386083314766028
45.85,1.5283,2,0.186204616054566,-0.386130788982864
45.86,1.5287,2.0003,0.186143255202623,-0.386340902325417
45.87,1.5291,2.001,0.186132304211538,-0.386378400415886
45.88,1.5294,2.0008,0.186071556933005,-0.386586406522492
45.89,1.5296,1.9996,0.186035091628499,-0.386711265660697
45.9,1.53,2,0.185977419069342,-0.386908735702917
45.91,1.5304,2.0024,0.185933260738183,-0.387059930017766
45.92,1.5307,2.0039,0.18590006056921,-0.387173602704368
45.93,1.5309,2.004,0.185864709705935,-0.387294637340817
45.94,1.5313,2.0043,0.185834164038832,-0.3873992184674
45.95,1.5315,2.0055,0.185803756158324,-0.387503326527182
45.96,1.5319,2.0079,0.185793620395878,-0.387538028244578
45.97,1.5322,2.0078,0.185772658122097,-0.387609796126442
45.98,1.5325,2.0064,0.185756382026902,-0.387665519654054
45.99,1.5328,2.0063,0.185734084133444,-0.387741859053111
46,1.5333,2.0069,0.185724865554772,-0.38777341970929
46.01,1.5337,2.0063,0.18569176287476,-0.387886748797824
46.02,1.534,2.0074,0.185649222035122,-0.388032387725854
46.03,1.5344,2.0093,0.185623439638658,-0.38812065272784
46.04,1.5347,2.0119,0.185583308703494,-0.38825803749662
46.05,1.5351,2.0122,0.185556378229622,-0.388350230349221
46.06,1.5353,2.0105,0.185535406954732,-0.388422021971883
46.07,1.5357,2.0106,0.185522714495038,-0.388465472163173
46.08,1.5359,2.0117,0.185500382202296,-0.388541921910183
46.09,1.5363,2.0122,0.1854792706782,-0.388614191969113
46.1,1.5366,2.0121,0.1854521111256,-0.388707165019215
46.11,1.5368,2.0115,0.185438002272211,-0.388755462276118
46.12,1.5372,2.0122,0.185421545699616,-0.388811795859476
46.13,1.5376,2.0126,0.185408635707228,-0.388855988639731
46.14,1.538,2.0136,0.1853957116941,-0.388900229177628
46.15,1.5384,2.0146,0.185375642205472,-0.388968929114636
46.16,1.5387,2.0156,0.185363851139269,-0.389009290887673
46.17,1.5391,2.0152,0.185353208588228,-0.389045721030697
46.18,1.5394,2.0136,0.185325853459041,-0.389139358674535
46.19,1.5398,2.0127,0.185311661186098,-0.389187938943421
46.2,1.5402,2.0135,0.185299894031942,-0.389228217793258
46.21,1.5405,2.0155,0.185272498896532,-0.389321990302365
46.22,1.5409,2.0163,0.185251025961566,-0.389395490598034
46.23,1.5412,2.0179,0.185225941300232,-0.389481352740276
46.24,1.5416,2.0205,0.185205630052154,-0.389550875338391
46.25,1.5419,2.0212,0.185192407014222,-0.389596135656503
46.26,1.5422,2.0193,0.18518020930503,-0.389637886219899
46.27,1.5425,2.0187,0.185188042793385,-0.389611073623321
46.28,1.5427,2.0207,0.185158705014016,-0.389711491022803
46.29,1.5431,2.0221,0.185153187016765,-0.389730377896141
46.3,1.5433,2.0202,0.185122570131531,-0.389835171876172
46.31,1.5437,2.0175,0.185089725021194,-0.389947591034566
46.32,1.5439,2.0179,0.185091409192307,-0.389941826649185
46.33,1.5443,2.0199,0.185069145756054,-0.39001802702866
46.34,1.5446,2.0209,0.185076469930279,-0.389992958880269
46.35,1.545,2.0214,0.185051391280633,-0.390078794221328
46.36,1.5453,2.0226,0.185065319686927,-0.39003112232699
46.37,1.5456,2.0244,0.185070571178094,-0.390013148301538
46.38,1.5459,2.0253,0.185083746572835,-0.389968053341037
46.39,1.5463,2.0254,0.185077398015438,-0.389989782356112
46.4,1.5466,2.0256,0.185073034944078,-0.390004715675058
46.41,1.547,2.025,0.185032934465806,-0.39014196479445
46.42,1.5475,2.024,0.185026101547926,-0.390165351119527
46.43,1.5477,2.0233,0.184981162819495,-0.390319156628423
46.44,1.5479,2.0246,0.184955347962452,-0.390407508235599
46.45,1.5483,2.0254,0.184910650796249,-0.3905604824951
46.46,1.5485,2.0256,0.184873282085689,-0.390688373229225
46.47,1.5489,2.0267,0.184837233938942,-0.390811742582626
46.48,1.5492,2.0286,0.184789390354616,-0.390975477192076
46.49,1.5496,2.0296,0.184758328744685,-0.391081777280224
46.5,1.5498,2.0284,0.184716738489011,-0.391224106707141
46.51,1.5502,2.0276,0.18469560691838,-0.391296421847141
46.52,1.5505,2.0288,0.184662591457703,-0.391409404022281
46.53,1.5509,2.0304,0.184643902125363,-0.391473360081159
46.54,1.5512,2.0298,0.184607266192326,-0.391598729084571
46.55,1.5517,2.0293,0.184585049965893,-0.391674752592006
46.56,1.5521,2.0315,0.184568745956844,-0.391730544156869
46.57,1.5524,2.0349,0.184560740842322,-0.391757937150221
46.58,1.5528,2.0373,0.184526494829392,-0.391875123802704
46.59,1.553,2.0371,0.184500605793179,-0.391963712556378
46.6,1.5534,2.0366,0.184480634780847,-0.392032049988047
46.61,1.5537,2.0354,0.184464114241778,-0.392088580054517
46.62,1.554,2.0328,0.184437951570637,-0.392178102825134
46.63,1.5543,2.0321,0.184422511293248,-0.392230935521837
46.64,1.5546,2.0335,0.184396316251963,-0.392320567506476
46.65,1.5549,2.0351,0.184385642434293,-0.392357089996605
46.66,1.5553,2.0349,0.184373736280446,-0.392397828967502
46.67,1.5556,2.0346,0.18437486124802,-0.392393979704403
46.68,1.556,2.0365,0.184363932144306,-0.39243137536891
46.69,1.5563,2.0382,0.184345832844292,-0.392493304625781
46.7,1.5567,2.0386,0.184327665489018,-0.392555466274988
46.71,1.5572,2.0374,0.184285757064812,-0.392698858872682
46.72,1.5575,2.0371,0.184280931037632,-0.392715371301178
46.73,1.5577,2.0383,0.184235679328339,-0.392870200069472
46.74,1.5581,2.0399,0.184232293608994,-0.392881784194577
46.75,1.5583,2.0405,0.184197966493258,-0.392999232349208
46.76,1.5587,2.0409,0.184197050300639,-0.393002367024015
46.77,1.559,2.0413,0.184185303708896,-0.393042556878883
46.78,1.5594,2.0407,0.184167580652173,-0.393103194273493
46.79,1.5597,2.0405,0.18416527151935,-0.393111094672274
46.8,1.5601,2.0418,0.184204349573578,-0.392977393151879
46.81,1.5605,2.0441,0.184198836850259,-0.39299625449595
46.82,1.5608,2.045,0.184229878964407,-0.392890045810039
46.83,1.5612,2.0438,0.184222457471693,-0.392915438115826
46.84,1.5615,2.044,0.184236208855779,-0.392868388307633
46.85,1.5619,2.0453,0.184217498807785,-0.39293240391926
46.86,1.5623,2.0452,0.18421178356301,-0.392951958280338
46.87,1.5626,2.0441,0.184196408382154,-0.393004563292586
46.88,1.5631,2.0437,0.18417754070462,-0.393069117157652
46.89,1.5633,2.0455,0.184144453514189,-0.393182320437701
46.9,1.5636,2.0475,0.184130444441513,-0.393230250088054
46.91,1.564,2.0497,0.184085550368931,-0.393383845613861
46.92,1.5642,2.0509,0.184069421582807,-0.393439026127739
46.93,1.5645,2.0512,0.18409596614752,-0.393348210496717
46.94,1.5648,2.0506,0.184092323922149,-0.393360671524877
46.95,1.5651,2.0493,0.18409326819681,-0.393357440910251
46.96,1.5653,2.0483,0.18407980340739,-0.393403507414337
46.97,1.5657,2.0502,0.184073485562513,-0.393425122296104
46.98,1.566,2.0521,0.184058580876851,-0.393476114621006
46.99,1.5662,2.0513,0.184030570803808,-0.393571942607594
47,1.5666,2.0519,0.183979057760438,-0.393748175983027
47.01,1.567,2.053,0.183941019011668,-0.39387830947938
47.02,1.5674,2.0532,0.183855818473994,-0.394169779638183
47.03,1.5678,2.0523,0.183822419506253,-0.394284034348014
47.04,1.5681,2.0518,0.18372288694402,-0.394624516432088
47.05,1.5685,2.0525,0.183699070328653,-0.394705986485434
47.06,1.5688,2.0536,0.183641010241934,-0.394904590606045
47.07,1.5692,2.0534,0.183635650809567,-0.394922923188663
47.08,1.5697,2.0539,0.183634998692285,-0.394925153831428
47.09,1.5699,2.0542,0.183622357327547,-0.394968394965698
47.1,1.5703,2.0555,0.183623934396718,-0.394963000445048
47.11,1.5706,2.057,0.183683411849169,-0.394759549373504
47.12,1.5708,2.0574,0.183667412146111,-0.394814279123723
47.13,1.5711,2.0583,0.183597132181373,-0.395054679586043
47.14,1.5714,2.0603,0.183569086397276,-0.395150611361878
47.15,1.5718,2.0617,0.183546190422163,-0.395228927172678
47.16,1.5721,2.0625,0.183501029206985,-0.395383399178797
47.17,1.5725,2.0636,0.183471784937715,-0.395483426406563
47.18,1.5729,2.0635,0.183455931913089,-0.39553764965431
47.19,1.5732,2.0623,0.18341057717355,-0.395692777781891
47.2,1.5736,2.0625,0.183261343560795,-0.396203185203889
47.21,1.5738,2.0645,0.183220553721658,-0.39634268873074
47.22,1.5743,2.0648,0.183134047486869,-0.396638537064104
47.23,1.5745,2.0625,0.183135067891325,-0.396635047378063
47.24,1.575,2.0598,0.183216569962055,-0.396356313284322
47.25,1.5752,2.06,0.18322001133168,-0.396344543718825
47.26,1.5756,2.0626,0.183299157086093,-0.396073858726075
47.27,1.5758,2.0647,0.183280184934457,-0.396138745856432
47.28,1.5762,2.0658,0.183306376293899,-0.39604916799863
47.29,1.5764,2.0672,0.183233844859926,-0.396297232555425
47.3,1.5767,2.0677,0.183175117214502,-0.396498081339865
47.31,1.577,2.0657,0.18320839635159,-0.396384267157987
47.32,1.5773,2.0642,0.183154794249524,-0.396567584821473
47.33,1.5777,2.0655,0.183145707851077,-0.396598659641128
47.34,1.578,2.0678,0.183086818458765,-0.396800054223569
47.35,1.5784,2.0682,0.183083058994184,-0.396812910969453
47.36,1.5786,2.0665,0.183029389458892,-0.396996449698321
47.37,1.579,2.0657,0.183030800798189,-0.396991623261704
47.38,1.5793,2.0667,0.183043833067605,-0.396947055941111
47.39,1.5797,2.0683,0.183050771512125,-0.396923327981417
47.4,1.5801,2.0687,0.183063348916559,-0.396880315840344
47.41,1.5803,2.0689,0.183078036037299,-0.396830088618325
47.42,1.5806,2.0697,0.183093593866836,-0.396776883400049
47.43,1.5809,2.0704,0.183118433034599,-0.396691936819111
47.44,1.5812,2.0718,0.183107191187551,-0.396730382518056
47.45,1.5816,2.074,0.183105489250415,-0.396736202912751
47.46,1.5819,2.0751,0.183075237941235,-0.396839657610204
47.47,1.5823,2.0742,0.183063188558275,-0.396880864234167
47.48,1.5827,2.0721,0.183036892200591,-0.396970792116805
47.49,1.583,2.0715,0.183034599956875,-0.396978631050356
47.5,1.5834,2.0742,0.18301805043704,-0.397035226288417
47.51,1.5837,2.0774,0.183020555363505,-0.397026660088451
47.52,1.5841,2.0781,0.182999102782194,-0.397100022073742
47.53,1.5844,2.0784,0.182987223434097,-0.39714064592769
47.54,1.5848,2.079,0.182974085061588,-0.397185575039081
47.55,1.5852,2.0782,0.182972733053683,-0.397190198467973
47.56,1.5856,2.0754,0.182981872324728,-0.39715894507223
47.57,1.5858,2.0744,0.182978956705503,-0.397168915574119
47.58,1.5862,2.076,0.182919092273014,-0.397373630460414
47.59,1.5865,2.077,0.182915528187681,-0.397385818193365
47.6,1.5869,2.0762,0.182841983904782,-0.397637305924055
47.61,1.5871,2.0755,0.182822486696333,-0.397703976150607
47.62,1.5874,2.0778,0.18280542921561,-0.397762303345368
47.63,1.5877,2.0798,0.182763589516724,-0.397905370335639
47.64,1.5881,2.0798,0.182737554217321,-0.397994394385606
47.65,1.5883,2.0782,0.182785248788391,-0.39783130876469
47.66,1.5887,2.0779,0.182758812430361,-0.397921704983655
47.67,1.589,2.0789,0.182827432886239,-0.397687062826508
47.68,1.5894,2.0804,0.182791998529412,-0.397808228608565
47.69,1.5897,2.0816,0.18283863847554,-0.397648745575729
47.7,1.5901,2.0836,0.182833643916705,-0.39766582437498
47.71,1.5904,2.0857,0.182884149284253,-0.397493120596474
47.72,1.5908,2.0863,0.18292326140903,-0.39735937367551
47.73,1.591,2.0866,0.182888349241368,-0.397478758623957
47.74,1.5915,2.0885,0.182884557753565,-0.397491723815447
47.75,1.5917,2.0877,0.182877190841853,-0.397516915298249
47.76,1.5921,2.0848,0.182752480928554,-0.397943354710516
47.77,1.5925,2.0828,0.182727461682135,-0.398028904133486
47.78,1.5927,2.0835,0.182737069011698,-0.39799605346896
47.79,1.593,2.0849,0.182709670722286,-0.39808973701382
47.8,1.5933,2.0855,0.182616095091869,-0.398409694091959
47.81,1.5937,2.0857,0.182611227278867,-0.398426337948814
47.82,1.594,2.0878,0.182600320967308,-0.398463628307736
47.83,1.5943,2.0911,0.182575219048553,-0.398549454992431
47.84,1.5947,2.0894,0.182562112911634,-0.398594266202702
47.85,1.595,2.0866,0.182573829890002,-0.398554204677845
47.86,1.5954,2.0876,0.18257577994491,-0.398547537225507
47.87,1.5958,2.0907,0.182589356122248,-0.398501118631506
47.88,1.5961,2.0915,0.182596606560992,-0.398476328396448
47.89,1.5965,2.091,0.182626019554622,-0.398375760610013
47.9,1.5967,2.0918,0.182602879202608,-0.398454881322404
47.91,1.5971,2.0943,0.182615386909784,-0.398412115485596
47.92,1.5974,2.0956,0.182604836776173,-0.398448188082221
47.93,1.5978,2.0945,0.182570437388888,-0.398565803999637
47.94,1.598,2.0937,0.182545669090319,-0.398650488949282
47.95,1.5982,2.0944,0.182459352599276,-0.398945605673866
47.96,1.5986,2.0959,0.182448509756226,-0.398982676687207
47.97,1.5989,2.0971,0.182437674594912,-0.399019721270475
47.98,1.5992,2.0985,0.182420802114142,-0.399077406652895
47.99,1.5995,2.0995,0.182407456689934,-0.399123033083338
48,1.5999,2.0994,0.182395220521374,-0.39916486687749
48.01,1.6002,2.0981,0.18237942671343,-0.399218863442097
48.02,1.6006,2.0978,0.182369494426232,-0.399252820200684
48.03,1.6011,2.0986,0.182351074388749,-0.399315794727339
48.04,1.6014,2.098,0.182334889092422,-0.399371128711025
48.05,1.6018,2.0971,0.18230087889993,-0.399487400899739
48.06,1.6021,2.0989,0.182272912679338,-0.399583009057453
48.07,1.6025,2.0991,0.182271091185207,-0.399589236163502
48.08,1.6028,2.0989,0.182249960967671,-0.399661473277162
48.09,1.6031,2.0974,0.182251369868533,-0.399656656738246
48.1,1.6033,2.0983,0.182228737341937,-0.399734029084209
48.11,1.6037,2.0993,0.182235837900946,-0.399709754943419
48.12,1.6039,2.0996,0.18219987814847,-0.399832687076587
48.13,1.6043,2.1002,0.182179489150137,-0.399902388160998
48.14,1.6046,2.1015,0.182143584632435,-0.400025128598623
48.15,1.605,2.1038,0.182126888995572,-0.400082202402512
48.16,1.6053,2.105,0.182072161986566,-0.400269283153107
48.17,1.6056,2.1033,0.182052199859181,-0.400337521340222
48.18,1.6059,2.1019,0.181986047815616,-0.400563650287195
48.19,1.6063,2.1018,0.181967894302564,-0.400625703743739
48.2,1.6067,2.1024,0.181891628115569,-0.400886396413156
48.21,1.607,2.1033,0.181878951606063,-0.400929726389754
48.22,1.6074,2.1055,0.181838937306558,-0.401066499032054
48.23,1.6077,2.1082,0.181835983153398,-0.401076596515585
48.24,1.608,2.1083,0.181813857023919,-0.401152224640766
48.25,1.6084,2.1068,0.181763310414294,-0.401324992664476
48.26,1.6087,2.1063,0.181738014163766,-0.401411453743673
48.27,1.6091,2.1072,0.181741285381135,-0.40140027296845
48.28,1.6093,2.108,0.18171346613764,-0.401495356568416
48.29,1.6096,2.1079,0.181657418166136,-0.401686920014151
48.3,1.6099,2.1092,0.181607747430402,-0.401856683312739
48.31,1.6102,2.1108,0.181570416951878,-0.401984268109943
48.32,1.6105,2.1112,0.181545192647868,-0.402070476378863
48.33,1.6107,2.1106,0.1815355539509,-0.402103417996113
48.34,1.6111,2.1103,0.181532909912707,-0.402112454349517
48.35,1.6115,2.112,0.181540756683793,-0.402085636933131
48.36,1.6119,2.113,0.181517547890311,-0.402164955915099
48.37,1.6123,2.1122,0.181521760386702,-0.402150559233589
48.38,1.6126,2.1117,0.181547102889128,-0.402063947842123
48.39,1.613,2.1124,0.181541127784086,-0.40208436864482
48.4,1.6135,2.1145,0.181608471351531,-0.401854209139797
48.41,1.6138,2.1145,0.181597839245592,-0.401890546820361
48.42,1.6142,2.1136,0.181602522450629,-0.401874540903988
48.43,1.6145,2.1132,0.181582030070851,-0.401944578034175
48.44,1.6149,2.1146,0.181571058875285,-0.401982074217784
48.45,1.6151,2.115,0.18157552724698,-0.401966802713565
48.46,1.6155,2.1144,0.181564214438829,-0.402005466317177
48.47,1.6157,2.1157,0.181504197413023,-0.402210582510619
48.48,1.6161,2.1162,0.181503749881236,-0.40221211199102
48.49,1.6164,2.116,0.18151126517833,-0.402186427745102
48.5,1.6168,2.1172,0.181538621545038,-0.402092934071317
48.51,1.6171,2.1208,0.181541764337995,-0.402082193130368
48.52,1.6175,2.1235,0.181552915702587,-0.402044081646242
48.53,1.6178,2.1235,0.181615796643709,-0.401829173166608
48.54,1.6182,2.1224,0.181601762017755,-0.40187713985808
48.55,1.6185,2.1224,0.181681161974589,-0.401605767830669
48.56,1.6189,2.1221,0.181702363351263,-0.401533304558294
48.57,1.6192,2.1204,0.181691096121123,-0.401571814418407
48.58,1.6196,2.1203,0.181756730861839,-0.401347481270645
48.59,1.62,2.121,0.181737135359702,-0.401414457427359
48.6,1.6202,2.1236,0.181660544241391,-0.401676235681531
48.61,1.6204,2.1249,0.181660448989983,-0.401676561232993
48.62,1.6208,2.1245,0.1815521466657,-0.402046709952404
48.63,1.621,2.1231,0.181563300919976,-0.40200858842804
48.64,1.6214,2.1235,0.181466149333395,-0.402340614252885
48.65,1.6217,2.124,0.181473007332486,-0.402317176754681
48.66,1.622,2.1244,0.181492520141182,-0.402250490551374
48.67,1.6223,2.1264,0.181423858263302,-0.402485144276307
48.68,1.6227,2.1292,0.181390229762906,-0.402600068097394
48.69,1.623,2.1306,0.181360348007218,-0.402702186248422
48.7,1.6234,2.129,0.181316277044169,-0.402852792398839
48.71,1.6237,2.1281,0.181290249664334,-0.402941735916027
48.72,1.6241,2.1283,0.181253657931011,-0.403066779435167
48.73,1.6244,2.128,0.181214864979246,-0.403199343019351
48.74,1.6248,2.1277,0.18118459954622,-0.403302764816329
48.75,1.6252,2.1287,0.181137885951183,-0.403462390048245
48.76,1.6255,2.1299,0.181090343673359,-0.403624843798182
48.77,1.6257,2.1291,0.181055049971424,-0.403745441630942
48.78,1.6261,2.1283,0.181005719583146,-0.403913999563927
48.79,1.6265,2.1291,0.180988841583323,-0.403971669527128
48.8,1.6268,2.1317,0.180951888761754,-0.404097931174093
48.81,1.6272,2.1328,0.180947254880498,-0.404113764239212
48.82,1.6275,2.133,0.180940096692999,-0.404138222304753
48.83,1.6279,2.1337,0.180929279133239,-0.404175183560479
48.84,1.6282,2.1357,0.180905357831337,-0.40425691687215
48.85,1.6286,2.1366,0.180899360523859,-0.404277408096253
48.86,1.6289,2.1353,0.180876684721275,-0.404354884895549
48.87,1.6293,2.1343,0.180894394648958,-0.404294375147604
48.88,1.6296,2.1362,0.180873894558859,-0.404364418040426
48.89,1.63,2.137,0.180827458170091,-0.404523075578471
48.9,1.6303,2.1357,0.180813426213754,-0.404571017457058
48.91,1.6306,2.1345,0.180759093547951,-0.404756648958007
48.92,1.6309,2.1358,0.180740889692042,-0.404818842818434
48.93,1.6313,2.1379,0.180694432377996,-0.404977563089198
48.94,1.6315,2.1396,0.18068397407962,-0.405013293186391
48.95,1.6319,2.141,0.180645137630301,-0.405145974036136
48.96,1.6321,2.1415,0.180638678851338,-0.405168039601913
48.97,1.6325,2.1407,0.180629826838968,-0.405198281237645
48.98,1.6327,2.139,0.180675554774484,-0.40504205708293
48.99,1.6329,2.1377,0.180650748573158,-0.405126804942496
49,1.6333,2.1377,0.180651041703651,-0.405125803497124
49.01,1.6337,2.1374,0.180640594158252,-0.405161496214826
49.02,1.634,2.1378,0.180553159887295,-0.405460198278294
49.03,1.6344,2.14,0.180528313348966,-0.405545079632955
49.04,1.6346,2.1428,0.180539305971234,-0.40550752647465
49.05,1.635,2.1443,0.180533543409816,-0.405527212643314
49.06,1.6353,2.144,0.180499384837314,-0.405643904822483
49.07,1.6357,2.143,0.180415809186231,-0.405929408164581
49.08,1.636,2.1446,0.180392547075915,-0.406008872254076
49.09,1.6364,2.1463,0.180504419929887,-0.405626704092738
49.1,1.6367,2.1468,0.180490307581885,-0.40567491417495
49.11,1.6371,2.1474,0.180479780867822,-0.405710874963039
49.12,1.6374,2.1483,0.180484766317541,-0.405693843960421
49.13,1.6377,2.1484,0.180473037397678,-0.405733911556453
49.14,1.6379,2.146,0.180492186384326,-0.405668495895708
49.15,1.6383,2.1445,0.180497992223461,-0.40564866222113
49.16,1.6386,2.1462,0.180485851214105,-0.405690137795375
49.17,1.639,2.1493,0.18048316376459,-0.405699318512208
49.18,1.6392,2.1495,0.180478086157926,-0.405716664324139
49.19,1.6396,2.1485,0.180506206936743,-0.405620599365752
49.2,1.6399,2.1488,0.180441545199776,-0.405841492251227
49.21,1.6403,2.1501,0.180406060401034,-0.405962710410204
49.22,1.6407,2.1502,0.180331875706677,-0.406216123921674
49.23,1.6411,2.1481,0.180336623850647,-0.406199904585438
49.24,1.6414,2.1481,0.180336520412243,-0.406200257924317
49.25,1.6418,2.1493,0.180280644328163,-0.406391124786878
49.26,1.6422,2.15,0.180277524413013,-0.406401781960459
49.27,1.6425,2.1502,0.180247006808798,-0.406506024902949
49.28,1.6429,2.1513,0.18026062880492,-0.40645949464551
49.29,1.6431,2.1523,0.180246801271416,-0.406506726979192
49.3,1.6435,2.1512,0.180253108460628,-0.406485182804262
49.31,1.6438,2.1508,0.180246242642166,-0.406508635149175
49.32,1.6442,2.1526,0.180224006368084,-0.406584589621816
49.33,1.6444,2.1556,0.180192599046368,-0.406691869285609
49.34,1.6447,2.1565,0.180169721550481,-0.406770012288286
49.35,1.6451,2.1564,0.180159019549056,-0.406806567018917
49.36,1.6455,2.1575,0.180155479610732,-0.40681865831889
49.37,1.6458,2.1598,0.180148328278636,-0.406843084933663
49.38,1.6462,2.1603,0.180132825875064,-0.406896035832216
49.39,1.6466,2.1586,0.180105507102036,-0.406989346570833
49.4,1.647,2.1576,0.180083012264934,-0.407066179749609
49.41,1.6473,2.1588,0.180071451604247,-0.40710566596724
49.42,1.6476,2.1585,0.180056474965377,-0.407156819407502
49.43,1.6479,2.1583,0.180026272791071,-0.407259975439473
49.44,1.6482,2.1601,0.180006991435637,-0.407325830555656
49.45,1.6485,2.1628,0.180004471253492,-0.40733443815266
49.46,1.6488,2.1631,0.179972224029821,-0.407444576661606
49.47,1.6491,2.1603,0.179946149734476,-0.407533630816856
49.48,1.6495,2.1589,0.179929724692617,-0.407589728414562
49.49,1.6498,2.1599,0.179919330162897,-0.407625229383574
49.5,1.6501,2.1618,0.17991599852272,-0.407636608072272
49.51,1.6504,2.1629,0.179912656353219,-0.407648022706406
49.52,1.6508,2.1643,0.179909313629936,-0.407659439216057
49.53,1.6511,2.1667,0.179904779579384,-0.407674924478493
49.54,1.6515,2.1673,0.179917951443383,-0.407629938183345
49.55,1.6518,2.1668,0.179903534395194,-0.407679177183799
49.56,1.6522,2.167,0.179870154826392,-0.407793178349926
49.57,1.6525,2.1673,0.179837005856114,-0.407906390390842
49.58,1.6528,2.1648,0.17978382210724,-0.408088022968358
49.59,1.6531,2.1631,0.179766753463921,-0.408146314769182
49.6,1.6535,2.1641,0.179752049303331,-0.408196531200249
49.61,1.6538,2.1669,0.179761189509728,-0.408165316360622
49.62,1.6541,2.1681,0.17976295040704,-0.408159302683347
49.63,1.6544,2.1678,0.179756294807074,-0.408182032339048
49.64,1.6547,2.1677,0.179748408222122,-0.408208965871819
49.65,1.6549,2.1678,0.17979258756457,-0.408058087546906
49.66,1.6553,2.1686,0.17979821880499,-0.408038855913873
49.67,1.6556,2.1687,0.179840356946317,-0.407894945648738
49.68,1.6558,2.1696,0.179833168376968,-0.407919496243267
49.69,1.6562,2.1714,0.179861525327422,-0.407822650401455
49.7,1.6566,2.1734,0.179824235871583,-0.407950002672811
49.71,1.6569,2.1722,0.179799107900014,-0.408035819500741
49.72,1.6573,2.1714,0.179777679186384,-0.408109001948584
49.73,1.6576,2.1721,0.179756371902507,-0.408181769049446
49.74,1.658,2.1731,0.179719870450212,-0.408306424684676
49.75,1.6584,2.1735,0.179695639367356,-0.408389174898131
49.76,1.6587,2.1738,0.179676424252413,-0.408454794769158
49.77,1.659,2.1755,0.179652561484598,-0.408536285707788
49.78,1.6594,2.1765,0.179734375024914,-0.408256890526209
49.79,1.6597,2.1758,0.179722686035107,-0.408296809284498
49.8,1.66,2.1754,0.17975371465923,-0.408190843830135
49.81,1.6603,2.1765,0.17972980295405,-0.408272504506904
49.82,1.6606,2.1786,0.179721510438528,-0.408300824022401
49.83,1.6609,2.1786,0.179682435370852,-0.408434266776617
49.84,1.6613,2.1773,0.179643764962043,-0.408566325476371
49.85,1.6615,2.1777,0.179535543211651,-0.408935889403382
49.86,1.662,2.1787,0.179475814909379,-0.409139847081111
49.87,1.6622,2.1788,0.179365771910435,-0.409515604020998
49.88,1.6627,2.1784,0.179331559081987,-0.409632424928697
49.89,1.663,2.1795,0.179288283215876,-0.409780189522468
49.9,1.6634,2.1809,0.179253944189788,-0.409897437563989
49.91,1.6638,2.1794,0.179239084593177,-0.4099481740297
49.92,1.6641,2.1781,0.179219723512302,-0.410014279851321
49.93,1.6645,2.1795,0.179224357141634,-0.409998458991923
49.94,1.6647,2.1816,0.179214621334029,-0.410031700468351
49.95,1.6651,2.1817,0.179209806555713,-0.410048139767823
49.96,1.6654,2.1817,0.179240481578477,-0.409943404189663
49.97,1.6656,2.1825,0.179230392780612,-0.409977851127087
49.98,1.666,2.1842,0.179222647350287,-0.410004296831546
49.99,1.6664,2.1856,0.179203055623216,-0.410071189704394
50,1.6666,2.184,0.179177509187591,-0.410158413177002
50.01,1.6669,2.1831,0.179161654776177,-0.410212544601202
50.02,1.6672,2.1832,0.17914216641752,-0.410279082856582
50.03,1.6675,2.1838,0.179133387624225,-0.410309055732974
50.04,1.6679,2.1845,0.179125650886313,-0.410335470695362
50.05,1.6682,2.1861,0.179120253290138,-0.410353899251833
50.06,1.6686,2.1873,0.179128884144735,-0.410324431634613
50.07,1.669,2.1853,0.179119456475622,-0.410356619744802
50.08,1.6693,2.1829,0.17911822544519,-0.410360822740802
50.09,1.6698,2.1826,0.179102576698852,-0.410414250654753
50.1,1.67,2.1843,0.179092823142054,-0.410447551050596
50.11,1.6704,2.1862,0.179091337141588,-0.410452624511427
50.12,1.6706,2.1862,0.179079034116364,-0.410494629032596
50.13,1.671,2.187,0.17905367149409,-0.410581220457174
50.14,1.6712,2.1882,0.179047472207025,-0.410602385523555
50.15,1.6715,2.1898,0.179029256801567,-0.410664574660653
50.16,1.6719,2.1896,0.179025333995783,-0.410677967433437
50.17,1.6723,2.19,0.179022564603706,-0.410687422346424
50.18,1.6725,2.1909,0.17899711740591,-0.41077430048647
50.19,1.6728,2.1913,0.178988358465791,-0.410804203780075
50.2,1.6732,2.1908,0.178978137093125,-0.410839099726432
50.21,1.6736,2.1914,0.178965350738804,-0.410882752357019
50.22,1.674,2.1942,0.178951320284467,-0.410930652080266
50.23,1.6744,2.1952,0.178946761092447,-0.410946217021264
50.24,1.6747,2.1943,0.178927871813017,-0.411010704125237
50.25,1.6751,2.1937,0.178905449371634,-0.411087252620577
50.26,1.6754,2.1953,0.178883224785511,-0.41116312495059
50.27,1.6757,2.197,0.178868218328341,-0.411214354974485
50.28,1.676,2.1971,0.178829336500401,-0.411347090815294
50.29,1.6764,2.1973,0.178810850205559,-0.411410199080032
50.3,1.6767,2.1973,0.178798278320449,-0.411453116535885
50.31,1.677,2.1969,0.178791606578196,-0.41147589220224
50.32,1.6773,2.1953,0.178774137905592,-0.411535525601081
50.33,1.6776,2.1949,0.178768498174602,-0.411554778049343
50.34,1.6778,2.1981,0.178757965353063,-0.411590734005731
50.35,1.6782,2.2001,0.178748544200921,-0.411622894916491
50.36,1.6785,2.1989,0.178730685929738,-0.411683857207245
50.37,1.6789,2.197,0.178713928562388,-0.411741060962052
50.38,1.6792,2.1976,0.178684094915543,-0.41184290154905
50.39,1.6796,2.1984,0.178661451574791,-0.411920196357366
50.4,1.68,2.1974,0.178644865782292,-0.411976812791977
50.41,1.6804,2.1978,0.178632983859131,-0.41201737209318
50.42,1.6808,2.2005,0.178623533493957,-0.412049631055511
50.43,1.6811,2.2033,0.178608043811647,-0.412102505043361
50.44,1.6815,2.204,0.178596062245861,-0.412143403852096
50.45,1.6818,2.2042,0.178572126248002,-0.412225108240573
50.46,1.6822,2.2056,0.178570775927277,-0.412229717471871
50.47,1.6824,2.2064,0.178551456543544,-0.412295662639381
50.48,1.6828,2.2058,0.178529723145827,-0.412369847218431
50.49,1.683,2.2054,0.178521061355475,-0.412399413107237
50.5,1.6834,2.2065,0.178498012621137,-0.412478086430761
50.51,1.6836,2.2084,0.178477285975371,-0.41254883301837
50.52,1.6839,2.2089,0.178473164117096,-0.412562902149863
50.53,1.6843,2.2088,0.178459397604865,-0.412609891187159
50.54,1.6847,2.2091,0.178458586348696,-0.41261266022775
50.55,1.685,2.2099,0.178448029445257,-0.412648693759823
50.56,1.6854,2.2094,0.178444401631001,-0.412661076422744
50.57,1.6857,2.2083,0.178432269457415,-0.412702486515535
50.58,1.6861,2.2081,0.178431840371795,-0.412703951086488
50.59,1.6864,2.2074,0.178427747923159,-0.412717919570877
50.6,1.6868,2.2064,0.178425988173161,-0.412723926001923
50.61,1.6871,2.2072,0.178407423897504,-0.412787289872786
50.62,1.6875,2.2099,0.178391125085237,-0.412842920826958
50.63,1.6878,2.2138,0.178372451460826,-0.412906657005511
50.64,1.6881,2.2156,0.178351266099139,-0.412978965562399
50.65,1.6884,2.2149,0.178328853830953,-0.413055461028442
50.66,1.6887,2.2148,0.178302869223374,-0.413144148380346
50.67,1.689,2.2152,0.17828168449348,-0.413216452693947
50.68,1.6894,2.2149,0.178261548141532,-0.413285178263553
50.69,1.6896,2.2133,0.178244951024302,-0.413341823958297
50.7,1.6901,2.2127,0.178231917682086,-0.413386306272761
50.71,1.6904,2.2134,0.178228443955219,-0.413398161933367
50.72,1.6908,2.2142,0.178196347735799,-0.413507703958882
50.73,1.6911,2.2154,0.178178629280257,-0.413568175113816
50.74,1.6916,2.2167,0.178141828726352,-0.413693769967727
50.75,1.692,2.2186,0.178131200560579,-0.413730041970622
50.76,1.6923,2.2187,0.178105065683655,-0.413819234887281
50.77,1.6927,2.2168,0.17809690682889,-0.413847079169071
50.78,1.693,2.216,0.178060108985606,-0.413972660515262
50.79,1.6933,2.2165,0.178050815781976,-0.41400437546817
50.8,1.6936,2.2185,0.178027251429778,-0.414084793078453
50.81,1.6939,2.2187,0.178016834903226,-0.414120341107211
50.82,1.6942,2.2186,0.177995571682182,-0.414192904703482
50.83,1.6946,2.2194,0.177982615376278,-0.414237119522912
50.84,1.6948,2.2196,0.177956445667542,-0.41432642580869
50.85,1.6952,2.2195,0.177939818574136,-0.41438316663036
50.86,1.6955,2.2206,0.177936189826738,-0.414395549867709
50.87,1.6959,2.2229,0.177929001106545,-0.414420081591451
50.88,1.6962,2.224,0.177925331523516,-0.414432604125641
50.89,1.6966,2.2219,0.177912116617864,-0.414477700128947
50.9,1.697,2.222,0.177902375825956,-0.41451094052464
50.91,1.6974,2.2238,0.177893772009505,-0.41454030088651
50.92,1.6978,2.2251,0.177876770322612,-0.414598318515289
50.93,1.6981,2.2245,0.177864568248155,-0.414639957391667
50.94,1.6983,2.2242,0.177854633613148,-0.414673858605875
50.95,1.6987,2.2259,0.177851825119836,-0.414683442358243
50.96,1.6989,2.2278,0.177841801829247,-0.414717645921726
50.97,1.6992,2.2277,0.177833036164553,-0.414747557835183
50.98,1.6995,2.2269,0.177825496896806,-0.414773284710407
50.99,1.6998,2.227,0.177802443284267,-0.414851951985594
51,1.7,2.2286,0.177792499943334,-0.414885882033809
51.01,1.7002,2.2297,0.177811001763042,-0.414822747444222
51.02,1.7005,2.2293,0.17779596705488,-0.414874051090392
51.03,1.7008,2.2282,0.177811839225923,-0.414819889720595
51.04,1.7012,2.2267,0.177795380904577,-0.414876051232331
51.05,1.7015,2.2265,0.177788473879323,-0.414899620288507
51.06,1.7019,2.2282,0.177782585118225,-0.414919714637045
51.07,1.7022,2.2304,0.177787367829426,-0.414903394490548
51.08,1.7026,2.2309,0.177788479135834,-0.414899602351574
51.09,1.703,2.2306,0.177790676846731,-0.414892103041929
51.1,1.7033,2.231,0.177774815727982,-0.414946226222538
51.11,1.7037,2.2323,0.177767099370175,-0.414972556760242
51.12,1.704,2.2336,0.177743878825545,-0.415051791746327
51.13,1.7044,2.2331,0.177730144414776,-0.415098657034106
51.14,1.7046,2.2306,0.177714010532689,-0.415153709584704
51.15,1.705,2.2298,0.177701309383716,-0.415197048593977
51.16,1.7052,2.2319,0.177689753831363,-0.41523647838671
51.17,1.7055,2.2342,0.177684096138197,-0.415255783467574
51.18,1.7058,2.236,0.177674758692965,-0.415287644434484
51.19,1.7061,2.2379,0.177655780106577,-0.415352402250707
51.2,1.7065,2.2385,0.177635621374096,-0.415421186346209
51.21,1.7068,2.237,0.17761549498166,-0.415489859519782
51.22,1.7072,2.2361,0.177595352563574,-0.415558586800501
51.23,1.7076,2.2371,0.17758355355899,-0.415598845528412
51.24,1.7079,2.2379,0.177567041214562,-0.415655186050532
51.25,1.7083,2.2377,0.177544517944563,-0.415732035375315
51.26,1.7087,2.2368,0.177522009933648,-0.415808831919035
51.27,1.7091,2.2372,0.177506751615374,-0.415860892358063
51.28,1.7094,2.2392,0.177496362048458,-0.415896340729801
51.29,1.7098,2.2413,0.177478748090796,-0.41595643779625
51.3,1.7102,2.2413,0.177464713984557,-0.41600432045252
51.31,1.7105,2.2403,0.177445926285736,-0.416068421349777
51.32,1.7107,2.2412,0.177441558918862,-0.416083322099135
51.33,1.7111,2.2425,0.177419364119475,-0.416159046747569
51.34,1.7113,2.2439,0.177399590882371,-0.416226508875603
51.35,1.7117,2.2439,0.177371445428274,-0.416322534293766
51.36,1.712,2.2437,0.177368562912108,-0.416332368671935
51.37,1.7123,2.2436,0.177347887144541,-0.416402908544824
51.38,1.7126,2.2431,0.177328497400168,-0.416469060320617
51.39,1.713,2.2434,0.177318700454472,-0.416502484249293
51.4,1.7133,2.2446,0.177297024732338,-0.416576434139912
51.41,1.7137,2.2452,0.177271893374449,-0.416662172604274
51.42,1.714,2.2431,0.177275629223163,-0.416649427391212
51.43,1.7144,2.2438,0.177250655348979,-0.416734627828948
51.44,1.7148,2.2466,0.177235224595621,-0.416787270679497
51.45,1.7151,2.2488,0.177223289906174,-0.416827986287694
51.46,1.7155,2.25,0.177205336177355,-0.416889235678495
51.47,1.7157,2.2493,0.177214899167505,-0.416856611463895
51.48,1.7161,2.2497,0.177195884821939,-0.416921478923219
51.49,1.7163,2.2495,0.17720194476191,-0.416900805487347
51.5,1.7166,2.2487,0.177183061354848,-0.416965225905505
51.51,1.717,2.2493,0.177179790139799,-0.416976385548072
51.52,1.7174,2.2513,0.177159895280102,-0.417044255881693
51.53,1.7176,2.2528,0.177146055314204,-0.417091469913196
51.54,1.7179,2.253,0.177133594246266,-0.417133979703322
51.55,1.7183,2.2511,0.17711647181052,-0.417192390963813
51.56,1.7187,2.246,0.177097109096922,-0.417258444180104
51.57,1.719,2.2416,0.177076599029445,-0.417328410856837
51.58,1.7194,2.2418,0.177059842905792,-0.417385571138223
51.59,1.7197,2.2469,0.177052725899404,-0.417409849311534
51.6,1.7201,2.2548,0.177027806369695,-0.417494856491437
51.61,1.7204,2.2591,0.17703410908688,-0.417473356320618
51.62,1.7208,2.2597,0.17702268083829,-0.417512340940825
51.63,1.721,2.2579,0.177017332404445,-0.417530585725688
51.64,1.7214,2.2575,0.17699061131511,-0.417621737135367
51.65,1.7217,2.2591,0.176985475071614,-0.417639257856054
51.66,1.7221,2.2621,0.176960079586122,-0.417725886223974
51.67,1.7223,2.2648,0.17695024034595,-0.417759449318924
51.68,1.7227,2.2626,0.176935661803272,-0.417809178619798
51.69,1.7229,2.2568,0.176924777364092,-0.417846306658261
51.7,1.7233,2.2518,0.176899645049289,-0.417932035152589
51.71,1.7236,2.2497,0.176891359922727,-0.417960296238365
51.72,1.7238,2.2513,0.176872402637238,-0.418024960361608
51.73,1.7243,2.2528,0.176865539488447,-0.418048370734561
51.74,1.7247,2.2546,0.176842064194669,-0.418128445047729
51.75,1.725,2.2597,0.176827036807966,-0.418179703109692
51.76,1.7254,2.2666,0.176808428920766,-0.418243173731863
51.77,1.7259,2.2727,0.176791062238355,-0.418302410221441
51.78,1.7262,2.2734,0.176772569430562,-0.418365487373761
51.79,1.7266,2.2704,0.176764948272607,-0.418391482254789
51.8,1.7269,2.2652,0.176741878246954,-0.418470170921221
51.81,1.7272,2.2595,0.176728498953116,-0.418515805497006
51.82,1.7275,2.2551,0.176718848082124,-0.418548722877107
51.83,1.7277,2.2528,0.176711603919711,-0.418573431321825
51.84,1.728,2.2541,0.176698524940797,-0.418618041015454
51.85,1.7283,2.2575,0.176685642715374,-0.418661979387097
51.86,1.7287,2.2611,0.17667168134402,-0.418709598217618
51.87,1.7289,2.2665,0.176662543904711,-0.418740763643927
51.88,1.7293,2.2728,0.176661806859557,-0.41874327750789
51.89,1.7296,2.2768,0.176649159900888,-0.418786412782939
51.9,1.73,2.2753,0.176629405792763,-0.418853788124761
51.91,1.7302,2.271,0.176624105930265,-0.418871864273295
51.92,1.7306,2.2664,0.176614138689543,-0.418905859259688
51.93,1.7309,2.2652,0.176617410530696,-0.418894700098974
51.94,1.7313,2.2655,0.176604062518574,-0.418940225628585
51.95,1.7316,2.2656,0.176593267389744,-0.418977043957246
51.96,1.732,2.2672,0.176575334756291,-0.419038205400548
51.97,1.7323,2.2695,0.176580239468788,-0.419021477322886
51.98,1.7327,2.2721,0.176549257488486,-0.419127144305595
51.99,1.7331,2.2749,0.176533879278358,-0.419179592645879
52,1.7333,2.2752,0.176523289079673,-0.419215710981455
52.01,1.7336,2.2742,0.176503185514302,-0.419284274633698
52.02,1.7339,2.273,0.176472370788333,-0.419389367825545
52.03,1.7342,2.2719,0.176459553205189,-0.41943308161813
52.04,1.7345,2.2727,0.176452689468577,-0.419456489988565
52.05,1.7348,2.2744,0.176451785258674,-0.419459573738347
52.06,1.7352,2.2751,0.176431789635939,-0.419527767229552
52.07,1.7355,2.273,0.176414282917053,-0.419587472046666
52.08,1.7359,2.2726,0.17639441032676,-0.419655244893329
52.09,1.7364,2.2755,0.176388960912921,-0.419673829302522
52.1,1.7367,2.2775,0.176372707351142,-0.419729259389646
52.11,1.7371,2.2777,0.17636838494092,-0.419744000192705
52.12,1.7374,2.2767,0.176362839518997,-0.419762911818628
52.13,1.7378,2.2776,0.176351301423022,-0.419802260200989
52.14,1.738,2.2777,0.176326666895628,-0.41988627072892
52.15,1.7384,2.2772,0.176315302311709,-0.419925026803037
52.16,1.7386,2.2768,0.176289640297692,-0.420012540018663
52.17,1.739,2.2764,0.176277153444263,-0.420055122648915
52.18,1.7393,2.276,0.176261133649711,-0.420109752981581
52.19,1.7397,2.2757,0.176254777210804,-0.420131429461891
52.2,1.74,2.2771,0.176246065989967,-0.420161136035009
52.21,1.7404,2.2808,0.176230310877349,-0.420214863065902
52.22,1.7406,2.2837,0.176220638669117,-0.420247846409396
52.23,1.7411,2.2827,0.176206219879754,-0.42029701589539
52.24,1.7414,2.2803,0.176190613535927,-0.420350234727329
52.25,1.7418,2.2796,0.176165449278856,-0.420436046052769
52.26,1.7421,2.2809,0.176145173833959,-0.420505185642564
52.27,1.7425,2.2826,0.176123739811158,-0.420578275369478
52.28,1.7429,2.2845,0.17611193886086,-0.420618516172621
52.29,1.7432,2.2857,0.176083367670573,-0.420715942057195
52.3,1.7436,2.2853,0.176073861300162,-0.420748357900789
52.31,1.7439,2.2842,0.176057143192884,-0.420805364789982
52.32,1.7443,2.2844,0.176035606268832,-0.420878802726838
52.33,1.7445,2.2866,0.176022488806438,-0.420923531140815
52.34,1.7447,2.2881,0.176016532794815,-0.420943840091751
52.35,1.745,2.2866,0.175998595579622,-0.421005002534349
52.36,1.7453,2.2839,0.175978203496787,-0.421074535049433
52.37,1.7457,2.2841,0.175964962411946,-0.421119683920193
52.38,1.7459,2.2871,0.175944559660765,-0.421189251841771
52.39,1.7463,2.2884,0.175942124036418,-0.421197556629682
52.4,1.7466,2.2886,0.175921784489454,-0.421266908386042
52.41,1.747,2.2888,0.175912222321711,-0.42129951230875
52.42,1.7473,2.2887,0.175897841719032,-0.421348545304588
52.43,1.7477,2.2879,0.175882213651855,-0.421401831401368
52.44,1.748,2.2873,0.175874935175506,-0.421426648274061
52.45,1.7484,2.2881,0.175865284458347,-0.421459553482124
52.46,1.7489,2.2894,0.175860443075983,-0.421476060671465
52.47,1.7492,2.2894,0.175845942497879,-0.421525501680383
52.48,1.7496,2.2892,0.175828924142075,-0.421583526896872
52.49,1.7499,2.2913,0.175834503141333,-0.42156450497279
52.5,1.7502,2.2939,0.175816117857487,-0.421627190506341
52.51,1.7504,2.295,0.175815522191369,-0.421629221451408
52.52,1.7508,2.2943,0.175780081470348,-0.421750056962514
52.53,1.7511,2.2933,0.175769702768805,-0.421785442918504
52.54,1.7515,2.2928,0.17574243795504,-0.421878400979561
52.55,1.7518,2.293,0.175730691355141,-0.42191845011872
52.56,1.7522,2.2941,0.175714097449111,-0.421975025447193
52.57,1.7525,2.2961,0.175693819709509,-0.422044159923943
52.58,1.7529,2.2984,0.175674640907654,-0.422109547171868
52.59,1.7532,2.2986,0.175667313975551,-0.422134527110519
52.6,1.7536,2.2974,0.175653923151897,-0.42218018066813
52.61,1.754,2.2963,0.175656016954884,-0.422173042247529
52.62,1.7543,2.2979,0.175649696779794,-0.422194589656159
52.63,1.7545,2.3002,0.17563135296919,-0.422257128993524
52.64,1.7549,2.3005,0.175621430603299,-0.422290957000451
52.65,1.7552,2.3,0.175595950001178,-0.422377826570597
52.66,1.7555,2.3015,0.175586082712608,-0.422411466310824
52.67,1.7557,2.3026,0.1755641389691,-0.422486276828284
52.68,1.7561,2.3033,0.175546856941671,-0.422545194163986
52.69,1.7564,2.3034,0.175534144534618,-0.42258853262647
52.7,1.7567,2.3025,0.175520059947389,-0.422636548785984
52.71,1.757,2.301,0.175507064255671,-0.422680852512729
52.72,1.7574,2.2996,0.175491588388406,-0.422733611116356
52.73,1.7577,2.3009,0.175486808153438,-0.422749907292763
52.74,1.7581,2.3036,0.175465145583823,-0.422823756198401
52.75,1.7584,2.305,0.175455262987893,-0.422857446297745
52.76,1.7588,2.305,0.175451222080568,-0.422871221845922
52.77,1.7591,2.3056,0.175447148991869,-0.422885107077804
52.78,1.7595,2.3069,0.175427446215131,-0.422952273863451
52.79,1.7599,2.3076,0.175421975007834,-0.422970925117287
52.8,1.7602,2.3079,0.175406842575756,-0.423022511103934
52.81,1.7606,2.3064,0.175391631094879,-0.423074366239319
52.82,1.7609,2.3062,0.175370301241814,-0.423147078031819
52.83,1.7612,2.3067,0.175364428240246,-0.423167098519648
52.84,1.7614,2.3061,0.175342970107836,-0.423240246779536
52.85,1.7617,2.3054,0.175318859310327,-0.423322436887738
52.86,1.7621,2.3073,0.175306557720454,-0.423364370854118
52.87,1.7623,2.3095,0.175296551316405,-0.4233984807761
52.88,1.7627,2.3108,0.175288908498234,-0.423424533589537
52.89,1.763,2.3123,0.17527761709705,-0.423463023529697
52.9,1.7634,2.3154,0.175256754429097,-0.423534139370545
52.91,1.7637,2.316,0.175242920231938,-0.423581296497834
52.92,1.7641,2.3158,0.175237438460857,-0.423599982334008
52.93,1.7645,2.3138,0.175224712453629,-0.423643361596897
52.94,1.7649,2.3122,0.175217899099278,-0.423666586249163
52.95,1.7652,2.3115,0.175203843093134,-0.423714498690833
52.96,1.7655,2.3105,0.17519823943982,-0.423733599679819
52.97,1.7659,2.3101,0.17517814699764,-0.423802087762736
52.98,1.7662,2.3108,0.175173465145535,-0.423818046471279
52.99,1.7666,2.3114,0.175149541553815,-0.423899592696046
53,1.7669,2.3113,0.175136362108077,-0.423944515958083
53.01,1.7672,2.3115,0.175132707802479,-0.423956971926147
53.02,1.7674,2.3145,0.175124245515468,-0.423985816178282
53.03,1.7678,2.3176,0.175108540610097,-0.424039347095002
53.04,1.768,2.3192,0.175099988726357,-0.42406849645082
53.05,1.7684,2.3195,0.175099835225686,-0.424069019661584
53.06,1.7686,2.32,0.175086542271197,-0.424114328893224
53.07,1.7689,2.3196,0.175073138234679,-0.424160016496801
53.08,1.7693,2.3181,0.175059599942853,-0.424206161451371
53.09,1.7697,2.3166,0.175049616222789,-0.424240190564409
53.1,1.7699,2.3167,0.175033596190457,-0.424294793913618
53.11,1.7702,2.3181,0.175021181073885,-0.424337109867574
53.12,1.7707,2.3194,0.175008837774342,-0.424379180822922
53.13,1.7711,2.3202,0.174994092731979,-0.424429437606697
53.14,1.7714,2.3203,0.174991294619509,-0.424438974617077
53.15,1.7718,2.32,0.174976540682595,-0.424489261351141
53.16,1.7722,2.3189,0.174968983974063,-0.424515017218029
53.17,1.7725,2.3185,0.174955445309171,-0.424561161451962
53.18,1.7728,2.3209,0.174947990258223,-0.424586570613121
53.19,1.7731,2.3235,0.174940597744917,-0.424611766548777
53.2,1.7734,2.324,0.174946338264691,-0.424592201116652
53.21,1.7737,2.3231,0.174930479137006,-0.424646253719512
53.22,1.774,2.3236,0.174930283013921,-0.424646922162834
53.23,1.7744,2.3234,0.174911049902523,-0.424712473819105
53.24,1.7747,2.3236,0.174911064951045,-0.42471242252987
53.25,1.775,2.3227,0.174903957203867,-0.424736647526524
53.26,1.7753,2.3221,0.17489559714096,-0.424765140639972
53.27,1.7757,2.3222,0.17488723937386,-0.424793625830063
53.28,1.776,2.3223,0.174877675814039,-0.424826220517664
53.29,1.7764,2.3225,0.174868141992665,-0.424858713721572
53.3,1.7767,2.325,0.174863488757184,-0.424874572848658
53.31,1.7771,2.329,0.17486375408119,-0.424873668573917
53.32,1.7774,2.3319,0.174853214854881,-0.424909588187743
53.33,1.7778,2.3312,0.174845056015701,-0.424937394898442
53.34,1.7782,2.3298,0.174834512824335,-0.424973327747389
53.35,1.7785,2.3304,0.174837196788126,-0.424964180392944
53.36,1.7787,2.3295,0.174826763862295,-0.424999737324644
53.37,1.7791,2.3277,0.174805575528968,-0.42507194977932
53.38,1.7793,2.3277,0.174797629772843,-0.425099029733212
53.39,1.7797,2.33,0.174785044561683,-0.425141921244417
53.4,1.78,2.3314,0.174776155538518,-0.425172215685648
53.41,1.7804,2.331,0.174765033393826,-0.425210120611214
53.42,1.7806,2.3326,0.17475395375508,-0.425247880500263
53.43,1.7811,2.3367,0.174746488205277,-0.425273323319772
53.44,1.7815,2.339,0.174743920910068,-0.425282072721292
53.45,1.7818,2.3372,0.174745052163338,-0.425278217385102
53.46,1.7822,2.3356,0.174733107470896,-0.425318925070199
53.47,1.7825,2.3367,0.174718766405795,-0.425367799361837
53.48,1.7829,2.3385,0.174710504974945,-0.425395954152749
53.49,1.7831,2.339,0.17470959947238,-0.425399040081496
53.5,1.7835,2.3383,0.174690804068586,-0.425463094058058
53.51,1.7837,2.3394,0.174668341672614,-0.425539644341244
53.52,1.7841,2.3384,0.174649454418755,-0.425604010237191
53.53,1.7843,2.3371,0.174617211838651,-0.425713888601793
53.54,1.7846,2.336,0.174601617462758,-0.425767031604863
53.55,1.785,2.3364,0.17457996999015,-0.425840801971332
53.56,1.7854,2.3373,0.17456795411913,-0.425881749431614
53.57,1.7857,2.3376,0.174540376360778,-0.425975727629054
53.58,1.7861,2.3367,0.174528327597565,-0.426016786504658
53.59,1.7864,2.338,0.174509142469127,-0.426082163729636
53.6,1.7868,2.3387,0.174497224310603,-0.426122777015675
53.61,1.7871,2.3379,0.174488921618309,-0.426151069826456
53.62,1.7875,2.3389,0.174461321095394,-0.426245122518602
53.63,1.7878,2.3423,0.174435988743502,-0.426331445149735
53.64,1.7882,2.3445,0.174443095734825,-0.426307227427037
53.65,1.7885,2.3442,0.174425225411581,-0.426368122051481
53.66,1.7889,2.3427,0.174445860128836,-0.426297807482438
53.67,1.7892,2.3433,0.174423575247407,-0.426373745101483
53.68,1.7895,2.3446,0.174424128100985,-0.42637186121462
53.69,1.7898,2.3442,0.174418843700055,-0.426389868159165
53.7,1.7901,2.3433,0.174412615864622,-0.426411089868343
53.71,1.7903,2.3433,0.174392087928608,-0.426481039608896
53.72,1.7907,2.3467,0.174387177111898,-0.426497773319664
53.73,1.7909,2.3485,0.174355849925856,-0.426604520560447
53.74,1.7913,2.3473,0.174350909338312,-0.426621355463006
53.75,1.7916,2.3453,0.174279885273001,-0.42686336400677
53.76,1.7918,2.3453,0.174264886363737,-0.426914470620671
53.77,1.7922,2.3466,0.17421966271143,-0.427068561751854
53.78,1.7926,2.3475,0.174193390711464,-0.427158077348457
53.79,1.7929,2.349,0.174129671845689,-0.427375180192909
53.8,1.7933,2.351,0.17408708239633,-0.427520287718029
53.81,1.7936,2.3516,0.174024883029191,-0.427732204058537
53.82,1.7941,2.352,0.173974314072166,-0.427904490986877
53.83,1.7944,2.3515,0.173931849132987,-0.428049164979138
53.84,1.7948,2.3512,0.173945943387023,-0.428001147483959
53.85,1.7952,2.3508,0.173928029730913,-0.428062177192445
53.86,1.7954,2.35,0.173940409910152,-0.428019999433811
53.87,1.7956,2.3508,0.173930246357883,-0.428054625430987
53.88,1.796,2.3531,0.173948005136178,-0.427994123319269
53.89,1.7963,2.3542,0.173958952876952,-0.427956825405851
53.9,1.7966,2.3526,0.173966758151686,-0.427930233472546
53.91,1.7969,2.3516,0.173984527670836,-0.427869693851812
53.92,1.7973,2.351,0.173975108517312,-0.427901784363876
53.93,1.7976,2.3519,0.173985069081418,-0.427867849293419
53.94,1.798,2.3534,0.173968901459971,-0.427922931381283
53.95,1.7982,2.3551,0.173969678035243,-0.427920285645725
53.96,1.7987,2.3582,0.173940629745105,-0.428019250481021
53.97,1.799,2.3579,0.173931874241063,-0.428049079439072
53.98,1.7994,2.3574,0.173908779914834,-0.428127758534962
53.99,1.7998,2.3585,0.173900041879099,-0.428157527587759
54,1.8001,2.3604,0.173875749274848,-0.428240287934702
54.01,1.8003,2.3599,0.173873060953046,-0.428249446491722
54.02,1.8007,2.359,0.173867114260774,-0.428269705607565
54.03,1.8009,2.3584,0.173860115405118,-0.428293549156329
54.04,1.8012,2.3595,0.173858033383706,-0.428300642128107
54.05,1.8015,2.3605,0.173860807545158,-0.42829119119182
54.06,1.8019,2.3588,0.173840960536936,-0.428358805189734
54.07,1.8021,2.3584,0.173824670587362,-0.428414300726241
54.08,1.8026,2.3603,0.173808399477712,-0.428469731706146
54.09,1.8029,2.3606,0.173797013757623,-0.428508519349909
54.1,1.8033,2.3593,0.173778561607223,-0.428571379758029
54.11,1.8037,2.3588,0.173761304778357,-0.428630167663814
54.12,1.804,2.3614,0.173742971472545,-0.428692622284841
54.13,1.8044,2.3626,0.173724656395875,-0.428755014332317
54.14,1.8048,2.3623,0.173705187989088,-0.428821334789124
54.15,1.8052,2.3623,0.173695341156174,-0.428854878493933
54.16,1.8055,2.3638,0.173667588478423,-0.428949418574568
54.17,1.8058,2.3653,0.173654143788367,-0.42899521780316
54.18,1.806,2.3643,0.17364436876292,-0.429028516188562
54.19,1.8064,2.3644,0.173629874235679,-0.429077891193254
54.2,1.8067,2.3656,0.173615404274538,-0.429127182218733
54.21,1.807,2.3678,0.173604513072802,-0.429164282227236
54.22,1.8073,2.3686,0.173592458812127,-0.42920534390787
54.23,1.8077,2.3683,0.173582851414813,-0.429238070436716
54.24,1.808,2.3697,0.173568540523231,-0.429286818653311
54.25,1.8084,2.3701,0.173552986576397,-0.429339800850342
54.26,1.8087,2.3692,0.173525416641706,-0.429433712876414
54.27,1.8091,2.3692,0.173492790574448,-0.429544846323027
54.28,1.8094,2.3715,0.17348400372614,-0.429574776512002
54.29,1.8099,2.3727,0.173458455148875,-0.429661800696216
54.3,1.8103,2.372,0.173449729025374,-0.42969152361889
54.31,1.8106,2.3711,0.173454344213536,-0.429675803377936
54.32,1.811,2.3713,0.173417059288425,-0.429802802325486
54.33,1.8113,2.3731,0.173412004839687,-0.429820018507019
54.34,1.8117,2.372,0.173364913415072,-0.42998041695955
54.35,1.8119,2.3704,0.173363110389157,-0.42998655819735
54.36,1.8123,2.3712,0.173309551800735,-0.430168980564353
54.37,1.8125,2.3723,0.173279556485389,-0.430271143856268
54.38,1.8127,2.3722,0.17322289749942,-0.430464119477195
54.39,1.8131,2.3718,0.173187456362377,-0.430584826630885
54.4,1.8133,2.3731,0.173146955426938,-0.430722764522573
54.41,1.8137,2.3747,0.173159136378877,-0.43068127893828
54.42,1.8139,2.3744,0.173120996529006,-0.430811173995358
54.43,1.8143,2.3737,0.173136767483055,-0.430757462208613
54.44,1.8146,2.3746,0.17311440344554,-0.430833628226806
54.45,1.815,2.3753,0.1731293449685,-0.430782741415388
54.46,1.8153,2.3743,0.17312538422304,-0.430796230680596
54.47,1.8157,2.3727,0.173131118641718,-0.430776700740192
54.48,1.816,2.3744,0.17313826829581,-0.430752350810608
54.49,1.8164,2.3765,0.173128844977465,-0.430784444255568
54.5,1.8168,2.3781,0.17314117287728,-0.430742458513626
54.51,1.8171,2.3784,0.173138039181831,-0.430753131116505
54.52,1.8175,2.3785,0.173137361310604,-0.430755439778855
54.53,1.8177,2.3794,0.173127099229638,-0.430790389818491
54.54,1.8181,2.381,0.173119316586206,-0.430816895424953
54.55,1.8183,2.3809,0.173114024967949,-0.430834917215669
54.56,1.8186,2.3815,0.173094361076633,-0.430901886653868
54.57,1.819,2.3831,0.173080545821234,-0.430948937029637
54.58,1.8194,2.3842,0.173078742228189,-0.430955079475321
54.59,1.8197,2.3851,0.173068630970338,-0.43098951501444
54.6,1.8201,2.3857,0.173060841932724,-0.431016041755099
54.61,1.8203,2.3861,0.173042185670841,-0.431079578116566
54.62,1.8207,2.3854,0.173040164885953,-0.431086460136657
54.63,1.821,2.3846,0.173027312231271,-0.431130231225661
54.64,1.8214,2.3845,0.173029917552763,-0.43112135854374
54.65,1.8217,2.3862,0.173015687530738,-0.431169820184833
54.66,1.8221,2.3876,0.173002528401243,-0.431214634549214
54.67,1.8224,2.3869,0.172976021053705,-0.431304906490841
54.68,1.8228,2.387,0.172958907205132,-0.431363187930584
54.69,1.8231,2.3879,0.172944167826503,-0.431413382750012
54.7,1.8234,2.3883,0.172929362050339,-0.431463803377022
54.71,1.8236,2.3882,0.172935064703996,-0.431444383197522
54.72,1.824,2.39,0.172920386606104,-0.431494368832794
54.73,1.8242,2.3924,0.172927431390742,-0.431470378157623
54.74,1.8245,2.3926,0.172905797002005,-0.43154405280499
54.75,1.8249,2.3894,0.17290935404601,-0.431531939544731
54.76,1.8253,2.3871,0.172887676456877,-0.431605760754943
54.77,1.8256,2.3876,0.172868271653583,-0.431671841621356
54.78,1.826,2.3892,0.172860749710248,-0.431697456607112
54.79,1.8263,2.3883,0.172828005437538,-0.431808961978168
54.8,1.8268,2.3874,0.172774344184813,-0.431991693500308
54.81,1.8271,2.3895,0.172741778765932,-0.432102585847478
54.82,1.8275,2.3941,0.172687113717,-0.432288728886692
54.83,1.8279,2.3958,0.172657280933658,-0.432390312400573
54.84,1.8282,2.3952,0.172609158668602,-0.43255417072326
54.85,1.8286,2.3948,0.172590700558001,-0.432617020494046
54.86,1.8289,2.3961,0.172562486423069,-0.432713088548232
54.87,1.8292,2.3967,0.172541306985417,-0.432785202988406
54.88,1.8295,2.3967,0.172535626199955,-0.432804545540872
54.89,1.8297,2.3969,0.172527644999197,-0.432831720719116
54.9,1.8301,2.3975,0.172505271318865,-0.432907900350016
54.91,1.8305,2.3971,0.17251650033375,-0.432869667023097
54.92,1.8308,2.397,0.1725002584169,-0.432924968568091
54.93,1.8312,2.3986,0.172439389827605,-0.433132214627376
54.94,1.8315,2.4012,0.172406839841738,-0.433243039041745
54.95,1.8319,2.4012,0.172372823303638,-0.433358855096098
54.96,1.8322,2.3992,0.172348248152273,-0.433442525060235
54.97,1.8326,2.3989,0.172323554093589,-0.433526599004989
54.98,1.8329,2.4008,0.17228792812703,-0.433647890452407
54.99,1.8333,2.4027,0.172281003216069,-0.433671466656838
55,1.8336,2.4018,0.172297113992321,-0.433616616611933
55.01,1.834,2.401,0.172303900922994,-0.433593510014708
55.02,1.8342,2.4001,0.172348364445351,-0.433442129124184
55.03,1.8346,2.3997,0.172351361904229,-0.433431923849585
55.04,1.8348,2.3996,0.172414880180891,-0.433215663873054
55.05,1.8351,2.4004,0.172414204887019,-0.433217963068586
55.06,1.8353,2.4023,0.172442550302456,-0.433121453935597
55.07,1.8356,2.4035,0.172427858471433,-0.433171476130099
55.08,1.8359,2.4031,0.172399852436637,-0.433266829182222
55.09,1.8362,2.4033,0.172387247367185,-0.433309745708684
55.1,1.8365,2.4046,0.172354143964442,-0.433422451919007
55.11,1.8368,2.4062,0.172272446340346,-0.4337005988732
55.12,1.8372,2.4072,0.172259751302623,-0.433743819432852
55.13,1.8375,2.4072,0.172310910385454,-0.433569645723693
55.14,1.838,2.4068,0.172297940880285,-0.433613801415423
55.15,1.8384,2.4061,0.172310254303964,-0.433571879409985
55.16,1.8387,2.4068,0.172316990431075,-0.433548945652565
55.17,1.8391,2.4087,0.172332334179522,-0.433496706226494
55.18,1.8394,2.4107,0.172316777751297,-0.433549669741189
55.19,1.8398,2.4105,0.172345683177362,-0.433451257871238
55.2,1.84,2.4088,0.172454797660711,-0.433079754357473
55.21,1.8404,2.4087,0.172488199876766,-0.432966026036653
55.22,1.8406,2.4094,0.172549915413169,-0.43275589199622
55.23,1.841,2.4097,0.172534161956765,-0.432809531146999
55.24,1.8412,2.41,0.172425590247723,-0.433179198865869
55.25,1.8415,2.4111,0.172407364065868,-0.433241254203897
55.26,1.8419,2.4125,0.172295138896555,-0.43362334095637
55.27,1.8421,2.4135,0.172300984351466,-0.433603439701756
55.28,1.8425,2.4151,0.172244381639719,-0.433796145513739
55.29,1.843,2.4153,0.17229929385592,-0.433609195115448
55.3,1.8433,2.4143,0.172330919205186,-0.433501523671248
55.31,1.8437,2.4141,0.172283541862663,-0.433662823715863
55.32,1.8441,2.4124,0.172310566836935,-0.433570815364476
55.33,1.8445,2.4139,0.17230907266544,-0.433575902399216
55.34,1.8449,2.4165,0.172340199250725,-0.43346992862503
55.35,1.8452,2.417,0.172328383910172,-0.433510155371036
55.36,1.8456,2.4151,0.172356268138638,-0.43341521985017
55.37,1.8458,2.4134,0.17233641249632,-0.433482821106655
55.38,1.8462,2.4147,0.17229117433946,-0.433636838537148
55.39,1.8464,2.4162,0.172273205975019,-0.433698012671573
55.4,1.8467,2.4159,0.172225055865079,-0.433861939720542
55.41,1.847,2.415,0.172185014007497,-0.433998259734148
55.42,1.8473,2.4154,0.172137507531764,-0.434159989643099
55.43,1.8477,2.417,0.172092062676145,-0.434314698043233
55.44,1.8479,2.4172,0.17206674017386,-0.434400902440601
55.45,1.8484,2.417,0.172050885331905,-0.434454875994386
55.46,1.8486,2.419,0.172053039857459,-0.434447541511253
55.47,1.849,2.4215,0.172052933531275,-0.434447903469333
55.48,1.8495,2.4221,0.172044551322739,-0.434476438329361
55.49,1.8497,2.4212,0.172027849113885,-0.4345332959837
55.5,1.8502,2.4215,0.17201835220546,-0.434565625181059
55.51,1.8505,2.4225,0.171992010312832,-0.434655297091735
55.52,1.8508,2.4223,0.17198235161235,-0.434688176569335
55.53,1.8511,2.4218,0.17196791670794,-0.434737314623528
55.54,1.8513,2.4219,0.171945112514889,-0.434814942088128
55.55,1.8517,2.4236,0.171916208552504,-0.434913332646459
55.56,1.8521,2.425,0.171875117171342,-0.43505320777044
55.57,1.8523,2.4257,0.171850639729625,-0.435136527887729
55.58,1.8526,2.4267,0.171882728161407,-0.435027300128336
55.59,1.853,2.4266,0.171861136746249,-0.435100796615895
55.6,1.8534,2.4258,0.171904616960105,-0.434952790685707
55.61,1.8536,2.425,0.171896992977511,-0.434978742789333
55.62,1.8539,2.4261,0.171887036583979,-0.435012634316842
55.63,1.8544,2.4278,0.171904863638174,-0.434951950990027
55.64,1.8548,2.4287,0.171899108446671,-0.434971541721969
55.65,1.8551,2.4281,0.171830823645305,-0.435203980334022
55.66,1.8555,2.4281,0.171828231383999,-0.435212804153712
55.67,1.8558,2.4278,0.17174136412179,-0.435508486867065
55.68,1.8562,2.4273,0.171747603071214,-0.435487250803659
55.69,1.8565,2.428,0.171676933829137,-0.435727790737137
55.7,1.8569,2.4298,0.171646680268594,-0.435830763927706
55.71,1.8571,2.4318,0.171554920635573,-0.436143075709875
55.72,1.8574,2.4323,0.171484063067891,-0.436384237397435
55.73,1.8577,2.4322,0.171489727477342,-0.436364959003568
55.74,1.858,2.4348,0.171460775236104,-0.436463495315757
55.75,1.8583,2.4363,0.171438969232784,-0.436537709278881
55.76,1.8585,2.4356,0.171529296720497,-0.436230286782654
55.77,1.8589,2.4324,0.171523353741188,-0.436250513598544
55.78,1.8593,2.4307,0.171488669943082,-0.436368558245751
55.79,1.8596,2.4314,0.171485096827472,-0.436380719077403
55.8,1.86,2.4351,0.171550404419282,-0.436158446732932
55.81,1.8603,2.438,0.171528743862236,-0.436232168427221
55.82,1.8607,2.4385,0.17150944028268,-0.436297867592504
55.83,1.861,2.4385,0.171511769027612,-0.436289941805483
55.84,1.8613,2.4392,0.171496222650387,-0.436342853112278
55.85,1.8617,2.44,0.171456516606297,-0.436477989074166
55.86,1.862,2.4401,0.171426169979539,-0.436581269599717
55.87,1.8623,2.4393,0.17138000431212,-0.436738385541447
55.88,1.8627,2.4365,0.171337144621859,-0.436884247538498
55.89,1.8629,2.4344,0.171271108957973,-0.437108977967804
55.9,1.8633,2.4358,0.17127434898608,-0.43709795175264
55.91,1.8635,2.4403,0.171226000869035,-0.437262484819541
55.92,1.8639,2.4428,0.171196508942375,-0.437362846927069
55.93,1.8641,2.4418,0.171194631553985,-0.437369235707079
55.94,1.8645,2.4401,0.171183322818809,-0.437407719392343
55.95,1.8648,2.4405,0.171232440966898,-0.437240568767351
55.96,1.8652,2.441,0.17121246886915,-0.437308534863402
55.97,1.8655,2.4414,0.171194891795796,-0.437368350100706
55.98,1.866,2.443,0.171177292673555,-0.437428239934665
55.99,1.8663,2.4456,0.171157296231461,-0.437496287321145
56,1.8667,2.4467,0.171132511056547,-0.437580629862067
56.01,1.867,2.4458,0.171117352190589,-0.437632214194267
56.02,1.8674,2.4451,0.17108545997382,-0.437740739639339
56.03,1.8679,2.4464,0.171064327687465,-0.437812649523055
56.04,1.8681,2.4477,0.171040771505076,-0.437892806806177
56.05,1.8683,2.4469,0.171040100576106,-0.437895089840529
56.06,1.8687,2.4449,0.171034763979928,-0.43791324916556
56.07,1.8689,2.4455,0.171003034158592,-0.438021218308587
56.08,1.8693,2.4476,0.170980805057943,-0.438096857881342
56.09,1.8696,2.4479,0.170947710015768,-0.438209470002314
56.1,1.8699,2.4466,0.170925358500408,-0.438285524374384
56.11,1.8702,2.4469,0.170888565605573,-0.438410716165483
56.12,1.8706,2.4478,0.170876965208289,-0.438450187372261
56.13,1.8709,2.447,0.170863100555153,-0.438497362627699
56.14,1.8713,2.4466,0.170852987092755,-0.438531774076607
56.15,1.8717,2.4492,0.170841802391525,-0.438569830289438
56.16,1.8721,2.4509,0.170850080651446,-0.438541663329468
56.17,1.8725,2.4498,0.170837048120415,-0.438586006756948
56.18,1.8728,2.4492,0.170872268965473,-0.438466166630661
56.19,1.8731,2.4498,0.170862283909311,-0.43850014130227
56.2,1.8734,2.4521,0.170900641567561,-0.438369626613292
56.21,1.8738,2.4515,0.170895003932602,-0.438388809201392
56.22,1.874,2.45,0.17090387085912,-0.438358638622047
56.23,1.8744,2.4501,0.170886430809785,-0.438417979979738
56.24,1.8747,2.4525,0.170873772867208,-0.438461049514812
56.25,1.875,2.4542,0.170898459096067,-0.438377052685035
56.26,1.8753,2.4552,0.170892288637488,-0.438398048234785
56.27,1.8757,2.4562,0.17086214228482,-0.438500623185936
56.28,1.8761,2.4566,0.170860701528198,-0.438505525423203
56.29,1.8765,2.4554,0.17089436696406,-0.438390976544505
56.3,1.8768,2.4542,0.170911776335852,-0.438331739375628
56.31,1.8772,2.455,0.170930771019697,-0.438267107533051
56.32,1.8776,2.4581,0.170928444315237,-0.438275024470055
56.33,1.878,2.4592,0.17092491890041,-0.438287020172027
56.34,1.8784,2.4589,0.170900909734939,-0.438368714147217
56.35,1.8787,2.4584,0.170873046045308,-0.438463522570313
56.36,1.879,2.4592,0.170872679609542,-0.438464769389902
56.37,1.8793,2.4608,0.17084832453991,-0.438547638545351
56.38,1.8797,2.4604,0.170793749665336,-0.438733328831384
56.39,1.8799,2.4606,0.170778357502151,-0.438785699703452
56.4,1.8802,2.4608,0.170685688174855,-0.439100994235533
56.41,1.8805,2.461,0.170676307432981,-0.439132910234127
56.42,1.8807,2.4606,0.170635682642231,-0.439271126097695
56.43,1.881,2.4612,0.170624914683699,-0.439307761039607
56.44,1.8813,2.463,0.17060221969673,-0.439384973796867
56.45,1.8817,2.4622,0.170568702959259,-0.439499002925686
56.46,1.8819,2.461,0.170536271973447,-0.439609336652643
56.47,1.8823,2.4623,0.170568722358508,-0.439498936926897
56.48,1.8826,2.4646,0.170525833575133,-0.439644848899259
56.49,1.883,2.4646,0.170487399270425,-0.439775604083545
56.5,1.8833,2.4636,0.170431751751569,-0.439964915686686
56.51,1.8837,2.4629,0.170399668215038,-0.440074061171121
56.52,1.8842,2.4648,0.170360019167317,-0.440208941882978
56.53,1.8845,2.4658,0.170259785795119,-0.440549912418414
56.54,1.8849,2.4655,0.1702320923245,-0.440644116645895
56.55,1.8851,2.4664,0.17011857280211,-0.441030262044318
56.56,1.8855,2.4685,0.170057985295483,-0.441236347685296
56.57,1.8858,2.4679,0.170036576621749,-0.441309167076513
56.58,1.8861,2.4658,0.169931883943125,-0.441665259106402
56.59,1.8864,2.4657,0.169913994685662,-0.441726104434063
56.6,1.8866,2.4671,0.169940743960557,-0.441635124057457
56.61,1.887,2.4693,0.169901786197049,-0.44176762794965
56.62,1.8874,2.469,0.169972092747073,-0.441528498411665
56.63,1.8877,2.4682,0.169918073795809,-0.441712230516471
56.64,1.8881,2.4707,0.169986311766862,-0.441480135248699
56.65,1.8884,2.4736,0.169943383824203,-0.441626145225281
56.66,1.8888,2.4742,0.169891512899106,-0.441802569331439
56.67,1.8891,2.4727,0.169924678032483,-0.441689768059039
56.68,1.8895,2.472,0.169934171789245,-0.441657477602413
56.69,1.8898,2.4733,0.16992820225789,-0.441677781370327
56.7,1.8902,2.4742,0.169946164979024,-0.4416166858161
56.71,1.8905,2.4747,0.169935502576406,-0.441652951278168
56.72,1.8908,2.4758,0.169946424096413,-0.441615804491934
56.73,1.891,2.4761,0.169947922881792,-0.441610706739678
56.74,1.8914,2.4755,0.169956611286123,-0.441581155192927
56.75,1.8917,2.4759,0.169971453161618,-0.441530673827472
56.76,1.8921,2.4776,0.169994903472576,-0.441450912135425
56.77,1.8924,2.4784,0.170006549225905,-0.441411301072615
56.78,1.8928,2.4768,0.170017288802659,-0.441374772047062
56.79,1.8931,2.4761,0.170010209417296,-0.441398851510408
56.8,1.8935,2.4775,0.170014078736963,-0.441385690610922
56.81,1.8938,2.4801,0.169997567097114,-0.44144185228333
56.82,1.8943,2.4813,0.169967749370321,-0.441543271485582
56.83,1.8947,2.4802,0.169950949983441,-0.441600410783406
56.84,1.895,2.4808,0.169946063271511,-0.441617031749201
56.85,1.8954,2.4811,0.169927913877008,-0.441678762219672
56.86,1.8956,2.481,0.169916936065512,-0.441716100180547
56.87,1.896,2.4797,0.169868617712778,-0.441880439549709
56.88,1.8962,2.48,0.169864434406374,-0.441894667569163
56.89,1.8964,2.4823,0.1698855796039,-0.441822749495456
56.9,1.8968,2.483,0.169867368352171,-0.441884688805226
56.91,1.8972,2.4829,0.169901936305453,-0.441767117402168
56.92,1.8974,2.4836,0.169891274910193,-0.441803378773881
56.93,1.8977,2.4849,0.169913216804474,-0.441728750170083
56.94,1.8981,2.4842,0.16989580132394,-0.441787983625413
56.95,1.8985,2.4819,0.169914423217933,-0.441724646906145
56.96,1.8988,2.4816,0.169898378483199,-0.441779218229672
56.97,1.8992,2.484,0.169883417353123,-0.441830103672295
56.98,1.8995,2.4866,0.169820099455623,-0.442045455521256
56.99,1.8999,2.4882,0.169819962379197,-0.442045921728679
57,1.9002,2.4895,0.169792261130709,-0.442140135253841
57.01,1.9006,2.4911,0.169783547827756,-0.442169769470456
57.02,1.9009,2.4909,0.16984473582032,-0.441961664927908
57.03,1.9013,2.4902,0.169846520568935,-0.441955594796813
57.04,1.9015,2.4905,0.169808790663288,-0.442083917501332
57.05,1.9019,2.4919,0.169794817794721,-0.442131439939063
57.06,1.9022,2.4903,0.169808479049819,-0.442084977317611
57.07,1.9025,2.4883,0.169870612123617,-0.441873656266399
57.08,1.9027,2.4887,0.169880564669156,-0.441839806117914
57.09,1.9029,2.4906,0.169737587258816,-0.442326081037553
57.1,1.9033,2.4923,0.169725513603838,-0.442367142958652
57.11,1.9035,2.4915,0.16970978199362,-0.442420645101973
57.12,1.9038,2.4906,0.169683157173328,-0.442511193522657
57.13,1.9042,2.4915,0.169674330439308,-0.442541212165059
57.14,1.9045,2.4929,0.169636455898039,-0.442670017600409
57.15,1.9049,2.4933,0.169606610173643,-0.442771516852937
57.16,1.9053,2.4935,0.169595730463067,-0.442808516229003
57.17,1.9057,2.4927,0.169567937367109,-0.442903033355113
57.18,1.906,2.491,0.169553144918033,-0.442953338202433
57.19,1.9064,2.4894,0.169494966118187,-0.443151184510173
57.2,1.9067,2.4909,0.169538659239692,-0.443002599512496
57.21,1.9071,2.4943,0.169546891122189,-0.442974605463371
57.22,1.9074,2.4961,0.169598773519404,-0.442798167515925
57.23,1.9078,2.4953,0.169565795873874,-0.442910315974226
57.24,1.908,2.4933,0.16954696030535,-0.442974370192747
57.25,1.9082,2.4936,0.169576229065879,-0.442874835547445
57.26,1.9086,2.4969,0.169562510319424,-0.442921489212768
57.27,1.909,2.4989,0.169559600558493,-0.442931384471477
57.28,1.9093,2.4991,0.169526642818715,-0.44304346341807
57.29,1.9097,2.4983,0.169512764174337,-0.443090659881493
57.3,1.91,2.4979,0.169466496419114,-0.443247998535608
57.31,1.9104,2.4977,0.169453589112479,-0.443291890731512
57.32,1.9107,2.4978,0.169447940943074,-0.443311097651496
57.33,1.9111,2.5004,0.169460485724618,-0.443268438350392
57.34,1.9114,2.502,0.169456388278314,-0.443282371992896
57.35,1.9118,2.5018,0.169449995561956,-0.443304110808808
57.36,1.9121,2.5017,0.169419675699698,-0.443407214537783
57.37,1.9125,2.5043,0.169394141827308,-0.443494042340511
57.38,1.9129,2.5062,0.169382938896854,-0.443532137558618
57.39,1.9131,2.5061,0.169380220107995,-0.443541382689303
57.4,1.9134,2.5044,0.169370393689748,-0.443574796937196
57.41,1.9137,2.502,0.169365420687429,-0.443591707333132
57.42,1.914,2.5013,0.169359300937613,-0.443612517127324
57.43,1.9144,2.5017,0.169362996174601,-0.443599951730872
57.44,1.9146,2.5037,0.169353702921255,-0.443631552756102
57.45,1.915,2.5078,0.169328895637841,-0.443715907505282
57.46,1.9153,2.5084,0.169338838610459,-0.443682097500114
57.47,1.9157,2.507,0.169340558086729,-0.443676250592536
57.48,1.916,2.5054,0.169333948301898,-0.443698726483923
57.49,1.9164,2.5057,0.169321359956043,-0.44374153168514
57.5,1.9167,2.5081,0.169291959352362,-0.443841504138391
57.51,1.9172,2.5093,0.169269716105935,-0.443917138236407
57.52,1.9175,2.508,0.169247442598906,-0.443992874532138
57.53,1.9178,2.5087,0.169229893582123,-0.444052545717586
57.54,1.9182,2.5112,0.169188197294453,-0.44419432211628
57.55,1.9184,2.5129,0.169170329135694,-0.444255076972557
57.56,1.9186,2.5118,0.169172967237084,-0.444246106995984
57.57,1.919,2.5096,0.169180603690943,-0.444220141747575
57.58,1.9192,2.5087,0.169196961891819,-0.44416452079225
57.59,1.9196,2.509,0.169190882840219,-0.444185190753422
57.6,1.9199,2.5104,0.169168129294138,-0.444262556786463
57.61,1.9203,2.5135,0.169144058211939,-0.444344401879236
57.62,1.9205,2.5164,0.169107846383717,-0.444467525693618
57.63,1.921,2.5162,0.169089518095073,-0.44452984299276
57.64,1.9212,2.5143,0.169067574860014,-0.444604450708224
57.65,1.9217,2.5133,0.168993743163962,-0.444855475908097
57.66,1.9221,2.5141,0.168960227408664,-0.444969425778897
57.67,1.9224,2.5146,0.168895022673485,-0.445191110155528
57.68,1.9228,2.515,0.168872466864948,-0.445267794456261
57.69,1.9231,2.5154,0.168818463579064,-0.445451389674471
57.7,1.9234,2.5171,0.168818337743516,-0.445451817473367
57.71,1.9237,2.5181,0.168817197706795,-0.445455693216984
57.72,1.9241,2.5191,0.168795927151917,-0.445528005655169
57.73,1.9244,2.5211,0.168796241175498,-0.445526938089589
57.74,1.9247,2.5224,0.168806375949748,-0.445492483481015
57.75,1.9249,2.5207,0.168810750952454,-0.445477609991504
57.76,1.9252,2.5176,0.168799789788313,-0.445514874091338
57.77,1.9255,2.5179,0.168790195884005,-0.445547489850229
57.78,1.9258,2.5216,0.168685451470283,-0.445903574045247
57.79,1.9261,2.5243,0.168671162738125,-0.445952148151978
57.8,1.9264,2.5224,0.168608729252014,-0.446164385502784
57.81,1.9268,2.5205,0.168607208042591,-0.44616955665699
57.82,1.9271,2.5204,0.168579480585575,-0.446263811981559
57.83,1.9276,2.5212,0.168600924634632,-0.446190916253179
57.84,1.928,2.5203,0.16860008568611,-0.446193768141097
57.85,1.9283,2.5196,0.168686221134805,-0.445900957586158
57.86,1.9287,2.5213,0.168716871105842,-0.445796762947297
57.87,1.929,2.5234,0.168796450782574,-0.445526225501945
57.88,1.9294,2.5243,0.168796619619626,-0.445525651517471
57.89,1.9297,2.5245,0.168823564958422,-0.445434046667269
57.9,1.9301,2.5259,0.168835537739122,-0.445393343018079
57.91,1.9303,2.5275,0.168844169001163,-0.445363999345182
57.92,1.9307,2.5265,0.168841101061662,-0.445374429420925
57.93,1.9309,2.5247,0.168827290423985,-0.445421381290003
57.94,1.9313,2.5251,0.168819367842364,-0.445448315480181
57.95,1.9316,2.5256,0.168820998996944,-0.445442770094529
57.96,1.932,2.5251,0.168758964060489,-0.445653665707835
57.97,1.9323,2.5252,0.16874585967116,-0.445698215044063
57.98,1.9327,2.5277,0.168727977529303,-0.445759006311832
57.99,1.933,2.529,0.168730508128114,-0.445750403437391
58,1.9334,2.5294,0.168721220826601,-0.445781975955609
58.01,1.9337,2.5301,0.168722824178596,-0.445776525311038
58.02,1.934,2.5324,0.168706570189733,-0.445831781080047
58.03,1.9343,2.533,0.168690373915757,-0.445886840276294
58.04,1.9347,2.5313,0.168666970087334,-0.44596640088523
58.05,1.935,2.5293,0.168645998358881,-0.44603769298885
58.06,1.9354,2.5316,0.168596234544779,-0.446206859543586
58.07,1.9356,2.5343,0.168578734434411,-0.446266348395397
58.08,1.9359,2.5356,0.168545665069873,-0.446378761282769
58.09,1.9362,2.5355,0.168524651093654,-0.44645019341738
58.1,1.9366,2.536,0.168508437996882,-0.446505305651992
58.11,1.9369,2.5369,0.168490926538282,-0.446564830916773
58.12,1.9373,2.5356,0.168471044805351,-0.446632412737607
58.13,1.9376,2.5334,0.168469267666887,-0.446638453544779
58.14,1.938,2.5336,0.168452036998859,-0.44669702339492
58.15,1.9385,2.5357,0.168433689135278,-0.446759390315643
58.16,1.9388,2.5369,0.168416539608171,-0.446817683497016
58.17,1.9392,2.5372,0.168407628189164,-0.446847974254265
58.18,1.9395,2.5379,0.168402376306414,-0.446865825848829
58.19,1.94,2.5391,0.168382833362853,-0.446932253629374
58.2,1.9404,2.5413,0.168357197102605,-0.447019392188648
58.21,1.9406,2.5418,0.168346982717676,-0.447054110988258
58.22,1.941,2.5406,0.168324894687537,-0.447129187928338
58.23,1.9412,2.5408,0.168306359767283,-0.447192187362372
58.24,1.9415,2.5411,0.168299814866394,-0.447214433096688
58.25,1.9418,2.5411,0.168300504137159,-0.447212090308619
58.26,1.9421,2.542,0.168296645592407,-0.447225205251461
58.27,1.9425,2.5424,0.168288094350347,-0.447254270292826
58.28,1.9428,2.5413,0.168284537577004,-0.447266359472917
58.29,1.9432,2.5399,0.168283522341516,-0.447269810171586
58.3,1.9435,2.5412,0.168263420133096,-0.447338135561568
58.31,1.9439,2.5443,0.168244522300969,-0.44740236687889
58.32,1.9443,2.5463,0.168225732975952,-0.447466228896285
58.33,1.9446,2.5467,0.168202171453602,-0.447546310174361
58.34,1.945,2.5461,0.168184559724931,-0.447606168688679
58.35,1.9453,2.5451,0.168164568058657,-0.447674115575169
58.36,1.9457,2.5456,0.168145865785116,-0.447737679615485
58.37,1.946,2.5463,0.16813435382578,-0.447776805450646
58.38,1.9463,2.5469,0.168134957446123,-0.447774753923531
58.39,1.9466,2.5474,0.168128511345443,-0.447796662287772
58.4,1.947,2.5477,0.168124563066643,-0.447810081275202
58.41,1.9472,2.5475,0.168101537393992,-0.447888338030274
58.42,1.9474,2.5476,0.16809529447606,-0.447909555544639
58.43,1.9477,2.5489,0.168085418397746,-0.447943120799979
58.44,1.948,2.5491,0.16807193548044,-0.447988944188564
58.45,1.9484,2.5473,0.168065716280176,-0.448010080835917
58.46,1.9486,2.5463,0.168041524339255,-0.44809229933413
58.47,1.949,2.547,0.16802579460015,-0.448145757832798
58.48,1.9493,2.5488,0.168012602193642,-0.448190592780136
58.49,1.9496,2.55,0.16800295002918,-0.448223395911176
58.5,1.9499,2.5504,0.167990973169505,-0.448264099396937
58.51,1.9503,2.5518,0.167980264605658,-0.448300492394898
58.52,1.9506,2.5525,0.167954010390282,-0.44838971652536
58.53,1.951,2.5515,0.16794445715088,-0.448422182670321
58.54,1.9513,2.5503,0.167913298037757,-0.448528074265592
58.55,1.9517,2.5519,0.167895195155379,-0.448589594744165
58.56,1.952,2.5535,0.167870948630902,-0.44867199293277
58.57,1.9524,2.5549,0.167852622682438,-0.448734270380231
58.58,1.9526,2.5555,0.167821006561813,-0.448841710982556
58.59,1.953,2.5562,0.167801299191628,-0.448908681540368
58.6,1.9533,2.5585,0.167783886391592,-0.448967854122116
58.61,1.9537,2.5595,0.167773598731502,-0.44900281368731
58.62,1.9541,2.5584,0.167752566904734,-0.44907428365688
58.63,1.9543,2.5577,0.167742399895738,-0.44910883277808
58.64,1.9546,2.5575,0.1677274577251,-0.449159608397749
58.65,1.955,2.5566,0.167735153492228,-0.449133457126407
58.66,1.9554,2.5565,0.167732116463879,-0.449143777374885
58.67,1.9557,2.5566,0.167727937967198,-0.449157976471722
58.68,1.9561,2.5577,0.167712957535367,-0.449208881803262
58.69,1.9563,2.5585,0.167706331712575,-0.449231397055269
58.7,1.9567,2.56,0.167690165542175,-0.449286331166128
58.71,1.957,2.5611,0.167681085579312,-0.449317185540925
58.72,1.9574,2.5607,0.167679277697877,-0.449323328839804
58.73,1.9577,2.5587,0.167673950296596,-0.449341431669655
58.74,1.9581,2.5585,0.167673556661288,-0.449342769264516
58.75,1.9583,2.56,0.167655215281362,-0.449405094060814
58.76,1.9587,2.5627,0.167646581092101,-0.449434433242766
58.77,1.959,2.5635,0.167636796564256,-0.449467681176061
58.78,1.9592,2.5635,0.167639079325702,-0.449459924339588
58.79,1.9596,2.5646,0.167628251839073,-0.449496716136134
58.8,1.96,2.565,0.167624684915021,-0.449508836506965
58.81,1.9603,2.5654,0.167616318169077,-0.449537266552457
58.82,1.9607,2.5648,0.16759724070912,-0.449602091034735
58.83,1.9611,2.5641,0.167586538343148,-0.449638457042553
58.84,1.9615,2.5636,0.167574702816834,-0.449678673274752
58.85,1.9618,2.5634,0.167575981045396,-0.449674329959298
58.86,1.9622,2.5634,0.167550836610962,-0.449759768256143
58.87,1.9626,2.5648,0.167544769064503,-0.449780385044663
58.88,1.9628,2.5668,0.167523072029568,-0.449854108519836
58.89,1.9631,2.5664,0.167522814657273,-0.449854983030747
58.9,1.9634,2.5645,0.167508069862814,-0.449905083386779
58.91,1.9637,2.5651,0.167495628515297,-0.449947356775893
58.92,1.964,2.5672,0.16748911051381,-0.449969503647982
58.93,1.9643,2.5683,0.167486109112069,-0.449979701793784
58.94,1.9647,2.5673,0.167469820375024,-0.450035047351152
58.95,1.965,2.5665,0.16746173203156,-0.45006252963034
58.96,1.9653,2.5689,0.167447561377688,-0.450110677940796
58.97,1.9656,2.5715,0.167436987960208,-0.450146603564645
58.98,1.966,2.5719,0.167423991479119,-0.450190761890428
58.99,1.9663,2.5721,0.167424125259319,-0.450190307344781
59,1.9667,2.5736,0.167412231866402,-0.450230717486544
59.01,1.967,2.5743,0.167367824115878,-0.450381599795739
59.02,1.9674,2.572,0.167355618022007,-0.450423071431494
59.03,1.9677,2.5714,0.167325219844357,-0.450526351895379
59.04,1.9681,2.5733,0.16731265685405,-0.450569035372896
59.05,1.9685,2.5737,0.167295288533789,-0.450628044868068
59.06,1.9688,2.5721,0.167275334488945,-0.450695838932302
59.07,1.9692,2.5712,0.167253999846906,-0.45076832296985
59.08,1.9695,2.5724,0.167228915109758,-0.450853547065083
59.09,1.9698,2.5744,0.167210768298599,-0.450915199364596
59.1,1.97,2.5756,0.167199595681775,-0.45095315718175
59.11,1.9703,2.5754,0.167181000993142,-0.451016330335797
59.12,1.9706,2.5774,0.167183859078483,-0.451006620376079
59.13,1.9709,2.5798,0.167166307668967,-0.451066248742951
59.14,1.9713,2.5809,0.167153532339465,-0.4511096507987
59.15,1.9716,2.5812,0.167129901271697,-0.451189932813677
59.16,1.972,2.5807,0.16712287890828,-0.451213789793598
59.17,1.9722,2.5797,0.16710966063269,-0.451258695873768
59.18,1.9726,2.5777,0.167084389292468,-0.451344548811579
59.19,1.9729,2.5761,0.167067463002454,-0.451402051066035
59.2,1.9733,2.577,0.167062473656197,-0.451419000873513
59.21,1.9737,2.5788,0.167055081993151,-0.451444111767436
59.22,1.974,2.5799,0.167042896219174,-0.451485509005961
59.23,1.9744,2.58,0.167030635466618,-0.451527160749346
59.24,1.9747,2.5812,0.16702195259109,-0.451556657742654
59.25,1.975,2.5842,0.166996635562683,-0.451642662771931
59.26,1.9753,2.5864,0.167005899473775,-0.451611192242079
59.27,1.9757,2.5854,0.166994826621262,-0.451648807931786
59.28,1.9759,2.584,0.166992039188405,-0.451658277118576
59.29,1.9762,2.5826,0.166976008086132,-0.451712736156184
59.3,1.9765,2.5817,0.166963534006325,-0.451755111431639
59.31,1.9768,2.5815,0.166958181305758,-0.451773294842987
59.32,1.9772,2.5845,0.166932562019906,-0.451860324375455
59.33,1.9775,2.5888,0.166924957972184,-0.451886155390914
59.34,1.9779,2.5901,0.166910245600159,-0.451936133214352
59.35,1.9783,2.5895,0.166909865789669,-0.451937423423863
59.36,1.9786,2.5885,0.166909412612336,-0.451938962858978
59.37,1.9791,2.5874,0.16689943011209,-0.451972873156568
59.38,1.9793,2.5862,0.16689427474732,-0.451990385743764
59.39,1.9797,2.5852,0.166884264153032,-0.452024391262878
59.4,1.98,2.5861,0.166877854570261,-0.45204616424085
59.41,1.9804,2.5881,0.16687513643552,-0.452055397568227
59.42,1.9806,2.5903,0.166866406521325,-0.452085052450154
59.43,1.981,2.5916,0.166846933887543,-0.452151199181163
59.44,1.9813,2.5924,0.166840574907246,-0.452172799932032
59.45,1.9816,2.5926,0.166820965327147,-0.45223941114306
59.46,1.9819,2.591,0.166810864980711,-0.452273720504545
59.47,1.9823,2.5883,0.166781573729146,-0.452373217680607
59.48,1.9826,2.5887,0.166771466666415,-0.452407549296669
59.49,1.983,2.5917,0.166742153383724,-0.452507119684774
59.5,1.9833,2.5946,0.166747478525346,-0.4524890315098
59.51,1.9837,2.5954,0.166725295573394,-0.452564381189748
59.52,1.9842,2.5948,0.166718710641943,-0.45258674834472
59.53,1.9845,2.5943,0.166703818869684,-0.452637331270351
59.54,1.9849,2.594,0.16669619748309,-0.452663218735516
59.55,1.9851,2.5936,0.16667795943256,-0.452725167354171
59.56,1.9855,2.5927,0.166667076546866,-0.452762132690607
59.57,1.9857,2.5932,0.166649164526896,-0.452822973162373
59.58,1.9859,2.5936,0.166652837220209,-0.452810498425527
59.59,1.9863,2.5946,0.166637358821573,-0.452863072507192
59.6,1.9866,2.5971,0.166639859274151,-0.452854579468075
59.61,1.9869,2.5999,0.166619661356002,-0.452923183480923
59.62,1.9872,2.6006,0.166613857115806,-0.452942897989313
59.63,1.9876,2.5976,0.166603234470523,-0.452978978425468
59.64,1.9879,2.595,0.166602272369729,-0.452982246249269
59.65,1.9883,2.596,0.166581055243276,-0.453054310957107
59.66,1.9886,2.5987,0.166575465047297,-0.453073298146844
59.67,1.989,2.601,0.16655796071478,-0.453132751607142
59.68,1.9894,2.6023,0.166545279364052,-0.453175823542207
59.69,1.9897,2.6029,0.166538606277129,-0.453198488447695
59.7,1.9901,2.603,0.166537956413313,-0.45320069568399
59.71,1.9904,2.6019,0.166532526332113,-0.45321913871303
59.72,1.9908,2.6022,0.16652948277177,-0.453229476012109
59.73,1.9911,2.6031,0.166518132740176,-0.453268025706719
59.74,1.9915,2.6039,0.166517608308138,-0.453269806903986
59.75,1.9917,2.603,0.166506406222502,-0.453307853923338
59.76,1.9921,2.6023,0.166503536059254,-0.453317602182928
59.77,1.9923,2.6036,0.16649117063057,-0.453359600152508
59.78,1.9927,2.6052,0.166474196298686,-0.453417251461254
59.79,1.9929,2.6055,0.166451445554931,-0.453494521034027
59.8,1.9932,2.6055,0.166443198967559,-0.453522529181959
59.81,1.9936,2.6063,0.166436260346764,-0.453546094967219
59.82,1.994,2.6065,0.166434120233819,-0.453553363464644
59.83,1.9943,2.6062,0.166417599420062,-0.453609473133483
59.84,1.9947,2.6066,0.166419029694521,-0.453604615504985
59.85,1.995,2.6086,0.166406282734376,-0.453647907791643
59.86,1.9954,2.6113,0.166400790408774,-0.453666561214454
59.87,1.9957,2.6119,0.166388134902494,-0.453709542574321
59.88,1.9961,2.6117,0.166370679336853,-0.453768825803151
59.89,1.9964,2.6127,0.166360406432297,-0.453803714816225
59.9,1.9968,2.6122,0.166347878588521,-0.453846261891513
59.91,1.9971,2.6108,0.166328340794773,-0.45391261572557
59.92,1.9975,2.6097,0.166323190008848,-0.453930108624375
59.93,1.9977,2.6107,0.166304885873588,-0.45399227211491
59.94,1.9981,2.6117,0.16630213772152,-0.454001605196127
59.95,1.9983,2.6115,0.166300628334054,-0.454006731267412
59.96,1.9987,2.6111,0.16629434742156,-0.454028062008533
59.97,1.999,2.612,0.166289199269593,-0.45404554571609
59.98,1.9994,2.6131,0.166279313900147,-0.454079117446689
59.99,1.9996,2.6125,0.166274327294172,-0.454096052420971
60,2,2.6126,0.166259800705845,-0.454145385856949
60.01,2.0003,2.6145,0.16625491948905,-0.454161962786367
60.02,2.0007,2.617,0.166259683681721,-0.45414578327887
60.03,2.001,2.6174,0.166254937848856,-0.454161900435335
60.04,2.0014,2.6146,0.166238218456076,-0.454218680326348
60.05,2.0017,2.6127,0.166220266358071,-0.454279646108433
60.06,2.0021,2.6147,0.166216683644947,-0.454291813039252
60.07,2.0025,2.6177,0.166206092416486,-0.45432778085517
60.08,2.0028,2.6189,0.166188515212326,-0.454387472699391
60.09,2.003,2.6194,0.166181757280578,-0.454410422388927
60.1,2.0034,2.6209,0.166165450467304,-0.45446579946733
60.11,2.0036,2.6203,0.166138496679511,-0.454557332290853
60.12,2.004,2.6188,0.166114019266206,-0.454640454667988
60.13,2.0043,2.6193,0.166100345473134,-0.454686888872452
60.14,2.0047,2.6193,0.166097546393109,-0.454696394107067
60.15,2.0051,2.6181,0.166092464780701,-0.45471365043379
60.16,2.0055,2.6155,0.166089862835127,-0.45472248620243
60.17,2.0059,2.6165,0.166082531332541,-0.454747382698415
60.18,2.0062,2.6196,0.166075276077142,-0.454772020197985
60.19,2.0066,2.6207,0.16606570218238,-0.454804531252929
60.2,2.0071,2.6204,0.166058497016753,-0.454828998486831
60.21,2.0073,2.621,0.166057348224911,-0.454832899536658
60.22,2.0077,2.6231,0.166055029816982,-0.45484077234532
60.23,2.0079,2.6251,0.166055055536204,-0.454840685008483
60.24,2.0081,2.6243,0.166041997778098,-0.45488502617206
60.25,2.0085,2.6229,0.166033873220452,-0.454912615192934
60.26,2.0087,2.6229,0.166034276860331,-0.45491124453231
60.27,2.0091,2.6236,0.166028812695768,-0.454929799456547
60.28,2.0094,2.6244,0.166032909849384,-0.45491588656052
60.29,2.0098,2.6243,0.166027495696013,-0.454934271649161
60.3,2.0101,2.6262,0.166003085915552,-0.455017160547559
60.31,2.0105,2.6275,0.165996656559674,-0.455038992731879
60.32,2.0108,2.6277,0.16597369462773,-0.455116964163562
60.33,2.0112,2.6275,0.1659640651516,-0.455149662587194
60.34,2.0115,2.628,0.165942570383514,-0.455222651034117
60.35,2.0119,2.6283,0.165936657103437,-0.455242730277599
60.36,2.0124,2.6276,0.165918921169404,-0.455302954449455
60.37,2.0126,2.6269,0.165909641262979,-0.455334465141534
60.38,2.013,2.628,0.165901666919212,-0.455361542590655
60.39,2.0133,2.6283,0.165886592018904,-0.455412730238414
60.4,2.0137,2.629,0.165881166352786,-0.455431153306073
60.41,2.0139,2.6289,0.165874576472786,-0.455453529453203
60.42,2.0143,2.6311,0.165864413286558,-0.455488038755684
60.43,2.0145,2.6334,0.165844810609985,-0.455554599626928
60.44,2.0149,2.6334,0.165821776744819,-0.455632810406245
60.45,2.0151,2.6331,0.165815522288019,-0.455654047092895
60.46,2.0153,2.6331,0.165787904724345,-0.455747820454046
60.47,2.0157,2.6336,0.165774673431941,-0.455792745933048
60.48,2.016,2.6339,0.16575434774804,-0.455861759202412
60.49,2.0163,2.6339,0.165711448509695,-0.456007416194105
60.5,2.0166,2.6358,0.165712768681715,-0.456002933815432
60.51,2.017,2.6366,0.165691273697875,-0.456075915406927
60.52,2.0173,2.6367,0.165693632152996,-0.456067907811847
60.53,2.0177,2.6355,0.165675779198565,-0.456128523242092
60.54,2.018,2.6357,0.165676992386984,-0.4561244041656
60.55,2.0184,2.6368,0.165669853959625,-0.456148640872619
60.56,2.0187,2.6369,0.16566505941773,-0.456164919474967
60.57,2.0191,2.6368,0.16565430619392,-0.456201429092613
60.58,2.0195,2.6381,0.165649522187466,-0.456217671820205
60.59,2.0197,2.6383,0.165637489099342,-0.45625852659214
60.6,2.02,2.6378,0.165638452926223,-0.456255254212112
60.61,2.0203,2.6367,0.165627295013746,-0.456293137418801
60.62,2.0206,2.6375,0.16561366012051,-0.456339430202573
60.63,2.0209,2.6392,0.165610721650395,-0.45634940677466
60.64,2.0212,2.6397,0.165610151379381,-0.456351342933795
60.65,2.0216,2.6389,0.165610761315491,-0.456349272105452
60.66,2.0219,2.6402,0.165614927992821,-0.456335125571242
60.67,2.0223,2.6436,0.165607048723944,-0.456361876925446
60.68,2.0226,2.6449,0.165605055563058,-0.456368644005589
60.69,2.0231,2.6435,0.165580292882319,-0.456452716555316
60.7,2.0235,2.6432,0.165553202628479,-0.456544690534578
60.71,2.0238,2.6449,0.165536914854711,-0.456599988574018
60.72,2.0242,2.6471,0.165518292736356,-0.456663211406918
60.73,2.0245,2.648,0.165505605722327,-0.456706284045488
60.74,2.0249,2.6486,0.165490503235716,-0.456757556961768
60.75,2.0252,2.6491,0.165471762060382,-0.456821182774644
60.76,2.0255,2.6488,0.165452926001978,-0.456885130216081
60.77,2.0258,2.6477,0.16543643969908,-0.456941099950506
60.78,2.0261,2.6468,0.165427088871588,-0.456972845123308
60.79,2.0264,2.6459,0.165403373937037,-0.457053354527106
60.8,2.0267,2.6448,0.165389208481752,-0.457101444199097
60.81,2.027,2.6448,0.165384526451334,-0.457117338953252
60.82,2.0274,2.6459,0.165365507252383,-0.457181905814763
60.83,2.0277,2.6476,0.165352417560991,-0.457226342737706
60.84,2.0281,2.6485,0.165350028283037,-0.457234453839582
60.85,2.0284,2.6498,0.165332011727065,-0.457295616042957
60.86,2.0288,2.6516,0.16531990817087,-0.457336704670262
60.87,2.0291,2.6526,0.165301778677097,-0.457398249504079
60.88,2.0295,2.6527,0.165296688163271,-0.457415530368441
60.89,2.0298,2.6506,0.165276026892857,-0.457485669203525
60.9,2.0301,2.6497,0.165283970239842,-0.457458703986599
60.91,2.0304,2.6501,0.165263140154723,-0.457529415522641
60.92,2.0308,2.6518,0.165248276677296,-0.457579871944419
60.93,2.031,2.6519,0.165233352255289,-0.457630534940052
60.94,2.0314,2.6513,0.165221905988818,-0.457669390648162
60.95,2.0317,2.6514,0.165211553699504,-0.457704532562715
60.96,2.0321,2.6531,0.165218978934155,-0.457679326852582
60.97,2.0324,2.6534,0.165209464521165,-0.457711624475962
60.98,2.0328,2.6553,0.165198557025167,-0.457748650902092
60.99,2.033,2.6573,0.165195864378677,-0.457757791294713
61,2.0335,2.6585,0.165188336890237,-0.457783343870806
61.01,2.0337,2.6571,0.165168780066856,-0.457849730477996
61.02,2.0342,2.6557,0.165153937953288,-0.457900112410365
61.03,2.0346,2.6558,0.165146156826441,-0.457926525519954
61.04,2.0348,2.6576,0.165139447130314,-0.457949301579439
61.05,2.0352,2.6581,0.165121894018659,-0.458008885307434
61.06,2.0355,2.6572,0.165120932517186,-0.458012149094732
61.07,2.0359,2.6572,0.165106672450881,-0.458060554300596
61.08,2.0362,2.6586,0.165102948237662,-0.458073195941466
61.09,2.0366,2.6601,0.165089558033556,-0.458118648106077
61.1,2.0368,2.6618,0.165084396077512,-0.45813616995815
61.11,2.037,2.6636,0.165079142035878,-0.45815400434906
61.12,2.0373,2.6639,0.165075018310862,-0.458168001950607
61.13,2.0376,2.6608,0.165062469070889,-0.458210599033205
61.14,2.0379,2.6599,0.16505335840538,-0.458241524095874
61.15,2.0382,2.663,0.16504414149968,-0.458272809659554
61.16,2.0386,2.6651,0.165044312888436,-0.458272227904246
61.17,2.0389,2.6633,0.165031237280859,-0.458316611118057
61.18,2.0393,2.6606,0.165015824088619,-0.458368928608612
61.19,2.0396,2.6609,0.165000404632675,-0.458421267026494
61.2,2.04,2.6636,0.164975312951747,-0.458506435263505
61.21,2.0404,2.6657,0.164951390514975,-0.458587633933165
61.22,2.0407,2.6657,0.164947735083479,-0.458600041301378
61.23,2.0411,2.6652,0.164941651560624,-0.458620690123859
61.24,2.0414,2.6658,0.164922455770216,-0.458685844542704
61.25,2.0418,2.6651,0.164903253406001,-0.458751020756783
61.26,2.0421,2.6663,0.164886345813675,-0.458808407681376
61.27,2.0424,2.6696,0.164848077522793,-0.458938294564154
61.28,2.0427,2.6728,0.164838462422147,-0.458970928973844
61.29,2.043,2.6723,0.164825204599464,-0.459015926856466
61.3,2.0433,2.6697,0.164814299658843,-0.459052938724678
61.31,2.0435,2.6679,0.164802143757899,-0.459094196212785
61.32,2.0439,2.6685,0.164783899381372,-0.459156117778157
61.33,2.0442,2.6684,0.164756147646754,-0.459250306499816
61.34,2.0446,2.6691,0.164724953504791,-0.459356177378772
61.35,2.045,2.6697,0.164702180523934,-0.459433466524702
61.36,2.0453,2.6708,0.16467115007261,-0.45953877950105
61.37,2.0457,2.672,0.164639189370298,-0.459647248205017
61.38,2.046,2.6729,0.164633582606231,-0.459666276375954
61.39,2.0464,2.6734,0.164599544076602,-0.459781794996328
61.4,2.0467,2.674,0.164588322435705,-0.459819878202486
61.41,2.0471,2.672,0.164576001453866,-0.459861692070102
61.42,2.0474,2.6695,0.164569593366814,-0.459883439189716
61.43,2.0478,2.671,0.164551214061415,-0.459945812703181
61.44,2.048,2.6744,0.16453407192581,-0.460003987228729
61.45,2.0484,2.6766,0.164535868842133,-0.459997889130731
61.46,2.0487,2.6765,0.164537467630008,-0.45999246340675
61.47,2.049,2.6767,0.164537681247346,-0.459991738464333
61.48,2.0492,2.6781,0.164537775210832,-0.459991419585154
61.49,2.0496,2.6791,0.164527081593618,-0.460027709898911
61.5,2.0499,2.6773,0.164491504634351,-0.460148444224258
61.51,2.0503,2.6751,0.164477536349815,-0.460195846648888
61.52,2.0506,2.6739,0.164450607615412,-0.460287230562466
61.53,2.051,2.675,0.16443565984949,-0.460337956062566
61.54,2.0513,2.6773,0.164401774975104,-0.460452943803901
61.55,2.0517,2.6805,0.16437406519162,-0.46054697528218
61.56,2.052,2.6842,0.164346617250689,-0.46064011715112
61.57,2.0523,2.6847,0.164317064437804,-0.460740400512453
61.58,2.0526,2.6823,0.164296037829075,-0.460811750639214
61.59,2.0529,2.6796,0.164290587153312,-0.460830246454786
61.6,2.0532,2.68,0.164275668349804,-0.46088087032015
61.61,2.0535,2.6802,0.164267860217196,-0.460907365474132
61.62,2.0538,2.6801,0.164252805353292,-0.460958450550609
61.63,2.0542,2.6802,0.16424609880035,-0.46098120753004
61.64,2.0545,2.6819,0.164228683679318,-0.461040301013327
61.65,2.0549,2.6835,0.164231540483147,-0.461030607254622
61.66,2.0552,2.6842,0.164201010861611,-0.461134200328794
61.67,2.0556,2.6853,0.164173123059993,-0.461228828039747
61.68,2.0561,2.6851,0.164140729048424,-0.461338744661849
61.69,2.0564,2.6826,0.16412637120275,-0.461387462019271
61.7,2.0568,2.6799,0.164089694340105,-0.461511908333192
61.71,2.0571,2.6807,0.164064067015329,-0.461598861926963
61.72,2.0575,2.6852,0.164081297942202,-0.461540397439261
61.73,2.0579,2.6894,0.164065005277196,-0.461595678417745
61.74,2.0583,2.6908,0.164103353729779,-0.461465561604438
61.75,2.0587,2.6909,0.164113942419996,-0.461429633673123
61.76,2.0589,2.6918,0.164130256780134,-0.461374277962515
61.77,2.0592,2.692,0.164128374552267,-0.461380664506097
61.78,2.0595,2.6899,0.164134709378255,-0.461359169935634
61.79,2.0597,2.6893,0.164137327055695,-0.461350287930597
61.8,2.0601,2.6912,0.164133878592998,-0.461361988859564
61.81,2.0603,2.6919,0.164072297411957,-0.461570936265714
61.82,2.0607,2.6904,0.164065988740121,-0.461592341540648
61.83,2.061,2.6885,0.164011139790744,-0.461778441249785
61.84,2.0614,2.6912,0.164003268946512,-0.46180514627954
61.85,2.0617,2.6949,0.163944588280224,-0.462004241488122
61.86,2.062,2.6946,0.163935268087339,-0.462035863140903
61.87,2.0624,2.6921,0.163888045836451,-0.462196077439151
61.88,2.0628,2.6904,0.163892365497122,-0.462181421948349
61.89,2.0631,2.6903,0.163895343481382,-0.46217131840316
61.9,2.0635,2.6921,0.163926751181246,-0.462064759286857
61.91,2.0638,2.6933,0.163919780113332,-0.462088410639656
61.92,2.0642,2.6948,0.164005320322284,-0.46179818616402
61.93,2.0646,2.6956,0.163997297381418,-0.461825407176894
61.94,2.0649,2.6948,0.164007115334934,-0.461792095858423
61.95,2.0653,2.694,0.164008489886896,-0.461787432132518
61.96,2.0655,2.6951,0.164041838456656,-0.461674282750273
61.97,2.0659,2.6973,0.164022511520458,-0.461739857893312
61.98,2.0661,2.6985,0.164022318123655,-0.461740514074491
61.99,2.0664,2.6984,0.163995939972391,-0.461830012717125
62,2.0668,2.6978,0.16397218946921,-0.461910595156038
62.01,2.067,2.699,0.163910740908861,-0.462119078639001
62.02,2.0674,2.7001,0.163902286392957,-0.462147762817029
62.03,2.0677,2.699,0.163845312154091,-0.462341060354011
62.04,2.0681,2.6981,0.16383278744668,-0.462383552546114
62.05,2.0685,2.6983,0.163782300745894,-0.462554835001406
62.06,2.0688,2.6985,0.163780994880914,-0.46255926526445
62.07,2.0692,2.6996,0.163759491281811,-0.46263221779213
62.08,2.0695,2.7019,0.163754799248153,-0.462648135772166
62.09,2.0699,2.7041,0.163745433181019,-0.462679910573279
62.1,2.0702,2.7042,0.163730309318448,-0.46273121869278
62.11,2.0705,2.7024,0.163726000388202,-0.462745836798349
62.12,2.0707,2.7011,0.163724203870504,-0.462751931501838
62.13,2.071,2.7021,0.163720055534317,-0.46276600475477
62.14,2.0714,2.7041,0.163725465558341,-0.462747651214247
62.15,2.0718,2.7054,0.163723671256826,-0.462753738397971
62.16,2.0721,2.706,0.163724318792967,-0.462751541626419
62.17,2.0725,2.7067,0.163697652269814,-0.462842007533399
62.18,2.0728,2.7074,0.163694985062174,-0.462851055953149
62.19,2.0732,2.7069,0.163697069925263,-0.462843983120199
62.2,2.0735,2.7071,0.163694351082551,-0.462853206708022
62.21,2.0739,2.7074,0.163685642267195,-0.462882751018582
62.22,2.0742,2.7072,0.163671054472785,-0.462932239293941
62.23,2.0746,2.7055,0.163660147574643,-0.462969240139855
62.24,2.0749,2.7044,0.163643452017169,-0.463025878261512
62.25,2.0752,2.7059,0.163630421168824,-0.463070083927522
62.26,2.0755,2.7087,0.163622289005938,-0.463097671241405
62.27,2.0758,2.7096,0.16359873083573,-0.463177588772155
62.28,2.0761,2.71,0.163582472479791,-0.463232742332569
62.29,2.0764,2.711,0.163578250701409,-0.4632470638989
62.3,2.0767,2.7123,0.163569369339864,-0.463277192117954
62.31,2.0771,2.7118,0.163566476767601,-0.463287004559232
62.32,2.0774,2.7115,0.163557699948109,-0.463316777996237
62.33,2.0778,2.7122,0.163545394090917,-0.463358522738413
62.34,2.0781,2.7133,0.163533229692804,-0.463399787404965
62.35,2.0785,2.713,0.163505653131647,-0.463493333196542
62.36,2.0788,2.7131,0.163490137763151,-0.463545964287411
62.37,2.0792,2.7146,0.163462856560717,-0.463638506513491
62.38,2.0795,2.7161,0.163451309780625,-0.463677674734098
62.39,2.0799,2.7154,0.163428051146137,-0.463756570561637
62.4,2.0803,2.7155,0.163403862177746,-0.463838621378412
62.41,2.0806,2.7169,0.163381066600579,-0.463915944955239
62.42,2.081,2.7164,0.163377432732161,-0.463928271125633
62.43,2.0812,2.7137,0.163354790034049,-0.464005075293179
62.44,2.0816,2.7131,0.163353761081303,-0.464008565489971
62.45,2.0818,2.7152,0.163342064869986,-0.464048238810223
62.46,2.082,2.7192,0.163351804159296,-0.464015203344548
62.47,2.0824,2.7202,0.163344709126167,-0.464039269561712
62.48,2.0826,2.7196,0.163342351983132,-0.464047264930341
62.49,2.083,2.7191,0.163350672799461,-0.464019040900278
62.5,2.0832,2.7192,0.163350539168413,-0.464019494174689
62.51,2.0836,2.7192,0.163320625597581,-0.464120959905112
62.52,2.0839,2.7183,0.163313451221664,-0.464145294937358
62.53,2.0843,2.719,0.163276596758184,-0.464270301823455
62.54,2.0847,2.7209,0.163265056179178,-0.464309445994185
62.55,2.0851,2.7217,0.163229924138079,-0.464428608242794
62.56,2.0855,2.722,0.163210579844381,-0.464494220245412
62.57,2.0858,2.7222,0.163184222068421,-0.464583619742319
62.58,2.0862,2.7236,0.163156925245731,-0.464676203242126
62.59,2.0865,2.7235,0.163144126576256,-0.464719612535711
62.6,2.0869,2.7226,0.163138428128519,-0.464738939907619
62.61,2.0872,2.7229,0.1631160841101,-0.464814723466588
62.62,2.0875,2.7245,0.163126970830075,-0.464777799381785
62.63,2.0877,2.7263,0.163112673737707,-0.464826290266097
62.64,2.088,2.7263,0.163056820567165,-0.465015722514403
62.65,2.0884,2.7271,0.163047657049707,-0.465046801186657
62.66,2.0886,2.7273,0.163032512980446,-0.465098163035646
62.67,2.089,2.7264,0.163016231770694,-0.465153381193286
62.68,2.0893,2.7248,0.163020149354548,-0.465140094636995
62.69,2.0897,2.7244,0.162995538954762,-0.465223560894634
62.7,2.0901,2.7264,0.162972316028105,-0.465302320753404
62.71,2.0904,2.7276,0.162978975538108,-0.465279735302439
62.72,2.0908,2.7275,0.162959313052148,-0.465346419625836
62.73,2.0911,2.7299,0.163001479917242,-0.465203412177208
62.74,2.0915,2.7335,0.16299449348825,-0.465227106579191
62.75,2.0918,2.7345,0.162994622057664,-0.465226670537966
62.76,2.0922,2.7316,0.163013515927593,-0.465162592011511
62.77,2.0924,2.7291,0.163064060812855,-0.464991166661592
62.78,2.0927,2.7308,0.163136316017101,-0.464746103524595
62.79,2.093,2.7323,0.163167328459919,-0.464640918453647
62.8,2.0932,2.734,0.163207164283099,-0.464505805096466
62.81,2.0936,2.7344,0.163217867544631,-0.464469501875051
62.82,2.094,2.7345,0.163166561237121,-0.464643520663656
62.83,2.0942,2.7351,0.163153719369114,-0.464687076647016
62.84,2.0945,2.7347,0.163092348035354,-0.464895227655662
62.85,2.0949,2.7342,0.163077787131369,-0.464944612589732
62.86,2.0954,2.7353,0.163030070516317,-0.465106446741662
62.87,2.0957,2.7345,0.163039681482629,-0.465073850751202
62.88,2.0962,2.7333,0.163033577576963,-0.465094552415183
62.89,2.0965,2.7335,0.163006117772766,-0.465187682900155
62.9,2.0969,2.7352,0.163016793899543,-0.465151474724479
62.91,2.0971,2.7369,0.163012956551946,-0.465164489140221
62.92,2.0975,2.7376,0.163023207761616,-0.465129721979307
62.93,2.0978,2.7361,0.163011893588428,-0.465168094191568
62.94,2.0981,2.7337,0.163025448752737,-0.465122121598217
62.95,2.0984,2.7329,0.163043416819327,-0.465061182167068
62.96,2.0988,2.7337,0.163048040858288,-0.465045499476968
62.97,2.0991,2.7365,0.163028789143047,-0.465110792562412
62.98,2.0994,2.74,0.163020349048829,-0.465139417369664
62.99,2.0997,2.7414,0.162987033179454,-0.46525240806408
63,2.1001,2.7403,0.162976543132456,-0.465287984712166
63.01,2.1004,2.7397,0.162976655100518,-0.465287604976997
63.02,2.1009,2.7399,0.16298022595222,-0.465275494568094
63.03,2.1012,2.7393,0.162959926371647,-0.465344339592068
63.04,2.1016,2.739,0.162975324252829,-0.465292118492175
63.05,2.1019,2.7378,0.162984423179665,-0.465261259806622
63.06,2.1022,2.7398,0.162990836813825,-0.465239508125558
63.07,2.1026,2.743,0.162995697014158,-0.465223024838348
63.08,2.1029,2.7459,0.163038232505016,-0.465078765027105
63.09,2.1032,2.7472,0.163037363392894,-0.465081712660438
63.1,2.1035,2.747,0.162999619330477,-0.465209722344747
63.11,2.1039,2.7462,0.162982211722729,-0.465268759894554
63.12,2.1041,2.7457,0.162979019270565,-0.465279586985427
63.13,2.1043,2.746,0.162954335031272,-0.465363302245033
63.14,2.1046,2.7479,0.162950103750568,-0.465377652318406
63.15,2.1049,2.7487,0.162924414239581,-0.465464775842724
63.16,2.1052,2.7478,0.162934565013049,-0.46543035057404
63.17,2.1055,2.7456,0.162873284435566,-0.465638174938613
63.18,2.1059,2.7456,0.162890900998463,-0.465578431409885
63.19,2.1061,2.7479,0.162915151437647,-0.465496189524309
63.2,2.1065,2.749,0.162941441291044,-0.465407030326419
63.21,2.1068,2.7473,0.163006272517244,-0.465187158084071
63.22,2.1072,2.746,0.16300856157495,-0.465179394738163
63.23,2.1076,2.7464,0.16307224707605,-0.464963402228749
63.24,2.108,2.7482,0.163049745420927,-0.465039718348648
63.25,2.1084,2.7501,0.163029669749459,-0.465107805956255
63.26,2.1087,2.7524,0.162989654815957,-0.465243516846327
63.27,2.1089,2.7522,0.162944021587758,-0.465398279476616
63.28,2.1093,2.75,0.162873932600816,-0.465635976805886
63.29,2.1095,2.7476,0.162842421302383,-0.465742840872298
63.3,2.1099,2.7486,0.162700960101121,-0.466222560191997
63.31,2.1101,2.7524,0.162680787458428,-0.466290966815083
63.32,2.1105,2.7535,0.162535262880526,-0.4667844323525
63.33,2.1108,2.7526,0.162553655991672,-0.466722064001574
63.34,2.1111,2.7525,0.162463843689484,-0.467026599892146
63.35,2.1114,2.7552,0.16246617949587,-0.467018679774327
63.36,2.1119,2.7577,0.162418538226628,-0.467180217534461
63.37,2.1122,2.7557,0.162423495982572,-0.467163407366787
63.38,2.1126,2.7533,0.162401076054572,-0.467239425910815
63.39,2.113,2.7529,0.162459346785794,-0.467041847712753
63.4,2.1133,2.7545,0.162411380053854,-0.467204488552351
63.41,2.1137,2.7558,0.162436279620939,-0.467120061971212
63.42,2.1141,2.7574,0.162395720319922,-0.467257585327412
63.43,2.1145,2.7595,0.162393554941002,-0.467264927355976
63.44,2.1148,2.7605,0.162352255003205,-0.467404959474918
63.45,2.1152,2.7593,0.162371761205879,-0.46733882178239
63.46,2.1154,2.7576,0.162375478855024,-0.467326216667979
63.47,2.1158,2.7571,0.162387294634187,-0.467286153789355
63.48,2.116,2.7589,0.162400041477579,-0.467242933801447
63.49,2.1164,2.7601,0.162413765325618,-0.467196400885518
63.5,2.1166,2.7594,0.162413005246364,-0.467198978063485
63.51,2.117,2.7594,0.162419239985627,-0.467177838095822
63.52,2.1173,2.7603,0.162419325477329,-0.467177548220961
63.53,2.1176,2.7612,0.162447726498069,-0.467081248928457
63.54,2.118,2.7629,0.162441381166252,-0.467102764132302
63.55,2.1184,2.7629,0.162448074423261,-0.467080069212093
63.56,2.1187,2.7624,0.162442778516627,-0.467098026122017
63.57,2.1191,2.762,0.162419739744824,-0.467176143573001
63.58,2.1195,2.7637,0.162412307231025,-0.467201344802481
63.59,2.1199,2.7669,0.162408405493964,-0.467214574288944
63.6,2.1202,2.7688,0.16241398472267,-0.467195656982352
63.61,2.1205,2.7684,0.162411112138687,-0.467205396963482
63.62,2.1207,2.7676,0.162410537125685,-0.467207346640787
63.63,2.1211,2.7679,0.162403948265804,-0.467229687233968
63.64,2.1215,2.7672,0.162406946730006,-0.467219520464541
63.65,2.1218,2.764,0.162407497280361,-0.467217653734694
63.66,2.1222,2.7626,0.162397344512833,-0.467252078263512
63.67,2.1225,2.7648,0.162390743080688,-0.467274461362843
63.68,2.1229,2.767,0.162366331953366,-0.467357230248877
63.69,2.1232,2.7682,0.162356327841995,-0.467391150159762
63.7,2.1236,2.7682,0.162339363689941,-0.467448668443668
63.71,2.1239,2.7699,0.162335711100158,-0.467461052782132
63.72,2.1243,2.7715,0.162344013574007,-0.467432902688315
63.73,2.1246,2.7714,0.162327293871454,-0.467489591861339
63.74,2.125,2.7699,0.162321422254205,-0.467509499845389
63.75,2.1254,2.7698,0.162336933767725,-0.467456907251901
63.76,2.1257,2.7702,0.162336848465164,-0.467457196475593
63.77,2.1259,2.771,0.162356866884302,-0.46738932248806
63.78,2.1263,2.7715,0.162343453579656,-0.467434801389719
63.79,2.1265,2.7724,0.162356193411955,-0.467391605956909
63.8,2.1268,2.7737,0.162362776386981,-0.46736928575798
63.81,2.1271,2.7742,0.162384621812554,-0.467295216342876
63.82,2.1274,2.7736,0.16240495262402,-0.467226281799216
63.83,2.1276,2.7742,0.162396496074934,-0.467254955016912
63.84,2.128,2.7745,0.162388045240716,-0.467283608757331
63.85,2.1283,2.7747,0.162383121436434,-0.467300303561188
63.86,2.1287,2.7756,0.162361608163874,-0.467373246733255
63.87,2.129,2.7769,0.162350974914693,-0.467409299721867
63.88,2.1294,2.7767,0.162378367915284,-0.467316420965523
63.89,2.1297,2.7758,0.162384077725639,-0.467297061139942
63.9,2.1301,2.7763,0.162371833239724,-0.467338577543588
63.91,2.1304,2.7786,0.162371500879927,-0.467339704446564
63.92,2.1308,2.7812,0.162378160538613,-0.467317124101184
63.93,2.1311,2.7806,0.162408383862606,-0.467214647633589
63.94,2.1316,2.7781,0.162416842299814,-0.467185967872965
63.95,2.1318,2.777,0.16235529126019,-0.46739466478299
63.96,2.1322,2.7779,0.162361958499078,-0.467372058887512
63.97,2.1326,2.7783,0.162331765944204,-0.467474429063838
63.98,2.1328,2.7781,0.162331478102644,-0.467475405006608
63.99,2.1331,2.7779,0.162314558767777,-0.467532770745522
64,2.1334,2.7792,0.162296663637675,-0.467593444523877
64.01,2.1337,2.7805,0.162256494817428,-0.467729636036915
64.02,2.1341,2.7811,0.162216885162534,-0.467863929497327
64.03,2.1343,2.7823,0.162222825917902,-0.467843787967551
64.04,2.1347,2.7851,0.162225121571024,-0.467836004774745
64.05,2.135,2.7851,0.16222502557722,-0.467836330232725
64.06,2.1354,2.7838,0.16229472392717,-0.467600021122207
64.07,2.1357,2.7834,0.162295951864163,-0.4675958577962
64.08,2.1361,2.785,0.16232320299336,-0.467503462173786
64.09,2.1366,2.7856,0.16232522227139,-0.467496615720638
64.1,2.1369,2.785,0.162339086532961,-0.467449608162729
64.11,2.1373,2.7843,0.162363460794533,-0.467366965206012
64.12,2.1376,2.7851,0.162340200609815,-0.467445830810859
64.13,2.1379,2.7848,0.162237871712499,-0.467792776502555
64.14,2.1381,2.7844,0.162209118291779,-0.467890262211877
64.15,2.1383,2.7869,0.162202047422276,-0.46791423513779
64.16,2.1387,2.7902,0.162189200362234,-0.467957791358201
64.17,2.1389,2.7903,0.162062825602192,-0.468386235569086
64.18,2.1393,2.7885,0.162064742284492,-0.468379737671012
64.19,2.1396,2.7877,0.162018001712053,-0.468538195158597
64.2,2.14,2.7892,0.161956465874296,-0.468746806125761
64.21,2.1403,2.7902,0.161933529590399,-0.468824560439343
64.22,2.1407,2.7902,0.161987782555506,-0.468640640961082
64.23,2.1411,2.7896,0.161990315940994,-0.468632052593512
64.24,2.1414,2.7924,0.162057939968688,-0.468402798722984
64.25,2.1418,2.7944,0.162072511754182,-0.468353397717216
64.26,2.1422,2.7957,0.162073829435782,-0.468348930522023
64.27,2.1425,2.7957,0.162036032355396,-0.468477068960527
64.28,2.1428,2.7954,0.162018780323497,-0.468535555575157
64.29,2.1431,2.7947,0.16203368142628,-0.468485038938182
64.3,2.1434,2.7928,0.162019956403621,-0.468531568525002
64.31,2.1438,2.791,0.162018210903922,-0.468537485973893
64.32,2.1441,2.7921,0.161952459856486,-0.468760386633624
64.33,2.1445,2.795,0.161932388997102,-0.468828427046853
64.34,2.1448,2.7971,0.16190177040363,-0.468932223296203
64.35,2.1452,2.7976,0.161916422663717,-0.468882552672894
64.36,2.1454,2.7983,0.161917786923114,-0.468877927868357
64.37,2.1459,2.7991,0.161935649242112,-0.468817374822197
64.38,2.1462,2.7981,0.16193435886352,-0.468821749205059
64.39,2.1466,2.7965,0.161924674793005,-0.468854578125392
64.4,2.147,2.795,0.161888913770918,-0.468975806560875
64.41,2.1473,2.7947,0.161861741644342,-0.469067917785704
64.42,2.1477,2.7968,0.16186334304927,-0.469062489186314
64.43,2.1479,2.7996,0.161862568362683,-0.469065115295289
64.44,2.1483,2.8017,0.161806177022624,-0.469256273961125
64.45,2.1486,2.803,0.161819301481921,-0.469211784298527
64.46,2.149,2.8013,0.161871449701084,-0.469035008408265
64.47,2.1492,2.799,0.161888570852915,-0.468976969030522
64.48,2.1494,2.7984,0.161923241891738,-0.468859435637881
64.49,2.1497,2.7999,0.161911234963842,-0.468900138819257
64.5,2.15,2.801,0.161950242531629,-0.468767903414713
64.51,2.1503,2.8007,0.161929456991728,-0.468838366527018
64.52,2.1506,2.8016,0.161941942282787,-0.46879604138363
64.53,2.151,2.8036,0.161974357477096,-0.468686152837694
64.54,2.1513,2.8036,0.161949516418311,-0.46877036495368
64.55,2.1517,2.8036,0.161917742565362,-0.468878078240048
64.56,2.152,2.8042,0.161898058450837,-0.468944806632011
64.57,2.1524,2.8054,0.161801506328451,-0.469272106753843
64.58,2.1527,2.8045,0.161798464847041,-0.469282416799027
64.59,2.1531,2.8029,0.161777535997461,-0.469353361278599
64.6,2.1535,2.804,0.161808977365814,-0.469246781298988
64.61,2.1538,2.8069,0.161781975108873,-0.469338313658596
64.62,2.1542,2.8089,0.161790626721692,-0.469308986497763
64.63,2.1544,2.808,0.161788415991425,-0.469316480421701
64.64,2.1547,2.8061,0.161878336752015,-0.469011661888772
64.65,2.155,2.8064,0.161885212368094,-0.468988354066156
64.66,2.1552,2.8075,0.161990076803126,-0.468632863289276
64.67,2.1556,2.8085,0.161961934711853,-0.468728266583401
64.68,2.1559,2.8082,0.161980062524774,-0.468666812391126
64.69,2.1562,2.8083,0.161933783509631,-0.46882369965374
64.7,2.1565,2.8082,0.161913733602731,-0.468891668513372
64.71,2.1569,2.8065,0.161873572006845,-0.469027813978526
64.72,2.1572,2.8069,0.161786243896262,-0.469323843373862
64.73,2.1576,2.8098,0.16180996312631,-0.469243439744751
64.74,2.1579,2.8125,0.16184842734417,-0.469113051766314
64.75,2.1583,2.813,0.161791350882329,-0.469306531739665
64.76,2.1586,2.812,0.161847204177559,-0.469117198151138
64.77,2.159,2.8127,0.161801314185423,-0.469272758082655
64.78,2.1594,2.8138,0.161861274367772,-0.469069501804945
64.79,2.1597,2.8133,0.161833823427711,-0.469162557115468
64.8,2.1601,2.8138,0.161875296036027,-0.469021969666691
64.81,2.1603,2.8148,0.161848474997908,-0.46911289022594
64.82,2.1607,2.8143,0.161837230912301,-0.46915100621921
64.83,2.1609,2.8135,0.161792767982468,-0.469301728054679
64.84,2.1612,2.8147,0.161764005402235,-0.469399226876516
64.85,2.1615,2.817,0.161719940945664,-0.46954859344578
64.86,2.1618,2.8184,0.161711811772728,-0.469576148842313
64.87,2.1622,2.8181,0.16167994507285,-0.469684166262956
64.88,2.1627,2.8189,0.161664872847948,-0.469735255552682
64.89,2.163,2.8212,0.161634331685774,-0.469838777864956
64.9,2.1634,2.8234,0.161640738967038,-0.469817059855031
64.91,2.1638,2.8221,0.16160524932913,-0.469937354195767
64.92,2.1642,2.8197,0.161599647418121,-0.469956342061191
64.93,2.1645,2.8189,0.161582142334906,-0.470015675845042
64.94,2.1649,2.819,0.161578907418449,-0.470026640603605
64.95,2.1653,2.8194,0.161563639958492,-0.470078389504811
64.96,2.1655,2.8199,0.161547123716924,-0.470134370770924
64.97,2.1658,2.8216,0.161530582527029,-0.470190436215528
64.98,2.1661,2.8228,0.161509242475133,-0.470262766570114
64.99,2.1664,2.8206,0.161491482348031,-0.470322962576953
65,2.1668,2.8191,0.1614761506064,-0.470374927481639
65.01,2.167,2.8214,0.161454806941689,-0.470447268453857
65.02,2.1674,2.8248,0.161450075806316,-0.470463303801714
65.03,2.1677,2.8249,0.161433343396263,-0.470520015099177
65.04,2.1681,2.8236,0.161434510022565,-0.470516061055607
65.05,2.1684,2.8242,0.161424797750149,-0.470548978777773
65.06,2.1688,2.8263,0.161425626526804,-0.470546169817275
65.07,2.1692,2.8273,0.161411980402792,-0.470592420301715
65.08,2.1695,2.8261,0.161414851890572,-0.470582688057963
65.09,2.1699,2.8258,0.161392538064798,-0.470658315306101
65.1,2.1701,2.8266,0.16139276376415,-0.470657550356908
65.11,2.1705,2.8286,0.16136669290152,-0.470745910286095
65.12,2.1708,2.8302,0.161349048593964,-0.470805710213044
65.13,2.1712,2.831,0.161319480974181,-0.470905919543755
65.14,2.1714,2.8315,0.16129703964242,-0.47098197594197
65.15,2.1716,2.8309,0.161273406627216,-0.471062070337401
65.16,2.172,2.8304,0.161255689388022,-0.471122115127407
65.17,2.1722,2.8303,0.161204766154328,-0.47129469458326
65.18,2.1725,2.8299,0.161189746680243,-0.471345595069199
65.19,2.1728,2.8285,0.161192520748988,-0.471336193868531
65.2,2.1732,2.8288,0.161181994546823,-0.471371866661596
65.21,2.1735,2.83,0.161169025601765,-0.471415817579483
65.22,2.1739,2.8306,0.161163113445271,-0.471435853418134
65.23,2.1742,2.8308,0.16112857084081,-0.471552914640076
65.24,2.1746,2.8302,0.161119065795728,-0.471585125936264
65.25,2.1749,2.8313,0.161092856982206,-0.471673943360799
65.26,2.1753,2.8343,0.161032304814756,-0.47187914117074
65.27,2.1756,2.8351,0.161011381498315,-0.471950044436494
65.28,2.176,2.8355,0.160951397316185,-0.4721533106495
65.29,2.1764,2.8354,0.160947694231606,-0.472165858992172
65.3,2.1767,2.8363,0.160917959680869,-0.472266617358796
65.31,2.1771,2.8358,0.160901460017115,-0.472322527511953
65.32,2.1773,2.8359,0.160858945803474,-0.472466587854276
65.33,2.1775,2.8366,0.16081324495367,-0.472621443359938
65.34,2.1779,2.8365,0.160790361542858,-0.472698981785271
65.35,2.1782,2.8366,0.160764040100155,-0.472788168772498
65.36,2.1786,2.8365,0.160743898063456,-0.472856416943468
65.37,2.179,2.8373,0.160799832920996,-0.472666888942241
65.38,2.1792,2.8391,0.160776729233639,-0.472745173317776
65.39,2.1797,2.8406,0.160735993498076,-0.472883200183466
65.4,2.18,2.8398,0.160720468205007,-0.472935804674296
65.41,2.1804,2.8385,0.160741679061186,-0.472863935654152
65.42,2.1807,2.8375,0.160724501001715,-0.472922140345211
65.43,2.1811,2.8375,0.160708634652609,-0.472975900180164
65.44,2.1814,2.8401,0.160638367826807,-0.473213980515992
65.45,2.1818,2.8427,0.160632892475267,-0.473232531989122
65.46,2.1821,2.844,0.160718476931968,-0.472942551698311
65.47,2.1825,2.8442,0.160692584469398,-0.473030282540206
65.48,2.1828,2.8425,0.16067269043851,-0.473097688394734
65.49,2.1832,2.8431,0.160661133050378,-0.473136847405021
65.5,2.1834,2.844,0.160630652449662,-0.473240121585566
65.51,2.1838,2.8444,0.160664480039568,-0.473125507077927
65.52,2.184,2.8435,0.160701350495452,-0.473000580918661
65.53,2.1844,2.8415,0.16080038445987,-0.472665020102574
65.54,2.1847,2.8433,0.160798505212479,-0.472671387760906
65.55,2.185,2.8456,0.160866414481192,-0.472441280259837
65.56,2.1853,2.8462,0.16088358870865,-0.472383085139754
65.57,2.1857,2.845,0.160835163329677,-0.472547174182594
65.58,2.186,2.8442,0.160816775632438,-0.472609479900093
65.59,2.1865,2.8451,0.160753501444215,-0.472823877446375
65.6,2.1869,2.8466,0.160771492939144,-0.47276291583817
65.61,2.1872,2.8467,0.160771307291664,-0.472763544880427
65.62,2.1876,2.8472,0.160802961438649,-0.472656288237055
65.63,2.1878,2.849,0.160821076240496,-0.472594907564731
65.64,2.1882,2.8496,0.160828166260957,-0.472570883427286
65.65,2.1884,2.8501,0.160824358070394,-0.472583787276586
65.66,2.1887,2.8523,0.160827576114555,-0.472572883108021
65.67,2.1891,2.8531,0.160843476007369,-0.472519006968456
65.68,2.1895,2.8514,0.160836338479132,-0.472543192236131
65.69,2.1897,2.8489,0.160830252137175,-0.472563815539083
65.7,2.1902,2.8493,0.160802812641762,-0.472656792422447
65.71,2.1904,2.8503,0.160751808571951,-0.472829613478668
65.72,2.1909,2.85,0.160754728549017,-0.472819719591604
65.73,2.1912,2.8501,0.160726566791301,-0.472915140819485
65.74,2.1916,2.851,0.160718672645987,-0.472941888561378
65.75,2.1919,2.852,0.160741421146342,-0.472864809554161
65.76,2.1923,2.854,0.160741262264412,-0.472865347898158
65.77,2.1926,2.8558,0.160724421986396,-0.472922408073114
65.78,2.193,2.8578,0.160701681175088,-0.472999460486232
65.79,2.1934,2.8588,0.160665938685588,-0.473120564863159
65.8,2.1937,2.8577,0.160673144691738,-0.473096149279603
65.81,2.1939,2.8548,0.160648079420853,-0.473181075790136
65.82,2.1943,2.8541,0.1605877150181,-0.473385599715348
65.83,2.1945,2.8556,0.160540825766021,-0.473544464226749
65.84,2.1949,2.857,0.160456570771335,-0.473829919107214
65.85,2.1951,2.8565,0.160428846727675,-0.473923845651077
65.86,2.1955,2.8568,0.160336040886712,-0.474238255587342
65.87,2.1957,2.8581,0.160336763187019,-0.474235808606957
65.88,2.1961,2.8602,0.160306695747271,-0.474337669271405
65.89,2.1963,2.8598,0.160288772898678,-0.474398386618103
65.9,2.1967,2.859,0.160298354774185,-0.474365926094236
65.91,2.197,2.86,0.16028985530085,-0.47439471977023
65.92,2.1974,2.8618,0.160270731871177,-0.474459503866071
65.93,2.1978,2.8619,0.160309723067839,-0.474327413554116
65.94,2.1982,2.8622,0.160278053005706,-0.4744347022519
65.95,2.1985,2.8637,0.160123261952944,-0.474959067837159
65.96,2.1989,2.8628,0.160089949168823,-0.475071912851978
65.97,2.1993,2.8623,0.15998121210083,-0.475440242196026
65.98,2.1995,2.8643,0.159966145882998,-0.475491275282418
65.99,2.1997,2.8657,0.159949934414237,-0.475546187268203
66,2.2001,2.8651,0.159921995717868,-0.475640821216932
66.01,2.2003,2.8626,0.159933370244459,-0.475602293553787
66.02,2.2007,2.8602,0.159842643879311,-0.475909595796247
66.03,2.2009,2.8614,0.159814635364225,-0.476004462027677
66.04,2.2013,2.8639,0.159829579253872,-0.475953846467988
66.05,2.2016,2.8643,0.159834902904297,-0.475935814972805
66.06,2.202,2.8647,0.159940980780506,-0.475576515134182
66.07,2.2023,2.8652,0.159942731550698,-0.475570584911177
66.08,2.2027,2.8655,0.160034531486889,-0.475259633412041
66.09,2.203,2.8655,0.16000566442619,-0.475357415315686
66.1,2.2034,2.8675,0.160010280244571,-0.475341780151049
66.11,2.2037,2.8694,0.159941214659798,-0.475575722936592
66.12,2.2041,2.8695,0.159955912180781,-0.475525939236254
66.13,2.2045,2.8677,0.15997041390825,-0.475476818434792
66.14,2.2048,2.8659,0.159975217113099,-0.475460548772208
66.15,2.2052,2.867,0.159976428318363,-0.475456446110326
66.16,2.2055,2.8705,0.159988232022824,-0.47541646383809
66.17,2.2057,2.8725,0.1599700048469,-0.475478204026951
66.18,2.2061,2.8717,0.159985039821435,-0.475427276688618
66.19,2.2063,2.8714,0.159972597405887,-0.475469422383262
66.2,2.2067,2.8723,0.159987449524581,-0.475419114372851
66.21,2.207,2.8734,0.159979392135681,-0.475446406894683
66.22,2.2074,2.8751,0.159977372973931,-0.475453246318982
66.23,2.2078,2.876,0.159951612244613,-0.475540504086595
66.24,2.2081,2.8763,0.159928422260943,-0.47561905332781
66.25,2.2085,2.8744,0.159921901267473,-0.475641141137447
66.26,2.2088,2.872,0.159916625587181,-0.475659010797724
66.27,2.2092,2.872,0.159898276597772,-0.475721161759983
66.28,2.2096,2.8735,0.159892003882135,-0.475742408343155
66.29,2.21,2.8733,0.159859640998234,-0.475852025175108
66.3,2.2102,2.8722,0.159853687748268,-0.475872189361869
66.31,2.2105,2.8733,0.159845416003748,-0.475900206413411
66.32,2.2108,2.8766,0.159850352234664,-0.475883487021226
66.33,2.2112,2.8789,0.159836288487576,-0.475931121919947
66.34,2.2114,2.8796,0.159834199231272,-0.475938198354105
66.35,2.2118,2.8798,0.159821460918986,-0.475981343635941
66.36,2.2121,2.8789,0.159830273854321,-0.475951493820525
66.37,2.2125,2.8768,0.159812842666471,-0.476010533946607
66.38,2.2128,2.8757,0.159805048435486,-0.476036933179165
66.39,2.2132,2.878,0.159793714599341,-0.476075320980899
66.4,2.2135,2.8804,0.159780066201748,-0.476121547983822
66.41,2.2139,2.8801,0.159752377368703,-0.476215329017528
66.42,2.2142,2.8793,0.159751036473049,-0.476219870553321
66.43,2.2146,2.8806,0.159727017983974,-0.47630121935626
66.44,2.215,2.8833,0.159720952345389,-0.476321763086947
66.45,2.2153,2.8845,0.159707802452006,-0.476366300326014
66.46,2.2157,2.8848,0.159705418369193,-0.476374374925734
66.47,2.216,2.8844,0.15970432486166,-0.476378078500639
66.48,2.2163,2.8851,0.159690293030397,-0.476425602430898
66.49,2.2165,2.885,0.159679835792634,-0.476461019513281
66.5,2.2168,2.8848,0.159696720037312,-0.476403835054794
66.51,2.2171,2.8867,0.159694411915063,-0.47641165234961
66.52,2.2173,2.8885,0.159725319883937,-0.476306970661883
66.53,2.2176,2.8877,0.159704809170616,-0.476376438206251
66.54,2.2179,2.885,0.159728355419257,-0.476296689585502
66.55,2.2181,2.8848,0.159718375402147,-0.476330490928652
66.56,2.2185,2.8873,0.159730888459105,-0.47628811040477
66.57,2.2189,2.8892,0.159720683068354,-0.476322675100999
66.58,2.2192,2.8881,0.159720033129679,-0.476324876377075
66.59,2.2196,2.8861,0.159698061926636,-0.476399290255502
66.6,2.22,2.8865,0.159685719731335,-0.476441091521822
66.61,2.2204,2.8874,0.159668650017777,-0.476498903871192
66.62,2.2207,2.8882,0.159671914659288,-0.476487847091787
66.63,2.2211,2.8889,0.159709518312984,-0.476360488907789
66.64,2.2215,2.8902,0.159702742760168,-0.47638343687995
66.65,2.2217,2.8914,0.159688607665621,-0.476431310516784
66.66,2.222,2.8913,0.159680334150466,-0.476459331654167
66.67,2.2223,2.8924,0.159673189275786,-0.476483530180847
66.68,2.2226,2.894,0.15968848256058,-0.476431734229243
66.69,2.2229,2.8936,0.15967617834354,-0.476473406703957
66.7,2.2232,2.892,0.159656842191744,-0.476538894822945
66.71,2.2235,2.8907,0.159630432420488,-0.476628339191969
66.72,2.2238,2.8918,0.159579363968502,-0.476801294584367
66.73,2.2242,2.8941,0.159563147018306,-0.476856216358708
66.74,2.2245,2.8959,0.159547057699998,-0.476910705519802
66.75,2.2249,2.8948,0.159519206872507,-0.477005026138041
66.76,2.2252,2.8945,0.159509516884525,-0.477037842346793
66.77,2.2256,2.8941,0.159541323754442,-0.476930124395638
66.78,2.2259,2.8935,0.159541820576739,-0.476928441833434
66.79,2.2263,2.8943,0.159594301591819,-0.476750705167278
66.8,2.2266,2.8968,0.15958680755894,-0.476776085331845
66.81,2.227,2.8992,0.15962896864657,-0.476633296659387
66.82,2.2274,2.8986,0.159620827809979,-0.476660867755981
66.83,2.2277,2.8971,0.15964823766534,-0.476568036660582
66.84,2.2279,2.8989,0.15966932287063,-0.476496625035507
66.85,2.2282,2.9015,0.159633016262938,-0.476619588301334
66.86,2.2285,2.903,0.15963962136093,-0.47659721828419
66.87,2.2289,2.9013,0.159619912237588,-0.476663968578277
66.88,2.2291,2.9,0.159492494405548,-0.477095490523641
66.89,2.2295,2.8998,0.159474216951937,-0.477157388335097
66.9,2.2298,2.9,0.159461808567387,-0.477199409887701
66.91,2.2303,2.901,0.159457657358209,-0.477213468096276
66.92,2.2307,2.9018,0.159371603186995,-0.477504887991468
66.93,2.231,2.9042,0.159344392055384,-0.477597035524369
66.94,2.2314,2.9041,0.159323189446365,-0.477668835131958
66.95,2.2317,2.903,0.159328015959187,-0.477652490890831
66.96,2.2321,2.9044,0.159311236366877,-0.477709312251428
66.97,2.2324,2.9074,0.159306397938288,-0.477725696729831
66.98,2.2328,2.9083,0.159256453698244,-0.477894822107297
66.99,2.233,2.9067,0.159247174276366,-0.477926244480046
67,2.2334,2.9056,0.159234212953265,-0.47797013446155
67.01,2.2336,2.9065,0.159239096023078,-0.477953599306576
67.02,2.234,2.9072,0.159234374071522,-0.477969588880007
67.03,2.2342,2.9074,0.15922118867108,-0.478014237400048
67.04,2.2346,2.9076,0.159230525579511,-0.477982620702961
67.05,2.2349,2.9074,0.159211208724857,-0.478048031420833
67.06,2.2351,2.9074,0.159202554415292,-0.478077336467671
67.07,2.2356,2.9079,0.159164178756258,-0.478207282080455
67.08,2.236,2.909,0.159152189880879,-0.478247877749387
67.09,2.2363,2.9101,0.159106912887417,-0.478401188884527
67.1,2.2367,2.9102,0.159072541263893,-0.478517571742911
67.11,2.237,2.9081,0.159053658905743,-0.47858150700154
67.12,2.2374,2.9071,0.159021673549644,-0.478689807591436
67.13,2.2379,2.9094,0.159033669528056,-0.478649190061032
67.14,2.2382,2.9104,0.159034727208232,-0.478645608821464
67.15,2.2386,2.9089,0.159035624873162,-0.47864256938238
67.16,2.2389,2.9076,0.15904333922413,-0.478616449010774
67.17,2.2393,2.9081,0.159026875075176,-0.478672195620353
67.18,2.2395,2.9107,0.159067330530667,-0.478535215223385
67.19,2.2397,2.9128,0.15905979696331,-0.478560723725333
67.2,2.24,2.9139,0.159015403620578,-0.478711037045577
67.21,2.2403,2.9138,0.158996187066845,-0.478776102342829
67.22,2.2407,2.9129,0.158921332448033,-0.479029547546879
67.23,2.2409,2.9126,0.158880340646413,-0.479168335601395
67.24,2.2413,2.9144,0.158800567906653,-0.479438419538588
67.25,2.2416,2.9182,0.158792910619425,-0.479464344095521
67.26,2.2419,2.9194,0.158745891799739,-0.479623529491745
67.27,2.2422,2.9178,0.158750131441637,-0.479609176024001
67.28,2.2426,2.9162,0.158740968590906,-0.479640197169616
67.29,2.2429,2.918,0.158809847047075,-0.479407003915982
67.3,2.2433,2.9182,0.158839775216405,-0.479305677753789
67.31,2.2436,2.9167,0.158921168304746,-0.479030103299952
67.32,2.244,2.9166,0.15895648211181,-0.478910537647634
67.33,2.2444,2.9193,0.158994813466008,-0.478780753195833
67.34,2.2447,2.9217,0.158999367299709,-0.478765334433347
67.35,2.2449,2.9212,0.159008300728526,-0.478735086776114
67.36,2.2453,2.9223,0.158977599155024,-0.478839038630993
67.37,2.2455,2.9239,0.158968364470804,-0.478870305909025
67.38,2.2459,2.9232,0.158923472065011,-0.479022303270909
67.39,2.2462,2.92,0.158883546950583,-0.479157479936919
67.4,2.2466,2.9171,0.158811886123631,-0.479400100366045
67.41,2.247,2.9182,0.158802519253655,-0.479431813033523
67.42,2.2473,2.9213,0.158764534689306,-0.479560413097334
67.43,2.2477,2.9229,0.158764794324284,-0.479559534087264
67.44,2.248,2.9236,0.158745839305411,-0.479623707213118
67.45,2.2484,2.924,0.158742257490906,-0.479635833561529
67.46,2.2487,2.9246,0.158730176869513,-0.479676732762172
67.47,2.2492,2.9255,0.158719297958766,-0.479713563371194
67.48,2.2495,2.924,0.158712005243868,-0.479738252802815
67.49,2.2499,2.9231,0.158693990999341,-0.47979923957382
67.5,2.2503,2.9236,0.158672332966091,-0.47987256169891
67.51,2.2506,2.925,0.158660211481012,-0.479913598058659
67.52,2.2508,2.9265,0.158644527644703,-0.479966694180828
67.53,2.2512,2.9286,0.158639555160911,-0.479983527975524
67.54,2.2514,2.9282,0.158619106007181,-0.480052755963464
67.55,2.2518,2.9252,0.158624941091181,-0.48003300209439
67.56,2.252,2.9243,0.158625955946935,-0.480029566435872
67.57,2.2524,2.9268,0.158630495408727,-0.480014198677043
67.58,2.2527,2.9291,0.158615777864911,-0.480064022907047
67.59,2.2531,2.9284,0.158606907149879,-0.48009405335222
67.6,2.2534,2.9265,0.158595508245155,-0.480132642434262
67.61,2.2539,2.927,0.158575774819203,-0.480199446211888
67.62,2.2543,2.9302,0.158567954621865,-0.480225919858789
67.63,2.2546,2.9323,0.158539812547994,-0.480321188272158
67.64,2.255,2.9319,0.158529575727782,-0.480355842359599
67.65,2.2553,2.9316,0.15851699589556,-0.480398427902992
67.66,2.2557,2.9311,0.15851035508734,-0.480420908433646
67.67,2.2559,2.931,0.158502467928632,-0.480447608042366
67.68,2.2563,2.9299,0.158492173189937,-0.480482457659694
67.69,2.2565,2.9306,0.158471124528003,-0.480553710858692
67.7,2.2569,2.9339,0.158448878769693,-0.480629015753344
67.71,2.2572,2.9354,0.158436084071745,-0.480672327219486
67.72,2.2575,2.936,0.158414840458262,-0.480744238692594
67.73,2.2578,2.9367,0.158401962606682,-0.48078783102927
67.74,2.2582,2.9373,0.158368866375449,-0.480899862787508
67.75,2.2585,2.9379,0.158353773523494,-0.480950952045985
67.76,2.2589,2.9375,0.158324330378282,-0.481050616087209
67.77,2.2592,2.9359,0.158312852261002,-0.481089468793909
67.78,2.2596,2.9367,0.158309819056575,-0.481099735969777
67.79,2.2599,2.9377,0.158305750451641,-0.481113507880679
67.8,2.2603,2.9388,0.158280381785249,-0.481199378319026
67.81,2.2606,2.9401,0.158264669348091,-0.48125256292075
67.82,2.2609,2.9409,0.158238210753992,-0.481342121117147
67.83,2.2612,2.9406,0.158216593606175,-0.481415291049731
67.84,2.2616,2.9403,0.158192612230111,-0.481496462680677
67.85,2.2619,2.9405,0.158175966038488,-0.481552805868889
67.86,2.2622,2.9424,0.158151075693663,-0.48163705272752
67.87,2.2624,2.943,0.15812511619242,-0.481724917458951
67.88,2.2627,2.941,0.158105246845232,-0.481792168301476
67.89,2.263,2.94,0.158087829523263,-0.481851119435886
67.9,2.2634,2.9413,0.15808124249015,-0.481873413974046
67.91,2.2636,2.9431,0.158065311432086,-0.481927334141757
67.92,2.264,2.9435,0.158031649032967,-0.482041266537704
67.93,2.2643,2.942,0.158018395216053,-0.482086124436265
67.94,2.2647,2.9415,0.158003911091322,-0.482135146063778
67.95,2.265,2.942,0.157984615386192,-0.482200452065213
67.96,2.2654,2.9429,0.157964119886316,-0.482269818182482
67.97,2.2657,2.942,0.157938825212033,-0.482355426084728
67.98,2.266,2.9437,0.157921960459886,-0.48241250305937
67.99,2.2664,2.9464,0.157908734626107,-0.482457264220484
68,2.2668,2.9458,0.157890782217085,-0.482518021486293
68.01,2.267,2.9435,0.157891865084774,-0.482514356693969
68.02,2.2674,2.9431,0.157867800752778,-0.482595798186349
68.03,2.2676,2.9444,0.1578508948605,-0.482653012716459
68.04,2.2678,2.9445,0.157826912205601,-0.48273417641497
68.05,2.2682,2.9452,0.157817303334224,-0.482766695172064
68.06,2.2686,2.9455,0.157799329906361,-0.482827521275632
68.07,2.2688,2.9469,0.157795743106751,-0.482839659754435
68.08,2.2691,2.9492,0.157785156039965,-0.482875488494142
68.09,2.2695,2.9496,0.15776391206265,-0.482947381866064
68.1,2.2699,2.9491,0.157764128402445,-0.482946649737163
68.11,2.2702,2.9483,0.157764433604412,-0.482945616884166
68.12,2.2707,2.9476,0.157793260513476,-0.482848061357914
68.13,2.271,2.9482,0.157784954658662,-0.482876170007006
68.14,2.2714,2.9497,0.15779559040452,-0.482840176530269
68.15,2.2717,2.9523,0.157794102961696,-0.482845210341772
68.16,2.2721,2.9541,0.157800750670314,-0.482822713108789
68.17,2.2726,2.9541,0.157791727515363,-0.48285324933281
68.18,2.2729,2.954,0.157796885163078,-0.482835794799314
68.19,2.2732,2.9548,0.157778155118242,-0.482899180919632
68.2,2.2734,2.9557,0.157791412136273,-0.482854316638873
68.21,2.2737,2.9547,0.157778244962254,-0.482898876871166
68.22,2.274,2.9544,0.157779190000691,-0.482895678688629
68.23,2.2743,2.954,0.157766738836701,-0.482937815599718
68.24,2.2747,2.9539,0.157779172919954,-0.482895736492974
68.25,2.275,2.9539,0.157786665318194,-0.482870380806004
68.26,2.2754,2.9553,0.157770237223027,-0.482925976471977
68.27,2.2758,2.9576,0.157743184421146,-0.483017527258385
68.28,2.2761,2.9596,0.157716135057785,-0.483109065385564
68.29,2.2765,2.9594,0.157687999018172,-0.483204279863855
68.3,2.2768,2.9587,0.157687505217828,-0.48320595091155
68.31,2.2772,2.9596,0.157669132286566,-0.483268125685612
68.32,2.2775,2.96,0.157664132547948,-0.48328504493024
68.33,2.2779,2.961,0.157645031379639,-0.483349683455461
68.34,2.2781,2.9616,0.157645129253391,-0.483349352251104
68.35,2.2785,2.9628,0.157617860133916,-0.483441630316553
68.36,2.2787,2.9633,0.157615814056457,-0.483448554153122
68.37,2.2791,2.9621,0.157600706127228,-0.483499678543294
68.38,2.2794,2.9622,0.157575049817615,-0.483586497333704
68.39,2.2797,2.964,0.157563873195415,-0.48362431779402
68.4,2.28,2.9647,0.157536156690362,-0.483718106645561
68.41,2.2804,2.9631,0.157531120896861,-0.483735146964813
68.42,2.2807,2.9631,0.157503482149585,-0.483828671431076
68.43,2.2811,2.9646,0.157488083044554,-0.48388077872324
68.44,2.2814,2.9646,0.157480140510417,-0.483907654437837
68.45,2.2818,2.964,0.157449706511856,-0.484010635295495
68.46,2.2821,2.9647,0.157444675192897,-0.48402765986576
68.47,2.2825,2.9655,0.157471693517224,-0.48393623702949
68.48,2.2828,2.9651,0.157469987606166,-0.48394200940977
68.49,2.2832,2.9634,0.157505349280608,-0.483822353434776
68.5,2.2835,2.964,0.157491594486038,-0.483868896782191
68.51,2.2839,2.966,0.157493224145344,-0.48386338236982
68.52,2.2841,2.9689,0.15746378275568,-0.483963005051901
68.53,2.2845,2.9688,0.157459575972857,-0.483977239708637
68.54,2.2847,2.9676,0.157408960989275,-0.484148505683346
68.55,2.2851,2.9682,0.157391958348614,-0.484206036733623
68.56,2.2853,2.9684,0.15733228963346,-0.484407931813943
68.57,2.2856,2.9668,0.157317069744168,-0.484459429038985
68.58,2.2859,2.9659,0.15728646435906,-0.484562982846766
68.59,2.2863,2.9667,0.157257217094372,-0.484661940209428
68.6,2.2865,2.9677,0.15724573897725,-0.484700775794872
68.61,2.2869,2.9686,0.15719379485133,-0.484876523620096
68.62,2.2872,2.969,0.157189702463601,-0.484890369650003
68.63,2.2876,2.9706,0.157156988896982,-0.485001050653213
68.64,2.2879,2.9727,0.157132710856484,-0.485083190466558
68.65,2.2883,2.9722,0.157135707939641,-0.485073050489677
68.66,2.2887,2.9719,0.157131230342364,-0.485088199458393
68.67,2.2891,2.9733,0.157119395964109,-0.485128238347777
68.68,2.2895,2.9765,0.157093180780031,-0.485216930680086
68.69,2.2897,2.9777,0.157092058222532,-0.4852207285432
68.7,2.29,2.9771,0.157099367136584,-0.485196000820492
68.71,2.2903,2.9764,0.157094759533863,-0.485211589399751
68.72,2.2905,2.9759,0.157092591117227,-0.48521892564147
68.73,2.2909,2.9764,0.157083217150066,-0.485250639807421
68.74,2.2912,2.9775,0.157079770414317,-0.48526230083186
68.75,2.2915,2.9779,0.157070345098127,-0.485294188553553
68.76,2.2918,2.9776,0.157064465455573,-0.485314080492361
68.77,2.2922,2.9769,0.157051455424887,-0.485358095706298
68.78,2.2925,2.9775,0.157043187962815,-0.485386065856549
68.79,2.2929,2.9795,0.15702549791771,-0.485445913795762
68.8,2.2932,2.9819,0.157018622159435,-0.485469175346171
68.81,2.2936,2.9821,0.156986707974698,-0.485577144160859
68.82,2.2941,2.9813,0.156977619535087,-0.485607890982453
68.83,2.2943,2.9805,0.156955485438229,-0.485682771684632
68.84,2.2946,2.9813,0.156934562972296,-0.485753552752506
68.85,2.295,2.9814,0.156925553245302,-0.485784032627991
68.86,2.2954,2.9808,0.156914128651064,-0.485822681827999
68.87,2.2956,2.9812,0.156903916870655,-0.485857227945966
68.88,2.2959,2.983,0.156882905396698,-0.485928308614499
68.89,2.2962,2.983,0.156869157327136,-0.485974817248965
68.9,2.2965,2.982,0.156831548328564,-0.486102044174277
68.91,2.2968,2.9826,0.15680959734475,-0.486176300919733
68.92,2.2971,2.9846,0.156796138605613,-0.486221829396625
68.93,2.2975,2.9844,0.156775594681718,-0.486291325282398
68.94,2.2978,2.9816,0.156757454695347,-0.48635268864989
68.95,2.2983,2.9806,0.156726270595401,-0.486458176154562
68.96,2.2987,2.9823,0.15669858359257,-0.486551832772673
68.97,2.299,2.984,0.156676729734869,-0.486625756898076
68.98,2.2994,2.9847,0.156648876190369,-0.486719974944729
68.99,2.2997,2.9854,0.156632843846832,-0.486774205831011
69,2.3001,2.987,0.156616744458042,-0.486828663142788
69.01,2.3004,2.9881,0.156608965193196,-0.486854976922029
69.02,2.3008,2.9877,0.156604682417852,-0.48686946360252
69.03,2.301,2.9871,0.156590697653071,-0.48691676752083
69.04,2.3014,2.9883,0.156567075063451,-0.486996671072349
69.05,2.3016,2.9885,0.156563674806318,-0.487008172398391
69.06,2.302,2.9883,0.156539812262789,-0.487088886690795
69.07,2.3023,2.9896,0.156525392340226,-0.487137661233433
69.08,2.3027,2.9918,0.156492935143104,-0.487247444737226
69.09,2.303,2.9934,0.156490208172774,-0.48725666839821
69.1,2.3034,2.9933,0.156475310082617,-0.487307059277572
69.11,2.3037,2.9923,0.156457877721409,-0.487366021610186
69.12,2.3041,2.9927,0.156434402510447,-0.487445422300092
69.13,2.3044,2.993,0.156421620193372,-0.487488655870971
69.14,2.3048,2.9909,0.156412196117818,-0.487520530731219
69.15,2.3052,2.9898,0.156391903137032,-0.487589166848827
69.16,2.3055,2.9916,0.156365462958497,-0.487678593518732
69.17,2.3059,2.995,0.156352051929747,-0.487723952281048
69.18,2.3062,2.9958,0.156342253254126,-0.487757093188959
69.19,2.3066,2.9953,0.156324125096053,-0.487818405572044
69.2,2.3069,2.9951,0.156311963046282,-0.487859539347934
69.21,2.3072,2.996,0.156310547811942,-0.487864325857617
69.22,2.3074,2.9976,0.156299399743763,-0.487902030000581
69.23,2.3076,2.9979,0.156279779796134,-0.487968386664306
69.24,2.308,2.9982,0.1562768626247,-0.487978252789686
69.25,2.3082,2.998,0.156262017730456,-0.488028459318189
69.26,2.3086,2.9974,0.156250684758347,-0.488066788059555
69.27,2.3089,2.997,0.156256274423589,-0.488047883523544
69.28,2.3093,2.998,0.156243879424316,-0.488089803991189
69.29,2.3096,2.999,0.156224277653235,-0.488156097660452
69.3,2.31,2.9994,0.156203492436145,-0.488226393186944
69.31,2.3103,2.999,0.156187444416622,-0.488280667116263
69.32,2.3107,3.0001,0.156167782977587,-0.48834716103373
69.33,2.3111,3.0012,0.156159041595651,-0.48837672373866
69.34,2.3115,3.002,0.156156505366206,-0.488385301058438
69.35,2.3119,3.0022,0.156145734493702,-0.488421727164963
69.36,2.3122,3.0028,0.156149439310339,-0.488409197831935
69.37,2.3125,3.0028,0.156158159850462,-0.488379705729522
69.38,2.3127,3.0021,0.156146534605048,-0.488419021267077
69.39,2.3131,3.0036,0.156157801376176,-0.488380918060234
69.4,2.3134,3.0068,0.156146434968025,-0.488419358229739
69.41,2.3137,3.0087,0.156141058163587,-0.488437542035638
69.42,2.314,3.0066,0.156127174270817,-0.488484495762573
69.43,2.3144,3.0029,0.156118041455465,-0.488515381745898
69.44,2.3147,3.0006,0.156112515220354,-0.48853407069146
69.45,2.3152,3.002,0.15607816919519,-0.488650223134855
69.46,2.3155,3.0036,0.156057922637625,-0.488718692793748
69.47,2.3159,3.0052,0.156020810590421,-0.488844196554853
69.48,2.3162,3.0074,0.155989624283099,-0.488949659442867
69.49,2.3166,3.0086,0.155976318007634,-0.488994656926384
69.5,2.317,3.0078,0.155984721959923,-0.488966237529618
69.51,2.3173,3.0079,0.155966975860919,-0.489026248871736
69.52,2.3177,3.009,0.1559709144867,-0.489012929801137
69.53,2.3179,3.0102,0.155956970583009,-0.489060083164878
69.54,2.3181,3.0098,0.155967103485197,-0.489025817290896
69.55,2.3184,3.0078,0.155969063695103,-0.489019188541098
69.56,2.3187,3.0077,0.155984324201308,-0.48896758262038
69.57,2.319,3.0101,0.155989071393496,-0.488951529140088
69.58,2.3193,3.0117,0.155989177685924,-0.488951169692853
69.59,2.3197,3.0097,0.155966643592101,-0.489027372489004
69.6,2.32,3.0073,0.155958553087398,-0.489054731706901
69.61,2.3204,3.0067,0.155939672632838,-0.489118578353444
69.62,2.3207,3.0079,0.155920815759241,-0.489182344761208
69.63,2.3211,3.01,0.155915025374133,-0.489201925429092
69.64,2.3214,3.0124,0.155903314064531,-0.489241528051543
69.65,2.3218,3.0147,0.155880785548948,-0.489317709283281
69.66,2.3223,3.0158,0.155895296179506,-0.489268640986909
69.67,2.3226,3.015,0.155905201354227,-0.489235146060781
69.68,2.323,3.0155,0.155918913704414,-0.489188776722654
69.69,2.3232,3.0155,0.155911203631301,-0.489214848944066
69.7,2.3236,3.0145,0.155938432024488,-0.489122773610163
69.71,2.3238,3.0118,0.15593727821672,-0.489126675339017
69.72,2.3242,3.0108,0.155906040111815,-0.489232309746779
69.73,2.3245,3.0122,0.15589625988375,-0.489265382170805
69.74,2.3249,3.0145,0.155844262719305,-0.489441211438627
69.75,2.3251,3.0167,0.155813445102516,-0.489545419935732
69.76,2.3255,3.0183,0.15577399655191,-0.489678811643823
69.77,2.3258,3.0198,0.155745086984702,-0.489776565352743
69.78,2.3263,3.0198,0.155719588155671,-0.489862785153176
69.79,2.3266,3.0177,0.155689181963602,-0.489965597151113
69.8,2.327,3.0173,0.155671800934537,-0.490024366782398
69.81,2.3273,3.0189,0.155718083024855,-0.489867874459633
69.82,2.3277,3.0213,0.155706023411796,-0.489908651576193
69.83,2.3281,3.022,0.155740984399161,-0.489790437584622
69.84,2.3283,3.0223,0.155745069482927,-0.489776624532226
69.85,2.3286,3.0232,0.155781937651266,-0.489651959708803
69.86,2.329,3.0235,0.155783214993795,-0.489647640510375
69.87,2.3292,3.0221,0.155800414032047,-0.48958948356293
69.88,2.3295,3.0214,0.155793758653994,-0.489611988153503
69.89,2.3297,3.022,0.155761878210239,-0.489719788284598
69.9,2.3299,3.0223,0.155716578418306,-0.489872961990218
69.91,2.3303,3.0206,0.155691539060272,-0.489957627181896
69.92,2.3305,3.0213,0.15559404336024,-0.490287279536784
69.93,2.3309,3.024,0.155583364263593,-0.490323386880462
69.94,2.3312,3.0269,0.155554617488785,-0.490420582482726
69.95,2.3316,3.0255,0.155542389754621,-0.490461925274819
69.96,2.3321,3.023,0.155495071092816,-0.490621910888267
69.97,2.3324,3.0229,0.155490630287901,-0.490636925203566
69.98,2.3328,3.0245,0.155472988347888,-0.490696572147642
69.99,2.3331,3.0258,0.155472178928905,-0.490699308761921
70,2.3335,3.0256,0.155476353164062,-0.490685195824488
70.01,2.3338,3.0265,0.15551096511676,-0.490568173132816
70.02,2.3342,3.0282,0.155514774279255,-0.490555294287542
70.03,2.3345,3.0294,0.155546519795818,-0.490447961350934
70.04,2.3348,3.0307,0.155543806977325,-0.490457133560173
70.05,2.3351,3.0329,0.155566519832223,-0.490380339658129
70.06,2.3354,3.0328,0.155551178031499,-0.49043221154037
70.07,2.3357,3.0309,0.155549126988306,-0.490439146260155
70.08,2.336,3.03,0.15553640386802,-0.490482163884155
70.09,2.3363,3.0307,0.155532098680502,-0.49049671992723
70.1,2.3367,3.0324,0.155533921938484,-0.490490555408725
70.11,2.3369,3.0338,0.155513138544154,-0.490560824739117
70.12,2.3373,3.0344,0.15550438691698,-0.49059041409408
70.13,2.3376,3.0341,0.155490860252786,-0.490636147695355
70.14,2.338,3.0344,0.155477243435726,-0.490682185845183
70.15,2.3383,3.0336,0.155461157342207,-0.490736572229295
70.16,2.3387,3.0334,0.155449835812843,-0.490774849612209
70.17,2.339,3.035,0.155460153484816,-0.490739966215596
70.18,2.3394,3.0362,0.155438354653078,-0.490813666512823
70.19,2.3397,3.0352,0.155415381677958,-0.490891335787385
70.2,2.3401,3.034,0.15539957442063,-0.490944778076648
70.21,2.3405,3.0347,0.155384995972048,-0.490994065613592
70.22,2.3407,3.0369,0.155382479819502,-0.491002572316024
70.23,2.3409,3.0379,0.155383572215164,-0.490998879105087
70.24,2.3413,3.0366,0.155385990871771,-0.490990702017042
70.25,2.3415,3.0346,0.15538012996533,-0.491010516782723
70.26,2.3419,3.0339,0.155377921582104,-0.491017982952626
70.27,2.3422,3.0359,0.155379430272297,-0.491012882327176
70.28,2.3426,3.0377,0.155383446777128,-0.49099930319064
70.29,2.3429,3.0381,0.155370807930043,-0.491042032959931
70.3,2.3433,3.0383,0.155361897790374,-0.491072156476452
70.31,2.3436,3.039,0.155339942323767,-0.491146383331686
70.32,2.344,3.0412,0.155336012452627,-0.491159669335709
70.33,2.3443,3.0427,0.155320287589526,-0.491212831319745
70.34,2.3448,3.0432,0.155317893413841,-0.491220925422229
70.35,2.3451,3.0427,0.155319305760742,-0.491216150635519
70.36,2.3454,3.0415,0.155311394949539,-0.491242895046199
70.37,2.3458,3.0417,0.155313362716967,-0.491236242540619
70.38,2.346,3.0422,0.155316726279573,-0.491224871205114
70.39,2.3462,3.0434,0.155322737198494,-0.491204549803068
70.4,2.3466,3.0431,0.155332637809979,-0.491171078220782
70.41,2.3469,3.0423,0.155339198513287,-0.491148897988065
70.42,2.3473,3.0438,0.15532910744934,-0.4911830135353
70.43,2.3477,3.0448,0.155325249107669,-0.49119605765624
70.44,2.348,3.0443,0.155321500478958,-0.49120873084427
70.45,2.3484,3.0454,0.155310751768649,-0.491245069470925
70.46,2.3487,3.0485,0.155290412415959,-0.491313831153009
70.47,2.3492,3.0507,0.15527011478847,-0.491382451198236
70.48,2.3495,3.0488,0.155257046889634,-0.491426629446851
70.49,2.3499,3.0483,0.155240311942345,-0.491483204426745
70.5,2.3502,3.0488,0.155228268910535,-0.491523917446248
70.51,2.3506,3.0504,0.155235546165467,-0.491499315773249
70.52,2.351,3.051,0.15522740840797,-0.491526826478206
70.53,2.3512,3.0508,0.155243478072608,-0.491472500882167
70.54,2.3515,3.0507,0.155249018260115,-0.49145377147258
70.55,2.3519,3.0522,0.155270434756537,-0.491381369488924
70.56,2.3521,3.0534,0.155281363804352,-0.491344421801093
70.57,2.3525,3.0525,0.155285409630314,-0.491330744088336
70.58,2.3527,3.0516,0.155298197448936,-0.491287512194705
70.59,2.353,3.0515,0.155309926662934,-0.491247858934594
70.6,2.3533,3.0512,0.155294206950612,-0.491301002932838
70.61,2.3536,3.0504,0.155302596833448,-0.491272639103082
70.62,2.3539,3.0516,0.155266725327604,-0.491393909868511
70.63,2.3543,3.0533,0.155265569669519,-0.491397816770832
70.64,2.3545,3.0538,0.155295962325701,-0.491295068512422
70.65,2.355,3.0538,0.155294291543344,-0.491300716949138
70.66,2.3553,3.0556,0.155291547901467,-0.491309992408225
70.67,2.3557,3.0572,0.155296140404965,-0.491294466477192
70.68,2.356,3.057,0.155281567218158,-0.49134373412114
70.69,2.3564,3.0565,0.155293528116829,-0.491303297874281
70.7,2.3567,3.0566,0.155306952392621,-0.491257914146096
70.71,2.3571,3.0567,0.155296497356281,-0.491293259726415
70.72,2.3573,3.0565,0.1553040081964,-0.491267867672986
70.73,2.3577,3.0553,0.155258635765066,-0.491421257996674
70.74,2.3579,3.0564,0.155259714968559,-0.491417609572844
70.75,2.3583,3.0589,0.155246467152175,-0.491462395869303
70.76,2.3585,3.0598,0.155206730706501,-0.491596729613211
70.77,2.3589,3.06,0.155143771622921,-0.491809565713524
70.78,2.3591,3.0602,0.155055986141519,-0.492106319369004
70.79,2.3595,3.0608,0.155008292918149,-0.492267538996576
70.8,2.3598,3.0606,0.154943260077473,-0.492487367426629
70.81,2.3602,3.0578,0.154912534330103,-0.492591226634411
70.82,2.3606,3.0557,0.154934691336403,-0.492516331627836
70.83,2.361,3.0578,0.154937981522004,-0.49250521009981
70.84,2.3613,3.0608,0.154980038729808,-0.492363046450182
70.85,2.3617,3.0609,0.154979341028292,-0.492365404872097
70.86,2.3621,3.0608,0.155012469033718,-0.492253422405122
70.87,2.3624,3.0622,0.15498825311012,-0.492335279547374
70.88,2.3626,3.0635,0.154974709129002,-0.492381061941099
70.89,2.363,3.0635,0.154985318068448,-0.492345200819894
70.9,2.3632,3.063,0.154955293681188,-0.492446691066069
70.91,2.3635,3.0624,0.154940738103253,-0.492495892256509
70.92,2.3638,3.0632,0.154910504027243,-0.492598089420154
70.93,2.3642,3.0648,0.154907764594009,-0.492607349183907
70.94,2.3645,3.0653,0.154873814920131,-0.492722104154126
70.95,2.3649,3.0651,0.154831274557722,-0.492865894665096
70.96,2.3652,3.0648,0.154813680132287,-0.492925364774914
70.97,2.3657,3.0638,0.154811723938526,-0.492931976788977
70.98,2.3661,3.0648,0.154806285137233,-0.492950360129348
70.99,2.3664,3.0675,0.154824997940315,-0.492887110021049
71,2.3669,3.0694,0.154825898627633,-0.492884065645457
71.01,2.3672,3.0692,0.154805202092808,-0.492954020852809
71.02,2.3676,3.069,0.154789198565043,-0.493008113078045
71.03,2.368,3.0703,0.154787653145986,-0.493013336604643
71.04,2.3682,3.0712,0.154758517791059,-0.493111813672735
71.05,2.3685,3.0715,0.15472912516619,-0.493211159109376
71.06,2.3688,3.071,0.154697183642849,-0.49331911831441
71.07,2.3691,3.0714,0.154667410591218,-0.493419747016786
71.08,2.3695,3.0716,0.154607256895341,-0.493623054225319
71.09,2.3698,3.0709,0.154582656809372,-0.493706196038192
71.1,2.3702,3.0702,0.154602499971394,-0.493639131441504
71.11,2.3706,3.0724,0.154600890242104,-0.493644571917762
71.12,2.3708,3.0741,0.154578931312543,-0.49371878716287
71.13,2.3711,3.0734,0.15458454128535,-0.493699827035468
71.14,2.3716,3.0715,0.154583040821861,-0.493704898183586
71.15,2.372,3.0708,0.15458402890143,-0.493701558750567
71.16,2.3723,3.0744,0.154569409175977,-0.493750969200971
71.17,2.3728,3.0776,0.15461004213438,-0.493613640797572
71.18,2.3732,3.0793,0.154575448962415,-0.49373055650302
71.19,2.3734,3.0788,0.15452488291928,-0.493901453254203
71.2,2.3737,3.0782,0.154489475533058,-0.49402111656056
71.21,2.3741,3.0781,0.154388761547569,-0.494361481417478
71.22,2.3743,3.0786,0.154373694752529,-0.494412398725342
71.23,2.3746,3.0798,0.154282617462055,-0.494720182089018
71.24,2.3748,3.0794,0.154289360931015,-0.494697393845905
71.25,2.375,3.078,0.154281826460205,-0.494722855121922
71.26,2.3753,3.0778,0.15430926898901,-0.494630118061977
71.27,2.3756,3.0791,0.154326356831925,-0.494572372258495
71.28,2.3759,3.0812,0.154382317701516,-0.494383258037941
71.29,2.3762,3.0817,0.154389652973128,-0.494358468889665
71.3,2.3766,3.0814,0.15452006712848,-0.493917728872079
71.31,2.3769,3.0802,0.154517289611347,-0.493927115853062
71.32,2.3773,3.0794,0.154665143217886,-0.493427410367197
71.33,2.3776,3.0788,0.154620877148003,-0.493577020994701
71.34,2.378,3.0782,0.154706245816927,-0.493288489202606
71.35,2.3785,3.0811,0.154684273848344,-0.493362751745285
71.36,2.3788,3.0854,0.154718781285121,-0.493246120565125
71.37,2.3792,3.087,0.154697240728046,-0.493318925373334
71.38,2.3795,3.0867,0.15471525517567,-0.493258038487019
71.39,2.3799,3.0861,0.154649029865715,-0.493481870651177
71.4,2.3801,3.0876,0.154697572153365,-0.493317805195659
71.41,2.3805,3.0885,0.154664785842556,-0.493428618236611
71.42,2.3807,3.0872,0.154711023027831,-0.493272342730074
71.43,2.3812,3.085,0.15471071003794,-0.493273400604102
71.44,2.3814,3.0852,0.154750073994424,-0.493140353358938
71.45,2.3818,3.0864,0.154716438151991,-0.493254040139045
71.46,2.3821,3.0863,0.154707650057814,-0.493283743018778
71.47,2.3826,3.0867,0.154683090356239,-0.493366751783452
71.48,2.3828,3.0874,0.154658307797762,-0.493450512924002
71.49,2.3832,3.0888,0.154638073328693,-0.493518901603998
71.5,2.3837,3.0888,0.154620154571451,-0.493579463138945
71.51,2.3839,3.0887,0.154610398334417,-0.493612436927657
71.52,2.3844,3.0896,0.15459807106932,-0.493654099997218
71.53,2.3846,3.0911,0.154554345451378,-0.493801879928396
71.54,2.385,3.0918,0.154545236512278,-0.493832665170062
71.55,2.3852,3.093,0.154522918282175,-0.493908093015547
71.56,2.3855,3.0927,0.154517299239153,-0.493927083314654
71.57,2.3858,3.0918,0.154529774035563,-0.493884923030532
71.58,2.386,3.0896,0.15452321790394,-0.493907080402927
71.59,2.3864,3.0897,0.154513052444682,-0.493941435889059
71.6,2.3867,3.0909,0.154493279769832,-0.494008259791675
71.61,2.387,3.0928,0.154480630559952,-0.494051008884541
71.62,2.3873,3.0944,0.154469099825074,-0.494089977800467
71.63,2.3877,3.0951,0.154457582626159,-0.494128900785533
71.64,2.388,3.0974,0.154452005534757,-0.494147748795463
71.65,2.3884,3.0985,0.154441529794693,-0.494183151872874
71.66,2.3887,3.0984,0.15444657043346,-0.494166116902246
71.67,2.3892,3.0961,0.154447897366371,-0.494161632491853
71.68,2.3896,3.0955,0.154473100929468,-0.494076455812484
71.69,2.3899,3.0976,0.154468464515968,-0.494092124866134
71.7,2.3903,3.0983,0.154483086473512,-0.494042708930869
71.71,2.3905,3.0983,0.154482241718763,-0.494045563847153
71.72,2.3909,3.0988,0.154470543909206,-0.494085097428438
71.73,2.3911,3.0997,0.154481543301581,-0.494047924203163
71.74,2.3915,3.1004,0.154487729613919,-0.494027017048483
71.75,2.3917,3.1001,0.154456725419567,-0.49413179775331
71.76,2.392,3.1007,0.154448347844678,-0.494160110086065
71.77,2.3924,3.1022,0.154419395717698,-0.494257954145834
71.78,2.3926,3.1008,0.154425072343595,-0.4942387700128
71.79,2.393,3.0977,0.154395959476839,-0.494337156346111
71.8,2.3933,3.0963,0.154377422526942,-0.494399800970295
71.81,2.3937,3.0979,0.154345424347927,-0.494507935965806
71.82,2.3942,3.1,0.154315431765854,-0.494609291928452
71.83,2.3945,3.1023,0.154310395223893,-0.494626312132563
71.84,2.3949,3.104,0.154305340282457,-0.494643394479237
71.85,2.3952,3.1058,0.154297802040812,-0.494668868666048
71.86,2.3956,3.1062,0.154307096529434,-0.49463745953426
71.87,2.3959,3.1059,0.154300982915852,-0.494658119457418
71.88,2.3963,3.1067,0.154259984525947,-0.494796665235407
71.89,2.3965,3.1082,0.154247406172176,-0.494839170771483
71.9,2.3969,3.1068,0.15424431800215,-0.494849606469227
71.91,2.3971,3.1042,0.154231601016679,-0.494892580198849
71.92,2.3974,3.1036,0.154212673839373,-0.494956539231471
71.93,2.3977,3.1055,0.154168266393672,-0.495106599649906
71.94,2.3979,3.1076,0.154143884492196,-0.495188989130814
71.95,2.3982,3.1077,0.154195218907746,-0.495015522784138
71.96,2.3985,3.1078,0.154168967961602,-0.495104228952245
71.97,2.3989,3.1091,0.15418471982392,-0.49505100099194
71.98,2.3992,3.1096,0.154169411131254,-0.495102731418709
71.99,2.3996,3.1085,0.15417328617224,-0.495089637090188
72,2.4,3.1081,0.154178534530693,-0.495071902088312
72.01,2.4003,3.1095,0.154212802760959,-0.494956103579192
72.02,2.4007,3.1094,0.154242775643835,-0.494854818478174
72.03,2.401,3.1092,0.154226235712372,-0.494910710775219
72.04,2.4014,3.1102,0.154214364896078,-0.49495082480483
72.05,2.4017,3.1125,0.15420364452464,-0.494987051066093
72.06,2.4021,3.1139,0.15411336426129,-0.495292119622716
72.07,2.4023,3.1124,0.154096833662965,-0.495347977397492
72.08,2.4027,3.1101,0.154053726349879,-0.495493637518493
72.09,2.4029,3.1112,0.15403555822132,-0.495555027063618
72.1,2.4033,3.1139,0.154012423421822,-0.49563319817014
72.11,2.4036,3.1149,0.153972253962784,-0.495768926601343
72.12,2.4038,3.1151,0.153978831002734,-0.49574670362031
72.13,2.4042,3.1162,0.154073567921929,-0.495426592933642
72.14,2.4046,3.1174,0.154094791727909,-0.495354877178677
72.15,2.4049,3.118,0.154095768306163,-0.49535157728196
72.16,2.4053,3.118,0.154100447625315,-0.49533576565821
72.17,2.4056,3.1196,0.1542162392931,-0.494944490829079
72.18,2.4061,3.1198,0.15421049111657,-0.49496391509257
72.19,2.4064,3.1182,0.154236231132045,-0.494876933959869
72.2,2.4068,3.1166,0.154296165243082,-0.494674399931048
72.21,2.4072,3.117,0.154305102899282,-0.494644196675923
72.22,2.4075,3.1173,0.15423832992132,-0.494869841651884
72.23,2.4077,3.117,0.154216747397619,-0.494942773837832
72.24,2.408,3.1162,0.154144325032695,-0.495187500496972
72.25,2.4082,3.1162,0.15411684025575,-0.495280374003261
72.26,2.4086,3.1178,0.1541095163146,-0.495305122074162
72.27,2.4089,3.119,0.154133589062592,-0.495223778420388
72.28,2.4092,3.12,0.154139979802503,-0.495202183486446
72.29,2.4095,3.1206,0.154111624868539,-0.495297997141678
72.3,2.4099,3.1221,0.15411914887859,-0.495272573001844
72.31,2.4102,3.1223,0.154109952944751,-0.495303646674736
72.32,2.4107,3.1211,0.154165824216618,-0.495114852107614
72.33,2.411,3.1226,0.154165896980167,-0.495114606229529
72.34,2.4114,3.1239,0.154188923539988,-0.495036795931677
72.35,2.4118,3.1231,0.154158098651328,-0.495140957818067
72.36,2.4121,3.1224,0.154146298038964,-0.495180833492747
72.37,2.4125,3.1251,0.154108077219582,-0.495309984860523
72.38,2.4128,3.1279,0.154099749130573,-0.495338125904384
72.39,2.4131,3.127,0.154091468257425,-0.495366107307499
72.4,2.4133,3.1252,0.154113356808217,-0.495292144807132
72.41,2.4136,3.1244,0.154123618462744,-0.495257469936725
72.42,2.414,3.1252,0.154114878850881,-0.495287001724522
72.43,2.4144,3.1264,0.154108536663075,-0.495308432374363
72.44,2.4146,3.1253,0.154161275690675,-0.495130222190533
72.45,2.4149,3.1257,0.15414012927544,-0.49520167840212
72.46,2.4153,3.1274,0.154083895101028,-0.495391697223558
72.47,2.4157,3.1292,0.154051246598317,-0.495502016549539
72.48,2.416,3.1298,0.154012233607594,-0.495633839538
72.49,2.4164,3.1305,0.154006667630272,-0.495652646530262
72.5,2.4166,3.1308,0.153955371741409,-0.495825969202887
72.51,2.4171,3.129,0.153962630781367,-0.495801441998057
72.52,2.4173,3.1267,0.153926802382373,-0.495922500058804
72.53,2.4178,3.1278,0.153878728473748,-0.496084930799652
72.54,2.418,3.132,0.153890546858052,-0.496044999481162
72.55,2.4184,3.1341,0.153899137222007,-0.496015974701222
72.56,2.4187,3.1333,0.153906738604177,-0.495990291367777
72.57,2.4191,3.1322,0.153992857869422,-0.495699308421243
72.58,2.4194,3.1331,0.153984904371171,-0.495726182427656
72.59,2.4197,3.1342,0.153986671752981,-0.495720210644175
72.6,2.4199,3.1355,0.153953565928859,-0.495832070760628
72.61,2.4203,3.1355,0.153968394929939,-0.495781965754163
72.62,2.4205,3.1348,0.153937759987549,-0.495885476366357
72.63,2.4208,3.1331,0.153927429519284,-0.495920381085337
72.64,2.4212,3.1334,0.153814565720675,-0.496301717044895
72.65,2.4216,3.1362,0.153788473986866,-0.496389871361715
72.66,2.4219,3.1396,0.153660902848721,-0.496820873380829
72.67,2.4223,3.1402,0.15366573218306,-0.496804557777121
72.68,2.4226,3.1363,0.15362490591612,-0.496942485739443
72.69,2.423,3.1342,0.153653565216997,-0.496845663047981
72.7,2.4233,3.1374,0.153638135057779,-0.496897792499069
72.71,2.4237,3.1411,0.153664803323466,-0.496807695873631
72.72,2.424,3.1415,0.153726865770989,-0.496598018966581
72.73,2.4244,3.1399,0.153684956394059,-0.496739609661498
72.74,2.4247,3.1393,0.153614936285549,-0.496976166908953
72.75,2.425,3.1399,0.15364909265235,-0.496860773252864
72.76,2.4253,3.141,0.153571592236088,-0.497122597833059
72.77,2.4256,3.1407,0.153584924651091,-0.497077556684752
72.78,2.4259,3.1386,0.153504621552889,-0.497348842402629
72.79,2.4262,3.1357,0.153509059571234,-0.497333849803676
72.8,2.4265,3.1352,0.153446234873918,-0.497546082848004
72.81,2.4269,3.1374,0.153443099907797,-0.497556673179148
72.82,2.4272,3.1406,0.153435273452795,-0.497583111921868
72.83,2.4276,3.1444,0.153459976121387,-0.497499662930799
72.84,2.4279,3.1455,0.153469334109374,-0.497468050146084
72.85,2.4284,3.1446,0.153493305804716,-0.49738706935655
72.86,2.4288,3.1444,0.153481551914314,-0.49742677625716
72.87,2.4291,3.1446,0.153490349551271,-0.497397056166941
72.88,2.4295,3.1434,0.153479017185304,-0.497435339033626
72.89,2.4298,3.1444,0.153491715230819,-0.497392442632116
72.9,2.4302,3.1464,0.153467292924231,-0.497474945607371
72.91,2.4304,3.147,0.153477552582606,-0.497440286724336
72.92,2.4308,3.1472,0.153468727514438,-0.497470099324794
72.93,2.431,3.1487,0.15347188285696,-0.497459440046691
72.94,2.4314,3.1507,0.153457059476429,-0.497509515800428
72.95,2.4317,3.1503,0.153449395917878,-0.497535404408587
72.96,2.4321,3.1463,0.153447702629803,-0.497541124569341
72.97,2.4324,3.1445,0.153440088505997,-0.497566846080733
72.98,2.4328,3.1468,0.15343852610426,-0.49757212406925
72.99,2.4331,3.1501,0.153438198781031,-0.49757322980763
73,2.4335,3.1521,0.153435552287621,-0.497582169984457
73.01,2.434,3.1515,0.153427028523564,-0.497610964230449
73.02,2.4343,3.1505,0.153408942595467,-0.497672060220423
73.03,2.4347,3.1516,0.15340402928277,-0.497688657780535
73.04,2.435,3.1537,0.153389530253617,-0.497737636455187
73.05,2.4352,3.1538,0.153374970400131,-0.497786820303547
73.06,2.4355,3.1526,0.153347170784419,-0.4978807278511
73.07,2.4358,3.1515,0.153336079651777,-0.49791819357434
73.08,2.4361,3.151,0.153306963992426,-0.498016545133289
73.09,2.4364,3.1514,0.153301786461407,-0.498034034506898
73.1,2.4368,3.1531,0.153279785534604,-0.498108351834877
73.11,2.4371,3.1558,0.153284125592882,-0.498093691527061
73.12,2.4375,3.1564,0.15328021870865,-0.498106888614955
73.13,2.4378,3.1563,0.153283607250197,-0.498095442441179
73.14,2.4382,3.157,0.153278714023317,-0.498111971294976
73.15,2.4386,3.158,0.153275148983526,-0.498124013638423
73.16,2.4389,3.1574,0.153270419213424,-0.498139990295584
73.17,2.4393,3.156,0.153301848086214,-0.498033826342403
73.18,2.4396,3.1572,0.153293965118699,-0.498060454438976
73.19,2.44,3.1586,0.153272851626307,-0.498131773869109
73.2,2.4403,3.1587,0.153263573160505,-0.49816311547436
73.21,2.4407,3.1567,0.153251934381384,-0.498202429780661
73.22,2.441,3.1569,0.153235483895571,-0.498257997094309
73.23,2.4413,3.159,0.153251392308269,-0.498204260829664
73.24,2.4416,3.1601,0.153246913438486,-0.498219389824877
73.25,2.4419,3.1596,0.153250865274752,-0.498206041076565
73.26,2.4422,3.1586,0.153287496727921,-0.498082304132508
73.27,2.4425,3.1594,0.153292094054764,-0.498066774745485
73.28,2.4427,3.1603,0.153332969887013,-0.497928698294493
73.29,2.443,3.1596,0.153317851483098,-0.497979767753787
73.3,2.4434,3.1599,0.153344748398976,-0.497888910656936
73.31,2.4437,3.1631,0.153338323345257,-0.497910614416446
73.32,2.444,3.1655,0.153376357792764,-0.497782133640768
73.33,2.4443,3.1662,0.153405247973919,-0.497684540948283
73.34,2.4447,3.1661,0.153412797691537,-0.497659037376475
73.35,2.445,3.1649,0.153425318059284,-0.497616742361437
73.36,2.4454,3.1638,0.153439214440968,-0.497569798782163
73.37,2.4458,3.1627,0.153373801762989,-0.497790768000241
73.38,2.4461,3.163,0.153381156580757,-0.497765923139685
73.39,2.4465,3.1654,0.153415075589554,-0.497651342432588
73.4,2.4469,3.1679,0.153421591396549,-0.497629331411982
73.41,2.4472,3.1677,0.153385992712871,-0.49774958645616
73.42,2.4475,3.1665,0.153387342553039,-0.497745026626269
73.43,2.4478,3.1655,0.153399511431166,-0.497703919412001
73.44,2.4481,3.1643,0.153457652558102,-0.497507512281424
73.45,2.4484,3.1631,0.153456285615493,-0.497512130018207
73.46,2.4487,3.1632,0.153352426052644,-0.49786297555336
73.47,2.4489,3.1658,0.153365377828249,-0.497819224286883
73.48,2.4493,3.1682,0.153370013802758,-0.497803563847853
73.49,2.4497,3.1697,0.15336629457216,-0.497816127505164
73.5,2.45,3.1709,0.153391407131193,-0.497731296255734
73.51,2.4504,3.1726,0.153352863829647,-0.49786149674077
73.52,2.4507,3.1737,0.153307724280596,-0.498013976924601
73.53,2.4511,3.1723,0.153190888371964,-0.498408632295256
73.54,2.4514,3.171,0.15317865771484,-0.498449944645554
73.55,2.4518,3.1726,0.153089227667121,-0.498752012468237
73.56,2.4521,3.1752,0.153066052381764,-0.498830289798159
73.57,2.4524,3.1754,0.153083666278119,-0.498770796800643
73.58,2.4527,3.1746,0.153083536255707,-0.49877123596815
73.59,2.453,3.1764,0.153129317266099,-0.498616603230419
73.6,2.4533,3.1789,0.153106843086718,-0.4986925137568
73.61,2.4537,3.1788,0.153088827212896,-0.498753365057184
73.62,2.4539,3.1783,0.153039279981391,-0.498920715887361
73.63,2.4543,3.1779,0.15299770289129,-0.499061144111557
73.64,2.4546,3.1772,0.152974919503839,-0.49913809485895
73.65,2.455,3.1766,0.152956736046463,-0.499199508852464
73.66,2.4554,3.1768,0.152935959710295,-0.4992696796397
73.67,2.4558,3.1788,0.152886095758316,-0.49943808959146
73.68,2.4561,3.1801,0.152869382495752,-0.499494536001536
73.69,2.4565,3.1799,0.152854862803329,-0.499543573658218
73.7,2.4569,3.1793,0.15286668574062,-0.499503643830476
73.71,2.4572,3.1799,0.152890778226986,-0.499422275221741
73.72,2.4574,3.1804,0.15287784939663,-0.499465940426965
73.73,2.4578,3.1797,0.152873289436438,-0.499481340960015
73.74,2.458,3.1793,0.152861497118091,-0.499521167486592
73.75,2.4584,3.1809,0.152807478684879,-0.499703602974961
73.76,2.4587,3.183,0.152804464406315,-0.499713782924262
73.77,2.459,3.183,0.152800168983649,-0.499728289585844
73.78,2.4593,3.182,0.152799489638634,-0.499730583892802
73.79,2.4597,3.1833,0.152807324084178,-0.499704125099306
73.8,2.46,3.185,0.152782745797439,-0.499787131556278
73.81,2.4604,3.1838,0.152786765123627,-0.499773557436373
73.82,2.4607,3.1813,0.152831861355463,-0.499621256321154
73.83,2.4611,3.1812,0.152843880734163,-0.499580663431772
73.84,2.4615,3.1839,0.152918844766978,-0.499327483847713
73.85,2.4618,3.1871,0.152921258449267,-0.499319331873888
73.86,2.4622,3.1883,0.152997203666193,-0.499062830248923
73.87,2.4625,3.1883,0.152988501383582,-0.499092222232879
73.88,2.4629,3.1879,0.153009827467598,-0.499020193136635
73.89,2.4633,3.1886,0.15301334870043,-0.499008300070914
73.9,2.4636,3.188,0.153001197477395,-0.499049341105042
73.91,2.4639,3.1867,0.152979367128497,-0.499123073091549
73.92,2.4642,3.1865,0.153001735799167,-0.499047522915282
73.93,2.4644,3.1868,0.152938768941074,-0.499260191672089
73.94,2.4646,3.186,0.152949760423311,-0.499223068654237
73.95,2.465,3.1873,0.153083846673786,-0.498770187490918
73.96,2.4652,3.189,0.153105158185659,-0.498698204780554
73.97,2.4656,3.189,0.153206340060182,-0.498356439743725
73.98,2.4659,3.1878,0.153214697598291,-0.498328209599864
73.99,2.4663,3.1874,0.153219492830797,-0.498312012189926
74,2.4667,3.1897,0.15324119496448,-0.498238705989
74.01,2.467,3.192,0.153213795959468,-0.498331255165737
74.02,2.4674,3.1934,0.153295825260344,-0.498054171022265
74.03,2.4676,3.1933,0.153321005189065,-0.497969114667535
74.04,2.4681,3.1933,0.153299464701025,-0.498041877255066
74.05,2.4684,3.1926,0.153299238754676,-0.498042640486018
74.06,2.4688,3.1917,0.153192873643529,-0.498401926484273
74.07,2.469,3.1915,0.153185238956443,-0.498427714749087
74.08,2.4694,3.1928,0.153077624127151,-0.498791204921793
74.09,2.4697,3.1923,0.153104976689384,-0.49869881781312
74.1,2.47,3.1909,0.153085692822078,-0.498763951883377
74.11,2.4702,3.1898,0.1531373636136,-0.498589425093676
74.12,2.4705,3.1916,0.153110271877048,-0.498680932454912
74.13,2.4708,3.1948,0.15308771007507,-0.498757138341884
74.14,2.4711,3.1966,0.15306975870875,-0.498817771280675
74.15,2.4715,3.1966,0.153056553326308,-0.498862373790822
74.16,2.4718,3.1962,0.153032396697141,-0.498943964611604
74.17,2.4722,3.197,0.153024898437818,-0.498969290377585
74.18,2.4726,3.1989,0.15300164086805,-0.499047843546564
74.19,2.473,3.2007,0.15300222981451,-0.499045854370789
74.2,2.4734,3.2018,0.152967985111703,-0.499161515581049
74.21,2.4737,3.2011,0.152952726788923,-0.499213049918066
74.22,2.4741,3.1997,0.152943485170297,-0.499244262934618
74.23,2.4744,3.1982,0.15295350119617,-0.499210434398302
74.24,2.4748,3.2003,0.152955377296867,-0.499204097963364
74.25,2.4752,3.2026,0.152942899690988,-0.49924624035211
74.26,2.4754,3.2022,0.152934054890723,-0.499276113019598
74.27,2.4757,3.2,0.152933667412736,-0.49927742169573
74.28,2.476,3.2001,0.152936892683668,-0.499266528592877
74.29,2.4763,3.2023,0.152949874737365,-0.499222682565055
74.3,2.4767,3.2034,0.152940288325956,-0.499255060058294
74.31,2.477,3.2038,0.15293435822296,-0.499275088538905
74.32,2.4773,3.2033,0.152918892712555,-0.499327321916337
74.33,2.4777,3.2029,0.15291551143511,-0.499338741833924
74.34,2.4781,3.2032,0.152906163818133,-0.49937031236811
74.35,2.4785,3.2037,0.152908826410899,-0.499361319770294
74.36,2.4788,3.2055,0.152895888081679,-0.499405017381854
74.37,2.4792,3.2067,0.15289613449679,-0.499404185147379
74.38,2.4796,3.2052,0.152897593214886,-0.499399258518046
74.39,2.4799,3.2026,0.152895478288808,-0.499406401402933
74.4,2.4801,3.2039,0.152895821098002,-0.499405243610355
74.41,2.4805,3.2063,0.152910798755824,-0.499354658398019
74.42,2.4807,3.2077,0.152906642981395,-0.499368694050573
74.43,2.4811,3.2083,0.152908544173599,-0.499362272994463
74.44,2.4814,3.2091,0.152903319054102,-0.499379920217297
74.45,2.4816,3.2104,0.152901779066307,-0.499385121336596
74.46,2.482,3.2103,0.152888331108437,-0.499430540019233
74.47,2.4824,3.2097,0.152880928764103,-0.499455540341594
74.48,2.4827,3.2096,0.152890383474785,-0.499423608442145
74.49,2.4831,3.2095,0.152874822967854,-0.499476161707233
74.5,2.4834,3.2092,0.152853128430394,-0.499549431172058
74.51,2.4838,3.2083,0.152837351842665,-0.499602713396017
74.52,2.4841,3.2107,0.152798594823287,-0.499733605892473
74.53,2.4845,3.2143,0.152796908437285,-0.499739301207428
74.54,2.4848,3.2169,0.152761613310066,-0.499858500093087
74.55,2.4852,3.2154,0.152751397368609,-0.499893001099322
74.56,2.4855,3.2132,0.152721891464044,-0.499992646840216
74.57,2.4858,3.214,0.152717479488236,-0.500007546621409
74.58,2.4861,3.2166,0.152704683539086,-0.50005075995121
74.59,2.4865,3.2177,0.152713574833898,-0.500020733093407
74.6,2.4868,3.2173,0.152710589210395,-0.500030815877015
74.61,2.4871,3.2169,0.152706530321628,-0.500044523177223
74.62,2.4873,3.218,0.152692923132556,-0.500090475938312
74.63,2.4877,3.2177,0.152640741905606,-0.500266694472405
74.64,2.4879,3.2168,0.152633796540362,-0.500290149021578
74.65,2.4883,3.2176,0.152616046480286,-0.500350090798753
74.66,2.4886,3.2192,0.152607810078961,-0.500377904895388
74.67,2.489,3.2184,0.152591216623284,-0.500433940243522
74.68,2.4893,3.2178,0.152555301428154,-0.500555222916733
74.69,2.4896,3.2187,0.152544443335396,-0.500591889453116
74.7,2.4899,3.2196,0.152555192478455,-0.500555590828212
74.71,2.4904,3.2187,0.152552974124895,-0.500563081967277
74.72,2.4907,3.2178,0.152590666374875,-0.500435798400902
74.73,2.4911,3.219,0.152583217325537,-0.500460953372597
74.74,2.4913,3.2202,0.152586671065512,-0.500449290319265
74.75,2.4917,3.2197,0.152586849451404,-0.500448687921358
74.76,2.492,3.2182,0.152593201255379,-0.500427238251041
74.77,2.4923,3.2194,0.152534768158067,-0.500624561281098
74.78,2.4926,3.2224,0.152519172038187,-0.500677227095086
74.79,2.4929,3.2239,0.152446850758064,-0.500921441042936
74.8,2.4932,3.223,0.152438846861807,-0.500948468090997
74.81,2.4935,3.2226,0.152364700140696,-0.501198837782281
74.82,2.4938,3.2243,0.152362142794182,-0.501207472984437
74.83,2.4942,3.2239,0.15231149536903,-0.501378488508714
74.84,2.4946,3.2224,0.152274824523831,-0.501502308640512
74.85,2.495,3.2231,0.152275298955266,-0.501500706721499
74.86,2.4953,3.2255,0.15225298405126,-0.501576052715332
74.87,2.4957,3.2258,0.152242671474022,-0.501610872768836
74.88,2.4962,3.2248,0.152351761025545,-0.501242528238447
74.89,2.4965,3.2243,0.152343026261959,-0.501272022071283
74.9,2.4969,3.2265,0.152335456875753,-0.501297580800879
74.91,2.4972,3.2279,0.152326568007974,-0.501327594779619
74.92,2.4976,3.2269,0.152391176950823,-0.501109434967282
74.93,2.4978,3.2263,0.152394035528493,-0.501099782504017
74.94,2.4982,3.2269,0.152397002782622,-0.50108976306456
74.95,2.4984,3.229,0.152369914391456,-0.501181231180535
74.96,2.4988,3.2311,0.152363155311274,-0.501204054094216
74.97,2.4991,3.2333,0.152356391764507,-0.501226892026193
74.98,2.4995,3.233,0.152384646014875,-0.501131487716763
74.99,2.4998,3.2299,0.15237121158262,-0.501176851038512
75,2.5002,3.2278,0.152368487959903,-0.501186047717571
75.01,2.5005,3.2285,0.152351332123019,-0.501243976474675
75.02,2.5009,3.2319,0.15234603655852,-0.50126185750554
75.03,2.5012,3.2341,0.152333553758197,-0.501304006840008
75.04,2.5016,3.2325,0.152311352693547,-0.501378970260091
75.05,2.502,3.2321,0.152308357259683,-0.50138908449576
75.06,2.5023,3.2332,0.152295788274775,-0.501431524179987
75.07,2.5025,3.234,0.152316886961353,-0.50136028348887
75.08,2.5028,3.2333,0.15231063912203,-0.501381379671955
75.09,2.5031,3.2324,0.152333338817975,-0.501304732603729
75.1,2.5035,3.2332,0.152344361663626,-0.501267512956293
75.11,2.5037,3.2354,0.152339928757951,-0.501282481088465
75.12,2.5041,3.2379,0.152352365803286,-0.501240486139905
75.13,2.5044,3.238,0.152325172484385,-0.501332306867538
75.14,2.5048,3.2376,0.152306203696562,-0.501396356104075
75.15,2.5051,3.2377,0.152293049655585,-0.501440771208882
75.16,2.5055,3.2366,0.152255763645182,-0.501566667489099
75.17,2.5058,3.2367,0.152244653740713,-0.501604179726735
75.18,2.5062,3.2391,0.152194842177781,-0.501772364764631
75.19,2.5066,3.2411,0.152189005773292,-0.501792070724144
75.2,2.5069,3.2417,0.152208511741643,-0.501726210842912
75.21,2.5073,3.2408,0.152206664687783,-0.501732447251626
75.22,2.5076,3.2407,0.152254470606903,-0.501571033400392
75.23,2.508,3.2422,0.152278849091011,-0.501488719668674
75.24,2.5083,3.243,0.152332697958292,-0.501306896519911
75.25,2.5087,3.2435,0.152346228698648,-0.501261208724858
75.26,2.5089,3.2443,0.152361153687832,-0.50121081282399
75.27,2.5092,3.2452,0.15234378324079,-0.501269466058158
75.28,2.5094,3.2453,0.152334587356902,-0.501300516806242
75.29,2.5097,3.2449,0.152250509400011,-0.501584408301549
75.3,2.51,3.245,0.152202801700686,-0.501745490259483
75.31,2.5103,3.245,0.152096686430369,-0.502103770230764
75.32,2.5106,3.2423,0.152054357988474,-0.502246680563435
75.33,2.511,3.2399,0.151999428717205,-0.502432130407501
75.34,2.5113,3.2405,0.151978776986683,-0.502501852805209
75.35,2.5116,3.2429,0.151935104242921,-0.502649294590074
75.36,2.512,3.2456,0.151939118360316,-0.502635742801455
75.37,2.5123,3.2461,0.151934654813507,-0.502650811876741
75.38,2.5127,3.2468,0.151956645196752,-0.502576571378568
75.39,2.513,3.2476,0.151974049822455,-0.502517812121483
75.4,2.5134,3.2473,0.152031363947356,-0.502324312567853
75.41,2.5138,3.2456,0.152021868460089,-0.502356370820053
75.42,2.5142,3.2447,0.15202925305881,-0.502331439269049
75.43,2.5145,3.2454,0.152019850831798,-0.502363182632989
75.44,2.5147,3.2467,0.152016307140556,-0.5023751466475
75.45,2.5151,3.248,0.152004196759831,-0.502416032913541
75.46,2.5154,3.251,0.151993148110132,-0.502453334455356
75.47,2.5156,3.2536,0.151995149729713,-0.502446576764671
75.48,2.516,3.2524,0.151988677133296,-0.502468428951068
75.49,2.5164,3.2509,0.151990528247212,-0.502462179395995
75.5,2.5167,3.2502,0.151981625970818,-0.502492234372734
75.51,2.5171,3.2507,0.151978653505476,-0.502502269688864
75.52,2.5173,3.2511,0.151972099511896,-0.50252439652995
75.53,2.5177,3.251,0.15196422947736,-0.502550966358444
75.54,2.518,3.2523,0.151967107491984,-0.502541249974624
75.55,2.5184,3.2557,0.151949559839723,-0.502600491928154
75.56,2.5187,3.2572,0.151935442465101,-0.502648152742048
75.57,2.5192,3.2556,0.151918751436375,-0.502704501955688
75.58,2.5195,3.2547,0.151909073277429,-0.502737175416911
75.59,2.5199,3.2546,0.151894493863075,-0.502786395268407
75.6,2.5201,3.2538,0.151885725080525,-0.502815998384543
75.61,2.5204,3.253,0.151885317027417,-0.50281737595556
75.62,2.5207,3.253,0.151881171771221,-0.50283137016198
75.63,2.521,3.2556,0.151884161764073,-0.502821276077268
75.64,2.5213,3.2592,0.151869231671231,-0.50287167929166
75.65,2.5217,3.2605,0.15186978370626,-0.502869815655736
75.66,2.522,3.26,0.15185826019036,-0.502908718240713
75.67,2.5223,3.2598,0.151850179390448,-0.50293599834661
75.68,2.5226,3.2582,0.151847926351321,-0.502943604402404
75.69,2.523,3.2561,0.151845626037486,-0.502951370046028
75.7,2.5233,3.2555,0.151843323789035,-0.502959142213355
75.71,2.5237,3.2575,0.15183253874649,-0.502995551371975
75.72,2.524,3.2606,0.151827657970415,-0.503012028300589
75.73,2.5244,3.2625,0.151821541755407,-0.503032675879564
75.74,2.5247,3.2644,0.151831031841874,-0.503000638509079
75.75,2.525,3.2636,0.151825032467709,-0.503020891676621
75.76,2.5252,3.2619,0.151823851229756,-0.503024879388351
75.77,2.5256,3.2607,0.151817893249409,-0.503044992755918
75.78,2.5259,3.2615,0.151816599008862,-0.503049361937317
75.79,2.5263,3.2632,0.15181048715156,-0.503069994711111
75.8,2.5266,3.2636,0.151823556430944,-0.503025874592002
75.81,2.527,3.2626,0.151817541150297,-0.503046181395229
75.82,2.5273,3.2632,0.151825824441009,-0.50301821807263
75.83,2.5277,3.2665,0.151818658763395,-0.50304240848293
75.84,2.528,3.2695,0.151825820878257,-0.503018230100042
75.85,2.5284,3.2679,0.151825897067958,-0.503017972892981
75.86,2.5287,3.2643,0.15182727176971,-0.503013332067538
75.87,2.5291,3.2628,0.151833529174424,-0.502992207799175
75.88,2.5295,3.2648,0.15183389444964,-0.502990974670976
75.89,2.5298,3.2673,0.151830712119117,-0.503001717856021
75.9,2.5302,3.2688,0.151821568100241,-0.503032586942802
75.91,2.5305,3.2698,0.151828041599184,-0.503010733215979
75.92,2.5308,3.2696,0.151840639252981,-0.502968204937208
75.93,2.5311,3.2686,0.151838930424934,-0.502973973763686
75.94,2.5313,3.2677,0.151827643084825,-0.503012078552547
75.95,2.5317,3.2678,0.151822345176315,-0.503029963633765
75.96,2.5319,3.2696,0.151825388965045,-0.503019688185776
75.97,2.5323,3.2694,0.151827221538165,-0.503013501643155
75.98,2.5325,3.2696,0.151827890227057,-0.503011244230108
75.99,2.5329,3.2714,0.151823780322366,-0.503025118762778
76,2.5332,3.2735,0.151824457818803,-0.503022831619765
76.01,2.5336,3.2738,0.151797591885304,-0.503113527152304
76.02,2.5339,3.2723,0.151797009966004,-0.503115491617153
76.03,2.5343,3.2714,0.151795212300365,-0.503121560240801
76.04,2.5347,3.2694,0.151803015768359,-0.503095216983163
76.05,2.5351,3.2686,0.151795265847847,-0.50312137947337
76.06,2.5354,3.2691,0.151795833783721,-0.503119462215677
76.07,2.5357,3.2727,0.151790355054029,-0.503137957483358
76.08,2.5361,3.277,0.151794434788974,-0.503124184990034
76.09,2.5364,3.2773,0.151798527979116,-0.503110367050953
76.1,2.5368,3.275,0.151782193613172,-0.503165509054097
76.11,2.537,3.275,0.151770629628339,-0.503204546848453
76.12,2.5374,3.2769,0.151734834762812,-0.503325382267218
76.13,2.5376,3.2775,0.151721605095034,-0.503370042199805
76.14,2.5378,3.2763,0.1516961781377,-0.50345587633905
76.15,2.5382,3.2768,0.151677693013546,-0.503518276268748
76.16,2.5385,3.2786,0.151654128582492,-0.503597821641339
76.17,2.5389,3.2796,0.151635221698887,-0.503661644184851
76.18,2.5393,3.2787,0.151612525043817,-0.503738258917148
76.19,2.5396,3.2769,0.151610107488897,-0.503746419562979
76.2,2.54,3.2774,0.151571547269861,-0.503876581499962
76.21,2.5403,3.2793,0.151560332657969,-0.503914436591485
76.22,2.5408,3.2808,0.151534536092693,-0.504001512621796
76.23,2.5411,3.2815,0.151513328460623,-0.504073098063131
76.24,2.5415,3.2824,0.151483490829777,-0.50417381263033
76.25,2.5419,3.2822,0.15144867327188,-0.50429133498094
76.26,2.5422,3.282,0.151442476267936,-0.504312252022617
76.27,2.5424,3.2821,0.151439996029611,-0.504320623673825
76.28,2.5427,3.2817,0.151432808579006,-0.504344883725358
76.29,2.543,3.2809,0.151429385636206,-0.50435643727773
76.3,2.5433,3.2807,0.151416459136731,-0.504400068297532
76.31,2.5436,3.2823,0.151408309687461,-0.504427575144037
76.32,2.544,3.283,0.151405011306543,-0.504438708147065
76.33,2.5443,3.2836,0.151404221738474,-0.504441373168637
76.34,2.5447,3.283,0.151378387717506,-0.504528570014327
76.35,2.545,3.2834,0.151384896103111,-0.504506602530673
76.36,2.5454,3.2855,0.151368746226463,-0.504561112430261
76.37,2.5457,3.2864,0.151362179164323,-0.504583277814462
76.38,2.5461,3.2855,0.151370081300455,-0.504556606233188
76.39,2.5465,3.286,0.151358955041432,-0.504594159967964
76.4,2.5468,3.2888,0.151367087537963,-0.504566710900979
76.41,2.5472,3.2912,0.151342952942776,-0.504648170503333
76.42,2.5474,3.2904,0.151352348129925,-0.504616459762933
76.43,2.5478,3.2897,0.151352379256216,-0.504616354704923
76.44,2.5481,3.2895,0.151348972536293,-0.504627853118335
76.45,2.5483,3.2887,0.151345830395139,-0.504638458507096
76.46,2.5487,3.2882,0.151347651014002,-0.504632313536322
76.47,2.5491,3.2884,0.15129424089154,-0.504812581991363
76.48,2.5493,3.2903,0.151283726148035,-0.504848070612056
76.49,2.5496,3.2921,0.15124434195196,-0.504980996004987
76.5,2.5501,3.2931,0.151231081397381,-0.505025751147041
76.51,2.5505,3.2934,0.151197436459953,-0.505139303666934
76.52,2.5508,3.2934,0.15119733384034,-0.50513965000833
76.53,2.5512,3.2936,0.151185371457,-0.50518002297502
76.54,2.5515,3.2924,0.151203537302861,-0.505118713283855
76.55,2.5519,3.2921,0.151193245627798,-0.505153447721723
76.56,2.5522,3.2933,0.151226386307744,-0.505041597288639
76.57,2.5526,3.2949,0.151214417242076,-0.505081993292169
76.58,2.553,3.2951,0.15122175853141,-0.50505721621474
76.59,2.5532,3.2947,0.151224544960191,-0.505047811912209
76.6,2.5535,3.2964,0.151198662299656,-0.505135166454409
76.61,2.5538,3.2985,0.151226816286258,-0.505040146092827
76.62,2.554,3.2988,0.151215554922357,-0.50507815359112
76.63,2.5544,3.2982,0.151216393840762,-0.505075322218154
76.64,2.5546,3.298,0.151212644729999,-0.505087975563731
76.65,2.555,3.2984,0.151176562898725,-0.505209751675091
76.66,2.5552,3.2989,0.151154622793854,-0.505283798600892
76.67,2.5555,3.2984,0.151142106932185,-0.505326038804404
76.68,2.5559,3.2992,0.151136833690621,-0.505343835579849
76.69,2.5563,3.2997,0.151117252920709,-0.505409918799207
76.7,2.5567,3.2996,0.151098849380927,-0.505472028493308
76.71,2.5571,3.2987,0.15108283389887,-0.50552607840123
76.72,2.5574,3.2989,0.151070399482716,-0.505568042489635
76.73,2.5578,3.3006,0.151051991590958,-0.505630165670503
76.74,2.5581,3.3011,0.151037123091522,-0.505680343722013
76.75,2.5585,3.2999,0.151021086398717,-0.505734463834967
76.76,2.5589,3.2997,0.15100147710516,-0.50580064015908
76.77,2.5592,3.3003,0.150995057712233,-0.505822303843463
76.78,2.5596,3.2999,0.150977876992929,-0.50588028376045
76.79,2.5598,3.2987,0.150984665996535,-0.505857372902356
76.8,2.5602,3.3011,0.150973525617069,-0.505894968319713
76.81,2.5604,3.3056,0.150972103601822,-0.505899767179428
76.82,2.5607,3.308,0.150964838716537,-0.50592428386652
76.83,2.5611,3.3075,0.150966034462859,-0.505920248606421
76.84,2.5615,3.3081,0.15096013676361,-0.50594015142941
76.85,2.5618,3.3093,0.150945892182685,-0.505988222072405
76.86,2.5622,3.3089,0.150928131003285,-0.506048159650299
76.87,2.5625,3.3061,0.15091759785812,-0.506083705010816
76.88,2.5629,3.3042,0.150910681471362,-0.506107045102712
76.89,2.5632,3.3043,0.15090744905245,-0.50611795322558
76.9,2.5636,3.3059,0.150906798919975,-0.506120147161276
76.91,2.5639,3.3082,0.150913477063939,-0.506097611082539
76.92,2.5643,3.3112,0.15090239348283,-0.506135013724798
76.93,2.5646,3.3134,0.1509033755343,-0.506131699701746
76.94,2.5649,3.3123,0.150892515105879,-0.506168349142146
76.95,2.5651,3.3096,0.150899771049011,-0.506143863362452
76.96,2.5655,3.309,0.150889210163195,-0.506179501920047
76.97,2.5657,3.31,0.150879892353257,-0.506210945489329
76.98,2.5661,3.3102,0.150877874592791,-0.506217754540291
76.99,2.5664,3.3106,0.150865107420705,-0.50626083797945
77,2.5668,3.311,0.150860699293282,-0.506275713365768
77.01,2.5671,3.3136,0.150849094796017,-0.506314873034548
77.02,2.5675,3.3158,0.150830276103797,-0.506378376787787
77.03,2.5678,3.3137,0.150812637057423,-0.506437899373817
77.04,2.5682,3.3111,0.150810566346422,-0.506444886915554
77.05,2.5685,3.3103,0.150795280746685,-0.5064964674518
77.06,2.5689,3.3104,0.150784762561881,-0.506531960382067
77.07,2.5692,3.3114,0.150773047891711,-0.506571490593114
77.08,2.5696,3.313,0.1507768665845,-0.506558604742817
77.09,2.5698,3.3159,0.150759072629363,-0.506618648740576
77.1,2.5701,3.3178,0.150736433609445,-0.506695041308539
77.11,2.5704,3.3174,0.150725738770912,-0.506731129468114
77.12,2.5708,3.3153,0.15071631354283,-0.506762933382006
77.13,2.5711,3.3151,0.150700967157959,-0.506814717021138
77.14,2.5715,3.3157,0.150675989469855,-0.506898999074701
77.15,2.5718,3.3163,0.150666566557008,-0.506930794523827
77.16,2.5722,3.3174,0.150652397443445,-0.506978604701536
77.17,2.5725,3.3176,0.150640613421101,-0.507018366764608
77.18,2.5729,3.3175,0.150631249391052,-0.507049963066687
77.19,2.5733,3.3178,0.150625528370253,-0.507069266992251
77.2,2.5736,3.318,0.150618602587481,-0.507092635976765
77.21,2.574,3.3181,0.150604444342817,-0.507140408535136
77.22,2.5743,3.3173,0.150588947196232,-0.507192698478563
77.23,2.5747,3.317,0.150582958528996,-0.50721290514576
77.24,2.575,3.318,0.150565003233782,-0.507273488722888
77.25,2.5753,3.3223,0.15056375256382,-0.507277708634571
77.26,2.5756,3.3258,0.150546929421093,-0.50733447174082
77.27,2.576,3.3247,0.150540893964916,-0.507354835927874
77.28,2.5762,3.3218,0.150512184987309,-0.507451701978162
77.29,2.5764,3.3217,0.150509807466613,-0.50745972384387
77.3,2.5767,3.3237,0.150501536989003,-0.507487628759766
77.31,2.577,3.3257,0.150498015006182,-0.507499512039072
77.32,2.5773,3.326,0.150489733893415,-0.507527452702459
77.33,2.5775,3.3254,0.150491076974326,-0.507522921123309
77.34,2.5779,3.3255,0.150490055402135,-0.507526367926481
77.35,2.5782,3.3238,0.150484281984562,-0.507545847515207
77.36,2.5786,3.3219,0.150471352548574,-0.50758947143829
77.37,2.5789,3.3225,0.150465579326792,-0.507608950216168
77.38,2.5793,3.3257,0.150444259569763,-0.5076808824071
77.39,2.5797,3.3287,0.150436107317421,-0.507708387683421
77.4,2.5801,3.3292,0.150425561851185,-0.507743967402045
77.41,2.5805,3.3294,0.150424471263242,-0.507747646966149
77.42,2.5808,3.3307,0.150412472073437,-0.507788131247325
77.43,2.5812,3.3318,0.150411126157088,-0.507792672246081
77.44,2.5815,3.3329,0.150398975734075,-0.507833666548787
77.45,2.5818,3.332,0.150402294499128,-0.50782246939036
77.46,2.5821,3.3306,0.15038167239514,-0.507892045915932
77.47,2.5823,3.3299,0.15038973295855,-0.507864850604346
77.48,2.5827,3.331,0.150389489857933,-0.507865670796103
77.49,2.5829,3.3331,0.150387981058474,-0.507870761299166
77.5,2.5833,3.3341,0.150372180397729,-0.507924070587132
77.51,2.5835,3.3331,0.150370787944153,-0.50792876852013
77.52,2.584,3.3315,0.150363432044298,-0.507953586196576
77.53,2.5842,3.3315,0.150354868492304,-0.507982478211036
77.54,2.5846,3.3336,0.150346287451302,-0.50801142912818
77.55,2.5849,3.3336,0.150340058915885,-0.508032443042705
77.56,2.5854,3.3326,0.150325363117813,-0.508082023705163
77.57,2.5857,3.3314,0.150328506202229,-0.508071419596731
77.58,2.5861,3.3329,0.150320805970332,-0.508097398541764
77.59,2.5865,3.3334,0.150327418061845,-0.508075090756008
77.6,2.5868,3.3338,0.150320917519026,-0.508097022200779
77.61,2.5872,3.3344,0.150306106059107,-0.508146992687355
77.62,2.5874,3.3367,0.150306880484683,-0.508144379959709
77.63,2.5878,3.338,0.1502943960594,-0.508186499338716
77.64,2.588,3.3369,0.15029738470331,-0.508176416409286
77.65,2.5884,3.3359,0.150291964198712,-0.508194703813065
77.66,2.5886,3.337,0.150270897173416,-0.508265778209707
77.67,2.589,3.3394,0.150266449148549,-0.508280784553314
77.68,2.5893,3.3407,0.150260671164465,-0.508300277751826
77.69,2.5897,3.3397,0.150257180768587,-0.508312053286112
77.7,2.59,3.3395,0.150252355261311,-0.508328333052346
77.71,2.5904,3.34,0.150247536204584,-0.508344591024092
77.72,2.5907,3.3404,0.150240218725086,-0.508369277821521
77.73,2.5911,3.341,0.150235246443272,-0.508386052641713
77.74,2.5914,3.3409,0.150231352184976,-0.508399190546142
77.75,2.5918,3.3403,0.150227367421672,-0.508412633761881
77.76,2.5921,3.3395,0.150224533299777,-0.508422195097295
77.77,2.5925,3.3417,0.150216901893782,-0.508447940734791
77.78,2.5927,3.3443,0.150215166262621,-0.508453796122963
77.79,2.593,3.3449,0.150214583745524,-0.508455761322811
77.8,2.5933,3.3433,0.150200839409579,-0.508502129553409
77.81,2.5937,3.342,0.150186966297655,-0.50854893195931
77.82,2.5939,3.3427,0.150180239970527,-0.508571623836736
77.83,2.5943,3.3432,0.150175835835525,-0.508586481553344
77.84,2.5946,3.3426,0.150159392174622,-0.508641955375864
77.85,2.595,3.3424,0.150163193756399,-0.50862913051136
77.86,2.5953,3.3444,0.150150197366096,-0.508672974531688
77.87,2.5957,3.347,0.150151540554696,-0.50866844322373
77.88,2.5962,3.3481,0.150141976013375,-0.508700709585072
77.89,2.5965,3.3476,0.150139541191787,-0.508708923532414
77.9,2.5969,3.3477,0.150138291234473,-0.508713140299595
77.91,2.5972,3.3482,0.150143036021601,-0.508697133611344
77.92,2.5976,3.3475,0.150141709547966,-0.508701608514926
77.93,2.5979,3.3466,0.150124749382608,-0.508758823989496
77.94,2.5982,3.3479,0.150120887719241,-0.508771851336163
77.95,2.5985,3.3513,0.150102572738049,-0.50883363676266
77.96,2.5988,3.3526,0.150096056305518,-0.508855619777417
77.97,2.599,3.3518,0.150082280194965,-0.508902092931705
77.98,2.5993,3.3495,0.15007796416485,-0.508916652831208
77.99,2.5996,3.348,0.150067646658587,-0.508951458288323
78,2.5999,3.347,0.150057323064704,-0.508986284133421
78.01,2.6002,3.3471,0.150048252300605,-0.509016883531824
78.02,2.6005,3.3492,0.150041474110188,-0.509039749066524
78.03,2.6009,3.3514,0.150038196743999,-0.509050804904489
78.04,2.6012,3.3527,0.150034771465778,-0.50906235969162
78.05,2.6016,3.3542,0.150025314249548,-0.509094262451941
78.06,2.6021,3.3555,0.150032506504866,-0.509070000271101
78.07,2.6024,3.3556,0.150020586550891,-0.50911021071751
78.08,2.6028,3.3537,0.150022946303988,-0.509102250406705
78.09,2.6031,3.3523,0.15000972753426,-0.509146842054884
78.1,2.6035,3.3538,0.150004833134788,-0.509163352556895
78.11,2.6038,3.3568,0.150004726039373,-0.509163713826395
78.12,2.6042,3.3589,0.15000101703763,-0.509176225549183
78.13,2.6044,3.3581,0.149985382501846,-0.509228965938926
78.14,2.6048,3.3571,0.149975657681553,-0.509261770758828
78.15,2.605,3.3579,0.149958777119843,-0.509318713790405
78.16,2.6054,3.3599,0.149954993613904,-0.509331476599128
78.17,2.6057,3.3595,0.149940385204961,-0.509380754603463
78.18,2.606,3.3581,0.149944931313656,-0.509365419415348
78.19,2.6063,3.3578,0.149939963714457,-0.509382176397351
78.2,2.6067,3.3583,0.149937360636359,-0.509390957231514
78.21,2.607,3.3583,0.149922882976685,-0.5094397938304
78.22,2.6074,3.3595,0.149913229906976,-0.509472355774699
78.23,2.6077,3.3618,0.149892779092686,-0.509541340477252
78.24,2.6081,3.364,0.149887810055699,-0.509558101948803
78.25,2.6084,3.3633,0.14987208673879,-0.509611139349287
78.26,2.6088,3.3622,0.149869419369747,-0.509620136800942
78.27,2.6091,3.3621,0.149858343182255,-0.509657498402386
78.28,2.6095,3.3623,0.149844830724079,-0.509703077670327
78.29,2.6099,3.3627,0.149833750159897,-0.509740453655985
78.3,2.6101,3.362,0.149833458790986,-0.509741436473691
78.31,2.6103,3.3628,0.149828484014463,-0.509758216895254
78.32,2.6107,3.3647,0.149819962420031,-0.509786961010368
78.33,2.6109,3.366,0.149815139146674,-0.509803230306478
78.34,2.6113,3.3655,0.149808004659552,-0.5098272954566
78.35,2.6115,3.3646,0.149803283886418,-0.509843218932881
78.36,2.6119,3.3645,0.149804582895854,-0.509838837292255
78.37,2.6122,3.3633,0.149794097077316,-0.509874206551484
78.38,2.6126,3.3624,0.149783653659613,-0.509909432638289
78.39,2.613,3.3644,0.149779209213876,-0.509924423894528
78.4,2.6134,3.367,0.149775953082493,-0.509935406911373
78.41,2.6137,3.3677,0.149765540756652,-0.509970527861483
78.42,2.6141,3.3692,0.149755160498446,-0.510005540496822
78.43,2.6145,3.3716,0.149756845767943,-0.509999856089037
78.44,2.6147,3.3735,0.149738296481733,-0.510062422545343
78.45,2.615,3.373,0.149743716953349,-0.510044139427669
78.46,2.6153,3.3718,0.149734813300451,-0.510074171208717
78.47,2.6156,3.3698,0.149732008796605,-0.510083630701701
78.48,2.616,3.3694,0.149731632705623,-0.510084899242544
78.49,2.6163,3.3686,0.149715748099363,-0.510138477246883
78.5,2.6167,3.3682,0.149708205092367,-0.510163919319719
78.51,2.6169,3.3696,0.149700714709609,-0.510189183816114
78.52,2.6173,3.3721,0.149695625396715,-0.510206349640335
78.53,2.6176,3.3717,0.149689391795579,-0.510227375003445
78.54,2.618,3.3704,0.14967602814963,-0.510272449169588
78.55,2.6184,3.3712,0.149662749487099,-0.510317236449628
78.56,2.6187,3.3728,0.149649520144668,-0.510361857135233
78.57,2.6191,3.3743,0.149643567171963,-0.510381935583908
78.58,2.6194,3.3743,0.149640103745728,-0.510393617157856
78.59,2.6198,3.3735,0.149612780954494,-0.510485771908351
78.6,2.6201,3.3749,0.149610609853053,-0.510493094589744
78.61,2.6205,3.3767,0.149595434860764,-0.510544276553967
78.62,2.6208,3.3764,0.149595896371922,-0.510542719981449
78.63,2.6212,3.3763,0.149584519601656,-0.510581091162203
78.64,2.6214,3.3771,0.149586342816741,-0.510574941896976
78.65,2.6217,3.3779,0.149567927906542,-0.510637050740038
78.66,2.622,3.3788,0.149567485925578,-0.510638541424451
78.67,2.6222,3.3797,0.149555162262285,-0.510680105758517
78.68,2.6226,3.3811,0.149546436291508,-0.51070953593539
78.69,2.623,3.3814,0.14953902412721,-0.510734534939639
78.7,2.6233,3.3797,0.149532823780012,-0.510755446790039
78.71,2.6237,3.3782,0.14951830741382,-0.510804405787321
78.72,2.6241,3.3782,0.14950855098989,-0.510837310877757
78.73,2.6245,3.3789,0.149495264290165,-0.510882122171548
78.74,2.6248,3.3799,0.149479605595278,-0.510934933042881
78.75,2.6252,3.3798,0.149471204415767,-0.510963266911873
78.76,2.6256,3.3814,0.149468859237606,-0.510971176256442
78.77,2.6259,3.384,0.149459444242247,-0.511002929179578
78.78,2.6263,3.3856,0.149450043080858,-0.511034635323404
78.79,2.6265,3.3856,0.149441962446094,-0.511061887790845
78.8,2.6269,3.3845,0.149433929072407,-0.511088980777215
78.81,2.6271,3.3822,0.149422410513188,-0.511127827583324
78.82,2.6274,3.3801,0.149424092921161,-0.511122153606002
78.83,2.6277,3.3812,0.149409122814913,-0.511172640653164
78.84,2.628,3.3845,0.149403774885695,-0.51119067659888
78.85,2.6284,3.3874,0.149390141559739,-0.511236654949502
78.86,2.6286,3.3866,0.149376576139082,-0.511282404033178
78.87,2.629,3.3832,0.149367852948202,-0.511311822667943
78.88,2.6293,3.3839,0.149358005180252,-0.511345033769633
78.89,2.6297,3.3857,0.149350687173187,-0.511369713292748
78.9,2.63,3.3863,0.149347068238898,-0.511381917895759
78.91,2.6304,3.3864,0.149337576130223,-0.511413929282463
78.92,2.6307,3.3864,0.149332951603848,-0.511429525086971
78.93,2.6311,3.3873,0.149323623500718,-0.51146098319589
78.94,2.6315,3.3886,0.149319154619603,-0.511476054014368
78.95,2.6318,3.3894,0.149317215575292,-0.511482593223058
78.96,2.6322,3.3907,0.149303453616963,-0.511529003728328
78.97,2.6324,3.3913,0.149295807370402,-0.511554789636961
78.98,2.6326,3.3901,0.149287066347307,-0.511584267428408
78.99,2.633,3.3873,0.149277199786888,-0.51161754079829
79,2.6332,3.3864,0.149263779478134,-0.51166279838903
79.01,2.6336,3.3878,0.149250464467323,-0.511707700633806
79.02,2.6339,3.3901,0.149242026414233,-0.511736156174067
79.03,2.6342,3.3911,0.149237284630847,-0.511752146787065
79.04,2.6346,3.3913,0.149227867534951,-0.511783903762077
79.05,2.635,3.3908,0.149224448247792,-0.511795434485639
79.06,2.6354,3.3907,0.149223515331723,-0.511798580517881
79.07,2.6357,3.3915,0.149221412137872,-0.511805673022494
79.08,2.6361,3.3927,0.149212199604281,-0.511836739956508
79.09,2.6364,3.3939,0.14920545352981,-0.511859489307578
79.1,2.6369,3.3931,0.149197588778963,-0.511886011018832
79.11,2.6372,3.3934,0.14918847411187,-0.5119167476216
79.12,2.6375,3.3964,0.149187770895291,-0.511919119013192
79.13,2.6378,3.3997,0.149178742852108,-0.511949563378952
79.14,2.6381,3.3993,0.149166169546401,-0.511991962889611
79.15,2.6384,3.3961,0.149161984486161,-0.512006075637473
79.16,2.6388,3.3939,0.149153004179235,-0.512036358705371
79.17,2.639,3.3953,0.149148702516582,-0.512050864577675
79.18,2.6394,3.3975,0.149152803063017,-0.512037036900963
79.19,2.6397,3.3993,0.149143799228407,-0.512067399192985
79.2,2.6401,3.4015,0.149140791660813,-0.512077541140656
79.21,2.6404,3.4045,0.14914026107334,-0.512079330356126
79.22,2.6408,3.405,0.1491337553257,-0.512101268618935
79.23,2.6411,3.4041,0.149129654441273,-0.512115097326807
79.24,2.6415,3.4032,0.149118424936097,-0.512152964537795
79.25,2.6418,3.4022,0.149104888124265,-0.512198612024901
79.26,2.6422,3.4013,0.149102113613225,-0.512207967922925
79.27,2.6426,3.3998,0.149098164293405,-0.512221285362192
79.28,2.6429,3.4002,0.149096543351269,-0.512226751309408
79.29,2.6433,3.4026,0.149088956962589,-0.512252333173463
79.3,2.6436,3.4041,0.149082507796356,-0.512274080176346
79.31,2.6439,3.4038,0.149082105889601,-0.512275435429832
79.32,2.6441,3.4035,0.149070875630558,-0.512313304440554
79.33,2.6443,3.404,0.149072803474029,-0.512306803665745
79.34,2.6447,3.4029,0.149066278211458,-0.512328807123479
79.35,2.6449,3.402,0.149060981419254,-0.512346668084337
79.36,2.6453,3.4032,0.149058088373716,-0.512356423514393
79.37,2.6456,3.406,0.149058845015416,-0.51235387209865
79.38,2.6459,3.4082,0.14905596711972,-0.5123635764345
79.39,2.6462,3.4078,0.149042266270162,-0.512409775882011
79.4,2.6466,3.4071,0.14903321950122,-0.512440281564539
79.41,2.647,3.4082,0.149024198094646,-0.51247070161192
79.42,2.6474,3.4082,0.149009108545853,-0.512521583090761
79.43,2.6477,3.4058,0.148996336574657,-0.512564649524272
79.44,2.6481,3.4051,0.148984678531047,-0.512603959652975
79.45,2.6485,3.4066,0.148987301589288,-0.512595114895788
79.46,2.6488,3.4092,0.148979052109003,-0.512622931497138
79.47,2.649,3.4108,0.14897078134842,-0.512650819759013
79.48,2.6493,3.4125,0.148972043173677,-0.512646565003721
79.49,2.6496,3.4139,0.148961337239158,-0.512682664330965
79.5,2.6499,3.4132,0.148970921151357,-0.512650348356856
79.51,2.6502,3.4109,0.148954129423366,-0.512706968266288
79.52,2.6506,3.4089,0.148951579358825,-0.512715566776683
79.53,2.6508,3.4092,0.148946643358136,-0.512732210350622
79.54,2.6512,3.4117,0.148947743359044,-0.512728501288747
79.55,2.6515,3.4135,0.148946476239541,-0.512732773852927
79.56,2.6519,3.4154,0.148946359121151,-0.51273316876098
79.57,2.6522,3.4169,0.148941434351823,-0.51274977442848
79.58,2.6526,3.4173,0.148940077933214,-0.512754348085794
79.59,2.6531,3.416,0.148936306416612,-0.512767065108502
79.6,2.6534,3.4137,0.148934967950417,-0.512771578223214
79.61,2.6538,3.4146,0.148934818558808,-0.512772081949988
79.62,2.6541,3.4168,0.148926298007534,-0.512800811958216
79.63,2.6545,3.4176,0.148927367901216,-0.512797204444327
79.64,2.6548,3.4177,0.14892003751142,-0.51282192133847
79.65,2.6552,3.4185,0.148907904407587,-0.512862832046932
79.66,2.6554,3.4185,0.148906407990091,-0.512867877691375
79.67,2.6557,3.4171,0.148885662862385,-0.512937826123996
79.68,2.656,3.4162,0.148874243382429,-0.512976330077285
79.69,2.6564,3.417,0.148866338009895,-0.513002985133678
79.7,2.6567,3.4179,0.14886668837691,-0.513001803780373
79.71,2.657,3.4188,0.148856228487804,-0.513037071937257
79.72,2.6573,3.4202,0.148855222781842,-0.5130404629208
79.73,2.6577,3.4217,0.14884097090047,-0.513088516472249
79.74,2.658,3.4226,0.148831336785319,-0.513120999984884
79.75,2.6584,3.4205,0.148831233467824,-0.513121348341569
79.76,2.6587,3.4181,0.148832253735111,-0.513117908294969
79.77,2.6591,3.4188,0.148818894212323,-0.513162952632475
79.78,2.6594,3.4201,0.148816214718949,-0.513171987057338
79.79,2.6598,3.4203,0.148808754441946,-0.513197140756846
79.8,2.6601,3.4197,0.148813142872891,-0.513182344362106
79.81,2.6604,3.4204,0.148797184851213,-0.513236149612288
79.82,2.6607,3.4234,0.148795451909169,-0.513241992506982
79.83,2.661,3.4263,0.148790007081283,-0.51326035059865
79.84,2.6613,3.4278,0.148783293265148,-0.513282987226605
79.85,2.6617,3.4279,0.148769350417815,-0.513329997406426
79.86,2.662,3.4285,0.148767279164048,-0.51333698089325
79.87,2.6624,3.4287,0.148767552196249,-0.513336060331942
79.88,2.6627,3.4284,0.148764222789108,-0.513347285826376
79.89,2.6631,3.429,0.148747701880956,-0.513402987816484
79.9,2.6635,3.4305,0.148740663438545,-0.513426718554651
79.91,2.6638,3.4293,0.148731189331743,-0.513458661244449
79.92,2.6643,3.427,0.148718051071224,-0.513502957707736
79.93,2.6646,3.427,0.148707306629893,-0.513539183082262
79.94,2.665,3.4286,0.148702491973388,-0.513555415864439
79.95,2.6653,3.431,0.148694035992129,-0.513583925421921
79.96,2.6656,3.4325,0.148693897093171,-0.513584393722485
79.97,2.6659,3.4316,0.148687756997013,-0.513605095150539
79.98,2.6663,3.432,0.148680381275594,-0.513629962438767
79.99,2.6665,3.4324,0.148675341862358,-0.513646952806707
80,2.6668,3.4317,0.148670269440528,-0.513664054427387
80.01,2.6671,3.4307,0.148660329338839,-0.513697567279486
80.02,2.6673,3.4294,0.148650403570169,-0.513731031671062
80.03,2.6676,3.4297,0.148651184379902,-0.513728399202561
80.04,2.6679,3.4319,0.14864114240451,-0.5137622552527
80.05,2.6682,3.4341,0.148631111019205,-0.513796075458919
80.06,2.6685,3.4366,0.148625877773616,-0.513813718973025
80.07,2.669,3.4368,0.148621815851164,-0.513827413428511
80.08,2.6694,3.4353,0.148618924598861,-0.513837161046709
80.09,2.6697,3.4344,0.148613642999407,-0.513854967492784
80.1,2.6701,3.4355,0.14860354792637,-0.513889002032034
80.11,2.6704,3.436,0.148601781651157,-0.513894956839479
80.12,2.6708,3.4346,0.148600041890331,-0.513900822252274
80.13,2.6711,3.4325,0.148588692616731,-0.513939084980111
80.14,2.6714,3.4342,0.148577312637543,-0.513977451048441
80.15,2.6717,3.4371,0.148569399095592,-0.514004130384033
80.16,2.672,3.4391,0.14856262743349,-0.514026959971595
80.17,2.6722,3.4401,0.148561799136807,-0.514029752438457
80.18,2.6725,3.4398,0.148542986272096,-0.514093176679672
80.19,2.6728,3.439,0.148544563092671,-0.514087860727279
80.2,2.6731,3.4377,0.14853182803672,-0.514130794461487
80.21,2.6735,3.4373,0.148532190957329,-0.514129570949214
80.22,2.6738,3.4385,0.148524202050591,-0.514156503864624
80.23,2.6742,3.4404,0.148524632350603,-0.514155053201078
80.24,2.6745,3.4403,0.148509533829289,-0.514205954450481
80.25,2.6749,3.4392,0.148501569663924,-0.514232803704924
80.26,2.6753,3.4397,0.148489965711499,-0.514271923462015
80.27,2.6756,3.4421,0.148491479862176,-0.514266818900973
80.28,2.6761,3.444,0.148479845182953,-0.514306042082209
80.29,2.6764,3.4426,0.148474219138993,-0.514325008703684
80.3,2.6768,3.4405,0.148460242228582,-0.514372127727263
80.31,2.6771,3.4406,0.148456972152374,-0.514383151783769
80.32,2.6775,3.4416,0.148445336925124,-0.514422376254536
80.33,2.6779,3.4441,0.14844210935088,-0.514433256961981
80.34,2.6781,3.4458,0.148431678120796,-0.514468422332224
80.35,2.6784,3.4459,0.148429592555805,-0.514475453092284
80.36,2.6787,3.4445,0.148426285399892,-0.514486602010666
80.37,2.679,3.4438,0.14842545421111,-0.514489404070268
80.38,2.6794,3.446,0.148427046898112,-0.51448403488735
80.39,2.6797,3.449,0.148417927702881,-0.514514776992506
80.4,2.68,3.4491,0.148417167526965,-0.514517339648505
80.41,2.6803,3.4463,0.148412834640445,-0.514531946380633
80.42,2.6807,3.4455,0.148409724587769,-0.514542430762449
80.43,2.681,3.449,0.148399467034472,-0.514577010179637
80.44,2.6814,3.4521,0.148388067381324,-0.514615439578046
80.45,2.6819,3.4513,0.148389870869749,-0.514609359845862
80.46,2.6822,3.4498,0.148382146321508,-0.51463540000591
80.47,2.6825,3.4484,0.14837926891595,-0.514645099982555
80.48,2.6827,3.4492,0.148366852312312,-0.514686957267935
80.49,2.683,3.4505,0.148362889061866,-0.514700317631988
80.5,2.6834,3.4523,0.148353027559713,-0.514733561275109
80.51,2.6836,3.4539,0.148347981712323,-0.51475057104014
80.52,2.684,3.4534,0.148347782947129,-0.514751241085292
80.53,2.6843,3.4511,0.148346486412305,-0.514755611752968
80.54,2.6847,3.451,0.148345249654191,-0.514759780908925
80.55,2.6851,3.4531,0.148344097101908,-0.514763666202095
80.56,2.6854,3.4546,0.148332237928549,-0.514803643773906
80.57,2.6858,3.4535,0.148325167238291,-0.514827479155693
80.58,2.6861,3.4523,0.148313378430904,-0.514867219212509
80.59,2.6866,3.4534,0.148308868983871,-0.514882420502461
80.6,2.6869,3.4565,0.148293670825435,-0.514933653097726
80.61,2.6873,3.4588,0.148291671026019,-0.514940394345444
80.62,2.6877,3.4598,0.148284972236134,-0.51496297567071
80.63,2.688,3.4596,0.148278406848753,-0.514985107241514
80.64,2.6884,3.4573,0.148269473246339,-0.515015221842718
80.65,2.6886,3.4544,0.148266601141168,-0.515024903501627
80.66,2.689,3.4541,0.148260164544509,-0.515046600762033
80.67,2.6892,3.4569,0.148255010809948,-0.515063973553839
80.68,2.6894,3.46,0.148243923545396,-0.515101347635046
80.69,2.6898,3.4596,0.148237617695938,-0.515122603958801
80.7,2.69,3.4583,0.148232562740774,-0.51513964361581
80.71,2.6904,3.4596,0.148228685464632,-0.515152713431827
80.72,2.6907,3.4614,0.148223607599492,-0.515169830252553
80.73,2.691,3.4608,0.148218570983064,-0.515186807993863
80.74,2.6914,3.4597,0.148208845470995,-0.515219591257783
80.75,2.6917,3.4592,0.148202801320887,-0.515239965128354
80.76,2.6921,3.4603,0.148187227764551,-0.515292460880727
80.77,2.6925,3.4615,0.148184898506138,-0.515300312377137
80.78,2.6928,3.4632,0.148180297076349,-0.515315822918031
80.79,2.6932,3.4645,0.148175742782352,-0.515331174544203
80.8,2.6937,3.464,0.148170087910356,-0.515350235961476
80.81,2.694,3.4623,0.148160983971502,-0.515380923384565
80.82,2.6943,3.4613,0.148152001649622,-0.515411200750085
80.83,2.6945,3.4625,0.148138307190672,-0.515457361442925
80.84,2.6949,3.4646,0.148125827047726,-0.515499428744696
80.85,2.6951,3.4641,0.148112190479807,-0.515545393805543
80.86,2.6954,3.4631,0.148108187026532,-0.515558888279039
80.87,2.6957,3.4645,0.148105470195281,-0.515568045912214
80.88,2.696,3.4672,0.148098154723496,-0.515592704149112
80.89,2.6964,3.4676,0.148088475383461,-0.51562533015473
80.9,2.6967,3.4676,0.148088348651041,-0.515625757328926
80.91,2.6971,3.4671,0.148077442018775,-0.51566251999208
80.92,2.6975,3.4673,0.148073711025064,-0.515675095904411
80.93,2.6978,3.4658,0.148066368488443,-0.51569984504452
80.94,2.6982,3.4645,0.148060222078388,-0.515720562399921
80.95,2.6985,3.4662,0.148055304960561,-0.515737136212012
80.96,2.6989,3.4707,0.148042052652086,-0.515781804746636
80.97,2.6992,3.473,0.148045535052957,-0.515770066910096
80.98,2.6996,3.4732,0.148034735673184,-0.51580646741884
80.99,2.6998,3.473,0.148028717388619,-0.515826752644957
81,2.7002,3.4737,0.148023911923091,-0.515842949907867
81.01,2.7004,3.4735,0.148019210378323,-0.515858796865261
81.02,2.7008,3.4723,0.148018172746768,-0.515862294286726
81.03,2.701,3.4717,0.148011226818589,-0.515885706063501
81.04,2.7013,3.4716,0.148005538782977,-0.515904877968228
81.05,2.7017,3.4707,0.147997538464004,-0.515931843502707
81.06,2.7021,3.4703,0.147993264887828,-0.515946247800158
81.07,2.7024,3.4721,0.147984351703528,-0.515976290041993
81.08,2.7028,3.4741,0.147980350823296,-0.515989775131891
81.09,2.7031,3.476,0.147978832010343,-0.515994894331849
81.1,2.7035,3.4764,0.147967847305012,-0.516031918481556
81.11,2.7038,3.4757,0.147958152249886,-0.516064595702443
81.12,2.7042,3.4758,0.147952141759245,-0.516084854018879
81.13,2.7045,3.4762,0.147947377664936,-0.516100911329585
81.14,2.7049,3.4762,0.147942664378097,-0.516116797363421
81.15,2.7052,3.4773,0.147941627563334,-0.51612029192156
81.16,2.7055,3.4783,0.14793109350925,-0.516155796601826
81.17,2.7058,3.4773,0.147920625976601,-0.51619107692109
81.18,2.7061,3.4772,0.147910254969654,-0.516226031754961
81.19,2.7064,3.4783,0.14790714060777,-0.516236528488813
81.2,2.7068,3.4807,0.147898074376468,-0.516267085495891
81.21,2.7071,3.4814,0.147897468258831,-0.516269128362807
81.22,2.7074,3.4805,0.147896914917793,-0.516270993350333
81.23,2.7077,3.4793,0.147886797257152,-0.516305093964731
81.24,2.7081,3.4798,0.14787541856042,-0.51634344461162
81.25,2.7084,3.4805,0.147870043471012,-0.516361560697229
81.26,2.7088,3.4807,0.147863520120205,-0.516383546804416
81.27,2.7091,3.4813,0.147855843865981,-0.516409418547219
81.28,2.7095,3.4825,0.147852955102862,-0.51641915469867
81.29,2.71,3.4827,0.147854897146093,-0.516412609328711
81.3,2.7103,3.482,0.147844884817,-0.516446354349419
81.31,2.7107,3.4819,0.147845660128661,-0.516443741285266
81.32,2.711,3.4837,0.147837978525386,-0.516469630865673
81.33,2.7113,3.4852,0.147837432935856,-0.516471469682331
81.34,2.7116,3.4861,0.147827325864775,-0.516505533770511
81.35,2.7119,3.4859,0.14782323710629,-0.51651931416455
81.36,2.7121,3.4857,0.147812022734774,-0.516557109982421
81.37,2.7124,3.4858,0.14780924161102,-0.516566483182117
81.38,2.7127,3.4854,0.14780527175785,-0.516579862728676
81.39,2.713,3.4852,0.147796476152265,-0.516609506370344
81.4,2.7133,3.4853,0.147787608215226,-0.51663939368037
81.41,2.7136,3.4857,0.147781129671599,-0.51666122802906
81.42,2.714,3.4865,0.147779406394317,-0.516667035904354
81.43,2.7143,3.4878,0.147765721052187,-0.516713158782465
81.44,2.7147,3.4911,0.147759233860965,-0.516735022078484
81.45,2.715,3.4939,0.14775278396893,-0.516756759609882
81.46,2.7154,3.4918,0.147747515592835,-0.516774515134097
81.47,2.7157,3.4898,0.147739817810752,-0.516800458192921
81.48,2.7161,3.49,0.14773682278687,-0.516810551997695
81.49,2.7165,3.4914,0.147732608596871,-0.516824754604952
81.5,2.7167,3.4906,0.14772356287871,-0.516855240281052
81.51,2.717,3.4891,0.147714455459634,-0.51688593378536
81.52,2.7173,3.4895,0.14770646222315,-0.516912872215639
81.53,2.7176,3.4913,0.147698457295812,-0.516939849956937
81.54,2.7179,3.4923,0.147689228176249,-0.51697095328932
81.55,2.7182,3.492,0.147683650806456,-0.516989749693025
81.56,2.7186,3.4923,0.147668397057464,-0.517041156432014
81.57,2.7188,3.493,0.147669867042564,-0.51703620244164
81.58,2.7192,3.4919,0.147668928703576,-0.517039364734117
81.59,2.7195,3.4916,0.147662044827687,-0.517062564019375
81.6,2.7199,3.493,0.147643156633016,-0.517126218608141
81.61,2.7204,3.4946,0.147630206639245,-0.517169860741955
81.62,2.7207,3.4946,0.14762797808663,-0.51717737105346
81.63,2.7211,3.494,0.147622230974017,-0.517196739021142
81.64,2.7214,3.496,0.147610509168102,-0.517236241769067
81.65,2.7218,3.4993,0.14760594912343,-0.517251609169967
81.66,2.7221,3.4999,0.147604893694225,-0.517255165973929
81.67,2.7225,3.4973,0.147597876329576,-0.517278814503574
81.68,2.7228,3.4965,0.147590807558037,-0.517302636205369
81.69,2.7231,3.4972,0.147578913381908,-0.517342719324198
81.7,2.7234,3.4992,0.147574109376673,-0.517358908663244
81.71,2.7237,3.4996,0.147565707987138,-0.517387220991574
81.72,2.7239,3.4995,0.147565584190245,-0.517387638181148
81.73,2.7242,3.5003,0.147558280120516,-0.517412252507097
81.74,2.7246,3.501,0.147550957073109,-0.51743693071242
81.75,2.725,3.5014,0.14754485785243,-0.517457484642431
81.76,2.7253,3.5021,0.147531394917564,-0.517502853570695
81.77,2.7257,3.5032,0.147520253373605,-0.517540399421629
81.78,2.726,3.5031,0.147518597435313,-0.517545979747707
81.79,2.7264,3.501,0.147508570718683,-0.51757976857537
81.8,2.7267,3.4998,0.147504449631451,-0.517593656102607
81.81,2.7272,3.5013,0.147490690650556,-0.517640021905389
81.82,2.7276,3.5027,0.147488802884944,-0.517646383385683
81.83,2.7278,3.5034,0.147480944881201,-0.517672863598719
81.84,2.7281,3.5028,0.147475481672233,-0.517691273686692
81.85,2.7284,3.5011,0.147468777366037,-0.517713866005253
81.86,2.7287,3.5004,0.147458398627826,-0.517748840382556
81.87,2.729,3.5025,0.147446795980322,-0.5177879389247
81.88,2.7293,3.5061,0.147439913847307,-0.517811130212949
81.89,2.7297,3.5073,0.147428225765576,-0.517850516350152
81.9,2.73,3.5073,0.147422400673073,-0.5178701454963
81.91,2.7304,3.5067,0.14741541822773,-0.51789367457817
81.92,2.7306,3.5086,0.147402300201234,-0.517937878839809
81.93,2.731,3.5114,0.147396259611552,-0.517958233940681
81.94,2.7313,3.5119,0.147386570076863,-0.517990884861705
81.95,2.7317,3.5105,0.147379185033855,-0.51801577022672
81.96,2.732,3.5093,0.147375349551728,-0.518028694613479
81.97,2.7324,3.5109,0.147366702925456,-0.518057830990841
81.98,2.7327,3.5131,0.14735795307405,-0.518087315098338
81.99,2.7331,3.5122,0.147345561499621,-0.518129070426951
82,2.7335,3.5099,0.147341437841198,-0.51814296568518
82.01,2.7338,3.5092,0.147336082652865,-0.518161010724744
82.02,2.734,3.5111,0.14733308168919,-0.518171122864904
82.03,2.7344,3.5125,0.147321670927781,-0.518209572805824
82.04,2.7346,3.513,0.147317349535574,-0.518224134212414
82.05,2.7349,3.5132,0.147302166229252,-0.518275295828277
82.06,2.7352,3.5123,0.147302372902393,-0.518274599425333
82.07,2.7356,3.5106,0.14729175930936,-0.518310362764213
82.08,2.7358,3.5097,0.147297876485207,-0.518289750476798
82.09,2.7362,3.511,0.147283694263879,-0.518337538466495
82.1,2.7365,3.5141,0.147276664935054,-0.518361224179571
82.11,2.7369,3.5164,0.147270803805061,-0.518380973529476
82.12,2.7372,3.5171,0.147273298117016,-0.518372568835251
82.13,2.7376,3.5177,0.147257870044912,-0.518424554266593
82.14,2.7381,3.519,0.147253195714446,-0.518440304522181
82.15,2.7384,3.5188,0.147248557798682,-0.518455932047673
82.16,2.7389,3.5175,0.147242686089886,-0.518475716814112
82.17,2.7391,3.5165,0.14723442797086,-0.518503542526543
82.18,2.7395,3.5153,0.147226107509422,-0.518531578205804
82.19,2.7397,3.5139,0.14721774101938,-0.518559768880866
82.2,2.74,3.515,0.147212972057734,-0.518575837732152
82.21,2.7403,3.5195,0.147210576365049,-0.518583909923858
82.22,2.7405,3.5236,0.147205842594418,-0.518599860153253
82.23,2.7409,3.5234,0.147197514702912,-0.5186279205374
82.24,2.7411,3.52,0.147198764847574,-0.518623708248098
82.25,2.7415,3.5167,0.147183325248326,-0.518675730922383
82.26,2.7418,3.5178,0.147188214874351,-0.518659255697541
82.27,2.7422,3.5202,0.147179966182289,-0.518687049021943
82.28,2.7425,3.5218,0.147170465763255,-0.518719059825643
82.29,2.7429,3.5205,0.147164531326061,-0.518739055312077
82.3,2.7433,3.5203,0.147161043935016,-0.518750805700977
82.31,2.7436,3.5214,0.147156405528194,-0.518766434287526
82.32,2.744,3.5227,0.147156578711164,-0.518765850767656
82.33,2.7443,3.5228,0.14715561784012,-0.51876908831033
82.34,2.7447,3.5223,0.147145130550782,-0.518804423922601
82.35,2.745,3.5223,0.147133494882736,-0.518843628674848
82.36,2.7453,3.5238,0.147124248581859,-0.518874782655335
82.37,2.7455,3.5261,0.147113851283152,-0.518909814603158
82.38,2.7459,3.5278,0.14710224418295,-0.518948922596146
82.39,2.7462,3.5281,0.147093010217073,-0.518980034615138
82.4,2.7464,3.5278,0.147089723083255,-0.518991109932858
82.41,2.7469,3.5258,0.147084109885959,-0.519010022405822
82.42,2.7473,3.5254,0.147068897417025,-0.519061277360457
82.43,2.7476,3.5257,0.147064451910722,-0.519076255422332
82.44,2.748,3.5267,0.147061172017919,-0.519087306212901
82.45,2.7485,3.5288,0.147055535468546,-0.519106297142167
82.46,2.7488,3.5317,0.14705353171554,-0.519113048271123
82.47,2.7492,3.5318,0.14705276947674,-0.519115616436705
82.48,2.7495,3.5301,0.147047192493689,-0.519134406607454
82.49,2.75,3.5304,0.147046451434342,-0.519136903407859
82.5,2.7502,3.5324,0.147033808909159,-0.519179498882933
82.51,2.7506,3.5327,0.147030811050183,-0.519189599303051
82.52,2.7508,3.5297,0.147026635982109,-0.519203665968492
82.53,2.7512,3.5286,0.14702609636468,-0.51920548404914
82.54,2.7514,3.5299,0.147022022632076,-0.519219209268097
82.55,2.7518,3.533,0.147019233405673,-0.519228606715767
82.56,2.7521,3.5341,0.147012898880289,-0.519249948926941
82.57,2.7525,3.534,0.14700663573561,-0.519271050588273
82.58,2.7528,3.5344,0.147002778153497,-0.519284047449391
82.59,2.7532,3.5348,0.146998960897804,-0.519296908423489
82.6,2.7535,3.5345,0.146990370930254,-0.519325849389617
82.61,2.754,3.5347,0.146987830790899,-0.519334407503251
82.62,2.7544,3.5371,0.146982952170726,-0.519350844287292
82.63,2.7547,3.5383,0.146980531651016,-0.519358999359522
82.64,2.7551,3.5381,0.146970962235666,-0.519391239989606
82.65,2.7553,3.5385,0.146967417102558,-0.519403183981174
82.66,2.7557,3.5383,0.146959122133859,-0.51943113068768
82.67,2.756,3.5383,0.146955703969838,-0.519442646848811
82.68,2.7562,3.5382,0.14695709242701,-0.519437968989666
82.69,2.7566,3.5384,0.146956137782047,-0.519441185289857
82.7,2.7568,3.5388,0.146944425950826,-0.519480643589192
82.71,2.7571,3.5396,0.146943531828374,-0.519483655966936
82.72,2.7574,3.54,0.146934364335007,-0.519514542000129
82.73,2.7577,3.5404,0.146931294394855,-0.519524884852919
82.74,2.758,3.5418,0.146924719096114,-0.519547037471013
82.75,2.7582,3.5429,0.146927870361547,-0.519536420655997
82.76,2.7586,3.5419,0.146923893634183,-0.519549818502831
82.77,2.759,3.5389,0.14692244366631,-0.519554703531142
82.78,2.7593,3.5392,0.146925795010406,-0.519543412648423
82.79,2.7597,3.5422,0.146919633878619,-0.519564169865275
82.8,2.7601,3.5433,0.146919464754996,-0.519564739652008
82.81,2.7605,3.5418,0.146921799078923,-0.519556875183588
82.82,2.7608,3.5413,0.14691823070598,-0.519568897229398
82.83,2.7612,3.5419,0.146911183452519,-0.519592639764152
82.84,2.7616,3.5431,0.14690896970457,-0.519600097972889
82.85,2.7618,3.5442,0.146903325488936,-0.519619113538866
82.86,2.7621,3.5454,0.14689891282952,-0.519633979916734
82.87,2.7624,3.5466,0.146897017557492,-0.519640365135002
82.88,2.7626,3.5469,0.146892824022186,-0.519654493241285
82.89,2.763,3.5459,0.146885170240475,-0.519680278925584
82.9,2.7632,3.5453,0.14687993420828,-0.519697919135308
82.91,2.7636,3.5465,0.146866340569427,-0.519743715971725
82.92,2.7639,3.5462,0.146867086411362,-0.519741203244189
82.93,2.7643,3.5465,0.146865476202979,-0.519746628005164
82.94,2.7646,3.5475,0.146863854271069,-0.519752092258835
82.95,2.765,3.5501,0.146855086760745,-0.519781629749052
82.96,2.7653,3.5509,0.146855971433124,-0.519778649318084
82.97,2.7657,3.5496,0.146844974654519,-0.519815697011679
82.98,2.766,3.5476,0.146851927453184,-0.51979227333924
82.99,2.7664,3.5465,0.146846999543109,-0.51980887525814
83,2.7667,3.5463,0.146839695072557,-0.519833483645917
83.01,2.7671,3.5468,0.146840743929356,-0.519829950105549
83.02,2.7675,3.5486,0.146832225913173,-0.519858646785347
83.03,2.7677,3.5513,0.146833304399378,-0.519855013436316
83.04,2.7679,3.553,0.146827246108947,-0.51987542339704
83.05,2.7683,3.5537,0.146828466059342,-0.519871313472781
83.06,2.7685,3.5536,0.146823762588711,-0.519887159112293
83.07,2.7689,3.5535,0.146821458181317,-0.519894922476622
83.08,2.7692,3.554,0.146820392043941,-0.519898514205739
83.09,2.7696,3.554,0.146816970169072,-0.519910042210011
83.1,2.7699,3.5547,0.146813593569812,-0.519921417668691
83.11,2.7703,3.5548,0.146812624074903,-0.519924683806765
83.12,2.7706,3.5544,0.146808077044884,-0.519940002310083
83.13,2.7711,3.5554,0.146802314612068,-0.519959415346363
83.14,2.7715,3.5575,0.146802589625515,-0.519958488855736
83.15,2.7718,3.5588,0.14678976912578,-0.520001679624224
83.16,2.7722,3.5589,0.146792565081176,-0.519992260396014
83.17,2.7725,3.5578,0.146789436078824,-0.520002801617538
83.18,2.7729,3.5566,0.146779165583454,-0.520037401549327
83.19,2.7731,3.5568,0.146776031044207,-0.520047961365643
83.2,2.7735,3.5575,0.146776494082714,-0.520046401455717
83.21,2.7737,3.5575,0.146774589897308,-0.520052816379725
83.22,2.7741,3.5571,0.146782344880604,-0.520026690936078
83.23,2.7744,3.5588,0.146778159852748,-0.520040789714331
83.24,2.7748,3.5602,0.146784840827099,-0.520018282427024
83.25,2.775,3.5607,0.146774785305854,-0.520052158076954
83.26,2.7754,3.5618,0.146767176682428,-0.520077790375788
83.27,2.7757,3.5628,0.146759668176296,-0.52010308531585
83.28,2.7761,3.5637,0.146749776672239,-0.520136408070176
83.29,2.7765,3.563,0.146744659232602,-0.520153647779671
83.3,2.7769,3.5621,0.146741955336012,-0.520162756693485
83.31,2.7773,3.5627,0.146735709037883,-0.520183799246146
83.32,2.7776,3.5647,0.1467294681917,-0.520204823378177
83.33,2.778,3.5658,0.146723194152891,-0.520225959274862
83.34,2.7782,3.5659,0.146713345381551,-0.5202591375717
83.35,2.7786,3.5664,0.146713130061342,-0.520259862935582
83.36,2.7789,3.5675,0.14670215847656,-0.520296823576682
83.37,2.7791,3.5682,0.14668994054477,-0.52033798266565
83.38,2.7794,3.5667,0.146680119539997,-0.520371066969982
83.39,2.7797,3.5646,0.146667899310509,-0.520412233425414
83.4,2.78,3.5646,0.146655631668231,-0.520453559392451
83.41,2.7803,3.5667,0.146650498635355,-0.520470850961774
83.42,2.7806,3.5687,0.146646629729642,-0.520483884061089
83.43,2.7809,3.5699,0.146636778573486,-0.520517069344764
83.44,2.7813,3.5694,0.146628076437295,-0.520546383848518
83.45,2.7816,3.567,0.146624031194517,-0.520560010844297
83.46,2.782,3.5652,0.146617558937846,-0.520581813546397
83.47,2.7823,3.5668,0.146609796727798,-0.52060796156023
83.48,2.7827,3.5674,0.146601952535754,-0.520634385656107
83.49,2.783,3.5677,0.146591683665467,-0.520668977440554
83.5,2.7834,3.5677,0.146598080639657,-0.520647428568127
83.51,2.7837,3.5682,0.146590072433853,-0.520674405032749
83.52,2.7841,3.5703,0.146586854144389,-0.520685246146623
83.53,2.7845,3.572,0.146570494563991,-0.520740354725448
83.54,2.7847,3.5713,0.146566056276819,-0.520755305393158
83.55,2.7849,3.5698,0.146565132936817,-0.520758415722382
83.56,2.7853,3.5713,0.146561756723743,-0.520769788699693
83.57,2.7856,3.5727,0.146557122698569,-0.520785398667138
83.58,2.7859,3.573,0.146548844560992,-0.52081328395249
83.59,2.7863,3.5729,0.146545316034984,-0.520825169924947
83.6,2.7867,3.5731,0.146536922956264,-0.520853442256578
83.61,2.7869,3.5732,0.146533260139606,-0.520865780531184
83.62,2.7873,3.5728,0.146517540346975,-0.520918732770334
83.63,2.7876,3.5727,0.146512488243773,-0.520935750744956
83.64,2.788,3.5738,0.146513395660382,-0.520932694121008
83.65,2.7884,3.5756,0.14650111550437,-0.52097405960917
83.66,2.7887,3.5772,0.146493548634002,-0.520999548373839
83.67,2.7891,3.5777,0.146481155463694,-0.521041294206268
83.68,2.7894,3.5776,0.146466295662942,-0.521091348490481
83.69,2.7898,3.5772,0.146454998269917,-0.521129402828035
83.7,2.79,3.5765,0.146446079449154,-0.521159445015775
83.71,2.7904,3.5764,0.146433542383973,-0.52120167472426
83.72,2.7906,3.5771,0.146429304497306,-0.521215949524416
83.73,2.791,3.5777,0.146422618480404,-0.521238470499563
83.74,2.7912,3.5786,0.146413489750244,-0.52126921933526
83.75,2.7915,3.5811,0.146410297108552,-0.521279973269695
83.76,2.7919,3.5837,0.146408234611611,-0.52128692047361
83.77,2.7922,3.584,0.146396615859548,-0.52132605634367
83.78,2.7926,3.5817,0.146383705243803,-0.521369543425926
83.79,2.793,3.5786,0.146377915448302,-0.52138904523344
83.8,2.7933,3.5781,0.146363704764792,-0.521436910977984
83.81,2.7937,3.5796,0.146359017748022,-0.521452698161885
83.82,2.7941,3.5808,0.146342276929718,-0.52150908567304
83.83,2.7945,3.5799,0.14633990516387,-0.521517074377304
83.84,2.7948,3.5803,0.146330234334257,-0.521549648084422
83.85,2.7952,3.5818,0.146326489483858,-0.521562261616849
83.86,2.7954,3.5835,0.146322708741873,-0.521574996020793
83.87,2.7957,3.5845,0.146317660717992,-0.52159199888916
83.88,2.796,3.5847,0.146307817047972,-0.521625154459734
83.89,2.7964,3.585,0.146300355774271,-0.521650285524092
83.9,2.7966,3.5845,0.146297658822182,-0.52165936937993
83.91,2.797,3.5844,0.146292512822026,-0.521676702074943
83.92,2.7972,3.5864,0.146286084055807,-0.521698355315339
83.93,2.7976,3.5877,0.146279564554575,-0.521720314108992
83.94,2.7979,3.5866,0.146275409843484,-0.521734307854781
83.95,2.7983,3.5864,0.146273601575137,-0.521740398390542
83.96,2.7986,3.5876,0.146259761187111,-0.521787014871213
83.97,2.799,3.5885,0.146252982100367,-0.52180984774433
83.98,2.7993,3.5885,0.146246125538876,-0.521832941497905
83.99,2.7998,3.5881,0.146242763364212,-0.521844265697329
84,2.8002,3.5892,0.146230983418165,-0.521883941816338
84.01,2.8005,3.5901,0.146235926229574,-0.52186729392197
84.02,2.8007,3.5893,0.14622532569903,-0.521902997551431
84.03,2.8011,3.5893,0.146225331120086,-0.521902979292822
84.04,2.8015,3.592,0.14621328285969,-0.521943558829549
84.05,2.8018,3.5938,0.146210696063127,-0.521952271347887
84.06,2.802,3.5927,0.146196084862598,-0.522001482756044
84.07,2.8023,3.5893,0.146186175158455,-0.522034859071059
84.08,2.8026,3.5887,0.146172625104766,-0.522080496021273
84.09,2.8029,3.5926,0.146166119676041,-0.522102406392032
84.1,2.8032,3.5958,0.146152408688846,-0.522148584987538
84.11,2.8036,3.5952,0.146154219186284,-0.522142487248353
84.12,2.8039,3.5937,0.146139253995327,-0.522192889741098
84.13,2.8043,3.5932,0.146137408286505,-0.52219910603353
84.14,2.8046,3.5941,0.146130668155636,-0.522221806553737
84.15,2.805,3.5946,0.146127384896676,-0.522232864429899
84.16,2.8054,3.5946,0.146120350004975,-0.522256557594774
84.17,2.8057,3.5966,0.146116868263653,-0.522268283900729
84.18,2.8061,3.5973,0.146106168567949,-0.522304319759601
84.19,2.8064,3.5981,0.146095448030438,-0.522340425652943
84.2,2.8068,3.5991,0.146087059763931,-0.52236867653712
84.21,2.807,3.5996,0.146076281385527,-0.522404976947613
84.22,2.8074,3.5996,0.146068990558751,-0.522429531570737
84.23,2.8076,3.5979,0.146064014851881,-0.522446289107566
84.24,2.808,3.597,0.146056571110377,-0.522471358601507
84.25,2.8082,3.6,0.146055121179248,-0.52247624176047
84.26,2.8085,3.6025,0.146051202142818,-0.522489440495447
84.27,2.8089,3.6018,0.146047267783348,-0.522502690814718
84.28,2.8092,3.5996,0.146039734977119,-0.522528060090835
84.29,2.8096,3.5976,0.146037029720982,-0.522537170937851
84.3,2.81,3.5962,0.146031934611312,-0.522554330381462
84.31,2.8103,3.5961,0.14602204629606,-0.522587632405397
84.32,2.8107,3.5983,0.146021651337117,-0.522588962551533
84.33,2.811,3.602,0.146017609022514,-0.52260257628107
84.34,2.8115,3.6045,0.14601958803679,-0.52259591134865
84.35,2.8118,3.6041,0.146009576806905,-0.522629627154052
84.36,2.8122,3.6049,0.146006726805476,-0.522639225359277
84.37,2.8124,3.6071,0.145996713312368,-0.522672948608033
84.38,2.8128,3.6063,0.145984308851303,-0.522714723919578
84.39,2.813,3.6032,0.145980277250173,-0.522728301359342
84.4,2.8133,3.6017,0.14596906800447,-0.522766051219905
84.41,2.8136,3.6032,0.145965054258325,-0.522779568443642
84.42,2.814,3.6069,0.145955014524236,-0.522813379485536
84.43,2.8143,3.6078,0.145948584402196,-0.522835034280977
84.44,2.8147,3.6077,0.145943372493326,-0.522852586443915
84.45,2.815,3.609,0.145943044498366,-0.522853691032378
84.46,2.8155,3.61,0.145933201066209,-0.522886840684489
84.47,2.8159,3.609,0.145930572053544,-0.522895694367828
84.48,2.8162,3.6088,0.145925548658857,-0.522912611546026
84.49,2.8166,3.6098,0.145918189883691,-0.522937393471596
84.5,2.8169,3.6107,0.145904875495223,-0.52298223174581
84.51,2.8173,3.6101,0.145902439070034,-0.522990436759996
84.52,2.8175,3.6087,0.145897647222517,-0.523006573975485
84.53,2.8179,3.6089,0.145885783619131,-0.523046526179049
84.54,2.8182,3.6114,0.145878728045022,-0.523070286635733
84.55,2.8185,3.6134,0.14587297795695,-0.523089650667072
84.56,2.8188,3.6135,0.145866063491004,-0.523112935803622
84.57,2.819,3.6143,0.145862864823738,-0.523123707604287
84.58,2.8194,3.616,0.145857306622065,-0.523142425316228
84.59,2.8198,3.6168,0.145849422066564,-0.523168977146954
84.6,2.8201,3.6167,0.14585706827699,-0.523143227962372
84.61,2.8205,3.6154,0.14584439682787,-0.523185899969334
84.62,2.8208,3.6155,0.145838811464916,-0.523204709005947
84.63,2.8213,3.6158,0.145836839556562,-0.523211349512392
84.64,2.8216,3.6148,0.145837291650126,-0.523209827063705
84.65,2.822,3.6152,0.145829522229982,-0.523235990952356
84.66,2.8224,3.6177,0.145824156661792,-0.523254059707323
84.67,2.8227,3.6191,0.14581990791311,-0.523268367501775
84.68,2.8229,3.6176,0.145818049913223,-0.523274624366804
84.69,2.8233,3.6156,0.145820990595126,-0.523264721538505
84.7,2.8237,3.6152,0.145816810192275,-0.523278799158063
84.71,2.8239,3.6153,0.145823359920629,-0.523256742760087
84.72,2.8242,3.614,0.145825067555717,-0.523250992240198
84.73,2.8245,3.6142,0.145824404184602,-0.523253226165722
84.74,2.8247,3.6173,0.145822527313513,-0.523259546591717
84.75,2.8251,3.6209,0.145818337113152,-0.523273657213563
84.76,2.8253,3.6232,0.145817813002688,-0.523275422169112
84.77,2.8255,3.6235,0.145819653162737,-0.523269225380851
84.78,2.8259,3.6234,0.145814343367066,-0.523287106247237
84.79,2.8262,3.6221,0.145804249531507,-0.523321097376724
84.8,2.8266,3.6193,0.145796535914779,-0.523347072991408
84.81,2.827,3.6181,0.145793684189852,-0.523356676158025
84.82,2.8273,3.6208,0.145794442155339,-0.523354123714886
84.83,2.8277,3.6241,0.145778537833563,-0.523407681233028
84.84,2.828,3.6257,0.145773442486201,-0.523424839649594
84.85,2.8284,3.6248,0.145763658550658,-0.523457786633419
84.86,2.8287,3.6241,0.145767129691609,-0.523446097730162
84.87,2.8291,3.6252,0.145758754960344,-0.523474299213784
84.88,2.8294,3.6261,0.145749258255064,-0.523506278770373
84.89,2.8298,3.626,0.145742234143434,-0.523529931943154
84.9,2.83,3.6256,0.145741268313669,-0.523533184297603
84.91,2.8303,3.6258,0.145727222980411,-0.523580480687198
84.92,2.8306,3.6269,0.145727642283191,-0.523579068726968
84.93,2.831,3.6281,0.145712645739115,-0.523629567939572
84.94,2.8312,3.6299,0.145708542713668,-0.523643384372081
84.95,2.8316,3.6292,0.145691479411343,-0.523700842689137
84.96,2.8319,3.6267,0.145691237372242,-0.52370165771952
84.97,2.8323,3.6255,0.145681545423253,-0.523734293837808
84.98,2.8326,3.6254,0.145681489253684,-0.523734482979641
84.99,2.833,3.6251,0.14566957220256,-0.523774611600855
85,2.8335,3.6251,0.145668405548521,-0.523778540097206
85.01,2.8338,3.6263,0.145654173637986,-0.523826463328393
85.02,2.8342,3.6294,0.145656727563967,-0.523817863492799
85.03,2.8345,3.631,0.145652214887055,-0.523833059024763
85.04,2.8349,3.6301,0.145650106958604,-0.523840157040215
85.05,2.8351,3.6287,0.145636112926657,-0.523887278907904
85.06,2.8353,3.6292,0.145628215055647,-0.523913873155781
85.07,2.8357,3.6296,0.145623975127032,-0.523928150095793
85.08,2.8359,3.6277,0.145613739001039,-0.523962617685748
85.09,2.8363,3.6266,0.145608270441147,-0.523981031631645
85.1,2.8366,3.63,0.145608855254221,-0.523979062428478
85.11,2.837,3.6346,0.145603546299734,-0.523996938909512
85.12,2.8373,3.6366,0.145610211859464,-0.523974494417721
85.13,2.8377,3.6358,0.145605040266075,-0.52399190838231
85.14,2.8381,3.6361,0.145605926632788,-0.523988923780898
85.15,2.8384,3.637,0.145599758915416,-0.524009691887003
85.16,2.8388,3.6366,0.145600841599999,-0.524006046245776
85.17,2.8392,3.6347,0.145598384598521,-0.524014319517136
85.18,2.8396,3.6341,0.145598355686145,-0.524014416871496
85.19,2.8399,3.6354,0.145593608003204,-0.524030403353759
85.2,2.8402,3.6374,0.145585313765393,-0.524058331783494
85.21,2.8405,3.6402,0.145587745650972,-0.524050143127099
85.22,2.8409,3.6422,0.145581774545669,-0.524070249045896
85.23,2.8411,3.6425,0.145574627465406,-0.524094314645109
85.24,2.8415,3.6397,0.145569972899874,-0.524109987427864
85.25,2.8418,3.6365,0.145564118922746,-0.524129698808556
85.26,2.8421,3.6362,0.145564250763443,-0.524129254878039
85.27,2.8424,3.6375,0.145564403644613,-0.524128740100561
85.28,2.8428,3.639,0.145569475796724,-0.524111661264305
85.29,2.8431,3.6395,0.145563868265611,-0.524130542814589
85.3,2.8435,3.6419,0.145559556481048,-0.52414506132711
85.31,2.844,3.6446,0.145549288866948,-0.524179634027576
85.32,2.8443,3.6451,0.145545057908616,-0.524193880299084
85.33,2.8447,3.6436,0.145543218373318,-0.524200074282687
85.34,2.845,3.6431,0.145533017339008,-0.524234422567608
85.35,2.8454,3.6435,0.145530017390225,-0.524244523780112
85.36,2.8457,3.6442,0.145529458479238,-0.524246405703744
85.37,2.846,3.6432,0.145520582532279,-0.524276292076116
85.38,2.8463,3.6441,0.145520189133596,-0.524277616693888
85.39,2.8466,3.6466,0.14551749409513,-0.524286691186842
85.4,2.8468,3.6486,0.145513652859016,-0.524299625036782
85.41,2.847,3.6475,0.145502582804284,-0.524336898972234
85.42,2.8473,3.6456,0.14549504838564,-0.524362267984827
85.43,2.8476,3.6444,0.145476780563462,-0.524423776930587
85.44,2.8479,3.6441,0.145472898641906,-0.524436847553379
85.45,2.8482,3.6461,0.145458234492706,-0.524486222283855
85.46,2.8484,3.6486,0.145465086582373,-0.524463151082693
85.47,2.8489,3.6498,0.145450416497301,-0.524512545640433
85.48,2.8493,3.6498,0.145451244168659,-0.524509758857406
85.49,2.8496,3.6492,0.145431742845053,-0.52457541988106
85.5,2.85,3.6498,0.145438620409554,-0.524552263157948
85.51,2.8503,3.6517,0.145428847436262,-0.524585168687443
85.52,2.8507,3.6518,0.145432188426603,-0.524573919612339
85.53,2.851,3.6502,0.14542242709674,-0.524606785851481
85.54,2.8514,3.6493,0.145424603452671,-0.524599458107849
85.55,2.8517,3.6506,0.1454136511209,-0.524636334306795
85.56,2.8521,3.6524,0.145412247058818,-0.524641061733062
85.57,2.8523,3.6533,0.145394090388794,-0.524702194338243
85.58,2.8527,3.6534,0.145392590547149,-0.524707244210038
85.59,2.8529,3.6537,0.14538145233309,-0.524744745773485
85.6,2.8533,3.6527,0.145376311458366,-0.524762054669877
85.61,2.8536,3.6518,0.145378427571795,-0.524754929896905
85.62,2.854,3.6524,0.145375752301906,-0.524763937300827
85.63,2.8542,3.6542,0.145369426929021,-0.52478523424852
85.64,2.8546,3.655,0.14535945757998,-0.524818800015511
85.65,2.8549,3.6544,0.145353029324595,-0.524840443213353
85.66,2.8553,3.6535,0.145353752798758,-0.52483800736177
85.67,2.8556,3.6539,0.145340125322032,-0.524883889335435
85.68,2.856,3.6546,0.14533594683728,-0.524897957708324
85.69,2.8564,3.6559,0.145322152212878,-0.524944402104564
85.7,2.8567,3.6574,0.145315414278347,-0.524967087606435
85.71,2.8569,3.6577,0.145315794880135,-0.524965806185367
85.72,2.8573,3.6582,0.145308890820015,-0.524989050942712
85.73,2.8577,3.6574,0.145306696215974,-0.524996439775066
85.74,2.8579,3.6574,0.145306685574073,-0.524996475604394
85.75,2.8581,3.658,0.145293451766739,-0.525041031283141
85.76,2.8585,3.659,0.145289702710165,-0.525053653589918
85.77,2.8588,3.6573,0.145284720981236,-0.525070426022256
85.78,2.8592,3.6549,0.145276051551418,-0.525099614084921
85.79,2.8595,3.6556,0.145269675485708,-0.525121080828716
85.8,2.86,3.6596,0.145273982120136,-0.5251065813893
85.81,2.8604,3.6633,0.145267459624958,-0.525128541107981
85.82,2.8607,3.6634,0.145268046042191,-0.525126566780463
85.83,2.8611,3.6626,0.145256612202519,-0.525165061716492
85.84,2.8614,3.6625,0.145260622740914,-0.525151559237244
85.85,2.8618,3.6636,0.145243049957133,-0.525210722237844
85.86,2.8621,3.6639,0.145248067025753,-0.525193831114057
85.87,2.8625,3.6643,0.145238668367037,-0.525225473847403
85.88,2.8627,3.6664,0.14523387502083,-0.525241611696113
85.89,2.8631,3.6678,0.145226609848435,-0.525266071427728
85.9,2.8633,3.6677,0.145222817382877,-0.525278839531964
85.91,2.8637,3.6683,0.145210581334041,-0.525320034535257
85.92,2.8639,3.6697,0.145202951525784,-0.525345721641802
85.93,2.8643,3.6695,0.145188175888681,-0.525395466222541
85.94,2.8646,3.6675,0.145179371770876,-0.525425106570285
85.95,2.865,3.6672,0.145170547255288,-0.525454815482262
85.96,2.8653,3.6684,0.145161614012096,-0.525484890330256
85.97,2.8657,3.6686,0.14515502639253,-0.525507068280575
85.98,2.866,3.6684,0.145148309597454,-0.525529681052572
85.99,2.8664,3.668,0.145145113919782,-0.525540439603672
86,2.8669,3.6683,0.145135957832192,-0.525571264360008
86.01,2.8672,3.6688,0.145137554374071,-0.525565889472831
86.02,2.8676,3.6698,0.145121158074806,-0.52562108877024
86.03,2.8679,3.6709,0.14510947191071,-0.525660430837968
86.04,2.8683,3.6726,0.145089327850965,-0.525728246398349
86.05,2.8685,3.674,0.145076376036648,-0.525771848759017
86.06,2.8689,3.6727,0.145060898634019,-0.525823953222789
86.07,2.8691,3.6712,0.145063259648871,-0.525816004920132
86.08,2.8695,3.6711,0.145044016072092,-0.525880787757253
86.09,2.8697,3.6708,0.145046184042588,-0.525873489385064
86.1,2.8699,3.6706,0.145031574003184,-0.525922673279482
86.11,2.8703,3.6708,0.145024064751158,-0.525947952648411
86.12,2.8705,3.6723,0.145005782912395,-0.52600949684616
86.13,2.8709,3.6738,0.145006638163206,-0.526006617730072
86.14,2.8712,3.6746,0.144996681364358,-0.526040136232064
86.15,2.8716,3.6748,0.14500459294437,-0.526013502752497
86.16,2.8719,3.6761,0.144999201216707,-0.526031653430724
86.17,2.8723,3.6767,0.144997283944947,-0.526038107712649
86.18,2.8726,3.6767,0.144986918215097,-0.526073002699867
86.19,2.873,3.6762,0.144981266362442,-0.526092028921688
86.2,2.8734,3.6776,0.144965999435981,-0.526143422808886
86.21,2.8737,3.6787,0.144978151742733,-0.526102513862128
86.22,2.8742,3.6774,0.144973524056264,-0.526118092309632
86.23,2.8744,3.6762,0.14497008215879,-0.526129678948084
86.24,2.8747,3.6772,0.144959412701235,-0.526165595993496
86.25,2.875,3.6782,0.144970129307093,-0.526129520230414
86.26,2.8754,3.6773,0.144954411399268,-0.52618243203311
86.27,2.8756,3.6772,0.144961225517934,-0.52615949344324
86.28,2.876,3.6797,0.14495361513517,-0.526185112518706
86.29,2.8763,3.6824,0.144953158315029,-0.526186650324437
86.3,2.8767,3.6822,0.144938333427371,-0.526236555578998
86.31,2.877,3.6812,0.144931888395519,-0.52625825149694
86.32,2.8774,3.6812,0.144918311471567,-0.526303955322768
86.33,2.8777,3.6826,0.144917887217543,-0.526305383479556
86.34,2.8781,3.6826,0.144913840624909,-0.526319005420867
86.35,2.8784,3.6827,0.144906148171087,-0.526344900268863
86.36,2.8788,3.6843,0.144896001909579,-0.526379055161461
86.37,2.8791,3.6867,0.144900212763127,-0.526364880376517
86.38,2.8795,3.6884,0.144892466804409,-0.526390955189573
86.39,2.8798,3.6882,0.144887054743165,-0.526409173477052
86.4,2.8801,3.6872,0.144873225218104,-0.526455726768562
86.41,2.8804,3.6868,0.144866559148801,-0.526478166162255
86.42,2.8808,3.6873,0.144858720830193,-0.526504551515259
86.43,2.8811,3.6873,0.144852074314845,-0.526526924952633
86.44,2.8815,3.6871,0.144849066592118,-0.52653704950042
86.45,2.8819,3.6873,0.144837666843913,-0.526575423035299
86.46,2.8822,3.6867,0.144832174657548,-0.526593910625375
86.47,2.8826,3.6867,0.144824336911859,-0.526620293676126
86.48,2.8829,3.6885,0.144815236235604,-0.526650927837448
86.49,2.8833,3.6897,0.144810925865413,-0.52666543711207
86.5,2.8836,3.6886,0.144801805570159,-0.526696137143989
86.51,2.884,3.688,0.144793898676517,-0.526722752623985
86.52,2.8843,3.6892,0.144778839545329,-0.526773443088174
86.53,2.8847,3.6905,0.144766231882983,-0.526815881433849
86.54,2.8849,3.6914,0.144765581673891,-0.526818070080888
86.55,2.8852,3.692,0.144759041609473,-0.526840084339992
86.56,2.8854,3.6941,0.144757311845085,-0.526845906823403
86.57,2.8857,3.6951,0.144754407514303,-0.526855682953477
86.58,2.886,3.6937,0.144747918606662,-0.526877524915415
86.59,2.8863,3.6915,0.144748691683372,-0.526874922706673
86.6,2.8866,3.6916,0.144741120705985,-0.526900406899524
86.61,2.8869,3.6934,0.144742004341598,-0.52689743255312
86.62,2.8873,3.6943,0.144729786272828,-0.526938558876604
86.63,2.8876,3.694,0.144727193589511,-0.526947285886536
86.64,2.888,3.6944,0.144712661671213,-0.526996200363367
86.65,2.8883,3.6971,0.1447125489017,-0.526996579944714
86.66,2.8887,3.699,0.144705244098628,-0.527021167820155
86.67,2.8891,3.6991,0.144702738845936,-0.527029600452228
86.68,2.8895,3.6974,0.144688347623856,-0.527078040858643
86.69,2.8899,3.6958,0.144687178032635,-0.527081977653737
86.7,2.8902,3.6955,0.144672893185864,-0.527130059697023
86.71,2.8906,3.6958,0.144672996528297,-0.527129711852842
86.72,2.8909,3.6972,0.144659989310028,-0.52717349322152
86.73,2.8912,3.6985,0.144654257610584,-0.527192785638456
86.74,2.8915,3.7003,0.144647420902954,-0.527215797360183
86.75,2.8919,3.7,0.144640693293882,-0.527238441803058
86.76,2.8921,3.7003,0.144636356312783,-0.527253039603833
86.77,2.8924,3.7014,0.144632074229011,-0.52726745260067
86.78,2.8927,3.7012,0.144625416044511,-0.527289863226194
86.79,2.8931,3.7001,0.14462717638817,-0.527283938133139
86.8,2.8933,3.7007,0.144618211625018,-0.527314112341914
86.81,2.8937,3.703,0.144612956575928,-0.527331800091304
86.82,2.894,3.7048,0.144604113045778,-0.527361566072199
86.83,2.8944,3.7043,0.144600138698185,-0.527374943087962
86.84,2.8947,3.7029,0.144591461256141,-0.527404149888282
86.85,2.8951,3.7023,0.144588850574501,-0.527412936980111
86.86,2.8954,3.7023,0.144588704519214,-0.527413428576049
86.87,2.8958,3.7028,0.144579094248311,-0.52744577496176
86.88,2.8961,3.7042,0.144575546619592,-0.527457715588314
86.89,2.8965,3.7063,0.144574480712466,-0.527461303220462
86.9,2.8968,3.7072,0.14456751198755,-0.527484758528672
86.91,2.8971,3.7069,0.144559477982239,-0.527511799270091
86.92,2.8974,3.7071,0.144553913545238,-0.527530527920976
86.93,2.8977,3.7081,0.144549620118594,-0.527544978605825
86.94,2.898,3.7084,0.144548925202418,-0.527547317531156
86.95,2.8983,3.7066,0.144544704760791,-0.527561522536282
86.96,2.8986,3.7062,0.144546557920657,-0.527555285242916
86.97,2.899,3.7075,0.144543755512093,-0.527564717478767
86.98,2.8993,3.7103,0.144548155535003,-0.527549908050898
86.99,2.8997,3.7107,0.144541880856847,-0.527571027113134
87,2.9,3.7103,0.144542834461622,-0.527567817511617
87.01,2.9004,3.7116,0.144548641160557,-0.527548273549443
87.02,2.9007,3.7127,0.144548534929658,-0.527548631097703
87.03,2.9011,3.713,0.144546106818196,-0.527556803546463
87.04,2.9015,3.7133,0.144542591906427,-0.527568633893474
87.05,2.9018,3.7145,0.144536706880095,-0.527588441437293
87.06,2.9022,3.7153,0.144530877725164,-0.527608060884452
87.07,2.9024,3.7134,0.144526223685523,-0.527623725159764
87.08,2.9027,3.7113,0.144521645891986,-0.527639132781419
87.09,2.9031,3.7118,0.144523087085173,-0.527634282115953
87.1,2.9035,3.7144,0.144519818826565,-0.527645282184048
87.11,2.9038,3.7144,0.144507043313083,-0.527688280939872
87.12,2.9042,3.7134,0.144506231916939,-0.527691011861578
87.13,2.9044,3.712,0.144504242715795,-0.527697706925984
87.14,2.9049,3.7131,0.144494044543536,-0.527732030880072
87.15,2.9052,3.7142,0.14448751115925,-0.527754020193828
87.16,2.9056,3.7149,0.144481022302187,-0.527775859584399
87.17,2.9059,3.7164,0.144464980845726,-0.527829849679114
87.18,2.9063,3.7169,0.144458512977838,-0.527851618224998
87.19,2.9066,3.7168,0.144453294849514,-0.527869180549162
87.2,2.907,3.716,0.144437439204507,-0.527922544658194
87.21,2.9072,3.716,0.144428874478989,-0.527951370142586
87.22,2.9075,3.7174,0.144425098559576,-0.527964078364147
87.23,2.9078,3.7196,0.144418959616837,-0.527984739526802
87.24,2.9081,3.7195,0.144418857806176,-0.527985082179277
87.25,2.9084,3.7188,0.144416517250788,-0.527992959514374
87.26,2.9087,3.7195,0.144412992625315,-0.528004821922141
87.27,2.909,3.7205,0.14440354175945,-0.528036629478965
87.28,2.9094,3.7204,0.144396432080931,-0.528060557522752
87.29,2.9097,3.7195,0.144391749312612,-0.528076317618365
87.3,2.9101,3.7203,0.144382302736743,-0.528108110458748
87.31,2.9104,3.7204,0.144376515155965,-0.528127588739248
87.32,2.9108,3.7211,0.144371900570921,-0.528143119233386
87.33,2.9111,3.7224,0.144364901471467,-0.528166674810322
87.34,2.9115,3.7246,0.144348359144723,-0.528222347995667
87.35,2.9118,3.7233,0.14434623371008,-0.528229501116491
87.36,2.9122,3.7204,0.144339343632508,-0.52825268953398
87.37,2.9125,3.7197,0.144333683059267,-0.52827174003013
87.38,2.9129,3.7225,0.144319657857141,-0.528318941252427
87.39,2.9133,3.7255,0.144314053290654,-0.528337803106739
87.4,2.9136,3.7261,0.144301301852116,-0.528380717196043
87.41,2.914,3.7244,0.144293472508068,-0.528407066203223
87.42,2.9142,3.725,0.144283334499081,-0.528441184704279
87.43,2.9144,3.7268,0.144280413865992,-0.528451013789582
87.44,2.9148,3.7271,0.144268010020221,-0.52849275750394
87.45,2.915,3.727,0.144254423128554,-0.528538482378257
87.46,2.9154,3.7276,0.144238471095605,-0.528592166493977
87.47,2.9157,3.7277,0.144239270390247,-0.528589476599073
87.48,2.916,3.7271,0.144223349071985,-0.528643057015169
87.49,2.9163,3.7265,0.144221802557029,-0.528648261522445
87.5,2.9167,3.7271,0.144203504642109,-0.528709839486371
87.51,2.917,3.7279,0.144197194002059,-0.528731076572546
87.52,2.9174,3.7275,0.144186090402727,-0.528768443186444
87.53,2.9177,3.7277,0.144178620331454,-0.528793581899851
87.54,2.918,3.7292,0.144167640019154,-0.528830533337806
87.55,2.9183,3.7314,0.144161450480751,-0.528851362575568
87.56,2.9187,3.7319,0.144151625443591,-0.528884426004011
87.57,2.919,3.731,0.144145377624366,-0.528905451231372
87.58,2.9193,3.731,0.144129623816656,-0.528958465871548
87.59,2.9196,3.7309,0.144122256572044,-0.528983257970687
87.6,2.9199,3.7302,0.144117297026849,-0.528999947687193
87.61,2.9202,3.7302,0.144096883343658,-0.529068642858164
87.62,2.9205,3.7314,0.144099184509482,-0.529060899111551
87.63,2.9208,3.733,0.144083621336484,-0.529113271234319
87.64,2.9212,3.7341,0.144080007817127,-0.529125431153897
87.65,2.9215,3.7339,0.14407643172877,-0.52913746509592
87.66,2.9219,3.7349,0.144071534235145,-0.529153945687454
87.67,2.9222,3.7367,0.144065451877288,-0.52917441342798
87.68,2.9226,3.7371,0.144055708659736,-0.52920720021947
87.69,2.9229,3.7361,0.144047189406725,-0.529235868153871
87.7,2.9233,3.7347,0.144038565018223,-0.529264889774741
87.71,2.9236,3.7345,0.144032324852092,-0.52928588827002
87.72,2.924,3.735,0.144023601149769,-0.529315243907945
87.73,2.9244,3.7369,0.14402080366242,-0.529324657552275
87.74,2.9246,3.7385,0.144016695060897,-0.52933848312272
87.75,2.9249,3.7394,0.144001847092439,-0.529388446798041
87.76,2.9252,3.7406,0.143992885078451,-0.529418603985056
87.77,2.9255,3.7415,0.143989891712979,-0.529428676638392
87.78,2.9258,3.7423,0.143982052090177,-0.529455056854023
87.79,2.9261,3.7429,0.143977795795359,-0.529469379187923
87.8,2.9265,3.7417,0.14396859504483,-0.529500339415455
87.81,2.9268,3.7407,0.143968932383293,-0.529499204284525
87.82,2.9273,3.7407,0.143960781129602,-0.52952663289499
87.83,2.9277,3.7422,0.143950136479805,-0.529562451535137
87.84,2.928,3.7433,0.143945399194546,-0.529578392179661
87.85,2.9284,3.7441,0.143938284266352,-0.52960233337343
87.86,2.9288,3.7447,0.143925167609776,-0.529646469744149
87.87,2.9292,3.7453,0.143912014412966,-0.529690728830038
87.88,2.9295,3.7456,0.143909536480989,-0.529699066776531
87.89,2.9298,3.7446,0.1439046724954,-0.52971543348499
87.9,2.9301,3.7444,0.143910412733737,-0.529696118291187
87.91,2.9305,3.746,0.143906503258181,-0.529709273199063
87.92,2.9308,3.7472,0.143909656075103,-0.52969866435675
87.93,2.9311,3.7467,0.143908008119278,-0.52970420952773
87.94,2.9314,3.7468,0.143903876810315,-0.52971811086353
87.95,2.9318,3.7467,0.143900851607961,-0.52972829027451
87.96,2.9321,3.7467,0.143889380317673,-0.529766889553519
87.97,2.9325,3.7474,0.143886201626137,-0.529777585371357
87.98,2.9329,3.7472,0.143878193665537,-0.529804530889531
87.99,2.9332,3.7473,0.143867756218107,-0.529839651112416
88,2.9336,3.7475,0.143864408281536,-0.529850916313567
88.01,2.9339,3.7486,0.143851466111642,-0.529894464228833
88.02,2.9342,3.7508,0.143851669789121,-0.529893778895045
88.03,2.9345,3.7519,0.143839824482112,-0.529933635877327
88.04,2.9349,3.7501,0.143832703586945,-0.529957596107639
88.05,2.9352,3.7483,0.143837467718819,-0.529941565870029
88.06,2.9356,3.7491,0.143831426372742,-0.529961893642262
88.07,2.9358,3.7528,0.143821752797932,-0.529994442942799
88.08,2.9362,3.7552,0.143814395549194,-0.530019198264916
88.09,2.9364,3.7527,0.143810554496597,-0.530032122426981
88.1,2.9366,3.7497,0.143810201233805,-0.530033311065127
88.11,2.937,3.7507,0.143796642375019,-0.530078932995719
88.12,2.9373,3.7526,0.143798513027345,-0.530072638766499
88.13,2.9376,3.7517,0.143799037419093,-0.530070874332002
88.14,2.9379,3.7494,0.143793547139478,-0.530089347599115
88.15,2.9383,3.7504,0.143785551326512,-0.530116251215843
88.16,2.9386,3.754,0.143777493504627,-0.530143363385167
88.17,2.939,3.7557,0.143770515239807,-0.530166843093986
88.18,2.9393,3.7541,0.143769455628313,-0.530170408353946
88.19,2.9397,3.7533,0.143771889756033,-0.530162218276163
88.2,2.9401,3.7534,0.1437647437619,-0.530186262286067
88.21,2.9404,3.7538,0.143756294955328,-0.530214689756448
88.22,2.9409,3.7533,0.143752563671449,-0.530227244274652
88.23,2.9412,3.7533,0.143741645618083,-0.530263979749811
88.24,2.9416,3.7555,0.143739087786905,-0.530272585943592
88.25,2.9418,3.7582,0.143737629050704,-0.530277494068937
88.26,2.9422,3.7587,0.143731318465392,-0.530298726896463
88.27,2.9424,3.7582,0.143715401875741,-0.530352280194512
88.28,2.9427,3.7572,0.143711410368233,-0.53036571005101
88.29,2.943,3.7567,0.143710938477562,-0.530367297776489
88.3,2.9434,3.7579,0.143710419224798,-0.530369044856324
88.31,2.9437,3.7591,0.143701431478856,-0.530399285001463
88.32,2.9441,3.7607,0.143709043062542,-0.530373675095301
88.33,2.9444,3.7611,0.143697505258838,-0.530412495115346
88.34,2.9447,3.7618,0.143691884984584,-0.530431404987101
88.35,2.9451,3.7642,0.143682602852377,-0.530462635383174
88.36,2.9455,3.7661,0.143673227654623,-0.530494178783737
88.37,2.9458,3.7652,0.143668592824774,-0.530509772894553
88.38,2.9462,3.7634,0.143657899213278,-0.530545751957814
88.39,2.9465,3.7629,0.14365908262811,-0.530541770321327
88.4,2.9469,3.765,0.143648217036458,-0.530578327873896
88.41,2.9473,3.7674,0.143639689406521,-0.530607019181723
88.42,2.9475,3.7667,0.14363585293138,-0.530619927013068
88.43,2.9477,3.7672,0.143628410797046,-0.530644966036701
88.44,2.9481,3.7688,0.143630507560381,-0.530637911494744
88.45,2.9484,3.7685,0.143624146614524,-0.530659312822825
88.46,2.9487,3.7668,0.143617734920787,-0.530680884834816
88.47,2.949,3.7659,0.143614853373218,-0.530690579723923
88.48,2.9494,3.7666,0.143611924860963,-0.530700432612663
88.49,2.9497,3.7669,0.143606611849849,-0.530718308043591
88.5,2.9501,3.7673,0.143600137467,-0.530740090814231
88.51,2.9504,3.768,0.143591268437337,-0.530769930172374
88.52,2.9508,3.7691,0.14358593140624,-0.530787886264812
88.53,2.9512,3.7698,0.143581733125472,-0.530802011078437
88.54,2.9515,3.7698,0.143576256472264,-0.530820436847459
88.55,2.9519,3.7692,0.143575465934167,-0.530823096547285
88.56,2.9521,3.7685,0.143576992330752,-0.530817961111864
88.57,2.9525,3.7676,0.143566546902109,-0.530853103830518
88.58,2.9527,3.7672,0.143566860919466,-0.53085204734916
88.59,2.953,3.7683,0.143562406835622,-0.53086703267535
88.6,2.9534,3.7721,0.143555636535856,-0.530889810629125
88.61,2.9537,3.7738,0.143545311520393,-0.53092454792366
88.62,2.954,3.7724,0.143536230463559,-0.530955099944287
88.63,2.9543,3.7708,0.143535554736111,-0.530957373335793
88.64,2.9547,3.7724,0.143519403836168,-0.531011710615717
88.65,2.955,3.775,0.143510495778155,-0.531041680285888
88.66,2.9554,3.7754,0.143501575259289,-0.531071691768338
88.67,2.9559,3.7749,0.143501006273871,-0.531073606013774
88.68,2.9562,3.7758,0.14349328732246,-0.531099574943418
88.69,2.9566,3.7778,0.143480818284396,-0.531141524453002
88.7,2.9569,3.7797,0.143470788391247,-0.531175267805726
88.71,2.9573,3.7795,0.143450050620257,-0.531245034998427
88.72,2.9576,3.7794,0.143436531134306,-0.531290517703809
88.73,2.958,3.7798,0.143421891367574,-0.531339769009578
88.74,2.9584,3.7796,0.143416899948695,-0.531356561142146
88.75,2.9587,3.7785,0.143408404841293,-0.531385140305108
88.76,2.9589,3.7789,0.14340829714938,-0.531385502600616
88.77,2.9593,3.7801,0.143405801796827,-0.531393897423582
88.78,2.9595,3.7794,0.143393830919045,-0.531434169528721
88.79,2.9598,3.7785,0.143386656057742,-0.531458306909029
88.8,2.9601,3.7794,0.143370059869283,-0.531514138866596
88.81,2.9604,3.7805,0.143371486767928,-0.531509338589955
88.82,2.9607,3.782,0.143362277254433,-0.531540320567411
88.83,2.961,3.7815,0.143359143248296,-0.531550863736794
88.84,2.9613,3.7816,0.143348937954665,-0.531585195464021
88.85,2.9617,3.7832,0.143343619976645,-0.531603085668243
88.86,2.962,3.7847,0.143330054371593,-0.531648721528384
88.87,2.9624,3.7859,0.143321351455612,-0.531677998750738
88.88,2.9627,3.7872,0.143319945066656,-0.531682729932396
88.89,2.9631,3.7878,0.143307866075777,-0.531723364311093
88.9,2.9634,3.788,0.143298162442543,-0.531756007711776
88.91,2.9638,3.7873,0.143284927772139,-0.531800529448944
88.92,2.964,3.7862,0.14327058264853,-0.531848786502329
88.93,2.9644,3.7861,0.143261033684053,-0.531880909099108
88.94,2.9646,3.7853,0.143242039535503,-0.531944804801173
88.95,2.9648,3.7845,0.143242168690721,-0.531944370328882
88.96,2.9652,3.7843,0.143243475265647,-0.531939975068816
88.97,2.9656,3.7854,0.143236327363242,-0.531964020266363
88.98,2.9658,3.7866,0.143237532552295,-0.531959966073711
88.99,2.9661,3.7879,0.143225618135984,-0.532000045455803
89,2.9665,3.7873,0.143217320940461,-0.532027956607895
89.01,2.9669,3.7873,0.143219784407763,-0.532019669696038
89.02,2.9672,3.787,0.143212681749313,-0.53204356246224
89.03,2.9676,3.7872,0.143212742099787,-0.532043359448443
89.04,2.968,3.7878,0.14320448183997,-0.532071146204429
89.05,2.9684,3.7883,0.143196331720743,-0.532098562364941
89.06,2.9687,3.7883,0.14319780787145,-0.53209359675303
89.07,2.9691,3.7876,0.14318749923644,-0.532128273827302
89.08,2.9695,3.7893,0.143189212290755,-0.532122511317859
89.09,2.9697,3.7924,0.143177841904294,-0.532160759859361
89.1,2.9699,3.795,0.143173770057375,-0.532174456993686
89.11,2.9703,3.7942,0.14316863636993,-0.532191725981113
89.12,2.9706,3.7937,0.143167165679208,-0.532196673166799
89.13,2.9709,3.7949,0.143152657495629,-0.532245476386221
89.14,2.9712,3.7943,0.143151331560418,-0.532249936606599
89.15,2.9716,3.7931,0.143146448589002,-0.532266362070382
89.16,2.9719,3.793,0.143139279443581,-0.532290477764741
89.17,2.9723,3.7947,0.143132262780594,-0.532314080467135
89.18,2.9726,3.7963,0.143134905790308,-0.532305189899691
89.19,2.973,3.7958,0.143125690966107,-0.532336186723037
89.2,2.9733,3.7961,0.143120132391607,-0.532354884597676
89.21,2.9738,3.7984,0.143117024393788,-0.532365339229509
89.22,2.9742,3.8003,0.143104412192998,-0.532407763805314
89.23,2.9744,3.8002,0.143099028449806,-0.532425873426201
89.24,2.9748,3.7984,0.14309247951015,-0.532447902434419
89.25,2.9751,3.7983,0.143084821601686,-0.532473661663222
89.26,2.9754,3.7979,0.143087922617077,-0.532463230657106
89.27,2.9757,3.7975,0.143073231307885,-0.532512648267482
89.28,2.9761,3.7971,0.143072879921197,-0.532513830234072
89.29,2.9763,3.7974,0.143064168822399,-0.532543131880661
89.3,2.9767,3.7976,0.143054338019171,-0.532576199766681
89.31,2.977,3.7976,0.143045762217209,-0.532605046093938
89.32,2.9774,3.7984,0.143031224790984,-0.532653945236034
89.33,2.9777,3.8011,0.143019118517511,-0.532694666552878
89.34,2.9781,3.8033,0.143013058743789,-0.532715049459589
89.35,2.9785,3.8028,0.14300233505349,-0.532751119985265
89.36,2.9789,3.8014,0.142991790418008,-0.532786588081488
89.37,2.9792,3.802,0.142989690401813,-0.532793651709501
89.38,2.9796,3.8028,0.142988742830287,-0.532796838965194
89.39,2.9798,3.8026,0.142980637781994,-0.532824101089966
89.4,2.9802,3.8016,0.142970188749795,-0.532859247300214
89.41,2.9805,3.8015,0.1429622170497,-0.532886060691123
89.42,2.9809,3.802,0.142950693755572,-0.532924819970345
89.43,2.9811,3.8025,0.142945242361215,-0.532943155992604
89.44,2.9814,3.8034,0.142941069877287,-0.532957190311452
89.45,2.9816,3.8055,0.142935775838683,-0.532974996990216
89.46,2.982,3.8069,0.142932866324526,-0.532984783223437
89.47,2.9822,3.8069,0.142922828738562,-0.533018544837937
89.48,2.9826,3.8065,0.142916339046948,-0.533040372966909
89.49,2.9829,3.8076,0.142900369714449,-0.533094085694456
89.5,2.9833,3.8087,0.142895193087509,-0.533111497163717
89.51,2.9835,3.8085,0.142882918630158,-0.533152781878931
89.52,2.984,3.8085,0.142875449865726,-0.533177902709157
89.53,2.9843,3.8094,0.142865681859218,-0.533210756813016
89.54,2.9847,3.811,0.142861935472735,-0.533223357524125
89.55,2.985,3.8104,0.142854721218559,-0.53324762211296
89.56,2.9855,3.8098,0.142853452427982,-0.533251889584985
89.57,2.9859,3.8094,0.142843840120809,-0.533284219711668
89.58,2.9862,3.8088,0.142841330722831,-0.533292659823972
89.59,2.9866,3.8083,0.142831730821017,-0.533324948065272
89.6,2.9868,3.8099,0.142829386564614,-0.533332832701152
89.61,2.9872,3.8138,0.142828299089639,-0.533336490295148
89.62,2.9874,3.8174,0.142820042255136,-0.533364261132093
89.63,2.9876,3.8169,0.142816647063078,-0.533375680411339
89.64,2.988,3.814,0.142815682456687,-0.533378924734386
89.65,2.9882,3.8139,0.142809965656222,-0.533398152392611
89.66,2.9886,3.8155,0.142800604173645,-0.533429638331252
89.67,2.9889,3.815,0.142800811815267,-0.533428939961205
89.68,2.9893,3.8132,0.142800943860373,-0.533428495848155
89.69,2.9896,3.8138,0.142799869411612,-0.533432109587701
89.7,2.9899,3.8161,0.142788045995415,-0.533471875684317
89.71,2.9903,3.8169,0.142792925108416,-0.533455465621577
89.72,2.9906,3.8159,0.142771517903606,-0.533527464851477
89.73,2.9909,3.8155,0.142769275745905,-0.533535005903341
89.74,2.9913,3.816,0.142768207751948,-0.533538597886339
89.75,2.9916,3.8153,0.142762413640693,-0.533558085187327
89.76,2.992,3.8146,0.142749422252892,-0.533601778878057
89.77,2.9924,3.8163,0.142750773638595,-0.533597233798779
89.78,2.9927,3.8203,0.142746052351652,-0.533613112765463
89.79,2.9929,3.8226,0.142744919775709,-0.533616921920513
89.8,2.9932,3.8222,0.142734212195822,-0.533652934280481
89.81,2.9935,3.8204,0.142733055157342,-0.533656825690575
89.82,2.9939,3.8197,0.142732968451957,-0.53365711730242
89.83,2.9942,3.8189,0.142724551176594,-0.533685426650075
89.84,2.9946,3.8191,0.142726862112536,-0.533677654419283
89.85,2.995,3.8203,0.142718397525811,-0.533706122814722
89.86,2.9953,3.821,0.14271349762276,-0.533722602295455
89.87,2.9957,3.8209,0.142700354669361,-0.533766804852227
89.88,2.996,3.8212,0.142690851233113,-0.533798766787188
89.89,2.9964,3.8218,0.142688557883872,-0.533806479755357
89.9,2.9967,3.8232,0.142686153623273,-0.533814565731622
89.91,2.9971,3.8232,0.142680222522078,-0.533834513095571
89.92,2.9973,3.823,0.142669483347027,-0.533870630755854
89.93,2.9977,3.8233,0.142659948016306,-0.533902699550386
89.94,2.9979,3.8265,0.142661109747795,-0.533898792474136
89.95,2.9983,3.8296,0.142655034478896,-0.533919224488798
89.96,2.9986,3.8288,0.142654858424171,-0.533919816585731
89.97,2.999,3.8263,0.142643949017053,-0.533956506380757
89.98,2.9993,3.8264,0.142634235574741,-0.533989173847509
89.99,2.9997,3.8283,0.142637625860831,-0.533977771925266
90,3,3.829,0.142633714586257,-0.533990925990321
90.01,3.0004,3.8282,0.142625005034547,-0.534020217135686
90.02,3.0007,3.8283,0.142615092780214,-0.534053552969627
90.03,3.0011,3.8294,0.142612340882763,-0.534062807832765
90.04,3.0014,3.8305,0.142608300068379,-0.534076397413217
90.05,3.0018,3.8321,0.142603022484074,-0.534094146315317
90.06,3.0022,3.8328,0.142592838163341,-0.534128396821956
90.07,3.0025,3.8334,0.142595695526759,-0.534118787344835
90.08,3.0029,3.8335,0.142590060226981,-0.534137739170489
90.09,3.0032,3.8326,0.14259749721023,-0.534112728174133
90.1,3.0035,3.8317,0.142588200076277,-0.534143994950804
90.11,3.0038,3.8317,0.142587212582008,-0.53414731594172
90.12,3.004,3.8328,0.142567120552657,-0.534214886113498
90.13,3.0043,3.8349,0.142570948987868,-0.534202010999981
90.14,3.0046,3.8358,0.142564014165917,-0.534225332946894
90.15,3.005,3.8363,0.142570139418397,-0.534204733601967
90.16,3.0053,3.8348,0.142558294407095,-0.534244568561741
90.17,3.0057,3.8329,0.142561942545949,-0.534232299833955
90.18,3.0059,3.8328,0.142548845602802,-0.534276344900259
90.19,3.0064,3.8338,0.142557136963831,-0.534248461051266
90.2,3.0068,3.8335,0.142546301135988,-0.534284901923634
90.21,3.0071,3.8323,0.142547311567274,-0.534281503851647
90.22,3.0075,3.8332,0.142530483798574,-0.534338095313146
90.23,3.0078,3.8371,0.142536299918748,-0.534318535857547
90.24,3.0082,3.8398,0.14252652072085,-0.534351423010032
90.25,3.0085,3.8393,0.142534648549158,-0.534324089373792
90.26,3.0089,3.8374,0.142516480143391,-0.534385189036457
90.27,3.0092,3.8366,0.142515029348659,-0.534390067984661
90.28,3.0095,3.8363,0.142496905958361,-0.534451015770237
90.29,3.0098,3.8366,0.142497874230827,-0.534447759544262
90.3,3.0102,3.8386,0.142484565752228,-0.534492514822467
90.31,3.0104,3.8405,0.142477285805905,-0.534516996557142
90.32,3.0108,3.8422,0.142469983850453,-0.534541552232615
90.33,3.0111,3.8428,0.142468609264436,-0.534546174806401
90.34,3.0115,3.8435,0.142466040188086,-0.534554814306002
90.35,3.0118,3.8439,0.142469458986286,-0.534543317290412
90.36,3.0122,3.8442,0.142469248707525,-0.534544024433578
90.37,3.0125,3.8438,0.142469056035758,-0.534544672366409
90.38,3.0129,3.8435,0.142468833569209,-0.534545420495573
90.39,3.0132,3.8449,0.142465013123245,-0.534558268200907
90.4,3.0136,3.8461,0.142462302694362,-0.534567383038581
90.41,3.0138,3.8449,0.142461963108052,-0.534568525024696
90.42,3.0142,3.8435,0.142452109137569,-0.534601662620401
90.43,3.0144,3.8452,0.142443517259906,-0.534630555855638
90.44,3.0148,3.8462,0.142444368355183,-0.53462769375054
90.45,3.015,3.8452,0.142443961211428,-0.53462906291373
90.46,3.0153,3.845,0.14244467381436,-0.534626666537138
90.47,3.0156,3.8457,0.142439355579511,-0.534644550944913
90.48,3.016,3.8469,0.14243514693123,-0.534658703955557
90.49,3.0163,3.8477,0.142429731113799,-0.53467691644678
90.5,3.0167,3.848,0.142431490393006,-0.534671000288523
90.51,3.017,3.8476,0.14243441302513,-0.534661171961811
90.52,3.0174,3.848,0.142443127706561,-0.534631865864471
90.53,3.0177,3.8493,0.142435062387605,-0.534658988261985
90.54,3.0181,3.8498,0.142438871694546,-0.534646178173862
90.55,3.0184,3.8504,0.142435496441479,-0.534657528609457
90.56,3.0188,3.8508,0.142434479712509,-0.534660947703085
90.57,3.0192,3.8511,0.142432281329377,-0.534668340501961
90.58,3.0195,3.8521,0.142424101317436,-0.534695848470431
90.59,3.0197,3.8527,0.142417143532652,-0.534719246226983
90.6,3.0201,3.8513,0.142414947291816,-0.534726631768958
90.61,3.0205,3.8492,0.142418675656585,-0.534714093980418
90.62,3.0208,3.8483,0.142414012200504,-0.534729776301914
90.63,3.021,3.8502,0.142408173952471,-0.534749409184284
90.64,3.0214,3.8523,0.142401185068069,-0.534772911368888
90.65,3.0217,3.8526,0.142395428568195,-0.534792269246332
90.66,3.0221,3.8527,0.14240036686602,-0.534775662810115
90.67,3.0225,3.8535,0.14239932357699,-0.53477917117013
90.68,3.0229,3.8545,0.142393431104728,-0.534798986277882
90.69,3.0233,3.8543,0.142389875811583,-0.534810941935307
90.7,3.0236,3.8534,0.142375656083166,-0.534858759533632
90.71,3.024,3.8536,0.14236749967665,-0.534886187481798
90.72,3.0243,3.8538,0.142366578795557,-0.534889284168022
90.73,3.0246,3.8529,0.142359779479113,-0.53491214848379
90.74,3.0249,3.8532,0.14235188620227,-0.534938691420835
90.75,3.0253,3.8551,0.142353585170403,-0.5349329782617
90.76,3.0255,3.8569,0.142344525601776,-0.534963443034883
90.77,3.0259,3.857,0.142343897756524,-0.534965554297114
90.78,3.0261,3.8565,0.142328922399271,-0.535015911936159
90.79,3.0265,3.8568,0.14232237423354,-0.535037931357779
90.8,3.0267,3.8598,0.142318182623305,-0.535052026393359
90.81,3.0269,3.8618,0.142318736672467,-0.535050163305817
90.82,3.0273,3.8617,0.142306211745938,-0.535092280465554
90.83,3.0275,3.8608,0.142311659718392,-0.535073960773917
90.84,3.0279,3.8605,0.142305159537396,-0.535095818682829
90.85,3.0282,3.8605,0.142303560552698,-0.535101195518278
90.86,3.0286,3.8602,0.142298391865815,-0.535118576009895
90.87,3.029,3.8614,0.142303982683516,-0.535099776037904
90.88,3.0293,3.8624,0.14229767049885,-0.535121001712509
90.89,3.0297,3.8615,0.142297440017543,-0.535121776739683
90.9,3.03,3.8613,0.142291270493641,-0.535142522640641
90.91,3.0304,3.8628,0.142294679127508,-0.535131060631328
90.92,3.0307,3.8665,0.142280199975355,-0.535179748699651
90.93,3.0311,3.8685,0.142274116571452,-0.53520020486504
90.94,3.0314,3.8677,0.142260890168317,-0.535244680033682
90.95,3.0317,3.867,0.142257293348726,-0.535256774675154
90.96,3.032,3.8678,0.142252557923862,-0.535272697955779
90.97,3.0324,3.8673,0.142252665444305,-0.535272336409222
90.98,3.0326,3.8661,0.142233703494765,-0.535336097316188
90.99,3.033,3.865,0.142233905715384,-0.53533541733757
91,3.0333,3.8658,0.142232902643854,-0.535338790223509
91.01,3.0337,3.8673,0.142219960821503,-0.535382307723522
91.02,3.034,3.8678,0.142220162018417,-0.535381631190997
91.03,3.0343,3.8684,0.142209644674798,-0.535416996096829
91.04,3.0346,3.869,0.14220396761966,-0.535436085313492
91.05,3.035,3.8686,0.142204292251252,-0.535434993734178
91.06,3.0353,3.8674,0.142208143593009,-0.535422043520085
91.07,3.0357,3.8678,0.142200039927379,-0.535449292234841
91.08,3.036,3.8703,0.142196725196459,-0.535460438048247
91.09,3.0364,3.8723,0.142189857666348,-0.535483530133423
91.1,3.0367,3.8719,0.142185426651913,-0.535498429394601
91.11,3.037,3.8705,0.142173869815576,-0.535537289064049
91.12,3.0373,3.8697,0.142165954602663,-0.535563903728782
91.13,3.0376,3.8703,0.142160449463222,-0.535582414543008
91.14,3.0379,3.8704,0.142158543427452,-0.535588823503323
91.15,3.0383,3.8704,0.142160270826618,-0.535583015200838
91.16,3.0386,3.8711,0.142156051601692,-0.535597202148786
91.17,3.039,3.8719,0.142153035894189,-0.535607342310165
91.18,3.0393,3.873,0.142161930947427,-0.535577433114929
91.19,3.0397,3.8741,0.142155245985788,-0.53559991099206
91.2,3.04,3.8758,0.142148561958745,-0.535622385664805
91.21,3.0404,3.8758,0.142141896982751,-0.535644796217864
91.22,3.0408,3.8739,0.142134067307279,-0.535671122919446
91.23,3.0411,3.8726,0.142127433085499,-0.535693429930463
91.24,3.0415,3.8749,0.142116115576077,-0.535731483960427
91.25,3.0418,3.8779,0.142112002660869,-0.535745313195781
91.26,3.0421,3.8788,0.142109189162916,-0.535754773266781
91.27,3.0424,3.8787,0.142112432798524,-0.535743866905243
91.28,3.0426,3.878,0.142106187222166,-0.53576486694345
91.29,3.043,3.8782,0.142100001320846,-0.535785666277921
91.3,3.0434,3.8791,0.142092680513534,-0.535810281526149
91.31,3.0437,3.8793,0.142086653323021,-0.53583054710297
91.32,3.0441,3.8803,0.142080695288206,-0.535850580104097
91.33,3.0443,3.882,0.142071214094104,-0.535882459100172
91.34,3.0447,3.8823,0.14206899029819,-0.535889936239617
91.35,3.045,3.8814,0.142070374990672,-0.535885280445027
91.36,3.0454,3.8822,0.142069384331591,-0.535888611369131
91.37,3.0457,3.8835,0.142062492972565,-0.535911782364163
91.38,3.0461,3.8837,0.142059292739637,-0.535922542567913
91.39,3.0464,3.882,0.142058554062862,-0.535925026232804
91.4,3.0468,3.8812,0.142044818932081,-0.535971207947981
91.41,3.0471,3.8822,0.142037151124509,-0.535996989351215
91.42,3.0475,3.8834,0.142030804219325,-0.536018329434188
91.43,3.0478,3.884,0.142030476017699,-0.536019432938984
91.44,3.0482,3.8842,0.142025404298866,-0.536036485443873
91.45,3.0484,3.8831,0.142014337690899,-0.536073694280913
91.46,3.0487,3.8816,0.142014029759806,-0.536074729623545
91.47,3.049,3.8808,0.142004164677376,-0.536107898469633
91.48,3.0493,3.8825,0.14199672479808,-0.536132913094095
91.49,3.0496,3.8867,0.141990567034349,-0.53615361688645
91.5,3.0498,3.8887,0.141974841545571,-0.536206489293058
91.51,3.0502,3.8879,0.141976982530176,-0.536199290871843
91.52,3.0506,3.8866,0.141966049118233,-0.536236051137122
91.53,3.0509,3.8872,0.141960068388658,-0.53625615944745
91.54,3.0513,3.8877,0.141944672707575,-0.536307922324674
91.55,3.0516,3.8859,0.141930529598961,-0.536355473552804
91.56,3.052,3.8856,0.141924744435782,-0.536374924049376
91.57,3.0523,3.887,0.141917755579182,-0.536398421463313
91.58,3.0527,3.8877,0.141908435962175,-0.53642975508138
91.59,3.053,3.8888,0.141914578955389,-0.536409101649255
91.6,3.0534,3.8901,0.141898054688005,-0.536464657970687
91.61,3.0537,3.8923,0.141887589825619,-0.536499841741022
91.62,3.054,3.8945,0.14187958593197,-0.536526751419808
91.63,3.0543,3.8933,0.141866871150297,-0.536569499268105
91.64,3.0546,3.8914,0.141857780348715,-0.536600062943724
91.65,3.0549,3.8914,0.141851147574719,-0.536622362550083
91.66,3.0553,3.8918,0.141842188657668,-0.536652482629946
91.67,3.0555,3.892,0.141834533872525,-0.536678218101101
91.68,3.0559,3.8924,0.141832910064588,-0.536683677350674
91.69,3.0562,3.8937,0.141832539975637,-0.536684921590879
91.7,3.0566,3.8946,0.14183693686428,-0.53667013922534
91.71,3.0569,3.8941,0.141831831647893,-0.536687302990425
91.72,3.0573,3.8937,0.141829091388885,-0.536696515741143
91.73,3.0576,3.8946,0.141816838504257,-0.536737709811827
91.74,3.058,3.8944,0.141820108769107,-0.536726715235741
91.75,3.0585,3.893,0.141810244401886,-0.536759879029414
91.76,3.0588,3.893,0.141807487960489,-0.536769146102935
91.77,3.0593,3.8964,0.14180952973699,-0.536762281712426
91.78,3.0596,3.8994,0.141802043798967,-0.536787449180221
91.79,3.0599,3.8993,0.141793428984956,-0.536816411794523
91.8,3.0601,3.8981,0.141801505579341,-0.536789258653221
91.81,3.0605,3.8976,0.141792865287983,-0.536818306914619
91.82,3.0607,3.8983,0.141785490392145,-0.536843100892853
91.83,3.0611,3.8994,0.141784154436433,-0.536847592291538
91.84,3.0614,3.8999,0.141772049227933,-0.536888289124979
91.85,3.0617,3.9005,0.141775422463033,-0.536876948573489
91.86,3.062,3.9012,0.141771565547384,-0.536889915219708
91.87,3.0624,3.9013,0.141761725297774,-0.536922997269526
91.88,3.0627,3.9009,0.141755559878471,-0.536943724796232
91.89,3.0632,3.9017,0.141748286244322,-0.53696817796342
91.9,3.0635,3.9024,0.141743413320401,-0.536984560162879
91.91,3.0639,3.9017,0.141737320768464,-0.537005042562646
91.92,3.0642,3.9014,0.141731198602226,-0.537025624470248
91.93,3.0646,3.9022,0.14172504693372,-0.537046305508302
91.94,3.0648,3.9037,0.14172482922311,-0.53704703741957
91.95,3.0652,3.9052,0.141715029552208,-0.537079982413767
91.96,3.0654,3.9047,0.141704115408387,-0.537116673938962
91.97,3.0658,3.9047,0.14170152907935,-0.537125368720237
91.98,3.0661,3.9048,0.141700064922334,-0.537130290953337
91.99,3.0665,3.9039,0.141692557986387,-0.537155527878036
92,3.0668,3.9033,0.141685103113471,-0.537180589699311
92.01,3.0672,3.9056,0.141681182348594,-0.537193770511334
92.02,3.0676,3.9084,0.141674899384882,-0.537214892509789
92.03,3.0679,3.9099,0.141661370320895,-0.537260374183159
92.04,3.0683,3.9091,0.141663302998142,-0.537253876972003
92.05,3.0686,3.9092,0.141650852683914,-0.537295731940542
92.06,3.069,3.9103,0.141650350696077,-0.537297419498683
92.07,3.0693,3.9097,0.141648617291594,-0.537303246770348
92.08,3.0697,3.9078,0.141646889323458,-0.537309055762235
92.09,3.0699,3.9069,0.141636756285719,-0.537343120389409
92.1,3.0703,3.9082,0.141644509649597,-0.537317055617196
92.11,3.0706,3.9093,0.141640222334701,-0.537331468453696
92.12,3.0709,3.9101,0.141640682029122,-0.537329923081948
92.13,3.0711,3.9108,0.141644617413785,-0.537316693341725
92.14,3.0713,3.9113,0.141634113471029,-0.537352004819002
92.15,3.0716,3.9115,0.141630648237093,-0.537363653985456
92.16,3.0719,3.9107,0.141622260873593,-0.537391849933245
92.17,3.0723,3.9112,0.141624531912503,-0.537384215351302
92.18,3.0725,3.9125,0.141620773970788,-0.537396848470468
92.19,3.0729,3.9141,0.141622962517479,-0.537389491208353
92.2,3.0732,3.9144,0.141615566076117,-0.537414355882117
92.21,3.0736,3.9151,0.141622466549443,-0.537391158510276
92.22,3.074,3.9173,0.141607822398304,-0.537440387782204
92.23,3.0744,3.9185,0.141607433729223,-0.537441694367784
92.24,3.0748,3.917,0.141602169782236,-0.537459390113467
92.25,3.0751,3.9145,0.141601625060193,-0.537461221296651
92.26,3.0755,3.9146,0.141580764024202,-0.537531349191312
92.27,3.0758,3.9153,0.141583741735163,-0.537521339150005
92.28,3.0762,3.9147,0.141578309872084,-0.537539599198423
92.29,3.0765,3.9149,0.141577634888221,-0.537541868258293
92.3,3.0768,3.9169,0.141573321321285,-0.537556368948031
92.31,3.077,3.9183,0.141572557376385,-0.5375589370585
92.32,3.0774,3.9183,0.141565702003417,-0.537581982342866
92.33,3.0777,3.9177,0.141554015796325,-0.537621266994346
92.34,3.0779,3.917,0.141544734531888,-0.537652466994682
92.35,3.0783,3.916,0.141546116723104,-0.537647820613082
92.36,3.0787,3.9154,0.141543825672405,-0.537655522220278
92.37,3.079,3.9169,0.141545064603378,-0.537651357424783
92.38,3.0794,3.92,0.141547458234825,-0.537643310977369
92.39,3.0797,3.923,0.141542647034765,-0.537659484331485
92.4,3.0801,3.9239,0.14154495229631,-0.537651734956776
92.41,3.0804,3.9224,0.141543617130736,-0.537656223254611
92.42,3.0808,3.9221,0.141541007504406,-0.537664995777598
92.43,3.0811,3.9223,0.141540756173676,-0.537665840650785
92.44,3.0815,3.9207,0.141543994429735,-0.537654954925063
92.45,3.0818,3.9193,0.14153886512883,-0.53767219758285
92.46,3.0822,3.9208,0.141536141876819,-0.537681352051942
92.47,3.0824,3.9228,0.141529839950148,-0.537702536534881
92.48,3.0828,3.9241,0.141531804098352,-0.537695933883163
92.49,3.0831,3.9236,0.141527798479261,-0.537709399107736
92.5,3.0834,3.9237,0.141529766843755,-0.537702782288155
92.51,3.0837,3.9247,0.141523455046383,-0.537723999896602
92.52,3.0841,3.9238,0.141515967571801,-0.53774916956593
92.53,3.0844,3.9229,0.141528775951851,-0.537706113253681
92.54,3.0848,3.9251,0.141521262474477,-0.5377313703884
92.55,3.0851,3.9287,0.141524535856648,-0.537720366670919
92.56,3.0855,3.9313,0.141514700616208,-0.537753428518066
92.57,3.0859,3.9303,0.141516866577229,-0.537746147500423
92.58,3.0863,3.929,0.141511840004066,-0.537763044640296
92.59,3.0867,3.9291,0.141522281261748,-0.53772794566085
92.6,3.0869,3.9293,0.141513447011357,-0.537757642588646
92.61,3.0873,3.9284,0.141510572570945,-0.537767305190434
92.62,3.0875,3.9274,0.141505225466296,-0.537785279769178
92.63,3.0879,3.9278,0.141493934007391,-0.537823236483225
92.64,3.0881,3.9286,0.141489771878542,-0.537837227609915
92.65,3.0885,3.93,0.141482163919383,-0.537862801941331
92.66,3.0888,3.9326,0.141478142897571,-0.537876318667191
92.67,3.089,3.9351,0.141466892736983,-0.537914136133921
92.68,3.0894,3.9348,0.141459217846278,-0.537939935213947
92.69,3.0897,3.933,0.141455039593206,-0.537953980341952
92.7,3.0901,3.9328,0.141453203457189,-0.537960152474907
92.71,3.0905,3.9332,0.14143458610358,-0.538022734057595
92.72,3.0908,3.9326,0.141424229467066,-0.538057547321223
92.73,3.0912,3.9313,0.141417417741952,-0.538080444479377
92.74,3.0915,3.9321,0.141404609448462,-0.538123498526993
92.75,3.0919,3.934,0.141394291903444,-0.538158179959027
92.76,3.0922,3.9351,0.141386412530041,-0.538184665613241
92.77,3.0926,3.9358,0.141378433325552,-0.538211486751216
92.78,3.0929,3.9381,0.141377565231118,-0.538214404741127
92.79,3.0932,3.9391,0.141373096100562,-0.538229427143107
92.8,3.0935,3.939,0.141365063895588,-0.538256426287558
92.81,3.0938,3.9373,0.141361848528422,-0.538267234273896
92.82,3.094,3.936,0.14135972748749,-0.538274363834859
92.83,3.0942,3.9372,0.141362417989382,-0.53826532011523
92.84,3.0946,3.9393,0.141367441374746,-0.538248434729982
92.85,3.0948,3.9396,0.141365334970521,-0.538255515108173
92.86,3.0952,3.9394,0.141370322716838,-0.538238749498434
92.87,3.0955,3.9404,0.141365783835863,-0.538254006311686
92.88,3.0959,3.9417,0.141367260548439,-0.538249042552136
92.89,3.0962,3.9417,0.141366376550135,-0.53825201398722
92.9,3.0966,3.9412,0.141370206652762,-0.538239139631939
92.91,3.097,3.9402,0.141364554657091,-0.538258138019219
92.92,3.0973,3.9393,0.141367292525764,-0.538248935064867
92.93,3.0977,3.9386,0.141366547097232,-0.538251440717397
92.94,3.098,3.9395,0.141361159818916,-0.538269549268285
92.95,3.0984,3.9416,0.141372634021049,-0.538230980361806
92.96,3.0987,3.9421,0.141369774108032,-0.538240593571682
92.97,3.099,3.9397,0.141370566750784,-0.538237929211666
92.98,3.0993,3.939,0.141361853162931,-0.538267218695682
92.99,3.0995,3.9394,0.141358053107642,-0.538279992007187
93,3.0999,3.9402,0.141337634970598,-0.538348624146719
93.01,3.1001,3.9405,0.141347170290813,-0.538316572840557
93.02,3.1005,3.9415,0.141330487326925,-0.538372649614546
93.03,3.1008,3.9429,0.141323502644949,-0.538396127248811
93.04,3.1012,3.9442,0.141309425127975,-0.538443445847322
93.05,3.1017,3.9443,0.141294415967449,-0.538493895666741
93.06,3.102,3.944,0.141303413464982,-0.538463652698566
93.07,3.1024,3.9458,0.141292188236806,-0.538501383641151
93.08,3.1029,3.9469,0.141296474026,-0.538486977997673
93.09,3.1032,3.9463,0.141292378366222,-0.538500744567658
93.1,3.1036,3.9451,0.141295427396043,-0.5384904959934
93.11,3.1039,3.9461,0.141292527371767,-0.538500243721954
93.12,3.1043,3.9473,0.141283619534554,-0.538530185184472
93.13,3.1045,3.9482,0.141285507531424,-0.538523839165288
93.14,3.1047,3.9489,0.141286176599442,-0.538521590262877
93.15,3.105,3.9501,0.141291635279387,-0.538503242271881
93.16,3.1053,3.9513,0.141291091670335,-0.53850506947996
93.17,3.1056,3.9505,0.141285771830237,-0.53852295079195
93.18,3.1059,3.9486,0.141275725596456,-0.538556718587437
93.19,3.1063,3.9489,0.141270543572467,-0.538574136555371
93.2,3.1066,3.9511,0.141267821504953,-0.538583286032027
93.21,3.1069,3.9529,0.141257910077279,-0.5386166004667
93.22,3.1073,3.9535,0.141255130754431,-0.538625942342631
93.23,3.1077,3.9549,0.141255941012062,-0.538623218901129
93.24,3.108,3.9565,0.141255627549295,-0.538624272513663
93.25,3.1084,3.9563,0.141252914141723,-0.538633392826342
93.26,3.1088,3.9544,0.141256087441271,-0.538622726722531
93.27,3.1091,3.9533,0.141252032431873,-0.538636356429621
93.28,3.1095,3.9536,0.141250390673255,-0.538641874706063
93.29,3.1097,3.9532,0.141244040199219,-0.538663219874132
93.3,3.1099,3.9537,0.141244939599863,-0.538660196818491
93.31,3.1103,3.956,0.141243486744309,-0.538665080140187
93.32,3.1105,3.9591,0.141242096480854,-0.538669753075295
93.33,3.1109,3.9593,0.141239475734093,-0.538678561887317
93.34,3.1112,3.958,0.141235715147176,-0.538691201895208
93.35,3.1116,3.9568,0.141229631348672,-0.538711650592974
93.36,3.1119,3.9565,0.141220045399024,-0.53874387052183
93.37,3.1122,3.9575,0.141210620425157,-0.538775549261075
93.38,3.1125,3.9579,0.141212042495254,-0.538770769479801
93.39,3.1129,3.9591,0.141202813753826,-0.538801788551693
93.4,3.1132,3.9603,0.141191341957122,-0.538840346677246
93.41,3.1136,3.9609,0.141190645844115,-0.538842686393179
93.42,3.114,3.9607,0.141188747507846,-0.538849066916448
93.43,3.1143,3.9614,0.141201219858947,-0.538807145840128
93.44,3.1147,3.9628,0.14119702073963,-0.538821259610633
93.45,3.115,3.9627,0.141200018247335,-0.538811184611049
93.46,3.1154,3.9614,0.141185131002283,-0.538861222387574
93.47,3.1157,3.9626,0.14118702820731,-0.538854845676033
93.48,3.116,3.9649,0.141179356055926,-0.538880632576996
93.49,3.1162,3.9669,0.141176597011573,-0.538889905992908
93.5,3.1164,3.9659,0.141169155854866,-0.538914916390473
93.51,3.1168,3.9645,0.141166611296945,-0.538923468861136
93.52,3.1171,3.9634,0.141150971167459,-0.53897603643953
93.53,3.1174,3.9618,0.141150971154269,-0.538976036483861
93.54,3.1177,3.9597,0.141136691768596,-0.539024030210781
93.55,3.1181,3.9594,0.141133286306965,-0.539035476095391
93.56,3.1186,3.9624,0.141125154361116,-0.539062807806299
93.57,3.1189,3.9646,0.141124307075552,-0.539065655552919
93.58,3.1193,3.9645,0.141118672773241,-0.539084592549648
93.59,3.1196,3.9643,0.141115431681169,-0.53909548590156
93.6,3.12,3.9654,0.141119382105628,-0.539082208472482
93.61,3.1204,3.968,0.141113824673972,-0.539100887067914
93.62,3.1208,3.9691,0.141115382693957,-0.539095650548093
93.63,3.1212,3.9693,0.141107378412037,-0.539122552979207
93.64,3.1214,3.97,0.141108932496203,-0.539117329701573
93.65,3.1216,3.9695,0.141099786645198,-0.53914806886319
93.66,3.122,3.9696,0.141094239117331,-0.539166714021516
93.67,3.1222,3.9702,0.141094722545908,-0.539165089226979
93.68,3.1226,3.9714,0.141089181308043,-0.539183713205906
93.69,3.1229,3.9706,0.141090830345762,-0.539178170830739
93.7,3.1233,3.9689,0.141078168017255,-0.53922072850857
93.71,3.1236,3.9701,0.141064374237343,-0.539267088705666
93.72,3.124,3.9737,0.14105062756924,-0.539313290300478
93.73,3.1243,3.9763,0.141039317743622,-0.539351301641275
93.74,3.1247,3.9757,0.141018399595644,-0.539421605252012
93.75,3.125,3.974,0.141020212009189,-0.539415513951986
93.76,3.1254,3.9736,0.141006528596408,-0.539461502114699
93.77,3.1258,3.9751,0.14099413966346,-0.53950313947639
93.78,3.1261,3.9752,0.140981819346573,-0.539544546019141
93.79,3.1266,3.9733,0.140976668888592,-0.5395618557924
93.8,3.1269,3.9733,0.140973786532176,-0.539571542863667
93.81,3.1273,3.9751,0.140962527520121,-0.539609382228073
93.82,3.1276,3.9766,0.140958392682039,-0.539623278576039
93.83,3.1279,3.9763,0.140950693558668,-0.539649153697315
93.84,3.1282,3.9785,0.140933444783168,-0.539707122877037
93.85,3.1285,3.9793,0.140928232064308,-0.539724641548992
93.86,3.1288,3.9785,0.140922899942941,-0.53974256146465
93.87,3.1291,3.9778,0.140917529193725,-0.539760611159016
93.88,3.1294,3.9781,0.140900186473002,-0.539818895270356
93.89,3.1298,3.9798,0.140905471067357,-0.539801135247212
93.9,3.1301,3.9807,0.140889216127041,-0.539855763369082
93.91,3.1305,3.9807,0.140890873145212,-0.53985019463017
93.92,3.1308,3.9802,0.140882870394254,-0.539877089430262
93.93,3.1313,3.9811,0.140885705560216,-0.539867561314109
93.94,3.1317,3.9819,0.140892083530174,-0.539846126888531
93.95,3.1319,3.9815,0.140892442207453,-0.539844921481144
93.96,3.1322,3.9815,0.140887959460245,-0.53985998664509
93.97,3.1325,3.9822,0.140895314660513,-0.539835268016474
93.98,3.1327,3.9828,0.140884656107963,-0.539871088199933
93.99,3.1331,3.9826,0.140892958221583,-0.539843187311199
94,3.1334,3.9825,0.140895228371572,-0.539835558008235
94.01,3.1338,3.9841,0.140902111102918,-0.539812427139424
94.02,3.1341,3.9851,0.140908860384071,-0.539789744694467
94.03,3.1345,3.9837,0.140911946969052,-0.539779371525226
94.04,3.1348,3.9832,0.140923295744118,-0.539741231278029
94.05,3.1352,3.9858,0.140931036715716,-0.539715215806892
94.06,3.1356,3.988,0.140900699283503,-0.539817171861367
94.07,3.1359,3.9875,0.140900182463619,-0.53981890874474
94.08,3.1363,3.9862,0.140883028358576,-0.539876558561313
94.09,3.1366,3.9863,0.140889614039202,-0.539854426106523
94.1,3.137,3.9868,0.140873552744881,-0.539908403090439
94.11,3.1372,3.9861,0.140883675253711,-0.539874384547622
94.12,3.1376,3.9848,0.140897268399328,-0.539828702071981
94.13,3.1379,3.9844,0.140890500776444,-0.539851446049756
94.14,3.1383,3.9856,0.14088845120551,-0.539858334038641
94.15,3.1385,3.987,0.140877914832363,-0.539893743514799
94.16,3.1389,3.9888,0.140870787332996,-0.539917696738356
94.17,3.1391,3.9905,0.14086827070414,-0.539926154298413
94.18,3.1393,3.9906,0.140863287779088,-0.539942900241199
94.19,3.1397,3.9891,0.14084758517891,-0.539995671198431
94.2,3.1399,3.9884,0.140836768542982,-0.540032021937179
94.21,3.1403,3.9895,0.140825825446192,-0.540068797499731
94.22,3.1406,3.9914,0.140815999586837,-0.540101818313473
94.23,3.1409,3.992,0.140802631078712,-0.540146744349328
94.24,3.1412,3.9918,0.140808281413454,-0.540127755937487
94.25,3.1416,3.9915,0.140786280736021,-0.540201690763887
94.26,3.1419,3.9918,0.140783305021791,-0.540211690809787
94.27,3.1424,3.9915,0.140768185082764,-0.540262501979653
94.28,3.1428,3.9908,0.140760153845426,-0.540289491150685
94.29,3.1431,3.9917,0.140759180489247,-0.540292762132054
94.3,3.1435,3.9926,0.140753411847417,-0.540312147732293
94.31,3.1438,3.9929,0.140748858888264,-0.540327447981669
94.32,3.1441,3.9942,0.140745558811336,-0.540338537894111
94.33,3.1443,3.9962,0.140738641717462,-0.540361782747428
94.34,3.1446,3.9978,0.140728087931268,-0.5403972485564
94.35,3.145,3.997,0.140722254459987,-0.540416851765769
94.36,3.1452,3.995,0.140719927700104,-0.540424670761072
94.37,3.1456,3.9947,0.140717476644448,-0.540432907439879
94.38,3.1459,3.9971,0.140716109416593,-0.540437501953196
94.39,3.1463,3.9987,0.14071815913461,-0.540430613958622
94.4,3.1467,3.9991,0.140717721894462,-0.54043208328696
94.41,3.147,4,0.140725503892553,-0.540405932148619
94.42,3.1474,3.9996,0.140727198523295,-0.540400237388884
94.43,3.1478,3.9995,0.14072758748101,-0.54039893030668
94.44,3.1482,4.0013,0.140733817345857,-0.54037799498068
94.45,3.1485,4.0033,0.140724466269922,-0.540409419048811
94.46,3.149,4.005,0.140723362352888,-0.540413128727747
94.47,3.1492,4.0033,0.140710369057958,-0.540456792165512
94.48,3.1496,4.0015,0.140696204078008,-0.540504392736964
94.49,3.15,4.0009,0.140678556273426,-0.540563696744907
94.5,3.1502,4.0027,0.140675222575293,-0.540574899317214
94.51,3.1504,4.0028,0.140671862451074,-0.540586190676293
94.52,3.1508,4.0024,0.140670906453057,-0.540589403208509
94.53,3.151,4.0014,0.140668820342241,-0.540596413363223
94.54,3.1514,4.0022,0.140650046724991,-0.540659499847171
94.55,3.1517,4.0027,0.140649235726546,-0.540662225098969
94.56,3.1521,4.0036,0.140640029467364,-0.540693161437787
94.57,3.1523,4.0048,0.140636726313979,-0.540704261191469
94.58,3.1527,4.0055,0.140636900089584,-0.540703677244872
94.59,3.153,4.0049,0.140634624847264,-0.540711322848692
94.6,3.1534,4.0043,0.140628722947475,-0.540731155246858
94.61,3.1539,4.0055,0.14062163304388,-0.540754979679699
94.62,3.1542,4.0073,0.140612223280892,-0.540786599503881
94.63,3.1544,4.0077,0.14060643509825,-0.54080604959474
94.64,3.1548,4.0071,0.140600682203211,-0.540825381062384
94.65,3.155,4.0078,0.140594952876067,-0.540844633289278
94.66,3.1554,4.0103,0.140583233198919,-0.540884014715359
94.67,3.1556,4.0116,0.140576283888656,-0.540907366271342
94.68,3.156,4.0113,0.140580102142923,-0.540894535915889
94.69,3.1563,4.0108,0.140570798861504,-0.540925797394149
94.7,3.1566,4.0099,0.140574619685984,-0.54091295843107
94.71,3.1569,4.0081,0.140570020235237,-0.540928413778252
94.72,3.1573,4.0085,0.140569001774954,-0.540931836064942
94.73,3.1576,4.0109,0.140575128437847,-0.540911248891089
94.74,3.158,4.0128,0.140565770544601,-0.540942693814764
94.75,3.1583,4.0126,0.140575500845327,-0.540909997503845
94.76,3.1587,4.0104,0.140566044410153,-0.54094177355792
94.77,3.159,4.0093,0.140557820140684,-0.540969409117804
94.78,3.1594,4.0109,0.140543687988802,-0.541016896391209
94.79,3.1598,4.0143,0.140542649835603,-0.541020384813303
94.8,3.1601,4.0154,0.140536815300041,-0.541039990102783
94.81,3.1605,4.0148,0.140538192727426,-0.541035361655915
94.82,3.1608,4.0152,0.140527626405461,-0.541070866661747
94.83,3.1611,4.0171,0.14053375967515,-0.541050257638273
94.84,3.1613,4.0186,0.140524411152219,-0.541081670540498
94.85,3.1616,4.0177,0.14051752547737,-0.541104807704495
94.86,3.1619,4.0168,0.140510642380662,-0.541127936139922
94.87,3.1622,4.0166,0.140508601994148,-0.541134792190779
94.88,3.1625,4.0161,0.140500648424781,-0.541161517501667
94.89,3.1628,4.0159,0.140502222980135,-0.541156226741735
94.9,3.1632,4.0173,0.140496643146894,-0.541174975865878
94.91,3.1635,4.0197,0.140494752370514,-0.541181329164452
94.92,3.1639,4.0207,0.140482222801108,-0.54122343031404
94.93,3.1644,4.0197,0.14049351766036,-0.541185477977234
94.94,3.1647,4.0184,0.140492706799182,-0.541188202592231
94.95,3.1651,4.018,0.140489472978126,-0.541199068706256
94.96,3.1655,4.0189,0.140480299434065,-0.541229893083838
94.97,3.1659,4.0198,0.14047478095099,-0.54124843589462
94.98,3.1662,4.0204,0.140454964187081,-0.541315022415355
94.99,3.1665,4.0203,0.140449573950221,-0.541333134114033
95,3.1668,4.0198,0.140429957127952,-0.541399048127622
95.01,3.1671,4.0209,0.140419930637401,-0.541432737692322
95.02,3.1673,4.0233,0.140426501488834,-0.54141065928254
95.03,3.1677,4.0252,0.140418714830587,-0.541436822861242
95.04,3.1679,4.0234,0.140432348301124,-0.541391013632529
95.05,3.1683,4.0214,0.140420866782764,-0.541429592197833
95.06,3.1686,4.0202,0.140430833112563,-0.54139610476411
95.07,3.169,4.0202,0.140428720790331,-0.541403202298158
95.08,3.1693,4.021,0.140433722477377,-0.541386396308679
95.09,3.1697,4.0211,0.140436192176333,-0.541378097948925
95.1,3.17,4.0217,0.140438568040997,-0.54137011487094
95.11,3.1703,4.0242,0.140438571203523,-0.541370104244616
95.12,3.1706,4.0267,0.140434938577845,-0.54138231012783
95.13,3.171,4.0284,0.140407542435588,-0.541474362545942
95.14,3.1713,4.0288,0.140406656027531,-0.541477340904333
95.15,3.1717,4.0277,0.140386856054906,-0.541543869139417
95.16,3.172,4.0264,0.140375575812966,-0.541581770696262
95.17,3.1723,4.0255,0.140357363011378,-0.541642965247674
95.18,3.1725,4.0264,0.140347662713375,-0.541675557815731
95.19,3.1729,4.0301,0.140336885549136,-0.541711768453665
95.2,3.1731,4.0323,0.140342972079759,-0.541691318088517
95.21,3.1735,4.0318,0.140343186984872,-0.541690596019739
95.22,3.1738,4.0298,0.140346898232991,-0.541678126430146
95.23,3.1742,4.0288,0.140342235604565,-0.541693792602185
95.24,3.1745,4.0286,0.140329299750449,-0.541737256194747
95.25,3.1749,4.029,0.140324866208633,-0.541752152541338
95.26,3.1752,4.0304,0.140323968717006,-0.541755168038253
95.27,3.1757,4.0322,0.140334949706046,-0.541718272755563
95.28,3.176,4.0331,0.140319658548923,-0.541769649827541
95.29,3.1764,4.0324,0.140299801261906,-0.541836368250312
95.3,3.1768,4.0326,0.14028610838772,-0.54188237456835
95.31,3.1771,4.0343,0.140264337201851,-0.541955522453755
95.32,3.1775,4.0356,0.140260533870293,-0.541968301004201
95.33,3.1777,4.0333,0.140274512733572,-0.541921334290705
95.34,3.1781,4.0321,0.140277732576055,-0.541910516103879
95.35,3.1783,4.0341,0.140282133555456,-0.541895729451332
95.36,3.1786,4.037,0.140282898663164,-0.54189315879766
95.37,3.179,4.038,0.140304970761198,-0.541818999321889
95.38,3.1794,4.0357,0.140312584300184,-0.54179341863137
95.39,3.1797,4.0338,0.140328435828558,-0.54174015890547
95.4,3.1799,4.0349,0.140342942746721,-0.541691416645827
95.41,3.1804,4.0354,0.140355043316898,-0.541650759329363
95.42,3.1808,4.0354,0.140323244549284,-0.541757601180508
95.43,3.1811,4.0362,0.140332119476669,-0.541727782125595
95.44,3.1815,4.0377,0.140274633910741,-0.541920927153891
95.45,3.1818,4.0388,0.140264141822128,-0.541956178897052
95.46,3.1822,4.0399,0.140211251287805,-0.542133880333181
95.47,3.1827,4.0406,0.140195726448627,-0.542186039900394
95.48,3.183,4.0403,0.140146103708498,-0.542352757630772
95.49,3.1834,4.039,0.140136217950452,-0.542385970447296
95.5,3.1836,4.0383,0.140124153277581,-0.542426503500479
95.51,3.184,4.0401,0.14013720167419,-0.542382665473005
95.52,3.1842,4.0434,0.140126428298394,-0.542418860246922
95.53,3.1844,4.045,0.140171546777866,-0.542267276868059
95.54,3.1848,4.0443,0.140177137848815,-0.542248492496797
95.55,3.185,4.0436,0.140220595861312,-0.54210248474843
95.56,3.1854,4.0436,0.140212556252836,-0.542129495962678
95.57,3.1856,4.0423,0.140238971918831,-0.542040745134343
95.58,3.186,4.0413,0.140239131177683,-0.542040210056698
95.59,3.1863,4.0416,0.140239352593633,-0.542039466143676
95.6,3.1867,4.0419,0.14022892167913,-0.542074511843173
95.61,3.187,4.0415,0.140237774280696,-0.542044768955969
95.62,3.1874,4.0417,0.140234662723828,-0.54205522314772
95.63,3.1877,4.0431,0.140230523002559,-0.542069131739852
95.64,3.1881,4.0467,0.140225266746964,-0.542086791618169
95.65,3.1884,4.0477,0.140201134667363,-0.542167869679228
95.66,3.1888,4.0472,0.140189013762369,-0.542208592740002
95.67,3.189,4.0461,0.140168764046139,-0.542276626020716
95.68,3.1894,4.0464,0.140162951563711,-0.542296154201927
95.69,3.1896,4.0467,0.140164392584563,-0.542291312812495
95.7,3.19,4.0475,0.140150352566381,-0.542338482858208
95.71,3.1902,4.0494,0.140147166452817,-0.542349187159856
95.72,3.1906,4.0507,0.14013803716254,-0.542379858517716
95.73,3.1908,4.0505,0.14013133432562,-0.542402377731576
95.74,3.1912,4.0492,0.140122212850538,-0.542433022633384
95.75,3.1915,4.0496,0.140122772683141,-0.542431141798895
95.76,3.192,4.0502,0.140117382500281,-0.542449250840228
95.77,3.1923,4.0493,0.140119155618945,-0.542443293815003
95.78,3.1927,4.0478,0.140116117105095,-0.542453502099034
95.79,3.193,4.0473,0.140115480096592,-0.54245564221066
95.8,3.1934,4.0492,0.140105238558673,-0.542490049891543
95.81,3.1938,4.0507,0.140106910450768,-0.542484432978469
95.82,3.1941,4.0512,0.140089484930818,-0.542542975819756
95.83,3.1945,4.0519,0.140089992914674,-0.542541269201254
95.84,3.1948,4.0541,0.140079772387154,-0.542575605935169
95.85,3.1952,4.0554,0.140088648597908,-0.542545785556337
95.86,3.1954,4.0561,0.140079686456918,-0.542575894624513
95.87,3.1958,4.0571,0.140083919059276,-0.542561674853917
95.88,3.196,4.0574,0.140073801577036,-0.542595665314184
95.89,3.1964,4.0568,0.140066160253225,-0.542621336835826
95.9,3.1967,4.056,0.140042955997941,-0.542699292537703
95.91,3.1971,4.056,0.140032918222825,-0.542733014647831
95.92,3.1974,4.057,0.140023987990383,-0.542763015828677
95.93,3.1978,4.0579,0.140015070967947,-0.542792972520404
95.94,3.1981,4.0575,0.14000968981117,-0.542811050436165
95.95,3.1985,4.057,0.139995948115435,-0.542857215275944
95.96,3.199,4.0593,0.139991801083928,-0.542871147060207
95.97,3.1993,4.0622,0.139980509115585,-0.54290908184967
95.98,3.1997,4.0648,0.139984703488496,-0.542894991089218
95.99,3.2,4.0661,0.139981734214005,-0.542904966202782
96,3.2004,4.065,0.139972777475367,-0.542935055797423
96.01,3.2006,4.0627,0.139962747060552,-0.542968752207356
96.02,3.201,4.0598,0.139957541294818,-0.542986240523589
96.03,3.2012,4.0594,0.139951132310285,-0.54300777089705
96.04,3.2015,4.0622,0.139947128681568,-0.543021220677798
96.05,3.2019,4.0643,0.139931159392036,-0.543074867650439
96.06,3.2021,4.0633,0.139925942175062,-0.543092394208248
96.07,3.2025,4.061,0.139932601348807,-0.543070023578694
96.08,3.2028,4.0609,0.139934372667116,-0.543064073054506
96.09,3.2032,4.0614,0.139930091495227,-0.543078455113109
96.1,3.2036,4.0626,0.139922130626913,-0.543105198581767
96.11,3.2039,4.0615,0.139926075753523,-0.543091945469355
96.12,3.2043,4.0609,0.139907284005885,-0.543155073578465
96.13,3.2046,4.0628,0.139895566141203,-0.543194437772299
96.14,3.205,4.0654,0.139893369511404,-0.543201816959207
96.15,3.2052,4.0666,0.139882775525487,-0.543237405475969
96.16,3.2056,4.0661,0.139876973494086,-0.543256896250908
96.17,3.2059,4.0656,0.139872295970701,-0.543272609430082
96.18,3.2062,4.066,0.139869905318358,-0.543280640323971
96.19,3.2065,4.0667,0.13985902421012,-0.543317193019433
96.2,3.2067,4.0692,0.139857670736302,-0.543321739706283
96.21,3.2071,4.0708,0.139860943266536,-0.543310746382392
96.22,3.2073,4.0695,0.139859314327009,-0.543316218437529
96.23,3.2076,4.0676,0.139867146302424,-0.543289908648073
96.24,3.2079,4.0674,0.139853487202912,-0.543335793317318
96.25,3.2083,4.0682,0.139845719584986,-0.543361886765698
96.26,3.2086,4.0681,0.139840273055264,-0.543380183025515
96.27,3.209,4.0682,0.139838432133619,-0.54338636713392
96.28,3.2093,4.0701,0.139830629244766,-0.543412578903932
96.29,3.2097,4.0724,0.139820369496556,-0.543447043724092
96.3,3.21,4.0733,0.13981124610716,-0.543477691135151
96.31,3.2104,4.0726,0.139812737275978,-0.543472681988881
96.32,3.2108,4.0725,0.139798501070246,-0.543520504240107
96.33,3.2111,4.0737,0.139791450261668,-0.54354418920706
96.34,3.2115,4.0735,0.139776084031918,-0.543595806969926
96.35,3.2118,4.0705,0.139766711321438,-0.543627291328308
96.36,3.2121,4.0697,0.139763254467452,-0.54363890339535
96.37,3.2123,4.074,0.139756173887168,-0.543662688025835
96.38,3.2126,4.078,0.139750240090615,-0.543682620400699
96.39,3.213,4.0779,0.139742998683561,-0.543706945139068
96.4,3.2132,4.0762,0.13973805232481,-0.543723560498465
96.41,3.2136,4.0756,0.139734257964122,-0.543736306147603
96.42,3.2139,4.0768,0.139724404999238,-0.543769403180561
96.43,3.2143,4.0782,0.139716940024269,-0.543794478642123
96.44,3.2147,4.0779,0.13970465608705,-0.543835741224417
96.45,3.215,4.077,0.139685212110076,-0.543901054441857
96.46,3.2154,4.0771,0.139675349758587,-0.543934182336632
96.47,3.2157,4.0774,0.139642932582617,-0.544043071525373
96.48,3.2161,4.0789,0.139639172872967,-0.544055700283871
96.49,3.2164,4.0809,0.139625877753225,-0.544100358058776
96.5,3.2168,4.0819,0.139628090041625,-0.54409292708756
96.51,3.2171,4.0804,0.139630207324617,-0.544085815228644
96.52,3.2175,4.0795,0.139628602727801,-0.544091204998183
96.53,3.2177,4.0812,0.139636325159627,-0.544065265659524
96.54,3.218,4.0832,0.139642573819234,-0.544044276602285
96.55,3.2183,4.0832,0.139641388095759,-0.544048259415462
96.56,3.2187,4.0828,0.139632841820622,-0.544076966065687
96.57,3.2189,4.0839,0.13962427650786,-0.544105736561363
96.58,3.2194,4.0836,0.139619228736904,-0.54412269174674
96.59,3.2196,4.0815,0.139606997001688,-0.544163777327403
96.6,3.2201,4.0797,0.139575925607009,-0.544268143134571
96.61,3.2203,4.081,0.139565339057002,-0.544303702026545
96.62,3.2208,4.0823,0.139544208342779,-0.544374676978791
96.63,3.2211,4.0825,0.139525609740617,-0.544437146429491
96.64,3.2215,4.0831,0.139516744837959,-0.544466921918295
96.65,3.2219,4.0855,0.139508026117115,-0.544496206304793
96.66,3.2222,4.0882,0.139512375691671,-0.544481596993383
96.67,3.2224,4.088,0.139527180474844,-0.544431870626515
96.68,3.2227,4.086,0.13954170972005,-0.544383069443184
96.69,3.223,4.085,0.139548936434096,-0.544358796071055
96.7,3.2233,4.0852,0.139556076028006,-0.544334815250595
96.71,3.2236,4.0848,0.139577429274204,-0.544263092492736
96.72,3.224,4.0854,0.139589095613126,-0.544223906521746
96.73,3.2243,4.0885,0.13954975191129,-0.544356057009565
96.74,3.2247,4.0909,0.139528680963195,-0.544426830763138
96.75,3.225,4.0909,0.139522087985702,-0.544448975334258
96.76,3.2254,4.0903,0.13951664852705,-0.544467245407362
96.77,3.2257,4.0892,0.139514680933412,-0.544473854157816
96.78,3.2261,4.0885,0.139509211486251,-0.544492224900328
96.79,3.2265,4.0882,0.139491919175005,-0.544550305927588
96.8,3.2268,4.0887,0.139569755115418,-0.544288869059742
96.81,3.2272,4.092,0.139569593867299,-0.54428941067171
96.82,3.2275,4.0953,0.139664226474203,-0.543971545576425
96.83,3.2279,4.0945,0.139687768721365,-0.543892466696196
96.84,3.2282,4.0925,0.139778556273004,-0.543587502316303
96.85,3.2286,4.0917,0.139803058164706,-0.543505196082427
96.86,3.2289,4.0921,0.139886546566149,-0.54322473738707
96.87,3.2292,4.0928,0.139874230993705,-0.54326610912137
96.88,3.2294,4.0925,0.13985729953647,-0.543322986667084
96.89,3.2298,4.0931,0.13983938642758,-0.543383161426471
96.9,3.23,4.0955,0.139801481388539,-0.543510492780398
96.91,3.2304,4.097,0.139679955454331,-0.543918711701752
96.92,3.2306,4.0963,0.139655979778334,-0.543999246212019
96.93,3.2309,4.0947,0.139593194980699,-0.544210137144655
96.94,3.2313,4.0949,0.139591764848095,-0.544214940823656
96.95,3.2317,4.0956,0.13952985098331,-0.5444229008794
96.96,3.2319,4.0943,0.139565666414965,-0.544302602474579
96.97,3.2322,4.0941,0.139541616368119,-0.544383382996859
96.98,3.2326,4.0952,0.139555616566917,-0.544336358513303
96.99,3.233,4.0973,0.13955163772595,-0.544349722846917
97,3.2334,4.0988,0.139577313305613,-0.54426348201775
97.01,3.2338,4.0992,0.139603703659707,-0.544174839407561
97.02,3.234,4.0992,0.139611870777235,-0.54414740666603
97.03,3.2344,4.0983,0.139629259659722,-0.544088998393426
97.04,3.2346,4.0986,0.139630972828711,-0.544083243933088
97.05,3.235,4.1002,0.139622039916035,-0.544113249154797
97.06,3.2352,4.1024,0.139590620117211,-0.544218785863466
97.07,3.2355,4.1027,0.139594024408384,-0.544207351174885
97.08,3.2358,4.1012,0.139574809210969,-0.544271892975973
97.09,3.2361,4.1012,0.139583069110932,-0.544244148914473
97.1,3.2365,4.1011,0.13958297355173,-0.544244469887468
97.11,3.2368,4.1004,0.13958172766033,-0.544248654700397
97.12,3.2372,4.0986,0.139575709385468,-0.544268869397122
97.13,3.2376,4.0973,0.139579324773769,-0.54425672572745
97.14,3.2379,4.1006,0.139559146731893,-0.544324501197128
97.15,3.2383,4.1043,0.139552171092418,-0.544347931349739
97.16,3.2386,4.1065,0.139547683314601,-0.544363005103408
97.17,3.239,4.1073,0.139554001793704,-0.544341782298421
97.18,3.2393,4.1078,0.139542425937132,-0.544380663788227
97.19,3.2397,4.1078,0.139539303926754,-0.544391150100567
97.2,3.2399,4.1062,0.139531489932506,-0.544417395945399
97.21,3.2402,4.1044,0.139529658850154,-0.544423546219687
97.22,3.2405,4.1045,0.139527887616947,-0.544429495467118
97.23,3.2407,4.106,0.139524965716222,-0.544439309586192
97.24,3.2411,4.1079,0.139530335725075,-0.544421272719848
97.25,3.2415,4.1089,0.139530939478116,-0.544419244822578
97.26,3.2418,4.1106,0.139516000903611,-0.544469420644554
97.27,3.2422,4.1121,0.139533344353587,-0.54441116727582
97.28,3.2426,4.1117,0.139520774466544,-0.544453387190832
97.29,3.243,4.1106,0.139518968284747,-0.544459453801943
97.3,3.2433,4.1097,0.139511318980444,-0.544485146267835
97.31,3.2437,4.1088,0.139512093957721,-0.544482543279602
97.32,3.244,4.1087,0.139501052092116,-0.544519630541879
97.33,3.2444,4.1096,0.139506803813937,-0.544500311760869
97.34,3.2448,4.1116,0.139495938923742,-0.544536804522532
97.35,3.2451,4.1131,0.139503086817862,-0.544512796346439
97.36,3.2455,4.1119,0.139496114993953,-0.544536213142962
97.37,3.2457,4.1099,0.139496356332072,-0.544535402543342
97.38,3.2461,4.1104,0.139479867389164,-0.544590784951244
97.39,3.2463,4.1117,0.139478948690211,-0.544593870629825
97.4,3.2466,4.1117,0.139474535937648,-0.544608691938895
97.41,3.247,4.1131,0.139480922422855,-0.544587241357151
97.42,3.2474,4.1152,0.139480171199961,-0.54458976452698
97.43,3.2477,4.1166,0.139468842383937,-0.544627815092208
97.44,3.2481,4.117,0.139463609914863,-0.544645389543679
97.45,3.2484,4.1168,0.139450176757862,-0.544690507719412
97.46,3.2488,4.1166,0.139442766392776,-0.544715396933499
97.47,3.2491,4.117,0.139442593506437,-0.544715977606424
97.48,3.2495,4.1174,0.13943408279509,-0.54474456246093
97.49,3.25,4.1172,0.139438852797991,-0.544728541504702
97.5,3.2503,4.1179,0.139437682111963,-0.544732473477888
97.51,3.2507,4.1192,0.139437809772445,-0.544732044705805
97.52,3.251,4.1193,0.139426127650545,-0.544771281247384
97.53,3.2514,4.1194,0.139420628775869,-0.544789750157748
97.54,3.2516,4.119,0.139421142241314,-0.544788025598068
97.55,3.2518,4.1203,0.139424125561827,-0.544778005609341
97.56,3.2521,4.1209,0.139410405000182,-0.544824088344573
97.57,3.2524,4.1212,0.13941227779287,-0.544817798281422
97.58,3.2527,4.1228,0.139404553105474,-0.544843742804464
97.59,3.253,4.1246,0.139407672617668,-0.544833265464065
97.6,3.2533,4.1236,0.139393039340943,-0.544882413359209
97.61,3.2536,4.1209,0.139389245537739,-0.54489515532662
97.62,3.254,4.1212,0.139380758368009,-0.544923660486502
97.63,3.2543,4.1216,0.139368882360412,-0.544963547290688
97.64,3.2547,4.1223,0.139359511683987,-0.544995019542517
97.65,3.255,4.1225,0.139370400837915,-0.54495844733725
97.66,3.2554,4.1233,0.13936572218821,-0.544974161024202
97.67,3.2557,4.1251,0.139374095189194,-0.544946039488159
97.68,3.2561,4.1255,0.139365624448743,-0.544974489291112
97.69,3.2564,4.1246,0.139372575587866,-0.544951143223825
97.7,3.2568,4.1245,0.139378285225018,-0.544931966810008
97.71,3.257,4.1261,0.139369599444571,-0.544961138894637
97.72,3.2574,4.1256,0.139375326950478,-0.544941902490222
97.73,3.2577,4.125,0.139373937120189,-0.544946570379142
97.74,3.258,4.1253,0.139352342627547,-0.545019097375501
97.75,3.2583,4.1268,0.139342890445618,-0.545050843154249
97.76,3.2587,4.1279,0.139357279905324,-0.545002515152147
97.77,3.259,4.1287,0.139353682426887,-0.545014597560733
97.78,3.2594,4.13,0.139327479197974,-0.545102602584933
97.79,3.2597,4.1311,0.139321690746386,-0.545122043298554
97.8,3.2601,4.1308,0.139324272154619,-0.545113373555994
97.81,3.2605,4.1288,0.139320862747928,-0.545124824156048
97.82,3.2608,4.1275,0.139322032137749,-0.54512089672521
97.83,3.2612,4.1293,0.139345721160539,-0.545041336023743
97.84,3.2615,4.1311,0.139339398689947,-0.545062570415595
97.85,3.2619,4.13,0.13937102128375,-0.544956363509037
97.86,3.2622,4.1289,0.139369044260487,-0.54496300353379
97.87,3.2625,4.1315,0.1393696257668,-0.544961050488889
97.88,3.2628,4.1338,0.139366745993165,-0.544970722481143
97.89,3.2631,4.1334,0.139336663663047,-0.545071756148271
97.9,3.2633,4.1334,0.13933048428386,-0.545092509882431
97.91,3.2636,4.1345,0.139330341149295,-0.545092990605943
97.92,3.264,4.1344,0.139345608940506,-0.54504171292185
97.93,3.2644,4.1324,0.139369023165908,-0.544963074381957
97.94,3.2647,4.1311,0.139365966993814,-0.544973338822211
97.95,3.2651,4.1307,0.139354552369564,-0.545011675792844
97.96,3.2654,4.1328,0.139384596252103,-0.544910770512748
97.97,3.2658,4.1348,0.139383491397768,-0.544914481294796
97.98,3.2661,4.1358,0.139414414349889,-0.544810622319154
97.99,3.2665,4.1368,0.139427050546329,-0.544768181540075
98,3.2668,4.1375,0.139444057789149,-0.544711059522323
98.01,3.2673,4.1362,0.139440677046355,-0.544722414413491
98.02,3.2677,4.135,0.139433787484203,-0.544745554317322
98.03,3.2679,4.1358,0.139413897198013,-0.544812359255521
98.04,3.2682,4.1378,0.139404760295383,-0.544843046927105
98.05,3.2685,4.1386,0.139374328123608,-0.544945257153946
98.06,3.2688,4.1388,0.139357182733725,-0.545002841510685
98.07,3.2692,4.1395,0.139317543419156,-0.545135972211138
98.08,3.2695,4.1404,0.139287680797122,-0.545236265946924
98.09,3.2698,4.1405,0.139327856161957,-0.545101336536832
98.1,3.2701,4.1403,0.139342593471123,-0.545051840560751
98.11,3.2705,4.1413,0.139374785352073,-0.544943721504857
98.12,3.2708,4.143,0.139386511898985,-0.544904336585445
98.13,3.2712,4.1439,0.139373155604155,-0.544949195180484
98.14,3.2716,4.1437,0.139387127132019,-0.544902270251241
98.15,3.272,4.144,0.139367517244748,-0.544968132160848
98.16,3.2723,4.1468,0.139333845413596,-0.545081221377475
98.17,3.2726,4.1482,0.139321761815565,-0.545121804610552
98.18,3.273,4.1478,0.139190143843246,-0.545563835611766
98.19,3.2733,4.1469,0.139148756444356,-0.545702827741155
98.2,3.2736,4.1463,0.139018982407216,-0.546138635139513
98.21,3.2739,4.1465,0.138993722385033,-0.5462234606847
98.22,3.2742,4.1451,0.13887888341298,-0.546609089707343
98.23,3.2744,4.1448,0.138884993702598,-0.546588571826805
98.24,3.2746,4.1455,0.138838828110747,-0.546743591040771
98.25,3.275,4.1457,0.138812061567754,-0.546833468935471
98.26,3.2752,4.1463,0.138835434738343,-0.54675498551312
98.27,3.2756,4.1482,0.138952091503536,-0.546363259201122
98.28,3.2759,4.1503,0.138995166652007,-0.546218610723274
98.29,3.2763,4.1501,0.139060150952314,-0.546000385379477
98.3,3.2766,4.1479,0.139094784541281,-0.545884079106835
98.31,3.277,4.1464,0.139153923896491,-0.545685473912619
98.32,3.2773,4.1482,0.139117517449205,-0.545807736715842
98.33,3.2777,4.1508,0.139150154419681,-0.545698132931287
98.34,3.278,4.152,0.139163344442614,-0.545653836844966
98.35,3.2784,4.1525,0.139178615155098,-0.545602552873561
98.36,3.2788,4.1535,0.13918996438937,-0.545564438280416
98.37,3.2791,4.1536,0.139173824292937,-0.545618642166583
98.38,3.2793,4.1536,0.139135224132629,-0.545748273060792
98.39,3.2796,4.1531,0.139136098303521,-0.545745337356018
98.4,3.2799,4.1535,0.139121391119652,-0.545794727958515
98.41,3.2802,4.1531,0.139143458337458,-0.545720620308615
98.42,3.2805,4.151,0.139138008752297,-0.545738921543209
98.43,3.2809,4.1511,0.139155185856267,-0.545681235873838
98.44,3.2812,4.1537,0.139137572493022,-0.545740386622373
98.45,3.2816,4.1574,0.139124725420563,-0.545783530522823
98.46,3.2819,4.1589,0.139117747840583,-0.545806963004367
98.47,3.2823,4.1569,0.139105971051349,-0.545846512294011
98.48,3.2827,4.155,0.139095362093148,-0.545882139562204
98.49,3.283,4.1545,0.139101382325279,-0.545861922287504
98.5,3.2834,4.1545,0.139090615590479,-0.545898079335567
98.51,3.2837,4.1546,0.139076223980332,-0.54594640925697
98.52,3.2841,4.1564,0.139052122626903,-0.54602734580827
98.53,3.2844,4.1583,0.139045929920623,-0.546048141867184
98.54,3.2848,4.1599,0.139032482506908,-0.546093300165565
98.55,3.285,4.161,0.139024974585911,-0.546118512706965
98.56,3.2852,4.1607,0.139010290782034,-0.546167822538964
98.57,3.2856,4.1601,0.138995675716972,-0.546216901242631
98.58,3.2858,4.1577,0.138979981200857,-0.546269604511448
98.59,3.2862,4.1566,0.138973922962394,-0.546289948403493
98.6,3.2865,4.158,0.138961898340681,-0.546330327582599
98.61,3.2869,4.1612,0.13894861010851,-0.546374949785743
98.62,3.2873,4.1631,0.138947183411838,-0.54637974065297
98.63,3.2876,4.1634,0.138944525142149,-0.54638866715198
98.64,3.2881,4.1647,0.138940687455832,-0.546401554127846
98.65,3.2884,4.166,0.138952259852261,-0.546362693882768
98.66,3.2888,4.1655,0.138932652190091,-0.546428536537095
98.67,3.2891,4.1641,0.138934439230241,-0.5464225356669
98.68,3.2895,4.1643,0.138921814075108,-0.546464930768225
98.69,3.2897,4.1655,0.138917480496817,-0.546479482815138
98.7,3.2901,4.1658,0.138926300736642,-0.546449864644294
98.71,3.2903,4.1652,0.138932693892442,-0.546428396500901
98.72,3.2906,4.1665,0.138935398900228,-0.54641931309897
98.73,3.2909,4.1687,0.1389380695618,-0.546410345021533
98.74,3.2913,4.1698,0.138947851393514,-0.546377497561579
98.75,3.2916,4.1679,0.138933711872612,-0.546424978130025
98.76,3.2919,4.167,0.138933874994855,-0.546424430366446
98.77,3.2922,4.1673,0.138926873937348,-0.546447939845243
98.78,3.2926,4.1681,0.138932959298614,-0.546427505268815
98.79,3.2929,4.1674,0.138934249842171,-0.546423171631121
98.8,3.2933,4.1664,0.138934208121546,-0.546423311728773
98.81,3.2937,4.1669,0.138923325328694,-0.546459856010588
98.82,3.2941,4.1678,0.138930360537428,-0.54643623188665
98.83,3.2945,4.1692,0.138922977017573,-0.546461025632258
98.84,3.2948,4.1704,0.138925043612902,-0.54645408604466
98.85,3.2952,4.1715,0.138922342399676,-0.546463156665839
98.86,3.2955,4.1722,0.13892195298211,-0.546464464321575
98.87,3.2959,4.172,0.13890716398127,-0.546514125310487
98.88,3.2962,4.1722,0.138906693273919,-0.546515705925661
98.89,3.2966,4.1729,0.138914494302962,-0.546489510363903
98.9,3.2968,4.1734,0.138894882811338,-0.546555364854257
98.91,3.2971,4.1727,0.138882474087653,-0.546597032505407
98.92,3.2973,4.173,0.138886796016392,-0.546582519786453
98.93,3.2976,4.1753,0.138878012984184,-0.546612012535804
98.94,3.2979,4.1761,0.138889485063287,-0.546573490151658
98.95,3.2982,4.1755,0.138890145136957,-0.54657127366808
98.96,3.2985,4.1747,0.138891934103678,-0.546565266433528
98.97,3.2988,4.1741,0.138891255818111,-0.546567544073118
98.98,3.2992,4.175,0.138901306802956,-0.546533793443246
98.99,3.2995,4.1752,0.138894603392976,-0.546556303124476
99,3.2999,4.1731,0.138884272039874,-0.54659099511717
99.01,3.3004,4.1728,0.138871670006926,-0.546633311701275
99.02,3.3007,4.1743,0.13886148298446,-0.546667518719604
99.03,3.3011,4.1767,0.13886087216397,-0.546669569790105
99.04,3.3014,4.178,0.138864999901305,-0.546655709275353
99.05,3.3018,4.1783,0.138865414159888,-0.546654318236607
99.06,3.302,4.1783,0.138848988977333,-0.546709472169512
99.07,3.3024,4.1785,0.138833845017777,-0.546760323568101
99.08,3.3026,4.1795,0.138828278346001,-0.546779015630653
99.09,3.303,4.1813,0.138822728513908,-0.546797651105419
99.1,3.3032,4.1831,0.138830232475889,-0.546772453955667
99.11,3.3035,4.184,0.138809218441879,-0.546843015652494
99.12,3.3039,4.1844,0.138796774839728,-0.546884798950205
99.13,3.3043,4.1864,0.13879390938528,-0.54689442058209
99.14,3.3046,4.1858,0.138775577555611,-0.546955974988544
99.15,3.305,4.1826,0.138768025787185,-0.546981332094543
99.16,3.3053,4.1798,0.138732050418741,-0.547102128047428
99.17,3.3057,4.1797,0.138721302118355,-0.547138217704441
99.18,3.306,4.1813,0.138664236776671,-0.547329823800846
99.19,3.3064,4.1822,0.138637333647126,-0.547420153840831
99.2,3.3067,4.1839,0.138642693279292,-0.547402158401247
99.21,3.3071,4.1865,0.138610037802614,-0.547511801440164
99.22,3.3073,4.1878,0.138601465290918,-0.547540584001555
99.23,3.3077,4.1864,0.138615462285939,-0.547493588461351
99.24,3.3079,4.1849,0.138638839861402,-0.547415096597036
99.25,3.3083,4.184,0.138629914989512,-0.547445062575212
99.26,3.3086,4.184,0.138624664169965,-0.547462692574503
99.27,3.309,4.1847,0.138640730470034,-0.547408748711741
99.28,3.3093,4.1856,0.138621034338991,-0.547474879967355
99.29,3.3097,4.1873,0.138630015249393,-0.547444725945173
99.3,3.31,4.1891,0.138622313699223,-0.547470584434501
99.31,3.3104,4.1894,0.13862896779901,-0.54744824283736
99.32,3.3107,4.1896,0.138585798144052,-0.547593186830703
99.33,3.3112,4.1908,0.138595330939922,-0.547561180275588
99.34,3.3116,4.1922,0.138557377614182,-0.547688608590123
99.35,3.3119,4.1923,0.138525722710592,-0.547794888426642
99.36,3.3124,4.1919,0.138570177346425,-0.547645633703594
99.37,3.3126,4.1934,0.13857381740414,-0.547633412229482
99.38,3.3129,4.1951,0.13861536123333,-0.547493927751001
99.39,3.3132,4.1962,0.138619630192914,-0.547479594473969
99.4,3.3135,4.1947,0.138609775802296,-0.547512681118533
99.41,3.3138,4.1928,0.138667662380474,-0.547318321910015
99.42,3.3141,4.1913,0.138665683524209,-0.547324966168026
99.43,3.3144,4.1923,0.138657754439409,-0.547351589010085
99.44,3.3148,4.1938,0.138613160875527,-0.547501315568891
99.45,3.3151,4.1953,0.138571473693105,-0.547641281228718
99.46,3.3155,4.1966,0.138568149822115,-0.547652441097576
99.47,3.3158,4.1974,0.138481924273056,-0.547941937319763
99.48,3.3162,4.1971,0.138499875452995,-0.547881668340908
99.49,3.3167,4.1971,0.138516485413667,-0.547825901951811
99.5,3.317,4.1974,0.138519913030075,-0.547814394002941
99.51,3.3174,4.1968,0.138521993489521,-0.547807409018273
99.52,3.3177,4.1942,0.138563197503732,-0.547669068436534
99.53,3.3181,4.1923,0.138557847847801,-0.54768702979263
99.54,3.3184,4.1944,0.138671232753969,-0.547306333919688
99.55,3.3187,4.197,0.138663688344642,-0.547331665228089
99.56,3.319,4.1984,0.138700060477253,-0.547209540468932
99.57,3.3192,4.2005,0.138693294831379,-0.547232257253614
99.58,3.3195,4.2013,0.138777884655058,-0.546948228262138
99.59,3.3197,4.1993,0.138739196845577,-0.547078132342664
99.6,3.32,4.1973,0.138785141594907,-0.546923861025511
99.61,3.3203,4.1971,0.138796275816447,-0.546886474572952
99.62,3.3205,4.1987,0.138783639368734,-0.546928905182515
99.63,3.3209,4.2002,0.138710841238844,-0.547173342132763
99.64,3.3213,4.2016,0.138666255852159,-0.547323044505731
99.65,3.3216,4.2025,0.138580825385682,-0.54760988291778
99.66,3.322,4.2042,0.13858420253416,-0.547598544110952
99.67,3.3223,4.2037,0.138541463551466,-0.54774203947344
99.68,3.3228,4.2015,0.138589312989388,-0.547581385680943
99.69,3.3231,4.2,0.138548890348153,-0.547717104318823
99.7,3.3235,4.2023,0.138581109361726,-0.54760892946623
99.71,3.3239,4.2049,0.138628330676695,-0.54745038202195
99.72,3.3241,4.2065,0.138597898999229,-0.547552557943013
99.73,3.3244,4.2064,0.138609389338815,-0.547513978687646
99.74,3.3248,4.2069,0.13857446065495,-0.54763125251646
99.75,3.325,4.2069,0.138536417284498,-0.547758982057111
99.76,3.3254,4.2051,0.138533126650659,-0.547770030173248
99.77,3.3257,4.204,0.138508491256621,-0.547852741633806
99.78,3.326,4.2045,0.138511422610426,-0.547842899880442
99.79,3.3263,4.2063,0.138491906977337,-0.547908421617222
99.8,3.3267,4.2079,0.138474862153523,-0.547965647434881
99.81,3.327,4.2092,0.138459204774156,-0.548018214731512
99.82,3.3274,4.2099,0.138465165328301,-0.547998203107246
99.83,3.3277,4.2093,0.138466353155355,-0.547994215158634
99.84,3.3281,4.2081,0.1384640043592,-0.548002100882488
99.85,3.3285,4.209,0.138469877045488,-0.547982384222178
99.86,3.3288,4.2092,0.138474386326465,-0.547967244957659
99.87,3.3292,4.2086,0.138480050611509,-0.547948227892751
99.88,3.3295,4.2079,0.138484570431819,-0.54793305318039
99.89,3.3298,4.2086,0.138492697624219,-0.547905767111621
99.9,3.3301,4.2114,0.138496004046268,-0.547894666172064
99.91,3.3303,4.2148,0.138489774472193,-0.547915581252676
99.92,3.3307,4.2145,0.138485975232061,-0.547928336739445
99.93,3.3311,4.2115,0.138479837141078,-0.547948944591429
99.94,3.3313,4.2099,0.138468959529738,-0.547985464646353
99.95,3.3316,4.211,0.138477169586052,-0.547957900548534
99.96,3.332,4.2124,0.138486609984525,-0.547926205636616
99.97,3.3324,4.2129,0.138478128842203,-0.547954679976196
99.98,3.3328,4.2144,0.138469640804031,-0.547983177368232
99.99,3.3332,4.2165,0.138473041593588,-0.547971759708477
100,3.3335,4.2178,0.138469373393082,-0.547984075161194
100.01,3.3339,4.2165,0.138459775431749,-0.548016298840407
100.02,3.3342,4.2151,0.13846099525227,-0.548012203487648
100.03,3.3346,4.2145,0.138458649350435,-0.548020079476911
100.04,3.3348,4.2144,0.138447935681997,-0.548056048804213
100.05,3.3351,4.214,0.138444457763432,-0.548067725292684
100.06,3.3353,4.215,0.138436272252752,-0.548095206612334
100.07,3.3357,4.2189,0.138425739904779,-0.548130566862682
100.08,3.336,4.2212,0.138418856856247,-0.548153675237759
100.09,3.3362,4.2224,0.138421528645475,-0.548144705280069
100.1,3.3366,4.2215,0.13841337070854,-0.548172093767831
100.11,3.337,4.2191,0.138398061015244,-0.548223492464196
100.12,3.3373,4.2181,0.138384039965658,-0.54827056455823
100.13,3.3377,4.2176,0.138365240567352,-0.548333678311974
100.14,3.338,4.2191,0.138356066117519,-0.548364478799646
100.15,3.3384,4.2224,0.138353978825469,-0.548371486245903
100.16,3.3387,4.2242,0.138342317604678,-0.548410635126329
100.17,3.3391,4.2241,0.138329455318604,-0.548453815987797
100.18,3.3394,4.2236,0.138313097517988,-0.548508731550467
100.19,3.3398,4.2239,0.138315786832733,-0.548499703147403
100.2,3.3401,4.2241,0.138301815622653,-0.548546606330982
100.21,3.3405,4.2238,0.138309186734694,-0.548521860575252
100.22,3.3409,4.2236,0.138305795279903,-0.5485332461274
100.23,3.3412,4.2254,0.138310629456419,-0.548517017167105
100.24,3.3414,4.228,0.138304614976867,-0.548537208553543
100.25,3.3417,4.2289,0.138303290872556,-0.548541653736412
100.26,3.3419,4.2285,0.138318665539163,-0.548490038919083
100.27,3.3423,4.2282,0.138306506660133,-0.548530857933323
100.28,3.3426,4.2283,0.138296770818374,-0.548563542333973
100.29,3.3429,4.2268,0.138294181428811,-0.548572235206503
100.3,3.3432,4.2253,0.138292707755217,-0.548577182490671
100.31,3.3436,4.2254,0.138281672206193,-0.548614229945913
100.32,3.3439,4.226,0.138271813330568,-0.548647327047193
100.33,3.3443,4.2263,0.138275089564349,-0.548636328460886
100.34,3.3446,4.227,0.138279556708995,-0.548621331864956
100.35,3.345,4.2283,0.138269590637718,-0.548654788801489
100.36,3.3453,4.2286,0.138266686515061,-0.548664538158834
100.37,3.3457,4.2276,0.138254185476415,-0.548706504949205
100.38,3.3462,4.2282,0.138242858911403,-0.548744528769729
100.39,3.3465,4.2307,0.138231570623404,-0.548782423916216
100.4,3.3469,4.2331,0.138223817423658,-0.548808451555607
100.41,3.3471,4.2343,0.138195868780281,-0.548902274995394
100.42,3.3473,4.2327,0.13819417451656,-0.548907962594569
100.43,3.3477,4.233,0.138168686013533,-0.548993526356842
100.44,3.3479,4.2348,0.138175268568301,-0.548971429101445
100.45,3.3483,4.2348,0.138156816186303,-0.549033372528672
100.46,3.3486,4.2327,0.13816460617848,-0.549007222096963
100.47,3.3489,4.2319,0.138177003516838,-0.54896560496965
100.48,3.3492,4.2346,0.1381558686674,-0.549036553274333
100.49,3.3496,4.2365,0.138171642854592,-0.548983600419932
100.5,3.3499,4.2367,0.13818236432637,-0.548947608985249
100.51,3.3503,4.236,0.138190597624289,-0.548919970115722
100.52,3.3505,4.2346,0.138227150220506,-0.548797263303208
100.53,3.3509,4.2328,0.13822392964324,-0.548808074832924
100.54,3.3512,4.2309,0.138230114679703,-0.548787311553315
100.55,3.3516,4.2318,0.138239682798629,-0.548755191100425
100.56,3.352,4.2358,0.138264510564487,-0.548671842980306
100.57,3.3522,4.2391,0.138271199207776,-0.548649388706272
100.58,3.3525,4.2389,0.138276500907361,-0.548631590461729
100.59,3.3528,4.2376,0.138250658723158,-0.548718344447576
100.6,3.3531,4.2379,0.138240280885886,-0.548753183299949
100.61,3.3535,4.2392,0.138241782891547,-0.548748141010637
100.62,3.3538,4.2401,0.138245465183334,-0.548735779405883
100.63,3.3542,4.24,0.138272800401555,-0.548644013370251
100.64,3.3545,4.2383,0.138270071850833,-0.548653173331883
100.65,3.3549,4.2369,0.138325496901528,-0.548467105014879
100.66,3.3554,4.2386,0.138306697468195,-0.548530217366227
100.67,3.3557,4.2425,0.13834015882844,-0.548417882517841
100.68,3.3561,4.2441,0.13834471422093,-0.54840258925652
100.69,3.3566,4.2417,0.13833836539467,-0.548423903385534
100.7,3.3569,4.2384,0.13832599727381,-0.548465425187831
100.71,3.3571,4.2386,0.138306628318287,-0.548530449511331
100.72,3.3575,4.2423,0.138206845066135,-0.548865427793693
100.73,3.3577,4.2452,0.138193499355427,-0.548910229091799
100.74,3.3581,4.2467,0.13814830293087,-0.549061950806187
100.75,3.3583,4.2473,0.138139301958031,-0.549092166200885
100.76,3.3587,4.2483,0.138144644047528,-0.549074233336951
100.77,3.359,4.2482,0.138142670190383,-0.549080859383958
100.78,3.3594,4.2465,0.138148844968945,-0.549060131233255
100.79,3.3597,4.246,0.13819747171871,-0.548896893969196
100.8,3.36,4.2461,0.138207539424772,-0.548863096838165
100.81,3.3603,4.246,0.13828968099984,-0.548587343631622
100.82,3.3607,4.2458,0.138247365045557,-0.548729401483056
100.83,3.361,4.2467,0.13823740836798,-0.54876282644157
100.84,3.3615,4.2492,0.138220192113251,-0.548820621763291
100.85,3.3619,4.2496,0.138095262851194,-0.549239999607601
100.86,3.3622,4.2486,0.138093639201917,-0.549245449930435
100.87,3.3626,4.2466,0.137950959583861,-0.549724387661012
100.88,3.3629,4.2475,0.137988838505019,-0.549597240884618
100.89,3.3633,4.2504,0.137992963547359,-0.549583394387645
100.9,3.3635,4.2507,0.137903208659414,-0.549884668603559
100.91,3.3639,4.2506,0.137893913398361,-0.549915868747638
100.92,3.3641,4.2505,0.137869215942593,-0.549998766773489
100.93,3.3643,4.2514,0.137883880337612,-0.549949545230174
100.94,3.3646,4.2518,0.137954093565025,-0.5497138680173
100.95,3.3649,4.2507,0.137984248219708,-0.549612649031369
100.96,3.3653,4.2507,0.138058883446876,-0.549362118394856
100.97,3.3655,4.2519,0.138002195190958,-0.549552406517517
100.98,3.3659,4.2531,0.138064649295831,-0.549342763651108
100.99,3.3662,4.2537,0.138084904138776,-0.54927477203425
101,3.3666,4.2551,0.138067149437177,-0.549334371187528
101.01,3.3669,4.2569,0.138111133274628,-0.549186725021951
101.02,3.3673,4.2571,0.138151040846699,-0.549052759865537
101.03,3.3677,4.2549,0.138176333412224,-0.548967854476397
101.04,3.368,4.2533,0.138131484866265,-0.54911840733062
101.05,3.3684,4.2537,0.138172783110589,-0.548979772646171
101.06,3.3687,4.2536,0.138195729447243,-0.548902742732921
101.07,3.369,4.2534,0.138214840248549,-0.548838587999927
101.08,3.3693,4.2562,0.138212216733938,-0.548847395137182
101.09,3.3695,4.259,0.138220131948485,-0.548820823736931
101.1,3.3699,4.2598,0.138225379646199,-0.548803207151427
101.11,3.3701,4.2609,0.138228072879225,-0.5487941659204
101.12,3.3705,4.263,0.138231805817214,-0.548781634364812
101.13,3.3708,4.2622,0.138217612959399,-0.548829280000641
101.14,3.3712,4.2612,0.138217607593897,-0.548829298012661
101.15,3.3715,4.2591,0.138207918167243,-0.548861825402911
101.16,3.3719,4.2591,0.138191029193649,-0.548918521351132
101.17,3.3723,4.2618,0.138174233172716,-0.548974904868466
101.18,3.3726,4.2636,0.138160007355121,-0.549022660019415
101.19,3.3731,4.2633,0.138142402601291,-0.549081757654174
101.2,3.3734,4.2632,0.138128523933082,-0.549128346840337
101.21,3.3738,4.2636,0.138118284006998,-0.549162720992727
101.22,3.3741,4.2634,0.13810922141466,-0.549193142862058
101.23,3.3745,4.2633,0.13808708694122,-0.549267444751943
101.24,3.3749,4.2633,0.138072245423827,-0.549317264975014
101.25,3.3751,4.2633,0.138043226616604,-0.549414674853584
101.26,3.3754,4.2635,0.138029708633228,-0.54946005141192
101.27,3.3757,4.2627,0.13801616377342,-0.549505517934777
101.28,3.376,4.2635,0.138007416302688,-0.549534880752855
101.29,3.3764,4.2661,0.137996380007787,-0.549571926364179
101.3,3.3767,4.2682,0.137980679285466,-0.549624628803115
101.31,3.3771,4.268,0.137976912318447,-0.549637273288528
101.32,3.3775,4.2665,0.137960087311955,-0.549693749134237
101.33,3.3778,4.265,0.13795041798903,-0.549726205598022
101.34,3.3783,4.2656,0.137938437545709,-0.549766419488525
101.35,3.3786,4.2657,0.137936068303644,-0.54977437212911
101.36,3.379,4.2653,0.137933766011828,-0.54978210003586
101.37,3.3793,4.2651,0.13793398854341,-0.549781353083381
101.38,3.3796,4.2654,0.137922332353738,-0.549820478313224
101.39,3.3799,4.2655,0.13792151848416,-0.549823210145283
101.4,3.3803,4.2686,0.137932701481164,-0.549785673252749
101.41,3.3805,4.2725,0.137921169808914,-0.549824380507235
101.42,3.3809,4.2723,0.137912026141889,-0.549855072043881
101.43,3.3812,4.2706,0.137901598588673,-0.549890072918531
101.44,3.3816,4.2694,0.137899503633498,-0.549897104776641
101.45,3.3819,4.2709,0.1378984950556,-0.549900490134108
101.46,3.3823,4.2725,0.137904625142629,-0.549879914075685
101.47,3.3826,4.2716,0.137898786945632,-0.54989951038633
101.48,3.383,4.2707,0.137897670743656,-0.549903256989844
101.49,3.3834,4.2717,0.137904905338526,-0.54987897357766
101.5,3.3837,4.2743,0.137902609585284,-0.549886679438163
101.51,3.3841,4.2755,0.137895636818753,-0.54991008398479
101.52,3.3844,4.2757,0.137903029138214,-0.549885271179192
101.53,3.3847,4.2761,0.137906806824964,-0.549872591096468
101.54,3.385,4.2764,0.13790467126108,-0.54987975927574
101.55,3.3854,4.2768,0.137895527729916,-0.549910450148067
101.56,3.3856,4.2766,0.13789243584998,-0.54992082822322
101.57,3.386,4.2765,0.137892968373212,-0.549919040778905
101.58,3.3863,4.2771,0.13788986418929,-0.549929460142109
101.59,3.3865,4.278,0.137872514517193,-0.549987695020935
101.6,3.3868,4.2793,0.137865919196005,-0.550009832375265
101.61,3.3871,4.2807,0.137855819013414,-0.550043733764848
101.62,3.3874,4.2812,0.137843308371173,-0.550085725697214
101.63,3.3877,4.2805,0.137827340787425,-0.550139320529249
101.64,3.3881,4.2781,0.137816209301761,-0.550176682899712
101.65,3.3883,4.2771,0.137817073271376,-0.550173783027615
101.66,3.3887,4.2776,0.137809614756267,-0.550198817137759
101.67,3.389,4.2783,0.137798652170574,-0.550235612335458
101.68,3.3894,4.28,0.137784153820436,-0.55028427483909
101.69,3.3897,4.2831,0.137770932685133,-0.550328650224614
101.7,3.3901,4.2848,0.137756714645396,-0.550376371348385
101.71,3.3904,4.283,0.137759381535235,-0.550367420277766
101.72,3.3908,4.2811,0.137763309385597,-0.550354236938454
101.73,3.3911,4.2815,0.137751881452559,-0.550392593309649
101.74,3.3915,4.2847,0.13773948751844,-0.550434191734052
101.75,3.3919,4.2861,0.137734341153742,-0.550451464691008
101.76,3.3921,4.2855,0.137731684108694,-0.550460382627023
101.77,3.3923,4.2857,0.137760023732299,-0.550365264824962
101.78,3.3927,4.287,0.137759708795264,-0.550366321871153
101.79,3.393,4.2886,0.137770056905765,-0.550331589679776
101.8,3.3933,4.2882,0.137754041610428,-0.55038534303448
101.81,3.3936,4.2853,0.13776902813296,-0.550335042638887
101.82,3.394,4.2844,0.137749408560906,-0.550400893225187
101.83,3.3943,4.286,0.137741889928369,-0.5504261284136
101.84,3.3947,4.2871,0.137721527307056,-0.550494472176421
101.85,3.3949,4.2879,0.13770271205406,-0.550557621945173
101.86,3.3953,4.2893,0.137653193156931,-0.550723820239481
101.87,3.3957,4.2905,0.137653990613325,-0.550721143795291
101.88,3.396,4.29,0.137600354254575,-0.550901157601388
101.89,3.3965,4.29,0.137563834564185,-0.551023722345269
101.9,3.3967,4.2901,0.137557404794412,-0.551045301282992
101.91,3.397,4.2893,0.137549832932833,-0.551070713119608
101.92,3.3974,4.2888,0.137530399401751,-0.55113593340512
101.93,3.3976,4.29,0.137519516778962,-0.551172456018392
101.94,3.398,4.2906,0.137489639781785,-0.55127272383875
101.95,3.3983,4.2915,0.13749316662677,-0.551260887738188
101.96,3.3987,4.291,0.137477598502611,-0.551313134272292
101.97,3.3991,4.291,0.137451332808678,-0.551401281029964
101.98,3.3994,4.2926,0.137430036449254,-0.551472750174349
101.99,3.3998,4.2922,0.137398080431772,-0.551579991237023
102,3.4001,4.2912,0.13736752402828,-0.551682534022809
102.01,3.4005,4.2914,0.137310979625105,-0.55187228530573
102.02,3.4009,4.294,0.137286831766042,-0.551953319164859
102.03,3.4013,4.2969,0.137245012107538,-0.552093653027793
102.04,3.4017,4.298,0.137247255103746,-0.552086126286259
102.05,3.4019,4.2978,0.13725281315065,-0.552067475318666
102.06,3.4021,4.2972,0.137272839583146,-0.552000272879541
102.07,3.4025,4.2957,0.137267724408677,-0.552017437856628
102.08,3.4028,4.2944,0.137352875369042,-0.551731692306848
102.09,3.4031,4.2928,0.137339582585113,-0.551776300259192
102.1,3.4034,4.2936,0.137264947206908,-0.552026757289944
102.11,3.4038,4.2953,0.13723367395795,-0.552131699941461
102.12,3.4041,4.2968,0.137202441291379,-0.552236505064773
102.13,3.4044,4.2984,0.137188065942471,-0.552284742895545
102.14,3.4048,4.3006,0.137193912149966,-0.552265125432692
102.15,3.4052,4.3017,0.137182994316714,-0.552301761143114
102.16,3.4055,4.3016,0.137202854868697,-0.552235117263094
102.17,3.4059,4.3007,0.137155920086203,-0.552392610297581
102.18,3.4063,4.301,0.13715210406701,-0.552405415090492
102.19,3.4066,4.3009,0.137116448896291,-0.552525056357565
102.2,3.407,4.3011,0.137143015366557,-0.55243591247858
102.21,3.4072,4.3018,0.137282902044667,-0.551966506199319
102.22,3.4076,4.3034,0.137289500952004,-0.551944362118883
102.23,3.4079,4.3047,0.137427602806727,-0.551480917274502
102.24,3.4081,4.3045,0.137441746764846,-0.551433451223327
102.25,3.4085,4.3024,0.137461518672375,-0.551367097737791
102.26,3.4087,4.3013,0.13744538590391,-0.551421238503855
102.27,3.409,4.3032,0.137471914987109,-0.551332208033889
102.28,3.4093,4.3046,0.137500389080288,-0.551236649112596
102.29,3.4096,4.3033,0.137495116707349,-0.551254343255534
102.3,3.4099,4.3033,0.137450713064728,-0.551403360857664
102.31,3.4102,4.3047,0.137434044514515,-0.551459299425764
102.32,3.4105,4.3057,0.137406885014637,-0.551550444115645
102.33,3.4109,4.3057,0.137441561949288,-0.55143407145211
102.34,3.4112,4.3051,0.137393990982384,-0.551593714901037
102.35,3.4116,4.3044,0.137449965555932,-0.551405869456674
102.36,3.412,4.3043,0.13742095023976,-0.55150324268942
102.37,3.4124,4.305,0.137283069211104,-0.551965945236429
102.38,3.4127,4.3065,0.137286463234837,-0.551954555852347
102.39,3.4131,4.3072,0.137217227909219,-0.552186886884992
102.4,3.4135,4.3076,0.137236277356978,-0.552122963849263
102.41,3.4138,4.3084,0.137162333478869,-0.552371089877078
102.42,3.4142,4.3106,0.137130473822715,-0.552477995791862
102.43,3.4144,4.312,0.137085713441896,-0.552628188061345
102.44,3.4148,4.3123,0.137025777827118,-0.552829296095699
102.45,3.415,4.3109,0.137028061361774,-0.552821634011589
102.46,3.4152,4.3098,0.137036021786391,-0.552794923853589
102.47,3.4156,4.3098,0.137043915596643,-0.552768437124981
102.48,3.4159,4.3104,0.137096776961177,-0.552591064973368
102.49,3.4163,4.3097,0.137081614967721,-0.552641940244457
102.5,3.4165,4.3096,0.137080776684907,-0.552644753049066
102.51,3.417,4.3117,0.137076266014963,-0.552659888298227
102.52,3.4172,4.3134,0.137069323093807,-0.552683184747621
102.53,3.4177,4.3133,0.137067142785903,-0.552690500592973
102.54,3.4181,4.3131,0.137076902597535,-0.552657752289986
102.55,3.4184,4.3136,0.137071108781207,-0.552677193014301
102.56,3.4187,4.3145,0.137055814418591,-0.552728511899983
102.57,3.4191,4.3138,0.137053582035228,-0.552736002438594
102.58,3.4194,4.312,0.137044021849052,-0.552768080607249
102.59,3.4197,4.3118,0.137030835828529,-0.552812324663166
102.6,3.42,4.3141,0.13703426169069,-0.55280082963079
102.61,3.4203,4.3168,0.137037576314488,-0.552789707828776
102.62,3.4205,4.3188,0.137040871692553,-0.552778650588362
102.63,3.4209,4.3212,0.137044093417298,-0.552767840468222
102.64,3.4212,4.3216,0.137046039352538,-0.552761311103442
102.65,3.4216,4.3195,0.137038423528826,-0.55278686510551
102.66,3.422,4.3178,0.137034404491318,-0.552800350481611
102.67,3.4223,4.3171,0.137032743712242,-0.552805923010917
102.68,3.4227,4.3174,0.137020288285562,-0.552847715462267
102.69,3.4231,4.3176,0.137011476911993,-0.552877280671089
102.7,3.4235,4.3193,0.136999044050528,-0.552918997043322
102.71,3.4238,4.3207,0.136997240205776,-0.552925049522797
102.72,3.4241,4.3224,0.136988210780417,-0.552955346082323
102.73,3.4244,4.3218,0.136974317725569,-0.553001961427429
102.74,3.4247,4.3199,0.136977129852309,-0.552992525924498
102.75,3.425,4.32,0.136964261389752,-0.553035703269024
102.76,3.4254,4.3216,0.136959660942142,-0.553051139021122
102.77,3.4256,4.3224,0.136952725690956,-0.5530744086186
102.78,3.426,4.3233,0.136955410179338,-0.553065401459694
102.79,3.4263,4.3247,0.136942505773972,-0.553108699015471
102.8,3.4267,4.3265,0.136939111015537,-0.553120089253601
102.81,3.427,4.3266,0.136922610875287,-0.553175451000648
102.82,3.4274,4.3268,0.136913352372687,-0.553206515231389
102.83,3.4277,4.3267,0.136902812479082,-0.553241878655493
102.84,3.4281,4.3263,0.136892350354668,-0.553276980997009
102.85,3.4286,4.3266,0.136898609136655,-0.553255981656512
102.86,3.4289,4.3265,0.136890498762275,-0.553283193412516
102.87,3.4293,4.3274,0.136890719416985,-0.553282453077718
102.88,3.4295,4.3292,0.136882623302894,-0.553309616899846
102.89,3.4299,4.3305,0.136869708544476,-0.553352947895537
102.9,3.4302,4.3311,0.136860402686264,-0.553384170334751
102.91,3.4306,4.3315,0.136859484183735,-0.55338725203108
102.92,3.4309,4.3316,0.136858648358745,-0.55339005633242
102.93,3.4312,4.3308,0.136825549177823,-0.553501107606148
102.94,3.4315,4.3302,0.136806722991432,-0.553564270790169
102.95,3.4318,4.3289,0.136804553270802,-0.553571550324587
102.96,3.4321,4.3294,0.136805924181661,-0.553566950842514
102.97,3.4325,4.3295,0.136804894866014,-0.553570404253922
102.98,3.4327,4.3291,0.136815793886096,-0.553533837359431
102.99,3.4331,4.3298,0.136806462770129,-0.553565143847579
103,3.4334,4.3325,0.136818714144213,-0.553524039682842
103.01,3.4338,4.3332,0.136815445874085,-0.553535004964041
103.02,3.4341,4.3338,0.136791769318337,-0.553614441070293
103.03,3.4345,4.3339,0.136781283067599,-0.553649622753184
103.04,3.4348,4.3349,0.136770583071272,-0.553685521402487
103.05,3.4352,4.3356,0.136768172796549,-0.553693607888792
103.06,3.4355,4.336,0.136752485635509,-0.553746238213311
103.07,3.4359,4.3352,0.136736674655545,-0.553799283605959
103.08,3.4362,4.337,0.136723166294871,-0.55384460350249
103.09,3.4365,4.3393,0.136709465350714,-0.553890569250122
103.1,3.4368,4.3409,0.136684970568179,-0.553972746955288
103.11,3.4371,4.3422,0.136680743534556,-0.553986928174116
103.12,3.4373,4.3415,0.136662149212182,-0.554049309725982
103.13,3.4377,4.3398,0.136672428564967,-0.554014823882959
103.14,3.438,4.3379,0.136672065264979,-0.554016042707932
103.15,3.4382,4.3369,0.136681393807727,-0.553984746582917
103.16,3.4386,4.3384,0.136691948547435,-0.553949336571637
103.17,3.439,4.3403,0.136719229322397,-0.553857811807291
103.18,3.4392,4.3411,0.136732091834925,-0.553814658775642
103.19,3.4397,4.3409,0.136772128376441,-0.553680336890064
103.2,3.44,4.3417,0.13678319399201,-0.553643211556294
103.21,3.4404,4.3424,0.13677034170497,-0.553686331188257
103.22,3.4407,4.3416,0.136757363609826,-0.553729872677186
103.23,3.4411,4.3403,0.13674203042504,-0.553781315188715
103.24,3.4414,4.3402,0.136761299505702,-0.553716667777223
103.25,3.4418,4.3411,0.136764986772921,-0.553704297005076
103.26,3.442,4.341,0.13672342375549,-0.553843739736922
103.27,3.4424,4.3407,0.13670929949355,-0.553891125688182
103.28,3.4426,4.3415,0.13669056054303,-0.553953993185219
103.29,3.443,4.3424,0.136716168509759,-0.553868080633998
103.3,3.4433,4.3414,0.136723917249283,-0.553842084093379
103.31,3.4436,4.3416,0.136762745214647,-0.553711817429623
103.32,3.4439,4.3431,0.136766741660778,-0.553698409354187
103.33,3.4443,4.3459,0.136752520124987,-0.553746122501706
103.34,3.4446,4.347,0.136752448921738,-0.553746361387376
103.35,3.445,4.3454,0.13676755904536,-0.553695667026471
103.36,3.4455,4.3446,0.136749073072269,-0.553757687296095
103.37,3.4458,4.346,0.136685236475891,-0.553971854864219
103.38,3.4462,4.3474,0.136649004636296,-0.554093407793911
103.39,3.4465,4.3478,0.136529834236013,-0.554493195621249
103.4,3.4469,4.3484,0.136450743366638,-0.554758515514371
103.41,3.4471,4.3491,0.136413758600111,-0.554882582428604
103.42,3.4475,4.3479,0.136432121210461,-0.554820984535895
103.43,3.4478,4.347,0.136385034708332,-0.554978936598339
103.44,3.4482,4.348,0.136385621812618,-0.554976967170964
103.45,3.4484,4.3481,0.136379665804652,-0.55499694643608
103.46,3.4489,4.347,0.136483784617629,-0.554647675688659
103.47,3.4492,4.3463,0.136504236510866,-0.554579067232649
103.48,3.4496,4.3475,0.136604761407652,-0.554241835396049
103.49,3.4499,4.3493,0.136612120962902,-0.554217145677699
103.5,3.4503,4.3506,0.136607821290271,-0.554231570159809
103.51,3.4506,4.3507,0.136579756880997,-0.554325719624296
103.52,3.451,4.3511,0.136600669860869,-0.554255561619498
103.53,3.4514,4.3525,0.136529403781729,-0.554494639655595
103.54,3.4516,4.3536,0.136502468137964,-0.554584999485428
103.55,3.4519,4.3525,0.136419334439609,-0.554863878167412
103.56,3.4523,4.3521,0.136393807023925,-0.554949510024644
103.57,3.4527,4.3535,0.136223583994758,-0.555520501136975
103.58,3.453,4.3544,0.136218818607699,-0.555536485435783
103.59,3.4532,4.354,0.136278067647311,-0.555337747127563
103.6,3.4535,4.3527,0.136221782800669,-0.555526542795654
103.61,3.4538,4.3534,0.136170993452144,-0.55569690122189
103.62,3.4541,4.3556,0.136153921479846,-0.555754163499119
103.63,3.4543,4.3565,0.136159723541992,-0.555734702448254
103.64,3.4547,4.3564,0.13615724557555,-0.55574301395246
103.65,3.455,4.3571,0.1361410045693,-0.555797488730632
103.66,3.4554,4.3593,0.136200992576934,-0.555596278118997
103.67,3.4556,4.3603,0.136231032396184,-0.555495517274906
103.68,3.456,4.3607,0.136236001897339,-0.555478848242006
103.69,3.4563,4.361,0.136180546102537,-0.555664859844371
103.7,3.4567,4.3608,0.136295323277365,-0.555279865874307
103.71,3.457,4.3607,0.136301005041853,-0.555260807213497
103.72,3.4574,4.3617,0.136348163202962,-0.555102620234212
103.73,3.4577,4.3636,0.136390078448816,-0.554962017475253
103.74,3.4581,4.3634,0.136414913355476,-0.55487870878297
103.75,3.4584,4.3626,0.136478634189794,-0.55466495335764
103.76,3.4588,4.3624,0.136513144519636,-0.554549184013023
103.77,3.4591,4.3627,0.136511620162627,-0.554554297699552
103.78,3.4594,4.3626,0.136507672903571,-0.554567539363172
103.79,3.4597,4.3612,0.13649071173985,-0.554624437847883
103.8,3.46,4.361,0.136473949359909,-0.554680669095999
103.81,3.4603,4.363,0.136475091154146,-0.554676838833885
103.82,3.4607,4.364,0.136482250786183,-0.554652821096487
103.83,3.461,4.3643,0.136444316488167,-0.554780074876909
103.84,3.4614,4.3645,0.136404545453223,-0.554913488013648
103.85,3.4617,4.3643,0.136407805941246,-0.554902550690304
103.86,3.462,4.3644,0.136373200814876,-0.555018633011307
103.87,3.4623,4.3658,0.13635088037254,-0.555093505687646
103.88,3.4627,4.3667,0.136343075795587,-0.555119685542683
103.89,3.463,4.3679,0.136381721272137,-0.554990051432392
103.9,3.4635,4.3695,0.136375037554815,-0.555012471739236
103.91,3.4637,4.3689,0.136393472544033,-0.554950632033326
103.92,3.4642,4.3694,0.136376131963433,-0.555008800586246
103.93,3.4645,4.3708,0.136355543938028,-0.555077862074654
103.94,3.4647,4.3706,0.136330473303515,-0.555161959458774
103.95,3.465,4.369,0.136328339287557,-0.555169117799971
103.96,3.4654,4.3677,0.136309744090776,-0.555231493245383
103.97,3.4656,4.3678,0.136305713385048,-0.555245013720507
103.98,3.466,4.3691,0.136280349153401,-0.555330094203571
103.99,3.4663,4.3706,0.136268329062469,-0.55537041347271
104,3.4667,4.3711,0.136252967005222,-0.555421942486688
104.01,3.4671,4.3717,0.136265273880694,-0.555380661507869
104.02,3.4673,4.3716,0.136273991245541,-0.555351420705846
104.03,3.4676,4.3697,0.136269627503053,-0.555366058093018
104.04,3.468,4.3684,0.136273679767875,-0.555352465502373
104.05,3.4685,4.3704,0.136269520276967,-0.555366417763254
104.06,3.4687,4.3722,0.136269064550714,-0.555367946413197
104.07,3.4691,4.3725,0.136254284495911,-0.555417523234826
104.08,3.4694,4.3722,0.136244274295761,-0.555451100334807
104.09,3.4697,4.3726,0.136227226968249,-0.555508281672582
104.1,3.4699,4.3758,0.136226961203254,-0.555509173116936
104.11,3.4702,4.3782,0.136223088200349,-0.555522164156757
104.12,3.4706,4.3764,0.136230039643175,-0.555498847229313
104.13,3.471,4.3729,0.1362263128317,-0.555511347921981
104.14,3.4713,4.3721,0.136225019143094,-0.555515687284754
104.15,3.4717,4.3743,0.136233276106932,-0.555487991274579
104.16,3.472,4.3776,0.136241528343898,-0.555460311025609
104.17,3.4725,4.3782,0.136250843665941,-0.555429064787067
104.18,3.4728,4.3773,0.136252862531705,-0.555422292921537
104.19,3.4732,4.3753,0.136257193655553,-0.555407765047963
104.2,3.4735,4.375,0.136262662395193,-0.555389421236751
104.21,3.4739,4.3771,0.136251281896507,-0.55542759483421
104.22,3.4743,4.3794,0.136237534307292,-0.555473708123255
104.23,3.4746,4.3793,0.136224962955169,-0.555515875753388
104.24,3.4748,4.3775,0.136228034378231,-0.555505573410613
104.25,3.4752,4.3763,0.136231081426561,-0.555495352814104
104.26,3.4756,4.3782,0.1362364490892,-0.555477348239508
104.27,3.4758,4.38,0.136244151896929,-0.555451510894956
104.28,3.476,4.3803,0.136248268730535,-0.555437701864459
104.29,3.4763,4.379,0.136251181566735,-0.555427931369487
104.3,3.4766,4.3787,0.136256460386959,-0.55541022465006
104.31,3.4769,4.3794,0.136260344616046,-0.55539719577594
104.32,3.4772,4.3801,0.136259340617169,-0.555400563492531
104.33,3.4776,4.3822,0.136272658834738,-0.555355890040367
104.34,3.4779,4.3852,0.13627533242067,-0.555346921970482
104.35,3.4783,4.3875,0.136292316052035,-0.555289953160619
104.36,3.4786,4.3862,0.136273525637817,-0.555352982504233
104.37,3.479,4.3835,0.13627866889349,-0.55533573035025
104.38,3.4793,4.3824,0.136267165399264,-0.555374316764544
104.39,3.4797,4.3825,0.136260486253727,-0.555396720680112
104.4,3.48,4.3837,0.136253838962713,-0.55541901768468
104.41,3.4804,4.3838,0.136255542758434,-0.555413302649445
104.42,3.4807,4.3845,0.136259580775261,-0.555399757929613
104.43,3.4811,4.3876,0.136264823178786,-0.55538217330193
104.44,3.4813,4.39,0.136254663109511,-0.555416253252843
104.45,3.4817,4.3895,0.136277990419983,-0.555338006173368
104.46,3.4819,4.3885,0.13627748929688,-0.55533968710454
104.47,3.4822,4.3863,0.136291650981517,-0.555292184038231
104.48,3.4825,4.3853,0.136278501081431,-0.555336293247105
104.49,3.4829,4.3862,0.136304744299704,-0.555248264387191
104.5,3.4831,4.3889,0.13629392180087,-0.555284566918552
104.51,3.4835,4.3912,0.136290197601748,-0.555297059176868
104.52,3.4838,4.3916,0.136275704835386,-0.555345672770574
104.53,3.4842,4.3904,0.136229086381221,-0.55550204471907
104.54,3.4845,4.3904,0.136217010021416,-0.555542551877844
104.55,3.4849,4.3912,0.136164497287199,-0.555718690503197
104.56,3.4852,4.3914,0.136163430867493,-0.555722267457141
104.57,3.4856,4.3904,0.136161246050101,-0.555729595703163
104.58,3.4859,4.3911,0.136161425981142,-0.555728992184353
104.59,3.4863,4.3933,0.136161677655174,-0.555728148027476
104.6,3.4867,4.3948,0.136190922409853,-0.55563005562475
104.61,3.4869,4.3944,0.136202383408497,-0.555591612959872
104.62,3.4872,4.3935,0.136246099965453,-0.555444976522125
104.63,3.4875,4.3925,0.136256470791866,-0.555410189748896
104.64,3.4878,4.3924,0.136282417226619,-0.555323157197631
104.65,3.4882,4.3937,0.136277485667489,-0.555339699278704
104.66,3.4885,4.3955,0.136257122276951,-0.555408004473167
104.67,3.4889,4.3968,0.136211679063958,-0.555560433190659
104.68,3.4892,4.3978,0.136178177714248,-0.555672803873749
104.69,3.4896,4.397,0.136157855085922,-0.555740969555897
104.7,3.4901,4.3983,0.136145880514858,-0.555781134113934
104.71,3.4904,4.3999,0.136109995151535,-0.555901497972295
104.72,3.4908,4.3995,0.136132271342672,-0.555826781136116
104.73,3.4911,4.3989,0.136228360949126,-0.555504478007087
104.74,3.4915,4.399,0.136252825255065,-0.555422417958328
104.75,3.4917,4.4001,0.13632580709357,-0.555177611781043
104.76,3.4921,4.4025,0.136355234657419,-0.555078899536331
104.77,3.4923,4.4045,0.13639485264028,-0.55494600251645
104.78,3.4927,4.4043,0.136409199779171,-0.554897875049551
104.79,3.493,4.4039,0.13643429201482,-0.554813702480895
104.8,3.4933,4.4019,0.136359613403119,-0.555064211306493
104.81,3.4936,4.3993,0.136321927879319,-0.555190624184178
104.82,3.494,4.3989,0.136178761594245,-0.555670845428774
104.83,3.4943,4.4008,0.136119076207268,-0.555871039178482
104.84,3.4947,4.402,0.135989571047863,-0.556305402032749
104.85,3.4952,4.4023,0.135963509216483,-0.556392811132583
104.86,3.4955,4.4033,0.135873261935601,-0.556695485370794
104.87,3.4959,4.4046,0.135899668122319,-0.556606924613394
104.88,3.4962,4.4058,0.135955554799129,-0.556419489365133
104.89,3.4966,4.4055,0.1360074596189,-0.556245404790131
104.9,3.4969,4.4029,0.136069933777123,-0.556035866579938
104.91,3.4973,4.4012,0.136225126230389,-0.555515328086641
104.92,3.4975,4.4009,0.136224490281754,-0.555517461220414
104.93,3.4979,4.4042,0.136342301525075,-0.555122282769175
104.94,3.4982,4.4091,0.136347847421572,-0.555103679499122
104.95,3.4985,4.4118,0.136330559829843,-0.555161669214803
104.96,3.4987,4.4123,0.136245547846758,-0.555446828484923
104.97,3.4989,4.4107,0.136200581645872,-0.555597656472879
104.98,3.4993,4.4096,0.13618313228765,-0.55565618527376
104.99,3.4996,4.4098,0.136146805835074,-0.555778030454281
105,3.5,4.4084,0.136123458770074,-0.555856339571924
105.01,3.5002,4.4065,0.136081751554659,-0.555996229170703
105.02,3.5007,4.4049,0.136057776505821,-0.556076642467035
105.03,3.5011,4.4068,0.136039404449751,-0.556138262559517
105.04,3.5014,4.4104,0.136037520171164,-0.556144582425775
105.05,3.5018,4.4123,0.136080746396075,-0.555999600529708
105.06,3.5021,4.4127,0.136119111796792,-0.555870919807338
105.07,3.5025,4.4125,0.136105027037578,-0.555918161488747
105.08,3.5028,4.4122,0.13606282195189,-0.55605971990001
105.09,3.5032,4.4112,0.136022221746167,-0.55619589312848
105.1,3.5035,4.4112,0.135990308807381,-0.556302927638308
105.11,3.5039,4.4126,0.135983635058172,-0.556325310904648
105.12,3.5041,4.4137,0.136007819328778,-0.556244198339276
105.13,3.5045,4.4142,0.135996136741755,-0.556283381122774
105.14,3.5047,4.4135,0.13604875256733,-0.556106908921204
105.15,3.5051,4.4138,0.136049877759998,-0.556103135010616
105.16,3.5054,4.415,0.136077123390785,-0.556011752283749
105.17,3.5058,4.4142,0.136074336036496,-0.556021101207197
105.18,3.5061,4.4139,0.136047908123485,-0.556109741195505
105.19,3.5064,4.4126,0.136087032052478,-0.555978518058087
105.2,3.5068,4.4131,0.136093765176836,-0.555955934691443
105.21,3.5072,4.4151,0.136102745428339,-0.55592581420701
105.22,3.5075,4.4185,0.136103314215563,-0.555923906445255
105.23,3.5079,4.4204,0.136110968944871,-0.555898231774854
105.24,3.5083,4.4198,0.136102927462178,-0.555925203649752
105.25,3.5086,4.4178,0.136104357031706,-0.555920408748172
105.26,3.509,4.4162,0.136104610076529,-0.555919560013349
105.27,3.5092,4.4173,0.136092839489829,-0.55595903951365
105.28,3.5094,4.4192,0.136095345594341,-0.555950633852329
105.29,3.5097,4.4199,0.136084760141158,-0.555986138192306
105.3,3.51,4.4204,0.136094557301941,-0.555953277844726
105.31,3.5103,4.4206,0.136063940323262,-0.55605596884644
105.32,3.5106,4.4208,0.13607293579073,-0.556025797696358
105.33,3.511,4.4213,0.136069941070656,-0.556035842117128
105.34,3.5113,4.4203,0.136074192336916,-0.55602158318237
105.35,3.5117,4.4205,0.136073631076914,-0.556023465674628
105.36,3.512,4.4212,0.136082727984864,-0.555992954166978
105.37,3.5125,4.423,0.136073930501218,-0.556022461391583
105.38,3.5129,4.4228,0.136080704187122,-0.555999742100903
105.39,3.5132,4.4218,0.136085051200998,-0.555985161959597
105.4,3.5136,4.4231,0.136094140880542,-0.555954674553282
105.41,3.5139,4.4239,0.136093566020723,-0.555956602675775
105.42,3.5142,4.4241,0.136096488972621,-0.555946798873477
105.43,3.5145,4.4243,0.13611023851716,-0.555900681700474
105.44,3.5147,4.4251,0.136106182873881,-0.555914284709283
105.45,3.5151,4.4262,0.136124917882448,-0.555851445539703
105.46,3.5155,4.4276,0.136119823694248,-0.555868532025295
105.47,3.5158,4.4278,0.136117191762796,-0.55587735980818
105.48,3.5162,4.4265,0.13611818526468,-0.555874027496478
105.49,3.5165,4.4262,0.136122778714164,-0.555858620557359
105.5,3.5169,4.4273,0.136113065608708,-0.555891199356241
105.51,3.5172,4.4298,0.136109443810217,-0.555903347224055
105.52,3.5176,4.431,0.136107236734688,-0.555910749963249
105.53,3.5179,4.4302,0.136115963430165,-0.555881479765467
105.54,3.5183,4.428,0.136109188388892,-0.555904203931578
105.55,3.5186,4.4272,0.13610960867694,-0.555902794245269
105.56,3.5189,4.4285,0.136111300046359,-0.555897121228004
105.57,3.5192,4.4284,0.136114201146429,-0.555887390647483
105.58,3.5196,4.4269,0.136106383681627,-0.555913611181761
105.59,3.5199,4.4261,0.136105816046656,-0.555915515081162
105.6,3.5202,4.4266,0.136118535408053,-0.555872853077787
105.61,3.5205,4.4298,0.136113460661899,-0.555889874307946
105.62,3.5208,4.4335,0.13611095874015,-0.555898266002487
105.63,3.521,4.4357,0.136119454377001,-0.555869770755881
105.64,3.5214,4.4363,0.136116211329295,-0.555880648285789
105.65,3.5216,4.4349,0.136110500528505,-0.555899802889012
105.66,3.5218,4.433,0.13611072864657,-0.55589903775882
105.67,3.5222,4.431,0.136097747551522,-0.555942577500786
105.68,3.5225,4.4309,0.136091937019595,-0.55596206646396
105.69,3.5229,4.4327,0.136090763032513,-0.555966004099695
105.7,3.5232,4.4339,0.136085897532777,-0.555982323309788
105.71,3.5236,4.4352,0.136089347913023,-0.555970750508062
105.72,3.524,4.4366,0.13609396126701,-0.555955276990447
105.73,3.5243,4.4375,0.13609259996465,-0.5559598428985
105.74,3.5247,4.4378,0.136103373819006,-0.555923706530104
105.75,3.525,4.4378,0.136119080480382,-0.555871024845992
105.76,3.5254,4.4382,0.136105980418829,-0.555914963761967
105.77,3.5257,4.4383,0.13610359345699,-0.555922969845091
105.78,3.5261,4.4375,0.136103922419135,-0.555921866477153
105.79,3.5263,4.4378,0.136109211760206,-0.555904125541962
105.8,3.5267,4.4401,0.136091907935317,-0.555962164014709
105.81,3.5269,4.4423,0.13609020442619,-0.555967877704156
105.82,3.5273,4.4429,0.13607290312222,-0.556025907268021
105.83,3.5275,4.4427,0.13605539506784,-0.556084629864336
105.84,3.5279,4.442,0.136055677167791,-0.556083683695076
105.85,3.5282,4.4421,0.136030492460854,-0.556168153307592
105.86,3.5286,4.4411,0.136036138272794,-0.556149217306772
105.87,3.5289,4.44,0.136053688674924,-0.556090353140283
105.88,3.5293,4.4409,0.136059275704849,-0.556071614115291
105.89,3.5296,4.444,0.136093740502958,-0.555956017449458
105.9,3.53,4.4462,0.136090001829001,-0.555968557229116
105.91,3.5303,4.4467,0.13607095983841,-0.556032425127367
105.92,3.5308,4.4455,0.136056599722312,-0.556080589426739
105.93,3.5312,4.4452,0.136024134474894,-0.556189477880833
105.94,3.5315,4.4456,0.136008373026964,-0.556242341259962
105.95,3.5319,4.4455,0.136005910881328,-0.556250599184688
105.96,3.5321,4.4455,0.135961383129515,-0.556399941800739
105.97,3.5323,4.446,0.135968115498024,-0.55637736213588
105.98,3.5327,4.4462,0.135928002106214,-0.55651189736315
105.99,3.533,4.4464,0.1359090561659,-0.556575438871921
106,3.5333,4.4471,0.13590624704397,-0.556584860153972
106.01,3.5336,4.4468,0.135918680876283,-0.556543159268108
106.02,3.534,4.4462,0.135938125000381,-0.556477946669656
106.03,3.5343,4.4465,0.135946921404852,-0.556448444712141
106.04,3.5347,4.4473,0.135937902693489,-0.556478692255691
106.05,3.5351,4.4481,0.135928241695137,-0.556511093818884
106.06,3.5354,4.4501,0.135927324667867,-0.556514169386373
106.07,3.5358,4.4516,0.135917498148024,-0.556547125939762
106.08,3.5361,4.4528,0.135924948918411,-0.556522137276835
106.09,3.5365,4.4534,0.135826113729369,-0.556853608077349
106.1,3.5368,4.4521,0.135794170461579,-0.556960735669994
106.11,3.5371,4.451,0.135778335844612,-0.557013839433373
106.12,3.5374,4.4513,0.13575513901962,-0.557091632841556
106.13,3.5378,4.4532,0.135785540401989,-0.556989677912309
106.14,3.538,4.4549,0.135772599757814,-0.557033076175628
106.15,3.5384,4.4554,0.135803557212984,-0.556929255627807
106.16,3.5387,4.4554,0.135839422489494,-0.556808974300162
106.17,3.5391,4.4557,0.135853736235539,-0.556760969814867
106.18,3.5394,4.4566,0.136007575855915,-0.556245014936395
106.19,3.5398,4.456,0.136009270095977,-0.556239332529123
106.2,3.5401,4.4545,0.136099935748525,-0.555935238110611
106.21,3.5405,4.4526,0.136097147527363,-0.555944590029312
106.22,3.541,4.4522,0.136126396470881,-0.555846486179525
106.23,3.5413,4.4546,0.136093197309939,-0.555957839358861
106.24,3.5415,4.4577,0.136071857796514,-0.556029413337048
106.25,3.5419,4.4587,0.136088302457268,-0.555974257036991
106.26,3.5423,4.4575,0.136021581795854,-0.556198039505812
106.27,3.5426,4.4558,0.135931064666455,-0.556501626002866
106.28,3.5428,4.4559,0.135872250610671,-0.55669887712129
106.29,3.5431,4.4582,0.135852981068418,-0.556763502450972
106.3,3.5433,4.4591,0.135846001307557,-0.55678691073471
106.31,3.5437,4.4579,0.1358355223485,-0.556822054283513
106.32,3.5439,4.4574,0.135873902112027,-0.556693338366024
106.33,3.5441,4.4593,0.135856892944317,-0.556750383017819
106.34,3.5445,4.4619,0.135814645119139,-0.556892070321867
106.35,3.5449,4.4617,0.135806768859166,-0.556918484806805
106.36,3.5452,4.46,0.135775965587151,-0.557021788417586
106.37,3.5456,4.4595,0.135792992028507,-0.556964687733988
106.38,3.5459,4.4589,0.135817531138566,-0.55688239150405
106.39,3.5463,4.4585,0.135809929907357,-0.556907883661188
106.4,3.5466,4.4586,0.135820253802904,-0.556873260518221
106.41,3.547,4.4612,0.135833569755107,-0.556828602728395
106.42,3.5473,4.4635,0.13583951608906,-0.556808660393108
106.43,3.5478,4.4629,0.135856990445636,-0.556750056023018
106.44,3.548,4.4613,0.135867054358234,-0.556716304130923
106.45,3.5484,4.4611,0.135858157195447,-0.556746143037752
106.46,3.5487,4.4633,0.135859989646908,-0.556739997452884
106.47,3.549,4.4652,0.135874898571523,-0.556689996468502
106.48,3.5493,4.4657,0.135890868643951,-0.556636436306927
106.49,3.5496,4.4648,0.135901739959641,-0.556599976069153
106.5,3.5499,4.4653,0.135892300723558,-0.556631633405132
106.51,3.5503,4.4665,0.135890160567224,-0.556638811050254
106.52,3.5505,4.4669,0.135877449689189,-0.556681440596383
106.53,3.5509,4.4675,0.135878005897945,-0.556679575196723
106.54,3.5512,4.4674,0.135864343105673,-0.556725397020125
106.55,3.5516,4.4668,0.135869837796866,-0.556706969136448
106.56,3.5519,4.467,0.135861149390396,-0.556736107960274
106.57,3.5523,4.4689,0.135865807651846,-0.556720485285651
106.58,3.5528,4.4716,0.135877780079682,-0.556680332540679
106.59,3.5531,4.4703,0.135887383987745,-0.556648123118579
106.6,3.5535,4.4674,0.135889858271991,-0.556639824885914
106.61,3.5538,4.4652,0.135887618738018,-0.556647335815548
106.62,3.5542,4.4667,0.135899556803606,-0.556607297954798
106.63,3.5544,4.4698,0.135888789213894,-0.556643410284561
106.64,3.5547,4.4704,0.135890022780424,-0.556639273158684
106.65,3.555,4.4704,0.135877955928214,-0.556679742784031
106.66,3.5552,4.4718,0.135883783633392,-0.556660197940142
106.67,3.5556,4.4726,0.135877587521322,-0.556680978338302
106.68,3.556,4.472,0.135871455152455,-0.556701544903638
106.69,3.5563,4.4712,0.13587365195128,-0.556694177347806
106.7,3.5567,4.4702,0.135865053702357,-0.55672301385068
106.71,3.557,4.4689,0.135863493151376,-0.55672824756039
106.72,3.5574,4.4691,0.135858192893879,-0.556746023314164
106.73,3.5577,4.4707,0.135865867628063,-0.55672028413983
106.74,3.5581,4.4742,0.135849539491189,-0.556775044604993
106.75,3.5584,4.4772,0.13585947618141,-0.556741719488483
106.76,3.5588,4.4777,0.135852654845312,-0.556764596519037
106.77,3.5591,4.4769,0.135862508928172,-0.55673154840471
106.78,3.5594,4.4762,0.13584958037636,-0.556774907486869
106.79,3.5597,4.4748,0.135855648563502,-0.556754556355701
106.8,3.5601,4.4752,0.135840108039122,-0.55680667515606
106.81,3.5603,4.4769,0.135849571304944,-0.556774937910015
106.82,3.5607,4.4777,0.135843415111405,-0.556795584139928
106.83,3.561,4.4782,0.135853804598708,-0.55676074054236
106.84,3.5614,4.4781,0.135847294793299,-0.556782572728514
106.85,3.5617,4.4788,0.135853843179349,-0.5567606111528
106.86,3.5621,4.4805,0.135840021455881,-0.55680696553237
106.87,3.5624,4.4811,0.135840575248057,-0.556805108265961
106.88,3.5628,4.4797,0.135830412166355,-0.556839192375098
106.89,3.5632,4.4784,0.135821311195725,-0.556869714342431
106.9,3.5635,4.4788,0.135833773694734,-0.556827918772928
106.91,3.5639,4.4807,0.135837914455464,-0.556814031827503
106.92,3.5643,4.4835,0.135832448194782,-0.556832364121503
106.93,3.5647,4.4829,0.135840094799744,-0.556806719557283
106.94,3.5649,4.4823,0.135822553966053,-0.556865546464561
106.95,3.5653,4.4832,0.135825171667821,-0.556856767473238
106.96,3.5656,4.4834,0.135818103858897,-0.556880470775579
106.97,3.5659,4.4832,0.135805024724515,-0.556924334071242
106.98,3.5661,4.4839,0.135804929968459,-0.556924651852338
106.99,3.5665,4.4853,0.13581183968098,-0.55690147888399
107,3.5667,4.4863,0.13581034078313,-0.556906505714117
107.01,3.567,4.4869,0.135814947934614,-0.556891054772827
107.02,3.5673,4.4875,0.135810082526403,-0.556907371825326
107.03,3.5676,4.4872,0.135806419717671,-0.556919655714976
107.04,3.568,4.4862,0.135800260283981,-0.55694031244497
107.05,3.5683,4.4854,0.13578326625644,-0.556997304594756
107.06,3.5687,4.4864,0.135774703213737,-0.557026021957195
107.07,3.5691,4.4873,0.135796038433505,-0.556954471123123
107.08,3.5694,4.4879,0.135792250311631,-0.55696717519931
107.09,3.5698,4.4869,0.135794413837053,-0.556959919471136
107.1,3.5702,4.4882,0.135779726472528,-0.557009175767897
107.11,3.5706,4.4891,0.135805712809434,-0.556922026457108
107.12,3.5709,4.4876,0.13582337346088,-0.55686279812424
107.13,3.5712,4.4862,0.135821849052948,-0.556867910531347
107.14,3.5714,4.4872,0.135828776415621,-0.556844678208325
107.15,3.5718,4.4905,0.135828572175589,-0.556845363169857
107.16,3.572,4.4923,0.135834799016866,-0.556824480133437
107.17,3.5724,4.4923,0.135847146629477,-0.556783069630571
107.18,3.5726,4.492,0.135873120316494,-0.55669596032869
107.19,3.573,4.4927,0.13588521988668,-0.556655381054705
107.2,3.5733,4.4929,0.135862804645847,-0.556730556639971
107.21,3.5737,4.4914,0.135882566918948,-0.556664278537166
107.22,3.574,4.4892,0.135877534811205,-0.556681155116224
107.23,3.5744,4.489,0.135854519687548,-0.5567583423177
107.24,3.5747,4.4898,0.135828938132374,-0.556844135857434
107.25,3.5751,4.4911,0.135841483890566,-0.556802060928367
107.26,3.5754,4.4932,0.135848058234316,-0.556780012349875
107.27,3.5758,4.495,0.135823376470395,-0.556862788031227
107.28,3.576,4.4959,0.135839422028613,-0.556808975845832
107.29,3.5764,4.4963,0.135819662162722,-0.556875244699823
107.3,3.5767,4.4964,0.135835712944938,-0.556821415076792
107.31,3.577,4.4962,0.135823059821412,-0.556863849977232
107.32,3.5772,4.4958,0.13586216720989,-0.556732694444082
107.33,3.5776,4.4951,0.135833413960891,-0.556829125217818
107.34,3.5779,4.4968,0.135864824262462,-0.556723783336684
107.35,3.5781,4.5,0.135889442710938,-0.556641218591497
107.36,3.5785,4.5009,0.13585029869157,-0.556772498445973
107.37,3.5789,4.4993,0.13584676490533,-0.556784349831714
107.38,3.5793,4.4984,0.135837776676522,-0.556814493899654
107.39,3.5797,4.4987,0.135836712249734,-0.556818063689409
107.4,3.58,4.4997,0.135873795309575,-0.556693696556969
107.41,3.5804,4.4988,0.13583249924036,-0.556832192929247
107.42,3.5809,4.4978,0.1358387141312,-0.556811349937554
107.43,3.5812,4.4983,0.135850793456509,-0.556770839133665
107.44,3.5816,4.5007,0.135890690235746,-0.55663703465132
107.45,3.5819,4.5025,0.135913299680042,-0.556561206879653
107.46,3.5822,4.5036,0.135914553101835,-0.556557003120971
107.47,3.5825,4.5042,0.135981235071473,-0.556333360269345
107.48,3.5827,4.5034,0.135966871393719,-0.556381534737234
107.49,3.5831,4.5028,0.135993766091486,-0.556291332136336
107.5,3.5835,4.5027,0.135991733299917,-0.556298149986657
107.51,3.5837,4.5044,0.136013195758855,-0.556226166011839
107.52,3.584,4.5067,0.135987460549827,-0.55631248049317
107.53,3.5844,4.5069,0.136055525019454,-0.556084194003861
107.54,3.5848,4.5044,0.135978770898203,-0.556341624902437
107.55,3.5851,4.5019,0.136033783582234,-0.556157114922387
107.56,3.5855,4.5013,0.136018700013277,-0.556207704925455
107.57,3.5858,4.5032,0.136050876127721,-0.556099786471055
107.58,3.5862,4.5061,0.135942534975145,-0.55646315622076
107.59,3.5865,4.5083,0.135980935896111,-0.556334363679182
107.6,3.5868,4.5087,0.135898578866022,-0.556610577767325
107.61,3.5872,4.507,0.13588418734857,-0.556658843966324
107.62,3.5875,4.5061,0.135861715012222,-0.556734211003992
107.63,3.5878,4.5076,0.135920206254887,-0.556538043401976
107.64,3.5882,4.5096,0.135934211966075,-0.55649107042614
107.65,3.5884,4.5092,0.136001956814798,-0.556263860926891
107.66,3.5888,4.5062,0.135982960680257,-0.556327572715395
107.67,3.589,4.5054,0.136014740050162,-0.55622098651434
107.68,3.5894,4.5093,0.135962642541514,-0.55639571786843
107.69,3.5896,4.5131,0.135993209404101,-0.55629319923008
107.7,3.59,4.5123,0.135948309905371,-0.556443787858396
107.71,3.5903,4.51,0.135893356787968,-0.556628091579507
107.72,3.5907,4.5091,0.135905457993665,-0.55658750648267
107.73,3.591,4.5092,0.135904406616211,-0.556591032606741
107.74,3.5912,4.5097,0.135908475998972,-0.55657738464676
107.75,3.5917,4.512,0.135941793350947,-0.556465643528208
107.76,3.592,4.5144,0.135938179725113,-0.556477763130596
107.77,3.5923,4.5145,0.135956274767693,-0.556417074674105
107.78,3.5927,4.5124,0.135945815238289,-0.556452154651882
107.79,3.593,4.5128,0.13595955231257,-0.55640608215984
107.8,3.5934,4.5139,0.135962716817587,-0.556395468754407
107.81,3.5936,4.5145,0.135982786290313,-0.556328157605517
107.82,3.594,4.5144,0.13598729161944,-0.556313047073416
107.83,3.5942,4.515,0.135982208307927,-0.556330096112565
107.84,3.5946,4.5157,0.135983148911379,-0.556326941403006
107.85,3.5948,4.5161,0.135963718651299,-0.556392108710289
107.86,3.5951,4.5166,0.135951378242982,-0.556433497035751
107.87,3.5955,4.5183,0.1359508931063,-0.556435124124695
107.88,3.5959,4.52,0.13595747507316,-0.556413048987247
107.89,3.5962,4.5191,0.135959133236501,-0.556407487694332
107.9,3.5966,4.5171,0.135951152221134,-0.556434255085352
107.91,3.5969,4.5185,0.135958696263295,-0.556408953253572
107.92,3.5973,4.5214,0.135956723984756,-0.556415568051835
107.93,3.5977,4.5239,0.135961963266876,-0.556397996082734
107.94,3.5981,4.5232,0.135964886622762,-0.556388191456007
107.95,3.5985,4.5223,0.135960565483071,-0.556402684097745
107.96,3.5988,4.5222,0.135950260340999,-0.556437246341438
107.97,3.5992,4.5229,0.135948378003503,-0.556443559465874
107.98,3.5995,4.5228,0.135947765377608,-0.556445614135416
107.99,3.5997,4.5218,0.135934032787485,-0.556491671364958
108,3.6,4.5225,0.135937138614924,-0.556481254867162
108.01,3.6003,4.5243,0.135933206248154,-0.556494443456557
108.02,3.6007,4.524,0.135927004274175,-0.556515243936938
108.03,3.6009,4.5238,0.135922069126694,-0.556531795635421
108.04,3.6013,4.5235,0.135918449743716,-0.556543934448013
108.05,3.6016,4.5235,0.135925646032335,-0.55651979926705
108.06,3.602,4.524,0.135924588867153,-0.556523344831513
108.07,3.6023,4.5256,0.135923684980729,-0.556526376322092
108.08,3.6027,4.5279,0.135925304218241,-0.556520945657514
108.09,3.6031,4.5285,0.135918586717462,-0.556543475061027
108.1,3.6034,4.5275,0.135905997695627,-0.556585696422261
108.11,3.6038,4.5276,0.135915053032759,-0.556555326439002
108.12,3.6041,4.5291,0.13591596185528,-0.556552278404356
108.13,3.6045,4.5297,0.135931281009209,-0.556500900421753
108.14,3.6047,4.5286,0.135931210786306,-0.556501135938831
108.15,3.6051,4.5268,0.135929919952627,-0.556505465200093
108.16,3.6054,4.5275,0.135929913878285,-0.556505485572512
108.17,3.6057,4.5296,0.13593123636802,-0.556501050141603
108.18,3.606,4.5305,0.13594466022527,-0.556456028414529
108.19,3.6064,4.5296,0.135940109686892,-0.556471290307352
108.2,3.6067,4.5287,0.135951190737691,-0.556434125905544
108.21,3.6071,4.5295,0.135934704188006,-0.556489419585459
108.22,3.6074,4.531,0.135944473228667,-0.556456655576511
108.23,3.6078,4.5311,0.135920773291433,-0.556536141654893
108.24,3.6081,4.5317,0.135922179493872,-0.556531425481854
108.25,3.6085,4.5324,0.135917578584361,-0.556546856169879
108.26,3.6088,4.533,0.135906937628801,-0.556582544059548
108.27,3.6092,4.5327,0.135909446534403,-0.556574129646378
108.28,3.6095,4.5338,0.135908521169334,-0.556577233153561
108.29,3.6099,4.5346,0.135900521276285,-0.556604063299655
108.3,3.6103,4.5344,0.135897288595523,-0.556614905081702
108.31,3.6105,4.5335,0.13590247542436,-0.556597509460391
108.32,3.6108,4.5332,0.135902957603043,-0.556595892324409
108.33,3.6111,4.5344,0.135898684429278,-0.556610223728749
108.34,3.6114,4.5358,0.135899134013731,-0.556608715910003
108.35,3.6117,4.5365,0.135897172279312,-0.556615295183364
108.36,3.612,4.5376,0.135892805224977,-0.55662994140999
108.37,3.6123,4.5374,0.135908700838115,-0.556576630577037
108.38,3.6126,4.5357,0.13591503070169,-0.556555401333555
108.39,3.613,4.5347,0.135921445416461,-0.556533887457794
108.4,3.6133,4.5347,0.135924272088724,-0.556524407255853
108.41,3.6136,4.5362,0.135946398126755,-0.556450199719483
108.42,3.6139,4.5386,0.135939889346444,-0.556472029298812
108.43,3.6143,4.54,0.135966957987079,-0.556381244311839
108.44,3.6146,4.5409,0.135949695293028,-0.556439141442144
108.45,3.615,4.5416,0.135977851254693,-0.556344709308468
108.46,3.6153,4.5416,0.135964136878905,-0.556390706018801
108.47,3.6157,4.5406,0.135966854885572,-0.556381590103892
108.48,3.616,4.5394,0.135984991925874,-0.55632076007467
108.49,3.6163,4.5391,0.135976621841968,-0.556348832652253
108.5,3.6165,4.539,0.135967908160628,-0.556378057524909
108.51,3.6169,4.5405,0.135964984387161,-0.55638786356434
108.52,3.6172,4.5425,0.135919882616162,-0.556539128832697
108.53,3.6175,4.5443,0.135906832064583,-0.556582898102548
108.54,3.6178,4.5441,0.135887769787486,-0.556646829227367
108.55,3.6182,4.5423,0.135873312587903,-0.556695315494622
108.56,3.6185,4.5416,0.135854888076218,-0.556757106836264
108.57,3.6189,4.5425,0.135836252646203,-0.556819605070628
108.58,3.6192,4.5436,0.135824611820223,-0.556858645035969
108.59,3.6196,4.544,0.135834487872856,-0.556825523622311
108.6,3.6201,4.5454,0.13582887399153,-0.556844350967151
108.61,3.6204,4.5471,0.13582438437212,-0.556859407829299
108.62,3.6208,4.5478,0.135810138079921,-0.556907185516441
108.63,3.6211,4.5472,0.135778885151945,-0.557011997254618
108.64,3.6215,4.5482,0.135764239446845,-0.557061113527021
108.65,3.6218,4.5491,0.135697847905346,-0.557283762466751
108.66,3.6222,4.5494,0.135701885024258,-0.557270223863751
108.67,3.6225,4.5483,0.135644782583028,-0.557461716575627
108.68,3.6228,4.5471,0.135624595215045,-0.557529413723679
108.69,3.6231,4.5483,0.135605597069423,-0.557593122371462
108.7,3.6234,4.5512,0.135600999652175,-0.55760853934011
108.71,3.6237,4.5521,0.135616847152468,-0.557555396245403
108.72,3.6241,4.5509,0.135704055853044,-0.557262943913055
108.73,3.6244,4.5502,0.13572225163362,-0.557201923467357
108.74,3.6248,4.55,0.13575519863164,-0.557091432926257
108.75,3.6251,4.5492,0.135770474812207,-0.557040202456369
108.76,3.6255,4.5489,0.135729797825922,-0.557176616806145
108.77,3.626,4.551,0.135715462268666,-0.557224691990271
108.78,3.6263,4.5544,0.135687932496373,-0.557317014001711
108.79,3.6267,4.5562,0.135624099363648,-0.55753107652503
108.8,3.6269,4.5561,0.135606574335792,-0.557589845204866
108.81,3.6273,4.556,0.135501095576979,-0.557943550243914
108.82,3.6275,4.555,0.135499749760785,-0.557948063110026
108.83,3.6278,4.5541,0.135489151981585,-0.557983600088539
108.84,3.6281,4.5543,0.135472735074672,-0.55803864973784
108.85,3.6284,4.5545,0.135579431542629,-0.557680865401059
108.86,3.6288,4.5555,0.135556277203404,-0.557758509978579
108.87,3.6291,4.5557,0.135705153841137,-0.55725926176889
108.88,3.6295,4.5572,0.135646305173455,-0.557456610635628
108.89,3.6299,4.5595,0.135655195120217,-0.557426798526547
108.9,3.6302,4.5615,0.135732745793783,-0.55716673057719
108.91,3.6307,4.5598,0.135757981963948,-0.557082098717673
108.92,3.631,4.5561,0.135785629161136,-0.556989380245277
108.93,3.6314,4.5556,0.135776072152304,-0.557021431036863
108.94,3.6317,4.5584,0.135720294320581,-0.557208487434877
108.95,3.6321,4.5599,0.135688884163362,-0.557313822572096
108.96,3.6323,4.5586,0.135608704537841,-0.55758270177736
108.97,3.6327,4.5579,0.135668381707091,-0.557382577592387
108.98,3.633,4.5598,0.135613980567054,-0.557565009094362
108.99,3.6333,4.5617,0.135597272796385,-0.557621036948538
109,3.6335,4.5623,0.135622425556079,-0.557536689513634
109.01,3.6337,4.5617,0.135575343297609,-0.557694574766656
109.02,3.6341,4.5611,0.135541924457216,-0.557806639372841
109.03,3.6343,4.561,0.135518789028872,-0.55788421933952
109.04,3.6347,4.5621,0.135560422536721,-0.557744609284062
109.05,3.6349,4.5653,0.135534955051024,-0.557830009940655
109.06,3.6353,4.5684,0.135492285983246,-0.557973091020866
109.07,3.6356,4.5686,0.135481462593533,-0.558009384414251
109.08,3.636,4.5671,0.135465584362517,-0.558062627597457
109.09,3.6363,4.5658,0.135448258481746,-0.558120724670516
109.1,3.6367,4.565,0.135427051093601,-0.558191836635045
109.11,3.6371,4.5644,0.135412808049663,-0.558239595625796
109.12,3.6374,4.5639,0.135401896775593,-0.558276182520076
109.13,3.6378,4.5651,0.135409978774246,-0.558249082563057
109.14,3.6382,4.5666,0.135392771895517,-0.558306779281319
109.15,3.6386,4.5662,0.135374337972495,-0.5583685899727
109.16,3.6388,4.5669,0.135363179020165,-0.558406006770083
109.17,3.6391,4.5682,0.13537120161879,-0.55837910641736
109.18,3.6394,4.5701,0.135373355599392,-0.558371883949694
109.19,3.6397,4.5689,0.135391090668386,-0.55831241661468
109.2,3.64,4.5655,0.135387404434487,-0.558324776935315
109.21,3.6402,4.5635,0.135386129124585,-0.558329053175961
109.22,3.6406,4.5648,0.135378843412535,-0.558353482848397
109.23,3.641,4.5675,0.135381225669909,-0.55834549492515
109.24,3.6413,4.5687,0.13537660826189,-0.558360977502434
109.25,3.6417,4.5672,0.135387729160227,-0.558323688097329
109.26,3.642,4.5674,0.135382124290575,-0.5583424817672
109.27,3.6424,4.5695,0.135382464686043,-0.55834134038952
109.28,3.6427,4.5717,0.135381569769134,-0.558344341128851
109.29,3.6431,4.5727,0.135389020323379,-0.558319358696303
109.3,3.6434,4.5729,0.13538464001207,-0.558334046315141
109.31,3.6438,4.5725,0.135382571882099,-0.558340980951134
109.32,3.6441,4.5724,0.13539124896879,-0.558311885816758
109.33,3.6444,4.5723,0.135385550110162,-0.558330994668032
109.34,3.6447,4.5731,0.135395359391345,-0.558298103125028
109.35,3.645,4.5737,0.135390758716842,-0.558313529683048
109.36,3.6453,4.573,0.135389679691673,-0.558317147766639
109.37,3.6456,4.5729,0.135392127467627,-0.558308940117026
109.38,3.6459,4.576,0.135392162215902,-0.558308823602355
109.39,3.6463,4.5792,0.135393334895422,-0.558304891481896
109.4,3.6466,4.5793,0.135377679218487,-0.558357386492906
109.41,3.647,4.5767,0.135377478907694,-0.558358058152335
109.42,3.6473,4.576,0.135374847258183,-0.558366882295799
109.43,3.6477,4.5769,0.135369728840703,-0.558384044755323
109.44,3.6482,4.5752,0.135365692399166,-0.558397579238276
109.45,3.6485,4.5731,0.135351947528014,-0.558443666625548
109.46,3.6489,4.5745,0.135345205058729,-0.558466274439108
109.47,3.6492,4.5787,0.135340725681863,-0.558481293963731
109.48,3.6496,4.581,0.135326600799659,-0.55852865506128
109.49,3.6498,4.5816,0.135318300554685,-0.558556485870354
109.5,3.6502,4.5823,0.135313476246191,-0.558572661784049
109.51,3.6504,4.582,0.135320525798318,-0.558549024614265
109.52,3.6507,4.581,0.135307130331254,-0.558593939597598
109.53,3.651,4.581,0.135290048454523,-0.55865121474884
109.54,3.6513,4.5807,0.135280142999442,-0.558684427334284
109.55,3.6517,4.5808,0.135281068192954,-0.558681325204036
109.56,3.652,4.581,0.135273620486012,-0.55870629698099
109.57,3.6524,4.58,0.135263735280998,-0.558739441445073
109.58,3.6528,4.5799,0.135251370773667,-0.558780898662623
109.59,3.6531,4.5819,0.135253429901223,-0.558773994585016
109.6,3.6535,4.5832,0.13524353310998,-0.558807177621464
109.61,3.6538,4.5825,0.135243225325249,-0.55880820959337
109.62,3.6542,4.5824,0.135234553368654,-0.558837285756531
109.63,3.6546,4.5819,0.135235578387017,-0.558833848982604
109.64,3.655,4.581,0.135227123701983,-0.558862196569102
109.65,3.6552,4.5807,0.13522458161692,-0.558870719868669
109.66,3.6556,4.5821,0.135218420808109,-0.558891376268378
109.67,3.6559,4.5851,0.135215898884203,-0.558899831939838
109.68,3.6562,4.5876,0.135215800455016,-0.558900161959478
109.69,3.6564,4.5869,0.135219310912798,-0.558888391865048
109.7,3.6568,4.5845,0.135224142412273,-0.558872192467104
109.71,3.657,4.5837,0.135214692925597,-0.558903875353654
109.72,3.6574,4.5838,0.135193351935993,-0.558975428433321
109.73,3.6576,4.584,0.135194866164219,-0.558970351477974
109.74,3.658,4.5845,0.135202484404359,-0.558944808738135
109.75,3.6583,4.5866,0.135189860063967,-0.558987136087301
109.76,3.6587,4.5895,0.135180913627814,-0.559017131891914
109.77,3.659,4.5909,0.135138423731414,-0.559159591429225
109.78,3.6594,4.5909,0.135128194166157,-0.559193888602542
109.79,3.6597,4.5895,0.135099962120546,-0.559288542840712
109.8,3.6601,4.5902,0.135094438180152,-0.559307062956079
109.81,3.6604,4.5904,0.135066154751193,-0.559401888151465
109.82,3.6607,4.5913,0.135069004718398,-0.55939233318256
109.83,3.661,4.592,0.135068373011682,-0.559394451080888
109.84,3.6614,4.593,0.135085852696729,-0.559335847423499
109.85,3.6616,4.5923,0.135101165485667,-0.559284508312804
109.86,3.662,4.5913,0.13513358187512,-0.559175824980136
109.87,3.6622,4.5925,0.135127838625002,-0.5591950806405
109.88,3.6626,4.5947,0.135178704792273,-0.559024537706503
109.89,3.6628,4.5955,0.135195358479215,-0.558968700827009
109.9,3.6631,4.595,0.135193136111385,-0.558976152057073
109.91,3.6635,4.5948,0.135187412459266,-0.55899534248024
109.92,3.6639,4.5945,0.135199704551025,-0.558954129150699
109.93,3.6642,4.5945,0.135203796291438,-0.558940410182661
109.94,3.6646,4.5951,0.135214080060955,-0.558905930203976
109.95,3.665,4.597,0.135208758303404,-0.558923773298747
109.96,3.6654,4.5985,0.135214210281737,-0.558905493591761
109.97,3.6657,4.5976,0.135223391870749,-0.558874708938665
109.98,3.6661,4.5964,0.135238759997398,-0.558823181383415
109.99,3.6665,4.5966,0.135246008111186,-0.558798879181298
110,3.6668,4.5984,0.135267887546266,-0.558725519179967
110.01,3.6672,4.6004,0.135308096363895,-0.558590700499709
110.02,3.6674,4.6009,0.135322229681472,-0.558543311478571
110.03,3.6676,4.6011,0.135361713990252,-0.558410919111631
110.04,3.668,4.6013,0.135341403293197,-0.558479021908384
110.05,3.6682,4.6018,0.135347021781206,-0.558460182890192
110.06,3.6686,4.6026,0.13534414366181,-0.558469833346703
110.07,3.6688,4.6021,0.135336421262193,-0.558495726824017
110.08,3.6692,4.5999,0.135262285920966,-0.558744301045813
110.09,3.6695,4.5991,0.1352487521158,-0.558789678788802
110.1,3.6699,4.5992,0.13534578271194,-0.55846433754344
110.11,3.6703,4.6011,0.13535594565181,-0.558430260700639
110.12,3.6707,4.6035,0.135371088391078,-0.558379486078675
110.13,3.6711,4.6047,0.135380429239962,-0.558348165427269
110.14,3.6714,4.604,0.135362256349305,-0.558409100546439
110.15,3.6718,4.6041,0.135363248652477,-0.558405773288294
110.16,3.672,4.6043,0.135335310051774,-0.558499452744841
110.17,3.6724,4.6044,0.135369719805422,-0.558384075051307
110.18,3.6727,4.6035,0.13536722488109,-0.558392440717229
110.19,3.6729,4.6032,0.135405742902229,-0.558263285985413
110.2,3.6733,4.6046,0.135385669380001,-0.558330594744618
110.21,3.6737,4.6056,0.135224454661,-0.558871145536074
110.22,3.674,4.6058,0.135219129978385,-0.558888998514301
110.23,3.6744,4.6063,0.135081063147503,-0.559351905254822
110.24,3.6747,4.6075,0.135047308238839,-0.559465073803597
110.25,3.6751,4.6079,0.135009679021823,-0.559591229718858
110.26,3.6754,4.6064,0.135010263235493,-0.559589271095879
110.27,3.6758,4.6052,0.134959188222691,-0.559760502377388
110.28,3.6761,4.605,0.134914872227246,-0.559909070835611
110.29,3.6765,4.6058,0.134884779004491,-0.560009956199527
110.3,3.6768,4.6082,0.134902955230608,-0.559949021858606
110.31,3.6772,4.6111,0.134891657636114,-0.559986896192
110.32,3.6775,4.6138,0.134898648938473,-0.559963458398922
110.33,3.6779,4.6141,0.134848004219196,-0.560133239326619
110.34,3.6781,4.6126,0.1348824111781,-0.560017894114161
110.35,3.6785,4.6134,0.134810034590435,-0.560260526069855
110.36,3.6787,4.6134,0.134820007616742,-0.560227093382327
110.37,3.6791,4.6118,0.134941048623883,-0.559821315334446
110.38,3.6793,4.6105,0.134919008138028,-0.559895205394762
110.39,3.6796,4.6103,0.134970215270305,-0.559723534007775
110.4,3.6799,4.6132,0.134934104113305,-0.559844596667762
110.41,3.6803,4.6156,0.134990309177208,-0.559656168403206
110.42,3.6806,4.6154,0.135008580209561,-0.559594913573427
110.43,3.681,4.615,0.13503910014349,-0.559492592474609
110.44,3.6812,4.6149,0.135070170941088,-0.559388423232048
110.45,3.6817,4.6151,0.135069044808568,-0.559392198773801
110.46,3.682,4.6145,0.135043754195401,-0.559476989192191
110.47,3.6824,4.6155,0.135041007748795,-0.559486196996414
110.48,3.6827,4.6173,0.134982746475452,-0.559681522720349
110.49,3.6831,4.6189,0.135002112007906,-0.559616598694714
110.5,3.6835,4.6183,0.134993904808293,-0.559644113851422
110.51,3.6838,4.6163,0.134984434162717,-0.559675864675396
110.52,3.684,4.6158,0.134986833108398,-0.559667822098922
110.53,3.6843,4.6166,0.134983166751475,-0.55968011372707
110.54,3.6846,4.6166,0.134969846456953,-0.559724770463685
110.55,3.6849,4.6164,0.134960101058064,-0.559757442087226
110.56,3.6852,4.6182,0.134960030217161,-0.55975767958214
110.57,3.6855,4.6218,0.134946785847496,-0.559802081356481
110.58,3.6858,4.6244,0.134939423443777,-0.55982676372432
110.59,3.6862,4.6247,0.134935670057879,-0.55983934687559
110.6,3.6865,4.6244,0.134912765960793,-0.559916131982958
110.61,3.6869,4.6234,0.134901698662847,-0.559953234415937
110.62,3.6873,4.6216,0.134888189990133,-0.559998521178316
110.63,3.6877,4.6201,0.134874580751279,-0.560044144826458
110.64,3.6881,4.6211,0.134860880514097,-0.560090073279823
110.65,3.6884,4.624,0.1348590965022,-0.560096053953395
110.66,3.6889,4.6256,0.134846594616896,-0.560137964814864
110.67,3.6892,4.625,0.134832905537364,-0.560183855335648
110.68,3.6896,4.6248,0.13483351845004,-0.560181800646269
110.69,3.6898,4.6248,0.134824674051623,-0.560211449993462
110.7,3.6901,4.6242,0.134820628776584,-0.560225011056715
110.71,3.6904,4.6229,0.134805752268519,-0.560274881703402
110.72,3.6907,4.6218,0.134799223602273,-0.560296767711447
110.73,3.691,4.6227,0.13478202789197,-0.560354412505147
110.74,3.6914,4.625,0.134770811966081,-0.560392011182198
110.75,3.6917,4.6273,0.134763081678169,-0.560417925000618
110.76,3.6921,4.6298,0.13474935180619,-0.560463950691258
110.77,3.6924,4.6308,0.134752344341481,-0.560453919046406
110.78,3.6928,4.6303,0.134746905117932,-0.560472152526106
110.79,3.6931,4.6275,0.134741418089155,-0.560490546218189
110.8,3.6936,4.625,0.13473467552363,-0.560513148680727
110.81,3.694,4.625,0.134739891587155,-0.560495663371465
110.82,3.6943,4.6278,0.134737983070821,-0.560502061111993
110.83,3.6945,4.6293,0.134731236247832,-0.560524677814467
110.84,3.6949,4.6315,0.134725799766134,-0.560542901944752
110.85,3.6951,4.6338,0.134711947570102,-0.560589336980948
110.86,3.6955,4.633,0.134709965042738,-0.560595982745278
110.87,3.6958,4.6313,0.134699541119189,-0.560630925396718
110.88,3.6961,4.6312,0.134701042725832,-0.560625891781394
110.89,3.6964,4.632,0.134695354800265,-0.560644958562158
110.9,3.6968,4.6318,0.134700383180732,-0.560628102677914
110.91,3.6971,4.6312,0.134694582292566,-0.56064754812055
110.92,3.6975,4.6315,0.134691145368169,-0.560659069182053
110.93,3.6979,4.6351,0.134700908776145,-0.560626340801378
110.94,3.6982,4.6371,0.134699944306571,-0.560629573851202
110.95,3.6986,4.6349,0.134696466844921,-0.560641230824962
110.96,3.6989,4.6327,0.134685704232585,-0.560677308612446
110.97,3.6993,4.6316,0.134676082867255,-0.560709560644623
110.98,3.6996,4.6321,0.134663924728751,-0.560750316078538
110.99,3.6999,4.6337,0.134670822502684,-0.560727193997338
111,3.7002,4.6355,0.134654952237207,-0.560780392738542
111.01,3.7006,4.6381,0.134653313182261,-0.560785886997363
111.02,3.7009,4.6398,0.134649274239639,-0.560799425878584
111.03,3.7012,4.6388,0.134651255315692,-0.560792785144972
111.04,3.7014,4.6377,0.134635180776726,-0.560846668195981
111.05,3.7017,4.6379,0.13463095716564,-0.560860825995627
111.06,3.702,4.6377,0.134614770494309,-0.560915084468685
111.07,3.7022,4.6361,0.134610516517446,-0.560929343936528
111.08,3.7026,4.6361,0.134605032187056,-0.560947727552336
111.09,3.7029,4.6378,0.134598217184759,-0.560970571556678
111.1,3.7033,4.6396,0.134611658418482,-0.560925516249822
111.11,3.7035,4.6409,0.134597572900231,-0.560972731206131
111.12,3.704,4.641,0.134602575214559,-0.560955963373575
111.13,3.7042,4.6407,0.134602751242529,-0.560955373324553
111.14,3.7046,4.6407,0.134598071416869,-0.560971060172439
111.15,3.7051,4.639,0.134592124301579,-0.560990994951196
111.16,3.7054,4.6386,0.134581224921057,-0.561027529636734
111.17,3.7058,4.6404,0.134558137438781,-0.561104918256292
111.18,3.7061,4.6431,0.134538395562478,-0.561171091912113
111.19,3.7065,4.6438,0.134494289449013,-0.561318931176562
111.2,3.7067,4.6431,0.134472483584115,-0.561392021256429
111.21,3.7069,4.6436,0.134473285545784,-0.561389333209443
111.22,3.7073,4.6445,0.134460852575088,-0.561431006434984
111.23,3.7077,4.6442,0.134461592649485,-0.561428525836109
111.24,3.7079,4.6433,0.134432310626269,-0.561526673438703
111.25,3.7082,4.6434,0.134414856150279,-0.561585176859211
111.26,3.7086,4.6458,0.134435802649684,-0.561514968922685
111.27,3.709,4.6468,0.1344268709709,-0.561544905967224
111.28,3.7093,4.6473,0.134432416687128,-0.561526317945622
111.29,3.7095,4.6476,0.134411581681514,-0.561596152084537
111.3,3.71,4.6477,0.134395420433747,-0.561650320452
111.31,3.7104,4.6476,0.134363470234539,-0.561757408285993
111.32,3.7107,4.6473,0.134339621206916,-0.56183734241742
111.33,3.711,4.6482,0.134328673417035,-0.561874035561926
111.34,3.7113,4.6497,0.134302076296541,-0.561963179075436
111.35,3.7117,4.6504,0.13425493040929,-0.56212119190781
111.36,3.712,4.6499,0.134243619283251,-0.562159101504901
111.37,3.7123,4.6498,0.13426485955423,-0.562087913918867
111.38,3.7126,4.6498,0.134277962952239,-0.562043997065923
111.39,3.7128,4.6505,0.1343577095948,-0.561776716135903
111.4,3.7132,4.6497,0.13440366635783,-0.561622682269255
111.41,3.7136,4.649,0.134422502985602,-0.561559546463834
111.42,3.7139,4.6512,0.134412838009427,-0.561591941179748
111.43,3.7143,4.653,0.134432160361887,-0.561527177092411
111.44,3.7146,4.6536,0.134472453649318,-0.561392121593054
111.45,3.715,4.6529,0.134479599248036,-0.561368170660433
111.46,3.7153,4.6532,0.13441941770386,-0.561569887613042
111.47,3.7158,4.6528,0.134395977000154,-0.561648454989791
111.48,3.7162,4.651,0.134343289693818,-0.561825046901537
111.49,3.7165,4.6513,0.134329796844833,-0.561870270234333
111.5,3.7169,4.6544,0.134339110621458,-0.56183905372412
111.51,3.7172,4.6574,0.134344989957525,-0.561819348191675
111.52,3.7176,4.6584,0.134325657337291,-0.561884144372332
111.53,3.7178,4.6589,0.134344695891078,-0.561820333803403
111.54,3.7182,4.6599,0.134359214036793,-0.561771673724625
111.55,3.7184,4.6598,0.134396703697412,-0.561646019293685
111.56,3.7187,4.6578,0.134417771767243,-0.561575404405676
111.57,3.7191,4.655,0.134561967852243,-0.56109207886422
111.58,3.7195,4.6552,0.134566882971511,-0.561075603552241
111.59,3.7198,4.6559,0.134499547145929,-0.56130130804504
111.6,3.7202,4.6568,0.134553257023544,-0.561121277182853
111.61,3.7205,4.6581,0.134605210396253,-0.560947130191199
111.62,3.7209,4.6608,0.134619132599369,-0.560900462525741
111.63,3.7212,4.663,0.134625890758726,-0.560877808865406
111.64,3.7216,4.6628,0.13462784716622,-0.560871250885946
111.65,3.7221,4.6618,0.134670730666798,-0.560727501841549
111.66,3.7224,4.6614,0.134605694311868,-0.560945508095221
111.67,3.7226,4.6612,0.134598895643425,-0.560968297354485
111.68,3.723,4.6609,0.134594351795309,-0.560983528379828
111.69,3.7234,4.662,0.134659500767913,-0.560765145637277
111.7,3.7236,4.664,0.134544622026989,-0.561150221212251
111.71,3.7239,4.6653,0.134539259390536,-0.561168196420418
111.72,3.7242,4.6647,0.134491624822701,-0.561327862650597
111.73,3.7244,4.663,0.134449398032606,-0.561469399945306
111.74,3.7247,4.6621,0.134412778219884,-0.561592141579765
111.75,3.725,4.6626,0.13434566247024,-0.561817094155026
111.76,3.7252,4.6619,0.134303042372647,-0.561959941169862
111.77,3.7256,4.6619,0.134293664384729,-0.561991372427385
111.78,3.726,4.6638,0.134275948410566,-0.562050748942952
111.79,3.7263,4.6653,0.134278719811779,-0.562041460396902
111.8,3.7267,4.6663,0.134287627058167,-0.562011607062618
111.81,3.727,4.6665,0.134272604541749,-0.562061956140347
111.82,3.7274,4.6671,0.134246922860698,-0.562148029478698
111.83,3.7277,4.6675,0.134270601306719,-0.562068670107603
111.84,3.7281,4.6673,0.134301992193912,-0.561963460954174
111.85,3.7284,4.6669,0.134282049639988,-0.562030300229512
111.86,3.7288,4.6673,0.134315020028254,-0.561919796691793
111.87,3.729,4.6687,0.134326791154978,-0.561880344226256
111.88,3.7294,4.6706,0.134326787625561,-0.561880356055588
111.89,3.7296,4.671,0.134297778042796,-0.5619775851089
111.9,3.7298,4.6705,0.134308103687779,-0.561942977619382
111.91,3.7302,4.6706,0.134301488291415,-0.561965149835768
111.92,3.7306,4.6693,0.13431039777143,-0.561935288735837
111.93,3.7308,4.6686,0.134326772715813,-0.561880406027672
111.94,3.7311,4.6697,0.134348169553029,-0.561808691250433
111.95,3.7315,4.6733,0.134348224937657,-0.561808505619552
111.96,3.7319,4.6739,0.13436402900179,-0.561755535471739
111.97,3.7322,4.6718,0.134358556514598,-0.561773877530372
111.98,3.7326,4.6715,0.134371257092855,-0.561731309116969
111.99,3.7329,4.6722,0.13437938579039,-0.561704064118245
112,3.7333,4.6736,0.134394876551155,-0.561652143401029
112.01,3.7336,4.6746,0.134388924377974,-0.561672093467466
112.02,3.734,4.6744,0.134368645514454,-0.561740062338852
112.03,3.7343,4.6739,0.134365215019582,-0.561751560307085
112.04,3.7347,4.6749,0.13435942914821,-0.561770952739289
112.05,3.7349,4.6759,0.134366868461314,-0.561746018478784
112.06,3.7352,4.6763,0.134373116801626,-0.561725075929229
112.07,3.7355,4.6775,0.134372273239917,-0.561727903296439
112.08,3.7357,4.6792,0.134373891588127,-0.561722479075135
112.09,3.7361,4.6796,0.134393533972123,-0.561656643365233
112.1,3.7365,4.6796,0.134395233703418,-0.561650946322182
112.11,3.7368,4.679,0.134389773346587,-0.561669247958445
112.12,3.7372,4.6775,0.134395019866553,-0.561651663046174
112.13,3.7376,4.6769,0.13439787129684,-0.561642105809142
112.14,3.738,4.6774,0.134397158955735,-0.561644493388392
112.15,3.7385,4.679,0.134383307378582,-0.561690920077709
112.16,3.7388,4.6809,0.134371848253904,-0.56172932772241
112.17,3.7392,4.6812,0.134355504964598,-0.561784105349828
112.18,3.7395,4.6828,0.134346246520393,-0.561815136614656
112.19,3.7398,4.6849,0.13433811553372,-0.561842388914657
112.2,3.7401,4.6843,0.134327541529879,-0.561877829240495
112.21,3.7404,4.6816,0.134325300843939,-0.561885339208515
112.22,3.7407,4.68,0.134325589805305,-0.561884370715026
112.23,3.7411,4.6815,0.13432833213632,-0.561875179412298
112.24,3.7413,4.6829,0.134328750640443,-0.561873776736779
112.25,3.7417,4.6839,0.134320758943952,-0.561900561991634
112.26,3.742,4.6838,0.134305578635806,-0.561951440611274
112.27,3.7424,4.685,0.134292764202473,-0.56199438947121
112.28,3.7427,4.6857,0.134283542386697,-0.562025297172713
112.29,3.7431,4.6856,0.1342719636418,-0.562064104157136
112.3,3.7434,4.6847,0.134256842044943,-0.562114784982975
112.31,3.7438,4.6852,0.134230938552375,-0.562201601166415
112.32,3.7442,4.6863,0.134221767951436,-0.562232336436275
112.33,3.7446,4.6866,0.13421015584855,-0.562271254233901
112.34,3.745,4.6862,0.134209325173139,-0.562274038223606
112.35,3.7453,4.6869,0.134196411751499,-0.562317317139604
112.36,3.7457,4.6882,0.134196806024355,-0.562315995750247
112.37,3.7459,4.6888,0.134194827788563,-0.562322625724463
112.38,3.7463,4.6882,0.134200089845564,-0.562304990149408
112.39,3.7465,4.688,0.134200640152303,-0.562303145816026
112.4,3.7467,4.6878,0.134200057620944,-0.56230509814906
112.41,3.7471,4.6871,0.134189949625761,-0.562338974659285
112.42,3.7473,4.6877,0.134181000940443,-0.562368965675005
112.43,3.7477,4.6881,0.134176796942268,-0.562383055100439
112.44,3.748,4.69,0.134183456488717,-0.562360736054004
112.45,3.7484,4.6917,0.134168522052871,-0.562410787780927
112.46,3.7486,4.6927,0.13417029406411,-0.562404849024107
112.47,3.7491,4.6939,0.134178120891113,-0.562378617974945
112.48,3.7494,4.6949,0.134184856879913,-0.562356042724189
112.49,3.7498,4.6938,0.134162810018703,-0.562429931186421
112.5,3.7502,4.6925,0.134164661356934,-0.56242372658587
112.51,3.7505,4.692,0.13414867450572,-0.562477304984472
112.52,3.7509,4.694,0.134153106939561,-0.562462450142826
112.53,3.7512,4.695,0.134178185094377,-0.562378402801961
112.54,3.7515,4.6952,0.134169911185693,-0.562406132211486
112.55,3.7518,4.6949,0.134208606439287,-0.562276447042958
112.56,3.752,4.6961,0.134202041543959,-0.562298449100051
112.57,3.7524,4.6964,0.134208665928847,-0.562276247665145
112.58,3.7527,4.6952,0.134200953832319,-0.562302094528469
112.59,3.753,4.6957,0.134204046719161,-0.562291728819572
112.6,3.7533,4.6963,0.134200030198387,-0.562305190054767
112.61,3.7537,4.6973,0.134194797829966,-0.562322726129403
112.62,3.754,4.6979,0.134167854161938,-0.562413026163931
112.63,3.7544,4.6984,0.134168332384553,-0.562411423439177
112.64,3.7548,4.6991,0.134155529513202,-0.56245433112745
112.65,3.7551,4.699,0.134161958983075,-0.56243278335741
112.66,3.7555,4.6979,0.134168592467047,-0.562410551793415
112.67,3.7558,4.6975,0.134188652337789,-0.562343322453823
112.68,3.7562,4.6994,0.134204170985754,-0.562291312343883
112.69,3.7565,4.7006,0.134215090424302,-0.562254716096167
112.7,3.7569,4.7016,0.134215376070012,-0.56225375875892
112.71,3.7571,4.7033,0.134234965875521,-0.562188103555922
112.72,3.7575,4.7042,0.134201730080766,-0.562299492958474
112.73,3.7577,4.7021,0.134142824039659,-0.562496912172385
112.74,3.7581,4.6997,0.134129156059892,-0.562542718706406
112.75,3.7583,4.6995,0.134055190705863,-0.562790599925549
112.76,3.7587,4.701,0.134021323082593,-0.56290409849274
112.77,3.759,4.7019,0.133973765817033,-0.563063471683363
112.78,3.7594,4.7021,0.133963007670637,-0.563099523789146
112.79,3.7597,4.703,0.133947281325692,-0.563152224760564
112.8,3.7601,4.7052,0.133945864114161,-0.56315697399896
112.81,3.7605,4.7051,0.133966256173195,-0.563088637603663
112.82,3.7609,4.7037,0.134006344618724,-0.562954294430876
112.83,3.7612,4.7033,0.134034899880193,-0.562858599561897
112.84,3.7616,4.7045,0.134067435894224,-0.562749562959544
112.85,3.762,4.7057,0.134060595086731,-0.562772488396708
112.86,3.7622,4.7063,0.134059725592969,-0.562775402306071
112.87,3.7625,4.7065,0.134035926236986,-0.562855159996965
112.88,3.7628,4.7076,0.13398292228973,-0.563032786892402
112.89,3.7631,4.7097,0.133932971906497,-0.563200177138549
112.9,3.7635,4.7105,0.133890893172159,-0.563341185796197
112.91,3.7637,4.7093,0.133841217764932,-0.563507648274798
112.92,3.7641,4.7086,0.133857338869918,-0.563453626763165
112.93,3.7644,4.7081,0.13378813964764,-0.563685509492026
112.94,3.7648,4.7091,0.133784413839168,-0.563697994281019
112.95,3.7651,4.7103,0.133848147784461,-0.563484425956983
112.96,3.7655,4.7118,0.133884934633185,-0.563361153062351
112.97,3.7659,4.7128,0.133936711517645,-0.563187645333078
112.98,3.7663,4.712,0.133922965860474,-0.56323370829009
112.99,3.7667,4.7115,0.133959703485267,-0.563110596560593
113,3.767,4.7124,0.133949896607311,-0.563143460644618
113.01,3.7674,4.7129,0.133947266277645,-0.56315227518831
113.02,3.7676,4.7118,0.133951882168693,-0.563136806788875
113.03,3.768,4.7098,0.133940846610247,-0.563173788207856
113.04,3.7683,4.7108,0.133928531300865,-0.563215058020602
113.05,3.7686,4.7134,0.133882444408565,-0.563369497875004
113.06,3.7688,4.7168,0.133864697349408,-0.563428968521452
113.07,3.7692,4.7181,0.133870879159981,-0.563408253235951
113.08,3.7694,4.7171,0.133907498314935,-0.563285541141664
113.09,3.7696,4.7153,0.133939769660572,-0.563177397180452
113.1,3.77,4.7149,0.133966405883859,-0.563088135901982
113.11,3.7702,4.716,0.133965733432591,-0.56309038938137
113.12,3.7706,4.7175,0.133944480241641,-0.563161611511836
113.13,3.7709,4.7187,0.133957786771034,-0.563117019721973
113.14,3.7713,4.7188,0.133916905948295,-0.563254015528559
113.15,3.7716,4.7181,0.133910507747542,-0.563275456343537
113.16,3.772,4.7183,0.133884747743,-0.563361779336905
113.17,3.7723,4.7194,0.133872025432294,-0.563404412064552
113.18,3.7727,4.7201,0.133901345589724,-0.563306159272374
113.19,3.7731,4.7194,0.13385991330815,-0.5634449998372
113.2,3.7735,4.7182,0.133851752258793,-0.563472347429739
113.21,3.7739,4.719,0.133838619737195,-0.563516354182107
113.22,3.7741,4.7195,0.133825473140068,-0.563560407863317
113.23,3.7745,4.7205,0.13381698306543,-0.563588857611557
113.24,3.7747,4.7217,0.13381075105449,-0.563609740655991
113.25,3.7751,4.7218,0.133803240342862,-0.563634908468308
113.26,3.7753,4.719,0.133804026636093,-0.563632273664298
113.27,3.7757,4.7159,0.133801171966245,-0.563641839424333
113.28,3.776,4.7169,0.133798207011744,-0.563651774727144
113.29,3.7764,4.7203,0.133801235740503,-0.563641625722248
113.3,3.7767,4.7236,0.133793478081826,-0.563667620932
113.31,3.7771,4.7239,0.133809856293096,-0.563612738936123
113.32,3.7774,4.7236,0.133804822746176,-0.563629605963955
113.33,3.7778,4.7243,0.133796154723859,-0.563658651756978
113.34,3.7781,4.7251,0.133793470819318,-0.563667645267965
113.35,3.7785,4.7249,0.133780023285304,-0.563712706536772
113.36,3.7788,4.7247,0.133782066833349,-0.563705858838757
113.37,3.7792,4.725,0.133781693139669,-0.563707111044377
113.38,3.7795,4.7252,0.133774131988294,-0.563732447573523
113.39,3.7798,4.725,0.133758178532875,-0.563785905468354
113.4,3.78,4.7264,0.133748115888201,-0.563819623864193
113.41,3.7804,4.7282,0.133735576222162,-0.563861642187706
113.42,3.7807,4.7286,0.133725349658533,-0.56389590953162
113.43,3.7811,4.728,0.133718641023166,-0.563918388863252
113.44,3.7813,4.7272,0.133719123577523,-0.563916771919572
113.45,3.7818,4.7273,0.133707586576221,-0.563955430028587
113.46,3.7821,4.7279,0.133700876088984,-0.563977915401312
113.47,3.7825,4.7279,0.133696629563031,-0.563992144547495
113.48,3.7829,4.7289,0.133691193781939,-0.564010358581913
113.49,3.7832,4.7307,0.13368333115199,-0.56403670434874
113.5,3.7836,4.7308,0.133686227043349,-0.56402700092875
113.51,3.7839,4.7302,0.133683250452122,-0.564036974753993
113.52,3.7843,4.7305,0.13369231626125,-0.564006597418921
113.53,3.7846,4.7318,0.133688257739631,-0.564020196557865
113.54,3.7849,4.7321,0.133684217357652,-0.564033734892666
113.55,3.7851,4.7305,0.13368137099882,-0.564043272333557
113.56,3.7855,4.7297,0.133676160318944,-0.564060731997629
113.57,3.7857,4.7315,0.133672096145633,-0.56407434998361
113.58,3.786,4.7341,0.133676379696261,-0.564059996920743
113.59,3.7864,4.7354,0.133672343361171,-0.564073521629393
113.6,3.7867,4.7362,0.133664750614697,-0.564098962886435
113.61,3.787,4.7355,0.133669145382319,-0.564084237208498
113.62,3.7873,4.7353,0.133680734884723,-0.564045403792246
113.63,3.7877,4.7342,0.133686354610117,-0.564026573483608
113.64,3.788,4.7331,0.133700332055027,-0.563979738337209
113.65,3.7884,4.7339,0.133686800777441,-0.564025078485491
113.66,3.7888,4.7354,0.133684007487766,-0.564034438114867
113.67,3.7892,4.7355,0.133680036913985,-0.564047742516367
113.68,3.7896,4.735,0.133678510473983,-0.564052857229967
113.69,3.7899,4.736,0.133666155660441,-0.56409425496097
113.7,3.7903,4.7379,0.133663290742858,-0.564103854516323
113.71,3.7906,4.7387,0.133650846047699,-0.564145553155384
113.72,3.7909,4.7386,0.133643126823241,-0.564171417977033
113.73,3.7912,4.7398,0.133637789191874,-0.564189302741712
113.74,3.7915,4.7414,0.133633718057474,-0.564202943837347
113.75,3.7917,4.741,0.133622484106403,-0.564240585168703
113.76,3.7919,4.7403,0.133617167658139,-0.564258398804253
113.77,3.7923,4.7399,0.133621340448126,-0.564244417187412
113.78,3.7925,4.74,0.133631637498676,-0.564209915129097
113.79,3.7929,4.7399,0.133627647606682,-0.564223283973311
113.8,3.7932,4.7395,0.133638099717537,-0.564188262266587
113.81,3.7936,4.7408,0.133641389780642,-0.564177238278019
113.82,3.794,4.7424,0.133632820484999,-0.564205951318374
113.83,3.7943,4.744,0.133629038917678,-0.564218622140345
113.84,3.7947,4.7437,0.133618053913864,-0.564255429261179
113.85,3.795,4.7436,0.133610535323098,-0.564280621480614
113.86,3.7954,4.7449,0.133596915388049,-0.56432625701428
113.87,3.7957,4.7458,0.133587897854405,-0.564356471405497
113.88,3.7961,4.7459,0.133574041537497,-0.564402898536081
113.89,3.7963,4.7468,0.133569627436689,-0.564417688416143
113.9,3.7967,4.7479,0.133556829883978,-0.56446056772691
113.91,3.7969,4.7487,0.133578876096871,-0.564386699837339
113.92,3.7971,4.7488,0.133568680819037,-0.564420860148449
113.93,3.7975,4.7487,0.133575273225568,-0.564398771638945
113.94,3.7978,4.7488,0.133573641907956,-0.564404237535371
113.95,3.7982,4.7484,0.133578111128406,-0.564389262946633
113.96,3.7986,4.7471,0.133576685151154,-0.564394040834967
113.97,3.7989,4.7461,0.133576363944198,-0.564395117072627
113.98,3.7993,4.7463,0.133568946132812,-0.564419971189583
113.99,3.7996,4.7488,0.133560328230214,-0.564448846236704
114,3.8,4.7507,0.133518062243705,-0.564590460693048
114.01,3.8003,4.7514,0.133491236079539,-0.564680341919825
114.02,3.8007,4.752,0.133461896809015,-0.564778642190282
114.03,3.801,4.7513,0.133452913091868,-0.564808741604998
114.04,3.8014,4.7503,0.133451203526236,-0.564814469391286
114.05,3.8017,4.7494,0.133478522500252,-0.564722938498731
114.06,3.802,4.7512,0.133479775095684,-0.564718741714073
114.07,3.8023,4.7541,0.133518399727392,-0.564589329945582
114.08,3.8026,4.7537,0.133532119829263,-0.564543360271139
114.09,3.8029,4.7529,0.133565480564856,-0.564431582894732
114.1,3.8032,4.7535,0.133576485804751,-0.564394708766055
114.11,3.8035,4.7553,0.133546667397637,-0.564494617858518
114.12,3.8039,4.7568,0.133552777223982,-0.564474146468849
114.13,3.8042,4.7561,0.13352167648737,-0.564578351071842
114.14,3.8047,4.7542,0.133508350999699,-0.564622998389795
114.15,3.805,4.7546,0.133479185594276,-0.564720716821707
114.16,3.8054,4.7555,0.133472516153824,-0.56474306255818
114.17,3.8058,4.7553,0.133452523452279,-0.564810047066958
114.18,3.8062,4.755,0.133425095686767,-0.564901941476192
114.19,3.8066,4.7553,0.133440817897342,-0.564849265665728
114.2,3.8069,4.7545,0.133473810748044,-0.56473872506847
114.21,3.8072,4.7539,0.133486862382748,-0.564694995923669
114.22,3.8074,4.7554,0.133588141464822,-0.564355655159339
114.23,3.8078,4.7573,0.133607518098566,-0.56429073114349
114.24,3.8081,4.7596,0.133686163340031,-0.564027214383033
114.25,3.8084,4.7614,0.133694679635359,-0.563998678304939
114.26,3.8087,4.7626,0.133748014913732,-0.563819962213612
114.27,3.8091,4.7635,0.13372254061411,-0.56390532210039
114.28,3.8094,4.763,0.133746328772553,-0.563825612203048
114.29,3.8098,4.7614,0.133696936088134,-0.563991117452164
114.3,3.8101,4.7623,0.133674744430146,-0.564065476274711
114.31,3.8105,4.7624,0.133622268420849,-0.564241307859433
114.32,3.8108,4.7619,0.133620983778986,-0.564245612266765
114.33,3.8112,4.7604,0.133606296716208,-0.564294823564518
114.34,3.8115,4.7608,0.133631196253902,-0.564211393599429
114.35,3.8119,4.7626,0.133621391195062,-0.564244247151335
114.36,3.8122,4.7642,0.133631943409464,-0.564208890119576
114.37,3.8126,4.764,0.13363171306884,-0.564209661917581
114.38,3.813,4.7637,0.133638678509302,-0.56418632291465
114.39,3.8133,4.7637,0.133648049874967,-0.564154922306726
114.4,3.8135,4.7641,0.133634753996668,-0.564199472731895
114.41,3.8138,4.7648,0.133590094747801,-0.564349110445604
114.42,3.814,4.7659,0.133582424731558,-0.564374809743781
114.43,3.8144,4.7676,0.133538714464312,-0.564521264626764
114.44,3.8146,4.7686,0.133523582508666,-0.564571964888665
114.45,3.815,4.7686,0.133531341362236,-0.564545968558694
114.46,3.8152,4.7683,0.133520041513045,-0.564583829099789
114.47,3.8156,4.7679,0.133499191842964,-0.564653686189271
114.48,3.8159,4.7666,0.133484191170981,-0.564703945764664
114.49,3.8163,4.7652,0.133452307331033,-0.564810771166968
114.5,3.8166,4.7665,0.133459945031969,-0.564785181513667
114.51,3.817,4.7693,0.133464103494144,-0.564771248804837
114.52,3.8173,4.7711,0.133474427374404,-0.56473665908401
114.53,3.8178,4.7695,0.133468195380807,-0.564757539130516
114.54,3.8182,4.7677,0.133475311222443,-0.564733697782003
114.55,3.8185,4.768,0.133468167319719,-0.564757633147956
114.56,3.8189,4.7696,0.133485023592266,-0.56470115675504
114.57,3.8191,4.7698,0.133490022610977,-0.564684407630223
114.58,3.8193,4.7687,0.133485516403358,-0.564699505601618
114.59,3.8197,4.7693,0.133470312023937,-0.564750447407953
114.6,3.82,4.7715,0.133473062500234,-0.564741232045166
114.61,3.8203,4.7744,0.133478241097668,-0.564723881329627
114.62,3.8206,4.775,0.133457049430902,-0.564794883058704
114.63,3.821,4.7746,0.133469353502441,-0.564753658894122
114.64,3.8213,4.7735,0.1334721197479,-0.564744390701001
114.65,3.8217,4.772,0.133474812329773,-0.564735369304614
114.66,3.822,4.7724,0.133473888976764,-0.564738462965985
114.67,3.8224,4.7738,0.133464655879488,-0.564769398065
114.68,3.8228,4.7755,0.133471086543133,-0.564747852412865
114.69,3.8231,4.7768,0.133464387569832,-0.564770297023315
114.7,3.8235,4.7769,0.133464922828137,-0.564768503666572
114.71,3.8238,4.7776,0.133461823485865,-0.564778887855623
114.72,3.8242,4.7778,0.133455116445533,-0.564801359408713
114.73,3.8244,4.7762,0.133449464508275,-0.564820295851519
114.74,3.8246,4.7753,0.13345337403203,-0.564807197254863
114.75,3.825,4.7763,0.133451266360156,-0.564814258870473
114.76,3.8254,4.7774,0.133457473837621,-0.564793461109092
114.77,3.8256,4.7787,0.133451640676624,-0.564813004748281
114.78,3.8259,4.7786,0.133445879471056,-0.564832307259341
114.79,3.8263,4.7783,0.133443617260797,-0.564839886622035
114.8,3.8267,4.7795,0.133454424950664,-0.564803676219002
114.81,3.827,4.7798,0.13344602243898,-0.564831828255992
114.82,3.8274,4.7797,0.133451865124242,-0.564812252751513
114.83,3.8278,4.7805,0.13343841713482,-0.564857309220238
114.84,3.8282,4.7816,0.133432082050169,-0.564878534354651
114.85,3.8285,4.7822,0.133429241597104,-0.564888051020611
114.86,3.8289,4.7828,0.133434749993098,-0.564869595657268
114.87,3.8292,4.783,0.133435513012526,-0.564867039229053
114.88,3.8295,4.7838,0.133435187174218,-0.5648681309212
114.89,3.8297,4.7847,0.133431279275013,-0.564881223977056
114.9,3.8301,4.7859,0.133432116453286,-0.564878419090238
114.91,3.8304,4.7853,0.133436442189008,-0.56486392610544
114.92,3.8307,4.783,0.133430017456019,-0.564885451580723
114.93,3.831,4.7818,0.133425943490312,-0.564899100997611
114.94,3.8314,4.7821,0.133431408333539,-0.564880791578704
114.95,3.8317,4.7839,0.133421270799185,-0.56491475635633
114.96,3.8321,4.786,0.133417080839398,-0.56492879434905
114.97,3.8324,4.7882,0.133429605976976,-0.564886830201367
114.98,3.8328,4.7877,0.133418143463377,-0.564925234148272
114.99,3.8331,4.7878,0.133405381158441,-0.564967992696573
115,3.8335,4.7888,0.13340216396477,-0.564978771476739
115.01,3.8339,4.7884,0.133408529744185,-0.564957443764359
115.02,3.8342,4.7873,0.13340067885067,-0.564983747149506
115.03,3.8346,4.7875,0.133401249295485,-0.564981835952111
115.04,3.8349,4.7894,0.133389895207891,-0.565019876186621
115.05,3.8353,4.791,0.133397698124136,-0.564993733659116
115.06,3.8355,4.7907,0.133397287673303,-0.564995108816576
115.07,3.8359,4.7905,0.133383691446811,-0.565040660919252
115.08,3.8362,4.7917,0.133382005861529,-0.565046308200341
115.09,3.8365,4.7928,0.133380284605511,-0.565052074986425
115.1,3.8367,4.7927,0.133378551678327,-0.56505788087072
115.11,3.837,4.7918,0.133370755327311,-0.565084001196895
115.12,3.8373,4.793,0.133354516735374,-0.565138405523015
115.13,3.8376,4.795,0.133350175637893,-0.565152949486263
115.14,3.838,4.7946,0.133360101880036,-0.565119693594811
115.15,3.8383,4.7946,0.133356851558245,-0.565130583163633
115.16,3.8387,4.7954,0.133385994137774,-0.565032946118985
115.17,3.8389,4.7955,0.133378036640206,-0.565059606419483
115.18,3.8393,4.7951,0.133394053287818,-0.565005945159551
115.19,3.8396,4.7952,0.133406565328143,-0.564964025289651
115.2,3.84,4.7969,0.133416828172283,-0.564929640881253
115.21,3.8403,4.7995,0.133429586629706,-0.564886895022516
115.22,3.8407,4.8013,0.133438902937555,-0.564855681579349
115.23,3.8411,4.8006,0.13344471478864,-0.5648362094397
115.24,3.8414,4.7999,0.133455327572434,-0.564800652041115
115.25,3.8416,4.7989,0.133446723638789,-0.56482947893802
115.26,3.842,4.7964,0.133445236889071,-0.564834460181918
115.27,3.8422,4.7955,0.133447326885509,-0.564827457804068
115.28,3.8426,4.7967,0.133449434222899,-0.564820397320553
115.29,3.8429,4.7988,0.133462335526583,-0.564777172290086
115.3,3.8432,4.7994,0.133448901842085,-0.564822181025049
115.31,3.8435,4.7992,0.133459355802841,-0.564787155692946
115.32,3.8439,4.8,0.133456728687879,-0.564795957689067
115.33,3.8442,4.7999,0.133481749672601,-0.564712125947005
115.34,3.8446,4.7992,0.133488940382847,-0.564688033619576
115.35,3.845,4.7982,0.133487814777478,-0.564691804942013
115.36,3.8453,4.7994,0.133481805191924,-0.564711939930923
115.37,3.8457,4.8016,0.133481743622019,-0.564712146219326
115.38,3.846,4.8031,0.133447933754787,-0.564825424532494
115.39,3.8464,4.8037,0.133440204215798,-0.564851321755293
115.4,3.8467,4.8044,0.13342148303318,-0.564914045289367
115.41,3.847,4.8056,0.133401310649061,-0.564981630395312
115.42,3.8472,4.807,0.133395384739697,-0.565001484323438
115.43,3.8475,4.8073,0.133386889058455,-0.565029947827439
115.44,3.8479,4.8063,0.133394988683508,-0.565002811252423
115.45,3.8481,4.8054,0.133405615126785,-0.564967208816151
115.46,3.8485,4.8056,0.133399559705074,-0.564987496692578
115.47,3.8488,4.8059,0.13341874550502,-0.564923217075532
115.48,3.8493,4.8061,0.133418825669042,-0.564922948494964
115.49,3.8497,4.8059,0.133386155182303,-0.565032406564602
115.5,3.85,4.8033,0.133385521413705,-0.565034529906476
115.51,3.8505,4.801,0.133345184353276,-0.565169671737065
115.52,3.8509,4.8015,0.133325000445389,-0.565237293331457
115.53,3.8512,4.8048,0.133262440192328,-0.565446883672221
115.54,3.8516,4.8075,0.133228019221124,-0.565562199051718
115.55,3.8518,4.8084,0.133172713456609,-0.565747478183021
115.56,3.8522,4.8094,0.13313726057398,-0.565866246214868
115.57,3.8524,4.8103,0.133090687508455,-0.566022264504331
115.58,3.8527,4.8095,0.133107465780476,-0.565966058170351
115.59,3.8531,4.8084,0.133077502754737,-0.566066432467973
115.6,3.8533,4.8092,0.133107512843126,-0.565965900512389
115.61,3.8537,4.8115,0.133094633624135,-0.566009045257989
115.62,3.854,4.8136,0.133123767311375,-0.565911448523027
115.63,3.8544,4.8135,0.133132732723002,-0.56588141450279
115.64,3.8547,4.8125,0.133155076679452,-0.565806562038092
115.65,3.8551,4.8133,0.13316925601181,-0.565759060784579
115.66,3.8555,4.8146,0.133180020933505,-0.565722997739972
115.67,3.8559,4.8141,0.133188570877273,-0.565694354872341
115.68,3.8563,4.8127,0.133176907959522,-0.565733426380264
115.69,3.8566,4.8129,0.133179656578841,-0.565724218349558
115.7,3.857,4.8141,0.133175286024086,-0.565738859951143
115.71,3.8573,4.8159,0.133180518196236,-0.565721331880244
115.72,3.8576,4.8175,0.13317991126169,-0.565723365147033
115.73,3.8579,4.8181,0.133167343700969,-0.565765467108144
115.74,3.8583,4.8174,0.133175303210468,-0.565738802375858
115.75,3.8585,4.8166,0.133173876489901,-0.565743581963474
115.76,3.8588,4.8173,0.133167689615179,-0.565764308281035
115.77,3.859,4.8198,0.13316630741556,-0.565768938706729
115.78,3.8594,4.8217,0.133176876289164,-0.5657335324777
115.79,3.8596,4.8194,0.133192210744745,-0.565682161049063
115.8,3.8599,4.8173,0.133195559795765,-0.565670941466142
115.81,3.8602,4.8179,0.133198801506934,-0.565660081465414
115.82,3.8605,4.8192,0.133187588212999,-0.56569764686668
115.83,3.8609,4.8187,0.133196597007015,-0.565667466724182
115.84,3.8612,4.8178,0.13320312839437,-0.565645586011826
115.85,3.8616,4.8183,0.133214371929724,-0.565607919058688
115.86,3.862,4.8207,0.133217222805362,-0.565598368316267
115.87,3.8623,4.8224,0.133214014070227,-0.565609117926003
115.88,3.8627,4.8224,0.133196409000389,-0.565668096561763
115.89,3.863,4.822,0.133191806878261,-0.565683514032339
115.9,3.8634,4.8225,0.133194289343719,-0.565675197581705
115.91,3.8637,4.8212,0.13319425532778,-0.565675311537781
115.92,3.864,4.821,0.133189445884597,-0.565691423535226
115.93,3.8643,4.8228,0.133187000197368,-0.565699616759712
115.94,3.8647,4.8247,0.133183361806729,-0.565711805609391
115.95,3.8649,4.8251,0.133182019910082,-0.56571630104746
115.96,3.8653,4.8253,0.133180720408,-0.565720654458706
115.97,3.8655,4.8256,0.133179481449577,-0.565724805042841
115.98,3.8658,4.8257,0.133172352967772,-0.56574868583823
115.99,3.8662,4.825,0.133171319202708,-0.56575214900069
116,3.8666,4.824,0.133173921038758,-0.565743432722545
116.01,3.8669,4.8238,0.133165923246491,-0.565770225688478
116.02,3.8673,4.8259,0.13316882294161,-0.565760511588816
116.03,3.8676,4.8265,0.133170581743483,-0.5657546195235
116.04,3.8681,4.8267,0.133172440301835,-0.565748393264872
116.05,3.8684,4.8278,0.133167126489954,-0.565766194774068
116.06,3.8688,4.8299,0.133169035019629,-0.565759801118148
116.07,3.869,4.8299,0.133171039091239,-0.565753087387267
116.08,3.8693,4.8287,0.13316362009358,-0.565777941338599
116.09,3.8696,4.8286,0.133168182524674,-0.565762657013275
116.1,3.87,4.8302,0.13317170319221,-0.565750862617644
116.11,3.8702,4.8317,0.133168138390609,-0.565762804864282
116.12,3.8706,4.8319,0.133177793574119,-0.565730459522239
116.13,3.871,4.8324,0.133167094214386,-0.565766302898557
116.14,3.8714,4.8333,0.133175544599945,-0.565737993708362
116.15,3.8717,4.8329,0.133168447125433,-0.565761770589345
116.16,3.8721,4.8321,0.133178093202974,-0.56572945574871
116.17,3.8725,4.8312,0.133177050165692,-0.56573294998178
116.18,3.8728,4.8307,0.13317247403646,-0.565748280252234
116.19,3.8733,4.8301,0.133166689788095,-0.565767657743239
116.2,3.8736,4.8297,0.133165713469787,-0.565770928448744
116.21,3.8739,4.8301,0.133160009581107,-0.565790036678437
116.22,3.8742,4.8326,0.133154296694194,-0.565809175007634
116.23,3.8745,4.8341,0.13316656915271,-0.565768061876692
116.24,3.8748,4.8348,0.133166905880783,-0.56576693382389
116.25,3.8751,4.835,0.133164852815921,-0.565773811672637
116.26,3.8754,4.8345,0.133166405214957,-0.565768611074804
116.27,3.8758,4.8343,0.133165571239272,-0.565771404926566
116.28,3.8761,4.8339,0.133169618622787,-0.565757846021643
116.29,3.8764,4.8352,0.133174953347706,-0.565739974434446
116.3,3.8767,4.8377,0.133168409476118,-0.565761896716176
116.31,3.8772,4.8397,0.133176173906674,-0.565735885497203
116.32,3.8775,4.8396,0.133169664696437,-0.565757691672848
116.33,3.8779,4.8392,0.133164470464843,-0.565775092563278
116.34,3.8782,4.8388,0.133159287816102,-0.565792454613649
116.35,3.8786,4.8388,0.133158895108581,-0.565793770195758
116.36,3.879,4.8388,0.133162082856731,-0.56578309113663
116.37,3.8793,4.8399,0.133149643274019,-0.565824764060748
116.38,3.8797,4.8423,0.133144336732087,-0.565842541048773
116.39,3.88,4.8447,0.133141457824229,-0.565852185413237
116.4,3.8802,4.8452,0.133134998488578,-0.565873824198071
116.41,3.8806,4.8435,0.133136875341965,-0.56586753674212
116.42,3.8808,4.8426,0.133134003079388,-0.565877158815352
116.43,3.8811,4.842,0.133133432362802,-0.565879070713288
116.44,3.8813,4.8411,0.133126870238436,-0.565901053767519
116.45,3.8817,4.84,0.13312494181137,-0.565907513968583
116.46,3.8819,4.8411,0.133124182106982,-0.565910058965214
116.47,3.8823,4.8433,0.133108929042313,-0.565961156301333
116.48,3.8826,4.8444,0.133094744083124,-0.566008675226819
116.49,3.883,4.8436,0.133084058384298,-0.566044471616832
116.5,3.8832,4.8438,0.133068499160784,-0.566096593713747
116.51,3.8836,4.845,0.133068373376271,-0.566097015079983
116.52,3.8839,4.8452,0.133063526454955,-0.566113251791925
116.53,3.8843,4.8444,0.133067064640826,-0.5661013992188
116.54,3.8847,4.845,0.133068326551688,-0.566097171937907
116.55,3.8851,4.8463,0.133062447478496,-0.566116866253041
116.56,3.8854,4.846,0.133050508650092,-0.566156860003838
116.57,3.8858,4.8459,0.133051723954621,-0.566152788877446
116.58,3.8862,4.8469,0.133041026839325,-0.566188622878304
116.59,3.8865,4.8475,0.133030378592734,-0.56622429301866
116.6,3.8867,4.8473,0.133031716662401,-0.566219810680547
116.61,3.887,4.8471,0.13302113339174,-0.566255263025441
116.62,3.8873,4.8501,0.133016499637644,-0.566270785347413
116.63,3.8876,4.8529,0.133016663335056,-0.566270236988232
116.64,3.8879,4.8532,0.13301807516203,-0.56626550760049
116.65,3.8883,4.8527,0.133026801087308,-0.566236277127646
116.66,3.8886,4.8531,0.133024833523131,-0.566242868166337
116.67,3.8889,4.8535,0.133031424368013,-0.566220789824302
116.68,3.8892,4.8524,0.133034583854268,-0.56621020599792
116.69,3.8896,4.8508,0.133039073767537,-0.566195165407975
116.7,3.89,4.8508,0.133036522501289,-0.566203711801292
116.71,3.8904,4.8521,0.133025672617375,-0.566240057329764
116.72,3.8908,4.8531,0.133020876788178,-0.566256122606376
116.73,3.8911,4.8527,0.133001703443367,-0.566320349991954
116.74,3.8915,4.8529,0.133005303707408,-0.566308289769331
116.75,3.8918,4.854,0.132996982801237,-0.566336163248157
116.76,3.8921,4.8536,0.133017684835205,-0.566266815131315
116.77,3.8923,4.8532,0.133018303733471,-0.566264741923564
116.78,3.8926,4.8539,0.133027441084226,-0.566234133234829
116.79,3.893,4.8554,0.133031921351912,-0.566219125000338
116.8,3.8934,4.8564,0.133030501135244,-0.566223882519236
116.81,3.8937,4.8553,0.133040012888149,-0.566192019479993
116.82,3.8941,4.8554,0.133064176984943,-0.566111072582028
116.83,3.8944,4.8567,0.133074222600066,-0.566077420709785
116.84,3.8948,4.8566,0.133085660355682,-0.566039105127812
116.85,3.8951,4.8563,0.133092574067743,-0.566015944648697
116.86,3.8955,4.8568,0.133094898309556,-0.566008158577239
116.87,3.8958,4.8581,0.133087669690097,-0.566032373996916
116.88,3.8962,4.8587,0.133103247510939,-0.565980189189204
116.89,3.8964,4.8594,0.133085261613241,-0.566040440886668
116.9,3.8968,4.8611,0.133085140365086,-0.566040847059329
116.91,3.8971,4.8644,0.133070598457898,-0.566089561263514
116.92,3.8974,4.8662,0.133063071779196,-0.566114774909551
116.93,3.8977,4.8649,0.133063788997547,-0.566112372300771
116.94,3.8981,4.8626,0.133048838586019,-0.566162454517579
116.95,3.8984,4.8611,0.133033847661174,-0.566212672140557
116.96,3.8988,4.8611,0.133029563551414,-0.56622702328693
116.97,3.8991,4.8619,0.133015668960346,-0.566273567978026
116.98,3.8995,4.8634,0.132996911962941,-0.566336400542787
116.99,3.8998,4.8629,0.132988840072223,-0.566363439774575
117,3.9002,4.8617,0.132985471970218,-0.566374722221268
117.01,3.9006,4.8613,0.132971250020619,-0.56642236264548
117.02,3.9009,4.8621,0.132960521844769,-0.566458299506664
117.03,3.9013,4.8636,0.132950932484274,-0.566490421470655
117.04,3.9016,4.8639,0.132950863464513,-0.566490652669164
117.05,3.902,4.8642,0.132947094146065,-0.566503278910067
117.06,3.9022,4.8658,0.132948060335485,-0.566500042427526
117.07,3.9026,4.8677,0.132933400846605,-0.566549147753406
117.08,3.9029,4.8689,0.132934177278855,-0.566546546922624
117.09,3.9033,4.8692,0.132933662101058,-0.566548272624183
117.1,3.9035,4.8694,0.132938966909257,-0.566530502982639
117.11,3.9037,4.8688,0.132934662480594,-0.566544921632146
117.12,3.9041,4.8685,0.132927864322573,-0.566567693535656
117.13,3.9043,4.8685,0.132916182484092,-0.56660682423663
117.14,3.9047,4.8686,0.132904497770505,-0.566645964380448
117.15,3.905,4.8684,0.132908476380828,-0.566632637298655
117.16,3.9053,4.8689,0.132910233846194,-0.566626750340554
117.17,3.9056,4.8692,0.132902452029152,-0.56665281695619
117.18,3.906,4.8689,0.132901861600948,-0.566654794699755
117.19,3.9063,4.8693,0.13288805877175,-0.566701029577618
117.2,3.9067,4.8708,0.132889810141522,-0.566695163087073
117.21,3.907,4.8718,0.132879667458193,-0.56672913755336
117.22,3.9074,4.8723,0.132874354222841,-0.566746934989825
117.23,3.9078,4.8728,0.132872705571061,-0.566752457375223
117.24,3.9081,4.8738,0.13286765910904,-0.566769361169094
117.25,3.9085,4.8744,0.132872212685262,-0.566754108363126
117.26,3.9088,4.8741,0.132864815714312,-0.566778885481426
117.27,3.9091,4.8754,0.132865730493923,-0.566775821311969
117.28,3.9093,4.8769,0.132861799180243,-0.566788989733838
117.29,3.9096,4.8773,0.132863693622453,-0.566782644067778
117.3,3.91,4.8763,0.132870365709736,-0.566760295055436
117.31,3.9102,4.8758,0.132867368128993,-0.566770335844285
117.32,3.9106,4.8766,0.132863080689773,-0.566784697161353
117.33,3.9109,4.8756,0.132863498516228,-0.566783297600187
117.34,3.9113,4.8733,0.1328554547749,-0.566810241060104
117.35,3.9117,4.8732,0.132847373946014,-0.566837308659498
117.36,3.912,4.8764,0.132846392041843,-0.566840597646262
117.37,3.9124,4.8777,0.132839343310435,-0.566864208042004
117.38,3.9127,4.8779,0.132835826136381,-0.566875989125185
117.39,3.9131,4.8783,0.132825098942873,-0.566911920696158
117.4,3.9134,4.8785,0.132822750226008,-0.566919787885274
117.41,3.9138,4.8786,0.132821517465289,-0.566923917099281
117.42,3.9141,4.8781,0.132815457602282,-0.566944214982986
117.43,3.9144,4.8784,0.132812901480602,-0.566952776854547
117.44,3.9147,4.8796,0.132803121754634,-0.566985534506925
117.45,3.9151,4.8802,0.132799280463671,-0.566998401055775
117.46,3.9153,4.8796,0.132787045402727,-0.567039382718152
117.47,3.9157,4.8791,0.132780729616152,-0.56706053753281
117.48,3.916,4.8813,0.13277918616266,-0.567065707343322
117.49,3.9164,4.8831,0.132770429858695,-0.56709503659537
117.5,3.9167,4.8832,0.132767569015178,-0.567104618971754
117.51,3.9171,4.8837,0.132751488294234,-0.567158481030274
117.52,3.9174,4.8851,0.132746124049057,-0.567176448384823
117.53,3.9179,4.8854,0.132757404655744,-0.567138664335147
117.54,3.9183,4.8851,0.132765036581102,-0.567113101333493
117.55,3.9186,4.8845,0.13275953609172,-0.567131525135369
117.56,3.9189,4.8842,0.132759975680749,-0.567130052740426
117.57,3.9192,4.8853,0.132759181776519,-0.567132711907086
117.58,3.9194,4.8873,0.132761897033962,-0.567123617201907
117.59,3.9198,4.8878,0.132759839463368,-0.567130508997935
117.6,3.92,4.8874,0.132761324354594,-0.567125535381826
117.61,3.9204,4.887,0.132758008056273,-0.567136643258456
117.62,3.9207,4.886,0.132759438306679,-0.567131852664436
117.63,3.921,4.8865,0.132756160338034,-0.567142832148138
117.64,3.9213,4.8878,0.132762444580644,-0.567121783203073
117.65,3.9217,4.8897,0.132749576449899,-0.567164884691599
117.66,3.922,4.89,0.132748637437234,-0.567168029882581
117.67,3.9224,4.8903,0.132750065199495,-0.567163247640971
117.68,3.9227,4.8924,0.132749040624739,-0.567166679419895
117.69,3.9231,4.894,0.132744360159182,-0.567182356464584
117.7,3.9235,4.8933,0.132740880956738,-0.567194009903775
117.71,3.9238,4.8922,0.132741014720115,-0.567193561869395
117.72,3.9242,4.8916,0.132748425902304,-0.567168738411467
117.73,3.9245,4.8918,0.132755855287995,-0.567143853905766
117.74,3.9249,4.8913,0.132750114232245,-0.567163083407375
117.75,3.9251,4.8898,0.132756346154633,-0.567142209759933
117.76,3.9255,4.8899,0.132754326811564,-0.567148973498174
117.77,3.9257,4.8913,0.132765587451098,-0.567111256200893
117.78,3.9261,4.892,0.132760266686501,-0.567129078022147
117.79,3.9263,4.8922,0.132762236225203,-0.567122481086331
117.8,3.9265,4.893,0.132755950623046,-0.567143534583362
117.81,3.9269,4.8946,0.132761709242886,-0.567124246205011
117.82,3.9272,4.895,0.132753234807022,-0.567152631137271
117.83,3.9275,4.8947,0.132754353339761,-0.567148884642688
117.84,3.9279,4.8957,0.132745928731385,-0.567177102593895
117.85,3.9283,4.8963,0.132749398283382,-0.56716548145438
117.86,3.9287,4.8976,0.132746851739575,-0.567174011012807
117.87,3.929,4.8976,0.132740712668815,-0.567194573576525
117.88,3.9294,4.8985,0.132734591494196,-0.567215076146213
117.89,3.9297,4.8996,0.13273805790077,-0.567203465596275
117.9,3.9301,4.9008,0.132743982122591,-0.567183622682718
117.91,3.9304,4.9002,0.132747542187871,-0.567171698381539
117.92,3.9308,4.8998,0.132736781013785,-0.567207742465262
117.93,3.9311,4.8999,0.132741571570133,-0.567191696725186
117.94,3.9314,4.8992,0.132741616757007,-0.567191545373758
117.95,3.9317,4.8985,0.132735614408648,-0.567211649948763
117.96,3.932,4.8981,0.132737909493796,-0.567203962678115
117.97,3.9323,4.8987,0.132737788653133,-0.567204367427934
117.98,3.9327,4.8998,0.132736465878579,-0.5672087979945
117.99,3.933,4.9013,0.132739963307915,-0.567197083526326
118,3.9334,4.9035,0.132737514580996,-0.567205285418914
118.01,3.9337,4.9054,0.132738571076897,-0.567201746737916
118.02,3.9341,4.9074,0.132731216393473,-0.567226380856022
118.03,3.9344,4.9079,0.132733237817415,-0.567219610212245
118.04,3.9348,4.9074,0.132735172421701,-0.567213130360664
118.05,3.9351,4.9072,0.132715372790051,-0.567279447903948
118.06,3.9355,4.9074,0.132715773521584,-0.567278105685806
118.07,3.9359,4.9064,0.132710201829194,-0.567296767602981
118.08,3.9362,4.9068,0.132703438241751,-0.567319421615437
118.09,3.9366,4.9071,0.132701474874193,-0.567325997722236
118.1,3.9368,4.9062,0.132682706078144,-0.56738886169341
118.11,3.9372,4.9054,0.132685350401614,-0.567380004858734
118.12,3.9375,4.906,0.132683186567696,-0.567387252353751
118.13,3.9377,4.9079,0.1326810228857,-0.567394499333482
118.14,3.9381,4.9084,0.13268010803846,-0.567397563496895
118.15,3.9385,4.9073,0.132675693786697,-0.567412348450435
118.16,3.9387,4.9066,0.132666525667976,-0.567443055768095
118.17,3.939,4.9079,0.132666897804026,-0.567441809353251
118.18,3.9394,4.9094,0.13266131738068,-0.567460500138628
118.19,3.9397,4.9081,0.132660541006174,-0.56746310048441
118.2,3.9401,4.9068,0.132650242551973,-0.567497593478199
118.21,3.9405,4.9073,0.132662685722638,-0.567455917087819
118.22,3.9408,4.9098,0.132660673720943,-0.567462655976969
118.23,3.9412,4.9112,0.132652623350589,-0.567489619394253
118.24,3.9414,4.9114,0.13264927808813,-0.567500823785167
118.25,3.9418,4.912,0.132648406874622,-0.567503741764957
118.26,3.9421,4.9116,0.132642817813764,-0.567522461338111
118.27,3.9423,4.9109,0.132643292550256,-0.56752087129367
118.28,3.9427,4.9115,0.132646195899193,-0.567511147042171
118.29,3.9429,4.9123,0.132651638715084,-0.567492917265972
118.3,3.9433,4.9131,0.13266207288601,-0.567457969690109
118.31,3.9436,4.913,0.132673903467636,-0.567418344880141
118.32,3.944,4.9141,0.132675187510178,-0.567414044155089
118.33,3.9444,4.9156,0.132675333525591,-0.567413555096267
118.34,3.9447,4.9159,0.132669566353365,-0.567432871435032
118.35,3.9451,4.915,0.132670979452194,-0.567428138461887
118.36,3.9454,4.9145,0.132662890093194,-0.567455232579874
118.37,3.9458,4.9151,0.132654852887868,-0.567482151927608
118.38,3.9461,4.9166,0.132655203847483,-0.567480976445756
118.39,3.9465,4.9179,0.132647180305333,-0.567507849946046
118.4,3.947,4.918,0.132649894975607,-0.567498757626036
118.41,3.9473,4.9187,0.132645347564201,-0.567513988390722
118.42,3.9475,4.9194,0.13263836341915,-0.567537380516108
118.43,3.9479,4.9195,0.132632552929001,-0.567556841646403
118.44,3.9481,4.9185,0.13263877318856,-0.567536008069745
118.45,3.9484,4.9189,0.13262942292719,-0.567567324972181
118.46,3.9487,4.9213,0.132626023774932,-0.567578709749204
118.47,3.949,4.9226,0.132621382977095,-0.567594253142762
118.48,3.9493,4.9222,0.132617896424873,-0.567605930609601
118.49,3.9497,4.9199,0.132621494330536,-0.567593880187763
118.5,3.9499,4.9199,0.132616603272378,-0.56761026174523
118.51,3.9503,4.9192,0.132621227608246,-0.567594773518108
118.52,3.9506,4.919,0.132614991741421,-0.567615659217693
118.53,3.951,4.9198,0.132608695930986,-0.567636745631262
118.54,3.9513,4.9212,0.132609546114795,-0.567633898133307
118.55,3.9517,4.9216,0.132613988891311,-0.56761901804423
118.56,3.952,4.9215,0.132618453023595,-0.567604066401413
118.57,3.9524,4.9224,0.132618138502465,-0.567605119822617
118.58,3.9527,4.9227,0.132616588315322,-0.567610311840655
118.59,3.9531,4.9242,0.132615070953978,-0.567615393912543
118.6,3.9534,4.9254,0.132618420890515,-0.567604174024291
118.61,3.9538,4.9258,0.132615798177995,-0.567612958234219
118.62,3.954,4.925,0.132612058879452,-0.567625482191843
118.63,3.9544,4.9243,0.132609547044433,-0.567633895019694
118.64,3.9546,4.9226,0.132609437757813,-0.567634261050511
118.65,3.955,4.9224,0.13260573499489,-0.567646662607793
118.66,3.9553,4.926,0.132605712341978,-0.567646738478481
118.67,3.9556,4.9295,0.132601051087877,-0.56766235025571
118.68,3.9559,4.9302,0.13258572701291,-0.567713674439527
118.69,3.9563,4.9303,0.132600315793115,-0.567664812950308
118.7,3.9566,4.9311,0.13258986057388,-0.567699830135335
118.71,3.957,4.9312,0.132584275721103,-0.567718535164295
118.72,3.9573,4.9305,0.132578788920197,-0.567736911751912
118.73,3.9577,4.9302,0.132586598226745,-0.567710756533788
118.74,3.958,4.9312,0.132593227666477,-0.567688552903349
118.75,3.9584,4.9324,0.132586694124602,-0.56771043534862
118.76,3.9588,4.9327,0.13258859247406,-0.56770407731352
118.77,3.959,4.9325,0.132582131334686,-0.567725717224045
118.78,3.9593,4.9327,0.132572101990263,-0.567759307798099
118.79,3.9596,4.9335,0.1325680769494,-0.567772788543909
118.8,3.9599,4.9338,0.132560499654121,-0.567798166509391
118.81,3.9602,4.9327,0.132556494169262,-0.567811581693943
118.82,3.9605,4.9318,0.132557255317637,-0.567809032454719
118.83,3.9609,4.9316,0.132552024830242,-0.567826550394492
118.84,3.9612,4.9312,0.132556460102346,-0.56781169579089
118.85,3.9617,4.9324,0.132553757099974,-0.567820748683727
118.86,3.9621,4.9358,0.132549829185417,-0.567833904033307
118.87,3.9624,4.9374,0.132544724196421,-0.567851001602318
118.88,3.9629,4.9362,0.13253961708621,-0.56786810623979
118.89,3.9632,4.9348,0.132534531761073,-0.567885137879439
118.9,3.9636,4.9371,0.132527011843978,-0.567910323326394
118.91,3.9638,4.9385,0.132517106907089,-0.567943496480618
118.92,3.9642,4.9392,0.132514390584444,-0.56795259383857
118.93,3.9644,4.9388,0.132502144147747,-0.567993608802685
118.94,3.9648,4.939,0.132501823759299,-0.567994681823931
118.95,3.9651,4.9403,0.132485948191741,-0.568047850921367
118.96,3.9654,4.9406,0.132492702060494,-0.568025231482313
118.97,3.9657,4.9398,0.132491073906024,-0.568030684353982
118.98,3.9661,4.9404,0.132483465276756,-0.568056166457196
118.99,3.9664,4.9421,0.132468685396833,-0.568105665608775
119,3.9668,4.9416,0.132469459836664,-0.568103071947359
119.01,3.9671,4.9392,0.13246419089229,-0.56812071805046
119.02,3.9675,4.9385,0.13245419987792,-0.568154178627087
119.03,3.9678,4.9398,0.132451401385575,-0.568163550940851
119.04,3.9682,4.9414,0.132443824011803,-0.5681889279526
119.05,3.9686,4.9413,0.132440995510452,-0.56819840072783
119.06,3.9689,4.9426,0.132445368613101,-0.568183755010379
119.07,3.9693,4.9447,0.13244021062171,-0.568201029352742
119.08,3.9696,4.9465,0.132437430275901,-0.568210340839215
119.09,3.9699,4.9472,0.132430994480308,-0.568231894528667
119.1,3.9702,4.9472,0.13242321725591,-0.568257940630907
119.11,3.9704,4.9476,0.132428508500185,-0.568240220141959
119.12,3.9708,4.9476,0.132418220073225,-0.568274676265998
119.13,3.971,4.9466,0.132413824241116,-0.568289397941144
119.14,3.9713,4.9466,0.13242357129408,-0.568256754950791
119.15,3.9716,4.9489,0.132425988525943,-0.56824865959378
119.16,3.9719,4.951,0.132416372532414,-0.568280863697456
119.17,3.9722,4.951,0.132418621024894,-0.568273333474486
119.18,3.9726,4.9497,0.132417203155507,-0.568278081933529
119.19,3.9729,4.9485,0.132412132122369,-0.568295064852603
119.2,3.9733,4.9473,0.132406955629608,-0.568312400920058
119.21,3.9737,4.9468,0.132399327887751,-0.568337946150326
119.22,3.9741,4.9473,0.132399978569935,-0.568335767025399
119.23,3.9745,4.9498,0.132404118442418,-0.568321902640591
119.24,3.9748,4.9523,0.132410554204577,-0.568300349301122
119.25,3.9752,4.9524,0.132412178941321,-0.568294908055825
119.26,3.9755,4.9518,0.132408960784138,-0.568305685664547
119.27,3.9759,4.9514,0.132404464684092,-0.568320743080183
119.28,3.9761,4.9507,0.132403570603048,-0.568323737349625
119.29,3.9765,4.9503,0.132396706065095,-0.568346726589369
119.3,3.9768,4.9488,0.132389907953809,-0.568369493303251
119.31,3.9771,4.9477,0.132390256717784,-0.568368325302498
119.32,3.9774,4.9483,0.132383421431565,-0.568391216453518
119.33,3.9776,4.9513,0.132369366200283,-0.568438286763487
119.34,3.978,4.9545,0.132373274182804,-0.568425199140705
119.35,3.9784,4.9563,0.132377269934399,-0.568411817562297
119.36,3.9787,4.9553,0.1323837025899,-0.568390274864673
119.37,3.9791,4.9527,0.132384137901427,-0.568388817022292
119.38,3.9794,4.9515,0.132372617924788,-0.56842739691489
119.39,3.9797,4.9515,0.132376677643666,-0.568413801116636
119.4,3.9801,4.9529,0.132377179975069,-0.568412118831974
119.41,3.9804,4.9545,0.132372854567625,-0.568426604410325
119.42,3.9807,4.9578,0.132379324138559,-0.568404938123584
119.43,3.9811,4.9618,0.132364454882713,-0.568454734471459
119.44,3.9814,4.9637,0.132373592554709,-0.568424132929431
119.45,3.9817,4.9624,0.132366036626149,-0.568449437311185
119.46,3.9819,4.9614,0.132373973895383,-0.56842285583878
119.47,3.9822,4.9605,0.132371176102988,-0.568432225499512
119.48,3.9826,4.959,0.132348154280725,-0.568509323971956
119.49,3.9828,4.958,0.132340782072499,-0.568534012827479
119.5,3.9832,4.9575,0.132319252052777,-0.568606114479237
119.51,3.9835,4.9586,0.132319275506303,-0.568606035936321
119.52,3.9839,4.9603,0.132296719291858,-0.568681573517149
119.53,3.9843,4.9604,0.132295699385966,-0.568684989021591
119.54,3.9846,4.958,0.132288733521818,-0.568708316566896
119.55,3.9851,4.9583,0.1322757133058,-0.568751918972213
119.56,3.9854,4.9599,0.132281702032943,-0.56873186381102
119.57,3.9858,4.9606,0.132267280430536,-0.568780159058573
119.58,3.986,4.9608,0.132261206091216,-0.568800500798532
119.59,3.9864,4.9619,0.132255145967232,-0.568820794883603
119.6,3.9866,4.9648,0.132244465165891,-0.568856562525676
119.61,3.987,4.9672,0.132243298276954,-0.568860470169204
119.62,3.9873,4.968,0.132221826439135,-0.568932374097033
119.63,3.9876,4.9673,0.132219397100847,-0.56894050931623
119.64,3.9879,4.9663,0.132203830279926,-0.568992638339533
119.65,3.9883,4.9647,0.132197770087481,-0.56901293217546
119.66,3.9886,4.9626,0.132187010864118,-0.569048961585603
119.67,3.989,4.9625,0.132178658653414,-0.569076930522903
119.68,3.9893,4.9655,0.132177367345336,-0.569081254700585
119.69,3.9897,4.9683,0.132168728253663,-0.569110184196054
119.7,3.99,4.9675,0.132174319095048,-0.569091462306607
119.71,3.9904,4.9675,0.132180976254401,-0.569069169612814
119.72,3.9907,4.9684,0.13217678053887,-0.56908321972697
119.73,3.9911,4.9686,0.132174879222384,-0.569089586621967
119.74,3.9915,4.9684,0.132174182265754,-0.569091920503435
119.75,3.9918,4.9683,0.132173482033693,-0.569094265352585
119.76,3.9922,4.9693,0.132166765684242,-0.569116756185528
119.77,3.9925,4.9712,0.132157655559946,-0.569147262879522
119.78,3.9929,4.9715,0.132160595164901,-0.569137419159258
119.79,3.9931,4.9715,0.132155294419939,-0.569155169512143
119.8,3.9935,4.9721,0.132150006865523,-0.569172875655962
119.81,3.9937,4.9717,0.132149470906054,-0.569174670391926
119.82,3.9941,4.9698,0.132161045049371,-0.569135912650719
119.83,3.9943,4.9696,0.132159575626093,-0.569140833243441
119.84,3.9946,4.9718,0.132160563655324,-0.569137524673995
119.85,3.995,4.9732,0.132157990380175,-0.569146141682982
119.86,3.9952,4.9741,0.132162567671897,-0.569130813908898
119.87,3.9956,4.9742,0.132156414046661,-0.569151420274539
119.88,3.9959,4.9753,0.132164586248401,-0.569124054381994
119.89,3.9964,4.9756,0.132144054617792,-0.569192807575846
119.9,3.9968,4.9741,0.132143731405415,-0.569193889895535
119.91,3.9971,4.9737,0.13212534601058,-0.569255455601915
119.92,3.9975,4.9763,0.132112937387576,-0.569297007105956
119.93,3.9978,4.9779,0.132122018287378,-0.569266598833679
119.94,3.9982,4.9768,0.132109550174973,-0.569308349486285
119.95,3.9984,4.9743,0.13211499132619,-0.569290129303557
119.96,3.9988,4.974,0.132112042825676,-0.569300002626957
119.97,3.9991,4.9746,0.13213057871543,-0.569237933307572
119.98,3.9994,4.9755,0.132134724861056,-0.56922404945092
119.99,3.9997,4.9758,0.132137630638755,-0.569214319098177
120,4.0001,4.9776,0.132143986139621,-0.569193036884134
120.01,4.0004,4.9788,0.132150229163936,-0.569172131258216
120.02,4.0008,4.9787,0.13216480376333,-0.569123325998061
120.03,4.0011,4.9794,0.132166296024027,-0.569118328919928
120.04,4.0015,4.9817,0.132165410845169,-0.569121293085958
120.05,4.0018,4.9827,0.132156187258213,-0.56915217970973
120.06,4.0022,4.981,0.132151646913341,-0.56916738372179
120.07,4.0026,4.9797,0.132154245192903,-0.569158683004302
120.08,4.0029,4.9816,0.132152041130867,-0.569166063627593
120.09,4.0033,4.9839,0.13214850970842,-0.569177889096949
120.1,4.0036,4.9848,0.1321471957474,-0.569182289077563
120.11,4.004,4.9833,0.132149408852574,-0.569174878186741
120.12,4.0042,4.9826,0.132137208841993,-0.56921573153705
120.13,4.0044,4.9832,0.132135678071407,-0.569220857510519
120.14,4.0048,4.9838,0.132126975983205,-0.569249997461281
120.15,4.005,4.9836,0.132127891948591,-0.569246930249947
120.16,4.0054,4.9844,0.13213003941828,-0.569239739205815
120.17,4.0056,4.9846,0.13212148524283,-0.569268383788095
120.18,4.006,4.9837,0.132120105219926,-0.569273004934714
120.19,4.0063,4.9822,0.132109204606777,-0.569309506650998
120.2,4.0067,4.9827,0.132104336081238,-0.569325809308457
120.21,4.007,4.9851,0.132092349507671,-0.569365947195132
120.22,4.0075,4.9869,0.132091220299743,-0.569369728417305
120.23,4.0079,4.9874,0.132080575383614,-0.569405373487202
120.24,4.0082,4.9879,0.132072390969031,-0.569432779330321
120.25,4.0087,4.9892,0.132065424462642,-0.569456106886008
120.26,4.0089,4.99,0.132066887772274,-0.569451206955334
120.27,4.0092,4.9905,0.132064831703552,-0.569458091754527
120.28,4.0095,4.9907,0.132067588379564,-0.569448860952411
120.29,4.0099,4.9893,0.132071572707703,-0.56943551930639
120.3,4.0101,4.9867,0.132087483765498,-0.569382240419441
120.31,4.0105,4.9859,0.132095071833847,-0.569356831311351
120.32,4.0108,4.9878,0.132099108530414,-0.569343314155254
120.33,4.0111,4.9923,0.132100722453775,-0.5693379098156
120.34,4.0114,4.9946,0.132102307480494,-0.569332602234966
120.35,4.0118,4.9934,0.132091921449125,-0.569367380575696
120.36,4.0121,4.9929,0.132100741586399,-0.569337845748597
120.37,4.0125,4.9929,0.132084521517557,-0.569392159665226
120.38,4.0128,4.9925,0.132087406193152,-0.569382500174747
120.39,4.0132,4.9919,0.132085475340313,-0.569388965739992
120.4,4.0135,4.9924,0.132084738012691,-0.569391434720093
120.41,4.0139,4.9933,0.132082869483923,-0.569397691583032
120.42,4.0142,4.9941,0.132077470284643,-0.56941577104749
120.43,4.0146,4.9938,0.132075642902657,-0.569421890110136
120.44,4.0148,4.9952,0.132065532494809,-0.569455745137566
120.45,4.0152,4.9983,0.132061413325406,-0.569469538269117
120.46,4.0154,5.001,0.132057279562954,-0.569483380242352
120.47,4.0157,4.9998,0.132051937283109,-0.569501268921626
120.48,4.016,4.9981,0.132035936315239,-0.569554848092992
120.49,4.0162,4.9982,0.132030783547365,-0.569572102038844
120.5,4.0166,4.9997,0.132022128851408,-0.569601082042504
120.51,4.0168,4.999,0.13202557203313,-0.569589552658621
120.52,4.0172,4.9987,0.13201717859516,-0.569617657788665
120.53,4.0175,5.0002,0.132006541210719,-0.569653276554817
120.54,4.0179,5.0013,0.131996060086168,-0.569688371940048
120.55,4.0183,5.0002,0.131983333597545,-0.56973098558226
120.56,4.0187,4.9996,0.131981434076854,-0.569737345958187
120.57,4.0191,4.9999,0.131971221196539,-0.569771542793631
120.58,4.0194,5.0005,0.131969417716053,-0.569777581557551
120.59,4.0198,5.0008,0.131970003685857,-0.569775619500044
120.6,4.0201,5.0027,0.131963503337552,-0.569797385197879
120.61,4.0205,5.0049,0.131962994018559,-0.569799090593779
120.62,4.0207,5.0055,0.131957755157377,-0.569816632295435
120.63,4.0211,5.0041,0.131951374371927,-0.569837997543275
120.64,4.0214,5.003,0.131937887151261,-0.569883157600508
120.65,4.0217,5.0032,0.131940015353157,-0.56987603163308
120.66,4.0219,5.004,0.131939817663623,-0.569876693567336
120.67,4.0223,5.0038,0.131936101331357,-0.569889137147966
120.68,4.0226,5.0034,0.131926490656872,-0.569921316960457
120.69,4.023,5.0048,0.131926465489669,-0.569921401228662
120.7,4.0233,5.0058,0.131925292554105,-0.569925328607801
120.71,4.0237,5.0047,0.13192292304296,-0.569933262514968
120.72,4.024,5.0019,0.131921703982348,-0.569937344330162
120.73,4.0244,5.0007,0.131919334468103,-0.56994527823601
120.74,4.0247,5.0021,0.131925407036095,-0.569924945284033
120.75,4.0251,5.0042,0.131926771836389,-0.569920375477441
120.76,4.0255,5.006,0.131920996545735,-0.569939713059285
120.77,4.0258,5.0068,0.13193418737864,-0.56989554572387
120.78,4.0262,5.008,0.131930586479078,-0.569907602767818
120.79,4.0265,5.01,0.131912741682768,-0.569967352989066
120.8,4.0268,5.011,0.131906938050272,-0.569986785356637
120.81,4.027,5.011,0.131891791972158,-0.570037498921077
120.82,4.0273,5.0108,0.131891141203734,-0.570039677879817
120.83,4.0276,5.0105,0.131872698187476,-0.570101430129006
120.84,4.0279,5.0103,0.131873395095567,-0.570099096699126
120.85,4.0283,5.0115,0.131852715906558,-0.57016833572804
120.86,4.0286,5.0124,0.131857161290746,-0.570153451534187
120.87,4.029,5.0143,0.13184491118083,-0.570194467723267
120.88,4.0294,5.0152,0.131857672160343,-0.570151741020643
120.89,4.0297,5.0147,0.131853736063431,-0.570164920004823
120.9,4.0301,5.0134,0.13188420616041,-0.57006289835145
120.91,4.0304,5.011,0.131895442227738,-0.570025276810967
120.92,4.0308,5.01,0.131919619632587,-0.569944323412798
120.93,4.0312,5.0112,0.131936390262419,-0.569888169706368
120.94,4.0315,5.014,0.131958833278185,-0.56981302233962
120.95,4.0318,5.0154,0.131979728708657,-0.569743056227548
120.96,4.0321,5.0152,0.131990790203209,-0.569706017754029
120.97,4.0324,5.0153,0.1320111736615,-0.56963776503707
120.98,4.0328,5.0165,0.132015964327413,-0.569621723713225
120.99,4.033,5.0164,0.13198984673838,-0.569709176872318
121,4.0334,5.0144,0.131991242881381,-0.569704501996094
121.01,4.0337,5.0145,0.131973669759103,-0.569763344033346
121.02,4.0341,5.0164,0.131976434221417,-0.569754087505279
121.03,4.0344,5.0189,0.131960111669128,-0.569808741801649
121.04,4.0348,5.0211,0.131958206197834,-0.569815122041763
121.05,4.0351,5.022,0.131949291445932,-0.569844971943697
121.06,4.0355,5.0211,0.131933298542408,-0.56989852185339
121.07,4.036,5.0188,0.131921031513127,-0.569939595977036
121.08,4.0363,5.0163,0.131922101668114,-0.569936012747866
121.09,4.0367,5.0151,0.131907716558479,-0.569984178671595
121.1,4.037,5.0156,0.131905291506834,-0.569992298488001
121.11,4.0373,5.0173,0.131900563055024,-0.570008130771098
121.12,4.0376,5.0193,0.131885106585584,-0.570059883478965
121.13,4.0379,5.022,0.131882686268885,-0.570067987366053
121.14,4.0381,5.0245,0.131873033488847,-0.570100307452729
121.15,4.0384,5.0248,0.131870584923137,-0.570108505884576
121.16,4.0387,5.0231,0.13185982258311,-0.57014454088719
121.17,4.0389,5.0217,0.131864630311491,-0.570128443431392
121.18,4.0393,5.022,0.131859845996746,-0.570144462492661
121.19,4.0396,5.0236,0.131858619822127,-0.570148568021487
121.2,4.0399,5.0237,0.131856194530751,-0.570156688476787
121.21,4.0402,5.0237,0.131852505220975,-0.570169041152347
121.22,4.0406,5.0255,0.131860788059583,-0.570141308237308
121.23,4.0409,5.0272,0.131855866080892,-0.570157788204811
121.24,4.0414,5.0257,0.131846151866196,-0.570190313632337
121.25,4.0417,5.0233,0.131850705071074,-0.57017506847018
121.26,4.0421,5.0227,0.131845601298252,-0.570192157056697
121.27,4.0425,5.0232,0.131844007547432,-0.570197493287808
121.28,4.0428,5.0257,0.131841091092898,-0.570207258215169
121.29,4.0432,5.0285,0.131840502038034,-0.57020923049821
121.3,4.0434,5.03,0.131839866705409,-0.570211357728667
121.31,4.0438,5.0306,0.13184875605214,-0.57018159423091
121.32,4.0441,5.0303,0.131842132813307,-0.570203770308848
121.33,4.0443,5.0295,0.131829636013046,-0.57024561221355
121.34,4.0446,5.0298,0.131818468337183,-0.570283003749625
121.35,4.0449,5.0311,0.131820508518332,-0.570276172841841
121.36,4.0453,5.0316,0.131801113196194,-0.57034111177373
121.37,4.0456,5.0314,0.131800805937133,-0.570342140526662
121.38,4.046,5.0319,0.131799288717563,-0.570347220420769
121.39,4.0464,5.0337,0.131800221749354,-0.570344096481278
121.4,4.0467,5.0337,0.131789281125008,-0.570380727364064
121.41,4.0471,5.0319,0.131785568999247,-0.570393156091169
121.42,4.0474,5.0301,0.131767667061308,-0.570453094069501
121.43,4.0477,5.0291,0.131765341228777,-0.570460881221991
121.44,4.048,5.0281,0.13176063920313,-0.570476624117228
121.45,4.0484,5.0281,0.131763055982484,-0.570468532479884
121.46,4.0487,5.0307,0.131757220109032,-0.570488071598471
121.47,4.0491,5.0337,0.131763363312099,-0.570467503506685
121.48,4.0493,5.0351,0.131754022485469,-0.570498777558866
121.49,4.0495,5.0364,0.131749513600158,-0.570513873729569
121.5,4.0498,5.0376,0.131747365383995,-0.570521066148833
121.51,4.0501,5.0385,0.131757132677281,-0.570488364328817
121.52,4.0505,5.0374,0.131754880363288,-0.570495905300341
121.53,4.0508,5.036,0.131764449579126,-0.57046386656471
121.54,4.0512,5.0344,0.131765603075544,-0.570460004529533
121.55,4.0515,5.0343,0.131764334222682,-0.570464252790902
121.56,4.052,5.0358,0.131770194882344,-0.570444630628029
121.57,4.0524,5.0386,0.13176288003903,-0.570469121557773
121.58,4.0527,5.0393,0.1317543558463,-0.570497661434441
121.59,4.0532,5.0397,0.131761326102765,-0.570474324304149
121.6,4.0536,5.0401,0.131762318011747,-0.570471003286175
121.61,4.0539,5.0407,0.131758508574752,-0.570483757683649
121.62,4.0543,5.0417,0.13175220589873,-0.570504859664926
121.63,4.0545,5.0427,0.131741076057701,-0.570542123337563
121.64,4.0547,5.0429,0.131731036262029,-0.570575737297674
121.65,4.0551,5.0418,0.131732928499271,-0.570569401961499
121.66,4.0554,5.0395,0.131725294749389,-0.570594960233835
121.67,4.0558,5.0383,0.131722476916816,-0.570604394493378
121.68,4.056,5.0384,0.131720877741113,-0.570609748617355
121.69,4.0564,5.0382,0.131716886905653,-0.570623110128076
121.7,4.0567,5.0404,0.131704573939422,-0.570664334398275
121.71,4.0571,5.0437,0.131700721260072,-0.570677233269607
121.72,4.0575,5.0455,0.131693340617855,-0.570701943795968
121.73,4.0578,5.0451,0.131689591918298,-0.570714494482577
121.74,4.0582,5.045,0.131678825389637,-0.570750540829359
121.75,4.0585,5.0456,0.131671790332796,-0.570774094119306
121.76,4.0589,5.046,0.131663611678204,-0.570801476075888
121.77,4.0592,5.0445,0.131651814985557,-0.570840970982645
121.78,4.0596,5.0433,0.131647237283959,-0.570856296912978
121.79,4.0598,5.0445,0.13164269061946,-0.57087151890403
121.8,4.0602,5.0468,0.131636964167253,-0.570890690721158
121.81,4.0605,5.048,0.131635910685197,-0.570894217710727
121.82,4.0608,5.0474,0.131639687555301,-0.570881572987607
121.83,4.061,5.0484,0.131642231251055,-0.57087305684345
121.84,4.0613,5.0503,0.131638818570486,-0.570884482295747
121.85,4.0616,5.0498,0.131638915393798,-0.570884158137259
121.86,4.0619,5.0494,0.131638949533283,-0.570884043840362
121.87,4.0623,5.0496,0.131634116684427,-0.570900223905388
121.88,4.0626,5.0509,0.131647127806341,-0.570856663438558
121.89,4.063,5.0512,0.131648013996692,-0.570853696517193
121.9,4.0634,5.0507,0.131654835383338,-0.570830858816695
121.91,4.0637,5.0513,0.131656786092969,-0.570824327915446
121.92,4.0641,5.0516,0.131656286851425,-0.570825999357542
121.93,4.0644,5.0514,0.13166877599807,-0.570784186056703
121.94,4.0648,5.051,0.131679967048183,-0.570746718563168
121.95,4.0651,5.0508,0.131686282945108,-0.5707255729445
121.96,4.0655,5.0519,0.131684217061279,-0.570732489528213
121.97,4.0658,5.0517,0.131673715671989,-0.570767648112444
121.98,4.0662,5.0509,0.131685903308495,-0.570726843969175
121.99,4.0664,5.0532,0.131686100387575,-0.570726184147769
122,4.0668,5.0566,0.131699450471622,-0.570681487898131
122.01,4.067,5.0568,0.131704546701308,-0.570664425592268
122.02,4.0674,5.0554,0.131700247263861,-0.570678820219921
122.03,4.0677,5.0548,0.131704434010965,-0.57066480288277
122.04,4.0681,5.0557,0.13169797762668,-0.570686419013589
122.05,4.0684,5.0559,0.131696373335677,-0.570691790209795
122.06,4.0688,5.0554,0.131711408344695,-0.570641452580258
122.07,4.0691,5.0557,0.131706026284828,-0.570659471902533
122.08,4.0695,5.0571,0.131710042358906,-0.570646025951619
122.09,4.0698,5.0578,0.131715295231141,-0.570628439125446
122.1,4.0702,5.0567,0.1317371338249,-0.570555322233877
122.11,4.0706,5.0565,0.131733781553352,-0.570566545878071
122.12,4.0709,5.0563,0.131751859165225,-0.570506020561331
122.13,4.0713,5.0556,0.131741294623535,-0.570541391561844
122.14,4.0716,5.0557,0.131739167500961,-0.570548513333872
122.15,4.0719,5.0578,0.131723962858565,-0.57059941947945
122.16,4.0721,5.0606,0.131710014500376,-0.570646119222989
122.17,4.0724,5.0619,0.131709216787417,-0.570648789994508
122.18,4.0727,5.061,0.131698924699824,-0.570683248193375
122.19,4.073,5.06,0.131720761338723,-0.570610138338515
122.2,4.0733,5.0594,0.131723486956788,-0.570601012824857
122.21,4.0736,5.0587,0.131757048021069,-0.570488647766371
122.22,4.074,5.0587,0.131775962374627,-0.570425320354135
122.23,4.0743,5.0605,0.131792219820181,-0.570370888179562
122.24,4.0747,5.0636,0.131816459270589,-0.570289730474472
122.25,4.075,5.066,0.131819029635962,-0.57028112441698
122.26,4.0754,5.0645,0.131797928819938,-0.570351773573118
122.27,4.0757,5.0613,0.131787792801682,-0.570385710485352
122.28,4.0761,5.0617,0.131707998608713,-0.570652868498689
122.29,4.0765,5.0631,0.131699121600034,-0.570682588967298
122.3,4.0768,5.0633,0.131619340318985,-0.570949694020806
122.31,4.077,5.0636,0.131610554436017,-0.570979108327227
122.32,4.0774,5.0653,0.131536710488585,-0.571226326693289
122.33,4.0778,5.0684,0.131519320388132,-0.57128454502809
122.34,4.078,5.0699,0.131453546537848,-0.571504738041732
122.35,4.0783,5.0689,0.131446572983481,-0.571528083261769
122.36,4.0787,5.0676,0.131421890194133,-0.571610712774843
122.37,4.0791,5.066,0.131441275550765,-0.571545817320211
122.38,4.0794,5.066,0.131442602256677,-0.571541375949785
122.39,4.0798,5.0667,0.131467499579976,-0.571458027537785
122.4,4.0801,5.0693,0.131473240849517,-0.571438807451159
122.41,4.0805,5.0712,0.131490886329864,-0.571379735274256
122.42,4.0808,5.0708,0.131501361951983,-0.571344665592657
122.43,4.0812,5.0706,0.131528497284574,-0.571253822794506
122.44,4.0815,5.0718,0.131536512805848,-0.571226988495124
122.45,4.0819,5.0726,0.131544583966616,-0.571199967837
122.46,4.0822,5.0719,0.13154674586341,-0.571192730216707
122.47,4.0826,5.0703,0.131557397422223,-0.571157070724854
122.48,4.083,5.0697,0.13155377135145,-0.5711692101713
122.49,4.0833,5.0707,0.131559835249704,-0.57114890929755
122.5,4.0835,5.0726,0.131557658647537,-0.5711561961878
122.51,4.0838,5.0734,0.131550802248234,-0.571179150192583
122.52,4.084,5.0752,0.131558326452653,-0.571153960491652
122.53,4.0844,5.077,0.13156120878709,-0.571144310926913
122.54,4.0847,5.0754,0.131571327183705,-0.571110436168085
122.55,4.085,5.0715,0.131571958340289,-0.57110832315304
122.56,4.0853,5.0704,0.131566644743716,-0.571126112238957
122.57,4.0857,5.0719,0.131563759298602,-0.571135772239278
122.58,4.086,5.0747,0.131565733339972,-0.5711291634715
122.59,4.0864,5.0766,0.131570268972018,-0.571113978896617
122.6,4.0867,5.0782,0.13156889998132,-0.571118562062772
122.61,4.0871,5.0785,0.131559252488803,-0.571150860281603
122.62,4.0874,5.078,0.131571148609814,-0.57111103400587
122.63,4.0878,5.0765,0.131563965044438,-0.571135083436108
122.64,4.0881,5.0752,0.131565130271389,-0.571131182447091
122.65,4.0884,5.0756,0.131562630285276,-0.571139551988908
122.66,4.0887,5.077,0.131563696733739,-0.571135981696123
122.67,4.089,5.0781,0.131572008864129,-0.57110815400698
122.68,4.0892,5.0803,0.131579158111245,-0.571084219389877
122.69,4.0896,5.0819,0.131583915233895,-0.571068293211114
122.7,4.0899,5.0808,0.131585157336219,-0.571064134821794
122.71,4.0903,5.0776,0.131582823605525,-0.571071947832391
122.72,4.0905,5.076,0.131581769961,-0.571075475287438
122.73,4.091,5.077,0.131566465584714,-0.571126712034453
122.74,4.0913,5.0776,0.131562022425885,-0.57114158700075
122.75,4.0917,5.0768,0.131577751311061,-0.571088929153427
122.76,4.092,5.078,0.1315730660129,-0.571104614834396
122.77,4.0924,5.0811,0.131573130667782,-0.571104398379677
122.78,4.0927,5.0837,0.131604151349914,-0.571000545187897
122.79,4.0931,5.0831,0.131606319337884,-0.570993286997883
122.8,4.0935,5.081,0.131633185339809,-0.570903341983168
122.81,4.0938,5.0815,0.131641893508857,-0.570874187585026
122.82,4.0942,5.083,0.131651564405577,-0.570841809913413
122.83,4.0944,5.0826,0.131676436994171,-0.57075853715773
122.84,4.0948,5.0827,0.131682082900454,-0.570739634697297
122.85,4.095,5.0836,0.131703006278002,-0.570669582972217
122.86,4.0953,5.0852,0.131708200873306,-0.570652191310018
122.87,4.0956,5.0861,0.131690811587606,-0.57071041101868
122.88,4.0959,5.0871,0.131698612357535,-0.570684293921869
122.89,4.0963,5.0873,0.131698048680261,-0.570686181124792
122.9,4.0966,5.0874,0.131692714966666,-0.57070403848425
122.91,4.097,5.0882,0.131683739401734,-0.57073408873261
122.92,4.0974,5.088,0.131685570242731,-0.570727959074327
122.93,4.0978,5.0883,0.131675536685335,-0.570761551382271
122.94,4.0982,5.0898,0.131663190186123,-0.570802887219655
122.95,4.0985,5.0888,0.131656907216658,-0.570823922397793
122.96,4.0989,5.0875,0.131650737425217,-0.570844578606737
122.97,4.0992,5.0862,0.131648076030871,-0.570853488829797
122.98,4.0995,5.0858,0.13164302951189,-0.57087038431117
122.99,4.0998,5.085,0.131661774676181,-0.570807626305804
123,4.1002,5.0877,0.131656637165705,-0.570824826518416
123.01,4.1004,5.0922,0.131655075410122,-0.570830055216485
123.02,4.1008,5.0947,0.131657240727999,-0.570822805813997
123.03,4.1011,5.0939,0.131658261250399,-0.570819389141304
123.04,4.1014,5.0928,0.131662934431845,-0.570803743477751
123.05,4.1017,5.0953,0.131656887488475,-0.570823988447027
123.06,4.1021,5.0977,0.131668800550038,-0.570784103857215
123.07,4.1024,5.0951,0.1316770832788,-0.570756373402883
123.08,4.1028,5.0926,0.131681727025935,-0.57074082616435
123.09,4.1031,5.0937,0.131685104735625,-0.570729517593223
123.1,4.1035,5.0975,0.131690807216189,-0.570710425654228
123.11,4.1038,5.0987,0.131696414981068,-0.570691650780293
123.12,4.1042,5.0979,0.131699664236065,-0.570680772210087
123.13,4.1046,5.0963,0.131695796629641,-0.570693721031496
123.14,4.1049,5.0961,0.13168589255659,-0.570726879966587
123.15,4.1051,5.0962,0.13167605815931,-0.570759805493008
123.16,4.1054,5.096,0.131662662989294,-0.570804652259641
123.17,4.1057,5.0962,0.131650510014572,-0.570845339967256
123.18,4.106,5.0976,0.131643196322932,-0.570869825837093
123.19,4.1062,5.0979,0.131628759564929,-0.570918159157034
123.2,4.1066,5.098,0.13162989725421,-0.570914350258262
123.21,4.1068,5.0998,0.131615565515585,-0.570962331719098
123.22,4.1072,5.1017,0.131622738456263,-0.570938317349652
123.23,4.1075,5.1021,0.131615593009573,-0.570962239671798
123.24,4.1079,5.1007,0.131613170818187,-0.570970348937919
123.25,4.1082,5.1009,0.131619003567527,-0.570950821434839
123.26,4.1086,5.1016,0.131604601715716,-0.570999037412276
123.27,4.1089,5.1024,0.131595086197781,-0.571030894269994
123.28,4.1093,5.1022,0.131592776872126,-0.571038625607441
123.29,4.1097,5.1033,0.131572631892745,-0.571106068202539
123.3,4.1101,5.1043,0.131558678838073,-0.571152780765903
123.31,4.1105,5.1025,0.131522327792008,-0.571274476913246
123.32,4.1108,5.1004,0.131518458633058,-0.571287429988843
123.33,4.111,5.1009,0.131492079834543,-0.571375739735965
123.34,4.1114,5.1036,0.13148611312662,-0.57139571467784
123.35,4.1116,5.1041,0.131489731287125,-0.571383602050265
123.36,4.112,5.1032,0.131497997864875,-0.571355927705277
123.37,4.1122,5.1031,0.131513262001314,-0.571304827112964
123.38,4.1126,5.1062,0.131516497293392,-0.571293996105891
123.39,4.1129,5.1086,0.131517298539197,-0.571291313718656
123.4,4.1133,5.1079,0.131518035522264,-0.571288846467551
123.41,4.1136,5.1056,0.13150808017018,-0.571322174651073
123.42,4.114,5.1045,0.13148878750201,-0.571386761590555
123.43,4.1142,5.1048,0.131470824640304,-0.571446896216504
123.44,4.1147,5.1057,0.131426833220827,-0.571594165283914
123.45,4.1151,5.1076,0.131424855048504,-0.571600787503565
123.46,4.1154,5.1079,0.131414660198381,-0.571634916162237
123.47,4.1157,5.1067,0.131398664756543,-0.571688462808985
123.48,4.116,5.105,0.131388726210426,-0.571721733098653
123.49,4.1164,5.1052,0.13138818175072,-0.571723555728735
123.5,4.1167,5.1078,0.131391081127328,-0.571713849788104
123.51,4.117,5.11,0.131434290370225,-0.571569201343006
123.52,4.1172,5.1102,0.131461703143865,-0.571477432259924
123.53,4.1175,5.1087,0.131506585796718,-0.571327177451118
123.54,4.1179,5.1099,0.131504661255145,-0.571333620345184
123.55,4.1181,5.1117,0.131490909389434,-0.571379658076924
123.56,4.1185,5.1123,0.131483255338895,-0.571405281769269
123.57,4.119,5.1116,0.131458049020457,-0.571489665140675
123.58,4.1193,5.1116,0.131439070955953,-0.571553197565527
123.59,4.1197,5.1116,0.131410869360589,-0.571647606475081
123.6,4.12,5.1098,0.131391334156999,-0.57171300274652
123.61,4.1204,5.1107,0.131375688346868,-0.571765378461364
123.62,4.1208,5.1136,0.131360180616689,-0.571817291609338
123.63,4.1212,5.1162,0.131348346226334,-0.57185690778787
123.64,4.1216,5.1174,0.131420743892166,-0.571614550180312
123.65,4.1218,5.1157,0.13143533164555,-0.571565715509525
123.66,4.1221,5.1146,0.131520799094866,-0.57127959465057
123.67,4.1224,5.1157,0.131541245037442,-0.571211145925754
123.68,4.1227,5.1173,0.131620790087071,-0.570944840323969
123.69,4.1231,5.117,0.131663840747605,-0.570800709157798
123.7,4.1233,5.1149,0.131715851956812,-0.570626575183427
123.71,4.1237,5.1151,0.131767159464827,-0.570454793561027
123.72,4.124,5.1164,0.131790632033072,-0.570376204326265
123.73,4.1244,5.1183,0.131783037502859,-0.570401631891676
123.74,4.1247,5.1204,0.131783945861048,-0.57039859058367
123.75,4.1251,5.1212,0.131726887127074,-0.570589628860309
123.76,4.1256,5.1197,0.13171320399068,-0.570635440686633
123.77,4.1259,5.1184,0.131674817262935,-0.570763960000117
123.78,4.1263,5.119,0.131661648141568,-0.570808049939878
123.79,4.1267,5.1214,0.131624708897205,-0.570931720475686
123.8,4.127,5.1216,0.131641361472973,-0.570875968810442
123.81,4.1273,5.1216,0.131624431991242,-0.570932647534367
123.82,4.1277,5.1221,0.13163842740506,-0.570885791893388
123.83,4.128,5.123,0.131624807258066,-0.570931391171487
123.84,4.1283,5.1233,0.131600448285568,-0.571012942633191
123.85,4.1285,5.1228,0.131587981979757,-0.571054678292235
123.86,4.1288,5.1226,0.131576693367564,-0.571092470993448
123.87,4.1291,5.1235,0.131566589303489,-0.571126297843916
123.88,4.1293,5.1235,0.13156612708897,-0.571127845263585
123.89,4.1297,5.1237,0.131550162322801,-0.571181292545761
123.9,4.1299,5.1238,0.131551997037671,-0.571175150254809
123.91,4.1303,5.1248,0.131533458092273,-0.571237215051742
123.92,4.1306,5.1252,0.13153051967955,-0.571247052244768
123.93,4.131,5.1251,0.131546505560233,-0.571193534706466
123.94,4.1314,5.1259,0.131543299040924,-0.571204269521381
123.95,4.1317,5.1269,0.13153879873469,-0.571219335664249
123.96,4.1321,5.127,0.13154498999216,-0.571198608541001
123.97,4.1324,5.1264,0.131553465425877,-0.571170234355419
123.98,4.1328,5.1276,0.131558349861226,-0.571153882123782
123.99,4.1331,5.1291,0.131564428976073,-0.571133530269191
124,4.1334,5.129,0.131531289510537,-0.571244475012312
124.01,4.1337,5.1286,0.13154608611807,-0.571194938919612
124.02,4.134,5.128,0.13151338269643,-0.571304423053983
124.03,4.1343,5.129,0.131523695214565,-0.571269899084568
124.04,4.1345,5.1304,0.131501898759293,-0.571342868496141
124.05,4.1349,5.1304,0.131498113299683,-0.571355541259001
124.06,4.1351,5.1309,0.131502652726594,-0.571340344401657
124.07,4.1355,5.1312,0.131503585765992,-0.571337220817373
124.08,4.1358,5.1301,0.131492789695886,-0.571373363306835
124.09,4.1362,5.1286,0.13149393094884,-0.571369542690571
124.1,4.1365,5.129,0.131505766074043,-0.571329921682593
124.11,4.137,5.1305,0.131532893916834,-0.571239103794379
124.12,4.1374,5.131,0.131535932393711,-0.571228931597302
124.13,4.1377,5.1307,0.131521118689654,-0.571278524718714
124.14,4.1381,5.1298,0.131524189217221,-0.571268245272159
124.15,4.1384,5.1303,0.131527175803884,-0.571258246828731
124.16,4.1388,5.133,0.131521719794711,-0.571276512353076
124.17,4.1391,5.1351,0.131513940589067,-0.571302555359836
124.18,4.1395,5.1352,0.131455352401445,-0.571498692579571
124.19,4.1399,5.1344,0.131448428049247,-0.571521873103983
124.2,4.1401,5.1346,0.131475943969563,-0.571429758182319
124.21,4.1404,5.1345,0.131480660221198,-0.571413969503581
124.22,4.1408,5.1344,0.131501906295475,-0.571342843266888
124.23,4.1412,5.1345,0.131486077408166,-0.571395834253522
124.24,4.1414,5.1351,0.131479827762571,-0.571416756342224
124.25,4.1417,5.1355,0.131479536841194,-0.571417730265397
124.26,4.1422,5.1359,0.131505267069927,-0.571331592226144
124.27,4.1426,5.1375,0.131505741025515,-0.571330005538935
124.28,4.1429,5.1397,0.131507396638307,-0.571324462950444
124.29,4.1433,5.1391,0.13152084619259,-0.571279436977934
124.3,4.1436,5.1379,0.131514031834725,-0.57130224989066
124.31,4.144,5.1378,0.131521376712036,-0.571277660917399
124.32,4.1442,5.1394,0.131522739103151,-0.571273099934662
124.33,4.1446,5.139,0.131526580728017,-0.571260239014456
124.34,4.1448,5.1378,0.131528018982442,-0.571255424047845
124.35,4.1452,5.1383,0.131525855166559,-0.571262668037151
124.36,4.1454,5.1403,0.131529548481611,-0.571250303610327
124.37,4.1458,5.1414,0.131510629159108,-0.571313641247048
124.38,4.146,5.1423,0.13152273514151,-0.57127311319736
124.39,4.1463,5.1437,0.13150983386533,-0.57131630370097
124.4,4.1467,5.1438,0.131508947279195,-0.57131927177891
124.41,4.1471,5.1426,0.131486666620343,-0.571393861730991
124.42,4.1474,5.1405,0.131493082042212,-0.571372384608003
124.43,4.1478,5.1404,0.131476774002018,-0.571426979470256
124.44,4.1481,5.1417,0.13147367902511,-0.571437340565921
124.45,4.1485,5.1429,0.131458609713388,-0.571487788114467
124.46,4.1488,5.1444,0.131454310603687,-0.571502180190667
124.47,4.1492,5.1458,0.13144998333771,-0.571516666499609
124.48,4.1495,5.1475,0.131445696643692,-0.571531016961163
124.49,4.1499,5.1457,0.131446192969178,-0.571529355425669
124.5,4.1502,5.1435,0.131446697167744,-0.571527667533333
124.51,4.1505,5.1426,0.1314470790503,-0.571526389114866
124.52,4.1508,5.1439,0.131451042577496,-0.571513120504386
124.53,4.1511,5.1439,0.131445410124489,-0.571531976133647
124.54,4.1513,5.143,0.131442236425805,-0.571542600630193
124.55,4.1517,5.1441,0.131439109983313,-0.571553066915051
124.56,4.1519,5.1472,0.131435994988967,-0.57156349486197
124.57,4.1522,5.1483,0.131438814883651,-0.571554054809426
124.58,4.1526,5.1489,0.131432178395009,-0.57157627150877
124.59,4.153,5.1486,0.131441139227856,-0.571546273683861
124.6,4.1533,5.1487,0.131428664683359,-0.571588034191838
124.61,4.1537,5.1499,0.13143653225588,-0.571561696275113
124.62,4.154,5.1508,0.131426526065898,-0.57159519353008
124.63,4.1544,5.1516,0.131426087661327,-0.571596661153444
124.64,4.1547,5.1518,0.131424447534582,-0.571602151715038
124.65,4.1551,5.1519,0.131434670469981,-0.571567928899259
124.66,4.1554,5.1505,0.131443566793376,-0.57153814699999
124.67,4.1558,5.1495,0.131461908464824,-0.571476744907987
124.68,4.1561,5.1501,0.131475321350641,-0.571431842532375
124.69,4.1565,5.151,0.131495699487527,-0.571363622082268
124.7,4.1567,5.1526,0.131506416699063,-0.571327743548876
124.71,4.1571,5.1545,0.131496974498425,-0.571359353674182
124.72,4.1573,5.1557,0.131511442551258,-0.571310918203192
124.73,4.1577,5.1551,0.131490283555961,-0.571381753201258
124.74,4.158,5.1535,0.131494319225806,-0.571368242840477
124.75,4.1583,5.1535,0.131487679789279,-0.571390469915122
124.76,4.1586,5.1543,0.131506140787132,-0.571328667234728
124.77,4.159,5.1546,0.131522105135762,-0.571275222316934
124.78,4.1593,5.1528,0.131528418315755,-0.571254087165258
124.79,4.1597,5.1517,0.131539398721998,-0.571217327025993
124.8,4.16,5.1545,0.131578699794189,-0.571085753769393
124.81,4.1604,5.1581,0.131590315936341,-0.571046864508828
124.82,4.1607,5.1584,0.131614836244627,-0.570964773249645
124.83,4.1611,5.1564,0.131624834058526,-0.570931301445714
124.84,4.1615,5.1552,0.131645385651493,-0.570862496083475
124.85,4.1617,5.1566,0.131645650989281,-0.570861607746465
124.86,4.1619,5.1578,0.131629429898527,-0.570915914930411
124.87,4.1623,5.1576,0.131626467445555,-0.570925832996156
124.88,4.1625,5.1582,0.131614024816133,-0.570967489835035
124.89,4.1629,5.1601,0.131592222338345,-0.571040482117047
124.9,4.1631,5.1613,0.131571848906668,-0.571108689519988
124.91,4.1636,5.1608,0.131596764507402,-0.571025275491796
124.92,4.1639,5.1606,0.131575097105716,-0.571097815041624
124.93,4.1643,5.1609,0.131624639445532,-0.570931952994257
124.94,4.1646,5.1607,0.13162376450848,-0.570934882212015
124.95,4.165,5.1607,0.131673941205135,-0.570766893030508
124.96,4.1654,5.1635,0.131679658818725,-0.570747750513783
124.97,4.1658,5.1652,0.131672309196069,-0.570772356973318
124.98,4.1662,5.1645,0.131669873434103,-0.570780511862432
124.99,4.1665,5.163,0.131662750238841,-0.570804360150667
125,4.1669,5.1628,0.13162721978659,-0.570923314217115
125.01,4.1672,5.163,0.13160871002758,-0.570985283219
125.02,4.1675,5.1623,0.131513441503641,-0.571304226181206
125.03,4.1678,5.1617,0.131502318308823,-0.571341463949046
125.04,4.1681,5.163,0.13139889541352,-0.57168769065978
125.05,4.1684,5.1668,0.1313795796803,-0.571752351914549
125.06,4.1688,5.1682,0.131313066557512,-0.571975006996344
125.07,4.169,5.1669,0.131327953921147,-0.571925171537109
125.08,4.1694,5.1657,0.131297572383615,-0.572026873429661
125.09,4.1697,5.1661,0.131278120252598,-0.572091988576896
125.1,4.1701,5.1666,0.131245668159597,-0.572200619363141
125.11,4.1704,5.1668,0.131291755153276,-0.572046346405169
125.12,4.1708,5.1677,0.131307607393418,-0.571993281475251
125.13,4.1711,5.1699,0.131358796482301,-0.57182192507427
125.14,4.1715,5.1711,0.131353784222747,-0.571838703862931
125.15,4.1718,5.1709,0.131370263095706,-0.571783539884498
125.16,4.1721,5.171,0.131380722503586,-0.571748526219146
125.17,4.1724,5.1709,0.131378076394674,-0.571757384284695
125.18,4.1728,5.1697,0.131384969938189,-0.571734307565016
125.19,4.1731,5.1702,0.131382329836717,-0.571743145535604
125.2,4.1735,5.1711,0.131382120487003,-0.571743846351671
125.21,4.1737,5.1724,0.131398614190087,-0.571688632085661
125.22,4.174,5.1735,0.131375918008384,-0.571764609651833
125.23,4.1743,5.1727,0.131395060291979,-0.571700529134857
125.24,4.1746,5.1723,0.131421289979703,-0.57161272207646
125.25,4.1749,5.1727,0.131430606663591,-0.571581533120354
125.26,4.1753,5.1732,0.131441021725893,-0.571546667041238
125.27,4.1755,5.1721,0.131437034632968,-0.571560014487164
125.28,4.1759,5.1709,0.131438966357385,-0.571553547726345
125.29,4.1763,5.1717,0.131422927386205,-0.571607240628384
125.3,4.1766,5.1728,0.131429502974528,-0.571585227886454
125.31,4.177,5.1735,0.13143586008949,-0.571563946459465
125.32,4.1773,5.1747,0.131426660167291,-0.571594744606018
125.33,4.1776,5.1769,0.13143050665568,-0.571581867912031
125.34,4.1781,5.1784,0.131438982013068,-0.571553495316387
125.35,4.1785,5.1768,0.131408284816859,-0.571656258553416
125.36,4.1787,5.1745,0.131399222558506,-0.571686595506394
125.37,4.1789,5.1747,0.131405613746608,-0.571665200280284
125.38,4.1793,5.1756,0.131402413923713,-0.571675912056894
125.39,4.1796,5.1758,0.131375590594019,-0.571765705696501
125.4,4.1799,5.1758,0.131378754487456,-0.57175511431468
125.41,4.1802,5.1775,0.13136756637726,-0.571792567330713
125.42,4.1806,5.1803,0.131400325125877,-0.571682904541239
125.43,4.1809,5.1823,0.131394688608783,-0.571701773382602
125.44,4.1812,5.1829,0.131335816616088,-0.571898851037803
125.45,4.1816,5.1826,0.131334539678601,-0.571903125612609
125.46,4.182,5.1812,0.131321488644947,-0.571946814090737
125.47,4.1824,5.1792,0.131327565656427,-0.571926471257376
125.48,4.1827,5.1779,0.131344223997518,-0.571870707097559
125.49,4.1831,5.1775,0.131338170023508,-0.571890972951627
125.5,4.1834,5.1788,0.131316731912245,-0.571962737247325
125.51,4.1837,5.1786,0.131258879737699,-0.572156394836696
125.52,4.184,5.1788,0.131261018447779,-0.572149235681448
125.53,4.1844,5.1816,0.131211996227195,-0.572313331933438
125.54,4.1846,5.1845,0.131197741316709,-0.572361047988615
125.55,4.1848,5.1854,0.131248824428388,-0.572190054069331
125.56,4.1852,5.1843,0.131248275707415,-0.572191890858839
125.57,4.1855,5.1838,0.131354281879866,-0.571837037932466
125.58,4.1858,5.1851,0.131366422023374,-0.571796398129222
125.59,4.1862,5.1858,0.131390215842421,-0.571716746413337
125.6,4.1866,5.1857,0.131440854497054,-0.571547226867579
125.61,4.187,5.1864,0.131461184637392,-0.571479168061161
125.62,4.1873,5.1881,0.131470493749274,-0.571448003942762
125.63,4.1877,5.1894,0.131477341263213,-0.571425080440924
125.64,4.1881,5.1888,0.131450822773129,-0.571513856339067
125.65,4.1885,5.1883,0.131445943226341,-0.571530191483097
125.66,4.1888,5.1884,0.131386595237745,-0.571728866727836
125.67,4.1892,5.1887,0.131372906539506,-0.571774690769034
125.68,4.1896,5.1879,0.131382955686227,-0.571741050450495
125.69,4.1899,5.1874,0.131358432858776,-0.571823142323305
125.7,4.1901,5.1882,0.131361449261876,-0.571813044748453
125.71,4.1905,5.189,0.13135966377117,-0.571819021778052
125.72,4.1909,5.1901,0.131385122193425,-0.571733797877004
125.73,4.1911,5.1902,0.131375767352959,-0.571765113982427
125.74,4.1914,5.1897,0.131385410694712,-0.571732832093072
125.75,4.1918,5.1907,0.131375896511985,-0.57176468161268
125.76,4.1922,5.192,0.131379566074869,-0.571752397459844
125.77,4.1925,5.1927,0.131376056460891,-0.571764146171414
125.78,4.1929,5.1935,0.131383341034492,-0.571739760463742
125.79,4.1932,5.1937,0.131377557433584,-0.571759121548171
125.8,4.1936,5.1937,0.131389711551038,-0.571718434577227
125.81,4.1939,5.1946,0.131401721967616,-0.571678228457973
125.82,4.1943,5.1951,0.131406570726441,-0.571661996677058
125.83,4.1946,5.1955,0.131405428947625,-0.571665818916598
125.84,4.195,5.1948,0.131399590065965,-0.57168536523507
125.85,4.1952,5.1951,0.131390154298274,-0.571716952438304
125.86,4.1956,5.1971,0.13137482046319,-0.571768283767864
125.87,4.1958,5.197,0.131369148122062,-0.57178727233491
125.88,4.1962,5.1944,0.131371876442709,-0.571778139092208
125.89,4.1964,5.1926,0.131368606142223,-0.571789086648813
125.9,4.1966,5.1935,0.131368877805608,-0.571788177237441
125.91,4.197,5.1947,0.131363134971992,-0.571807401735912
125.92,4.1972,5.1955,0.131359871987298,-0.571818324763191
125.93,4.1976,5.1958,0.131361346992238,-0.571813387101882
125.94,4.1979,5.1967,0.131362760976109,-0.571808653709195
125.95,4.1983,5.1982,0.131358154872037,-0.571824072898534
125.96,4.1986,5.1991,0.131364139930947,-0.571804037575571
125.97,4.199,5.1983,0.131354553493793,-0.57183612869201
125.98,4.1994,5.1988,0.131347400450897,-0.571860073807333
125.99,4.1997,5.1993,0.1313521331649,-0.571844230853796
126,4.2002,5.1985,0.131347301520956,-0.571860404979027
126.01,4.2005,5.1979,0.131336462120353,-0.571896690197993
126.02,4.2009,5.1994,0.131329259110112,-0.571920802401686
126.03,4.2011,5.2013,0.131310060788966,-0.571985068771485
126.04,4.2015,5.2021,0.131305135392708,-0.572001556451139
126.05,4.2017,5.2014,0.131289476979575,-0.572053972499429
126.06,4.2021,5.2023,0.131279819701875,-0.572086299766438
126.07,4.2023,5.2027,0.13127380788945,-0.572106423951122
126.08,4.2027,5.2016,0.131271434442163,-0.572114368911127
126.09,4.203,5.201,0.131290403953579,-0.572050869492331
126.1,4.2034,5.2013,0.131274804636419,-0.572103087403337
126.11,4.2037,5.2027,0.131272303263736,-0.572111460588474
126.12,4.204,5.2032,0.131250783648305,-0.572183495769903
126.13,4.2043,5.2035,0.131240145998832,-0.572219104210541
126.14,4.2047,5.2056,0.131221339672742,-0.572282056077686
126.15,4.205,5.2076,0.131212302450834,-0.572312306895242
126.16,4.2054,5.2074,0.131182108926532,-0.572413374617685
126.17,4.2057,5.2046,0.131181852551475,-0.572414232784515
126.18,4.2061,5.2031,0.131143698330615,-0.572541945787722
126.19,4.2064,5.2037,0.131142733967442,-0.572545173758958
126.2,4.2068,5.2071,0.13113118897275,-0.572583817722227
126.21,4.207,5.2084,0.131132728640664,-0.57257866408209
126.22,4.2074,5.2086,0.131135229638171,-0.572570292632817
126.23,4.2077,5.2082,0.131130542432371,-0.572585981847961
126.24,4.208,5.2084,0.131113987971768,-0.572641393402721
126.25,4.2083,5.2089,0.131105973858832,-0.572668218330918
126.26,4.2087,5.2081,0.131085082386304,-0.572738146085607
126.27,4.209,5.2069,0.131116626859768,-0.572632560468051
126.28,4.2094,5.2058,0.131097975844361,-0.572694989286114
126.29,4.2097,5.2047,0.131034576087947,-0.572907197848111
126.3,4.2101,5.2075,0.131026513345644,-0.572934184668476
126.31,4.2105,5.2112,0.130962892419234,-0.573147127259323
126.32,4.2109,5.2117,0.130990216647665,-0.573055672309694
126.33,4.2113,5.21,0.130963910541466,-0.573143719594416
126.34,4.2116,5.2086,0.130994879161118,-0.573040066645462
126.35,4.212,5.2091,0.13098991321723,-0.573056687905404
126.36,4.2123,5.2111,0.131017088556177,-0.572965730286239
126.37,4.2126,5.212,0.131021540097494,-0.572950830592416
126.38,4.2129,5.2126,0.131082820407836,-0.572745717324208
126.39,4.2132,5.215,0.131088863721805,-0.572725489276868
126.4,4.2135,5.2169,0.131180079657244,-0.572420167208896
126.41,4.2139,5.2169,0.131195413030263,-0.572368841532199
126.42,4.2142,5.2153,0.131243704046467,-0.572207194028304
126.43,4.2146,5.2147,0.131277174814305,-0.572095153376459
126.44,4.2149,5.2147,0.131286519657712,-0.572063872004032
126.45,4.2152,5.2148,0.13132650758424,-0.571930013164189
126.46,4.2155,5.2158,0.131357671534426,-0.571825690896354
126.47,4.216,5.2168,0.131349285217348,-0.571853764478304
126.48,4.2162,5.2179,0.13136344618833,-0.571806359920715
126.49,4.2166,5.2185,0.131295505163811,-0.572033793381129
126.5,4.2169,5.2195,0.13131471513401,-0.571969488400475
126.51,4.2173,5.2202,0.131299185326426,-0.572021474151661
126.52,4.2177,5.2197,0.131320423688535,-0.571950379033658
126.53,4.218,5.219,0.13129631562587,-0.572031080386285
126.54,4.2182,5.2187,0.131268861157668,-0.572122982804403
126.55,4.2185,5.2186,0.131268876610803,-0.572122931076121
126.56,4.2187,5.2185,0.131243895795423,-0.572206552168779
126.57,4.2191,5.2175,0.131253484747121,-0.572174454093864
126.58,4.2193,5.2192,0.131239152623733,-0.572222429423862
126.59,4.2195,5.222,0.131253393573052,-0.572174759290707
126.6,4.2199,5.2252,0.131253220807464,-0.572175337607659
126.61,4.2202,5.2249,0.131248238095888,-0.572192016759715
126.62,4.2206,5.2229,0.131280074723256,-0.572085446096428
126.63,4.221,5.2225,0.131277144863336,-0.572095253635562
126.64,4.2213,5.2234,0.131296695507581,-0.572029808744556
126.65,4.2217,5.2241,0.131287504750736,-0.572060574449887
126.66,4.222,5.2239,0.131272520461819,-0.572110733532117
126.67,4.2224,5.2255,0.131277959948256,-0.572092525186422
126.68,4.2227,5.2273,0.131315472564154,-0.571966952908227
126.69,4.2231,5.2276,0.131310936709059,-0.571982136640475
126.7,4.2234,5.227,0.131305280431725,-0.572001070935988
126.71,4.2237,5.2264,0.13130689285904,-0.571995673366508
126.72,4.2239,5.2257,0.131312123911801,-0.571978162493202
126.73,4.2243,5.2247,0.131341006379487,-0.571881478173772
126.74,4.2246,5.2226,0.131340946508282,-0.571881678594354
126.75,4.2249,5.2228,0.131295798355476,-0.572032811931865
126.76,4.2252,5.2259,0.131305701061627,-0.571999662885812
126.77,4.2256,5.229,0.131253854664246,-0.572173215830053
126.78,4.2259,5.2293,0.13127496994167,-0.572102534054276
126.79,4.2263,5.2283,0.131246095781109,-0.57219918794374
126.8,4.2266,5.2281,0.131243688240316,-0.572207246937737
126.81,4.227,5.2287,0.131202201381731,-0.57234611865737
126.82,4.2273,5.2288,0.131152865376278,-0.572511261267487
126.83,4.2277,5.2287,0.131155050291258,-0.572503947763584
126.84,4.228,5.23,0.131148943766711,-0.572524387943428
126.85,4.2284,5.2315,0.131135789397269,-0.572568418981275
126.86,4.2287,5.232,0.1311985716883,-0.572358268458893
126.87,4.2291,5.2331,0.131204908562494,-0.572337056803416
126.88,4.2293,5.2334,0.131207610166196,-0.572328013607735
126.89,4.2296,5.2326,0.131199638116478,-0.572354698767918
126.9,4.2299,5.2309,0.131228465412536,-0.572258203596
126.91,4.2302,5.2304,0.131220261084742,-0.572285666503818
126.92,4.2305,5.2325,0.13120388217365,-0.572340492476843
126.93,4.2309,5.2347,0.131104868919477,-0.572671916789324
126.94,4.2312,5.2354,0.131081695772718,-0.572749481672552
126.95,4.2316,5.235,0.131108641409059,-0.572659289486854
126.96,4.2319,5.2355,0.13108655510026,-0.572733216649955
126.97,4.2323,5.2352,0.131025576312748,-0.572937321007298
126.98,4.2326,5.2338,0.131012764319966,-0.572980203852777
126.99,4.2331,5.2345,0.130956400883115,-0.573168854459679
127,4.2335,5.2356,0.130948162344211,-0.573196428802728
127.01,4.2338,5.2366,0.130931677157707,-0.573251604348422
127.02,4.2342,5.2355,0.130992532393265,-0.573047921397824
127.03,4.2344,5.2352,0.130999376302266,-0.573025014462237
127.04,4.2347,5.2365,0.13104527125416,-0.572871399898667
127.05,4.235,5.2382,0.131073992632492,-0.572775265369056
127.06,4.2354,5.238,0.131092842889977,-0.572712170265433
127.07,4.2356,5.2357,0.131094885618687,-0.572705332866381
127.08,4.236,5.2356,0.131093336890776,-0.572710516751921
127.09,4.2363,5.2381,0.131092940328735,-0.572711844119625
127.1,4.2365,5.2397,0.131085337177752,-0.572737293253511
127.11,4.237,5.2406,0.131093089633759,-0.572711344367666
127.12,4.2372,5.242,0.131045039615156,-0.57287217522268
127.13,4.2377,5.2426,0.131042553645111,-0.572880496063121
127.14,4.2381,5.2414,0.130986472201382,-0.573068205135843
127.15,4.2384,5.2406,0.130985312949989,-0.573072085197258
127.16,4.2388,5.2415,0.130973448305285,-0.573111796537916
127.17,4.2393,5.2426,0.130962792714612,-0.573147460971578
127.18,4.2396,5.2421,0.13096516400827,-0.573139524227003
127.19,4.24,5.2414,0.13097098455287,-0.573120042770816
127.2,4.2402,5.243,0.130963597795284,-0.573144766359049
127.21,4.2406,5.2456,0.130965745163125,-0.573137579094467
127.22,4.2409,5.2465,0.130958261749143,-0.573162626138701
127.23,4.2411,5.2454,0.130962514202532,-0.573148393153902
127.24,4.2414,5.2448,0.130942786914337,-0.573214420285765
127.25,4.2417,5.2448,0.130940935590016,-0.573220616631259
127.26,4.242,5.2459,0.130931880802771,-0.573250922755285
127.27,4.2422,5.2461,0.130916911623952,-0.573301023938143
127.28,4.2426,5.248,0.130919863958612,-0.573291142628327
127.29,4.2429,5.2488,0.130908557933829,-0.573328983237492
127.3,4.2432,5.2467,0.130917608892242,-0.573298690218695
127.31,4.2435,5.2452,0.130920549569728,-0.573288847922037
127.32,4.244,5.2459,0.130916315723734,-0.573303018383577
127.33,4.2443,5.248,0.130932296135701,-0.573249532649851
127.34,4.2447,5.2487,0.130940952251152,-0.573220560866792
127.35,4.245,5.2478,0.130953015274817,-0.57318018608277
127.36,4.2454,5.2477,0.130981407054781,-0.573085158373286
127.37,4.2457,5.2488,0.130977325281456,-0.573098820197477
127.38,4.2461,5.2496,0.131015952191164,-0.572969533793865
127.39,4.2465,5.2506,0.13099482987114,-0.573040231621623
127.4,4.2467,5.2518,0.130991661963649,-0.573050834768465
127.41,4.247,5.2523,0.130978956382915,-0.573093360852143
127.42,4.2473,5.2517,0.130962767700444,-0.573147544694217
127.43,4.2476,5.2508,0.130968296905817,-0.573129038374422
127.44,4.248,5.2512,0.130967832969372,-0.573130591177144
127.45,4.2483,5.2523,0.130966181221072,-0.573136119602787
127.46,4.2487,5.2531,0.130965571070287,-0.573138161785413
127.47,4.2491,5.252,0.130979115184805,-0.573092829337274
127.48,4.2494,5.2511,0.130999817470516,-0.573023537845907
127.49,4.2498,5.2518,0.131018078112657,-0.572962418157464
127.5,4.2501,5.2533,0.131047091026154,-0.572865308897184
127.51,4.2505,5.2541,0.13108407832905,-0.57274150684218
127.52,4.2508,5.2528,0.131101894593746,-0.572681872458595
127.53,4.2512,5.2511,0.131099392369793,-0.572690247898391
127.54,4.2514,5.2511,0.131120628536554,-0.572619165963309
127.55,4.2518,5.2534,0.131103677287064,-0.572675905425273
127.56,4.252,5.2567,0.131039354867226,-0.572891202744551
127.57,4.2522,5.2593,0.13103381390508,-0.572909748955684
127.58,4.2526,5.2588,0.130963203348538,-0.573146086576101
127.59,4.253,5.256,0.130979971801931,-0.573089962212501
127.6,4.2533,5.2543,0.130950544790287,-0.573188454778796
127.61,4.2537,5.2554,0.130966440414844,-0.573135252077701
127.62,4.254,5.2576,0.131009528642457,-0.572991033908933
127.63,4.2544,5.2577,0.131005838444961,-0.573003385260128
127.64,4.2547,5.2582,0.131010569591126,-0.57298754977696
127.65,4.2552,5.2606,0.131094607995434,-0.572706262124211
127.66,4.2555,5.2619,0.131086507297564,-0.572733376654131
127.67,4.2559,5.2611,0.131134243972083,-0.572573591898892
127.68,4.2563,5.259,0.131088841239248,-0.57272556453008
127.69,4.2566,5.2599,0.131080553114257,-0.57275330634636
127.7,4.257,5.2617,0.131036622734182,-0.572900347500314
127.71,4.2573,5.262,0.130918323928547,-0.573296297029965
127.72,4.2576,5.2629,0.13092809973975,-0.573263577835928
127.73,4.2579,5.2658,0.130930509078132,-0.573255513870118
127.74,4.2583,5.2681,0.13093994681427,-0.573223926041986
127.75,4.2585,5.2666,0.130966965024879,-0.573133496200485
127.76,4.2589,5.2643,0.130900002420061,-0.573357617929026
127.77,4.2592,5.2635,0.130918010075604,-0.57329734747927
127.78,4.2596,5.2642,0.130965441855005,-0.57313859427058
127.79,4.2599,5.2643,0.130961425700759,-0.57315203637767
127.8,4.2603,5.264,0.130993005489944,-0.573046337919586
127.81,4.2606,5.2642,0.130931706364727,-0.573251506593518
127.82,4.261,5.265,0.130911434070848,-0.573319356990379
127.83,4.2613,5.2651,0.130891419258688,-0.573386345053992
127.84,4.2617,5.265,0.130844407058883,-0.573543689167669
127.85,4.2619,5.2666,0.130882071920343,-0.573417629700323
127.86,4.2623,5.2685,0.130876508658406,-0.573436249348261
127.87,4.2626,5.2685,0.130882858001985,-0.573414998764968
127.88,4.2629,5.2675,0.130866488988354,-0.573469784014415
127.89,4.2632,5.2675,0.130876447327957,-0.573436454614536
127.9,4.2635,5.2678,0.130873157396213,-0.573447465647018
127.91,4.2637,5.2667,0.130873418672791,-0.573446591184165
127.92,4.264,5.2659,0.130878527689569,-0.573429491869916
127.93,4.2643,5.2661,0.130871602710703,-0.573452668999837
127.94,4.2645,5.2688,0.130869471876204,-0.573459800651375
127.95,4.2649,5.2714,0.130875570561651,-0.57343938905446
127.96,4.2652,5.2715,0.130866102835573,-0.573471076419939
127.97,4.2656,5.2722,0.130839919250977,-0.573558709155917
127.98,4.2659,5.2733,0.13082686535236,-0.573602398347079
127.99,4.2663,5.272,0.130842240977691,-0.57355093870469
128,4.2666,5.2693,0.130827527400684,-0.573600182588936
128.01,4.267,5.2689,0.130838783200003,-0.573562511335719
128.02,4.2674,5.2713,0.13082593316323,-0.573605518217497
128.03,4.2677,5.2736,0.130835654504138,-0.573572982568152
128.04,4.2681,5.2734,0.13082977365073,-0.57359266478453
128.05,4.2684,5.2715,0.130837014518898,-0.573568430823239
128.06,4.2688,5.271,0.130799032462236,-0.573695549541376
128.07,4.269,5.2719,0.130792192512445,-0.573718441341405
128.08,4.2694,5.2731,0.130756901130123,-0.573836552775159
128.09,4.2696,5.2737,0.130755032105863,-0.573842807884362
128.1,4.2701,5.2749,0.130717403341203,-0.573968739969843
128.11,4.2703,5.2755,0.130712059889287,-0.573986622728178
128.12,4.2707,5.2754,0.130730405952906,-0.573925224384308
128.13,4.271,5.2757,0.130716406511118,-0.573972076031944
128.14,4.2714,5.2773,0.130709670961349,-0.573994617663629
128.15,4.2717,5.2777,0.130692339461224,-0.574052620109581
128.16,4.2721,5.2775,0.130688169039887,-0.574066576983957
128.17,4.2724,5.2779,0.130737379212206,-0.573901887018452
128.18,4.2728,5.2796,0.130727874824219,-0.573933695281253
128.19,4.2731,5.2792,0.130667587318143,-0.574135456126246
128.2,4.2735,5.277,0.130670880031793,-0.574124436713507
128.21,4.2738,5.2776,0.130659999082075,-0.574160850900044
128.22,4.2742,5.28,0.130655246612461,-0.574176755463881
128.23,4.2744,5.2817,0.130660083719631,-0.574160567652625
128.24,4.2748,5.2811,0.130627047687448,-0.574271125045283
128.25,4.275,5.2798,0.130631182343537,-0.574257288211576
128.26,4.2754,5.2814,0.130709895670507,-0.573993865638261
128.27,4.2757,5.2829,0.130699957306148,-0.574027125908049
128.28,4.276,5.2824,0.130778916259996,-0.573762873840168
128.29,4.2764,5.2821,0.130764383869643,-0.573811510059699
128.3,4.2768,5.2834,0.130791216409229,-0.573721708137866
128.31,4.2772,5.2848,0.130806866852186,-0.57366932949093
128.32,4.2775,5.2834,0.130895627060206,-0.57337226190605
128.33,4.2779,5.2812,0.13098073161562,-0.573087419091065
128.34,4.2782,5.2812,0.130980485261686,-0.573088243645879
128.35,4.2786,5.2824,0.131051246912456,-0.572851398615682
128.36,4.2789,5.2838,0.131064165767691,-0.572808157407883
128.37,4.2792,5.2841,0.131017710911287,-0.572963647211496
128.38,4.2795,5.2857,0.130998957100988,-0.573026417553562
128.39,4.2797,5.2869,0.13093999128133,-0.573223777211741
128.4,4.2801,5.2871,0.130930203867451,-0.573256535399337
128.41,4.2803,5.2866,0.130890869925012,-0.573388183624526
128.42,4.2807,5.2873,0.130919525430518,-0.573292275664772
128.43,4.281,5.2878,0.130938240091465,-0.573229638402605
128.44,4.2813,5.2862,0.13092359112356,-0.573278667984915
128.45,4.2816,5.2856,0.130942251185793,-0.573216213358978
128.46,4.282,5.2878,0.130935705942424,-0.573238120131759
128.47,4.2823,5.2895,0.130958768860637,-0.573160928835059
128.48,4.2827,5.2894,0.130970998804539,-0.573119995070194
128.49,4.2831,5.2889,0.131013937946186,-0.572976275633926
128.5,4.2835,5.2903,0.131003069095329,-0.573012654456301
128.51,4.2839,5.2921,0.130992349037145,-0.573048535099843
128.52,4.2842,5.2927,0.130984169533704,-0.573075912256114
128.53,4.2846,5.292,0.130971496920612,-0.57311832786553
128.54,4.2849,5.2921,0.130955589697861,-0.573171569496271
128.55,4.2853,5.2918,0.130953088846188,-0.573179939839731
128.56,4.2855,5.2903,0.130957750466993,-0.573164337401187
128.57,4.2858,5.2896,0.130961202343783,-0.573152783954977
128.58,4.2861,5.2915,0.130948013420293,-0.573196927249381
128.59,4.2864,5.2953,0.130933694507624,-0.573244852344022
128.6,4.2866,5.2954,0.130937353091651,-0.573232607168293
128.61,4.287,5.2927,0.130950378747867,-0.573189010521419
128.62,4.2872,5.2921,0.130944275286085,-0.573209438731863
128.63,4.2875,5.2932,0.130952485276516,-0.573181959984423
128.64,4.2879,5.295,0.130938178559435,-0.573229844348769
128.65,4.2882,5.2954,0.130940645016055,-0.573221589176073
128.66,4.2886,5.294,0.130930005174979,-0.573257200415859
128.67,4.289,5.2943,0.130919495817677,-0.573292374777449
128.68,4.2893,5.2952,0.130906827840993,-0.573334773742362
128.69,4.2897,5.2966,0.130888357808339,-0.573396591448373
128.7,4.2901,5.2982,0.130871267410475,-0.573453791210537
128.71,4.2904,5.299,0.130860245079946,-0.573490681577257
128.72,4.2908,5.2997,0.130810152658121,-0.573658332566514
128.73,4.2911,5.2976,0.1308116084423,-0.573653460348102
128.74,4.2913,5.2967,0.130807069401294,-0.573668651600677
128.75,4.2917,5.297,0.130813202555195,-0.57364812516781
128.76,4.292,5.2976,0.130790816839208,-0.573723045407879
128.77,4.2923,5.2963,0.130771931259674,-0.57378625089841
128.78,4.2926,5.2962,0.130744826052978,-0.573876964646462
128.79,4.293,5.2984,0.130749040956275,-0.573862858578851
128.8,4.2932,5.3003,0.130730822581891,-0.573923830056414
128.81,4.2936,5.3013,0.130748667963296,-0.57386410687993
128.82,4.2939,5.3011,0.130732084413452,-0.573919607096384
128.83,4.2943,5.3017,0.130710016520944,-0.573993461192792
128.84,4.2946,5.3015,0.130687065800867,-0.574070269117317
128.85,4.295,5.3005,0.130644522548803,-0.574212644386235
128.86,4.2953,5.3002,0.130626224274046,-0.57427388063667
128.87,4.2957,5.3022,0.130601132612108,-0.574357850607782
128.88,4.296,5.3041,0.130596304068422,-0.574374009369345
128.89,4.2963,5.304,0.130609288374191,-0.574330557209428
128.9,4.2966,5.3026,0.130559969791424,-0.574495601301352
128.91,4.2969,5.3034,0.130549987035304,-0.574529008077488
128.92,4.2972,5.3055,0.130582263473947,-0.57442099615334
128.93,4.2976,5.3057,0.130567397526496,-0.574470744681898
128.94,4.2978,5.3055,0.130511803878139,-0.574656784770728
128.95,4.2982,5.3068,0.130465677273968,-0.57481114086235
128.96,4.2986,5.3077,0.130451574044868,-0.574858334720142
128.97,4.299,5.3071,0.13041103437495,-0.574993991734192
128.98,4.2993,5.3064,0.13038138415595,-0.575093208185818
128.99,4.2997,5.3069,0.130408058535236,-0.575003949632795
129,4.3001,5.3069,0.13041664814711,-0.574975206625474
129.01,4.3004,5.3065,0.130376766586428,-0.575108659526637
129.02,4.3008,5.3066,0.130383557831401,-0.575085934608905
129.03,4.3011,5.3085,0.130339402937889,-0.575233684929732
129.04,4.3015,5.3109,0.130370503611145,-0.575129616687968
129.05,4.3017,5.313,0.130479568532119,-0.574764656059054
129.06,4.3021,5.3128,0.130505710460243,-0.574677175690902
129.07,4.3023,5.3126,0.130650207983745,-0.574193617650797
129.08,4.3027,5.3131,0.130628370540868,-0.574266698052606
129.09,4.3029,5.3119,0.130689835226741,-0.574061000869037
129.1,4.3032,5.31,0.130636795613577,-0.574238503084615
129.11,4.3036,5.3103,0.130605779492337,-0.574342299754224
129.12,4.304,5.3103,0.13064987098907,-0.57419474543005
129.13,4.3043,5.3103,0.130619846196422,-0.574295225139613
129.14,4.3047,5.3121,0.130540376790165,-0.574561168135526
129.15,4.305,5.3148,0.13054719728172,-0.574538343818828
129.16,4.3054,5.3169,0.130465158561386,-0.57481287664328
129.17,4.3057,5.3159,0.13052507437928,-0.574612376392682
129.18,4.3061,5.3121,0.130459772004923,-0.574830901790485
129.19,4.3064,5.3117,0.130525519658328,-0.574610886307586
129.2,4.3068,5.3148,0.130481407161328,-0.574758503369912
129.21,4.3073,5.316,0.13042707387027,-0.574940319390561
129.22,4.3076,5.3155,0.130426618361283,-0.574941843647567
129.23,4.3078,5.3144,0.130426046327256,-0.574943757828658
129.24,4.3082,5.3145,0.130400621581741,-0.575028835472617
129.25,4.3086,5.315,0.130377735182549,-0.575105418406499
129.26,4.3088,5.3154,0.130351439316632,-0.575193409278501
129.27,4.309,5.3165,0.130339570374198,-0.575233124662389
129.28,4.3094,5.3186,0.130301622062363,-0.575360104497602
129.29,4.3097,5.3194,0.130303120393458,-0.575355090930404
129.3,4.31,5.3186,0.130283162715221,-0.575421871084675
129.31,4.3103,5.3192,0.130266823185888,-0.575476544185602
129.32,4.3107,5.3207,0.130286204788142,-0.575411692075328
129.33,4.311,5.3221,0.13029010281776,-0.575398648950626
129.34,4.3113,5.322,0.130315482723629,-0.575313725207126
129.35,4.3116,5.3203,0.130309765521977,-0.575332855621934
129.36,4.312,5.3185,0.130318502566293,-0.575303620447842
129.37,4.3123,5.3181,0.130311707649432,-0.575326357044959
129.38,4.3127,5.3204,0.130309671094299,-0.575333171587439
129.39,4.313,5.3232,0.130291064298474,-0.57539543175461
129.4,4.3134,5.3245,0.130290565918663,-0.575397099375884
129.41,4.3136,5.323,0.130300804075852,-0.575362841561795
129.42,4.314,5.3201,0.130323023011688,-0.575288494466662
129.43,4.3143,5.3196,0.130358065894189,-0.575171235603584
129.44,4.3146,5.3218,0.130361877171564,-0.575158482382793
129.45,4.3149,5.3232,0.130369078609416,-0.575134385019731
129.46,4.3153,5.3236,0.130388126225549,-0.575070647776553
129.47,4.3156,5.3242,0.130392658395918,-0.57505548212844
129.48,4.316,5.3263,0.130431533724594,-0.574925395489482
129.49,4.3163,5.3277,0.130435628179343,-0.574911694291965
129.5,4.3167,5.3279,0.130382749640714,-0.575088638986307
129.51,4.3171,5.3271,0.130382477363646,-0.575089550082907
129.52,4.3174,5.3264,0.130326379975326,-0.575277261624208
129.53,4.3178,5.3261,0.13030388737993,-0.575352524514998
129.54,4.3181,5.3263,0.130259007045786,-0.575502697356124
129.55,4.3186,5.3272,0.130259616587003,-0.575500657805711
129.56,4.3189,5.3288,0.130219794272294,-0.575633903864012
129.57,4.3193,5.3324,0.130239651732561,-0.575567460778516
129.58,4.3195,5.3332,0.130239147632627,-0.575569147504194
129.59,4.3198,5.3319,0.130276425850337,-0.575444413106083
129.6,4.3201,5.3312,0.130264565202952,-0.575484099510789
129.61,4.3205,5.3307,0.130294253757869,-0.575384759543858
129.62,4.3208,5.329,0.130293849232233,-0.575386113122874
129.63,4.3212,5.3271,0.130241328580301,-0.57556185001919
129.64,4.3215,5.3276,0.130227325906154,-0.575608703072012
129.65,4.3219,5.3301,0.130244230040324,-0.575552141678467
129.66,4.3222,5.3339,0.130241992888606,-0.575559627231918
129.67,4.3226,5.3375,0.130217293812537,-0.575642270366898
129.68,4.323,5.3386,0.130106409143891,-0.576013280257292
129.69,4.3233,5.3369,0.130086923551923,-0.576078475508312
129.7,4.3237,5.3338,0.130131763932385,-0.575928446959766
129.71,4.324,5.3317,0.130122862668334,-0.575958229347146
129.72,4.3243,5.3334,0.130111789836634,-0.575995277344892
129.73,4.3245,5.336,0.130123422740405,-0.575956355427363
129.74,4.3247,5.3358,0.130085373596461,-0.576083661355329
129.75,4.3251,5.3342,0.130069335480587,-0.576137321552014
129.76,4.3254,5.3347,0.130060725952958,-0.576166127093222
129.77,4.3257,5.3379,0.130098495917111,-0.576039756539518
129.78,4.326,5.3406,0.130102730689814,-0.576025587736365
129.79,4.3264,5.3408,0.130125926721921,-0.57594797746371
129.8,4.3267,5.3392,0.130154809208216,-0.575851340176885
129.81,4.3271,5.3374,0.130160714923676,-0.575831580229976
129.82,4.3274,5.336,0.13012743904533,-0.57594291744193
129.83,4.3278,5.3353,0.130113422270845,-0.575989815480812
129.84,4.3283,5.337,0.130125652989862,-0.575948893332407
129.85,4.3286,5.3399,0.130123415731087,-0.575956378879524
129.86,4.329,5.3411,0.130127032655063,-0.575944277167012
129.87,4.3293,5.3409,0.130083135479386,-0.576091149650321
129.88,4.3296,5.3406,0.130078663331406,-0.576106112548173
129.89,4.3299,5.3416,0.130045548086987,-0.576216908567769
129.9,4.3303,5.3418,0.130048238676418,-0.576207906528312
129.91,4.3306,5.3413,0.130059013953215,-0.576171855046805
129.92,4.3309,5.3406,0.130060070215678,-0.576168321038364
129.93,4.3312,5.3413,0.130051317154865,-0.576197606696997
129.94,4.3315,5.3437,0.130047110435686,-0.576211681340897
129.95,4.3318,5.3452,0.130035597304338,-0.576250201311916
129.96,4.3322,5.3458,0.130038358309368,-0.576240963717085
129.97,4.3324,5.3458,0.130016169310837,-0.576315201959372
129.98,4.3328,5.3443,0.130010693605941,-0.576333522047002
129.99,4.3331,5.3432,0.129990920051029,-0.576399678165253
130,4.3333,5.3433,0.129996095648107,-0.576382362291227
130.01,4.3337,5.3454,0.130002342007026,-0.576361463945345
130.02,4.3341,5.3461,0.130020474732062,-0.576300797265538
130.03,4.3344,5.3449,0.130044341155125,-0.576220946656759
130.04,4.3348,5.3447,0.130046670995503,-0.576213151597865
130.05,4.3351,5.346,0.130057311423461,-0.57617755131201
130.06,4.3355,5.3459,0.130043844874422,-0.576222607085987
130.07,4.3358,5.345,0.130056427509193,-0.576180508680245
130.08,4.3361,5.3437,0.130066231470407,-0.57614770688302
130.09,4.3364,5.3446,0.130078184921777,-0.576107713207892
130.1,4.3367,5.3472,0.130026762371422,-0.576279760597537
130.11,4.337,5.3491,0.130029055643062,-0.576272087943878
130.12,4.3374,5.3494,0.129977698639363,-0.57644391256577
130.13,4.3376,5.35,0.129995667792624,-0.576383793758699
130.14,4.338,5.3499,0.129989760702534,-0.576403556965338
130.15,4.3383,5.3492,0.130011295699622,-0.576331507621797
130.16,4.3387,5.3497,0.130039826890648,-0.576236050227082
130.17,4.3389,5.351,0.130037179331386,-0.576244908267831
130.18,4.3392,5.3522,0.130051224181385,-0.57619791776357
130.19,4.3396,5.3521,0.130046945409096,-0.576212233478633
130.2,4.34,5.3504,0.130047269071188,-0.57621115058611
130.21,4.3403,5.3507,0.130026811832605,-0.576279595114153
130.22,4.3407,5.352,0.129990506825292,-0.576401060683346
130.23,4.341,5.3527,0.129931546713958,-0.576598319516825
130.24,4.3413,5.3522,0.12989268396862,-0.576728337348458
130.25,4.3416,5.3519,0.129862194545394,-0.576830340236062
130.26,4.3418,5.3525,0.129895144126682,-0.576720106791839
130.27,4.3422,5.3524,0.129891212263035,-0.576733260994035
130.28,4.3426,5.3523,0.12991841853581,-0.576642240919207
130.29,4.3429,5.3542,0.129912812010249,-0.576660997940559
130.3,4.3433,5.3558,0.130002320410274,-0.576361536201357
130.31,4.3436,5.3547,0.130016891132127,-0.57631278695594
130.32,4.344,5.3523,0.13015697619743,-0.575844089648268
130.33,4.3444,5.3519,0.130162137967714,-0.575826818856499
130.34,4.3448,5.3537,0.130283382487977,-0.575421135708603
130.35,4.3453,5.355,0.130266242655163,-0.57547848667146
130.36,4.3456,5.3561,0.13034099337432,-0.575228363086099
130.37,4.346,5.3575,0.130319816189185,-0.575299224902642
130.38,4.3463,5.3602,0.13030697603032,-0.575342189565801
130.39,4.3466,5.3605,0.130267671031972,-0.575473707247883
130.4,4.3468,5.3594,0.130268940446133,-0.575469459719296
130.41,4.3472,5.3578,0.130097001736997,-0.576044755796973
130.42,4.3474,5.3574,0.130081048548654,-0.576098132099648
130.43,4.3477,5.3578,0.13004836279168,-0.576207491269439
130.44,4.3481,5.3582,0.130073959635294,-0.576121850129342
130.45,4.3485,5.36,0.130030480070565,-0.576267322199147
130.46,4.3487,5.3637,0.130050342928655,-0.57620086621956
130.47,4.349,5.3665,0.129992980921781,-0.576392783162616
130.48,4.3494,5.3662,0.129955346621971,-0.576518694358547
130.49,4.3498,5.3641,0.129943164148022,-0.57655945223584
130.5,4.3502,5.3622,0.130001163260841,-0.576365407662228
130.51,4.3506,5.3606,0.129973332580367,-0.576458519879248
130.52,4.3509,5.3606,0.130001544434945,-0.57636413237284
130.53,4.3513,5.3625,0.129947769864273,-0.576544043302766
130.54,4.3516,5.365,0.129975213273913,-0.576452227736565
130.55,4.352,5.3659,0.129991710798107,-0.576397032583643
130.56,4.3522,5.3658,0.130016391469452,-0.576314458681543
130.57,4.3526,5.3664,0.130053903035788,-0.576188954965711
130.58,4.3528,5.3673,0.130081562710241,-0.576096411819234
130.59,4.3531,5.3678,0.13011257538478,-0.575992649026749
130.6,4.3534,5.3671,0.130149210296403,-0.575870073544509
130.61,4.3537,5.3653,0.130170180669769,-0.575799908668436
130.62,4.3539,5.365,0.130189688779285,-0.575734635845664
130.63,4.3542,5.3662,0.130190072652491,-0.575733351426482
130.64,4.3546,5.367,0.130207053104302,-0.575676535541774
130.65,4.355,5.3688,0.130171651615778,-0.57579498700022
130.66,4.3552,5.3695,0.130178150912037,-0.575773240836887
130.67,4.3555,5.3688,0.130157339246097,-0.575842874923202
130.68,4.3559,5.3686,0.130142663657427,-0.575891977852501
130.69,4.3562,5.368,0.130121014284932,-0.575964413766423
130.7,4.3566,5.369,0.130112733600709,-0.575992119661517
130.71,4.357,5.3692,0.130116451581407,-0.575979679881918
130.72,4.3573,5.3679,0.130126173370716,-0.575947152211687
130.73,4.3577,5.3684,0.130154987644211,-0.57585074314818
130.74,4.358,5.3724,0.130127996920331,-0.575941050869716
130.75,4.3584,5.3749,0.130111773734291,-0.575995331220742
130.76,4.3586,5.3737,0.130133575089045,-0.57592238706899
130.77,4.359,5.372,0.130143274149762,-0.575889935217207
130.78,4.3592,5.3717,0.130116953514717,-0.575978000490425
130.79,4.3596,5.3723,0.130114368361798,-0.575986650009951
130.8,4.3599,5.3716,0.130064986290248,-0.576151872976497
130.81,4.3601,5.3705,0.130012267850854,-0.576328255093761
130.82,4.3605,5.3717,0.129978814104001,-0.576440180605209
130.83,4.3609,5.3747,0.129921499158721,-0.576631934462531
130.84,4.3612,5.3757,0.129915586442235,-0.576651715890712
130.85,4.3616,5.3752,0.129879663388634,-0.576771898078057
130.86,4.3619,5.3752,0.129873477819805,-0.576792591997133
130.87,4.3624,5.3767,0.129935136418346,-0.576586309823605
130.88,4.3627,5.3772,0.129932129571328,-0.576596369513949
130.89,4.3631,5.3768,0.129929122787708,-0.576606428979766
130.9,4.3633,5.3765,0.12995344216083,-0.576525065967275
130.91,4.3638,5.3778,0.129954978849141,-0.576519924788124
130.92,4.364,5.3786,0.129939960239151,-0.576570171250109
130.93,4.3643,5.3789,0.129943053081122,-0.576559823822077
130.94,4.3646,5.3787,0.129914335245579,-0.576655901855055
130.95,4.3649,5.3775,0.129909852815581,-0.576670898114805
130.96,4.3652,5.3776,0.129864158248917,-0.576823770670771
130.97,4.3656,5.3795,0.129842703509935,-0.576895547159817
130.98,4.3659,5.3813,0.129855939986559,-0.576851264811896
130.99,4.3663,5.382,0.129791767012886,-0.577065951870022
131,4.3666,5.3818,0.129810137865966,-0.577004493796854
131.01,4.3671,5.3806,0.129914795267188,-0.576654362821418
131.02,4.3675,5.3806,0.129919955149075,-0.576637100065077
131.03,4.3678,5.3818,0.130036440966511,-0.576247378641845
131.04,4.3682,5.3816,0.130035396059201,-0.576250874624671
131.05,4.3685,5.38,0.130138670231651,-0.575905339371161
131.06,4.3688,5.3809,0.13013397477708,-0.575921049765052
131.07,4.3691,5.3845,0.130204967379344,-0.57568351431198
131.08,4.3694,5.3859,0.130240563216064,-0.575564410940634
131.09,4.3697,5.3842,0.130223432349015,-0.575621730895551
131.1,4.3701,5.3828,0.13020279174503,-0.575690793909697
131.11,4.3703,5.3836,0.130211812739731,-0.575660609928718
131.12,4.3707,5.3841,0.13016024065972,-0.575833167072605
131.13,4.371,5.3832,0.130142513115704,-0.575892481547259
131.14,4.3714,5.3825,0.13012619579799,-0.575947077173195
131.15,4.3717,5.3836,0.130146959491663,-0.575877604487322
131.16,4.3722,5.3854,0.130116668682301,-0.575978953495831
131.17,4.3725,5.3863,0.130155637941827,-0.575848567318084
131.18,4.3729,5.3861,0.130193075490149,-0.57572330408555
131.19,4.3732,5.3874,0.130199418284829,-0.575702081378846
131.2,4.3736,5.3889,0.130223504706439,-0.575621488788148
131.21,4.374,5.3897,0.130227304246794,-0.575608775544184
131.22,4.3744,5.3893,0.130249968717932,-0.575532939919388
131.23,4.3747,5.3892,0.130246314305728,-0.575545167679432
131.24,4.375,5.3906,0.130258063922407,-0.575505853085409
131.25,4.3754,5.3914,0.130230386806999,-0.575598461297815
131.26,4.3756,5.392,0.130235194599599,-0.575582374397832
131.27,4.3758,5.3924,0.130234231089254,-0.575585598311192
131.28,4.3762,5.3924,0.130230975363012,-0.575596491987926
131.29,4.3764,5.3908,0.130230382061331,-0.575598477176829
131.3,4.3768,5.3894,0.130247960512966,-0.575539659428675
131.31,4.377,5.3902,0.130268357737862,-0.575471409493031
131.32,4.3774,5.3914,0.130275854365024,-0.575446325333068
131.33,4.3777,5.3921,0.13029673624676,-0.575376452908719
131.34,4.3781,5.3924,0.130297475046682,-0.575373980814897
131.35,4.3784,5.3942,0.130299420442524,-0.575367471334383
131.36,4.3788,5.3962,0.130277447093804,-0.575440995957978
131.37,4.3792,5.3964,0.130249498902696,-0.575534511934641
131.38,4.3795,5.3946,0.130220557671141,-0.575631349540584
131.39,4.3799,5.3941,0.130176526334533,-0.575778676558185
131.4,4.3802,5.3955,0.130143643515062,-0.575888699364263
131.41,4.3806,5.3964,0.130150428089401,-0.575865998941413
131.42,4.3809,5.3951,0.130158769900332,-0.575838088093338
131.43,4.3812,5.3938,0.130172138535178,-0.575793357806027
131.44,4.3814,5.3943,0.130190830281655,-0.575730816439291
131.45,4.3817,5.395,0.1301978580672,-0.575707301802229
131.46,4.382,5.3953,0.130228792392088,-0.575603796211698
131.47,4.3823,5.3964,0.130240795425016,-0.575563633965708
131.48,4.3826,5.398,0.130269525546762,-0.575467501940133
131.49,4.3829,5.3988,0.130244527813494,-0.575551145323092
131.5,4.3833,5.3974,0.130244614121186,-0.575550856535693
131.51,4.3836,5.3959,0.130193108374062,-0.575723194057595
131.52,4.384,5.3955,0.130159398371923,-0.575835985287657
131.53,4.3842,5.3977,0.130116906743753,-0.575978156978876
131.54,4.3847,5.4,0.13011726843466,-0.575976946816656
131.55,4.3851,5.4018,0.130108426543625,-0.576006530374454
131.56,4.3854,5.4027,0.13010115235293,-0.576030868576304
131.57,4.3858,5.402,0.130156232255921,-0.575846578802684
131.58,4.3861,5.4023,0.130172094747713,-0.575793504315471
131.59,4.3864,5.403,0.130286794255923,-0.575409719669447
131.6,4.3867,5.4015,0.130324886178486,-0.575282260067084
131.61,4.3869,5.3982,0.130419944726279,-0.574964175413372
131.62,4.3873,5.3965,0.130433660336628,-0.574918279250196
131.63,4.3877,5.3981,0.130441598926666,-0.574891714450325
131.64,4.388,5.4003,0.130358263618609,-0.575170573982539
131.65,4.3884,5.4023,0.130304788571447,-0.575349509034711
131.66,4.3887,5.4025,0.130187608039702,-0.575741597885321
131.67,4.3891,5.4034,0.130155032015669,-0.575850594685785
131.68,4.3894,5.4047,0.130002980976935,-0.576359326150638
131.69,4.3898,5.4052,0.129972336676809,-0.576461851822189
131.7,4.3901,5.4041,0.129876861031761,-0.57678127341414
131.71,4.3905,5.4042,0.129811992629322,-0.576998288823411
131.72,4.3908,5.4059,0.12976490217123,-0.577155825000116
131.73,4.3912,5.4067,0.12977163003,-0.577133317842466
131.74,4.3914,5.4057,0.129774822222341,-0.57712263876535
131.75,4.3918,5.4042,0.129805067320017,-0.577021456908669
131.76,4.392,5.4054,0.129840326358645,-0.576903499842848
131.77,4.3924,5.4076,0.129999100035889,-0.576372310564446
131.78,4.3927,5.4076,0.130023566001123,-0.576290454757877
131.79,4.3931,5.4066,0.129999630738335,-0.576370535001419
131.8,4.3934,5.4064,0.13000776198462,-0.576343330367173
131.81,4.3938,5.4077,0.129990853628699,-0.57639990039265
131.82,4.3941,5.4098,0.130001166622059,-0.576365396416643
131.83,4.3945,5.4109,0.129953211488922,-0.576525837708143
131.84,4.3949,5.411,0.129999691501087,-0.57637033170839
131.85,4.3952,5.4107,0.129976995939903,-0.576446263555305
131.86,4.3956,5.4104,0.129928619281897,-0.576608113502657
131.87,4.3959,5.4118,0.12994254601641,-0.576561520261292
131.88,4.3963,5.414,0.129910203643617,-0.576669724397892
131.89,4.3966,5.4151,0.129910406908196,-0.576669044363583
131.9,4.397,5.4145,0.129905780054217,-0.576684523777681
131.91,4.3972,5.4137,0.129898924990332,-0.576707457745954
131.92,4.3976,5.4143,0.129901780984505,-0.576697902878622
131.93,4.3978,5.4142,0.129849771968126,-0.576871899814881
131.94,4.398,5.414,0.129837389214977,-0.576913325951605
131.95,4.3983,5.4136,0.129807332868303,-0.577013877699811
131.96,4.3986,5.4144,0.129776354763767,-0.577117511836207
131.97,4.3989,5.4152,0.12976213455048,-0.577165083689577
131.98,4.3992,5.4144,0.129775248152858,-0.577121213867433
131.99,4.3996,5.4144,0.129775083534773,-0.577121764576926
132,4.3999,5.4175,0.129803823764942,-0.577025617118766
132.01,4.4003,5.4205,0.129802711385785,-0.577029338488931
132.02,4.4006,5.4193,0.129838866636602,-0.576908383292049
132.03,4.401,5.4164,0.12984498226781,-0.576887923641499
132.04,4.4013,5.4153,0.129876211295639,-0.576783447116659
132.05,4.4017,5.4163,0.129870533586254,-0.576802441958928
132.06,4.4021,5.4165,0.129870791842313,-0.576801577961262
132.07,4.4024,5.4156,0.129881666971138,-0.576765195049594
132.08,4.4028,5.4161,0.129896279144829,-0.576716309540696
132.09,4.4031,5.4178,0.129919025880009,-0.576640209004338
132.1,4.4035,5.4192,0.129910524819613,-0.576668649883568
132.11,4.4037,5.4206,0.129883839149194,-0.576757927974846
132.12,4.4041,5.4214,0.129860715355776,-0.576835288857779
132.13,4.4044,5.4214,0.129878342109021,-0.57677631844447
132.14,4.4047,5.4195,0.129867299938066,-0.576813260146459
132.15,4.405,5.4192,0.129862190982924,-0.576830352154292
132.16,4.4054,5.4206,0.129903297311205,-0.576692829929387
132.17,4.4057,5.4218,0.129922710574091,-0.576627881577323
132.18,4.4061,5.4222,0.129989190888218,-0.576405463376605
132.19,4.4063,5.4215,0.129999729906127,-0.576370203217218
132.2,4.4067,5.4219,0.130003792207453,-0.576356612024668
132.21,4.407,5.4237,0.130000455044555,-0.576367777131988
132.22,4.4074,5.425,0.129981351253129,-0.576431692171543
132.23,4.4077,5.4246,0.129957766751229,-0.576510597511592
132.24,4.4081,5.4246,0.129958298265944,-0.576508819261155
132.25,4.4084,5.4265,0.129994366717649,-0.576388146737493
132.26,4.4087,5.4275,0.129966693046704,-0.576480733397317
132.27,4.409,5.4259,0.129918948617982,-0.576640467490184
132.28,4.4093,5.4254,0.129912032008169,-0.576663607488367
132.29,4.4096,5.4267,0.12986580933114,-0.576818246975171
132.3,4.4098,5.4278,0.129866411043609,-0.576816233945164
132.31,4.4102,5.4277,0.129862032046536,-0.57683088387535
132.32,4.4106,5.4267,0.129905023379675,-0.576687055274389
132.33,4.4109,5.4277,0.129909596024906,-0.576671757223796
132.34,4.4113,5.4294,0.129931816880687,-0.576597415649272
132.35,4.4116,5.4286,0.129918189833699,-0.576643006058877
132.36,4.412,5.4272,0.129916405560491,-0.576648975473164
132.37,4.4123,5.4266,0.129914858249943,-0.576654152108298
132.38,4.4127,5.4277,0.129793575856284,-0.577059900564108
132.39,4.413,5.4304,0.129794777344937,-0.577055881100682
132.4,4.4134,5.4315,0.129765273783703,-0.577154581821582
132.41,4.4136,5.4311,0.129742371041593,-0.577231199447998
132.42,4.414,5.4308,0.129719798467285,-0.577306711843364
132.43,4.4142,5.4302,0.129692875636569,-0.57739677630605
132.44,4.4146,5.4303,0.129694890762265,-0.577390035176681
132.45,4.4148,5.4317,0.129739657627951,-0.577240276711248
132.46,4.4152,5.4327,0.129757925627827,-0.577179164033492
132.47,4.4155,5.4324,0.129764156699936,-0.577158318871459
132.48,4.4159,5.4333,0.129795291551987,-0.577054160870406
132.49,4.4162,5.4356,0.129769196914355,-0.57714145751477
132.5,4.4166,5.4359,0.129819253878731,-0.576973996805827
132.51,4.4169,5.4345,0.129798673941268,-0.577042845403009
132.52,4.4173,5.4337,0.129810297237347,-0.577003960631886
132.53,4.4176,5.4337,0.129815854540982,-0.576985369068809
132.54,4.418,5.4332,0.129834491362301,-0.576923020602147
132.55,4.4183,5.4327,0.129856537122357,-0.576849267101249
132.56,4.4187,5.4331,0.129859405935451,-0.576839669514639
132.57,4.4191,5.4359,0.129837306950964,-0.576913601162739
132.58,4.4194,5.4392,0.129847619769621,-0.576879099946851
132.59,4.4198,5.4402,0.129848339966754,-0.576876690544157
132.6,4.42,5.4389,0.129868157909471,-0.576810389799875
132.61,4.4202,5.4386,0.129862863977139,-0.576828100654404
132.62,4.4206,5.4396,0.129809177642922,-0.577007706150073
132.63,4.4208,5.4403,0.129815455999488,-0.576986702362373
132.64,4.4211,5.4382,0.129811015798054,-0.577001556740663
132.65,4.4214,5.4376,0.12979581388677,-0.577052413449205
132.66,4.4218,5.439,0.129777010828816,-0.577115317050167
132.67,4.4221,5.4396,0.129764065153188,-0.577158625128421
132.68,4.4225,5.439,0.129745028096345,-0.577222310714018
132.69,4.4228,5.4397,0.129732899889609,-0.577262883530076
132.7,4.4232,5.4403,0.129732494375413,-0.577264240104128
132.71,4.4235,5.4394,0.129755973246199,-0.577185695436484
132.72,4.4239,5.4391,0.129744714388128,-0.577223360173095
132.73,4.4244,5.4396,0.129813314537443,-0.576993866474813
132.74,4.4247,5.44,0.129812485719855,-0.576996639224759
132.75,4.4251,5.4405,0.129849689817445,-0.576872174648264
132.76,4.4254,5.4412,0.129837720551526,-0.576912217477662
132.77,4.4257,5.4425,0.129850453253857,-0.576869620587379
132.78,4.426,5.4438,0.129847402466525,-0.576879826929144
132.79,4.4263,5.4433,0.129848870446819,-0.576874915835028
132.8,4.4266,5.4414,0.129824665576563,-0.576955892290529
132.81,4.4268,5.442,0.129820414024489,-0.57697011561014
132.82,4.4272,5.4448,0.129780126634153,-0.577104893493276
132.83,4.4276,5.4461,0.129789676408373,-0.577072945774156
132.84,4.4279,5.4449,0.129752424125663,-0.57719756847911
132.85,4.4283,5.4451,0.129767641059857,-0.577146662419607
132.86,4.4286,5.4471,0.129803125158537,-0.577027954247466
132.87,4.429,5.4482,0.129806317494293,-0.577017274552448
132.88,4.4293,5.4482,0.129853434272563,-0.576859647642658
132.89,4.4297,5.447,0.129869535863591,-0.576805779847033
132.9,4.43,5.4471,0.129884687893715,-0.576755088477555
132.91,4.4304,5.4479,0.12983298842757,-0.576928048605798
132.92,4.4307,5.4492,0.129838862472801,-0.576908397221897
132.93,4.4311,5.4514,0.129783345969002,-0.577094123576686
132.94,4.4313,5.4517,0.129765955655437,-0.577152300712775
132.95,4.4316,5.4511,0.129656718240726,-0.577517731427201
132.96,4.4319,5.4505,0.129640681280445,-0.577571378313006
132.97,4.4323,5.4501,0.12960711582189,-0.57768366043827
132.98,4.4325,5.4494,0.129622642279013,-0.577631722010445
132.99,4.4329,5.4486,0.129604896024156,-0.577691085981869
133,4.4333,5.4486,0.129630555675945,-0.577605250332445
133.01,4.4337,5.45,0.129644574753625,-0.577558353887766
133.02,4.434,5.452,0.129734827653475,-0.577256434543296
133.03,4.4344,5.4532,0.129734846994095,-0.57725636984271
133.04,4.4348,5.4522,0.129874140897886,-0.576790373661363
133.05,4.4352,5.4512,0.129856355543534,-0.576849874571073
133.06,4.4356,5.4515,0.12988628366999,-0.576749749763055
133.07,4.4359,5.4531,0.129854549357238,-0.576855917143703
133.08,4.4363,5.4533,0.129763210491099,-0.577161484281456
133.09,4.4365,5.4543,0.129733965393587,-0.577259319079072
133.1,4.4369,5.4572,0.12965355726021,-0.577528305576297
133.11,4.4372,5.4599,0.129609184525501,-0.577676740320213
133.12,4.4376,5.4594,0.129615733558462,-0.577654832802286
133.13,4.4378,5.4573,0.129562039364462,-0.577834446363262
133.14,4.4382,5.4572,0.129553926144502,-0.577861585719058
133.15,4.4385,5.4576,0.129552956659278,-0.577864828716966
133.16,4.4389,5.4566,0.129538849276747,-0.577912018781646
133.17,4.4392,5.4557,0.129606757605147,-0.577684858725403
133.18,4.4396,5.456,0.129563650301442,-0.577829057642216
133.19,4.44,5.4579,0.129639641897468,-0.57757485524775
133.2,4.4403,5.4603,0.129679270386174,-0.577442289327426
133.21,4.4407,5.4606,0.129715926579731,-0.577319664460653
133.22,4.441,5.4596,0.12975256980074,-0.57719708114565
133.23,4.4414,5.4584,0.129725961112404,-0.577286095917134
133.24,4.4416,5.4569,0.129747932376338,-0.577212594918088
133.25,4.442,5.4577,0.12974918742725,-0.577208396345984
133.26,4.4423,5.4601,0.12975143463407,-0.577200878669563
133.27,4.4425,5.4628,0.129761926622675,-0.577165779282644
133.28,4.4428,5.4633,0.129749761154709,-0.577206477031808
133.29,4.4431,5.4625,0.129772231435391,-0.577131305917605
133.3,4.4434,5.4629,0.129773051085275,-0.577128563882889
133.31,4.4436,5.4638,0.129772414769457,-0.577130692596824
133.32,4.444,5.4614,0.129788435437309,-0.577077097313419
133.33,4.4443,5.4577,0.129793529503253,-0.577060055633626
133.34,4.4446,5.4568,0.12979360847189,-0.577059791451798
133.35,4.4449,5.4596,0.129833305785292,-0.576926986899415
133.36,4.4454,5.4629,0.129825473051286,-0.576953190928112
133.37,4.4457,5.4639,0.129815300478858,-0.576987222646044
133.38,4.4461,5.464,0.12980526310436,-0.577020801928236
133.39,4.4464,5.4649,0.129835003632894,-0.576921306822149
133.4,4.4468,5.4657,0.1298018182412,-0.577032326427194
133.41,4.4472,5.4667,0.129810635551983,-0.577002828825605
133.42,4.4475,5.4667,0.129752537130701,-0.577197190438221
133.43,4.4479,5.4676,0.129726968430353,-0.577282726126615
133.44,4.4482,5.4683,0.129782219396313,-0.577097892398404
133.45,4.4485,5.4683,0.129773341723069,-0.577127591590796
133.46,4.4488,5.4686,0.129791008213081,-0.577068490358058
133.47,4.449,5.4692,0.12981445993342,-0.576990034632961
133.48,4.4494,5.468,0.129794706950261,-0.57705611659928
133.49,4.4497,5.4662,0.129781180984412,-0.577101366286623
133.5,4.45,5.4667,0.129799061954861,-0.577041547338775
133.51,4.4503,5.4681,0.129881996191482,-0.576764093635306
133.52,4.4507,5.4674,0.129872032275176,-0.576797428082147
133.53,4.451,5.4664,0.129900858751799,-0.576700988254195
133.54,4.4514,5.4664,0.129913278769101,-0.576659436367992
133.55,4.4518,5.4676,0.129858539401576,-0.576842568496575
133.56,4.4522,5.4689,0.129875244072969,-0.576786682974392
133.57,4.4526,5.4687,0.129757234212897,-0.577181477060129
133.58,4.4529,5.4694,0.129753339156595,-0.577194507384038
133.59,4.4533,5.4726,0.129711092601461,-0.577335835529084
133.6,4.4535,5.4737,0.129655213182155,-0.577522766168496
133.61,4.4539,5.4725,0.12964191113549,-0.577567264210869
133.62,4.4541,5.4718,0.129660359003049,-0.577505552289365
133.63,4.4545,5.473,0.129708038366755,-0.577346052819208
133.64,4.4548,5.4755,0.12973410439861,-0.57725885406277
133.65,4.4551,5.4774,0.129794478228931,-0.577056881764373
133.66,4.4554,5.4773,0.129857520587485,-0.576845976929395
133.67,4.4558,5.4773,0.129807846546339,-0.577012159230441
133.68,4.4561,5.4769,0.1298000852055,-0.577038124145698
133.69,4.4565,5.4753,0.129793895700238,-0.577058830557466
133.7,4.4568,5.474,0.129793861861544,-0.577058943761511
133.71,4.4572,5.4739,0.129768970545286,-0.577142214802668
133.72,4.4575,5.4746,0.129760556066754,-0.577170364282158
133.73,4.4579,5.4765,0.129768689097807,-0.577143156348033
133.74,4.4582,5.4771,0.129794343573844,-0.577057332239914
133.75,4.4585,5.4771,0.129801941799722,-0.577031913072872
133.76,4.4588,5.4771,0.129852156872712,-0.576863921162489
133.77,4.4591,5.4772,0.129856753513603,-0.576848543166811
133.78,4.4594,5.4764,0.129957246691059,-0.576512337439009
133.79,4.4597,5.4753,0.129989072244806,-0.576405860318378
133.8,4.4601,5.4747,0.130045305070688,-0.576217721639052
133.81,4.4604,5.474,0.130043667415144,-0.576223200819591
133.82,4.4607,5.4773,0.130059728562453,-0.576169464130731
133.83,4.4611,5.4813,0.130019871987046,-0.576302813877516
133.84,4.4614,5.4836,0.130017358673512,-0.576311222698499
133.85,4.4618,5.4829,0.129956912006177,-0.576513457169636
133.86,4.4623,5.4808,0.12997920344063,-0.576438878018515
133.87,4.4626,5.4803,0.12994338118799,-0.576558726105279
133.88,4.463,5.4823,0.129958979981918,-0.576506538492636
133.89,4.4633,5.4821,0.129951882266451,-0.576530284781851
133.9,4.4636,5.4801,0.129943658743174,-0.576557797514459
133.91,4.4639,5.4802,0.129953323014811,-0.576525464584751
133.92,4.4643,5.4823,0.129934585137719,-0.576588154185876
133.93,4.4646,5.484,0.129971723578039,-0.576463903034305
133.94,4.4649,5.4844,0.129963309572956,-0.576492053273736
133.95,4.4652,5.4846,0.130000010193963,-0.576369265462312
133.96,4.4655,5.4856,0.129991036697229,-0.576399287905197
133.97,4.4657,5.4861,0.130008259227663,-0.576341666742853
133.98,4.466,5.4854,0.13001710498258,-0.576312071474582
133.99,4.4663,5.4858,0.129996142381271,-0.576382205937003
134,4.4666,5.4865,0.130009808654861,-0.57633648282748
134.01,4.467,5.4862,0.130007979610023,-0.576342602258663
134.02,4.4672,5.4854,0.130018167503791,-0.576308516587006
134.03,4.4676,5.4851,0.13002363293677,-0.576290230810079
134.04,4.4679,5.4876,0.129991167254269,-0.576398851103996
134.05,4.4683,5.4904,0.130004300719978,-0.576354910698849
134.06,4.4686,5.4901,0.129979530434274,-0.576437784009886
134.07,4.469,5.4878,0.129991951098008,-0.576396228618441
134.08,4.4693,5.4864,0.129999582585981,-0.576370696104028
134.09,4.4697,5.4849,0.129961784402818,-0.576497155934898
134.1,4.4701,5.4845,0.129980292987313,-0.576435232768273
134.11,4.4704,5.4864,0.129963072395141,-0.576492846784124
134.12,4.4706,5.4901,0.129989025177586,-0.576406017789786
134.13,4.471,5.4922,0.130004303902016,-0.576354900052731
134.14,4.4712,5.4913,0.130032844556298,-0.576259411270604
134.15,4.4715,5.4895,0.130050745278075,-0.576199520056991
134.16,4.4718,5.4903,0.130083322124484,-0.576090525173175
134.17,4.4722,5.4922,0.130069505703542,-0.576136752023301
134.18,4.4725,5.4924,0.130105151565159,-0.576017487903031
134.19,4.4729,5.4916,0.13008620711082,-0.576080872580154
134.2,4.4732,5.4925,0.130109301181017,-0.576003603981965
134.21,4.4736,5.4945,0.13009422781186,-0.576054036842568
134.22,4.474,5.4957,0.13003531073237,-0.576251160105557
134.23,4.4743,5.4948,0.130045916254119,-0.576215676773193
134.24,4.4747,5.4943,0.130053143812983,-0.576191495142292
134.25,4.475,5.4939,0.130084353178059,-0.576087075473384
134.26,4.4754,5.4936,0.130101514525835,-0.57602965680923
134.27,4.4757,5.4944,0.130092132994532,-0.576061045710774
134.28,4.4761,5.4951,0.130109047997227,-0.576004451093285
134.29,4.4764,5.4963,0.130179244750988,-0.57576958092716
134.3,4.4767,5.4968,0.130196027070097,-0.575713428238217
134.31,4.477,5.4973,0.130330000527931,-0.575265146760997
134.32,4.4773,5.498,0.130300248231421,-0.575364701472
134.33,4.4776,5.4978,0.130310357497158,-0.575330874806924
134.34,4.4778,5.4975,0.130270450588089,-0.575464406699576
134.35,4.4782,5.4974,0.130271290867142,-0.575461595077359
134.36,4.4786,5.4999,0.130260056305729,-0.575499186488138
134.37,4.479,5.502,0.13024418634549,-0.575552287882303
134.38,4.4794,5.5011,0.130225174606876,-0.575615901311667
134.39,4.4797,5.4987,0.130258082535842,-0.575505790804107
134.4,4.4801,5.498,0.130184722153312,-0.575751253891849
134.41,4.4804,5.4996,0.130187084832955,-0.575743348505247
134.42,4.4808,5.5003,0.130176626229287,-0.575778342317517
134.43,4.4812,5.5001,0.130173657225101,-0.57578827638634
134.44,4.4815,5.5011,0.130272176824776,-0.575458630610922
134.45,4.4819,5.5032,0.130228856046152,-0.575603583225202
134.46,4.4821,5.5045,0.130295334576853,-0.575381143025613
134.47,4.4825,5.504,0.130260084352168,-0.575499092643548
134.48,4.4828,5.5028,0.130275904298743,-0.575446158251619
134.49,4.4832,5.502,0.130353972054487,-0.575184934306592
134.5,4.4835,5.5011,0.130329138180778,-0.575268032293911
134.51,4.4839,5.5,0.130327049122628,-0.575275022567357
134.52,4.4841,5.5033,0.130329262589912,-0.575267616003794
134.53,4.4845,5.5063,0.13029248969063,-0.57539066226922
134.54,4.4848,5.5065,0.130356199077135,-0.575177482302514
134.55,4.4852,5.5059,0.130297133096274,-0.575375125013121
134.56,4.4855,5.5051,0.130333847795864,-0.575252273257608
134.57,4.4859,5.506,0.130297718848737,-0.575373165030192
134.58,4.4862,5.5061,0.130289310701186,-0.575401299438912
134.59,4.4866,5.5047,0.130239326231871,-0.575568549908579
134.6,4.4868,5.5043,0.130219412530018,-0.57563518116881
134.61,4.4872,5.5066,0.130187876051771,-0.575740701132082
134.62,4.4874,5.5079,0.130155019366056,-0.575850637010108
134.63,4.4876,5.5078,0.130136534716289,-0.575912484537753
134.64,4.488,5.5092,0.130111922036734,-0.575994835024615
134.65,4.4882,5.5108,0.130096987352502,-0.576044803924887
134.66,4.4885,5.5096,0.130108600400577,-0.576005948677846
134.67,4.4888,5.5084,0.130092889378056,-0.576058514993225
134.68,4.4892,5.5071,0.130056649134393,-0.576179767174806
134.69,4.4895,5.5084,0.130047732861577,-0.576209598859052
134.7,4.4899,5.5103,0.130055592226109,-0.576183303339047
134.71,4.4902,5.5134,0.130062222121988,-0.576161121255789
134.72,4.4906,5.5136,0.130063958554601,-0.576155311547812
134.73,4.491,5.5132,0.130063905203321,-0.576155490049106
134.74,4.4913,5.5123,0.130056304873619,-0.576180918989808
134.75,4.4917,5.5104,0.130113417581574,-0.575989831170368
134.76,4.492,5.5095,0.130097647491405,-0.576042595219446
134.77,4.4924,5.5106,0.130146793821039,-0.575878158802564
134.78,4.4927,5.5128,0.130153883272612,-0.575854438262598
134.79,4.4931,5.5134,0.130176604006084,-0.575778416674757
134.8,4.4934,5.5133,0.130164942590199,-0.57581743484142
134.81,4.4937,5.5153,0.130209786443852,-0.575667389864429
134.82,4.494,5.5173,0.130250410152965,-0.57553146286483
134.83,4.4943,5.5172,0.13025289846105,-0.575523136908046
134.84,4.4946,5.5167,0.130261381666204,-0.575494751773969
134.85,4.495,5.5182,0.13027711270928,-0.575442114830844
134.86,4.4953,5.5205,0.13020155231199,-0.575694941007188
134.87,4.4957,5.5195,0.130186752301865,-0.575744461135106
134.88,4.496,5.5159,0.130192141768163,-0.575726428272797
134.89,4.4964,5.5155,0.130210598744686,-0.575664671926682
134.9,4.4967,5.5169,0.130178563146155,-0.575771861530136
134.91,4.4971,5.5163,0.130236891895645,-0.575576695228516
134.92,4.4974,5.5162,0.130255715891458,-0.575513709687392
134.93,4.4978,5.5174,0.130342555660552,-0.575223135433952
134.94,4.4982,5.5203,0.130361902182972,-0.575158398690049
134.95,4.4986,5.5225,0.130340505090147,-0.575229996960018
134.96,4.4989,5.5208,0.130366815593479,-0.575141957503596
134.97,4.4991,5.5179,0.13042238968415,-0.574955993938189
134.98,4.4995,5.5163,0.130384410170438,-0.575083082500791
134.99,4.4998,5.5171,0.130453576216303,-0.574851634838967
135,4.5,5.5192,0.130505952227076,-0.574676366647053
135.01,4.5004,5.5218,0.130524856659554,-0.574613104971487
135.02,4.5007,5.5236,0.130461033359871,-0.574826680895466
135.03,4.5011,5.5245,0.130455575869117,-0.574844943380372
135.04,4.5015,5.5233,0.130413871635354,-0.574984497545037
135.05,4.5018,5.5225,0.130377767571795,-0.575105310025454
135.06,4.5023,5.5227,0.130360500213697,-0.57516308993421
135.07,4.5026,5.5219,0.13038356551112,-0.575085908910932
135.08,4.503,5.5211,0.130381467144195,-0.575092930489751
135.09,4.5033,5.5221,0.130368702268935,-0.5751356443274
135.1,4.5036,5.5234,0.130381009150055,-0.575094463034046
135.11,4.5039,5.5243,0.130345554725335,-0.575213100088433
135.12,4.5042,5.5256,0.130372903483826,-0.575121586242887
135.13,4.5045,5.527,0.130282997889755,-0.575422422602965
135.14,4.5048,5.5279,0.130281405883308,-0.575427749573226
135.15,4.5051,5.5259,0.13026583231932,-0.575479859676151
135.16,4.5055,5.5231,0.130199714581212,-0.575701089983077
135.17,4.5058,5.5226,0.130187939211409,-0.575740489803488
135.18,4.5061,5.5252,0.130205889227833,-0.575680429836624
135.19,4.5064,5.5276,0.13019741352933,-0.575708789206866
135.2,4.5068,5.5275,0.130242389717806,-0.575558299434147
135.21,4.5071,5.5275,0.130248927099136,-0.57553642520534
135.22,4.5076,5.5288,0.13029214031346,-0.575391831315697
135.23,4.508,5.5305,0.130271849138026,-0.575459727070218
135.24,4.5083,5.5303,0.130254296639631,-0.575518458554992
135.25,4.5087,5.5282,0.130295088217435,-0.575381967366689
135.26,4.5089,5.5273,0.130284526675807,-0.575417307169499
135.27,4.5092,5.5278,0.130300422537453,-0.575364118226897
135.28,4.5096,5.5293,0.130286573875784,-0.575410457078903
135.29,4.51,5.5322,0.130294433979495,-0.575384156506083
135.3,4.5102,5.5353,0.130253678555416,-0.575520526686116
135.31,4.5104,5.5348,0.130253565522768,-0.5755209048972
135.32,4.5108,5.5316,0.130260629629505,-0.57549726812198
135.33,4.511,5.53,0.130246105914867,-0.57554586496022
135.34,4.5113,5.5303,0.130238623157359,-0.575570902405665
135.35,4.5116,5.5329,0.13022621770383,-0.5756124111138
135.36,4.512,5.535,0.130181322788276,-0.575762627953121
135.37,4.5123,5.5358,0.130153319743265,-0.575856323773513
135.38,4.5127,5.5347,0.130127417486365,-0.575942989575222
135.39,4.513,5.5335,0.130164684410177,-0.575818298689052
135.4,4.5134,5.5333,0.130200448190007,-0.575698635357067
135.41,4.5137,5.5348,0.130222893647754,-0.575623533385752
135.42,4.5141,5.5369,0.130242991134728,-0.575556287081698
135.43,4.5144,5.5367,0.130246487664613,-0.575544587616422
135.44,4.5148,5.5355,0.130241629593675,-0.575560842823221
135.45,4.5152,5.5348,0.13025701104208,-0.57550937606447
135.46,4.5155,5.5365,0.130254301052012,-0.575518443791013
135.47,4.5157,5.5379,0.130234747862854,-0.575583869182731
135.48,4.5161,5.5375,0.130224678066837,-0.575617562731951
135.49,4.5163,5.5351,0.130188385429604,-0.575738996782365
135.5,4.5167,5.534,0.130168807239697,-0.575804504053405
135.51,4.517,5.5347,0.130103633665303,-0.576022566536327
135.52,4.5174,5.5352,0.130115917422205,-0.575981467095899
135.53,4.5177,5.5368,0.130111401016211,-0.575996578275374
135.54,4.5181,5.5393,0.130106584880228,-0.576012692273058
135.55,4.5185,5.5409,0.130129174309132,-0.57593711148903
135.56,4.5188,5.5394,0.130176215833081,-0.575779715473646
135.57,4.5192,5.5384,0.1301888231829,-0.575737532084056
135.58,4.5195,5.5394,0.130292605420423,-0.575390275027207
135.59,4.5198,5.5406,0.130292307677622,-0.575391271300639
135.6,4.5201,5.5393,0.130274868299988,-0.575449624769688
135.61,4.5205,5.538,0.130235052952591,-0.57558284834994
135.62,4.5208,5.5383,0.13019858885074,-0.575704856631274
135.63,4.5212,5.5402,0.130199024106198,-0.57570340028449
135.64,4.5214,5.5423,0.130214905387668,-0.575650261994615
135.65,4.5216,5.5423,0.130160372648594,-0.575832725450265
135.66,4.522,5.542,0.13020210615124,-0.575693087881633
135.67,4.5222,5.5424,0.130134776297666,-0.575918367981241
135.68,4.5226,5.5444,0.130185834391831,-0.575747532408381
135.69,4.5229,5.546,0.130214035353801,-0.575653173110725
135.7,4.5233,5.5468,0.130264996011846,-0.575482658002966
135.71,4.5237,5.5462,0.130458402483154,-0.574835484643631
135.72,4.524,5.5437,0.130450943362021,-0.574860445177706
135.73,4.5244,5.5432,0.130499007451139,-0.5746996064788
135.74,4.5247,5.5451,0.13045620146685,-0.574842849935172
135.75,4.5252,5.5479,0.130423967519734,-0.574950714078976
135.76,4.5255,5.5481,0.130458193710601,-0.574836183262421
135.77,4.5259,5.5463,0.130410471874171,-0.574995874002405
135.78,4.5262,5.5456,0.130306737039347,-0.575342989255211
135.79,4.5265,5.5473,0.130327297104802,-0.5752741927855
135.8,4.5268,5.548,0.130219138589353,-0.575636097770663
135.81,4.5271,5.5482,0.130300255749621,-0.575364676315367
135.82,4.5274,5.548,0.130262713336339,-0.575490295944971
135.83,4.5278,5.5484,0.130285408014958,-0.575414358140752
135.84,4.5281,5.5476,0.130307647856819,-0.575339941561908
135.85,4.5284,5.5457,0.130292612000839,-0.575390253008557
135.86,4.5287,5.5454,0.130271585638755,-0.575460608754297
135.87,4.5291,5.5476,0.130238943271025,-0.575569831300975
135.88,4.5294,5.55,0.130208047881387,-0.57567320704678
135.89,4.5298,5.5498,0.130246306384637,-0.575545194183591
135.9,4.5301,5.5496,0.130184515568577,-0.575751945111813
135.91,4.5304,5.5513,0.130200523019645,-0.575698384980015
135.92,4.5307,5.5525,0.130159542231429,-0.575835503947469
135.93,4.5311,5.5528,0.130177132604877,-0.575776648020966
135.94,4.5314,5.5525,0.130178028797584,-0.575773649423324
135.95,4.5318,5.5521,0.130190633744024,-0.575731474043906
135.96,4.5322,5.5529,0.130238699212903,-0.57557064792279
135.97,4.5325,5.5536,0.130281748507632,-0.575426603127418
135.98,4.5327,5.5538,0.130305547168095,-0.575346970690781
135.99,4.533,5.5546,0.130293217320486,-0.575388227555738
136,4.5333,5.5537,0.130295148909539,-0.575381764285381
136.01,4.5336,5.5535,0.130282506236418,-0.57542406771144
136.02,4.5338,5.5542,0.130292417464475,-0.575390903944249
136.03,4.5342,5.5553,0.130278358773824,-0.575437945415192
136.04,4.5345,5.5565,0.13028931887767,-0.575401272079719
136.05,4.5349,5.5554,0.130294168514037,-0.575385044777376
136.06,4.5352,5.5552,0.130350406474766,-0.575196865340631
136.07,4.5356,5.5563,0.130357662886626,-0.575172584138335
136.08,4.5359,5.5569,0.130387922890288,-0.575071328180813
136.09,4.5363,5.5564,0.130397801690808,-0.575038271487824
136.1,4.5366,5.5548,0.130428152855343,-0.574936708811797
136.11,4.537,5.5543,0.130405053508435,-0.575014005186287
136.12,4.5373,5.5563,0.130385475416339,-0.57507951795952
136.13,4.5377,5.5577,0.130375626931359,-0.575112473043248
136.14,4.5379,5.5586,0.130394565585253,-0.575049100241123
136.15,4.5383,5.5601,0.130389946781622,-0.575064555795195
136.16,4.5385,5.5607,0.13038672637644,-0.575075331976708
136.17,4.5389,5.5609,0.130334203760664,-0.575251082147943
136.18,4.5392,5.5607,0.130328307890393,-0.57527081055948
136.19,4.5395,5.561,0.130395948667283,-0.575044472132384
136.2,4.5398,5.5609,0.130387420285159,-0.575073010007265
136.21,4.5402,5.5596,0.13040891574123,-0.575001081209939
136.22,4.5405,5.5577,0.130428069125891,-0.574936988993468
136.23,4.5409,5.5583,0.130442310879857,-0.574889332046455
136.24,4.5414,5.5604,0.130449968691084,-0.574863706723478
136.25,4.5417,5.5622,0.130455444382075,-0.574845383376969
136.26,4.5421,5.5626,0.130387245154529,-0.57507359603249
136.27,4.5424,5.5632,0.130389414757838,-0.575066336064357
136.28,4.5428,5.5644,0.130294260005865,-0.575384738637502
136.29,4.5431,5.5644,0.13027568679596,-0.575446886029959
136.3,4.5435,5.5637,0.130217633517066,-0.575641133720865
136.31,4.5438,5.5639,0.130252050493349,-0.575525974235489
136.32,4.5442,5.5645,0.130147978846932,-0.575874193838607
136.33,4.5444,5.5647,0.130116264304011,-0.575980306483132
136.34,4.5447,5.5648,0.130093526886692,-0.576056382008164
136.35,4.545,5.5667,0.130059003362396,-0.576171890481215
136.36,4.5454,5.5692,0.130045260041449,-0.576217872295525
136.37,4.5456,5.5694,0.13013299153612,-0.575924339560434
136.38,4.546,5.5677,0.130160829597589,-0.575831196541792
136.39,4.5463,5.5658,0.130204607663038,-0.575684717910839
136.4,4.5467,5.5657,0.130192543835717,-0.57572508297494
136.41,4.547,5.5667,0.130233366122887,-0.575588492494522
136.42,4.5474,5.5688,0.130145417027704,-0.57588276539649
136.43,4.5477,5.5709,0.13011112365274,-0.575997506288724
136.44,4.5481,5.573,0.130114040109324,-0.575987748291009
136.45,4.5484,5.5733,0.130088124844621,-0.576074456216262
136.46,4.5488,5.5722,0.1300824439525,-0.576093463360472
136.47,4.549,5.5713,0.130033633750832,-0.576256770837837
136.48,4.5494,5.5715,0.13003598840804,-0.576248892782686
136.49,4.5496,5.5717,0.130076499273694,-0.576113353035408
136.5,4.55,5.5712,0.13008902439888,-0.576071446481123
136.51,4.5503,5.5713,0.130064809973211,-0.576152462893578
136.52,4.5507,5.5724,0.130076561244182,-0.57611314569513
136.53,4.551,5.5731,0.130138214511667,-0.575906864153601
136.54,4.5513,5.5727,0.130171069933027,-0.57579693326474
136.55,4.5516,5.5718,0.130206098537023,-0.575679729494652
136.56,4.552,5.5713,0.130227486800307,-0.575608164720495
136.57,4.5523,5.5709,0.130225905417141,-0.575613456023859
136.58,4.5527,5.5705,0.130174644730568,-0.575784972267294
136.59,4.553,5.5708,0.130170330874671,-0.575799406094929
136.6,4.5534,5.5721,0.130121001924685,-0.57596445512198
136.61,4.5538,5.5741,0.130074211737284,-0.576121006649705
136.62,4.5541,5.5746,0.130049197965405,-0.576204696984825
136.63,4.5545,5.5758,0.130053909520374,-0.576188933269845
136.64,4.5548,5.5768,0.130069385505184,-0.576137154180675
136.65,4.5552,5.5766,0.130052632111423,-0.576193207171975
136.66,4.5554,5.5745,0.130069256452834,-0.576137585961547
136.67,4.5558,5.5743,0.130089366264273,-0.576070302665128
136.68,4.556,5.5764,0.130152133985518,-0.575860291194874
136.69,4.5562,5.579,0.130182392535256,-0.575759048648825
136.7,4.5566,5.5787,0.130217296166287,-0.575642262491288
136.71,4.5569,5.5772,0.130212805182227,-0.575657289238705
136.72,4.5573,5.5776,0.13023990291447,-0.575566620320084
136.73,4.5577,5.5783,0.130233722465295,-0.575587300170532
136.74,4.5579,5.578,0.130188440490905,-0.575738812550313
136.75,4.5582,5.5763,0.130168378761637,-0.575805937705507
136.76,4.5586,5.5765,0.130166579608857,-0.575811957518945
136.77,4.5591,5.579,0.130158950213692,-0.575837484782182
136.78,4.5594,5.5803,0.130149408443701,-0.575869410565313
136.79,4.5598,5.5805,0.130140216126139,-0.575900166998161
136.8,4.5601,5.58,0.130126740999412,-0.57594525300595
136.81,4.5605,5.5801,0.130115861703458,-0.575981653522178
136.82,4.5607,5.5809,0.130134980503866,-0.575917684733669
136.83,4.5611,5.5809,0.130186535816921,-0.575745185481168
136.84,4.5614,5.5817,0.13019179704973,-0.575727581683198
136.85,4.5617,5.5821,0.130275139342864,-0.575448717843037
136.86,4.562,5.5832,0.130275163082558,-0.575448638408513
136.87,4.5624,5.5846,0.130285318419466,-0.575414657934224
136.88,4.5626,5.5872,0.130259888981797,-0.575499746361166
136.89,4.5631,5.5882,0.13020377033692,-0.575687519575635
136.9,4.5634,5.5865,0.130219652224802,-0.575634379153135
136.91,4.5638,5.584,0.130198788712113,-0.575704187903407
136.92,4.5641,5.5833,0.130161777748303,-0.575828024117528
136.93,4.5645,5.5857,0.13017088909813,-0.575797538323923
136.94,4.5649,5.5895,0.130175567672787,-0.575781884170808
136.95,4.5652,5.5911,0.13020793466854,-0.575673585853719
136.96,4.5656,5.5916,0.130286130760478,-0.575411939777724
136.97,4.566,5.5905,0.130316197153125,-0.575311334640642
136.98,4.5663,5.5888,0.130422218812754,-0.574956565719304
136.99,4.5666,5.5885,0.130408455263959,-0.57500262208068
137,4.5669,5.5891,0.130459649673908,-0.574831311148873
137.01,4.5672,5.5894,0.130486129367187,-0.574742701214849
137.02,4.5675,5.5889,0.130468572195494,-0.574801453507014
137.03,4.5678,5.5881,0.130519532685198,-0.574630921135931
137.04,4.568,5.5895,0.130466638427089,-0.574807924530565
137.05,4.5684,5.5933,0.130321177359838,-0.575294670254234
137.06,4.5687,5.5949,0.130324463533273,-0.575283674293615
137.07,4.5691,5.5923,0.130166382455521,-0.575812617177105
137.08,4.5695,5.5896,0.130187296255994,-0.575742641095864
137.09,4.5699,5.5878,0.130231908689502,-0.575593369074185
137.1,4.5703,5.5868,0.130308278746227,-0.575337830537373
137.11,4.5706,5.5865,0.130440232258019,-0.574896287721891
137.12,4.571,5.5872,0.130369760306598,-0.575132103929284
137.13,4.5712,5.5891,0.130348676854237,-0.575202652937761
137.14,4.5716,5.5903,0.130454860511905,-0.574847337188133
137.15,4.5718,5.5902,0.130414387630195,-0.574982770894924
137.16,4.5722,5.59,0.130574802138652,-0.574445965366886
137.17,4.5724,5.5907,0.130469665249545,-0.574797795787252
137.18,4.5728,5.5906,0.130523915214899,-0.57461625542766
137.19,4.5731,5.5901,0.130414370471516,-0.574982828312239
137.2,4.5735,5.5896,0.130382139249794,-0.575090681483156
137.21,4.5738,5.5914,0.130440256613036,-0.574896206222929
137.22,4.5742,5.5922,0.130379428277927,-0.575099752961009
137.23,4.5745,5.5932,0.130430547772696,-0.574928694758477
137.24,4.5749,5.5939,0.130518157115343,-0.574635524340863
137.25,4.5752,5.5944,0.130490143934875,-0.574729267040895
137.26,4.5756,5.5952,0.130538731841979,-0.57456667283453
137.27,4.576,5.5951,0.130528901733083,-0.574599568498727
137.28,4.5763,5.596,0.130588444170159,-0.57440031251565
137.29,4.5767,5.5968,0.130583369660789,-0.574417294314062
137.3,4.577,5.5972,0.130566692018089,-0.574473105640929
137.31,4.5772,5.596,0.130558724975502,-0.574499767020814
137.32,4.5776,5.596,0.130516226715657,-0.574641984223139
137.33,4.5778,5.5975,0.130514446004996,-0.574647943182083
137.34,4.5781,5.5994,0.130474475508636,-0.574781699052568
137.35,4.5784,5.5984,0.130464509352181,-0.574815049107816
137.36,4.5787,5.5963,0.130466537008943,-0.574808263908818
137.37,4.579,5.5965,0.130455501719026,-0.574845191509675
137.38,4.5793,5.5988,0.130461173497326,-0.574826211950814
137.39,4.5796,5.6009,0.130480103477691,-0.574762865946661
137.4,4.58,5.6016,0.130477698623648,-0.574770913414656
137.41,4.5803,5.6009,0.130464528900727,-0.574814983692049
137.42,4.5807,5.6013,0.13045010968023,-0.57486323493094
137.43,4.581,5.6016,0.13040906394677,-0.575000585277514
137.44,4.5814,5.6018,0.130396592086949,-0.575042319102159
137.45,4.5817,5.6028,0.130376851288971,-0.575108376094708
137.46,4.5822,5.6028,0.130387808133347,-0.575071712182613
137.47,4.5826,5.6019,0.130379327438371,-0.575100090391022
137.48,4.5829,5.6019,0.130378509688931,-0.575102826749279
137.49,4.5832,5.6016,0.130384426035763,-0.575083029412019
137.5,4.5834,5.6025,0.130439593318983,-0.574898425797223
137.51,4.5837,5.6043,0.130439729577415,-0.574897969837036
137.52,4.5841,5.6064,0.130491568857947,-0.574724498735243
137.53,4.5843,5.6073,0.130521923989842,-0.574622918871405
137.54,4.5847,5.6076,0.130563302386533,-0.574484448913989
137.55,4.5849,5.6073,0.130559339699285,-0.574497709876099
137.56,4.5853,5.6066,0.130586725601302,-0.57440606369431
137.57,4.5856,5.6065,0.130549661495994,-0.574530097475615
137.58,4.586,5.6073,0.130554366298053,-0.574514353118458
137.59,4.5863,5.6072,0.130508427109009,-0.574668084745447
137.6,4.5867,5.6068,0.130498364872424,-0.57470175678546
137.61,4.587,5.6063,0.130478396007123,-0.574768579730731
137.62,4.5874,5.6073,0.130508038828715,-0.574669384080388
137.63,4.5878,5.6081,0.130557116175035,-0.574505150794728
137.64,4.5881,5.608,0.130589528326126,-0.574396684393199
137.65,4.5883,5.6078,0.130558429414671,-0.574500756101283
137.66,4.5887,5.6093,0.130598668870844,-0.574366095542396
137.67,4.5891,5.6094,0.130625777155439,-0.57427537693957
137.68,4.5893,5.6084,0.130709099097696,-0.573996531497088
137.69,4.5895,5.6077,0.130741576473154,-0.573887840037714
137.7,4.5899,5.6099,0.130694923693803,-0.574043971616638
137.71,4.5902,5.6123,0.130700897445514,-0.574023979592415
137.72,4.5906,5.6131,0.130716605092988,-0.573971411443913
137.73,4.5909,5.6118,0.130707159947529,-0.574003021170863
137.74,4.5913,5.6121,0.130750745931402,-0.573857152511127
137.75,4.5917,5.6122,0.130824185758608,-0.573611366465248
137.76,4.592,5.6131,0.13083432196607,-0.573577442350649
137.77,4.5925,5.6131,0.13081420150967,-0.573644781863152
137.78,4.5928,5.613,0.130823694319374,-0.573613011222875
137.79,4.5932,5.614,0.130811359878869,-0.573654292240386
137.8,4.5935,5.6142,0.130837628686848,-0.573566375303654
137.81,4.5939,5.614,0.130827572243172,-0.573600032509072
137.82,4.5941,5.6145,0.130761270342979,-0.573821930204897
137.83,4.5945,5.6156,0.130786198741234,-0.573738501115896
137.84,4.5947,5.6156,0.13066973298402,-0.574128275431279
137.85,4.595,5.6143,0.13069079352872,-0.574057793782847
137.86,4.5953,5.6137,0.1305953463071,-0.574377214521759
137.87,4.5957,5.6144,0.130626136805054,-0.574274173355681
137.88,4.5959,5.6151,0.130531176327637,-0.574591956763869
137.89,4.5963,5.6166,0.130476857006206,-0.574773729753941
137.9,4.5966,5.6166,0.130467140664706,-0.574806243879208
137.91,4.597,5.6163,0.130428764414103,-0.574934662368437
137.92,4.5973,5.6153,0.130397795181137,-0.575038293270694
137.93,4.5977,5.6153,0.130457102769766,-0.574839833893465
137.94,4.598,5.6165,0.130469327375178,-0.57479892642662
137.95,4.5985,5.6185,0.130500346785255,-0.574695124568373
137.96,4.5987,5.6179,0.130495402199554,-0.574711670980155
137.97,4.5992,5.6172,0.130557201759866,-0.574504864389269
137.98,4.5994,5.6191,0.130533061705222,-0.574585647504703
137.99,4.5998,5.6221,0.130528422735846,-0.574601171420836
138,4.6002,5.6233,0.130523737838461,-0.574616849001124
138.01,4.6005,5.6209,0.130488126969292,-0.574736016529188
138.02,4.6007,5.6193,0.130484710252147,-0.57474745007413
138.03,4.601,5.6185,0.130415670810452,-0.574978477045493
138.04,4.6013,5.6182,0.130418438916471,-0.574969214246852
138.05,4.6016,5.6175,0.130348758432919,-0.575202379962054
138.06,4.6019,5.6192,0.130365117532098,-0.575147639536917
138.07,4.6023,5.6212,0.130372680321786,-0.575122332987213
138.08,4.6026,5.623,0.13036659158603,-0.575142707074955
138.09,4.6029,5.6234,0.130364916134875,-0.575148313449708
138.1,4.6033,5.6236,0.130431129823973,-0.574926747053345
138.11,4.6036,5.6233,0.130430265503514,-0.57492963930934
138.12,4.604,5.6234,0.130491553965449,-0.574724548570918
138.13,4.6043,5.6232,0.130478651954415,-0.574767723243273
138.14,4.6048,5.6245,0.13049551457864,-0.574711294918559
138.15,4.605,5.6262,0.130472838635361,-0.574787176581217
138.16,4.6053,5.6259,0.13044990947432,-0.574863904880763
138.17,4.6057,5.6253,0.130460210673542,-0.57482943386595
138.18,4.6059,5.6258,0.130423986228484,-0.574950651474482
138.19,4.6062,5.6274,0.130425667791247,-0.574945024512623
138.2,4.6065,5.6274,0.130448436236635,-0.574868834780104
138.21,4.6068,5.6269,0.130425553583558,-0.574945406682427
138.22,4.6071,5.6268,0.130452721661305,-0.574854494443389
138.23,4.6075,5.6281,0.130513356049111,-0.574651590601441
138.24,4.6078,5.6286,0.130540336477989,-0.574561303037326
138.25,4.6082,5.6278,0.130591023051257,-0.574391682300476
138.26,4.6085,5.6287,0.130584073393345,-0.57441493928172
138.27,4.6089,5.6316,0.130637628121845,-0.574235717044733
138.28,4.6092,5.6325,0.130679642194591,-0.574095113141025
138.29,4.6096,5.6314,0.130686137477149,-0.574073375872494
138.3,4.61,5.6305,0.130682981948907,-0.574083936246301
138.31,4.6103,5.6315,0.130663133028763,-0.574150362850685
138.32,4.6107,5.6318,0.130520235762546,-0.574628568357924
138.33,4.611,5.6296,0.130525526247932,-0.574610864256084
138.34,4.6114,5.6268,0.130440943047442,-0.574893909213664
138.35,4.6117,5.6277,0.130459184288782,-0.574832868474959
138.36,4.612,5.631,0.130459848531761,-0.574830645707396
138.37,4.6123,5.6346,0.13048964015126,-0.574730952881596
138.38,4.6125,5.6351,0.130586674710716,-0.574406233999237
138.39,4.6129,5.6332,0.130589052602791,-0.574398276399128
138.4,4.6131,5.6303,0.130565333507691,-0.574477651846195
138.41,4.6135,5.6278,0.13069269116515,-0.574051443084124
138.42,4.614,5.6288,0.13066939068594,-0.574129420967981
138.43,4.6143,5.6321,0.130665665452204,-0.57414188784597
138.44,4.6147,5.634,0.130610660182004,-0.57432596642196
138.45,4.615,5.6328,0.130505914388954,-0.574676493267816
138.46,4.6155,5.6319,0.130471189176006,-0.574792696223402
138.47,4.6159,5.6337,0.130393966667077,-0.575051104357479
138.48,4.6162,5.6359,0.130475278168966,-0.574779013079727
138.49,4.6166,5.6361,0.130386842785135,-0.57507494244795
138.5,4.6169,5.6343,0.130382909758757,-0.575088103197455
138.51,4.6172,5.6329,0.130366305886337,-0.575143663080145
138.52,4.6175,5.6342,0.130321284366378,-0.575294312196768
138.53,4.6177,5.6366,0.130415160018217,-0.574980186287266
138.54,4.6181,5.6384,0.130441527149322,-0.574891954638301
138.55,4.6185,5.639,0.130406792195746,-0.575008187115478
138.56,4.6188,5.6389,0.13044673641916,-0.574874522880316
138.57,4.6192,5.6371,0.130374155276668,-0.575117397495171
138.58,4.6195,5.6352,0.130383597942659,-0.575085800388108
138.59,4.6199,5.637,0.130305881264432,-0.575345852769155
138.6,4.6202,5.6384,0.130300644858443,-0.575363374318968
138.61,4.6206,5.6381,0.130283205425977,-0.575421728171296
138.62,4.6209,5.6371,0.130253639840877,-0.575520656226283
138.63,4.6213,5.638,0.130288349077311,-0.575404517111643
138.64,4.6216,5.641,0.130279705940455,-0.575433437702771
138.65,4.622,5.6428,0.130322564413786,-0.575290028994439
138.66,4.6223,5.6428,0.130353201999269,-0.575187511043342
138.67,4.6226,5.6419,0.130383800826624,-0.575085121495189
138.68,4.6229,5.6412,0.130433352800768,-0.574919308351672
138.69,4.6232,5.6402,0.130460236886136,-0.574829346150277
138.7,4.6234,5.6404,0.130497839769527,-0.574703513974048
138.71,4.6238,5.6424,0.130493583210726,-0.574717757980804
138.72,4.624,5.645,0.13050117987748,-0.574692336730482
138.73,4.6244,5.6458,0.130474028112546,-0.574783196190761
138.74,4.6247,5.6449,0.130516434559146,-0.574641288696713
138.75,4.6249,5.6452,0.130507654920758,-0.574670668783607
138.76,4.6253,5.6459,0.130491560859572,-0.574724525500696
138.77,4.6257,5.6453,0.130504983925922,-0.574679606950802
138.78,4.626,5.6443,0.130508804338646,-0.574666822390052
138.79,4.6264,5.6455,0.130491224869365,-0.57472564984515
138.8,4.6267,5.647,0.130516779129911,-0.574640135626673
138.81,4.6271,5.6479,0.13057846150684,-0.574433719371929
138.82,4.6274,5.6493,0.130595019557845,-0.574378307989268
138.83,4.6279,5.6504,0.13062865390794,-0.574265749750741
138.84,4.6281,5.65,0.130630206532129,-0.574260553815448
138.85,4.6285,5.6479,0.130630796963046,-0.574258577907686
138.86,4.6287,5.6454,0.130611332298179,-0.574323717168252
138.87,4.6291,5.6464,0.130572406953425,-0.574453980791469
138.88,4.6293,5.6491,0.13054550862359,-0.574543994805751
138.89,4.6297,5.6503,0.130545078827485,-0.574545433090427
138.9,4.63,5.6488,0.130506416865669,-0.574674811789235
138.91,4.6303,5.6475,0.130504806176887,-0.574680201766504
138.92,4.6307,5.6484,0.130524872023292,-0.574613053558167
138.93,4.631,5.6497,0.130549674997287,-0.574530052294336
138.94,4.6313,5.6509,0.130592671789468,-0.574386164799926
138.95,4.6317,5.6518,0.130627368942797,-0.574270049949006
138.96,4.632,5.6513,0.130691151900122,-0.574056594444528
138.97,4.6325,5.6507,0.13069567688586,-0.574041450953168
138.98,4.6327,5.6505,0.130695486923718,-0.574042086688348
138.99,4.6332,5.6523,0.130716298042397,-0.573972439040957
139,4.6336,5.6544,0.130707492950469,-0.574001906724043
139.01,4.6339,5.656,0.130590331559874,-0.574393996374493
139.02,4.6342,5.6546,0.130597157501131,-0.574371153352026
139.03,4.6344,5.653,0.130471589076438,-0.57479135802327
139.04,4.6347,5.6541,0.130486556410635,-0.574741272176359
139.05,4.635,5.6561,0.130385876157967,-0.575078176991671
139.06,4.6353,5.6561,0.130380449089159,-0.575096337114691
139.07,4.6357,5.656,0.130300214486337,-0.57536481438636
139.08,4.636,5.6571,0.130319119322098,-0.575301556706682
139.09,4.6364,5.6584,0.130338771575706,-0.575235797563233
139.1,4.6367,5.6575,0.130370267866733,-0.575130405534618
139.11,4.6371,5.6559,0.130369090292237,-0.575134345926761
139.12,4.6375,5.6547,0.130424295329397,-0.574949617139877
139.13,4.6378,5.6551,0.130383517561272,-0.575086069361318
139.14,4.6382,5.655,0.13040639705495,-0.575009509353092
139.15,4.6385,5.6549,0.130321049691457,-0.575295097448822
139.16,4.6389,5.6549,0.130363998004622,-0.575151385684617
139.17,4.6392,5.6563,0.130319611659342,-0.575299909285032
139.18,4.6395,5.6578,0.130280845289741,-0.575429625359564
139.19,4.6398,5.6576,0.130337056915497,-0.575241535073251
139.2,4.6401,5.6567,0.130310344664386,-0.575330917746816
139.21,4.6404,5.657,0.130334744424274,-0.575249273009035
139.22,4.6408,5.6581,0.130306168515279,-0.575344891597361
139.23,4.6411,5.6582,0.130329905395251,-0.57526546508816
139.24,4.6415,5.6586,0.130395685035145,-0.575045354306006
139.25,4.6418,5.6594,0.130422844975619,-0.574954470411702
139.26,4.6422,5.6611,0.130395347361918,-0.575046484237959
139.27,4.6425,5.661,0.13039553746134,-0.575045848121775
139.28,4.6429,5.661,0.130439595373249,-0.574898418923056
139.29,4.6432,5.6616,0.130433544513835,-0.574918666825848
139.3,4.6436,5.6623,0.130420470199547,-0.574962417041638
139.31,4.644,5.6627,0.130406473831885,-0.575009252438733
139.32,4.6443,5.6641,0.130393861913411,-0.575051454887004
139.33,4.6445,5.6647,0.130392024442866,-0.575057603477775
139.34,4.6449,5.6654,0.130374831936544,-0.575115133255806
139.35,4.6452,5.6661,0.130353034685427,-0.575188070904024
139.36,4.6456,5.6662,0.130339902423084,-0.575232013576224
139.37,4.6458,5.6653,0.130341413012889,-0.57522695891066
139.38,4.6461,5.6634,0.130382502701662,-0.575089465296555
139.39,4.6464,5.6624,0.130433443490336,-0.574919004878887
139.4,4.6467,5.6638,0.130450205831165,-0.57486291318067
139.41,4.6469,5.6653,0.130425566055474,-0.574945364948025
139.42,4.6473,5.6651,0.130425165925115,-0.574946703892262
139.43,4.6476,5.6649,0.130485274564367,-0.574745561686806
139.44,4.648,5.666,0.130509413601922,-0.574664783560477
139.45,4.6483,5.6687,0.130516815467257,-0.574640014027535
139.46,4.6487,5.6693,0.130493024602201,-0.574719627287939
139.47,4.649,5.6682,0.130492000042053,-0.574723055837426
139.48,4.6494,5.6682,0.130455144562228,-0.574846386667475
139.49,4.6497,5.6686,0.130467470903464,-0.574805138792108
139.5,4.6501,5.6704,0.13047735044679,-0.574772078533409
139.51,4.6504,5.6698,0.130502742919485,-0.574687106205294
139.52,4.6508,5.6691,0.130536462964743,-0.574574265460446
139.53,4.651,5.6703,0.130520079766486,-0.574629090383191
139.54,4.6514,5.6721,0.130524015484694,-0.57461591988426
139.55,4.6516,5.673,0.130533063976928,-0.574585639902624
139.56,4.652,5.6733,0.130537732314843,-0.574570017677298
139.57,4.6522,5.6728,0.130503014509271,-0.574686197363596
139.58,4.6526,5.6714,0.130505336274803,-0.574678427857655
139.59,4.6529,5.6699,0.130397234991856,-0.575040167793864
139.6,4.6533,5.6692,0.130386725791169,-0.57507533393515
139.61,4.6536,5.6691,0.130326384113821,-0.57527724777625
139.62,4.654,5.6694,0.130326620092332,-0.575276458160488
139.63,4.6543,5.6698,0.130332812856426,-0.575255736313543
139.64,4.6547,5.6716,0.130364012300447,-0.575151337848132
139.65,4.6549,5.6736,0.130452402672518,-0.574855561877937
139.66,4.6553,5.6748,0.130477718032577,-0.574770848465744
139.67,4.6556,5.6743,0.130541061400697,-0.574558877135268
139.68,4.656,5.6726,0.130683243666756,-0.574083060374986
139.69,4.6563,5.6735,0.130671143859037,-0.574123553787226
139.7,4.6566,5.6761,0.130745099418362,-0.573876049771982
139.71,4.6569,5.6766,0.130741549917172,-0.573887928912745
139.72,4.6572,5.6766,0.130670983808817,-0.574124089412535
139.73,4.6575,5.6791,0.13067842914245,-0.574099172764016
139.74,4.6579,5.6798,0.130615857465348,-0.574308573566195
139.75,4.6582,5.6774,0.130676555915587,-0.574105441736104
139.76,4.6586,5.6749,0.130595329652064,-0.574377270257898
139.77,4.6589,5.6772,0.130505703466213,-0.574677199095588
139.78,4.6593,5.6805,0.130504731532042,-0.57468045155646
139.79,4.6597,5.6816,0.130633555001488,-0.574249347982286
139.8,4.66,5.68,0.130624306469135,-0.574280298656717
139.81,4.6605,5.6785,0.130782314078893,-0.573751502161433
139.82,4.6608,5.6793,0.130748443748822,-0.573864857261708
139.83,4.6612,5.6809,0.130867212596902,-0.573467362185687
139.84,4.6615,5.6804,0.130800600001647,-0.573690303324405
139.85,4.6619,5.6795,0.13084980398512,-0.573525626466472
139.86,4.6621,5.6797,0.130872190472243,-0.573450701830247
139.87,4.6624,5.68,0.130802051692852,-0.573685444823424
139.88,4.6627,5.6806,0.130890858345193,-0.573388222381136
139.89,4.6631,5.6818,0.130922047761399,-0.573283833546815
139.9,4.6633,5.6819,0.130903030742911,-0.573347482360946
139.91,4.6637,5.6825,0.130964997049478,-0.573140083040072
139.92,4.664,5.6835,0.130933891479512,-0.573244193085235
139.93,4.6644,5.684,0.130991345423218,-0.573051894244567
139.94,4.6647,5.6842,0.131004703902373,-0.573007182650395
139.95,4.6651,5.6842,0.131024344713962,-0.572941443284522
139.96,4.6654,5.6835,0.131050299135073,-0.572854570949555
139.97,4.6658,5.6837,0.131033533714639,-0.572910686782859
139.98,4.6661,5.6849,0.130989499998863,-0.573058070966197
139.99,4.6666,5.6854,0.130968327953516,-0.573128934457265
140,4.6669,5.684,0.130943827070414,-0.573210938902102
140.01,4.6672,5.6848,0.130936131590747,-0.573236695498808
140.02,4.6676,5.6855,0.130907110824884,-0.573333826614509
140.03,4.6679,5.6862,0.130898229737617,-0.573363550957558
140.04,4.6682,5.6853,0.130864290228147,-0.573477142989718
140.05,4.6684,5.6847,0.130869927062743,-0.573458277196284
140.06,4.6686,5.6878,0.13085650863198,-0.573503186965071
140.07,4.669,5.6907,0.130851305521772,-0.57352060104179
140.08,4.6692,5.6912,0.130857984762185,-0.573498246558493
140.09,4.6696,5.6892,0.130830912499033,-0.573588853256621
140.1,4.6698,5.6889,0.130820550055998,-0.57362353449196
140.11,4.6702,5.6891,0.130828065044385,-0.573598383190524
140.12,4.6705,5.6891,0.130833374221569,-0.573580614291816
140.13,4.6709,5.6894,0.130833902148859,-0.573578847408275
140.14,4.6712,5.6906,0.130840369163327,-0.573557203371191
140.15,4.6716,5.692,0.130842036013791,-0.573551624686668
140.16,4.672,5.6926,0.130805015693581,-0.57367552493588
140.17,4.6724,5.6932,0.130792787979603,-0.573716448447009
140.18,4.6726,5.6936,0.13079114280893,-0.573721954461348
140.19,4.6731,5.6943,0.13080594306195,-0.573672421226359
140.2,4.6733,5.6937,0.130774920763835,-0.573776245779966
140.21,4.6736,5.6933,0.130804428855903,-0.573677488959223
140.22,4.6739,5.6933,0.130812127008808,-0.573651724809039
140.23,4.6742,5.6928,0.130868812680527,-0.573462006900227
140.24,4.6745,5.6931,0.130878825026473,-0.573428496715071
140.25,4.6749,5.6948,0.130845370082412,-0.57354046607555
140.26,4.6752,5.6964,0.130866454591396,-0.573469899136781
140.27,4.6755,5.6966,0.13090336381777,-0.573346367583758
140.28,4.6758,5.6948,0.130907005034043,-0.573334180689276
140.29,4.6763,5.6934,0.130930054640105,-0.573257034857875
140.3,4.6767,5.6949,0.130964987117165,-0.573140116283638
140.31,4.677,5.6968,0.130945950829466,-0.573203830714167
140.32,4.6774,5.6955,0.130897864272862,-0.573364774138773
140.33,4.6777,5.694,0.130897310249838,-0.573366628409037
140.34,4.6781,5.6954,0.130887896523194,-0.573398135326455
140.35,4.6784,5.6989,0.130889212208437,-0.573393731850666
140.36,4.6788,5.7003,0.130901042375119,-0.573354137279336
140.37,4.679,5.6995,0.130928287598912,-0.573262949078596
140.38,4.6794,5.6973,0.131041250606153,-0.572884857487687
140.39,4.6796,5.6962,0.131045973616131,-0.572869049006997
140.4,4.6798,5.6975,0.131084384381478,-0.572740482430917
140.41,4.6802,5.6984,0.131123218030392,-0.572610498338139
140.42,4.6805,5.6997,0.131145574683113,-0.572535665150307
140.43,4.6809,5.7011,0.131138776757065,-0.572558419545105
140.44,4.6813,5.7013,0.131125293937079,-0.572603549799379
140.45,4.6816,5.701,0.131078150777488,-0.572761347373618
140.46,4.6821,5.7024,0.131014472990987,-0.572974484796456
140.47,4.6824,5.7041,0.131004685319588,-0.573007244848211
140.48,4.6828,5.7043,0.131021771333198,-0.572950056625772
140.49,4.6833,5.7027,0.131043615286817,-0.572876942621811
140.5,4.6836,5.7016,0.131050285669775,-0.572854616019647
140.51,4.684,5.7012,0.131066185434174,-0.572801397282125
140.52,4.6843,5.7027,0.13110664205328,-0.572665981746384
140.53,4.6846,5.7051,0.131103727968147,-0.572675735785424
140.54,4.6849,5.707,0.131088709147073,-0.57272600666663
140.55,4.6852,5.7074,0.131097083722719,-0.572697975390351
140.56,4.6855,5.7058,0.131090913242478,-0.572718629155034
140.57,4.6859,5.7047,0.131034136036929,-0.57290867074603
140.58,4.6861,5.7057,0.131037391476348,-0.572897774435091
140.59,4.6865,5.7077,0.13091491117132,-0.573307719341745
140.6,4.6868,5.708,0.130896790080186,-0.573368369374421
140.61,4.6872,5.7052,0.130814847340713,-0.57364262039262
140.62,4.6875,5.7029,0.130875972152978,-0.573438044972805
140.63,4.6879,5.7042,0.130806378767145,-0.573670963011064
140.64,4.6883,5.7076,0.130819453021473,-0.573627206060804
140.65,4.6887,5.7104,0.130840805925361,-0.573555741598202
140.66,4.689,5.712,0.130907120669986,-0.573333793663621
140.67,4.6894,5.7125,0.130899228979747,-0.573360206573376
140.68,4.6896,5.7115,0.130951952115566,-0.573183744471057
140.69,4.69,5.7093,0.130958913221214,-0.573160445659724
140.7,4.6903,5.7091,0.130963229026569,-0.573146000631493
140.71,4.6906,5.7096,0.130930531168127,-0.573255439935691
140.72,4.6908,5.7091,0.130930140103377,-0.573256748815394
140.73,4.6911,5.7083,0.130917118847061,-0.573300330373618
140.74,4.6913,5.7093,0.130870694628005,-0.573455708246198
140.75,4.6916,5.7112,0.13083731632841,-0.573567420716274
140.76,4.692,5.7122,0.130813581686471,-0.573646856289966
140.77,4.6922,5.7112,0.130834650251391,-0.5735763436347
140.78,4.6926,5.7095,0.130812486867251,-0.573650520434115
140.79,4.6929,5.7096,0.130835292893399,-0.573574192819179
140.8,4.6933,5.7109,0.130824203729141,-0.573611306321143
140.81,4.6937,5.711,0.130838995912341,-0.573561799421887
140.82,4.694,5.7118,0.130850144586743,-0.573524486522671
140.83,4.6945,5.7142,0.130840633638537,-0.573556318214802
140.84,4.6948,5.715,0.130853745760267,-0.573512433912026
140.85,4.6952,5.7134,0.130847530731825,-0.57353323470856
140.86,4.6955,5.7135,0.130821916640311,-0.573618960788206
140.87,4.6958,5.7152,0.130851999517316,-0.573518278338645
140.88,4.6961,5.7163,0.130793208674109,-0.573715040476998
140.89,4.6964,5.7166,0.130815317146263,-0.573641048044715
140.9,4.6967,5.7157,0.130838255760191,-0.573564276591295
140.91,4.697,5.7159,0.130858873161771,-0.573495273204738
140.92,4.6973,5.7173,0.130867609397802,-0.573466034141622
140.93,4.6977,5.7184,0.13085717222734,-0.573500966002231
140.94,4.698,5.7181,0.130862379071891,-0.573483539385183
140.95,4.6983,5.7184,0.130932555504376,-0.573248664551445
140.96,4.6986,5.7174,0.130925272974505,-0.573273038903724
140.97,4.699,5.7151,0.13093885858834,-0.573227568308745
140.98,4.6993,5.7132,0.130910795716192,-0.573321493523669
140.99,4.6997,5.7155,0.13087616394834,-0.57343740305491
141,4.7001,5.7199,0.130864615118225,-0.573476055623696
141.01,4.7005,5.7215,0.130822420147322,-0.573617275643156
141.02,4.7009,5.7213,0.130828171346445,-0.573598027416274
141.03,4.7012,5.7209,0.130806796260594,-0.573669565746474
141.04,4.7014,5.7205,0.130763747313232,-0.573813640445695
141.05,4.7017,5.7195,0.130803230475343,-0.573681499687601
141.06,4.702,5.7182,0.130818222525992,-0.573631324296473
141.07,4.7023,5.7188,0.130834843911555,-0.573575695486519
141.08,4.7026,5.7209,0.131038325839105,-0.572894647018305
141.09,4.7029,5.7234,0.1310787510369,-0.572759338204641
141.1,4.7032,5.7249,0.131157688983895,-0.572495115333861
141.11,4.7036,5.7244,0.131138283761461,-0.572560069724843
141.12,4.7039,5.7236,0.131134266031633,-0.572573518060183
141.13,4.7043,5.7215,0.13114811594608,-0.572527158877754
141.14,4.7046,5.7192,0.131197863326542,-0.572360639581208
141.15,4.705,5.7194,0.131165359658234,-0.572469439423545
141.16,4.7055,5.721,0.131197464456689,-0.572361974730918
141.17,4.7058,5.7237,0.131013863898348,-0.572976523477895
141.18,4.7062,5.7251,0.131063900550706,-0.572809045128378
141.19,4.7064,5.7267,0.130966794470705,-0.573134067047764
141.2,4.7068,5.7272,0.130971725983691,-0.573117561186615
141.21,4.7071,5.7272,0.130995754731582,-0.573037136064276
141.22,4.7073,5.727,0.130978788059243,-0.573093924236671
141.23,4.7077,5.7265,0.131073620519265,-0.572776510892094
141.24,4.7081,5.7275,0.131004507904702,-0.573007838667591
141.25,4.7083,5.7282,0.130970147577941,-0.573122844142202
141.26,4.7086,5.728,0.130917064423278,-0.573300512527076
141.27,4.709,5.7283,0.130909468385189,-0.573325936016105
141.28,4.7094,5.7289,0.130941205982314,-0.573219711633939
141.29,4.7097,5.7281,0.130947530711271,-0.57319854287075
141.3,4.7102,5.7272,0.130945276071201,-0.573206089120073
141.31,4.7105,5.7276,0.130948731260799,-0.57319452464513
141.32,4.7109,5.7306,0.130943656709598,-0.573211509096787
141.33,4.7112,5.7325,0.130959703178441,-0.573157801669729
141.34,4.7116,5.7305,0.130951602813448,-0.573184913583025
141.35,4.712,5.7288,0.130973052384049,-0.573113121695464
141.36,4.7123,5.7301,0.130994425646214,-0.573041584583695
141.37,4.7125,5.7339,0.13100385442203,-0.573010025917019
141.38,4.7129,5.7338,0.131014612795172,-0.572974016860674
141.39,4.7132,5.7336,0.131021813020835,-0.572949917093502
141.4,4.7135,5.7346,0.1310579562829,-0.57282894144697
141.41,4.7137,5.7358,0.131044138286247,-0.572875192079818
141.42,4.7141,5.7345,0.131076017467152,-0.572768487917274
141.43,4.7143,5.7317,0.131101126659407,-0.572684442888035
141.44,4.7147,5.7297,0.131103822972348,-0.572675417787113
141.45,4.7149,5.7306,0.131111556742599,-0.572649531249444
141.46,4.7153,5.7324,0.131114649064819,-0.572639180580747
141.47,4.7156,5.7337,0.131091243149706,-0.572717524894454
141.48,4.716,5.7345,0.131105997975008,-0.572668137609116
141.49,4.7163,5.735,0.131131732620065,-0.572581998003818
141.5,4.7167,5.7361,0.131144414454573,-0.572539548736069
141.51,4.717,5.7364,0.131133044348864,-0.572577607330138
141.52,4.7174,5.7375,0.131148046113974,-0.572527392624214
141.53,4.7177,5.7388,0.131159721512594,-0.572488311894965
141.54,4.7182,5.7393,0.131138279383511,-0.572560084378936
141.55,4.7184,5.74,0.131147010646191,-0.572530858606984
141.56,4.7188,5.7403,0.131140126247123,-0.572553902462252
141.57,4.719,5.7386,0.131157209876713,-0.572496719038035
141.58,4.7194,5.736,0.131139668236495,-0.572555435539372
141.59,4.7196,5.734,0.131142839454146,-0.572544820667928
141.6,4.72,5.7351,0.131152136653307,-0.572513700499746
141.61,4.7202,5.7365,0.131158905392672,-0.572491043676026
141.62,4.7206,5.7359,0.131121199799158,-0.572617253818165
141.63,4.7209,5.735,0.131079340069006,-0.57275736661486
141.64,4.7213,5.7369,0.131080185748829,-0.572754535981059
141.65,4.7216,5.7409,0.131017295489552,-0.57296503766294
141.66,4.722,5.7415,0.13101750348549,-0.572964341483092
141.67,4.7223,5.7403,0.13109101803822,-0.572718278384297
141.68,4.7227,5.7409,0.131088181834784,-0.572727771676591
141.69,4.723,5.7414,0.131121430941421,-0.572616480132601
141.7,4.7234,5.7409,0.131110696054759,-0.572652412154733
141.71,4.7236,5.7414,0.131152740828376,-0.572511678162946
141.72,4.7239,5.7428,0.131092357982163,-0.572713793342689
141.73,4.7242,5.7453,0.131090623368783,-0.572719599415842
141.74,4.7245,5.7462,0.131062253316769,-0.572814558661955
141.75,4.7248,5.7455,0.131064797417752,-0.572806043181269
141.76,4.7252,5.7446,0.131010806141894,-0.572986758023885
141.77,4.7255,5.7446,0.130992630884427,-0.573047591743006
141.78,4.7259,5.7445,0.130884062865649,-0.573410966207106
141.79,4.7262,5.7437,0.130907141641483,-0.573333723473439
141.8,4.7266,5.7445,0.130837395704462,-0.573567155057618
141.81,4.7271,5.7454,0.130785553292154,-0.573740661282659
141.82,4.7274,5.7459,0.130774227519898,-0.573778565894137
141.83,4.7278,5.7472,0.130834613634658,-0.573576466184776
141.84,4.7281,5.7488,0.130836628456176,-0.573569722911704
141.85,4.7285,5.7499,0.130903721945515,-0.573345168956219
141.86,4.7288,5.7485,0.130912223395472,-0.573316715169232
141.87,4.7292,5.7472,0.1309556380402,-0.573171407694514
141.88,4.7294,5.747,0.130920355772308,-0.573289496552424
141.89,4.7298,5.7492,0.130915139602312,-0.573306954796209
141.9,4.7301,5.7512,0.130946883629303,-0.573200708645918
141.91,4.7304,5.7506,0.130936679720437,-0.573234860923801
141.92,4.7307,5.75,0.131005195479567,-0.573005537308717
141.93,4.7311,5.7511,0.130971617790028,-0.573117923313077
141.94,4.7314,5.752,0.13107565940089,-0.572769686423852
141.95,4.7317,5.7523,0.1310605147479,-0.572820377902897
141.96,4.732,5.7523,0.131064155321539,-0.5728081923727
141.97,4.7324,5.7526,0.131126723132632,-0.57259876594859
141.98,4.7327,5.7507,0.131151583643904,-0.57251555157083
141.99,4.7332,5.7489,0.131178658450644,-0.572424924423069
142,4.7336,5.749,0.131182761021168,-0.572411191854284
142.01,4.7339,5.7533,0.131135813895049,-0.572568336981162
142.02,4.7343,5.7546,0.131105963289271,-0.572668253709414
142.03,4.7345,5.7522,0.131075219062516,-0.572771160308454
142.04,4.7349,5.7502,0.131098689632669,-0.572692600097359
142.05,4.7352,5.7517,0.13111846691122,-0.57262640140817
142.06,4.7354,5.7553,0.131108851592446,-0.572658585959034
142.07,4.7358,5.7568,0.131116039844211,-0.572634525338199
142.08,4.736,5.7562,0.131104036418903,-0.572674703338203
142.09,4.7363,5.755,0.131125611082269,-0.572602488240715
142.1,4.7366,5.7543,0.131105549520943,-0.572669638676972
142.11,4.7369,5.7552,0.131127384329692,-0.572596552766893
142.12,4.7371,5.7564,0.131105083019523,-0.572671200152737
142.13,4.7375,5.7572,0.131090005735716,-0.572721666747429
142.14,4.7378,5.7575,0.131072543586558,-0.572780115558623
142.15,4.7382,5.7575,0.131033814746482,-0.572909746139423
142.16,4.7386,5.7571,0.131031080727161,-0.572918897187935
142.17,4.739,5.7573,0.131021480692702,-0.572951029425572
142.18,4.7393,5.7583,0.131071436753227,-0.572783820305678
142.19,4.7397,5.7585,0.131084470026672,-0.572740195761376
142.2,4.74,5.7591,0.131050047424871,-0.572855413456052
142.21,4.7405,5.7599,0.131058838238734,-0.572825989417119
142.22,4.7408,5.7603,0.131096921154727,-0.572698519536846
142.23,4.7411,5.7599,0.131082778335308,-0.572745858148272
142.24,4.7413,5.7591,0.131093839756847,-0.572708833564335
142.25,4.7417,5.7589,0.131060757294793,-0.572819566063688
142.26,4.7421,5.7583,0.131019868881725,-0.572956424299342
142.27,4.7423,5.7571,0.130991155880707,-0.573052528652432
142.28,4.7426,5.757,0.130974597276482,-0.573107950903484
142.29,4.743,5.7597,0.130984390444112,-0.573075172860511
142.3,4.7432,5.7625,0.130985789805158,-0.573070489143897
142.31,4.7437,5.7622,0.130924478576896,-0.573275697718089
142.32,4.7439,5.7603,0.130962068040845,-0.573149886460683
142.33,4.7443,5.7613,0.131007986818366,-0.572996194505147
142.34,4.7447,5.7644,0.131042038534656,-0.572882220198646
142.35,4.745,5.7662,0.131105603587056,-0.572669457706601
142.36,4.7454,5.7649,0.131115099917412,-0.572637671478886
142.37,4.7457,5.7638,0.131188836801163,-0.572390854302339
142.38,4.7461,5.7654,0.13113561321965,-0.572569008691198
142.39,4.7464,5.7675,0.131081029736351,-0.572751711010699
142.4,4.7467,5.768,0.131068036065711,-0.572795202936688
142.41,4.7469,5.7684,0.131055895068327,-0.572835840617021
142.42,4.7472,5.7687,0.131052592949432,-0.572846893253158
142.43,4.7476,5.7684,0.131053241647712,-0.572844721973938
142.44,4.748,5.7679,0.130900066281998,-0.57335740418807
142.45,4.7483,5.7684,0.130929162734223,-0.573260020034009
142.46,4.7487,5.7693,0.130931163445166,-0.573253323726654
142.47,4.749,5.77,0.130995706001041,-0.57303729916803
142.48,4.7495,5.7687,0.131042396894228,-0.572881020726879
142.49,4.7498,5.7676,0.131016637472543,-0.572967240100659
142.5,4.7502,5.7676,0.131061910528956,-0.572815706022569
142.51,4.7506,5.7684,0.131041441749249,-0.572884217709423
142.52,4.7509,5.7689,0.1310679524926,-0.572795482668714
142.53,4.7513,5.7694,0.131161051895722,-0.57248385872952
142.54,4.7515,5.7698,0.131117437989616,-0.572629845437314
142.55,4.7519,5.7697,0.131202718583892,-0.572344387406761
142.56,4.7521,5.7687,0.131186135442049,-0.572399896609568
142.57,4.7524,5.7686,0.131127163379564,-0.572597292338881
142.58,4.7527,5.7708,0.131154491997136,-0.572505816526279
142.59,4.753,5.7718,0.131120431581032,-0.572619825217887
142.6,4.7534,5.7699,0.131128661455342,-0.572592277925994
142.61,4.7537,5.7686,0.13112902996465,-0.57259104443797
142.62,4.7541,5.7714,0.131105848964196,-0.572668636378939
142.63,4.7545,5.7743,0.131126974061251,-0.572597926031699
142.64,4.7548,5.7755,0.131093347832702,-0.572710480127237
142.65,4.7552,5.7754,0.131095894849765,-0.572701954777105
142.66,4.7556,5.7753,0.13107717660451,-0.572764608092986
142.67,4.756,5.7745,0.131076604547538,-0.572766522862435
142.68,4.7563,5.7729,0.131078460726781,-0.572760309921386
142.69,4.7567,5.7723,0.131050617139964,-0.572853506546061
142.7,4.757,5.7741,0.131050268173103,-0.572854674583267
142.71,4.7574,5.776,0.131027184832404,-0.572931937137254
142.72,4.7576,5.7767,0.130999383915604,-0.573024988979946
142.73,4.7579,5.777,0.130949888969112,-0.573190649806692
142.74,4.7582,5.7783,0.130921897168289,-0.573284337574827
142.75,4.7585,5.7791,0.130899760306645,-0.573358428263815
142.76,4.7587,5.7785,0.130899034931639,-0.573360856037116
142.77,4.7591,5.7772,0.130894644774232,-0.573375549534472
142.78,4.7593,5.7773,0.130870749141935,-0.573455525794498
142.79,4.7596,5.7778,0.130865841326524,-0.573471951658216
142.8,4.7599,5.7775,0.130868256993333,-0.573463866718141
142.81,4.7602,5.7775,0.130863398312134,-0.573480128119122
142.82,4.7606,5.7789,0.130862060035063,-0.57348460716014
142.83,4.7609,5.7799,0.130849886204068,-0.573525351291695
142.84,4.7613,5.7793,0.130842412673092,-0.573550364067108
142.85,4.7617,5.779,0.130824154255905,-0.573611471899069
142.86,4.762,5.7803,0.130821530608655,-0.573620252764686
142.87,4.7625,5.7819,0.130822587634461,-0.573616715094533
142.88,4.7628,5.7824,0.130807983099702,-0.573665593639107
142.89,4.7631,5.7812,0.130790798258749,-0.573723107592445
142.9,4.7634,5.7821,0.130767676358861,-0.573800490959957
142.91,4.7638,5.784,0.13072371396852,-0.573947620346212
142.92,4.764,5.784,0.130737738923163,-0.573900683174097
142.93,4.7642,5.7828,0.130752881679364,-0.573850004763379
142.94,4.7646,5.7829,0.130776111068687,-0.573772262125618
142.95,4.765,5.7854,0.130771661450221,-0.573787153882174
142.96,4.7653,5.7863,0.130779899738361,-0.573759582377378
142.97,4.7657,5.7839,0.130780775940203,-0.573756649941891
142.98,4.766,5.7801,0.130841704691357,-0.573552733570687
142.99,4.7663,5.7795,0.13085112887416,-0.573521192255803
143,4.7666,5.781,0.130797926943505,-0.573699249472561
143.01,4.767,5.7831,0.130801741698712,-0.573686482307968
143.02,4.7673,5.7835,0.130804397259537,-0.573677594705658
143.03,4.7677,5.7833,0.130774986311442,-0.573776026408478
143.04,4.768,5.7843,0.130756447900518,-0.573838069610202
143.05,4.7684,5.7849,0.130781922694016,-0.573752812032843
143.06,4.7687,5.7858,0.130774939355907,-0.573776183556939
143.07,4.769,5.7864,0.130725986773144,-0.573940013992605
143.08,4.7692,5.7855,0.130727104090108,-0.573936274685781
143.09,4.7696,5.7848,0.130741280084785,-0.573888831961995
143.1,4.7699,5.7858,0.130764506760915,-0.57381109877504
143.11,4.7703,5.7888,0.13078521035287,-0.573741809019814
143.12,4.7706,5.7899,0.13074444542034,-0.573878238513093
143.13,4.771,5.7879,0.130827804738003,-0.57359925439001
143.14,4.7713,5.7874,0.130815477768987,-0.573640510471595
143.15,4.7717,5.7891,0.130830959708912,-0.573588695253301
143.16,4.772,5.7902,0.130884378789569,-0.573409908841096
143.17,4.7725,5.7896,0.130888237793954,-0.573396993125283
143.18,4.773,5.7897,0.130836063655553,-0.573571613206171
143.19,4.7733,5.7918,0.130808059568298,-0.573665337714315
143.2,4.7737,5.7932,0.130766639117231,-0.573803962337846
143.21,4.7739,5.7923,0.130759611914554,-0.57382748051807
143.22,4.7742,5.7909,0.130708006895903,-0.574000186724354
143.23,4.7745,5.7924,0.13076699278551,-0.573802778702292
143.24,4.7748,5.7956,0.130797314529855,-0.573701299087369
143.25,4.7751,5.7954,0.130768635031149,-0.573797282531903
143.26,4.7755,5.7944,0.130785222348664,-0.573741768872715
143.27,4.7757,5.7942,0.130769604994006,-0.573794036315947
143.28,4.7761,5.7939,0.130800498856828,-0.573690641834441
143.29,4.7764,5.7923,0.130800315287755,-0.573691256200764
143.3,4.7768,5.7912,0.13074509702099,-0.573876057795291
143.31,4.7771,5.7922,0.13073213733926,-0.573919429970026
143.32,4.7775,5.7945,0.130746485624124,-0.573871410542643
143.33,4.7778,5.7957,0.130733381142732,-0.573915267342202
143.34,4.7782,5.7964,0.130656409908002,-0.574172862394371
143.35,4.7785,5.7979,0.130644318597674,-0.574213326923195
143.36,4.7789,5.7989,0.130608855479995,-0.574332005899613
143.37,4.7792,5.7974,0.130588589950729,-0.574399824661807
143.38,4.7796,5.7958,0.130573331656753,-0.574450886296955
143.39,4.78,5.7976,0.130612330531376,-0.574320376554574
143.4,4.7802,5.801,0.130573045299907,-0.57445184458247
143.41,4.7805,5.8002,0.130603586384549,-0.574349639025639
143.42,4.7808,5.7978,0.130609775932556,-0.574328925584062
143.43,4.781,5.7972,0.130665603762299,-0.574142094297422
143.44,4.7814,5.7987,0.130640153417972,-0.574227265980819
143.45,4.7816,5.7982,0.130637265658161,-0.574236930051756
143.46,4.782,5.7964,0.13064006471422,-0.574227562833708
143.47,4.7823,5.7974,0.13061794498125,-0.57430158762471
143.48,4.7825,5.8009,0.130618618043979,-0.574299335196596
143.49,4.7829,5.8031,0.130612524076954,-0.574319728849043
143.5,4.7833,5.8025,0.13061739336672,-0.574303433621686
143.51,4.7836,5.8027,0.130621410570944,-0.574289989900163
143.52,4.784,5.8037,0.130597987646467,-0.574368375265068
143.53,4.7843,5.8038,0.130584195988103,-0.574414529019802
143.54,4.7847,5.8035,0.130564350035444,-0.574480942998448
143.55,4.785,5.8028,0.130544424688386,-0.574547622123833
143.56,4.7854,5.8023,0.130567380287702,-0.574470802370924
143.57,4.7856,5.801,0.130553200236637,-0.574518255280655
143.58,4.786,5.8002,0.130553932417764,-0.574515805075871
143.59,4.7863,5.8022,0.130555272915477,-0.574511319170418
143.6,4.7866,5.8048,0.13062972542218,-0.574262163874553
143.61,4.7869,5.8054,0.130654179255126,-0.574180327466223
143.62,4.7872,5.8042,0.130722332862174,-0.573952242466054
143.63,4.7875,5.8017,0.130714929500564,-0.57397701909747
143.64,4.7879,5.8003,0.130729832276488,-0.573927144300823
143.65,4.7882,5.8009,0.130677448976483,-0.5741024530043
143.66,4.7886,5.8025,0.130658098858182,-0.574167210172669
143.67,4.7889,5.8041,0.130663887974616,-0.57414783635088
143.68,4.7893,5.8055,0.130631477312717,-0.574256301081543
143.69,4.7896,5.8062,0.130603515964056,-0.574349874688871
143.7,4.79,5.8067,0.130577665439313,-0.574436383395922
143.71,4.7903,5.8078,0.130448494355409,-0.574868640297145
143.72,4.7907,5.8093,0.130446808276814,-0.574874282423088
143.73,4.791,5.809,0.130430937509504,-0.574927390590989
143.74,4.7914,5.8071,0.130467379306594,-0.574805445305265
143.75,4.7916,5.8064,0.130535449625263,-0.574577656522018
143.76,4.7919,5.8078,0.130543834464435,-0.574549597268905
143.77,4.7922,5.8101,0.130593041502117,-0.57438492755645
143.78,4.7926,5.8106,0.13061193796711,-0.57432169028139
143.79,4.7929,5.81,0.130550133166447,-0.574528519058179
143.8,4.7932,5.8106,0.130593263923625,-0.574384183222727
143.81,4.7936,5.8111,0.13053047858865,-0.574594291688077
143.82,4.794,5.81,0.130495328508037,-0.574711917578962
143.83,4.7944,5.8097,0.130466903403576,-0.574807037832607
143.84,4.7947,5.8112,0.130340928763887,-0.57522857928256
143.85,4.7951,5.8122,0.130338336514985,-0.575237253341985
143.86,4.7954,5.8111,0.130237654652685,-0.575574143034647
143.87,4.7958,5.8108,0.130289369329036,-0.575401103265256
143.88,4.7961,5.8143,0.130269126761184,-0.575468836298851
143.89,4.7964,5.8172,0.130213241086283,-0.575655830713222
143.9,4.7967,5.816,0.130265427277754,-0.575481214965697
143.91,4.797,5.8133,0.13020703841489,-0.575676584692104
143.92,4.7973,5.8116,0.130204589469837,-0.575684778784682
143.93,4.7977,5.8124,0.130250812925831,-0.575530115174784
143.94,4.7979,5.8137,0.130232513137665,-0.57559134658785
143.95,4.7982,5.8156,0.130218878735404,-0.575636967238457
143.96,4.7986,5.817,0.130163142195781,-0.575823458800774
143.97,4.799,5.8182,0.130168949209434,-0.575804029034366
143.98,4.7993,5.8193,0.130145782209673,-0.575881543539405
143.99,4.7997,5.819,0.130173605217172,-0.575788450400923
144,4.8,5.819,0.130203417044281,-0.575688701680539
144.01,4.8004,5.8197,0.130216149236944,-0.575646100097734
144.02,4.8007,5.8191,0.13020247344499,-0.575691858930159
144.03,4.8011,5.8181,0.130229266548782,-0.575602209683293
144.04,4.8016,5.8173,0.130229541963691,-0.575601288144803
144.05,4.8019,5.8178,0.130236698590519,-0.575577342029576
144.06,4.8023,5.8199,0.130204154899377,-0.575686232842816
144.07,4.8026,5.8207,0.130209652400004,-0.575667838371619
144.08,4.803,5.8208,0.130211519487439,-0.575661591143958
144.09,4.8032,5.8201,0.130189394257294,-0.575735621300332
144.1,4.8034,5.8194,0.130185153311935,-0.575749811261123
144.11,4.8038,5.8195,0.130207431677676,-0.57567526884651
144.12,4.8042,5.8223,0.130201187986429,-0.575696160026752
144.13,4.8044,5.824,0.130216668260331,-0.575644363454363
144.14,4.8047,5.8242,0.13021416749458,-0.57565273097036
144.15,4.8051,5.8239,0.130230967987688,-0.575596516665781
144.16,4.8053,5.8255,0.130239528252345,-0.57556787394514
144.17,4.8057,5.8278,0.130241053532634,-0.575562770333341
144.18,4.806,5.8267,0.130247582041784,-0.575540925803082
144.19,4.8064,5.8241,0.130231612943426,-0.57559435864173
144.2,4.8067,5.8224,0.130238512052255,-0.575571274164823
144.21,4.8071,5.8221,0.130234693542449,-0.575584050939244
144.22,4.8075,5.8235,0.13022127782444,-0.575628939915509
144.23,4.8078,5.8234,0.130218395563011,-0.575638583926496
144.24,4.8082,5.8233,0.130257514113938,-0.575507692766398
144.25,4.8084,5.8242,0.130269073261122,-0.575469015313017
144.26,4.8088,5.8259,0.130257816921111,-0.575506679561615
144.27,4.809,5.8271,0.130272893692021,-0.575456231930098
144.28,4.8093,5.828,0.130288111432508,-0.575405312290541
144.29,4.8096,5.8277,0.130288389973844,-0.575404380268501
144.3,4.8099,5.8259,0.130302271126303,-0.575357932664473
144.31,4.8103,5.8243,0.130253595062057,-0.575520806057738
144.32,4.8106,5.8255,0.13026687767376,-0.575476361866338
144.33,4.811,5.828,0.130197195286471,-0.575709519438006
144.34,4.8114,5.8298,0.130183782608756,-0.575754397550337
144.35,4.8117,5.8303,0.130141441358662,-0.575896067518358
144.36,4.8121,5.8307,0.130142944016631,-0.57589103980376
144.37,4.8124,5.8303,0.130097363511406,-0.576043545365263
144.38,4.8128,5.828,0.130069353396392,-0.576137261609658
144.39,4.8131,5.8257,0.130085385795329,-0.576083620540319
144.4,4.8134,5.8259,0.130084845385858,-0.576085428643665
144.41,4.8137,5.8298,0.130088991516274,-0.576071556500003
144.42,4.814,5.8336,0.130144889438038,-0.575884530650823
144.43,4.8143,5.8339,0.130130666492022,-0.575932118847962
144.44,4.8145,5.8328,0.130142916014997,-0.57589113349392
144.45,4.8149,5.8324,0.130114775255821,-0.575985288606455
144.46,4.8152,5.8323,0.130126118427998,-0.575947336042268
144.47,4.8156,5.8312,0.130110386805417,-0.575999971660279
144.48,4.816,5.8302,0.130087660077039,-0.576076011238558
144.49,4.8164,5.8311,0.129986538667652,-0.576414336828323
144.5,4.8168,5.8338,0.129954570397096,-0.576521291314834
144.51,4.8171,5.8348,0.129989754493644,-0.576403577738245
144.52,4.8175,5.8337,0.129974793991442,-0.576453630509457
144.53,4.818,5.8331,0.129917628867287,-0.576644882812806
144.54,4.8183,5.8337,0.129951696296096,-0.576530906967857
144.55,4.8187,5.8334,0.129918277102605,-0.576642714094366
144.56,4.8189,5.8333,0.1298440977805,-0.576890882668965
144.57,4.8193,5.834,0.129840306389166,-0.576903566650061
144.58,4.8195,5.8348,0.129940495431104,-0.576568380710092
144.59,4.8199,5.8363,0.129936853863403,-0.576580563943582
144.6,4.8202,5.8376,0.129971931958165,-0.576463205868001
144.61,4.8204,5.8391,0.129942092614703,-0.576563037164883
144.62,4.8208,5.8398,0.129961801639884,-0.576497098266001
144.63,4.8212,5.8389,0.130024951186273,-0.576285820317806
144.64,4.8215,5.8386,0.130013664602968,-0.576323581975555
144.65,4.8219,5.8396,0.130079584844357,-0.57610302935545
144.66,4.8222,5.8402,0.130048499423882,-0.576207034131968
144.67,4.8226,5.8399,0.13003516487731,-0.576251648097782
144.68,4.8229,5.8391,0.12998657678853,-0.576414209288558
144.69,4.8233,5.8404,0.130039644603197,-0.57623666011352
144.7,4.8236,5.8424,0.13009968350697,-0.576035783075628
144.71,4.824,5.843,0.1301197107129,-0.575968775324087
144.72,4.8242,5.8423,0.130184675465886,-0.575751410105145
144.73,4.8246,5.8424,0.13020975331422,-0.575667500715308
144.74,4.8249,5.8418,0.130225670976941,-0.575614240459778
144.75,4.8252,5.8411,0.130207394112438,-0.57567539453869
144.76,4.8254,5.8396,0.130184926931224,-0.575750568717349
144.77,4.8256,5.8399,0.130177079777654,-0.575776824777097
144.78,4.826,5.8418,0.130180498207638,-0.575765386945598
144.79,4.8263,5.8411,0.130189003467888,-0.575736928860381
144.8,4.8266,5.8402,0.13019206846633,-0.575726673537029
144.81,4.8269,5.8424,0.130177623758965,-0.575775004654138
144.82,4.8273,5.8458,0.130153830731949,-0.575854614058244
144.83,4.8276,5.8466,0.130128757927934,-0.575938504643358
144.84,4.828,5.8443,0.130130092401158,-0.5759340396783
144.85,4.8284,5.8434,0.130083643834621,-0.576089448795323
144.86,4.8287,5.8443,0.130143195858335,-0.575890197171109
144.87,4.8291,5.8465,0.13013019313589,-0.575933702633553
144.88,4.8294,5.8469,0.130124894556292,-0.57595143094317
144.89,4.8298,5.8457,0.130183407106437,-0.575755653957737
144.9,4.8301,5.8461,0.130179959181292,-0.575767190491728
144.91,4.8305,5.8466,0.130201866517399,-0.575693889687615
144.92,4.8307,5.8472,0.130156963020589,-0.575844133736676
144.93,4.8311,5.8481,0.130179722529432,-0.575767982312909
144.94,4.8313,5.8482,0.130188257007753,-0.575739426474724
144.95,4.8317,5.8492,0.130149208691031,-0.575870078915907
144.96,4.8319,5.849,0.130048652215451,-0.576206522929231
144.97,4.8322,5.8484,0.130033745319354,-0.576256397559484
144.98,4.8325,5.8491,0.12991791948107,-0.576643910543316
144.99,4.833,5.8495,0.129920219292907,-0.576636216351882
145,4.8333,5.8486,0.129838341121691,-0.576910141383145
145.01,4.8337,5.8484,0.129872290714862,-0.576796563469622
145.02,4.834,5.8485,0.1299130956016,-0.576660049167
145.03,4.8344,5.8492,0.129913073271833,-0.576660123872712
145.04,4.8347,5.8493,0.129995115318721,-0.576385642159137
145.05,4.8351,5.851,0.130011840322295,-0.576329685476949
145.06,4.8354,5.8518,0.129955909421685,-0.576516811442008
145.07,4.8358,5.8517,0.129963534679972,-0.576491300147766
145.08,4.8361,5.8506,0.1299474446835,-0.576545131231963
145.09,4.8364,5.8511,0.129783896015396,-0.577092283457949
145.1,4.8367,5.8533,0.129739399793281,-0.577241139252703
145.11,4.8371,5.8537,0.129613942674838,-0.577660823588051
145.12,4.8373,5.8519,0.129650677299832,-0.577537939641586
145.13,4.8377,5.851,0.129611829701575,-0.577667891808355
145.14,4.838,5.8512,0.129609800173836,-0.577674680884784
145.15,4.8384,5.8519,0.129616252480764,-0.577653096925221
145.16,4.8387,5.8523,0.129556210650538,-0.577853943876702
145.17,4.8391,5.8516,0.129597541383711,-0.577715688266609
145.18,4.8395,5.8524,0.129669379790515,-0.577475375724731
145.19,4.8398,5.8545,0.129680449613081,-0.577438344523697
145.2,4.8403,5.8564,0.129858621788501,-0.57684229287184
145.21,4.8406,5.8565,0.129808520686702,-0.577009903946452
145.22,4.841,5.8558,0.129851026955593,-0.576867701279438
145.23,4.8412,5.8571,0.129758431415551,-0.577177471994871
145.24,4.8415,5.858,0.129620349955539,-0.577639390211883
145.25,4.8418,5.8579,0.12966770770778,-0.577480969226303
145.26,4.842,5.8588,0.129651371869184,-0.577535616163966
145.27,4.8424,5.8599,0.12970980312297,-0.577340149205634
145.28,4.8428,5.8597,0.129727866079838,-0.577279723209899
145.29,4.8431,5.859,0.12967778265201,-0.577447266161002
145.3,4.8435,5.858,0.129734139601257,-0.577258736298643
145.31,4.8438,5.8575,0.129722627043249,-0.577297249401123
145.32,4.8442,5.8571,0.129762605600388,-0.57716350785851
145.33,4.8445,5.8577,0.12975011184989,-0.577205303836504
145.34,4.8449,5.8581,0.129754659528572,-0.577190090280892
145.35,4.8452,5.8593,0.12974282946979,-0.577229665853537
145.36,4.8456,5.8599,0.129697944533728,-0.577379819491394
145.37,4.8459,5.8596,0.12967976071365,-0.577440649061784
145.38,4.8463,5.86,0.129664056269095,-0.577493184115712
145.39,4.8465,5.86,0.129634174960062,-0.577593143173982
145.4,4.8469,5.8592,0.129623667349883,-0.577628292976386
145.41,4.8472,5.8587,0.129606221086096,-0.577686653459372
145.42,4.8475,5.8592,0.129605623257155,-0.577688653283337
145.43,4.8478,5.8616,0.129593189103467,-0.577730247208171
145.44,4.8481,5.8621,0.12959639283719,-0.577719530306126
145.45,4.8483,5.8602,0.12958657068614,-0.577752386622148
145.46,4.8487,5.8608,0.129552709018869,-0.577865657091764
145.47,4.849,5.8632,0.129540227020954,-0.577907410154342
145.48,4.8492,5.8649,0.129497530297575,-0.578050231742562
145.49,4.8496,5.8639,0.129471363969112,-0.578137757516326
145.5,4.85,5.8626,0.129447536874575,-0.578217457787707
145.51,4.8502,5.8632,0.129428371661317,-0.578281563766405
145.52,4.8505,5.8661,0.129421046034809,-0.578306067219425
145.53,4.8509,5.8683,0.129394317058841,-0.578395472218
145.54,4.8513,5.8678,0.12938655549844,-0.578421433458847
145.55,4.8516,5.8672,0.129372806342901,-0.578467422093031
145.56,4.8521,5.867,0.129374572630284,-0.578461514170596
145.57,4.8524,5.8671,0.129378883885141,-0.578447093758989
145.58,4.8527,5.8675,0.129351090210118,-0.578540058409616
145.59,4.853,5.8674,0.129341236897427,-0.578573015645061
145.6,4.8533,5.8676,0.129356561771063,-0.578521757144307
145.61,4.8536,5.8676,0.129324067915114,-0.57863044192097
145.62,4.8539,5.8673,0.129269774025385,-0.578812039763486
145.63,4.8541,5.8673,0.129256090215561,-0.578857807633004
145.64,4.8544,5.868,0.129223100289981,-0.578968147089666
145.65,4.8548,5.8684,0.129214069684091,-0.578998350963527
145.66,4.8552,5.8686,0.129168882081142,-0.579149484285471
145.67,4.8555,5.8701,0.129178240824116,-0.579118183499007
145.68,4.8557,5.871,0.129196056801087,-0.579058596735748
145.69,4.8561,5.8718,0.129200445436325,-0.579043918575718
145.7,4.8566,5.8722,0.129197575543194,-0.5790535171779
145.71,4.8569,5.8728,0.129213738913213,-0.578999457261688
145.72,4.8573,5.8737,0.129199971013041,-0.579045505325608
145.73,4.8576,5.8726,0.129201622637069,-0.579039981324223
145.74,4.858,5.8709,0.129181908333585,-0.57910591729637
145.75,4.8583,5.8706,0.129112922059204,-0.579336642882847
145.76,4.8587,5.8726,0.129079881030291,-0.57944714676439
145.77,4.8589,5.8746,0.129048062710012,-0.579553559948014
145.78,4.8593,5.8747,0.129028084570261,-0.579620374123891
145.79,4.8596,5.8738,0.129010343912504,-0.579679704885596
145.8,4.8599,5.8743,0.128971518266279,-0.579809549474512
145.81,4.8602,5.8766,0.12895740400592,-0.579856751275238
145.82,4.8606,5.8776,0.129051654520169,-0.579541547568493
145.83,4.8609,5.8773,0.129033664889299,-0.579601711559697
145.84,4.8613,5.8772,0.129140716136837,-0.579243685976741
145.85,4.8616,5.8756,0.1291459708194,-0.579226111644748
145.86,4.862,5.8747,0.129231787825958,-0.578939090545895
145.87,4.8624,5.8763,0.12921778032301,-0.578985940329201
145.88,4.8627,5.8793,0.129299105380989,-0.57871393510339
145.89,4.8631,5.8784,0.129326922855987,-0.578620892831952
145.9,4.8634,5.8758,0.129320698657246,-0.578641711261956
145.91,4.8637,5.8748,0.129325610373536,-0.578625282770759
145.92,4.864,5.8769,0.129329940146285,-0.578610800711073
145.93,4.8644,5.8789,0.129246799240471,-0.578888882760128
145.94,4.8646,5.8785,0.129257476357567,-0.578853171452942
145.95,4.865,5.8776,0.129218800415424,-0.578982528516167
145.96,4.8653,5.877,0.129272803333234,-0.578801907684492
145.97,4.8657,5.8768,0.129211680468282,-0.579006341944932
145.98,4.866,5.8772,0.129285233456879,-0.578760332710699
145.99,4.8664,5.8786,0.129297935597886,-0.578717847702549
146,4.8667,5.8807,0.129299801495198,-0.578711606794062
146.01,4.8671,5.8808,0.12933407862516,-0.57859695845982
146.02,4.8674,5.8803,0.129314687261324,-0.578661817867811
146.03,4.8678,5.8827,0.129368502216359,-0.578481818625733
146.04,4.8681,5.8854,0.129353266825919,-0.578532778074679
146.05,4.8685,5.8863,0.129298992155374,-0.578714313811664
146.06,4.8688,5.8838,0.129266850430284,-0.578821818254743
146.07,4.8692,5.8815,0.12924168410911,-0.578905991070683
146.08,4.8696,5.882,0.129224653802014,-0.57896295118321
146.09,4.8698,5.8844,0.12913643568089,-0.579258001971238
146.1,4.8701,5.8859,0.129120783226616,-0.579310351425356
146.11,4.8704,5.886,0.129122697889883,-0.57930394787404
146.12,4.8706,5.8853,0.129094442154853,-0.579398448078786
146.13,4.871,5.8845,0.129100669173147,-0.579377622152939
146.14,4.8712,5.8838,0.129135018137331,-0.579262742943295
146.15,4.8716,5.884,0.129161840354293,-0.579173035615697
146.16,4.8719,5.8853,0.129204915280348,-0.579028968778878
146.17,4.8723,5.8851,0.129212824595691,-0.57900251529249
146.18,4.8726,5.8845,0.129273081869595,-0.578800976067611
146.19,4.873,5.8837,0.129216232129195,-0.578991118433636
146.2,4.8733,5.8852,0.129186657039945,-0.579090034939255
146.21,4.8737,5.8878,0.129195180413379,-0.57906152788505
146.22,4.874,5.8882,0.129167704921736,-0.57915342134578
146.23,4.8744,5.8881,0.129160017006845,-0.579179133861289
146.24,4.8747,5.888,0.129079432053837,-0.579448648330817
146.25,4.8751,5.8883,0.129025098336005,-0.579630361131821
146.26,4.8755,5.8887,0.129014784124509,-0.579664855354952
146.27,4.8757,5.8894,0.129011913339779,-0.579674456207234
146.28,4.876,5.8898,0.129041983434543,-0.579573891317424
146.29,4.8763,5.8893,0.129078801903884,-0.579450755817293
146.3,4.8766,5.8885,0.129074684341628,-0.579464526663845
146.31,4.8769,5.8891,0.129103899277485,-0.579366819222734
146.32,4.8773,5.8914,0.129151775651933,-0.579206697287264
146.33,4.8777,5.893,0.129139029673791,-0.579249326359179
146.34,4.8781,5.8915,0.129139857742227,-0.579246556881454
146.35,4.8784,5.8879,0.129130135384534,-0.579279073280728
146.36,4.8788,5.8877,0.129014090996623,-0.579667173404561
146.37,4.8791,5.8892,0.128970641413049,-0.579812481910419
146.38,4.8795,5.8897,0.128829824458031,-0.580283398444436
146.39,4.8798,5.8899,0.12882504332063,-0.580299386926474
146.4,4.8802,5.8907,0.128895202919561,-0.580064764816897
146.41,4.8805,5.8915,0.128924749949586,-0.579965953983859
146.42,4.8809,5.8916,0.128953473847928,-0.579869894709074
146.43,4.8812,5.8918,0.128970469919803,-0.579813055430398
146.44,4.8815,5.8925,0.128986580417751,-0.579759177374753
146.45,4.8818,5.8937,0.129184069569159,-0.579098688907338
146.46,4.8822,5.8928,0.129174331410864,-0.579131258742837
146.47,4.8824,5.8915,0.12925726540868,-0.578853877006379
146.48,4.8828,5.8937,0.129215176266764,-0.578994649879737
146.49,4.8831,5.8982,0.129234510667472,-0.578929983642719
146.5,4.8835,5.8994,0.129160108460371,-0.579178827992069
146.51,4.8838,5.8975,0.129160800297545,-0.579176514120304
146.52,4.8842,5.8955,0.129180080379553,-0.579112030999204
146.53,4.8845,5.8946,0.129089863646892,-0.579413760617025
146.54,4.8849,5.8936,0.128981951275711,-0.579774658569752
146.55,4.8853,5.8933,0.12903665370026,-0.579591715899204
146.56,4.8856,5.8943,0.128925287331068,-0.579964156867878
146.57,4.8858,5.8967,0.128994583394025,-0.579732413029109
146.58,4.8862,5.8987,0.129027330545743,-0.579622895845781
146.59,4.8864,5.8995,0.129088918647332,-0.579416921106343
146.6,4.8868,5.8998,0.129102365152537,-0.579371950032385
146.61,4.887,5.9005,0.129082484398318,-0.579438439999382
146.62,4.8874,5.8993,0.129140090401216,-0.579245778752499
146.63,4.8877,5.8963,0.129085255390223,-0.579429172618922
146.64,4.8881,5.8952,0.129091215323508,-0.579409240020723
146.65,4.8884,5.8976,0.129100501967077,-0.579378181365291
146.66,4.8887,5.9007,0.129062845693148,-0.579504119915245
146.67,4.889,5.9013,0.129066764185874,-0.579491014904515
146.68,4.8894,5.9012,0.129020224191932,-0.579646661941732
146.69,4.8899,5.9014,0.129013025641292,-0.579670736304952
146.7,4.8901,5.9022,0.128965226719905,-0.57983059009496
146.71,4.8906,5.9,0.128967688832869,-0.579822356134566
146.72,4.8908,5.8992,0.128979497022982,-0.579782866291508
146.73,4.8912,5.9012,0.128980658347871,-0.579778982490581
146.74,4.8915,5.9021,0.128983015672276,-0.579771098921208
146.75,4.8919,5.9008,0.128997359869512,-0.579723127644334
146.76,4.8922,5.899,0.128997390026408,-0.579723026790373
146.77,4.8925,5.9012,0.128976916928294,-0.57979149485578
146.78,4.8927,5.9046,0.128981496411057,-0.579776179767634
146.79,4.893,5.9062,0.12900408249649,-0.579700645075977
146.8,4.8933,5.9049,0.129001510430753,-0.579709246876021
146.81,4.8936,5.9033,0.12899866371584,-0.579718767179046
146.82,4.894,5.9031,0.128999369882297,-0.579716405539082
146.83,4.8943,5.9025,0.129002477358162,-0.57970601316649
146.84,4.8946,5.9019,0.128999722071275,-0.579715227709496
146.85,4.8949,5.9031,0.129009131257395,-0.579683760398778
146.86,4.8953,5.9051,0.129039056487721,-0.579583680103498
146.87,4.8958,5.9055,0.129027289483712,-0.579623033171562
146.88,4.8961,5.9055,0.129048184916615,-0.579553151242935
146.89,4.8965,5.9069,0.129043117799585,-0.579570097580586
146.9,4.8967,5.9088,0.129059873693463,-0.579514059459702
146.91,4.8972,5.9085,0.129073121732427,-0.579469752675038
146.92,4.8975,5.9062,0.129078000484677,-0.5794534360994
146.93,4.8979,5.9067,0.129070729454052,-0.579477753436458
146.94,4.8982,5.909,0.129062258184886,-0.579506084776606
146.95,4.8986,5.9098,0.129044111184756,-0.579566775331199
146.96,4.8988,5.9093,0.12903903182214,-0.579583762594219
146.97,4.8991,5.91,0.129068684649878,-0.579484592095208
146.98,4.8994,5.9104,0.129066133905156,-0.579493122817358
146.99,4.8998,5.9082,0.129100953287501,-0.579376671946581
147,4.9001,5.9069,0.129096624446921,-0.579391149527072
147.01,4.9004,5.9091,0.129121157586502,-0.579309099386931
147.02,4.9007,5.912,0.129104119819332,-0.579366081630503
147.03,4.9011,5.9125,0.129114793357831,-0.579330384383921
147.04,4.9014,5.9101,0.129083842157566,-0.579433899073855
147.05,4.9018,5.9089,0.129065130702915,-0.57949647792901
147.06,4.9021,5.9114,0.129064596921011,-0.579498263109751
147.07,4.9025,5.9129,0.129049967065169,-0.579547191062143
147.08,4.9028,5.9114,0.128982375543698,-0.579773239695647
147.09,4.9032,5.91,0.128981353974678,-0.579776656115683
147.1,4.9034,5.9113,0.128970479747449,-0.579813022564082
147.11,4.9037,5.9133,0.128952177213751,-0.579874230974246
147.12,4.904,5.9154,0.128950481985206,-0.579879900234024
147.13,4.9044,5.9168,0.129026834355333,-0.579624555279749
147.14,4.9046,5.9174,0.129020842378605,-0.579644594515229
147.15,4.905,5.9159,0.129096748746326,-0.579390733814584
147.16,4.9053,5.9124,0.129092805376917,-0.579403922185218
147.17,4.9057,5.9123,0.129100994771062,-0.579376533206861
147.18,4.906,5.9162,0.129095119531085,-0.5793961826332
147.19,4.9064,5.9188,0.129033953206858,-0.579600747322454
147.2,4.9067,5.9175,0.129024138390187,-0.579633571522538
147.21,4.9071,5.9173,0.128980969768337,-0.579777941011599
147.22,4.9075,5.9197,0.128959507329463,-0.579849717225179
147.23,4.9078,5.9227,0.128949869105407,-0.579881949853327
147.24,4.9082,5.9228,0.128874801277797,-0.580132991049627
147.25,4.9085,5.9212,0.12889343453112,-0.580070678602868
147.26,4.9087,5.9205,0.12893602114575,-0.579928260665309
147.27,4.9091,5.9201,0.128978422827475,-0.579786458705338
147.28,4.9093,5.9185,0.128934302786547,-0.579934007241528
147.29,4.9097,5.9168,0.128919167793204,-0.57998462185794
147.3,4.91,5.9175,0.128935337747881,-0.579930546100606
147.31,4.9104,5.9186,0.128907963460775,-0.580022091310927
147.32,4.9108,5.9184,0.128914505662585,-0.58000021294467
147.33,4.911,5.918,0.128885570327194,-0.580096977760794
147.34,4.9113,5.9198,0.128894119547755,-0.580068387793468
147.35,4.9117,5.922,0.128908993308958,-0.580018647306767
147.36,4.9122,5.9231,0.128891090965949,-0.580078515869167
147.37,4.9125,5.923,0.128901091941232,-0.580045070914994
147.38,4.9129,5.9245,0.128952308017471,-0.579873793534381
147.39,4.9132,5.9265,0.128951738458226,-0.579875698280646
147.4,4.9136,5.9263,0.129028414168659,-0.579619271831246
147.41,4.9139,5.9254,0.129085852718977,-0.579427174895061
147.42,4.9142,5.9247,0.129136009119698,-0.579259428604719
147.43,4.9145,5.9241,0.12911478454322,-0.57933041386412
147.44,4.9149,5.923,0.129136006630093,-0.579259436931201
147.45,4.9151,5.9229,0.12911660610068,-0.579324321718355
147.46,4.9155,5.9254,0.129111802050034,-0.579340388715704
147.47,4.9157,5.9272,0.129085975309786,-0.579426764898693
147.48,4.9161,5.9263,0.129103551932208,-0.579367980903167
147.49,4.9163,5.9256,0.129045404066882,-0.579562451450603
147.5,4.9167,5.9262,0.129005669024401,-0.579695339221113
147.51,4.917,5.9266,0.128968628556207,-0.579819213447672
147.52,4.9172,5.9258,0.128913964207319,-0.580002023676219
147.53,4.9176,5.9243,0.128924169295702,-0.57996789581135
147.54,4.918,5.9245,0.128924918206273,-0.579965391298379
147.55,4.9183,5.9258,0.128971037141095,-0.579811158488234
147.56,4.9187,5.9271,0.129005185501417,-0.579696956276408
147.57,4.919,5.9279,0.129035819880187,-0.579594504495121
147.58,4.9194,5.9291,0.129052093874594,-0.579540078198947
147.59,4.9197,5.9296,0.129074677800756,-0.579464548539231
147.6,4.92,5.9282,0.129061668257361,-0.57950805772847
147.61,4.9203,5.9257,0.129024992088648,-0.579630716459781
147.62,4.9206,5.9256,0.129005336452348,-0.579696451448314
147.63,4.9209,5.927,0.128975317963794,-0.57979684223942
147.64,4.9211,5.9272,0.128947785187483,-0.579888918978501
147.65,4.9215,5.9271,0.128899523234316,-0.580050316945531
147.66,4.9217,5.9294,0.128901446525772,-0.58004388512175
147.67,4.9221,5.9333,0.128861141041752,-0.580178672663751
147.68,4.9224,5.935,0.128792680631747,-0.580407609359986
147.69,4.9228,5.9331,0.128819390734902,-0.58031828955659
147.7,4.9232,5.9301,0.128797880560286,-0.58039022063853
147.71,4.9236,5.9291,0.128809815880906,-0.580350308417764
147.72,4.924,5.929,0.128935968806057,-0.57992843570097
147.73,4.9243,5.9306,0.128915482800838,-0.579996945203592
147.74,4.9247,5.9333,0.128963912077655,-0.579834986604779
147.75,4.925,5.9366,0.128916988391869,-0.579991910210698
147.76,4.9254,5.9373,0.128902365993886,-0.5800408102574
147.77,4.9257,5.937,0.128871352465225,-0.580144524353653
147.78,4.926,5.9364,0.128792852900137,-0.580407033289769
147.79,4.9262,5.9365,0.128723359436398,-0.580639418029577
147.8,4.9266,5.9366,0.128705931076908,-0.580697697071934
147.81,4.9269,5.9346,0.128579606061691,-0.581120105369444
147.82,4.9273,5.9341,0.128599664130292,-0.58105303623221
147.83,4.9276,5.936,0.128625389876684,-0.580967014997272
147.84,4.928,5.937,0.12867805571273,-0.580790909196815
147.85,4.9283,5.9367,0.128767707965762,-0.580491118208209
147.86,4.9287,5.9372,0.128807970777136,-0.58035647853618
147.87,4.9291,5.9383,0.128934259926594,-0.579934150574714
147.88,4.9294,5.9377,0.128858282185328,-0.580188233020738
147.89,4.9298,5.9366,0.128839269143604,-0.580251814615316
147.9,4.9302,5.9369,0.128840675594112,-0.580247111315124
147.91,4.9305,5.9389,0.128806963464818,-0.580359847036502
147.92,4.9308,5.9403,0.12884019415851,-0.580248721280477
147.93,4.9311,5.939,0.128826546604921,-0.580294359834448
147.94,4.9314,5.9382,0.128769028228427,-0.580486703257911
147.95,4.9318,5.9396,0.128781027691625,-0.580446577016441
147.96,4.9321,5.9421,0.128758565964179,-0.580521688940086
147.97,4.9325,5.9425,0.128792428308701,-0.580408453135094
147.98,4.9328,5.9413,0.128805235184623,-0.580365626484463
147.99,4.9332,5.9407,0.128848034693414,-0.580222501764174
148,4.9335,5.9405,0.128849427574965,-0.580217843823074
148.01,4.9339,5.9404,0.128843973735223,-0.580236082016469
148.02,4.9342,5.941,0.128850954730468,-0.580212736852821
148.03,4.9346,5.9429,0.128835409806189,-0.580264720581559
148.04,4.935,5.9429,0.128853657405488,-0.580203698812567
148.05,4.9353,5.9418,0.128850639881916,-0.580213789740093
148.06,4.9357,5.9423,0.128857369397187,-0.580191285490827
148.07,4.936,5.9438,0.12885337245156,-0.580204651730076
148.08,4.9364,5.9468,0.128841097430895,-0.580245700653496
148.09,4.9366,5.948,0.128841999293663,-0.580242684739284
148.1,4.937,5.9479,0.128852613047513,-0.580207191260814
148.11,4.9373,5.9476,0.128848878020255,-0.580219681591628
148.12,4.9376,5.9467,0.128864322491029,-0.580168033504579
148.13,4.9378,5.9446,0.128861859011768,-0.580176271684588
148.14,4.9381,5.9436,0.128857033551461,-0.580192408597848
148.15,4.9384,5.9442,0.12885110425253,-0.580212236834989
148.16,4.9387,5.9445,0.128845191384362,-0.580232010077758
148.17,4.939,5.9434,0.128835811723339,-0.580263376535956
148.18,4.9393,5.9438,0.128828873445394,-0.580286578704516
148.19,4.9397,5.9472,0.128803912643016,-0.580370049121275
148.2,4.94,5.9507,0.128795709566189,-0.580397480514282
148.21,4.9404,5.9492,0.128764599006653,-0.580501514539056
148.22,4.9407,5.9464,0.128754771220885,-0.580534378477563
148.23,4.9411,5.9467,0.128739831069988,-0.580584337818915
148.24,4.9415,5.9499,0.128738964192067,-0.580587236618915
148.25,4.9418,5.9509,0.128728466269406,-0.580622341108812
148.26,4.9422,5.9491,0.12870933643187,-0.580686309869665
148.27,4.9425,5.9475,0.128721148459322,-0.580646811383452
148.28,4.9429,5.948,0.128718641265604,-0.580655195257099
148.29,4.9431,5.9488,0.128726917498078,-0.580627520104195
148.3,4.9435,5.9496,0.12869556105214,-0.580732373408755
148.31,4.9437,5.9511,0.128701182106126,-0.580713577178693
148.32,4.944,5.9523,0.128704498839104,-0.580702486342235
148.33,4.9444,5.953,0.128697037908557,-0.580727434956032
148.34,4.9448,5.9523,0.128676235161338,-0.580796996881557
148.35,4.9451,5.9519,0.128695964498935,-0.580731024325351
148.36,4.9455,5.9531,0.128671261552737,-0.580813627952288
148.37,4.9458,5.9537,0.12865948864766,-0.580852994810368
148.38,4.9462,5.9525,0.128651187578188,-0.580880752247896
148.39,4.9465,5.9509,0.128667912151941,-0.580824827873882
148.4,4.9469,5.9519,0.1286842967467,-0.580770039964381
148.41,4.9472,5.9528,0.128692124292016,-0.580743865562006
148.42,4.9476,5.9547,0.12866778028012,-0.580825268834249
148.43,4.9479,5.9571,0.128717894441314,-0.5806576925816
148.44,4.9483,5.9575,0.128725388356337,-0.580632633456223
148.45,4.9485,5.9562,0.128728336944812,-0.580622773562372
148.46,4.9488,5.9531,0.128777231213015,-0.58045927247385
148.47,4.9491,5.9538,0.128777423733277,-0.5804586286849
148.48,4.9494,5.9572,0.128728365296614,-0.580622678755676
148.49,4.9496,5.9583,0.128718771436135,-0.580654759976511
148.5,4.95,5.9561,0.128671629403304,-0.580812397911185
148.51,4.9503,5.9544,0.128670794788377,-0.580815188747084
148.52,4.9507,5.9575,0.12860860659408,-0.581023134704125
148.53,4.9509,5.9599,0.128615417018019,-0.581000362149938
148.54,4.9514,5.9602,0.128624485838437,-0.580970037917636
148.55,4.9517,5.959,0.128599725181548,-0.58105283209132
148.56,4.9521,5.9586,0.128607049795203,-0.581028340286952
148.57,4.9524,5.9593,0.128685448212255,-0.580766189602584
148.58,4.9528,5.9591,0.128686319662365,-0.580763275577419
148.59,4.9531,5.9593,0.128800541099976,-0.580381323697369
148.6,4.9535,5.9599,0.128763921203711,-0.580503781104136
148.61,4.9537,5.9599,0.128833550374315,-0.580270938679188
148.62,4.9541,5.9597,0.128852076341711,-0.580208986063624
148.63,4.9543,5.96,0.128907116394065,-0.580024924058702
148.64,4.9547,5.9606,0.128889663956145,-0.5800832880203
148.65,4.955,5.9612,0.128860372038451,-0.580181244303647
148.66,4.9554,5.9608,0.128762915778226,-0.580507143233994
148.67,4.9557,5.9595,0.128763620878023,-0.580504785389511
148.68,4.9561,5.9598,0.128709153658682,-0.580686921047255
148.69,4.9564,5.9606,0.128695122335656,-0.580733840430017
148.7,4.9568,5.9606,0.128662068569472,-0.580844367948645
148.71,4.9573,5.9607,0.128646396937136,-0.580896771335894
148.72,4.9576,5.9617,0.128622881025363,-0.580975404083994
148.73,4.958,5.9625,0.128573121255479,-0.581141788812484
148.74,4.9583,5.9631,0.128556566432749,-0.581197143413102
148.75,4.9587,5.9649,0.128488558573404,-0.581424538330398
148.76,4.959,5.9668,0.128404155946331,-0.581706742889296
148.77,4.9594,5.9683,0.128281136209201,-0.582118048244688
148.78,4.9596,5.9672,0.128173896583879,-0.582476577278535
148.79,4.9599,5.965,0.128084154988193,-0.582776593868512
148.8,4.9601,5.9664,0.128062769842002,-0.582848085268277
148.81,4.9603,5.9689,0.128008116190375,-0.583030791761843
148.82,4.9607,5.969,0.127987229721539,-0.583100613890873
148.83,4.9609,5.9677,0.127952219077053,-0.583217650892669
148.84,4.9613,5.9674,0.127923530822763,-0.583313551537177
148.85,4.9616,5.9676,0.127869067235789,-0.583495612247412
148.86,4.962,5.9659,0.127798801043486,-0.583730491844765
148.87,4.9622,5.9642,0.127720613798012,-0.583991841273029
148.88,4.9627,5.9644,0.127674297742883,-0.584146653802121
148.89,4.9629,5.9672,0.127571496560389,-0.584490258712918
148.9,4.9634,5.9695,0.127418526268967,-0.585001523107107
148.91,4.9636,5.9682,0.127333755237358,-0.585284834952197
148.92,4.9641,5.9677,0.127233533803696,-0.585619770611072
148.93,4.9645,5.97,0.127144218455255,-0.585918246998819
148.94,4.9647,5.972,0.127071705397319,-0.586160565001309
148.95,4.9651,5.9715,0.126962193083454,-0.58652651031729
148.96,4.9654,5.9696,0.126876792455217,-0.586811872837548
148.97,4.9657,5.9702,0.126797893280658,-0.587075502141867
148.98,4.966,5.972,0.126709946608776,-0.587369352188637
148.99,4.9664,5.9733,0.126635051373211,-0.587619586024819
149,4.9666,5.9727,0.126521731695407,-0.587998185842903
149.01,4.967,5.9726,0.126406270196805,-0.588383923352579
149.02,4.9673,5.9736,0.126284583852469,-0.588790437246922
149.03,4.9677,5.9728,0.126122697385935,-0.589331215009574
149.04,4.968,5.9719,0.125993170084487,-0.589763871906747
149.05,4.9684,5.972,0.125781497021827,-0.590470868799749
149.06,4.9687,5.9722,0.125692926806852,-0.59076667880444
149.07,4.9691,5.9719,0.125575410207024,-0.591159148397313
149.08,4.9694,5.9728,0.125379122613004,-0.591814646879778
149.09,4.9698,5.9751,0.125283712689123,-0.592133247340708
149.1,4.9701,5.9765,0.125287840199113,-0.592119464686797
149.11,4.9705,5.9773,0.12520677252311,-0.592390163022923
149.12,4.9708,5.9771,0.125015957094044,-0.593027291665737
149.13,4.9711,5.9769,0.124899096478381,-0.593417462140007
149.14,4.9713,5.9758,0.124683245064682,-0.594138090732713
149.15,4.9717,5.9741,0.124581271875267,-0.594478510118015
149.16,4.9719,5.9743,0.124393563847986,-0.595105102804599
149.17,4.9723,5.9758,0.124387564463667,-0.595125128698226
149.18,4.9725,5.9782,0.124159422317035,-0.595886628665925
149.19,4.9729,5.9784,0.12398762763261,-0.596460003285264
149.2,4.9732,5.9762,0.123819643335548,-0.59702062145071
149.21,4.9736,5.9753,0.123545418606486,-0.597935715457179
149.22,4.974,5.9769,0.123474250757085,-0.598173187329232
149.23,4.9744,5.9789,0.123342004797353,-0.598614445368494
149.24,4.9747,5.9787,0.123291745262969,-0.598782137399884
149.25,4.9751,5.9782,0.123308885040799,-0.598724950546144
149.26,4.9755,5.9765,0.123256708534966,-0.598899036161506
149.27,4.9758,5.9754,0.123202980344087,-0.5990782950426
149.28,4.9762,5.9772,0.123058203885533,-0.599561307949024
149.29,4.9765,5.9815,0.122940667637801,-0.599953419150923
149.3,4.9769,5.9836,0.122875202605035,-0.600171808030884
149.31,4.9772,5.9825,0.122760412511648,-0.600554729299838
149.32,4.9775,5.9819,0.122665787488598,-0.600870369587934
149.33,4.9778,5.9829,0.122517268050062,-0.601365760552535
149.34,4.9782,5.985,0.122434287200603,-0.601642532484783
149.35,4.9785,5.984,0.1222712696549,-0.602186229083929
149.36,4.9789,5.9812,0.122191666817921,-0.602451707495104
149.37,4.9791,5.98,0.12211171862151,-0.602718328971568
149.38,4.9795,5.9814,0.122032798930024,-0.602981511886445
149.39,4.9798,5.9829,0.121960754386001,-0.603221759991112
149.4,4.9802,5.9836,0.121887227976901,-0.60346694237832
149.41,4.9805,5.9846,0.121824402089034,-0.603676436773531
149.42,4.9808,5.9846,0.121761349982539,-0.603886680074805
149.43,4.9811,5.9829,0.121700476165027,-0.604089654851448
149.44,4.9815,5.983,0.121635965939687,-0.604304749165774
149.45,4.9818,5.9858,0.121573817196595,-0.604511964287729
149.46,4.9822,5.9896,0.121509193592295,-0.604727425444339
149.47,4.9824,5.9884,0.121437310515884,-0.604967083655653
149.48,4.9827,5.9849,0.121356984487357,-0.605234882318053
149.49,4.9829,5.983,0.121284997979233,-0.605474870390261
149.5,4.9832,5.9849,0.121218840121705,-0.605695420706395
149.51,4.9835,5.9875,0.121158477434744,-0.605896646455685
149.52,4.9838,5.9888,0.121096842805754,-0.606102107227897
149.53,4.9842,5.9888,0.121056589033249,-0.606236291510375
149.54,4.9845,5.9876,0.12101535664112,-0.606373735685254
149.55,4.9849,5.9873,0.120980109380686,-0.60649122716314
149.56,4.9851,5.9877,0.120914907221011,-0.606708564348804
149.57,4.9856,5.9885,0.120866336128101,-0.606870461723599
149.58,4.986,5.9892,0.120811888545695,-0.607051942806483
149.59,4.9863,5.9889,0.120767374458376,-0.607200311210809
149.6,4.9867,5.989,0.12070507880056,-0.607407942223295
149.61,4.987,5.9898,0.120651019820164,-0.607588116148224
149.62,4.9874,5.991,0.120608947332556,-0.607728337362597
149.63,4.9876,5.9922,0.120562032325092,-0.607884695108948
149.64,4.988,5.9904,0.120522098519339,-0.608017783625248
149.65,4.9882,5.9883,0.120490577003265,-0.608122834729026
149.66,4.9884,5.9883,0.120453013454986,-0.608248020215981
149.67,4.9888,5.9895,0.120408089618794,-0.608397732303872
149.68,4.9891,5.9914,0.120397500336868,-0.608433021486744
149.69,4.9895,5.9932,0.120365233213802,-0.608540551951401
149.7,4.9899,5.9955,0.120363953840117,-0.60854481544588
149.71,4.9902,5.9952,0.120312410117205,-0.608716582304736
149.72,4.9906,5.9929,0.120328205284614,-0.608663946091023
149.73,4.9909,5.993,0.120301149836547,-0.608754106139569
149.74,4.9913,5.9952,0.120277586103627,-0.608832629520901
149.75,4.9916,5.9976,0.120265798308402,-0.608871910683906
149.76,4.992,5.9962,0.120245684605751,-0.6089389363195
149.77,4.9923,5.9936,0.120251958822071,-0.608918028575596
149.78,4.9927,5.9948,0.120243963275255,-0.608944672347139
149.79,4.993,5.9965,0.120204247248773,-0.609077017815727
149.8,4.9934,5.9965,0.120201257120347,-0.609086981714925
149.81,4.9936,5.9941,0.120223672366799,-0.609012287884631
149.82,4.9939,5.9928,0.120228048259089,-0.608997706115418
149.83,4.9942,5.9932,0.120197390154576,-0.609099867450087
149.84,4.9945,5.9936,0.120188250892789,-0.609130321764936
149.85,4.9948,5.9949,0.120194472807043,-0.609109588796913
149.86,4.9952,5.997,0.12013147103199,-0.609319523960846
149.87,4.9955,5.9988,0.12013301072896,-0.609314393431359
149.88,4.9959,5.9988,0.120143110785708,-0.609280738261819
149.89,4.9962,5.9976,0.120151078187774,-0.609254189375331
149.9,4.9967,5.9972,0.120124264664216,-0.609343536748304
149.91,4.9971,5.9977,0.12015098236933,-0.609254508660977
149.92,4.9974,5.9976,0.120112736329611,-0.609381950883486
149.93,4.9979,5.9964,0.120129051257822,-0.60932758704916
149.94,4.9982,5.9966,0.120045119382116,-0.609607257011744
149.95,4.9986,5.9987,0.120051198638273,-0.609587000604943
149.96,4.9989,5.9999,0.120064068250745,-0.60954411820105
149.97,4.9992,6.0002,0.12002808383482,-0.609664020097997
149.98,4.9995,6.0012,0.120040082961831,-0.609624038595397
149.99,4.9999,6.0015,0.120031370039276,-0.609653070371632
149.992,5,6.0012,0.120008239491605,-0.609730141698507
