LabVIEW Measurement	
Writer_Version	2
Reader_Version	2
Separator	Tab
Decimal_Separator	,
Multi_Headings	No
X_Columns	One
Time_Pref	Absolute
Operator	lpdan
Date	2026/05/26
Time	11:15:41,7665457833529786726
***End_of_Header***	
	
Channels	1	
Samples	100	
Date	2026/05/26	
Time	11:15:41,7665457833529786726	
Y_Unit_Label	Volts	
X_Dimension	Time	
X0	0,0000000000000000E+0	
Delta_X	0,010000	
***End_of_Header***		
X_Value	Voltage	Comment
0,000000	0,241643
0,010000	0,235269
0,020000	0,253115
0,030000	0,237819
0,040000	0,246104
0,050000	0,235907
0,060000	0,242280
0,070000	0,253115
0,080000	0,239093
0,090000	0,243555
0,100000	0,241643
0,110000	0,235907
0,120000	0,215511
0,130000	0,236544
0,140000	0,234632
0,150000	0,237181
0,160000	0,228896
0,170000	0,248016
0,180000	0,234632
0,190000	0,232082
0,200000	0,242918
0,210000	0,248016
0,220000	0,238456
0,230000	0,237181
0,240000	0,241005
0,250000	0,242280
0,260000	0,244192
0,270000	0,233994
0,280000	0,241643
0,290000	0,235907
0,300000	0,240368
0,310000	0,239093
0,320000	0,241005
0,330000	0,240368
0,340000	0,237819
0,350000	0,238456
0,360000	0,234632
0,370000	0,239731
0,380000	0,239731
0,390000	0,237181
0,400000	0,239731
0,410000	0,240368
0,420000	0,240368
0,430000	0,244830
0,440000	0,240368
0,450000	0,235907
0,460000	0,231445
0,470000	0,231445
0,480000	0,240368
0,490000	0,231445
0,500000	0,238456
0,510000	0,233994
0,520000	0,234632
0,530000	0,235269
0,540000	0,244192
0,550000	0,242280
0,560000	0,234632
0,570000	0,240368
0,580000	0,243555
0,590000	0,232082
0,600000	0,235907
0,610000	0,232082
0,620000	0,237819
0,630000	0,249291
0,640000	0,232720
0,650000	0,237181
0,660000	0,233994
0,670000	0,248016
0,680000	0,237819
0,690000	0,237181
0,700000	0,237181
0,710000	0,247379
0,720000	0,237819
0,730000	0,233357
0,740000	0,235269
0,750000	0,232082
0,760000	0,234632
0,770000	0,236544
0,780000	0,235269
0,790000	0,234632
0,800000	0,229533
0,810000	0,245467
0,820000	0,237819
0,830000	0,233994
0,840000	0,241005
0,850000	0,236544
0,860000	0,244830
0,870000	0,232082
0,880000	0,237181
0,890000	0,230170
0,900000	0,240368
0,910000	0,226983
0,920000	0,247379
0,930000	0,236544
0,940000	0,232082
0,950000	0,233357
0,960000	0,234632
0,970000	0,243555
0,980000	0,237819
0,990000	0,239731
1,000000	0,239731
1,010000	0,239731
1,020000	0,233994
1,030000	0,235907
1,040000	0,235269
1,050000	0,237181
1,060000	0,236544
1,070000	0,234632
1,080000	0,238456
1,090000	0,238456
1,100000	0,238456
1,110000	0,234632
1,120000	0,241005
1,130000	0,235269
1,140000	0,239731
1,150000	0,236544
1,160000	0,238456
1,170000	0,230170
1,180000	0,235907
1,190000	0,241643
1,200000	0,232720
1,210000	0,229533
1,220000	0,235269
1,230000	0,237819
1,240000	0,235907
1,250000	0,235907
1,260000	0,236544
1,270000	0,235269
1,280000	0,239731
1,290000	0,234632
1,300000	0,233357
1,310000	0,239731
1,320000	0,231445
1,330000	0,233994
1,340000	0,239731
1,350000	0,231445
1,360000	0,242280
1,370000	0,232082
1,380000	0,235269
1,390000	0,231445
1,400000	0,228896
1,410000	0,238456
1,420000	0,237819
1,430000	0,243555
1,440000	0,225071
1,450000	0,229533
1,460000	0,242280
1,470000	0,230808
1,480000	0,237819
1,490000	0,236544
1,500000	0,247379
1,510000	0,225709
1,520000	0,236544
1,530000	0,232720
1,540000	0,241643
1,550000	0,232082
1,560000	0,241643
1,570000	0,241643
1,580000	0,241643
1,590000	0,233994
1,600000	0,236544
1,610000	0,244192
1,620000	0,237819
1,630000	0,236544
1,640000	0,242280
1,650000	0,237181
1,660000	0,244830
1,670000	0,228896
1,680000	0,244830
1,690000	0,247379
1,700000	0,248016
1,710000	0,247379
1,720000	0,244830
1,730000	0,238456
1,740000	0,239093
1,750000	0,242280
1,760000	0,248654
1,770000	0,245467
1,780000	0,237181
1,790000	0,247379
1,800000	0,245467
1,810000	0,238456
1,820000	0,248654
1,830000	0,239731
1,840000	0,248016
1,850000	0,237181
1,860000	0,234632
1,870000	0,243555
1,880000	0,252478
1,890000	0,241005
1,900000	0,255665
1,910000	0,245467
1,920000	0,242280
1,930000	0,237181
1,940000	0,249929
1,950000	0,235269
1,960000	0,256302
1,970000	0,219335
1,980000	0,228258
1,990000	0,230170
2,000000	0,229533
2,010000	0,236544
2,020000	0,235269
2,030000	0,250566
2,040000	0,252478
2,050000	0,242918
2,060000	0,237819
2,070000	0,234632
2,080000	0,253753
2,090000	0,249929
2,100000	0,244830
2,110000	0,249929
2,120000	0,256302
2,130000	0,238456
2,140000	0,241643
2,150000	0,237819
2,160000	0,218698
2,170000	0,245467
2,180000	0,242918
2,190000	0,236544
2,200000	0,268412
2,210000	0,219335
2,220000	0,259489
2,230000	0,233994
2,240000	0,234632
2,250000	0,264588
2,260000	0,273511
2,270000	0,283709
2,280000	0,234632
2,290000	0,231445
2,300000	0,228896
2,310000	0,209137
2,320000	0,230808
2,330000	0,236544
2,340000	0,239731
2,350000	0,224434
2,360000	0,267137
2,370000	0,215511
2,380000	0,237181
2,390000	0,229533
2,400000	0,230170
2,410000	0,341072
2,420000	0,235269
2,430000	0,226983
2,440000	0,230808
2,450000	0,233357
2,460000	0,191291
2,470000	0,233357
2,480000	0,232082
2,490000	0,229533
2,500000	0,234632
2,510000	0,209137
2,520000	0,233994
2,530000	0,229533
2,540000	0,235269
2,550000	0,233994
2,560000	0,242280
2,570000	0,232720
2,580000	0,239093
2,590000	0,241643
2,600000	0,232082
2,610000	0,243555
2,620000	0,239731
2,630000	0,241643
2,640000	0,239731
2,650000	0,232082
2,660000	0,242918
2,670000	0,230808
2,680000	0,232082
2,690000	0,234632
2,700000	0,237819
2,710000	0,234632
2,720000	0,241005
2,730000	0,246742
2,740000	0,241005
2,750000	0,232082
2,760000	0,251841
2,770000	0,247379
2,780000	0,238456
2,790000	0,222522
2,800000	0,242918
2,810000	0,228896
2,820000	0,247379
2,830000	0,248654
2,840000	0,252478
2,850000	0,239093
2,860000	0,239731
2,870000	0,211687
2,880000	0,250566
2,890000	0,248654
2,900000	0,236544
2,910000	0,238456
2,920000	0,210412
2,930000	0,253753
2,940000	0,264588
2,950000	0,247379
2,960000	0,211049
2,970000	0,241005
2,980000	0,230808
2,990000	0,226346
3,000000	0,221884
3,010000	0,219335
3,020000	0,234632
3,030000	0,206588
3,040000	0,242918
3,050000	0,256302
3,060000	0,253753
3,070000	0,167708
3,080000	0,192566
3,090000	0,265225
3,100000	0,265225
3,110000	0,246104
3,120000	0,276061
3,130000	0,197665
3,140000	0,202126
3,150000	0,251203
3,160000	0,276698
3,170000	0,291357
3,180000	0,295182
3,190000	0,270324
3,200000	0,258852
3,210000	0,162609
3,220000	0,232082
3,230000	0,166434
3,240000	0,237181
3,250000	0,225709
3,260000	0,246742
3,270000	0,259489
3,280000	0,226983
3,290000	0,251203
3,300000	0,254390
3,310000	0,259489
3,320000	0,270324
3,330000	0,283072
3,340000	0,265863
3,350000	0,237181
3,360000	0,242280
3,370000	0,234632
3,380000	0,216786
3,390000	0,237819
3,400000	0,201489
3,410000	0,243555
3,420000	0,237819
3,430000	0,242280
3,440000	0,245467
3,450000	0,237181
3,460000	0,226346
3,470000	0,255028
3,480000	0,237181
3,490000	0,244192
3,500000	0,234632
3,510000	0,244192
3,520000	0,240368
3,530000	0,226346
3,540000	0,240368
3,550000	0,243555
3,560000	0,233994
3,570000	0,231445
3,580000	0,236544
3,590000	0,239731
3,600000	0,241643
3,610000	0,233994
3,620000	0,248016
3,630000	0,225709
3,640000	0,239093
3,650000	0,224434
3,660000	0,258852
3,670000	0,232720
3,680000	0,232082
3,690000	0,217423
3,700000	0,255028
3,710000	0,211687
3,720000	0,234632
3,730000	0,260764
3,740000	0,232720
3,750000	0,206588
3,760000	0,256302
3,770000	0,234632
3,780000	0,231445
3,790000	0,250566
3,800000	0,237181
3,810000	0,197027
3,820000	0,251203
3,830000	0,250566
3,840000	0,212961
3,850000	0,258214
3,860000	0,278610
3,870000	0,267775
3,880000	0,283709
3,890000	0,230170
3,900000	0,201489
3,910000	0,190654
3,920000	0,254390
3,930000	0,249291
3,940000	0,297094
3,950000	0,300918
3,960000	0,272236
3,970000	0,214873
3,980000	0,217423
3,990000	0,241643
4,000000	0,224434
4,010000	0,220610
4,020000	0,228258
4,030000	0,232082
4,040000	0,213599
4,050000	0,174719
4,060000	0,219335
4,070000	0,233357
4,080000	0,224434
4,090000	0,232082
4,100000	0,338522
4,110000	0,248016
4,120000	0,231445
4,130000	0,237181
4,140000	0,221884
4,150000	0,228258
4,160000	0,218698
4,170000	0,225709
4,180000	0,232720
4,190000	0,214873
4,200000	0,178544
4,210000	0,224434
4,220000	0,231445
4,230000	0,236544
4,240000	0,234632
4,250000	0,217423
4,260000	0,235269
4,270000	0,227621
4,280000	0,242918
4,290000	0,210412
4,300000	0,241005
4,310000	0,237181
4,320000	0,218060
4,330000	0,235269
4,340000	0,276698
4,350000	0,234632
4,360000	0,263313
4,370000	0,234632
4,380000	0,260126
4,390000	0,216148
4,400000	0,229533
4,410000	0,260764
4,420000	0,237819
4,430000	0,201489
4,440000	0,237181
4,450000	0,277973
4,460000	0,249929
4,470000	0,311753
4,480000	0,268412
4,490000	0,289445
4,500000	0,239093
4,510000	0,240368
4,520000	0,301555
4,530000	0,248654
4,540000	0,211687
4,550000	0,216148
4,560000	0,226983
4,570000	0,207862
4,580000	0,215511
4,590000	0,239731
4,600000	0,200214
4,610000	0,196390
4,620000	0,267137
4,630000	0,238456
4,640000	0,272874
4,650000	0,251203
4,660000	0,241005
4,670000	0,235269
4,680000	0,225709
4,690000	0,244192
4,700000	0,237181
4,710000	0,228896
4,720000	0,234632
4,730000	0,255028
4,740000	0,196390
4,750000	0,249929
4,760000	0,216148
4,770000	0,262039
4,780000	0,194478
4,790000	0,242280
4,800000	0,260764
4,810000	0,172807
4,820000	0,198302
4,830000	0,226346
4,840000	0,239093
4,850000	0,234632
4,860000	0,208500
4,870000	0,249291
4,880000	0,257577
4,890000	0,236544
4,900000	0,234632
4,910000	0,268412
4,920000	0,284346
4,930000	0,236544
4,940000	0,238456
4,950000	0,239093
4,960000	0,251203
4,970000	0,120543
4,980000	0,210412
4,990000	0,237819
5,000000	0,239093
5,010000	0,248654
5,020000	0,244830
5,030000	0,267775
5,040000	0,235269
5,050000	0,241643
5,060000	0,242280
5,070000	0,270324
5,080000	0,242280
5,090000	0,237181
5,100000	0,223797
5,110000	0,239731
5,120000	0,232082
5,130000	0,229533
5,140000	0,241005
5,150000	0,243555
5,160000	0,233357
5,170000	0,240368
5,180000	0,235269
5,190000	0,237181
5,200000	0,240368
5,210000	0,230170
5,220000	0,224434
5,230000	0,243555
5,240000	0,239731
5,250000	0,241005
5,260000	0,230170
5,270000	0,229533
5,280000	0,251841
5,290000	0,246104
5,300000	0,217423
5,310000	0,226983
5,320000	0,237181
5,330000	0,231445
5,340000	0,235907
5,350000	0,228896
5,360000	0,226346
5,370000	0,233357
5,380000	0,223159
5,390000	0,242918
5,400000	0,230170
5,410000	0,226983
5,420000	0,244192
5,430000	0,233357
5,440000	0,236544
5,450000	0,241643
5,460000	0,255028
5,470000	0,243555
5,480000	0,214873
5,490000	0,207862
5,500000	0,236544
5,510000	0,229533
5,520000	0,247379
5,530000	0,239731
5,540000	0,244830
5,550000	0,230808
5,560000	0,269050
5,570000	0,249291
5,580000	0,247379
5,590000	0,204038
5,600000	0,254390
5,610000	0,287533
5,620000	0,224434
5,630000	0,195115
5,640000	0,244830
5,650000	0,232082
5,660000	0,214236
5,670000	0,209137
5,680000	0,278610
5,690000	0,237819
5,700000	0,234632
5,710000	0,175357
5,720000	0,211049
5,730000	0,267775
5,740000	0,268412
5,750000	0,249291
5,760000	0,221884
5,770000	0,204038
5,780000	0,160697
5,790000	0,193203
5,800000	0,175357
5,810000	0,218698
5,820000	0,227621
5,830000	0,320039
5,840000	0,279247
5,850000	0,237819
5,860000	0,243555
5,870000	0,249291
5,880000	0,243555
5,890000	0,245467
5,900000	0,250566
5,910000	0,236544
5,920000	0,228896
5,930000	0,190654
5,940000	0,221884
5,950000	0,244830
5,960000	0,249929
5,970000	0,237819
5,980000	0,233994
5,990000	0,235269
6,000000	0,229533
6,010000	0,234632
6,020000	0,234632
6,030000	0,231445
6,040000	0,237819
6,050000	0,243555
6,060000	0,241643
6,070000	0,246104
6,080000	0,255665
6,090000	0,232082
6,100000	0,232082
6,110000	0,236544
6,120000	0,246742
6,130000	0,250566
6,140000	0,259489
6,150000	0,249291
6,160000	0,250566
6,170000	0,243555
6,180000	0,232720
6,190000	0,243555
6,200000	0,246104
6,210000	0,242280
6,220000	0,253753
6,230000	0,243555
6,240000	0,236544
6,250000	0,219972
6,260000	0,261401
6,270000	0,248654
6,280000	0,235907
6,290000	0,244830
6,300000	0,256940
6,310000	0,232082
6,320000	0,233994
6,330000	0,236544
6,340000	0,258852
6,350000	0,249929
6,360000	0,237181
6,370000	0,252478
6,380000	0,234632
6,390000	0,277335
6,400000	0,224434
6,410000	0,239731
6,420000	0,207862
6,430000	0,243555
6,440000	0,276698
6,450000	0,275423
6,460000	0,228258
6,470000	0,218060
6,480000	0,224434
6,490000	0,258214
6,500000	0,191928
6,510000	0,258214
6,520000	0,255665
6,530000	0,240368
6,540000	0,181093
6,550000	0,276698
6,560000	0,245467
6,570000	0,237819
6,580000	0,247379
6,590000	0,272874
6,600000	0,174082
6,610000	0,229533
6,620000	0,244830
6,630000	0,241643
6,640000	0,256940
6,650000	0,228896
6,660000	0,230170
6,670000	0,243555
6,680000	0,226346
6,690000	0,132653
6,700000	0,221884
6,710000	0,238456
6,720000	0,238456
6,730000	0,232082
6,740000	0,175357
6,750000	0,235907
6,760000	0,243555
6,770000	0,244830
6,780000	0,244830
6,790000	0,295819
6,800000	0,242918
6,810000	0,249291
6,820000	0,239731
6,830000	0,223159
6,840000	0,232720
6,850000	0,227621
6,860000	0,238456
6,870000	0,225071
6,880000	0,257577
6,890000	0,239731
6,900000	0,254390
6,910000	0,232082
6,920000	0,243555
6,930000	0,255028
6,940000	0,246104
6,950000	0,223159
6,960000	0,236544
6,970000	0,212961
6,980000	0,232720
6,990000	0,208500
7,000000	0,209775
7,010000	0,225709
7,020000	0,269050
7,030000	0,246104
7,040000	0,270324
7,050000	0,216786
7,060000	0,253115
7,070000	0,262676
7,080000	0,219335
7,090000	0,241643
7,100000	0,246104
7,110000	0,269050
7,120000	0,228896
7,130000	0,200851
7,140000	0,233357
7,150000	0,231445
7,160000	0,228258
7,170000	0,230808
7,180000	0,253753
7,190000	0,242918
7,200000	0,214236
7,210000	0,219972
7,220000	0,242918
7,230000	0,239093
7,240000	0,233994
7,250000	0,228258
7,260000	0,241643
7,270000	0,267137
7,280000	0,260764
7,290000	0,254390
7,300000	0,242280
7,310000	0,213599
7,320000	0,250566
7,330000	0,267137
7,340000	0,235269
7,350000	0,275423
7,360000	0,262039
7,370000	0,216786
7,380000	0,225709
7,390000	0,232082
7,400000	0,251841
7,410000	0,235269
7,420000	0,234632
7,430000	0,223159
7,440000	0,242280
7,450000	0,191928
7,460000	0,224434
7,470000	0,246104
7,480000	0,235907
7,490000	0,247379
7,500000	0,280522
7,510000	0,314940
7,520000	0,229533
7,530000	0,235269
7,540000	0,241005
7,550000	0,321314
7,560000	0,201489
7,570000	0,232082
7,580000	0,241643
7,590000	0,230808
7,600000	0,200851
7,610000	0,233357
7,620000	0,224434
7,630000	0,237819
7,640000	0,240368
7,650000	0,214873
7,660000	0,234632
7,670000	0,236544
7,680000	0,241005
7,690000	0,232082
7,700000	0,234632
7,710000	0,235907
7,720000	0,242918
7,730000	0,239093
7,740000	0,242280
7,750000	0,242280
7,760000	0,239093
7,770000	0,239731
7,780000	0,238456
7,790000	0,247379
7,800000	0,244830
7,810000	0,238456
7,820000	0,243555
7,830000	0,240368
7,840000	0,246742
7,850000	0,241005
7,860000	0,235269
7,870000	0,235907
7,880000	0,234632
7,890000	0,233994
7,900000	0,249291
7,910000	0,243555
7,920000	0,233994
7,930000	0,237181
7,940000	0,235907
7,950000	0,239093
7,960000	0,241643
7,970000	0,250566
7,980000	0,247379
7,990000	0,239093
8,000000	0,248654
8,010000	0,239731
8,020000	0,241643
8,030000	0,235907
8,040000	0,237181
8,050000	0,231445
8,060000	0,237181
8,070000	0,249929
8,080000	0,246104
8,090000	0,231445
8,100000	0,226983
8,110000	0,226983
8,120000	0,228258
8,130000	0,233994
8,140000	0,231445
8,150000	0,239093
8,160000	0,238456
8,170000	0,237819
8,180000	0,233357
8,190000	0,236544
8,200000	0,234632
8,210000	0,228258
8,220000	0,234632
8,230000	0,228896
8,240000	0,233994
8,250000	0,240368
8,260000	0,221247
8,270000	0,228896
8,280000	0,242918
8,290000	0,230808
8,300000	0,248016
8,310000	0,236544
8,320000	0,237819
8,330000	0,232082
8,340000	0,240368
8,350000	0,236544
8,360000	0,232082
8,370000	0,249291
8,380000	0,237181
8,390000	0,242280
8,400000	0,240368
8,410000	0,242918
8,420000	0,237819
8,430000	0,239731
8,440000	0,238456
8,450000	0,241643
8,460000	0,244830
8,470000	0,245467
8,480000	0,239731
8,490000	0,239093
8,500000	0,238456
8,510000	0,241643
8,520000	0,236544
8,530000	0,237181
8,540000	0,237181
8,550000	0,241643
8,560000	0,229533
8,570000	0,239731
8,580000	0,233994
8,590000	0,242280
8,600000	0,235907
8,610000	0,246742
8,620000	0,230808
8,630000	0,235907
8,640000	0,239731
8,650000	0,247379
8,660000	0,239731
8,670000	0,245467
8,680000	0,231445
8,690000	0,239731
8,700000	0,242280
8,710000	0,241643
8,720000	0,231445
8,730000	0,237181
8,740000	0,237819
8,750000	0,235269
8,760000	0,239093
8,770000	0,232720
8,780000	0,240368
8,790000	0,233357
8,800000	0,237181
8,810000	0,241643
8,820000	0,235269
8,830000	0,241643
8,840000	0,238456
8,850000	0,239093
8,860000	0,236544
8,870000	0,232720
8,880000	0,230170
8,890000	0,230170
8,900000	0,237181
8,910000	0,235907
8,920000	0,239731
8,930000	0,237181
8,940000	0,234632
8,950000	0,226983
8,960000	0,244830
8,970000	0,237181
8,980000	0,229533
8,990000	0,239093
9,000000	0,239093
9,010000	0,236544
9,020000	0,236544
9,030000	0,236544
9,040000	0,233357
9,050000	0,236544
9,060000	0,238456
9,070000	0,237181
9,080000	0,237819
9,090000	0,238456
9,100000	0,234632
9,110000	0,235907
9,120000	0,234632
9,130000	0,235269
9,140000	0,235907
9,150000	0,231445
9,160000	0,237181
9,170000	0,237819
9,180000	0,232082
9,190000	0,237181
9,200000	0,243555
9,210000	0,235907
9,220000	0,237181
9,230000	0,233994
9,240000	0,238456
9,250000	0,230170
9,260000	0,239093
9,270000	0,233994
9,280000	0,232082
9,290000	0,236544
9,300000	0,233357
9,310000	0,232082
9,320000	0,239093
9,330000	0,228258
9,340000	0,242280
9,350000	0,236544
9,360000	0,235907
9,370000	0,236544
9,380000	0,230808
9,390000	0,235269
9,400000	0,235269
9,410000	0,236544
9,420000	0,235269
9,430000	0,235907
9,440000	0,228258
9,450000	0,239731
9,460000	0,235907
9,470000	0,232082
9,480000	0,233994
9,490000	0,242280
9,500000	0,235269
9,510000	0,235907
9,520000	0,233994
9,530000	0,241005
9,540000	0,239093
9,550000	0,234632
9,560000	0,240368
9,570000	0,235907
9,580000	0,239093
9,590000	0,236544
9,600000	0,236544
9,610000	0,234632
9,620000	0,240368
9,630000	0,230170
9,640000	0,237181
9,650000	0,235907
9,660000	0,242918
9,670000	0,244192
9,680000	0,235907
9,690000	0,236544
9,700000	0,242918
9,710000	0,242280
9,720000	0,242280
9,730000	0,228258
9,740000	0,238456
9,750000	0,236544
9,760000	0,233357
9,770000	0,241643
9,780000	0,233994
9,790000	0,242918
9,800000	0,237181
9,810000	0,240368
9,820000	0,233994
9,830000	0,237819
9,840000	0,234632
9,850000	0,239731
9,860000	0,237181
9,870000	0,239731
9,880000	0,233357
9,890000	0,233994
9,900000	0,230170
9,910000	0,244830
9,920000	0,238456
9,930000	0,236544
9,940000	0,236544
9,950000	0,241005
9,960000	0,239731
9,970000	0,241005
9,980000	0,238456
9,990000	0,232082
10,000000	0,230170
10,010000	0,239093
10,020000	0,234632
10,030000	0,241005
10,040000	0,238456
10,050000	0,238456
10,060000	0,237819
10,070000	0,253115
10,080000	0,237819
10,090000	0,244830
10,100000	0,233994
10,110000	0,248016
10,120000	0,240368
10,130000	0,242280
10,140000	0,236544
10,150000	0,240368
10,160000	0,230808
10,170000	0,240368
10,180000	0,237181
10,190000	0,250566
10,200000	0,240368
10,210000	0,241643
10,220000	0,233357
10,230000	0,245467
10,240000	0,231445
10,250000	0,242918
10,260000	0,238456
10,270000	0,244830
10,280000	0,236544
10,290000	0,242918
10,300000	0,239731
10,310000	0,240368
10,320000	0,240368
10,330000	0,246104
10,340000	0,237819
10,350000	0,239093
10,360000	0,241643
10,370000	0,242280
10,380000	0,244830
10,390000	0,234632
10,400000	0,235907
10,410000	0,244830
10,420000	0,244192
10,430000	0,237181
10,440000	0,246104
10,450000	0,245467
10,460000	0,244192
10,470000	0,234632
10,480000	0,235907
10,490000	0,237819
10,500000	0,240368
10,510000	0,242280
10,520000	0,239731
10,530000	0,237819
10,540000	0,240368
10,550000	0,237181
10,560000	0,240368
10,570000	0,237819
10,580000	0,235907
10,590000	0,237819
10,600000	0,237181
10,610000	0,237819
10,620000	0,239731
10,630000	0,244830
10,640000	0,237181
10,650000	0,240368
10,660000	0,233357
10,670000	0,235269
10,680000	0,233357
10,690000	0,231445
10,700000	0,245467
10,710000	0,239731
10,720000	0,228258
10,730000	0,240368
10,740000	0,233994
10,750000	0,232720
10,760000	0,234632
10,770000	0,233357
10,780000	0,248654
10,790000	0,244830
10,800000	0,243555
10,810000	0,237819
10,820000	0,238456
10,830000	0,234632
10,840000	0,244192
10,850000	0,233994
10,860000	0,248016
10,870000	0,239731
10,880000	0,238456
10,890000	0,237819
10,900000	0,228896
10,910000	0,237819
10,920000	0,241643
10,930000	0,232082
10,940000	0,230170
10,950000	0,230170
10,960000	0,242280
10,970000	0,244830
10,980000	0,237819
10,990000	0,235907
11,000000	0,237819
11,010000	0,234632
11,020000	0,239731
11,030000	0,234632
11,040000	0,240368
11,050000	0,235907
11,060000	0,242280
11,070000	0,241643
11,080000	0,241643
11,090000	0,241005
11,100000	0,239093
11,110000	0,238456
11,120000	0,228896
11,130000	0,237181
11,140000	0,230808
11,150000	0,233357
11,160000	0,237181
11,170000	0,236544
11,180000	0,235907
11,190000	0,239731
11,200000	0,240368
11,210000	0,239093
11,220000	0,238456
11,230000	0,241005
11,240000	0,235907
11,250000	0,241005
11,260000	0,229533
11,270000	0,237819
11,280000	0,233994
11,290000	0,239093
11,300000	0,232720
11,310000	0,237819
11,320000	0,237819
11,330000	0,237819
11,340000	0,233994
11,350000	0,241643
11,360000	0,224434
11,370000	0,238456
11,380000	0,236544
11,390000	0,238456
11,400000	0,232082
11,410000	0,241643
11,420000	0,228258
11,430000	0,235269
11,440000	0,239093
11,450000	0,233994
11,460000	0,239731
11,470000	0,236544
11,480000	0,232082
11,490000	0,239731
11,500000	0,239093
11,510000	0,236544
11,520000	0,235269
11,530000	0,245467
11,540000	0,239093
11,550000	0,241643
11,560000	0,234632
11,570000	0,248016
11,580000	0,244192
11,590000	0,239093
11,600000	0,237181
11,610000	0,235269
11,620000	0,240368
11,630000	0,242280
11,640000	0,239093
11,650000	0,245467
11,660000	0,229533
11,670000	0,232720
11,680000	0,241643
11,690000	0,241643
11,700000	0,235907
11,710000	0,237181
11,720000	0,247379
11,730000	0,238456
11,740000	0,244830
11,750000	0,235907
11,760000	0,238456
11,770000	0,237181
11,780000	0,234632
11,790000	0,225071
11,800000	0,226983
11,810000	0,241643
11,820000	0,241005
11,830000	0,241643
11,840000	0,240368
11,850000	0,234632
11,860000	0,245467
11,870000	0,248654
11,880000	0,229533
11,890000	0,236544
11,900000	0,241643
11,910000	0,241643
11,920000	0,237819
11,930000	0,237181
11,940000	0,237819
11,950000	0,242918
11,960000	0,232082
11,970000	0,231445
11,980000	0,233357
11,990000	0,235269
12,000000	0,237819
12,010000	0,234632
12,020000	0,242280
12,030000	0,241643
12,040000	0,242918
12,050000	0,239093
12,060000	0,244830
12,070000	0,239093
12,080000	0,242918
12,090000	0,232720
12,100000	0,251841
12,110000	0,230808
12,120000	0,248654
12,130000	0,237181
12,140000	0,241643
12,150000	0,240368
12,160000	0,237819
12,170000	0,245467
12,180000	0,243555
12,190000	0,239731
12,200000	0,225709
12,210000	0,236544
12,220000	0,243555
12,230000	0,239093
12,240000	0,248654
12,250000	0,239731
12,260000	0,236544
12,270000	0,241643
12,280000	0,237181
12,290000	0,239731
12,300000	0,247379
12,310000	0,229533
12,320000	0,241643
12,330000	0,237181
12,340000	0,239093
12,350000	0,240368
12,360000	0,237181
12,370000	0,233357
12,380000	0,224434
12,390000	0,238456
12,400000	0,241643
12,410000	0,238456
12,420000	0,234632
12,430000	0,231445
12,440000	0,241643
12,450000	0,235269
12,460000	0,234632
12,470000	0,236544
12,480000	0,253753
12,490000	0,237819
12,500000	0,244192
12,510000	0,237819
12,520000	0,238456
12,530000	0,239093
12,540000	0,230808
12,550000	0,238456
12,560000	0,244830
12,570000	0,243555
12,580000	0,226346
12,590000	0,233357
12,600000	0,232720
12,610000	0,235269
12,620000	0,241643
12,630000	0,238456
12,640000	0,238456
12,650000	0,237819
12,660000	0,235269
12,670000	0,237181
12,680000	0,241643
12,690000	0,237181
12,700000	0,229533
12,710000	0,241643
12,720000	0,239731
12,730000	0,237181
12,740000	0,234632
12,750000	0,235269
12,760000	0,226346
12,770000	0,241005
12,780000	0,241643
12,790000	0,239731
12,800000	0,239731
12,810000	0,238456
12,820000	0,237819
12,830000	0,237819
12,840000	0,234632
12,850000	0,241643
12,860000	0,228258
12,870000	0,240368
12,880000	0,244192
12,890000	0,239731
12,900000	0,230808
12,910000	0,244192
12,920000	0,234632
12,930000	0,237819
12,940000	0,225709
12,950000	0,239731
12,960000	0,233357
12,970000	0,236544
12,980000	0,230170
12,990000	0,239731
13,000000	0,226983
13,010000	0,236544
13,020000	0,237819
13,030000	0,242280
13,040000	0,230808
13,050000	0,239093
13,060000	0,235269
13,070000	0,238456
13,080000	0,238456
13,090000	0,246104
13,100000	0,240368
13,110000	0,239093
13,120000	0,238456
13,130000	0,244192
13,140000	0,235907
13,150000	0,240368
13,160000	0,244830
13,170000	0,233994
13,180000	0,244192
13,190000	0,240368
13,200000	0,236544
13,210000	0,233357
13,220000	0,236544
13,230000	0,237181
13,240000	0,240368
13,250000	0,238456
13,260000	0,236544
13,270000	0,239731
13,280000	0,242280
13,290000	0,233357
13,300000	0,234632
13,310000	0,240368
13,320000	0,233994
13,330000	0,234632
13,340000	0,243555
13,350000	0,240368
13,360000	0,228258
13,370000	0,234632
13,380000	0,238456
13,390000	0,232082
13,400000	0,239731
13,410000	0,234632
13,420000	0,236544
13,430000	0,240368
13,440000	0,240368
13,450000	0,237181
13,460000	0,232082
13,470000	0,236544
13,480000	0,233994
13,490000	0,238456
13,500000	0,234632
13,510000	0,234632
13,520000	0,237181
13,530000	0,230170
13,540000	0,235907
13,550000	0,233357
13,560000	0,229533
13,570000	0,234632
13,580000	0,240368
13,590000	0,232082
13,600000	0,239731
13,610000	0,231445
13,620000	0,241643
13,630000	0,242280
13,640000	0,238456
13,650000	0,242918
13,660000	0,241643
13,670000	0,244192
13,680000	0,236544
13,690000	0,240368
13,700000	0,244192
13,710000	0,239093
13,720000	0,234632
13,730000	0,238456
13,740000	0,239731
13,750000	0,237181
13,760000	0,240368
13,770000	0,239093
13,780000	0,234632
13,790000	0,234632
13,800000	0,238456
13,810000	0,234632
13,820000	0,230170
13,830000	0,234632
13,840000	0,239731
13,850000	0,239731
13,860000	0,234632
13,870000	0,241005
13,880000	0,238456
13,890000	0,241005
13,900000	0,234632
13,910000	0,237181
13,920000	0,237819
13,930000	0,237181
13,940000	0,239731
13,950000	0,233994
13,960000	0,232720
13,970000	0,241005
13,980000	0,234632
13,990000	0,239731
14,000000	0,233994
14,010000	0,242280
14,020000	0,233994
14,030000	0,240368
14,040000	0,242280
14,050000	0,244830
14,060000	0,235269
14,070000	0,241643
14,080000	0,237181
14,090000	0,241005
14,100000	0,234632
14,110000	0,241005
14,120000	0,244192
14,130000	0,246104
14,140000	0,246742
14,150000	0,239731
14,160000	0,237819
14,170000	0,239731
14,180000	0,233994
14,190000	0,243555
14,200000	0,237181
14,210000	0,245467
14,220000	0,237181
14,230000	0,235907
14,240000	0,241643
14,250000	0,233994
14,260000	0,241643
14,270000	0,240368
14,280000	0,233994
14,290000	0,244830
14,300000	0,235907
14,310000	0,239731
14,320000	0,237181
14,330000	0,248654
14,340000	0,239093
14,350000	0,236544
14,360000	0,240368
14,370000	0,241643
14,380000	0,234632
14,390000	0,237181
14,400000	0,235269
14,410000	0,245467
14,420000	0,235269
14,430000	0,242280
14,440000	0,239731
14,450000	0,236544
14,460000	0,230808
14,470000	0,233994
14,480000	0,236544
14,490000	0,244192
14,500000	0,239731
14,510000	0,241005
14,520000	0,224434
14,530000	0,241005
14,540000	0,233357
14,550000	0,238456
14,560000	0,233994
14,570000	0,244830
14,580000	0,232082
14,590000	0,235269
14,600000	0,246742
14,610000	0,234632
14,620000	0,242280
14,630000	0,244830
14,640000	0,237181
14,650000	0,237819
14,660000	0,233357
14,670000	0,242280
14,680000	0,247379
14,690000	0,234632
14,700000	0,232082
14,710000	0,238456
14,720000	0,243555
14,730000	0,237181
14,740000	0,240368
14,750000	0,233357
14,760000	0,238456
14,770000	0,235907
14,780000	0,238456
14,790000	0,241005
14,800000	0,236544
14,810000	0,237819
14,820000	0,236544
14,830000	0,237181
14,840000	0,228896
14,850000	0,234632
14,860000	0,233994
14,870000	0,239093
14,880000	0,239731
14,890000	0,239731
14,900000	0,232720
14,910000	0,238456
14,920000	0,235907
14,930000	0,238456
14,940000	0,230170
14,950000	0,238456
14,960000	0,231445
14,970000	0,241005
14,980000	0,230808
14,990000	0,239093
15,000000	0,242280
15,010000	0,243555
15,020000	0,235907
15,030000	0,234632
15,040000	0,241643
15,050000	0,236544
15,060000	0,231445
15,070000	0,237181
15,080000	0,231445
15,090000	0,238456
15,100000	0,230808
15,110000	0,236544
15,120000	0,230808
15,130000	0,238456
15,140000	0,233357
15,150000	0,234632
15,160000	0,237819
15,170000	0,239731
15,180000	0,233994
15,190000	0,236544
15,200000	0,233357
15,210000	0,232082
15,220000	0,234632
15,230000	0,240368
15,240000	0,237181
15,250000	0,228896
15,260000	0,241643
15,270000	0,239093
15,280000	0,233357
15,290000	0,237819
15,300000	0,226983
15,310000	0,240368
15,320000	0,235907
15,330000	0,234632
15,340000	0,230170
15,350000	0,237819
15,360000	0,234632
15,370000	0,237181
15,380000	0,234632
15,390000	0,235907
15,400000	0,234632
15,410000	0,240368
15,420000	0,236544
15,430000	0,243555
15,440000	0,232082
15,450000	0,240368
15,460000	0,232720
15,470000	0,239731
15,480000	0,235907
15,490000	0,238456
15,500000	0,231445
15,510000	0,232082
15,520000	0,234632
15,530000	0,239093
15,540000	0,225709
15,550000	0,234632
15,560000	0,235907
15,570000	0,243555
15,580000	0,226983
15,590000	0,239731
15,600000	0,230170
15,610000	0,242918
15,620000	0,234632
15,630000	0,236544
15,640000	0,234632
15,650000	0,235269
15,660000	0,239093
15,670000	0,240368
15,680000	0,233357
15,690000	0,238456
15,700000	0,233357
15,710000	0,241643
15,720000	0,228258
15,730000	0,239093
15,740000	0,240368
15,750000	0,241643
15,760000	0,239731
15,770000	0,239731
15,780000	0,244192
15,790000	0,236544
15,800000	0,237181
15,810000	0,239731
15,820000	0,236544
15,830000	0,240368
15,840000	0,236544
15,850000	0,241005
15,860000	0,233357
15,870000	0,239731
15,880000	0,233994
15,890000	0,239731
15,900000	0,233357
15,910000	0,234632
15,920000	0,239731
15,930000	0,233994
15,940000	0,242918
15,950000	0,232720
15,960000	0,242280
15,970000	0,236544
15,980000	0,237819
15,990000	0,232720
16,000000	0,246104
16,010000	0,237181
16,020000	0,237819
16,030000	0,236544
16,040000	0,235269
16,050000	0,239731
16,060000	0,242280
16,070000	0,244830
16,080000	0,229533
16,090000	0,242280
16,100000	0,228896
16,110000	0,235269
16,120000	0,231445
16,130000	0,238456
16,140000	0,237181
16,150000	0,246742
16,160000	0,236544
16,170000	0,240368
16,180000	0,234632
16,190000	0,239731
16,200000	0,235269
16,210000	0,233994
16,220000	0,231445
16,230000	0,236544
16,240000	0,235907
16,250000	0,240368
16,260000	0,233357
16,270000	0,245467
16,280000	0,242280
16,290000	0,236544
16,300000	0,239093
16,310000	0,239731
16,320000	0,240368
16,330000	0,237181
16,340000	0,233994
16,350000	0,235269
16,360000	0,234632
16,370000	0,234632
16,380000	0,236544
16,390000	0,236544
16,400000	0,233357
16,410000	0,241005
16,420000	0,242918
16,430000	0,241643
16,440000	0,232720
16,450000	0,241005
16,460000	0,236544
16,470000	0,243555
16,480000	0,239731
16,490000	0,243555
16,500000	0,236544
16,510000	0,234632
16,520000	0,247379
16,530000	0,234632
16,540000	0,233357
16,550000	0,239731
16,560000	0,240368
16,570000	0,241643
16,580000	0,230808
16,590000	0,233994
16,600000	0,242280
16,610000	0,234632
16,620000	0,238456
16,630000	0,234632
16,640000	0,233357
16,650000	0,241643
16,660000	0,236544
16,670000	0,239731
16,680000	0,240368
16,690000	0,237819
16,700000	0,235269
16,710000	0,234632
16,720000	0,232082
16,730000	0,240368
16,740000	0,242918
16,750000	0,239731
16,760000	0,233994
16,770000	0,240368
16,780000	0,229533
16,790000	0,244192
16,800000	0,232720
16,810000	0,237181
16,820000	0,236544
16,830000	0,236544
16,840000	0,234632
16,850000	0,242280
16,860000	0,231445
16,870000	0,236544
16,880000	0,240368
16,890000	0,234632
16,900000	0,233994
16,910000	0,235907
16,920000	0,237819
16,930000	0,239731
16,940000	0,232082
16,950000	0,236544
16,960000	0,243555
16,970000	0,234632
16,980000	0,238456
16,990000	0,239731
17,000000	0,235907
17,010000	0,234632
17,020000	0,241005
17,030000	0,234632
17,040000	0,240368
17,050000	0,232082
17,060000	0,232082
17,070000	0,242918
17,080000	0,235907
17,090000	0,231445
17,100000	0,232720
17,110000	0,232720
17,120000	0,231445
17,130000	0,234632
17,140000	0,239093
17,150000	0,240368
17,160000	0,228896
17,170000	0,235269
17,180000	0,239731
17,190000	0,235907
17,200000	0,231445
17,210000	0,235907
17,220000	0,243555
17,230000	0,241643
17,240000	0,228896
17,250000	0,236544
17,260000	0,239093
17,270000	0,239731
17,280000	0,239731
17,290000	0,230170
17,300000	0,232720
17,310000	0,235269
17,320000	0,234632
17,330000	0,238456
17,340000	0,230170
17,350000	0,234632
17,360000	0,237819
17,370000	0,233357
17,380000	0,240368
17,390000	0,234632
17,400000	0,234632
17,410000	0,242280
17,420000	0,237819
17,430000	0,237819
17,440000	0,237819
17,450000	0,235269
17,460000	0,241005
17,470000	0,237181
17,480000	0,234632
17,490000	0,236544
17,500000	0,235907
17,510000	0,237819
17,520000	0,239093
17,530000	0,233357
17,540000	0,244830
17,550000	0,239093
17,560000	0,237181
17,570000	0,236544
17,580000	0,233994
17,590000	0,235269
17,600000	0,229533
17,610000	0,234632
17,620000	0,239093
17,630000	0,239093
17,640000	0,237819
17,650000	0,231445
17,660000	0,230808
17,670000	0,228258
17,680000	0,230808
17,690000	0,239731
17,700000	0,227621
17,710000	0,241005
17,720000	0,235907
17,730000	0,238456
17,740000	0,244192
17,750000	0,241005
17,760000	0,240368
17,770000	0,238456
17,780000	0,235269
17,790000	0,235907
17,800000	0,233994
17,810000	0,240368
17,820000	0,239731
17,830000	0,242280
17,840000	0,233994
17,850000	0,234632
17,860000	0,241005
17,870000	0,245467
17,880000	0,233357
17,890000	0,234632
17,900000	0,239731
17,910000	0,236544
17,920000	0,231445
17,930000	0,244830
17,940000	0,223159
17,950000	0,244830
17,960000	0,233357
17,970000	0,231445
17,980000	0,232720
17,990000	0,238456
18,000000	0,232720
18,010000	0,235907
18,020000	0,234632
18,030000	0,237181
18,040000	0,235907
18,050000	0,233357
18,060000	0,238456
18,070000	0,234632
18,080000	0,241005
18,090000	0,235269
18,100000	0,241643
18,110000	0,237819
18,120000	0,237819
18,130000	0,236544
18,140000	0,235269
18,150000	0,237819
18,160000	0,237181
18,170000	0,239731
18,180000	0,235907
18,190000	0,236544
18,200000	0,237181
18,210000	0,237819
18,220000	0,232720
18,230000	0,235269
18,240000	0,236544
18,250000	0,243555
18,260000	0,235907
18,270000	0,242280
18,280000	0,231445
18,290000	0,232082
18,300000	0,235269
18,310000	0,234632
18,320000	0,233994
18,330000	0,242280
18,340000	0,235269
18,350000	0,240368
18,360000	0,222522
18,370000	0,235907
18,380000	0,238456
18,390000	0,236544
18,400000	0,233357
18,410000	0,235907
18,420000	0,242918
18,430000	0,235269
18,440000	0,233357
18,450000	0,237181
18,460000	0,241005
18,470000	0,237181
18,480000	0,238456
18,490000	0,231445
18,500000	0,245467
18,510000	0,243555
18,520000	0,232082
18,530000	0,238456
18,540000	0,231445
18,550000	0,246104
18,560000	0,235269
18,570000	0,230170
18,580000	0,237819
18,590000	0,224434
18,600000	0,205950
18,610000	0,239731
18,620000	0,241005
18,630000	0,249291
18,640000	0,238456
18,650000	0,205313
18,660000	0,227621
18,670000	0,243555
18,680000	0,239093
18,690000	0,245467
18,700000	0,255028
18,710000	0,215511
18,720000	0,233994
18,730000	0,246742
18,740000	0,249291
18,750000	0,270324
18,760000	0,242280
18,770000	0,235907
18,780000	0,239731
18,790000	0,238456
18,800000	0,231445
18,810000	0,255665
18,820000	0,239093
18,830000	0,241643
18,840000	0,239731
18,850000	0,242280
18,860000	0,241005
18,870000	0,235269
18,880000	0,222522
18,890000	0,236544
18,900000	0,233994
18,910000	0,246104
18,920000	0,224434
18,930000	0,242280
18,940000	0,228258
18,950000	0,233357
18,960000	0,234632
18,970000	0,242280
18,980000	0,235907
18,990000	0,234632
19,000000	0,236544
19,010000	0,232720
19,020000	0,235269
19,030000	0,238456
19,040000	0,231445
19,050000	0,240368
19,060000	0,232720
19,070000	0,242280
19,080000	0,234632
19,090000	0,240368
19,100000	0,226983
19,110000	0,240368
19,120000	0,253115
19,130000	0,231445
19,140000	0,237181
19,150000	0,246104
19,160000	0,233994
19,170000	0,230808
19,180000	0,226346
19,190000	0,237181
19,200000	0,238456
19,210000	0,239731
19,220000	0,212324
19,230000	0,241005
19,240000	0,242918
19,250000	0,230808
19,260000	0,239731
19,270000	0,245467
19,280000	0,241643
19,290000	0,229533
19,300000	0,261401
19,310000	0,220610
19,320000	0,207862
19,330000	0,204676
19,340000	0,232082
19,350000	0,264588
19,360000	0,242280
19,370000	0,198939
19,380000	0,233357
19,390000	0,241643
19,400000	0,219972
19,410000	0,223159
19,420000	0,285621
19,430000	0,246104
19,440000	0,219972
19,450000	0,219972
19,460000	0,226346
19,470000	0,183005
19,480000	0,180456
19,490000	0,255028
19,500000	0,234632
19,510000	0,280522
19,520000	0,240368
19,530000	0,277335
19,540000	0,248654
19,550000	0,234632
19,560000	0,230170
19,570000	0,325138
19,580000	0,334061
19,590000	0,219972
19,600000	0,240368
19,610000	0,205950
19,620000	0,185555
19,630000	0,177269
19,640000	0,236544
19,650000	0,254390
19,660000	0,230808
19,670000	0,213599
19,680000	0,219335
19,690000	0,208500
19,700000	0,226983
19,710000	0,226346
19,720000	0,207862
19,730000	0,223159
19,740000	0,268412
19,750000	0,239093
19,760000	0,260126
19,770000	0,224434
19,780000	0,214873
19,790000	0,232720
19,800000	0,217423
19,810000	0,249929
19,820000	0,207225
19,830000	0,216786
19,840000	0,221884
19,850000	0,217423
19,860000	0,248016
19,870000	0,312390
19,880000	0,232720
19,890000	0,276698
19,900000	0,261401
19,910000	0,253753
19,920000	0,285621
19,930000	0,253753
19,940000	0,191291
19,950000	0,248016
19,960000	0,194478
19,970000	0,248654
19,980000	0,223797
19,990000	0,241643
20,000000	0,182368
20,010000	0,185555
20,020000	0,237819
20,030000	0,210412
20,040000	0,215511
20,050000	0,255028
20,060000	0,248654
20,070000	0,241643
20,080000	0,267775
20,090000	0,226983
20,100000	0,216148
20,110000	0,242280
20,120000	0,235907
20,130000	0,188741
20,140000	0,230170
20,150000	0,226983
20,160000	0,218060
20,170000	0,233357
20,180000	0,197027
20,190000	0,243555
20,200000	0,195115
20,210000	0,260764
20,220000	0,258214
20,230000	0,191928
20,240000	0,249929
20,250000	0,277335
20,260000	0,258214
20,270000	0,239731
20,280000	0,240368
20,290000	0,250566
20,300000	0,173445
20,310000	0,178544
20,320000	0,242280
20,330000	0,235269
20,340000	0,244830
20,350000	0,193840
20,360000	0,297731
20,370000	0,260764
20,380000	0,235269
20,390000	0,243555
20,400000	0,242280
20,410000	0,236544
20,420000	0,244830
20,430000	0,247379
20,440000	0,243555
20,450000	0,246104
20,460000	0,117356
20,470000	0,236544
20,480000	0,239093
20,490000	0,235269
20,500000	0,237819
20,510000	0,221247
20,520000	0,232082
20,530000	0,235907
20,540000	0,241005
20,550000	0,242280
20,560000	0,253753
20,570000	0,239093
20,580000	0,228896
20,590000	0,237181
20,600000	0,235907
20,610000	0,247379
20,620000	0,237181
20,630000	0,238456
20,640000	0,243555
20,650000	0,242280
20,660000	0,232082
20,670000	0,240368
20,680000	0,248654
20,690000	0,230808
20,700000	0,239731
20,710000	0,217423
20,720000	0,229533
20,730000	0,209137
20,740000	0,239093
20,750000	0,231445
20,760000	0,232720
20,770000	0,237181
20,780000	0,242280
20,790000	0,226983
20,800000	0,220610
20,810000	0,230808
20,820000	0,241005
20,830000	0,218698
20,840000	0,245467
20,850000	0,239731
20,860000	0,236544
20,870000	0,226983
20,880000	0,255028
20,890000	0,265225
20,900000	0,218060
20,910000	0,229533
20,920000	0,253115
20,930000	0,211687
20,940000	0,221247
20,950000	0,214873
20,960000	0,248016
20,970000	0,226346
20,980000	0,281160
20,990000	0,223159
21,000000	0,219335
21,010000	0,247379
21,020000	0,240368
21,030000	0,217423
21,040000	0,223159
21,050000	0,198939
21,060000	0,231445
21,070000	0,276698
21,080000	0,237181
21,090000	0,212961
21,100000	0,219972
21,110000	0,219972
21,120000	0,245467
21,130000	0,263313
21,140000	0,284984
21,150000	0,290083
21,160000	0,234632
21,170000	0,207862
21,180000	0,177269
21,190000	0,184917
21,200000	0,179818
21,210000	0,225709
21,220000	0,221247
21,230000	0,234632
21,240000	0,277335
21,250000	0,190654
21,260000	0,244192
21,270000	0,223159
21,280000	0,240368
21,290000	0,244830
21,300000	0,330237
21,310000	0,236544
21,320000	0,225071
21,330000	0,244830
21,340000	0,223797
21,350000	0,237181
21,360000	0,233994
21,370000	0,240368
21,380000	0,238456
21,390000	0,232082
21,400000	0,179181
21,410000	0,221247
21,420000	0,224434
21,430000	0,237181
21,440000	0,236544
21,450000	0,229533
21,460000	0,244830
21,470000	0,232082
21,480000	0,246742
21,490000	0,234632
21,500000	0,237819
21,510000	0,230170
21,520000	0,243555
21,530000	0,234632
21,540000	0,226983
21,550000	0,236544
21,560000	0,244192
21,570000	0,246104
21,580000	0,228896
21,590000	0,233994
21,600000	0,228258
21,610000	0,248016
21,620000	0,249929
21,630000	0,245467
21,640000	0,246104
21,650000	0,239093
21,660000	0,227621
21,670000	0,250566
21,680000	0,219972
21,690000	0,247379
21,700000	0,236544
21,710000	0,249929
21,720000	0,231445
21,730000	0,212961
21,740000	0,254390
21,750000	0,246104
21,760000	0,226346
21,770000	0,244192
21,780000	0,259489
21,790000	0,265225
21,800000	0,235269
21,810000	0,246742
21,820000	0,234632
21,830000	0,255665
21,840000	0,238456
21,850000	0,236544
21,860000	0,216786
21,870000	0,226346
21,880000	0,205950
21,890000	0,239731
21,900000	0,217423
21,910000	0,196390
21,920000	0,216148
21,930000	0,246742
21,940000	0,277335
21,950000	0,181093
21,960000	0,232720
21,970000	0,242280
21,980000	0,227621
21,990000	0,182368
22,000000	0,213599
22,010000	0,248016
22,020000	0,241005
22,030000	0,259489
22,040000	0,241643
22,050000	0,165159
22,060000	0,235907
22,070000	0,238456
22,080000	0,202126
22,090000	0,276698
22,100000	0,163884
22,110000	0,214873
22,120000	0,238456
22,130000	0,204676
22,140000	0,165159
22,150000	0,224434
22,160000	0,245467
22,170000	0,248654
22,180000	0,249291
22,190000	0,244830
22,200000	0,270962
22,210000	0,251841
22,220000	0,232082
22,230000	0,237181
22,240000	0,233994
22,250000	0,253115
22,260000	0,225709
22,270000	0,238456
22,280000	0,245467
22,290000	0,237819
22,300000	0,237181
22,310000	0,234632
22,320000	0,238456
22,330000	0,269050
22,340000	0,244830
22,350000	0,211687
22,360000	0,231445
22,370000	0,209137
22,380000	0,227621
22,390000	0,221247
22,400000	0,228258
22,410000	0,219335
22,420000	0,232082
22,430000	0,244830
22,440000	0,255028
22,450000	0,232082
22,460000	0,274786
22,470000	0,249291
22,480000	0,254390
22,490000	0,255028
22,500000	0,249291
22,510000	0,246742
22,520000	0,244830
22,530000	0,223797
22,540000	0,235269
22,550000	0,232720
22,560000	0,224434
22,570000	0,232720
22,580000	0,263313
22,590000	0,216148
22,600000	0,239731
22,610000	0,250566
22,620000	0,233994
22,630000	0,214873
22,640000	0,219972
22,650000	0,251203
22,660000	0,233994
22,670000	0,242280
22,680000	0,243555
22,690000	0,244830
22,700000	0,246104
22,710000	0,249929
22,720000	0,245467
22,730000	0,232082
22,740000	0,219972
22,750000	0,223797
22,760000	0,272236
22,770000	0,261401
22,780000	0,250566
22,790000	0,216786
22,800000	0,226346
22,810000	0,238456
22,820000	0,224434
22,830000	0,255028
22,840000	0,272874
22,850000	0,209775
22,860000	0,235269
22,870000	0,230808
22,880000	0,228896
22,890000	0,195115
22,900000	0,229533
22,910000	0,243555
22,920000	0,235907
22,930000	0,244192
22,940000	0,299006
22,950000	0,298368
22,960000	0,237181
22,970000	0,230808
22,980000	0,233357
22,990000	0,225071
23,000000	0,247379
23,010000	0,234632
23,020000	0,235907
23,030000	0,228896
23,040000	0,219972
23,050000	0,208500
23,060000	0,235269
23,070000	0,237819
23,080000	0,225071
23,090000	0,232720
23,100000	0,233994
23,110000	0,232720
23,120000	0,231445
23,130000	0,235269
23,140000	0,234632
23,150000	0,235907
23,160000	0,233994
23,170000	0,239093
23,180000	0,239093
23,190000	0,228258
23,200000	0,233994
23,210000	0,236544
23,220000	0,239093
23,230000	0,236544
23,240000	0,235907
23,250000	0,245467
23,260000	0,235907
23,270000	0,239731
23,280000	0,234632
23,290000	0,238456
23,300000	0,244192
23,310000	0,238456
23,320000	0,234632
23,330000	0,241643
23,340000	0,237181
23,350000	0,236544
23,360000	0,242280
23,370000	0,243555
23,380000	0,241643
23,390000	0,244192
23,400000	0,238456
23,410000	0,235269
23,420000	0,237181
23,430000	0,236544
23,440000	0,233994
23,450000	0,235907
23,460000	0,227621
23,470000	0,241643
23,480000	0,233994
23,490000	0,243555
23,500000	0,229533
23,510000	0,233357
23,520000	0,228896
23,530000	0,237181
23,540000	0,229533
23,550000	0,239731
23,560000	0,238456
23,570000	0,237181
23,580000	0,237181
23,590000	0,237181
23,600000	0,234632
23,610000	0,235907
23,620000	0,230170
23,630000	0,239731
23,640000	0,229533
23,650000	0,237819
23,660000	0,231445
23,670000	0,236544
23,680000	0,227621
23,690000	0,231445
23,700000	0,233994
23,710000	0,237819
23,720000	0,232082
23,730000	0,230808
23,740000	0,226983
23,750000	0,236544
23,760000	0,234632
23,770000	0,234632
23,780000	0,237181
23,790000	0,234632
23,800000	0,231445
23,810000	0,232720
23,820000	0,236544
23,830000	0,232082
23,840000	0,237819
23,850000	0,239731
23,860000	0,238456
23,870000	0,228896
23,880000	0,237181
23,890000	0,232720
23,900000	0,234632
23,910000	0,232082
23,920000	0,239731
23,930000	0,232720
23,940000	0,235269
23,950000	0,239731
23,960000	0,237181
23,970000	0,239093
23,980000	0,230808
23,990000	0,237181
24,000000	0,232720
24,010000	0,235269
24,020000	0,244830
24,030000	0,229533
24,040000	0,241005
24,050000	0,230170
24,060000	0,241005
24,070000	0,233994
24,080000	0,234632
24,090000	0,232720
24,100000	0,243555
24,110000	0,235907
24,120000	0,239093
24,130000	0,230808
24,140000	0,250566
24,150000	0,232082
24,160000	0,239731
24,170000	0,241643
24,180000	0,239731
24,190000	0,231445
24,200000	0,235269
24,210000	0,235907
24,220000	0,238456
24,230000	0,230170
24,240000	0,239731
24,250000	0,240368
24,260000	0,229533
24,270000	0,239093
24,280000	0,239093
24,290000	0,232082
24,300000	0,238456
24,310000	0,241005
24,320000	0,241005
24,330000	0,238456
24,340000	0,242280
24,350000	0,237819
24,360000	0,231445
24,370000	0,242280
24,380000	0,241005
24,390000	0,232082
24,400000	0,228258
24,410000	0,235269
24,420000	0,247379
24,430000	0,238456
24,440000	0,239731
24,450000	0,242280
24,460000	0,234632
24,470000	0,244830
24,480000	0,239731
24,490000	0,246742
24,500000	0,234632
24,510000	0,237181
24,520000	0,239731
24,530000	0,239093
24,540000	0,237181
24,550000	0,244192
24,560000	0,234632
24,570000	0,238456
24,580000	0,242280
24,590000	0,237819
24,600000	0,238456
24,610000	0,241643
24,620000	0,240368
24,630000	0,233357
24,640000	0,232720
24,650000	0,237819
24,660000	0,241005
24,670000	0,240368
24,680000	0,244192
24,690000	0,234632
24,700000	0,238456
24,710000	0,233994
24,720000	0,242280
24,730000	0,232082
24,740000	0,244192
24,750000	0,237819
24,760000	0,242280
24,770000	0,235907
24,780000	0,243555
24,790000	0,233994
24,800000	0,235269
24,810000	0,237181
24,820000	0,237181
24,830000	0,236544
24,840000	0,232720
24,850000	0,239731
24,860000	0,242280
24,870000	0,228896
24,880000	0,241643
24,890000	0,232082
24,900000	0,237181
24,910000	0,228896
24,920000	0,243555
24,930000	0,230808
24,940000	0,232720
24,950000	0,230808
24,960000	0,239093
24,970000	0,239093
24,980000	0,233357
24,990000	0,241643
25,000000	0,234632
25,010000	0,232720
25,020000	0,241643
25,030000	0,233994
25,040000	0,236544
25,050000	0,232720
25,060000	0,242918
25,070000	0,239093
25,080000	0,237181
25,090000	0,232720
25,100000	0,238456
25,110000	0,231445
25,120000	0,232082
25,130000	0,241643
25,140000	0,234632
25,150000	0,228896
25,160000	0,229533
25,170000	0,242918
25,180000	0,240368
25,190000	0,239731
25,200000	0,241643
25,210000	0,235907
25,220000	0,233357
25,230000	0,237181
25,240000	0,236544
25,250000	0,232082
25,260000	0,232720
25,270000	0,234632
25,280000	0,237819
25,290000	0,230170
25,300000	0,233357
25,310000	0,235269
25,320000	0,233357
25,330000	0,233357
25,340000	0,246104
25,350000	0,225071
25,360000	0,230170
25,370000	0,237181
25,380000	0,239731
25,390000	0,236544
25,400000	0,237819
25,410000	0,235907
25,420000	0,236544
25,430000	0,241643
25,440000	0,226983
25,450000	0,233994
25,460000	0,224434
25,470000	0,224434
25,480000	0,232082
25,490000	0,235269
25,500000	0,241005
25,510000	0,228258
25,520000	0,228896
25,530000	0,229533
25,540000	0,236544
25,550000	0,233994
25,560000	0,232720
25,570000	0,234632
25,580000	0,239731
25,590000	0,232082
25,600000	0,239093
25,610000	0,231445
25,620000	0,239731
25,630000	0,242918
25,640000	0,232082
25,650000	0,235907
25,660000	0,236544
25,670000	0,237819
25,680000	0,237181
25,690000	0,234632
25,700000	0,232082
25,710000	0,238456
25,720000	0,230170
25,730000	0,237181
25,740000	0,233994
25,750000	0,234632
25,760000	0,231445
25,770000	0,229533
25,780000	0,239093
25,790000	0,229533
25,800000	0,239731
25,810000	0,225071
25,820000	0,236544
25,830000	0,240368
25,840000	0,230808
25,850000	0,240368
25,860000	0,228896
25,870000	0,231445
25,880000	0,239731
25,890000	0,226346
25,900000	0,242280
25,910000	0,237181
25,920000	0,228896
25,930000	0,232082
25,940000	0,235269
25,950000	0,227621
25,960000	0,241643
25,970000	0,239731
25,980000	0,235269
25,990000	0,239731
26,000000	0,229533
26,010000	0,239093
26,020000	0,233994
26,030000	0,236544
26,040000	0,227621
26,050000	0,237819
26,060000	0,240368
26,070000	0,233357
26,080000	0,235907
26,090000	0,234632
26,100000	0,241005
26,110000	0,237819
26,120000	0,242918
26,130000	0,235907
26,140000	0,237819
26,150000	0,236544
26,160000	0,237819
26,170000	0,240368
26,180000	0,236544
26,190000	0,237819
26,200000	0,236544
26,210000	0,237819
26,220000	0,231445
26,230000	0,236544
26,240000	0,239731
26,250000	0,238456
26,260000	0,245467
26,270000	0,239731
26,280000	0,235269
26,290000	0,245467
26,300000	0,241643
26,310000	0,229533
26,320000	0,235269
26,330000	0,240368
26,340000	0,238456
26,350000	0,237181
26,360000	0,241005
26,370000	0,243555
26,380000	0,234632
26,390000	0,239731
26,400000	0,239731
26,410000	0,237181
26,420000	0,244192
26,430000	0,239731
26,440000	0,238456
26,450000	0,237181
26,460000	0,239093
26,470000	0,229533
26,480000	0,238456
26,490000	0,238456
26,500000	0,232720
26,510000	0,235907
26,520000	0,234632
26,530000	0,233994
26,540000	0,239731
26,550000	0,232720
26,560000	0,234632
26,570000	0,239731
26,580000	0,235907
26,590000	0,237181
26,600000	0,237819
26,610000	0,249291
26,620000	0,233994
26,630000	0,239093
26,640000	0,235907
26,650000	0,240368
26,660000	0,233357
26,670000	0,241643
26,680000	0,239731
26,690000	0,243555
26,700000	0,235269
26,710000	0,239093
26,720000	0,242280
26,730000	0,239731
26,740000	0,233994
26,750000	0,241005
26,760000	0,239093
26,770000	0,235907
26,780000	0,232720
26,790000	0,248016
26,800000	0,234632
26,810000	0,238456
26,820000	0,235269
26,830000	0,244192
26,840000	0,236544
26,850000	0,232082
26,860000	0,244192
26,870000	0,234632
26,880000	0,239731
26,890000	0,242280
26,900000	0,235269
26,910000	0,237181
26,920000	0,239731
26,930000	0,239093
26,940000	0,232082
26,950000	0,237181
26,960000	0,242918
26,970000	0,237819
26,980000	0,239093
26,990000	0,234632
27,000000	0,240368
27,010000	0,230170
27,020000	0,230170
27,030000	0,239731
27,040000	0,230808
27,050000	0,240368
27,060000	0,238456
27,070000	0,238456
27,080000	0,228896
27,090000	0,237181
27,100000	0,236544
27,110000	0,239093
27,120000	0,234632
27,130000	0,244830
27,140000	0,229533
27,150000	0,243555
27,160000	0,234632
27,170000	0,235907
27,180000	0,237181
27,190000	0,234632
27,200000	0,234632
27,210000	0,234632
27,220000	0,234632
27,230000	0,232082
27,240000	0,236544
27,250000	0,237181
27,260000	0,240368
27,270000	0,226346
27,280000	0,234632
27,290000	0,236544
27,300000	0,237181
27,310000	0,239093
27,320000	0,232720
27,330000	0,228896
27,340000	0,243555
27,350000	0,237819
27,360000	0,233357
27,370000	0,234632
27,380000	0,228258
27,390000	0,231445
27,400000	0,233357
27,410000	0,232082
27,420000	0,232720
27,430000	0,230170
27,440000	0,233994
27,450000	0,229533
27,460000	0,237181
27,470000	0,226983
27,480000	0,235907
27,490000	0,236544
27,500000	0,230170
27,510000	0,228258
27,520000	0,239731
27,530000	0,230170
27,540000	0,235269
27,550000	0,225709
27,560000	0,232082
27,570000	0,228258
27,580000	0,236544
27,590000	0,232082
27,600000	0,232720
27,610000	0,238456
27,620000	0,233357
27,630000	0,232720
27,640000	0,234632
27,650000	0,229533
27,660000	0,233357
27,670000	0,237181
27,680000	0,237181
27,690000	0,233357
27,700000	0,242280
27,710000	0,234632
27,720000	0,240368
27,730000	0,234632
27,740000	0,235269
27,750000	0,241005
27,760000	0,233994
27,770000	0,243555
27,780000	0,233994
27,790000	0,235269
27,800000	0,239093
27,810000	0,235269
27,820000	0,233357
27,830000	0,232720
27,840000	0,236544
27,850000	0,237819
27,860000	0,237181
27,870000	0,232082
27,880000	0,239731
27,890000	0,230170
27,900000	0,239731
27,910000	0,228896
27,920000	0,241643
27,930000	0,237181
27,940000	0,236544
27,950000	0,233357
27,960000	0,232082
27,970000	0,234632
27,980000	0,239731
27,990000	0,235269
28,000000	0,237181
28,010000	0,232720
28,020000	0,239731
28,030000	0,228896
28,040000	0,240368
28,050000	0,235907
28,060000	0,243555
28,070000	0,233357
28,080000	0,238456
28,090000	0,230170
28,100000	0,238456
28,110000	0,238456
28,120000	0,239731
28,130000	0,237181
28,140000	0,240368
28,150000	0,228896
28,160000	0,235269
28,170000	0,236544
28,180000	0,244830
28,190000	0,228896
28,200000	0,238456
28,210000	0,239093
28,220000	0,243555
28,230000	0,237181
28,240000	0,239731
28,250000	0,239731
28,260000	0,242280
28,270000	0,232082
28,280000	0,236544
28,290000	0,235907
28,300000	0,237819
28,310000	0,240368
28,320000	0,237181
28,330000	0,241005
28,340000	0,237819
28,350000	0,235269
28,360000	0,236544
28,370000	0,235269
28,380000	0,239731
28,390000	0,232082
28,400000	0,241005
28,410000	0,244830
28,420000	0,238456
28,430000	0,247379
28,440000	0,235907
28,450000	0,233357
28,460000	0,237181
28,470000	0,241005
28,480000	0,236544
28,490000	0,239731
28,500000	0,235269
28,510000	0,230808
28,520000	0,233994
28,530000	0,239093
28,540000	0,239093
28,550000	0,234632
28,560000	0,237181
28,570000	0,239093
28,580000	0,240368
28,590000	0,235907
28,600000	0,239731
28,610000	0,246104
28,620000	0,239093
28,630000	0,234632
28,640000	0,237181
28,650000	0,234632
28,660000	0,233994
28,670000	0,238456
28,680000	0,239093
28,690000	0,239093
28,700000	0,234632
28,710000	0,237819
28,720000	0,231445
28,730000	0,237181
28,740000	0,233994
28,750000	0,235907
28,760000	0,242280
28,770000	0,241643
28,780000	0,236544
28,790000	0,238456
28,800000	0,237181
28,810000	0,235269
28,820000	0,239093
28,830000	0,236544
28,840000	0,237819
28,850000	0,244830
28,860000	0,244830
28,870000	0,228896
28,880000	0,241005
28,890000	0,239731
28,900000	0,236544
28,910000	0,237819
28,920000	0,231445
28,930000	0,241643
28,940000	0,238456
28,950000	0,234632
28,960000	0,239731
28,970000	0,237181
28,980000	0,237181
28,990000	0,239093
29,000000	0,237819
29,010000	0,233994
29,020000	0,235907
29,030000	0,241643
29,040000	0,237181
29,050000	0,239093
29,060000	0,245467
29,070000	0,234632
29,080000	0,235269
29,090000	0,229533
29,100000	0,237819
29,110000	0,235269
29,120000	0,243555
29,130000	0,238456
29,140000	0,246742
29,150000	0,226346
29,160000	0,241643
29,170000	0,230808
29,180000	0,241005
29,190000	0,228896
29,200000	0,239731
29,210000	0,235269
29,220000	0,237181
29,230000	0,230170
29,240000	0,235269
29,250000	0,237819
29,260000	0,234632
29,270000	0,233994
29,280000	0,238456
29,290000	0,234632
29,300000	0,237819
29,310000	0,237819
29,320000	0,239093
29,330000	0,239093
29,340000	0,234632
29,350000	0,238456
29,360000	0,239731
29,370000	0,228896
29,380000	0,232720
29,390000	0,231445
29,400000	0,233357
29,410000	0,232720
29,420000	0,234632
29,430000	0,243555
29,440000	0,237181
29,450000	0,234632
29,460000	0,240368
29,470000	0,233994
29,480000	0,239731
29,490000	0,233357
29,500000	0,230808
29,510000	0,227621
29,520000	0,237819
29,530000	0,235269
29,540000	0,239093
29,550000	0,232082
29,560000	0,240368
29,570000	0,237181
29,580000	0,236544
29,590000	0,233994
29,600000	0,232720
29,610000	0,234632
29,620000	0,238456
29,630000	0,234632
29,640000	0,233357
29,650000	0,231445
29,660000	0,230808
29,670000	0,233357
29,680000	0,237819
29,690000	0,237181
29,700000	0,234632
29,710000	0,237819
29,720000	0,236544
29,730000	0,231445
29,740000	0,234632
29,750000	0,226983
29,760000	0,236544
29,770000	0,232082
29,780000	0,235269
29,790000	0,228896
29,800000	0,237181
29,810000	0,233994
29,820000	0,239731
29,830000	0,232082
29,840000	0,232082
29,850000	0,236544
29,860000	0,235907
29,870000	0,228896
29,880000	0,232082
29,890000	0,230808
29,900000	0,238456
29,910000	0,233357
29,920000	0,239731
29,930000	0,228258
29,940000	0,236544
29,950000	0,237819
29,960000	0,233994
29,970000	0,238456
29,980000	0,230808
29,990000	0,233994
30,000000	0,236544
30,010000	0,233994
30,020000	0,235269
30,030000	0,234632
30,040000	0,237181
30,050000	0,228258
30,060000	0,236544
30,070000	0,229533
30,080000	0,233994
30,090000	0,235907
30,100000	0,233994
30,110000	0,239731
30,120000	0,235907
30,130000	0,236544
30,140000	0,235907
30,150000	0,242280
30,160000	0,234632
30,170000	0,233994
30,180000	0,238456
30,190000	0,232082
30,200000	0,239731
30,210000	0,234632
30,220000	0,239093
30,230000	0,231445
30,240000	0,232082
30,250000	0,234632
30,260000	0,230808
30,270000	0,227621
30,280000	0,235907
30,290000	0,237181
30,300000	0,234632
30,310000	0,241643
30,320000	0,242280
30,330000	0,242280
30,340000	0,241005
30,350000	0,234632
30,360000	0,237181
30,370000	0,233357
30,380000	0,236544
30,390000	0,242918
30,400000	0,237819
30,410000	0,237819
30,420000	0,244830
30,430000	0,233994
30,440000	0,241005
30,450000	0,236544
30,460000	0,233357
30,470000	0,231445
30,480000	0,242280
30,490000	0,233994
30,500000	0,239731
30,510000	0,230808
30,520000	0,231445
30,530000	0,234632
30,540000	0,231445
30,550000	0,241643
30,560000	0,236544
30,570000	0,232082
30,580000	0,239731
30,590000	0,242280
30,600000	0,242280
30,610000	0,239731
30,620000	0,237819
30,630000	0,236544
30,640000	0,239093
30,650000	0,234632
30,660000	0,242280
30,670000	0,237181
30,680000	0,241005
30,690000	0,231445
30,700000	0,237181
30,710000	0,240368
30,720000	0,237181
30,730000	0,231445
30,740000	0,234632
30,750000	0,234632
30,760000	0,240368
30,770000	0,234632
30,780000	0,240368
30,790000	0,242280
30,800000	0,235269
30,810000	0,242918
30,820000	0,239731
30,830000	0,241005
30,840000	0,239731
30,850000	0,241005
30,860000	0,232082
30,870000	0,236544
30,880000	0,241005
30,890000	0,242280
30,900000	0,242280
30,910000	0,237181
30,920000	0,235269
30,930000	0,232720
30,940000	0,237181
30,950000	0,231445
30,960000	0,232720
30,970000	0,246742
30,980000	0,236544
30,990000	0,235269
31,000000	0,235269
31,010000	0,229533
31,020000	0,234632
31,030000	0,236544
31,040000	0,235907
31,050000	0,238456
31,060000	0,237819
31,070000	0,229533
31,080000	0,236544
31,090000	0,233357
31,100000	0,241643
31,110000	0,234632
31,120000	0,237181
31,130000	0,234632
31,140000	0,237181
31,150000	0,229533
31,160000	0,235269
31,170000	0,232082
31,180000	0,239093
31,190000	0,233994
31,200000	0,237819
31,210000	0,239731
31,220000	0,241005
31,230000	0,232082
31,240000	0,235907
31,250000	0,239093
31,260000	0,237181
31,270000	0,239093
31,280000	0,233994
31,290000	0,226983
31,300000	0,235269
31,310000	0,238456
31,320000	0,242918
31,330000	0,234632
31,340000	0,234632
31,350000	0,233357
31,360000	0,238456
31,370000	0,242918
31,380000	0,226983
31,390000	0,246104
31,400000	0,241005
31,410000	0,234632
31,420000	0,232082
31,430000	0,239731
31,440000	0,228896
31,450000	0,242918
31,460000	0,237819
31,470000	0,239731
31,480000	0,226346
31,490000	0,232082
31,500000	0,239731
31,510000	0,272874
31,520000	0,232082
31,530000	0,237181
31,540000	0,238456
31,550000	0,233357
31,560000	0,236544
31,570000	0,225071
31,580000	0,234632
31,590000	0,237181
31,600000	0,233357
31,610000	0,211049
31,620000	0,226346
31,630000	0,228896
31,640000	0,232082
31,650000	0,226346
31,660000	0,226346
31,670000	0,220610
31,680000	0,237181
31,690000	0,231445
31,700000	0,230170
31,710000	0,232720
31,720000	0,234632
31,730000	0,234632
31,740000	0,241643
31,750000	0,232720
31,760000	0,242280
31,770000	0,235269
31,780000	0,239731
31,790000	0,232082
31,800000	0,246104
31,810000	0,232082
31,820000	0,237181
31,830000	0,234632
31,840000	0,244830
31,850000	0,230170
31,860000	0,238456
31,870000	0,241005
31,880000	0,242918
31,890000	0,239731
31,900000	0,237181
31,910000	0,239093
31,920000	0,234632
31,930000	0,235907
31,940000	0,239731
31,950000	0,239731
31,960000	0,239731
31,970000	0,225071
31,980000	0,241005
31,990000	0,251203
32,000000	0,234632
32,010000	0,225709
32,020000	0,235907
32,030000	0,239731
32,040000	0,239093
32,050000	0,252478
32,060000	0,249929
32,070000	0,225709
32,080000	0,237819
32,090000	0,247379
32,100000	0,245467
32,110000	0,253115
32,120000	0,248654
32,130000	0,233357
32,140000	0,255028
32,150000	0,226983
32,160000	0,236544
32,170000	0,238456
32,180000	0,255028
32,190000	0,226346
32,200000	0,200851
32,210000	0,230808
32,220000	0,253115
32,230000	0,195115
32,240000	0,234632
32,250000	0,207862
32,260000	0,224434
32,270000	0,214873
32,280000	0,193840
32,290000	0,219335
32,300000	0,254390
32,310000	0,234632
32,320000	0,221884
32,330000	0,193840
32,340000	0,255665
32,350000	0,251203
32,360000	0,246742
32,370000	0,260764
32,380000	0,297731
32,390000	0,255665
32,400000	0,241005
32,410000	0,221884
32,420000	0,235269
32,430000	0,148587
32,440000	0,109708
32,450000	0,200214
32,460000	0,245467
32,470000	0,249291
32,480000	0,262039
32,490000	0,212324
32,500000	0,212961
32,510000	0,240368
32,520000	0,232082
32,530000	0,205950
32,540000	0,297731
32,550000	0,219972
32,560000	0,239731
32,570000	0,244192
32,580000	0,225071
32,590000	0,269687
32,600000	0,244830
32,610000	0,246742
32,620000	0,255665
32,630000	0,233357
32,640000	0,260126
32,650000	0,233357
32,660000	0,209137
32,670000	0,228896
32,680000	0,189379
32,690000	0,229533
32,700000	0,239093
32,710000	0,202763
32,720000	0,255028
32,730000	0,314940
32,740000	0,240368
32,750000	0,307929
32,760000	0,238456
32,770000	0,330237
32,780000	0,233357
32,790000	0,250566
32,800000	0,253753
32,810000	0,255665
32,820000	0,258852
32,830000	0,221247
32,840000	0,199577
32,850000	0,218698
32,860000	0,248016
32,870000	0,258852
32,880000	0,238456
32,890000	0,294544
32,900000	0,241005
32,910000	0,219335
32,920000	0,234632
32,930000	0,245467
32,940000	0,267775
32,950000	0,218060
32,960000	0,286896
32,970000	0,254390
32,980000	0,230170
32,990000	0,222522
33,000000	0,237819
33,010000	0,228258
33,020000	0,211049
33,030000	0,209775
33,040000	0,248016
33,050000	0,224434
33,060000	0,226346
33,070000	0,279885
33,080000	0,239731
33,090000	0,213599
33,100000	0,193840
33,110000	0,246104
33,120000	0,268412
33,130000	0,228258
33,140000	0,270324
33,150000	0,239731
33,160000	0,284346
33,170000	0,233357
33,180000	0,212961
33,190000	0,218060
33,200000	0,237819
33,210000	0,214236
33,220000	0,224434
33,230000	0,232082
33,240000	0,251841
33,250000	0,284346
33,260000	0,175357
33,270000	0,265863
33,280000	0,225071
33,290000	0,239731
33,300000	0,230808
33,310000	0,316852
33,320000	0,233357
33,330000	0,236544
33,340000	0,221884
33,350000	0,226346
33,360000	0,250566
33,370000	0,200851
33,380000	0,230170
33,390000	0,236544
33,400000	0,225709
33,410000	0,195752
33,420000	0,230170
33,430000	0,231445
33,440000	0,237819
33,450000	0,224434
33,460000	0,235269
33,470000	0,230808
33,480000	0,233994
33,490000	0,233357
33,500000	0,236544
33,510000	0,226346
33,520000	0,232082
33,530000	0,232082
33,540000	0,244830
33,550000	0,237819
33,560000	0,230808
33,570000	0,227621
33,580000	0,246742
33,590000	0,244192
33,600000	0,228896
33,610000	0,233994
33,620000	0,244192
33,630000	0,248654
33,640000	0,242280
33,650000	0,240368
33,660000	0,244192
33,670000	0,229533
33,680000	0,247379
33,690000	0,235269
33,700000	0,254390
33,710000	0,228896
33,720000	0,232720
33,730000	0,237819
33,740000	0,229533
33,750000	0,257577
33,760000	0,219335
33,770000	0,253753
33,780000	0,246104
33,790000	0,218060
33,800000	0,237819
33,810000	0,265225
33,820000	0,260764
33,830000	0,237819
33,840000	0,246742
33,850000	0,242280
33,860000	0,226983
33,870000	0,243555
33,880000	0,247379
33,890000	0,241005
33,900000	0,218698
33,910000	0,219335
33,920000	0,228896
33,930000	0,198939
33,940000	0,219335
33,950000	0,230170
33,960000	0,256302
33,970000	0,228258
33,980000	0,245467
33,990000	0,202763
34,000000	0,248654
34,010000	0,178544
34,020000	0,188741
34,030000	0,151137
34,040000	0,183643
34,050000	0,212324
34,060000	0,208500
34,070000	0,263951
34,080000	0,286258
34,090000	0,268412
34,100000	0,253753
34,110000	0,239093
34,120000	0,260126
34,130000	0,178544
34,140000	0,194478
34,150000	0,247379
34,160000	0,243555
34,170000	0,235269
34,180000	0,264588
34,190000	0,254390
34,200000	0,225709
34,210000	0,235269
34,220000	0,235907
34,230000	0,235907
34,240000	0,270324
34,250000	0,237181
34,260000	0,229533
34,270000	0,232082
34,280000	0,228896
34,290000	0,240368
34,300000	0,230170
34,310000	0,237181
34,320000	0,234632
34,330000	0,233357
34,340000	0,234632
34,350000	0,236544
34,360000	0,237181
34,370000	0,230170
34,380000	0,240368
34,390000	0,236544
34,400000	0,234632
34,410000	0,233994
34,420000	0,239731
34,430000	0,240368
34,440000	0,232082
34,450000	0,224434
34,460000	0,229533
34,470000	0,242918
34,480000	0,228258
34,490000	0,237819
34,500000	0,231445
34,510000	0,233994
34,520000	0,232720
34,530000	0,251203
34,540000	0,243555
34,550000	0,237181
34,560000	0,231445
34,570000	0,239731
34,580000	0,228896
34,590000	0,229533
34,600000	0,234632
34,610000	0,242280
34,620000	0,237181
34,630000	0,242280
34,640000	0,232082
34,650000	0,232082
34,660000	0,239093
34,670000	0,249929
34,680000	0,239731
34,690000	0,235907
34,700000	0,223797
34,710000	0,246104
34,720000	0,246104
34,730000	0,245467
34,740000	0,242280
34,750000	0,236544
34,760000	0,233994
34,770000	0,243555
34,780000	0,243555
34,790000	0,239731
34,800000	0,244830
34,810000	0,237181
34,820000	0,235269
34,830000	0,239731
34,840000	0,242280
34,850000	0,248654
34,860000	0,239731
34,870000	0,232082
34,880000	0,239731
34,890000	0,233357
34,900000	0,239731
34,910000	0,237181
34,920000	0,243555
34,930000	0,235269
34,940000	0,236544
34,950000	0,234632
34,960000	0,244830
34,970000	0,233994
34,980000	0,232082
34,990000	0,239093
35,000000	0,239093
35,010000	0,236544
35,020000	0,242280
35,030000	0,237819
35,040000	0,244192
35,050000	0,238456
35,060000	0,237181
35,070000	0,233994
35,080000	0,235907
35,090000	0,229533
35,100000	0,232082
35,110000	0,240368
35,120000	0,239731
35,130000	0,234632
35,140000	0,241005
35,150000	0,238456
35,160000	0,238456
35,170000	0,228896
35,180000	0,235907
35,190000	0,241005
35,200000	0,234632
35,210000	0,232082
35,220000	0,238456
35,230000	0,239731
35,240000	0,232720
35,250000	0,226983
35,260000	0,241643
35,270000	0,232720
35,280000	0,235907
35,290000	0,233994
35,300000	0,239093
35,310000	0,233994
35,320000	0,233357
35,330000	0,234632
35,340000	0,239731
35,350000	0,233994
35,360000	0,238456
35,370000	0,239093
35,380000	0,235269
35,390000	0,235907
35,400000	0,242280
35,410000	0,240368
35,420000	0,242280
35,430000	0,239731
35,440000	0,236544
35,450000	0,240368
35,460000	0,242918
35,470000	0,238456
35,480000	0,240368
35,490000	0,237181
35,500000	0,232082
35,510000	0,231445
35,520000	0,232720
35,530000	0,233357
35,540000	0,233357
35,550000	0,236544
35,560000	0,229533
35,570000	0,231445
35,580000	0,235907
35,590000	0,237819
35,600000	0,233994
35,610000	0,233994
35,620000	0,225709
35,630000	0,232720
35,640000	0,227621
35,650000	0,230808
35,660000	0,232082
35,670000	0,237181
35,680000	0,233357
35,690000	0,235907
35,700000	0,235269
35,710000	0,233994
35,720000	0,228258
35,730000	0,239731
35,740000	0,231445
35,750000	0,239731
35,760000	0,227621
35,770000	0,235907
35,780000	0,225071
35,790000	0,238456
35,800000	0,233357
35,810000	0,240368
35,820000	0,232720
35,830000	0,232720
35,840000	0,233994
35,850000	0,234632
35,860000	0,235269
35,870000	0,241005
35,880000	0,232720
35,890000	0,237181
35,900000	0,226983
35,910000	0,242280
35,920000	0,232082
35,930000	0,233357
35,940000	0,237819
35,950000	0,223159
35,960000	0,242918
35,970000	0,227621
35,980000	0,237819
35,990000	0,228258
36,000000	0,225709
36,010000	0,234632
36,020000	0,234632
36,030000	0,234632
36,040000	0,242918
36,050000	0,235907
36,060000	0,246742
36,070000	0,236544
36,080000	0,239731
36,090000	0,232082
36,100000	0,235269
36,110000	0,235907
36,120000	0,239731
36,130000	0,232720
36,140000	0,237819
36,150000	0,233994
36,160000	0,239093
36,170000	0,242918
36,180000	0,230170
36,190000	0,236544
36,200000	0,241005
36,210000	0,230808
36,220000	0,230808
36,230000	0,230808
36,240000	0,235907
36,250000	0,232082
36,260000	0,230808
36,270000	0,237819
36,280000	0,236544
36,290000	0,234632
36,300000	0,244192
36,310000	0,239731
36,320000	0,239731
36,330000	0,235907
36,340000	0,225709
36,350000	0,241005
36,360000	0,233994
36,370000	0,237181
36,380000	0,228896
36,390000	0,235907
36,400000	0,239093
36,410000	0,241005
36,420000	0,226346
36,430000	0,236544
36,440000	0,233994
36,450000	0,234632
36,460000	0,239731
36,470000	0,237181
36,480000	0,236544
36,490000	0,243555
36,500000	0,233994
36,510000	0,239731
36,520000	0,230170
36,530000	0,239731
36,540000	0,235907
36,550000	0,239093
36,560000	0,238456
36,570000	0,235269
36,580000	0,230170
36,590000	0,230170
36,600000	0,236544
36,610000	0,237181
36,620000	0,239731
36,630000	0,239093
36,640000	0,236544
36,650000	0,234632
36,660000	0,246104
36,670000	0,226983
36,680000	0,234632
36,690000	0,230808
36,700000	0,236544
36,710000	0,240368
36,720000	0,239731
36,730000	0,229533
36,740000	0,247379
36,750000	0,230170
36,760000	0,239731
36,770000	0,230808
36,780000	0,244192
36,790000	0,240368
36,800000	0,245467
36,810000	0,230808
36,820000	0,236544
36,830000	0,240368
36,840000	0,233994
36,850000	0,238456
36,860000	0,241643
36,870000	0,235907
36,880000	0,241643
36,890000	0,234632
36,900000	0,236544
36,910000	0,242918
36,920000	0,235269
36,930000	0,232082
36,940000	0,230808
36,950000	0,247379
36,960000	0,239093
36,970000	0,234632
36,980000	0,235907
36,990000	0,237181
37,000000	0,234632
37,010000	0,236544
37,020000	0,234632
37,030000	0,232720
37,040000	0,229533
37,050000	0,235269
37,060000	0,237819
37,070000	0,235907
37,080000	0,245467
37,090000	0,242918
37,100000	0,239731
37,110000	0,236544
37,120000	0,227621
37,130000	0,241643
37,140000	0,236544
37,150000	0,240368
37,160000	0,233357
37,170000	0,242280
37,180000	0,236544
37,190000	0,236544
37,200000	0,235269
37,210000	0,236544
37,220000	0,236544
37,230000	0,241643
37,240000	0,240368
37,250000	0,241005
37,260000	0,236544
37,270000	0,239093
37,280000	0,225709
37,290000	0,233357
37,300000	0,244192
37,310000	0,229533
37,320000	0,242280
37,330000	0,237181
37,340000	0,233357
37,350000	0,235907
37,360000	0,241643
37,370000	0,235269
37,380000	0,245467
37,390000	0,234632
37,400000	0,227621
37,410000	0,242280
37,420000	0,235269
37,430000	0,237819
37,440000	0,233357
37,450000	0,233357
37,460000	0,223797
37,470000	0,237181
37,480000	0,239731
37,490000	0,239093
37,500000	0,235269
37,510000	0,233357
37,520000	0,241005
37,530000	0,235269
37,540000	0,237181
37,550000	0,237819
37,560000	0,232082
37,570000	0,239093
37,580000	0,227621
37,590000	0,228258
37,600000	0,227621
37,610000	0,240368
37,620000	0,230170
37,630000	0,235907
37,640000	0,235269
37,650000	0,240368
37,660000	0,237181
37,670000	0,234632
37,680000	0,229533
37,690000	0,234632
37,700000	0,230170
37,710000	0,239731
37,720000	0,230808
37,730000	0,235269
37,740000	0,239731
37,750000	0,236544
37,760000	0,237819
37,770000	0,239093
37,780000	0,230808
37,790000	0,234632
37,800000	0,225071
37,810000	0,237819
37,820000	0,233357
37,830000	0,237181
37,840000	0,237181
37,850000	0,236544
37,860000	0,235269
37,870000	0,232082
37,880000	0,228258
37,890000	0,226346
37,900000	0,235269
37,910000	0,232720
37,920000	0,233994
37,930000	0,226346
37,940000	0,234632
37,950000	0,237181
37,960000	0,237181
37,970000	0,237181
37,980000	0,233994
37,990000	0,238456
38,000000	0,232720
38,010000	0,240368
38,020000	0,240368
38,030000	0,228258
38,040000	0,233357
38,050000	0,228258
38,060000	0,232082
38,070000	0,232082
38,080000	0,232720
38,090000	0,237181
38,100000	0,236544
38,110000	0,231445
38,120000	0,233357
38,130000	0,241005
38,140000	0,228258
38,150000	0,237819
38,160000	0,231445
38,170000	0,247379
38,180000	0,241005
38,190000	0,236544
38,200000	0,234632
38,210000	0,237819
38,220000	0,234632
38,230000	0,237181
38,240000	0,228896
38,250000	0,241005
38,260000	0,233357
38,270000	0,238456
38,280000	0,230808
38,290000	0,240368
38,300000	0,232720
38,310000	0,240368
38,320000	0,232082
38,330000	0,235907
38,340000	0,237181
38,350000	0,239093
38,360000	0,224434
38,370000	0,237181
38,380000	0,241005
38,390000	0,238456
38,400000	0,233357
38,410000	0,239731
38,420000	0,236544
38,430000	0,244192
38,440000	0,223159
38,450000	0,233357
38,460000	0,231445
38,470000	0,237181
38,480000	0,230170
38,490000	0,240368
38,500000	0,235269
38,510000	0,237181
38,520000	0,237181
38,530000	0,241643
38,540000	0,239093
38,550000	0,233357
38,560000	0,237181
38,570000	0,237819
38,580000	0,233994
38,590000	0,235907
38,600000	0,237819
38,610000	0,234632
38,620000	0,238456
38,630000	0,237181
38,640000	0,244830
38,650000	0,232720
38,660000	0,241005
38,670000	0,238456
38,680000	0,235907
38,690000	0,237181
38,700000	0,233994
38,710000	0,237819
38,720000	0,235907
38,730000	0,239731
38,740000	0,242280
38,750000	0,234632
38,760000	0,235907
38,770000	0,239731
38,780000	0,237819
38,790000	0,233357
38,800000	0,232720
38,810000	0,244830
38,820000	0,238456
38,830000	0,234632
38,840000	0,231445
38,850000	0,240368
38,860000	0,236544
38,870000	0,235269
38,880000	0,237181
38,890000	0,242918
38,900000	0,241643
38,910000	0,241643
38,920000	0,238456
38,930000	0,237819
38,940000	0,233994
38,950000	0,244192
38,960000	0,232720
38,970000	0,240368
38,980000	0,231445
38,990000	0,242280
39,000000	0,244830
39,010000	0,235269
39,020000	0,242280
39,030000	0,232720
39,040000	0,238456
39,050000	0,239731
39,060000	0,238456
39,070000	0,232082
39,080000	0,235907
39,090000	0,236544
39,100000	0,235907
39,110000	0,237181
39,120000	0,243555
39,130000	0,239731
39,140000	0,234632
39,150000	0,235907
39,160000	0,238456
39,170000	0,237181
39,180000	0,238456
39,190000	0,232082
39,200000	0,235269
39,210000	0,232082
39,220000	0,237181
39,230000	0,237181
39,240000	0,242918
39,250000	0,237819
39,260000	0,237181
39,270000	0,235269
39,280000	0,229533
39,290000	0,236544
39,300000	0,225709
39,310000	0,241005
39,320000	0,235269
39,330000	0,239093
39,340000	0,235269
39,350000	0,235269
39,360000	0,239093
39,370000	0,235907
39,380000	0,235269
39,390000	0,228896
39,400000	0,239093
39,410000	0,233357
39,420000	0,239093
39,430000	0,237181
39,440000	0,235269
39,450000	0,234632
39,460000	0,235269
39,470000	0,234632
39,480000	0,232082
39,490000	0,236544
39,500000	0,233357
39,510000	0,234632
39,520000	0,237181
39,530000	0,233994
39,540000	0,231445
39,550000	0,234632
39,560000	0,232082
39,570000	0,235907
39,580000	0,226983
39,590000	0,238456
39,600000	0,239093
39,610000	0,236544
39,620000	0,232082
39,630000	0,233994
39,640000	0,226983
39,650000	0,236544
39,660000	0,231445
39,670000	0,235907
39,680000	0,232720
39,690000	0,242280
39,700000	0,232082
39,710000	0,236544
39,720000	0,230808
39,730000	0,237181
39,740000	0,228258
39,750000	0,235269
39,760000	0,233994
39,770000	0,234632
39,780000	0,232720
39,790000	0,233357
39,800000	0,228896
39,810000	0,233994
39,820000	0,232082
39,830000	0,234632
39,840000	0,227621
39,850000	0,235269
39,860000	0,241005
39,870000	0,235907
39,880000	0,233357
39,890000	0,239731
39,900000	0,235269
39,910000	0,233994
39,920000	0,233357
39,930000	0,234632
39,940000	0,232720
39,950000	0,236544
39,960000	0,234632
39,970000	0,233357
39,980000	0,235269
39,990000	0,235269
40,000000	0,232720
40,010000	0,232082
40,020000	0,234632
40,030000	0,235269
40,040000	0,236544
40,050000	0,235907
40,060000	0,228258
40,070000	0,228258
40,080000	0,234632
40,090000	0,225071
40,100000	0,234632
40,110000	0,236544
40,120000	0,237819
40,130000	0,235907
40,140000	0,234632
40,150000	0,235269
40,160000	0,231445
40,170000	0,233994
40,180000	0,237181
40,190000	0,237181
40,200000	0,234632
40,210000	0,234632
40,220000	0,228258
40,230000	0,235907
40,240000	0,234632
40,250000	0,233357
40,260000	0,237819
40,270000	0,236544
40,280000	0,235907
40,290000	0,239093
40,300000	0,232082
40,310000	0,234632
40,320000	0,235269
40,330000	0,239093
40,340000	0,229533
40,350000	0,235907
40,360000	0,230808
40,370000	0,232720
40,380000	0,233357
40,390000	0,232720
40,400000	0,226346
40,410000	0,238456
40,420000	0,235907
40,430000	0,239093
40,440000	0,237819
40,450000	0,241005
40,460000	0,234632
40,470000	0,236544
40,480000	0,244192
40,490000	0,233357
40,500000	0,233357
40,510000	0,235269
40,520000	0,239731
40,530000	0,239093
40,540000	0,239093
40,550000	0,237819
40,560000	0,232720
40,570000	0,238456
40,580000	0,239731
40,590000	0,236544
40,600000	0,243555
40,610000	0,234632
40,620000	0,239731
40,630000	0,238456
40,640000	0,238456
40,650000	0,243555
40,660000	0,232082
40,670000	0,235269
40,680000	0,234632
40,690000	0,239731
40,700000	0,240368
40,710000	0,238456
40,720000	0,228896
40,730000	0,242918
40,740000	0,240368
40,750000	0,237819
40,760000	0,236544
40,770000	0,236544
40,780000	0,234632
40,790000	0,232720
40,800000	0,228258
40,810000	0,233357
40,820000	0,235269
40,830000	0,234632
40,840000	0,235269
40,850000	0,234632
40,860000	0,234632
40,870000	0,238456
40,880000	0,232082
40,890000	0,235907
40,900000	0,234632
40,910000	0,232082
40,920000	0,240368
40,930000	0,229533
40,940000	0,233357
40,950000	0,232082
40,960000	0,243555
40,970000	0,232082
40,980000	0,242280
40,990000	0,234632
41,000000	0,229533
41,010000	0,234632
41,020000	0,237819
41,030000	0,232720
41,040000	0,236544
41,050000	0,237819
41,060000	0,246104
41,070000	0,237181
41,080000	0,233357
41,090000	0,239093
41,100000	0,232082
41,110000	0,233994
41,120000	0,234632
41,130000	0,239731
41,140000	0,232082
41,150000	0,234632
41,160000	0,230808
41,170000	0,241005
41,180000	0,238456
41,190000	0,235907
41,200000	0,235907
41,210000	0,239731
41,220000	0,244830
41,230000	0,236544
41,240000	0,228896
41,250000	0,235907
41,260000	0,229533
41,270000	0,235269
41,280000	0,234632
41,290000	0,236544
41,300000	0,232082
41,310000	0,240368
41,320000	0,228258
41,330000	0,241643
41,340000	0,237819
41,350000	0,240368
41,360000	0,239093
41,370000	0,229533
41,380000	0,239093
41,390000	0,245467
41,400000	0,229533
41,410000	0,232082
41,420000	0,224434
41,430000	0,234632
41,440000	0,232082
41,450000	0,241005
41,460000	0,233357
41,470000	0,232720
41,480000	0,219335
41,490000	0,223797
41,500000	0,222522
41,510000	0,254390
41,520000	0,238456
41,530000	0,267775
41,540000	0,243555
41,550000	0,251203
41,560000	0,237819
41,570000	0,218698
41,580000	0,199577
41,590000	0,214873
41,600000	0,260126
41,610000	0,241005
41,620000	0,205950
41,630000	0,203401
41,640000	0,249929
41,650000	0,231445
41,660000	0,224434
41,670000	0,249291
41,680000	0,277335
41,690000	0,257577
41,700000	0,321314
41,710000	0,163884
41,720000	0,285621
41,730000	0,165796
41,740000	0,207225
41,750000	0,216148
41,760000	0,232082
41,770000	0,244830
41,780000	0,217423
41,790000	0,199577
41,800000	0,255028
41,810000	0,199577
41,820000	0,298368
41,830000	0,280522
41,840000	0,262039
41,850000	0,336610
41,860000	0,270324
41,870000	0,232720
41,880000	0,219335
41,890000	0,228258
41,900000	0,255665
41,910000	0,215511
41,920000	0,218060
41,930000	0,232082
41,940000	0,242280
41,950000	0,223159
41,960000	0,233994
41,970000	0,244830
41,980000	0,231445
41,990000	0,221247
42,000000	0,230808
42,010000	0,235907
42,020000	0,239731
42,030000	0,233357
42,040000	0,231445
42,050000	0,228258
42,060000	0,234632
42,070000	0,242918
42,080000	0,240368
42,090000	0,235269
42,100000	0,224434
42,110000	0,234632
42,120000	0,226983
42,130000	0,237819
42,140000	0,244830
42,150000	0,236544
42,160000	0,233357
42,170000	0,237181
42,180000	0,231445
42,190000	0,239731
42,200000	0,223797
42,210000	0,238456
42,220000	0,234632
42,230000	0,240368
42,240000	0,225071
42,250000	0,232720
42,260000	0,226983
42,270000	0,219972
42,280000	0,226346
42,290000	0,214873
42,300000	0,251203
42,310000	0,225071
42,320000	0,226983
42,330000	0,241643
42,340000	0,251841
42,350000	0,244192
42,360000	0,232082
42,370000	0,224434
42,380000	0,235907
42,390000	0,253115
42,400000	0,251841
42,410000	0,210412
42,420000	0,204676
42,430000	0,243555
42,440000	0,238456
42,450000	0,230808
42,460000	0,246742
42,470000	0,248654
42,480000	0,198302
42,490000	0,234632
42,500000	0,244830
42,510000	0,271599
42,520000	0,260126
42,530000	0,200214
42,540000	0,206588
42,550000	0,230808
42,560000	0,250566
42,570000	0,239093
42,580000	0,221247
42,590000	0,211049
42,600000	0,213599
42,610000	0,207225
42,620000	0,249291
42,630000	0,267137
42,640000	0,282434
42,650000	0,268412
42,660000	0,175357
42,670000	0,264588
42,680000	0,249291
42,690000	0,242280
42,700000	0,266500
42,710000	0,231445
42,720000	0,251841
42,730000	0,266500
42,740000	0,263313
42,750000	0,214236
42,760000	0,214236
42,770000	0,229533
42,780000	0,239093
42,790000	0,232082
42,800000	0,262039
42,810000	0,274786
42,820000	0,270324
42,830000	0,242918
42,840000	0,265225
42,850000	0,247379
42,860000	0,288171
42,870000	0,238456
42,880000	0,255028
42,890000	0,238456
42,900000	0,260126
42,910000	0,256940
42,920000	0,239731
42,930000	0,227621
42,940000	0,236544
42,950000	0,219972
42,960000	0,219335
42,970000	0,254390
42,980000	0,244830
42,990000	0,229533
43,000000	0,242918
43,010000	0,248654
43,020000	0,276698
43,030000	0,260764
43,040000	0,204676
43,050000	0,249291
43,060000	0,263313
43,070000	0,228896
43,080000	0,249291
43,090000	0,234632
43,100000	0,249929
43,110000	0,214873
43,120000	0,226983
43,130000	0,218698
43,140000	0,200214
43,150000	0,216148
43,160000	0,236544
43,170000	0,216786
43,180000	0,219972
43,190000	0,211687
43,200000	0,225071
43,210000	0,216786
43,220000	0,232720
43,230000	0,240368
43,240000	0,225071
43,250000	0,244192
43,260000	0,223797
43,270000	0,247379
43,280000	0,241005
43,290000	0,209775
43,300000	0,263951
43,310000	0,216786
43,320000	0,256940
43,330000	0,274148
43,340000	0,250566
43,350000	0,255665
43,360000	0,261401
43,370000	0,254390
43,380000	0,240368
43,390000	0,201489
43,400000	0,227621
43,410000	0,236544
43,420000	0,245467
43,430000	0,219972
43,440000	0,253115
43,450000	0,198939
43,460000	0,198939
43,470000	0,278610
43,480000	0,291357
43,490000	0,262676
43,500000	0,255028
43,510000	0,255028
43,520000	0,265225
43,530000	0,272874
43,540000	0,243555
43,550000	0,225071
43,560000	0,220610
43,570000	0,228258
43,580000	0,234632
43,590000	0,233357
43,600000	0,236544
43,610000	0,220610
43,620000	0,197027
43,630000	0,200214
43,640000	0,213599
43,650000	0,228896
43,660000	0,231445
43,670000	0,228896
43,680000	0,235269
43,690000	0,235269
43,700000	0,229533
43,710000	0,232720
43,720000	0,235907
43,730000	0,234632
43,740000	0,231445
43,750000	0,240368
43,760000	0,228258
43,770000	0,234632
43,780000	0,236544
43,790000	0,228258
43,800000	0,237181
43,810000	0,235907
43,820000	0,233357
43,830000	0,241643
43,840000	0,230808
43,850000	0,233994
43,860000	0,237819
43,870000	0,234632
43,880000	0,234632
43,890000	0,244192
43,900000	0,242918
43,910000	0,232082
43,920000	0,236544
43,930000	0,244192
43,940000	0,241005
43,950000	0,242918
43,960000	0,242280
43,970000	0,247379
43,980000	0,241005
43,990000	0,239093
44,000000	0,244830
44,010000	0,231445
44,020000	0,237181
44,030000	0,233994
44,040000	0,234632
44,050000	0,232720
44,060000	0,233994
44,070000	0,237819
44,080000	0,239093
44,090000	0,230808
44,100000	0,230170
44,110000	0,228896
44,120000	0,236544
44,130000	0,228258
44,140000	0,230808
44,150000	0,230808
44,160000	0,237819
44,170000	0,226346
44,180000	0,228896
44,190000	0,228258
44,200000	0,230170
44,210000	0,236544
44,220000	0,234632
44,230000	0,232082
44,240000	0,236544
44,250000	0,238456
44,260000	0,231445
44,270000	0,234632
44,280000	0,233994
44,290000	0,237819
44,300000	0,234632
44,310000	0,235907
44,320000	0,240368
44,330000	0,232082
44,340000	0,237819
44,350000	0,232720
44,360000	0,240368
44,370000	0,237181
44,380000	0,238456
44,390000	0,239093
44,400000	0,234632
44,410000	0,241005
44,420000	0,232720
44,430000	0,237181
44,440000	0,228896
44,450000	0,229533
44,460000	0,241643
44,470000	0,232082
44,480000	0,232720
44,490000	0,233357
44,500000	0,236544
44,510000	0,239093
44,520000	0,237181
44,530000	0,240368
44,540000	0,239093
44,550000	0,230808
44,560000	0,239093
44,570000	0,237181
44,580000	0,231445
44,590000	0,237181
44,600000	0,242280
44,610000	0,240368
44,620000	0,233357
44,630000	0,234632
44,640000	0,241643
44,650000	0,240368
44,660000	0,231445
44,670000	0,232082
44,680000	0,237819
44,690000	0,223797
44,700000	0,239093
44,710000	0,236544
44,720000	0,243555
44,730000	0,233994
44,740000	0,237819
44,750000	0,237181
44,760000	0,239731
44,770000	0,235269
44,780000	0,233357
44,790000	0,226983
44,800000	0,232082
44,810000	0,225709
44,820000	0,228258
44,830000	0,232082
44,840000	0,229533
44,850000	0,235269
44,860000	0,239731
44,870000	0,239731
44,880000	0,239731
44,890000	0,231445
44,900000	0,232082
44,910000	0,234632
44,920000	0,234632
44,930000	0,228258
44,940000	0,233994
44,950000	0,236544
44,960000	0,242280
44,970000	0,228258
44,980000	0,233357
44,990000	0,225071
45,000000	0,235269
45,010000	0,230170
45,020000	0,232082
45,030000	0,230170
45,040000	0,235907
45,050000	0,228258
45,060000	0,239093
45,070000	0,226346
45,080000	0,233357
45,090000	0,235269
45,100000	0,243555
45,110000	0,235269
45,120000	0,229533
45,130000	0,238456
45,140000	0,236544
45,150000	0,235269
45,160000	0,237819
45,170000	0,232720
45,180000	0,239731
45,190000	0,235907
45,200000	0,230808
45,210000	0,240368
45,220000	0,230808
45,230000	0,244830
45,240000	0,233994
45,250000	0,245467
45,260000	0,237181
45,270000	0,239731
45,280000	0,240368
45,290000	0,222522
45,300000	0,230170
45,310000	0,236544
45,320000	0,237181
45,330000	0,234632
45,340000	0,232720
45,350000	0,242280
45,360000	0,235907
45,370000	0,228896
45,380000	0,246104
45,390000	0,237819
45,400000	0,232082
45,410000	0,230808
45,420000	0,230170
45,430000	0,229533
45,440000	0,238456
45,450000	0,234632
45,460000	0,231445
45,470000	0,230170
45,480000	0,247379
45,490000	0,223797
45,500000	0,242280
45,510000	0,235269
45,520000	0,237819
45,530000	0,236544
45,540000	0,241005
45,550000	0,228896
45,560000	0,241005
45,570000	0,233357
45,580000	0,239731
45,590000	0,232720
45,600000	0,231445
45,610000	0,232082
45,620000	0,235269
45,630000	0,238456
45,640000	0,226983
45,650000	0,238456
45,660000	0,234632
45,670000	0,232082
45,680000	0,236544
45,690000	0,242918
45,700000	0,229533
45,710000	0,234632
45,720000	0,233994
45,730000	0,239093
45,740000	0,239093
45,750000	0,228896
45,760000	0,231445
45,770000	0,236544
45,780000	0,232082
45,790000	0,233994
45,800000	0,239731
45,810000	0,237819
45,820000	0,234632
45,830000	0,233994
45,840000	0,229533
45,850000	0,234632
45,860000	0,241005
45,870000	0,236544
45,880000	0,237819
45,890000	0,225071
45,900000	0,239093
45,910000	0,237819
45,920000	0,235269
45,930000	0,220610
45,940000	0,237181
45,950000	0,225071
45,960000	0,239093
45,970000	0,234632
45,980000	0,241005
45,990000	0,237819
46,000000	0,236544
46,010000	0,232082
46,020000	0,228258
46,030000	0,232082
46,040000	0,228258
46,050000	0,238456
46,060000	0,229533
46,070000	0,232082
46,080000	0,233994
46,090000	0,235269
46,100000	0,235269
46,110000	0,241643
46,120000	0,234632
46,130000	0,240368
46,140000	0,238456
46,150000	0,231445
46,160000	0,228896
46,170000	0,225709
46,180000	0,228896
46,190000	0,235907
46,200000	0,228258
46,210000	0,234632
46,220000	0,228258
46,230000	0,232082
46,240000	0,232082
46,250000	0,240368
46,260000	0,236544
46,270000	0,233357
46,280000	0,228896
46,290000	0,239731
46,300000	0,228258
46,310000	0,238456
46,320000	0,229533
46,330000	0,242280
46,340000	0,236544
46,350000	0,233357
46,360000	0,237819
46,370000	0,233994
46,380000	0,225071
46,390000	0,224434
46,400000	0,232082
46,410000	0,240368
46,420000	0,235269
46,430000	0,233994
46,440000	0,236544
46,450000	0,230170
46,460000	0,233357
46,470000	0,242918
46,480000	0,234632
46,490000	0,229533
46,500000	0,239093
46,510000	0,233357
46,520000	0,230808
46,530000	0,234632
46,540000	0,237181
46,550000	0,230808
46,560000	0,236544
46,570000	0,232720
46,580000	0,230808
46,590000	0,228896
46,600000	0,244192
46,610000	0,230808
46,620000	0,242280
46,630000	0,240368
46,640000	0,237181
46,650000	0,233357
46,660000	0,239093
46,670000	0,237181
46,680000	0,234632
46,690000	0,233357
46,700000	0,239731
46,710000	0,234632
46,720000	0,235269
46,730000	0,238456
46,740000	0,239731
46,750000	0,234632
46,760000	0,235907
46,770000	0,234632
46,780000	0,235907
46,790000	0,233994
46,800000	0,238456
46,810000	0,241643
46,820000	0,236544
46,830000	0,237819
46,840000	0,238456
46,850000	0,229533
46,860000	0,237181
46,870000	0,237819
46,880000	0,232720
46,890000	0,226983
46,900000	0,232720
46,910000	0,241643
46,920000	0,233994
46,930000	0,232720
46,940000	0,237181
46,950000	0,229533
46,960000	0,242280
46,970000	0,226983
46,980000	0,232720
46,990000	0,237181
47,000000	0,235269
47,010000	0,230170
47,020000	0,234632
47,030000	0,228258
47,040000	0,234632
47,050000	0,242918
47,060000	0,241643
47,070000	0,235907
47,080000	0,239731
47,090000	0,239093
47,100000	0,237181
47,110000	0,232720
47,120000	0,235269
47,130000	0,232082
47,140000	0,242918
47,150000	0,226983
47,160000	0,233357
47,170000	0,230808
47,180000	0,245467
47,190000	0,236544
47,200000	0,236544
47,210000	0,233357
47,220000	0,244192
47,230000	0,229533
47,240000	0,233994
47,250000	0,243555
47,260000	0,239731
47,270000	0,236544
47,280000	0,241643
47,290000	0,242918
47,300000	0,232720
47,310000	0,236544
47,320000	0,241005
47,330000	0,237181
47,340000	0,235269
47,350000	0,241005
47,360000	0,236544
47,370000	0,230808
47,380000	0,235269
47,390000	0,230808
47,400000	0,233357
47,410000	0,234632
47,420000	0,240368
47,430000	0,233357
47,440000	0,240368
47,450000	0,238456
47,460000	0,243555
47,470000	0,240368
47,480000	0,239093
47,490000	0,244192
47,500000	0,230170
47,510000	0,240368
47,520000	0,236544
47,530000	0,232720
47,540000	0,231445
47,550000	0,231445
47,560000	0,235269
47,570000	0,237181
47,580000	0,230808
47,590000	0,229533
47,600000	0,238456
47,610000	0,235269
47,620000	0,230170
47,630000	0,238456
47,640000	0,237181
47,650000	0,232082
47,660000	0,236544
47,670000	0,229533
47,680000	0,236544
47,690000	0,233994
47,700000	0,236544
47,710000	0,228258
47,720000	0,232082
47,730000	0,237181
47,740000	0,239731
47,750000	0,227621
47,760000	0,237181
47,770000	0,228896
47,780000	0,232082
47,790000	0,227621
47,800000	0,242918
47,810000	0,231445
47,820000	0,235907
47,830000	0,232720
47,840000	0,233994
47,850000	0,226983
47,860000	0,239093
47,870000	0,228258
47,880000	0,235907
47,890000	0,229533
47,900000	0,233357
47,910000	0,230170
47,920000	0,232720
47,930000	0,236544
47,940000	0,233994
47,950000	0,229533
47,960000	0,232720
47,970000	0,235907
47,980000	0,239731
47,990000	0,223797
48,000000	0,240368
48,010000	0,231445
48,020000	0,238456
48,030000	0,233994
48,040000	0,239731
48,050000	0,238456
48,060000	0,237819
48,070000	0,231445
48,080000	0,237181
48,090000	0,230170
48,100000	0,232720
48,110000	0,233357
48,120000	0,237181
48,130000	0,232082
48,140000	0,234632
48,150000	0,237181
48,160000	0,232720
48,170000	0,231445
48,180000	0,234632
48,190000	0,225709
48,200000	0,232082
48,210000	0,232082
48,220000	0,234632
48,230000	0,236544
48,240000	0,239731
48,250000	0,237819
48,260000	0,233994
48,270000	0,239731
48,280000	0,238456
48,290000	0,227621
48,300000	0,228896
48,310000	0,241643
48,320000	0,237181
48,330000	0,232082
48,340000	0,233994
48,350000	0,229533
48,360000	0,229533
48,370000	0,230808
48,380000	0,240368
48,390000	0,232082
48,400000	0,230170
48,410000	0,229533
48,420000	0,230808
48,430000	0,237181
48,440000	0,236544
48,450000	0,226346
48,460000	0,239731
48,470000	0,234632
48,480000	0,237181
48,490000	0,231445
48,500000	0,234632
48,510000	0,232082
48,520000	0,235269
48,530000	0,233994
48,540000	0,234632
48,550000	0,233357
48,560000	0,241643
48,570000	0,235907
48,580000	0,237819
48,590000	0,228896
48,600000	0,232082
48,610000	0,232720
48,620000	0,242280
48,630000	0,229533
48,640000	0,237181
48,650000	0,234632
48,660000	0,233357
48,670000	0,239093
48,680000	0,236544
48,690000	0,238456
48,700000	0,235269
48,710000	0,242280
48,720000	0,234632
48,730000	0,241643
48,740000	0,233994
48,750000	0,233357
48,760000	0,232082
48,770000	0,235907
48,780000	0,236544
48,790000	0,236544
48,800000	0,231445
48,810000	0,241005
48,820000	0,233994
48,830000	0,229533
48,840000	0,239731
48,850000	0,237181
48,860000	0,229533
48,870000	0,233994
48,880000	0,235907
48,890000	0,242280
48,900000	0,236544
48,910000	0,235269
48,920000	0,233357
48,930000	0,240368
48,940000	0,237181
48,950000	0,235269
48,960000	0,236544
48,970000	0,233357
48,980000	0,234632
48,990000	0,233357
49,000000	0,239093
49,010000	0,231445
49,020000	0,233994
49,030000	0,234632
49,040000	0,234632
49,050000	0,245467
49,060000	0,234632
49,070000	0,237181
49,080000	0,241643
49,090000	0,244830
49,100000	0,237181
49,110000	0,236544
49,120000	0,235907
49,130000	0,230170
49,140000	0,234632
49,150000	0,235269
49,160000	0,240368
49,170000	0,235269
49,180000	0,236544
49,190000	0,242280
49,200000	0,237181
49,210000	0,236544
49,220000	0,232720
49,230000	0,236544
49,240000	0,232720
49,250000	0,232720
49,260000	0,235907
49,270000	0,240368
49,280000	0,232082
49,290000	0,235907
49,300000	0,239731
49,310000	0,230808
49,320000	0,232720
49,330000	0,232082
49,340000	0,233994
49,350000	0,242280
49,360000	0,236544
49,370000	0,239731
49,380000	0,233994
49,390000	0,235907
49,400000	0,234632
49,410000	0,239093
49,420000	0,239731
49,430000	0,233357
49,440000	0,239731
49,450000	0,236544
49,460000	0,237181
49,470000	0,232720
49,480000	0,237181
49,490000	0,228896
49,500000	0,235907
49,510000	0,233994
49,520000	0,238456
49,530000	0,235269
49,540000	0,230808
49,550000	0,241005
49,560000	0,235269
49,570000	0,229533
49,580000	0,232720
49,590000	0,237819
49,600000	0,233357
49,610000	0,243555
49,620000	0,235269
49,630000	0,237181
49,640000	0,237819
49,650000	0,228258
49,660000	0,234632
49,670000	0,239731
49,680000	0,234632
49,690000	0,244192
49,700000	0,228896
49,710000	0,236544
49,720000	0,235269
49,730000	0,236544
49,740000	0,235907
49,750000	0,233994
49,760000	0,235907
49,770000	0,230170
49,780000	0,237819
49,790000	0,233994
49,800000	0,234632
49,810000	0,228896
49,820000	0,231445
49,830000	0,232720
49,840000	0,233994
49,850000	0,228258
49,860000	0,232082
49,870000	0,230170
49,880000	0,235907
49,890000	0,234632
49,900000	0,231445
49,910000	0,227621
49,920000	0,236544
49,930000	0,224434
49,940000	0,231445
49,950000	0,233357
49,960000	0,228258
49,970000	0,242918
49,980000	0,239731
49,990000	0,233357
50,000000	0,233357
50,010000	0,230808
50,020000	0,238456
50,030000	0,226983
50,040000	0,237819
50,050000	0,231445
50,060000	0,229533
50,070000	0,239731
50,080000	0,242918
50,090000	0,228896
50,100000	0,225071
50,110000	0,228258
50,120000	0,235907
50,130000	0,233357
50,140000	0,226983
50,150000	0,238456
50,160000	0,232082
50,170000	0,242918
50,180000	0,254390
50,190000	0,239731
50,200000	0,251841
50,210000	0,244830
50,220000	0,237819
50,230000	0,230808
50,240000	0,228258
50,250000	0,228896
50,260000	0,241643
50,270000	0,241643
50,280000	0,223159
50,290000	0,226983
50,300000	0,228258
50,310000	0,230808
50,320000	0,230170
50,330000	0,267775
50,340000	0,232082
50,350000	0,220610
50,360000	0,235269
50,370000	0,269050
50,380000	0,267775
50,390000	0,268412
50,400000	0,233357
50,410000	0,237819
50,420000	0,209775
50,430000	0,226983
50,440000	0,234632
50,450000	0,219335
50,460000	0,221247
50,470000	0,208500
50,480000	0,199577
50,490000	0,195115
50,500000	0,221884
50,510000	0,225709
50,520000	0,213599
50,530000	0,214873
50,540000	0,241005
50,550000	0,229533
50,560000	0,262676
50,570000	0,221884
50,580000	0,258214
50,590000	0,234632
50,600000	0,266500
50,610000	0,228896
50,620000	0,235907
50,630000	0,198939
50,640000	0,228896
50,650000	0,227621
50,660000	0,226346
50,670000	0,293907
50,680000	0,234632
50,690000	0,216148
50,700000	0,209137
50,710000	0,241643
50,720000	0,303467
50,730000	0,251841
50,740000	0,209775
50,750000	0,242280
50,760000	0,247379
50,770000	0,249291
50,780000	0,294544
50,790000	0,240368
50,800000	0,237181
50,810000	0,199577
50,820000	0,250566
50,830000	0,219335
50,840000	0,208500
50,850000	0,233357
50,860000	0,241643
50,870000	0,242280
50,880000	0,231445
50,890000	0,225709
50,900000	0,216786
50,910000	0,247379
50,920000	0,248016
50,930000	0,239093
50,940000	0,246742
50,950000	0,244830
50,960000	0,247379
50,970000	0,221247
50,980000	0,246104
50,990000	0,247379
51,000000	0,258852
51,010000	0,262676
51,020000	0,247379
51,030000	0,257577
51,040000	0,254390
51,050000	0,263313
51,060000	0,228896
51,070000	0,267775
51,080000	0,175357
51,090000	0,283072
51,100000	0,238456
51,110000	0,215511
51,120000	0,226346
51,130000	0,224434
51,140000	0,195752
51,150000	0,218698
51,160000	0,169620
51,170000	0,230170
51,180000	0,153686
51,190000	0,232082
51,200000	0,216786
51,210000	0,207862
51,220000	0,194478
51,230000	0,165796
51,240000	0,194478
51,250000	0,252478
51,260000	0,258214
51,270000	0,229533
51,280000	0,246742
51,290000	0,249929
51,300000	0,173445
51,310000	0,163884
51,320000	0,172170
51,330000	0,214873
51,340000	0,273511
51,350000	0,242280
51,360000	0,201489
51,370000	0,231445
51,380000	0,232082
51,390000	0,236544
51,400000	0,244192
51,410000	0,238456
51,420000	0,242280
51,430000	0,238456
51,440000	0,233994
51,450000	0,230170
51,460000	0,255028
51,470000	0,236544
51,480000	0,233994
51,490000	0,239731
51,500000	0,237819
51,510000	0,234632
51,520000	0,249929
51,530000	0,241005
51,540000	0,239731
51,550000	0,235907
51,560000	0,236544
51,570000	0,232082
51,580000	0,219972
51,590000	0,233994
51,600000	0,216148
51,610000	0,228258
51,620000	0,243555
51,630000	0,246104
51,640000	0,234632
51,650000	0,242280
51,660000	0,242280
51,670000	0,248654
51,680000	0,238456
51,690000	0,249929
51,700000	0,232082
51,710000	0,226346
51,720000	0,231445
51,730000	0,237181
51,740000	0,226346
51,750000	0,226346
51,760000	0,239731
51,770000	0,248016
51,780000	0,251841
51,790000	0,223797
51,800000	0,257577
51,810000	0,235269
51,820000	0,261401
51,830000	0,221884
51,840000	0,238456
51,850000	0,239731
51,860000	0,227621
51,870000	0,230170
51,880000	0,221884
51,890000	0,231445
51,900000	0,243555
51,910000	0,270324
51,920000	0,232720
51,930000	0,256940
51,940000	0,224434
51,950000	0,205313
51,960000	0,224434
51,970000	0,226983
51,980000	0,190654
51,990000	0,249929
52,000000	0,163247
52,010000	0,284346
52,020000	0,183005
52,030000	0,205313
52,040000	0,183005
52,050000	0,206588
52,060000	0,234632
52,070000	0,249929
52,080000	0,228258
52,090000	0,272874
52,100000	0,248654
52,110000	0,234632
52,120000	0,232082
52,130000	0,299006
52,140000	0,284984
52,150000	0,282434
52,160000	0,313665
52,170000	0,239093
52,180000	0,215511
52,190000	0,208500
52,200000	0,239093
52,210000	0,225071
52,220000	0,237181
52,230000	0,234632
52,240000	0,241643
52,250000	0,225071
52,260000	0,240368
52,270000	0,229533
52,280000	0,244192
52,290000	0,228896
52,300000	0,235269
52,310000	0,230808
52,320000	0,229533
52,330000	0,234632
52,340000	0,236544
52,350000	0,232082
52,360000	0,236544
52,370000	0,230170
52,380000	0,235907
52,390000	0,233994
52,400000	0,234632
52,410000	0,235269
52,420000	0,232082
52,430000	0,230808
52,440000	0,236544
52,450000	0,234632
52,460000	0,236544
52,470000	0,230808
52,480000	0,236544
52,490000	0,234632
52,500000	0,242918
52,510000	0,241643
52,520000	0,232720
52,530000	0,236544
52,540000	0,239093
52,550000	0,241643
52,560000	0,237181
52,570000	0,229533
52,580000	0,234632
52,590000	0,228896
52,600000	0,237181
52,610000	0,228896
52,620000	0,243555
52,630000	0,233994
52,640000	0,234632
52,650000	0,231445
52,660000	0,226346
52,670000	0,234632
52,680000	0,230170
52,690000	0,235269
52,700000	0,234632
52,710000	0,230808
52,720000	0,233357
52,730000	0,233994
52,740000	0,238456
52,750000	0,237819
52,760000	0,232082
52,770000	0,230170
52,780000	0,238456
52,790000	0,232082
52,800000	0,233357
52,810000	0,237181
52,820000	0,230808
52,830000	0,239731
52,840000	0,234632
52,850000	0,231445
52,860000	0,234632
52,870000	0,234632
52,880000	0,234632
52,890000	0,238456
52,900000	0,232082
52,910000	0,229533
52,920000	0,221884
52,930000	0,239731
52,940000	0,232082
52,950000	0,235269
52,960000	0,230170
52,970000	0,242280
52,980000	0,233357
52,990000	0,242918
53,000000	0,232082
53,010000	0,234632
53,020000	0,239731
53,030000	0,244830
53,040000	0,230170
53,050000	0,239731
53,060000	0,238456
53,070000	0,240368
53,080000	0,228258
53,090000	0,242280
53,100000	0,232082
53,110000	0,236544
53,120000	0,238456
53,130000	0,234632
53,140000	0,236544
53,150000	0,239731
53,160000	0,233357
53,170000	0,230808
53,180000	0,235907
53,190000	0,232082
53,200000	0,235907
53,210000	0,226346
53,220000	0,231445
53,230000	0,225071
53,240000	0,237819
53,250000	0,231445
53,260000	0,242280
53,270000	0,228896
53,280000	0,246104
53,290000	0,228896
53,300000	0,239731
53,310000	0,232082
53,320000	0,233994
53,330000	0,237181
53,340000	0,243555
53,350000	0,234632
53,360000	0,232082
53,370000	0,237181
53,380000	0,235269
53,390000	0,229533
53,400000	0,240368
53,410000	0,231445
53,420000	0,239731
53,430000	0,240368
53,440000	0,232082
53,450000	0,230808
53,460000	0,239093
53,470000	0,230808
53,480000	0,237819
53,490000	0,232082
53,500000	0,232720
53,510000	0,232082
53,520000	0,238456
53,530000	0,232082
53,540000	0,241643
53,550000	0,230808
53,560000	0,232720
53,570000	0,234632
53,580000	0,237181
53,590000	0,233357
53,600000	0,239731
53,610000	0,228896
53,620000	0,225709
53,630000	0,233357
53,640000	0,230808
53,650000	0,236544
53,660000	0,234632
53,670000	0,237819
53,680000	0,232082
53,690000	0,242280
53,700000	0,234632
53,710000	0,236544
53,720000	0,236544
53,730000	0,236544
53,740000	0,241005
53,750000	0,239093
53,760000	0,235269
53,770000	0,230808
53,780000	0,235907
53,790000	0,234632
53,800000	0,234632
53,810000	0,234632
53,820000	0,237819
53,830000	0,236544
53,840000	0,233994
53,850000	0,231445
53,860000	0,232082
53,870000	0,235269
53,880000	0,228896
53,890000	0,238456
53,900000	0,236544
53,910000	0,231445
53,920000	0,226983
53,930000	0,238456
53,940000	0,226346
53,950000	0,233994
53,960000	0,231445
53,970000	0,238456
53,980000	0,228896
53,990000	0,238456
54,000000	0,238456
54,010000	0,232082
54,020000	0,230170
54,030000	0,228896
54,040000	0,231445
54,050000	0,234632
54,060000	0,233994
54,070000	0,238456
54,080000	0,230170
54,090000	0,240368
54,100000	0,239731
54,110000	0,241005
54,120000	0,235907
54,130000	0,236544
54,140000	0,232720
54,150000	0,239093
54,160000	0,226983
54,170000	0,230170
54,180000	0,231445
54,190000	0,228258
54,200000	0,233357
54,210000	0,228258
54,220000	0,226346
54,230000	0,228896
54,240000	0,235907
54,250000	0,230808
54,260000	0,237819
54,270000	0,241005
54,280000	0,243555
54,290000	0,234632
54,300000	0,239093
54,310000	0,226983
54,320000	0,235269
54,330000	0,232720
54,340000	0,230170
54,350000	0,231445
54,360000	0,229533
54,370000	0,234632
54,380000	0,224434
54,390000	0,232082
54,400000	0,234632
54,410000	0,239731
54,420000	0,228896
54,430000	0,229533
54,440000	0,226346
54,450000	0,234632
54,460000	0,230170
54,470000	0,240368
54,480000	0,239731
54,490000	0,237181
54,500000	0,228896
54,510000	0,238456
54,520000	0,231445
54,530000	0,236544
54,540000	0,229533
54,550000	0,237181
54,560000	0,227621
54,570000	0,241643
54,580000	0,230170
54,590000	0,228258
54,600000	0,233357
54,610000	0,241643
54,620000	0,235269
54,630000	0,228258
54,640000	0,233357
54,650000	0,228896
54,660000	0,241005
54,670000	0,242280
54,680000	0,235269
54,690000	0,236544
54,700000	0,230170
54,710000	0,228896
54,720000	0,238456
54,730000	0,233357
54,740000	0,232082
54,750000	0,235907
54,760000	0,232082
54,770000	0,238456
54,780000	0,242280
54,790000	0,233994
54,800000	0,230808
54,810000	0,235269
54,820000	0,228896
54,830000	0,236544
54,840000	0,234632
54,850000	0,236544
54,860000	0,224434
54,870000	0,236544
54,880000	0,230808
54,890000	0,241643
54,900000	0,235907
54,910000	0,234632
54,920000	0,236544
54,930000	0,239731
54,940000	0,242280
54,950000	0,238456
54,960000	0,232082
54,970000	0,233994
54,980000	0,240368
54,990000	0,228896
55,000000	0,231445
55,010000	0,242918
55,020000	0,234632
55,030000	0,237181
55,040000	0,229533
55,050000	0,239731
55,060000	0,226983
55,070000	0,238456
55,080000	0,231445
55,090000	0,233357
55,100000	0,230808
55,110000	0,232082
55,120000	0,226983
55,130000	0,231445
55,140000	0,233357
55,150000	0,233994
55,160000	0,244192
55,170000	0,236544
55,180000	0,244830
55,190000	0,243555
55,200000	0,235907
55,210000	0,234632
55,220000	0,237181
55,230000	0,242918
55,240000	0,229533
55,250000	0,235907
55,260000	0,236544
55,270000	0,234632
55,280000	0,230170
55,290000	0,230170
55,300000	0,237181
55,310000	0,239731
55,320000	0,223797
55,330000	0,235269
55,340000	0,233994
55,350000	0,239093
55,360000	0,244830
55,370000	0,238456
55,380000	0,233357
55,390000	0,238456
55,400000	0,224434
55,410000	0,232720
55,420000	0,235269
55,430000	0,237181
55,440000	0,239731
55,450000	0,236544
55,460000	0,233357
55,470000	0,235907
55,480000	0,237819
55,490000	0,234632
55,500000	0,235269
55,510000	0,226983
55,520000	0,230808
55,530000	0,237819
55,540000	0,229533
55,550000	0,236544
55,560000	0,224434
55,570000	0,230170
55,580000	0,240368
55,590000	0,237181
55,600000	0,237819
55,610000	0,238456
55,620000	0,232720
55,630000	0,237181
55,640000	0,239731
55,650000	0,235269
55,660000	0,237819
55,670000	0,242280
55,680000	0,244830
55,690000	0,230808
55,700000	0,233357
55,710000	0,235907
55,720000	0,233994
55,730000	0,232720
55,740000	0,237181
55,750000	0,233357
55,760000	0,238456
55,770000	0,235269
55,780000	0,232082
55,790000	0,230808
55,800000	0,226346
55,810000	0,235907
55,820000	0,227621
55,830000	0,238456
55,840000	0,234632
55,850000	0,231445
55,860000	0,236544
55,870000	0,233994
55,880000	0,240368
55,890000	0,232082
55,900000	0,235907
55,910000	0,232720
55,920000	0,239731
55,930000	0,234632
55,940000	0,227621
55,950000	0,239093
55,960000	0,236544
55,970000	0,233357
55,980000	0,227621
55,990000	0,234632
56,000000	0,239093
56,010000	0,231445
56,020000	0,231445
56,030000	0,235907
56,040000	0,237819
56,050000	0,228258
56,060000	0,239731
56,070000	0,237181
56,080000	0,228896
56,090000	0,232720
56,100000	0,224434
56,110000	0,230170
56,120000	0,237181
56,130000	0,234632
56,140000	0,226346
56,150000	0,233994
56,160000	0,225071
56,170000	0,232720
56,180000	0,228258
56,190000	0,239731
56,200000	0,228258
56,210000	0,230808
56,220000	0,227621
56,230000	0,235907
56,240000	0,235907
56,250000	0,233994
56,260000	0,232082
56,270000	0,231445
56,280000	0,232720
56,290000	0,236544
56,300000	0,238456
56,310000	0,238456
56,320000	0,232082
56,330000	0,233357
56,340000	0,233994
56,350000	0,237819
56,360000	0,232082
56,370000	0,236544
56,380000	0,230808
56,390000	0,235269
56,400000	0,232082
56,410000	0,235907
56,420000	0,233994
56,430000	0,241005
56,440000	0,230808
56,450000	0,237181
56,460000	0,240368
56,470000	0,237181
56,480000	0,228258
56,490000	0,238456
56,500000	0,230170
56,510000	0,239731
56,520000	0,227621
56,530000	0,232082
56,540000	0,228896
56,550000	0,233357
56,560000	0,236544
56,570000	0,233994
56,580000	0,226983
56,590000	0,235907
56,600000	0,231445
56,610000	0,232082
56,620000	0,225709
56,630000	0,233994
56,640000	0,230170
56,650000	0,239093
56,660000	0,226983
56,670000	0,239731
56,680000	0,224434
56,690000	0,234632
56,700000	0,239731
56,710000	0,239731
56,720000	0,226983
56,730000	0,237181
56,740000	0,226346
56,750000	0,234632
56,760000	0,233994
56,770000	0,238456
56,780000	0,230808
56,790000	0,239093
56,800000	0,225709
56,810000	0,241643
56,820000	0,230170
56,830000	0,237181
56,840000	0,236544
56,850000	0,241643
56,860000	0,230170
56,870000	0,236544
56,880000	0,229533
56,890000	0,237819
56,900000	0,238456
56,910000	0,239731
56,920000	0,230170
56,930000	0,240368
56,940000	0,232720
56,950000	0,238456
56,960000	0,226346
56,970000	0,236544
56,980000	0,235907
56,990000	0,240368
57,000000	0,235269
57,010000	0,238456
57,020000	0,231445
57,030000	0,236544
57,040000	0,233994
57,050000	0,237181
57,060000	0,235907
57,070000	0,244192
57,080000	0,239731
57,090000	0,239731
57,100000	0,238456
57,110000	0,235269
57,120000	0,233994
57,130000	0,235907
57,140000	0,236544
57,150000	0,233357
57,160000	0,234632
57,170000	0,238456
57,180000	0,243555
57,190000	0,240368
57,200000	0,242280
57,210000	0,239093
57,220000	0,228896
57,230000	0,237181
57,240000	0,233357
57,250000	0,237181
57,260000	0,235907
57,270000	0,239093
57,280000	0,239731
57,290000	0,234632
57,300000	0,236544
57,310000	0,235269
57,320000	0,232720
57,330000	0,241643
57,340000	0,233994
57,350000	0,237181
57,360000	0,233357
57,370000	0,232082
57,380000	0,230808
57,390000	0,239731
57,400000	0,242918
57,410000	0,233357
57,420000	0,235907
57,430000	0,235269
57,440000	0,241643
57,450000	0,236544
57,460000	0,238456
57,470000	0,236544
57,480000	0,232082
57,490000	0,235269
57,500000	0,241005
57,510000	0,232082
57,520000	0,237819
57,530000	0,235269
57,540000	0,243555
57,550000	0,230808
57,560000	0,239731
57,570000	0,236544
57,580000	0,235269
57,590000	0,234632
57,600000	0,237181
57,610000	0,234632
57,620000	0,234632
57,630000	0,233357
57,640000	0,235907
57,650000	0,230170
57,660000	0,243555
57,670000	0,238456
57,680000	0,244192
57,690000	0,232082
57,700000	0,232720
57,710000	0,231445
57,720000	0,232720
57,730000	0,229533
57,740000	0,232082
57,750000	0,241005
57,760000	0,232082
57,770000	0,233357
57,780000	0,239731
57,790000	0,235269
57,800000	0,233994
57,810000	0,227621
57,820000	0,239731
57,830000	0,232082
57,840000	0,231445
57,850000	0,232082
57,860000	0,234632
57,870000	0,234632
57,880000	0,227621
57,890000	0,235907
57,900000	0,232082
57,910000	0,234632
57,920000	0,239731
57,930000	0,232082
57,940000	0,232082
57,950000	0,230808
57,960000	0,239731
57,970000	0,231445
57,980000	0,229533
57,990000	0,234632
58,000000	0,229533
58,010000	0,232082
58,020000	0,238456
58,030000	0,237181
58,040000	0,235269
58,050000	0,233357
58,060000	0,232082
58,070000	0,233994
58,080000	0,234632
58,090000	0,232720
58,100000	0,228896
58,110000	0,226346
58,120000	0,230808
58,130000	0,232082
58,140000	0,225071
58,150000	0,232082
58,160000	0,239731
58,170000	0,233357
58,180000	0,237819
58,190000	0,234632
58,200000	0,232082
58,210000	0,230808
58,220000	0,228896
58,230000	0,233994
58,240000	0,235269
58,250000	0,230808
58,260000	0,233994
58,270000	0,234632
58,280000	0,235907
58,290000	0,228258
58,300000	0,233994
58,310000	0,229533
58,320000	0,228258
58,330000	0,236544
58,340000	0,235269
58,350000	0,238456
58,360000	0,235269
58,370000	0,241643
58,380000	0,232720
58,390000	0,234632
58,400000	0,228258
58,410000	0,237181
58,420000	0,236544
58,430000	0,234632
58,440000	0,237819
58,450000	0,233357
58,460000	0,229533
58,470000	0,230170
58,480000	0,234632
58,490000	0,235269
58,500000	0,231445
58,510000	0,231445
58,520000	0,229533
58,530000	0,238456
58,540000	0,230170
58,550000	0,230170
58,560000	0,232082
58,570000	0,239731
58,580000	0,230170
58,590000	0,239093
58,600000	0,232082
58,610000	0,238456
58,620000	0,224434
58,630000	0,232082
58,640000	0,230170
58,650000	0,222522
58,660000	0,228896
58,670000	0,233994
58,680000	0,230808
58,690000	0,230808
58,700000	0,234632
58,710000	0,235907
58,720000	0,233994
58,730000	0,237819
58,740000	0,233357
58,750000	0,236544
58,760000	0,226346
58,770000	0,234632
58,780000	0,228896
58,790000	0,237181
58,800000	0,234632
58,810000	0,236544
58,820000	0,230808
58,830000	0,231445
58,840000	0,239093
58,850000	0,237819
58,860000	0,232720
58,870000	0,242280
58,880000	0,230170
58,890000	0,238456
58,900000	0,236544
58,910000	0,238456
58,920000	0,230170
58,930000	0,235269
58,940000	0,235907
58,950000	0,239731
58,960000	0,239093
58,970000	0,239731
58,980000	0,238456
58,990000	0,237181
59,000000	0,228258
59,010000	0,241643
59,020000	0,237181
59,030000	0,235907
59,040000	0,242918
59,050000	0,232082
59,060000	0,242280
59,070000	0,235907
59,080000	0,237181
59,090000	0,234632
59,100000	0,241643
59,110000	0,232082
59,120000	0,241005
59,130000	0,234632
59,140000	0,241005
59,150000	0,232720
59,160000	0,244830
59,170000	0,232720
59,180000	0,236544
59,190000	0,232082
59,200000	0,232082
59,210000	0,234632
59,220000	0,234632
59,230000	0,239093
59,240000	0,235269
59,250000	0,232082
59,260000	0,237181
59,270000	0,230808
59,280000	0,232082
59,290000	0,231445
59,300000	0,230808
59,310000	0,235269
59,320000	0,235269
59,330000	0,232082
59,340000	0,235907
59,350000	0,233994
59,360000	0,232082
59,370000	0,238456
59,380000	0,237819
59,390000	0,235907
59,400000	0,230808
59,410000	0,231445
59,420000	0,233994
59,430000	0,230808
59,440000	0,236544
59,450000	0,236544
59,460000	0,235269
59,470000	0,231445
59,480000	0,236544
59,490000	0,234632
59,500000	0,237181
59,510000	0,237181
59,520000	0,229533
59,530000	0,234632
59,540000	0,238456
59,550000	0,239731
59,560000	0,228896
59,570000	0,230170
59,580000	0,242280
59,590000	0,234632
59,600000	0,235269
59,610000	0,227621
59,620000	0,229533
59,630000	0,229533
59,640000	0,240368
59,650000	0,234632
59,660000	0,244192
59,670000	0,229533
59,680000	0,238456
59,690000	0,229533
59,700000	0,242280
59,710000	0,233357
59,720000	0,239731
59,730000	0,234632
59,740000	0,230808
59,750000	0,233994
59,760000	0,234632
59,770000	0,233357
59,780000	0,235907
59,790000	0,248016
59,800000	0,237819
59,810000	0,255028
59,820000	0,237819
59,830000	0,237819
59,840000	0,245467
59,850000	0,231445
59,860000	0,255028
59,870000	0,244192
59,880000	0,253115
59,890000	0,240368
59,900000	0,231445
59,910000	0,238456
59,920000	0,239731
59,930000	0,244192
59,940000	0,242280
59,950000	0,226346
59,960000	0,233357
59,970000	0,212324
59,980000	0,226983
59,990000	0,218060
60,000000	0,228258
60,010000	0,217423
60,020000	0,224434
60,030000	0,228896
60,040000	0,229533
60,050000	0,225071
60,060000	0,236544
60,070000	0,235907
60,080000	0,233994
60,090000	0,233994
60,100000	0,235907
60,110000	0,242918
60,120000	0,236544
60,130000	0,234632
60,140000	0,239731
60,150000	0,233994
60,160000	0,239731
60,170000	0,225709
60,180000	0,234632
60,190000	0,235269
60,200000	0,226983
60,210000	0,241643
60,220000	0,225709
60,230000	0,237819
60,240000	0,230808
60,250000	0,234632
60,260000	0,228896
60,270000	0,228258
60,280000	0,233357
60,290000	0,242280
60,300000	0,231445
60,310000	0,237819
60,320000	0,231445
60,330000	0,235907
60,340000	0,237181
60,350000	0,241643
60,360000	0,230170
60,370000	0,238456
60,380000	0,231445
60,390000	0,230170
60,400000	0,230808
60,410000	0,231445
60,420000	0,238456
60,430000	0,231445
60,440000	0,237819
60,450000	0,226346
60,460000	0,234632
60,470000	0,234632
60,480000	0,224434
60,490000	0,237181
60,500000	0,228896
60,510000	0,232082
60,520000	0,223159
60,530000	0,229533
60,540000	0,232082
60,550000	0,221247
60,560000	0,243555
60,570000	0,232082
60,580000	0,235907
60,590000	0,225709
60,600000	0,225709
60,610000	0,235907
60,620000	0,234632
60,630000	0,225071
60,640000	0,241643
60,650000	0,233357
60,660000	0,229533
60,670000	0,208500
60,680000	0,231445
60,690000	0,221884
60,700000	0,221247
60,710000	0,226346
60,720000	0,249929
60,730000	0,232082
60,740000	0,245467
60,750000	0,241643
60,760000	0,237181
60,770000	0,233994
60,780000	0,208500
60,790000	0,229533
60,800000	0,225709
60,810000	0,221884
60,820000	0,224434
60,830000	0,244830
60,840000	0,216786
60,850000	0,251841
60,860000	0,225709
60,870000	0,280522
60,880000	0,231445
60,890000	0,236544
60,900000	0,283072
60,910000	0,235269
60,920000	0,193840
60,930000	0,241643
60,940000	0,196390
60,950000	0,239731
60,960000	0,209137
60,970000	0,232082
60,980000	0,268412
60,990000	0,232082
61,000000	0,264588
61,010000	0,292632
61,020000	0,262039
61,030000	0,276698
61,040000	0,260764
61,050000	0,207225
61,060000	0,263951
61,070000	0,234632
61,080000	0,247379
61,090000	0,237181
61,100000	0,148587
61,110000	0,226346
61,120000	0,236544
61,130000	0,246742
61,140000	0,244192
61,150000	0,230170
61,160000	0,230170
61,170000	0,306017
61,180000	0,240368
61,190000	0,286258
61,200000	0,222522
61,210000	0,260126
61,220000	0,260764
61,230000	0,226983
61,240000	0,224434
61,250000	0,228896
61,260000	0,178544
61,270000	0,260126
61,280000	0,177269
61,290000	0,241643
61,300000	0,254390
61,310000	0,253115
61,320000	0,225071
61,330000	0,235907
61,340000	0,186829
61,350000	0,202763
61,360000	0,191928
61,370000	0,262039
61,380000	0,185555
61,390000	0,242280
61,400000	0,204038
61,410000	0,246104
61,420000	0,233357
61,430000	0,239731
61,440000	0,265225
61,450000	0,262676
61,460000	0,248654
61,470000	0,253115
61,480000	0,230170
61,490000	0,257577
61,500000	0,237819
61,510000	0,248016
61,520000	0,242280
61,530000	0,248016
61,540000	0,226346
61,550000	0,241643
61,560000	0,234632
61,570000	0,232082
61,580000	0,234632
61,590000	0,237819
61,600000	0,223797
61,610000	0,241643
61,620000	0,242280
61,630000	0,230808
61,640000	0,228258
61,650000	0,232082
61,660000	0,235269
61,670000	0,231445
61,680000	0,237819
61,690000	0,226346
61,700000	0,232082
61,710000	0,223159
61,720000	0,241643
61,730000	0,227621
61,740000	0,237819
61,750000	0,239093
61,760000	0,231445
61,770000	0,235269
61,780000	0,231445
61,790000	0,236544
61,800000	0,248654
61,810000	0,234632
61,820000	0,226983
61,830000	0,244830
61,840000	0,242280
61,850000	0,242280
61,860000	0,233994
61,870000	0,227621
61,880000	0,239093
61,890000	0,249291
61,900000	0,247379
61,910000	0,231445
61,920000	0,225709
61,930000	0,231445
61,940000	0,250566
61,950000	0,232082
61,960000	0,256940
61,970000	0,237819
61,980000	0,249291
61,990000	0,233357
62,000000	0,224434
62,010000	0,228896
62,020000	0,246742
62,030000	0,225709
62,040000	0,235269
62,050000	0,239731
62,060000	0,234632
62,070000	0,262039
62,080000	0,235907
62,090000	0,219335
62,100000	0,237181
62,110000	0,251203
62,120000	0,248016
62,130000	0,250566
62,140000	0,244192
62,150000	0,234632
62,160000	0,197665
62,170000	0,222522
62,180000	0,228896
62,190000	0,219972
62,200000	0,277335
62,210000	0,242280
62,220000	0,251841
62,230000	0,244192
62,240000	0,235269
62,250000	0,253753
62,260000	0,258852
62,270000	0,163247
62,280000	0,244830
62,290000	0,207862
62,300000	0,213599
62,310000	0,146038
62,320000	0,219972
62,330000	0,192566
62,340000	0,193840
62,350000	0,200214
62,360000	0,281160
62,370000	0,247379
62,380000	0,257577
62,390000	0,270962
62,400000	0,244192
62,410000	0,235269
62,420000	0,219972
62,430000	0,226983
62,440000	0,223159
62,450000	0,230808
62,460000	0,163884
62,470000	0,231445
62,480000	0,171533
62,490000	0,258214
62,500000	0,237181
62,510000	0,258852
62,520000	0,260126
62,530000	0,285621
62,540000	0,220610
62,550000	0,302193
62,560000	0,226346
62,570000	0,272874
62,580000	0,219972
62,590000	0,207862
62,600000	0,243555
62,610000	0,207225
62,620000	0,267137
62,630000	0,261401
62,640000	0,215511
62,650000	0,248016
62,660000	0,221884
62,670000	0,250566
62,680000	0,235269
62,690000	0,240368
62,700000	0,222522
62,710000	0,228896
62,720000	0,232720
62,730000	0,223159
62,740000	0,214873
62,750000	0,240368
62,760000	0,224434
62,770000	0,237819
62,780000	0,228896
62,790000	0,242280
62,800000	0,219335
62,810000	0,237819
62,820000	0,240368
62,830000	0,232720
62,840000	0,228258
62,850000	0,233994
62,860000	0,233994
62,870000	0,234632
62,880000	0,239731
62,890000	0,232082
62,900000	0,238456
62,910000	0,235269
62,920000	0,231445
62,930000	0,235907
62,940000	0,228896
62,950000	0,234632
62,960000	0,232082
62,970000	0,239731
62,980000	0,234632
62,990000	0,241643
63,000000	0,232082
63,010000	0,233357
63,020000	0,239731
63,030000	0,241005
63,040000	0,234632
63,050000	0,233357
63,060000	0,235269
63,070000	0,230808
63,080000	0,226983
63,090000	0,233357
63,100000	0,232720
63,110000	0,235269
63,120000	0,233357
63,130000	0,239731
63,140000	0,235269
63,150000	0,232082
63,160000	0,239093
63,170000	0,231445
63,180000	0,227621
63,190000	0,225071
63,200000	0,226983
63,210000	0,223797
63,220000	0,222522
63,230000	0,233357
63,240000	0,232082
63,250000	0,230170
63,260000	0,234632
63,270000	0,232082
63,280000	0,238456
63,290000	0,234632
63,300000	0,237819
63,310000	0,227621
63,320000	0,239093
63,330000	0,237181
63,340000	0,234632
63,350000	0,239093
63,360000	0,228896
63,370000	0,236544
63,380000	0,229533
63,390000	0,239731
63,400000	0,241005
63,410000	0,241005
63,420000	0,252478
63,430000	0,238456
63,440000	0,253115
63,450000	0,236544
63,460000	0,248654
63,470000	0,233357
63,480000	0,248016
63,490000	0,243555
63,500000	0,235907
63,510000	0,262039
63,520000	0,233357
63,530000	0,232082
63,540000	0,241005
63,550000	0,255028
63,560000	0,252478
63,570000	0,256302
63,580000	0,255665
63,590000	0,244192
63,600000	0,227621
63,610000	0,235269
63,620000	0,208500
63,630000	0,238456
63,640000	0,205313
63,650000	0,231445
63,660000	0,239093
63,670000	0,231445
63,680000	0,248016
63,690000	0,241005
63,700000	0,248654
63,710000	0,247379
63,720000	0,242918
63,730000	0,228258
63,740000	0,232720
63,750000	0,185555
63,760000	0,233357
63,770000	0,186192
63,780000	0,224434
63,790000	0,195115
63,800000	0,229533
63,810000	0,231445
63,820000	0,246742
63,830000	0,238456
63,840000	0,262039
63,850000	0,238456
63,860000	0,246742
63,870000	0,245467
63,880000	0,244192
63,890000	0,235269
63,900000	0,232082
63,910000	0,230808
63,920000	0,230170
63,930000	0,231445
63,940000	0,230170
63,950000	0,239093
63,960000	0,230808
63,970000	0,234632
63,980000	0,221247
63,990000	0,232082
64,000000	0,232082
64,010000	0,226346
64,020000	0,232082
64,030000	0,230808
64,040000	0,227621
64,050000	0,230808
64,060000	0,231445
64,070000	0,235269
64,080000	0,231445
64,090000	0,234632
64,100000	0,232082
64,110000	0,242280
64,120000	0,231445
64,130000	0,239731
64,140000	0,233994
64,150000	0,236544
64,160000	0,232082
64,170000	0,235269
64,180000	0,237181
64,190000	0,230170
64,200000	0,232720
64,210000	0,237181
64,220000	0,229533
64,230000	0,239731
64,240000	0,226346
64,250000	0,233357
64,260000	0,229533
64,270000	0,232720
64,280000	0,228896
64,290000	0,232720
64,300000	0,233357
64,310000	0,232720
64,320000	0,231445
64,330000	0,230808
64,340000	0,226983
64,350000	0,237819
64,360000	0,234632
64,370000	0,237181
64,380000	0,233357
64,390000	0,232082
64,400000	0,233357
64,410000	0,235907
64,420000	0,234632
64,430000	0,232082
64,440000	0,235269
64,450000	0,226346
64,460000	0,238456
64,470000	0,233994
64,480000	0,234632
64,490000	0,227621
64,500000	0,232082
64,510000	0,229533
64,520000	0,228258
64,530000	0,233357
64,540000	0,227621
64,550000	0,226346
64,560000	0,226346
64,570000	0,233994
64,580000	0,230808
64,590000	0,236544
64,600000	0,230808
64,610000	0,230808
64,620000	0,228258
64,630000	0,229533
64,640000	0,234632
64,650000	0,237181
64,660000	0,235269
64,670000	0,232082
64,680000	0,232082
64,690000	0,235269
64,700000	0,233357
64,710000	0,230808
64,720000	0,234632
64,730000	0,228258
64,740000	0,220610
64,750000	0,228258
64,760000	0,235269
64,770000	0,230170
64,780000	0,232082
64,790000	0,228896
64,800000	0,234632
64,810000	0,232082
64,820000	0,237181
64,830000	0,229533
64,840000	0,232082
64,850000	0,231445
64,860000	0,229533
64,870000	0,233357
64,880000	0,232720
64,890000	0,225071
64,900000	0,232082
64,910000	0,234632
64,920000	0,234632
64,930000	0,227621
64,940000	0,237181
64,950000	0,235269
64,960000	0,234632
64,970000	0,239093
64,980000	0,231445
64,990000	0,226983
65,000000	0,226346
65,010000	0,232720
65,020000	0,228896
65,030000	0,236544
65,040000	0,240368
65,050000	0,232082
65,060000	0,239731
65,070000	0,235907
65,080000	0,234632
65,090000	0,232082
65,100000	0,235269
65,110000	0,232720
65,120000	0,231445
65,130000	0,232720
65,140000	0,241643
65,150000	0,229533
65,160000	0,235269
65,170000	0,239731
65,180000	0,237819
65,190000	0,235907
65,200000	0,237819
65,210000	0,234632
65,220000	0,234632
65,230000	0,248654
65,240000	0,235907
65,250000	0,239731
65,260000	0,233357
65,270000	0,243555
65,280000	0,236544
65,290000	0,232082
65,300000	0,236544
65,310000	0,240368
65,320000	0,233357
65,330000	0,235907
65,340000	0,232720
65,350000	0,232082
65,360000	0,236544
65,370000	0,237819
65,380000	0,242280
65,390000	0,231445
65,400000	0,235269
65,410000	0,228258
65,420000	0,237181
65,430000	0,237181
65,440000	0,239731
65,450000	0,242280
65,460000	0,232082
65,470000	0,234632
65,480000	0,242918
65,490000	0,228258
65,500000	0,235907
65,510000	0,239731
65,520000	0,241005
65,530000	0,232082
65,540000	0,237819
65,550000	0,229533
65,560000	0,232082
65,570000	0,235269
65,580000	0,233357
65,590000	0,232082
65,600000	0,234632
65,610000	0,238456
65,620000	0,239731
65,630000	0,239731
65,640000	0,232082
65,650000	0,235907
65,660000	0,235907
65,670000	0,230808
65,680000	0,234632
65,690000	0,233994
65,700000	0,240368
65,710000	0,241005
65,720000	0,229533
65,730000	0,227621
65,740000	0,234632
65,750000	0,236544
65,760000	0,229533
65,770000	0,228896
65,780000	0,230808
65,790000	0,233357
65,800000	0,236544
65,810000	0,236544
65,820000	0,236544
65,830000	0,238456
65,840000	0,237181
65,850000	0,236544
65,860000	0,235907
65,870000	0,230808
65,880000	0,232720
65,890000	0,238456
65,900000	0,240368
65,910000	0,233357
65,920000	0,226983
65,930000	0,239093
65,940000	0,235907
65,950000	0,241005
65,960000	0,237181
65,970000	0,232082
65,980000	0,233994
65,990000	0,226983
66,000000	0,238456
66,010000	0,233357
66,020000	0,242918
66,030000	0,232082
66,040000	0,233357
66,050000	0,225071
66,060000	0,228258
66,070000	0,230808
66,080000	0,241005
66,090000	0,234632
66,100000	0,237181
66,110000	0,236544
66,120000	0,230170
66,130000	0,240368
66,140000	0,225071
66,150000	0,244192
66,160000	0,230170
66,170000	0,232082
66,180000	0,235907
66,190000	0,231445
66,200000	0,230170
66,210000	0,237819
66,220000	0,229533
66,230000	0,244830
66,240000	0,230170
66,250000	0,242918
66,260000	0,233994
66,270000	0,233357
66,280000	0,230170
66,290000	0,237181
66,300000	0,235269
66,310000	0,241643
66,320000	0,232720
66,330000	0,232082
66,340000	0,234632
66,350000	0,230170
66,360000	0,233994
66,370000	0,230808
66,380000	0,227621
66,390000	0,224434
66,400000	0,233357
66,410000	0,235269
66,420000	0,229533
66,430000	0,232082
66,440000	0,224434
66,450000	0,236544
66,460000	0,232720
66,470000	0,229533
66,480000	0,230170
66,490000	0,229533
66,500000	0,225709
66,510000	0,232082
66,520000	0,226983
66,530000	0,228896
66,540000	0,230170
66,550000	0,228258
66,560000	0,226346
66,570000	0,233357
66,580000	0,229533
66,590000	0,230808
66,600000	0,238456
66,610000	0,233994
66,620000	0,224434
66,630000	0,229533
66,640000	0,233994
66,650000	0,233357
66,660000	0,233994
66,670000	0,237181
66,680000	0,224434
66,690000	0,232082
66,700000	0,234632
66,710000	0,230808
66,720000	0,233994
66,730000	0,232720
66,740000	0,232082
66,750000	0,234632
66,760000	0,232720
66,770000	0,239093
66,780000	0,233357
66,790000	0,232082
66,800000	0,232720
66,810000	0,233357
66,820000	0,232720
66,830000	0,225709
66,840000	0,238456
66,850000	0,232720
66,860000	0,229533
66,870000	0,234632
66,880000	0,235269
66,890000	0,237181
66,900000	0,235907
66,910000	0,224434
66,920000	0,233994
66,930000	0,227621
66,940000	0,230808
66,950000	0,234632
66,960000	0,230808
66,970000	0,239093
66,980000	0,234632
66,990000	0,222522
67,000000	0,229533
67,010000	0,237181
67,020000	0,225709
67,030000	0,230808
67,040000	0,237181
67,050000	0,236544
67,060000	0,236544
67,070000	0,242280
67,080000	0,232720
67,090000	0,239093
67,100000	0,229533
67,110000	0,228896
67,120000	0,234632
67,130000	0,239093
67,140000	0,230808
67,150000	0,242280
67,160000	0,242280
67,170000	0,232720
67,180000	0,230808
67,190000	0,230808
67,200000	0,232720
67,210000	0,236544
67,220000	0,244830
67,230000	0,228896
67,240000	0,233994
67,250000	0,231445
67,260000	0,239093
67,270000	0,229533
67,280000	0,230808
67,290000	0,233357
67,300000	0,243555
67,310000	0,227621
67,320000	0,239731
67,330000	0,233357
67,340000	0,238456
67,350000	0,228258
67,360000	0,239093
67,370000	0,226983
67,380000	0,239093
67,390000	0,234632
67,400000	0,234632
67,410000	0,240368
67,420000	0,242918
67,430000	0,238456
67,440000	0,238456
67,450000	0,236544
67,460000	0,238456
67,470000	0,234632
67,480000	0,243555
67,490000	0,232082
67,500000	0,237181
67,510000	0,235269
67,520000	0,233994
67,530000	0,228896
67,540000	0,228896
67,550000	0,231445
67,560000	0,235907
67,570000	0,228896
67,580000	0,234632
67,590000	0,228896
67,600000	0,239093
67,610000	0,235269
67,620000	0,237819
67,630000	0,234632
67,640000	0,235269
67,650000	0,232720
67,660000	0,239731
67,670000	0,242280
67,680000	0,236544
67,690000	0,232082
67,700000	0,233357
67,710000	0,243555
67,720000	0,241643
67,730000	0,242280
67,740000	0,237819
67,750000	0,235269
67,760000	0,239731
67,770000	0,239093
67,780000	0,242280
67,790000	0,230808
67,800000	0,243555
67,810000	0,239731
67,820000	0,239093
67,830000	0,239731
67,840000	0,234632
67,850000	0,244830
67,860000	0,241005
67,870000	0,226983
67,880000	0,233994
67,890000	0,228896
67,900000	0,235907
67,910000	0,230808
67,920000	0,239731
67,930000	0,234632
67,940000	0,234632
67,950000	0,235907
67,960000	0,236544
67,970000	0,241643
67,980000	0,233357
67,990000	0,225071
68,000000	0,237819
68,010000	0,235907
68,020000	0,235269
68,030000	0,235907
68,040000	0,234632
68,050000	0,227621
68,060000	0,234632
68,070000	0,239731
68,080000	0,233357
68,090000	0,232082
68,100000	0,237181
68,110000	0,235269
68,120000	0,233357
68,130000	0,231445
68,140000	0,239731
68,150000	0,239093
68,160000	0,234632
68,170000	0,216786
68,180000	0,242280
68,190000	0,224434
68,200000	0,242280
68,210000	0,226346
68,220000	0,230808
68,230000	0,235907
68,240000	0,226983
68,250000	0,233994
68,260000	0,231445
68,270000	0,235269
68,280000	0,233357
68,290000	0,228896
68,300000	0,232082
68,310000	0,236544
68,320000	0,232082
68,330000	0,240368
68,340000	0,228258
68,350000	0,234632
68,360000	0,233357
68,370000	0,239731
68,380000	0,228258
68,390000	0,228896
68,400000	0,229533
68,410000	0,228258
68,420000	0,235907
68,430000	0,232720
68,440000	0,231445
68,450000	0,230170
68,460000	0,226346
68,470000	0,235907
68,480000	0,235269
68,490000	0,239731
68,500000	0,234632
68,510000	0,221247
68,520000	0,228258
68,530000	0,228258
68,540000	0,232720
68,550000	0,226346
68,560000	0,234632
68,570000	0,235269
68,580000	0,237181
68,590000	0,231445
68,600000	0,227621
68,610000	0,223159
68,620000	0,233357
68,630000	0,223797
68,640000	0,234632
68,650000	0,232720
68,660000	0,233357
68,670000	0,232720
68,680000	0,232082
68,690000	0,231445
68,700000	0,231445
68,710000	0,226346
68,720000	0,236544
68,730000	0,231445
68,740000	0,238456
68,750000	0,225709
68,760000	0,230808
68,770000	0,227621
68,780000	0,236544
68,790000	0,235907
68,800000	0,237819
68,810000	0,236544
68,820000	0,229533
68,830000	0,232720
68,840000	0,232720
68,850000	0,219335
68,860000	0,227621
68,870000	0,232720
68,880000	0,237181
68,890000	0,225709
68,900000	0,237181
68,910000	0,230170
68,920000	0,232720
68,930000	0,232082
68,940000	0,232082
68,950000	0,236544
68,960000	0,236544
68,970000	0,232082
68,980000	0,238456
68,990000	0,234632
69,000000	0,237819
69,010000	0,228896
69,020000	0,238456
69,030000	0,230808
69,040000	0,239093
69,050000	0,229533
69,060000	0,239731
69,070000	0,236544
69,080000	0,240368
69,090000	0,229533
69,100000	0,242918
69,110000	0,235269
69,120000	0,233994
69,130000	0,225071
69,140000	0,232082
69,150000	0,233357
69,160000	0,237819
69,170000	0,229533
69,180000	0,242280
69,190000	0,231445
69,200000	0,238456
69,210000	0,228896
69,220000	0,239731
69,230000	0,235907
69,240000	0,241005
69,250000	0,237819
69,260000	0,238456
69,270000	0,231445
69,280000	0,231445
69,290000	0,237181
69,300000	0,235907
69,310000	0,229533
69,320000	0,236544
69,330000	0,238456
69,340000	0,233994
69,350000	0,239093
69,360000	0,230170
69,370000	0,228258
69,380000	0,232082
69,390000	0,239731
69,400000	0,236544
69,410000	0,244830
69,420000	0,242280
69,430000	0,238456
69,440000	0,234632
69,450000	0,241005
69,460000	0,234632
69,470000	0,230170
69,480000	0,232720
69,490000	0,235269
69,500000	0,236544
69,510000	0,236544
69,520000	0,239093
69,530000	0,224434
69,540000	0,239731
69,550000	0,244192
69,560000	0,234632
69,570000	0,232082
69,580000	0,235907
69,590000	0,233357
69,600000	0,234632
69,610000	0,236544
69,620000	0,233357
69,630000	0,240368
69,640000	0,237181
69,650000	0,233994
69,660000	0,235907
69,670000	0,237181
69,680000	0,239731
69,690000	0,233994
69,700000	0,237181
69,710000	0,229533
69,720000	0,233994
69,730000	0,241005
69,740000	0,235907
69,750000	0,239093
69,760000	0,233357
69,770000	0,232082
69,780000	0,228258
69,790000	0,237819
69,800000	0,234632
69,810000	0,233994
69,820000	0,228896
69,830000	0,235269
69,840000	0,230808
69,850000	0,232082
69,860000	0,232082
69,870000	0,233357
69,880000	0,237181
69,890000	0,236544
69,900000	0,239731
69,910000	0,237181
69,920000	0,239731
69,930000	0,233994
69,940000	0,233357
69,950000	0,232720
69,960000	0,231445
69,970000	0,225071
69,980000	0,232082
69,990000	0,237181
70,000000	0,234632
70,010000	0,233994
70,020000	0,239093
70,030000	0,223797
70,040000	0,235907
70,050000	0,224434
70,060000	0,242280
70,070000	0,226983
70,080000	0,232082
70,090000	0,229533
70,100000	0,235269
70,110000	0,232720
70,120000	0,235907
70,130000	0,236544
70,140000	0,242918
70,150000	0,233357
70,160000	0,235907
70,170000	0,232082
70,180000	0,235907
70,190000	0,233357
70,200000	0,234632
70,210000	0,230808
70,220000	0,230170
70,230000	0,230808
70,240000	0,238456
70,250000	0,233994
70,260000	0,237819
70,270000	0,241643
70,280000	0,235907
70,290000	0,228258
70,300000	0,233357
70,310000	0,230170
70,320000	0,235907
70,330000	0,232082
70,340000	0,235907
70,350000	0,239731
70,360000	0,231445
70,370000	0,232082
70,380000	0,232720
70,390000	0,229533
70,400000	0,232082
70,410000	0,227621
70,420000	0,236544
70,430000	0,234632
70,440000	0,235907
70,450000	0,235269
70,460000	0,235907
70,470000	0,232082
70,480000	0,236544
70,490000	0,225071
70,500000	0,230808
70,510000	0,228896
70,520000	0,232082
70,530000	0,234632
70,540000	0,229533
70,550000	0,236544
70,560000	0,237181
70,570000	0,231445
70,580000	0,235269
70,590000	0,232720
70,600000	0,232720
70,610000	0,236544
70,620000	0,230808
70,630000	0,232082
70,640000	0,232720
70,650000	0,233357
70,660000	0,239093
70,670000	0,234632
70,680000	0,236544
70,690000	0,231445
70,700000	0,239093
70,710000	0,233994
70,720000	0,228258
70,730000	0,231445
70,740000	0,232082
70,750000	0,227621
70,760000	0,226346
70,770000	0,225709
70,780000	0,233994
70,790000	0,223797
70,800000	0,231445
70,810000	0,228896
70,820000	0,226983
70,830000	0,230170
70,840000	0,232082
70,850000	0,225709
70,860000	0,230170
70,870000	0,230170
70,880000	0,236544
70,890000	0,232082
70,900000	0,237181
70,910000	0,223797
70,920000	0,233357
70,930000	0,228258
70,940000	0,233357
70,950000	0,236544
70,960000	0,230808
70,970000	0,231445
70,980000	0,230170
70,990000	0,232720
71,000000	0,229533
71,010000	0,233994
71,020000	0,229533
71,030000	0,233357
71,040000	0,231445
71,050000	0,229533
71,060000	0,233357
71,070000	0,235907
71,080000	0,233357
71,090000	0,234632
71,100000	0,228258
71,110000	0,232720
71,120000	0,233357
71,130000	0,238456
71,140000	0,237181
71,150000	0,230808
71,160000	0,232720
71,170000	0,234632
71,180000	0,232082
71,190000	0,229533
71,200000	0,233994
71,210000	0,232720
71,220000	0,237181
71,230000	0,233994
71,240000	0,236544
71,250000	0,224434
71,260000	0,231445
71,270000	0,228258
71,280000	0,234632
71,290000	0,230808
71,300000	0,235907
71,310000	0,237181
71,320000	0,234632
71,330000	0,229533
71,340000	0,239731
71,350000	0,231445
71,360000	0,234632
71,370000	0,234632
71,380000	0,241643
71,390000	0,234632
71,400000	0,235907
71,410000	0,233357
71,420000	0,235907
71,430000	0,235269
71,440000	0,241005
71,450000	0,240368
71,460000	0,232720
71,470000	0,236544
71,480000	0,234632
71,490000	0,239093
71,500000	0,236544
71,510000	0,243555
71,520000	0,238456
71,530000	0,238456
71,540000	0,228258
71,550000	0,241005
71,560000	0,233357
71,570000	0,237181
71,580000	0,232082
71,590000	0,235269
71,600000	0,229533
71,610000	0,236544
71,620000	0,232082
71,630000	0,230170
71,640000	0,234632
71,650000	0,230170
71,660000	0,234632
71,670000	0,233994
71,680000	0,237819
71,690000	0,238456
71,700000	0,234632
71,710000	0,237181
71,720000	0,241643
71,730000	0,234632
71,740000	0,235269
71,750000	0,230170
71,760000	0,234632
71,770000	0,234632
71,780000	0,232082
71,790000	0,234632
71,800000	0,232720
71,810000	0,244192
71,820000	0,235907
71,830000	0,237819
71,840000	0,236544
71,850000	0,235269
71,860000	0,233357
71,870000	0,237819
71,880000	0,236544
71,890000	0,235269
71,900000	0,235907
71,910000	0,228896
71,920000	0,239093
71,930000	0,235269
71,940000	0,235269
71,950000	0,239731
71,960000	0,236544
71,970000	0,235269
71,980000	0,239731
71,990000	0,237819
72,000000	0,237819
72,010000	0,230808
72,020000	0,229533
72,030000	0,228896
72,040000	0,232082
72,050000	0,234632
72,060000	0,229533
72,070000	0,226983
72,080000	0,236544
72,090000	0,232082
72,100000	0,237181
72,110000	0,232082
72,120000	0,241005
72,130000	0,233357
72,140000	0,241643
72,150000	0,234632
72,160000	0,233357
72,170000	0,234632
72,180000	0,239093
72,190000	0,235907
72,200000	0,233357
72,210000	0,229533
72,220000	0,235907
72,230000	0,235907
72,240000	0,234632
72,250000	0,232082
72,260000	0,233357
72,270000	0,232082
72,280000	0,235269
72,290000	0,234632
72,300000	0,238456
72,310000	0,234632
72,320000	0,234632
72,330000	0,233357
72,340000	0,234632
72,350000	0,232720
72,360000	0,230170
72,370000	0,230170
72,380000	0,234632
72,390000	0,235269
72,400000	0,235907
72,410000	0,234632
72,420000	0,235907
72,430000	0,237819
72,440000	0,235907
72,450000	0,229533
72,460000	0,233357
72,470000	0,238456
72,480000	0,235907
72,490000	0,225071
72,500000	0,235269
72,510000	0,226983
72,520000	0,244192
72,530000	0,234632
72,540000	0,234632
72,550000	0,227621
72,560000	0,235269
72,570000	0,236544
72,580000	0,228896
72,590000	0,240368
72,600000	0,229533
72,610000	0,235269
72,620000	0,235907
72,630000	0,241005
72,640000	0,235907
72,650000	0,241005
72,660000	0,235907
72,670000	0,235269
72,680000	0,234632
72,690000	0,228896
72,700000	0,232082
72,710000	0,235907
72,720000	0,226983
72,730000	0,229533
72,740000	0,232720
72,750000	0,230808
72,760000	0,233357
72,770000	0,232720
72,780000	0,223159
72,790000	0,231445
72,800000	0,230170
72,810000	0,230808
72,820000	0,229533
72,830000	0,225709
72,840000	0,234632
72,850000	0,224434
72,860000	0,228896
72,870000	0,224434
72,880000	0,236544
72,890000	0,230808
72,900000	0,230808
72,910000	0,232082
72,920000	0,237181
72,930000	0,232720
72,940000	0,234632
72,950000	0,226346
72,960000	0,230170
72,970000	0,228896
72,980000	0,235269
72,990000	0,230170
73,000000	0,231445
73,010000	0,235907
73,020000	0,234632
73,030000	0,235907
73,040000	0,230170
73,050000	0,228258
73,060000	0,242280
73,070000	0,237181
73,080000	0,237819
73,090000	0,232082
73,100000	0,240368
73,110000	0,223797
73,120000	0,229533
73,130000	0,228258
73,140000	0,226346
73,150000	0,223159
73,160000	0,228896
73,170000	0,226346
73,180000	0,230170
73,190000	0,233994
73,200000	0,229533
73,210000	0,226346
73,220000	0,233357
73,230000	0,226983
73,240000	0,239093
73,250000	0,235269
73,260000	0,233357
73,270000	0,228896
73,280000	0,232082
73,290000	0,226983
73,300000	0,230808
73,310000	0,236544
73,320000	0,232082
73,330000	0,224434
73,340000	0,233357
73,350000	0,232720
73,360000	0,232082
73,370000	0,231445
73,380000	0,231445
73,390000	0,228896
73,400000	0,230170
73,410000	0,232082
73,420000	0,228258
73,430000	0,233357
73,440000	0,230170
73,450000	0,224434
73,460000	0,234632
73,470000	0,230170
73,480000	0,231445
73,490000	0,236544
73,500000	0,234632
73,510000	0,226983
73,520000	0,233994
73,530000	0,229533
73,540000	0,234632
73,550000	0,226983
73,560000	0,237181
73,570000	0,233994
73,580000	0,233357
73,590000	0,235907
73,600000	0,236544
73,610000	0,232082
73,620000	0,242280
73,630000	0,230170
73,640000	0,242280
73,650000	0,221247
73,660000	0,245467
73,670000	0,228258
73,680000	0,244830
73,690000	0,228258
73,700000	0,244192
73,710000	0,230170
73,720000	0,246104
73,730000	0,237819
73,740000	0,249929
73,750000	0,237181
73,760000	0,251203
73,770000	0,253115
73,780000	0,249929
73,790000	0,239731
73,800000	0,266500
73,810000	0,234632
73,820000	0,248654
73,830000	0,238456
73,840000	0,230808
73,850000	0,235269
73,860000	0,248654
73,870000	0,269687
73,880000	0,251203
73,890000	0,246742
73,900000	0,244830
73,910000	0,243555
73,920000	0,231445
73,930000	0,226346
73,940000	0,238456
73,950000	0,213599
73,960000	0,208500
73,970000	0,228258
73,980000	0,204676
73,990000	0,234632
74,000000	0,219972
74,010000	0,253753
74,020000	0,232082
74,030000	0,248654
74,040000	0,239731
74,050000	0,272236
74,060000	0,242280
74,070000	0,226983
74,080000	0,216786
74,090000	0,178544
74,100000	0,212324
74,110000	0,153049
74,120000	0,202763
74,130000	0,144763
74,140000	0,235269
74,150000	0,197027
74,160000	0,205313
74,170000	0,199577
74,180000	0,242918
74,190000	0,206588
74,200000	0,292632
74,210000	0,209137
74,220000	0,299006
74,230000	0,202126
74,240000	0,280522
74,250000	0,209137
74,260000	0,253115
74,270000	0,237819
74,280000	0,219972
74,290000	0,242280
74,300000	0,245467
74,310000	0,239093
74,320000	0,250566
74,330000	0,223159
74,340000	0,254390
74,350000	0,235269
74,360000	0,237819
74,370000	0,238456
74,380000	0,232720
74,390000	0,242280
74,400000	0,231445
74,410000	0,226346
74,420000	0,237819
74,430000	0,237181
74,440000	0,232082
74,450000	0,228258
74,460000	0,223159
74,470000	0,231445
74,480000	0,235907
74,490000	0,223797
74,500000	0,233357
74,510000	0,228258
74,520000	0,233994
74,530000	0,230170
74,540000	0,235269
74,550000	0,228896
74,560000	0,226346
74,570000	0,224434
74,580000	0,232082
74,590000	0,234632
74,600000	0,229533
74,610000	0,242280
74,620000	0,241005
74,630000	0,239731
74,640000	0,236544
74,650000	0,223159
74,660000	0,241643
74,670000	0,233357
74,680000	0,224434
74,690000	0,234632
74,700000	0,221884
74,710000	0,236544
74,720000	0,225709
74,730000	0,231445
74,740000	0,225071
74,750000	0,219335
74,760000	0,230170
74,770000	0,232082
74,780000	0,235269
74,790000	0,249929
74,800000	0,239731
74,810000	0,242280
74,820000	0,236544
74,830000	0,254390
74,840000	0,232082
74,850000	0,233994
74,860000	0,229533
74,870000	0,221884
74,880000	0,255665
74,890000	0,222522
74,900000	0,241005
74,910000	0,224434
74,920000	0,237181
74,930000	0,238456
74,940000	0,246104
74,950000	0,235907
74,960000	0,234632
74,970000	0,223159
74,980000	0,236544
74,990000	0,179181
75,000000	0,232082
75,010000	0,220610
75,020000	0,228258
75,030000	0,212961
75,040000	0,223797
75,050000	0,235269
75,060000	0,255028
75,070000	0,204676
75,080000	0,198939
75,090000	0,213599
75,100000	0,248654
75,110000	0,229533
75,120000	0,241643
75,130000	0,205313
75,140000	0,219335
75,150000	0,177906
75,160000	0,229533
75,170000	0,186192
75,180000	0,226983
75,190000	0,230170
75,200000	0,224434
75,210000	0,265863
75,220000	0,219335
75,230000	0,226346
75,240000	0,256940
75,250000	0,233357
75,260000	0,244830
75,270000	0,257577
75,280000	0,249929
75,290000	0,254390
75,300000	0,235907
75,310000	0,241643
75,320000	0,252478
75,330000	0,224434
75,340000	0,240368
75,350000	0,236544
75,360000	0,182368
75,370000	0,235907
75,380000	0,234632
75,390000	0,256302
75,400000	0,293907
75,410000	0,239093
75,420000	0,334698
75,430000	0,212961
75,440000	0,214236
75,450000	0,266500
75,460000	0,263951
75,470000	0,236544
75,480000	0,249291
75,490000	0,179181
75,500000	0,245467
75,510000	0,178544
75,520000	0,238456
75,530000	0,188104
75,540000	0,256940
75,550000	0,224434
75,560000	0,222522
75,570000	0,220610
75,580000	0,225709
75,590000	0,206588
75,600000	0,235269
75,610000	0,225709
75,620000	0,236544
75,630000	0,222522
75,640000	0,233357
75,650000	0,240368
75,660000	0,229533
75,670000	0,237181
75,680000	0,234632
75,690000	0,235907
75,700000	0,221884
75,710000	0,237819
75,720000	0,234632
75,730000	0,234632
75,740000	0,239731
75,750000	0,242918
75,760000	0,233357
75,770000	0,244192
75,780000	0,230170
75,790000	0,230170
75,800000	0,241643
75,810000	0,237181
75,820000	0,231445
75,830000	0,234632
75,840000	0,233357
75,850000	0,238456
75,860000	0,229533
75,870000	0,235269
75,880000	0,238456
75,890000	0,241005
75,900000	0,232082
75,910000	0,230808
75,920000	0,221884
75,930000	0,238456
75,940000	0,221884
75,950000	0,230170
75,960000	0,233994
75,970000	0,223797
75,980000	0,238456
75,990000	0,239731
76,000000	0,233994
76,010000	0,240368
76,020000	0,230170
76,030000	0,237181
76,040000	0,236544
76,050000	0,214873
76,060000	0,226983
76,070000	0,230170
76,080000	0,230170
76,090000	0,227621
76,100000	0,217423
76,110000	0,229533
76,120000	0,239731
76,130000	0,230170
76,140000	0,239731
76,150000	0,231445
76,160000	0,235907
76,170000	0,228258
76,180000	0,222522
76,190000	0,233994
76,200000	0,229533
76,210000	0,211049
76,220000	0,238456
76,230000	0,229533
76,240000	0,235269
76,250000	0,251841
76,260000	0,235269
76,270000	0,234632
76,280000	0,241005
76,290000	0,238456
76,300000	0,262676
76,310000	0,231445
76,320000	0,218060
76,330000	0,246742
76,340000	0,221884
76,350000	0,233357
76,360000	0,225071
76,370000	0,238456
76,380000	0,251841
76,390000	0,233357
76,400000	0,249929
76,410000	0,260126
76,420000	0,244830
76,430000	0,277335
76,440000	0,241643
76,450000	0,246742
76,460000	0,252478
76,470000	0,264588
76,480000	0,262676
76,490000	0,248654
76,500000	0,205950
76,510000	0,247379
76,520000	0,239731
76,530000	0,221247
76,540000	0,223797
76,550000	0,241005
76,560000	0,193840
76,570000	0,218698
76,580000	0,232720
76,590000	0,234632
76,600000	0,229533
76,610000	0,234632
76,620000	0,244830
76,630000	0,248654
76,640000	0,228258
76,650000	0,225071
76,660000	0,212961
76,670000	0,168346
76,680000	0,229533
76,690000	0,153686
76,700000	0,221247
76,710000	0,171533
76,720000	0,224434
76,730000	0,228896
76,740000	0,212961
76,750000	0,239731
76,760000	0,255665
76,770000	0,236544
76,780000	0,249291
76,790000	0,233994
76,800000	0,251203
76,810000	0,229533
76,820000	0,246742
76,830000	0,235907
76,840000	0,239093
76,850000	0,236544
76,860000	0,226983
76,870000	0,234632
76,880000	0,223797
76,890000	0,227621
76,900000	0,230808
76,910000	0,237181
76,920000	0,232720
76,930000	0,224434
76,940000	0,222522
76,950000	0,225709
76,960000	0,224434
76,970000	0,228258
76,980000	0,224434
76,990000	0,232720
77,000000	0,236544
77,010000	0,231445
77,020000	0,233357
77,030000	0,232082
77,040000	0,233357
77,050000	0,223797
77,060000	0,232720
77,070000	0,230808
77,080000	0,232082
77,090000	0,228258
77,100000	0,237181
77,110000	0,230808
77,120000	0,233357
77,130000	0,232082
77,140000	0,234632
77,150000	0,232082
77,160000	0,235269
77,170000	0,232720
77,180000	0,234632
77,190000	0,231445
77,200000	0,230808
77,210000	0,231445
77,220000	0,228258
77,230000	0,234632
77,240000	0,230808
77,250000	0,236544
77,260000	0,234632
77,270000	0,244192
77,280000	0,238456
77,290000	0,236544
77,300000	0,230170
77,310000	0,240368
77,320000	0,237181
77,330000	0,236544
77,340000	0,235269
77,350000	0,237181
77,360000	0,232082
77,370000	0,234632
77,380000	0,238456
77,390000	0,237819
77,400000	0,237181
77,410000	0,230808
77,420000	0,234632
77,430000	0,234632
77,440000	0,237819
77,450000	0,233357
77,460000	0,242918
77,470000	0,237181
77,480000	0,236544
77,490000	0,229533
77,500000	0,234632
77,510000	0,239093
77,520000	0,226346
77,530000	0,232082
77,540000	0,224434
77,550000	0,225709
77,560000	0,219972
77,570000	0,226983
77,580000	0,218060
77,590000	0,232082
77,600000	0,228258
77,610000	0,229533
77,620000	0,234632
77,630000	0,221884
77,640000	0,230170
77,650000	0,216786
77,660000	0,233357
77,670000	0,234632
77,680000	0,230808
77,690000	0,232082
77,700000	0,231445
77,710000	0,228896
77,720000	0,237181
77,730000	0,231445
77,740000	0,239731
77,750000	0,235907
77,760000	0,247379
77,770000	0,234632
77,780000	0,242918
77,790000	0,239093
77,800000	0,240368
77,810000	0,243555
77,820000	0,235269
77,830000	0,239731
77,840000	0,232082
77,850000	0,228258
77,860000	0,239731
77,870000	0,226346
77,880000	0,242918
77,890000	0,231445
77,900000	0,237181
77,910000	0,237181
77,920000	0,229533
77,930000	0,232082
77,940000	0,228896
77,950000	0,242918
77,960000	0,228896
77,970000	0,233357
77,980000	0,234632
77,990000	0,238456
78,000000	0,223159
78,010000	0,239731
78,020000	0,228896
78,030000	0,232082
78,040000	0,225071
78,050000	0,235269
78,060000	0,234632
78,070000	0,237181
78,080000	0,232082
78,090000	0,235907
78,100000	0,237181
78,110000	0,233357
78,120000	0,237819
78,130000	0,233994
78,140000	0,232720
78,150000	0,237819
78,160000	0,241643
78,170000	0,232720
78,180000	0,237181
78,190000	0,227621
78,200000	0,235269
78,210000	0,229533
78,220000	0,234632
78,230000	0,235269
78,240000	0,235907
78,250000	0,230808
78,260000	0,237181
78,270000	0,235269
78,280000	0,232082
78,290000	0,228258
78,300000	0,235269
78,310000	0,225071
78,320000	0,229533
78,330000	0,233994
78,340000	0,233994
78,350000	0,235269
78,360000	0,232720
78,370000	0,233994
78,380000	0,235269
78,390000	0,224434
78,400000	0,236544
78,410000	0,234632
78,420000	0,239093
78,430000	0,231445
78,440000	0,237181
78,450000	0,236544
78,460000	0,237819
78,470000	0,224434
78,480000	0,231445
78,490000	0,239093
78,500000	0,230808
78,510000	0,229533
78,520000	0,234632
78,530000	0,236544
78,540000	0,237181
78,550000	0,235269
78,560000	0,241643
78,570000	0,229533
78,580000	0,236544
78,590000	0,222522
78,600000	0,226983
78,610000	0,236544
78,620000	0,225709
78,630000	0,223797
78,640000	0,230808
78,650000	0,230170
78,660000	0,231445
78,670000	0,229533
78,680000	0,228258
78,690000	0,241643
78,700000	0,225071
78,710000	0,226983
78,720000	0,230170
78,730000	0,226983
78,740000	0,229533
78,750000	0,228258
78,760000	0,227621
78,770000	0,233994
78,780000	0,230808
78,790000	0,229533
78,800000	0,229533
78,810000	0,234632
78,820000	0,227621
78,830000	0,226346
78,840000	0,225071
78,850000	0,237181
78,860000	0,232720
78,870000	0,241643
78,880000	0,228896
78,890000	0,235907
78,900000	0,221884
78,910000	0,233994
78,920000	0,235269
78,930000	0,228258
78,940000	0,228896
78,950000	0,235907
78,960000	0,235907
78,970000	0,232082
78,980000	0,230808
78,990000	0,235907
79,000000	0,236544
79,010000	0,230170
79,020000	0,237819
79,030000	0,231445
79,040000	0,228258
79,050000	0,229533
79,060000	0,238456
79,070000	0,235269
79,080000	0,232720
79,090000	0,226346
79,100000	0,230808
79,110000	0,234632
79,120000	0,236544
79,130000	0,230808
79,140000	0,243555
79,150000	0,225071
79,160000	0,240368
79,170000	0,233357
79,180000	0,222522
79,190000	0,226983
79,200000	0,231445
79,210000	0,235269
79,220000	0,230170
79,230000	0,232720
79,240000	0,226983
79,250000	0,236544
79,260000	0,236544
79,270000	0,230808
79,280000	0,235269
79,290000	0,230808
79,300000	0,226346
79,310000	0,232720
79,320000	0,232082
79,330000	0,232082
79,340000	0,228258
79,350000	0,229533
79,360000	0,232720
79,370000	0,226983
79,380000	0,223797
79,390000	0,227621
79,400000	0,230808
79,410000	0,238456
79,420000	0,239731
79,430000	0,226983
79,440000	0,241005
79,450000	0,235907
79,460000	0,234632
79,470000	0,229533
79,480000	0,232082
79,490000	0,232082
79,500000	0,232082
79,510000	0,237819
79,520000	0,230170
79,530000	0,235907
79,540000	0,231445
79,550000	0,227621
79,560000	0,240368
79,570000	0,240368
79,580000	0,241643
79,590000	0,235269
79,600000	0,228258
79,610000	0,226346
79,620000	0,234632
79,630000	0,232082
79,640000	0,232082
79,650000	0,238456
79,660000	0,228896
79,670000	0,233994
79,680000	0,229533
79,690000	0,237181
79,700000	0,230808
79,710000	0,235269
79,720000	0,232720
79,730000	0,235269
79,740000	0,231445
79,750000	0,238456
79,760000	0,227621
79,770000	0,227621
79,780000	0,231445
79,790000	0,243555
79,800000	0,238456
79,810000	0,233994
79,820000	0,230808
79,830000	0,230808
79,840000	0,227621
79,850000	0,233357
79,860000	0,235269
79,870000	0,239093
79,880000	0,228896
79,890000	0,235907
79,900000	0,226346
79,910000	0,235907
79,920000	0,237181
79,930000	0,235907
79,940000	0,237819
79,950000	0,228896
79,960000	0,236544
79,970000	0,237181
79,980000	0,233357
79,990000	0,239731
80,000000	0,239731
80,010000	0,238456
80,020000	0,235269
80,030000	0,232720
80,040000	0,232082
80,050000	0,235269
80,060000	0,235907
80,070000	0,243555
80,080000	0,234632
80,090000	0,240368
80,100000	0,237181
80,110000	0,236544
80,120000	0,236544
80,130000	0,235907
80,140000	0,232082
80,150000	0,241005
80,160000	0,235907
80,170000	0,232082
80,180000	0,229533
80,190000	0,230808
80,200000	0,237181
80,210000	0,236544
80,220000	0,242280
80,230000	0,233994
80,240000	0,237819
80,250000	0,225709
80,260000	0,241005
80,270000	0,232720
80,280000	0,230808
80,290000	0,226983
80,300000	0,233357
80,310000	0,230808
80,320000	0,239731
80,330000	0,230808
80,340000	0,234632
80,350000	0,226346
80,360000	0,228258
80,370000	0,235907
80,380000	0,239731
80,390000	0,230170
80,400000	0,226346
80,410000	0,225071
80,420000	0,236544
80,430000	0,226346
80,440000	0,234632
80,450000	0,232720
80,460000	0,237181
80,470000	0,231445
80,480000	0,228258
80,490000	0,237819
80,500000	0,225071
80,510000	0,235907
80,520000	0,235907
80,530000	0,235907
80,540000	0,223797
80,550000	0,233994
80,560000	0,235907
80,570000	0,233357
80,580000	0,230808
80,590000	0,239731
80,600000	0,220610
80,610000	0,237181
80,620000	0,235269
80,630000	0,235907
80,640000	0,228896
80,650000	0,230808
80,660000	0,233994
80,670000	0,239731
80,680000	0,230170
80,690000	0,228258
80,700000	0,241005
80,710000	0,230808
80,720000	0,219335
80,730000	0,231445
80,740000	0,231445
80,750000	0,226346
80,760000	0,226346
80,770000	0,228258
80,780000	0,228258
80,790000	0,228896
80,800000	0,237181
80,810000	0,228896
80,820000	0,232082
80,830000	0,232720
80,840000	0,226983
80,850000	0,238456
80,860000	0,222522
80,870000	0,228258
80,880000	0,244192
80,890000	0,234632
80,900000	0,228896
80,910000	0,230170
80,920000	0,230170
80,930000	0,227621
80,940000	0,235269
80,950000	0,226983
80,960000	0,223159
80,970000	0,233357
80,980000	0,230808
80,990000	0,233357
81,000000	0,241005
81,010000	0,235269
81,020000	0,235269
81,030000	0,231445
81,040000	0,237181
81,050000	0,232082
81,060000	0,239731
81,070000	0,236544
81,080000	0,233357
81,090000	0,232720
81,100000	0,228258
81,110000	0,238456
81,120000	0,234632
81,130000	0,233357
81,140000	0,233994
81,150000	0,234632
81,160000	0,228896
81,170000	0,229533
81,180000	0,234632
81,190000	0,232720
81,200000	0,245467
81,210000	0,234632
81,220000	0,237819
81,230000	0,229533
81,240000	0,240368
81,250000	0,229533
81,260000	0,235269
81,270000	0,238456
81,280000	0,232720
81,290000	0,229533
81,300000	0,238456
81,310000	0,232720
81,320000	0,228896
81,330000	0,232720
81,340000	0,225071
81,350000	0,230808
81,360000	0,225071
81,370000	0,234632
81,380000	0,237181
81,390000	0,233357
81,400000	0,228258
81,410000	0,233994
81,420000	0,239093
81,430000	0,232720
81,440000	0,234632
81,450000	0,232082
81,460000	0,238456
81,470000	0,239731
81,480000	0,232720
81,490000	0,232082
81,500000	0,233357
81,510000	0,231445
81,520000	0,235269
81,530000	0,235907
81,540000	0,237181
81,550000	0,237819
81,560000	0,241005
81,570000	0,230808
81,580000	0,241005
81,590000	0,236544
81,600000	0,228258
81,610000	0,234632
81,620000	0,229533
81,630000	0,239093
81,640000	0,233994
81,650000	0,235269
81,660000	0,234632
81,670000	0,230808
81,680000	0,239731
81,690000	0,237181
81,700000	0,236544
81,710000	0,233994
81,720000	0,228258
81,730000	0,240368
81,740000	0,239093
81,750000	0,235907
81,760000	0,241005
81,770000	0,233994
81,780000	0,232082
81,790000	0,233357
81,800000	0,238456
81,810000	0,237181
81,820000	0,239093
81,830000	0,234632
81,840000	0,235269
81,850000	0,231445
81,860000	0,235907
81,870000	0,233994
81,880000	0,237819
81,890000	0,237819
81,900000	0,226983
81,910000	0,235269
81,920000	0,227621
81,930000	0,231445
81,940000	0,237181
81,950000	0,239093
81,960000	0,240368
81,970000	0,233994
81,980000	0,232082
81,990000	0,239731
82,000000	0,230808
82,010000	0,233357
82,020000	0,228258
82,030000	0,233357
82,040000	0,233357
82,050000	0,230170
82,060000	0,228896
82,070000	0,232082
82,080000	0,237819
82,090000	0,233357
82,100000	0,237181
82,110000	0,232720
82,120000	0,239731
82,130000	0,233357
82,140000	0,232082
82,150000	0,232082
82,160000	0,232082
82,170000	0,230170
82,180000	0,233357
82,190000	0,229533
82,200000	0,233357
82,210000	0,228258
82,220000	0,237819
82,230000	0,232082
82,240000	0,239093
82,250000	0,228258
82,260000	0,230170
82,270000	0,235269
82,280000	0,230170
82,290000	0,239731
82,300000	0,239731
82,310000	0,228258
82,320000	0,239731
82,330000	0,228258
82,340000	0,240368
82,350000	0,228896
82,360000	0,231445
82,370000	0,230808
82,380000	0,238456
82,390000	0,232082
82,400000	0,226983
82,410000	0,231445
82,420000	0,226983
82,430000	0,231445
82,440000	0,226983
82,450000	0,229533
82,460000	0,221884
82,470000	0,234632
82,480000	0,231445
82,490000	0,233994
82,500000	0,226346
82,510000	0,230808
82,520000	0,228896
82,530000	0,236544
82,540000	0,235907
82,550000	0,233357
82,560000	0,240368
82,570000	0,230170
82,580000	0,227621
82,590000	0,229533
82,600000	0,230808
82,610000	0,231445
82,620000	0,226346
82,630000	0,228896
82,640000	0,225071
82,650000	0,239731
82,660000	0,229533
82,670000	0,235269
82,680000	0,230170
82,690000	0,232082
82,700000	0,226346
82,710000	0,232082
82,720000	0,223159
82,730000	0,235907
82,740000	0,228258
82,750000	0,230808
82,760000	0,232720
82,770000	0,235269
82,780000	0,232082
82,790000	0,231445
82,800000	0,239731
82,810000	0,228896
82,820000	0,225071
82,830000	0,227621
82,840000	0,228896
82,850000	0,233357
82,860000	0,228258
82,870000	0,239093
82,880000	0,237181
82,890000	0,234632
82,900000	0,233357
82,910000	0,234632
82,920000	0,224434
82,930000	0,234632
82,940000	0,233357
82,950000	0,234632
82,960000	0,229533
82,970000	0,235907
82,980000	0,233357
82,990000	0,235907
83,000000	0,232082
83,010000	0,231445
83,020000	0,229533
83,030000	0,235907
83,040000	0,228896
83,050000	0,235269
83,060000	0,231445
83,070000	0,236544
83,080000	0,226346
83,090000	0,230808
83,100000	0,235907
83,110000	0,228896
83,120000	0,226983
83,130000	0,232720
83,140000	0,232720
83,150000	0,230808
83,160000	0,227621
83,170000	0,230170
83,180000	0,227621
83,190000	0,233994
83,200000	0,232082
83,210000	0,226346
83,220000	0,236544
83,230000	0,235269
83,240000	0,237819
83,250000	0,235269
83,260000	0,239093
83,270000	0,232720
83,280000	0,232082
83,290000	0,235907
83,300000	0,227621
83,310000	0,231445
83,320000	0,228258
83,330000	0,228896
83,340000	0,238456
83,350000	0,235907
83,360000	0,228896
83,370000	0,237819
83,380000	0,240368
83,390000	0,233994
83,400000	0,239731
83,410000	0,234632
83,420000	0,233994
83,430000	0,234632
83,440000	0,235269
83,450000	0,234632
83,460000	0,232082
83,470000	0,233994
83,480000	0,235907
83,490000	0,230170
83,500000	0,240368
83,510000	0,232720
83,520000	0,226346
83,530000	0,239731
83,540000	0,228896
83,550000	0,238456
83,560000	0,232082
83,570000	0,239093
83,580000	0,229533
83,590000	0,237819
83,600000	0,239093
83,610000	0,235269
83,620000	0,234632
83,630000	0,239731
83,640000	0,228258
83,650000	0,237181
83,660000	0,237181
83,670000	0,240368
83,680000	0,229533
83,690000	0,239093
83,700000	0,233357
83,710000	0,237181
83,720000	0,228258
83,730000	0,234632
83,740000	0,229533
83,750000	0,237181
83,760000	0,235907
83,770000	0,234632
83,780000	0,243555
83,790000	0,235269
83,800000	0,230170
83,810000	0,236544
83,820000	0,233357
83,830000	0,239093
83,840000	0,229533
83,850000	0,239731
83,860000	0,234632
83,870000	0,237819
83,880000	0,235269
83,890000	0,236544
83,900000	0,234632
83,910000	0,236544
83,920000	0,232082
83,930000	0,237181
83,940000	0,241005
83,950000	0,237819
83,960000	0,233357
83,970000	0,234632
83,980000	0,232082
83,990000	0,233994
84,000000	0,239093
84,010000	0,237181
84,020000	0,230808
84,030000	0,237181
84,040000	0,234632
84,050000	0,230808
84,060000	0,226346
84,070000	0,235269
84,080000	0,230170
84,090000	0,235269
84,100000	0,229533
84,110000	0,237181
84,120000	0,234632
84,130000	0,234632
84,140000	0,227621
84,150000	0,232720
84,160000	0,234632
84,170000	0,238456
84,180000	0,233357
84,190000	0,234632
84,200000	0,230808
84,210000	0,232720
84,220000	0,232082
84,230000	0,235269
84,240000	0,234632
84,250000	0,233994
84,260000	0,232720
84,270000	0,235907
84,280000	0,231445
84,290000	0,242280
84,300000	0,235269
84,310000	0,237819
84,320000	0,231445
84,330000	0,235907
84,340000	0,233357
84,350000	0,237819
84,360000	0,232720
84,370000	0,228896
84,380000	0,234632
84,390000	0,232082
84,400000	0,232082
84,410000	0,230170
84,420000	0,233357
84,430000	0,233357
84,440000	0,235907
84,450000	0,232720
84,460000	0,229533
84,470000	0,236544
84,480000	0,233357
84,490000	0,239731
84,500000	0,233357
84,510000	0,234632
84,520000	0,233994
84,530000	0,235269
84,540000	0,242280
84,550000	0,235269
84,560000	0,225709
84,570000	0,229533
84,580000	0,239093
84,590000	0,229533
84,600000	0,234632
84,610000	0,232720
84,620000	0,228258
84,630000	0,232082
84,640000	0,227621
84,650000	0,232082
84,660000	0,229533
84,670000	0,230170
84,680000	0,219972
84,690000	0,228258
84,700000	0,224434
84,710000	0,237819
84,720000	0,228896
84,730000	0,234632
84,740000	0,231445
84,750000	0,239731
84,760000	0,235269
84,770000	0,231445
84,780000	0,226983
84,790000	0,235269
84,800000	0,226346
84,810000	0,237181
84,820000	0,231445
84,830000	0,232720
84,840000	0,233994
84,850000	0,229533
84,860000	0,225071
84,870000	0,226983
84,880000	0,238456
84,890000	0,233357
84,900000	0,230808
84,910000	0,230808
84,920000	0,232082
84,930000	0,228896
84,940000	0,234632
84,950000	0,233994
84,960000	0,229533
84,970000	0,234632
84,980000	0,228896
84,990000	0,233994
85,000000	0,226983
85,010000	0,233357
85,020000	0,230170
85,030000	0,229533
85,040000	0,232082
85,050000	0,228896
85,060000	0,230170
85,070000	0,228258
85,080000	0,223797
85,090000	0,232720
85,100000	0,230808
85,110000	0,231445
85,120000	0,234632
85,130000	0,232720
85,140000	0,229533
85,150000	0,226983
85,160000	0,237819
85,170000	0,228896
85,180000	0,232720
85,190000	0,233994
85,200000	0,228896
85,210000	0,228896
85,220000	0,237181
85,230000	0,231445
85,240000	0,233994
85,250000	0,232082
85,260000	0,225709
85,270000	0,235269
85,280000	0,234632
85,290000	0,233994
85,300000	0,227621
85,310000	0,232082
85,320000	0,228258
85,330000	0,231445
85,340000	0,232720
85,350000	0,234632
85,360000	0,230170
85,370000	0,233357
85,380000	0,234632
85,390000	0,237819
85,400000	0,228258
85,410000	0,239731
85,420000	0,233994
85,430000	0,228896
85,440000	0,232082
85,450000	0,232082
85,460000	0,237819
85,470000	0,235269
85,480000	0,237181
85,490000	0,235269
85,500000	0,239731
85,510000	0,234632
85,520000	0,240368
85,530000	0,236544
85,540000	0,242280
85,550000	0,241643
85,560000	0,244192
85,570000	0,244192
85,580000	0,230808
85,590000	0,231445
85,600000	0,233357
85,610000	0,223159
85,620000	0,231445
85,630000	0,233357
85,640000	0,235907
85,650000	0,239093
85,660000	0,228896
85,670000	0,232082
85,680000	0,220610
85,690000	0,239093
85,700000	0,223159
85,710000	0,239731
85,720000	0,233994
85,730000	0,234632
85,740000	0,219335
85,750000	0,230808
85,760000	0,222522
85,770000	0,229533
85,780000	0,224434
85,790000	0,225071
85,800000	0,229533
85,810000	0,237819
85,820000	0,236544
85,830000	0,233994
85,840000	0,238456
85,850000	0,235907
85,860000	0,235269
85,870000	0,233994
85,880000	0,235269
85,890000	0,238456
85,900000	0,228258
85,910000	0,234632
85,920000	0,235269
85,930000	0,242918
85,940000	0,231445
85,950000	0,233357
85,960000	0,242280
85,970000	0,235907
85,980000	0,239093
85,990000	0,241005
86,000000	0,232082
86,010000	0,239731
86,020000	0,233357
86,030000	0,233994
86,040000	0,226983
86,050000	0,230808
86,060000	0,231445
86,070000	0,235907
86,080000	0,234632
86,090000	0,226983
86,100000	0,229533
86,110000	0,232720
86,120000	0,232082
86,130000	0,233357
86,140000	0,235269
86,150000	0,235907
86,160000	0,228258
86,170000	0,235269
86,180000	0,242918
86,190000	0,233357
86,200000	0,235269
86,210000	0,237181
86,220000	0,238456
86,230000	0,228258
86,240000	0,230170
86,250000	0,233357
86,260000	0,226983
86,270000	0,232082
86,280000	0,227621
86,290000	0,228258
86,300000	0,230808
86,310000	0,233357
86,320000	0,224434
86,330000	0,232082
86,340000	0,219972
86,350000	0,232720
86,360000	0,232082
86,370000	0,234632
86,380000	0,227621
86,390000	0,219972
86,400000	0,221884
86,410000	0,236544
86,420000	0,233357
86,430000	0,224434
86,440000	0,232082
86,450000	0,214873
86,460000	0,229533
86,470000	0,215511
86,480000	0,236544
86,490000	0,216786
86,500000	0,226983
86,510000	0,228258
86,520000	0,228258
86,530000	0,219972
86,540000	0,261401
86,550000	0,230808
86,560000	0,248016
86,570000	0,233357
86,580000	0,249291
86,590000	0,239093
86,600000	0,233994
86,610000	0,203401
86,620000	0,230808
86,630000	0,295182
86,640000	0,228896
86,650000	0,218060
86,660000	0,237819
86,670000	0,206588
86,680000	0,251203
86,690000	0,248016
86,700000	0,320676
86,710000	0,246104
86,720000	0,296456
86,730000	0,233357
86,740000	0,255028
86,750000	0,232082
86,760000	0,204038
86,770000	0,247379
86,780000	0,248016
86,790000	0,267775
86,800000	0,235907
86,810000	0,228258
86,820000	0,235269
86,830000	0,238456
86,840000	0,235269
86,850000	0,223159
86,860000	0,260126
86,870000	0,234632
86,880000	0,185555
86,890000	0,225071
86,900000	0,247379
86,910000	0,252478
86,920000	0,239731
86,930000	0,246742
86,940000	0,212961
86,950000	0,208500
86,960000	0,204038
86,970000	0,243555
86,980000	0,214873
86,990000	0,216786
87,000000	0,200851
87,010000	0,126280
87,020000	0,205313
87,030000	0,137115
87,040000	0,235907
87,050000	0,199577
87,060000	0,235907
87,070000	0,200851
87,080000	0,238456
87,090000	0,230170
87,100000	0,282434
87,110000	0,202763
87,120000	0,238456
87,130000	0,194478
87,140000	0,255028
87,150000	0,244830
87,160000	0,263313
87,170000	0,244830
87,180000	0,236544
87,190000	0,233994
87,200000	0,246742
87,210000	0,226346
87,220000	0,234632
87,230000	0,230808
87,240000	0,237181
87,250000	0,233994
87,260000	0,234632
87,270000	0,228258
87,280000	0,232720
87,290000	0,226346
87,300000	0,230170
87,310000	0,228896
87,320000	0,220610
87,330000	0,235907
87,340000	0,219335
87,350000	0,237181
87,360000	0,225071
87,370000	0,230170
87,380000	0,227621
87,390000	0,234632
87,400000	0,226346
87,410000	0,236544
87,420000	0,233357
87,430000	0,231445
87,440000	0,231445
87,450000	0,230808
87,460000	0,232082
87,470000	0,244192
87,480000	0,239731
87,490000	0,240368
87,500000	0,221884
87,510000	0,236544
87,520000	0,227621
87,530000	0,232082
87,540000	0,235269
87,550000	0,231445
87,560000	0,234632
87,570000	0,229533
87,580000	0,221884
87,590000	0,238456
87,600000	0,250566
87,610000	0,241643
87,620000	0,232720
87,630000	0,243555
87,640000	0,232720
87,650000	0,248016
87,660000	0,226983
87,670000	0,217423
87,680000	0,235907
87,690000	0,226346
87,700000	0,244830
87,710000	0,228896
87,720000	0,243555
87,730000	0,228896
87,740000	0,229533
87,750000	0,244192
87,760000	0,249291
87,770000	0,229533
87,780000	0,260764
87,790000	0,233357
87,800000	0,195752
87,810000	0,232720
87,820000	0,249291
87,830000	0,236544
87,840000	0,237819
87,850000	0,198939
87,860000	0,248016
87,870000	0,275423
87,880000	0,247379
87,890000	0,268412
87,900000	0,228896
87,910000	0,241643
87,920000	0,231445
87,930000	0,279885
87,940000	0,242280
87,950000	0,226983
87,960000	0,206588
87,970000	0,234632
87,980000	0,139664
87,990000	0,214236
88,000000	0,236544
88,010000	0,221884
88,020000	0,155598
88,030000	0,241643
88,040000	0,235907
88,050000	0,246742
88,060000	0,235907
88,070000	0,237181
88,080000	0,221247
88,090000	0,246104
88,100000	0,230170
88,110000	0,279247
88,120000	0,215511
88,130000	0,249291
88,140000	0,236544
88,150000	0,209775
88,160000	0,239093
88,170000	0,224434
88,180000	0,221884
88,190000	0,216786
88,200000	0,218698
88,210000	0,236544
88,220000	0,248654
88,230000	0,253753
88,240000	0,273511
88,250000	0,267137
88,260000	0,225071
88,270000	0,264588
88,280000	0,285621
88,290000	0,260126
88,300000	0,343621
88,310000	0,221884
88,320000	0,326413
88,330000	0,216148
88,340000	0,257577
88,350000	0,234632
88,360000	0,249291
88,370000	0,219972
88,380000	0,261401
88,390000	0,188104
88,400000	0,255665
88,410000	0,211049
88,420000	0,255665
88,430000	0,216786
88,440000	0,234632
88,450000	0,209775
88,460000	0,213599
88,470000	0,215511
88,480000	0,230170
88,490000	0,214236
88,500000	0,224434
88,510000	0,218698
88,520000	0,235907
88,530000	0,225071
88,540000	0,229533
88,550000	0,233357
88,560000	0,232082
88,570000	0,233994
88,580000	0,230170
88,590000	0,241643
88,600000	0,224434
88,610000	0,233357
88,620000	0,224434
88,630000	0,234632
88,640000	0,222522
88,650000	0,232082
88,660000	0,233994
88,670000	0,233357
88,680000	0,225071
88,690000	0,233357
88,700000	0,234632
88,710000	0,232082
88,720000	0,242280
88,730000	0,228258
88,740000	0,239093
88,750000	0,223159
88,760000	0,235269
88,770000	0,226983
88,780000	0,238456
88,790000	0,220610
88,800000	0,231445
88,810000	0,226346
88,820000	0,237181
88,830000	0,232082
88,840000	0,237181
88,850000	0,221884
88,860000	0,238456
88,870000	0,229533
88,880000	0,230808
88,890000	0,231445
88,900000	0,223797
88,910000	0,216148
88,920000	0,223797
88,930000	0,219972
88,940000	0,221884
88,950000	0,224434
88,960000	0,223159
88,970000	0,236544
88,980000	0,228896
88,990000	0,227621
89,000000	0,227621
89,010000	0,229533
89,020000	0,224434
89,030000	0,225709
89,040000	0,240368
89,050000	0,232720
89,060000	0,215511
89,070000	0,225709
89,080000	0,224434
89,090000	0,226346
89,100000	0,228896
89,110000	0,252478
89,120000	0,237819
89,130000	0,239731
89,140000	0,229533
89,150000	0,214873
89,160000	0,233357
89,170000	0,201489
89,180000	0,228896
89,190000	0,214873
89,200000	0,221884
89,210000	0,239093
89,220000	0,252478
89,230000	0,234632
89,240000	0,296456
89,250000	0,246104
89,260000	0,277335
89,270000	0,242280
89,280000	0,244830
89,290000	0,256940
89,300000	0,244192
89,310000	0,219335
89,320000	0,241643
89,330000	0,226983
89,340000	0,239093
89,350000	0,243555
89,360000	0,229533
89,370000	0,241005
89,380000	0,223797
89,390000	0,234632
89,400000	0,219335
89,410000	0,236544
89,420000	0,216148
89,430000	0,223159
89,440000	0,207862
89,450000	0,235269
89,460000	0,256302
89,470000	0,233994
89,480000	0,260126
89,490000	0,240368
89,500000	0,253753
89,510000	0,226983
89,520000	0,239731
89,530000	0,203401
89,540000	0,207862
89,550000	0,176631
89,560000	0,216786
89,570000	0,172807
89,580000	0,228896
89,590000	0,229533
89,600000	0,234632
89,610000	0,254390
89,620000	0,237181
89,630000	0,256302
89,640000	0,244192
89,650000	0,237819
89,660000	0,248654
89,670000	0,232082
89,680000	0,243555
89,690000	0,228896
89,700000	0,236544
89,710000	0,219972
89,720000	0,238456
89,730000	0,230170
89,740000	0,226983
89,750000	0,239093
89,760000	0,232720
89,770000	0,230808
89,780000	0,234632
89,790000	0,223797
89,800000	0,233357
89,810000	0,228896
89,820000	0,232082
89,830000	0,230808
89,840000	0,231445
89,850000	0,229533
89,860000	0,236544
89,870000	0,238456
89,880000	0,233994
89,890000	0,239093
89,900000	0,233994
89,910000	0,244830
89,920000	0,238456
89,930000	0,239093
89,940000	0,233357
89,950000	0,235907
89,960000	0,238456
89,970000	0,237181
89,980000	0,241005
89,990000	0,239731
90,000000	0,233994
90,010000	0,231445
90,020000	0,235907
90,030000	0,235907
90,040000	0,240368
90,050000	0,230170
90,060000	0,228258
90,070000	0,233994
90,080000	0,240368
90,090000	0,230808
90,100000	0,237819
90,110000	0,232082
90,120000	0,238456
90,130000	0,235907
90,140000	0,235269
90,150000	0,232082
90,160000	0,241005
90,170000	0,236544
90,180000	0,237181
90,190000	0,234632
90,200000	0,239731
90,210000	0,236544
90,220000	0,235907
90,230000	0,237181
90,240000	0,231445
90,250000	0,233357
90,260000	0,235269
90,270000	0,230808
90,280000	0,230808
90,290000	0,234632
90,300000	0,233357
90,310000	0,229533
90,320000	0,234632
90,330000	0,232082
90,340000	0,232720
90,350000	0,225071
90,360000	0,232082
90,370000	0,228896
90,380000	0,233994
90,390000	0,230808
90,400000	0,230808
90,410000	0,227621
90,420000	0,230808
90,430000	0,232720
90,440000	0,232720
90,450000	0,230808
90,460000	0,221247
90,470000	0,230170
90,480000	0,223797
90,490000	0,232720
90,500000	0,226346
90,510000	0,224434
90,520000	0,226983
90,530000	0,233357
90,540000	0,231445
90,550000	0,230170
90,560000	0,233994
90,570000	0,233994
90,580000	0,228896
90,590000	0,232720
90,600000	0,240368
90,610000	0,230170
90,620000	0,238456
90,630000	0,233357
90,640000	0,241005
90,650000	0,234632
90,660000	0,233357
90,670000	0,230170
90,680000	0,233994
90,690000	0,241005
90,700000	0,232720
90,710000	0,233357
90,720000	0,232082
90,730000	0,235269
90,740000	0,239731
90,750000	0,238456
90,760000	0,234632
90,770000	0,227621
90,780000	0,228896
90,790000	0,239731
90,800000	0,232082
90,810000	0,235269
90,820000	0,231445
90,830000	0,232082
90,840000	0,230808
90,850000	0,239093
90,860000	0,226346
90,870000	0,229533
90,880000	0,230170
90,890000	0,232720
90,900000	0,229533
90,910000	0,223797
90,920000	0,230808
90,930000	0,228258
90,940000	0,232082
90,950000	0,226983
90,960000	0,232082
90,970000	0,234632
90,980000	0,235907
90,990000	0,232720
91,000000	0,228258
91,010000	0,233994
91,020000	0,234632
91,030000	0,233357
91,040000	0,233357
91,050000	0,227621
91,060000	0,230170
91,070000	0,231445
91,080000	0,233357
91,090000	0,233357
91,100000	0,229533
91,110000	0,233357
91,120000	0,231445
91,130000	0,236544
91,140000	0,238456
91,150000	0,234632
91,160000	0,232720
91,170000	0,231445
91,180000	0,230808
91,190000	0,221884
91,200000	0,229533
91,210000	0,233357
91,220000	0,226346
91,230000	0,232720
91,240000	0,229533
91,250000	0,232082
91,260000	0,234632
91,270000	0,228258
91,280000	0,234632
91,290000	0,228896
91,300000	0,225071
91,310000	0,231445
91,320000	0,235907
91,330000	0,231445
91,340000	0,233994
91,350000	0,232720
91,360000	0,232720
91,370000	0,233994
91,380000	0,233994
91,390000	0,230808
91,400000	0,230808
91,410000	0,226346
91,420000	0,237181
91,430000	0,227621
91,440000	0,230808
91,450000	0,232720
91,460000	0,229533
91,470000	0,237181
91,480000	0,226346
91,490000	0,228896
91,500000	0,239093
91,510000	0,226983
91,520000	0,230808
91,530000	0,235269
91,540000	0,233994
91,550000	0,227621
91,560000	0,233357
91,570000	0,232082
91,580000	0,225071
91,590000	0,223159
91,600000	0,239093
91,610000	0,230170
91,620000	0,235269
91,630000	0,235269
91,640000	0,234632
91,650000	0,237819
91,660000	0,237181
91,670000	0,233357
91,680000	0,226983
91,690000	0,226983
91,700000	0,235907
91,710000	0,230808
91,720000	0,232082
91,730000	0,229533
91,740000	0,232720
91,750000	0,232082
91,760000	0,233994
91,770000	0,226983
91,780000	0,232720
91,790000	0,236544
91,800000	0,237181
91,810000	0,241643
91,820000	0,236544
91,830000	0,224434
91,840000	0,237819
91,850000	0,239731
91,860000	0,232082
91,870000	0,225071
91,880000	0,234632
91,890000	0,235269
91,900000	0,234632
91,910000	0,231445
91,920000	0,232720
91,930000	0,230808
91,940000	0,229533
91,950000	0,230808
91,960000	0,232720
91,970000	0,235907
91,980000	0,232720
91,990000	0,234632
92,000000	0,239731
92,010000	0,231445
92,020000	0,239731
92,030000	0,233357
92,040000	0,239093
92,050000	0,234632
92,060000	0,232082
92,070000	0,228258
92,080000	0,235269
92,090000	0,234632
92,100000	0,233357
92,110000	0,232082
92,120000	0,236544
92,130000	0,226983
92,140000	0,236544
92,150000	0,226346
92,160000	0,234632
92,170000	0,228896
92,180000	0,233994
92,190000	0,226983
92,200000	0,232720
92,210000	0,227621
92,220000	0,239093
92,230000	0,228258
92,240000	0,239731
92,250000	0,239093
92,260000	0,234632
92,270000	0,230808
92,280000	0,234632
92,290000	0,228258
92,300000	0,218698
92,310000	0,230170
92,320000	0,233994
92,330000	0,232720
92,340000	0,237181
92,350000	0,235269
92,360000	0,228896
92,370000	0,242280
92,380000	0,230170
92,390000	0,229533
92,400000	0,232082
92,410000	0,229533
92,420000	0,228896
92,430000	0,239731
92,440000	0,223797
92,450000	0,232720
92,460000	0,231445
92,470000	0,242918
92,480000	0,228258
92,490000	0,232720
92,500000	0,233994
92,510000	0,237181
92,520000	0,225071
92,530000	0,226983
92,540000	0,229533
92,550000	0,236544
92,560000	0,225071
92,570000	0,238456
92,580000	0,232082
92,590000	0,235269
92,600000	0,236544
92,610000	0,218060
92,620000	0,239093
92,630000	0,223797
92,640000	0,231445
92,650000	0,233357
92,660000	0,230170
92,670000	0,232082
92,680000	0,231445
92,690000	0,232720
92,700000	0,234632
92,710000	0,237819
92,720000	0,230170
92,730000	0,233357
92,740000	0,235269
92,750000	0,232720
92,760000	0,229533
92,770000	0,226346
92,780000	0,226346
92,790000	0,239093
92,800000	0,229533
92,810000	0,237819
92,820000	0,231445
92,830000	0,230170
92,840000	0,233357
92,850000	0,226346
92,860000	0,228896
92,870000	0,238456
92,880000	0,228896
92,890000	0,232082
92,900000	0,227621
92,910000	0,233357
92,920000	0,234632
92,930000	0,234632
92,940000	0,225709
92,950000	0,233994
92,960000	0,226346
92,970000	0,223159
92,980000	0,242918
92,990000	0,228258
93,000000	0,232720
93,010000	0,234632
93,020000	0,235907
93,030000	0,222522
93,040000	0,236544
93,050000	0,234632
93,060000	0,233357
93,070000	0,225709
93,080000	0,233994
93,090000	0,235269
93,100000	0,233357
93,110000	0,224434
93,120000	0,224434
93,130000	0,222522
93,140000	0,233994
93,150000	0,228258
93,160000	0,228258
93,170000	0,234632
93,180000	0,232082
93,190000	0,233994
93,200000	0,225071
93,210000	0,230808
93,220000	0,223797
93,230000	0,239731
93,240000	0,227621
93,250000	0,227621
93,260000	0,228896
93,270000	0,227621
93,280000	0,233357
93,290000	0,234632
93,300000	0,229533
93,310000	0,225709
93,320000	0,232082
93,330000	0,225709
93,340000	0,233994
93,350000	0,237181
93,360000	0,232082
93,370000	0,234632
93,380000	0,228258
93,390000	0,233357
93,400000	0,231445
93,410000	0,235269
93,420000	0,233994
93,430000	0,234632
93,440000	0,235269
93,450000	0,233994
93,460000	0,233357
93,470000	0,234632
93,480000	0,237819
93,490000	0,230808
93,500000	0,231445
93,510000	0,223159
93,520000	0,236544
93,530000	0,237181
93,540000	0,231445
93,550000	0,235269
93,560000	0,232082
93,570000	0,226346
93,580000	0,241005
93,590000	0,221247
93,600000	0,237181
93,610000	0,234632
93,620000	0,234632
93,630000	0,233357
93,640000	0,230170
93,650000	0,230170
93,660000	0,232082
93,670000	0,223797
93,680000	0,232082
93,690000	0,235269
93,700000	0,230808
93,710000	0,234632
93,720000	0,232720
93,730000	0,232082
93,740000	0,231445
93,750000	0,237819
93,760000	0,230170
93,770000	0,239731
93,780000	0,230808
93,790000	0,232720
93,800000	0,233357
93,810000	0,234632
93,820000	0,233994
93,830000	0,230808
93,840000	0,234632
93,850000	0,229533
93,860000	0,238456
93,870000	0,235269
93,880000	0,235907
93,890000	0,237819
93,900000	0,239731
93,910000	0,237181
93,920000	0,228258
93,930000	0,235269
93,940000	0,235907
93,950000	0,233357
93,960000	0,234632
93,970000	0,232082
93,980000	0,229533
93,990000	0,233357
94,000000	0,237181
94,010000	0,242280
94,020000	0,230170
94,030000	0,238456
94,040000	0,232082
94,050000	0,233357
94,060000	0,234632
94,070000	0,242918
94,080000	0,232082
94,090000	0,228896
94,100000	0,236544
94,110000	0,222522
94,120000	0,239731
94,130000	0,234632
94,140000	0,239731
94,150000	0,229533
94,160000	0,234632
94,170000	0,224434
94,180000	0,239731
94,190000	0,230170
94,200000	0,232720
94,210000	0,236544
94,220000	0,232720
94,230000	0,225071
94,240000	0,237181
94,250000	0,230170
94,260000	0,234632
94,270000	0,233994
94,280000	0,227621
94,290000	0,241005
94,300000	0,235269
94,310000	0,237181
94,320000	0,231445
94,330000	0,239093
94,340000	0,238456
94,350000	0,235907
94,360000	0,232082
94,370000	0,226346
94,380000	0,235907
94,390000	0,225071
94,400000	0,239731
94,410000	0,226346
94,420000	0,239731
94,430000	0,235907
94,440000	0,232720
94,450000	0,230808
94,460000	0,231445
94,470000	0,232082
94,480000	0,233357
94,490000	0,239093
94,500000	0,240368
94,510000	0,228896
94,520000	0,229533
94,530000	0,222522
94,540000	0,230808
94,550000	0,232720
94,560000	0,235269
94,570000	0,241643
94,580000	0,232082
94,590000	0,230808
94,600000	0,232082
94,610000	0,235269
94,620000	0,229533
94,630000	0,234632
94,640000	0,230808
94,650000	0,223159
94,660000	0,232082
94,670000	0,224434
94,680000	0,235269
94,690000	0,234632
94,700000	0,227621
94,710000	0,223797
94,720000	0,233994
94,730000	0,230170
94,740000	0,239093
94,750000	0,233994
94,760000	0,238456
94,770000	0,237181
94,780000	0,233357
94,790000	0,227621
94,800000	0,232720
94,810000	0,229533
94,820000	0,234632
94,830000	0,240368
94,840000	0,236544
94,850000	0,224434
94,860000	0,233994
94,870000	0,223797
94,880000	0,236544
94,890000	0,227621
94,900000	0,228258
94,910000	0,219335
94,920000	0,232082
94,930000	0,237181
94,940000	0,235269
94,950000	0,228896
94,960000	0,232082
94,970000	0,234632
94,980000	0,235907
94,990000	0,228896
95,000000	0,232082
95,010000	0,221884
95,020000	0,229533
95,030000	0,223159
95,040000	0,226983
95,050000	0,231445
95,060000	0,234632
95,070000	0,233357
95,080000	0,228896
95,090000	0,233994
95,100000	0,232720
95,110000	0,236544
95,120000	0,233994
95,130000	0,230170
95,140000	0,232082
95,150000	0,235907
95,160000	0,230170
95,170000	0,230170
95,180000	0,236544
95,190000	0,233994
95,200000	0,231445
95,210000	0,226346
95,220000	0,232720
95,230000	0,226983
95,240000	0,237181
95,250000	0,233994
95,260000	0,237181
95,270000	0,226983
95,280000	0,233357
95,290000	0,223159
95,300000	0,232082
95,310000	0,233357
95,320000	0,232720
95,330000	0,233994
95,340000	0,234632
95,350000	0,233357
95,360000	0,231445
95,370000	0,228896
95,380000	0,226983
95,390000	0,230170
95,400000	0,230170
95,410000	0,229533
95,420000	0,231445
95,430000	0,236544
95,440000	0,239093
95,450000	0,230808
95,460000	0,236544
95,470000	0,226346
95,480000	0,228258
95,490000	0,242918
95,500000	0,233357
95,510000	0,235269
95,520000	0,224434
95,530000	0,235269
95,540000	0,226346
95,550000	0,229533
95,560000	0,231445
95,570000	0,231445
95,580000	0,229533
95,590000	0,230170
95,600000	0,236544
95,610000	0,239731
95,620000	0,229533
95,630000	0,229533
95,640000	0,230808
95,650000	0,239093
95,660000	0,236544
95,670000	0,226346
95,680000	0,231445
95,690000	0,229533
95,700000	0,228258
95,710000	0,232720
95,720000	0,237181
95,730000	0,223159
95,740000	0,230170
95,750000	0,233357
95,760000	0,235269
95,770000	0,229533
95,780000	0,233994
95,790000	0,233994
95,800000	0,232082
95,810000	0,244830
95,820000	0,232720
95,830000	0,229533
95,840000	0,228896
95,850000	0,241643
95,860000	0,235269
95,870000	0,232720
95,880000	0,232082
95,890000	0,234632
95,900000	0,228258
95,910000	0,237819
95,920000	0,228896
95,930000	0,239731
95,940000	0,236544
95,950000	0,235907
95,960000	0,227621
95,970000	0,235907
95,980000	0,228896
95,990000	0,229533
96,000000	0,235907
96,010000	0,230808
96,020000	0,233994
96,030000	0,235907
96,040000	0,239093
96,050000	0,229533
96,060000	0,235269
96,070000	0,244192
96,080000	0,236544
96,090000	0,240368
96,100000	0,238456
96,110000	0,226346
96,120000	0,231445
96,130000	0,232082
96,140000	0,236544
96,150000	0,224434
96,160000	0,234632
96,170000	0,232082
96,180000	0,234632
96,190000	0,230808
96,200000	0,235907
96,210000	0,237181
96,220000	0,238456
96,230000	0,231445
96,240000	0,235269
96,250000	0,228896
96,260000	0,240368
96,270000	0,228896
96,280000	0,243555
96,290000	0,225071
96,300000	0,232082
96,310000	0,229533
96,320000	0,234632
96,330000	0,236544
96,340000	0,239731
96,350000	0,228896
96,360000	0,239093
96,370000	0,232082
96,380000	0,236544
96,390000	0,230170
96,400000	0,230808
96,410000	0,230170
96,420000	0,228896
96,430000	0,238456
96,440000	0,239731
96,450000	0,233357
96,460000	0,237819
96,470000	0,229533
96,480000	0,239731
96,490000	0,230170
96,500000	0,239731
96,510000	0,233994
96,520000	0,233357
96,530000	0,234632
96,540000	0,237181
96,550000	0,233994
96,560000	0,235907
96,570000	0,233357
96,580000	0,227621
96,590000	0,239093
96,600000	0,230170
96,610000	0,238456
96,620000	0,237181
96,630000	0,239093
96,640000	0,235907
96,650000	0,241005
96,660000	0,232720
96,670000	0,231445
96,680000	0,227621
96,690000	0,239731
96,700000	0,235269
96,710000	0,237181
96,720000	0,228896
96,730000	0,230808
96,740000	0,232082
96,750000	0,233994
96,760000	0,226983
96,770000	0,229533
96,780000	0,234632
96,790000	0,235907
96,800000	0,229533
96,810000	0,240368
96,820000	0,230170
96,830000	0,226983
96,840000	0,225071
96,850000	0,234632
96,860000	0,226346
96,870000	0,232082
96,880000	0,231445
96,890000	0,234632
96,900000	0,229533
96,910000	0,233994
96,920000	0,232082
96,930000	0,234632
96,940000	0,232082
96,950000	0,225071
96,960000	0,229533
96,970000	0,224434
96,980000	0,228896
96,990000	0,230170
97,000000	0,229533
97,010000	0,234632
97,020000	0,232720
97,030000	0,233357
97,040000	0,228258
97,050000	0,231445
97,060000	0,223797
97,070000	0,227621
97,080000	0,233357
97,090000	0,232082
97,100000	0,230170
97,110000	0,237181
97,120000	0,225709
97,130000	0,233994
97,140000	0,227621
97,150000	0,224434
97,160000	0,231445
97,170000	0,230808
97,180000	0,225071
97,190000	0,228896
97,200000	0,229533
97,210000	0,225071
97,220000	0,229533
97,230000	0,232720
97,240000	0,233357
97,250000	0,230170
97,260000	0,233994
97,270000	0,228896
97,280000	0,231445
97,290000	0,226346
97,300000	0,228896
97,310000	0,229533
97,320000	0,234632
97,330000	0,233994
97,340000	0,235269
97,350000	0,218698
97,360000	0,230170
97,370000	0,230170
97,380000	0,231445
97,390000	0,225071
97,400000	0,232720
97,410000	0,226346
97,420000	0,233357
97,430000	0,223797
97,440000	0,233357
97,450000	0,221884
97,460000	0,230808
97,470000	0,230808
97,480000	0,230170
97,490000	0,231445
97,500000	0,233994
97,510000	0,229533
97,520000	0,231445
97,530000	0,228896
97,540000	0,234632
97,550000	0,226983
97,560000	0,230170
97,570000	0,227621
97,580000	0,232082
97,590000	0,228258
97,600000	0,233994
97,610000	0,235907
97,620000	0,229533
97,630000	0,229533
97,640000	0,229533
97,650000	0,227621
97,660000	0,236544
97,670000	0,225071
97,680000	0,225709
97,690000	0,232082
97,700000	0,235269
97,710000	0,225709
97,720000	0,234632
97,730000	0,238456
97,740000	0,234632
97,750000	0,229533
97,760000	0,233994
97,770000	0,228258
97,780000	0,232082
97,790000	0,231445
97,800000	0,233994
97,810000	0,235907
97,820000	0,236544
97,830000	0,228896
97,840000	0,239093
97,850000	0,234632
97,860000	0,235907
97,870000	0,232720
97,880000	0,239093
97,890000	0,224434
97,900000	0,235269
97,910000	0,230170
97,920000	0,229533
97,930000	0,228896
97,940000	0,230170
97,950000	0,234632
97,960000	0,233357
97,970000	0,233357
97,980000	0,230170
97,990000	0,235269
98,000000	0,236544
98,010000	0,226983
98,020000	0,230170
98,030000	0,235907
98,040000	0,236544
98,050000	0,230808
98,060000	0,237181
98,070000	0,230808
98,080000	0,236544
98,090000	0,239093
98,100000	0,232720
98,110000	0,232082
98,120000	0,236544
98,130000	0,240368
98,140000	0,235907
98,150000	0,232082
98,160000	0,237181
98,170000	0,232082
98,180000	0,228258
98,190000	0,230170
98,200000	0,234632
98,210000	0,233994
98,220000	0,227621
98,230000	0,233357
98,240000	0,229533
98,250000	0,233357
98,260000	0,239731
98,270000	0,236544
98,280000	0,235907
98,290000	0,228258
98,300000	0,239093
98,310000	0,228258
98,320000	0,230808
98,330000	0,233994
98,340000	0,235269
98,350000	0,240368
98,360000	0,242280
98,370000	0,225709
98,380000	0,238456
98,390000	0,233994
98,400000	0,237181
98,410000	0,233357
98,420000	0,232082
98,430000	0,227621
98,440000	0,235907
98,450000	0,225709
98,460000	0,224434
98,470000	0,232082
98,480000	0,233357
98,490000	0,233357
98,500000	0,231445
98,510000	0,233357
98,520000	0,237819
98,530000	0,235907
98,540000	0,234632
98,550000	0,239731
98,560000	0,236544
98,570000	0,241643
98,580000	0,235269
98,590000	0,228258
98,600000	0,235269
98,610000	0,242280
98,620000	0,238456
98,630000	0,234632
98,640000	0,237181
98,650000	0,232720
98,660000	0,240368
98,670000	0,233357
98,680000	0,233994
98,690000	0,239093
98,700000	0,232720
98,710000	0,226983
98,720000	0,231445
98,730000	0,229533
98,740000	0,235907
98,750000	0,229533
98,760000	0,234632
98,770000	0,226983
98,780000	0,232720
98,790000	0,232720
98,800000	0,229533
98,810000	0,230170
98,820000	0,236544
98,830000	0,232720
98,840000	0,228896
98,850000	0,227621
98,860000	0,234632
98,870000	0,226346
98,880000	0,228258
98,890000	0,228896
98,900000	0,234632
98,910000	0,227621
98,920000	0,228896
98,930000	0,225071
98,940000	0,230808
98,950000	0,224434
98,960000	0,228896
98,970000	0,237819
98,980000	0,229533
98,990000	0,230170
99,000000	0,227621
99,010000	0,232720
99,020000	0,234632
99,030000	0,231445
99,040000	0,224434
99,050000	0,235907
99,060000	0,228896
99,070000	0,223159
99,080000	0,231445
99,090000	0,220610
99,100000	0,230808
99,110000	0,233357
99,120000	0,232082
99,130000	0,223797
99,140000	0,228896
99,150000	0,235907
99,160000	0,233357
99,170000	0,238456
99,180000	0,226346
99,190000	0,228896
99,200000	0,234632
99,210000	0,223159
99,220000	0,238456
99,230000	0,219335
99,240000	0,235269
99,250000	0,236544
99,260000	0,234632
99,270000	0,235907
99,280000	0,229533
99,290000	0,237819
99,300000	0,227621
99,310000	0,232082
99,320000	0,239731
99,330000	0,236544
99,340000	0,237181
99,350000	0,235269
99,360000	0,224434
99,370000	0,223159
99,380000	0,234632
99,390000	0,231445
99,400000	0,239093
99,410000	0,228896
99,420000	0,237181
99,430000	0,230170
99,440000	0,229533
99,450000	0,230808
99,460000	0,244830
99,470000	0,251841
99,480000	0,235269
99,490000	0,248016
99,500000	0,243555
99,510000	0,247379
99,520000	0,248016
99,530000	0,229533
99,540000	0,240368
99,550000	0,231445
99,560000	0,233357
99,570000	0,225709
99,580000	0,235269
99,590000	0,221884
99,600000	0,245467
99,610000	0,221247
99,620000	0,249291
99,630000	0,235907
99,640000	0,237181
99,650000	0,255665
99,660000	0,232720
99,670000	0,228896
99,680000	0,232720
99,690000	0,209775
99,700000	0,239093
99,710000	0,204038
99,720000	0,234632
99,730000	0,213599
99,740000	0,230808
99,750000	0,230170
99,760000	0,229533
99,770000	0,234632
99,780000	0,249929
99,790000	0,240368
99,800000	0,223159
99,810000	0,235269
99,820000	0,216786
99,830000	0,220610
99,840000	0,199577
99,850000	0,200851
99,860000	0,202763
99,870000	0,178544
99,880000	0,216148
99,890000	0,174719
99,900000	0,225071
99,910000	0,244192
99,920000	0,244830
99,930000	0,270324
99,940000	0,232082
99,950000	0,258852
99,960000	0,226346
99,970000	0,218060
99,980000	0,244830
99,990000	0,215511
100,000000	0,241643
100,010000	0,213599
100,020000	0,242918
100,030000	0,216786
100,040000	0,233994
100,050000	0,235907
100,060000	0,241643
100,070000	0,241643
100,080000	0,244830
100,090000	0,241005
100,100000	0,247379
100,110000	0,238456
100,120000	0,228896
100,130000	0,225709
100,140000	0,233357
100,150000	0,226346
100,160000	0,234632
100,170000	0,224434
100,180000	0,235907
100,190000	0,239093
100,200000	0,226346
100,210000	0,244192
100,220000	0,242280
100,230000	0,245467
100,240000	0,232082
100,250000	0,237181
100,260000	0,238456
100,270000	0,226983
100,280000	0,237181
100,290000	0,234632
100,300000	0,239731
100,310000	0,229533
100,320000	0,247379
100,330000	0,224434
100,340000	0,237819
100,350000	0,240368
100,360000	0,241005
100,370000	0,234632
100,380000	0,238456
100,390000	0,216786
100,400000	0,239093
100,410000	0,214236
100,420000	0,230808
100,430000	0,229533
100,440000	0,243555
100,450000	0,221884
100,460000	0,241643
100,470000	0,243555
100,480000	0,250566
100,490000	0,235907
100,500000	0,254390
100,510000	0,233994
100,520000	0,239093
100,530000	0,236544
100,540000	0,245467
100,550000	0,244192
100,560000	0,225709
100,570000	0,226346
100,580000	0,224434
100,590000	0,249929
100,600000	0,237819
100,610000	0,259489
100,620000	0,236544
100,630000	0,232720
100,640000	0,239731
100,650000	0,241005
100,660000	0,221247
100,670000	0,227621
100,680000	0,200851
100,690000	0,235269
100,700000	0,184917
100,710000	0,235907
100,720000	0,244830
100,730000	0,221247
100,740000	0,238456
100,750000	0,203401
100,760000	0,246104
100,770000	0,267137
100,780000	0,253753
100,790000	0,145401
100,800000	0,235269
100,810000	0,224434
100,820000	0,216148
100,830000	0,228896
100,840000	0,218060
100,850000	0,198302
100,860000	0,193840
100,870000	0,202763
100,880000	0,239093
100,890000	0,219335
100,900000	0,235269
100,910000	0,245467
100,920000	0,272236
100,930000	0,235907
100,940000	0,219335
100,950000	0,253753
100,960000	0,221884
100,970000	0,216786
100,980000	0,185555
100,990000	0,223797
101,000000	0,212324
101,010000	0,239731
101,020000	0,265863
101,030000	0,258852
101,040000	0,226346
101,050000	0,226983
101,060000	0,225071
101,070000	0,262039
101,080000	0,217423
101,090000	0,195752
101,100000	0,210412
101,110000	0,177269
101,120000	0,225709
101,130000	0,190016
101,140000	0,255028
101,150000	0,234632
101,160000	0,250566
101,170000	0,246742
101,180000	0,281160
101,190000	0,223159
101,200000	0,320676
101,210000	0,223159
101,220000	0,226346
101,230000	0,205950
101,240000	0,258214
101,250000	0,226346
101,260000	0,274786
101,270000	0,251203
101,280000	0,269687
101,290000	0,192566
101,300000	0,281160
101,310000	0,232082
101,320000	0,254390
101,330000	0,213599
101,340000	0,250566
101,350000	0,225709
101,360000	0,209775
101,370000	0,199577
101,380000	0,221884
101,390000	0,199577
101,400000	0,229533
101,410000	0,212961
101,420000	0,233994
101,430000	0,234632
101,440000	0,225071
101,450000	0,232082
101,460000	0,226983
101,470000	0,219972
101,480000	0,236544
101,490000	0,229533
101,500000	0,231445
101,510000	0,232082
101,520000	0,218698
101,530000	0,228258
101,540000	0,237819
101,550000	0,231445
101,560000	0,216148
101,570000	0,237181
101,580000	0,235269
101,590000	0,234632
101,600000	0,234632
101,610000	0,223797
101,620000	0,232720
101,630000	0,229533
101,640000	0,235907
101,650000	0,223797
101,660000	0,230170
101,670000	0,226983
101,680000	0,224434
101,690000	0,233994
101,700000	0,237181
101,710000	0,234632
101,720000	0,242280
101,730000	0,229533
101,740000	0,219335
101,750000	0,226346
101,760000	0,209775
101,770000	0,216786
101,780000	0,212961
101,790000	0,227621
101,800000	0,221884
101,810000	0,206588
101,820000	0,226346
101,830000	0,247379
101,840000	0,233357
101,850000	0,233994
101,860000	0,235907
101,870000	0,240368
101,880000	0,229533
101,890000	0,238456
101,900000	0,214873
101,910000	0,224434
101,920000	0,212961
101,930000	0,233994
101,940000	0,253753
101,950000	0,224434
101,960000	0,265225
101,970000	0,235907
101,980000	0,255028
101,990000	0,234632
102,000000	0,236544
102,010000	0,265225
102,020000	0,230170
102,030000	0,202763
102,040000	0,224434
102,050000	0,207225
102,060000	0,228258
102,070000	0,214873
102,080000	0,228896
102,090000	0,236544
102,100000	0,285621
102,110000	0,255665
102,120000	0,287533
102,130000	0,238456
102,140000	0,256302
102,150000	0,232082
102,160000	0,218698
102,170000	0,247379
102,180000	0,242280
102,190000	0,244192
102,200000	0,228258
102,210000	0,211687
102,220000	0,241005
102,230000	0,246104
102,240000	0,250566
102,250000	0,260126
102,260000	0,244830
102,270000	0,234632
102,280000	0,237181
102,290000	0,199577
102,300000	0,226983
102,310000	0,194478
102,320000	0,233994
102,330000	0,241005
102,340000	0,239093
102,350000	0,244830
102,360000	0,224434
102,370000	0,241005
102,380000	0,284346
102,390000	0,240368
102,400000	0,262039
102,410000	0,228258
102,420000	0,241005
102,430000	0,216786
102,440000	0,202763
102,450000	0,187467
102,460000	0,219335
102,470000	0,167708
102,480000	0,230170
102,490000	0,258214
102,500000	0,239731
102,510000	0,277973
102,520000	0,243555
102,530000	0,254390
102,540000	0,219335
102,550000	0,232720
102,560000	0,247379
102,570000	0,233357
102,580000	0,239093
102,590000	0,225709
102,600000	0,229533
102,610000	0,216786
102,620000	0,230170
102,630000	0,237181
102,640000	0,234632
102,650000	0,239093
102,660000	0,239093
102,670000	0,236544
102,680000	0,234632
102,690000	0,231445
102,700000	0,233357
102,710000	0,235907
102,720000	0,237819
102,730000	0,235269
102,740000	0,227621
102,750000	0,233357
102,760000	0,238456
102,770000	0,237181
102,780000	0,229533
102,790000	0,238456
102,800000	0,235907
102,810000	0,228258
102,820000	0,234632
102,830000	0,231445
102,840000	0,229533
102,850000	0,241643
102,860000	0,229533
102,870000	0,234632
102,880000	0,235269
102,890000	0,233994
102,900000	0,233994
102,910000	0,232082
102,920000	0,235269
102,930000	0,235907
102,940000	0,229533
102,950000	0,232720
102,960000	0,237181
102,970000	0,233994
102,980000	0,239731
102,990000	0,241643
103,000000	0,233994
103,010000	0,239093
103,020000	0,237181
103,030000	0,230808
103,040000	0,239093
103,050000	0,234632
103,060000	0,236544
103,070000	0,228258
103,080000	0,235907
103,090000	0,228896
103,100000	0,232720
103,110000	0,235907
103,120000	0,228258
103,130000	0,232082
103,140000	0,227621
103,150000	0,229533
103,160000	0,226346
103,170000	0,232720
103,180000	0,223159
103,190000	0,228258
103,200000	0,225709
103,210000	0,225709
103,220000	0,228896
103,230000	0,226346
103,240000	0,231445
103,250000	0,226346
103,260000	0,232082
103,270000	0,221884
103,280000	0,220610
103,290000	0,219335
103,300000	0,221884
103,310000	0,225071
103,320000	0,223797
103,330000	0,221884
103,340000	0,230170
103,350000	0,223159
103,360000	0,224434
103,370000	0,221247
103,380000	0,228258
103,390000	0,224434
103,400000	0,225709
103,410000	0,228258
103,420000	0,225709
103,430000	0,232082
103,440000	0,225071
103,450000	0,238456
103,460000	0,234632
103,470000	0,237819
103,480000	0,233994
103,490000	0,232720
103,500000	0,236544
103,510000	0,232720
103,520000	0,237181
103,530000	0,232082
103,540000	0,226346
103,550000	0,232720
103,560000	0,231445
103,570000	0,225709
103,580000	0,226346
103,590000	0,235907
103,600000	0,236544
103,610000	0,229533
103,620000	0,238456
103,630000	0,226346
103,640000	0,231445
103,650000	0,227621
103,660000	0,235907
103,670000	0,228896
103,680000	0,225709
103,690000	0,228896
103,700000	0,223797
103,710000	0,233357
103,720000	0,221884
103,730000	0,235269
103,740000	0,233994
103,750000	0,233357
103,760000	0,223797
103,770000	0,232082
103,780000	0,233357
103,790000	0,229533
103,800000	0,224434
103,810000	0,233994
103,820000	0,226346
103,830000	0,230170
103,840000	0,226983
103,850000	0,236544
103,860000	0,229533
103,870000	0,236544
103,880000	0,230808
103,890000	0,237181
103,900000	0,232082
103,910000	0,236544
103,920000	0,235907
103,930000	0,239093
103,940000	0,232082
103,950000	0,236544
103,960000	0,224434
103,970000	0,235269
103,980000	0,226346
103,990000	0,239731
104,000000	0,232082
104,010000	0,236544
104,020000	0,229533
104,030000	0,233357
104,040000	0,225709
104,050000	0,228896
104,060000	0,230170
104,070000	0,232720
104,080000	0,225709
104,090000	0,234632
104,100000	0,230170
104,110000	0,232720
104,120000	0,230808
104,130000	0,234632
104,140000	0,229533
104,150000	0,236544
104,160000	0,236544
104,170000	0,236544
104,180000	0,232082
104,190000	0,226346
104,200000	0,225071
104,210000	0,226983
104,220000	0,235907
104,230000	0,225709
104,240000	0,238456
104,250000	0,233357
104,260000	0,231445
104,270000	0,229533
104,280000	0,226346
104,290000	0,233357
104,300000	0,236544
104,310000	0,234632
104,320000	0,227621
104,330000	0,235907
104,340000	0,234632
104,350000	0,238456
104,360000	0,238456
104,370000	0,234632
104,380000	0,232082
104,390000	0,234632
104,400000	0,229533
104,410000	0,238456
104,420000	0,228896
104,430000	0,240368
104,440000	0,229533
104,450000	0,234632
104,460000	0,225709
104,470000	0,235907
104,480000	0,228896
104,490000	0,237181
104,500000	0,237819
104,510000	0,232082
104,520000	0,234632
104,530000	0,235269
104,540000	0,228258
104,550000	0,234632
104,560000	0,240368
104,570000	0,239731
104,580000	0,226983
104,590000	0,233994
104,600000	0,232082
104,610000	0,233994
104,620000	0,239731
104,630000	0,222522
104,640000	0,235907
104,650000	0,225071
104,660000	0,232082
104,670000	0,238456
104,680000	0,241643
104,690000	0,231445
104,700000	0,239731
104,710000	0,237181
104,720000	0,241643
104,730000	0,221884
104,740000	0,235907
104,750000	0,236544
104,760000	0,234632
104,770000	0,231445
104,780000	0,242280
104,790000	0,229533
104,800000	0,242918
104,810000	0,234632
104,820000	0,234632
104,830000	0,227621
104,840000	0,232082
104,850000	0,236544
104,860000	0,233994
104,870000	0,230170
104,880000	0,226983
104,890000	0,235269
104,900000	0,239093
104,910000	0,228896
104,920000	0,231445
104,930000	0,226983
104,940000	0,227621
104,950000	0,228896
104,960000	0,234632
104,970000	0,228896
104,980000	0,235269
104,990000	0,228896
105,000000	0,227621
105,010000	0,228896
105,020000	0,232082
105,030000	0,228896
105,040000	0,234632
105,050000	0,237819
105,060000	0,229533
105,070000	0,228258
105,080000	0,238456
105,090000	0,230170
105,100000	0,240368
105,110000	0,223797
105,120000	0,229533
105,130000	0,232720
105,140000	0,226346
105,150000	0,225709
105,160000	0,229533
105,170000	0,225709
105,180000	0,225071
105,190000	0,227621
105,200000	0,232720
105,210000	0,228258
105,220000	0,226346
105,230000	0,237181
105,240000	0,232082
105,250000	0,235269
105,260000	0,219972
105,270000	0,228258
105,280000	0,226346
105,290000	0,227621
105,300000	0,232082
105,310000	0,232082
105,320000	0,234632
105,330000	0,239093
105,340000	0,228896
105,350000	0,224434
105,360000	0,228896
105,370000	0,234632
105,380000	0,231445
105,390000	0,227621
105,400000	0,229533
105,410000	0,234632
105,420000	0,226983
105,430000	0,228896
105,440000	0,232720
105,450000	0,235907
105,460000	0,220610
105,470000	0,229533
105,480000	0,231445
105,490000	0,232082
105,500000	0,227621
105,510000	0,235907
105,520000	0,228896
105,530000	0,228896
105,540000	0,225709
105,550000	0,230170
105,560000	0,228258
105,570000	0,228896
105,580000	0,231445
105,590000	0,229533
105,600000	0,228258
105,610000	0,230808
105,620000	0,226346
105,630000	0,234632
105,640000	0,228896
105,650000	0,233994
105,660000	0,235269
105,670000	0,232082
105,680000	0,225071
105,690000	0,239093
105,700000	0,235269
105,710000	0,235269
105,720000	0,230808
105,730000	0,235907
105,740000	0,227621
105,750000	0,232082
105,760000	0,221247
105,770000	0,241005
105,780000	0,235269
105,790000	0,224434
105,800000	0,228258
105,810000	0,231445
105,820000	0,235907
105,830000	0,231445
105,840000	0,232720
105,850000	0,234632
105,860000	0,229533
105,870000	0,235269
105,880000	0,226983
105,890000	0,232720
105,900000	0,236544
105,910000	0,232720
105,920000	0,233994
105,930000	0,237819
105,940000	0,228896
105,950000	0,225709
105,960000	0,226983
105,970000	0,236544
105,980000	0,228896
105,990000	0,231445
106,000000	0,233994
106,010000	0,232082
106,020000	0,235269
106,030000	0,237181
106,040000	0,228896
106,050000	0,231445
106,060000	0,229533
106,070000	0,232720
106,080000	0,225071
106,090000	0,228258
106,100000	0,226983
106,110000	0,229533
106,120000	0,223797
106,130000	0,234632
106,140000	0,237181
106,150000	0,237181
106,160000	0,226983
106,170000	0,239093
106,180000	0,218698
106,190000	0,235269
106,200000	0,227621
106,210000	0,241643
106,220000	0,228896
106,230000	0,233357
106,240000	0,234632
106,250000	0,237819
106,260000	0,226346
106,270000	0,233357
106,280000	0,234632
106,290000	0,235269
106,300000	0,234632
106,310000	0,238456
106,320000	0,231445
106,330000	0,236544
106,340000	0,219335
106,350000	0,232082
106,360000	0,234632
106,370000	0,232082
106,380000	0,243555
106,390000	0,236544
106,400000	0,237819
106,410000	0,233994
106,420000	0,237819
106,430000	0,231445
106,440000	0,237181
106,450000	0,227621
106,460000	0,244830
106,470000	0,229533
106,480000	0,230170
106,490000	0,234632
106,500000	0,228258
106,510000	0,232720
106,520000	0,232082
106,530000	0,234632
106,540000	0,230170
106,550000	0,238456
106,560000	0,231445
106,570000	0,231445
106,580000	0,233357
106,590000	0,233357
106,600000	0,230808
106,610000	0,234632
106,620000	0,235907
106,630000	0,237819
106,640000	0,228896
106,650000	0,225709
106,660000	0,237181
106,670000	0,235269
106,680000	0,238456
106,690000	0,232082
106,700000	0,230170
106,710000	0,237181
106,720000	0,237181
106,730000	0,228258
106,740000	0,233357
106,750000	0,240368
106,760000	0,229533
106,770000	0,233357
106,780000	0,233994
106,790000	0,234632
106,800000	0,231445
106,810000	0,233357
106,820000	0,237181
106,830000	0,239093
106,840000	0,226983
106,850000	0,236544
106,860000	0,230808
106,870000	0,232720
106,880000	0,232720
106,890000	0,244830
106,900000	0,226346
106,910000	0,233357
106,920000	0,226346
106,930000	0,233357
106,940000	0,236544
106,950000	0,230170
106,960000	0,224434
106,970000	0,229533
106,980000	0,223159
106,990000	0,233357
107,000000	0,225071
107,010000	0,232720
107,020000	0,237181
107,030000	0,231445
107,040000	0,224434
107,050000	0,218698
107,060000	0,226346
107,070000	0,227621
107,080000	0,232720
107,090000	0,232720
107,100000	0,221247
107,110000	0,230170
107,120000	0,230808
107,130000	0,225071
107,140000	0,225071
107,150000	0,227621
107,160000	0,234632
107,170000	0,228896
107,180000	0,225709
107,190000	0,229533
107,200000	0,229533
107,210000	0,228258
107,220000	0,223797
107,230000	0,226346
107,240000	0,236544
107,250000	0,226346
107,260000	0,221884
107,270000	0,229533
107,280000	0,228896
107,290000	0,230808
107,300000	0,237181
107,310000	0,232082
107,320000	0,234632
107,330000	0,232720
107,340000	0,228896
107,350000	0,229533
107,360000	0,234632
107,370000	0,231445
107,380000	0,230808
107,390000	0,228258
107,400000	0,225071
107,410000	0,232082
107,420000	0,230808
107,430000	0,239093
107,440000	0,221884
107,450000	0,227621
107,460000	0,233994
107,470000	0,234632
107,480000	0,229533
107,490000	0,232082
107,500000	0,221247
107,510000	0,232082
107,520000	0,230808
107,530000	0,232082
107,540000	0,223797
107,550000	0,231445
107,560000	0,230170
107,570000	0,233994
107,580000	0,234632
107,590000	0,233357
107,600000	0,232082
107,610000	0,238456
107,620000	0,226983
107,630000	0,232082
107,640000	0,232082
107,650000	0,233357
107,660000	0,226346
107,670000	0,237819
107,680000	0,227621
107,690000	0,239731
107,700000	0,234632
107,710000	0,234632
107,720000	0,230170
107,730000	0,233994
107,740000	0,232082
107,750000	0,232720
107,760000	0,229533
107,770000	0,231445
107,780000	0,231445
107,790000	0,235269
107,800000	0,231445
107,810000	0,236544
107,820000	0,229533
107,830000	0,236544
107,840000	0,228258
107,850000	0,238456
107,860000	0,228896
107,870000	0,233994
107,880000	0,235269
107,890000	0,235269
107,900000	0,233357
107,910000	0,234632
107,920000	0,228896
107,930000	0,228896
107,940000	0,234632
107,950000	0,234632
107,960000	0,221884
107,970000	0,232082
107,980000	0,231445
107,990000	0,233357
108,000000	0,231445
108,010000	0,228896
108,020000	0,239731
108,030000	0,231445
108,040000	0,225709
108,050000	0,226983
108,060000	0,228258
108,070000	0,232720
108,080000	0,244192
108,090000	0,232720
108,100000	0,227621
108,110000	0,230808
108,120000	0,230808
108,130000	0,233994
108,140000	0,227621
108,150000	0,237819
108,160000	0,229533
108,170000	0,228896
108,180000	0,232082
108,190000	0,235907
108,200000	0,234632
108,210000	0,233994
108,220000	0,233357
108,230000	0,235907
108,240000	0,228896
108,250000	0,235269
108,260000	0,238456
108,270000	0,229533
108,280000	0,237181
108,290000	0,233357
108,300000	0,238456
108,310000	0,231445
108,320000	0,236544
108,330000	0,233357
108,340000	0,232082
108,350000	0,229533
108,360000	0,232082
108,370000	0,235269
108,380000	0,232082
108,390000	0,234632
108,400000	0,226346
108,410000	0,232082
108,420000	0,234632
108,430000	0,235907
108,440000	0,231445
108,450000	0,231445
108,460000	0,228258
108,470000	0,233994
108,480000	0,226983
108,490000	0,236544
108,500000	0,229533
108,510000	0,239731
108,520000	0,229533
108,530000	0,234632
108,540000	0,229533
108,550000	0,229533
108,560000	0,232720
108,570000	0,232720
108,580000	0,232082
108,590000	0,229533
108,600000	0,231445
108,610000	0,239731
108,620000	0,236544
108,630000	0,232082
108,640000	0,232082
108,650000	0,229533
108,660000	0,227621
108,670000	0,239093
108,680000	0,233994
108,690000	0,230808
108,700000	0,241643
108,710000	0,237181
108,720000	0,226346
108,730000	0,234632
108,740000	0,229533
108,750000	0,238456
108,760000	0,238456
108,770000	0,226346
108,780000	0,226983
108,790000	0,234632
108,800000	0,235269
108,810000	0,233994
108,820000	0,227621
108,830000	0,233994
108,840000	0,232720
108,850000	0,236544
108,860000	0,232720
108,870000	0,235269
108,880000	0,229533
108,890000	0,236544
108,900000	0,231445
108,910000	0,235907
108,920000	0,237181
108,930000	0,232082
108,940000	0,230170
108,950000	0,232720
108,960000	0,225071
108,970000	0,229533
108,980000	0,229533
108,990000	0,230808
109,000000	0,234632
109,010000	0,230170
109,020000	0,237819
109,030000	0,234632
109,040000	0,227621
109,050000	0,233357
109,060000	0,224434
109,070000	0,228258
109,080000	0,228896
109,090000	0,227621
109,100000	0,230808
109,110000	0,230170
109,120000	0,234632
109,130000	0,227621
109,140000	0,226983
109,150000	0,233994
109,160000	0,233994
109,170000	0,225071
109,180000	0,233357
109,190000	0,228258
109,200000	0,233357
109,210000	0,229533
109,220000	0,235907
109,230000	0,225709
109,240000	0,233357
109,250000	0,227621
109,260000	0,230808
109,270000	0,224434
109,280000	0,225709
109,290000	0,222522
109,300000	0,232720
109,310000	0,230170
109,320000	0,223159
109,330000	0,226983
109,340000	0,230170
109,350000	0,230808
109,360000	0,238456
109,370000	0,228258
109,380000	0,231445
109,390000	0,234632
109,400000	0,223159
109,410000	0,228896
109,420000	0,226346
109,430000	0,229533
109,440000	0,229533
109,450000	0,232082
109,460000	0,233994
109,470000	0,225071
109,480000	0,224434
109,490000	0,235269
109,500000	0,223159
109,510000	0,230170
109,520000	0,232720
109,530000	0,232082
109,540000	0,228896
109,550000	0,234632
109,560000	0,223159
109,570000	0,232082
109,580000	0,226346
109,590000	0,230808
109,600000	0,228258
109,610000	0,232720
109,620000	0,230170
109,630000	0,234632
109,640000	0,232720
109,650000	0,229533
109,660000	0,226346
109,670000	0,228258
109,680000	0,227621
109,690000	0,230170
109,700000	0,233357
109,710000	0,232082
109,720000	0,232082
109,730000	0,229533
109,740000	0,225709
109,750000	0,229533
109,760000	0,228258
109,770000	0,227621
109,780000	0,225071
109,790000	0,236544
109,800000	0,224434
109,810000	0,232720
109,820000	0,230808
109,830000	0,230808
109,840000	0,223159
109,850000	0,228258
109,860000	0,234632
109,870000	0,230808
109,880000	0,225709
109,890000	0,227621
109,900000	0,231445
109,910000	0,234632
109,920000	0,227621
109,930000	0,233357
109,940000	0,224434
109,950000	0,233994
109,960000	0,230170
109,970000	0,237819
109,980000	0,225071
109,990000	0,233357
110,000000	0,232720
110,010000	0,237181
110,020000	0,233994
110,030000	0,233357
110,040000	0,234632
110,050000	0,236544
110,060000	0,233357
110,070000	0,233357
110,080000	0,228258
110,090000	0,230170
110,100000	0,235907
110,110000	0,237181
110,120000	0,232082
110,130000	0,235269
110,140000	0,230170
110,150000	0,235269
110,160000	0,228258
110,170000	0,232082
110,180000	0,237819
110,190000	0,236544
110,200000	0,226346
110,210000	0,227621
110,220000	0,235269
110,230000	0,237819
110,240000	0,234632
110,250000	0,239731
110,260000	0,244830
110,270000	0,239731
110,280000	0,238456
110,290000	0,231445
110,300000	0,234632
110,310000	0,229533
110,320000	0,227621
110,330000	0,233994
110,340000	0,235269
110,350000	0,230808
110,360000	0,230170
110,370000	0,237181
110,380000	0,230808
110,390000	0,238456
110,400000	0,231445
110,410000	0,235269
110,420000	0,229533
110,430000	0,229533
110,440000	0,235907
110,450000	0,231445
110,460000	0,229533
110,470000	0,233994
110,480000	0,234632
110,490000	0,237181
110,500000	0,229533
110,510000	0,237819
110,520000	0,239731
110,530000	0,237181
110,540000	0,235269
110,550000	0,235907
110,560000	0,233357
110,570000	0,233357
110,580000	0,236544
110,590000	0,237181
110,600000	0,237181
110,610000	0,232082
110,620000	0,228258
110,630000	0,230808
110,640000	0,226346
110,650000	0,235907
110,660000	0,229533
110,670000	0,237819
110,680000	0,234632
110,690000	0,233994
110,700000	0,230170
110,710000	0,234632
110,720000	0,233357
110,730000	0,232720
110,740000	0,226346
110,750000	0,229533
110,760000	0,233994
110,770000	0,226346
110,780000	0,233357
110,790000	0,226346
110,800000	0,236544
110,810000	0,228896
110,820000	0,227621
110,830000	0,227621
110,840000	0,228258
110,850000	0,228896
110,860000	0,226983
110,870000	0,231445
110,880000	0,228896
110,890000	0,236544
110,900000	0,226346
110,910000	0,232082
110,920000	0,230170
110,930000	0,236544
110,940000	0,234632
110,950000	0,237181
110,960000	0,234632
110,970000	0,237181
110,980000	0,229533
110,990000	0,234632
111,000000	0,230170
111,010000	0,231445
111,020000	0,228258
111,030000	0,234632
111,040000	0,230808
111,050000	0,229533
111,060000	0,228896
111,070000	0,232720
111,080000	0,230808
111,090000	0,238456
111,100000	0,221247
111,110000	0,228258
111,120000	0,226346
111,130000	0,229533
111,140000	0,228258
111,150000	0,232082
111,160000	0,231445
111,170000	0,231445
111,180000	0,234632
111,190000	0,225071
111,200000	0,233357
111,210000	0,227621
111,220000	0,235269
111,230000	0,226346
111,240000	0,228896
111,250000	0,226983
111,260000	0,230170
111,270000	0,233357
111,280000	0,225071
111,290000	0,231445
111,300000	0,222522
111,310000	0,231445
111,320000	0,230170
111,330000	0,237819
111,340000	0,226346
111,350000	0,234632
111,360000	0,233357
111,370000	0,232082
111,380000	0,228258
111,390000	0,224434
111,400000	0,232082
111,410000	0,229533
111,420000	0,230808
111,430000	0,226983
111,440000	0,228896
111,450000	0,229533
111,460000	0,226983
111,470000	0,232720
111,480000	0,232082
111,490000	0,230170
111,500000	0,226983
111,510000	0,230170
111,520000	0,224434
111,530000	0,228258
111,540000	0,233994
111,550000	0,229533
111,560000	0,224434
111,570000	0,231445
111,580000	0,229533
111,590000	0,230170
111,600000	0,233994
111,610000	0,233357
111,620000	0,231445
111,630000	0,233357
111,640000	0,229533
111,650000	0,226346
111,660000	0,235907
111,670000	0,230808
111,680000	0,227621
111,690000	0,234632
111,700000	0,239093
111,710000	0,234632
111,720000	0,232082
111,730000	0,227621
111,740000	0,232082
111,750000	0,234632
111,760000	0,228896
111,770000	0,230170
111,780000	0,231445
111,790000	0,225071
111,800000	0,229533
111,810000	0,226983
111,820000	0,224434
111,830000	0,230808
111,840000	0,222522
111,850000	0,237181
111,860000	0,226346
111,870000	0,235269
111,880000	0,233994
111,890000	0,228896
111,900000	0,228896
111,910000	0,230808
111,920000	0,218698
111,930000	0,232082
111,940000	0,230808
111,950000	0,231445
111,960000	0,228896
111,970000	0,224434
111,980000	0,230170
111,990000	0,233357
112,000000	0,234632
112,010000	0,228896
112,020000	0,229533
112,030000	0,232082
112,040000	0,224434
112,050000	0,233994
112,060000	0,232082
112,070000	0,226983
112,080000	0,225071
112,090000	0,231445
112,100000	0,226346
112,110000	0,230170
112,120000	0,235269
112,130000	0,236544
112,140000	0,232082
112,150000	0,235907
112,160000	0,235907
112,170000	0,237819
112,180000	0,237819
112,190000	0,239093
112,200000	0,239093
112,210000	0,239093
112,220000	0,238456
112,230000	0,239731
112,240000	0,232082
112,250000	0,247379
112,260000	0,234632
112,270000	0,249929
112,280000	0,232720
112,290000	0,244830
112,300000	0,242280
112,310000	0,233994
112,320000	0,237181
112,330000	0,242918
112,340000	0,233994
112,350000	0,253115
112,360000	0,244830
112,370000	0,257577
112,380000	0,251203
112,390000	0,233357
112,400000	0,246104
112,410000	0,237181
112,420000	0,245467
112,430000	0,222522
112,440000	0,228258
112,450000	0,226983
112,460000	0,223797
112,470000	0,234632
112,480000	0,228896
112,490000	0,228896
112,500000	0,251841
112,510000	0,230170
112,520000	0,248654
112,530000	0,237819
112,540000	0,242918
112,550000	0,240368
112,560000	0,225071
112,570000	0,228896
112,580000	0,224434
112,590000	0,207225
112,600000	0,227621
112,610000	0,231445
112,620000	0,228258
112,630000	0,255665
112,640000	0,228258
112,650000	0,255028
112,660000	0,234632
112,670000	0,242280
112,680000	0,261401
112,690000	0,232082
112,700000	0,201489
112,710000	0,222522
112,720000	0,161335
112,730000	0,223159
112,740000	0,159423
112,750000	0,218060
112,760000	0,163884
112,770000	0,211687
112,780000	0,206588
112,790000	0,210412
112,800000	0,215511
112,810000	0,256302
112,820000	0,233357
112,830000	0,277335
112,840000	0,230170
112,850000	0,260126
112,860000	0,219972
112,870000	0,242280
112,880000	0,233357
112,890000	0,232082
112,900000	0,232082
112,910000	0,226983
112,920000	0,226983
112,930000	0,214236
112,940000	0,229533
112,950000	0,227621
112,960000	0,225709
112,970000	0,233357
112,980000	0,226346
112,990000	0,232720
113,000000	0,230170
113,010000	0,234632
113,020000	0,228896
113,030000	0,229533
113,040000	0,226983
113,050000	0,230808
113,060000	0,228258
113,070000	0,233994
113,080000	0,224434
113,090000	0,232720
113,100000	0,226983
113,110000	0,234632
113,120000	0,229533
113,130000	0,228258
113,140000	0,223797
113,150000	0,232082
113,160000	0,221884
113,170000	0,229533
113,180000	0,235907
113,190000	0,232720
113,200000	0,233994
113,210000	0,230170
113,220000	0,239731
113,230000	0,223159
113,240000	0,227621
113,250000	0,232082
113,260000	0,222522
113,270000	0,222522
113,280000	0,230808
113,290000	0,219335
113,300000	0,224434
113,310000	0,243555
113,320000	0,235907
113,330000	0,231445
113,340000	0,241005
113,350000	0,234632
113,360000	0,246742
113,370000	0,233357
113,380000	0,227621
113,390000	0,243555
113,400000	0,230170
113,410000	0,233994
113,420000	0,237819
113,430000	0,230170
113,440000	0,230170
113,450000	0,231445
113,460000	0,238456
113,470000	0,244830
113,480000	0,224434
113,490000	0,260764
113,500000	0,236544
113,510000	0,218698
113,520000	0,225709
113,530000	0,239731
113,540000	0,228896
113,550000	0,223159
113,560000	0,189379
113,570000	0,216786
113,580000	0,270324
113,590000	0,236544
113,600000	0,241643
113,610000	0,230808
113,620000	0,217423
113,630000	0,240368
113,640000	0,239093
113,650000	0,233994
113,660000	0,244192
113,670000	0,205313
113,680000	0,236544
113,690000	0,137115
113,700000	0,198302
113,710000	0,168983
113,720000	0,197027
113,730000	0,199577
113,740000	0,205313
113,750000	0,239731
113,760000	0,241005
113,770000	0,233357
113,780000	0,237181
113,790000	0,260126
113,800000	0,269050
113,810000	0,234632
113,820000	0,233994
113,830000	0,239093
113,840000	0,219335
113,850000	0,230808
113,860000	0,184280
113,870000	0,233994
113,880000	0,169620
113,890000	0,244830
113,900000	0,273511
113,910000	0,236544
113,920000	0,285621
113,930000	0,239093
113,940000	0,237181
113,950000	0,238456
113,960000	0,211049
113,970000	0,239731
113,980000	0,223797
113,990000	0,183005
114,000000	0,255028
114,010000	0,214873
114,020000	0,254390
114,030000	0,233994
114,040000	0,259489
114,050000	0,303467
114,060000	0,230808
114,070000	0,216786
114,080000	0,272236
114,090000	0,213599
114,100000	0,274786
114,110000	0,233357
114,120000	0,167071
114,130000	0,244192
114,140000	0,170895
114,150000	0,282434
114,160000	0,225071
114,170000	0,253753
114,180000	0,248654
114,190000	0,225071
114,200000	0,214236
114,210000	0,228258
114,220000	0,225709
114,230000	0,227621
114,240000	0,218698
114,250000	0,237819
114,260000	0,226983
114,270000	0,236544
114,280000	0,219335
114,290000	0,232720
114,300000	0,241005
114,310000	0,244192
114,320000	0,236544
114,330000	0,235907
114,340000	0,235269
114,350000	0,234632
114,360000	0,226346
114,370000	0,229533
114,380000	0,236544
114,390000	0,238456
114,400000	0,241005
114,410000	0,238456
114,420000	0,228896
114,430000	0,237819
114,440000	0,239731
114,450000	0,242918
114,460000	0,235269
114,470000	0,230170
114,480000	0,222522
114,490000	0,231445
114,500000	0,226346
114,510000	0,241005
114,520000	0,238456
114,530000	0,235907
114,540000	0,227621
114,550000	0,241643
114,560000	0,235269
114,570000	0,238456
114,580000	0,234632
114,590000	0,230808
114,600000	0,231445
114,610000	0,228896
114,620000	0,219972
114,630000	0,224434
114,640000	0,214236
114,650000	0,228258
114,660000	0,223159
114,670000	0,233994
114,680000	0,232720
114,690000	0,212324
114,700000	0,224434
114,710000	0,228896
114,720000	0,239731
114,730000	0,223159
114,740000	0,233357
114,750000	0,211687
114,760000	0,205313
114,770000	0,207862
114,780000	0,211049
114,790000	0,231445
114,800000	0,214236
114,810000	0,229533
114,820000	0,264588
114,830000	0,237819
114,840000	0,270962
114,850000	0,233994
114,860000	0,263313
114,870000	0,236544
114,880000	0,252478
114,890000	0,233994
114,900000	0,225071
114,910000	0,202126
114,920000	0,227621
114,930000	0,253115
114,940000	0,225071
114,950000	0,295819
114,960000	0,249929
114,970000	0,243555
114,980000	0,251203
114,990000	0,254390
115,000000	0,313028
115,010000	0,265863
115,020000	0,179818
115,030000	0,233994
115,040000	0,199577
115,050000	0,228896
115,060000	0,226983
115,070000	0,230170
115,080000	0,213599
115,090000	0,214873
115,100000	0,230808
115,110000	0,228258
115,120000	0,219335
115,130000	0,230170
115,140000	0,264588
115,150000	0,236544
115,160000	0,216148
115,170000	0,234632
115,180000	0,215511
115,190000	0,181093
115,200000	0,226346
115,210000	0,175357
115,220000	0,245467
115,230000	0,205950
115,240000	0,243555
115,250000	0,230170
115,260000	0,239731
115,270000	0,222522
115,280000	0,280522
115,290000	0,215511
115,300000	0,244830
115,310000	0,209137
115,320000	0,226346
115,330000	0,213599
115,340000	0,167708
115,350000	0,230808
115,360000	0,232082
115,370000	0,206588
115,380000	0,241643
115,390000	0,197665
115,400000	0,232082
115,410000	0,299006
115,420000	0,211687
115,430000	0,263313
115,440000	0,188741
115,450000	0,241005
115,460000	0,199577
115,470000	0,211687
115,480000	0,247379
115,490000	0,244830
115,500000	0,226983
115,510000	0,246742
115,520000	0,221884
115,530000	0,241005
115,540000	0,224434
115,550000	0,242918
115,560000	0,226983
115,570000	0,238456
115,580000	0,228896
115,590000	0,234632
115,600000	0,226983
115,610000	0,228896
115,620000	0,227621
115,630000	0,236544
115,640000	0,243555
115,650000	0,232082
115,660000	0,225709
115,670000	0,230170
115,680000	0,228258
115,690000	0,232082
115,700000	0,238456
115,710000	0,226346
115,720000	0,225071
115,730000	0,231445
115,740000	0,231445
115,750000	0,227621
115,760000	0,227621
115,770000	0,241643
115,780000	0,230170
115,790000	0,221884
115,800000	0,221247
115,810000	0,234632
115,820000	0,235907
115,830000	0,225709
115,840000	0,226346
115,850000	0,226983
115,860000	0,226983
115,870000	0,236544
115,880000	0,237181
115,890000	0,230808
115,900000	0,250566
115,910000	0,239731
115,920000	0,251203
115,930000	0,246742
115,940000	0,255028
115,950000	0,239731
115,960000	0,238456
115,970000	0,227621
115,980000	0,239093
115,990000	0,257577
116,000000	0,242280
116,010000	0,221884
116,020000	0,239731
116,030000	0,240368
116,040000	0,253115
116,050000	0,237819
116,060000	0,244192
116,070000	0,242280
116,080000	0,222522
116,090000	0,240368
116,100000	0,213599
116,110000	0,228896
116,120000	0,201489
116,130000	0,216148
116,140000	0,215511
116,150000	0,202126
116,160000	0,236544
116,170000	0,264588
116,180000	0,231445
116,190000	0,216148
116,200000	0,231445
116,210000	0,260126
116,220000	0,233357
116,230000	0,232082
116,240000	0,218698
116,250000	0,218698
116,260000	0,195115
116,270000	0,219335
116,280000	0,193840
116,290000	0,216786
116,300000	0,212961
116,310000	0,224434
116,320000	0,254390
116,330000	0,227621
116,340000	0,226346
116,350000	0,254390
116,360000	0,235907
116,370000	0,245467
116,380000	0,219335
116,390000	0,222522
116,400000	0,224434
116,410000	0,221884
116,420000	0,232082
116,430000	0,227621
116,440000	0,218060
116,450000	0,236544
116,460000	0,237181
116,470000	0,225071
116,480000	0,275423
116,490000	0,230808
116,500000	0,239731
116,510000	0,228258
116,520000	0,237819
116,530000	0,232082
116,540000	0,230808
116,550000	0,210412
116,560000	0,239093
116,570000	0,234632
116,580000	0,253115
116,590000	0,285621
116,600000	0,249291
116,610000	0,297094
116,620000	0,242280
116,630000	0,308566
116,640000	0,242280
116,650000	0,252478
116,660000	0,258214
116,670000	0,237181
116,680000	0,211049
116,690000	0,229533
116,700000	0,193840
116,710000	0,232082
116,720000	0,195752
116,730000	0,255665
116,740000	0,210412
116,750000	0,232082
116,760000	0,227621
116,770000	0,229533
116,780000	0,229533
116,790000	0,226983
116,800000	0,236544
116,810000	0,234632
116,820000	0,229533
116,830000	0,231445
116,840000	0,234632
116,850000	0,230808
116,860000	0,237181
116,870000	0,223159
116,880000	0,242280
116,890000	0,233357
116,900000	0,228896
116,910000	0,221884
116,920000	0,232082
116,930000	0,230170
116,940000	0,237819
116,950000	0,234632
116,960000	0,228896
116,970000	0,230808
116,980000	0,236544
116,990000	0,236544
117,000000	0,230808
117,010000	0,229533
117,020000	0,228896
117,030000	0,230170
117,040000	0,234632
117,050000	0,240368
117,060000	0,228896
117,070000	0,236544
117,080000	0,237181
117,090000	0,234632
117,100000	0,237181
117,110000	0,242280
117,120000	0,238456
117,130000	0,233994
117,140000	0,226346
117,150000	0,237181
117,160000	0,218698
117,170000	0,226346
117,180000	0,214873
117,190000	0,219972
117,200000	0,221247
117,210000	0,224434
117,220000	0,223159
117,230000	0,221884
117,240000	0,231445
117,250000	0,221884
117,260000	0,232082
117,270000	0,219972
117,280000	0,235907
117,290000	0,216786
117,300000	0,219335
117,310000	0,226983
117,320000	0,221247
117,330000	0,218060
117,340000	0,240368
117,350000	0,221884
117,360000	0,241643
117,370000	0,238456
117,380000	0,242918
117,390000	0,242280
117,400000	0,236544
117,410000	0,225709
117,420000	0,236544
117,430000	0,251841
117,440000	0,222522
117,450000	0,248654
117,460000	0,215511
117,470000	0,241005
117,480000	0,228258
117,490000	0,255665
117,500000	0,246742
117,510000	0,252478
117,520000	0,253753
117,530000	0,255665
117,540000	0,232082
117,550000	0,255028
117,560000	0,224434
117,570000	0,232082
117,580000	0,229533
117,590000	0,223159
117,600000	0,239731
117,610000	0,226346
117,620000	0,219335
117,630000	0,226346
117,640000	0,230808
117,650000	0,233357
117,660000	0,246104
117,670000	0,230170
117,680000	0,234632
117,690000	0,237181
117,700000	0,229533
117,710000	0,221884
117,720000	0,215511
117,730000	0,209137
117,740000	0,223797
117,750000	0,211687
117,760000	0,230808
117,770000	0,251203
117,780000	0,237819
117,790000	0,256302
117,800000	0,242280
117,810000	0,246742
117,820000	0,231445
117,830000	0,232082
117,840000	0,224434
117,850000	0,215511
117,860000	0,179181
117,870000	0,224434
117,880000	0,202763
117,890000	0,227621
117,900000	0,226346
117,910000	0,225071
117,920000	0,238456
117,930000	0,241005
117,940000	0,241643
117,950000	0,246742
117,960000	0,235907
117,970000	0,251841
117,980000	0,239731
117,990000	0,242918
118,000000	0,237181
118,010000	0,230170
118,020000	0,226983
118,030000	0,233994
118,040000	0,229533
118,050000	0,225071
118,060000	0,227621
118,070000	0,226346
118,080000	0,232720
118,090000	0,223159
118,100000	0,226983
118,110000	0,223797
118,120000	0,224434
118,130000	0,231445
118,140000	0,228258
118,150000	0,232082
118,160000	0,225709
118,170000	0,227621
118,180000	0,229533
118,190000	0,235269
118,200000	0,232720
118,210000	0,228896
118,220000	0,233994
118,230000	0,233994
118,240000	0,233994
118,250000	0,230170
118,260000	0,235269
118,270000	0,230808
118,280000	0,229533
118,290000	0,232720
118,300000	0,232082
118,310000	0,233357
118,320000	0,232720
118,330000	0,232082
118,340000	0,237181
118,350000	0,235269
118,360000	0,232082
118,370000	0,229533
118,380000	0,238456
118,390000	0,235907
118,400000	0,239093
118,410000	0,232082
118,420000	0,236544
118,430000	0,239731
118,440000	0,235269
118,450000	0,226983
118,460000	0,244830
118,470000	0,232720
118,480000	0,236544
118,490000	0,229533
118,500000	0,235269
118,510000	0,239731
118,520000	0,239731
118,530000	0,225071
118,540000	0,237181
118,550000	0,226346
118,560000	0,235269
118,570000	0,229533
118,580000	0,233994
118,590000	0,235269
118,600000	0,226983
118,610000	0,233994
118,620000	0,228896
118,630000	0,229533
118,640000	0,228258
118,650000	0,230808
118,660000	0,224434
118,670000	0,234632
118,680000	0,228896
118,690000	0,226346
118,700000	0,237181
118,710000	0,228258
118,720000	0,226346
118,730000	0,232082
118,740000	0,226983
118,750000	0,233994
118,760000	0,221247
118,770000	0,228896
118,780000	0,233357
118,790000	0,233994
118,800000	0,230170
118,810000	0,234632
118,820000	0,225709
118,830000	0,228896
118,840000	0,224434
118,850000	0,232720
118,860000	0,227621
118,870000	0,237819
118,880000	0,235269
118,890000	0,230170
118,900000	0,233994
118,910000	0,240368
118,920000	0,230170
118,930000	0,231445
118,940000	0,230170
118,950000	0,243555
118,960000	0,223797
118,970000	0,232082
118,980000	0,228896
118,990000	0,239731
119,000000	0,232082
119,010000	0,229533
119,020000	0,239731
119,030000	0,233994
119,040000	0,237819
119,050000	0,232720
119,060000	0,230170
119,070000	0,237819
119,080000	0,231445
119,090000	0,236544
119,100000	0,229533
119,110000	0,236544
119,120000	0,229533
119,130000	0,228896
119,140000	0,237181
119,150000	0,228896
119,160000	0,229533
119,170000	0,230808
119,180000	0,239093
119,190000	0,223797
119,200000	0,225071
119,210000	0,237181
119,220000	0,228258
119,230000	0,232082
119,240000	0,225709
119,250000	0,233357
119,260000	0,225709
119,270000	0,227621
119,280000	0,227621
119,290000	0,230808
119,300000	0,228896
119,310000	0,228896
119,320000	0,232720
119,330000	0,234632
119,340000	0,234632
119,350000	0,232082
119,360000	0,232720
119,370000	0,236544
119,380000	0,237181
119,390000	0,231445
119,400000	0,228896
119,410000	0,226346
119,420000	0,233357
119,430000	0,230170
119,440000	0,231445
119,450000	0,228896
119,460000	0,237819
119,470000	0,228258
119,480000	0,230170
119,490000	0,224434
119,500000	0,232082
119,510000	0,231445
119,520000	0,228896
119,530000	0,232082
119,540000	0,229533
119,550000	0,226983
119,560000	0,233994
119,570000	0,230808
119,580000	0,233357
119,590000	0,225709
119,600000	0,229533
119,610000	0,223159
119,620000	0,228258
119,630000	0,233357
119,640000	0,230170
119,650000	0,231445
119,660000	0,233357
119,670000	0,230170
119,680000	0,233357
119,690000	0,228258
119,700000	0,229533
119,710000	0,226346
119,720000	0,231445
119,730000	0,232082
119,740000	0,230170
119,750000	0,224434
119,760000	0,231445
119,770000	0,232720
119,780000	0,231445
119,790000	0,225071
119,800000	0,234632
119,810000	0,228896
119,820000	0,237181
119,830000	0,228896
119,840000	0,228896
119,850000	0,225709
119,860000	0,230808
119,870000	0,225709
119,880000	0,230808
119,890000	0,226346
119,900000	0,233357
119,910000	0,228258
119,920000	0,233994
119,930000	0,231445
119,940000	0,233357
119,950000	0,233357
119,960000	0,234632
119,970000	0,228258
119,980000	0,233994
119,990000	0,229533
120,000000	0,231445
120,010000	0,230808
120,020000	0,230170
120,030000	0,232082
120,040000	0,236544
120,050000	0,228896
120,060000	0,226983
120,070000	0,231445
120,080000	0,232082
120,090000	0,236544
120,100000	0,233357
120,110000	0,223797
120,120000	0,226983
120,130000	0,232720
120,140000	0,228896
120,150000	0,234632
120,160000	0,230170
120,170000	0,225071
120,180000	0,232082
120,190000	0,229533
120,200000	0,225709
120,210000	0,228896
120,220000	0,223797
120,230000	0,235269
120,240000	0,225709
120,250000	0,231445
120,260000	0,233357
120,270000	0,240368
120,280000	0,237181
120,290000	0,233994
120,300000	0,228896
120,310000	0,228258
120,320000	0,229533
120,330000	0,233357
120,340000	0,228258
120,350000	0,231445
120,360000	0,228896
120,370000	0,238456
120,380000	0,239093
120,390000	0,236544
120,400000	0,228896
120,410000	0,233994
120,420000	0,232082
120,430000	0,235907
120,440000	0,228258
120,450000	0,232720
120,460000	0,226346
120,470000	0,225709
120,480000	0,230808
120,490000	0,232720
120,500000	0,230170
120,510000	0,239093
120,520000	0,233994
120,530000	0,238456
120,540000	0,235269
120,550000	0,237181
120,560000	0,229533
120,570000	0,241005
120,580000	0,232720
120,590000	0,239731
120,600000	0,230808
120,610000	0,227621
120,620000	0,226346
120,630000	0,234632
120,640000	0,233994
120,650000	0,230170
120,660000	0,233357
120,670000	0,229533
120,680000	0,230170
120,690000	0,237181
120,700000	0,241005
120,710000	0,233357
120,720000	0,235907
120,730000	0,231445
120,740000	0,233994
120,750000	0,229533
120,760000	0,231445
120,770000	0,235907
120,780000	0,233994
120,790000	0,232082
120,800000	0,233357
120,810000	0,236544
120,820000	0,235269
120,830000	0,232082
120,840000	0,237181
120,850000	0,233994
120,860000	0,236544
120,870000	0,234632
120,880000	0,227621
120,890000	0,233357
120,900000	0,229533
120,910000	0,238456
120,920000	0,233357
120,930000	0,228896
120,940000	0,235269
120,950000	0,230808
120,960000	0,234632
120,970000	0,232720
120,980000	0,238456
120,990000	0,226983
121,000000	0,238456
121,010000	0,223159
121,020000	0,232720
121,030000	0,226983
121,040000	0,242280
121,050000	0,228896
121,060000	0,236544
121,070000	0,233357
121,080000	0,230170
121,090000	0,230170
121,100000	0,235269
121,110000	0,220610
121,120000	0,230808
121,130000	0,220610
121,140000	0,242280
121,150000	0,229533
121,160000	0,235269
121,170000	0,229533
121,180000	0,235907
121,190000	0,225709
121,200000	0,232082
121,210000	0,224434
121,220000	0,229533
121,230000	0,226983
121,240000	0,230170
121,250000	0,232082
121,260000	0,233357
121,270000	0,227621
121,280000	0,233994
121,290000	0,228258
121,300000	0,227621
121,310000	0,231445
121,320000	0,230808
121,330000	0,233357
121,340000	0,231445
121,350000	0,233357
121,360000	0,225071
121,370000	0,224434
121,380000	0,229533
121,390000	0,224434
121,400000	0,225071
121,410000	0,228258
121,420000	0,235269
121,430000	0,230808
121,440000	0,230170
121,450000	0,233357
121,460000	0,225709
121,470000	0,223159
121,480000	0,228258
121,490000	0,221884
121,500000	0,230170
121,510000	0,224434
121,520000	0,229533
121,530000	0,233357
121,540000	0,224434
121,550000	0,231445
121,560000	0,224434
121,570000	0,230808
121,580000	0,223159
121,590000	0,230170
121,600000	0,233994
121,610000	0,224434
121,620000	0,234632
121,630000	0,235907
121,640000	0,225709
121,650000	0,236544
121,660000	0,220610
121,670000	0,234632
121,680000	0,227621
121,690000	0,232720
121,700000	0,232082
121,710000	0,225071
121,720000	0,224434
121,730000	0,237819
121,740000	0,227621
121,750000	0,238456
121,760000	0,228258
121,770000	0,233357
121,780000	0,232720
121,790000	0,229533
121,800000	0,222522
121,810000	0,234632
121,820000	0,232082
121,830000	0,235907
121,840000	0,228896
121,850000	0,225709
121,860000	0,233994
121,870000	0,232720
121,880000	0,230808
121,890000	0,233357
121,900000	0,232720
121,910000	0,233357
121,920000	0,242280
121,930000	0,231445
121,940000	0,228258
121,950000	0,232082
121,960000	0,234632
121,970000	0,228896
121,980000	0,225071
121,990000	0,219972
122,000000	0,234632
122,010000	0,234632
122,020000	0,233994
122,030000	0,234632
122,040000	0,235269
122,050000	0,227621
122,060000	0,239731
122,070000	0,224434
122,080000	0,233994
122,090000	0,225709
122,100000	0,232082
122,110000	0,220610
122,120000	0,232720
122,130000	0,227621
122,140000	0,228896
122,150000	0,227621
122,160000	0,225071
122,170000	0,229533
122,180000	0,233357
122,190000	0,228896
122,200000	0,232082
122,210000	0,232082
122,220000	0,229533
122,230000	0,226983
122,240000	0,237181
122,250000	0,233357
122,260000	0,230170
122,270000	0,224434
122,280000	0,232720
122,290000	0,230808
122,300000	0,233994
122,310000	0,228258
122,320000	0,235907
122,330000	0,233994
122,340000	0,230808
122,350000	0,241005
122,360000	0,239731
122,370000	0,236544
122,380000	0,238456
122,390000	0,228258
122,400000	0,233994
122,410000	0,223159
122,420000	0,239731
122,430000	0,237819
122,440000	0,232082
122,450000	0,231445
122,460000	0,237181
122,470000	0,230808
122,480000	0,236544
122,490000	0,229533
122,500000	0,234632
122,510000	0,228258
122,520000	0,237819
122,530000	0,233357
122,540000	0,234632
122,550000	0,228258
122,560000	0,233994
122,570000	0,235907
122,580000	0,237181
122,590000	0,229533
122,600000	0,234632
122,610000	0,241643
122,620000	0,232720
122,630000	0,223797
122,640000	0,231445
122,650000	0,239093
122,660000	0,226346
122,670000	0,239093
122,680000	0,232082
122,690000	0,228896
122,700000	0,236544
122,710000	0,236544
122,720000	0,235907
122,730000	0,235907
122,740000	0,230170
122,750000	0,232720
122,760000	0,230808
122,770000	0,237819
122,780000	0,225071
122,790000	0,243555
122,800000	0,232082
122,810000	0,235269
122,820000	0,237181
122,830000	0,241005
122,840000	0,230808
122,850000	0,233994
122,860000	0,239093
122,870000	0,229533
122,880000	0,232720
122,890000	0,232082
122,900000	0,233357
122,910000	0,225071
122,920000	0,237181
122,930000	0,235269
122,940000	0,232082
122,950000	0,224434
122,960000	0,226346
122,970000	0,223797
122,980000	0,232082
122,990000	0,226983
123,000000	0,237181
123,010000	0,228896
123,020000	0,226346
123,030000	0,232082
123,040000	0,238456
123,050000	0,233357
123,060000	0,228258
123,070000	0,229533
123,080000	0,230808
123,090000	0,233357
123,100000	0,226983
123,110000	0,229533
123,120000	0,237819
123,130000	0,235907
123,140000	0,229533
123,150000	0,233357
123,160000	0,235907
123,170000	0,242280
123,180000	0,236544
123,190000	0,229533
123,200000	0,221247
123,210000	0,233357
123,220000	0,237181
123,230000	0,222522
123,240000	0,231445
123,250000	0,226983
123,260000	0,230808
123,270000	0,234632
123,280000	0,228896
123,290000	0,233994
123,300000	0,232082
123,310000	0,229533
123,320000	0,232082
123,330000	0,226983
123,340000	0,228896
123,350000	0,231445
123,360000	0,232082
123,370000	0,223159
123,380000	0,226983
123,390000	0,232720
123,400000	0,239731
123,410000	0,232082
123,420000	0,233357
123,430000	0,221884
123,440000	0,228896
123,450000	0,225071
123,460000	0,230808
123,470000	0,232082
123,480000	0,232720
123,490000	0,232082
123,500000	0,232082
123,510000	0,221884
123,520000	0,225709
123,530000	0,227621
123,540000	0,231445
123,550000	0,225709
123,560000	0,233357
123,570000	0,223159
123,580000	0,225071
123,590000	0,230808
123,600000	0,230170
123,610000	0,232720
123,620000	0,222522
123,630000	0,228896
123,640000	0,226346
123,650000	0,229533
123,660000	0,233357
123,670000	0,228258
123,680000	0,225071
123,690000	0,230170
123,700000	0,236544
123,710000	0,232082
123,720000	0,224434
123,730000	0,230808
123,740000	0,234632
123,750000	0,228896
123,760000	0,228896
123,770000	0,228258
123,780000	0,227621
123,790000	0,226346
123,800000	0,236544
123,810000	0,237181
123,820000	0,233357
123,830000	0,233357
123,840000	0,233994
123,850000	0,229533
123,860000	0,234632
123,870000	0,222522
123,880000	0,231445
123,890000	0,223159
123,900000	0,233357
123,910000	0,232720
123,920000	0,226983
123,930000	0,235269
123,940000	0,224434
123,950000	0,221884
123,960000	0,233994
123,970000	0,220610
123,980000	0,237181
123,990000	0,224434
124,000000	0,224434
124,010000	0,225071
124,020000	0,234632
124,030000	0,221247
124,040000	0,237181
124,050000	0,218698
124,060000	0,236544
124,070000	0,225709
124,080000	0,230170
124,090000	0,227621
124,100000	0,239093
124,110000	0,225071
124,120000	0,232082
124,130000	0,221884
124,140000	0,223159
124,150000	0,221247
124,160000	0,228896
124,170000	0,225709
124,180000	0,235907
124,190000	0,231445
124,200000	0,234632
124,210000	0,226983
124,220000	0,230170
124,230000	0,235269
124,240000	0,228896
124,250000	0,239731
124,260000	0,233994
124,270000	0,235269
124,280000	0,232082
124,290000	0,225709
124,300000	0,235269
124,310000	0,235269
124,320000	0,241643
124,330000	0,226983
124,340000	0,235907
124,350000	0,235269
124,360000	0,228258
124,370000	0,232082
124,380000	0,234632
124,390000	0,231445
124,400000	0,235269
124,410000	0,233357
124,420000	0,233357
124,430000	0,228896
124,440000	0,233357
124,450000	0,227621
124,460000	0,231445
124,470000	0,228258
124,480000	0,232720
124,490000	0,243555
124,500000	0,234632
124,510000	0,234632
124,520000	0,235907
124,530000	0,235907
124,540000	0,238456
124,550000	0,237181
124,560000	0,228896
124,570000	0,230170
124,580000	0,231445
124,590000	0,229533
124,600000	0,228258
124,610000	0,230808
124,620000	0,226346
124,630000	0,232082
124,640000	0,232082
124,650000	0,229533
124,660000	0,230808
124,670000	0,224434
124,680000	0,230170
124,690000	0,246742
124,700000	0,228258
124,710000	0,237181
124,720000	0,234632
124,730000	0,233994
124,740000	0,233994
124,750000	0,230808
124,760000	0,232082
124,770000	0,247379
124,780000	0,235269
124,790000	0,237819
124,800000	0,228896
124,810000	0,234632
124,820000	0,230808
124,830000	0,235269
124,840000	0,230170
124,850000	0,228896
124,860000	0,237181
124,870000	0,235907
124,880000	0,226346
124,890000	0,230170
124,900000	0,226346
124,910000	0,224434
124,920000	0,230808
124,930000	0,228896
124,940000	0,226983
124,950000	0,236544
124,960000	0,225071
124,970000	0,232082
124,980000	0,232082
124,990000	0,223797
125,000000	0,235269
125,010000	0,235269
125,020000	0,233357
125,030000	0,223797
125,040000	0,233994
125,050000	0,225709
125,060000	0,228896
125,070000	0,227621
125,080000	0,228896
125,090000	0,228258
125,100000	0,239731
125,110000	0,233994
125,120000	0,233357
125,130000	0,237819
125,140000	0,225071
125,150000	0,243555
125,160000	0,230170
125,170000	0,233994
125,180000	0,226346
125,190000	0,224434
125,200000	0,226346
125,210000	0,227621
125,220000	0,234632
125,230000	0,236544
125,240000	0,230808
125,250000	0,233357
125,260000	0,233357
125,270000	0,230808
125,280000	0,238456
125,290000	0,225709
125,300000	0,230170
125,310000	0,231445
125,320000	0,234632
125,330000	0,232720
125,340000	0,234632
125,350000	0,236544
125,360000	0,230808
125,370000	0,232082
125,380000	0,235907
125,390000	0,226346
125,400000	0,231445
125,410000	0,224434
125,420000	0,236544
125,430000	0,233357
125,440000	0,226346
125,450000	0,219972
125,460000	0,231445
125,470000	0,226983
125,480000	0,231445
125,490000	0,230170
125,500000	0,226346
125,510000	0,235269
125,520000	0,231445
125,530000	0,223159
125,540000	0,229533
125,550000	0,224434
125,560000	0,233994
125,570000	0,228258
125,580000	0,228258
125,590000	0,226983
125,600000	0,225071
125,610000	0,233357
125,620000	0,228258
125,630000	0,225071
125,640000	0,222522
125,650000	0,230808
125,660000	0,230808
125,670000	0,241005
125,680000	0,232082
125,690000	0,228258
125,700000	0,226346
125,710000	0,235269
125,720000	0,232082
125,730000	0,241005
125,740000	0,222522
125,750000	0,234632
125,760000	0,224434
125,770000	0,233357
125,780000	0,216786
125,790000	0,228258
125,800000	0,235907
125,810000	0,236544
125,820000	0,230808
125,830000	0,232082
125,840000	0,228896
125,850000	0,228896
125,860000	0,226983
125,870000	0,225071
125,880000	0,225709
125,890000	0,222522
125,900000	0,227621
125,910000	0,226346
125,920000	0,227621
125,930000	0,221247
125,940000	0,233357
125,950000	0,233357
125,960000	0,228258
125,970000	0,221247
125,980000	0,224434
125,990000	0,230808
126,000000	0,226983
126,010000	0,223159
126,020000	0,234632
126,030000	0,226983
126,040000	0,228896
126,050000	0,228258
126,060000	0,233357
126,070000	0,227621
126,080000	0,230808
126,090000	0,228258
126,100000	0,228896
126,110000	0,232720
126,120000	0,228896
126,130000	0,228258
126,140000	0,232720
126,150000	0,226983
126,160000	0,225071
126,170000	0,233357
126,180000	0,227621
126,190000	0,224434
126,200000	0,231445
126,210000	0,224434
126,220000	0,235269
126,230000	0,228258
126,240000	0,230808
126,250000	0,232082
126,260000	0,235907
126,270000	0,242280
126,280000	0,235269
126,290000	0,219335
126,300000	0,241643
126,310000	0,234632
126,320000	0,233994
126,330000	0,236544
126,340000	0,230808
126,350000	0,233357
126,360000	0,236544
126,370000	0,232720
126,380000	0,238456
126,390000	0,228258
126,400000	0,233357
126,410000	0,235269
126,420000	0,229533
126,430000	0,236544
126,440000	0,228896
126,450000	0,229533
126,460000	0,240368
126,470000	0,227621
126,480000	0,230170
126,490000	0,223159
126,500000	0,234632
126,510000	0,234632
126,520000	0,235269
126,530000	0,233357
126,540000	0,230808
126,550000	0,228896
126,560000	0,233357
126,570000	0,226983
126,580000	0,236544
126,590000	0,225709
126,600000	0,231445
126,610000	0,237819
126,620000	0,229533
126,630000	0,224434
126,640000	0,232082
126,650000	0,229533
126,660000	0,232720
126,670000	0,232720
126,680000	0,230808
126,690000	0,227621
126,700000	0,241643
126,710000	0,239093
126,720000	0,236544
126,730000	0,233357
126,740000	0,233994
126,750000	0,235269
126,760000	0,237819
126,770000	0,231445
126,780000	0,244192
126,790000	0,226983
126,800000	0,235907
126,810000	0,229533
126,820000	0,233994
126,830000	0,235269
126,840000	0,233994
126,850000	0,232082
126,860000	0,231445
126,870000	0,221884
126,880000	0,234632
126,890000	0,229533
126,900000	0,232720
126,910000	0,234632
126,920000	0,237819
126,930000	0,235269
126,940000	0,234632
126,950000	0,238456
126,960000	0,229533
126,970000	0,241643
126,980000	0,226346
126,990000	0,236544
127,000000	0,237819
127,010000	0,237819
127,020000	0,233994
127,030000	0,223159
127,040000	0,239731
127,050000	0,229533
127,060000	0,233994
127,070000	0,242918
127,080000	0,228896
127,090000	0,241643
127,100000	0,233994
127,110000	0,235269
127,120000	0,225709
127,130000	0,241643
127,140000	0,229533
127,150000	0,236544
127,160000	0,230808
127,170000	0,238456
127,180000	0,228896
127,190000	0,237181
127,200000	0,226983
127,210000	0,225071
127,220000	0,228896
127,230000	0,223159
127,240000	0,234632
127,250000	0,225071
127,260000	0,236544
127,270000	0,221884
127,280000	0,229533
127,290000	0,233994
127,300000	0,239093
127,310000	0,223797
127,320000	0,226346
127,330000	0,219972
127,340000	0,225709
127,350000	0,236544
127,360000	0,238456
127,370000	0,231445
127,380000	0,237819
127,390000	0,232082
127,400000	0,235907
127,410000	0,225071
127,420000	0,226346
127,430000	0,229533
127,440000	0,230808
127,450000	0,231445
127,460000	0,232720
127,470000	0,232720
127,480000	0,232082
127,490000	0,232082
127,500000	0,225709
127,510000	0,233357
127,520000	0,230808
127,530000	0,230170
127,540000	0,233994
127,550000	0,226983
127,560000	0,238456
127,570000	0,239093
127,580000	0,225071
127,590000	0,233994
127,600000	0,233994
127,610000	0,229533
127,620000	0,230808
127,630000	0,230170
127,640000	0,227621
127,650000	0,231445
127,660000	0,226983
127,670000	0,228258
127,680000	0,230170
127,690000	0,229533
127,700000	0,232082
127,710000	0,226983
127,720000	0,236544
127,730000	0,232082
127,740000	0,228258
127,750000	0,226346
127,760000	0,228896
127,770000	0,228896
127,780000	0,231445
127,790000	0,225071
127,800000	0,225071
127,810000	0,223797
127,820000	0,231445
127,830000	0,223797
127,840000	0,235269
127,850000	0,223797
127,860000	0,236544
127,870000	0,226346
127,880000	0,224434
127,890000	0,237819
127,900000	0,225709
127,910000	0,225071
127,920000	0,225709
127,930000	0,232720
127,940000	0,227621
127,950000	0,223797
127,960000	0,227621
127,970000	0,219972
127,980000	0,232082
127,990000	0,239093
128,000000	0,229533
128,010000	0,227621
128,020000	0,228896
128,030000	0,228896
128,040000	0,231445
128,050000	0,226346
128,060000	0,236544
128,070000	0,224434
128,080000	0,230808
128,090000	0,233994
128,100000	0,232720
128,110000	0,231445
128,120000	0,231445
128,130000	0,232720
128,140000	0,230170
128,150000	0,232720
128,160000	0,233357
128,170000	0,228258
128,180000	0,230170
128,190000	0,226983
128,200000	0,231445
128,210000	0,225709
128,220000	0,235907
128,230000	0,229533
128,240000	0,231445
128,250000	0,223159
128,260000	0,228896
128,270000	0,232082
128,280000	0,228896
128,290000	0,221247
128,300000	0,234632
128,310000	0,226346
128,320000	0,231445
128,330000	0,234632
128,340000	0,229533
128,350000	0,230170
128,360000	0,229533
128,370000	0,223797
128,380000	0,236544
128,390000	0,232720
128,400000	0,232082
128,410000	0,227621
128,420000	0,234632
128,430000	0,236544
128,440000	0,231445
128,450000	0,228258
128,460000	0,230808
128,470000	0,228258
128,480000	0,231445
128,490000	0,230170
128,500000	0,228896
128,510000	0,230170
128,520000	0,231445
128,530000	0,232720
128,540000	0,236544
128,550000	0,228896
128,560000	0,233357
128,570000	0,230808
128,580000	0,231445
128,590000	0,232082
128,600000	0,235269
128,610000	0,226346
128,620000	0,235907
128,630000	0,226346
128,640000	0,235907
128,650000	0,232082
128,660000	0,234632
128,670000	0,231445
128,680000	0,234632
128,690000	0,226983
128,700000	0,231445
128,710000	0,230808
128,720000	0,236544
128,730000	0,236544
128,740000	0,238456
128,750000	0,226346
128,760000	0,233357
128,770000	0,228258
128,780000	0,229533
128,790000	0,228258
128,800000	0,234632
128,810000	0,234632
128,820000	0,235269
128,830000	0,226983
128,840000	0,233994
128,850000	0,233994
128,860000	0,235269
128,870000	0,221884
128,880000	0,235269
128,890000	0,232082
128,900000	0,231445
128,910000	0,228258
128,920000	0,233357
128,930000	0,230170
128,940000	0,233994
128,950000	0,232082
128,960000	0,237181
128,970000	0,234632
128,980000	0,235269
128,990000	0,225071
129,000000	0,235907
129,010000	0,228258
129,020000	0,235269
129,030000	0,227621
129,040000	0,234632
129,050000	0,228258
129,060000	0,230808
129,070000	0,231445
129,080000	0,236544
129,090000	0,232720
129,100000	0,233357
129,110000	0,230170
129,120000	0,234632
129,130000	0,237181
129,140000	0,232720
129,150000	0,233357
129,160000	0,226346
129,170000	0,230170
129,180000	0,230170
129,190000	0,234632
129,200000	0,227621
129,210000	0,230808
129,220000	0,230808
129,230000	0,232082
129,240000	0,237819
129,250000	0,230170
129,260000	0,228258
129,270000	0,234632
129,280000	0,237181
129,290000	0,239093
129,300000	0,230808
129,310000	0,231445
129,320000	0,232720
129,330000	0,228896
129,340000	0,232082
129,350000	0,232082
129,360000	0,232720
129,370000	0,222522
129,380000	0,233357
129,390000	0,234632
129,400000	0,232720
129,410000	0,230808
129,420000	0,234632
129,430000	0,232082
129,440000	0,234632
129,450000	0,219972
129,460000	0,228258
129,470000	0,224434
129,480000	0,233357
129,490000	0,225709
129,500000	0,230808
129,510000	0,232082
129,520000	0,235269
129,530000	0,234632
129,540000	0,228896
129,550000	0,232082
129,560000	0,232082
129,570000	0,225071
129,580000	0,231445
129,590000	0,223797
129,600000	0,230170
129,610000	0,224434
129,620000	0,225071
129,630000	0,228258
129,640000	0,230170
129,650000	0,228258
129,660000	0,232082
129,670000	0,238456
129,680000	0,226346
129,690000	0,236544
129,700000	0,226983
129,710000	0,236544
129,720000	0,228258
129,730000	0,236544
129,740000	0,223797
129,750000	0,234632
129,760000	0,223797
129,770000	0,232720
129,780000	0,232082
129,790000	0,228896
129,800000	0,225709
129,810000	0,232720
129,820000	0,219335
129,830000	0,232720
129,840000	0,224434
129,850000	0,225071
129,860000	0,227621
129,870000	0,238456
129,880000	0,225071
129,890000	0,225709
129,900000	0,226346
129,910000	0,233994
129,920000	0,224434
129,930000	0,233994
129,940000	0,226346
129,950000	0,225071
129,960000	0,228258
129,970000	0,235907
129,980000	0,225071
129,990000	0,227621
130,000000	0,228896
130,010000	0,230170
130,020000	0,232720
130,030000	0,232082
130,040000	0,226983
130,050000	0,224434
130,060000	0,228258
130,070000	0,231445
130,080000	0,225709
130,090000	0,226983
130,100000	0,227621
130,110000	0,228258
130,120000	0,234632
130,130000	0,235269
130,140000	0,228896
130,150000	0,232082
130,160000	0,226983
130,170000	0,233994
130,180000	0,228258
130,190000	0,233994
130,200000	0,227621
130,210000	0,223797
130,220000	0,234632
130,230000	0,230808
130,240000	0,228258
130,250000	0,230170
130,260000	0,232082
130,270000	0,237181
130,280000	0,224434
130,290000	0,228258
130,300000	0,233994
130,310000	0,230170
130,320000	0,232720
130,330000	0,228258
130,340000	0,234632
130,350000	0,227621
130,360000	0,231445
130,370000	0,225071
130,380000	0,235269
130,390000	0,229533
130,400000	0,233994
130,410000	0,226346
130,420000	0,233357
130,430000	0,233994
130,440000	0,231445
130,450000	0,226983
130,460000	0,234632
130,470000	0,233357
130,480000	0,233994
130,490000	0,230170
130,500000	0,231445
130,510000	0,236544
130,520000	0,239093
130,530000	0,230170
130,540000	0,236544
130,550000	0,233357
130,560000	0,230808
130,570000	0,231445
130,580000	0,239731
130,590000	0,230808
130,600000	0,237819
130,610000	0,231445
130,620000	0,233357
130,630000	0,237181
130,640000	0,232720
130,650000	0,227621
130,660000	0,229533
130,670000	0,229533
130,680000	0,228896
130,690000	0,235269
130,700000	0,239093
130,710000	0,233357
130,720000	0,233357
130,730000	0,232720
130,740000	0,235269
130,750000	0,226346
130,760000	0,231445
130,770000	0,237181
130,780000	0,235269
130,790000	0,228896
130,800000	0,235269
130,810000	0,230170
130,820000	0,239093
130,830000	0,237181
130,840000	0,235907
130,850000	0,225071
130,860000	0,234632
130,870000	0,226983
130,880000	0,233994
130,890000	0,231445
130,900000	0,233994
130,910000	0,230808
130,920000	0,237181
130,930000	0,224434
130,940000	0,239093
130,950000	0,223797
130,960000	0,237181
130,970000	0,230170
130,980000	0,232082
130,990000	0,226983
131,000000	0,233357
131,010000	0,224434
131,020000	0,237819
131,030000	0,226346
131,040000	0,230170
131,050000	0,232082
131,060000	0,232082
131,070000	0,232082
131,080000	0,228896
131,090000	0,230170
131,100000	0,238456
131,110000	0,226346
131,120000	0,236544
131,130000	0,233357
131,140000	0,237819
131,150000	0,223797
131,160000	0,238456
131,170000	0,233994
131,180000	0,229533
131,190000	0,232720
131,200000	0,239093
131,210000	0,232720
131,220000	0,230808
131,230000	0,228896
131,240000	0,233994
131,250000	0,233994
131,260000	0,233357
131,270000	0,234632
131,280000	0,235269
131,290000	0,232720
131,300000	0,235907
131,310000	0,234632
131,320000	0,229533
131,330000	0,235907
131,340000	0,225709
131,350000	0,234632
131,360000	0,230170
131,370000	0,226346
131,380000	0,237819
131,390000	0,227621
131,400000	0,233994
131,410000	0,229533
131,420000	0,231445
131,430000	0,220610
131,440000	0,237819
131,450000	0,220610
131,460000	0,236544
131,470000	0,218698
131,480000	0,237819
131,490000	0,221884
131,500000	0,239093
131,510000	0,229533
131,520000	0,230808
131,530000	0,228258
131,540000	0,232082
131,550000	0,228896
131,560000	0,233357
131,570000	0,228896
131,580000	0,232082
131,590000	0,227621
131,600000	0,235269
131,610000	0,226983
131,620000	0,228258
131,630000	0,225709
131,640000	0,232720
131,650000	0,226983
131,660000	0,226346
131,670000	0,223797
131,680000	0,231445
131,690000	0,229533
131,700000	0,231445
131,710000	0,226346
131,720000	0,234632
131,730000	0,221884
131,740000	0,230170
131,750000	0,227621
131,760000	0,232082
131,770000	0,230808
131,780000	0,239731
131,790000	0,225709
131,800000	0,225709
131,810000	0,223159
131,820000	0,228896
131,830000	0,226983
131,840000	0,228896
131,850000	0,226346
131,860000	0,230808
131,870000	0,232720
131,880000	0,233357
131,890000	0,225709
131,900000	0,233994
131,910000	0,225709
131,920000	0,232082
131,930000	0,225709
131,940000	0,228258
131,950000	0,228258
131,960000	0,233994
131,970000	0,229533
131,980000	0,233994
131,990000	0,226983
132,000000	0,228258
132,010000	0,222522
132,020000	0,235907
132,030000	0,218698
132,040000	0,234632
132,050000	0,228896
132,060000	0,232720
132,070000	0,228896
132,080000	0,234632
132,090000	0,229533
132,100000	0,226346
132,110000	0,226983
132,120000	0,232082
132,130000	0,227621
132,140000	0,234632
132,150000	0,228258
132,160000	0,232082
132,170000	0,221247
132,180000	0,228258
132,190000	0,223159
132,200000	0,230808
132,210000	0,226983
132,220000	0,227621
132,230000	0,228896
132,240000	0,228258
132,250000	0,227621
132,260000	0,232720
132,270000	0,226346
132,280000	0,225709
132,290000	0,229533
132,300000	0,229533
132,310000	0,234632
132,320000	0,226983
132,330000	0,232082
132,340000	0,228258
132,350000	0,231445
132,360000	0,232082
132,370000	0,227621
132,380000	0,229533
132,390000	0,232082
132,400000	0,235269
132,410000	0,228896
132,420000	0,229533
132,430000	0,234632
132,440000	0,223159
132,450000	0,226346
132,460000	0,236544
132,470000	0,225071
132,480000	0,230808
132,490000	0,238456
132,500000	0,228896
132,510000	0,236544
132,520000	0,226983
132,530000	0,235269
132,540000	0,227621
132,550000	0,232720
132,560000	0,228896
132,570000	0,229533
132,580000	0,230170
132,590000	0,233357
132,600000	0,228258
132,610000	0,228896
132,620000	0,232082
132,630000	0,237181
132,640000	0,230808
132,650000	0,226983
132,660000	0,227621
132,670000	0,232720
132,680000	0,231445
132,690000	0,230808
132,700000	0,237181
132,710000	0,229533
132,720000	0,228896
132,730000	0,235269
132,740000	0,230170
132,750000	0,228258
132,760000	0,233357
132,770000	0,237181
132,780000	0,232082
132,790000	0,231445
132,800000	0,232720
132,810000	0,225709
132,820000	0,237819
132,830000	0,235269
132,840000	0,230170
132,850000	0,232720
132,860000	0,231445
132,870000	0,226346
132,880000	0,232082
132,890000	0,232720
132,900000	0,234632
132,910000	0,230808
132,920000	0,232082
132,930000	0,235269
132,940000	0,232082
132,950000	0,239731
132,960000	0,234632
132,970000	0,234632
132,980000	0,235907
132,990000	0,233357
133,000000	0,237181
133,010000	0,229533
133,020000	0,233357
133,030000	0,230170
133,040000	0,237819
133,050000	0,235269
133,060000	0,234632
133,070000	0,230808
133,080000	0,237819
133,090000	0,229533
133,100000	0,238456
133,110000	0,233357
133,120000	0,233994
133,130000	0,230808
133,140000	0,233994
133,150000	0,235269
133,160000	0,234632
133,170000	0,232082
133,180000	0,233994
133,190000	0,235269
133,200000	0,235269
133,210000	0,233357
133,220000	0,234632
133,230000	0,231445
133,240000	0,235907
133,250000	0,233994
133,260000	0,231445
133,270000	0,240368
133,280000	0,234632
133,290000	0,242280
133,300000	0,230170
133,310000	0,235269
133,320000	0,231445
133,330000	0,233994
133,340000	0,233357
133,350000	0,226983
133,360000	0,232082
133,370000	0,239093
133,380000	0,232082
133,390000	0,230808
133,400000	0,224434
133,410000	0,224434
133,420000	0,226346
133,430000	0,229533
133,440000	0,229533
133,450000	0,230170
133,460000	0,230170
133,470000	0,233357
133,480000	0,228896
133,490000	0,223797
133,500000	0,228258
133,510000	0,220610
133,520000	0,237181
133,530000	0,226346
133,540000	0,229533
133,550000	0,226983
133,560000	0,232720
133,570000	0,219972
133,580000	0,234632
133,590000	0,236544
133,600000	0,231445
133,610000	0,224434
133,620000	0,232082
133,630000	0,226983
133,640000	0,235269
133,650000	0,224434
133,660000	0,230808
133,670000	0,227621
133,680000	0,229533
133,690000	0,221247
133,700000	0,232082
133,710000	0,226983
133,720000	0,232720
133,730000	0,223159
133,740000	0,235907
133,750000	0,226983
133,760000	0,232720
133,770000	0,224434
133,780000	0,232082
133,790000	0,224434
133,800000	0,231445
133,810000	0,226983
133,820000	0,225709
133,830000	0,235269
133,840000	0,228258
133,850000	0,226983
133,860000	0,229533
133,870000	0,233994
133,880000	0,230808
133,890000	0,227621
133,900000	0,228896
133,910000	0,230170
133,920000	0,228896
133,930000	0,233357
133,940000	0,233357
133,950000	0,228896
133,960000	0,233994
133,970000	0,227621
133,980000	0,228896
133,990000	0,229533
134,000000	0,223797
134,010000	0,225071
134,020000	0,223159
134,030000	0,234632
134,040000	0,224434
134,050000	0,223797
134,060000	0,228896
134,070000	0,230170
134,080000	0,226983
134,090000	0,226983
134,100000	0,228896
134,110000	0,227621
134,120000	0,221884
134,130000	0,228258
134,140000	0,228258
134,150000	0,229533
134,160000	0,228896
134,170000	0,237181
134,180000	0,230808
134,190000	0,230170
134,200000	0,226346
134,210000	0,232082
134,220000	0,223159
134,230000	0,233994
134,240000	0,231445
134,250000	0,231445
134,260000	0,219972
134,270000	0,229533
134,280000	0,228258
134,290000	0,218060
134,300000	0,232720
134,310000	0,222522
134,320000	0,226346
134,330000	0,228258
134,340000	0,223159
134,350000	0,238456
134,360000	0,231445
134,370000	0,235907
134,380000	0,227621
134,390000	0,228896
134,400000	0,230170
134,410000	0,232082
134,420000	0,229533
134,430000	0,223797
134,440000	0,226346
134,450000	0,229533
134,460000	0,228258
134,470000	0,233357
134,480000	0,231445
134,490000	0,227621
134,500000	0,232082
134,510000	0,232082
134,520000	0,228896
134,530000	0,234632
134,540000	0,234632
134,550000	0,228896
134,560000	0,230170
134,570000	0,233357
134,580000	0,227621
134,590000	0,238456
134,600000	0,236544
134,610000	0,226983
134,620000	0,226346
134,630000	0,233357
134,640000	0,238456
134,650000	0,225071
134,660000	0,230170
134,670000	0,226346
134,680000	0,230170
134,690000	0,231445
134,700000	0,229533
134,710000	0,230808
134,720000	0,233357
134,730000	0,226346
134,740000	0,234632
134,750000	0,230170
134,760000	0,230170
134,770000	0,228258
134,780000	0,235269
134,790000	0,223797
134,800000	0,228896
134,810000	0,229533
134,820000	0,239093
134,830000	0,239731
134,840000	0,232720
134,850000	0,230808
134,860000	0,237181
134,870000	0,235269
134,880000	0,237181
134,890000	0,230808
134,900000	0,244192
134,910000	0,223797
134,920000	0,235907
134,930000	0,234632
134,940000	0,233357
134,950000	0,235907
134,960000	0,232082
134,970000	0,232082
134,980000	0,232082
134,990000	0,229533
135,000000	0,234632
135,010000	0,228896
135,020000	0,234632
135,030000	0,229533
135,040000	0,233357
135,050000	0,233357
135,060000	0,234632
135,070000	0,229533
135,080000	0,233357
135,090000	0,229533
135,100000	0,238456
135,110000	0,224434
135,120000	0,235269
135,130000	0,241005
135,140000	0,230170
135,150000	0,230170
135,160000	0,235907
135,170000	0,237181
135,180000	0,233357
135,190000	0,236544
135,200000	0,237181
135,210000	0,232082
135,220000	0,235907
135,230000	0,228896
135,240000	0,228896
135,250000	0,228258
135,260000	0,237181
135,270000	0,224434
135,280000	0,237181
135,290000	0,239093
135,300000	0,239731
135,310000	0,225709
135,320000	0,227621
135,330000	0,231445
135,340000	0,232720
135,350000	0,229533
135,360000	0,229533
135,370000	0,225071
135,380000	0,232720
135,390000	0,225709
135,400000	0,235907
135,410000	0,224434
135,420000	0,228896
135,430000	0,224434
135,440000	0,235269
135,450000	0,232720
135,460000	0,231445
135,470000	0,233994
135,480000	0,235269
135,490000	0,235269
135,500000	0,230170
135,510000	0,226983
135,520000	0,233357
135,530000	0,228896
135,540000	0,238456
135,550000	0,230170
135,560000	0,232082
135,570000	0,228258
135,580000	0,234632
135,590000	0,228258
135,600000	0,237181
135,610000	0,226983
135,620000	0,233357
135,630000	0,233994
135,640000	0,228896
135,650000	0,226983
135,660000	0,229533
135,670000	0,227621
135,680000	0,227621
135,690000	0,235269
135,700000	0,228896
135,710000	0,237181
135,720000	0,228896
135,730000	0,236544
135,740000	0,226983
135,750000	0,226346
135,760000	0,226983
135,770000	0,225709
135,780000	0,230808
135,790000	0,233357
135,800000	0,225709
135,810000	0,234632
135,820000	0,228258
135,830000	0,233994
135,840000	0,232720
135,850000	0,226346
135,860000	0,229533
135,870000	0,225709
135,880000	0,226983
135,890000	0,229533
135,900000	0,232082
135,910000	0,224434
135,920000	0,228258
135,930000	0,223797
135,940000	0,229533
135,950000	0,224434
135,960000	0,232082
135,970000	0,224434
135,980000	0,230170
135,990000	0,235269
136,000000	0,225709
136,010000	0,230170
136,020000	0,236544
136,030000	0,228258
136,040000	0,230170
136,050000	0,237181
136,060000	0,232082
136,070000	0,227621
136,080000	0,227621
136,090000	0,231445
136,100000	0,225709
136,110000	0,230808
136,120000	0,225709
136,130000	0,221884
136,140000	0,222522
136,150000	0,216786
136,160000	0,229533
136,170000	0,221247
136,180000	0,228258
136,190000	0,231445
136,200000	0,231445
136,210000	0,225709
136,220000	0,228896
136,230000	0,224434
136,240000	0,232082
136,250000	0,228896
136,260000	0,228896
136,270000	0,239731
136,280000	0,232082
136,290000	0,232082
136,300000	0,239093
136,310000	0,233994
136,320000	0,230808
136,330000	0,231445
136,340000	0,238456
136,350000	0,228896
136,360000	0,231445
136,370000	0,239093
136,380000	0,232082
136,390000	0,224434
136,400000	0,225071
136,410000	0,226983
136,420000	0,232720
136,430000	0,229533
136,440000	0,228258
136,450000	0,230170
136,460000	0,232720
136,470000	0,237181
136,480000	0,232720
136,490000	0,226983
136,500000	0,233994
136,510000	0,226346
136,520000	0,234632
136,530000	0,232720
136,540000	0,232720
136,550000	0,224434
136,560000	0,233994
136,570000	0,231445
136,580000	0,230170
136,590000	0,222522
136,600000	0,225071
136,610000	0,224434
136,620000	0,234632
136,630000	0,237181
136,640000	0,233357
136,650000	0,225709
136,660000	0,235269
136,670000	0,237181
136,680000	0,228896
136,690000	0,233994
136,700000	0,219335
136,710000	0,229533
136,720000	0,234632
136,730000	0,230808
136,740000	0,228258
136,750000	0,230170
136,760000	0,226346
136,770000	0,231445
136,780000	0,230170
136,790000	0,225709
136,800000	0,231445
136,810000	0,228896
136,820000	0,230808
136,830000	0,232082
136,840000	0,230808
136,850000	0,226983
136,860000	0,225071
136,870000	0,236544
136,880000	0,233994
136,890000	0,233994
136,900000	0,233357
136,910000	0,233357
136,920000	0,239093
136,930000	0,226346
136,940000	0,230170
136,950000	0,238456
136,960000	0,238456
136,970000	0,231445
136,980000	0,232082
136,990000	0,236544
137,000000	0,226346
137,010000	0,224434
137,020000	0,233357
137,030000	0,238456
137,040000	0,235907
137,050000	0,232082
137,060000	0,241005
137,070000	0,240368
137,080000	0,239093
137,090000	0,232720
137,100000	0,244830
137,110000	0,229533
137,120000	0,242280
137,130000	0,239731
137,140000	0,230170
137,150000	0,228258
137,160000	0,225071
137,170000	0,244830
137,180000	0,225709
137,190000	0,234632
137,200000	0,228896
137,210000	0,232082
137,220000	0,228896
137,230000	0,231445
137,240000	0,236544
137,250000	0,233994
137,260000	0,225709
137,270000	0,235269
137,280000	0,222522
137,290000	0,225709
137,300000	0,227621
137,310000	0,233994
137,320000	0,230808
137,330000	0,237819
137,340000	0,233357
137,350000	0,232082
137,360000	0,233357
137,370000	0,235269
137,380000	0,224434
137,390000	0,232720
137,400000	0,231445
137,410000	0,240368
137,420000	0,232082
137,430000	0,230170
137,440000	0,228258
137,450000	0,241005
137,460000	0,239093
137,470000	0,227621
137,480000	0,233357
137,490000	0,233357
137,500000	0,229533
137,510000	0,235907
137,520000	0,237181
137,530000	0,233357
137,540000	0,232082
137,550000	0,226346
137,560000	0,230170
137,570000	0,226983
137,580000	0,234632
137,590000	0,227621
137,600000	0,230170
137,610000	0,226346
137,620000	0,226983
137,630000	0,223159
137,640000	0,225709
137,650000	0,228896
137,660000	0,222522
137,670000	0,228258
137,680000	0,226346
137,690000	0,228258
137,700000	0,224434
137,710000	0,228258
137,720000	0,219335
137,730000	0,226346
137,740000	0,227621
137,750000	0,222522
137,760000	0,224434
137,770000	0,221884
137,780000	0,224434
137,790000	0,229533
137,800000	0,224434
137,810000	0,221247
137,820000	0,231445
137,830000	0,231445
137,840000	0,220610
137,850000	0,223797
137,860000	0,234632
137,870000	0,239731
137,880000	0,225071
137,890000	0,226346
137,900000	0,228896
137,910000	0,226346
137,920000	0,231445
137,930000	0,221884
137,940000	0,239731
137,950000	0,221884
137,960000	0,232082
137,970000	0,228258
137,980000	0,242280
137,990000	0,235269
138,000000	0,236544
138,010000	0,235907
138,020000	0,233994
138,030000	0,234632
138,040000	0,233357
138,050000	0,226983
138,060000	0,242918
138,070000	0,237819
138,080000	0,244830
138,090000	0,237819
138,100000	0,242280
138,110000	0,232082
138,120000	0,237819
138,130000	0,239731
138,140000	0,234632
138,150000	0,237819
138,160000	0,238456
138,170000	0,231445
138,180000	0,229533
138,190000	0,234632
138,200000	0,226983
138,210000	0,221247
138,220000	0,227621
138,230000	0,242280
138,240000	0,230808
138,250000	0,239093
138,260000	0,233357
138,270000	0,227621
138,280000	0,239731
138,290000	0,241005
138,300000	0,229533
138,310000	0,241643
138,320000	0,215511
138,330000	0,232082
138,340000	0,208500
138,350000	0,217423
138,360000	0,216786
138,370000	0,213599
138,380000	0,219335
138,390000	0,212961
138,400000	0,230170
138,410000	0,262039
138,420000	0,224434
138,430000	0,239731
138,440000	0,227621
138,450000	0,234632
138,460000	0,225709
138,470000	0,205950
138,480000	0,207225
138,490000	0,187467
138,500000	0,187467
138,510000	0,193840
138,520000	0,195115
138,530000	0,219335
138,540000	0,237181
138,550000	0,218698
138,560000	0,262039
138,570000	0,233994
138,580000	0,247379
138,590000	0,233357
138,600000	0,242280
138,610000	0,253753
138,620000	0,231445
138,630000	0,238456
138,640000	0,225709
138,650000	0,235907
138,660000	0,218698
138,670000	0,230808
138,680000	0,230808
138,690000	0,234632
138,700000	0,232720
138,710000	0,235907
138,720000	0,229533
138,730000	0,237181
138,740000	0,226346
138,750000	0,232082
138,760000	0,229533
138,770000	0,230808
138,780000	0,232082
138,790000	0,224434
138,800000	0,229533
138,810000	0,229533
138,820000	0,229533
138,830000	0,226346
138,840000	0,230170
138,850000	0,232082
138,860000	0,234632
138,870000	0,231445
138,880000	0,233994
138,890000	0,230808
138,900000	0,230808
138,910000	0,237181
138,920000	0,232082
138,930000	0,229533
138,940000	0,230170
138,950000	0,226983
138,960000	0,232720
138,970000	0,235907
138,980000	0,224434
138,990000	0,243555
139,000000	0,226983
139,010000	0,235907
139,020000	0,239731
139,030000	0,230170
139,040000	0,239093
139,050000	0,246104
139,060000	0,238456
139,070000	0,242280
139,080000	0,238456
139,090000	0,225709
139,100000	0,237181
139,110000	0,228896
139,120000	0,234632
139,130000	0,233357
139,140000	0,244192
139,150000	0,233357
139,160000	0,239731
139,170000	0,232720
139,180000	0,244830
139,190000	0,231445
139,200000	0,257577
139,210000	0,236544
139,220000	0,233357
139,230000	0,234632
139,240000	0,232082
139,250000	0,233994
139,260000	0,235907
139,270000	0,203401
139,280000	0,235907
139,290000	0,253115
139,300000	0,232082
139,310000	0,256940
139,320000	0,225071
139,330000	0,239731
139,340000	0,236544
139,350000	0,258214
139,360000	0,211687
139,370000	0,225709
139,380000	0,192566
139,390000	0,246104
139,400000	0,178544
139,410000	0,228258
139,420000	0,182368
139,430000	0,190016
139,440000	0,204676
139,450000	0,203401
139,460000	0,221884
139,470000	0,268412
139,480000	0,216786
139,490000	0,241643
139,500000	0,215511
139,510000	0,258852
139,520000	0,237819
139,530000	0,248654
139,540000	0,248654
139,550000	0,232082
139,560000	0,225071
139,570000	0,225071
139,580000	0,226346
139,590000	0,196390
139,600000	0,223159
139,610000	0,209775
139,620000	0,223797
139,630000	0,204676
139,640000	0,230808
139,650000	0,224434
139,660000	0,242280
139,670000	0,225709
139,680000	0,237819
139,690000	0,228258
139,700000	0,262676
139,710000	0,227621
139,720000	0,183643
139,730000	0,224434
139,740000	0,193840
139,750000	0,240368
139,760000	0,230170
139,770000	0,249929
139,780000	0,230808
139,790000	0,238456
139,800000	0,249929
139,810000	0,267775
139,820000	0,244830
139,830000	0,311753
139,840000	0,246742
139,850000	0,286258
139,860000	0,211687
139,870000	0,244830
139,880000	0,213599
139,890000	0,248654
139,900000	0,249291
139,910000	0,249929
139,920000	0,180456
139,930000	0,255028
139,940000	0,221884
139,950000	0,269687
139,960000	0,211687
139,970000	0,265225
139,980000	0,219972
139,990000	0,211049
140,000000	0,209137
140,010000	0,219972
140,020000	0,210412
140,030000	0,231445
140,040000	0,218698
140,050000	0,234632
140,060000	0,219335
140,070000	0,230808
140,080000	0,230170
140,090000	0,233357
140,100000	0,232082
140,110000	0,219972
140,120000	0,232082
140,130000	0,229533
140,140000	0,232720
140,150000	0,213599
140,160000	0,233994
140,170000	0,218698
140,180000	0,237181
140,190000	0,223159
140,200000	0,231445
140,210000	0,227621
140,220000	0,228258
140,230000	0,233994
140,240000	0,238456
140,250000	0,234632
140,260000	0,237181
140,270000	0,225709
140,280000	0,237819
140,290000	0,226346
140,300000	0,232082
140,310000	0,237181
140,320000	0,229533
140,330000	0,204676
140,340000	0,232720
140,350000	0,213599
140,360000	0,218698
140,370000	0,201489
140,380000	0,228896
140,390000	0,229533
140,400000	0,215511
140,410000	0,233357
140,420000	0,221884
140,430000	0,239731
140,440000	0,224434
140,450000	0,224434
140,460000	0,196390
140,470000	0,218060
140,480000	0,225709
140,490000	0,226346
140,500000	0,229533
140,510000	0,209775
140,520000	0,230170
140,530000	0,262676
140,540000	0,230808
140,550000	0,270324
140,560000	0,223797
140,570000	0,274786
140,580000	0,235269
140,590000	0,256302
140,600000	0,223159
140,610000	0,234632
140,620000	0,204038
140,630000	0,224434
140,640000	0,203401
140,650000	0,227621
140,660000	0,286896
140,670000	0,244830
140,680000	0,230170
140,690000	0,232720
140,700000	0,228896
140,710000	0,309204
140,720000	0,226983
140,730000	0,194478
140,740000	0,232082
140,750000	0,204676
140,760000	0,225071
140,770000	0,249291
140,780000	0,237181
140,790000	0,249929
140,800000	0,198939
140,810000	0,235907
140,820000	0,219972
140,830000	0,225709
140,840000	0,231445
140,850000	0,252478
140,860000	0,232720
140,870000	0,239731
140,880000	0,249291
140,890000	0,249291
140,900000	0,263951
140,910000	0,244192
140,920000	0,258852
140,930000	0,226983
140,940000	0,214873
140,950000	0,219972
140,960000	0,234632
140,970000	0,237181
140,980000	0,248016
140,990000	0,174082
141,000000	0,234632
141,010000	0,281797
141,020000	0,249929
141,030000	0,286896
141,040000	0,247379
141,050000	0,274786
141,060000	0,230808
141,070000	0,237819
141,080000	0,231445
141,090000	0,205950
141,100000	0,195752
141,110000	0,202763
141,120000	0,128829
141,130000	0,220610
141,140000	0,177269
141,150000	0,252478
141,160000	0,186192
141,170000	0,255028
141,180000	0,206588
141,190000	0,217423
141,200000	0,219335
141,210000	0,281160
141,220000	0,204038
141,230000	0,243555
141,240000	0,183005
141,250000	0,239731
141,260000	0,198939
141,270000	0,242918
141,280000	0,256302
141,290000	0,250566
141,300000	0,246742
141,310000	0,248654
141,320000	0,229533
141,330000	0,247379
141,340000	0,229533
141,350000	0,249291
141,360000	0,227621
141,370000	0,244830
141,380000	0,224434
141,390000	0,232082
141,400000	0,236544
141,410000	0,220610
141,420000	0,235907
141,430000	0,235907
141,440000	0,246104
141,450000	0,216786
141,460000	0,228258
141,470000	0,223159
141,480000	0,240368
141,490000	0,238456
141,500000	0,221247
141,510000	0,221884
141,520000	0,232720
141,530000	0,228258
141,540000	0,239093
141,550000	0,228258
141,560000	0,239731
141,570000	0,221884
141,580000	0,233994
141,590000	0,223797
141,600000	0,233357
141,610000	0,227621
141,620000	0,233357
141,630000	0,245467
141,640000	0,235269
141,650000	0,246742
141,660000	0,240368
141,670000	0,226346
141,680000	0,238456
141,690000	0,235907
141,700000	0,242280
141,710000	0,226983
141,720000	0,216148
141,730000	0,228896
141,740000	0,240368
141,750000	0,239731
141,760000	0,236544
141,770000	0,252478
141,780000	0,233357
141,790000	0,239093
141,800000	0,239093
141,810000	0,225071
141,820000	0,224434
141,830000	0,208500
141,840000	0,226346
141,850000	0,226346
141,860000	0,208500
141,870000	0,222522
141,880000	0,236544
141,890000	0,235269
141,900000	0,249929
141,910000	0,221884
141,920000	0,264588
141,930000	0,231445
141,940000	0,223159
141,950000	0,248016
141,960000	0,219335
141,970000	0,167708
141,980000	0,217423
141,990000	0,153049
142,000000	0,205950
142,010000	0,155598
142,020000	0,222522
142,030000	0,206588
142,040000	0,199577
142,050000	0,233994
142,060000	0,231445
142,070000	0,249929
142,080000	0,237819
142,090000	0,210412
142,100000	0,251203
142,110000	0,216786
142,120000	0,249929
142,130000	0,204676
142,140000	0,223797
142,150000	0,216148
142,160000	0,212324
142,170000	0,217423
142,180000	0,198302
142,190000	0,187467
142,200000	0,214873
142,210000	0,205313
142,220000	0,242918
142,230000	0,255665
142,240000	0,230808
142,250000	0,225071
142,260000	0,228258
142,270000	0,250566
142,280000	0,260764
142,290000	0,226346
142,300000	0,163884
142,310000	0,224434
142,320000	0,164522
142,330000	0,231445
142,340000	0,177906
142,350000	0,236544
142,360000	0,203401
142,370000	0,214236
142,380000	0,255665
142,390000	0,274786
142,400000	0,235269
142,410000	0,342984
142,420000	0,230170
142,430000	0,253753
142,440000	0,209775
142,450000	0,259489
142,460000	0,209137
142,470000	0,262039
142,480000	0,226983
142,490000	0,262676
142,500000	0,177906
142,510000	0,268412
142,520000	0,210412
142,530000	0,275423
142,540000	0,227621
142,550000	0,262676
142,560000	0,232720
142,570000	0,201489
142,580000	0,207862
142,590000	0,223159
142,600000	0,198939
142,610000	0,229533
142,620000	0,206588
142,630000	0,230170
142,640000	0,219335
142,650000	0,225071
142,660000	0,241005
142,670000	0,230170
142,680000	0,237181
142,690000	0,226346
142,700000	0,241643
142,710000	0,235907
142,720000	0,235269
142,730000	0,225071
142,740000	0,233994
142,750000	0,233357
142,760000	0,230170
142,770000	0,230808
142,780000	0,229533
142,790000	0,225709
142,800000	0,223797
142,810000	0,228896
142,820000	0,233357
142,830000	0,226983
142,840000	0,232082
142,850000	0,229533
142,860000	0,227621
142,870000	0,229533
142,880000	0,227621
142,890000	0,236544
142,900000	0,229533
142,910000	0,217423
142,920000	0,218060
142,930000	0,235269
142,940000	0,233357
142,950000	0,216786
142,960000	0,216786
142,970000	0,225709
142,980000	0,217423
142,990000	0,226346
143,000000	0,223159
143,010000	0,248654
143,020000	0,224434
143,030000	0,226346
143,040000	0,241643
143,050000	0,195115
143,060000	0,238456
143,070000	0,205950
143,080000	0,224434
143,090000	0,214873
143,100000	0,221247
143,110000	0,228258
143,120000	0,255028
143,130000	0,232082
143,140000	0,188104
143,150000	0,231445
143,160000	0,249929
143,170000	0,239093
143,180000	0,254390
143,190000	0,219972
143,200000	0,232082
143,210000	0,220610
143,220000	0,230808
143,230000	0,247379
143,240000	0,228258
143,250000	0,264588
143,260000	0,228896
143,270000	0,316852
143,280000	0,262676
143,290000	0,243555
143,300000	0,284346
143,310000	0,254390
143,320000	0,218060
143,330000	0,232082
143,340000	0,222522
143,350000	0,223159
143,360000	0,188741
143,370000	0,263313
143,380000	0,246104
143,390000	0,205950
143,400000	0,232720
143,410000	0,221884
143,420000	0,267137
143,430000	0,246742
143,440000	0,290083
143,450000	0,241643
143,460000	0,239093
143,470000	0,241005
143,480000	0,260126
143,490000	0,228896
143,500000	0,257577
143,510000	0,228896
143,520000	0,210412
143,530000	0,216148
143,540000	0,233994
143,550000	0,232082
143,560000	0,237181
143,570000	0,184280
143,580000	0,241643
143,590000	0,283072
143,600000	0,246742
143,610000	0,299643
143,620000	0,219335
143,630000	0,285621
143,640000	0,207225
143,650000	0,241643
143,660000	0,229533
143,670000	0,216786
143,680000	0,195752
143,690000	0,223797
143,700000	0,130104
143,710000	0,215511
143,720000	0,212324
143,730000	0,232082
143,740000	0,206588
143,750000	0,211687
143,760000	0,191291
143,770000	0,222522
143,780000	0,193203
143,790000	0,283072
143,800000	0,187467
143,810000	0,249929
143,820000	0,187467
143,830000	0,232082
143,840000	0,207225
143,850000	0,232082
143,860000	0,245467
143,870000	0,237819
143,880000	0,230170
143,890000	0,245467
143,900000	0,232082
143,910000	0,245467
143,920000	0,225071
143,930000	0,235907
143,940000	0,221884
143,950000	0,227621
143,960000	0,223159
143,970000	0,230170
143,980000	0,225709
143,990000	0,231445
144,000000	0,230808
144,010000	0,235907
144,020000	0,233994
144,030000	0,226346
144,040000	0,226346
144,050000	0,228258
144,060000	0,234632
144,070000	0,232082
144,080000	0,224434
144,090000	0,230170
144,100000	0,226983
144,110000	0,233357
144,120000	0,232082
144,130000	0,218698
144,140000	0,226346
144,150000	0,225071
144,160000	0,209137
144,170000	0,228896
144,180000	0,240368
144,190000	0,231445
144,200000	0,251841
144,210000	0,236544
144,220000	0,247379
144,230000	0,225709
144,240000	0,246742
144,250000	0,248016
144,260000	0,223159
144,270000	0,232720
144,280000	0,234632
144,290000	0,226983
144,300000	0,228896
144,310000	0,260764
144,320000	0,238456
144,330000	0,232082
144,340000	0,244192
144,350000	0,226983
144,360000	0,251203
144,370000	0,244830
144,380000	0,199577
144,390000	0,242280
144,400000	0,205950
144,410000	0,219335
144,420000	0,212324
144,430000	0,225071
144,440000	0,204038
144,450000	0,222522
144,460000	0,229533
144,470000	0,239093
144,480000	0,228258
144,490000	0,257577
144,500000	0,233994
144,510000	0,168346
144,520000	0,218698
144,530000	0,224434
144,540000	0,220610
144,550000	0,226983
144,560000	0,157511
144,570000	0,228258
144,580000	0,247379
144,590000	0,223797
144,600000	0,193203
144,610000	0,229533
144,620000	0,198939
144,630000	0,226346
144,640000	0,213599
144,650000	0,253753
144,660000	0,200214
144,670000	0,249929
144,680000	0,248016
144,690000	0,234632
144,700000	0,211049
144,710000	0,222522
144,720000	0,219335
144,730000	0,223797
144,740000	0,231445
144,750000	0,226346
144,760000	0,227621
144,770000	0,193840
144,780000	0,229533
144,790000	0,218060
144,800000	0,242280
144,810000	0,261401
144,820000	0,229533
144,830000	0,224434
144,840000	0,230170
144,850000	0,212961
144,860000	0,273511
144,870000	0,223159
144,880000	0,188741
144,890000	0,204038
144,900000	0,181093
144,910000	0,226983
144,920000	0,197665
144,930000	0,246742
144,940000	0,228896
144,950000	0,235269
144,960000	0,246104
144,970000	0,276061
144,980000	0,219972
144,990000	0,338522
145,000000	0,226983
145,010000	0,232082
145,020000	0,232082
145,030000	0,248654
145,040000	0,253753
145,050000	0,269687
145,060000	0,229533
145,070000	0,264588
145,080000	0,197027
145,090000	0,264588
145,100000	0,214236
145,110000	0,272236
145,120000	0,229533
145,130000	0,233357
145,140000	0,226983
145,150000	0,212324
145,160000	0,208500
145,170000	0,216148
145,180000	0,213599
145,190000	0,233994
145,200000	0,229533
145,210000	0,238456
145,220000	0,229533
145,230000	0,237819
145,240000	0,224434
145,250000	0,237819
145,260000	0,230808
145,270000	0,241005
145,280000	0,231445
145,290000	0,237181
145,300000	0,235907
145,310000	0,226346
145,320000	0,231445
145,330000	0,219972
145,340000	0,239093
145,350000	0,243555
145,360000	0,234632
145,370000	0,224434
145,380000	0,226983
145,390000	0,231445
145,400000	0,224434
145,410000	0,239093
145,420000	0,237181
145,430000	0,235907
145,440000	0,234632
145,450000	0,230170
145,460000	0,214873
145,470000	0,235907
145,480000	0,215511
145,490000	0,219972
145,500000	0,220610
145,510000	0,228258
145,520000	0,228258
145,530000	0,219972
145,540000	0,225709
145,550000	0,228258
145,560000	0,223159
145,570000	0,238456
145,580000	0,230808
145,590000	0,225709
145,600000	0,230808
145,610000	0,224434
145,620000	0,202763
145,630000	0,226346
145,640000	0,223159
145,650000	0,224434
145,660000	0,216786
145,670000	0,224434
145,680000	0,265225
145,690000	0,221884
145,700000	0,232720
145,710000	0,261401
145,720000	0,232082
145,730000	0,214873
145,740000	0,231445
145,750000	0,205950
145,760000	0,228896
145,770000	0,199577
145,780000	0,229533
145,790000	0,226346
145,800000	0,208500
145,810000	0,236544
145,820000	0,295182
145,830000	0,223159
145,840000	0,280522
145,850000	0,239731
145,860000	0,281797
145,870000	0,242280
145,880000	0,239731
145,890000	0,253115
145,900000	0,240368
145,910000	0,214236
145,920000	0,223797
145,930000	0,217423
145,940000	0,235907
145,950000	0,229533
145,960000	0,237181
145,970000	0,212324
145,980000	0,231445
145,990000	0,241005
146,000000	0,236544
146,010000	0,251203
146,020000	0,237181
146,030000	0,258852
146,040000	0,242918
146,050000	0,243555
146,060000	0,251203
146,070000	0,232082
146,080000	0,241005
146,090000	0,229533
146,100000	0,197027
146,110000	0,230170
146,120000	0,211049
146,130000	0,236544
146,140000	0,225709
146,150000	0,205313
146,160000	0,242918
146,170000	0,274148
146,180000	0,236544
146,190000	0,275423
146,200000	0,221884
146,210000	0,253753
146,220000	0,209775
146,230000	0,214236
146,240000	0,209137
146,250000	0,206588
146,260000	0,197665
146,270000	0,225709
146,280000	0,170258
146,290000	0,230808
146,300000	0,267775
146,310000	0,238456
146,320000	0,230808
146,330000	0,201489
146,340000	0,199577
146,350000	0,240368
146,360000	0,207225
146,370000	0,255665
146,380000	0,214873
146,390000	0,233994
146,400000	0,195115
146,410000	0,232082
146,420000	0,236544
146,430000	0,219972
146,440000	0,243555
146,450000	0,233357
146,460000	0,237181
146,470000	0,243555
146,480000	0,221247
146,490000	0,228896
146,500000	0,229533
146,510000	0,229533
146,520000	0,228896
146,530000	0,232082
146,540000	0,231445
146,550000	0,223797
146,560000	0,223159
146,570000	0,223159
146,580000	0,233994
146,590000	0,235907
146,600000	0,235269
146,610000	0,234632
146,620000	0,234632
146,630000	0,226983
146,640000	0,229533
146,650000	0,235907
146,660000	0,234632
146,670000	0,223797
146,680000	0,232720
146,690000	0,228896
146,700000	0,223797
146,710000	0,233994
146,720000	0,231445
146,730000	0,226346
146,740000	0,228896
146,750000	0,232720
146,760000	0,232082
146,770000	0,246742
146,780000	0,242280
146,790000	0,228896
146,800000	0,235907
146,810000	0,235907
146,820000	0,231445
146,830000	0,246104
146,840000	0,238456
146,850000	0,235269
146,860000	0,228896
146,870000	0,231445
146,880000	0,237181
146,890000	0,225071
146,900000	0,256302
146,910000	0,233357
146,920000	0,257577
146,930000	0,242280
146,940000	0,251841
146,950000	0,245467
146,960000	0,239731
146,970000	0,202763
146,980000	0,237181
146,990000	0,262039
147,000000	0,232082
147,010000	0,231445
147,020000	0,231445
147,030000	0,226983
147,040000	0,228896
147,050000	0,247379
147,060000	0,238456
147,070000	0,233357
147,080000	0,216148
147,090000	0,237181
147,100000	0,194478
147,110000	0,221247
147,120000	0,175357
147,130000	0,196390
147,140000	0,211049
147,150000	0,193203
147,160000	0,228896
147,170000	0,259489
147,180000	0,218698
147,190000	0,226983
147,200000	0,228258
147,210000	0,253753
147,220000	0,209137
147,230000	0,244830
147,240000	0,237819
147,250000	0,226983
147,260000	0,239731
147,270000	0,230170
147,280000	0,234632
147,290000	0,202763
147,300000	0,232720
147,310000	0,226346
147,320000	0,219335
147,330000	0,207225
147,340000	0,223159
147,350000	0,209137
147,360000	0,233994
147,370000	0,244830
147,380000	0,239093
147,390000	0,258214
147,400000	0,232720
147,410000	0,236544
147,420000	0,230808
147,430000	0,225071
147,440000	0,235907
147,450000	0,228258
147,460000	0,185555
147,470000	0,233994
147,480000	0,202126
147,490000	0,243555
147,500000	0,215511
147,510000	0,246104
147,520000	0,263313
147,530000	0,249291
147,540000	0,245467
147,550000	0,277973
147,560000	0,230808
147,570000	0,251203
147,580000	0,228896
147,590000	0,190654
147,600000	0,223797
147,610000	0,214236
147,620000	0,250566
147,630000	0,237181
147,640000	0,216148
147,650000	0,233357
147,660000	0,212961
147,670000	0,244830
147,680000	0,220610
147,690000	0,265225
147,700000	0,226346
147,710000	0,228896
147,720000	0,230170
147,730000	0,224434
147,740000	0,221884
147,750000	0,229533
147,760000	0,223159
147,770000	0,231445
147,780000	0,235269
147,790000	0,225709
147,800000	0,219335
147,810000	0,233357
147,820000	0,229533
147,830000	0,230808
147,840000	0,234632
147,850000	0,230808
147,860000	0,237181
147,870000	0,226346
147,880000	0,228896
147,890000	0,212324
147,900000	0,224434
147,910000	0,223797
147,920000	0,222522
147,930000	0,232720
147,940000	0,232082
147,950000	0,230170
147,960000	0,228258
147,970000	0,229533
147,980000	0,228896
147,990000	0,230170
148,000000	0,231445
148,010000	0,232082
148,020000	0,234632
148,030000	0,222522
148,040000	0,226346
148,050000	0,221884
148,060000	0,227621
148,070000	0,216786
148,080000	0,226983
148,090000	0,220610
148,100000	0,224434
148,110000	0,225709
148,120000	0,232082
148,130000	0,225709
148,140000	0,218698
148,150000	0,229533
148,160000	0,216786
148,170000	0,219972
148,180000	0,221884
148,190000	0,219972
148,200000	0,226983
148,210000	0,233994
148,220000	0,226346
148,230000	0,242918
148,240000	0,230808
148,250000	0,240368
148,260000	0,238456
148,270000	0,244192
148,280000	0,235907
148,290000	0,219335
148,300000	0,214873
148,310000	0,227621
148,320000	0,217423
148,330000	0,233357
148,340000	0,260126
148,350000	0,231445
148,360000	0,272236
148,370000	0,234632
148,380000	0,264588
148,390000	0,239093
148,400000	0,239731
148,410000	0,260126
148,420000	0,239093
148,430000	0,212961
148,440000	0,246104
148,450000	0,213599
148,460000	0,242280
148,470000	0,235907
148,480000	0,228258
148,490000	0,225071
148,500000	0,230170
148,510000	0,238456
148,520000	0,223159
148,530000	0,231445
148,540000	0,221884
148,550000	0,234632
148,560000	0,224434
148,570000	0,232720
148,580000	0,235907
148,590000	0,235907
148,600000	0,236544
148,610000	0,249929
148,620000	0,250566
148,630000	0,231445
148,640000	0,241643
148,650000	0,239093
148,660000	0,196390
148,670000	0,225709
148,680000	0,197027
148,690000	0,233357
148,700000	0,212961
148,710000	0,223797
148,720000	0,231445
148,730000	0,248654
148,740000	0,228258
148,750000	0,249291
148,760000	0,232082
148,770000	0,219335
148,780000	0,221884
148,790000	0,202763
148,800000	0,209775
148,810000	0,186192
148,820000	0,193203
148,830000	0,205313
148,840000	0,182368
148,850000	0,228258
148,860000	0,225709
148,870000	0,233357
148,880000	0,269050
148,890000	0,237819
148,900000	0,263951
148,910000	0,229533
148,920000	0,247379
148,930000	0,242280
148,940000	0,231445
148,950000	0,237181
148,960000	0,226983
148,970000	0,228896
148,980000	0,209775
148,990000	0,226983
149,000000	0,226346
149,010000	0,232082
149,020000	0,232720
149,030000	0,232082
149,040000	0,233994
149,050000	0,225071
149,060000	0,230170
149,070000	0,228258
149,080000	0,228896
149,090000	0,237819
149,100000	0,227621
149,110000	0,230170
149,120000	0,232720
149,130000	0,227621
149,140000	0,233994
149,150000	0,231445
149,160000	0,232082
149,170000	0,231445
149,180000	0,224434
149,190000	0,238456
149,200000	0,233357
149,210000	0,230808
149,220000	0,228896
149,230000	0,223159
149,240000	0,230170
149,250000	0,239093
149,260000	0,229533
149,270000	0,235269
149,280000	0,230808
149,290000	0,237181
149,300000	0,232082
149,310000	0,233994
149,320000	0,239731
149,330000	0,231445
149,340000	0,239731
149,350000	0,239093
149,360000	0,237181
149,370000	0,234632
149,380000	0,233357
149,390000	0,237181
149,400000	0,237819
149,410000	0,237819
149,420000	0,233994
149,430000	0,233994
149,440000	0,230170
149,450000	0,232720
149,460000	0,235907
149,470000	0,223797
149,480000	0,237819
149,490000	0,227621
149,500000	0,240368
149,510000	0,234632
149,520000	0,223797
149,530000	0,237819
149,540000	0,231445
149,550000	0,227621
149,560000	0,235269
149,570000	0,226346
149,580000	0,216148
149,590000	0,228258
149,600000	0,213599
149,610000	0,216148
149,620000	0,221884
149,630000	0,232082
149,640000	0,236544
149,650000	0,220610
149,660000	0,222522
149,670000	0,239731
149,680000	0,218698
149,690000	0,237181
149,700000	0,215511
149,710000	0,232720
149,720000	0,227621
149,730000	0,218060
149,740000	0,232720
149,750000	0,225071
149,760000	0,231445
149,770000	0,231445
149,780000	0,224434
149,790000	0,236544
149,800000	0,240368
149,810000	0,234632
149,820000	0,224434
149,830000	0,230170
149,840000	0,214236
149,850000	0,227621
149,860000	0,216148
149,870000	0,225709
149,880000	0,216148
149,890000	0,223797
149,900000	0,224434
149,910000	0,238456
149,920000	0,232720
149,930000	0,246742
149,940000	0,228258
149,950000	0,232082
149,960000	0,230170
149,970000	0,207862
149,980000	0,232082
149,990000	0,225071
150,000000	0,223159
150,010000	0,225071
150,020000	0,229533
150,030000	0,233994
150,040000	0,276061
150,050000	0,228258
150,060000	0,270962
150,070000	0,227621
150,080000	0,271599
150,090000	0,247379
150,100000	0,246742
150,110000	0,244192
150,120000	0,233994
150,130000	0,220610
150,140000	0,230808
150,150000	0,205950
150,160000	0,224434
150,170000	0,219335
150,180000	0,220610
150,190000	0,214236
150,200000	0,228896
150,210000	0,226346
150,220000	0,224434
150,230000	0,233357
150,240000	0,227621
150,250000	0,239093
150,260000	0,230170
150,270000	0,247379
150,280000	0,230170
150,290000	0,235269
150,300000	0,225709
150,310000	0,226346
150,320000	0,228896
150,330000	0,230808
150,340000	0,226983
150,350000	0,239731
150,360000	0,224434
150,370000	0,231445
150,380000	0,225709
150,390000	0,228896
150,400000	0,221884
150,410000	0,234632
150,420000	0,233357
150,430000	0,231445
150,440000	0,225709
150,450000	0,231445
150,460000	0,226983
150,470000	0,229533
150,480000	0,228258
150,490000	0,223797
150,500000	0,225071
150,510000	0,226983
150,520000	0,229533
150,530000	0,226983
150,540000	0,230808
150,550000	0,228896
150,560000	0,231445
150,570000	0,224434
150,580000	0,220610
150,590000	0,227621
150,600000	0,227621
150,610000	0,226346
150,620000	0,228258
150,630000	0,229533
150,640000	0,225071
150,650000	0,230170
150,660000	0,225071
150,670000	0,231445
150,680000	0,223797
150,690000	0,229533
150,700000	0,226346
150,710000	0,236544
150,720000	0,224434
150,730000	0,242918
150,740000	0,231445
150,750000	0,234632
150,760000	0,227621
150,770000	0,232720
150,780000	0,233357
150,790000	0,230170
150,800000	0,230808
150,810000	0,231445
150,820000	0,237819
150,830000	0,229533
150,840000	0,235269
150,850000	0,229533
150,860000	0,232082
150,870000	0,232082
150,880000	0,239731
150,890000	0,228896
150,900000	0,237181
150,910000	0,235907
150,920000	0,235269
150,930000	0,228896
150,940000	0,240368
150,950000	0,232082
150,960000	0,240368
150,970000	0,227621
150,980000	0,232720
150,990000	0,228896
151,000000	0,232082
151,010000	0,230808
151,020000	0,239731
151,030000	0,232720
151,040000	0,235269
151,050000	0,230808
151,060000	0,233357
151,070000	0,229533
151,080000	0,232720
151,090000	0,232082
151,100000	0,231445
151,110000	0,223159
151,120000	0,239731
151,130000	0,224434
151,140000	0,226346
151,150000	0,226346
151,160000	0,225709
151,170000	0,225071
151,180000	0,225709
151,190000	0,235269
151,200000	0,223797
151,210000	0,235907
151,220000	0,216786
151,230000	0,232082
151,240000	0,221884
151,250000	0,234632
151,260000	0,224434
151,270000	0,233357
151,280000	0,226346
151,290000	0,221884
151,300000	0,216786
151,310000	0,232082
151,320000	0,221247
151,330000	0,230808
151,340000	0,216148
151,350000	0,239731
151,360000	0,219335
151,370000	0,236544
151,380000	0,233357
151,390000	0,233994
151,400000	0,238456
151,410000	0,236544
151,420000	0,234632
151,430000	0,230808
151,440000	0,233994
151,450000	0,230808
151,460000	0,232082
151,470000	0,236544
151,480000	0,226983
151,490000	0,235907
151,500000	0,228258
151,510000	0,239731
151,520000	0,233357
151,530000	0,232082
151,540000	0,229533
151,550000	0,232082
151,560000	0,225071
151,570000	0,230170
151,580000	0,231445
151,590000	0,231445
151,600000	0,231445
151,610000	0,235907
151,620000	0,223159
151,630000	0,234632
151,640000	0,226346
151,650000	0,234632
151,660000	0,225071
151,670000	0,232082
151,680000	0,226346
151,690000	0,231445
151,700000	0,221884
151,710000	0,233357
151,720000	0,228258
151,730000	0,229533
151,740000	0,228896
151,750000	0,233994
151,760000	0,232082
151,770000	0,235907
151,780000	0,227621
151,790000	0,236544
151,800000	0,225709
151,810000	0,232082
151,820000	0,226983
151,830000	0,235269
151,840000	0,228258
151,850000	0,230170
151,860000	0,228258
151,870000	0,228896
151,880000	0,224434
151,890000	0,237181
151,900000	0,224434
151,910000	0,225709
151,920000	0,228258
151,930000	0,232082
151,940000	0,226346
151,950000	0,228896
151,960000	0,227621
151,970000	0,228896
151,980000	0,233994
151,990000	0,233994
152,000000	0,219335
152,010000	0,230808
152,020000	0,226983
152,030000	0,233994
152,040000	0,230808
152,050000	0,225709
152,060000	0,226346
152,070000	0,225071
152,080000	0,228896
152,090000	0,226346
152,100000	0,233994
152,110000	0,227621
152,120000	0,231445
152,130000	0,223159
152,140000	0,226983
152,150000	0,229533
152,160000	0,228258
152,170000	0,230170
152,180000	0,225071
152,190000	0,234632
152,200000	0,228258
152,210000	0,226983
152,220000	0,232082
152,230000	0,226983
152,240000	0,234632
152,250000	0,223159
152,260000	0,233357
152,270000	0,226983
152,280000	0,225709
152,290000	0,223159
152,300000	0,230170
152,310000	0,233357
152,320000	0,234632
152,330000	0,228896
152,340000	0,228896
152,350000	0,225071
152,360000	0,230170
152,370000	0,225709
152,380000	0,226346
152,390000	0,225071
152,400000	0,229533
152,410000	0,220610
152,420000	0,228896
152,430000	0,226346
152,440000	0,230808
152,450000	0,229533
152,460000	0,228258
152,470000	0,230170
152,480000	0,235269
152,490000	0,230170
152,500000	0,224434
152,510000	0,237819
152,520000	0,224434
152,530000	0,228258
152,540000	0,230808
152,550000	0,226983
152,560000	0,224434
152,570000	0,231445
152,580000	0,228896
152,590000	0,228896
152,600000	0,225709
152,610000	0,227621
152,620000	0,221247
152,630000	0,232082
152,640000	0,226346
152,650000	0,226346
152,660000	0,228258
152,670000	0,226346
152,680000	0,233357
152,690000	0,235907
152,700000	0,238456
152,710000	0,228896
152,720000	0,231445
152,730000	0,229533
152,740000	0,224434
152,750000	0,228258
152,760000	0,238456
152,770000	0,226346
152,780000	0,229533
152,790000	0,235269
152,800000	0,233994
152,810000	0,225709
152,820000	0,235907
152,830000	0,232720
152,840000	0,229533
152,850000	0,232720
152,860000	0,236544
152,870000	0,228258
152,880000	0,226983
152,890000	0,236544
152,900000	0,227621
152,910000	0,231445
152,920000	0,232720
152,930000	0,233994
152,940000	0,228896
152,950000	0,233994
152,960000	0,233357
152,970000	0,227621
152,980000	0,224434
152,990000	0,224434
153,000000	0,232082
153,010000	0,231445
153,020000	0,234632
153,030000	0,235907
153,040000	0,228896
153,050000	0,234632
153,060000	0,230170
153,070000	0,232082
153,080000	0,231445
153,090000	0,230808
153,100000	0,226346
153,110000	0,234632
153,120000	0,228258
153,130000	0,234632
153,140000	0,230170
153,150000	0,234632
153,160000	0,229533
153,170000	0,233994
153,180000	0,235269
153,190000	0,233994
153,200000	0,228896
153,210000	0,225709
153,220000	0,232082
153,230000	0,227621
153,240000	0,227621
153,250000	0,224434
153,260000	0,236544
153,270000	0,228258
153,280000	0,222522
153,290000	0,228896
153,300000	0,230808
153,310000	0,226346
153,320000	0,235269
153,330000	0,233994
153,340000	0,238456
153,350000	0,236544
153,360000	0,234632
153,370000	0,228896
153,380000	0,228258
153,390000	0,228896
153,400000	0,228258
153,410000	0,229533
153,420000	0,228258
153,430000	0,226983
153,440000	0,232082
153,450000	0,237181
153,460000	0,218060
153,470000	0,233357
153,480000	0,223797
153,490000	0,233357
153,500000	0,235269
153,510000	0,237819
153,520000	0,224434
153,530000	0,226983
153,540000	0,223159
153,550000	0,232082
153,560000	0,228258
153,570000	0,225709
153,580000	0,231445
153,590000	0,228896
153,600000	0,229533
153,610000	0,228258
153,620000	0,230170
153,630000	0,225071
153,640000	0,227621
153,650000	0,229533
153,660000	0,228258
153,670000	0,229533
153,680000	0,236544
153,690000	0,230170
153,700000	0,232082
153,710000	0,226346
153,720000	0,228896
153,730000	0,225709
153,740000	0,233357
153,750000	0,225709
153,760000	0,225071
153,770000	0,228258
153,780000	0,219335
153,790000	0,227621
153,800000	0,228258
153,810000	0,226983
153,820000	0,228258
153,830000	0,228896
153,840000	0,231445
153,850000	0,231445
153,860000	0,220610
153,870000	0,236544
153,880000	0,224434
153,890000	0,225071
153,900000	0,222522
153,910000	0,224434
153,920000	0,228896
153,930000	0,226346
153,940000	0,228258
153,950000	0,235907
153,960000	0,226346
153,970000	0,235269
153,980000	0,228896
153,990000	0,233357
154,000000	0,230808
154,010000	0,232082
154,020000	0,228896
154,030000	0,228896
154,040000	0,228896
154,050000	0,231445
154,060000	0,232082
154,070000	0,228258
154,080000	0,233357
154,090000	0,230170
154,100000	0,231445
154,110000	0,225709
154,120000	0,223797
154,130000	0,230808
154,140000	0,231445
154,150000	0,230170
154,160000	0,228896
154,170000	0,232082
154,180000	0,235907
154,190000	0,225071
154,200000	0,228896
154,210000	0,232720
154,220000	0,234632
154,230000	0,219972
154,240000	0,230808
154,250000	0,223159
154,260000	0,233357
154,270000	0,228258
154,280000	0,232082
154,290000	0,226983
154,300000	0,228896
154,310000	0,230170
154,320000	0,232720
154,330000	0,223159
154,340000	0,227621
154,350000	0,224434
154,360000	0,226346
154,370000	0,226346
154,380000	0,233357
154,390000	0,227621
154,400000	0,231445
154,410000	0,229533
154,420000	0,230170
154,430000	0,225071
154,440000	0,230170
154,450000	0,228896
154,460000	0,229533
154,470000	0,228896
154,480000	0,234632
154,490000	0,228896
154,500000	0,226346
154,510000	0,226346
154,520000	0,233994
154,530000	0,228896
154,540000	0,236544
154,550000	0,224434
154,560000	0,233357
154,570000	0,228258
154,580000	0,221247
154,590000	0,232720
154,600000	0,230808
154,610000	0,235269
154,620000	0,228258
154,630000	0,227621
154,640000	0,223797
154,650000	0,230808
154,660000	0,228896
154,670000	0,232082
154,680000	0,228896
154,690000	0,236544
154,700000	0,223797
154,710000	0,239093
154,720000	0,217423
154,730000	0,241643
154,740000	0,226346
154,750000	0,230170
154,760000	0,228896
154,770000	0,240368
154,780000	0,231445
154,790000	0,237819
154,800000	0,227621
154,810000	0,233994
154,820000	0,233994
154,830000	0,236544
154,840000	0,225709
154,850000	0,234632
154,860000	0,224434
154,870000	0,230170
154,880000	0,221884
154,890000	0,221884
154,900000	0,235269
154,910000	0,233357
154,920000	0,233357
154,930000	0,231445
154,940000	0,228258
154,950000	0,228896
154,960000	0,236544
154,970000	0,225709
154,980000	0,233357
154,990000	0,224434
155,000000	0,225709
155,010000	0,229533
155,020000	0,228896
155,030000	0,233994
155,040000	0,223797
155,050000	0,224434
155,060000	0,234632
155,070000	0,231445
155,080000	0,232720
155,090000	0,231445
155,100000	0,233357
155,110000	0,228258
155,120000	0,229533
155,130000	0,238456
155,140000	0,233994
155,150000	0,235907
155,160000	0,223159
155,170000	0,230170
155,180000	0,235269
155,190000	0,236544
155,200000	0,231445
155,210000	0,229533
155,220000	0,221247
155,230000	0,232082
155,240000	0,227621
155,250000	0,235269
155,260000	0,223159
155,270000	0,232720
155,280000	0,232720
155,290000	0,240368
155,300000	0,237181
155,310000	0,228258
155,320000	0,237819
155,330000	0,232082
155,340000	0,229533
155,350000	0,226983
155,360000	0,224434
155,370000	0,229533
155,380000	0,231445
155,390000	0,218698
155,400000	0,238456
155,410000	0,232082
155,420000	0,234632
155,430000	0,232082
155,440000	0,231445
155,450000	0,228896
155,460000	0,228258
155,470000	0,228896
155,480000	0,241005
155,490000	0,225071
155,500000	0,237819
155,510000	0,232720
155,520000	0,228258
155,530000	0,229533
155,540000	0,223159
155,550000	0,224434
155,560000	0,226346
155,570000	0,230170
155,580000	0,235907
155,590000	0,230170
155,600000	0,219972
155,610000	0,233357
155,620000	0,232082
155,630000	0,230170
155,640000	0,237819
155,650000	0,234632
155,660000	0,235907
155,670000	0,226983
155,680000	0,234632
155,690000	0,224434
155,700000	0,225709
155,710000	0,235907
155,720000	0,228258
155,730000	0,232082
155,740000	0,228258
155,750000	0,235907
155,760000	0,224434
155,770000	0,242280
155,780000	0,229533
155,790000	0,226983
155,800000	0,233994
155,810000	0,226983
155,820000	0,229533
155,830000	0,226983
155,840000	0,229533
155,850000	0,224434
155,860000	0,234632
155,870000	0,236544
155,880000	0,235907
155,890000	0,233357
155,900000	0,233994
155,910000	0,228896
155,920000	0,225709
155,930000	0,232082
155,940000	0,225071
155,950000	0,223159
155,960000	0,236544
155,970000	0,221247
155,980000	0,230170
155,990000	0,225709
156,000000	0,228896
156,010000	0,231445
156,020000	0,237181
156,030000	0,234632
156,040000	0,237181
156,050000	0,232082
156,060000	0,225071
156,070000	0,230170
156,080000	0,225709
156,090000	0,233357
156,100000	0,230170
156,110000	0,234632
156,120000	0,227621
156,130000	0,227621
156,140000	0,226346
156,150000	0,229533
156,160000	0,227621
156,170000	0,237181
156,180000	0,220610
156,190000	0,237181
156,200000	0,226346
156,210000	0,237819
156,220000	0,224434
156,230000	0,235269
156,240000	0,220610
156,250000	0,230170
156,260000	0,219972
156,270000	0,233357
156,280000	0,233357
156,290000	0,230170
156,300000	0,218060
156,310000	0,226346
156,320000	0,216786
156,330000	0,233357
156,340000	0,232082
156,350000	0,228258
156,360000	0,231445
156,370000	0,232720
156,380000	0,235907
156,390000	0,229533
156,400000	0,228896
156,410000	0,226346
156,420000	0,234632
156,430000	0,226346
156,440000	0,225709
156,450000	0,232082
156,460000	0,229533
156,470000	0,232082
156,480000	0,223797
156,490000	0,232720
156,500000	0,234632
156,510000	0,231445
156,520000	0,216786
156,530000	0,228258
156,540000	0,224434
156,550000	0,238456
156,560000	0,220610
156,570000	0,230808
156,580000	0,227621
156,590000	0,229533
156,600000	0,227621
156,610000	0,225071
156,620000	0,230170
156,630000	0,233994
156,640000	0,228258
156,650000	0,232082
156,660000	0,223159
156,670000	0,225709
156,680000	0,230808
156,690000	0,226346
156,700000	0,228258
156,710000	0,226346
156,720000	0,225071
156,730000	0,230170
156,740000	0,232082
156,750000	0,225071
156,760000	0,235907
156,770000	0,232720
156,780000	0,238456
156,790000	0,231445
156,800000	0,236544
156,810000	0,227621
156,820000	0,235907
156,830000	0,230808
156,840000	0,236544
156,850000	0,233994
156,860000	0,233357
156,870000	0,235907
156,880000	0,225071
156,890000	0,232082
156,900000	0,222522
156,910000	0,231445
156,920000	0,225071
156,930000	0,234632
156,940000	0,218060
156,950000	0,232082
156,960000	0,237819
156,970000	0,228258
156,980000	0,228258
156,990000	0,227621
157,000000	0,226983
157,010000	0,227621
157,020000	0,230170
157,030000	0,230808
157,040000	0,234632
157,050000	0,232720
157,060000	0,232082
157,070000	0,232082
157,080000	0,233994
157,090000	0,232082
157,100000	0,235269
157,110000	0,226346
157,120000	0,223159
157,130000	0,232720
157,140000	0,232720
157,150000	0,230170
157,160000	0,219335
157,170000	0,227621
157,180000	0,234632
157,190000	0,228896
157,200000	0,221884
157,210000	0,233994
157,220000	0,234632
157,230000	0,234632
157,240000	0,227621
157,250000	0,231445
157,260000	0,220610
157,270000	0,228896
157,280000	0,224434
157,290000	0,227621
157,300000	0,234632
157,310000	0,229533
157,320000	0,221247
157,330000	0,238456
157,340000	0,230808
157,350000	0,225071
157,360000	0,228258
157,370000	0,232082
157,380000	0,235907
157,390000	0,228258
157,400000	0,226346
157,410000	0,229533
157,420000	0,225071
157,430000	0,232720
157,440000	0,231445
157,450000	0,225071
157,460000	0,237181
157,470000	0,230808
157,480000	0,225071
157,490000	0,230170
157,500000	0,239093
157,510000	0,234632
157,520000	0,228258
157,530000	0,238456
157,540000	0,228258
157,550000	0,230808
157,560000	0,226983
157,570000	0,228258
157,580000	0,228258
157,590000	0,224434
157,600000	0,234632
157,610000	0,226983
157,620000	0,220610
157,630000	0,230170
157,640000	0,224434
157,650000	0,237181
157,660000	0,217423
157,670000	0,234632
157,680000	0,234632
157,690000	0,232720
157,700000	0,228896
157,710000	0,231445
157,720000	0,224434
157,730000	0,233994
157,740000	0,228258
157,750000	0,235907
157,760000	0,232082
157,770000	0,233357
157,780000	0,223159
157,790000	0,229533
157,800000	0,235269
157,810000	0,230170
157,820000	0,227621
157,830000	0,231445
157,840000	0,224434
157,850000	0,230170
157,860000	0,228258
157,870000	0,232720
157,880000	0,231445
157,890000	0,233357
157,900000	0,230808
157,910000	0,232082
157,920000	0,231445
157,930000	0,234632
157,940000	0,233357
157,950000	0,235269
157,960000	0,230808
157,970000	0,228258
157,980000	0,235907
157,990000	0,229533
158,000000	0,223797
158,010000	0,226983
158,020000	0,222522
158,030000	0,229533
158,040000	0,223797
158,050000	0,228896
158,060000	0,223159
158,070000	0,231445
158,080000	0,224434
158,090000	0,228258
158,100000	0,230170
158,110000	0,229533
158,120000	0,228258
158,130000	0,231445
158,140000	0,229533
158,150000	0,234632
158,160000	0,226983
158,170000	0,232720
158,180000	0,229533
158,190000	0,230808
158,200000	0,219335
158,210000	0,230170
158,220000	0,219335
158,230000	0,226346
158,240000	0,222522
158,250000	0,229533
158,260000	0,226983
158,270000	0,232082
158,280000	0,223159
158,290000	0,233994
158,300000	0,221884
158,310000	0,233994
158,320000	0,230808
158,330000	0,234632
158,340000	0,229533
158,350000	0,222522
158,360000	0,225709
158,370000	0,232082
158,380000	0,231445
158,390000	0,232720
158,400000	0,228258
158,410000	0,233994
158,420000	0,227621
158,430000	0,231445
158,440000	0,225709
158,450000	0,228896
158,460000	0,228258
158,470000	0,226346
158,480000	0,231445
158,490000	0,225071
158,500000	0,229533
158,510000	0,226346
158,520000	0,226346
158,530000	0,226983
158,540000	0,225709
158,550000	0,221247
158,560000	0,228258
158,570000	0,231445
158,580000	0,230170
158,590000	0,224434
158,600000	0,226983
158,610000	0,224434
158,620000	0,226983
158,630000	0,225071
158,640000	0,238456
158,650000	0,223797
158,660000	0,224434
158,670000	0,226346
158,680000	0,231445
158,690000	0,230170
158,700000	0,222522
158,710000	0,229533
158,720000	0,228258
158,730000	0,235269
158,740000	0,232720
158,750000	0,230808
158,760000	0,224434
158,770000	0,231445
158,780000	0,226983
158,790000	0,230808
158,800000	0,218698
158,810000	0,230808
158,820000	0,220610
158,830000	0,226346
158,840000	0,228896
158,850000	0,228896
158,860000	0,226346
158,870000	0,236544
158,880000	0,228896
158,890000	0,232082
158,900000	0,232082
158,910000	0,229533
158,920000	0,223797
158,930000	0,232082
158,940000	0,221884
158,950000	0,230808
158,960000	0,239093
158,970000	0,232720
158,980000	0,221884
158,990000	0,226983
159,000000	0,223159
159,010000	0,232082
159,020000	0,226983
159,030000	0,225071
159,040000	0,232082
159,050000	0,229533
159,060000	0,225071
159,070000	0,230170
159,080000	0,222522
159,090000	0,233994
159,100000	0,237181
159,110000	0,240368
159,120000	0,225071
159,130000	0,230170
159,140000	0,219335
159,150000	0,239731
159,160000	0,226346
159,170000	0,233357
159,180000	0,230170
159,190000	0,236544
159,200000	0,221884
159,210000	0,233357
159,220000	0,227621
159,230000	0,230170
159,240000	0,232082
159,250000	0,230170
159,260000	0,228896
159,270000	0,224434
159,280000	0,229533
159,290000	0,231445
159,300000	0,226346
159,310000	0,232082
159,320000	0,225071
159,330000	0,232082
159,340000	0,225071
159,350000	0,237181
159,360000	0,234632
159,370000	0,229533
159,380000	0,232720
159,390000	0,234632
159,400000	0,233994
159,410000	0,234632
159,420000	0,229533
159,430000	0,230170
159,440000	0,228896
159,450000	0,229533
159,460000	0,226983
159,470000	0,230170
159,480000	0,234632
159,490000	0,231445
159,500000	0,226346
159,510000	0,226983
159,520000	0,230808
159,530000	0,230808
159,540000	0,230808
159,550000	0,232720
159,560000	0,229533
159,570000	0,228258
159,580000	0,236544
159,590000	0,235269
159,600000	0,233357
159,610000	0,235907
159,620000	0,226346
159,630000	0,235269
159,640000	0,228896
159,650000	0,233357
159,660000	0,235907
159,670000	0,223797
159,680000	0,226983
159,690000	0,230808
159,700000	0,229533
159,710000	0,229533
159,720000	0,230808
159,730000	0,226983
159,740000	0,230170
159,750000	0,230170
159,760000	0,219335
159,770000	0,223159
159,780000	0,235907
159,790000	0,228258
159,800000	0,221884
159,810000	0,230170
159,820000	0,223797
159,830000	0,228896
159,840000	0,230808
159,850000	0,232720
159,860000	0,236544
159,870000	0,234632
159,880000	0,237819
159,890000	0,230170
159,900000	0,219335
159,910000	0,237181
159,920000	0,230170
159,930000	0,232082
159,940000	0,228896
159,950000	0,229533
159,960000	0,226346
159,970000	0,233357
159,980000	0,237181
159,990000	0,233357
160,000000	0,228258
160,010000	0,235269
160,020000	0,221884
160,030000	0,228896
160,040000	0,227621
160,050000	0,228896
160,060000	0,221884
160,070000	0,233994
160,080000	0,226346
160,090000	0,235269
160,100000	0,222522
160,110000	0,233994
160,120000	0,226346
160,130000	0,232082
160,140000	0,225071
160,150000	0,236544
160,160000	0,226983
160,170000	0,225709
160,180000	0,223797
160,190000	0,233357
160,200000	0,233357
160,210000	0,233357
160,220000	0,226346
160,230000	0,230808
160,240000	0,227621
160,250000	0,232720
160,260000	0,235269
160,270000	0,230808
160,280000	0,226983
160,290000	0,228258
160,300000	0,231445
160,310000	0,229533
160,320000	0,233994
160,330000	0,230808
160,340000	0,228896
160,350000	0,227621
160,360000	0,226346
160,370000	0,225071
160,380000	0,226346
160,390000	0,233994
160,400000	0,226346
160,410000	0,234632
160,420000	0,226983
160,430000	0,232082
160,440000	0,220610
160,450000	0,232082
160,460000	0,228258
160,470000	0,229533
160,480000	0,226346
160,490000	0,226983
160,500000	0,225071
160,510000	0,230808
160,520000	0,221884
160,530000	0,228258
160,540000	0,231445
160,550000	0,230170
160,560000	0,225709
160,570000	0,227621
160,580000	0,223159
160,590000	0,230808
160,600000	0,226346
160,610000	0,220610
160,620000	0,232082
160,630000	0,230808
160,640000	0,225709
160,650000	0,233994
160,660000	0,223159
160,670000	0,230170
160,680000	0,226983
160,690000	0,226346
160,700000	0,224434
160,710000	0,225071
160,720000	0,222522
160,730000	0,224434
160,740000	0,230170
160,750000	0,228896
160,760000	0,228258
160,770000	0,224434
160,780000	0,230170
160,790000	0,227621
160,800000	0,229533
160,810000	0,225071
160,820000	0,232082
160,830000	0,231445
160,840000	0,224434
160,850000	0,231445
160,860000	0,232082
160,870000	0,233357
160,880000	0,226346
160,890000	0,230808
160,900000	0,223797
160,910000	0,233357
160,920000	0,233357
160,930000	0,230808
160,940000	0,225071
160,950000	0,225071
160,960000	0,223159
160,970000	0,228896
160,980000	0,223159
160,990000	0,232082
161,000000	0,224434
161,010000	0,231445
161,020000	0,226983
161,030000	0,229533
161,040000	0,230808
161,050000	0,230808
161,060000	0,228258
161,070000	0,226983
161,080000	0,233994
161,090000	0,229533
161,100000	0,239093
161,110000	0,229533
161,120000	0,226983
161,130000	0,234632
161,140000	0,225709
161,150000	0,232082
161,160000	0,234632
161,170000	0,231445
161,180000	0,229533
161,190000	0,230170
161,200000	0,234632
161,210000	0,229533
161,220000	0,223159
161,230000	0,231445
161,240000	0,223797
161,250000	0,230170
161,260000	0,221884
161,270000	0,229533
161,280000	0,238456
161,290000	0,231445
161,300000	0,230170
161,310000	0,229533
161,320000	0,237819
161,330000	0,228896
161,340000	0,237181
161,350000	0,235269
161,360000	0,226983
161,370000	0,232720
161,380000	0,230170
161,390000	0,229533
161,400000	0,226983
161,410000	0,228896
161,420000	0,232082
161,430000	0,223159
161,440000	0,228896
161,450000	0,226346
161,460000	0,232720
161,470000	0,231445
161,480000	0,230808
161,490000	0,227621
161,500000	0,229533
161,510000	0,229533
161,520000	0,239731
161,530000	0,226346
161,540000	0,226983
161,550000	0,225071
161,560000	0,234632
161,570000	0,228896
161,580000	0,237819
161,590000	0,229533
161,600000	0,234632
161,610000	0,228258
161,620000	0,231445
161,630000	0,230808
161,640000	0,233994
161,650000	0,228896
161,660000	0,226346
161,670000	0,232082
161,680000	0,234632
161,690000	0,231445
161,700000	0,230170
161,710000	0,228258
161,720000	0,228896
161,730000	0,232720
161,740000	0,224434
161,750000	0,232082
161,760000	0,228896
161,770000	0,230170
161,780000	0,231445
161,790000	0,229533
161,800000	0,225709
161,810000	0,234632
161,820000	0,225071
161,830000	0,231445
161,840000	0,235269
161,850000	0,228258
161,860000	0,230170
161,870000	0,231445
161,880000	0,225071
161,890000	0,231445
161,900000	0,233357
161,910000	0,224434
161,920000	0,225071
161,930000	0,230808
161,940000	0,232720
161,950000	0,230808
161,960000	0,239093
161,970000	0,224434
161,980000	0,232720
161,990000	0,230808
162,000000	0,226346
162,010000	0,231445
162,020000	0,226346
162,030000	0,227621
162,040000	0,222522
162,050000	0,233994
162,060000	0,226346
162,070000	0,229533
162,080000	0,231445
162,090000	0,227621
162,100000	0,236544
162,110000	0,231445
162,120000	0,229533
162,130000	0,226983
162,140000	0,227621
162,150000	0,233994
162,160000	0,226983
162,170000	0,230170
162,180000	0,226983
162,190000	0,228258
162,200000	0,223159
162,210000	0,226346
162,220000	0,226983
162,230000	0,226983
162,240000	0,232082
162,250000	0,232082
162,260000	0,221884
162,270000	0,226983
162,280000	0,223797
162,290000	0,226346
162,300000	0,228896
162,310000	0,228258
162,320000	0,221247
162,330000	0,230170
162,340000	0,230170
162,350000	0,225071
162,360000	0,226346
162,370000	0,228896
162,380000	0,228896
162,390000	0,232082
162,400000	0,234632
162,410000	0,230808
162,420000	0,222522
162,430000	0,229533
162,440000	0,231445
162,450000	0,226346
162,460000	0,229533
162,470000	0,221247
162,480000	0,233357
162,490000	0,226346
162,500000	0,227621
162,510000	0,228258
162,520000	0,227621
162,530000	0,232082
162,540000	0,225709
162,550000	0,226983
162,560000	0,228258
162,570000	0,230170
162,580000	0,228896
162,590000	0,221247
162,600000	0,234632
162,610000	0,229533
162,620000	0,223159
162,630000	0,231445
162,640000	0,228258
162,650000	0,223159
162,660000	0,228896
162,670000	0,229533
162,680000	0,224434
162,690000	0,228258
162,700000	0,219335
162,710000	0,225071
162,720000	0,226346
162,730000	0,228896
162,740000	0,231445
162,750000	0,232082
162,760000	0,229533
162,770000	0,231445
162,780000	0,227621
162,790000	0,232082
162,800000	0,230170
162,810000	0,227621
162,820000	0,226983
162,830000	0,228896
162,840000	0,228258
162,850000	0,230170
162,860000	0,231445
162,870000	0,226346
162,880000	0,231445
162,890000	0,228896
162,900000	0,230808
162,910000	0,233994
162,920000	0,233357
162,930000	0,233994
162,940000	0,232082
162,950000	0,230170
162,960000	0,223797
162,970000	0,229533
162,980000	0,230170
162,990000	0,232720
163,000000	0,223797
163,010000	0,232082
163,020000	0,228258
163,030000	0,230808
163,040000	0,228258
163,050000	0,226983
163,060000	0,228896
163,070000	0,229533
163,080000	0,225709
163,090000	0,234632
163,100000	0,232082
163,110000	0,232082
163,120000	0,236544
163,130000	0,236544
163,140000	0,233357
163,150000	0,225709
163,160000	0,229533
163,170000	0,237819
163,180000	0,232082
163,190000	0,232720
163,200000	0,231445
163,210000	0,228258
163,220000	0,229533
163,230000	0,230808
163,240000	0,234632
163,250000	0,226346
163,260000	0,230808
163,270000	0,235907
163,280000	0,230170
163,290000	0,232720
163,300000	0,233994
163,310000	0,232720
163,320000	0,231445
163,330000	0,235269
163,340000	0,228258
163,350000	0,239731
163,360000	0,235269
163,370000	0,233994
163,380000	0,228896
163,390000	0,233994
163,400000	0,231445
163,410000	0,237181
163,420000	0,233994
163,430000	0,234632
163,440000	0,230808
163,450000	0,240368
163,460000	0,228896
163,470000	0,237181
163,480000	0,237181
163,490000	0,236544
163,500000	0,232720
163,510000	0,237181
163,520000	0,237181
163,530000	0,239731
163,540000	0,229533
163,550000	0,238456
163,560000	0,233994
163,570000	0,235907
163,580000	0,236544
163,590000	0,237181
163,600000	0,242280
163,610000	0,236544
163,620000	0,232082
163,630000	0,233357
163,640000	0,234632
163,650000	0,235907
163,660000	0,239731
163,670000	0,236544
163,680000	0,240368
163,690000	0,237181
163,700000	0,233994
163,710000	0,233994
163,720000	0,240368
163,730000	0,233994
163,740000	0,235907
163,750000	0,234632
163,760000	0,230808
163,770000	0,234632
163,780000	0,234632
163,790000	0,230170
163,800000	0,235269
163,810000	0,233994
163,820000	0,230808
163,830000	0,237819
163,840000	0,233994
163,850000	0,241643
163,860000	0,239731
163,870000	0,240368
163,880000	0,233994
163,890000	0,239731
163,900000	0,231445
163,910000	0,239093
163,920000	0,233357
163,930000	0,235907
163,940000	0,233357
163,950000	0,232082
163,960000	0,239093
163,970000	0,232720
163,980000	0,240368
163,990000	0,232082
164,000000	0,244192
164,010000	0,228896
164,020000	0,233357
164,030000	0,234632
164,040000	0,238456
164,050000	0,236544
164,060000	0,233994
164,070000	0,238456
164,080000	0,239731
164,090000	0,237819
164,100000	0,238456
164,110000	0,236544
164,120000	0,242280
164,130000	0,235269
164,140000	0,232082
164,150000	0,238456
164,160000	0,238456
164,170000	0,237181
164,180000	0,235907
164,190000	0,235269
164,200000	0,230808
164,210000	0,238456
164,220000	0,230170
164,230000	0,240368
164,240000	0,236544
164,250000	0,239093
164,260000	0,230170
164,270000	0,239093
164,280000	0,230170
164,290000	0,237819
164,300000	0,226983
164,310000	0,237819
164,320000	0,231445
164,330000	0,241005
164,340000	0,235907
164,350000	0,239731
164,360000	0,232720
164,370000	0,233357
164,380000	0,235907
164,390000	0,241643
164,400000	0,233357
164,410000	0,244192
164,420000	0,233994
164,430000	0,243555
164,440000	0,235907
164,450000	0,241005
164,460000	0,234632
164,470000	0,239093
164,480000	0,237181
164,490000	0,235269
164,500000	0,227621
164,510000	0,242918
164,520000	0,235269
164,530000	0,239093
164,540000	0,233357
164,550000	0,234632
164,560000	0,230170
164,570000	0,237181
164,580000	0,231445
164,590000	0,244830
164,600000	0,235907
164,610000	0,241643
164,620000	0,242918
164,630000	0,238456
164,640000	0,239093
164,650000	0,244192
164,660000	0,234632
164,670000	0,238456
164,680000	0,241005
164,690000	0,239731
164,700000	0,230170
164,710000	0,242280
164,720000	0,239093
164,730000	0,244192
164,740000	0,228896
164,750000	0,241643
164,760000	0,234632
164,770000	0,237819
164,780000	0,238456
164,790000	0,236544
164,800000	0,239731
164,810000	0,238456
164,820000	0,244192
164,830000	0,235269
164,840000	0,236544
164,850000	0,234632
164,860000	0,242280
164,870000	0,229533
164,880000	0,244830
164,890000	0,230808
164,900000	0,242918
164,910000	0,233994
164,920000	0,235269
164,930000	0,234632
164,940000	0,229533
164,950000	0,237819
164,960000	0,242918
164,970000	0,231445
164,980000	0,248654
164,990000	0,239731
165,000000	0,239731
165,010000	0,244830
165,020000	0,239731
165,030000	0,238456
165,040000	0,237181
165,050000	0,238456
165,060000	0,242918
165,070000	0,241005
165,080000	0,241643
165,090000	0,245467
165,100000	0,239731
165,110000	0,247379
165,120000	0,241643
165,130000	0,243555
165,140000	0,242280
165,150000	0,239731
165,160000	0,242280
165,170000	0,244192
165,180000	0,235907
165,190000	0,232082
165,200000	0,234632
165,210000	0,235269
165,220000	0,238456
165,230000	0,246104
165,240000	0,235907
165,250000	0,239731
165,260000	0,242918
165,270000	0,235269
165,280000	0,239731
165,290000	0,233994
165,300000	0,234632
165,310000	0,242280
165,320000	0,237181
165,330000	0,237181
165,340000	0,241005
165,350000	0,241643
165,360000	0,242918
165,370000	0,233357
165,380000	0,236544
165,390000	0,241643
165,400000	0,243555
165,410000	0,238456
165,420000	0,239731
165,430000	0,239731
165,440000	0,235269
165,450000	0,244192
165,460000	0,234632
165,470000	0,242918
165,480000	0,240368
165,490000	0,239093
165,500000	0,241005
165,510000	0,243555
165,520000	0,230808
165,530000	0,241643
165,540000	0,235907
165,550000	0,241005
165,560000	0,237181
165,570000	0,244192
165,580000	0,232082
165,590000	0,239731
165,600000	0,234632
165,610000	0,245467
165,620000	0,238456
165,630000	0,240368
165,640000	0,235907
165,650000	0,244830
165,660000	0,236544
165,670000	0,246742
165,680000	0,242918
165,690000	0,243555
165,700000	0,239731
165,710000	0,244830
165,720000	0,241643
165,730000	0,241643
165,740000	0,246742
165,750000	0,237819
165,760000	0,234632
165,770000	0,242918
165,780000	0,239731
165,790000	0,242280
165,800000	0,231445
165,810000	0,241643
165,820000	0,244830
165,830000	0,240368
165,840000	0,239093
165,850000	0,239731
165,860000	0,232720
165,870000	0,244830
165,880000	0,239731
165,890000	0,241643
165,900000	0,234632
165,910000	0,240368
165,920000	0,244192
165,930000	0,246104
165,940000	0,233994
165,950000	0,237819
165,960000	0,243555
165,970000	0,243555
165,980000	0,226346
165,990000	0,240368
166,000000	0,244192
166,010000	0,240368
166,020000	0,243555
166,030000	0,238456
166,040000	0,235907
166,050000	0,235907
166,060000	0,237819
166,070000	0,237181
166,080000	0,237181
166,090000	0,236544
166,100000	0,241005
166,110000	0,241005
166,120000	0,233994
166,130000	0,237819
166,140000	0,241643
166,150000	0,239731
166,160000	0,235269
166,170000	0,242280
166,180000	0,237819
166,190000	0,237819
166,200000	0,237819
166,210000	0,235907
166,220000	0,230808
166,230000	0,237819
166,240000	0,229533
166,250000	0,237181
166,260000	0,232720
166,270000	0,238456
166,280000	0,232720
166,290000	0,233357
166,300000	0,242918
166,310000	0,235907
166,320000	0,233357
166,330000	0,235269
166,340000	0,232720
166,350000	0,233994
166,360000	0,235907
166,370000	0,236544
166,380000	0,231445
166,390000	0,236544
166,400000	0,246742
166,410000	0,234632
166,420000	0,241643
166,430000	0,235907
166,440000	0,239093
166,450000	0,234632
166,460000	0,228896
166,470000	0,239731
166,480000	0,233994
166,490000	0,238456
166,500000	0,228258
166,510000	0,241643
166,520000	0,236544
166,530000	0,232720
166,540000	0,239731
166,550000	0,241005
166,560000	0,246742
166,570000	0,239731
166,580000	0,245467
166,590000	0,238456
166,600000	0,232082
166,610000	0,238456
166,620000	0,237181
166,630000	0,230808
166,640000	0,240368
166,650000	0,237181
166,660000	0,235269
166,670000	0,239093
166,680000	0,238456
166,690000	0,236544
166,700000	0,237819
166,710000	0,236544
166,720000	0,239731
166,730000	0,236544
166,740000	0,241643
166,750000	0,238456
166,760000	0,237819
166,770000	0,228896
166,780000	0,236544
166,790000	0,239731
166,800000	0,233357
166,810000	0,235907
166,820000	0,237181
166,830000	0,238456
166,840000	0,236544
166,850000	0,236544
166,860000	0,233357
166,870000	0,241005
166,880000	0,241005
166,890000	0,237819
166,900000	0,242918
166,910000	0,237181
166,920000	0,231445
166,930000	0,235269
166,940000	0,239731
166,950000	0,235269
166,960000	0,233357
166,970000	0,244830
166,980000	0,242918
166,990000	0,237819
167,000000	0,233357
167,010000	0,238456
167,020000	0,232082
167,030000	0,234632
167,040000	0,232720
167,050000	0,239731
167,060000	0,232082
167,070000	0,233357
167,080000	0,232720
167,090000	0,238456
167,100000	0,238456
167,110000	0,232082
167,120000	0,233357
167,130000	0,244830
167,140000	0,236544
167,150000	0,242280
167,160000	0,233994
167,170000	0,248016
167,180000	0,249291
167,190000	0,240368
167,200000	0,244830
167,210000	0,243555
167,220000	0,236544
167,230000	0,238456
167,240000	0,239731
167,250000	0,246742
167,260000	0,241643
167,270000	0,242280
167,280000	0,233994
167,290000	0,242280
167,300000	0,243555
167,310000	0,246742
167,320000	0,238456
167,330000	0,241005
167,340000	0,235269
167,350000	0,235907
167,360000	0,238456
167,370000	0,234632
167,380000	0,241643
167,390000	0,242280
167,400000	0,244192
167,410000	0,235269
167,420000	0,239731
167,430000	0,238456
167,440000	0,242280
167,450000	0,234632
167,460000	0,237181
167,470000	0,237819
167,480000	0,235907
167,490000	0,239731
167,500000	0,237819
167,510000	0,239093
167,520000	0,238456
167,530000	0,243555
167,540000	0,241643
167,550000	0,234632
167,560000	0,241005
167,570000	0,239731
167,580000	0,239731
167,590000	0,228896
167,600000	0,237181
167,610000	0,231445
167,620000	0,233357
167,630000	0,242280
167,640000	0,233357
167,650000	0,239731
167,660000	0,240368
167,670000	0,232720
167,680000	0,237181
167,690000	0,237819
167,700000	0,232720
167,710000	0,238456
167,720000	0,236544
167,730000	0,239731
167,740000	0,237181
167,750000	0,241005
167,760000	0,239731
167,770000	0,244192
167,780000	0,232082
167,790000	0,242280
167,800000	0,232720
167,810000	0,237181
167,820000	0,234632
167,830000	0,239731
167,840000	0,236544
167,850000	0,234632
167,860000	0,239093
167,870000	0,232082
167,880000	0,246104
167,890000	0,235907
167,900000	0,237181
167,910000	0,238456
167,920000	0,241005
167,930000	0,241643
167,940000	0,242918
167,950000	0,235907
167,960000	0,253753
167,970000	0,243555
167,980000	0,239731
167,990000	0,244192
168,000000	0,244830
168,010000	0,239093
168,020000	0,237181
168,030000	0,236544
168,040000	0,237819
168,050000	0,236544
168,060000	0,241005
168,070000	0,238456
168,080000	0,228258
168,090000	0,239731
168,100000	0,236544
168,110000	0,241005
168,120000	0,239093
168,130000	0,242280
168,140000	0,230808
168,150000	0,235269
168,160000	0,242280
168,170000	0,232082
168,180000	0,229533
168,190000	0,234632
168,200000	0,226346
168,210000	0,237819
168,220000	0,228896
168,230000	0,236544
168,240000	0,237819
168,250000	0,232082
168,260000	0,249929
168,270000	0,233994
168,280000	0,230808
168,290000	0,238456
168,300000	0,234632
168,310000	0,236544
168,320000	0,243555
168,330000	0,233994
168,340000	0,241005
168,350000	0,230170
168,360000	0,244830
168,370000	0,239731
168,380000	0,233994
168,390000	0,239731
168,400000	0,249929
168,410000	0,239093
168,420000	0,232720
168,430000	0,237181
168,440000	0,239093
168,450000	0,239093
168,460000	0,229533
168,470000	0,229533
168,480000	0,242280
168,490000	0,233357
168,500000	0,239093
168,510000	0,234632
168,520000	0,225071
168,530000	0,233357
168,540000	0,239093
168,550000	0,229533
168,560000	0,233994
168,570000	0,236544
168,580000	0,232082
168,590000	0,229533
168,600000	0,232720
168,610000	0,236544
168,620000	0,228258
168,630000	0,236544
168,640000	0,228896
168,650000	0,235269
168,660000	0,228258
168,670000	0,238456
168,680000	0,230170
168,690000	0,235269
168,700000	0,228896
168,710000	0,236544
168,720000	0,230808
168,730000	0,239093
168,740000	0,235907
168,750000	0,232720
168,760000	0,232082
168,770000	0,241643
168,780000	0,234632
168,790000	0,240368
168,800000	0,235907
168,810000	0,240368
168,820000	0,239731
168,830000	0,241005
168,840000	0,241643
168,850000	0,238456
168,860000	0,231445
168,870000	0,242280
168,880000	0,243555
168,890000	0,244830
168,900000	0,237181
168,910000	0,232082
168,920000	0,230170
168,930000	0,232720
168,940000	0,232082
168,950000	0,239731
168,960000	0,229533
168,970000	0,239731
168,980000	0,235269
168,990000	0,239093
169,000000	0,232720
169,010000	0,237819
169,020000	0,235269
169,030000	0,239093
169,040000	0,241643
169,050000	0,235269
169,060000	0,232082
169,070000	0,247379
169,080000	0,239731
169,090000	0,237819
169,100000	0,239731
169,110000	0,238456
169,120000	0,241005
169,130000	0,245467
169,140000	0,242918
169,150000	0,244830
169,160000	0,248654
169,170000	0,242280
169,180000	0,250566
169,190000	0,234632
169,200000	0,239731
169,210000	0,235269
169,220000	0,241005
169,230000	0,230808
169,240000	0,230808
169,250000	0,235907
169,260000	0,232082
169,270000	0,240368
169,280000	0,246104
169,290000	0,239093
169,300000	0,236544
169,310000	0,237181
169,320000	0,205950
169,330000	0,239093
169,340000	0,213599
169,350000	0,232082
169,360000	0,206588
169,370000	0,216148
169,380000	0,207862
169,390000	0,229533
169,400000	0,226983
169,410000	0,248654
169,420000	0,231445
169,430000	0,253753
169,440000	0,224434
169,450000	0,251841
169,460000	0,243555
169,470000	0,255028
169,480000	0,254390
169,490000	0,244192
169,500000	0,242918
169,510000	0,255028
169,520000	0,244192
169,530000	0,240368
169,540000	0,232082
169,550000	0,236544
169,560000	0,237819
169,570000	0,238456
169,580000	0,240368
169,590000	0,236544
169,600000	0,232720
169,610000	0,242280
169,620000	0,234632
169,630000	0,234632
169,640000	0,239731
169,650000	0,242280
169,660000	0,234632
169,670000	0,228258
169,680000	0,237181
169,690000	0,237181
169,700000	0,232082
169,710000	0,238456
169,720000	0,233994
169,730000	0,241643
169,740000	0,233994
169,750000	0,249929
169,760000	0,237819
169,770000	0,242280
169,780000	0,242918
169,790000	0,240368
169,800000	0,242918
169,810000	0,242280
169,820000	0,244192
169,830000	0,239731
169,840000	0,247379
169,850000	0,237181
169,860000	0,239093
169,870000	0,241005
169,880000	0,242918
169,890000	0,237819
169,900000	0,244830
169,910000	0,244830
169,920000	0,235907
169,930000	0,240368
169,940000	0,242280
169,950000	0,245467
169,960000	0,237819
169,970000	0,243555
169,980000	0,234632
169,990000	0,249929
170,000000	0,228258
170,010000	0,244192
170,020000	0,236544
170,030000	0,235269
170,040000	0,233994
170,050000	0,233994
170,060000	0,237181
170,070000	0,239731
170,080000	0,228258
170,090000	0,236544
170,100000	0,232720
170,110000	0,241643
170,120000	0,236544
170,130000	0,237181
170,140000	0,239731
170,150000	0,233357
170,160000	0,218060
170,170000	0,236544
170,180000	0,218698
170,190000	0,232082
170,200000	0,216786
170,210000	0,229533
170,220000	0,227621
170,230000	0,230808
170,240000	0,219335
170,250000	0,222522
170,260000	0,224434
170,270000	0,237181
170,280000	0,226346
170,290000	0,243555
170,300000	0,232082
170,310000	0,241643
170,320000	0,240368
170,330000	0,240368
170,340000	0,236544
170,350000	0,228896
170,360000	0,233994
170,370000	0,224434
170,380000	0,232720
170,390000	0,227621
170,400000	0,235269
170,410000	0,244830
170,420000	0,239731
170,430000	0,241643
170,440000	0,231445
170,450000	0,242280
170,460000	0,231445
170,470000	0,235907
170,480000	0,215511
170,490000	0,229533
170,500000	0,225709
170,510000	0,228258
170,520000	0,234632
170,530000	0,237181
170,540000	0,239731
170,550000	0,247379
170,560000	0,239731
170,570000	0,256940
170,580000	0,235269
170,590000	0,240368
170,600000	0,232720
170,610000	0,202763
170,620000	0,231445
170,630000	0,212961
170,640000	0,235269
170,650000	0,216148
170,660000	0,241005
170,670000	0,232082
170,680000	0,275423
170,690000	0,243555
170,700000	0,288808
170,710000	0,249291
170,720000	0,277335
170,730000	0,255665
170,740000	0,259489
170,750000	0,250566
170,760000	0,237181
170,770000	0,239731
170,780000	0,226983
170,790000	0,212324
170,800000	0,224434
170,810000	0,226346
170,820000	0,229533
170,830000	0,227621
170,840000	0,249929
170,850000	0,229533
170,860000	0,235269
170,870000	0,236544
170,880000	0,227621
170,890000	0,237819
170,900000	0,230170
170,910000	0,230170
170,920000	0,235269
170,930000	0,237181
170,940000	0,242280
170,950000	0,236544
170,960000	0,244192
170,970000	0,242918
170,980000	0,242280
170,990000	0,244830
171,000000	0,241643
171,010000	0,232720
171,020000	0,225709
171,030000	0,235907
171,040000	0,226983
171,050000	0,235907
171,060000	0,224434
171,070000	0,237181
171,080000	0,231445
171,090000	0,240368
171,100000	0,237181
171,110000	0,244830
171,120000	0,235269
171,130000	0,230170
171,140000	0,237181
171,150000	0,225709
171,160000	0,233357
171,170000	0,228258
171,180000	0,231445
171,190000	0,227621
171,200000	0,221884
171,210000	0,228258
171,220000	0,232720
171,230000	0,231445
171,240000	0,241005
171,250000	0,229533
171,260000	0,239731
171,270000	0,236544
171,280000	0,241005
171,290000	0,233994
171,300000	0,227621
171,310000	0,221884
171,320000	0,237181
171,330000	0,248654
171,340000	0,232082
171,350000	0,243555
171,360000	0,230170
171,370000	0,241005
171,380000	0,230808
171,390000	0,252478
171,400000	0,241005
171,410000	0,239731
171,420000	0,246742
171,430000	0,238456
171,440000	0,230808
171,450000	0,240368
171,460000	0,207225
171,470000	0,228896
171,480000	0,233994
171,490000	0,221884
171,500000	0,239093
171,510000	0,284984
171,520000	0,239731
171,530000	0,236544
171,540000	0,247379
171,550000	0,287533
171,560000	0,249291
171,570000	0,286258
171,580000	0,262676
171,590000	0,262039
171,600000	0,233357
171,610000	0,256940
171,620000	0,211049
171,630000	0,226346
171,640000	0,213599
171,650000	0,244192
171,660000	0,241005
171,670000	0,219972
171,680000	0,255665
171,690000	0,235269
171,700000	0,265225
171,710000	0,247379
171,720000	0,262676
171,730000	0,239093
171,740000	0,248654
171,750000	0,232720
171,760000	0,233994
171,770000	0,227621
171,780000	0,246104
171,790000	0,244830
171,800000	0,249929
171,810000	0,259489
171,820000	0,251203
171,830000	0,255028
171,840000	0,243555
171,850000	0,234632
171,860000	0,242280
171,870000	0,233357
171,880000	0,189379
171,890000	0,232082
171,900000	0,224434
171,910000	0,244830
171,920000	0,223159
171,930000	0,246104
171,940000	0,233994
171,950000	0,230808
171,960000	0,225071
171,970000	0,283072
171,980000	0,221884
171,990000	0,252478
172,000000	0,223797
172,010000	0,166434
172,020000	0,221247
172,030000	0,143488
172,040000	0,241005
172,050000	0,189379
172,060000	0,247379
172,070000	0,265863
172,080000	0,211687
172,090000	0,265863
172,100000	0,285621
172,110000	0,241005
172,120000	0,286896
172,130000	0,199577
172,140000	0,272874
172,150000	0,201489
172,160000	0,255028
172,170000	0,253753
172,180000	0,199577
172,190000	0,246104
172,200000	0,233357
172,210000	0,244192
172,220000	0,236544
172,230000	0,241005
172,240000	0,252478
172,250000	0,245467
172,260000	0,249929
172,270000	0,235907
172,280000	0,229533
172,290000	0,234632
172,300000	0,237181
172,310000	0,238456
172,320000	0,237819
172,330000	0,239731
172,340000	0,231445
172,350000	0,241005
172,360000	0,237819
172,370000	0,239731
172,380000	0,234632
172,390000	0,228896
172,400000	0,241643
172,410000	0,222522
172,420000	0,251841
172,430000	0,224434
172,440000	0,239093
172,450000	0,231445
172,460000	0,236544
172,470000	0,228896
172,480000	0,253753
172,490000	0,235907
172,500000	0,237819
172,510000	0,241643
172,520000	0,255665
172,530000	0,230808
172,540000	0,237181
172,550000	0,247379
172,560000	0,238456
172,570000	0,233357
172,580000	0,229533
172,590000	0,244192
172,600000	0,231445
172,610000	0,237181
172,620000	0,246104
172,630000	0,260764
172,640000	0,247379
172,650000	0,244192
172,660000	0,246104
172,670000	0,248654
172,680000	0,198939
172,690000	0,248016
172,700000	0,222522
172,710000	0,238456
172,720000	0,212961
172,730000	0,237181
172,740000	0,239731
172,750000	0,224434
172,760000	0,245467
172,770000	0,233357
172,780000	0,246742
172,790000	0,244830
172,800000	0,246104
172,810000	0,263951
172,820000	0,222522
172,830000	0,223159
172,840000	0,193203
172,850000	0,220610
172,860000	0,170895
172,870000	0,219972
172,880000	0,240368
172,890000	0,225709
172,900000	0,283709
172,910000	0,226983
172,920000	0,218060
172,930000	0,211687
172,940000	0,239093
172,950000	0,266500
172,960000	0,221247
172,970000	0,209775
172,980000	0,221884
172,990000	0,214236
173,000000	0,195752
173,010000	0,226346
173,020000	0,236544
173,030000	0,230170
173,040000	0,229533
173,050000	0,239731
173,060000	0,239731
173,070000	0,206588
173,080000	0,214873
173,090000	0,233994
173,100000	0,205950
173,110000	0,235907
173,120000	0,195752
173,130000	0,244192
173,140000	0,242280
173,150000	0,235269
173,160000	0,249929
173,170000	0,272236
173,180000	0,250566
173,190000	0,260764
173,200000	0,235907
173,210000	0,252478
173,220000	0,219972
173,230000	0,257577
173,240000	0,237181
173,250000	0,251203
173,260000	0,170258
173,270000	0,256302
173,280000	0,205950
173,290000	0,263313
173,300000	0,330237
173,310000	0,249929
173,320000	0,326413
173,330000	0,230170
173,340000	0,295819
173,350000	0,213599
173,360000	0,235907
173,370000	0,248654
173,380000	0,239093
173,390000	0,182368
173,400000	0,260764
173,410000	0,179181
173,420000	0,277973
173,430000	0,211687
173,440000	0,265225
173,450000	0,221884
173,460000	0,205313
173,470000	0,225071
173,480000	0,246104
173,490000	0,221247
173,500000	0,244830
173,510000	0,226983
173,520000	0,237181
173,530000	0,224434
173,540000	0,246104
173,550000	0,232082
173,560000	0,239731
173,570000	0,247379
173,580000	0,241643
173,590000	0,235269
173,600000	0,248654
173,610000	0,233357
173,620000	0,235907
173,630000	0,232720
173,640000	0,236544
173,650000	0,219972
173,660000	0,239093
173,670000	0,258852
173,680000	0,239731
173,690000	0,241005
173,700000	0,239093
173,710000	0,239731
173,720000	0,246742
173,730000	0,233357
173,740000	0,227621
173,750000	0,232082
173,760000	0,233357
173,770000	0,211049
173,780000	0,233994
173,790000	0,232720
173,800000	0,226983
173,810000	0,227621
173,820000	0,195115
173,830000	0,241643
173,840000	0,233994
173,850000	0,249929
173,860000	0,239731
173,870000	0,237819
173,880000	0,241643
173,890000	0,230170
173,900000	0,223159
173,910000	0,226983
173,920000	0,207225
173,930000	0,228258
173,940000	0,235907
173,950000	0,232082
173,960000	0,224434
173,970000	0,241643
173,980000	0,228258
173,990000	0,238456
174,000000	0,230808
174,010000	0,242280
174,020000	0,246742
174,030000	0,230170
174,040000	0,228896
174,050000	0,209137
174,060000	0,229533
174,070000	0,198939
174,080000	0,224434
174,090000	0,251203
174,100000	0,214236
174,110000	0,220610
174,120000	0,293907
174,130000	0,255028
174,140000	0,255665
174,150000	0,239093
174,160000	0,301555
174,170000	0,226983
174,180000	0,235907
174,190000	0,245467
174,200000	0,251841
174,210000	0,210412
174,220000	0,230808
174,230000	0,221884
174,240000	0,219335
174,250000	0,211687
174,260000	0,279247
174,270000	0,235907
174,280000	0,251203
174,290000	0,244192
174,300000	0,233357
174,310000	0,273511
174,320000	0,237181
174,330000	0,226346
174,340000	0,234632
174,350000	0,208500
174,360000	0,246104
174,370000	0,246104
174,380000	0,246742
174,390000	0,251841
174,400000	0,233994
174,410000	0,259489
174,420000	0,221884
174,430000	0,228896
174,440000	0,224434
174,450000	0,221884
174,460000	0,205313
174,470000	0,235269
174,480000	0,228258
174,490000	0,244830
174,500000	0,196390
174,510000	0,236544
174,520000	0,213599
174,530000	0,235269
174,540000	0,229533
174,550000	0,270962
174,560000	0,226346
174,570000	0,258852
174,580000	0,202763
174,590000	0,177906
174,600000	0,225071
174,610000	0,142214
174,620000	0,253753
174,630000	0,174082
174,640000	0,255028
174,650000	0,201489
174,660000	0,198939
174,670000	0,203401
174,680000	0,290720
174,690000	0,198939
174,700000	0,292632
174,710000	0,195752
174,720000	0,278610
174,730000	0,232720
174,740000	0,263951
174,750000	0,253115
174,760000	0,249929
174,770000	0,255665
174,780000	0,258214
174,790000	0,242918
174,800000	0,253115
174,810000	0,233994
174,820000	0,246742
174,830000	0,232082
174,840000	0,233994
174,850000	0,228258
174,860000	0,231445
174,870000	0,229533
174,880000	0,233994
174,890000	0,232720
174,900000	0,238456
174,910000	0,230808
174,920000	0,239093
174,930000	0,244192
174,940000	0,225709
174,950000	0,228896
174,960000	0,236544
174,970000	0,229533
174,980000	0,226346
174,990000	0,231445
175,000000	0,221247
175,010000	0,238456
175,020000	0,226983
175,030000	0,259489
175,040000	0,237181
175,050000	0,228896
175,060000	0,244192
175,070000	0,242918
175,080000	0,226346
175,090000	0,249929
175,100000	0,237181
175,110000	0,231445
175,120000	0,226346
175,130000	0,240368
175,140000	0,231445
175,150000	0,239093
175,160000	0,231445
175,170000	0,230808
175,180000	0,260126
175,190000	0,233994
175,200000	0,257577
175,210000	0,243555
175,220000	0,259489
175,230000	0,260764
175,240000	0,256302
175,250000	0,237819
175,260000	0,234632
175,270000	0,215511
175,280000	0,242280
175,290000	0,213599
175,300000	0,233994
175,310000	0,267137
175,320000	0,237819
175,330000	0,218698
175,340000	0,241643
175,350000	0,258852
175,360000	0,267775
175,370000	0,233357
175,380000	0,171533
175,390000	0,234632
175,400000	0,215511
175,410000	0,232082
175,420000	0,215511
175,430000	0,230170
175,440000	0,211687
175,450000	0,205950
175,460000	0,244192
175,470000	0,232720
175,480000	0,233357
175,490000	0,261401
175,500000	0,244192
175,510000	0,260126
175,520000	0,221884
175,530000	0,235907
175,540000	0,241005
175,550000	0,196390
175,560000	0,237181
175,570000	0,191291
175,580000	0,241005
175,590000	0,221884
175,600000	0,237181
175,610000	0,243555
175,620000	0,238456
175,630000	0,228258
175,640000	0,255028
175,650000	0,233994
175,660000	0,239093
175,670000	0,232720
175,680000	0,240368
175,690000	0,211687
175,700000	0,207862
175,710000	0,242280
175,720000	0,244830
175,730000	0,240368
175,740000	0,265863
175,750000	0,262039
175,760000	0,237181
175,770000	0,257577
175,780000	0,232082
175,790000	0,267137
175,800000	0,228896
175,810000	0,246104
175,820000	0,234632
175,830000	0,244830
175,840000	0,212324
175,850000	0,246104
175,860000	0,198302
175,870000	0,261401
175,880000	0,321314
175,890000	0,248654
175,900000	0,338522
175,910000	0,245467
175,920000	0,267137
175,930000	0,225709
175,940000	0,245467
175,950000	0,255028
175,960000	0,250566
175,970000	0,192566
175,980000	0,252478
175,990000	0,183005
176,000000	0,278610
176,010000	0,207225
176,020000	0,248016
176,030000	0,238456
176,040000	0,214236
176,050000	0,225071
176,060000	0,217423
176,070000	0,223797
176,080000	0,226983
176,090000	0,233357
176,100000	0,244192
176,110000	0,246742
176,120000	0,234632
176,130000	0,237181
176,140000	0,242918
176,150000	0,230170
176,160000	0,254390
176,170000	0,234632
176,180000	0,229533
176,190000	0,236544
176,200000	0,251841
176,210000	0,236544
176,220000	0,235907
176,230000	0,248016
176,240000	0,233357
176,250000	0,238456
176,260000	0,250566
176,270000	0,241643
176,280000	0,255665
176,290000	0,245467
176,300000	0,244830
176,310000	0,238456
176,320000	0,244830
176,330000	0,216148
176,340000	0,238456
176,350000	0,234632
176,360000	0,237181
176,370000	0,225709
176,380000	0,233357
176,390000	0,230808
176,400000	0,232082
176,410000	0,232720
176,420000	0,250566
176,430000	0,239731
176,440000	0,228896
176,450000	0,234632
176,460000	0,236544
176,470000	0,235269
176,480000	0,229533
176,490000	0,237181
176,500000	0,223797
176,510000	0,220610
176,520000	0,225071
176,530000	0,266500
176,540000	0,241005
176,550000	0,248016
176,560000	0,235269
176,570000	0,272874
176,580000	0,234632
176,590000	0,226346
176,600000	0,247379
176,610000	0,225071
176,620000	0,230808
176,630000	0,228258
176,640000	0,227621
176,650000	0,231445
176,660000	0,205313
176,670000	0,238456
176,680000	0,245467
176,690000	0,296456
176,700000	0,251203
176,710000	0,299643
176,720000	0,246104
176,730000	0,224434
176,740000	0,238456
176,750000	0,188104
176,760000	0,228896
176,770000	0,212324
176,780000	0,251841
176,790000	0,244192
176,800000	0,205950
176,810000	0,236544
176,820000	0,232082
176,830000	0,250566
176,840000	0,248654
176,850000	0,270962
176,860000	0,230170
176,870000	0,229533
176,880000	0,233357
176,890000	0,236544
176,900000	0,246104
176,910000	0,241005
176,920000	0,258852
176,930000	0,232720
176,940000	0,239731
176,950000	0,253115
176,960000	0,241643
176,970000	0,267775
176,980000	0,244830
176,990000	0,260126
177,000000	0,230170
177,010000	0,223797
177,020000	0,239093
177,030000	0,225709
177,040000	0,197665
177,050000	0,229533
177,060000	0,272236
177,070000	0,247379
177,080000	0,244830
177,090000	0,247379
177,100000	0,238456
177,110000	0,233994
177,120000	0,234632
177,130000	0,262676
177,140000	0,214873
177,150000	0,223797
177,160000	0,214236
177,170000	0,143488
177,180000	0,221884
177,190000	0,164522
177,200000	0,244830
177,210000	0,216148
177,220000	0,244192
177,230000	0,229533
177,240000	0,236544
177,250000	0,234632
177,260000	0,279885
177,270000	0,223797
177,280000	0,246104
177,290000	0,214873
177,300000	0,252478
177,310000	0,228258
177,320000	0,243555
177,330000	0,244192
177,340000	0,249929
177,350000	0,244192
177,360000	0,249929
177,370000	0,235907
177,380000	0,233357
177,390000	0,234632
177,400000	0,238456
177,410000	0,228896
177,420000	0,239731
177,430000	0,227621
177,440000	0,228896
177,450000	0,233357
177,460000	0,234632
177,470000	0,240368
177,480000	0,237181
177,490000	0,244192
177,500000	0,231445
177,510000	0,234632
177,520000	0,232082
177,530000	0,234632
177,540000	0,231445
177,550000	0,237181
177,560000	0,231445
177,570000	0,229533
177,580000	0,241643
177,590000	0,248654
177,600000	0,240368
177,610000	0,251203
177,620000	0,240368
177,630000	0,244830
177,640000	0,247379
177,650000	0,254390
177,660000	0,241643
177,670000	0,234632
177,680000	0,234632
177,690000	0,241643
177,700000	0,239731
177,710000	0,245467
177,720000	0,248016
177,730000	0,244192
177,740000	0,248654
177,750000	0,242280
177,760000	0,247379
177,770000	0,244830
177,780000	0,244830
177,790000	0,230170
177,800000	0,237819
177,810000	0,237181
177,820000	0,233357
177,830000	0,237181
177,840000	0,221247
177,850000	0,231445
177,860000	0,248654
177,870000	0,233357
177,880000	0,251203
177,890000	0,239093
177,900000	0,229533
177,910000	0,241643
177,920000	0,221247
177,930000	0,240368
177,940000	0,233357
177,950000	0,217423
177,960000	0,234632
177,970000	0,205313
177,980000	0,224434
177,990000	0,235907
178,000000	0,224434
178,010000	0,239731
178,020000	0,238456
178,030000	0,218698
178,040000	0,256302
178,050000	0,247379
178,060000	0,246104
178,070000	0,234632
178,080000	0,239731
178,090000	0,220610
178,100000	0,244192
178,110000	0,224434
178,120000	0,236544
178,130000	0,235269
178,140000	0,237181
178,150000	0,242280
178,160000	0,242280
178,170000	0,240368
178,180000	0,234632
178,190000	0,229533
178,200000	0,225071
178,210000	0,225709
178,220000	0,213599
178,230000	0,235269
178,240000	0,212961
178,250000	0,233994
178,260000	0,226983
178,270000	0,241643
178,280000	0,251203
178,290000	0,249291
178,300000	0,253753
178,310000	0,253115
178,320000	0,234632
178,330000	0,217423
178,340000	0,241643
178,350000	0,219972
178,360000	0,242280
178,370000	0,219335
178,380000	0,241643
178,390000	0,225071
178,400000	0,257577
178,410000	0,253753
178,420000	0,279247
178,430000	0,252478
178,440000	0,287533
178,450000	0,242280
178,460000	0,239731
178,470000	0,235269
178,480000	0,225071
178,490000	0,227621
178,500000	0,223797
178,510000	0,223797
178,520000	0,225071
178,530000	0,221247
178,540000	0,237181
178,550000	0,237181
178,560000	0,235269
178,570000	0,233357
178,580000	0,239093
178,590000	0,228258
178,600000	0,239731
178,610000	0,234632
178,620000	0,230170
178,630000	0,233357
178,640000	0,239731
178,650000	0,238456
178,660000	0,235907
178,670000	0,239093
178,680000	0,235269
178,690000	0,238456
178,700000	0,235269
178,710000	0,227621
178,720000	0,236544
178,730000	0,236544
178,740000	0,242280
178,750000	0,232720
178,760000	0,235907
178,770000	0,232720
178,780000	0,219972
178,790000	0,234632
178,800000	0,233357
178,810000	0,231445
178,820000	0,233357
178,830000	0,227621
178,840000	0,235269
178,850000	0,226983
178,860000	0,235907
178,870000	0,230170
178,880000	0,226983
178,890000	0,228258
178,900000	0,230808
178,910000	0,232082
178,920000	0,232082
178,930000	0,228896
178,940000	0,239093
178,950000	0,233994
178,960000	0,233357
178,970000	0,228258
178,980000	0,232082
178,990000	0,231445
179,000000	0,226983
179,010000	0,236544
179,020000	0,233994
179,030000	0,238456
179,040000	0,238456
179,050000	0,232082
179,060000	0,233357
179,070000	0,237819
179,080000	0,235269
179,090000	0,242280
179,100000	0,238456
179,110000	0,238456
179,120000	0,242280
179,130000	0,241643
179,140000	0,238456
179,150000	0,242918
179,160000	0,235269
179,170000	0,245467
179,180000	0,239731
179,190000	0,242280
179,200000	0,241643
179,210000	0,235907
179,220000	0,237181
179,230000	0,232082
179,240000	0,235907
179,250000	0,232082
179,260000	0,237181
179,270000	0,237819
179,280000	0,231445
179,290000	0,239093
179,300000	0,239731
179,310000	0,240368
179,320000	0,233994
179,330000	0,238456
179,340000	0,236544
179,350000	0,239731
179,360000	0,242918
179,370000	0,235269
179,380000	0,235269
179,390000	0,233357
179,400000	0,238456
179,410000	0,239093
179,420000	0,238456
179,430000	0,239093
179,440000	0,229533
179,450000	0,242280
179,460000	0,235907
179,470000	0,242280
179,480000	0,235907
179,490000	0,238456
179,500000	0,242280
179,510000	0,230808
179,520000	0,239093
179,530000	0,242280
179,540000	0,241005
179,550000	0,236544
179,560000	0,234632
179,570000	0,230808
179,580000	0,243555
179,590000	0,237181
179,600000	0,225709
179,610000	0,237819
179,620000	0,222522
179,630000	0,235907
179,640000	0,243555
179,650000	0,239731
179,660000	0,237819
179,670000	0,223797
179,680000	0,232082
179,690000	0,226983
179,700000	0,237181
179,710000	0,241643
179,720000	0,229533
179,730000	0,246742
179,740000	0,228896
179,750000	0,235907
179,760000	0,237181
179,770000	0,236544
179,780000	0,246104
179,790000	0,245467
179,800000	0,242280
179,810000	0,247379
179,820000	0,236544
179,830000	0,237819
179,840000	0,238456
179,850000	0,236544
179,860000	0,232082
179,870000	0,233357
179,880000	0,236544
179,890000	0,228258
179,900000	0,237181
179,910000	0,232082
179,920000	0,242918
179,930000	0,239731
179,940000	0,232082
179,950000	0,233357
179,960000	0,227621
179,970000	0,230170
179,980000	0,231445
179,990000	0,228896
180,000000	0,230808
180,010000	0,236544
180,020000	0,238456
180,030000	0,232720
180,040000	0,236544
180,050000	0,246104
180,060000	0,237819
180,070000	0,241643
180,080000	0,235269
180,090000	0,236544
180,100000	0,231445
180,110000	0,237181
180,120000	0,239093
180,130000	0,235907
180,140000	0,234632
180,150000	0,233994
180,160000	0,239093
180,170000	0,239093
180,180000	0,236544
180,190000	0,242280
180,200000	0,235907
180,210000	0,235907
180,220000	0,237819
180,230000	0,242918
180,240000	0,236544
180,250000	0,237819
180,260000	0,230808
180,270000	0,236544
180,280000	0,237181
180,290000	0,239731
180,300000	0,240368
180,310000	0,237819
180,320000	0,237819
180,330000	0,239731
180,340000	0,241005
180,350000	0,231445
180,360000	0,239731
180,370000	0,235269
180,380000	0,237819
180,390000	0,238456
180,400000	0,237181
180,410000	0,231445
180,420000	0,235269
180,430000	0,231445
180,440000	0,241643
180,450000	0,231445
180,460000	0,238456
180,470000	0,238456
180,480000	0,239731
180,490000	0,235907
180,500000	0,235269
180,510000	0,228896
180,520000	0,232082
180,530000	0,239093
180,540000	0,230170
180,550000	0,236544
180,560000	0,238456
180,570000	0,239731
180,580000	0,234632
180,590000	0,230808
180,600000	0,231445
180,610000	0,243555
180,620000	0,241643
180,630000	0,230170
180,640000	0,243555
180,650000	0,235269
180,660000	0,237181
180,670000	0,235269
180,680000	0,239731
180,690000	0,237181
180,700000	0,232082
180,710000	0,233994
180,720000	0,229533
180,730000	0,230170
180,740000	0,228258
180,750000	0,232082
180,760000	0,236544
180,770000	0,238456
180,780000	0,235269
180,790000	0,237181
180,800000	0,239093
180,810000	0,228258
180,820000	0,239731
180,830000	0,233357
180,840000	0,237819
180,850000	0,234632
180,860000	0,242280
180,870000	0,234632
180,880000	0,235907
180,890000	0,237181
180,900000	0,233994
180,910000	0,240368
180,920000	0,239093
180,930000	0,235269
180,940000	0,237819
180,950000	0,232720
180,960000	0,236544
180,970000	0,233994
180,980000	0,239731
180,990000	0,226983
181,000000	0,231445
181,010000	0,237819
181,020000	0,232082
181,030000	0,232082
181,040000	0,238456
181,050000	0,233357
181,060000	0,236544
181,070000	0,232082
181,080000	0,239731
181,090000	0,226346
181,100000	0,233994
181,110000	0,226983
181,120000	0,231445
181,130000	0,235269
181,140000	0,235269
181,150000	0,235269
181,160000	0,240368
181,170000	0,235269
181,180000	0,233994
181,190000	0,232720
181,200000	0,234632
181,210000	0,242280
181,220000	0,242918
181,230000	0,243555
181,240000	0,239731
181,250000	0,239731
181,260000	0,234632
181,270000	0,236544
181,280000	0,241643
181,290000	0,233994
181,300000	0,235907
181,310000	0,231445
181,320000	0,234632
181,330000	0,233994
181,340000	0,234632
181,350000	0,237181
181,360000	0,231445
181,370000	0,230170
181,380000	0,235907
181,390000	0,236544
181,400000	0,242918
181,410000	0,231445
181,420000	0,231445
181,430000	0,238456
181,440000	0,235907
181,450000	0,233994
181,460000	0,235269
181,470000	0,240368
181,480000	0,239731
181,490000	0,238456
181,500000	0,241005
181,510000	0,247379
181,520000	0,232720
181,530000	0,234632
181,540000	0,239731
181,550000	0,233357
181,560000	0,235907
181,570000	0,234632
181,580000	0,235907
181,590000	0,236544
181,600000	0,230808
181,610000	0,239731
181,620000	0,231445
181,630000	0,234632
181,640000	0,236544
181,650000	0,234632
181,660000	0,238456
181,670000	0,235907
181,680000	0,226346
181,690000	0,235269
181,700000	0,236544
181,710000	0,236544
181,720000	0,234632
181,730000	0,237181
181,740000	0,236544
181,750000	0,239731
181,760000	0,232720
181,770000	0,242280
181,780000	0,233357
181,790000	0,237819
181,800000	0,237181
181,810000	0,233994
181,820000	0,237181
181,830000	0,239093
181,840000	0,233994
181,850000	0,239731
181,860000	0,240368
181,870000	0,240368
181,880000	0,232082
181,890000	0,239731
181,900000	0,235269
181,910000	0,241005
181,920000	0,233357
181,930000	0,237181
181,940000	0,237819
181,950000	0,243555
181,960000	0,238456
181,970000	0,232720
181,980000	0,240368
181,990000	0,244830
182,000000	0,239093
182,010000	0,239093
182,020000	0,239731
182,030000	0,237181
182,040000	0,245467
182,050000	0,235269
182,060000	0,237181
182,070000	0,235269
182,080000	0,239093
182,090000	0,234632
182,100000	0,246742
182,110000	0,237181
182,120000	0,234632
182,130000	0,242280
182,140000	0,238456
182,150000	0,233994
182,160000	0,246104
182,170000	0,237181
182,180000	0,239093
182,190000	0,237181
182,200000	0,239731
182,210000	0,234632
182,220000	0,242280
182,230000	0,232082
182,240000	0,241643
182,250000	0,234632
182,260000	0,241005
182,270000	0,236544
182,280000	0,238456
182,290000	0,237819
182,300000	0,233357
182,310000	0,232082
182,320000	0,239731
182,330000	0,230170
182,340000	0,236544
182,350000	0,240368
182,360000	0,236544
182,370000	0,237181
182,380000	0,236544
182,390000	0,237181
182,400000	0,236544
182,410000	0,232720
182,420000	0,234632
182,430000	0,226983
182,440000	0,242918
182,450000	0,231445
182,460000	0,240368
182,470000	0,229533
182,480000	0,236544
182,490000	0,229533
182,500000	0,238456
182,510000	0,237181
182,520000	0,225709
182,530000	0,223159
182,540000	0,237819
182,550000	0,231445
182,560000	0,241005
182,570000	0,228258
182,580000	0,237819
182,590000	0,237819
182,600000	0,236544
182,610000	0,231445
182,620000	0,239731
182,630000	0,230808
182,640000	0,238456
182,650000	0,239093
182,660000	0,245467
182,670000	0,238456
182,680000	0,239731
182,690000	0,237819
182,700000	0,236544
182,710000	0,233994
182,720000	0,236544
182,730000	0,232082
182,740000	0,233357
182,750000	0,238456
182,760000	0,234632
182,770000	0,239093
182,780000	0,230170
182,790000	0,231445
182,800000	0,234632
182,810000	0,231445
182,820000	0,241005
182,830000	0,231445
182,840000	0,236544
182,850000	0,235269
182,860000	0,233994
182,870000	0,239731
182,880000	0,229533
182,890000	0,241643
182,900000	0,230808
182,910000	0,239731
182,920000	0,226346
182,930000	0,235269
182,940000	0,241643
182,950000	0,234632
182,960000	0,239093
182,970000	0,228258
182,980000	0,235907
182,990000	0,237181
183,000000	0,226983
183,010000	0,228896
183,020000	0,234632
183,030000	0,225071
183,040000	0,234632
183,050000	0,238456
183,060000	0,230808
183,070000	0,228896
183,080000	0,229533
183,090000	0,239731
183,100000	0,230170
183,110000	0,231445
183,120000	0,231445
183,130000	0,232720
183,140000	0,237819
183,150000	0,242918
183,160000	0,231445
183,170000	0,241005
183,180000	0,229533
183,190000	0,231445
183,200000	0,237181
183,210000	0,246104
183,220000	0,225709
183,230000	0,232082
183,240000	0,223797
183,250000	0,235269
183,260000	0,232720
183,270000	0,239093
183,280000	0,233994
183,290000	0,238456
183,300000	0,233994
183,310000	0,233994
183,320000	0,228258
183,330000	0,238456
183,340000	0,230808
183,350000	0,236544
183,360000	0,238456
183,370000	0,231445
183,380000	0,232720
183,390000	0,239731
183,400000	0,233994
183,410000	0,234632
183,420000	0,233357
183,430000	0,231445
183,440000	0,239093
183,450000	0,246104
183,460000	0,240368
183,470000	0,236544
183,480000	0,228258
183,490000	0,230808
183,500000	0,237819
183,510000	0,232082
183,520000	0,242918
183,530000	0,239093
183,540000	0,232082
183,550000	0,236544
183,560000	0,239731
183,570000	0,237181
183,580000	0,231445
183,590000	0,237819
183,600000	0,239093
183,610000	0,235907
183,620000	0,240368
183,630000	0,237181
183,640000	0,235269
183,650000	0,235269
183,660000	0,245467
183,670000	0,239731
183,680000	0,241643
183,690000	0,232720
183,700000	0,232720
183,710000	0,233357
183,720000	0,238456
183,730000	0,237181
183,740000	0,244192
183,750000	0,237181
183,760000	0,237181
183,770000	0,237819
183,780000	0,232082
183,790000	0,247379
183,800000	0,238456
183,810000	0,229533
183,820000	0,237181
183,830000	0,241643
183,840000	0,235907
183,850000	0,234632
183,860000	0,235907
183,870000	0,241643
183,880000	0,239093
183,890000	0,234632
183,900000	0,242280
183,910000	0,233994
183,920000	0,236544
183,930000	0,242918
183,940000	0,237819
183,950000	0,237181
183,960000	0,237181
183,970000	0,239731
183,980000	0,243555
183,990000	0,226983
184,000000	0,239731
184,010000	0,242280
184,020000	0,242918
184,030000	0,237819
184,040000	0,239731
184,050000	0,242280
184,060000	0,233357
184,070000	0,231445
184,080000	0,239731
184,090000	0,236544
184,100000	0,239093
184,110000	0,239731
184,120000	0,238456
184,130000	0,244192
184,140000	0,238456
184,150000	0,235907
184,160000	0,236544
184,170000	0,235907
184,180000	0,235907
184,190000	0,235907
184,200000	0,237819
184,210000	0,233357
184,220000	0,240368
184,230000	0,237181
184,240000	0,241005
184,250000	0,231445
184,260000	0,241005
184,270000	0,234632
184,280000	0,237181
184,290000	0,241005
184,300000	0,233994
184,310000	0,225709
184,320000	0,240368
184,330000	0,236544
184,340000	0,237181
184,350000	0,225071
184,360000	0,237819
184,370000	0,230170
184,380000	0,242280
184,390000	0,244192
184,400000	0,241643
184,410000	0,237819
184,420000	0,229533
184,430000	0,234632
184,440000	0,230170
184,450000	0,239093
184,460000	0,239093
184,470000	0,233994
184,480000	0,235269
184,490000	0,232720
184,500000	0,236544
184,510000	0,242918
184,520000	0,236544
184,530000	0,238456
184,540000	0,233357
184,550000	0,239731
184,560000	0,234632
184,570000	0,236544
184,580000	0,244192
184,590000	0,224434
184,600000	0,240368
184,610000	0,225709
184,620000	0,237181
184,630000	0,232082
184,640000	0,237181
184,650000	0,231445
184,660000	0,238456
184,670000	0,225709
184,680000	0,234632
184,690000	0,239731
184,700000	0,229533
184,710000	0,233994
184,720000	0,237181
184,730000	0,239731
184,740000	0,233994
184,750000	0,233357
184,760000	0,231445
184,770000	0,232082
184,780000	0,232082
184,790000	0,235269
184,800000	0,237181
184,810000	0,241005
184,820000	0,232720
184,830000	0,238456
184,840000	0,235269
184,850000	0,240368
184,860000	0,235269
184,870000	0,232720
184,880000	0,232720
184,890000	0,233357
184,900000	0,235907
184,910000	0,235907
184,920000	0,230170
184,930000	0,232720
184,940000	0,233357
184,950000	0,236544
184,960000	0,232082
184,970000	0,231445
184,980000	0,233357
184,990000	0,230808
185,000000	0,226983
185,010000	0,234632
185,020000	0,230170
185,030000	0,237819
185,040000	0,237819
185,050000	0,226983
185,060000	0,233994
185,070000	0,232720
185,080000	0,239093
185,090000	0,234632
185,100000	0,226983
185,110000	0,233994
185,120000	0,232082
185,130000	0,241643
185,140000	0,225071
185,150000	0,234632
185,160000	0,233357
185,170000	0,240368
185,180000	0,228258
185,190000	0,226346
185,200000	0,230808
185,210000	0,246104
185,220000	0,229533
185,230000	0,241643
185,240000	0,235907
185,250000	0,233357
185,260000	0,227621
185,270000	0,232720
185,280000	0,225709
185,290000	0,228896
185,300000	0,234632
185,310000	0,228258
185,320000	0,227621
185,330000	0,240368
185,340000	0,239731
185,350000	0,233994
185,360000	0,233994
185,370000	0,231445
185,380000	0,234632
185,390000	0,238456
185,400000	0,242280
185,410000	0,233357
185,420000	0,237181
185,430000	0,232720
185,440000	0,239731
185,450000	0,233357
185,460000	0,241005
185,470000	0,234632
185,480000	0,236544
185,490000	0,228896
185,500000	0,235269
185,510000	0,228258
185,520000	0,239093
185,530000	0,221247
185,540000	0,241005
185,550000	0,234632
185,560000	0,236544
185,570000	0,239093
185,580000	0,230808
185,590000	0,237181
185,600000	0,235907
185,610000	0,230170
185,620000	0,235907
185,630000	0,235269
185,640000	0,237181
185,650000	0,233357
185,660000	0,234632
185,670000	0,230170
185,680000	0,230170
185,690000	0,242280
185,700000	0,240368
185,710000	0,235907
185,720000	0,233994
185,730000	0,233357
185,740000	0,237181
185,750000	0,239731
185,760000	0,233994
185,770000	0,241005
185,780000	0,228258
185,790000	0,231445
185,800000	0,233357
185,810000	0,234632
185,820000	0,237181
185,830000	0,240368
185,840000	0,233994
185,850000	0,234632
185,860000	0,235907
185,870000	0,232720
185,880000	0,232082
185,890000	0,238456
185,900000	0,233994
185,910000	0,230808
185,920000	0,244192
185,930000	0,232082
185,940000	0,241005
185,950000	0,232720
185,960000	0,245467
185,970000	0,235269
185,980000	0,236544
185,990000	0,237181
186,000000	0,240368
186,010000	0,226983
186,020000	0,229533
186,030000	0,238456
186,040000	0,241005
186,050000	0,244192
186,060000	0,238456
186,070000	0,234632
186,080000	0,239093
186,090000	0,239731
186,100000	0,240368
186,110000	0,237181
186,120000	0,229533
186,130000	0,246742
186,140000	0,233994
186,150000	0,241643
186,160000	0,234632
186,170000	0,225709
186,180000	0,242280
186,190000	0,246742
186,200000	0,234632
186,210000	0,244192
186,220000	0,237819
186,230000	0,232082
186,240000	0,237181
186,250000	0,226983
186,260000	0,237181
186,270000	0,247379
186,280000	0,233994
186,290000	0,233357
186,300000	0,234632
186,310000	0,237181
186,320000	0,238456
186,330000	0,242918
186,340000	0,235269
186,350000	0,234632
186,360000	0,238456
186,370000	0,229533
186,380000	0,239731
186,390000	0,239093
186,400000	0,238456
186,410000	0,239731
186,420000	0,235907
186,430000	0,241643
186,440000	0,233357
186,450000	0,228896
186,460000	0,237181
186,470000	0,231445
186,480000	0,239093
186,490000	0,235269
186,500000	0,235907
186,510000	0,235907
186,520000	0,239093
186,530000	0,229533
186,540000	0,243555
186,550000	0,230808
186,560000	0,232720
186,570000	0,226983
186,580000	0,236544
186,590000	0,230808
186,600000	0,237819
186,610000	0,235907
186,620000	0,230170
186,630000	0,236544
186,640000	0,230808
186,650000	0,233357
186,660000	0,238456
186,670000	0,235269
186,680000	0,239731
186,690000	0,229533
186,700000	0,233994
186,710000	0,235907
186,720000	0,239731
186,730000	0,228896
186,740000	0,235269
186,750000	0,226346
186,760000	0,229533
186,770000	0,235269
186,780000	0,238456
186,790000	0,233357
186,800000	0,237819
186,810000	0,233357
186,820000	0,237181
186,830000	0,223159
186,840000	0,233994
186,850000	0,234632
186,860000	0,237181
186,870000	0,232082
186,880000	0,235269
186,890000	0,234632
186,900000	0,233357
186,910000	0,232082
186,920000	0,234632
186,930000	0,230808
186,940000	0,239093
186,950000	0,228258
186,960000	0,229533
186,970000	0,241005
186,980000	0,235269
186,990000	0,228896
187,000000	0,237181
187,010000	0,228258
187,020000	0,233994
187,030000	0,232720
187,040000	0,230170
187,050000	0,227621
187,060000	0,234632
187,070000	0,245467
187,080000	0,235907
187,090000	0,235907
187,100000	0,234632
187,110000	0,234632
187,120000	0,236544
187,130000	0,232720
187,140000	0,237181
187,150000	0,225709
187,160000	0,234632
187,170000	0,226346
187,180000	0,232082
187,190000	0,235907
187,200000	0,233357
187,210000	0,233357
187,220000	0,229533
187,230000	0,232720
187,240000	0,225071
187,250000	0,239731
187,260000	0,233994
187,270000	0,242280
187,280000	0,234632
187,290000	0,238456
187,300000	0,234632
187,310000	0,230170
187,320000	0,237181
187,330000	0,238456
187,340000	0,233357
187,350000	0,234632
187,360000	0,236544
187,370000	0,230808
187,380000	0,232082
187,390000	0,233994
187,400000	0,235907
187,410000	0,235269
187,420000	0,236544
187,430000	0,228258
187,440000	0,233357
187,450000	0,232082
187,460000	0,238456
187,470000	0,228258
187,480000	0,239731
187,490000	0,233994
187,500000	0,229533
187,510000	0,237819
187,520000	0,230170
187,530000	0,231445
187,540000	0,235907
187,550000	0,241005
187,560000	0,237181
187,570000	0,237181
187,580000	0,230170
187,590000	0,239093
187,600000	0,233357
187,610000	0,237819
187,620000	0,235907
187,630000	0,231445
187,640000	0,229533
187,650000	0,234632
187,660000	0,232082
187,670000	0,231445
187,680000	0,233357
187,690000	0,239731
187,700000	0,235269
187,710000	0,240368
187,720000	0,237181
187,730000	0,226983
187,740000	0,237181
187,750000	0,237819
187,760000	0,234632
187,770000	0,242918
187,780000	0,235907
187,790000	0,238456
187,800000	0,240368
187,810000	0,234632
187,820000	0,241005
187,830000	0,228896
187,840000	0,236544
187,850000	0,230170
187,860000	0,233994
187,870000	0,241005
187,880000	0,242280
187,890000	0,247379
187,900000	0,234632
187,910000	0,244830
187,920000	0,233994
187,930000	0,239731
187,940000	0,233994
187,950000	0,235269
187,960000	0,239093
187,970000	0,229533
187,980000	0,244192
187,990000	0,234632
188,000000	0,239731
188,010000	0,232720
188,020000	0,233994
188,030000	0,227621
188,040000	0,238456
188,050000	0,245467
188,060000	0,237819
188,070000	0,242918
188,080000	0,235269
188,090000	0,232720
188,100000	0,233357
188,110000	0,240368
188,120000	0,234632
188,130000	0,237819
188,140000	0,232082
188,150000	0,237181
188,160000	0,235269
188,170000	0,239093
188,180000	0,238456
188,190000	0,239731
188,200000	0,237819
188,210000	0,237819
188,220000	0,237819
188,230000	0,237819
188,240000	0,242280
188,250000	0,239731
188,260000	0,242280
188,270000	0,239731
188,280000	0,237181
188,290000	0,232082
188,300000	0,236544
188,310000	0,229533
188,320000	0,237181
188,330000	0,232082
188,340000	0,235907
188,350000	0,233994
188,360000	0,234632
188,370000	0,235907
188,380000	0,238456
188,390000	0,237181
188,400000	0,241005
188,410000	0,230170
188,420000	0,239731
188,430000	0,229533
188,440000	0,235269
188,450000	0,228896
188,460000	0,239731
188,470000	0,227621
188,480000	0,244830
188,490000	0,231445
188,500000	0,236544
188,510000	0,232082
188,520000	0,233994
188,530000	0,233357
188,540000	0,241643
188,550000	0,225071
188,560000	0,237819
188,570000	0,241643
188,580000	0,231445
188,590000	0,230170
188,600000	0,239731
188,610000	0,225709
188,620000	0,239093
188,630000	0,237181
188,640000	0,239093
188,650000	0,230170
188,660000	0,241643
188,670000	0,230808
188,680000	0,234632
188,690000	0,237181
188,700000	0,238456
188,710000	0,226346
188,720000	0,232082
188,730000	0,231445
188,740000	0,233357
188,750000	0,236544
188,760000	0,238456
188,770000	0,230170
188,780000	0,234632
188,790000	0,231445
188,800000	0,235907
188,810000	0,231445
188,820000	0,243555
188,830000	0,234632
188,840000	0,239093
188,850000	0,230808
188,860000	0,239093
188,870000	0,232720
188,880000	0,235907
188,890000	0,232082
188,900000	0,235907
188,910000	0,238456
188,920000	0,232720
188,930000	0,230170
188,940000	0,239093
188,950000	0,228258
188,960000	0,234632
188,970000	0,228258
188,980000	0,233357
188,990000	0,238456
189,000000	0,235907
189,010000	0,231445
189,020000	0,232082
189,030000	0,230808
189,040000	0,239731
189,050000	0,238456
189,060000	0,231445
189,070000	0,232082
189,080000	0,232082
189,090000	0,231445
189,100000	0,234632
189,110000	0,231445
189,120000	0,238456
189,130000	0,238456
189,140000	0,234632
189,150000	0,228896
189,160000	0,237181
189,170000	0,237181
189,180000	0,227621
189,190000	0,231445
189,200000	0,230170
189,210000	0,233357
189,220000	0,230808
189,230000	0,233994
189,240000	0,233357
189,250000	0,234632
189,260000	0,229533
189,270000	0,228896
189,280000	0,235907
189,290000	0,229533
189,300000	0,232082
189,310000	0,242918
189,320000	0,232082
189,330000	0,226346
189,340000	0,232082
189,350000	0,228896
189,360000	0,237181
189,370000	0,239731
189,380000	0,233994
189,390000	0,236544
189,400000	0,230808
189,410000	0,228896
189,420000	0,232082
189,430000	0,235907
189,440000	0,233994
189,450000	0,228896
189,460000	0,236544
189,470000	0,237181
189,480000	0,237181
189,490000	0,228258
189,500000	0,234632
189,510000	0,235269
189,520000	0,237181
189,530000	0,237819
189,540000	0,235269
189,550000	0,229533
189,560000	0,237819
189,570000	0,233357
189,580000	0,239093
189,590000	0,228896
189,600000	0,236544
189,610000	0,229533
189,620000	0,236544
189,630000	0,234632
189,640000	0,236544
189,650000	0,240368
189,660000	0,234632
189,670000	0,225709
189,680000	0,236544
189,690000	0,241643
189,700000	0,235269
189,710000	0,234632
189,720000	0,237819
189,730000	0,237819
189,740000	0,237181
189,750000	0,246742
189,760000	0,238456
189,770000	0,237181
189,780000	0,239093
189,790000	0,241005
189,800000	0,231445
189,810000	0,236544
189,820000	0,238456
189,830000	0,228896
189,840000	0,244192
189,850000	0,238456
189,860000	0,241005
189,870000	0,230808
189,880000	0,236544
189,890000	0,232082
189,900000	0,239731
189,910000	0,225071
189,920000	0,234632
189,930000	0,237181
189,940000	0,239093
189,950000	0,243555
189,960000	0,233994
189,970000	0,230170
189,980000	0,239093
189,990000	0,245467
190,000000	0,234632
190,010000	0,230808
190,020000	0,237819
190,030000	0,236544
190,040000	0,237181
190,050000	0,232082
190,060000	0,235907
190,070000	0,233357
190,080000	0,236544
190,090000	0,235907
190,100000	0,239093
190,110000	0,231445
190,120000	0,233994
190,130000	0,237181
190,140000	0,233357
190,150000	0,239093
190,160000	0,240368
190,170000	0,230808
190,180000	0,242280
190,190000	0,239093
190,200000	0,236544
190,210000	0,230808
190,220000	0,233357
190,230000	0,232720
190,240000	0,237181
190,250000	0,239093
190,260000	0,231445
190,270000	0,234632
190,280000	0,234632
190,290000	0,244192
190,300000	0,234632
190,310000	0,234632
190,320000	0,235269
190,330000	0,235269
190,340000	0,235269
190,350000	0,242280
190,360000	0,234632
190,370000	0,233994
190,380000	0,232082
190,390000	0,232082
190,400000	0,237819
190,410000	0,235907
190,420000	0,230808
190,430000	0,233994
190,440000	0,241005
190,450000	0,242280
190,460000	0,229533
190,470000	0,228896
190,480000	0,235269
190,490000	0,233357
190,500000	0,234632
190,510000	0,230170
190,520000	0,237181
190,530000	0,238456
190,540000	0,233357
190,550000	0,233994
190,560000	0,237181
190,570000	0,242280
190,580000	0,233994
190,590000	0,232082
190,600000	0,233994
190,610000	0,236544
190,620000	0,236544
190,630000	0,236544
190,640000	0,237819
190,650000	0,230808
190,660000	0,236544
190,670000	0,234632
190,680000	0,235907
190,690000	0,238456
190,700000	0,231445
190,710000	0,238456
190,720000	0,238456
190,730000	0,231445
190,740000	0,235269
190,750000	0,232720
190,760000	0,230808
190,770000	0,233994
190,780000	0,241005
190,790000	0,234632
190,800000	0,233357
190,810000	0,229533
190,820000	0,237181
190,830000	0,235907
190,840000	0,235269
190,850000	0,232720
190,860000	0,238456
190,870000	0,229533
190,880000	0,238456
190,890000	0,235269
190,900000	0,232720
190,910000	0,228258
190,920000	0,230170
190,930000	0,229533
190,940000	0,233994
190,950000	0,230808
190,960000	0,239731
190,970000	0,229533
190,980000	0,235907
190,990000	0,228896
191,000000	0,235907
191,010000	0,226346
191,020000	0,239093
191,030000	0,234632
191,040000	0,232082
191,050000	0,231445
191,060000	0,228896
191,070000	0,232082
191,080000	0,234632
191,090000	0,242280
191,100000	0,233994
191,110000	0,227621
191,120000	0,238456
191,130000	0,234632
191,140000	0,229533
191,150000	0,239731
191,160000	0,238456
191,170000	0,225709
191,180000	0,233357
191,190000	0,225709
191,200000	0,232720
191,210000	0,240368
191,220000	0,236544
191,230000	0,232082
191,240000	0,237181
191,250000	0,228258
191,260000	0,237819
191,270000	0,228896
191,280000	0,233994
191,290000	0,233357
191,300000	0,237819
191,310000	0,226346
191,320000	0,234632
191,330000	0,231445
191,340000	0,236544
191,350000	0,228258
191,360000	0,236544
191,370000	0,235907
191,380000	0,235907
191,390000	0,234632
191,400000	0,231445
191,410000	0,224434
191,420000	0,229533
191,430000	0,234632
191,440000	0,226983
191,450000	0,229533
191,460000	0,233357
191,470000	0,234632
191,480000	0,234632
191,490000	0,236544
191,500000	0,237819
191,510000	0,225709
191,520000	0,235907
191,530000	0,236544
191,540000	0,232082
191,550000	0,239731
191,560000	0,239731
191,570000	0,231445
191,580000	0,242280
191,590000	0,228258
191,600000	0,238456
191,610000	0,235907
191,620000	0,238456
191,630000	0,229533
191,640000	0,241005
191,650000	0,228258
191,660000	0,239731
191,670000	0,230170
191,680000	0,241005
191,690000	0,232720
191,700000	0,239731
191,710000	0,236544
191,720000	0,237181
191,730000	0,231445
191,740000	0,239731
191,750000	0,232720
191,760000	0,243555
191,770000	0,229533
191,780000	0,235907
191,790000	0,224434
191,800000	0,237181
191,810000	0,239731
191,820000	0,235269
191,830000	0,230170
191,840000	0,231445
191,850000	0,231445
191,860000	0,233357
191,870000	0,233357
191,880000	0,239731
191,890000	0,237819
191,900000	0,242280
191,910000	0,228896
191,920000	0,238456
191,930000	0,232082
191,940000	0,233357
191,950000	0,226346
191,960000	0,236544
191,970000	0,234632
191,980000	0,237181
191,990000	0,233994
192,000000	0,235907
192,010000	0,232082
192,020000	0,233357
192,030000	0,228258
192,040000	0,237819
192,050000	0,230170
192,060000	0,237819
192,070000	0,239093
192,080000	0,232720
192,090000	0,232082
192,100000	0,233994
192,110000	0,230170
192,120000	0,237819
192,130000	0,238456
192,140000	0,240368
192,150000	0,235269
192,160000	0,237819
192,170000	0,237181
192,180000	0,240368
192,190000	0,235907
192,200000	0,233357
192,210000	0,236544
192,220000	0,235269
192,230000	0,233357
192,240000	0,237819
192,250000	0,230170
192,260000	0,231445
192,270000	0,244830
192,280000	0,237181
192,290000	0,241643
192,300000	0,237181
192,310000	0,242280
192,320000	0,237181
192,330000	0,236544
192,340000	0,242918
192,350000	0,234632
192,360000	0,235269
192,370000	0,232082
192,380000	0,230170
192,390000	0,237181
192,400000	0,233994
192,410000	0,232720
192,420000	0,233357
192,430000	0,235269
192,440000	0,230808
192,450000	0,233994
192,460000	0,233994
192,470000	0,244830
192,480000	0,232720
192,490000	0,238456
192,500000	0,235907
192,510000	0,239731
192,520000	0,236544
192,530000	0,231445
192,540000	0,236544
192,550000	0,240368
192,560000	0,237181
192,570000	0,235269
192,580000	0,235907
192,590000	0,240368
192,600000	0,235907
192,610000	0,233357
192,620000	0,239731
192,630000	0,244830
192,640000	0,235907
192,650000	0,230808
192,660000	0,235269
192,670000	0,236544
192,680000	0,238456
192,690000	0,233357
192,700000	0,234632
192,710000	0,241643
192,720000	0,232720
192,730000	0,232082
192,740000	0,236544
192,750000	0,240368
192,760000	0,229533
192,770000	0,238456
192,780000	0,235907
192,790000	0,234632
192,800000	0,233357
192,810000	0,228896
192,820000	0,232082
192,830000	0,231445
192,840000	0,237819
192,850000	0,238456
192,860000	0,236544
192,870000	0,235907
192,880000	0,237181
192,890000	0,227621
192,900000	0,232720
192,910000	0,228258
192,920000	0,237181
192,930000	0,225071
192,940000	0,236544
192,950000	0,238456
192,960000	0,232082
192,970000	0,244830
192,980000	0,233994
192,990000	0,234632
193,000000	0,235907
193,010000	0,233994
193,020000	0,233357
193,030000	0,237181
193,040000	0,229533
193,050000	0,233357
193,060000	0,232082
193,070000	0,232720
193,080000	0,228896
193,090000	0,234632
193,100000	0,230808
193,110000	0,233357
193,120000	0,239093
193,130000	0,231445
193,140000	0,231445
193,150000	0,229533
193,160000	0,233357
193,170000	0,230808
193,180000	0,235907
193,190000	0,228896
193,200000	0,239093
193,210000	0,233994
193,220000	0,232082
193,230000	0,232082
193,240000	0,231445
193,250000	0,232082
193,260000	0,235269
193,270000	0,226346
193,280000	0,235269
193,290000	0,235907
193,300000	0,235269
193,310000	0,233994
193,320000	0,234632
193,330000	0,235907
193,340000	0,227621
193,350000	0,233994
193,360000	0,234632
193,370000	0,226346
193,380000	0,230808
193,390000	0,228896
193,400000	0,237819
193,410000	0,235269
193,420000	0,238456
193,430000	0,230808
193,440000	0,228896
193,450000	0,239731
193,460000	0,233994
193,470000	0,232720
193,480000	0,233357
193,490000	0,235907
193,500000	0,240368
193,510000	0,229533
193,520000	0,240368
193,530000	0,229533
193,540000	0,230170
193,550000	0,237819
193,560000	0,235269
193,570000	0,226983
193,580000	0,232082
193,590000	0,228896
193,600000	0,236544
193,610000	0,233357
193,620000	0,235907
193,630000	0,233994
193,640000	0,236544
193,650000	0,230170
193,660000	0,235269
193,670000	0,231445
193,680000	0,239093
193,690000	0,231445
193,700000	0,230808
193,710000	0,232082
193,720000	0,238456
193,730000	0,226346
193,740000	0,235269
193,750000	0,232082
193,760000	0,229533
193,770000	0,230808
193,780000	0,233994
193,790000	0,237819
193,800000	0,233357
193,810000	0,234632
193,820000	0,232082
193,830000	0,234632
193,840000	0,235269
193,850000	0,230808
193,860000	0,236544
193,870000	0,233357
193,880000	0,232082
193,890000	0,229533
193,900000	0,236544
193,910000	0,238456
193,920000	0,239731
193,930000	0,230170
193,940000	0,237181
193,950000	0,234632
193,960000	0,230808
193,970000	0,232082
193,980000	0,234632
193,990000	0,229533
194,000000	0,236544
194,010000	0,230170
194,020000	0,231445
194,030000	0,239731
194,040000	0,234632
194,050000	0,237181
194,060000	0,238456
194,070000	0,235269
194,080000	0,235907
194,090000	0,229533
194,100000	0,237819
194,110000	0,241643
194,120000	0,232720
194,130000	0,237181
194,140000	0,232720
194,150000	0,232082
194,160000	0,239731
194,170000	0,234632
194,180000	0,233994
194,190000	0,237181
194,200000	0,239731
194,210000	0,233357
194,220000	0,237819
194,230000	0,239731
194,240000	0,239093
194,250000	0,236544
194,260000	0,239093
194,270000	0,237819
194,280000	0,236544
194,290000	0,237181
194,300000	0,237181
194,310000	0,228258
194,320000	0,238456
194,330000	0,239731
194,340000	0,237819
194,350000	0,230808
194,360000	0,235269
194,370000	0,239093
194,380000	0,234632
194,390000	0,230808
194,400000	0,241005
194,410000	0,235907
194,420000	0,239731
194,430000	0,235907
194,440000	0,239093
194,450000	0,234632
194,460000	0,241643
194,470000	0,228896
194,480000	0,237181
194,490000	0,235907
194,500000	0,240368
194,510000	0,238456
194,520000	0,237181
194,530000	0,228896
194,540000	0,238456
194,550000	0,235907
194,560000	0,238456
194,570000	0,235907
194,580000	0,234632
194,590000	0,237819
194,600000	0,239731
194,610000	0,244192
194,620000	0,231445
194,630000	0,236544
194,640000	0,233994
194,650000	0,232082
194,660000	0,233994
194,670000	0,231445
194,680000	0,233994
194,690000	0,239731
194,700000	0,234632
194,710000	0,229533
194,720000	0,236544
194,730000	0,234632
194,740000	0,226983
194,750000	0,239731
194,760000	0,233357
194,770000	0,234632
194,780000	0,232082
194,790000	0,234632
194,800000	0,232720
194,810000	0,239093
194,820000	0,235907
194,830000	0,237181
194,840000	0,233357
194,850000	0,234632
194,860000	0,236544
194,870000	0,234632
194,880000	0,240368
194,890000	0,232082
194,900000	0,239093
194,910000	0,230808
194,920000	0,239731
194,930000	0,235907
194,940000	0,234632
194,950000	0,230808
194,960000	0,236544
194,970000	0,231445
194,980000	0,235269
194,990000	0,233994
195,000000	0,235269
195,010000	0,235907
195,020000	0,237819
195,030000	0,232720
195,040000	0,232082
195,050000	0,230808
195,060000	0,228896
195,070000	0,230170
195,080000	0,237181
195,090000	0,226983
195,100000	0,237819
195,110000	0,235907
195,120000	0,237819
195,130000	0,236544
195,140000	0,240368
195,150000	0,230808
195,160000	0,241005
195,170000	0,234632
195,180000	0,238456
195,190000	0,229533
195,200000	0,237819
195,210000	0,230170
195,220000	0,236544
195,230000	0,227621
195,240000	0,236544
195,250000	0,226983
195,260000	0,239731
195,270000	0,231445
195,280000	0,236544
195,290000	0,241005
195,300000	0,232720
195,310000	0,231445
195,320000	0,230170
195,330000	0,229533
195,340000	0,230808
195,350000	0,231445
195,360000	0,233357
195,370000	0,226346
195,380000	0,235907
195,390000	0,236544
195,400000	0,233357
195,410000	0,234632
195,420000	0,233357
195,430000	0,232720
195,440000	0,229533
195,450000	0,230808
195,460000	0,229533
195,470000	0,229533
195,480000	0,239093
195,490000	0,223797
195,500000	0,232082
195,510000	0,238456
195,520000	0,238456
195,530000	0,232082
195,540000	0,233357
195,550000	0,230170
195,560000	0,229533
195,570000	0,228896
195,580000	0,228258
195,590000	0,234632
195,600000	0,233994
195,610000	0,242280
195,620000	0,235907
195,630000	0,232082
195,640000	0,231445
195,650000	0,233994
195,660000	0,232082
195,670000	0,237819
195,680000	0,232082
195,690000	0,232720
195,700000	0,233357
195,710000	0,234632
195,720000	0,237181
195,730000	0,232720
195,740000	0,227621
195,750000	0,234632
195,760000	0,234632
195,770000	0,233357
195,780000	0,232720
195,790000	0,233994
195,800000	0,226983
195,810000	0,226346
195,820000	0,231445
195,830000	0,233357
195,840000	0,226983
195,850000	0,235907
195,860000	0,234632
195,870000	0,235269
195,880000	0,233994
195,890000	0,229533
195,900000	0,234632
195,910000	0,225709
195,920000	0,238456
195,930000	0,238456
195,940000	0,230808
195,950000	0,232082
195,960000	0,233357
195,970000	0,236544
195,980000	0,238456
195,990000	0,232720
196,000000	0,233994
196,010000	0,239731
196,020000	0,232082
196,030000	0,237819
196,040000	0,225709
196,050000	0,232082
196,060000	0,233994
196,070000	0,233357
196,080000	0,229533
196,090000	0,237819
196,100000	0,233357
196,110000	0,231445
196,120000	0,228896
196,130000	0,235907
196,140000	0,233357
196,150000	0,241005
196,160000	0,232082
196,170000	0,239731
196,180000	0,237181
196,190000	0,230808
196,200000	0,235269
196,210000	0,228258
196,220000	0,240368
196,230000	0,233994
196,240000	0,234632
196,250000	0,228896
196,260000	0,233994
196,270000	0,240368
196,280000	0,235269
196,290000	0,239731
196,300000	0,238456
196,310000	0,230170
196,320000	0,242280
196,330000	0,231445
196,340000	0,239731
196,350000	0,231445
196,360000	0,238456
196,370000	0,232082
196,380000	0,245467
196,390000	0,239731
196,400000	0,233994
196,410000	0,233357
196,420000	0,238456
196,430000	0,230170
196,440000	0,239731
196,450000	0,232082
196,460000	0,242918
196,470000	0,233994
196,480000	0,239093
196,490000	0,232082
196,500000	0,234632
196,510000	0,238456
196,520000	0,235269
196,530000	0,240368
196,540000	0,235269
196,550000	0,233357
196,560000	0,228896
196,570000	0,233357
196,580000	0,238456
196,590000	0,230808
196,600000	0,242918
196,610000	0,233357
196,620000	0,234632
196,630000	0,237181
196,640000	0,234632
196,650000	0,232720
196,660000	0,239093
196,670000	0,235907
196,680000	0,238456
196,690000	0,233357
196,700000	0,233994
196,710000	0,230808
196,720000	0,237819
196,730000	0,235907
196,740000	0,235269
196,750000	0,232082
196,760000	0,241005
196,770000	0,228258
196,780000	0,241643
196,790000	0,239731
196,800000	0,239093
196,810000	0,230808
196,820000	0,232082
196,830000	0,240368
196,840000	0,238456
196,850000	0,238456
196,860000	0,233357
196,870000	0,236544
196,880000	0,232082
196,890000	0,230170
196,900000	0,237181
196,910000	0,226983
196,920000	0,235269
196,930000	0,230808
196,940000	0,232082
196,950000	0,237181
196,960000	0,237181
196,970000	0,235907
196,980000	0,235269
196,990000	0,237181
197,000000	0,235907
197,010000	0,235269
197,020000	0,236544
197,030000	0,229533
197,040000	0,235907
197,050000	0,230808
197,060000	0,236544
197,070000	0,232082
197,080000	0,233994
197,090000	0,236544
197,100000	0,236544
197,110000	0,234632
197,120000	0,233357
197,130000	0,228896
197,140000	0,233357
197,150000	0,232082
197,160000	0,237181
197,170000	0,234632
197,180000	0,237181
197,190000	0,239731
197,200000	0,236544
197,210000	0,232720
197,220000	0,235269
197,230000	0,232720
197,240000	0,228896
197,250000	0,230170
197,260000	0,229533
197,270000	0,233994
197,280000	0,233357
197,290000	0,236544
197,300000	0,235907
197,310000	0,233357
197,320000	0,236544
197,330000	0,238456
197,340000	0,234632
197,350000	0,226983
197,360000	0,232720
197,370000	0,233357
197,380000	0,233357
197,390000	0,232720
197,400000	0,232720
197,410000	0,228896
197,420000	0,232082
197,430000	0,233994
197,440000	0,231445
197,450000	0,239093
197,460000	0,238456
197,470000	0,237181
197,480000	0,226983
197,490000	0,223159
197,500000	0,233994
197,510000	0,232082
197,520000	0,230808
197,530000	0,240368
197,540000	0,235269
197,550000	0,228896
197,560000	0,232720
197,570000	0,240368
197,580000	0,233357
197,590000	0,232082
197,600000	0,228896
197,610000	0,227621
197,620000	0,229533
197,630000	0,234632
197,640000	0,233357
197,650000	0,225071
197,660000	0,231445
197,670000	0,228896
197,680000	0,232082
197,690000	0,239731
197,700000	0,232082
197,710000	0,238456
197,720000	0,238456
197,730000	0,224434
197,740000	0,230170
197,750000	0,224434
197,760000	0,237181
197,770000	0,223159
197,780000	0,236544
197,790000	0,227621
197,800000	0,232720
197,810000	0,229533
197,820000	0,231445
197,830000	0,241643
197,840000	0,237181
197,850000	0,239093
197,860000	0,232082
197,870000	0,237181
197,880000	0,231445
197,890000	0,239093
197,900000	0,233994
197,910000	0,235907
197,920000	0,233357
197,930000	0,230808
197,940000	0,235907
197,950000	0,230170
197,960000	0,230170
197,970000	0,225071
197,980000	0,228258
197,990000	0,225709
198,000000	0,234632
198,010000	0,230170
198,020000	0,228896
198,030000	0,232082
198,040000	0,233994
198,050000	0,234632
198,060000	0,235907
198,070000	0,230170
198,080000	0,238456
198,090000	0,230170
198,100000	0,232720
198,110000	0,235907
198,120000	0,232082
198,130000	0,232082
198,140000	0,233994
198,150000	0,240368
198,160000	0,234632
198,170000	0,236544
198,180000	0,241005
198,190000	0,230808
198,200000	0,234632
198,210000	0,241005
198,220000	0,239093
198,230000	0,239093
198,240000	0,230808
198,250000	0,224434
198,260000	0,233994
198,270000	0,236544
198,280000	0,228258
198,290000	0,233994
198,300000	0,235269
198,310000	0,241005
198,320000	0,232720
198,330000	0,232082
198,340000	0,241005
198,350000	0,225709
198,360000	0,234632
198,370000	0,231445
198,380000	0,234632
198,390000	0,233994
198,400000	0,230808
198,410000	0,234632
198,420000	0,233357
198,430000	0,233994
198,440000	0,230170
198,450000	0,234632
198,460000	0,240368
198,470000	0,235907
198,480000	0,231445
198,490000	0,238456
198,500000	0,233357
198,510000	0,235907
198,520000	0,231445
198,530000	0,235907
198,540000	0,234632
198,550000	0,237819
198,560000	0,235907
198,570000	0,244192
198,580000	0,229533
198,590000	0,233357
198,600000	0,239093
198,610000	0,233357
198,620000	0,241643
198,630000	0,237819
198,640000	0,236544
198,650000	0,240368
198,660000	0,235269
198,670000	0,229533
198,680000	0,233357
198,690000	0,232082
198,700000	0,232082
198,710000	0,241643
198,720000	0,233357
198,730000	0,244192
198,740000	0,236544
198,750000	0,243555
198,760000	0,233994
198,770000	0,237819
198,780000	0,235269
198,790000	0,234632
198,800000	0,241643
198,810000	0,231445
198,820000	0,239093
198,830000	0,233357
198,840000	0,242280
198,850000	0,235907
198,860000	0,246104
198,870000	0,233357
198,880000	0,237819
198,890000	0,232720
198,900000	0,237181
198,910000	0,238456
198,920000	0,232082
198,930000	0,239731
198,940000	0,235269
198,950000	0,242918
198,960000	0,240368
198,970000	0,230170
198,980000	0,241643
198,990000	0,225071
199,000000	0,236544
199,010000	0,232720
199,020000	0,236544
199,030000	0,231445
199,040000	0,235269
199,050000	0,229533
199,060000	0,228896
199,070000	0,242280
199,080000	0,229533
199,090000	0,237181
199,100000	0,233357
199,110000	0,233357
199,120000	0,226346
199,130000	0,235269
199,140000	0,234632
199,150000	0,234632
199,160000	0,229533
199,170000	0,232720
199,180000	0,238456
199,190000	0,233357
199,200000	0,237181
199,210000	0,229533
199,220000	0,235907
199,230000	0,231445
199,240000	0,235269
199,250000	0,232082
199,260000	0,240368
199,270000	0,244830
199,280000	0,237181
199,290000	0,237181
199,300000	0,234632
199,310000	0,228896
199,320000	0,238456
199,330000	0,241005
199,340000	0,241643
199,350000	0,225709
199,360000	0,236544
199,370000	0,235269
199,380000	0,233357
199,390000	0,232720
199,400000	0,230170
199,410000	0,224434
199,420000	0,232720
199,430000	0,226983
199,440000	0,230170
199,450000	0,238456
199,460000	0,227621
199,470000	0,234632
199,480000	0,230808
199,490000	0,228896
199,500000	0,227621
199,510000	0,239731
199,520000	0,236544
199,530000	0,230170
199,540000	0,235907
199,550000	0,243555
199,560000	0,233994
199,570000	0,228258
199,580000	0,234632
199,590000	0,234632
199,600000	0,235269
199,610000	0,232720
199,620000	0,236544
199,630000	0,230808
199,640000	0,226346
199,650000	0,234632
199,660000	0,235269
199,670000	0,225071
199,680000	0,240368
199,690000	0,224434
199,700000	0,234632
199,710000	0,234632
199,720000	0,240368
199,730000	0,228896
199,740000	0,231445
199,750000	0,231445
199,760000	0,237819
199,770000	0,230170
199,780000	0,234632
199,790000	0,237181
199,800000	0,232720
199,810000	0,228896
199,820000	0,231445
199,830000	0,241005
199,840000	0,231445
199,850000	0,230170
199,860000	0,240368
199,870000	0,232082
199,880000	0,233357
199,890000	0,232082
199,900000	0,234632
199,910000	0,235269
199,920000	0,234632
199,930000	0,238456
199,940000	0,234632
199,950000	0,234632
199,960000	0,228896
199,970000	0,234632
199,980000	0,242280
199,990000	0,242280
200,000000	0,236544
200,010000	0,247379
200,020000	0,238456
200,030000	0,249929
200,040000	0,237819
200,050000	0,231445
200,060000	0,237181
200,070000	0,233357
200,080000	0,231445
200,090000	0,225709
200,100000	0,231445
200,110000	0,234632
200,120000	0,229533
200,130000	0,225709
200,140000	0,234632
200,150000	0,223797
200,160000	0,232082
200,170000	0,235269
200,180000	0,235269
200,190000	0,226983
200,200000	0,226346
200,210000	0,207862
200,220000	0,233357
200,230000	0,217423
200,240000	0,232082
200,250000	0,223159
200,260000	0,218060
200,270000	0,215511
200,280000	0,228258
200,290000	0,223797
200,300000	0,237819
200,310000	0,221884
200,320000	0,242918
200,330000	0,227621
200,340000	0,240368
200,350000	0,237819
200,360000	0,241643
200,370000	0,242918
200,380000	0,230170
200,390000	0,242918
200,400000	0,239731
200,410000	0,235907
200,420000	0,236544
200,430000	0,235269
200,440000	0,237819
200,450000	0,233994
200,460000	0,238456
200,470000	0,239731
200,480000	0,233357
200,490000	0,230808
200,500000	0,234632
200,510000	0,232082
200,520000	0,239093
200,530000	0,232720
200,540000	0,239093
200,550000	0,241005
200,560000	0,242280
200,570000	0,234632
200,580000	0,239093
200,590000	0,234632
200,600000	0,233994
200,610000	0,231445
200,620000	0,232082
200,630000	0,231445
200,640000	0,234632
200,650000	0,233357
200,660000	0,229533
200,670000	0,233994
200,680000	0,240368
200,690000	0,231445
200,700000	0,236544
200,710000	0,246742
200,720000	0,238456
200,730000	0,233357
200,740000	0,239093
200,750000	0,237181
200,760000	0,238456
200,770000	0,239731
200,780000	0,233994
200,790000	0,236544
200,800000	0,235907
200,810000	0,238456
200,820000	0,240368
200,830000	0,234632
200,840000	0,237181
200,850000	0,234632
200,860000	0,239731
200,870000	0,233357
200,880000	0,242280
200,890000	0,232082
200,900000	0,243555
200,910000	0,241643
200,920000	0,242280
200,930000	0,239731
200,940000	0,233357
200,950000	0,233357
200,960000	0,237181
200,970000	0,239731
200,980000	0,230808
200,990000	0,229533
201,000000	0,237819
201,010000	0,228896
201,020000	0,226983
201,030000	0,223797
201,040000	0,229533
201,050000	0,221884
201,060000	0,235269
201,070000	0,232082
201,080000	0,227621
201,090000	0,236544
201,100000	0,221884
201,110000	0,226983
201,120000	0,221247
201,130000	0,229533
201,140000	0,239731
201,150000	0,235269
201,160000	0,239093
201,170000	0,238456
201,180000	0,236544
201,190000	0,233994
201,200000	0,238456
201,210000	0,237819
201,220000	0,234632
201,230000	0,227621
201,240000	0,223159
201,250000	0,229533
201,260000	0,216786
201,270000	0,230808
201,280000	0,231445
201,290000	0,228896
201,300000	0,227621
201,310000	0,230170
201,320000	0,230808
201,330000	0,236544
201,340000	0,230808
201,350000	0,228896
201,360000	0,231445
201,370000	0,219335
201,380000	0,226983
201,390000	0,223159
201,400000	0,225071
201,410000	0,219335
201,420000	0,228258
201,430000	0,225071
201,440000	0,247379
201,450000	0,239731
201,460000	0,256302
201,470000	0,228896
201,480000	0,244830
201,490000	0,235269
201,500000	0,213599
201,510000	0,239731
201,520000	0,220610
201,530000	0,233994
201,540000	0,223797
201,550000	0,218060
201,560000	0,221247
201,570000	0,260126
201,580000	0,230170
201,590000	0,276698
201,600000	0,246742
201,610000	0,274148
201,620000	0,263951
201,630000	0,260126
201,640000	0,277335
201,650000	0,244830
201,660000	0,266500
201,670000	0,242280
201,680000	0,209137
201,690000	0,230808
201,700000	0,211687
201,710000	0,219335
201,720000	0,209137
201,730000	0,232082
201,740000	0,217423
201,750000	0,226983
201,760000	0,233357
201,770000	0,234632
201,780000	0,221884
201,790000	0,221247
201,800000	0,232082
201,810000	0,232082
201,820000	0,239731
201,830000	0,236544
201,840000	0,231445
201,850000	0,230808
201,860000	0,228258
201,870000	0,230808
201,880000	0,224434
201,890000	0,239731
201,900000	0,235269
201,910000	0,231445
201,920000	0,235907
201,930000	0,224434
201,940000	0,234632
201,950000	0,228896
201,960000	0,236544
201,970000	0,234632
201,980000	0,232720
201,990000	0,233994
202,000000	0,221884
202,010000	0,235907
202,020000	0,218060
202,030000	0,232720
202,040000	0,233357
202,050000	0,232082
202,060000	0,229533
202,070000	0,222522
202,080000	0,234632
202,090000	0,221884
202,100000	0,228896
202,110000	0,235269
202,120000	0,230808
202,130000	0,233994
202,140000	0,236544
202,150000	0,229533
202,160000	0,231445
202,170000	0,238456
202,180000	0,229533
202,190000	0,227621
202,200000	0,244830
202,210000	0,230170
202,220000	0,244830
202,230000	0,229533
202,240000	0,244192
202,250000	0,226983
202,260000	0,229533
202,270000	0,236544
202,280000	0,235907
202,290000	0,235269
202,300000	0,235269
202,310000	0,231445
202,320000	0,230808
202,330000	0,248016
202,340000	0,225071
202,350000	0,236544
202,360000	0,231445
202,370000	0,235907
202,380000	0,272874
202,390000	0,241005
202,400000	0,228258
202,410000	0,237181
202,420000	0,232082
202,430000	0,242918
202,440000	0,228258
202,450000	0,239731
202,460000	0,223159
202,470000	0,220610
202,480000	0,219335
202,490000	0,225709
202,500000	0,240368
202,510000	0,221247
202,520000	0,230808
202,530000	0,226346
202,540000	0,232082
202,550000	0,239731
202,560000	0,239731
202,570000	0,252478
202,580000	0,239731
202,590000	0,252478
202,600000	0,238456
202,610000	0,250566
202,620000	0,244192
202,630000	0,243555
202,640000	0,233357
202,650000	0,235907
202,660000	0,238456
202,670000	0,234632
202,680000	0,245467
202,690000	0,246104
202,700000	0,249291
202,710000	0,242280
202,720000	0,248016
202,730000	0,258214
202,740000	0,239093
202,750000	0,255665
202,760000	0,235269
202,770000	0,197027
202,780000	0,235907
202,790000	0,209137
202,800000	0,235907
202,810000	0,200214
202,820000	0,244192
202,830000	0,221884
202,840000	0,246742
202,850000	0,245467
202,860000	0,268412
202,870000	0,237181
202,880000	0,252478
202,890000	0,221884
202,900000	0,230808
202,910000	0,200851
202,920000	0,191928
202,930000	0,198302
202,940000	0,213599
202,950000	0,189379
202,960000	0,233357
202,970000	0,205313
202,980000	0,242280
202,990000	0,275423
203,000000	0,251203
203,010000	0,265863
203,020000	0,235269
203,030000	0,262039
203,040000	0,234632
203,050000	0,241643
203,060000	0,256302
203,070000	0,229533
203,080000	0,237181
203,090000	0,233994
203,100000	0,235269
203,110000	0,236544
203,120000	0,234632
203,130000	0,242918
203,140000	0,240368
203,150000	0,246742
203,160000	0,241005
203,170000	0,237181
203,180000	0,228896
203,190000	0,237819
203,200000	0,235907
203,210000	0,234632
203,220000	0,241643
203,230000	0,238456
203,240000	0,237181
203,250000	0,237181
203,260000	0,238456
203,270000	0,231445
203,280000	0,232082
203,290000	0,232082
203,300000	0,234632
203,310000	0,227621
203,320000	0,239093
203,330000	0,233994
203,340000	0,235907
203,350000	0,245467
203,360000	0,241643
203,370000	0,233357
203,380000	0,239093
203,390000	0,238456
203,400000	0,241643
203,410000	0,233994
203,420000	0,228896
203,430000	0,229533
203,440000	0,221247
203,450000	0,236544
203,460000	0,233357
203,470000	0,235907
203,480000	0,244192
203,490000	0,239731
203,500000	0,249929
203,510000	0,252478
203,520000	0,238456
203,530000	0,250566
203,540000	0,236544
203,550000	0,211049
203,560000	0,235269
203,570000	0,262676
203,580000	0,234632
203,590000	0,262676
203,600000	0,229533
203,610000	0,236544
203,620000	0,232720
203,630000	0,255028
203,640000	0,252478
203,650000	0,246742
203,660000	0,241643
203,670000	0,239731
203,680000	0,200851
203,690000	0,226346
203,700000	0,180456
203,710000	0,178544
203,720000	0,208500
203,730000	0,172170
203,740000	0,218060
203,750000	0,263313
203,760000	0,226983
203,770000	0,237181
203,780000	0,235269
203,790000	0,253753
203,800000	0,233357
203,810000	0,249929
203,820000	0,261401
203,830000	0,246104
203,840000	0,239731
203,850000	0,221884
203,860000	0,226346
203,870000	0,188104
203,880000	0,212961
203,890000	0,237181
203,900000	0,225071
203,910000	0,231445
203,920000	0,226346
203,930000	0,223159
203,940000	0,226983
203,950000	0,241005
203,960000	0,228258
203,970000	0,239093
203,980000	0,230170
203,990000	0,232082
204,000000	0,221884
204,010000	0,222522
204,020000	0,221884
204,030000	0,225071
204,040000	0,218698
204,050000	0,234632
204,060000	0,244192
204,070000	0,232082
204,080000	0,286896
204,090000	0,237819
204,100000	0,272874
204,110000	0,218060
204,120000	0,234632
204,130000	0,236544
204,140000	0,239731
204,150000	0,212961
204,160000	0,242280
204,170000	0,181093
204,180000	0,239731
204,190000	0,179818
204,200000	0,251841
204,210000	0,257577
204,220000	0,240368
204,230000	0,236544
204,240000	0,228258
204,250000	0,240368
204,260000	0,314940
204,270000	0,249291
204,280000	0,179818
204,290000	0,226983
204,300000	0,200214
204,310000	0,260764
204,320000	0,228258
204,330000	0,277335
204,340000	0,256302
204,350000	0,200214
204,360000	0,244830
204,370000	0,211687
204,380000	0,254390
204,390000	0,235907
204,400000	0,230170
204,410000	0,237181
204,420000	0,221884
204,430000	0,235907
204,440000	0,214873
204,450000	0,229533
204,460000	0,236544
204,470000	0,228896
204,480000	0,235269
204,490000	0,221884
204,500000	0,239731
204,510000	0,232720
204,520000	0,230808
204,530000	0,226983
204,540000	0,245467
204,550000	0,234632
204,560000	0,242280
204,570000	0,230170
204,580000	0,235269
204,590000	0,244830
204,600000	0,241005
204,610000	0,230170
204,620000	0,230808
204,630000	0,211687
204,640000	0,239731
204,650000	0,217423
204,660000	0,228896
204,670000	0,225071
204,680000	0,228896
204,690000	0,228258
204,700000	0,223797
204,710000	0,236544
204,720000	0,251203
204,730000	0,235907
204,740000	0,211687
204,750000	0,223159
204,760000	0,237181
204,770000	0,214873
204,780000	0,218698
204,790000	0,214236
204,800000	0,232720
204,810000	0,262676
204,820000	0,224434
204,830000	0,255665
204,840000	0,221884
204,850000	0,230170
204,860000	0,237181
204,870000	0,267775
204,880000	0,265863
204,890000	0,227621
204,900000	0,265225
204,910000	0,225071
204,920000	0,191928
204,930000	0,219972
204,940000	0,235907
204,950000	0,235269
204,960000	0,206588
204,970000	0,243555
204,980000	0,255665
204,990000	0,296456
205,000000	0,262039
205,010000	0,236544
205,020000	0,249291
205,030000	0,276061
205,040000	0,237181
205,050000	0,294544
205,060000	0,245467
205,070000	0,248016
205,080000	0,201489
205,090000	0,238456
205,100000	0,200214
205,110000	0,209137
205,120000	0,223159
205,130000	0,255665
205,140000	0,239093
205,150000	0,237819
205,160000	0,232082
205,170000	0,240368
205,180000	0,239731
205,190000	0,219335
205,200000	0,231445
205,210000	0,233357
205,220000	0,242918
205,230000	0,239093
205,240000	0,214873
205,250000	0,244192
205,260000	0,221884
205,270000	0,238456
205,280000	0,225071
205,290000	0,241005
205,300000	0,233994
205,310000	0,232082
205,320000	0,235269
205,330000	0,242280
205,340000	0,234632
205,350000	0,238456
205,360000	0,227621
205,370000	0,183643
205,380000	0,223797
205,390000	0,216786
205,400000	0,236544
205,410000	0,265225
205,420000	0,239731
205,430000	0,234632
205,440000	0,250566
205,450000	0,234632
205,460000	0,291357
205,470000	0,216786
205,480000	0,269687
205,490000	0,209137
205,500000	0,201489
205,510000	0,226346
205,520000	0,229533
205,530000	0,242280
205,540000	0,232720
205,550000	0,140939
205,560000	0,228896
205,570000	0,260126
205,580000	0,239731
205,590000	0,242280
205,600000	0,218060
205,610000	0,221247
205,620000	0,199577
205,630000	0,232720
205,640000	0,264588
205,650000	0,233994
205,660000	0,258852
205,670000	0,218698
205,680000	0,234632
205,690000	0,235907
205,700000	0,234632
205,710000	0,246742
205,720000	0,240368
205,730000	0,242280
205,740000	0,242918
205,750000	0,239731
205,760000	0,235269
205,770000	0,237181
205,780000	0,238456
205,790000	0,229533
205,800000	0,241643
205,810000	0,233994
205,820000	0,242280
205,830000	0,230808
205,840000	0,231445
205,850000	0,228896
205,860000	0,228258
205,870000	0,228896
205,880000	0,237181
205,890000	0,223797
205,900000	0,234632
205,910000	0,248654
205,920000	0,237181
205,930000	0,221884
205,940000	0,234632
205,950000	0,235269
205,960000	0,249929
205,970000	0,234632
205,980000	0,230808
205,990000	0,229533
