Tempo;Spostamento;Forza
(s);(mm);(N)
"0,0000";"-0,0001";"0,0076"
"0,0100";"0,0008";"0,0115"
"0,0200";"0,0058";"0,0279"
"0,0300";"0,0182";"0,0501"
"0,0400";"0,0374";"0,0693"
"0,0500";"0,0612";"0,0924"
"0,0600";"0,0868";"0,1282"
"0,0700";"0,1127";"0,1748"
"0,0800";"0,1385";"0,2215"
"0,0900";"0,1635";"0,2645"
"0,1000";"0,1878";"0,3115"
"0,1100";"0,2113";"0,3692"
"0,1200";"0,2342";"0,4349"
"0,1300";"0,2565";"0,4990"
"0,1400";"0,2783";"0,5576"
"0,1500";"0,2996";"0,6136"
"0,1600";"0,3206";"0,6708"
"0,1700";"0,3414";"0,7289"
"0,1800";"0,3620";"0,7828"
"0,1900";"0,3824";"0,8317"
"0,2000";"0,4026";"0,8744"
"0,2100";"0,4228";"0,9160"
"0,2200";"0,4428";"0,9595"
"0,2300";"0,4630";"1,0062"
"0,2400";"0,4832";"1,0529"
"0,2500";"0,5035";"1,0967"
"0,2600";"0,5238";"1,1371"
"0,2700";"0,5441";"1,1761"
"0,2800";"0,5642";"1,2168"
"0,2900";"0,5843";"1,2596"
"0,3000";"0,6042";"1,3044"
"0,3100";"0,6243";"1,3504"
"0,3200";"0,6443";"1,3934"
"0,3300";"0,6643";"1,4333"
"0,3400";"0,6841";"1,4725"
"0,3500";"0,7041";"1,5133"
"0,3600";"0,7239";"1,5546"
"0,3700";"0,7439";"1,5941"
"0,3800";"0,7638";"1,6321"
"0,3900";"0,7838";"1,6698"
"0,4000";"0,8037";"1,7061"
"0,4100";"0,8238";"1,7431"
"0,4200";"0,8437";"1,7793"
"0,4300";"0,8638";"1,8156"
"0,4400";"0,8839";"1,8535"
"0,4500";"0,9038";"1,8921"
"0,4600";"0,9237";"1,9308"
"0,4700";"0,9439";"1,9697"
"0,4800";"0,9638";"2,0077"
"0,4900";"0,9839";"2,0439"
"0,5000";"1,0041";"2,0793"
"0,5100";"1,0240";"2,1139"
"0,5200";"1,0438";"2,1470"
"0,5300";"1,0640";"2,1766"
"0,5400";"1,0840";"2,2053"
"0,5500";"1,1041";"2,2390"
"0,5600";"1,1241";"2,2789"
"0,5700";"1,1441";"2,3198"
"0,5800";"1,1641";"2,3568"
"0,5900";"1,1841";"2,3922"
"0,6000";"1,2043";"2,4281"
"0,6100";"1,2240";"2,4608"
"0,6200";"1,2440";"2,4907"
"0,6300";"1,2639";"2,5191"
"0,6400";"1,2837";"2,5501"
"0,6500";"1,3036";"2,5818"
"0,6600";"1,3238";"2,6140"
"0,6700";"1,3437";"2,6450"
"0,6800";"1,3638";"2,6750"
"0,6900";"1,3838";"2,7063"
"0,7000";"1,4038";"2,7387"
"0,7100";"1,4237";"2,7720"
"0,7200";"1,4439";"2,8049"
"0,7300";"1,4640";"2,8377"
"0,7400";"1,4840";"2,8718"
"0,7500";"1,5040";"2,9070"
"0,7600";"1,5240";"2,9402"
"0,7700";"1,5440";"2,9689"
"0,7800";"1,5640";"2,9943"
"0,7900";"1,5841";"3,0229"
"0,8000";"1,6040";"3,0544"
"0,8100";"1,6240";"3,0849"
"0,8200";"1,6440";"3,1125"
"0,8300";"1,6639";"3,1390"
"0,8400";"1,6838";"3,1696"
"0,8500";"1,7039";"3,2018"
"0,8600";"1,7238";"3,2327"
"0,8700";"1,7437";"3,2613"
"0,8800";"1,7637";"3,2902"
"0,8900";"1,7836";"3,3201"
"0,9000";"1,8035";"3,3513"
"0,9100";"1,8237";"3,3820"
"0,9200";"1,8438";"3,4105"
"0,9300";"1,8637";"3,4369"
"0,9400";"1,8838";"3,4634"
"0,9500";"1,9038";"3,4907"
"0,9600";"1,9238";"3,5192"
"0,9700";"1,9439";"3,5478"
"0,9800";"1,9640";"3,5760"
"0,9900";"1,9840";"3,6057"
"1,0000";"2,0042";"3,6365"
"1,0100";"2,0243";"3,6672"
"1,0200";"2,0442";"3,6981"
"1,0300";"2,0643";"3,7290"
"1,0400";"2,0843";"3,7591"
"1,0500";"2,1042";"3,7862"
"1,0600";"2,1243";"3,8104"
"1,0700";"2,1442";"3,8346"
"1,0800";"2,1640";"3,8601"
"1,0900";"2,1837";"3,8877"
"1,1000";"2,2034";"3,9136"
"1,1100";"2,2232";"3,9402"
"1,1200";"2,2432";"3,9685"
"1,1300";"2,2636";"3,9985"
"1,1400";"2,2839";"4,0286"
"1,1500";"2,3042";"4,0563"
"1,1600";"2,3240";"4,0831"
"1,1700";"2,3439";"4,1115"
"1,1800";"2,3638";"4,1390"
"1,1900";"2,3838";"4,1648"
"1,2000";"2,4040";"4,1912"
"1,2100";"2,4239";"4,2176"
"1,2200";"2,4441";"4,2449"
"1,2300";"2,4643";"4,2717"
"1,2400";"2,4844";"4,2988"
"1,2500";"2,5043";"4,3268"
"1,2600";"2,5243";"4,3553"
"1,2700";"2,5441";"4,3837"
"1,2800";"2,5640";"4,4118"
"1,2900";"2,5841";"4,4410"
"1,3000";"2,6041";"4,4685"
"1,3100";"2,6241";"4,4948"
"1,3200";"2,6442";"4,5204"
"1,3300";"2,6639";"4,5459"
"1,3400";"2,6835";"4,5710"
"1,3500";"2,7034";"4,5952"
"1,3600";"2,7233";"4,6204"
"1,3700";"2,7431";"4,6467"
"1,3800";"2,7633";"4,6741"
"1,3900";"2,7835";"4,7013"
"1,4000";"2,8037";"4,7281"
"1,4100";"2,8240";"4,7573"
"1,4200";"2,8442";"4,7867"
"1,4300";"2,8644";"4,8149"
"1,4400";"2,8845";"4,8421"
"1,4500";"2,9044";"4,8694"
"1,4600";"2,9240";"4,8959"
"1,4700";"2,9438";"4,9222"
"1,4800";"2,9637";"4,9476"
"1,4900";"2,9836";"4,9723"
"1,5000";"3,0039";"4,9985"
"1,5100";"3,0242";"5,0243"
"1,5200";"3,0442";"5,0497"
"1,5300";"3,0644";"5,0760"
"1,5400";"3,0843";"5,1026"
"1,5500";"3,1042";"5,1310"
"1,5600";"3,1239";"5,1597"
"1,5700";"3,1436";"5,1876"
"1,5800";"3,1633";"5,2142"
"1,5900";"3,1834";"5,2401"
"1,6000";"3,2036";"5,2656"
"1,6100";"3,2237";"5,2916"
"1,6200";"3,2439";"5,3179"
"1,6300";"3,2641";"5,3430"
"1,6400";"3,2841";"5,3687"
"1,6500";"3,3039";"5,3952"
"1,6600";"3,3239";"5,4219"
"1,6700";"3,3438";"5,4487"
"1,6800";"3,3636";"5,4749"
"1,6900";"3,3836";"5,5025"
"1,7000";"3,4038";"5,5326"
"1,7100";"3,4241";"5,5610"
"1,7200";"3,4444";"5,5880"
"1,7300";"3,4647";"5,6143"
"1,7400";"3,4846";"5,6424"
"1,7500";"3,5046";"5,6704"
"1,7600";"3,5245";"5,6971"
"1,7700";"3,5444";"5,7225"
"1,7800";"3,5641";"5,7483"
"1,7900";"3,5839";"5,7750"
"1,8000";"3,6034";"5,7998"
"1,8100";"3,6231";"5,8250"
"1,8200";"3,6432";"5,8518"
"1,8300";"3,6634";"5,8791"
"1,8400";"3,6838";"5,9057"
"1,8500";"3,7042";"5,9336"
"1,8600";"3,7245";"5,9627"
"1,8700";"3,7447";"5,9923"
"1,8800";"3,7649";"6,0208"
"1,8900";"3,7850";"6,0485"
"1,9000";"3,8048";"6,0755"
"1,9100";"3,8248";"6,1007"
"1,9200";"3,8448";"6,1252"
"1,9300";"3,8647";"6,1493"
"1,9400";"3,8847";"6,1763"
"1,9500";"3,9047";"6,2047"
"1,9600";"3,9246";"6,2333"
"1,9700";"3,9447";"6,2625"
"1,9800";"3,9645";"6,2930"
"1,9900";"3,9844";"6,3211"
"2,0000";"4,0043";"6,3467"
"2,0100";"4,0243";"6,3718"
"2,0200";"4,0441";"6,3980"
"2,0300";"4,0643";"6,4268"
"2,0400";"4,0842";"6,4543"
"2,0500";"4,1041";"6,4812"
"2,0600";"4,1243";"6,5090"
"2,0700";"4,1443";"6,5371"
"2,0800";"4,1642";"6,5623"
"2,0900";"4,1842";"6,5872"
"2,1000";"4,2042";"6,6150"
"2,1100";"4,2240";"6,6433"
"2,1200";"4,2439";"6,6707"
"2,1300";"4,2640";"6,7002"
"2,1400";"4,2842";"6,7314"
"2,1500";"4,3043";"6,7626"
"2,1600";"4,3243";"6,7921"
"2,1700";"4,3442";"6,8170"
"2,1800";"4,3640";"6,8417"
"2,1900";"4,3839";"6,8689"
"2,2000";"4,4036";"6,8969"
"2,2100";"4,4234";"6,9238"
"2,2200";"4,4430";"6,9520"
"2,2300";"4,4627";"6,9805"
"2,2400";"4,4822";"7,0073"
"2,2500";"4,5017";"7,0337"
"2,2600";"4,5219";"7,0614"
"2,2700";"4,5422";"7,0908"
"2,2800";"4,5627";"7,1206"
"2,2900";"4,5837";"7,1502"
"2,3000";"4,6046";"7,1807"
"2,3100";"4,6251";"7,2104"
"2,3200";"4,6454";"7,2408"
"2,3300";"4,6651";"7,2689"
"2,3400";"4,6849";"7,2962"
"2,3500";"4,7049";"7,3242"
"2,3600";"4,7248";"7,3523"
"2,3700";"4,7447";"7,3800"
"2,3800";"4,7648";"7,4098"
"2,3900";"4,7847";"7,4407"
"2,4000";"4,8044";"7,4690"
"2,4100";"4,8245";"7,4966"
"2,4200";"4,8444";"7,5246"
"2,4300";"4,8642";"7,5536"
"2,4400";"4,8842";"7,5826"
"2,4500";"4,9040";"7,6112"
"2,4600";"4,9237";"7,6385"
"2,4700";"4,9436";"7,6668"
"2,4800";"4,9635";"7,6951"
"2,4900";"4,9836";"7,7226"
"2,5000";"5,0037";"7,7492"
"2,5020";"5,0077";"7,7548"
"2,5040";"5,0117";"7,7607"
"2,5140";"5,0260";"7,7868"
"2,5240";"5,0257";"7,7881"
"2,5340";"5,0184";"7,7756"
"2,5440";"5,0033";"7,7517"
"2,5540";"4,9804";"7,7117"
"2,5640";"4,9524";"7,6561"
"2,5740";"4,9219";"7,5839"
"2,5840";"4,8912";"7,4975"
"2,5940";"4,8614";"7,4033"
"2,6040";"4,8333";"7,3077"
"2,6140";"4,8066";"7,2128"
"2,6240";"4,7812";"7,1219"
"2,6340";"4,7569";"7,0349"
"2,6440";"4,7337";"6,9519"
"2,6540";"4,7111";"6,8754"
"2,6640";"4,6890";"6,8059"
"2,6740";"4,6677";"6,7428"
"2,6840";"4,6464";"6,6797"
"2,6940";"4,6254";"6,6156"
"2,7040";"4,6043";"6,5557"
"2,7140";"4,5830";"6,5007"
"2,7240";"4,5619";"6,4486"
"2,7340";"4,5411";"6,3956"
"2,7440";"4,5205";"6,3407"
"2,7540";"4,5002";"6,2897"
"2,7640";"4,4801";"6,2395"
"2,7740";"4,4600";"6,1869"
"2,7840";"4,4401";"6,1357"
"2,7940";"4,4200";"6,0885"
"2,8040";"4,3999";"6,0431"
"2,8140";"4,3799";"5,9973"
"2,8240";"4,3599";"5,9510"
"2,8340";"4,3400";"5,9045"
"2,8440";"4,3198";"5,8588"
"2,8540";"4,2997";"5,8141"
"2,8640";"4,2797";"5,7691"
"2,8740";"4,2599";"5,7239"
"2,8840";"4,2402";"5,6789"
"2,8940";"4,2206";"5,6353"
"2,9040";"4,2010";"5,5919"
"2,9140";"4,1812";"5,5504"
"2,9240";"4,1616";"5,5084"
"2,9340";"4,1414";"5,4640"
"2,9440";"4,1207";"5,4199"
"2,9540";"4,1004";"5,3804"
"2,9640";"4,0800";"5,3420"
"2,9740";"4,0597";"5,3012"
"2,9840";"4,0396";"5,2593"
"2,9940";"4,0198";"5,2186"
"3,0040";"3,9997";"5,1784"
"3,0140";"3,9799";"5,1382"
"3,0240";"3,9599";"5,0961"
"3,0340";"3,9397";"5,0531"
"3,0440";"3,9199";"5,0124"
"3,0540";"3,9000";"4,9752"
"3,0640";"3,8799";"4,9370"
"3,0740";"3,8599";"4,8984"
"3,0840";"3,8400";"4,8615"
"3,0940";"3,8199";"4,8245"
"3,1040";"3,8001";"4,7864"
"3,1140";"3,7805";"4,7491"
"3,1240";"3,7607";"4,7127"
"3,1340";"3,7408";"4,6747"
"3,1440";"3,7209";"4,6365"
"3,1540";"3,7006";"4,5983"
"3,1640";"3,6800";"4,5615"
"3,1740";"3,6598";"4,5258"
"3,1840";"3,6397";"4,4888"
"3,1940";"3,6195";"4,4523"
"3,2040";"3,5995";"4,4180"
"3,2140";"3,5797";"4,3843"
"3,2240";"3,5596";"4,3482"
"3,2340";"3,5398";"4,3115"
"3,2440";"3,5198";"4,2753"
"3,2540";"3,4998";"4,2404"
"3,2640";"3,4798";"4,2061"
"3,2740";"3,4599";"4,1721"
"3,2840";"3,4399";"4,1377"
"3,2940";"3,4202";"4,1039"
"3,3040";"3,4002";"4,0691"
"3,3140";"3,3803";"4,0346"
"3,3240";"3,3603";"4,0018"
"3,3340";"3,3406";"3,9690"
"3,3440";"3,3207";"3,9342"
"3,3540";"3,3006";"3,8985"
"3,3640";"3,2805";"3,8644"
"3,3740";"3,2601";"3,8326"
"3,3840";"3,2398";"3,8005"
"3,3940";"3,2196";"3,7667"
"3,4040";"3,1997";"3,7334"
"3,4140";"3,1796";"3,6997"
"3,4240";"3,1599";"3,6645"
"3,4340";"3,1400";"3,6314"
"3,4440";"3,1201";"3,6002"
"3,4540";"3,1001";"3,5689"
"3,4640";"3,0802";"3,5358"
"3,4740";"3,0600";"3,5026"
"3,4840";"3,0402";"3,4715"
"3,4940";"3,0201";"3,4408"
"3,5040";"3,0000";"3,4101"
"3,5140";"2,9802";"3,3799"
"3,5240";"2,9604";"3,3505"
"3,5340";"2,9404";"3,3201"
"3,5440";"2,9207";"3,2870"
"3,5540";"2,9009";"3,2541"
"3,5640";"2,8809";"3,2228"
"3,5740";"2,8607";"3,1925"
"3,5840";"2,8404";"3,1609"
"3,5940";"2,8200";"3,1276"
"3,6040";"2,7999";"3,0965"
"3,6140";"2,7799";"3,0673"
"3,6240";"2,7595";"3,0364"
"3,6340";"2,7395";"3,0054"
"3,6440";"2,7195";"2,9748"
"3,6540";"2,6993";"2,9443"
"3,6640";"2,6794";"2,9144"
"3,6740";"2,6594";"2,8841"
"3,6840";"2,6396";"2,8548"
"3,6940";"2,6197";"2,8264"
"3,7040";"2,5999";"2,7965"
"3,7140";"2,5800";"2,7651"
"3,7240";"2,5598";"2,7331"
"3,7340";"2,5398";"2,7033"
"3,7440";"2,5199";"2,6738"
"3,7540";"2,4999";"2,6436"
"3,7640";"2,4803";"2,6142"
"3,7740";"2,4606";"2,5854"
"3,7840";"2,4409";"2,5576"
"3,7940";"2,4210";"2,5293"
"3,8040";"2,4007";"2,5001"
"3,8140";"2,3801";"2,4684"
"3,8240";"2,3598";"2,4366"
"3,8340";"2,3396";"2,4054"
"3,8440";"2,3194";"2,3764"
"3,8540";"2,2995";"2,3494"
"3,8640";"2,2797";"2,3217"
"3,8740";"2,2597";"2,2922"
"3,8840";"2,2397";"2,2637"
"3,8940";"2,2200";"2,2352"
"3,9040";"2,2001";"2,2062"
"3,9140";"2,1800";"2,1773"
"3,9240";"2,1601";"2,1482"
"3,9340";"2,1401";"2,1209"
"3,9440";"2,1200";"2,0914"
"3,9540";"2,1002";"2,0615"
"3,9640";"2,0801";"2,0321"
"3,9740";"2,0601";"2,0036"
"3,9840";"2,0404";"1,9752"
"3,9940";"2,0206";"1,9455"
"4,0040";"2,0006";"1,9153"
"4,0140";"1,9806";"1,8868"
"4,0240";"1,9605";"1,8592"
"4,0340";"1,9402";"1,8305"
"4,0440";"1,9202";"1,8021"
"4,0540";"1,9001";"1,7748"
"4,0640";"1,8798";"1,7457"
"4,0740";"1,8597";"1,7158"
"4,0840";"1,8398";"1,6864"
"4,0940";"1,8195";"1,6584"
"4,1040";"1,7995";"1,6303"
"4,1140";"1,7797";"1,6016"
"4,1240";"1,7596";"1,5721"
"4,1340";"1,7397";"1,5420"
"4,1440";"1,7198";"1,5140"
"4,1540";"1,6999";"1,4864"
"4,1640";"1,6799";"1,4581"
"4,1740";"1,6601";"1,4315"
"4,1840";"1,6400";"1,4043"
"4,1940";"1,6201";"1,3761"
"4,2040";"1,6002";"1,3474"
"4,2140";"1,5804";"1,3196"
"4,2240";"1,5605";"1,2913"
"4,2340";"1,5406";"1,2612"
"4,2440";"1,5204";"1,2308"
"4,2540";"1,5001";"1,2023"
"4,2640";"1,4801";"1,1765"
"4,2740";"1,4600";"1,1501"
"4,2840";"1,4398";"1,1214"
"4,2940";"1,4199";"1,0917"
"4,3040";"1,4000";"1,0631"
"4,3140";"1,3798";"1,0338"
"4,3240";"1,3599";"1,0043"
"4,3340";"1,3399";"0,9762"
"4,3440";"1,3199";"0,9488"
"4,3540";"1,2999";"0,9216"
"4,3640";"1,2801";"0,8923"
"4,3740";"1,2600";"0,8635"
"4,3840";"1,2399";"0,8362"
"4,3940";"1,2200";"0,8091"
"4,4040";"1,2000";"0,7802"
"4,4140";"1,1801";"0,7511"
"4,4240";"1,1605";"0,7234"
"4,4340";"1,1409";"0,6958"
"4,4440";"1,1209";"0,6679"
"4,4540";"1,1009";"0,6402"
"4,4640";"1,0806";"0,6132"
"4,4740";"1,0601";"0,5840"
"4,4840";"1,0400";"0,5530"
"4,4940";"1,0198";"0,5236"
"4,5040";"0,9996";"0,4959"
"4,5140";"0,9796";"0,4681"
"4,5240";"0,9597";"0,4385"
"4,5340";"0,9396";"0,4106"
"4,5440";"0,9198";"0,3846"
"4,5540";"0,9001";"0,3595"
"4,5640";"0,8799";"0,3331"
"4,5740";"0,8599";"0,3042"
"4,5840";"0,8401";"0,2767"
"4,5940";"0,8200";"0,2498"
"4,6040";"0,7998";"0,2240"
"4,6140";"0,7799";"0,2014"
"4,6240";"0,7597";"0,1792"
"4,6340";"0,7399";"0,1564"
"4,6440";"0,7201";"0,1323"
"4,6540";"0,7003";"0,1087"
"4,6640";"0,6805";"0,0871"
"4,6740";"0,6609";"0,0670"
"4,6840";"0,6407";"0,0430"
"4,6940";"0,6203";"0,0183"
"4,7040";"0,6001";"-0,0017"
"4,7140";"0,5798";"-0,0195"
"4,7240";"0,5596";"-0,0381"
"4,7340";"0,5395";"-0,0567"
"4,7440";"0,5196";"-0,0730"
"4,7540";"0,4995";"-0,0885"
"4,7640";"0,4797";"-0,1049"
"4,7740";"0,4598";"-0,1221"
"4,7840";"0,4396";"-0,1401"
"4,7940";"0,4195";"-0,1541"
"4,8040";"0,3995";"-0,1661"
"4,8140";"0,3793";"-0,1784"
"4,8240";"0,3594";"-0,1917"
"4,8340";"0,3398";"-0,2029"
"4,8440";"0,3198";"-0,2139"
"4,8540";"0,3000";"-0,2262"
"4,8640";"0,2804";"-0,2387"
"4,8740";"0,2605";"-0,2515"
"4,8840";"0,2405";"-0,2642"
"4,8940";"0,2204";"-0,2752"
"4,9040";"0,2002";"-0,2853"
"4,9140";"0,1799";"-0,2953"
"4,9240";"0,1598";"-0,3043"
"4,9340";"0,1399";"-0,3138"
"4,9440";"0,1199";"-0,3227"
"4,9540";"0,1000";"-0,3295"
"4,9640";"0,0802";"-0,3371"
"4,9740";"0,0602";"-0,3441"
"4,9840";"0,0403";"-0,3519"
"4,9940";"0,0205";"-0,3588"
"5,0040";"0,0005";"-0,3650"
"5,0060";"-0,0035";"-0,3661"
"5,0080";"-0,0076";"-0,3673"
"5,0100";"-0,0116";"-0,3685"
"5,0200";"-0,0256";"-0,3689"
"5,0300";"-0,0255";"-0,3457"
"5,0400";"-0,0184";"-0,3239"
"5,0500";"-0,0038";"-0,3112"
"5,0600";"0,0187";"-0,3027"
"5,0700";"0,0462";"-0,2984"
"5,0800";"0,0761";"-0,2935"
"5,0900";"0,1064";"-0,2866"
"5,1000";"0,1360";"-0,2758"
"5,1100";"0,1646";"-0,2580"
"5,1200";"0,1918";"-0,2325"
"5,1300";"0,2178";"-0,2019"
"5,1400";"0,2427";"-0,1687"
"5,1500";"0,2666";"-0,1358"
"5,1600";"0,2896";"-0,1027"
"5,1700";"0,3119";"-0,0710"
"5,1800";"0,3336";"-0,0409"
"5,1900";"0,3551";"-0,0094"
"5,2000";"0,3762";"0,0222"
"5,2100";"0,3970";"0,0529"
"5,2200";"0,4174";"0,0836"
"5,2300";"0,4379";"0,1144"
"5,2400";"0,4582";"0,1479"
"5,2500";"0,4786";"0,1822"
"5,2600";"0,4989";"0,2169"
"5,2700";"0,5192";"0,2547"
"5,2800";"0,5394";"0,2956"
"5,2900";"0,5595";"0,3374"
"5,3000";"0,5797";"0,3791"
"5,3100";"0,5997";"0,4238"
"5,3200";"0,6199";"0,4689"
"5,3300";"0,6401";"0,5122"
"5,3400";"0,6600";"0,5535"
"5,3500";"0,6800";"0,5949"
"5,3600";"0,7000";"0,6381"
"5,3700";"0,7198";"0,6807"
"5,3800";"0,7399";"0,7220"
"5,3900";"0,7598";"0,7648"
"5,4000";"0,7799";"0,8081"
"5,4100";"0,7997";"0,8492"
"5,4200";"0,8197";"0,8898"
"5,4300";"0,8397";"0,9318"
"5,4400";"0,8598";"0,9735"
"5,4500";"0,8799";"1,0156"
"5,4600";"0,8999";"1,0555"
"5,4700";"0,9198";"1,0934"
"5,4800";"0,9398";"1,1329"
"5,4900";"0,9599";"1,1746"
"5,5000";"0,9799";"1,2149"
"5,5100";"0,9999";"1,2540"
"5,5200";"1,0200";"1,2942"
"5,5300";"1,0400";"1,3340"
"5,5400";"1,0601";"1,3732"
"5,5500";"1,0801";"1,4113"
"5,5600";"1,1000";"1,4504"
"5,5700";"1,1202";"1,4884"
"5,5800";"1,1402";"1,5271"
"5,5900";"1,1601";"1,5665"
"5,6000";"1,1802";"1,6040"
"5,6100";"1,2003";"1,6406"
"5,6200";"1,2201";"1,6770"
"5,6300";"1,2401";"1,7133"
"5,6400";"1,2599";"1,7502"
"5,6500";"1,2798";"1,7866"
"5,6600";"1,2997";"1,8207"
"5,6700";"1,3196";"1,8551"
"5,6800";"1,3397";"1,8907"
"5,6900";"1,3598";"1,9266"
"5,7000";"1,3798";"1,9613"
"5,7100";"1,3998";"1,9959"
"5,7200";"1,4197";"2,0316"
"5,7300";"1,4398";"2,0682"
"5,7400";"1,4600";"2,1047"
"5,7500";"1,4799";"2,1393"
"5,7600";"1,4999";"2,1736"
"5,7700";"1,5198";"2,2080"
"5,7800";"1,5398";"2,2426"
"5,7900";"1,5597";"2,2774"
"5,8000";"1,5799";"2,3111"
"5,8100";"1,5999";"2,3447"
"5,8200";"1,6200";"2,3781"
"5,8300";"1,6401";"2,4107"
"5,8400";"1,6600";"2,4431"
"5,8500";"1,6800";"2,4775"
"5,8600";"1,7001";"2,5113"
"5,8700";"1,7201";"2,5443"
"5,8800";"1,7399";"2,5762"
"5,8900";"1,7600";"2,6089"
"5,9000";"1,7799";"2,6414"
"5,9100";"1,7996";"2,6730"
"5,9200";"1,8196";"2,7061"
"5,9300";"1,8394";"2,7395"
"5,9400";"1,8594";"2,7710"
"5,9500";"1,8794";"2,8011"
"5,9600";"1,8996";"2,8324"
"5,9700";"1,9197";"2,8657"
"5,9800";"1,9398";"2,8978"
"5,9900";"1,9598";"2,9293"
"6,0000";"1,9797";"2,9601"
"6,0100";"1,9999";"2,9918"
"6,0200";"2,0200";"3,0254"
"6,0300";"2,0400";"3,0577"
"6,0400";"2,0603";"3,0906"
"6,0500";"2,0804";"3,1229"
"6,0600";"2,1003";"3,1538"
"6,0700";"2,1204";"3,1843"
"6,0800";"2,1405";"3,2143"
"6,0900";"2,1605";"3,2453"
"6,1000";"2,1804";"3,2774"
"6,1100";"2,2003";"3,3084"
"6,1200";"2,2199";"3,3378"
"6,1300";"2,2397";"3,3676"
"6,1400";"2,2596";"3,3989"
"6,1500";"2,2794";"3,4291"
"6,1600";"2,2991";"3,4582"
"6,1700";"2,3190";"3,4879"
"6,1800";"2,3389";"3,5183"
"6,1900";"2,3590";"3,5493"
"6,2000";"2,3796";"3,5807"
"6,2100";"2,4002";"3,6137"
"6,2200";"2,4204";"3,6449"
"6,2300";"2,4403";"3,6744"
"6,2400";"2,4604";"3,7039"
"6,2500";"2,4805";"3,7338"
"6,2600";"2,5005";"3,7661"
"6,2700";"2,5206";"3,7970"
"6,2800";"2,5406";"3,8267"
"6,2900";"2,5605";"3,8550"
"6,3000";"2,5806";"3,8839"
"6,3100";"2,6005";"3,9137"
"6,3200";"2,6205";"3,9438"
"6,3300";"2,6405";"3,9755"
"6,3400";"2,6601";"4,0057"
"6,3500";"2,6796";"4,0334"
"6,3600";"2,6992";"4,0608"
"6,3700";"2,7188";"4,0894"
"6,3800";"2,7385";"4,1196"
"6,3900";"2,7586";"4,1507"
"6,4000";"2,7786";"4,1805"
"6,4100";"2,7987";"4,2090"
"6,4200";"2,8194";"4,2402"
"6,4300";"2,8399";"4,2719"
"6,4400";"2,8600";"4,3005"
"6,4500";"2,8802";"4,3308"
"6,4600";"2,9002";"4,3605"
"6,4700";"2,9201";"4,3907"
"6,4800";"2,9403";"4,4205"
"6,4900";"2,9602";"4,4514"
"6,5000";"2,9802";"4,4842"
"6,5100";"3,0006";"4,5148"
"6,5200";"3,0209";"4,5428"
"6,5300";"3,0410";"4,5701"
"6,5400";"3,0609";"4,5990"
"6,5500";"3,0810";"4,6286"
"6,5600";"3,1007";"4,6578"
"6,5700";"3,1204";"4,6873"
"6,5800";"3,1398";"4,7173"
"6,5900";"3,1592";"4,7479"
"6,6000";"3,1788";"4,7771"
"6,6100";"3,1985";"4,8046"
"6,6200";"3,2185";"4,8334"
"6,6300";"3,2390";"4,8633"
"6,6400";"3,2594";"4,8922"
"6,6500";"3,2793";"4,9209"
"6,6600";"3,2991";"4,9522"
"6,6700";"3,3187";"4,9840"
"6,6800";"3,3388";"5,0141"
"6,6900";"3,3592";"5,0419"
"6,7000";"3,3796";"5,0702"
"6,7100";"3,4002";"5,1002"
"6,7200";"3,4207";"5,1340"
"6,7300";"3,4411";"5,1654"
"6,7400";"3,4614";"5,1959"
"6,7500";"3,4815";"5,2260"
"6,7600";"3,5012";"5,2550"
"6,7700";"3,5209";"5,2845"
"6,7800";"3,5406";"5,3154"
"6,7900";"3,5606";"5,3454"
"6,8000";"3,5805";"5,3738"
"6,8100";"3,6005";"5,4017"
"6,8200";"3,6204";"5,4322"
"6,8300";"3,6406";"5,4634"
"6,8400";"3,6604";"5,4935"
"6,8500";"3,6803";"5,5224"
"6,8600";"3,7001";"5,5518"
"6,8700";"3,7198";"5,5815"
"6,8800";"3,7395";"5,6100"
"6,8900";"3,7595";"5,6379"
"6,9000";"3,7795";"5,6674"
"6,9100";"3,7996";"5,6992"
"6,9200";"3,8200";"5,7294"
"6,9300";"3,8403";"5,7591"
"6,9400";"3,8605";"5,7900"
"6,9500";"3,8806";"5,8221"
"6,9600";"3,9007";"5,8534"
"6,9700";"3,9205";"5,8818"
"6,9800";"3,9403";"5,9109"
"6,9900";"3,9603";"5,9419"
"7,0000";"3,9802";"5,9727"
"7,0100";"4,0003";"6,0017"
"7,0200";"4,0205";"6,0316"
"7,0300";"4,0403";"6,0627"
"7,0400";"4,0603";"6,0941"
"7,0500";"4,0805";"6,1246"
"7,0600";"4,1004";"6,1536"
"7,0700";"4,1205";"6,1839"
"7,0800";"4,1403";"6,2159"
"7,0900";"4,1599";"6,2454"
"7,1000";"4,1794";"6,2737"
"7,1100";"4,1991";"6,3043"
"7,1200";"4,2191";"6,3368"
"7,1300";"4,2391";"6,3670"
"7,1400";"4,2596";"6,3964"
"7,1500";"4,2801";"6,4284"
"7,1600";"4,3005";"6,4607"
"7,1700";"4,3207";"6,4923"
"7,1800";"4,3408";"6,5224"
"7,1900";"4,3606";"6,5531"
"7,2000";"4,3806";"6,5854"
"7,2100";"4,4005";"6,6175"
"7,2200";"4,4204";"6,6500"
"7,2300";"4,4402";"6,6813"
"7,2400";"4,4601";"6,7115"
"7,2500";"4,4796";"6,7401"
"7,2600";"4,4992";"6,7696"
"7,2700";"4,5195";"6,8029"
"7,2800";"4,5399";"6,8360"
"7,2900";"4,5601";"6,8661"
"7,3000";"4,5802";"6,8944"
"7,3100";"4,5997";"6,9238"
"7,3200";"4,6192";"6,9551"
"7,3300";"4,6388";"6,9860"
"7,3400";"4,6587";"7,0157"
"7,3500";"4,6790";"7,0458"
"7,3600";"4,6994";"7,0780"
"7,3700";"4,7200";"7,1114"
"7,3800";"4,7405";"7,1439"
"7,3900";"4,7608";"7,1768"
"7,4000";"4,7810";"7,2098"
"7,4100";"4,8008";"7,2402"
"7,4200";"4,8208";"7,2704"
"7,4300";"4,8407";"7,3022"
"7,4400";"4,8606";"7,3348"
"7,4500";"4,8804";"7,3678"
"7,4600";"4,9001";"7,3978"
"7,4700";"4,9198";"7,4271"
"7,4800";"4,9398";"7,4587"
"7,4900";"4,9599";"7,4913"
"7,5000";"4,9797";"7,5221"
"7,5100";"4,9998";"7,5523"
"7,5120";"5,0039";"7,5586"
"7,5140";"5,0079";"7,5649"
"7,5160";"5,0119";"7,5711"
"7,5260";"5,0261";"7,5984"
"7,5360";"5,0259";"7,6000"
"7,5460";"5,0183";"7,5896"
"7,5560";"5,0031";"7,5704"
"7,5660";"4,9802";"7,5322"
"7,5760";"4,9522";"7,4751"
"7,5860";"4,9216";"7,4026"
"7,5960";"4,8909";"7,3197"
"7,6060";"4,8612";"7,2298"
"7,6160";"4,8331";"7,1357"
"7,6260";"4,8064";"7,0415"
"7,6360";"4,7811";"6,9522"
"7,6460";"4,7570";"6,8680"
"7,6560";"4,7338";"6,7880"
"7,6660";"4,7114";"6,7111"
"7,6760";"4,6893";"6,6393"
"7,6860";"4,6672";"6,5721"
"7,6960";"4,6454";"6,5073"
"7,7060";"4,6238";"6,4471"
"7,7160";"4,6027";"6,3922"
"7,7260";"4,5821";"6,3404"
"7,7360";"4,5618";"6,2887"
"7,7460";"4,5417";"6,2354"
"7,7560";"4,5213";"6,1835"
"7,7660";"4,5011";"6,1328"
"7,7760";"4,4812";"6,0820"
"7,7860";"4,4611";"6,0304"
"7,7960";"4,4408";"5,9815"
"7,8060";"4,4206";"5,9361"
"7,8160";"4,4004";"5,8910"
"7,8260";"4,3801";"5,8451"
"7,8360";"4,3599";"5,7976"
"7,8460";"4,3400";"5,7502"
"7,8560";"4,3200";"5,7030"
"7,8660";"4,3002";"5,6571"
"7,8760";"4,2806";"5,6141"
"7,8860";"4,2609";"5,5721"
"7,8960";"4,2413";"5,5284"
"7,9060";"4,2217";"5,4845"
"7,9160";"4,2011";"5,4426"
"7,9260";"4,1803";"5,4012"
"7,9360";"4,1599";"5,3594"
"7,9460";"4,1396";"5,3156"
"7,9560";"4,1194";"5,2731"
"7,9660";"4,0996";"5,2326"
"7,9760";"4,0795";"5,1909"
"7,9860";"4,0596";"5,1483"
"7,9960";"4,0399";"5,1062"
"8,0060";"4,0201";"5,0666"
"8,0160";"4,0001";"5,0272"
"8,0260";"3,9802";"4,9870"
"8,0360";"3,9603";"4,9491"
"8,0460";"3,9401";"4,9093"
"8,0560";"3,9200";"4,8702"
"8,0660";"3,9000";"4,8302"
"8,0760";"3,8800";"4,7908"
"8,0860";"3,8602";"4,7528"
"8,0960";"3,8405";"4,7165"
"8,1060";"3,8207";"4,6795"
"8,1160";"3,8010";"4,6423"
"8,1260";"3,7814";"4,6062"
"8,1360";"3,7610";"4,5695"
"8,1460";"3,7402";"4,5311"
"8,1560";"3,7199";"4,4936"
"8,1660";"3,6996";"4,4569"
"8,1760";"3,6793";"4,4201"
"8,1860";"3,6594";"4,3832"
"8,1960";"3,6394";"4,3469"
"8,2060";"3,6193";"4,3120"
"8,2160";"3,5995";"4,2781"
"8,2260";"3,5798";"4,2412"
"8,2360";"3,5598";"4,2023"
"8,2460";"3,5400";"4,1659"
"8,2560";"3,5201";"4,1315"
"8,2660";"3,5000";"4,0977"
"8,2760";"3,4798";"4,0635"
"8,2860";"3,4597";"4,0285"
"8,2960";"3,4398";"3,9948"
"8,3060";"3,4200";"3,9600"
"8,3160";"3,4002";"3,9257"
"8,3260";"3,3804";"3,8933"
"8,3360";"3,3605";"3,8615"
"8,3460";"3,3403";"3,8287"
"8,3560";"3,3202";"3,7940"
"8,3660";"3,3000";"3,7601"
"8,3760";"3,2799";"3,7272"
"8,3860";"3,2597";"3,6939"
"8,3960";"3,2397";"3,6604"
"8,4060";"3,2197";"3,6274"
"8,4160";"3,1998";"3,5947"
"8,4260";"3,1797";"3,5622"
"8,4360";"3,1599";"3,5296"
"8,4460";"3,1400";"3,4971"
"8,4560";"3,1200";"3,4654"
"8,4660";"3,1000";"3,4346"
"8,4760";"3,0803";"3,4031"
"8,4860";"3,0605";"3,3708"
"8,4960";"3,0405";"3,3390"
"8,5060";"3,0205";"3,3069"
"8,5160";"3,0003";"3,2748"
"8,5260";"2,9805";"3,2437"
"8,5360";"2,9608";"3,2146"
"8,5460";"2,9410";"3,1839"
"8,5560";"2,9208";"3,1506"
"8,5660";"2,9004";"3,1188"
"8,5760";"2,8798";"3,0878"
"8,5860";"2,8595";"3,0558"
"8,5960";"2,8395";"3,0229"
"8,6060";"2,8195";"2,9910"
"8,6160";"2,7997";"2,9611"
"8,6260";"2,7801";"2,9332"
"8,6360";"2,7601";"2,9039"
"8,6460";"2,7400";"2,8727"
"8,6560";"2,7198";"2,8409"
"8,6660";"2,6996";"2,8089"
"8,6760";"2,6794";"2,7775"
"8,6860";"2,6594";"2,7481"
"8,6960";"2,6395";"2,7199"
"8,7060";"2,6197";"2,6907"
"8,7160";"2,5999";"2,6617"
"8,7260";"2,5801";"2,6317"
"8,7360";"2,5600";"2,6025"
"8,7460";"2,5403";"2,5748"
"8,7560";"2,5206";"2,5462"
"8,7660";"2,5007";"2,5142"
"8,7760";"2,4807";"2,4833"
"8,7860";"2,4604";"2,4540"
"8,7960";"2,4401";"2,4239"
"8,8060";"2,4199";"2,3951"
"8,8160";"2,3997";"2,3664"
"8,8260";"2,3795";"2,3362"
"8,8360";"2,3596";"2,3042"
"8,8460";"2,3396";"2,2731"
"8,8560";"2,3196";"2,2444"
"8,8660";"2,2997";"2,2174"
"8,8760";"2,2799";"2,1895"
"8,8860";"2,2599";"2,1610"
"8,8960";"2,2400";"2,1322"
"8,9060";"2,2202";"2,1029"
"8,9160";"2,2001";"2,0729"
"8,9260";"2,1800";"2,0431"
"8,9360";"2,1599";"2,0143"
"8,9460";"2,1401";"1,9871"
"8,9560";"2,1204";"1,9584"
"8,9660";"2,1008";"1,9307"
"8,9760";"2,0810";"1,9032"
"8,9860";"2,0610";"1,8748"
"8,9960";"2,0413";"1,8459"
"9,0060";"2,0212";"1,8160"
"9,0160";"2,0006";"1,7863"
"9,0260";"1,9801";"1,7587"
"9,0360";"1,9598";"1,7315"
"9,0460";"1,9395";"1,7022"
"9,0560";"1,9196";"1,6731"
"9,0660";"1,8996";"1,6451"
"9,0760";"1,8796";"1,6163"
"9,0860";"1,8595";"1,5870"
"9,0960";"1,8395";"1,5587"
"9,1060";"1,8195";"1,5292"
"9,1160";"1,7994";"1,4996"
"9,1260";"1,7796";"1,4706"
"9,1360";"1,7595";"1,4431"
"9,1460";"1,7395";"1,4144"
"9,1560";"1,7197";"1,3864"
"9,1660";"1,6998";"1,3574"
"9,1760";"1,6798";"1,3286"
"9,1860";"1,6600";"1,3022"
"9,1960";"1,6400";"1,2748"
"9,2060";"1,6201";"1,2484"
"9,2160";"1,6004";"1,2223"
"9,2260";"1,5803";"1,1952"
"9,2360";"1,5602";"1,1659"
"9,2460";"1,5403";"1,1357"
"9,2560";"1,5202";"1,1078"
"9,2660";"1,5000";"1,0795"
"9,2760";"1,4802";"1,0518"
"9,2860";"1,4601";"1,0229"
"9,2960";"1,4400";"0,9935"
"9,3060";"1,4200";"0,9651"
"9,3160";"1,4001";"0,9377"
"9,3260";"1,3800";"0,9092"
"9,3360";"1,3599";"0,8808"
"9,3460";"1,3399";"0,8528"
"9,3560";"1,3200";"0,8256"
"9,3660";"1,3000";"0,7972"
"9,3760";"1,2801";"0,7676"
"9,3860";"1,2599";"0,7378"
"9,3960";"1,2398";"0,7093"
"9,4060";"1,2200";"0,6820"
"9,4160";"1,2000";"0,6541"
"9,4260";"1,1802";"0,6270"
"9,4360";"1,1606";"0,6010"
"9,4460";"1,1407";"0,5750"
"9,4560";"1,1203";"0,5473"
"9,4660";"1,1003";"0,5195"
"9,4760";"1,0802";"0,4922"
"9,4860";"1,0600";"0,4640"
"9,4960";"1,0401";"0,4358"
"9,5060";"1,0200";"0,4083"
"9,5160";"0,9999";"0,3814"
"9,5260";"0,9799";"0,3538"
"9,5360";"0,9600";"0,3259"
"9,5460";"0,9398";"0,2977"
"9,5560";"0,9199";"0,2720"
"9,5660";"0,9001";"0,2476"
"9,5760";"0,8799";"0,2218"
"9,5860";"0,8598";"0,1964"
"9,5960";"0,8400";"0,1721"
"9,6060";"0,8199";"0,1470"
"9,6160";"0,7999";"0,1210"
"9,6260";"0,7801";"0,0997"
"9,6360";"0,7603";"0,0799"
"9,6460";"0,7404";"0,0586"
"9,6560";"0,7206";"0,0360"
"9,6660";"0,7002";"0,0133"
"9,6760";"0,6798";"-0,0066"
"9,6860";"0,6597";"-0,0232"
"9,6960";"0,6396";"-0,0411"
"9,7060";"0,6197";"-0,0599"
"9,7160";"0,6000";"-0,0765"
"9,7260";"0,5800";"-0,0933"
"9,7360";"0,5598";"-0,1110"
"9,7460";"0,5399";"-0,1257"
"9,7560";"0,5199";"-0,1377"
"9,7660";"0,4997";"-0,1504"
"9,7760";"0,4798";"-0,1641"
"9,7860";"0,4598";"-0,1774"
"9,7960";"0,4396";"-0,1900"
"9,8060";"0,4196";"-0,2009"
"9,8160";"0,3996";"-0,2132"
"9,8260";"0,3795";"-0,2265"
"9,8360";"0,3595";"-0,2402"
"9,8460";"0,3399";"-0,2517"
"9,8560";"0,3202";"-0,2620"
"9,8660";"0,3002";"-0,2734"
"9,8760";"0,2804";"-0,2823"
"9,8860";"0,2603";"-0,2912"
"9,8960";"0,2401";"-0,3030"
"9,9060";"0,2201";"-0,3136"
"9,9160";"0,2001";"-0,3211"
"9,9260";"0,1799";"-0,3278"
"9,9360";"0,1600";"-0,3359"
"9,9460";"0,1401";"-0,3452"
"9,9560";"0,1201";"-0,3528"
"9,9660";"0,1001";"-0,3571"
"9,9760";"0,0803";"-0,3606"
"9,9860";"0,0602";"-0,3654"
"9,9960";"0,0404";"-0,3696"
"10,0060";"0,0204";"-0,3742"
"10,0160";"0,0004";"-0,3787"
"10,0180";"-0,0037";"-0,3795"
"10,0200";"-0,0077";"-0,3803"
"10,0220";"-0,0117";"-0,3811"
"10,0320";"-0,0259";"-0,3805"
"10,0420";"-0,0256";"-0,3567"
"10,0520";"-0,0184";"-0,3363"
"10,0620";"-0,0037";"-0,3249"
"10,0720";"0,0189";"-0,3165"
"10,0820";"0,0465";"-0,3123"
"10,0920";"0,0764";"-0,3117"
"10,1020";"0,1066";"-0,3126"
"10,1120";"0,1361";"-0,3086"
"10,1220";"0,1647";"-0,2975"
"10,1320";"0,1921";"-0,2792"
"10,1420";"0,2179";"-0,2549"
"10,1520";"0,2428";"-0,2256"
"10,1620";"0,2667";"-0,1935"
"10,1720";"0,2896";"-0,1594"
"10,1820";"0,3120";"-0,1291"
"10,1920";"0,3337";"-0,0994"
"10,2020";"0,3551";"-0,0684"
"10,2120";"0,3762";"-0,0410"
"10,2220";"0,3969";"-0,0169"
"10,2320";"0,4174";"0,0070"
"10,2420";"0,4379";"0,0347"
"10,2520";"0,4582";"0,0657"
"10,2620";"0,4786";"0,0965"
"10,2720";"0,4990";"0,1267"
"10,2820";"0,5193";"0,1601"
"10,2920";"0,5395";"0,1951"
"10,3020";"0,5597";"0,2298"
"10,3120";"0,5797";"0,2658"
"10,3220";"0,5995";"0,3033"
"10,3320";"0,6196";"0,3431"
"10,3420";"0,6397";"0,3863"
"10,3520";"0,6599";"0,4298"
"10,3620";"0,6800";"0,4728"
"10,3720";"0,7000";"0,5153"
"10,3820";"0,7198";"0,5551"
"10,3920";"0,7399";"0,5949"
"10,4020";"0,7599";"0,6362"
"10,4120";"0,7798";"0,6790"
"10,4220";"0,7997";"0,7206"
"10,4320";"0,8198";"0,7615"
"10,4420";"0,8397";"0,8034"
"10,4520";"0,8597";"0,8458"
"10,4620";"0,8799";"0,8863"
"10,4720";"0,8998";"0,9256"
"10,4820";"0,9197";"0,9663"
"10,4920";"0,9397";"1,0085"
"10,5020";"0,9598";"1,0505"
"10,5120";"0,9799";"1,0903"
"10,5220";"0,9999";"1,1308"
"10,5320";"1,0200";"1,1731"
"10,5420";"1,0400";"1,2138"
"10,5520";"1,0600";"1,2522"
"10,5620";"1,0800";"1,2902"
"10,5720";"1,1000";"1,3286"
"10,5820";"1,1201";"1,3672"
"10,5920";"1,1403";"1,4050"
"10,6020";"1,1601";"1,4421"
"10,6120";"1,1802";"1,4797"
"10,6220";"1,2003";"1,5176"
"10,6320";"1,2201";"1,5554"
"10,6420";"1,2399";"1,5933"
"10,6520";"1,2599";"1,6312"
"10,6620";"1,2798";"1,6665"
"10,6720";"1,2997";"1,7013"
"10,6820";"1,3196";"1,7375"
"10,6920";"1,3398";"1,7755"
"10,7020";"1,3598";"1,8129"
"10,7120";"1,3797";"1,8467"
"10,7220";"1,3998";"1,8794"
"10,7320";"1,4197";"1,9145"
"10,7420";"1,4398";"1,9511"
"10,7520";"1,4599";"1,9858"
"10,7620";"1,4799";"2,0190"
"10,7720";"1,4999";"2,0536"
"10,7820";"1,5200";"2,0880"
"10,7920";"1,5399";"2,1224"
"10,8020";"1,5599";"2,1587"
"10,8120";"1,5801";"2,1964"
"10,8220";"1,6000";"2,2322"
"10,8320";"1,6201";"2,2634"
"10,8420";"1,6401";"2,2944"
"10,8520";"1,6602";"2,3277"
"10,8620";"1,6802";"2,3632"
"10,8720";"1,7001";"2,3968"
"10,8820";"1,7202";"2,4287"
"10,8920";"1,7400";"2,4607"
"10,9020";"1,7600";"2,4931"
"10,9120";"1,7798";"2,5264"
"10,9220";"1,7998";"2,5593"
"10,9320";"1,8198";"2,5927"
"10,9420";"1,8397";"2,6254"
"10,9520";"1,8596";"2,6568"
"10,9620";"1,8796";"2,6879"
"10,9720";"1,8996";"2,7203"
"10,9820";"1,9196";"2,7541"
"10,9920";"1,9397";"2,7866"
"11,0020";"1,9597";"2,8187"
"11,0120";"1,9798";"2,8506"
"11,0220";"2,0001";"2,8834"
"11,0320";"2,0202";"2,9164"
"11,0420";"2,0401";"2,9493"
"11,0520";"2,0601";"2,9816"
"11,0620";"2,0800";"3,0120"
"11,0720";"2,1000";"3,0417"
"11,0820";"2,1200";"3,0720"
"11,0920";"2,1402";"3,1042"
"11,1020";"2,1604";"3,1372"
"11,1120";"2,1804";"3,1673"
"11,1220";"2,2003";"3,1951"
"11,1320";"2,2202";"3,2257"
"11,1420";"2,2402";"3,2575"
"11,1520";"2,2603";"3,2892"
"11,1620";"2,2802";"3,3206"
"11,1720";"2,3000";"3,3506"
"11,1820";"2,3196";"3,3802"
"11,1920";"2,3392";"3,4099"
"11,2020";"2,3586";"3,4396"
"11,2120";"2,3783";"3,4690"
"11,2220";"2,3984";"3,5003"
"11,2320";"2,4184";"3,5313"
"11,2420";"2,4383";"3,5612"
"11,2520";"2,4587";"3,5934"
"11,2620";"2,4796";"3,6269"
"11,2720";"2,5003";"3,6587"
"11,2820";"2,5205";"3,6877"
"11,2920";"2,5402";"3,7155"
"11,3020";"2,5602";"3,7457"
"11,3120";"2,5805";"3,7776"
"11,3220";"2,6008";"3,8083"
"11,3320";"2,6210";"3,8390"
"11,3420";"2,6411";"3,8698"
"11,3520";"2,6611";"3,8999"
"11,3620";"2,6808";"3,9294"
"11,3720";"2,7006";"3,9596"
"11,3820";"2,7204";"3,9909"
"11,3920";"2,7400";"4,0206"
"11,4020";"2,7599";"4,0493"
"11,4120";"2,7795";"4,0776"
"11,4220";"2,7991";"4,1069"
"11,4320";"2,8190";"4,1368"
"11,4420";"2,8390";"4,1660"
"11,4520";"2,8588";"4,1945"
"11,4620";"2,8793";"4,2262"
"11,4720";"2,8996";"4,2572"
"11,4820";"2,9196";"4,2862"
"11,4920";"2,9396";"4,3147"
"11,5020";"2,9592";"4,3438"
"11,5120";"2,9788";"4,3740"
"11,5220";"2,9991";"4,4054"
"11,5320";"3,0197";"4,4372"
"11,5420";"3,0403";"4,4693"
"11,5520";"3,0607";"4,5010"
"11,5620";"3,0810";"4,5305"
"11,5720";"3,1011";"4,5595"
"11,5820";"3,1210";"4,5893"
"11,5920";"3,1409";"4,6199"
"11,6020";"3,1605";"4,6499"
"11,6120";"3,1803";"4,6790"
"11,6220";"3,2001";"4,7083"
"11,6320";"3,2201";"4,7389"
"11,6420";"3,2400";"4,7679"
"11,6520";"3,2599";"4,7955"
"11,6620";"3,2799";"4,8236"
"11,6720";"3,2999";"4,8523"
"11,6820";"3,3198";"4,8809"
"11,6920";"3,3398";"4,9108"
"11,7020";"3,3599";"4,9428"
"11,7120";"3,3797";"4,9737"
"11,7220";"3,3994";"5,0036"
"11,7320";"3,4192";"5,0337"
"11,7420";"3,4391";"5,0650"
"11,7520";"3,4590";"5,0959"
"11,7620";"3,4790";"5,1257"
"11,7720";"3,4993";"5,1547"
"11,7820";"3,5196";"5,1836"
"11,7920";"3,5400";"5,2139"
"11,8020";"3,5606";"5,2441"
"11,8120";"3,5806";"5,2734"
"11,8220";"3,6006";"5,3044"
"11,8320";"3,6208";"5,3368"
"11,8420";"3,6410";"5,3665"
"11,8520";"3,6609";"5,3943"
"11,8620";"3,6809";"5,4236"
"11,8720";"3,7009";"5,4559"
"11,8820";"3,7208";"5,4891"
"11,8920";"3,7405";"5,5202"
"11,9020";"3,7602";"5,5513"
"11,9120";"3,7800";"5,5817"
"11,9220";"3,7996";"5,6084"
"11,9320";"3,8195";"5,6342"
"11,9420";"3,8394";"5,6621"
"11,9520";"3,8596";"5,6925"
"11,9620";"3,8801";"5,7256"
"11,9720";"3,9007";"5,7582"
"11,9820";"3,9210";"5,7911"
"11,9920";"3,9410";"5,8248"
"12,0020";"3,9610";"5,8569"
"12,0120";"3,9806";"5,8854"
"12,0220";"4,0004";"5,9128"
"12,0320";"4,0201";"5,9425"
"12,0420";"4,0402";"5,9750"
"12,0520";"4,0604";"6,0062"
"12,0620";"4,0806";"6,0373"
"12,0720";"4,1005";"6,0669"
"12,0820";"4,1205";"6,0974"
"12,0920";"4,1406";"6,1286"
"12,1020";"4,1605";"6,1587"
"12,1120";"4,1805";"6,1891"
"12,1220";"4,2003";"6,2199"
"12,1320";"4,2200";"6,2500"
"12,1420";"4,2397";"6,2794"
"12,1520";"4,2597";"6,3095"
"12,1620";"4,2797";"6,3414"
"12,1720";"4,2998";"6,3728"
"12,1820";"4,3198";"6,4032"
"12,1920";"4,3395";"6,4349"
"12,2020";"4,3593";"6,4670"
"12,2120";"4,3795";"6,4986"
"12,2220";"4,3999";"6,5293"
"12,2320";"4,4202";"6,5606"
"12,2420";"4,4403";"6,5920"
"12,2520";"4,4605";"6,6223"
"12,2620";"4,4806";"6,6531"
"12,2720";"4,5006";"6,6863"
"12,2820";"4,5207";"6,7212"
"12,2920";"4,5403";"6,7548"
"12,3020";"4,5599";"6,7833"
"12,3120";"4,5798";"6,8119"
"12,3220";"4,5996";"6,8426"
"12,3320";"4,6195";"6,8744"
"12,3420";"4,6396";"6,9069"
"12,3520";"4,6597";"6,9399"
"12,3620";"4,6796";"6,9727"
"12,3720";"4,6997";"7,0039"
"12,3820";"4,7197";"7,0344"
"12,3920";"4,7399";"7,0650"
"12,4020";"4,7601";"7,0968"
"12,4120";"4,7801";"7,1293"
"12,4220";"4,8000";"7,1614"
"12,4320";"4,8201";"7,1942"
"12,4420";"4,8403";"7,2271"
"12,4520";"4,8600";"7,2588"
"12,4620";"4,8798";"7,2898"
"12,4720";"4,8999";"7,3223"
"12,4820";"4,9200";"7,3547"
"12,4920";"4,9402";"7,3863"
"12,5020";"4,9602";"7,4167"
"12,5120";"4,9801";"7,4474"
"12,5220";"5,0000";"7,4811"
"12,5240";"5,0040";"7,4880"
"12,5260";"5,0079";"7,4948"
"12,5360";"5,0221";"7,5222"
"12,5460";"5,0217";"7,5243"
"12,5560";"5,0144";"7,5144"
"12,5660";"4,9992";"7,4945"
"12,5760";"4,9763";"7,4562"
"12,5860";"4,9483";"7,3995"
"12,5960";"4,9177";"7,3267"
"12,6060";"4,8870";"7,2434"
"12,6160";"4,8572";"7,1538"
"12,6260";"4,8293";"7,0617"
"12,6360";"4,8029";"6,9706"
"12,6460";"4,7781";"6,8834"
"12,6560";"4,7536";"6,7970"
"12,6660";"4,7299";"6,7146"
"12,6760";"4,7068";"6,6371"
"12,6860";"4,6841";"6,5683"
"12,6960";"4,6621";"6,5044"
"12,7060";"4,6406";"6,4423"
"12,7160";"4,6197";"6,3819"
"12,7260";"4,5992";"6,3253"
"12,7360";"4,5787";"6,2710"
"12,7460";"4,5584";"6,2179"
"12,7560";"4,5381";"6,1656"
"12,7660";"4,5176";"6,1169"
"12,7760";"4,4972";"6,0686"
"12,7860";"4,4768";"6,0165"
"12,7960";"4,4566";"5,9644"
"12,8060";"4,4363";"5,9160"
"12,8160";"4,4161";"5,8710"
"12,8260";"4,3963";"5,8247"
"12,8360";"4,3766";"5,7769"
"12,8460";"4,3567";"5,7285"
"12,8560";"4,3370";"5,6830"
"12,8660";"4,3171";"5,6389"
"12,8760";"4,2967";"5,5943"
"12,8860";"4,2762";"5,5492"
"12,8960";"4,2557";"5,5034"
"12,9060";"4,2355";"5,4570"
"12,9160";"4,2155";"5,4126"
"12,9260";"4,1955";"5,3696"
"12,9360";"4,1756";"5,3280"
"12,9460";"4,1559";"5,2873"
"12,9560";"4,1360";"5,2458"
"12,9660";"4,1161";"5,2057"
"12,9760";"4,0962";"5,1668"
"12,9860";"4,0761";"5,1278"
"12,9960";"4,0559";"5,0871"
"13,0060";"4,0361";"5,0458"
"13,0160";"4,0161";"5,0039"
"13,0260";"3,9961";"4,9614"
"13,0360";"3,9761";"4,9194"
"13,0460";"3,9564";"4,8806"
"13,0560";"3,9366";"4,8447"
"13,0660";"3,9168";"4,8089"
"13,0760";"3,8972";"4,7707"
"13,0860";"3,8775";"4,7321"
"13,0960";"3,8577";"4,6950"
"13,1060";"3,8373";"4,6566"
"13,1160";"3,8164";"4,6155"
"13,1260";"3,7958";"4,5752"
"13,1360";"3,7755";"4,5381"
"13,1460";"3,7553";"4,5021"
"13,1560";"3,7353";"4,4648"
"13,1660";"3,7154";"4,4281"
"13,1760";"3,6955";"4,3925"
"13,1860";"3,6757";"4,3554"
"13,1960";"3,6559";"4,3185"
"13,2060";"3,6359";"4,2825"
"13,2160";"3,6157";"4,2483"
"13,2260";"3,5957";"4,2151"
"13,2360";"3,5757";"4,1795"
"13,2460";"3,5557";"4,1437"
"13,2560";"3,5358";"4,1090"
"13,2660";"3,5159";"4,0742"
"13,2760";"3,4960";"4,0384"
"13,2860";"3,4761";"4,0032"
"13,2960";"3,4563";"3,9689"
"13,3060";"3,4364";"3,9344"
"13,3160";"3,4163";"3,8987"
"13,3260";"3,3963";"3,8648"
"13,3360";"3,3760";"3,8326"
"13,3460";"3,3558";"3,7999"
"13,3560";"3,3359";"3,7663"
"13,3660";"3,3158";"3,7306"
"13,3760";"3,2960";"3,6967"
"13,3860";"3,2762";"3,6622"
"13,3960";"3,2560";"3,6266"
"13,4060";"3,2359";"3,5922"
"13,4160";"3,2162";"3,5602"
"13,4260";"3,1965";"3,5290"
"13,4360";"3,1764";"3,4979"
"13,4460";"3,1562";"3,4662"
"13,4560";"3,1360";"3,4349"
"13,4660";"3,1157";"3,4038"
"13,4760";"3,0959";"3,3731"
"13,4860";"3,0761";"3,3402"
"13,4960";"3,0562";"3,3079"
"13,5060";"3,0366";"3,2756"
"13,5160";"3,0168";"3,2439"
"13,5260";"2,9966";"3,2115"
"13,5360";"2,9765";"3,1819"
"13,5460";"2,9563";"3,1514"
"13,5560";"2,9362";"3,1187"
"13,5660";"2,9159";"3,0851"
"13,5760";"2,8957";"3,0537"
"13,5860";"2,8754";"3,0229"
"13,5960";"2,8555";"2,9914"
"13,6060";"2,8356";"2,9607"
"13,6160";"2,8155";"2,9317"
"13,6260";"2,7956";"2,9025"
"13,6360";"2,7758";"2,8719"
"13,6460";"2,7561";"2,8400"
"13,6560";"2,7365";"2,8083"
"13,6660";"2,7165";"2,7783"
"13,6760";"2,6962";"2,7486"
"13,6860";"2,6757";"2,7182"
"13,6960";"2,6558";"2,6887"
"13,7060";"2,6358";"2,6598"
"13,7160";"2,6161";"2,6288"
"13,7260";"2,5966";"2,5987"
"13,7360";"2,5769";"2,5688"
"13,7460";"2,5567";"2,5394"
"13,7560";"2,5363";"2,5110"
"13,7660";"2,5158";"2,4823"
"13,7760";"2,4955";"2,4535"
"13,7860";"2,4755";"2,4258"
"13,7960";"2,4556";"2,3955"
"13,8060";"2,4355";"2,3619"
"13,8160";"2,4157";"2,3294"
"13,8260";"2,3956";"2,3004"
"13,8360";"2,3755";"2,2729"
"13,8460";"2,3556";"2,2435"
"13,8560";"2,3356";"2,2123"
"13,8660";"2,3155";"2,1819"
"13,8760";"2,2957";"2,1539"
"13,8860";"2,2759";"2,1262"
"13,8960";"2,2560";"2,0981"
"13,9060";"2,2360";"2,0687"
"13,9160";"2,2161";"2,0404"
"13,9260";"2,1961";"2,0118"
"13,9360";"2,1761";"1,9836"
"13,9460";"2,1565";"1,9564"
"13,9560";"2,1368";"1,9272"
"13,9660";"2,1171";"1,8971"
"13,9760";"2,0975";"1,8689"
"13,9860";"2,0773";"1,8425"
"13,9960";"2,0568";"1,8135"
"14,0060";"2,0363";"1,7846"
"14,0160";"2,0159";"1,7552"
"14,0260";"1,9956";"1,7248"
"14,0360";"1,9757";"1,6959"
"14,0460";"1,9556";"1,6661"
"14,0560";"1,9355";"1,6354"
"14,0660";"1,9156";"1,6081"
"14,0760";"1,8957";"1,5804"
"14,0860";"1,8757";"1,5504"
"14,0960";"1,8557";"1,5219"
"14,1060";"1,8356";"1,4945"
"14,1160";"1,8155";"1,4669"
"14,1260";"1,7956";"1,4386"
"14,1360";"1,7758";"1,4089"
"14,1460";"1,7556";"1,3798"
"14,1560";"1,7357";"1,3524"
"14,1660";"1,7159";"1,3266"
"14,1760";"1,6961";"1,2987"
"14,1860";"1,6762";"1,2715"
"14,1960";"1,6563";"1,2454"
"14,2060";"1,6361";"1,2176"
"14,2160";"1,6159";"1,1881"
"14,2260";"1,5961";"1,1605"
"14,2360";"1,5760";"1,1339"
"14,2460";"1,5559";"1,1051"
"14,2560";"1,5361";"1,0745"
"14,2660";"1,5161";"1,0455"
"14,2760";"1,4959";"1,0181"
"14,2860";"1,4759";"0,9918"
"14,2960";"1,4560";"0,9613"
"14,3060";"1,4359";"0,9304"
"14,3160";"1,4161";"0,9020"
"14,3260";"1,3960";"0,8744"
"14,3360";"1,3759";"0,8456"
"14,3460";"1,3559";"0,8171"
"14,3560";"1,3360";"0,7889"
"14,3660";"1,3160";"0,7610"
"14,3760";"1,2960";"0,7328"
"14,3860";"1,2763";"0,7047"
"14,3960";"1,2563";"0,6766"
"14,4060";"1,2363";"0,6499"
"14,4160";"1,2162";"0,6241"
"14,4260";"1,1961";"0,5974"
"14,4360";"1,1761";"0,5699"
"14,4460";"1,1562";"0,5431"
"14,4560";"1,1363";"0,5149"
"14,4660";"1,1161";"0,4861"
"14,4760";"1,0963";"0,4591"
"14,4860";"1,0762";"0,4317"
"14,4960";"1,0560";"0,4030"
"14,5060";"1,0361";"0,3740"
"14,5160";"1,0160";"0,3465"
"14,5260";"0,9959";"0,3192"
"14,5360";"0,9760";"0,2924"
"14,5460";"0,9559";"0,2664"
"14,5560";"0,9358";"0,2405"
"14,5660";"0,9160";"0,2156"
"14,5760";"0,8960";"0,1910"
"14,5860";"0,8760";"0,1666"
"14,5960";"0,8563";"0,1437"
"14,6060";"0,8368";"0,1229"
"14,6160";"0,8169";"0,0987"
"14,6260";"0,7970";"0,0747"
"14,6360";"0,7769";"0,0535"
"14,6460";"0,7564";"0,0338"
"14,6560";"0,7360";"0,0135"
"14,6660";"0,7159";"-0,0077"
"14,6760";"0,6956";"-0,0284"
"14,6860";"0,6754";"-0,0456"
"14,6960";"0,6554";"-0,0590"
"14,7060";"0,6355";"-0,0742"
"14,7160";"0,6155";"-0,0903"
"14,7260";"0,5958";"-0,1064"
"14,7360";"0,5758";"-0,1240"
"14,7460";"0,5556";"-0,1410"
"14,7560";"0,5357";"-0,1531"
"14,7660";"0,5158";"-0,1644"
"14,7760";"0,4957";"-0,1771"
"14,7860";"0,4758";"-0,1899"
"14,7960";"0,4559";"-0,2017"
"14,8060";"0,4356";"-0,2134"
"14,8160";"0,4156";"-0,2254"
"14,8260";"0,3957";"-0,2392"
"14,8360";"0,3758";"-0,2529"
"14,8460";"0,3557";"-0,2657"
"14,8560";"0,3360";"-0,2758"
"14,8660";"0,3159";"-0,2858"
"14,8760";"0,2960";"-0,2945"
"14,8860";"0,2761";"-0,3020"
"14,8960";"0,2561";"-0,3115"
"14,9060";"0,2360";"-0,3229"
"14,9160";"0,2162";"-0,3315"
"14,9260";"0,1961";"-0,3378"
"14,9360";"0,1760";"-0,3430"
"14,9460";"0,1561";"-0,3491"
"14,9560";"0,1362";"-0,3554"
"14,9660";"0,1162";"-0,3607"
"14,9760";"0,0963";"-0,3649"
"14,9860";"0,0765";"-0,3690"
"14,9960";"0,0563";"-0,3736"
"15,0060";"0,0364";"-0,3765"
"15,0160";"0,0164";"-0,3798"
"15,0260";"-0,0035";"-0,3825"
"15,0280";"-0,0076";"-0,3827"
"15,0300";"-0,0116";"-0,3829"
"15,0400";"-0,0256";"-0,3808"
"15,0500";"-0,0253";"-0,3578"
"15,0600";"-0,0183";"-0,3375"
"15,0700";"-0,0037";"-0,3256"
"15,0800";"0,0188";"-0,3180"
"15,0900";"0,0463";"-0,3153"
"15,1000";"0,0763";"-0,3186"
"15,1100";"0,1065";"-0,3214"
"15,1200";"0,1361";"-0,3202"
"15,1300";"0,1647";"-0,3134"
"15,1400";"0,1921";"-0,2978"
"15,1500";"0,2179";"-0,2760"
"15,1600";"0,2427";"-0,2491"
"15,1700";"0,2666";"-0,2190"
"15,1800";"0,2896";"-0,1872"
"15,1900";"0,3120";"-0,1582"
"15,2000";"0,3337";"-0,1315"
"15,2100";"0,3551";"-0,1036"
"15,2200";"0,3761";"-0,0763"
"15,2300";"0,3969";"-0,0508"
"15,2400";"0,4174";"-0,0255"
"15,2500";"0,4379";"0,0015"
"15,2600";"0,4583";"0,0299"
"15,2700";"0,4786";"0,0573"
"15,2800";"0,4990";"0,0850"
"15,2900";"0,5193";"0,1152"
"15,3000";"0,5395";"0,1479"
"15,3100";"0,5596";"0,1810"
"15,3200";"0,5797";"0,2139"
"15,3300";"0,5996";"0,2501"
"15,3400";"0,6197";"0,2880"
"15,3500";"0,6397";"0,3273"
"15,3600";"0,6597";"0,3675"
"15,3700";"0,6798";"0,4095"
"15,3800";"0,6998";"0,4514"
"15,3900";"0,7199";"0,4920"
"15,4000";"0,7400";"0,5328"
"15,4100";"0,7599";"0,5749"
"15,4200";"0,7799";"0,6174"
"15,4300";"0,7998";"0,6590"
"15,4400";"0,8199";"0,6993"
"15,4500";"0,8397";"0,7405"
"15,4600";"0,8598";"0,7839"
"15,4700";"0,8799";"0,8258"
"15,4800";"0,8998";"0,8651"
"15,4900";"0,9197";"0,9039"
"15,5000";"0,9397";"0,9436"
"15,5100";"0,9598";"0,9845"
"15,5200";"0,9797";"1,0264"
"15,5300";"0,9998";"1,0691"
"15,5400";"1,0199";"1,1099"
"15,5500";"1,0398";"1,1476"
"15,5600";"1,0599";"1,1854"
"15,5700";"1,0800";"1,2264"
"15,5800";"1,0998";"1,2679"
"15,5900";"1,1198";"1,3069"
"15,6000";"1,1399";"1,3442"
"15,6100";"1,1600";"1,3823"
"15,6200";"1,1802";"1,4222"
"15,6300";"1,2004";"1,4621"
"15,6400";"1,2202";"1,4983"
"15,6500";"1,2401";"1,5335"
"15,6600";"1,2599";"1,5688"
"15,6700";"1,2797";"1,6044"
"15,6800";"1,2997";"1,6394"
"15,6900";"1,3196";"1,6762"
"15,7000";"1,3397";"1,7139"
"15,7100";"1,3598";"1,7497"
"15,7200";"1,3797";"1,7842"
"15,7300";"1,3998";"1,8197"
"15,7400";"1,4197";"1,8561"
"15,7500";"1,4398";"1,8925"
"15,7600";"1,4599";"1,9277"
"15,7700";"1,4798";"1,9619"
"15,7800";"1,4999";"1,9974"
"15,7900";"1,5198";"2,0314"
"15,8000";"1,5399";"2,0651"
"15,8100";"1,5599";"2,0994"
"15,8200";"1,5799";"2,1338"
"15,8300";"1,5999";"2,1669"
"15,8400";"1,6198";"2,1995"
"15,8500";"1,6399";"2,2346"
"15,8600";"1,6600";"2,2711"
"15,8700";"1,6799";"2,3066"
"15,8800";"1,7000";"2,3398"
"15,8900";"1,7200";"2,3716"
"15,9000";"1,7399";"2,4038"
"15,9100";"1,7600";"2,4377"
"15,9200";"1,7799";"2,4707"
"15,9300";"1,7998";"2,5024"
"15,9400";"1,8199";"2,5349"
"15,9500";"1,8398";"2,5666"
"15,9600";"1,8596";"2,5980"
"15,9700";"1,8798";"2,6317"
"15,9800";"1,8997";"2,6651"
"15,9900";"1,9198";"2,6970"
"16,0000";"1,9398";"2,7266"
"16,0100";"1,9598";"2,7578"
"16,0200";"1,9798";"2,7906"
"16,0300";"1,9999";"2,8240"
"16,0400";"2,0199";"2,8566"
"16,0500";"2,0400";"2,8892"
"16,0600";"2,0600";"2,9222"
"16,0700";"2,0799";"2,9543"
"16,0800";"2,1000";"2,9848"
"16,0900";"2,1200";"3,0145"
"16,1000";"2,1403";"3,0456"
"16,1100";"2,1603";"3,0780"
"16,1200";"2,1804";"3,1099"
"16,1300";"2,2002";"3,1399"
"16,1400";"2,2202";"3,1703"
"16,1500";"2,2400";"3,2013"
"16,1600";"2,2601";"3,2329"
"16,1700";"2,2801";"3,2642"
"16,1800";"2,3002";"3,2963"
"16,1900";"2,3200";"3,3281"
"16,2000";"2,3401";"3,3583"
"16,2100";"2,3598";"3,3883"
"16,2200";"2,3796";"3,4201"
"16,2300";"2,3995";"3,4516"
"16,2400";"2,4191";"3,4800"
"16,2500";"2,4386";"3,5071"
"16,2600";"2,4585";"3,5363"
"16,2700";"2,4783";"3,5674"
"16,2800";"2,4982";"3,5982"
"16,2900";"2,5184";"3,6279"
"16,3000";"2,5387";"3,6578"
"16,3100";"2,5594";"3,6887"
"16,3200";"2,5803";"3,7208"
"16,3300";"2,6009";"3,7522"
"16,3400";"2,6213";"3,7828"
"16,3500";"2,6415";"3,8156"
"16,3600";"2,6613";"3,8475"
"16,3700";"2,6810";"3,8770"
"16,3800";"2,7006";"3,9054"
"16,3900";"2,7202";"3,9352"
"16,4000";"2,7401";"3,9652"
"16,4100";"2,7603";"3,9955"
"16,4200";"2,7802";"4,0248"
"16,4300";"2,8002";"4,0534"
"16,4400";"2,8200";"4,0822"
"16,4500";"2,8397";"4,1113"
"16,4600";"2,8593";"4,1420"
"16,4700";"2,8789";"4,1723"
"16,4800";"2,8987";"4,2022"
"16,4900";"2,9186";"4,2307"
"16,5000";"2,9386";"4,2591"
"16,5100";"2,9589";"4,2891"
"16,5200";"2,9791";"4,3203"
"16,5300";"2,9997";"4,3519"
"16,5400";"3,0202";"4,3834"
"16,5500";"3,0404";"4,4157"
"16,5600";"3,0607";"4,4461"
"16,5700";"3,0808";"4,4762"
"16,5800";"3,1007";"4,5068"
"16,5900";"3,1202";"4,5364"
"16,6000";"3,1397";"4,5649"
"16,6100";"3,1595";"4,5922"
"16,6200";"3,1796";"4,6217"
"16,6300";"3,1999";"4,6544"
"16,6400";"3,2201";"4,6866"
"16,6500";"3,2402";"4,7161"
"16,6600";"3,2603";"4,7445"
"16,6700";"3,2803";"4,7720"
"16,6800";"3,3002";"4,8004"
"16,6900";"3,3203";"4,8284"
"16,7000";"3,3403";"4,8572"
"16,7100";"3,3602";"4,8895"
"16,7200";"3,3799";"4,9209"
"16,7300";"3,3996";"4,9518"
"16,7400";"3,4197";"4,9833"
"16,7500";"3,4399";"5,0136"
"16,7600";"3,4602";"5,0427"
"16,7700";"3,4804";"5,0721"
"16,7800";"3,5005";"5,1007"
"16,7900";"3,5205";"5,1311"
"16,8000";"3,5405";"5,1633"
"16,8100";"3,5606";"5,1939"
"16,8200";"3,5806";"5,2239"
"16,8300";"3,6003";"5,2533"
"16,8400";"3,6199";"5,2832"
"16,8500";"3,6398";"5,3132"
"16,8600";"3,6598";"5,3431"
"16,8700";"3,6799";"5,3735"
"16,8800";"3,7002";"5,4056"
"16,8900";"3,7203";"5,4369"
"16,9000";"3,7404";"5,4666"
"16,9100";"3,7603";"5,4965"
"16,9200";"3,7801";"5,5268"
"16,9300";"3,7999";"5,5573"
"16,9400";"3,8197";"5,5866"
"16,9500";"3,8395";"5,6158"
"16,9600";"3,8595";"5,6461"
"16,9700";"3,8799";"5,6781"
"16,9800";"3,9006";"5,7105"
"16,9900";"3,9207";"5,7413"
"17,0000";"3,9409";"5,7726"
"17,0100";"3,9609";"5,8047"
"17,0200";"3,9805";"5,8348"
"17,0300";"4,0005";"5,8649"
"17,0400";"4,0207";"5,8954"
"17,0500";"4,0407";"5,9266"
"17,0600";"4,0608";"5,9582"
"17,0700";"4,0809";"5,9906"
"17,0800";"4,1008";"6,0230"
"17,0900";"4,1207";"6,0532"
"17,1000";"4,1408";"6,0810"
"17,1100";"4,1604";"6,1085"
"17,1200";"4,1800";"6,1391"
"17,1300";"4,1996";"6,1697"
"17,1400";"4,2191";"6,1983"
"17,1500";"4,2388";"6,2281"
"17,1600";"4,2587";"6,2609"
"17,1700";"4,2792";"6,2954"
"17,1800";"4,2998";"6,3280"
"17,1900";"4,3205";"6,3592"
"17,2000";"4,3407";"6,3897"
"17,2100";"4,3607";"6,4210"
"17,2200";"4,3807";"6,4523"
"17,2300";"4,4005";"6,4842"
"17,2400";"4,4202";"6,5168"
"17,2500";"4,4403";"6,5497"
"17,2600";"4,4603";"6,5809"
"17,2700";"4,4800";"6,6114"
"17,2800";"4,4996";"6,6433"
"17,2900";"4,5195";"6,6758"
"17,3000";"4,5397";"6,7075"
"17,3100";"4,5598";"6,7379"
"17,3200";"4,5802";"6,7699"
"17,3300";"4,6002";"6,8032"
"17,3400";"4,6201";"6,8340"
"17,3500";"4,6401";"6,8643"
"17,3600";"4,6599";"6,8954"
"17,3700";"4,6795";"6,9279"
"17,3800";"4,6996";"6,9585"
"17,3900";"4,7199";"6,9897"
"17,4000";"4,7400";"7,0225"
"17,4100";"4,7602";"7,0563"
"17,4200";"4,7803";"7,0893"
"17,4300";"4,8001";"7,1198"
"17,4400";"4,8201";"7,1510"
"17,4500";"4,8400";"7,1828"
"17,4600";"4,8600";"7,2142"
"17,4700";"4,8802";"7,2448"
"17,4800";"4,9001";"7,2773"
"17,4900";"4,9200";"7,3111"
"17,5000";"4,9397";"7,3451"
"17,5100";"4,9597";"7,3792"
"17,5200";"4,9797";"7,4118"
"17,5300";"4,9999";"7,4435"
"17,5320";"5,0039";"7,4496"
"17,5340";"5,0079";"7,4556"
"17,5360";"5,0118";"7,4616"
"17,5460";"5,0260";"7,4872"
"17,5560";"5,0257";"7,4883"
"17,5660";"5,0183";"7,4807"
"17,5760";"5,0032";"7,4625"
"17,5860";"4,9802";"7,4241"
"17,5960";"4,9522";"7,3692"
"17,6060";"4,9217";"7,2992"
"17,6160";"4,8910";"7,2176"
"17,6260";"4,8613";"7,1281"
"17,6360";"4,8331";"7,0352"
"17,6460";"4,8065";"6,9429"
"17,6560";"4,7815";"6,8536"
"17,6660";"4,7574";"6,7667"
"17,6760";"4,7343";"6,6846"
"17,6860";"4,7115";"6,6088"
"17,6960";"4,6892";"6,5393"
"17,7060";"4,6672";"6,4735"
"17,7160";"4,6455";"6,4096"
"17,7260";"4,6238";"6,3503"
"17,7360";"4,6026";"6,2954"
"17,7460";"4,5817";"6,2421"
"17,7560";"4,5612";"6,1895"
"17,7660";"4,5409";"6,1376"
"17,7760";"4,5208";"6,0844"
"17,7860";"4,5011";"6,0326"
"17,7960";"4,4816";"5,9834"
"17,8060";"4,4619";"5,9358"
"17,8160";"4,4417";"5,8888"
"17,8260";"4,4218";"5,8422"
"17,8360";"4,4018";"5,7960"
"17,8460";"4,3819";"5,7510"
"17,8560";"4,3613";"5,7066"
"17,8660";"4,3405";"5,6591"
"17,8760";"4,3197";"5,6093"
"17,8860";"4,2991";"5,5611"
"17,8960";"4,2789";"5,5156"
"17,9060";"4,2589";"5,4710"
"17,9160";"4,2390";"5,4254"
"17,9260";"4,2193";"5,3827"
"17,9360";"4,1994";"5,3431"
"17,9460";"4,1794";"5,3023"
"17,9560";"4,1597";"5,2592"
"17,9660";"4,1399";"5,2145"
"17,9760";"4,1199";"5,1722"
"17,9860";"4,1001";"5,1325"
"17,9960";"4,0801";"5,0933"
"18,0060";"4,0599";"5,0518"
"18,0160";"4,0401";"5,0110"
"18,0260";"4,0203";"4,9733"
"18,0360";"4,0004";"4,9362"
"18,0460";"3,9808";"4,8972"
"18,0560";"3,9614";"4,8583"
"18,0660";"3,9415";"4,8179"
"18,0760";"3,9213";"4,7759"
"18,0860";"3,9010";"4,7374"
"18,0960";"3,8804";"4,7010"
"18,1060";"3,8599";"4,6649"
"18,1160";"3,8398";"4,6266"
"18,1260";"3,8195";"4,5864"
"18,1360";"3,7995";"4,5473"
"18,1460";"3,7797";"4,5098"
"18,1560";"3,7596";"4,4717"
"18,1660";"3,7394";"4,4338"
"18,1760";"3,7195";"4,3975"
"18,1860";"3,6995";"4,3610"
"18,1960";"3,6794";"4,3240"
"18,2060";"3,6597";"4,2873"
"18,2160";"3,6400";"4,2526"
"18,2260";"3,6202";"4,2169"
"18,2360";"3,6003";"4,1801"
"18,2460";"3,5805";"4,1441"
"18,2560";"3,5604";"4,1097"
"18,2660";"3,5405";"4,0782"
"18,2760";"3,5205";"4,0463"
"18,2860";"3,5002";"4,0114"
"18,2960";"3,4799";"3,9745"
"18,3060";"3,4599";"3,9389"
"18,3160";"3,4398";"3,9042"
"18,3260";"3,4198";"3,8704"
"18,3360";"3,4000";"3,8356"
"18,3460";"3,3800";"3,8003"
"18,3560";"3,3601";"3,7642"
"18,3660";"3,3401";"3,7305"
"18,3760";"3,3201";"3,6989"
"18,3860";"3,2999";"3,6677"
"18,3960";"3,2798";"3,6351"
"18,4060";"3,2597";"3,5993"
"18,4160";"3,2396";"3,5652"
"18,4260";"3,2197";"3,5353"
"18,4360";"3,1998";"3,5059"
"18,4460";"3,1802";"3,4750"
"18,4560";"3,1608";"3,4418"
"18,4660";"3,1413";"3,4083"
"18,4760";"3,1212";"3,3744"
"18,4860";"3,1010";"3,3425"
"18,4960";"3,0808";"3,3129"
"18,5060";"3,0604";"3,2830"
"18,5160";"3,0402";"3,2522"
"18,5260";"3,0200";"3,2184"
"18,5360";"2,9997";"3,1847"
"18,5460";"2,9797";"3,1525"
"18,5560";"2,9599";"3,1215"
"18,5660";"2,9399";"3,0896"
"18,5760";"2,9201";"3,0572"
"18,5860";"2,9000";"3,0252"
"18,5960";"2,8797";"2,9941"
"18,6060";"2,8595";"2,9632"
"18,6160";"2,8396";"2,9329"
"18,6260";"2,8195";"2,9027"
"18,6360";"2,7996";"2,8721"
"18,6460";"2,7796";"2,8392"
"18,6560";"2,7595";"2,8071"
"18,6660";"2,7400";"2,7772"
"18,6760";"2,7207";"2,7499"
"18,6860";"2,7012";"2,7215"
"18,6960";"2,6813";"2,6908"
"18,7060";"2,6611";"2,6609"
"18,7160";"2,6405";"2,6311"
"18,7260";"2,6200";"2,6008"
"18,7360";"2,5998";"2,5718"
"18,7460";"2,5795";"2,5428"
"18,7560";"2,5592";"2,5121"
"18,7660";"2,5393";"2,4806"
"18,7760";"2,5193";"2,4495"
"18,7860";"2,4992";"2,4201"
"18,7960";"2,4795";"2,3922"
"18,8060";"2,4598";"2,3619"
"18,8160";"2,4397";"2,3303"
"18,8260";"2,4198";"2,3007"
"18,8360";"2,3998";"2,2740"
"18,8460";"2,3796";"2,2474"
"18,8560";"2,3597";"2,2181"
"18,8660";"2,3399";"2,1883"
"18,8760";"2,3198";"2,1578"
"18,8860";"2,3000";"2,1269"
"18,8960";"2,2804";"2,0976"
"18,9060";"2,2608";"2,0690"
"18,9160";"2,2412";"2,0416"
"18,9260";"2,2215";"2,0144"
"18,9360";"2,2014";"1,9844"
"18,9460";"2,1812";"1,9545"
"18,9560";"2,1610";"1,9261"
"18,9660";"2,1406";"1,8983"
"18,9760";"2,1200";"1,8699"
"18,9860";"2,0997";"1,8414"
"18,9960";"2,0794";"1,8124"
"19,0060";"2,0592";"1,7814"
"19,0160";"2,0393";"1,7511"
"19,0260";"2,0195";"1,7231"
"19,0360";"1,9993";"1,6954"
"19,0460";"1,9796";"1,6670"
"19,0560";"1,9597";"1,6373"
"19,0660";"1,9397";"1,6075"
"19,0760";"1,9198";"1,5794"
"19,0860";"1,9000";"1,5499"
"19,0960";"1,8798";"1,5204"
"19,1060";"1,8598";"1,4922"
"19,1160";"1,8399";"1,4653"
"19,1260";"1,8196";"1,4366"
"19,1360";"1,7996";"1,4076"
"19,1460";"1,7797";"1,3805"
"19,1560";"1,7599";"1,3542"
"19,1660";"1,7399";"1,3282"
"19,1760";"1,7201";"1,3000"
"19,1860";"1,6999";"1,2692"
"19,1960";"1,6798";"1,2392"
"19,2060";"1,6600";"1,2117"
"19,2160";"1,6400";"1,1833"
"19,2260";"1,6200";"1,1542"
"19,2360";"1,6000";"1,1272"
"19,2460";"1,5799";"1,1001"
"19,2560";"1,5599";"1,0716"
"19,2660";"1,5400";"1,0432"
"19,2760";"1,5201";"1,0149"
"19,2860";"1,4999";"0,9864"
"19,2960";"1,4801";"0,9581"
"19,3060";"1,4601";"0,9295"
"19,3160";"1,4399";"0,9016"
"19,3260";"1,4201";"0,8741"
"19,3360";"1,4001";"0,8452"
"19,3460";"1,3800";"0,8169"
"19,3560";"1,3600";"0,7884"
"19,3660";"1,3402";"0,7606"
"19,3760";"1,3203";"0,7310"
"19,3860";"1,3004";"0,7011"
"19,3960";"1,2803";"0,6735"
"19,4060";"1,2601";"0,6468"
"19,4160";"1,2399";"0,6195"
"19,4260";"1,2200";"0,5922"
"19,4360";"1,2000";"0,5659"
"19,4460";"1,1801";"0,5395"
"19,4560";"1,1602";"0,5111"
"19,4660";"1,1404";"0,4826"
"19,4760";"1,1202";"0,4546"
"19,4860";"1,1002";"0,4275"
"19,4960";"1,0801";"0,3997"
"19,5060";"1,0601";"0,3716"
"19,5160";"1,0401";"0,3444"
"19,5260";"1,0201";"0,3179"
"19,5360";"0,9999";"0,2912"
"19,5460";"0,9801";"0,2641"
"19,5560";"0,9601";"0,2392"
"19,5660";"0,9400";"0,2164"
"19,5760";"0,9200";"0,1918"
"19,5860";"0,9003";"0,1671"
"19,5960";"0,8800";"0,1416"
"19,6060";"0,8599";"0,1175"
"19,6160";"0,8401";"0,0945"
"19,6260";"0,8199";"0,0723"
"19,6360";"0,7998";"0,0511"
"19,6460";"0,7800";"0,0310"
"19,6560";"0,7600";"0,0098"
"19,6660";"0,7401";"-0,0116"
"19,6760";"0,7203";"-0,0297"
"19,6860";"0,7001";"-0,0466"
"19,6960";"0,6798";"-0,0635"
"19,7060";"0,6599";"-0,0804"
"19,7160";"0,6399";"-0,0969"
"19,7260";"0,6199";"-0,1120"
"19,7360";"0,6001";"-0,1249"
"19,7460";"0,5800";"-0,1395"
"19,7560";"0,5599";"-0,1543"
"19,7660";"0,5399";"-0,1671"
"19,7760";"0,5200";"-0,1800"
"19,7860";"0,5000";"-0,1937"
"19,7960";"0,4801";"-0,2061"
"19,8060";"0,4602";"-0,2175"
"19,8160";"0,4399";"-0,2299"
"19,8260";"0,4196";"-0,2423"
"19,8360";"0,3996";"-0,2534"
"19,8460";"0,3793";"-0,2635"
"19,8560";"0,3594";"-0,2733"
"19,8660";"0,3396";"-0,2845"
"19,8760";"0,3199";"-0,2956"
"19,8860";"0,3000";"-0,3043"
"19,8960";"0,2803";"-0,3119"
"19,9060";"0,2602";"-0,3197"
"19,9160";"0,2400";"-0,3276"
"19,9260";"0,2201";"-0,3354"
"19,9360";"0,2001";"-0,3419"
"19,9460";"0,1799";"-0,3495"
"19,9560";"0,1601";"-0,3573"
"19,9660";"0,1401";"-0,3627"
"19,9760";"0,1202";"-0,3664"
"19,9860";"0,1003";"-0,3699"
"19,9960";"0,0806";"-0,3745"
"20,0060";"0,0607";"-0,3776"
"20,0160";"0,0407";"-0,3794"
"20,0260";"0,0208";"-0,3826"
"20,0360";"0,0005";"-0,3866"
"20,0380";"-0,0035";"-0,3874"
"20,0400";"-0,0076";"-0,3880"
"20,0420";"-0,0116";"-0,3886"
"20,0520";"-0,0259";"-0,3870"
"20,0620";"-0,0259";"-0,3621"
"20,0720";"-0,0187";"-0,3391"
"20,0820";"-0,0039";"-0,3256"
"20,0920";"0,0187";"-0,3189"
"20,1020";"0,0463";"-0,3202"
"20,1120";"0,0763";"-0,3261"
"20,1220";"0,1065";"-0,3302"
"20,1320";"0,1361";"-0,3302"
"20,1420";"0,1647";"-0,3256"
"20,1520";"0,1921";"-0,3139"
"20,1620";"0,2180";"-0,2948"
"20,1720";"0,2428";"-0,2669"
"20,1820";"0,2666";"-0,2357"
"20,1920";"0,2896";"-0,2058"
"20,2020";"0,3119";"-0,1788"
"20,2120";"0,3337";"-0,1507"
"20,2220";"0,3552";"-0,1224"
"20,2320";"0,3762";"-0,0957"
"20,2420";"0,3970";"-0,0707"
"20,2520";"0,4174";"-0,0453"
"20,2620";"0,4379";"-0,0180"
"20,2720";"0,4582";"0,0079"
"20,2820";"0,4785";"0,0323"
"20,2920";"0,4989";"0,0575"
"20,3020";"0,5192";"0,0852"
"20,3120";"0,5395";"0,1157"
"20,3220";"0,5596";"0,1471"
"20,3320";"0,5798";"0,1797"
"20,3420";"0,5997";"0,2154"
"20,3520";"0,6198";"0,2523"
"20,3620";"0,6399";"0,2906"
"20,3720";"0,6598";"0,3294"
"20,3820";"0,6799";"0,3683"
"20,3920";"0,6997";"0,4086"
"20,4020";"0,7195";"0,4498"
"20,4120";"0,7396";"0,4917"
"20,4220";"0,7598";"0,5347"
"20,4320";"0,7798";"0,5775"
"20,4420";"0,7997";"0,6179"
"20,4520";"0,8199";"0,6589"
"20,4620";"0,8398";"0,7027"
"20,4720";"0,8598";"0,7449"
"20,4820";"0,8800";"0,7841"
"20,4920";"0,8998";"0,8227"
"20,5020";"0,9197";"0,8624"
"20,5120";"0,9398";"0,9039"
"20,5220";"0,9598";"0,9464"
"20,5320";"0,9799";"0,9880"
"20,5420";"0,9999";"1,0279"
"20,5520";"1,0199";"1,0670"
"20,5620";"1,0398";"1,1054"
"20,5720";"1,0600";"1,1442"
"20,5820";"1,0800";"1,1845"
"20,5920";"1,1000";"1,2248"
"20,6020";"1,1201";"1,2640"
"20,6120";"1,1401";"1,3026"
"20,6220";"1,1599";"1,3421"
"20,6320";"1,1798";"1,3815"
"20,6420";"1,1999";"1,4198"
"20,6520";"1,2200";"1,4557"
"20,6620";"1,2399";"1,4909"
"20,6720";"1,2600";"1,5258"
"20,6820";"1,2800";"1,5623"
"20,6920";"1,2998";"1,6000"
"20,7020";"1,3197";"1,6387"
"20,7120";"1,3398";"1,6764"
"20,7220";"1,3598";"1,7116"
"20,7320";"1,3798";"1,7466"
"20,7420";"1,3998";"1,7812"
"20,7520";"1,4197";"1,8162"
"20,7620";"1,4398";"1,8508"
"20,7720";"1,4599";"1,8864"
"20,7820";"1,4798";"1,9235"
"20,7920";"1,4999";"1,9611"
"20,8020";"1,5200";"1,9960"
"20,8120";"1,5398";"2,0298"
"20,8220";"1,5599";"2,0645"
"20,8320";"1,5799";"2,0990"
"20,8420";"1,5999";"2,1314"
"20,8520";"1,6200";"2,1642"
"20,8620";"1,6400";"2,1984"
"20,8720";"1,6600";"2,2349"
"20,8820";"1,6800";"2,2715"
"20,8920";"1,7001";"2,3034"
"20,9020";"1,7201";"2,3333"
"20,9120";"1,7400";"2,3643"
"20,9220";"1,7600";"2,3973"
"20,9320";"1,7799";"2,4299"
"20,9420";"1,7999";"2,4628"
"20,9520";"1,8198";"2,4967"
"20,9620";"1,8398";"2,5293"
"20,9720";"1,8596";"2,5604"
"20,9820";"1,8797";"2,5926"
"20,9920";"1,8997";"2,6246"
"21,0020";"1,9197";"2,6564"
"21,0120";"1,9398";"2,6880"
"21,0220";"1,9598";"2,7201"
"21,0320";"1,9798";"2,7528"
"21,0420";"2,0000";"2,7860"
"21,0520";"2,0199";"2,8172"
"21,0620";"2,0399";"2,8490"
"21,0720";"2,0600";"2,8814"
"21,0820";"2,0800";"2,9145"
"21,0920";"2,1000";"2,9461"
"21,1020";"2,1200";"2,9773"
"21,1120";"2,1403";"3,0099"
"21,1220";"2,1605";"3,0425"
"21,1320";"2,1805";"3,0739"
"21,1420";"2,2003";"3,1033"
"21,1520";"2,2202";"3,1331"
"21,1620";"2,2400";"3,1639"
"21,1720";"2,2601";"3,1950"
"21,1820";"2,2801";"3,2267"
"21,1920";"2,3002";"3,2576"
"21,2020";"2,3200";"3,2881"
"21,2120";"2,3400";"3,3189"
"21,2220";"2,3599";"3,3488"
"21,2320";"2,3799";"3,3805"
"21,2420";"2,3998";"3,4115"
"21,2520";"2,4198";"3,4404"
"21,2620";"2,4396";"3,4692"
"21,2720";"2,4595";"3,5005"
"21,2820";"2,4789";"3,5326"
"21,2920";"2,4984";"3,5631"
"21,3020";"2,5182";"3,5927"
"21,3120";"2,5380";"3,6210"
"21,3220";"2,5578";"3,6501"
"21,3320";"2,5780";"3,6808"
"21,3420";"2,5989";"3,7125"
"21,3520";"2,6201";"3,7452"
"21,3620";"2,6410";"3,7773"
"21,3720";"2,6612";"3,8069"
"21,3820";"2,6812";"3,8362"
"21,3920";"2,7011";"3,8677"
"21,4020";"2,7209";"3,8997"
"21,4120";"2,7407";"3,9280"
"21,4220";"2,7606";"3,9554"
"21,4320";"2,7806";"3,9853"
"21,4420";"2,8004";"4,0154"
"21,4520";"2,8203";"4,0453"
"21,4620";"2,8401";"4,0757"
"21,4720";"2,8597";"4,1076"
"21,4820";"2,8794";"4,1389"
"21,4920";"2,8990";"4,1662"
"21,5020";"2,9182";"4,1931"
"21,5120";"2,9377";"4,2219"
"21,5220";"2,9576";"4,2531"
"21,5320";"2,9778";"4,2831"
"21,5420";"2,9985";"4,3110"
"21,5520";"3,0197";"4,3423"
"21,5620";"3,0408";"4,3773"
"21,5720";"3,0614";"4,4123"
"21,5820";"3,0816";"4,4429"
"21,5920";"3,1014";"4,4721"
"21,6020";"3,1213";"4,5012"
"21,6120";"3,1411";"4,5299"
"21,6220";"3,1608";"4,5583"
"21,6320";"3,1807";"4,5867"
"21,6420";"3,2005";"4,6172"
"21,6520";"3,2204";"4,6464"
"21,6620";"3,2404";"4,6761"
"21,6720";"3,2602";"4,7056"
"21,6820";"3,2799";"4,7367"
"21,6920";"3,2994";"4,7664"
"21,7020";"3,3190";"4,7943"
"21,7120";"3,3387";"4,8222"
"21,7220";"3,3584";"4,8522"
"21,7320";"3,3783";"4,8821"
"21,7420";"3,3985";"4,9115"
"21,7520";"3,4190";"4,9432"
"21,7620";"3,4397";"4,9754"
"21,7720";"3,4606";"5,0073"
"21,7820";"3,4811";"5,0375"
"21,7920";"3,5012";"5,0669"
"21,8020";"3,5209";"5,0976"
"21,8120";"3,5406";"5,1283"
"21,8220";"3,5607";"5,1572"
"21,8320";"3,5807";"5,1879"
"21,8420";"3,6008";"5,2209"
"21,8520";"3,6209";"5,2523"
"21,8620";"3,6411";"5,2814"
"21,8720";"3,6609";"5,3103"
"21,8820";"3,6807";"5,3406"
"21,8920";"3,7007";"5,3721"
"21,9020";"3,7205";"5,4019"
"21,9120";"3,7402";"5,4317"
"21,9220";"3,7601";"5,4619"
"21,9320";"3,7800";"5,4925"
"21,9420";"3,7999";"5,5217"
"21,9520";"3,8196";"5,5509"
"21,9620";"3,8394";"5,5808"
"21,9720";"3,8595";"5,6104"
"21,9820";"3,8797";"5,6399"
"21,9920";"3,9002";"5,6710"
"22,0020";"3,9206";"5,7047"
"22,0120";"3,9407";"5,7391"
"22,0220";"3,9606";"5,7707"
"22,0320";"3,9805";"5,8009"
"22,0420";"4,0005";"5,8319"
"22,0520";"4,0207";"5,8630"
"22,0620";"4,0407";"5,8933"
"22,0720";"4,0608";"5,9238"
"22,0820";"4,0808";"5,9556"
"22,0920";"4,1007";"5,9873"
"22,1020";"4,1205";"6,0184"
"22,1120";"4,1406";"6,0480"
"22,1220";"4,1604";"6,0769"
"22,1320";"4,1800";"6,1060"
"22,1420";"4,1997";"6,1358"
"22,1520";"4,2193";"6,1663"
"22,1620";"4,2393";"6,1977"
"22,1720";"4,2591";"6,2294"
"22,1820";"4,2792";"6,2595"
"22,1920";"4,2993";"6,2892"
"22,2020";"4,3197";"6,3214"
"22,2120";"4,3400";"6,3548"
"22,2220";"4,3601";"6,3883"
"22,2320";"4,3803";"6,4190"
"22,2420";"4,4005";"6,4510"
"22,2520";"4,4205";"6,4838"
"22,2620";"4,4404";"6,5159"
"22,2720";"4,4605";"6,5468"
"22,2820";"4,4804";"6,5781"
"22,2920";"4,5004";"6,6116"
"22,3020";"4,5205";"6,6433"
"22,3120";"4,5404";"6,6737"
"22,3220";"4,5602";"6,7053"
"22,3320";"4,5802";"6,7388"
"22,3420";"4,6000";"6,7708"
"22,3520";"4,6197";"6,7985"
"22,3620";"4,6392";"6,8276"
"22,3720";"4,6587";"6,8601"
"22,3820";"4,6784";"6,8928"
"22,3920";"4,6986";"6,9247"
"22,4020";"4,7190";"6,9548"
"22,4120";"4,7397";"6,9865"
"22,4220";"4,7601";"7,0194"
"22,4320";"4,7803";"7,0525"
"22,4420";"4,8000";"7,0852"
"22,4520";"4,8197";"7,1198"
"22,4620";"4,8399";"7,1544"
"22,4720";"4,8601";"7,1868"
"22,4820";"4,8803";"7,2190"
"22,4920";"4,9004";"7,2529"
"22,5020";"4,9203";"7,2865"
"22,5120";"4,9403";"7,3176"
"22,5220";"4,9603";"7,3491"
"22,5320";"4,9802";"7,3816"
"22,5420";"5,0000";"7,4153"
"22,5440";"5,0040";"7,4220"
"22,5460";"5,0080";"7,4284"
"22,5560";"5,0222";"7,4538"
"22,5660";"5,0218";"7,4538"
"22,5760";"5,0144";"7,4443"
"22,5860";"4,9992";"7,4249"
"22,5960";"4,9762";"7,3881"
"22,6060";"4,9482";"7,3343"
"22,6160";"4,9177";"7,2650"
"22,6260";"4,8869";"7,1829"
"22,6360";"4,8574";"7,0925"
"22,6460";"4,8293";"6,9988"
"22,6560";"4,8026";"6,9074"
"22,6660";"4,7772";"6,8189"
"22,6760";"4,7527";"6,7321"
"22,6860";"4,7292";"6,6490"
"22,6960";"4,7063";"6,5732"
"22,7060";"4,6840";"6,5043"
"22,7160";"4,6621";"6,4392"
"22,7260";"4,6406";"6,3766"
"22,7360";"4,6196";"6,3193"
"22,7460";"4,5989";"6,2645"
"22,7560";"4,5784";"6,2101"
"22,7660";"4,5582";"6,1560"
"22,7760";"4,5382";"6,1051"
"22,7860";"4,5183";"6,0568"
"22,7960";"4,4990";"6,0089"
"22,8060";"4,4794";"5,9584"
"22,8160";"4,4588";"5,9086"
"22,8260";"4,4382";"5,8608"
"22,8360";"4,4174";"5,8137"
"22,8460";"4,3965";"5,7649"
"22,8560";"4,3757";"5,7172"
"22,8660";"4,3553";"5,6708"
"22,8760";"4,3351";"5,6241"
"22,8860";"4,3150";"5,5776"
"22,8960";"4,2950";"5,5322"
"22,9060";"4,2751";"5,4869"
"22,9160";"4,2552";"5,4404"
"22,9260";"4,2354";"5,3933"
"22,9360";"4,2155";"5,3494"
"22,9460";"4,1957";"5,3088"
"22,9560";"4,1757";"5,2685"
"22,9660";"4,1559";"5,2276"
"22,9760";"4,1361";"5,1868"
"22,9860";"4,1164";"5,1472"
"22,9960";"4,0969";"5,1073"
"23,0060";"4,0772";"5,0667"
"23,0160";"4,0575";"5,0258"
"23,0260";"4,0380";"4,9863"
"23,0360";"4,0181";"4,9467"
"23,0460";"3,9975";"4,9060"
"23,0560";"3,9769";"4,8650"
"23,0660";"3,9562";"4,8266"
"23,0760";"3,9356";"4,7869"
"23,0860";"3,9153";"4,7455"
"23,0960";"3,8954";"4,7055"
"23,1060";"3,8753";"4,6672"
"23,1160";"3,8555";"4,6285"
"23,1260";"3,8355";"4,5889"
"23,1360";"3,8153";"4,5508"
"23,1460";"3,7955";"4,5137"
"23,1560";"3,7757";"4,4766"
"23,1660";"3,7555";"4,4392"
"23,1760";"3,7355";"4,4023"
"23,1860";"3,7157";"4,3673"
"23,1960";"3,6957";"4,3295"
"23,2060";"3,6758";"4,2908"
"23,2160";"3,6561";"4,2556"
"23,2260";"3,6363";"4,2228"
"23,2360";"3,6166";"4,1898"
"23,2460";"3,5968";"4,1552"
"23,2560";"3,5767";"4,1188"
"23,2660";"3,5565";"4,0834"
"23,2760";"3,5364";"4,0483"
"23,2860";"3,5162";"4,0132"
"23,2960";"3,4957";"3,9762"
"23,3060";"3,4756";"3,9415"
"23,3160";"3,4556";"3,9082"
"23,3260";"3,4357";"3,8741"
"23,3360";"3,4159";"3,8410"
"23,3460";"3,3960";"3,8087"
"23,3560";"3,3759";"3,7734"
"23,3660";"3,3558";"3,7368"
"23,3760";"3,3359";"3,7019"
"23,3860";"3,3158";"3,6693"
"23,3960";"3,2959";"3,6387"
"23,4060";"3,2759";"3,6077"
"23,4160";"3,2557";"3,5745"
"23,4260";"3,2359";"3,5404"
"23,4360";"3,2162";"3,5076"
"23,4460";"3,1965";"3,4743"
"23,4560";"3,1768";"3,4416"
"23,4660";"3,1568";"3,4098"
"23,4760";"3,1369";"3,3777"
"23,4860";"3,1165";"3,3444"
"23,4960";"3,0965";"3,3137"
"23,5060";"3,0764";"3,2830"
"23,5160";"3,0561";"3,2512"
"23,5260";"3,0362";"3,2186"
"23,5360";"3,0160";"3,1851"
"23,5460";"2,9957";"3,1535"
"23,5560";"2,9758";"3,1242"
"23,5660";"2,9560";"3,0949"
"23,5760";"2,9358";"3,0638"
"23,5860";"2,9159";"3,0314"
"23,5960";"2,8958";"2,9978"
"23,6060";"2,8755";"2,9633"
"23,6160";"2,8555";"2,9311"
"23,6260";"2,8357";"2,9016"
"23,6360";"2,8157";"2,8719"
"23,6460";"2,7958";"2,8417"
"23,6560";"2,7761";"2,8123"
"23,6660";"2,7562";"2,7839"
"23,6760";"2,7364";"2,7551"
"23,6860";"2,7165";"2,7240"
"23,6960";"2,6965";"2,6927"
"23,7060";"2,6768";"2,6616"
"23,7160";"2,6567";"2,6321"
"23,7260";"2,6363";"2,6016"
"23,7360";"2,6159";"2,5714"
"23,7460";"2,5958";"2,5424"
"23,7560";"2,5755";"2,5131"
"23,7660";"2,5554";"2,4837"
"23,7760";"2,5354";"2,4525"
"23,7860";"2,5153";"2,4212"
"23,7960";"2,4953";"2,3923"
"23,8060";"2,4757";"2,3637"
"23,8160";"2,4558";"2,3335"
"23,8260";"2,4358";"2,3024"
"23,8360";"2,4159";"2,2733"
"23,8460";"2,3959";"2,2455"
"23,8560";"2,3759";"2,2172"
"23,8660";"2,3562";"2,1876"
"23,8760";"2,3366";"2,1578"
"23,8860";"2,3166";"2,1281"
"23,8960";"2,2969";"2,0994"
"23,9060";"2,2772";"2,0714"
"23,9160";"2,2571";"2,0449"
"23,9260";"2,2368";"2,0163"
"23,9360";"2,2164";"1,9865"
"23,9460";"2,1957";"1,9540"
"23,9560";"2,1754";"1,9228"
"23,9660";"2,1553";"1,8938"
"23,9760";"2,1354";"1,8640"
"23,9860";"2,1156";"1,8348"
"23,9960";"2,0958";"1,8067"
"24,0060";"2,0758";"1,7798"
"24,0160";"2,0556";"1,7523"
"24,0260";"2,0359";"1,7255"
"24,0360";"2,0158";"1,6971"
"24,0460";"1,9958";"1,6680"
"24,0560";"1,9759";"1,6392"
"24,0660";"1,9559";"1,6100"
"24,0760";"1,9359";"1,5819"
"24,0860";"1,9159";"1,5555"
"24,0960";"1,8960";"1,5268"
"24,1060";"1,8759";"1,4958"
"24,1160";"1,8560";"1,4646"
"24,1260";"1,8361";"1,4362"
"24,1360";"1,8159";"1,4087"
"24,1460";"1,7959";"1,3817"
"24,1560";"1,7759";"1,3547"
"24,1660";"1,7557";"1,3271"
"24,1760";"1,7357";"1,2992"
"24,1860";"1,7158";"1,2701"
"24,1960";"1,6957";"1,2411"
"24,2060";"1,6759";"1,2123"
"24,2160";"1,6561";"1,1836"
"24,2260";"1,6360";"1,1544"
"24,2360";"1,6159";"1,1264"
"24,2460";"1,5960";"1,1003"
"24,2560";"1,5759";"1,0722"
"24,2660";"1,5559";"1,0428"
"24,2760";"1,5361";"1,0151"
"24,2860";"1,5160";"0,9874"
"24,2960";"1,4959";"0,9580"
"24,3060";"1,4759";"0,9287"
"24,3160";"1,4560";"0,9007"
"24,3260";"1,4359";"0,8753"
"24,3360";"1,4161";"0,8489"
"24,3460";"1,3964";"0,8194"
"24,3560";"1,3762";"0,7891"
"24,3660";"1,3561";"0,7616"
"24,3760";"1,3360";"0,7351"
"24,3860";"1,3158";"0,7066"
"24,3960";"1,2960";"0,6768"
"24,4060";"1,2762";"0,6477"
"24,4160";"1,2560";"0,6200"
"24,4260";"1,2359";"0,5933"
"24,4360";"1,2161";"0,5667"
"24,4460";"1,1960";"0,5385"
"24,4560";"1,1761";"0,5110"
"24,4660";"1,1564";"0,4824"
"24,4760";"1,1365";"0,4524"
"24,4860";"1,1163";"0,4247"
"24,4960";"1,0964";"0,3993"
"24,5060";"1,0763";"0,3737"
"24,5160";"1,0560";"0,3464"
"24,5260";"1,0362";"0,3214"
"24,5360";"1,0161";"0,2954"
"24,5460";"0,9960";"0,2674"
"24,5560";"0,9761";"0,2393"
"24,5660";"0,9561";"0,2140"
"24,5760";"0,9358";"0,1899"
"24,5860";"0,9160";"0,1650"
"24,5960";"0,8960";"0,1395"
"24,6060";"0,8757";"0,1147"
"24,6160";"0,8559";"0,0926"
"24,6260";"0,8360";"0,0703"
"24,6360";"0,8159";"0,0493"
"24,6460";"0,7958";"0,0305"
"24,6560";"0,7759";"0,0134"
"24,6660";"0,7557";"-0,0057"
"24,6760";"0,7357";"-0,0260"
"24,6860";"0,7159";"-0,0450"
"24,6960";"0,6958";"-0,0624"
"24,7060";"0,6759";"-0,0795"
"24,7160";"0,6560";"-0,0957"
"24,7260";"0,6360";"-0,1106"
"24,7360";"0,6161";"-0,1256"
"24,7460";"0,5964";"-0,1397"
"24,7560";"0,5765";"-0,1538"
"24,7660";"0,5564";"-0,1669"
"24,7760";"0,5362";"-0,1804"
"24,7860";"0,5161";"-0,1939"
"24,7960";"0,4958";"-0,2065"
"24,8060";"0,4759";"-0,2178"
"24,8160";"0,4558";"-0,2292"
"24,8260";"0,4356";"-0,2410"
"24,8360";"0,4156";"-0,2533"
"24,8460";"0,3956";"-0,2639"
"24,8560";"0,3754";"-0,2723"
"24,8660";"0,3556";"-0,2820"
"24,8760";"0,3359";"-0,2913"
"24,8860";"0,3159";"-0,3013"
"24,8960";"0,2960";"-0,3110"
"24,9060";"0,2762";"-0,3195"
"24,9160";"0,2562";"-0,3290"
"24,9260";"0,2362";"-0,3370"
"24,9360";"0,2163";"-0,3431"
"24,9460";"0,1963";"-0,3475"
"24,9560";"0,1763";"-0,3532"
"24,9660";"0,1565";"-0,3594"
"24,9760";"0,1367";"-0,3639"
"24,9860";"0,1165";"-0,3682"
"24,9960";"0,0966";"-0,3721"
"25,0060";"0,0764";"-0,3759"
"25,0160";"0,0562";"-0,3781"
"25,0260";"0,0362";"-0,3794"
"25,0360";"0,0163";"-0,3814"
"25,0460";"-0,0038";"-0,3855"
"25,0480";"-0,0078";"-0,3864"
"25,0500";"-0,0118";"-0,3872"
"25,0600";"-0,0260";"-0,3860"
"25,0700";"-0,0257";"-0,3620"
"25,0800";"-0,0187";"-0,3388"
"25,0900";"-0,0039";"-0,3262"
"25,1000";"0,0185";"-0,3191"
"25,1100";"0,0462";"-0,3192"
"25,1200";"0,0761";"-0,3251"
"25,1300";"0,1065";"-0,3323"
"25,1400";"0,1361";"-0,3357"
"25,1500";"0,1648";"-0,3320"
"25,1600";"0,1921";"-0,3210"
"25,1700";"0,2180";"-0,3024"
"25,1800";"0,2428";"-0,2772"
"25,1900";"0,2666";"-0,2502"
"25,2000";"0,2896";"-0,2216"
"25,2100";"0,3119";"-0,1930"
"25,2200";"0,3336";"-0,1640"
"25,2300";"0,3551";"-0,1353"
"25,2400";"0,3762";"-0,1095"
"25,2500";"0,3969";"-0,0844"
"25,2600";"0,4174";"-0,0587"
"25,2700";"0,4379";"-0,0328"
"25,2800";"0,4583";"-0,0065"
"25,2900";"0,4787";"0,0198"
"25,3000";"0,4990";"0,0459"
"25,3100";"0,5193";"0,0728"
"25,3200";"0,5395";"0,0996"
"25,3300";"0,5596";"0,1287"
"25,3400";"0,5797";"0,1609"
"25,3500";"0,5997";"0,1944"
"25,3600";"0,6198";"0,2290"
"25,3700";"0,6399";"0,2657"
"25,3800";"0,6598";"0,3048"
"25,3900";"0,6798";"0,3441"
"25,4000";"0,6998";"0,3834"
"25,4100";"0,7197";"0,4222"
"25,4200";"0,7397";"0,4631"
"25,4300";"0,7597";"0,5040"
"25,4400";"0,7796";"0,5452"
"25,4500";"0,7997";"0,5866"
"25,4600";"0,8198";"0,6288"
"25,4700";"0,8397";"0,6713"
"25,4800";"0,8597";"0,7114"
"25,4900";"0,8800";"0,7510"
"25,5000";"0,8999";"0,7923"
"25,5100";"0,9197";"0,8342"
"25,5200";"0,9397";"0,8758"
"25,5300";"0,9598";"0,9162"
"25,5400";"0,9797";"0,9553"
"25,5500";"0,9998";"0,9976"
"25,5600";"1,0199";"1,0410"
"25,5700";"1,0398";"1,0820"
"25,5800";"1,0599";"1,1217"
"25,5900";"1,0800";"1,1606"
"25,6000";"1,1000";"1,1984"
"25,6100";"1,1201";"1,2350"
"25,6200";"1,1402";"1,2742"
"25,6300";"1,1601";"1,3146"
"25,6400";"1,1801";"1,3539"
"25,6500";"1,2002";"1,3895"
"25,6600";"1,2200";"1,4257"
"25,6700";"1,2398";"1,4631"
"25,6800";"1,2598";"1,5022"
"25,6900";"1,2797";"1,5399"
"25,7000";"1,2997";"1,5740"
"25,7100";"1,3197";"1,6086"
"25,7200";"1,3399";"1,6437"
"25,7300";"1,3599";"1,6806"
"25,7400";"1,3798";"1,7171"
"25,7500";"1,3998";"1,7529"
"25,7600";"1,4197";"1,7883"
"25,7700";"1,4398";"1,8233"
"25,7800";"1,4599";"1,8602"
"25,7900";"1,4798";"1,8973"
"25,8000";"1,4999";"1,9333"
"25,8100";"1,5200";"1,9661"
"25,8200";"1,5399";"1,9992"
"25,8300";"1,5599";"2,0341"
"25,8400";"1,5798";"2,0699"
"25,8500";"1,5995";"2,1039"
"25,8600";"1,6194";"2,1373"
"25,8700";"1,6393";"2,1708"
"25,8800";"1,6592";"2,2036"
"25,8900";"1,6792";"2,2354"
"25,9000";"1,6998";"2,2668"
"25,9100";"1,7202";"2,3000"
"25,9200";"1,7403";"2,3349"
"25,9300";"1,7604";"2,3693"
"25,9400";"1,7804";"2,4033"
"25,9500";"1,8003";"2,4381"
"25,9600";"1,8204";"2,4726"
"25,9700";"1,8401";"2,5046"
"25,9800";"1,8600";"2,5353"
"25,9900";"1,8800";"2,5662"
"26,0000";"1,9001";"2,5990"
"26,0100";"1,9201";"2,6319"
"26,0200";"1,9401";"2,6658"
"26,0300";"1,9602";"2,7006"
"26,0400";"1,9800";"2,7330"
"26,0500";"2,0002";"2,7631"
"26,0600";"2,0202";"2,7923"
"26,0700";"2,0398";"2,8222"
"26,0800";"2,0596";"2,8551"
"26,0900";"2,0794";"2,8877"
"26,1000";"2,0989";"2,9170"
"26,1100";"2,1186";"2,9455"
"26,1200";"2,1389";"2,9774"
"26,1300";"2,1595";"3,0101"
"26,1400";"2,1799";"3,0411"
"26,1500";"2,2002";"3,0723"
"26,1600";"2,2205";"3,1048"
"26,1700";"2,2407";"3,1355"
"26,1800";"2,2609";"3,1656"
"26,1900";"2,2807";"3,1978"
"26,2000";"2,3004";"3,2313"
"26,2100";"2,3201";"3,2642"
"26,2200";"2,3400";"3,2946"
"26,2300";"2,3599";"3,3238"
"26,2400";"2,3799";"3,3538"
"26,2500";"2,4001";"3,3839"
"26,2600";"2,4199";"3,4126"
"26,2700";"2,4399";"3,4411"
"26,2800";"2,4599";"3,4732"
"26,2900";"2,4798";"3,5062"
"26,3000";"2,4996";"3,5363"
"26,3100";"2,5193";"3,5663"
"26,3200";"2,5387";"3,5954"
"26,3300";"2,5580";"3,6246"
"26,3400";"2,5780";"3,6537"
"26,3500";"2,5988";"3,6852"
"26,3600";"2,6197";"3,7164"
"26,3700";"2,6404";"3,7475"
"26,3800";"2,6605";"3,7766"
"26,3900";"2,6803";"3,8061"
"26,4000";"2,7004";"3,8389"
"26,4100";"2,7202";"3,8722"
"26,4200";"2,7402";"3,9024"
"26,4300";"2,7601";"3,9309"
"26,4400";"2,7802";"3,9596"
"26,4500";"2,8002";"3,9895"
"26,4600";"2,8203";"4,0212"
"26,4700";"2,8404";"4,0516"
"26,4800";"2,8605";"4,0818"
"26,4900";"2,8803";"4,1115"
"26,5000";"2,9000";"4,1401"
"26,5100";"2,9195";"4,1693"
"26,5200";"2,9392";"4,1989"
"26,5300";"2,9589";"4,2293"
"26,5400";"2,9787";"4,2591"
"26,5500";"2,9985";"4,2879"
"26,5600";"3,0188";"4,3183"
"26,5700";"3,0390";"4,3489"
"26,5800";"3,0593";"4,3779"
"26,5900";"3,0796";"4,4062"
"26,6000";"3,1000";"4,4369"
"26,6100";"3,1206";"4,4683"
"26,6200";"3,1409";"4,4985"
"26,6300";"3,1609";"4,5284"
"26,6400";"3,1809";"4,5587"
"26,6500";"3,2007";"4,5900"
"26,6600";"3,2206";"4,6194"
"26,6700";"3,2405";"4,6484"
"26,6800";"3,2605";"4,6789"
"26,6900";"3,2805";"4,7099"
"26,7000";"3,3005";"4,7402"
"26,7100";"3,3207";"4,7695"
"26,7200";"3,3406";"4,7984"
"26,7300";"3,3605";"4,8281"
"26,7400";"3,3802";"4,8579"
"26,7500";"3,3998";"4,8882"
"26,7600";"3,4194";"4,9189"
"26,7700";"3,4392";"4,9501"
"26,7800";"3,4589";"4,9792"
"26,7900";"3,4786";"5,0073"
"26,8000";"3,4985";"5,0362"
"26,8100";"3,5186";"5,0662"
"26,8200";"3,5391";"5,0961"
"26,8300";"3,5600";"5,1256"
"26,8400";"3,5807";"5,1569"
"26,8500";"3,6012";"5,1904"
"26,8600";"3,6212";"5,2230"
"26,8700";"3,6412";"5,2529"
"26,8800";"3,6610";"5,2831"
"26,8900";"3,6810";"5,3145"
"26,9000";"3,7009";"5,3464"
"26,9100";"3,7209";"5,3762"
"26,9200";"3,7407";"5,4053"
"26,9300";"3,7607";"5,4358"
"26,9400";"3,7806";"5,4669"
"26,9500";"3,8006";"5,4964"
"26,9600";"3,8205";"5,5252"
"26,9700";"3,8402";"5,5565"
"26,9800";"3,8599";"5,5877"
"26,9900";"3,8799";"5,6183"
"27,0000";"3,8997";"5,6473"
"27,0100";"3,9193";"5,6756"
"27,0200";"3,9394";"5,7068"
"27,0300";"3,9597";"5,7389"
"27,0400";"3,9800";"5,7723"
"27,0500";"4,0005";"5,8044"
"27,0600";"4,0210";"5,8354"
"27,0700";"4,0409";"5,8664"
"27,0800";"4,0610";"5,8977"
"27,0900";"4,0808";"5,9289"
"27,1000";"4,1005";"5,9593"
"27,1100";"4,1205";"5,9877"
"27,1200";"4,1406";"6,0173"
"27,1300";"4,1605";"6,0501"
"27,1400";"4,1805";"6,0819"
"27,1500";"4,2005";"6,1111"
"27,1600";"4,2204";"6,1401"
"27,1700";"4,2402";"6,1711"
"27,1800";"4,2600";"6,2036"
"27,1900";"4,2799";"6,2357"
"27,2000";"4,2998";"6,2676"
"27,2100";"4,3197";"6,2997"
"27,2200";"4,3390";"6,3308"
"27,2300";"4,3583";"6,3606"
"27,2400";"4,3782";"6,3883"
"27,2500";"4,3986";"6,4173"
"27,2600";"4,4192";"6,4507"
"27,2700";"4,4401";"6,4859"
"27,2800";"4,4606";"6,5202"
"27,2900";"4,4809";"6,5523"
"27,3000";"4,5009";"6,5830"
"27,3100";"4,5209";"6,6146"
"27,3200";"4,5408";"6,6472"
"27,3300";"4,5605";"6,6805"
"27,3400";"4,5804";"6,7139"
"27,3500";"4,6003";"6,7432"
"27,3600";"4,6202";"6,7715"
"27,3700";"4,6402";"6,8033"
"27,3800";"4,6599";"6,8369"
"27,3900";"4,6797";"6,8694"
"27,4000";"4,6996";"6,8995"
"27,4100";"4,7195";"6,9307"
"27,4200";"4,7397";"6,9652"
"27,4300";"4,7598";"7,0001"
"27,4400";"4,7798";"7,0321"
"27,4500";"4,7995";"7,0618"
"27,4600";"4,8196";"7,0936"
"27,4700";"4,8398";"7,1281"
"27,4800";"4,8599";"7,1611"
"27,4900";"4,8801";"7,1918"
"27,5000";"4,9002";"7,2244"
"27,5100";"4,9201";"7,2578"
"27,5200";"4,9400";"7,2903"
"27,5300";"4,9600";"7,3219"
"27,5400";"4,9798";"7,3528"
"27,5500";"4,9999";"7,3848"
"27,5520";"5,0039";"7,3914"
"27,5540";"5,0079";"7,3979"
"27,5560";"5,0118";"7,4042"
"27,5660";"5,0261";"7,4312"
"27,5760";"5,0257";"7,4347"
"27,5860";"5,0184";"7,4267"
"27,5960";"5,0032";"7,4072"
"27,6060";"4,9803";"7,3715"
"27,6160";"4,9523";"7,3202"
"27,6260";"4,9219";"7,2512"
"27,6360";"4,8912";"7,1652"
"27,6460";"4,8613";"7,0712"
"27,6560";"4,8332";"6,9782"
"27,6660";"4,8064";"6,8876"
"27,6760";"4,7811";"6,7990"
"27,6860";"4,7567";"6,7122"
"27,6960";"4,7332";"6,6310"
"27,7060";"4,7104";"6,5570"
"27,7160";"4,6880";"6,4886"
"27,7260";"4,6663";"6,4237"
"27,7360";"4,6452";"6,3610"
"27,7460";"4,6246";"6,3020"
"27,7560";"4,6042";"6,2466"
"27,7660";"4,5839";"6,1940"
"27,7760";"4,5636";"6,1432"
"27,7860";"4,5428";"6,0922"
"27,7960";"4,5218";"6,0407"
"27,8060";"4,5010";"5,9900"
"27,8160";"4,4806";"5,9395"
"27,8260";"4,4605";"5,8897"
"27,8360";"4,4405";"5,8404"
"27,8460";"4,4207";"5,7913"
"27,8560";"4,4009";"5,7444"
"27,8660";"4,3808";"5,6992"
"27,8760";"4,3601";"5,6543"
"27,8860";"4,3398";"5,6083"
"27,8960";"4,3195";"5,5623"
"27,9060";"4,2992";"5,5165"
"27,9160";"4,2793";"5,4701"
"27,9260";"4,2593";"5,4234"
"27,9360";"4,2394";"5,3803"
"27,9460";"4,2197";"5,3408"
"27,9560";"4,1999";"5,3009"
"27,9660";"4,1803";"5,2574"
"27,9760";"4,1610";"5,2120"
"27,9860";"4,1414";"5,1701"
"27,9960";"4,1217";"5,1315"
"28,0060";"4,1018";"5,0922"
"28,0160";"4,0813";"5,0505"
"28,0260";"4,0604";"5,0081"
"28,0360";"4,0400";"4,9683"
"28,0460";"4,0197";"4,9309"
"28,0560";"3,9995";"4,8901"
"28,0660";"3,9795";"4,8486"
"28,0760";"3,9596";"4,8080"
"28,0860";"3,9395";"4,7678"
"28,0960";"3,9196";"4,7296"
"28,1060";"3,8997";"4,6938"
"28,1160";"3,8798";"4,6564"
"28,1260";"3,8598";"4,6164"
"28,1360";"3,8399";"4,5764"
"28,1460";"3,8198";"4,5380"
"28,1560";"3,7997";"4,5003"
"28,1660";"3,7799";"4,4628"
"28,1760";"3,7600";"4,4257"
"28,1860";"3,7402";"4,3897"
"28,1960";"3,7204";"4,3554"
"28,2060";"3,7008";"4,3201"
"28,2160";"3,6809";"4,2827"
"28,2260";"3,6607";"4,2468"
"28,2360";"3,6404";"4,2106"
"28,2460";"3,6199";"4,1744"
"28,2560";"3,5999";"4,1385"
"28,2660";"3,5798";"4,1038"
"28,2760";"3,5597";"4,0700"
"28,2860";"3,5400";"4,0376"
"28,2960";"3,5201";"4,0016"
"28,3060";"3,4999";"3,9628"
"28,3160";"3,4797";"3,9261"
"28,3260";"3,4597";"3,8910"
"28,3360";"3,4398";"3,8572"
"28,3460";"3,4200";"3,8266"
"28,3560";"3,4000";"3,7946"
"28,3660";"3,3799";"3,7611"
"28,3760";"3,3600";"3,7276"
"28,3860";"3,3400";"3,6954"
"28,3960";"3,3201";"3,6622"
"28,4060";"3,3004";"3,6270"
"28,4160";"3,2806";"3,5900"
"28,4260";"3,2607";"3,5541"
"28,4360";"3,2406";"3,5227"
"28,4460";"3,2206";"3,4930"
"28,4560";"3,2002";"3,4611"
"28,4660";"3,1799";"3,4275"
"28,4760";"3,1598";"3,3961"
"28,4860";"3,1397";"3,3661"
"28,4960";"3,1196";"3,3329"
"28,5060";"3,0999";"3,2989"
"28,5160";"3,0801";"3,2669"
"28,5260";"3,0600";"3,2361"
"28,5360";"3,0399";"3,2052"
"28,5460";"3,0200";"3,1740"
"28,5560";"2,9999";"3,1448"
"28,5660";"2,9800";"3,1141"
"28,5760";"2,9601";"3,0802"
"28,5860";"2,9401";"3,0454"
"28,5960";"2,9201";"3,0133"
"28,6060";"2,8999";"2,9835"
"28,6160";"2,8797";"2,9527"
"28,6260";"2,8599";"2,9216"
"28,6360";"2,8403";"2,8921"
"28,6460";"2,8205";"2,8631"
"28,6560";"2,8005";"2,8333"
"28,6660";"2,7803";"2,8007"
"28,6760";"2,7599";"2,7691"
"28,6860";"2,7398";"2,7373"
"28,6960";"2,7199";"2,7071"
"28,7060";"2,6997";"2,6774"
"28,7160";"2,6795";"2,6472"
"28,7260";"2,6597";"2,6172"
"28,7360";"2,6396";"2,5877"
"28,7460";"2,6197";"2,5573"
"28,7560";"2,5998";"2,5274"
"28,7660";"2,5800";"2,4985"
"28,7760";"2,5598";"2,4673"
"28,7860";"2,5398";"2,4356"
"28,7960";"2,5198";"2,4067"
"28,8060";"2,4997";"2,3795"
"28,8160";"2,4800";"2,3525"
"28,8260";"2,4602";"2,3232"
"28,8360";"2,4403";"2,2928"
"28,8460";"2,4206";"2,2646"
"28,8560";"2,4008";"2,2357"
"28,8660";"2,3808";"2,2053"
"28,8760";"2,3609";"2,1757"
"28,8860";"2,3406";"2,1460"
"28,8960";"2,3200";"2,1150"
"28,9060";"2,2996";"2,0863"
"28,9160";"2,2795";"2,0591"
"28,9260";"2,2596";"2,0329"
"28,9360";"2,2397";"2,0053"
"28,9460";"2,2199";"1,9749"
"28,9560";"2,1998";"1,9433"
"28,9660";"2,1798";"1,9129"
"28,9760";"2,1597";"1,8833"
"28,9860";"2,1398";"1,8537"
"28,9960";"2,1198";"1,8244"
"29,0060";"2,1001";"1,7964"
"29,0160";"2,0801";"1,7693"
"29,0260";"2,0600";"1,7423"
"29,0360";"2,0400";"1,7162"
"29,0460";"2,0202";"1,6899"
"29,0560";"2,0001";"1,6604"
"29,0660";"1,9803";"1,6289"
"29,0760";"1,9605";"1,5966"
"29,0860";"1,9404";"1,5675"
"29,0960";"1,9204";"1,5404"
"29,1060";"1,9002";"1,5126"
"29,1160";"1,8800";"1,4841"
"29,1260";"1,8597";"1,4559"
"29,1360";"1,8397";"1,4275"
"29,1460";"1,8195";"1,3977"
"29,1560";"1,7996";"1,3701"
"29,1660";"1,7798";"1,3436"
"29,1760";"1,7597";"1,3141"
"29,1860";"1,7397";"1,2837"
"29,1960";"1,7198";"1,2556"
"29,2060";"1,6998";"1,2293"
"29,2160";"1,6798";"1,2010"
"29,2260";"1,6601";"1,1713"
"29,2360";"1,6400";"1,1403"
"29,2460";"1,6200";"1,1120"
"29,2560";"1,6000";"1,0862"
"29,2660";"1,5801";"1,0593"
"29,2760";"1,5600";"1,0307"
"29,2860";"1,5403";"1,0027"
"29,2960";"1,5204";"0,9759"
"29,3060";"1,5004";"0,9480"
"29,3160";"1,4802";"0,9193"
"29,3260";"1,4602";"0,8908"
"29,3360";"1,4398";"0,8612"
"29,3460";"1,4199";"0,8320"
"29,3560";"1,3998";"0,8030"
"29,3660";"1,3796";"0,7762"
"29,3760";"1,3598";"0,7504"
"29,3860";"1,3398";"0,7234"
"29,3960";"1,3197";"0,6938"
"29,4060";"1,2998";"0,6637"
"29,4160";"1,2800";"0,6362"
"29,4260";"1,2599";"0,6097"
"29,4360";"1,2398";"0,5819"
"29,4460";"1,2199";"0,5545"
"29,4560";"1,1999";"0,5282"
"29,4660";"1,1800";"0,5007"
"29,4760";"1,1602";"0,4713"
"29,4860";"1,1405";"0,4425"
"29,4960";"1,1205";"0,4154"
"29,5060";"1,1007";"0,3894"
"29,5160";"1,0810";"0,3630"
"29,5260";"1,0611";"0,3371"
"29,5360";"1,0411";"0,3127"
"29,5460";"1,0208";"0,2868"
"29,5560";"1,0002";"0,2577"
"29,5660";"0,9799";"0,2277"
"29,5760";"0,9597";"0,2024"
"29,5860";"0,9395";"0,1799"
"29,5960";"0,9197";"0,1571"
"29,6060";"0,8998";"0,1330"
"29,6160";"0,8795";"0,1093"
"29,6260";"0,8596";"0,0863"
"29,6360";"0,8398";"0,0650"
"29,6460";"0,8198";"0,0431"
"29,6560";"0,7997";"0,0214"
"29,6660";"0,7799";"0,0002"
"29,6760";"0,7598";"-0,0210"
"29,6860";"0,7397";"-0,0394"
"29,6960";"0,7200";"-0,0535"
"29,7060";"0,7000";"-0,0686"
"29,7160";"0,6800";"-0,0863"
"29,7260";"0,6603";"-0,1038"
"29,7360";"0,6403";"-0,1191"
"29,7460";"0,6203";"-0,1321"
"29,7560";"0,6003";"-0,1455"
"29,7660";"0,5802";"-0,1612"
"29,7760";"0,5598";"-0,1765"
"29,7860";"0,5399";"-0,1873"
"29,7960";"0,5198";"-0,1981"
"29,8060";"0,4997";"-0,2098"
"29,8160";"0,4798";"-0,2210"
"29,8260";"0,4599";"-0,2319"
"29,8360";"0,4398";"-0,2440"
"29,8460";"0,4197";"-0,2563"
"29,8560";"0,3997";"-0,2662"
"29,8660";"0,3797";"-0,2754"
"29,8760";"0,3596";"-0,2851"
"29,8860";"0,3399";"-0,2953"
"29,8960";"0,3199";"-0,3050"
"29,9060";"0,3000";"-0,3134"
"29,9160";"0,2803";"-0,3219"
"29,9260";"0,2604";"-0,3299"
"29,9360";"0,2405";"-0,3379"
"29,9460";"0,2208";"-0,3449"
"29,9560";"0,2008";"-0,3527"
"29,9660";"0,1804";"-0,3620"
"29,9760";"0,1602";"-0,3656"
"29,9860";"0,1401";"-0,3659"
"29,9960";"0,1199";"-0,3686"
"30,0060";"0,1000";"-0,3738"
"30,0160";"0,0802";"-0,3795"
"30,0260";"0,0602";"-0,3824"
"30,0360";"0,0403";"-0,3837"
"30,0460";"0,0204";"-0,3862"
"30,0560";"0,0004";"-0,3904"
"30,0580";"-0,0037";"-0,3912"
"30,0600";"-0,0077";"-0,3918"
"30,0620";"-0,0116";"-0,3921"
"30,0720";"-0,0259";"-0,3886"
"30,0820";"-0,0256";"-0,3639"
"30,0920";"-0,0187";"-0,3407"
"30,1020";"-0,0039";"-0,3272"
"30,1120";"0,0184";"-0,3211"
"30,1220";"0,0460";"-0,3230"
"30,1320";"0,0760";"-0,3294"
"30,1420";"0,1064";"-0,3344"
"30,1520";"0,1361";"-0,3357"
"30,1620";"0,1647";"-0,3332"
"30,1720";"0,1921";"-0,3240"
"30,1820";"0,2179";"-0,3060"
"30,1920";"0,2427";"-0,2818"
"30,2020";"0,2666";"-0,2563"
"30,2120";"0,2896";"-0,2287"
"30,2220";"0,3118";"-0,1992"
"30,2320";"0,3336";"-0,1702"
"30,2420";"0,3551";"-0,1443"
"30,2520";"0,3762";"-0,1202"
"30,2620";"0,3969";"-0,0955"
"30,2720";"0,4174";"-0,0707"
"30,2820";"0,4379";"-0,0453"
"30,2920";"0,4582";"-0,0215"
"30,3020";"0,4786";"0,0035"
"30,3120";"0,4989";"0,0300"
"30,3220";"0,5192";"0,0572"
"30,3320";"0,5394";"0,0843"
"30,3420";"0,5596";"0,1136"
"30,3520";"0,5797";"0,1442"
"30,3620";"0,5997";"0,1769"
"30,3720";"0,6198";"0,2115"
"30,3820";"0,6399";"0,2483"
"30,3920";"0,6598";"0,2875"
"30,4020";"0,6799";"0,3249"
"30,4120";"0,6998";"0,3613"
"30,4220";"0,7197";"0,4002"
"30,4320";"0,7397";"0,4435"
"30,4420";"0,7598";"0,4864"
"30,4520";"0,7798";"0,5271"
"30,4620";"0,7997";"0,5679"
"30,4720";"0,8198";"0,6100"
"30,4820";"0,8397";"0,6510"
"30,4920";"0,8598";"0,6903"
"30,5020";"0,8799";"0,7303"
"30,5120";"0,8999";"0,7714"
"30,5220";"0,9197";"0,8126"
"30,5320";"0,9397";"0,8532"
"30,5420";"0,9598";"0,8947"
"30,5520";"0,9797";"0,9371"
"30,5620";"0,9999";"0,9782"
"30,5720";"1,0199";"1,0184"
"30,5820";"1,0398";"1,0568"
"30,5920";"1,0599";"1,0955"
"30,6020";"1,0800";"1,1355"
"30,6120";"1,0999";"1,1736"
"30,6220";"1,1201";"1,2123"
"30,6320";"1,1402";"1,2518"
"30,6420";"1,1601";"1,2915"
"30,6520";"1,1802";"1,3299"
"30,6620";"1,2002";"1,3671"
"30,6720";"1,2201";"1,4053"
"30,6820";"1,2399";"1,4418"
"30,6920";"1,2599";"1,4779"
"30,7020";"1,2797";"1,5134"
"30,7120";"1,2997";"1,5522"
"30,7220";"1,3197";"1,5911"
"30,7320";"1,3398";"1,6274"
"30,7420";"1,3598";"1,6624"
"30,7520";"1,3797";"1,6971"
"30,7620";"1,3998";"1,7320"
"30,7720";"1,4196";"1,7662"
"30,7820";"1,4397";"1,8014"
"30,7920";"1,4599";"1,8384"
"30,8020";"1,4798";"1,8740"
"30,8120";"1,4998";"1,9077"
"30,8220";"1,5198";"1,9408"
"30,8320";"1,5399";"1,9752"
"30,8420";"1,5599";"2,0099"
"30,8520";"1,5799";"2,0439"
"30,8620";"1,5998";"2,0773"
"30,8720";"1,6196";"2,1123"
"30,8820";"1,6396";"2,1485"
"30,8920";"1,6593";"2,1823"
"30,9020";"1,6793";"2,2151"
"30,9120";"1,6996";"2,2496"
"30,9220";"1,7200";"2,2830"
"30,9320";"1,7400";"2,3143"
"30,9420";"1,7600";"2,3458"
"30,9520";"1,7800";"2,3793"
"30,9620";"1,7999";"2,4136"
"30,9720";"1,8198";"2,4467"
"30,9820";"1,8398";"2,4786"
"30,9920";"1,8598";"2,5109"
"31,0020";"1,8800";"2,5445"
"31,0120";"1,9001";"2,5771"
"31,0220";"1,9201";"2,6071"
"31,0320";"1,9401";"2,6368"
"31,0420";"1,9601";"2,6695"
"31,0520";"1,9800";"2,7046"
"31,0620";"2,0002";"2,7387"
"31,0720";"2,0203";"2,7711"
"31,0820";"2,0401";"2,8022"
"31,0920";"2,0600";"2,8322"
"31,1020";"2,0798";"2,8625"
"31,1120";"2,0994";"2,8927"
"31,1220";"2,1192";"2,9252"
"31,1320";"2,1396";"2,9581"
"31,1420";"2,1601";"2,9889"
"31,1520";"2,1801";"3,0198"
"31,1620";"2,2001";"3,0516"
"31,1720";"2,2199";"3,0838"
"31,1820";"2,2396";"3,1136"
"31,1920";"2,2598";"3,1437"
"31,2020";"2,2798";"3,1748"
"31,2120";"2,3000";"3,2046"
"31,2220";"2,3203";"3,2343"
"31,2320";"2,3403";"3,2655"
"31,2420";"2,3600";"3,2987"
"31,2520";"2,3799";"3,3312"
"31,2620";"2,3998";"3,3607"
"31,2720";"2,4198";"3,3902"
"31,2820";"2,4399";"3,4208"
"31,2920";"2,4600";"3,4536"
"31,3020";"2,4801";"3,4854"
"31,3120";"2,4998";"3,5148"
"31,3220";"2,5195";"3,5446"
"31,3320";"2,5391";"3,5734"
"31,3420";"2,5586";"3,6024"
"31,3520";"2,5788";"3,6329"
"31,3620";"2,5993";"3,6652"
"31,3720";"2,6200";"3,6951"
"31,3820";"2,6404";"3,7244"
"31,3920";"2,6606";"3,7533"
"31,4020";"2,6805";"3,7842"
"31,4120";"2,7003";"3,8161"
"31,4220";"2,7200";"3,8472"
"31,4320";"2,7396";"3,8753"
"31,4420";"2,7595";"3,9048"
"31,4520";"2,7796";"3,9358"
"31,4620";"2,7997";"3,9654"
"31,4720";"2,8199";"3,9947"
"31,4820";"2,8399";"4,0232"
"31,4920";"2,8600";"4,0516"
"31,5020";"2,8802";"4,0829"
"31,5120";"2,9002";"4,1141"
"31,5220";"2,9197";"4,1456"
"31,5320";"2,9396";"4,1774"
"31,5420";"2,9594";"4,2066"
"31,5520";"2,9792";"4,2354"
"31,5620";"2,9992";"4,2655"
"31,5720";"3,0196";"4,2971"
"31,5820";"3,0400";"4,3292"
"31,5920";"3,0605";"4,3597"
"31,6020";"3,0807";"4,3890"
"31,6120";"3,1007";"4,4185"
"31,6220";"3,1207";"4,4476"
"31,6320";"3,1404";"4,4763"
"31,6420";"3,1599";"4,5057"
"31,6520";"3,1795";"4,5353"
"31,6620";"3,1992";"4,5642"
"31,6720";"3,2194";"4,5940"
"31,6820";"3,2394";"4,6238"
"31,6920";"3,2597";"4,6562"
"31,7020";"3,2801";"4,6875"
"31,7120";"3,3001";"4,7163"
"31,7220";"3,3204";"4,7471"
"31,7320";"3,3407";"4,7795"
"31,7420";"3,3607";"4,8107"
"31,7520";"3,3806";"4,8406"
"31,7620";"3,4004";"4,8685"
"31,7720";"3,4201";"4,8971"
"31,7820";"3,4399";"4,9270"
"31,7920";"3,4599";"4,9554"
"31,8020";"3,4800";"4,9852"
"31,8120";"3,5001";"5,0157"
"31,8220";"3,5204";"5,0470"
"31,8320";"3,5404";"5,0779"
"31,8420";"3,5606";"5,1100"
"31,8520";"3,5805";"5,1422"
"31,8620";"3,6003";"5,1730"
"31,8720";"3,6198";"5,2005"
"31,8820";"3,6393";"5,2277"
"31,8920";"3,6591";"5,2563"
"31,9020";"3,6792";"5,2856"
"31,9120";"3,6996";"5,3167"
"31,9220";"3,7199";"5,3469"
"31,9320";"3,7402";"5,3780"
"31,9420";"3,7605";"5,4100"
"31,9520";"3,7808";"5,4410"
"31,9620";"3,8008";"5,4709"
"31,9720";"3,8209";"5,5020"
"31,9820";"3,8405";"5,5327"
"31,9920";"3,8599";"5,5615"
"32,0020";"3,8797";"5,5907"
"32,0120";"3,9000";"5,6222"
"32,0220";"3,9203";"5,6551"
"32,0320";"3,9406";"5,6865"
"32,0420";"3,9608";"5,7165"
"32,0520";"3,9806";"5,7484"
"32,0620";"4,0007";"5,7808"
"32,0720";"4,0209";"5,8127"
"32,0820";"4,0407";"5,8426"
"32,0920";"4,0606";"5,8723"
"32,1020";"4,0805";"5,9019"
"32,1120";"4,1003";"5,9329"
"32,1220";"4,1203";"5,9635"
"32,1320";"4,1404";"5,9956"
"32,1420";"4,1604";"6,0267"
"32,1520";"4,1802";"6,0575"
"32,1620";"4,2004";"6,0878"
"32,1720";"4,2201";"6,1183"
"32,1820";"4,2400";"6,1496"
"32,1920";"4,2598";"6,1809"
"32,2020";"4,2796";"6,2109"
"32,2120";"4,2996";"6,2401"
"32,2220";"4,3198";"6,2723"
"32,2320";"4,3400";"6,3047"
"32,2420";"4,3600";"6,3357"
"32,2520";"4,3802";"6,3671"
"32,2620";"4,4003";"6,4011"
"32,2720";"4,4202";"6,4337"
"32,2820";"4,4402";"6,4654"
"32,2920";"4,4603";"6,4964"
"32,3020";"4,4800";"6,5287"
"32,3120";"4,4996";"6,5604"
"32,3220";"4,5193";"6,5903"
"32,3320";"4,5391";"6,6205"
"32,3420";"4,5593";"6,6521"
"32,3520";"4,5796";"6,6857"
"32,3620";"4,5999";"6,7191"
"32,3720";"4,6201";"6,7512"
"32,3820";"4,6401";"6,7827"
"32,3920";"4,6597";"6,8153"
"32,4020";"4,6794";"6,8463"
"32,4120";"4,6993";"6,8779"
"32,4220";"4,7192";"6,9091"
"32,4320";"4,7389";"6,9399"
"32,4420";"4,7592";"6,9711"
"32,4520";"4,7797";"7,0046"
"32,4620";"4,8004";"7,0394"
"32,4720";"4,8208";"7,0739"
"32,4820";"4,8409";"7,1052"
"32,4920";"4,8607";"7,1361"
"32,5020";"4,8807";"7,1707"
"32,5120";"4,9004";"7,2048"
"32,5220";"4,9200";"7,2361"
"32,5320";"4,9398";"7,2654"
"32,5420";"4,9597";"7,2981"
"32,5520";"4,9797";"7,3342"
"32,5620";"4,9998";"7,3671"
"32,5640";"5,0039";"7,3734"
"32,5660";"5,0079";"7,3795"
"32,5680";"5,0118";"7,3856"
"32,5780";"5,0261";"7,4128"
"32,5880";"5,0257";"7,4166"
"32,5980";"5,0185";"7,4095"
"32,6080";"5,0034";"7,3890"
"32,6180";"4,9805";"7,3510"
"32,6280";"4,9525";"7,2980"
"32,6380";"4,9221";"7,2291"
"32,6480";"4,8914";"7,1447"
"32,6580";"4,8615";"7,0528"
"32,6680";"4,8333";"6,9610"
"32,6780";"4,8066";"6,8714"
"32,6880";"4,7815";"6,7838"
"32,6980";"4,7575";"6,6973"
"32,7080";"4,7344";"6,6153"
"32,7180";"4,7118";"6,5406"
"32,7280";"4,6898";"6,4733"
"32,7380";"4,6680";"6,4103"
"32,7480";"4,6464";"6,3485"
"32,7580";"4,6246";"6,2873"
"32,7680";"4,6031";"6,2286"
"32,7780";"4,5819";"6,1735"
"32,7880";"4,5611";"6,1224"
"32,7980";"4,5407";"6,0711"
"32,8080";"4,5203";"6,0188"
"32,8180";"4,5003";"5,9670"
"32,8280";"4,4802";"5,9183"
"32,8380";"4,4604";"5,8720"
"32,8480";"4,4405";"5,8246"
"32,8580";"4,4206";"5,7748"
"32,8680";"4,4008";"5,7256"
"32,8780";"4,3808";"5,6795"
"32,8880";"4,3609";"5,6356"
"32,8980";"4,3409";"5,5916"
"32,9080";"4,3204";"5,5467"
"32,9180";"4,2999";"5,5013"
"32,9280";"4,2799";"5,4565"
"32,9380";"4,2600";"5,4110"
"32,9480";"4,2403";"5,3670"
"32,9580";"4,2207";"5,3253"
"32,9680";"4,2009";"5,2816"
"32,9780";"4,1809";"5,2371"
"32,9880";"4,1605";"5,1933"
"32,9980";"4,1401";"5,1529"
"33,0080";"4,1198";"5,1145"
"33,0180";"4,0997";"5,0749"
"33,0280";"4,0795";"5,0343"
"33,0380";"4,0595";"4,9937"
"33,0480";"4,0396";"4,9525"
"33,0580";"4,0197";"4,9106"
"33,0680";"3,9997";"4,8703"
"33,0780";"3,9798";"4,8319"
"33,0880";"3,9599";"4,7925"
"33,0980";"3,9397";"4,7502"
"33,1080";"3,9197";"4,7099"
"33,1180";"3,9000";"4,6731"
"33,1280";"3,8799";"4,6380"
"33,1380";"3,8599";"4,6008"
"33,1480";"3,8402";"4,5619"
"33,1580";"3,8203";"4,5228"
"33,1680";"3,8004";"4,4859"
"33,1780";"3,7810";"4,4505"
"33,1880";"3,7611";"4,4146"
"33,1980";"3,7415";"4,3779"
"33,2080";"3,7218";"4,3405"
"33,2180";"3,7012";"4,3015"
"33,2280";"3,6804";"4,2636"
"33,2380";"3,6598";"4,2297"
"33,2480";"3,6394";"4,1956"
"33,2580";"3,6192";"4,1580"
"33,2680";"3,5994";"4,1209"
"33,2780";"3,5794";"4,0861"
"33,2880";"3,5594";"4,0530"
"33,2980";"3,5395";"4,0189"
"33,3080";"3,5196";"3,9835"
"33,3180";"3,4995";"3,9482"
"33,3280";"3,4796";"3,9132"
"33,3380";"3,4596";"3,8787"
"33,3480";"3,4397";"3,8444"
"33,3580";"3,4200";"3,8126"
"33,3680";"3,4001";"3,7805"
"33,3780";"3,3802";"3,7463"
"33,3880";"3,3603";"3,7099"
"33,3980";"3,3404";"3,6758"
"33,4080";"3,3204";"3,6428"
"33,4180";"3,3002";"3,6084"
"33,4280";"3,2801";"3,5739"
"33,4380";"3,2597";"3,5412"
"33,4480";"3,2396";"3,5103"
"33,4580";"3,2196";"3,4794"
"33,4680";"3,1997";"3,4465"
"33,4780";"3,1797";"3,4127"
"33,4880";"3,1599";"3,3798"
"33,4980";"3,1400";"3,3464"
"33,5080";"3,1200";"3,3137"
"33,5180";"3,1000";"3,2835"
"33,5280";"3,0802";"3,2544"
"33,5380";"3,0601";"3,2218"
"33,5480";"3,0403";"3,1884"
"33,5580";"3,0203";"3,1568"
"33,5680";"3,0001";"3,1263"
"33,5780";"2,9802";"3,0950"
"33,5880";"2,9604";"3,0633"
"33,5980";"2,9405";"3,0317"
"33,6080";"2,9207";"3,0010"
"33,6180";"2,9007";"2,9695"
"33,6280";"2,8803";"2,9363"
"33,6380";"2,8600";"2,9037"
"33,6480";"2,8399";"2,8737"
"33,6580";"2,8196";"2,8434"
"33,6680";"2,7997";"2,8133"
"33,6780";"2,7796";"2,7837"
"33,6880";"2,7597";"2,7547"
"33,6980";"2,7396";"2,7237"
"33,7080";"2,7198";"2,6932"
"33,7180";"2,6997";"2,6643"
"33,7280";"2,6796";"2,6345"
"33,7380";"2,6598";"2,6042"
"33,7480";"2,6398";"2,5750"
"33,7580";"2,6198";"2,5449"
"33,7680";"2,6001";"2,5161"
"33,7780";"2,5801";"2,4870"
"33,7880";"2,5599";"2,4549"
"33,7980";"2,5400";"2,4247"
"33,8080";"2,5200";"2,3965"
"33,8180";"2,5002";"2,3674"
"33,8280";"2,4806";"2,3361"
"33,8380";"2,4609";"2,3053"
"33,8480";"2,4409";"2,2767"
"33,8580";"2,4206";"2,2479"
"33,8680";"2,4002";"2,2180"
"33,8780";"2,3798";"2,1872"
"33,8880";"2,3596";"2,1585"
"33,8980";"2,3395";"2,1296"
"33,9080";"2,3194";"2,1002"
"33,9180";"2,2995";"2,0693"
"33,9280";"2,2798";"2,0404"
"33,9380";"2,2598";"2,0121"
"33,9480";"2,2399";"1,9843"
"33,9580";"2,2200";"1,9560"
"33,9680";"2,2001";"1,9282"
"33,9780";"2,1799";"1,9002"
"33,9880";"2,1601";"1,8713"
"33,9980";"2,1401";"1,8423"
"34,0080";"2,1200";"1,8140"
"34,0180";"2,1003";"1,7855"
"34,0280";"2,0804";"1,7543"
"34,0380";"2,0603";"1,7257"
"34,0480";"2,0405";"1,6998"
"34,0580";"2,0206";"1,6725"
"34,0680";"2,0005";"1,6432"
"34,0780";"1,9803";"1,6133"
"34,0880";"1,9601";"1,5851"
"34,0980";"1,9399";"1,5562"
"34,1080";"1,9198";"1,5255"
"34,1180";"1,8999";"1,4943"
"34,1280";"1,8797";"1,4658"
"34,1380";"1,8597";"1,4394"
"34,1480";"1,8398";"1,4128"
"34,1580";"1,8196";"1,3842"
"34,1680";"1,7995";"1,3555"
"34,1780";"1,7797";"1,3277"
"34,1880";"1,7597";"1,2981"
"34,1980";"1,7398";"1,2686"
"34,2080";"1,7200";"1,2406"
"34,2180";"1,6999";"1,2136"
"34,2280";"1,6799";"1,1857"
"34,2380";"1,6601";"1,1577"
"34,2480";"1,6401";"1,1310"
"34,2580";"1,6201";"1,1050"
"34,2680";"1,6004";"1,0778"
"34,2780";"1,5804";"1,0486"
"34,2880";"1,5603";"1,0191"
"34,2980";"1,5403";"0,9900"
"34,3080";"1,5202";"0,9605"
"34,3180";"1,4999";"0,9315"
"34,3280";"1,4798";"0,9049"
"34,3380";"1,4599";"0,8788"
"34,3480";"1,4398";"0,8499"
"34,3580";"1,4199";"0,8191"
"34,3680";"1,4000";"0,7906"
"34,3780";"1,3798";"0,7636"
"34,3880";"1,3598";"0,7369"
"34,3980";"1,3399";"0,7078"
"34,4080";"1,3200";"0,6776"
"34,4180";"1,3000";"0,6484"
"34,4280";"1,2802";"0,6207"
"34,4380";"1,2601";"0,5919"
"34,4480";"1,2401";"0,5640"
"34,4580";"1,2201";"0,5377"
"34,4680";"1,2002";"0,5111"
"34,4780";"1,1802";"0,4839"
"34,4880";"1,1607";"0,4579"
"34,4980";"1,1411";"0,4327"
"34,5080";"1,1211";"0,4056"
"34,5180";"1,1007";"0,3748"
"34,5280";"1,0803";"0,3458"
"34,5380";"1,0600";"0,3197"
"34,5480";"1,0398";"0,2951"
"34,5580";"1,0199";"0,2694"
"34,5680";"0,9997";"0,2422"
"34,5780";"0,9797";"0,2170"
"34,5880";"0,9598";"0,1935"
"34,5980";"0,9397";"0,1689"
"34,6080";"0,9198";"0,1435"
"34,6180";"0,8999";"0,1209"
"34,6280";"0,8797";"0,0990"
"34,6380";"0,8598";"0,0773"
"34,6480";"0,8400";"0,0543"
"34,6580";"0,8198";"0,0332"
"34,6680";"0,7997";"0,0135"
"34,6780";"0,7800";"-0,0058"
"34,6880";"0,7599";"-0,0261"
"34,6980";"0,7402";"-0,0433"
"34,7080";"0,7206";"-0,0584"
"34,7180";"0,7008";"-0,0737"
"34,7280";"0,6806";"-0,0920"
"34,7380";"0,6604";"-0,1100"
"34,7480";"0,6401";"-0,1265"
"34,7580";"0,6198";"-0,1422"
"34,7680";"0,5998";"-0,1546"
"34,7780";"0,5798";"-0,1661"
"34,7880";"0,5596";"-0,1797"
"34,7980";"0,5397";"-0,1941"
"34,8080";"0,5197";"-0,2080"
"34,8180";"0,4996";"-0,2203"
"34,8280";"0,4797";"-0,2298"
"34,8380";"0,4598";"-0,2402"
"34,8480";"0,4396";"-0,2527"
"34,8580";"0,4196";"-0,2624"
"34,8680";"0,3997";"-0,2703"
"34,8780";"0,3795";"-0,2808"
"34,8880";"0,3596";"-0,2924"
"34,8980";"0,3399";"-0,3032"
"34,9080";"0,3199";"-0,3113"
"34,9180";"0,3001";"-0,3177"
"34,9280";"0,2805";"-0,3265"
"34,9380";"0,2605";"-0,3342"
"34,9480";"0,2404";"-0,3393"
"34,9580";"0,2204";"-0,3438"
"34,9680";"0,2002";"-0,3523"
"34,9780";"0,1800";"-0,3613"
"34,9880";"0,1601";"-0,3663"
"34,9980";"0,1402";"-0,3688"
"35,0080";"0,1202";"-0,3712"
"35,0180";"0,1003";"-0,3753"
"35,0280";"0,0805";"-0,3780"
"35,0380";"0,0603";"-0,3805"
"35,0480";"0,0405";"-0,3843"
"35,0580";"0,0205";"-0,3866"
"35,0680";"0,0005";"-0,3874"
"35,0700";"-0,0035";"-0,3877"
"35,0720";"-0,0076";"-0,3882"
"35,0740";"-0,0115";"-0,3885"
"35,0840";"-0,0257";"-0,3867"
"35,0940";"-0,0255";"-0,3623"
"35,1040";"-0,0187";"-0,3389"
"35,1140";"-0,0041";"-0,3246"
"35,1240";"0,0182";"-0,3188"
"35,1340";"0,0458";"-0,3227"
"35,1440";"0,0758";"-0,3305"
"35,1540";"0,1062";"-0,3369"
"35,1640";"0,1359";"-0,3405"
"35,1740";"0,1646";"-0,3386"
"35,1840";"0,1920";"-0,3292"
"35,1940";"0,2179";"-0,3118"
"35,2040";"0,2427";"-0,2886"
"35,2140";"0,2666";"-0,2635"
"35,2240";"0,2896";"-0,2365"
"35,2340";"0,3120";"-0,2079"
"35,2440";"0,3337";"-0,1791"
"35,2540";"0,3551";"-0,1522"
"35,2640";"0,3762";"-0,1279"
"35,2740";"0,3969";"-0,1049"
"35,2840";"0,4174";"-0,0811"
"35,2940";"0,4379";"-0,0550"
"35,3040";"0,4582";"-0,0290"
"35,3140";"0,4785";"-0,0027"
"35,3240";"0,4989";"0,0224"
"35,3340";"0,5192";"0,0481"
"35,3440";"0,5395";"0,0760"
"35,3540";"0,5596";"0,1051"
"35,3640";"0,5797";"0,1342"
"35,3740";"0,5997";"0,1639"
"35,3840";"0,6199";"0,1959"
"35,3940";"0,6399";"0,2318"
"35,4040";"0,6599";"0,2704"
"35,4140";"0,6799";"0,3072"
"35,4240";"0,6998";"0,3446"
"35,4340";"0,7197";"0,3835"
"35,4440";"0,7397";"0,4252"
"35,4540";"0,7597";"0,4664"
"35,4640";"0,7796";"0,5083"
"35,4740";"0,7996";"0,5498"
"35,4840";"0,8198";"0,5922"
"35,4940";"0,8397";"0,6327"
"35,5040";"0,8597";"0,6734"
"35,5140";"0,8799";"0,7141"
"35,5240";"0,8999";"0,7545"
"35,5340";"0,9198";"0,7932"
"35,5440";"0,9397";"0,8327"
"35,5540";"0,9598";"0,8747"
"35,5640";"0,9797";"0,9160"
"35,5740";"0,9999";"0,9561"
"35,5840";"1,0199";"0,9954"
"35,5940";"1,0398";"1,0360"
"35,6040";"1,0600";"1,0777"
"35,6140";"1,0801";"1,1167"
"35,6240";"1,0999";"1,1535"
"35,6340";"1,1201";"1,1938"
"35,6440";"1,1402";"1,2353"
"35,6540";"1,1601";"1,2753"
"35,6640";"1,1802";"1,3145"
"35,6740";"1,2002";"1,3523"
"35,6840";"1,2201";"1,3905"
"35,6940";"1,2399";"1,4269"
"35,7040";"1,2599";"1,4617"
"35,7140";"1,2798";"1,4961"
"35,7240";"1,2997";"1,5324"
"35,7340";"1,3197";"1,5697"
"35,7440";"1,3398";"1,6057"
"35,7540";"1,3599";"1,6424"
"35,7640";"1,3798";"1,6789"
"35,7740";"1,3998";"1,7148"
"35,7840";"1,4196";"1,7489"
"35,7940";"1,4398";"1,7835"
"35,8040";"1,4599";"1,8198"
"35,8140";"1,4798";"1,8550"
"35,8240";"1,4999";"1,8901"
"35,8340";"1,5200";"1,9261"
"35,8440";"1,5399";"1,9628"
"35,8540";"1,5599";"1,9973"
"35,8640";"1,5801";"2,0305"
"35,8740";"1,5999";"2,0640"
"35,8840";"1,6198";"2,0976"
"35,8940";"1,6398";"2,1325"
"35,9040";"1,6596";"2,1662"
"35,9140";"1,6795";"2,1995"
"35,9240";"1,6998";"2,2342"
"35,9340";"1,7201";"2,2688"
"35,9440";"1,7403";"2,2998"
"35,9540";"1,7604";"2,3298"
"35,9640";"1,7804";"2,3598"
"35,9740";"1,8001";"2,3925"
"35,9840";"1,8201";"2,4272"
"35,9940";"1,8398";"2,4617"
"36,0040";"1,8595";"2,4952"
"36,0140";"1,8796";"2,5278"
"36,0240";"1,8996";"2,5599"
"36,0340";"1,9197";"2,5919"
"36,0440";"1,9400";"2,6245"
"36,0540";"1,9602";"2,6564"
"36,0640";"1,9800";"2,6869"
"36,0740";"2,0001";"2,7186"
"36,0840";"2,0200";"2,7539"
"36,0940";"2,0398";"2,7884"
"36,1040";"2,0596";"2,8184"
"36,1140";"2,0795";"2,8471"
"36,1240";"2,0994";"2,8772"
"36,1340";"2,1192";"2,9083"
"36,1440";"2,1395";"2,9401"
"36,1540";"2,1601";"2,9712"
"36,1640";"2,1805";"3,0026"
"36,1740";"2,2007";"3,0348"
"36,1840";"2,2206";"3,0665"
"36,1940";"2,2405";"3,0971"
"36,2040";"2,2603";"3,1285"
"36,2140";"2,2800";"3,1607"
"36,2240";"2,2996";"3,1893"
"36,2340";"2,3192";"3,2161"
"36,2440";"2,3389";"3,2445"
"36,2540";"2,3587";"3,2762"
"36,2640";"2,3786";"3,3082"
"36,2740";"2,3988";"3,3407"
"36,2840";"2,4193";"3,3723"
"36,2940";"2,4401";"3,4034"
"36,3040";"2,4606";"3,4352"
"36,3140";"2,4809";"3,4668"
"36,3240";"2,5008";"3,4976"
"36,3340";"2,5206";"3,5279"
"36,3440";"2,5401";"3,5569"
"36,3540";"2,5594";"3,5864"
"36,3640";"2,5793";"3,6183"
"36,3740";"2,5996";"3,6522"
"36,3840";"2,6201";"3,6831"
"36,3940";"2,6407";"3,7106"
"36,4040";"2,6607";"3,7367"
"36,4140";"2,6806";"3,7658"
"36,4240";"2,7004";"3,7969"
"36,4340";"2,7200";"3,8268"
"36,4440";"2,7394";"3,8561"
"36,4540";"2,7591";"3,8851"
"36,4640";"2,7789";"3,9148"
"36,4740";"2,7989";"3,9454"
"36,4840";"2,8188";"3,9759"
"36,4940";"2,8392";"4,0060"
"36,5040";"2,8598";"4,0351"
"36,5140";"2,8801";"4,0650"
"36,5240";"2,9000";"4,0968"
"36,5340";"2,9200";"4,1295"
"36,5440";"2,9401";"4,1596"
"36,5540";"2,9601";"4,1896"
"36,5640";"2,9800";"4,2193"
"36,5740";"2,9998";"4,2489"
"36,5840";"3,0201";"4,2804"
"36,5940";"3,0404";"4,3102"
"36,6040";"3,0608";"4,3405"
"36,6140";"3,0810";"4,3719"
"36,6240";"3,1010";"4,4020"
"36,6340";"3,1208";"4,4304"
"36,6440";"3,1405";"4,4592"
"36,6540";"3,1600";"4,4891"
"36,6640";"3,1795";"4,5189"
"36,6740";"3,1992";"4,5467"
"36,6840";"3,2191";"4,5744"
"36,6940";"3,2392";"4,6038"
"36,7040";"3,2594";"4,6358"
"36,7140";"3,2798";"4,6675"
"36,7240";"3,2998";"4,6975"
"36,7340";"3,3198";"4,7273"
"36,7440";"3,3397";"4,7580"
"36,7540";"3,3594";"4,7873"
"36,7640";"3,3795";"4,8157"
"36,7740";"3,3995";"4,8469"
"36,7840";"3,4192";"4,8784"
"36,7940";"3,4394";"4,9100"
"36,8040";"3,4602";"4,9410"
"36,8140";"3,4809";"4,9722"
"36,8240";"3,5012";"5,0018"
"36,8340";"3,5214";"5,0295"
"36,8440";"3,5413";"5,0586"
"36,8540";"3,5611";"5,0899"
"36,8640";"3,5810";"5,1235"
"36,8740";"3,6006";"5,1540"
"36,8840";"3,6202";"5,1824"
"36,8940";"3,6399";"5,2125"
"36,9040";"3,6596";"5,2437"
"36,9140";"3,6794";"5,2728"
"36,9240";"3,6997";"5,3005"
"36,9340";"3,7200";"5,3305"
"36,9440";"3,7402";"5,3635"
"36,9540";"3,7602";"5,3949"
"36,9640";"3,7801";"5,4226"
"36,9740";"3,8001";"5,4503"
"36,9840";"3,8202";"5,4811"
"36,9940";"3,8402";"5,5134"
"37,0040";"3,8598";"5,5443"
"37,0140";"3,8800";"5,5745"
"37,0240";"3,9004";"5,6058"
"37,0340";"3,9207";"5,6361"
"37,0440";"3,9410";"5,6671"
"37,0540";"3,9611";"5,6979"
"37,0640";"3,9810";"5,7288"
"37,0740";"4,0009";"5,7609"
"37,0840";"4,0209";"5,7916"
"37,0940";"4,0406";"5,8227"
"37,1040";"4,0603";"5,8559"
"37,1140";"4,0801";"5,8883"
"37,1240";"4,0998";"5,9175"
"37,1340";"4,1197";"5,9470"
"37,1440";"4,1400";"5,9794"
"37,1540";"4,1602";"6,0099"
"37,1640";"4,1802";"6,0377"
"37,1740";"4,2001";"6,0651"
"37,1840";"4,2194";"6,0950"
"37,1940";"4,2391";"6,1278"
"37,2040";"4,2593";"6,1597"
"37,2140";"4,2793";"6,1901"
"37,2240";"4,2996";"6,2235"
"37,2340";"4,3201";"6,2578"
"37,2440";"4,3405";"6,2895"
"37,2540";"4,3607";"6,3199"
"37,2640";"4,3809";"6,3510"
"37,2740";"4,4009";"6,3834"
"37,2840";"4,4207";"6,4162"
"37,2940";"4,4405";"6,4480"
"37,3040";"4,4604";"6,4800"
"37,3140";"4,4801";"6,5117"
"37,3240";"4,4998";"6,5425"
"37,3340";"4,5198";"6,5730"
"37,3440";"4,5397";"6,6063"
"37,3540";"4,5595";"6,6381"
"37,3640";"4,5797";"6,6681"
"37,3740";"4,5999";"6,6986"
"37,3840";"4,6200";"6,7318"
"37,3940";"4,6397";"6,7661"
"37,4040";"4,6587";"6,7966"
"37,4140";"4,6778";"6,8244"
"37,4240";"4,6974";"6,8553"
"37,4340";"4,7175";"6,8894"
"37,4440";"4,7382";"6,9227"
"37,4540";"4,7595";"6,9545"
"37,4640";"4,7807";"6,9876"
"37,4740";"4,8013";"7,0232"
"37,4840";"4,8216";"7,0592"
"37,4940";"4,8415";"7,0915"
"37,5040";"4,8612";"7,1232"
"37,5140";"4,8810";"7,1562"
"37,5240";"4,9007";"7,1877"
"37,5340";"4,9203";"7,2193"
"37,5440";"4,9400";"7,2534"
"37,5540";"4,9600";"7,2883"
"37,5640";"4,9797";"7,3194"
"37,5740";"4,9997";"7,3493"
"37,5760";"5,0037";"7,3555"
"37,5780";"5,0077";"7,3616"
"37,5800";"5,0117";"7,3678"
"37,5900";"5,0260";"7,3973"
"37,6000";"5,0257";"7,4027"
"37,6100";"5,0184";"7,3939"
"37,6200";"5,0033";"7,3736"
"37,6300";"4,9804";"7,3370"
"37,6400";"4,9524";"7,2850"
"37,6500";"4,9219";"7,2158"
"37,6600";"4,8912";"7,1312"
"37,6700";"4,8614";"7,0408"
"37,6800";"4,8332";"6,9498"
"37,6900";"4,8065";"6,8573"
"37,7000";"4,7815";"6,7655"
"37,7100";"4,7574";"6,6793"
"37,7200";"4,7344";"6,6007"
"37,7300";"4,7116";"6,5272"
"37,7400";"4,6889";"6,4570"
"37,7500";"4,6666";"6,3905"
"37,7600";"4,6448";"6,3288"
"37,7700";"4,6235";"6,2694"
"37,7800";"4,6027";"6,2135"
"37,7900";"4,5820";"6,1599"
"37,8000";"4,5615";"6,1077"
"37,8100";"4,5414";"6,0541"
"37,8200";"4,5212";"6,0022"
"37,8300";"4,5013";"5,9544"
"37,8400";"4,4812";"5,9066"
"37,8500";"4,4610";"5,8571"
"37,8600";"4,4408";"5,8071"
"37,8700";"4,4207";"5,7589"
"37,8800";"4,4006";"5,7141"
"37,8900";"4,3808";"5,6691"
"37,9000";"4,3611";"5,6225"
"37,9100";"4,3416";"5,5773"
"37,9200";"4,3220";"5,5338"
"37,9300";"4,3018";"5,4889"
"37,9400";"4,2816";"5,4433"
"37,9500";"4,2615";"5,3985"
"37,9600";"4,2408";"5,3553"
"37,9700";"4,2200";"5,3123"
"37,9800";"4,1994";"5,2678"
"37,9900";"4,1789";"5,2238"
"38,0000";"4,1590";"5,1820"
"38,0100";"4,1390";"5,1412"
"38,0200";"4,1191";"5,0997"
"38,0300";"4,0994";"5,0583"
"38,0400";"4,0794";"5,0164"
"38,0500";"4,0596";"4,9754"
"38,0600";"4,0397";"4,9343"
"38,0700";"4,0199";"4,8950"
"38,0800";"4,0000";"4,8591"
"38,0900";"3,9800";"4,8218"
"38,1000";"3,9599";"4,7815"
"38,1100";"3,9397";"4,7399"
"38,1200";"3,9198";"4,7010"
"38,1300";"3,9002";"4,6637"
"38,1400";"3,8804";"4,6246"
"38,1500";"3,8608";"4,5847"
"38,1600";"3,8412";"4,5480"
"38,1700";"3,8215";"4,5127"
"38,1800";"3,8016";"4,4768"
"38,1900";"3,7814";"4,4394"
"38,2000";"3,7605";"4,4017"
"38,2100";"3,7398";"4,3626"
"38,2200";"3,7193";"4,3237"
"38,2300";"3,6990";"4,2870"
"38,2400";"3,6788";"4,2508"
"38,2500";"3,6591";"4,2169"
"38,2600";"3,6393";"4,1799"
"38,2700";"3,6195";"4,1413"
"38,2800";"3,5997";"4,1046"
"38,2900";"3,5799";"4,0698"
"38,3000";"3,5600";"4,0370"
"38,3100";"3,5400";"4,0045"
"38,3200";"3,5198";"3,9706"
"38,3300";"3,4996";"3,9355"
"38,3400";"3,4797";"3,9013"
"38,3500";"3,4597";"3,8686"
"38,3600";"3,4399";"3,8360"
"38,3700";"3,4202";"3,8014"
"38,3800";"3,4005";"3,7660"
"38,3900";"3,3804";"3,7312"
"38,4000";"3,3601";"3,6982"
"38,4100";"3,3400";"3,6665"
"38,4200";"3,3200";"3,6330"
"38,4300";"3,2999";"3,5967"
"38,4400";"3,2799";"3,5617"
"38,4500";"3,2597";"3,5289"
"38,4600";"3,2396";"3,4970"
"38,4700";"3,2196";"3,4647"
"38,4800";"3,1997";"3,4336"
"38,4900";"3,1797";"3,4021"
"38,5000";"3,1600";"3,3697"
"38,5100";"3,1402";"3,3365"
"38,5200";"3,1202";"3,3041"
"38,5300";"3,1004";"3,2732"
"38,5400";"3,0805";"3,2414"
"38,5500";"3,0604";"3,2071"
"38,5600";"3,0405";"3,1749"
"38,5700";"3,0207";"3,1445"
"38,5800";"3,0005";"3,1144"
"38,5900";"2,9807";"3,0835"
"38,6000";"2,9608";"3,0529"
"38,6100";"2,9406";"3,0213"
"38,6200";"2,9202";"2,9883"
"38,6300";"2,8999";"2,9552"
"38,6400";"2,8795";"2,9237"
"38,6500";"2,8594";"2,8940"
"38,6600";"2,8396";"2,8640"
"38,6700";"2,8195";"2,8328"
"38,6800";"2,7996";"2,8024"
"38,6900";"2,7796";"2,7747"
"38,7000";"2,7595";"2,7459"
"38,7100";"2,7396";"2,7139"
"38,7200";"2,7198";"2,6797"
"38,7300";"2,6997";"2,6482"
"38,7400";"2,6797";"2,6193"
"38,7500";"2,6598";"2,5924"
"38,7600";"2,6397";"2,5638"
"38,7700";"2,6198";"2,5337"
"38,7800";"2,6003";"2,5048"
"38,7900";"2,5806";"2,4762"
"38,8000";"2,5606";"2,4465"
"38,8100";"2,5408";"2,4174"
"38,8200";"2,5208";"2,3885"
"38,8300";"2,5005";"2,3563"
"38,8400";"2,4802";"2,3239"
"38,8500";"2,4599";"2,2949"
"38,8600";"2,4397";"2,2658"
"38,8700";"2,4197";"2,2373"
"38,8800";"2,3995";"2,2068"
"38,8900";"2,3794";"2,1760"
"38,9000";"2,3595";"2,1469"
"38,9100";"2,3396";"2,1180"
"38,9200";"2,3196";"2,0897"
"38,9300";"2,2997";"2,0612"
"38,9400";"2,2799";"2,0315"
"38,9500";"2,2599";"2,0015"
"38,9600";"2,2400";"1,9720"
"38,9700";"2,2202";"1,9447"
"38,9800";"2,2001";"1,9179"
"38,9900";"2,1800";"1,8890"
"39,0000";"2,1602";"1,8593"
"39,0100";"2,1406";"1,8301"
"39,0200";"2,1207";"1,8028"
"39,0300";"2,1013";"1,7755"
"39,0400";"2,0814";"1,7462"
"39,0500";"2,0612";"1,7153"
"39,0600";"2,0411";"1,6861"
"39,0700";"2,0206";"1,6583"
"39,0800";"2,0000";"1,6298"
"39,0900";"1,9797";"1,6018"
"39,1000";"1,9595";"1,5728"
"39,1100";"1,9393";"1,5414"
"39,1200";"1,9193";"1,5094"
"39,1300";"1,8995";"1,4803"
"39,1400";"1,8794";"1,4522"
"39,1500";"1,8595";"1,4260"
"39,1600";"1,8395";"1,3989"
"39,1700";"1,8194";"1,3708"
"39,1800";"1,7994";"1,3438"
"39,1900";"1,7797";"1,3162"
"39,2000";"1,7596";"1,2885"
"39,2100";"1,7398";"1,2606"
"39,2200";"1,7200";"1,2329"
"39,2300";"1,7000";"1,2036"
"39,2400";"1,6799";"1,1738"
"39,2500";"1,6601";"1,1463"
"39,2600";"1,6401";"1,1201"
"39,2700";"1,6201";"1,0938"
"39,2800";"1,6001";"1,0660"
"39,2900";"1,5801";"1,0358"
"39,3000";"1,5599";"1,0054"
"39,3100";"1,5400";"0,9774"
"39,3200";"1,5200";"0,9497"
"39,3300";"1,4999";"0,9216"
"39,3400";"1,4799";"0,8941"
"39,3500";"1,4600";"0,8650"
"39,3600";"1,4398";"0,8352"
"39,3700";"1,4199";"0,8077"
"39,3800";"1,4000";"0,7828"
"39,3900";"1,3797";"0,7551"
"39,4000";"1,3598";"0,7243"
"39,4100";"1,3398";"0,6949"
"39,4200";"1,3197";"0,6670"
"39,4300";"1,2999";"0,6396"
"39,4400";"1,2801";"0,6103"
"39,4500";"1,2601";"0,5823"
"39,4600";"1,2401";"0,5555"
"39,4700";"1,2203";"0,5299"
"39,4800";"1,2004";"0,5020"
"39,4900";"1,1803";"0,4731"
"39,5000";"1,1605";"0,4466"
"39,5100";"1,1407";"0,4196"
"39,5200";"1,1203";"0,3913"
"39,5300";"1,1004";"0,3622"
"39,5400";"1,0803";"0,3336"
"39,5500";"1,0603";"0,3079"
"39,5600";"1,0402";"0,2847"
"39,5700";"1,0201";"0,2602"
"39,5800";"0,9999";"0,2336"
"39,5900";"0,9801";"0,2063"
"39,6000";"0,9601";"0,1806"
"39,6100";"0,9398";"0,1557"
"39,6200";"0,9198";"0,1330"
"39,6300";"0,8998";"0,1106"
"39,6400";"0,8796";"0,0869"
"39,6500";"0,8598";"0,0643"
"39,6600";"0,8402";"0,0442"
"39,6700";"0,8202";"0,0248"
"39,6800";"0,8004";"0,0051"
"39,6900";"0,7808";"-0,0155"
"39,7000";"0,7607";"-0,0370"
"39,7100";"0,7404";"-0,0560"
"39,7200";"0,7201";"-0,0723"
"39,7300";"0,6997";"-0,0893"
"39,7400";"0,6795";"-0,1053"
"39,7500";"0,6596";"-0,1182"
"39,7600";"0,6396";"-0,1311"
"39,7700";"0,6197";"-0,1462"
"39,7800";"0,6000";"-0,1599"
"39,7900";"0,5799";"-0,1719"
"39,8000";"0,5598";"-0,1855"
"39,8100";"0,5399";"-0,2001"
"39,8200";"0,5198";"-0,2141"
"39,8300";"0,4997";"-0,2254"
"39,8400";"0,4798";"-0,2346"
"39,8500";"0,4598";"-0,2450"
"39,8600";"0,4398";"-0,2567"
"39,8700";"0,4197";"-0,2686"
"39,8800";"0,3997";"-0,2797"
"39,8900";"0,3797";"-0,2890"
"39,9000";"0,3598";"-0,2959"
"39,9100";"0,3401";"-0,3019"
"39,9200";"0,3203";"-0,3088"
"39,9300";"0,3001";"-0,3193"
"39,9400";"0,2801";"-0,3270"
"39,9500";"0,2601";"-0,3323"
"39,9600";"0,2400";"-0,3380"
"39,9700";"0,2201";"-0,3453"
"39,9800";"0,2002";"-0,3527"
"39,9900";"0,1800";"-0,3595"
"40,0000";"0,1601";"-0,3635"
"40,0100";"0,1402";"-0,3658"
"40,0200";"0,1202";"-0,3706"
"40,0300";"0,1003";"-0,3746"
"40,0400";"0,0805";"-0,3780"
"40,0500";"0,0604";"-0,3823"
"40,0600";"0,0405";"-0,3856"
"40,0700";"0,0207";"-0,3869"
"40,0800";"0,0005";"-0,3862"
"40,0820";"-0,0034";"-0,3862"
"40,0840";"-0,0074";"-0,3862"
"40,0860";"-0,0115";"-0,3862"
"40,0960";"-0,0256";"-0,3842"
"40,1060";"-0,0254";"-0,3615"
"40,1160";"-0,0184";"-0,3401"
"40,1260";"-0,0040";"-0,3278"
"40,1360";"0,0183";"-0,3209"
"40,1460";"0,0459";"-0,3227"
"40,1560";"0,0760";"-0,3297"
"40,1660";"0,1064";"-0,3369"
"40,1760";"0,1360";"-0,3420"
"40,1860";"0,1647";"-0,3405"
"40,1960";"0,1921";"-0,3294"
"40,2060";"0,2180";"-0,3124"
"40,2160";"0,2430";"-0,2920"
"40,2260";"0,2667";"-0,2686"
"40,2360";"0,2897";"-0,2413"
"40,2460";"0,3119";"-0,2135"
"40,2560";"0,3336";"-0,1863"
"40,2660";"0,3551";"-0,1601"
"40,2760";"0,3761";"-0,1328"
"40,2860";"0,3969";"-0,1067"
"40,2960";"0,4173";"-0,0829"
"40,3060";"0,4377";"-0,0596"
"40,3160";"0,4582";"-0,0358"
"40,3260";"0,4786";"-0,0104"
"40,3360";"0,4990";"0,0155"
"40,3460";"0,5193";"0,0405"
"40,3560";"0,5395";"0,0666"
"40,3660";"0,5596";"0,0950"
"40,3760";"0,5797";"0,1225"
"40,3860";"0,5996";"0,1516"
"40,3960";"0,6197";"0,1834"
"40,4060";"0,6397";"0,2186"
"40,4160";"0,6597";"0,2545"
"40,4260";"0,6798";"0,2923"
"40,4360";"0,6998";"0,3338"
"40,4460";"0,7197";"0,3744"
"40,4560";"0,7397";"0,4140"
"40,4660";"0,7598";"0,4534"
"40,4760";"0,7798";"0,4932"
"40,4860";"0,7998";"0,5330"
"40,4960";"0,8199";"0,5724"
"40,5060";"0,8397";"0,6122"
"40,5160";"0,8597";"0,6530"
"40,5260";"0,8799";"0,6964"
"40,5360";"0,8997";"0,7391"
"40,5460";"0,9195";"0,7788"
"40,5560";"0,9395";"0,8196"
"40,5660";"0,9597";"0,8616"
"40,5760";"0,9797";"0,9017"
"40,5860";"0,9999";"0,9403"
"40,5960";"1,0200";"0,9798"
"40,6060";"1,0400";"1,0213"
"40,6160";"1,0601";"1,0642"
"40,6260";"1,0801";"1,1055"
"40,6360";"1,1000";"1,1437"
"40,6460";"1,1202";"1,1820"
"40,6560";"1,1403";"1,2210"
"40,6660";"1,1602";"1,2586"
"40,6760";"1,1802";"1,2955"
"40,6860";"1,2003";"1,3333"
"40,6960";"1,2201";"1,3695"
"40,7060";"1,2399";"1,4050"
"40,7160";"1,2598";"1,4427"
"40,7260";"1,2797";"1,4816"
"40,7360";"1,2996";"1,5188"
"40,7460";"1,3196";"1,5548"
"40,7560";"1,3397";"1,5899"
"40,7660";"1,3595";"1,6266"
"40,7760";"1,3796";"1,6635"
"40,7860";"1,3995";"1,6982"
"40,7960";"1,4196";"1,7331"
"40,8060";"1,4398";"1,7694"
"40,8160";"1,4600";"1,8066"
"40,8260";"1,4799";"1,8408"
"40,8360";"1,5000";"1,8736"
"40,8460";"1,5200";"1,9078"
"40,8560";"1,5399";"1,9435"
"40,8660";"1,5600";"1,9791"
"40,8760";"1,5801";"2,0135"
"40,8860";"1,5999";"2,0482"
"40,8960";"1,6196";"2,0830"
"40,9060";"1,6393";"2,1165"
"40,9160";"1,6592";"2,1494"
"40,9260";"1,6789";"2,1828"
"40,9360";"1,6992";"2,2163"
"40,9460";"1,7197";"2,2489"
"40,9560";"1,7400";"2,2817"
"40,9660";"1,7603";"2,3173"
"40,9760";"1,7805";"2,3518"
"40,9860";"1,8003";"2,3837"
"40,9960";"1,8203";"2,4137"
"41,0060";"1,8402";"2,4469"
"41,0160";"1,8601";"2,4818"
"41,0260";"1,8802";"2,5143"
"41,0360";"1,9002";"2,5451"
"41,0460";"1,9202";"2,5772"
"41,0560";"1,9401";"2,6107"
"41,0660";"1,9601";"2,6435"
"41,0760";"1,9799";"2,6738"
"41,0860";"2,0001";"2,7058"
"41,0960";"2,0202";"2,7392"
"41,1060";"2,0401";"2,7717"
"41,1160";"2,0600";"2,8007"
"41,1260";"2,0797";"2,8313"
"41,1360";"2,0993";"2,8627"
"41,1460";"2,1189";"2,8943"
"41,1560";"2,1389";"2,9265"
"41,1660";"2,1595";"2,9600"
"41,1760";"2,1800";"2,9913"
"41,1860";"2,2003";"3,0196"
"41,1960";"2,2205";"3,0485"
"41,2060";"2,2405";"3,0798"
"41,2160";"2,2605";"3,1138"
"41,2260";"2,2805";"3,1455"
"41,2360";"2,3004";"3,1748"
"41,2460";"2,3203";"3,2045"
"41,2560";"2,3400";"3,2352"
"41,2660";"2,3596";"3,2659"
"41,2760";"2,3792";"3,2949"
"41,2860";"2,3990";"3,3230"
"41,2960";"2,4188";"3,3530"
"41,3060";"2,4388";"3,3852"
"41,3160";"2,4587";"3,4171"
"41,3260";"2,4787";"3,4483"
"41,3360";"2,4991";"3,4802"
"41,3460";"2,5197";"3,5121"
"41,3560";"2,5397";"3,5413"
"41,3660";"2,5597";"3,5687"
"41,3760";"2,5796";"3,5987"
"41,3860";"2,6001";"3,6314"
"41,3960";"2,6206";"3,6641"
"41,4060";"2,6410";"3,6955"
"41,4160";"2,6611";"3,7256"
"41,4260";"2,6809";"3,7553"
"41,4360";"2,7009";"3,7851"
"41,4460";"2,7207";"3,8154"
"41,4560";"2,7405";"3,8458"
"41,4660";"2,7605";"3,8740"
"41,4760";"2,7802";"3,9006"
"41,4860";"2,7999";"3,9297"
"41,4960";"2,8195";"3,9622"
"41,5060";"2,8394";"3,9944"
"41,5160";"2,8592";"4,0225"
"41,5260";"2,8793";"4,0502"
"41,5360";"2,8994";"4,0792"
"41,5460";"2,9195";"4,1088"
"41,5560";"2,9393";"4,1396"
"41,5660";"2,9593";"4,1702"
"41,5760";"2,9790";"4,2021"
"41,5860";"2,9988";"4,2349"
"41,5960";"3,0189";"4,2661"
"41,6060";"3,0392";"4,2963"
"41,6160";"3,0598";"4,3257"
"41,6260";"3,0804";"4,3565"
"41,6360";"3,1007";"4,3853"
"41,6460";"3,1210";"4,4120"
"41,6560";"3,1412";"4,4425"
"41,6660";"3,1613";"4,4748"
"41,6760";"3,1812";"4,5061"
"41,6860";"3,2011";"4,5357"
"41,6960";"3,2208";"4,5647"
"41,7060";"3,2403";"4,5933"
"41,7160";"3,2597";"4,6220"
"41,7260";"3,2793";"4,6514"
"41,7360";"3,2992";"4,6821"
"41,7460";"3,3192";"4,7132"
"41,7560";"3,3396";"4,7427"
"41,7660";"3,3600";"4,7707"
"41,7760";"3,3799";"4,7991"
"41,7860";"3,3995";"4,8307"
"41,7960";"3,4190";"4,8632"
"41,8060";"3,4390";"4,8936"
"41,8160";"3,4593";"4,9224"
"41,8260";"3,4795";"4,9528"
"41,8360";"3,4995";"4,9829"
"41,8460";"3,5195";"5,0127"
"41,8560";"3,5397";"5,0426"
"41,8660";"3,5600";"5,0730"
"41,8760";"3,5807";"5,1046"
"41,8860";"3,6012";"5,1347"
"41,8960";"3,6215";"5,1662"
"41,9060";"3,6417";"5,1995"
"41,9160";"3,6615";"5,2313"
"41,9260";"3,6811";"5,2594"
"41,9360";"3,7007";"5,2863"
"41,9460";"3,7202";"5,3153"
"41,9560";"3,7399";"5,3457"
"41,9660";"3,7597";"5,3770"
"41,9760";"3,7799";"5,4085"
"41,9860";"3,8000";"5,4388"
"41,9960";"3,8198";"5,4686"
"42,0060";"3,8394";"5,4980"
"42,0160";"3,8589";"5,5270"
"42,0260";"3,8790";"5,5586"
"42,0360";"3,8997";"5,5906"
"42,0460";"3,9204";"5,6188"
"42,0560";"3,9408";"5,6477"
"42,0660";"3,9611";"5,6812"
"42,0760";"3,9811";"5,7164"
"42,0860";"4,0013";"5,7497"
"42,0960";"4,0213";"5,7824"
"42,1060";"4,0414";"5,8136"
"42,1160";"4,0613";"5,8450"
"42,1260";"4,0813";"5,8759"
"42,1360";"4,1009";"5,9037"
"42,1460";"4,1205";"5,9330"
"42,1560";"4,1402";"5,9646"
"42,1660";"4,1597";"5,9948"
"42,1760";"4,1795";"6,0249"
"42,1860";"4,1996";"6,0564"
"42,1960";"4,2197";"6,0881"
"42,2060";"4,2396";"6,1165"
"42,2160";"4,2597";"6,1444"
"42,2260";"4,2795";"6,1748"
"42,2360";"4,2996";"6,2080"
"42,2460";"4,3198";"6,2415"
"42,2560";"4,3400";"6,2750"
"42,2660";"4,3598";"6,3081"
"42,2760";"4,3797";"6,3410"
"42,2860";"4,3997";"6,3717"
"42,2960";"4,4199";"6,4023"
"42,3060";"4,4402";"6,4336"
"42,3160";"4,4605";"6,4668"
"42,3260";"4,4807";"6,4992"
"42,3360";"4,5009";"6,5301"
"42,3460";"4,5208";"6,5620"
"42,3560";"4,5407";"6,5957"
"42,3660";"4,5602";"6,6267"
"42,3760";"4,5800";"6,6550"
"42,3860";"4,5997";"6,6848"
"42,3960";"4,6196";"6,7168"
"42,4060";"4,6396";"6,7508"
"42,4160";"4,6594";"6,7839"
"42,4260";"4,6791";"6,8152"
"42,4360";"4,6990";"6,8472"
"42,4460";"4,7190";"6,8786"
"42,4560";"4,7391";"6,9097"
"42,4660";"4,7596";"6,9417"
"42,4760";"4,7801";"6,9752"
"42,4860";"4,8001";"7,0078"
"42,4960";"4,8201";"7,0399"
"42,5060";"4,8400";"7,0733"
"42,5160";"4,8601";"7,1077"
"42,5260";"4,8803";"7,1422"
"42,5360";"4,9004";"7,1739"
"42,5460";"4,9203";"7,2053"
"42,5560";"4,9404";"7,2392"
"42,5660";"4,9603";"7,2726"
"42,5760";"4,9802";"7,3032"
"42,5860";"5,0000";"7,3340"
"42,5880";"5,0039";"7,3403"
"42,5900";"5,0079";"7,3467"
"42,6000";"5,0220";"7,3750"
"42,6100";"5,0216";"7,3794"
"42,6200";"5,0143";"7,3705"
"42,6300";"4,9993";"7,3502"
"42,6400";"4,9764";"7,3134"
"42,6500";"4,9484";"7,2596"
"42,6600";"4,9178";"7,1887"
"42,6700";"4,8871";"7,1056"
"42,6800";"4,8573";"7,0175"
"42,6900";"4,8293";"6,9283"
"42,7000";"4,8027";"6,8377"
"42,7100";"4,7772";"6,7482"
"42,7200";"4,7528";"6,6620"
"42,7300";"4,7293";"6,5813"
"42,7400";"4,7064";"6,5050"
"42,7500";"4,6841";"6,4360"
"42,7600";"4,6625";"6,3735"
"42,7700";"4,6415";"6,3120"
"42,7800";"4,6203";"6,2505"
"42,7900";"4,5996";"6,1934"
"42,8000";"4,5788";"6,1392"
"42,8100";"4,5580";"6,0877"
"42,8200";"4,5373";"6,0359"
"42,8300";"4,5169";"5,9845"
"42,8400";"4,4967";"5,9348"
"42,8500";"4,4765";"5,8860"
"42,8600";"4,4566";"5,8389"
"42,8700";"4,4366";"5,7912"
"42,8800";"4,4168";"5,7432"
"42,8900";"4,3969";"5,6961"
"42,9000";"4,3773";"5,6506"
"42,9100";"4,3580";"5,6059"
"42,9200";"4,3388";"5,5628"
"42,9300";"4,3186";"5,5184"
"42,9400";"4,2980";"5,4713"
"42,9500";"4,2774";"5,4246"
"42,9600";"4,2566";"5,3797"
"42,9700";"4,2358";"5,3371"
"42,9800";"4,2154";"5,2966"
"42,9900";"4,1951";"5,2531"
"43,0000";"4,1750";"5,2093"
"43,0100";"4,1553";"5,1661"
"43,0200";"4,1354";"5,1236"
"43,0300";"4,1154";"5,0812"
"43,0400";"4,0955";"5,0399"
"43,0500";"4,0755";"4,9998"
"43,0600";"4,0553";"4,9579"
"43,0700";"4,0356";"4,9159"
"43,0800";"4,0157";"4,8756"
"43,0900";"3,9958";"4,8390"
"43,1000";"3,9762";"4,8024"
"43,1100";"3,9566";"4,7647"
"43,1200";"3,9368";"4,7240"
"43,1300";"3,9172";"4,6859"
"43,1400";"3,8974";"4,6489"
"43,1500";"3,8772";"4,6116"
"43,1600";"3,8566";"4,5717"
"43,1700";"3,8361";"4,5322"
"43,1800";"3,8156";"4,4933"
"43,1900";"3,7954";"4,4557"
"43,2000";"3,7754";"4,4192"
"43,2100";"3,7553";"4,3829"
"43,2200";"3,7354";"4,3446"
"43,2300";"3,7156";"4,3059"
"43,2400";"3,6954";"4,2684"
"43,2500";"3,6753";"4,2334"
"43,2600";"3,6556";"4,1994"
"43,2700";"3,6356";"4,1640"
"43,2800";"3,6156";"4,1293"
"43,2900";"3,5959";"4,0957"
"43,3000";"3,5759";"4,0600"
"43,3100";"3,5561";"4,0235"
"43,3200";"3,5362";"3,9879"
"43,3300";"3,5163";"3,9553"
"43,3400";"3,4963";"3,9226"
"43,3500";"3,4765";"3,8883"
"43,3600";"3,4564";"3,8521"
"43,3700";"3,4365";"3,8180"
"43,3800";"3,4164";"3,7846"
"43,3900";"3,3962";"3,7499"
"43,4000";"3,3759";"3,7153"
"43,4100";"3,3558";"3,6803"
"43,4200";"3,3359";"3,6463"
"43,4300";"3,3159";"3,6128"
"43,4400";"3,2960";"3,5799"
"43,4500";"3,2760";"3,5479"
"43,4600";"3,2559";"3,5148"
"43,4700";"3,2359";"3,4818"
"43,4800";"3,2160";"3,4469"
"43,4900";"3,1958";"3,4131"
"43,5000";"3,1758";"3,3811"
"43,5100";"3,1559";"3,3491"
"43,5200";"3,1358";"3,3183"
"43,5300";"3,1160";"3,2889"
"43,5400";"3,0962";"3,2593"
"43,5500";"3,0765";"3,2265"
"43,5600";"3,0566";"3,1933"
"43,5700";"3,0369";"3,1634"
"43,5800";"3,0169";"3,1331"
"43,5900";"2,9967";"3,1001"
"43,6000";"2,9767";"3,0674"
"43,6100";"2,9565";"3,0370"
"43,6200";"2,9360";"3,0088"
"43,6300";"2,9159";"2,9778"
"43,6400";"2,8957";"2,9443"
"43,6500";"2,8754";"2,9100"
"43,6600";"2,8554";"2,8769"
"43,6700";"2,8355";"2,8458"
"43,6800";"2,8154";"2,8154"
"43,6900";"2,7954";"2,7856"
"43,7000";"2,7756";"2,7559"
"43,7100";"2,7557";"2,7255"
"43,7200";"2,7357";"2,6955"
"43,7300";"2,7159";"2,6657"
"43,7400";"2,6958";"2,6362"
"43,7500";"2,6760";"2,6052"
"43,7600";"2,6562";"2,5755"
"43,7700";"2,6364";"2,5478"
"43,7800";"2,6168";"2,5215"
"43,7900";"2,5973";"2,4947"
"43,8000";"2,5773";"2,4644"
"43,8100";"2,5566";"2,4324"
"43,8200";"2,5361";"2,4010"
"43,8300";"2,5156";"2,3686"
"43,8400";"2,4955";"2,3361"
"43,8500";"2,4755";"2,3063"
"43,8600";"2,4554";"2,2778"
"43,8700";"2,4355";"2,2490"
"43,8800";"2,4155";"2,2201"
"43,8900";"2,3956";"2,1912"
"43,9000";"2,3755";"2,1619"
"43,9100";"2,3556";"2,1324"
"43,9200";"2,3357";"2,1019"
"43,9300";"2,3157";"2,0707"
"43,9400";"2,2957";"2,0401"
"43,9500";"2,2759";"2,0110"
"43,9600";"2,2559";"1,9835"
"43,9700";"2,2361";"1,9566"
"43,9800";"2,2163";"1,9295"
"43,9900";"2,1962";"1,8995"
"44,0000";"2,1764";"1,8693"
"44,0100";"2,1570";"1,8416"
"44,0200";"2,1373";"1,8148"
"44,0300";"2,1174";"1,7861"
"44,0400";"2,0971";"1,7565"
"44,0500";"2,0766";"1,7277"
"44,0600";"2,0559";"1,7011"
"44,0700";"2,0357";"1,6736"
"44,0800";"2,0156";"1,6425"
"44,0900";"1,9954";"1,6110"
"44,1000";"1,9755";"1,5820"
"44,1100";"1,9556";"1,5557"
"44,1200";"1,9356";"1,5277"
"44,1300";"1,9157";"1,4989"
"44,1400";"1,8959";"1,4696"
"44,1500";"1,8757";"1,4405"
"44,1600";"1,8557";"1,4127"
"44,1700";"1,8356";"1,3841"
"44,1800";"1,8155";"1,3548"
"44,1900";"1,7956";"1,3262"
"44,2000";"1,7758";"1,2982"
"44,2100";"1,7557";"1,2711"
"44,2200";"1,7360";"1,2448"
"44,2300";"1,7163";"1,2177"
"44,2400";"1,6962";"1,1880"
"44,2500";"1,6762";"1,1577"
"44,2600";"1,6562";"1,1292"
"44,2700";"1,6360";"1,1012"
"44,2800";"1,6159";"1,0738"
"44,2900";"1,5961";"1,0459"
"44,3000";"1,5760";"1,0178"
"44,3100";"1,5560";"0,9905"
"44,3200";"1,5360";"0,9620"
"44,3300";"1,5160";"0,9315"
"44,3400";"1,4958";"0,9023"
"44,3500";"1,4759";"0,8768"
"44,3600";"1,4560";"0,8492"
"44,3700";"1,4359";"0,8185"
"44,3800";"1,4160";"0,7888"
"44,3900";"1,3959";"0,7619"
"44,4000";"1,3757";"0,7358"
"44,4100";"1,3557";"0,7092"
"44,4200";"1,3358";"0,6817"
"44,4300";"1,3158";"0,6543"
"44,4400";"1,2961";"0,6267"
"44,4500";"1,2763";"0,5981"
"44,4600";"1,2561";"0,5703"
"44,4700";"1,2360";"0,5432"
"44,4800";"1,2160";"0,5145"
"44,4900";"1,1959";"0,4855"
"44,5000";"1,1760";"0,4576"
"44,5100";"1,1564";"0,4305"
"44,5200";"1,1364";"0,4037"
"44,5300";"1,1162";"0,3762"
"44,5400";"1,0963";"0,3490"
"44,5500";"1,0762";"0,3223"
"44,5600";"1,0560";"0,2959"
"44,5700";"1,0361";"0,2691"
"44,5800";"1,0160";"0,2437"
"44,5900";"0,9959";"0,2190"
"44,6000";"0,9760";"0,1927"
"44,6100";"0,9560";"0,1647"
"44,6200";"0,9359";"0,1387"
"44,6300";"0,9162";"0,1170"
"44,6400";"0,8964";"0,0962"
"44,6500";"0,8764";"0,0729"
"44,6600";"0,8567";"0,0510"
"44,6700";"0,8370";"0,0317"
"44,6800";"0,8168";"0,0123"
"44,6900";"0,7963";"-0,0094"
"44,7000";"0,7760";"-0,0298"
"44,7100";"0,7556";"-0,0479"
"44,7200";"0,7355";"-0,0631"
"44,7300";"0,7157";"-0,0783"
"44,7400";"0,6955";"-0,0945"
"44,7500";"0,6755";"-0,1092"
"44,7600";"0,6558";"-0,1222"
"44,7700";"0,6358";"-0,1373"
"44,7800";"0,6159";"-0,1538"
"44,7900";"0,5962";"-0,1686"
"44,8000";"0,5761";"-0,1813"
"44,8100";"0,5560";"-0,1946"
"44,8200";"0,5361";"-0,2078"
"44,8300";"0,5160";"-0,2191"
"44,8400";"0,4958";"-0,2296"
"44,8500";"0,4760";"-0,2399"
"44,8600";"0,4560";"-0,2508"
"44,8700";"0,4359";"-0,2619"
"44,8800";"0,4160";"-0,2726"
"44,8900";"0,3961";"-0,2827"
"44,9000";"0,3758";"-0,2939"
"44,9100";"0,3557";"-0,3021"
"44,9200";"0,3359";"-0,3087"
"44,9300";"0,3159";"-0,3157"
"44,9400";"0,2960";"-0,3258"
"44,9500";"0,2762";"-0,3349"
"44,9600";"0,2562";"-0,3420"
"44,9700";"0,2362";"-0,3480"
"44,9800";"0,2163";"-0,3535"
"44,9900";"0,1962";"-0,3586"
"45,0000";"0,1761";"-0,3642"
"45,0100";"0,1562";"-0,3693"
"45,0200";"0,1362";"-0,3739"
"45,0300";"0,1163";"-0,3777"
"45,0400";"0,0963";"-0,3811"
"45,0500";"0,0766";"-0,3834"
"45,0600";"0,0564";"-0,3864"
"45,0700";"0,0366";"-0,3880"
"45,0800";"0,0168";"-0,3868"
"45,0900";"-0,0032";"-0,3882"
"45,0920";"-0,0072";"-0,3888"
"45,0940";"-0,0112";"-0,3896"
"45,1040";"-0,0255";"-0,3892"
"45,1140";"-0,0254";"-0,3647"
"45,1240";"-0,0185";"-0,3421"
"45,1340";"-0,0041";"-0,3313"
"45,1440";"0,0181";"-0,3269"
"45,1540";"0,0457";"-0,3268"
"45,1640";"0,0757";"-0,3298"
"45,1740";"0,1060";"-0,3350"
"45,1840";"0,1358";"-0,3414"
"45,1940";"0,1646";"-0,3425"
"45,2040";"0,1920";"-0,3354"
"45,2140";"0,2179";"-0,3205"
"45,2240";"0,2428";"-0,2992"
"45,2340";"0,2666";"-0,2746"
"45,2440";"0,2897";"-0,2474"
"45,2540";"0,3120";"-0,2204"
"45,2640";"0,3339";"-0,1939"
"45,2740";"0,3552";"-0,1666"
"45,2840";"0,3762";"-0,1395"
"45,2940";"0,3969";"-0,1154"
"45,3040";"0,4174";"-0,0938"
"45,3140";"0,4379";"-0,0697"
"45,3240";"0,4582";"-0,0441"
"45,3340";"0,4785";"-0,0187"
"45,3440";"0,4989";"0,0056"
"45,3540";"0,5192";"0,0305"
"45,3640";"0,5394";"0,0577"
"45,3740";"0,5595";"0,0865"
"45,3840";"0,5795";"0,1142"
"45,3940";"0,5996";"0,1426"
"45,4040";"0,6198";"0,1744"
"45,4140";"0,6400";"0,2105"
"45,4240";"0,6599";"0,2454"
"45,4340";"0,6800";"0,2811"
"45,4440";"0,7000";"0,3192"
"45,4540";"0,7198";"0,3586"
"45,4640";"0,7397";"0,3970"
"45,4740";"0,7598";"0,4360"
"45,4840";"0,7799";"0,4769"
"45,4940";"0,7997";"0,5182"
"45,5040";"0,8198";"0,5610"
"45,5140";"0,8397";"0,6041"
"45,5240";"0,8597";"0,6452"
"45,5340";"0,8799";"0,6854"
"45,5440";"0,8998";"0,7254"
"45,5540";"0,9197";"0,7661"
"45,5640";"0,9397";"0,8075"
"45,5740";"0,9597";"0,8473"
"45,5840";"0,9797";"0,8855"
"45,5940";"0,9999";"0,9257"
"45,6040";"1,0199";"0,9696"
"45,6140";"1,0400";"1,0117"
"45,6240";"1,0600";"1,0494"
"45,6340";"1,0800";"1,0855"
"45,6440";"1,1000";"1,1256"
"45,6540";"1,1202";"1,1688"
"45,6640";"1,1402";"1,2105"
"45,6740";"1,1601";"1,2478"
"45,6840";"1,1801";"1,2838"
"45,6940";"1,2003";"1,3216"
"45,7040";"1,2201";"1,3601"
"45,7140";"1,2399";"1,3961"
"45,7240";"1,2599";"1,4331"
"45,7340";"1,2797";"1,4703"
"45,7440";"1,2996";"1,5064"
"45,7540";"1,3196";"1,5421"
"45,7640";"1,3398";"1,5775"
"45,7740";"1,3598";"1,6121"
"45,7840";"1,3798";"1,6468"
"45,7940";"1,3998";"1,6816"
"45,8040";"1,4196";"1,7154"
"45,8140";"1,4397";"1,7511"
"45,8240";"1,4599";"1,7882"
"45,8340";"1,4798";"1,8256"
"45,8440";"1,4999";"1,8632"
"45,8540";"1,5200";"1,8999"
"45,8640";"1,5399";"1,9348"
"45,8740";"1,5599";"1,9678"
"45,8840";"1,5801";"2,0009"
"45,8940";"1,6000";"2,0363"
"45,9040";"1,6200";"2,0703"
"45,9140";"1,6401";"2,1032"
"45,9240";"1,6601";"2,1364"
"45,9340";"1,6800";"2,1712"
"45,9440";"1,7002";"2,2080"
"45,9540";"1,7201";"2,2421"
"45,9640";"1,7400";"2,2734"
"45,9740";"1,7601";"2,3050"
"45,9840";"1,7799";"2,3367"
"45,9940";"1,7999";"2,3675"
"46,0040";"1,8198";"2,3995"
"46,0140";"1,8398";"2,4339"
"46,0240";"1,8596";"2,4672"
"46,0340";"1,8797";"2,4992"
"46,0440";"1,8996";"2,5321"
"46,0540";"1,9198";"2,5640"
"46,0640";"1,9399";"2,5956"
"46,0740";"1,9598";"2,6285"
"46,0840";"1,9798";"2,6603"
"46,0940";"2,0000";"2,6924"
"46,1040";"2,0200";"2,7253"
"46,1140";"2,0400";"2,7571"
"46,1240";"2,0602";"2,7881"
"46,1340";"2,0803";"2,8206"
"46,1440";"2,1002";"2,8524"
"46,1540";"2,1203";"2,8819"
"46,1640";"2,1403";"2,9129"
"46,1740";"2,1603";"2,9460"
"46,1840";"2,1802";"2,9798"
"46,1940";"2,2002";"3,0112"
"46,2040";"2,2200";"3,0403"
"46,2140";"2,2400";"3,0688"
"46,2240";"2,2602";"3,0997"
"46,2340";"2,2802";"3,1323"
"46,2440";"2,3001";"3,1632"
"46,2540";"2,3200";"3,1942"
"46,2640";"2,3400";"3,2250"
"46,2740";"2,3598";"3,2552"
"46,2840";"2,3798";"3,2857"
"46,2940";"2,3997";"3,3164"
"46,3040";"2,4194";"3,3470"
"46,3140";"2,4393";"3,3760"
"46,3240";"2,4592";"3,4067"
"46,3340";"2,4790";"3,4381"
"46,3440";"2,4990";"3,4695"
"46,3540";"2,5190";"3,4988"
"46,3640";"2,5387";"3,5277"
"46,3740";"2,5587";"3,5580"
"46,3840";"2,5790";"3,5897"
"46,3940";"2,5998";"3,6199"
"46,4040";"2,6205";"3,6499"
"46,4140";"2,6410";"3,6819"
"46,4240";"2,6612";"3,7151"
"46,4340";"2,6810";"3,7469"
"46,4440";"2,7009";"3,7761"
"46,4540";"2,7205";"3,8046"
"46,4640";"2,7400";"3,8340"
"46,4740";"2,7599";"3,8641"
"46,4840";"2,7800";"3,8923"
"46,4940";"2,7999";"3,9200"
"46,5040";"2,8201";"3,9493"
"46,5140";"2,8402";"3,9800"
"46,5240";"2,8600";"4,0122"
"46,5340";"2,8797";"4,0435"
"46,5440";"2,8992";"4,0737"
"46,5540";"2,9187";"4,1019"
"46,5640";"2,9385";"4,1295"
"46,5740";"2,9585";"4,1586"
"46,5840";"2,9788";"4,1894"
"46,5940";"2,9991";"4,2201"
"46,6040";"3,0193";"4,2495"
"46,6140";"3,0396";"4,2790"
"46,6240";"3,0599";"4,3109"
"46,6340";"3,0803";"4,3441"
"46,6440";"3,1005";"4,3751"
"46,6540";"3,1207";"4,4042"
"46,6640";"3,1406";"4,4329"
"46,6740";"3,1603";"4,4618"
"46,6840";"3,1801";"4,4893"
"46,6940";"3,1997";"4,5181"
"46,7040";"3,2194";"4,5493"
"46,7140";"3,2393";"4,5820"
"46,7240";"3,2595";"4,6122"
"46,7340";"3,2799";"4,6398"
"46,7440";"3,3002";"4,6688"
"46,7540";"3,3204";"4,7008"
"46,7640";"3,3401";"4,7328"
"46,7740";"3,3596";"4,7628"
"46,7840";"3,3795";"4,7910"
"46,7940";"3,3995";"4,8201"
"46,8040";"3,4197";"4,8502"
"46,8140";"3,4401";"4,8821"
"46,8240";"3,4607";"4,9154"
"46,8340";"3,4809";"4,9457"
"46,8440";"3,5008";"4,9744"
"46,8540";"3,5207";"5,0044"
"46,8640";"3,5406";"5,0355"
"46,8740";"3,5607";"5,0673"
"46,8840";"3,5807";"5,0972"
"46,8940";"3,6007";"5,1262"
"46,9040";"3,6206";"5,1563"
"46,9140";"3,6405";"5,1895"
"46,9240";"3,6603";"5,2217"
"46,9340";"3,6803";"5,2504"
"46,9440";"3,7003";"5,2777"
"46,9540";"3,7203";"5,3059"
"46,9640";"3,7404";"5,3352"
"46,9740";"3,7603";"5,3648"
"46,9840";"3,7800";"5,3953"
"46,9940";"3,7997";"5,4267"
"47,0040";"3,8197";"5,4578"
"47,0140";"3,8395";"5,4884"
"47,0240";"3,8594";"5,5196"
"47,0340";"3,8794";"5,5514"
"47,0440";"3,9000";"5,5835"
"47,0540";"3,9204";"5,6131"
"47,0640";"3,9406";"5,6422"
"47,0740";"3,9608";"5,6729"
"47,0840";"3,9806";"5,7031"
"47,0940";"4,0008";"5,7351"
"47,1040";"4,0210";"5,7687"
"47,1140";"4,0409";"5,8006"
"47,1240";"4,0610";"5,8311"
"47,1340";"4,0807";"5,8591"
"47,1440";"4,1005";"5,8897"
"47,1540";"4,1205";"5,9243"
"47,1640";"4,1404";"5,9579"
"47,1740";"4,1604";"5,9867"
"47,1840";"4,1802";"6,0139"
"47,1940";"4,2001";"6,0445"
"47,2040";"4,2195";"6,0771"
"47,2140";"4,2393";"6,1068"
"47,2240";"4,2592";"6,1360"
"47,2340";"4,2792";"6,1674"
"47,2440";"4,2992";"6,1998"
"47,2540";"4,3197";"6,2322"
"47,2640";"4,3401";"6,2641"
"47,2740";"4,3604";"6,2959"
"47,2840";"4,3805";"6,3284"
"47,2940";"4,4005";"6,3602"
"47,3040";"4,4204";"6,3903"
"47,3140";"4,4404";"6,4223"
"47,3240";"4,4605";"6,4557"
"47,3340";"4,4803";"6,4887"
"47,3440";"4,5003";"6,5212"
"47,3540";"4,5200";"6,5539"
"47,3640";"4,5395";"6,5851"
"47,3740";"4,5593";"6,6152"
"47,3840";"4,5795";"6,6455"
"47,3940";"4,5996";"6,6781"
"47,4040";"4,6196";"6,7116"
"47,4140";"4,6391";"6,7407"
"47,4240";"4,6581";"6,7678"
"47,4340";"4,6776";"6,7988"
"47,4440";"4,6980";"6,8344"
"47,4540";"4,7187";"6,8691"
"47,4640";"4,7393";"6,9008"
"47,4740";"4,7604";"6,9331"
"47,4840";"4,7809";"6,9668"
"47,4940";"4,8011";"6,9995"
"47,5040";"4,8210";"7,0321"
"47,5140";"4,8409";"7,0640"
"47,5240";"4,8607";"7,0969"
"47,5340";"4,8807";"7,1315"
"47,5440";"4,9006";"7,1659"
"47,5540";"4,9203";"7,1986"
"47,5640";"4,9403";"7,2314"
"47,5740";"4,9601";"7,2642"
"47,5840";"4,9797";"7,2949"
"47,5940";"4,9995";"7,3252"
"47,5960";"5,0034";"7,3313"
"47,5980";"5,0076";"7,3375"
"47,6000";"5,0116";"7,3439"
"47,6100";"5,0259";"7,3728"
"47,6200";"5,0256";"7,3753"
"47,6300";"5,0184";"7,3671"
"47,6400";"5,0034";"7,3495"
"47,6500";"4,9805";"7,3129"
"47,6600";"4,9524";"7,2586"
"47,6700";"4,9220";"7,1884"
"47,6800";"4,8913";"7,1091"
"47,6900";"4,8615";"7,0226"
"47,7000";"4,8334";"6,9302"
"47,7100";"4,8070";"6,8365"
"47,7200";"4,7822";"6,7471"
"47,7300";"4,7580";"6,6630"
"47,7400";"4,7345";"6,5839"
"47,7500";"4,7117";"6,5086"
"47,7600";"4,6890";"6,4381"
"47,7700";"4,6666";"6,3719"
"47,7800";"4,6447";"6,3100"
"47,7900";"4,6232";"6,2498"
"47,8000";"4,6024";"6,1922"
"47,8100";"4,5816";"6,1367"
"47,8200";"4,5612";"6,0833"
"47,8300";"4,5410";"6,0313"
"47,8400";"4,5209";"5,9819"
"47,8500";"4,5011";"5,9351"
"47,8600";"4,4814";"5,8862"
"47,8700";"4,4616";"5,8367"
"47,8800";"4,4418";"5,7893"
"47,8900";"4,4217";"5,7426"
"47,9000";"4,4010";"5,6953"
"47,9100";"4,3803";"5,6478"
"47,9200";"4,3599";"5,6011"
"47,9300";"4,3398";"5,5573"
"47,9400";"4,3198";"5,5131"
"47,9500";"4,2998";"5,4667"
"47,9600";"4,2802";"5,4204"
"47,9700";"4,2605";"5,3762"
"47,9800";"4,2407";"5,3330"
"47,9900";"4,2205";"5,2894"
"48,0000";"4,2001";"5,2466"
"48,0100";"4,1796";"5,2049"
"48,0200";"4,1597";"5,1642"
"48,0300";"4,1395";"5,1215"
"48,0400";"4,1195";"5,0776"
"48,0500";"4,0997";"5,0349"
"48,0600";"4,0800";"4,9953"
"48,0700";"4,0602";"4,9571"
"48,0800";"4,0406";"4,9190"
"48,0900";"4,0211";"4,8807"
"48,1000";"4,0014";"4,8418"
"48,1100";"3,9819";"4,8025"
"48,1200";"3,9621";"4,7624"
"48,1300";"3,9414";"4,7222"
"48,1400";"3,9205";"4,6828"
"48,1500";"3,9000";"4,6425"
"48,1600";"3,8794";"4,6040"
"48,1700";"3,8592";"4,5691"
"48,1800";"3,8393";"4,5333"
"48,1900";"3,8191";"4,4941"
"48,2000";"3,7991";"4,4525"
"48,2100";"3,7793";"4,4137"
"48,2200";"3,7592";"4,3773"
"48,2300";"3,7393";"4,3411"
"48,2400";"3,7193";"4,3048"
"48,2500";"3,6994";"4,2680"
"48,2600";"3,6793";"4,2322"
"48,2700";"3,6596";"4,1977"
"48,2800";"3,6397";"4,1618"
"48,2900";"3,6197";"4,1249"
"48,3000";"3,6001";"4,0899"
"48,3100";"3,5804";"4,0549"
"48,3200";"3,5604";"4,0200"
"48,3300";"3,5405";"3,9860"
"48,3400";"3,5203";"3,9513"
"48,3500";"3,5000";"3,9155"
"48,3600";"3,4799";"3,8824"
"48,3700";"3,4599";"3,8492"
"48,3800";"3,4399";"3,8140"
"48,3900";"3,4202";"3,7777"
"48,4000";"3,4005";"3,7422"
"48,4100";"3,3804";"3,7104"
"48,4200";"3,3601";"3,6804"
"48,4300";"3,3399";"3,6468"
"48,4400";"3,3198";"3,6105"
"48,4500";"3,2999";"3,5757"
"48,4600";"3,2798";"3,5434"
"48,4700";"3,2596";"3,5117"
"48,4800";"3,2396";"3,4788"
"48,4900";"3,2198";"3,4453"
"48,5000";"3,2001";"3,4144"
"48,5100";"3,1803";"3,3830"
"48,5200";"3,1606";"3,3503"
"48,5300";"3,1407";"3,3178"
"48,5400";"3,1207";"3,2856"
"48,5500";"3,1007";"3,2523"
"48,5600";"3,0805";"3,2187"
"48,5700";"3,0602";"3,1866"
"48,5800";"3,0402";"3,1570"
"48,5900";"3,0201";"3,1274"
"48,6000";"2,9999";"3,0963"
"48,6100";"2,9801";"3,0659"
"48,6200";"2,9606";"3,0359"
"48,6300";"2,9406";"3,0032"
"48,6400";"2,9203";"2,9690"
"48,6500";"2,9000";"2,9361"
"48,6600";"2,8795";"2,9061"
"48,6700";"2,8593";"2,8753"
"48,6800";"2,8395";"2,8431"
"48,6900";"2,8193";"2,8115"
"48,7000";"2,7993";"2,7831"
"48,7100";"2,7796";"2,7541"
"48,7200";"2,7597";"2,7223"
"48,7300";"2,7400";"2,6897"
"48,7400";"2,7204";"2,6597"
"48,7500";"2,7006";"2,6305"
"48,7600";"2,6805";"2,6009"
"48,7700";"2,6603";"2,5717"
"48,7800";"2,6400";"2,5429"
"48,7900";"2,6198";"2,5145"
"48,8000";"2,5999";"2,4853"
"48,8100";"2,5799";"2,4554"
"48,8200";"2,5597";"2,4256"
"48,8300";"2,5397";"2,3955"
"48,8400";"2,5198";"2,3635"
"48,8500";"2,4997";"2,3322"
"48,8600";"2,4799";"2,3045"
"48,8700";"2,4599";"2,2771"
"48,8800";"2,4399";"2,2465"
"48,8900";"2,4199";"2,2164"
"48,9000";"2,4000";"2,1875"
"48,9100";"2,3798";"2,1574"
"48,9200";"2,3597";"2,1267"
"48,9300";"2,3399";"2,0965"
"48,9400";"2,3200";"2,0679"
"48,9500";"2,3003";"2,0404"
"48,9600";"2,2808";"2,0124"
"48,9700";"2,2610";"1,9829"
"48,9800";"2,2412";"1,9547"
"48,9900";"2,2215";"1,9286"
"49,0000";"2,2011";"1,8988"
"49,0100";"2,1807";"1,8656"
"49,0200";"2,1602";"1,8342"
"49,0300";"2,1398";"1,8058"
"49,0400";"2,1195";"1,7786"
"49,0500";"2,0996";"1,7525"
"49,0600";"2,0795";"1,7246"
"49,0700";"2,0594";"1,6942"
"49,0800";"2,0395";"1,6642"
"49,0900";"2,0197";"1,6355"
"49,1000";"1,9996";"1,6072"
"49,1100";"1,9798";"1,5793"
"49,1200";"1,9598";"1,5517"
"49,1300";"1,9398";"1,5225"
"49,1400";"1,9198";"1,4946"
"49,1500";"1,9000";"1,4694"
"49,1600";"1,8798";"1,4401"
"49,1700";"1,8597";"1,4106"
"49,1800";"1,8398";"1,3821"
"49,1900";"1,8197";"1,3548"
"49,2000";"1,7998";"1,3260"
"49,2100";"1,7800";"1,2948"
"49,2200";"1,7599";"1,2652"
"49,2300";"1,7398";"1,2389"
"49,2400";"1,7200";"1,2133"
"49,2500";"1,6999";"1,1848"
"49,2600";"1,6799";"1,1553"
"49,2700";"1,6601";"1,1271"
"49,2800";"1,6400";"1,0996"
"49,2900";"1,6200";"1,0714"
"49,3000";"1,6000";"1,0420"
"49,3100";"1,5799";"1,0118"
"49,3200";"1,5599";"0,9830"
"49,3300";"1,5400";"0,9550"
"49,3400";"1,5201";"0,9271"
"49,3500";"1,4999";"0,9002"
"49,3600";"1,4799";"0,8742"
"49,3700";"1,4600";"0,8469"
"49,3800";"1,4399";"0,8191"
"49,3900";"1,4199";"0,7911"
"49,4000";"1,3999";"0,7621"
"49,4100";"1,3798";"0,7319"
"49,4200";"1,3600";"0,7019"
"49,4300";"1,3400";"0,6742"
"49,4400";"1,3199";"0,6460"
"49,4500";"1,2999";"0,6158"
"49,4600";"1,2800";"0,5878"
"49,4700";"1,2599";"0,5632"
"49,4800";"1,2398";"0,5375"
"49,4900";"1,2200";"0,5094"
"49,5000";"1,2000";"0,4795"
"49,5100";"1,1801";"0,4516"
"49,5200";"1,1604";"0,4255"
"49,5300";"1,1404";"0,3986"
"49,5400";"1,1202";"0,3691"
"49,5500";"1,1003";"0,3416"
"49,5600";"1,0802";"0,3168"
"49,5700";"1,0601";"0,2910"
"49,5800";"1,0402";"0,2651"
"49,5900";"1,0202";"0,2399"
"49,6000";"1,0000";"0,2143"
"49,6100";"0,9801";"0,1884"
"49,6200";"0,9603";"0,1642"
"49,6300";"0,9404";"0,1409"
"49,6400";"0,9206";"0,1190"
"49,6500";"0,9008";"0,0973"
"49,6600";"0,8802";"0,0738"
"49,6700";"0,8599";"0,0513"
"49,6800";"0,8400";"0,0311"
"49,6900";"0,8197";"0,0086"
"49,7000";"0,7996";"-0,0139"
"49,7100";"0,7798";"-0,0317"
"49,7200";"0,7596";"-0,0468"
"49,7300";"0,7396";"-0,0642"
"49,7400";"0,7198";"-0,0829"
"49,7500";"0,6997";"-0,1003"
"49,7600";"0,6796";"-0,1148"
"49,7700";"0,6598";"-0,1277"
"49,7800";"0,6399";"-0,1422"
"49,7900";"0,6199";"-0,1574"
"49,8000";"0,6001";"-0,1696"
"49,8100";"0,5801";"-0,1815"
"49,8200";"0,5599";"-0,1953"
"49,8300";"0,5400";"-0,2083"
"49,8400";"0,5200";"-0,2200"
"49,8500";"0,5000";"-0,2319"
"49,8600";"0,4801";"-0,2440"
"49,8700";"0,4602";"-0,2559"
"49,8800";"0,4399";"-0,2653"
"49,8900";"0,4197";"-0,2735"
"49,9000";"0,3997";"-0,2832"
"49,9100";"0,3797";"-0,2933"
"49,9200";"0,3596";"-0,3023"
"49,9300";"0,3399";"-0,3089"
"49,9400";"0,3200";"-0,3170"
"49,9500";"0,3000";"-0,3265"
"49,9600";"0,2803";"-0,3354"
"49,9700";"0,2603";"-0,3440"
"49,9800";"0,2401";"-0,3527"
"49,9900";"0,2203";"-0,3584"
"50,0000";"0,2003";"-0,3610"
"50,0100";"0,1802";"-0,3631"
"50,0200";"0,1601";"-0,3675"
"50,0300";"0,1402";"-0,3729"
"50,0400";"0,1203";"-0,3767"
"50,0500";"0,1005";"-0,3792"
"50,0600";"0,0807";"-0,3824"
"50,0700";"0,0607";"-0,3867"
"50,0800";"0,0407";"-0,3900"
"50,0900";"0,0208";"-0,3908"
"50,1000";"0,0006";"-0,3910"
"50,1020";"-0,0035";"-0,3914"
"50,1040";"-0,0076";"-0,3917"
"50,1060";"-0,0115";"-0,3920"
"50,1160";"-0,0259";"-0,3899"
"50,1260";"-0,0256";"-0,3641"
"50,1360";"-0,0187";"-0,3420"
"50,1460";"-0,0039";"-0,3305"
"50,1560";"0,0184";"-0,3251"
"50,1660";"0,0462";"-0,3256"
"50,1760";"0,0761";"-0,3324"
"50,1860";"0,1066";"-0,3409"
"50,1960";"0,1362";"-0,3455"
"50,2060";"0,1649";"-0,3431"
"50,2160";"0,1922";"-0,3339"
"50,2260";"0,2182";"-0,3197"
"50,2360";"0,2430";"-0,2998"
"50,2460";"0,2667";"-0,2760"
"50,2560";"0,2897";"-0,2511"
"50,2660";"0,3119";"-0,2274"
"50,2760";"0,3337";"-0,2015"
"50,2860";"0,3551";"-0,1739"
"50,2960";"0,3761";"-0,1461"
"50,3060";"0,3969";"-0,1193"
"50,3160";"0,4173";"-0,0946"
"50,3260";"0,4379";"-0,0713"
"50,3360";"0,4581";"-0,0480"
"50,3460";"0,4785";"-0,0252"
"50,3560";"0,4989";"-0,0035"
"50,3660";"0,5192";"0,0214"
"50,3760";"0,5394";"0,0499"
"50,3860";"0,5595";"0,0795"
"50,3960";"0,5797";"0,1097"
"50,4060";"0,5995";"0,1405"
"50,4160";"0,6196";"0,1708"
"50,4260";"0,6397";"0,2011"
"50,4360";"0,6598";"0,2333"
"50,4460";"0,6799";"0,2691"
"50,4560";"0,6998";"0,3066"
"50,4660";"0,7198";"0,3449"
"50,4760";"0,7397";"0,3858"
"50,4860";"0,7598";"0,4297"
"50,4960";"0,7798";"0,4730"
"50,5060";"0,7996";"0,5121"
"50,5160";"0,8197";"0,5489"
"50,5260";"0,8397";"0,5880"
"50,5360";"0,8597";"0,6306"
"50,5460";"0,8799";"0,6730"
"50,5560";"0,8998";"0,7132"
"50,5660";"0,9197";"0,7522"
"50,5760";"0,9397";"0,7930"
"50,5860";"0,9597";"0,8347"
"50,5960";"0,9797";"0,8750"
"50,6060";"0,9998";"0,9147"
"50,6160";"1,0198";"0,9547"
"50,6260";"1,0398";"0,9952"
"50,6360";"1,0599";"1,0363"
"50,6460";"1,0800";"1,0771"
"50,6560";"1,0999";"1,1155"
"50,6660";"1,1201";"1,1533"
"50,6760";"1,1403";"1,1917"
"50,6860";"1,1602";"1,2309"
"50,6960";"1,1802";"1,2710"
"50,7060";"1,2003";"1,3100"
"50,7160";"1,2201";"1,3462"
"50,7260";"1,2399";"1,3827"
"50,7360";"1,2599";"1,4217"
"50,7460";"1,2797";"1,4601"
"50,7560";"1,2997";"1,4959"
"50,7660";"1,3197";"1,5314"
"50,7760";"1,3398";"1,5675"
"50,7860";"1,3598";"1,6030"
"50,7960";"1,3797";"1,6378"
"50,8060";"1,3998";"1,6746"
"50,8160";"1,4197";"1,7143"
"50,8260";"1,4398";"1,7512"
"50,8360";"1,4599";"1,7834"
"50,8460";"1,4799";"1,8157"
"50,8560";"1,4999";"1,8501"
"50,8660";"1,5200";"1,8858"
"50,8760";"1,5399";"1,9201"
"50,8860";"1,5599";"1,9548"
"50,8960";"1,5801";"1,9900"
"50,9060";"1,6001";"2,0245"
"50,9160";"1,6201";"2,0584"
"50,9260";"1,6403";"2,0930"
"50,9360";"1,6602";"2,1300"
"50,9460";"1,6802";"2,1635"
"50,9560";"1,7004";"2,1948"
"50,9660";"1,7203";"2,2261"
"50,9760";"1,7401";"2,2587"
"50,9860";"1,7602";"2,2939"
"50,9960";"1,7800";"2,3276"
"51,0060";"1,7999";"2,3587"
"51,0160";"1,8198";"2,3884"
"51,0260";"1,8397";"2,4199"
"51,0360";"1,8595";"2,4530"
"51,0460";"1,8797";"2,4868"
"51,0560";"1,8997";"2,5212"
"51,0660";"1,9198";"2,5538"
"51,0760";"1,9400";"2,5843"
"51,0860";"1,9600";"2,6167"
"51,0960";"1,9799";"2,6512"
"51,1060";"2,0000";"2,6836"
"51,1160";"2,0199";"2,7136"
"51,1260";"2,0399";"2,7428"
"51,1360";"2,0598";"2,7755"
"51,1460";"2,0799";"2,8103"
"51,1560";"2,0999";"2,8449"
"51,1660";"2,1199";"2,8772"
"51,1760";"2,1401";"2,9075"
"51,1860";"2,1602";"2,9377"
"51,1960";"2,1801";"2,9676"
"51,2060";"2,2002";"2,9977"
"51,2160";"2,2202";"3,0277"
"51,2260";"2,2400";"3,0583"
"51,2360";"2,2601";"3,0897"
"51,2460";"2,2800";"3,1217"
"51,2560";"2,3000";"3,1535"
"51,2660";"2,3199";"3,1863"
"51,2760";"2,3400";"3,2166"
"51,2860";"2,3597";"3,2437"
"51,2960";"2,3795";"3,2711"
"51,3060";"2,3996";"3,3016"
"51,3160";"2,4197";"3,3330"
"51,3260";"2,4397";"3,3660"
"51,3360";"2,4598";"3,3982"
"51,3460";"2,4798";"3,4299"
"51,3560";"2,4996";"3,4607"
"51,3660";"2,5194";"3,4898"
"51,3760";"2,5390";"3,5176"
"51,3860";"2,5587";"3,5456"
"51,3960";"2,5786";"3,5739"
"51,4060";"2,5988";"3,6031"
"51,4160";"2,6191";"3,6346"
"51,4260";"2,6401";"3,6691"
"51,4360";"2,6606";"3,7014"
"51,4460";"2,6808";"3,7304"
"51,4560";"2,7008";"3,7590"
"51,4660";"2,7207";"3,7893"
"51,4760";"2,7404";"3,8208"
"51,4860";"2,7604";"3,8527"
"51,4960";"2,7803";"3,8831"
"51,5060";"2,8003";"3,9142"
"51,5160";"2,8202";"3,9450"
"51,5260";"2,8403";"3,9740"
"51,5360";"2,8599";"4,0012"
"51,5460";"2,8797";"4,0299"
"51,5560";"2,8996";"4,0596"
"51,5660";"2,9194";"4,0887"
"51,5760";"2,9393";"4,1174"
"51,5860";"2,9594";"4,1486"
"51,5960";"2,9794";"4,1809"
"51,6060";"2,9992";"4,2110"
"51,6160";"3,0190";"4,2401"
"51,6260";"3,0392";"4,2699"
"51,6360";"3,0598";"4,2999"
"51,6460";"3,0804";"4,3306"
"51,6560";"3,1006";"4,3615"
"51,6660";"3,1206";"4,3929"
"51,6760";"3,1405";"4,4233"
"51,6860";"3,1603";"4,4534"
"51,6960";"3,1802";"4,4821"
"51,7060";"3,2001";"4,5125"
"51,7160";"3,2202";"4,5432"
"51,7260";"3,2402";"4,5715"
"51,7360";"3,2602";"4,5984"
"51,7460";"3,2802";"4,6280"
"51,7560";"3,3001";"4,6607"
"51,7660";"3,3197";"4,6932"
"51,7760";"3,3393";"4,7221"
"51,7860";"3,3593";"4,7517"
"51,7960";"3,3790";"4,7816"
"51,8060";"3,3988";"4,8103"
"51,8160";"3,4185";"4,8368"
"51,8260";"3,4388";"4,8660"
"51,8360";"3,4596";"4,8994"
"51,8460";"3,4802";"4,9313"
"51,8560";"3,5007";"4,9622"
"51,8660";"3,5211";"4,9940"
"51,8760";"3,5412";"5,0265"
"51,8860";"3,5611";"5,0583"
"51,8960";"3,5810";"5,0874"
"51,9060";"3,6008";"5,1155"
"51,9160";"3,6208";"5,1455"
"51,9260";"3,6408";"5,1757"
"51,9360";"3,6607";"5,2047"
"51,9460";"3,6805";"5,2348"
"51,9560";"3,7006";"5,2648"
"51,9660";"3,7204";"5,2941"
"51,9760";"3,7401";"5,3229"
"51,9860";"3,7597";"5,3542"
"51,9960";"3,7797";"5,3863"
"52,0060";"3,7997";"5,4171"
"52,0160";"3,8199";"5,4466"
"52,0260";"3,8399";"5,4772"
"52,0360";"3,8592";"5,5088"
"52,0460";"3,8790";"5,5407"
"52,0560";"3,8991";"5,5699"
"52,0660";"3,9196";"5,5998"
"52,0760";"3,9403";"5,6328"
"52,0860";"3,9610";"5,6644"
"52,0960";"3,9811";"5,6934"
"52,1060";"4,0011";"5,7240"
"52,1160";"4,0211";"5,7566"
"52,1260";"4,0409";"5,7899"
"52,1360";"4,0610";"5,8215"
"52,1460";"4,0809";"5,8514"
"52,1560";"4,1008";"5,8809"
"52,1660";"4,1206";"5,9114"
"52,1760";"4,1407";"5,9426"
"52,1860";"4,1605";"5,9735"
"52,1960";"4,1801";"6,0041"
"52,2060";"4,1998";"6,0350"
"52,2160";"4,2195";"6,0644"
"52,2260";"4,2393";"6,0938"
"52,2360";"4,2593";"6,1257"
"52,2460";"4,2793";"6,1574"
"52,2560";"4,2991";"6,1868"
"52,2660";"4,3193";"6,2181"
"52,2760";"4,3396";"6,2525"
"52,2860";"4,3599";"6,2861"
"52,2960";"4,3802";"6,3166"
"52,3060";"4,4006";"6,3463"
"52,3160";"4,4207";"6,3789"
"52,3260";"4,4407";"6,4138"
"52,3360";"4,4605";"6,4456"
"52,3460";"4,4803";"6,4744"
"52,3560";"4,5004";"6,5068"
"52,3660";"4,5205";"6,5421"
"52,3760";"4,5403";"6,5756"
"52,3860";"4,5602";"6,6045"
"52,3960";"4,5802";"6,6340"
"52,4060";"4,5998";"6,6653"
"52,4160";"4,6192";"6,6972"
"52,4260";"4,6388";"6,7292"
"52,4360";"4,6588";"6,7612"
"52,4460";"4,6790";"6,7931"
"52,4560";"4,6990";"6,8251"
"52,4660";"4,7190";"6,8582"
"52,4760";"4,7393";"6,8913"
"52,4860";"4,7599";"6,9243"
"52,4960";"4,7802";"6,9567"
"52,5060";"4,8004";"6,9876"
"52,5160";"4,8207";"7,0193"
"52,5260";"4,8407";"7,0536"
"52,5360";"4,8605";"7,0876"
"52,5460";"4,8804";"7,1201"
"52,5560";"4,9002";"7,1529"
"52,5660";"4,9200";"7,1869"
"52,5760";"4,9399";"7,2219"
"52,5860";"4,9600";"7,2548"
"52,5960";"4,9798";"7,2851"
"52,6060";"4,9998";"7,3174"
"52,6080";"5,0038";"7,3242"
"52,6100";"5,0079";"7,3310"
"52,6120";"5,0118";"7,3376"
"52,6220";"5,0261";"7,3648"
"52,6320";"5,0257";"7,3669"
"52,6420";"5,0183";"7,3589"
"52,6520";"5,0032";"7,3410"
"52,6620";"4,9802";"7,3043"
"52,6720";"4,9522";"7,2496"
"52,6820";"4,9216";"7,1789"
"52,6920";"4,8910";"7,0964"
"52,7020";"4,8614";"7,0069"
"52,7120";"4,8333";"6,9144"
"52,7220";"4,8065";"6,8223"
"52,7320";"4,7811";"6,7339"
"52,7420";"4,7567";"6,6487"
"52,7520";"4,7332";"6,5693"
"52,7620";"4,7104";"6,4960"
"52,7720";"4,6880";"6,4270"
"52,7820";"4,6660";"6,3597"
"52,7920";"4,6447";"6,2942"
"52,8020";"4,6235";"6,2348"
"52,8120";"4,6029";"6,1820"
"52,8220";"4,5827";"6,1299"
"52,8320";"4,5626";"6,0769"
"52,8420";"4,5427";"6,0256"
"52,8520";"4,5229";"5,9777"
"52,8620";"4,5026";"5,9297"
"52,8720";"4,4821";"5,8797"
"52,8820";"4,4614";"5,8294"
"52,8920";"4,4408";"5,7813"
"52,9020";"4,4201";"5,7344"
"52,9120";"4,3998";"5,6868"
"52,9220";"4,3796";"5,6406"
"52,9320";"4,3597";"5,5947"
"52,9420";"4,3397";"5,5473"
"52,9520";"4,3195";"5,4992"
"52,9620";"4,2996";"5,4524"
"52,9720";"4,2797";"5,4084"
"52,9820";"4,2600";"5,3656"
"52,9920";"4,2403";"5,3216"
"53,0020";"4,2208";"5,2800"
"53,0120";"4,2007";"5,2413"
"53,0220";"4,1802";"5,1998"
"53,0320";"4,1603";"5,1566"
"53,0420";"4,1404";"5,1139"
"53,0520";"4,1206";"5,0725"
"53,0620";"4,1010";"5,0325"
"53,0720";"4,0814";"4,9915"
"53,0820";"4,0616";"4,9506"
"53,0920";"4,0415";"4,9116"
"53,1020";"4,0211";"4,8732"
"53,1120";"4,0003";"4,8326"
"53,1220";"3,9799";"4,7914"
"53,1320";"3,9596";"4,7526"
"53,1420";"3,9393";"4,7143"
"53,1520";"3,9192";"4,6757"
"53,1620";"3,8995";"4,6352"
"53,1720";"3,8794";"4,5958"
"53,1820";"3,8595";"4,5576"
"53,1920";"3,8396";"4,5191"
"53,2020";"3,8195";"4,4803"
"53,2120";"3,7995";"4,4419"
"53,2220";"3,7797";"4,4046"
"53,2320";"3,7596";"4,3658"
"53,2420";"3,7395";"4,3287"
"53,2520";"3,7196";"4,2947"
"53,2620";"3,6996";"4,2606"
"53,2720";"3,6798";"4,2258"
"53,2820";"3,6603";"4,1897"
"53,2920";"3,6406";"4,1551"
"53,3020";"3,6204";"4,1200"
"53,3120";"3,6005";"4,0831"
"53,3220";"3,5804";"4,0458"
"53,3320";"3,5602";"4,0109"
"53,3420";"3,5401";"3,9790"
"53,3520";"3,5199";"3,9450"
"53,3620";"3,4998";"3,9093"
"53,3720";"3,4798";"3,8745"
"53,3820";"3,4597";"3,8412"
"53,3920";"3,4399";"3,8065"
"53,4020";"3,4201";"3,7696"
"53,4120";"3,4001";"3,7335"
"53,4220";"3,3799";"3,7012"
"53,4320";"3,3600";"3,6689"
"53,4420";"3,3400";"3,6351"
"53,4520";"3,3200";"3,5998"
"53,4620";"3,2999";"3,5659"
"53,4720";"3,2801";"3,5326"
"53,4820";"3,2601";"3,4994"
"53,4920";"3,2402";"3,4667"
"53,5020";"3,2204";"3,4352"
"53,5120";"3,2006";"3,4036"
"53,5220";"3,1807";"3,3717"
"53,5320";"3,1607";"3,3408"
"53,5420";"3,1405";"3,3103"
"53,5520";"3,1203";"3,2786"
"53,5620";"3,1004";"3,2451"
"53,5720";"3,0803";"3,2144"
"53,5820";"3,0600";"3,1828"
"53,5920";"3,0400";"3,1497"
"53,6020";"3,0200";"3,1157"
"53,6120";"2,9998";"3,0842"
"53,6220";"2,9798";"3,0551"
"53,6320";"2,9600";"3,0258"
"53,6420";"2,9401";"2,9932"
"53,6520";"2,9201";"2,9605"
"53,6620";"2,9000";"2,9284"
"53,6720";"2,8797";"2,8979"
"53,6820";"2,8597";"2,8673"
"53,6920";"2,8397";"2,8359"
"53,7020";"2,8199";"2,8053"
"53,7120";"2,8000";"2,7757"
"53,7220";"2,7804";"2,7462"
"53,7320";"2,7604";"2,7154"
"53,7420";"2,7402";"2,6850"
"53,7520";"2,7200";"2,6548"
"53,7620";"2,6998";"2,6230"
"53,7720";"2,6795";"2,5909"
"53,7820";"2,6596";"2,5619"
"53,7920";"2,6396";"2,5333"
"53,8020";"2,6197";"2,5035"
"53,8120";"2,6002";"2,4754"
"53,8220";"2,5802";"2,4484"
"53,8320";"2,5600";"2,4190"
"53,8420";"2,5398";"2,3877"
"53,8520";"2,5197";"2,3548"
"53,8620";"2,4996";"2,3231"
"53,8720";"2,4798";"2,2945"
"53,8820";"2,4599";"2,2657"
"53,8920";"2,4399";"2,2355"
"53,9020";"2,4199";"2,2067"
"53,9120";"2,4001";"2,1801"
"53,9220";"2,3802";"2,1522"
"53,9320";"2,3605";"2,1225"
"53,9420";"2,3408";"2,0929"
"53,9520";"2,3209";"2,0634"
"53,9620";"2,3008";"2,0330"
"53,9720";"2,2806";"2,0022"
"53,9820";"2,2602";"1,9731"
"53,9920";"2,2399";"1,9440"
"54,0020";"2,2197";"1,9151"
"54,0120";"2,1996";"1,8861"
"54,0220";"2,1794";"1,8588"
"54,0320";"2,1596";"1,8319"
"54,0420";"2,1396";"1,8025"
"54,0520";"2,1197";"1,7719"
"54,0620";"2,1000";"1,7441"
"54,0720";"2,0800";"1,7168"
"54,0820";"2,0600";"1,6876"
"54,0920";"2,0400";"1,6581"
"54,1020";"2,0200";"1,6295"
"54,1120";"2,0000";"1,6024"
"54,1220";"1,9800";"1,5739"
"54,1320";"1,9601";"1,5427"
"54,1420";"1,9399";"1,5118"
"54,1520";"1,9199";"1,4848"
"54,1620";"1,9002";"1,4595"
"54,1720";"1,8803";"1,4317"
"54,1820";"1,8602";"1,4012"
"54,1920";"1,8400";"1,3715"
"54,2020";"1,8197";"1,3420"
"54,2120";"1,7996";"1,3120"
"54,2220";"1,7797";"1,2824"
"54,2320";"1,7597";"1,2550"
"54,2420";"1,7398";"1,2278"
"54,2520";"1,7200";"1,2015"
"54,2620";"1,6999";"1,1752"
"54,2720";"1,6799";"1,1488"
"54,2820";"1,6601";"1,1204"
"54,2920";"1,6401";"1,0900"
"54,3020";"1,6201";"1,0604"
"54,3120";"1,6001";"1,0336"
"54,3220";"1,5801";"1,0065"
"54,3320";"1,5599";"0,9774"
"54,3420";"1,5402";"0,9490"
"54,3520";"1,5201";"0,9220"
"54,3620";"1,4999";"0,8949"
"54,3720";"1,4799";"0,8656"
"54,3820";"1,4601";"0,8343"
"54,3920";"1,4402";"0,8050"
"54,4020";"1,4202";"0,7775"
"54,4120";"1,4001";"0,7499"
"54,4220";"1,3798";"0,7206"
"54,4320";"1,3598";"0,6917"
"54,4420";"1,3397";"0,6664"
"54,4520";"1,3197";"0,6417"
"54,4620";"1,2999";"0,6144"
"54,4720";"1,2801";"0,5857"
"54,4820";"1,2600";"0,5557"
"54,4920";"1,2399";"0,5263"
"54,5020";"1,2200";"0,4988"
"54,5120";"1,2002";"0,4714"
"54,5220";"1,1801";"0,4434"
"54,5320";"1,1604";"0,4168"
"54,5420";"1,1405";"0,3897"
"54,5520";"1,1203";"0,3632"
"54,5620";"1,1004";"0,3371"
"54,5720";"1,0804";"0,3103"
"54,5820";"1,0603";"0,2828"
"54,5920";"1,0404";"0,2580"
"54,6020";"1,0205";"0,2352"
"54,6120";"1,0003";"0,2104"
"54,6220";"0,9801";"0,1838"
"54,6320";"0,9600";"0,1582"
"54,6420";"0,9397";"0,1331"
"54,6520";"0,9198";"0,1101"
"54,6620";"0,8999";"0,0861"
"54,6720";"0,8797";"0,0625"
"54,6820";"0,8598";"0,0420"
"54,6920";"0,8401";"0,0233"
"54,7020";"0,8199";"0,0023"
"54,7120";"0,7998";"-0,0183"
"54,7220";"0,7799";"-0,0364"
"54,7320";"0,7598";"-0,0539"
"54,7420";"0,7397";"-0,0712"
"54,7520";"0,7199";"-0,0863"
"54,7620";"0,6998";"-0,0998"
"54,7720";"0,6798";"-0,1133"
"54,7820";"0,6600";"-0,1281"
"54,7920";"0,6402";"-0,1434"
"54,8020";"0,6204";"-0,1576"
"54,8120";"0,6007";"-0,1706"
"54,8220";"0,5806";"-0,1860"
"54,8320";"0,5602";"-0,2027"
"54,8420";"0,5400";"-0,2151"
"54,8520";"0,5199";"-0,2258"
"54,8620";"0,4997";"-0,2356"
"54,8720";"0,4797";"-0,2452"
"54,8820";"0,4598";"-0,2552"
"54,8920";"0,4396";"-0,2675"
"54,9020";"0,4196";"-0,2810"
"54,9120";"0,3997";"-0,2934"
"54,9220";"0,3795";"-0,3016"
"54,9320";"0,3596";"-0,3081"
"54,9420";"0,3399";"-0,3152"
"54,9520";"0,3199";"-0,3240"
"54,9620";"0,3000";"-0,3316"
"54,9720";"0,2803";"-0,3369"
"54,9820";"0,2603";"-0,3438"
"54,9920";"0,2404";"-0,3527"
"55,0020";"0,2205";"-0,3600"
"55,0120";"0,2007";"-0,3645"
"55,0220";"0,1805";"-0,3677"
"55,0320";"0,1607";"-0,3697"
"55,0420";"0,1406";"-0,3700"
"55,0520";"0,1203";"-0,3731"
"55,0620";"0,1003";"-0,3780"
"55,0720";"0,0804";"-0,3834"
"55,0820";"0,0602";"-0,3865"
"55,0920";"0,0403";"-0,3874"
"55,1020";"0,0204";"-0,3886"
"55,1120";"0,0004";"-0,3917"
"55,1140";"-0,0037";"-0,3922"
"55,1160";"-0,0077";"-0,3925"
"55,1180";"-0,0116";"-0,3928"
"55,1280";"-0,0257";"-0,3890"
"55,1380";"-0,0256";"-0,3632"
"55,1480";"-0,0187";"-0,3412"
"55,1580";"-0,0041";"-0,3295"
"55,1680";"0,0182";"-0,3232"
"55,1780";"0,0458";"-0,3251"
"55,1880";"0,0759";"-0,3335"
"55,1980";"0,1061";"-0,3420"
"55,2080";"0,1359";"-0,3459"
"55,2180";"0,1646";"-0,3455"
"55,2280";"0,1920";"-0,3411"
"55,2380";"0,2180";"-0,3301"
"55,2480";"0,2428";"-0,3106"
"55,2580";"0,2667";"-0,2846"
"55,2680";"0,2897";"-0,2563"
"55,2780";"0,3120";"-0,2298"
"55,2880";"0,3339";"-0,2032"
"55,2980";"0,3552";"-0,1758"
"55,3080";"0,3762";"-0,1509"
"55,3180";"0,3969";"-0,1266"
"55,3280";"0,4173";"-0,1008"
"55,3380";"0,4377";"-0,0751"
"55,3480";"0,4582";"-0,0532"
"55,3580";"0,4785";"-0,0331"
"55,3680";"0,4989";"-0,0099"
"55,3780";"0,5193";"0,0187"
"55,3880";"0,5395";"0,0467"
"55,3980";"0,5596";"0,0716"
"55,4080";"0,5797";"0,0977"
"55,4180";"0,5996";"0,1278"
"55,4280";"0,6197";"0,1604"
"55,4380";"0,6397";"0,1921"
"55,4480";"0,6597";"0,2233"
"55,4580";"0,6798";"0,2579"
"55,4680";"0,6997";"0,2956"
"55,4780";"0,7198";"0,3347"
"55,4880";"0,7397";"0,3761"
"55,4980";"0,7599";"0,4180"
"55,5080";"0,7799";"0,4580"
"55,5180";"0,7998";"0,4978"
"55,5280";"0,8198";"0,5383"
"55,5380";"0,8397";"0,5793"
"55,5480";"0,8597";"0,6206"
"55,5580";"0,8799";"0,6615"
"55,5680";"0,8998";"0,7021"
"55,5780";"0,9197";"0,7415"
"55,5880";"0,9397";"0,7823"
"55,5980";"0,9597";"0,8230"
"55,6080";"0,9797";"0,8651"
"55,6180";"0,9998";"0,9079"
"55,6280";"1,0199";"0,9485"
"55,6380";"1,0398";"0,9867"
"55,6480";"1,0600";"1,0263"
"55,6580";"1,0801";"1,0676"
"55,6680";"1,0998";"1,1073"
"55,6780";"1,1199";"1,1447"
"55,6880";"1,1399";"1,1822"
"55,6980";"1,1600";"1,2214"
"55,7080";"1,1802";"1,2619"
"55,7180";"1,2004";"1,3006"
"55,7280";"1,2202";"1,3369"
"55,7380";"1,2401";"1,3727"
"55,7480";"1,2599";"1,4097"
"55,7580";"1,2797";"1,4465"
"55,7680";"1,2996";"1,4832"
"55,7780";"1,3196";"1,5211"
"55,7880";"1,3398";"1,5571"
"55,7980";"1,3598";"1,5909"
"55,8080";"1,3798";"1,6264"
"55,8180";"1,3998";"1,6635"
"55,8280";"1,4197";"1,7002"
"55,8380";"1,4398";"1,7343"
"55,8480";"1,4600";"1,7690"
"55,8580";"1,4799";"1,8069"
"55,8680";"1,4999";"1,8439"
"55,8780";"1,5200";"1,8772"
"55,8880";"1,5399";"1,9088"
"55,8980";"1,5599";"1,9430"
"55,9080";"1,5801";"1,9793"
"55,9180";"1,6001";"2,0151"
"55,9280";"1,6201";"2,0492"
"55,9380";"1,6403";"2,0837"
"55,9480";"1,6602";"2,1179"
"55,9580";"1,6800";"2,1497"
"55,9680";"1,7001";"2,1800"
"55,9780";"1,7201";"2,2133"
"55,9880";"1,7398";"2,2491"
"55,9980";"1,7599";"2,2832"
"56,0080";"1,7798";"2,3145"
"56,0180";"1,7998";"2,3463"
"56,0280";"1,8198";"2,3799"
"56,0380";"1,8398";"2,4134"
"56,0480";"1,8596";"2,4446"
"56,0580";"1,8797";"2,4762"
"56,0680";"1,8997";"2,5074"
"56,0780";"1,9198";"2,5391"
"56,0880";"1,9399";"2,5730"
"56,0980";"1,9600";"2,6077"
"56,1080";"1,9799";"2,6404"
"56,1180";"2,0001";"2,6703"
"56,1280";"2,0200";"2,6992"
"56,1380";"2,0400";"2,7325"
"56,1480";"2,0601";"2,7688"
"56,1580";"2,0798";"2,8028"
"56,1680";"2,0995";"2,8316"
"56,1780";"2,1192";"2,8601"
"56,1880";"2,1390";"2,8908"
"56,1980";"2,1590";"2,9233"
"56,2080";"2,1792";"2,9541"
"56,2180";"2,1995";"2,9849"
"56,2280";"2,2197";"3,0154"
"56,2380";"2,2400";"3,0461"
"56,2480";"2,2605";"3,0773"
"56,2580";"2,2808";"3,1095"
"56,2680";"2,3007";"3,1427"
"56,2780";"2,3204";"3,1759"
"56,2880";"2,3401";"3,2057"
"56,2980";"2,3599";"3,2352"
"56,3080";"2,3799";"3,2652"
"56,3180";"2,4001";"3,2954"
"56,3280";"2,4199";"3,3236"
"56,3380";"2,4399";"3,3532"
"56,3480";"2,4597";"3,3845"
"56,3580";"2,4796";"3,4151"
"56,3680";"2,4995";"3,4454"
"56,3780";"2,5192";"3,4777"
"56,3880";"2,5390";"3,5112"
"56,3980";"2,5589";"3,5427"
"56,4080";"2,5787";"3,5704"
"56,4180";"2,5991";"3,5988"
"56,4280";"2,6195";"3,6296"
"56,4380";"2,6402";"3,6613"
"56,4480";"2,6605";"3,6904"
"56,4580";"2,6805";"3,7184"
"56,4680";"2,7004";"3,7501"
"56,4780";"2,7202";"3,7829"
"56,4880";"2,7401";"3,8130"
"56,4980";"2,7601";"3,8411"
"56,5080";"2,7801";"3,8687"
"56,5180";"2,8002";"3,8983"
"56,5280";"2,8202";"3,9292"
"56,5380";"2,8403";"3,9619"
"56,5480";"2,8604";"3,9948"
"56,5580";"2,8804";"4,0263"
"56,5680";"2,9003";"4,0545"
"56,5780";"2,9200";"4,0816"
"56,5880";"2,9398";"4,1112"
"56,5980";"2,9598";"4,1430"
"56,6080";"2,9795";"4,1739"
"56,6180";"2,9991";"4,2030"
"56,6280";"3,0188";"4,2321"
"56,6380";"3,0386";"4,2622"
"56,6480";"3,0588";"4,2914"
"56,6580";"3,0792";"4,3203"
"56,6680";"3,0999";"4,3505"
"56,6780";"3,1203";"4,3792"
"56,6880";"3,1405";"4,4071"
"56,6980";"3,1606";"4,4357"
"56,7080";"3,1807";"4,4676"
"56,7180";"3,2007";"4,5017"
"56,7280";"3,2206";"4,5348"
"56,7380";"3,2404";"4,5636"
"56,7480";"3,2603";"4,5925"
"56,7580";"3,2802";"4,6227"
"56,7680";"3,2998";"4,6516"
"56,7780";"3,3197";"4,6788"
"56,7880";"3,3398";"4,7056"
"56,7980";"3,3597";"4,7341"
"56,8080";"3,3793";"4,7643"
"56,8180";"3,3992";"4,7976"
"56,8280";"3,4190";"4,8324"
"56,8380";"3,4392";"4,8653"
"56,8480";"3,4599";"4,8959"
"56,8580";"3,4803";"4,9235"
"56,8680";"3,5003";"4,9510"
"56,8780";"3,5202";"4,9797"
"56,8880";"3,5399";"5,0091"
"56,8980";"3,5598";"5,0378"
"56,9080";"3,5800";"5,0696"
"56,9180";"3,6003";"5,1045"
"56,9280";"3,6206";"5,1376"
"56,9380";"3,6410";"5,1676"
"56,9480";"3,6610";"5,1958"
"56,9580";"3,6810";"5,2250"
"56,9680";"3,7009";"5,2554"
"56,9780";"3,7206";"5,2847"
"56,9880";"3,7401";"5,3140"
"56,9980";"3,7603";"5,3471"
"57,0080";"3,7804";"5,3798"
"57,0180";"3,8003";"5,4100"
"57,0280";"3,8200";"5,4395"
"57,0380";"3,8399";"5,4691"
"57,0480";"3,8595";"5,4980"
"57,0580";"3,8793";"5,5274"
"57,0680";"3,8998";"5,5569"
"57,0780";"3,9203";"5,5882"
"57,0880";"3,9407";"5,6198"
"57,0980";"3,9610";"5,6512"
"57,1080";"3,9810";"5,6824"
"57,1180";"4,0011";"5,7146"
"57,1280";"4,0211";"5,7463"
"57,1380";"4,0409";"5,7769"
"57,1480";"4,0608";"5,8076"
"57,1580";"4,0808";"5,8405"
"57,1680";"4,1005";"5,8736"
"57,1780";"4,1205";"5,9038"
"57,1880";"4,1404";"5,9324"
"57,1980";"4,1600";"5,9622"
"57,2080";"4,1800";"5,9945"
"57,2180";"4,2003";"6,0265"
"57,2280";"4,2204";"6,0558"
"57,2380";"4,2403";"6,0868"
"57,2480";"4,2604";"6,1210"
"57,2580";"4,2801";"6,1541"
"57,2680";"4,2998";"6,1834"
"57,2780";"4,3199";"6,2124"
"57,2880";"4,3398";"6,2421"
"57,2980";"4,3597";"6,2717"
"57,3080";"4,3794";"6,3009"
"57,3180";"4,3990";"6,3323"
"57,3280";"4,4186";"6,3660"
"57,3380";"4,4389";"6,4002"
"57,3480";"4,4595";"6,4330"
"57,3580";"4,4801";"6,4663"
"57,3680";"4,5006";"6,4992"
"57,3780";"4,5209";"6,5291"
"57,3880";"4,5408";"6,5588"
"57,3980";"4,5605";"6,5912"
"57,4080";"4,5798";"6,6257"
"57,4180";"4,5991";"6,6571"
"57,4280";"4,6187";"6,6867"
"57,4380";"4,6392";"6,7194"
"57,4480";"4,6599";"6,7542"
"57,4580";"4,6802";"6,7866"
"57,4680";"4,7004";"6,8165"
"57,4780";"4,7205";"6,8488"
"57,4880";"4,7403";"6,8827"
"57,4980";"4,7605";"6,9176"
"57,5080";"4,7803";"6,9509"
"57,5180";"4,8001";"6,9819"
"57,5280";"4,8200";"7,0134"
"57,5380";"4,8398";"7,0456"
"57,5480";"4,8595";"7,0767"
"57,5580";"4,8797";"7,1087"
"57,5680";"4,8999";"7,1420"
"57,5780";"4,9198";"7,1765"
"57,5880";"4,9400";"7,2097"
"57,5980";"4,9601";"7,2417"
"57,6080";"4,9799";"7,2737"
"57,6180";"4,9999";"7,3070"
"57,6200";"5,0038";"7,3139"
"57,6220";"5,0078";"7,3206"
"57,6240";"5,0118";"7,3271"
"57,6340";"5,0261";"7,3555"
"57,6440";"5,0257";"7,3602"
"57,6540";"5,0184";"7,3531"
"57,6640";"5,0032";"7,3327"
"57,6740";"4,9804";"7,2930"
"57,6840";"4,9523";"7,2399"
"57,6940";"4,9219";"7,1737"
"57,7040";"4,8910";"7,0933"
"57,7140";"4,8613";"7,0018"
"57,7240";"4,8331";"6,9084"
"57,7340";"4,8064";"6,8182"
"57,7440";"4,7810";"6,7308"
"57,7540";"4,7567";"6,6442"
"57,7640";"4,7331";"6,5617"
"57,7740";"4,7104";"6,4861"
"57,7840";"4,6882";"6,4183"
"57,7940";"4,6667";"6,3558"
"57,8040";"4,6458";"6,2954"
"57,8140";"4,6249";"6,2366"
"57,8240";"4,6045";"6,1805"
"57,8340";"4,5837";"6,1245"
"57,8440";"4,5626";"6,0712"
"57,8540";"4,5417";"6,0197"
"57,8640";"4,5209";"5,9688"
"57,8740";"4,5005";"5,9184"
"57,8840";"4,4803";"5,8685"
"57,8940";"4,4603";"5,8200"
"57,9040";"4,4402";"5,7720"
"57,9140";"4,4200";"5,7235"
"57,9240";"4,4000";"5,6753"
"57,9340";"4,3800";"5,6302"
"57,9440";"4,3599";"5,5855"
"57,9540";"4,3400";"5,5381"
"57,9640";"4,3198";"5,4908"
"57,9740";"4,2998";"5,4464"
"57,9840";"4,2797";"5,4032"
"57,9940";"4,2598";"5,3592"
"58,0040";"4,2400";"5,3151"
"58,0140";"4,2207";"5,2736"
"58,0240";"4,2014";"5,2336"
"58,0340";"4,1816";"5,1928"
"58,0440";"4,1618";"5,1504"
"58,0540";"4,1417";"5,1080"
"58,0640";"4,1212";"5,0667"
"58,0740";"4,1007";"5,0250"
"58,0840";"4,0801";"4,9827"
"58,0940";"4,0596";"4,9398"
"58,1040";"4,0395";"4,8994"
"58,1140";"4,0194";"4,8604"
"58,1240";"3,9995";"4,8221"
"58,1340";"3,9797";"4,7855"
"58,1440";"3,9598";"4,7478"
"58,1540";"3,9396";"4,7063"
"58,1640";"3,9197";"4,6647"
"58,1740";"3,8998";"4,6262"
"58,1840";"3,8798";"4,5894"
"58,1940";"3,8598";"4,5512"
"58,2040";"3,8400";"4,5111"
"58,2140";"3,8198";"4,4726"
"58,2240";"3,7997";"4,4370"
"58,2340";"3,7801";"4,4001"
"58,2440";"3,7603";"4,3604"
"58,2540";"3,7405";"4,3226"
"58,2640";"3,7209";"4,2866"
"58,2740";"3,7012";"4,2516"
"58,2840";"3,6814";"4,2153"
"58,2940";"3,6613";"4,1800"
"58,3040";"3,6406";"4,1460"
"58,3140";"3,6201";"4,1110"
"58,3240";"3,5997";"4,0751"
"58,3340";"3,5796";"4,0396"
"58,3440";"3,5594";"4,0044"
"58,3540";"3,5395";"3,9699"
"58,3640";"3,5196";"3,9351"
"58,3740";"3,4994";"3,9001"
"58,3840";"3,4795";"3,8663"
"58,3940";"3,4596";"3,8317"
"58,4040";"3,4397";"3,7979"
"58,4140";"3,4198";"3,7652"
"58,4240";"3,4000";"3,7326"
"58,4340";"3,3799";"3,6974"
"58,4440";"3,3600";"3,6615"
"58,4540";"3,3401";"3,6276"
"58,4640";"3,3202";"3,5971"
"58,4740";"3,3004";"3,5661"
"58,4840";"3,2805";"3,5321"
"58,4940";"3,2605";"3,4955"
"58,5040";"3,2400";"3,4597"
"58,5140";"3,2198";"3,4259"
"58,5240";"3,1997";"3,3935"
"58,5340";"3,1796";"3,3608"
"58,5440";"3,1598";"3,3295"
"58,5540";"3,1398";"3,2993"
"58,5640";"3,1197";"3,2677"
"58,5740";"3,1000";"3,2351"
"58,5840";"3,0803";"3,2029"
"58,5940";"3,0602";"3,1709"
"58,6040";"3,0403";"3,1393"
"58,6140";"3,0202";"3,1093"
"58,6240";"3,0000";"3,0800"
"58,6340";"2,9801";"3,0505"
"58,6440";"2,9602";"3,0203"
"58,6540";"2,9402";"2,9889"
"58,6640";"2,9202";"2,9582"
"58,6740";"2,9004";"2,9262"
"58,6840";"2,8802";"2,8910"
"58,6940";"2,8602";"2,8580"
"58,7040";"2,8404";"2,8297"
"58,7140";"2,8203";"2,8022"
"58,7240";"2,8002";"2,7719"
"58,7340";"2,7799";"2,7408"
"58,7440";"2,7597";"2,7096"
"58,7540";"2,7395";"2,6798"
"58,7640";"2,7196";"2,6482"
"58,7740";"2,6996";"2,6153"
"58,7840";"2,6796";"2,5834"
"58,7940";"2,6598";"2,5537"
"58,8040";"2,6397";"2,5247"
"58,8140";"2,6198";"2,4958"
"58,8240";"2,6001";"2,4673"
"58,8340";"2,5800";"2,4372"
"58,8440";"2,5599";"2,4065"
"58,8540";"2,5398";"2,3767"
"58,8640";"2,5198";"2,3475"
"58,8740";"2,4997";"2,3189"
"58,8840";"2,4800";"2,2907"
"58,8940";"2,4603";"2,2613"
"58,9040";"2,4404";"2,2324"
"58,9140";"2,4207";"2,2046"
"58,9240";"2,4008";"2,1753"
"58,9340";"2,3805";"2,1431"
"58,9440";"2,3602";"2,1125"
"58,9540";"2,3399";"2,0849"
"58,9640";"2,3196";"2,0569"
"58,9740";"2,2995";"2,0268"
"58,9840";"2,2797";"1,9964"
"58,9940";"2,2597";"1,9677"
"59,0040";"2,2397";"1,9393"
"59,0140";"2,2200";"1,9107"
"59,0240";"2,2000";"1,8807"
"59,0340";"2,1799";"1,8513"
"59,0440";"2,1599";"1,8225"
"59,0540";"2,1400";"1,7932"
"59,0640";"2,1199";"1,7635"
"59,0740";"2,1002";"1,7358"
"59,0840";"2,0803";"1,7077"
"59,0940";"2,0600";"1,6792"
"59,1040";"2,0402";"1,6515"
"59,1140";"2,0204";"1,6247"
"59,1240";"2,0005";"1,5971"
"59,1340";"1,9805";"1,5680"
"59,1440";"1,9605";"1,5384"
"59,1540";"1,9402";"1,5079"
"59,1640";"1,9201";"1,4794"
"59,1740";"1,9000";"1,4514"
"59,1840";"1,8798";"1,4230"
"59,1940";"1,8597";"1,3942"
"59,2040";"1,8398";"1,3641"
"59,2140";"1,8196";"1,3334"
"59,2240";"1,7995";"1,3056"
"59,2340";"1,7797";"1,2814"
"59,2440";"1,7596";"1,2557"
"59,2540";"1,7397";"1,2257"
"59,2640";"1,7200";"1,1949"
"59,2740";"1,6999";"1,1655"
"59,2840";"1,6799";"1,1382"
"59,2940";"1,6601";"1,1111"
"59,3040";"1,6401";"1,0827"
"59,3140";"1,6201";"1,0530"
"59,3240";"1,6002";"1,0253"
"59,3340";"1,5802";"0,9986"
"59,3440";"1,5602";"0,9713"
"59,3540";"1,5405";"0,9441"
"59,3640";"1,5204";"0,9158"
"59,3740";"1,5000";"0,8838"
"59,3840";"1,4799";"0,8532"
"59,3940";"1,4599";"0,8258"
"59,4040";"1,4397";"0,8001"
"59,4140";"1,4196";"0,7730"
"59,4240";"1,3998";"0,7447"
"59,4340";"1,3796";"0,7150"
"59,4440";"1,3596";"0,6844"
"59,4540";"1,3397";"0,6556"
"59,4640";"1,3199";"0,6274"
"59,4740";"1,2999";"0,6012"
"59,4840";"1,2801";"0,5768"
"59,4940";"1,2600";"0,5498"
"59,5040";"1,2399";"0,5205"
"59,5140";"1,2200";"0,4933"
"59,5240";"1,2000";"0,4687"
"59,5340";"1,1801";"0,4413"
"59,5440";"1,1605";"0,4103"
"59,5540";"1,1407";"0,3802"
"59,5640";"1,1206";"0,3538"
"59,5740";"1,1007";"0,3299"
"59,5840";"1,0806";"0,3045"
"59,5940";"1,0603";"0,2769"
"59,6040";"1,0402";"0,2504"
"59,6140";"1,0200";"0,2251"
"59,6240";"0,9998";"0,1985"
"59,6340";"0,9799";"0,1727"
"59,6440";"0,9600";"0,1483"
"59,6540";"0,9398";"0,1236"
"59,6640";"0,9198";"0,1006"
"59,6740";"0,8999";"0,0800"
"59,6840";"0,8797";"0,0613"
"59,6940";"0,8598";"0,0409"
"59,7040";"0,8400";"0,0172"
"59,7140";"0,8199";"-0,0068"
"59,7240";"0,7999";"-0,0265"
"59,7340";"0,7800";"-0,0428"
"59,7440";"0,7599";"-0,0600"
"59,7540";"0,7400";"-0,0762"
"59,7640";"0,7203";"-0,0900"
"59,7740";"0,7003";"-0,1040"
"59,7840";"0,6802";"-0,1212"
"59,7940";"0,6604";"-0,1383"
"59,8040";"0,6403";"-0,1531"
"59,8140";"0,6200";"-0,1671"
"59,8240";"0,6001";"-0,1804"
"59,8340";"0,5800";"-0,1913"
"59,8440";"0,5597";"-0,2017"
"59,8540";"0,5397";"-0,2121"
"59,8640";"0,5198";"-0,2247"
"59,8740";"0,4997";"-0,2385"
"59,8840";"0,4798";"-0,2517"
"59,8940";"0,4599";"-0,2632"
"59,9040";"0,4398";"-0,2743"
"59,9140";"0,4197";"-0,2847"
"59,9240";"0,3997";"-0,2920"
"59,9340";"0,3797";"-0,2995"
"59,9440";"0,3596";"-0,3094"
"59,9540";"0,3399";"-0,3196"
"59,9640";"0,3200";"-0,3265"
"59,9740";"0,3001";"-0,3325"
"59,9840";"0,2805";"-0,3402"
"59,9940";"0,2607";"-0,3477"
"60,0040";"0,2407";"-0,3535"
"60,0140";"0,2208";"-0,3563"
"60,0240";"0,2006";"-0,3609"
"60,0340";"0,1802";"-0,3680"
"60,0440";"0,1601";"-0,3734"
"60,0540";"0,1401";"-0,3756"
"60,0640";"0,1201";"-0,3783"
"60,0740";"0,1001";"-0,3821"
"60,0840";"0,0804";"-0,3855"
"60,0940";"0,0603";"-0,3872"
"60,1040";"0,0404";"-0,3877"
"60,1140";"0,0207";"-0,3879"
"60,1240";"0,0005";"-0,3900"
"60,1260";"-0,0035";"-0,3906"
"60,1280";"-0,0076";"-0,3911"
"60,1300";"-0,0115";"-0,3917"
"60,1400";"-0,0256";"-0,3921"
"60,1500";"-0,0255";"-0,3715"
"60,1600";"-0,0185";"-0,3498"
"60,1700";"-0,0040";"-0,3350"
"60,1800";"0,0182";"-0,3268"
"60,1900";"0,0458";"-0,3275"
"60,2000";"0,0759";"-0,3357"
"60,2100";"0,1061";"-0,3444"
"60,2200";"0,1359";"-0,3498"
"60,2300";"0,1646";"-0,3511"
"60,2400";"0,1920";"-0,3464"
"60,2500";"0,2180";"-0,3335"
"60,2600";"0,2428";"-0,3113"
"60,2700";"0,2667";"-0,2858"
"60,2800";"0,2897";"-0,2583"
"60,2900";"0,3120";"-0,2306"
"60,3000";"0,3339";"-0,2029"
"60,3100";"0,3552";"-0,1786"
"60,3200";"0,3762";"-0,1553"
"60,3300";"0,3969";"-0,1303"
"60,3400";"0,4174";"-0,1049"
"60,3500";"0,4377";"-0,0803"
"60,3600";"0,4582";"-0,0567"
"60,3700";"0,4785";"-0,0342"
"60,3800";"0,4989";"-0,0114"
"60,3900";"0,5192";"0,0128"
"60,4000";"0,5394";"0,0386"
"60,4100";"0,5596";"0,0647"
"60,4200";"0,5797";"0,0926"
"60,4300";"0,5996";"0,1202"
"60,4400";"0,6197";"0,1505"
"60,4500";"0,6397";"0,1855"
"60,4600";"0,6598";"0,2225"
"60,4700";"0,6799";"0,2566"
"60,4800";"0,6998";"0,2892"
"60,4900";"0,7197";"0,3251"
"60,5000";"0,7396";"0,3666"
"60,5100";"0,7598";"0,4077"
"60,5200";"0,7798";"0,4480"
"60,5300";"0,7997";"0,4886"
"60,5400";"0,8198";"0,5313"
"60,5500";"0,8397";"0,5739"
"60,5600";"0,8597";"0,6135"
"60,5700";"0,8799";"0,6532"
"60,5800";"0,8998";"0,6927"
"60,5900";"0,9197";"0,7337"
"60,6000";"0,9397";"0,7739"
"60,6100";"0,9597";"0,8151"
"60,6200";"0,9797";"0,8565"
"60,6300";"0,9998";"0,8975"
"60,6400";"1,0199";"0,9369"
"60,6500";"1,0398";"0,9760"
"60,6600";"1,0600";"1,0164"
"60,6700";"1,0800";"1,0568"
"60,6800";"1,1000";"1,0952"
"60,6900";"1,1202";"1,1337"
"60,7000";"1,1402";"1,1748"
"60,7100";"1,1601";"1,2154"
"60,7200";"1,1800";"1,2537"
"60,7300";"1,1999";"1,2916"
"60,7400";"1,2200";"1,3298"
"60,7500";"1,2399";"1,3666"
"60,7600";"1,2599";"1,4022"
"60,7700";"1,2797";"1,4381"
"60,7800";"1,2997";"1,4764"
"60,7900";"1,3199";"1,5144"
"60,8000";"1,3398";"1,5482"
"60,8100";"1,3598";"1,5816"
"60,8200";"1,3797";"1,6174"
"60,8300";"1,3998";"1,6539"
"60,8400";"1,4196";"1,6894"
"60,8500";"1,4398";"1,7242"
"60,8600";"1,4600";"1,7602"
"60,8700";"1,4799";"1,7981"
"60,8800";"1,4999";"1,8335"
"60,8900";"1,5200";"1,8676"
"60,9000";"1,5399";"1,9020"
"60,9100";"1,5599";"1,9366"
"60,9200";"1,5799";"1,9707"
"60,9300";"1,5999";"2,0043"
"60,9400";"1,6198";"2,0386"
"60,9500";"1,6398";"2,0729"
"60,9600";"1,6596";"2,1060"
"60,9700";"1,6793";"2,1388"
"60,9800";"1,6994";"2,1737"
"60,9900";"1,7197";"2,2094"
"61,0000";"1,7399";"2,2414"
"61,0100";"1,7601";"2,2718"
"61,0200";"1,7802";"2,3045"
"61,0300";"1,8000";"2,3387"
"61,0400";"1,8199";"2,3724"
"61,0500";"1,8398";"2,4043"
"61,0600";"1,8596";"2,4362"
"61,0700";"1,8798";"2,4700"
"61,0800";"1,9000";"2,5026"
"61,0900";"1,9199";"2,5324"
"61,1000";"1,9400";"2,5640"
"61,1100";"1,9600";"2,5980"
"61,1200";"1,9799";"2,6300"
"61,1300";"2,0001";"2,6615"
"61,1400";"2,0202";"2,6930"
"61,1500";"2,0402";"2,7260"
"61,1600";"2,0602";"2,7587"
"61,1700";"2,0800";"2,7915"
"61,1800";"2,0997";"2,8237"
"61,1900";"2,1195";"2,8552"
"61,2000";"2,1395";"2,8857"
"61,2100";"2,1599";"2,9148"
"61,2200";"2,1802";"2,9454"
"61,2300";"2,2002";"2,9778"
"61,2400";"2,2200";"3,0097"
"61,2500";"2,2399";"3,0391"
"61,2600";"2,2597";"3,0701"
"61,2700";"2,2798";"3,1033"
"61,2800";"2,2997";"3,1344"
"61,2900";"2,3196";"3,1629"
"61,3000";"2,3397";"3,1908"
"61,3100";"2,3599";"3,2217"
"61,3200";"2,3801";"3,2542"
"61,3300";"2,4000";"3,2849"
"61,3400";"2,4199";"3,3151"
"61,3500";"2,4399";"3,3462"
"61,3600";"2,4600";"3,3783"
"61,3700";"2,4801";"3,4096"
"61,3800";"2,5001";"3,4390"
"61,3900";"2,5200";"3,4676"
"61,4000";"2,5398";"3,4966"
"61,4100";"2,5593";"3,5265"
"61,4200";"2,5789";"3,5576"
"61,4300";"2,5989";"3,5906"
"61,4400";"2,6193";"3,6219"
"61,4500";"2,6400";"3,6521"
"61,4600";"2,6603";"3,6813"
"61,4700";"2,6803";"3,7104"
"61,4800";"2,7004";"3,7406"
"61,4900";"2,7204";"3,7692"
"61,5000";"2,7401";"3,7974"
"61,5100";"2,7600";"3,8277"
"61,5200";"2,7797";"3,8592"
"61,5300";"2,7997";"3,8902"
"61,5400";"2,8199";"3,9196"
"61,5500";"2,8401";"3,9502"
"61,5600";"2,8600";"3,9804"
"61,5700";"2,8800";"4,0089"
"61,5800";"2,8997";"4,0358"
"61,5900";"2,9194";"4,0648"
"61,6000";"2,9393";"4,0987"
"61,6100";"2,9594";"4,1315"
"61,6200";"2,9795";"4,1623"
"61,6300";"2,9993";"4,1923"
"61,6400";"3,0194";"4,2213"
"61,6500";"3,0396";"4,2509"
"61,6600";"3,0600";"4,2798"
"61,6700";"3,0805";"4,3101"
"61,6800";"3,1007";"4,3411"
"61,6900";"3,1208";"4,3706"
"61,7000";"3,1407";"4,4005"
"61,7100";"3,1605";"4,4322"
"61,7200";"3,1802";"4,4652"
"61,7300";"3,1999";"4,4937"
"61,7400";"3,2195";"4,5200"
"61,7500";"3,2390";"4,5460"
"61,7600";"3,2586";"4,5742"
"61,7700";"3,2782";"4,6038"
"61,7800";"3,2982";"4,6338"
"61,7900";"3,3190";"4,6653"
"61,8000";"3,3398";"4,6994"
"61,8100";"3,3603";"4,7313"
"61,8200";"3,3806";"4,7593"
"61,8300";"3,4008";"4,7890"
"61,8400";"3,4207";"4,8198"
"61,8500";"3,4404";"4,8510"
"61,8600";"3,4607";"4,8811"
"61,8700";"3,4810";"4,9131"
"61,8800";"3,5011";"4,9456"
"61,8900";"3,5210";"4,9783"
"61,9000";"3,5408";"5,0077"
"61,9100";"3,5607";"5,0342"
"61,9200";"3,5804";"5,0638"
"61,9300";"3,6002";"5,0944"
"61,9400";"3,6201";"5,1236"
"61,9500";"3,6400";"5,1532"
"61,9600";"3,6601";"5,1840"
"61,9700";"3,6799";"5,2155"
"61,9800";"3,6999";"5,2456"
"61,9900";"3,7198";"5,2736"
"62,0000";"3,7399";"5,3021"
"62,0100";"3,7601";"5,3323"
"62,0200";"3,7804";"5,3625"
"62,0300";"3,8006";"5,3925"
"62,0400";"3,8207";"5,4255"
"62,0500";"3,8407";"5,4601"
"62,0600";"3,8603";"5,4925"
"62,0700";"3,8800";"5,5216"
"62,0800";"3,9002";"5,5506"
"62,0900";"3,9206";"5,5805"
"62,1000";"3,9409";"5,6116"
"62,1100";"3,9610";"5,6421"
"62,1200";"3,9807";"5,6734"
"62,1300";"4,0004";"5,7076"
"62,1400";"4,0203";"5,7407"
"62,1500";"4,0402";"5,7728"
"62,1600";"4,0602";"5,8036"
"62,1700";"4,0802";"5,8327"
"62,1800";"4,1001";"5,8609"
"62,1900";"4,1201";"5,8897"
"62,2000";"4,1401";"5,9205"
"62,2100";"4,1600";"5,9530"
"62,2200";"4,1802";"5,9841"
"62,2300";"4,2004";"6,0147"
"62,2400";"4,2204";"6,0467"
"62,2500";"4,2404";"6,0786"
"62,2600";"4,2604";"6,1083"
"62,2700";"4,2802";"6,1383"
"62,2800";"4,2999";"6,1704"
"62,2900";"4,3200";"6,2041"
"62,3000";"4,3401";"6,2374"
"62,3100";"4,3601";"6,2678"
"62,3200";"4,3803";"6,2984"
"62,3300";"4,4003";"6,3301"
"62,3400";"4,4201";"6,3606"
"62,3500";"4,4401";"6,3896"
"62,3600";"4,4599";"6,4208"
"62,3700";"4,4799";"6,4555"
"62,3800";"4,4997";"6,4893"
"62,3900";"4,5196";"6,5200"
"62,4000";"4,5394";"6,5503"
"62,4100";"4,5585";"6,5806"
"62,4200";"4,5780";"6,6114"
"62,4300";"4,5981";"6,6422"
"62,4400";"4,6189";"6,6734"
"62,4500";"4,6398";"6,7087"
"62,4600";"4,6604";"6,7429"
"62,4700";"4,6802";"6,7749"
"62,4800";"4,7001";"6,8069"
"62,4900";"4,7199";"6,8408"
"62,5000";"4,7398";"6,8758"
"62,5100";"4,7601";"6,9078"
"62,5200";"4,7805";"6,9390"
"62,5300";"4,8005";"6,9702"
"62,5400";"4,8206";"7,0029"
"62,5500";"4,8405";"7,0360"
"62,5600";"4,8602";"7,0689"
"62,5700";"4,8802";"7,1037"
"62,5800";"4,9001";"7,1391"
"62,5900";"4,9200";"7,1721"
"62,6000";"4,9399";"7,2024"
"62,6100";"4,9600";"7,2335"
"62,6200";"4,9797";"7,2648"
"62,6300";"4,9992";"7,2953"
"62,6320";"5,0031";"7,3016"
"62,6340";"5,0070";"7,3079"
"62,6360";"5,0109";"7,3142"
"62,6460";"5,0252";"7,3423"
"62,6560";"5,0250";"7,3468"
"62,6660";"5,0181";"7,3398"
"62,6760";"5,0033";"7,3212"
"62,6860";"4,9806";"7,2846"
"62,6960";"4,9528";"7,2330"
"62,7060";"4,9223";"7,1635"
"62,7160";"4,8916";"7,0798"
"62,7260";"4,8618";"6,9898"
"62,7360";"4,8334";"6,8997"
"62,7460";"4,8066";"6,8097"
"62,7560";"4,7814";"6,7196"
"62,7660";"4,7575";"6,6328"
"62,7760";"4,7345";"6,5533"
"62,7860";"4,7120";"6,4789"
"62,7960";"4,6896";"6,4083"
"62,8060";"4,6678";"6,3426"
"62,8160";"4,6460";"6,2821"
"62,8260";"4,6242";"6,2251"
"62,8360";"4,6027";"6,1710"
"62,8460";"4,5817";"6,1162"
"62,8560";"4,5611";"6,0618"
"62,8660";"4,5407";"6,0102"
"62,8760";"4,5203";"5,9578"
"62,8860";"4,5004";"5,9061"
"62,8960";"4,4804";"5,8581"
"62,9060";"4,4603";"5,8118"
"62,9160";"4,4402";"5,7636"
"62,9260";"4,4202";"5,7149"
"62,9360";"4,4002";"5,6670"
"62,9460";"4,3800";"5,6209"
"62,9560";"4,3600";"5,5745"
"62,9660";"4,3401";"5,5295"
"62,9760";"4,3200";"5,4872"
"62,9860";"4,3002";"5,4444"
"62,9960";"4,2806";"5,3996"
"63,0060";"4,2607";"5,3534"
"63,0160";"4,2411";"5,3095"
"63,0260";"4,2214";"5,2683"
"63,0360";"4,2012";"5,2236"
"63,0460";"4,1806";"5,1776"
"63,0560";"4,1602";"5,1363"
"63,0660";"4,1400";"5,0975"
"63,0760";"4,1197";"5,0586"
"63,0860";"4,0998";"5,0184"
"63,0960";"4,0798";"4,9776"
"63,1060";"4,0597";"4,9368"
"63,1160";"4,0399";"4,8965"
"63,1260";"4,0199";"4,8543"
"63,1360";"3,9998";"4,8139"
"63,1460";"3,9800";"4,7766"
"63,1560";"3,9601";"4,7384"
"63,1660";"3,9399";"4,6984"
"63,1760";"3,9199";"4,6592"
"63,1860";"3,9001";"4,6218"
"63,1960";"3,8801";"4,5828"
"63,2060";"3,8604";"4,5424"
"63,2160";"3,8407";"4,5036"
"63,2260";"3,8209";"4,4672"
"63,2360";"3,8012";"4,4316"
"63,2460";"3,7817";"4,3960"
"63,2560";"3,7618";"4,3610"
"63,2660";"3,7415";"4,3238"
"63,2760";"3,7209";"4,2841"
"63,2860";"3,7000";"4,2432"
"63,2960";"3,6793";"4,2069"
"63,3060";"3,6591";"4,1743"
"63,3160";"3,6391";"4,1402"
"63,3260";"3,6191";"4,1029"
"63,3360";"3,5992";"4,0666"
"63,3460";"3,5793";"4,0330"
"63,3560";"3,5594";"3,9993"
"63,3660";"3,5395";"3,9626"
"63,3760";"3,5197";"3,9251"
"63,3860";"3,4995";"3,8899"
"63,3960";"3,4797";"3,8583"
"63,4060";"3,4599";"3,8258"
"63,4160";"3,4401";"3,7924"
"63,4260";"3,4203";"3,7587"
"63,4360";"3,4005";"3,7243"
"63,4460";"3,3802";"3,6889"
"63,4560";"3,3601";"3,6545"
"63,4660";"3,3401";"3,6208"
"63,4760";"3,3202";"3,5871"
"63,4860";"3,3000";"3,5543"
"63,4960";"3,2799";"3,5219"
"63,5060";"3,2597";"3,4891"
"63,5160";"3,2396";"3,4560"
"63,5260";"3,2196";"3,4230"
"63,5360";"3,1998";"3,3910"
"63,5460";"3,1798";"3,3596"
"63,5560";"3,1600";"3,3268"
"63,5660";"3,1400";"3,2923"
"63,5760";"3,1200";"3,2588"
"63,5860";"3,1001";"3,2289"
"63,5960";"3,0801";"3,1995"
"63,6060";"3,0600";"3,1670"
"63,6160";"3,0403";"3,1328"
"63,6260";"3,0203";"3,1021"
"63,6360";"3,0003";"3,0745"
"63,6460";"2,9805";"3,0447"
"63,6560";"2,9608";"3,0131"
"63,6660";"2,9408";"2,9792"
"63,6760";"2,9207";"2,9480"
"63,6860";"2,9005";"2,9183"
"63,6960";"2,8803";"2,8874"
"63,7060";"2,8602";"2,8562"
"63,7160";"2,8401";"2,8249"
"63,7260";"2,8198";"2,7928"
"63,7360";"2,7996";"2,7623"
"63,7460";"2,7795";"2,7323"
"63,7560";"2,7594";"2,7009"
"63,7660";"2,7395";"2,6692"
"63,7760";"2,7198";"2,6390"
"63,7860";"2,6997";"2,6092"
"63,7960";"2,6797";"2,5808"
"63,8060";"2,6598";"2,5500"
"63,8160";"2,6398";"2,5185"
"63,8260";"2,6199";"2,4891"
"63,8360";"2,6001";"2,4619"
"63,8460";"2,5801";"2,4344"
"63,8560";"2,5599";"2,4034"
"63,8660";"2,5400";"2,3725"
"63,8760";"2,5201";"2,3435"
"63,8860";"2,5003";"2,3142"
"63,8960";"2,4807";"2,2829"
"63,9060";"2,4609";"2,2508"
"63,9160";"2,4404";"2,2209"
"63,9260";"2,4201";"2,1948"
"63,9360";"2,3998";"2,1674"
"63,9460";"2,3794";"2,1389"
"63,9560";"2,3595";"2,1096"
"63,9660";"2,3396";"2,0792"
"63,9760";"2,3196";"2,0468"
"63,9860";"2,2996";"2,0159"
"63,9960";"2,2798";"1,9884"
"64,0060";"2,2598";"1,9605"
"64,0160";"2,2399";"1,9320"
"64,0260";"2,2200";"1,9039"
"64,0360";"2,2000";"1,8758"
"64,0460";"2,1799";"1,8462"
"64,0560";"2,1599";"1,8148"
"64,0660";"2,1401";"1,7861"
"64,0760";"2,1202";"1,7609"
"64,0860";"2,1004";"1,7351"
"64,0960";"2,0806";"1,7056"
"64,1060";"2,0607";"1,6745"
"64,1160";"2,0407";"1,6459"
"64,1260";"2,0206";"1,6178"
"64,1360";"2,0003";"1,5883"
"64,1460";"1,9801";"1,5590"
"64,1560";"1,9601";"1,5299"
"64,1660";"1,9398";"1,5011"
"64,1760";"1,9198";"1,4734"
"64,1860";"1,9000";"1,4452"
"64,1960";"1,8798";"1,4167"
"64,2060";"1,8597";"1,3884"
"64,2160";"1,8397";"1,3595"
"64,2260";"1,8195";"1,3300"
"64,2360";"1,7995";"1,3012"
"64,2460";"1,7797";"1,2744"
"64,2560";"1,7596";"1,2465"
"64,2660";"1,7398";"1,2168"
"64,2760";"1,7200";"1,1892"
"64,2860";"1,6999";"1,1613"
"64,2960";"1,6799";"1,1323"
"64,3060";"1,6601";"1,1027"
"64,3160";"1,6401";"1,0743"
"64,3260";"1,6202";"1,0474"
"64,3360";"1,6004";"1,0203"
"64,3460";"1,5804";"0,9918"
"64,3560";"1,5601";"0,9638"
"64,3660";"1,5402";"0,9363"
"64,3760";"1,5200";"0,9081"
"64,3860";"1,4998";"0,8786"
"64,3960";"1,4798";"0,8507"
"64,4060";"1,4600";"0,8235"
"64,4160";"1,4398";"0,7954"
"64,4260";"1,4200";"0,7671"
"64,4360";"1,3999";"0,7393"
"64,4460";"1,3797";"0,7110"
"64,4560";"1,3596";"0,6812"
"64,4660";"1,3397";"0,6517"
"64,4760";"1,3197";"0,6239"
"64,4860";"1,2998";"0,5967"
"64,4960";"1,2800";"0,5691"
"64,5060";"1,2599";"0,5400"
"64,5160";"1,2398";"0,5139"
"64,5260";"1,2200";"0,4882"
"64,5360";"1,2002";"0,4608"
"64,5460";"1,1803";"0,4303"
"64,5560";"1,1605";"0,4017"
"64,5660";"1,1407";"0,3750"
"64,5760";"1,1203";"0,3491"
"64,5860";"1,1003";"0,3227"
"64,5960";"1,0802";"0,2975"
"64,6060";"1,0600";"0,2736"
"64,6160";"1,0401";"0,2492"
"64,6260";"1,0201";"0,2218"
"64,6360";"0,9999";"0,1924"
"64,6460";"0,9800";"0,1656"
"64,6560";"0,9600";"0,1410"
"64,6660";"0,9398";"0,1167"
"64,6760";"0,9199";"0,0948"
"64,6860";"0,9001";"0,0750"
"64,6960";"0,8799";"0,0547"
"64,7060";"0,8599";"0,0335"
"64,7160";"0,8402";"0,0121"
"64,7260";"0,8201";"-0,0087"
"64,7360";"0,8001";"-0,0271"
"64,7460";"0,7803";"-0,0443"
"64,7560";"0,7604";"-0,0618"
"64,7660";"0,7404";"-0,0760"
"64,7760";"0,7206";"-0,0890"
"64,7860";"0,7004";"-0,1062"
"64,7960";"0,6800";"-0,1241"
"64,8060";"0,6599";"-0,1399"
"64,8160";"0,6397";"-0,1559"
"64,8260";"0,6197";"-0,1701"
"64,8360";"0,5998";"-0,1813"
"64,8460";"0,5799";"-0,1904"
"64,8560";"0,5597";"-0,2004"
"64,8660";"0,5397";"-0,2140"
"64,8760";"0,5198";"-0,2290"
"64,8860";"0,4996";"-0,2401"
"64,8960";"0,4798";"-0,2504"
"64,9060";"0,4598";"-0,2628"
"64,9160";"0,4398";"-0,2760"
"64,9260";"0,4197";"-0,2859"
"64,9360";"0,3997";"-0,2937"
"64,9460";"0,3797";"-0,3002"
"64,9560";"0,3597";"-0,3093"
"64,9660";"0,3400";"-0,3176"
"64,9760";"0,3200";"-0,3262"
"64,9860";"0,3001";"-0,3359"
"64,9960";"0,2805";"-0,3439"
"65,0060";"0,2605";"-0,3492"
"65,0160";"0,2404";"-0,3534"
"65,0260";"0,2204";"-0,3572"
"65,0360";"0,2003";"-0,3618"
"65,0460";"0,1802";"-0,3673"
"65,0560";"0,1601";"-0,3696"
"65,0660";"0,1402";"-0,3723"
"65,0760";"0,1203";"-0,3784"
"65,0860";"0,1005";"-0,3838"
"65,0960";"0,0806";"-0,3872"
"65,1060";"0,0604";"-0,3900"
"65,1160";"0,0405";"-0,3900"
"65,1260";"0,0207";"-0,3884"
"65,1360";"0,0005";"-0,3885"
"65,1380";"-0,0034";"-0,3888"
"65,1400";"-0,0076";"-0,3891"
"65,1420";"-0,0115";"-0,3896"
"65,1520";"-0,0256";"-0,3918"
"65,1620";"-0,0257";"-0,3723"
"65,1720";"-0,0200";"-0,3505"
"65,1820";"-0,0067";"-0,3353"
"65,1920";"0,0144";"-0,3270"
"65,2020";"0,0414";"-0,3284"
"65,2120";"0,0713";"-0,3338"
"65,2220";"0,1015";"-0,3404"
"65,2320";"0,1313";"-0,3466"
"65,2420";"0,1601";"-0,3511"
"65,2520";"0,1875";"-0,3472"
"65,2620";"0,2137";"-0,3352"
"65,2720";"0,2385";"-0,3168"
"65,2820";"0,2623";"-0,2935"
"65,2920";"0,2853";"-0,2653"
"65,3020";"0,3077";"-0,2369"
"65,3120";"0,3295";"-0,2108"
"65,3220";"0,3509";"-0,1867"
"65,3320";"0,3720";"-0,1626"
"65,3420";"0,3928";"-0,1379"
"65,3520";"0,4133";"-0,1147"
"65,3620";"0,4337";"-0,0924"
"65,3720";"0,4540";"-0,0677"
"65,3820";"0,4745";"-0,0417"
"65,3920";"0,4949";"-0,0178"
"65,4020";"0,5152";"0,0048"
"65,4120";"0,5353";"0,0285"
"65,4220";"0,5555";"0,0553"
"65,4320";"0,5756";"0,0816"
"65,4420";"0,5956";"0,1081"
"65,4520";"0,6157";"0,1378"
"65,4620";"0,6358";"0,1727"
"65,4720";"0,6559";"0,2102"
"65,4820";"0,6759";"0,2453"
"65,4920";"0,6958";"0,2792"
"65,5020";"0,7158";"0,3145"
"65,5120";"0,7357";"0,3523"
"65,5220";"0,7558";"0,3907"
"65,5320";"0,7757";"0,4307"
"65,5420";"0,7957";"0,4711"
"65,5520";"0,8158";"0,5132"
"65,5620";"0,8357";"0,5548"
"65,5720";"0,8557";"0,5969"
"65,5820";"0,8759";"0,6382"
"65,5920";"0,8959";"0,6766"
"65,6020";"0,9158";"0,7153"
"65,6120";"0,9357";"0,7564"
"65,6220";"0,9558";"0,7992"
"65,6320";"0,9756";"0,8421"
"65,6420";"0,9957";"0,8833"
"65,6520";"1,0159";"0,9239"
"65,6620";"1,0358";"0,9650"
"65,6720";"1,0560";"1,0036"
"65,6820";"1,0761";"1,0408"
"65,6920";"1,0960";"1,0763"
"65,7020";"1,1162";"1,1140"
"65,7120";"1,1362";"1,1543"
"65,7220";"1,1561";"1,1941"
"65,7320";"1,1762";"1,2346"
"65,7420";"1,1961";"1,2758"
"65,7520";"1,2161";"1,3163"
"65,7620";"1,2359";"1,3521"
"65,7720";"1,2559";"1,3860"
"65,7820";"1,2757";"1,4200"
"65,7920";"1,2955";"1,4553"
"65,8020";"1,3156";"1,4915"
"65,8120";"1,3357";"1,5308"
"65,8220";"1,3557";"1,5692"
"65,8320";"1,3756";"1,6070"
"65,8420";"1,3957";"1,6426"
"65,8520";"1,4156";"1,6725"
"65,8620";"1,4357";"1,7050"
"65,8720";"1,4559";"1,7437"
"65,8820";"1,4758";"1,7832"
"65,8920";"1,4959";"1,8187"
"65,9020";"1,5160";"1,8507"
"65,9120";"1,5359";"1,8841"
"65,9220";"1,5559";"1,9204"
"65,9320";"1,5759";"1,9577"
"65,9420";"1,5960";"1,9935"
"65,9520";"1,6159";"2,0267"
"65,9620";"1,6361";"2,0591"
"65,9720";"1,6561";"2,0912"
"65,9820";"1,6762";"2,1241"
"65,9920";"1,6961";"2,1587"
"66,0020";"1,7162";"2,1928"
"66,0120";"1,7360";"2,2244"
"66,0220";"1,7560";"2,2567"
"66,0320";"1,7760";"2,2922"
"66,0420";"1,7959";"2,3268"
"66,0520";"1,8158";"2,3579"
"66,0620";"1,8358";"2,3895"
"66,0720";"1,8555";"2,4222"
"66,0820";"1,8754";"2,4555"
"66,0920";"1,8955";"2,4873"
"66,1020";"1,9155";"2,5182"
"66,1120";"1,9356";"2,5513"
"66,1220";"1,9559";"2,5854"
"66,1320";"1,9759";"2,6167"
"66,1420";"1,9960";"2,6471"
"66,1520";"2,0160";"2,6794"
"66,1620";"2,0360";"2,7119"
"66,1720";"2,0561";"2,7439"
"66,1820";"2,0760";"2,7770"
"66,1920";"2,0961";"2,8091"
"66,2020";"2,1163";"2,8392"
"66,2120";"2,1365";"2,8703"
"66,2220";"2,1565";"2,9006"
"66,2320";"2,1765";"2,9321"
"66,2420";"2,1964";"2,9635"
"66,2520";"2,2164";"2,9939"
"66,2620";"2,2362";"3,0243"
"66,2720";"2,2563";"3,0564"
"66,2820";"2,2761";"3,0882"
"66,2920";"2,2957";"3,1186"
"66,3020";"2,3154";"3,1475"
"66,3120";"2,3350";"3,1792"
"66,3220";"2,3549";"3,2115"
"66,3320";"2,3748";"3,2411"
"66,3420";"2,3950";"3,2691"
"66,3520";"2,4152";"3,2985"
"66,3620";"2,4357";"3,3302"
"66,3720";"2,4563";"3,3623"
"66,3820";"2,4765";"3,3932"
"66,3920";"2,4964";"3,4239"
"66,4020";"2,5164";"3,4552"
"66,4120";"2,5361";"3,4864"
"66,4220";"2,5558";"3,5165"
"66,4320";"2,5755";"3,5486"
"66,4420";"2,5953";"3,5807"
"66,4520";"2,6158";"3,6108"
"66,4620";"2,6362";"3,6392"
"66,4720";"2,6566";"3,6704"
"66,4820";"2,6766";"3,7027"
"66,4920";"2,6966";"3,7329"
"66,5020";"2,7163";"3,7602"
"66,5120";"2,7358";"3,7882"
"66,5220";"2,7555";"3,8175"
"66,5320";"2,7752";"3,8473"
"66,5420";"2,7950";"3,8764"
"66,5520";"2,8150";"3,9063"
"66,5620";"2,8352";"3,9376"
"66,5720";"2,8555";"3,9671"
"66,5820";"2,8760";"3,9964"
"66,5920";"2,8959";"4,0265"
"66,6020";"2,9157";"4,0577"
"66,6120";"2,9355";"4,0879"
"66,6220";"2,9555";"4,1187"
"66,6320";"2,9756";"4,1503"
"66,6420";"2,9955";"4,1822"
"66,6520";"3,0155";"4,2136"
"66,6620";"3,0357";"4,2423"
"66,6720";"3,0562";"4,2713"
"66,6820";"3,0769";"4,3009"
"66,6920";"3,0972";"4,3297"
"66,7020";"3,1173";"4,3579"
"66,7120";"3,1372";"4,3879"
"66,7220";"3,1569";"4,4199"
"66,7320";"3,1765";"4,4512"
"66,7420";"3,1960";"4,4800"
"66,7520";"3,2155";"4,5083"
"66,7620";"3,2348";"4,5374"
"66,7720";"3,2543";"4,5662"
"66,7820";"3,2744";"4,5942"
"66,7920";"3,2950";"4,6233"
"66,8020";"3,3157";"4,6535"
"66,8120";"3,3360";"4,6843"
"66,8220";"3,3557";"4,7146"
"66,8320";"3,3753";"4,7457"
"66,8420";"3,3948";"4,7780"
"66,8520";"3,4145";"4,8078"
"66,8620";"3,4345";"4,8354"
"66,8720";"3,4551";"4,8651"
"66,8820";"3,4763";"4,8990"
"66,8920";"3,4972";"4,9326"
"66,9020";"3,5177";"4,9626"
"66,9120";"3,5379";"4,9921"
"66,9220";"3,5580";"5,0238"
"66,9320";"3,5778";"5,0576"
"66,9420";"3,5976";"5,0874"
"66,9520";"3,6172";"5,1140"
"66,9620";"3,6368";"5,1420"
"66,9720";"3,6563";"5,1726"
"66,9820";"3,6759";"5,2023"
"66,9920";"3,6956";"5,2311"
"67,0020";"3,7156";"5,2612"
"67,0120";"3,7359";"5,2926"
"67,0220";"3,7562";"5,3236"
"67,0320";"3,7764";"5,3528"
"67,0420";"3,7962";"5,3823"
"67,0520";"3,8159";"5,4139"
"67,0620";"3,8357";"5,4459"
"67,0720";"3,8553";"5,4761"
"67,0820";"3,8752";"5,5064"
"67,0920";"3,8955";"5,5371"
"67,1020";"3,9160";"5,5674"
"67,1120";"3,9367";"5,5983"
"67,1220";"3,9572";"5,6301"
"67,1320";"3,9773";"5,6614"
"67,1420";"3,9972";"5,6918"
"67,1520";"4,0172";"5,7217"
"67,1620";"4,0371";"5,7536"
"67,1720";"4,0570";"5,7876"
"67,1820";"4,0766";"5,8193"
"67,1920";"4,0958";"5,8463"
"67,2020";"4,1154";"5,8742"
"67,2120";"4,1355";"5,9058"
"67,2220";"4,1557";"5,9391"
"67,2320";"4,1760";"5,9694"
"67,2420";"4,1964";"5,9995"
"67,2520";"4,2165";"6,0313"
"67,2620";"4,2361";"6,0640"
"67,2720";"4,2554";"6,0952"
"67,2820";"4,2750";"6,1241"
"67,2920";"4,2950";"6,1542"
"67,3020";"4,3153";"6,1857"
"67,3120";"4,3358";"6,2176"
"67,3220";"4,3564";"6,2491"
"67,3320";"4,3768";"6,2818"
"67,3420";"4,3970";"6,3160"
"67,3520";"4,4169";"6,3488"
"67,3620";"4,4368";"6,3805"
"67,3720";"4,4567";"6,4130"
"67,3820";"4,4764";"6,4461"
"67,3920";"4,4964";"6,4777"
"67,4020";"4,5160";"6,5071"
"67,4120";"4,5352";"6,5368"
"67,4220";"4,5545";"6,5662"
"67,4320";"4,5742";"6,5961"
"67,4420";"4,5944";"6,6281"
"67,4520";"4,6151";"6,6612"
"67,4620";"4,6362";"6,6947"
"67,4720";"4,6566";"6,7266"
"67,4820";"4,6764";"6,7565"
"67,4920";"4,6959";"6,7893"
"67,5020";"4,7153";"6,8234"
"67,5120";"4,7351";"6,8563"
"67,5220";"4,7555";"6,8892"
"67,5320";"4,7759";"6,9234"
"67,5420";"4,7964";"6,9588"
"67,5520";"4,8168";"6,9924"
"67,5620";"4,8370";"7,0235"
"67,5720";"4,8567";"7,0550"
"67,5820";"4,8766";"7,0872"
"67,5920";"4,8965";"7,1196"
"67,6020";"4,9162";"7,1520"
"67,6120";"4,9360";"7,1845"
"67,6220";"4,9560";"7,2187"
"67,6320";"4,9758";"7,2510"
"67,6420";"4,9958";"7,2824"
"67,6460";"5,0037";"7,2954"
"67,6480";"5,0077";"7,3020"
"67,6500";"5,0117";"7,3088"
"67,6600";"5,0259";"7,3391"
"67,6700";"5,0256";"7,3422"
"67,6800";"5,0183";"7,3313"
"67,6900";"5,0033";"7,3099"
"67,7000";"4,9804";"7,2736"
"67,7100";"4,9524";"7,2226"
"67,7200";"4,9219";"7,1545"
"67,7300";"4,8912";"7,0731"
"67,7400";"4,8613";"6,9851"
"67,7500";"4,8332";"6,8945"
"67,7600";"4,8066";"6,8012"
"67,7700";"4,7816";"6,7107"
"67,7800";"4,7576";"6,6263"
"67,7900";"4,7341";"6,5478"
"67,8000";"4,7109";"6,4727"
"67,8100";"4,6882";"6,4019"
"67,8200";"4,6661";"6,3362"
"67,8300";"4,6445";"6,2731"
"67,8400";"4,6234";"6,2123"
"67,8500";"4,6027";"6,1564"
"67,8600";"4,5823";"6,1038"
"67,8700";"4,5620";"6,0527"
"67,8800";"4,5418";"6,0002"
"67,8900";"4,5215";"5,9503"
"67,9000";"4,5012";"5,9036"
"67,9100";"4,4812";"5,8580"
"67,9200";"4,4610";"5,8089"
"67,9300";"4,4407";"5,7573"
"67,9400";"4,4204";"5,7079"
"67,9500";"4,4003";"5,6614"
"67,9600";"4,3802";"5,6162"
"67,9700";"4,3605";"5,5703"
"67,9800";"4,3407";"5,5253"
"67,9900";"4,3208";"5,4815"
"68,0000";"4,3009";"5,4364"
"68,0100";"4,2807";"5,3904"
"68,0200";"4,2602";"5,3450"
"68,0300";"4,2398";"5,3019"
"68,0400";"4,2195";"5,2593"
"68,0500";"4,1995";"5,2167"
"68,0600";"4,1794";"5,1740"
"68,0700";"4,1596";"5,1323"
"68,0800";"4,1397";"5,0906"
"68,0900";"4,1199";"5,0487"
"68,1000";"4,1002";"5,0091"
"68,1100";"4,0804";"4,9699"
"68,1200";"4,0602";"4,9273"
"68,1300";"4,0403";"4,8874"
"68,1400";"4,0204";"4,8495"
"68,1500";"4,0002";"4,8122"
"68,1600";"3,9801";"4,7723"
"68,1700";"3,9602";"4,7312"
"68,1800";"3,9400";"4,6921"
"68,1900";"3,9204";"4,6566"
"68,2000";"3,9009";"4,6191"
"68,2100";"3,8812";"4,5783"
"68,2200";"3,8616";"4,5375"
"68,2300";"3,8420";"4,5008"
"68,2400";"3,8218";"4,4643"
"68,2500";"3,8010";"4,4256"
"68,2600";"3,7803";"4,3875"
"68,2700";"3,7596";"4,3516"
"68,2800";"3,7392";"4,3154"
"68,2900";"3,7191";"4,2769"
"68,3000";"3,6989";"4,2370"
"68,3100";"3,6790";"4,1987"
"68,3200";"3,6592";"4,1631"
"68,3300";"3,6394";"4,1281"
"68,3400";"3,6196";"4,0939"
"68,3500";"3,5999";"4,0604"
"68,3600";"3,5799";"4,0262"
"68,3700";"3,5598";"3,9907"
"68,3800";"3,5399";"3,9568"
"68,3900";"3,5198";"3,9231"
"68,4000";"3,4996";"3,8867"
"68,4100";"3,4797";"3,8501"
"68,4200";"3,4599";"3,8167"
"68,4300";"3,4401";"3,7864"
"68,4400";"3,4204";"3,7560"
"68,4500";"3,4005";"3,7217"
"68,4600";"3,3802";"3,6848"
"68,4700";"3,3600";"3,6491"
"68,4800";"3,3400";"3,6163"
"68,4900";"3,3200";"3,5818"
"68,5000";"3,2999";"3,5456"
"68,5100";"3,2799";"3,5121"
"68,5200";"3,2597";"3,4810"
"68,5300";"3,2396";"3,4503"
"68,5400";"3,2197";"3,4179"
"68,5500";"3,2000";"3,3851"
"68,5600";"3,1802";"3,3509"
"68,5700";"3,1603";"3,3166"
"68,5800";"3,1404";"3,2841"
"68,5900";"3,1202";"3,2537"
"68,6000";"3,1004";"3,2252"
"68,6100";"3,0804";"3,1950"
"68,6200";"3,0602";"3,1632"
"68,6300";"3,0403";"3,1322"
"68,6400";"3,0205";"3,1009"
"68,6500";"3,0005";"3,0674"
"68,6600";"2,9805";"3,0344"
"68,6700";"2,9606";"3,0039"
"68,6800";"2,9403";"2,9735"
"68,6900";"2,9201";"2,9427"
"68,7000";"2,8999";"2,9116"
"68,7100";"2,8795";"2,8809"
"68,7200";"2,8594";"2,8505"
"68,7300";"2,8397";"2,8183"
"68,7400";"2,8199";"2,7850"
"68,7500";"2,7998";"2,7533"
"68,7600";"2,7797";"2,7241"
"68,7700";"2,7597";"2,6952"
"68,7800";"2,7397";"2,6658"
"68,7900";"2,7199";"2,6380"
"68,8000";"2,6997";"2,6092"
"68,8100";"2,6796";"2,5759"
"68,8200";"2,6598";"2,5422"
"68,8300";"2,6398";"2,5114"
"68,8400";"2,6200";"2,4828"
"68,8500";"2,6005";"2,4540"
"68,8600";"2,5808";"2,4241"
"68,8700";"2,5609";"2,3955"
"68,8800";"2,5409";"2,3693"
"68,8900";"2,5205";"2,3399"
"68,9000";"2,4999";"2,3075"
"68,9100";"2,4799";"2,2758"
"68,9200";"2,4597";"2,2457"
"68,9300";"2,4396";"2,2165"
"68,9400";"2,4195";"2,1859"
"68,9500";"2,3995";"2,1569"
"68,9600";"2,3794";"2,1292"
"68,9700";"2,3595";"2,1011"
"68,9800";"2,3396";"2,0725"
"68,9900";"2,3196";"2,0424"
"69,0000";"2,2996";"2,0124"
"69,0100";"2,2798";"1,9822"
"69,0200";"2,2599";"1,9515"
"69,0300";"2,2399";"1,9234"
"69,0400";"2,2200";"1,8980"
"69,0500";"2,2001";"1,8707"
"69,0600";"2,1800";"1,8418"
"69,0700";"2,1604";"1,8129"
"69,0800";"2,1408";"1,7844"
"69,0900";"2,1210";"1,7557"
"69,1000";"2,1014";"1,7273"
"69,1100";"2,0816";"1,6989"
"69,1200";"2,0611";"1,6703"
"69,1300";"2,0406";"1,6412"
"69,1400";"2,0202";"1,6105"
"69,1500";"1,9996";"1,5798"
"69,1600";"1,9796";"1,5516"
"69,1700";"1,9595";"1,5236"
"69,1800";"1,9393";"1,4934"
"69,1900";"1,9195";"1,4633"
"69,2000";"1,8995";"1,4363"
"69,2100";"1,8794";"1,4087"
"69,2200";"1,8595";"1,3806"
"69,2300";"1,8395";"1,3521"
"69,2400";"1,8194";"1,3228"
"69,2500";"1,7994";"1,2941"
"69,2600";"1,7796";"1,2653"
"69,2700";"1,7596";"1,2365"
"69,2800";"1,7397";"1,2089"
"69,2900";"1,7200";"1,1815"
"69,3000";"1,7000";"1,1543"
"69,3100";"1,6800";"1,1261"
"69,3200";"1,6603";"1,0990"
"69,3300";"1,6403";"1,0715"
"69,3400";"1,6202";"1,0417"
"69,3500";"1,6001";"1,0110"
"69,3600";"1,5801";"0,9827"
"69,3700";"1,5600";"0,9563"
"69,3800";"1,5402";"0,9295"
"69,3900";"1,5201";"0,9017"
"69,4000";"1,4999";"0,8723"
"69,4100";"1,4799";"0,8444"
"69,4200";"1,4600";"0,8160"
"69,4300";"1,4399";"0,7876"
"69,4400";"1,4199";"0,7609"
"69,4500";"1,3999";"0,7335"
"69,4600";"1,3797";"0,7032"
"69,4700";"1,3596";"0,6722"
"69,4800";"1,3397";"0,6428"
"69,4900";"1,3196";"0,6152"
"69,5000";"1,2998";"0,5882"
"69,5100";"1,2801";"0,5607"
"69,5200";"1,2600";"0,5331"
"69,5300";"1,2401";"0,5056"
"69,5400";"1,2202";"0,4798"
"69,5500";"1,2002";"0,4518"
"69,5600";"1,1801";"0,4252"
"69,5700";"1,1604";"0,4006"
"69,5800";"1,1404";"0,3733"
"69,5900";"1,1202";"0,3422"
"69,6000";"1,1003";"0,3131"
"69,6100";"1,0803";"0,2885"
"69,6200";"1,0601";"0,2651"
"69,6300";"1,0401";"0,2415"
"69,6400";"1,0201";"0,2159"
"69,6500";"0,9999";"0,1896"
"69,6600";"0,9800";"0,1648"
"69,6700";"0,9600";"0,1393"
"69,6800";"0,9398";"0,1130"
"69,6900";"0,9199";"0,0883"
"69,7000";"0,8999";"0,0647"
"69,7100";"0,8799";"0,0422"
"69,7200";"0,8600";"0,0232"
"69,7300";"0,8404";"0,0065"
"69,7400";"0,8205";"-0,0100"
"69,7500";"0,8007";"-0,0277"
"69,7600";"0,7806";"-0,0466"
"69,7700";"0,7602";"-0,0654"
"69,7800";"0,7399";"-0,0834"
"69,7900";"0,7198";"-0,0998"
"69,8000";"0,6996";"-0,1148"
"69,8100";"0,6795";"-0,1303"
"69,8200";"0,6598";"-0,1444"
"69,8300";"0,6399";"-0,1578"
"69,8400";"0,6199";"-0,1704"
"69,8500";"0,6001";"-0,1821"
"69,8600";"0,5801";"-0,1941"
"69,8700";"0,5598";"-0,2080"
"69,8800";"0,5400";"-0,2216"
"69,8900";"0,5199";"-0,2333"
"69,9000";"0,4998";"-0,2427"
"69,9100";"0,4799";"-0,2527"
"69,9200";"0,4599";"-0,2634"
"69,9300";"0,4399";"-0,2738"
"69,9400";"0,4198";"-0,2834"
"69,9500";"0,4001";"-0,2935"
"69,9600";"0,3801";"-0,3035"
"69,9700";"0,3601";"-0,3128"
"69,9800";"0,3401";"-0,3199"
"69,9900";"0,3200";"-0,3270"
"70,0000";"0,3000";"-0,3362"
"70,0100";"0,2803";"-0,3419"
"70,0200";"0,2603";"-0,3464"
"70,0300";"0,2401";"-0,3524"
"70,0400";"0,2203";"-0,3598"
"70,0500";"0,2003";"-0,3660"
"70,0600";"0,1802";"-0,3700"
"70,0700";"0,1602";"-0,3720"
"70,0800";"0,1404";"-0,3755"
"70,0900";"0,1203";"-0,3794"
"70,1000";"0,1005";"-0,3815"
"70,1100";"0,0806";"-0,3838"
"70,1200";"0,0604";"-0,3865"
"70,1300";"0,0405";"-0,3887"
"70,1400";"0,0207";"-0,3887"
"70,1500";"0,0007";"-0,3893"
"70,1520";"-0,0033";"-0,3897"
"70,1540";"-0,0073";"-0,3903"
"70,1560";"-0,0113";"-0,3909"
"70,1660";"-0,0255";"-0,3909"
"70,1760";"-0,0253";"-0,3675"
"70,1860";"-0,0185";"-0,3457"
"70,1960";"-0,0043";"-0,3332"
"70,2060";"0,0179";"-0,3285"
"70,2160";"0,0455";"-0,3295"
"70,2260";"0,0756";"-0,3352"
"70,2360";"0,1060";"-0,3434"
"70,2460";"0,1359";"-0,3526"
"70,2560";"0,1646";"-0,3549"
"70,2660";"0,1920";"-0,3489"
"70,2760";"0,2180";"-0,3346"
"70,2860";"0,2428";"-0,3139"
"70,2960";"0,2667";"-0,2911"
"70,3060";"0,2897";"-0,2656"
"70,3160";"0,3120";"-0,2400"
"70,3260";"0,3339";"-0,2145"
"70,3360";"0,3552";"-0,1900"
"70,3460";"0,3762";"-0,1659"
"70,3560";"0,3969";"-0,1423"
"70,3660";"0,4174";"-0,1176"
"70,3760";"0,4379";"-0,0902"
"70,3860";"0,4583";"-0,0631"
"70,3960";"0,4786";"-0,0402"
"70,4060";"0,4990";"-0,0201"
"70,4160";"0,5193";"0,0037"
"70,4260";"0,5395";"0,0303"
"70,4360";"0,5596";"0,0559"
"70,4460";"0,5798";"0,0810"
"70,4560";"0,5997";"0,1078"
"70,4660";"0,6198";"0,1389"
"70,4760";"0,6399";"0,1727"
"70,4860";"0,6598";"0,2060"
"70,4960";"0,6798";"0,2388"
"70,5060";"0,6997";"0,2753"
"70,5160";"0,7197";"0,3121"
"70,5260";"0,7397";"0,3515"
"70,5360";"0,7598";"0,3928"
"70,5460";"0,7798";"0,4341"
"70,5560";"0,7997";"0,4740"
"70,5660";"0,8198";"0,5142"
"70,5760";"0,8398";"0,5560"
"70,5860";"0,8598";"0,5978"
"70,5960";"0,8799";"0,6401"
"70,6060";"0,8998";"0,6795"
"70,6160";"0,9197";"0,7177"
"70,6260";"0,9396";"0,7575"
"70,6360";"0,9597";"0,7991"
"70,6460";"0,9796";"0,8397"
"70,6560";"0,9997";"0,8802"
"70,6660";"1,0199";"0,9221"
"70,6760";"1,0398";"0,9647"
"70,6860";"1,0600";"1,0037"
"70,6960";"1,0800";"1,0407"
"70,7060";"1,1000";"1,0781"
"70,7160";"1,1201";"1,1163"
"70,7260";"1,1402";"1,1544"
"70,7360";"1,1601";"1,1932"
"70,7460";"1,1801";"1,2354"
"70,7560";"1,2002";"1,2758"
"70,7660";"1,2201";"1,3128"
"70,7760";"1,2399";"1,3465"
"70,7860";"1,2599";"1,3812"
"70,7960";"1,2797";"1,4192"
"70,8060";"1,2997";"1,4578"
"70,8160";"1,3197";"1,4950"
"70,8260";"1,3397";"1,5318"
"70,8360";"1,3598";"1,5694"
"70,8460";"1,3797";"1,6053"
"70,8560";"1,3998";"1,6402"
"70,8660";"1,4197";"1,6748"
"70,8760";"1,4398";"1,7111"
"70,8860";"1,4599";"1,7465"
"70,8960";"1,4798";"1,7806"
"70,9060";"1,4999";"1,8154"
"70,9160";"1,5200";"1,8511"
"70,9260";"1,5398";"1,8876"
"70,9360";"1,5597";"1,9227"
"70,9460";"1,5799";"1,9581"
"70,9560";"1,6000";"1,9919"
"70,9660";"1,6201";"2,0242"
"70,9760";"1,6403";"2,0572"
"70,9860";"1,6602";"2,0925"
"70,9960";"1,6802";"2,1272"
"71,0060";"1,7001";"2,1599"
"71,0160";"1,7201";"2,1909"
"71,0260";"1,7399";"2,2238"
"71,0360";"1,7600";"2,2604"
"71,0460";"1,7799";"2,2954"
"71,0560";"1,7998";"2,3252"
"71,0660";"1,8197";"2,3544"
"71,0760";"1,8397";"2,3873"
"71,0860";"1,8596";"2,4216"
"71,0960";"1,8797";"2,4550"
"71,1060";"1,8997";"2,4871"
"71,1160";"1,9198";"2,5184"
"71,1260";"1,9399";"2,5510"
"71,1360";"1,9598";"2,5826"
"71,1460";"1,9798";"2,6143"
"71,1560";"1,9999";"2,6475"
"71,1660";"2,0199";"2,6790"
"71,1760";"2,0399";"2,7093"
"71,1860";"2,0601";"2,7412"
"71,1960";"2,0803";"2,7748"
"71,2060";"2,1001";"2,8086"
"71,2160";"2,1200";"2,8405"
"71,2260";"2,1401";"2,8719"
"71,2360";"2,1602";"2,9037"
"71,2460";"2,1801";"2,9344"
"71,2560";"2,2001";"2,9625"
"71,2660";"2,2202";"2,9928"
"71,2760";"2,2401";"3,0259"
"71,2860";"2,2602";"3,0596"
"71,2960";"2,2802";"3,0901"
"71,3060";"2,3002";"3,1185"
"71,3160";"2,3200";"3,1485"
"71,3260";"2,3397";"3,1791"
"71,3360";"2,3595";"3,2079"
"71,3460";"2,3792";"3,2355"
"71,3560";"2,3991";"3,2648"
"71,3660";"2,4190";"3,2969"
"71,3760";"2,4389";"3,3298"
"71,3860";"2,4589";"3,3617"
"71,3960";"2,4787";"3,3916"
"71,4060";"2,4988";"3,4213"
"71,4160";"2,5195";"3,4522"
"71,4260";"2,5402";"3,4826"
"71,4360";"2,5605";"3,5136"
"71,4460";"2,5806";"3,5440"
"71,4560";"2,6008";"3,5754"
"71,4660";"2,6208";"3,6075"
"71,4760";"2,6409";"3,6397"
"71,4860";"2,6607";"3,6703"
"71,4960";"2,6805";"3,6986"
"71,5060";"2,7003";"3,7269"
"71,5160";"2,7202";"3,7578"
"71,5260";"2,7400";"3,7889"
"71,5360";"2,7600";"3,8189"
"71,5460";"2,7800";"3,8472"
"71,5560";"2,7997";"3,8777"
"71,5660";"2,8195";"3,9097"
"71,5760";"2,8391";"3,9392"
"71,5860";"2,8587";"3,9656"
"71,5960";"2,8788";"3,9944"
"71,6060";"2,8989";"4,0243"
"71,6160";"2,9189";"4,0543"
"71,6260";"2,9395";"4,0848"
"71,6360";"2,9599";"4,1163"
"71,6460";"2,9798";"4,1485"
"71,6560";"2,9997";"4,1794"
"71,6660";"3,0193";"4,2092"
"71,6760";"3,0389";"4,2382"
"71,6860";"3,0592";"4,2672"
"71,6960";"3,0796";"4,2970"
"71,7060";"3,0999";"4,3263"
"71,7160";"3,1204";"4,3560"
"71,7260";"3,1407";"4,3878"
"71,7360";"3,1608";"4,4189"
"71,7460";"3,1809";"4,4488"
"71,7560";"3,2006";"4,4790"
"71,7660";"3,2200";"4,5087"
"71,7760";"3,2396";"4,5372"
"71,7860";"3,2596";"4,5654"
"71,7960";"3,2797";"4,5944"
"71,8060";"3,2999";"4,6248"
"71,8160";"3,3201";"4,6551"
"71,8260";"3,3404";"4,6842"
"71,8360";"3,3605";"4,7134"
"71,8460";"3,3803";"4,7460"
"71,8560";"3,4000";"4,7798"
"71,8660";"3,4197";"4,8106"
"71,8760";"3,4394";"4,8397"
"71,8860";"3,4596";"4,8687"
"71,8960";"3,4799";"4,8996"
"71,9060";"3,5000";"4,9300"
"71,9160";"3,5199";"4,9602"
"71,9260";"3,5397";"4,9908"
"71,9360";"3,5596";"5,0215"
"71,9460";"3,5798";"5,0523"
"71,9560";"3,6001";"5,0822"
"71,9660";"3,6204";"5,1115"
"71,9760";"3,6408";"5,1418"
"71,9860";"3,6610";"5,1720"
"71,9960";"3,6810";"5,2026"
"72,0060";"3,7008";"5,2344"
"72,0160";"3,7206";"5,2665"
"72,0260";"3,7405";"5,2973"
"72,0360";"3,7604";"5,3260"
"72,0460";"3,7805";"5,3546"
"72,0560";"3,8004";"5,3825"
"72,0660";"3,8204";"5,4111"
"72,0760";"3,8402";"5,4413"
"72,0860";"3,8596";"5,4739"
"72,0960";"3,8793";"5,5095"
"72,1060";"3,8995";"5,5439"
"72,1160";"3,9199";"5,5745"
"72,1260";"3,9403";"5,6044"
"72,1360";"3,9606";"5,6338"
"72,1460";"3,9806";"5,6637"
"72,1560";"4,0008";"5,6934"
"72,1660";"4,0210";"5,7243"
"72,1760";"4,0409";"5,7561"
"72,1860";"4,0608";"5,7883"
"72,1960";"4,0804";"5,8197"
"72,2060";"4,1001";"5,8510"
"72,2160";"4,1201";"5,8826"
"72,2260";"4,1402";"5,9121"
"72,2360";"4,1603";"5,9398"
"72,2460";"4,1802";"5,9678"
"72,2560";"4,2004";"5,9997"
"72,2660";"4,2204";"6,0331"
"72,2760";"4,2403";"6,0653"
"72,2860";"4,2602";"6,0968"
"72,2960";"4,2797";"6,1297"
"72,3060";"4,2995";"6,1613"
"72,3160";"4,3195";"6,1905"
"72,3260";"4,3397";"6,2201"
"72,3360";"4,3599";"6,2512"
"72,3460";"4,3800";"6,2833"
"72,3560";"4,3999";"6,3146"
"72,3660";"4,4195";"6,3461"
"72,3760";"4,4394";"6,3807"
"72,3860";"4,4597";"6,4169"
"72,3960";"4,4799";"6,4494"
"72,4060";"4,4999";"6,4794"
"72,4160";"4,5199";"6,5092"
"72,4260";"4,5399";"6,5403"
"72,4360";"4,5601";"6,5709"
"72,4460";"4,5803";"6,6023"
"72,4560";"4,6002";"6,6367"
"72,4660";"4,6201";"6,6708"
"72,4760";"4,6402";"6,7028"
"72,4860";"4,6600";"6,7342"
"72,4960";"4,6798";"6,7668"
"72,5060";"4,6999";"6,8004"
"72,5160";"4,7197";"6,8325"
"72,5260";"4,7397";"6,8649"
"72,5360";"4,7598";"6,8986"
"72,5460";"4,7800";"6,9314"
"72,5560";"4,8000";"6,9626"
"72,5660";"4,8202";"6,9939"
"72,5760";"4,8400";"7,0257"
"72,5860";"4,8598";"7,0578"
"72,5960";"4,8797";"7,0895"
"72,6060";"4,9000";"7,1207"
"72,6160";"4,9197";"7,1543"
"72,6260";"4,9393";"7,1912"
"72,6360";"4,9592";"7,2261"
"72,6460";"4,9793";"7,2572"
"72,6560";"4,9998";"7,2889"
"72,6580";"5,0038";"7,2956"
"72,6600";"5,0078";"7,3023"
"72,6620";"5,0118";"7,3090"
"72,6720";"5,0262";"7,3378"
"72,6820";"5,0259";"7,3419"
"72,6920";"5,0187";"7,3336"
"72,7020";"5,0035";"7,3138"
"72,7120";"4,9806";"7,2780"
"72,7220";"4,9527";"7,2257"
"72,7320";"4,9221";"7,1569"
"72,7420";"4,8913";"7,0757"
"72,7520";"4,8614";"6,9849"
"72,7620";"4,8331";"6,8895"
"72,7720";"4,8064";"6,7954"
"72,7820";"4,7811";"6,7085"
"72,7920";"4,7568";"6,6253"
"72,8020";"4,7333";"6,5449"
"72,8120";"4,7107";"6,4684"
"72,8220";"4,6885";"6,3977"
"72,8320";"4,6670";"6,3331"
"72,8420";"4,6457";"6,2712"
"72,8520";"4,6247";"6,2123"
"72,8620";"4,6042";"6,1582"
"72,8720";"4,5833";"6,1051"
"72,8820";"4,5623";"6,0502"
"72,8920";"4,5414";"5,9972"
"72,9020";"4,5208";"5,9479"
"72,9120";"4,5004";"5,9004"
"72,9220";"4,4804";"5,8518"
"72,9320";"4,4605";"5,8017"
"72,9420";"4,4407";"5,7523"
"72,9520";"4,4207";"5,7060"
"72,9620";"4,4011";"5,6587"
"72,9720";"4,3812";"5,6114"
"72,9820";"4,3609";"5,5644"
"72,9920";"4,3404";"5,5180"
"73,0020";"4,3200";"5,4732"
"73,0120";"4,2996";"5,4299"
"73,0220";"4,2795";"5,3872"
"73,0320";"4,2594";"5,3434"
"73,0420";"4,2395";"5,2973"
"73,0520";"4,2197";"5,2541"
"73,0620";"4,1997";"5,2125"
"73,0720";"4,1798";"5,1719"
"73,0820";"4,1600";"5,1295"
"73,0920";"4,1401";"5,0864"
"73,1020";"4,1200";"5,0444"
"73,1120";"4,1002";"5,0055"
"73,1220";"4,0801";"4,9662"
"73,1320";"4,0600";"4,9241"
"73,1420";"4,0402";"4,8830"
"73,1520";"4,0205";"4,8454"
"73,1620";"4,0008";"4,8069"
"73,1720";"3,9813";"4,7665"
"73,1820";"3,9616";"4,7263"
"73,1920";"3,9416";"4,6877"
"73,2020";"3,9219";"4,6508"
"73,2120";"3,9021";"4,6131"
"73,2220";"3,8813";"4,5734"
"73,2320";"3,8605";"4,5353"
"73,2420";"3,8399";"4,4974"
"73,2520";"3,8193";"4,4586"
"73,2620";"3,7990";"4,4191"
"73,2720";"3,7793";"4,3831"
"73,2820";"3,7594";"4,3470"
"73,2920";"3,7394";"4,3087"
"73,3020";"3,7196";"4,2715"
"73,3120";"3,6995";"4,2364"
"73,3220";"3,6793";"4,2011"
"73,3320";"3,6595";"4,1645"
"73,3420";"3,6395";"4,1271"
"73,3520";"3,6196";"4,0912"
"73,3620";"3,5996";"4,0559"
"73,3720";"3,5798";"4,0204"
"73,3820";"3,5597";"3,9856"
"73,3920";"3,5400";"3,9529"
"73,4020";"3,5203";"3,9201"
"73,4120";"3,5003";"3,8842"
"73,4220";"3,4803";"3,8463"
"73,4320";"3,4601";"3,8116"
"73,4420";"3,4400";"3,7795"
"73,4520";"3,4201";"3,7471"
"73,4620";"3,4001";"3,7123"
"73,4720";"3,3800";"3,6772"
"73,4820";"3,3600";"3,6430"
"73,4920";"3,3401";"3,6087"
"73,5020";"3,3202";"3,5756"
"73,5120";"3,3001";"3,5420"
"73,5220";"3,2803";"3,5083"
"73,5320";"3,2602";"3,4753"
"73,5420";"3,2400";"3,4440"
"73,5520";"3,2198";"3,4140"
"73,5620";"3,1998";"3,3827"
"73,5720";"3,1797";"3,3488"
"73,5820";"3,1598";"3,3142"
"73,5920";"3,1399";"3,2815"
"73,6020";"3,1200";"3,2503"
"73,6120";"3,1003";"3,2185"
"73,6220";"3,0808";"3,1864"
"73,6320";"3,0608";"3,1556"
"73,6420";"3,0408";"3,1258"
"73,6520";"3,0206";"3,0942"
"73,6620";"3,0003";"3,0608"
"73,6720";"2,9801";"3,0296"
"73,6820";"2,9602";"3,0012"
"73,6920";"2,9401";"2,9713"
"73,7020";"2,9200";"2,9390"
"73,7120";"2,8999";"2,9075"
"73,7220";"2,8796";"2,8770"
"73,7320";"2,8597";"2,8464"
"73,7420";"2,8398";"2,8143"
"73,7520";"2,8200";"2,7825"
"73,7620";"2,8000";"2,7505"
"73,7720";"2,7800";"2,7173"
"73,7820";"2,7598";"2,6840"
"73,7920";"2,7396";"2,6539"
"73,8020";"2,7198";"2,6277"
"73,8120";"2,6998";"2,5994"
"73,8220";"2,6799";"2,5685"
"73,8320";"2,6603";"2,5381"
"73,8420";"2,6407";"2,5102"
"73,8520";"2,6208";"2,4809"
"73,8620";"2,6009";"2,4496"
"73,8720";"2,5806";"2,4196"
"73,8820";"2,5599";"2,3906"
"73,8920";"2,5396";"2,3608"
"73,9020";"2,5194";"2,3304"
"73,9120";"2,4994";"2,2992"
"73,9220";"2,4795";"2,2704"
"73,9320";"2,4597";"2,2413"
"73,9420";"2,4397";"2,2109"
"73,9520";"2,4197";"2,1814"
"73,9620";"2,3997";"2,1522"
"73,9720";"2,3795";"2,1223"
"73,9820";"2,3597";"2,0926"
"73,9920";"2,3397";"2,0638"
"74,0020";"2,3197";"2,0357"
"74,0120";"2,2996";"2,0068"
"74,0220";"2,2799";"1,9775"
"74,0320";"2,2601";"1,9480"
"74,0420";"2,2403";"1,9206"
"74,0520";"2,2209";"1,8931"
"74,0620";"2,2011";"1,8632"
"74,0720";"2,1812";"1,8334"
"74,0820";"2,1612";"1,8052"
"74,0920";"2,1412";"1,7774"
"74,1020";"2,1207";"1,7485"
"74,1120";"2,1004";"1,7179"
"74,1220";"2,0799";"1,6881"
"74,1320";"2,0595";"1,6594"
"74,1420";"2,0394";"1,6306"
"74,1520";"2,0195";"1,6019"
"74,1620";"1,9994";"1,5733"
"74,1720";"1,9796";"1,5458"
"74,1820";"1,9597";"1,5178"
"74,1920";"1,9395";"1,4874"
"74,2020";"1,9197";"1,4586"
"74,2120";"1,8999";"1,4312"
"74,2220";"1,8797";"1,4026"
"74,2320";"1,8597";"1,3735"
"74,2420";"1,8398";"1,3459"
"74,2520";"1,8196";"1,3180"
"74,2620";"1,7995";"1,2890"
"74,2720";"1,7797";"1,2598"
"74,2820";"1,7597";"1,2319"
"74,2920";"1,7399";"1,2050"
"74,3020";"1,7202";"1,1770"
"74,3120";"1,7001";"1,1469"
"74,3220";"1,6802";"1,1193"
"74,3320";"1,6602";"1,0943"
"74,3420";"1,6401";"1,0677"
"74,3520";"1,6201";"1,0355"
"74,3620";"1,6001";"1,0034"
"74,3720";"1,5801";"0,9745"
"74,3820";"1,5600";"0,9475"
"74,3920";"1,5400";"0,9208"
"74,4020";"1,5201";"0,8934"
"74,4120";"1,4998";"0,8648"
"74,4220";"1,4799";"0,8374"
"74,4320";"1,4599";"0,8107"
"74,4420";"1,4398";"0,7832"
"74,4520";"1,4199";"0,7546"
"74,4620";"1,3999";"0,7258"
"74,4720";"1,3797";"0,6963"
"74,4820";"1,3596";"0,6678"
"74,4920";"1,3398";"0,6416"
"74,5020";"1,3200";"0,6152"
"74,5120";"1,3003";"0,5860"
"74,5220";"1,2804";"0,5579"
"74,5320";"1,2602";"0,5301"
"74,5420";"1,2401";"0,5012"
"74,5520";"1,2201";"0,4712"
"74,5620";"1,2000";"0,4424"
"74,5720";"1,1801";"0,4160"
"74,5820";"1,1604";"0,3914"
"74,5920";"1,1405";"0,3643"
"74,6020";"1,1203";"0,3354"
"74,6120";"1,1003";"0,3085"
"74,6220";"1,0802";"0,2839"
"74,6320";"1,0601";"0,2573"
"74,6420";"1,0402";"0,2299"
"74,6520";"1,0201";"0,2047"
"74,6620";"1,0000";"0,1808"
"74,6720";"0,9800";"0,1567"
"74,6820";"0,9600";"0,1331"
"74,6920";"0,9401";"0,1095"
"74,7020";"0,9204";"0,0869"
"74,7120";"0,9006";"0,0646"
"74,7220";"0,8806";"0,0416"
"74,7320";"0,8606";"0,0217"
"74,7420";"0,8408";"0,0031"
"74,7520";"0,8204";"-0,0155"
"74,7620";"0,7998";"-0,0355"
"74,7720";"0,7796";"-0,0540"
"74,7820";"0,7593";"-0,0713"
"74,7920";"0,7393";"-0,0874"
"74,8020";"0,7194";"-0,1036"
"74,8120";"0,6995";"-0,1170"
"74,8220";"0,6794";"-0,1303"
"74,8320";"0,6597";"-0,1442"
"74,8420";"0,6399";"-0,1612"
"74,8520";"0,6199";"-0,1767"
"74,8620";"0,6002";"-0,1888"
"74,8720";"0,5802";"-0,2012"
"74,8820";"0,5599";"-0,2139"
"74,8920";"0,5400";"-0,2249"
"74,9020";"0,5200";"-0,2343"
"74,9120";"0,5000";"-0,2441"
"74,9220";"0,4800";"-0,2542"
"74,9320";"0,4603";"-0,2637"
"74,9420";"0,4402";"-0,2743"
"74,9520";"0,4200";"-0,2868"
"74,9620";"0,4000";"-0,3011"
"74,9720";"0,3798";"-0,3121"
"74,9820";"0,3596";"-0,3186"
"74,9920";"0,3399";"-0,3236"
"75,0020";"0,3199";"-0,3302"
"75,0120";"0,3000";"-0,3376"
"75,0220";"0,2803";"-0,3424"
"75,0320";"0,2604";"-0,3463"
"75,0420";"0,2402";"-0,3542"
"75,0520";"0,2203";"-0,3620"
"75,0620";"0,2005";"-0,3670"
"75,0720";"0,1802";"-0,3706"
"75,0820";"0,1602";"-0,3731"
"75,0920";"0,1404";"-0,3765"
"75,1020";"0,1203";"-0,3792"
"75,1120";"0,1005";"-0,3843"
"75,1220";"0,0806";"-0,3906"
"75,1320";"0,0607";"-0,3935"
"75,1420";"0,0407";"-0,3934"
"75,1520";"0,0210";"-0,3920"
"75,1620";"0,0009";"-0,3921"
"75,1640";"-0,0032";"-0,3924"
"75,1660";"-0,0072";"-0,3928"
"75,1680";"-0,0112";"-0,3932"
"75,1780";"-0,0256";"-0,3917"
"75,1880";"-0,0256";"-0,3682"
"75,1980";"-0,0189";"-0,3468"
"75,2080";"-0,0045";"-0,3366"
"75,2180";"0,0177";"-0,3303"
"75,2280";"0,0453";"-0,3295"
"75,2380";"0,0754";"-0,3350"
"75,2480";"0,1059";"-0,3435"
"75,2580";"0,1356";"-0,3506"
"75,2680";"0,1645";"-0,3530"
"75,2780";"0,1920";"-0,3492"
"75,2880";"0,2180";"-0,3389"
"75,2980";"0,2428";"-0,3202"
"75,3080";"0,2667";"-0,2966"
"75,3180";"0,2897";"-0,2706"
"75,3280";"0,3120";"-0,2459"
"75,3380";"0,3337";"-0,2195"
"75,3480";"0,3552";"-0,1907"
"75,3580";"0,3762";"-0,1638"
"75,3680";"0,3969";"-0,1396"
"75,3780";"0,4173";"-0,1171"
"75,3880";"0,4377";"-0,0936"
"75,3980";"0,4582";"-0,0708"
"75,4080";"0,4785";"-0,0488"
"75,4180";"0,4989";"-0,0258"
"75,4280";"0,5192";"0,0002"
"75,4380";"0,5395";"0,0276"
"75,4480";"0,5596";"0,0534"
"75,4580";"0,5797";"0,0781"
"75,4680";"0,5997";"0,1053"
"75,4780";"0,6198";"0,1352"
"75,4880";"0,6399";"0,1652"
"75,4980";"0,6598";"0,1962"
"75,5080";"0,6798";"0,2303"
"75,5180";"0,6997";"0,2682"
"75,5280";"0,7197";"0,3077"
"75,5380";"0,7396";"0,3476"
"75,5480";"0,7598";"0,3880"
"75,5580";"0,7798";"0,4260"
"75,5680";"0,7998";"0,4626"
"75,5780";"0,8198";"0,5007"
"75,5880";"0,8398";"0,5436"
"75,5980";"0,8597";"0,5872"
"75,6080";"0,8799";"0,6288"
"75,6180";"0,8998";"0,6672"
"75,6280";"0,9197";"0,7083"
"75,6380";"0,9397";"0,7511"
"75,6480";"0,9597";"0,7912"
"75,6580";"0,9797";"0,8278"
"75,6680";"0,9998";"0,8661"
"75,6780";"1,0199";"0,9077"
"75,6880";"1,0398";"0,9495"
"75,6980";"1,0600";"0,9898"
"75,7080";"1,0801";"1,0299"
"75,7180";"1,1000";"1,0711"
"75,7280";"1,1201";"1,1105"
"75,7380";"1,1402";"1,1490"
"75,7480";"1,1601";"1,1871"
"75,7580";"1,1801";"1,2254"
"75,7680";"1,2002";"1,2636"
"75,7780";"1,2200";"1,3018"
"75,7880";"1,2399";"1,3396"
"75,7980";"1,2599";"1,3784"
"75,8080";"1,2798";"1,4144"
"75,8180";"1,2997";"1,4485"
"75,8280";"1,3197";"1,4837"
"75,8380";"1,3398";"1,5200"
"75,8480";"1,3598";"1,5565"
"75,8580";"1,3797";"1,5923"
"75,8680";"1,3997";"1,6295"
"75,8780";"1,4196";"1,6687"
"75,8880";"1,4397";"1,7049"
"75,8980";"1,4599";"1,7390"
"75,9080";"1,4798";"1,7724"
"75,9180";"1,4999";"1,8075"
"75,9280";"1,5200";"1,8444"
"75,9380";"1,5399";"1,8784"
"75,9480";"1,5597";"1,9114"
"75,9580";"1,5799";"1,9468"
"75,9680";"1,5999";"1,9833"
"75,9780";"1,6198";"2,0187"
"75,9880";"1,6400";"2,0525"
"75,9980";"1,6599";"2,0861"
"76,0080";"1,6798";"2,1194"
"76,0180";"1,7000";"2,1522"
"76,0280";"1,7201";"2,1851"
"76,0380";"1,7400";"2,2187"
"76,0480";"1,7601";"2,2516"
"76,0580";"1,7800";"2,2835"
"76,0680";"1,7999";"2,3162"
"76,0780";"1,8198";"2,3498"
"76,0880";"1,8398";"2,3837"
"76,0980";"1,8594";"2,4145"
"76,1080";"1,8796";"2,4467"
"76,1180";"1,8996";"2,4808"
"76,1280";"1,9197";"2,5133"
"76,1380";"1,9399";"2,5438"
"76,1480";"1,9600";"2,5743"
"76,1580";"1,9800";"2,6071"
"76,1680";"2,0001";"2,6410"
"76,1780";"2,0200";"2,6728"
"76,1880";"2,0401";"2,7040"
"76,1980";"2,0602";"2,7386"
"76,2080";"2,0803";"2,7730"
"76,2180";"2,1001";"2,8035"
"76,2280";"2,1202";"2,8325"
"76,2380";"2,1403";"2,8633"
"76,2480";"2,1604";"2,8948"
"76,2580";"2,1804";"2,9256"
"76,2680";"2,2003";"2,9563"
"76,2780";"2,2202";"2,9880"
"76,2880";"2,2401";"3,0207"
"76,2980";"2,2602";"3,0534"
"76,3080";"2,2802";"3,0833"
"76,3180";"2,3002";"3,1124"
"76,3280";"2,3200";"3,1416"
"76,3380";"2,3400";"3,1705"
"76,3480";"2,3598";"3,2015"
"76,3580";"2,3798";"3,2339"
"76,3680";"2,3998";"3,2657"
"76,3780";"2,4197";"3,2956"
"76,3880";"2,4396";"3,3248"
"76,3980";"2,4596";"3,3549"
"76,4080";"2,4794";"3,3872"
"76,4180";"2,4992";"3,4170"
"76,4280";"2,5193";"3,4454"
"76,4380";"2,5390";"3,4753"
"76,4480";"2,5587";"3,5075"
"76,4580";"2,5788";"3,5397"
"76,4680";"2,5992";"3,5711"
"76,4780";"2,6200";"3,6020"
"76,4880";"2,6405";"3,6332"
"76,4980";"2,6607";"3,6625"
"76,5080";"2,6806";"3,6901"
"76,5180";"2,7005";"3,7189"
"76,5280";"2,7205";"3,7503"
"76,5380";"2,7403";"3,7829"
"76,5480";"2,7604";"3,8152"
"76,5580";"2,7803";"3,8460"
"76,5680";"2,8003";"3,8763"
"76,5780";"2,8202";"3,9043"
"76,5880";"2,8402";"3,9321"
"76,5980";"2,8600";"3,9603"
"76,6080";"2,8798";"3,9910"
"76,6180";"2,8994";"4,0216"
"76,6280";"2,9189";"4,0507"
"76,6380";"2,9385";"4,0800"
"76,6480";"2,9585";"4,1111"
"76,6580";"2,9784";"4,1423"
"76,6680";"2,9986";"4,1704"
"76,6780";"3,0192";"4,1987"
"76,6880";"3,0397";"4,2301"
"76,6980";"3,0602";"4,2630"
"76,7080";"3,0805";"4,2956"
"76,7180";"3,1005";"4,3262"
"76,7280";"3,1207";"4,3580"
"76,7380";"3,1406";"4,3899"
"76,7480";"3,1605";"4,4197"
"76,7580";"3,1801";"4,4458"
"76,7680";"3,1995";"4,4720"
"76,7780";"3,2194";"4,5012"
"76,7880";"3,2394";"4,5305"
"76,7980";"3,2597";"4,5616"
"76,8080";"3,2801";"4,5939"
"76,8180";"3,3002";"4,6254"
"76,8280";"3,3204";"4,6542"
"76,8380";"3,3404";"4,6838"
"76,8480";"3,3601";"4,7140"
"76,8580";"3,3798";"4,7446"
"76,8680";"3,3996";"4,7732"
"76,8780";"3,4192";"4,8015"
"76,8880";"3,4392";"4,8327"
"76,8980";"3,4599";"4,8661"
"76,9080";"3,4805";"4,8975"
"76,9180";"3,5007";"4,9267"
"76,9280";"3,5208";"4,9565"
"76,9380";"3,5407";"4,9871"
"76,9480";"3,5607";"5,0164"
"76,9580";"3,5807";"5,0469"
"76,9680";"3,6007";"5,0776"
"76,9780";"3,6205";"5,1080"
"76,9880";"3,6405";"5,1393"
"76,9980";"3,6604";"5,1689"
"77,0080";"3,6803";"5,1976"
"77,0180";"3,7003";"5,2275"
"77,0280";"3,7203";"5,2571"
"77,0380";"3,7401";"5,2869"
"77,0480";"3,7603";"5,3159"
"77,0580";"3,7801";"5,3455"
"77,0680";"3,7997";"5,3761"
"77,0780";"3,8193";"5,4084"
"77,0880";"3,8390";"5,4412"
"77,0980";"3,8585";"5,4719"
"77,1080";"3,8786";"5,5015"
"77,1180";"3,8993";"5,5315"
"77,1280";"3,9202";"5,5636"
"77,1380";"3,9409";"5,5969"
"77,1480";"3,9612";"5,6284"
"77,1580";"3,9812";"5,6582"
"77,1680";"4,0011";"5,6894"
"77,1780";"4,0212";"5,7232"
"77,1880";"4,0408";"5,7555"
"77,1980";"4,0606";"5,7855"
"77,2080";"4,0807";"5,8144"
"77,2180";"4,1004";"5,8449"
"77,2280";"4,1201";"5,8774"
"77,2380";"4,1402";"5,9079"
"77,2480";"4,1603";"5,9366"
"77,2580";"4,1803";"5,9661"
"77,2680";"4,2005";"5,9986"
"77,2780";"4,2204";"6,0295"
"77,2880";"4,2401";"6,0598"
"77,2980";"4,2597";"6,0911"
"77,3080";"4,2793";"6,1242"
"77,3180";"4,2990";"6,1564"
"77,3280";"4,3192";"6,1893"
"77,3380";"4,3397";"6,2221"
"77,3480";"4,3601";"6,2542"
"77,3580";"4,3806";"6,2848"
"77,3680";"4,4008";"6,3146"
"77,3780";"4,4206";"6,3437"
"77,3880";"4,4404";"6,3755"
"77,3980";"4,4603";"6,4076"
"77,4080";"4,4796";"6,4415"
"77,4180";"4,4993";"6,4760"
"77,4280";"4,5196";"6,5087"
"77,4380";"4,5398";"6,5375"
"77,4480";"4,5595";"6,5652"
"77,4580";"4,5794";"6,5972"
"77,4680";"4,5997";"6,6315"
"77,4780";"4,6199";"6,6638"
"77,4880";"4,6402";"6,6954"
"77,4980";"4,6604";"6,7284"
"77,5080";"4,6802";"6,7634"
"77,5180";"4,7000";"6,7977"
"77,5280";"4,7199";"6,8291"
"77,5380";"4,7396";"6,8585"
"77,5480";"4,7598";"6,8906"
"77,5580";"4,7801";"6,9232"
"77,5680";"4,8003";"6,9548"
"77,5780";"4,8203";"6,9892"
"77,5880";"4,8402";"7,0224"
"77,5980";"4,8599";"7,0564"
"77,6080";"4,8798";"7,0888"
"77,6180";"4,8997";"7,1218"
"77,6280";"4,9193";"7,1553"
"77,6380";"4,9394";"7,1884"
"77,6480";"4,9599";"7,2188"
"77,6580";"4,9798";"7,2482"
"77,6680";"4,9999";"7,2796"
"77,6700";"5,0038";"7,2861"
"77,6720";"5,0078";"7,2928"
"77,6740";"5,0117";"7,2998"
"77,6840";"5,0259";"7,3315"
"77,6940";"5,0256";"7,3383"
"77,7040";"5,0183";"7,3321"
"77,7140";"5,0033";"7,3128"
"77,7240";"4,9805";"7,2732"
"77,7340";"4,9525";"7,2179"
"77,7440";"4,9221";"7,1502"
"77,7540";"4,8914";"7,0714"
"77,7640";"4,8616";"6,9817"
"77,7740";"4,8335";"6,8870"
"77,7840";"4,8069";"6,7950"
"77,7940";"4,7818";"6,7078"
"77,8040";"4,7579";"6,6237"
"77,8140";"4,7344";"6,5403"
"77,8240";"4,7111";"6,4625"
"77,8340";"4,6882";"6,3934"
"77,8440";"4,6660";"6,3294"
"77,8540";"4,6444";"6,2691"
"77,8640";"4,6233";"6,2096"
"77,8740";"4,6026";"6,1536"
"77,8840";"4,5823";"6,0992"
"77,8940";"4,5620";"6,0456"
"77,9040";"4,5420";"5,9945"
"77,9140";"4,5216";"5,9459"
"77,9240";"4,5016";"5,8980"
"77,9340";"4,4816";"5,8479"
"77,9440";"4,4618";"5,7978"
"77,9540";"4,4414";"5,7501"
"77,9640";"4,4207";"5,7033"
"77,9740";"4,4002";"5,6555"
"77,9840";"4,3797";"5,6072"
"77,9940";"4,3596";"5,5613"
"78,0040";"4,3396";"5,5177"
"78,0140";"4,3195";"5,4724"
"78,0240";"4,2996";"5,4267"
"78,0340";"4,2796";"5,3815"
"78,0440";"4,2596";"5,3364"
"78,0540";"4,2397";"5,2928"
"78,0640";"4,2198";"5,2505"
"78,0740";"4,1998";"5,2086"
"78,0840";"4,1798";"5,1658"
"78,0940";"4,1600";"5,1225"
"78,1040";"4,1401";"5,0806"
"78,1140";"4,1201";"5,0411"
"78,1240";"4,1004";"5,0015"
"78,1340";"4,0808";"4,9607"
"78,1440";"4,0610";"4,9197"
"78,1540";"4,0414";"4,8799"
"78,1640";"4,0218";"4,8404"
"78,1740";"4,0021";"4,8021"
"78,1840";"3,9820";"4,7630"
"78,1940";"3,9614";"4,7255"
"78,2040";"3,9405";"4,6870"
"78,2140";"3,9199";"4,6456"
"78,2240";"3,8996";"4,6044"
"78,2340";"3,8793";"4,5669"
"78,2440";"3,8592";"4,5301"
"78,2540";"3,8394";"4,4914"
"78,2640";"3,8192";"4,4506"
"78,2740";"3,7993";"4,4121"
"78,2840";"3,7795";"4,3772"
"78,2940";"3,7595";"4,3419"
"78,3040";"3,7395";"4,3044"
"78,3140";"3,7197";"4,2671"
"78,3240";"3,6999";"4,2305"
"78,3340";"3,6798";"4,1950"
"78,3440";"3,6600";"4,1600"
"78,3540";"3,6400";"4,1261"
"78,3640";"3,6201";"4,0922"
"78,3740";"3,6003";"4,0558"
"78,3840";"3,5805";"4,0176"
"78,3940";"3,5602";"3,9805"
"78,4040";"3,5401";"3,9466"
"78,4140";"3,5199";"3,9127"
"78,4240";"3,4999";"3,8761"
"78,4340";"3,4798";"3,8412"
"78,4440";"3,4599";"3,8098"
"78,4540";"3,4399";"3,7775"
"78,4640";"3,4201";"3,7436"
"78,4740";"3,4002";"3,7094"
"78,4840";"3,3800";"3,6746"
"78,4940";"3,3599";"3,6386"
"78,5040";"3,3399";"3,6028"
"78,5140";"3,3198";"3,5691"
"78,5240";"3,2998";"3,5377"
"78,5340";"3,2798";"3,5064"
"78,5440";"3,2599";"3,4714"
"78,5540";"3,2399";"3,4370"
"78,5640";"3,2203";"3,4069"
"78,5740";"3,2007";"3,3768"
"78,5840";"3,1808";"3,3435"
"78,5940";"3,1608";"3,3096"
"78,6040";"3,1407";"3,2772"
"78,6140";"3,1203";"3,2445"
"78,6240";"3,1001";"3,2133"
"78,6340";"3,0802";"3,1827"
"78,6440";"3,0600";"3,1516"
"78,6540";"3,0402";"3,1208"
"78,6640";"3,0201";"3,0880"
"78,6740";"2,9999";"3,0541"
"78,6840";"2,9800";"3,0234"
"78,6940";"2,9601";"2,9942"
"78,7040";"2,9401";"2,9620"
"78,7140";"2,9200";"2,9291"
"78,7240";"2,8998";"2,8964"
"78,7340";"2,8796";"2,8649"
"78,7440";"2,8595";"2,8335"
"78,7540";"2,8397";"2,8025"
"78,7640";"2,8196";"2,7723"
"78,7740";"2,7996";"2,7430"
"78,7840";"2,7797";"2,7132"
"78,7940";"2,7599";"2,6827"
"78,8040";"2,7402";"2,6544"
"78,8140";"2,7205";"2,6271"
"78,8240";"2,7003";"2,5957"
"78,8340";"2,6800";"2,5615"
"78,8440";"2,6599";"2,5315"
"78,8540";"2,6398";"2,5034"
"78,8640";"2,6198";"2,4733"
"78,8740";"2,5999";"2,4424"
"78,8840";"2,5800";"2,4127"
"78,8940";"2,5598";"2,3826"
"78,9040";"2,5398";"2,3507"
"78,9140";"2,5198";"2,3197"
"78,9240";"2,4997";"2,2904"
"78,9340";"2,4799";"2,2633"
"78,9440";"2,4600";"2,2361"
"78,9540";"2,4400";"2,2071"
"78,9640";"2,4199";"2,1799"
"78,9740";"2,3998";"2,1517"
"78,9840";"2,3798";"2,1204"
"78,9940";"2,3598";"2,0888"
"79,0040";"2,3401";"2,0594"
"79,0140";"2,3203";"2,0302"
"79,0240";"2,3007";"2,0013"
"79,0340";"2,2811";"1,9733"
"79,0440";"2,2612";"1,9463"
"79,0540";"2,2412";"1,9183"
"79,0640";"2,2211";"1,8881"
"79,0740";"2,2006";"1,8550"
"79,0840";"2,1799";"1,8230"
"79,0940";"2,1596";"1,7953"
"79,1040";"2,1395";"1,7680"
"79,1140";"2,1195";"1,7394"
"79,1240";"2,0996";"1,7119"
"79,1340";"2,0797";"1,6859"
"79,1440";"2,0596";"1,6586"
"79,1540";"2,0396";"1,6286"
"79,1640";"2,0198";"1,5979"
"79,1740";"1,9997";"1,5682"
"79,1840";"1,9799";"1,5389"
"79,1940";"1,9600";"1,5090"
"79,2040";"1,9398";"1,4809"
"79,2140";"1,9199";"1,4549"
"79,2240";"1,9001";"1,4285"
"79,2340";"1,8799";"1,3988"
"79,2440";"1,8598";"1,3679"
"79,2540";"1,8400";"1,3380"
"79,2640";"1,8199";"1,3094"
"79,2740";"1,7998";"1,2811"
"79,2840";"1,7798";"1,2524"
"79,2940";"1,7597";"1,2255"
"79,3040";"1,7397";"1,1990"
"79,3140";"1,7200";"1,1722"
"79,3240";"1,6999";"1,1436"
"79,3340";"1,6799";"1,1139"
"79,3440";"1,6601";"1,0858"
"79,3540";"1,6401";"1,0572"
"79,3640";"1,6201";"1,0277"
"79,3740";"1,6001";"0,9999"
"79,3840";"1,5801";"0,9725"
"79,3940";"1,5599";"0,9438"
"79,4040";"1,5400";"0,9161"
"79,4140";"1,5200";"0,8897"
"79,4240";"1,4998";"0,8613"
"79,4340";"1,4799";"0,8310"
"79,4440";"1,4600";"0,8009"
"79,4540";"1,4398";"0,7723"
"79,4640";"1,4200";"0,7445"
"79,4740";"1,4001";"0,7170"
"79,4840";"1,3801";"0,6884"
"79,4940";"1,3600";"0,6614"
"79,5040";"1,3399";"0,6356"
"79,5140";"1,3197";"0,6068"
"79,5240";"1,2998";"0,5764"
"79,5340";"1,2801";"0,5481"
"79,5440";"1,2599";"0,5227"
"79,5540";"1,2398";"0,4957"
"79,5640";"1,2200";"0,4681"
"79,5740";"1,1999";"0,4400"
"79,5840";"1,1800";"0,4132"
"79,5940";"1,1602";"0,3861"
"79,6040";"1,1404";"0,3575"
"79,6140";"1,1202";"0,3291"
"79,6240";"1,1003";"0,3035"
"79,6340";"1,0802";"0,2782"
"79,6440";"1,0600";"0,2522"
"79,6540";"1,0402";"0,2288"
"79,6640";"1,0202";"0,2057"
"79,6740";"1,0002";"0,1797"
"79,6840";"0,9803";"0,1515"
"79,6940";"0,9607";"0,1272"
"79,7040";"0,9407";"0,1049"
"79,7140";"0,9206";"0,0826"
"79,7240";"0,9003";"0,0595"
"79,7340";"0,8799";"0,0372"
"79,7440";"0,8597";"0,0193"
"79,7540";"0,8398";"0,0014"
"79,7640";"0,8197";"-0,0192"
"79,7740";"0,7996";"-0,0395"
"79,7840";"0,7798";"-0,0572"
"79,7940";"0,7597";"-0,0738"
"79,8040";"0,7396";"-0,0916"
"79,8140";"0,7199";"-0,1098"
"79,8240";"0,6997";"-0,1257"
"79,8340";"0,6798";"-0,1399"
"79,8440";"0,6599";"-0,1518"
"79,8540";"0,6400";"-0,1644"
"79,8640";"0,6200";"-0,1769"
"79,8740";"0,6002";"-0,1894"
"79,8840";"0,5802";"-0,2023"
"79,8940";"0,5601";"-0,2160"
"79,9040";"0,5401";"-0,2284"
"79,9140";"0,5203";"-0,2397"
"79,9240";"0,5001";"-0,2514"
"79,9340";"0,4800";"-0,2617"
"79,9440";"0,4601";"-0,2695"
"79,9540";"0,4398";"-0,2788"
"79,9640";"0,4197";"-0,2904"
"79,9740";"0,3997";"-0,3002"
"79,9840";"0,3797";"-0,3083"
"79,9940";"0,3597";"-0,3158"
"80,0040";"0,3400";"-0,3242"
"80,0140";"0,3200";"-0,3330"
"80,0240";"0,3001";"-0,3412"
"80,0340";"0,2804";"-0,3471"
"80,0440";"0,2604";"-0,3539"
"80,0540";"0,2404";"-0,3616"
"80,0640";"0,2204";"-0,3658"
"80,0740";"0,2005";"-0,3678"
"80,0840";"0,1802";"-0,3727"
"80,0940";"0,1603";"-0,3776"
"80,1040";"0,1405";"-0,3798"
"80,1140";"0,1205";"-0,3814"
"80,1240";"0,1007";"-0,3834"
"80,1340";"0,0809";"-0,3867"
"80,1440";"0,0607";"-0,3904"
"80,1540";"0,0405";"-0,3916"
"80,1640";"0,0205";"-0,3916"
"80,1740";"0,0004";"-0,3929"
"80,1760";"-0,0037";"-0,3933"
"80,1780";"-0,0077";"-0,3936"
"80,1800";"-0,0117";"-0,3938"
"80,1900";"-0,0259";"-0,3904"
"80,2000";"-0,0256";"-0,3657"
"80,2100";"-0,0188";"-0,3443"
"80,2200";"-0,0044";"-0,3333"
"80,2300";"0,0179";"-0,3264"
"80,2400";"0,0456";"-0,3265"
"80,2500";"0,0757";"-0,3359"
"80,2600";"0,1060";"-0,3467"
"80,2700";"0,1359";"-0,3538"
"80,2800";"0,1646";"-0,3538"
"80,2900";"0,1921";"-0,3477"
"80,3000";"0,2180";"-0,3372"
"80,3100";"0,2430";"-0,3178"
"80,3200";"0,2667";"-0,2939"
"80,3300";"0,2897";"-0,2690"
"80,3400";"0,3121";"-0,2443"
"80,3500";"0,3339";"-0,2189"
"80,3600";"0,3552";"-0,1932"
"80,3700";"0,3764";"-0,1696"
"80,3800";"0,3970";"-0,1471"
"80,3900";"0,4176";"-0,1233"
"80,4000";"0,4379";"-0,0993"
"80,4100";"0,4582";"-0,0771"
"80,4200";"0,4785";"-0,0553"
"80,4300";"0,4989";"-0,0312"
"80,4400";"0,5192";"-0,0061"
"80,4500";"0,5395";"0,0184"
"80,4600";"0,5596";"0,0434"
"80,4700";"0,5797";"0,0716"
"80,4800";"0,5997";"0,1003"
"80,4900";"0,6198";"0,1296"
"80,5000";"0,6397";"0,1597"
"80,5100";"0,6598";"0,1925"
"80,5200";"0,6798";"0,2282"
"80,5300";"0,6998";"0,2623"
"80,5400";"0,7197";"0,2959"
"80,5500";"0,7396";"0,3341"
"80,5600";"0,7597";"0,3761"
"80,5700";"0,7798";"0,4179"
"80,5800";"0,7997";"0,4558"
"80,5900";"0,8197";"0,4955"
"80,6000";"0,8397";"0,5369"
"80,6100";"0,8597";"0,5784"
"80,6200";"0,8799";"0,6181"
"80,6300";"0,8999";"0,6571"
"80,6400";"0,9198";"0,6978"
"80,6500";"0,9397";"0,7394"
"80,6600";"0,9598";"0,7800"
"80,6700";"0,9797";"0,8206"
"80,6800";"0,9998";"0,8639"
"80,6900";"1,0199";"0,9062"
"80,7000";"1,0398";"0,9452"
"80,7100";"1,0599";"0,9839"
"80,7200";"1,0800";"1,0227"
"80,7300";"1,0999";"1,0627"
"80,7400";"1,1201";"1,1028"
"80,7500";"1,1402";"1,1410"
"80,7600";"1,1600";"1,1802"
"80,7700";"1,1802";"1,2198"
"80,7800";"1,2002";"1,2581"
"80,7900";"1,2201";"1,2949"
"80,8000";"1,2399";"1,3320"
"80,8100";"1,2599";"1,3701"
"80,8200";"1,2797";"1,4065"
"80,8300";"1,2997";"1,4422"
"80,8400";"1,3197";"1,4797"
"80,8500";"1,3399";"1,5178"
"80,8600";"1,3599";"1,5530"
"80,8700";"1,3798";"1,5864"
"80,8800";"1,3999";"1,6207"
"80,8900";"1,4197";"1,6575"
"80,9000";"1,4398";"1,6951"
"80,9100";"1,4599";"1,7324"
"80,9200";"1,4799";"1,7688"
"80,9300";"1,4999";"1,8055"
"80,9400";"1,5200";"1,8408"
"80,9500";"1,5399";"1,8744"
"80,9600";"1,5599";"1,9079"
"80,9700";"1,5799";"1,9415"
"80,9800";"1,6000";"1,9750"
"80,9900";"1,6200";"2,0093"
"81,0000";"1,6401";"2,0451"
"81,0100";"1,6600";"2,0797"
"81,0200";"1,6797";"2,1121"
"81,0300";"1,6998";"2,1453"
"81,0400";"1,7197";"2,1796"
"81,0500";"1,7399";"2,2121"
"81,0600";"1,7600";"2,2435"
"81,0700";"1,7799";"2,2735"
"81,0800";"1,7999";"2,3064"
"81,0900";"1,8198";"2,3410"
"81,1000";"1,8398";"2,3747"
"81,1100";"1,8596";"2,4059"
"81,1200";"1,8797";"2,4394"
"81,1300";"1,8997";"2,4748"
"81,1400";"1,9198";"2,5079"
"81,1500";"1,9400";"2,5387"
"81,1600";"1,9601";"2,5707"
"81,1700";"1,9800";"2,6036"
"81,1800";"2,0001";"2,6361"
"81,1900";"2,0200";"2,6666"
"81,2000";"2,0400";"2,6971"
"81,2100";"2,0597";"2,7284"
"81,2200";"2,0794";"2,7602"
"81,2300";"2,0991";"2,7907"
"81,2400";"2,1190";"2,8222"
"81,2500";"2,1393";"2,8554"
"81,2600";"2,1597";"2,8879"
"81,2700";"2,1801";"2,9192"
"81,2800";"2,2004";"2,9510"
"81,2900";"2,2205";"2,9838"
"81,3000";"2,2405";"3,0138"
"81,3100";"2,2605";"3,0438"
"81,3200";"2,2805";"3,0737"
"81,3300";"2,3003";"3,1056"
"81,3400";"2,3203";"3,1368"
"81,3500";"2,3402";"3,1666"
"81,3600";"2,3600";"3,1961"
"81,3700";"2,3800";"3,2276"
"81,3800";"2,4001";"3,2603"
"81,3900";"2,4200";"3,2905"
"81,4000";"2,4400";"3,3205"
"81,4100";"2,4600";"3,3519"
"81,4200";"2,4798";"3,3836"
"81,4300";"2,4992";"3,4133"
"81,4400";"2,5188";"3,4425"
"81,4500";"2,5384";"3,4731"
"81,4600";"2,5579";"3,5023"
"81,4700";"2,5777";"3,5294"
"81,4800";"2,5982";"3,5581"
"81,4900";"2,6188";"3,5896"
"81,5000";"2,6396";"3,6231"
"81,5100";"2,6604";"3,6557"
"81,5200";"2,6809";"3,6856"
"81,5300";"2,7012";"3,7142"
"81,5400";"2,7209";"3,7433"
"81,5500";"2,7408";"3,7732"
"81,5600";"2,7607";"3,8021"
"81,5700";"2,7807";"3,8323"
"81,5800";"2,8005";"3,8638"
"81,5900";"2,8205";"3,8944"
"81,6000";"2,8405";"3,9237"
"81,6100";"2,8604";"3,9531"
"81,6200";"2,8803";"3,9843"
"81,6300";"2,9003";"4,0150"
"81,6400";"2,9200";"4,0441"
"81,6500";"2,9396";"4,0740"
"81,6600";"2,9592";"4,1053"
"81,6700";"2,9788";"4,1365"
"81,6800";"2,9983";"4,1654"
"81,6900";"3,0182";"4,1956"
"81,7000";"3,0385";"4,2270"
"81,7100";"3,0592";"4,2583"
"81,7200";"3,0802";"4,2881"
"81,7300";"3,1007";"4,3188"
"81,7400";"3,1210";"4,3511"
"81,7500";"3,1407";"4,3811"
"81,7600";"3,1602";"4,4093"
"81,7700";"3,1798";"4,4380"
"81,7800";"3,2000";"4,4685"
"81,7900";"3,2202";"4,4978"
"81,8000";"3,2403";"4,5262"
"81,8100";"3,2605";"4,5558"
"81,8200";"3,2804";"4,5875"
"81,8300";"3,3005";"4,6185"
"81,8400";"3,3205";"4,6474"
"81,8500";"3,3405";"4,6764"
"81,8600";"3,3602";"4,7069"
"81,8700";"3,3798";"4,7372"
"81,8800";"3,3994";"4,7656"
"81,8900";"3,4189";"4,7952"
"81,9000";"3,4385";"4,8265"
"81,9100";"3,4588";"4,8578"
"81,9200";"3,4793";"4,8884"
"81,9300";"3,4999";"4,9170"
"81,9400";"3,5203";"4,9464"
"81,9500";"3,5407";"4,9774"
"81,9600";"3,5610";"5,0077"
"81,9700";"3,5810";"5,0396"
"81,9800";"3,6009";"5,0735"
"81,9900";"3,6208";"5,1046"
"82,0000";"3,6407";"5,1331"
"82,0100";"3,6607";"5,1618"
"82,0200";"3,6805";"5,1921"
"82,0300";"3,7005";"5,2240"
"82,0400";"3,7204";"5,2539"
"82,0500";"3,7404";"5,2826"
"82,0600";"3,7604";"5,3138"
"82,0700";"3,7804";"5,3450"
"82,0800";"3,8002";"5,3750"
"82,0900";"3,8202";"5,4047"
"82,1000";"3,8398";"5,4355"
"82,1100";"3,8592";"5,4663"
"82,1200";"3,8786";"5,4962"
"82,1300";"3,8987";"5,5264"
"82,1400";"3,9192";"5,5589"
"82,1500";"3,9399";"5,5908"
"82,1600";"3,9605";"5,6223"
"82,1700";"3,9810";"5,6513"
"82,1800";"4,0009";"5,6813"
"82,1900";"4,0207";"5,7151"
"82,2000";"4,0407";"5,7488"
"82,2100";"4,0606";"5,7800"
"82,2200";"4,0808";"5,8114"
"82,2300";"4,1008";"5,8416"
"82,2400";"4,1208";"5,8714"
"82,2500";"4,1408";"5,9003"
"82,2600";"4,1607";"5,9295"
"82,2700";"4,1806";"5,9601"
"82,2800";"4,2005";"5,9920"
"82,2900";"4,2204";"6,0247"
"82,3000";"4,2400";"6,0588"
"82,3100";"4,2593";"6,0914"
"82,3200";"4,2788";"6,1210"
"82,3300";"4,2984";"6,1481"
"82,3400";"4,3187";"6,1780"
"82,3500";"4,3391";"6,2109"
"82,3600";"4,3596";"6,2434"
"82,3700";"4,3800";"6,2754"
"82,3800";"4,4005";"6,3078"
"82,3900";"4,4206";"6,3411"
"82,4000";"4,4403";"6,3748"
"82,4100";"4,4603";"6,4052"
"82,4200";"4,4802";"6,4355"
"82,4300";"4,5003";"6,4680"
"82,4400";"4,5205";"6,5011"
"82,4500";"4,5404";"6,5335"
"82,4600";"4,5605";"6,5655"
"82,4700";"4,5804";"6,5997"
"82,4800";"4,6004";"6,6332"
"82,4900";"4,6203";"6,6636"
"82,5000";"4,6404";"6,6939"
"82,5100";"4,6601";"6,7239"
"82,5200";"4,6795";"6,7544"
"82,5300";"4,6988";"6,7865"
"82,5400";"4,7183";"6,8191"
"82,5500";"4,7380";"6,8523"
"82,5600";"4,7585";"6,8862"
"82,5700";"4,7794";"6,9182"
"82,5800";"4,7999";"6,9494"
"82,5900";"4,8204";"6,9816"
"82,6000";"4,8406";"7,0150"
"82,6100";"4,8601";"7,0458"
"82,6200";"4,8797";"7,0773"
"82,6300";"4,8997";"7,1139"
"82,6400";"4,9197";"7,1522"
"82,6500";"4,9400";"7,1857"
"82,6600";"4,9602";"7,2151"
"82,6700";"4,9802";"7,2454"
"82,6800";"5,0002";"7,2789"
"82,6820";"5,0043";"7,2857"
"82,6840";"5,0082";"7,2924"
"82,6940";"5,0224";"7,3208"
"82,7040";"5,0221";"7,3243"
"82,7140";"5,0148";"7,3182"
"82,7240";"4,9995";"7,3022"
"82,7340";"4,9765";"7,2672"
"82,7440";"4,9484";"7,2133"
"82,7540";"4,9180";"7,1429"
"82,7640";"4,8873";"7,0597"
"82,7740";"4,8575";"6,9687"
"82,7840";"4,8292";"6,8750"
"82,7940";"4,8025";"6,7815"
"82,8040";"4,7770";"6,6930"
"82,8140";"4,7527";"6,6073"
"82,8240";"4,7292";"6,5267"
"82,8340";"4,7063";"6,4529"
"82,8440";"4,6840";"6,3842"
"82,8540";"4,6621";"6,3190"
"82,8640";"4,6408";"6,2544"
"82,8740";"4,6197";"6,1947"
"82,8840";"4,5993";"6,1412"
"82,8940";"4,5791";"6,0902"
"82,9040";"4,5595";"6,0387"
"82,9140";"4,5396";"5,9888"
"82,9240";"4,5189";"5,9392"
"82,9340";"4,4983";"5,8872"
"82,9440";"4,4774";"5,8354"
"82,9540";"4,4566";"5,7867"
"82,9640";"4,4359";"5,7389"
"82,9740";"4,4156";"5,6906"
"82,9840";"4,3954";"5,6428"
"82,9940";"4,3754";"5,5981"
"83,0040";"4,3555";"5,5549"
"83,0140";"4,3356";"5,5087"
"83,0240";"4,3155";"5,4580"
"83,0340";"4,2956";"5,4100"
"83,0440";"4,2756";"5,3668"
"83,0540";"4,2557";"5,3236"
"83,0640";"4,2358";"5,2805"
"83,0740";"4,2160";"5,2398"
"83,0840";"4,1959";"5,2011"
"83,0940";"4,1762";"5,1610"
"83,1040";"4,1567";"5,1178"
"83,1140";"4,1371";"5,0747"
"83,1240";"4,1174";"5,0337"
"83,1340";"4,0979";"4,9950"
"83,1440";"4,0782";"4,9541"
"83,1540";"4,0579";"4,9114"
"83,1640";"4,0373";"4,8705"
"83,1740";"4,0165";"4,8307"
"83,1840";"3,9957";"4,7913"
"83,1940";"3,9755";"4,7518"
"83,2040";"3,9553";"4,7115"
"83,2140";"3,9351";"4,6705"
"83,2240";"3,9153";"4,6310"
"83,2340";"3,8956";"4,5918"
"83,2440";"3,8755";"4,5537"
"83,2540";"3,8557";"4,5165"
"83,2640";"3,8357";"4,4783"
"83,2740";"3,8156";"4,4407"
"83,2840";"3,7957";"4,4054"
"83,2940";"3,7758";"4,3687"
"83,3040";"3,7557";"4,3302"
"83,3140";"3,7356";"4,2908"
"83,3240";"3,7158";"4,2546"
"83,3340";"3,6958";"4,2189"
"83,3440";"3,6762";"4,1830"
"83,3540";"3,6567";"4,1489"
"83,3640";"3,6366";"4,1156"
"83,3740";"3,6163";"4,0813"
"83,3840";"3,5961";"4,0441"
"83,3940";"3,5759";"4,0066"
"83,4040";"3,5557";"3,9713"
"83,4140";"3,5358";"3,9378"
"83,4240";"3,5158";"3,9033"
"83,4340";"3,4956";"3,8671"
"83,4440";"3,4758";"3,8338"
"83,4540";"3,4558";"3,8014"
"83,4640";"3,4359";"3,7671"
"83,4740";"3,4161";"3,7324"
"83,4840";"3,3962";"3,6977"
"83,4940";"3,3760";"3,6629"
"83,5040";"3,3560";"3,6276"
"83,5140";"3,3360";"3,5936"
"83,5240";"3,3159";"3,5600"
"83,5340";"3,2961";"3,5270"
"83,5440";"3,2763";"3,4928"
"83,5540";"3,2563";"3,4592"
"83,5640";"3,2365";"3,4283"
"83,5740";"3,2167";"3,3984"
"83,5840";"3,1968";"3,3660"
"83,5940";"3,1769";"3,3326"
"83,6040";"3,1568";"3,3003"
"83,6140";"3,1364";"3,2685"
"83,6240";"3,1160";"3,2341"
"83,6340";"3,0959";"3,1990"
"83,6440";"3,0757";"3,1672"
"83,6540";"3,0556";"3,1378"
"83,6640";"3,0358";"3,1075"
"83,6740";"3,0158";"3,0762"
"83,6840";"2,9958";"3,0448"
"83,6940";"2,9761";"3,0150"
"83,7040";"2,9562";"2,9846"
"83,7140";"2,9360";"2,9501"
"83,7240";"2,9161";"2,9167"
"83,7340";"2,8960";"2,8866"
"83,7440";"2,8757";"2,8572"
"83,7540";"2,8558";"2,8280"
"83,7640";"2,8359";"2,7977"
"83,7740";"2,8161";"2,7663"
"83,7840";"2,7963";"2,7361"
"83,7940";"2,7763";"2,7054"
"83,8040";"2,7559";"2,6733"
"83,8140";"2,7358";"2,6427"
"83,8240";"2,7159";"2,6121"
"83,8340";"2,6956";"2,5809"
"83,8440";"2,6755";"2,5521"
"83,8540";"2,6557";"2,5235"
"83,8640";"2,6356";"2,4931"
"83,8740";"2,6158";"2,4613"
"83,8840";"2,5960";"2,4320"
"83,8940";"2,5761";"2,4021"
"83,9040";"2,5559";"2,3708"
"83,9140";"2,5360";"2,3412"
"83,9240";"2,5159";"2,3119"
"83,9340";"2,4958";"2,2832"
"83,9440";"2,4760";"2,2564"
"83,9540";"2,4560";"2,2267"
"83,9640";"2,4360";"2,1957"
"83,9740";"2,4162";"2,1652"
"83,9840";"2,3964";"2,1350"
"83,9940";"2,3765";"2,1054"
"84,0040";"2,3567";"2,0771"
"84,0140";"2,3369";"2,0512"
"84,0240";"2,3166";"2,0243"
"84,0340";"2,2962";"1,9946"
"84,0440";"2,2759";"1,9632"
"84,0540";"2,2557";"1,9315"
"84,0640";"2,2356";"1,9014"
"84,0740";"2,2158";"1,8730"
"84,0840";"2,1956";"1,8440"
"84,0940";"2,1755";"1,8155"
"84,1040";"2,1558";"1,7875"
"84,1140";"2,1359";"1,7583"
"84,1240";"2,1159";"1,7290"
"84,1340";"2,0961";"1,7017"
"84,1440";"2,0761";"1,6747"
"84,1540";"2,0559";"1,6462"
"84,1640";"2,0361";"1,6175"
"84,1740";"2,0160";"1,5890"
"84,1840";"1,9958";"1,5604"
"84,1940";"1,9760";"1,5307"
"84,2040";"1,9561";"1,5017"
"84,2140";"1,9360";"1,4723"
"84,2240";"1,9163";"1,4435"
"84,2340";"1,8964";"1,4146"
"84,2440";"1,8763";"1,3854"
"84,2540";"1,8561";"1,3575"
"84,2640";"1,8359";"1,3303"
"84,2740";"1,8156";"1,3029"
"84,2840";"1,7956";"1,2749"
"84,2940";"1,7757";"1,2465"
"84,3040";"1,7556";"1,2183"
"84,3140";"1,7358";"1,1897"
"84,3240";"1,7161";"1,1606"
"84,3340";"1,6960";"1,1309"
"84,3440";"1,6759";"1,1034"
"84,3540";"1,6562";"1,0766"
"84,3640";"1,6361";"1,0480"
"84,3740";"1,6161";"1,0196"
"84,3840";"1,5962";"0,9913"
"84,3940";"1,5762";"0,9622"
"84,4040";"1,5560";"0,9323"
"84,4140";"1,5361";"0,9028"
"84,4240";"1,5161";"0,8761"
"84,4340";"1,4960";"0,8506"
"84,4440";"1,4762";"0,8245"
"84,4540";"1,4562";"0,7954"
"84,4640";"1,4360";"0,7649"
"84,4740";"1,4160";"0,7361"
"84,4840";"1,3959";"0,7074"
"84,4940";"1,3757";"0,6776"
"84,5040";"1,3557";"0,6497"
"84,5140";"1,3358";"0,6216"
"84,5240";"1,3158";"0,5932"
"84,5340";"1,2960";"0,5665"
"84,5440";"1,2762";"0,5395"
"84,5540";"1,2561";"0,5114"
"84,5640";"1,2360";"0,4810"
"84,5740";"1,2161";"0,4514"
"84,5840";"1,1960";"0,4237"
"84,5940";"1,1762";"0,3984"
"84,6040";"1,1565";"0,3739"
"84,6140";"1,1365";"0,3483"
"84,6240";"1,1165";"0,3218"
"84,6340";"1,0965";"0,2960"
"84,6440";"1,0767";"0,2701"
"84,6540";"1,0566";"0,2437"
"84,6640";"1,0369";"0,2176"
"84,6740";"1,0168";"0,1914"
"84,6840";"0,9964";"0,1648"
"84,6940";"0,9761";"0,1394"
"84,7040";"0,9558";"0,1162"
"84,7140";"0,9355";"0,0945"
"84,7240";"0,9155";"0,0736"
"84,7340";"0,8956";"0,0516"
"84,7440";"0,8754";"0,0286"
"84,7540";"0,8558";"0,0083"
"84,7640";"0,8360";"-0,0114"
"84,7740";"0,8158";"-0,0307"
"84,7840";"0,7957";"-0,0482"
"84,7940";"0,7759";"-0,0630"
"84,8040";"0,7557";"-0,0784"
"84,8140";"0,7357";"-0,0959"
"84,8240";"0,7159";"-0,1119"
"84,8340";"0,6958";"-0,1262"
"84,8440";"0,6757";"-0,1399"
"84,8540";"0,6559";"-0,1548"
"84,8640";"0,6361";"-0,1703"
"84,8740";"0,6162";"-0,1844"
"84,8840";"0,5965";"-0,1959"
"84,8940";"0,5765";"-0,2079"
"84,9040";"0,5562";"-0,2204"
"84,9140";"0,5360";"-0,2324"
"84,9240";"0,5159";"-0,2436"
"84,9340";"0,4957";"-0,2541"
"84,9440";"0,4759";"-0,2644"
"84,9540";"0,4559";"-0,2744"
"84,9640";"0,4356";"-0,2860"
"84,9740";"0,4157";"-0,2977"
"84,9840";"0,3957";"-0,3068"
"84,9940";"0,3755";"-0,3136"
"85,0040";"0,3557";"-0,3197"
"85,0140";"0,3360";"-0,3268"
"85,0240";"0,3160";"-0,3346"
"85,0340";"0,2962";"-0,3408"
"85,0440";"0,2765";"-0,3461"
"85,0540";"0,2565";"-0,3531"
"85,0640";"0,2365";"-0,3614"
"85,0740";"0,2166";"-0,3669"
"85,0840";"0,1967";"-0,3696"
"85,0940";"0,1765";"-0,3734"
"85,1040";"0,1565";"-0,3765"
"85,1140";"0,1365";"-0,3799"
"85,1240";"0,1163";"-0,3825"
"85,1340";"0,0963";"-0,3851"
"85,1440";"0,0764";"-0,3884"
"85,1540";"0,0563";"-0,3923"
"85,1640";"0,0364";"-0,3929"
"85,1740";"0,0165";"-0,3941"
"85,1840";"-0,0035";"-0,3954"
"85,1860";"-0,0076";"-0,3954"
"85,1880";"-0,0115";"-0,3952"
"85,1980";"-0,0257";"-0,3909"
"85,2080";"-0,0256";"-0,3659"
"85,2180";"-0,0189";"-0,3445"
"85,2280";"-0,0045";"-0,3327"
"85,2380";"0,0178";"-0,3259"
"85,2480";"0,0455";"-0,3269"
"85,2580";"0,0756";"-0,3355"
"85,2680";"0,1060";"-0,3459"
"85,2780";"0,1359";"-0,3533"
"85,2880";"0,1645";"-0,3544"
"85,2980";"0,1920";"-0,3511"
"85,3080";"0,2179";"-0,3410"
"85,3180";"0,2428";"-0,3231"
"85,3280";"0,2666";"-0,3020"
"85,3380";"0,2897";"-0,2783"
"85,3480";"0,3120";"-0,2544"
"85,3580";"0,3339";"-0,2274"
"85,3680";"0,3553";"-0,1986"
"85,3780";"0,3764";"-0,1716"
"85,3880";"0,3970";"-0,1475"
"85,3980";"0,4176";"-0,1250"
"85,4080";"0,4379";"-0,1018"
"85,4180";"0,4582";"-0,0795"
"85,4280";"0,4786";"-0,0574"
"85,4380";"0,4990";"-0,0342"
"85,4480";"0,5193";"-0,0080"
"85,4580";"0,5395";"0,0182"
"85,4680";"0,5597";"0,0431"
"85,4780";"0,5797";"0,0686"
"85,4880";"0,5997";"0,0966"
"85,4980";"0,6198";"0,1252"
"85,5080";"0,6399";"0,1541"
"85,5180";"0,6598";"0,1844"
"85,5280";"0,6799";"0,2166"
"85,5380";"0,6998";"0,2517"
"85,5480";"0,7197";"0,2890"
"85,5580";"0,7397";"0,3301"
"85,5680";"0,7598";"0,3722"
"85,5780";"0,7798";"0,4125"
"85,5880";"0,7997";"0,4500"
"85,5980";"0,8198";"0,4886"
"85,6080";"0,8397";"0,5287"
"85,6180";"0,8597";"0,5706"
"85,6280";"0,8799";"0,6124"
"85,6380";"0,8998";"0,6536"
"85,6480";"0,9195";"0,6948"
"85,6580";"0,9395";"0,7346"
"85,6680";"0,9596";"0,7741"
"85,6780";"0,9796";"0,8137"
"85,6880";"0,9998";"0,8555"
"85,6980";"1,0199";"0,8972"
"85,7080";"1,0398";"0,9374"
"85,7180";"1,0600";"0,9774"
"85,7280";"1,0801";"1,0186"
"85,7380";"1,1000";"1,0583"
"85,7480";"1,1202";"1,0964"
"85,7580";"1,1403";"1,1343"
"85,7680";"1,1602";"1,1729"
"85,7780";"1,1802";"1,2115"
"85,7880";"1,2002";"1,2505"
"85,7980";"1,2201";"1,2879"
"85,8080";"1,2399";"1,3246"
"85,8180";"1,2599";"1,3615"
"85,8280";"1,2797";"1,3971"
"85,8380";"1,2996";"1,4344"
"85,8480";"1,3196";"1,4740"
"85,8580";"1,3398";"1,5119"
"85,8680";"1,3596";"1,5466"
"85,8780";"1,3796";"1,5811"
"85,8880";"1,3995";"1,6191"
"85,8980";"1,4195";"1,6570"
"85,9080";"1,4397";"1,6913"
"85,9180";"1,4599";"1,7260"
"85,9280";"1,4798";"1,7617"
"85,9380";"1,4999";"1,7972"
"85,9480";"1,5200";"1,8324"
"85,9580";"1,5398";"1,8663"
"85,9680";"1,5599";"1,9017"
"85,9780";"1,5799";"1,9377"
"85,9880";"1,6000";"1,9712"
"85,9980";"1,6201";"2,0044"
"86,0080";"1,6403";"2,0390"
"86,0180";"1,6601";"2,0738"
"86,0280";"1,6800";"2,1063"
"86,0380";"1,7001";"2,1382"
"86,0480";"1,7201";"2,1719"
"86,0580";"1,7399";"2,2055"
"86,0680";"1,7600";"2,2394"
"86,0780";"1,7798";"2,2725"
"86,0880";"1,7998";"2,3056"
"86,0980";"1,8198";"2,3392"
"86,1080";"1,8398";"2,3717"
"86,1180";"1,8596";"2,4030"
"86,1280";"1,8797";"2,4360"
"86,1380";"1,8996";"2,4693"
"86,1480";"1,9198";"2,5022"
"86,1580";"1,9399";"2,5327"
"86,1680";"1,9601";"2,5635"
"86,1780";"1,9800";"2,5958"
"86,1880";"2,0002";"2,6287"
"86,1980";"2,0202";"2,6603"
"86,2080";"2,0401";"2,6926"
"86,2180";"2,0602";"2,7258"
"86,2280";"2,0803";"2,7576"
"86,2380";"2,1001";"2,7878"
"86,2480";"2,1202";"2,8185"
"86,2580";"2,1401";"2,8519"
"86,2680";"2,1601";"2,8842"
"86,2780";"2,1799";"2,9152"
"86,2880";"2,1997";"2,9455"
"86,2980";"2,2196";"2,9761"
"86,3080";"2,2395";"3,0073"
"86,3180";"2,2598";"3,0364"
"86,3280";"2,2801";"3,0657"
"86,3380";"2,3001";"3,0967"
"86,3480";"2,3200";"3,1277"
"86,3580";"2,3399";"3,1586"
"86,3680";"2,3597";"3,1904"
"86,3780";"2,3796";"3,2232"
"86,3880";"2,3998";"3,2541"
"86,3980";"2,4198";"3,2834"
"86,4080";"2,4400";"3,3134"
"86,4180";"2,4602";"3,3461"
"86,4280";"2,4801";"3,3777"
"86,4380";"2,4999";"3,4069"
"86,4480";"2,5199";"3,4356"
"86,4580";"2,5396";"3,4666"
"86,4680";"2,5593";"3,4975"
"86,4780";"2,5792";"3,5279"
"86,4880";"2,5991";"3,5591"
"86,4980";"2,6195";"3,5913"
"86,5080";"2,6401";"3,6228"
"86,5180";"2,6604";"3,6512"
"86,5280";"2,6805";"3,6775"
"86,5380";"2,7004";"3,7069"
"86,5480";"2,7202";"3,7395"
"86,5580";"2,7401";"3,7710"
"86,5680";"2,7600";"3,8012"
"86,5780";"2,7801";"3,8306"
"86,5880";"2,7999";"3,8611"
"86,5980";"2,8200";"3,8902"
"86,6080";"2,8399";"3,9196"
"86,6180";"2,8600";"3,9502"
"86,6280";"2,8800";"3,9813"
"86,6380";"2,9000";"4,0105"
"86,6480";"2,9199";"4,0392"
"86,6580";"2,9396";"4,0701"
"86,6680";"2,9594";"4,1025"
"86,6780";"2,9791";"4,1326"
"86,6880";"2,9990";"4,1606"
"86,6980";"3,0188";"4,1893"
"86,7080";"3,0389";"4,2198"
"86,7180";"3,0595";"4,2504"
"86,7280";"3,0801";"4,2805"
"86,7380";"3,1003";"4,3115"
"86,7480";"3,1203";"4,3432"
"86,7580";"3,1400";"4,3739"
"86,7680";"3,1600";"4,4016"
"86,7780";"3,1801";"4,4295"
"86,7880";"3,2002";"4,4594"
"86,7980";"3,2203";"4,4894"
"86,8080";"3,2403";"4,5185"
"86,8180";"3,2602";"4,5494"
"86,8280";"3,2802";"4,5831"
"86,8380";"3,3001";"4,6161"
"86,8480";"3,3203";"4,6465"
"86,8580";"3,3403";"4,6746"
"86,8680";"3,3603";"4,7029"
"86,8780";"3,3800";"4,7320"
"86,8880";"3,3996";"4,7607"
"86,8980";"3,4192";"4,7899"
"86,9080";"3,4390";"4,8201"
"86,9180";"3,4591";"4,8503"
"86,9280";"3,4797";"4,8812"
"86,9380";"3,5001";"4,9123"
"86,9480";"3,5203";"4,9442"
"86,9580";"3,5402";"4,9751"
"86,9680";"3,5603";"5,0027"
"86,9780";"3,5804";"5,0323"
"86,9880";"3,6005";"5,0651"
"86,9980";"3,6204";"5,0984"
"87,0080";"3,6406";"5,1280"
"87,0180";"3,6607";"5,1575"
"87,0280";"3,6805";"5,1887"
"87,0380";"3,7006";"5,2203"
"87,0480";"3,7204";"5,2498"
"87,0580";"3,7404";"5,2788"
"87,0680";"3,7604";"5,3096"
"87,0780";"3,7805";"5,3394"
"87,0880";"3,8006";"5,3692"
"87,0980";"3,8205";"5,3998"
"87,1080";"3,8405";"5,4316"
"87,1180";"3,8601";"5,4634"
"87,1280";"3,8797";"5,4936"
"87,1380";"3,8997";"5,5219"
"87,1480";"3,9200";"5,5520"
"87,1580";"3,9402";"5,5841"
"87,1680";"3,9601";"5,6154"
"87,1780";"3,9794";"5,6450"
"87,1880";"3,9995";"5,6769"
"87,1980";"4,0198";"5,7108"
"87,2080";"4,0402";"5,7414"
"87,2180";"4,0606";"5,7713"
"87,2280";"4,0811";"5,8021"
"87,2380";"4,1009";"5,8332"
"87,2480";"4,1208";"5,8639"
"87,2580";"4,1408";"5,8947"
"87,2680";"4,1606";"5,9278"
"87,2780";"4,1805";"5,9622"
"87,2880";"4,2005";"5,9941"
"87,2980";"4,2204";"6,0225"
"87,3080";"4,2403";"6,0522"
"87,3180";"4,2603";"6,0861"
"87,3280";"4,2800";"6,1200"
"87,3380";"4,2997";"6,1494"
"87,3480";"4,3198";"6,1789"
"87,3580";"4,3398";"6,2093"
"87,3680";"4,3598";"6,2396"
"87,3780";"4,3799";"6,2703"
"87,3880";"4,3995";"6,3027"
"87,3980";"4,4189";"6,3354"
"87,4080";"4,4385";"6,3679"
"87,4180";"4,4587";"6,3980"
"87,4280";"4,4791";"6,4282"
"87,4380";"4,4999";"6,4614"
"87,4480";"4,5205";"6,4957"
"87,4580";"4,5408";"6,5285"
"87,4680";"4,5607";"6,5597"
"87,4780";"4,5807";"6,5926"
"87,4880";"4,6005";"6,6258"
"87,4980";"4,6203";"6,6585"
"87,5080";"4,6403";"6,6905"
"87,5180";"4,6602";"6,7217"
"87,5280";"4,6800";"6,7520"
"87,5380";"4,6999";"6,7820"
"87,5480";"4,7196";"6,8136"
"87,5580";"4,7396";"6,8481"
"87,5680";"4,7596";"6,8843"
"87,5780";"4,7798";"6,9180"
"87,5880";"4,7999";"6,9504"
"87,5980";"4,8196";"6,9829"
"87,6080";"4,8390";"7,0143"
"87,6180";"4,8585";"7,0461"
"87,6280";"4,8786";"7,0777"
"87,6380";"4,8992";"7,1108"
"87,6480";"4,9197";"7,1450"
"87,6580";"4,9402";"7,1790"
"87,6680";"4,9605";"7,2130"
"87,6780";"4,9804";"7,2456"
"87,6880";"5,0004";"7,2761"
"87,6900";"5,0044";"7,2821"
"87,6920";"5,0083";"7,2880"
"87,7020";"5,0224";"7,3147"
"87,7120";"5,0221";"7,3198"
"87,7220";"5,0146";"7,3144"
"87,7320";"4,9994";"7,2959"
"87,7420";"4,9765";"7,2570"
"87,7520";"4,9484";"7,2038"
"87,7620";"4,9178";"7,1369"
"87,7720";"4,8870";"7,0553"
"87,7820";"4,8573";"6,9643"
"87,7920";"4,8291";"6,8709"
"87,8020";"4,8024";"6,7800"
"87,8120";"4,7770";"6,6925"
"87,8220";"4,7527";"6,6047"
"87,8320";"4,7293";"6,5224"
"87,8420";"4,7068";"6,4479"
"87,8520";"4,6849";"6,3802"
"87,8620";"4,6634";"6,3148"
"87,8720";"4,6422";"6,2506"
"87,8820";"4,6213";"6,1922"
"87,8920";"4,6003";"6,1383"
"87,9020";"4,5789";"6,0844"
"87,9120";"4,5578";"6,0319"
"87,9220";"4,5370";"5,9815"
"87,9320";"4,5167";"5,9316"
"87,9420";"4,4966";"5,8809"
"87,9520";"4,4767";"5,8290"
"87,9620";"4,4568";"5,7781"
"87,9720";"4,4365";"5,7285"
"87,9820";"4,4162";"5,6814"
"87,9920";"4,3959";"5,6363"
"88,0020";"4,3757";"5,5926"
"88,0120";"4,3557";"5,5484"
"88,0220";"4,3357";"5,5023"
"88,0320";"4,3156";"5,4567"
"88,0420";"4,2956";"5,4138"
"88,0520";"4,2759";"5,3703"
"88,0620";"4,2560";"5,3227"
"88,0720";"4,2364";"5,2755"
"88,0820";"4,2168";"5,2332"
"88,0920";"4,1970";"5,1961"
"88,1020";"4,1773";"5,1577"
"88,1120";"4,1574";"5,1169"
"88,1220";"4,1371";"5,0740"
"88,1320";"4,1165";"5,0313"
"88,1420";"4,0961";"4,9907"
"88,1520";"4,0757";"4,9494"
"88,1620";"4,0554";"4,9072"
"88,1720";"4,0356";"4,8658"
"88,1820";"4,0157";"4,8239"
"88,1920";"3,9957";"4,7841"
"88,2020";"3,9759";"4,7475"
"88,2120";"3,9559";"4,7114"
"88,2220";"3,9357";"4,6716"
"88,2320";"3,9159";"4,6306"
"88,2420";"3,8961";"4,5899"
"88,2520";"3,8759";"4,5512"
"88,2620";"3,8560";"4,5143"
"88,2720";"3,8361";"4,4770"
"88,2820";"3,8159";"4,4394"
"88,2920";"3,7962";"4,4021"
"88,3020";"3,7765";"4,3640"
"88,3120";"3,7566";"4,3259"
"88,3220";"3,7369";"4,2887"
"88,3320";"3,7171";"4,2538"
"88,3420";"3,6967";"4,2166"
"88,3520";"3,6760";"4,1790"
"88,3620";"3,6558";"4,1435"
"88,3720";"3,6356";"4,1097"
"88,3820";"3,6156";"4,0744"
"88,3920";"3,5957";"4,0375"
"88,4020";"3,5758";"4,0000"
"88,4120";"3,5557";"3,9640"
"88,4220";"3,5358";"3,9302"
"88,4320";"3,5158";"3,8953"
"88,4420";"3,4957";"3,8601"
"88,4520";"3,4758";"3,8265"
"88,4620";"3,4558";"3,7938"
"88,4720";"3,4359";"3,7577"
"88,4820";"3,4162";"3,7228"
"88,4920";"3,3962";"3,6913"
"88,5020";"3,3760";"3,6600"
"88,5120";"3,3561";"3,6258"
"88,5220";"3,3362";"3,5913"
"88,5320";"3,3163";"3,5586"
"88,5420";"3,2965";"3,5271"
"88,5520";"3,2764";"3,4941"
"88,5620";"3,2560";"3,4584"
"88,5720";"3,2358";"3,4226"
"88,5820";"3,2157";"3,3893"
"88,5920";"3,1958";"3,3572"
"88,6020";"3,1758";"3,3257"
"88,6120";"3,1561";"3,2957"
"88,6220";"3,1360";"3,2651"
"88,6320";"3,1160";"3,2324"
"88,6420";"3,0961";"3,2002"
"88,6520";"3,0763";"3,1709"
"88,6620";"3,0563";"3,1411"
"88,6720";"3,0363";"3,1085"
"88,6820";"3,0162";"3,0731"
"88,6920";"2,9961";"3,0386"
"88,7020";"2,9764";"3,0083"
"88,7120";"2,9566";"2,9778"
"88,7220";"2,9364";"2,9465"
"88,7320";"2,9164";"2,9158"
"88,7420";"2,8963";"2,8855"
"88,7520";"2,8762";"2,8535"
"88,7620";"2,8562";"2,8216"
"88,7720";"2,8360";"2,7911"
"88,7820";"2,8157";"2,7610"
"88,7920";"2,7956";"2,7306"
"88,8020";"2,7755";"2,6997"
"88,8120";"2,7555";"2,6697"
"88,8220";"2,7357";"2,6404"
"88,8320";"2,7163";"2,6106"
"88,8420";"2,6965";"2,5779"
"88,8520";"2,6763";"2,5443"
"88,8620";"2,6561";"2,5143"
"88,8720";"2,6359";"2,4873"
"88,8820";"2,6159";"2,4594"
"88,8920";"2,5960";"2,4315"
"88,9020";"2,5759";"2,4016"
"88,9120";"2,5558";"2,3714"
"88,9220";"2,5357";"2,3381"
"88,9320";"2,5158";"2,3068"
"88,9420";"2,4958";"2,2789"
"88,9520";"2,4762";"2,2503"
"88,9620";"2,4565";"2,2204"
"88,9720";"2,4367";"2,1910"
"88,9820";"2,4167";"2,1643"
"88,9920";"2,3964";"2,1357"
"89,0020";"2,3757";"2,1040"
"89,0120";"2,3556";"2,0729"
"89,0220";"2,3355";"2,0434"
"89,0320";"2,3154";"2,0154"
"89,0420";"2,2955";"1,9858"
"89,0520";"2,2756";"1,9559"
"89,0620";"2,2558";"1,9268"
"89,0720";"2,2359";"1,9000"
"89,0820";"2,2160";"1,8715"
"89,0920";"2,1960";"1,8422"
"89,1020";"2,1759";"1,8130"
"89,1120";"2,1560";"1,7851"
"89,1220";"2,1361";"1,7560"
"89,1320";"2,1161";"1,7260"
"89,1420";"2,0963";"1,6975"
"89,1520";"2,0762";"1,6692"
"89,1620";"2,0562";"1,6410"
"89,1720";"2,0365";"1,6138"
"89,1820";"2,0166";"1,5860"
"89,1920";"1,9966";"1,5563"
"89,2020";"1,9765";"1,5260"
"89,2120";"1,9563";"1,4960"
"89,2220";"1,9359";"1,4678"
"89,2320";"1,9158";"1,4411"
"89,2420";"1,8959";"1,4125"
"89,2520";"1,8757";"1,3816"
"89,2620";"1,8557";"1,3535"
"89,2720";"1,8356";"1,3255"
"89,2820";"1,8155";"1,2963"
"89,2920";"1,7955";"1,2676"
"89,3020";"1,7757";"1,2411"
"89,3120";"1,7557";"1,2150"
"89,3220";"1,7358";"1,1867"
"89,3320";"1,7162";"1,1580"
"89,3420";"1,6961";"1,1287"
"89,3520";"1,6762";"1,1002"
"89,3620";"1,6563";"1,0713"
"89,3720";"1,6361";"1,0421"
"89,3820";"1,6161";"1,0135"
"89,3920";"1,5961";"0,9869"
"89,4020";"1,5762";"0,9595"
"89,4120";"1,5562";"0,9299"
"89,4220";"1,5364";"0,9016"
"89,4320";"1,5161";"0,8744"
"89,4420";"1,4959";"0,8453"
"89,4520";"1,4759";"0,8162"
"89,4620";"1,4557";"0,7879"
"89,4720";"1,4357";"0,7595"
"89,4820";"1,4158";"0,7305"
"89,4920";"1,3959";"0,7004"
"89,5020";"1,3757";"0,6714"
"89,5120";"1,3556";"0,6454"
"89,5220";"1,3357";"0,6194"
"89,5320";"1,3157";"0,5904"
"89,5420";"1,2960";"0,5604"
"89,5520";"1,2761";"0,5336"
"89,5620";"1,2560";"0,5067"
"89,5720";"1,2359";"0,4764"
"89,5820";"1,2160";"0,4461"
"89,5920";"1,1959";"0,4187"
"89,6020";"1,1761";"0,3931"
"89,6120";"1,1565";"0,3677"
"89,6220";"1,1366";"0,3414"
"89,6320";"1,1165";"0,3151"
"89,6420";"1,0965";"0,2900"
"89,6520";"1,0762";"0,2636"
"89,6620";"1,0560";"0,2359"
"89,6720";"1,0361";"0,2099"
"89,6820";"1,0160";"0,1858"
"89,6920";"0,9958";"0,1617"
"89,7020";"0,9760";"0,1376"
"89,7120";"0,9559";"0,1134"
"89,7220";"0,9357";"0,0897"
"89,7320";"0,9159";"0,0674"
"89,7420";"0,8959";"0,0453"
"89,7520";"0,8757";"0,0246"
"89,7620";"0,8558";"0,0053"
"89,7720";"0,8361";"-0,0147"
"89,7820";"0,8159";"-0,0348"
"89,7920";"0,7959";"-0,0509"
"89,8020";"0,7761";"-0,0654"
"89,8120";"0,7560";"-0,0820"
"89,8220";"0,7362";"-0,0998"
"89,8320";"0,7165";"-0,1148"
"89,8420";"0,6965";"-0,1284"
"89,8520";"0,6766";"-0,1435"
"89,8620";"0,6566";"-0,1588"
"89,8720";"0,6363";"-0,1744"
"89,8820";"0,6160";"-0,1877"
"89,8920";"0,5961";"-0,1992"
"89,9020";"0,5758";"-0,2098"
"89,9120";"0,5556";"-0,2202"
"89,9220";"0,5356";"-0,2309"
"89,9320";"0,5157";"-0,2431"
"89,9420";"0,4956";"-0,2553"
"89,9520";"0,4756";"-0,2651"
"89,9620";"0,4558";"-0,2731"
"89,9720";"0,4356";"-0,2832"
"89,9820";"0,4157";"-0,2956"
"89,9920";"0,3957";"-0,3068"
"90,0020";"0,3757";"-0,3141"
"90,0120";"0,3557";"-0,3217"
"90,0220";"0,3360";"-0,3301"
"90,0320";"0,3160";"-0,3376"
"90,0420";"0,2962";"-0,3432"
"90,0520";"0,2766";"-0,3478"
"90,0620";"0,2567";"-0,3539"
"90,0720";"0,2367";"-0,3606"
"90,0820";"0,2166";"-0,3647"
"90,0920";"0,1964";"-0,3686"
"90,1020";"0,1761";"-0,3745"
"90,1120";"0,1562";"-0,3789"
"90,1220";"0,1362";"-0,3814"
"90,1320";"0,1162";"-0,3842"
"90,1420";"0,0963";"-0,3875"
"90,1520";"0,0766";"-0,3888"
"90,1620";"0,0564";"-0,3888"
"90,1720";"0,0365";"-0,3883"
"90,1820";"0,0166";"-0,3890"
"90,1920";"-0,0034";"-0,3923"
"90,1940";"-0,0076";"-0,3932"
"90,1960";"-0,0115";"-0,3940"
"90,2060";"-0,0257";"-0,3925"
"90,2160";"-0,0256";"-0,3692"
"90,2260";"-0,0187";"-0,3491"
"90,2360";"-0,0041";"-0,3357"
"90,2460";"0,0182";"-0,3271"
"90,2560";"0,0458";"-0,3267"
"90,2660";"0,0760";"-0,3345"
"90,2760";"0,1064";"-0,3462"
"90,2860";"0,1361";"-0,3548"
"90,2960";"0,1648";"-0,3572"
"90,3060";"0,1922";"-0,3543"
"90,3160";"0,2180";"-0,3437"
"90,3260";"0,2428";"-0,3243"
"90,3360";"0,2667";"-0,3009"
"90,3460";"0,2897";"-0,2766"
"90,3560";"0,3120";"-0,2516"
"90,3660";"0,3339";"-0,2251"
"90,3760";"0,3552";"-0,1984"
"90,3860";"0,3762";"-0,1750"
"90,3960";"0,3969";"-0,1531"
"90,4060";"0,4174";"-0,1280"
"90,4160";"0,4379";"-0,1018"
"90,4260";"0,4582";"-0,0789"
"90,4360";"0,4786";"-0,0575"
"90,4460";"0,4989";"-0,0344"
"90,4560";"0,5192";"-0,0085"
"90,4660";"0,5394";"0,0163"
"90,4760";"0,5595";"0,0391"
"90,4860";"0,5797";"0,0627"
"90,4960";"0,5996";"0,0878"
"90,5060";"0,6197";"0,1172"
"90,5160";"0,6397";"0,1500"
"90,5260";"0,6598";"0,1837"
"90,5360";"0,6798";"0,2169"
"90,5460";"0,6998";"0,2505"
"90,5560";"0,7198";"0,2851"
"90,5660";"0,7397";"0,3241"
"90,5760";"0,7598";"0,3647"
"90,5860";"0,7798";"0,4045"
"90,5960";"0,7997";"0,4441"
"90,6060";"0,8198";"0,4855"
"90,6160";"0,8397";"0,5275"
"90,6260";"0,8597";"0,5682"
"90,6360";"0,8799";"0,6072"
"90,6460";"0,8998";"0,6470"
"90,6560";"0,9197";"0,6876"
"90,6660";"0,9397";"0,7282"
"90,6760";"0,9597";"0,7685"
"90,6860";"0,9797";"0,8092"
"90,6960";"0,9998";"0,8516"
"90,7060";"1,0199";"0,8916"
"90,7160";"1,0398";"0,9296"
"90,7260";"1,0600";"0,9699"
"90,7360";"1,0800";"1,0114"
"90,7460";"1,1000";"1,0517"
"90,7560";"1,1201";"1,0899"
"90,7660";"1,1402";"1,1284"
"90,7760";"1,1602";"1,1674"
"90,7860";"1,1802";"1,2058"
"90,7960";"1,2002";"1,2425"
"90,8060";"1,2200";"1,2795"
"90,8160";"1,2398";"1,3178"
"90,8260";"1,2598";"1,3557"
"90,8360";"1,2797";"1,3915"
"90,8460";"1,2996";"1,4293"
"90,8560";"1,3197";"1,4693"
"90,8660";"1,3398";"1,5076"
"90,8760";"1,3599";"1,5416"
"90,8860";"1,3798";"1,5749"
"90,8960";"1,3998";"1,6106"
"90,9060";"1,4196";"1,6471"
"90,9160";"1,4397";"1,6822"
"90,9260";"1,4598";"1,7186"
"90,9360";"1,4798";"1,7556"
"90,9460";"1,4998";"1,7908"
"90,9560";"1,5198";"1,8244"
"90,9660";"1,5397";"1,8576"
"90,9760";"1,5596";"1,8925"
"90,9860";"1,5798";"1,9297"
"90,9960";"1,5999";"1,9653"
"91,0060";"1,6200";"1,9990"
"91,0160";"1,6401";"2,0337"
"91,0260";"1,6601";"2,0688"
"91,0360";"1,6800";"2,1016"
"91,0460";"1,7002";"2,1344"
"91,0560";"1,7202";"2,1670"
"91,0660";"1,7400";"2,1981"
"91,0760";"1,7601";"2,2303"
"91,0860";"1,7799";"2,2637"
"91,0960";"1,7998";"2,2991"
"91,1060";"1,8196";"2,3345"
"91,1160";"1,8395";"2,3658"
"91,1260";"1,8593";"2,3954"
"91,1360";"1,8793";"2,4269"
"91,1460";"1,8995";"2,4603"
"91,1560";"1,9197";"2,4914"
"91,1660";"1,9399";"2,5237"
"91,1760";"1,9600";"2,5572"
"91,1860";"1,9799";"2,5911"
"91,1960";"2,0001";"2,6239"
"91,2060";"2,0200";"2,6559"
"91,2160";"2,0402";"2,6891"
"91,2260";"2,0603";"2,7218"
"91,2360";"2,0804";"2,7521"
"91,2460";"2,1003";"2,7804"
"91,2560";"2,1203";"2,8104"
"91,2660";"2,1405";"2,8452"
"91,2760";"2,1604";"2,8796"
"91,2860";"2,1804";"2,9113"
"91,2960";"2,2003";"2,9417"
"91,3060";"2,2200";"2,9718"
"91,3160";"2,2397";"3,0006"
"91,3260";"2,2596";"3,0306"
"91,3360";"2,2795";"3,0614"
"91,3460";"2,2992";"3,0918"
"91,3560";"2,3191";"3,1203"
"91,3660";"2,3389";"3,1484"
"91,3760";"2,3590";"3,1803"
"91,3860";"2,3794";"3,2158"
"91,3960";"2,4000";"3,2490"
"91,4060";"2,4201";"3,2770"
"91,4160";"2,4402";"3,3049"
"91,4260";"2,4604";"3,3359"
"91,4360";"2,4803";"3,3706"
"91,4460";"2,5005";"3,4040"
"91,4560";"2,5204";"3,4342"
"91,4660";"2,5402";"3,4620"
"91,4760";"2,5598";"3,4913"
"91,4860";"2,5794";"3,5216"
"91,4960";"2,5990";"3,5530"
"91,5060";"2,6193";"3,5853"
"91,5160";"2,6398";"3,6157"
"91,5260";"2,6600";"3,6432"
"91,5360";"2,6801";"3,6720"
"91,5460";"2,7003";"3,7050"
"91,5560";"2,7202";"3,7368"
"91,5660";"2,7402";"3,7649"
"91,5760";"2,7604";"3,7929"
"91,5860";"2,7803";"3,8222"
"91,5960";"2,8000";"3,8524"
"91,6060";"2,8199";"3,8838"
"91,6160";"2,8397";"3,9150"
"91,6260";"2,8597";"3,9461"
"91,6360";"2,8797";"3,9754"
"91,6460";"2,8997";"4,0033"
"91,6560";"2,9196";"4,0316"
"91,6660";"2,9398";"4,0623"
"91,6760";"2,9599";"4,0940"
"91,6860";"2,9800";"4,1234"
"91,6960";"2,9997";"4,1530"
"91,7060";"3,0194";"4,1849"
"91,7160";"3,0391";"4,2171"
"91,7260";"3,0595";"4,2478"
"91,7360";"3,0797";"4,2755"
"91,7460";"3,0998";"4,3027"
"91,7560";"3,1200";"4,3319"
"91,7660";"3,1403";"4,3625"
"91,7760";"3,1605";"4,3943"
"91,7860";"3,1804";"4,4261"
"91,7960";"3,2004";"4,4581"
"91,8060";"3,2201";"4,4871"
"91,8160";"3,2397";"4,5134"
"91,8260";"3,2593";"4,5419"
"91,8360";"3,2795";"4,5740"
"91,8460";"3,2995";"4,6048"
"91,8560";"3,3197";"4,6354"
"91,8660";"3,3400";"4,6655"
"91,8760";"3,3601";"4,6954"
"91,8860";"3,3799";"4,7258"
"91,8960";"3,3998";"4,7556"
"91,9060";"3,4196";"4,7869"
"91,9160";"3,4394";"4,8181"
"91,9260";"3,4599";"4,8467"
"91,9360";"3,4805";"4,8745"
"91,9460";"3,5007";"4,9043"
"91,9560";"3,5207";"4,9378"
"91,9660";"3,5405";"4,9706"
"91,9760";"3,5606";"5,0006"
"91,9860";"3,5806";"5,0310"
"91,9960";"3,6006";"5,0616"
"92,0060";"3,6205";"5,0919"
"92,0160";"3,6407";"5,1213"
"92,0260";"3,6607";"5,1498"
"92,0360";"3,6804";"5,1796"
"92,0460";"3,7002";"5,2106"
"92,0560";"3,7200";"5,2409"
"92,0660";"3,7399";"5,2714"
"92,0760";"3,7600";"5,3032"
"92,0860";"3,7800";"5,3325"
"92,0960";"3,8001";"5,3602"
"92,1060";"3,8203";"5,3886"
"92,1160";"3,8402";"5,4203"
"92,1260";"3,8599";"5,4536"
"92,1360";"3,8797";"5,4831"
"92,1460";"3,8998";"5,5130"
"92,1560";"3,9203";"5,5448"
"92,1660";"3,9405";"5,5769"
"92,1760";"3,9605";"5,6089"
"92,1860";"3,9806";"5,6392"
"92,1960";"4,0007";"5,6705"
"92,2060";"4,0206";"5,7032"
"92,2160";"4,0403";"5,7331"
"92,2260";"4,0604";"5,7641"
"92,2360";"4,0804";"5,7967"
"92,2460";"4,1001";"5,8265"
"92,2560";"4,1199";"5,8558"
"92,2660";"4,1401";"5,8859"
"92,2760";"4,1602";"5,9159"
"92,2860";"4,1802";"5,9464"
"92,2960";"4,2003";"5,9779"
"92,3060";"4,2202";"6,0114"
"92,3160";"4,2402";"6,0462"
"92,3260";"4,2604";"6,0791"
"92,3360";"4,2803";"6,1079"
"92,3460";"4,3001";"6,1372"
"92,3560";"4,3200";"6,1702"
"92,3660";"4,3401";"6,2032"
"92,3760";"4,3600";"6,2332"
"92,3860";"4,3799";"6,2622"
"92,3960";"4,3999";"6,2944"
"92,4060";"4,4201";"6,3291"
"92,4160";"4,4402";"6,3629"
"92,4260";"4,4601";"6,3946"
"92,4360";"4,4801";"6,4247"
"92,4460";"4,5000";"6,4580"
"92,4560";"4,5201";"6,4922"
"92,4660";"4,5398";"6,5234"
"92,4760";"4,5597";"6,5524"
"92,4860";"4,5793";"6,5832"
"92,4960";"4,5991";"6,6146"
"92,5060";"4,6193";"6,6472"
"92,5160";"4,6396";"6,6786"
"92,5260";"4,6599";"6,7106"
"92,5360";"4,6801";"6,7426"
"92,5460";"4,7001";"6,7752"
"92,5560";"4,7201";"6,8085"
"92,5660";"4,7399";"6,8417"
"92,5760";"4,7601";"6,8753"
"92,5860";"4,7802";"6,9085"
"92,5960";"4,7998";"6,9413"
"92,6060";"4,8194";"6,9750"
"92,6160";"4,8396";"7,0076"
"92,6260";"4,8598";"7,0383"
"92,6360";"4,8799";"7,0703"
"92,6460";"4,9000";"7,1041"
"92,6560";"4,9200";"7,1367"
"92,6660";"4,9400";"7,1677"
"92,6760";"4,9601";"7,1988"
"92,6860";"4,9799";"7,2307"
"92,6960";"4,9999";"7,2645"
"92,6980";"5,0038";"7,2712"
"92,7000";"5,0078";"7,2779"
"92,7020";"5,0118";"7,2843"
"92,7120";"5,0257";"7,3120"
"92,7220";"5,0253";"7,3169"
"92,7320";"5,0183";"7,3118"
"92,7420";"5,0034";"7,2943"
"92,7520";"4,9806";"7,2562"
"92,7620";"4,9527";"7,2020"
"92,7720";"4,9222";"7,1327"
"92,7820";"4,8914";"7,0516"
"92,7920";"4,8615";"6,9632"
"92,8020";"4,8332";"6,8728"
"92,8120";"4,8064";"6,7830"
"92,8220";"4,7811";"6,6937"
"92,8320";"4,7570";"6,6064"
"92,8420";"4,7338";"6,5259"
"92,8520";"4,7112";"6,4514"
"92,8620";"4,6889";"6,3806"
"92,8720";"4,6667";"6,3137"
"92,8820";"4,6450";"6,2506"
"92,8920";"4,6235";"6,1928"
"92,9020";"4,6026";"6,1382"
"92,9120";"4,5820";"6,0847"
"92,9220";"4,5614";"6,0318"
"92,9320";"4,5411";"5,9810"
"92,9420";"4,5209";"5,9294"
"92,9520";"4,5007";"5,8772"
"92,9620";"4,4808";"5,8278"
"92,9720";"4,4610";"5,7814"
"92,9820";"4,4412";"5,7356"
"92,9920";"4,4214";"5,6897"
"93,0020";"4,4012";"5,6443"
"93,0120";"4,3808";"5,5998"
"93,0220";"4,3605";"5,5541"
"93,0320";"4,3404";"5,5062"
"93,0420";"4,3204";"5,4572"
"93,0520";"4,3003";"5,4114"
"93,0620";"4,2805";"5,3682"
"93,0720";"4,2607";"5,3261"
"93,0820";"4,2411";"5,2831"
"93,0920";"4,2212";"5,2407"
"93,1020";"4,2005";"5,1971"
"93,1120";"4,1799";"5,1521"
"93,1220";"4,1596";"5,1086"
"93,1320";"4,1395";"5,0669"
"93,1420";"4,1194";"5,0261"
"93,1520";"4,0995";"4,9851"
"93,1620";"4,0796";"4,9441"
"93,1720";"4,0596";"4,9063"
"93,1820";"4,0396";"4,8690"
"93,1920";"4,0198";"4,8281"
"93,2020";"3,9998";"4,7851"
"93,2120";"3,9801";"4,7461"
"93,2220";"3,9602";"4,7086"
"93,2320";"3,9400";"4,6692"
"93,2420";"3,9202";"4,6290"
"93,2520";"3,9003";"4,5905"
"93,2620";"3,8804";"4,5542"
"93,2720";"3,8604";"4,5163"
"93,2820";"3,8407";"4,4775"
"93,2920";"3,8209";"4,4390"
"93,3020";"3,8012";"4,4024"
"93,3120";"3,7814";"4,3650"
"93,3220";"3,7609";"4,3259"
"93,3320";"3,7401";"4,2885"
"93,3420";"3,7197";"4,2550"
"93,3520";"3,6994";"4,2213"
"93,3620";"3,6792";"4,1838"
"93,3720";"3,6592";"4,1458"
"93,3820";"3,6394";"4,1089"
"93,3920";"3,6193";"4,0729"
"93,4020";"3,5996";"4,0376"
"93,4120";"3,5797";"4,0030"
"93,4220";"3,5598";"3,9688"
"93,4320";"3,5400";"3,9348"
"93,4420";"3,5202";"3,9006"
"93,4520";"3,5001";"3,8659"
"93,4620";"3,4802";"3,8312"
"93,4720";"3,4601";"3,7960"
"93,4820";"3,4401";"3,7600"
"93,4920";"3,4202";"3,7248"
"93,5020";"3,4004";"3,6921"
"93,5120";"3,3803";"3,6589"
"93,5220";"3,3602";"3,6252"
"93,5320";"3,3401";"3,5913"
"93,5420";"3,3200";"3,5585"
"93,5520";"3,2998";"3,5258"
"93,5620";"3,2798";"3,4920"
"93,5720";"3,2596";"3,4586"
"93,5820";"3,2397";"3,4254"
"93,5920";"3,2196";"3,3928"
"93,6020";"3,1998";"3,3611"
"93,6120";"3,1798";"3,3294"
"93,6220";"3,1600";"3,2986"
"93,6320";"3,1400";"3,2672"
"93,6420";"3,1200";"3,2323"
"93,6520";"3,1003";"3,1989"
"93,6620";"3,0804";"3,1680"
"93,6720";"3,0604";"3,1357"
"93,6820";"3,0405";"3,1029"
"93,6920";"3,0205";"3,0715"
"93,7020";"3,0003";"3,0421"
"93,7120";"2,9804";"3,0124"
"93,7220";"2,9607";"2,9819"
"93,7320";"2,9406";"2,9496"
"93,7420";"2,9206";"2,9178"
"93,7520";"2,9003";"2,8869"
"93,7620";"2,8797";"2,8549"
"93,7720";"2,8595";"2,8237"
"93,7820";"2,8396";"2,7935"
"93,7920";"2,8194";"2,7630"
"93,8020";"2,7995";"2,7316"
"93,8120";"2,7796";"2,6994"
"93,8220";"2,7594";"2,6678"
"93,8320";"2,7396";"2,6378"
"93,8420";"2,7198";"2,6079"
"93,8520";"2,6997";"2,5779"
"93,8620";"2,6797";"2,5497"
"93,8720";"2,6598";"2,5208"
"93,8820";"2,6400";"2,4897"
"93,8920";"2,6200";"2,4576"
"93,9020";"2,6003";"2,4277"
"93,9120";"2,5803";"2,3988"
"93,9220";"2,5603";"2,3703"
"93,9320";"2,5404";"2,3420"
"93,9420";"2,5206";"2,3143"
"93,9520";"2,5007";"2,2868"
"93,9620";"2,4806";"2,2562"
"93,9720";"2,4604";"2,2232"
"93,9820";"2,4400";"2,1904"
"93,9920";"2,4197";"2,1618"
"94,0020";"2,3996";"2,1339"
"94,0120";"2,3794";"2,1044"
"94,0220";"2,3595";"2,0752"
"94,0320";"2,3396";"2,0465"
"94,0420";"2,3197";"2,0169"
"94,0520";"2,2997";"1,9872"
"94,0620";"2,2799";"1,9581"
"94,0720";"2,2601";"1,9289"
"94,0820";"2,2401";"1,8989"
"94,0920";"2,2202";"1,8697"
"94,1020";"2,2001";"1,8412"
"94,1120";"2,1799";"1,8141"
"94,1220";"2,1599";"1,7871"
"94,1320";"2,1401";"1,7581"
"94,1420";"2,1203";"1,7284"
"94,1520";"2,1007";"1,7008"
"94,1620";"2,0810";"1,6736"
"94,1720";"2,0609";"1,6437"
"94,1820";"2,0411";"1,6127"
"94,1920";"2,0209";"1,5832"
"94,2020";"2,0003";"1,5546"
"94,2120";"1,9799";"1,5268"
"94,2220";"1,9598";"1,4996"
"94,2320";"1,9395";"1,4718"
"94,2420";"1,9195";"1,4438"
"94,2520";"1,8996";"1,4128"
"94,2620";"1,8796";"1,3812"
"94,2720";"1,8596";"1,3524"
"94,2820";"1,8397";"1,3259"
"94,2920";"1,8195";"1,2978"
"94,3020";"1,7995";"1,2700"
"94,3120";"1,7797";"1,2434"
"94,3220";"1,7597";"1,2161"
"94,3320";"1,7398";"1,1864"
"94,3420";"1,7201";"1,1571"
"94,3520";"1,7000";"1,1286"
"94,3620";"1,6799";"1,0992"
"94,3720";"1,6601";"1,0699"
"94,3820";"1,6401";"1,0415"
"94,3920";"1,6202";"1,0141"
"94,4020";"1,6004";"0,9892"
"94,4120";"1,5803";"0,9623"
"94,4220";"1,5600";"0,9318"
"94,4320";"1,5400";"0,9035"
"94,4420";"1,5200";"0,8771"
"94,4520";"1,4998";"0,8476"
"94,4620";"1,4799";"0,8168"
"94,4720";"1,4600";"0,7882"
"94,4820";"1,4398";"0,7600"
"94,4920";"1,4199";"0,7319"
"94,5020";"1,3999";"0,7041"
"94,5120";"1,3797";"0,6767"
"94,5220";"1,3598";"0,6497"
"94,5320";"1,3398";"0,6193"
"94,5420";"1,3197";"0,5880"
"94,5520";"1,3000";"0,5591"
"94,5620";"1,2802";"0,5328"
"94,5720";"1,2601";"0,5060"
"94,5820";"1,2399";"0,4781"
"94,5920";"1,2199";"0,4522"
"94,6020";"1,1999";"0,4270"
"94,6120";"1,1801";"0,4014"
"94,6220";"1,1604";"0,3724"
"94,6320";"1,1404";"0,3446"
"94,6420";"1,1201";"0,3178"
"94,6520";"1,1002";"0,2914"
"94,6620";"1,0801";"0,2645"
"94,6720";"1,0599";"0,2387"
"94,6820";"1,0401";"0,2146"
"94,6920";"1,0201";"0,1893"
"94,7020";"0,9999";"0,1619"
"94,7120";"0,9800";"0,1378"
"94,7220";"0,9600";"0,1165"
"94,7320";"0,9398";"0,0931"
"94,7420";"0,9198";"0,0696"
"94,7520";"0,8999";"0,0486"
"94,7620";"0,8796";"0,0285"
"94,7720";"0,8598";"0,0088"
"94,7820";"0,8401";"-0,0115"
"94,7920";"0,8199";"-0,0314"
"94,8020";"0,7998";"-0,0491"
"94,8120";"0,7801";"-0,0658"
"94,8220";"0,7600";"-0,0835"
"94,8320";"0,7400";"-0,0994"
"94,8420";"0,7200";"-0,1118"
"94,8520";"0,6998";"-0,1258"
"94,8620";"0,6798";"-0,1410"
"94,8720";"0,6599";"-0,1547"
"94,8820";"0,6400";"-0,1678"
"94,8920";"0,6200";"-0,1814"
"94,9020";"0,6002";"-0,1972"
"94,9120";"0,5802";"-0,2117"
"94,9220";"0,5601";"-0,2228"
"94,9320";"0,5401";"-0,2325"
"94,9420";"0,5200";"-0,2430"
"94,9520";"0,4998";"-0,2546"
"94,9620";"0,4799";"-0,2646"
"94,9720";"0,4601";"-0,2733"
"94,9820";"0,4399";"-0,2855"
"94,9920";"0,4198";"-0,2985"
"95,0020";"0,4000";"-0,3097"
"95,0120";"0,3799";"-0,3166"
"95,0220";"0,3601";"-0,3239"
"95,0320";"0,3404";"-0,3297"
"95,0420";"0,3205";"-0,3358"
"95,0520";"0,3003";"-0,3430"
"95,0620";"0,2805";"-0,3499"
"95,0720";"0,2604";"-0,3570"
"95,0820";"0,2401";"-0,3630"
"95,0920";"0,2203";"-0,3669"
"95,1020";"0,2003";"-0,3707"
"95,1120";"0,1802";"-0,3745"
"95,1220";"0,1602";"-0,3766"
"95,1320";"0,1404";"-0,3773"
"95,1420";"0,1203";"-0,3803"
"95,1520";"0,1005";"-0,3842"
"95,1620";"0,0806";"-0,3867"
"95,1720";"0,0606";"-0,3890"
"95,1820";"0,0405";"-0,3920"
"95,1920";"0,0207";"-0,3945"
"95,2020";"0,0006";"-0,3960"
"95,2040";"-0,0034";"-0,3960"
"95,2060";"-0,0074";"-0,3959"
"95,2080";"-0,0115";"-0,3957"
"95,2180";"-0,0256";"-0,3908"
"95,2280";"-0,0254";"-0,3665"
"95,2380";"-0,0185";"-0,3464"
"95,2480";"-0,0041";"-0,3340"
"95,2580";"0,0181";"-0,3266"
"95,2680";"0,0457";"-0,3292"
"95,2780";"0,0758";"-0,3405"
"95,2880";"0,1061";"-0,3510"
"95,2980";"0,1360";"-0,3563"
"95,3080";"0,1647";"-0,3564"
"95,3180";"0,1921";"-0,3512"
"95,3280";"0,2180";"-0,3410"
"95,3380";"0,2428";"-0,3235"
"95,3480";"0,2667";"-0,3015"
"95,3580";"0,2897";"-0,2766"
"95,3680";"0,3120";"-0,2518"
"95,3780";"0,3337";"-0,2286"
"95,3880";"0,3551";"-0,2057"
"95,3980";"0,3762";"-0,1811"
"95,4080";"0,3969";"-0,1557"
"95,4180";"0,4174";"-0,1312"
"95,4280";"0,4379";"-0,1086"
"95,4380";"0,4582";"-0,0868"
"95,4480";"0,4786";"-0,0625"
"95,4580";"0,4990";"-0,0369"
"95,4680";"0,5192";"-0,0139"
"95,4780";"0,5394";"0,0076"
"95,4880";"0,5595";"0,0326"
"95,4980";"0,5795";"0,0603"
"95,5080";"0,5995";"0,0877"
"95,5180";"0,6196";"0,1156"
"95,5280";"0,6396";"0,1464"
"95,5380";"0,6596";"0,1807"
"95,5480";"0,6795";"0,2142"
"95,5580";"0,6997";"0,2465"
"95,5680";"0,7197";"0,2784"
"95,5780";"0,7399";"0,3155"
"95,5880";"0,7599";"0,3563"
"95,5980";"0,7799";"0,3978"
"95,6080";"0,7998";"0,4386"
"95,6180";"0,8199";"0,4776"
"95,6280";"0,8397";"0,5172"
"95,6380";"0,8597";"0,5592"
"95,6480";"0,8799";"0,6017"
"95,6580";"0,8999";"0,6430"
"95,6680";"0,9197";"0,6821"
"95,6780";"0,9397";"0,7205"
"95,6880";"0,9598";"0,7615"
"95,6980";"0,9796";"0,8040"
"95,7080";"0,9998";"0,8464"
"95,7180";"1,0198";"0,8853"
"95,7280";"1,0398";"0,9229"
"95,7380";"1,0599";"0,9616"
"95,7480";"1,0800";"1,0012"
"95,7580";"1,0999";"1,0403"
"95,7680";"1,1200";"1,0810"
"95,7780";"1,1401";"1,1223"
"95,7880";"1,1600";"1,1621"
"95,7980";"1,1802";"1,2007"
"95,8080";"1,2003";"1,2387"
"95,8180";"1,2202";"1,2780"
"95,8280";"1,2401";"1,3169"
"95,8380";"1,2600";"1,3522"
"95,8480";"1,2798";"1,3861"
"95,8580";"1,2997";"1,4221"
"95,8680";"1,3199";"1,4622"
"95,8780";"1,3399";"1,5014"
"95,8880";"1,3599";"1,5377"
"95,8980";"1,3798";"1,5714"
"95,9080";"1,3998";"1,6044"
"95,9180";"1,4196";"1,6373"
"95,9280";"1,4397";"1,6728"
"95,9380";"1,4598";"1,7118"
"95,9480";"1,4797";"1,7492"
"95,9580";"1,4998";"1,7836"
"95,9680";"1,5198";"1,8177"
"95,9780";"1,5398";"1,8533"
"95,9880";"1,5599";"1,8890"
"95,9980";"1,5799";"1,9240"
"96,0080";"1,6000";"1,9571"
"96,0180";"1,6200";"1,9901"
"96,0280";"1,6401";"2,0251"
"96,0380";"1,6602";"2,0602"
"96,0480";"1,6802";"2,0951"
"96,0580";"1,7002";"2,1303"
"96,0680";"1,7202";"2,1639"
"96,0780";"1,7400";"2,1945"
"96,0880";"1,7600";"2,2244"
"96,0980";"1,7800";"2,2590"
"96,1080";"1,7999";"2,2947"
"96,1180";"1,8199";"2,3275"
"96,1280";"1,8398";"2,3573"
"96,1380";"1,8595";"2,3875"
"96,1480";"1,8794";"2,4216"
"96,1580";"1,8994";"2,4561"
"96,1680";"1,9193";"2,4886"
"96,1780";"1,9397";"2,5196"
"96,1880";"1,9596";"2,5506"
"96,1980";"1,9798";"2,5807"
"96,2080";"2,0000";"2,6125"
"96,2180";"2,0202";"2,6466"
"96,2280";"2,0401";"2,6822"
"96,2380";"2,0601";"2,7161"
"96,2480";"2,0800";"2,7463"
"96,2580";"2,1000";"2,7761"
"96,2680";"2,1200";"2,8091"
"96,2780";"2,1402";"2,8412"
"96,2880";"2,1604";"2,8712"
"96,2980";"2,1804";"2,9009"
"96,3080";"2,2003";"2,9323"
"96,3180";"2,2202";"2,9656"
"96,3280";"2,2401";"2,9982"
"96,3380";"2,2603";"3,0300"
"96,3480";"2,2804";"3,0600"
"96,3580";"2,3001";"3,0881"
"96,3680";"2,3198";"3,1160"
"96,3780";"2,3394";"3,1460"
"96,3880";"2,3589";"3,1772"
"96,3980";"2,3785";"3,2083"
"96,4080";"2,3984";"3,2392"
"96,4180";"2,4185";"3,2703"
"96,4280";"2,4382";"3,3008"
"96,4380";"2,4584";"3,3317"
"96,4480";"2,4793";"3,3622"
"96,4580";"2,5003";"3,3932"
"96,4680";"2,5210";"3,4242"
"96,4780";"2,5411";"3,4549"
"96,4880";"2,5610";"3,4845"
"96,4980";"2,5806";"3,5167"
"96,5080";"2,6004";"3,5494"
"96,5180";"2,6205";"3,5805"
"96,5280";"2,6408";"3,6101"
"96,5380";"2,6609";"3,6387"
"96,5480";"2,6807";"3,6681"
"96,5580";"2,7005";"3,7000"
"96,5680";"2,7204";"3,7326"
"96,5780";"2,7401";"3,7621"
"96,5880";"2,7599";"3,7895"
"96,5980";"2,7796";"3,8189"
"96,6080";"2,7991";"3,8489"
"96,6180";"2,8189";"3,8783"
"96,6280";"2,8389";"3,9070"
"96,6380";"2,8590";"3,9356"
"96,6480";"2,8794";"3,9648"
"96,6580";"2,8996";"3,9948"
"96,6680";"2,9197";"4,0261"
"96,6780";"2,9398";"4,0574"
"96,6880";"2,9600";"4,0875"
"96,6980";"2,9802";"4,1167"
"96,7080";"3,0001";"4,1472"
"96,7180";"3,0200";"4,1788"
"96,7280";"3,0397";"4,2098"
"96,7380";"3,0596";"4,2398"
"96,7480";"3,0798";"4,2706"
"96,7580";"3,1000";"4,3016"
"96,7680";"3,1203";"4,3312"
"96,7780";"3,1405";"4,3599"
"96,7880";"3,1605";"4,3881"
"96,7980";"3,1804";"4,4179"
"96,8080";"3,2004";"4,4499"
"96,8180";"3,2203";"4,4807"
"96,8280";"3,2402";"4,5102"
"96,8380";"3,2600";"4,5418"
"96,8480";"3,2799";"4,5728"
"96,8580";"3,2999";"4,6036"
"96,8680";"3,3198";"4,6328"
"96,8780";"3,3399";"4,6612"
"96,8880";"3,3599";"4,6899"
"96,8980";"3,3797";"4,7170"
"96,9080";"3,3994";"4,7448"
"96,9180";"3,4191";"4,7754"
"96,9280";"3,4391";"4,8077"
"96,9380";"3,4595";"4,8390"
"96,9480";"3,4800";"4,8693"
"96,9580";"3,5005";"4,9007"
"96,9680";"3,5208";"4,9319"
"96,9780";"3,5407";"4,9626"
"96,9880";"3,5608";"4,9937"
"96,9980";"3,5807";"5,0257"
"97,0080";"3,6006";"5,0563"
"97,0180";"3,6205";"5,0849"
"97,0280";"3,6406";"5,1132"
"97,0380";"3,6604";"5,1436"
"97,0480";"3,6804";"5,1746"
"97,0580";"3,7003";"5,2045"
"97,0680";"3,7203";"5,2338"
"97,0780";"3,7401";"5,2643"
"97,0880";"3,7602";"5,2960"
"97,0980";"3,7800";"5,3283"
"97,1080";"3,7997";"5,3600"
"97,1180";"3,8195";"5,3898"
"97,1280";"3,8390";"5,4188"
"97,1380";"3,8585";"5,4457"
"97,1480";"3,8785";"5,4739"
"97,1580";"3,8989";"5,5056"
"97,1680";"3,9198";"5,5389"
"97,1780";"3,9407";"5,5722"
"97,1880";"3,9614";"5,6037"
"97,1980";"3,9813";"5,6382"
"97,2080";"4,0014";"5,6730"
"97,2180";"4,0214";"5,7050"
"97,2280";"4,0412";"5,7344"
"97,2380";"4,0610";"5,7638"
"97,2480";"4,0808";"5,7941"
"97,2580";"4,1007";"5,8238"
"97,2680";"4,1205";"5,8525"
"97,2780";"4,1404";"5,8827"
"97,2880";"4,1604";"5,9149"
"97,2980";"4,1803";"5,9466"
"97,3080";"4,2003";"5,9772"
"97,3180";"4,2201";"6,0067"
"97,3280";"4,2398";"6,0372"
"97,3380";"4,2596";"6,0677"
"97,3480";"4,2790";"6,0984"
"97,3580";"4,2985";"6,1278"
"97,3680";"4,3187";"6,1607"
"97,3780";"4,3391";"6,1955"
"97,3880";"4,3598";"6,2289"
"97,3980";"4,3803";"6,2621"
"97,4080";"4,4008";"6,2944"
"97,4180";"4,4208";"6,3245"
"97,4280";"4,4408";"6,3558"
"97,4380";"4,4607";"6,3877"
"97,4480";"4,4806";"6,4205"
"97,4580";"4,5005";"6,4530"
"97,4680";"4,5203";"6,4856"
"97,4780";"4,5401";"6,5177"
"97,4880";"4,5598";"6,5514"
"97,4980";"4,5797";"6,5842"
"97,5080";"4,5996";"6,6141"
"97,5180";"4,6195";"6,6423"
"97,5280";"4,6397";"6,6735"
"97,5380";"4,6600";"6,7064"
"97,5480";"4,6797";"6,7378"
"97,5580";"4,6994";"6,7683"
"97,5680";"4,7188";"6,8009"
"97,5780";"4,7383";"6,8355"
"97,5880";"4,7583";"6,8711"
"97,5980";"4,7790";"6,9050"
"97,6080";"4,7995";"6,9373"
"97,6180";"4,8202";"6,9700"
"97,6280";"4,8406";"7,0011"
"97,6380";"4,8606";"7,0332"
"97,6480";"4,8807";"7,0675"
"97,6580";"4,9006";"7,1024"
"97,6680";"4,9204";"7,1363"
"97,6780";"4,9403";"7,1698"
"97,6880";"4,9602";"7,2024"
"97,6980";"4,9799";"7,2354"
"97,7080";"4,9999";"7,2681"
"97,7100";"5,0039";"7,2744"
"97,7120";"5,0078";"7,2809"
"97,7140";"5,0118";"7,2874"
"97,7240";"5,0260";"7,3145"
"97,7340";"5,0255";"7,3156"
"97,7440";"5,0183";"7,3054"
"97,7540";"5,0033";"7,2861"
"97,7640";"4,9804";"7,2520"
"97,7740";"4,9524";"7,2024"
"97,7840";"4,9219";"7,1332"
"97,7940";"4,8912";"7,0486"
"97,8040";"4,8614";"6,9577"
"97,8140";"4,8333";"6,8668"
"97,8240";"4,8070";"6,7770"
"97,8340";"4,7820";"6,6879"
"97,8440";"4,7576";"6,6001"
"97,8540";"4,7338";"6,5190"
"97,8640";"4,7107";"6,4450"
"97,8740";"4,6880";"6,3763"
"97,8840";"4,6660";"6,3108"
"97,8940";"4,6444";"6,2481"
"97,9040";"4,6234";"6,1883"
"97,9140";"4,6027";"6,1322"
"97,9240";"4,5823";"6,0790"
"97,9340";"4,5621";"6,0282"
"97,9440";"4,5417";"5,9781"
"97,9540";"4,5214";"5,9261"
"97,9640";"4,5012";"5,8743"
"97,9740";"4,4810";"5,8265"
"97,9840";"4,4608";"5,7788"
"97,9940";"4,4409";"5,7303"
"98,0040";"4,4211";"5,6830"
"98,0140";"4,4013";"5,6374"
"98,0240";"4,3816";"5,5930"
"98,0340";"4,3614";"5,5461"
"98,0440";"4,3414";"5,5007"
"98,0540";"4,3212";"5,4564"
"98,0640";"4,3006";"5,4123"
"98,0740";"4,2801";"5,3675"
"98,0840";"4,2594";"5,3200"
"98,0940";"4,2390";"5,2737"
"98,1040";"4,2191";"5,2316"
"98,1140";"4,1990";"5,1904"
"98,1240";"4,1790";"5,1472"
"98,1340";"4,1595";"5,1031"
"98,1440";"4,1396";"5,0608"
"98,1540";"4,1198";"5,0206"
"98,1640";"4,1000";"4,9808"
"98,1740";"4,0801";"4,9413"
"98,1840";"4,0599";"4,9009"
"98,1940";"4,0400";"4,8609"
"98,2040";"4,0201";"4,8209"
"98,2140";"4,0000";"4,7814"
"98,2240";"3,9801";"4,7432"
"98,2340";"3,9604";"4,7049"
"98,2440";"3,9405";"4,6638"
"98,2540";"3,9207";"4,6248"
"98,2640";"3,9013";"4,5890"
"98,2740";"3,8814";"4,5527"
"98,2840";"3,8615";"4,5146"
"98,2940";"3,8411";"4,4751"
"98,3040";"3,8203";"4,4365"
"98,3140";"3,7996";"4,3976"
"98,3240";"3,7795";"4,3589"
"98,3340";"3,7594";"4,3204"
"98,3440";"3,7392";"4,2824"
"98,3540";"3,7193";"4,2474"
"98,3640";"3,6993";"4,2109"
"98,3740";"3,6794";"4,1748"
"98,3840";"3,6596";"4,1402"
"98,3940";"3,6398";"4,1053"
"98,4040";"3,6198";"4,0680"
"98,4140";"3,5999";"4,0330"
"98,4240";"3,5799";"3,9990"
"98,4340";"3,5598";"3,9632"
"98,4440";"3,5400";"3,9270"
"98,4540";"3,5201";"3,8911"
"98,4640";"3,4999";"3,8571"
"98,4740";"3,4800";"3,8252"
"98,4840";"3,4603";"3,7908"
"98,4940";"3,4404";"3,7558"
"98,5040";"3,4203";"3,7237"
"98,5140";"3,4004";"3,6911"
"98,5240";"3,3802";"3,6547"
"98,5340";"3,3600";"3,6187"
"98,5440";"3,3400";"3,5851"
"98,5540";"3,3200";"3,5514"
"98,5640";"3,3000";"3,5177"
"98,5740";"3,2799";"3,4846"
"98,5840";"3,2597";"3,4529"
"98,5940";"3,2396";"3,4213"
"98,6040";"3,2197";"3,3887"
"98,6140";"3,1998";"3,3552"
"98,6240";"3,1799";"3,3240"
"98,6340";"3,1601";"3,2940"
"98,6440";"3,1402";"3,2613"
"98,6540";"3,1201";"3,2259"
"98,6640";"3,1003";"3,1927"
"98,6740";"3,0805";"3,1622"
"98,6840";"3,0605";"3,1317"
"98,6940";"3,0408";"3,1015"
"98,7040";"3,0209";"3,0724"
"98,7140";"3,0006";"3,0418"
"98,7240";"2,9804";"3,0102"
"98,7340";"2,9605";"2,9785"
"98,7440";"2,9402";"2,9462"
"98,7540";"2,9200";"2,9151"
"98,7640";"2,8998";"2,8826"
"98,7740";"2,8795";"2,8482"
"98,7840";"2,8594";"2,8168"
"98,7940";"2,8396";"2,7885"
"98,8040";"2,8195";"2,7594"
"98,8140";"2,7995";"2,7284"
"98,8240";"2,7796";"2,6968"
"98,8340";"2,7595";"2,6654"
"98,8440";"2,7396";"2,6350"
"98,8540";"2,7199";"2,6044"
"98,8640";"2,6998";"2,5741"
"98,8740";"2,6797";"2,5436"
"98,8840";"2,6599";"2,5148"
"98,8940";"2,6402";"2,4888"
"98,9040";"2,6204";"2,4611"
"98,9140";"2,6010";"2,4328"
"98,9240";"2,5813";"2,4021"
"98,9340";"2,5612";"2,3698"
"98,9440";"2,5409";"2,3383"
"98,9540";"2,5204";"2,3063"
"98,9640";"2,4998";"2,2744"
"98,9740";"2,4796";"2,2447"
"98,9840";"2,4596";"2,2168"
"98,9940";"2,4395";"2,1896"
"99,0040";"2,4195";"2,1604"
"99,0140";"2,3995";"2,1290"
"99,0240";"2,3794";"2,0973"
"99,0340";"2,3595";"2,0680"
"99,0440";"2,3396";"2,0389"
"99,0540";"2,3196";"2,0073"
"99,0640";"2,2997";"1,9786"
"99,0740";"2,2799";"1,9526"
"99,0840";"2,2599";"1,9273"
"99,0940";"2,2400";"1,8991"
"99,1040";"2,2202";"1,8701"
"99,1140";"2,2001";"1,8413"
"99,1240";"2,1799";"1,8124"
"99,1340";"2,1602";"1,7832"
"99,1440";"2,1406";"1,7532"
"99,1540";"2,1209";"1,7241"
"99,1640";"2,1013";"1,6960"
"99,1740";"2,0813";"1,6671"
"99,1840";"2,0608";"1,6366"
"99,1940";"2,0404";"1,6076"
"99,2040";"2,0200";"1,5799"
"99,2140";"1,9997";"1,5511"
"99,2240";"1,9797";"1,5223"
"99,2340";"1,9597";"1,4943"
"99,2440";"1,9395";"1,4648"
"99,2540";"1,9197";"1,4345"
"99,2640";"1,8997";"1,4047"
"99,2740";"1,8797";"1,3759"
"99,2840";"1,8596";"1,3481"
"99,2940";"1,8397";"1,3207"
"99,3040";"1,8195";"1,2918"
"99,3140";"1,7995";"1,2636"
"99,3240";"1,7798";"1,2370"
"99,3340";"1,7597";"1,2106"
"99,3440";"1,7398";"1,1816"
"99,3540";"1,7202";"1,1528"
"99,3640";"1,7004";"1,1238"
"99,3740";"1,6803";"1,0958"
"99,3840";"1,6603";"1,0679"
"99,3940";"1,6401";"1,0393"
"99,4040";"1,6201";"1,0123"
"99,4140";"1,6000";"0,9850"
"99,4240";"1,5799";"0,9573"
"99,4340";"1,5599";"0,9286"
"99,4440";"1,5400";"0,8997"
"99,4540";"1,5200";"0,8704"
"99,4640";"1,4998";"0,8411"
"99,4740";"1,4798";"0,8134"
"99,4840";"1,4600";"0,7858"
"99,4940";"1,4398";"0,7574"
"99,5040";"1,4199";"0,7296"
"99,5140";"1,3999";"0,7016"
"99,5240";"1,3797";"0,6722"
"99,5340";"1,3598";"0,6421"
"99,5440";"1,3398";"0,6118"
"99,5540";"1,3197";"0,5832"
"99,5640";"1,2999";"0,5566"
"99,5740";"1,2802";"0,5301"
"99,5840";"1,2602";"0,5017"
"99,5940";"1,2401";"0,4725"
"99,6040";"1,2201";"0,4458"
"99,6140";"1,1999";"0,4189"
"99,6240";"1,1798";"0,3923"
"99,6340";"1,1601";"0,3649"
"99,6440";"1,1403";"0,3383"
"99,6540";"1,1201";"0,3127"
"99,6640";"1,1002";"0,2869"
"99,6740";"1,0802";"0,2611"
"99,6840";"1,0600";"0,2349"
"99,6940";"1,0401";"0,2095"
"99,7040";"1,0201";"0,1850"
"99,7140";"0,9999";"0,1601"
"99,7240";"0,9800";"0,1351"
"99,7340";"0,9600";"0,1095"
"99,7440";"0,9398";"0,0842"
"99,7540";"0,9199";"0,0608"
"99,7640";"0,9001";"0,0416"
"99,7740";"0,8799";"0,0236"
"99,7840";"0,8602";"0,0047"
"99,7940";"0,8407";"-0,0146"
"99,8040";"0,8208";"-0,0331"
"99,8140";"0,8007";"-0,0513"
"99,8240";"0,7803";"-0,0705"
"99,8340";"0,7599";"-0,0903"
"99,8440";"0,7395";"-0,1067"
"99,8540";"0,7195";"-0,1203"
"99,8640";"0,6994";"-0,1339"
"99,8740";"0,6794";"-0,1478"
"99,8840";"0,6597";"-0,1605"
"99,8940";"0,6399";"-0,1719"
"99,9040";"0,6199";"-0,1827"
"99,9140";"0,6002";"-0,1947"
"99,9240";"0,5802";"-0,2087"
"99,9340";"0,5599";"-0,2227"
"99,9440";"0,5400";"-0,2348"
"99,9540";"0,5200";"-0,2476"
"99,9640";"0,4998";"-0,2608"
"99,9740";"0,4799";"-0,2720"
"99,9840";"0,4601";"-0,2821"
"99,9940";"0,4401";"-0,2906"
"100,0040";"0,4202";"-0,2951"
"100,0140";"0,4002";"-0,3009"
"100,0240";"0,3800";"-0,3103"
"100,0340";"0,3598";"-0,3230"
"100,0440";"0,3399";"-0,3322"
"100,0540";"0,3199";"-0,3375"
"100,0640";"0,3000";"-0,3452"
"100,0740";"0,2803";"-0,3534"
"100,0840";"0,2604";"-0,3618"
"100,0940";"0,2402";"-0,3678"
"100,1040";"0,2204";"-0,3706"
"100,1140";"0,2003";"-0,3727"
"100,1240";"0,1802";"-0,3767"
"100,1340";"0,1602";"-0,3798"
"100,1440";"0,1404";"-0,3810"
"100,1540";"0,1203";"-0,3824"
"100,1640";"0,1005";"-0,3833"
"100,1740";"0,0806";"-0,3835"
"100,1840";"0,0606";"-0,3860"
"100,1940";"0,0406";"-0,3902"
"100,2040";"0,0209";"-0,3933"
"100,2140";"0,0009";"-0,3960"
"100,2160";"-0,0031";"-0,3961"

