Tempo;Spostamento;Forza
(s);(mm);(N)
"0,0000";"0,0000";"-0,0057"
"0,0100";"0,0000";"-0,0062"
"0,0200";"0,0000";"-0,0025"
"0,0300";"0,0000";"0,0018"
"0,0400";"0,0000";"0,0039"
"0,0500";"0,0000";"0,0051"
"0,0600";"0,0000";"0,0064"
"0,0700";"0,0000";"0,0084"
"0,0800";"0,0002";"0,0096"
"0,0900";"0,0002";"0,0068"
"0,1000";"0,0002";"-0,0002"
"0,1100";"0,0004";"-0,0047"
"0,1200";"0,0004";"-0,0045"
"0,1300";"0,0005";"-0,0001"
"0,1400";"0,0006";"0,0005"
"0,1500";"0,0008";"-0,0018"
"0,1600";"0,0012";"-0,0028"
"0,1700";"0,0015";"0,0013"
"0,1800";"0,0021";"0,0075"
"0,1900";"0,0028";"0,0119"
"0,2000";"0,0035";"0,0132"
"0,2100";"0,0042";"0,0117"
"0,2200";"0,0050";"0,0110"
"0,2300";"0,0055";"0,0127"
"0,2400";"0,0063";"0,0160"
"0,2500";"0,0068";"0,0167"
"0,2600";"0,0074";"0,0145"
"0,2700";"0,0080";"0,0140"
"0,2800";"0,0085";"0,0160"
"0,2900";"0,0090";"0,0195"
"0,3000";"0,0094";"0,0225"
"0,3100";"0,0098";"0,0246"
"0,3200";"0,0103";"0,0275"
"0,3300";"0,0105";"0,0304"
"0,3400";"0,0109";"0,0316"
"0,3500";"0,0112";"0,0312"
"0,3600";"0,0116";"0,0321"
"0,3700";"0,0119";"0,0335"
"0,3800";"0,0123";"0,0326"
"0,3900";"0,0126";"0,0296"
"0,4000";"0,0130";"0,0269"
"0,4100";"0,0133";"0,0268"
"0,4200";"0,0137";"0,0287"
"0,4300";"0,0140";"0,0311"
"0,4400";"0,0144";"0,0332"
"0,4500";"0,0148";"0,0339"
"0,4600";"0,0151";"0,0364"
"0,4700";"0,0155";"0,0392"
"0,4800";"0,0157";"0,0411"
"0,4900";"0,0161";"0,0408"
"0,5000";"0,0163";"0,0402"
"0,5100";"0,0166";"0,0409"
"0,5200";"0,0170";"0,0425"
"0,5300";"0,0174";"0,0425"
"0,5400";"0,0177";"0,0405"
"0,5500";"0,0182";"0,0379"
"0,5600";"0,0185";"0,0376"
"0,5700";"0,0189";"0,0396"
"0,5800";"0,0192";"0,0425"
"0,5900";"0,0196";"0,0432"
"0,6000";"0,0200";"0,0423"
"0,6100";"0,0203";"0,0453"
"0,6200";"0,0207";"0,0506"
"0,6300";"0,0209";"0,0532"
"0,6400";"0,0212";"0,0516"
"0,6500";"0,0215";"0,0484"
"0,6600";"0,0217";"0,0472"
"0,6700";"0,0221";"0,0478"
"0,6800";"0,0224";"0,0490"
"0,6900";"0,0228";"0,0507"
"0,7000";"0,0231";"0,0509"
"0,7100";"0,0235";"0,0511"
"0,7200";"0,0238";"0,0536"
"0,7300";"0,0242";"0,0570"
"0,7400";"0,0246";"0,0588"
"0,7500";"0,0249";"0,0583"
"0,7600";"0,0253";"0,0575"
"0,7700";"0,0256";"0,0567"
"0,7800";"0,0260";"0,0572"
"0,7900";"0,0263";"0,0576"
"0,8000";"0,0267";"0,0570"
"0,8100";"0,0269";"0,0579"
"0,8200";"0,0273";"0,0612"
"0,8300";"0,0275";"0,0646"
"0,8400";"0,0279";"0,0654"
"0,8500";"0,0281";"0,0651"
"0,8600";"0,0285";"0,0651"
"0,8700";"0,0288";"0,0646"
"0,8800";"0,0290";"0,0642"
"0,8900";"0,0294";"0,0645"
"0,9000";"0,0297";"0,0649"
"0,9100";"0,0301";"0,0653"
"0,9200";"0,0305";"0,0666"
"0,9300";"0,0308";"0,0681"
"0,9400";"0,0312";"0,0681"
"0,9500";"0,0315";"0,0666"
"0,9600";"0,0319";"0,0647"
"0,9700";"0,0322";"0,0662"
"0,9800";"0,0325";"0,0694"
"0,9900";"0,0328";"0,0699"
"1,0000";"0,0331";"0,0700"
"1,0100";"0,0334";"0,0713"
"1,0200";"0,0336";"0,0743"
"1,0300";"0,0340";"0,0764"
"1,0400";"0,0344";"0,0764"
"1,0500";"0,0347";"0,0768"
"1,0600";"0,0351";"0,0766"
"1,0700";"0,0354";"0,0760"
"1,0800";"0,0358";"0,0742"
"1,0900";"0,0361";"0,0725"
"1,1000";"0,0365";"0,0736"
"1,1100";"0,0368";"0,0765"
"1,1200";"0,0372";"0,0798"
"1,1300";"0,0375";"0,0832"
"1,1400";"0,0379";"0,0858"
"1,1500";"0,0382";"0,0861"
"1,1600";"0,0386";"0,0858"
"1,1700";"0,0388";"0,0870"
"1,1800";"0,0391";"0,0889"
"1,1900";"0,0394";"0,0900"
"1,2000";"0,0398";"0,0897"
"1,2100";"0,0401";"0,0873"
"1,2200";"0,0405";"0,0862"
"1,2300";"0,0408";"0,0844"
"1,2400";"0,0412";"0,0828"
"1,2500";"0,0416";"0,0827"
"1,2600";"0,0419";"0,0862"
"1,2700";"0,0423";"0,0913"
"1,2800";"0,0426";"0,0955"
"1,2900";"0,0430";"0,0969"
"1,3000";"0,0433";"0,0974"
"1,3100";"0,0437";"0,0966"
"1,3200";"0,0439";"0,0948"
"1,3300";"0,0442";"0,0927"
"1,3400";"0,0445";"0,0929"
"1,3500";"0,0449";"0,0928"
"1,3600";"0,0452";"0,0928"
"1,3700";"0,0455";"0,0915"
"1,3800";"0,0458";"0,0928"
"1,3900";"0,0462";"0,0951"
"1,4000";"0,0465";"0,0967"
"1,4100";"0,0469";"0,0982"
"1,4200";"0,0472";"0,1008"
"1,4300";"0,0476";"0,1047"
"1,4400";"0,0479";"0,1074"
"1,4500";"0,0483";"0,1049"
"1,4600";"0,0486";"0,1022"
"1,4700";"0,0489";"0,1010"
"1,4800";"0,0492";"0,1028"
"1,4900";"0,0496";"0,1041"
"1,5000";"0,0499";"0,1042"
"1,5100";"0,0502";"0,1025"
"1,5200";"0,0504";"0,1017"
"1,5300";"0,0508";"0,1030"
"1,5400";"0,0511";"0,1042"
"1,5500";"0,0514";"0,1062"
"1,5600";"0,0517";"0,1085"
"1,5700";"0,0521";"0,1102"
"1,5800";"0,0524";"0,1126"
"1,5900";"0,0528";"0,1140"
"1,6000";"0,0531";"0,1125"
"1,6100";"0,0535";"0,1098"
"1,6200";"0,0538";"0,1087"
"1,6300";"0,0542";"0,1107"
"1,6400";"0,0545";"0,1118"
"1,6500";"0,0548";"0,1110"
"1,6600";"0,0551";"0,1106"
"1,6700";"0,0555";"0,1128"
"1,6800";"0,0557";"0,1152"
"1,6900";"0,0560";"0,1155"
"1,7000";"0,0563";"0,1148"
"1,7100";"0,0567";"0,1171"
"1,7200";"0,0570";"0,1201"
"1,7300";"0,0574";"0,1202"
"1,7400";"0,0577";"0,1190"
"1,7500";"0,0581";"0,1183"
"1,7600";"0,0584";"0,1209"
"1,7700";"0,0588";"0,1228"
"1,7800";"0,0591";"0,1224"
"1,7900";"0,0595";"0,1204"
"1,8000";"0,0599";"0,1191"
"1,8100";"0,0602";"0,1197"
"1,8200";"0,0606";"0,1223"
"1,8300";"0,0609";"0,1259"
"1,8400";"0,0612";"0,1268"
"1,8500";"0,0614";"0,1261"
"1,8600";"0,0617";"0,1262"
"1,8700";"0,0621";"0,1275"
"1,8800";"0,0625";"0,1284"
"1,8900";"0,0628";"0,1275"
"1,9000";"0,0632";"0,1258"
"1,9100";"0,0635";"0,1267"
"1,9200";"0,0640";"0,1288"
"1,9300";"0,0643";"0,1295"
"1,9400";"0,0647";"0,1302"
"1,9500";"0,0650";"0,1319"
"1,9600";"0,0654";"0,1346"
"1,9700";"0,0658";"0,1349"
"1,9800";"0,0660";"0,1342"
"1,9900";"0,0663";"0,1359"
"2,0000";"0,0666";"0,1396"
"2,0100";"0,0669";"0,1432"
"2,0200";"0,0673";"0,1433"
"2,0300";"0,0675";"0,1416"
"2,0400";"0,0679";"0,1405"
"2,0500";"0,0682";"0,1400"
"2,0600";"0,0686";"0,1386"
"2,0700";"0,0689";"0,1377"
"2,0800";"0,0693";"0,1384"
"2,0900";"0,0697";"0,1395"
"2,1000";"0,0700";"0,1404"
"2,1100";"0,0704";"0,1422"
"2,1200";"0,0707";"0,1450"
"2,1300";"0,0711";"0,1469"
"2,1400";"0,0714";"0,1466"
"2,1500";"0,0718";"0,1464"
"2,1600";"0,0721";"0,1469"
"2,1700";"0,0724";"0,1471"
"2,1800";"0,0727";"0,1473"
"2,1900";"0,0730";"0,1482"
"2,2000";"0,0733";"0,1479"
"2,2100";"0,0735";"0,1472"
"2,2200";"0,0739";"0,1460"
"2,2300";"0,0743";"0,1463"
"2,2400";"0,0745";"0,1498"
"2,2500";"0,0748";"0,1525"
"2,2600";"0,0752";"0,1525"
"2,2700";"0,0756";"0,1521"
"2,2800";"0,0758";"0,1533"
"2,2900";"0,0763";"0,1545"
"2,3000";"0,0765";"0,1541"
"2,3100";"0,0769";"0,1545"
"2,3200";"0,0772";"0,1546"
"2,3300";"0,0776";"0,1540"
"2,3400";"0,0778";"0,1526"
"2,3500";"0,0782";"0,1529"
"2,3600";"0,0784";"0,1557"
"2,3700";"0,0787";"0,1587"
"2,3800";"0,0791";"0,1585"
"2,3900";"0,0795";"0,1571"
"2,4000";"0,0798";"0,1580"
"2,4100";"0,0800";"0,1610"
"2,4200";"0,0805";"0,1632"
"2,4300";"0,0809";"0,1636"
"2,4400";"0,0812";"0,1633"
"2,4500";"0,0816";"0,1638"
"2,4600";"0,0819";"0,1632"
"2,4700";"0,0823";"0,1619"
"2,4800";"0,0826";"0,1631"
"2,4900";"0,0830";"0,1645"
"2,5000";"0,0833";"0,1648"
"2,5100";"0,0836";"0,1635"
"2,5200";"0,0838";"0,1636"
"2,5300";"0,0842";"0,1670"
"2,5400";"0,0845";"0,1716"
"2,5500";"0,0848";"0,1730"
"2,5600";"0,0851";"0,1718"
"2,5700";"0,0855";"0,1713"
"2,5800";"0,0859";"0,1704"
"2,5900";"0,0863";"0,1702"
"2,6000";"0,0867";"0,1713"
"2,6100";"0,0870";"0,1723"
"2,6200";"0,0875";"0,1732"
"2,6300";"0,0878";"0,1726"
"2,6400";"0,0882";"0,1736"
"2,6500";"0,0885";"0,1746"
"2,6600";"0,0888";"0,1748"
"2,6700";"0,0891";"0,1745"
"2,6800";"0,0894";"0,1755"
"2,6900";"0,0897";"0,1778"
"2,7000";"0,0900";"0,1793"
"2,7100";"0,0903";"0,1796"
"2,7200";"0,0907";"0,1801"
"2,7300";"0,0910";"0,1814"
"2,7400";"0,0914";"0,1806"
"2,7500";"0,0917";"0,1787"
"2,7600";"0,0921";"0,1797"
"2,7700";"0,0924";"0,1819"
"2,7800";"0,0928";"0,1830"
"2,7900";"0,0931";"0,1834"
"2,8000";"0,0935";"0,1852"
"2,8100";"0,0939";"0,1870"
"2,8200";"0,0942";"0,1871"
"2,8300";"0,0946";"0,1855"
"2,8400";"0,0948";"0,1847"
"2,8500";"0,0952";"0,1866"
"2,8600";"0,0954";"0,1886"
"2,8700";"0,0956";"0,1894"
"2,8800";"0,0960";"0,1879"
"2,8900";"0,0963";"0,1869"
"2,9000";"0,0966";"0,1880"
"2,9100";"0,0969";"0,1894"
"2,9200";"0,0973";"0,1911"
"2,9300";"0,0975";"0,1926"
"2,9400";"0,0979";"0,1926"
"2,9500";"0,0982";"0,1910"
"2,9600";"0,0986";"0,1908"
"2,9700";"0,0989";"0,1911"
"2,9800";"0,0993";"0,1929"
"2,9900";"0,0996";"0,1939"
"3,0000";"0,1000";"0,1949"
"3,0100";"0,1002";"0,1961"
"3,0200";"0,1006";"0,1974"
"3,0300";"0,1008";"0,1971"
"3,0400";"0,1012";"0,1972"
"3,0500";"0,1014";"0,1974"
"3,0600";"0,1018";"0,1980"
"3,0700";"0,1021";"0,1983"
"3,0800";"0,1025";"0,1993"
"3,0900";"0,1028";"0,2013"
"3,1000";"0,1032";"0,2010"
"3,1100";"0,1035";"0,1987"
"3,1200";"0,1039";"0,1982"
"3,1300";"0,1042";"0,2006"
"3,1400";"0,1046";"0,2043"
"3,1500";"0,1050";"0,2054"
"3,1600";"0,1053";"0,2035"
"3,1700";"0,1055";"0,2038"
"3,1800";"0,1059";"0,2062"
"3,1900";"0,1061";"0,2066"
"3,2000";"0,1064";"0,2052"
"3,2100";"0,1067";"0,2051"
"3,2200";"0,1071";"0,2068"
"3,2300";"0,1074";"0,2085"
"3,2400";"0,1078";"0,2086"
"3,2500";"0,1081";"0,2089"
"3,2600";"0,1085";"0,2095"
"3,2700";"0,1090";"0,2115"
"3,2800";"0,1093";"0,2127"
"3,2900";"0,1097";"0,2128"
"3,3000";"0,1100";"0,2120"
"3,3100";"0,1104";"0,2116"
"3,3200";"0,1107";"0,2107"
"3,3300";"0,1111";"0,2110"
"3,3400";"0,1114";"0,2123"
"3,3500";"0,1117";"0,2141"
"3,3600";"0,1120";"0,2154"
"3,3700";"0,1123";"0,2177"
"3,3800";"0,1126";"0,2201"
"3,3900";"0,1130";"0,2196"
"3,4000";"0,1133";"0,2188"
"3,4100";"0,1137";"0,2194"
"3,4200";"0,1140";"0,2202"
"3,4300";"0,1144";"0,2185"
"3,4400";"0,1147";"0,2167"
"3,4500";"0,1151";"0,2188"
"3,4600";"0,1155";"0,2238"
"3,4700";"0,1158";"0,2261"
"3,4800";"0,1162";"0,2227"
"3,4900";"0,1165";"0,2191"
"3,5000";"0,1169";"0,2207"
"3,5100";"0,1171";"0,2251"
"3,5200";"0,1175";"0,2269"
"3,5300";"0,1177";"0,2265"
"3,5400";"0,1179";"0,2272"
"3,5500";"0,1183";"0,2286"
"3,5600";"0,1185";"0,2286"
"3,5700";"0,1189";"0,2260"
"3,5800";"0,1192";"0,2257"
"3,5900";"0,1195";"0,2273"
"3,6000";"0,1198";"0,2287"
"3,6100";"0,1202";"0,2288"
"3,6200";"0,1205";"0,2288"
"3,6300";"0,1210";"0,2304"
"3,6400";"0,1214";"0,2307"
"3,6500";"0,1216";"0,2305"
"3,6600";"0,1221";"0,2302"
"3,6700";"0,1223";"0,2301"
"3,6800";"0,1227";"0,2308"
"3,6900";"0,1229";"0,2324"
"3,7000";"0,1232";"0,2344"
"3,7100";"0,1235";"0,2365"
"3,7200";"0,1238";"0,2370"
"3,7300";"0,1241";"0,2351"
"3,7400";"0,1244";"0,2348"
"3,7500";"0,1248";"0,2368"
"3,7600";"0,1251";"0,2375"
"3,7700";"0,1255";"0,2364"
"3,7800";"0,1258";"0,2366"
"3,7900";"0,1262";"0,2387"
"3,8000";"0,1266";"0,2408"
"3,8100";"0,1269";"0,2411"
"3,8200";"0,1273";"0,2411"
"3,8300";"0,1276";"0,2414"
"3,8400";"0,1280";"0,2419"
"3,8500";"0,1282";"0,2423"
"3,8600";"0,1286";"0,2413"
"3,8700";"0,1288";"0,2406"
"3,8800";"0,1290";"0,2408"
"3,8900";"0,1294";"0,2420"
"3,9000";"0,1297";"0,2445"
"3,9100";"0,1301";"0,2470"
"3,9200";"0,1305";"0,2477"
"3,9300";"0,1308";"0,2460"
"3,9400";"0,1312";"0,2458"
"3,9500";"0,1315";"0,2464"
"3,9600";"0,1320";"0,2487"
"3,9700";"0,1322";"0,2493"
"3,9800";"0,1327";"0,2493"
"3,9900";"0,1329";"0,2487"
"4,0000";"0,1333";"0,2484"
"4,0100";"0,1336";"0,2474"
"4,0200";"0,1339";"0,2473"
"4,0300";"0,1342";"0,2489"
"4,0400";"0,1345";"0,2513"
"4,0500";"0,1348";"0,2527"
"4,0600";"0,1352";"0,2541"
"4,0700";"0,1355";"0,2560"
"4,0800";"0,1359";"0,2563"
"4,0900";"0,1362";"0,2551"
"4,1000";"0,1366";"0,2539"
"4,1100";"0,1369";"0,2527"
"4,1200";"0,1373";"0,2537"
"4,1300";"0,1377";"0,2542"
"4,1400";"0,1380";"0,2548"
"4,1500";"0,1384";"0,2576"
"4,1600";"0,1387";"0,2604"
"4,1700";"0,1391";"0,2617"
"4,1800";"0,1394";"0,2632"
"4,1900";"0,1398";"0,2650"
"4,2000";"0,1401";"0,2655"
"4,2100";"0,1404";"0,2639"
"4,2200";"0,1407";"0,2629"
"4,2300";"0,1410";"0,2638"
"4,2400";"0,1413";"0,2645"
"4,2500";"0,1417";"0,2640"
"4,2600";"0,1419";"0,2623"
"4,2700";"0,1423";"0,2610"
"4,2800";"0,1426";"0,2631"
"4,2900";"0,1428";"0,2652"
"4,3000";"0,1432";"0,2658"
"4,3100";"0,1436";"0,2652"
"4,3200";"0,1439";"0,2657"
"4,3300";"0,1443";"0,2668"
"4,3400";"0,1447";"0,2670"
"4,3500";"0,1450";"0,2671"
"4,3600";"0,1453";"0,2665"
"4,3700";"0,1456";"0,2668"
"4,3800";"0,1459";"0,2683"
"4,3900";"0,1462";"0,2710"
"4,4000";"0,1465";"0,2737"
"4,4100";"0,1467";"0,2735"
"4,4200";"0,1471";"0,2717"
"4,4300";"0,1475";"0,2719"
"4,4400";"0,1478";"0,2741"
"4,4500";"0,1482";"0,2746"
"4,4600";"0,1485";"0,2736"
"4,4700";"0,1489";"0,2744"
"4,4800";"0,1492";"0,2757"
"4,4900";"0,1496";"0,2764"
"4,5000";"0,1499";"0,2760"
"4,5100";"0,1503";"0,2764"
"4,5200";"0,1506";"0,2778"
"4,5300";"0,1509";"0,2787"
"4,5400";"0,1512";"0,2788"
"4,5500";"0,1515";"0,2796"
"4,5600";"0,1518";"0,2820"
"4,5700";"0,1521";"0,2829"
"4,5800";"0,1525";"0,2828"
"4,5900";"0,1529";"0,2815"
"4,6000";"0,1532";"0,2803"
"4,6100";"0,1536";"0,2811"
"4,6200";"0,1539";"0,2840"
"4,6300";"0,1543";"0,2870"
"4,6400";"0,1547";"0,2880"
"4,6500";"0,1550";"0,2858"
"4,6600";"0,1555";"0,2828"
"4,6700";"0,1557";"0,2825"
"4,6800";"0,1561";"0,2866"
"4,6900";"0,1563";"0,2891"
"4,7000";"0,1567";"0,2885"
"4,7100";"0,1570";"0,2880"
"4,7200";"0,1572";"0,2906"
"4,7300";"0,1576";"0,2930"
"4,7400";"0,1580";"0,2919"
"4,7500";"0,1583";"0,2894"
"4,7600";"0,1587";"0,2898"
"4,7700";"0,1590";"0,2914"
"4,7800";"0,1594";"0,2913"
"4,7900";"0,1597";"0,2888"
"4,8000";"0,1601";"0,2874"
"4,8100";"0,1606";"0,2900"
"4,8200";"0,1609";"0,2926"
"4,8300";"0,1613";"0,2936"
"4,8400";"0,1616";"0,2948"
"4,8500";"0,1619";"0,2981"
"4,8600";"0,1622";"0,3000"
"4,8700";"0,1624";"0,2989"
"4,8800";"0,1627";"0,2971"
"4,8900";"0,1630";"0,2972"
"4,9000";"0,1633";"0,2979"
"4,9100";"0,1636";"0,2990"
"4,9200";"0,1639";"0,3002"
"4,9300";"0,1642";"0,3007"
"4,9400";"0,1646";"0,3011"
"4,9500";"0,1648";"0,3012"
"4,9600";"0,1652";"0,3020"
"4,9700";"0,1655";"0,3027"
"4,9800";"0,1659";"0,3023"
"4,9900";"0,1662";"0,3011"
"5,0000";"0,1666";"0,3021"
"5,0100";"0,1669";"0,3046"
"5,0200";"0,1672";"0,3051"
"5,0300";"0,1675";"0,3039"
"5,0400";"0,1678";"0,3048"
"5,0500";"0,1681";"0,3062"
"5,0600";"0,1685";"0,3063"
"5,0700";"0,1687";"0,3063"
"5,0800";"0,1691";"0,3078"
"5,0900";"0,1694";"0,3098"
"5,1000";"0,1698";"0,3102"
"5,1100";"0,1701";"0,3093"
"5,1200";"0,1705";"0,3082"
"5,1300";"0,1708";"0,3087"
"5,1400";"0,1712";"0,3095"
"5,1500";"0,1715";"0,3095"
"5,1600";"0,1719";"0,3097"
"5,1700";"0,1722";"0,3111"
"5,1800";"0,1726";"0,3123"
"5,1900";"0,1730";"0,3144"
"5,2000";"0,1732";"0,3162"
"5,2100";"0,1735";"0,3168"
"5,2200";"0,1738";"0,3161"
"5,2300";"0,1741";"0,3135"
"5,2400";"0,1745";"0,3127"
"5,2500";"0,1748";"0,3150"
"5,2600";"0,1752";"0,3176"
"5,2700";"0,1755";"0,3171"
"5,2800";"0,1759";"0,3161"
"5,2900";"0,1764";"0,3174"
"5,3000";"0,1767";"0,3192"
"5,3100";"0,1771";"0,3188"
"5,3200";"0,1774";"0,3180"
"5,3300";"0,1778";"0,3185"
"5,3400";"0,1780";"0,3188"
"5,3500";"0,1784";"0,3191"
"5,3600";"0,1786";"0,3204"
"5,3700";"0,1790";"0,3235"
"5,3800";"0,1792";"0,3252"
"5,3900";"0,1796";"0,3235"
"5,4000";"0,1799";"0,3216"
"5,4100";"0,1802";"0,3217"
"5,4200";"0,1805";"0,3229"
"5,4300";"0,1809";"0,3233"
"5,4400";"0,1812";"0,3235"
"5,4500";"0,1816";"0,3242"
"5,4600";"0,1819";"0,3265"
"5,4700";"0,1823";"0,3280"
"5,4800";"0,1826";"0,3269"
"5,4900";"0,1830";"0,3270"
"5,5000";"0,1833";"0,3286"
"5,5100";"0,1837";"0,3297"
"5,5200";"0,1840";"0,3295"
"5,5300";"0,1844";"0,3291"
"5,5400";"0,1848";"0,3305"
"5,5500";"0,1850";"0,3328"
"5,5600";"0,1853";"0,3332"
"5,5700";"0,1856";"0,3330"
"5,5800";"0,1859";"0,3335"
"5,5900";"0,1863";"0,3334"
"5,6000";"0,1865";"0,3326"
"5,6100";"0,1869";"0,3328"
"5,6200";"0,1872";"0,3334"
"5,6300";"0,1875";"0,3341"
"5,6400";"0,1879";"0,3349"
"5,6500";"0,1882";"0,3369"
"5,6600";"0,1885";"0,3399"
"5,6700";"0,1889";"0,3401"
"5,6800";"0,1892";"0,3389"
"5,6900";"0,1896";"0,3382"
"5,7000";"0,1900";"0,3381"
"5,7100";"0,1902";"0,3387"
"5,7200";"0,1905";"0,3383"
"5,7300";"0,1909";"0,3404"
"5,7400";"0,1911";"0,3438"
"5,7500";"0,1915";"0,3441"
"5,7600";"0,1917";"0,3425"
"5,7700";"0,1921";"0,3411"
"5,7800";"0,1924";"0,3412"
"5,7900";"0,1928";"0,3417"
"5,8000";"0,1931";"0,3422"
"5,8100";"0,1935";"0,3426"
"5,8200";"0,1938";"0,3450"
"5,8300";"0,1941";"0,3480"
"5,8400";"0,1944";"0,3495"
"5,8500";"0,1948";"0,3484"
"5,8600";"0,1951";"0,3488"
"5,8700";"0,1955";"0,3496"
"5,8800";"0,1957";"0,3488"
"5,8900";"0,1960";"0,3485"
"5,9000";"0,1963";"0,3489"
"5,9100";"0,1967";"0,3499"
"5,9200";"0,1970";"0,3501"
"5,9300";"0,1974";"0,3505"
"5,9400";"0,1977";"0,3518"
"5,9500";"0,1981";"0,3522"
"5,9600";"0,1986";"0,3507"
"5,9700";"0,1989";"0,3504"
"5,9800";"0,1993";"0,3526"
"5,9900";"0,1997";"0,3552"
"6,0000";"0,2001";"0,3552"
"6,0100";"0,2005";"0,3541"
"6,0200";"0,2007";"0,3550"
"6,0300";"0,2010";"0,3567"
"6,0400";"0,2013";"0,3560"
"6,0500";"0,2016";"0,3538"
"6,0600";"0,2020";"0,3536"
"6,0700";"0,2022";"0,3550"
"6,0800";"0,2026";"0,3568"
"6,0900";"0,2029";"0,3574"
"6,1000";"0,2033";"0,3591"
"6,1100";"0,2036";"0,3607"
"6,1200";"0,2040";"0,3612"
"6,1300";"0,2044";"0,3615"
"6,1400";"0,2047";"0,3619"
"6,1500";"0,2052";"0,3623"
"6,1600";"0,2054";"0,3628"
"6,1700";"0,2058";"0,3628"
"6,1800";"0,2061";"0,3633"
"6,1900";"0,2065";"0,3647"
"6,2000";"0,2068";"0,3650"
"6,2100";"0,2071";"0,3643"
"6,2200";"0,2074";"0,3645"
"6,2300";"0,2077";"0,3645"
"6,2400";"0,2079";"0,3647"
"6,2500";"0,2082";"0,3647"
"6,2600";"0,2086";"0,3649"
"6,2700";"0,2088";"0,3659"
"6,2800";"0,2092";"0,3668"
"6,2900";"0,2095";"0,3667"
"6,3000";"0,2098";"0,3672"
"6,3100";"0,2101";"0,3693"
"6,3200";"0,2105";"0,3704"
"6,3300";"0,2108";"0,3696"
"6,3400";"0,2112";"0,3685"
"6,3500";"0,2116";"0,3694"
"6,3600";"0,2119";"0,3711"
"6,3700";"0,2123";"0,3714"
"6,3800";"0,2125";"0,3707"
"6,3900";"0,2127";"0,3703"
"6,4000";"0,2131";"0,3710"
"6,4100";"0,2134";"0,3723"
"6,4200";"0,2137";"0,3745"
"6,4300";"0,2140";"0,3762"
"6,4400";"0,2144";"0,3766"
"6,4500";"0,2147";"0,3754"
"6,4600";"0,2151";"0,3761"
"6,4700";"0,2155";"0,3782"
"6,4800";"0,2158";"0,3791"
"6,4900";"0,2162";"0,3775"
"6,5000";"0,2165";"0,3779"
"6,5100";"0,2169";"0,3809"
"6,5200";"0,2173";"0,3822"
"6,5300";"0,2177";"0,3809"
"6,5400";"0,2179";"0,3810"
"6,5500";"0,2183";"0,3830"
"6,5600";"0,2185";"0,3839"
"6,5700";"0,2189";"0,3819"
"6,5800";"0,2191";"0,3793"
"6,5900";"0,2195";"0,3807"
"6,6000";"0,2198";"0,3848"
"6,6100";"0,2202";"0,3858"
"6,6200";"0,2205";"0,3840"
"6,6300";"0,2210";"0,3831"
"6,6400";"0,2214";"0,3847"
"6,6500";"0,2217";"0,3865"
"6,6600";"0,2221";"0,3853"
"6,6700";"0,2225";"0,3834"
"6,6800";"0,2228";"0,3839"
"6,6900";"0,2231";"0,3880"
"6,7000";"0,2234";"0,3928"
"6,7100";"0,2237";"0,3939"
"6,7200";"0,2240";"0,3911"
"6,7300";"0,2243";"0,3886"
"6,7400";"0,2247";"0,3900"
"6,7500";"0,2250";"0,3919"
"6,7600";"0,2254";"0,3913"
"6,7700";"0,2256";"0,3883"
"6,7800";"0,2261";"0,3879"
"6,7900";"0,2264";"0,3908"
"6,8000";"0,2268";"0,3953"
"6,8100";"0,2271";"0,3979"
"6,8200";"0,2275";"0,3985"
"6,8300";"0,2278";"0,4002"
"6,8400";"0,2282";"0,4005"
"6,8500";"0,2286";"0,3972"
"6,8600";"0,2288";"0,3940"
"6,8700";"0,2291";"0,3941"
"6,8800";"0,2295";"0,3973"
"6,8900";"0,2297";"0,3996"
"6,9000";"0,2301";"0,3987"
"6,9100";"0,2303";"0,3980"
"6,9200";"0,2307";"0,3988"
"6,9300";"0,2310";"0,4016"
"6,9400";"0,2313";"0,4036"
"6,9500";"0,2316";"0,4039"
"6,9600";"0,2320";"0,4029"
"6,9700";"0,2323";"0,4030"
"6,9800";"0,2326";"0,4029"
"6,9900";"0,2329";"0,4030"
"7,0000";"0,2333";"0,4032"
"7,0100";"0,2336";"0,4032"
"7,0200";"0,2340";"0,4034"
"7,0300";"0,2343";"0,4037"
"7,0400";"0,2347";"0,4055"
"7,0500";"0,2350";"0,4065"
"7,0600";"0,2354";"0,4056"
"7,0700";"0,2356";"0,4059"
"7,0800";"0,2360";"0,4088"
"7,0900";"0,2362";"0,4103"
"7,1000";"0,2366";"0,4092"
"7,1100";"0,2369";"0,4074"
"7,1200";"0,2372";"0,4088"
"7,1300";"0,2375";"0,4098"
"7,1400";"0,2379";"0,4095"
"7,1500";"0,2382";"0,4080"
"7,1600";"0,2386";"0,4093"
"7,1700";"0,2388";"0,4118"
"7,1800";"0,2393";"0,4130"
"7,1900";"0,2395";"0,4135"
"7,2000";"0,2399";"0,4150"
"7,2100";"0,2402";"0,4151"
"7,2200";"0,2405";"0,4147"
"7,2300";"0,2407";"0,4140"
"7,2400";"0,2411";"0,4143"
"7,2500";"0,2414";"0,4163"
"7,2600";"0,2418";"0,4180"
"7,2700";"0,2421";"0,4170"
"7,2800";"0,2425";"0,4164"
"7,2900";"0,2428";"0,4175"
"7,3000";"0,2432";"0,4175"
"7,3100";"0,2437";"0,4162"
"7,3200";"0,2440";"0,4170"
"7,3300";"0,2444";"0,4180"
"7,3400";"0,2447";"0,4189"
"7,3500";"0,2451";"0,4195"
"7,3600";"0,2454";"0,4207"
"7,3700";"0,2457";"0,4231"
"7,3800";"0,2460";"0,4236"
"7,3900";"0,2463";"0,4228"
"7,4000";"0,2466";"0,4225"
"7,4100";"0,2470";"0,4235"
"7,4200";"0,2473";"0,4237"
"7,4300";"0,2477";"0,4239"
"7,4400";"0,2479";"0,4246"
"7,4500";"0,2483";"0,4243"
"7,4600";"0,2486";"0,4246"
"7,4700";"0,2490";"0,4252"
"7,4800";"0,2493";"0,4254"
"7,4900";"0,2498";"0,4258"
"7,5000";"0,2502";"0,4252"
"7,5100";"0,2505";"0,4252"
"7,5200";"0,2507";"0,4287"
"7,5300";"0,2511";"0,4327"
"7,5400";"0,2515";"0,4332"
"7,5500";"0,2517";"0,4308"
"7,5600";"0,2519";"0,4299"
"7,5700";"0,2523";"0,4316"
"7,5800";"0,2526";"0,4333"
"7,5900";"0,2529";"0,4321"
"7,6000";"0,2532";"0,4305"
"7,6100";"0,2535";"0,4316"
"7,6200";"0,2538";"0,4350"
"7,6300";"0,2542";"0,4354"
"7,6400";"0,2545";"0,4331"
"7,6500";"0,2549";"0,4318"
"7,6600";"0,2552";"0,4330"
"7,6700";"0,2556";"0,4354"
"7,6800";"0,2559";"0,4370"
"7,6900";"0,2562";"0,4376"
"7,7000";"0,2567";"0,4383"
"7,7100";"0,2569";"0,4385"
"7,7200";"0,2572";"0,4392"
"7,7300";"0,2576";"0,4382"
"7,7400";"0,2578";"0,4363"
"7,7500";"0,2582";"0,4363"
"7,7600";"0,2584";"0,4391"
"7,7700";"0,2588";"0,4411"
"7,7800";"0,2591";"0,4398"
"7,7900";"0,2594";"0,4382"
"7,8000";"0,2597";"0,4400"
"7,8100";"0,2601";"0,4435"
"7,8200";"0,2604";"0,4469"
"7,8300";"0,2609";"0,4471"
"7,8400";"0,2613";"0,4447"
"7,8500";"0,2616";"0,4444"
"7,8600";"0,2620";"0,4449"
"7,8700";"0,2623";"0,4441"
"7,8800";"0,2627";"0,4432"
"7,8900";"0,2629";"0,4438"
"7,9000";"0,2633";"0,4477"
"7,9100";"0,2635";"0,4509"
"7,9200";"0,2637";"0,4504"
"7,9300";"0,2641";"0,4481"
"7,9400";"0,2644";"0,4466"
"7,9500";"0,2648";"0,4463"
"7,9600";"0,2652";"0,4472"
"7,9700";"0,2656";"0,4487"
"7,9800";"0,2660";"0,4506"
"7,9900";"0,2663";"0,4525"
"8,0000";"0,2667";"0,4540"
"8,0100";"0,2670";"0,4548"
"8,0200";"0,2674";"0,4540"
"8,0300";"0,2677";"0,4512"
"8,0400";"0,2680";"0,4501"
"8,0500";"0,2683";"0,4525"
"8,0600";"0,2686";"0,4554"
"8,0700";"0,2689";"0,4568"
"8,0800";"0,2693";"0,4574"
"8,0900";"0,2696";"0,4587"
"8,1000";"0,2700";"0,4600"
"8,1100";"0,2703";"0,4588"
"8,1200";"0,2707";"0,4559"
"8,1300";"0,2711";"0,4556"
"8,1400";"0,2714";"0,4580"
"8,1500";"0,2718";"0,4600"
"8,1600";"0,2721";"0,4607"
"8,1700";"0,2725";"0,4605"
"8,1800";"0,2728";"0,4616"
"8,1900";"0,2732";"0,4644"
"8,2000";"0,2734";"0,4648"
"8,2100";"0,2738";"0,4636"
"8,2200";"0,2741";"0,4620"
"8,2300";"0,2745";"0,4606"
"8,2400";"0,2747";"0,4613"
"8,2500";"0,2751";"0,4637"
"8,2600";"0,2754";"0,4664"
"8,2700";"0,2757";"0,4671"
"8,2800";"0,2760";"0,4666"
"8,2900";"0,2764";"0,4658"
"8,3000";"0,2766";"0,4655"
"8,3100";"0,2770";"0,4653"
"8,3200";"0,2773";"0,4662"
"8,3300";"0,2777";"0,4689"
"8,3400";"0,2780";"0,4717"
"8,3500";"0,2784";"0,4725"
"8,3600";"0,2788";"0,4701"
"8,3700";"0,2792";"0,4685"
"8,3800";"0,2796";"0,4690"
"8,3900";"0,2798";"0,4700"
"8,4000";"0,2800";"0,4708"
"8,4100";"0,2804";"0,4710"
"8,4200";"0,2806";"0,4720"
"8,4300";"0,2810";"0,4723"
"8,4400";"0,2812";"0,4732"
"8,4500";"0,2816";"0,4742"
"8,4600";"0,2819";"0,4746"
"8,4700";"0,2822";"0,4738"
"8,4800";"0,2825";"0,4739"
"8,4900";"0,2829";"0,4756"
"8,5000";"0,2832";"0,4771"
"8,5100";"0,2836";"0,4777"
"8,5200";"0,2839";"0,4783"
"8,5300";"0,2842";"0,4785"
"8,5400";"0,2846";"0,4786"
"8,5500";"0,2849";"0,4775"
"8,5600";"0,2852";"0,4768"
"8,5700";"0,2855";"0,4767"
"8,5800";"0,2858";"0,4775"
"8,5900";"0,2860";"0,4801"
"8,6000";"0,2864";"0,4829"
"8,6100";"0,2868";"0,4837"
"8,6200";"0,2871";"0,4834"
"8,6300";"0,2875";"0,4832"
"8,6400";"0,2878";"0,4837"
"8,6500";"0,2882";"0,4830"
"8,6600";"0,2885";"0,4827"
"8,6700";"0,2890";"0,4836"
"8,6800";"0,2894";"0,4850"
"8,6900";"0,2897";"0,4861"
"8,7000";"0,2899";"0,4863"
"8,7100";"0,2903";"0,4869"
"8,7200";"0,2907";"0,4870"
"8,7300";"0,2910";"0,4872"
"8,7400";"0,2912";"0,4888"
"8,7500";"0,2916";"0,4897"
"8,7600";"0,2920";"0,4883"
"8,7700";"0,2923";"0,4864"
"8,7800";"0,2927";"0,4866"
"8,7900";"0,2930";"0,4898"
"8,8000";"0,2934";"0,4916"
"8,8100";"0,2937";"0,4900"
"8,8200";"0,2941";"0,4879"
"8,8300";"0,2944";"0,4894"
"8,8400";"0,2948";"0,4919"
"8,8500";"0,2951";"0,4906"
"8,8600";"0,2955";"0,4899"
"8,8700";"0,2957";"0,4921"
"8,8800";"0,2961";"0,4958"
"8,8900";"0,2964";"0,4986"
"8,9000";"0,2967";"0,4986"
"8,9100";"0,2969";"0,4973"
"8,9200";"0,2973";"0,4960"
"8,9300";"0,2975";"0,4955"
"8,9400";"0,2979";"0,4947"
"8,9500";"0,2982";"0,4958"
"8,9600";"0,2984";"0,4967"
"8,9700";"0,2988";"0,4971"
"8,9800";"0,2992";"0,4971"
"8,9900";"0,2995";"0,4977"
"9,0000";"0,2999";"0,4977"
"9,0100";"0,3002";"0,4975"
"9,0200";"0,3006";"0,4983"
"9,0300";"0,3009";"0,5001"
"9,0400";"0,3013";"0,5011"
"9,0500";"0,3015";"0,5011"
"9,0600";"0,3019";"0,5020"
"9,0700";"0,3022";"0,5034"
"9,0800";"0,3025";"0,5039"
"9,0900";"0,3028";"0,5032"
"9,1000";"0,3032";"0,5023"
"9,1100";"0,3034";"0,5025"
"9,1200";"0,3038";"0,5041"
"9,1300";"0,3041";"0,5049"
"9,1400";"0,3045";"0,5043"
"9,1500";"0,3048";"0,5048"
"9,1600";"0,3052";"0,5060"
"9,1700";"0,3055";"0,5064"
"9,1800";"0,3059";"0,5053"
"9,1900";"0,3062";"0,5062"
"9,2000";"0,3066";"0,5072"
"9,2100";"0,3069";"0,5082"
"9,2200";"0,3073";"0,5089"
"9,2300";"0,3077";"0,5095"
"9,2400";"0,3080";"0,5103"
"9,2500";"0,3082";"0,5113"
"9,2600";"0,3086";"0,5122"
"9,2700";"0,3088";"0,5142"
"9,2800";"0,3092";"0,5168"
"9,2900";"0,3095";"0,5162"
"9,3000";"0,3099";"0,5143"
"9,3100";"0,3102";"0,5147"
"9,3200";"0,3106";"0,5165"
"9,3300";"0,3110";"0,5176"
"9,3400";"0,3114";"0,5162"
"9,3500";"0,3117";"0,5160"
"9,3600";"0,3121";"0,5184"
"9,3700";"0,3124";"0,5189"
"9,3800";"0,3127";"0,5150"
"9,3900";"0,3130";"0,5112"
"9,4000";"0,3133";"0,5141"
"9,4100";"0,3137";"0,5200"
"9,4200";"0,3139";"0,5234"
"9,4300";"0,3143";"0,5215"
"9,4400";"0,3146";"0,5199"
"9,4500";"0,3150";"0,5202"
"9,4600";"0,3153";"0,5204"
"9,4700";"0,3157";"0,5193"
"9,4800";"0,3160";"0,5188"
"9,4900";"0,3164";"0,5197"
"9,5000";"0,3167";"0,5222"
"9,5100";"0,3171";"0,5250"
"9,5200";"0,3175";"0,5259"
"9,5300";"0,3178";"0,5246"
"9,5400";"0,3180";"0,5224"
"9,5500";"0,3184";"0,5234"
"9,5600";"0,3187";"0,5257"
"9,5700";"0,3190";"0,5250"
"9,5800";"0,3193";"0,5236"
"9,5900";"0,3196";"0,5247"
"9,6000";"0,3199";"0,5272"
"9,6100";"0,3202";"0,5278"
"9,6200";"0,3205";"0,5253"
"9,6300";"0,3208";"0,5244"
"9,6400";"0,3211";"0,5285"
"9,6500";"0,3215";"0,5325"
"9,6600";"0,3218";"0,5309"
"9,6700";"0,3222";"0,5264"
"9,6800";"0,3224";"0,5253"
"9,6900";"0,3228";"0,5296"
"9,7000";"0,3232";"0,5338"
"9,7100";"0,3236";"0,5328"
"9,7200";"0,3239";"0,5303"
"9,7300";"0,3243";"0,5302"
"9,7400";"0,3247";"0,5327"
"9,7500";"0,3249";"0,5355"
"9,7600";"0,3252";"0,5354"
"9,7700";"0,3255";"0,5340"
"9,7800";"0,3258";"0,5337"
"9,7900";"0,3261";"0,5348"
"9,8000";"0,3264";"0,5373"
"9,8100";"0,3268";"0,5388"
"9,8200";"0,3270";"0,5374"
"9,8300";"0,3275";"0,5360"
"9,8400";"0,3277";"0,5366"
"9,8500";"0,3282";"0,5389"
"9,8600";"0,3285";"0,5391"
"9,8700";"0,3289";"0,5388"
"9,8800";"0,3293";"0,5395"
"9,8900";"0,3296";"0,5414"
"9,9000";"0,3298";"0,5425"
"9,9100";"0,3302";"0,5411"
"9,9200";"0,3304";"0,5405"
"9,9300";"0,3308";"0,5415"
"9,9400";"0,3310";"0,5419"
"9,9500";"0,3314";"0,5414"
"9,9600";"0,3317";"0,5419"
"9,9700";"0,3321";"0,5439"
"9,9800";"0,3324";"0,5452"
"9,9900";"0,3328";"0,5447"
"10,0000";"0,3333";"0,5443"
"10,0100";"0,3336";"0,5453"
"10,0200";"0,3340";"0,5470"
"10,0300";"0,3343";"0,5480"
"10,0400";"0,3347";"0,5488"
"10,0500";"0,3350";"0,5511"
"10,0600";"0,3353";"0,5517"
"10,0700";"0,3356";"0,5504"
"10,0800";"0,3360";"0,5495"
"10,0900";"0,3362";"0,5502"
"10,1000";"0,3366";"0,5505"
"10,1100";"0,3369";"0,5503"
"10,1200";"0,3373";"0,5502"
"10,1300";"0,3376";"0,5507"
"10,1400";"0,3381";"0,5521"
"10,1500";"0,3385";"0,5524"
"10,1600";"0,3388";"0,5518"
"10,1700";"0,3392";"0,5526"
"10,1800";"0,3395";"0,5538"
"10,1900";"0,3399";"0,5541"
"10,2000";"0,3402";"0,5538"
"10,2100";"0,3405";"0,5543"
"10,2200";"0,3408";"0,5551"
"10,2300";"0,3412";"0,5553"
"10,2400";"0,3414";"0,5555"
"10,2500";"0,3418";"0,5570"
"10,2600";"0,3420";"0,5585"
"10,2700";"0,3422";"0,5582"
"10,2800";"0,3426";"0,5568"
"10,2900";"0,3430";"0,5567"
"10,3000";"0,3432";"0,5578"
"10,3100";"0,3435";"0,5574"
"10,3200";"0,3439";"0,5576"
"10,3300";"0,3442";"0,5589"
"10,3400";"0,3446";"0,5600"
"10,3500";"0,3450";"0,5608"
"10,3600";"0,3452";"0,5602"
"10,3700";"0,3455";"0,5612"
"10,3800";"0,3459";"0,5622"
"10,3900";"0,3463";"0,5615"
"10,4000";"0,3466";"0,5602"
"10,4100";"0,3470";"0,5612"
"10,4200";"0,3473";"0,5626"
"10,4300";"0,3476";"0,5648"
"10,4400";"0,3478";"0,5659"
"10,4500";"0,3481";"0,5676"
"10,4600";"0,3484";"0,5689"
"10,4700";"0,3487";"0,5665"
"10,4800";"0,3491";"0,5642"
"10,4900";"0,3494";"0,5643"
"10,5000";"0,3498";"0,5658"
"10,5100";"0,3503";"0,5666"
"10,5200";"0,3506";"0,5672"
"10,5300";"0,3510";"0,5686"
"10,5400";"0,3513";"0,5698"
"10,5500";"0,3517";"0,5702"
"10,5600";"0,3520";"0,5703"
"10,5700";"0,3524";"0,5711"
"10,5800";"0,3527";"0,5720"
"10,5900";"0,3530";"0,5720"
"10,6000";"0,3532";"0,5707"
"10,6100";"0,3536";"0,5699"
"10,6200";"0,3539";"0,5703"
"10,6300";"0,3542";"0,5710"
"10,6400";"0,3545";"0,5717"
"10,6500";"0,3549";"0,5725"
"10,6600";"0,3552";"0,5736"
"10,6700";"0,3556";"0,5745"
"10,6800";"0,3559";"0,5749"
"10,6900";"0,3563";"0,5752"
"10,7000";"0,3566";"0,5771"
"10,7100";"0,3570";"0,5789"
"10,7200";"0,3572";"0,5807"
"10,7300";"0,3576";"0,5813"
"10,7400";"0,3579";"0,5814"
"10,7500";"0,3582";"0,5795"
"10,7600";"0,3585";"0,5773"
"10,7700";"0,3589";"0,5763"
"10,7800";"0,3592";"0,5773"
"10,7900";"0,3596";"0,5796"
"10,8000";"0,3600";"0,5812"
"10,8100";"0,3603";"0,5818"
"10,8200";"0,3607";"0,5828"
"10,8300";"0,3609";"0,5823"
"10,8400";"0,3612";"0,5826"
"10,8500";"0,3617";"0,5832"
"10,8600";"0,3620";"0,5852"
"10,8700";"0,3624";"0,5871"
"10,8800";"0,3627";"0,5861"
"10,8900";"0,3630";"0,5836"
"10,9000";"0,3634";"0,5837"
"10,9100";"0,3637";"0,5851"
"10,9200";"0,3641";"0,5849"
"10,9300";"0,3643";"0,5837"
"10,9400";"0,3647";"0,5848"
"10,9500";"0,3649";"0,5880"
"10,9600";"0,3653";"0,5908"
"10,9700";"0,3656";"0,5900"
"10,9800";"0,3660";"0,5882"
"10,9900";"0,3662";"0,5875"
"11,0000";"0,3666";"0,5896"
"11,0100";"0,3669";"0,5899"
"11,0200";"0,3673";"0,5892"
"11,0300";"0,3676";"0,5881"
"11,0400";"0,3680";"0,5900"
"11,0500";"0,3683";"0,5923"
"11,0600";"0,3687";"0,5937"
"11,0700";"0,3690";"0,5938"
"11,0800";"0,3694";"0,5922"
"11,0900";"0,3696";"0,5902"
"11,1000";"0,3700";"0,5908"
"11,1100";"0,3702";"0,5931"
"11,1200";"0,3706";"0,5944"
"11,1300";"0,3709";"0,5943"
"11,1400";"0,3712";"0,5960"
"11,1500";"0,3715";"0,5986"
"11,1600";"0,3719";"0,5993"
"11,1700";"0,3722";"0,5981"
"11,1800";"0,3726";"0,5983"
"11,1900";"0,3728";"0,5991"
"11,2000";"0,3733";"0,5979"
"11,2100";"0,3736";"0,5960"
"11,2200";"0,3740";"0,5974"
"11,2300";"0,3744";"0,6005"
"11,2400";"0,3747";"0,6024"
"11,2500";"0,3751";"0,6015"
"11,2600";"0,3754";"0,6003"
"11,2700";"0,3757";"0,6012"
"11,2800";"0,3759";"0,6036"
"11,2900";"0,3762";"0,6050"
"11,3000";"0,3766";"0,6035"
"11,3100";"0,3768";"0,6010"
"11,3200";"0,3772";"0,5990"
"11,3300";"0,3775";"0,5999"
"11,3400";"0,3779";"0,6042"
"11,3500";"0,3782";"0,6072"
"11,3600";"0,3787";"0,6072"
"11,3700";"0,3791";"0,6042"
"11,3800";"0,3794";"0,6021"
"11,3900";"0,3798";"0,6033"
"11,4000";"0,3801";"0,6060"
"11,4100";"0,3804";"0,6066"
"11,4200";"0,3807";"0,6068"
"11,4300";"0,3810";"0,6086"
"11,4400";"0,3813";"0,6105"
"11,4500";"0,3816";"0,6105"
"11,4600";"0,3819";"0,6098"
"11,4700";"0,3823";"0,6108"
"11,4800";"0,3826";"0,6114"
"11,4900";"0,3830";"0,6108"
"11,5000";"0,3833";"0,6115"
"11,5100";"0,3837";"0,6143"
"11,5200";"0,3840";"0,6157"
"11,5300";"0,3844";"0,6144"
"11,5400";"0,3847";"0,6129"
"11,5500";"0,3851";"0,6136"
"11,5600";"0,3855";"0,6141"
"11,5700";"0,3858";"0,6150"
"11,5800";"0,3860";"0,6156"
"11,5900";"0,3864";"0,6160"
"11,6000";"0,3866";"0,6167"
"11,6100";"0,3870";"0,6170"
"11,6200";"0,3872";"0,6169"
"11,6300";"0,3876";"0,6171"
"11,6400";"0,3879";"0,6175"
"11,6500";"0,3882";"0,6164"
"11,6600";"0,3885";"0,6143"
"11,6700";"0,3889";"0,6154"
"11,6800";"0,3892";"0,6192"
"11,6900";"0,3896";"0,6212"
"11,7000";"0,3899";"0,6204"
"11,7100";"0,3902";"0,6196"
"11,7200";"0,3905";"0,6214"
"11,7300";"0,3909";"0,6233"
"11,7400";"0,3912";"0,6242"
"11,7500";"0,3916";"0,6234"
"11,7600";"0,3919";"0,6225"
"11,7700";"0,3923";"0,6228"
"11,7800";"0,3925";"0,6245"
"11,7900";"0,3929";"0,6275"
"11,8000";"0,3931";"0,6287"
"11,8100";"0,3935";"0,6272"
"11,8200";"0,3938";"0,6246"
"11,8300";"0,3941";"0,6246"
"11,8400";"0,3944";"0,6270"
"11,8500";"0,3948";"0,6293"
"11,8600";"0,3952";"0,6290"
"11,8700";"0,3956";"0,6273"
"11,8800";"0,3960";"0,6269"
"11,8900";"0,3963";"0,6268"
"11,9000";"0,3967";"0,6270"
"11,9100";"0,3970";"0,6278"
"11,9200";"0,3974";"0,6284"
"11,9300";"0,3977";"0,6286"
"11,9400";"0,3980";"0,6280"
"11,9500";"0,3983";"0,6288"
"11,9600";"0,3986";"0,6314"
"11,9700";"0,3989";"0,6324"
"11,9800";"0,3991";"0,6319"
"11,9900";"0,3995";"0,6315"
"12,0000";"0,3999";"0,6337"
"12,0100";"0,4002";"0,6367"
"12,0200";"0,4006";"0,6378"
"12,0300";"0,4009";"0,6353"
"12,0400";"0,4013";"0,6341"
"12,0500";"0,4017";"0,6353"
"12,0600";"0,4021";"0,6379"
"12,0700";"0,4025";"0,6394"
"12,0800";"0,4027";"0,6391"
"12,0900";"0,4030";"0,6377"
"12,1000";"0,4034";"0,6360"
"12,1100";"0,4036";"0,6350"
"12,1200";"0,4040";"0,6357"
"12,1300";"0,4043";"0,6368"
"12,1400";"0,4047";"0,6362"
"12,1500";"0,4050";"0,6363"
"12,1600";"0,4054";"0,6379"
"12,1700";"0,4058";"0,6399"
"12,1800";"0,4061";"0,6409"
"12,1900";"0,4065";"0,6410"
"12,2000";"0,4068";"0,6411"
"12,2100";"0,4072";"0,6413"
"12,2200";"0,4075";"0,6412"
"12,2300";"0,4079";"0,6424"
"12,2400";"0,4082";"0,6436"
"12,2500";"0,4085";"0,6437"
"12,2600";"0,4088";"0,6427"
"12,2700";"0,4091";"0,6420"
"12,2800";"0,4094";"0,6432"
"12,2900";"0,4097";"0,6445"
"12,3000";"0,4099";"0,6448"
"12,3100";"0,4102";"0,6429"
"12,3200";"0,4106";"0,6424"
"12,3300";"0,4108";"0,6441"
"12,3400";"0,4112";"0,6458"
"12,3500";"0,4115";"0,6470"
"12,3600";"0,4119";"0,6482"
"12,3700";"0,4121";"0,6483"
"12,3800";"0,4125";"0,6487"
"12,3900";"0,4128";"0,6490"
"12,4000";"0,4132";"0,6510"
"12,4100";"0,4135";"0,6529"
"12,4200";"0,4139";"0,6522"
"12,4300";"0,4143";"0,6514"
"12,4400";"0,4145";"0,6513"
"12,4500";"0,4148";"0,6528"
"12,4600";"0,4151";"0,6530"
"12,4700";"0,4154";"0,6515"
"12,4800";"0,4158";"0,6504"
"12,4900";"0,4160";"0,6519"
"12,5000";"0,4164";"0,6542"
"12,5100";"0,4167";"0,6553"
"12,5200";"0,4171";"0,6563"
"12,5300";"0,4176";"0,6568"
"12,5400";"0,4179";"0,6570"
"12,5500";"0,4183";"0,6551"
"12,5600";"0,4186";"0,6542"
"12,5700";"0,4190";"0,6549"
"12,5800";"0,4193";"0,6561"
"12,5900";"0,4197";"0,6574"
"12,6000";"0,4200";"0,6579"
"12,6100";"0,4204";"0,6586"
"12,6200";"0,4206";"0,6581"
"12,6300";"0,4210";"0,6574"
"12,6400";"0,4212";"0,6581"
"12,6500";"0,4216";"0,6585"
"12,6600";"0,4218";"0,6589"
"12,6700";"0,4222";"0,6580"
"12,6800";"0,4225";"0,6575"
"12,6900";"0,4229";"0,6587"
"12,7000";"0,4232";"0,6612"
"12,7100";"0,4237";"0,6631"
"12,7200";"0,4241";"0,6640"
"12,7300";"0,4244";"0,6648"
"12,7400";"0,4248";"0,6645"
"12,7500";"0,4251";"0,6632"
"12,7600";"0,4254";"0,6619"
"12,7700";"0,4257";"0,6616"
"12,7800";"0,4261";"0,6628"
"12,7900";"0,4263";"0,6646"
"12,8000";"0,4267";"0,6656"
"12,8100";"0,4270";"0,6660"
"12,8200";"0,4274";"0,6664"
"12,8300";"0,4276";"0,6677"
"12,8400";"0,4280";"0,6683"
"12,8500";"0,4283";"0,6686"
"12,8600";"0,4287";"0,6676"
"12,8700";"0,4290";"0,6663"
"12,8800";"0,4294";"0,6663"
"12,8900";"0,4297";"0,6688"
"12,9000";"0,4301";"0,6713"
"12,9100";"0,4304";"0,6715"
"12,9200";"0,4308";"0,6714"
"12,9300";"0,4311";"0,6714"
"12,9400";"0,4314";"0,6733"
"12,9500";"0,4317";"0,6741"
"12,9600";"0,4320";"0,6741"
"12,9700";"0,4323";"0,6744"
"12,9800";"0,4326";"0,6755"
"12,9900";"0,4329";"0,6756"
"13,0000";"0,4331";"0,6758"
"13,0100";"0,4335";"0,6779"
"13,0200";"0,4339";"0,6808"
"13,0300";"0,4342";"0,6808"
"13,0400";"0,4346";"0,6774"
"13,0500";"0,4348";"0,6751"
"13,0600";"0,4352";"0,6764"
"13,0700";"0,4355";"0,6777"
"13,0800";"0,4359";"0,6777"
"13,0900";"0,4362";"0,6769"
"13,1000";"0,4366";"0,6782"
"13,1100";"0,4369";"0,6795"
"13,1200";"0,4372";"0,6794"
"13,1300";"0,4375";"0,6785"
"13,1400";"0,4377";"0,6791"
"13,1500";"0,4381";"0,6801"
"13,1600";"0,4383";"0,6811"
"13,1700";"0,4387";"0,6829"
"13,1800";"0,4390";"0,6844"
"13,1900";"0,4394";"0,6835"
"13,2000";"0,4398";"0,6827"
"13,2100";"0,4402";"0,6833"
"13,2200";"0,4406";"0,6853"
"13,2300";"0,4409";"0,6856"
"13,2400";"0,4413";"0,6837"
"13,2500";"0,4416";"0,6818"
"13,2600";"0,4420";"0,6815"
"13,2700";"0,4424";"0,6829"
"13,2800";"0,4427";"0,6856"
"13,2900";"0,4431";"0,6865"
"13,3000";"0,4433";"0,6865"
"13,3100";"0,4437";"0,6862"
"13,3200";"0,4439";"0,6860"
"13,3300";"0,4442";"0,6854"
"13,3400";"0,4445";"0,6850"
"13,3500";"0,4448";"0,6865"
"13,3600";"0,4452";"0,6874"
"13,3700";"0,4455";"0,6866"
"13,3800";"0,4459";"0,6866"
"13,3900";"0,4462";"0,6881"
"13,4000";"0,4466";"0,6906"
"13,4100";"0,4470";"0,6923"
"13,4200";"0,4473";"0,6920"
"13,4300";"0,4477";"0,6903"
"13,4400";"0,4479";"0,6899"
"13,4500";"0,4481";"0,6912"
"13,4600";"0,4485";"0,6939"
"13,4700";"0,4488";"0,6957"
"13,4800";"0,4491";"0,6948"
"13,4900";"0,4494";"0,6936"
"13,5000";"0,4498";"0,6947"
"13,5100";"0,4501";"0,6970"
"13,5200";"0,4505";"0,6971"
"13,5300";"0,4509";"0,6959"
"13,5400";"0,4512";"0,6943"
"13,5500";"0,4516";"0,6947"
"13,5600";"0,4519";"0,6970"
"13,5700";"0,4523";"0,6989"
"13,5800";"0,4527";"0,7013"
"13,5900";"0,4530";"0,7027"
"13,6000";"0,4533";"0,7023"
"13,6100";"0,4537";"0,7011"
"13,6200";"0,4540";"0,7011"
"13,6300";"0,4544";"0,7033"
"13,6400";"0,4547";"0,7043"
"13,6500";"0,4550";"0,7030"
"13,6600";"0,4553";"0,7019"
"13,6700";"0,4557";"0,7024"
"13,6800";"0,4560";"0,7033"
"13,6900";"0,4564";"0,7032"
"13,7000";"0,4566";"0,7034"
"13,7100";"0,4570";"0,7045"
"13,7200";"0,4573";"0,7051"
"13,7300";"0,4577";"0,7044"
"13,7400";"0,4581";"0,7046"
"13,7500";"0,4584";"0,7070"
"13,7600";"0,4586";"0,7096"
"13,7700";"0,4590";"0,7093"
"13,7800";"0,4594";"0,7079"
"13,7900";"0,4596";"0,7073"
"13,8000";"0,4599";"0,7078"
"13,8100";"0,4603";"0,7089"
"13,8200";"0,4605";"0,7080"
"13,8300";"0,4609";"0,7071"
"13,8400";"0,4611";"0,7083"
"13,8500";"0,4615";"0,7100"
"13,8600";"0,4618";"0,7120"
"13,8700";"0,4622";"0,7126"
"13,8800";"0,4625";"0,7116"
"13,8900";"0,4629";"0,7104"
"13,9000";"0,4632";"0,7129"
"13,9100";"0,4636";"0,7147"
"13,9200";"0,4640";"0,7145"
"13,9300";"0,4643";"0,7127"
"13,9400";"0,4647";"0,7123"
"13,9500";"0,4650";"0,7150"
"13,9600";"0,4654";"0,7169"
"13,9700";"0,4657";"0,7158"
"13,9800";"0,4660";"0,7147"
"13,9900";"0,4663";"0,7153"
"14,0000";"0,4666";"0,7153"
"14,0100";"0,4669";"0,7150"
"14,0200";"0,4673";"0,7145"
"14,0300";"0,4676";"0,7146"
"14,0400";"0,4680";"0,7152"
"14,0500";"0,4683";"0,7165"
"14,0600";"0,4687";"0,7177"
"14,0700";"0,4690";"0,7194"
"14,0800";"0,4694";"0,7216"
"14,0900";"0,4697";"0,7224"
"14,1000";"0,4701";"0,7199"
"14,1100";"0,4703";"0,7180"
"14,1200";"0,4707";"0,7187"
"14,1300";"0,4710";"0,7205"
"14,1400";"0,4713";"0,7230"
"14,1500";"0,4716";"0,7247"
"14,1600";"0,4719";"0,7247"
"14,1700";"0,4722";"0,7241"
"14,1800";"0,4726";"0,7253"
"14,1900";"0,4729";"0,7273"
"14,2000";"0,4733";"0,7279"
"14,2100";"0,4735";"0,7261"
"14,2200";"0,4739";"0,7242"
"14,2300";"0,4743";"0,7245"
"14,2400";"0,4746";"0,7277"
"14,2500";"0,4751";"0,7297"
"14,2600";"0,4754";"0,7283"
"14,2700";"0,4758";"0,7265"
"14,2800";"0,4760";"0,7257"
"14,2900";"0,4764";"0,7260"
"14,3000";"0,4767";"0,7270"
"14,3100";"0,4769";"0,7302"
"14,3200";"0,4773";"0,7338"
"14,3300";"0,4777";"0,7351"
"14,3400";"0,4779";"0,7330"
"14,3500";"0,4782";"0,7306"
"14,3600";"0,4786";"0,7302"
"14,3700";"0,4788";"0,7304"
"14,3800";"0,4792";"0,7298"
"14,3900";"0,4795";"0,7295"
"14,4000";"0,4799";"0,7320"
"14,4100";"0,4802";"0,7340"
"14,4200";"0,4806";"0,7362"
"14,4300";"0,4810";"0,7366"
"14,4400";"0,4812";"0,7355"
"14,4500";"0,4815";"0,7340"
"14,4600";"0,4819";"0,7321"
"14,4700";"0,4823";"0,7304"
"14,4800";"0,4825";"0,7319"
"14,4900";"0,4828";"0,7348"
"14,5000";"0,4831";"0,7374"
"14,5100";"0,4834";"0,7383"
"14,5200";"0,4837";"0,7393"
"14,5300";"0,4840";"0,7386"
"14,5400";"0,4844";"0,7378"
"14,5500";"0,4847";"0,7372"
"14,5600";"0,4852";"0,7381"
"14,5700";"0,4856";"0,7389"
"14,5800";"0,4859";"0,7397"
"14,5900";"0,4863";"0,7414"
"14,6000";"0,4866";"0,7420"
"14,6100";"0,4870";"0,7423"
"14,6200";"0,4873";"0,7426"
"14,6300";"0,4877";"0,7434"
"14,6400";"0,4880";"0,7441"
"14,6500";"0,4883";"0,7436"
"14,6600";"0,4886";"0,7421"
"14,6700";"0,4889";"0,7410"
"14,6800";"0,4892";"0,7434"
"14,6900";"0,4896";"0,7449"
"14,7000";"0,4899";"0,7439"
"14,7100";"0,4903";"0,7427"
"14,7200";"0,4906";"0,7438"
"14,7300";"0,4910";"0,7451"
"14,7400";"0,4913";"0,7441"
"14,7500";"0,4917";"0,7418"
"14,7600";"0,4921";"0,7425"
"14,7700";"0,4925";"0,7459"
"14,7800";"0,4929";"0,7492"
"14,7900";"0,4931";"0,7499"
"14,8000";"0,4934";"0,7493"
"14,8100";"0,4937";"0,7504"
"14,8200";"0,4941";"0,7519"
"14,8300";"0,4943";"0,7521"
"14,8400";"0,4947";"0,7517"
"14,8500";"0,4949";"0,7520"
"14,8600";"0,4952";"0,7536"
"14,8700";"0,4956";"0,7536"
"14,8800";"0,4960";"0,7514"
"14,8900";"0,4963";"0,7506"
"14,9000";"0,4967";"0,7511"
"14,9100";"0,4970";"0,7518"
"14,9200";"0,4974";"0,7538"
"14,9300";"0,4978";"0,7554"
"14,9400";"0,4982";"0,7567"
"14,9500";"0,4984";"0,7572"
"14,9600";"0,4988";"0,7573"
"14,9700";"0,4991";"0,7578"
"14,9800";"0,4995";"0,7564"
"14,9900";"0,4997";"0,7552"
"15,0000";"0,5001";"0,7562"
"15,0100";"0,5003";"0,7589"
"15,0200";"0,5007";"0,7596"
"15,0300";"0,5010";"0,7577"
"15,0400";"0,5014";"0,7560"
"15,0500";"0,5016";"0,7573"
"15,0600";"0,5020";"0,7610"
"15,0700";"0,5023";"0,7617"
"15,0800";"0,5027";"0,7590"
"15,0900";"0,5030";"0,7583"
"15,1000";"0,5034";"0,7602"
"15,1100";"0,5037";"0,7627"
"15,1200";"0,5041";"0,7638"
"15,1300";"0,5045";"0,7640"
"15,1400";"0,5047";"0,7640"
"15,1500";"0,5050";"0,7645"
"15,1600";"0,5053";"0,7658"
"15,1700";"0,5056";"0,7669"
"15,1800";"0,5059";"0,7674"
"15,1900";"0,5062";"0,7663"
"15,2000";"0,5065";"0,7652"
"15,2100";"0,5068";"0,7643"
"15,2200";"0,5072";"0,7647"
"15,2300";"0,5074";"0,7666"
"15,2400";"0,5078";"0,7686"
"15,2500";"0,5081";"0,7699"
"15,2600";"0,5085";"0,7684"
"15,2700";"0,5088";"0,7667"
"15,2800";"0,5092";"0,7664"
"15,2900";"0,5095";"0,7684"
"15,3000";"0,5099";"0,7714"
"15,3100";"0,5102";"0,7722"
"15,3200";"0,5106";"0,7707"
"15,3300";"0,5108";"0,7695"
"15,3400";"0,5112";"0,7698"
"15,3500";"0,5114";"0,7721"
"15,3600";"0,5118";"0,7730"
"15,3700";"0,5121";"0,7725"
"15,3800";"0,5125";"0,7728"
"15,3900";"0,5128";"0,7722"
"15,4000";"0,5132";"0,7728"
"15,4100";"0,5135";"0,7751"
"15,4200";"0,5139";"0,7754"
"15,4300";"0,5142";"0,7738"
"15,4400";"0,5147";"0,7730"
"15,4500";"0,5151";"0,7744"
"15,4600";"0,5154";"0,7771"
"15,4700";"0,5157";"0,7784"
"15,4800";"0,5160";"0,7769"
"15,4900";"0,5163";"0,7757"
"15,5000";"0,5166";"0,7764"
"15,5100";"0,5170";"0,7786"
"15,5200";"0,5173";"0,7790"
"15,5300";"0,5176";"0,7785"
"15,5400";"0,5179";"0,7801"
"15,5500";"0,5183";"0,7813"
"15,5600";"0,5186";"0,7814"
"15,5700";"0,5190";"0,7816"
"15,5800";"0,5193";"0,7823"
"15,5900";"0,5197";"0,7813"
"15,6000";"0,5200";"0,7802"
"15,6100";"0,5204";"0,7805"
"15,6200";"0,5207";"0,7827"
"15,6300";"0,5211";"0,7838"
"15,6400";"0,5215";"0,7838"
"15,6500";"0,5218";"0,7823"
"15,6600";"0,5220";"0,7823"
"15,6700";"0,5224";"0,7834"
"15,6800";"0,5226";"0,7852"
"15,6900";"0,5229";"0,7863"
"15,7000";"0,5232";"0,7866"
"15,7100";"0,5236";"0,7853"
"15,7200";"0,5239";"0,7847"
"15,7300";"0,5242";"0,7863"
"15,7400";"0,5245";"0,7911"
"15,7500";"0,5249";"0,7936"
"15,7600";"0,5252";"0,7905"
"15,7700";"0,5256";"0,7864"
"15,7800";"0,5259";"0,7867"
"15,7900";"0,5263";"0,7892"
"15,8000";"0,5266";"0,7912"
"15,8100";"0,5270";"0,7916"
"15,8200";"0,5274";"0,7919"
"15,8300";"0,5276";"0,7926"
"15,8400";"0,5279";"0,7940"
"15,8500";"0,5282";"0,7962"
"15,8600";"0,5285";"0,7961"
"15,8700";"0,5289";"0,7932"
"15,8800";"0,5291";"0,7910"
"15,8900";"0,5295";"0,7910"
"15,9000";"0,5298";"0,7929"
"15,9100";"0,5302";"0,7952"
"15,9200";"0,5305";"0,7959"
"15,9300";"0,5309";"0,7950"
"15,9400";"0,5312";"0,7942"
"15,9500";"0,5315";"0,7943"
"15,9600";"0,5318";"0,7934"
"15,9700";"0,5322";"0,7928"
"15,9800";"0,5325";"0,7944"
"15,9900";"0,5329";"0,7956"
"16,0000";"0,5331";"0,7951"
"16,0100";"0,5334";"0,7942"
"16,0200";"0,5337";"0,7962"
"16,0300";"0,5340";"0,7992"
"16,0400";"0,5343";"0,7998"
"16,0500";"0,5347";"0,7985"
"16,0600";"0,5350";"0,7993"
"16,0700";"0,5355";"0,8001"
"16,0800";"0,5359";"0,8019"
"16,0900";"0,5362";"0,8029"
"16,1000";"0,5366";"0,8036"
"16,1100";"0,5369";"0,8052"
"16,1200";"0,5374";"0,8054"
"16,1300";"0,5377";"0,8037"
"16,1400";"0,5381";"0,8035"
"16,1500";"0,5383";"0,8051"
"16,1600";"0,5387";"0,8064"
"16,1700";"0,5389";"0,8064"
"16,1800";"0,5393";"0,8070"
"16,1900";"0,5395";"0,8089"
"16,2000";"0,5399";"0,8081"
"16,2100";"0,5402";"0,8045"
"16,2200";"0,5406";"0,8028"
"16,2300";"0,5409";"0,8042"
"16,2400";"0,5413";"0,8065"
"16,2500";"0,5416";"0,8080"
"16,2600";"0,5420";"0,8082"
"16,2700";"0,5423";"0,8098"
"16,2800";"0,5428";"0,8113"
"16,2900";"0,5432";"0,8126"
"16,3000";"0,5435";"0,8123"
"16,3100";"0,5439";"0,8115"
"16,3200";"0,5441";"0,8113"
"16,3300";"0,5445";"0,8104"
"16,3400";"0,5447";"0,8095"
"16,3500";"0,5451";"0,8096"
"16,3600";"0,5453";"0,8091"
"16,3700";"0,5457";"0,8098"
"16,3800";"0,5459";"0,8106"
"16,3900";"0,5462";"0,8116"
"16,4000";"0,5466";"0,8130"
"16,4100";"0,5468";"0,8138"
"16,4200";"0,5472";"0,8149"
"16,4300";"0,5475";"0,8167"
"16,4400";"0,5479";"0,8161"
"16,4500";"0,5482";"0,8145"
"16,4600";"0,5485";"0,8152"
"16,4700";"0,5488";"0,8172"
"16,4800";"0,5492";"0,8193"
"16,4900";"0,5495";"0,8193"
"16,5000";"0,5499";"0,8157"
"16,5100";"0,5501";"0,8137"
"16,5200";"0,5505";"0,8160"
"16,5300";"0,5507";"0,8173"
"16,5400";"0,5511";"0,8183"
"16,5500";"0,5514";"0,8192"
"16,5600";"0,5518";"0,8210"
"16,5700";"0,5521";"0,8214"
"16,5800";"0,5525";"0,8211"
"16,5900";"0,5529";"0,8214"
"16,6000";"0,5532";"0,8220"
"16,6100";"0,5536";"0,8223"
"16,6200";"0,5539";"0,8235"
"16,6300";"0,5543";"0,8254"
"16,6400";"0,5546";"0,8270"
"16,6500";"0,5550";"0,8267"
"16,6600";"0,5553";"0,8262"
"16,6700";"0,5556";"0,8266"
"16,6800";"0,5559";"0,8268"
"16,6900";"0,5562";"0,8263"
"16,7000";"0,5565";"0,8265"
"16,7100";"0,5567";"0,8267"
"16,7200";"0,5571";"0,8278"
"16,7300";"0,5575";"0,8272"
"16,7400";"0,5578";"0,8264"
"16,7500";"0,5582";"0,8264"
"16,7600";"0,5586";"0,8287"
"16,7700";"0,5590";"0,8299"
"16,7800";"0,5593";"0,8304"
"16,7900";"0,5597";"0,8310"
"16,8000";"0,5601";"0,8317"
"16,8100";"0,5604";"0,8317"
"16,8200";"0,5608";"0,8307"
"16,8300";"0,5611";"0,8305"
"16,8400";"0,5614";"0,8319"
"16,8500";"0,5617";"0,8344"
"16,8600";"0,5619";"0,8345"
"16,8700";"0,5623";"0,8331"
"16,8800";"0,5627";"0,8330"
"16,8900";"0,5629";"0,8343"
"16,9000";"0,5632";"0,8355"
"16,9100";"0,5636";"0,8357"
"16,9200";"0,5640";"0,8357"
"16,9300";"0,5644";"0,8364"
"16,9400";"0,5648";"0,8369"
"16,9500";"0,5651";"0,8377"
"16,9600";"0,5655";"0,8385"
"16,9700";"0,5658";"0,8393"
"16,9800";"0,5662";"0,8399"
"16,9900";"0,5665";"0,8396"
"17,0000";"0,5669";"0,8386"
"17,0100";"0,5671";"0,8377"
"17,0200";"0,5675";"0,8378"
"17,0300";"0,5677";"0,8397"
"17,0400";"0,5681";"0,8420"
"17,0500";"0,5683";"0,8434"
"17,0600";"0,5686";"0,8418"
"17,0700";"0,5689";"0,8391"
"17,0800";"0,5693";"0,8389"
"17,0900";"0,5696";"0,8404"
"17,1000";"0,5700";"0,8409"
"17,1100";"0,5703";"0,8405"
"17,1200";"0,5706";"0,8419"
"17,1300";"0,5709";"0,8445"
"17,1400";"0,5713";"0,8456"
"17,1500";"0,5716";"0,8443"
"17,1600";"0,5720";"0,8432"
"17,1700";"0,5723";"0,8443"
"17,1800";"0,5727";"0,8464"
"17,1900";"0,5729";"0,8464"
"17,2000";"0,5733";"0,8465"
"17,2100";"0,5735";"0,8461"
"17,2200";"0,5739";"0,8458"
"17,2300";"0,5742";"0,8458"
"17,2400";"0,5745";"0,8468"
"17,2500";"0,5748";"0,8479"
"17,2600";"0,5752";"0,8491"
"17,2700";"0,5755";"0,8503"
"17,2800";"0,5759";"0,8517"
"17,2900";"0,5762";"0,8536"
"17,3000";"0,5766";"0,8537"
"17,3100";"0,5768";"0,8521"
"17,3200";"0,5772";"0,8513"
"17,3300";"0,5775";"0,8520"
"17,3400";"0,5779";"0,8528"
"17,3500";"0,5781";"0,8522"
"17,3600";"0,5785";"0,8520"
"17,3700";"0,5787";"0,8533"
"17,3800";"0,5791";"0,8527"
"17,3900";"0,5794";"0,8524"
"17,4000";"0,5798";"0,8517"
"17,4100";"0,5801";"0,8518"
"17,4200";"0,5805";"0,8530"
"17,4300";"0,5808";"0,8548"
"17,4400";"0,5813";"0,8563"
"17,4500";"0,5817";"0,8574"
"17,4600";"0,5820";"0,8578"
"17,4700";"0,5824";"0,8569"
"17,4800";"0,5827";"0,8568"
"17,4900";"0,5831";"0,8573"
"17,5000";"0,5834";"0,8574"
"17,5100";"0,5838";"0,8585"
"17,5200";"0,5840";"0,8613"
"17,5300";"0,5844";"0,8646"
"17,5400";"0,5846";"0,8645"
"17,5500";"0,5850";"0,8606"
"17,5600";"0,5853";"0,8582"
"17,5700";"0,5857";"0,8591"
"17,5800";"0,5860";"0,8605"
"17,5900";"0,5864";"0,8612"
"17,6000";"0,5867";"0,8613"
"17,6100";"0,5871";"0,8629"
"17,6200";"0,5874";"0,8641"
"17,6300";"0,5879";"0,8650"
"17,6400";"0,5883";"0,8649"
"17,6500";"0,5886";"0,8643"
"17,6600";"0,5890";"0,8628"
"17,6700";"0,5892";"0,8631"
"17,6800";"0,5896";"0,8633"
"17,6900";"0,5898";"0,8646"
"17,7000";"0,5900";"0,8680"
"17,7100";"0,5904";"0,8689"
"17,7200";"0,5906";"0,8688"
"17,7300";"0,5910";"0,8687"
"17,7400";"0,5912";"0,8681"
"17,7500";"0,5916";"0,8675"
"17,7600";"0,5920";"0,8683"
"17,7700";"0,5923";"0,8699"
"17,7800";"0,5926";"0,8717"
"17,7900";"0,5930";"0,8713"
"17,8000";"0,5933";"0,8703"
"17,8100";"0,5937";"0,8721"
"17,8200";"0,5939";"0,8754"
"17,8300";"0,5943";"0,8755"
"17,8400";"0,5946";"0,8711"
"17,8500";"0,5950";"0,8687"
"17,8600";"0,5952";"0,8710"
"17,8700";"0,5955";"0,8740"
"17,8800";"0,5958";"0,8730"
"17,8900";"0,5961";"0,8715"
"17,9000";"0,5964";"0,8718"
"17,9100";"0,5968";"0,8747"
"17,9200";"0,5971";"0,8759"
"17,9300";"0,5974";"0,8748"
"17,9400";"0,5977";"0,8746"
"17,9500";"0,5982";"0,8751"
"17,9600";"0,5985";"0,8752"
"17,9700";"0,5989";"0,8746"
"17,9800";"0,5992";"0,8749"
"17,9900";"0,5996";"0,8765"
"18,0000";"0,6000";"0,8796"
"18,0100";"0,6003";"0,8822"
"18,0200";"0,6005";"0,8824"
"18,0300";"0,6008";"0,8813"
"18,0400";"0,6011";"0,8820"
"18,0500";"0,6014";"0,8820"
"18,0600";"0,6017";"0,8819"
"18,0700";"0,6021";"0,8809"
"18,0800";"0,6024";"0,8805"
"18,0900";"0,6028";"0,8813"
"18,1000";"0,6031";"0,8824"
"18,1100";"0,6036";"0,8828"
"18,1200";"0,6040";"0,8823"
"18,1300";"0,6043";"0,8823"
"18,1400";"0,6047";"0,8848"
"18,1500";"0,6050";"0,8871"
"18,1600";"0,6054";"0,8871"
"18,1700";"0,6056";"0,8852"
"18,1800";"0,6060";"0,8842"
"18,1900";"0,6063";"0,8850"
"18,2000";"0,6066";"0,8875"
"18,2100";"0,6069";"0,8886"
"18,2200";"0,6073";"0,8870"
"18,2300";"0,6076";"0,8841"
"18,2400";"0,6079";"0,8825"
"18,2500";"0,6082";"0,8848"
"18,2600";"0,6086";"0,8891"
"18,2700";"0,6090";"0,8901"
"18,2800";"0,6094";"0,8890"
"18,2900";"0,6098";"0,8882"
"18,3000";"0,6101";"0,8896"
"18,3100";"0,6105";"0,8921"
"18,3200";"0,6108";"0,8935"
"18,3300";"0,6112";"0,8932"
"18,3400";"0,6115";"0,8921"
"18,3500";"0,6119";"0,8927"
"18,3600";"0,6121";"0,8926"
"18,3700";"0,6124";"0,8931"
"18,3800";"0,6127";"0,8943"
"18,3900";"0,6129";"0,8960"
"18,4000";"0,6133";"0,8952"
"18,4100";"0,6135";"0,8926"
"18,4200";"0,6139";"0,8912"
"18,4300";"0,6141";"0,8932"
"18,4400";"0,6145";"0,8964"
"18,4500";"0,6148";"0,8978"
"18,4600";"0,6152";"0,8973"
"18,4700";"0,6155";"0,8965"
"18,4800";"0,6159";"0,8977"
"18,4900";"0,6162";"0,8978"
"18,5000";"0,6166";"0,8971"
"18,5100";"0,6170";"0,8969"
"18,5200";"0,6173";"0,8958"
"18,5300";"0,6175";"0,8966"
"18,5400";"0,6179";"0,8983"
"18,5500";"0,6181";"0,9005"
"18,5600";"0,6185";"0,9009"
"18,5700";"0,6187";"0,8994"
"18,5800";"0,6191";"0,8996"
"18,5900";"0,6194";"0,9018"
"18,6000";"0,6198";"0,9038"
"18,6100";"0,6201";"0,9027"
"18,6200";"0,6205";"0,9024"
"18,6300";"0,6209";"0,9046"
"18,6400";"0,6212";"0,9065"
"18,6500";"0,6216";"0,9057"
"18,6600";"0,6219";"0,9036"
"18,6700";"0,6223";"0,9026"
"18,6800";"0,6226";"0,9043"
"18,6900";"0,6229";"0,9066"
"18,7000";"0,6232";"0,9083"
"18,7100";"0,6235";"0,9078"
"18,7200";"0,6238";"0,9075"
"18,7300";"0,6242";"0,9069"
"18,7400";"0,6245";"0,9071"
"18,7500";"0,6249";"0,9075"
"18,7600";"0,6252";"0,9085"
"18,7700";"0,6256";"0,9079"
"18,7800";"0,6259";"0,9086"
"18,7900";"0,6264";"0,9111"
"18,8000";"0,6268";"0,9132"
"18,8100";"0,6271";"0,9132"
"18,8200";"0,6275";"0,9111"
"18,8300";"0,6278";"0,9096"
"18,8400";"0,6282";"0,9092"
"18,8500";"0,6284";"0,9089"
"18,8600";"0,6288";"0,9106"
"18,8700";"0,6290";"0,9135"
"18,8800";"0,6294";"0,9162"
"18,8900";"0,6297";"0,9168"
"18,9000";"0,6299";"0,9159"
"18,9100";"0,6303";"0,9146"
"18,9200";"0,6307";"0,9135"
"18,9300";"0,6310";"0,9135"
"18,9400";"0,6314";"0,9151"
"18,9500";"0,6317";"0,9173"
"18,9600";"0,6321";"0,9186"
"18,9700";"0,6324";"0,9179"
"18,9800";"0,6328";"0,9163"
"18,9900";"0,6331";"0,9178"
"19,0000";"0,6335";"0,9188"
"19,0100";"0,6338";"0,9180"
"19,0200";"0,6342";"0,9174"
"19,0300";"0,6345";"0,9183"
"19,0400";"0,6348";"0,9200"
"19,0500";"0,6350";"0,9214"
"19,0600";"0,6353";"0,9216"
"19,0700";"0,6356";"0,9220"
"19,0800";"0,6358";"0,9221"
"19,0900";"0,6362";"0,9217"
"19,1000";"0,6364";"0,9205"
"19,1100";"0,6368";"0,9211"
"19,1200";"0,6371";"0,9218"
"19,1300";"0,6375";"0,9225"
"19,1400";"0,6379";"0,9233"
"19,1500";"0,6382";"0,9241"
"19,1600";"0,6384";"0,9233"
"19,1700";"0,6389";"0,9236"
"19,1800";"0,6393";"0,9243"
"19,1900";"0,6395";"0,9262"
"19,2000";"0,6399";"0,9279"
"19,2100";"0,6402";"0,9287"
"19,2200";"0,6405";"0,9278"
"19,2300";"0,6408";"0,9266"
"19,2400";"0,6412";"0,9269"
"19,2500";"0,6415";"0,9266"
"19,2600";"0,6417";"0,9255"
"19,2700";"0,6422";"0,9249"
"19,2800";"0,6425";"0,9251"
"19,2900";"0,6429";"0,9265"
"19,3000";"0,6433";"0,9280"
"19,3100";"0,6436";"0,9291"
"19,3200";"0,6440";"0,9310"
"19,3300";"0,6443";"0,9315"
"19,3400";"0,6447";"0,9301"
"19,3500";"0,6451";"0,9294"
"19,3600";"0,6454";"0,9302"
"19,3700";"0,6456";"0,9314"
"19,3800";"0,6459";"0,9314"
"19,3900";"0,6462";"0,9320"
"19,4000";"0,6466";"0,9345"
"19,4100";"0,6468";"0,9363"
"19,4200";"0,6472";"0,9362"
"19,4300";"0,6475";"0,9366"
"19,4400";"0,6479";"0,9374"
"19,4500";"0,6484";"0,9367"
"19,4600";"0,6487";"0,9356"
"19,4700";"0,6491";"0,9354"
"19,4800";"0,6494";"0,9367"
"19,4900";"0,6498";"0,9402"
"19,5000";"0,6501";"0,9421"
"19,5100";"0,6505";"0,9414"
"19,5200";"0,6507";"0,9394"
"19,5300";"0,6510";"0,9379"
"19,5400";"0,6513";"0,9373"
"19,5500";"0,6517";"0,9377"
"19,5600";"0,6519";"0,9388"
"19,5700";"0,6523";"0,9401"
"19,5800";"0,6526";"0,9409"
"19,5900";"0,6530";"0,9401"
"19,6000";"0,6533";"0,9394"
"19,6100";"0,6537";"0,9397"
"19,6200";"0,6540";"0,9401"
"19,6300";"0,6544";"0,9406"
"19,6400";"0,6547";"0,9433"
"19,6500";"0,6551";"0,9461"
"19,6600";"0,6554";"0,9466"
"19,6700";"0,6558";"0,9455"
"19,6800";"0,6562";"0,9459"
"19,6900";"0,6564";"0,9466"
"19,7000";"0,6567";"0,9471"
"19,7100";"0,6571";"0,9467"
"19,7200";"0,6573";"0,9466"
"19,7300";"0,6576";"0,9488"
"19,7400";"0,6578";"0,9510"
"19,7500";"0,6582";"0,9512"
"19,7600";"0,6585";"0,9503"
"19,7700";"0,6589";"0,9499"
"19,7800";"0,6591";"0,9492"
"19,7900";"0,6595";"0,9469"
"19,8000";"0,6598";"0,9460"
"19,8100";"0,6602";"0,9473"
"19,8200";"0,6605";"0,9484"
"19,8300";"0,6609";"0,9495"
"19,8400";"0,6612";"0,9517"
"19,8500";"0,6616";"0,9543"
"19,8600";"0,6619";"0,9556"
"19,8700";"0,6622";"0,9537"
"19,8800";"0,6625";"0,9518"
"19,8900";"0,6628";"0,9513"
"19,9000";"0,6631";"0,9516"
"19,9100";"0,6635";"0,9516"
"19,9200";"0,6638";"0,9526"
"19,9300";"0,6642";"0,9534"
"19,9400";"0,6645";"0,9541"
"19,9500";"0,6649";"0,9545"
"19,9600";"0,6651";"0,9552"
"19,9700";"0,6655";"0,9557"
"19,9800";"0,6658";"0,9559"
"19,9900";"0,6662";"0,9561"
"20,0000";"0,6665";"0,9561"
"20,0100";"0,6669";"0,9563"
"20,0200";"0,6672";"0,9574"
"20,0300";"0,6675";"0,9577"
"20,0400";"0,6678";"0,9580"
"20,0500";"0,6681";"0,9589"
"20,0600";"0,6684";"0,9590"
"20,0700";"0,6688";"0,9580"
"20,0800";"0,6690";"0,9567"
"20,0900";"0,6694";"0,9578"
"20,1000";"0,6697";"0,9602"
"20,1100";"0,6702";"0,9614"
"20,1200";"0,6706";"0,9614"
"20,1300";"0,6709";"0,9623"
"20,1400";"0,6713";"0,9639"
"20,1500";"0,6717";"0,9638"
"20,1600";"0,6721";"0,9639"
"20,1700";"0,6724";"0,9649"
"20,1800";"0,6727";"0,9664"
"20,1900";"0,6730";"0,9662"
"20,2000";"0,6734";"0,9640"
"20,2100";"0,6736";"0,9634"
"20,2200";"0,6740";"0,9654"
"20,2300";"0,6742";"0,9671"
"20,2400";"0,6746";"0,9657"
"20,2500";"0,6749";"0,9642"
"20,2600";"0,6753";"0,9651"
"20,2700";"0,6755";"0,9667"
"20,2800";"0,6760";"0,9678"
"20,2900";"0,6763";"0,9684"
"20,3000";"0,6767";"0,9690"
"20,3100";"0,6770";"0,9688"
"20,3200";"0,6774";"0,9675"
"20,3300";"0,6778";"0,9675"
"20,3400";"0,6781";"0,9695"
"20,3500";"0,6785";"0,9706"
"20,3600";"0,6788";"0,9701"
"20,3700";"0,6791";"0,9709"
"20,3800";"0,6794";"0,9727"
"20,3900";"0,6798";"0,9742"
"20,4000";"0,6800";"0,9748"
"20,4100";"0,6804";"0,9744"
"20,4200";"0,6807";"0,9753"
"20,4300";"0,6809";"0,9765"
"20,4400";"0,6813";"0,9770"
"20,4500";"0,6817";"0,9774"
"20,4600";"0,6819";"0,9770"
"20,4700";"0,6822";"0,9753"
"20,4800";"0,6826";"0,9737"
"20,4900";"0,6828";"0,9737"
"20,5000";"0,6832";"0,9763"
"20,5100";"0,6835";"0,9781"
"20,5200";"0,6839";"0,9764"
"20,5300";"0,6842";"0,9746"
"20,5400";"0,6846";"0,9753"
"20,5500";"0,6848";"0,9775"
"20,5600";"0,6852";"0,9787"
"20,5700";"0,6854";"0,9777"
"20,5800";"0,6858";"0,9772"
"20,5900";"0,6861";"0,9767"
"20,6000";"0,6864";"0,9766"
"20,6100";"0,6867";"0,9776"
"20,6200";"0,6871";"0,9801"
"20,6300";"0,6874";"0,9807"
"20,6400";"0,6878";"0,9793"
"20,6500";"0,6881";"0,9791"
"20,6600";"0,6886";"0,9815"
"20,6700";"0,6890";"0,9838"
"20,6800";"0,6893";"0,9829"
"20,6900";"0,6897";"0,9800"
"20,7000";"0,6900";"0,9788"
"20,7100";"0,6904";"0,9815"
"20,7200";"0,6906";"0,9848"
"20,7300";"0,6909";"0,9867"
"20,7400";"0,6912";"0,9859"
"20,7500";"0,6916";"0,9835"
"20,7600";"0,6919";"0,9817"
"20,7700";"0,6923";"0,9822"
"20,7800";"0,6926";"0,9850"
"20,7900";"0,6930";"0,9891"
"20,8000";"0,6933";"0,9908"
"20,8100";"0,6937";"0,9900"
"20,8200";"0,6940";"0,9895"
"20,8300";"0,6944";"0,9900"
"20,8400";"0,6948";"0,9898"
"20,8500";"0,6951";"0,9879"
"20,8600";"0,6953";"0,9884"
"20,8700";"0,6957";"0,9897"
"20,8800";"0,6959";"0,9906"
"20,8900";"0,6963";"0,9911"
"20,9000";"0,6966";"0,9922"
"20,9100";"0,6970";"0,9937"
"20,9200";"0,6972";"0,9923"
"20,9300";"0,6976";"0,9911"
"20,9400";"0,6979";"0,9924"
"20,9500";"0,6983";"0,9957"
"20,9600";"0,6987";"0,9968"
"20,9700";"0,6990";"0,9948"
"20,9800";"0,6994";"0,9932"
"20,9900";"0,6997";"0,9931"
"21,0000";"0,7001";"0,9939"
"21,0100";"0,7004";"0,9953"
"21,0200";"0,7008";"0,9974"
"21,0300";"0,7011";"0,9977"
"21,0400";"0,7014";"0,9971"
"21,0500";"0,7017";"0,9964"
"21,0600";"0,7021";"0,9977"
"21,0700";"0,7023";"0,9994"
"21,0800";"0,7027";"1,0001"
"21,0900";"0,7029";"1,0012"
"21,1000";"0,7033";"1,0018"
"21,1100";"0,7036";"1,0038"
"21,1200";"0,7040";"1,0045"
"21,1300";"0,7042";"1,0020"
"21,1400";"0,7046";"1,0007"
"21,1500";"0,7049";"1,0001"
"21,1600";"0,7053";"1,0002"
"21,1700";"0,7056";"0,9994"
"21,1800";"0,7060";"0,9984"
"21,1900";"0,7063";"0,9992"
"21,2000";"0,7067";"1,0026"
"21,2100";"0,7070";"1,0055"
"21,2200";"0,7073";"1,0046"
"21,2300";"0,7076";"1,0027"
"21,2400";"0,7080";"1,0023"
"21,2500";"0,7083";"1,0025"
"21,2600";"0,7086";"1,0042"
"21,2700";"0,7089";"1,0068"
"21,2800";"0,7093";"1,0084"
"21,2900";"0,7095";"1,0090"
"21,3000";"0,7099";"1,0093"
"21,3100";"0,7102";"1,0090"
"21,3200";"0,7106";"1,0084"
"21,3300";"0,7109";"1,0076"
"21,3400";"0,7113";"1,0077"
"21,3500";"0,7116";"1,0091"
"21,3600";"0,7120";"1,0104"
"21,3700";"0,7123";"1,0100"
"21,3800";"0,7126";"1,0087"
"21,3900";"0,7128";"1,0086"
"21,4000";"0,7132";"1,0087"
"21,4100";"0,7135";"1,0079"
"21,4200";"0,7138";"1,0068"
"21,4300";"0,7141";"1,0072"
"21,4400";"0,7145";"1,0100"
"21,4500";"0,7149";"1,0118"
"21,4600";"0,7153";"1,0124"
"21,4700";"0,7157";"1,0137"
"21,4800";"0,7160";"1,0153"
"21,4900";"0,7164";"1,0162"
"21,5000";"0,7167";"1,0168"
"21,5100";"0,7171";"1,0176"
"21,5200";"0,7174";"1,0179"
"21,5300";"0,7178";"1,0171"
"21,5400";"0,7180";"1,0155"
"21,5500";"0,7182";"1,0146"
"21,5600";"0,7186";"1,0152"
"21,5700";"0,7190";"1,0153"
"21,5800";"0,7193";"1,0156"
"21,5900";"0,7195";"1,0156"
"21,6000";"0,7199";"1,0164"
"21,6100";"0,7203";"1,0167"
"21,6200";"0,7206";"1,0170"
"21,6300";"0,7210";"1,0185"
"21,6400";"0,7213";"1,0210"
"21,6500";"0,7217";"1,0219"
"21,6600";"0,7220";"1,0199"
"21,6700";"0,7224";"1,0187"
"21,6800";"0,7227";"1,0196"
"21,6900";"0,7230";"1,0218"
"21,7000";"0,7233";"1,0229"
"21,7100";"0,7237";"1,0224"
"21,7200";"0,7240";"1,0221"
"21,7300";"0,7243";"1,0216"
"21,7400";"0,7246";"1,0215"
"21,7500";"0,7249";"1,0219"
"21,7600";"0,7252";"1,0227"
"21,7700";"0,7256";"1,0226"
"21,7800";"0,7259";"1,0227"
"21,7900";"0,7262";"1,0239"
"21,8000";"0,7265";"1,0246"
"21,8100";"0,7269";"1,0252"
"21,8200";"0,7272";"1,0269"
"21,8300";"0,7276";"1,0262"
"21,8400";"0,7279";"1,0251"
"21,8500";"0,7283";"1,0242"
"21,8600";"0,7286";"1,0240"
"21,8700";"0,7289";"1,0266"
"21,8800";"0,7292";"1,0306"
"21,8900";"0,7296";"1,0328"
"21,9000";"0,7298";"1,0308"
"21,9100";"0,7302";"1,0279"
"21,9200";"0,7305";"1,0277"
"21,9300";"0,7308";"1,0305"
"21,9400";"0,7311";"1,0324"
"21,9500";"0,7315";"1,0325"
"21,9600";"0,7317";"1,0318"
"21,9700";"0,7321";"1,0325"
"21,9800";"0,7324";"1,0342"
"21,9900";"0,7328";"1,0338"
"22,0000";"0,7331";"1,0313"
"22,0100";"0,7335";"1,0296"
"22,0200";"0,7338";"1,0303"
"22,0300";"0,7342";"1,0324"
"22,0400";"0,7345";"1,0338"
"22,0500";"0,7349";"1,0353"
"22,0600";"0,7352";"1,0350"
"22,0700";"0,7355";"1,0345"
"22,0800";"0,7358";"1,0350"
"22,0900";"0,7361";"1,0355"
"22,1000";"0,7364";"1,0360"
"22,1100";"0,7368";"1,0370"
"22,1200";"0,7371";"1,0391"
"22,1300";"0,7375";"1,0398"
"22,1400";"0,7378";"1,0384"
"22,1500";"0,7382";"1,0364"
"22,1600";"0,7387";"1,0363"
"22,1700";"0,7390";"1,0387"
"22,1800";"0,7394";"1,0393"
"22,1900";"0,7397";"1,0398"
"22,2000";"0,7400";"1,0403"
"22,2100";"0,7403";"1,0418"
"22,2200";"0,7406";"1,0434"
"22,2300";"0,7409";"1,0434"
"22,2400";"0,7413";"1,0434"
"22,2500";"0,7416";"1,0435"
"22,2600";"0,7420";"1,0445"
"22,2700";"0,7422";"1,0443"
"22,2800";"0,7427";"1,0440"
"22,2900";"0,7430";"1,0447"
"22,3000";"0,7434";"1,0473"
"22,3100";"0,7437";"1,0489"
"22,3200";"0,7441";"1,0487"
"22,3300";"0,7445";"1,0462"
"22,3400";"0,7448";"1,0437"
"22,3500";"0,7452";"1,0437"
"22,3600";"0,7455";"1,0469"
"22,3700";"0,7459";"1,0503"
"22,3800";"0,7462";"1,0511"
"22,3900";"0,7466";"1,0498"
"22,4000";"0,7468";"1,0488"
"22,4100";"0,7471";"1,0493"
"22,4200";"0,7474";"1,0499"
"22,4300";"0,7476";"1,0485"
"22,4400";"0,7480";"1,0475"
"22,4500";"0,7484";"1,0490"
"22,4600";"0,7486";"1,0523"
"22,4700";"0,7489";"1,0532"
"22,4800";"0,7493";"1,0538"
"22,4900";"0,7497";"1,0530"
"22,5000";"0,7500";"1,0514"
"22,5100";"0,7504";"1,0486"
"22,5200";"0,7507";"1,0484"
"22,5300";"0,7511";"1,0521"
"22,5400";"0,7514";"1,0558"
"22,5500";"0,7518";"1,0575"
"22,5600";"0,7520";"1,0570"
"22,5700";"0,7524";"1,0547"
"22,5800";"0,7527";"1,0533"
"22,5900";"0,7530";"1,0525"
"22,6000";"0,7533";"1,0519"
"22,6100";"0,7535";"1,0530"
"22,6200";"0,7539";"1,0551"
"22,6300";"0,7543";"1,0561"
"22,6400";"0,7545";"1,0560"
"22,6500";"0,7548";"1,0567"
"22,6600";"0,7552";"1,0570"
"22,6700";"0,7556";"1,0564"
"22,6800";"0,7559";"1,0561"
"22,6900";"0,7563";"1,0562"
"22,7000";"0,7566";"1,0579"
"22,7100";"0,7570";"1,0600"
"22,7200";"0,7573";"1,0617"
"22,7300";"0,7576";"1,0622"
"22,7400";"0,7579";"1,0626"
"22,7500";"0,7582";"1,0624"
"22,7600";"0,7585";"1,0632"
"22,7700";"0,7589";"1,0631"
"22,7800";"0,7591";"1,0625"
"22,7900";"0,7595";"1,0627"
"22,8000";"0,7598";"1,0640"
"22,8100";"0,7602";"1,0653"
"22,8200";"0,7606";"1,0664"
"22,8300";"0,7610";"1,0655"
"22,8400";"0,7613";"1,0643"
"22,8500";"0,7617";"1,0639"
"22,8600";"0,7620";"1,0645"
"22,8700";"0,7624";"1,0658"
"22,8800";"0,7626";"1,0666"
"22,8900";"0,7630";"1,0678"
"22,9000";"0,7633";"1,0703"
"22,9100";"0,7637";"1,0704"
"22,9200";"0,7641";"1,0693"
"22,9300";"0,7644";"1,0687"
"22,9400";"0,7648";"1,0689"
"22,9500";"0,7651";"1,0685"
"22,9600";"0,7655";"1,0688"
"22,9700";"0,7658";"1,0697"
"22,9800";"0,7662";"1,0712"
"22,9900";"0,7664";"1,0727"
"23,0000";"0,7668";"1,0735"
"23,0100";"0,7671";"1,0730"
"23,0200";"0,7675";"1,0710"
"23,0300";"0,7677";"1,0684"
"23,0400";"0,7681";"1,0681"
"23,0500";"0,7684";"1,0707"
"23,0600";"0,7687";"1,0740"
"23,0700";"0,7690";"1,0753"
"23,0800";"0,7692";"1,0746"
"23,0900";"0,7696";"1,0747"
"23,1000";"0,7698";"1,0756"
"23,1100";"0,7702";"1,0755"
"23,1200";"0,7705";"1,0756"
"23,1300";"0,7709";"1,0758"
"23,1400";"0,7711";"1,0776"
"23,1500";"0,7715";"1,0787"
"23,1600";"0,7718";"1,0785"
"23,1700";"0,7722";"1,0769"
"23,1800";"0,7726";"1,0772"
"23,1900";"0,7729";"1,0783"
"23,2000";"0,7733";"1,0764"
"23,2100";"0,7736";"1,0743"
"23,2200";"0,7740";"1,0758"
"23,2300";"0,7743";"1,0791"
"23,2400";"0,7746";"1,0800"
"23,2500";"0,7749";"1,0806"
"23,2600";"0,7753";"1,0812"
"23,2700";"0,7755";"1,0823"
"23,2800";"0,7759";"1,0840"
"23,2900";"0,7762";"1,0834"
"23,3000";"0,7766";"1,0807"
"23,3100";"0,7768";"1,0805"
"23,3200";"0,7772";"1,0821"
"23,3300";"0,7775";"1,0845"
"23,3400";"0,7779";"1,0877"
"23,3500";"0,7782";"1,0886"
"23,3600";"0,7786";"1,0862"
"23,3700";"0,7789";"1,0833"
"23,3800";"0,7793";"1,0821"
"23,3900";"0,7796";"1,0830"
"23,4000";"0,7800";"1,0852"
"23,4100";"0,7802";"1,0882"
"23,4200";"0,7805";"1,0904"
"23,4300";"0,7808";"1,0911"
"23,4400";"0,7812";"1,0899"
"23,4500";"0,7814";"1,0881"
"23,4600";"0,7818";"1,0882"
"23,4700";"0,7821";"1,0898"
"23,4800";"0,7825";"1,0892"
"23,4900";"0,7828";"1,0870"
"23,5000";"0,7832";"1,0863"
"23,5100";"0,7835";"1,0888"
"23,5200";"0,7839";"1,0909"
"23,5300";"0,7842";"1,0896"
"23,5400";"0,7846";"1,0878"
"23,5500";"0,7850";"1,0876"
"23,5600";"0,7852";"1,0894"
"23,5700";"0,7855";"1,0907"
"23,5800";"0,7858";"1,0913"
"23,5900";"0,7861";"1,0914"
"23,6000";"0,7865";"1,0920"
"23,6100";"0,7867";"1,0932"
"23,6200";"0,7871";"1,0949"
"23,6300";"0,7874";"1,0947"
"23,6400";"0,7878";"1,0932"
"23,6500";"0,7883";"1,0922"
"23,6600";"0,7886";"1,0929"
"23,6700";"0,7890";"1,0952"
"23,6800";"0,7893";"1,0953"
"23,6900";"0,7897";"1,0939"
"23,7000";"0,7900";"1,0923"
"23,7100";"0,7904";"1,0922"
"23,7200";"0,7907";"1,0938"
"23,7300";"0,7911";"1,0963"
"23,7400";"0,7913";"1,0991"
"23,7500";"0,7917";"1,1013"
"23,7600";"0,7919";"1,1012"
"23,7700";"0,7923";"1,0987"
"23,7800";"0,7925";"1,0974"
"23,7900";"0,7929";"1,0986"
"23,8000";"0,7932";"1,1012"
"23,8100";"0,7935";"1,1019"
"23,8200";"0,7938";"1,1014"
"23,8300";"0,7942";"1,1020"
"23,8400";"0,7945";"1,1054"
"23,8500";"0,7949";"1,1087"
"23,8600";"0,7951";"1,1083"
"23,8700";"0,7956";"1,1051"
"23,8800";"0,7959";"1,1032"
"23,8900";"0,7962";"1,1029"
"23,9000";"0,7965";"1,1065"
"23,9100";"0,7969";"1,1101"
"23,9200";"0,7972";"1,1101"
"23,9300";"0,7975";"1,1066"
"23,9400";"0,7978";"1,1040"
"23,9500";"0,7981";"1,1037"
"23,9600";"0,7984";"1,1053"
"23,9700";"0,7988";"1,1066"
"23,9800";"0,7991";"1,1082"
"23,9900";"0,7995";"1,1089"
"24,0000";"0,7998";"1,1106"
"24,0100";"0,8002";"1,1122"
"24,0200";"0,8005";"1,1121"
"24,0300";"0,8009";"1,1110"
"24,0400";"0,8014";"1,1093"
"24,0500";"0,8017";"1,1081"
"24,0600";"0,8021";"1,1068"
"24,0700";"0,8024";"1,1070"
"24,0800";"0,8027";"1,1097"
"24,0900";"0,8030";"1,1112"
"24,1000";"0,8032";"1,1115"
"24,1100";"0,8036";"1,1129"
"24,1200";"0,8040";"1,1137"
"24,1300";"0,8043";"1,1131"
"24,1400";"0,8047";"1,1119"
"24,1500";"0,8049";"1,1130"
"24,1600";"0,8054";"1,1140"
"24,1700";"0,8057";"1,1136"
"24,1800";"0,8061";"1,1113"
"24,1900";"0,8064";"1,1135"
"24,2000";"0,8068";"1,1189"
"24,2100";"0,8071";"1,1216"
"24,2200";"0,8074";"1,1181"
"24,2300";"0,8077";"1,1131"
"24,2400";"0,8080";"1,1129"
"24,2500";"0,8082";"1,1169"
"24,2600";"0,8086";"1,1207"
"24,2700";"0,8089";"1,1218"
"24,2800";"0,8093";"1,1201"
"24,2900";"0,8096";"1,1201"
"24,3000";"0,8100";"1,1208"
"24,3100";"0,8103";"1,1206"
"24,3200";"0,8107";"1,1191"
"24,3300";"0,8110";"1,1182"
"24,3400";"0,8114";"1,1169"
"24,3500";"0,8117";"1,1171"
"24,3600";"0,8121";"1,1209"
"24,3700";"0,8125";"1,1243"
"24,3800";"0,8128";"1,1249"
"24,3900";"0,8132";"1,1232"
"24,4000";"0,8134";"1,1212"
"24,4100";"0,8138";"1,1204"
"24,4200";"0,8140";"1,1219"
"24,4300";"0,8143";"1,1254"
"24,4400";"0,8146";"1,1285"
"24,4500";"0,8149";"1,1285"
"24,4600";"0,8153";"1,1266"
"24,4700";"0,8155";"1,1248"
"24,4800";"0,8159";"1,1271"
"24,4900";"0,8162";"1,1310"
"24,5000";"0,8166";"1,1310"
"24,5100";"0,8169";"1,1270"
"24,5200";"0,8173";"1,1249"
"24,5300";"0,8177";"1,1272"
"24,5400";"0,8180";"1,1301"
"24,5500";"0,8184";"1,1311"
"24,5600";"0,8187";"1,1287"
"24,5700";"0,8191";"1,1257"
"24,5800";"0,8194";"1,1256"
"24,5900";"0,8197";"1,1282"
"24,6000";"0,8200";"1,1317"
"24,6100";"0,8202";"1,1336"
"24,6200";"0,8205";"1,1314"
"24,6300";"0,8208";"1,1300"
"24,6400";"0,8212";"1,1305"
"24,6500";"0,8215";"1,1326"
"24,6600";"0,8219";"1,1342"
"24,6700";"0,8223";"1,1333"
"24,6800";"0,8226";"1,1303"
"24,6900";"0,8231";"1,1294"
"24,7000";"0,8234";"1,1315"
"24,7100";"0,8238";"1,1345"
"24,7200";"0,8241";"1,1384"
"24,7300";"0,8245";"1,1395"
"24,7400";"0,8247";"1,1369"
"24,7500";"0,8251";"1,1349"
"24,7600";"0,8253";"1,1354"
"24,7700";"0,8256";"1,1378"
"24,7800";"0,8259";"1,1380"
"24,7900";"0,8262";"1,1370"
"24,8000";"0,8265";"1,1372"
"24,8100";"0,8269";"1,1373"
"24,8200";"0,8272";"1,1379"
"24,8300";"0,8276";"1,1386"
"24,8400";"0,8279";"1,1396"
"24,8500";"0,8283";"1,1421"
"24,8600";"0,8286";"1,1429"
"24,8700";"0,8290";"1,1422"
"24,8800";"0,8293";"1,1411"
"24,8900";"0,8297";"1,1432"
"24,9000";"0,8299";"1,1457"
"24,9100";"0,8303";"1,1440"
"24,9200";"0,8306";"1,1423"
"24,9300";"0,8310";"1,1425"
"24,9400";"0,8312";"1,1450"
"24,9500";"0,8316";"1,1460"
"24,9600";"0,8319";"1,1446"
"24,9700";"0,8323";"1,1430"
"24,9800";"0,8326";"1,1443"
"24,9900";"0,8330";"1,1467"
"25,0000";"0,8334";"1,1472"
"25,0100";"0,8337";"1,1472"
"25,0200";"0,8341";"1,1476"
"25,0300";"0,8344";"1,1475"
"25,0400";"0,8348";"1,1467"
"25,0500";"0,8351";"1,1477"
"25,0600";"0,8355";"1,1493"
"25,0700";"0,8357";"1,1489"
"25,0800";"0,8361";"1,1479"
"25,0900";"0,8364";"1,1479"
"25,1000";"0,8367";"1,1493"
"25,1100";"0,8369";"1,1507"
"25,1200";"0,8372";"1,1512"
"25,1300";"0,8376";"1,1516"
"25,1400";"0,8380";"1,1525"
"25,1500";"0,8382";"1,1522"
"25,1600";"0,8385";"1,1517"
"25,1700";"0,8389";"1,1528"
"25,1800";"0,8391";"1,1536"
"25,1900";"0,8395";"1,1533"
"25,2000";"0,8398";"1,1521"
"25,2100";"0,8402";"1,1510"
"25,2200";"0,8406";"1,1524"
"25,2300";"0,8409";"1,1538"
"25,2400";"0,8413";"1,1544"
"25,2500";"0,8415";"1,1552"
"25,2600";"0,8419";"1,1561"
"25,2700";"0,8422";"1,1564"
"25,2800";"0,8424";"1,1572"
"25,2900";"0,8427";"1,1597"
"25,3000";"0,8430";"1,1604"
"25,3100";"0,8434";"1,1573"
"25,3200";"0,8437";"1,1546"
"25,3300";"0,8441";"1,1559"
"25,3400";"0,8445";"1,1601"
"25,3500";"0,8448";"1,1620"
"25,3600";"0,8452";"1,1603"
"25,3700";"0,8455";"1,1596"
"25,3800";"0,8460";"1,1616"
"25,3900";"0,8463";"1,1628"
"25,4000";"0,8467";"1,1625"
"25,4100";"0,8470";"1,1613"
"25,4200";"0,8474";"1,1612"
"25,4300";"0,8478";"1,1620"
"25,4400";"0,8480";"1,1622"
"25,4500";"0,8483";"1,1630"
"25,4600";"0,8486";"1,1645"
"25,4700";"0,8489";"1,1642"
"25,4800";"0,8493";"1,1620"
"25,4900";"0,8495";"1,1609"
"25,5000";"0,8499";"1,1621"
"25,5100";"0,8502";"1,1640"
"25,5200";"0,8506";"1,1639"
"25,5300";"0,8509";"1,1641"
"25,5400";"0,8514";"1,1656"
"25,5500";"0,8518";"1,1660"
"25,5600";"0,8521";"1,1655"
"25,5700";"0,8524";"1,1637"
"25,5800";"0,8527";"1,1636"
"25,5900";"0,8530";"1,1635"
"25,6000";"0,8533";"1,1633"
"25,6100";"0,8535";"1,1637"
"25,6200";"0,8539";"1,1659"
"25,6300";"0,8542";"1,1698"
"25,6400";"0,8546";"1,1721"
"25,6500";"0,8550";"1,1709"
"25,6600";"0,8553";"1,1693"
"25,6700";"0,8557";"1,1699"
"25,6800";"0,8560";"1,1704"
"25,6900";"0,8564";"1,1708"
"25,7000";"0,8567";"1,1705"
"25,7100";"0,8571";"1,1709"
"25,7200";"0,8574";"1,1723"
"25,7300";"0,8577";"1,1744"
"25,7400";"0,8580";"1,1759"
"25,7500";"0,8584";"1,1751"
"25,7600";"0,8587";"1,1725"
"25,7700";"0,8590";"1,1693"
"25,7800";"0,8592";"1,1706"
"25,7900";"0,8596";"1,1742"
"25,8000";"0,8599";"1,1750"
"25,8100";"0,8602";"1,1741"
"25,8200";"0,8605";"1,1757"
"25,8300";"0,8609";"1,1778"
"25,8400";"0,8612";"1,1781"
"25,8500";"0,8615";"1,1770"
"25,8600";"0,8618";"1,1768"
"25,8700";"0,8622";"1,1768"
"25,8800";"0,8626";"1,1768"
"25,8900";"0,8630";"1,1758"
"25,9000";"0,8633";"1,1758"
"25,9100";"0,8637";"1,1783"
"25,9200";"0,8640";"1,1800"
"25,9300";"0,8644";"1,1800"
"25,9400";"0,8646";"1,1778"
"25,9500";"0,8650";"1,1773"
"25,9600";"0,8653";"1,1782"
"25,9700";"0,8656";"1,1785"
"25,9800";"0,8659";"1,1791"
"25,9900";"0,8663";"1,1796"
"26,0000";"0,8666";"1,1795"
"26,0100";"0,8670";"1,1788"
"26,0200";"0,8672";"1,1795"
"26,0300";"0,8677";"1,1826"
"26,0400";"0,8681";"1,1831"
"26,0500";"0,8684";"1,1830"
"26,0600";"0,8688";"1,1831"
"26,0700";"0,8691";"1,1838"
"26,0800";"0,8695";"1,1842"
"26,0900";"0,8698";"1,1839"
"26,1000";"0,8701";"1,1832"
"26,1100";"0,8703";"1,1840"
"26,1200";"0,8707";"1,1862"
"26,1300";"0,8709";"1,1883"
"26,1400";"0,8712";"1,1896"
"26,1500";"0,8716";"1,1899"
"26,1600";"0,8720";"1,1884"
"26,1700";"0,8722";"1,1867"
"26,1800";"0,8725";"1,1877"
"26,1900";"0,8729";"1,1891"
"26,2000";"0,8733";"1,1891"
"26,2100";"0,8736";"1,1872"
"26,2200";"0,8741";"1,1873"
"26,2300";"0,8744";"1,1894"
"26,2400";"0,8748";"1,1914"
"26,2500";"0,8750";"1,1920"
"26,2600";"0,8754";"1,1904"
"26,2700";"0,8756";"1,1902"
"26,2800";"0,8760";"1,1910"
"26,2900";"0,8763";"1,1913"
"26,3000";"0,8767";"1,1918"
"26,3100";"0,8769";"1,1942"
"26,3200";"0,8773";"1,1969"
"26,3300";"0,8776";"1,1968"
"26,3400";"0,8780";"1,1956"
"26,3500";"0,8783";"1,1946"
"26,3600";"0,8787";"1,1955"
"26,3700";"0,8792";"1,1960"
"26,3800";"0,8795";"1,1963"
"26,3900";"0,8799";"1,1962"
"26,4000";"0,8802";"1,1962"
"26,4100";"0,8806";"1,1950"
"26,4200";"0,8808";"1,1956"
"26,4300";"0,8812";"1,1980"
"26,4400";"0,8814";"1,1999"
"26,4500";"0,8816";"1,1996"
"26,4600";"0,8820";"1,1987"
"26,4700";"0,8823";"1,1985"
"26,4800";"0,8826";"1,2006"
"26,4900";"0,8829";"1,2014"
"26,5000";"0,8832";"1,2007"
"26,5100";"0,8835";"1,2014"
"26,5200";"0,8839";"1,2025"
"26,5300";"0,8842";"1,2019"
"26,5400";"0,8846";"1,1988"
"26,5500";"0,8848";"1,1973"
"26,5600";"0,8852";"1,1993"
"26,5700";"0,8855";"1,2022"
"26,5800";"0,8859";"1,2036"
"26,5900";"0,8862";"1,2047"
"26,6000";"0,8866";"1,2059"
"26,6100";"0,8868";"1,2055"
"26,6200";"0,8872";"1,2041"
"26,6300";"0,8874";"1,2041"
"26,6400";"0,8878";"1,2060"
"26,6500";"0,8880";"1,2065"
"26,6600";"0,8884";"1,2040"
"26,6700";"0,8887";"1,2020"
"26,6800";"0,8891";"1,2030"
"26,6900";"0,8894";"1,2067"
"26,7000";"0,8898";"1,2094"
"26,7100";"0,8901";"1,2085"
"26,7200";"0,8906";"1,2071"
"26,7300";"0,8910";"1,2066"
"26,7400";"0,8913";"1,2083"
"26,7500";"0,8917";"1,2117"
"26,7600";"0,8920";"1,2146"
"26,7700";"0,8924";"1,2160"
"26,7800";"0,8926";"1,2147"
"26,7900";"0,8929";"1,2122"
"26,8000";"0,8932";"1,2123"
"26,8100";"0,8934";"1,2144"
"26,8200";"0,8938";"1,2152"
"26,8300";"0,8942";"1,2144"
"26,8400";"0,8945";"1,2146"
"26,8500";"0,8949";"1,2155"
"26,8600";"0,8952";"1,2157"
"26,8700";"0,8956";"1,2151"
"26,8800";"0,8959";"1,2141"
"26,8900";"0,8963";"1,2124"
"26,9000";"0,8966";"1,2115"
"26,9100";"0,8971";"1,2131"
"26,9200";"0,8973";"1,2172"
"26,9300";"0,8977";"1,2195"
"26,9400";"0,8980";"1,2187"
"26,9500";"0,8984";"1,2168"
"26,9600";"0,8988";"1,2170"
"26,9700";"0,8990";"1,2183"
"26,9800";"0,8993";"1,2195"
"26,9900";"0,8997";"1,2192"
"27,0000";"0,8999";"1,2188"
"27,0100";"0,9003";"1,2192"
"27,0200";"0,9006";"1,2190"
"27,0300";"0,9010";"1,2191"
"27,0400";"0,9014";"1,2207"
"27,0500";"0,9017";"1,2217"
"27,0600";"0,9021";"1,2197"
"27,0700";"0,9024";"1,2181"
"27,0800";"0,9028";"1,2196"
"27,0900";"0,9030";"1,2235"
"27,1000";"0,9034";"1,2258"
"27,1100";"0,9037";"1,2234"
"27,1200";"0,9040";"1,2203"
"27,1300";"0,9042";"1,2196"
"27,1400";"0,9045";"1,2205"
"27,1500";"0,9048";"1,2219"
"27,1600";"0,9051";"1,2237"
"27,1700";"0,9055";"1,2255"
"27,1800";"0,9057";"1,2261"
"27,1900";"0,9061";"1,2249"
"27,2000";"0,9064";"1,2255"
"27,2100";"0,9068";"1,2266"
"27,2200";"0,9071";"1,2267"
"27,2300";"0,9075";"1,2242"
"27,2400";"0,9078";"1,2241"
"27,2500";"0,9082";"1,2259"
"27,2600";"0,9086";"1,2284"
"27,2700";"0,9089";"1,2289"
"27,2800";"0,9091";"1,2280"
"27,2900";"0,9095";"1,2278"
"27,3000";"0,9097";"1,2276"
"27,3100";"0,9101";"1,2277"
"27,3200";"0,9103";"1,2286"
"27,3300";"0,9107";"1,2308"
"27,3400";"0,9110";"1,2311"
"27,3500";"0,9114";"1,2282"
"27,3600";"0,9117";"1,2262"
"27,3700";"0,9121";"1,2279"
"27,3800";"0,9125";"1,2321"
"27,3900";"0,9129";"1,2346"
"27,4000";"0,9133";"1,2333"
"27,4100";"0,9136";"1,2318"
"27,4200";"0,9140";"1,2332"
"27,4300";"0,9143";"1,2355"
"27,4400";"0,9147";"1,2365"
"27,4500";"0,9150";"1,2352"
"27,4600";"0,9154";"1,2331"
"27,4700";"0,9156";"1,2326"
"27,4800";"0,9160";"1,2339"
"27,4900";"0,9163";"1,2371"
"27,5000";"0,9166";"1,2392"
"27,5100";"0,9169";"1,2395"
"27,5200";"0,9173";"1,2387"
"27,5300";"0,9176";"1,2378"
"27,5400";"0,9180";"1,2369"
"27,5500";"0,9184";"1,2350"
"27,5600";"0,9187";"1,2342"
"27,5700";"0,9191";"1,2358"
"27,5800";"0,9194";"1,2382"
"27,5900";"0,9198";"1,2390"
"27,6000";"0,9201";"1,2394"
"27,6100";"0,9204";"1,2409"
"27,6200";"0,9206";"1,2425"
"27,6300";"0,9210";"1,2421"
"27,6400";"0,9212";"1,2392"
"27,6500";"0,9215";"1,2376"
"27,6600";"0,9219";"1,2381"
"27,6700";"0,9222";"1,2403"
"27,6800";"0,9226";"1,2424"
"27,6900";"0,9228";"1,2448"
"27,7000";"0,9232";"1,2463"
"27,7100";"0,9235";"1,2453"
"27,7200";"0,9239";"1,2440"
"27,7300";"0,9243";"1,2446"
"27,7400";"0,9246";"1,2452"
"27,7500";"0,9250";"1,2444"
"27,7600";"0,9253";"1,2438"
"27,7700";"0,9257";"1,2446"
"27,7800";"0,9260";"1,2476"
"27,7900";"0,9264";"1,2494"
"27,8000";"0,9267";"1,2485"
"27,8100";"0,9270";"1,2461"
"27,8200";"0,9273";"1,2462"
"27,8300";"0,9276";"1,2481"
"27,8400";"0,9279";"1,2493"
"27,8500";"0,9283";"1,2487"
"27,8600";"0,9286";"1,2485"
"27,8700";"0,9290";"1,2496"
"27,8800";"0,9292";"1,2491"
"27,8900";"0,9296";"1,2489"
"27,9000";"0,9299";"1,2500"
"27,9100";"0,9303";"1,2496"
"27,9200";"0,9306";"1,2473"
"27,9300";"0,9310";"1,2468"
"27,9400";"0,9313";"1,2494"
"27,9500";"0,9317";"1,2517"
"27,9600";"0,9319";"1,2527"
"27,9700";"0,9322";"1,2525"
"27,9800";"0,9325";"1,2538"
"27,9900";"0,9329";"1,2559"
"28,0000";"0,9332";"1,2555"
"28,0100";"0,9336";"1,2535"
"28,0200";"0,9338";"1,2537"
"28,0300";"0,9342";"1,2560"
"28,0400";"0,9345";"1,2567"
"28,0500";"0,9349";"1,2567"
"28,0600";"0,9354";"1,2574"
"28,0700";"0,9357";"1,2590"
"28,0800";"0,9361";"1,2591"
"28,0900";"0,9364";"1,2562"
"28,1000";"0,9368";"1,2540"
"28,1100";"0,9371";"1,2552"
"28,1200";"0,9375";"1,2572"
"28,1300";"0,9378";"1,2588"
"28,1400";"0,9381";"1,2603"
"28,1500";"0,9383";"1,2598"
"28,1600";"0,9387";"1,2585"
"28,1700";"0,9390";"1,2602"
"28,1800";"0,9392";"1,2633"
"28,1900";"0,9397";"1,2647"
"28,2000";"0,9401";"1,2642"
"28,2100";"0,9404";"1,2624"
"28,2200";"0,9408";"1,2631"
"28,2300";"0,9411";"1,2639"
"28,2400";"0,9415";"1,2633"
"28,2500";"0,9418";"1,2611"
"28,2600";"0,9422";"1,2611"
"28,2700";"0,9426";"1,2639"
"28,2800";"0,9428";"1,2675"
"28,2900";"0,9431";"1,2691"
"28,3000";"0,9434";"1,2689"
"28,3100";"0,9437";"1,2660"
"28,3200";"0,9440";"1,2630"
"28,3300";"0,9443";"1,2610"
"28,3400";"0,9446";"1,2625"
"28,3500";"0,9449";"1,2659"
"28,3600";"0,9453";"1,2672"
"28,3700";"0,9456";"1,2664"
"28,3800";"0,9460";"1,2675"
"28,3900";"0,9463";"1,2697"
"28,4000";"0,9467";"1,2709"
"28,4100";"0,9470";"1,2691"
"28,4200";"0,9474";"1,2664"
"28,4300";"0,9477";"1,2659"
"28,4400";"0,9481";"1,2663"
"28,4500";"0,9483";"1,2679"
"28,4600";"0,9487";"1,2711"
"28,4700";"0,9489";"1,2743"
"28,4800";"0,9493";"1,2745"
"28,4900";"0,9496";"1,2721"
"28,5000";"0,9500";"1,2687"
"28,5100";"0,9502";"1,2692"
"28,5200";"0,9506";"1,2716"
"28,5300";"0,9509";"1,2722"
"28,5400";"0,9513";"1,2720"
"28,5500";"0,9515";"1,2718"
"28,5600";"0,9519";"1,2728"
"28,5700";"0,9522";"1,2746"
"28,5800";"0,9526";"1,2760"
"28,5900";"0,9529";"1,2760"
"28,6000";"0,9533";"1,2738"
"28,6100";"0,9535";"1,2723"
"28,6200";"0,9539";"1,2740"
"28,6300";"0,9542";"1,2777"
"28,6400";"0,9545";"1,2791"
"28,6500";"0,9548";"1,2776"
"28,6600";"0,9551";"1,2737"
"28,6700";"0,9554";"1,2732"
"28,6800";"0,9557";"1,2752"
"28,6900";"0,9560";"1,2765"
"28,7000";"0,9564";"1,2776"
"28,7100";"0,9567";"1,2797"
"28,7200";"0,9571";"1,2815"
"28,7300";"0,9574";"1,2814"
"28,7400";"0,9578";"1,2810"
"28,7500";"0,9581";"1,2806"
"28,7600";"0,9586";"1,2816"
"28,7700";"0,9588";"1,2813"
"28,7800";"0,9593";"1,2805"
"28,7900";"0,9596";"1,2809"
"28,8000";"0,9599";"1,2829"
"28,8100";"0,9603";"1,2841"
"28,8200";"0,9605";"1,2838"
"28,8300";"0,9607";"1,2835"
"28,8400";"0,9611";"1,2832"
"28,8500";"0,9614";"1,2835"
"28,8600";"0,9618";"1,2843"
"28,8700";"0,9622";"1,2862"
"28,8800";"0,9625";"1,2868"
"28,8900";"0,9629";"1,2846"
"28,9000";"0,9632";"1,2836"
"28,9100";"0,9636";"1,2849"
"28,9200";"0,9640";"1,2876"
"28,9300";"0,9644";"1,2881"
"28,9400";"0,9647";"1,2864"
"28,9500";"0,9651";"1,2871"
"28,9600";"0,9655";"1,2896"
"28,9700";"0,9657";"1,2916"
"28,9800";"0,9660";"1,2925"
"28,9900";"0,9664";"1,2907"
"29,0000";"0,9666";"1,2905"
"29,0100";"0,9670";"1,2905"
"29,0200";"0,9673";"1,2909"
"29,0300";"0,9677";"1,2922"
"29,0400";"0,9681";"1,2920"
"29,0500";"0,9684";"1,2906"
"29,0600";"0,9688";"1,2901"
"29,0700";"0,9691";"1,2929"
"29,0800";"0,9695";"1,2964"
"29,0900";"0,9698";"1,2960"
"29,1000";"0,9702";"1,2923"
"29,1100";"0,9705";"1,2900"
"29,1200";"0,9708";"1,2906"
"29,1300";"0,9711";"1,2919"
"29,1400";"0,9715";"1,2926"
"29,1500";"0,9718";"1,2952"
"29,1600";"0,9721";"1,2971"
"29,1700";"0,9723";"1,2979"
"29,1800";"0,9727";"1,2959"
"29,1900";"0,9729";"1,2940"
"29,2000";"0,9732";"1,2955"
"29,2100";"0,9736";"1,2987"
"29,2200";"0,9740";"1,2995"
"29,2300";"0,9742";"1,2980"
"29,2400";"0,9745";"1,2975"
"29,2500";"0,9749";"1,2989"
"29,2600";"0,9753";"1,3018"
"29,2700";"0,9756";"1,3036"
"29,2800";"0,9760";"1,3021"
"29,2900";"0,9763";"1,2993"
"29,3000";"0,9767";"1,2970"
"29,3100";"0,9769";"1,2977"
"29,3200";"0,9771";"1,3003"
"29,3300";"0,9775";"1,3009"
"29,3400";"0,9777";"1,2997"
"29,3500";"0,9781";"1,2997"
"29,3600";"0,9784";"1,3028"
"29,3700";"0,9787";"1,3060"
"29,3800";"0,9790";"1,3054"
"29,3900";"0,9794";"1,3037"
"29,4000";"0,9797";"1,3042"
"29,4100";"0,9801";"1,3068"
"29,4200";"0,9806";"1,3063"
"29,4300";"0,9809";"1,3042"
"29,4400";"0,9813";"1,3037"
"29,4500";"0,9816";"1,3050"
"29,4600";"0,9820";"1,3060"
"29,4700";"0,9823";"1,3046"
"29,4800";"0,9827";"1,3040"
"29,4900";"0,9830";"1,3057"
"29,5000";"0,9833";"1,3072"
"29,5100";"0,9836";"1,3077"
"29,5200";"0,9839";"1,3074"
"29,5300";"0,9842";"1,3063"
"29,5400";"0,9846";"1,3060"
"29,5500";"0,9848";"1,3081"
"29,5600";"0,9852";"1,3103"
"29,5700";"0,9856";"1,3104"
"29,5800";"0,9860";"1,3083"
"29,5900";"0,9864";"1,3071"
"29,6000";"0,9867";"1,3089"
"29,6100";"0,9871";"1,3119"
"29,6200";"0,9874";"1,3132"
"29,6300";"0,9878";"1,3133"
"29,6400";"0,9880";"1,3132"
"29,6500";"0,9884";"1,3133"
"29,6600";"0,9887";"1,3134"
"29,6700";"0,9890";"1,3129"
"29,6800";"0,9893";"1,3144"
"29,6900";"0,9897";"1,3164"
"29,7000";"0,9900";"1,3174"
"29,7100";"0,9904";"1,3163"
"29,7200";"0,9907";"1,3149"
"29,7300";"0,9911";"1,3163"
"29,7400";"0,9914";"1,3175"
"29,7500";"0,9918";"1,3176"
"29,7600";"0,9921";"1,3171"
"29,7700";"0,9925";"1,3178"
"29,7800";"0,9928";"1,3174"
"29,7900";"0,9932";"1,3162"
"29,8000";"0,9934";"1,3158"
"29,8100";"0,9938";"1,3177"
"29,8200";"0,9941";"1,3201"
"29,8300";"0,9945";"1,3202"
"29,8400";"0,9947";"1,3200"
"29,8500";"0,9951";"1,3206"
"29,8600";"0,9953";"1,3202"
"29,8700";"0,9957";"1,3188"
"29,8800";"0,9960";"1,3197"
"29,8900";"0,9963";"1,3224"
"29,9000";"0,9966";"1,3245"
"29,9100";"0,9970";"1,3236"
"29,9200";"0,9973";"1,3208"
"29,9300";"0,9976";"1,3197"
"29,9400";"0,9979";"1,3211"
"29,9500";"0,9983";"1,3227"
"29,9600";"0,9986";"1,3240"
"29,9700";"0,9990";"1,3253"
"29,9800";"0,9993";"1,3271"
"29,9900";"0,9996";"1,3275"
"30,0000";"0,9999";"1,3275"
"30,0100";"1,0002";"1,3298"
"30,0200";"1,0005";"1,3305"
"30,0300";"1,0009";"1,3278"
"30,0400";"1,0011";"1,3253"
"30,0500";"1,0015";"1,3265"
"30,0600";"1,0018";"1,3293"
"30,0700";"1,0022";"1,3301"
"30,0800";"1,0025";"1,3284"
"30,0900";"1,0029";"1,3279"
"30,1000";"1,0032";"1,3288"
"30,1100";"1,0036";"1,3288"
"30,1200";"1,0039";"1,3270"
"30,1300";"1,0043";"1,3267"
"30,1400";"1,0047";"1,3278"
"30,1500";"1,0050";"1,3281"
"30,1600";"1,0052";"1,3278"
"30,1700";"1,0056";"1,3297"
"30,1800";"1,0058";"1,3323"
"30,1900";"1,0062";"1,3330"
"30,2000";"1,0064";"1,3320"
"30,2100";"1,0068";"1,3316"
"30,2200";"1,0071";"1,3321"
"30,2300";"1,0075";"1,3345"
"30,2400";"1,0078";"1,3365"
"30,2500";"1,0082";"1,3368"
"30,2600";"1,0085";"1,3359"
"30,2700";"1,0089";"1,3341"
"30,2800";"1,0093";"1,3332"
"30,2900";"1,0096";"1,3342"
"30,3000";"1,0100";"1,3371"
"30,3100";"1,0103";"1,3369"
"30,3200";"1,0107";"1,3348"
"30,3300";"1,0109";"1,3344"
"30,3400";"1,0113";"1,3366"
"30,3500";"1,0116";"1,3387"
"30,3600";"1,0119";"1,3399"
"30,3700";"1,0122";"1,3386"
"30,3800";"1,0126";"1,3378"
"30,3900";"1,0129";"1,3388"
"30,4000";"1,0133";"1,3403"
"30,4100";"1,0136";"1,3420"
"30,4200";"1,0140";"1,3436"
"30,4300";"1,0143";"1,3433"
"30,4400";"1,0147";"1,3412"
"30,4500";"1,0150";"1,3395"
"30,4600";"1,0154";"1,3404"
"30,4700";"1,0157";"1,3434"
"30,4800";"1,0161";"1,3457"
"30,4900";"1,0165";"1,3445"
"30,5000";"1,0167";"1,3438"
"30,5100";"1,0170";"1,3443"
"30,5200";"1,0173";"1,3442"
"30,5300";"1,0175";"1,3445"
"30,5400";"1,0179";"1,3445"
"30,5500";"1,0181";"1,3429"
"30,5600";"1,0185";"1,3428"
"30,5700";"1,0188";"1,3447"
"30,5800";"1,0192";"1,3467"
"30,5900";"1,0195";"1,3471"
"30,6000";"1,0198";"1,3458"
"30,6100";"1,0201";"1,3447"
"30,6200";"1,0205";"1,3457"
"30,6300";"1,0208";"1,3470"
"30,6400";"1,0212";"1,3469"
"30,6500";"1,0215";"1,3462"
"30,6600";"1,0219";"1,3477"
"30,6700";"1,0222";"1,3496"
"30,6800";"1,0225";"1,3504"
"30,6900";"1,0227";"1,3501"
"30,7000";"1,0231";"1,3498"
"30,7100";"1,0234";"1,3507"
"30,7200";"1,0238";"1,3510"
"30,7300";"1,0240";"1,3490"
"30,7400";"1,0244";"1,3496"
"30,7500";"1,0247";"1,3523"
"30,7600";"1,0251";"1,3538"
"30,7700";"1,0255";"1,3520"
"30,7800";"1,0259";"1,3509"
"30,7900";"1,0263";"1,3508"
"30,8000";"1,0266";"1,3520"
"30,8100";"1,0270";"1,3532"
"30,8200";"1,0273";"1,3548"
"30,8300";"1,0277";"1,3550"
"30,8400";"1,0279";"1,3526"
"30,8500";"1,0281";"1,3507"
"30,8600";"1,0285";"1,3528"
"30,8700";"1,0287";"1,3559"
"30,8800";"1,0291";"1,3559"
"30,8900";"1,0294";"1,3540"
"30,9000";"1,0298";"1,3537"
"30,9100";"1,0302";"1,3569"
"30,9200";"1,0305";"1,3601"
"30,9300";"1,0309";"1,3588"
"30,9400";"1,0313";"1,3562"
"30,9500";"1,0317";"1,3573"
"30,9600";"1,0320";"1,3606"
"30,9700";"1,0324";"1,3614"
"30,9800";"1,0327";"1,3603"
"30,9900";"1,0331";"1,3594"
"31,0000";"1,0335";"1,3590"
"31,0100";"1,0337";"1,3581"
"31,0200";"1,0340";"1,3584"
"31,0300";"1,0344";"1,3601"
"31,0400";"1,0346";"1,3629"
"31,0500";"1,0350";"1,3636"
"31,0600";"1,0353";"1,3610"
"31,0700";"1,0357";"1,3611"
"31,0800";"1,0361";"1,3637"
"31,0900";"1,0364";"1,3648"
"31,1000";"1,0368";"1,3640"
"31,1100";"1,0371";"1,3636"
"31,1200";"1,0375";"1,3654"
"31,1300";"1,0378";"1,3672"
"31,1400";"1,0382";"1,3684"
"31,1500";"1,0384";"1,3682"
"31,1600";"1,0388";"1,3670"
"31,1700";"1,0391";"1,3646"
"31,1800";"1,0394";"1,3636"
"31,1900";"1,0396";"1,3650"
"31,2000";"1,0398";"1,3680"
"31,2100";"1,0402";"1,3695"
"31,2200";"1,0404";"1,3680"
"31,2300";"1,0408";"1,3656"
"31,2400";"1,0411";"1,3658"
"31,2500";"1,0414";"1,3671"
"31,2600";"1,0417";"1,3694"
"31,2700";"1,0421";"1,3702"
"31,2800";"1,0424";"1,3702"
"31,2900";"1,0428";"1,3693"
"31,3000";"1,0431";"1,3691"
"31,3100";"1,0435";"1,3709"
"31,3200";"1,0438";"1,3741"
"31,3300";"1,0442";"1,3721"
"31,3400";"1,0446";"1,3690"
"31,3500";"1,0448";"1,3693"
"31,3600";"1,0451";"1,3732"
"31,3700";"1,0454";"1,3762"
"31,3800";"1,0457";"1,3750"
"31,3900";"1,0461";"1,3726"
"31,4000";"1,0464";"1,3715"
"31,4100";"1,0467";"1,3713"
"31,4200";"1,0470";"1,3703"
"31,4300";"1,0474";"1,3710"
"31,4400";"1,0477";"1,3734"
"31,4500";"1,0482";"1,3757"
"31,4600";"1,0486";"1,3756"
"31,4700";"1,0489";"1,3756"
"31,4800";"1,0493";"1,3762"
"31,4900";"1,0496";"1,3772"
"31,5000";"1,0500";"1,3771"
"31,5100";"1,0502";"1,3763"
"31,5200";"1,0506";"1,3753"
"31,5300";"1,0508";"1,3755"
"31,5400";"1,0512";"1,3767"
"31,5500";"1,0515";"1,3791"
"31,5600";"1,0518";"1,3802"
"31,5700";"1,0521";"1,3794"
"31,5800";"1,0525";"1,3782"
"31,5900";"1,0529";"1,3794"
"31,6000";"1,0533";"1,3822"
"31,6100";"1,0536";"1,3839"
"31,6200";"1,0540";"1,3825"
"31,6300";"1,0544";"1,3812"
"31,6400";"1,0547";"1,3837"
"31,6500";"1,0551";"1,3855"
"31,6600";"1,0554";"1,3849"
"31,6700";"1,0558";"1,3832"
"31,6800";"1,0561";"1,3845"
"31,6900";"1,0564";"1,3873"
"31,7000";"1,0567";"1,3882"
"31,7100";"1,0571";"1,3870"
"31,7200";"1,0573";"1,3859"
"31,7300";"1,0577";"1,3868"
"31,7400";"1,0580";"1,3865"
"31,7500";"1,0584";"1,3835"
"31,7600";"1,0587";"1,3838"
"31,7700";"1,0591";"1,3874"
"31,7800";"1,0594";"1,3906"
"31,7900";"1,0599";"1,3909"
"31,8000";"1,0601";"1,3900"
"31,8100";"1,0605";"1,3881"
"31,8200";"1,0608";"1,3873"
"31,8300";"1,0612";"1,3881"
"31,8400";"1,0616";"1,3888"
"31,8500";"1,0618";"1,3878"
"31,8600";"1,0620";"1,3854"
"31,8700";"1,0624";"1,3855"
"31,8800";"1,0626";"1,3889"
"31,8900";"1,0630";"1,3937"
"31,9000";"1,0632";"1,3950"
"31,9100";"1,0636";"1,3938"
"31,9200";"1,0639";"1,3941"
"31,9300";"1,0643";"1,3957"
"31,9400";"1,0646";"1,3961"
"31,9500";"1,0650";"1,3945"
"31,9600";"1,0653";"1,3929"
"31,9700";"1,0657";"1,3933"
"31,9800";"1,0660";"1,3935"
"31,9900";"1,0664";"1,3929"
"32,0000";"1,0667";"1,3943"
"32,0100";"1,0670";"1,3972"
"32,0200";"1,0672";"1,3979"
"32,0300";"1,0676";"1,3956"
"32,0400";"1,0679";"1,3927"
"32,0500";"1,0682";"1,3935"
"32,0600";"1,0685";"1,3959"
"32,0700";"1,0689";"1,3981"
"32,0800";"1,0692";"1,3984"
"32,0900";"1,0695";"1,3979"
"32,1000";"1,0698";"1,3982"
"32,1100";"1,0702";"1,3996"
"32,1200";"1,0705";"1,4028"
"32,1300";"1,0709";"1,4045"
"32,1400";"1,0712";"1,4026"
"32,1500";"1,0716";"1,3995"
"32,1600";"1,0719";"1,3989"
"32,1700";"1,0723";"1,4012"
"32,1800";"1,0727";"1,4040"
"32,1900";"1,0729";"1,4041"
"32,2000";"1,0731";"1,4015"
"32,2100";"1,0735";"1,4012"
"32,2200";"1,0738";"1,4018"
"32,2300";"1,0741";"1,4018"
"32,2400";"1,0744";"1,4020"
"32,2500";"1,0748";"1,4031"
"32,2600";"1,0751";"1,4036"
"32,2700";"1,0755";"1,4030"
"32,2800";"1,0760";"1,4039"
"32,2900";"1,0763";"1,4061"
"32,3000";"1,0767";"1,4078"
"32,3100";"1,0770";"1,4073"
"32,3200";"1,0774";"1,4052"
"32,3300";"1,0777";"1,4053"
"32,3400";"1,0780";"1,4084"
"32,3500";"1,0783";"1,4105"
"32,3600";"1,0787";"1,4107"
"32,3700";"1,0789";"1,4107"
"32,3800";"1,0793";"1,4097"
"32,3900";"1,0796";"1,4076"
"32,4000";"1,0800";"1,4072"
"32,4100";"1,0802";"1,4085"
"32,4200";"1,0806";"1,4099"
"32,4300";"1,0809";"1,4093"
"32,4400";"1,0814";"1,4091"
"32,4500";"1,0817";"1,4103"
"32,4600";"1,0821";"1,4118"
"32,4700";"1,0825";"1,4127"
"32,4800";"1,0828";"1,4119"
"32,4900";"1,0832";"1,4124"
"32,5000";"1,0835";"1,4127"
"32,5100";"1,0839";"1,4142"
"32,5200";"1,0842";"1,4165"
"32,5300";"1,0845";"1,4169"
"32,5400";"1,0847";"1,4150"
"32,5500";"1,0850";"1,4124"
"32,5600";"1,0853";"1,4123"
"32,5700";"1,0855";"1,4151"
"32,5800";"1,0859";"1,4188"
"32,5900";"1,0862";"1,4190"
"32,6000";"1,0865";"1,4170"
"32,6100";"1,0868";"1,4165"
"32,6200";"1,0872";"1,4183"
"32,6300";"1,0875";"1,4191"
"32,6400";"1,0879";"1,4177"
"32,6500";"1,0882";"1,4174"
"32,6600";"1,0886";"1,4204"
"32,6700";"1,0889";"1,4222"
"32,6800";"1,0893";"1,4219"
"32,6900";"1,0897";"1,4219"
"32,7000";"1,0899";"1,4228"
"32,7100";"1,0901";"1,4227"
"32,7200";"1,0905";"1,4217"
"32,7300";"1,0908";"1,4217"
"32,7400";"1,0911";"1,4224"
"32,7500";"1,0914";"1,4232"
"32,7600";"1,0918";"1,4239"
"32,7700";"1,0921";"1,4240"
"32,7800";"1,0925";"1,4233"
"32,7900";"1,0928";"1,4225"
"32,8000";"1,0932";"1,4229"
"32,8100";"1,0935";"1,4240"
"32,8200";"1,0939";"1,4251"
"32,8300";"1,0944";"1,4258"
"32,8400";"1,0947";"1,4263"
"32,8500";"1,0951";"1,4267"
"32,8600";"1,0953";"1,4279"
"32,8700";"1,0956";"1,4289"
"32,8800";"1,0959";"1,4286"
"32,8900";"1,0961";"1,4281"
"32,9000";"1,0965";"1,4271"
"32,9100";"1,0969";"1,4282"
"32,9200";"1,0972";"1,4289"
"32,9300";"1,0976";"1,4284"
"32,9400";"1,0979";"1,4287"
"32,9500";"1,0983";"1,4279"
"32,9600";"1,0987";"1,4267"
"32,9700";"1,0991";"1,4264"
"32,9800";"1,0995";"1,4276"
"32,9900";"1,0998";"1,4285"
"33,0000";"1,1002";"1,4289"
"33,0100";"1,1004";"1,4273"
"33,0200";"1,1007";"1,4274"
"33,0300";"1,1010";"1,4289"
"33,0400";"1,1013";"1,4300"
"33,0500";"1,1016";"1,4306"
"33,0600";"1,1019";"1,4320"
"33,0700";"1,1023";"1,4327"
"33,0800";"1,1025";"1,4324"
"33,0900";"1,1029";"1,4322"
"33,1000";"1,1032";"1,4333"
"33,1100";"1,1036";"1,4342"
"33,1200";"1,1039";"1,4334"
"33,1300";"1,1043";"1,4348"
"33,1400";"1,1046";"1,4382"
"33,1500";"1,1050";"1,4408"
"33,1600";"1,1055";"1,4385"
"33,1700";"1,1058";"1,4347"
"33,1800";"1,1062";"1,4339"
"33,1900";"1,1065";"1,4358"
"33,2000";"1,1068";"1,4365"
"33,2100";"1,1071";"1,4370"
"33,2200";"1,1074";"1,4380"
"33,2300";"1,1076";"1,4399"
"33,2400";"1,1080";"1,4415"
"33,2500";"1,1082";"1,4415"
"33,2600";"1,1085";"1,4393"
"33,2700";"1,1089";"1,4373"
"33,2800";"1,1092";"1,4379"
"33,2900";"1,1095";"1,4389"
"33,3000";"1,1098";"1,4411"
"33,3100";"1,1102";"1,4437"
"33,3200";"1,1105";"1,4448"
"33,3300";"1,1109";"1,4431"
"33,3400";"1,1113";"1,4412"
"33,3500";"1,1116";"1,4416"
"33,3600";"1,1118";"1,4423"
"33,3700";"1,1122";"1,4427"
"33,3800";"1,1124";"1,4437"
"33,3900";"1,1128";"1,4453"
"33,4000";"1,1130";"1,4468"
"33,4100";"1,1134";"1,4479"
"33,4200";"1,1137";"1,4479"
"33,4300";"1,1141";"1,4476"
"33,4400";"1,1144";"1,4454"
"33,4500";"1,1148";"1,4422"
"33,4600";"1,1152";"1,4414"
"33,4700";"1,1155";"1,4448"
"33,4800";"1,1159";"1,4501"
"33,4900";"1,1162";"1,4531"
"33,5000";"1,1166";"1,4523"
"33,5100";"1,1169";"1,4495"
"33,5200";"1,1173";"1,4470"
"33,5300";"1,1176";"1,4469"
"33,5400";"1,1179";"1,4474"
"33,5500";"1,1182";"1,4488"
"33,5600";"1,1186";"1,4487"
"33,5700";"1,1189";"1,4489"
"33,5800";"1,1193";"1,4511"
"33,5900";"1,1195";"1,4547"
"33,6000";"1,1200";"1,4561"
"33,6100";"1,1203";"1,4520"
"33,6200";"1,1207";"1,4495"
"33,6300";"1,1211";"1,4497"
"33,6400";"1,1214";"1,4517"
"33,6500";"1,1218";"1,4535"
"33,6600";"1,1221";"1,4544"
"33,6700";"1,1225";"1,4571"
"33,6800";"1,1227";"1,4573"
"33,6900";"1,1231";"1,4563"
"33,7000";"1,1233";"1,4541"
"33,7100";"1,1237";"1,4537"
"33,7200";"1,1239";"1,4560"
"33,7300";"1,1242";"1,4568"
"33,7400";"1,1246";"1,4559"
"33,7500";"1,1250";"1,4573"
"33,7600";"1,1253";"1,4602"
"33,7700";"1,1257";"1,4622"
"33,7800";"1,1260";"1,4611"
"33,7900";"1,1264";"1,4579"
"33,8000";"1,1267";"1,4561"
"33,8100";"1,1271";"1,4565"
"33,8200";"1,1274";"1,4580"
"33,8300";"1,1278";"1,4605"
"33,8400";"1,1281";"1,4621"
"33,8500";"1,1285";"1,4619"
"33,8600";"1,1288";"1,4598"
"33,8700";"1,1292";"1,4611"
"33,8800";"1,1294";"1,4630"
"33,8900";"1,1297";"1,4633"
"33,9000";"1,1300";"1,4601"
"33,9100";"1,1303";"1,4599"
"33,9200";"1,1306";"1,4628"
"33,9300";"1,1310";"1,4666"
"33,9400";"1,1313";"1,4671"
"33,9500";"1,1317";"1,4653"
"33,9600";"1,1320";"1,4644"
"33,9700";"1,1323";"1,4640"
"33,9800";"1,1326";"1,4637"
"33,9900";"1,1330";"1,4639"
"34,0000";"1,1333";"1,4658"
"34,0100";"1,1337";"1,4679"
"34,0200";"1,1340";"1,4689"
"34,0300";"1,1344";"1,4687"
"34,0400";"1,1346";"1,4686"
"34,0500";"1,1350";"1,4704"
"34,0600";"1,1352";"1,4709"
"34,0700";"1,1356";"1,4690"
"34,0800";"1,1359";"1,4665"
"34,0900";"1,1362";"1,4656"
"34,1000";"1,1365";"1,4684"
"34,1100";"1,1369";"1,4719"
"34,1200";"1,1371";"1,4727"
"34,1300";"1,1375";"1,4702"
"34,1400";"1,1378";"1,4681"
"34,1500";"1,1382";"1,4695"
"34,1600";"1,1385";"1,4731"
"34,1700";"1,1389";"1,4760"
"34,1800";"1,1392";"1,4751"
"34,1900";"1,1396";"1,4726"
"34,2000";"1,1398";"1,4724"
"34,2100";"1,1402";"1,4741"
"34,2200";"1,1404";"1,4748"
"34,2300";"1,1408";"1,4740"
"34,2400";"1,1411";"1,4728"
"34,2500";"1,1415";"1,4706"
"34,2600";"1,1418";"1,4697"
"34,2700";"1,1422";"1,4727"
"34,2800";"1,1425";"1,4773"
"34,2900";"1,1429";"1,4808"
"34,3000";"1,1434";"1,4784"
"34,3100";"1,1437";"1,4730"
"34,3200";"1,1441";"1,4718"
"34,3300";"1,1444";"1,4744"
"34,3400";"1,1448";"1,4778"
"34,3500";"1,1450";"1,4791"
"34,3600";"1,1454";"1,4801"
"34,3700";"1,1456";"1,4808"
"34,3800";"1,1460";"1,4812"
"34,3900";"1,1463";"1,4818"
"34,4000";"1,1466";"1,4820"
"34,4100";"1,1469";"1,4810"
"34,4200";"1,1473";"1,4775"
"34,4300";"1,1476";"1,4754"
"34,4400";"1,1480";"1,4774"
"34,4500";"1,1483";"1,4820"
"34,4600";"1,1487";"1,4852"
"34,4700";"1,1490";"1,4840"
"34,4800";"1,1494";"1,4823"
"34,4900";"1,1497";"1,4829"
"34,5000";"1,1501";"1,4834"
"34,5100";"1,1505";"1,4823"
"34,5200";"1,1508";"1,4819"
"34,5300";"1,1510";"1,4832"
"34,5400";"1,1514";"1,4843"
"34,5500";"1,1517";"1,4846"
"34,5600";"1,1520";"1,4855"
"34,5700";"1,1523";"1,4876"
"34,5800";"1,1526";"1,4882"
"34,5900";"1,1529";"1,4864"
"34,6000";"1,1533";"1,4853"
"34,6100";"1,1535";"1,4868"
"34,6200";"1,1539";"1,4885"
"34,6300";"1,1541";"1,4891"
"34,6400";"1,1545";"1,4896"
"34,6500";"1,1548";"1,4897"
"34,6600";"1,1552";"1,4889"
"34,6700";"1,1555";"1,4888"
"34,6800";"1,1558";"1,4902"
"34,6900";"1,1562";"1,4933"
"34,7000";"1,1566";"1,4949"
"34,7100";"1,1569";"1,4931"
"34,7200";"1,1572";"1,4914"
"34,7300";"1,1575";"1,4924"
"34,7400";"1,1579";"1,4943"
"34,7500";"1,1581";"1,4938"
"34,7600";"1,1585";"1,4904"
"34,7700";"1,1588";"1,4902"
"34,7800";"1,1591";"1,4932"
"34,7900";"1,1594";"1,4952"
"34,8000";"1,1598";"1,4956"
"34,8100";"1,1601";"1,4961"
"34,8200";"1,1605";"1,4967"
"34,8300";"1,1608";"1,4958"
"34,8400";"1,1612";"1,4953"
"34,8500";"1,1615";"1,4964"
"34,8600";"1,1619";"1,4992"
"34,8700";"1,1623";"1,4984"
"34,8800";"1,1626";"1,4954"
"34,8900";"1,1628";"1,4941"
"34,9000";"1,1631";"1,4963"
"34,9100";"1,1634";"1,4978"
"34,9200";"1,1638";"1,4973"
"34,9300";"1,1640";"1,4963"
"34,9400";"1,1645";"1,4947"
"34,9500";"1,1647";"1,4948"
"34,9600";"1,1652";"1,4974"
"34,9700";"1,1656";"1,5011"
"34,9800";"1,1659";"1,5033"
"34,9900";"1,1663";"1,5022"
"35,0000";"1,1666";"1,5004"
"35,0100";"1,1671";"1,5018"
"35,0200";"1,1673";"1,5048"
"35,0300";"1,1677";"1,5048"
"35,0400";"1,1679";"1,5018"
"35,0500";"1,1683";"1,5002"
"35,0600";"1,1685";"1,5021"
"35,0700";"1,1689";"1,5044"
"35,0800";"1,1692";"1,5046"
"35,0900";"1,1695";"1,5045"
"35,1000";"1,1698";"1,5052"
"35,1100";"1,1702";"1,5040"
"35,1200";"1,1706";"1,5021"
"35,1300";"1,1710";"1,5019"
"35,1400";"1,1713";"1,5050"
"35,1500";"1,1717";"1,5077"
"35,1600";"1,1721";"1,5070"
"35,1700";"1,1724";"1,5066"
"35,1800";"1,1728";"1,5088"
"35,1900";"1,1731";"1,5110"
"35,2000";"1,1735";"1,5110"
"35,2100";"1,1738";"1,5087"
"35,2200";"1,1741";"1,5077"
"35,2300";"1,1744";"1,5090"
"35,2400";"1,1747";"1,5104"
"35,2500";"1,1750";"1,5102"
"35,2600";"1,1752";"1,5109"
"35,2700";"1,1756";"1,5117"
"35,2800";"1,1760";"1,5122"
"35,2900";"1,1763";"1,5127"
"35,3000";"1,1765";"1,5130"
"35,3100";"1,1769";"1,5135"
"35,3200";"1,1772";"1,5127"
"35,3300";"1,1776";"1,5119"
"35,3400";"1,1780";"1,5124"
"35,3500";"1,1783";"1,5136"
"35,3600";"1,1787";"1,5147"
"35,3700";"1,1790";"1,5151"
"35,3800";"1,1793";"1,5158"
"35,3900";"1,1796";"1,5161"
"35,4000";"1,1798";"1,5150"
"35,4100";"1,1802";"1,5144"
"35,4200";"1,1806";"1,5157"
"35,4300";"1,1808";"1,5170"
"35,4400";"1,1811";"1,5157"
"35,4500";"1,1815";"1,5139"
"35,4600";"1,1819";"1,5150"
"35,4700";"1,1822";"1,5175"
"35,4800";"1,1826";"1,5185"
"35,4900";"1,1829";"1,5188"
"35,5000";"1,1832";"1,5188"
"35,5100";"1,1836";"1,5171"
"35,5200";"1,1839";"1,5147"
"35,5300";"1,1843";"1,5140"
"35,5400";"1,1846";"1,5171"
"35,5500";"1,1849";"1,5212"
"35,5600";"1,1852";"1,5238"
"35,5700";"1,1855";"1,5236"
"35,5800";"1,1859";"1,5222"
"35,5900";"1,1862";"1,5236"
"35,6000";"1,1866";"1,5245"
"35,6100";"1,1869";"1,5235"
"35,6200";"1,1873";"1,5222"
"35,6300";"1,1876";"1,5218"
"35,6400";"1,1880";"1,5232"
"35,6500";"1,1883";"1,5246"
"35,6600";"1,1888";"1,5264"
"35,6700";"1,1892";"1,5263"
"35,6800";"1,1895";"1,5244"
"35,6900";"1,1898";"1,5238"
"35,7000";"1,1900";"1,5239"
"35,7100";"1,1904";"1,5253"
"35,7200";"1,1907";"1,5263"
"35,7300";"1,1909";"1,5270"
"35,7400";"1,1913";"1,5278"
"35,7500";"1,1917";"1,5287"
"35,7600";"1,1920";"1,5285"
"35,7700";"1,1924";"1,5278"
"35,7800";"1,1927";"1,5275"
"35,7900";"1,1931";"1,5303"
"35,8000";"1,1934";"1,5319"
"35,8100";"1,1938";"1,5317"
"35,8200";"1,1941";"1,5312"
"35,8300";"1,1945";"1,5307"
"35,8400";"1,1948";"1,5302"
"35,8500";"1,1952";"1,5283"
"35,8600";"1,1954";"1,5255"
"35,8700";"1,1958";"1,5258"
"35,8800";"1,1961";"1,5302"
"35,8900";"1,1964";"1,5331"
"35,9000";"1,1966";"1,5353"
"35,9100";"1,1970";"1,5368"
"35,9200";"1,1972";"1,5368"
"35,9300";"1,1976";"1,5361"
"35,9400";"1,1979";"1,5353"
"35,9500";"1,1981";"1,5340"
"35,9600";"1,1985";"1,5334"
"35,9700";"1,1989";"1,5327"
"35,9800";"1,1992";"1,5340"
"35,9900";"1,1996";"1,5371"
"36,0000";"1,1999";"1,5377"
"36,0100";"1,2003";"1,5364"
"36,0200";"1,2006";"1,5335"
"36,0300";"1,2010";"1,5328"
"36,0400";"1,2013";"1,5331"
"36,0500";"1,2017";"1,5335"
"36,0600";"1,2020";"1,5359"
"36,0700";"1,2023";"1,5393"
"36,0800";"1,2026";"1,5409"
"36,0900";"1,2029";"1,5399"
"36,1000";"1,2032";"1,5382"
"36,1100";"1,2035";"1,5395"
"36,1200";"1,2038";"1,5421"
"36,1300";"1,2042";"1,5412"
"36,1400";"1,2045";"1,5382"
"36,1500";"1,2049";"1,5385"
"36,1600";"1,2052";"1,5410"
"36,1700";"1,2056";"1,5424"
"36,1800";"1,2059";"1,5418"
"36,1900";"1,2063";"1,5412"
"36,2000";"1,2066";"1,5408"
"36,2100";"1,2070";"1,5419"
"36,2200";"1,2074";"1,5433"
"36,2300";"1,2076";"1,5440"
"36,2400";"1,2078";"1,5447"
"36,2500";"1,2082";"1,5437"
"36,2600";"1,2085";"1,5422"
"36,2700";"1,2089";"1,5423"
"36,2800";"1,2092";"1,5437"
"36,2900";"1,2096";"1,5448"
"36,3000";"1,2100";"1,5446"
"36,3100";"1,2103";"1,5453"
"36,3200";"1,2107";"1,5481"
"36,3300";"1,2110";"1,5504"
"36,3400";"1,2114";"1,5507"
"36,3500";"1,2117";"1,5502"
"36,3600";"1,2121";"1,5482"
"36,3700";"1,2124";"1,5455"
"36,3800";"1,2127";"1,5446"
"36,3900";"1,2130";"1,5464"
"36,4000";"1,2134";"1,5515"
"36,4100";"1,2136";"1,5542"
"36,4200";"1,2140";"1,5521"
"36,4300";"1,2143";"1,5482"
"36,4400";"1,2147";"1,5464"
"36,4500";"1,2150";"1,5474"
"36,4600";"1,2154";"1,5490"
"36,4700";"1,2157";"1,5508"
"36,4800";"1,2161";"1,5520"
"36,4900";"1,2164";"1,5529"
"36,5000";"1,2168";"1,5543"
"36,5100";"1,2172";"1,5562"
"36,5200";"1,2174";"1,5556"
"36,5300";"1,2177";"1,5523"
"36,5400";"1,2181";"1,5496"
"36,5500";"1,2185";"1,5499"
"36,5600";"1,2188";"1,5539"
"36,5700";"1,2192";"1,5567"
"36,5800";"1,2194";"1,5564"
"36,5900";"1,2196";"1,5554"
"36,6000";"1,2200";"1,5561"
"36,6100";"1,2203";"1,5570"
"36,6200";"1,2206";"1,5572"
"36,6300";"1,2209";"1,5563"
"36,6400";"1,2212";"1,5554"
"36,6500";"1,2215";"1,5553"
"36,6600";"1,2219";"1,5557"
"36,6700";"1,2222";"1,5580"
"36,6800";"1,2226";"1,5613"
"36,6900";"1,2229";"1,5619"
"36,7000";"1,2233";"1,5600"
"36,7100";"1,2236";"1,5578"
"36,7200";"1,2240";"1,5576"
"36,7300";"1,2242";"1,5589"
"36,7400";"1,2246";"1,5607"
"36,7500";"1,2248";"1,5619"
"36,7600";"1,2252";"1,5631"
"36,7700";"1,2254";"1,5639"
"36,7800";"1,2258";"1,5641"
"36,7900";"1,2261";"1,5621"
"36,8000";"1,2264";"1,5622"
"36,8100";"1,2267";"1,5631"
"36,8200";"1,2271";"1,5638"
"36,8300";"1,2274";"1,5617"
"36,8400";"1,2278";"1,5610"
"36,8500";"1,2281";"1,5636"
"36,8600";"1,2285";"1,5658"
"36,8700";"1,2290";"1,5655"
"36,8800";"1,2293";"1,5638"
"36,8900";"1,2297";"1,5642"
"36,9000";"1,2299";"1,5651"
"36,9100";"1,2301";"1,5671"
"36,9200";"1,2305";"1,5683"
"36,9300";"1,2308";"1,5680"
"36,9400";"1,2311";"1,5666"
"36,9500";"1,2314";"1,5655"
"36,9600";"1,2318";"1,5669"
"36,9700";"1,2321";"1,5685"
"36,9800";"1,2325";"1,5688"
"36,9900";"1,2329";"1,5665"
"37,0000";"1,2332";"1,5648"
"37,0100";"1,2336";"1,5670"
"37,0200";"1,2340";"1,5705"
"37,0300";"1,2344";"1,5721"
"37,0400";"1,2346";"1,5710"
"37,0500";"1,2350";"1,5705"
"37,0600";"1,2353";"1,5701"
"37,0700";"1,2357";"1,5698"
"37,0800";"1,2360";"1,5697"
"37,0900";"1,2363";"1,5708"
"37,1000";"1,2366";"1,5722"
"37,1100";"1,2370";"1,5736"
"37,1200";"1,2373";"1,5736"
"37,1300";"1,2377";"1,5732"
"37,1400";"1,2380";"1,5732"
"37,1500";"1,2384";"1,5729"
"37,1600";"1,2388";"1,5724"
"37,1700";"1,2391";"1,5716"
"37,1800";"1,2395";"1,5716"
"37,1900";"1,2398";"1,5749"
"37,2000";"1,2401";"1,5790"
"37,2100";"1,2404";"1,5806"
"37,2200";"1,2408";"1,5796"
"37,2300";"1,2411";"1,5767"
"37,2400";"1,2414";"1,5758"
"37,2500";"1,2416";"1,5772"
"37,2600";"1,2419";"1,5790"
"37,2700";"1,2422";"1,5787"
"37,2800";"1,2425";"1,5782"
"37,2900";"1,2429";"1,5795"
"37,3000";"1,2431";"1,5816"
"37,3100";"1,2435";"1,5817"
"37,3200";"1,2438";"1,5791"
"37,3300";"1,2442";"1,5767"
"37,3400";"1,2445";"1,5763"
"37,3500";"1,2449";"1,5781"
"37,3600";"1,2452";"1,5817"
"37,3700";"1,2456";"1,5853"
"37,3800";"1,2460";"1,5866"
"37,3900";"1,2463";"1,5853"
"37,4000";"1,2467";"1,5835"
"37,4100";"1,2469";"1,5832"
"37,4200";"1,2473";"1,5849"
"37,4300";"1,2475";"1,5861"
"37,4400";"1,2478";"1,5861"
"37,4500";"1,2482";"1,5845"
"37,4600";"1,2484";"1,5828"
"37,4700";"1,2488";"1,5824"
"37,4800";"1,2491";"1,5840"
"37,4900";"1,2495";"1,5852"
"37,5000";"1,2499";"1,5856"
"37,5100";"1,2502";"1,5851"
"37,5200";"1,2506";"1,5834"
"37,5300";"1,2509";"1,5842"
"37,5400";"1,2513";"1,5878"
"37,5500";"1,2516";"1,5900"
"37,5600";"1,2520";"1,5888"
"37,5700";"1,2523";"1,5876"
"37,5800";"1,2526";"1,5889"
"37,5900";"1,2529";"1,5914"
"37,6000";"1,2533";"1,5917"
"37,6100";"1,2536";"1,5904"
"37,6200";"1,2540";"1,5884"
"37,6300";"1,2543";"1,5859"
"37,6400";"1,2547";"1,5875"
"37,6500";"1,2550";"1,5920"
"37,6600";"1,2554";"1,5944"
"37,6700";"1,2558";"1,5927"
"37,6800";"1,2561";"1,5900"
"37,6900";"1,2565";"1,5893"
"37,7000";"1,2568";"1,5920"
"37,7100";"1,2571";"1,5945"
"37,7200";"1,2573";"1,5936"
"37,7300";"1,2576";"1,5921"
"37,7400";"1,2579";"1,5932"
"37,7500";"1,2582";"1,5944"
"37,7600";"1,2586";"1,5941"
"37,7700";"1,2589";"1,5927"
"37,7800";"1,2592";"1,5926"
"37,7900";"1,2595";"1,5925"
"37,8000";"1,2599";"1,5919"
"37,8100";"1,2604";"1,5923"
"37,8200";"1,2607";"1,5951"
"37,8300";"1,2611";"1,5976"
"37,8400";"1,2614";"1,5971"
"37,8500";"1,2618";"1,5948"
"37,8600";"1,2621";"1,5941"
"37,8700";"1,2624";"1,5969"
"37,8800";"1,2627";"1,5994"
"37,8900";"1,2631";"1,5993"
"37,9000";"1,2634";"1,5981"
"37,9100";"1,2637";"1,5984"
"37,9200";"1,2639";"1,6006"
"37,9300";"1,2643";"1,6022"
"37,9400";"1,2646";"1,6030"
"37,9500";"1,2648";"1,6018"
"37,9600";"1,2652";"1,5998"
"37,9700";"1,2656";"1,5991"
"37,9800";"1,2659";"1,6010"
"37,9900";"1,2661";"1,6028"
"38,0000";"1,2665";"1,6022"
"38,0100";"1,2669";"1,6001"
"38,0200";"1,2672";"1,5997"
"38,0300";"1,2676";"1,6014"
"38,0400";"1,2679";"1,6033"
"38,0500";"1,2683";"1,6037"
"38,0600";"1,2686";"1,6039"
"38,0700";"1,2690";"1,6041"
"38,0800";"1,2693";"1,6038"
"38,0900";"1,2696";"1,6032"
"38,1000";"1,2699";"1,6041"
"38,1100";"1,2703";"1,6075"
"38,1200";"1,2705";"1,6092"
"38,1300";"1,2709";"1,6066"
"38,1400";"1,2712";"1,6036"
"38,1500";"1,2715";"1,6031"
"38,1600";"1,2719";"1,6058"
"38,1700";"1,2722";"1,6084"
"38,1800";"1,2726";"1,6089"
"38,1900";"1,2730";"1,6093"
"38,2000";"1,2733";"1,6092"
"38,2100";"1,2737";"1,6091"
"38,2200";"1,2741";"1,6097"
"38,2300";"1,2743";"1,6094"
"38,2400";"1,2746";"1,6081"
"38,2500";"1,2749";"1,6058"
"38,2600";"1,2752";"1,6067"
"38,2700";"1,2755";"1,6099"
"38,2800";"1,2758";"1,6129"
"38,2900";"1,2762";"1,6127"
"38,3000";"1,2764";"1,6114"
"38,3100";"1,2768";"1,6104"
"38,3200";"1,2771";"1,6096"
"38,3300";"1,2775";"1,6094"
"38,3400";"1,2780";"1,6102"
"38,3500";"1,2783";"1,6101"
"38,3600";"1,2787";"1,6101"
"38,3700";"1,2790";"1,6109"
"38,3800";"1,2792";"1,6129"
"38,3900";"1,2796";"1,6162"
"38,4000";"1,2800";"1,6181"
"38,4100";"1,2802";"1,6169"
"38,4200";"1,2805";"1,6137"
"38,4300";"1,2809";"1,6122"
"38,4400";"1,2811";"1,6118"
"38,4500";"1,2815";"1,6129"
"38,4600";"1,2818";"1,6143"
"38,4700";"1,2822";"1,6154"
"38,4800";"1,2826";"1,6147"
"38,4900";"1,2830";"1,6140"
"38,5000";"1,2834";"1,6153"
"38,5100";"1,2837";"1,6190"
"38,5200";"1,2841";"1,6217"
"38,5300";"1,2844";"1,6205"
"38,5400";"1,2848";"1,6178"
"38,5500";"1,2852";"1,6181"
"38,5600";"1,2855";"1,6207"
"38,5700";"1,2857";"1,6216"
"38,5800";"1,2861";"1,6194"
"38,5900";"1,2863";"1,6166"
"38,6000";"1,2866";"1,6152"
"38,6100";"1,2869";"1,6169"
"38,6200";"1,2872";"1,6202"
"38,6300";"1,2875";"1,6229"
"38,6400";"1,2879";"1,6245"
"38,6500";"1,2881";"1,6231"
"38,6600";"1,2885";"1,6209"
"38,6700";"1,2888";"1,6211"
"38,6800";"1,2892";"1,6225"
"38,6900";"1,2895";"1,6234"
"38,7000";"1,2899";"1,6222"
"38,7100";"1,2902";"1,6215"
"38,7200";"1,2905";"1,6232"
"38,7300";"1,2908";"1,6264"
"38,7400";"1,2913";"1,6302"
"38,7500";"1,2916";"1,6313"
"38,7600";"1,2919";"1,6294"
"38,7700";"1,2922";"1,6258"
"38,7800";"1,2925";"1,6246"
"38,7900";"1,2928";"1,6260"
"38,8000";"1,2931";"1,6278"
"38,8100";"1,2934";"1,6281"
"38,8200";"1,2938";"1,6273"
"38,8300";"1,2941";"1,6287"
"38,8400";"1,2945";"1,6313"
"38,8500";"1,2948";"1,6312"
"38,8600";"1,2952";"1,6289"
"38,8700";"1,2955";"1,6276"
"38,8800";"1,2959";"1,6273"
"38,8900";"1,2962";"1,6274"
"38,9000";"1,2966";"1,6288"
"38,9100";"1,2970";"1,6311"
"38,9200";"1,2972";"1,6330"
"38,9300";"1,2975";"1,6332"
"38,9400";"1,2979";"1,6305"
"38,9500";"1,2981";"1,6297"
"38,9600";"1,2985";"1,6318"
"38,9700";"1,2988";"1,6341"
"38,9800";"1,2992";"1,6349"
"38,9900";"1,2996";"1,6325"
"39,0000";"1,2999";"1,6316"
"39,0100";"1,3003";"1,6335"
"39,0200";"1,3006";"1,6350"
"39,0300";"1,3010";"1,6345"
"39,0400";"1,3014";"1,6324"
"39,0500";"1,3017";"1,6309"
"39,0600";"1,3020";"1,6315"
"39,0700";"1,3024";"1,6331"
"39,0800";"1,3026";"1,6355"
"39,0900";"1,3030";"1,6357"
"39,1000";"1,3033";"1,6350"
"39,1100";"1,3037";"1,6352"
"39,1200";"1,3040";"1,6366"
"39,1300";"1,3044";"1,6382"
"39,1400";"1,3047";"1,6383"
"39,1500";"1,3051";"1,6392"
"39,1600";"1,3055";"1,6399"
"39,1700";"1,3058";"1,6401"
"39,1800";"1,3062";"1,6385"
"39,1900";"1,3065";"1,6392"
"39,2000";"1,3068";"1,6411"
"39,2100";"1,3071";"1,6424"
"39,2200";"1,3075";"1,6417"
"39,2300";"1,3078";"1,6404"
"39,2400";"1,3081";"1,6410"
"39,2500";"1,3084";"1,6424"
"39,2600";"1,3088";"1,6418"
"39,2700";"1,3090";"1,6403"
"39,2800";"1,3092";"1,6408"
"39,2900";"1,3096";"1,6428"
"39,3000";"1,3099";"1,6430"
"39,3100";"1,3103";"1,6424"
"39,3200";"1,3105";"1,6421"
"39,3300";"1,3109";"1,6426"
"39,3400";"1,3112";"1,6423"
"39,3500";"1,3116";"1,6427"
"39,3600";"1,3120";"1,6445"
"39,3700";"1,3123";"1,6467"
"39,3800";"1,3127";"1,6469"
"39,3900";"1,3130";"1,6450"
"39,4000";"1,3134";"1,6430"
"39,4100";"1,3137";"1,6428"
"39,4200";"1,3140";"1,6439"
"39,4300";"1,3143";"1,6452"
"39,4400";"1,3147";"1,6455"
"39,4500";"1,3150";"1,6456"
"39,4600";"1,3153";"1,6448"
"39,4700";"1,3156";"1,6443"
"39,4800";"1,3160";"1,6463"
"39,4900";"1,3163";"1,6503"
"39,5000";"1,3167";"1,6512"
"39,5100";"1,3169";"1,6488"
"39,5200";"1,3173";"1,6466"
"39,5300";"1,3177";"1,6478"
"39,5400";"1,3180";"1,6496"
"39,5500";"1,3184";"1,6500"
"39,5600";"1,3187";"1,6484"
"39,5700";"1,3190";"1,6492"
"39,5800";"1,3194";"1,6503"
"39,5900";"1,3197";"1,6513"
"39,6000";"1,3200";"1,6538"
"39,6100";"1,3203";"1,6567"
"39,6200";"1,3206";"1,6560"
"39,6300";"1,3209";"1,6524"
"39,6400";"1,3212";"1,6504"
"39,6500";"1,3215";"1,6526"
"39,6600";"1,3217";"1,6561"
"39,6700";"1,3222";"1,6561"
"39,6800";"1,3226";"1,6535"
"39,6900";"1,3229";"1,6528"
"39,7000";"1,3233";"1,6540"
"39,7100";"1,3236";"1,6556"
"39,7200";"1,3240";"1,6572"
"39,7300";"1,3243";"1,6586"
"39,7400";"1,3247";"1,6587"
"39,7500";"1,3249";"1,6582"
"39,7600";"1,3253";"1,6591"
"39,7700";"1,3255";"1,6593"
"39,7800";"1,3259";"1,6593"
"39,7900";"1,3262";"1,6584"
"39,8000";"1,3266";"1,6578"
"39,8100";"1,3269";"1,6580"
"39,8200";"1,3273";"1,6599"
"39,8300";"1,3277";"1,6608"
"39,8400";"1,3280";"1,6611"
"39,8500";"1,3284";"1,6606"
"39,8600";"1,3287";"1,6602"
"39,8700";"1,3291";"1,6604"
"39,8800";"1,3294";"1,6610"
"39,8900";"1,3298";"1,6628"
"39,9000";"1,3301";"1,6630"
"39,9100";"1,3305";"1,6608"
"39,9200";"1,3308";"1,6599"
"39,9300";"1,3311";"1,6618"
"39,9400";"1,3314";"1,6648"
"39,9500";"1,3317";"1,6651"
"39,9600";"1,3320";"1,6622"
"39,9700";"1,3323";"1,6592"
"39,9800";"1,3326";"1,6602"
"39,9900";"1,3330";"1,6624"
"40,0000";"1,3333";"1,6653"
"40,0100";"1,3336";"1,6663"
"40,0200";"1,3339";"1,6655"
"40,0300";"1,3343";"1,6635"
"40,0400";"1,3346";"1,6633"
"40,0500";"1,3350";"1,6662"
"40,0600";"1,3353";"1,6693"
"40,0700";"1,3357";"1,6697"
"40,0800";"1,3360";"1,6672"
"40,0900";"1,3364";"1,6641"
"40,1000";"1,3366";"1,6652"
"40,1100";"1,3370";"1,6692"
"40,1200";"1,3372";"1,6724"
"40,1300";"1,3376";"1,6724"
"40,1400";"1,3379";"1,6713"
"40,1500";"1,3382";"1,6685"
"40,1600";"1,3385";"1,6668"
"40,1700";"1,3389";"1,6689"
"40,1800";"1,3392";"1,6729"
"40,1900";"1,3396";"1,6759"
"40,2000";"1,3399";"1,6750"
"40,2100";"1,3403";"1,6729"
"40,2200";"1,3406";"1,6729"
"40,2300";"1,3410";"1,6736"
"40,2400";"1,3413";"1,6724"
"40,2500";"1,3417";"1,6711"
"40,2600";"1,3421";"1,6722"
"40,2700";"1,3423";"1,6743"
"40,2800";"1,3426";"1,6760"
"40,2900";"1,3429";"1,6759"
"40,3000";"1,3432";"1,6739"
"40,3100";"1,3435";"1,6717"
"40,3200";"1,3438";"1,6700"
"40,3300";"1,3442";"1,6711"
"40,3400";"1,3445";"1,6752"
"40,3500";"1,3449";"1,6783"
"40,3600";"1,3452";"1,6779"
"40,3700";"1,3457";"1,6764"
"40,3800";"1,3461";"1,6771"
"40,3900";"1,3464";"1,6791"
"40,4000";"1,3468";"1,6794"
"40,4100";"1,3471";"1,6768"
"40,4200";"1,3474";"1,6756"
"40,4300";"1,3477";"1,6772"
"40,4400";"1,3480";"1,6806"
"40,4500";"1,3483";"1,6840"
"40,4600";"1,3487";"1,6850"
"40,4700";"1,3490";"1,6840"
"40,4800";"1,3493";"1,6808"
"40,4900";"1,3496";"1,6789"
"40,5000";"1,3500";"1,6802"
"40,5100";"1,3503";"1,6825"
"40,5200";"1,3507";"1,6830"
"40,5300";"1,3510";"1,6812"
"40,5400";"1,3514";"1,6804"
"40,5500";"1,3517";"1,6827"
"40,5600";"1,3520";"1,6851"
"40,5700";"1,3524";"1,6846"
"40,5800";"1,3527";"1,6831"
"40,5900";"1,3530";"1,6813"
"40,6000";"1,3534";"1,6798"
"40,6100";"1,3536";"1,6805"
"40,6200";"1,3540";"1,6834"
"40,6300";"1,3543";"1,6861"
"40,6400";"1,3546";"1,6876"
"40,6500";"1,3549";"1,6874"
"40,6600";"1,3553";"1,6895"
"40,6700";"1,3555";"1,6927"
"40,6800";"1,3559";"1,6934"
"40,6900";"1,3562";"1,6903"
"40,7000";"1,3565";"1,6867"
"40,7100";"1,3568";"1,6861"
"40,7200";"1,3572";"1,6878"
"40,7300";"1,3575";"1,6899"
"40,7400";"1,3579";"1,6917"
"40,7500";"1,3582";"1,6916"
"40,7600";"1,3586";"1,6900"
"40,7700";"1,3588";"1,6891"
"40,7800";"1,3592";"1,6899"
"40,7900";"1,3594";"1,6921"
"40,8000";"1,3598";"1,6941"
"40,8100";"1,3600";"1,6941"
"40,8200";"1,3604";"1,6925"
"40,8300";"1,3607";"1,6925"
"40,8400";"1,3611";"1,6928"
"40,8500";"1,3614";"1,6915"
"40,8600";"1,3618";"1,6903"
"40,8700";"1,3621";"1,6914"
"40,8800";"1,3625";"1,6938"
"40,8900";"1,3628";"1,6971"
"40,9000";"1,3633";"1,6987"
"40,9100";"1,3637";"1,6989"
"40,9200";"1,3640";"1,6981"
"40,9300";"1,3644";"1,6965"
"40,9400";"1,3646";"1,6949"
"40,9500";"1,3650";"1,6948"
"40,9600";"1,3652";"1,6954"
"40,9700";"1,3655";"1,6957"
"40,9800";"1,3658";"1,6958"
"40,9900";"1,3661";"1,6958"
"41,0000";"1,3665";"1,6963"
"41,0100";"1,3668";"1,6969"
"41,0200";"1,3672";"1,6968"
"41,0300";"1,3676";"1,6969"
"41,0400";"1,3679";"1,6964"
"41,0500";"1,3683";"1,6960"
"41,0600";"1,3687";"1,6963"
"41,0700";"1,3691";"1,6978"
"41,0800";"1,3694";"1,6996"
"41,0900";"1,3698";"1,7003"
"41,1000";"1,3700";"1,6993"
"41,1100";"1,3704";"1,6994"
"41,1200";"1,3707";"1,7000"
"41,1300";"1,3711";"1,7003"
"41,1400";"1,3713";"1,7004"
"41,1500";"1,3717";"1,7007"
"41,1600";"1,3720";"1,7024"
"41,1700";"1,3724";"1,7040"
"41,1800";"1,3727";"1,7040"
"41,1900";"1,3731";"1,7049"
"41,2000";"1,3735";"1,7069"
"41,2100";"1,3738";"1,7082"
"41,2200";"1,3742";"1,7075"
"41,2300";"1,3745";"1,7057"
"41,2400";"1,3749";"1,7062"
"41,2500";"1,3752";"1,7084"
"41,2600";"1,3755";"1,7103"
"41,2700";"1,3758";"1,7085"
"41,2800";"1,3761";"1,7054"
"41,2900";"1,3764";"1,7028"
"41,3000";"1,3766";"1,7033"
"41,3100";"1,3770";"1,7071"
"41,3200";"1,3772";"1,7101"
"41,3300";"1,3776";"1,7109"
"41,3400";"1,3779";"1,7097"
"41,3500";"1,3783";"1,7092"
"41,3600";"1,3785";"1,7112"
"41,3700";"1,3789";"1,7131"
"41,3800";"1,3792";"1,7132"
"41,3900";"1,3796";"1,7106"
"41,4000";"1,3800";"1,7092"
"41,4100";"1,3803";"1,7096"
"41,4200";"1,3807";"1,7105"
"41,4300";"1,3810";"1,7110"
"41,4400";"1,3814";"1,7113"
"41,4500";"1,3816";"1,7109"
"41,4600";"1,3818";"1,7101"
"41,4700";"1,3822";"1,7119"
"41,4800";"1,3824";"1,7130"
"41,4900";"1,3828";"1,7135"
"41,5000";"1,3830";"1,7124"
"41,5100";"1,3834";"1,7104"
"41,5200";"1,3837";"1,7103"
"41,5300";"1,3841";"1,7126"
"41,5400";"1,3844";"1,7153"
"41,5500";"1,3848";"1,7164"
"41,5600";"1,3851";"1,7160"
"41,5700";"1,3855";"1,7132"
"41,5800";"1,3859";"1,7119"
"41,5900";"1,3862";"1,7136"
"41,6000";"1,3866";"1,7172"
"41,6100";"1,3869";"1,7202"
"41,6200";"1,3873";"1,7188"
"41,6300";"1,3876";"1,7160"
"41,6400";"1,3879";"1,7157"
"41,6500";"1,3882";"1,7175"
"41,6600";"1,3886";"1,7187"
"41,6700";"1,3888";"1,7189"
"41,6800";"1,3892";"1,7205"
"41,6900";"1,3895";"1,7238"
"41,7000";"1,3899";"1,7269"
"41,7100";"1,3902";"1,7271"
"41,7200";"1,3906";"1,7241"
"41,7300";"1,3909";"1,7202"
"41,7400";"1,3914";"1,7180"
"41,7500";"1,3918";"1,7188"
"41,7600";"1,3921";"1,7225"
"41,7700";"1,3923";"1,7247"
"41,7800";"1,3927";"1,7259"
"41,7900";"1,3931";"1,7245"
"41,8000";"1,3933";"1,7231"
"41,8100";"1,3936";"1,7230"
"41,8200";"1,3940";"1,7247"
"41,8300";"1,3944";"1,7260"
"41,8400";"1,3946";"1,7249"
"41,8500";"1,3949";"1,7237"
"41,8600";"1,3954";"1,7234"
"41,8700";"1,3957";"1,7242"
"41,8800";"1,3960";"1,7265"
"41,8900";"1,3964";"1,7278"
"41,9000";"1,3967";"1,7269"
"41,9100";"1,3971";"1,7251"
"41,9200";"1,3974";"1,7261"
"41,9300";"1,3978";"1,7285"
"41,9400";"1,3981";"1,7290"
"41,9500";"1,3985";"1,7285"
"41,9600";"1,3987";"1,7277"
"41,9700";"1,3991";"1,7284"
"41,9800";"1,3993";"1,7307"
"41,9900";"1,3997";"1,7329"
"42,0000";"1,3999";"1,7336"
"42,0100";"1,4003";"1,7315"
"42,0200";"1,4006";"1,7280"
"42,0300";"1,4008";"1,7271"
"42,0400";"1,4012";"1,7284"
"42,0500";"1,4016";"1,7327"
"42,0600";"1,4019";"1,7369"
"42,0700";"1,4023";"1,7382"
"42,0800";"1,4025";"1,7364"
"42,0900";"1,4029";"1,7344"
"42,1000";"1,4032";"1,7338"
"42,1100";"1,4036";"1,7336"
"42,1200";"1,4039";"1,7328"
"42,1300";"1,4042";"1,7326"
"42,1400";"1,4045";"1,7336"
"42,1500";"1,4049";"1,7353"
"42,1600";"1,4051";"1,7385"
"42,1700";"1,4055";"1,7412"
"42,1800";"1,4058";"1,7413"
"42,1900";"1,4060";"1,7384"
"42,2000";"1,4065";"1,7356"
"42,2100";"1,4067";"1,7361"
"42,2200";"1,4072";"1,7375"
"42,2300";"1,4076";"1,7373"
"42,2400";"1,4079";"1,7364"
"42,2500";"1,4083";"1,7362"
"42,2600";"1,4086";"1,7375"
"42,2700";"1,4090";"1,7394"
"42,2800";"1,4093";"1,7404"
"42,2900";"1,4097";"1,7406"
"42,3000";"1,4101";"1,7396"
"42,3100";"1,4103";"1,7375"
"42,3200";"1,4105";"1,7375"
"42,3300";"1,4109";"1,7408"
"42,3400";"1,4112";"1,7432"
"42,3500";"1,4115";"1,7421"
"42,3600";"1,4118";"1,7398"
"42,3700";"1,4122";"1,7395"
"42,3800";"1,4125";"1,7421"
"42,3900";"1,4129";"1,7443"
"42,4000";"1,4132";"1,7445"
"42,4100";"1,4137";"1,7432"
"42,4200";"1,4141";"1,7427"
"42,4300";"1,4144";"1,7443"
"42,4400";"1,4147";"1,7458"
"42,4500";"1,4150";"1,7464"
"42,4600";"1,4152";"1,7463"
"42,4700";"1,4156";"1,7458"
"42,4800";"1,4158";"1,7448"
"42,4900";"1,4162";"1,7451"
"42,5000";"1,4164";"1,7457"
"42,5100";"1,4168";"1,7471"
"42,5200";"1,4171";"1,7470"
"42,5300";"1,4175";"1,7473"
"42,5400";"1,4178";"1,7480"
"42,5500";"1,4182";"1,7489"
"42,5600";"1,4186";"1,7494"
"42,5700";"1,4189";"1,7495"
"42,5800";"1,4193";"1,7471"
"42,5900";"1,4196";"1,7462"
"42,6000";"1,4200";"1,7479"
"42,6100";"1,4202";"1,7510"
"42,6200";"1,4206";"1,7526"
"42,6300";"1,4209";"1,7537"
"42,6400";"1,4213";"1,7520"
"42,6500";"1,4216";"1,7511"
"42,6600";"1,4219";"1,7519"
"42,6700";"1,4222";"1,7518"
"42,6800";"1,4225";"1,7512"
"42,6900";"1,4228";"1,7501"
"42,7000";"1,4232";"1,7516"
"42,7100";"1,4235";"1,7545"
"42,7200";"1,4239";"1,7560"
"42,7300";"1,4242";"1,7546"
"42,7400";"1,4245";"1,7541"
"42,7500";"1,4248";"1,7543"
"42,7600";"1,4252";"1,7545"
"42,7700";"1,4255";"1,7543"
"42,7800";"1,4259";"1,7548"
"42,7900";"1,4262";"1,7555"
"42,8000";"1,4266";"1,7547"
"42,8100";"1,4268";"1,7543"
"42,8200";"1,4272";"1,7545"
"42,8300";"1,4274";"1,7570"
"42,8400";"1,4278";"1,7590"
"42,8500";"1,4280";"1,7604"
"42,8600";"1,4284";"1,7602"
"42,8700";"1,4287";"1,7598"
"42,8800";"1,4291";"1,7592"
"42,8900";"1,4294";"1,7594"
"42,9000";"1,4298";"1,7604"
"42,9100";"1,4301";"1,7602"
"42,9200";"1,4306";"1,7599"
"42,9300";"1,4310";"1,7603"
"42,9400";"1,4313";"1,7617"
"42,9500";"1,4317";"1,7625"
"42,9600";"1,4320";"1,7633"
"42,9700";"1,4324";"1,7634"
"42,9800";"1,4326";"1,7631"
"42,9900";"1,4330";"1,7623"
"43,0000";"1,4332";"1,7616"
"43,0100";"1,4335";"1,7621"
"43,0200";"1,4339";"1,7633"
"43,0300";"1,4343";"1,7641"
"43,0400";"1,4346";"1,7640"
"43,0500";"1,4350";"1,7634"
"43,0600";"1,4353";"1,7637"
"43,0700";"1,4357";"1,7645"
"43,0800";"1,4360";"1,7653"
"43,0900";"1,4364";"1,7652"
"43,1000";"1,4369";"1,7667"
"43,1100";"1,4372";"1,7674"
"43,1200";"1,4376";"1,7681"
"43,1300";"1,4378";"1,7676"
"43,1400";"1,4380";"1,7669"
"43,1500";"1,4384";"1,7669"
"43,1600";"1,4387";"1,7660"
"43,1700";"1,4390";"1,7666"
"43,1800";"1,4393";"1,7682"
"43,1900";"1,4396";"1,7715"
"43,2000";"1,4399";"1,7728"
"43,2100";"1,4403";"1,7717"
"43,2200";"1,4406";"1,7701"
"43,2300";"1,4410";"1,7706"
"43,2400";"1,4413";"1,7706"
"43,2500";"1,4417";"1,7699"
"43,2600";"1,4420";"1,7709"
"43,2700";"1,4424";"1,7732"
"43,2800";"1,4428";"1,7747"
"43,2900";"1,4431";"1,7756"
"43,3000";"1,4435";"1,7758"
"43,3100";"1,4438";"1,7754"
"43,3200";"1,4441";"1,7741"
"43,3300";"1,4443";"1,7737"
"43,3400";"1,4446";"1,7736"
"43,3500";"1,4449";"1,7753"
"43,3600";"1,4452";"1,7778"
"43,3700";"1,4455";"1,7790"
"43,3800";"1,4458";"1,7785"
"43,3900";"1,4462";"1,7775"
"43,4000";"1,4465";"1,7769"
"43,4100";"1,4469";"1,7764"
"43,4200";"1,4471";"1,7758"
"43,4300";"1,4475";"1,7762"
"43,4400";"1,4478";"1,7771"
"43,4500";"1,4482";"1,7776"
"43,4600";"1,4485";"1,7782"
"43,4700";"1,4489";"1,7786"
"43,4800";"1,4492";"1,7788"
"43,4900";"1,4495";"1,7783"
"43,5000";"1,4497";"1,7786"
"43,5100";"1,4501";"1,7796"
"43,5200";"1,4503";"1,7822"
"43,5300";"1,4507";"1,7834"
"43,5400";"1,4510";"1,7815"
"43,5500";"1,4514";"1,7787"
"43,5600";"1,4517";"1,7780"
"43,5700";"1,4521";"1,7794"
"43,5800";"1,4524";"1,7801"
"43,5900";"1,4528";"1,7813"
"43,6000";"1,4531";"1,7827"
"43,6100";"1,4535";"1,7824"
"43,6200";"1,4539";"1,7825"
"43,6300";"1,4543";"1,7845"
"43,6400";"1,4547";"1,7855"
"43,6500";"1,4550";"1,7853"
"43,6600";"1,4553";"1,7832"
"43,6700";"1,4556";"1,7808"
"43,6800";"1,4559";"1,7813"
"43,6900";"1,4562";"1,7831"
"43,7000";"1,4565";"1,7845"
"43,7100";"1,4568";"1,7867"
"43,7200";"1,4572";"1,7889"
"43,7300";"1,4575";"1,7899"
"43,7400";"1,4579";"1,7901"
"43,7500";"1,4582";"1,7902"
"43,7600";"1,4586";"1,7915"
"43,7700";"1,4589";"1,7919"
"43,7800";"1,4594";"1,7910"
"43,7900";"1,4598";"1,7907"
"43,8000";"1,4600";"1,7914"
"43,8100";"1,4603";"1,7930"
"43,8200";"1,4606";"1,7935"
"43,8300";"1,4609";"1,7925"
"43,8400";"1,4613";"1,7914"
"43,8500";"1,4616";"1,7908"
"43,8600";"1,4620";"1,7922"
"43,8700";"1,4624";"1,7941"
"43,8800";"1,4627";"1,7957"
"43,8900";"1,4631";"1,7952"
"43,9000";"1,4634";"1,7947"
"43,9100";"1,4638";"1,7952"
"43,9200";"1,4641";"1,7969"
"43,9300";"1,4645";"1,7955"
"43,9400";"1,4648";"1,7938"
"43,9500";"1,4652";"1,7924"
"43,9600";"1,4655";"1,7923"
"43,9700";"1,4659";"1,7932"
"43,9800";"1,4662";"1,7940"
"43,9900";"1,4665";"1,7955"
"44,0000";"1,4667";"1,7986"
"44,0100";"1,4671";"1,8005"
"44,0200";"1,4673";"1,7995"
"44,0300";"1,4677";"1,7968"
"44,0400";"1,4680";"1,7959"
"44,0500";"1,4683";"1,7979"
"44,0600";"1,4686";"1,7995"
"44,0700";"1,4690";"1,7984"
"44,0800";"1,4693";"1,7967"
"44,0900";"1,4697";"1,7975"
"44,1000";"1,4700";"1,7990"
"44,1100";"1,4704";"1,7990"
"44,1200";"1,4709";"1,7979"
"44,1300";"1,4712";"1,7980"
"44,1400";"1,4714";"1,7983"
"44,1500";"1,4718";"1,7987"
"44,1600";"1,4720";"1,7998"
"44,1700";"1,4724";"1,8008"
"44,1800";"1,4726";"1,8008"
"44,1900";"1,4729";"1,8009"
"44,2000";"1,4732";"1,8019"
"44,2100";"1,4736";"1,8037"
"44,2200";"1,4738";"1,8048"
"44,2300";"1,4742";"1,8046"
"44,2400";"1,4745";"1,8048"
"44,2500";"1,4747";"1,8062"
"44,2600";"1,4751";"1,8076"
"44,2700";"1,4755";"1,8074"
"44,2800";"1,4758";"1,8077"
"44,2900";"1,4762";"1,8070"
"44,3000";"1,4765";"1,8054"
"44,3100";"1,4769";"1,8050"
"44,3200";"1,4772";"1,8065"
"44,3300";"1,4775";"1,8080"
"44,3400";"1,4778";"1,8076"
"44,3500";"1,4781";"1,8059"
"44,3600";"1,4784";"1,8056"
"44,3700";"1,4786";"1,8085"
"44,3800";"1,4790";"1,8104"
"44,3900";"1,4794";"1,8109"
"44,4000";"1,4797";"1,8099"
"44,4100";"1,4801";"1,8101"
"44,4200";"1,4805";"1,8108"
"44,4300";"1,4809";"1,8107"
"44,4400";"1,4812";"1,8102"
"44,4500";"1,4816";"1,8116"
"44,4600";"1,4820";"1,8122"
"44,4700";"1,4823";"1,8116"
"44,4800";"1,4827";"1,8109"
"44,4900";"1,4829";"1,8118"
"44,5000";"1,4832";"1,8134"
"44,5100";"1,4835";"1,8131"
"44,5200";"1,4838";"1,8130"
"44,5300";"1,4842";"1,8128"
"44,5400";"1,4844";"1,8140"
"44,5500";"1,4848";"1,8159"
"44,5600";"1,4851";"1,8170"
"44,5700";"1,4855";"1,8155"
"44,5800";"1,4860";"1,8123"
"44,5900";"1,4863";"1,8115"
"44,6000";"1,4867";"1,8146"
"44,6100";"1,4870";"1,8189"
"44,6200";"1,4875";"1,8209"
"44,6300";"1,4879";"1,8184"
"44,6400";"1,4882";"1,8154"
"44,6500";"1,4886";"1,8160"
"44,6600";"1,4889";"1,8182"
"44,6700";"1,4892";"1,8193"
"44,6800";"1,4894";"1,8178"
"44,6900";"1,4897";"1,8175"
"44,7000";"1,4900";"1,8185"
"44,7100";"1,4903";"1,8198"
"44,7200";"1,4907";"1,8195"
"44,7300";"1,4910";"1,8197"
"44,7400";"1,4913";"1,8188"
"44,7500";"1,4916";"1,8179"
"44,7600";"1,4920";"1,8181"
"44,7700";"1,4923";"1,8220"
"44,7800";"1,4927";"1,8255"
"44,7900";"1,4930";"1,8246"
"44,8000";"1,4934";"1,8224"
"44,8100";"1,4936";"1,8207"
"44,8200";"1,4940";"1,8212"
"44,8300";"1,4943";"1,8229"
"44,8400";"1,4946";"1,8249"
"44,8500";"1,4949";"1,8254"
"44,8600";"1,4952";"1,8253"
"44,8700";"1,4955";"1,8244"
"44,8800";"1,4959";"1,8234"
"44,8900";"1,4961";"1,8226"
"44,9000";"1,4965";"1,8227"
"44,9100";"1,4968";"1,8226"
"44,9200";"1,4972";"1,8241"
"44,9300";"1,4975";"1,8266"
"44,9400";"1,4979";"1,8282"
"44,9500";"1,4982";"1,8281"
"44,9600";"1,4986";"1,8273"
"44,9700";"1,4990";"1,8268"
"44,9800";"1,4993";"1,8266"
"44,9900";"1,4997";"1,8263"
"45,0000";"1,5000";"1,8271"
"45,0100";"1,5002";"1,8287"
"45,0200";"1,5006";"1,8311"
"45,0300";"1,5008";"1,8314"
"45,0400";"1,5012";"1,8302"
"45,0500";"1,5015";"1,8310"
"45,0600";"1,5019";"1,8341"
"45,0700";"1,5021";"1,8356"
"45,0800";"1,5026";"1,8336"
"45,0900";"1,5030";"1,8298"
"45,1000";"1,5033";"1,8288"
"45,1100";"1,5037";"1,8306"
"45,1200";"1,5040";"1,8323"
"45,1300";"1,5044";"1,8325"
"45,1400";"1,5049";"1,8331"
"45,1500";"1,5051";"1,8338"
"45,1600";"1,5054";"1,8334"
"45,1700";"1,5057";"1,8331"
"45,1800";"1,5060";"1,8328"
"45,1900";"1,5063";"1,8331"
"45,2000";"1,5066";"1,8340"
"45,2100";"1,5070";"1,8340"
"45,2200";"1,5072";"1,8359"
"45,2300";"1,5076";"1,8381"
"45,2400";"1,5079";"1,8391"
"45,2500";"1,5083";"1,8389"
"45,2600";"1,5086";"1,8383"
"45,2700";"1,5090";"1,8391"
"45,2800";"1,5093";"1,8396"
"45,2900";"1,5097";"1,8415"
"45,3000";"1,5100";"1,8433"
"45,3100";"1,5105";"1,8413"
"45,3200";"1,5109";"1,8375"
"45,3300";"1,5111";"1,8362"
"45,3400";"1,5115";"1,8381"
"45,3500";"1,5118";"1,8421"
"45,3600";"1,5121";"1,8447"
"45,3700";"1,5123";"1,8434"
"45,3800";"1,5126";"1,8409"
"45,3900";"1,5129";"1,8400"
"45,4000";"1,5132";"1,8416"
"45,4100";"1,5136";"1,8426"
"45,4200";"1,5139";"1,8431"
"45,4300";"1,5142";"1,8431"
"45,4400";"1,5145";"1,8420"
"45,4500";"1,5149";"1,8404"
"45,4600";"1,5152";"1,8428"
"45,4700";"1,5156";"1,8466"
"45,4800";"1,5160";"1,8480"
"45,4900";"1,5163";"1,8466"
"45,5000";"1,5167";"1,8439"
"45,5100";"1,5169";"1,8424"
"45,5200";"1,5172";"1,8430"
"45,5300";"1,5175";"1,8442"
"45,5400";"1,5178";"1,8450"
"45,5500";"1,5182";"1,8452"
"45,5600";"1,5184";"1,8448"
"45,5700";"1,5188";"1,8458"
"45,5800";"1,5191";"1,8475"
"45,5900";"1,5195";"1,8487"
"45,6000";"1,5198";"1,8486"
"45,6100";"1,5202";"1,8460"
"45,6200";"1,5206";"1,8438"
"45,6300";"1,5209";"1,8449"
"45,6400";"1,5213";"1,8481"
"45,6500";"1,5216";"1,8493"
"45,6600";"1,5221";"1,8494"
"45,6700";"1,5224";"1,8498"
"45,6800";"1,5227";"1,8514"
"45,6900";"1,5230";"1,8528"
"45,7000";"1,5233";"1,8515"
"45,7100";"1,5236";"1,8497"
"45,7200";"1,5240";"1,8494"
"45,7300";"1,5242";"1,8496"
"45,7400";"1,5246";"1,8528"
"45,7500";"1,5249";"1,8555"
"45,7600";"1,5253";"1,8565"
"45,7700";"1,5256";"1,8555"
"45,7800";"1,5260";"1,8541"
"45,7900";"1,5265";"1,8533"
"45,8000";"1,5268";"1,8533"
"45,8100";"1,5272";"1,8541"
"45,8200";"1,5274";"1,8551"
"45,8300";"1,5278";"1,8562"
"45,8400";"1,5281";"1,8560"
"45,8500";"1,5283";"1,8559"
"45,8600";"1,5286";"1,8566"
"45,8700";"1,5289";"1,8566"
"45,8800";"1,5293";"1,8553"
"45,8900";"1,5296";"1,8538"
"45,9000";"1,5299";"1,8535"
"45,9100";"1,5302";"1,8567"
"45,9200";"1,5306";"1,8605"
"45,9300";"1,5311";"1,8610"
"45,9400";"1,5314";"1,8586"
"45,9500";"1,5318";"1,8573"
"45,9600";"1,5321";"1,8581"
"45,9700";"1,5325";"1,8608"
"45,9800";"1,5328";"1,8624"
"45,9900";"1,5332";"1,8624"
"46,0000";"1,5335";"1,8612"
"46,0100";"1,5338";"1,8600"
"46,0200";"1,5340";"1,8596"
"46,0300";"1,5344";"1,8601"
"46,0400";"1,5346";"1,8613"
"46,0500";"1,5350";"1,8618"
"46,0600";"1,5352";"1,8620"
"46,0700";"1,5355";"1,8637"
"46,0800";"1,5359";"1,8659"
"46,0900";"1,5361";"1,8661"
"46,1000";"1,5365";"1,8641"
"46,1100";"1,5368";"1,8630"
"46,1200";"1,5372";"1,8635"
"46,1300";"1,5376";"1,8627"
"46,1400";"1,5379";"1,8635"
"46,1500";"1,5383";"1,8674"
"46,1600";"1,5386";"1,8710"
"46,1700";"1,5390";"1,8711"
"46,1800";"1,5392";"1,8687"
"46,1900";"1,5396";"1,8661"
"46,2000";"1,5398";"1,8666"
"46,2100";"1,5402";"1,8673"
"46,2200";"1,5404";"1,8671"
"46,2300";"1,5407";"1,8677"
"46,2400";"1,5411";"1,8687"
"46,2500";"1,5413";"1,8702"
"46,2600";"1,5417";"1,8709"
"46,2700";"1,5420";"1,8710"
"46,2800";"1,5424";"1,8702"
"46,2900";"1,5427";"1,8691"
"46,3000";"1,5432";"1,8672"
"46,3100";"1,5436";"1,8669"
"46,3200";"1,5439";"1,8700"
"46,3300";"1,5443";"1,8730"
"46,3400";"1,5445";"1,8732"
"46,3500";"1,5449";"1,8725"
"46,3600";"1,5451";"1,8731"
"46,3700";"1,5455";"1,8742"
"46,3800";"1,5457";"1,8731"
"46,3900";"1,5461";"1,8712"
"46,4000";"1,5464";"1,8706"
"46,4100";"1,5468";"1,8719"
"46,4200";"1,5471";"1,8734"
"46,4300";"1,5475";"1,8739"
"46,4400";"1,5478";"1,8747"
"46,4500";"1,5482";"1,8739"
"46,4600";"1,5487";"1,8739"
"46,4700";"1,5490";"1,8748"
"46,4800";"1,5494";"1,8770"
"46,4900";"1,5497";"1,8787"
"46,5000";"1,5501";"1,8773"
"46,5100";"1,5503";"1,8757"
"46,5200";"1,5507";"1,8758"
"46,5300";"1,5509";"1,8767"
"46,5400";"1,5512";"1,8766"
"46,5500";"1,5516";"1,8753"
"46,5600";"1,5520";"1,8756"
"46,5700";"1,5523";"1,8780"
"46,5800";"1,5527";"1,8791"
"46,5900";"1,5530";"1,8798"
"46,6000";"1,5534";"1,8809"
"46,6100";"1,5537";"1,8819"
"46,6200";"1,5541";"1,8822"
"46,6300";"1,5546";"1,8806"
"46,6400";"1,5549";"1,8790"
"46,6500";"1,5553";"1,8808"
"46,6600";"1,5556";"1,8828"
"46,6700";"1,5560";"1,8823"
"46,6800";"1,5562";"1,8806"
"46,6900";"1,5566";"1,8815"
"46,7000";"1,5568";"1,8838"
"46,7100";"1,5572";"1,8847"
"46,7200";"1,5574";"1,8834"
"46,7300";"1,5576";"1,8821"
"46,7400";"1,5580";"1,8822"
"46,7500";"1,5582";"1,8826"
"46,7600";"1,5586";"1,8841"
"46,7700";"1,5589";"1,8852"
"46,7800";"1,5592";"1,8849"
"46,7900";"1,5595";"1,8849"
"46,8000";"1,5599";"1,8855"
"46,8100";"1,5602";"1,8868"
"46,8200";"1,5606";"1,8867"
"46,8300";"1,5609";"1,8866"
"46,8400";"1,5613";"1,8881"
"46,8500";"1,5616";"1,8891"
"46,8600";"1,5620";"1,8892"
"46,8700";"1,5623";"1,8882"
"46,8800";"1,5626";"1,8887"
"46,8900";"1,5629";"1,8911"
"46,9000";"1,5633";"1,8923"
"46,9100";"1,5635";"1,8906"
"46,9200";"1,5639";"1,8889"
"46,9300";"1,5642";"1,8899"
"46,9400";"1,5646";"1,8926"
"46,9500";"1,5649";"1,8934"
"46,9600";"1,5653";"1,8923"
"46,9700";"1,5657";"1,8920"
"46,9800";"1,5660";"1,8935"
"46,9900";"1,5664";"1,8944"
"47,0000";"1,5667";"1,8942"
"47,0100";"1,5671";"1,8940"
"47,0200";"1,5673";"1,8945"
"47,0300";"1,5677";"1,8949"
"47,0400";"1,5679";"1,8945"
"47,0500";"1,5682";"1,8941"
"47,0600";"1,5685";"1,8941"
"47,0700";"1,5688";"1,8948"
"47,0800";"1,5692";"1,8964"
"47,0900";"1,5695";"1,8983"
"47,1000";"1,5699";"1,8994"
"47,1100";"1,5703";"1,8981"
"47,1200";"1,5706";"1,8956"
"47,1300";"1,5710";"1,8951"
"47,1400";"1,5713";"1,8974"
"47,1500";"1,5717";"1,8991"
"47,1600";"1,5721";"1,8996"
"47,1700";"1,5725";"1,8993"
"47,1800";"1,5727";"1,9007"
"47,1900";"1,5731";"1,9023"
"47,2000";"1,5734";"1,9022"
"47,2100";"1,5737";"1,9012"
"47,2200";"1,5740";"1,8997"
"47,2300";"1,5743";"1,8979"
"47,2400";"1,5746";"1,8978"
"47,2500";"1,5750";"1,8999"
"47,2600";"1,5753";"1,9024"
"47,2700";"1,5757";"1,9043"
"47,2800";"1,5760";"1,9052"
"47,2900";"1,5764";"1,9049"
"47,3000";"1,5769";"1,9019"
"47,3100";"1,5772";"1,8992"
"47,3200";"1,5775";"1,8992"
"47,3300";"1,5778";"1,9019"
"47,3400";"1,5782";"1,9043"
"47,3500";"1,5785";"1,9040"
"47,3600";"1,5789";"1,9034"
"47,3700";"1,5791";"1,9049"
"47,3800";"1,5793";"1,9073"
"47,3900";"1,5796";"1,9073"
"47,4000";"1,5799";"1,9050"
"47,4100";"1,5803";"1,9037"
"47,4200";"1,5805";"1,9051"
"47,4300";"1,5809";"1,9064"
"47,4400";"1,5812";"1,9051"
"47,4500";"1,5815";"1,9029"
"47,4600";"1,5818";"1,9044"
"47,4700";"1,5822";"1,9068"
"47,4800";"1,5825";"1,9079"
"47,4900";"1,5829";"1,9070"
"47,5000";"1,5832";"1,9067"
"47,5100";"1,5836";"1,9072"
"47,5200";"1,5840";"1,9086"
"47,5300";"1,5842";"1,9101"
"47,5400";"1,5845";"1,9115"
"47,5500";"1,5849";"1,9124"
"47,5600";"1,5851";"1,9123"
"47,5700";"1,5855";"1,9126"
"47,5800";"1,5858";"1,9128"
"47,5900";"1,5862";"1,9124"
"47,6000";"1,5864";"1,9107"
"47,6100";"1,5868";"1,9094"
"47,6200";"1,5871";"1,9104"
"47,6300";"1,5875";"1,9139"
"47,6400";"1,5878";"1,9149"
"47,6500";"1,5882";"1,9143"
"47,6600";"1,5886";"1,9134"
"47,6700";"1,5889";"1,9130"
"47,6800";"1,5893";"1,9133"
"47,6900";"1,5896";"1,9147"
"47,7000";"1,5899";"1,9172"
"47,7100";"1,5901";"1,9185"
"47,7200";"1,5904";"1,9163"
"47,7300";"1,5908";"1,9138"
"47,7400";"1,5912";"1,9128"
"47,7500";"1,5914";"1,9142"
"47,7600";"1,5917";"1,9149"
"47,7700";"1,5921";"1,9143"
"47,7800";"1,5926";"1,9148"
"47,7900";"1,5929";"1,9174"
"47,8000";"1,5933";"1,9198"
"47,8100";"1,5936";"1,9209"
"47,8200";"1,5940";"1,9208"
"47,8300";"1,5943";"1,9190"
"47,8400";"1,5947";"1,9186"
"47,8500";"1,5949";"1,9186"
"47,8600";"1,5953";"1,9213"
"47,8700";"1,5956";"1,9242"
"47,8800";"1,5959";"1,9241"
"47,8900";"1,5962";"1,9222"
"47,9000";"1,5965";"1,9212"
"47,9100";"1,5968";"1,9219"
"47,9200";"1,5972";"1,9216"
"47,9300";"1,5975";"1,9203"
"47,9400";"1,5979";"1,9204"
"47,9500";"1,5982";"1,9219"
"47,9600";"1,5986";"1,9239"
"47,9700";"1,5989";"1,9259"
"47,9800";"1,5994";"1,9262"
"47,9900";"1,5998";"1,9246"
"48,0000";"1,6001";"1,9226"
"48,0100";"1,6005";"1,9223"
"48,0200";"1,6007";"1,9233"
"48,0300";"1,6011";"1,9259"
"48,0400";"1,6014";"1,9273"
"48,0500";"1,6017";"1,9270"
"48,0600";"1,6019";"1,9275"
"48,0700";"1,6022";"1,9291"
"48,0800";"1,6025";"1,9290"
"48,0900";"1,6028";"1,9277"
"48,1000";"1,6032";"1,9260"
"48,1100";"1,6035";"1,9247"
"48,1200";"1,6038";"1,9264"
"48,1300";"1,6041";"1,9289"
"48,1400";"1,6045";"1,9304"
"48,1500";"1,6048";"1,9306"
"48,1600";"1,6052";"1,9309"
"48,1700";"1,6056";"1,9309"
"48,1800";"1,6058";"1,9310"
"48,1900";"1,6061";"1,9322"
"48,2000";"1,6065";"1,9332"
"48,2100";"1,6067";"1,9327"
"48,2200";"1,6071";"1,9300"
"48,2300";"1,6074";"1,9289"
"48,2400";"1,6077";"1,9308"
"48,2500";"1,6080";"1,9340"
"48,2600";"1,6084";"1,9348"
"48,2700";"1,6086";"1,9329"
"48,2800";"1,6090";"1,9298"
"48,2900";"1,6093";"1,9289"
"48,3000";"1,6097";"1,9310"
"48,3100";"1,6100";"1,9342"
"48,3200";"1,6104";"1,9351"
"48,3300";"1,6107";"1,9337"
"48,3400";"1,6111";"1,9332"
"48,3500";"1,6115";"1,9338"
"48,3600";"1,6118";"1,9354"
"48,3700";"1,6122";"1,9376"
"48,3800";"1,6124";"1,9402"
"48,3900";"1,6128";"1,9402"
"48,4000";"1,6130";"1,9385"
"48,4100";"1,6133";"1,9358"
"48,4200";"1,6137";"1,9345"
"48,4300";"1,6141";"1,9345"
"48,4400";"1,6144";"1,9346"
"48,4500";"1,6149";"1,9340"
"48,4600";"1,6152";"1,9335"
"48,4700";"1,6157";"1,9367"
"48,4800";"1,6161";"1,9428"
"48,4900";"1,6164";"1,9480"
"48,5000";"1,6169";"1,9485"
"48,5100";"1,6172";"1,9440"
"48,5200";"1,6175";"1,9402"
"48,5300";"1,6178";"1,9396"
"48,5400";"1,6181";"1,9426"
"48,5500";"1,6184";"1,9440"
"48,5600";"1,6187";"1,9441"
"48,5700";"1,6190";"1,9454"
"48,5800";"1,6194";"1,9457"
"48,5900";"1,6197";"1,9444"
"48,6000";"1,6200";"1,9444"
"48,6100";"1,6204";"1,9441"
"48,6200";"1,6208";"1,9447"
"48,6300";"1,6211";"1,9453"
"48,6400";"1,6215";"1,9457"
"48,6500";"1,6218";"1,9456"
"48,6600";"1,6222";"1,9481"
"48,6700";"1,6226";"1,9508"
"48,6800";"1,6229";"1,9521"
"48,6900";"1,6231";"1,9507"
"48,7000";"1,6235";"1,9485"
"48,7100";"1,6237";"1,9481"
"48,7200";"1,6241";"1,9500"
"48,7300";"1,6243";"1,9516"
"48,7400";"1,6247";"1,9525"
"48,7500";"1,6249";"1,9519"
"48,7600";"1,6253";"1,9509"
"48,7700";"1,6256";"1,9524"
"48,7800";"1,6259";"1,9541"
"48,7900";"1,6262";"1,9545"
"48,8000";"1,6266";"1,9538"
"48,8100";"1,6269";"1,9522"
"48,8200";"1,6273";"1,9505"
"48,8300";"1,6276";"1,9501"
"48,8400";"1,6280";"1,9516"
"48,8500";"1,6283";"1,9537"
"48,8600";"1,6287";"1,9555"
"48,8700";"1,6290";"1,9560"
"48,8800";"1,6293";"1,9549"
"48,8900";"1,6296";"1,9536"
"48,9000";"1,6299";"1,9517"
"48,9100";"1,6302";"1,9512"
"48,9200";"1,6306";"1,9527"
"48,9300";"1,6308";"1,9542"
"48,9400";"1,6312";"1,9561"
"48,9500";"1,6315";"1,9574"
"48,9600";"1,6319";"1,9598"
"48,9700";"1,6322";"1,9612"
"48,9800";"1,6326";"1,9592"
"48,9900";"1,6328";"1,9556"
"49,0000";"1,6332";"1,9541"
"49,0100";"1,6335";"1,9548"
"49,0200";"1,6339";"1,9552"
"49,0300";"1,6342";"1,9553"
"49,0400";"1,6346";"1,9563"
"49,0500";"1,6348";"1,9577"
"49,0600";"1,6352";"1,9593"
"49,0700";"1,6355";"1,9607"
"49,0800";"1,6358";"1,9610"
"49,0900";"1,6361";"1,9586"
"49,1000";"1,6365";"1,9560"
"49,1100";"1,6368";"1,9558"
"49,1200";"1,6372";"1,9574"
"49,1300";"1,6375";"1,9588"
"49,1400";"1,6379";"1,9596"
"49,1500";"1,6383";"1,9610"
"49,1600";"1,6387";"1,9637"
"49,1700";"1,6391";"1,9661"
"49,1800";"1,6394";"1,9660"
"49,1900";"1,6398";"1,9651"
"49,2000";"1,6400";"1,9632"
"49,2100";"1,6403";"1,9621"
"49,2200";"1,6406";"1,9631"
"49,2300";"1,6410";"1,9641"
"49,2400";"1,6413";"1,9667"
"49,2500";"1,6417";"1,9696"
"49,2600";"1,6420";"1,9700"
"49,2700";"1,6424";"1,9696"
"49,2800";"1,6427";"1,9698"
"49,2900";"1,6431";"1,9692"
"49,3000";"1,6435";"1,9686"
"49,3100";"1,6438";"1,9678"
"49,3200";"1,6442";"1,9678"
"49,3300";"1,6445";"1,9682"
"49,3400";"1,6449";"1,9698"
"49,3500";"1,6451";"1,9719"
"49,3600";"1,6455";"1,9731"
"49,3700";"1,6458";"1,9721"
"49,3800";"1,6462";"1,9702"
"49,3900";"1,6464";"1,9692"
"49,4000";"1,6466";"1,9699"
"49,4100";"1,6470";"1,9723"
"49,4200";"1,6473";"1,9726"
"49,4300";"1,6476";"1,9707"
"49,4400";"1,6479";"1,9689"
"49,4500";"1,6483";"1,9689"
"49,4600";"1,6485";"1,9706"
"49,4700";"1,6489";"1,9717"
"49,4800";"1,6492";"1,9725"
"49,4900";"1,6496";"1,9731"
"49,5000";"1,6499";"1,9736"
"49,5100";"1,6503";"1,9744"
"49,5200";"1,6505";"1,9746"
"49,5300";"1,6509";"1,9751"
"49,5400";"1,6512";"1,9758"
"49,5500";"1,6516";"1,9745"
"49,5600";"1,6518";"1,9748"
"49,5700";"1,6522";"1,9762"
"49,5800";"1,6525";"1,9782"
"49,5900";"1,6528";"1,9797"
"49,6000";"1,6531";"1,9789"
"49,6100";"1,6535";"1,9765"
"49,6200";"1,6537";"1,9740"
"49,6300";"1,6541";"1,9730"
"49,6400";"1,6544";"1,9744"
"49,6500";"1,6548";"1,9777"
"49,6600";"1,6551";"1,9787"
"49,6700";"1,6555";"1,9771"
"49,6800";"1,6558";"1,9766"
"49,6900";"1,6562";"1,9772"
"49,7000";"1,6566";"1,9786"
"49,7100";"1,6568";"1,9783"
"49,7200";"1,6571";"1,9774"
"49,7300";"1,6574";"1,9777"
"49,7400";"1,6577";"1,9804"
"49,7500";"1,6581";"1,9821"
"49,7600";"1,6583";"1,9809"
"49,7700";"1,6587";"1,9785"
"49,7800";"1,6592";"1,9788"
"49,7900";"1,6595";"1,9813"
"49,8000";"1,6599";"1,9839"
"49,8100";"1,6602";"1,9842"
"49,8200";"1,6606";"1,9849"
"49,8300";"1,6610";"1,9873"
"49,8400";"1,6614";"1,9888"
"49,8500";"1,6617";"1,9881"
"49,8600";"1,6621";"1,9849"
"49,8700";"1,6623";"1,9811"
"49,8800";"1,6627";"1,9812"
"49,8900";"1,6630";"1,9841"
"49,9000";"1,6633";"1,9857"
"49,9100";"1,6636";"1,9859"
"49,9200";"1,6640";"1,9855"
"49,9300";"1,6643";"1,9856"
"49,9400";"1,6647";"1,9863"
"49,9500";"1,6651";"1,9864"
"49,9600";"1,6654";"1,9863"
"49,9700";"1,6658";"1,9871"
"49,9800";"1,6661";"1,9896"
"49,9900";"1,6665";"1,9912"
"50,0000";"1,6668";"1,9884"
"50,0100";"1,6671";"1,9864"
"50,0200";"1,6674";"1,9890"
"50,0300";"1,6678";"1,9926"
"50,0400";"1,6680";"1,9926"
"50,0500";"1,6684";"1,9894"
"50,0600";"1,6686";"1,9873"
"50,0700";"1,6688";"1,9902"
"50,0800";"1,6692";"1,9940"
"50,0900";"1,6694";"1,9949"
"50,1000";"1,6698";"1,9938"
"50,1100";"1,6701";"1,9910"
"50,1200";"1,6704";"1,9899"
"50,1300";"1,6707";"1,9905"
"50,1400";"1,6711";"1,9915"
"50,1500";"1,6714";"1,9908"
"50,1600";"1,6718";"1,9907"
"50,1700";"1,6721";"1,9920"
"50,1800";"1,6725";"1,9959"
"50,1900";"1,6728";"1,9982"
"50,2000";"1,6733";"1,9988"
"50,2100";"1,6736";"1,9989"
"50,2200";"1,6739";"1,9996"
"50,2300";"1,6743";"1,9996"
"50,2400";"1,6746";"1,9985"
"50,2500";"1,6749";"1,9991"
"50,2600";"1,6752";"2,0015"
"50,2700";"1,6756";"2,0039"
"50,2800";"1,6758";"2,0043"
"50,2900";"1,6762";"2,0023"
"50,3000";"1,6765";"1,9996"
"50,3100";"1,6769";"1,9989"
"50,3200";"1,6772";"1,9986"
"50,3300";"1,6776";"1,9993"
"50,3400";"1,6779";"2,0015"
"50,3500";"1,6783";"2,0042"
"50,3600";"1,6786";"2,0041"
"50,3700";"1,6790";"2,0029"
"50,3800";"1,6793";"2,0030"
"50,3900";"1,6796";"2,0032"
"50,4000";"1,6799";"2,0028"
"50,4100";"1,6802";"2,0030"
"50,4200";"1,6805";"2,0028"
"50,4300";"1,6809";"2,0031"
"50,4400";"1,6812";"2,0022"
"50,4500";"1,6815";"2,0020"
"50,4600";"1,6819";"2,0044"
"50,4700";"1,6823";"2,0063"
"50,4800";"1,6826";"2,0067"
"50,4900";"1,6830";"2,0060"
"50,5000";"1,6835";"2,0059"
"50,5100";"1,6838";"2,0075"
"50,5200";"1,6842";"2,0095"
"50,5300";"1,6844";"2,0094"
"50,5400";"1,6848";"2,0082"
"50,5500";"1,6851";"2,0075"
"50,5600";"1,6854";"2,0076"
"50,5700";"1,6857";"2,0075"
"50,5800";"1,6861";"2,0073"
"50,5900";"1,6864";"2,0074"
"50,6000";"1,6868";"2,0068"
"50,6100";"1,6871";"2,0066"
"50,6200";"1,6875";"2,0071"
"50,6300";"1,6878";"2,0088"
"50,6400";"1,6882";"2,0094"
"50,6500";"1,6885";"2,0091"
"50,6600";"1,6889";"2,0092"
"50,6700";"1,6893";"2,0096"
"50,6800";"1,6896";"2,0092"
"50,6900";"1,6898";"2,0086"
"50,7000";"1,6902";"2,0097"
"50,7100";"1,6906";"2,0134"
"50,7200";"1,6908";"2,0166"
"50,7300";"1,6911";"2,0160"
"50,7400";"1,6914";"2,0129"
"50,7500";"1,6916";"2,0117"
"50,7600";"1,6920";"2,0135"
"50,7700";"1,6923";"2,0134"
"50,7800";"1,6926";"2,0123"
"50,7900";"1,6929";"2,0120"
"50,8000";"1,6933";"2,0126"
"50,8100";"1,6935";"2,0154"
"50,8200";"1,6939";"2,0189"
"50,8300";"1,6942";"2,0203"
"50,8400";"1,6946";"2,0199"
"50,8500";"1,6949";"2,0175"
"50,8600";"1,6953";"2,0154"
"50,8700";"1,6957";"2,0148"
"50,8800";"1,6961";"2,0163"
"50,8900";"1,6965";"2,0185"
"50,9000";"1,6967";"2,0187"
"50,9100";"1,6970";"2,0180"
"50,9200";"1,6973";"2,0159"
"50,9300";"1,6976";"2,0141"
"50,9400";"1,6979";"2,0158"
"50,9500";"1,6982";"2,0196"
"50,9600";"1,6986";"2,0218"
"50,9700";"1,6988";"2,0193"
"50,9800";"1,6992";"2,0162"
"50,9900";"1,6995";"2,0172"
"51,0000";"1,6999";"2,0221"
"51,0100";"1,7002";"2,0255"
"51,0200";"1,7006";"2,0250"
"51,0300";"1,7009";"2,0233"
"51,0400";"1,7013";"2,0239"
"51,0500";"1,7017";"2,0257"
"51,0600";"1,7019";"2,0259"
"51,0700";"1,7022";"2,0235"
"51,0800";"1,7025";"2,0213"
"51,0900";"1,7028";"2,0211"
"51,1000";"1,7032";"2,0225"
"51,1100";"1,7034";"2,0251"
"51,1200";"1,7038";"2,0274"
"51,1300";"1,7041";"2,0279"
"51,1400";"1,7045";"2,0273"
"51,1500";"1,7050";"2,0268"
"51,1600";"1,7053";"2,0268"
"51,1700";"1,7057";"2,0265"
"51,1800";"1,7060";"2,0251"
"51,1900";"1,7064";"2,0245"
"51,2000";"1,7067";"2,0261"
"51,2100";"1,7070";"2,0283"
"51,2200";"1,7073";"2,0297"
"51,2300";"1,7077";"2,0299"
"51,2400";"1,7080";"2,0305"
"51,2500";"1,7084";"2,0301"
"51,2600";"1,7087";"2,0287"
"51,2700";"1,7091";"2,0277"
"51,2800";"1,7093";"2,0306"
"51,2900";"1,7097";"2,0336"
"51,3000";"1,7100";"2,0331"
"51,3100";"1,7104";"2,0311"
"51,3200";"1,7107";"2,0301"
"51,3300";"1,7111";"2,0306"
"51,3400";"1,7115";"2,0301"
"51,3500";"1,7118";"2,0299"
"51,3600";"1,7122";"2,0308"
"51,3700";"1,7124";"2,0316"
"51,3800";"1,7127";"2,0329"
"51,3900";"1,7131";"2,0353"
"51,4000";"1,7133";"2,0377"
"51,4100";"1,7136";"2,0361"
"51,4200";"1,7139";"2,0337"
"51,4300";"1,7142";"2,0326"
"51,4400";"1,7145";"2,0343"
"51,4500";"1,7149";"2,0371"
"51,4600";"1,7151";"2,0377"
"51,4700";"1,7155";"2,0372"
"51,4800";"1,7158";"2,0360"
"51,4900";"1,7162";"2,0357"
"51,5000";"1,7165";"2,0374"
"51,5100";"1,7169";"2,0388"
"51,5200";"1,7172";"2,0412"
"51,5300";"1,7176";"2,0441"
"51,5400";"1,7181";"2,0443"
"51,5500";"1,7184";"2,0403"
"51,5600";"1,7187";"2,0357"
"51,5700";"1,7190";"2,0350"
"51,5800";"1,7194";"2,0352"
"51,5900";"1,7196";"2,0368"
"51,6000";"1,7200";"2,0384"
"51,6100";"1,7202";"2,0398"
"51,6200";"1,7205";"2,0401"
"51,6300";"1,7209";"2,0414"
"51,6400";"1,7211";"2,0439"
"51,6500";"1,7215";"2,0448"
"51,6600";"1,7218";"2,0428"
"51,6700";"1,7222";"2,0398"
"51,6800";"1,7225";"2,0400"
"51,6900";"1,7229";"2,0423"
"51,7000";"1,7233";"2,0430"
"51,7100";"1,7236";"2,0418"
"51,7200";"1,7240";"2,0423"
"51,7300";"1,7242";"2,0444"
"51,7400";"1,7246";"2,0458"
"51,7500";"1,7248";"2,0446"
"51,7600";"1,7251";"2,0444"
"51,7700";"1,7255";"2,0446"
"51,7800";"1,7257";"2,0443"
"51,7900";"1,7261";"2,0441"
"51,8000";"1,7264";"2,0448"
"51,8100";"1,7268";"2,0455"
"51,8200";"1,7272";"2,0476"
"51,8300";"1,7275";"2,0483"
"51,8400";"1,7279";"2,0470"
"51,8500";"1,7282";"2,0461"
"51,8600";"1,7286";"2,0480"
"51,8700";"1,7289";"2,0509"
"51,8800";"1,7292";"2,0520"
"51,8900";"1,7295";"2,0498"
"51,9000";"1,7299";"2,0477"
"51,9100";"1,7301";"2,0479"
"51,9200";"1,7305";"2,0502"
"51,9300";"1,7307";"2,0519"
"51,9400";"1,7310";"2,0503"
"51,9500";"1,7314";"2,0486"
"51,9600";"1,7318";"2,0488"
"51,9700";"1,7321";"2,0511"
"51,9800";"1,7325";"2,0532"
"51,9900";"1,7329";"2,0536"
"52,0000";"1,7333";"2,0521"
"52,0100";"1,7336";"2,0522"
"52,0200";"1,7340";"2,0536"
"52,0300";"1,7344";"2,0538"
"52,0400";"1,7347";"2,0528"
"52,0500";"1,7351";"2,0537"
"52,0600";"1,7354";"2,0551"
"52,0700";"1,7358";"2,0567"
"52,0800";"1,7360";"2,0566"
"52,0900";"1,7362";"2,0574"
"52,1000";"1,7366";"2,0570"
"52,1100";"1,7368";"2,0553"
"52,1200";"1,7372";"2,0535"
"52,1300";"1,7375";"2,0534"
"52,1400";"1,7378";"2,0546"
"52,1500";"1,7381";"2,0552"
"52,1600";"1,7385";"2,0556"
"52,1700";"1,7388";"2,0570"
"52,1800";"1,7392";"2,0584"
"52,1900";"1,7395";"2,0595"
"52,2000";"1,7399";"2,0574"
"52,2100";"1,7403";"2,0557"
"52,2200";"1,7406";"2,0541"
"52,2300";"1,7410";"2,0549"
"52,2400";"1,7413";"2,0567"
"52,2500";"1,7417";"2,0602"
"52,2600";"1,7419";"2,0634"
"52,2700";"1,7423";"2,0645"
"52,2800";"1,7425";"2,0633"
"52,2900";"1,7429";"2,0618"
"52,3000";"1,7432";"2,0619"
"52,3100";"1,7434";"2,0628"
"52,3200";"1,7438";"2,0636"
"52,3300";"1,7442";"2,0626"
"52,3400";"1,7445";"2,0619"
"52,3500";"1,7449";"2,0625"
"52,3600";"1,7452";"2,0652"
"52,3700";"1,7456";"2,0678"
"52,3800";"1,7459";"2,0668"
"52,3900";"1,7463";"2,0635"
"52,4000";"1,7466";"2,0610"
"52,4100";"1,7469";"2,0637"
"52,4200";"1,7472";"2,0697"
"52,4300";"1,7475";"2,0725"
"52,4400";"1,7478";"2,0699"
"52,4500";"1,7482";"2,0649"
"52,4600";"1,7485";"2,0640"
"52,4700";"1,7489";"2,0656"
"52,4800";"1,7492";"2,0672"
"52,4900";"1,7496";"2,0674"
"52,5000";"1,7499";"2,0675"
"52,5100";"1,7504";"2,0688"
"52,5200";"1,7508";"2,0707"
"52,5300";"1,7511";"2,0719"
"52,5400";"1,7515";"2,0722"
"52,5500";"1,7518";"2,0724"
"52,5600";"1,7522";"2,0718"
"52,5700";"1,7525";"2,0706"
"52,5800";"1,7528";"2,0707"
"52,5900";"1,7531";"2,0710"
"52,6000";"1,7534";"2,0730"
"52,6100";"1,7537";"2,0749"
"52,6200";"1,7541";"2,0747"
"52,6300";"1,7544";"2,0730"
"52,6400";"1,7548";"2,0737"
"52,6500";"1,7551";"2,0761"
"52,6600";"1,7555";"2,0773"
"52,6700";"1,7558";"2,0764"
"52,6800";"1,7562";"2,0737"
"52,6900";"1,7564";"2,0725"
"52,7000";"1,7568";"2,0751"
"52,7100";"1,7571";"2,0785"
"52,7200";"1,7574";"2,0791"
"52,7300";"1,7577";"2,0777"
"52,7400";"1,7581";"2,0776"
"52,7500";"1,7583";"2,0789"
"52,7600";"1,7586";"2,0793"
"52,7700";"1,7589";"2,0785"
"52,7800";"1,7591";"2,0787"
"52,7900";"1,7595";"2,0798"
"52,8000";"1,7599";"2,0801"
"52,8100";"1,7601";"2,0803"
"52,8200";"1,7604";"2,0799"
"52,8300";"1,7608";"2,0795"
"52,8400";"1,7612";"2,0793"
"52,8500";"1,7615";"2,0782"
"52,8600";"1,7619";"2,0778"
"52,8700";"1,7622";"2,0793"
"52,8800";"1,7626";"2,0808"
"52,8900";"1,7629";"2,0812"
"52,9000";"1,7633";"2,0811"
"52,9100";"1,7636";"2,0823"
"52,9200";"1,7640";"2,0848"
"52,9300";"1,7642";"2,0866"
"52,9400";"1,7645";"2,0860"
"52,9500";"1,7648";"2,0827"
"52,9600";"1,7652";"2,0813"
"52,9700";"1,7654";"2,0825"
"52,9800";"1,7658";"2,0849"
"52,9900";"1,7661";"2,0865"
"53,0000";"1,7665";"2,0871"
"53,0100";"1,7668";"2,0869"
"53,0200";"1,7672";"2,0870"
"53,0300";"1,7676";"2,0873"
"53,0400";"1,7680";"2,0865"
"53,0500";"1,7685";"2,0841"
"53,0600";"1,7688";"2,0820"
"53,0700";"1,7692";"2,0818"
"53,0800";"1,7694";"2,0827"
"53,0900";"1,7697";"2,0838"
"53,1000";"1,7700";"2,0879"
"53,1100";"1,7704";"2,0923"
"53,1200";"1,7706";"2,0938"
"53,1300";"1,7710";"2,0926"
"53,1400";"1,7713";"2,0902"
"53,1500";"1,7717";"2,0889"
"53,1600";"1,7720";"2,0898"
"53,1700";"1,7724";"2,0894"
"53,1800";"1,7726";"2,0882"
"53,1900";"1,7730";"2,0896"
"53,2000";"1,7733";"2,0915"
"53,2100";"1,7737";"2,0934"
"53,2200";"1,7740";"2,0938"
"53,2300";"1,7744";"2,0940"
"53,2400";"1,7746";"2,0940"
"53,2500";"1,7750";"2,0932"
"53,2600";"1,7752";"2,0916"
"53,2700";"1,7756";"2,0917"
"53,2800";"1,7759";"2,0938"
"53,2900";"1,7763";"2,0952"
"53,3000";"1,7765";"2,0959"
"53,3100";"1,7769";"2,0959"
"53,3200";"1,7772";"2,0940"
"53,3300";"1,7776";"2,0938"
"53,3400";"1,7779";"2,0954"
"53,3500";"1,7783";"2,0979"
"53,3600";"1,7786";"2,1001"
"53,3700";"1,7790";"2,1002"
"53,3800";"1,7793";"2,0986"
"53,3900";"1,7797";"2,0967"
"53,4000";"1,7800";"2,0958"
"53,4100";"1,7804";"2,0941"
"53,4200";"1,7807";"2,0921"
"53,4300";"1,7810";"2,0926"
"53,4400";"1,7812";"2,0955"
"53,4500";"1,7816";"2,0986"
"53,4600";"1,7819";"2,1007"
"53,4700";"1,7823";"2,1018"
"53,4800";"1,7825";"2,1029"
"53,4900";"1,7829";"2,1024"
"53,5000";"1,7832";"2,1016"
"53,5100";"1,7836";"2,0997"
"53,5200";"1,7839";"2,0999"
"53,5300";"1,7843";"2,1007"
"53,5400";"1,7846";"2,1007"
"53,5500";"1,7850";"2,1006"
"53,5600";"1,7854";"2,1022"
"53,5700";"1,7857";"2,1036"
"53,5800";"1,7861";"2,1029"
"53,5900";"1,7863";"2,1008"
"53,6000";"1,7865";"2,0999"
"53,6100";"1,7869";"2,1009"
"53,6200";"1,7871";"2,1027"
"53,6300";"1,7875";"2,1038"
"53,6400";"1,7878";"2,1039"
"53,6500";"1,7882";"2,1038"
"53,6600";"1,7884";"2,1034"
"53,6700";"1,7888";"2,1035"
"53,6800";"1,7891";"2,1051"
"53,6900";"1,7895";"2,1048"
"53,7000";"1,7898";"2,1046"
"53,7100";"1,7902";"2,1060"
"53,7200";"1,7905";"2,1076"
"53,7300";"1,7909";"2,1093"
"53,7400";"1,7913";"2,1088"
"53,7500";"1,7917";"2,1085"
"53,7600";"1,7921";"2,1097"
"53,7700";"1,7923";"2,1106"
"53,7800";"1,7926";"2,1111"
"53,7900";"1,7929";"2,1121"
"53,8000";"1,7933";"2,1131"
"53,8100";"1,7935";"2,1133"
"53,8200";"1,7939";"2,1118"
"53,8300";"1,7942";"2,1106"
"53,8400";"1,7946";"2,1112"
"53,8500";"1,7949";"2,1116"
"53,8600";"1,7953";"2,1115"
"53,8700";"1,7956";"2,1113"
"53,8800";"1,7960";"2,1121"
"53,8900";"1,7963";"2,1128"
"53,9000";"1,7967";"2,1146"
"53,9100";"1,7970";"2,1160"
"53,9200";"1,7973";"2,1154"
"53,9300";"1,7976";"2,1121"
"53,9400";"1,7979";"2,1102"
"53,9500";"1,7982";"2,1117"
"53,9600";"1,7986";"2,1146"
"53,9700";"1,7989";"2,1166"
"53,9800";"1,7993";"2,1162"
"53,9900";"1,7996";"2,1155"
"54,0000";"1,8000";"2,1161"
"54,0100";"1,8003";"2,1163"
"54,0200";"1,8008";"2,1153"
"54,0300";"1,8011";"2,1144"
"54,0400";"1,8015";"2,1153"
"54,0500";"1,8018";"2,1164"
"54,0600";"1,8021";"2,1181"
"54,0700";"1,8025";"2,1195"
"54,0800";"1,8028";"2,1224"
"54,0900";"1,8031";"2,1247"
"54,1000";"1,8034";"2,1240"
"54,1100";"1,8037";"2,1199"
"54,1200";"1,8039";"2,1182"
"54,1300";"1,8042";"2,1190"
"54,1400";"1,8046";"2,1202"
"54,1500";"1,8050";"2,1205"
"54,1600";"1,8052";"2,1192"
"54,1700";"1,8055";"2,1188"
"54,1800";"1,8059";"2,1206"
"54,1900";"1,8062";"2,1224"
"54,2000";"1,8066";"2,1226"
"54,2100";"1,8070";"2,1215"
"54,2200";"1,8073";"2,1199"
"54,2300";"1,8077";"2,1198"
"54,2400";"1,8081";"2,1208"
"54,2500";"1,8085";"2,1225"
"54,2600";"1,8088";"2,1239"
"54,2700";"1,8091";"2,1242"
"54,2800";"1,8093";"2,1242"
"54,2900";"1,8097";"2,1243"
"54,3000";"1,8100";"2,1252"
"54,3100";"1,8103";"2,1248"
"54,3200";"1,8106";"2,1236"
"54,3300";"1,8110";"2,1236"
"54,3400";"1,8113";"2,1249"
"54,3500";"1,8117";"2,1263"
"54,3600";"1,8120";"2,1270"
"54,3700";"1,8124";"2,1282"
"54,3800";"1,8127";"2,1290"
"54,3900";"1,8131";"2,1293"
"54,4000";"1,8135";"2,1294"
"54,4100";"1,8138";"2,1287"
"54,4200";"1,8142";"2,1284"
"54,4300";"1,8144";"2,1283"
"54,4400";"1,8146";"2,1286"
"54,4500";"1,8150";"2,1302"
"54,4600";"1,8152";"2,1309"
"54,4700";"1,8156";"2,1295"
"54,4800";"1,8159";"2,1281"
"54,4900";"1,8162";"2,1271"
"54,5000";"1,8165";"2,1277"
"54,5100";"1,8169";"2,1290"
"54,5200";"1,8172";"2,1305"
"54,5300";"1,8176";"2,1325"
"54,5400";"1,8179";"2,1333"
"54,5500";"1,8183";"2,1312"
"54,5600";"1,8188";"2,1291"
"54,5700";"1,8190";"2,1290"
"54,5800";"1,8194";"2,1313"
"54,5900";"1,8197";"2,1334"
"54,6000";"1,8199";"2,1348"
"54,6100";"1,8203";"2,1365"
"54,6200";"1,8207";"2,1381"
"54,6300";"1,8209";"2,1385"
"54,6400";"1,8212";"2,1386"
"54,6500";"1,8216";"2,1384"
"54,6600";"1,8220";"2,1383"
"54,6700";"1,8223";"2,1369"
"54,6800";"1,8227";"2,1356"
"54,6900";"1,8230";"2,1367"
"54,7000";"1,8234";"2,1393"
"54,7100";"1,8237";"2,1403"
"54,7200";"1,8241";"2,1404"
"54,7300";"1,8244";"2,1410"
"54,7400";"1,8248";"2,1415"
"54,7500";"1,8251";"2,1408"
"54,7600";"1,8255";"2,1389"
"54,7700";"1,8258";"2,1391"
"54,7800";"1,8261";"2,1402"
"54,7900";"1,8263";"2,1401"
"54,8000";"1,8267";"2,1399"
"54,8100";"1,8269";"2,1408"
"54,8200";"1,8273";"2,1433"
"54,8300";"1,8276";"2,1446"
"54,8400";"1,8280";"2,1438"
"54,8500";"1,8283";"2,1409"
"54,8600";"1,8286";"2,1393"
"54,8700";"1,8289";"2,1417"
"54,8800";"1,8293";"2,1443"
"54,8900";"1,8296";"2,1453"
"54,9000";"1,8300";"2,1452"
"54,9100";"1,8303";"2,1452"
"54,9200";"1,8307";"2,1462"
"54,9300";"1,8310";"2,1465"
"54,9400";"1,8313";"2,1457"
"54,9500";"1,8315";"2,1434"
"54,9600";"1,8319";"2,1420"
"54,9700";"1,8321";"2,1430"
"54,9800";"1,8325";"2,1462"
"54,9900";"1,8328";"2,1483"
"55,0000";"1,8332";"2,1470"
"55,0100";"1,8334";"2,1450"
"55,0200";"1,8339";"2,1449"
"55,0300";"1,8342";"2,1462"
"55,0400";"1,8346";"2,1462"
"55,0500";"1,8349";"2,1473"
"55,0600";"1,8353";"2,1499"
"55,0700";"1,8356";"2,1524"
"55,0800";"1,8360";"2,1526"
"55,0900";"1,8362";"2,1514"
"55,1000";"1,8366";"2,1498"
"55,1100";"1,8369";"2,1495"
"55,1200";"1,8372";"2,1485"
"55,1300";"1,8375";"2,1483"
"55,1400";"1,8378";"2,1508"
"55,1500";"1,8381";"2,1545"
"55,1600";"1,8384";"2,1560"
"55,1700";"1,8387";"2,1547"
"55,1800";"1,8391";"2,1532"
"55,1900";"1,8395";"2,1523"
"55,2000";"1,8399";"2,1502"
"55,2100";"1,8402";"2,1484"
"55,2200";"1,8406";"2,1491"
"55,2300";"1,8410";"2,1505"
"55,2400";"1,8413";"2,1530"
"55,2500";"1,8417";"2,1538"
"55,2600";"1,8420";"2,1557"
"55,2700";"1,8423";"2,1567"
"55,2800";"1,8426";"2,1574"
"55,2900";"1,8430";"2,1562"
"55,3000";"1,8433";"2,1551"
"55,3100";"1,8437";"2,1549"
"55,3200";"1,8439";"2,1565"
"55,3300";"1,8443";"2,1589"
"55,3400";"1,8446";"2,1602"
"55,3500";"1,8450";"2,1590"
"55,3600";"1,8453";"2,1549"
"55,3700";"1,8457";"2,1533"
"55,3800";"1,8460";"2,1563"
"55,3900";"1,8463";"2,1607"
"55,4000";"1,8466";"2,1630"
"55,4100";"1,8470";"2,1623"
"55,4200";"1,8473";"2,1614"
"55,4300";"1,8477";"2,1605"
"55,4400";"1,8479";"2,1600"
"55,4500";"1,8483";"2,1583"
"55,4600";"1,8485";"2,1574"
"55,4700";"1,8487";"2,1578"
"55,4800";"1,8491";"2,1582"
"55,4900";"1,8493";"2,1595"
"55,5000";"1,8497";"2,1617"
"55,5100";"1,8500";"2,1632"
"55,5200";"1,8504";"2,1631"
"55,5300";"1,8508";"2,1619"
"55,5400";"1,8511";"2,1609"
"55,5500";"1,8513";"2,1596"
"55,5600";"1,8518";"2,1600"
"55,5700";"1,8521";"2,1618"
"55,5800";"1,8524";"2,1641"
"55,5900";"1,8528";"2,1650"
"55,6000";"1,8531";"2,1655"
"55,6100";"1,8535";"2,1662"
"55,6200";"1,8538";"2,1672"
"55,6300";"1,8541";"2,1682"
"55,6400";"1,8543";"2,1679"
"55,6500";"1,8547";"2,1661"
"55,6600";"1,8550";"2,1649"
"55,6700";"1,8552";"2,1662"
"55,6800";"1,8556";"2,1684"
"55,6900";"1,8560";"2,1685"
"55,7000";"1,8563";"2,1671"
"55,7100";"1,8567";"2,1662"
"55,7200";"1,8571";"2,1674"
"55,7300";"1,8575";"2,1688"
"55,7400";"1,8578";"2,1696"
"55,7500";"1,8582";"2,1701"
"55,7600";"1,8585";"2,1713"
"55,7700";"1,8589";"2,1698"
"55,7800";"1,8593";"2,1672"
"55,7900";"1,8596";"2,1664"
"55,8000";"1,8600";"2,1669"
"55,8100";"1,8602";"2,1658"
"55,8200";"1,8604";"2,1644"
"55,8300";"1,8608";"2,1643"
"55,8400";"1,8611";"2,1680"
"55,8500";"1,8615";"2,1747"
"55,8600";"1,8617";"2,1820"
"55,8700";"1,8621";"2,1855"
"55,8800";"1,8624";"2,1829"
"55,8900";"1,8628";"2,1740"
"55,9000";"1,8633";"2,1646"
"55,9100";"1,8636";"2,1610"
"55,9200";"1,8640";"2,1630"
"55,9300";"1,8643";"2,1683"
"55,9400";"1,8646";"2,1757"
"55,9500";"1,8648";"2,1822"
"55,9600";"1,8652";"2,1849"
"55,9700";"1,8655";"2,1815"
"55,9800";"1,8657";"2,1753"
"55,9900";"1,8661";"2,1705"
"56,0000";"1,8665";"2,1690"
"56,0100";"1,8668";"2,1702"
"56,0200";"1,8672";"2,1729"
"56,0300";"1,8675";"2,1771"
"56,0400";"1,8679";"2,1814"
"56,0500";"1,8682";"2,1832"
"56,0600";"1,8687";"2,1818"
"56,0700";"1,8691";"2,1793"
"56,0800";"1,8694";"2,1769"
"56,0900";"1,8698";"2,1753"
"56,1000";"1,8701";"2,1742"
"56,1100";"1,8705";"2,1750"
"56,1200";"1,8708";"2,1783"
"56,1300";"1,8711";"2,1833"
"56,1400";"1,8714";"2,1868"
"56,1500";"1,8718";"2,1882"
"56,1600";"1,8720";"2,1864"
"56,1700";"1,8724";"2,1829"
"56,1800";"1,8727";"2,1802"
"56,1900";"1,8731";"2,1806"
"56,2000";"1,8734";"2,1828"
"56,2100";"1,8737";"2,1848"
"56,2200";"1,8740";"2,1861"
"56,2300";"1,8744";"2,1864"
"56,2400";"1,8747";"2,1876"
"56,2500";"1,8751";"2,1882"
"56,2600";"1,8754";"2,1862"
"56,2700";"1,8758";"2,1832"
"56,2800";"1,8761";"2,1812"
"56,2900";"1,8765";"2,1825"
"56,3000";"1,8768";"2,1865"
"56,3100";"1,8771";"2,1911"
"56,3200";"1,8774";"2,1934"
"56,3300";"1,8777";"2,1916"
"56,3400";"1,8780";"2,1864"
"56,3500";"1,8784";"2,1818"
"56,3600";"1,8787";"2,1804"
"56,3700";"1,8791";"2,1820"
"56,3800";"1,8793";"2,1858"
"56,3900";"1,8798";"2,1905"
"56,4000";"1,8802";"2,1965"
"56,4100";"1,8804";"2,1996"
"56,4200";"1,8809";"2,1979"
"56,4300";"1,8811";"2,1919"
"56,4400";"1,8815";"2,1849"
"56,4500";"1,8818";"2,1810"
"56,4600";"1,8822";"2,1823"
"56,4700";"1,8825";"2,1867"
"56,4800";"1,8827";"2,1942"
"56,4900";"1,8830";"2,2024"
"56,5000";"1,8833";"2,2047"
"56,5100";"1,8837";"2,2007"
"56,5200";"1,8839";"2,1934"
"56,5300";"1,8843";"2,1891"
"56,5400";"1,8848";"2,1876"
"56,5500";"1,8851";"2,1877"
"56,5600";"1,8855";"2,1905"
"56,5700";"1,8858";"2,1953"
"56,5800";"1,8862";"2,1997"
"56,5900";"1,8865";"2,2027"
"56,6000";"1,8869";"2,2025"
"56,6100";"1,8871";"2,1995"
"56,6200";"1,8875";"2,1959"
"56,6300";"1,8877";"2,1926"
"56,6400";"1,8881";"2,1918"
"56,6500";"1,8883";"2,1953"
"56,6600";"1,8887";"2,1989"
"56,6700";"1,8890";"2,1998"
"56,6800";"1,8894";"2,2005"
"56,6900";"1,8896";"2,2017"
"56,7000";"1,8900";"2,2015"
"56,7100";"1,8903";"2,1990"
"56,7200";"1,8907";"2,1950"
"56,7300";"1,8910";"2,1936"
"56,7400";"1,8915";"2,1941"
"56,7500";"1,8918";"2,1976"
"56,7600";"1,8922";"2,2026"
"56,7700";"1,8925";"2,2061"
"56,7800";"1,8929";"2,2050"
"56,7900";"1,8931";"2,2011"
"56,8000";"1,8935";"2,1987"
"56,8100";"1,8937";"2,1993"
"56,8200";"1,8941";"2,2029"
"56,8300";"1,8943";"2,2045"
"56,8400";"1,8947";"2,2050"
"56,8500";"1,8949";"2,2062"
"56,8600";"1,8953";"2,2081"
"56,8700";"1,8955";"2,2074"
"56,8800";"1,8959";"2,2040"
"56,8900";"1,8962";"2,2013"
"56,9000";"1,8966";"2,2007"
"56,9100";"1,8969";"2,2025"
"56,9200";"1,8973";"2,2049"
"56,9300";"1,8976";"2,2086"
"56,9400";"1,8980";"2,2108"
"56,9500";"1,8983";"2,2087"
"56,9600";"1,8987";"2,2052"
"56,9700";"1,8989";"2,2032"
"56,9800";"1,8992";"2,2039"
"56,9900";"1,8995";"2,2056"
"57,0000";"1,8997";"2,2075"
"57,0100";"1,9001";"2,2077"
"57,0200";"1,9005";"2,2069"
"57,0300";"1,9007";"2,2073"
"57,0400";"1,9010";"2,2084"
"57,0500";"1,9014";"2,2095"
"57,0600";"1,9018";"2,2077"
"57,0700";"1,9021";"2,2046"
"57,0800";"1,9025";"2,2036"
"57,0900";"1,9028";"2,2073"
"57,1000";"1,9032";"2,2114"
"57,1100";"1,9035";"2,2129"
"57,1200";"1,9039";"2,2127"
"57,1300";"1,9042";"2,2136"
"57,1400";"1,9045";"2,2145"
"57,1500";"1,9047";"2,2134"
"57,1600";"1,9051";"2,2128"
"57,1700";"1,9053";"2,2121"
"57,1800";"1,9057";"2,2133"
"57,1900";"1,9060";"2,2142"
"57,2000";"1,9064";"2,2145"
"57,2100";"1,9067";"2,2146"
"57,2200";"1,9071";"2,2149"
"57,2300";"1,9075";"2,2157"
"57,2400";"1,9079";"2,2147"
"57,2500";"1,9082";"2,2117"
"57,2600";"1,9086";"2,2103"
"57,2700";"1,9091";"2,2119"
"57,2800";"1,9094";"2,2162"
"57,2900";"1,9098";"2,2196"
"57,3000";"1,9101";"2,2204"
"57,3100";"1,9104";"2,2203"
"57,3200";"1,9107";"2,2186"
"57,3300";"1,9110";"2,2170"
"57,3400";"1,9113";"2,2147"
"57,3500";"1,9117";"2,2143"
"57,3600";"1,9120";"2,2164"
"57,3700";"1,9123";"2,2194"
"57,3800";"1,9127";"2,2212"
"57,3900";"1,9131";"2,2196"
"57,4000";"1,9134";"2,2174"
"57,4100";"1,9138";"2,2172"
"57,4200";"1,9142";"2,2199"
"57,4300";"1,9145";"2,2230"
"57,4400";"1,9149";"2,2242"
"57,4500";"1,9151";"2,2245"
"57,4600";"1,9155";"2,2252"
"57,4700";"1,9158";"2,2256"
"57,4800";"1,9162";"2,2237"
"57,4900";"1,9164";"2,2198"
"57,5000";"1,9166";"2,2181"
"57,5100";"1,9169";"2,2198"
"57,5200";"1,9172";"2,2217"
"57,5300";"1,9176";"2,2231"
"57,5400";"1,9179";"2,2239"
"57,5500";"1,9182";"2,2227"
"57,5600";"1,9185";"2,2214"
"57,5700";"1,9189";"2,2198"
"57,5800";"1,9191";"2,2189"
"57,5900";"1,9195";"2,2191"
"57,6000";"1,9198";"2,2210"
"57,6100";"1,9202";"2,2220"
"57,6200";"1,9205";"2,2235"
"57,6300";"1,9209";"2,2259"
"57,6400";"1,9211";"2,2265"
"57,6500";"1,9215";"2,2262"
"57,6600";"1,9217";"2,2263"
"57,6700";"1,9221";"2,2247"
"57,6800";"1,9223";"2,2225"
"57,6900";"1,9227";"2,2221"
"57,7000";"1,9230";"2,2231"
"57,7100";"1,9234";"2,2263"
"57,7200";"1,9237";"2,2303"
"57,7300";"1,9241";"2,2327"
"57,7400";"1,9244";"2,2332"
"57,7500";"1,9248";"2,2322"
"57,7600";"1,9251";"2,2300"
"57,7700";"1,9256";"2,2270"
"57,7800";"1,9260";"2,2273"
"57,7900";"1,9263";"2,2316"
"57,8000";"1,9267";"2,2353"
"57,8100";"1,9270";"2,2371"
"57,8200";"1,9275";"2,2382"
"57,8300";"1,9277";"2,2378"
"57,8400";"1,9281";"2,2344"
"57,8500";"1,9283";"2,2292"
"57,8600";"1,9287";"2,2263"
"57,8700";"1,9290";"2,2282"
"57,8800";"1,9294";"2,2324"
"57,8900";"1,9296";"2,2353"
"57,9000";"1,9301";"2,2379"
"57,9100";"1,9304";"2,2392"
"57,9200";"1,9308";"2,2388"
"57,9300";"1,9312";"2,2361"
"57,9400";"1,9315";"2,2317"
"57,9500";"1,9319";"2,2285"
"57,9600";"1,9322";"2,2294"
"57,9700";"1,9325";"2,2334"
"57,9800";"1,9328";"2,2369"
"57,9900";"1,9330";"2,2394"
"58,0000";"1,9334";"2,2400"
"58,0100";"1,9337";"2,2405"
"58,0200";"1,9340";"2,2402"
"58,0300";"1,9343";"2,2387"
"58,0400";"1,9347";"2,2365"
"58,0500";"1,9350";"2,2345"
"58,0600";"1,9354";"2,2356"
"58,0700";"1,9358";"2,2390"
"58,0800";"1,9361";"2,2405"
"58,0900";"1,9365";"2,2398"
"58,1000";"1,9368";"2,2401"
"58,1100";"1,9372";"2,2427"
"58,1200";"1,9375";"2,2445"
"58,1300";"1,9379";"2,2429"
"58,1400";"1,9382";"2,2413"
"58,1500";"1,9385";"2,2419"
"58,1600";"1,9388";"2,2449"
"58,1700";"1,9391";"2,2464"
"58,1800";"1,9393";"2,2466"
"58,1900";"1,9397";"2,2468"
"58,2000";"1,9400";"2,2477"
"58,2100";"1,9404";"2,2479"
"58,2200";"1,9406";"2,2468"
"58,2300";"1,9410";"2,2459"
"58,2400";"1,9413";"2,2462"
"58,2500";"1,9417";"2,2476"
"58,2600";"1,9420";"2,2484"
"58,2700";"1,9424";"2,2484"
"58,2800";"1,9427";"2,2468"
"58,2900";"1,9431";"2,2449"
"58,3000";"1,9434";"2,2435"
"58,3100";"1,9438";"2,2434"
"58,3200";"1,9441";"2,2446"
"58,3300";"1,9444";"2,2463"
"58,3400";"1,9447";"2,2491"
"58,3500";"1,9451";"2,2512"
"58,3600";"1,9453";"2,2532"
"58,3700";"1,9457";"2,2524"
"58,3800";"1,9460";"2,2507"
"58,3900";"1,9464";"2,2485"
"58,4000";"1,9466";"2,2473"
"58,4100";"1,9470";"2,2466"
"58,4200";"1,9473";"2,2463"
"58,4300";"1,9477";"2,2478"
"58,4400";"1,9480";"2,2514"
"58,4500";"1,9484";"2,2533"
"58,4600";"1,9487";"2,2535"
"58,4700";"1,9491";"2,2530"
"58,4800";"1,9495";"2,2535"
"58,4900";"1,9497";"2,2537"
"58,5000";"1,9499";"2,2528"
"58,5100";"1,9503";"2,2521"
"58,5200";"1,9505";"2,2529"
"58,5300";"1,9507";"2,2546"
"58,5400";"1,9511";"2,2546"
"58,5500";"1,9515";"2,2550"
"58,5600";"1,9518";"2,2572"
"58,5700";"1,9522";"2,2582"
"58,5800";"1,9525";"2,2573"
"58,5900";"1,9529";"2,2562"
"58,6000";"1,9532";"2,2557"
"58,6100";"1,9537";"2,2562"
"58,6200";"1,9541";"2,2574"
"58,6300";"1,9544";"2,2582"
"58,6400";"1,9546";"2,2601"
"58,6500";"1,9550";"2,2608"
"58,6600";"1,9552";"2,2594"
"58,6700";"1,9556";"2,2571"
"58,6800";"1,9558";"2,2554"
"58,6900";"1,9562";"2,2554"
"58,7000";"1,9565";"2,2555"
"58,7100";"1,9569";"2,2566"
"58,7200";"1,9572";"2,2592"
"58,7300";"1,9576";"2,2617"
"58,7400";"1,9580";"2,2620"
"58,7500";"1,9583";"2,2612"
"58,7600";"1,9587";"2,2600"
"58,7700";"1,9590";"2,2576"
"58,7800";"1,9594";"2,2546"
"58,7900";"1,9597";"2,2542"
"58,8000";"1,9601";"2,2575"
"58,8100";"1,9604";"2,2608"
"58,8200";"1,9608";"2,2620"
"58,8300";"1,9611";"2,2620"
"58,8400";"1,9614";"2,2616"
"58,8500";"1,9617";"2,2612"
"58,8600";"1,9620";"2,2605"
"58,8700";"1,9623";"2,2602"
"58,8800";"1,9626";"2,2614"
"58,8900";"1,9630";"2,2640"
"58,9000";"1,9633";"2,2659"
"58,9100";"1,9636";"2,2658"
"58,9200";"1,9640";"2,2667"
"58,9300";"1,9643";"2,2679"
"58,9400";"1,9646";"2,2678"
"58,9500";"1,9649";"2,2660"
"58,9600";"1,9653";"2,2644"
"58,9700";"1,9656";"2,2660"
"58,9800";"1,9660";"2,2678"
"58,9900";"1,9662";"2,2691"
"59,0000";"1,9666";"2,2686"
"59,0100";"1,9668";"2,2665"
"59,0200";"1,9670";"2,2656"
"59,0300";"1,9674";"2,2664"
"59,0400";"1,9677";"2,2675"
"59,0500";"1,9680";"2,2672"
"59,0600";"1,9683";"2,2662"
"59,0700";"1,9687";"2,2667"
"59,0800";"1,9690";"2,2698"
"59,0900";"1,9694";"2,2733"
"59,1000";"1,9698";"2,2725"
"59,1100";"1,9701";"2,2701"
"59,1200";"1,9705";"2,2692"
"59,1300";"1,9708";"2,2704"
"59,1400";"1,9712";"2,2708"
"59,1500";"1,9715";"2,2702"
"59,1600";"1,9719";"2,2715"
"59,1700";"1,9722";"2,2743"
"59,1800";"1,9725";"2,2762"
"59,1900";"1,9728";"2,2768"
"59,2000";"1,9731";"2,2757"
"59,2100";"1,9734";"2,2749"
"59,2200";"1,9738";"2,2747"
"59,2300";"1,9741";"2,2735"
"59,2400";"1,9745";"2,2717"
"59,2500";"1,9748";"2,2716"
"59,2600";"1,9752";"2,2740"
"59,2700";"1,9757";"2,2764"
"59,2800";"1,9760";"2,2765"
"59,2900";"1,9764";"2,2767"
"59,3000";"1,9767";"2,2765"
"59,3100";"1,9771";"2,2761"
"59,3200";"1,9774";"2,2773"
"59,3300";"1,9777";"2,2794"
"59,3400";"1,9780";"2,2784"
"59,3500";"1,9783";"2,2753"
"59,3600";"1,9786";"2,2746"
"59,3700";"1,9788";"2,2770"
"59,3800";"1,9792";"2,2795"
"59,3900";"1,9794";"2,2786"
"59,4000";"1,9798";"2,2772"
"59,4100";"1,9801";"2,2780"
"59,4200";"1,9805";"2,2805"
"59,4300";"1,9809";"2,2816"
"59,4400";"1,9812";"2,2822"
"59,4500";"1,9816";"2,2827"
"59,4600";"1,9820";"2,2826"
"59,4700";"1,9824";"2,2806"
"59,4800";"1,9827";"2,2781"
"59,4900";"1,9831";"2,2791"
"59,5000";"1,9835";"2,2826"
"59,5100";"1,9837";"2,2850"
"59,5200";"1,9840";"2,2849"
"59,5300";"1,9843";"2,2837"
"59,5400";"1,9845";"2,2829"
"59,5500";"1,9849";"2,2830"
"59,5600";"1,9851";"2,2834"
"59,5700";"1,9855";"2,2842"
"59,5800";"1,9858";"2,2857"
"59,5900";"1,9862";"2,2865"
"59,6000";"1,9865";"2,2875"
"59,6100";"1,9868";"2,2875"
"59,6200";"1,9871";"2,2868"
"59,6300";"1,9875";"2,2856"
"59,6400";"1,9878";"2,2851"
"59,6500";"1,9882";"2,2863"
"59,6600";"1,9885";"2,2883"
"59,6700";"1,9889";"2,2883"
"59,6800";"1,9892";"2,2871"
"59,6900";"1,9895";"2,2877"
"59,7000";"1,9898";"2,2890"
"59,7100";"1,9901";"2,2892"
"59,7200";"1,9904";"2,2894"
"59,7300";"1,9908";"2,2909"
"59,7400";"1,9911";"2,2924"
"59,7500";"1,9915";"2,2918"
"59,7600";"1,9918";"2,2905"
"59,7700";"1,9922";"2,2913"
"59,7800";"1,9925";"2,2924"
"59,7900";"1,9929";"2,2924"
"59,8000";"1,9932";"2,2912"
"59,8100";"1,9936";"2,2918"
"59,8200";"1,9940";"2,2936"
"59,8300";"1,9943";"2,2949"
"59,8400";"1,9947";"2,2948"
"59,8500";"1,9949";"2,2944"
"59,8600";"1,9953";"2,2954"
"59,8700";"1,9956";"2,2948"
"59,8800";"1,9958";"2,2933"
"59,8900";"1,9962";"2,2920"
"59,9000";"1,9966";"2,2942"
"59,9100";"1,9969";"2,2972"
"59,9200";"1,9973";"2,2972"
"59,9300";"1,9977";"2,2963"
"59,9400";"1,9981";"2,2973"
"59,9500";"1,9984";"2,2994"
"59,9600";"1,9989";"2,2993"
"59,9700";"1,9993";"2,2969"
"59,9800";"1,9996";"2,2948"
"59,9900";"1,9999";"2,2949"
"60,0000";"2,0002";"2,2962"
"60,0100";"2,0005";"2,2967"
"60,0200";"2,0008";"2,2972"
"60,0300";"2,0010";"2,2989"
"60,0400";"2,0014";"2,2996"
"60,0500";"2,0016";"2,2997"
"60,0600";"2,0020";"2,2996"
"60,0700";"2,0023";"2,2996"
"60,0800";"2,0027";"2,2998"
"60,0900";"2,0030";"2,3003"
"60,1000";"2,0034";"2,3014"
"60,1100";"2,0039";"2,3033"
"60,1200";"2,0042";"2,3052"
"60,1300";"2,0046";"2,3048"
"60,1400";"2,0049";"2,3035"
"60,1500";"2,0053";"2,3027"
"60,1600";"2,0056";"2,3020"
"60,1700";"2,0060";"2,3019"
"60,1800";"2,0062";"2,3032"
"60,1900";"2,0065";"2,3051"
"60,2000";"2,0068";"2,3047"
"60,2100";"2,0071";"2,3037"
"60,2200";"2,0074";"2,3037"
"60,2300";"2,0077";"2,3058"
"60,2400";"2,0080";"2,3065"
"60,2500";"2,0082";"2,3051"
"60,2600";"2,0086";"2,3035"
"60,2700";"2,0090";"2,3051"
"60,2800";"2,0093";"2,3087"
"60,2900";"2,0097";"2,3111"
"60,3000";"2,0100";"2,3108"
"60,3100";"2,0104";"2,3098"
"60,3200";"2,0107";"2,3078"
"60,3300";"2,0110";"2,3060"
"60,3400";"2,0113";"2,3066"
"60,3500";"2,0117";"2,3074"
"60,3600";"2,0119";"2,3066"
"60,3700";"2,0123";"2,3050"
"60,3800";"2,0125";"2,3053"
"60,3900";"2,0128";"2,3065"
"60,4000";"2,0131";"2,3080"
"60,4100";"2,0134";"2,3089"
"60,4200";"2,0138";"2,3096"
"60,4300";"2,0141";"2,3110"
"60,4400";"2,0145";"2,3123"
"60,4500";"2,0149";"2,3113"
"60,4600";"2,0152";"2,3102"
"60,4700";"2,0156";"2,3121"
"60,4800";"2,0159";"2,3139"
"60,4900";"2,0163";"2,3127"
"60,5000";"2,0166";"2,3117"
"60,5100";"2,0170";"2,3132"
"60,5200";"2,0173";"2,3154"
"60,5300";"2,0176";"2,3149"
"60,5400";"2,0179";"2,3114"
"60,5500";"2,0182";"2,3101"
"60,5600";"2,0185";"2,3133"
"60,5700";"2,0189";"2,3161"
"60,5800";"2,0192";"2,3173"
"60,5900";"2,0196";"2,3158"
"60,6000";"2,0199";"2,3137"
"60,6100";"2,0203";"2,3127"
"60,6200";"2,0206";"2,3142"
"60,6300";"2,0210";"2,3177"
"60,6400";"2,0213";"2,3193"
"60,6500";"2,0217";"2,3182"
"60,6600";"2,0221";"2,3179"
"60,6700";"2,0223";"2,3189"
"60,6800";"2,0226";"2,3195"
"60,6900";"2,0229";"2,3190"
"60,7000";"2,0232";"2,3189"
"60,7100";"2,0236";"2,3199"
"60,7200";"2,0239";"2,3218"
"60,7300";"2,0243";"2,3211"
"60,7400";"2,0245";"2,3199"
"60,7500";"2,0249";"2,3203"
"60,7600";"2,0252";"2,3219"
"60,7700";"2,0257";"2,3237"
"60,7800";"2,0261";"2,3234"
"60,7900";"2,0264";"2,3220"
"60,8000";"2,0268";"2,3211"
"60,8100";"2,0271";"2,3210"
"60,8200";"2,0275";"2,3202"
"60,8300";"2,0278";"2,3204"
"60,8400";"2,0281";"2,3227"
"60,8500";"2,0284";"2,3258"
"60,8600";"2,0288";"2,3271"
"60,8700";"2,0290";"2,3282"
"60,8800";"2,0294";"2,3271"
"60,8900";"2,0296";"2,3245"
"60,9000";"2,0298";"2,3228"
"60,9100";"2,0302";"2,3236"
"60,9200";"2,0306";"2,3258"
"60,9300";"2,0308";"2,3262"
"60,9400";"2,0311";"2,3253"
"60,9500";"2,0315";"2,3250"
"60,9600";"2,0319";"2,3268"
"60,9700";"2,0322";"2,3276"
"60,9800";"2,0326";"2,3250"
"60,9900";"2,0329";"2,3218"
"61,0000";"2,0333";"2,3226"
"61,0100";"2,0336";"2,3243"
"61,0200";"2,0339";"2,3249"
"61,0300";"2,0342";"2,3258"
"61,0400";"2,0346";"2,3286"
"61,0500";"2,0348";"2,3323"
"61,0600";"2,0350";"2,3335"
"61,0700";"2,0354";"2,3321"
"61,0800";"2,0357";"2,3308"
"61,0900";"2,0361";"2,3305"
"61,1000";"2,0365";"2,3307"
"61,1100";"2,0368";"2,3315"
"61,1200";"2,0372";"2,3321"
"61,1300";"2,0376";"2,3326"
"61,1400";"2,0380";"2,3323"
"61,1500";"2,0383";"2,3322"
"61,1600";"2,0387";"2,3328"
"61,1700";"2,0391";"2,3331"
"61,1800";"2,0394";"2,3320"
"61,1900";"2,0396";"2,3324"
"61,2000";"2,0399";"2,3355"
"61,2100";"2,0402";"2,3390"
"61,2200";"2,0405";"2,3386"
"61,2300";"2,0408";"2,3351"
"61,2400";"2,0411";"2,3329"
"61,2500";"2,0414";"2,3344"
"61,2600";"2,0418";"2,3355"
"61,2700";"2,0421";"2,3343"
"61,2800";"2,0425";"2,3340"
"61,2900";"2,0428";"2,3365"
"61,3000";"2,0433";"2,3397"
"61,3100";"2,0437";"2,3420"
"61,3200";"2,0439";"2,3417"
"61,3300";"2,0442";"2,3399"
"61,3400";"2,0446";"2,3365"
"61,3500";"2,0450";"2,3349"
"61,3600";"2,0452";"2,3361"
"61,3700";"2,0455";"2,3379"
"61,3800";"2,0458";"2,3404"
"61,3900";"2,0461";"2,3429"
"61,4000";"2,0465";"2,3453"
"61,4100";"2,0467";"2,3464"
"61,4200";"2,0471";"2,3435"
"61,4300";"2,0476";"2,3387"
"61,4400";"2,0479";"2,3376"
"61,4500";"2,0483";"2,3395"
"61,4600";"2,0486";"2,3400"
"61,4700";"2,0490";"2,3394"
"61,4800";"2,0494";"2,3401"
"61,4900";"2,0498";"2,3444"
"61,5000";"2,0502";"2,3468"
"61,5100";"2,0505";"2,3443"
"61,5200";"2,0509";"2,3398"
"61,5300";"2,0511";"2,3391"
"61,5400";"2,0515";"2,3430"
"61,5500";"2,0517";"2,3455"
"61,5600";"2,0519";"2,3451"
"61,5700";"2,0523";"2,3449"
"61,5800";"2,0525";"2,3462"
"61,5900";"2,0529";"2,3489"
"61,6000";"2,0532";"2,3495"
"61,6100";"2,0536";"2,3478"
"61,6200";"2,0538";"2,3460"
"61,6300";"2,0542";"2,3455"
"61,6400";"2,0545";"2,3465"
"61,6500";"2,0549";"2,3476"
"61,6600";"2,0552";"2,3484"
"61,6700";"2,0556";"2,3481"
"61,6800";"2,0559";"2,3488"
"61,6900";"2,0563";"2,3504"
"61,7000";"2,0565";"2,3508"
"61,7100";"2,0569";"2,3487"
"61,7200";"2,0572";"2,3469"
"61,7300";"2,0575";"2,3487"
"61,7400";"2,0578";"2,3517"
"61,7500";"2,0582";"2,3518"
"61,7600";"2,0585";"2,3499"
"61,7700";"2,0589";"2,3506"
"61,7800";"2,0592";"2,3530"
"61,7900";"2,0596";"2,3524"
"61,8000";"2,0600";"2,3504"
"61,8100";"2,0603";"2,3507"
"61,8200";"2,0607";"2,3535"
"61,8300";"2,0610";"2,3558"
"61,8400";"2,0614";"2,3546"
"61,8500";"2,0617";"2,3534"
"61,8600";"2,0621";"2,3523"
"61,8700";"2,0623";"2,3519"
"61,8800";"2,0627";"2,3518"
"61,8900";"2,0630";"2,3522"
"61,9000";"2,0634";"2,3535"
"61,9100";"2,0637";"2,3547"
"61,9200";"2,0641";"2,3569"
"61,9300";"2,0644";"2,3580"
"61,9400";"2,0648";"2,3573"
"61,9500";"2,0651";"2,3557"
"61,9600";"2,0655";"2,3543"
"61,9700";"2,0659";"2,3558"
"61,9800";"2,0662";"2,3576"
"61,9900";"2,0666";"2,3588"
"62,0000";"2,0668";"2,3591"
"62,0100";"2,0672";"2,3604"
"62,0200";"2,0674";"2,3621"
"62,0300";"2,0677";"2,3624"
"62,0400";"2,0680";"2,3602"
"62,0500";"2,0682";"2,3591"
"62,0600";"2,0686";"2,3609"
"62,0700";"2,0689";"2,3624"
"62,0800";"2,0692";"2,3630"
"62,0900";"2,0695";"2,3634"
"62,1000";"2,0699";"2,3639"
"62,1100";"2,0702";"2,3640"
"62,1200";"2,0706";"2,3640"
"62,1300";"2,0709";"2,3625"
"62,1400";"2,0714";"2,3629"
"62,1500";"2,0718";"2,3635"
"62,1600";"2,0721";"2,3645"
"62,1700";"2,0725";"2,3662"
"62,1800";"2,0728";"2,3678"
"62,1900";"2,0731";"2,3687"
"62,2000";"2,0734";"2,3674"
"62,2100";"2,0736";"2,3658"
"62,2200";"2,0740";"2,3656"
"62,2300";"2,0742";"2,3663"
"62,2400";"2,0746";"2,3675"
"62,2500";"2,0749";"2,3686"
"62,2600";"2,0752";"2,3700"
"62,2700";"2,0755";"2,3693"
"62,2800";"2,0759";"2,3690"
"62,2900";"2,0762";"2,3683"
"62,3000";"2,0766";"2,3679"
"62,3100";"2,0770";"2,3679"
"62,3200";"2,0773";"2,3672"
"62,3300";"2,0775";"2,3670"
"62,3400";"2,0779";"2,3668"
"62,3500";"2,0782";"2,3669"
"62,3600";"2,0786";"2,3668"
"62,3700";"2,0790";"2,3687"
"62,3800";"2,0792";"2,3723"
"62,3900";"2,0795";"2,3735"
"62,4000";"2,0798";"2,3719"
"62,4100";"2,0801";"2,3706"
"62,4200";"2,0805";"2,3719"
"62,4300";"2,0807";"2,3743"
"62,4400";"2,0811";"2,3734"
"62,4500";"2,0814";"2,3718"
"62,4600";"2,0818";"2,3732"
"62,4700";"2,0821";"2,3756"
"62,4800";"2,0825";"2,3740"
"62,4900";"2,0829";"2,3713"
"62,5000";"2,0832";"2,3707"
"62,5100";"2,0836";"2,3727"
"62,5200";"2,0839";"2,3743"
"62,5300";"2,0843";"2,3734"
"62,5400";"2,0845";"2,3728"
"62,5500";"2,0849";"2,3737"
"62,5600";"2,0851";"2,3753"
"62,5700";"2,0855";"2,3753"
"62,5800";"2,0858";"2,3749"
"62,5900";"2,0862";"2,3741"
"62,6000";"2,0865";"2,3750"
"62,6100";"2,0869";"2,3761"
"62,6200";"2,0873";"2,3768"
"62,6300";"2,0877";"2,3779"
"62,6400";"2,0882";"2,3767"
"62,6500";"2,0885";"2,3763"
"62,6600";"2,0889";"2,3781"
"62,6700";"2,0892";"2,3798"
"62,6800";"2,0895";"2,3779"
"62,6900";"2,0898";"2,3763"
"62,7000";"2,0901";"2,3787"
"62,7100";"2,0903";"2,3801"
"62,7200";"2,0906";"2,3801"
"62,7300";"2,0909";"2,3797"
"62,7400";"2,0912";"2,3810"
"62,7500";"2,0916";"2,3829"
"62,7600";"2,0918";"2,3824"
"62,7700";"2,0922";"2,3783"
"62,7800";"2,0925";"2,3753"
"62,7900";"2,0929";"2,3767"
"62,8000";"2,0932";"2,3803"
"62,8100";"2,0936";"2,3823"
"62,8200";"2,0940";"2,3824"
"62,8300";"2,0943";"2,3837"
"62,8400";"2,0947";"2,3861"
"62,8500";"2,0950";"2,3861"
"62,8600";"2,0954";"2,3835"
"62,8700";"2,0957";"2,3822"
"62,8800";"2,0960";"2,3820"
"62,8900";"2,0963";"2,3819"
"62,9000";"2,0967";"2,3832"
"62,9100";"2,0969";"2,3856"
"62,9200";"2,0973";"2,3879"
"62,9300";"2,0975";"2,3880"
"62,9400";"2,0978";"2,3869"
"62,9500";"2,0982";"2,3859"
"62,9600";"2,0986";"2,3847"
"62,9700";"2,0988";"2,3849"
"62,9800";"2,0991";"2,3878"
"62,9900";"2,0995";"2,3910"
"63,0000";"2,0999";"2,3925"
"63,0100";"2,1001";"2,3907"
"63,0200";"2,1004";"2,3887"
"63,0300";"2,1008";"2,3898"
"63,0400";"2,1012";"2,3910"
"63,0500";"2,1014";"2,3894"
"63,0600";"2,1017";"2,3866"
"63,0700";"2,1021";"2,3865"
"63,0800";"2,1023";"2,3895"
"63,0900";"2,1027";"2,3927"
"63,1000";"2,1030";"2,3935"
"63,1100";"2,1034";"2,3928"
"63,1200";"2,1037";"2,3921"
"63,1300";"2,1041";"2,3925"
"63,1400";"2,1045";"2,3927"
"63,1500";"2,1048";"2,3926"
"63,1600";"2,1052";"2,3936"
"63,1700";"2,1055";"2,3945"
"63,1800";"2,1059";"2,3955"
"63,1900";"2,1062";"2,3957"
"63,2000";"2,1066";"2,3955"
"63,2100";"2,1069";"2,3953"
"63,2200";"2,1072";"2,3943"
"63,2300";"2,1075";"2,3933"
"63,2400";"2,1078";"2,3936"
"63,2500";"2,1081";"2,3951"
"63,2600";"2,1085";"2,3972"
"63,2700";"2,1088";"2,3993"
"63,2800";"2,1092";"2,3997"
"63,2900";"2,1095";"2,3982"
"63,3000";"2,1100";"2,3962"
"63,3100";"2,1104";"2,3964"
"63,3200";"2,1107";"2,3988"
"63,3300";"2,1111";"2,4001"
"63,3400";"2,1114";"2,3995"
"63,3500";"2,1118";"2,4008"
"63,3600";"2,1120";"2,4041"
"63,3700";"2,1124";"2,4071"
"63,3800";"2,1127";"2,4053"
"63,3900";"2,1130";"2,4011"
"63,4000";"2,1133";"2,3979"
"63,4100";"2,1137";"2,3975"
"63,4200";"2,1139";"2,3983"
"63,4300";"2,1143";"2,4000"
"63,4400";"2,1146";"2,4048"
"63,4500";"2,1150";"2,4067"
"63,4600";"2,1154";"2,4054"
"63,4700";"2,1158";"2,4029"
"63,4800";"2,1161";"2,4022"
"63,4900";"2,1165";"2,4023"
"63,5000";"2,1169";"2,4018"
"63,5100";"2,1172";"2,4018"
"63,5200";"2,1174";"2,4040"
"63,5300";"2,1178";"2,4074"
"63,5400";"2,1182";"2,4105"
"63,5500";"2,1184";"2,4114"
"63,5600";"2,1187";"2,4092"
"63,5700";"2,1190";"2,4076"
"63,5800";"2,1193";"2,4077"
"63,5900";"2,1196";"2,4091"
"63,6000";"2,1199";"2,4100"
"63,6100";"2,1203";"2,4101"
"63,6200";"2,1206";"2,4090"
"63,6300";"2,1210";"2,4089"
"63,6400";"2,1212";"2,4104"
"63,6500";"2,1216";"2,4112"
"63,6600";"2,1219";"2,4102"
"63,6700";"2,1223";"2,4090"
"63,6800";"2,1226";"2,4077"
"63,6900";"2,1230";"2,4080"
"63,7000";"2,1233";"2,4094"
"63,7100";"2,1237";"2,4116"
"63,7200";"2,1241";"2,4134"
"63,7300";"2,1243";"2,4144"
"63,7400";"2,1246";"2,4133"
"63,7500";"2,1250";"2,4113"
"63,7600";"2,1254";"2,4115"
"63,7700";"2,1256";"2,4135"
"63,7800";"2,1259";"2,4139"
"63,7900";"2,1263";"2,4124"
"63,8000";"2,1267";"2,4121"
"63,8100";"2,1270";"2,4144"
"63,8200";"2,1274";"2,4157"
"63,8300";"2,1277";"2,4152"
"63,8400";"2,1281";"2,4144"
"63,8500";"2,1284";"2,4146"
"63,8600";"2,1288";"2,4142"
"63,8700";"2,1290";"2,4142"
"63,8800";"2,1294";"2,4135"
"63,8900";"2,1296";"2,4134"
"63,9000";"2,1300";"2,4149"
"63,9100";"2,1303";"2,4161"
"63,9200";"2,1305";"2,4177"
"63,9300";"2,1309";"2,4184"
"63,9400";"2,1313";"2,4177"
"63,9500";"2,1316";"2,4164"
"63,9600";"2,1321";"2,4168"
"63,9700";"2,1324";"2,4183"
"63,9800";"2,1328";"2,4185"
"63,9900";"2,1331";"2,4184"
"64,0000";"2,1335";"2,4198"
"64,0100";"2,1339";"2,4207"
"64,0200";"2,1342";"2,4196"
"64,0300";"2,1344";"2,4182"
"64,0400";"2,1347";"2,4201"
"64,0500";"2,1350";"2,4238"
"64,0600";"2,1354";"2,4252"
"64,0700";"2,1356";"2,4233"
"64,0800";"2,1360";"2,4241"
"64,0900";"2,1363";"2,4270"
"64,1000";"2,1367";"2,4280"
"64,1100";"2,1369";"2,4244"
"64,1200";"2,1373";"2,4188"
"64,1300";"2,1376";"2,4166"
"64,1400";"2,1380";"2,4189"
"64,1500";"2,1385";"2,4230"
"64,1600";"2,1388";"2,4265"
"64,1700";"2,1392";"2,4274"
"64,1800";"2,1395";"2,4270"
"64,1900";"2,1399";"2,4249"
"64,2000";"2,1401";"2,4231"
"64,2100";"2,1405";"2,4230"
"64,2200";"2,1407";"2,4235"
"64,2300";"2,1409";"2,4243"
"64,2400";"2,1413";"2,4251"
"64,2500";"2,1415";"2,4269"
"64,2600";"2,1419";"2,4286"
"64,2700";"2,1422";"2,4279"
"64,2800";"2,1425";"2,4263"
"64,2900";"2,1428";"2,4251"
"64,3000";"2,1432";"2,4241"
"64,3100";"2,1435";"2,4252"
"64,3200";"2,1439";"2,4278"
"64,3300";"2,1442";"2,4307"
"64,3400";"2,1446";"2,4327"
"64,3500";"2,1450";"2,4331"
"64,3600";"2,1453";"2,4304"
"64,3700";"2,1455";"2,4291"
"64,3800";"2,1459";"2,4305"
"64,3900";"2,1462";"2,4296"
"64,4000";"2,1466";"2,4277"
"64,4100";"2,1468";"2,4267"
"64,4200";"2,1472";"2,4282"
"64,4300";"2,1474";"2,4299"
"64,4400";"2,1478";"2,4319"
"64,4500";"2,1481";"2,4332"
"64,4600";"2,1485";"2,4326"
"64,4700";"2,1487";"2,4320"
"64,4800";"2,1491";"2,4320"
"64,4900";"2,1494";"2,4331"
"64,5000";"2,1499";"2,4336"
"64,5100";"2,1503";"2,4317"
"64,5200";"2,1506";"2,4300"
"64,5300";"2,1510";"2,4328"
"64,5400";"2,1513";"2,4376"
"64,5500";"2,1517";"2,4398"
"64,5600";"2,1519";"2,4385"
"64,5700";"2,1522";"2,4359"
"64,5800";"2,1525";"2,4351"
"64,5900";"2,1527";"2,4359"
"64,6000";"2,1531";"2,4367"
"64,6100";"2,1535";"2,4369"
"64,6200";"2,1538";"2,4386"
"64,6300";"2,1542";"2,4394"
"64,6400";"2,1545";"2,4384"
"64,6500";"2,1550";"2,4376"
"64,6600";"2,1553";"2,4381"
"64,6700";"2,1558";"2,4389"
"64,6800";"2,1562";"2,4382"
"64,6900";"2,1564";"2,4368"
"64,7000";"2,1568";"2,4367"
"64,7100";"2,1571";"2,4387"
"64,7200";"2,1573";"2,4408"
"64,7300";"2,1577";"2,4407"
"64,7400";"2,1579";"2,4403"
"64,7500";"2,1583";"2,4408"
"64,7600";"2,1586";"2,4428"
"64,7700";"2,1590";"2,4437"
"64,7800";"2,1592";"2,4435"
"64,7900";"2,1596";"2,4430"
"64,8000";"2,1599";"2,4425"
"64,8100";"2,1603";"2,4428"
"64,8200";"2,1607";"2,4455"
"64,8300";"2,1610";"2,4483"
"64,8400";"2,1614";"2,4470"
"64,8500";"2,1617";"2,4426"
"64,8600";"2,1621";"2,4407"
"64,8700";"2,1624";"2,4435"
"64,8800";"2,1627";"2,4479"
"64,8900";"2,1630";"2,4494"
"64,9000";"2,1634";"2,4489"
"64,9100";"2,1636";"2,4490"
"64,9200";"2,1640";"2,4492"
"64,9300";"2,1643";"2,4487"
"64,9400";"2,1645";"2,4476"
"64,9500";"2,1649";"2,4466"
"64,9600";"2,1651";"2,4465"
"64,9700";"2,1655";"2,4475"
"64,9800";"2,1658";"2,4498"
"64,9900";"2,1662";"2,4518"
"65,0000";"2,1664";"2,4509"
"65,0100";"2,1668";"2,4488"
"65,0200";"2,1671";"2,4481"
"65,0300";"2,1675";"2,4495"
"65,0400";"2,1680";"2,4501"
"65,0500";"2,1682";"2,4484"
"65,0600";"2,1686";"2,4482"
"65,0700";"2,1689";"2,4499"
"65,0800";"2,1692";"2,4515"
"65,0900";"2,1694";"2,4515"
"65,1000";"2,1697";"2,4504"
"65,1100";"2,1701";"2,4494"
"65,1200";"2,1703";"2,4493"
"65,1300";"2,1707";"2,4486"
"65,1400";"2,1710";"2,4502"
"65,1500";"2,1714";"2,4545"
"65,1600";"2,1717";"2,4580"
"65,1700";"2,1721";"2,4586"
"65,1800";"2,1725";"2,4557"
"65,1900";"2,1729";"2,4522"
"65,2000";"2,1733";"2,4510"
"65,2100";"2,1736";"2,4511"
"65,2200";"2,1740";"2,4535"
"65,2300";"2,1743";"2,4573"
"65,2400";"2,1746";"2,4592"
"65,2500";"2,1749";"2,4593"
"65,2600";"2,1752";"2,4587"
"65,2700";"2,1755";"2,4596"
"65,2800";"2,1759";"2,4595"
"65,2900";"2,1762";"2,4568"
"65,3000";"2,1766";"2,4532"
"65,3100";"2,1769";"2,4541"
"65,3200";"2,1773";"2,4585"
"65,3300";"2,1777";"2,4623"
"65,3400";"2,1781";"2,4629"
"65,3500";"2,1785";"2,4623"
"65,3600";"2,1788";"2,4611"
"65,3700";"2,1791";"2,4611"
"65,3800";"2,1794";"2,4602"
"65,3900";"2,1797";"2,4589"
"65,4000";"2,1800";"2,4580"
"65,4100";"2,1804";"2,4585"
"65,4200";"2,1807";"2,4611"
"65,4300";"2,1811";"2,4633"
"65,4400";"2,1814";"2,4627"
"65,4500";"2,1817";"2,4603"
"65,4600";"2,1820";"2,4578"
"65,4700";"2,1824";"2,4569"
"65,4800";"2,1827";"2,4579"
"65,4900";"2,1831";"2,4602"
"65,5000";"2,1836";"2,4625"
"65,5100";"2,1839";"2,4659"
"65,5200";"2,1843";"2,4681"
"65,5300";"2,1845";"2,4657"
"65,5400";"2,1849";"2,4623"
"65,5500";"2,1852";"2,4629"
"65,5600";"2,1854";"2,4665"
"65,5700";"2,1857";"2,4683"
"65,5800";"2,1860";"2,4659"
"65,5900";"2,1863";"2,4634"
"65,6000";"2,1866";"2,4650"
"65,6100";"2,1869";"2,4673"
"65,6200";"2,1872";"2,4662"
"65,6300";"2,1876";"2,4637"
"65,6400";"2,1879";"2,4635"
"65,6500";"2,1882";"2,4644"
"65,6600";"2,1885";"2,4659"
"65,6700";"2,1889";"2,4677"
"65,6800";"2,1892";"2,4694"
"65,6900";"2,1896";"2,4696"
"65,7000";"2,1899";"2,4688"
"65,7100";"2,1903";"2,4692"
"65,7200";"2,1906";"2,4718"
"65,7300";"2,1910";"2,4726"
"65,7400";"2,1913";"2,4709"
"65,7500";"2,1916";"2,4710"
"65,7600";"2,1919";"2,4734"
"65,7700";"2,1922";"2,4732"
"65,7800";"2,1925";"2,4694"
"65,7900";"2,1929";"2,4663"
"65,8000";"2,1932";"2,4671"
"65,8100";"2,1935";"2,4704"
"65,8200";"2,1938";"2,4729"
"65,8300";"2,1942";"2,4740"
"65,8400";"2,1945";"2,4753"
"65,8500";"2,1949";"2,4762"
"65,8600";"2,1952";"2,4751"
"65,8700";"2,1956";"2,4738"
"65,8800";"2,1960";"2,4740"
"65,8900";"2,1963";"2,4759"
"65,9000";"2,1967";"2,4765"
"65,9100";"2,1970";"2,4759"
"65,9200";"2,1974";"2,4747"
"65,9300";"2,1976";"2,4762"
"65,9400";"2,1980";"2,4786"
"65,9500";"2,1982";"2,4798"
"65,9600";"2,1985";"2,4801"
"65,9700";"2,1989";"2,4785"
"65,9800";"2,1993";"2,4751"
"65,9900";"2,1996";"2,4737"
"66,0000";"2,2000";"2,4756"
"66,0100";"2,2003";"2,4779"
"66,0200";"2,2007";"2,4787"
"66,0300";"2,2010";"2,4788"
"66,0400";"2,2014";"2,4809"
"66,0500";"2,2016";"2,4840"
"66,0600";"2,2020";"2,4847"
"66,0700";"2,2022";"2,4821"
"66,0800";"2,2026";"2,4797"
"66,0900";"2,2029";"2,4783"
"66,1000";"2,2033";"2,4782"
"66,1100";"2,2035";"2,4785"
"66,1200";"2,2039";"2,4792"
"66,1300";"2,2042";"2,4800"
"66,1400";"2,2046";"2,4802"
"66,1500";"2,2049";"2,4820"
"66,1600";"2,2053";"2,4836"
"66,1700";"2,2056";"2,4849"
"66,1800";"2,2060";"2,4860"
"66,1900";"2,2063";"2,4864"
"66,2000";"2,2067";"2,4861"
"66,2100";"2,2070";"2,4869"
"66,2200";"2,2074";"2,4876"
"66,2300";"2,2078";"2,4876"
"66,2400";"2,2080";"2,4888"
"66,2500";"2,2083";"2,4898"
"66,2600";"2,2086";"2,4886"
"66,2700";"2,2089";"2,4873"
"66,2800";"2,2092";"2,4883"
"66,2900";"2,2095";"2,4890"
"66,3000";"2,2099";"2,4881"
"66,3100";"2,2102";"2,4869"
"66,3200";"2,2106";"2,4881"
"66,3300";"2,2108";"2,4909"
"66,3400";"2,2112";"2,4915"
"66,3500";"2,2115";"2,4894"
"66,3600";"2,2119";"2,4891"
"66,3700";"2,2124";"2,4901"
"66,3800";"2,2126";"2,4911"
"66,3900";"2,2130";"2,4901"
"66,4000";"2,2133";"2,4891"
"66,4100";"2,2138";"2,4897"
"66,4200";"2,2140";"2,4909"
"66,4300";"2,2144";"2,4911"
"66,4400";"2,2146";"2,4911"
"66,4500";"2,2150";"2,4914"
"66,4600";"2,2153";"2,4924"
"66,4700";"2,2155";"2,4923"
"66,4800";"2,2159";"2,4919"
"66,4900";"2,2163";"2,4911"
"66,5000";"2,2166";"2,4922"
"66,5100";"2,2170";"2,4929"
"66,5200";"2,2173";"2,4933"
"66,5300";"2,2177";"2,4943"
"66,5400";"2,2180";"2,4956"
"66,5500";"2,2184";"2,4958"
"66,5600";"2,2187";"2,4958"
"66,5700";"2,2190";"2,4959"
"66,5800";"2,2193";"2,4948"
"66,5900";"2,2196";"2,4947"
"66,6000";"2,2199";"2,4947"
"66,6100";"2,2202";"2,4964"
"66,6200";"2,2205";"2,4979"
"66,6300";"2,2209";"2,4975"
"66,6400";"2,2212";"2,4959"
"66,6500";"2,2216";"2,4959"
"66,6600";"2,2219";"2,4976"
"66,6700";"2,2223";"2,4983"
"66,6800";"2,2226";"2,4993"
"66,6900";"2,2230";"2,5008"
"66,7000";"2,2233";"2,5021"
"66,7100";"2,2237";"2,5024"
"66,7200";"2,2240";"2,5017"
"66,7300";"2,2243";"2,5013"
"66,7400";"2,2246";"2,5013"
"66,7500";"2,2249";"2,5010"
"66,7600";"2,2252";"2,5020"
"66,7700";"2,2256";"2,5034"
"66,7800";"2,2258";"2,5047"
"66,7900";"2,2262";"2,5047"
"66,8000";"2,2265";"2,5039"
"66,8100";"2,2270";"2,5022"
"66,8200";"2,2274";"2,5008"
"66,8300";"2,2277";"2,5001"
"66,8400";"2,2281";"2,4998"
"66,8500";"2,2283";"2,5013"
"66,8600";"2,2287";"2,5041"
"66,8700";"2,2290";"2,5047"
"66,8800";"2,2294";"2,5038"
"66,8900";"2,2297";"2,5045"
"66,9000";"2,2301";"2,5063"
"66,9100";"2,2303";"2,5065"
"66,9200";"2,2305";"2,5048"
"66,9300";"2,2309";"2,5052"
"66,9400";"2,2311";"2,5078"
"66,9500";"2,2315";"2,5100"
"66,9600";"2,2317";"2,5089"
"66,9700";"2,2321";"2,5067"
"66,9800";"2,2324";"2,5055"
"66,9900";"2,2328";"2,5055"
"67,0000";"2,2331";"2,5055"
"67,0100";"2,2335";"2,5057"
"67,0200";"2,2338";"2,5074"
"67,0300";"2,2342";"2,5098"
"67,0400";"2,2346";"2,5113"
"67,0500";"2,2349";"2,5107"
"67,0600";"2,2353";"2,5108"
"67,0700";"2,2356";"2,5098"
"67,0800";"2,2360";"2,5082"
"67,0900";"2,2362";"2,5080"
"67,1000";"2,2364";"2,5094"
"67,1100";"2,2368";"2,5106"
"67,1200";"2,2372";"2,5107"
"67,1300";"2,2374";"2,5100"
"67,1400";"2,2377";"2,5095"
"67,1500";"2,2381";"2,5104"
"67,1600";"2,2385";"2,5108"
"67,1700";"2,2388";"2,5104"
"67,1800";"2,2392";"2,5121"
"67,1900";"2,2396";"2,5148"
"67,2000";"2,2400";"2,5153"
"67,2100";"2,2403";"2,5158"
"67,2200";"2,2407";"2,5159"
"67,2300";"2,2410";"2,5160"
"67,2400";"2,2414";"2,5157"
"67,2500";"2,2416";"2,5159"
"67,2600";"2,2420";"2,5166"
"67,2700";"2,2422";"2,5163"
"67,2800";"2,2426";"2,5146"
"67,2900";"2,2428";"2,5133"
"67,3000";"2,2433";"2,5149"
"67,3100";"2,2435";"2,5179"
"67,3200";"2,2440";"2,5191"
"67,3300";"2,2444";"2,5185"
"67,3400";"2,2447";"2,5171"
"67,3500";"2,2451";"2,5174"
"67,3600";"2,2454";"2,5188"
"67,3700";"2,2458";"2,5205"
"67,3800";"2,2461";"2,5216"
"67,3900";"2,2465";"2,5229"
"67,4000";"2,2467";"2,5235"
"67,4100";"2,2471";"2,5222"
"67,4200";"2,2473";"2,5195"
"67,4300";"2,2477";"2,5183"
"67,4400";"2,2480";"2,5184"
"67,4500";"2,2484";"2,5186"
"67,4600";"2,2487";"2,5185"
"67,4700";"2,2491";"2,5200"
"67,4800";"2,2494";"2,5217"
"67,4900";"2,2498";"2,5240"
"67,5000";"2,2501";"2,5233"
"67,5100";"2,2505";"2,5207"
"67,5200";"2,2508";"2,5194"
"67,5300";"2,2512";"2,5205"
"67,5400";"2,2516";"2,5232"
"67,5500";"2,2518";"2,5251"
"67,5600";"2,2521";"2,5255"
"67,5700";"2,2525";"2,5245"
"67,5800";"2,2527";"2,5262"
"67,5900";"2,2531";"2,5284"
"67,6000";"2,2533";"2,5276"
"67,6100";"2,2537";"2,5247"
"67,6200";"2,2539";"2,5239"
"67,6300";"2,2543";"2,5256"
"67,6400";"2,2545";"2,5278"
"67,6500";"2,2549";"2,5288"
"67,6600";"2,2552";"2,5283"
"67,6700";"2,2556";"2,5290"
"67,6800";"2,2559";"2,5291"
"67,6900";"2,2563";"2,5275"
"67,7000";"2,2566";"2,5265"
"67,7100";"2,2570";"2,5277"
"67,7200";"2,2573";"2,5309"
"67,7300";"2,2577";"2,5330"
"67,7400";"2,2580";"2,5313"
"67,7500";"2,2584";"2,5287"
"67,7600";"2,2586";"2,5287"
"67,7700";"2,2589";"2,5307"
"67,7800";"2,2592";"2,5318"
"67,7900";"2,2595";"2,5326"
"67,8000";"2,2598";"2,5325"
"67,8100";"2,2602";"2,5329"
"67,8200";"2,2604";"2,5341"
"67,8300";"2,2608";"2,5349"
"67,8400";"2,2611";"2,5343"
"67,8500";"2,2615";"2,5320"
"67,8600";"2,2618";"2,5314"
"67,8700";"2,2622";"2,5337"
"67,8800";"2,2625";"2,5365"
"67,8900";"2,2629";"2,5377"
"67,9000";"2,2632";"2,5380"
"67,9100";"2,2637";"2,5385"
"67,9200";"2,2640";"2,5390"
"67,9300";"2,2643";"2,5385"
"67,9400";"2,2645";"2,5378"
"67,9500";"2,2649";"2,5376"
"67,9600";"2,2651";"2,5375"
"67,9700";"2,2655";"2,5367"
"67,9800";"2,2658";"2,5355"
"67,9900";"2,2662";"2,5352"
"68,0000";"2,2665";"2,5366"
"68,0100";"2,2669";"2,5382"
"68,0200";"2,2673";"2,5373"
"68,0300";"2,2676";"2,5367"
"68,0400";"2,2680";"2,5395"
"68,0500";"2,2684";"2,5423"
"68,0600";"2,2688";"2,5421"
"68,0700";"2,2690";"2,5408"
"68,0800";"2,2694";"2,5400"
"68,0900";"2,2696";"2,5399"
"68,1000";"2,2700";"2,5406"
"68,1100";"2,2703";"2,5418"
"68,1200";"2,2707";"2,5430"
"68,1300";"2,2709";"2,5445"
"68,1400";"2,2713";"2,5447"
"68,1500";"2,2716";"2,5430"
"68,1600";"2,2720";"2,5426"
"68,1700";"2,2725";"2,5427"
"68,1800";"2,2728";"2,5430"
"68,1900";"2,2732";"2,5436"
"68,2000";"2,2735";"2,5446"
"68,2100";"2,2739";"2,5459"
"68,2200";"2,2742";"2,5472"
"68,2300";"2,2745";"2,5477"
"68,2400";"2,2748";"2,5484"
"68,2500";"2,2752";"2,5481"
"68,2600";"2,2754";"2,5457"
"68,2700";"2,2756";"2,5455"
"68,2800";"2,2759";"2,5480"
"68,2900";"2,2762";"2,5505"
"68,3000";"2,2765";"2,5508"
"68,3100";"2,2768";"2,5500"
"68,3200";"2,2772";"2,5497"
"68,3300";"2,2774";"2,5508"
"68,3400";"2,2778";"2,5506"
"68,3500";"2,2781";"2,5489"
"68,3600";"2,2785";"2,5483"
"68,3700";"2,2788";"2,5495"
"68,3800";"2,2792";"2,5505"
"68,3900";"2,2795";"2,5502"
"68,4000";"2,2799";"2,5484"
"68,4100";"2,2802";"2,5473"
"68,4200";"2,2806";"2,5460"
"68,4300";"2,2808";"2,5448"
"68,4400";"2,2812";"2,5470"
"68,4500";"2,2814";"2,5501"
"68,4600";"2,2818";"2,5524"
"68,4700";"2,2820";"2,5520"
"68,4800";"2,2824";"2,5507"
"68,4900";"2,2827";"2,5511"
"68,5000";"2,2831";"2,5517"
"68,5100";"2,2833";"2,5515"
"68,5200";"2,2837";"2,5519"
"68,5300";"2,2841";"2,5517"
"68,5400";"2,2845";"2,5513"
"68,5500";"2,2848";"2,5521"
"68,5600";"2,2852";"2,5537"
"68,5700";"2,2856";"2,5542"
"68,5800";"2,2860";"2,5541"
"68,5900";"2,2863";"2,5535"
"68,6000";"2,2866";"2,5548"
"68,6100";"2,2869";"2,5583"
"68,6200";"2,2872";"2,5594"
"68,6300";"2,2874";"2,5575"
"68,6400";"2,2878";"2,5547"
"68,6500";"2,2882";"2,5532"
"68,6600";"2,2884";"2,5553"
"68,6700";"2,2887";"2,5560"
"68,6800";"2,2891";"2,5568"
"68,6900";"2,2896";"2,5588"
"68,7000";"2,2899";"2,5616"
"68,7100";"2,2903";"2,5618"
"68,7200";"2,2906";"2,5606"
"68,7300";"2,2910";"2,5595"
"68,7400";"2,2913";"2,5591"
"68,7500";"2,2916";"2,5583"
"68,7600";"2,2918";"2,5580"
"68,7700";"2,2922";"2,5590"
"68,7800";"2,2924";"2,5593"
"68,7900";"2,2928";"2,5585"
"68,8000";"2,2931";"2,5576"
"68,8100";"2,2933";"2,5582"
"68,8200";"2,2937";"2,5591"
"68,8300";"2,2941";"2,5589"
"68,8400";"2,2944";"2,5578"
"68,8500";"2,2948";"2,5586"
"68,8600";"2,2951";"2,5605"
"68,8700";"2,2955";"2,5616"
"68,8800";"2,2959";"2,5632"
"68,8900";"2,2963";"2,5643"
"68,9000";"2,2967";"2,5642"
"68,9100";"2,2970";"2,5643"
"68,9200";"2,2974";"2,5639"
"68,9300";"2,2976";"2,5643"
"68,9400";"2,2980";"2,5661"
"68,9500";"2,2983";"2,5676"
"68,9600";"2,2985";"2,5676"
"68,9700";"2,2988";"2,5682"
"68,9800";"2,2991";"2,5693"
"68,9900";"2,2995";"2,5685"
"69,0000";"2,2998";"2,5674"
"69,0100";"2,3002";"2,5662"
"69,0200";"2,3004";"2,5665"
"69,0300";"2,3009";"2,5667"
"69,0400";"2,3013";"2,5674"
"69,0500";"2,3016";"2,5695"
"69,0600";"2,3020";"2,5714"
"69,0700";"2,3023";"2,5735"
"69,0800";"2,3027";"2,5742"
"69,0900";"2,3030";"2,5734"
"69,1000";"2,3033";"2,5722"
"69,1100";"2,3036";"2,5700"
"69,1200";"2,3039";"2,5680"
"69,1300";"2,3042";"2,5684"
"69,1400";"2,3044";"2,5699"
"69,1500";"2,3048";"2,5710"
"69,1600";"2,3052";"2,5717"
"69,1700";"2,3055";"2,5736"
"69,1800";"2,3059";"2,5754"
"69,1900";"2,3062";"2,5737"
"69,2000";"2,3066";"2,5717"
"69,2100";"2,3069";"2,5726"
"69,2200";"2,3073";"2,5761"
"69,2300";"2,3076";"2,5779"
"69,2400";"2,3081";"2,5772"
"69,2500";"2,3085";"2,5764"
"69,2600";"2,3087";"2,5778"
"69,2700";"2,3090";"2,5789"
"69,2800";"2,3094";"2,5771"
"69,2900";"2,3096";"2,5745"
"69,3000";"2,3099";"2,5747"
"69,3100";"2,3102";"2,5762"
"69,3200";"2,3106";"2,5769"
"69,3300";"2,3109";"2,5760"
"69,3400";"2,3113";"2,5756"
"69,3500";"2,3116";"2,5762"
"69,3600";"2,3120";"2,5773"
"69,3700";"2,3124";"2,5785"
"69,3800";"2,3127";"2,5796"
"69,3900";"2,3132";"2,5794"
"69,4000";"2,3135";"2,5790"
"69,4100";"2,3139";"2,5796"
"69,4200";"2,3142";"2,5809"
"69,4300";"2,3145";"2,5800"
"69,4400";"2,3148";"2,5788"
"69,4500";"2,3151";"2,5797"
"69,4600";"2,3154";"2,5806"
"69,4700";"2,3158";"2,5807"
"69,4800";"2,3160";"2,5806"
"69,4900";"2,3164";"2,5817"
"69,5000";"2,3167";"2,5838"
"69,5100";"2,3172";"2,5853"
"69,5200";"2,3175";"2,5848"
"69,5300";"2,3179";"2,5833"
"69,5400";"2,3183";"2,5831"
"69,5500";"2,3186";"2,5849"
"69,5600";"2,3190";"2,5848"
"69,5700";"2,3192";"2,5832"
"69,5800";"2,3196";"2,5824"
"69,5900";"2,3199";"2,5834"
"69,6000";"2,3201";"2,5846"
"69,6100";"2,3205";"2,5855"
"69,6200";"2,3207";"2,5852"
"69,6300";"2,3210";"2,5846"
"69,6400";"2,3212";"2,5838"
"69,6500";"2,3216";"2,5833"
"69,6600";"2,3219";"2,5838"
"69,6700";"2,3222";"2,5854"
"69,6800";"2,3225";"2,5851"
"69,6900";"2,3229";"2,5848"
"69,7000";"2,3232";"2,5878"
"69,7100";"2,3236";"2,5907"
"69,7200";"2,3238";"2,5914"
"69,7300";"2,3242";"2,5906"
"69,7400";"2,3245";"2,5897"
"69,7500";"2,3249";"2,5882"
"69,7600";"2,3252";"2,5871"
"69,7700";"2,3256";"2,5864"
"69,7800";"2,3259";"2,5882"
"69,7900";"2,3262";"2,5901"
"69,8000";"2,3264";"2,5909"
"69,8100";"2,3266";"2,5911"
"69,8200";"2,3270";"2,5918"
"69,8300";"2,3273";"2,5925"
"69,8400";"2,3277";"2,5911"
"69,8500";"2,3279";"2,5887"
"69,8600";"2,3284";"2,5885"
"69,8700";"2,3288";"2,5909"
"69,8800";"2,3291";"2,5918"
"69,8900";"2,3295";"2,5915"
"69,9000";"2,3299";"2,5916"
"69,9100";"2,3303";"2,5932"
"69,9200";"2,3307";"2,5966"
"69,9300";"2,3310";"2,5977"
"69,9400";"2,3314";"2,5975"
"69,9500";"2,3317";"2,5971"
"69,9600";"2,3321";"2,5955"
"69,9700";"2,3323";"2,5946"
"69,9800";"2,3327";"2,5961"
"69,9900";"2,3329";"2,5990"
"70,0000";"2,3332";"2,5999"
"70,0100";"2,3336";"2,5985"
"70,0200";"2,3340";"2,5967"
"70,0300";"2,3343";"2,5967"
"70,0400";"2,3347";"2,5983"
"70,0500";"2,3350";"2,5982"
"70,0600";"2,3354";"2,5965"
"70,0700";"2,3357";"2,5950"
"70,0800";"2,3361";"2,5944"
"70,0900";"2,3364";"2,5951"
"70,1000";"2,3368";"2,5977"
"70,1100";"2,3370";"2,5989"
"70,1200";"2,3373";"2,5991"
"70,1300";"2,3376";"2,5984"
"70,1400";"2,3380";"2,5986"
"70,1500";"2,3383";"2,5991"
"70,1600";"2,3386";"2,5992"
"70,1700";"2,3389";"2,5994"
"70,1800";"2,3393";"2,5999"
"70,1900";"2,3396";"2,6022"
"70,2000";"2,3400";"2,6034"
"70,2100";"2,3403";"2,6036"
"70,2200";"2,3407";"2,6034"
"70,2300";"2,3410";"2,6034"
"70,2400";"2,3414";"2,6034"
"70,2500";"2,3417";"2,6013"
"70,2600";"2,3421";"2,5988"
"70,2700";"2,3425";"2,5987"
"70,2800";"2,3428";"2,6025"
"70,2900";"2,3430";"2,6045"
"70,3000";"2,3434";"2,6031"
"70,3100";"2,3438";"2,6014"
"70,3200";"2,3440";"2,6029"
"70,3300";"2,3443";"2,6055"
"70,3400";"2,3447";"2,6062"
"70,3500";"2,3451";"2,6046"
"70,3600";"2,3454";"2,6043"
"70,3700";"2,3458";"2,6058"
"70,3800";"2,3460";"2,6079"
"70,3900";"2,3464";"2,6092"
"70,4000";"2,3467";"2,6090"
"70,4100";"2,3471";"2,6095"
"70,4200";"2,3474";"2,6090"
"70,4300";"2,3477";"2,6081"
"70,4400";"2,3480";"2,6078"
"70,4500";"2,3484";"2,6077"
"70,4600";"2,3486";"2,6093"
"70,4700";"2,3490";"2,6124"
"70,4800";"2,3492";"2,6144"
"70,4900";"2,3495";"2,6136"
"70,5000";"2,3498";"2,6120"
"70,5100";"2,3501";"2,6111"
"70,5200";"2,3505";"2,6121"
"70,5300";"2,3507";"2,6115"
"70,5400";"2,3511";"2,6096"
"70,5500";"2,3514";"2,6092"
"70,5600";"2,3519";"2,6123"
"70,5700";"2,3523";"2,6141"
"70,5800";"2,3526";"2,6131"
"70,5900";"2,3530";"2,6104"
"70,6000";"2,3533";"2,6097"
"70,6100";"2,3537";"2,6104"
"70,6200";"2,3540";"2,6107"
"70,6300";"2,3543";"2,6106"
"70,6400";"2,3546";"2,6109"
"70,6500";"2,3549";"2,6128"
"70,6600";"2,3552";"2,6165"
"70,6700";"2,3554";"2,6194"
"70,6800";"2,3558";"2,6205"
"70,6900";"2,3562";"2,6184"
"70,7000";"2,3565";"2,6161"
"70,7100";"2,3569";"2,6154"
"70,7200";"2,3572";"2,6171"
"70,7300";"2,3576";"2,6181"
"70,7400";"2,3579";"2,6171"
"70,7500";"2,3583";"2,6153"
"70,7600";"2,3586";"2,6167"
"70,7700";"2,3590";"2,6179"
"70,7800";"2,3593";"2,6171"
"70,7900";"2,3596";"2,6155"
"70,8000";"2,3599";"2,6155"
"70,8100";"2,3602";"2,6190"
"70,8200";"2,3605";"2,6216"
"70,8300";"2,3609";"2,6226"
"70,8400";"2,3611";"2,6216"
"70,8500";"2,3615";"2,6201"
"70,8600";"2,3618";"2,6210"
"70,8700";"2,3622";"2,6231"
"70,8800";"2,3626";"2,6244"
"70,8900";"2,3630";"2,6233"
"70,9000";"2,3634";"2,6203"
"70,9100";"2,3638";"2,6193"
"70,9200";"2,3642";"2,6218"
"70,9300";"2,3645";"2,6241"
"70,9400";"2,3648";"2,6243"
"70,9500";"2,3651";"2,6231"
"70,9600";"2,3655";"2,6229"
"70,9700";"2,3657";"2,6246"
"70,9800";"2,3660";"2,6251"
"70,9900";"2,3663";"2,6247"
"71,0000";"2,3665";"2,6246"
"71,0100";"2,3669";"2,6246"
"71,0200";"2,3672";"2,6249"
"71,0300";"2,3675";"2,6254"
"71,0400";"2,3678";"2,6252"
"71,0500";"2,3682";"2,6255"
"71,0600";"2,3685";"2,6259"
"71,0700";"2,3689";"2,6253"
"71,0800";"2,3693";"2,6241"
"71,0900";"2,3696";"2,6247"
"71,1000";"2,3700";"2,6254"
"71,1100";"2,3703";"2,6264"
"71,1200";"2,3707";"2,6273"
"71,1300";"2,3710";"2,6272"
"71,1400";"2,3713";"2,6268"
"71,1500";"2,3716";"2,6276"
"71,1600";"2,3719";"2,6304"
"71,1700";"2,3722";"2,6325"
"71,1800";"2,3726";"2,6313"
"71,1900";"2,3728";"2,6288"
"71,2000";"2,3732";"2,6279"
"71,2100";"2,3735";"2,6299"
"71,2200";"2,3739";"2,6328"
"71,2300";"2,3742";"2,6345"
"71,2400";"2,3746";"2,6346"
"71,2500";"2,3749";"2,6361"
"71,2600";"2,3753";"2,6367"
"71,2700";"2,3756";"2,6347"
"71,2800";"2,3760";"2,6331"
"71,2900";"2,3763";"2,6335"
"71,3000";"2,3767";"2,6363"
"71,3100";"2,3770";"2,6370"
"71,3200";"2,3773";"2,6355"
"71,3300";"2,3776";"2,6342"
"71,3400";"2,3779";"2,6332"
"71,3500";"2,3782";"2,6322"
"71,3600";"2,3786";"2,6313"
"71,3700";"2,3789";"2,6319"
"71,3800";"2,3793";"2,6343"
"71,3900";"2,3796";"2,6370"
"71,4000";"2,3801";"2,6383"
"71,4100";"2,3805";"2,6393"
"71,4200";"2,3808";"2,6394"
"71,4300";"2,3812";"2,6376"
"71,4400";"2,3815";"2,6350"
"71,4500";"2,3819";"2,6342"
"71,4600";"2,3821";"2,6353"
"71,4700";"2,3824";"2,6378"
"71,4800";"2,3827";"2,6397"
"71,4900";"2,3830";"2,6414"
"71,5000";"2,3833";"2,6427"
"71,5100";"2,3837";"2,6417"
"71,5200";"2,3840";"2,6393"
"71,5300";"2,3844";"2,6382"
"71,5400";"2,3847";"2,6376"
"71,5500";"2,3851";"2,6365"
"71,5600";"2,3854";"2,6366"
"71,5700";"2,3858";"2,6388"
"71,5800";"2,3861";"2,6416"
"71,5900";"2,3865";"2,6436"
"71,6000";"2,3868";"2,6441"
"71,6100";"2,3871";"2,6437"
"71,6200";"2,3874";"2,6430"
"71,6300";"2,3878";"2,6421"
"71,6400";"2,3880";"2,6433"
"71,6500";"2,3884";"2,6450"
"71,6600";"2,3887";"2,6460"
"71,6700";"2,3890";"2,6460"
"71,6800";"2,3892";"2,6459"
"71,6900";"2,3896";"2,6472"
"71,7000";"2,3899";"2,6470"
"71,7100";"2,3902";"2,6455"
"71,7200";"2,3905";"2,6438"
"71,7300";"2,3909";"2,6437"
"71,7400";"2,3912";"2,6463"
"71,7500";"2,3916";"2,6479"
"71,7600";"2,3918";"2,6476"
"71,7700";"2,3922";"2,6469"
"71,7800";"2,3925";"2,6472"
"71,7900";"2,3929";"2,6467"
"71,8000";"2,3932";"2,6446"
"71,8100";"2,3936";"2,6426"
"71,8200";"2,3938";"2,6431"
"71,8300";"2,3942";"2,6462"
"71,8400";"2,3944";"2,6492"
"71,8500";"2,3948";"2,6488"
"71,8600";"2,3950";"2,6485"
"71,8700";"2,3953";"2,6493"
"71,8800";"2,3957";"2,6495"
"71,8900";"2,3961";"2,6485"
"71,9000";"2,3964";"2,6473"
"71,9100";"2,3969";"2,6470"
"71,9200";"2,3972";"2,6473"
"71,9300";"2,3976";"2,6492"
"71,9400";"2,3979";"2,6516"
"71,9500";"2,3983";"2,6523"
"71,9600";"2,3988";"2,6529"
"71,9700";"2,3990";"2,6543"
"71,9800";"2,3995";"2,6558"
"71,9900";"2,3997";"2,6552"
"72,0000";"2,4001";"2,6529"
"72,0100";"2,4003";"2,6518"
"72,0200";"2,4007";"2,6528"
"72,0300";"2,4010";"2,6556"
"72,0400";"2,4012";"2,6565"
"72,0500";"2,4016";"2,6555"
"72,0600";"2,4020";"2,6535"
"72,0700";"2,4023";"2,6522"
"72,0800";"2,4028";"2,6525"
"72,0900";"2,4031";"2,6530"
"72,1000";"2,4035";"2,6540"
"72,1100";"2,4038";"2,6558"
"72,1200";"2,4042";"2,6576"
"72,1300";"2,4046";"2,6584"
"72,1400";"2,4048";"2,6592"
"72,1500";"2,4051";"2,6603"
"72,1600";"2,4055";"2,6593"
"72,1700";"2,4057";"2,6572"
"72,1800";"2,4061";"2,6567"
"72,1900";"2,4063";"2,6576"
"72,2000";"2,4067";"2,6587"
"72,2100";"2,4070";"2,6597"
"72,2200";"2,4074";"2,6627"
"72,2300";"2,4077";"2,6653"
"72,2400";"2,4081";"2,6642"
"72,2500";"2,4085";"2,6614"
"72,2600";"2,4088";"2,6597"
"72,2700";"2,4092";"2,6601"
"72,2800";"2,4095";"2,6614"
"72,2900";"2,4097";"2,6605"
"72,3000";"2,4101";"2,6598"
"72,3100";"2,4105";"2,6626"
"72,3200";"2,4107";"2,6647"
"72,3300";"2,4110";"2,6650"
"72,3400";"2,4113";"2,6642"
"72,3500";"2,4115";"2,6641"
"72,3600";"2,4119";"2,6647"
"72,3700";"2,4121";"2,6648"
"72,3800";"2,4125";"2,6635"
"72,3900";"2,4128";"2,6625"
"72,4000";"2,4132";"2,6623"
"72,4100";"2,4134";"2,6632"
"72,4200";"2,4138";"2,6650"
"72,4300";"2,4141";"2,6654"
"72,4400";"2,4145";"2,6646"
"72,4500";"2,4148";"2,6632"
"72,4600";"2,4152";"2,6626"
"72,4700";"2,4155";"2,6634"
"72,4800";"2,4159";"2,6651"
"72,4900";"2,4161";"2,6655"
"72,5000";"2,4165";"2,6670"
"72,5100";"2,4167";"2,6697"
"72,5200";"2,4171";"2,6711"
"72,5300";"2,4173";"2,6703"
"72,5400";"2,4177";"2,6685"
"72,5500";"2,4180";"2,6689"
"72,5600";"2,4182";"2,6693"
"72,5700";"2,4186";"2,6692"
"72,5800";"2,4190";"2,6683"
"72,5900";"2,4194";"2,6671"
"72,6000";"2,4198";"2,6665"
"72,6100";"2,4201";"2,6677"
"72,6200";"2,4205";"2,6689"
"72,6300";"2,4208";"2,6700"
"72,6400";"2,4212";"2,6711"
"72,6500";"2,4216";"2,6732"
"72,6600";"2,4218";"2,6744"
"72,6700";"2,4221";"2,6741"
"72,6800";"2,4224";"2,6737"
"72,6900";"2,4227";"2,6732"
"72,7000";"2,4230";"2,6729"
"72,7100";"2,4233";"2,6728"
"72,7200";"2,4237";"2,6728"
"72,7300";"2,4240";"2,6734"
"72,7400";"2,4244";"2,6751"
"72,7500";"2,4249";"2,6764"
"72,7600";"2,4252";"2,6757"
"72,7700";"2,4256";"2,6742"
"72,7800";"2,4259";"2,6736"
"72,7900";"2,4263";"2,6747"
"72,8000";"2,4267";"2,6761"
"72,8100";"2,4271";"2,6761"
"72,8200";"2,4275";"2,6759"
"72,8300";"2,4277";"2,6773"
"72,8400";"2,4280";"2,6797"
"72,8500";"2,4283";"2,6798"
"72,8600";"2,4286";"2,6762"
"72,8700";"2,4290";"2,6743"
"72,8800";"2,4293";"2,6755"
"72,8900";"2,4297";"2,6774"
"72,9000";"2,4301";"2,6788"
"72,9100";"2,4304";"2,6798"
"72,9200";"2,4308";"2,6813"
"72,9300";"2,4311";"2,6825"
"72,9400";"2,4315";"2,6822"
"72,9500";"2,4318";"2,6822"
"72,9600";"2,4322";"2,6821"
"72,9700";"2,4325";"2,6819"
"72,9800";"2,4328";"2,6812"
"72,9900";"2,4331";"2,6818"
"73,0000";"2,4335";"2,6840"
"73,0100";"2,4337";"2,6847"
"73,0200";"2,4340";"2,6848"
"73,0300";"2,4343";"2,6834"
"73,0400";"2,4345";"2,6835"
"73,0500";"2,4349";"2,6847"
"73,0600";"2,4352";"2,6846"
"73,0700";"2,4356";"2,6835"
"73,0800";"2,4358";"2,6845"
"73,0900";"2,4362";"2,6874"
"73,1000";"2,4365";"2,6894"
"73,1100";"2,4369";"2,6886"
"73,1200";"2,4373";"2,6870"
"73,1300";"2,4376";"2,6855"
"73,1400";"2,4380";"2,6847"
"73,1500";"2,4383";"2,6864"
"73,1600";"2,4386";"2,6889"
"73,1700";"2,4389";"2,6897"
"73,1800";"2,4393";"2,6890"
"73,1900";"2,4395";"2,6895"
"73,2000";"2,4399";"2,6905"
"73,2100";"2,4401";"2,6892"
"73,2200";"2,4404";"2,6866"
"73,2300";"2,4408";"2,6843"
"73,2400";"2,4412";"2,6856"
"73,2500";"2,4415";"2,6888"
"73,2600";"2,4419";"2,6910"
"73,2700";"2,4422";"2,6922"
"73,2800";"2,4426";"2,6918"
"73,2900";"2,4429";"2,6913"
"73,3000";"2,4433";"2,6902"
"73,3100";"2,4436";"2,6901"
"73,3200";"2,4440";"2,6916"
"73,3300";"2,4442";"2,6932"
"73,3400";"2,4446";"2,6933"
"73,3500";"2,4448";"2,6924"
"73,3600";"2,4452";"2,6924"
"73,3700";"2,4454";"2,6932"
"73,3800";"2,4458";"2,6938"
"73,3900";"2,4461";"2,6944"
"73,4000";"2,4465";"2,6945"
"73,4100";"2,4468";"2,6942"
"73,4200";"2,4473";"2,6935"
"73,4300";"2,4476";"2,6932"
"73,4400";"2,4481";"2,6949"
"73,4500";"2,4485";"2,6953"
"73,4600";"2,4488";"2,6944"
"73,4700";"2,4492";"2,6948"
"73,4800";"2,4495";"2,6978"
"73,4900";"2,4499";"2,7018"
"73,5000";"2,4501";"2,7024"
"73,5100";"2,4505";"2,6997"
"73,5200";"2,4507";"2,6973"
"73,5300";"2,4510";"2,6969"
"73,5400";"2,4513";"2,6975"
"73,5500";"2,4517";"2,6972"
"73,5600";"2,4519";"2,6970"
"73,5700";"2,4524";"2,6969"
"73,5800";"2,4526";"2,6975"
"73,5900";"2,4530";"2,7000"
"73,6000";"2,4534";"2,7025"
"73,6100";"2,4538";"2,7031"
"73,6200";"2,4541";"2,7018"
"73,6300";"2,4545";"2,6995"
"73,6400";"2,4548";"2,6979"
"73,6500";"2,4552";"2,6985"
"73,6600";"2,4554";"2,6997"
"73,6700";"2,4558";"2,7013"
"73,6800";"2,4560";"2,7019"
"73,6900";"2,4564";"2,7017"
"73,7000";"2,4566";"2,7007"
"73,7100";"2,4570";"2,6993"
"73,7200";"2,4572";"2,7004"
"73,7300";"2,4576";"2,7029"
"73,7400";"2,4578";"2,7043"
"73,7500";"2,4582";"2,7030"
"73,7600";"2,4585";"2,7014"
"73,7700";"2,4589";"2,7026"
"73,7800";"2,4592";"2,7049"
"73,7900";"2,4596";"2,7058"
"73,8000";"2,4599";"2,7062"
"73,8100";"2,4603";"2,7063"
"73,8200";"2,4606";"2,7067"
"73,8300";"2,4610";"2,7058"
"73,8400";"2,4612";"2,7030"
"73,8500";"2,4616";"2,7017"
"73,8600";"2,4618";"2,7031"
"73,8700";"2,4622";"2,7052"
"73,8800";"2,4624";"2,7074"
"73,8900";"2,4628";"2,7095"
"73,9000";"2,4631";"2,7105"
"73,9100";"2,4635";"2,7086"
"73,9200";"2,4637";"2,7068"
"73,9300";"2,4641";"2,7069"
"73,9400";"2,4645";"2,7077"
"73,9500";"2,4649";"2,7077"
"73,9600";"2,4652";"2,7086"
"73,9700";"2,4656";"2,7101"
"73,9800";"2,4659";"2,7095"
"73,9900";"2,4663";"2,7082"
"74,0000";"2,4667";"2,7090"
"74,0100";"2,4670";"2,7100"
"74,0200";"2,4672";"2,7106"
"74,0300";"2,4675";"2,7099"
"74,0400";"2,4678";"2,7106"
"74,0500";"2,4682";"2,7134"
"74,0600";"2,4684";"2,7155"
"74,0700";"2,4688";"2,7143"
"74,0800";"2,4691";"2,7111"
"74,0900";"2,4695";"2,7102"
"74,1000";"2,4700";"2,7130"
"74,1100";"2,4703";"2,7146"
"74,1200";"2,4707";"2,7140"
"74,1300";"2,4710";"2,7134"
"74,1400";"2,4714";"2,7146"
"74,1500";"2,4717";"2,7175"
"74,1600";"2,4721";"2,7183"
"74,1700";"2,4724";"2,7165"
"74,1800";"2,4727";"2,7154"
"74,1900";"2,4730";"2,7149"
"74,2000";"2,4733";"2,7160"
"74,2100";"2,4736";"2,7171"
"74,2200";"2,4740";"2,7176"
"74,2300";"2,4743";"2,7172"
"74,2400";"2,4746";"2,7174"
"74,2500";"2,4749";"2,7180"
"74,2600";"2,4754";"2,7193"
"74,2700";"2,4757";"2,7204"
"74,2800";"2,4761";"2,7196"
"74,2900";"2,4765";"2,7184"
"74,3000";"2,4768";"2,7189"
"74,3100";"2,4772";"2,7187"
"74,3200";"2,4775";"2,7173"
"74,3300";"2,4779";"2,7177"
"74,3400";"2,4782";"2,7202"
"74,3500";"2,4785";"2,7221"
"74,3600";"2,4787";"2,7227"
"74,3700";"2,4789";"2,7228"
"74,3800";"2,4793";"2,7237"
"74,3900";"2,4795";"2,7251"
"74,4000";"2,4799";"2,7253"
"74,4100";"2,4801";"2,7238"
"74,4200";"2,4805";"2,7211"
"74,4300";"2,4808";"2,7198"
"74,4400";"2,4812";"2,7204"
"74,4500";"2,4816";"2,7218"
"74,4600";"2,4820";"2,7232"
"74,4700";"2,4824";"2,7238"
"74,4800";"2,4827";"2,7254"
"74,4900";"2,4829";"2,7274"
"74,5000";"2,4834";"2,7292"
"74,5100";"2,4837";"2,7280"
"74,5200";"2,4839";"2,7255"
"74,5300";"2,4842";"2,7248"
"74,5400";"2,4845";"2,7269"
"74,5500";"2,4848";"2,7293"
"74,5600";"2,4851";"2,7292"
"74,5700";"2,4854";"2,7278"
"74,5800";"2,4858";"2,7283"
"74,5900";"2,4861";"2,7303"
"74,6000";"2,4864";"2,7305"
"74,6100";"2,4868";"2,7281"
"74,6200";"2,4871";"2,7268"
"74,6300";"2,4875";"2,7292"
"74,6400";"2,4879";"2,7325"
"74,6500";"2,4883";"2,7317"
"74,6600";"2,4886";"2,7295"
"74,6700";"2,4890";"2,7293"
"74,6800";"2,4892";"2,7320"
"74,6900";"2,4896";"2,7339"
"74,7000";"2,4898";"2,7340"
"74,7100";"2,4900";"2,7320"
"74,7200";"2,4904";"2,7304"
"74,7300";"2,4907";"2,7305"
"74,7400";"2,4911";"2,7308"
"74,7500";"2,4914";"2,7302"
"74,7600";"2,4918";"2,7301"
"74,7700";"2,4922";"2,7310"
"74,7800";"2,4926";"2,7329"
"74,7900";"2,4930";"2,7339"
"74,8000";"2,4933";"2,7337"
"74,8100";"2,4937";"2,7340"
"74,8200";"2,4940";"2,7348"
"74,8300";"2,4944";"2,7361"
"74,8400";"2,4947";"2,7362"
"74,8500";"2,4950";"2,7347"
"74,8600";"2,4953";"2,7333"
"74,8700";"2,4957";"2,7334"
"74,8800";"2,4959";"2,7345"
"74,8900";"2,4963";"2,7346"
"74,9000";"2,4966";"2,7350"
"74,9100";"2,4970";"2,7365"
"74,9200";"2,4973";"2,7392"
"74,9300";"2,4977";"2,7400"
"74,9400";"2,4981";"2,7397"
"74,9500";"2,4984";"2,7392"
"74,9600";"2,4988";"2,7395"
"74,9700";"2,4991";"2,7400"
"74,9800";"2,4995";"2,7412"
"74,9900";"2,4998";"2,7409"
"75,0000";"2,5002";"2,7403"
"75,0100";"2,5005";"2,7393"
"75,0200";"2,5009";"2,7385"
"75,0300";"2,5011";"2,7399"
"75,0400";"2,5014";"2,7416"
"75,0500";"2,5017";"2,7419"
"75,0600";"2,5020";"2,7422"
"75,0700";"2,5023";"2,7428"
"75,0800";"2,5025";"2,7445"
"75,0900";"2,5029";"2,7449"
"75,1000";"2,5032";"2,7447"
"75,1100";"2,5035";"2,7443"
"75,1200";"2,5038";"2,7441"
"75,1300";"2,5042";"2,7443"
"75,1400";"2,5045";"2,7440"
"75,1500";"2,5049";"2,7436"
"75,1600";"2,5053";"2,7435"
"75,1700";"2,5056";"2,7447"
"75,1800";"2,5060";"2,7467"
"75,1900";"2,5063";"2,7484"
"75,2000";"2,5066";"2,7496"
"75,2100";"2,5069";"2,7483"
"75,2200";"2,5071";"2,7475"
"75,2300";"2,5075";"2,7486"
"75,2400";"2,5077";"2,7486"
"75,2500";"2,5081";"2,7474"
"75,2600";"2,5084";"2,7457"
"75,2700";"2,5088";"2,7453"
"75,2800";"2,5092";"2,7460"
"75,2900";"2,5096";"2,7457"
"75,3000";"2,5100";"2,7450"
"75,3100";"2,5103";"2,7452"
"75,3200";"2,5107";"2,7485"
"75,3300";"2,5110";"2,7516"
"75,3400";"2,5114";"2,7525"
"75,3500";"2,5116";"2,7513"
"75,3600";"2,5120";"2,7498"
"75,3700";"2,5122";"2,7502"
"75,3800";"2,5125";"2,7512"
"75,3900";"2,5128";"2,7518"
"75,4000";"2,5132";"2,7515"
"75,4100";"2,5135";"2,7507"
"75,4200";"2,5139";"2,7515"
"75,4300";"2,5142";"2,7526"
"75,4400";"2,5146";"2,7531"
"75,4500";"2,5151";"2,7542"
"75,4600";"2,5154";"2,7546"
"75,4700";"2,5158";"2,7552"
"75,4800";"2,5161";"2,7565"
"75,4900";"2,5165";"2,7562"
"75,5000";"2,5168";"2,7550"
"75,5100";"2,5172";"2,7546"
"75,5200";"2,5174";"2,7558"
"75,5300";"2,5178";"2,7563"
"75,5400";"2,5180";"2,7553"
"75,5500";"2,5184";"2,7542"
"75,5600";"2,5186";"2,7560"
"75,5700";"2,5190";"2,7583"
"75,5800";"2,5193";"2,7595"
"75,5900";"2,5197";"2,7583"
"75,6000";"2,5200";"2,7574"
"75,6100";"2,5204";"2,7573"
"75,6200";"2,5207";"2,7577"
"75,6300";"2,5212";"2,7583"
"75,6400";"2,5215";"2,7588"
"75,6500";"2,5219";"2,7592"
"75,6600";"2,5223";"2,7593"
"75,6700";"2,5226";"2,7593"
"75,6800";"2,5228";"2,7592"
"75,6900";"2,5232";"2,7591"
"75,7000";"2,5234";"2,7604"
"75,7100";"2,5238";"2,7615"
"75,7200";"2,5240";"2,7617"
"75,7300";"2,5243";"2,7615"
"75,7400";"2,5246";"2,7629"
"75,7500";"2,5249";"2,7636"
"75,7600";"2,5252";"2,7629"
"75,7700";"2,5256";"2,7620"
"75,7800";"2,5259";"2,7616"
"75,7900";"2,5263";"2,7616"
"75,8000";"2,5265";"2,7628"
"75,8100";"2,5270";"2,7630"
"75,8200";"2,5273";"2,7625"
"75,8300";"2,5277";"2,7607"
"75,8400";"2,5280";"2,7616"
"75,8500";"2,5284";"2,7654"
"75,8600";"2,5286";"2,7681"
"75,8700";"2,5290";"2,7684"
"75,8800";"2,5292";"2,7676"
"75,8900";"2,5296";"2,7677"
"75,9000";"2,5299";"2,7674"
"75,9100";"2,5302";"2,7663"
"75,9200";"2,5305";"2,7657"
"75,9300";"2,5309";"2,7668"
"75,9400";"2,5311";"2,7679"
"75,9500";"2,5315";"2,7683"
"75,9600";"2,5318";"2,7694"
"75,9700";"2,5322";"2,7694"
"75,9800";"2,5325";"2,7683"
"75,9900";"2,5329";"2,7679"
"76,0000";"2,5332";"2,7676"
"76,0100";"2,5336";"2,7690"
"76,0200";"2,5339";"2,7699"
"76,0300";"2,5343";"2,7692"
"76,0400";"2,5345";"2,7703"
"76,0500";"2,5348";"2,7729"
"76,0600";"2,5351";"2,7742"
"76,0700";"2,5355";"2,7737"
"76,0800";"2,5358";"2,7711"
"76,0900";"2,5362";"2,7699"
"76,1000";"2,5365";"2,7705"
"76,1100";"2,5369";"2,7714"
"76,1200";"2,5372";"2,7714"
"76,1300";"2,5376";"2,7725"
"76,1400";"2,5381";"2,7740"
"76,1500";"2,5384";"2,7743"
"76,1600";"2,5388";"2,7740"
"76,1700";"2,5391";"2,7736"
"76,1800";"2,5394";"2,7735"
"76,1900";"2,5397";"2,7735"
"76,2000";"2,5400";"2,7734"
"76,2100";"2,5403";"2,7739"
"76,2200";"2,5407";"2,7759"
"76,2300";"2,5409";"2,7781"
"76,2400";"2,5413";"2,7781"
"76,2500";"2,5416";"2,7765"
"76,2600";"2,5420";"2,7756"
"76,2700";"2,5422";"2,7748"
"76,2800";"2,5426";"2,7758"
"76,2900";"2,5429";"2,7771"
"76,3000";"2,5433";"2,7778"
"76,3100";"2,5436";"2,7770"
"76,3200";"2,5440";"2,7772"
"76,3300";"2,5443";"2,7786"
"76,3400";"2,5447";"2,7795"
"76,3500";"2,5450";"2,7792"
"76,3600";"2,5453";"2,7786"
"76,3700";"2,5456";"2,7793"
"76,3800";"2,5459";"2,7809"
"76,3900";"2,5462";"2,7820"
"76,4000";"2,5465";"2,7820"
"76,4100";"2,5467";"2,7807"
"76,4200";"2,5470";"2,7791"
"76,4300";"2,5474";"2,7794"
"76,4400";"2,5478";"2,7803"
"76,4500";"2,5481";"2,7811"
"76,4600";"2,5485";"2,7823"
"76,4700";"2,5488";"2,7834"
"76,4800";"2,5492";"2,7846"
"76,4900";"2,5495";"2,7854"
"76,5000";"2,5499";"2,7853"
"76,5100";"2,5502";"2,7832"
"76,5200";"2,5506";"2,7819"
"76,5300";"2,5509";"2,7822"
"76,5400";"2,5512";"2,7824"
"76,5500";"2,5514";"2,7834"
"76,5600";"2,5518";"2,7848"
"76,5700";"2,5521";"2,7866"
"76,5800";"2,5524";"2,7878"
"76,5900";"2,5527";"2,7871"
"76,6000";"2,5531";"2,7854"
"76,6100";"2,5534";"2,7841"
"76,6200";"2,5538";"2,7853"
"76,6300";"2,5542";"2,7881"
"76,6400";"2,5546";"2,7898"
"76,6500";"2,5550";"2,7905"
"76,6600";"2,5553";"2,7911"
"76,6700";"2,5557";"2,7928"
"76,6800";"2,5560";"2,7929"
"76,6900";"2,5564";"2,7908"
"76,7000";"2,5566";"2,7883"
"76,7100";"2,5568";"2,7862"
"76,7200";"2,5572";"2,7866"
"76,7300";"2,5576";"2,7896"
"76,7400";"2,5578";"2,7909"
"76,7500";"2,5581";"2,7895"
"76,7600";"2,5585";"2,7878"
"76,7700";"2,5589";"2,7891"
"76,7800";"2,5592";"2,7916"
"76,7900";"2,5596";"2,7931"
"76,8000";"2,5600";"2,7934"
"76,8100";"2,5604";"2,7931"
"76,8200";"2,5607";"2,7941"
"76,8300";"2,5611";"2,7940"
"76,8400";"2,5615";"2,7934"
"76,8500";"2,5617";"2,7920"
"76,8600";"2,5620";"2,7920"
"76,8700";"2,5624";"2,7931"
"76,8800";"2,5626";"2,7915"
"76,8900";"2,5630";"2,7913"
"76,9000";"2,5632";"2,7937"
"76,9100";"2,5636";"2,7977"
"76,9200";"2,5639";"2,8000"
"76,9300";"2,5643";"2,7987"
"76,9400";"2,5646";"2,7969"
"76,9500";"2,5650";"2,7969"
"76,9600";"2,5653";"2,7982"
"76,9700";"2,5658";"2,7999"
"76,9800";"2,5662";"2,8005"
"76,9900";"2,5665";"2,7986"
"77,0000";"2,5669";"2,7965"
"77,0100";"2,5672";"2,7960"
"77,0200";"2,5675";"2,7979"
"77,0300";"2,5678";"2,8001"
"77,0400";"2,5682";"2,8014"
"77,0500";"2,5685";"2,8005"
"77,0600";"2,5688";"2,8005"
"77,0700";"2,5690";"2,8009"
"77,0800";"2,5694";"2,8008"
"77,0900";"2,5696";"2,8010"
"77,1000";"2,5700";"2,8012"
"77,1100";"2,5703";"2,8021"
"77,1200";"2,5707";"2,8014"
"77,1300";"2,5709";"2,8012"
"77,1400";"2,5712";"2,8013"
"77,1500";"2,5716";"2,8032"
"77,1600";"2,5720";"2,8045"
"77,1700";"2,5722";"2,8025"
"77,1800";"2,5725";"2,8003"
"77,1900";"2,5729";"2,8010"
"77,2000";"2,5733";"2,8035"
"77,2100";"2,5735";"2,8051"
"77,2200";"2,5738";"2,8057"
"77,2300";"2,5741";"2,8056"
"77,2400";"2,5744";"2,8053"
"77,2500";"2,5748";"2,8045"
"77,2600";"2,5750";"2,8045"
"77,2700";"2,5754";"2,8063"
"77,2800";"2,5757";"2,8067"
"77,2900";"2,5761";"2,8062"
"77,3000";"2,5764";"2,8062"
"77,3100";"2,5768";"2,8072"
"77,3200";"2,5772";"2,8089"
"77,3300";"2,5776";"2,8094"
"77,3400";"2,5780";"2,8095"
"77,3500";"2,5783";"2,8092"
"77,3600";"2,5787";"2,8093"
"77,3700";"2,5790";"2,8087"
"77,3800";"2,5794";"2,8082"
"77,3900";"2,5796";"2,8081"
"77,4000";"2,5800";"2,8077"
"77,4100";"2,5802";"2,8077"
"77,4200";"2,5806";"2,8083"
"77,4300";"2,5809";"2,8099"
"77,4400";"2,5813";"2,8114"
"77,4500";"2,5816";"2,8108"
"77,4600";"2,5820";"2,8094"
"77,4700";"2,5823";"2,8092"
"77,4800";"2,5827";"2,8103"
"77,4900";"2,5831";"2,8122"
"77,5000";"2,5835";"2,8140"
"77,5100";"2,5839";"2,8136"
"77,5200";"2,5841";"2,8132"
"77,5300";"2,5845";"2,8132"
"77,5400";"2,5847";"2,8140"
"77,5500";"2,5851";"2,8148"
"77,5600";"2,5853";"2,8134"
"77,5700";"2,5857";"2,8118"
"77,5800";"2,5860";"2,8116"
"77,5900";"2,5864";"2,8131"
"77,6000";"2,5867";"2,8152"
"77,6100";"2,5871";"2,8143"
"77,6200";"2,5874";"2,8133"
"77,6300";"2,5878";"2,8149"
"77,6400";"2,5881";"2,8188"
"77,6500";"2,5885";"2,8207"
"77,6600";"2,5888";"2,8197"
"77,6700";"2,5892";"2,8184"
"77,6800";"2,5895";"2,8172"
"77,6900";"2,5899";"2,8173"
"77,7000";"2,5901";"2,8184"
"77,7100";"2,5905";"2,8202"
"77,7200";"2,5907";"2,8223"
"77,7300";"2,5911";"2,8235"
"77,7400";"2,5913";"2,8229"
"77,7500";"2,5916";"2,8220"
"77,7600";"2,5919";"2,8228"
"77,7700";"2,5923";"2,8235"
"77,7800";"2,5926";"2,8232"
"77,7900";"2,5929";"2,8206"
"77,8000";"2,5932";"2,8179"
"77,8100";"2,5936";"2,8177"
"77,8200";"2,5939";"2,8202"
"77,8300";"2,5943";"2,8232"
"77,8400";"2,5946";"2,8240"
"77,8500";"2,5950";"2,8224"
"77,8600";"2,5953";"2,8206"
"77,8700";"2,5957";"2,8212"
"77,8800";"2,5960";"2,8245"
"77,8900";"2,5963";"2,8273"
"77,9000";"2,5966";"2,8260"
"77,9100";"2,5969";"2,8247"
"77,9200";"2,5972";"2,8250"
"77,9300";"2,5975";"2,8262"
"77,9400";"2,5978";"2,8267"
"77,9500";"2,5982";"2,8267"
"77,9600";"2,5985";"2,8270"
"77,9700";"2,5988";"2,8279"
"77,9800";"2,5991";"2,8283"
"77,9900";"2,5995";"2,8289"
"78,0000";"2,5998";"2,8290"
"78,0100";"2,6002";"2,8289"
"78,0200";"2,6005";"2,8295"
"78,0300";"2,6009";"2,8288"
"78,0400";"2,6012";"2,8287"
"78,0500";"2,6015";"2,8285"
"78,0600";"2,6018";"2,8283"
"78,0700";"2,6021";"2,8278"
"78,0800";"2,6024";"2,8279"
"78,0900";"2,6028";"2,8295"
"78,1000";"2,6031";"2,8308"
"78,1100";"2,6035";"2,8319"
"78,1200";"2,6038";"2,8328"
"78,1300";"2,6042";"2,8321"
"78,1400";"2,6045";"2,8313"
"78,1500";"2,6050";"2,8318"
"78,1600";"2,6054";"2,8319"
"78,1700";"2,6057";"2,8320"
"78,1800";"2,6061";"2,8318"
"78,1900";"2,6063";"2,8327"
"78,2000";"2,6067";"2,8340"
"78,2100";"2,6069";"2,8346"
"78,2200";"2,6073";"2,8335"
"78,2300";"2,6076";"2,8314"
"78,2400";"2,6078";"2,8314"
"78,2500";"2,6082";"2,8339"
"78,2600";"2,6086";"2,8345"
"78,2700";"2,6088";"2,8326"
"78,2800";"2,6091";"2,8316"
"78,2900";"2,6095";"2,8320"
"78,3000";"2,6099";"2,8335"
"78,3100";"2,6103";"2,8353"
"78,3200";"2,6107";"2,8373"
"78,3300";"2,6110";"2,8386"
"78,3400";"2,6114";"2,8386"
"78,3500";"2,6117";"2,8375"
"78,3600";"2,6121";"2,8373"
"78,3700";"2,6125";"2,8378"
"78,3800";"2,6127";"2,8386"
"78,3900";"2,6129";"2,8390"
"78,4000";"2,6133";"2,8395"
"78,4100";"2,6135";"2,8399"
"78,4200";"2,6139";"2,8391"
"78,4300";"2,6141";"2,8385"
"78,4400";"2,6145";"2,8397"
"78,4500";"2,6148";"2,8401"
"78,4600";"2,6152";"2,8387"
"78,4700";"2,6154";"2,8376"
"78,4800";"2,6158";"2,8383"
"78,4900";"2,6161";"2,8393"
"78,5000";"2,6165";"2,8400"
"78,5100";"2,6168";"2,8400"
"78,5200";"2,6172";"2,8401"
"78,5300";"2,6175";"2,8405"
"78,5400";"2,6179";"2,8411"
"78,5500";"2,6182";"2,8409"
"78,5600";"2,6186";"2,8418"
"78,5700";"2,6188";"2,8441"
"78,5800";"2,6192";"2,8451"
"78,5900";"2,6194";"2,8436"
"78,6000";"2,6198";"2,8433"
"78,6100";"2,6201";"2,8442"
"78,6200";"2,6204";"2,8451"
"78,6300";"2,6207";"2,8452"
"78,6400";"2,6211";"2,8450"
"78,6500";"2,6214";"2,8460"
"78,6600";"2,6218";"2,8469"
"78,6700";"2,6221";"2,8478"
"78,6800";"2,6226";"2,8474"
"78,6900";"2,6230";"2,8466"
"78,7000";"2,6233";"2,8469"
"78,7100";"2,6237";"2,8476"
"78,7200";"2,6239";"2,8479"
"78,7300";"2,6243";"2,8490"
"78,7400";"2,6245";"2,8508"
"78,7500";"2,6248";"2,8513"
"78,7600";"2,6251";"2,8503"
"78,7700";"2,6254";"2,8484"
"78,7800";"2,6258";"2,8462"
"78,7900";"2,6263";"2,8456"
"78,8000";"2,6266";"2,8469"
"78,8100";"2,6270";"2,8495"
"78,8200";"2,6274";"2,8516"
"78,8300";"2,6278";"2,8511"
"78,8400";"2,6282";"2,8509"
"78,8500";"2,6285";"2,8521"
"78,8600";"2,6289";"2,8528"
"78,8700";"2,6291";"2,8524"
"78,8800";"2,6295";"2,8500"
"78,8900";"2,6297";"2,8497"
"78,9000";"2,6300";"2,8512"
"78,9100";"2,6304";"2,8542"
"78,9200";"2,6306";"2,8556"
"78,9300";"2,6310";"2,8554"
"78,9400";"2,6313";"2,8547"
"78,9500";"2,6317";"2,8546"
"78,9600";"2,6320";"2,8529"
"78,9700";"2,6325";"2,8507"
"78,9800";"2,6328";"2,8497"
"78,9900";"2,6331";"2,8515"
"79,0000";"2,6335";"2,8537"
"79,0100";"2,6338";"2,8559"
"79,0200";"2,6342";"2,8575"
"79,0300";"2,6345";"2,8584"
"79,0400";"2,6348";"2,8576"
"79,0500";"2,6351";"2,8575"
"79,0600";"2,6355";"2,8573"
"79,0700";"2,6357";"2,8569"
"79,0800";"2,6361";"2,8572"
"79,0900";"2,6363";"2,8583"
"79,1000";"2,6367";"2,8601"
"79,1100";"2,6369";"2,8600"
"79,1200";"2,6372";"2,8589"
"79,1300";"2,6376";"2,8579"
"79,1400";"2,6378";"2,8593"
"79,1500";"2,6382";"2,8608"
"79,1600";"2,6385";"2,8603"
"79,1700";"2,6389";"2,8606"
"79,1800";"2,6392";"2,8617"
"79,1900";"2,6396";"2,8644"
"79,2000";"2,6400";"2,8650"
"79,2100";"2,6403";"2,8628"
"79,2200";"2,6405";"2,8604"
"79,2300";"2,6409";"2,8577"
"79,2400";"2,6411";"2,8584"
"79,2500";"2,6415";"2,8603"
"79,2600";"2,6417";"2,8617"
"79,2700";"2,6421";"2,8609"
"79,2800";"2,6424";"2,8598"
"79,2900";"2,6428";"2,8610"
"79,3000";"2,6431";"2,8630"
"79,3100";"2,6435";"2,8643"
"79,3200";"2,6439";"2,8635"
"79,3300";"2,6442";"2,8619"
"79,3400";"2,6444";"2,8632"
"79,3500";"2,6448";"2,8651"
"79,3600";"2,6452";"2,8658"
"79,3700";"2,6456";"2,8647"
"79,3800";"2,6459";"2,8637"
"79,3900";"2,6462";"2,8635"
"79,4000";"2,6466";"2,8637"
"79,4100";"2,6468";"2,8631"
"79,4200";"2,6472";"2,8646"
"79,4300";"2,6475";"2,8675"
"79,4400";"2,6477";"2,8687"
"79,4500";"2,6481";"2,8667"
"79,4600";"2,6485";"2,8649"
"79,4700";"2,6488";"2,8668"
"79,4800";"2,6493";"2,8696"
"79,4900";"2,6496";"2,8703"
"79,5000";"2,6500";"2,8696"
"79,5100";"2,6503";"2,8695"
"79,5200";"2,6507";"2,8701"
"79,5300";"2,6511";"2,8712"
"79,5400";"2,6514";"2,8723"
"79,5500";"2,6516";"2,8733"
"79,5600";"2,6520";"2,8726"
"79,5700";"2,6524";"2,8715"
"79,5800";"2,6527";"2,8713"
"79,5900";"2,6529";"2,8724"
"79,6000";"2,6533";"2,8740"
"79,6100";"2,6537";"2,8744"
"79,6200";"2,6540";"2,8751"
"79,6300";"2,6544";"2,8753"
"79,6400";"2,6547";"2,8748"
"79,6500";"2,6551";"2,8750"
"79,6600";"2,6554";"2,8754"
"79,6700";"2,6558";"2,8762"
"79,6800";"2,6562";"2,8773"
"79,6900";"2,6565";"2,8769"
"79,7000";"2,6568";"2,8768"
"79,7100";"2,6572";"2,8785"
"79,7200";"2,6574";"2,8805"
"79,7300";"2,6578";"2,8807"
"79,7400";"2,6580";"2,8803"
"79,7500";"2,6583";"2,8792"
"79,7600";"2,6586";"2,8775"
"79,7700";"2,6588";"2,8747"
"79,7800";"2,6592";"2,8729"
"79,7900";"2,6594";"2,8747"
"79,8000";"2,6598";"2,8772"
"79,8100";"2,6601";"2,8782"
"79,8200";"2,6605";"2,8785"
"79,8300";"2,6609";"2,8793"
"79,8400";"2,6612";"2,8782"
"79,8500";"2,6616";"2,8759"
"79,8600";"2,6619";"2,8748"
"79,8700";"2,6623";"2,8767"
"79,8800";"2,6626";"2,8797"
"79,8900";"2,6630";"2,8815"
"79,9000";"2,6632";"2,8827"
"79,9100";"2,6636";"2,8843"
"79,9200";"2,6638";"2,8844"
"79,9300";"2,6642";"2,8831"
"79,9400";"2,6645";"2,8815"
"79,9500";"2,6647";"2,8823"
"79,9600";"2,6651";"2,8831"
"79,9700";"2,6655";"2,8822"
"79,9800";"2,6658";"2,8812"
"79,9900";"2,6662";"2,8829"
"80,0000";"2,6665";"2,8848"
"80,0100";"2,6669";"2,8843"
"80,0200";"2,6672";"2,8825"
"80,0300";"2,6676";"2,8814"
"80,0400";"2,6679";"2,8839"
"80,0500";"2,6683";"2,8870"
"80,0600";"2,6686";"2,8884"
"80,0700";"2,6689";"2,8860"
"80,0800";"2,6692";"2,8843"
"80,0900";"2,6696";"2,8837"
"80,1000";"2,6698";"2,8842"
"80,1100";"2,6702";"2,8855"
"80,1200";"2,6704";"2,8871"
"80,1300";"2,6708";"2,8879"
"80,1400";"2,6711";"2,8878"
"80,1500";"2,6716";"2,8892"
"80,1600";"2,6720";"2,8901"
"80,1700";"2,6723";"2,8886"
"80,1800";"2,6727";"2,8866"
"80,1900";"2,6730";"2,8875"
"80,2000";"2,6734";"2,8894"
"80,2100";"2,6736";"2,8906"
"80,2200";"2,6740";"2,8907"
"80,2300";"2,6742";"2,8915"
"80,2400";"2,6745";"2,8929"
"80,2500";"2,6749";"2,8923"
"80,2600";"2,6751";"2,8904"
"80,2700";"2,6755";"2,8898"
"80,2800";"2,6758";"2,8909"
"80,2900";"2,6762";"2,8928"
"80,3000";"2,6766";"2,8944"
"80,3100";"2,6769";"2,8942"
"80,3200";"2,6773";"2,8921"
"80,3300";"2,6776";"2,8904"
"80,3400";"2,6780";"2,8912"
"80,3500";"2,6783";"2,8931"
"80,3600";"2,6787";"2,8955"
"80,3700";"2,6790";"2,8953"
"80,3800";"2,6794";"2,8926"
"80,3900";"2,6797";"2,8923"
"80,4000";"2,6800";"2,8951"
"80,4100";"2,6803";"2,8968"
"80,4200";"2,6806";"2,8959"
"80,4300";"2,6809";"2,8949"
"80,4400";"2,6812";"2,8958"
"80,4500";"2,6815";"2,8978"
"80,4600";"2,6819";"2,8975"
"80,4700";"2,6822";"2,8965"
"80,4800";"2,6826";"2,8964"
"80,4900";"2,6828";"2,8963"
"80,5000";"2,6832";"2,8954"
"80,5100";"2,6835";"2,8961"
"80,5200";"2,6839";"2,8987"
"80,5300";"2,6842";"2,8998"
"80,5400";"2,6847";"2,8982"
"80,5500";"2,6851";"2,8963"
"80,5600";"2,6854";"2,8963"
"80,5700";"2,6858";"2,8981"
"80,5800";"2,6860";"2,9009"
"80,5900";"2,6862";"2,9031"
"80,6000";"2,6866";"2,9034"
"80,6100";"2,6868";"2,9021"
"80,6200";"2,6872";"2,8999"
"80,6300";"2,6875";"2,8987"
"80,6400";"2,6879";"2,9003"
"80,6500";"2,6881";"2,9019"
"80,6600";"2,6885";"2,9017"
"80,6700";"2,6888";"2,9003"
"80,6800";"2,6892";"2,9005"
"80,6900";"2,6895";"2,9035"
"80,7000";"2,6899";"2,9060"
"80,7100";"2,6902";"2,9041"
"80,7200";"2,6906";"2,9018"
"80,7300";"2,6910";"2,9017"
"80,7400";"2,6913";"2,9032"
"80,7500";"2,6915";"2,9046"
"80,7600";"2,6919";"2,9051"
"80,7700";"2,6921";"2,9054"
"80,7800";"2,6925";"2,9050"
"80,7900";"2,6928";"2,9042"
"80,8000";"2,6932";"2,9057"
"80,8100";"2,6936";"2,9085"
"80,8200";"2,6939";"2,9086"
"80,8300";"2,6943";"2,9062"
"80,8400";"2,6947";"2,9039"
"80,8500";"2,6951";"2,9052"
"80,8600";"2,6954";"2,9080"
"80,8700";"2,6958";"2,9090"
"80,8800";"2,6962";"2,9075"
"80,8900";"2,6964";"2,9059"
"80,9000";"2,6966";"2,9059"
"80,9100";"2,6970";"2,9080"
"80,9200";"2,6972";"2,9104"
"80,9300";"2,6976";"2,9112"
"80,9400";"2,6979";"2,9097"
"80,9500";"2,6983";"2,9068"
"80,9600";"2,6985";"2,9072"
"80,9700";"2,6990";"2,9107"
"80,9800";"2,6992";"2,9129"
"80,9900";"2,6996";"2,9137"
"81,0000";"2,6999";"2,9138"
"81,0100";"2,7003";"2,9147"
"81,0200";"2,7006";"2,9147"
"81,0300";"2,7011";"2,9147"
"81,0400";"2,7015";"2,9152"
"81,0500";"2,7018";"2,9153"
"81,0600";"2,7022";"2,9132"
"81,0700";"2,7024";"2,9118"
"81,0800";"2,7028";"2,9128"
"81,0900";"2,7030";"2,9161"
"81,1000";"2,7032";"2,9188"
"81,1100";"2,7036";"2,9175"
"81,1200";"2,7038";"2,9143"
"81,1300";"2,7042";"2,9134"
"81,1400";"2,7045";"2,9143"
"81,1500";"2,7049";"2,9158"
"81,1600";"2,7052";"2,9160"
"81,1700";"2,7055";"2,9150"
"81,1800";"2,7058";"2,9139"
"81,1900";"2,7062";"2,9137"
"81,2000";"2,7065";"2,9148"
"81,2100";"2,7069";"2,9166"
"81,2200";"2,7072";"2,9190"
"81,2300";"2,7076";"2,9188"
"81,2400";"2,7080";"2,9171"
"81,2500";"2,7083";"2,9176"
"81,2600";"2,7085";"2,9205"
"81,2700";"2,7088";"2,9216"
"81,2800";"2,7091";"2,9196"
"81,2900";"2,7094";"2,9175"
"81,3000";"2,7097";"2,9184"
"81,3100";"2,7101";"2,9210"
"81,3200";"2,7104";"2,9215"
"81,3300";"2,7108";"2,9199"
"81,3400";"2,7111";"2,9198"
"81,3500";"2,7115";"2,9215"
"81,3600";"2,7120";"2,9230"
"81,3700";"2,7123";"2,9241"
"81,3800";"2,7127";"2,9246"
"81,3900";"2,7130";"2,9241"
"81,4000";"2,7134";"2,9243"
"81,4100";"2,7136";"2,9250"
"81,4200";"2,7139";"2,9246"
"81,4300";"2,7142";"2,9241"
"81,4400";"2,7145";"2,9246"
"81,4500";"2,7147";"2,9261"
"81,4600";"2,7150";"2,9268"
"81,4700";"2,7154";"2,9258"
"81,4800";"2,7157";"2,9247"
"81,4900";"2,7162";"2,9264"
"81,5000";"2,7166";"2,9281"
"81,5100";"2,7170";"2,9273"
"81,5200";"2,7174";"2,9251"
"81,5300";"2,7178";"2,9252"
"81,5400";"2,7181";"2,9281"
"81,5500";"2,7185";"2,9299"
"81,5600";"2,7188";"2,9285"
"81,5700";"2,7191";"2,9272"
"81,5800";"2,7194";"2,9274"
"81,5900";"2,7198";"2,9306"
"81,6000";"2,7200";"2,9322"
"81,6100";"2,7204";"2,9318"
"81,6200";"2,7207";"2,9309"
"81,6300";"2,7211";"2,9290"
"81,6400";"2,7214";"2,9266"
"81,6500";"2,7217";"2,9267"
"81,6600";"2,7220";"2,9295"
"81,6700";"2,7224";"2,9315"
"81,6800";"2,7227";"2,9323"
"81,6900";"2,7231";"2,9329"
"81,7000";"2,7234";"2,9333"
"81,7100";"2,7238";"2,9334"
"81,7200";"2,7241";"2,9317"
"81,7300";"2,7245";"2,9311"
"81,7400";"2,7247";"2,9311"
"81,7500";"2,7251";"2,9318"
"81,7600";"2,7253";"2,9327"
"81,7700";"2,7255";"2,9344"
"81,7800";"2,7259";"2,9370"
"81,7900";"2,7261";"2,9358"
"81,8000";"2,7265";"2,9331"
"81,8100";"2,7268";"2,9315"
"81,8200";"2,7271";"2,9327"
"81,8300";"2,7274";"2,9358"
"81,8400";"2,7278";"2,9376"
"81,8500";"2,7280";"2,9373"
"81,8600";"2,7284";"2,9374"
"81,8700";"2,7287";"2,9379"
"81,8800";"2,7292";"2,9372"
"81,8900";"2,7296";"2,9365"
"81,9000";"2,7299";"2,9368"
"81,9100";"2,7303";"2,9385"
"81,9200";"2,7306";"2,9381"
"81,9300";"2,7309";"2,9373"
"81,9400";"2,7311";"2,9387"
"81,9500";"2,7315";"2,9405"
"81,9600";"2,7318";"2,9404"
"81,9700";"2,7320";"2,9383"
"81,9800";"2,7324";"2,9358"
"81,9900";"2,7327";"2,9369"
"82,0000";"2,7331";"2,9392"
"82,0100";"2,7335";"2,9396"
"82,0200";"2,7338";"2,9393"
"82,0300";"2,7342";"2,9389"
"82,0400";"2,7345";"2,9393"
"82,0500";"2,7349";"2,9400"
"82,0600";"2,7352";"2,9408"
"82,0700";"2,7356";"2,9413"
"82,0800";"2,7359";"2,9413"
"82,0900";"2,7363";"2,9413"
"82,1000";"2,7365";"2,9417"
"82,1100";"2,7369";"2,9432"
"82,1200";"2,7371";"2,9444"
"82,1300";"2,7375";"2,9439"
"82,1400";"2,7378";"2,9432"
"82,1500";"2,7381";"2,9427"
"82,1600";"2,7384";"2,9430"
"82,1700";"2,7388";"2,9433"
"82,1800";"2,7391";"2,9437"
"82,1900";"2,7396";"2,9453"
"82,2000";"2,7400";"2,9445"
"82,2100";"2,7403";"2,9424"
"82,2200";"2,7408";"2,9434"
"82,2300";"2,7411";"2,9472"
"82,2400";"2,7414";"2,9485"
"82,2500";"2,7417";"2,9472"
"82,2600";"2,7420";"2,9453"
"82,2700";"2,7423";"2,9456"
"82,2800";"2,7427";"2,9472"
"82,2900";"2,7430";"2,9472"
"82,3000";"2,7433";"2,9466"
"82,3100";"2,7437";"2,9479"
"82,3200";"2,7441";"2,9499"
"82,3300";"2,7444";"2,9509"
"82,3400";"2,7449";"2,9507"
"82,3500";"2,7453";"2,9507"
"82,3600";"2,7456";"2,9518"
"82,3700";"2,7460";"2,9518"
"82,3800";"2,7462";"2,9495"
"82,3900";"2,7466";"2,9487"
"82,4000";"2,7469";"2,9492"
"82,4100";"2,7473";"2,9502"
"82,4200";"2,7475";"2,9512"
"82,4300";"2,7477";"2,9507"
"82,4400";"2,7480";"2,9520"
"82,4500";"2,7483";"2,9542"
"82,4600";"2,7487";"2,9544"
"82,4700";"2,7489";"2,9538"
"82,4800";"2,7493";"2,9505"
"82,4900";"2,7496";"2,9475"
"82,5000";"2,7500";"2,9486"
"82,5100";"2,7503";"2,9539"
"82,5200";"2,7507";"2,9600"
"82,5300";"2,7510";"2,9603"
"82,5400";"2,7514";"2,9556"
"82,5500";"2,7518";"2,9525"
"82,5600";"2,7521";"2,9532"
"82,5700";"2,7525";"2,9539"
"82,5800";"2,7528";"2,9536"
"82,5900";"2,7531";"2,9545"
"82,6000";"2,7534";"2,9568"
"82,6100";"2,7536";"2,9589"
"82,6200";"2,7540";"2,9586"
"82,6300";"2,7542";"2,9560"
"82,6400";"2,7546";"2,9550"
"82,6500";"2,7549";"2,9540"
"82,6600";"2,7552";"2,9539"
"82,6700";"2,7555";"2,9559"
"82,6800";"2,7559";"2,9589"
"82,6900";"2,7562";"2,9613"
"82,7000";"2,7566";"2,9618"
"82,7100";"2,7571";"2,9600"
"82,7200";"2,7574";"2,9578"
"82,7300";"2,7577";"2,9565"
"82,7400";"2,7580";"2,9578"
"82,7500";"2,7584";"2,9620"
"82,7600";"2,7587";"2,9650"
"82,7700";"2,7590";"2,9647"
"82,7800";"2,7592";"2,9626"
"82,7900";"2,7595";"2,9611"
"82,8000";"2,7598";"2,9618"
"82,8100";"2,7601";"2,9619"
"82,8200";"2,7605";"2,9595"
"82,8300";"2,7608";"2,9575"
"82,8400";"2,7612";"2,9596"
"82,8500";"2,7616";"2,9633"
"82,8600";"2,7619";"2,9650"
"82,8700";"2,7623";"2,9651"
"82,8800";"2,7626";"2,9642"
"82,8900";"2,7630";"2,9624"
"82,9000";"2,7633";"2,9615"
"82,9100";"2,7637";"2,9621"
"82,9200";"2,7640";"2,9649"
"82,9300";"2,7643";"2,9660"
"82,9400";"2,7646";"2,9659"
"82,9500";"2,7650";"2,9643"
"82,9600";"2,7652";"2,9644"
"82,9700";"2,7656";"2,9646"
"82,9800";"2,7659";"2,9644"
"82,9900";"2,7663";"2,9643"
"83,0000";"2,7666";"2,9657"
"83,0100";"2,7670";"2,9681"
"83,0200";"2,7673";"2,9693"
"83,0300";"2,7677";"2,9696"
"83,0400";"2,7680";"2,9697"
"83,0500";"2,7685";"2,9699"
"83,0600";"2,7689";"2,9698"
"83,0700";"2,7692";"2,9685"
"83,0800";"2,7696";"2,9684"
"83,0900";"2,7698";"2,9695"
"83,1000";"2,7702";"2,9701"
"83,1100";"2,7704";"2,9708"
"83,1200";"2,7706";"2,9727"
"83,1300";"2,7710";"2,9735"
"83,1400";"2,7712";"2,9738"
"83,1500";"2,7716";"2,9737"
"83,1600";"2,7719";"2,9734"
"83,1700";"2,7723";"2,9731"
"83,1800";"2,7725";"2,9712"
"83,1900";"2,7729";"2,9710"
"83,2000";"2,7732";"2,9754"
"83,2100";"2,7736";"2,9790"
"83,2200";"2,7740";"2,9772"
"83,2300";"2,7743";"2,9725"
"83,2400";"2,7747";"2,9718"
"83,2500";"2,7750";"2,9755"
"83,2600";"2,7754";"2,9784"
"83,2700";"2,7757";"2,9780"
"83,2800";"2,7760";"2,9757"
"83,2900";"2,7762";"2,9760"
"83,3000";"2,7765";"2,9788"
"83,3100";"2,7769";"2,9788"
"83,3200";"2,7771";"2,9771"
"83,3300";"2,7775";"2,9758"
"83,3400";"2,7778";"2,9763"
"83,3500";"2,7782";"2,9763"
"83,3600";"2,7786";"2,9748"
"83,3700";"2,7789";"2,9734"
"83,3800";"2,7793";"2,9753"
"83,3900";"2,7796";"2,9768"
"83,4000";"2,7800";"2,9761"
"83,4100";"2,7803";"2,9746"
"83,4200";"2,7807";"2,9734"
"83,4300";"2,7810";"2,9742"
"83,4400";"2,7814";"2,9763"
"83,4500";"2,7816";"2,9783"
"83,4600";"2,7819";"2,9786"
"83,4700";"2,7822";"2,9780"
"83,4800";"2,7826";"2,9792"
"83,4900";"2,7828";"2,9818"
"83,5000";"2,7832";"2,9818"
"83,5100";"2,7835";"2,9780"
"83,5200";"2,7839";"2,9756"
"83,5300";"2,7842";"2,9790"
"83,5400";"2,7846";"2,9839"
"83,5500";"2,7850";"2,9859"
"83,5600";"2,7854";"2,9847"
"83,5700";"2,7858";"2,9836"
"83,5800";"2,7861";"2,9839"
"83,5900";"2,7865";"2,9841"
"83,6000";"2,7867";"2,9848"
"83,6100";"2,7871";"2,9868"
"83,6200";"2,7873";"2,9883"
"83,6300";"2,7876";"2,9869"
"83,6400";"2,7880";"2,9838"
"83,6500";"2,7882";"2,9823"
"83,6600";"2,7886";"2,9839"
"83,6700";"2,7889";"2,9871"
"83,6800";"2,7892";"2,9882"
"83,6900";"2,7895";"2,9882"
"83,7000";"2,7899";"2,9876"
"83,7100";"2,7902";"2,9863"
"83,7200";"2,7906";"2,9853"
"83,7300";"2,7910";"2,9861"
"83,7400";"2,7913";"2,9873"
"83,7500";"2,7915";"2,9869"
"83,7600";"2,7919";"2,9867"
"83,7700";"2,7922";"2,9885"
"83,7800";"2,7926";"2,9911"
"83,7900";"2,7928";"2,9917"
"83,8000";"2,7931";"2,9895"
"83,8100";"2,7934";"2,9872"
"83,8200";"2,7937";"2,9884"
"83,8300";"2,7940";"2,9902"
"83,8400";"2,7944";"2,9902"
"83,8500";"2,7946";"2,9882"
"83,8600";"2,7950";"2,9874"
"83,8700";"2,7953";"2,9878"
"83,8800";"2,7958";"2,9903"
"83,8900";"2,7961";"2,9933"
"83,9000";"2,7965";"2,9956"
"83,9100";"2,7969";"2,9963"
"83,9200";"2,7972";"2,9956"
"83,9300";"2,7976";"2,9949"
"83,9400";"2,7979";"2,9937"
"83,9500";"2,7982";"2,9911"
"83,9600";"2,7985";"2,9892"
"83,9700";"2,7987";"2,9909"
"83,9800";"2,7991";"2,9963"
"83,9900";"2,7993";"2,9991"
"84,0000";"2,7997";"2,9983"
"84,0100";"2,8000";"2,9965"
"84,0200";"2,8004";"2,9949"
"84,0300";"2,8007";"2,9940"
"84,0400";"2,8011";"2,9924"
"84,0500";"2,8015";"2,9921"
"84,0600";"2,8019";"2,9947"
"84,0700";"2,8023";"2,9984"
"84,0800";"2,8026";"2,9985"
"84,0900";"2,8031";"2,9964"
"84,1000";"2,8035";"2,9957"
"84,1100";"2,8038";"2,9972"
"84,1200";"2,8042";"2,9987"
"84,1300";"2,8044";"2,9995"
"84,1400";"2,8046";"2,9981"
"84,1500";"2,8049";"2,9969"
"84,1600";"2,8052";"2,9986"
"84,1700";"2,8056";"3,0008"
"84,1800";"2,8059";"3,0006"
"84,1900";"2,8062";"2,9987"
"84,2000";"2,8065";"2,9971"
"84,2100";"2,8069";"2,9983"
"84,2200";"2,8074";"3,0013"
"84,2300";"2,8077";"3,0020"
"84,2400";"2,8081";"3,0011"
"84,2500";"2,8084";"3,0010"
"84,2600";"2,8088";"3,0046"
"84,2700";"2,8090";"3,0069"
"84,2800";"2,8094";"3,0057"
"84,2900";"2,8096";"3,0031"
"84,3000";"2,8100";"3,0042"
"84,3100";"2,8103";"3,0076"
"84,3200";"2,8105";"3,0064"
"84,3300";"2,8109";"3,0018"
"84,3400";"2,8113";"2,9999"
"84,3500";"2,8116";"3,0032"
"84,3600";"2,8120";"3,0063"
"84,3700";"2,8124";"3,0059"
"84,3800";"2,8128";"3,0038"
"84,3900";"2,8131";"3,0044"
"84,4000";"2,8135";"3,0050"
"84,4100";"2,8139";"3,0059"
"84,4200";"2,8142";"3,0073"
"84,4300";"2,8146";"3,0081"
"84,4400";"2,8149";"3,0073"
"84,4500";"2,8152";"3,0057"
"84,4600";"2,8155";"3,0058"
"84,4700";"2,8157";"3,0068"
"84,4800";"2,8161";"3,0079"
"84,4900";"2,8163";"3,0084"
"84,5000";"2,8167";"3,0097"
"84,5100";"2,8170";"3,0113"
"84,5200";"2,8174";"3,0114"
"84,5300";"2,8176";"3,0099"
"84,5400";"2,8180";"3,0098"
"84,5500";"2,8183";"3,0106"
"84,5600";"2,8187";"3,0110"
"84,5700";"2,8190";"3,0098"
"84,5800";"2,8194";"3,0098"
"84,5900";"2,8198";"3,0129"
"84,6000";"2,8201";"3,0158"
"84,6100";"2,8205";"3,0153"
"84,6200";"2,8207";"3,0135"
"84,6300";"2,8211";"3,0131"
"84,6400";"2,8213";"3,0139"
"84,6500";"2,8215";"3,0122"
"84,6600";"2,8219";"3,0093"
"84,6700";"2,8221";"3,0083"
"84,6800";"2,8225";"3,0105"
"84,6900";"2,8228";"3,0133"
"84,7000";"2,8232";"3,0150"
"84,7100";"2,8235";"3,0159"
"84,7200";"2,8239";"3,0154"
"84,7300";"2,8242";"3,0131"
"84,7400";"2,8246";"3,0117"
"84,7500";"2,8250";"3,0117"
"84,7600";"2,8253";"3,0133"
"84,7700";"2,8257";"3,0145"
"84,7800";"2,8260";"3,0170"
"84,7900";"2,8264";"3,0206"
"84,8000";"2,8267";"3,0220"
"84,8100";"2,8270";"3,0207"
"84,8200";"2,8272";"3,0175"
"84,8300";"2,8275";"3,0167"
"84,8400";"2,8279";"3,0178"
"84,8500";"2,8281";"3,0175"
"84,8600";"2,8285";"3,0167"
"84,8700";"2,8288";"3,0177"
"84,8800";"2,8292";"3,0202"
"84,8900";"2,8296";"3,0211"
"84,9000";"2,8300";"3,0209"
"84,9100";"2,8304";"3,0204"
"84,9200";"2,8307";"3,0199"
"84,9300";"2,8311";"3,0195"
"84,9400";"2,8314";"3,0193"
"84,9500";"2,8318";"3,0202"
"84,9600";"2,8320";"3,0205"
"84,9700";"2,8324";"3,0209"
"84,9800";"2,8327";"3,0214"
"84,9900";"2,8330";"3,0225"
"85,0000";"2,8333";"3,0236"
"85,0100";"2,8337";"3,0228"
"85,0200";"2,8340";"3,0218"
"85,0300";"2,8344";"3,0221"
"85,0400";"2,8347";"3,0238"
"85,0500";"2,8352";"3,0239"
"85,0600";"2,8356";"3,0232"
"85,0700";"2,8359";"3,0234"
"85,0800";"2,8362";"3,0251"
"85,0900";"2,8365";"3,0269"
"85,1000";"2,8369";"3,0259"
"85,1100";"2,8372";"3,0240"
"85,1200";"2,8375";"3,0239"
"85,1300";"2,8377";"3,0260"
"85,1400";"2,8381";"3,0282"
"85,1500";"2,8383";"3,0282"
"85,1600";"2,8385";"3,0289"
"85,1700";"2,8389";"3,0296"
"85,1800";"2,8392";"3,0293"
"85,1900";"2,8395";"3,0285"
"85,2000";"2,8398";"3,0279"
"85,2100";"2,8402";"3,0270"
"85,2200";"2,8405";"3,0277"
"85,2300";"2,8408";"3,0293"
"85,2400";"2,8411";"3,0313"
"85,2500";"2,8415";"3,0307"
"85,2600";"2,8418";"3,0285"
"85,2700";"2,8422";"3,0268"
"85,2800";"2,8425";"3,0267"
"85,2900";"2,8429";"3,0274"
"85,3000";"2,8431";"3,0264"
"85,3100";"2,8435";"3,0270"
"85,3200";"2,8437";"3,0314"
"85,3300";"2,8441";"3,0354"
"85,3400";"2,8444";"3,0354"
"85,3500";"2,8447";"3,0325"
"85,3600";"2,8450";"3,0323"
"85,3700";"2,8454";"3,0337"
"85,3800";"2,8457";"3,0341"
"85,3900";"2,8461";"3,0329"
"85,4000";"2,8464";"3,0320"
"85,4100";"2,8468";"3,0327"
"85,4200";"2,8471";"3,0340"
"85,4300";"2,8475";"3,0353"
"85,4400";"2,8480";"3,0358"
"85,4500";"2,8483";"3,0361"
"85,4600";"2,8487";"3,0358"
"85,4700";"2,8489";"3,0355"
"85,4800";"2,8493";"3,0367"
"85,4900";"2,8495";"3,0372"
"85,5000";"2,8499";"3,0363"
"85,5100";"2,8501";"3,0369"
"85,5200";"2,8505";"3,0390"
"85,5300";"2,8508";"3,0399"
"85,5400";"2,8512";"3,0387"
"85,5500";"2,8515";"3,0370"
"85,5600";"2,8519";"3,0382"
"85,5700";"2,8522";"3,0407"
"85,5800";"2,8526";"3,0407"
"85,5900";"2,8529";"3,0385"
"85,6000";"2,8533";"3,0382"
"85,6100";"2,8536";"3,0413"
"85,6200";"2,8540";"3,0431"
"85,6300";"2,8543";"3,0409"
"85,6400";"2,8546";"3,0394"
"85,6500";"2,8548";"3,0408"
"85,6600";"2,8552";"3,0432"
"85,6700";"2,8555";"3,0433"
"85,6800";"2,8558";"3,0421"
"85,6900";"2,8561";"3,0408"
"85,7000";"2,8564";"3,0412"
"85,7100";"2,8567";"3,0424"
"85,7200";"2,8571";"3,0437"
"85,7300";"2,8575";"3,0442"
"85,7400";"2,8579";"3,0433"
"85,7500";"2,8582";"3,0434"
"85,7600";"2,8586";"3,0442"
"85,7700";"2,8590";"3,0452"
"85,7800";"2,8593";"3,0443"
"85,7900";"2,8597";"3,0445"
"85,8000";"2,8600";"3,0451"
"85,8100";"2,8604";"3,0462"
"85,8200";"2,8606";"3,0459"
"85,8300";"2,8610";"3,0450"
"85,8400";"2,8612";"3,0467"
"85,8500";"2,8615";"3,0486"
"85,8600";"2,8618";"3,0482"
"85,8700";"2,8621";"3,0453"
"85,8800";"2,8625";"3,0421"
"85,8900";"2,8628";"3,0449"
"85,9000";"2,8632";"3,0488"
"85,9100";"2,8636";"3,0499"
"85,9200";"2,8639";"3,0479"
"85,9300";"2,8643";"3,0477"
"85,9400";"2,8646";"3,0495"
"85,9500";"2,8650";"3,0505"
"85,9600";"2,8653";"3,0507"
"85,9700";"2,8657";"3,0503"
"85,9800";"2,8659";"3,0481"
"85,9900";"2,8662";"3,0462"
"86,0000";"2,8665";"3,0468"
"86,0100";"2,8669";"3,0495"
"86,0200";"2,8671";"3,0507"
"86,0300";"2,8675";"3,0498"
"86,0400";"2,8678";"3,0480"
"86,0500";"2,8682";"3,0490"
"86,0600";"2,8685";"3,0518"
"86,0700";"2,8689";"3,0529"
"86,0800";"2,8692";"3,0521"
"86,0900";"2,8696";"3,0526"
"86,1000";"2,8699";"3,0536"
"86,1100";"2,8703";"3,0534"
"86,1200";"2,8706";"3,0519"
"86,1300";"2,8710";"3,0525"
"86,1400";"2,8713";"3,0542"
"86,1500";"2,8717";"3,0546"
"86,1600";"2,8721";"3,0533"
"86,1700";"2,8723";"3,0528"
"86,1800";"2,8725";"3,0540"
"86,1900";"2,8729";"3,0558"
"86,2000";"2,8732";"3,0562"
"86,2100";"2,8736";"3,0557"
"86,2200";"2,8739";"3,0567"
"86,2300";"2,8743";"3,0571"
"86,2400";"2,8747";"3,0564"
"86,2500";"2,8750";"3,0561"
"86,2600";"2,8754";"3,0579"
"86,2700";"2,8757";"3,0593"
"86,2800";"2,8761";"3,0583"
"86,2900";"2,8764";"3,0580"
"86,3000";"2,8768";"3,0596"
"86,3100";"2,8770";"3,0608"
"86,3200";"2,8774";"3,0604"
"86,3300";"2,8776";"3,0598"
"86,3400";"2,8780";"3,0614"
"86,3500";"2,8783";"3,0629"
"86,3600";"2,8787";"3,0618"
"86,3700";"2,8790";"3,0601"
"86,3800";"2,8795";"3,0590"
"86,3900";"2,8798";"3,0593"
"86,4000";"2,8802";"3,0613"
"86,4100";"2,8806";"3,0640"
"86,4200";"2,8809";"3,0661"
"86,4300";"2,8813";"3,0644"
"86,4400";"2,8815";"3,0622"
"86,4500";"2,8819";"3,0626"
"86,4600";"2,8822";"3,0646"
"86,4700";"2,8826";"3,0657"
"86,4800";"2,8828";"3,0646"
"86,4900";"2,8832";"3,0644"
"86,5000";"2,8834";"3,0661"
"86,5100";"2,8836";"3,0671"
"86,5200";"2,8840";"3,0663"
"86,5300";"2,8843";"3,0648"
"86,5400";"2,8846";"3,0649"
"86,5500";"2,8849";"3,0656"
"86,5600";"2,8853";"3,0644"
"86,5700";"2,8855";"3,0635"
"86,5800";"2,8859";"3,0652"
"86,5900";"2,8862";"3,0681"
"86,6000";"2,8866";"3,0690"
"86,6100";"2,8869";"3,0669"
"86,6200";"2,8873";"3,0659"
"86,6300";"2,8876";"3,0682"
"86,6400";"2,8880";"3,0708"
"86,6500";"2,8883";"3,0713"
"86,6600";"2,8886";"3,0701"
"86,6700";"2,8888";"3,0683"
"86,6800";"2,8892";"3,0673"
"86,6900";"2,8894";"3,0674"
"86,7000";"2,8898";"3,0693"
"86,7100";"2,8901";"3,0709"
"86,7200";"2,8905";"3,0701"
"86,7300";"2,8907";"3,0690"
"86,7400";"2,8911";"3,0702"
"86,7500";"2,8914";"3,0722"
"86,7600";"2,8919";"3,0725"
"86,7700";"2,8922";"3,0707"
"86,7800";"2,8926";"3,0711"
"86,7900";"2,8930";"3,0727"
"86,8000";"2,8933";"3,0728"
"86,8100";"2,8937";"3,0728"
"86,8200";"2,8940";"3,0746"
"86,8300";"2,8944";"3,0768"
"86,8400";"2,8946";"3,0765"
"86,8500";"2,8950";"3,0741"
"86,8600";"2,8952";"3,0727"
"86,8700";"2,8955";"3,0742"
"86,8800";"2,8959";"3,0757"
"86,8900";"2,8963";"3,0753"
"86,9000";"2,8966";"3,0733"
"86,9100";"2,8970";"3,0747"
"86,9200";"2,8973";"3,0773"
"86,9300";"2,8977";"3,0795"
"86,9400";"2,8980";"3,0791"
"86,9500";"2,8984";"3,0779"
"86,9600";"2,8987";"3,0775"
"86,9700";"2,8991";"3,0783"
"86,9800";"2,8993";"3,0794"
"86,9900";"2,8997";"3,0793"
"87,0000";"2,8999";"3,0790"
"87,0100";"2,9003";"3,0775"
"87,0200";"2,9006";"3,0761"
"87,0300";"2,9009";"3,0776"
"87,0400";"2,9012";"3,0791"
"87,0500";"2,9016";"3,0801"
"87,0600";"2,9019";"3,0806"
"87,0700";"2,9023";"3,0803"
"87,0800";"2,9026";"3,0796"
"87,0900";"2,9030";"3,0803"
"87,1000";"2,9035";"3,0817"
"87,1100";"2,9037";"3,0852"
"87,1200";"2,9042";"3,0869"
"87,1300";"2,9044";"3,0837"
"87,1400";"2,9048";"3,0810"
"87,1500";"2,9051";"3,0825"
"87,1600";"2,9055";"3,0854"
"87,1700";"2,9057";"3,0853"
"87,1800";"2,9061";"3,0839"
"87,1900";"2,9063";"3,0842"
"87,2000";"2,9065";"3,0871"
"87,2100";"2,9069";"3,0882"
"87,2200";"2,9072";"3,0862"
"87,2300";"2,9075";"3,0843"
"87,2400";"2,9078";"3,0849"
"87,2500";"2,9082";"3,0862"
"87,2600";"2,9085";"3,0867"
"87,2700";"2,9089";"3,0873"
"87,2800";"2,9092";"3,0880"
"87,2900";"2,9096";"3,0885"
"87,3000";"2,9098";"3,0890"
"87,3100";"2,9102";"3,0895"
"87,3200";"2,9105";"3,0887"
"87,3300";"2,9109";"3,0878"
"87,3400";"2,9111";"3,0876"
"87,3500";"2,9114";"3,0880"
"87,3600";"2,9117";"3,0880"
"87,3700";"2,9121";"3,0876"
"87,3800";"2,9123";"3,0876"
"87,3900";"2,9127";"3,0881"
"87,4000";"2,9130";"3,0891"
"87,4100";"2,9134";"3,0892"
"87,4200";"2,9137";"3,0883"
"87,4300";"2,9141";"3,0891"
"87,4400";"2,9144";"3,0918"
"87,4500";"2,9148";"3,0921"
"87,4600";"2,9151";"3,0905"
"87,4700";"2,9156";"3,0894"
"87,4800";"2,9159";"3,0910"
"87,4900";"2,9162";"3,0937"
"87,5000";"2,9166";"3,0948"
"87,5100";"2,9168";"3,0937"
"87,5200";"2,9172";"3,0930"
"87,5300";"2,9174";"3,0917"
"87,5400";"2,9177";"3,0909"
"87,5500";"2,9181";"3,0922"
"87,5600";"2,9183";"3,0946"
"87,5700";"2,9187";"3,0957"
"87,5800";"2,9190";"3,0944"
"87,5900";"2,9195";"3,0938"
"87,6000";"2,9199";"3,0960"
"87,6100";"2,9202";"3,0973"
"87,6200";"2,9206";"3,0959"
"87,6300";"2,9209";"3,0936"
"87,6400";"2,9214";"3,0943"
"87,6500";"2,9218";"3,0962"
"87,6600";"2,9221";"3,0967"
"87,6700";"2,9223";"3,0967"
"87,6800";"2,9226";"3,0972"
"87,6900";"2,9229";"3,0973"
"87,7000";"2,9233";"3,0955"
"87,7100";"2,9235";"3,0948"
"87,7200";"2,9239";"3,0964"
"87,7300";"2,9242";"3,0976"
"87,7400";"2,9246";"3,0976"
"87,7500";"2,9249";"3,0965"
"87,7600";"2,9253";"3,0975"
"87,7700";"2,9257";"3,0999"
"87,7800";"2,9260";"3,1013"
"87,7900";"2,9264";"3,1010"
"87,8000";"2,9267";"3,1015"
"87,8100";"2,9271";"3,1031"
"87,8200";"2,9274";"3,1032"
"87,8300";"2,9278";"3,1016"
"87,8400";"2,9281";"3,1009"
"87,8500";"2,9284";"3,1021"
"87,8600";"2,9286";"3,1042"
"87,8700";"2,9290";"3,1050"
"87,8800";"2,9292";"3,1048"
"87,8900";"2,9295";"3,1048"
"87,9000";"2,9299";"3,1048"
"87,9100";"2,9301";"3,1041"
"87,9200";"2,9305";"3,1034"
"87,9300";"2,9308";"3,1039"
"87,9400";"2,9312";"3,1039"
"87,9500";"2,9316";"3,1041"
"87,9600";"2,9319";"3,1059"
"87,9700";"2,9323";"3,1078"
"87,9800";"2,9326";"3,1079"
"87,9900";"2,9330";"3,1055"
"88,0000";"2,9333";"3,1051"
"88,0100";"2,9337";"3,1067"
"88,0200";"2,9339";"3,1079"
"88,0300";"2,9342";"3,1083"
"88,0400";"2,9345";"3,1092"
"88,0500";"2,9347";"3,1112"
"88,0600";"2,9351";"3,1105"
"88,0700";"2,9355";"3,1076"
"88,0800";"2,9358";"3,1069"
"88,0900";"2,9362";"3,1078"
"88,1000";"2,9365";"3,1088"
"88,1100";"2,9369";"3,1093"
"88,1200";"2,9373";"3,1096"
"88,1300";"2,9376";"3,1109"
"88,1400";"2,9379";"3,1117"
"88,1500";"2,9383";"3,1090"
"88,1600";"2,9386";"3,1067"
"88,1700";"2,9390";"3,1077"
"88,1800";"2,9393";"3,1105"
"88,1900";"2,9396";"3,1127"
"88,2000";"2,9398";"3,1139"
"88,2100";"2,9402";"3,1151"
"88,2200";"2,9405";"3,1150"
"88,2300";"2,9409";"3,1139"
"88,2400";"2,9412";"3,1128"
"88,2500";"2,9416";"3,1131"
"88,2600";"2,9419";"3,1144"
"88,2700";"2,9423";"3,1143"
"88,2800";"2,9428";"3,1141"
"88,2900";"2,9431";"3,1150"
"88,3000";"2,9435";"3,1156"
"88,3100";"2,9438";"3,1142"
"88,3200";"2,9442";"3,1137"
"88,3300";"2,9445";"3,1149"
"88,3400";"2,9448";"3,1154"
"88,3500";"2,9451";"3,1159"
"88,3600";"2,9454";"3,1165"
"88,3700";"2,9457";"3,1191"
"88,3800";"2,9460";"3,1210"
"88,3900";"2,9463";"3,1201"
"88,4000";"2,9467";"3,1179"
"88,4100";"2,9470";"3,1197"
"88,4200";"2,9474";"3,1225"
"88,4300";"2,9477";"3,1233"
"88,4400";"2,9481";"3,1221"
"88,4500";"2,9484";"3,1209"
"88,4600";"2,9489";"3,1209"
"88,4700";"2,9491";"3,1220"
"88,4800";"2,9495";"3,1221"
"88,4900";"2,9499";"3,1226"
"88,5000";"2,9502";"3,1220"
"88,5100";"2,9504";"3,1197"
"88,5200";"2,9507";"3,1191"
"88,5300";"2,9510";"3,1195"
"88,5400";"2,9513";"3,1196"
"88,5500";"2,9516";"3,1191"
"88,5600";"2,9519";"3,1194"
"88,5700";"2,9522";"3,1208"
"88,5800";"2,9526";"3,1219"
"88,5900";"2,9529";"3,1227"
"88,6000";"2,9533";"3,1223"
"88,6100";"2,9536";"3,1215"
"88,6200";"2,9540";"3,1226"
"88,6300";"2,9542";"3,1232"
"88,6400";"2,9547";"3,1241"
"88,6500";"2,9549";"3,1250"
"88,6600";"2,9554";"3,1266"
"88,6700";"2,9556";"3,1261"
"88,6800";"2,9560";"3,1246"
"88,6900";"2,9562";"3,1244"
"88,7000";"2,9566";"3,1266"
"88,7100";"2,9568";"3,1277"
"88,7200";"2,9572";"3,1267"
"88,7300";"2,9575";"3,1269"
"88,7400";"2,9578";"3,1290"
"88,7500";"2,9581";"3,1321"
"88,7600";"2,9585";"3,1323"
"88,7700";"2,9588";"3,1303"
"88,7800";"2,9592";"3,1288"
"88,7900";"2,9595";"3,1292"
"88,8000";"2,9599";"3,1295"
"88,8100";"2,9602";"3,1305"
"88,8200";"2,9606";"3,1303"
"88,8300";"2,9611";"3,1290"
"88,8400";"2,9613";"3,1279"
"88,8500";"2,9617";"3,1298"
"88,8600";"2,9619";"3,1335"
"88,8700";"2,9621";"3,1354"
"88,8800";"2,9625";"3,1340"
"88,8900";"2,9628";"3,1318"
"88,9000";"2,9632";"3,1311"
"88,9100";"2,9634";"3,1303"
"88,9200";"2,9638";"3,1315"
"88,9300";"2,9641";"3,1314"
"88,9400";"2,9645";"3,1322"
"88,9500";"2,9650";"3,1330"
"88,9600";"2,9653";"3,1314"
"88,9700";"2,9657";"3,1306"
"88,9800";"2,9660";"3,1325"
"88,9900";"2,9664";"3,1335"
"89,0000";"2,9667";"3,1325"
"89,0100";"2,9670";"3,1320"
"89,0200";"2,9673";"3,1322"
"89,0300";"2,9676";"3,1346"
"89,0400";"2,9679";"3,1366"
"89,0500";"2,9682";"3,1367"
"89,0600";"2,9685";"3,1350"
"89,0700";"2,9689";"3,1348"
"89,0800";"2,9692";"3,1359"
"89,0900";"2,9696";"3,1362"
"89,1000";"2,9699";"3,1360"
"89,1100";"2,9703";"3,1363"
"89,1200";"2,9706";"3,1364"
"89,1300";"2,9710";"3,1376"
"89,1400";"2,9713";"3,1394"
"89,1500";"2,9717";"3,1399"
"89,1600";"2,9720";"3,1386"
"89,1700";"2,9724";"3,1363"
"89,1800";"2,9726";"3,1363"
"89,1900";"2,9730";"3,1384"
"89,2000";"2,9733";"3,1392"
"89,2100";"2,9736";"3,1383"
"89,2200";"2,9739";"3,1388"
"89,2300";"2,9742";"3,1407"
"89,2400";"2,9745";"3,1425"
"89,2500";"2,9749";"3,1425"
"89,2600";"2,9751";"3,1414"
"89,2700";"2,9755";"3,1420"
"89,2800";"2,9758";"3,1426"
"89,2900";"2,9762";"3,1416"
"89,3000";"2,9765";"3,1416"
"89,3100";"2,9769";"3,1438"
"89,3200";"2,9772";"3,1463"
"89,3300";"2,9776";"3,1454"
"89,3400";"2,9780";"3,1444"
"89,3500";"2,9783";"3,1444"
"89,3600";"2,9785";"3,1453"
"89,3700";"2,9788";"3,1451"
"89,3800";"2,9791";"3,1450"
"89,3900";"2,9794";"3,1455"
"89,4000";"2,9797";"3,1460"
"89,4100";"2,9801";"3,1469"
"89,4200";"2,9803";"3,1466"
"89,4300";"2,9808";"3,1452"
"89,4400";"2,9811";"3,1445"
"89,4500";"2,9815";"3,1430"
"89,4600";"2,9818";"3,1434"
"89,4700";"2,9822";"3,1451"
"89,4800";"2,9826";"3,1457"
"89,4900";"2,9829";"3,1455"
"89,5000";"2,9833";"3,1458"
"89,5100";"2,9836";"3,1476"
"89,5200";"2,9839";"3,1493"
"89,5300";"2,9841";"3,1476"
"89,5400";"2,9844";"3,1438"
"89,5500";"2,9847";"3,1445"
"89,5600";"2,9850";"3,1485"
"89,5700";"2,9854";"3,1518"
"89,5800";"2,9857";"3,1520"
"89,5900";"2,9861";"3,1508"
"89,6000";"2,9865";"3,1506"
"89,6100";"2,9869";"3,1492"
"89,6200";"2,9873";"3,1484"
"89,6300";"2,9876";"3,1499"
"89,6400";"2,9880";"3,1524"
"89,6500";"2,9885";"3,1530"
"89,6600";"2,9888";"3,1538"
"89,6700";"2,9892";"3,1559"
"89,6800";"2,9894";"3,1573"
"89,6900";"2,9898";"3,1562"
"89,7000";"2,9901";"3,1528"
"89,7100";"2,9903";"3,1508"
"89,7200";"2,9907";"3,1523"
"89,7300";"2,9909";"3,1540"
"89,7400";"2,9913";"3,1544"
"89,7500";"2,9916";"3,1548"
"89,7600";"2,9920";"3,1566"
"89,7700";"2,9924";"3,1572"
"89,7800";"2,9927";"3,1570"
"89,7900";"2,9932";"3,1577"
"89,8000";"2,9935";"3,1590"
"89,8100";"2,9939";"3,1593"
"89,8200";"2,9942";"3,1574"
"89,8300";"2,9946";"3,1578"
"89,8400";"2,9948";"3,1617"
"89,8500";"2,9952";"3,1652"
"89,8600";"2,9955";"3,1647"
"89,8700";"2,9958";"3,1612"
"89,8800";"2,9960";"3,1582"
"89,8900";"2,9962";"3,1579"
"89,9000";"2,9965";"3,1598"
"89,9100";"2,9968";"3,1618"
"89,9200";"2,9972";"3,1618"
"89,9300";"2,9975";"3,1608"
"89,9400";"2,9978";"3,1603"
"89,9500";"2,9981";"3,1619"
"89,9600";"2,9985";"3,1633"
"89,9700";"2,9988";"3,1615"
"89,9800";"2,9993";"3,1577"
"89,9900";"2,9997";"3,1559"
"90,0000";"3,0000";"3,1585"
"90,0100";"3,0005";"3,1626"
"90,0200";"3,0009";"3,1641"
"90,0300";"3,0011";"3,1620"
"90,0400";"3,0014";"3,1602"
"90,0500";"3,0017";"3,1584"
"90,0600";"3,0020";"3,1574"
"90,0700";"3,0023";"3,1592"
"90,0800";"3,0027";"3,1631"
"90,0900";"3,0030";"3,1658"
"90,1000";"3,0033";"3,1646"
"90,1100";"3,0037";"3,1626"
"90,1200";"3,0040";"3,1649"
"90,1300";"3,0044";"3,1667"
"90,1400";"3,0047";"3,1660"
"90,1500";"3,0051";"3,1632"
"90,1600";"3,0055";"3,1629"
"90,1700";"3,0059";"3,1667"
"90,1800";"3,0062";"3,1712"
"90,1900";"3,0065";"3,1730"
"90,2000";"3,0068";"3,1716"
"90,2100";"3,0071";"3,1691"
"90,2200";"3,0073";"3,1677"
"90,2300";"3,0077";"3,1665"
"90,2400";"3,0081";"3,1670"
"90,2500";"3,0083";"3,1686"
"90,2600";"3,0086";"3,1699"
"90,2700";"3,0090";"3,1695"
"90,2800";"3,0095";"3,1691"
"90,2900";"3,0098";"3,1703"
"90,3000";"3,0102";"3,1719"
"90,3100";"3,0105";"3,1701"
"90,3200";"3,0109";"3,1683"
"90,3300";"3,0111";"3,1685"
"90,3400";"3,0115";"3,1692"
"90,3500";"3,0117";"3,1704"
"90,3600";"3,0120";"3,1715"
"90,3700";"3,0123";"3,1724"
"90,3800";"3,0125";"3,1717"
"90,3900";"3,0129";"3,1706"
"90,4000";"3,0131";"3,1720"
"90,4100";"3,0135";"3,1747"
"90,4200";"3,0138";"3,1742"
"90,4300";"3,0142";"3,1717"
"90,4400";"3,0145";"3,1703"
"90,4500";"3,0150";"3,1723"
"90,4600";"3,0154";"3,1755"
"90,4700";"3,0157";"3,1751"
"90,4800";"3,0161";"3,1736"
"90,4900";"3,0164";"3,1735"
"90,5000";"3,0168";"3,1747"
"90,5100";"3,0171";"3,1743"
"90,5200";"3,0175";"3,1745"
"90,5300";"3,0179";"3,1761"
"90,5400";"3,0181";"3,1787"
"90,5500";"3,0183";"3,1795"
"90,5600";"3,0187";"3,1780"
"90,5700";"3,0189";"3,1761"
"90,5800";"3,0192";"3,1764"
"90,5900";"3,0195";"3,1788"
"90,6000";"3,0199";"3,1791"
"90,6100";"3,0202";"3,1776"
"90,6200";"3,0206";"3,1761"
"90,6300";"3,0209";"3,1768"
"90,6400";"3,0213";"3,1798"
"90,6500";"3,0216";"3,1814"
"90,6600";"3,0219";"3,1802"
"90,6700";"3,0222";"3,1785"
"90,6800";"3,0226";"3,1790"
"90,6900";"3,0229";"3,1823"
"90,7000";"3,0233";"3,1844"
"90,7100";"3,0235";"3,1837"
"90,7200";"3,0239";"3,1821"
"90,7300";"3,0241";"3,1828"
"90,7400";"3,0245";"3,1833"
"90,7500";"3,0248";"3,1815"
"90,7600";"3,0251";"3,1788"
"90,7700";"3,0254";"3,1786"
"90,7800";"3,0258";"3,1812"
"90,7900";"3,0261";"3,1826"
"90,8000";"3,0265";"3,1824"
"90,8100";"3,0268";"3,1831"
"90,8200";"3,0272";"3,1853"
"90,8300";"3,0275";"3,1868"
"90,8400";"3,0279";"3,1854"
"90,8500";"3,0282";"3,1845"
"90,8600";"3,0286";"3,1846"
"90,8700";"3,0290";"3,1873"
"90,8800";"3,0292";"3,1892"
"90,8900";"3,0294";"3,1897"
"90,9000";"3,0298";"3,1892"
"90,9100";"3,0301";"3,1881"
"90,9200";"3,0305";"3,1868"
"90,9300";"3,0308";"3,1870"
"90,9400";"3,0312";"3,1887"
"90,9500";"3,0315";"3,1887"
"90,9600";"3,0319";"3,1881"
"90,9700";"3,0324";"3,1889"
"90,9800";"3,0327";"3,1915"
"90,9900";"3,0331";"3,1923"
"91,0000";"3,0334";"3,1919"
"91,0100";"3,0338";"3,1908"
"91,0200";"3,0340";"3,1912"
"91,0300";"3,0343";"3,1904"
"91,0400";"3,0346";"3,1876"
"91,0500";"3,0350";"3,1864"
"91,0600";"3,0352";"3,1881"
"91,0700";"3,0356";"3,1899"
"91,0800";"3,0359";"3,1900"
"91,0900";"3,0363";"3,1902"
"91,1000";"3,0366";"3,1922"
"91,1100";"3,0370";"3,1946"
"91,1200";"3,0373";"3,1951"
"91,1300";"3,0377";"3,1938"
"91,1400";"3,0380";"3,1934"
"91,1500";"3,0384";"3,1942"
"91,1600";"3,0387";"3,1946"
"91,1700";"3,0391";"3,1955"
"91,1800";"3,0395";"3,1967"
"91,1900";"3,0397";"3,1958"
"91,2000";"3,0400";"3,1939"
"91,2100";"3,0404";"3,1936"
"91,2200";"3,0406";"3,1941"
"91,2300";"3,0410";"3,1948"
"91,2400";"3,0412";"3,1951"
"91,2500";"3,0416";"3,1955"
"91,2600";"3,0418";"3,1972"
"91,2700";"3,0422";"3,1989"
"91,2800";"3,0424";"3,1973"
"91,2900";"3,0428";"3,1951"
"91,3000";"3,0431";"3,1946"
"91,3100";"3,0435";"3,1958"
"91,3200";"3,0438";"3,1976"
"91,3300";"3,0442";"3,1986"
"91,3400";"3,0444";"3,1997"
"91,3500";"3,0448";"3,2002"
"91,3600";"3,0451";"3,2002"
"91,3700";"3,0455";"3,1994"
"91,3800";"3,0458";"3,1990"
"91,3900";"3,0461";"3,1996"
"91,4000";"3,0464";"3,1996"
"91,4100";"3,0468";"3,1993"
"91,4200";"3,0470";"3,2011"
"91,4300";"3,0474";"3,2039"
"91,4400";"3,0477";"3,2045"
"91,4500";"3,0481";"3,2029"
"91,4600";"3,0484";"3,2019"
"91,4700";"3,0488";"3,2029"
"91,4800";"3,0491";"3,2034"
"91,4900";"3,0495";"3,2014"
"91,5000";"3,0498";"3,2005"
"91,5100";"3,0503";"3,2021"
"91,5200";"3,0507";"3,2046"
"91,5300";"3,0510";"3,2049"
"91,5400";"3,0514";"3,2039"
"91,5500";"3,0517";"3,2042"
"91,5600";"3,0520";"3,2049"
"91,5700";"3,0522";"3,2045"
"91,5800";"3,0526";"3,2040"
"91,5900";"3,0529";"3,2046"
"91,6000";"3,0532";"3,2059"
"91,6100";"3,0535";"3,2073"
"91,6200";"3,0539";"3,2080"
"91,6300";"3,0542";"3,2087"
"91,6400";"3,0547";"3,2082"
"91,6500";"3,0550";"3,2069"
"91,6600";"3,0554";"3,2076"
"91,6700";"3,0557";"3,2092"
"91,6800";"3,0561";"3,2086"
"91,6900";"3,0565";"3,2074"
"91,7000";"3,0567";"3,2075"
"91,7100";"3,0570";"3,2095"
"91,7200";"3,0573";"3,2105"
"91,7300";"3,0576";"3,2083"
"91,7400";"3,0580";"3,2066"
"91,7500";"3,0583";"3,2080"
"91,7600";"3,0587";"3,2116"
"91,7700";"3,0591";"3,2132"
"91,7800";"3,0594";"3,2125"
"91,7900";"3,0598";"3,2128"
"91,8000";"3,0601";"3,2132"
"91,8100";"3,0606";"3,2119"
"91,8200";"3,0609";"3,2104"
"91,8300";"3,0613";"3,2113"
"91,8400";"3,0615";"3,2131"
"91,8500";"3,0619";"3,2126"
"91,8600";"3,0622";"3,2120"
"91,8700";"3,0626";"3,2129"
"91,8800";"3,0628";"3,2128"
"91,8900";"3,0632";"3,2129"
"91,9000";"3,0634";"3,2134"
"91,9100";"3,0637";"3,2133"
"91,9200";"3,0640";"3,2135"
"91,9300";"3,0644";"3,2134"
"91,9400";"3,0646";"3,2148"
"91,9500";"3,0650";"3,2164"
"91,9600";"3,0653";"3,2173"
"91,9700";"3,0657";"3,2152"
"91,9800";"3,0659";"3,2136"
"91,9900";"3,0663";"3,2155"
"92,0000";"3,0667";"3,2173"
"92,0100";"3,0671";"3,2163"
"92,0200";"3,0674";"3,2145"
"92,0300";"3,0678";"3,2138"
"92,0400";"3,0680";"3,2156"
"92,0500";"3,0684";"3,2177"
"92,0600";"3,0686";"3,2184"
"92,0700";"3,0690";"3,2202"
"92,0800";"3,0692";"3,2227"
"92,0900";"3,0696";"3,2233"
"92,1000";"3,0698";"3,2201"
"92,1100";"3,0702";"3,2187"
"92,1200";"3,0705";"3,2195"
"92,1300";"3,0709";"3,2218"
"92,1400";"3,0712";"3,2231"
"92,1500";"3,0716";"3,2224"
"92,1600";"3,0718";"3,2219"
"92,1700";"3,0723";"3,2218"
"92,1800";"3,0726";"3,2221"
"92,1900";"3,0730";"3,2229"
"92,2000";"3,0732";"3,2246"
"92,2100";"3,0736";"3,2250"
"92,2200";"3,0738";"3,2237"
"92,2300";"3,0742";"3,2228"
"92,2400";"3,0744";"3,2233"
"92,2500";"3,0748";"3,2229"
"92,2600";"3,0751";"3,2222"
"92,2700";"3,0755";"3,2221"
"92,2800";"3,0758";"3,2239"
"92,2900";"3,0762";"3,2232"
"92,3000";"3,0766";"3,2213"
"92,3100";"3,0770";"3,2215"
"92,3200";"3,0774";"3,2240"
"92,3300";"3,0777";"3,2268"
"92,3400";"3,0782";"3,2274"
"92,3500";"3,0784";"3,2272"
"92,3600";"3,0788";"3,2268"
"92,3700";"3,0790";"3,2256"
"92,3800";"3,0794";"3,2248"
"92,3900";"3,0796";"3,2243"
"92,4000";"3,0800";"3,2257"
"92,4100";"3,0803";"3,2282"
"92,4200";"3,0807";"3,2285"
"92,4300";"3,0810";"3,2280"
"92,4400";"3,0814";"3,2292"
"92,4500";"3,0817";"3,2316"
"92,4600";"3,0820";"3,2309"
"92,4700";"3,0824";"3,2290"
"92,4800";"3,0828";"3,2297"
"92,4900";"3,0831";"3,2313"
"92,5000";"3,0835";"3,2302"
"92,5100";"3,0838";"3,2293"
"92,5200";"3,0842";"3,2332"
"92,5300";"3,0846";"3,2361"
"92,5400";"3,0848";"3,2356"
"92,5500";"3,0850";"3,2319"
"92,5600";"3,0854";"3,2293"
"92,5700";"3,0856";"3,2297"
"92,5800";"3,0859";"3,2316"
"92,5900";"3,0862";"3,2315"
"92,6000";"3,0866";"3,2310"
"92,6100";"3,0868";"3,2313"
"92,6200";"3,0872";"3,2320"
"92,6300";"3,0875";"3,2324"
"92,6400";"3,0879";"3,2334"
"92,6500";"3,0882";"3,2351"
"92,6600";"3,0886";"3,2352"
"92,6700";"3,0889";"3,2332"
"92,6800";"3,0893";"3,2330"
"92,6900";"3,0896";"3,2338"
"92,7000";"3,0900";"3,2335"
"92,7100";"3,0903";"3,2325"
"92,7200";"3,0907";"3,2318"
"92,7300";"3,0909";"3,2333"
"92,7400";"3,0913";"3,2352"
"92,7500";"3,0916";"3,2366"
"92,7600";"3,0919";"3,2384"
"92,7700";"3,0922";"3,2414"
"92,7800";"3,0926";"3,2418"
"92,7900";"3,0928";"3,2386"
"92,8000";"3,0932";"3,2366"
"92,8100";"3,0935";"3,2375"
"92,8200";"3,0939";"3,2391"
"92,8300";"3,0942";"3,2395"
"92,8400";"3,0946";"3,2392"
"92,8500";"3,0949";"3,2399"
"92,8600";"3,0953";"3,2413"
"92,8700";"3,0957";"3,2425"
"92,8800";"3,0960";"3,2419"
"92,8900";"3,0962";"3,2408"
"92,9000";"3,0966";"3,2387"
"92,9100";"3,0968";"3,2374"
"92,9200";"3,0971";"3,2387"
"92,9300";"3,0974";"3,2416"
"92,9400";"3,0978";"3,2440"
"92,9500";"3,0981";"3,2439"
"92,9600";"3,0985";"3,2432"
"92,9700";"3,0988";"3,2440"
"92,9800";"3,0993";"3,2453"
"92,9900";"3,0997";"3,2462"
"93,0000";"3,1000";"3,2462"
"93,0100";"3,1004";"3,2463"
"93,0200";"3,1007";"3,2460"
"93,0300";"3,1011";"3,2447"
"93,0400";"3,1013";"3,2449"
"93,0500";"3,1017";"3,2467"
"93,0600";"3,1020";"3,2476"
"93,0700";"3,1023";"3,2450"
"93,0800";"3,1026";"3,2429"
"93,0900";"3,1030";"3,2446"
"93,1000";"3,1033";"3,2476"
"93,1100";"3,1036";"3,2482"
"93,1200";"3,1039";"3,2470"
"93,1300";"3,1043";"3,2477"
"93,1400";"3,1046";"3,2506"
"93,1500";"3,1050";"3,2514"
"93,1600";"3,1053";"3,2499"
"93,1700";"3,1057";"3,2490"
"93,1800";"3,1060";"3,2491"
"93,1900";"3,1064";"3,2482"
"93,2000";"3,1067";"3,2477"
"93,2100";"3,1071";"3,2495"
"93,2200";"3,1075";"3,2520"
"93,2300";"3,1077";"3,2523"
"93,2400";"3,1080";"3,2501"
"93,2500";"3,1083";"3,2484"
"93,2600";"3,1086";"3,2483"
"93,2700";"3,1089";"3,2492"
"93,2800";"3,1092";"3,2516"
"93,2900";"3,1096";"3,2535"
"93,3000";"3,1098";"3,2546"
"93,3100";"3,1102";"3,2533"
"93,3200";"3,1105";"3,2515"
"93,3300";"3,1109";"3,2520"
"93,3400";"3,1111";"3,2534"
"93,3500";"3,1115";"3,2542"
"93,3600";"3,1118";"3,2534"
"93,3700";"3,1122";"3,2530"
"93,3800";"3,1125";"3,2539"
"93,3900";"3,1129";"3,2561"
"93,4000";"3,1132";"3,2574"
"93,4100";"3,1135";"3,2579"
"93,4200";"3,1138";"3,2575"
"93,4300";"3,1141";"3,2541"
"93,4400";"3,1144";"3,2528"
"93,4500";"3,1148";"3,2557"
"93,4600";"3,1151";"3,2582"
"93,4700";"3,1154";"3,2573"
"93,4800";"3,1157";"3,2555"
"93,4900";"3,1162";"3,2550"
"93,5000";"3,1165";"3,2578"
"93,5100";"3,1169";"3,2598"
"93,5200";"3,1173";"3,2580"
"93,5300";"3,1176";"3,2568"
"93,5400";"3,1180";"3,2570"
"93,5500";"3,1184";"3,2589"
"93,5600";"3,1187";"3,2598"
"93,5700";"3,1190";"3,2599"
"93,5800";"3,1193";"3,2609"
"93,5900";"3,1196";"3,2627"
"93,6000";"3,1200";"3,2620"
"93,6100";"3,1203";"3,2610"
"93,6200";"3,1207";"3,2618"
"93,6300";"3,1210";"3,2635"
"93,6400";"3,1214";"3,2639"
"93,6500";"3,1217";"3,2631"
"93,6600";"3,1221";"3,2636"
"93,6700";"3,1225";"3,2652"
"93,6800";"3,1228";"3,2664"
"93,6900";"3,1233";"3,2663"
"93,7000";"3,1236";"3,2663"
"93,7100";"3,1239";"3,2663"
"93,7200";"3,1242";"3,2647"
"93,7300";"3,1245";"3,2632"
"93,7400";"3,1247";"3,2640"
"93,7500";"3,1250";"3,2668"
"93,7600";"3,1254";"3,2668"
"93,7700";"3,1258";"3,2647"
"93,7800";"3,1260";"3,2650"
"93,7900";"3,1263";"3,2676"
"93,8000";"3,1267";"3,2693"
"93,8100";"3,1271";"3,2670"
"93,8200";"3,1274";"3,2660"
"93,8300";"3,1278";"3,2671"
"93,8400";"3,1281";"3,2693"
"93,8500";"3,1285";"3,2709"
"93,8600";"3,1288";"3,2708"
"93,8700";"3,1292";"3,2695"
"93,8800";"3,1295";"3,2673"
"93,8900";"3,1298";"3,2666"
"93,9000";"3,1301";"3,2685"
"93,9100";"3,1304";"3,2711"
"93,9200";"3,1306";"3,2730"
"93,9300";"3,1310";"3,2734"
"93,9400";"3,1312";"3,2730"
"93,9500";"3,1315";"3,2722"
"93,9600";"3,1319";"3,2696"
"93,9700";"3,1322";"3,2668"
"93,9800";"3,1326";"3,2662"
"93,9900";"3,1328";"3,2691"
"94,0000";"3,1332";"3,2720"
"94,0100";"3,1337";"3,2736"
"94,0200";"3,1339";"3,2737"
"94,0300";"3,1344";"3,2748"
"94,0400";"3,1347";"3,2742"
"94,0500";"3,1351";"3,2720"
"94,0600";"3,1353";"3,2710"
"94,0700";"3,1357";"3,2725"
"94,0800";"3,1360";"3,2747"
"94,0900";"3,1363";"3,2763"
"94,1000";"3,1366";"3,2779"
"94,1100";"3,1370";"3,2789"
"94,1200";"3,1372";"3,2786"
"94,1300";"3,1376";"3,2762"
"94,1400";"3,1379";"3,2733"
"94,1500";"3,1383";"3,2736"
"94,1600";"3,1385";"3,2745"
"94,1700";"3,1389";"3,2749"
"94,1800";"3,1392";"3,2749"
"94,1900";"3,1396";"3,2768"
"94,2000";"3,1399";"3,2779"
"94,2100";"3,1404";"3,2782"
"94,2200";"3,1407";"3,2795"
"94,2300";"3,1411";"3,2814"
"94,2400";"3,1413";"3,2818"
"94,2500";"3,1416";"3,2801"
"94,2600";"3,1419";"3,2791"
"94,2700";"3,1423";"3,2811"
"94,2800";"3,1425";"3,2839"
"94,2900";"3,1429";"3,2842"
"94,3000";"3,1432";"3,2829"
"94,3100";"3,1436";"3,2829"
"94,3200";"3,1439";"3,2842"
"94,3300";"3,1443";"3,2831"
"94,3400";"3,1446";"3,2817"
"94,3500";"3,1450";"3,2828"
"94,3600";"3,1452";"3,2847"
"94,3700";"3,1456";"3,2843"
"94,3800";"3,1459";"3,2817"
"94,3900";"3,1462";"3,2809"
"94,4000";"3,1465";"3,2820"
"94,4100";"3,1468";"3,2839"
"94,4200";"3,1471";"3,2840"
"94,4300";"3,1475";"3,2849"
"94,4400";"3,1478";"3,2869"
"94,4500";"3,1482";"3,2870"
"94,4600";"3,1485";"3,2850"
"94,4700";"3,1489";"3,2834"
"94,4800";"3,1492";"3,2836"
"94,4900";"3,1496";"3,2842"
"94,5000";"3,1500";"3,2829"
"94,5100";"3,1503";"3,2830"
"94,5200";"3,1507";"3,2838"
"94,5300";"3,1510";"3,2846"
"94,5400";"3,1514";"3,2859"
"94,5500";"3,1517";"3,2876"
"94,5600";"3,1521";"3,2897"
"94,5700";"3,1523";"3,2908"
"94,5800";"3,1527";"3,2899"
"94,5900";"3,1529";"3,2889"
"94,6000";"3,1533";"3,2891"
"94,6100";"3,1535";"3,2901"
"94,6200";"3,1539";"3,2903"
"94,6300";"3,1542";"3,2901"
"94,6400";"3,1546";"3,2909"
"94,6500";"3,1549";"3,2914"
"94,6600";"3,1552";"3,2909"
"94,6700";"3,1555";"3,2891"
"94,6800";"3,1559";"3,2886"
"94,6900";"3,1562";"3,2888"
"94,7000";"3,1567";"3,2894"
"94,7100";"3,1570";"3,2923"
"94,7200";"3,1574";"3,2945"
"94,7300";"3,1576";"3,2953"
"94,7400";"3,1580";"3,2924"
"94,7500";"3,1583";"3,2905"
"94,7600";"3,1586";"3,2929"
"94,7700";"3,1589";"3,2960"
"94,7800";"3,1592";"3,2953"
"94,7900";"3,1595";"3,2923"
"94,8000";"3,1598";"3,2911"
"94,8100";"3,1601";"3,2922"
"94,8200";"3,1605";"3,2943"
"94,8300";"3,1608";"3,2955"
"94,8400";"3,1612";"3,2957"
"94,8500";"3,1615";"3,2957"
"94,8600";"3,1619";"3,2962"
"94,8700";"3,1622";"3,2973"
"94,8800";"3,1626";"3,2978"
"94,8900";"3,1629";"3,2977"
"94,9000";"3,1633";"3,2970"
"94,9100";"3,1635";"3,2963"
"94,9200";"3,1638";"3,2973"
"94,9300";"3,1641";"3,2984"
"94,9400";"3,1644";"3,2980"
"94,9500";"3,1647";"3,2970"
"94,9600";"3,1651";"3,2975"
"94,9700";"3,1654";"3,2990"
"94,9800";"3,1658";"3,2998"
"94,9900";"3,1661";"3,2987"
"95,0000";"3,1666";"3,2983"
"95,0100";"3,1670";"3,2980"
"95,0200";"3,1673";"3,2983"
"95,0300";"3,1677";"3,2990"
"95,0400";"3,1680";"3,3002"
"95,0500";"3,1684";"3,3038"
"95,0600";"3,1686";"3,3056"
"95,0700";"3,1690";"3,3048"
"95,0800";"3,1692";"3,3040"
"95,0900";"3,1696";"3,3040"
"95,1000";"3,1698";"3,3040"
"95,1100";"3,1701";"3,3032"
"95,1200";"3,1705";"3,3028"
"95,1300";"3,1710";"3,3022"
"95,1400";"3,1713";"3,3019"
"95,1500";"3,1717";"3,3027"
"95,1600";"3,1720";"3,3062"
"95,1700";"3,1724";"3,3085"
"95,1800";"3,1727";"3,3064"
"95,1900";"3,1731";"3,3019"
"95,2000";"3,1735";"3,3007"
"95,2100";"3,1738";"3,3039"
"95,2200";"3,1740";"3,3082"
"95,2300";"3,1744";"3,3085"
"95,2400";"3,1747";"3,3080"
"95,2500";"3,1750";"3,3082"
"95,2600";"3,1752";"3,3081"
"95,2700";"3,1756";"3,3074"
"95,2800";"3,1758";"3,3080"
"95,2900";"3,1762";"3,3092"
"95,3000";"3,1765";"3,3097"
"95,3100";"3,1769";"3,3086"
"95,3200";"3,1772";"3,3069"
"95,3300";"3,1775";"3,3080"
"95,3400";"3,1778";"3,3105"
"95,3500";"3,1782";"3,3113"
"95,3600";"3,1785";"3,3096"
"95,3700";"3,1789";"3,3082"
"95,3800";"3,1792";"3,3088"
"95,3900";"3,1797";"3,3113"
"95,4000";"3,1799";"3,3131"
"95,4100";"3,1804";"3,3135"
"95,4200";"3,1807";"3,3123"
"95,4300";"3,1810";"3,3109"
"95,4400";"3,1812";"3,3098"
"95,4500";"3,1816";"3,3118"
"95,4600";"3,1820";"3,3137"
"95,4700";"3,1823";"3,3135"
"95,4800";"3,1825";"3,3130"
"95,4900";"3,1829";"3,3145"
"95,5000";"3,1832";"3,3175"
"95,5100";"3,1836";"3,3177"
"95,5200";"3,1841";"3,3153"
"95,5300";"3,1844";"3,3140"
"95,5400";"3,1848";"3,3151"
"95,5500";"3,1851";"3,3169"
"95,5600";"3,1855";"3,3169"
"95,5700";"3,1858";"3,3168"
"95,5800";"3,1861";"3,3181"
"95,5900";"3,1863";"3,3183"
"95,6000";"3,1867";"3,3160"
"95,6100";"3,1869";"3,3147"
"95,6200";"3,1873";"3,3157"
"95,6300";"3,1876";"3,3160"
"95,6400";"3,1880";"3,3160"
"95,6500";"3,1883";"3,3171"
"95,6600";"3,1887";"3,3176"
"95,6700";"3,1890";"3,3170"
"95,6800";"3,1894";"3,3170"
"95,6900";"3,1897";"3,3177"
"95,7000";"3,1901";"3,3191"
"95,7100";"3,1905";"3,3198"
"95,7200";"3,1908";"3,3185"
"95,7300";"3,1910";"3,3188"
"95,7400";"3,1914";"3,3197"
"95,7500";"3,1917";"3,3188"
"95,7600";"3,1920";"3,3178"
"95,7700";"3,1923";"3,3175"
"95,7800";"3,1927";"3,3204"
"95,7900";"3,1930";"3,3225"
"95,8000";"3,1934";"3,3224"
"95,8100";"3,1938";"3,3214"
"95,8200";"3,1941";"3,3227"
"95,8300";"3,1945";"3,3242"
"95,8400";"3,1948";"3,3247"
"95,8500";"3,1952";"3,3243"
"95,8600";"3,1955";"3,3253"
"95,8700";"3,1958";"3,3258"
"95,8800";"3,1961";"3,3252"
"95,8900";"3,1965";"3,3246"
"95,9000";"3,1968";"3,3243"
"95,9100";"3,1971";"3,3253"
"95,9200";"3,1974";"3,3252"
"95,9300";"3,1977";"3,3248"
"95,9400";"3,1979";"3,3251"
"95,9500";"3,1982";"3,3264"
"95,9600";"3,1986";"3,3275"
"95,9700";"3,1988";"3,3276"
"95,9800";"3,1992";"3,3277"
"95,9900";"3,1995";"3,3267"
"96,0000";"3,1998";"3,3247"
"96,0100";"3,2001";"3,3250"
"96,0200";"3,2006";"3,3276"
"96,0300";"3,2010";"3,3292"
"96,0400";"3,2013";"3,3279"
"96,0500";"3,2017";"3,3253"
"96,0600";"3,2020";"3,3250"
"96,0700";"3,2023";"3,3270"
"96,0800";"3,2026";"3,3278"
"96,0900";"3,2030";"3,3285"
"96,1000";"3,2032";"3,3310"
"96,1100";"3,2036";"3,3332"
"96,1200";"3,2038";"3,3335"
"96,1300";"3,2040";"3,3322"
"96,1400";"3,2044";"3,3305"
"96,1500";"3,2047";"3,3306"
"96,1600";"3,2051";"3,3300"
"96,1700";"3,2054";"3,3286"
"96,1800";"3,2058";"3,3300"
"96,1900";"3,2062";"3,3334"
"96,2000";"3,2065";"3,3364"
"96,2100";"3,2069";"3,3375"
"96,2200";"3,2072";"3,3351"
"96,2300";"3,2076";"3,3322"
"96,2400";"3,2079";"3,3315"
"96,2500";"3,2083";"3,3332"
"96,2600";"3,2086";"3,3357"
"96,2700";"3,2090";"3,3379"
"96,2800";"3,2092";"3,3368"
"96,2900";"3,2095";"3,3353"
"96,3000";"3,2098";"3,3364"
"96,3100";"3,2102";"3,3380"
"96,3200";"3,2105";"3,3377"
"96,3300";"3,2108";"3,3358"
"96,3400";"3,2112";"3,3351"
"96,3500";"3,2116";"3,3362"
"96,3600";"3,2119";"3,3373"
"96,3700";"3,2123";"3,3380"
"96,3800";"3,2128";"3,3391"
"96,3900";"3,2131";"3,3402"
"96,4000";"3,2135";"3,3395"
"96,4100";"3,2137";"3,3369"
"96,4200";"3,2141";"3,3350"
"96,4300";"3,2143";"3,3367"
"96,4400";"3,2147";"3,3394"
"96,4500";"3,2149";"3,3407"
"96,4600";"3,2152";"3,3414"
"96,4700";"3,2156";"3,3418"
"96,4800";"3,2160";"3,3409"
"96,4900";"3,2163";"3,3404"
"96,5000";"3,2167";"3,3405"
"96,5100";"3,2170";"3,3415"
"96,5200";"3,2174";"3,3429"
"96,5300";"3,2177";"3,3447"
"96,5400";"3,2181";"3,3455"
"96,5500";"3,2184";"3,3461"
"96,5600";"3,2188";"3,3451"
"96,5700";"3,2191";"3,3428"
"96,5800";"3,2194";"3,3413"
"96,5900";"3,2197";"3,3421"
"96,6000";"3,2200";"3,3429"
"96,6100";"3,2203";"3,3435"
"96,6200";"3,2206";"3,3437"
"96,6300";"3,2209";"3,3448"
"96,6400";"3,2211";"3,3460"
"96,6500";"3,2215";"3,3459"
"96,6600";"3,2219";"3,3453"
"96,6700";"3,2222";"3,3460"
"96,6800";"3,2226";"3,3461"
"96,6900";"3,2228";"3,3458"
"96,7000";"3,2232";"3,3458"
"96,7100";"3,2235";"3,3469"
"96,7200";"3,2239";"3,3477"
"96,7300";"3,2242";"3,3478"
"96,7400";"3,2246";"3,3478"
"96,7500";"3,2249";"3,3477"
"96,7600";"3,2253";"3,3486"
"96,7700";"3,2256";"3,3487"
"96,7800";"3,2259";"3,3481"
"96,7900";"3,2261";"3,3484"
"96,8000";"3,2265";"3,3483"
"96,8100";"3,2268";"3,3486"
"96,8200";"3,2272";"3,3476"
"96,8300";"3,2274";"3,3479"
"96,8400";"3,2278";"3,3487"
"96,8500";"3,2281";"3,3483"
"96,8600";"3,2285";"3,3480"
"96,8700";"3,2288";"3,3489"
"96,8800";"3,2293";"3,3518"
"96,8900";"3,2296";"3,3543"
"96,9000";"3,2300";"3,3551"
"96,9100";"3,2304";"3,3542"
"96,9200";"3,2307";"3,3523"
"96,9300";"3,2311";"3,3520"
"96,9400";"3,2313";"3,3521"
"96,9500";"3,2315";"3,3547"
"96,9600";"3,2319";"3,3572"
"96,9700";"3,2321";"3,3567"
"96,9800";"3,2325";"3,3544"
"96,9900";"3,2328";"3,3533"
"97,0000";"3,2332";"3,3532"
"97,0100";"3,2335";"3,3541"
"97,0200";"3,2339";"3,3542"
"97,0300";"3,2342";"3,3545"
"97,0400";"3,2346";"3,3552"
"97,0500";"3,2350";"3,3552"
"97,0600";"3,2353";"3,3559"
"97,0700";"3,2357";"3,3559"
"97,0800";"3,2360";"3,3567"
"97,0900";"3,2363";"3,3570"
"97,1000";"3,2366";"3,3568"
"97,1100";"3,2368";"3,3574"
"97,1200";"3,2372";"3,3593"
"97,1300";"3,2376";"3,3602"
"97,1400";"3,2378";"3,3602"
"97,1500";"3,2381";"3,3592"
"97,1600";"3,2385";"3,3590"
"97,1700";"3,2389";"3,3604"
"97,1800";"3,2392";"3,3599"
"97,1900";"3,2396";"3,3594"
"97,2000";"3,2399";"3,3595"
"97,2100";"3,2403";"3,3592"
"97,2200";"3,2406";"3,3594"
"97,2300";"3,2410";"3,3594"
"97,2400";"3,2413";"3,3599"
"97,2500";"3,2417";"3,3631"
"97,2600";"3,2420";"3,3651"
"97,2700";"3,2424";"3,3649"
"97,2800";"3,2426";"3,3638"
"97,2900";"3,2430";"3,3638"
"97,3000";"3,2432";"3,3636"
"97,3100";"3,2436";"3,3633"
"97,3200";"3,2439";"3,3632"
"97,3300";"3,2443";"3,3639"
"97,3400";"3,2445";"3,3649"
"97,3500";"3,2449";"3,3671"
"97,3600";"3,2452";"3,3685"
"97,3700";"3,2456";"3,3679"
"97,3800";"3,2459";"3,3653"
"97,3900";"3,2464";"3,3623"
"97,4000";"3,2468";"3,3624"
"97,4100";"3,2471";"3,3651"
"97,4200";"3,2475";"3,3677"
"97,4300";"3,2477";"3,3671"
"97,4400";"3,2481";"3,3658"
"97,4500";"3,2483";"3,3667"
"97,4600";"3,2487";"3,3678"
"97,4700";"3,2489";"3,3689"
"97,4800";"3,2492";"3,3682"
"97,4900";"3,2496";"3,3669"
"97,5000";"3,2498";"3,3648"
"97,5100";"3,2502";"3,3629"
"97,5200";"3,2505";"3,3661"
"97,5300";"3,2509";"3,3722"
"97,5400";"3,2512";"3,3745"
"97,5500";"3,2516";"3,3719"
"97,5600";"3,2520";"3,3674"
"97,5700";"3,2523";"3,3687"
"97,5800";"3,2527";"3,3731"
"97,5900";"3,2530";"3,3749"
"97,6000";"3,2534";"3,3733"
"97,6100";"3,2536";"3,3712"
"97,6200";"3,2540";"3,3721"
"97,6300";"3,2542";"3,3729"
"97,6400";"3,2544";"3,3741"
"97,6500";"3,2548";"3,3758"
"97,6600";"3,2551";"3,3757"
"97,6700";"3,2555";"3,3741"
"97,6800";"3,2559";"3,3728"
"97,6900";"3,2562";"3,3732"
"97,7000";"3,2566";"3,3756"
"97,7100";"3,2569";"3,3767"
"97,7200";"3,2573";"3,3773"
"97,7300";"3,2576";"3,3772"
"97,7400";"3,2580";"3,3763"
"97,7500";"3,2583";"3,3746"
"97,7600";"3,2587";"3,3744"
"97,7700";"3,2590";"3,3760"
"97,7800";"3,2593";"3,3770"
"97,7900";"3,2596";"3,3771"
"97,8000";"3,2600";"3,3768"
"97,8100";"3,2603";"3,3780"
"97,8200";"3,2606";"3,3795"
"97,8300";"3,2609";"3,3786"
"97,8400";"3,2613";"3,3756"
"97,8500";"3,2616";"3,3732"
"97,8600";"3,2620";"3,3748"
"97,8700";"3,2623";"3,3782"
"97,8800";"3,2627";"3,3811"
"97,8900";"3,2631";"3,3829"
"97,9000";"3,2634";"3,3828"
"97,9100";"3,2638";"3,3816"
"97,9200";"3,2641";"3,3813"
"97,9300";"3,2645";"3,3822"
"97,9400";"3,2647";"3,3834"
"97,9500";"3,2651";"3,3830"
"97,9600";"3,2653";"3,3823"
"97,9700";"3,2655";"3,3829"
"97,9800";"3,2659";"3,3846"
"97,9900";"3,2661";"3,3842"
"98,0000";"3,2665";"3,3813"
"98,0100";"3,2668";"3,3799"
"98,0200";"3,2672";"3,3809"
"98,0300";"3,2675";"3,3826"
"98,0400";"3,2678";"3,3828"
"98,0500";"3,2681";"3,3829"
"98,0600";"3,2685";"3,3848"
"98,0700";"3,2688";"3,3866"
"98,0800";"3,2692";"3,3861"
"98,0900";"3,2695";"3,3843"
"98,1000";"3,2699";"3,3828"
"98,1100";"3,2703";"3,3818"
"98,1200";"3,2705";"3,3814"
"98,1300";"3,2708";"3,3823"
"98,1400";"3,2711";"3,3855"
"98,1500";"3,2714";"3,3868"
"98,1600";"3,2717";"3,3860"
"98,1700";"3,2720";"3,3861"
"98,1800";"3,2724";"3,3872"
"98,1900";"3,2727";"3,3871"
"98,2000";"3,2731";"3,3860"
"98,2100";"3,2736";"3,3843"
"98,2200";"3,2739";"3,3866"
"98,2300";"3,2743";"3,3878"
"98,2400";"3,2746";"3,3871"
"98,2500";"3,2750";"3,3859"
"98,2600";"3,2753";"3,3861"
"98,2700";"3,2757";"3,3865"
"98,2800";"3,2760";"3,3865"
"98,2900";"3,2764";"3,3856"
"98,3000";"3,2767";"3,3865"
"98,3100";"3,2770";"3,3884"
"98,3200";"3,2773";"3,3899"
"98,3300";"3,2776";"3,3904"
"98,3400";"3,2779";"3,3911"
"98,3500";"3,2783";"3,3920"
"98,3600";"3,2786";"3,3923"
"98,3700";"3,2790";"3,3923"
"98,3800";"3,2793";"3,3921"
"98,3900";"3,2796";"3,3901"
"98,4000";"3,2801";"3,3880"
"98,4100";"3,2804";"3,3890"
"98,4200";"3,2808";"3,3932"
"98,4300";"3,2810";"3,3955"
"98,4400";"3,2814";"3,3946"
"98,4500";"3,2816";"3,3910"
"98,4600";"3,2819";"3,3909"
"98,4700";"3,2822";"3,3945"
"98,4800";"3,2825";"3,3962"
"98,4900";"3,2829";"3,3947"
"98,5000";"3,2832";"3,3950"
"98,5100";"3,2836";"3,3970"
"98,5200";"3,2840";"3,3975"
"98,5300";"3,2843";"3,3952"
"98,5400";"3,2847";"3,3939"
"98,5500";"3,2850";"3,3937"
"98,5600";"3,2854";"3,3938"
"98,5700";"3,2857";"3,3929"
"98,5800";"3,2861";"3,3938"
"98,5900";"3,2864";"3,3974"
"98,6000";"3,2868";"3,4015"
"98,6100";"3,2871";"3,4039"
"98,6200";"3,2874";"3,4025"
"98,6300";"3,2877";"3,4006"
"98,6400";"3,2880";"3,3991"
"98,6500";"3,2883";"3,3997"
"98,6600";"3,2886";"3,4012"
"98,6700";"3,2889";"3,4007"
"98,6800";"3,2893";"3,3988"
"98,6900";"3,2896";"3,3986"
"98,7000";"3,2900";"3,4024"
"98,7100";"3,2902";"3,4052"
"98,7200";"3,2906";"3,4039"
"98,7300";"3,2909";"3,3996"
"98,7400";"3,2913";"3,3987"
"98,7500";"3,2916";"3,4021"
"98,7600";"3,2920";"3,4041"
"98,7700";"3,2923";"3,4029"
"98,7800";"3,2927";"3,4018"
"98,7900";"3,2929";"3,4038"
"98,8000";"3,2932";"3,4054"
"98,8100";"3,2935";"3,4052"
"98,8200";"3,2937";"3,4053"
"98,8300";"3,2941";"3,4075"
"98,8400";"3,2945";"3,4081"
"98,8500";"3,2947";"3,4064"
"98,8600";"3,2950";"3,4043"
"98,8700";"3,2954";"3,4044"
"98,8800";"3,2958";"3,4064"
"98,8900";"3,2961";"3,4071"
"98,9000";"3,2965";"3,4056"
"98,9100";"3,2968";"3,4057"
"98,9200";"3,2973";"3,4068"
"98,9300";"3,2976";"3,4076"
"98,9400";"3,2980";"3,4080"
"98,9500";"3,2985";"3,4095"
"98,9600";"3,2988";"3,4102"
"98,9700";"3,2991";"3,4093"
"98,9800";"3,2993";"3,4097"
"98,9900";"3,2997";"3,4117"
"99,0000";"3,2999";"3,4122"
"99,0100";"3,3002";"3,4103"
"99,0200";"3,3006";"3,4085"
"99,0300";"3,3008";"3,4098"
"99,0400";"3,3013";"3,4135"
"99,0500";"3,3015";"3,4145"
"99,0600";"3,3019";"3,4125"
"99,0700";"3,3022";"3,4112"
"99,0800";"3,3026";"3,4112"
"99,0900";"3,3030";"3,4108"
"99,1000";"3,3033";"3,4102"
"99,1100";"3,3037";"3,4107"
"99,1200";"3,3040";"3,4117"
"99,1300";"3,3043";"3,4134"
"99,1400";"3,3046";"3,4155"
"99,1500";"3,3048";"3,4167"
"99,1600";"3,3052";"3,4173"
"99,1700";"3,3056";"3,4170"
"99,1800";"3,3059";"3,4162"
"99,1900";"3,3063";"3,4157"
"99,2000";"3,3066";"3,4160"
"99,2100";"3,3070";"3,4156"
"99,2200";"3,3073";"3,4155"
"99,2300";"3,3077";"3,4158"
"99,2400";"3,3080";"3,4159"
"99,2500";"3,3084";"3,4149"
"99,2600";"3,3087";"3,4139"
"99,2700";"3,3091";"3,4144"
"99,2800";"3,3095";"3,4174"
"99,2900";"3,3098";"3,4189"
"99,3000";"3,3100";"3,4180"
"99,3100";"3,3104";"3,4176"
"99,3200";"3,3106";"3,4181"
"99,3300";"3,3110";"3,4177"
"99,3400";"3,3112";"3,4164"
"99,3500";"3,3116";"3,4160"
"99,3600";"3,3119";"3,4171"
"99,3700";"3,3123";"3,4182"
"99,3800";"3,3126";"3,4189"
"99,3900";"3,3129";"3,4207"
"99,4000";"3,3132";"3,4250"
"99,4100";"3,3136";"3,4266"
"99,4200";"3,3139";"3,4245"
"99,4300";"3,3144";"3,4219"
"99,4400";"3,3148";"3,4214"
"99,4500";"3,3150";"3,4211"
"99,4600";"3,3154";"3,4185"
"99,4700";"3,3157";"3,4171"
"99,4800";"3,3159";"3,4199"
"99,4900";"3,3163";"3,4242"
"99,5000";"3,3165";"3,4266"
"99,5100";"3,3169";"3,4269"
"99,5200";"3,3172";"3,4263"
"99,5300";"3,3176";"3,4257"
"99,5400";"3,3178";"3,4242"
"99,5500";"3,3182";"3,4226"
"99,5600";"3,3187";"3,4235"
"99,5700";"3,3190";"3,4269"
"99,5800";"3,3194";"3,4291"
"99,5900";"3,3197";"3,4294"
"99,6000";"3,3201";"3,4286"
"99,6100";"3,3205";"3,4288"
"99,6200";"3,3209";"3,4290"
"99,6300";"3,3211";"3,4279"
"99,6400";"3,3214";"3,4250"
"99,6500";"3,3217";"3,4225"
"99,6600";"3,3220";"3,4212"
"99,6700";"3,3223";"3,4234"
"99,6800";"3,3227";"3,4277"
"99,6900";"3,3230";"3,4300"
"99,7000";"3,3233";"3,4282"
"99,7100";"3,3236";"3,4258"
"99,7200";"3,3240";"3,4265"
"99,7300";"3,3244";"3,4296"
"99,7400";"3,3248";"3,4314"
"99,7500";"3,3252";"3,4305"
"99,7600";"3,3254";"3,4310"
"99,7700";"3,3259";"3,4327"
"99,7800";"3,3261";"3,4334"
"99,7900";"3,3265";"3,4340"
"99,8000";"3,3267";"3,4347"
"99,8100";"3,3270";"3,4342"
"99,8200";"3,3273";"3,4327"
"99,8300";"3,3276";"3,4303"
"99,8400";"3,3279";"3,4309"
"99,8500";"3,3282";"3,4320"
"99,8600";"3,3286";"3,4319"
"99,8700";"3,3289";"3,4324"
"99,8800";"3,3292";"3,4334"
"99,8900";"3,3296";"3,4348"
"99,9000";"3,3300";"3,4361"
"99,9100";"3,3302";"3,4365"
"99,9200";"3,3307";"3,4373"
"99,9300";"3,3309";"3,4383"
"99,9400";"3,3313";"3,4372"
"99,9500";"3,3316";"3,4355"
"99,9600";"3,3320";"3,4352"
"99,9700";"3,3324";"3,4363"
"99,9800";"3,3327";"3,4371"
"99,9900";"3,3329";"3,4351"
"100,0000";"3,3333";"3,4351"
"100,0100";"3,3335";"3,4373"
"100,0200";"3,3339";"3,4394"
"100,0300";"3,3341";"3,4390"
"100,0400";"3,3345";"3,4353"
"100,0500";"3,3348";"3,4342"
"100,0600";"3,3352";"3,4361"
"100,0700";"3,3355";"3,4395"
"100,0800";"3,3359";"3,4408"
"100,0900";"3,3362";"3,4412"
"100,1000";"3,3366";"3,4416"
"100,1100";"3,3370";"3,4412"
"100,1200";"3,3373";"3,4415"
"100,1300";"3,3377";"3,4418"
"100,1400";"3,3379";"3,4418"
"100,1500";"3,3383";"3,4423"
"100,1600";"3,3385";"3,4419"
"100,1700";"3,3388";"3,4424"
"100,1800";"3,3391";"3,4430"
"100,1900";"3,3394";"3,4438"
"100,2000";"3,3398";"3,4438"
"100,2100";"3,3400";"3,4431"
"100,2200";"3,3404";"3,4421"
"100,2300";"3,3407";"3,4413"
"100,2400";"3,3411";"3,4423"
"100,2500";"3,3414";"3,4454"
"100,2600";"3,3419";"3,4467"
"100,2700";"3,3423";"3,4448"
"100,2800";"3,3426";"3,4438"
"100,2900";"3,3431";"3,4460"
"100,3000";"3,3435";"3,4492"
"100,3100";"3,3438";"3,4499"
"100,3200";"3,3440";"3,4467"
"100,3300";"3,3444";"3,4443"
"100,3400";"3,3446";"3,4452"
"100,3500";"3,3449";"3,4472"
"100,3600";"3,3452";"3,4483"
"100,3700";"3,3456";"3,4477"
"100,3800";"3,3458";"3,4462"
"100,3900";"3,3462";"3,4446"
"100,4000";"3,3465";"3,4451"
"100,4100";"3,3469";"3,4492"
"100,4200";"3,3472";"3,4521"
"100,4300";"3,3476";"3,4510"
"100,4400";"3,3479";"3,4482"
"100,4500";"3,3484";"3,4472"
"100,4600";"3,3486";"3,4499"
"100,4700";"3,3490";"3,4515"
"100,4800";"3,3494";"3,4509"
"100,4900";"3,3496";"3,4497"
"100,5000";"3,3499";"3,4520"
"100,5100";"3,3503";"3,4543"
"100,5200";"3,3505";"3,4538"
"100,5300";"3,3509";"3,4529"
"100,5400";"3,3512";"3,4536"
"100,5500";"3,3516";"3,4545"
"100,5600";"3,3520";"3,4520"
"100,5700";"3,3523";"3,4500"
"100,5800";"3,3527";"3,4507"
"100,5900";"3,3530";"3,4531"
"100,6000";"3,3534";"3,4544"
"100,6100";"3,3537";"3,4536"
"100,6200";"3,3541";"3,4513"
"100,6300";"3,3544";"3,4495"
"100,6400";"3,3547";"3,4504"
"100,6500";"3,3550";"3,4535"
"100,6600";"3,3554";"3,4566"
"100,6700";"3,3556";"3,4570"
"100,6800";"3,3558";"3,4557"
"100,6900";"3,3562";"3,4542"
"100,7000";"3,3566";"3,4556"
"100,7100";"3,3568";"3,4577"
"100,7200";"3,3571";"3,4573"
"100,7300";"3,3575";"3,4559"
"100,7400";"3,3577";"3,4555"
"100,7500";"3,3581";"3,4571"
"100,7600";"3,3584";"3,4584"
"100,7700";"3,3588";"3,4573"
"100,7800";"3,3592";"3,4561"
"100,7900";"3,3595";"3,4541"
"100,8000";"3,3599";"3,4544"
"100,8100";"3,3602";"3,4563"
"100,8200";"3,3606";"3,4586"
"100,8300";"3,3608";"3,4595"
"100,8400";"3,3612";"3,4592"
"100,8500";"3,3614";"3,4585"
"100,8600";"3,3617";"3,4587"
"100,8700";"3,3621";"3,4596"
"100,8800";"3,3625";"3,4601"
"100,8900";"3,3627";"3,4612"
"100,9000";"3,3630";"3,4634"
"100,9100";"3,3634";"3,4638"
"100,9200";"3,3638";"3,4622"
"100,9300";"3,3641";"3,4610"
"100,9400";"3,3645";"3,4632"
"100,9500";"3,3648";"3,4648"
"100,9600";"3,3653";"3,4625"
"100,9700";"3,3655";"3,4609"
"100,9800";"3,3660";"3,4627"
"100,9900";"3,3662";"3,4671"
"101,0000";"3,3665";"3,4698"
"101,0100";"3,3668";"3,4682"
"101,0200";"3,3671";"3,4655"
"101,0300";"3,3674";"3,4657"
"101,0400";"3,3678";"3,4673"
"101,0500";"3,3681";"3,4677"
"101,0600";"3,3685";"3,4683"
"101,0700";"3,3688";"3,4679"
"101,0800";"3,3693";"3,4677"
"101,0900";"3,3697";"3,4685"
"101,1000";"3,3700";"3,4690"
"101,1100";"3,3704";"3,4700"
"101,1200";"3,3707";"3,4696"
"101,1300";"3,3712";"3,4694"
"101,1400";"3,3714";"3,4707"
"101,1500";"3,3718";"3,4729"
"101,1600";"3,3720";"3,4741"
"101,1700";"3,3724";"3,4737"
"101,1800";"3,3726";"3,4729"
"101,1900";"3,3730";"3,4725"
"101,2000";"3,3733";"3,4733"
"101,2100";"3,3737";"3,4734"
"101,2200";"3,3740";"3,4730"
"101,2300";"3,3744";"3,4722"
"101,2400";"3,3747";"3,4719"
"101,2500";"3,3751";"3,4721"
"101,2600";"3,3754";"3,4732"
"101,2700";"3,3758";"3,4749"
"101,2800";"3,3762";"3,4756"
"101,2900";"3,3765";"3,4740"
"101,3000";"3,3769";"3,4732"
"101,3100";"3,3772";"3,4723"
"101,3200";"3,3776";"3,4712"
"101,3300";"3,3778";"3,4716"
"101,3400";"3,3782";"3,4737"
"101,3500";"3,3784";"3,4757"
"101,3600";"3,3786";"3,4755"
"101,3700";"3,3790";"3,4746"
"101,3800";"3,3792";"3,4751"
"101,3900";"3,3796";"3,4771"
"101,4000";"3,3799";"3,4773"
"101,4100";"3,3803";"3,4753"
"101,4200";"3,3806";"3,4737"
"101,4300";"3,3810";"3,4750"
"101,4400";"3,3813";"3,4772"
"101,4500";"3,3817";"3,4769"
"101,4600";"3,3821";"3,4751"
"101,4700";"3,3824";"3,4738"
"101,4800";"3,3828";"3,4759"
"101,4900";"3,3831";"3,4768"
"101,5000";"3,3834";"3,4771"
"101,5100";"3,3837";"3,4787"
"101,5200";"3,3839";"3,4814"
"101,5300";"3,3843";"3,4824"
"101,5400";"3,3847";"3,4805"
"101,5500";"3,3849";"3,4786"
"101,5600";"3,3852";"3,4785"
"101,5700";"3,3856";"3,4796"
"101,5800";"3,3858";"3,4797"
"101,5900";"3,3862";"3,4797"
"101,6000";"3,3865";"3,4810"
"101,6100";"3,3869";"3,4822"
"101,6200";"3,3872";"3,4827"
"101,6300";"3,3876";"3,4818"
"101,6400";"3,3878";"3,4809"
"101,6500";"3,3882";"3,4801"
"101,6600";"3,3885";"3,4810"
"101,6700";"3,3889";"3,4826"
"101,6800";"3,3891";"3,4834"
"101,6900";"3,3895";"3,4820"
"101,7000";"3,3897";"3,4809"
"101,7100";"3,3901";"3,4808"
"101,7200";"3,3904";"3,4834"
"101,7300";"3,3908";"3,4852"
"101,7400";"3,3911";"3,4843"
"101,7500";"3,3915";"3,4843"
"101,7600";"3,3919";"3,4858"
"101,7700";"3,3923";"3,4863"
"101,7800";"3,3927";"3,4861"
"101,7900";"3,3930";"3,4861"
"101,8000";"3,3934";"3,4860"
"101,8100";"3,3937";"3,4857"
"101,8200";"3,3941";"3,4858"
"101,8300";"3,3943";"3,4863"
"101,8400";"3,3947";"3,4878"
"101,8500";"3,3949";"3,4894"
"101,8600";"3,3953";"3,4895"
"101,8700";"3,3956";"3,4886"
"101,8800";"3,3959";"3,4885"
"101,8900";"3,3962";"3,4881"
"101,9000";"3,3966";"3,4878"
"101,9100";"3,3969";"3,4893"
"101,9200";"3,3973";"3,4916"
"101,9300";"3,3976";"3,4923"
"101,9400";"3,3980";"3,4908"
"101,9500";"3,3983";"3,4902"
"101,9600";"3,3988";"3,4928"
"101,9700";"3,3991";"3,4948"
"101,9800";"3,3994";"3,4940"
"101,9900";"3,3998";"3,4924"
"102,0000";"3,4001";"3,4916"
"102,0100";"3,4004";"3,4925"
"102,0200";"3,4007";"3,4922"
"102,0300";"3,4011";"3,4911"
"102,0400";"3,4013";"3,4921"
"102,0500";"3,4017";"3,4952"
"102,0600";"3,4019";"3,4949"
"102,0700";"3,4022";"3,4936"
"102,0800";"3,4026";"3,4944"
"102,0900";"3,4030";"3,4962"
"102,1000";"3,4033";"3,4957"
"102,1100";"3,4037";"3,4927"
"102,1200";"3,4039";"3,4910"
"102,1300";"3,4042";"3,4928"
"102,1400";"3,4046";"3,4960"
"102,1500";"3,4050";"3,4971"
"102,1600";"3,4053";"3,4963"
"102,1700";"3,4057";"3,4947"
"102,1800";"3,4059";"3,4946"
"102,1900";"3,4061";"3,4953"
"102,2000";"3,4065";"3,4965"
"102,2100";"3,4068";"3,4971"
"102,2200";"3,4071";"3,4968"
"102,2300";"3,4074";"3,4966"
"102,2400";"3,4078";"3,4970"
"102,2500";"3,4081";"3,4974"
"102,2600";"3,4085";"3,4979"
"102,2700";"3,4089";"3,4982"
"102,2800";"3,4092";"3,4978"
"102,2900";"3,4096";"3,4972"
"102,3000";"3,4099";"3,4967"
"102,3100";"3,4103";"3,4986"
"102,3200";"3,4106";"3,5022"
"102,3300";"3,4110";"3,5032"
"102,3400";"3,4113";"3,5007"
"102,3500";"3,4116";"3,4971"
"102,3600";"3,4118";"3,4972"
"102,3700";"3,4122";"3,5006"
"102,3800";"3,4124";"3,5021"
"102,3900";"3,4127";"3,5005"
"102,4000";"3,4131";"3,4998"
"102,4100";"3,4135";"3,5012"
"102,4200";"3,4138";"3,5044"
"102,4300";"3,4143";"3,5062"
"102,4400";"3,4146";"3,5056"
"102,4500";"3,4150";"3,5040"
"102,4600";"3,4153";"3,5037"
"102,4700";"3,4157";"3,5041"
"102,4800";"3,4161";"3,5060"
"102,4900";"3,4164";"3,5087"
"102,5000";"3,4166";"3,5089"
"102,5100";"3,4170";"3,5059"
"102,5200";"3,4172";"3,5022"
"102,5300";"3,4176";"3,5029"
"102,5400";"3,4178";"3,5070"
"102,5500";"3,4182";"3,5085"
"102,5600";"3,4184";"3,5073"
"102,5700";"3,4188";"3,5062"
"102,5800";"3,4191";"3,5070"
"102,5900";"3,4195";"3,5087"
"102,6000";"3,4198";"3,5090"
"102,6100";"3,4202";"3,5092"
"102,6200";"3,4205";"3,5077"
"102,6300";"3,4209";"3,5066"
"102,6400";"3,4214";"3,5062"
"102,6500";"3,4217";"3,5093"
"102,6600";"3,4221";"3,5125"
"102,6700";"3,4224";"3,5135"
"102,6800";"3,4228";"3,5125"
"102,6900";"3,4230";"3,5107"
"102,7000";"3,4233";"3,5099"
"102,7100";"3,4236";"3,5106"
"102,7200";"3,4240";"3,5118"
"102,7300";"3,4242";"3,5131"
"102,7400";"3,4246";"3,5131"
"102,7500";"3,4249";"3,5122"
"102,7600";"3,4253";"3,5121"
"102,7700";"3,4256";"3,5147"
"102,7800";"3,4260";"3,5170"
"102,7900";"3,4262";"3,5145"
"102,8000";"3,4266";"3,5100"
"102,8100";"3,4269";"3,5088"
"102,8200";"3,4273";"3,5128"
"102,8300";"3,4276";"3,5169"
"102,8400";"3,4280";"3,5173"
"102,8500";"3,4283";"3,5159"
"102,8600";"3,4286";"3,5164"
"102,8700";"3,4289";"3,5171"
"102,8800";"3,4292";"3,5176"
"102,8900";"3,4295";"3,5169"
"102,9000";"3,4299";"3,5159"
"102,9100";"3,4301";"3,5148"
"102,9200";"3,4305";"3,5156"
"102,9300";"3,4308";"3,5170"
"102,9400";"3,4312";"3,5185"
"102,9500";"3,4315";"3,5173"
"102,9600";"3,4319";"3,5137"
"102,9700";"3,4322";"3,5115"
"102,9800";"3,4326";"3,5121"
"102,9900";"3,4331";"3,5165"
"103,0000";"3,4333";"3,5204"
"103,0100";"3,4336";"3,5212"
"103,0200";"3,4340";"3,5214"
"103,0300";"3,4342";"3,5205"
"103,0400";"3,4345";"3,5187"
"103,0500";"3,4348";"3,5176"
"103,0600";"3,4352";"3,5192"
"103,0700";"3,4355";"3,5213"
"103,0800";"3,4359";"3,5209"
"103,0900";"3,4362";"3,5203"
"103,1000";"3,4366";"3,5226"
"103,1100";"3,4370";"3,5248"
"103,1200";"3,4373";"3,5249"
"103,1300";"3,4377";"3,5222"
"103,1400";"3,4381";"3,5195"
"103,1500";"3,4385";"3,5201"
"103,1600";"3,4388";"3,5233"
"103,1700";"3,4391";"3,5263"
"103,1800";"3,4394";"3,5267"
"103,1900";"3,4398";"3,5254"
"103,2000";"3,4401";"3,5246"
"103,2100";"3,4404";"3,5255"
"103,2200";"3,4407";"3,5270"
"103,2300";"3,4411";"3,5267"
"103,2400";"3,4414";"3,5233"
"103,2500";"3,4418";"3,5225"
"103,2600";"3,4421";"3,5244"
"103,2700";"3,4425";"3,5272"
"103,2800";"3,4429";"3,5278"
"103,2900";"3,4432";"3,5265"
"103,3000";"3,4436";"3,5277"
"103,3100";"3,4439";"3,5294"
"103,3200";"3,4442";"3,5292"
"103,3300";"3,4445";"3,5290"
"103,3400";"3,4449";"3,5298"
"103,3500";"3,4451";"3,5312"
"103,3600";"3,4455";"3,5313"
"103,3700";"3,4458";"3,5301"
"103,3800";"3,4460";"3,5306"
"103,3900";"3,4463";"3,5314"
"103,4000";"3,4465";"3,5313"
"103,4100";"3,4469";"3,5299"
"103,4200";"3,4472";"3,5298"
"103,4300";"3,4475";"3,5313"
"103,4400";"3,4478";"3,5338"
"103,4500";"3,4482";"3,5341"
"103,4600";"3,4485";"3,5325"
"103,4700";"3,4489";"3,5316"
"103,4800";"3,4492";"3,5318"
"103,4900";"3,4496";"3,5324"
"103,5000";"3,4499";"3,5342"
"103,5100";"3,4503";"3,5350"
"103,5200";"3,4506";"3,5341"
"103,5300";"3,4509";"3,5326"
"103,5400";"3,4512";"3,5336"
"103,5500";"3,4515";"3,5359"
"103,5600";"3,4518";"3,5368"
"103,5700";"3,4521";"3,5363"
"103,5800";"3,4524";"3,5353"
"103,5900";"3,4528";"3,5355"
"103,6000";"3,4531";"3,5352"
"103,6100";"3,4535";"3,5352"
"103,6200";"3,4538";"3,5355"
"103,6300";"3,4542";"3,5353"
"103,6400";"3,4545";"3,5342"
"103,6500";"3,4549";"3,5337"
"103,6600";"3,4552";"3,5355"
"103,6700";"3,4556";"3,5381"
"103,6800";"3,4561";"3,5400"
"103,6900";"3,4563";"3,5387"
"103,7000";"3,4567";"3,5381"
"103,7100";"3,4569";"3,5396"
"103,7200";"3,4573";"3,5412"
"103,7300";"3,4576";"3,5420"
"103,7400";"3,4578";"3,5408"
"103,7500";"3,4583";"3,5398"
"103,7600";"3,4586";"3,5386"
"103,7700";"3,4590";"3,5374"
"103,7800";"3,4594";"3,5383"
"103,7900";"3,4597";"3,5412"
"103,8000";"3,4601";"3,5434"
"103,8100";"3,4604";"3,5422"
"103,8200";"3,4608";"3,5409"
"103,8300";"3,4612";"3,5424"
"103,8400";"3,4614";"3,5444"
"103,8500";"3,4617";"3,5439"
"103,8600";"3,4620";"3,5403"
"103,8700";"3,4623";"3,5375"
"103,8800";"3,4626";"3,5363"
"103,8900";"3,4629";"3,5383"
"103,9000";"3,4633";"3,5417"
"103,9100";"3,4635";"3,5455"
"103,9200";"3,4639";"3,5471"
"103,9300";"3,4642";"3,5471"
"103,9400";"3,4646";"3,5461"
"103,9500";"3,4649";"3,5452"
"103,9600";"3,4653";"3,5443"
"103,9700";"3,4656";"3,5432"
"103,9800";"3,4661";"3,5437"
"103,9900";"3,4665";"3,5457"
"104,0000";"3,4668";"3,5482"
"104,0100";"3,4672";"3,5481"
"104,0200";"3,4675";"3,5463"
"104,0300";"3,4678";"3,5453"
"104,0400";"3,4680";"3,5456"
"104,0500";"3,4684";"3,5466"
"104,0600";"3,4686";"3,5471"
"104,0700";"3,4689";"3,5481"
"104,0800";"3,4693";"3,5492"
"104,0900";"3,4697";"3,5498"
"104,1000";"3,4699";"3,5497"
"104,1100";"3,4702";"3,5491"
"104,1200";"3,4706";"3,5486"
"104,1300";"3,4710";"3,5481"
"104,1400";"3,4713";"3,5491"
"104,1500";"3,4717";"3,5505"
"104,1600";"3,4720";"3,5503"
"104,1700";"3,4724";"3,5499"
"104,1800";"3,4727";"3,5499"
"104,1900";"3,4730";"3,5508"
"104,2000";"3,4733";"3,5518"
"104,2100";"3,4737";"3,5517"
"104,2200";"3,4739";"3,5503"
"104,2300";"3,4743";"3,5507"
"104,2400";"3,4745";"3,5531"
"104,2500";"3,4748";"3,5532"
"104,2600";"3,4752";"3,5517"
"104,2700";"3,4756";"3,5510"
"104,2800";"3,4758";"3,5528"
"104,2900";"3,4761";"3,5551"
"104,3000";"3,4765";"3,5551"
"104,3100";"3,4769";"3,5547"
"104,3200";"3,4772";"3,5541"
"104,3300";"3,4776";"3,5558"
"104,3400";"3,4779";"3,5577"
"104,3500";"3,4783";"3,5583"
"104,3600";"3,4785";"3,5573"
"104,3700";"3,4789";"3,5578"
"104,3800";"3,4791";"3,5581"
"104,3900";"3,4793";"3,5577"
"104,4000";"3,4797";"3,5564"
"104,4100";"3,4800";"3,5551"
"104,4200";"3,4804";"3,5551"
"104,4300";"3,4807";"3,5580"
"104,4400";"3,4811";"3,5617"
"104,4500";"3,4815";"3,5621"
"104,4600";"3,4819";"3,5595"
"104,4700";"3,4823";"3,5578"
"104,4800";"3,4826";"3,5591"
"104,4900";"3,4830";"3,5611"
"104,5000";"3,4833";"3,5610"
"104,5100";"3,4836";"3,5593"
"104,5200";"3,4839";"3,5604"
"104,5300";"3,4843";"3,5632"
"104,5400";"3,4845";"3,5635"
"104,5500";"3,4849";"3,5616"
"104,5600";"3,4852";"3,5605"
"104,5700";"3,4855";"3,5622"
"104,5800";"3,4858";"3,5632"
"104,5900";"3,4862";"3,5627"
"104,6000";"3,4865";"3,5621"
"104,6100";"3,4869";"3,5628"
"104,6200";"3,4872";"3,5640"
"104,6300";"3,4876";"3,5644"
"104,6400";"3,4880";"3,5634"
"104,6500";"3,4883";"3,5614"
"104,6600";"3,4887";"3,5614"
"104,6700";"3,4890";"3,5643"
"104,6800";"3,4894";"3,5653"
"104,6900";"3,4897";"3,5638"
"104,7000";"3,4901";"3,5632"
"104,7100";"3,4903";"3,5655"
"104,7200";"3,4905";"3,5690"
"104,7300";"3,4909";"3,5696"
"104,7400";"3,4913";"3,5661"
"104,7500";"3,4915";"3,5627"
"104,7600";"3,4918";"3,5646"
"104,7700";"3,4922";"3,5690"
"104,7800";"3,4926";"3,5703"
"104,7900";"3,4928";"3,5675"
"104,8000";"3,4931";"3,5651"
"104,8100";"3,4935";"3,5667"
"104,8200";"3,4939";"3,5699"
"104,8300";"3,4942";"3,5709"
"104,8400";"3,4946";"3,5703"
"104,8500";"3,4949";"3,5696"
"104,8600";"3,4953";"3,5692"
"104,8700";"3,4956";"3,5692"
"104,8800";"3,4959";"3,5697"
"104,8900";"3,4962";"3,5707"
"104,9000";"3,4965";"3,5719"
"104,9100";"3,4968";"3,5717"
"104,9200";"3,4972";"3,5708"
"104,9300";"3,4975";"3,5709"
"104,9400";"3,4977";"3,5729"
"104,9500";"3,4981";"3,5741"
"104,9600";"3,4985";"3,5729"
"104,9700";"3,4989";"3,5711"
"104,9800";"3,4992";"3,5721"
"104,9900";"3,4996";"3,5748"
"105,0000";"3,5000";"3,5777"
"105,0100";"3,5003";"3,5786"
"105,0200";"3,5007";"3,5757"
"105,0300";"3,5011";"3,5715"
"105,0400";"3,5014";"3,5696"
"105,0500";"3,5016";"3,5721"
"105,0600";"3,5020";"3,5758"
"105,0700";"3,5024";"3,5770"
"105,0800";"3,5026";"3,5768"
"105,0900";"3,5029";"3,5775"
"105,1000";"3,5033";"3,5800"
"105,1100";"3,5037";"3,5821"
"105,1200";"3,5041";"3,5804"
"105,1300";"3,5045";"3,5770"
"105,1400";"3,5048";"3,5749"
"105,1500";"3,5052";"3,5759"
"105,1600";"3,5055";"3,5790"
"105,1700";"3,5058";"3,5815"
"105,1800";"3,5061";"3,5810"
"105,1900";"3,5064";"3,5785"
"105,2000";"3,5066";"3,5758"
"105,2100";"3,5070";"3,5767"
"105,2200";"3,5073";"3,5793"
"105,2300";"3,5075";"3,5805"
"105,2400";"3,5079";"3,5797"
"105,2500";"3,5081";"3,5796"
"105,2600";"3,5085";"3,5812"
"105,2700";"3,5088";"3,5821"
"105,2800";"3,5092";"3,5822"
"105,2900";"3,5096";"3,5820"
"105,3000";"3,5099";"3,5807"
"105,3100";"3,5103";"3,5793"
"105,3200";"3,5106";"3,5792"
"105,3300";"3,5110";"3,5809"
"105,3400";"3,5113";"3,5842"
"105,3500";"3,5117";"3,5864"
"105,3600";"3,5120";"3,5860"
"105,3700";"3,5124";"3,5833"
"105,3800";"3,5127";"3,5838"
"105,3900";"3,5131";"3,5863"
"105,4000";"3,5135";"3,5867"
"105,4100";"3,5137";"3,5848"
"105,4200";"3,5140";"3,5829"
"105,4300";"3,5144";"3,5820"
"105,4400";"3,5146";"3,5831"
"105,4500";"3,5150";"3,5852"
"105,4600";"3,5153";"3,5864"
"105,4700";"3,5157";"3,5856"
"105,4800";"3,5159";"3,5850"
"105,4900";"3,5164";"3,5846"
"105,5000";"3,5166";"3,5845"
"105,5100";"3,5170";"3,5861"
"105,5200";"3,5173";"3,5871"
"105,5300";"3,5177";"3,5874"
"105,5400";"3,5181";"3,5882"
"105,5500";"3,5183";"3,5881"
"105,5600";"3,5185";"3,5888"
"105,5700";"3,5189";"3,5901"
"105,5800";"3,5192";"3,5906"
"105,5900";"3,5195";"3,5889"
"105,6000";"3,5198";"3,5884"
"105,6100";"3,5202";"3,5885"
"105,6200";"3,5205";"3,5904"
"105,6300";"3,5208";"3,5920"
"105,6400";"3,5211";"3,5910"
"105,6500";"3,5215";"3,5884"
"105,6600";"3,5218";"3,5861"
"105,6700";"3,5222";"3,5865"
"105,6800";"3,5227";"3,5879"
"105,6900";"3,5230";"3,5909"
"105,7000";"3,5234";"3,5937"
"105,7100";"3,5237";"3,5953"
"105,7200";"3,5240";"3,5951"
"105,7300";"3,5243";"3,5951"
"105,7400";"3,5245";"3,5970"
"105,7500";"3,5249";"3,5980"
"105,7600";"3,5253";"3,5969"
"105,7700";"3,5256";"3,5944"
"105,7800";"3,5260";"3,5942"
"105,7900";"3,5263";"3,5958"
"105,8000";"3,5267";"3,5956"
"105,8100";"3,5270";"3,5945"
"105,8200";"3,5274";"3,5949"
"105,8300";"3,5277";"3,5965"
"105,8400";"3,5282";"3,5970"
"105,8500";"3,5284";"3,5953"
"105,8600";"3,5287";"3,5942"
"105,8700";"3,5290";"3,5958"
"105,8800";"3,5293";"3,5976"
"105,8900";"3,5296";"3,5978"
"105,9000";"3,5300";"3,5974"
"105,9100";"3,5302";"3,5988"
"105,9200";"3,5306";"3,6006"
"105,9300";"3,5309";"3,5999"
"105,9400";"3,5313";"3,5982"
"105,9500";"3,5316";"3,5981"
"105,9600";"3,5320";"3,5992"
"105,9700";"3,5323";"3,6011"
"105,9800";"3,5327";"3,6019"
"105,9900";"3,5330";"3,6015"
"106,0000";"3,5334";"3,6016"
"106,0100";"3,5338";"3,6012"
"106,0200";"3,5341";"3,6026"
"106,0300";"3,5345";"3,6054"
"106,0400";"3,5348";"3,6070"
"106,0500";"3,5351";"3,6059"
"106,0600";"3,5354";"3,6033"
"106,0700";"3,5356";"3,6025"
"106,0800";"3,5360";"3,6047"
"106,0900";"3,5364";"3,6060"
"106,1000";"3,5367";"3,6059"
"106,1100";"3,5371";"3,6053"
"106,1200";"3,5373";"3,6028"
"106,1300";"3,5377";"3,6012"
"106,1400";"3,5380";"3,6020"
"106,1500";"3,5384";"3,6044"
"106,1600";"3,5387";"3,6061"
"106,1700";"3,5391";"3,6049"
"106,1800";"3,5394";"3,6045"
"106,1900";"3,5398";"3,6063"
"106,2000";"3,5400";"3,6079"
"106,2100";"3,5404";"3,6077"
"106,2200";"3,5406";"3,6064"
"106,2300";"3,5410";"3,6060"
"106,2400";"3,5412";"3,6078"
"106,2500";"3,5415";"3,6096"
"106,2600";"3,5419";"3,6115"
"106,2700";"3,5421";"3,6136"
"106,2800";"3,5425";"3,6130"
"106,2900";"3,5428";"3,6097"
"106,3000";"3,5431";"3,6078"
"106,3100";"3,5434";"3,6100"
"106,3200";"3,5438";"3,6128"
"106,3300";"3,5441";"3,6142"
"106,3400";"3,5445";"3,6119"
"106,3500";"3,5449";"3,6110"
"106,3600";"3,5452";"3,6128"
"106,3700";"3,5456";"3,6134"
"106,3800";"3,5458";"3,6129"
"106,3900";"3,5462";"3,6118"
"106,4000";"3,5464";"3,6119"
"106,4100";"3,5467";"3,6124"
"106,4200";"3,5471";"3,6125"
"106,4300";"3,5475";"3,6132"
"106,4400";"3,5478";"3,6142"
"106,4500";"3,5482";"3,6147"
"106,4600";"3,5485";"3,6145"
"106,4700";"3,5489";"3,6151"
"106,4800";"3,5493";"3,6163"
"106,4900";"3,5497";"3,6164"
"106,5000";"3,5500";"3,6160"
"106,5100";"3,5504";"3,6144"
"106,5200";"3,5508";"3,6143"
"106,5300";"3,5511";"3,6151"
"106,5400";"3,5513";"3,6182"
"106,5500";"3,5517";"3,6202"
"106,5600";"3,5521";"3,6199"
"106,5700";"3,5523";"3,6167"
"106,5800";"3,5526";"3,6142"
"106,5900";"3,5530";"3,6155"
"106,6000";"3,5532";"3,6193"
"106,6100";"3,5536";"3,6203"
"106,6200";"3,5539";"3,6181"
"106,6300";"3,5543";"3,6165"
"106,6400";"3,5547";"3,6172"
"106,6500";"3,5550";"3,6185"
"106,6600";"3,5554";"3,6192"
"106,6700";"3,5557";"3,6194"
"106,6800";"3,5561";"3,6193"
"106,6900";"3,5564";"3,6197"
"106,7000";"3,5568";"3,6203"
"106,7100";"3,5571";"3,6216"
"106,7200";"3,5574";"3,6224"
"106,7300";"3,5576";"3,6217"
"106,7400";"3,5580";"3,6192"
"106,7500";"3,5582";"3,6197"
"106,7600";"3,5585";"3,6235"
"106,7700";"3,5589";"3,6260"
"106,7800";"3,5591";"3,6255"
"106,7900";"3,5595";"3,6229"
"106,8000";"3,5598";"3,6214"
"106,8100";"3,5602";"3,6207"
"106,8200";"3,5606";"3,6212"
"106,8300";"3,5609";"3,6229"
"106,8400";"3,5613";"3,6248"
"106,8500";"3,5616";"3,6267"
"106,8600";"3,5620";"3,6265"
"106,8700";"3,5623";"3,6266"
"106,8800";"3,5627";"3,6286"
"106,8900";"3,5629";"3,6311"
"106,9000";"3,5633";"3,6303"
"106,9100";"3,5636";"3,6260"
"106,9200";"3,5639";"3,6255"
"106,9300";"3,5642";"3,6286"
"106,9400";"3,5646";"3,6315"
"106,9500";"3,5649";"3,6311"
"106,9600";"3,5653";"3,6286"
"106,9700";"3,5656";"3,6260"
"106,9800";"3,5660";"3,6259"
"106,9900";"3,5663";"3,6281"
"107,0000";"3,5667";"3,6313"
"107,0100";"3,5670";"3,6332"
"107,0200";"3,5674";"3,6328"
"107,0300";"3,5678";"3,6318"
"107,0400";"3,5681";"3,6312"
"107,0500";"3,5683";"3,6316"
"107,0600";"3,5686";"3,6323"
"107,0700";"3,5689";"3,6312"
"107,0800";"3,5692";"3,6313"
"107,0900";"3,5695";"3,6323"
"107,1000";"3,5698";"3,6335"
"107,1100";"3,5701";"3,6349"
"107,1200";"3,5705";"3,6366"
"107,1300";"3,5708";"3,6368"
"107,1400";"3,5712";"3,6348"
"107,1500";"3,5715";"3,6331"
"107,1600";"3,5720";"3,6336"
"107,1700";"3,5724";"3,6346"
"107,1800";"3,5727";"3,6350"
"107,1900";"3,5731";"3,6345"
"107,2000";"3,5733";"3,6344"
"107,2100";"3,5737";"3,6366"
"107,2200";"3,5740";"3,6391"
"107,2300";"3,5742";"3,6394"
"107,2400";"3,5746";"3,6394"
"107,2500";"3,5750";"3,6399"
"107,2600";"3,5753";"3,6394"
"107,2700";"3,5757";"3,6373"
"107,2800";"3,5760";"3,6382"
"107,2900";"3,5764";"3,6407"
"107,3000";"3,5767";"3,6411"
"107,3100";"3,5771";"3,6391"
"107,3200";"3,5774";"3,6385"
"107,3300";"3,5778";"3,6410"
"107,3400";"3,5781";"3,6420"
"107,3500";"3,5785";"3,6399"
"107,3600";"3,5789";"3,6372"
"107,3700";"3,5792";"3,6386"
"107,3800";"3,5796";"3,6426"
"107,3900";"3,5799";"3,6450"
"107,4000";"3,5802";"3,6448"
"107,4100";"3,5805";"3,6430"
"107,4200";"3,5807";"3,6415"
"107,4300";"3,5811";"3,6403"
"107,4400";"3,5813";"3,6401"
"107,4500";"3,5817";"3,6406"
"107,4600";"3,5820";"3,6429"
"107,4700";"3,5823";"3,6447"
"107,4800";"3,5826";"3,6445"
"107,4900";"3,5830";"3,6442"
"107,5000";"3,5833";"3,6450"
"107,5100";"3,5837";"3,6462"
"107,5200";"3,5840";"3,6462"
"107,5300";"3,5844";"3,6448"
"107,5400";"3,5846";"3,6443"
"107,5500";"3,5850";"3,6446"
"107,5600";"3,5853";"3,6462"
"107,5700";"3,5856";"3,6478"
"107,5800";"3,5859";"3,6467"
"107,5900";"3,5862";"3,6447"
"107,6000";"3,5865";"3,6433"
"107,6100";"3,5868";"3,6458"
"107,6200";"3,5871";"3,6495"
"107,6300";"3,5875";"3,6496"
"107,6400";"3,5878";"3,6467"
"107,6500";"3,5881";"3,6457"
"107,6600";"3,5884";"3,6458"
"107,6700";"3,5888";"3,6464"
"107,6800";"3,5891";"3,6477"
"107,6900";"3,5896";"3,6490"
"107,7000";"3,5900";"3,6502"
"107,7100";"3,5903";"3,6500"
"107,7200";"3,5907";"3,6487"
"107,7300";"3,5910";"3,6497"
"107,7400";"3,5912";"3,6526"
"107,7500";"3,5916";"3,6526"
"107,7600";"3,5918";"3,6501"
"107,7700";"3,5922";"3,6487"
"107,7800";"3,5925";"3,6492"
"107,7900";"3,5929";"3,6508"
"107,8000";"3,5931";"3,6504"
"107,8100";"3,5936";"3,6501"
"107,8200";"3,5940";"3,6496"
"107,8300";"3,5943";"3,6492"
"107,8400";"3,5947";"3,6504"
"107,8500";"3,5950";"3,6516"
"107,8600";"3,5954";"3,6528"
"107,8700";"3,5957";"3,6532"
"107,8800";"3,5960";"3,6527"
"107,8900";"3,5963";"3,6541"
"107,9000";"3,5967";"3,6558"
"107,9100";"3,5970";"3,6558"
"107,9200";"3,5974";"3,6544"
"107,9300";"3,5976";"3,6534"
"107,9400";"3,5981";"3,6558"
"107,9500";"3,5983";"3,6584"
"107,9600";"3,5987";"3,6597"
"107,9700";"3,5990";"3,6579"
"107,9800";"3,5994";"3,6556"
"107,9900";"3,5997";"3,6546"
"108,0000";"3,6001";"3,6551"
"108,0100";"3,6005";"3,6551"
"108,0200";"3,6008";"3,6557"
"108,0300";"3,6012";"3,6580"
"108,0400";"3,6015";"3,6585"
"108,0500";"3,6018";"3,6576"
"108,0600";"3,6021";"3,6586"
"108,0700";"3,6023";"3,6605"
"108,0800";"3,6026";"3,6609"
"108,0900";"3,6028";"3,6607"
"108,1000";"3,6032";"3,6607"
"108,1100";"3,6035";"3,6601"
"108,1200";"3,6038";"3,6594"
"108,1300";"3,6041";"3,6590"
"108,1400";"3,6045";"3,6590"
"108,1500";"3,6048";"3,6602"
"108,1600";"3,6052";"3,6610"
"108,1700";"3,6055";"3,6610"
"108,1800";"3,6059";"3,6624"
"108,1900";"3,6062";"3,6627"
"108,2000";"3,6066";"3,6610"
"108,2100";"3,6068";"3,6591"
"108,2200";"3,6072";"3,6594"
"108,2300";"3,6075";"3,6610"
"108,2400";"3,6079";"3,6634"
"108,2500";"3,6081";"3,6632"
"108,2600";"3,6085";"3,6629"
"108,2700";"3,6087";"3,6636"
"108,2800";"3,6091";"3,6617"
"108,2900";"3,6094";"3,6590"
"108,3000";"3,6097";"3,6593"
"108,3100";"3,6100";"3,6630"
"108,3200";"3,6104";"3,6658"
"108,3300";"3,6107";"3,6662"
"108,3400";"3,6111";"3,6655"
"108,3500";"3,6114";"3,6649"
"108,3600";"3,6119";"3,6647"
"108,3700";"3,6123";"3,6645"
"108,3800";"3,6126";"3,6653"
"108,3900";"3,6130";"3,6672"
"108,4000";"3,6133";"3,6678"
"108,4100";"3,6136";"3,6672"
"108,4200";"3,6139";"3,6673"
"108,4300";"3,6143";"3,6678"
"108,4400";"3,6146";"3,6681"
"108,4500";"3,6149";"3,6674"
"108,4600";"3,6152";"3,6658"
"108,4700";"3,6156";"3,6664"
"108,4800";"3,6159";"3,6697"
"108,4900";"3,6163";"3,6734"
"108,5000";"3,6166";"3,6746"
"108,5100";"3,6170";"3,6734"
"108,5200";"3,6173";"3,6724"
"108,5300";"3,6177";"3,6708"
"108,5400";"3,6180";"3,6687"
"108,5500";"3,6183";"3,6673"
"108,5600";"3,6186";"3,6669"
"108,5700";"3,6189";"3,6680"
"108,5800";"3,6192";"3,6699"
"108,5900";"3,6196";"3,6718"
"108,6000";"3,6199";"3,6720"
"108,6100";"3,6202";"3,6723"
"108,6200";"3,6205";"3,6726"
"108,6300";"3,6209";"3,6729"
"108,6400";"3,6212";"3,6726"
"108,6500";"3,6216";"3,6721"
"108,6600";"3,6219";"3,6744"
"108,6700";"3,6223";"3,6773"
"108,6800";"3,6227";"3,6785"
"108,6900";"3,6230";"3,6761"
"108,7000";"3,6234";"3,6744"
"108,7100";"3,6237";"3,6772"
"108,7200";"3,6241";"3,6807"
"108,7300";"3,6244";"3,6792"
"108,7400";"3,6247";"3,6761"
"108,7500";"3,6250";"3,6749"
"108,7600";"3,6252";"3,6782"
"108,7700";"3,6256";"3,6810"
"108,7800";"3,6258";"3,6795"
"108,7900";"3,6262";"3,6769"
"108,8000";"3,6265";"3,6764"
"108,8100";"3,6269";"3,6767"
"108,8200";"3,6273";"3,6758"
"108,8300";"3,6276";"3,6744"
"108,8400";"3,6280";"3,6739"
"108,8500";"3,6283";"3,6752"
"108,8600";"3,6287";"3,6770"
"108,8700";"3,6290";"3,6784"
"108,8800";"3,6294";"3,6803"
"108,8900";"3,6297";"3,6811"
"108,9000";"3,6301";"3,6809"
"108,9100";"3,6304";"3,6807"
"108,9200";"3,6307";"3,6798"
"108,9300";"3,6310";"3,6795"
"108,9400";"3,6314";"3,6799"
"108,9500";"3,6316";"3,6814"
"108,9600";"3,6320";"3,6828"
"108,9700";"3,6323";"3,6833"
"108,9800";"3,6327";"3,6833"
"108,9900";"3,6330";"3,6838"
"109,0000";"3,6334";"3,6855"
"109,0100";"3,6337";"3,6848"
"109,0200";"3,6341";"3,6827"
"109,0300";"3,6345";"3,6820"
"109,0400";"3,6348";"3,6840"
"109,0500";"3,6352";"3,6875"
"109,0600";"3,6354";"3,6896"
"109,0700";"3,6358";"3,6884"
"109,0800";"3,6360";"3,6863"
"109,0900";"3,6362";"3,6843"
"109,1000";"3,6365";"3,6841"
"109,1100";"3,6368";"3,6854"
"109,1200";"3,6372";"3,6875"
"109,1300";"3,6375";"3,6880"
"109,1400";"3,6379";"3,6863"
"109,1500";"3,6382";"3,6849"
"109,1600";"3,6386";"3,6853"
"109,1700";"3,6389";"3,6865"
"109,1800";"3,6393";"3,6874"
"109,1900";"3,6397";"3,6872"
"109,2000";"3,6400";"3,6878"
"109,2100";"3,6404";"3,6895"
"109,2200";"3,6407";"3,6904"
"109,2300";"3,6410";"3,6905"
"109,2400";"3,6413";"3,6918"
"109,2500";"3,6415";"3,6935"
"109,2600";"3,6419";"3,6936"
"109,2700";"3,6422";"3,6923"
"109,2800";"3,6426";"3,6920"
"109,2900";"3,6430";"3,6921"
"109,3000";"3,6432";"3,6924"
"109,3100";"3,6437";"3,6921"
"109,3200";"3,6440";"3,6923"
"109,3300";"3,6444";"3,6943"
"109,3400";"3,6447";"3,6957"
"109,3500";"3,6451";"3,6957"
"109,3600";"3,6454";"3,6934"
"109,3700";"3,6458";"3,6914"
"109,3800";"3,6460";"3,6894"
"109,3900";"3,6464";"3,6880"
"109,4000";"3,6467";"3,6897"
"109,4100";"3,6471";"3,6938"
"109,4200";"3,6474";"3,6966"
"109,4300";"3,6477";"3,6965"
"109,4400";"3,6480";"3,6938"
"109,4500";"3,6483";"3,6938"
"109,4600";"3,6486";"3,6962"
"109,4700";"3,6490";"3,6983"
"109,4800";"3,6493";"3,6984"
"109,4900";"3,6496";"3,6967"
"109,5000";"3,6499";"3,6957"
"109,5100";"3,6503";"3,6956"
"109,5200";"3,6506";"3,6957"
"109,5300";"3,6510";"3,6965"
"109,5400";"3,6513";"3,6965"
"109,5500";"3,6517";"3,6966"
"109,5600";"3,6520";"3,6967"
"109,5700";"3,6524";"3,6976"
"109,5800";"3,6528";"3,6996"
"109,5900";"3,6530";"3,7008"
"109,6000";"3,6532";"3,7030"
"109,6100";"3,6536";"3,7042"
"109,6200";"3,6538";"3,7030"
"109,6300";"3,6542";"3,7008"
"109,6400";"3,6545";"3,7011"
"109,6500";"3,6548";"3,7019"
"109,6600";"3,6551";"3,7013"
"109,6700";"3,6555";"3,6996"
"109,6800";"3,6558";"3,7009"
"109,6900";"3,6563";"3,7044"
"109,7000";"3,6567";"3,7056"
"109,7100";"3,6570";"3,7032"
"109,7200";"3,6574";"3,7007"
"109,7300";"3,6577";"3,7027"
"109,7400";"3,6581";"3,7066"
"109,7500";"3,6583";"3,7070"
"109,7600";"3,6587";"3,7037"
"109,7700";"3,6589";"3,7019"
"109,7800";"3,6592";"3,7043"
"109,7900";"3,6596";"3,7064"
"109,8000";"3,6600";"3,7047"
"109,8100";"3,6602";"3,7036"
"109,8200";"3,6607";"3,7055"
"109,8300";"3,6610";"3,7070"
"109,8400";"3,6614";"3,7058"
"109,8500";"3,6617";"3,7053"
"109,8600";"3,6621";"3,7071"
"109,8700";"3,6624";"3,7086"
"109,8800";"3,6628";"3,7082"
"109,8900";"3,6631";"3,7067"
"109,9000";"3,6634";"3,7058"
"109,9100";"3,6637";"3,7075"
"109,9200";"3,6641";"3,7107"
"109,9300";"3,6644";"3,7112"
"109,9400";"3,6647";"3,7096"
"109,9500";"3,6650";"3,7083"
"109,9600";"3,6654";"3,7092"
"109,9700";"3,6657";"3,7123"
"109,9800";"3,6661";"3,7139"
"109,9900";"3,6663";"3,7125"
"110,0000";"3,6667";"3,7117"
"110,0100";"3,6670";"3,7128"
"110,0200";"3,6674";"3,7155"
"110,0300";"3,6677";"3,7143"
"110,0400";"3,6681";"3,7120"
"110,0500";"3,6683";"3,7117"
"110,0600";"3,6687";"3,7113"
"110,0700";"3,6690";"3,7103"
"110,0800";"3,6694";"3,7097"
"110,0900";"3,6696";"3,7120"
"110,1000";"3,6699";"3,7148"
"110,1100";"3,6702";"3,7163"
"110,1200";"3,6706";"3,7156"
"110,1300";"3,6708";"3,7155"
"110,1400";"3,6712";"3,7162"
"110,1500";"3,6715";"3,7163"
"110,1600";"3,6718";"3,7149"
"110,1700";"3,6721";"3,7149"
"110,1800";"3,6725";"3,7171"
"110,1900";"3,6728";"3,7181"
"110,2000";"3,6732";"3,7184"
"110,2100";"3,6735";"3,7174"
"110,2200";"3,6739";"3,7174"
"110,2300";"3,6742";"3,7176"
"110,2400";"3,6746";"3,7167"
"110,2500";"3,6750";"3,7174"
"110,2600";"3,6752";"3,7195"
"110,2700";"3,6754";"3,7206"
"110,2800";"3,6758";"3,7196"
"110,2900";"3,6760";"3,7176"
"110,3000";"3,6764";"3,7178"
"110,3100";"3,6767";"3,7193"
"110,3200";"3,6771";"3,7199"
"110,3300";"3,6774";"3,7192"
"110,3400";"3,6778";"3,7199"
"110,3500";"3,6781";"3,7216"
"110,3600";"3,6785";"3,7216"
"110,3700";"3,6788";"3,7202"
"110,3800";"3,6792";"3,7194"
"110,3900";"3,6796";"3,7207"
"110,4000";"3,6800";"3,7218"
"110,4100";"3,6804";"3,7223"
"110,4200";"3,6807";"3,7219"
"110,4300";"3,6810";"3,7215"
"110,4400";"3,6812";"3,7228"
"110,4500";"3,6816";"3,7230"
"110,4600";"3,6818";"3,7244"
"110,4700";"3,6822";"3,7264"
"110,4800";"3,6825";"3,7267"
"110,4900";"3,6829";"3,7246"
"110,5000";"3,6832";"3,7231"
"110,5100";"3,6836";"3,7221"
"110,5200";"3,6839";"3,7217"
"110,5300";"3,6843";"3,7240"
"110,5400";"3,6846";"3,7287"
"110,5500";"3,6851";"3,7302"
"110,5600";"3,6855";"3,7277"
"110,5700";"3,6858";"3,7244"
"110,5800";"3,6862";"3,7234"
"110,5900";"3,6864";"3,7248"
"110,6000";"3,6868";"3,7253"
"110,6100";"3,6871";"3,7268"
"110,6200";"3,6873";"3,7292"
"110,6300";"3,6877";"3,7319"
"110,6400";"3,6881";"3,7323"
"110,6500";"3,6884";"3,7322"
"110,6600";"3,6888";"3,7326"
"110,6700";"3,6891";"3,7330"
"110,6800";"3,6895";"3,7320"
"110,6900";"3,6898";"3,7302"
"110,7000";"3,6902";"3,7305"
"110,7100";"3,6905";"3,7332"
"110,7200";"3,6909";"3,7338"
"110,7300";"3,6911";"3,7310"
"110,7400";"3,6915";"3,7291"
"110,7500";"3,6918";"3,7326"
"110,7600";"3,6921";"3,7366"
"110,7700";"3,6923";"3,7375"
"110,7800";"3,6925";"3,7353"
"110,7900";"3,6929";"3,7335"
"110,8000";"3,6932";"3,7337"
"110,8100";"3,6935";"3,7336"
"110,8200";"3,6938";"3,7335"
"110,8300";"3,6942";"3,7348"
"110,8400";"3,6945";"3,7362"
"110,8500";"3,6949";"3,7361"
"110,8600";"3,6953";"3,7352"
"110,8700";"3,6956";"3,7339"
"110,8800";"3,6960";"3,7340"
"110,8900";"3,6963";"3,7357"
"110,9000";"3,6967";"3,7364"
"110,9100";"3,6970";"3,7365"
"110,9200";"3,6974";"3,7364"
"110,9300";"3,6976";"3,7367"
"110,9400";"3,6980";"3,7369"
"110,9500";"3,6983";"3,7364"
"110,9600";"3,6986";"3,7356"
"110,9700";"3,6989";"3,7356"
"110,9800";"3,6992";"3,7377"
"110,9900";"3,6995";"3,7411"
"111,0000";"3,6999";"3,7423"
"111,0100";"3,7002";"3,7402"
"111,0200";"3,7006";"3,7382"
"111,0300";"3,7008";"3,7393"
"111,0400";"3,7013";"3,7414"
"111,0500";"3,7016";"3,7420"
"111,0600";"3,7020";"3,7407"
"111,0700";"3,7023";"3,7397"
"111,0800";"3,7027";"3,7405"
"111,0900";"3,7030";"3,7416"
"111,1000";"3,7033";"3,7419"
"111,1100";"3,7036";"3,7429"
"111,1200";"3,7040";"3,7448"
"111,1300";"3,7042";"3,7449"
"111,1400";"3,7046";"3,7436"
"111,1500";"3,7049";"3,7442"
"111,1600";"3,7053";"3,7453"
"111,1700";"3,7056";"3,7454"
"111,1800";"3,7060";"3,7427"
"111,1900";"3,7064";"3,7413"
"111,2000";"3,7067";"3,7418"
"111,2100";"3,7071";"3,7440"
"111,2200";"3,7074";"3,7464"
"111,2300";"3,7078";"3,7474"
"111,2400";"3,7081";"3,7472"
"111,2500";"3,7084";"3,7450"
"111,2600";"3,7087";"3,7433"
"111,2700";"3,7091";"3,7442"
"111,2800";"3,7093";"3,7464"
"111,2900";"3,7097";"3,7473"
"111,3000";"3,7100";"3,7457"
"111,3100";"3,7102";"3,7442"
"111,3200";"3,7106";"3,7449"
"111,3300";"3,7110";"3,7473"
"111,3400";"3,7113";"3,7498"
"111,3500";"3,7117";"3,7499"
"111,3600";"3,7120";"3,7483"
"111,3700";"3,7124";"3,7469"
"111,3800";"3,7128";"3,7470"
"111,3900";"3,7131";"3,7494"
"111,4000";"3,7134";"3,7524"
"111,4100";"3,7138";"3,7523"
"111,4200";"3,7141";"3,7516"
"111,4300";"3,7145";"3,7520"
"111,4400";"3,7147";"3,7529"
"111,4500";"3,7150";"3,7525"
"111,4600";"3,7152";"3,7509"
"111,4700";"3,7156";"3,7488"
"111,4800";"3,7159";"3,7489"
"111,4900";"3,7162";"3,7499"
"111,5000";"3,7165";"3,7511"
"111,5100";"3,7169";"3,7518"
"111,5200";"3,7171";"3,7529"
"111,5300";"3,7175";"3,7535"
"111,5400";"3,7178";"3,7522"
"111,5500";"3,7182";"3,7516"
"111,5600";"3,7185";"3,7535"
"111,5700";"3,7189";"3,7569"
"111,5800";"3,7192";"3,7586"
"111,5900";"3,7196";"3,7563"
"111,6000";"3,7199";"3,7547"
"111,6100";"3,7202";"3,7537"
"111,6200";"3,7204";"3,7545"
"111,6300";"3,7208";"3,7556"
"111,6400";"3,7210";"3,7554"
"111,6500";"3,7213";"3,7551"
"111,6600";"3,7217";"3,7543"
"111,6700";"3,7221";"3,7549"
"111,6800";"3,7225";"3,7579"
"111,6900";"3,7229";"3,7585"
"111,7000";"3,7232";"3,7563"
"111,7100";"3,7236";"3,7540"
"111,7200";"3,7239";"3,7554"
"111,7300";"3,7243";"3,7589"
"111,7400";"3,7247";"3,7603"
"111,7500";"3,7250";"3,7580"
"111,7600";"3,7254";"3,7564"
"111,7700";"3,7257";"3,7579"
"111,7800";"3,7260";"3,7604"
"111,7900";"3,7262";"3,7607"
"111,8000";"3,7265";"3,7610"
"111,8100";"3,7268";"3,7619"
"111,8200";"3,7271";"3,7629"
"111,8300";"3,7275";"3,7634"
"111,8400";"3,7277";"3,7628"
"111,8500";"3,7281";"3,7612"
"111,8600";"3,7285";"3,7595"
"111,8700";"3,7289";"3,7596"
"111,8800";"3,7293";"3,7608"
"111,8900";"3,7296";"3,7629"
"111,9000";"3,7300";"3,7651"
"111,9100";"3,7303";"3,7668"
"111,9200";"3,7307";"3,7657"
"111,9300";"3,7309";"3,7637"
"111,9400";"3,7313";"3,7625"
"111,9500";"3,7315";"3,7639"
"111,9600";"3,7319";"3,7677"
"111,9700";"3,7321";"3,7702"
"111,9800";"3,7324";"3,7694"
"111,9900";"3,7328";"3,7672"
"112,0000";"3,7332";"3,7668"
"112,0100";"3,7334";"3,7691"
"112,0200";"3,7337";"3,7701"
"112,0300";"3,7341";"3,7688"
"112,0400";"3,7346";"3,7661"
"112,0500";"3,7349";"3,7665"
"112,0600";"3,7353";"3,7689"
"112,0700";"3,7356";"3,7688"
"112,0800";"3,7360";"3,7664"
"112,0900";"3,7363";"3,7655"
"112,1000";"3,7367";"3,7661"
"112,1100";"3,7370";"3,7670"
"112,1200";"3,7373";"3,7675"
"112,1300";"3,7376";"3,7688"
"112,1400";"3,7379";"3,7698"
"112,1500";"3,7382";"3,7698"
"112,1600";"3,7386";"3,7684"
"112,1700";"3,7388";"3,7684"
"112,1800";"3,7392";"3,7688"
"112,1900";"3,7395";"3,7694"
"112,2000";"3,7399";"3,7707"
"112,2100";"3,7402";"3,7731"
"112,2200";"3,7405";"3,7754"
"112,2300";"3,7408";"3,7748"
"112,2400";"3,7412";"3,7718"
"112,2500";"3,7415";"3,7702"
"112,2600";"3,7419";"3,7708"
"112,2700";"3,7422";"3,7720"
"112,2800";"3,7426";"3,7719"
"112,2900";"3,7428";"3,7721"
"112,3000";"3,7431";"3,7728"
"112,3100";"3,7434";"3,7734"
"112,3200";"3,7438";"3,7732"
"112,3300";"3,7440";"3,7732"
"112,3400";"3,7444";"3,7731"
"112,3500";"3,7447";"3,7739"
"112,3600";"3,7451";"3,7744"
"112,3700";"3,7454";"3,7738"
"112,3800";"3,7459";"3,7732"
"112,3900";"3,7463";"3,7744"
"112,4000";"3,7466";"3,7759"
"112,4100";"3,7470";"3,7769"
"112,4200";"3,7473";"3,7781"
"112,4300";"3,7477";"3,7778"
"112,4400";"3,7480";"3,7776"
"112,4500";"3,7484";"3,7788"
"112,4600";"3,7487";"3,7793"
"112,4700";"3,7490";"3,7779"
"112,4800";"3,7493";"3,7765"
"112,4900";"3,7496";"3,7775"
"112,5000";"3,7499";"3,7796"
"112,5100";"3,7503";"3,7798"
"112,5200";"3,7506";"3,7791"
"112,5300";"3,7510";"3,7797"
"112,5400";"3,7513";"3,7810"
"112,5500";"3,7517";"3,7810"
"112,5600";"3,7520";"3,7794"
"112,5700";"3,7524";"3,7791"
"112,5800";"3,7527";"3,7817"
"112,5900";"3,7531";"3,7839"
"112,6000";"3,7535";"3,7827"
"112,6100";"3,7537";"3,7815"
"112,6200";"3,7540";"3,7825"
"112,6300";"3,7544";"3,7853"
"112,6400";"3,7546";"3,7858"
"112,6500";"3,7550";"3,7840"
"112,6600";"3,7553";"3,7836"
"112,6700";"3,7557";"3,7852"
"112,6800";"3,7561";"3,7870"
"112,6900";"3,7564";"3,7864"
"112,7000";"3,7568";"3,7857"
"112,7100";"3,7571";"3,7858"
"112,7200";"3,7575";"3,7858"
"112,7300";"3,7578";"3,7859"
"112,7400";"3,7582";"3,7863"
"112,7500";"3,7585";"3,7876"
"112,7600";"3,7588";"3,7895"
"112,7700";"3,7591";"3,7896"
"112,7800";"3,7595";"3,7888"
"112,7900";"3,7597";"3,7868"
"112,8000";"3,7601";"3,7856"
"112,8100";"3,7603";"3,7858"
"112,8200";"3,7605";"3,7870"
"112,8300";"3,7609";"3,7880"
"112,8400";"3,7612";"3,7872"
"112,8500";"3,7616";"3,7854"
"112,8600";"3,7620";"3,7855"
"112,8700";"3,7622";"3,7877"
"112,8800";"3,7625";"3,7887"
"112,8900";"3,7629";"3,7882"
"112,9000";"3,7633";"3,7873"
"112,9100";"3,7635";"3,7875"
"112,9200";"3,7638";"3,7895"
"112,9300";"3,7642";"3,7906"
"112,9400";"3,7646";"3,7916"
"112,9500";"3,7649";"3,7911"
"112,9600";"3,7651";"3,7894"
"112,9700";"3,7655";"3,7884"
"112,9800";"3,7657";"3,7899"
"112,9900";"3,7661";"3,7918"
"113,0000";"3,7663";"3,7922"
"113,0100";"3,7667";"3,7929"
"113,0200";"3,7670";"3,7935"
"113,0300";"3,7674";"3,7939"
"113,0400";"3,7677";"3,7923"
"113,0500";"3,7681";"3,7909"
"113,0600";"3,7686";"3,7916"
"113,0700";"3,7689";"3,7935"
"113,0800";"3,7693";"3,7949"
"113,0900";"3,7696";"3,7944"
"113,1000";"3,7700";"3,7957"
"113,1100";"3,7705";"3,7996"
"113,1200";"3,7708";"3,8013"
"113,1300";"3,7712";"3,7995"
"113,1400";"3,7714";"3,7966"
"113,1500";"3,7716";"3,7973"
"113,1600";"3,7720";"3,8002"
"113,1700";"3,7723";"3,8001"
"113,1800";"3,7726";"3,7981"
"113,1900";"3,7729";"3,7961"
"113,2000";"3,7733";"3,7972"
"113,2100";"3,7736";"3,7996"
"113,2200";"3,7740";"3,8007"
"113,2300";"3,7744";"3,8014"
"113,2400";"3,7748";"3,8008"
"113,2500";"3,7752";"3,8012"
"113,2600";"3,7755";"3,8019"
"113,2700";"3,7759";"3,8027"
"113,2800";"3,7761";"3,8030"
"113,2900";"3,7764";"3,8025"
"113,3000";"3,7767";"3,8009"
"113,3100";"3,7771";"3,8004"
"113,3200";"3,7773";"3,8028"
"113,3300";"3,7777";"3,8057"
"113,3400";"3,7780";"3,8060"
"113,3500";"3,7782";"3,8029"
"113,3600";"3,7786";"3,8017"
"113,3700";"3,7790";"3,8034"
"113,3800";"3,7793";"3,8049"
"113,3900";"3,7797";"3,8051"
"113,4000";"3,7800";"3,8045"
"113,4100";"3,7804";"3,8029"
"113,4200";"3,7807";"3,8021"
"113,4300";"3,7810";"3,8031"
"113,4400";"3,7813";"3,8051"
"113,4500";"3,7817";"3,8049"
"113,4600";"3,7820";"3,8032"
"113,4700";"3,7823";"3,8031"
"113,4800";"3,7826";"3,8039"
"113,4900";"3,7829";"3,8036"
"113,5000";"3,7832";"3,8051"
"113,5100";"3,7834";"3,8088"
"113,5200";"3,7838";"3,8110"
"113,5300";"3,7842";"3,8088"
"113,5400";"3,7845";"3,8060"
"113,5500";"3,7847";"3,8082"
"113,5600";"3,7851";"3,8131"
"113,5700";"3,7855";"3,8124"
"113,5800";"3,7859";"3,8061"
"113,5900";"3,7863";"3,8036"
"113,6000";"3,7866";"3,8081"
"113,6100";"3,7870";"3,8125"
"113,6200";"3,7873";"3,8121"
"113,6300";"3,7877";"3,8094"
"113,6400";"3,7879";"3,8087"
"113,6500";"3,7882";"3,8101"
"113,6600";"3,7885";"3,8107"
"113,6700";"3,7888";"3,8099"
"113,6800";"3,7891";"3,8103"
"113,6900";"3,7893";"3,8115"
"113,7000";"3,7897";"3,8114"
"113,7100";"3,7901";"3,8108"
"113,7200";"3,7904";"3,8109"
"113,7300";"3,7908";"3,8123"
"113,7400";"3,7911";"3,8125"
"113,7500";"3,7915";"3,8114"
"113,7600";"3,7918";"3,8111"
"113,7700";"3,7922";"3,8108"
"113,7800";"3,7925";"3,8123"
"113,7900";"3,7929";"3,8146"
"113,8000";"3,7932";"3,8159"
"113,8100";"3,7935";"3,8149"
"113,8200";"3,7937";"3,8128"
"113,8300";"3,7941";"3,8123"
"113,8400";"3,7943";"3,8143"
"113,8500";"3,7947";"3,8156"
"113,8600";"3,7950";"3,8144"
"113,8700";"3,7954";"3,8129"
"113,8800";"3,7957";"3,8138"
"113,8900";"3,7961";"3,8140"
"113,9000";"3,7965";"3,8137"
"113,9100";"3,7969";"3,8142"
"113,9200";"3,7973";"3,8158"
"113,9300";"3,7976";"3,8177"
"113,9400";"3,7980";"3,8190"
"113,9500";"3,7983";"3,8202"
"113,9600";"3,7987";"3,8225"
"113,9700";"3,7990";"3,8241"
"113,9800";"3,7993";"3,8235"
"113,9900";"3,7996";"3,8210"
"114,0000";"3,7999";"3,8193"
"114,0100";"3,8002";"3,8199"
"114,0200";"3,8006";"3,8208"
"114,0300";"3,8008";"3,8212"
"114,0400";"3,8013";"3,8221"
"114,0500";"3,8016";"3,8222"
"114,0600";"3,8020";"3,8217"
"114,0700";"3,8023";"3,8222"
"114,0800";"3,8027";"3,8232"
"114,0900";"3,8032";"3,8231"
"114,1000";"3,8035";"3,8199"
"114,1100";"3,8039";"3,8178"
"114,1200";"3,8042";"3,8205"
"114,1300";"3,8046";"3,8245"
"114,1400";"3,8048";"3,8252"
"114,1500";"3,8052";"3,8228"
"114,1600";"3,8054";"3,8225"
"114,1700";"3,8056";"3,8252"
"114,1800";"3,8060";"3,8274"
"114,1900";"3,8062";"3,8264"
"114,2000";"3,8066";"3,8234"
"114,2100";"3,8069";"3,8233"
"114,2200";"3,8072";"3,8254"
"114,2300";"3,8075";"3,8275"
"114,2400";"3,8079";"3,8288"
"114,2500";"3,8082";"3,8297"
"114,2600";"3,8086";"3,8287"
"114,2700";"3,8088";"3,8275"
"114,2800";"3,8092";"3,8275"
"114,2900";"3,8095";"3,8280"
"114,3000";"3,8099";"3,8289"
"114,3100";"3,8102";"3,8297"
"114,3200";"3,8105";"3,8287"
"114,3300";"3,8108";"3,8278"
"114,3400";"3,8111";"3,8274"
"114,3500";"3,8114";"3,8275"
"114,3600";"3,8118";"3,8280"
"114,3700";"3,8120";"3,8293"
"114,3800";"3,8125";"3,8294"
"114,3900";"3,8128";"3,8297"
"114,4000";"3,8132";"3,8317"
"114,4100";"3,8135";"3,8346"
"114,4200";"3,8139";"3,8350"
"114,4300";"3,8143";"3,8329"
"114,4400";"3,8146";"3,8299"
"114,4500";"3,8150";"3,8289"
"114,4600";"3,8153";"3,8290"
"114,4700";"3,8158";"3,8289"
"114,4800";"3,8161";"3,8291"
"114,4900";"3,8165";"3,8298"
"114,5000";"3,8167";"3,8305"
"114,5100";"3,8171";"3,8305"
"114,5200";"3,8174";"3,8317"
"114,5300";"3,8178";"3,8344"
"114,5400";"3,8180";"3,8351"
"114,5500";"3,8184";"3,8328"
"114,5600";"3,8187";"3,8301"
"114,5700";"3,8191";"3,8320"
"114,5800";"3,8196";"3,8367"
"114,5900";"3,8199";"3,8389"
"114,6000";"3,8203";"3,8378"
"114,6100";"3,8206";"3,8364"
"114,6200";"3,8209";"3,8370"
"114,6300";"3,8212";"3,8370"
"114,6400";"3,8215";"3,8353"
"114,6500";"3,8217";"3,8361"
"114,6600";"3,8220";"3,8388"
"114,6700";"3,8224";"3,8409"
"114,6800";"3,8226";"3,8411"
"114,6900";"3,8230";"3,8398"
"114,7000";"3,8233";"3,8394"
"114,7100";"3,8237";"3,8390"
"114,7200";"3,8239";"3,8392"
"114,7300";"3,8243";"3,8406"
"114,7400";"3,8248";"3,8426"
"114,7500";"3,8250";"3,8444"
"114,7600";"3,8254";"3,8450"
"114,7700";"3,8257";"3,8437"
"114,7800";"3,8261";"3,8424"
"114,7900";"3,8264";"3,8420"
"114,8000";"3,8268";"3,8419"
"114,8100";"3,8271";"3,8426"
"114,8200";"3,8275";"3,8435"
"114,8300";"3,8277";"3,8443"
"114,8400";"3,8280";"3,8453"
"114,8500";"3,8283";"3,8470"
"114,8600";"3,8285";"3,8482"
"114,8700";"3,8289";"3,8481"
"114,8800";"3,8292";"3,8460"
"114,8900";"3,8296";"3,8448"
"114,9000";"3,8300";"3,8448"
"114,9100";"3,8302";"3,8464"
"114,9200";"3,8307";"3,8474"
"114,9300";"3,8310";"3,8484"
"114,9400";"3,8314";"3,8482"
"114,9500";"3,8317";"3,8456"
"114,9600";"3,8321";"3,8443"
"114,9700";"3,8324";"3,8459"
"114,9800";"3,8328";"3,8487"
"114,9900";"3,8330";"3,8487"
"115,0000";"3,8333";"3,8470"
"115,0100";"3,8336";"3,8472"
"115,0200";"3,8339";"3,8493"
"115,0300";"3,8342";"3,8512"
"115,0400";"3,8346";"3,8495"
"115,0500";"3,8348";"3,8466"
"115,0600";"3,8352";"3,8464"
"115,0700";"3,8355";"3,8480"
"115,0800";"3,8359";"3,8487"
"115,0900";"3,8362";"3,8487"
"115,1000";"3,8366";"3,8498"
"115,1100";"3,8369";"3,8514"
"115,1200";"3,8373";"3,8506"
"115,1300";"3,8376";"3,8485"
"115,1400";"3,8380";"3,8485"
"115,1500";"3,8383";"3,8507"
"115,1600";"3,8386";"3,8530"
"115,1700";"3,8389";"3,8521"
"115,1800";"3,8392";"3,8507"
"115,1900";"3,8394";"3,8505"
"115,2000";"3,8398";"3,8506"
"115,2100";"3,8401";"3,8497"
"115,2200";"3,8405";"3,8503"
"115,2300";"3,8408";"3,8522"
"115,2400";"3,8412";"3,8539"
"115,2500";"3,8415";"3,8550"
"115,2600";"3,8420";"3,8548"
"115,2700";"3,8424";"3,8545"
"115,2800";"3,8427";"3,8540"
"115,2900";"3,8431";"3,8541"
"115,3000";"3,8434";"3,8543"
"115,3100";"3,8437";"3,8540"
"115,3200";"3,8440";"3,8527"
"115,3300";"3,8442";"3,8525"
"115,3400";"3,8446";"3,8551"
"115,3500";"3,8450";"3,8587"
"115,3600";"3,8453";"3,8585"
"115,3700";"3,8457";"3,8559"
"115,3800";"3,8460";"3,8551"
"115,3900";"3,8464";"3,8577"
"115,4000";"3,8467";"3,8596"
"115,4100";"3,8471";"3,8584"
"115,4200";"3,8474";"3,8577"
"115,4300";"3,8478";"3,8593"
"115,4400";"3,8481";"3,8596"
"115,4500";"3,8485";"3,8592"
"115,4600";"3,8488";"3,8584"
"115,4700";"3,8491";"3,8592"
"115,4800";"3,8494";"3,8602"
"115,4900";"3,8498";"3,8599"
"115,5000";"3,8500";"3,8607"
"115,5100";"3,8504";"3,8635"
"115,5200";"3,8506";"3,8653"
"115,5300";"3,8509";"3,8640"
"115,5400";"3,8512";"3,8621"
"115,5500";"3,8514";"3,8610"
"115,5600";"3,8518";"3,8614"
"115,5700";"3,8522";"3,8620"
"115,5800";"3,8525";"3,8633"
"115,5900";"3,8529";"3,8642"
"115,6000";"3,8531";"3,8646"
"115,6100";"3,8535";"3,8641"
"115,6200";"3,8538";"3,8644"
"115,6300";"3,8542";"3,8648"
"115,6400";"3,8545";"3,8646"
"115,6500";"3,8549";"3,8636"
"115,6600";"3,8551";"3,8630"
"115,6700";"3,8555";"3,8633"
"115,6800";"3,8557";"3,8629"
"115,6900";"3,8560";"3,8610"
"115,7000";"3,8564";"3,8599"
"115,7100";"3,8566";"3,8598"
"115,7200";"3,8571";"3,8606"
"115,7300";"3,8573";"3,8624"
"115,7400";"3,8577";"3,8656"
"115,7500";"3,8581";"3,8669"
"115,7600";"3,8584";"3,8686"
"115,7700";"3,8588";"3,8681"
"115,7800";"3,8591";"3,8675"
"115,7900";"3,8595";"3,8676"
"115,8000";"3,8598";"3,8670"
"115,8100";"3,8602";"3,8669"
"115,8200";"3,8605";"3,8683"
"115,8300";"3,8609";"3,8708"
"115,8400";"3,8612";"3,8730"
"115,8500";"3,8615";"3,8719"
"115,8600";"3,8617";"3,8696"
"115,8700";"3,8621";"3,8681"
"115,8800";"3,8624";"3,8681"
"115,8900";"3,8628";"3,8683"
"115,9000";"3,8631";"3,8684"
"115,9100";"3,8635";"3,8688"
"115,9200";"3,8638";"3,8696"
"115,9300";"3,8643";"3,8692"
"115,9400";"3,8647";"3,8691"
"115,9500";"3,8650";"3,8702"
"115,9600";"3,8654";"3,8722"
"115,9700";"3,8657";"3,8727"
"115,9800";"3,8661";"3,8708"
"115,9900";"3,8664";"3,8702"
"116,0000";"3,8668";"3,8721"
"116,0100";"3,8670";"3,8743"
"116,0200";"3,8674";"3,8744"
"116,0300";"3,8676";"3,8739"
"116,0400";"3,8680";"3,8739"
"116,0500";"3,8682";"3,8737"
"116,0600";"3,8686";"3,8719"
"116,0700";"3,8689";"3,8708"
"116,0800";"3,8693";"3,8724"
"116,0900";"3,8697";"3,8745"
"116,1000";"3,8701";"3,8747"
"116,1100";"3,8705";"3,8743"
"116,1200";"3,8708";"3,8757"
"116,1300";"3,8712";"3,8766"
"116,1400";"3,8715";"3,8768"
"116,1500";"3,8719";"3,8761"
"116,1600";"3,8722";"3,8757"
"116,1700";"3,8726";"3,8782"
"116,1800";"3,8728";"3,8811"
"116,1900";"3,8730";"3,8828"
"116,2000";"3,8734";"3,8821"
"116,2100";"3,8736";"3,8811"
"116,2200";"3,8739";"3,8789"
"116,2300";"3,8742";"3,8766"
"116,2400";"3,8746";"3,8777"
"116,2500";"3,8748";"3,8797"
"116,2600";"3,8752";"3,8813"
"116,2700";"3,8755";"3,8826"
"116,2800";"3,8759";"3,8844"
"116,2900";"3,8762";"3,8849"
"116,3000";"3,8765";"3,8832"
"116,3100";"3,8768";"3,8810"
"116,3200";"3,8772";"3,8806"
"116,3300";"3,8775";"3,8821"
"116,3400";"3,8779";"3,8826"
"116,3500";"3,8781";"3,8829"
"116,3600";"3,8785";"3,8834"
"116,3700";"3,8788";"3,8843"
"116,3800";"3,8791";"3,8828"
"116,3900";"3,8794";"3,8821"
"116,4000";"3,8798";"3,8838"
"116,4100";"3,8801";"3,8861"
"116,4200";"3,8805";"3,8861"
"116,4300";"3,8808";"3,8844"
"116,4400";"3,8812";"3,8837"
"116,4500";"3,8815";"3,8847"
"116,4600";"3,8819";"3,8864"
"116,4700";"3,8823";"3,8860"
"116,4800";"3,8826";"3,8863"
"116,4900";"3,8830";"3,8879"
"116,5000";"3,8833";"3,8876"
"116,5100";"3,8837";"3,8868"
"116,5200";"3,8839";"3,8880"
"116,5300";"3,8843";"3,8907"
"116,5400";"3,8845";"3,8922"
"116,5500";"3,8849";"3,8905"
"116,5600";"3,8852";"3,8890"
"116,5700";"3,8856";"3,8893"
"116,5800";"3,8859";"3,8909"
"116,5900";"3,8863";"3,8913"
"116,6000";"3,8867";"3,8921"
"116,6100";"3,8871";"3,8926"
"116,6200";"3,8875";"3,8928"
"116,6300";"3,8878";"3,8932"
"116,6400";"3,8882";"3,8926"
"116,6500";"3,8885";"3,8908"
"116,6600";"3,8887";"3,8893"
"116,6700";"3,8891";"3,8881"
"116,6800";"3,8895";"3,8885"
"116,6900";"3,8897";"3,8904"
"116,7000";"3,8899";"3,8939"
"116,7100";"3,8903";"3,8942"
"116,7200";"3,8906";"3,8936"
"116,7300";"3,8910";"3,8942"
"116,7400";"3,8913";"3,8943"
"116,7500";"3,8917";"3,8944"
"116,7600";"3,8921";"3,8948"
"116,7700";"3,8924";"3,8956"
"116,7800";"3,8928";"3,8950"
"116,7900";"3,8932";"3,8944"
"116,8000";"3,8936";"3,8948"
"116,8100";"3,8939";"3,8959"
"116,8200";"3,8942";"3,8967"
"116,8300";"3,8945";"3,8951"
"116,8400";"3,8949";"3,8934"
"116,8500";"3,8951";"3,8936"
"116,8600";"3,8954";"3,8956"
"116,8700";"3,8957";"3,8983"
"116,8800";"3,8960";"3,8987"
"116,8900";"3,8963";"3,8986"
"116,9000";"3,8965";"3,8972"
"116,9100";"3,8969";"3,8956"
"116,9200";"3,8972";"3,8957"
"116,9300";"3,8975";"3,8981"
"116,9400";"3,8978";"3,8998"
"116,9500";"3,8982";"3,8987"
"116,9600";"3,8985";"3,8950"
"116,9700";"3,8989";"3,8950"
"116,9800";"3,8993";"3,8993"
"116,9900";"3,8996";"3,9010"
"117,0000";"3,9000";"3,8999"
"117,0100";"3,9003";"3,9005"
"117,0200";"3,9006";"3,9035"
"117,0300";"3,9009";"3,9063"
"117,0400";"3,9013";"3,9046"
"117,0500";"3,9015";"3,9016"
"117,0600";"3,9017";"3,9000"
"117,0700";"3,9021";"3,9000"
"117,0800";"3,9024";"3,8998"
"117,0900";"3,9028";"3,8996"
"117,1000";"3,9032";"3,9011"
"117,1100";"3,9034";"3,9021"
"117,1200";"3,9039";"3,9030"
"117,1300";"3,9041";"3,9027"
"117,1400";"3,9046";"3,9034"
"117,1500";"3,9049";"3,9041"
"117,1600";"3,9053";"3,9040"
"117,1700";"3,9055";"3,9034"
"117,1800";"3,9059";"3,9039"
"117,1900";"3,9061";"3,9048"
"117,2000";"3,9065";"3,9059"
"117,2100";"3,9067";"3,9078"
"117,2200";"3,9070";"3,9081"
"117,2300";"3,9074";"3,9058"
"117,2400";"3,9078";"3,9030"
"117,2500";"3,9081";"3,9034"
"117,2600";"3,9085";"3,9080"
"117,2700";"3,9088";"3,9102"
"117,2800";"3,9092";"3,9094"
"117,2900";"3,9096";"3,9083"
"117,3000";"3,9100";"3,9081"
"117,3100";"3,9104";"3,9080"
"117,3200";"3,9107";"3,9060"
"117,3300";"3,9109";"3,9053"
"117,3400";"3,9113";"3,9073"
"117,3500";"3,9117";"3,9099"
"117,3600";"3,9119";"3,9109"
"117,3700";"3,9122";"3,9116"
"117,3800";"3,9125";"3,9125"
"117,3900";"3,9128";"3,9123"
"117,4000";"3,9131";"3,9100"
"117,4100";"3,9134";"3,9092"
"117,4200";"3,9138";"3,9096"
"117,4300";"3,9141";"3,9101"
"117,4400";"3,9145";"3,9115"
"117,4500";"3,9150";"3,9144"
"117,4600";"3,9153";"3,9164"
"117,4700";"3,9157";"3,9155"
"117,4800";"3,9160";"3,9135"
"117,4900";"3,9164";"3,9118"
"117,5000";"3,9167";"3,9132"
"117,5100";"3,9171";"3,9159"
"117,5200";"3,9174";"3,9157"
"117,5300";"3,9177";"3,9137"
"117,5400";"3,9180";"3,9135"
"117,5500";"3,9183";"3,9146"
"117,5600";"3,9185";"3,9162"
"117,5700";"3,9189";"3,9160"
"117,5800";"3,9191";"3,9139"
"117,5900";"3,9194";"3,9142"
"117,6000";"3,9198";"3,9159"
"117,6100";"3,9200";"3,9181"
"117,6200";"3,9204";"3,9188"
"117,6300";"3,9207";"3,9189"
"117,6400";"3,9211";"3,9203"
"117,6500";"3,9215";"3,9219"
"117,6600";"3,9218";"3,9223"
"117,6700";"3,9222";"3,9225"
"117,6800";"3,9225";"3,9201"
"117,6900";"3,9229";"3,9182"
"117,7000";"3,9232";"3,9174"
"117,7100";"3,9235";"3,9177"
"117,7200";"3,9238";"3,9179"
"117,7300";"3,9240";"3,9185"
"117,7400";"3,9244";"3,9205"
"117,7500";"3,9248";"3,9223"
"117,7600";"3,9251";"3,9219"
"117,7700";"3,9255";"3,9206"
"117,7800";"3,9258";"3,9199"
"117,7900";"3,9262";"3,9205"
"117,8000";"3,9265";"3,9205"
"117,8100";"3,9269";"3,9209"
"117,8200";"3,9272";"3,9219"
"117,8300";"3,9276";"3,9239"
"117,8400";"3,9279";"3,9240"
"117,8500";"3,9284";"3,9225"
"117,8600";"3,9287";"3,9215"
"117,8700";"3,9289";"3,9234"
"117,8800";"3,9292";"3,9254"
"117,8900";"3,9296";"3,9261"
"117,9000";"3,9300";"3,9260"
"117,9100";"3,9303";"3,9270"
"117,9200";"3,9307";"3,9266"
"117,9300";"3,9310";"3,9254"
"117,9400";"3,9314";"3,9251"
"117,9500";"3,9317";"3,9263"
"117,9600";"3,9321";"3,9268"
"117,9700";"3,9324";"3,9249"
"117,9800";"3,9328";"3,9235"
"117,9900";"3,9331";"3,9251"
"118,0000";"3,9335";"3,9281"
"118,0100";"3,9338";"3,9290"
"118,0200";"3,9341";"3,9280"
"118,0300";"3,9343";"3,9271"
"118,0400";"3,9347";"3,9280"
"118,0500";"3,9349";"3,9289"
"118,0600";"3,9353";"3,9295"
"118,0700";"3,9356";"3,9297"
"118,0800";"3,9360";"3,9298"
"118,0900";"3,9363";"3,9290"
"118,1000";"3,9367";"3,9291"
"118,1100";"3,9370";"3,9295"
"118,1200";"3,9374";"3,9305"
"118,1300";"3,9379";"3,9307"
"118,1400";"3,9382";"3,9303"
"118,1500";"3,9386";"3,9302"
"118,1600";"3,9389";"3,9301"
"118,1700";"3,9393";"3,9303"
"118,1800";"3,9396";"3,9325"
"118,1900";"3,9400";"3,9350"
"118,2000";"3,9402";"3,9348"
"118,2100";"3,9405";"3,9324"
"118,2200";"3,9408";"3,9309"
"118,2300";"3,9410";"3,9320"
"118,2400";"3,9414";"3,9331"
"118,2500";"3,9416";"3,9336"
"118,2600";"3,9420";"3,9325"
"118,2700";"3,9423";"3,9344"
"118,2800";"3,9426";"3,9380"
"118,2900";"3,9429";"3,9390"
"118,3000";"3,9433";"3,9374"
"118,3100";"3,9436";"3,9361"
"118,3200";"3,9440";"3,9388"
"118,3300";"3,9444";"3,9403"
"118,3400";"3,9447";"3,9407"
"118,3500";"3,9449";"3,9403"
"118,3600";"3,9453";"3,9410"
"118,3700";"3,9457";"3,9412"
"118,3800";"3,9459";"3,9400"
"118,3900";"3,9462";"3,9381"
"118,4000";"3,9465";"3,9364"
"118,4100";"3,9468";"3,9364"
"118,4200";"3,9472";"3,9388"
"118,4300";"3,9474";"3,9417"
"118,4400";"3,9478";"3,9450"
"118,4500";"3,9481";"3,9456"
"118,4600";"3,9485";"3,9416"
"118,4700";"3,9488";"3,9383"
"118,4800";"3,9492";"3,9383"
"118,4900";"3,9495";"3,9406"
"118,5000";"3,9499";"3,9409"
"118,5100";"3,9503";"3,9415"
"118,5200";"3,9506";"3,9428"
"118,5300";"3,9510";"3,9430"
"118,5400";"3,9512";"3,9422"
"118,5500";"3,9516";"3,9409"
"118,5600";"3,9518";"3,9421"
"118,5700";"3,9521";"3,9427"
"118,5800";"3,9525";"3,9419"
"118,5900";"3,9529";"3,9405"
"118,6000";"3,9532";"3,9411"
"118,6100";"3,9536";"3,9433"
"118,6200";"3,9539";"3,9443"
"118,6300";"3,9543";"3,9446"
"118,6400";"3,9546";"3,9458"
"118,6500";"3,9550";"3,9470"
"118,6600";"3,9553";"3,9461"
"118,6700";"3,9557";"3,9453"
"118,6800";"3,9560";"3,9464"
"118,6900";"3,9563";"3,9467"
"118,7000";"3,9566";"3,9458"
"118,7100";"3,9569";"3,9460"
"118,7200";"3,9572";"3,9479"
"118,7300";"3,9576";"3,9489"
"118,7400";"3,9578";"3,9491"
"118,7500";"3,9582";"3,9477"
"118,7600";"3,9585";"3,9482"
"118,7700";"3,9589";"3,9496"
"118,7800";"3,9592";"3,9486"
"118,7900";"3,9596";"3,9464"
"118,8000";"3,9599";"3,9470"
"118,8100";"3,9603";"3,9500"
"118,8200";"3,9606";"3,9524"
"118,8300";"3,9610";"3,9517"
"118,8400";"3,9615";"3,9515"
"118,8500";"3,9617";"3,9520"
"118,8600";"3,9621";"3,9519"
"118,8700";"3,9624";"3,9512"
"118,8800";"3,9627";"3,9522"
"118,8900";"3,9629";"3,9531"
"118,9000";"3,9632";"3,9525"
"118,9100";"3,9636";"3,9513"
"118,9200";"3,9638";"3,9518"
"118,9300";"3,9642";"3,9543"
"118,9400";"3,9645";"3,9556"
"118,9500";"3,9648";"3,9540"
"118,9600";"3,9651";"3,9530"
"118,9700";"3,9655";"3,9538"
"118,9800";"3,9658";"3,9547"
"118,9900";"3,9662";"3,9558"
"119,0000";"3,9665";"3,9565"
"119,0100";"3,9669";"3,9572"
"119,0200";"3,9673";"3,9569"
"119,0300";"3,9676";"3,9558"
"119,0400";"3,9678";"3,9549"
"119,0500";"3,9681";"3,9552"
"119,0600";"3,9684";"3,9567"
"119,0700";"3,9688";"3,9579"
"119,0800";"3,9690";"3,9577"
"119,0900";"3,9694";"3,9575"
"119,1000";"3,9697";"3,9581"
"119,1100";"3,9701";"3,9592"
"119,1200";"3,9704";"3,9592"
"119,1300";"3,9708";"3,9589"
"119,1400";"3,9712";"3,9580"
"119,1500";"3,9715";"3,9584"
"119,1600";"3,9719";"3,9607"
"119,1700";"3,9722";"3,9633"
"119,1800";"3,9726";"3,9628"
"119,1900";"3,9729";"3,9610"
"119,2000";"3,9733";"3,9616"
"119,2100";"3,9735";"3,9641"
"119,2200";"3,9737";"3,9648"
"119,2300";"3,9741";"3,9619"
"119,2400";"3,9745";"3,9585"
"119,2500";"3,9748";"3,9587"
"119,2600";"3,9752";"3,9611"
"119,2700";"3,9755";"3,9630"
"119,2800";"3,9759";"3,9636"
"119,2900";"3,9762";"3,9645"
"119,3000";"3,9766";"3,9649"
"119,3100";"3,9771";"3,9634"
"119,3200";"3,9774";"3,9606"
"119,3300";"3,9778";"3,9612"
"119,3400";"3,9781";"3,9644"
"119,3500";"3,9784";"3,9662"
"119,3600";"3,9787";"3,9666"
"119,3700";"3,9789";"3,9665"
"119,3800";"3,9793";"3,9676"
"119,3900";"3,9797";"3,9676"
"119,4000";"3,9799";"3,9657"
"119,4100";"3,9802";"3,9635"
"119,4200";"3,9806";"3,9644"
"119,4300";"3,9808";"3,9680"
"119,4400";"3,9812";"3,9698"
"119,4500";"3,9815";"3,9693"
"119,4600";"3,9819";"3,9681"
"119,4700";"3,9822";"3,9668"
"119,4800";"3,9826";"3,9664"
"119,4900";"3,9830";"3,9677"
"119,5000";"3,9833";"3,9707"
"119,5100";"3,9837";"3,9716"
"119,5200";"3,9840";"3,9708"
"119,5300";"3,9844";"3,9697"
"119,5400";"3,9847";"3,9693"
"119,5500";"3,9851";"3,9698"
"119,5600";"3,9853";"3,9701"
"119,5700";"3,9857";"3,9695"
"119,5800";"3,9859";"3,9700"
"119,5900";"3,9863";"3,9708"
"119,6000";"3,9866";"3,9706"
"119,6100";"3,9869";"3,9717"
"119,6200";"3,9872";"3,9724"
"119,6300";"3,9876";"3,9714"
"119,6400";"3,9879";"3,9709"
"119,6500";"3,9882";"3,9714"
"119,6600";"3,9885";"3,9742"
"119,6700";"3,9889";"3,9746"
"119,6800";"3,9892";"3,9729"
"119,6900";"3,9896";"3,9724"
"119,7000";"3,9898";"3,9741"
"119,7100";"3,9902";"3,9761"
"119,7200";"3,9904";"3,9761"
"119,7300";"3,9907";"3,9757"
"119,7400";"3,9911";"3,9740"
"119,7500";"3,9913";"3,9723"
"119,7600";"3,9917";"3,9715"
"119,7700";"3,9920";"3,9729"
"119,7800";"3,9924";"3,9760"
"119,7900";"3,9928";"3,9784"
"119,8000";"3,9931";"3,9766"
"119,8100";"3,9935";"3,9741"
"119,8200";"3,9939";"3,9747"
"119,8300";"3,9943";"3,9763"
"119,8400";"3,9946";"3,9759"
"119,8500";"3,9950";"3,9758"
"119,8600";"3,9954";"3,9782"
"119,8700";"3,9957";"3,9827"
"119,8800";"3,9961";"3,9844"
"119,8900";"3,9963";"3,9826"
"119,9000";"3,9967";"3,9798"
"119,9100";"3,9970";"3,9793"
"119,9200";"3,9974";"3,9784"
"119,9300";"3,9976";"3,9762"
"119,9400";"3,9981";"3,9766"
"119,9500";"3,9984";"3,9797"
"119,9600";"3,9988";"3,9843"
"119,9700";"3,9991";"3,9857"
"119,9800";"3,9995";"3,9842"
"119,9900";"3,9998";"3,9823"
"120,0000";"4,0002";"3,9814"
"120,0100";"4,0005";"3,9818"
"120,0200";"4,0009";"3,9810"
"120,0300";"4,0011";"3,9804"
"120,0400";"4,0014";"3,9817"
"120,0500";"4,0017";"3,9852"
"120,0600";"4,0020";"3,9878"
"120,0700";"4,0023";"3,9873"
"120,0800";"4,0027";"3,9852"
"120,0900";"4,0030";"3,9840"
"120,1000";"4,0034";"3,9847"
"120,1100";"4,0037";"3,9871"
"120,1200";"4,0041";"3,9871"
"120,1300";"4,0044";"3,9857"
"120,1400";"4,0048";"3,9857"
"120,1500";"4,0053";"3,9871"
"120,1600";"4,0056";"3,9881"
"120,1700";"4,0060";"3,9877"
"120,1800";"4,0062";"3,9866"
"120,1900";"4,0066";"3,9861"
"120,2000";"4,0069";"3,9860"
"120,2100";"4,0072";"3,9866"
"120,2200";"4,0075";"3,9887"
"120,2300";"4,0077";"3,9917"
"120,2400";"4,0081";"3,9942"
"120,2500";"4,0085";"3,9924"
"120,2600";"4,0087";"3,9903"
"120,2700";"4,0090";"3,9912"
"120,2800";"4,0094";"3,9927"
"120,2900";"4,0098";"3,9925"
"120,3000";"4,0100";"3,9926"
"120,3100";"4,0103";"3,9940"
"120,3200";"4,0107";"3,9952"
"120,3300";"4,0111";"3,9942"
"120,3400";"4,0114";"3,9925"
"120,3500";"4,0118";"3,9923"
"120,3600";"4,0121";"3,9920"
"120,3700";"4,0125";"3,9907"
"120,3800";"4,0127";"3,9891"
"120,3900";"4,0131";"3,9900"
"120,4000";"4,0133";"3,9932"
"120,4100";"4,0137";"3,9945"
"120,4200";"4,0139";"3,9929"
"120,4300";"4,0142";"3,9899"
"120,4400";"4,0145";"3,9903"
"120,4500";"4,0148";"3,9919"
"120,4600";"4,0152";"3,9935"
"120,4700";"4,0155";"3,9940"
"120,4800";"4,0158";"3,9950"
"120,4900";"4,0161";"3,9968"
"120,5000";"4,0165";"3,9980"
"120,5100";"4,0168";"3,9981"
"120,5200";"4,0172";"3,9965"
"120,5300";"4,0175";"3,9944"
"120,5400";"4,0179";"3,9938"
"120,5500";"4,0181";"3,9946"
"120,5600";"4,0184";"3,9975"
"120,5700";"4,0187";"4,0006"
"120,5800";"4,0191";"4,0010"
"120,5900";"4,0194";"4,0014"
"120,6000";"4,0198";"4,0019"
"120,6100";"4,0201";"3,9997"
"120,6200";"4,0205";"3,9967"
"120,6300";"4,0210";"3,9966"
"120,6400";"4,0213";"4,0001"
"120,6500";"4,0217";"4,0025"
"120,6600";"4,0222";"4,0029"
"120,6700";"4,0225";"4,0033"
"120,6800";"4,0229";"4,0053"
"120,6900";"4,0232";"4,0056"
"120,7000";"4,0235";"4,0039"
"120,7100";"4,0238";"4,0025"
"120,7200";"4,0240";"4,0017"
"120,7300";"4,0244";"4,0017"
"120,7400";"4,0247";"4,0023"
"120,7500";"4,0250";"4,0044"
"120,7600";"4,0253";"4,0072"
"120,7700";"4,0257";"4,0070"
"120,7800";"4,0260";"4,0053"
"120,7900";"4,0264";"4,0048"
"120,8000";"4,0268";"4,0043"
"120,8100";"4,0271";"4,0041"
"120,8200";"4,0275";"4,0026"
"120,8300";"4,0278";"4,0029"
"120,8400";"4,0282";"4,0063"
"120,8500";"4,0285";"4,0087"
"120,8600";"4,0288";"4,0081"
"120,8700";"4,0291";"4,0063"
"120,8800";"4,0294";"4,0065"
"120,8900";"4,0297";"4,0079"
"120,9000";"4,0299";"4,0096"
"120,9100";"4,0302";"4,0093"
"120,9200";"4,0305";"4,0088"
"120,9300";"4,0308";"4,0100"
"120,9400";"4,0311";"4,0119"
"120,9500";"4,0315";"4,0122"
"120,9600";"4,0317";"4,0114"
"120,9700";"4,0321";"4,0095"
"120,9800";"4,0324";"4,0081"
"120,9900";"4,0328";"4,0092"
"121,0000";"4,0331";"4,0105"
"121,0100";"4,0335";"4,0105"
"121,0200";"4,0338";"4,0096"
"121,0300";"4,0342";"4,0097"
"121,0400";"4,0345";"4,0126"
"121,0500";"4,0349";"4,0147"
"121,0600";"4,0353";"4,0130"
"121,0700";"4,0355";"4,0098"
"121,0800";"4,0358";"4,0105"
"121,0900";"4,0362";"4,0133"
"121,1000";"4,0364";"4,0145"
"121,1100";"4,0368";"4,0142"
"121,1200";"4,0371";"4,0136"
"121,1300";"4,0375";"4,0142"
"121,1400";"4,0377";"4,0150"
"121,1500";"4,0381";"4,0139"
"121,1600";"4,0384";"4,0130"
"121,1700";"4,0388";"4,0131"
"121,1800";"4,0392";"4,0130"
"121,1900";"4,0395";"4,0140"
"121,2000";"4,0399";"4,0150"
"121,2100";"4,0403";"4,0167"
"121,2200";"4,0406";"4,0178"
"121,2300";"4,0409";"4,0192"
"121,2400";"4,0412";"4,0200"
"121,2500";"4,0415";"4,0195"
"121,2600";"4,0417";"4,0176"
"121,2700";"4,0421";"4,0160"
"121,2800";"4,0425";"4,0182"
"121,2900";"4,0428";"4,0219"
"121,3000";"4,0432";"4,0224"
"121,3100";"4,0435";"4,0193"
"121,3200";"4,0440";"4,0176"
"121,3300";"4,0443";"4,0200"
"121,3400";"4,0447";"4,0232"
"121,3500";"4,0451";"4,0219"
"121,3600";"4,0453";"4,0187"
"121,3700";"4,0456";"4,0186"
"121,3800";"4,0459";"4,0216"
"121,3900";"4,0462";"4,0234"
"121,4000";"4,0466";"4,0226"
"121,4100";"4,0469";"4,0211"
"121,4200";"4,0473";"4,0194"
"121,4300";"4,0475";"4,0194"
"121,4400";"4,0479";"4,0207"
"121,4500";"4,0482";"4,0205"
"121,4600";"4,0487";"4,0198"
"121,4700";"4,0491";"4,0195"
"121,4800";"4,0494";"4,0216"
"121,4900";"4,0498";"4,0243"
"121,5000";"4,0501";"4,0243"
"121,5100";"4,0505";"4,0224"
"121,5200";"4,0508";"4,0216"
"121,5300";"4,0512";"4,0241"
"121,5400";"4,0514";"4,0254"
"121,5500";"4,0518";"4,0260"
"121,5600";"4,0521";"4,0280"
"121,5700";"4,0524";"4,0305"
"121,5800";"4,0527";"4,0310"
"121,5900";"4,0530";"4,0292"
"121,6000";"4,0533";"4,0269"
"121,6100";"4,0536";"4,0265"
"121,6200";"4,0539";"4,0275"
"121,6300";"4,0543";"4,0260"
"121,6400";"4,0546";"4,0243"
"121,6500";"4,0550";"4,0268"
"121,6600";"4,0552";"4,0314"
"121,6700";"4,0557";"4,0337"
"121,6800";"4,0560";"4,0327"
"121,6900";"4,0564";"4,0286"
"121,7000";"4,0567";"4,0262"
"121,7100";"4,0571";"4,0255"
"121,7200";"4,0575";"4,0280"
"121,7300";"4,0578";"4,0312"
"121,7400";"4,0580";"4,0329"
"121,7500";"4,0584";"4,0326"
"121,7600";"4,0586";"4,0313"
"121,7700";"4,0590";"4,0330"
"121,7800";"4,0592";"4,0351"
"121,7900";"4,0596";"4,0329"
"121,8000";"4,0599";"4,0287"
"121,8100";"4,0603";"4,0277"
"121,8200";"4,0606";"4,0316"
"121,8300";"4,0610";"4,0361"
"121,8400";"4,0613";"4,0371"
"121,8500";"4,0617";"4,0355"
"121,8600";"4,0621";"4,0336"
"121,8700";"4,0624";"4,0328"
"121,8800";"4,0628";"4,0337"
"121,8900";"4,0631";"4,0334"
"121,9000";"4,0634";"4,0342"
"121,9100";"4,0637";"4,0360"
"121,9200";"4,0639";"4,0388"
"121,9300";"4,0643";"4,0407"
"121,9400";"4,0647";"4,0408"
"121,9500";"4,0649";"4,0387"
"121,9600";"4,0652";"4,0355"
"121,9700";"4,0656";"4,0344"
"121,9800";"4,0660";"4,0338"
"121,9900";"4,0664";"4,0337"
"122,0000";"4,0668";"4,0344"
"122,0100";"4,0671";"4,0374"
"122,0200";"4,0675";"4,0398"
"122,0300";"4,0678";"4,0395"
"122,0400";"4,0681";"4,0367"
"122,0500";"4,0684";"4,0357"
"122,0600";"4,0688";"4,0386"
"122,0700";"4,0691";"4,0413"
"122,0800";"4,0694";"4,0408"
"122,0900";"4,0697";"4,0395"
"122,1000";"4,0701";"4,0412"
"122,1100";"4,0704";"4,0438"
"122,1200";"4,0708";"4,0432"
"122,1300";"4,0711";"4,0406"
"122,1400";"4,0715";"4,0387"
"122,1500";"4,0719";"4,0394"
"122,1600";"4,0722";"4,0410"
"122,1700";"4,0726";"4,0426"
"122,1800";"4,0728";"4,0435"
"122,1900";"4,0732";"4,0445"
"122,2000";"4,0735";"4,0439"
"122,2100";"4,0739";"4,0421"
"122,2200";"4,0741";"4,0414"
"122,2300";"4,0745";"4,0418"
"122,2400";"4,0747";"4,0436"
"122,2500";"4,0749";"4,0460"
"122,2600";"4,0753";"4,0467"
"122,2700";"4,0755";"4,0458"
"122,2800";"4,0759";"4,0445"
"122,2900";"4,0762";"4,0437"
"122,3000";"4,0766";"4,0459"
"122,3100";"4,0768";"4,0483"
"122,3200";"4,0772";"4,0477"
"122,3300";"4,0775";"4,0467"
"122,3400";"4,0779";"4,0470"
"122,3500";"4,0782";"4,0486"
"122,3600";"4,0786";"4,0492"
"122,3700";"4,0789";"4,0457"
"122,3800";"4,0793";"4,0441"
"122,3900";"4,0796";"4,0470"
"122,4000";"4,0800";"4,0502"
"122,4100";"4,0802";"4,0504"
"122,4200";"4,0805";"4,0497"
"122,4300";"4,0808";"4,0495"
"122,4400";"4,0812";"4,0505"
"122,4500";"4,0815";"4,0508"
"122,4600";"4,0818";"4,0496"
"122,4700";"4,0821";"4,0494"
"122,4800";"4,0825";"4,0501"
"122,4900";"4,0828";"4,0526"
"122,5000";"4,0832";"4,0552"
"122,5100";"4,0835";"4,0563"
"122,5200";"4,0839";"4,0551"
"122,5300";"4,0842";"4,0533"
"122,5400";"4,0846";"4,0535"
"122,5500";"4,0850";"4,0528"
"122,5600";"4,0853";"4,0497"
"122,5700";"4,0855";"4,0468"
"122,5800";"4,0859";"4,0478"
"122,5900";"4,0861";"4,0506"
"122,6000";"4,0865";"4,0535"
"122,6100";"4,0867";"4,0558"
"122,6200";"4,0871";"4,0570"
"122,6300";"4,0874";"4,0575"
"122,6400";"4,0878";"4,0569"
"122,6500";"4,0881";"4,0546"
"122,6600";"4,0885";"4,0527"
"122,6700";"4,0889";"4,0542"
"122,6800";"4,0892";"4,0564"
"122,6900";"4,0896";"4,0575"
"122,7000";"4,0899";"4,0577"
"122,7100";"4,0903";"4,0563"
"122,7200";"4,0905";"4,0553"
"122,7300";"4,0909";"4,0542"
"122,7400";"4,0912";"4,0541"
"122,7500";"4,0915";"4,0560"
"122,7600";"4,0918";"4,0589"
"122,7700";"4,0922";"4,0601"
"122,7800";"4,0925";"4,0597"
"122,7900";"4,0929";"4,0580"
"122,8000";"4,0932";"4,0573"
"122,8100";"4,0936";"4,0569"
"122,8200";"4,0939";"4,0572"
"122,8300";"4,0943";"4,0569"
"122,8400";"4,0946";"4,0574"
"122,8500";"4,0950";"4,0598"
"122,8600";"4,0953";"4,0623"
"122,8700";"4,0957";"4,0626"
"122,8800";"4,0959";"4,0617"
"122,8900";"4,0963";"4,0612"
"122,9000";"4,0966";"4,0621"
"122,9100";"4,0970";"4,0633"
"122,9200";"4,0972";"4,0627"
"122,9300";"4,0975";"4,0609"
"122,9400";"4,0978";"4,0604"
"122,9500";"4,0981";"4,0627"
"122,9600";"4,0984";"4,0649"
"122,9700";"4,0988";"4,0645"
"122,9800";"4,0991";"4,0634"
"122,9900";"4,0995";"4,0640"
"123,0000";"4,0998";"4,0652"
"123,0100";"4,1002";"4,0653"
"123,0200";"4,1005";"4,0644"
"123,0300";"4,1009";"4,0644"
"123,0400";"4,1012";"4,0650"
"123,0500";"4,1016";"4,0643"
"123,0600";"4,1018";"4,0631"
"123,0700";"4,1022";"4,0639"
"123,0800";"4,1025";"4,0666"
"123,0900";"4,1028";"4,0670"
"123,1000";"4,1031";"4,0647"
"123,1100";"4,1034";"4,0630"
"123,1200";"4,1037";"4,0649"
"123,1300";"4,1040";"4,0692"
"123,1400";"4,1043";"4,0723"
"123,1500";"4,1047";"4,0724"
"123,1600";"4,1050";"4,0712"
"123,1700";"4,1054";"4,0697"
"123,1800";"4,1057";"4,0679"
"123,1900";"4,1061";"4,0679"
"123,2000";"4,1064";"4,0679"
"123,2100";"4,1068";"4,0681"
"123,2200";"4,1073";"4,0684"
"123,2300";"4,1076";"4,0691"
"123,2400";"4,1079";"4,0713"
"123,2500";"4,1082";"4,0742"
"123,2600";"4,1086";"4,0736"
"123,2700";"4,1088";"4,0704"
"123,2800";"4,1092";"4,0682"
"123,2900";"4,1095";"4,0682"
"123,3000";"4,1099";"4,0703"
"123,3100";"4,1102";"4,0723"
"123,3200";"4,1106";"4,0727"
"123,3300";"4,1109";"4,0727"
"123,3400";"4,1113";"4,0732"
"123,3500";"4,1116";"4,0743"
"123,3600";"4,1120";"4,0762"
"123,3700";"4,1123";"4,0765"
"123,3800";"4,1127";"4,0759"
"123,3900";"4,1129";"4,0743"
"123,4000";"4,1133";"4,0737"
"123,4100";"4,1135";"4,0754"
"123,4200";"4,1139";"4,0777"
"123,4300";"4,1142";"4,0786"
"123,4400";"4,1146";"4,0770"
"123,4500";"4,1148";"4,0758"
"123,4600";"4,1152";"4,0766"
"123,4700";"4,1157";"4,0785"
"123,4800";"4,1160";"4,0804"
"123,4900";"4,1164";"4,0797"
"123,5000";"4,1167";"4,0776"
"123,5100";"4,1171";"4,0764"
"123,5200";"4,1174";"4,0772"
"123,5300";"4,1178";"4,0786"
"123,5400";"4,1181";"4,0795"
"123,5500";"4,1185";"4,0795"
"123,5600";"4,1187";"4,0800"
"123,5700";"4,1191";"4,0806"
"123,5800";"4,1194";"4,0817"
"123,5900";"4,1197";"4,0818"
"123,6000";"4,1200";"4,0818"
"123,6100";"4,1203";"4,0805"
"123,6200";"4,1206";"4,0791"
"123,6300";"4,1210";"4,0786"
"123,6400";"4,1212";"4,0801"
"123,6500";"4,1216";"4,0827"
"123,6600";"4,1219";"4,0828"
"123,6700";"4,1223";"4,0801"
"123,6800";"4,1226";"4,0797"
"123,6900";"4,1230";"4,0837"
"123,7000";"4,1234";"4,0872"
"123,7100";"4,1238";"4,0857"
"123,7200";"4,1242";"4,0818"
"123,7300";"4,1245";"4,0802"
"123,7400";"4,1249";"4,0822"
"123,7500";"4,1251";"4,0843"
"123,7600";"4,1253";"4,0847"
"123,7700";"4,1257";"4,0850"
"123,7800";"4,1259";"4,0867"
"123,7900";"4,1263";"4,0881"
"123,8000";"4,1266";"4,0899"
"123,8100";"4,1269";"4,0916"
"123,8200";"4,1272";"4,0910"
"123,8300";"4,1276";"4,0889"
"123,8400";"4,1279";"4,0859"
"123,8500";"4,1283";"4,0833"
"123,8600";"4,1286";"4,0827"
"123,8700";"4,1290";"4,0865"
"123,8800";"4,1295";"4,0910"
"123,8900";"4,1298";"4,0919"
"123,9000";"4,1302";"4,0900"
"123,9100";"4,1304";"4,0887"
"123,9200";"4,1308";"4,0889"
"123,9300";"4,1310";"4,0897"
"123,9400";"4,1314";"4,0888"
"123,9500";"4,1316";"4,0861"
"123,9600";"4,1319";"4,0864"
"123,9700";"4,1323";"4,0888"
"123,9800";"4,1327";"4,0918"
"123,9900";"4,1330";"4,0918"
"124,0000";"4,1334";"4,0903"
"124,0100";"4,1337";"4,0903"
"124,0200";"4,1341";"4,0927"
"124,0300";"4,1344";"4,0940"
"124,0400";"4,1348";"4,0950"
"124,0500";"4,1351";"4,0959"
"124,0600";"4,1355";"4,0969"
"124,0700";"4,1357";"4,0954"
"124,0800";"4,1361";"4,0907"
"124,0900";"4,1363";"4,0873"
"124,1000";"4,1367";"4,0890"
"124,1100";"4,1370";"4,0937"
"124,1200";"4,1374";"4,0974"
"124,1300";"4,1377";"4,0989"
"124,1400";"4,1380";"4,0991"
"124,1500";"4,1383";"4,0982"
"124,1600";"4,1387";"4,0960"
"124,1700";"4,1390";"4,0937"
"124,1800";"4,1394";"4,0911"
"124,1900";"4,1397";"4,0905"
"124,2000";"4,1401";"4,0916"
"124,2100";"4,1404";"4,0954"
"124,2200";"4,1408";"4,0996"
"124,2300";"4,1412";"4,1014"
"124,2400";"4,1414";"4,1017"
"124,2500";"4,1417";"4,1012"
"124,2600";"4,1420";"4,1006"
"124,2700";"4,1423";"4,0995"
"124,2800";"4,1426";"4,0990"
"124,2900";"4,1429";"4,0994"
"124,3000";"4,1433";"4,0991"
"124,3100";"4,1435";"4,0976"
"124,3200";"4,1439";"4,0954"
"124,3300";"4,1442";"4,0956"
"124,3400";"4,1446";"4,0977"
"124,3500";"4,1449";"4,1007"
"124,3600";"4,1452";"4,1021"
"124,3700";"4,1456";"4,1037"
"124,3800";"4,1459";"4,1066"
"124,3900";"4,1463";"4,1077"
"124,4000";"4,1466";"4,1063"
"124,4100";"4,1469";"4,1037"
"124,4200";"4,1473";"4,1017"
"124,4300";"4,1475";"4,1010"
"124,4400";"4,1479";"4,1010"
"124,4500";"4,1482";"4,1015"
"124,4600";"4,1485";"4,1045"
"124,4700";"4,1488";"4,1054"
"124,4800";"4,1492";"4,1051"
"124,4900";"4,1495";"4,1035"
"124,5000";"4,1499";"4,1030"
"124,5100";"4,1502";"4,1020"
"124,5200";"4,1506";"4,1011"
"124,5300";"4,1508";"4,1011"
"124,5400";"4,1513";"4,1026"
"124,5500";"4,1515";"4,1051"
"124,5600";"4,1519";"4,1070"
"124,5700";"4,1522";"4,1085"
"124,5800";"4,1526";"4,1097"
"124,5900";"4,1530";"4,1089"
"124,6000";"4,1532";"4,1063"
"124,6100";"4,1535";"4,1050"
"124,6200";"4,1538";"4,1055"
"124,6300";"4,1541";"4,1071"
"124,6400";"4,1545";"4,1080"
"124,6500";"4,1547";"4,1106"
"124,6600";"4,1551";"4,1147"
"124,6700";"4,1554";"4,1183"
"124,6800";"4,1559";"4,1161"
"124,6900";"4,1563";"4,1082"
"124,7000";"4,1566";"4,1036"
"124,7100";"4,1570";"4,1046"
"124,7200";"4,1573";"4,1092"
"124,7300";"4,1577";"4,1133"
"124,7400";"4,1580";"4,1148"
"124,7500";"4,1583";"4,1148"
"124,7600";"4,1586";"4,1148"
"124,7700";"4,1590";"4,1138"
"124,7800";"4,1592";"4,1118"
"124,7900";"4,1596";"4,1100"
"124,8000";"4,1599";"4,1097"
"124,8100";"4,1603";"4,1115"
"124,8200";"4,1606";"4,1132"
"124,8300";"4,1610";"4,1139"
"124,8400";"4,1613";"4,1135"
"124,8500";"4,1617";"4,1144"
"124,8600";"4,1620";"4,1163"
"124,8700";"4,1624";"4,1151"
"124,8800";"4,1628";"4,1113"
"124,8900";"4,1631";"4,1112"
"124,9000";"4,1635";"4,1148"
"124,9100";"4,1637";"4,1182"
"124,9200";"4,1641";"4,1186"
"124,9300";"4,1643";"4,1172"
"124,9400";"4,1646";"4,1177"
"124,9500";"4,1649";"4,1206"
"124,9600";"4,1652";"4,1209"
"124,9700";"4,1656";"4,1172"
"124,9800";"4,1658";"4,1144"
"124,9900";"4,1662";"4,1149"
"125,0000";"4,1665";"4,1175"
"125,0100";"4,1668";"4,1198"
"125,0200";"4,1671";"4,1205"
"125,0300";"4,1675";"4,1205"
"125,0400";"4,1678";"4,1197"
"125,0500";"4,1682";"4,1181"
"125,0600";"4,1685";"4,1170"
"125,0700";"4,1689";"4,1174"
"125,0800";"4,1692";"4,1188"
"125,0900";"4,1696";"4,1208"
"125,1000";"4,1698";"4,1220"
"125,1100";"4,1702";"4,1229"
"125,1200";"4,1704";"4,1230"
"125,1300";"4,1708";"4,1213"
"125,1400";"4,1710";"4,1193"
"125,1500";"4,1714";"4,1200"
"125,1600";"4,1717";"4,1230"
"125,1700";"4,1721";"4,1255"
"125,1800";"4,1724";"4,1255"
"125,1900";"4,1728";"4,1237"
"125,2000";"4,1731";"4,1221"
"125,2100";"4,1735";"4,1216"
"125,2200";"4,1739";"4,1218"
"125,2300";"4,1742";"4,1222"
"125,2400";"4,1747";"4,1235"
"125,2500";"4,1750";"4,1249"
"125,2600";"4,1754";"4,1264"
"125,2700";"4,1756";"4,1268"
"125,2800";"4,1759";"4,1252"
"125,2900";"4,1762";"4,1226"
"125,3000";"4,1766";"4,1220"
"125,3100";"4,1768";"4,1225"
"125,3200";"4,1772";"4,1223"
"125,3300";"4,1775";"4,1227"
"125,3400";"4,1779";"4,1248"
"125,3500";"4,1782";"4,1282"
"125,3600";"4,1786";"4,1290"
"125,3700";"4,1789";"4,1277"
"125,3800";"4,1793";"4,1260"
"125,3900";"4,1796";"4,1271"
"125,4000";"4,1800";"4,1302"
"125,4100";"4,1803";"4,1306"
"125,4200";"4,1807";"4,1294"
"125,4300";"4,1811";"4,1292"
"125,4400";"4,1813";"4,1314"
"125,4500";"4,1816";"4,1326"
"125,4600";"4,1820";"4,1306"
"125,4700";"4,1824";"4,1298"
"125,4800";"4,1827";"4,1313"
"125,4900";"4,1831";"4,1327"
"125,5000";"4,1834";"4,1321"
"125,5100";"4,1838";"4,1303"
"125,5200";"4,1841";"4,1305"
"125,5300";"4,1845";"4,1325"
"125,5400";"4,1848";"4,1343"
"125,5500";"4,1852";"4,1345"
"125,5600";"4,1855";"4,1346"
"125,5700";"4,1859";"4,1350"
"125,5800";"4,1861";"4,1344"
"125,5900";"4,1865";"4,1347"
"125,6000";"4,1868";"4,1361"
"125,6100";"4,1871";"4,1384"
"125,6200";"4,1873";"4,1384"
"125,6300";"4,1877";"4,1369"
"125,6400";"4,1879";"4,1345"
"125,6500";"4,1883";"4,1325"
"125,6600";"4,1885";"4,1325"
"125,6700";"4,1888";"4,1332"
"125,6800";"4,1892";"4,1354"
"125,6900";"4,1896";"4,1384"
"125,7000";"4,1899";"4,1392"
"125,7100";"4,1903";"4,1399"
"125,7200";"4,1906";"4,1410"
"125,7300";"4,1910";"4,1414"
"125,7400";"4,1913";"4,1412"
"125,7500";"4,1917";"4,1401"
"125,7600";"4,1920";"4,1396"
"125,7700";"4,1923";"4,1392"
"125,7800";"4,1926";"4,1397"
"125,7900";"4,1929";"4,1412"
"125,8000";"4,1932";"4,1415"
"125,8100";"4,1935";"4,1409"
"125,8200";"4,1938";"4,1397"
"125,8300";"4,1942";"4,1392"
"125,8400";"4,1945";"4,1404"
"125,8500";"4,1949";"4,1426"
"125,8600";"4,1952";"4,1431"
"125,8700";"4,1956";"4,1428"
"125,8800";"4,1959";"4,1432"
"125,8900";"4,1963";"4,1447"
"125,9000";"4,1966";"4,1449"
"125,9100";"4,1970";"4,1440"
"125,9200";"4,1973";"4,1436"
"125,9300";"4,1977";"4,1451"
"125,9400";"4,1981";"4,1462"
"125,9500";"4,1983";"4,1462"
"125,9600";"4,1986";"4,1446"
"125,9700";"4,1989";"4,1418"
"125,9800";"4,1992";"4,1421"
"125,9900";"4,1995";"4,1442"
"126,0000";"4,1998";"4,1474"
"126,0100";"4,2002";"4,1499"
"126,0200";"4,2005";"4,1501"
"126,0300";"4,2009";"4,1483"
"126,0400";"4,2014";"4,1477"
"126,0500";"4,2017";"4,1479"
"126,0600";"4,2021";"4,1472"
"126,0700";"4,2024";"4,1456"
"126,0800";"4,2028";"4,1450"
"126,0900";"4,2030";"4,1475"
"126,1000";"4,2034";"4,1510"
"126,1100";"4,2037";"4,1506"
"126,1200";"4,2040";"4,1484"
"126,1300";"4,2043";"4,1480"
"126,1400";"4,2047";"4,1477"
"126,1500";"4,2049";"4,1473"
"126,1600";"4,2053";"4,1465"
"126,1700";"4,2056";"4,1478"
"126,1800";"4,2060";"4,1505"
"126,1900";"4,2063";"4,1531"
"126,2000";"4,2067";"4,1541"
"126,2100";"4,2070";"4,1535"
"126,2200";"4,2074";"4,1526"
"126,2300";"4,2077";"4,1514"
"126,2400";"4,2081";"4,1499"
"126,2500";"4,2084";"4,1476"
"126,2600";"4,2087";"4,1466"
"126,2700";"4,2090";"4,1475"
"126,2800";"4,2094";"4,1495"
"126,2900";"4,2096";"4,1521"
"126,3000";"4,2099";"4,1533"
"126,3100";"4,2102";"4,1523"
"126,3200";"4,2105";"4,1531"
"126,3300";"4,2108";"4,1535"
"126,3400";"4,2112";"4,1523"
"126,3500";"4,2115";"4,1516"
"126,3600";"4,2117";"4,1539"
"126,3700";"4,2121";"4,1574"
"126,3800";"4,2125";"4,1587"
"126,3900";"4,2128";"4,1575"
"126,4000";"4,2132";"4,1562"
"126,4100";"4,2135";"4,1562"
"126,4200";"4,2139";"4,1577"
"126,4300";"4,2142";"4,1576"
"126,4400";"4,2146";"4,1564"
"126,4500";"4,2148";"4,1571"
"126,4600";"4,2152";"4,1603"
"126,4700";"4,2154";"4,1611"
"126,4800";"4,2158";"4,1587"
"126,4900";"4,2161";"4,1566"
"126,5000";"4,2164";"4,1568"
"126,5100";"4,2167";"4,1574"
"126,5200";"4,2171";"4,1578"
"126,5300";"4,2174";"4,1585"
"126,5400";"4,2178";"4,1601"
"126,5500";"4,2182";"4,1609"
"126,5600";"4,2186";"4,1599"
"126,5700";"4,2190";"4,1581"
"126,5800";"4,2193";"4,1575"
"126,5900";"4,2197";"4,1591"
"126,6000";"4,2200";"4,1598"
"126,6100";"4,2204";"4,1598"
"126,6200";"4,2207";"4,1597"
"126,6300";"4,2211";"4,1609"
"126,6400";"4,2213";"4,1622"
"126,6500";"4,2215";"4,1636"
"126,6600";"4,2219";"4,1638"
"126,6700";"4,2221";"4,1647"
"126,6800";"4,2225";"4,1659"
"126,6900";"4,2228";"4,1660"
"126,7000";"4,2232";"4,1664"
"126,7100";"4,2236";"4,1667"
"126,7200";"4,2239";"4,1663"
"126,7300";"4,2243";"4,1656"
"126,7400";"4,2246";"4,1640"
"126,7500";"4,2250";"4,1633"
"126,7600";"4,2253";"4,1638"
"126,7700";"4,2256";"4,1650"
"126,7800";"4,2259";"4,1670"
"126,7900";"4,2262";"4,1680"
"126,8000";"4,2265";"4,1683"
"126,8100";"4,2267";"4,1684"
"126,8200";"4,2271";"4,1686"
"126,8300";"4,2275";"4,1676"
"126,8400";"4,2278";"4,1656"
"126,8500";"4,2282";"4,1649"
"126,8600";"4,2285";"4,1665"
"126,8700";"4,2289";"4,1689"
"126,8800";"4,2292";"4,1699"
"126,8900";"4,2296";"4,1709"
"126,9000";"4,2299";"4,1722"
"126,9100";"4,2303";"4,1704"
"126,9200";"4,2306";"4,1677"
"126,9300";"4,2310";"4,1663"
"126,9400";"4,2312";"4,1677"
"126,9500";"4,2316";"4,1706"
"126,9600";"4,2319";"4,1714"
"126,9700";"4,2322";"4,1704"
"126,9800";"4,2325";"4,1709"
"126,9900";"4,2328";"4,1741"
"127,0000";"4,2331";"4,1759"
"127,0100";"4,2335";"4,1744"
"127,0200";"4,2338";"4,1719"
"127,0300";"4,2342";"4,1709"
"127,0400";"4,2344";"4,1716"
"127,0500";"4,2348";"4,1717"
"127,0600";"4,2351";"4,1730"
"127,0700";"4,2355";"4,1757"
"127,0800";"4,2358";"4,1784"
"127,0900";"4,2362";"4,1785"
"127,1000";"4,2365";"4,1761"
"127,1100";"4,2369";"4,1736"
"127,1200";"4,2372";"4,1741"
"127,1300";"4,2376";"4,1749"
"127,1400";"4,2378";"4,1760"
"127,1500";"4,2382";"4,1761"
"127,1600";"4,2384";"4,1766"
"127,1700";"4,2388";"4,1775"
"127,1800";"4,2391";"4,1790"
"127,1900";"4,2395";"4,1790"
"127,2000";"4,2398";"4,1779"
"127,2100";"4,2402";"4,1768"
"127,2200";"4,2406";"4,1785"
"127,2300";"4,2409";"4,1804"
"127,2400";"4,2413";"4,1803"
"127,2500";"4,2416";"4,1793"
"127,2600";"4,2420";"4,1793"
"127,2700";"4,2423";"4,1808"
"127,2800";"4,2427";"4,1808"
"127,2900";"4,2430";"4,1788"
"127,3000";"4,2434";"4,1762"
"127,3100";"4,2436";"4,1773"
"127,3200";"4,2439";"4,1806"
"127,3300";"4,2442";"4,1821"
"127,3400";"4,2446";"4,1818"
"127,3500";"4,2449";"4,1814"
"127,3600";"4,2452";"4,1804"
"127,3700";"4,2455";"4,1796"
"127,3800";"4,2459";"4,1800"
"127,3900";"4,2462";"4,1818"
"127,4000";"4,2467";"4,1844"
"127,4100";"4,2470";"4,1854"
"127,4200";"4,2474";"4,1863"
"127,4300";"4,2478";"4,1873"
"127,4400";"4,2481";"4,1869"
"127,4500";"4,2485";"4,1839"
"127,4600";"4,2487";"4,1814"
"127,4700";"4,2491";"4,1805"
"127,4800";"4,2493";"4,1815"
"127,4900";"4,2496";"4,1841"
"127,5000";"4,2500";"4,1858"
"127,5100";"4,2504";"4,1878"
"127,5200";"4,2507";"4,1891"
"127,5300";"4,2511";"4,1881"
"127,5400";"4,2514";"4,1862"
"127,5500";"4,2518";"4,1868"
"127,5600";"4,2521";"4,1897"
"127,5700";"4,2525";"4,1915"
"127,5800";"4,2528";"4,1897"
"127,5900";"4,2532";"4,1879"
"127,6000";"4,2535";"4,1890"
"127,6100";"4,2539";"4,1908"
"127,6200";"4,2542";"4,1912"
"127,6300";"4,2545";"4,1888"
"127,6400";"4,2547";"4,1872"
"127,6500";"4,2551";"4,1879"
"127,6600";"4,2553";"4,1889"
"127,6700";"4,2557";"4,1890"
"127,6800";"4,2559";"4,1883"
"127,6900";"4,2563";"4,1880"
"127,7000";"4,2566";"4,1902"
"127,7100";"4,2570";"4,1934"
"127,7200";"4,2573";"4,1943"
"127,7300";"4,2576";"4,1926"
"127,7400";"4,2579";"4,1912"
"127,7500";"4,2583";"4,1926"
"127,7600";"4,2586";"4,1944"
"127,7700";"4,2590";"4,1944"
"127,7800";"4,2593";"4,1923"
"127,7900";"4,2597";"4,1920"
"127,8000";"4,2600";"4,1943"
"127,8100";"4,2603";"4,1964"
"127,8200";"4,2606";"4,1960"
"127,8300";"4,2609";"4,1942"
"127,8400";"4,2612";"4,1940"
"127,8500";"4,2615";"4,1946"
"127,8600";"4,2618";"4,1948"
"127,8700";"4,2622";"4,1949"
"127,8800";"4,2625";"4,1964"
"127,8900";"4,2629";"4,1981"
"127,9000";"4,2632";"4,1976"
"127,9100";"4,2636";"4,1952"
"127,9200";"4,2639";"4,1957"
"127,9300";"4,2643";"4,1974"
"127,9400";"4,2646";"4,1976"
"127,9500";"4,2650";"4,1979"
"127,9600";"4,2653";"4,1978"
"127,9700";"4,2656";"4,1966"
"127,9800";"4,2659";"4,1959"
"127,9900";"4,2662";"4,1961"
"128,0000";"4,2665";"4,1970"
"128,0100";"4,2669";"4,1980"
"128,0200";"4,2671";"4,1974"
"128,0300";"4,2675";"4,1967"
"128,0400";"4,2679";"4,1976"
"128,0500";"4,2683";"4,1996"
"128,0600";"4,2687";"4,2012"
"128,0700";"4,2690";"4,1993"
"128,0800";"4,2695";"4,1979"
"128,0900";"4,2698";"4,1982"
"128,1000";"4,2702";"4,2009"
"128,1100";"4,2705";"4,2033"
"128,1200";"4,2708";"4,2038"
"128,1300";"4,2711";"4,2021"
"128,1400";"4,2714";"4,2020"
"128,1500";"4,2717";"4,2045"
"128,1600";"4,2720";"4,2064"
"128,1700";"4,2723";"4,2052"
"128,1800";"4,2727";"4,2036"
"128,1900";"4,2729";"4,2033"
"128,2000";"4,2733";"4,2055"
"128,2100";"4,2736";"4,2065"
"128,2200";"4,2740";"4,2057"
"128,2300";"4,2743";"4,2055"
"128,2400";"4,2747";"4,2081"
"128,2500";"4,2750";"4,2097"
"128,2600";"4,2754";"4,2085"
"128,2700";"4,2757";"4,2070"
"128,2800";"4,2761";"4,2079"
"128,2900";"4,2764";"4,2103"
"128,3000";"4,2768";"4,2119"
"128,3100";"4,2772";"4,2092"
"128,3200";"4,2774";"4,2080"
"128,3300";"4,2776";"4,2097"
"128,3400";"4,2780";"4,2110"
"128,3500";"4,2782";"4,2076"
"128,3600";"4,2786";"4,2026"
"128,3700";"4,2788";"4,2032"
"128,3800";"4,2792";"4,2070"
"128,3900";"4,2795";"4,2107"
"128,4000";"4,2799";"4,2106"
"128,4100";"4,2802";"4,2089"
"128,4200";"4,2806";"4,2089"
"128,4300";"4,2808";"4,2095"
"128,4400";"4,2812";"4,2099"
"128,4500";"4,2815";"4,2104"
"128,4600";"4,2819";"4,2115"
"128,4700";"4,2822";"4,2118"
"128,4800";"4,2825";"4,2138"
"128,4900";"4,2828";"4,2152"
"128,5000";"4,2832";"4,2145"
"128,5100";"4,2834";"4,2125"
"128,5200";"4,2838";"4,2126"
"128,5300";"4,2841";"4,2138"
"128,5400";"4,2845";"4,2149"
"128,5500";"4,2847";"4,2152"
"128,5600";"4,2852";"4,2159"
"128,5700";"4,2854";"4,2166"
"128,5800";"4,2859";"4,2171"
"128,5900";"4,2862";"4,2158"
"128,6000";"4,2866";"4,2138"
"128,6100";"4,2870";"4,2134"
"128,6200";"4,2873";"4,2140"
"128,6300";"4,2877";"4,2142"
"128,6400";"4,2880";"4,2136"
"128,6500";"4,2884";"4,2148"
"128,6600";"4,2886";"4,2171"
"128,6700";"4,2890";"4,2196"
"128,6800";"4,2892";"4,2204"
"128,6900";"4,2894";"4,2202"
"128,7000";"4,2898";"4,2183"
"128,7100";"4,2901";"4,2168"
"128,7200";"4,2905";"4,2168"
"128,7300";"4,2908";"4,2179"
"128,7400";"4,2912";"4,2201"
"128,7500";"4,2916";"4,2211"
"128,7600";"4,2919";"4,2208"
"128,7700";"4,2923";"4,2209"
"128,7800";"4,2926";"4,2217"
"128,7900";"4,2930";"4,2208"
"128,8000";"4,2933";"4,2196"
"128,8100";"4,2936";"4,2203"
"128,8200";"4,2939";"4,2215"
"128,8300";"4,2942";"4,2225"
"128,8400";"4,2945";"4,2228"
"128,8500";"4,2949";"4,2226"
"128,8600";"4,2952";"4,2216"
"128,8700";"4,2956";"4,2203"
"128,8800";"4,2958";"4,2205"
"128,8900";"4,2963";"4,2215"
"128,9000";"4,2966";"4,2220"
"128,9100";"4,2970";"4,2221"
"128,9200";"4,2973";"4,2225"
"128,9300";"4,2977";"4,2231"
"128,9400";"4,2980";"4,2239"
"128,9500";"4,2984";"4,2231"
"128,9600";"4,2988";"4,2203"
"128,9700";"4,2991";"4,2192"
"128,9800";"4,2995";"4,2209"
"128,9900";"4,2998";"4,2241"
"129,0000";"4,3001";"4,2253"
"129,0100";"4,3003";"4,2247"
"129,0200";"4,3006";"4,2252"
"129,0300";"4,3010";"4,2278"
"129,0400";"4,3012";"4,2279"
"129,0500";"4,3016";"4,2264"
"129,0600";"4,3019";"4,2240"
"129,0700";"4,3023";"4,2242"
"129,0800";"4,3027";"4,2260"
"129,0900";"4,3029";"4,2280"
"129,1000";"4,3032";"4,2280"
"129,1100";"4,3036";"4,2275"
"129,1200";"4,3040";"4,2278"
"129,1300";"4,3043";"4,2285"
"129,1400";"4,3047";"4,2285"
"129,1500";"4,3050";"4,2289"
"129,1600";"4,3052";"4,2292"
"129,1700";"4,3055";"4,2315"
"129,1800";"4,3058";"4,2339"
"129,1900";"4,3061";"4,2340"
"129,2000";"4,3064";"4,2321"
"129,2100";"4,3068";"4,2298"
"129,2200";"4,3071";"4,2310"
"129,2300";"4,3075";"4,2329"
"129,2400";"4,3078";"4,2321"
"129,2500";"4,3082";"4,2311"
"129,2600";"4,3086";"4,2323"
"129,2700";"4,3089";"4,2345"
"129,2800";"4,3093";"4,2341"
"129,2900";"4,3096";"4,2323"
"129,3000";"4,3100";"4,2324"
"129,3100";"4,3103";"4,2338"
"129,3200";"4,3107";"4,2346"
"129,3300";"4,3109";"4,2350"
"129,3400";"4,3113";"4,2361"
"129,3500";"4,3116";"4,2382"
"129,3600";"4,3120";"4,2388"
"129,3700";"4,3122";"4,2384"
"129,3800";"4,3126";"4,2367"
"129,3900";"4,3129";"4,2359"
"129,4000";"4,3134";"4,2359"
"129,4100";"4,3137";"4,2352"
"129,4200";"4,3141";"4,2370"
"129,4300";"4,3145";"4,2383"
"129,4400";"4,3148";"4,2391"
"129,4500";"4,3152";"4,2397"
"129,4600";"4,3155";"4,2396"
"129,4700";"4,3159";"4,2391"
"129,4800";"4,3161";"4,2378"
"129,4900";"4,3165";"4,2358"
"129,5000";"4,3167";"4,2356"
"129,5100";"4,3171";"4,2365"
"129,5200";"4,3174";"4,2364"
"129,5300";"4,3176";"4,2367"
"129,5400";"4,3180";"4,2380"
"129,5500";"4,3184";"4,2400"
"129,5600";"4,3187";"4,2410"
"129,5700";"4,3192";"4,2404"
"129,5800";"4,3195";"4,2402"
"129,5900";"4,3199";"4,2410"
"129,6000";"4,3201";"4,2428"
"129,6100";"4,3205";"4,2433"
"129,6200";"4,3208";"4,2433"
"129,6300";"4,3212";"4,2451"
"129,6400";"4,3214";"4,2464"
"129,6500";"4,3218";"4,2463"
"129,6600";"4,3221";"4,2453"
"129,6700";"4,3225";"4,2438"
"129,6800";"4,3227";"4,2423"
"129,6900";"4,3230";"4,2429"
"129,7000";"4,3232";"4,2453"
"129,7100";"4,3235";"4,2462"
"129,7200";"4,3239";"4,2454"
"129,7300";"4,3241";"4,2438"
"129,7400";"4,3245";"4,2440"
"129,7500";"4,3248";"4,2455"
"129,7600";"4,3252";"4,2455"
"129,7700";"4,3254";"4,2426"
"129,7800";"4,3258";"4,2422"
"129,7900";"4,3261";"4,2446"
"129,8000";"4,3265";"4,2474"
"129,8100";"4,3269";"4,2473"
"129,8200";"4,3272";"4,2455"
"129,8300";"4,3276";"4,2459"
"129,8400";"4,3278";"4,2481"
"129,8500";"4,3282";"4,2488"
"129,8600";"4,3284";"4,2486"
"129,8700";"4,3287";"4,2488"
"129,8800";"4,3291";"4,2502"
"129,8900";"4,3293";"4,2504"
"129,9000";"4,3297";"4,2507"
"129,9100";"4,3300";"4,2505"
"129,9200";"4,3304";"4,2500"
"129,9300";"4,3307";"4,2514"
"129,9400";"4,3311";"4,2504"
"129,9500";"4,3315";"4,2483"
"129,9600";"4,3318";"4,2488"
"129,9700";"4,3322";"4,2524"
"129,9800";"4,3325";"4,2552"
"129,9900";"4,3329";"4,2546"
"130,0000";"4,3332";"4,2537"
"130,0100";"4,3335";"4,2520"
"130,0200";"4,3338";"4,2522"
"130,0300";"4,3341";"4,2540"
"130,0400";"4,3344";"4,2538"
"130,0500";"4,3348";"4,2526"
"130,0600";"4,3351";"4,2526"
"130,0700";"4,3355";"4,2533"
"130,0800";"4,3358";"4,2529"
"130,0900";"4,3362";"4,2510"
"130,1000";"4,3367";"4,2504"
"130,1100";"4,3370";"4,2531"
"130,1200";"4,3374";"4,2554"
"130,1300";"4,3377";"4,2558"
"130,1400";"4,3381";"4,2552"
"130,1500";"4,3384";"4,2572"
"130,1600";"4,3388";"4,2594"
"130,1700";"4,3390";"4,2579"
"130,1800";"4,3394";"4,2545"
"130,1900";"4,3396";"4,2535"
"130,2000";"4,3400";"4,2565"
"130,2100";"4,3403";"4,2586"
"130,2200";"4,3407";"4,2581"
"130,2300";"4,3409";"4,2573"
"130,2400";"4,3414";"4,2569"
"130,2500";"4,3417";"4,2582"
"130,2600";"4,3421";"4,2587"
"130,2700";"4,3424";"4,2579"
"130,2800";"4,3428";"4,2580"
"130,2900";"4,3431";"4,2599"
"130,3000";"4,3435";"4,2611"
"130,3100";"4,3439";"4,2610"
"130,3200";"4,3441";"4,2616"
"130,3300";"4,3444";"4,2629"
"130,3400";"4,3448";"4,2633"
"130,3500";"4,3450";"4,2621"
"130,3600";"4,3453";"4,2607"
"130,3700";"4,3456";"4,2594"
"130,3800";"4,3459";"4,2591"
"130,3900";"4,3461";"4,2597"
"130,4000";"4,3465";"4,2605"
"130,4100";"4,3468";"4,2604"
"130,4200";"4,3472";"4,2614"
"130,4300";"4,3475";"4,2635"
"130,4400";"4,3479";"4,2649"
"130,4500";"4,3482";"4,2647"
"130,4600";"4,3486";"4,2641"
"130,4700";"4,3489";"4,2632"
"130,4800";"4,3493";"4,2643"
"130,4900";"4,3496";"4,2647"
"130,5000";"4,3500";"4,2665"
"130,5100";"4,3502";"4,2674"
"130,5200";"4,3505";"4,2680"
"130,5300";"4,3508";"4,2672"
"130,5400";"4,3511";"4,2664"
"130,5500";"4,3514";"4,2662"
"130,5600";"4,3518";"4,2669"
"130,5700";"4,3521";"4,2676"
"130,5800";"4,3524";"4,2665"
"130,5900";"4,3527";"4,2659"
"130,6000";"4,3532";"4,2678"
"130,6100";"4,3535";"4,2698"
"130,6200";"4,3539";"4,2694"
"130,6300";"4,3542";"4,2670"
"130,6400";"4,3546";"4,2649"
"130,6500";"4,3550";"4,2658"
"130,6600";"4,3553";"4,2681"
"130,6700";"4,3555";"4,2698"
"130,6800";"4,3559";"4,2705"
"130,6900";"4,3561";"4,2698"
"130,7000";"4,3564";"4,2691"
"130,7100";"4,3567";"4,2687"
"130,7200";"4,3571";"4,2680"
"130,7300";"4,3573";"4,2694"
"130,7400";"4,3577";"4,2704"
"130,7500";"4,3580";"4,2708"
"130,7600";"4,3585";"4,2712"
"130,7700";"4,3588";"4,2716"
"130,7800";"4,3592";"4,2715"
"130,7900";"4,3596";"4,2716"
"130,8000";"4,3599";"4,2719"
"130,8100";"4,3603";"4,2716"
"130,8200";"4,3606";"4,2711"
"130,8300";"4,3610";"4,2716"
"130,8400";"4,3612";"4,2741"
"130,8500";"4,3616";"4,2779"
"130,8600";"4,3619";"4,2797"
"130,8700";"4,3622";"4,2780"
"130,8800";"4,3625";"4,2760"
"130,8900";"4,3629";"4,2757"
"130,9000";"4,3631";"4,2765"
"130,9100";"4,3635";"4,2768"
"130,9200";"4,3638";"4,2758"
"130,9300";"4,3642";"4,2750"
"130,9400";"4,3646";"4,2757"
"130,9500";"4,3650";"4,2778"
"130,9600";"4,3653";"4,2796"
"130,9700";"4,3657";"4,2798"
"130,9800";"4,3662";"4,2793"
"130,9900";"4,3665";"4,2791"
"131,0000";"4,3669";"4,2792"
"131,0100";"4,3672";"4,2794"
"131,0200";"4,3675";"4,2778"
"131,0300";"4,3678";"4,2780"
"131,0400";"4,3681";"4,2803"
"131,0500";"4,3684";"4,2826"
"131,0600";"4,3686";"4,2820"
"131,0700";"4,3690";"4,2801"
"131,0800";"4,3694";"4,2788"
"131,0900";"4,3697";"4,2806"
"131,1000";"4,3701";"4,2822"
"131,1100";"4,3704";"4,2804"
"131,1200";"4,3708";"4,2791"
"131,1300";"4,3710";"4,2809"
"131,1400";"4,3714";"4,2838"
"131,1500";"4,3717";"4,2836"
"131,1600";"4,3721";"4,2805"
"131,1700";"4,3724";"4,2797"
"131,1800";"4,3728";"4,2813"
"131,1900";"4,3730";"4,2826"
"131,2000";"4,3732";"4,2817"
"131,2100";"4,3736";"4,2813"
"131,2200";"4,3738";"4,2823"
"131,2300";"4,3742";"4,2845"
"131,2400";"4,3745";"4,2842"
"131,2500";"4,3748";"4,2829"
"131,2600";"4,3751";"4,2827"
"131,2700";"4,3755";"4,2838"
"131,2800";"4,3758";"4,2859"
"131,2900";"4,3762";"4,2877"
"131,3000";"4,3766";"4,2893"
"131,3100";"4,3769";"4,2903"
"131,3200";"4,3773";"4,2886"
"131,3300";"4,3776";"4,2864"
"131,3400";"4,3780";"4,2859"
"131,3500";"4,3783";"4,2870"
"131,3600";"4,3787";"4,2873"
"131,3700";"4,3789";"4,2876"
"131,3800";"4,3793";"4,2889"
"131,3900";"4,3796";"4,2916"
"131,4000";"4,3800";"4,2933"
"131,4100";"4,3803";"4,2928"
"131,4200";"4,3807";"4,2904"
"131,4300";"4,3810";"4,2878"
"131,4400";"4,3814";"4,2878"
"131,4500";"4,3817";"4,2899"
"131,4600";"4,3822";"4,2922"
"131,4700";"4,3826";"4,2918"
"131,4800";"4,3829";"4,2915"
"131,4900";"4,3833";"4,2944"
"131,5000";"4,3835";"4,2965"
"131,5100";"4,3839";"4,2954"
"131,5200";"4,3841";"4,2929"
"131,5300";"4,3843";"4,2917"
"131,5400";"4,3847";"4,2927"
"131,5500";"4,3851";"4,2934"
"131,5600";"4,3853";"4,2924"
"131,5700";"4,3856";"4,2927"
"131,5800";"4,3860";"4,2952"
"131,5900";"4,3864";"4,2971"
"131,6000";"4,3867";"4,2959"
"131,6100";"4,3871";"4,2928"
"131,6200";"4,3874";"4,2918"
"131,6300";"4,3878";"4,2941"
"131,6400";"4,3881";"4,2951"
"131,6500";"4,3885";"4,2950"
"131,6600";"4,3887";"4,2950"
"131,6700";"4,3891";"4,2957"
"131,6800";"4,3894";"4,2968"
"131,6900";"4,3898";"4,2976"
"131,7000";"4,3900";"4,2966"
"131,7100";"4,3904";"4,2951"
"131,7200";"4,3906";"4,2955"
"131,7300";"4,3910";"4,2969"
"131,7400";"4,3912";"4,2975"
"131,7500";"4,3915";"4,2980"
"131,7600";"4,3919";"4,2978"
"131,7700";"4,3921";"4,2980"
"131,7800";"4,3925";"4,2982"
"131,7900";"4,3928";"4,2990"
"131,8000";"4,3932";"4,2996"
"131,8100";"4,3936";"4,2995"
"131,8200";"4,3939";"4,3005"
"131,8300";"4,3943";"4,3012"
"131,8400";"4,3946";"4,3005"
"131,8500";"4,3950";"4,2981"
"131,8600";"4,3952";"4,2961"
"131,8700";"4,3956";"4,2958"
"131,8800";"4,3958";"4,2978"
"131,8900";"4,3962";"4,3003"
"131,9000";"4,3965";"4,3025"
"131,9100";"4,3967";"4,3048"
"131,9200";"4,3971";"4,3058"
"131,9300";"4,3975";"4,3049"
"131,9400";"4,3978";"4,3040"
"131,9500";"4,3982";"4,3046"
"131,9600";"4,3985";"4,3042"
"131,9700";"4,3989";"4,3020"
"131,9800";"4,3992";"4,3012"
"131,9900";"4,3996";"4,3024"
"132,0000";"4,3999";"4,3043"
"132,0100";"4,4003";"4,3057"
"132,0200";"4,4006";"4,3068"
"132,0300";"4,4009";"4,3067"
"132,0400";"4,4011";"4,3054"
"132,0500";"4,4015";"4,3042"
"132,0600";"4,4018";"4,3051"
"132,0700";"4,4021";"4,3077"
"132,0800";"4,4024";"4,3100"
"132,0900";"4,4029";"4,3087"
"132,1000";"4,4032";"4,3073"
"132,1100";"4,4036";"4,3078"
"132,1200";"4,4041";"4,3090"
"132,1300";"4,4044";"4,3082"
"132,1400";"4,4048";"4,3060"
"132,1500";"4,4051";"4,3068"
"132,1600";"4,4055";"4,3090"
"132,1700";"4,4058";"4,3103"
"132,1800";"4,4061";"4,3106"
"132,1900";"4,4064";"4,3116"
"132,2000";"4,4067";"4,3124"
"132,2100";"4,4070";"4,3111"
"132,2200";"4,4072";"4,3082"
"132,2300";"4,4076";"4,3071"
"132,2400";"4,4080";"4,3097"
"132,2500";"4,4082";"4,3130"
"132,2600";"4,4085";"4,3147"
"132,2700";"4,4089";"4,3145"
"132,2800";"4,4093";"4,3138"
"132,2900";"4,4097";"4,3122"
"132,3000";"4,4101";"4,3123"
"132,3100";"4,4104";"4,3128"
"132,3200";"4,4108";"4,3131"
"132,3300";"4,4111";"4,3124"
"132,3400";"4,4115";"4,3116"
"132,3500";"4,4119";"4,3122"
"132,3600";"4,4121";"4,3149"
"132,3700";"4,4124";"4,3166"
"132,3800";"4,4127";"4,3156"
"132,3900";"4,4129";"4,3144"
"132,4000";"4,4133";"4,3133"
"132,4100";"4,4135";"4,3134"
"132,4200";"4,4139";"4,3143"
"132,4300";"4,4141";"4,3155"
"132,4400";"4,4145";"4,3170"
"132,4500";"4,4148";"4,3183"
"132,4600";"4,4152";"4,3185"
"132,4700";"4,4155";"4,3188"
"132,4800";"4,4159";"4,3187"
"132,4900";"4,4162";"4,3169"
"132,5000";"4,4166";"4,3159"
"132,5100";"4,4169";"4,3168"
"132,5200";"4,4173";"4,3181"
"132,5300";"4,4176";"4,3181"
"132,5400";"4,4179";"4,3183"
"132,5500";"4,4182";"4,3189"
"132,5600";"4,4185";"4,3217"
"132,5700";"4,4188";"4,3230"
"132,5800";"4,4191";"4,3204"
"132,5900";"4,4194";"4,3190"
"132,6000";"4,4198";"4,3203"
"132,6100";"4,4201";"4,3209"
"132,6200";"4,4205";"4,3199"
"132,6300";"4,4208";"4,3180"
"132,6400";"4,4211";"4,3165"
"132,6500";"4,4214";"4,3183"
"132,6600";"4,4218";"4,3197"
"132,6700";"4,4221";"4,3199"
"132,6800";"4,4226";"4,3205"
"132,6900";"4,4228";"4,3222"
"132,7000";"4,4232";"4,3234"
"132,7100";"4,4234";"4,3233"
"132,7200";"4,4238";"4,3222"
"132,7300";"4,4240";"4,3208"
"132,7400";"4,4244";"4,3208"
"132,7500";"4,4247";"4,3224"
"132,7600";"4,4251";"4,3236"
"132,7700";"4,4254";"4,3246"
"132,7800";"4,4259";"4,3249"
"132,7900";"4,4263";"4,3250"
"132,8000";"4,4266";"4,3246"
"132,8100";"4,4270";"4,3240"
"132,8200";"4,4274";"4,3240"
"132,8300";"4,4278";"4,3262"
"132,8400";"4,4281";"4,3285"
"132,8500";"4,4285";"4,3294"
"132,8600";"4,4287";"4,3285"
"132,8700";"4,4291";"4,3280"
"132,8800";"4,4293";"4,3288"
"132,8900";"4,4297";"4,3300"
"132,9000";"4,4300";"4,3289"
"132,9100";"4,4304";"4,3279"
"132,9200";"4,4307";"4,3287"
"132,9300";"4,4311";"4,3310"
"132,9400";"4,4315";"4,3337"
"132,9500";"4,4318";"4,3328"
"132,9600";"4,4322";"4,3315"
"132,9700";"4,4325";"4,3310"
"132,9800";"4,4329";"4,3315"
"132,9900";"4,4332";"4,3323"
"133,0000";"4,4335";"4,3335"
"133,0100";"4,4338";"4,3340"
"133,0200";"4,4342";"4,3331"
"133,0300";"4,4345";"4,3320"
"133,0400";"4,4348";"4,3327"
"133,0500";"4,4350";"4,3342"
"133,0600";"4,4352";"4,3338"
"133,0700";"4,4356";"4,3318"
"133,0800";"4,4358";"4,3312"
"133,0900";"4,4362";"4,3321"
"133,1000";"4,4365";"4,3332"
"133,1100";"4,4369";"4,3341"
"133,1200";"4,4372";"4,3353"
"133,1300";"4,4376";"4,3352"
"133,1400";"4,4379";"4,3346"
"133,1500";"4,4383";"4,3342"
"133,1600";"4,4387";"4,3343"
"133,1700";"4,4390";"4,3356"
"133,1800";"4,4394";"4,3357"
"133,1900";"4,4397";"4,3348"
"133,2000";"4,4400";"4,3341"
"133,2100";"4,4403";"4,3355"
"133,2200";"4,4405";"4,3385"
"133,2300";"4,4409";"4,3415"
"133,2400";"4,4412";"4,3422"
"133,2500";"4,4416";"4,3400"
"133,2600";"4,4420";"4,3367"
"133,2700";"4,4423";"4,3361"
"133,2800";"4,4427";"4,3385"
"133,2900";"4,4430";"4,3397"
"133,3000";"4,4434";"4,3385"
"133,3100";"4,4437";"4,3366"
"133,3200";"4,4441";"4,3382"
"133,3300";"4,4444";"4,3400"
"133,3400";"4,4448";"4,3402"
"133,3500";"4,4451";"4,3389"
"133,3600";"4,4454";"4,3386"
"133,3700";"4,4457";"4,3407"
"133,3800";"4,4460";"4,3421"
"133,3900";"4,4462";"4,3433"
"133,4000";"4,4466";"4,3431"
"133,4100";"4,4469";"4,3429"
"133,4200";"4,4473";"4,3440"
"133,4300";"4,4475";"4,3439"
"133,4400";"4,4479";"4,3431"
"133,4500";"4,4483";"4,3419"
"133,4600";"4,4487";"4,3417"
"133,4700";"4,4490";"4,3417"
"133,4800";"4,4494";"4,3415"
"133,4900";"4,4497";"4,3413"
"133,5000";"4,4501";"4,3429"
"133,5100";"4,4505";"4,3446"
"133,5200";"4,4507";"4,3447"
"133,5300";"4,4509";"4,3451"
"133,5400";"4,4513";"4,3461"
"133,5500";"4,4515";"4,3467"
"133,5600";"4,4519";"4,3466"
"133,5700";"4,4521";"4,3466"
"133,5800";"4,4525";"4,3470"
"133,5900";"4,4528";"4,3470"
"133,6000";"4,4532";"4,3460"
"133,6100";"4,4535";"4,3456"
"133,6200";"4,4539";"4,3468"
"133,6300";"4,4542";"4,3478"
"133,6400";"4,4546";"4,3468"
"133,6500";"4,4549";"4,3464"
"133,6600";"4,4553";"4,3483"
"133,6700";"4,4557";"4,3497"
"133,6800";"4,4560";"4,3486"
"133,6900";"4,4564";"4,3468"
"133,7000";"4,4567";"4,3467"
"133,7100";"4,4571";"4,3497"
"133,7200";"4,4573";"4,3533"
"133,7300";"4,4577";"4,3544"
"133,7400";"4,4580";"4,3526"
"133,7500";"4,4582";"4,3504"
"133,7600";"4,4586";"4,3494"
"133,7700";"4,4590";"4,3485"
"133,7800";"4,4592";"4,3478"
"133,7900";"4,4595";"4,3490"
"133,8000";"4,4599";"4,3515"
"133,8100";"4,4603";"4,3545"
"133,8200";"4,4606";"4,3555"
"133,8300";"4,4608";"4,3539"
"133,8400";"4,4612";"4,3527"
"133,8500";"4,4616";"4,3527"
"133,8600";"4,4619";"4,3529"
"133,8700";"4,4623";"4,3524"
"133,8800";"4,4626";"4,3517"
"133,8900";"4,4629";"4,3522"
"133,9000";"4,4632";"4,3551"
"133,9100";"4,4634";"4,3566"
"133,9200";"4,4638";"4,3560"
"133,9300";"4,4642";"4,3551"
"133,9400";"4,4644";"4,3552"
"133,9500";"4,4647";"4,3570"
"133,9600";"4,4651";"4,3566"
"133,9700";"4,4656";"4,3555"
"133,9800";"4,4659";"4,3562"
"133,9900";"4,4663";"4,3579"
"134,0000";"4,4666";"4,3589"
"134,0100";"4,4670";"4,3594"
"134,0200";"4,4672";"4,3600"
"134,0300";"4,4676";"4,3603"
"134,0400";"4,4679";"4,3588"
"134,0500";"4,4682";"4,3569"
"134,0600";"4,4685";"4,3570"
"134,0700";"4,4688";"4,3579"
"134,0800";"4,4691";"4,3584"
"134,0900";"4,4695";"4,3579"
"134,1000";"4,4697";"4,3587"
"134,1100";"4,4702";"4,3613"
"134,1200";"4,4705";"4,3637"
"134,1300";"4,4709";"4,3637"
"134,1400";"4,4712";"4,3615"
"134,1500";"4,4716";"4,3604"
"134,1600";"4,4721";"4,3620"
"134,1700";"4,4724";"4,3646"
"134,1800";"4,4728";"4,3661"
"134,1900";"4,4730";"4,3660"
"134,2000";"4,4734";"4,3642"
"134,2100";"4,4736";"4,3636"
"134,2200";"4,4740";"4,3634"
"134,2300";"4,4743";"4,3644"
"134,2400";"4,4745";"4,3651"
"134,2500";"4,4749";"4,3650"
"134,2600";"4,4752";"4,3645"
"134,2700";"4,4755";"4,3645"
"134,2800";"4,4758";"4,3648"
"134,2900";"4,4762";"4,3663"
"134,3000";"4,4765";"4,3681"
"134,3100";"4,4770";"4,3666"
"134,3200";"4,4773";"4,3631"
"134,3300";"4,4776";"4,3610"
"134,3400";"4,4780";"4,3625"
"134,3500";"4,4783";"4,3647"
"134,3600";"4,4787";"4,3655"
"134,3700";"4,4790";"4,3643"
"134,3800";"4,4793";"4,3642"
"134,3900";"4,4796";"4,3672"
"134,4000";"4,4800";"4,3693"
"134,4100";"4,4802";"4,3687"
"134,4200";"4,4806";"4,3660"
"134,4300";"4,4809";"4,3662"
"134,4400";"4,4813";"4,3682"
"134,4500";"4,4815";"4,3703"
"134,4600";"4,4819";"4,3717"
"134,4700";"4,4822";"4,3716"
"134,4800";"4,4826";"4,3725"
"134,4900";"4,4828";"4,3726"
"134,5000";"4,4832";"4,3720"
"134,5100";"4,4835";"4,3717"
"134,5200";"4,4839";"4,3722"
"134,5300";"4,4842";"4,3712"
"134,5400";"4,4846";"4,3705"
"134,5500";"4,4848";"4,3704"
"134,5600";"4,4852";"4,3722"
"134,5700";"4,4855";"4,3742"
"134,5800";"4,4858";"4,3746"
"134,5900";"4,4861";"4,3740"
"134,6000";"4,4865";"4,3725"
"134,6100";"4,4867";"4,3702"
"134,6200";"4,4871";"4,3696"
"134,6300";"4,4874";"4,3708"
"134,6400";"4,4878";"4,3721"
"134,6500";"4,4881";"4,3721"
"134,6600";"4,4885";"4,3726"
"134,6700";"4,4889";"4,3753"
"134,6800";"4,4893";"4,3776"
"134,6900";"4,4897";"4,3772"
"134,7000";"4,4899";"4,3766"
"134,7100";"4,4902";"4,3751"
"134,7200";"4,4905";"4,3744"
"134,7300";"4,4908";"4,3741"
"134,7400";"4,4911";"4,3746"
"134,7500";"4,4914";"4,3765"
"134,7600";"4,4918";"4,3781"
"134,7700";"4,4921";"4,3782"
"134,7800";"4,4925";"4,3764"
"134,7900";"4,4930";"4,3757"
"134,8000";"4,4933";"4,3763"
"134,8100";"4,4938";"4,3766"
"134,8200";"4,4941";"4,3757"
"134,8300";"4,4945";"4,3750"
"134,8400";"4,4950";"4,3770"
"134,8500";"4,4952";"4,3790"
"134,8600";"4,4956";"4,3786"
"134,8700";"4,4958";"4,3784"
"134,8800";"4,4960";"4,3782"
"134,8900";"4,4964";"4,3768"
"134,9000";"4,4967";"4,3752"
"134,9100";"4,4971";"4,3774"
"134,9200";"4,4974";"4,3812"
"134,9300";"4,4977";"4,3835"
"134,9400";"4,4982";"4,3838"
"134,9500";"4,4985";"4,3832"
"134,9600";"4,4989";"4,3834"
"134,9700";"4,4992";"4,3842"
"134,9800";"4,4996";"4,3839"
"134,9900";"4,4999";"4,3830"
"135,0000";"4,5003";"4,3831"
"135,0100";"4,5005";"4,3852"
"135,0200";"4,5009";"4,3863"
"135,0300";"4,5012";"4,3864"
"135,0400";"4,5016";"4,3864"
"135,0500";"4,5018";"4,3863"
"135,0600";"4,5020";"4,3848"
"135,0700";"4,5023";"4,3840"
"135,0800";"4,5026";"4,3855"
"135,0900";"4,5029";"4,3870"
"135,1000";"4,5032";"4,3866"
"135,1100";"4,5035";"4,3853"
"135,1200";"4,5038";"4,3838"
"135,1300";"4,5042";"4,3826"
"135,1400";"4,5045";"4,3842"
"135,1500";"4,5048";"4,3872"
"135,1600";"4,5051";"4,3886"
"135,1700";"4,5055";"4,3882"
"135,1800";"4,5058";"4,3888"
"135,1900";"4,5062";"4,3899"
"135,2000";"4,5065";"4,3896"
"135,2100";"4,5069";"4,3887"
"135,2200";"4,5072";"4,3874"
"135,2300";"4,5075";"4,3872"
"135,2400";"4,5078";"4,3894"
"135,2500";"4,5081";"4,3907"
"135,2600";"4,5084";"4,3893"
"135,2700";"4,5088";"4,3886"
"135,2800";"4,5091";"4,3907"
"135,2900";"4,5095";"4,3932"
"135,3000";"4,5098";"4,3922"
"135,3100";"4,5102";"4,3890"
"135,3200";"4,5105";"4,3883"
"135,3300";"4,5109";"4,3904"
"135,3400";"4,5113";"4,3909"
"135,3500";"4,5116";"4,3903"
"135,3600";"4,5120";"4,3908"
"135,3700";"4,5123";"4,3931"
"135,3800";"4,5127";"4,3947"
"135,3900";"4,5129";"4,3942"
"135,4000";"4,5133";"4,3929"
"135,4100";"4,5135";"4,3929"
"135,4200";"4,5139";"4,3936"
"135,4300";"4,5142";"4,3936"
"135,4400";"4,5144";"4,3942"
"135,4500";"4,5148";"4,3964"
"135,4600";"4,5152";"4,3983"
"135,4700";"4,5155";"4,3986"
"135,4800";"4,5160";"4,3970"
"135,4900";"4,5163";"4,3957"
"135,5000";"4,5167";"4,3953"
"135,5100";"4,5170";"4,3962"
"135,5200";"4,5174";"4,3982"
"135,5300";"4,5177";"4,3989"
"135,5400";"4,5180";"4,3993"
"135,5500";"4,5183";"4,3993"
"135,5600";"4,5187";"4,3991"
"135,5700";"4,5189";"4,3989"
"135,5800";"4,5193";"4,3990"
"135,5900";"4,5196";"4,3988"
"135,6000";"4,5200";"4,3986"
"135,6100";"4,5203";"4,3992"
"135,6200";"4,5207";"4,4008"
"135,6300";"4,5211";"4,4019"
"135,6400";"4,5214";"4,4024"
"135,6500";"4,5218";"4,4019"
"135,6600";"4,5221";"4,4010"
"135,6700";"4,5225";"4,4005"
"135,6800";"4,5228";"4,4013"
"135,6900";"4,5232";"4,4024"
"135,7000";"4,5234";"4,4034"
"135,7100";"4,5238";"4,4032"
"135,7200";"4,5241";"4,4027"
"135,7300";"4,5244";"4,4033"
"135,7400";"4,5247";"4,4034"
"135,7500";"4,5251";"4,4015"
"135,7600";"4,5253";"4,3997"
"135,7700";"4,5257";"4,4014"
"135,7800";"4,5260";"4,4050"
"135,7900";"4,5264";"4,4069"
"135,8000";"4,5267";"4,4063"
"135,8100";"4,5271";"4,4057"
"135,8200";"4,5274";"4,4046"
"135,8300";"4,5277";"4,4034"
"135,8400";"4,5280";"4,4028"
"135,8500";"4,5284";"4,4032"
"135,8600";"4,5287";"4,4054"
"135,8700";"4,5291";"4,4073"
"135,8800";"4,5294";"4,4079"
"135,8900";"4,5298";"4,4088"
"135,9000";"4,5300";"4,4093"
"135,9100";"4,5303";"4,4099"
"135,9200";"4,5306";"4,4086"
"135,9300";"4,5310";"4,4089"
"135,9400";"4,5312";"4,4110"
"135,9500";"4,5316";"4,4114"
"135,9600";"4,5318";"4,4096"
"135,9700";"4,5322";"4,4080"
"135,9800";"4,5325";"4,4080"
"135,9900";"4,5329";"4,4081"
"136,0000";"4,5332";"4,4074"
"136,0100";"4,5336";"4,4070"
"136,0200";"4,5338";"4,4073"
"136,0300";"4,5343";"4,4093"
"136,0400";"4,5345";"4,4115"
"136,0500";"4,5350";"4,4121"
"136,0600";"4,5352";"4,4118"
"136,0700";"4,5355";"4,4103"
"136,0800";"4,5358";"4,4092"
"136,0900";"4,5362";"4,4096"
"136,1000";"4,5364";"4,4105"
"136,1100";"4,5368";"4,4103"
"136,1200";"4,5371";"4,4109"
"136,1300";"4,5375";"4,4109"
"136,1400";"4,5378";"4,4121"
"136,1500";"4,5382";"4,4126"
"136,1600";"4,5386";"4,4126"
"136,1700";"4,5390";"4,4131"
"136,1800";"4,5394";"4,4147"
"136,1900";"4,5397";"4,4147"
"136,2000";"4,5401";"4,4144"
"136,2100";"4,5404";"4,4136"
"136,2200";"4,5407";"4,4139"
"136,2300";"4,5410";"4,4144"
"136,2400";"4,5414";"4,4138"
"136,2500";"4,5416";"4,4146"
"136,2600";"4,5420";"4,4168"
"136,2700";"4,5423";"4,4182"
"136,2800";"4,5427";"4,4174"
"136,2900";"4,5429";"4,4166"
"136,3000";"4,5432";"4,4188"
"136,3100";"4,5436";"4,4214"
"136,3200";"4,5440";"4,4205"
"136,3300";"4,5443";"4,4171"
"136,3400";"4,5447";"4,4175"
"136,3500";"4,5450";"4,4199"
"136,3600";"4,5454";"4,4199"
"136,3700";"4,5456";"4,4177"
"136,3800";"4,5460";"4,4180"
"136,3900";"4,5463";"4,4200"
"136,4000";"4,5467";"4,4202"
"136,4100";"4,5469";"4,4190"
"136,4200";"4,5471";"4,4188"
"136,4300";"4,5475";"4,4208"
"136,4400";"4,5479";"4,4216"
"136,4500";"4,5481";"4,4208"
"136,4600";"4,5484";"4,4204"
"136,4700";"4,5488";"4,4214"
"136,4800";"4,5492";"4,4224"
"136,4900";"4,5495";"4,4230"
"136,5000";"4,5499";"4,4235"
"136,5100";"4,5502";"4,4230"
"136,5200";"4,5506";"4,4224"
"136,5300";"4,5509";"4,4226"
"136,5400";"4,5513";"4,4239"
"136,5500";"4,5516";"4,4229"
"136,5600";"4,5520";"4,4217"
"136,5700";"4,5522";"4,4213"
"136,5800";"4,5526";"4,4228"
"136,5900";"4,5528";"4,4235"
"136,6000";"4,5532";"4,4217"
"136,6100";"4,5534";"4,4206"
"136,6200";"4,5538";"4,4219"
"136,6300";"4,5541";"4,4262"
"136,6400";"4,5545";"4,4287"
"136,6500";"4,5548";"4,4269"
"136,6600";"4,5552";"4,4256"
"136,6700";"4,5555";"4,4264"
"136,6800";"4,5559";"4,4280"
"136,6900";"4,5562";"4,4283"
"136,7000";"4,5566";"4,4289"
"136,7100";"4,5569";"4,4304"
"136,7200";"4,5574";"4,4315"
"136,7300";"4,5578";"4,4311"
"136,7400";"4,5580";"4,4322"
"136,7500";"4,5584";"4,4330"
"136,7600";"4,5587";"4,4324"
"136,7700";"4,5591";"4,4291"
"136,7800";"4,5594";"4,4266"
"136,7900";"4,5598";"4,4283"
"136,8000";"4,5601";"4,4322"
"136,8100";"4,5605";"4,4334"
"136,8200";"4,5608";"4,4329"
"136,8300";"4,5612";"4,4323"
"136,8400";"4,5615";"4,4306"
"136,8500";"4,5618";"4,4299"
"136,8600";"4,5621";"4,4302"
"136,8700";"4,5624";"4,4304"
"136,8800";"4,5627";"4,4305"
"136,8900";"4,5630";"4,4308"
"136,9000";"4,5633";"4,4331"
"136,9100";"4,5636";"4,4359"
"136,9200";"4,5639";"4,4376"
"136,9300";"4,5641";"4,4351"
"136,9400";"4,5645";"4,4314"
"136,9500";"4,5649";"4,4322"
"136,9600";"4,5652";"4,4351"
"136,9700";"4,5656";"4,4359"
"136,9800";"4,5659";"4,4352"
"136,9900";"4,5663";"4,4355"
"137,0000";"4,5666";"4,4377"
"137,0100";"4,5670";"4,4402"
"137,0200";"4,5673";"4,4402"
"137,0300";"4,5677";"4,4390"
"137,0400";"4,5680";"4,4383"
"137,0500";"4,5683";"4,4380"
"137,0600";"4,5686";"4,4391"
"137,0700";"4,5690";"4,4399"
"137,0800";"4,5692";"4,4392"
"137,0900";"4,5696";"4,4377"
"137,1000";"4,5698";"4,4366"
"137,1100";"4,5702";"4,4370"
"137,1200";"4,5704";"4,4379"
"137,1300";"4,5708";"4,4383"
"137,1400";"4,5711";"4,4379"
"137,1500";"4,5715";"4,4391"
"137,1600";"4,5718";"4,4398"
"137,1700";"4,5722";"4,4392"
"137,1800";"4,5725";"4,4396"
"137,1900";"4,5729";"4,4416"
"137,2000";"4,5732";"4,4444"
"137,2100";"4,5736";"4,4422"
"137,2200";"4,5739";"4,4375"
"137,2300";"4,5743";"4,4364"
"137,2400";"4,5747";"4,4419"
"137,2500";"4,5750";"4,4462"
"137,2600";"4,5752";"4,4455"
"137,2700";"4,5756";"4,4430"
"137,2800";"4,5758";"4,4423"
"137,2900";"4,5762";"4,4434"
"137,3000";"4,5765";"4,4433"
"137,3100";"4,5769";"4,4415"
"137,3200";"4,5771";"4,4410"
"137,3300";"4,5775";"4,4419"
"137,3400";"4,5778";"4,4444"
"137,3500";"4,5782";"4,4467"
"137,3600";"4,5785";"4,4478"
"137,3700";"4,5789";"4,4472"
"137,3800";"4,5793";"4,4452"
"137,3900";"4,5796";"4,4439"
"137,4000";"4,5800";"4,4446"
"137,4100";"4,5802";"4,4458"
"137,4200";"4,5804";"4,4476"
"137,4300";"4,5808";"4,4484"
"137,4400";"4,5811";"4,4480"
"137,4500";"4,5815";"4,4468"
"137,4600";"4,5819";"4,4467"
"137,4700";"4,5822";"4,4471"
"137,4800";"4,5826";"4,4484"
"137,4900";"4,5829";"4,4504"
"137,5000";"4,5833";"4,4506"
"137,5100";"4,5836";"4,4508"
"137,5200";"4,5841";"4,4517"
"137,5300";"4,5845";"4,4524"
"137,5400";"4,5848";"4,4520"
"137,5500";"4,5850";"4,4524"
"137,5600";"4,5854";"4,4544"
"137,5700";"4,5856";"4,4563"
"137,5800";"4,5860";"4,4559"
"137,5900";"4,5862";"4,4527"
"137,6000";"4,5866";"4,4512"
"137,6100";"4,5869";"4,4513"
"137,6200";"4,5873";"4,4512"
"137,6300";"4,5876";"4,4513"
"137,6400";"4,5880";"4,4523"
"137,6500";"4,5883";"4,4550"
"137,6600";"4,5887";"4,4560"
"137,6700";"4,5891";"4,4554"
"137,6800";"4,5894";"4,4550"
"137,6900";"4,5898";"4,4559"
"137,7000";"4,5901";"4,4563"
"137,7100";"4,5905";"4,4548"
"137,7200";"4,5908";"4,4534"
"137,7300";"4,5911";"4,4554"
"137,7400";"4,5914";"4,4577"
"137,7500";"4,5917";"4,4578"
"137,7600";"4,5920";"4,4566"
"137,7700";"4,5922";"4,4567"
"137,7800";"4,5926";"4,4564"
"137,7900";"4,5928";"4,4561"
"137,8000";"4,5932";"4,4559"
"137,8100";"4,5935";"4,4563"
"137,8200";"4,5938";"4,4575"
"137,8300";"4,5941";"4,4581"
"137,8400";"4,5945";"4,4579"
"137,8500";"4,5948";"4,4579"
"137,8600";"4,5952";"4,4583"
"137,8700";"4,5955";"4,4577"
"137,8800";"4,5959";"4,4573"
"137,8900";"4,5963";"4,4589"
"137,9000";"4,5966";"4,4609"
"137,9100";"4,5970";"4,4620"
"137,9200";"4,5973";"4,4629"
"137,9300";"4,5976";"4,4650"
"137,9400";"4,5978";"4,4641"
"137,9500";"4,5981";"4,4607"
"137,9600";"4,5984";"4,4588"
"137,9700";"4,5987";"4,4597"
"137,9800";"4,5990";"4,4617"
"137,9900";"4,5994";"4,4630"
"138,0000";"4,5997";"4,4635"
"138,0100";"4,6002";"4,4642"
"138,0200";"4,6005";"4,4649"
"138,0300";"4,6009";"4,4642"
"138,0400";"4,6012";"4,4625"
"138,0500";"4,6016";"4,4611"
"138,0600";"4,6019";"4,4621"
"138,0700";"4,6023";"4,4630"
"138,0800";"4,6026";"4,4637"
"138,0900";"4,6029";"4,4654"
"138,1000";"4,6032";"4,4665"
"138,1100";"4,6035";"4,4666"
"138,1200";"4,6038";"4,4659"
"138,1300";"4,6042";"4,4659"
"138,1400";"4,6045";"4,4661"
"138,1500";"4,6049";"4,4663"
"138,1600";"4,6052";"4,4666"
"138,1700";"4,6056";"4,4691"
"138,1800";"4,6059";"4,4712"
"138,1900";"4,6063";"4,4705"
"138,2000";"4,6066";"4,4676"
"138,2100";"4,6071";"4,4648"
"138,2200";"4,6074";"4,4649"
"138,2300";"4,6077";"4,4664"
"138,2400";"4,6079";"4,4676"
"138,2500";"4,6083";"4,4692"
"138,2600";"4,6087";"4,4711"
"138,2700";"4,6090";"4,4715"
"138,2800";"4,6094";"4,4702"
"138,2900";"4,6096";"4,4687"
"138,3000";"4,6100";"4,4684"
"138,3100";"4,6103";"4,4688"
"138,3200";"4,6107";"4,4681"
"138,3300";"4,6110";"4,4686"
"138,3400";"4,6114";"4,4706"
"138,3500";"4,6117";"4,4742"
"138,3600";"4,6121";"4,4764"
"138,3700";"4,6124";"4,4764"
"138,3800";"4,6128";"4,4753"
"138,3900";"4,6131";"4,4731"
"138,4000";"4,6135";"4,4727"
"138,4100";"4,6137";"4,4748"
"138,4200";"4,6141";"4,4774"
"138,4300";"4,6143";"4,4782"
"138,4400";"4,6146";"4,4769"
"138,4500";"4,6149";"4,4774"
"138,4600";"4,6153";"4,4784"
"138,4700";"4,6156";"4,4779"
"138,4800";"4,6159";"4,4748"
"138,4900";"4,6162";"4,4725"
"138,5000";"4,6166";"4,4730"
"138,5100";"4,6169";"4,4760"
"138,5200";"4,6173";"4,4777"
"138,5300";"4,6176";"4,4781"
"138,5400";"4,6180";"4,4768"
"138,5500";"4,6183";"4,4760"
"138,5600";"4,6187";"4,4749"
"138,5700";"4,6190";"4,4754"
"138,5800";"4,6194";"4,4762"
"138,5900";"4,6197";"4,4759"
"138,6000";"4,6200";"4,4766"
"138,6100";"4,6203";"4,4783"
"138,6200";"4,6206";"4,4811"
"138,6300";"4,6209";"4,4838"
"138,6400";"4,6212";"4,4832"
"138,6500";"4,6215";"4,4810"
"138,6600";"4,6219";"4,4808"
"138,6700";"4,6222";"4,4813"
"138,6800";"4,6226";"4,4814"
"138,6900";"4,6229";"4,4805"
"138,7000";"4,6233";"4,4827"
"138,7100";"4,6236";"4,4854"
"138,7200";"4,6240";"4,4849"
"138,7300";"4,6244";"4,4821"
"138,7400";"4,6247";"4,4804"
"138,7500";"4,6251";"4,4813"
"138,7600";"4,6254";"4,4831"
"138,7700";"4,6257";"4,4829"
"138,7800";"4,6259";"4,4834"
"138,7900";"4,6262";"4,4854"
"138,8000";"4,6265";"4,4869"
"138,8100";"4,6268";"4,4858"
"138,8200";"4,6272";"4,4836"
"138,8300";"4,6275";"4,4832"
"138,8400";"4,6279";"4,4842"
"138,8500";"4,6282";"4,4855"
"138,8600";"4,6286";"4,4869"
"138,8700";"4,6290";"4,4884"
"138,8800";"4,6293";"4,4894"
"138,8900";"4,6297";"4,4893"
"138,9000";"4,6300";"4,4879"
"138,9100";"4,6303";"4,4859"
"138,9200";"4,6306";"4,4855"
"138,9300";"4,6308";"4,4851"
"138,9400";"4,6312";"4,4863"
"138,9500";"4,6316";"4,4871"
"138,9600";"4,6319";"4,4870"
"138,9700";"4,6321";"4,4885"
"138,9800";"4,6325";"4,4905"
"138,9900";"4,6329";"4,4929"
"139,0000";"4,6333";"4,4912"
"139,0100";"4,6337";"4,4863"
"139,0200";"4,6340";"4,4852"
"139,0300";"4,6344";"4,4886"
"139,0400";"4,6347";"4,4915"
"139,0500";"4,6351";"4,4917"
"139,0600";"4,6353";"4,4916"
"139,0700";"4,6358";"4,4936"
"139,0800";"4,6362";"4,4962"
"139,0900";"4,6364";"4,4956"
"139,1000";"4,6367";"4,4924"
"139,1100";"4,6370";"4,4912"
"139,1200";"4,6373";"4,4910"
"139,1300";"4,6376";"4,4906"
"139,1400";"4,6379";"4,4903"
"139,1500";"4,6383";"4,4925"
"139,1600";"4,6386";"4,4959"
"139,1700";"4,6390";"4,4970"
"139,1800";"4,6392";"4,4956"
"139,1900";"4,6396";"4,4943"
"139,2000";"4,6399";"4,4942"
"139,2100";"4,6403";"4,4954"
"139,2200";"4,6406";"4,4958"
"139,2300";"4,6410";"4,4955"
"139,2400";"4,6414";"4,4951"
"139,2500";"4,6417";"4,4967"
"139,2600";"4,6421";"4,4976"
"139,2700";"4,6423";"4,4977"
"139,2800";"4,6427";"4,4970"
"139,2900";"4,6429";"4,4951"
"139,3000";"4,6431";"4,4947"
"139,3100";"4,6435";"4,4960"
"139,3200";"4,6438";"4,4986"
"139,3300";"4,6441";"4,4989"
"139,3400";"4,6444";"4,4979"
"139,3500";"4,6448";"4,4967"
"139,3600";"4,6451";"4,4966"
"139,3700";"4,6455";"4,4977"
"139,3800";"4,6458";"4,4980"
"139,3900";"4,6463";"4,4975"
"139,4000";"4,6467";"4,4968"
"139,4100";"4,6470";"4,4979"
"139,4200";"4,6474";"4,4988"
"139,4300";"4,6477";"4,4992"
"139,4400";"4,6480";"4,4994"
"139,4500";"4,6483";"4,5000"
"139,4600";"4,6486";"4,4985"
"139,4700";"4,6489";"4,4963"
"139,4800";"4,6493";"4,4964"
"139,4900";"4,6496";"4,4974"
"139,5000";"4,6500";"4,4985"
"139,5100";"4,6503";"4,4995"
"139,5200";"4,6507";"4,5002"
"139,5300";"4,6510";"4,5012"
"139,5400";"4,6514";"4,5024"
"139,5500";"4,6517";"4,5033"
"139,5600";"4,6521";"4,5040"
"139,5700";"4,6525";"4,5029"
"139,5800";"4,6527";"4,5015"
"139,5900";"4,6530";"4,5029"
"139,6000";"4,6533";"4,5058"
"139,6100";"4,6536";"4,5084"
"139,6200";"4,6540";"4,5071"
"139,6300";"4,6542";"4,5059"
"139,6400";"4,6546";"4,5070"
"139,6500";"4,6549";"4,5087"
"139,6600";"4,6553";"4,5073"
"139,6700";"4,6555";"4,5045"
"139,6800";"4,6559";"4,5055"
"139,6900";"4,6562";"4,5084"
"139,7000";"4,6566";"4,5084"
"139,7100";"4,6569";"4,5063"
"139,7200";"4,6573";"4,5060"
"139,7300";"4,6576";"4,5074"
"139,7400";"4,6580";"4,5085"
"139,7500";"4,6584";"4,5071"
"139,7600";"4,6587";"4,5078"
"139,7700";"4,6591";"4,5110"
"139,7800";"4,6593";"4,5141"
"139,7900";"4,6595";"4,5125"
"139,8000";"4,6599";"4,5095"
"139,8100";"4,6601";"4,5088"
"139,8200";"4,6605";"4,5094"
"139,8300";"4,6608";"4,5111"
"139,8400";"4,6612";"4,5124"
"139,8500";"4,6615";"4,5114"
"139,8600";"4,6619";"4,5096"
"139,8700";"4,6622";"4,5093"
"139,8800";"4,6626";"4,5115"
"139,8900";"4,6630";"4,5139"
"139,9000";"4,6633";"4,5147"
"139,9100";"4,6637";"4,5140"
"139,9200";"4,6640";"4,5140"
"139,9300";"4,6644";"4,5145"
"139,9400";"4,6647";"4,5147"
"139,9500";"4,6650";"4,5148"
"139,9600";"4,6653";"4,5172"
"139,9700";"4,6656";"4,5190"
"139,9800";"4,6659";"4,5182"
"139,9900";"4,6663";"4,5159"
"140,0000";"4,6665";"4,5167"
"140,0100";"4,6669";"4,5196"
"140,0200";"4,6672";"4,5190"
"140,0300";"4,6676";"4,5170"
"140,0400";"4,6679";"4,5169"
"140,0500";"4,6683";"4,5195"
"140,0600";"4,6686";"4,5206"
"140,0700";"4,6690";"4,5180"
"140,0800";"4,6693";"4,5169"
"140,0900";"4,6697";"4,5201"
"140,1000";"4,6699";"4,5241"
"140,1100";"4,6703";"4,5239"
"140,1200";"4,6705";"4,5220"
"140,1300";"4,6707";"4,5226"
"140,1400";"4,6711";"4,5237"
"140,1500";"4,6713";"4,5223"
"140,1600";"4,6717";"4,5206"
"140,1700";"4,6720";"4,5194"
"140,1800";"4,6724";"4,5193"
"140,1900";"4,6728";"4,5193"
"140,2000";"4,6732";"4,5194"
"140,2100";"4,6736";"4,5203"
"140,2200";"4,6739";"4,5221"
"140,2300";"4,6743";"4,5221"
"140,2400";"4,6746";"4,5209"
"140,2500";"4,6750";"4,5204"
"140,2600";"4,6754";"4,5207"
"140,2700";"4,6757";"4,5215"
"140,2800";"4,6761";"4,5223"
"140,2900";"4,6763";"4,5232"
"140,3000";"4,6767";"4,5235"
"140,3100";"4,6770";"4,5235"
"140,3200";"4,6772";"4,5241"
"140,3300";"4,6776";"4,5259"
"140,3400";"4,6780";"4,5269"
"140,3500";"4,6783";"4,5251"
"140,3600";"4,6787";"4,5240"
"140,3700";"4,6790";"4,5258"
"140,3800";"4,6794";"4,5283"
"140,3900";"4,6797";"4,5295"
"140,4000";"4,6801";"4,5307"
"140,4100";"4,6804";"4,5316"
"140,4200";"4,6808";"4,5308"
"140,4300";"4,6811";"4,5283"
"140,4400";"4,6814";"4,5245"
"140,4500";"4,6817";"4,5244"
"140,4600";"4,6820";"4,5269"
"140,4700";"4,6823";"4,5283"
"140,4800";"4,6826";"4,5278"
"140,4900";"4,6829";"4,5285"
"140,5000";"4,6833";"4,5310"
"140,5100";"4,6836";"4,5322"
"140,5200";"4,6839";"4,5309"
"140,5300";"4,6842";"4,5294"
"140,5400";"4,6846";"4,5298"
"140,5500";"4,6849";"4,5302"
"140,5600";"4,6853";"4,5299"
"140,5700";"4,6856";"4,5301"
"140,5800";"4,6860";"4,5325"
"140,5900";"4,6863";"4,5350"
"140,6000";"4,6867";"4,5350"
"140,6100";"4,6869";"4,5343"
"140,6200";"4,6873";"4,5338"
"140,6300";"4,6875";"4,5342"
"140,6400";"4,6879";"4,5330"
"140,6500";"4,6881";"4,5315"
"140,6600";"4,6885";"4,5319"
"140,6700";"4,6888";"4,5332"
"140,6800";"4,6892";"4,5337"
"140,6900";"4,6895";"4,5329"
"140,7000";"4,6899";"4,5333"
"140,7100";"4,6902";"4,5334"
"140,7200";"4,6906";"4,5330"
"140,7300";"4,6909";"4,5336"
"140,7400";"4,6913";"4,5350"
"140,7500";"4,6916";"4,5375"
"140,7600";"4,6921";"4,5393"
"140,7700";"4,6925";"4,5400"
"140,7800";"4,6928";"4,5412"
"140,7900";"4,6932";"4,5415"
"140,8000";"4,6934";"4,5403"
"140,8100";"4,6938";"4,5383"
"140,8200";"4,6940";"4,5372"
"140,8300";"4,6944";"4,5376"
"140,8400";"4,6947";"4,5388"
"140,8500";"4,6950";"4,5410"
"140,8600";"4,6953";"4,5423"
"140,8700";"4,6957";"4,5416"
"140,8800";"4,6960";"4,5406"
"140,8900";"4,6964";"4,5398"
"140,9000";"4,6967";"4,5413"
"140,9100";"4,6971";"4,5430"
"140,9200";"4,6974";"4,5416"
"140,9300";"4,6978";"4,5398"
"140,9400";"4,6980";"4,5399"
"140,9500";"4,6983";"4,5413"
"140,9600";"4,6986";"4,5418"
"140,9700";"4,6988";"4,5410"
"140,9800";"4,6992";"4,5401"
"140,9900";"4,6996";"4,5414"
"141,0000";"4,6999";"4,5429"
"141,0100";"4,7003";"4,5444"
"141,0200";"4,7006";"4,5456"
"141,0300";"4,7010";"4,5469"
"141,0400";"4,7013";"4,5457"
"141,0500";"4,7017";"4,5438"
"141,0600";"4,7020";"4,5438"
"141,0700";"4,7024";"4,5459"
"141,0800";"4,7027";"4,5463"
"141,0900";"4,7031";"4,5456"
"141,1000";"4,7035";"4,5466"
"141,1100";"4,7038";"4,5488"
"141,1200";"4,7042";"4,5503"
"141,1300";"4,7045";"4,5479"
"141,1400";"4,7047";"4,5455"
"141,1500";"4,7050";"4,5447"
"141,1600";"4,7053";"4,5460"
"141,1700";"4,7057";"4,5468"
"141,1800";"4,7060";"4,5477"
"141,1900";"4,7064";"4,5484"
"141,2000";"4,7066";"4,5506"
"141,2100";"4,7070";"4,5511"
"141,2200";"4,7073";"4,5508"
"141,2300";"4,7077";"4,5498"
"141,2400";"4,7081";"4,5488"
"141,2500";"4,7084";"4,5485"
"141,2600";"4,7088";"4,5498"
"141,2700";"4,7091";"4,5518"
"141,2800";"4,7094";"4,5534"
"141,2900";"4,7097";"4,5534"
"141,3000";"4,7099";"4,5537"
"141,3100";"4,7103";"4,5538"
"141,3200";"4,7105";"4,5520"
"141,3300";"4,7109";"4,5499"
"141,3400";"4,7111";"4,5492"
"141,3500";"4,7115";"4,5518"
"141,3600";"4,7118";"4,5539"
"141,3700";"4,7122";"4,5536"
"141,3800";"4,7125";"4,5533"
"141,3900";"4,7129";"4,5554"
"141,4000";"4,7132";"4,5558"
"141,4100";"4,7136";"4,5537"
"141,4200";"4,7140";"4,5517"
"141,4300";"4,7142";"4,5525"
"141,4400";"4,7145";"4,5550"
"141,4500";"4,7149";"4,5563"
"141,4600";"4,7153";"4,5557"
"141,4700";"4,7156";"4,5547"
"141,4800";"4,7158";"4,5546"
"141,4900";"4,7161";"4,5532"
"141,5000";"4,7164";"4,5531"
"141,5100";"4,7168";"4,5545"
"141,5200";"4,7171";"4,5554"
"141,5300";"4,7175";"4,5559"
"141,5400";"4,7179";"4,5563"
"141,5500";"4,7182";"4,5568"
"141,5600";"4,7186";"4,5584"
"141,5700";"4,7189";"4,5595"
"141,5800";"4,7193";"4,5588"
"141,5900";"4,7197";"4,5580"
"141,6000";"4,7201";"4,5586"
"141,6100";"4,7205";"4,5594"
"141,6200";"4,7208";"4,5595"
"141,6300";"4,7210";"4,5591"
"141,6400";"4,7214";"4,5583"
"141,6500";"4,7217";"4,5570"
"141,6600";"4,7221";"4,5555"
"141,6700";"4,7223";"4,5559"
"141,6800";"4,7227";"4,5589"
"141,6900";"4,7230";"4,5615"
"141,7000";"4,7234";"4,5627"
"141,7100";"4,7238";"4,5627"
"141,7200";"4,7241";"4,5623"
"141,7300";"4,7243";"4,5615"
"141,7400";"4,7247";"4,5618"
"141,7500";"4,7251";"4,5635"
"141,7600";"4,7254";"4,5640"
"141,7700";"4,7258";"4,5620"
"141,7800";"4,7260";"4,5606"
"141,7900";"4,7264";"4,5621"
"141,8000";"4,7266";"4,5649"
"141,8100";"4,7269";"4,5648"
"141,8200";"4,7272";"4,5620"
"141,8300";"4,7275";"4,5604"
"141,8400";"4,7278";"4,5637"
"141,8500";"4,7281";"4,5668"
"141,8600";"4,7285";"4,5666"
"141,8700";"4,7287";"4,5654"
"141,8800";"4,7291";"4,5664"
"141,8900";"4,7294";"4,5685"
"141,9000";"4,7298";"4,5680"
"141,9100";"4,7301";"4,5665"
"141,9200";"4,7305";"4,5661"
"141,9300";"4,7308";"4,5678"
"141,9400";"4,7312";"4,5676"
"141,9500";"4,7315";"4,5666"
"141,9600";"4,7319";"4,5671"
"141,9700";"4,7321";"4,5693"
"141,9800";"4,7325";"4,5701"
"141,9900";"4,7328";"4,5689"
"142,0000";"4,7331";"4,5667"
"142,0100";"4,7334";"4,5671"
"142,0200";"4,7338";"4,5694"
"142,0300";"4,7340";"4,5732"
"142,0400";"4,7344";"4,5755"
"142,0500";"4,7347";"4,5757"
"142,0600";"4,7351";"4,5740"
"142,0700";"4,7356";"4,5721"
"142,0800";"4,7359";"4,5725"
"142,0900";"4,7363";"4,5724"
"142,1000";"4,7366";"4,5715"
"142,1100";"4,7370";"4,5702"
"142,1200";"4,7373";"4,5714"
"142,1300";"4,7377";"4,5740"
"142,1400";"4,7379";"4,5751"
"142,1500";"4,7383";"4,5744"
"142,1600";"4,7385";"4,5736"
"142,1700";"4,7389";"4,5734"
"142,1800";"4,7391";"4,5745"
"142,1900";"4,7395";"4,5761"
"142,2000";"4,7398";"4,5766"
"142,2100";"4,7402";"4,5772"
"142,2200";"4,7405";"4,5767"
"142,2300";"4,7409";"4,5754"
"142,2400";"4,7413";"4,5738"
"142,2500";"4,7417";"4,5733"
"142,2600";"4,7421";"4,5728"
"142,2700";"4,7424";"4,5722"
"142,2800";"4,7428";"4,5735"
"142,2900";"4,7431";"4,5760"
"142,3000";"4,7434";"4,5790"
"142,3100";"4,7437";"4,5793"
"142,3200";"4,7439";"4,5791"
"142,3300";"4,7443";"4,5795"
"142,3400";"4,7447";"4,5785"
"142,3500";"4,7450";"4,5761"
"142,3600";"4,7452";"4,5768"
"142,3700";"4,7456";"4,5811"
"142,3800";"4,7461";"4,5847"
"142,3900";"4,7464";"4,5835"
"142,4000";"4,7468";"4,5818"
"142,4100";"4,7471";"4,5828"
"142,4200";"4,7476";"4,5838"
"142,4300";"4,7480";"4,5825"
"142,4400";"4,7483";"4,5806"
"142,4500";"4,7487";"4,5806"
"142,4600";"4,7489";"4,5834"
"142,4700";"4,7493";"4,5861"
"142,4800";"4,7496";"4,5865"
"142,4900";"4,7498";"4,5852"
"142,5000";"4,7501";"4,5852"
"142,5100";"4,7503";"4,5848"
"142,5200";"4,7507";"4,5836"
"142,5300";"4,7510";"4,5822"
"142,5400";"4,7513";"4,5833"
"142,5500";"4,7516";"4,5855"
"142,5600";"4,7520";"4,5868"
"142,5700";"4,7523";"4,5862"
"142,5800";"4,7527";"4,5853"
"142,5900";"4,7530";"4,5855"
"142,6000";"4,7534";"4,5856"
"142,6100";"4,7537";"4,5862"
"142,6200";"4,7541";"4,5865"
"142,6300";"4,7543";"4,5862"
"142,6400";"4,7547";"4,5860"
"142,6500";"4,7550";"4,5870"
"142,6600";"4,7553";"4,5881"
"142,6700";"4,7555";"4,5885"
"142,6800";"4,7559";"4,5878"
"142,6900";"4,7562";"4,5873"
"142,7000";"4,7565";"4,5876"
"142,7100";"4,7568";"4,5883"
"142,7200";"4,7572";"4,5879"
"142,7300";"4,7575";"4,5890"
"142,7400";"4,7579";"4,5901"
"142,7500";"4,7582";"4,5901"
"142,7600";"4,7586";"4,5885"
"142,7700";"4,7589";"4,5881"
"142,7800";"4,7593";"4,5887"
"142,7900";"4,7596";"4,5892"
"142,8000";"4,7600";"4,5888"
"142,8100";"4,7604";"4,5911"
"142,8200";"4,7606";"4,5963"
"142,8300";"4,7609";"4,5991"
"142,8400";"4,7612";"4,5964"
"142,8500";"4,7615";"4,5927"
"142,8600";"4,7618";"4,5932"
"142,8700";"4,7621";"4,5946"
"142,8800";"4,7625";"4,5941"
"142,8900";"4,7628";"4,5921"
"142,9000";"4,7632";"4,5925"
"142,9100";"4,7637";"4,5952"
"142,9200";"4,7640";"4,5970"
"142,9300";"4,7645";"4,5968"
"142,9400";"4,7648";"4,5966"
"142,9500";"4,7652";"4,5974"
"142,9600";"4,7655";"4,5962"
"142,9700";"4,7658";"4,5955"
"142,9800";"4,7661";"4,5969"
"142,9900";"4,7664";"4,5988"
"143,0000";"4,7667";"4,5995"
"143,0100";"4,7670";"4,5974"
"143,0200";"4,7673";"4,5949"
"143,0300";"4,7677";"4,5939"
"143,0400";"4,7680";"4,5944"
"143,0500";"4,7684";"4,5967"
"143,0600";"4,7686";"4,5989"
"143,0700";"4,7691";"4,6001"
"143,0800";"4,7694";"4,5994"
"143,0900";"4,7698";"4,5997"
"143,1000";"4,7702";"4,6009"
"143,1100";"4,7705";"4,6008"
"143,1200";"4,7707";"4,5983"
"143,1300";"4,7711";"4,5953"
"143,1400";"4,7715";"4,5967"
"143,1500";"4,7718";"4,6001"
"143,1600";"4,7720";"4,6024"
"143,1700";"4,7724";"4,6022"
"143,1800";"4,7726";"4,6022"
"143,1900";"4,7729";"4,6033"
"143,2000";"4,7732";"4,6022"
"143,2100";"4,7736";"4,6002"
"143,2200";"4,7739";"4,6000"
"143,2300";"4,7742";"4,6009"
"143,2400";"4,7745";"4,6012"
"143,2500";"4,7749";"4,6004"
"143,2600";"4,7751";"4,6012"
"143,2700";"4,7756";"4,6026"
"143,2800";"4,7758";"4,6025"
"143,2900";"4,7762";"4,6010"
"143,3000";"4,7765";"4,6014"
"143,3100";"4,7769";"4,6036"
"143,3200";"4,7772";"4,6045"
"143,3300";"4,7775";"4,6036"
"143,3400";"4,7778";"4,6038"
"143,3500";"4,7781";"4,6061"
"143,3600";"4,7784";"4,6076"
"143,3700";"4,7788";"4,6078"
"143,3800";"4,7790";"4,6061"
"143,3900";"4,7794";"4,6055"
"143,4000";"4,7797";"4,6045"
"143,4100";"4,7801";"4,6032"
"143,4200";"4,7804";"4,6038"
"143,4300";"4,7808";"4,6063"
"143,4400";"4,7812";"4,6080"
"143,4500";"4,7816";"4,6079"
"143,4600";"4,7820";"4,6080"
"143,4700";"4,7823";"4,6103"
"143,4800";"4,7827";"4,6131"
"143,4900";"4,7829";"4,6139"
"143,5000";"4,7831";"4,6120"
"143,5100";"4,7835";"4,6106"
"143,5200";"4,7837";"4,6118"
"143,5300";"4,7841";"4,6120"
"143,5400";"4,7844";"4,6117"
"143,5500";"4,7848";"4,6135"
"143,5600";"4,7853";"4,6140"
"143,5700";"4,7856";"4,6126"
"143,5800";"4,7860";"4,6110"
"143,5900";"4,7863";"4,6105"
"143,6000";"4,7867";"4,6113"
"143,6100";"4,7870";"4,6116"
"143,6200";"4,7874";"4,6125"
"143,6300";"4,7877";"4,6155"
"143,6400";"4,7881";"4,6169"
"143,6500";"4,7883";"4,6157"
"143,6600";"4,7887";"4,6136"
"143,6700";"4,7889";"4,6131"
"143,6800";"4,7893";"4,6142"
"143,6900";"4,7895";"4,6128"
"143,7000";"4,7899";"4,6117"
"143,7100";"4,7902";"4,6136"
"143,7200";"4,7905";"4,6163"
"143,7300";"4,7908";"4,6186"
"143,7400";"4,7912";"4,6170"
"143,7500";"4,7915";"4,6163"
"143,7600";"4,7919";"4,6168"
"143,7700";"4,7922";"4,6174"
"143,7800";"4,7926";"4,6159"
"143,7900";"4,7929";"4,6152"
"143,8000";"4,7933";"4,6150"
"143,8100";"4,7936";"4,6159"
"143,8200";"4,7940";"4,6171"
"143,8300";"4,7944";"4,6185"
"143,8400";"4,7947";"4,6184"
"143,8500";"4,7949";"4,6168"
"143,8600";"4,7952";"4,6150"
"143,8700";"4,7955";"4,6167"
"143,8800";"4,7959";"4,6204"
"143,8900";"4,7962";"4,6211"
"143,9000";"4,7965";"4,6204"
"143,9100";"4,7968";"4,6218"
"143,9200";"4,7972";"4,6244"
"143,9300";"4,7975";"4,6245"
"143,9400";"4,7979";"4,6221"
"143,9500";"4,7982";"4,6203"
"143,9600";"4,7985";"4,6221"
"143,9700";"4,7988";"4,6242"
"143,9800";"4,7992";"4,6252"
"143,9900";"4,7995";"4,6242"
"144,0000";"4,7999";"4,6253"
"144,0100";"4,8001";"4,6278"
"144,0200";"4,8004";"4,6282"
"144,0300";"4,8007";"4,6259"
"144,0400";"4,8010";"4,6225"
"144,0500";"4,8013";"4,6217"
"144,0600";"4,8017";"4,6227"
"144,0700";"4,8020";"4,6229"
"144,0800";"4,8024";"4,6232"
"144,0900";"4,8027";"4,6244"
"144,1000";"4,8032";"4,6268"
"144,1100";"4,8036";"4,6298"
"144,1200";"4,8039";"4,6306"
"144,1300";"4,8043";"4,6273"
"144,1400";"4,8046";"4,6240"
"144,1500";"4,8050";"4,6241"
"144,1600";"4,8053";"4,6277"
"144,1700";"4,8057";"4,6289"
"144,1800";"4,8059";"4,6275"
"144,1900";"4,8063";"4,6265"
"144,2000";"4,8065";"4,6285"
"144,2100";"4,8069";"4,6314"
"144,2200";"4,8072";"4,6304"
"144,2300";"4,8076";"4,6266"
"144,2400";"4,8079";"4,6265"
"144,2500";"4,8083";"4,6290"
"144,2600";"4,8086";"4,6296"
"144,2700";"4,8090";"4,6290"
"144,2800";"4,8093";"4,6298"
"144,2900";"4,8098";"4,6323"
"144,3000";"4,8102";"4,6332"
"144,3100";"4,8104";"4,6316"
"144,3200";"4,8108";"4,6300"
"144,3300";"4,8111";"4,6300"
"144,3400";"4,8114";"4,6326"
"144,3500";"4,8117";"4,6341"
"144,3600";"4,8119";"4,6339"
"144,3700";"4,8123";"4,6328"
"144,3800";"4,8125";"4,6327"
"144,3900";"4,8129";"4,6324"
"144,4000";"4,8132";"4,6331"
"144,4100";"4,8136";"4,6351"
"144,4200";"4,8140";"4,6355"
"144,4300";"4,8143";"4,6342"
"144,4400";"4,8147";"4,6348"
"144,4500";"4,8150";"4,6374"
"144,4600";"4,8155";"4,6390"
"144,4700";"4,8158";"4,6366"
"144,4800";"4,8162";"4,6345"
"144,4900";"4,8164";"4,6341"
"144,5000";"4,8168";"4,6346"
"144,5100";"4,8171";"4,6354"
"144,5200";"4,8174";"4,6357"
"144,5300";"4,8176";"4,6360"
"144,5400";"4,8180";"4,6370"
"144,5500";"4,8182";"4,6387"
"144,5600";"4,8186";"4,6386"
"144,5700";"4,8188";"4,6379"
"144,5800";"4,8191";"4,6371"
"144,5900";"4,8195";"4,6371"
"144,6000";"4,8199";"4,6383"
"144,6100";"4,8202";"4,6395"
"144,6200";"4,8207";"4,6389"
"144,6300";"4,8210";"4,6379"
"144,6400";"4,8214";"4,6404"
"144,6500";"4,8217";"4,6441"
"144,6600";"4,8221";"4,6436"
"144,6700";"4,8223";"4,6393"
"144,6800";"4,8227";"4,6392"
"144,6900";"4,8229";"4,6439"
"144,7000";"4,8233";"4,6470"
"144,7100";"4,8236";"4,6446"
"144,7200";"4,8239";"4,6404"
"144,7300";"4,8242";"4,6405"
"144,7400";"4,8246";"4,6430"
"144,7500";"4,8249";"4,6440"
"144,7600";"4,8252";"4,6421"
"144,7700";"4,8256";"4,6424"
"144,7800";"4,8259";"4,6451"
"144,7900";"4,8262";"4,6475"
"144,8000";"4,8266";"4,6486"
"144,8100";"4,8269";"4,6459"
"144,8200";"4,8273";"4,6444"
"144,8300";"4,8276";"4,6433"
"144,8400";"4,8280";"4,6448"
"144,8500";"4,8282";"4,6465"
"144,8600";"4,8285";"4,6488"
"144,8700";"4,8288";"4,6501"
"144,8800";"4,8291";"4,6500"
"144,8900";"4,8294";"4,6493"
"144,9000";"4,8298";"4,6470"
"144,9100";"4,8301";"4,6450"
"144,9200";"4,8306";"4,6450"
"144,9300";"4,8310";"4,6468"
"144,9400";"4,8313";"4,6490"
"144,9500";"4,8317";"4,6500"
"144,9600";"4,8321";"4,6506"
"144,9700";"4,8325";"4,6514"
"144,9800";"4,8328";"4,6524"
"144,9900";"4,8332";"4,6519"
"145,0000";"4,8335";"4,6492"
"145,0100";"4,8339";"4,6489"
"145,0200";"4,8341";"4,6504"
"145,0300";"4,8345";"4,6516"
"145,0400";"4,8347";"4,6521"
"145,0500";"4,8351";"4,6525"
"145,0600";"4,8354";"4,6528"
"145,0700";"4,8358";"4,6517"
"145,0800";"4,8360";"4,6516"
"145,0900";"4,8365";"4,6521"
"145,1000";"4,8369";"4,6513"
"145,1100";"4,8372";"4,6492"
"145,1200";"4,8376";"4,6489"
"145,1300";"4,8378";"4,6516"
"145,1400";"4,8382";"4,6554"
"145,1500";"4,8385";"4,6561"
"145,1600";"4,8389";"4,6529"
"145,1700";"4,8392";"4,6501"
"145,1800";"4,8395";"4,6518"
"145,1900";"4,8397";"4,6554"
"145,2000";"4,8399";"4,6562"
"145,2100";"4,8403";"4,6553"
"145,2200";"4,8406";"4,6548"
"145,2300";"4,8409";"4,6556"
"145,2400";"4,8412";"4,6565"
"145,2500";"4,8416";"4,6553"
"145,2600";"4,8418";"4,6549"
"145,2700";"4,8422";"4,6552"
"145,2800";"4,8425";"4,6559"
"145,2900";"4,8429";"4,6558"
"145,3000";"4,8432";"4,6567"
"145,3100";"4,8436";"4,6579"
"145,3200";"4,8439";"4,6596"
"145,3300";"4,8443";"4,6584"
"145,3400";"4,8446";"4,6561"
"145,3500";"4,8449";"4,6536"
"145,3600";"4,8452";"4,6542"
"145,3700";"4,8455";"4,6575"
"145,3800";"4,8457";"4,6613"
"145,3900";"4,8461";"4,6617"
"145,4000";"4,8464";"4,6604"
"145,4100";"4,8467";"4,6604"
"145,4200";"4,8470";"4,6619"
"145,4300";"4,8474";"4,6625"
"145,4400";"4,8478";"4,6594"
"145,4500";"4,8482";"4,6565"
"145,4600";"4,8485";"4,6576"
"145,4700";"4,8489";"4,6607"
"145,4800";"4,8492";"4,6629"
"145,4900";"4,8496";"4,6634"
"145,5000";"4,8500";"4,6638"
"145,5100";"4,8503";"4,6658"
"145,5200";"4,8505";"4,6657"
"145,5300";"4,8509";"4,6631"
"145,5400";"4,8511";"4,6614"
"145,5500";"4,8514";"4,6615"
"145,5600";"4,8517";"4,6614"
"145,5700";"4,8521";"4,6608"
"145,5800";"4,8524";"4,6620"
"145,5900";"4,8528";"4,6636"
"145,6000";"4,8531";"4,6638"
"145,6100";"4,8535";"4,6636"
"145,6200";"4,8539";"4,6633"
"145,6300";"4,8542";"4,6630"
"145,6400";"4,8546";"4,6633"
"145,6500";"4,8549";"4,6632"
"145,6600";"4,8553";"4,6646"
"145,6700";"4,8555";"4,6665"
"145,6800";"4,8559";"4,6664"
"145,6900";"4,8562";"4,6655"
"145,7000";"4,8565";"4,6660"
"145,7100";"4,8568";"4,6673"
"145,7200";"4,8570";"4,6686"
"145,7300";"4,8574";"4,6675"
"145,7400";"4,8577";"4,6664"
"145,7500";"4,8581";"4,6684"
"145,7600";"4,8585";"4,6723"
"145,7700";"4,8588";"4,6724"
"145,7800";"4,8592";"4,6697"
"145,7900";"4,8596";"4,6680"
"145,8000";"4,8600";"4,6689"
"145,8100";"4,8603";"4,6720"
"145,8200";"4,8607";"4,6737"
"145,8300";"4,8612";"4,6729"
"145,8400";"4,8614";"4,6702"
"145,8500";"4,8618";"4,6694"
"145,8600";"4,8621";"4,6713"
"145,8700";"4,8624";"4,6736"
"145,8800";"4,8627";"4,6736"
"145,8900";"4,8629";"4,6708"
"145,9000";"4,8633";"4,6702"
"145,9100";"4,8635";"4,6731"
"145,9200";"4,8639";"4,6762"
"145,9300";"4,8642";"4,6767"
"145,9400";"4,8646";"4,6749"
"145,9500";"4,8648";"4,6744"
"145,9600";"4,8652";"4,6739"
"145,9700";"4,8655";"4,6725"
"145,9800";"4,8659";"4,6708"
"145,9900";"4,8662";"4,6708"
"146,0000";"4,8666";"4,6727"
"146,0100";"4,8670";"4,6735"
"146,0200";"4,8673";"4,6733"
"146,0300";"4,8675";"4,6734"
"146,0400";"4,8679";"4,6748"
"146,0500";"4,8681";"4,6766"
"146,0600";"4,8685";"4,6765"
"146,0700";"4,8688";"4,6768"
"146,0800";"4,8691";"4,6773"
"146,0900";"4,8694";"4,6771"
"146,1000";"4,8698";"4,6765"
"146,1100";"4,8701";"4,6768"
"146,1200";"4,8705";"4,6780"
"146,1300";"4,8709";"4,6777"
"146,1400";"4,8712";"4,6782"
"146,1500";"4,8716";"4,6803"
"146,1600";"4,8720";"4,6827"
"146,1700";"4,8724";"4,6819"
"146,1800";"4,8727";"4,6782"
"146,1900";"4,8730";"4,6765"
"146,2000";"4,8733";"4,6783"
"146,2100";"4,8736";"4,6804"
"146,2200";"4,8739";"4,6794"
"146,2300";"4,8742";"4,6787"
"146,2400";"4,8745";"4,6809"
"146,2500";"4,8749";"4,6828"
"146,2600";"4,8752";"4,6817"
"146,2700";"4,8757";"4,6788"
"146,2800";"4,8760";"4,6780"
"146,2900";"4,8764";"4,6796"
"146,3000";"4,8768";"4,6808"
"146,3100";"4,8771";"4,6814"
"146,3200";"4,8776";"4,6823"
"146,3300";"4,8779";"4,6839"
"146,3400";"4,8782";"4,6853"
"146,3500";"4,8785";"4,6855"
"146,3600";"4,8788";"4,6834"
"146,3700";"4,8790";"4,6809"
"146,3800";"4,8794";"4,6806"
"146,3900";"4,8797";"4,6843"
"146,4000";"4,8801";"4,6873"
"146,4100";"4,8804";"4,6868"
"146,4200";"4,8807";"4,6853"
"146,4300";"4,8810";"4,6877"
"146,4400";"4,8815";"4,6903"
"146,4500";"4,8818";"4,6902"
"146,4600";"4,8822";"4,6859"
"146,4700";"4,8825";"4,6841"
"146,4800";"4,8829";"4,6875"
"146,4900";"4,8832";"4,6922"
"146,5000";"4,8835";"4,6936"
"146,5100";"4,8838";"4,6924"
"146,5200";"4,8842";"4,6922"
"146,5300";"4,8844";"4,6923"
"146,5400";"4,8847";"4,6904"
"146,5500";"4,8850";"4,6879"
"146,5600";"4,8853";"4,6879"
"146,5700";"4,8856";"4,6898"
"146,5800";"4,8858";"4,6915"
"146,5900";"4,8862";"4,6918"
"146,6000";"4,8866";"4,6910"
"146,6100";"4,8868";"4,6899"
"146,6200";"4,8871";"4,6885"
"146,6300";"4,8875";"4,6876"
"146,6400";"4,8879";"4,6876"
"146,6500";"4,8882";"4,6889"
"146,6600";"4,8886";"4,6912"
"146,6700";"4,8889";"4,6928"
"146,6800";"4,8893";"4,6949"
"146,6900";"4,8896";"4,6960"
"146,7000";"4,8899";"4,6957"
"146,7100";"4,8902";"4,6941"
"146,7200";"4,8905";"4,6922"
"146,7300";"4,8908";"4,6924"
"146,7400";"4,8912";"4,6935"
"146,7500";"4,8914";"4,6940"
"146,7600";"4,8917";"4,6940"
"146,7700";"4,8921";"4,6952"
"146,7800";"4,8925";"4,6956"
"146,7900";"4,8928";"4,6963"
"146,8000";"4,8932";"4,6966"
"146,8100";"4,8936";"4,6970"
"146,8200";"4,8940";"4,6962"
"146,8300";"4,8943";"4,6962"
"146,8400";"4,8948";"4,6983"
"146,8500";"4,8952";"4,7005"
"146,8600";"4,8954";"4,7001"
"146,8700";"4,8956";"4,6979"
"146,8800";"4,8960";"4,6976"
"146,8900";"4,8964";"4,6976"
"146,9000";"4,8966";"4,6970"
"146,9100";"4,8969";"4,6962"
"146,9200";"4,8973";"4,6961"
"146,9300";"4,8977";"4,6968"
"146,9400";"4,8980";"4,6968"
"146,9500";"4,8984";"4,6953"
"146,9600";"4,8987";"4,6959"
"146,9700";"4,8991";"4,6996"
"146,9800";"4,8994";"4,7025"
"146,9900";"4,8998";"4,7028"
"147,0000";"4,9001";"4,7015"
"147,0100";"4,9004";"4,7008"
"147,0200";"4,9007";"4,7012"
"147,0300";"4,9010";"4,7000"
"147,0400";"4,9013";"4,6982"
"147,0500";"4,9015";"4,6987"
"147,0600";"4,9019";"4,7012"
"147,0700";"4,9021";"4,7021"
"147,0800";"4,9025";"4,7026"
"147,0900";"4,9028";"4,7046"
"147,1000";"4,9032";"4,7068"
"147,1100";"4,9036";"4,7062"
"147,1200";"4,9039";"4,7059"
"147,1300";"4,9043";"4,7069"
"147,1400";"4,9046";"4,7082"
"147,1500";"4,9050";"4,7078"
"147,1600";"4,9052";"4,7071"
"147,1700";"4,9056";"4,7067"
"147,1800";"4,9059";"4,7071"
"147,1900";"4,9063";"4,7065"
"147,2000";"4,9066";"4,7049"
"147,2100";"4,9069";"4,7045"
"147,2200";"4,9072";"4,7054"
"147,2300";"4,9075";"4,7062"
"147,2400";"4,9078";"4,7062"
"147,2500";"4,9080";"4,7065"
"147,2600";"4,9084";"4,7088"
"147,2700";"4,9087";"4,7105"
"147,2800";"4,9091";"4,7108"
"147,2900";"4,9095";"4,7103"
"147,3000";"4,9098";"4,7098"
"147,3100";"4,9102";"4,7085"
"147,3200";"4,9105";"4,7083"
"147,3300";"4,9109";"4,7090"
"147,3400";"4,9112";"4,7107"
"147,3500";"4,9116";"4,7108"
"147,3600";"4,9119";"4,7107"
"147,3700";"4,9123";"4,7108"
"147,3800";"4,9125";"4,7116"
"147,3900";"4,9129";"4,7123"
"147,4000";"4,9131";"4,7124"
"147,4100";"4,9135";"4,7130"
"147,4200";"4,9137";"4,7139"
"147,4300";"4,9141";"4,7128"
"147,4400";"4,9144";"4,7111"
"147,4500";"4,9148";"4,7117"
"147,4600";"4,9151";"4,7135"
"147,4700";"4,9155";"4,7142"
"147,4800";"4,9158";"4,7145"
"147,4900";"4,9162";"4,7140"
"147,5000";"4,9165";"4,7158"
"147,5100";"4,9169";"4,7171"
"147,5200";"4,9172";"4,7160"
"147,5300";"4,9176";"4,7152"
"147,5400";"4,9178";"4,7170"
"147,5500";"4,9182";"4,7194"
"147,5600";"4,9184";"4,7191"
"147,5700";"4,9188";"4,7175"
"147,5800";"4,9190";"4,7178"
"147,5900";"4,9194";"4,7190"
"147,6000";"4,9197";"4,7192"
"147,6100";"4,9201";"4,7185"
"147,6200";"4,9206";"4,7185"
"147,6300";"4,9209";"4,7194"
"147,6400";"4,9213";"4,7211"
"147,6500";"4,9217";"4,7223"
"147,6600";"4,9221";"4,7229"
"147,6700";"4,9224";"4,7219"
"147,6800";"4,9227";"4,7195"
"147,6900";"4,9230";"4,7177"
"147,7000";"4,9234";"4,7189"
"147,7100";"4,9236";"4,7214"
"147,7200";"4,9240";"4,7235"
"147,7300";"4,9242";"4,7235"
"147,7400";"4,9246";"4,7226"
"147,7500";"4,9249";"4,7218"
"147,7600";"4,9253";"4,7211"
"147,7700";"4,9255";"4,7213"
"147,7800";"4,9259";"4,7229"
"147,7900";"4,9262";"4,7241"
"147,8000";"4,9266";"4,7240"
"147,8100";"4,9270";"4,7222"
"147,8200";"4,9274";"4,7221"
"147,8300";"4,9278";"4,7248"
"147,8400";"4,9280";"4,7266"
"147,8500";"4,9283";"4,7266"
"147,8600";"4,9287";"4,7247"
"147,8700";"4,9291";"4,7246"
"147,8800";"4,9294";"4,7257"
"147,8900";"4,9298";"4,7251"
"147,9000";"4,9300";"4,7247"
"147,9100";"4,9302";"4,7258"
"147,9200";"4,9306";"4,7267"
"147,9300";"4,9309";"4,7269"
"147,9400";"4,9313";"4,7279"
"147,9500";"4,9315";"4,7297"
"147,9600";"4,9319";"4,7296"
"147,9700";"4,9322";"4,7269"
"147,9800";"4,9326";"4,7273"
"147,9900";"4,9330";"4,7305"
"148,0000";"4,9333";"4,7320"
"148,0100";"4,9337";"4,7304"
"148,0200";"4,9340";"4,7299"
"148,0300";"4,9344";"4,7318"
"148,0400";"4,9346";"4,7328"
"148,0500";"4,9350";"4,7309"
"148,0600";"4,9352";"4,7293"
"148,0700";"4,9355";"4,7292"
"148,0800";"4,9359";"4,7311"
"148,0900";"4,9361";"4,7329"
"148,1000";"4,9365";"4,7334"
"148,1100";"4,9368";"4,7334"
"148,1200";"4,9372";"4,7337"
"148,1300";"4,9376";"4,7332"
"148,1400";"4,9379";"4,7329"
"148,1500";"4,9383";"4,7340"
"148,1600";"4,9386";"4,7352"
"148,1700";"4,9390";"4,7354"
"148,1800";"4,9393";"4,7360"
"148,1900";"4,9397";"4,7362"
"148,2000";"4,9400";"4,7359"
"148,2100";"4,9404";"4,7354"
"148,2200";"4,9406";"4,7351"
"148,2300";"4,9410";"4,7356"
"148,2400";"4,9413";"4,7345"
"148,2500";"4,9416";"4,7338"
"148,2600";"4,9419";"4,7345"
"148,2700";"4,9423";"4,7360"
"148,2800";"4,9426";"4,7361"
"148,2900";"4,9431";"4,7354"
"148,3000";"4,9435";"4,7351"
"148,3100";"4,9438";"4,7359"
"148,3200";"4,9442";"4,7358"
"148,3300";"4,9445";"4,7355"
"148,3400";"4,9449";"4,7355"
"148,3500";"4,9452";"4,7375"
"148,3600";"4,9455";"4,7396"
"148,3700";"4,9458";"4,7397"
"148,3800";"4,9461";"4,7387"
"148,3900";"4,9464";"4,7401"
"148,4000";"4,9466";"4,7415"
"148,4100";"4,9470";"4,7406"
"148,4200";"4,9474";"4,7386"
"148,4300";"4,9477";"4,7382"
"148,4400";"4,9481";"4,7398"
"148,4500";"4,9484";"4,7404"
"148,4600";"4,9488";"4,7408"
"148,4700";"4,9491";"4,7417"
"148,4800";"4,9495";"4,7427"
"148,4900";"4,9498";"4,7416"
"148,5000";"4,9502";"4,7389"
"148,5100";"4,9505";"4,7379"
"148,5200";"4,9509";"4,7407"
"148,5300";"4,9511";"4,7424"
"148,5400";"4,9515";"4,7414"
"148,5500";"4,9518";"4,7400"
"148,5600";"4,9521";"4,7425"
"148,5700";"4,9523";"4,7454"
"148,5800";"4,9527";"4,7462"
"148,5900";"4,9529";"4,7451"
"148,6000";"4,9533";"4,7447"
"148,6100";"4,9536";"4,7463"
"148,6200";"4,9540";"4,7477"
"148,6300";"4,9543";"4,7477"
"148,6400";"4,9546";"4,7464"
"148,6500";"4,9549";"4,7454"
"148,6600";"4,9553";"4,7451"
"148,6700";"4,9556";"4,7461"
"148,6800";"4,9560";"4,7468"
"148,6900";"4,9563";"4,7468"
"148,7000";"4,9567";"4,7464"
"148,7100";"4,9570";"4,7477"
"148,7200";"4,9573";"4,7493"
"148,7300";"4,9576";"4,7494"
"148,7400";"4,9579";"4,7482"
"148,7500";"4,9582";"4,7474"
"148,7600";"4,9586";"4,7485"
"148,7700";"4,9588";"4,7493"
"148,7800";"4,9592";"4,7489"
"148,7900";"4,9595";"4,7498"
"148,8000";"4,9599";"4,7525"
"148,8100";"4,9601";"4,7525"
"148,8200";"4,9605";"4,7494"
"148,8300";"4,9608";"4,7465"
"148,8400";"4,9612";"4,7475"
"148,8500";"4,9615";"4,7505"
"148,8600";"4,9619";"4,7506"
"148,8700";"4,9622";"4,7486"
"148,8800";"4,9625";"4,7494"
"148,8900";"4,9628";"4,7536"
"148,9000";"4,9631";"4,7559"
"148,9100";"4,9634";"4,7539"
"148,9200";"4,9638";"4,7506"
"148,9300";"4,9641";"4,7494"
"148,9400";"4,9645";"4,7497"
"148,9500";"4,9648";"4,7511"
"148,9600";"4,9652";"4,7536"
"148,9700";"4,9657";"4,7560"
"148,9800";"4,9660";"4,7576"
"148,9900";"4,9664";"4,7578"
"149,0000";"4,9667";"4,7565"
"149,0100";"4,9671";"4,7554"
"149,0200";"4,9674";"4,7548"
"149,0300";"4,9677";"4,7534"
"149,0400";"4,9680";"4,7534"
"149,0500";"4,9682";"4,7544"
"149,0600";"4,9686";"4,7566"
"149,0700";"4,9690";"4,7579"
"149,0800";"4,9693";"4,7587"
"149,0900";"4,9697";"4,7585"
"149,1000";"4,9699";"4,7573"
"149,1100";"4,9703";"4,7559"
"149,1200";"4,9706";"4,7555"
"149,1300";"4,9710";"4,7574"
"149,1400";"4,9713";"4,7591"
"149,1500";"4,9717";"4,7600"
"149,1600";"4,9720";"4,7601"
"149,1700";"4,9724";"4,7598"
"149,1800";"4,9727";"4,7598"
"149,1900";"4,9731";"4,7596"
"149,2000";"4,9734";"4,7597"
"149,2100";"4,9738";"4,7606"
"149,2200";"4,9740";"4,7620"
"149,2300";"4,9743";"4,7628"
"149,2400";"4,9746";"4,7626"
"149,2500";"4,9749";"4,7627"
"149,2600";"4,9751";"4,7631"
"149,2700";"4,9755";"4,7613"
"149,2800";"4,9758";"4,7600"
"149,2900";"4,9762";"4,7598"
"149,3000";"4,9764";"4,7610"
"149,3100";"4,9767";"4,7615"
"149,3200";"4,9771";"4,7624"
"149,3300";"4,9775";"4,7638"
"149,3400";"4,9778";"4,7643"
"149,3500";"4,9782";"4,7632"
"149,3600";"4,9785";"4,7616"
"149,3700";"4,9789";"4,7630"
"149,3800";"4,9792";"4,7646"
"149,3900";"4,9796";"4,7656"
"149,4000";"4,9798";"4,7657"
"149,4100";"4,9802";"4,7665"
"149,4200";"4,9804";"4,7677"
"149,4300";"4,9808";"4,7676"
"149,4400";"4,9810";"4,7677"
"149,4500";"4,9814";"4,7683"
"149,4600";"4,9817";"4,7679"
"149,4700";"4,9821";"4,7670"
"149,4800";"4,9824";"4,7673"
"149,4900";"4,9828";"4,7687"
"149,5000";"4,9831";"4,7714"
"149,5100";"4,9835";"4,7729"
"149,5200";"4,9838";"4,7715"
"149,5300";"4,9842";"4,7689"
"149,5400";"4,9845";"4,7694"
"149,5500";"4,9849";"4,7697"
"149,5600";"4,9852";"4,7683"
"149,5700";"4,9855";"4,7668"
"149,5800";"4,9857";"4,7679"
"149,5900";"4,9861";"4,7701"
"149,6000";"4,9864";"4,7711"
"149,6100";"4,9868";"4,7713"
"149,6200";"4,9871";"4,7715"
"149,6300";"4,9875";"4,7716"
"149,6400";"4,9878";"4,7723"
"149,6500";"4,9882";"4,7736"
"149,6600";"4,9887";"4,7749"
"149,6700";"4,9890";"4,7749"
"149,6800";"4,9894";"4,7735"
"149,6900";"4,9897";"4,7727"
"149,7000";"4,9900";"4,7724"
"149,7100";"4,9903";"4,7723"
"149,7200";"4,9907";"4,7713"
"149,7300";"4,9909";"4,7717"
"149,7400";"4,9913";"4,7733"
"149,7500";"4,9916";"4,7739"
"149,7600";"4,9920";"4,7739"
"149,7700";"4,9923";"4,7752"
"149,7800";"4,9927";"4,7772"
"149,7900";"4,9930";"4,7780"
"149,8000";"4,9934";"4,7763"
"149,8100";"4,9937";"4,7742"
"149,8200";"4,9941";"4,7770"
"149,8300";"4,9945";"4,7801"
"149,8400";"4,9949";"4,7803"
"149,8500";"4,9953";"4,7780"
"149,8600";"4,9955";"4,7778"
"149,8700";"4,9959";"4,7781"
"149,8800";"4,9962";"4,7778"
"149,8900";"4,9966";"4,7771"
"149,9000";"4,9968";"4,7768"
"149,9100";"4,9972";"4,7777"
"149,9200";"4,9974";"4,7786"
"149,9300";"4,9978";"4,7801"
"149,9400";"4,9980";"4,7823"
"149,9500";"4,9984";"4,7842"
"149,9600";"4,9987";"4,7834"
"149,9700";"4,9991";"4,7814"
"149,9800";"4,9993";"4,7807"
"149,9900";"4,9997";"4,7823"
"150,0000";"5,0000";"4,7826"
"150,0100";"5,0004";"4,7817"
"150,0200";"5,0007";"4,7830"
"150,0300";"5,0011";"4,7844"
"150,0400";"5,0014";"4,7836"
"150,0500";"5,0018";"4,7828"
"150,0600";"5,0021";"4,7836"
"150,0700";"5,0024";"4,7834"
"150,0800";"5,0027";"4,7814"
"150,0900";"5,0030";"4,7799"
"150,1000";"5,0033";"4,7794"
"150,1100";"5,0035";"4,7814"
"150,1200";"5,0039";"4,7834"
"150,1300";"5,0041";"4,7845"
"150,1400";"5,0045";"4,7860"
"150,1500";"5,0048";"4,7858"
"150,1600";"5,0052";"4,7842"
"150,1700";"5,0056";"4,7838"
"150,1800";"5,0059";"4,7863"
"150,1900";"5,0063";"4,7885"
"150,2000";"5,0066";"4,7881"
"150,2100";"5,0070";"4,7867"
"150,2200";"5,0073";"4,7872"
"150,2300";"5,0076";"4,7904"
"150,2400";"5,0079";"4,7912"
"150,2500";"5,0082";"4,7886"
"150,2600";"5,0085";"4,7870"
"150,2700";"5,0089";"4,7874"
"150,2800";"5,0091";"4,7894"
"150,2900";"5,0094";"4,7882"
"150,3000";"5,0099";"4,7871"
"150,3100";"5,0103";"4,7880"
"150,3200";"5,0106";"4,7886"
"150,3300";"5,0110";"4,7887"
"150,3400";"5,0113";"4,7904"
"150,3500";"5,0117";"4,7940"
"150,3600";"5,0120";"4,7955"
"150,3700";"5,0124";"4,7935"
"150,3800";"5,0128";"4,7925"
"150,3900";"5,0131";"4,7927"
"150,4000";"5,0135";"4,7928"
"150,4100";"5,0137";"4,7913"
"150,4200";"5,0141";"4,7899"
"150,4300";"5,0144";"4,7898"
"150,4400";"5,0148";"4,7910"
"150,4500";"5,0151";"4,7933"
"150,4600";"5,0155";"4,7955"
"150,4700";"5,0158";"4,7963"
"150,4800";"5,0162";"4,7956"
"150,4900";"5,0164";"4,7933"
"150,5000";"5,0169";"4,7942"
"150,5100";"5,0171";"4,7964"
"150,5200";"5,0175";"4,7967"
"150,5300";"5,0178";"4,7939"
"150,5400";"5,0182";"4,7921"
"150,5500";"5,0184";"4,7932"
"150,5600";"5,0188";"4,7952"
"150,5700";"5,0190";"4,7959"
"150,5800";"5,0192";"4,7955"
"150,5900";"5,0196";"4,7945"
"150,6000";"5,0198";"4,7936"
"150,6100";"5,0202";"4,7933"
"150,6200";"5,0205";"4,7954"
"150,6300";"5,0208";"4,7971"
"150,6400";"5,0211";"4,7981"
"150,6500";"5,0215";"4,7982"
"150,6600";"5,0218";"4,7984"
"150,6700";"5,0222";"4,7988"
"150,6800";"5,0226";"4,7998"
"150,6900";"5,0229";"4,7984"
"150,7000";"5,0233";"4,7954"
"150,7100";"5,0235";"4,7943"
"150,7200";"5,0239";"4,7968"
"150,7300";"5,0242";"4,7989"
"150,7400";"5,0246";"4,8004"
"150,7500";"5,0248";"4,8013"
"150,7600";"5,0252";"4,8035"
"150,7700";"5,0254";"4,8035"
"150,7800";"5,0257";"4,8004"
"150,7900";"5,0261";"4,8001"
"150,8000";"5,0265";"4,8024"
"150,8100";"5,0267";"4,8041"
"150,8200";"5,0270";"4,8043"
"150,8300";"5,0274";"4,8041"
"150,8400";"5,0277";"4,8047"
"150,8500";"5,0281";"4,8056"
"150,8600";"5,0286";"4,8060"
"150,8700";"5,0289";"4,8048"
"150,8800";"5,0293";"4,8050"
"150,8900";"5,0296";"4,8062"
"150,9000";"5,0299";"4,8061"
"150,9100";"5,0302";"4,8061"
"150,9200";"5,0305";"4,8068"
"150,9300";"5,0308";"4,8075"
"150,9400";"5,0311";"4,8076"
"150,9500";"5,0314";"4,8072"
"150,9600";"5,0318";"4,8065"
"150,9700";"5,0321";"4,8056"
"150,9800";"5,0325";"4,8050"
"150,9900";"5,0328";"4,8052"
"151,0000";"5,0332";"4,8062"
"151,0100";"5,0335";"4,8065"
"151,0200";"5,0339";"4,8072"
"151,0300";"5,0342";"4,8087"
"151,0400";"5,0346";"4,8114"
"151,0500";"5,0350";"4,8104"
"151,0600";"5,0353";"4,8083"
"151,0700";"5,0355";"4,8088"
"151,0800";"5,0359";"4,8111"
"151,0900";"5,0361";"4,8107"
"151,1000";"5,0365";"4,8090"
"151,1100";"5,0368";"4,8085"
"151,1200";"5,0372";"4,8124"
"151,1300";"5,0375";"4,8141"
"151,1400";"5,0379";"4,8114"
"151,1500";"5,0383";"4,8094"
"151,1600";"5,0386";"4,8106"
"151,1700";"5,0390";"4,8127"
"151,1800";"5,0393";"4,8123"
"151,1900";"5,0396";"4,8101"
"151,2000";"5,0399";"4,8103"
"151,2100";"5,0403";"4,8133"
"151,2200";"5,0406";"4,8158"
"151,2300";"5,0410";"4,8173"
"151,2400";"5,0412";"4,8182"
"151,2500";"5,0416";"4,8178"
"151,2600";"5,0418";"4,8162"
"151,2700";"5,0420";"4,8136"
"151,2800";"5,0424";"4,8128"
"151,2900";"5,0427";"4,8143"
"151,3000";"5,0431";"4,8146"
"151,3100";"5,0435";"4,8146"
"151,3200";"5,0438";"4,8153"
"151,3300";"5,0442";"4,8173"
"151,3400";"5,0445";"4,8181"
"151,3500";"5,0449";"4,8171"
"151,3600";"5,0452";"4,8159"
"151,3700";"5,0456";"4,8157"
"151,3800";"5,0459";"4,8165"
"151,3900";"5,0463";"4,8155"
"151,4000";"5,0466";"4,8143"
"151,4100";"5,0469";"4,8155"
"151,4200";"5,0472";"4,8174"
"151,4300";"5,0475";"4,8186"
"151,4400";"5,0478";"4,8199"
"151,4500";"5,0481";"4,8217"
"151,4600";"5,0484";"4,8228"
"151,4700";"5,0488";"4,8233"
"151,4800";"5,0491";"4,8217"
"151,4900";"5,0495";"4,8201"
"151,5000";"5,0498";"4,8187"
"151,5100";"5,0502";"4,8179"
"151,5200";"5,0505";"4,8176"
"151,5300";"5,0509";"4,8183"
"151,5400";"5,0512";"4,8191"
"151,5500";"5,0516";"4,8207"
"151,5600";"5,0521";"4,8219"
"151,5700";"5,0523";"4,8224"
"151,5800";"5,0525";"4,8219"
"151,5900";"5,0529";"4,8215"
"151,6000";"5,0532";"4,8227"
"151,6100";"5,0535";"4,8251"
"151,6200";"5,0538";"4,8250"
"151,6300";"5,0542";"4,8226"
"151,6400";"5,0545";"4,8213"
"151,6500";"5,0549";"4,8247"
"151,6600";"5,0553";"4,8296"
"151,6700";"5,0556";"4,8292"
"151,6800";"5,0561";"4,8256"
"151,6900";"5,0564";"4,8248"
"151,7000";"5,0568";"4,8265"
"151,7100";"5,0571";"4,8281"
"151,7200";"5,0574";"4,8262"
"151,7300";"5,0577";"4,8250"
"151,7400";"5,0580";"4,8263"
"151,7500";"5,0583";"4,8277"
"151,7600";"5,0587";"4,8290"
"151,7700";"5,0590";"4,8297"
"151,7800";"5,0594";"4,8296"
"151,7900";"5,0597";"4,8288"
"151,8000";"5,0601";"4,8277"
"151,8100";"5,0605";"4,8289"
"151,8200";"5,0608";"4,8306"
"151,8300";"5,0612";"4,8296"
"151,8400";"5,0615";"4,8281"
"151,8500";"5,0619";"4,8305"
"151,8600";"5,0622";"4,8327"
"151,8700";"5,0626";"4,8328"
"151,8800";"5,0628";"4,8316"
"151,8900";"5,0632";"4,8316"
"151,9000";"5,0635";"4,8336"
"151,9100";"5,0638";"4,8340"
"151,9200";"5,0640";"4,8330"
"151,9300";"5,0643";"4,8317"
"151,9400";"5,0646";"4,8312"
"151,9500";"5,0648";"4,8319"
"151,9600";"5,0652";"4,8329"
"151,9700";"5,0655";"4,8338"
"151,9800";"5,0659";"4,8344"
"151,9900";"5,0662";"4,8348"
"152,0000";"5,0665";"4,8335"
"152,0100";"5,0669";"4,8320"
"152,0200";"5,0672";"4,8303"
"152,0300";"5,0677";"4,8302"
"152,0400";"5,0680";"4,8310"
"152,0500";"5,0684";"4,8345"
"152,0600";"5,0687";"4,8371"
"152,0700";"5,0691";"4,8371"
"152,0800";"5,0694";"4,8352"
"152,0900";"5,0697";"4,8360"
"152,1000";"5,0700";"4,8387"
"152,1100";"5,0702";"4,8394"
"152,1200";"5,0706";"4,8375"
"152,1300";"5,0708";"4,8364"
"152,1400";"5,0712";"4,8387"
"152,1500";"5,0715";"4,8410"
"152,1600";"5,0719";"4,8402"
"152,1700";"5,0723";"4,8373"
"152,1800";"5,0726";"4,8372"
"152,1900";"5,0730";"4,8383"
"152,2000";"5,0733";"4,8376"
"152,2100";"5,0737";"4,8360"
"152,2200";"5,0741";"4,8372"
"152,2300";"5,0745";"4,8403"
"152,2400";"5,0747";"4,8418"
"152,2500";"5,0750";"4,8408"
"152,2600";"5,0753";"4,8391"
"152,2700";"5,0756";"4,8383"
"152,2800";"5,0759";"4,8380"
"152,2900";"5,0763";"4,8385"
"152,3000";"5,0766";"4,8411"
"152,3100";"5,0770";"4,8428"
"152,3200";"5,0773";"4,8425"
"152,3300";"5,0777";"4,8417"
"152,3400";"5,0780";"4,8403"
"152,3500";"5,0784";"4,8404"
"152,3600";"5,0787";"4,8405"
"152,3700";"5,0791";"4,8398"
"152,3800";"5,0795";"4,8411"
"152,3900";"5,0797";"4,8442"
"152,4000";"5,0800";"4,8455"
"152,4100";"5,0803";"4,8459"
"152,4200";"5,0806";"4,8466"
"152,4300";"5,0810";"4,8461"
"152,4400";"5,0813";"4,8437"
"152,4500";"5,0816";"4,8432"
"152,4600";"5,0819";"4,8470"
"152,4700";"5,0823";"4,8490"
"152,4800";"5,0826";"4,8485"
"152,4900";"5,0830";"4,8468"
"152,5000";"5,0834";"4,8459"
"152,5100";"5,0837";"4,8475"
"152,5200";"5,0841";"4,8477"
"152,5300";"5,0844";"4,8465"
"152,5400";"5,0848";"4,8469"
"152,5500";"5,0851";"4,8481"
"152,5600";"5,0855";"4,8495"
"152,5700";"5,0858";"4,8499"
"152,5800";"5,0861";"4,8508"
"152,5900";"5,0864";"4,8515"
"152,6000";"5,0867";"4,8497"
"152,6100";"5,0869";"4,8473"
"152,6200";"5,0872";"4,8462"
"152,6300";"5,0876";"4,8470"
"152,6400";"5,0878";"4,8489"
"152,6500";"5,0882";"4,8494"
"152,6600";"5,0884";"4,8511"
"152,6700";"5,0888";"4,8539"
"152,6800";"5,0891";"4,8562"
"152,6900";"5,0895";"4,8550"
"152,7000";"5,0898";"4,8531"
"152,7100";"5,0902";"4,8517"
"152,7200";"5,0906";"4,8515"
"152,7300";"5,0909";"4,8527"
"152,7400";"5,0913";"4,8539"
"152,7500";"5,0916";"4,8545"
"152,7600";"5,0919";"4,8537"
"152,7700";"5,0921";"4,8535"
"152,7800";"5,0924";"4,8540"
"152,7900";"5,0927";"4,8541"
"152,8000";"5,0930";"4,8529"
"152,8100";"5,0934";"4,8522"
"152,8200";"5,0937";"4,8537"
"152,8300";"5,0941";"4,8559"
"152,8400";"5,0945";"4,8584"
"152,8500";"5,0948";"4,8583"
"152,8600";"5,0952";"4,8573"
"152,8700";"5,0955";"4,8554"
"152,8800";"5,0959";"4,8536"
"152,8900";"5,0962";"4,8518"
"152,9000";"5,0966";"4,8531"
"152,9100";"5,0969";"4,8565"
"152,9200";"5,0973";"4,8585"
"152,9300";"5,0976";"4,8575"
"152,9400";"5,0979";"4,8571"
"152,9500";"5,0981";"4,8577"
"152,9600";"5,0985";"4,8582"
"152,9700";"5,0987";"4,8577"
"152,9800";"5,0991";"4,8575"
"152,9900";"5,0994";"4,8576"
"153,0000";"5,0998";"4,8592"
"153,0100";"5,1001";"4,8602"
"153,0200";"5,1005";"4,8610"
"153,0300";"5,1008";"4,8623"
"153,0400";"5,1013";"4,8616"
"153,0500";"5,1017";"4,8596"
"153,0600";"5,1020";"4,8587"
"153,0700";"5,1024";"4,8605"
"153,0800";"5,1026";"4,8630"
"153,0900";"5,1030";"4,8640"
"153,1000";"5,1033";"4,8622"
"153,1100";"5,1037";"4,8621"
"153,1200";"5,1039";"4,8638"
"153,1300";"5,1042";"4,8633"
"153,1400";"5,1046";"4,8617"
"153,1500";"5,1050";"4,8619"
"153,1600";"5,1053";"4,8648"
"153,1700";"5,1057";"4,8673"
"153,1800";"5,1060";"4,8678"
"153,1900";"5,1064";"4,8668"
"153,2000";"5,1067";"4,8662"
"153,2100";"5,1071";"4,8667"
"153,2200";"5,1074";"4,8663"
"153,2300";"5,1077";"4,8658"
"153,2400";"5,1080";"4,8661"
"153,2500";"5,1084";"4,8678"
"153,2600";"5,1086";"4,8691"
"153,2700";"5,1090";"4,8701"
"153,2800";"5,1092";"4,8701"
"153,2900";"5,1096";"4,8688"
"153,3000";"5,1098";"4,8668"
"153,3100";"5,1102";"4,8653"
"153,3200";"5,1105";"4,8662"
"153,3300";"5,1109";"4,8679"
"153,3400";"5,1112";"4,8681"
"153,3500";"5,1116";"4,8679"
"153,3600";"5,1119";"4,8676"
"153,3700";"5,1123";"4,8678"
"153,3800";"5,1126";"4,8673"
"153,3900";"5,1130";"4,8681"
"153,4000";"5,1133";"4,8695"
"153,4100";"5,1137";"4,8697"
"153,4200";"5,1140";"4,8708"
"153,4300";"5,1144";"4,8726"
"153,4400";"5,1146";"4,8753"
"153,4500";"5,1150";"4,8753"
"153,4600";"5,1153";"4,8727"
"153,4700";"5,1156";"4,8700"
"153,4800";"5,1159";"4,8700"
"153,4900";"5,1163";"4,8713"
"153,5000";"5,1166";"4,8718"
"153,5100";"5,1170";"4,8717"
"153,5200";"5,1174";"4,8741"
"153,5300";"5,1177";"4,8762"
"153,5400";"5,1181";"4,8764"
"153,5500";"5,1184";"4,8740"
"153,5600";"5,1188";"4,8723"
"153,5700";"5,1191";"4,8721"
"153,5800";"5,1195";"4,8723"
"153,5900";"5,1198";"4,8731"
"153,6000";"5,1201";"4,8751"
"153,6100";"5,1203";"4,8782"
"153,6200";"5,1207";"4,8800"
"153,6300";"5,1210";"4,8780"
"153,6400";"5,1212";"4,8744"
"153,6500";"5,1216";"4,8724"
"153,6600";"5,1220";"4,8733"
"153,6700";"5,1223";"4,8755"
"153,6800";"5,1227";"4,8770"
"153,6900";"5,1231";"4,8773"
"153,7000";"5,1235";"4,8791"
"153,7100";"5,1238";"4,8803"
"153,7200";"5,1242";"4,8802"
"153,7300";"5,1246";"4,8794"
"153,7400";"5,1248";"4,8778"
"153,7500";"5,1251";"4,8783"
"153,7600";"5,1254";"4,8794"
"153,7700";"5,1257";"4,8802"
"153,7800";"5,1260";"4,8806"
"153,7900";"5,1263";"4,8802"
"153,8000";"5,1267";"4,8790"
"153,8100";"5,1270";"4,8789"
"153,8200";"5,1273";"4,8788"
"153,8300";"5,1276";"4,8797"
"153,8400";"5,1280";"4,8814"
"153,8500";"5,1283";"4,8829"
"153,8600";"5,1288";"4,8838"
"153,8700";"5,1292";"4,8845"
"153,8800";"5,1295";"4,8862"
"153,8900";"5,1299";"4,8879"
"153,9000";"5,1301";"4,8872"
"153,9100";"5,1305";"4,8834"
"153,9200";"5,1308";"4,8817"
"153,9300";"5,1312";"4,8836"
"153,9400";"5,1314";"4,8864"
"153,9500";"5,1316";"4,8870"
"153,9600";"5,1320";"4,8854"
"153,9700";"5,1322";"4,8828"
"153,9800";"5,1326";"4,8839"
"153,9900";"5,1329";"4,8860"
"154,0000";"5,1333";"4,8871"
"154,0100";"5,1335";"4,8888"
"154,0200";"5,1339";"4,8888"
"154,0300";"5,1342";"4,8872"
"154,0400";"5,1346";"4,8861"
"154,0500";"5,1349";"4,8874"
"154,0600";"5,1353";"4,8880"
"154,0700";"5,1357";"4,8868"
"154,0800";"5,1360";"4,8862"
"154,0900";"5,1364";"4,8873"
"154,1000";"5,1366";"4,8903"
"154,1100";"5,1370";"4,8916"
"154,1200";"5,1372";"4,8909"
"154,1300";"5,1374";"4,8898"
"154,1400";"5,1378";"4,8884"
"154,1500";"5,1381";"4,8873"
"154,1600";"5,1385";"4,8889"
"154,1700";"5,1387";"4,8915"
"154,1800";"5,1391";"4,8923"
"154,1900";"5,1395";"4,8906"
"154,2000";"5,1399";"4,8885"
"154,2100";"5,1403";"4,8895"
"154,2200";"5,1406";"4,8922"
"154,2300";"5,1410";"4,8942"
"154,2400";"5,1413";"4,8933"
"154,2500";"5,1417";"4,8910"
"154,2600";"5,1420";"4,8896"
"154,2700";"5,1424";"4,8903"
"154,2800";"5,1426";"4,8921"
"154,2900";"5,1430";"4,8945"
"154,3000";"5,1432";"4,8956"
"154,3100";"5,1436";"4,8939"
"154,3200";"5,1438";"4,8920"
"154,3300";"5,1442";"4,8930"
"154,3400";"5,1445";"4,8950"
"154,3500";"5,1449";"4,8958"
"154,3600";"5,1453";"4,8942"
"154,3700";"5,1457";"4,8933"
"154,3800";"5,1460";"4,8952"
"154,3900";"5,1464";"4,8964"
"154,4000";"5,1467";"4,8950"
"154,4100";"5,1471";"4,8938"
"154,4200";"5,1475";"4,8950"
"154,4300";"5,1477";"4,8971"
"154,4400";"5,1480";"4,8981"
"154,4500";"5,1484";"4,9001"
"154,4600";"5,1486";"4,9021"
"154,4700";"5,1490";"4,9015"
"154,4800";"5,1493";"4,8971"
"154,4900";"5,1496";"4,8942"
"154,5000";"5,1499";"4,8958"
"154,5100";"5,1503";"4,8987"
"154,5200";"5,1508";"4,8995"
"154,5300";"5,1511";"4,9004"
"154,5400";"5,1515";"4,9015"
"154,5500";"5,1518";"4,9031"
"154,5600";"5,1521";"4,9031"
"154,5700";"5,1524";"4,9013"
"154,5800";"5,1528";"4,8995"
"154,5900";"5,1530";"4,8984"
"154,6000";"5,1534";"4,8977"
"154,6100";"5,1537";"4,8992"
"154,6200";"5,1540";"4,9017"
"154,6300";"5,1542";"4,9030"
"154,6400";"5,1544";"4,9029"
"154,6500";"5,1548";"4,9016"
"154,6600";"5,1550";"4,9008"
"154,6700";"5,1554";"4,9016"
"154,6800";"5,1557";"4,9033"
"154,6900";"5,1561";"4,9036"
"154,7000";"5,1564";"4,9039"
"154,7100";"5,1568";"4,9034"
"154,7200";"5,1571";"4,9023"
"154,7300";"5,1575";"4,9018"
"154,7400";"5,1578";"4,9022"
"154,7500";"5,1582";"4,9023"
"154,7600";"5,1586";"4,9023"
"154,7700";"5,1589";"4,9022"
"154,7800";"5,1591";"4,9040"
"154,7900";"5,1595";"4,9069"
"154,8000";"5,1597";"4,9093"
"154,8100";"5,1600";"4,9086"
"154,8200";"5,1603";"4,9076"
"154,8300";"5,1607";"4,9048"
"154,8400";"5,1610";"4,9016"
"154,8500";"5,1614";"4,9018"
"154,8600";"5,1616";"4,9054"
"154,8700";"5,1621";"4,9094"
"154,8800";"5,1625";"4,9110"
"154,8900";"5,1628";"4,9093"
"154,9000";"5,1632";"4,9093"
"154,9100";"5,1635";"4,9117"
"154,9200";"5,1639";"4,9124"
"154,9300";"5,1642";"4,9094"
"154,9400";"5,1646";"4,9064"
"154,9500";"5,1649";"4,9061"
"154,9600";"5,1653";"4,9076"
"154,9700";"5,1655";"4,9107"
"154,9800";"5,1658";"4,9135"
"154,9900";"5,1661";"4,9130"
"155,0000";"5,1663";"4,9114"
"155,0100";"5,1667";"4,9089"
"155,0200";"5,1671";"4,9073"
"155,0300";"5,1674";"4,9094"
"155,0400";"5,1678";"4,9132"
"155,0500";"5,1681";"4,9134"
"155,0600";"5,1685";"4,9120"
"155,0700";"5,1689";"4,9123"
"155,0800";"5,1693";"4,9136"
"155,0900";"5,1697";"4,9142"
"155,1000";"5,1700";"4,9137"
"155,1100";"5,1702";"4,9130"
"155,1200";"5,1706";"4,9126"
"155,1300";"5,1708";"4,9143"
"155,1400";"5,1712";"4,9188"
"155,1500";"5,1715";"4,9215"
"155,1600";"5,1719";"4,9186"
"155,1700";"5,1722";"4,9139"
"155,1800";"5,1726";"4,9127"
"155,1900";"5,1728";"4,9156"
"155,2000";"5,1732";"4,9191"
"155,2100";"5,1735";"4,9200"
"155,2200";"5,1739";"4,9180"
"155,2300";"5,1743";"4,9174"
"155,2400";"5,1746";"4,9183"
"155,2500";"5,1751";"4,9191"
"155,2600";"5,1753";"4,9185"
"155,2700";"5,1757";"4,9180"
"155,2800";"5,1760";"4,9166"
"155,2900";"5,1764";"4,9152"
"155,3000";"5,1767";"4,9153"
"155,3100";"5,1770";"4,9191"
"155,3200";"5,1773";"4,9223"
"155,3300";"5,1777";"4,9214"
"155,3400";"5,1779";"4,9197"
"155,3500";"5,1783";"4,9199"
"155,3600";"5,1786";"4,9219"
"155,3700";"5,1790";"4,9230"
"155,3800";"5,1793";"4,9217"
"155,3900";"5,1797";"4,9197"
"155,4000";"5,1800";"4,9198"
"155,4100";"5,1804";"4,9211"
"155,4200";"5,1807";"4,9228"
"155,4300";"5,1811";"4,9235"
"155,4400";"5,1815";"4,9237"
"155,4500";"5,1818";"4,9221"
"155,4600";"5,1820";"4,9199"
"155,4700";"5,1824";"4,9215"
"155,4800";"5,1826";"4,9269"
"155,4900";"5,1829";"4,9303"
"155,5000";"5,1832";"4,9282"
"155,5100";"5,1836";"4,9245"
"155,5200";"5,1839";"4,9221"
"155,5300";"5,1843";"4,9231"
"155,5400";"5,1846";"4,9256"
"155,5500";"5,1850";"4,9263"
"155,5600";"5,1854";"4,9261"
"155,5700";"5,1857";"4,9262"
"155,5800";"5,1861";"4,9282"
"155,5900";"5,1864";"4,9311"
"155,6000";"5,1869";"4,9312"
"155,6100";"5,1872";"4,9277"
"155,6200";"5,1876";"4,9240"
"155,6300";"5,1878";"4,9238"
"155,6400";"5,1881";"4,9272"
"155,6500";"5,1884";"4,9318"
"155,6600";"5,1887";"4,9342"
"155,6700";"5,1890";"4,9341"
"155,6800";"5,1894";"4,9318"
"155,6900";"5,1896";"4,9293"
"155,7000";"5,1900";"4,9281"
"155,7100";"5,1903";"4,9287"
"155,7200";"5,1907";"4,9300"
"155,7300";"5,1911";"4,9302"
"155,7400";"5,1915";"4,9292"
"155,7500";"5,1918";"4,9298"
"155,7600";"5,1922";"4,9325"
"155,7700";"5,1926";"4,9343"
"155,7800";"5,1928";"4,9337"
"155,7900";"5,1931";"4,9313"
"155,8000";"5,1934";"4,9309"
"155,8100";"5,1937";"4,9326"
"155,8200";"5,1940";"4,9352"
"155,8300";"5,1943";"4,9365"
"155,8400";"5,1947";"4,9359"
"155,8500";"5,1950";"4,9357"
"155,8600";"5,1954";"4,9348"
"155,8700";"5,1957";"4,9328"
"155,8800";"5,1961";"4,9325"
"155,8900";"5,1965";"4,9321"
"155,9000";"5,1968";"4,9323"
"155,9100";"5,1973";"4,9333"
"155,9200";"5,1975";"4,9365"
"155,9300";"5,1979";"4,9395"
"155,9400";"5,1982";"4,9398"
"155,9500";"5,1986";"4,9389"
"155,9600";"5,1988";"4,9390"
"155,9700";"5,1990";"4,9389"
"155,9800";"5,1994";"4,9379"
"155,9900";"5,1996";"4,9365"
"156,0000";"5,1999";"4,9367"
"156,0100";"5,2002";"4,9383"
"156,0200";"5,2006";"4,9391"
"156,0300";"5,2008";"4,9391"
"156,0400";"5,2012";"4,9382"
"156,0500";"5,2015";"4,9387"
"156,0600";"5,2019";"4,9405"
"156,0700";"5,2022";"4,9405"
"156,0800";"5,2026";"4,9387"
"156,0900";"5,2029";"4,9381"
"156,1000";"5,2033";"4,9387"
"156,1100";"5,2035";"4,9405"
"156,1200";"5,2039";"4,9419"
"156,1300";"5,2042";"4,9404"
"156,1400";"5,2045";"4,9384"
"156,1500";"5,2048";"4,9382"
"156,1600";"5,2051";"4,9409"
"156,1700";"5,2053";"4,9429"
"156,1800";"5,2057";"4,9427"
"156,1900";"5,2060";"4,9431"
"156,2000";"5,2064";"4,9449"
"156,2100";"5,2067";"4,9460"
"156,2200";"5,2071";"4,9450"
"156,2300";"5,2074";"4,9429"
"156,2400";"5,2078";"4,9427"
"156,2500";"5,2083";"4,9447"
"156,2600";"5,2086";"4,9453"
"156,2700";"5,2090";"4,9437"
"156,2800";"5,2093";"4,9428"
"156,2900";"5,2097";"4,9459"
"156,3000";"5,2100";"4,9477"
"156,3100";"5,2103";"4,9446"
"156,3200";"5,2105";"4,9410"
"156,3300";"5,2109";"4,9403"
"156,3400";"5,2111";"4,9436"
"156,3500";"5,2114";"4,9461"
"156,3600";"5,2118";"4,9452"
"156,3700";"5,2122";"4,9441"
"156,3800";"5,2125";"4,9448"
"156,3900";"5,2129";"4,9480"
"156,4000";"5,2132";"4,9494"
"156,4100";"5,2136";"4,9486"
"156,4200";"5,2139";"4,9479"
"156,4300";"5,2143";"4,9480"
"156,4400";"5,2146";"4,9488"
"156,4500";"5,2150";"4,9502"
"156,4600";"5,2153";"4,9515"
"156,4700";"5,2156";"4,9516"
"156,4800";"5,2159";"4,9518"
"156,4900";"5,2162";"4,9511"
"156,5000";"5,2164";"4,9495"
"156,5100";"5,2168";"4,9486"
"156,5200";"5,2171";"4,9492"
"156,5300";"5,2175";"4,9510"
"156,5400";"5,2178";"4,9512"
"156,5500";"5,2182";"4,9510"
"156,5600";"5,2185";"4,9529"
"156,5700";"5,2189";"4,9557"
"156,5800";"5,2192";"4,9560"
"156,5900";"5,2196";"4,9531"
"156,6000";"5,2199";"4,9505"
"156,6100";"5,2203";"4,9513"
"156,6200";"5,2207";"4,9535"
"156,6300";"5,2210";"4,9544"
"156,6400";"5,2214";"4,9540"
"156,6500";"5,2217";"4,9543"
"156,6600";"5,2220";"4,9546"
"156,6700";"5,2223";"4,9552"
"156,6800";"5,2225";"4,9549"
"156,6900";"5,2229";"4,9538"
"156,7000";"5,2232";"4,9532"
"156,7100";"5,2236";"4,9521"
"156,7200";"5,2238";"4,9516"
"156,7300";"5,2242";"4,9542"
"156,7400";"5,2245";"4,9590"
"156,7500";"5,2249";"4,9616"
"156,7600";"5,2253";"4,9619"
"156,7700";"5,2256";"4,9605"
"156,7800";"5,2260";"4,9606"
"156,7900";"5,2263";"4,9605"
"156,8000";"5,2267";"4,9591"
"156,8100";"5,2269";"4,9578"
"156,8200";"5,2273";"4,9578"
"156,8300";"5,2275";"4,9588"
"156,8400";"5,2279";"4,9598"
"156,8500";"5,2281";"4,9602"
"156,8600";"5,2284";"4,9594"
"156,8700";"5,2287";"4,9594"
"156,8800";"5,2290";"4,9595"
"156,8900";"5,2294";"4,9596"
"156,9000";"5,2297";"4,9610"
"156,9100";"5,2301";"4,9621"
"156,9200";"5,2305";"4,9626"
"156,9300";"5,2308";"4,9632"
"156,9400";"5,2312";"4,9646"
"156,9500";"5,2315";"4,9652"
"156,9600";"5,2319";"4,9653"
"156,9700";"5,2322";"4,9649"
"156,9800";"5,2326";"4,9645"
"156,9900";"5,2329";"4,9634"
"157,0000";"5,2332";"4,9627"
"157,0100";"5,2334";"4,9643"
"157,0200";"5,2338";"4,9668"
"157,0300";"5,2341";"4,9693"
"157,0400";"5,2343";"4,9685"
"157,0500";"5,2347";"4,9656"
"157,0600";"5,2352";"4,9645"
"157,0700";"5,2355";"4,9634"
"157,0800";"5,2359";"4,9634"
"157,0900";"5,2362";"4,9631"
"157,1000";"5,2367";"4,9637"
"157,1100";"5,2371";"4,9646"
"157,1200";"5,2374";"4,9658"
"157,1300";"5,2378";"4,9676"
"157,1400";"5,2381";"4,9691"
"157,1500";"5,2384";"4,9681"
"157,1600";"5,2387";"4,9663"
"157,1700";"5,2391";"4,9664"
"157,1800";"5,2393";"4,9691"
"157,1900";"5,2397";"4,9708"
"157,2000";"5,2400";"4,9705"
"157,2100";"5,2404";"4,9691"
"157,2200";"5,2407";"4,9688"
"157,2300";"5,2411";"4,9701"
"157,2400";"5,2414";"4,9695"
"157,2500";"5,2418";"4,9675"
"157,2600";"5,2421";"4,9679"
"157,2700";"5,2425";"4,9715"
"157,2800";"5,2428";"4,9738"
"157,2900";"5,2431";"4,9717"
"157,3000";"5,2434";"4,9701"
"157,3100";"5,2438";"4,9712"
"157,3200";"5,2441";"4,9734"
"157,3300";"5,2444";"4,9723"
"157,3400";"5,2447";"4,9697"
"157,3500";"5,2450";"4,9708"
"157,3600";"5,2453";"4,9745"
"157,3700";"5,2456";"4,9778"
"157,3800";"5,2459";"4,9770"
"157,3900";"5,2463";"4,9742"
"157,4000";"5,2466";"4,9731"
"157,4100";"5,2470";"4,9752"
"157,4200";"5,2473";"4,9771"
"157,4300";"5,2476";"4,9756"
"157,4400";"5,2479";"4,9747"
"157,4500";"5,2483";"4,9751"
"157,4600";"5,2486";"4,9771"
"157,4700";"5,2490";"4,9786"
"157,4800";"5,2493";"4,9777"
"157,4900";"5,2497";"4,9753"
"157,5000";"5,2499";"4,9754"
"157,5100";"5,2503";"4,9763"
"157,5200";"5,2506";"4,9777"
"157,5300";"5,2509";"4,9788"
"157,5400";"5,2512";"4,9807"
"157,5500";"5,2516";"4,9822"
"157,5600";"5,2519";"4,9821"
"157,5700";"5,2522";"4,9790"
"157,5800";"5,2525";"4,9763"
"157,5900";"5,2529";"4,9782"
"157,6000";"5,2532";"4,9818"
"157,6100";"5,2537";"4,9822"
"157,6200";"5,2539";"4,9804"
"157,6300";"5,2544";"4,9805"
"157,6400";"5,2548";"4,9823"
"157,6500";"5,2550";"4,9827"
"157,6600";"5,2554";"4,9799"
"157,6700";"5,2556";"4,9769"
"157,6800";"5,2560";"4,9762"
"157,6900";"5,2562";"4,9774"
"157,7000";"5,2565";"4,9802"
"157,7100";"5,2569";"4,9828"
"157,7200";"5,2572";"4,9834"
"157,7300";"5,2576";"4,9822"
"157,7400";"5,2580";"4,9805"
"157,7500";"5,2583";"4,9807"
"157,7600";"5,2588";"4,9826"
"157,7700";"5,2591";"4,9843"
"157,7800";"5,2595";"4,9837"
"157,7900";"5,2598";"4,9829"
"157,8000";"5,2602";"4,9841"
"157,8100";"5,2604";"4,9853"
"157,8200";"5,2608";"4,9849"
"157,8300";"5,2610";"4,9846"
"157,8400";"5,2613";"4,9847"
"157,8500";"5,2616";"4,9849"
"157,8600";"5,2620";"4,9859"
"157,8700";"5,2623";"4,9870"
"157,8800";"5,2627";"4,9871"
"157,8900";"5,2630";"4,9861"
"157,9000";"5,2634";"4,9866"
"157,9100";"5,2637";"4,9879"
"157,9200";"5,2641";"4,9887"
"157,9300";"5,2646";"4,9885"
"157,9400";"5,2649";"4,9875"
"157,9500";"5,2653";"4,9872"
"157,9600";"5,2656";"4,9896"
"157,9700";"5,2660";"4,9933"
"157,9800";"5,2662";"4,9949"
"157,9900";"5,2666";"4,9949"
"158,0000";"5,2668";"4,9942"
"158,0100";"5,2670";"4,9933"
"158,0200";"5,2674";"4,9916"
"158,0300";"5,2676";"4,9906"
"158,0400";"5,2679";"4,9904"
"158,0500";"5,2682";"4,9893"
"158,0600";"5,2686";"4,9893"
"158,0700";"5,2688";"4,9905"
"158,0800";"5,2692";"4,9926"
"158,0900";"5,2695";"4,9948"
"158,1000";"5,2699";"4,9952"
"158,1100";"5,2702";"4,9939"
"158,1200";"5,2706";"4,9931"
"158,1300";"5,2708";"4,9941"
"158,1400";"5,2712";"4,9956"
"158,1500";"5,2715";"4,9965"
"158,1600";"5,2719";"4,9960"
"158,1700";"5,2721";"4,9951"
"158,1800";"5,2725";"4,9942"
"158,1900";"5,2727";"4,9948"
"158,2000";"5,2731";"4,9975"
"158,2100";"5,2733";"4,9986"
"158,2200";"5,2737";"4,9965"
"158,2300";"5,2740";"4,9937"
"158,2400";"5,2744";"4,9940"
"158,2500";"5,2747";"4,9963"
"158,2600";"5,2751";"4,9984"
"158,2700";"5,2755";"4,9989"
"158,2800";"5,2759";"4,9988"
"158,2900";"5,2763";"4,9991"
"158,3000";"5,2766";"4,9999"
"158,3100";"5,2770";"4,9995"
"158,3200";"5,2772";"5,0001"
"158,3300";"5,2776";"5,0013"
"158,3400";"5,2779";"5,0027"
"158,3500";"5,2781";"5,0014"
"158,3600";"5,2784";"5,0006"
"158,3700";"5,2787";"5,0012"
"158,3800";"5,2790";"5,0011"
"158,3900";"5,2793";"5,0026"
"158,4000";"5,2797";"5,0034"
"158,4100";"5,2800";"5,0030"
"158,4200";"5,2805";"5,0021"
"158,4300";"5,2809";"5,0019"
"158,4400";"5,2812";"5,0024"
"158,4500";"5,2816";"5,0043"
"158,4600";"5,2819";"5,0051"
"158,4700";"5,2823";"5,0047"
"158,4800";"5,2827";"5,0044"
"158,4900";"5,2830";"5,0037"
"158,5000";"5,2833";"5,0012"
"158,5100";"5,2836";"5,0005"
"158,5200";"5,2839";"5,0036"
"158,5300";"5,2842";"5,0084"
"158,5400";"5,2845";"5,0089"
"158,5500";"5,2849";"5,0049"
"158,5600";"5,2851";"5,0016"
"158,5700";"5,2855";"5,0045"
"158,5800";"5,2858";"5,0107"
"158,5900";"5,2862";"5,0126"
"158,6000";"5,2865";"5,0084"
"158,6100";"5,2869";"5,0046"
"158,6200";"5,2874";"5,0044"
"158,6300";"5,2877";"5,0068"
"158,6400";"5,2881";"5,0072"
"158,6500";"5,2884";"5,0046"
"158,6600";"5,2888";"5,0035"
"158,6700";"5,2891";"5,0050"
"158,6800";"5,2894";"5,0085"
"158,6900";"5,2897";"5,0120"
"158,7000";"5,2899";"5,0127"
"158,7100";"5,2903";"5,0113"
"158,7200";"5,2905";"5,0104"
"158,7300";"5,2909";"5,0106"
"158,7400";"5,2912";"5,0116"
"158,7500";"5,2915";"5,0118"
"158,7600";"5,2918";"5,0106"
"158,7700";"5,2922";"5,0108"
"158,7800";"5,2925";"5,0121"
"158,7900";"5,2929";"5,0144"
"158,8000";"5,2933";"5,0149"
"158,8100";"5,2936";"5,0143"
"158,8200";"5,2938";"5,0126"
"158,8300";"5,2942";"5,0101"
"158,8400";"5,2946";"5,0083"
"158,8500";"5,2948";"5,0087"
"158,8600";"5,2951";"5,0109"
"158,8700";"5,2954";"5,0127"
"158,8800";"5,2957";"5,0142"
"158,8900";"5,2961";"5,0147"
"158,9000";"5,2964";"5,0154"
"158,9100";"5,2968";"5,0166"
"158,9200";"5,2972";"5,0177"
"158,9300";"5,2975";"5,0173"
"158,9400";"5,2979";"5,0150"
"158,9500";"5,2982";"5,0124"
"158,9600";"5,2986";"5,0133"
"158,9700";"5,2989";"5,0181"
"158,9800";"5,2993";"5,0214"
"158,9900";"5,2996";"5,0193"
"159,0000";"5,3000";"5,0161"
"159,0100";"5,3003";"5,0152"
"159,0200";"5,3006";"5,0177"
"159,0300";"5,3009";"5,0191"
"159,0400";"5,3012";"5,0176"
"159,0500";"5,3015";"5,0162"
"159,0600";"5,3019";"5,0195"
"159,0700";"5,3022";"5,0222"
"159,0800";"5,3026";"5,0227"
"159,0900";"5,3029";"5,0211"
"159,1000";"5,3033";"5,0203"
"159,1100";"5,3038";"5,0195"
"159,1200";"5,3041";"5,0190"
"159,1300";"5,3045";"5,0212"
"159,1400";"5,3048";"5,0247"
"159,1500";"5,3053";"5,0254"
"159,1600";"5,3055";"5,0245"
"159,1700";"5,3059";"5,0227"
"159,1800";"5,3061";"5,0209"
"159,1900";"5,3065";"5,0192"
"159,2000";"5,3067";"5,0175"
"159,2100";"5,3071";"5,0168"
"159,2200";"5,3074";"5,0174"
"159,2300";"5,3077";"5,0207"
"159,2400";"5,3080";"5,0244"
"159,2500";"5,3084";"5,0278"
"159,2600";"5,3087";"5,0291"
"159,2700";"5,3091";"5,0274"
"159,2800";"5,3094";"5,0248"
"159,2900";"5,3098";"5,0225"
"159,3000";"5,3101";"5,0230"
"159,3100";"5,3105";"5,0236"
"159,3200";"5,3108";"5,0231"
"159,3300";"5,3112";"5,0248"
"159,3400";"5,3114";"5,0276"
"159,3500";"5,3118";"5,0290"
"159,3600";"5,3120";"5,0276"
"159,3700";"5,3123";"5,0252"
"159,3800";"5,3126";"5,0245"
"159,3900";"5,3129";"5,0243"
"159,4000";"5,3132";"5,0238"
"159,4100";"5,3136";"5,0251"
"159,4200";"5,3139";"5,0296"
"159,4300";"5,3142";"5,0328"
"159,4400";"5,3146";"5,0331"
"159,4500";"5,3149";"5,0311"
"159,4600";"5,3152";"5,0299"
"159,4700";"5,3156";"5,0306"
"159,4800";"5,3159";"5,0307"
"159,4900";"5,3163";"5,0301"
"159,5000";"5,3167";"5,0294"
"159,5100";"5,3170";"5,0295"
"159,5200";"5,3173";"5,0296"
"159,5300";"5,3176";"5,0310"
"159,5400";"5,3179";"5,0339"
"159,5500";"5,3182";"5,0359"
"159,5600";"5,3185";"5,0344"
"159,5700";"5,3189";"5,0326"
"159,5800";"5,3191";"5,0334"
"159,5900";"5,3195";"5,0363"
"159,6000";"5,3198";"5,0369"
"159,6100";"5,3202";"5,0348"
"159,6200";"5,3205";"5,0333"
"159,6300";"5,3209";"5,0338"
"159,6400";"5,3212";"5,0340"
"159,6500";"5,3216";"5,0329"
"159,6600";"5,3219";"5,0328"
"159,6700";"5,3223";"5,0354"
"159,6800";"5,3227";"5,0375"
"159,6900";"5,3229";"5,0375"
"159,7000";"5,3231";"5,0370"
"159,7100";"5,3235";"5,0369"
"159,7200";"5,3238";"5,0360"
"159,7300";"5,3241";"5,0349"
"159,7400";"5,3244";"5,0339"
"159,7500";"5,3248";"5,0342"
"159,7600";"5,3251";"5,0370"
"159,7700";"5,3256";"5,0388"
"159,7800";"5,3260";"5,0395"
"159,7900";"5,3263";"5,0385"
"159,8000";"5,3267";"5,0374"
"159,8100";"5,3270";"5,0376"
"159,8200";"5,3275";"5,0414"
"159,8300";"5,3277";"5,0441"
"159,8400";"5,3281";"5,0426"
"159,8500";"5,3284";"5,0397"
"159,8600";"5,3287";"5,0399"
"159,8700";"5,3290";"5,0408"
"159,8800";"5,3294";"5,0405"
"159,8900";"5,3297";"5,0393"
"159,9000";"5,3300";"5,0389"
"159,9100";"5,3303";"5,0405"
"159,9200";"5,3307";"5,0415"
"159,9300";"5,3310";"5,0421"
"159,9400";"5,3314";"5,0423"
"159,9500";"5,3319";"5,0421"
"159,9600";"5,3322";"5,0413"
"159,9700";"5,3326";"5,0396"
"159,9800";"5,3328";"5,0388"
"159,9900";"5,3332";"5,0429"
"160,0000";"5,3335";"5,0469"
"160,0100";"5,3339";"5,0460"
"160,0200";"5,3342";"5,0433"
"160,0300";"5,3345";"5,0431"
"160,0400";"5,3347";"5,0461"
"160,0500";"5,3349";"5,0480"
"160,0600";"5,3353";"5,0475"
"160,0700";"5,3355";"5,0462"
"160,0800";"5,3359";"5,0472"
"160,0900";"5,3361";"5,0499"
"160,1000";"5,3365";"5,0505"
"160,1100";"5,3368";"5,0494"
"160,1200";"5,3372";"5,0503"
"160,1300";"5,3375";"5,0502"
"160,1400";"5,3379";"5,0479"
"160,1500";"5,3382";"5,0454"
"160,1600";"5,3386";"5,0448"
"160,1700";"5,3389";"5,0464"
"160,1800";"5,3393";"5,0482"
"160,1900";"5,3395";"5,0481"
"160,2000";"5,3399";"5,0464"
"160,2100";"5,3402";"5,0472"
"160,2200";"5,3405";"5,0512"
"160,2300";"5,3408";"5,0543"
"160,2400";"5,3411";"5,0534"
"160,2500";"5,3414";"5,0494"
"160,2600";"5,3418";"5,0485"
"160,2700";"5,3421";"5,0513"
"160,2800";"5,3425";"5,0534"
"160,2900";"5,3428";"5,0508"
"160,3000";"5,3432";"5,0484"
"160,3100";"5,3435";"5,0492"
"160,3200";"5,3439";"5,0521"
"160,3300";"5,3443";"5,0546"
"160,3400";"5,3445";"5,0536"
"160,3500";"5,3448";"5,0541"
"160,3600";"5,3451";"5,0567"
"160,3700";"5,3454";"5,0577"
"160,3800";"5,3457";"5,0565"
"160,3900";"5,3460";"5,0555"
"160,4000";"5,3464";"5,0548"
"160,4100";"5,3467";"5,0550"
"160,4200";"5,3471";"5,0544"
"160,4300";"5,3474";"5,0533"
"160,4400";"5,3479";"5,0542"
"160,4500";"5,3483";"5,0555"
"160,4600";"5,3486";"5,0542"
"160,4700";"5,3491";"5,0526"
"160,4800";"5,3495";"5,0520"
"160,4900";"5,3498";"5,0530"
"160,5000";"5,3502";"5,0557"
"160,5100";"5,3505";"5,0581"
"160,5200";"5,3507";"5,0577"
"160,5300";"5,3510";"5,0573"
"160,5400";"5,3513";"5,0580"
"160,5500";"5,3517";"5,0588"
"160,5600";"5,3519";"5,0589"
"160,5700";"5,3523";"5,0579"
"160,5800";"5,3526";"5,0566"
"160,5900";"5,3530";"5,0574"
"160,6000";"5,3532";"5,0603"
"160,6100";"5,3536";"5,0622"
"160,6200";"5,3539";"5,0627"
"160,6300";"5,3543";"5,0627"
"160,6400";"5,3546";"5,0629"
"160,6500";"5,3550";"5,0616"
"160,6600";"5,3554";"5,0593"
"160,6700";"5,3557";"5,0577"
"160,6800";"5,3561";"5,0598"
"160,6900";"5,3564";"5,0635"
"160,7000";"5,3567";"5,0643"
"160,7100";"5,3570";"5,0631"
"160,7200";"5,3572";"5,0627"
"160,7300";"5,3576";"5,0647"
"160,7400";"5,3578";"5,0658"
"160,7500";"5,3581";"5,0633"
"160,7600";"5,3584";"5,0616"
"160,7700";"5,3588";"5,0607"
"160,7800";"5,3591";"5,0611"
"160,7900";"5,3595";"5,0628"
"160,8000";"5,3597";"5,0638"
"160,8100";"5,3601";"5,0644"
"160,8200";"5,3604";"5,0640"
"160,8300";"5,3609";"5,0632"
"160,8400";"5,3611";"5,0641"
"160,8500";"5,3615";"5,0675"
"160,8600";"5,3620";"5,0689"
"160,8700";"5,3622";"5,0679"
"160,8800";"5,3626";"5,0662"
"160,8900";"5,3628";"5,0670"
"160,9000";"5,3631";"5,0688"
"160,9100";"5,3635";"5,0694"
"160,9200";"5,3639";"5,0685"
"160,9300";"5,3641";"5,0679"
"160,9400";"5,3644";"5,0679"
"160,9500";"5,3648";"5,0675"
"160,9600";"5,3652";"5,0686"
"160,9700";"5,3655";"5,0706"
"160,9800";"5,3659";"5,0718"
"160,9900";"5,3662";"5,0710"
"161,0000";"5,3666";"5,0683"
"161,0100";"5,3669";"5,0694"
"161,0200";"5,3673";"5,0730"
"161,0300";"5,3676";"5,0754"
"161,0400";"5,3679";"5,0752"
"161,0500";"5,3682";"5,0738"
"161,0600";"5,3685";"5,0739"
"161,0700";"5,3688";"5,0747"
"161,0800";"5,3692";"5,0736"
"161,0900";"5,3695";"5,0724"
"161,1000";"5,3699";"5,0711"
"161,1100";"5,3702";"5,0708"
"161,1200";"5,3706";"5,0718"
"161,1300";"5,3711";"5,0737"
"161,1400";"5,3714";"5,0765"
"161,1500";"5,3718";"5,0769"
"161,1600";"5,3721";"5,0758"
"161,1700";"5,3725";"5,0741"
"161,1800";"5,3728";"5,0743"
"161,1900";"5,3731";"5,0761"
"161,2000";"5,3733";"5,0770"
"161,2100";"5,3737";"5,0786"
"161,2200";"5,3740";"5,0792"
"161,2300";"5,3744";"5,0785"
"161,2400";"5,3746";"5,0778"
"161,2500";"5,3750";"5,0782"
"161,2600";"5,3753";"5,0768"
"161,2700";"5,3757";"5,0758"
"161,2800";"5,3761";"5,0754"
"161,2900";"5,3765";"5,0771"
"161,3000";"5,3768";"5,0798"
"161,3100";"5,3773";"5,0795"
"161,3200";"5,3777";"5,0776"
"161,3300";"5,3780";"5,0776"
"161,3400";"5,3784";"5,0804"
"161,3500";"5,3786";"5,0812"
"161,3600";"5,3790";"5,0797"
"161,3700";"5,3792";"5,0786"
"161,3800";"5,3794";"5,0803"
"161,3900";"5,3798";"5,0815"
"161,4000";"5,3800";"5,0808"
"161,4100";"5,3804";"5,0804"
"161,4200";"5,3806";"5,0820"
"161,4300";"5,3810";"5,0837"
"161,4400";"5,3812";"5,0820"
"161,4500";"5,3816";"5,0802"
"161,4600";"5,3819";"5,0816"
"161,4700";"5,3823";"5,0846"
"161,4800";"5,3826";"5,0868"
"161,4900";"5,3830";"5,0867"
"161,5000";"5,3833";"5,0856"
"161,5100";"5,3837";"5,0850"
"161,5200";"5,3839";"5,0863"
"161,5300";"5,3843";"5,0867"
"161,5400";"5,3846";"5,0869"
"161,5500";"5,3849";"5,0863"
"161,5600";"5,3852";"5,0840"
"161,5700";"5,3855";"5,0838"
"161,5800";"5,3858";"5,0868"
"161,5900";"5,3860";"5,0885"
"161,6000";"5,3864";"5,0881"
"161,6100";"5,3868";"5,0860"
"161,6200";"5,3871";"5,0851"
"161,6300";"5,3875";"5,0867"
"161,6400";"5,3878";"5,0893"
"161,6500";"5,3882";"5,0914"
"161,6600";"5,3885";"5,0907"
"161,6700";"5,3889";"5,0890"
"161,6800";"5,3892";"5,0872"
"161,6900";"5,3896";"5,0875"
"161,7000";"5,3899";"5,0899"
"161,7100";"5,3902";"5,0913"
"161,7200";"5,3905";"5,0889"
"161,7300";"5,3909";"5,0864"
"161,7400";"5,3911";"5,0872"
"161,7500";"5,3915";"5,0904"
"161,7600";"5,3918";"5,0932"
"161,7700";"5,3922";"5,0936"
"161,7800";"5,3925";"5,0932"
"161,7900";"5,3930";"5,0935"
"161,8000";"5,3934";"5,0924"
"161,8100";"5,3937";"5,0924"
"161,8200";"5,3941";"5,0943"
"161,8300";"5,3944";"5,0964"
"161,8400";"5,3948";"5,0966"
"161,8500";"5,3951";"5,0938"
"161,8600";"5,3954";"5,0925"
"161,8700";"5,3956";"5,0941"
"161,8800";"5,3960";"5,0954"
"161,8900";"5,3963";"5,0941"
"161,9000";"5,3966";"5,0922"
"161,9100";"5,3969";"5,0943"
"161,9200";"5,3973";"5,0971"
"161,9300";"5,3975";"5,0982"
"161,9400";"5,3979";"5,0975"
"161,9500";"5,3982";"5,0973"
"161,9600";"5,3986";"5,0971"
"161,9700";"5,3989";"5,0968"
"161,9800";"5,3993";"5,0961"
"161,9900";"5,3996";"5,0960"
"162,0000";"5,4000";"5,0967"
"162,0100";"5,4003";"5,0975"
"162,0200";"5,4007";"5,0971"
"162,0300";"5,4010";"5,0981"
"162,0400";"5,4014";"5,0988"
"162,0500";"5,4016";"5,0988"
"162,0600";"5,4020";"5,0990"
"162,0700";"5,4022";"5,0995"
"162,0800";"5,4026";"5,0987"
"162,0900";"5,4028";"5,0980"
"162,1000";"5,4032";"5,0987"
"162,1100";"5,4035";"5,1007"
"162,1200";"5,4039";"5,1030"
"162,1300";"5,4041";"5,1024"
"162,1400";"5,4045";"5,1009"
"162,1500";"5,4048";"5,1023"
"162,1600";"5,4052";"5,1030"
"162,1700";"5,4055";"5,1009"
"162,1800";"5,4059";"5,0986"
"162,1900";"5,4062";"5,0988"
"162,2000";"5,4066";"5,1005"
"162,2100";"5,4068";"5,1016"
"162,2200";"5,4072";"5,1021"
"162,2300";"5,4074";"5,1027"
"162,2400";"5,4078";"5,1043"
"162,2500";"5,4081";"5,1054"
"162,2600";"5,4084";"5,1065"
"162,2700";"5,4087";"5,1083"
"162,2800";"5,4091";"5,1084"
"162,2900";"5,4094";"5,1062"
"162,3000";"5,4098";"5,1040"
"162,3100";"5,4101";"5,1052"
"162,3200";"5,4106";"5,1078"
"162,3300";"5,4110";"5,1071"
"162,3400";"5,4113";"5,1045"
"162,3500";"5,4117";"5,1049"
"162,3600";"5,4120";"5,1083"
"162,3700";"5,4124";"5,1093"
"162,3800";"5,4127";"5,1097"
"162,3900";"5,4130";"5,1106"
"162,4000";"5,4133";"5,1109"
"162,4100";"5,4136";"5,1101"
"162,4200";"5,4139";"5,1073"
"162,4300";"5,4143";"5,1063"
"162,4400";"5,4146";"5,1087"
"162,4500";"5,4150";"5,1106"
"162,4600";"5,4153";"5,1100"
"162,4700";"5,4157";"5,1099"
"162,4800";"5,4160";"5,1108"
"162,4900";"5,4164";"5,1120"
"162,5000";"5,4167";"5,1127"
"162,5100";"5,4171";"5,1116"
"162,5200";"5,4173";"5,1098"
"162,5300";"5,4177";"5,1092"
"162,5400";"5,4179";"5,1107"
"162,5500";"5,4183";"5,1132"
"162,5600";"5,4185";"5,1135"
"162,5700";"5,4189";"5,1116"
"162,5800";"5,4191";"5,1103"
"162,5900";"5,4195";"5,1118"
"162,6000";"5,4198";"5,1136"
"162,6100";"5,4202";"5,1142"
"162,6200";"5,4205";"5,1132"
"162,6300";"5,4209";"5,1125"
"162,6400";"5,4212";"5,1146"
"162,6500";"5,4216";"5,1164"
"162,6600";"5,4219";"5,1176"
"162,6700";"5,4223";"5,1192"
"162,6800";"5,4226";"5,1212"
"162,6900";"5,4230";"5,1203"
"162,7000";"5,4234";"5,1169"
"162,7100";"5,4237";"5,1137"
"162,7200";"5,4241";"5,1144"
"162,7300";"5,4243";"5,1168"
"162,7400";"5,4247";"5,1182"
"162,7500";"5,4250";"5,1175"
"162,7600";"5,4252";"5,1172"
"162,7700";"5,4256";"5,1178"
"162,7800";"5,4260";"5,1190"
"162,7900";"5,4263";"5,1194"
"162,8000";"5,4267";"5,1194"
"162,8100";"5,4269";"5,1194"
"162,8200";"5,4272";"5,1193"
"162,8300";"5,4276";"5,1198"
"162,8400";"5,4280";"5,1220"
"162,8500";"5,4283";"5,1242"
"162,8600";"5,4287";"5,1236"
"162,8700";"5,4290";"5,1208"
"162,8800";"5,4294";"5,1191"
"162,8900";"5,4296";"5,1206"
"162,9000";"5,4300";"5,1227"
"162,9100";"5,4303";"5,1227"
"162,9200";"5,4306";"5,1217"
"162,9300";"5,4309";"5,1224"
"162,9400";"5,4313";"5,1233"
"162,9500";"5,4316";"5,1240"
"162,9600";"5,4319";"5,1241"
"162,9700";"5,4322";"5,1230"
"162,9800";"5,4326";"5,1201"
"162,9900";"5,4329";"5,1197"
"163,0000";"5,4333";"5,1221"
"163,0100";"5,4336";"5,1243"
"163,0200";"5,4340";"5,1246"
"163,0300";"5,4343";"5,1239"
"163,0400";"5,4346";"5,1233"
"163,0500";"5,4348";"5,1234"
"163,0600";"5,4352";"5,1228"
"163,0700";"5,4354";"5,1233"
"163,0800";"5,4357";"5,1255"
"163,0900";"5,4361";"5,1277"
"163,1000";"5,4365";"5,1272"
"163,1100";"5,4368";"5,1258"
"163,1200";"5,4372";"5,1276"
"163,1300";"5,4376";"5,1310"
"163,1400";"5,4380";"5,1313"
"163,1500";"5,4383";"5,1281"
"163,1600";"5,4387";"5,1258"
"163,1700";"5,4391";"5,1278"
"163,1800";"5,4395";"5,1309"
"163,1900";"5,4398";"5,1319"
"163,2000";"5,4401";"5,1310"
"163,2100";"5,4404";"5,1301"
"163,2200";"5,4407";"5,1304"
"163,2300";"5,4409";"5,1315"
"163,2400";"5,4413";"5,1314"
"163,2500";"5,4417";"5,1333"
"163,2600";"5,4420";"5,1343"
"163,2700";"5,4424";"5,1333"
"163,2800";"5,4426";"5,1323"
"163,2900";"5,4431";"5,1328"
"163,3000";"5,4433";"5,1335"
"163,3100";"5,4438";"5,1325"
"163,3200";"5,4441";"5,1307"
"163,3300";"5,4445";"5,1296"
"163,3400";"5,4448";"5,1302"
"163,3500";"5,4451";"5,1321"
"163,3600";"5,4454";"5,1329"
"163,3700";"5,4458";"5,1333"
"163,3800";"5,4460";"5,1338"
"163,3900";"5,4463";"5,1338"
"163,4000";"5,4466";"5,1336"
"163,4100";"5,4468";"5,1348"
"163,4200";"5,4471";"5,1360"
"163,4300";"5,4474";"5,1356"
"163,4400";"5,4478";"5,1354"
"163,4500";"5,4481";"5,1352"
"163,4600";"5,4484";"5,1365"
"163,4700";"5,4489";"5,1377"
"163,4800";"5,4492";"5,1369"
"163,4900";"5,4494";"5,1362"
"163,5000";"5,4499";"5,1366"
"163,5100";"5,4503";"5,1369"
"163,5200";"5,4506";"5,1377"
"163,5300";"5,4510";"5,1400"
"163,5400";"5,4513";"5,1416"
"163,5500";"5,4517";"5,1404"
"163,5600";"5,4520";"5,1389"
"163,5700";"5,4524";"5,1386"
"163,5800";"5,4526";"5,1392"
"163,5900";"5,4530";"5,1389"
"163,6000";"5,4533";"5,1378"
"163,6100";"5,4536";"5,1393"
"163,6200";"5,4539";"5,1415"
"163,6300";"5,4543";"5,1415"
"163,6400";"5,4546";"5,1403"
"163,6500";"5,4550";"5,1410"
"163,6600";"5,4553";"5,1425"
"163,6700";"5,4557";"5,1418"
"163,6800";"5,4561";"5,1398"
"163,6900";"5,4564";"5,1397"
"163,7000";"5,4568";"5,1421"
"163,7100";"5,4571";"5,1445"
"163,7200";"5,4574";"5,1436"
"163,7300";"5,4577";"5,1427"
"163,7400";"5,4579";"5,1444"
"163,7500";"5,4582";"5,1455"
"163,7600";"5,4585";"5,1455"
"163,7700";"5,4589";"5,1442"
"163,7800";"5,4592";"5,1445"
"163,7900";"5,4596";"5,1462"
"163,8000";"5,4600";"5,1474"
"163,8100";"5,4603";"5,1481"
"163,8200";"5,4607";"5,1475"
"163,8300";"5,4610";"5,1473"
"163,8400";"5,4614";"5,1460"
"163,8500";"5,4617";"5,1447"
"163,8600";"5,4620";"5,1465"
"163,8700";"5,4623";"5,1491"
"163,8800";"5,4627";"5,1501"
"163,8900";"5,4629";"5,1499"
"163,9000";"5,4633";"5,1493"
"163,9100";"5,4636";"5,1486"
"163,9200";"5,4640";"5,1494"
"163,9300";"5,4643";"5,1496"
"163,9400";"5,4646";"5,1498"
"163,9500";"5,4650";"5,1493"
"163,9600";"5,4654";"5,1478"
"163,9700";"5,4657";"5,1485"
"163,9800";"5,4661";"5,1489"
"163,9900";"5,4664";"5,1490"
"164,0000";"5,4668";"5,1489"
"164,0100";"5,4672";"5,1499"
"164,0200";"5,4675";"5,1508"
"164,0300";"5,4677";"5,1509"
"164,0400";"5,4681";"5,1510"
"164,0500";"5,4685";"5,1516"
"164,0600";"5,4688";"5,1530"
"164,0700";"5,4690";"5,1530"
"164,0800";"5,4693";"5,1512"
"164,0900";"5,4696";"5,1514"
"164,1000";"5,4700";"5,1544"
"164,1100";"5,4702";"5,1574"
"164,1200";"5,4706";"5,1568"
"164,1300";"5,4709";"5,1543"
"164,1400";"5,4713";"5,1541"
"164,1500";"5,4715";"5,1559"
"164,1600";"5,4719";"5,1564"
"164,1700";"5,4722";"5,1549"
"164,1800";"5,4726";"5,1529"
"164,1900";"5,4729";"5,1530"
"164,2000";"5,4733";"5,1530"
"164,2100";"5,4736";"5,1546"
"164,2200";"5,4741";"5,1559"
"164,2300";"5,4744";"5,1568"
"164,2400";"5,4747";"5,1576"
"164,2500";"5,4749";"5,1575"
"164,2600";"5,4753";"5,1585"
"164,2700";"5,4757";"5,1604"
"164,2800";"5,4759";"5,1608"
"164,2900";"5,4762";"5,1588"
"164,3000";"5,4765";"5,1563"
"164,3100";"5,4768";"5,1555"
"164,3200";"5,4772";"5,1574"
"164,3300";"5,4775";"5,1595"
"164,3400";"5,4778";"5,1606"
"164,3500";"5,4781";"5,1624"
"164,3600";"5,4785";"5,1620"
"164,3700";"5,4788";"5,1618"
"164,3800";"5,4792";"5,1616"
"164,3900";"5,4795";"5,1615"
"164,4000";"5,4798";"5,1611"
"164,4100";"5,4801";"5,1609"
"164,4200";"5,4804";"5,1616"
"164,4300";"5,4807";"5,1635"
"164,4400";"5,4811";"5,1647"
"164,4500";"5,4813";"5,1634"
"164,4600";"5,4817";"5,1620"
"164,4700";"5,4821";"5,1622"
"164,4800";"5,4825";"5,1635"
"164,4900";"5,4829";"5,1636"
"164,5000";"5,4832";"5,1633"
"164,5100";"5,4836";"5,1638"
"164,5200";"5,4840";"5,1644"
"164,5300";"5,4843";"5,1643"
"164,5400";"5,4846";"5,1649"
"164,5500";"5,4849";"5,1663"
"164,5600";"5,4852";"5,1671"
"164,5700";"5,4856";"5,1671"
"164,5800";"5,4859";"5,1660"
"164,5900";"5,4862";"5,1666"
"164,6000";"5,4865";"5,1676"
"164,6100";"5,4869";"5,1689"
"164,6200";"5,4872";"5,1703"
"164,6300";"5,4876";"5,1695"
"164,6400";"5,4879";"5,1683"
"164,6500";"5,4883";"5,1669"
"164,6600";"5,4886";"5,1660"
"164,6700";"5,4890";"5,1683"
"164,6800";"5,4893";"5,1702"
"164,6900";"5,4897";"5,1702"
"164,7000";"5,4901";"5,1691"
"164,7100";"5,4904";"5,1696"
"164,7200";"5,4908";"5,1723"
"164,7300";"5,4910";"5,1728"
"164,7400";"5,4914";"5,1713"
"164,7500";"5,4917";"5,1694"
"164,7600";"5,4919";"5,1703"
"164,7700";"5,4923";"5,1734"
"164,7800";"5,4925";"5,1744"
"164,7900";"5,4929";"5,1734"
"164,8000";"5,4932";"5,1711"
"164,8100";"5,4936";"5,1702"
"164,8200";"5,4940";"5,1707"
"164,8300";"5,4943";"5,1717"
"164,8400";"5,4947";"5,1742"
"164,8500";"5,4949";"5,1751"
"164,8600";"5,4952";"5,1748"
"164,8700";"5,4956";"5,1747"
"164,8800";"5,4960";"5,1761"
"164,8900";"5,4963";"5,1764"
"164,9000";"5,4967";"5,1741"
"164,9100";"5,4970";"5,1721"
"164,9200";"5,4974";"5,1727"
"164,9300";"5,4976";"5,1744"
"164,9400";"5,4980";"5,1771"
"164,9500";"5,4983";"5,1789"
"164,9600";"5,4987";"5,1812"
"164,9700";"5,4990";"5,1820"
"164,9800";"5,4994";"5,1805"
"164,9900";"5,4997";"5,1788"
"165,0000";"5,5001";"5,1786"
"165,0100";"5,5004";"5,1796"
"165,0200";"5,5008";"5,1795"
"165,0300";"5,5012";"5,1783"
"165,0400";"5,5015";"5,1785"
"165,0500";"5,5019";"5,1802"
"165,0600";"5,5022";"5,1805"
"165,0700";"5,5025";"5,1798"
"165,0800";"5,5027";"5,1788"
"165,0900";"5,5030";"5,1792"
"165,1000";"5,5033";"5,1786"
"165,1100";"5,5036";"5,1797"
"165,1200";"5,5040";"5,1823"
"165,1300";"5,5042";"5,1848"
"165,1400";"5,5046";"5,1847"
"165,1500";"5,5049";"5,1835"
"165,1600";"5,5053";"5,1823"
"165,1700";"5,5056";"5,1841"
"165,1800";"5,5060";"5,1843"
"165,1900";"5,5063";"5,1824"
"165,2000";"5,5067";"5,1807"
"165,2100";"5,5071";"5,1811"
"165,2200";"5,5073";"5,1826"
"165,2300";"5,5076";"5,1845"
"165,2400";"5,5079";"5,1860"
"165,2500";"5,5082";"5,1857"
"165,2600";"5,5086";"5,1839"
"165,2700";"5,5089";"5,1833"
"165,2800";"5,5092";"5,1825"
"165,2900";"5,5095";"5,1835"
"165,3000";"5,5099";"5,1856"
"165,3100";"5,5102";"5,1862"
"165,3200";"5,5106";"5,1864"
"165,3300";"5,5110";"5,1866"
"165,3400";"5,5113";"5,1866"
"165,3500";"5,5117";"5,1860"
"165,3600";"5,5120";"5,1853"
"165,3700";"5,5124";"5,1844"
"165,3800";"5,5127";"5,1827"
"165,3900";"5,5131";"5,1842"
"165,4000";"5,5134";"5,1886"
"165,4100";"5,5137";"5,1910"
"165,4200";"5,5139";"5,1898"
"165,4300";"5,5143";"5,1864"
"165,4400";"5,5146";"5,1859"
"165,4500";"5,5148";"5,1896"
"165,4600";"5,5152";"5,1920"
"165,4700";"5,5156";"5,1903"
"165,4800";"5,5159";"5,1881"
"165,4900";"5,5163";"5,1893"
"165,5000";"5,5166";"5,1918"
"165,5100";"5,5170";"5,1916"
"165,5200";"5,5173";"5,1888"
"165,5300";"5,5177";"5,1868"
"165,5400";"5,5180";"5,1890"
"165,5500";"5,5184";"5,1925"
"165,5600";"5,5187";"5,1937"
"165,5700";"5,5190";"5,1945"
"165,5800";"5,5193";"5,1957"
"165,5900";"5,5197";"5,1967"
"165,6000";"5,5199";"5,1957"
"165,6100";"5,5203";"5,1935"
"165,6200";"5,5205";"5,1925"
"165,6300";"5,5209";"5,1921"
"165,6400";"5,5212";"5,1922"
"165,6500";"5,5215";"5,1931"
"165,6600";"5,5218";"5,1957"
"165,6700";"5,5222";"5,1965"
"165,6800";"5,5225";"5,1967"
"165,6900";"5,5229";"5,1979"
"165,7000";"5,5232";"5,1969"
"165,7100";"5,5236";"5,1945"
"165,7200";"5,5239";"5,1933"
"165,7300";"5,5243";"5,1944"
"165,7400";"5,5245";"5,1972"
"165,7500";"5,5249";"5,1980"
"165,7600";"5,5251";"5,1978"
"165,7700";"5,5255";"5,1976"
"165,7800";"5,5258";"5,1985"
"165,7900";"5,5262";"5,1996"
"165,8000";"5,5265";"5,2002"
"165,8100";"5,5269";"5,1986"
"165,8200";"5,5272";"5,1974"
"165,8300";"5,5276";"5,1982"
"165,8400";"5,5279";"5,1998"
"165,8500";"5,5283";"5,2020"
"165,8600";"5,5287";"5,2025"
"165,8700";"5,5290";"5,2012"
"165,8800";"5,5294";"5,1991"
"165,8900";"5,5296";"5,1988"
"165,9000";"5,5300";"5,1997"
"165,9100";"5,5302";"5,1991"
"165,9200";"5,5305";"5,1996"
"165,9300";"5,5309";"5,2015"
"165,9400";"5,5311";"5,2038"
"165,9500";"5,5315";"5,2054"
"165,9600";"5,5318";"5,2063"
"165,9700";"5,5322";"5,2068"
"165,9800";"5,5326";"5,2060"
"165,9900";"5,5329";"5,2051"
"166,0000";"5,5333";"5,2024"
"166,0100";"5,5336";"5,2030"
"166,0200";"5,5340";"5,2057"
"166,0300";"5,5343";"5,2072"
"166,0400";"5,5347";"5,2047"
"166,0500";"5,5350";"5,2011"
"166,0600";"5,5354";"5,2008"
"166,0700";"5,5357";"5,2043"
"166,0800";"5,5360";"5,2068"
"166,0900";"5,5363";"5,2067"
"166,1000";"5,5366";"5,2055"
"166,1100";"5,5368";"5,2053"
"166,1200";"5,5372";"5,2050"
"166,1300";"5,5375";"5,2046"
"166,1400";"5,5377";"5,2046"
"166,1500";"5,5381";"5,2050"
"166,1600";"5,5385";"5,2067"
"166,1700";"5,5388";"5,2088"
"166,1800";"5,5392";"5,2099"
"166,1900";"5,5395";"5,2100"
"166,2000";"5,5399";"5,2104"
"166,2100";"5,5402";"5,2097"
"166,2200";"5,5406";"5,2079"
"166,2300";"5,5409";"5,2073"
"166,2400";"5,5412";"5,2074"
"166,2500";"5,5415";"5,2085"
"166,2600";"5,5418";"5,2111"
"166,2700";"5,5421";"5,2122"
"166,2800";"5,5424";"5,2114"
"166,2900";"5,5427";"5,2105"
"166,3000";"5,5431";"5,2099"
"166,3100";"5,5434";"5,2101"
"166,3200";"5,5437";"5,2101"
"166,3300";"5,5441";"5,2115"
"166,3400";"5,5445";"5,2133"
"166,3500";"5,5448";"5,2148"
"166,3600";"5,5452";"5,2145"
"166,3700";"5,5455";"5,2136"
"166,3800";"5,5460";"5,2161"
"166,3900";"5,5464";"5,2195"
"166,4000";"5,5467";"5,2187"
"166,4100";"5,5471";"5,2150"
"166,4200";"5,5473";"5,2126"
"166,4300";"5,5477";"5,2143"
"166,4400";"5,5479";"5,2156"
"166,4500";"5,5483";"5,2150"
"166,4600";"5,5486";"5,2142"
"166,4700";"5,5488";"5,2148"
"166,4800";"5,5493";"5,2152"
"166,4900";"5,5497";"5,2142"
"166,5000";"5,5500";"5,2129"
"166,5100";"5,5504";"5,2138"
"166,5200";"5,5507";"5,2143"
"166,5300";"5,5511";"5,2147"
"166,5400";"5,5514";"5,2160"
"166,5500";"5,5517";"5,2183"
"166,5600";"5,5520";"5,2204"
"166,5700";"5,5523";"5,2205"
"166,5800";"5,5526";"5,2174"
"166,5900";"5,5530";"5,2148"
"166,6000";"5,5533";"5,2150"
"166,6100";"5,5536";"5,2170"
"166,6200";"5,5539";"5,2184"
"166,6300";"5,5543";"5,2191"
"166,6400";"5,5546";"5,2174"
"166,6500";"5,5550";"5,2164"
"166,6600";"5,5553";"5,2187"
"166,6700";"5,5557";"5,2221"
"166,6800";"5,5560";"5,2223"
"166,6900";"5,5564";"5,2201"
"166,7000";"5,5568";"5,2200"
"166,7100";"5,5571";"5,2226"
"166,7200";"5,5575";"5,2244"
"166,7300";"5,5578";"5,2242"
"166,7400";"5,5582";"5,2227"
"166,7500";"5,5584";"5,2225"
"166,7600";"5,5586";"5,2219"
"166,7700";"5,5590";"5,2208"
"166,7800";"5,5592";"5,2201"
"166,7900";"5,5596";"5,2213"
"166,8000";"5,5599";"5,2221"
"166,8100";"5,5602";"5,2221"
"166,8200";"5,5605";"5,2225"
"166,8300";"5,5609";"5,2248"
"166,8400";"5,5612";"5,2287"
"166,8500";"5,5616";"5,2289"
"166,8600";"5,5620";"5,2265"
"166,8700";"5,5623";"5,2252"
"166,8800";"5,5627";"5,2248"
"166,8900";"5,5631";"5,2257"
"166,9000";"5,5635";"5,2255"
"166,9100";"5,5638";"5,2249"
"166,9200";"5,5641";"5,2251"
"166,9300";"5,5644";"5,2250"
"166,9400";"5,5647";"5,2257"
"166,9500";"5,5649";"5,2281"
"166,9600";"5,5653";"5,2291"
"166,9700";"5,5656";"5,2269"
"166,9800";"5,5660";"5,2250"
"166,9900";"5,5662";"5,2257"
"167,0000";"5,5666";"5,2297"
"167,0100";"5,5669";"5,2328"
"167,0200";"5,5673";"5,2315"
"167,0300";"5,5676";"5,2287"
"167,0400";"5,5680";"5,2296"
"167,0500";"5,5683";"5,2316"
"167,0600";"5,5687";"5,2319"
"167,0700";"5,5690";"5,2315"
"167,0800";"5,5694";"5,2320"
"167,0900";"5,5697";"5,2328"
"167,1000";"5,5700";"5,2325"
"167,1100";"5,5703";"5,2328"
"167,1200";"5,5706";"5,2337"
"167,1300";"5,5708";"5,2340"
"167,1400";"5,5712";"5,2328"
"167,1500";"5,5715";"5,2322"
"167,1600";"5,5719";"5,2335"
"167,1700";"5,5721";"5,2355"
"167,1800";"5,5725";"5,2360"
"167,1900";"5,5729";"5,2356"
"167,2000";"5,5733";"5,2351"
"167,2100";"5,5736";"5,2344"
"167,2200";"5,5740";"5,2335"
"167,2300";"5,5743";"5,2334"
"167,2400";"5,5747";"5,2349"
"167,2500";"5,5749";"5,2360"
"167,2600";"5,5753";"5,2358"
"167,2700";"5,5755";"5,2352"
"167,2800";"5,5759";"5,2374"
"167,2900";"5,5762";"5,2395"
"167,3000";"5,5766";"5,2388"
"167,3100";"5,5768";"5,2372"
"167,3200";"5,5773";"5,2384"
"167,3300";"5,5777";"5,2397"
"167,3400";"5,5780";"5,2392"
"167,3500";"5,5785";"5,2384"
"167,3600";"5,5788";"5,2400"
"167,3700";"5,5792";"5,2412"
"167,3800";"5,5795";"5,2399"
"167,3900";"5,5799";"5,2387"
"167,4000";"5,5802";"5,2397"
"167,4100";"5,5805";"5,2406"
"167,4200";"5,5808";"5,2394"
"167,4300";"5,5811";"5,2377"
"167,4400";"5,5813";"5,2383"
"167,4500";"5,5817";"5,2408"
"167,4600";"5,5819";"5,2431"
"167,4700";"5,5823";"5,2435"
"167,4800";"5,5826";"5,2434"
"167,4900";"5,5830";"5,2424"
"167,5000";"5,5833";"5,2418"
"167,5100";"5,5836";"5,2399"
"167,5200";"5,5839";"5,2390"
"167,5300";"5,5843";"5,2403"
"167,5400";"5,5846";"5,2424"
"167,5500";"5,5850";"5,2440"
"167,5600";"5,5853";"5,2429"
"167,5700";"5,5857";"5,2424"
"167,5800";"5,5860";"5,2427"
"167,5900";"5,5864";"5,2433"
"167,6000";"5,5867";"5,2430"
"167,6100";"5,5870";"5,2419"
"167,6200";"5,5873";"5,2422"
"167,6300";"5,5876";"5,2437"
"167,6400";"5,5879";"5,2474"
"167,6500";"5,5882";"5,2503"
"167,6600";"5,5885";"5,2486"
"167,6700";"5,5889";"5,2461"
"167,6800";"5,5892";"5,2461"
"167,6900";"5,5896";"5,2483"
"167,7000";"5,5899";"5,2501"
"167,7100";"5,5903";"5,2493"
"167,7200";"5,5906";"5,2488"
"167,7300";"5,5910";"5,2491"
"167,7400";"5,5913";"5,2476"
"167,7500";"5,5917";"5,2457"
"167,7600";"5,5921";"5,2455"
"167,7700";"5,5923";"5,2470"
"167,7800";"5,5925";"5,2467"
"167,7900";"5,5929";"5,2446"
"167,8000";"5,5932";"5,2450"
"167,8100";"5,5935";"5,2489"
"167,8200";"5,5938";"5,2524"
"167,8300";"5,5942";"5,2519"
"167,8400";"5,5945";"5,2487"
"167,8500";"5,5949";"5,2483"
"167,8600";"5,5952";"5,2504"
"167,8700";"5,5957";"5,2527"
"167,8800";"5,5961";"5,2542"
"167,8900";"5,5964";"5,2538"
"167,9000";"5,5968";"5,2527"
"167,9100";"5,5970";"5,2527"
"167,9200";"5,5974";"5,2525"
"167,9300";"5,5977";"5,2525"
"167,9400";"5,5980";"5,2520"
"167,9500";"5,5983";"5,2515"
"167,9600";"5,5985";"5,2512"
"167,9700";"5,5989";"5,2525"
"167,9800";"5,5993";"5,2537"
"167,9900";"5,5995";"5,2545"
"168,0000";"5,5998";"5,2544"
"168,0100";"5,6002";"5,2539"
"168,0200";"5,6006";"5,2543"
"168,0300";"5,6009";"5,2548"
"168,0400";"5,6013";"5,2548"
"168,0500";"5,6017";"5,2554"
"168,0600";"5,6020";"5,2564"
"168,0700";"5,6024";"5,2553"
"168,0800";"5,6027";"5,2550"
"168,0900";"5,6030";"5,2562"
"168,1000";"5,6034";"5,2571"
"168,1100";"5,6036";"5,2564"
"168,1200";"5,6039";"5,2535"
"168,1300";"5,6042";"5,2528"
"168,1400";"5,6046";"5,2553"
"168,1500";"5,6048";"5,2590"
"168,1600";"5,6052";"5,2610"
"168,1700";"5,6055";"5,2617"
"168,1800";"5,6057";"5,2603"
"168,1900";"5,6061";"5,2598"
"168,2000";"5,6065";"5,2593"
"168,2100";"5,6068";"5,2598"
"168,2200";"5,6072";"5,2600"
"168,2300";"5,6075";"5,2591"
"168,2400";"5,6079";"5,2591"
"168,2500";"5,6082";"5,2610"
"168,2600";"5,6086";"5,2623"
"168,2700";"5,6088";"5,2611"
"168,2800";"5,6092";"5,2583"
"168,2900";"5,6094";"5,2580"
"168,3000";"5,6098";"5,2599"
"168,3100";"5,6100";"5,2620"
"168,3200";"5,6104";"5,2636"
"168,3300";"5,6107";"5,2637"
"168,3400";"5,6111";"5,2645"
"168,3500";"5,6114";"5,2643"
"168,3600";"5,6118";"5,2631"
"168,3700";"5,6121";"5,2630"
"168,3800";"5,6125";"5,2638"
"168,3900";"5,6130";"5,2646"
"168,4000";"5,6133";"5,2635"
"168,4100";"5,6137";"5,2620"
"168,4200";"5,6140";"5,2630"
"168,4300";"5,6144";"5,2652"
"168,4400";"5,6146";"5,2657"
"168,4500";"5,6148";"5,2650"
"168,4600";"5,6152";"5,2654"
"168,4700";"5,6154";"5,2667"
"168,4800";"5,6158";"5,2683"
"168,4900";"5,6161";"5,2685"
"168,5000";"5,6165";"5,2682"
"168,5100";"5,6168";"5,2673"
"168,5200";"5,6172";"5,2672"
"168,5300";"5,6176";"5,2681"
"168,5400";"5,6179";"5,2700"
"168,5500";"5,6184";"5,2714"
"168,5600";"5,6187";"5,2701"
"168,5700";"5,6191";"5,2682"
"168,5800";"5,6194";"5,2679"
"168,5900";"5,6198";"5,2687"
"168,6000";"5,6202";"5,2696"
"168,6100";"5,6204";"5,2707"
"168,6200";"5,6207";"5,2719"
"168,6300";"5,6211";"5,2719"
"168,6400";"5,6213";"5,2718"
"168,6500";"5,6217";"5,2724"
"168,6600";"5,6220";"5,2741"
"168,6700";"5,6223";"5,2741"
"168,6800";"5,6227";"5,2714"
"168,6900";"5,6231";"5,2687"
"168,7000";"5,6235";"5,2696"
"168,7100";"5,6238";"5,2719"
"168,7200";"5,6243";"5,2724"
"168,7300";"5,6246";"5,2725"
"168,7400";"5,6250";"5,2740"
"168,7500";"5,6253";"5,2763"
"168,7600";"5,6256";"5,2772"
"168,7700";"5,6259";"5,2765"
"168,7800";"5,6262";"5,2763"
"168,7900";"5,6264";"5,2761"
"168,8000";"5,6268";"5,2757"
"168,8100";"5,6270";"5,2738"
"168,8200";"5,6272";"5,2736"
"168,8300";"5,6276";"5,2772"
"168,8400";"5,6279";"5,2793"
"168,8500";"5,6282";"5,2770"
"168,8600";"5,6285";"5,2746"
"168,8700";"5,6289";"5,2756"
"168,8800";"5,6292";"5,2790"
"168,8900";"5,6296";"5,2795"
"168,9000";"5,6298";"5,2787"
"168,9100";"5,6302";"5,2787"
"168,9200";"5,6305";"5,2789"
"168,9300";"5,6309";"5,2793"
"168,9400";"5,6312";"5,2791"
"168,9500";"5,6315";"5,2783"
"168,9600";"5,6318";"5,2790"
"168,9700";"5,6322";"5,2787"
"168,9800";"5,6324";"5,2786"
"168,9900";"5,6328";"5,2791"
"169,0000";"5,6330";"5,2810"
"169,0100";"5,6334";"5,2822"
"169,0200";"5,6337";"5,2834"
"169,0300";"5,6341";"5,2829"
"169,0400";"5,6346";"5,2814"
"169,0500";"5,6349";"5,2805"
"169,0600";"5,6353";"5,2829"
"169,0700";"5,6356";"5,2860"
"169,0800";"5,6360";"5,2872"
"169,0900";"5,6363";"5,2857"
"169,1000";"5,6367";"5,2844"
"169,1100";"5,6370";"5,2866"
"169,1200";"5,6374";"5,2881"
"169,1300";"5,6377";"5,2854"
"169,1400";"5,6380";"5,2816"
"169,1500";"5,6383";"5,2818"
"169,1600";"5,6386";"5,2839"
"169,1700";"5,6389";"5,2851"
"169,1800";"5,6393";"5,2843"
"169,1900";"5,6396";"5,2842"
"169,2000";"5,6400";"5,2852"
"169,2100";"5,6403";"5,2854"
"169,2200";"5,6407";"5,2837"
"169,2300";"5,6410";"5,2838"
"169,2400";"5,6414";"5,2864"
"169,2500";"5,6418";"5,2880"
"169,2600";"5,6421";"5,2863"
"169,2700";"5,6425";"5,2854"
"169,2800";"5,6427";"5,2886"
"169,2900";"5,6431";"5,2924"
"169,3000";"5,6433";"5,2917"
"169,3100";"5,6436";"5,2875"
"169,3200";"5,6440";"5,2849"
"169,3300";"5,6442";"5,2858"
"169,3400";"5,6446";"5,2865"
"169,3500";"5,6449";"5,2878"
"169,3600";"5,6453";"5,2880"
"169,3700";"5,6457";"5,2886"
"169,3800";"5,6460";"5,2881"
"169,3900";"5,6464";"5,2878"
"169,4000";"5,6467";"5,2879"
"169,4100";"5,6471";"5,2887"
"169,4200";"5,6474";"5,2895"
"169,4300";"5,6478";"5,2903"
"169,4400";"5,6481";"5,2910"
"169,4500";"5,6485";"5,2922"
"169,4600";"5,6487";"5,2938"
"169,4700";"5,6491";"5,2949"
"169,4800";"5,6493";"5,2954"
"169,4900";"5,6495";"5,2927"
"169,5000";"5,6499";"5,2902"
"169,5100";"5,6503";"5,2904"
"169,5200";"5,6506";"5,2924"
"169,5300";"5,6510";"5,2942"
"169,5400";"5,6513";"5,2931"
"169,5500";"5,6517";"5,2926"
"169,5600";"5,6520";"5,2959"
"169,5700";"5,6524";"5,2985"
"169,5800";"5,6527";"5,2985"
"169,5900";"5,6531";"5,2961"
"169,6000";"5,6534";"5,2954"
"169,6100";"5,6537";"5,2973"
"169,6200";"5,6540";"5,2988"
"169,6300";"5,6543";"5,2983"
"169,6400";"5,6546";"5,2969"
"169,6500";"5,6549";"5,2960"
"169,6600";"5,6552";"5,2945"
"169,6700";"5,6555";"5,2935"
"169,6800";"5,6558";"5,2948"
"169,6900";"5,6562";"5,2974"
"169,7000";"5,6564";"5,2988"
"169,7100";"5,6567";"5,2966"
"169,7200";"5,6571";"5,2948"
"169,7300";"5,6575";"5,2952"
"169,7400";"5,6578";"5,2976"
"169,7500";"5,6582";"5,2986"
"169,7600";"5,6586";"5,2993"
"169,7700";"5,6589";"5,3007"
"169,7800";"5,6592";"5,3016"
"169,7900";"5,6596";"5,3013"
"169,8000";"5,6599";"5,3021"
"169,8100";"5,6603";"5,3027"
"169,8200";"5,6605";"5,3011"
"169,8300";"5,6609";"5,2987"
"169,8400";"5,6611";"5,2981"
"169,8500";"5,6615";"5,3007"
"169,8600";"5,6618";"5,3045"
"169,8700";"5,6622";"5,3055"
"169,8800";"5,6625";"5,3037"
"169,8900";"5,6629";"5,3017"
"169,9000";"5,6632";"5,3013"
"169,9100";"5,6636";"5,3036"
"169,9200";"5,6641";"5,3060"
"169,9300";"5,6644";"5,3069"
"169,9400";"5,6647";"5,3061"
"169,9500";"5,6650";"5,3034"
"169,9600";"5,6652";"5,3031"
"169,9700";"5,6656";"5,3053"
"169,9800";"5,6660";"5,3068"
"169,9900";"5,6662";"5,3071"
"170,0000";"5,6665";"5,3065"
"170,0100";"5,6669";"5,3067"
"170,0200";"5,6673";"5,3075"
"170,0300";"5,6676";"5,3083"
"170,0400";"5,6678";"5,3094"
"170,0500";"5,6682";"5,3090"
"170,0600";"5,6686";"5,3058"
"170,0700";"5,6689";"5,3028"
"170,0800";"5,6693";"5,3026"
"170,0900";"5,6696";"5,3051"
"170,1000";"5,6700";"5,3076"
"170,1100";"5,6703";"5,3079"
"170,1200";"5,6707";"5,3072"
"170,1300";"5,6709";"5,3090"
"170,1400";"5,6713";"5,3104"
"170,1500";"5,6715";"5,3094"
"170,1600";"5,6719";"5,3098"
"170,1700";"5,6721";"5,3116"
"170,1800";"5,6725";"5,3135"
"170,1900";"5,6727";"5,3144"
"170,2000";"5,6730";"5,3138"
"170,2100";"5,6734";"5,3138"
"170,2200";"5,6737";"5,3145"
"170,2300";"5,6741";"5,3134"
"170,2400";"5,6745";"5,3110"
"170,2500";"5,6748";"5,3104"
"170,2600";"5,6752";"5,3125"
"170,2700";"5,6755";"5,3147"
"170,2800";"5,6759";"5,3137"
"170,2900";"5,6763";"5,3130"
"170,3000";"5,6767";"5,3132"
"170,3100";"5,6769";"5,3139"
"170,3200";"5,6773";"5,3145"
"170,3300";"5,6775";"5,3152"
"170,3400";"5,6779";"5,3157"
"170,3500";"5,6781";"5,3151"
"170,3600";"5,6785";"5,3151"
"170,3700";"5,6788";"5,3172"
"170,3800";"5,6792";"5,3187"
"170,3900";"5,6795";"5,3173"
"170,4000";"5,6799";"5,3156"
"170,4100";"5,6802";"5,3168"
"170,4200";"5,6806";"5,3178"
"170,4300";"5,6810";"5,3172"
"170,4400";"5,6813";"5,3158"
"170,4500";"5,6817";"5,3156"
"170,4600";"5,6820";"5,3168"
"170,4700";"5,6822";"5,3181"
"170,4800";"5,6826";"5,3192"
"170,4900";"5,6828";"5,3202"
"170,5000";"5,6832";"5,3217"
"170,5100";"5,6835";"5,3196"
"170,5200";"5,6838";"5,3169"
"170,5300";"5,6841";"5,3176"
"170,5400";"5,6846";"5,3204"
"170,5500";"5,6850";"5,3216"
"170,5600";"5,6853";"5,3204"
"170,5700";"5,6857";"5,3209"
"170,5800";"5,6860";"5,3240"
"170,5900";"5,6865";"5,3265"
"170,6000";"5,6869";"5,3254"
"170,6100";"5,6872";"5,3235"
"170,6200";"5,6876";"5,3224"
"170,6300";"5,6878";"5,3224"
"170,6400";"5,6882";"5,3221"
"170,6500";"5,6884";"5,3214"
"170,6600";"5,6887";"5,3234"
"170,6700";"5,6890";"5,3256"
"170,6800";"5,6893";"5,3248"
"170,6900";"5,6897";"5,3235"
"170,7000";"5,6900";"5,3237"
"170,7100";"5,6904";"5,3256"
"170,7200";"5,6907";"5,3257"
"170,7300";"5,6911";"5,3240"
"170,7400";"5,6915";"5,3232"
"170,7500";"5,6918";"5,3246"
"170,7600";"5,6922";"5,3258"
"170,7700";"5,6925";"5,3258"
"170,7800";"5,6929";"5,3262"
"170,7900";"5,6932";"5,3268"
"170,8000";"5,6935";"5,3277"
"170,8100";"5,6938";"5,3279"
"170,8200";"5,6941";"5,3274"
"170,8300";"5,6944";"5,3271"
"170,8400";"5,6946";"5,3264"
"170,8500";"5,6950";"5,3260"
"170,8600";"5,6952";"5,3267"
"170,8700";"5,6956";"5,3276"
"170,8800";"5,6959";"5,3277"
"170,8900";"5,6963";"5,3272"
"170,9000";"5,6965";"5,3266"
"170,9100";"5,6969";"5,3268"
"170,9200";"5,6974";"5,3275"
"170,9300";"5,6977";"5,3283"
"170,9400";"5,6981";"5,3316"
"170,9500";"5,6984";"5,3337"
"170,9600";"5,6988";"5,3336"
"170,9700";"5,6991";"5,3319"
"170,9800";"5,6994";"5,3316"
"170,9900";"5,6996";"5,3331"
"171,0000";"5,7000";"5,3325"
"171,0100";"5,7002";"5,3291"
"171,0200";"5,7005";"5,3275"
"171,0300";"5,7009";"5,3287"
"171,0400";"5,7013";"5,3308"
"171,0500";"5,7015";"5,3320"
"171,0600";"5,7018";"5,3333"
"171,0700";"5,7022";"5,3350"
"171,0800";"5,7026";"5,3345"
"171,0900";"5,7029";"5,3315"
"171,1000";"5,7033";"5,3299"
"171,1100";"5,7036";"5,3318"
"171,1200";"5,7040";"5,3343"
"171,1300";"5,7043";"5,3336"
"171,1400";"5,7047";"5,3327"
"171,1500";"5,7050";"5,3357"
"171,1600";"5,7053";"5,3395"
"171,1700";"5,7056";"5,3395"
"171,1800";"5,7059";"5,3374"
"171,1900";"5,7062";"5,3365"
"171,2000";"5,7066";"5,3371"
"171,2100";"5,7068";"5,3387"
"171,2200";"5,7072";"5,3387"
"171,2300";"5,7076";"5,3393"
"171,2400";"5,7080";"5,3396"
"171,2500";"5,7083";"5,3392"
"171,2600";"5,7087";"5,3378"
"171,2700";"5,7090";"5,3391"
"171,2800";"5,7094";"5,3411"
"171,2900";"5,7098";"5,3413"
"171,3000";"5,7101";"5,3405"
"171,3100";"5,7103";"5,3375"
"171,3200";"5,7107";"5,3358"
"171,3300";"5,7111";"5,3364"
"171,3400";"5,7113";"5,3387"
"171,3500";"5,7116";"5,3409"
"171,3600";"5,7120";"5,3409"
"171,3700";"5,7124";"5,3404"
"171,3800";"5,7126";"5,3410"
"171,3900";"5,7129";"5,3438"
"171,4000";"5,7133";"5,3455"
"171,4100";"5,7137";"5,3428"
"171,4200";"5,7140";"5,3398"
"171,4300";"5,7144";"5,3404"
"171,4400";"5,7147";"5,3439"
"171,4500";"5,7151";"5,3462"
"171,4600";"5,7154";"5,3461"
"171,4700";"5,7158";"5,3450"
"171,4800";"5,7161";"5,3457"
"171,4900";"5,7165";"5,3465"
"171,5000";"5,7167";"5,3465"
"171,5100";"5,7170";"5,3450"
"171,5200";"5,7172";"5,3445"
"171,5300";"5,7175";"5,3450"
"171,5400";"5,7179";"5,3452"
"171,5500";"5,7183";"5,3473"
"171,5600";"5,7185";"5,3481"
"171,5700";"5,7188";"5,3476"
"171,5800";"5,7192";"5,3463"
"171,5900";"5,7196";"5,3467"
"171,6000";"5,7199";"5,3477"
"171,6100";"5,7203";"5,3478"
"171,6200";"5,7206";"5,3472"
"171,6300";"5,7210";"5,3471"
"171,6400";"5,7213";"5,3490"
"171,6500";"5,7217";"5,3493"
"171,6600";"5,7219";"5,3479"
"171,6700";"5,7223";"5,3469"
"171,6800";"5,7225";"5,3479"
"171,6900";"5,7229";"5,3495"
"171,7000";"5,7232";"5,3487"
"171,7100";"5,7235";"5,3479"
"171,7200";"5,7238";"5,3478"
"171,7300";"5,7242";"5,3484"
"171,7400";"5,7244";"5,3494"
"171,7500";"5,7247";"5,3492"
"171,7600";"5,7251";"5,3484"
"171,7700";"5,7255";"5,3486"
"171,7800";"5,7258";"5,3507"
"171,7900";"5,7262";"5,3535"
"171,8000";"5,7265";"5,3538"
"171,8100";"5,7269";"5,3514"
"171,8200";"5,7272";"5,3500"
"171,8300";"5,7275";"5,3510"
"171,8400";"5,7277";"5,3534"
"171,8500";"5,7281";"5,3536"
"171,8600";"5,7283";"5,3512"
"171,8700";"5,7286";"5,3505"
"171,8800";"5,7290";"5,3524"
"171,8900";"5,7294";"5,3537"
"171,9000";"5,7297";"5,3521"
"171,9100";"5,7301";"5,3524"
"171,9200";"5,7304";"5,3561"
"171,9300";"5,7309";"5,3591"
"171,9400";"5,7312";"5,3583"
"171,9500";"5,7316";"5,3557"
"171,9600";"5,7320";"5,3561"
"171,9700";"5,7323";"5,3587"
"171,9800";"5,7327";"5,3587"
"171,9900";"5,7329";"5,3557"
"172,0000";"5,7332";"5,3542"
"172,0100";"5,7335";"5,3563"
"172,0200";"5,7337";"5,3587"
"172,0300";"5,7341";"5,3586"
"172,0400";"5,7344";"5,3585"
"172,0500";"5,7348";"5,3594"
"172,0600";"5,7351";"5,3595"
"172,0700";"5,7355";"5,3584"
"172,0800";"5,7358";"5,3590"
"172,0900";"5,7362";"5,3598"
"172,1000";"5,7367";"5,3595"
"172,1100";"5,7370";"5,3591"
"172,1200";"5,7374";"5,3587"
"172,1300";"5,7377";"5,3604"
"172,1400";"5,7381";"5,3622"
"172,1500";"5,7384";"5,3640"
"172,1600";"5,7387";"5,3648"
"172,1700";"5,7390";"5,3631"
"172,1800";"5,7394";"5,3608"
"172,1900";"5,7396";"5,3604"
"172,2000";"5,7400";"5,3623"
"172,2100";"5,7402";"5,3644"
"172,2200";"5,7406";"5,3640"
"172,2300";"5,7409";"5,3633"
"172,2400";"5,7413";"5,3636"
"172,2500";"5,7415";"5,3643"
"172,2600";"5,7419";"5,3648"
"172,2700";"5,7422";"5,3648"
"172,2800";"5,7427";"5,3650"
"172,2900";"5,7429";"5,3658"
"172,3000";"5,7433";"5,3642"
"172,3100";"5,7436";"5,3626"
"172,3200";"5,7440";"5,3630"
"172,3300";"5,7443";"5,3657"
"172,3400";"5,7446";"5,3671"
"172,3500";"5,7449";"5,3668"
"172,3600";"5,7453";"5,3678"
"172,3700";"5,7455";"5,3705"
"172,3800";"5,7459";"5,3712"
"172,3900";"5,7462";"5,3678"
"172,4000";"5,7466";"5,3632"
"172,4100";"5,7469";"5,3642"
"172,4200";"5,7472";"5,3695"
"172,4300";"5,7477";"5,3725"
"172,4400";"5,7479";"5,3735"
"172,4500";"5,7484";"5,3737"
"172,4600";"5,7487";"5,3736"
"172,4700";"5,7491";"5,3728"
"172,4800";"5,7494";"5,3713"
"172,4900";"5,7498";"5,3697"
"172,5000";"5,7500";"5,3694"
"172,5100";"5,7504";"5,3691"
"172,5200";"5,7506";"5,3686"
"172,5300";"5,7510";"5,3709"
"172,5400";"5,7512";"5,3731"
"172,5500";"5,7515";"5,3744"
"172,5600";"5,7519";"5,3729"
"172,5700";"5,7523";"5,3715"
"172,5800";"5,7526";"5,3735"
"172,5900";"5,7530";"5,3735"
"172,6000";"5,7533";"5,3724"
"172,6100";"5,7538";"5,3733"
"172,6200";"5,7541";"5,3746"
"172,6300";"5,7545";"5,3768"
"172,6400";"5,7549";"5,3780"
"172,6500";"5,7552";"5,3776"
"172,6600";"5,7554";"5,3758"
"172,6700";"5,7558";"5,3738"
"172,6800";"5,7560";"5,3730"
"172,6900";"5,7563";"5,3752"
"172,7000";"5,7566";"5,3788"
"172,7100";"5,7570";"5,3787"
"172,7200";"5,7572";"5,3762"
"172,7300";"5,7576";"5,3755"
"172,7400";"5,7579";"5,3760"
"172,7500";"5,7583";"5,3764"
"172,7600";"5,7586";"5,3768"
"172,7700";"5,7590";"5,3776"
"172,7800";"5,7595";"5,3792"
"172,7900";"5,7598";"5,3790"
"172,8000";"5,7602";"5,3787"
"172,8100";"5,7606";"5,3777"
"172,8200";"5,7609";"5,3778"
"172,8300";"5,7612";"5,3800"
"172,8400";"5,7615";"5,3816"
"172,8500";"5,7618";"5,3819"
"172,8600";"5,7621";"5,3818"
"172,8700";"5,7623";"5,3804"
"172,8800";"5,7626";"5,3792"
"172,8900";"5,7629";"5,3797"
"172,9000";"5,7632";"5,3822"
"172,9100";"5,7635";"5,3843"
"172,9200";"5,7638";"5,3837"
"172,9300";"5,7642";"5,3832"
"172,9400";"5,7645";"5,3830"
"172,9500";"5,7649";"5,3841"
"172,9600";"5,7652";"5,3828"
"172,9700";"5,7656";"5,3813"
"172,9800";"5,7660";"5,3822"
"172,9900";"5,7663";"5,3847"
"173,0000";"5,7667";"5,3864"
"173,0100";"5,7669";"5,3853"
"173,0200";"5,7672";"5,3830"
"173,0300";"5,7675";"5,3819"
"173,0400";"5,7678";"5,3820"
"173,0500";"5,7682";"5,3831"
"173,0600";"5,7684";"5,3852"
"173,0700";"5,7688";"5,3859"
"173,0800";"5,7691";"5,3863"
"173,0900";"5,7695";"5,3861"
"173,1000";"5,7698";"5,3869"
"173,1100";"5,7702";"5,3875"
"173,1200";"5,7706";"5,3875"
"173,1300";"5,7709";"5,3875"
"173,1400";"5,7713";"5,3856"
"173,1500";"5,7716";"5,3841"
"173,1600";"5,7720";"5,3849"
"173,1700";"5,7723";"5,3878"
"173,1800";"5,7726";"5,3904"
"173,1900";"5,7728";"5,3905"
"173,2000";"5,7732";"5,3891"
"173,2100";"5,7734";"5,3885"
"173,2200";"5,7737";"5,3900"
"173,2300";"5,7741";"5,3915"
"173,2400";"5,7745";"5,3915"
"173,2500";"5,7748";"5,3904"
"173,2600";"5,7752";"5,3907"
"173,2700";"5,7756";"5,3920"
"173,2800";"5,7760";"5,3913"
"173,2900";"5,7763";"5,3897"
"173,3000";"5,7767";"5,3897"
"173,3100";"5,7770";"5,3909"
"173,3200";"5,7774";"5,3903"
"173,3300";"5,7778";"5,3891"
"173,3400";"5,7780";"5,3891"
"173,3500";"5,7783";"5,3916"
"173,3600";"5,7786";"5,3937"
"173,3700";"5,7789";"5,3941"
"173,3800";"5,7793";"5,3938"
"173,3900";"5,7795";"5,3949"
"173,4000";"5,7799";"5,3959"
"173,4100";"5,7802";"5,3968"
"173,4200";"5,7806";"5,3958"
"173,4300";"5,7809";"5,3950"
"173,4400";"5,7813";"5,3952"
"173,4500";"5,7817";"5,3964"
"173,4600";"5,7820";"5,3989"
"173,4700";"5,7824";"5,3993"
"173,4800";"5,7827";"5,3971"
"173,4900";"5,7831";"5,3939"
"173,5000";"5,7834";"5,3932"
"173,5100";"5,7838";"5,3956"
"173,5200";"5,7841";"5,3990"
"173,5300";"5,7844";"5,4001"
"173,5400";"5,7846";"5,4003"
"173,5500";"5,7850";"5,3995"
"173,5600";"5,7853";"5,3991"
"173,5700";"5,7857";"5,3986"
"173,5800";"5,7859";"5,3980"
"173,5900";"5,7863";"5,3969"
"173,6000";"5,7866";"5,3960"
"173,6100";"5,7870";"5,3973"
"173,6200";"5,7873";"5,4006"
"173,6300";"5,7877";"5,4036"
"173,6400";"5,7879";"5,4032"
"173,6500";"5,7883";"5,3999"
"173,6600";"5,7886";"5,3967"
"173,6700";"5,7890";"5,3978"
"173,6800";"5,7892";"5,4001"
"173,6900";"5,7896";"5,4001"
"173,7000";"5,7898";"5,4001"
"173,7100";"5,7900";"5,4017"
"173,7200";"5,7904";"5,4025"
"173,7300";"5,7906";"5,4026"
"173,7400";"5,7910";"5,4035"
"173,7500";"5,7913";"5,4037"
"173,7600";"5,7917";"5,4041"
"173,7700";"5,7920";"5,4025"
"173,7800";"5,7924";"5,4009"
"173,7900";"5,7927";"5,4027"
"173,8000";"5,7931";"5,4070"
"173,8100";"5,7935";"5,4089"
"173,8200";"5,7938";"5,4061"
"173,8300";"5,7942";"5,4040"
"173,8400";"5,7945";"5,4042"
"173,8500";"5,7949";"5,4059"
"173,8600";"5,7951";"5,4061"
"173,8700";"5,7955";"5,4054"
"173,8800";"5,7957";"5,4051"
"173,8900";"5,7961";"5,4060"
"173,9000";"5,7964";"5,4073"
"173,9100";"5,7968";"5,4086"
"173,9200";"5,7971";"5,4095"
"173,9300";"5,7975";"5,4089"
"173,9400";"5,7978";"5,4077"
"173,9500";"5,7983";"5,4075"
"173,9600";"5,7987";"5,4075"
"173,9700";"5,7990";"5,4074"
"173,9800";"5,7994";"5,4061"
"173,9900";"5,7997";"5,4048"
"174,0000";"5,8001";"5,4057"
"174,0100";"5,8003";"5,4080"
"174,0200";"5,8007";"5,4102"
"174,0300";"5,8009";"5,4131"
"174,0400";"5,8012";"5,4152"
"174,0500";"5,8016";"5,4148"
"174,0600";"5,8020";"5,4122"
"174,0700";"5,8022";"5,4115"
"174,0800";"5,8025";"5,4130"
"174,0900";"5,8029";"5,4145"
"174,1000";"5,8033";"5,4137"
"174,1100";"5,8036";"5,4129"
"174,1200";"5,8041";"5,4141"
"174,1300";"5,8044";"5,4139"
"174,1400";"5,8048";"5,4119"
"174,1500";"5,8051";"5,4101"
"174,1600";"5,8055";"5,4120"
"174,1700";"5,8059";"5,4145"
"174,1800";"5,8062";"5,4151"
"174,1900";"5,8066";"5,4155"
"174,2000";"5,8068";"5,4162"
"174,2100";"5,8072";"5,4168"
"174,2200";"5,8074";"5,4156"
"174,2300";"5,8076";"5,4151"
"174,2400";"5,8080";"5,4161"
"174,2500";"5,8082";"5,4177"
"174,2600";"5,8086";"5,4164"
"174,2700";"5,8089";"5,4146"
"174,2800";"5,8093";"5,4143"
"174,2900";"5,8096";"5,4165"
"174,3000";"5,8100";"5,4190"
"174,3100";"5,8103";"5,4197"
"174,3200";"5,8107";"5,4188"
"174,3300";"5,8110";"5,4180"
"174,3400";"5,8114";"5,4175"
"174,3500";"5,8118";"5,4173"
"174,3600";"5,8120";"5,4184"
"174,3700";"5,8123";"5,4191"
"174,3800";"5,8126";"5,4188"
"174,3900";"5,8129";"5,4184"
"174,4000";"5,8132";"5,4196"
"174,4100";"5,8135";"5,4221"
"174,4200";"5,8139";"5,4234"
"174,4300";"5,8142";"5,4228"
"174,4400";"5,8146";"5,4207"
"174,4500";"5,8149";"5,4195"
"174,4600";"5,8153";"5,4198"
"174,4700";"5,8157";"5,4215"
"174,4800";"5,8160";"5,4232"
"174,4900";"5,8164";"5,4231"
"174,5000";"5,8167";"5,4212"
"174,5100";"5,8171";"5,4202"
"174,5200";"5,8173";"5,4202"
"174,5300";"5,8175";"5,4215"
"174,5400";"5,8179";"5,4230"
"174,5500";"5,8181";"5,4232"
"174,5600";"5,8185";"5,4235"
"174,5700";"5,8188";"5,4244"
"174,5800";"5,8192";"5,4245"
"174,5900";"5,8195";"5,4245"
"174,6000";"5,8199";"5,4249"
"174,6100";"5,8203";"5,4259"
"174,6200";"5,8206";"5,4262"
"174,6300";"5,8210";"5,4257"
"174,6400";"5,8213";"5,4270"
"174,6500";"5,8217";"5,4293"
"174,6600";"5,8221";"5,4287"
"174,6700";"5,8224";"5,4270"
"174,6800";"5,8227";"5,4258"
"174,6900";"5,8230";"5,4260"
"174,7000";"5,8233";"5,4269"
"174,7100";"5,8237";"5,4283"
"174,7200";"5,8239";"5,4294"
"174,7300";"5,8243";"5,4306"
"174,7400";"5,8246";"5,4305"
"174,7500";"5,8250";"5,4296"
"174,7600";"5,8253";"5,4296"
"174,7700";"5,8257";"5,4309"
"174,7800";"5,8260";"5,4312"
"174,7900";"5,8264";"5,4289"
"174,8000";"5,8269";"5,4270"
"174,8100";"5,8272";"5,4278"
"174,8200";"5,8276";"5,4301"
"174,8300";"5,8279";"5,4313"
"174,8400";"5,8283";"5,4318"
"174,8500";"5,8286";"5,4313"
"174,8600";"5,8290";"5,4316"
"174,8700";"5,8292";"5,4323"
"174,8800";"5,8295";"5,4328"
"174,8900";"5,8297";"5,4331"
"174,9000";"5,8299";"5,4343"
"174,9100";"5,8303";"5,4344"
"174,9200";"5,8305";"5,4343"
"174,9300";"5,8309";"5,4345"
"174,9400";"5,8312";"5,4344"
"174,9500";"5,8316";"5,4335"
"174,9600";"5,8319";"5,4336"
"174,9700";"5,8323";"5,4356"
"174,9800";"5,8327";"5,4365"
"174,9900";"5,8330";"5,4354"
"175,0000";"5,8334";"5,4346"
"175,0100";"5,8337";"5,4361"
"175,0200";"5,8341";"5,4376"
"175,0300";"5,8343";"5,4374"
"175,0400";"5,8347";"5,4369"
"175,0500";"5,8349";"5,4375"
"175,0600";"5,8352";"5,4377"
"175,0700";"5,8356";"5,4357"
"175,0800";"5,8360";"5,4352"
"175,0900";"5,8362";"5,4368"
"175,1000";"5,8365";"5,4392"
"175,1100";"5,8369";"5,4381"
"175,1200";"5,8373";"5,4350"
"175,1300";"5,8376";"5,4347"
"175,1400";"5,8380";"5,4382"
"175,1500";"5,8383";"5,4409"
"175,1600";"5,8386";"5,4404"
"175,1700";"5,8389";"5,4396"
"175,1800";"5,8393";"5,4407"
"175,1900";"5,8396";"5,4419"
"175,2000";"5,8400";"5,4410"
"175,2100";"5,8402";"5,4416"
"175,2200";"5,8404";"5,4452"
"175,2300";"5,8408";"5,4467"
"175,2400";"5,8412";"5,4440"
"175,2500";"5,8415";"5,4411"
"175,2600";"5,8419";"5,4421"
"175,2700";"5,8422";"5,4457"
"175,2800";"5,8426";"5,4457"
"175,2900";"5,8429";"5,4426"
"175,3000";"5,8433";"5,4396"
"175,3100";"5,8436";"5,4396"
"175,3200";"5,8441";"5,4421"
"175,3300";"5,8445";"5,4438"
"175,3400";"5,8448";"5,4450"
"175,3500";"5,8450";"5,4463"
"175,3600";"5,8454";"5,4469"
"175,3700";"5,8456";"5,4474"
"175,3800";"5,8460";"5,4476"
"175,3900";"5,8462";"5,4475"
"175,4000";"5,8466";"5,4481"
"175,4100";"5,8469";"5,4490"
"175,4200";"5,8473";"5,4484"
"175,4300";"5,8475";"5,4470"
"175,4400";"5,8480";"5,4461"
"175,4500";"5,8482";"5,4472"
"175,4600";"5,8487";"5,4496"
"175,4700";"5,8489";"5,4492"
"175,4800";"5,8494";"5,4473"
"175,4900";"5,8497";"5,4480"
"175,5000";"5,8500";"5,4527"
"175,5100";"5,8504";"5,4568"
"175,5200";"5,8507";"5,4552"
"175,5300";"5,8511";"5,4507"
"175,5400";"5,8513";"5,4495"
"175,5500";"5,8515";"5,4513"
"175,5600";"5,8519";"5,4523"
"175,5700";"5,8521";"5,4514"
"175,5800";"5,8525";"5,4519"
"175,5900";"5,8527";"5,4543"
"175,6000";"5,8531";"5,4551"
"175,6100";"5,8534";"5,4533"
"175,6200";"5,8538";"5,4515"
"175,6300";"5,8541";"5,4520"
"175,6400";"5,8545";"5,4533"
"175,6500";"5,8548";"5,4535"
"175,6600";"5,8552";"5,4533"
"175,6700";"5,8556";"5,4547"
"175,6800";"5,8559";"5,4558"
"175,6900";"5,8563";"5,4553"
"175,7000";"5,8566";"5,4539"
"175,7100";"5,8569";"5,4534"
"175,7200";"5,8572";"5,4545"
"175,7300";"5,8574";"5,4555"
"175,7400";"5,8577";"5,4555"
"175,7500";"5,8580";"5,4553"
"175,7600";"5,8584";"5,4544"
"175,7700";"5,8587";"5,4558"
"175,7800";"5,8591";"5,4576"
"175,7900";"5,8595";"5,4579"
"175,8000";"5,8598";"5,4573"
"175,8100";"5,8602";"5,4567"
"175,8200";"5,8605";"5,4578"
"175,8300";"5,8609";"5,4591"
"175,8400";"5,8613";"5,4578"
"175,8500";"5,8617";"5,4555"
"175,8600";"5,8620";"5,4557"
"175,8700";"5,8623";"5,4575"
"175,8800";"5,8626";"5,4579"
"175,8900";"5,8629";"5,4570"
"175,9000";"5,8632";"5,4579"
"175,9100";"5,8635";"5,4596"
"175,9200";"5,8638";"5,4605"
"175,9300";"5,8642";"5,4589"
"175,9400";"5,8645";"5,4577"
"175,9500";"5,8650";"5,4589"
"175,9600";"5,8654";"5,4608"
"175,9700";"5,8657";"5,4603"
"175,9800";"5,8661";"5,4594"
"175,9900";"5,8665";"5,4618"
"176,0000";"5,8669";"5,4643"
"176,0100";"5,8671";"5,4657"
"176,0200";"5,8674";"5,4647"
"176,0300";"5,8677";"5,4633"
"176,0400";"5,8681";"5,4628"
"176,0500";"5,8683";"5,4633"
"176,0600";"5,8687";"5,4622"
"176,0700";"5,8689";"5,4633"
"176,0800";"5,8692";"5,4664"
"176,0900";"5,8696";"5,4688"
"176,1000";"5,8700";"5,4696"
"176,1100";"5,8703";"5,4687"
"176,1200";"5,8707";"5,4661"
"176,1300";"5,8710";"5,4640"
"176,1400";"5,8714";"5,4638"
"176,1500";"5,8718";"5,4660"
"176,1600";"5,8722";"5,4666"
"176,1700";"5,8726";"5,4647"
"176,1800";"5,8728";"5,4643"
"176,1900";"5,8731";"5,4678"
"176,2000";"5,8735";"5,4708"
"176,2100";"5,8739";"5,4704"
"176,2200";"5,8741";"5,4667"
"176,2300";"5,8743";"5,4640"
"176,2400";"5,8747";"5,4666"
"176,2500";"5,8749";"5,4704"
"176,2600";"5,8753";"5,4708"
"176,2700";"5,8756";"5,4689"
"176,2800";"5,8759";"5,4679"
"176,2900";"5,8763";"5,4691"
"176,3000";"5,8766";"5,4700"
"176,3100";"5,8769";"5,4711"
"176,3200";"5,8773";"5,4717"
"176,3300";"5,8776";"5,4714"
"176,3400";"5,8780";"5,4698"
"176,3500";"5,8783";"5,4704"
"176,3600";"5,8787";"5,4722"
"176,3700";"5,8790";"5,4721"
"176,3800";"5,8793";"5,4708"
"176,3900";"5,8795";"5,4716"
"176,4000";"5,8799";"5,4744"
"176,4100";"5,8802";"5,4740"
"176,4200";"5,8805";"5,4730"
"176,4300";"5,8808";"5,4738"
"176,4400";"5,8812";"5,4745"
"176,4500";"5,8815";"5,4719"
"176,4600";"5,8819";"5,4703"
"176,4700";"5,8822";"5,4721"
"176,4800";"5,8825";"5,4762"
"176,4900";"5,8829";"5,4778"
"176,5000";"5,8832";"5,4739"
"176,5100";"5,8837";"5,4712"
"176,5200";"5,8840";"5,4738"
"176,5300";"5,8844";"5,4776"
"176,5400";"5,8847";"5,4780"
"176,5500";"5,8850";"5,4757"
"176,5600";"5,8853";"5,4753"
"176,5700";"5,8855";"5,4779"
"176,5800";"5,8859";"5,4796"
"176,5900";"5,8861";"5,4785"
"176,6000";"5,8865";"5,4779"
"176,6100";"5,8868";"5,4781"
"176,6200";"5,8872";"5,4784"
"176,6300";"5,8875";"5,4778"
"176,6400";"5,8879";"5,4784"
"176,6500";"5,8884";"5,4806"
"176,6600";"5,8887";"5,4824"
"176,6700";"5,8891";"5,4822"
"176,6800";"5,8894";"5,4810"
"176,6900";"5,8898";"5,4808"
"176,7000";"5,8900";"5,4815"
"176,7100";"5,8903";"5,4815"
"176,7200";"5,8906";"5,4812"
"176,7300";"5,8910";"5,4814"
"176,7400";"5,8912";"5,4809"
"176,7500";"5,8916";"5,4826"
"176,7600";"5,8919";"5,4846"
"176,7700";"5,8923";"5,4857"
"176,7800";"5,8926";"5,4835"
"176,7900";"5,8930";"5,4804"
"176,8000";"5,8933";"5,4801"
"176,8100";"5,8938";"5,4846"
"176,8200";"5,8942";"5,4867"
"176,8300";"5,8945";"5,4862"
"176,8400";"5,8949";"5,4864"
"176,8500";"5,8951";"5,4875"
"176,8600";"5,8955";"5,4875"
"176,8700";"5,8958";"5,4866"
"176,8800";"5,8962";"5,4865"
"176,8900";"5,8964";"5,4870"
"176,9000";"5,8966";"5,4854"
"176,9100";"5,8970";"5,4842"
"176,9200";"5,8972";"5,4843"
"176,9300";"5,8976";"5,4877"
"176,9400";"5,8979";"5,4904"
"176,9500";"5,8982";"5,4884"
"176,9600";"5,8985";"5,4869"
"176,9700";"5,8989";"5,4876"
"176,9800";"5,8992";"5,4890"
"176,9900";"5,8996";"5,4882"
"177,0000";"5,8999";"5,4866"
"177,0100";"5,9003";"5,4870"
"177,0200";"5,9007";"5,4874"
"177,0300";"5,9010";"5,4868"
"177,0400";"5,9014";"5,4865"
"177,0500";"5,9016";"5,4884"
"177,0600";"5,9019";"5,4914"
"177,0700";"5,9023";"5,4923"
"177,0800";"5,9025";"5,4906"
"177,0900";"5,9028";"5,4901"
"177,1000";"5,9031";"5,4910"
"177,1100";"5,9035";"5,4929"
"177,1200";"5,9037";"5,4950"
"177,1300";"5,9041";"5,4966"
"177,1400";"5,9044";"5,4952"
"177,1500";"5,9048";"5,4942"
"177,1600";"5,9051";"5,4940"
"177,1700";"5,9055";"5,4942"
"177,1800";"5,9058";"5,4948"
"177,1900";"5,9062";"5,4944"
"177,2000";"5,9066";"5,4942"
"177,2100";"5,9068";"5,4944"
"177,2200";"5,9070";"5,4960"
"177,2300";"5,9074";"5,4952"
"177,2400";"5,9077";"5,4928"
"177,2500";"5,9080";"5,4920"
"177,2600";"5,9083";"5,4928"
"177,2700";"5,9087";"5,4943"
"177,2800";"5,9092";"5,4954"
"177,2900";"5,9095";"5,4979"
"177,3000";"5,9099";"5,4999"
"177,3100";"5,9103";"5,4994"
"177,3200";"5,9107";"5,4973"
"177,3300";"5,9110";"5,4970"
"177,3400";"5,9114";"5,4971"
"177,3500";"5,9117";"5,4955"
"177,3600";"5,9121";"5,4950"
"177,3700";"5,9123";"5,4972"
"177,3800";"5,9127";"5,5003"
"177,3900";"5,9129";"5,5017"
"177,4000";"5,9133";"5,5008"
"177,4100";"5,9136";"5,4997"
"177,4200";"5,9139";"5,4985"
"177,4300";"5,9142";"5,4976"
"177,4400";"5,9146";"5,4959"
"177,4500";"5,9149";"5,4967"
"177,4600";"5,9153";"5,4997"
"177,4700";"5,9156";"5,5013"
"177,4800";"5,9160";"5,5002"
"177,4900";"5,9165";"5,4991"
"177,5000";"5,9168";"5,4996"
"177,5100";"5,9172";"5,5001"
"177,5200";"5,9174";"5,4987"
"177,5300";"5,9178";"5,4979"
"177,5400";"5,9181";"5,5007"
"177,5500";"5,9184";"5,5057"
"177,5600";"5,9186";"5,5082"
"177,5700";"5,9188";"5,5079"
"177,5800";"5,9192";"5,5056"
"177,5900";"5,9195";"5,5041"
"177,6000";"5,9198";"5,5029"
"177,6100";"5,9201";"5,5027"
"177,6200";"5,9205";"5,5036"
"177,6300";"5,9208";"5,5060"
"177,6400";"5,9211";"5,5076"
"177,6500";"5,9214";"5,5081"
"177,6600";"5,9218";"5,5086"
"177,6700";"5,9221";"5,5094"
"177,6800";"5,9226";"5,5091"
"177,6900";"5,9230";"5,5087"
"177,7000";"5,9233";"5,5083"
"177,7100";"5,9237";"5,5077"
"177,7200";"5,9240";"5,5068"
"177,7300";"5,9243";"5,5067"
"177,7400";"5,9246";"5,5067"
"177,7500";"5,9249";"5,5065"
"177,7600";"5,9252";"5,5057"
"177,7700";"5,9254";"5,5057"
"177,7800";"5,9258";"5,5075"
"177,7900";"5,9262";"5,5078"
"177,8000";"5,9265";"5,5064"
"177,8100";"5,9269";"5,5051"
"177,8200";"5,9272";"5,5065"
"177,8300";"5,9276";"5,5095"
"177,8400";"5,9279";"5,5102"
"177,8500";"5,9283";"5,5094"
"177,8600";"5,9286";"5,5107"
"177,8700";"5,9290";"5,5119"
"177,8800";"5,9293";"5,5106"
"177,8900";"5,9297";"5,5087"
"177,9000";"5,9299";"5,5088"
"177,9100";"5,9302";"5,5106"
"177,9200";"5,9305";"5,5107"
"177,9300";"5,9309";"5,5091"
"177,9400";"5,9312";"5,5102"
"177,9500";"5,9316";"5,5133"
"177,9600";"5,9319";"5,5156"
"177,9700";"5,9324";"5,5152"
"177,9800";"5,9328";"5,5133"
"177,9900";"5,9331";"5,5138"
"178,0000";"5,9335";"5,5162"
"178,0100";"5,9339";"5,5163"
"178,0200";"5,9342";"5,5152"
"178,0300";"5,9345";"5,5144"
"178,0400";"5,9348";"5,5152"
"178,0500";"5,9351";"5,5162"
"178,0600";"5,9354";"5,5161"
"178,0700";"5,9357";"5,5174"
"178,0800";"5,9361";"5,5184"
"178,0900";"5,9363";"5,5196"
"178,1000";"5,9367";"5,5204"
"178,1100";"5,9370";"5,5201"
"178,1200";"5,9374";"5,5190"
"178,1300";"5,9377";"5,5191"
"178,1400";"5,9381";"5,5196"
"178,1500";"5,9384";"5,5205"
"178,1600";"5,9388";"5,5195"
"178,1700";"5,9391";"5,5189"
"178,1800";"5,9395";"5,5199"
"178,1900";"5,9398";"5,5220"
"178,2000";"5,9401";"5,5210"
"178,2100";"5,9406";"5,5180"
"178,2200";"5,9408";"5,5179"
"178,2300";"5,9411";"5,5214"
"178,2400";"5,9414";"5,5226"
"178,2500";"5,9417";"5,5218"
"178,2600";"5,9420";"5,5209"
"178,2700";"5,9423";"5,5206"
"178,2800";"5,9427";"5,5201"
"178,2900";"5,9429";"5,5195"
"178,3000";"5,9433";"5,5199"
"178,3100";"5,9436";"5,5218"
"178,3200";"5,9440";"5,5243"
"178,3300";"5,9443";"5,5238"
"178,3400";"5,9447";"5,5214"
"178,3500";"5,9450";"5,5217"
"178,3600";"5,9454";"5,5244"
"178,3700";"5,9457";"5,5250"
"178,3800";"5,9461";"5,5229"
"178,3900";"5,9465";"5,5212"
"178,4000";"5,9467";"5,5225"
"178,4100";"5,9470";"5,5251"
"178,4200";"5,9473";"5,5264"
"178,4300";"5,9476";"5,5272"
"178,4400";"5,9480";"5,5276"
"178,4500";"5,9482";"5,5264"
"178,4600";"5,9486";"5,5251"
"178,4700";"5,9489";"5,5248"
"178,4800";"5,9493";"5,5261"
"178,4900";"5,9495";"5,5278"
"178,5000";"5,9499";"5,5290"
"178,5100";"5,9502";"5,5287"
"178,5200";"5,9506";"5,5283"
"178,5300";"5,9509";"5,5291"
"178,5400";"5,9513";"5,5300"
"178,5500";"5,9517";"5,5313"
"178,5600";"5,9520";"5,5321"
"178,5700";"5,9522";"5,5307"
"178,5800";"5,9526";"5,5301"
"178,5900";"5,9528";"5,5327"
"178,6000";"5,9532";"5,5346"
"178,6100";"5,9535";"5,5322"
"178,6200";"5,9539";"5,5287"
"178,6300";"5,9542";"5,5292"
"178,6400";"5,9546";"5,5335"
"178,6500";"5,9550";"5,5360"
"178,6600";"5,9553";"5,5344"
"178,6700";"5,9558";"5,5322"
"178,6800";"5,9561";"5,5331"
"178,6900";"5,9565";"5,5349"
"178,7000";"5,9568";"5,5328"
"178,7100";"5,9571";"5,5303"
"178,7200";"5,9574";"5,5308"
"178,7300";"5,9577";"5,5331"
"178,7400";"5,9580";"5,5343"
"178,7500";"5,9584";"5,5349"
"178,7600";"5,9587";"5,5355"
"178,7700";"5,9590";"5,5361"
"178,7800";"5,9593";"5,5368"
"178,7900";"5,9597";"5,5370"
"178,8000";"5,9600";"5,5370"
"178,8100";"5,9604";"5,5374"
"178,8200";"5,9607";"5,5372"
"178,8300";"5,9611";"5,5356"
"178,8400";"5,9615";"5,5349"
"178,8500";"5,9618";"5,5347"
"178,8600";"5,9622";"5,5335"
"178,8700";"5,9625";"5,5336"
"178,8800";"5,9627";"5,5355"
"178,8900";"5,9631";"5,5396"
"178,9000";"5,9633";"5,5407"
"178,9100";"5,9636";"5,5402"
"178,9200";"5,9638";"5,5387"
"178,9300";"5,9642";"5,5380"
"178,9400";"5,9644";"5,5374"
"178,9500";"5,9648";"5,5362"
"178,9600";"5,9651";"5,5360"
"178,9700";"5,9655";"5,5386"
"178,9800";"5,9658";"5,5413"
"178,9900";"5,9662";"5,5426"
"179,0000";"5,9665";"5,5419"
"179,0100";"5,9669";"5,5408"
"179,0200";"5,9672";"5,5407"
"179,0300";"5,9676";"5,5415"
"179,0400";"5,9679";"5,5424"
"179,0500";"5,9682";"5,5412"
"179,0600";"5,9685";"5,5392"
"179,0700";"5,9689";"5,5390"
"179,0800";"5,9691";"5,5405"
"179,0900";"5,9695";"5,5423"
"179,1000";"5,9698";"5,5427"
"179,1100";"5,9701";"5,5429"
"179,1200";"5,9704";"5,5433"
"179,1300";"5,9708";"5,5447"
"179,1400";"5,9711";"5,5444"
"179,1500";"5,9714";"5,5433"
"179,1600";"5,9717";"5,5445"
"179,1700";"5,9721";"5,5461"
"179,1800";"5,9725";"5,5458"
"179,1900";"5,9729";"5,5439"
"179,2000";"5,9733";"5,5443"
"179,2100";"5,9736";"5,5466"
"179,2200";"5,9740";"5,5485"
"179,2300";"5,9743";"5,5468"
"179,2400";"5,9746";"5,5454"
"179,2500";"5,9749";"5,5455"
"179,2600";"5,9751";"5,5458"
"179,2700";"5,9755";"5,5454"
"179,2800";"5,9757";"5,5450"
"179,2900";"5,9761";"5,5467"
"179,3000";"5,9764";"5,5469"
"179,3100";"5,9768";"5,5458"
"179,3200";"5,9772";"5,5456"
"179,3300";"5,9775";"5,5484"
"179,3400";"5,9779";"5,5517"
"179,3500";"5,9783";"5,5527"
"179,3600";"5,9786";"5,5508"
"179,3700";"5,9789";"5,5497"
"179,3800";"5,9793";"5,5506"
"179,3900";"5,9795";"5,5511"
"179,4000";"5,9799";"5,5507"
"179,4100";"5,9801";"5,5499"
"179,4200";"5,9805";"5,5498"
"179,4300";"5,9807";"5,5498"
"179,4400";"5,9810";"5,5505"
"179,4500";"5,9814";"5,5513"
"179,4600";"5,9818";"5,5527"
"179,4700";"5,9821";"5,5537"
"179,4800";"5,9825";"5,5545"
"179,4900";"5,9829";"5,5553"
"179,5000";"5,9833";"5,5566"
"179,5100";"5,9835";"5,5573"
"179,5200";"5,9840";"5,5579"
"179,5300";"5,9842";"5,5576"
"179,5400";"5,9846";"5,5558"
"179,5500";"5,9849";"5,5542"
"179,5600";"5,9853";"5,5534"
"179,5700";"5,9857";"5,5547"
"179,5800";"5,9859";"5,5556"
"179,5900";"5,9861";"5,5544"
"179,6000";"5,9865";"5,5536"
"179,6100";"5,9868";"5,5564"
"179,6200";"5,9871";"5,5594"
"179,6300";"5,9874";"5,5585"
"179,6400";"5,9878";"5,5561"
"179,6500";"5,9881";"5,5551"
"179,6600";"5,9885";"5,5574"
"179,6700";"5,9888";"5,5597"
"179,6800";"5,9892";"5,5594"
"179,6900";"5,9895";"5,5582"
"179,7000";"5,9899";"5,5584"
"179,7100";"5,9903";"5,5586"
"179,7200";"5,9906";"5,5586"
"179,7300";"5,9910";"5,5577"
"179,7400";"5,9913";"5,5573"
"179,7500";"5,9917";"5,5581"
"179,7600";"5,9919";"5,5584"
"179,7700";"5,9923";"5,5587"
"179,7800";"5,9925";"5,5600"
"179,7900";"5,9929";"5,5612"
"179,8000";"5,9932";"5,5599"
"179,8100";"5,9934";"5,5587"
"179,8200";"5,9938";"5,5610"
"179,8300";"5,9942";"5,5627"
"179,8400";"5,9946";"5,5630"
"179,8500";"5,9950";"5,5638"
"179,8600";"5,9953";"5,5626"
"179,8700";"5,9957";"5,5609"
"179,8800";"5,9960";"5,5610"
"179,8900";"5,9964";"5,5625"
"179,9000";"5,9967";"5,5641"
"179,9100";"5,9970";"5,5646"
"179,9200";"5,9973";"5,5634"
"179,9300";"5,9977";"5,5615"
"179,9400";"5,9979";"5,5619"
"179,9500";"5,9983";"5,5635"
"179,9600";"5,9986";"5,5650"
"179,9700";"5,9990";"5,5659"
"179,9800";"5,9993";"5,5668"
"179,9900";"5,9997";"5,5674"
"180,0000";"6,0002";"5,5674"
"180,0100";"6,0005";"5,5672"
"180,0200";"6,0009";"5,5666"
"180,0300";"6,0012";"5,5672"
"180,0400";"6,0016";"5,5677"
"180,0500";"6,0019";"5,5687"
"180,0600";"6,0022";"5,5702"
"180,0700";"6,0024";"5,5694"
"180,0800";"6,0028";"5,5668"
"180,0900";"6,0030";"5,5658"
"180,1000";"6,0034";"5,5664"
"180,1100";"6,0037";"5,5673"
"180,1200";"6,0041";"5,5671"
"180,1300";"6,0044";"5,5676"
"180,1400";"6,0048";"5,5694"
"180,1500";"6,0051";"5,5712"
"180,1600";"6,0055";"5,5714"
"180,1700";"6,0060";"5,5689"
"180,1800";"6,0062";"5,5683"
"180,1900";"6,0065";"5,5704"
"180,2000";"6,0069";"5,5714"
"180,2100";"6,0073";"5,5703"
"180,2200";"6,0075";"5,5700"
"180,2300";"6,0078";"5,5711"
"180,2400";"6,0081";"5,5730"
"180,2500";"6,0084";"5,5739"
"180,2600";"6,0087";"5,5735"
"180,2700";"6,0089";"5,5733"
"180,2800";"6,0093";"5,5725"
"180,2900";"6,0095";"5,5720"
"180,3000";"6,0099";"5,5717"
"180,3100";"6,0102";"5,5727"
"180,3200";"6,0106";"5,5743"
"180,3300";"6,0109";"5,5749"
"180,3400";"6,0113";"5,5745"
"180,3500";"6,0115";"5,5742"
"180,3600";"6,0120";"5,5756"
"180,3700";"6,0123";"5,5765"
"180,3800";"6,0127";"5,5783"
"180,3900";"6,0130";"5,5801"
"180,4000";"6,0134";"5,5806"
"180,4100";"6,0137";"5,5812"
"180,4200";"6,0140";"5,5813"
"180,4300";"6,0142";"5,5820"
"180,4400";"6,0146";"5,5809"
"180,4500";"6,0149";"5,5786"
"180,4600";"6,0152";"5,5771"
"180,4700";"6,0155";"5,5778"
"180,4800";"6,0159";"5,5786"
"180,4900";"6,0162";"5,5790"
"180,5000";"6,0166";"5,5802"
"180,5100";"6,0169";"5,5813"
"180,5200";"6,0173";"5,5811"
"180,5300";"6,0176";"5,5796"
"180,5400";"6,0180";"5,5795"
"180,5500";"6,0184";"5,5805"
"180,5600";"6,0187";"5,5818"
"180,5700";"6,0191";"5,5824"
"180,5800";"6,0194";"5,5836"
"180,5900";"6,0197";"5,5842"
"180,6000";"6,0200";"5,5848"
"180,6100";"6,0202";"5,5844"
"180,6200";"6,0206";"5,5833"
"180,6300";"6,0210";"5,5844"
"180,6400";"6,0213";"5,5855"
"180,6500";"6,0217";"5,5862"
"180,6600";"6,0220";"5,5857"
"180,6700";"6,0224";"5,5854"
"180,6800";"6,0227";"5,5849"
"180,6900";"6,0231";"5,5843"
"180,7000";"6,0234";"5,5833"
"180,7100";"6,0238";"5,5830"
"180,7200";"6,0241";"5,5854"
"180,7300";"6,0244";"5,5870"
"180,7400";"6,0247";"5,5856"
"180,7500";"6,0250";"5,5846"
"180,7600";"6,0253";"5,5855"
"180,7700";"6,0257";"5,5868"
"180,7800";"6,0260";"5,5859"
"180,7900";"6,0263";"5,5832"
"180,8000";"6,0267";"5,5823"
"180,8100";"6,0270";"5,5847"
"180,8200";"6,0273";"5,5885"
"180,8300";"6,0277";"5,5905"
"180,8400";"6,0280";"5,5895"
"180,8500";"6,0284";"5,5867"
"180,8600";"6,0287";"5,5855"
"180,8700";"6,0291";"5,5867"
"180,8800";"6,0294";"5,5878"
"180,8900";"6,0298";"5,5874"
"180,9000";"6,0300";"5,5866"
"180,9100";"6,0304";"5,5883"
"180,9200";"6,0306";"5,5901"
"180,9300";"6,0310";"5,5907"
"180,9400";"6,0312";"5,5895"
"180,9500";"6,0315";"5,5890"
"180,9600";"6,0318";"5,5899"
"180,9700";"6,0322";"5,5897"
"180,9800";"6,0325";"5,5882"
"180,9900";"6,0328";"5,5889"
"181,0000";"6,0331";"5,5918"
"181,0100";"6,0335";"5,5943"
"181,0200";"6,0338";"5,5938"
"181,0300";"6,0342";"5,5931"
"181,0400";"6,0345";"5,5942"
"181,0500";"6,0349";"5,5952"
"181,0600";"6,0352";"5,5929"
"181,0700";"6,0356";"5,5901"
"181,0800";"6,0359";"5,5901"
"181,0900";"6,0363";"5,5927"
"181,1000";"6,0365";"5,5944"
"181,1100";"6,0368";"5,5947"
"181,1200";"6,0371";"5,5945"
"181,1300";"6,0375";"5,5948"
"181,1400";"6,0377";"5,5940"
"181,1500";"6,0381";"5,5935"
"181,1600";"6,0384";"5,5945"
"181,1700";"6,0388";"5,5974"
"181,1800";"6,0391";"5,5979"
"181,1900";"6,0395";"5,5970"
"181,2000";"6,0398";"5,5968"
"181,2100";"6,0402";"5,5968"
"181,2200";"6,0405";"5,5968"
"181,2300";"6,0409";"5,5964"
"181,2400";"6,0413";"5,5966"
"181,2500";"6,0416";"5,5969"
"181,2600";"6,0418";"5,5977"
"181,2700";"6,0422";"5,5987"
"181,2800";"6,0424";"5,5992"
"181,2900";"6,0427";"5,5984"
"181,3000";"6,0430";"5,5969"
"181,3100";"6,0433";"5,5973"
"181,3200";"6,0436";"5,5988"
"181,3300";"6,0440";"5,6003"
"181,3400";"6,0444";"5,6009"
"181,3500";"6,0448";"5,6015"
"181,3600";"6,0452";"5,6031"
"181,3700";"6,0455";"5,6044"
"181,3800";"6,0460";"5,6031"
"181,3900";"6,0463";"5,6007"
"181,4000";"6,0467";"5,5994"
"181,4100";"6,0470";"5,5990"
"181,4200";"6,0473";"5,5992"
"181,4300";"6,0476";"5,6005"
"181,4400";"6,0479";"5,6038"
"181,4500";"6,0482";"5,6058"
"181,4600";"6,0486";"5,6050"
"181,4700";"6,0489";"5,6021"
"181,4800";"6,0492";"5,6013"
"181,4900";"6,0495";"5,6016"
"181,5000";"6,0499";"5,6023"
"181,5100";"6,0502";"5,6033"
"181,5200";"6,0506";"5,6042"
"181,5300";"6,0509";"5,6059"
"181,5400";"6,0513";"5,6067"
"181,5500";"6,0516";"5,6065"
"181,5600";"6,0520";"5,6060"
"181,5700";"6,0524";"5,6064"
"181,5800";"6,0527";"5,6061"
"181,5900";"6,0529";"5,6047"
"181,6000";"6,0533";"5,6052"
"181,6100";"6,0535";"5,6077"
"181,6200";"6,0539";"5,6090"
"181,6300";"6,0541";"5,6067"
"181,6400";"6,0545";"5,6035"
"181,6500";"6,0548";"5,6043"
"181,6600";"6,0552";"5,6072"
"181,6700";"6,0555";"5,6089"
"181,6800";"6,0559";"5,6093"
"181,6900";"6,0562";"5,6102"
"181,7000";"6,0566";"5,6109"
"181,7100";"6,0570";"5,6114"
"181,7200";"6,0573";"5,6106"
"181,7300";"6,0577";"5,6100"
"181,7400";"6,0580";"5,6106"
"181,7500";"6,0585";"5,6111"
"181,7600";"6,0588";"5,6109"
"181,7700";"6,0591";"5,6107"
"181,7800";"6,0594";"5,6116"
"181,7900";"6,0598";"5,6126"
"181,8000";"6,0600";"5,6131"
"181,8100";"6,0604";"5,6135"
"181,8200";"6,0607";"5,6123"
"181,8300";"6,0611";"5,6108"
"181,8400";"6,0614";"5,6108"
"181,8500";"6,0618";"5,6125"
"181,8600";"6,0622";"5,6141"
"181,8700";"6,0625";"5,6146"
"181,8800";"6,0629";"5,6144"
"181,8900";"6,0632";"5,6161"
"181,9000";"6,0636";"5,6169"
"181,9100";"6,0639";"5,6147"
"181,9200";"6,0643";"5,6119"
"181,9300";"6,0645";"5,6119"
"181,9400";"6,0647";"5,6153"
"181,9500";"6,0650";"5,6167"
"181,9600";"6,0653";"5,6160"
"181,9700";"6,0656";"5,6146"
"181,9800";"6,0659";"5,6155"
"181,9900";"6,0663";"5,6171"
"182,0000";"6,0666";"5,6163"
"182,0100";"6,0670";"5,6153"
"182,0200";"6,0673";"5,6158"
"182,0300";"6,0677";"5,6173"
"182,0400";"6,0681";"5,6170"
"182,0500";"6,0684";"5,6165"
"182,0600";"6,0689";"5,6169"
"182,0700";"6,0691";"5,6187"
"182,0800";"6,0695";"5,6201"
"182,0900";"6,0697";"5,6214"
"182,1000";"6,0701";"5,6226"
"182,1100";"6,0703";"5,6231"
"182,1200";"6,0707";"5,6224"
"182,1300";"6,0710";"5,6219"
"182,1400";"6,0712";"5,6208"
"182,1500";"6,0716";"5,6198"
"182,1600";"6,0720";"5,6190"
"182,1700";"6,0723";"5,6191"
"182,1800";"6,0727";"5,6208"
"182,1900";"6,0730";"5,6229"
"182,2000";"6,0734";"5,6234"
"182,2100";"6,0737";"5,6244"
"182,2200";"6,0741";"5,6264"
"182,2300";"6,0744";"5,6254"
"182,2400";"6,0748";"5,6216"
"182,2500";"6,0751";"5,6190"
"182,2600";"6,0755";"5,6196"
"182,2700";"6,0757";"5,6218"
"182,2800";"6,0760";"5,6232"
"182,2900";"6,0763";"5,6247"
"182,3000";"6,0766";"5,6260"
"182,3100";"6,0769";"5,6261"
"182,3200";"6,0773";"5,6244"
"182,3300";"6,0775";"5,6226"
"182,3400";"6,0779";"5,6227"
"182,3500";"6,0782";"5,6236"
"182,3600";"6,0786";"5,6247"
"182,3700";"6,0789";"5,6264"
"182,3800";"6,0793";"5,6285"
"182,3900";"6,0796";"5,6302"
"182,4000";"6,0800";"5,6282"
"182,4100";"6,0803";"5,6256"
"182,4200";"6,0807";"5,6264"
"182,4300";"6,0810";"5,6292"
"182,4400";"6,0813";"5,6310"
"182,4500";"6,0815";"5,6297"
"182,4600";"6,0819";"5,6295"
"182,4700";"6,0821";"5,6311"
"182,4800";"6,0825";"5,6320"
"182,4900";"6,0828";"5,6306"
"182,5000";"6,0830";"5,6281"
"182,5100";"6,0834";"5,6272"
"182,5200";"6,0838";"5,6267"
"182,5300";"6,0841";"5,6267"
"182,5400";"6,0845";"5,6279"
"182,5500";"6,0848";"5,6296"
"182,5600";"6,0852";"5,6300"
"182,5700";"6,0855";"5,6305"
"182,5800";"6,0859";"5,6317"
"182,5900";"6,0862";"5,6329"
"182,6000";"6,0866";"5,6340"
"182,6100";"6,0868";"5,6337"
"182,6200";"6,0872";"5,6328"
"182,6300";"6,0874";"5,6334"
"182,6400";"6,0878";"5,6343"
"182,6500";"6,0880";"5,6350"
"182,6600";"6,0884";"5,6349"
"182,6700";"6,0887";"5,6339"
"182,6800";"6,0891";"5,6332"
"182,6900";"6,0894";"5,6335"
"182,7000";"6,0899";"5,6351"
"182,7100";"6,0902";"5,6354"
"182,7200";"6,0907";"5,6346"
"182,7300";"6,0911";"5,6326"
"182,7400";"6,0914";"5,6331"
"182,7500";"6,0918";"5,6361"
"182,7600";"6,0920";"5,6390"
"182,7700";"6,0924";"5,6392"
"182,7800";"6,0926";"5,6383"
"182,7900";"6,0930";"5,6389"
"182,8000";"6,0933";"5,6384"
"182,8100";"6,0936";"5,6371"
"182,8200";"6,0939";"5,6361"
"182,8300";"6,0943";"5,6353"
"182,8400";"6,0946";"5,6353"
"182,8500";"6,0949";"5,6350"
"182,8600";"6,0952";"5,6364"
"182,8700";"6,0956";"5,6391"
"182,8800";"6,0959";"5,6412"
"182,8900";"6,0963";"5,6407"
"182,9000";"6,0966";"5,6370"
"182,9100";"6,0970";"5,6365"
"182,9200";"6,0973";"5,6396"
"182,9300";"6,0977";"5,6413"
"182,9400";"6,0980";"5,6420"
"182,9500";"6,0983";"5,6425"
"182,9600";"6,0986";"5,6437"
"182,9700";"6,0989";"5,6439"
"182,9800";"6,0991";"5,6430"
"182,9900";"6,0995";"5,6423"
"183,0000";"6,0998";"5,6428"
"183,0100";"6,1002";"5,6430"
"183,0200";"6,1004";"5,6421"
"183,0300";"6,1008";"5,6422"
"183,0400";"6,1011";"5,6433"
"183,0500";"6,1015";"5,6444"
"183,0600";"6,1018";"5,6440"
"183,0700";"6,1022";"5,6432"
"183,0800";"6,1025";"5,6430"
"183,0900";"6,1029";"5,6438"
"183,1000";"6,1032";"5,6465"
"183,1100";"6,1036";"5,6483"
"183,1200";"6,1038";"5,6470"
"183,1300";"6,1042";"5,6443"
"183,1400";"6,1044";"5,6429"
"183,1500";"6,1047";"5,6444"
"183,1600";"6,1050";"5,6463"
"183,1700";"6,1054";"5,6463"
"183,1800";"6,1057";"5,6452"
"183,1900";"6,1061";"5,6453"
"183,2000";"6,1064";"5,6473"
"183,2100";"6,1068";"5,6488"
"183,2200";"6,1072";"5,6492"
"183,2300";"6,1076";"5,6497"
"183,2400";"6,1080";"5,6513"
"183,2500";"6,1083";"5,6509"
"183,2600";"6,1087";"5,6484"
"183,2700";"6,1090";"5,6472"
"183,2800";"6,1094";"5,6488"
"183,2900";"6,1097";"5,6497"
"183,3000";"6,1100";"5,6500"
"183,3100";"6,1103";"5,6489"
"183,3200";"6,1106";"5,6486"
"183,3300";"6,1109";"5,6490"
"183,3400";"6,1111";"5,6475"
"183,3500";"6,1115";"5,6464"
"183,3600";"6,1119";"5,6485"
"183,3700";"6,1122";"5,6517"
"183,3800";"6,1126";"5,6535"
"183,3900";"6,1129";"5,6536"
"183,4000";"6,1133";"5,6537"
"183,4100";"6,1136";"5,6540"
"183,4200";"6,1140";"5,6537"
"183,4300";"6,1143";"5,6522"
"183,4400";"6,1146";"5,6519"
"183,4500";"6,1149";"5,6519"
"183,4600";"6,1152";"5,6523"
"183,4700";"6,1155";"5,6536"
"183,4800";"6,1159";"5,6548"
"183,4900";"6,1162";"5,6555"
"183,5000";"6,1166";"5,6537"
"183,5100";"6,1169";"5,6522"
"183,5200";"6,1173";"5,6529"
"183,5300";"6,1176";"5,6553"
"183,5400";"6,1180";"5,6579"
"183,5500";"6,1183";"5,6592"
"183,5600";"6,1187";"5,6587"
"183,5700";"6,1191";"5,6578"
"183,5800";"6,1194";"5,6574"
"183,5900";"6,1198";"5,6580"
"183,6000";"6,1201";"5,6590"
"183,6100";"6,1205";"5,6591"
"183,6200";"6,1208";"5,6581"
"183,6300";"6,1211";"5,6580"
"183,6400";"6,1214";"5,6584"
"183,6500";"6,1217";"5,6596"
"183,6600";"6,1220";"5,6600"
"183,6700";"6,1224";"5,6600"
"183,6800";"6,1227";"5,6602"
"183,6900";"6,1230";"5,6612"
"183,7000";"6,1234";"5,6612"
"183,7100";"6,1238";"5,6592"
"183,7200";"6,1241";"5,6585"
"183,7300";"6,1245";"5,6581"
"183,7400";"6,1247";"5,6570"
"183,7500";"6,1251";"5,6560"
"183,7600";"6,1254";"5,6574"
"183,7700";"6,1258";"5,6605"
"183,7800";"6,1261";"5,6619"
"183,7900";"6,1264";"5,6612"
"183,8000";"6,1266";"5,6601"
"183,8100";"6,1270";"5,6609"
"183,8200";"6,1272";"5,6626"
"183,8300";"6,1276";"5,6634"
"183,8400";"6,1279";"5,6630"
"183,8500";"6,1281";"5,6634"
"183,8600";"6,1285";"5,6650"
"183,8700";"6,1289";"5,6651"
"183,8800";"6,1292";"5,6641"
"183,8900";"6,1296";"5,6645"
"183,9000";"6,1299";"5,6654"
"183,9100";"6,1303";"5,6644"
"183,9200";"6,1306";"5,6628"
"183,9300";"6,1310";"5,6629"
"183,9400";"6,1313";"5,6646"
"183,9500";"6,1317";"5,6654"
"183,9600";"6,1320";"5,6654"
"183,9700";"6,1324";"5,6653"
"183,9800";"6,1326";"5,6649"
"183,9900";"6,1330";"5,6660"
"184,0000";"6,1332";"5,6674"
"184,0100";"6,1336";"5,6686"
"184,0200";"6,1339";"5,6684"
"184,0300";"6,1343";"5,6679"
"184,0400";"6,1346";"5,6673"
"184,0500";"6,1350";"5,6675"
"184,0600";"6,1353";"5,6677"
"184,0700";"6,1358";"5,6680"
"184,0800";"6,1362";"5,6683"
"184,0900";"6,1365";"5,6686"
"184,1000";"6,1369";"5,6699"
"184,1100";"6,1371";"5,6699"
"184,1200";"6,1375";"5,6690"
"184,1300";"6,1377";"5,6692"
"184,1400";"6,1381";"5,6711"
"184,1500";"6,1383";"5,6723"
"184,1600";"6,1387";"5,6729"
"184,1700";"6,1390";"5,6738"
"184,1800";"6,1394";"5,6744"
"184,1900";"6,1397";"5,6733"
"184,2000";"6,1401";"5,6723"
"184,2100";"6,1404";"5,6725"
"184,2200";"6,1408";"5,6734"
"184,2300";"6,1411";"5,6735"
"184,2400";"6,1415";"5,6724"
"184,2500";"6,1417";"5,6716"
"184,2600";"6,1421";"5,6742"
"184,2700";"6,1424";"5,6758"
"184,2800";"6,1428";"5,6752"
"184,2900";"6,1431";"5,6761"
"184,3000";"6,1434";"5,6763"
"184,3100";"6,1436";"5,6758"
"184,3200";"6,1440";"5,6753"
"184,3300";"6,1442";"5,6762"
"184,3400";"6,1444";"5,6769"
"184,3500";"6,1448";"5,6766"
"184,3600";"6,1451";"5,6745"
"184,3700";"6,1455";"5,6735"
"184,3800";"6,1459";"5,6752"
"184,3900";"6,1462";"5,6770"
"184,4000";"6,1464";"5,6774"
"184,4100";"6,1469";"5,6769"
"184,4200";"6,1472";"5,6771"
"184,4300";"6,1476";"5,6775"
"184,4400";"6,1479";"5,6778"
"184,4500";"6,1482";"5,6781"
"184,4600";"6,1486";"5,6766"
"184,4700";"6,1489";"5,6761"
"184,4800";"6,1492";"5,6776"
"184,4900";"6,1495";"5,6808"
"184,5000";"6,1497";"5,6824"
"184,5100";"6,1500";"5,6825"
"184,5200";"6,1503";"5,6810"
"184,5300";"6,1507";"5,6827"
"184,5400";"6,1510";"5,6837"
"184,5500";"6,1514";"5,6823"
"184,5600";"6,1519";"5,6805"
"184,5700";"6,1522";"5,6803"
"184,5800";"6,1526";"5,6810"
"184,5900";"6,1529";"5,6812"
"184,6000";"6,1533";"5,6807"
"184,6100";"6,1536";"5,6797"
"184,6200";"6,1540";"5,6809"
"184,6300";"6,1544";"5,6834"
"184,6400";"6,1546";"5,6838"
"184,6500";"6,1549";"5,6826"
"184,6600";"6,1552";"5,6832"
"184,6700";"6,1554";"5,6845"
"184,6800";"6,1558";"5,6845"
"184,6900";"6,1561";"5,6849"
"184,7000";"6,1565";"5,6849"
"184,7100";"6,1568";"5,6859"
"184,7200";"6,1572";"5,6853"
"184,7300";"6,1575";"5,6831"
"184,7400";"6,1579";"5,6821"
"184,7500";"6,1582";"5,6828"
"184,7600";"6,1587";"5,6855"
"184,7700";"6,1591";"5,6876"
"184,7800";"6,1594";"5,6879"
"184,7900";"6,1597";"5,6870"
"184,8000";"6,1600";"5,6869"
"184,8100";"6,1603";"5,6863"
"184,8200";"6,1606";"5,6855"
"184,8300";"6,1608";"5,6862"
"184,8400";"6,1612";"5,6867"
"184,8500";"6,1616";"5,6869"
"184,8600";"6,1618";"5,6873"
"184,8700";"6,1621";"5,6889"
"184,8800";"6,1625";"5,6906"
"184,8900";"6,1629";"5,6918"
"184,9000";"6,1632";"5,6916"
"184,9100";"6,1636";"5,6903"
"184,9200";"6,1639";"5,6900"
"184,9300";"6,1643";"5,6915"
"184,9400";"6,1646";"5,6919"
"184,9500";"6,1649";"5,6909"
"184,9600";"6,1652";"5,6901"
"184,9700";"6,1656";"5,6904"
"184,9800";"6,1659";"5,6923"
"184,9900";"6,1662";"5,6940"
"185,0000";"6,1665";"5,6929"
"185,0100";"6,1667";"5,6911"
"185,0200";"6,1671";"5,6913"
"185,0300";"6,1673";"5,6930"
"185,0400";"6,1677";"5,6929"
"185,0500";"6,1680";"5,6910"
"185,0600";"6,1684";"5,6898"
"185,0700";"6,1689";"5,6918"
"185,0800";"6,1692";"5,6950"
"185,0900";"6,1696";"5,6949"
"185,1000";"6,1699";"5,6949"
"185,1100";"6,1703";"5,6970"
"185,1200";"6,1706";"5,6990"
"185,1300";"6,1710";"5,6980"
"185,1400";"6,1714";"5,6960"
"185,1500";"6,1716";"5,6970"
"185,1600";"6,1718";"5,6996"
"185,1700";"6,1722";"5,7005"
"185,1800";"6,1724";"5,6986"
"185,1900";"6,1728";"5,6977"
"185,2000";"6,1731";"5,6994"
"185,2100";"6,1735";"5,7000"
"185,2200";"6,1738";"5,6983"
"185,2300";"6,1741";"5,6977"
"185,2400";"6,1745";"5,6983"
"185,2500";"6,1749";"5,6990"
"185,2600";"6,1752";"5,6984"
"185,2700";"6,1756";"5,6976"
"185,2800";"6,1760";"5,6976"
"185,2900";"6,1763";"5,6981"
"185,3000";"6,1767";"5,6978"
"185,3100";"6,1770";"5,6995"
"185,3200";"6,1774";"5,7016"
"185,3300";"6,1776";"5,7043"
"185,3400";"6,1780";"5,7054"
"185,3500";"6,1783";"5,7038"
"185,3600";"6,1786";"5,7029"
"185,3700";"6,1789";"5,7029"
"185,3800";"6,1793";"5,7035"
"185,3900";"6,1796";"5,7035"
"185,4000";"6,1800";"5,7022"
"185,4100";"6,1803";"5,7015"
"185,4200";"6,1807";"5,7007"
"185,4300";"6,1812";"5,7022"
"185,4400";"6,1815";"5,7041"
"185,4500";"6,1819";"5,7054"
"185,4600";"6,1822";"5,7047"
"185,4700";"6,1824";"5,7028"
"185,4800";"6,1828";"5,7025"
"185,4900";"6,1830";"5,7030"
"185,5000";"6,1834";"5,7037"
"185,5100";"6,1837";"5,7055"
"185,5200";"6,1840";"5,7071"
"185,5300";"6,1843";"5,7076"
"185,5400";"6,1847";"5,7066"
"185,5500";"6,1850";"5,7070"
"185,5600";"6,1854";"5,7089"
"185,5700";"6,1858";"5,7090"
"185,5800";"6,1861";"5,7062"
"185,5900";"6,1865";"5,7049"
"185,6000";"6,1868";"5,7075"
"185,6100";"6,1872";"5,7113"
"185,6200";"6,1875";"5,7112"
"185,6300";"6,1879";"5,7101"
"185,6400";"6,1881";"5,7094"
"185,6500";"6,1885";"5,7102"
"185,6600";"6,1888";"5,7087"
"185,6700";"6,1891";"5,7066"
"185,6800";"6,1893";"5,7066"
"185,6900";"6,1897";"5,7082"
"185,7000";"6,1900";"5,7106"
"185,7100";"6,1902";"5,7105"
"185,7200";"6,1906";"5,7101"
"185,7300";"6,1910";"5,7102"
"185,7400";"6,1913";"5,7094"
"185,7500";"6,1915";"5,7094"
"185,7600";"6,1919";"5,7106"
"185,7700";"6,1922";"5,7122"
"185,7800";"6,1926";"5,7133"
"185,7900";"6,1930";"5,7133"
"185,8000";"6,1933";"5,7132"
"185,8100";"6,1937";"5,7131"
"185,8200";"6,1940";"5,7122"
"185,8300";"6,1944";"5,7114"
"185,8400";"6,1946";"5,7119"
"185,8500";"6,1950";"5,7134"
"185,8600";"6,1953";"5,7145"
"185,8700";"6,1956";"5,7144"
"185,8800";"6,1959";"5,7148"
"185,8900";"6,1963";"5,7155"
"185,9000";"6,1966";"5,7156"
"185,9100";"6,1969";"5,7159"
"185,9200";"6,1972";"5,7168"
"185,9300";"6,1976";"5,7172"
"185,9400";"6,1979";"5,7170"
"185,9500";"6,1983";"5,7167"
"185,9600";"6,1986";"5,7171"
"185,9700";"6,1990";"5,7187"
"185,9800";"6,1993";"5,7176"
"185,9900";"6,1996";"5,7161"
"186,0000";"6,1998";"5,7167"
"186,0100";"6,2002";"5,7195"
"186,0200";"6,2004";"5,7208"
"186,0300";"6,2007";"5,7205"
"186,0400";"6,2010";"5,7195"
"186,0500";"6,2015";"5,7195"
"186,0600";"6,2018";"5,7178"
"186,0700";"6,2022";"5,7162"
"186,0800";"6,2025";"5,7163"
"186,0900";"6,2030";"5,7175"
"186,1000";"6,2033";"5,7182"
"186,1100";"6,2037";"5,7182"
"186,1200";"6,2041";"5,7201"
"186,1300";"6,2044";"5,7228"
"186,1400";"6,2048";"5,7241"
"186,1500";"6,2050";"5,7221"
"186,1600";"6,2054";"5,7202"
"186,1700";"6,2056";"5,7204"
"186,1800";"6,2059";"5,7210"
"186,1900";"6,2062";"5,7225"
"186,2000";"6,2065";"5,7232"
"186,2100";"6,2069";"5,7240"
"186,2200";"6,2072";"5,7241"
"186,2300";"6,2076";"5,7246"
"186,2400";"6,2080";"5,7251"
"186,2500";"6,2083";"5,7254"
"186,2600";"6,2088";"5,7249"
"186,2700";"6,2091";"5,7239"
"186,2800";"6,2095";"5,7230"
"186,2900";"6,2098";"5,7222"
"186,3000";"6,2102";"5,7234"
"186,3100";"6,2104";"5,7232"
"186,3200";"6,2108";"5,7223"
"186,3300";"6,2111";"5,7229"
"186,3400";"6,2114";"5,7244"
"186,3500";"6,2116";"5,7266"
"186,3600";"6,2118";"5,7285"
"186,3700";"6,2122";"5,7294"
"186,3800";"6,2124";"5,7279"
"186,3900";"6,2128";"5,7241"
"186,4000";"6,2131";"5,7228"
"186,4100";"6,2135";"5,7242"
"186,4200";"6,2137";"5,7251"
"186,4300";"6,2141";"5,7250"
"186,4400";"6,2144";"5,7247"
"186,4500";"6,2148";"5,7279"
"186,4600";"6,2152";"5,7296"
"186,4700";"6,2155";"5,7286"
"186,4800";"6,2159";"5,7281"
"186,4900";"6,2162";"5,7295"
"186,5000";"6,2165";"5,7308"
"186,5100";"6,2168";"5,7312"
"186,5200";"6,2170";"5,7303"
"186,5300";"6,2174";"5,7309"
"186,5400";"6,2177";"5,7328"
"186,5500";"6,2180";"5,7327"
"186,5600";"6,2183";"5,7311"
"186,5700";"6,2187";"5,7305"
"186,5800";"6,2190";"5,7326"
"186,5900";"6,2194";"5,7343"
"186,6000";"6,2198";"5,7332"
"186,6100";"6,2201";"5,7309"
"186,6200";"6,2206";"5,7301"
"186,6300";"6,2209";"5,7313"
"186,6400";"6,2213";"5,7328"
"186,6500";"6,2216";"5,7325"
"186,6600";"6,2220";"5,7327"
"186,6700";"6,2222";"5,7338"
"186,6800";"6,2225";"5,7349"
"186,6900";"6,2228";"5,7362"
"186,7000";"6,2231";"5,7356"
"186,7100";"6,2234";"5,7343"
"186,7200";"6,2238";"5,7333"
"186,7300";"6,2241";"5,7340"
"186,7400";"6,2245";"5,7361"
"186,7500";"6,2250";"5,7369"
"186,7600";"6,2253";"5,7363"
"186,7700";"6,2257";"5,7342"
"186,7800";"6,2260";"5,7341"
"186,7900";"6,2264";"5,7347"
"186,8000";"6,2267";"5,7368"
"186,8100";"6,2271";"5,7406"
"186,8200";"6,2274";"5,7423"
"186,8300";"6,2277";"5,7410"
"186,8400";"6,2280";"5,7367"
"186,8500";"6,2283";"5,7353"
"186,8600";"6,2285";"5,7374"
"186,8700";"6,2288";"5,7395"
"186,8800";"6,2292";"5,7396"
"186,8900";"6,2294";"5,7375"
"186,9000";"6,2298";"5,7380"
"186,9100";"6,2301";"5,7409"
"186,9200";"6,2305";"5,7418"
"186,9300";"6,2309";"5,7402"
"186,9400";"6,2312";"5,7411"
"186,9500";"6,2316";"5,7440"
"186,9600";"6,2319";"5,7448"
"186,9700";"6,2324";"5,7443"
"186,9800";"6,2326";"5,7426"
"186,9900";"6,2330";"5,7423"
"187,0000";"6,2333";"5,7423"
"187,0100";"6,2337";"5,7418"
"187,0200";"6,2339";"5,7426"
"187,0300";"6,2343";"5,7445"
"187,0400";"6,2345";"5,7448"
"187,0500";"6,2349";"5,7433"
"187,0600";"6,2351";"5,7428"
"187,0700";"6,2355";"5,7441"
"187,0800";"6,2358";"5,7470"
"187,0900";"6,2362";"5,7474"
"187,1000";"6,2365";"5,7462"
"187,1100";"6,2369";"5,7453"
"187,1200";"6,2372";"5,7444"
"187,1300";"6,2376";"5,7433"
"187,1400";"6,2379";"5,7442"
"187,1500";"6,2383";"5,7451"
"187,1600";"6,2388";"5,7458"
"187,1700";"6,2390";"5,7453"
"187,1800";"6,2394";"5,7451"
"187,1900";"6,2396";"5,7459"
"187,2000";"6,2399";"5,7467"
"187,2100";"6,2402";"5,7463"
"187,2200";"6,2405";"5,7465"
"187,2300";"6,2409";"5,7468"
"187,2400";"6,2412";"5,7484"
"187,2500";"6,2415";"5,7512"
"187,2600";"6,2418";"5,7526"
"187,2700";"6,2422";"5,7524"
"187,2800";"6,2425";"5,7510"
"187,2900";"6,2429";"5,7494"
"187,3000";"6,2432";"5,7495"
"187,3100";"6,2436";"5,7510"
"187,3200";"6,2440";"5,7508"
"187,3300";"6,2443";"5,7494"
"187,3400";"6,2447";"5,7495"
"187,3500";"6,2450";"5,7519"
"187,3600";"6,2453";"5,7540"
"187,3700";"6,2455";"5,7542"
"187,3800";"6,2458";"5,7529"
"187,3900";"6,2462";"5,7533"
"187,4000";"6,2466";"5,7527"
"187,4100";"6,2469";"5,7519"
"187,4200";"6,2473";"5,7520"
"187,4300";"6,2476";"5,7533"
"187,4400";"6,2480";"5,7548"
"187,4500";"6,2483";"5,7542"
"187,4600";"6,2487";"5,7524"
"187,4700";"6,2492";"5,7536"
"187,4800";"6,2495";"5,7558"
"187,4900";"6,2497";"5,7552"
"187,5000";"6,2501";"5,7527"
"187,5100";"6,2505";"5,7525"
"187,5200";"6,2507";"5,7547"
"187,5300";"6,2510";"5,7571"
"187,5400";"6,2513";"5,7573"
"187,5500";"6,2516";"5,7566"
"187,5600";"6,2520";"5,7575"
"187,5700";"6,2523";"5,7592"
"187,5800";"6,2527";"5,7588"
"187,5900";"6,2530";"5,7581"
"187,6000";"6,2534";"5,7574"
"187,6100";"6,2539";"5,7583"
"187,6200";"6,2542";"5,7592"
"187,6300";"6,2546";"5,7587"
"187,6400";"6,2549";"5,7572"
"187,6500";"6,2553";"5,7566"
"187,6600";"6,2556";"5,7578"
"187,6700";"6,2560";"5,7588"
"187,6800";"6,2562";"5,7581"
"187,6900";"6,2565";"5,7574"
"187,7000";"6,2567";"5,7580"
"187,7100";"6,2571";"5,7592"
"187,7200";"6,2573";"5,7591"
"187,7300";"6,2577";"5,7581"
"187,7400";"6,2580";"5,7573"
"187,7500";"6,2582";"5,7599"
"187,7600";"6,2586";"5,7641"
"187,7700";"6,2590";"5,7647"
"187,7800";"6,2593";"5,7624"
"187,7900";"6,2597";"5,7627"
"187,8000";"6,2600";"5,7654"
"187,8100";"6,2604";"5,7671"
"187,8200";"6,2607";"5,7644"
"187,8300";"6,2611";"5,7627"
"187,8400";"6,2614";"5,7634"
"187,8500";"6,2617";"5,7664"
"187,8600";"6,2619";"5,7677"
"187,8700";"6,2623";"5,7665"
"187,8800";"6,2625";"5,7650"
"187,8900";"6,2628";"5,7655"
"187,9000";"6,2632";"5,7658"
"187,9100";"6,2634";"5,7651"
"187,9200";"6,2638";"5,7651"
"187,9300";"6,2641";"5,7663"
"187,9400";"6,2645";"5,7680"
"187,9500";"6,2649";"5,7685"
"187,9600";"6,2652";"5,7674"
"187,9700";"6,2656";"5,7662"
"187,9800";"6,2659";"5,7664"
"187,9900";"6,2663";"5,7673"
"188,0000";"6,2666";"5,7672"
"188,0100";"6,2670";"5,7655"
"188,0200";"6,2672";"5,7636"
"188,0300";"6,2675";"5,7637"
"188,0400";"6,2678";"5,7655"
"188,0500";"6,2680";"5,7675"
"188,0600";"6,2684";"5,7682"
"188,0700";"6,2687";"5,7689"
"188,0800";"6,2691";"5,7710"
"188,0900";"6,2695";"5,7727"
"188,1000";"6,2698";"5,7730"
"188,1100";"6,2703";"5,7724"
"188,1200";"6,2708";"5,7713"
"188,1300";"6,2711";"5,7722"
"188,1400";"6,2715";"5,7723"
"188,1500";"6,2718";"5,7708"
"188,1600";"6,2721";"5,7691"
"188,1700";"6,2724";"5,7701"
"188,1800";"6,2726";"5,7727"
"188,1900";"6,2730";"5,7750"
"188,2000";"6,2732";"5,7761"
"188,2100";"6,2736";"5,7765"
"188,2200";"6,2739";"5,7754"
"188,2300";"6,2742";"5,7744"
"188,2400";"6,2745";"5,7742"
"188,2500";"6,2749";"5,7753"
"188,2600";"6,2752";"5,7764"
"188,2700";"6,2756";"5,7764"
"188,2800";"6,2759";"5,7764"
"188,2900";"6,2763";"5,7777"
"188,3000";"6,2767";"5,7773"
"188,3100";"6,2770";"5,7768"
"188,3200";"6,2774";"5,7764"
"188,3300";"6,2777";"5,7769"
"188,3400";"6,2780";"5,7768"
"188,3500";"6,2783";"5,7765"
"188,3600";"6,2787";"5,7777"
"188,3700";"6,2790";"5,7798"
"188,3800";"6,2793";"5,7806"
"188,3900";"6,2795";"5,7790"
"188,4000";"6,2798";"5,7773"
"188,4100";"6,2801";"5,7787"
"188,4200";"6,2804";"5,7798"
"188,4300";"6,2808";"5,7780"
"188,4400";"6,2811";"5,7746"
"188,4500";"6,2815";"5,7741"
"188,4600";"6,2819";"5,7774"
"188,4700";"6,2822";"5,7805"
"188,4800";"6,2826";"5,7814"
"188,4900";"6,2829";"5,7819"
"188,5000";"6,2833";"5,7813"
"188,5100";"6,2836";"5,7794"
"188,5200";"6,2839";"5,7785"
"188,5300";"6,2842";"5,7797"
"188,5400";"6,2845";"5,7824"
"188,5500";"6,2848";"5,7840"
"188,5600";"6,2850";"5,7838"
"188,5700";"6,2854";"5,7831"
"188,5800";"6,2856";"5,7837"
"188,5900";"6,2861";"5,7853"
"188,6000";"6,2863";"5,7857"
"188,6100";"6,2868";"5,7846"
"188,6200";"6,2872";"5,7828"
"188,6300";"6,2875";"5,7824"
"188,6400";"6,2880";"5,7843"
"188,6500";"6,2883";"5,7863"
"188,6600";"6,2887";"5,7855"
"188,6700";"6,2891";"5,7834"
"188,6800";"6,2894";"5,7837"
"188,6900";"6,2896";"5,7859"
"188,7000";"6,2899";"5,7868"
"188,7100";"6,2901";"5,7856"
"188,7200";"6,2905";"5,7847"
"188,7300";"6,2907";"5,7873"
"188,7400";"6,2911";"5,7913"
"188,7500";"6,2914";"5,7908"
"188,7600";"6,2918";"5,7877"
"188,7700";"6,2921";"5,7864"
"188,7800";"6,2926";"5,7878"
"188,7900";"6,2930";"5,7885"
"188,8000";"6,2933";"5,7880"
"188,8100";"6,2937";"5,7878"
"188,8200";"6,2940";"5,7907"
"188,8300";"6,2944";"5,7921"
"188,8400";"6,2947";"5,7899"
"188,8500";"6,2951";"5,7885"
"188,8600";"6,2953";"5,7891"
"188,8700";"6,2957";"5,7913"
"188,8800";"6,2959";"5,7913"
"188,8900";"6,2963";"5,7889"
"188,9000";"6,2965";"5,7879"
"188,9100";"6,2968";"5,7902"
"188,9200";"6,2972";"5,7920"
"188,9300";"6,2976";"5,7918"
"188,9400";"6,2979";"5,7899"
"188,9500";"6,2983";"5,7886"
"188,9600";"6,2986";"5,7893"
"188,9700";"6,2990";"5,7927"
"188,9800";"6,2993";"5,7948"
"188,9900";"6,2997";"5,7942"
"189,0000";"6,3000";"5,7927"
"189,0100";"6,3004";"5,7922"
"189,0200";"6,3007";"5,7925"
"189,0300";"6,3011";"5,7940"
"189,0400";"6,3013";"5,7957"
"189,0500";"6,3017";"5,7971"
"189,0600";"6,3019";"5,7978"
"189,0700";"6,3023";"5,7979"
"189,0800";"6,3025";"5,7977"
"189,0900";"6,3029";"5,7975"
"189,1000";"6,3032";"5,7967"
"189,1100";"6,3036";"5,7949"
"189,1200";"6,3039";"5,7928"
"189,1300";"6,3042";"5,7934"
"189,1400";"6,3045";"5,7977"
"189,1500";"6,3049";"5,8017"
"189,1600";"6,3052";"5,8007"
"189,1700";"6,3056";"5,7971"
"189,1800";"6,3059";"5,7968"
"189,1900";"6,3063";"5,7981"
"189,2000";"6,3066";"5,7984"
"189,2100";"6,3069";"5,7980"
"189,2200";"6,3072";"5,7983"
"189,2300";"6,3075";"5,7995"
"189,2400";"6,3078";"5,7994"
"189,2500";"6,3082";"5,7990"
"189,2600";"6,3085";"5,7997"
"189,2700";"6,3088";"5,8017"
"189,2800";"6,3091";"5,8020"
"189,2900";"6,3095";"5,7987"
"189,3000";"6,3098";"5,7964"
"189,3100";"6,3102";"5,7959"
"189,3200";"6,3105";"5,7969"
"189,3300";"6,3109";"5,7985"
"189,3400";"6,3112";"5,8015"
"189,3500";"6,3116";"5,8041"
"189,3600";"6,3120";"5,8047"
"189,3700";"6,3122";"5,8039"
"189,3800";"6,3125";"5,8031"
"189,3900";"6,3128";"5,8024"
"189,4000";"6,3131";"5,8006"
"189,4100";"6,3135";"5,8008"
"189,4200";"6,3138";"5,8034"
"189,4300";"6,3143";"5,8060"
"189,4400";"6,3147";"5,8059"
"189,4500";"6,3150";"5,8056"
"189,4600";"6,3154";"5,8053"
"189,4700";"6,3157";"5,8060"
"189,4800";"6,3162";"5,8067"
"189,4900";"6,3166";"5,8065"
"189,5000";"6,3169";"5,8074"
"189,5100";"6,3172";"5,8087"
"189,5200";"6,3175";"5,8081"
"189,5300";"6,3177";"5,8063"
"189,5400";"6,3181";"5,8067"
"189,5500";"6,3183";"5,8074"
"189,5600";"6,3187";"5,8072"
"189,5700";"6,3190";"5,8060"
"189,5800";"6,3193";"5,8051"
"189,5900";"6,3196";"5,8064"
"189,6000";"6,3200";"5,8076"
"189,6100";"6,3203";"5,8089"
"189,6200";"6,3207";"5,8098"
"189,6300";"6,3212";"5,8110"
"189,6400";"6,3215";"5,8114"
"189,6500";"6,3219";"5,8104"
"189,6600";"6,3222";"5,8095"
"189,6700";"6,3225";"5,8104"
"189,6800";"6,3228";"5,8120"
"189,6900";"6,3232";"5,8118"
"189,7000";"6,3234";"5,8121"
"189,7100";"6,3238";"5,8128"
"189,7200";"6,3240";"5,8129"
"189,7300";"6,3242";"5,8125"
"189,7400";"6,3246";"5,8115"
"189,7500";"6,3248";"5,8131"
"189,7600";"6,3252";"5,8143"
"189,7700";"6,3255";"5,8139"
"189,7800";"6,3259";"5,8147"
"189,7900";"6,3262";"5,8174"
"189,8000";"6,3266";"5,8185"
"189,8100";"6,3268";"5,8165"
"189,8200";"6,3272";"5,8127"
"189,8300";"6,3275";"5,8106"
"189,8400";"6,3279";"5,8122"
"189,8500";"6,3282";"5,8136"
"189,8600";"6,3286";"5,8131"
"189,8700";"6,3290";"5,8124"
"189,8800";"6,3292";"5,8130"
"189,8900";"6,3295";"5,8149"
"189,9000";"6,3299";"5,8175"
"189,9100";"6,3301";"5,8178"
"189,9200";"6,3305";"5,8173"
"189,9300";"6,3308";"5,8173"
"189,9400";"6,3312";"5,8173"
"189,9500";"6,3316";"5,8176"
"189,9600";"6,3319";"5,8186"
"189,9700";"6,3323";"5,8193"
"189,9800";"6,3326";"5,8193"
"189,9900";"6,3330";"5,8191"
"190,0000";"6,3333";"5,8179"
"190,0100";"6,3337";"5,8185"
"190,0200";"6,3340";"5,8196"
"190,0300";"6,3344";"5,8195"
"190,0400";"6,3346";"5,8187"
"190,0500";"6,3349";"5,8177"
"190,0600";"6,3352";"5,8183"
"190,0700";"6,3354";"5,8209"
"190,0800";"6,3358";"5,8224"
"190,0900";"6,3362";"5,8202"
"190,1000";"6,3365";"5,8176"
"190,1100";"6,3369";"5,8186"
"190,1200";"6,3372";"5,8227"
"190,1300";"6,3376";"5,8242"
"190,1400";"6,3380";"5,8230"
"190,1500";"6,3384";"5,8219"
"190,1600";"6,3388";"5,8227"
"190,1700";"6,3391";"5,8238"
"190,1800";"6,3393";"5,8225"
"190,1900";"6,3397";"5,8223"
"190,2000";"6,3399";"5,8243"
"190,2100";"6,3403";"5,8261"
"190,2200";"6,3405";"5,8251"
"190,2300";"6,3409";"5,8234"
"190,2400";"6,3411";"5,8244"
"190,2500";"6,3415";"5,8268"
"190,2600";"6,3418";"5,8267"
"190,2700";"6,3422";"5,8239"
"190,2800";"6,3425";"5,8221"
"190,2900";"6,3429";"5,8243"
"190,3000";"6,3432";"5,8281"
"190,3100";"6,3436";"5,8298"
"190,3200";"6,3440";"5,8280"
"190,3300";"6,3443";"5,8255"
"190,3400";"6,3447";"5,8251"
"190,3500";"6,3450";"5,8267"
"190,3600";"6,3454";"5,8275"
"190,3700";"6,3457";"5,8273"
"190,3800";"6,3460";"5,8275"
"190,3900";"6,3463";"5,8301"
"190,4000";"6,3465";"5,8319"
"190,4100";"6,3469";"5,8309"
"190,4200";"6,3471";"5,8286"
"190,4300";"6,3475";"5,8285"
"190,4400";"6,3478";"5,8306"
"190,4500";"6,3482";"5,8322"
"190,4600";"6,3486";"5,8313"
"190,4700";"6,3489";"5,8299"
"190,4800";"6,3493";"5,8310"
"190,4900";"6,3496";"5,8340"
"190,5000";"6,3499";"5,8340"
"190,5100";"6,3502";"5,8321"
"190,5200";"6,3506";"5,8314"
"190,5300";"6,3509";"5,8328"
"190,5400";"6,3512";"5,8322"
"190,5500";"6,3515";"5,8297"
"190,5600";"6,3517";"5,8287"
"190,5700";"6,3521";"5,8306"
"190,5800";"6,3523";"5,8335"
"190,5900";"6,3527";"5,8337"
"190,6000";"6,3530";"5,8319"
"190,6100";"6,3533";"5,8318"
"190,6200";"6,3536";"5,8339"
"190,6300";"6,3540";"5,8345"
"190,6400";"6,3545";"5,8342"
"190,6500";"6,3548";"5,8340"
"190,6600";"6,3552";"5,8339"
"190,6700";"6,3555";"5,8340"
"190,6800";"6,3559";"5,8343"
"190,6900";"6,3562";"5,8352"
"190,7000";"6,3566";"5,8355"
"190,7100";"6,3569";"5,8346"
"190,7200";"6,3572";"5,8347"
"190,7300";"6,3575";"5,8363"
"190,7400";"6,3578";"5,8373"
"190,7500";"6,3581";"5,8368"
"190,7600";"6,3584";"5,8364"
"190,7700";"6,3587";"5,8362"
"190,7800";"6,3591";"5,8361"
"190,7900";"6,3594";"5,8369"
"190,8000";"6,3599";"5,8377"
"190,8100";"6,3602";"5,8374"
"190,8200";"6,3606";"5,8379"
"190,8300";"6,3609";"5,8376"
"190,8400";"6,3614";"5,8386"
"190,8500";"6,3618";"5,8409"
"190,8600";"6,3620";"5,8412"
"190,8700";"6,3624";"5,8401"
"190,8800";"6,3627";"5,8404"
"190,8900";"6,3630";"5,8424"
"190,9000";"6,3633";"5,8417"
"190,9100";"6,3637";"5,8381"
"190,9200";"6,3639";"5,8376"
"190,9300";"6,3643";"5,8399"
"190,9400";"6,3646";"5,8413"
"190,9500";"6,3650";"5,8405"
"190,9600";"6,3654";"5,8382"
"190,9700";"6,3658";"5,8387"
"190,9800";"6,3661";"5,8407"
"190,9900";"6,3665";"5,8429"
"191,0000";"6,3669";"5,8431"
"191,0100";"6,3672";"5,8426"
"191,0200";"6,3674";"5,8438"
"191,0300";"6,3678";"5,8454"
"191,0400";"6,3682";"5,8459"
"191,0500";"6,3685";"5,8443"
"191,0600";"6,3687";"5,8432"
"191,0700";"6,3690";"5,8432"
"191,0800";"6,3693";"5,8437"
"191,0900";"6,3696";"5,8454"
"191,1000";"6,3699";"5,8471"
"191,1100";"6,3703";"5,8469"
"191,1200";"6,3706";"5,8460"
"191,1300";"6,3710";"5,8471"
"191,1400";"6,3713";"5,8483"
"191,1500";"6,3717";"5,8485"
"191,1600";"6,3720";"5,8467"
"191,1700";"6,3724";"5,8456"
"191,1800";"6,3728";"5,8457"
"191,1900";"6,3731";"5,8462"
"191,2000";"6,3735";"5,8476"
"191,2100";"6,3738";"5,8490"
"191,2200";"6,3741";"5,8501"
"191,2300";"6,3743";"5,8516"
"191,2400";"6,3746";"5,8525"
"191,2500";"6,3750";"5,8518"
"191,2600";"6,3754";"5,8506"
"191,2700";"6,3756";"5,8500"
"191,2800";"6,3759";"5,8494"
"191,2900";"6,3763";"5,8492"
"191,3000";"6,3767";"5,8497"
"191,3100";"6,3771";"5,8507"
"191,3200";"6,3774";"5,8524"
"191,3300";"6,3778";"5,8542"
"191,3400";"6,3782";"5,8533"
"191,3500";"6,3785";"5,8506"
"191,3600";"6,3788";"5,8491"
"191,3700";"6,3790";"5,8513"
"191,3800";"6,3794";"5,8537"
"191,3900";"6,3796";"5,8534"
"191,4000";"6,3800";"5,8511"
"191,4100";"6,3802";"5,8510"
"191,4200";"6,3805";"5,8532"
"191,4300";"6,3809";"5,8553"
"191,4400";"6,3813";"5,8557"
"191,4500";"6,3816";"5,8565"
"191,4600";"6,3820";"5,8579"
"191,4700";"6,3823";"5,8590"
"191,4800";"6,3828";"5,8568"
"191,4900";"6,3831";"5,8557"
"191,5000";"6,3835";"5,8567"
"191,5100";"6,3839";"5,8584"
"191,5200";"6,3842";"5,8583"
"191,5300";"6,3844";"5,8565"
"191,5400";"6,3848";"5,8563"
"191,5500";"6,3850";"5,8578"
"191,5600";"6,3854";"5,8578"
"191,5700";"6,3856";"5,8571"
"191,5800";"6,3860";"5,8573"
"191,5900";"6,3863";"5,8591"
"191,6000";"6,3867";"5,8607"
"191,6100";"6,3870";"5,8621"
"191,6200";"6,3874";"5,8611"
"191,6300";"6,3877";"5,8602"
"191,6400";"6,3881";"5,8603"
"191,6500";"6,3885";"5,8614"
"191,6600";"6,3888";"5,8620"
"191,6700";"6,3892";"5,8625"
"191,6800";"6,3894";"5,8628"
"191,6900";"6,3898";"5,8630"
"191,7000";"6,3901";"5,8618"
"191,7100";"6,3905";"5,8605"
"191,7200";"6,3907";"5,8604"
"191,7300";"6,3909";"5,8620"
"191,7400";"6,3912";"5,8632"
"191,7500";"6,3915";"5,8628"
"191,7600";"6,3919";"5,8616"
"191,7700";"6,3921";"5,8615"
"191,7800";"6,3925";"5,8622"
"191,7900";"6,3928";"5,8634"
"191,8000";"6,3931";"5,8632"
"191,8100";"6,3934";"5,8635"
"191,8200";"6,3938";"5,8642"
"191,8300";"6,3941";"5,8641"
"191,8400";"6,3945";"5,8627"
"191,8500";"6,3948";"5,8620"
"191,8600";"6,3952";"5,8642"
"191,8700";"6,3955";"5,8674"
"191,8800";"6,3959";"5,8685"
"191,8900";"6,3962";"5,8666"
"191,9000";"6,3965";"5,8647"
"191,9100";"6,3968";"5,8649"
"191,9200";"6,3971";"5,8660"
"191,9300";"6,3974";"5,8660"
"191,9400";"6,3978";"5,8656"
"191,9500";"6,3981";"5,8668"
"191,9600";"6,3984";"5,8695"
"191,9700";"6,3987";"5,8713"
"191,9800";"6,3991";"5,8699"
"191,9900";"6,3994";"5,8682"
"192,0000";"6,3998";"5,8673"
"192,0100";"6,4003";"5,8667"
"192,0200";"6,4006";"5,8659"
"192,0300";"6,4010";"5,8654"
"192,0400";"6,4014";"5,8663"
"192,0500";"6,4018";"5,8676"
"192,0600";"6,4020";"5,8688"
"192,0700";"6,4023";"5,8708"
"192,0800";"6,4026";"5,8713"
"192,0900";"6,4029";"5,8706"
"192,1000";"6,4032";"5,8710"
"192,1100";"6,4036";"5,8718"
"192,1200";"6,4039";"5,8712"
"192,1300";"6,4042";"5,8702"
"192,1400";"6,4046";"5,8694"
"192,1500";"6,4050";"5,8711"
"192,1600";"6,4053";"5,8734"
"192,1700";"6,4057";"5,8750"
"192,1800";"6,4060";"5,8755"
"192,1900";"6,4064";"5,8754"
"192,2000";"6,4066";"5,8751"
"192,2100";"6,4070";"5,8741"
"192,2200";"6,4073";"5,8717"
"192,2300";"6,4077";"5,8706"
"192,2400";"6,4079";"5,8714"
"192,2500";"6,4083";"5,8727"
"192,2600";"6,4086";"5,8735"
"192,2700";"6,4090";"5,8755"
"192,2800";"6,4094";"5,8768"
"192,2900";"6,4097";"5,8773"
"192,3000";"6,4101";"5,8776"
"192,3100";"6,4104";"5,8778"
"192,3200";"6,4108";"5,8774"
"192,3300";"6,4111";"5,8768"
"192,3400";"6,4115";"5,8765"
"192,3500";"6,4118";"5,8770"
"192,3600";"6,4121";"5,8781"
"192,3700";"6,4124";"5,8778"
"192,3800";"6,4128";"5,8754"
"192,3900";"6,4130";"5,8760"
"192,4000";"6,4134";"5,8778"
"192,4100";"6,4136";"5,8781"
"192,4200";"6,4140";"5,8765"
"192,4300";"6,4142";"5,8764"
"192,4400";"6,4145";"5,8788"
"192,4500";"6,4148";"5,8806"
"192,4600";"6,4151";"5,8800"
"192,4700";"6,4155";"5,8804"
"192,4800";"6,4158";"5,8817"
"192,4900";"6,4162";"5,8829"
"192,5000";"6,4166";"5,8817"
"192,5100";"6,4169";"5,8808"
"192,5200";"6,4173";"5,8810"
"192,5300";"6,4176";"5,8827"
"192,5400";"6,4180";"5,8839"
"192,5500";"6,4182";"5,8828"
"192,5600";"6,4186";"5,8811"
"192,5700";"6,4188";"5,8813"
"192,5800";"6,4190";"5,8830"
"192,5900";"6,4194";"5,8846"
"192,6000";"6,4197";"5,8867"
"192,6100";"6,4200";"5,8883"
"192,6200";"6,4203";"5,8885"
"192,6300";"6,4207";"5,8871"
"192,6400";"6,4210";"5,8832"
"192,6500";"6,4214";"5,8796"
"192,6600";"6,4217";"5,8804"
"192,6700";"6,4221";"5,8836"
"192,6800";"6,4225";"5,8868"
"192,6900";"6,4228";"5,8867"
"192,7000";"6,4232";"5,8843"
"192,7100";"6,4235";"5,8840"
"192,7200";"6,4239";"5,8872"
"192,7300";"6,4242";"5,8891"
"192,7400";"6,4245";"5,8883"
"192,7500";"6,4248";"5,8868"
"192,7600";"6,4252";"5,8880"
"192,7700";"6,4254";"5,8890"
"192,7800";"6,4258";"5,8880"
"192,7900";"6,4261";"5,8866"
"192,8000";"6,4265";"5,8874"
"192,8100";"6,4268";"5,8894"
"192,8200";"6,4272";"5,8889"
"192,8300";"6,4277";"5,8868"
"192,8400";"6,4280";"5,8878"
"192,8500";"6,4284";"5,8909"
"192,8600";"6,4287";"5,8924"
"192,8700";"6,4291";"5,8897"
"192,8800";"6,4293";"5,8872"
"192,8900";"6,4297";"5,8873"
"192,9000";"6,4300";"5,8891"
"192,9100";"6,4304";"5,8903"
"192,9200";"6,4307";"5,8903"
"192,9300";"6,4311";"5,8916"
"192,9400";"6,4314";"5,8927"
"192,9500";"6,4318";"5,8932"
"192,9600";"6,4321";"5,8921"
"192,9700";"6,4325";"5,8914"
"192,9800";"6,4328";"5,8916"
"192,9900";"6,4332";"5,8910"
"193,0000";"6,4336";"5,8904"
"193,0100";"6,4338";"5,8922"
"193,0200";"6,4341";"5,8956"
"193,0300";"6,4345";"5,8973"
"193,0400";"6,4349";"5,8974"
"193,0500";"6,4351";"5,8975"
"193,0600";"6,4354";"5,8966"
"193,0700";"6,4357";"5,8949"
"193,0800";"6,4359";"5,8944"
"193,0900";"6,4363";"5,8966"
"193,1000";"6,4365";"5,8984"
"193,1100";"6,4369";"5,8988"
"193,1200";"6,4372";"5,8971"
"193,1300";"6,4376";"5,8946"
"193,1400";"6,4379";"5,8945"
"193,1500";"6,4383";"5,8951"
"193,1600";"6,4385";"5,8970"
"193,1700";"6,4390";"5,8994"
"193,1800";"6,4392";"5,8994"
"193,1900";"6,4397";"5,8978"
"193,2000";"6,4400";"5,8987"
"193,2100";"6,4404";"5,9015"
"193,2200";"6,4408";"5,9011"
"193,2300";"6,4411";"5,8979"
"193,2400";"6,4413";"5,8958"
"193,2500";"6,4417";"5,8974"
"193,2600";"6,4419";"5,9005"
"193,2700";"6,4423";"5,9027"
"193,2800";"6,4426";"5,9032"
"193,2900";"6,4430";"5,9037"
"193,3000";"6,4432";"5,9030"
"193,3100";"6,4436";"5,9007"
"193,3200";"6,4439";"5,8981"
"193,3300";"6,4443";"5,8980"
"193,3400";"6,4447";"5,8997"
"193,3500";"6,4450";"5,9020"
"193,3600";"6,4454";"5,9026"
"193,3700";"6,4457";"5,9025"
"193,3800";"6,4461";"5,9038"
"193,3900";"6,4464";"5,9041"
"193,4000";"6,4468";"5,9030"
"193,4100";"6,4470";"5,9016"
"193,4200";"6,4472";"5,9020"
"193,4300";"6,4476";"5,9033"
"193,4400";"6,4478";"5,9036"
"193,4500";"6,4482";"5,9054"
"193,4600";"6,4485";"5,9074"
"193,4700";"6,4489";"5,9077"
"193,4800";"6,4493";"5,9064"
"193,4900";"6,4496";"5,9049"
"193,5000";"6,4500";"5,9046"
"193,5100";"6,4503";"5,9044"
"193,5200";"6,4507";"5,9042"
"193,5300";"6,4510";"5,9044"
"193,5400";"6,4513";"5,9060"
"193,5500";"6,4516";"5,9073"
"193,5600";"6,4519";"5,9074"
"193,5700";"6,4522";"5,9063"
"193,5800";"6,4526";"5,9054"
"193,5900";"6,4528";"5,9068"
"193,6000";"6,4532";"5,9086"
"193,6100";"6,4535";"5,9109"
"193,6200";"6,4539";"5,9134"
"193,6300";"6,4542";"5,9141"
"193,6400";"6,4546";"5,9134"
"193,6500";"6,4549";"5,9129"
"193,6600";"6,4554";"5,9118"
"193,6700";"6,4557";"5,9110"
"193,6800";"6,4561";"5,9116"
"193,6900";"6,4565";"5,9124"
"193,7000";"6,4568";"5,9114"
"193,7100";"6,4572";"5,9108"
"193,7200";"6,4574";"5,9103"
"193,7300";"6,4578";"5,9102"
"193,7400";"6,4580";"5,9108"
"193,7500";"6,4583";"5,9106"
"193,7600";"6,4586";"5,9088"
"193,7700";"6,4589";"5,9094"
"193,7800";"6,4592";"5,9136"
"193,7900";"6,4595";"5,9153"
"193,8000";"6,4599";"5,9134"
"193,8100";"6,4601";"5,9103"
"193,8200";"6,4605";"5,9097"
"193,8300";"6,4609";"5,9111"
"193,8400";"6,4613";"5,9117"
"193,8500";"6,4617";"5,9110"
"193,8600";"6,4619";"5,9116"
"193,8700";"6,4622";"5,9146"
"193,8800";"6,4626";"5,9159"
"193,8900";"6,4630";"5,9162"
"193,9000";"6,4633";"5,9148"
"193,9100";"6,4637";"5,9142"
"193,9200";"6,4639";"5,9153"
"193,9300";"6,4642";"5,9157"
"193,9400";"6,4645";"5,9155"
"193,9500";"6,4648";"5,9169"
"193,9600";"6,4652";"5,9198"
"193,9700";"6,4655";"5,9205"
"193,9800";"6,4658";"5,9185"
"193,9900";"6,4661";"5,9163"
"194,0000";"6,4665";"5,9136"
"194,0100";"6,4668";"5,9131"
"194,0200";"6,4672";"5,9151"
"194,0300";"6,4676";"5,9169"
"194,0400";"6,4679";"5,9185"
"194,0500";"6,4683";"5,9197"
"194,0600";"6,4686";"5,9204"
"194,0700";"6,4690";"5,9213"
"194,0800";"6,4692";"5,9207"
"194,0900";"6,4694";"5,9202"
"194,1000";"6,4698";"5,9199"
"194,1100";"6,4700";"5,9207"
"194,1200";"6,4704";"5,9209"
"194,1300";"6,4707";"5,9201"
"194,1400";"6,4711";"5,9209"
"194,1500";"6,4715";"5,9221"
"194,1600";"6,4719";"5,9229"
"194,1700";"6,4723";"5,9220"
"194,1800";"6,4726";"5,9220"
"194,1900";"6,4730";"5,9229"
"194,2000";"6,4735";"5,9222"
"194,2100";"6,4738";"5,9206"
"194,2200";"6,4740";"5,9195"
"194,2300";"6,4744";"5,9205"
"194,2400";"6,4746";"5,9227"
"194,2500";"6,4749";"5,9238"
"194,2600";"6,4752";"5,9238"
"194,2700";"6,4756";"5,9235"
"194,2800";"6,4758";"5,9240"
"194,2900";"6,4762";"5,9256"
"194,3000";"6,4765";"5,9275"
"194,3100";"6,4769";"5,9296"
"194,3200";"6,4772";"5,9304"
"194,3300";"6,4776";"5,9297"
"194,3400";"6,4779";"5,9276"
"194,3500";"6,4783";"5,9262"
"194,3600";"6,4787";"5,9252"
"194,3700";"6,4790";"5,9244"
"194,3800";"6,4794";"5,9252"
"194,3900";"6,4797";"5,9261"
"194,4000";"6,4801";"5,9273"
"194,4100";"6,4803";"5,9285"
"194,4200";"6,4807";"5,9279"
"194,4300";"6,4809";"5,9284"
"194,4400";"6,4812";"5,9284"
"194,4500";"6,4815";"5,9277"
"194,4600";"6,4818";"5,9258"
"194,4700";"6,4822";"5,9272"
"194,4800";"6,4824";"5,9285"
"194,4900";"6,4828";"5,9301"
"194,5000";"6,4831";"5,9308"
"194,5100";"6,4835";"5,9287"
"194,5200";"6,4838";"5,9267"
"194,5300";"6,4842";"5,9249"
"194,5400";"6,4846";"5,9245"
"194,5500";"6,4849";"5,9258"
"194,5600";"6,4853";"5,9281"
"194,5700";"6,4856";"5,9294"
"194,5800";"6,4860";"5,9299"
"194,5900";"6,4862";"5,9322"
"194,6000";"6,4866";"5,9339"
"194,6100";"6,4868";"5,9321"
"194,6200";"6,4872";"5,9286"
"194,6300";"6,4875";"5,9282"
"194,6400";"6,4877";"5,9304"
"194,6500";"6,4881";"5,9326"
"194,6600";"6,4885";"5,9325"
"194,6700";"6,4888";"5,9319"
"194,6800";"6,4892";"5,9326"
"194,6900";"6,4896";"5,9337"
"194,7000";"6,4900";"5,9337"
"194,7100";"6,4903";"5,9346"
"194,7200";"6,4907";"5,9353"
"194,7300";"6,4910";"5,9350"
"194,7400";"6,4914";"5,9339"
"194,7500";"6,4916";"5,9330"
"194,7600";"6,4920";"5,9350"
"194,7700";"6,4922";"5,9372"
"194,7800";"6,4926";"5,9370"
"194,7900";"6,4928";"5,9360"
"194,8000";"6,4932";"5,9368"
"194,8100";"6,4935";"5,9385"
"194,8200";"6,4939";"5,9398"
"194,8300";"6,4942";"5,9405"
"194,8400";"6,4947";"5,9406"
"194,8500";"6,4951";"5,9385"
"194,8600";"6,4954";"5,9355"
"194,8700";"6,4958";"5,9343"
"194,8800";"6,4961";"5,9351"
"194,8900";"6,4965";"5,9374"
"194,9000";"6,4967";"5,9395"
"194,9100";"6,4971";"5,9400"
"194,9200";"6,4974";"5,9405"
"194,9300";"6,4978";"5,9410"
"194,9400";"6,4981";"5,9417"
"194,9500";"6,4984";"5,9408"
"194,9600";"6,4987";"5,9384"
"194,9700";"6,4991";"5,9364"
"194,9800";"6,4994";"5,9364"
"194,9900";"6,4998";"5,9384"
"195,0000";"6,5001";"5,9416"
"195,0100";"6,5005";"5,9433"
"195,0200";"6,5008";"5,9437"
"195,0300";"6,5012";"5,9438"
"195,0400";"6,5016";"5,9439"
"195,0500";"6,5018";"5,9423"
"195,0600";"6,5021";"5,9395"
"195,0700";"6,5025";"5,9388"
"195,0800";"6,5029";"5,9409"
"195,0900";"6,5031";"5,9436"
"195,1000";"6,5033";"5,9435"
"195,1100";"6,5036";"5,9414"
"195,1200";"6,5039";"5,9418"
"195,1300";"6,5043";"5,9446"
"195,1400";"6,5046";"5,9460"
"195,1500";"6,5049";"5,9452"
"195,1600";"6,5052";"5,9441"
"195,1700";"6,5056";"5,9445"
"195,1800";"6,5059";"5,9469"
"195,1900";"6,5063";"5,9478"
"195,2000";"6,5066";"5,9459"
"195,2100";"6,5070";"5,9451"
"195,2200";"6,5073";"5,9459"
"195,2300";"6,5076";"5,9471"
"195,2400";"6,5079";"5,9495"
"195,2500";"6,5083";"5,9503"
"195,2600";"6,5086";"5,9499"
"195,2700";"6,5089";"5,9483"
"195,2800";"6,5091";"5,9478"
"195,2900";"6,5095";"5,9486"
"195,3000";"6,5098";"5,9496"
"195,3100";"6,5101";"5,9503"
"195,3200";"6,5105";"5,9498"
"195,3300";"6,5109";"5,9519"
"195,3400";"6,5112";"5,9535"
"195,3500";"6,5116";"5,9533"
"195,3600";"6,5119";"5,9527"
"195,3700";"6,5123";"5,9522"
"195,3800";"6,5127";"5,9519"
"195,3900";"6,5130";"5,9515"
"195,4000";"6,5134";"5,9512"
"195,4100";"6,5137";"5,9512"
"195,4200";"6,5141";"5,9508"
"195,4300";"6,5143";"5,9507"
"195,4400";"6,5147";"5,9508"
"195,4500";"6,5149";"5,9511"
"195,4600";"6,5152";"5,9517"
"195,4700";"6,5155";"5,9526"
"195,4800";"6,5158";"5,9537"
"195,4900";"6,5162";"5,9552"
"195,5000";"6,5165";"5,9552"
"195,5100";"6,5170";"5,9540"
"195,5200";"6,5174";"5,9548"
"195,5300";"6,5177";"5,9567"
"195,5400";"6,5181";"5,9560"
"195,5500";"6,5184";"5,9521"
"195,5600";"6,5188";"5,9500"
"195,5700";"6,5191";"5,9527"
"195,5800";"6,5194";"5,9569"
"195,5900";"6,5196";"5,9585"
"195,6000";"6,5200";"5,9569"
"195,6100";"6,5203";"5,9568"
"195,6200";"6,5206";"5,9583"
"195,6300";"6,5209";"5,9587"
"195,6400";"6,5213";"5,9572"
"195,6500";"6,5216";"5,9560"
"195,6600";"6,5220";"5,9572"
"195,6700";"6,5223";"5,9589"
"195,6800";"6,5228";"5,9595"
"195,6900";"6,5232";"5,9593"
"195,7000";"6,5235";"5,9579"
"195,7100";"6,5239";"5,9572"
"195,7200";"6,5241";"5,9577"
"195,7300";"6,5245";"5,9578"
"195,7400";"6,5248";"5,9578"
"195,7500";"6,5252";"5,9577"
"195,7600";"6,5254";"5,9584"
"195,7700";"6,5256";"5,9589"
"195,7800";"6,5259";"5,9583"
"195,7900";"6,5262";"5,9579"
"195,8000";"6,5265";"5,9597"
"195,8100";"6,5268";"5,9623"
"195,8200";"6,5272";"5,9639"
"195,8300";"6,5274";"5,9631"
"195,8400";"6,5279";"5,9614"
"195,8500";"6,5281";"5,9605"
"195,8600";"6,5285";"5,9611"
"195,8700";"6,5288";"5,9615"
"195,8800";"6,5292";"5,9606"
"195,8900";"6,5297";"5,9609"
"195,9000";"6,5300";"5,9628"
"195,9100";"6,5304";"5,9648"
"195,9200";"6,5307";"5,9650"
"195,9300";"6,5311";"5,9652"
"195,9400";"6,5313";"5,9657"
"195,9500";"6,5317";"5,9664"
"195,9600";"6,5319";"5,9670"
"195,9700";"6,5322";"5,9672"
"195,9800";"6,5325";"5,9678"
"195,9900";"6,5328";"5,9670"
"196,0000";"6,5332";"5,9640"
"196,0100";"6,5334";"5,9621"
"196,0200";"6,5339";"5,9631"
"196,0300";"6,5341";"5,9663"
"196,0400";"6,5345";"5,9669"
"196,0500";"6,5348";"5,9658"
"196,0600";"6,5353";"5,9648"
"196,0700";"6,5356";"5,9661"
"196,0800";"6,5359";"5,9687"
"196,0900";"6,5363";"5,9705"
"196,1000";"6,5366";"5,9698"
"196,1100";"6,5369";"5,9691"
"196,1200";"6,5371";"5,9687"
"196,1300";"6,5373";"5,9689"
"196,1400";"6,5377";"5,9692"
"196,1500";"6,5380";"5,9686"
"196,1600";"6,5384";"5,9683"
"196,1700";"6,5387";"5,9686"
"196,1800";"6,5391";"5,9690"
"196,1900";"6,5395";"5,9697"
"196,2000";"6,5399";"5,9699"
"196,2100";"6,5403";"5,9703"
"196,2200";"6,5406";"5,9703"
"196,2300";"6,5410";"5,9708"
"196,2400";"6,5413";"5,9710"
"196,2500";"6,5416";"5,9712"
"196,2600";"6,5419";"5,9717"
"196,2700";"6,5423";"5,9711"
"196,2800";"6,5425";"5,9702"
"196,2900";"6,5429";"5,9691"
"196,3000";"6,5432";"5,9692"
"196,3100";"6,5435";"5,9726"
"196,3200";"6,5438";"5,9752"
"196,3300";"6,5442";"5,9759"
"196,3400";"6,5445";"5,9752"
"196,3500";"6,5449";"5,9742"
"196,3600";"6,5452";"5,9734"
"196,3700";"6,5456";"5,9723"
"196,3800";"6,5461";"5,9722"
"196,3900";"6,5464";"5,9740"
"196,4000";"6,5468";"5,9756"
"196,4100";"6,5471";"5,9766"
"196,4200";"6,5474";"5,9783"
"196,4300";"6,5477";"5,9801"
"196,4400";"6,5481";"5,9797"
"196,4500";"6,5483";"5,9783"
"196,4600";"6,5485";"5,9761"
"196,4700";"6,5489";"5,9751"
"196,4800";"6,5491";"5,9760"
"196,4900";"6,5495";"5,9777"
"196,5000";"6,5498";"5,9795"
"196,5100";"6,5502";"5,9811"
"196,5200";"6,5504";"5,9804"
"196,5300";"6,5508";"5,9792"
"196,5400";"6,5511";"5,9789"
"196,5500";"6,5515";"5,9799"
"196,5600";"6,5518";"5,9803"
"196,5700";"6,5522";"5,9781"
"196,5800";"6,5526";"5,9750"
"196,5900";"6,5529";"5,9762"
"196,6000";"6,5533";"5,9799"
"196,6100";"6,5535";"5,9808"
"196,6200";"6,5539";"5,9786"
"196,6300";"6,5541";"5,9780"
"196,6400";"6,5544";"5,9799"
"196,6500";"6,5548";"5,9812"
"196,6600";"6,5552";"5,9796"
"196,6700";"6,5555";"5,9773"
"196,6800";"6,5559";"5,9773"
"196,6900";"6,5562";"5,9791"
"196,7000";"6,5566";"5,9812"
"196,7100";"6,5569";"5,9812"
"196,7200";"6,5573";"5,9795"
"196,7300";"6,5577";"5,9792"
"196,7400";"6,5581";"5,9806"
"196,7500";"6,5585";"5,9826"
"196,7600";"6,5588";"5,9837"
"196,7700";"6,5592";"5,9835"
"196,7800";"6,5594";"5,9835"
"196,7900";"6,5596";"5,9845"
"196,8000";"6,5600";"5,9841"
"196,8100";"6,5602";"5,9825"
"196,8200";"6,5606";"5,9819"
"196,8300";"6,5609";"5,9834"
"196,8400";"6,5613";"5,9837"
"196,8500";"6,5616";"5,9820"
"196,8600";"6,5620";"5,9814"
"196,8700";"6,5624";"5,9839"
"196,8800";"6,5627";"5,9878"
"196,8900";"6,5631";"5,9894"
"196,9000";"6,5634";"5,9863"
"196,9100";"6,5638";"5,9846"
"196,9200";"6,5641";"5,9874"
"196,9300";"6,5645";"5,9896"
"196,9400";"6,5647";"5,9892"
"196,9500";"6,5651";"5,9873"
"196,9600";"6,5653";"5,9876"
"196,9700";"6,5657";"5,9904"
"196,9800";"6,5660";"5,9924"
"196,9900";"6,5662";"5,9925"
"197,0000";"6,5666";"5,9916"
"197,0100";"6,5670";"5,9904"
"197,0200";"6,5673";"5,9888"
"197,0300";"6,5677";"5,9894"
"197,0400";"6,5680";"5,9914"
"197,0500";"6,5684";"5,9929"
"197,0600";"6,5687";"5,9923"
"197,0700";"6,5691";"5,9907"
"197,0800";"6,5694";"5,9902"
"197,0900";"6,5698";"5,9899"
"197,1000";"6,5701";"5,9905"
"197,1100";"6,5704";"5,9919"
"197,1200";"6,5706";"5,9920"
"197,1300";"6,5710";"5,9924"
"197,1400";"6,5712";"5,9932"
"197,1500";"6,5716";"5,9936"
"197,1600";"6,5718";"5,9947"
"197,1700";"6,5722";"5,9948"
"197,1800";"6,5725";"5,9936"
"197,1900";"6,5729";"5,9918"
"197,2000";"6,5732";"5,9910"
"197,2100";"6,5735";"5,9918"
"197,2200";"6,5739";"5,9933"
"197,2300";"6,5743";"5,9947"
"197,2400";"6,5746";"5,9944"
"197,2500";"6,5750";"5,9938"
"197,2600";"6,5753";"5,9927"
"197,2700";"6,5756";"5,9939"
"197,2800";"6,5759";"5,9971"
"197,2900";"6,5762";"5,9999"
"197,3000";"6,5765";"6,0015"
"197,3100";"6,5769";"6,0012"
"197,3200";"6,5771";"5,9993"
"197,3300";"6,5775";"5,9971"
"197,3400";"6,5777";"5,9935"
"197,3500";"6,5781";"5,9920"
"197,3600";"6,5784";"5,9954"
"197,3700";"6,5788";"5,9992"
"197,3800";"6,5791";"5,9999"
"197,3900";"6,5796";"5,9990"
"197,4000";"6,5799";"6,0000"
"197,4100";"6,5803";"6,0023"
"197,4200";"6,5808";"6,0018"
"197,4300";"6,5811";"5,9991"
"197,4400";"6,5815";"5,9974"
"197,4500";"6,5818";"5,9983"
"197,4600";"6,5821";"6,0006"
"197,4700";"6,5823";"6,0009"
"197,4800";"6,5827";"6,0009"
"197,4900";"6,5829";"6,0014"
"197,5000";"6,5832";"6,0014"
"197,5100";"6,5836";"6,0029"
"197,5200";"6,5838";"6,0042"
"197,5300";"6,5842";"6,0037"
"197,5400";"6,5845";"6,0016"
"197,5500";"6,5849";"6,0010"
"197,5600";"6,5853";"6,0028"
"197,5700";"6,5857";"6,0054"
"197,5800";"6,5861";"6,0064"
"197,5900";"6,5863";"6,0053"
"197,6000";"6,5867";"6,0049"
"197,6100";"6,5870";"6,0043"
"197,6200";"6,5873";"6,0042"
"197,6300";"6,5875";"6,0024"
"197,6400";"6,5879";"6,0012"
"197,6500";"6,5882";"6,0031"
"197,6600";"6,5886";"6,0068"
"197,6700";"6,5889";"6,0094"
"197,6800";"6,5892";"6,0095"
"197,6900";"6,5895";"6,0082"
"197,7000";"6,5899";"6,0070"
"197,7100";"6,5902";"6,0059"
"197,7200";"6,5906";"6,0055"
"197,7300";"6,5909";"6,0073"
"197,7400";"6,5913";"6,0088"
"197,7500";"6,5916";"6,0094"
"197,7600";"6,5920";"6,0097"
"197,7700";"6,5923";"6,0093"
"197,7800";"6,5926";"6,0078"
"197,7900";"6,5929";"6,0078"
"197,8000";"6,5933";"6,0090"
"197,8100";"6,5935";"6,0104"
"197,8200";"6,5938";"6,0102"
"197,8300";"6,5941";"6,0083"
"197,8400";"6,5945";"6,0075"
"197,8500";"6,5948";"6,0097"
"197,8600";"6,5951";"6,0105"
"197,8700";"6,5954";"6,0082"
"197,8800";"6,5958";"6,0066"
"197,8900";"6,5962";"6,0082"
"197,9000";"6,5966";"6,0132"
"197,9100";"6,5968";"6,0143"
"197,9200";"6,5972";"6,0122"
"197,9300";"6,5977";"6,0112"
"197,9400";"6,5979";"6,0128"
"197,9500";"6,5982";"6,0150"
"197,9600";"6,5986";"6,0148"
"197,9700";"6,5988";"6,0131"
"197,9800";"6,5992";"6,0110"
"197,9900";"6,5994";"6,0104"
"198,0000";"6,5998";"6,0122"
"198,0100";"6,6001";"6,0144"
"198,0200";"6,6004";"6,0161"
"198,0300";"6,6007";"6,0161"
"198,0400";"6,6011";"6,0155"
"198,0500";"6,6015";"6,0151"
"198,0600";"6,6019";"6,0142"
"198,0700";"6,6023";"6,0131"
"198,0800";"6,6026";"6,0134"
"198,0900";"6,6030";"6,0161"
"198,1000";"6,6033";"6,0175"
"198,1100";"6,6037";"6,0171"
"198,1200";"6,6040";"6,0164"
"198,1300";"6,6043";"6,0172"
"198,1400";"6,6046";"6,0176"
"198,1500";"6,6049";"6,0164"
"198,1600";"6,6052";"6,0144"
"198,1700";"6,6054";"6,0146"
"198,1800";"6,6058";"6,0169"
"198,1900";"6,6062";"6,0184"
"198,2000";"6,6065";"6,0182"
"198,2100";"6,6069";"6,0179"
"198,2200";"6,6072";"6,0178"
"198,2300";"6,6076";"6,0180"
"198,2400";"6,6079";"6,0184"
"198,2500";"6,6083";"6,0200"
"198,2600";"6,6087";"6,0222"
"198,2700";"6,6090";"6,0233"
"198,2800";"6,6093";"6,0225"
"198,2900";"6,6097";"6,0223"
"198,3000";"6,6099";"6,0236"
"198,3100";"6,6103";"6,0239"
"198,3200";"6,6106";"6,0218"
"198,3300";"6,6109";"6,0202"
"198,3400";"6,6112";"6,0219"
"198,3500";"6,6116";"6,0232"
"198,3600";"6,6119";"6,0231"
"198,3700";"6,6123";"6,0233"
"198,3800";"6,6126";"6,0250"
"198,3900";"6,6130";"6,0276"
"198,4000";"6,6134";"6,0267"
"198,4100";"6,6137";"6,0225"
"198,4200";"6,6141";"6,0184"
"198,4300";"6,6144";"6,0178"
"198,4400";"6,6148";"6,0205"
"198,4500";"6,6151";"6,0240"
"198,4600";"6,6154";"6,0257"
"198,4700";"6,6157";"6,0262"
"198,4800";"6,6160";"6,0262"
"198,4900";"6,6162";"6,0250"
"198,5000";"6,6165";"6,0235"
"198,5100";"6,6168";"6,0216"
"198,5200";"6,6171";"6,0205"
"198,5300";"6,6175";"6,0222"
"198,5400";"6,6178";"6,0258"
"198,5500";"6,6182";"6,0293"
"198,5600";"6,6185";"6,0306"
"198,5700";"6,6189";"6,0305"
"198,5800";"6,6193";"6,0299"
"198,5900";"6,6196";"6,0292"
"198,6000";"6,6200";"6,0281"
"198,6100";"6,6203";"6,0284"
"198,6200";"6,6207";"6,0292"
"198,6300";"6,6210";"6,0287"
"198,6400";"6,6214";"6,0278"
"198,6500";"6,6216";"6,0276"
"198,6600";"6,6220";"6,0297"
"198,6700";"6,6223";"6,0321"
"198,6800";"6,6226";"6,0322"
"198,6900";"6,6229";"6,0304"
"198,7000";"6,6233";"6,0291"
"198,7100";"6,6236";"6,0293"
"198,7200";"6,6240";"6,0289"
"198,7300";"6,6243";"6,0285"
"198,7400";"6,6247";"6,0292"
"198,7500";"6,6250";"6,0318"
"198,7600";"6,6253";"6,0344"
"198,7700";"6,6257";"6,0341"
"198,7800";"6,6261";"6,0318"
"198,7900";"6,6265";"6,0310"
"198,8000";"6,6267";"6,0309"
"198,8100";"6,6269";"6,0303"
"198,8200";"6,6273";"6,0306"
"198,8300";"6,6275";"6,0326"
"198,8400";"6,6279";"6,0353"
"198,8500";"6,6282";"6,0351"
"198,8600";"6,6286";"6,0318"
"198,8700";"6,6289";"6,0303"
"198,8800";"6,6293";"6,0326"
"198,8900";"6,6296";"6,0331"
"198,9000";"6,6300";"6,0335"
"198,9100";"6,6304";"6,0358"
"198,9200";"6,6307";"6,0385"
"198,9300";"6,6312";"6,0397"
"198,9400";"6,6315";"6,0380"
"198,9500";"6,6318";"6,0357"
"198,9600";"6,6321";"6,0347"
"198,9700";"6,6324";"6,0357"
"198,9800";"6,6327";"6,0377"
"198,9900";"6,6330";"6,0389"
"199,0000";"6,6333";"6,0377"
"199,0100";"6,6335";"6,0365"
"199,0200";"6,6339";"6,0363"
"199,0300";"6,6342";"6,0363"
"199,0400";"6,6346";"6,0362"
"199,0500";"6,6351";"6,0374"
"199,0600";"6,6354";"6,0398"
"199,0700";"6,6358";"6,0417"
"199,0800";"6,6361";"6,0419"
"199,0900";"6,6365";"6,0398"
"199,1000";"6,6368";"6,0390"
"199,1100";"6,6372";"6,0399"
"199,1200";"6,6376";"6,0404"
"199,1300";"6,6379";"6,0399"
"199,1400";"6,6383";"6,0401"
"199,1500";"6,6385";"6,0424"
"199,1600";"6,6387";"6,0432"
"199,1700";"6,6390";"6,0400"
"199,1800";"6,6393";"6,0360"
"199,1900";"6,6397";"6,0369"
"199,2000";"6,6399";"6,0422"
"199,2100";"6,6403";"6,0461"
"199,2200";"6,6406";"6,0452"
"199,2300";"6,6410";"6,0438"
"199,2400";"6,6413";"6,0432"
"199,2500";"6,6417";"6,0434"
"199,2600";"6,6420";"6,0422"
"199,2700";"6,6425";"6,0408"
"199,2800";"6,6427";"6,0415"
"199,2900";"6,6431";"6,0422"
"199,3000";"6,6435";"6,0417"
"199,3100";"6,6437";"6,0406"
"199,3200";"6,6440";"6,0412"
"199,3300";"6,6443";"6,0435"
"199,3400";"6,6446";"6,0444"
"199,3500";"6,6449";"6,0438"
"199,3600";"6,6452";"6,0432"
"199,3700";"6,6455";"6,0437"
"199,3800";"6,6458";"6,0456"
"199,3900";"6,6462";"6,0470"
"199,4000";"6,6465";"6,0468"
"199,4100";"6,6469";"6,0448"
"199,4200";"6,6472";"6,0435"
"199,4300";"6,6476";"6,0449"
"199,4400";"6,6479";"6,0473"
"199,4500";"6,6483";"6,0479"
"199,4600";"6,6485";"6,0467"
"199,4700";"6,6489";"6,0466"
"199,4800";"6,6492";"6,0478"
"199,4900";"6,6496";"6,0484"
"199,5000";"6,6498";"6,0476"
"199,5100";"6,6501";"6,0474"
"199,5200";"6,6504";"6,0494"
"199,5300";"6,6508";"6,0517"
"199,5400";"6,6510";"6,0513"
"199,5500";"6,6515";"6,0501"
"199,5600";"6,6517";"6,0495"
"199,5700";"6,6522";"6,0484"
"199,5800";"6,6525";"6,0466"
"199,5900";"6,6529";"6,0459"
"199,6000";"6,6534";"6,0481"
"199,6100";"6,6537";"6,0517"
"199,6200";"6,6541";"6,0536"
"199,6300";"6,6544";"6,0534"
"199,6400";"6,6548";"6,0527"
"199,6500";"6,6550";"6,0526"
"199,6600";"6,6554";"6,0523"
"199,6700";"6,6556";"6,0519"
"199,6800";"6,6560";"6,0531"
"199,6900";"6,6563";"6,0542"
"199,7000";"6,6567";"6,0538"
"199,7100";"6,6570";"6,0535"
"199,7200";"6,6574";"6,0541"
"199,7300";"6,6577";"6,0557"
"199,7400";"6,6581";"6,0557"
"199,7500";"6,6585";"6,0549"
"199,7600";"6,6588";"6,0561"
"199,7700";"6,6592";"6,0582"
"199,7800";"6,6595";"6,0598"
"199,7900";"6,6597";"6,0588"
"199,8000";"6,6601";"6,0559"
"199,8100";"6,6605";"6,0550"
"199,8200";"6,6607";"6,0562"
"199,8300";"6,6610";"6,0573"
"199,8400";"6,6613";"6,0573"
"199,8500";"6,6616";"6,0554"
"199,8600";"6,6619";"6,0534"
"199,8700";"6,6622";"6,0516"
"199,8800";"6,6626";"6,0529"
"199,8900";"6,6629";"6,0570"
"199,9000";"6,6632";"6,0594"
"199,9100";"6,6635";"6,0607"
"199,9200";"6,6639";"6,0606"
"199,9300";"6,6642";"6,0594"
"199,9400";"6,6646";"6,0591"
"199,9500";"6,6648";"6,0584"
"199,9600";"6,6652";"6,0595"
"199,9700";"6,6657";"6,0605"
"199,9800";"6,6660";"6,0590"
"199,9900";"6,6664";"6,0562"
"200,0000";"6,6666";"6,0553"
"200,0100";"6,6668";"6,0592"
"200,0200";"6,6671";"6,0627"
"200,0300";"6,6674";"6,0637"
"200,0400";"6,6678";"6,0634"
"200,0500";"6,6680";"6,0638"
"200,0600";"6,6684";"6,0636"
"200,0700";"6,6687";"6,0616"
"200,0800";"6,6691";"6,0591"
"200,0900";"6,6694";"6,0583"
"200,1000";"6,6698";"6,0598"
"200,1100";"6,6701";"6,0614"
"200,1200";"6,6705";"6,0642"
"200,1300";"6,6708";"6,0679"
"200,1400";"6,6712";"6,0693"
"200,1500";"6,6716";"6,0666"
"200,1600";"6,6719";"6,0627"
"200,1700";"6,6721";"6,0613"
"200,1800";"6,6725";"6,0626"
"200,1900";"6,6727";"6,0638"
"200,2000";"6,6731";"6,0631"
"200,2100";"6,6734";"6,0630"
"200,2200";"6,6738";"6,0656"
"200,2300";"6,6742";"6,0679"
"200,2400";"6,6745";"6,0679"
"200,2500";"6,6749";"6,0669"
"200,2600";"6,6752";"6,0665"
"200,2700";"6,6757";"6,0677"
"200,2800";"6,6760";"6,0689"
"200,2900";"6,6764";"6,0688"
"200,3000";"6,6767";"6,0671"
"200,3100";"6,6770";"6,0662"
"200,3200";"6,6773";"6,0669"
"200,3300";"6,6776";"6,0676"
"200,3400";"6,6779";"6,0682"
"200,3500";"6,6782";"6,0686"
"200,3600";"6,6785";"6,0695"
"200,3700";"6,6789";"6,0709"
"200,3800";"6,6792";"6,0712"
"200,3900";"6,6796";"6,0693"
"200,4000";"6,6799";"6,0674"
"200,4100";"6,6803";"6,0688"
"200,4200";"6,6806";"6,0714"
"200,4300";"6,6810";"6,0728"
"200,4400";"6,6815";"6,0728"
"200,4500";"6,6818";"6,0736"
"200,4600";"6,6822";"6,0748"
"200,4700";"6,6825";"6,0739"
"200,4800";"6,6829";"6,0712"
"200,4900";"6,6832";"6,0700"
"200,5000";"6,6836";"6,0713"
"200,5100";"6,6838";"6,0739"
"200,5200";"6,6841";"6,0751"
"200,5300";"6,6843";"6,0758"
"200,5400";"6,6847";"6,0765"
"200,5500";"6,6850";"6,0751"
"200,5600";"6,6854";"6,0719"
"200,5700";"6,6856";"6,0696"
"200,5800";"6,6860";"6,0699"
"200,5900";"6,6863";"6,0727"
"200,6000";"6,6867";"6,0752"
"200,6100";"6,6870";"6,0770"
"200,6200";"6,6874";"6,0769"
"200,6300";"6,6876";"6,0766"
"200,6400";"6,6880";"6,0755"
"200,6500";"6,6883";"6,0745"
"200,6600";"6,6887";"6,0743"
"200,6700";"6,6890";"6,0753"
"200,6800";"6,6893";"6,0759"
"200,6900";"6,6895";"6,0747"
"200,7000";"6,6899";"6,0748"
"200,7100";"6,6902";"6,0769"
"200,7200";"6,6904";"6,0777"
"200,7300";"6,6908";"6,0776"
"200,7400";"6,6912";"6,0763"
"200,7500";"6,6915";"6,0758"
"200,7600";"6,6919";"6,0766"
"200,7700";"6,6922";"6,0780"
"200,7800";"6,6926";"6,0802"
"200,7900";"6,6929";"6,0800"
"200,8000";"6,6933";"6,0773"
"200,8100";"6,6936";"6,0778"
"200,8200";"6,6940";"6,0805"
"200,8300";"6,6943";"6,0810"
"200,8400";"6,6946";"6,0783"
"200,8500";"6,6948";"6,0764"
"200,8600";"6,6952";"6,0779"
"200,8700";"6,6954";"6,0804"
"200,8800";"6,6958";"6,0808"
"200,8900";"6,6961";"6,0812"
"200,9000";"6,6965";"6,0813"
"200,9100";"6,6968";"6,0817"
"200,9200";"6,6972";"6,0816"
"200,9300";"6,6976";"6,0817"
"200,9400";"6,6980";"6,0829"
"200,9500";"6,6984";"6,0844"
"200,9600";"6,6987";"6,0846"
"200,9700";"6,6991";"6,0831"
"200,9800";"6,6994";"6,0831"
"200,9900";"6,6998";"6,0843"
"201,0000";"6,7001";"6,0841"
"201,0100";"6,7004";"6,0825"
"201,0200";"6,7006";"6,0813"
"201,0300";"6,7010";"6,0835"
"201,0400";"6,7013";"6,0868"
"201,0500";"6,7015";"6,0877"
"201,0600";"6,7019";"6,0876"
"201,0700";"6,7022";"6,0872"
"201,0800";"6,7026";"6,0856"
"201,0900";"6,7030";"6,0834"
"201,1000";"6,7033";"6,0822"
"201,1100";"6,7037";"6,0834"
"201,1200";"6,7040";"6,0853"
"201,1300";"6,7044";"6,0875"
"201,1400";"6,7047";"6,0888"
"201,1500";"6,7051";"6,0897"
"201,1600";"6,7054";"6,0896"
"201,1700";"6,7058";"6,0882"
"201,1800";"6,7060";"6,0874"
"201,1900";"6,7063";"6,0862"
"201,2000";"6,7066";"6,0854"
"201,2100";"6,7070";"6,0863"
"201,2200";"6,7072";"6,0887"
"201,2300";"6,7076";"6,0909"
"201,2400";"6,7078";"6,0903"
"201,2500";"6,7082";"6,0891"
"201,2600";"6,7085";"6,0899"
"201,2700";"6,7089";"6,0918"
"201,2800";"6,7092";"6,0919"
"201,2900";"6,7096";"6,0898"
"201,3000";"6,7099";"6,0886"
"201,3100";"6,7103";"6,0905"
"201,3200";"6,7106";"6,0927"
"201,3300";"6,7110";"6,0931"
"201,3400";"6,7112";"6,0927"
"201,3500";"6,7116";"6,0923"
"201,3600";"6,7118";"6,0920"
"201,3700";"6,7122";"6,0921"
"201,3800";"6,7125";"6,0923"
"201,3900";"6,7128";"6,0931"
"201,4000";"6,7131";"6,0943"
"201,4100";"6,7135";"6,0944"
"201,4200";"6,7138";"6,0941"
"201,4300";"6,7142";"6,0950"
"201,4400";"6,7145";"6,0950"
"201,4500";"6,7149";"6,0930"
"201,4600";"6,7152";"6,0909"
"201,4700";"6,7156";"6,0913"
"201,4800";"6,7159";"6,0927"
"201,4900";"6,7163";"6,0933"
"201,5000";"6,7167";"6,0936"
"201,5100";"6,7169";"6,0957"
"201,5200";"6,7172";"6,0986"
"201,5300";"6,7175";"6,0992"
"201,5400";"6,7178";"6,0969"
"201,5500";"6,7182";"6,0944"
"201,5600";"6,7185";"6,0948"
"201,5700";"6,7189";"6,0974"
"201,5800";"6,7192";"6,0978"
"201,5900";"6,7196";"6,0975"
"201,6000";"6,7201";"6,0995"
"201,6100";"6,7204";"6,1018"
"201,6200";"6,7208";"6,1010"
"201,6300";"6,7211";"6,0992"
"201,6400";"6,7215";"6,0974"
"201,6500";"6,7218";"6,0961"
"201,6600";"6,7221";"6,0974"
"201,6700";"6,7224";"6,1000"
"201,6800";"6,7227";"6,1023"
"201,6900";"6,7230";"6,1022"
"201,7000";"6,7233";"6,1017"
"201,7100";"6,7236";"6,1015"
"201,7200";"6,7240";"6,1013"
"201,7300";"6,7242";"6,1000"
"201,7400";"6,7246";"6,0977"
"201,7500";"6,7249";"6,0990"
"201,7600";"6,7253";"6,1021"
"201,7700";"6,7256";"6,1032"
"201,7800";"6,7260";"6,1026"
"201,7900";"6,7263";"6,1017"
"201,8000";"6,7267";"6,1025"
"201,8100";"6,7270";"6,1019"
"201,8200";"6,7274";"6,1015"
"201,8300";"6,7277";"6,1017"
"201,8400";"6,7281";"6,1041"
"201,8500";"6,7283";"6,1051"
"201,8600";"6,7287";"6,1052"
"201,8700";"6,7289";"6,1045"
"201,8800";"6,7292";"6,1039"
"201,8900";"6,7295";"6,1032"
"201,9000";"6,7299";"6,1020"
"201,9100";"6,7301";"6,1013"
"201,9200";"6,7305";"6,1032"
"201,9300";"6,7308";"6,1057"
"201,9400";"6,7312";"6,1062"
"201,9500";"6,7315";"6,1062"
"201,9600";"6,7319";"6,1071"
"201,9700";"6,7322";"6,1070"
"201,9800";"6,7326";"6,1058"
"201,9900";"6,7329";"6,1047"
"202,0000";"6,7332";"6,1052"
"202,0100";"6,7335";"6,1063"
"202,0200";"6,7339";"6,1077"
"202,0300";"6,7341";"6,1086"
"202,0400";"6,7344";"6,1098"
"202,0500";"6,7347";"6,1099"
"202,0600";"6,7351";"6,1093"
"202,0700";"6,7353";"6,1094"
"202,0800";"6,7357";"6,1085"
"202,0900";"6,7360";"6,1088"
"202,1000";"6,7364";"6,1101"
"202,1100";"6,7367";"6,1116"
"202,1200";"6,7371";"6,1117"
"202,1300";"6,7375";"6,1105"
"202,1400";"6,7379";"6,1103"
"202,1500";"6,7384";"6,1109"
"202,1600";"6,7387";"6,1116"
"202,1700";"6,7391";"6,1102"
"202,1800";"6,7393";"6,1080"
"202,1900";"6,7397";"6,1082"
"202,2000";"6,7399";"6,1108"
"202,2100";"6,7403";"6,1131"
"202,2200";"6,7405";"6,1127"
"202,2300";"6,7409";"6,1121"
"202,2400";"6,7412";"6,1131"
"202,2500";"6,7416";"6,1138"
"202,2600";"6,7419";"6,1136"
"202,2700";"6,7423";"6,1112"
"202,2800";"6,7426";"6,1102"
"202,2900";"6,7430";"6,1119"
"202,3000";"6,7433";"6,1139"
"202,3100";"6,7438";"6,1144"
"202,3200";"6,7440";"6,1132"
"202,3300";"6,7444";"6,1129"
"202,3400";"6,7447";"6,1142"
"202,3500";"6,7450";"6,1156"
"202,3600";"6,7453";"6,1146"
"202,3700";"6,7457";"6,1146"
"202,3800";"6,7459";"6,1167"
"202,3900";"6,7463";"6,1176"
"202,4000";"6,7466";"6,1188"
"202,4100";"6,7470";"6,1192"
"202,4200";"6,7473";"6,1187"
"202,4300";"6,7477";"6,1169"
"202,4400";"6,7481";"6,1157"
"202,4500";"6,7484";"6,1153"
"202,4600";"6,7488";"6,1160"
"202,4700";"6,7491";"6,1170"
"202,4800";"6,7495";"6,1183"
"202,4900";"6,7498";"6,1204"
"202,5000";"6,7502";"6,1208"
"202,5100";"6,7505";"6,1188"
"202,5200";"6,7509";"6,1172"
"202,5300";"6,7511";"6,1172"
"202,5400";"6,7514";"6,1199"
"202,5500";"6,7517";"6,1203"
"202,5600";"6,7519";"6,1181"
"202,5700";"6,7523";"6,1170"
"202,5800";"6,7525";"6,1190"
"202,5900";"6,7529";"6,1226"
"202,6000";"6,7532";"6,1237"
"202,6100";"6,7536";"6,1229"
"202,6200";"6,7540";"6,1220"
"202,6300";"6,7543";"6,1213"
"202,6400";"6,7547";"6,1233"
"202,6500";"6,7550";"6,1251"
"202,6600";"6,7554";"6,1240"
"202,6700";"6,7556";"6,1226"
"202,6800";"6,7560";"6,1232"
"202,6900";"6,7563";"6,1262"
"202,7000";"6,7567";"6,1273"
"202,7100";"6,7569";"6,1262"
"202,7200";"6,7573";"6,1243"
"202,7300";"6,7576";"6,1253"
"202,7400";"6,7580";"6,1274"
"202,7500";"6,7583";"6,1270"
"202,7600";"6,7587";"6,1259"
"202,7700";"6,7590";"6,1253"
"202,7800";"6,7594";"6,1250"
"202,7900";"6,7597";"6,1250"
"202,8000";"6,7601";"6,1239"
"202,8100";"6,7604";"6,1232"
"202,8200";"6,7607";"6,1250"
"202,8300";"6,7612";"6,1266"
"202,8400";"6,7614";"6,1254"
"202,8500";"6,7617";"6,1251"
"202,8600";"6,7620";"6,1271"
"202,8700";"6,7622";"6,1295"
"202,8800";"6,7626";"6,1298"
"202,8900";"6,7629";"6,1274"
"202,9000";"6,7632";"6,1250"
"202,9100";"6,7635";"6,1251"
"202,9200";"6,7639";"6,1275"
"202,9300";"6,7642";"6,1298"
"202,9400";"6,7646";"6,1311"
"202,9500";"6,7649";"6,1302"
"202,9600";"6,7653";"6,1275"
"202,9700";"6,7658";"6,1275"
"202,9800";"6,7661";"6,1302"
"202,9900";"6,7665";"6,1322"
"203,0000";"6,7668";"6,1322"
"203,0100";"6,7671";"6,1302"
"203,0200";"6,7674";"6,1298"
"203,0300";"6,7677";"6,1310"
"203,0400";"6,7680";"6,1333"
"203,0500";"6,7684";"6,1339"
"203,0600";"6,7686";"6,1327"
"203,0700";"6,7690";"6,1314"
"203,0800";"6,7693";"6,1313"
"203,0900";"6,7697";"6,1332"
"203,1000";"6,7700";"6,1351"
"203,1100";"6,7704";"6,1353"
"203,1200";"6,7707";"6,1354"
"203,1300";"6,7711";"6,1352"
"203,1400";"6,7714";"6,1347"
"203,1500";"6,7718";"6,1335"
"203,1600";"6,7721";"6,1319"
"203,1700";"6,7725";"6,1326"
"203,1800";"6,7728";"6,1344"
"203,1900";"6,7732";"6,1356"
"203,2000";"6,7734";"6,1345"
"203,2100";"6,7737";"6,1336"
"203,2200";"6,7739";"6,1354"
"203,2300";"6,7743";"6,1380"
"203,2400";"6,7745";"6,1377"
"203,2500";"6,7749";"6,1355"
"203,2600";"6,7752";"6,1350"
"203,2700";"6,7756";"6,1382"
"203,2800";"6,7758";"6,1384"
"203,2900";"6,7762";"6,1360"
"203,3000";"6,7765";"6,1353"
"203,3100";"6,7769";"6,1377"
"203,3200";"6,7772";"6,1391"
"203,3300";"6,7776";"6,1375"
"203,3400";"6,7779";"6,1358"
"203,3500";"6,7783";"6,1364"
"203,3600";"6,7786";"6,1377"
"203,3700";"6,7789";"6,1373"
"203,3800";"6,7792";"6,1363"
"203,3900";"6,7795";"6,1370"
"203,4000";"6,7798";"6,1369"
"203,4100";"6,7802";"6,1373"
"203,4200";"6,7805";"6,1378"
"203,4300";"6,7809";"6,1385"
"203,4400";"6,7812";"6,1387"
"203,4500";"6,7816";"6,1380"
"203,4600";"6,7819";"6,1390"
"203,4700";"6,7823";"6,1409"
"203,4800";"6,7826";"6,1419"
"203,4900";"6,7830";"6,1418"
"203,5000";"6,7834";"6,1408"
"203,5100";"6,7837";"6,1411"
"203,5200";"6,7841";"6,1408"
"203,5300";"6,7843";"6,1410"
"203,5400";"6,7845";"6,1424"
"203,5500";"6,7849";"6,1441"
"203,5600";"6,7851";"6,1434"
"203,5700";"6,7855";"6,1426"
"203,5800";"6,7858";"6,1443"
"203,5900";"6,7862";"6,1470"
"203,6000";"6,7865";"6,1482"
"203,6100";"6,7869";"6,1462"
"203,6200";"6,7872";"6,1447"
"203,6300";"6,7876";"6,1446"
"203,6400";"6,7880";"6,1449"
"203,6500";"6,7883";"6,1447"
"203,6600";"6,7888";"6,1454"
"203,6700";"6,7890";"6,1483"
"203,6800";"6,7894";"6,1497"
"203,6900";"6,7896";"6,1473"
"203,7000";"6,7900";"6,1444"
"203,7100";"6,7902";"6,1440"
"203,7200";"6,7906";"6,1450"
"203,7300";"6,7909";"6,1441"
"203,7400";"6,7911";"6,1432"
"203,7500";"6,7915";"6,1454"
"203,7600";"6,7919";"6,1490"
"203,7700";"6,7922";"6,1498"
"203,7800";"6,7926";"6,1469"
"203,7900";"6,7929";"6,1449"
"203,8000";"6,7933";"6,1466"
"203,8100";"6,7936";"6,1504"
"203,8200";"6,7940";"6,1527"
"203,8300";"6,7943";"6,1515"
"203,8400";"6,7947";"6,1498"
"203,8500";"6,7950";"6,1496"
"203,8600";"6,7954";"6,1479"
"203,8700";"6,7956";"6,1459"
"203,8800";"6,7960";"6,1473"
"203,8900";"6,7962";"6,1499"
"203,9000";"6,7965";"6,1496"
"203,9100";"6,7968";"6,1486"
"203,9200";"6,7970";"6,1490"
"203,9300";"6,7974";"6,1510"
"203,9400";"6,7978";"6,1537"
"203,9500";"6,7981";"6,1542"
"203,9600";"6,7985";"6,1543"
"203,9700";"6,7988";"6,1545"
"203,9800";"6,7992";"6,1547"
"203,9900";"6,7995";"6,1555"
"204,0000";"6,8000";"6,1557"
"204,0100";"6,8004";"6,1549"
"204,0200";"6,8007";"6,1542"
"204,0300";"6,8009";"6,1552"
"204,0400";"6,8013";"6,1570"
"204,0500";"6,8015";"6,1575"
"204,0600";"6,8019";"6,1566"
"204,0700";"6,8022";"6,1559"
"204,0800";"6,8025";"6,1562"
"204,0900";"6,8028";"6,1563"
"204,1000";"6,8032";"6,1560"
"204,1100";"6,8034";"6,1562"
"204,1200";"6,8038";"6,1575"
"204,1300";"6,8041";"6,1581"
"204,1400";"6,8045";"6,1571"
"204,1500";"6,8048";"6,1568"
"204,1600";"6,8052";"6,1594"
"204,1700";"6,8055";"6,1607"
"204,1800";"6,8059";"6,1583"
"204,1900";"6,8063";"6,1570"
"204,2000";"6,8066";"6,1576"
"204,2100";"6,8068";"6,1592"
"204,2200";"6,8071";"6,1582"
"204,2300";"6,8074";"6,1555"
"204,2400";"6,8078";"6,1562"
"204,2500";"6,8081";"6,1584"
"204,2600";"6,8085";"6,1589"
"204,2700";"6,8089";"6,1586"
"204,2800";"6,8092";"6,1597"
"204,2900";"6,8097";"6,1620"
"204,3000";"6,8100";"6,1619"
"204,3100";"6,8104";"6,1613"
"204,3200";"6,8107";"6,1609"
"204,3300";"6,8111";"6,1631"
"204,3400";"6,8115";"6,1653"
"204,3500";"6,8118";"6,1646"
"204,3600";"6,8120";"6,1615"
"204,3700";"6,8124";"6,1588"
"204,3800";"6,8126";"6,1596"
"204,3900";"6,8130";"6,1619"
"204,4000";"6,8132";"6,1632"
"204,4100";"6,8136";"6,1628"
"204,4200";"6,8139";"6,1627"
"204,4300";"6,8143";"6,1645"
"204,4400";"6,8146";"6,1659"
"204,4500";"6,8150";"6,1656"
"204,4600";"6,8153";"6,1631"
"204,4700";"6,8157";"6,1620"
"204,4800";"6,8162";"6,1640"
"204,4900";"6,8165";"6,1664"
"204,5000";"6,8169";"6,1666"
"204,5100";"6,8172";"6,1655"
"204,5200";"6,8175";"6,1651"
"204,5300";"6,8178";"6,1654"
"204,5400";"6,8182";"6,1652"
"204,5500";"6,8185";"6,1651"
"204,5600";"6,8188";"6,1658"
"204,5700";"6,8191";"6,1674"
"204,5800";"6,8194";"6,1674"
"204,5900";"6,8197";"6,1661"
"204,6000";"6,8201";"6,1657"
"204,6100";"6,8204";"6,1672"
"204,6200";"6,8207";"6,1680"
"204,6300";"6,8210";"6,1685"
"204,6400";"6,8214";"6,1683"
"204,6500";"6,8217";"6,1694"
"204,6600";"6,8221";"6,1708"
"204,6700";"6,8224";"6,1707"
"204,6800";"6,8227";"6,1698"
"204,6900";"6,8230";"6,1713"
"204,7000";"6,8234";"6,1718"
"204,7100";"6,8237";"6,1702"
"204,7200";"6,8240";"6,1698"
"204,7300";"6,8242";"6,1725"
"204,7400";"6,8246";"6,1740"
"204,7500";"6,8248";"6,1722"
"204,7600";"6,8251";"6,1690"
"204,7700";"6,8255";"6,1691"
"204,7800";"6,8259";"6,1735"
"204,7900";"6,8262";"6,1768"
"204,8000";"6,8266";"6,1757"
"204,8100";"6,8268";"6,1736"
"204,8200";"6,8272";"6,1731"
"204,8300";"6,8275";"6,1746"
"204,8400";"6,8279";"6,1747"
"204,8500";"6,8282";"6,1738"
"204,8600";"6,8286";"6,1716"
"204,8700";"6,8289";"6,1717"
"204,8800";"6,8293";"6,1740"
"204,8900";"6,8295";"6,1757"
"204,9000";"6,8299";"6,1759"
"204,9100";"6,8302";"6,1751"
"204,9200";"6,8305";"6,1748"
"204,9300";"6,8308";"6,1764"
"204,9400";"6,8312";"6,1764"
"204,9500";"6,8315";"6,1761"
"204,9600";"6,8320";"6,1779"
"204,9700";"6,8323";"6,1809"
"204,9800";"6,8327";"6,1806"
"204,9900";"6,8331";"6,1762"
"205,0000";"6,8334";"6,1727"
"205,0100";"6,8339";"6,1747"
"205,0200";"6,8341";"6,1795"
"205,0300";"6,8345";"6,1804"
"205,0400";"6,8347";"6,1766"
"205,0500";"6,8351";"6,1738"
"205,0600";"6,8353";"6,1765"
"205,0700";"6,8357";"6,1794"
"205,0800";"6,8360";"6,1801"
"205,0900";"6,8362";"6,1797"
"205,1000";"6,8366";"6,1792"
"205,1100";"6,8370";"6,1787"
"205,1200";"6,8373";"6,1777"
"205,1300";"6,8378";"6,1770"
"205,1400";"6,8381";"6,1763"
"205,1500";"6,8385";"6,1760"
"205,1600";"6,8388";"6,1767"
"205,1700";"6,8392";"6,1798"
"205,1800";"6,8395";"6,1825"
"205,1900";"6,8399";"6,1825"
"205,2000";"6,8403";"6,1812"
"205,2100";"6,8405";"6,1806"
"205,2200";"6,8408";"6,1810"
"205,2300";"6,8411";"6,1816"
"205,2400";"6,8413";"6,1813"
"205,2500";"6,8417";"6,1819"
"205,2600";"6,8419";"6,1827"
"205,2700";"6,8423";"6,1840"
"205,2800";"6,8426";"6,1838"
"205,2900";"6,8429";"6,1822"
"205,3000";"6,8432";"6,1812"
"205,3100";"6,8436";"6,1827"
"205,3200";"6,8439";"6,1831"
"205,3300";"6,8442";"6,1832"
"205,3400";"6,8445";"6,1841"
"205,3500";"6,8449";"6,1865"
"205,3600";"6,8452";"6,1876"
"205,3700";"6,8456";"6,1867"
"205,3800";"6,8459";"6,1852"
"205,3900";"6,8462";"6,1836"
"205,4000";"6,8465";"6,1828"
"205,4100";"6,8469";"6,1840"
"205,4200";"6,8471";"6,1845"
"205,4300";"6,8475";"6,1857"
"205,4400";"6,8478";"6,1844"
"205,4500";"6,8480";"6,1838"
"205,4600";"6,8484";"6,1845"
"205,4700";"6,8488";"6,1852"
"205,4800";"6,8491";"6,1855"
"205,4900";"6,8495";"6,1862"
"205,5000";"6,8498";"6,1888"
"205,5100";"6,8502";"6,1926"
"205,5200";"6,8505";"6,1940"
"205,5300";"6,8509";"6,1914"
"205,5400";"6,8511";"6,1874"
"205,5500";"6,8515";"6,1850"
"205,5600";"6,8517";"6,1841"
"205,5700";"6,8519";"6,1854"
"205,5800";"6,8523";"6,1893"
"205,5900";"6,8527";"6,1919"
"205,6000";"6,8530";"6,1915"
"205,6100";"6,8534";"6,1902"
"205,6200";"6,8537";"6,1907"
"205,6300";"6,8541";"6,1921"
"205,6400";"6,8545";"6,1927"
"205,6500";"6,8549";"6,1922"
"205,6600";"6,8552";"6,1904"
"205,6700";"6,8556";"6,1910"
"205,6800";"6,8560";"6,1925"
"205,6900";"6,8563";"6,1935"
"205,7000";"6,8567";"6,1939"
"205,7100";"6,8570";"6,1948"
"205,7200";"6,8573";"6,1962"
"205,7300";"6,8576";"6,1964"
"205,7400";"6,8580";"6,1959"
"205,7500";"6,8582";"6,1950"
"205,7600";"6,8586";"6,1944"
"205,7700";"6,8589";"6,1940"
"205,7800";"6,8593";"6,1949"
"205,7900";"6,8595";"6,1956"
"205,8000";"6,8599";"6,1962"
"205,8100";"6,8602";"6,1960"
"205,8200";"6,8606";"6,1944"
"205,8300";"6,8609";"6,1930"
"205,8400";"6,8613";"6,1933"
"205,8500";"6,8616";"6,1944"
"205,8600";"6,8620";"6,1963"
"205,8700";"6,8623";"6,1959"
"205,8800";"6,8627";"6,1951"
"205,8900";"6,8629";"6,1961"
"205,9000";"6,8633";"6,1978"
"205,9100";"6,8635";"6,1994"
"205,9200";"6,8639";"6,1981"
"205,9300";"6,8642";"6,1945"
"205,9400";"6,8645";"6,1943"
"205,9500";"6,8648";"6,1978"
"205,9600";"6,8652";"6,2026"
"205,9700";"6,8655";"6,2031"
"205,9800";"6,8659";"6,2003"
"205,9900";"6,8662";"6,1985"
"206,0000";"6,8666";"6,1975"
"206,0100";"6,8669";"6,1976"
"206,0200";"6,8673";"6,1954"
"206,0300";"6,8676";"6,1940"
"206,0400";"6,8680";"6,1956"
"206,0500";"6,8684";"6,1990"
"206,0600";"6,8687";"6,2019"
"206,0700";"6,8689";"6,2027"
"206,0800";"6,8693";"6,2018"
"206,0900";"6,8695";"6,2009"
"206,1000";"6,8699";"6,2000"
"206,1100";"6,8701";"6,1998"
"206,1200";"6,8705";"6,2000"
"206,1300";"6,8708";"6,2020"
"206,1400";"6,8712";"6,2035"
"206,1500";"6,8715";"6,2049"
"206,1600";"6,8719";"6,2052"
"206,1700";"6,8722";"6,2052"
"206,1800";"6,8726";"6,2051"
"206,1900";"6,8730";"6,2048"
"206,2000";"6,8733";"6,2025"
"206,2100";"6,8737";"6,2003"
"206,2200";"6,8740";"6,2016"
"206,2300";"6,8744";"6,2046"
"206,2400";"6,8746";"6,2072"
"206,2500";"6,8750";"6,2075"
"206,2600";"6,8753";"6,2061"
"206,2700";"6,8757";"6,2055"
"206,2800";"6,8760";"6,2060"
"206,2900";"6,8764";"6,2063"
"206,3000";"6,8767";"6,2048"
"206,3100";"6,8771";"6,2049"
"206,3200";"6,8774";"6,2053"
"206,3300";"6,8778";"6,2059"
"206,3400";"6,8782";"6,2065"
"206,3500";"6,8785";"6,2088"
"206,3600";"6,8787";"6,2107"
"206,3700";"6,8791";"6,2101"
"206,3800";"6,8793";"6,2096"
"206,3900";"6,8797";"6,2103"
"206,4000";"6,8800";"6,2106"
"206,4100";"6,8804";"6,2098"
"206,4200";"6,8806";"6,2066"
"206,4300";"6,8810";"6,2052"
"206,4400";"6,8813";"6,2074"
"206,4500";"6,8817";"6,2102"
"206,4600";"6,8820";"6,2106"
"206,4700";"6,8824";"6,2093"
"206,4800";"6,8828";"6,2084"
"206,4900";"6,8831";"6,2101"
"206,5000";"6,8835";"6,2118"
"206,5100";"6,8838";"6,2122"
"206,5200";"6,8842";"6,2127"
"206,5300";"6,8845";"6,2125"
"206,5400";"6,8849";"6,2116"
"206,5500";"6,8851";"6,2111"
"206,5600";"6,8855";"6,2111"
"206,5700";"6,8857";"6,2109"
"206,5800";"6,8859";"6,2102"
"206,5900";"6,8863";"6,2084"
"206,6000";"6,8867";"6,2081"
"206,6100";"6,8869";"6,2097"
"206,6200";"6,8872";"6,2126"
"206,6300";"6,8876";"6,2153"
"206,6400";"6,8879";"6,2153"
"206,6500";"6,8882";"6,2143"
"206,6600";"6,8885";"6,2144"
"206,6700";"6,8889";"6,2153"
"206,6800";"6,8892";"6,2166"
"206,6900";"6,8896";"6,2173"
"206,7000";"6,8900";"6,2148"
"206,7100";"6,8903";"6,2124"
"206,7200";"6,8907";"6,2131"
"206,7300";"6,8910";"6,2157"
"206,7400";"6,8913";"6,2166"
"206,7500";"6,8916";"6,2166"
"206,7600";"6,8920";"6,2166"
"206,7700";"6,8922";"6,2180"
"206,7800";"6,8926";"6,2180"
"206,7900";"6,8928";"6,2172"
"206,8000";"6,8931";"6,2154"
"206,8100";"6,8935";"6,2151"
"206,8200";"6,8939";"6,2158"
"206,8300";"6,8942";"6,2165"
"206,8400";"6,8946";"6,2176"
"206,8500";"6,8949";"6,2204"
"206,8600";"6,8953";"6,2233"
"206,8700";"6,8956";"6,2220"
"206,8800";"6,8960";"6,2188"
"206,8900";"6,8962";"6,2178"
"206,9000";"6,8966";"6,2181"
"206,9100";"6,8969";"6,2170"
"206,9200";"6,8973";"6,2180"
"206,9300";"6,8975";"6,2195"
"206,9400";"6,8979";"6,2219"
"206,9500";"6,8982";"6,2236"
"206,9600";"6,8986";"6,2233"
"206,9700";"6,8989";"6,2212"
"206,9800";"6,8993";"6,2185"
"206,9900";"6,8996";"6,2160"
"207,0000";"6,9000";"6,2153"
"207,0100";"6,9003";"6,2182"
"207,0200";"6,9007";"6,2213"
"207,0300";"6,9011";"6,2230"
"207,0400";"6,9014";"6,2236"
"207,0500";"6,9016";"6,2234"
"207,0600";"6,9020";"6,2240"
"207,0700";"6,9022";"6,2249"
"207,0800";"6,9026";"6,2245"
"207,0900";"6,9029";"6,2234"
"207,1000";"6,9032";"6,2221"
"207,1100";"6,9035";"6,2232"
"207,1200";"6,9039";"6,2251"
"207,1300";"6,9042";"6,2258"
"207,1400";"6,9046";"6,2245"
"207,1500";"6,9050";"6,2215"
"207,1600";"6,9053";"6,2205"
"207,1700";"6,9057";"6,2218"
"207,1800";"6,9060";"6,2236"
"207,1900";"6,9064";"6,2250"
"207,2000";"6,9067";"6,2273"
"207,2100";"6,9071";"6,2291"
"207,2200";"6,9073";"6,2293"
"207,2300";"6,9077";"6,2286"
"207,2400";"6,9079";"6,2293"
"207,2500";"6,9083";"6,2299"
"207,2600";"6,9085";"6,2273"
"207,2700";"6,9088";"6,2240"
"207,2800";"6,9092";"6,2229"
"207,2900";"6,9096";"6,2264"
"207,3000";"6,9098";"6,2308"
"207,3100";"6,9101";"6,2321"
"207,3200";"6,9105";"6,2299"
"207,3300";"6,9109";"6,2301"
"207,3400";"6,9112";"6,2304"
"207,3500";"6,9116";"6,2303"
"207,3600";"6,9119";"6,2286"
"207,3700";"6,9123";"6,2276"
"207,3800";"6,9126";"6,2284"
"207,3900";"6,9130";"6,2299"
"207,4000";"6,9132";"6,2302"
"207,4100";"6,9136";"6,2315"
"207,4200";"6,9138";"6,2323"
"207,4300";"6,9142";"6,2325"
"207,4400";"6,9144";"6,2311"
"207,4500";"6,9147";"6,2301"
"207,4600";"6,9151";"6,2313"
"207,4700";"6,9155";"6,2337"
"207,4800";"6,9157";"6,2335"
"207,4900";"6,9160";"6,2313"
"207,5000";"6,9164";"6,2305"
"207,5100";"6,9168";"6,2314"
"207,5200";"6,9171";"6,2333"
"207,5300";"6,9176";"6,2354"
"207,5400";"6,9178";"6,2350"
"207,5500";"6,9183";"6,2329"
"207,5600";"6,9186";"6,2321"
"207,5700";"6,9190";"6,2345"
"207,5800";"6,9192";"6,2366"
"207,5900";"6,9196";"6,2361"
"207,6000";"6,9198";"6,2341"
"207,6100";"6,9202";"6,2331"
"207,6200";"6,9204";"6,2340"
"207,6300";"6,9208";"6,2350"
"207,6400";"6,9211";"6,2349"
"207,6500";"6,9215";"6,2362"
"207,6600";"6,9218";"6,2374"
"207,6700";"6,9222";"6,2377"
"207,6800";"6,9225";"6,2356"
"207,6900";"6,9229";"6,2346"
"207,7000";"6,9232";"6,2331"
"207,7100";"6,9236";"6,2341"
"207,7200";"6,9238";"6,2339"
"207,7300";"6,9242";"6,2347"
"207,7400";"6,9244";"6,2376"
"207,7500";"6,9248";"6,2410"
"207,7600";"6,9251";"6,2416"
"207,7700";"6,9255";"6,2403"
"207,7800";"6,9258";"6,2379"
"207,7900";"6,9262";"6,2369"
"207,8000";"6,9266";"6,2359"
"207,8100";"6,9269";"6,2363"
"207,8200";"6,9273";"6,2366"
"207,8300";"6,9276";"6,2384"
"207,8400";"6,9280";"6,2399"
"207,8500";"6,9283";"6,2402"
"207,8600";"6,9287";"6,2411"
"207,8700";"6,9290";"6,2436"
"207,8800";"6,9294";"6,2442"
"207,8900";"6,9297";"6,2426"
"207,9000";"6,9301";"6,2417"
"207,9100";"6,9303";"6,2406"
"207,9200";"6,9307";"6,2410"
"207,9300";"6,9309";"6,2421"
"207,9400";"6,9313";"6,2423"
"207,9500";"6,9315";"6,2429"
"207,9600";"6,9319";"6,2430"
"207,9700";"6,9322";"6,2427"
"207,9800";"6,9326";"6,2428"
"207,9900";"6,9329";"6,2436"
"208,0000";"6,9333";"6,2437"
"208,0100";"6,9335";"6,2422"
"208,0200";"6,9339";"6,2429"
"208,0300";"6,9342";"6,2442"
"208,0400";"6,9346";"6,2452"
"208,0500";"6,9349";"6,2461"
"208,0600";"6,9354";"6,2470"
"208,0700";"6,9358";"6,2465"
"208,0800";"6,9361";"6,2458"
"208,0900";"6,9364";"6,2446"
"208,1000";"6,9367";"6,2453"
"208,1100";"6,9371";"6,2479"
"208,1200";"6,9373";"6,2484"
"208,1300";"6,9377";"6,2473"
"208,1400";"6,9380";"6,2467"
"208,1500";"6,9384";"6,2486"
"208,1600";"6,9387";"6,2486"
"208,1700";"6,9391";"6,2470"
"208,1800";"6,9393";"6,2457"
"208,1900";"6,9398";"6,2460"
"208,2000";"6,9400";"6,2464"
"208,2100";"6,9405";"6,2474"
"208,2200";"6,9408";"6,2487"
"208,2300";"6,9411";"6,2511"
"208,2400";"6,9414";"6,2510"
"208,2500";"6,9417";"6,2479"
"208,2600";"6,9420";"6,2458"
"208,2700";"6,9423";"6,2484"
"208,2800";"6,9426";"6,2525"
"208,2900";"6,9430";"6,2555"
"208,3000";"6,9433";"6,2547"
"208,3100";"6,9437";"6,2521"
"208,3200";"6,9440";"6,2515"
"208,3300";"6,9444";"6,2520"
"208,3400";"6,9447";"6,2512"
"208,3500";"6,9452";"6,2497"
"208,3600";"6,9456";"6,2486"
"208,3700";"6,9459";"6,2489"
"208,3800";"6,9462";"6,2518"
"208,3900";"6,9464";"6,2558"
"208,4000";"6,9467";"6,2584"
"208,4100";"6,9470";"6,2587"
"208,4200";"6,9473";"6,2570"
"208,4300";"6,9477";"6,2552"
"208,4400";"6,9479";"6,2540"
"208,4500";"6,9483";"6,2535"
"208,4600";"6,9486";"6,2528"
"208,4700";"6,9490";"6,2534"
"208,4800";"6,9493";"6,2548"
"208,4900";"6,9497";"6,2573"
"208,5000";"6,9500";"6,2588"
"208,5100";"6,9504";"6,2586"
"208,5200";"6,9508";"6,2560"
"208,5300";"6,9511";"6,2531"
"208,5400";"6,9515";"6,2508"
"208,5500";"6,9518";"6,2511"
"208,5600";"6,9522";"6,2542"
"208,5700";"6,9525";"6,2567"
"208,5800";"6,9528";"6,2578"
"208,5900";"6,9530";"6,2593"
"208,6000";"6,9534";"6,2588"
"208,6100";"6,9537";"6,2568"
"208,6200";"6,9539";"6,2564"
"208,6300";"6,9543";"6,2585"
"208,6400";"6,9547";"6,2601"
"208,6500";"6,9550";"6,2596"
"208,6600";"6,9554";"6,2575"
"208,6700";"6,9557";"6,2576"
"208,6800";"6,9560";"6,2598"
"208,6900";"6,9563";"6,2600"
"208,7000";"6,9567";"6,2561"
"208,7100";"6,9570";"6,2544"
"208,7200";"6,9574";"6,2565"
"208,7300";"6,9577";"6,2599"
"208,7400";"6,9581";"6,2606"
"208,7500";"6,9584";"6,2588"
"208,7600";"6,9587";"6,2570"
"208,7700";"6,9589";"6,2583"
"208,7800";"6,9593";"6,2609"
"208,7900";"6,9595";"6,2604"
"208,8000";"6,9598";"6,2594"
"208,8100";"6,9601";"6,2598"
"208,8200";"6,9604";"6,2617"
"208,8300";"6,9608";"6,2637"
"208,8400";"6,9611";"6,2639"
"208,8500";"6,9615";"6,2626"
"208,8600";"6,9619";"6,2611"
"208,8700";"6,9622";"6,2605"
"208,8800";"6,9626";"6,2608"
"208,8900";"6,9629";"6,2605"
"208,9000";"6,9633";"6,2608"
"208,9100";"6,9636";"6,2620"
"208,9200";"6,9639";"6,2656"
"208,9300";"6,9641";"6,2663"
"208,9400";"6,9645";"6,2644"
"208,9500";"6,9648";"6,2643"
"208,9600";"6,9650";"6,2671"
"208,9700";"6,9654";"6,2694"
"208,9800";"6,9657";"6,2670"
"208,9900";"6,9662";"6,2625"
"209,0000";"6,9666";"6,2619"
"209,0100";"6,9669";"6,2651"
"209,0200";"6,9673";"6,2670"
"209,0300";"6,9676";"6,2677"
"209,0400";"6,9680";"6,2672"
"209,0500";"6,9683";"6,2667"
"209,0600";"6,9686";"6,2659"
"209,0700";"6,9689";"6,2649"
"209,0800";"6,9693";"6,2644"
"209,0900";"6,9695";"6,2659"
"209,1000";"6,9699";"6,2674"
"209,1100";"6,9702";"6,2673"
"209,1200";"6,9706";"6,2666"
"209,1300";"6,9709";"6,2678"
"209,1400";"6,9712";"6,2685"
"209,1500";"6,9715";"6,2685"
"209,1600";"6,9719";"6,2696"
"209,1700";"6,9722";"6,2702"
"209,1800";"6,9726";"6,2700"
"209,1900";"6,9729";"6,2704"
"209,2000";"6,9733";"6,2714"
"209,2100";"6,9737";"6,2730"
"209,2200";"6,9740";"6,2724"
"209,2300";"6,9744";"6,2683"
"209,2400";"6,9747";"6,2658"
"209,2500";"6,9751";"6,2668"
"209,2600";"6,9753";"6,2692"
"209,2700";"6,9757";"6,2718"
"209,2800";"6,9759";"6,2727"
"209,2900";"6,9763";"6,2727"
"209,3000";"6,9766";"6,2722"
"209,3100";"6,9768";"6,2715"
"209,3200";"6,9772";"6,2718"
"209,3300";"6,9774";"6,2716"
"209,3400";"6,9778";"6,2714"
"209,3500";"6,9781";"6,2708"
"209,3600";"6,9785";"6,2715"
"209,3700";"6,9789";"6,2714"
"209,3800";"6,9791";"6,2701"
"209,3900";"6,9794";"6,2697"
"209,4000";"6,9798";"6,2713"
"209,4100";"6,9802";"6,2741"
"209,4200";"6,9805";"6,2752"
"209,4300";"6,9807";"6,2731"
"209,4400";"6,9811";"6,2706"
"209,4500";"6,9813";"6,2706"
"209,4600";"6,9817";"6,2710"
"209,4700";"6,9820";"6,2707"
"209,4800";"6,9824";"6,2710"
"209,4900";"6,9827";"6,2737"
"209,5000";"6,9831";"6,2764"
"209,5100";"6,9835";"6,2765"
"209,5200";"6,9838";"6,2754"
"209,5300";"6,9842";"6,2754"
"209,5400";"6,9845";"6,2761"
"209,5500";"6,9849";"6,2761"
"209,5600";"6,9852";"6,2756"
"209,5700";"6,9856";"6,2761"
"209,5800";"6,9859";"6,2779"
"209,5900";"6,9863";"6,2786"
"209,6000";"6,9866";"6,2792"
"209,6100";"6,9869";"6,2792"
"209,6200";"6,9871";"6,2790"
"209,6300";"6,9875";"6,2780"
"209,6400";"6,9878";"6,2761"
"209,6500";"6,9881";"6,2769"
"209,6600";"6,9884";"6,2784"
"209,6700";"6,9889";"6,2786"
"209,6800";"6,9892";"6,2772"
"209,6900";"6,9896";"6,2771"
"209,7000";"6,9900";"6,2791"
"209,7100";"6,9903";"6,2803"
"209,7200";"6,9907";"6,2792"
"209,7300";"6,9911";"6,2764"
"209,7400";"6,9914";"6,2753"
"209,7500";"6,9917";"6,2783"
"209,7600";"6,9920";"6,2809"
"209,7700";"6,9923";"6,2813"
"209,7800";"6,9925";"6,2796"
"209,7900";"6,9929";"6,2788"
"209,8000";"6,9933";"6,2794"
"209,8100";"6,9936";"6,2803"
"209,8200";"6,9940";"6,2791"
"209,8300";"6,9943";"6,2772"
"209,8400";"6,9947";"6,2789"
"209,8500";"6,9950";"6,2830"
"209,8600";"6,9955";"6,2850"
"209,8700";"6,9959";"6,2837"
"209,8800";"6,9962";"6,2827"
"209,8900";"6,9966";"6,2835"
"209,9000";"6,9969";"6,2851"
"209,9100";"6,9973";"6,2844"
"209,9200";"6,9975";"6,2816"
"209,9300";"6,9979";"6,2824"
"209,9400";"6,9981";"6,2874"
"209,9500";"6,9983";"6,2910"
"209,9600";"6,9987";"6,2892"
"209,9700";"6,9989";"6,2854"
"209,9800";"6,9993";"6,2837"
"209,9900";"6,9996";"6,2845"
"210,0000";"7,0000";"6,2859"
"210,0040";"7,0001";"6,2860"

