Tempo;Spostamento;Forza
(s);(mm);(N)
"0,0000";"0,0000";"0,0172"
"0,0100";"0,0000";"0,0227"
"0,0200";"0,0000";"0,0184"
"0,0300";"0,0000";"0,0094"
"0,0400";"0,0000";"0,0040"
"0,0500";"0,0000";"0,0040"
"0,0600";"0,0000";"0,0047"
"0,0700";"0,0000";"0,0013"
"0,0800";"0,0002";"-0,0031"
"0,0900";"0,0002";"-0,0029"
"0,1000";"0,0002";"0,0045"
"0,1100";"0,0002";"0,0138"
"0,1200";"0,0004";"0,0194"
"0,1300";"0,0005";"0,0189"
"0,1400";"0,0007";"0,0150"
"0,1500";"0,0011";"0,0125"
"0,1600";"0,0014";"0,0125"
"0,1700";"0,0020";"0,0134"
"0,1800";"0,0026";"0,0145"
"0,1900";"0,0033";"0,0137"
"0,2000";"0,0040";"0,0114"
"0,2100";"0,0046";"0,0096"
"0,2200";"0,0053";"0,0101"
"0,2300";"0,0059";"0,0148"
"0,2400";"0,0065";"0,0194"
"0,2500";"0,0071";"0,0209"
"0,2600";"0,0077";"0,0214"
"0,2700";"0,0083";"0,0244"
"0,2800";"0,0087";"0,0285"
"0,2900";"0,0092";"0,0321"
"0,3000";"0,0096";"0,0330"
"0,3100";"0,0099";"0,0313"
"0,3200";"0,0103";"0,0292"
"0,3300";"0,0106";"0,0284"
"0,3400";"0,0110";"0,0301"
"0,3500";"0,0113";"0,0317"
"0,3600";"0,0117";"0,0307"
"0,3700";"0,0120";"0,0307"
"0,3800";"0,0124";"0,0317"
"0,3900";"0,0127";"0,0346"
"0,4000";"0,0131";"0,0368"
"0,4100";"0,0135";"0,0383"
"0,4200";"0,0138";"0,0393"
"0,4300";"0,0142";"0,0414"
"0,4400";"0,0145";"0,0422"
"0,4500";"0,0149";"0,0416"
"0,4600";"0,0151";"0,0411"
"0,4700";"0,0153";"0,0406"
"0,4800";"0,0157";"0,0391"
"0,4900";"0,0161";"0,0377"
"0,5000";"0,0163";"0,0385"
"0,5100";"0,0168";"0,0416"
"0,5200";"0,0171";"0,0448"
"0,5300";"0,0175";"0,0464"
"0,5400";"0,0178";"0,0472"
"0,5500";"0,0182";"0,0489"
"0,5600";"0,0185";"0,0516"
"0,5700";"0,0190";"0,0539"
"0,5800";"0,0194";"0,0544"
"0,5900";"0,0197";"0,0538"
"0,6000";"0,0201";"0,0512"
"0,6100";"0,0203";"0,0487"
"0,6200";"0,0207";"0,0484"
"0,6300";"0,0209";"0,0483"
"0,6400";"0,0212";"0,0490"
"0,6500";"0,0215";"0,0496"
"0,6600";"0,0218";"0,0507"
"0,6700";"0,0222";"0,0536"
"0,6800";"0,0224";"0,0564"
"0,6900";"0,0228";"0,0583"
"0,7000";"0,0231";"0,0595"
"0,7100";"0,0235";"0,0599"
"0,7200";"0,0238";"0,0596"
"0,7300";"0,0242";"0,0567"
"0,7400";"0,0246";"0,0548"
"0,7500";"0,0249";"0,0544"
"0,7600";"0,0253";"0,0553"
"0,7700";"0,0255";"0,0563"
"0,7800";"0,0259";"0,0559"
"0,7900";"0,0262";"0,0567"
"0,8000";"0,0266";"0,0586"
"0,8100";"0,0268";"0,0611"
"0,8200";"0,0272";"0,0635"
"0,8300";"0,0274";"0,0663"
"0,8400";"0,0277";"0,0686"
"0,8500";"0,0281";"0,0698"
"0,8600";"0,0285";"0,0686"
"0,8700";"0,0288";"0,0671"
"0,8800";"0,0290";"0,0673"
"0,8900";"0,0294";"0,0670"
"0,9000";"0,0297";"0,0654"
"0,9100";"0,0301";"0,0638"
"0,9200";"0,0305";"0,0642"
"0,9300";"0,0308";"0,0672"
"0,9400";"0,0312";"0,0708"
"0,9500";"0,0315";"0,0730"
"0,9600";"0,0319";"0,0738"
"0,9700";"0,0321";"0,0748"
"0,9800";"0,0323";"0,0750"
"0,9900";"0,0327";"0,0741"
"1,0000";"0,0331";"0,0730"
"1,0100";"0,0333";"0,0718"
"1,0200";"0,0336";"0,0732"
"1,0300";"0,0340";"0,0749"
"1,0400";"0,0344";"0,0767"
"1,0500";"0,0347";"0,0772"
"1,0600";"0,0351";"0,0776"
"1,0700";"0,0355";"0,0792"
"1,0800";"0,0359";"0,0814"
"1,0900";"0,0362";"0,0831"
"1,1000";"0,0366";"0,0846"
"1,1100";"0,0370";"0,0842"
"1,1200";"0,0373";"0,0839"
"1,1300";"0,0377";"0,0830"
"1,1400";"0,0379";"0,0808"
"1,1500";"0,0382";"0,0791"
"1,1600";"0,0385";"0,0800"
"1,1700";"0,0387";"0,0816"
"1,1800";"0,0391";"0,0827"
"1,1900";"0,0394";"0,0833"
"1,2000";"0,0398";"0,0842"
"1,2100";"0,0401";"0,0848"
"1,2200";"0,0405";"0,0860"
"1,2300";"0,0408";"0,0868"
"1,2400";"0,0412";"0,0881"
"1,2500";"0,0416";"0,0885"
"1,2600";"0,0419";"0,0897"
"1,2700";"0,0423";"0,0909"
"1,2800";"0,0426";"0,0913"
"1,2900";"0,0430";"0,0918"
"1,3000";"0,0432";"0,0905"
"1,3100";"0,0436";"0,0900"
"1,3200";"0,0438";"0,0910"
"1,3300";"0,0442";"0,0914"
"1,3400";"0,0445";"0,0921"
"1,3500";"0,0449";"0,0940"
"1,3600";"0,0451";"0,0966"
"1,3700";"0,0455";"0,0977"
"1,3800";"0,0458";"0,0966"
"1,3900";"0,0462";"0,0949"
"1,4000";"0,0465";"0,0952"
"1,4100";"0,0469";"0,0965"
"1,4200";"0,0472";"0,0971"
"1,4300";"0,0476";"0,0971"
"1,4400";"0,0479";"0,0984"
"1,4500";"0,0483";"0,1010"
"1,4600";"0,0485";"0,1029"
"1,4700";"0,0489";"0,1039"
"1,4800";"0,0492";"0,1040"
"1,4900";"0,0495";"0,1033"
"1,5000";"0,0498";"0,1031"
"1,5100";"0,0501";"0,1023"
"1,5200";"0,0504";"0,1037"
"1,5300";"0,0508";"0,1067"
"1,5400";"0,0510";"0,1088"
"1,5500";"0,0514";"0,1094"
"1,5600";"0,0517";"0,1091"
"1,5700";"0,0521";"0,1081"
"1,5800";"0,0524";"0,1071"
"1,5900";"0,0528";"0,1066"
"1,6000";"0,0531";"0,1085"
"1,6100";"0,0535";"0,1116"
"1,6200";"0,0538";"0,1144"
"1,6300";"0,0542";"0,1154"
"1,6400";"0,0545";"0,1153"
"1,6500";"0,0548";"0,1157"
"1,6600";"0,0550";"0,1146"
"1,6700";"0,0554";"0,1135"
"1,6800";"0,0557";"0,1130"
"1,6900";"0,0560";"0,1134"
"1,7000";"0,0563";"0,1142"
"1,7100";"0,0567";"0,1163"
"1,7200";"0,0570";"0,1187"
"1,7300";"0,0574";"0,1193"
"1,7400";"0,0577";"0,1192"
"1,7500";"0,0582";"0,1202"
"1,7600";"0,0586";"0,1206"
"1,7700";"0,0589";"0,1190"
"1,7800";"0,0593";"0,1168"
"1,7900";"0,0596";"0,1171"
"1,8000";"0,0600";"0,1219"
"1,8100";"0,0603";"0,1256"
"1,8200";"0,0606";"0,1245"
"1,8300";"0,0608";"0,1217"
"1,8400";"0,0612";"0,1216"
"1,8500";"0,0614";"0,1245"
"1,8600";"0,0617";"0,1263"
"1,8700";"0,0621";"0,1264"
"1,8800";"0,0625";"0,1264"
"1,8900";"0,0629";"0,1280"
"1,9000";"0,0633";"0,1305"
"1,9100";"0,0636";"0,1303"
"1,9200";"0,0640";"0,1289"
"1,9300";"0,0643";"0,1291"
"1,9400";"0,0647";"0,1308"
"1,9500";"0,0650";"0,1340"
"1,9600";"0,0654";"0,1358"
"1,9700";"0,0656";"0,1346"
"1,9800";"0,0660";"0,1334"
"1,9900";"0,0663";"0,1322"
"2,0000";"0,0666";"0,1325"
"2,0100";"0,0669";"0,1323"
"2,0200";"0,0673";"0,1310"
"2,0300";"0,0675";"0,1303"
"2,0400";"0,0680";"0,1332"
"2,0500";"0,0684";"0,1369"
"2,0600";"0,0687";"0,1391"
"2,0700";"0,0691";"0,1384"
"2,0800";"0,0694";"0,1383"
"2,0900";"0,0698";"0,1394"
"2,1000";"0,0701";"0,1402"
"2,1100";"0,0705";"0,1390"
"2,1200";"0,0708";"0,1375"
"2,1300";"0,0711";"0,1377"
"2,1400";"0,0714";"0,1413"
"2,1500";"0,0718";"0,1444"
"2,1600";"0,0720";"0,1464"
"2,1700";"0,0724";"0,1460"
"2,1800";"0,0726";"0,1442"
"2,1900";"0,0730";"0,1441"
"2,2000";"0,0732";"0,1442"
"2,2100";"0,0735";"0,1454"
"2,2200";"0,0739";"0,1475"
"2,2300";"0,0741";"0,1500"
"2,2400";"0,0745";"0,1507"
"2,2500";"0,0748";"0,1508"
"2,2600";"0,0751";"0,1505"
"2,2700";"0,0754";"0,1492"
"2,2800";"0,0758";"0,1478"
"2,2900";"0,0761";"0,1464"
"2,3000";"0,0766";"0,1467"
"2,3100";"0,0770";"0,1468"
"2,3200";"0,0772";"0,1481"
"2,3300";"0,0774";"0,1507"
"2,3400";"0,0778";"0,1539"
"2,3500";"0,0780";"0,1556"
"2,3600";"0,0784";"0,1544"
"2,3700";"0,0787";"0,1537"
"2,3800";"0,0790";"0,1556"
"2,3900";"0,0793";"0,1581"
"2,4000";"0,0798";"0,1592"
"2,4100";"0,0802";"0,1573"
"2,4200";"0,0805";"0,1555"
"2,4300";"0,0809";"0,1561"
"2,4400";"0,0812";"0,1577"
"2,4500";"0,0816";"0,1584"
"2,4600";"0,0819";"0,1596"
"2,4700";"0,0823";"0,1600"
"2,4800";"0,0826";"0,1604"
"2,4900";"0,0829";"0,1610"
"2,5000";"0,0831";"0,1626"
"2,5100";"0,0835";"0,1641"
"2,5200";"0,0837";"0,1635"
"2,5300";"0,0841";"0,1618"
"2,5400";"0,0844";"0,1621"
"2,5500";"0,0848";"0,1642"
"2,5600";"0,0852";"0,1663"
"2,5700";"0,0856";"0,1664"
"2,5800";"0,0859";"0,1659"
"2,5900";"0,0864";"0,1667"
"2,6000";"0,0868";"0,1663"
"2,6100";"0,0871";"0,1654"
"2,6200";"0,0875";"0,1665"
"2,6300";"0,0878";"0,1693"
"2,6400";"0,0882";"0,1720"
"2,6500";"0,0884";"0,1729"
"2,6600";"0,0888";"0,1728"
"2,6700";"0,0890";"0,1730"
"2,6800";"0,0894";"0,1743"
"2,6900";"0,0896";"0,1742"
"2,7000";"0,0900";"0,1739"
"2,7100";"0,0903";"0,1725"
"2,7200";"0,0907";"0,1724"
"2,7300";"0,0910";"0,1744"
"2,7400";"0,0914";"0,1760"
"2,7500";"0,0918";"0,1759"
"2,7600";"0,0922";"0,1750"
"2,7700";"0,0926";"0,1763"
"2,7800";"0,0929";"0,1798"
"2,7900";"0,0933";"0,1832"
"2,8000";"0,0936";"0,1829"
"2,8100";"0,0939";"0,1819"
"2,8200";"0,0942";"0,1820"
"2,8300";"0,0944";"0,1833"
"2,8400";"0,0947";"0,1830"
"2,8500";"0,0950";"0,1803"
"2,8600";"0,0953";"0,1782"
"2,8700";"0,0956";"0,1784"
"2,8800";"0,0959";"0,1788"
"2,8900";"0,0962";"0,1800"
"2,9000";"0,0966";"0,1825"
"2,9100";"0,0968";"0,1850"
"2,9200";"0,0972";"0,1873"
"2,9300";"0,0975";"0,1872"
"2,9400";"0,0979";"0,1866"
"2,9500";"0,0982";"0,1878"
"2,9600";"0,0986";"0,1885"
"2,9700";"0,0989";"0,1899"
"2,9800";"0,0993";"0,1901"
"2,9900";"0,0996";"0,1895"
"3,0000";"0,0999";"0,1890"
"3,0100";"0,1001";"0,1905"
"3,0200";"0,1005";"0,1934"
"3,0300";"0,1008";"0,1945"
"3,0400";"0,1011";"0,1924"
"3,0500";"0,1014";"0,1894"
"3,0600";"0,1018";"0,1896"
"3,0700";"0,1021";"0,1932"
"3,0800";"0,1025";"0,1958"
"3,0900";"0,1028";"0,1960"
"3,1000";"0,1032";"0,1945"
"3,1100";"0,1035";"0,1941"
"3,1200";"0,1039";"0,1962"
"3,1300";"0,1042";"0,1967"
"3,1400";"0,1046";"0,1951"
"3,1500";"0,1050";"0,1939"
"3,1600";"0,1053";"0,1947"
"3,1700";"0,1055";"0,1968"
"3,1800";"0,1058";"0,1991"
"3,1900";"0,1061";"0,2013"
"3,2000";"0,1065";"0,2020"
"3,2100";"0,1068";"0,2014"
"3,2200";"0,1072";"0,2004"
"3,2300";"0,1075";"0,2006"
"3,2400";"0,1079";"0,2014"
"3,2500";"0,1083";"0,2029"
"3,2600";"0,1086";"0,2046"
"3,2700";"0,1090";"0,2048"
"3,2800";"0,1093";"0,2048"
"3,2900";"0,1097";"0,2053"
"3,3000";"0,1100";"0,2071"
"3,3100";"0,1104";"0,2100"
"3,3200";"0,1107";"0,2111"
"3,3300";"0,1111";"0,2100"
"3,3400";"0,1113";"0,2090"
"3,3500";"0,1117";"0,2091"
"3,3600";"0,1119";"0,2094"
"3,3700";"0,1123";"0,2100"
"3,3800";"0,1126";"0,2097"
"3,3900";"0,1130";"0,2087"
"3,4000";"0,1133";"0,2089"
"3,4100";"0,1137";"0,2115"
"3,4200";"0,1140";"0,2131"
"3,4300";"0,1144";"0,2131"
"3,4400";"0,1147";"0,2142"
"3,4500";"0,1151";"0,2154"
"3,4600";"0,1155";"0,2152"
"3,4700";"0,1159";"0,2146"
"3,4800";"0,1162";"0,2147"
"3,4900";"0,1165";"0,2151"
"3,5000";"0,1169";"0,2155"
"3,5100";"0,1170";"0,2174"
"3,5200";"0,1173";"0,2197"
"3,5300";"0,1176";"0,2201"
"3,5400";"0,1179";"0,2183"
"3,5500";"0,1183";"0,2162"
"3,5600";"0,1185";"0,2175"
"3,5700";"0,1189";"0,2195"
"3,5800";"0,1192";"0,2210"
"3,5900";"0,1195";"0,2218"
"3,6000";"0,1198";"0,2228"
"3,6100";"0,1202";"0,2230"
"3,6200";"0,1205";"0,2218"
"3,6300";"0,1209";"0,2201"
"3,6400";"0,1212";"0,2204"
"3,6500";"0,1216";"0,2229"
"3,6600";"0,1218";"0,2234"
"3,6700";"0,1222";"0,2220"
"3,6800";"0,1224";"0,2224"
"3,6900";"0,1228";"0,2241"
"3,7000";"0,1230";"0,2260"
"3,7100";"0,1234";"0,2267"
"3,7200";"0,1237";"0,2264"
"3,7300";"0,1241";"0,2253"
"3,7400";"0,1244";"0,2259"
"3,7500";"0,1248";"0,2291"
"3,7600";"0,1251";"0,2327"
"3,7700";"0,1255";"0,2335"
"3,7800";"0,1258";"0,2321"
"3,7900";"0,1263";"0,2312"
"3,8000";"0,1266";"0,2317"
"3,8100";"0,1270";"0,2324"
"3,8200";"0,1273";"0,2324"
"3,8300";"0,1276";"0,2316"
"3,8400";"0,1279";"0,2321"
"3,8500";"0,1282";"0,2331"
"3,8600";"0,1284";"0,2345"
"3,8700";"0,1288";"0,2347"
"3,8800";"0,1292";"0,2346"
"3,8900";"0,1294";"0,2353"
"3,9000";"0,1299";"0,2358"
"3,9100";"0,1302";"0,2365"
"3,9200";"0,1306";"0,2372"
"3,9300";"0,1309";"0,2386"
"3,9400";"0,1313";"0,2412"
"3,9500";"0,1316";"0,2419"
"3,9600";"0,1321";"0,2406"
"3,9700";"0,1323";"0,2396"
"3,9800";"0,1327";"0,2397"
"3,9900";"0,1329";"0,2410"
"4,0000";"0,1333";"0,2429"
"4,0100";"0,1336";"0,2434"
"4,0200";"0,1339";"0,2426"
"4,0300";"0,1342";"0,2432"
"4,0400";"0,1345";"0,2456"
"4,0500";"0,1348";"0,2482"
"4,0600";"0,1352";"0,2474"
"4,0700";"0,1355";"0,2458"
"4,0800";"0,1359";"0,2459"
"4,0900";"0,1362";"0,2472"
"4,1000";"0,1366";"0,2476"
"4,1100";"0,1369";"0,2473"
"4,1200";"0,1374";"0,2475"
"4,1300";"0,1378";"0,2497"
"4,1400";"0,1381";"0,2521"
"4,1500";"0,1385";"0,2527"
"4,1600";"0,1388";"0,2514"
"4,1700";"0,1392";"0,2505"
"4,1800";"0,1394";"0,2513"
"4,1900";"0,1398";"0,2512"
"4,2000";"0,1400";"0,2506"
"4,2100";"0,1404";"0,2513"
"4,2200";"0,1406";"0,2536"
"4,2300";"0,1410";"0,2563"
"4,2400";"0,1413";"0,2570"
"4,2500";"0,1415";"0,2564"
"4,2600";"0,1419";"0,2554"
"4,2700";"0,1423";"0,2552"
"4,2800";"0,1426";"0,2558"
"4,2900";"0,1430";"0,2573"
"4,3000";"0,1433";"0,2583"
"4,3100";"0,1437";"0,2582"
"4,3200";"0,1440";"0,2583"
"4,3300";"0,1444";"0,2602"
"4,3400";"0,1447";"0,2605"
"4,3500";"0,1450";"0,2592"
"4,3600";"0,1452";"0,2589"
"4,3700";"0,1456";"0,2611"
"4,3800";"0,1458";"0,2626"
"4,3900";"0,1462";"0,2621"
"4,4000";"0,1465";"0,2616"
"4,4100";"0,1469";"0,2624"
"4,4200";"0,1471";"0,2647"
"4,4300";"0,1475";"0,2657"
"4,4400";"0,1478";"0,2653"
"4,4500";"0,1483";"0,2653"
"4,4600";"0,1486";"0,2653"
"4,4700";"0,1490";"0,2654"
"4,4800";"0,1493";"0,2651"
"4,4900";"0,1497";"0,2646"
"4,5000";"0,1500";"0,2642"
"4,5100";"0,1503";"0,2651"
"4,5200";"0,1505";"0,2672"
"4,5300";"0,1509";"0,2701"
"4,5400";"0,1511";"0,2705"
"4,5500";"0,1515";"0,2683"
"4,5600";"0,1518";"0,2670"
"4,5700";"0,1522";"0,2669"
"4,5800";"0,1525";"0,2680"
"4,5900";"0,1529";"0,2700"
"4,6000";"0,1532";"0,2729"
"4,6100";"0,1536";"0,2760"
"4,6200";"0,1539";"0,2790"
"4,6300";"0,1544";"0,2798"
"4,6400";"0,1548";"0,2765"
"4,6500";"0,1551";"0,2731"
"4,6600";"0,1554";"0,2722"
"4,6700";"0,1557";"0,2746"
"4,6800";"0,1560";"0,2776"
"4,6900";"0,1563";"0,2791"
"4,7000";"0,1565";"0,2799"
"4,7100";"0,1569";"0,2815"
"4,7200";"0,1572";"0,2827"
"4,7300";"0,1576";"0,2819"
"4,7400";"0,1580";"0,2800"
"4,7500";"0,1583";"0,2783"
"4,7600";"0,1587";"0,2787"
"4,7700";"0,1590";"0,2806"
"4,7800";"0,1594";"0,2827"
"4,7900";"0,1597";"0,2834"
"4,8000";"0,1601";"0,2831"
"4,8100";"0,1604";"0,2856"
"4,8200";"0,1608";"0,2863"
"4,8300";"0,1611";"0,2854"
"4,8400";"0,1615";"0,2836"
"4,8500";"0,1617";"0,2835"
"4,8600";"0,1621";"0,2857"
"4,8700";"0,1623";"0,2883"
"4,8800";"0,1626";"0,2892"
"4,8900";"0,1629";"0,2887"
"4,9000";"0,1632";"0,2893"
"4,9100";"0,1635";"0,2893"
"4,9200";"0,1639";"0,2871"
"4,9300";"0,1642";"0,2844"
"4,9400";"0,1646";"0,2842"
"4,9500";"0,1648";"0,2857"
"4,9600";"0,1652";"0,2885"
"4,9700";"0,1655";"0,2912"
"4,9800";"0,1659";"0,2937"
"4,9900";"0,1662";"0,2952"
"5,0000";"0,1666";"0,2949"
"5,0100";"0,1669";"0,2937"
"5,0200";"0,1672";"0,2917"
"5,0300";"0,1674";"0,2904"
"5,0400";"0,1678";"0,2913"
"5,0500";"0,1680";"0,2936"
"5,0600";"0,1683";"0,2969"
"5,0700";"0,1687";"0,2982"
"5,0800";"0,1691";"0,2981"
"5,0900";"0,1694";"0,2988"
"5,1000";"0,1698";"0,2998"
"5,1100";"0,1701";"0,2987"
"5,1200";"0,1705";"0,2969"
"5,1300";"0,1709";"0,2957"
"5,1400";"0,1712";"0,2964"
"5,1500";"0,1717";"0,2995"
"5,1600";"0,1720";"0,3005"
"5,1700";"0,1724";"0,3002"
"5,1800";"0,1726";"0,3003"
"5,1900";"0,1728";"0,3016"
"5,2000";"0,1732";"0,3023"
"5,2100";"0,1735";"0,3018"
"5,2200";"0,1738";"0,3007"
"5,2300";"0,1741";"0,3015"
"5,2400";"0,1745";"0,3033"
"5,2500";"0,1748";"0,3051"
"5,2600";"0,1752";"0,3064"
"5,2700";"0,1755";"0,3077"
"5,2800";"0,1759";"0,3070"
"5,2900";"0,1764";"0,3059"
"5,3000";"0,1767";"0,3056"
"5,3100";"0,1771";"0,3061"
"5,3200";"0,1774";"0,3063"
"5,3300";"0,1777";"0,3060"
"5,3400";"0,1780";"0,3066"
"5,3500";"0,1783";"0,3092"
"5,3600";"0,1786";"0,3117"
"5,3700";"0,1789";"0,3134"
"5,3800";"0,1792";"0,3128"
"5,3900";"0,1796";"0,3115"
"5,4000";"0,1799";"0,3106"
"5,4100";"0,1803";"0,3116"
"5,4200";"0,1806";"0,3139"
"5,4300";"0,1810";"0,3157"
"5,4400";"0,1813";"0,3163"
"5,4500";"0,1817";"0,3163"
"5,4600";"0,1820";"0,3168"
"5,4700";"0,1824";"0,3166"
"5,4800";"0,1827";"0,3169"
"5,4900";"0,1831";"0,3164"
"5,5000";"0,1835";"0,3157"
"5,5100";"0,1838";"0,3163"
"5,5200";"0,1842";"0,3167"
"5,5300";"0,1844";"0,3178"
"5,5400";"0,1846";"0,3203"
"5,5500";"0,1850";"0,3235"
"5,5600";"0,1852";"0,3247"
"5,5700";"0,1856";"0,3220"
"5,5800";"0,1859";"0,3185"
"5,5900";"0,1862";"0,3169"
"5,6000";"0,1865";"0,3187"
"5,6100";"0,1869";"0,3198"
"5,6200";"0,1872";"0,3199"
"5,6300";"0,1876";"0,3220"
"5,6400";"0,1879";"0,3265"
"5,6500";"0,1883";"0,3286"
"5,6600";"0,1887";"0,3283"
"5,6700";"0,1890";"0,3261"
"5,6800";"0,1894";"0,3253"
"5,6900";"0,1896";"0,3247"
"5,7000";"0,1898";"0,3236"
"5,7100";"0,1902";"0,3235"
"5,7200";"0,1904";"0,3258"
"5,7300";"0,1908";"0,3286"
"5,7400";"0,1911";"0,3306"
"5,7500";"0,1915";"0,3307"
"5,7600";"0,1917";"0,3278"
"5,7700";"0,1921";"0,3255"
"5,7800";"0,1924";"0,3254"
"5,7900";"0,1928";"0,3277"
"5,8000";"0,1931";"0,3298"
"5,8100";"0,1935";"0,3319"
"5,8200";"0,1938";"0,3338"
"5,8300";"0,1942";"0,3356"
"5,8400";"0,1946";"0,3366"
"5,8500";"0,1948";"0,3361"
"5,8600";"0,1951";"0,3347"
"5,8700";"0,1954";"0,3338"
"5,8800";"0,1957";"0,3345"
"5,8900";"0,1961";"0,3343"
"5,9000";"0,1963";"0,3348"
"5,9100";"0,1967";"0,3377"
"5,9200";"0,1972";"0,3417"
"5,9300";"0,1975";"0,3424"
"5,9400";"0,1979";"0,3401"
"5,9500";"0,1982";"0,3379"
"5,9600";"0,1987";"0,3391"
"5,9700";"0,1990";"0,3418"
"5,9800";"0,1994";"0,3426"
"5,9900";"0,1997";"0,3423"
"6,0000";"0,2000";"0,3431"
"6,0100";"0,2003";"0,3440"
"6,0200";"0,2006";"0,3448"
"6,0300";"0,2009";"0,3452"
"6,0400";"0,2013";"0,3437"
"6,0500";"0,2015";"0,3436"
"6,0600";"0,2019";"0,3436"
"6,0700";"0,2022";"0,3434"
"6,0800";"0,2026";"0,3438"
"6,0900";"0,2029";"0,3442"
"6,1000";"0,2033";"0,3467"
"6,1100";"0,2036";"0,3485"
"6,1200";"0,2040";"0,3488"
"6,1300";"0,2044";"0,3484"
"6,1400";"0,2047";"0,3483"
"6,1500";"0,2051";"0,3497"
"6,1600";"0,2054";"0,3510"
"6,1700";"0,2058";"0,3516"
"6,1800";"0,2061";"0,3494"
"6,1900";"0,2064";"0,3491"
"6,2000";"0,2067";"0,3521"
"6,2100";"0,2070";"0,3553"
"6,2200";"0,2073";"0,3561"
"6,2300";"0,2075";"0,3550"
"6,2400";"0,2079";"0,3530"
"6,2500";"0,2082";"0,3529"
"6,2600";"0,2086";"0,3525"
"6,2700";"0,2088";"0,3511"
"6,2800";"0,2092";"0,3498"
"6,2900";"0,2095";"0,3515"
"6,3000";"0,2098";"0,3544"
"6,3100";"0,2101";"0,3547"
"6,3200";"0,2105";"0,3536"
"6,3300";"0,2108";"0,3542"
"6,3400";"0,2112";"0,3558"
"6,3500";"0,2116";"0,3568"
"6,3600";"0,2119";"0,3572"
"6,3700";"0,2121";"0,3567"
"6,3800";"0,2125";"0,3562"
"6,3900";"0,2127";"0,3577"
"6,4000";"0,2131";"0,3606"
"6,4100";"0,2134";"0,3627"
"6,4200";"0,2138";"0,3627"
"6,4300";"0,2142";"0,3618"
"6,4400";"0,2145";"0,3610"
"6,4500";"0,2149";"0,3610"
"6,4600";"0,2152";"0,3614"
"6,4700";"0,2156";"0,3623"
"6,4800";"0,2159";"0,3635"
"6,4900";"0,2163";"0,3666"
"6,5000";"0,2166";"0,3687"
"6,5100";"0,2170";"0,3697"
"6,5200";"0,2173";"0,3681"
"6,5300";"0,2177";"0,3666"
"6,5400";"0,2179";"0,3652"
"6,5500";"0,2182";"0,3641"
"6,5600";"0,2185";"0,3650"
"6,5700";"0,2189";"0,3668"
"6,5800";"0,2192";"0,3691"
"6,5900";"0,2196";"0,3711"
"6,6000";"0,2199";"0,3722"
"6,6100";"0,2203";"0,3725"
"6,6200";"0,2208";"0,3709"
"6,6300";"0,2211";"0,3695"
"6,6400";"0,2215";"0,3707"
"6,6500";"0,2218";"0,3731"
"6,6600";"0,2222";"0,3739"
"6,6700";"0,2224";"0,3733"
"6,6800";"0,2228";"0,3733"
"6,6900";"0,2230";"0,3736"
"6,7000";"0,2234";"0,3753"
"6,7100";"0,2236";"0,3757"
"6,7200";"0,2240";"0,3746"
"6,7300";"0,2243";"0,3739"
"6,7400";"0,2245";"0,3745"
"6,7500";"0,2249";"0,3763"
"6,7600";"0,2252";"0,3767"
"6,7700";"0,2257";"0,3780"
"6,7800";"0,2261";"0,3796"
"6,7900";"0,2264";"0,3803"
"6,8000";"0,2268";"0,3789"
"6,8100";"0,2271";"0,3777"
"6,8200";"0,2275";"0,3777"
"6,8300";"0,2277";"0,3786"
"6,8400";"0,2281";"0,3797"
"6,8500";"0,2284";"0,3827"
"6,8600";"0,2288";"0,3844"
"6,8700";"0,2290";"0,3844"
"6,8800";"0,2294";"0,3829"
"6,8900";"0,2296";"0,3831"
"6,9000";"0,2300";"0,3840"
"6,9100";"0,2303";"0,3845"
"6,9200";"0,2306";"0,3835"
"6,9300";"0,2309";"0,3827"
"6,9400";"0,2313";"0,3837"
"6,9500";"0,2316";"0,3843"
"6,9600";"0,2319";"0,3845"
"6,9700";"0,2322";"0,3850"
"6,9800";"0,2326";"0,3869"
"6,9900";"0,2329";"0,3880"
"7,0000";"0,2333";"0,3876"
"7,0100";"0,2336";"0,3873"
"7,0200";"0,2340";"0,3882"
"7,0300";"0,2343";"0,3892"
"7,0400";"0,2346";"0,3897"
"7,0500";"0,2349";"0,3898"
"7,0600";"0,2352";"0,3897"
"7,0700";"0,2355";"0,3907"
"7,0800";"0,2359";"0,3909"
"7,0900";"0,2361";"0,3915"
"7,1000";"0,2365";"0,3912"
"7,1100";"0,2368";"0,3900"
"7,1200";"0,2372";"0,3896"
"7,1300";"0,2375";"0,3910"
"7,1400";"0,2379";"0,3942"
"7,1500";"0,2382";"0,3952"
"7,1600";"0,2386";"0,3948"
"7,1700";"0,2389";"0,3954"
"7,1800";"0,2393";"0,3960"
"7,1900";"0,2397";"0,3959"
"7,2000";"0,2399";"0,3950"
"7,2100";"0,2401";"0,3952"
"7,2200";"0,2405";"0,3978"
"7,2300";"0,2408";"0,4003"
"7,2400";"0,2412";"0,3990"
"7,2500";"0,2415";"0,3974"
"7,2600";"0,2419";"0,3984"
"7,2700";"0,2422";"0,4006"
"7,2800";"0,2426";"0,4033"
"7,2900";"0,2430";"0,4034"
"7,3000";"0,2433";"0,4035"
"7,3100";"0,2438";"0,4044"
"7,3200";"0,2441";"0,4050"
"7,3300";"0,2445";"0,4060"
"7,3400";"0,2448";"0,4061"
"7,3500";"0,2451";"0,4057"
"7,3600";"0,2454";"0,4045"
"7,3700";"0,2457";"0,4038"
"7,3800";"0,2460";"0,4037"
"7,3900";"0,2464";"0,4048"
"7,4000";"0,2466";"0,4056"
"7,4100";"0,2470";"0,4057"
"7,4200";"0,2473";"0,4068"
"7,4300";"0,2478";"0,4086"
"7,4400";"0,2482";"0,4087"
"7,4500";"0,2485";"0,4085"
"7,4600";"0,2489";"0,4090"
"7,4700";"0,2492";"0,4103"
"7,4800";"0,2495";"0,4105"
"7,4900";"0,2498";"0,4094"
"7,5000";"0,2502";"0,4087"
"7,5100";"0,2505";"0,4096"
"7,5200";"0,2507";"0,4116"
"7,5300";"0,2511";"0,4120"
"7,5400";"0,2513";"0,4118"
"7,5500";"0,2516";"0,4116"
"7,5600";"0,2519";"0,4124"
"7,5700";"0,2523";"0,4139"
"7,5800";"0,2525";"0,4162"
"7,5900";"0,2529";"0,4177"
"7,6000";"0,2532";"0,4165"
"7,6100";"0,2535";"0,4150"
"7,6200";"0,2538";"0,4157"
"7,6300";"0,2542";"0,4175"
"7,6400";"0,2545";"0,4177"
"7,6500";"0,2549";"0,4164"
"7,6600";"0,2552";"0,4158"
"7,6700";"0,2556";"0,4182"
"7,6800";"0,2559";"0,4221"
"7,6900";"0,2563";"0,4240"
"7,7000";"0,2567";"0,4238"
"7,7100";"0,2570";"0,4240"
"7,7200";"0,2572";"0,4234"
"7,7300";"0,2576";"0,4221"
"7,7400";"0,2578";"0,4210"
"7,7500";"0,2581";"0,4226"
"7,7600";"0,2584";"0,4253"
"7,7700";"0,2588";"0,4272"
"7,7800";"0,2591";"0,4267"
"7,7900";"0,2595";"0,4244"
"7,8000";"0,2598";"0,4233"
"7,8100";"0,2602";"0,4247"
"7,8200";"0,2605";"0,4269"
"7,8300";"0,2609";"0,4274"
"7,8400";"0,2611";"0,4265"
"7,8500";"0,2616";"0,4268"
"7,8600";"0,2618";"0,4287"
"7,8700";"0,2622";"0,4316"
"7,8800";"0,2626";"0,4315"
"7,8900";"0,2628";"0,4290"
"7,9000";"0,2630";"0,4274"
"7,9100";"0,2634";"0,4289"
"7,9200";"0,2637";"0,4312"
"7,9300";"0,2641";"0,4300"
"7,9400";"0,2644";"0,4278"
"7,9500";"0,2648";"0,4282"
"7,9600";"0,2653";"0,4308"
"7,9700";"0,2656";"0,4331"
"7,9800";"0,2660";"0,4315"
"7,9900";"0,2663";"0,4301"
"8,0000";"0,2667";"0,4309"
"8,0100";"0,2670";"0,4333"
"8,0200";"0,2673";"0,4340"
"8,0300";"0,2675";"0,4345"
"8,0400";"0,2679";"0,4373"
"8,0500";"0,2682";"0,4391"
"8,0600";"0,2686";"0,4402"
"8,0700";"0,2689";"0,4391"
"8,0800";"0,2692";"0,4380"
"8,0900";"0,2695";"0,4371"
"8,1000";"0,2699";"0,4371"
"8,1100";"0,2702";"0,4378"
"8,1200";"0,2706";"0,4365"
"8,1300";"0,2709";"0,4360"
"8,1400";"0,2713";"0,4391"
"8,1500";"0,2716";"0,4434"
"8,1600";"0,2720";"0,4440"
"8,1700";"0,2724";"0,4416"
"8,1800";"0,2727";"0,4400"
"8,1900";"0,2731";"0,4412"
"8,2000";"0,2734";"0,4442"
"8,2100";"0,2738";"0,4445"
"8,2200";"0,2741";"0,4438"
"8,2300";"0,2744";"0,4440"
"8,2400";"0,2747";"0,4455"
"8,2500";"0,2750";"0,4458"
"8,2600";"0,2753";"0,4448"
"8,2700";"0,2757";"0,4445"
"8,2800";"0,2760";"0,4454"
"8,2900";"0,2764";"0,4455"
"8,3000";"0,2766";"0,4464"
"8,3100";"0,2770";"0,4475"
"8,3200";"0,2773";"0,4502"
"8,3300";"0,2778";"0,4518"
"8,3400";"0,2781";"0,4502"
"8,3500";"0,2785";"0,4485"
"8,3600";"0,2788";"0,4491"
"8,3700";"0,2792";"0,4504"
"8,3800";"0,2794";"0,4516"
"8,3900";"0,2797";"0,4517"
"8,4000";"0,2800";"0,4508"
"8,4100";"0,2803";"0,4503"
"8,4200";"0,2806";"0,4511"
"8,4300";"0,2809";"0,4527"
"8,4400";"0,2812";"0,4536"
"8,4500";"0,2816";"0,4539"
"8,4600";"0,2818";"0,4530"
"8,4700";"0,2822";"0,4535"
"8,4800";"0,2825";"0,4555"
"8,4900";"0,2829";"0,4575"
"8,5000";"0,2832";"0,4562"
"8,5100";"0,2836";"0,4540"
"8,5200";"0,2839";"0,4537"
"8,5300";"0,2843";"0,4552"
"8,5400";"0,2846";"0,4580"
"8,5500";"0,2849";"0,4599"
"8,5600";"0,2851";"0,4606"
"8,5700";"0,2855";"0,4600"
"8,5800";"0,2858";"0,4583"
"8,5900";"0,2860";"0,4567"
"8,6000";"0,2864";"0,4576"
"8,6100";"0,2868";"0,4595"
"8,6200";"0,2871";"0,4618"
"8,6300";"0,2876";"0,4617"
"8,6400";"0,2879";"0,4613"
"8,6500";"0,2883";"0,4616"
"8,6600";"0,2886";"0,4621"
"8,6700";"0,2890";"0,4622"
"8,6800";"0,2894";"0,4623"
"8,6900";"0,2897";"0,4612"
"8,7000";"0,2901";"0,4615"
"8,7100";"0,2903";"0,4632"
"8,7200";"0,2907";"0,4648"
"8,7300";"0,2910";"0,4662"
"8,7400";"0,2914";"0,4665"
"8,7500";"0,2917";"0,4655"
"8,7600";"0,2921";"0,4653"
"8,7700";"0,2923";"0,4666"
"8,7800";"0,2927";"0,4670"
"8,7900";"0,2931";"0,4675"
"8,8000";"0,2935";"0,4688"
"8,8100";"0,2938";"0,4709"
"8,8200";"0,2942";"0,4718"
"8,8300";"0,2945";"0,4717"
"8,8400";"0,2949";"0,4709"
"8,8500";"0,2951";"0,4705"
"8,8600";"0,2955";"0,4694"
"8,8700";"0,2957";"0,4679"
"8,8800";"0,2961";"0,4682"
"8,8900";"0,2963";"0,4704"
"8,9000";"0,2966";"0,4726"
"8,9100";"0,2969";"0,4733"
"8,9200";"0,2971";"0,4735"
"8,9300";"0,2975";"0,4737"
"8,9400";"0,2979";"0,4743"
"8,9500";"0,2981";"0,4746"
"8,9600";"0,2984";"0,4747"
"8,9700";"0,2988";"0,4754"
"8,9800";"0,2992";"0,4766"
"8,9900";"0,2995";"0,4779"
"9,0000";"0,2999";"0,4790"
"9,0100";"0,3002";"0,4803"
"9,0200";"0,3006";"0,4798"
"9,0300";"0,3009";"0,4772"
"9,0400";"0,3013";"0,4750"
"9,0500";"0,3016";"0,4756"
"9,0600";"0,3019";"0,4774"
"9,0700";"0,3022";"0,4793"
"9,0800";"0,3025";"0,4806"
"9,0900";"0,3028";"0,4834"
"9,1000";"0,3032";"0,4850"
"9,1100";"0,3034";"0,4846"
"9,1200";"0,3038";"0,4832"
"9,1300";"0,3041";"0,4819"
"9,1400";"0,3045";"0,4803"
"9,1500";"0,3048";"0,4791"
"9,1600";"0,3052";"0,4798"
"9,1700";"0,3055";"0,4835"
"9,1800";"0,3059";"0,4874"
"9,1900";"0,3062";"0,4877"
"9,2000";"0,3066";"0,4862"
"9,2100";"0,3069";"0,4854"
"9,2200";"0,3073";"0,4867"
"9,2300";"0,3077";"0,4862"
"9,2400";"0,3079";"0,4839"
"9,2500";"0,3082";"0,4828"
"9,2600";"0,3085";"0,4855"
"9,2700";"0,3088";"0,4891"
"9,2800";"0,3092";"0,4907"
"9,2900";"0,3095";"0,4910"
"9,3000";"0,3099";"0,4898"
"9,3100";"0,3102";"0,4884"
"9,3200";"0,3107";"0,4890"
"9,3300";"0,3111";"0,4899"
"9,3400";"0,3114";"0,4900"
"9,3500";"0,3118";"0,4905"
"9,3600";"0,3120";"0,4930"
"9,3700";"0,3124";"0,4958"
"9,3800";"0,3126";"0,4955"
"9,3900";"0,3130";"0,4937"
"9,4000";"0,3133";"0,4938"
"9,4100";"0,3136";"0,4948"
"9,4200";"0,3139";"0,4947"
"9,4300";"0,3143";"0,4937"
"9,4400";"0,3146";"0,4940"
"9,4500";"0,3150";"0,4961"
"9,4600";"0,3153";"0,4988"
"9,4700";"0,3157";"0,4979"
"9,4800";"0,3160";"0,4951"
"9,4900";"0,3164";"0,4947"
"9,5000";"0,3167";"0,4969"
"9,5100";"0,3171";"0,4982"
"9,5200";"0,3173";"0,4976"
"9,5300";"0,3177";"0,4975"
"9,5400";"0,3180";"0,5005"
"9,5500";"0,3184";"0,5035"
"9,5600";"0,3187";"0,5034"
"9,5700";"0,3190";"0,5013"
"9,5800";"0,3192";"0,5001"
"9,5900";"0,3196";"0,5001"
"9,6000";"0,3198";"0,5010"
"9,6100";"0,3202";"0,5029"
"9,6200";"0,3205";"0,5043"
"9,6300";"0,3208";"0,5042"
"9,6400";"0,3211";"0,5025"
"9,6500";"0,3215";"0,5031"
"9,6600";"0,3218";"0,5042"
"9,6700";"0,3222";"0,5058"
"9,6800";"0,3225";"0,5060"
"9,6900";"0,3229";"0,5050"
"9,7000";"0,3232";"0,5044"
"9,7100";"0,3236";"0,5062"
"9,7200";"0,3239";"0,5078"
"9,7300";"0,3243";"0,5088"
"9,7400";"0,3247";"0,5093"
"9,7500";"0,3249";"0,5090"
"9,7600";"0,3251";"0,5084"
"9,7700";"0,3255";"0,5071"
"9,7800";"0,3258";"0,5081"
"9,7900";"0,3261";"0,5110"
"9,8000";"0,3264";"0,5130"
"9,8100";"0,3268";"0,5136"
"9,8200";"0,3271";"0,5140"
"9,8300";"0,3275";"0,5147"
"9,8400";"0,3278";"0,5146"
"9,8500";"0,3282";"0,5142"
"9,8600";"0,3285";"0,5147"
"9,8700";"0,3289";"0,5159"
"9,8800";"0,3293";"0,5150"
"9,8900";"0,3296";"0,5140"
"9,9000";"0,3298";"0,5142"
"9,9100";"0,3302";"0,5159"
"9,9200";"0,3304";"0,5172"
"9,9300";"0,3308";"0,5170"
"9,9400";"0,3311";"0,5163"
"9,9500";"0,3315";"0,5157"
"9,9600";"0,3319";"0,5155"
"9,9700";"0,3322";"0,5146"
"9,9800";"0,3326";"0,5154"
"9,9900";"0,3329";"0,5180"
"10,0000";"0,3333";"0,5186"
"10,0100";"0,3336";"0,5173"
"10,0200";"0,3341";"0,5174"
"10,0300";"0,3345";"0,5199"
"10,0400";"0,3347";"0,5229"
"10,0500";"0,3350";"0,5232"
"10,0600";"0,3353";"0,5217"
"10,0700";"0,3356";"0,5215"
"10,0800";"0,3360";"0,5227"
"10,0900";"0,3362";"0,5242"
"10,1000";"0,3366";"0,5260"
"10,1100";"0,3369";"0,5259"
"10,1200";"0,3373";"0,5244"
"10,1300";"0,3378";"0,5232"
"10,1400";"0,3381";"0,5242"
"10,1500";"0,3385";"0,5255"
"10,1600";"0,3388";"0,5261"
"10,1700";"0,3392";"0,5264"
"10,1800";"0,3395";"0,5272"
"10,1900";"0,3399";"0,5290"
"10,2000";"0,3402";"0,5290"
"10,2100";"0,3405";"0,5265"
"10,2200";"0,3408";"0,5248"
"10,2300";"0,3412";"0,5254"
"10,2400";"0,3414";"0,5267"
"10,2500";"0,3417";"0,5278"
"10,2600";"0,3420";"0,5295"
"10,2700";"0,3422";"0,5318"
"10,2800";"0,3426";"0,5342"
"10,2900";"0,3430";"0,5344"
"10,3000";"0,3432";"0,5325"
"10,3100";"0,3435";"0,5308"
"10,3200";"0,3439";"0,5305"
"10,3300";"0,3442";"0,5306"
"10,3400";"0,3446";"0,5303"
"10,3500";"0,3450";"0,5302"
"10,3600";"0,3453";"0,5307"
"10,3700";"0,3457";"0,5330"
"10,3800";"0,3460";"0,5352"
"10,3900";"0,3464";"0,5365"
"10,4000";"0,3466";"0,5367"
"10,4100";"0,3470";"0,5366"
"10,4200";"0,3472";"0,5374"
"10,4300";"0,3476";"0,5383"
"10,4400";"0,3478";"0,5380"
"10,4500";"0,3481";"0,5375"
"10,4600";"0,3485";"0,5387"
"10,4700";"0,3487";"0,5420"
"10,4800";"0,3492";"0,5452"
"10,4900";"0,3496";"0,5456"
"10,5000";"0,3499";"0,5430"
"10,5100";"0,3503";"0,5409"
"10,5200";"0,3506";"0,5400"
"10,5300";"0,3510";"0,5415"
"10,5400";"0,3513";"0,5434"
"10,5500";"0,3517";"0,5449"
"10,5600";"0,3520";"0,5463"
"10,5700";"0,3523";"0,5462"
"10,5800";"0,3525";"0,5457"
"10,5900";"0,3529";"0,5468"
"10,6000";"0,3532";"0,5479"
"10,6100";"0,3535";"0,5475"
"10,6200";"0,3538";"0,5453"
"10,6300";"0,3543";"0,5445"
"10,6400";"0,3546";"0,5470"
"10,6500";"0,3550";"0,5506"
"10,6600";"0,3553";"0,5521"
"10,6700";"0,3557";"0,5511"
"10,6800";"0,3561";"0,5501"
"10,6900";"0,3564";"0,5482"
"10,7000";"0,3568";"0,5465"
"10,7100";"0,3570";"0,5483"
"10,7200";"0,3574";"0,5508"
"10,7300";"0,3576";"0,5513"
"10,7400";"0,3579";"0,5498"
"10,7500";"0,3583";"0,5492"
"10,7600";"0,3587";"0,5519"
"10,7700";"0,3590";"0,5544"
"10,7800";"0,3592";"0,5544"
"10,7900";"0,3596";"0,5524"
"10,8000";"0,3600";"0,5521"
"10,8100";"0,3603";"0,5528"
"10,8200";"0,3607";"0,5545"
"10,8300";"0,3610";"0,5548"
"10,8400";"0,3614";"0,5539"
"10,8500";"0,3617";"0,5527"
"10,8600";"0,3621";"0,5537"
"10,8700";"0,3624";"0,5562"
"10,8800";"0,3628";"0,5590"
"10,8900";"0,3631";"0,5605"
"10,9000";"0,3634";"0,5602"
"10,9100";"0,3637";"0,5585"
"10,9200";"0,3640";"0,5570"
"10,9300";"0,3643";"0,5558"
"10,9400";"0,3646";"0,5549"
"10,9500";"0,3649";"0,5565"
"10,9600";"0,3653";"0,5594"
"10,9700";"0,3655";"0,5606"
"10,9800";"0,3659";"0,5608"
"10,9900";"0,3662";"0,5609"
"11,0000";"0,3666";"0,5622"
"11,0100";"0,3668";"0,5642"
"11,0200";"0,3672";"0,5641"
"11,0300";"0,3676";"0,5622"
"11,0400";"0,3680";"0,5618"
"11,0500";"0,3683";"0,5641"
"11,0600";"0,3687";"0,5654"
"11,0700";"0,3690";"0,5650"
"11,0800";"0,3693";"0,5644"
"11,0900";"0,3695";"0,5666"
"11,1000";"0,3699";"0,5692"
"11,1100";"0,3702";"0,5693"
"11,1200";"0,3705";"0,5665"
"11,1300";"0,3708";"0,5645"
"11,1400";"0,3712";"0,5649"
"11,1500";"0,3715";"0,5671"
"11,1600";"0,3719";"0,5689"
"11,1700";"0,3722";"0,5697"
"11,1800";"0,3725";"0,5696"
"11,1900";"0,3729";"0,5692"
"11,2000";"0,3733";"0,5691"
"11,2100";"0,3736";"0,5698"
"11,2200";"0,3740";"0,5701"
"11,2300";"0,3744";"0,5701"
"11,2400";"0,3747";"0,5698"
"11,2500";"0,3749";"0,5698"
"11,2600";"0,3752";"0,5685"
"11,2700";"0,3755";"0,5697"
"11,2800";"0,3759";"0,5722"
"11,2900";"0,3761";"0,5749"
"11,3000";"0,3765";"0,5744"
"11,3100";"0,3768";"0,5728"
"11,3200";"0,3772";"0,5725"
"11,3300";"0,3775";"0,5747"
"11,3400";"0,3779";"0,5764"
"11,3500";"0,3784";"0,5754"
"11,3600";"0,3787";"0,5738"
"11,3700";"0,3791";"0,5742"
"11,3800";"0,3794";"0,5759"
"11,3900";"0,3798";"0,5777"
"11,4000";"0,3800";"0,5783"
"11,4100";"0,3804";"0,5781"
"11,4200";"0,3806";"0,5781"
"11,4300";"0,3810";"0,5788"
"11,4400";"0,3812";"0,5809"
"11,4500";"0,3816";"0,5840"
"11,4600";"0,3819";"0,5856"
"11,4700";"0,3823";"0,5841"
"11,4800";"0,3826";"0,5815"
"11,4900";"0,3831";"0,5802"
"11,5000";"0,3834";"0,5812"
"11,5100";"0,3838";"0,5818"
"11,5200";"0,3842";"0,5820"
"11,5300";"0,3844";"0,5821"
"11,5400";"0,3847";"0,5836"
"11,5500";"0,3851";"0,5860"
"11,5600";"0,3855";"0,5878"
"11,5700";"0,3857";"0,5892"
"11,5800";"0,3860";"0,5868"
"11,5900";"0,3863";"0,5847"
"11,6000";"0,3865";"0,5853"
"11,6100";"0,3869";"0,5870"
"11,6200";"0,3872";"0,5878"
"11,6300";"0,3875";"0,5874"
"11,6400";"0,3878";"0,5886"
"11,6500";"0,3882";"0,5897"
"11,6600";"0,3884";"0,5906"
"11,6700";"0,3888";"0,5900"
"11,6800";"0,3891";"0,5885"
"11,6900";"0,3895";"0,5894"
"11,7000";"0,3898";"0,5915"
"11,7100";"0,3902";"0,5927"
"11,7200";"0,3906";"0,5927"
"11,7300";"0,3909";"0,5926"
"11,7400";"0,3912";"0,5927"
"11,7500";"0,3916";"0,5925"
"11,7600";"0,3919";"0,5917"
"11,7700";"0,3922";"0,5917"
"11,7800";"0,3925";"0,5934"
"11,7900";"0,3929";"0,5953"
"11,8000";"0,3931";"0,5959"
"11,8100";"0,3935";"0,5962"
"11,8200";"0,3938";"0,5958"
"11,8300";"0,3942";"0,5945"
"11,8400";"0,3945";"0,5934"
"11,8500";"0,3949";"0,5935"
"11,8600";"0,3952";"0,5948"
"11,8700";"0,3956";"0,5956"
"11,8800";"0,3960";"0,5958"
"11,8900";"0,3963";"0,5964"
"11,9000";"0,3967";"0,5983"
"11,9100";"0,3970";"0,5976"
"11,9200";"0,3974";"0,5948"
"11,9300";"0,3977";"0,5937"
"11,9400";"0,3980";"0,5973"
"11,9500";"0,3983";"0,6018"
"11,9600";"0,3986";"0,6036"
"11,9700";"0,3989";"0,6038"
"11,9800";"0,3993";"0,6027"
"11,9900";"0,3996";"0,6017"
"12,0000";"0,4000";"0,6005"
"12,0100";"0,4003";"0,5991"
"12,0200";"0,4007";"0,6000"
"12,0300";"0,4010";"0,6031"
"12,0400";"0,4014";"0,6055"
"12,0500";"0,4017";"0,6079"
"12,0600";"0,4021";"0,6099"
"12,0700";"0,4023";"0,6104"
"12,0800";"0,4027";"0,6081"
"12,0900";"0,4030";"0,6059"
"12,1000";"0,4033";"0,6056"
"12,1100";"0,4036";"0,6068"
"12,1200";"0,4040";"0,6092"
"12,1300";"0,4043";"0,6103"
"12,1400";"0,4046";"0,6101"
"12,1500";"0,4049";"0,6105"
"12,1600";"0,4053";"0,6108"
"12,1700";"0,4056";"0,6094"
"12,1800";"0,4060";"0,6083"
"12,1900";"0,4063";"0,6084"
"12,2000";"0,4067";"0,6088"
"12,2100";"0,4071";"0,6087"
"12,2200";"0,4074";"0,6089"
"12,2300";"0,4078";"0,6104"
"12,2400";"0,4081";"0,6123"
"12,2500";"0,4085";"0,6138"
"12,2600";"0,4087";"0,6140"
"12,2700";"0,4089";"0,6129"
"12,2800";"0,4093";"0,6119"
"12,2900";"0,4095";"0,6127"
"12,3000";"0,4099";"0,6156"
"12,3100";"0,4102";"0,6185"
"12,3200";"0,4106";"0,6172"
"12,3300";"0,4108";"0,6158"
"12,3400";"0,4112";"0,6170"
"12,3500";"0,4115";"0,6203"
"12,3600";"0,4119";"0,6204"
"12,3700";"0,4122";"0,6177"
"12,3800";"0,4126";"0,6169"
"12,3900";"0,4130";"0,6204"
"12,4000";"0,4133";"0,6230"
"12,4100";"0,4137";"0,6220"
"12,4200";"0,4140";"0,6206"
"12,4300";"0,4143";"0,6210"
"12,4400";"0,4146";"0,6216"
"12,4500";"0,4148";"0,6206"
"12,4600";"0,4152";"0,6189"
"12,4700";"0,4154";"0,6194"
"12,4800";"0,4158";"0,6209"
"12,4900";"0,4161";"0,6229"
"12,5000";"0,4165";"0,6245"
"12,5100";"0,4169";"0,6241"
"12,5200";"0,4172";"0,6227"
"12,5300";"0,4176";"0,6228"
"12,5400";"0,4179";"0,6252"
"12,5500";"0,4184";"0,6258"
"12,5600";"0,4187";"0,6244"
"12,5700";"0,4191";"0,6234"
"12,5800";"0,4195";"0,6252"
"12,5900";"0,4197";"0,6294"
"12,6000";"0,4200";"0,6307"
"12,6100";"0,4203";"0,6297"
"12,6200";"0,4206";"0,6281"
"12,6300";"0,4209";"0,6279"
"12,6400";"0,4212";"0,6281"
"12,6500";"0,4216";"0,6277"
"12,6600";"0,4219";"0,6274"
"12,6700";"0,4223";"0,6282"
"12,6800";"0,4226";"0,6308"
"12,6900";"0,4230";"0,6317"
"12,7000";"0,4233";"0,6318"
"12,7100";"0,4237";"0,6313"
"12,7200";"0,4241";"0,6296"
"12,7300";"0,4244";"0,6300"
"12,7400";"0,4248";"0,6304"
"12,7500";"0,4251";"0,6327"
"12,7600";"0,4254";"0,6350"
"12,7700";"0,4257";"0,6357"
"12,7800";"0,4259";"0,6355"
"12,7900";"0,4263";"0,6356"
"12,8000";"0,4267";"0,6365"
"12,8100";"0,4270";"0,6375"
"12,8200";"0,4274";"0,6370"
"12,8300";"0,4277";"0,6362"
"12,8400";"0,4281";"0,6360"
"12,8500";"0,4284";"0,6371"
"12,8600";"0,4288";"0,6394"
"12,8700";"0,4291";"0,6415"
"12,8800";"0,4294";"0,6421"
"12,8900";"0,4297";"0,6412"
"12,9000";"0,4301";"0,6390"
"12,9100";"0,4304";"0,6386"
"12,9200";"0,4308";"0,6402"
"12,9300";"0,4310";"0,6418"
"12,9400";"0,4314";"0,6425"
"12,9500";"0,4316";"0,6433"
"12,9600";"0,4318";"0,6443"
"12,9700";"0,4322";"0,6445"
"12,9800";"0,4326";"0,6441"
"12,9900";"0,4328";"0,6447"
"13,0000";"0,4331";"0,6446"
"13,0100";"0,4335";"0,6436"
"13,0200";"0,4339";"0,6426"
"13,0300";"0,4341";"0,6436"
"13,0400";"0,4344";"0,6455"
"13,0500";"0,4348";"0,6467"
"13,0600";"0,4352";"0,6463"
"13,0700";"0,4355";"0,6450"
"13,0800";"0,4359";"0,6440"
"13,0900";"0,4362";"0,6438"
"13,1000";"0,4366";"0,6451"
"13,1100";"0,4368";"0,6458"
"13,1200";"0,4370";"0,6463"
"13,1300";"0,4374";"0,6464"
"13,1400";"0,4377";"0,6460"
"13,1500";"0,4380";"0,6473"
"13,1600";"0,4383";"0,6497"
"13,1700";"0,4387";"0,6498"
"13,1800";"0,4392";"0,6483"
"13,1900";"0,4395";"0,6475"
"13,2000";"0,4399";"0,6490"
"13,2100";"0,4402";"0,6516"
"13,2200";"0,4406";"0,6528"
"13,2300";"0,4409";"0,6527"
"13,2400";"0,4413";"0,6527"
"13,2500";"0,4416";"0,6541"
"13,2600";"0,4420";"0,6554"
"13,2700";"0,4424";"0,6553"
"13,2800";"0,4427";"0,6549"
"13,2900";"0,4431";"0,6542"
"13,3000";"0,4433";"0,6534"
"13,3100";"0,4437";"0,6545"
"13,3200";"0,4439";"0,6570"
"13,3300";"0,4442";"0,6582"
"13,3400";"0,4446";"0,6571"
"13,3500";"0,4450";"0,6555"
"13,3600";"0,4453";"0,6567"
"13,3700";"0,4457";"0,6585"
"13,3800";"0,4460";"0,6587"
"13,3900";"0,4464";"0,6569"
"13,4000";"0,4467";"0,6567"
"13,4100";"0,4471";"0,6582"
"13,4200";"0,4473";"0,6618"
"13,4300";"0,4475";"0,6641"
"13,4400";"0,4479";"0,6643"
"13,4500";"0,4481";"0,6628"
"13,4600";"0,4485";"0,6606"
"13,4700";"0,4488";"0,6603"
"13,4800";"0,4492";"0,6612"
"13,4900";"0,4494";"0,6617"
"13,5000";"0,4498";"0,6624"
"13,5100";"0,4501";"0,6623"
"13,5200";"0,4505";"0,6623"
"13,5300";"0,4509";"0,6628"
"13,5400";"0,4513";"0,6643"
"13,5500";"0,4517";"0,6662"
"13,5600";"0,4520";"0,6679"
"13,5700";"0,4524";"0,6695"
"13,5800";"0,4527";"0,6693"
"13,5900";"0,4530";"0,6693"
"13,6000";"0,4533";"0,6692"
"13,6100";"0,4537";"0,6690"
"13,6200";"0,4540";"0,6684"
"13,6300";"0,4544";"0,6677"
"13,6400";"0,4546";"0,6677"
"13,6500";"0,4550";"0,6702"
"13,6600";"0,4553";"0,6717"
"13,6700";"0,4556";"0,6704"
"13,6800";"0,4559";"0,6692"
"13,6900";"0,4563";"0,6690"
"13,7000";"0,4566";"0,6697"
"13,7100";"0,4570";"0,6706"
"13,7200";"0,4573";"0,6714"
"13,7300";"0,4576";"0,6737"
"13,7400";"0,4581";"0,6758"
"13,7500";"0,4584";"0,6752"
"13,7600";"0,4588";"0,6737"
"13,7700";"0,4590";"0,6752"
"13,7800";"0,4594";"0,6775"
"13,7900";"0,4596";"0,6780"
"13,8000";"0,4599";"0,6771"
"13,8100";"0,4602";"0,6760"
"13,8200";"0,4605";"0,6756"
"13,8300";"0,4608";"0,6772"
"13,8400";"0,4611";"0,6767"
"13,8500";"0,4615";"0,6752"
"13,8600";"0,4618";"0,6751"
"13,8700";"0,4622";"0,6762"
"13,8800";"0,4625";"0,6773"
"13,8900";"0,4629";"0,6789"
"13,9000";"0,4632";"0,6794"
"13,9100";"0,4636";"0,6782"
"13,9200";"0,4640";"0,6765"
"13,9300";"0,4643";"0,6758"
"13,9400";"0,4647";"0,6760"
"13,9500";"0,4650";"0,6781"
"13,9600";"0,4654";"0,6810"
"13,9700";"0,4656";"0,6843"
"13,9800";"0,4660";"0,6862"
"13,9900";"0,4662";"0,6857"
"14,0000";"0,4666";"0,6843"
"14,0100";"0,4669";"0,6854"
"14,0200";"0,4673";"0,6860"
"14,0300";"0,4676";"0,6850"
"14,0400";"0,4680";"0,6844"
"14,0500";"0,4683";"0,6858"
"14,0600";"0,4687";"0,6872"
"14,0700";"0,4690";"0,6879"
"14,0800";"0,4694";"0,6862"
"14,0900";"0,4697";"0,6852"
"14,1000";"0,4701";"0,6884"
"14,1100";"0,4703";"0,6916"
"14,1200";"0,4707";"0,6922"
"14,1300";"0,4709";"0,6926"
"14,1400";"0,4713";"0,6920"
"14,1500";"0,4716";"0,6903"
"14,1600";"0,4720";"0,6882"
"14,1700";"0,4722";"0,6883"
"14,1800";"0,4726";"0,6906"
"14,1900";"0,4729";"0,6917"
"14,2000";"0,4734";"0,6923"
"14,2100";"0,4738";"0,6930"
"14,2200";"0,4741";"0,6940"
"14,2300";"0,4745";"0,6955"
"14,2400";"0,4748";"0,6948"
"14,2500";"0,4752";"0,6917"
"14,2600";"0,4755";"0,6913"
"14,2700";"0,4758";"0,6924"
"14,2800";"0,4761";"0,6939"
"14,2900";"0,4764";"0,6956"
"14,3000";"0,4766";"0,6973"
"14,3100";"0,4769";"0,6967"
"14,3200";"0,4773";"0,6961"
"14,3300";"0,4775";"0,6984"
"14,3400";"0,4779";"0,7006"
"14,3500";"0,4782";"0,7002"
"14,3600";"0,4786";"0,6986"
"14,3700";"0,4788";"0,6971"
"14,3800";"0,4792";"0,6976"
"14,3900";"0,4795";"0,6979"
"14,4000";"0,4799";"0,6979"
"14,4100";"0,4802";"0,6980"
"14,4200";"0,4806";"0,6997"
"14,4300";"0,4810";"0,7023"
"14,4400";"0,4813";"0,7027"
"14,4500";"0,4817";"0,7011"
"14,4600";"0,4819";"0,7006"
"14,4700";"0,4821";"0,7018"
"14,4800";"0,4825";"0,7016"
"14,4900";"0,4827";"0,7010"
"14,5000";"0,4831";"0,7009"
"14,5100";"0,4834";"0,7037"
"14,5200";"0,4838";"0,7089"
"14,5300";"0,4841";"0,7123"
"14,5400";"0,4845";"0,7110"
"14,5500";"0,4849";"0,7070"
"14,5600";"0,4852";"0,7037"
"14,5700";"0,4856";"0,7027"
"14,5800";"0,4859";"0,7050"
"14,5900";"0,4863";"0,7076"
"14,6000";"0,4866";"0,7084"
"14,6100";"0,4870";"0,7085"
"14,6200";"0,4873";"0,7094"
"14,6300";"0,4876";"0,7108"
"14,6400";"0,4878";"0,7104"
"14,6500";"0,4882";"0,7081"
"14,6600";"0,4885";"0,7080"
"14,6700";"0,4889";"0,7105"
"14,6800";"0,4892";"0,7115"
"14,6900";"0,4896";"0,7116"
"14,7000";"0,4899";"0,7136"
"14,7100";"0,4903";"0,7165"
"14,7200";"0,4906";"0,7163"
"14,7300";"0,4910";"0,7133"
"14,7400";"0,4915";"0,7113"
"14,7500";"0,4918";"0,7124"
"14,7600";"0,4922";"0,7147"
"14,7700";"0,4925";"0,7166"
"14,7800";"0,4928";"0,7172"
"14,7900";"0,4930";"0,7172"
"14,8000";"0,4934";"0,7174"
"14,8100";"0,4936";"0,7177"
"14,8200";"0,4939";"0,7176"
"14,8300";"0,4942";"0,7171"
"14,8400";"0,4945";"0,7159"
"14,8500";"0,4949";"0,7161"
"14,8600";"0,4952";"0,7180"
"14,8700";"0,4956";"0,7208"
"14,8800";"0,4960";"0,7213"
"14,8900";"0,4963";"0,7199"
"14,9000";"0,4967";"0,7204"
"14,9100";"0,4970";"0,7217"
"14,9200";"0,4974";"0,7218"
"14,9300";"0,4978";"0,7208"
"14,9400";"0,4982";"0,7210"
"14,9500";"0,4985";"0,7215"
"14,9600";"0,4989";"0,7221"
"14,9700";"0,4991";"0,7233"
"14,9800";"0,4994";"0,7228"
"14,9900";"0,4997";"0,7238"
"15,0000";"0,5000";"0,7246"
"15,0100";"0,5003";"0,7234"
"15,0200";"0,5006";"0,7214"
"15,0300";"0,5009";"0,7218"
"15,0400";"0,5013";"0,7245"
"15,0500";"0,5016";"0,7248"
"15,0600";"0,5019";"0,7253"
"15,0700";"0,5022";"0,7259"
"15,0800";"0,5026";"0,7265"
"15,0900";"0,5029";"0,7276"
"15,1000";"0,5033";"0,7284"
"15,1100";"0,5036";"0,7279"
"15,1200";"0,5040";"0,7277"
"15,1300";"0,5042";"0,7266"
"15,1400";"0,5046";"0,7272"
"15,1500";"0,5048";"0,7293"
"15,1600";"0,5052";"0,7301"
"15,1700";"0,5054";"0,7291"
"15,1800";"0,5057";"0,7284"
"15,1900";"0,5061";"0,7299"
"15,2000";"0,5065";"0,7326"
"15,2100";"0,5068";"0,7343"
"15,2200";"0,5072";"0,7344"
"15,2300";"0,5075";"0,7346"
"15,2400";"0,5079";"0,7347"
"15,2500";"0,5082";"0,7343"
"15,2600";"0,5086";"0,7334"
"15,2700";"0,5089";"0,7343"
"15,2800";"0,5093";"0,7350"
"15,2900";"0,5096";"0,7352"
"15,3000";"0,5100";"0,7346"
"15,3100";"0,5104";"0,7349"
"15,3200";"0,5106";"0,7362"
"15,3300";"0,5108";"0,7378"
"15,3400";"0,5112";"0,7388"
"15,3500";"0,5115";"0,7383"
"15,3600";"0,5118";"0,7380"
"15,3700";"0,5121";"0,7383"
"15,3800";"0,5125";"0,7388"
"15,3900";"0,5128";"0,7389"
"15,4000";"0,5132";"0,7390"
"15,4100";"0,5137";"0,7392"
"15,4200";"0,5140";"0,7391"
"15,4300";"0,5144";"0,7398"
"15,4400";"0,5147";"0,7418"
"15,4500";"0,5151";"0,7431"
"15,4600";"0,5153";"0,7419"
"15,4700";"0,5157";"0,7412"
"15,4800";"0,5159";"0,7409"
"15,4900";"0,5163";"0,7422"
"15,5000";"0,5166";"0,7442"
"15,5100";"0,5168";"0,7455"
"15,5200";"0,5172";"0,7459"
"15,5300";"0,5176";"0,7455"
"15,5400";"0,5179";"0,7457"
"15,5500";"0,5183";"0,7461"
"15,5600";"0,5186";"0,7473"
"15,5700";"0,5190";"0,7485"
"15,5800";"0,5193";"0,7480"
"15,5900";"0,5197";"0,7474"
"15,6000";"0,5200";"0,7477"
"15,6100";"0,5204";"0,7482"
"15,6200";"0,5206";"0,7480"
"15,6300";"0,5210";"0,7485"
"15,6400";"0,5213";"0,7493"
"15,6500";"0,5217";"0,7500"
"15,6600";"0,5220";"0,7505"
"15,6700";"0,5223";"0,7508"
"15,6800";"0,5226";"0,7520"
"15,6900";"0,5230";"0,7526"
"15,7000";"0,5232";"0,7523"
"15,7100";"0,5236";"0,7518"
"15,7200";"0,5239";"0,7528"
"15,7300";"0,5242";"0,7531"
"15,7400";"0,5245";"0,7532"
"15,7500";"0,5249";"0,7520"
"15,7600";"0,5252";"0,7517"
"15,7700";"0,5256";"0,7535"
"15,7800";"0,5259";"0,7544"
"15,7900";"0,5263";"0,7545"
"15,8000";"0,5266";"0,7557"
"15,8100";"0,5269";"0,7583"
"15,8200";"0,5272";"0,7591"
"15,8300";"0,5275";"0,7575"
"15,8400";"0,5278";"0,7548"
"15,8500";"0,5281";"0,7527"
"15,8600";"0,5284";"0,7530"
"15,8700";"0,5288";"0,7542"
"15,8800";"0,5291";"0,7561"
"15,8900";"0,5295";"0,7576"
"15,9000";"0,5298";"0,7595"
"15,9100";"0,5302";"0,7614"
"15,9200";"0,5305";"0,7626"
"15,9300";"0,5310";"0,7625"
"15,9400";"0,5314";"0,7622"
"15,9500";"0,5317";"0,7629"
"15,9600";"0,5321";"0,7640"
"15,9700";"0,5324";"0,7633"
"15,9800";"0,5327";"0,7631"
"15,9900";"0,5329";"0,7629"
"16,0000";"0,5331";"0,7640"
"16,0100";"0,5335";"0,7656"
"16,0200";"0,5338";"0,7655"
"16,0300";"0,5341";"0,7620"
"16,0400";"0,5344";"0,7600"
"16,0500";"0,5348";"0,7611"
"16,0600";"0,5351";"0,7639"
"16,0700";"0,5356";"0,7656"
"16,0800";"0,5360";"0,7656"
"16,0900";"0,5363";"0,7654"
"16,1000";"0,5367";"0,7665"
"16,1100";"0,5370";"0,7675"
"16,1200";"0,5374";"0,7672"
"16,1300";"0,5377";"0,7681"
"16,1400";"0,5380";"0,7684"
"16,1500";"0,5383";"0,7680"
"16,1600";"0,5386";"0,7676"
"16,1700";"0,5389";"0,7691"
"16,1800";"0,5392";"0,7716"
"16,1900";"0,5395";"0,7716"
"16,2000";"0,5399";"0,7699"
"16,2100";"0,5402";"0,7680"
"16,2200";"0,5407";"0,7695"
"16,2300";"0,5410";"0,7711"
"16,2400";"0,5414";"0,7725"
"16,2500";"0,5418";"0,7732"
"16,2600";"0,5421";"0,7734"
"16,2700";"0,5425";"0,7745"
"16,2800";"0,5428";"0,7761"
"16,2900";"0,5432";"0,7781"
"16,3000";"0,5435";"0,7777"
"16,3100";"0,5438";"0,7759"
"16,3200";"0,5441";"0,7752"
"16,3300";"0,5444";"0,7756"
"16,3400";"0,5447";"0,7759"
"16,3500";"0,5449";"0,7759"
"16,3600";"0,5453";"0,7766"
"16,3700";"0,5457";"0,7786"
"16,3800";"0,5459";"0,7802"
"16,3900";"0,5462";"0,7795"
"16,4000";"0,5466";"0,7785"
"16,4100";"0,5468";"0,7783"
"16,4200";"0,5472";"0,7788"
"16,4300";"0,5475";"0,7789"
"16,4400";"0,5479";"0,7770"
"16,4500";"0,5482";"0,7768"
"16,4600";"0,5486";"0,7786"
"16,4700";"0,5490";"0,7813"
"16,4800";"0,5492";"0,7816"
"16,4900";"0,5495";"0,7806"
"16,5000";"0,5498";"0,7817"
"16,5100";"0,5501";"0,7837"
"16,5200";"0,5504";"0,7845"
"16,5300";"0,5507";"0,7833"
"16,5400";"0,5511";"0,7823"
"16,5500";"0,5514";"0,7824"
"16,5600";"0,5518";"0,7843"
"16,5700";"0,5521";"0,7864"
"16,5800";"0,5525";"0,7871"
"16,5900";"0,5529";"0,7863"
"16,6000";"0,5532";"0,7850"
"16,6100";"0,5536";"0,7854"
"16,6200";"0,5539";"0,7865"
"16,6300";"0,5543";"0,7870"
"16,6400";"0,5546";"0,7857"
"16,6500";"0,5550";"0,7849"
"16,6600";"0,5552";"0,7873"
"16,6700";"0,5556";"0,7910"
"16,6800";"0,5558";"0,7934"
"16,6900";"0,5562";"0,7943"
"16,7000";"0,5565";"0,7942"
"16,7100";"0,5569";"0,7918"
"16,7200";"0,5572";"0,7886"
"16,7300";"0,5576";"0,7867"
"16,7400";"0,5579";"0,7881"
"16,7500";"0,5584";"0,7906"
"16,7600";"0,5588";"0,7920"
"16,7700";"0,5591";"0,7928"
"16,7800";"0,5595";"0,7944"
"16,7900";"0,5598";"0,7964"
"16,8000";"0,5602";"0,7983"
"16,8100";"0,5604";"0,7983"
"16,8200";"0,5608";"0,7979"
"16,8300";"0,5610";"0,7976"
"16,8400";"0,5612";"0,7979"
"16,8500";"0,5616";"0,7980"
"16,8600";"0,5619";"0,7980"
"16,8700";"0,5622";"0,7976"
"16,8800";"0,5625";"0,7962"
"16,8900";"0,5629";"0,7954"
"16,9000";"0,5632";"0,7976"
"16,9100";"0,5636";"0,8006"
"16,9200";"0,5641";"0,8017"
"16,9300";"0,5644";"0,8007"
"16,9400";"0,5648";"0,7998"
"16,9500";"0,5651";"0,8014"
"16,9600";"0,5655";"0,8027"
"16,9700";"0,5658";"0,8022"
"16,9800";"0,5662";"0,8019"
"16,9900";"0,5664";"0,8018"
"17,0000";"0,5668";"0,8019"
"17,0100";"0,5670";"0,8035"
"17,0200";"0,5674";"0,8051"
"17,0300";"0,5676";"0,8051"
"17,0400";"0,5680";"0,8061"
"17,0500";"0,5683";"0,8058"
"17,0600";"0,5686";"0,8048"
"17,0700";"0,5689";"0,8039"
"17,0800";"0,5693";"0,8041"
"17,0900";"0,5696";"0,8053"
"17,1000";"0,5699";"0,8079"
"17,1100";"0,5702";"0,8094"
"17,1200";"0,5706";"0,8077"
"17,1300";"0,5709";"0,8067"
"17,1400";"0,5713";"0,8073"
"17,1500";"0,5716";"0,8086"
"17,1600";"0,5719";"0,8086"
"17,1700";"0,5722";"0,8078"
"17,1800";"0,5725";"0,8079"
"17,1900";"0,5728";"0,8100"
"17,2000";"0,5730";"0,8122"
"17,2100";"0,5734";"0,8127"
"17,2200";"0,5737";"0,8113"
"17,2300";"0,5741";"0,8103"
"17,2400";"0,5745";"0,8089"
"17,2500";"0,5748";"0,8093"
"17,2600";"0,5752";"0,8098"
"17,2700";"0,5755";"0,8100"
"17,2800";"0,5760";"0,8116"
"17,2900";"0,5763";"0,8123"
"17,3000";"0,5767";"0,8139"
"17,3100";"0,5769";"0,8151"
"17,3200";"0,5773";"0,8160"
"17,3300";"0,5776";"0,8154"
"17,3400";"0,5779";"0,8152"
"17,3500";"0,5781";"0,8162"
"17,3600";"0,5785";"0,8165"
"17,3700";"0,5787";"0,8169"
"17,3800";"0,5792";"0,8170"
"17,3900";"0,5794";"0,8172"
"17,4000";"0,5799";"0,8163"
"17,4100";"0,5802";"0,8142"
"17,4200";"0,5806";"0,8134"
"17,4300";"0,5810";"0,8162"
"17,4400";"0,5813";"0,8202"
"17,4500";"0,5817";"0,8221"
"17,4600";"0,5821";"0,8214"
"17,4700";"0,5825";"0,8211"
"17,4800";"0,5828";"0,8216"
"17,4900";"0,5831";"0,8216"
"17,5000";"0,5834";"0,8196"
"17,5100";"0,5837";"0,8177"
"17,5200";"0,5840";"0,8181"
"17,5300";"0,5843";"0,8213"
"17,5400";"0,5846";"0,8245"
"17,5500";"0,5850";"0,8268"
"17,5600";"0,5853";"0,8260"
"17,5700";"0,5857";"0,8225"
"17,5800";"0,5860";"0,8197"
"17,5900";"0,5864";"0,8211"
"17,6000";"0,5867";"0,8243"
"17,6100";"0,5871";"0,8272"
"17,6200";"0,5874";"0,8287"
"17,6300";"0,5878";"0,8299"
"17,6400";"0,5882";"0,8309"
"17,6500";"0,5885";"0,8303"
"17,6600";"0,5889";"0,8285"
"17,6700";"0,5891";"0,8268"
"17,6800";"0,5893";"0,8259"
"17,6900";"0,5897";"0,8262"
"17,7000";"0,5900";"0,8271"
"17,7100";"0,5903";"0,8278"
"17,7200";"0,5906";"0,8290"
"17,7300";"0,5910";"0,8301"
"17,7400";"0,5913";"0,8303"
"17,7500";"0,5916";"0,8288"
"17,7600";"0,5919";"0,8289"
"17,7700";"0,5923";"0,8298"
"17,7800";"0,5926";"0,8314"
"17,7900";"0,5930";"0,8335"
"17,8000";"0,5933";"0,8349"
"17,8100";"0,5937";"0,8350"
"17,8200";"0,5941";"0,8339"
"17,8300";"0,5943";"0,8336"
"17,8400";"0,5946";"0,8341"
"17,8500";"0,5949";"0,8337"
"17,8600";"0,5952";"0,8336"
"17,8700";"0,5955";"0,8341"
"17,8800";"0,5958";"0,8364"
"17,8900";"0,5961";"0,8389"
"17,9000";"0,5964";"0,8397"
"17,9100";"0,5968";"0,8386"
"17,9200";"0,5971";"0,8371"
"17,9300";"0,5975";"0,8365"
"17,9400";"0,5978";"0,8371"
"17,9500";"0,5982";"0,8376"
"17,9600";"0,5985";"0,8395"
"17,9700";"0,5989";"0,8403"
"17,9800";"0,5992";"0,8390"
"17,9900";"0,5996";"0,8383"
"18,0000";"0,6000";"0,8382"
"18,0100";"0,6002";"0,8398"
"18,0200";"0,6005";"0,8403"
"18,0300";"0,6008";"0,8398"
"18,0400";"0,6011";"0,8388"
"18,0500";"0,6015";"0,8382"
"18,0600";"0,6018";"0,8379"
"18,0700";"0,6022";"0,8397"
"18,0800";"0,6026";"0,8432"
"18,0900";"0,6029";"0,8449"
"18,1000";"0,6033";"0,8438"
"18,1100";"0,6037";"0,8438"
"18,1200";"0,6041";"0,8464"
"18,1300";"0,6044";"0,8490"
"18,1400";"0,6048";"0,8481"
"18,1500";"0,6052";"0,8468"
"18,1600";"0,6054";"0,8459"
"18,1700";"0,6056";"0,8464"
"18,1800";"0,6060";"0,8469"
"18,1900";"0,6062";"0,8471"
"18,2000";"0,6066";"0,8476"
"18,2100";"0,6069";"0,8495"
"18,2200";"0,6073";"0,8500"
"18,2300";"0,6075";"0,8489"
"18,2400";"0,6079";"0,8486"
"18,2500";"0,6082";"0,8495"
"18,2600";"0,6086";"0,8498"
"18,2700";"0,6089";"0,8498"
"18,2800";"0,6093";"0,8503"
"18,2900";"0,6096";"0,8526"
"18,3000";"0,6100";"0,8551"
"18,3100";"0,6103";"0,8559"
"18,3200";"0,6107";"0,8550"
"18,3300";"0,6111";"0,8536"
"18,3400";"0,6114";"0,8535"
"18,3500";"0,6118";"0,8544"
"18,3600";"0,6120";"0,8561"
"18,3700";"0,6122";"0,8565"
"18,3800";"0,6126";"0,8562"
"18,3900";"0,6129";"0,8562"
"18,4000";"0,6132";"0,8567"
"18,4100";"0,6135";"0,8578"
"18,4200";"0,6138";"0,8574"
"18,4300";"0,6141";"0,8564"
"18,4400";"0,6145";"0,8568"
"18,4500";"0,6148";"0,8574"
"18,4600";"0,6152";"0,8580"
"18,4700";"0,6155";"0,8587"
"18,4800";"0,6159";"0,8594"
"18,4900";"0,6162";"0,8588"
"18,5000";"0,6166";"0,8579"
"18,5100";"0,6170";"0,8567"
"18,5200";"0,6172";"0,8594"
"18,5300";"0,6174";"0,8647"
"18,5400";"0,6178";"0,8673"
"18,5500";"0,6181";"0,8650"
"18,5600";"0,6184";"0,8609"
"18,5700";"0,6187";"0,8599"
"18,5800";"0,6191";"0,8623"
"18,5900";"0,6194";"0,8644"
"18,6000";"0,6198";"0,8648"
"18,6100";"0,6201";"0,8654"
"18,6200";"0,6205";"0,8660"
"18,6300";"0,6209";"0,8666"
"18,6400";"0,6212";"0,8658"
"18,6500";"0,6216";"0,8639"
"18,6600";"0,6219";"0,8630"
"18,6700";"0,6223";"0,8632"
"18,6800";"0,6225";"0,8635"
"18,6900";"0,6229";"0,8650"
"18,7000";"0,6231";"0,8658"
"18,7100";"0,6235";"0,8653"
"18,7200";"0,6238";"0,8661"
"18,7300";"0,6242";"0,8670"
"18,7400";"0,6245";"0,8682"
"18,7500";"0,6249";"0,8691"
"18,7600";"0,6253";"0,8693"
"18,7700";"0,6257";"0,8687"
"18,7800";"0,6260";"0,8687"
"18,7900";"0,6264";"0,8673"
"18,8000";"0,6268";"0,8671"
"18,8100";"0,6272";"0,8700"
"18,8200";"0,6275";"0,8740"
"18,8300";"0,6278";"0,8745"
"18,8400";"0,6281";"0,8721"
"18,8500";"0,6284";"0,8703"
"18,8600";"0,6286";"0,8716"
"18,8700";"0,6290";"0,8736"
"18,8800";"0,6294";"0,8743"
"18,8900";"0,6296";"0,8748"
"18,9000";"0,6299";"0,8752"
"18,9100";"0,6303";"0,8755"
"18,9200";"0,6307";"0,8758"
"18,9300";"0,6311";"0,8765"
"18,9400";"0,6315";"0,8773"
"18,9500";"0,6318";"0,8773"
"18,9600";"0,6322";"0,8779"
"18,9700";"0,6325";"0,8793"
"18,9800";"0,6329";"0,8806"
"18,9900";"0,6332";"0,8809"
"19,0000";"0,6336";"0,8800"
"19,0100";"0,6340";"0,8793"
"19,0200";"0,6342";"0,8788"
"19,0300";"0,6344";"0,8781"
"19,0400";"0,6347";"0,8790"
"19,0500";"0,6349";"0,8807"
"19,0600";"0,6353";"0,8817"
"19,0700";"0,6355";"0,8830"
"19,0800";"0,6358";"0,8827"
"19,0900";"0,6362";"0,8816"
"19,1000";"0,6364";"0,8822"
"19,1100";"0,6368";"0,8826"
"19,1200";"0,6371";"0,8828"
"19,1300";"0,6375";"0,8829"
"19,1400";"0,6379";"0,8836"
"19,1500";"0,6382";"0,8838"
"19,1600";"0,6386";"0,8844"
"19,1700";"0,6389";"0,8850"
"19,1800";"0,6392";"0,8851"
"19,1900";"0,6395";"0,8846"
"19,2000";"0,6397";"0,8847"
"19,2100";"0,6401";"0,8866"
"19,2200";"0,6405";"0,8892"
"19,2300";"0,6407";"0,8895"
"19,2400";"0,6410";"0,8873"
"19,2500";"0,6414";"0,8874"
"19,2600";"0,6417";"0,8887"
"19,2700";"0,6421";"0,8887"
"19,2800";"0,6425";"0,8878"
"19,2900";"0,6429";"0,8878"
"19,3000";"0,6433";"0,8902"
"19,3100";"0,6436";"0,8926"
"19,3200";"0,6440";"0,8930"
"19,3300";"0,6443";"0,8926"
"19,3400";"0,6447";"0,8938"
"19,3500";"0,6449";"0,8960"
"19,3600";"0,6453";"0,8949"
"19,3700";"0,6455";"0,8922"
"19,3800";"0,6459";"0,8906"
"19,3900";"0,6462";"0,8913"
"19,4000";"0,6466";"0,8940"
"19,4100";"0,6469";"0,8971"
"19,4200";"0,6473";"0,8986"
"19,4300";"0,6477";"0,8986"
"19,4400";"0,6480";"0,8969"
"19,4500";"0,6484";"0,8958"
"19,4600";"0,6488";"0,8966"
"19,4700";"0,6492";"0,8971"
"19,4800";"0,6495";"0,8974"
"19,4900";"0,6498";"0,8978"
"19,5000";"0,6501";"0,9002"
"19,5100";"0,6504";"0,9027"
"19,5200";"0,6507";"0,9034"
"19,5300";"0,6510";"0,9030"
"19,5400";"0,6513";"0,9020"
"19,5500";"0,6515";"0,9022"
"19,5600";"0,6519";"0,9027"
"19,5700";"0,6523";"0,9023"
"19,5800";"0,6526";"0,9026"
"19,5900";"0,6530";"0,9035"
"19,6000";"0,6533";"0,9034"
"19,6100";"0,6537";"0,9034"
"19,6200";"0,6540";"0,9045"
"19,6300";"0,6545";"0,9059"
"19,6400";"0,6549";"0,9048"
"19,6500";"0,6552";"0,9031"
"19,6600";"0,6554";"0,9024"
"19,6700";"0,6558";"0,9036"
"19,6800";"0,6562";"0,9057"
"19,6900";"0,6564";"0,9061"
"19,7000";"0,6566";"0,9055"
"19,7100";"0,6569";"0,9044"
"19,7200";"0,6572";"0,9039"
"19,7300";"0,6575";"0,9049"
"19,7400";"0,6578";"0,9049"
"19,7500";"0,6582";"0,9051"
"19,7600";"0,6584";"0,9055"
"19,7700";"0,6587";"0,9059"
"19,7800";"0,6591";"0,9072"
"19,7900";"0,6595";"0,9079"
"19,8000";"0,6598";"0,9089"
"19,8100";"0,6602";"0,9091"
"19,8200";"0,6605";"0,9087"
"19,8300";"0,6609";"0,9083"
"19,8400";"0,6612";"0,9098"
"19,8500";"0,6616";"0,9118"
"19,8600";"0,6618";"0,9136"
"19,8700";"0,6622";"0,9136"
"19,8800";"0,6624";"0,9123"
"19,8900";"0,6628";"0,9125"
"19,9000";"0,6631";"0,9137"
"19,9100";"0,6635";"0,9143"
"19,9200";"0,6637";"0,9138"
"19,9300";"0,6641";"0,9118"
"19,9400";"0,6644";"0,9112"
"19,9500";"0,6648";"0,9127"
"19,9600";"0,6651";"0,9151"
"19,9700";"0,6655";"0,9164"
"19,9800";"0,6658";"0,9166"
"19,9900";"0,6662";"0,9165"
"20,0000";"0,6665";"0,9170"
"20,0100";"0,6669";"0,9157"
"20,0200";"0,6672";"0,9138"
"20,0300";"0,6675";"0,9148"
"20,0400";"0,6677";"0,9180"
"20,0500";"0,6681";"0,9205"
"20,0600";"0,6684";"0,9215"
"20,0700";"0,6688";"0,9224"
"20,0800";"0,6691";"0,9225"
"20,0900";"0,6695";"0,9230"
"20,1000";"0,6698";"0,9222"
"20,1100";"0,6703";"0,9196"
"20,1200";"0,6707";"0,9181"
"20,1300";"0,6710";"0,9187"
"20,1400";"0,6714";"0,9199"
"20,1500";"0,6717";"0,9205"
"20,1600";"0,6721";"0,9214"
"20,1700";"0,6724";"0,9215"
"20,1800";"0,6727";"0,9224"
"20,1900";"0,6730";"0,9247"
"20,2000";"0,6733";"0,9246"
"20,2100";"0,6736";"0,9234"
"20,2200";"0,6739";"0,9240"
"20,2300";"0,6742";"0,9262"
"20,2400";"0,6746";"0,9293"
"20,2500";"0,6749";"0,9300"
"20,2600";"0,6753";"0,9291"
"20,2700";"0,6756";"0,9284"
"20,2800";"0,6760";"0,9289"
"20,2900";"0,6765";"0,9279"
"20,3000";"0,6768";"0,9267"
"20,3100";"0,6772";"0,9264"
"20,3200";"0,6775";"0,9293"
"20,3300";"0,6779";"0,9315"
"20,3400";"0,6782";"0,9317"
"20,3500";"0,6786";"0,9310"
"20,3600";"0,6789";"0,9315"
"20,3700";"0,6792";"0,9334"
"20,3800";"0,6794";"0,9343"
"20,3900";"0,6798";"0,9330"
"20,4000";"0,6800";"0,9313"
"20,4100";"0,6804";"0,9319"
"20,4200";"0,6806";"0,9327"
"20,4300";"0,6809";"0,9337"
"20,4400";"0,6813";"0,9344"
"20,4500";"0,6815";"0,9347"
"20,4600";"0,6819";"0,9351"
"20,4700";"0,6822";"0,9354"
"20,4800";"0,6826";"0,9356"
"20,4900";"0,6830";"0,9349"
"20,5000";"0,6833";"0,9327"
"20,5100";"0,6835";"0,9322"
"20,5200";"0,6839";"0,9336"
"20,5300";"0,6842";"0,9370"
"20,5400";"0,6845";"0,9391"
"20,5500";"0,6848";"0,9400"
"20,5600";"0,6852";"0,9411"
"20,5700";"0,6854";"0,9409"
"20,5800";"0,6858";"0,9398"
"20,5900";"0,6861";"0,9376"
"20,6000";"0,6865";"0,9356"
"20,6100";"0,6868";"0,9359"
"20,6200";"0,6872";"0,9381"
"20,6300";"0,6876";"0,9414"
"20,6400";"0,6879";"0,9434"
"20,6500";"0,6883";"0,9437"
"20,6600";"0,6886";"0,9423"
"20,6700";"0,6890";"0,9408"
"20,6800";"0,6893";"0,9407"
"20,6900";"0,6897";"0,9420"
"20,7000";"0,6899";"0,9439"
"20,7100";"0,6903";"0,9454"
"20,7200";"0,6906";"0,9466"
"20,7300";"0,6909";"0,9472"
"20,7400";"0,6912";"0,9468"
"20,7500";"0,6916";"0,9451"
"20,7600";"0,6919";"0,9445"
"20,7700";"0,6923";"0,9445"
"20,7800";"0,6926";"0,9445"
"20,7900";"0,6931";"0,9445"
"20,8000";"0,6935";"0,9459"
"20,8100";"0,6938";"0,9483"
"20,8200";"0,6942";"0,9515"
"20,8300";"0,6945";"0,9529"
"20,8400";"0,6948";"0,9499"
"20,8500";"0,6950";"0,9482"
"20,8600";"0,6953";"0,9491"
"20,8700";"0,6956";"0,9511"
"20,8800";"0,6959";"0,9524"
"20,8900";"0,6962";"0,9515"
"20,9000";"0,6965";"0,9502"
"20,9100";"0,6969";"0,9490"
"20,9200";"0,6972";"0,9499"
"20,9300";"0,6976";"0,9518"
"20,9400";"0,6979";"0,9522"
"20,9500";"0,6983";"0,9526"
"20,9600";"0,6987";"0,9540"
"20,9700";"0,6990";"0,9562"
"20,9800";"0,6994";"0,9570"
"20,9900";"0,6997";"0,9556"
"21,0000";"0,7001";"0,9538"
"21,0100";"0,7004";"0,9538"
"21,0200";"0,7008";"0,9546"
"21,0300";"0,7011";"0,9556"
"21,0400";"0,7015";"0,9565"
"21,0500";"0,7017";"0,9596"
"21,0600";"0,7020";"0,9614"
"21,0700";"0,7023";"0,9600"
"21,0800";"0,7027";"0,9580"
"21,0900";"0,7029";"0,9575"
"21,1000";"0,7033";"0,9587"
"21,1100";"0,7036";"0,9586"
"21,1200";"0,7040";"0,9576"
"21,1300";"0,7042";"0,9570"
"21,1400";"0,7046";"0,9586"
"21,1500";"0,7049";"0,9614"
"21,1600";"0,7053";"0,9639"
"21,1700";"0,7057";"0,9641"
"21,1800";"0,7060";"0,9621"
"21,1900";"0,7064";"0,9593"
"21,2000";"0,7067";"0,9582"
"21,2100";"0,7070";"0,9594"
"21,2200";"0,7074";"0,9626"
"21,2300";"0,7076";"0,9645"
"21,2400";"0,7080";"0,9656"
"21,2500";"0,7083";"0,9653"
"21,2600";"0,7086";"0,9644"
"21,2700";"0,7089";"0,9622"
"21,2800";"0,7093";"0,9608"
"21,2900";"0,7096";"0,9610"
"21,3000";"0,7100";"0,9637"
"21,3100";"0,7102";"0,9663"
"21,3200";"0,7106";"0,9668"
"21,3300";"0,7109";"0,9684"
"21,3400";"0,7114";"0,9715"
"21,3500";"0,7116";"0,9734"
"21,3600";"0,7120";"0,9710"
"21,3700";"0,7122";"0,9664"
"21,3800";"0,7126";"0,9649"
"21,3900";"0,7128";"0,9667"
"21,4000";"0,7132";"0,9691"
"21,4100";"0,7135";"0,9693"
"21,4200";"0,7139";"0,9690"
"21,4300";"0,7142";"0,9696"
"21,4400";"0,7146";"0,9706"
"21,4500";"0,7149";"0,9712"
"21,4600";"0,7153";"0,9707"
"21,4700";"0,7157";"0,9699"
"21,4800";"0,7160";"0,9697"
"21,4900";"0,7164";"0,9719"
"21,5000";"0,7167";"0,9745"
"21,5100";"0,7171";"0,9753"
"21,5200";"0,7173";"0,9754"
"21,5300";"0,7177";"0,9765"
"21,5400";"0,7179";"0,9769"
"21,5500";"0,7182";"0,9753"
"21,5600";"0,7186";"0,9716"
"21,5700";"0,7188";"0,9711"
"21,5800";"0,7192";"0,9747"
"21,5900";"0,7195";"0,9790"
"21,6000";"0,7199";"0,9796"
"21,6100";"0,7203";"0,9774"
"21,6200";"0,7206";"0,9779"
"21,6300";"0,7210";"0,9806"
"21,6400";"0,7213";"0,9813"
"21,6500";"0,7217";"0,9788"
"21,6600";"0,7219";"0,9767"
"21,6700";"0,7224";"0,9791"
"21,6800";"0,7227";"0,9825"
"21,6900";"0,7230";"0,9839"
"21,7000";"0,7233";"0,9822"
"21,7100";"0,7237";"0,9800"
"21,7200";"0,7239";"0,9801"
"21,7300";"0,7242";"0,9803"
"21,7400";"0,7245";"0,9809"
"21,7500";"0,7249";"0,9811"
"21,7600";"0,7251";"0,9812"
"21,7700";"0,7255";"0,9825"
"21,7800";"0,7258";"0,9843"
"21,7900";"0,7262";"0,9854"
"21,8000";"0,7264";"0,9843"
"21,8100";"0,7267";"0,9823"
"21,8200";"0,7271";"0,9821"
"21,8300";"0,7275";"0,9831"
"21,8400";"0,7278";"0,9843"
"21,8500";"0,7282";"0,9855"
"21,8600";"0,7286";"0,9878"
"21,8700";"0,7289";"0,9902"
"21,8800";"0,7292";"0,9905"
"21,8900";"0,7296";"0,9889"
"21,9000";"0,7298";"0,9883"
"21,9100";"0,7301";"0,9887"
"21,9200";"0,7304";"0,9903"
"21,9300";"0,7308";"0,9908"
"21,9400";"0,7311";"0,9910"
"21,9500";"0,7315";"0,9913"
"21,9600";"0,7318";"0,9925"
"21,9700";"0,7322";"0,9936"
"21,9800";"0,7325";"0,9939"
"21,9900";"0,7329";"0,9930"
"22,0000";"0,7332";"0,9914"
"22,0100";"0,7336";"0,9903"
"22,0200";"0,7340";"0,9916"
"22,0300";"0,7343";"0,9946"
"22,0400";"0,7347";"0,9956"
"22,0500";"0,7349";"0,9950"
"22,0600";"0,7352";"0,9950"
"22,0700";"0,7355";"0,9957"
"22,0800";"0,7358";"0,9965"
"22,0900";"0,7362";"0,9956"
"22,1000";"0,7365";"0,9939"
"22,1100";"0,7369";"0,9934"
"22,1200";"0,7373";"0,9943"
"22,1300";"0,7376";"0,9949"
"22,1400";"0,7380";"0,9964"
"22,1500";"0,7384";"0,9971"
"22,1600";"0,7388";"0,9974"
"22,1700";"0,7391";"0,9985"
"22,1800";"0,7394";"1,0001"
"22,1900";"0,7397";"1,0026"
"22,2000";"0,7401";"1,0030"
"22,2100";"0,7404";"1,0011"
"22,2200";"0,7407";"1,0004"
"22,2300";"0,7410";"1,0007"
"22,2400";"0,7414";"1,0009"
"22,2500";"0,7417";"1,0006"
"22,2600";"0,7421";"1,0007"
"22,2700";"0,7425";"1,0023"
"22,2800";"0,7428";"1,0039"
"22,2900";"0,7432";"1,0037"
"22,3000";"0,7435";"1,0026"
"22,3100";"0,7437";"1,0030"
"22,3200";"0,7441";"1,0042"
"22,3300";"0,7445";"1,0041"
"22,3400";"0,7448";"1,0033"
"22,3500";"0,7452";"1,0040"
"22,3600";"0,7454";"1,0051"
"22,3700";"0,7458";"1,0046"
"22,3800";"0,7461";"1,0038"
"22,3900";"0,7463";"1,0052"
"22,4000";"0,7467";"1,0071"
"22,4100";"0,7469";"1,0079"
"22,4200";"0,7473";"1,0068"
"22,4300";"0,7476";"1,0071"
"22,4400";"0,7479";"1,0081"
"22,4500";"0,7482";"1,0084"
"22,4600";"0,7486";"1,0091"
"22,4700";"0,7488";"1,0109"
"22,4800";"0,7492";"1,0117"
"22,4900";"0,7495";"1,0120"
"22,5000";"0,7499";"1,0119"
"22,5100";"0,7502";"1,0121"
"22,5200";"0,7506";"1,0124"
"22,5300";"0,7510";"1,0120"
"22,5400";"0,7513";"1,0117"
"22,5500";"0,7517";"1,0123"
"22,5600";"0,7519";"1,0131"
"22,5700";"0,7522";"1,0134"
"22,5800";"0,7525";"1,0129"
"22,5900";"0,7528";"1,0132"
"22,6000";"0,7532";"1,0146"
"22,6100";"0,7535";"1,0149"
"22,6200";"0,7539";"1,0148"
"22,6300";"0,7541";"1,0155"
"22,6400";"0,7545";"1,0169"
"22,6500";"0,7548";"1,0174"
"22,6600";"0,7552";"1,0176"
"22,6700";"0,7556";"1,0184"
"22,6800";"0,7559";"1,0197"
"22,6900";"0,7563";"1,0196"
"22,7000";"0,7566";"1,0185"
"22,7100";"0,7570";"1,0178"
"22,7200";"0,7572";"1,0189"
"22,7300";"0,7576";"1,0193"
"22,7400";"0,7578";"1,0193"
"22,7500";"0,7582";"1,0198"
"22,7600";"0,7585";"1,0227"
"22,7700";"0,7587";"1,0251"
"22,7800";"0,7592";"1,0249"
"22,7900";"0,7596";"1,0228"
"22,8000";"0,7599";"1,0213"
"22,8100";"0,7603";"1,0211"
"22,8200";"0,7606";"1,0222"
"22,8300";"0,7610";"1,0231"
"22,8400";"0,7613";"1,0229"
"22,8500";"0,7617";"1,0230"
"22,8600";"0,7620";"1,0236"
"22,8700";"0,7623";"1,0240"
"22,8800";"0,7626";"1,0242"
"22,8900";"0,7630";"1,0234"
"22,9000";"0,7633";"1,0235"
"22,9100";"0,7636";"1,0235"
"22,9200";"0,7639";"1,0243"
"22,9300";"0,7643";"1,0257"
"22,9400";"0,7646";"1,0271"
"22,9500";"0,7650";"1,0277"
"22,9600";"0,7654";"1,0279"
"22,9700";"0,7657";"1,0284"
"22,9800";"0,7661";"1,0285"
"22,9900";"0,7664";"1,0279"
"23,0000";"0,7668";"1,0284"
"23,0100";"0,7671";"1,0293"
"23,0200";"0,7675";"1,0301"
"23,0300";"0,7677";"1,0293"
"23,0400";"0,7681";"1,0296"
"23,0500";"0,7684";"1,0315"
"23,0600";"0,7687";"1,0320"
"23,0700";"0,7689";"1,0312"
"23,0800";"0,7692";"1,0311"
"23,0900";"0,7696";"1,0324"
"23,1000";"0,7700";"1,0333"
"23,1100";"0,7703";"1,0326"
"23,1200";"0,7705";"1,0315"
"23,1300";"0,7709";"1,0314"
"23,1400";"0,7713";"1,0321"
"23,1500";"0,7716";"1,0332"
"23,1600";"0,7720";"1,0344"
"23,1700";"0,7723";"1,0354"
"23,1800";"0,7727";"1,0361"
"23,1900";"0,7730";"1,0364"
"23,2000";"0,7733";"1,0364"
"23,2100";"0,7737";"1,0374"
"23,2200";"0,7740";"1,0383"
"23,2300";"0,7742";"1,0369"
"23,2400";"0,7746";"1,0355"
"23,2500";"0,7749";"1,0359"
"23,2600";"0,7752";"1,0368"
"23,2700";"0,7755";"1,0371"
"23,2800";"0,7759";"1,0375"
"23,2900";"0,7762";"1,0395"
"23,3000";"0,7765";"1,0404"
"23,3100";"0,7768";"1,0393"
"23,3200";"0,7772";"1,0380"
"23,3300";"0,7775";"1,0386"
"23,3400";"0,7779";"1,0399"
"23,3500";"0,7782";"1,0389"
"23,3600";"0,7786";"1,0384"
"23,3700";"0,7789";"1,0399"
"23,3800";"0,7793";"1,0429"
"23,3900";"0,7796";"1,0456"
"23,4000";"0,7799";"1,0464"
"23,4100";"0,7801";"1,0457"
"23,4200";"0,7805";"1,0443"
"23,4300";"0,7808";"1,0428"
"23,4400";"0,7811";"1,0411"
"23,4500";"0,7814";"1,0427"
"23,4600";"0,7818";"1,0455"
"23,4700";"0,7821";"1,0468"
"23,4800";"0,7825";"1,0458"
"23,4900";"0,7829";"1,0460"
"23,5000";"0,7833";"1,0472"
"23,5100";"0,7837";"1,0487"
"23,5200";"0,7840";"1,0485"
"23,5300";"0,7842";"1,0468"
"23,5400";"0,7846";"1,0457"
"23,5500";"0,7848";"1,0457"
"23,5600";"0,7852";"1,0479"
"23,5700";"0,7854";"1,0502"
"23,5800";"0,7858";"1,0512"
"23,5900";"0,7861";"1,0497"
"23,6000";"0,7865";"1,0475"
"23,6100";"0,7868";"1,0473"
"23,6200";"0,7872";"1,0497"
"23,6300";"0,7877";"1,0498"
"23,6400";"0,7880";"1,0489"
"23,6500";"0,7884";"1,0496"
"23,6600";"0,7887";"1,0519"
"23,6700";"0,7891";"1,0543"
"23,6800";"0,7894";"1,0541"
"23,6900";"0,7898";"1,0530"
"23,7000";"0,7901";"1,0540"
"23,7100";"0,7904";"1,0559"
"23,7200";"0,7907";"1,0563"
"23,7300";"0,7910";"1,0553"
"23,7400";"0,7912";"1,0545"
"23,7500";"0,7916";"1,0558"
"23,7600";"0,7918";"1,0582"
"23,7700";"0,7922";"1,0591"
"23,7800";"0,7925";"1,0590"
"23,7900";"0,7927";"1,0579"
"23,8000";"0,7931";"1,0577"
"23,8100";"0,7935";"1,0584"
"23,8200";"0,7938";"1,0592"
"23,8300";"0,7942";"1,0585"
"23,8400";"0,7945";"1,0570"
"23,8500";"0,7949";"1,0576"
"23,8600";"0,7952";"1,0608"
"23,8700";"0,7956";"1,0614"
"23,8800";"0,7959";"1,0599"
"23,8900";"0,7963";"1,0595"
"23,9000";"0,7966";"1,0617"
"23,9100";"0,7969";"1,0634"
"23,9200";"0,7971";"1,0631"
"23,9300";"0,7975";"1,0608"
"23,9400";"0,7978";"1,0615"
"23,9500";"0,7981";"1,0644"
"23,9600";"0,7984";"1,0651"
"23,9700";"0,7988";"1,0636"
"23,9800";"0,7991";"1,0619"
"23,9900";"0,7995";"1,0619"
"24,0000";"0,7998";"1,0642"
"24,0100";"0,8002";"1,0664"
"24,0200";"0,8005";"1,0672"
"24,0300";"0,8009";"1,0668"
"24,0400";"0,8012";"1,0681"
"24,0500";"0,8016";"1,0702"
"24,0600";"0,8020";"1,0726"
"24,0700";"0,8022";"1,0731"
"24,0800";"0,8025";"1,0703"
"24,0900";"0,8028";"1,0686"
"24,1000";"0,8031";"1,0693"
"24,1100";"0,8036";"1,0711"
"24,1200";"0,8040";"1,0704"
"24,1300";"0,8043";"1,0682"
"24,1400";"0,8047";"1,0700"
"24,1500";"0,8050";"1,0738"
"24,1600";"0,8054";"1,0750"
"24,1700";"0,8057";"1,0715"
"24,1800";"0,8061";"1,0689"
"24,1900";"0,8064";"1,0707"
"24,2000";"0,8068";"1,0725"
"24,2100";"0,8070";"1,0721"
"24,2200";"0,8074";"1,0711"
"24,2300";"0,8076";"1,0721"
"24,2400";"0,8080";"1,0750"
"24,2500";"0,8082";"1,0761"
"24,2600";"0,8086";"1,0742"
"24,2700";"0,8089";"1,0728"
"24,2800";"0,8093";"1,0725"
"24,2900";"0,8096";"1,0739"
"24,3000";"0,8100";"1,0751"
"24,3100";"0,8103";"1,0765"
"24,3200";"0,8108";"1,0781"
"24,3300";"0,8112";"1,0795"
"24,3400";"0,8115";"1,0804"
"24,3500";"0,8119";"1,0810"
"24,3600";"0,8121";"1,0802"
"24,3700";"0,8125";"1,0790"
"24,3800";"0,8128";"1,0801"
"24,3900";"0,8132";"1,0813"
"24,4000";"0,8134";"1,0808"
"24,4100";"0,8136";"1,0786"
"24,4200";"0,8140";"1,0781"
"24,4300";"0,8142";"1,0798"
"24,4400";"0,8146";"1,0829"
"24,4500";"0,8149";"1,0836"
"24,4600";"0,8152";"1,0814"
"24,4700";"0,8155";"1,0795"
"24,4800";"0,8159";"1,0797"
"24,4900";"0,8162";"1,0826"
"24,5000";"0,8166";"1,0842"
"24,5100";"0,8169";"1,0858"
"24,5200";"0,8173";"1,0863"
"24,5300";"0,8177";"1,0848"
"24,5400";"0,8180";"1,0827"
"24,5500";"0,8184";"1,0814"
"24,5600";"0,8187";"1,0821"
"24,5700";"0,8190";"1,0836"
"24,5800";"0,8193";"1,0847"
"24,5900";"0,8197";"1,0868"
"24,6000";"0,8199";"1,0890"
"24,6100";"0,8202";"1,0907"
"24,6200";"0,8205";"1,0900"
"24,6300";"0,8208";"1,0882"
"24,6400";"0,8212";"1,0858"
"24,6500";"0,8215";"1,0833"
"24,6600";"0,8219";"1,0839"
"24,6700";"0,8223";"1,0868"
"24,6800";"0,8226";"1,0898"
"24,6900";"0,8230";"1,0917"
"24,7000";"0,8234";"1,0910"
"24,7100";"0,8238";"1,0898"
"24,7200";"0,8240";"1,0906"
"24,7300";"0,8244";"1,0912"
"24,7400";"0,8246";"1,0914"
"24,7500";"0,8250";"1,0928"
"24,7600";"0,8252";"1,0940"
"24,7700";"0,8256";"1,0945"
"24,7800";"0,8259";"1,0959"
"24,7900";"0,8263";"1,0974"
"24,8000";"0,8266";"1,0970"
"24,8100";"0,8271";"1,0941"
"24,8200";"0,8275";"1,0923"
"24,8300";"0,8278";"1,0938"
"24,8400";"0,8282";"1,0956"
"24,8500";"0,8285";"1,0948"
"24,8600";"0,8289";"1,0931"
"24,8700";"0,8291";"1,0943"
"24,8800";"0,8295";"1,0992"
"24,8900";"0,8297";"1,1022"
"24,9000";"0,8300";"1,1008"
"24,9100";"0,8304";"1,0984"
"24,9200";"0,8306";"1,0990"
"24,9300";"0,8310";"1,1008"
"24,9400";"0,8313";"1,1008"
"24,9500";"0,8317";"1,0994"
"24,9600";"0,8319";"1,0998"
"24,9700";"0,8323";"1,1014"
"24,9800";"0,8326";"1,1024"
"24,9900";"0,8330";"1,1030"
"25,0000";"0,8334";"1,1047"
"25,0100";"0,8337";"1,1050"
"25,0200";"0,8341";"1,1042"
"25,0300";"0,8344";"1,1034"
"25,0400";"0,8347";"1,1023"
"25,0500";"0,8350";"1,1036"
"25,0600";"0,8354";"1,1051"
"25,0700";"0,8357";"1,1066"
"25,0800";"0,8360";"1,1066"
"25,0900";"0,8363";"1,1036"
"25,1000";"0,8365";"1,1016"
"25,1100";"0,8369";"1,1022"
"25,1200";"0,8371";"1,1044"
"25,1300";"0,8375";"1,1050"
"25,1400";"0,8377";"1,1039"
"25,1500";"0,8381";"1,1046"
"25,1600";"0,8384";"1,1072"
"25,1700";"0,8388";"1,1085"
"25,1800";"0,8391";"1,1072"
"25,1900";"0,8395";"1,1058"
"25,2000";"0,8398";"1,1058"
"25,2100";"0,8402";"1,1077"
"25,2200";"0,8406";"1,1079"
"25,2300";"0,8409";"1,1071"
"25,2400";"0,8411";"1,1068"
"25,2500";"0,8415";"1,1074"
"25,2600";"0,8417";"1,1079"
"25,2700";"0,8421";"1,1077"
"25,2800";"0,8423";"1,1092"
"25,2900";"0,8427";"1,1116"
"25,3000";"0,8430";"1,1137"
"25,3100";"0,8434";"1,1131"
"25,3200";"0,8437";"1,1128"
"25,3300";"0,8441";"1,1135"
"25,3400";"0,8445";"1,1127"
"25,3500";"0,8448";"1,1122"
"25,3600";"0,8452";"1,1128"
"25,3700";"0,8455";"1,1143"
"25,3800";"0,8459";"1,1150"
"25,3900";"0,8462";"1,1144"
"25,4000";"0,8467";"1,1154"
"25,4100";"0,8470";"1,1161"
"25,4200";"0,8473";"1,1158"
"25,4300";"0,8476";"1,1148"
"25,4400";"0,8479";"1,1152"
"25,4500";"0,8482";"1,1176"
"25,4600";"0,8486";"1,1176"
"25,4700";"0,8488";"1,1158"
"25,4800";"0,8492";"1,1151"
"25,4900";"0,8495";"1,1164"
"25,5000";"0,8499";"1,1186"
"25,5100";"0,8502";"1,1202"
"25,5200";"0,8506";"1,1205"
"25,5300";"0,8511";"1,1202"
"25,5400";"0,8514";"1,1199"
"25,5500";"0,8518";"1,1214"
"25,5600";"0,8520";"1,1229"
"25,5700";"0,8524";"1,1234"
"25,5800";"0,8526";"1,1222"
"25,5900";"0,8528";"1,1202"
"25,6000";"0,8532";"1,1198"
"25,6100";"0,8535";"1,1231"
"25,6200";"0,8539";"1,1268"
"25,6300";"0,8541";"1,1267"
"25,6400";"0,8545";"1,1254"
"25,6500";"0,8548";"1,1247"
"25,6600";"0,8552";"1,1244"
"25,6700";"0,8555";"1,1237"
"25,6800";"0,8559";"1,1244"
"25,6900";"0,8563";"1,1263"
"25,7000";"0,8566";"1,1283"
"25,7100";"0,8570";"1,1285"
"25,7200";"0,8573";"1,1267"
"25,7300";"0,8577";"1,1259"
"25,7400";"0,8580";"1,1247"
"25,7500";"0,8583";"1,1239"
"25,7600";"0,8585";"1,1231"
"25,7700";"0,8589";"1,1236"
"25,7800";"0,8592";"1,1252"
"25,7900";"0,8594";"1,1279"
"25,8000";"0,8598";"1,1304"
"25,8100";"0,8602";"1,1321"
"25,8200";"0,8605";"1,1323"
"25,8300";"0,8607";"1,1301"
"25,8400";"0,8611";"1,1273"
"25,8500";"0,8615";"1,1272"
"25,8600";"0,8618";"1,1290"
"25,8700";"0,8622";"1,1305"
"25,8800";"0,8626";"1,1324"
"25,8900";"0,8630";"1,1348"
"25,9000";"0,8633";"1,1376"
"25,9100";"0,8637";"1,1391"
"25,9200";"0,8640";"1,1380"
"25,9300";"0,8643";"1,1359"
"25,9400";"0,8646";"1,1355"
"25,9500";"0,8650";"1,1357"
"25,9600";"0,8652";"1,1360"
"25,9700";"0,8656";"1,1368"
"25,9800";"0,8659";"1,1391"
"25,9900";"0,8663";"1,1411"
"26,0000";"0,8666";"1,1406"
"26,0100";"0,8670";"1,1380"
"26,0200";"0,8674";"1,1368"
"26,0300";"0,8677";"1,1374"
"26,0400";"0,8681";"1,1379"
"26,0500";"0,8684";"1,1385"
"26,0600";"0,8688";"1,1382"
"26,0700";"0,8691";"1,1388"
"26,0800";"0,8695";"1,1406"
"26,0900";"0,8697";"1,1411"
"26,1000";"0,8700";"1,1401"
"26,1100";"0,8703";"1,1375"
"26,1200";"0,8705";"1,1359"
"26,1300";"0,8709";"1,1379"
"26,1400";"0,8712";"1,1406"
"26,1500";"0,8716";"1,1429"
"26,1600";"0,8720";"1,1439"
"26,1700";"0,8723";"1,1440"
"26,1800";"0,8727";"1,1448"
"26,1900";"0,8730";"1,1441"
"26,2000";"0,8734";"1,1418"
"26,2100";"0,8737";"1,1409"
"26,2200";"0,8741";"1,1426"
"26,2300";"0,8744";"1,1450"
"26,2400";"0,8747";"1,1451"
"26,2500";"0,8750";"1,1453"
"26,2600";"0,8754";"1,1459"
"26,2700";"0,8756";"1,1469"
"26,2800";"0,8760";"1,1467"
"26,2900";"0,8763";"1,1453"
"26,3000";"0,8767";"1,1460"
"26,3100";"0,8770";"1,1474"
"26,3200";"0,8774";"1,1485"
"26,3300";"0,8777";"1,1492"
"26,3400";"0,8781";"1,1498"
"26,3500";"0,8785";"1,1512"
"26,3600";"0,8788";"1,1522"
"26,3700";"0,8792";"1,1528"
"26,3800";"0,8795";"1,1534"
"26,3900";"0,8799";"1,1531"
"26,4000";"0,8802";"1,1522"
"26,4100";"0,8805";"1,1509"
"26,4200";"0,8808";"1,1509"
"26,4300";"0,8810";"1,1524"
"26,4400";"0,8814";"1,1544"
"26,4500";"0,8816";"1,1541"
"26,4600";"0,8820";"1,1538"
"26,4700";"0,8823";"1,1551"
"26,4800";"0,8826";"1,1562"
"26,4900";"0,8829";"1,1553"
"26,5000";"0,8833";"1,1532"
"26,5100";"0,8836";"1,1534"
"26,5200";"0,8840";"1,1554"
"26,5300";"0,8844";"1,1577"
"26,5400";"0,8847";"1,1593"
"26,5500";"0,8851";"1,1597"
"26,5600";"0,8853";"1,1569"
"26,5700";"0,8857";"1,1551"
"26,5800";"0,8860";"1,1561"
"26,5900";"0,8864";"1,1577"
"26,6000";"0,8866";"1,1586"
"26,6100";"0,8868";"1,1595"
"26,6200";"0,8872";"1,1621"
"26,6300";"0,8874";"1,1642"
"26,6400";"0,8878";"1,1647"
"26,6500";"0,8881";"1,1617"
"26,6600";"0,8885";"1,1598"
"26,6700";"0,8888";"1,1587"
"26,6800";"0,8892";"1,1588"
"26,6900";"0,8895";"1,1586"
"26,7000";"0,8899";"1,1596"
"26,7100";"0,8903";"1,1612"
"26,7200";"0,8906";"1,1633"
"26,7300";"0,8910";"1,1644"
"26,7400";"0,8913";"1,1646"
"26,7500";"0,8917";"1,1638"
"26,7600";"0,8920";"1,1625"
"26,7700";"0,8923";"1,1613"
"26,7800";"0,8925";"1,1626"
"26,7900";"0,8929";"1,1643"
"26,8000";"0,8932";"1,1652"
"26,8100";"0,8936";"1,1666"
"26,8200";"0,8938";"1,1685"
"26,8300";"0,8942";"1,1701"
"26,8400";"0,8946";"1,1701"
"26,8500";"0,8950";"1,1685"
"26,8600";"0,8953";"1,1670"
"26,8700";"0,8957";"1,1674"
"26,8800";"0,8960";"1,1685"
"26,8900";"0,8964";"1,1689"
"26,9000";"0,8967";"1,1698"
"26,9100";"0,8971";"1,1719"
"26,9200";"0,8975";"1,1735"
"26,9300";"0,8977";"1,1719"
"26,9400";"0,8980";"1,1690"
"26,9500";"0,8984";"1,1679"
"26,9600";"0,8986";"1,1685"
"26,9700";"0,8990";"1,1698"
"26,9800";"0,8993";"1,1706"
"26,9900";"0,8997";"1,1719"
"27,0000";"0,9001";"1,1737"
"27,0100";"0,9004";"1,1741"
"27,0200";"0,9008";"1,1733"
"27,0300";"0,9011";"1,1732"
"27,0400";"0,9015";"1,1743"
"27,0500";"0,9017";"1,1759"
"27,0600";"0,9021";"1,1786"
"27,0700";"0,9024";"1,1803"
"27,0800";"0,9028";"1,1799"
"27,0900";"0,9030";"1,1778"
"27,1000";"0,9034";"1,1772"
"27,1100";"0,9036";"1,1768"
"27,1200";"0,9038";"1,1766"
"27,1300";"0,9041";"1,1755"
"27,1400";"0,9044";"1,1761"
"27,1500";"0,9048";"1,1779"
"27,1600";"0,9051";"1,1791"
"27,1700";"0,9054";"1,1793"
"27,1800";"0,9057";"1,1788"
"27,1900";"0,9061";"1,1789"
"27,2000";"0,9064";"1,1797"
"27,2100";"0,9068";"1,1799"
"27,2200";"0,9071";"1,1788"
"27,2300";"0,9075";"1,1784"
"27,2400";"0,9078";"1,1806"
"27,2500";"0,9082";"1,1818"
"27,2600";"0,9086";"1,1814"
"27,2700";"0,9088";"1,1816"
"27,2800";"0,9091";"1,1831"
"27,2900";"0,9094";"1,1840"
"27,3000";"0,9097";"1,1840"
"27,3100";"0,9100";"1,1829"
"27,3200";"0,9103";"1,1835"
"27,3300";"0,9107";"1,1837"
"27,3400";"0,9110";"1,1838"
"27,3500";"0,9115";"1,1833"
"27,3600";"0,9119";"1,1831"
"27,3700";"0,9122";"1,1829"
"27,3800";"0,9126";"1,1835"
"27,3900";"0,9129";"1,1856"
"27,4000";"0,9133";"1,1879"
"27,4100";"0,9136";"1,1884"
"27,4200";"0,9140";"1,1882"
"27,4300";"0,9143";"1,1888"
"27,4400";"0,9147";"1,1902"
"27,4500";"0,9150";"1,1897"
"27,4600";"0,9153";"1,1884"
"27,4700";"0,9156";"1,1884"
"27,4800";"0,9159";"1,1905"
"27,4900";"0,9162";"1,1932"
"27,5000";"0,9166";"1,1924"
"27,5100";"0,9169";"1,1904"
"27,5200";"0,9173";"1,1884"
"27,5300";"0,9175";"1,1879"
"27,5400";"0,9179";"1,1885"
"27,5500";"0,9182";"1,1894"
"27,5600";"0,9186";"1,1905"
"27,5700";"0,9191";"1,1918"
"27,5800";"0,9194";"1,1931"
"27,5900";"0,9197";"1,1949"
"27,6000";"0,9200";"1,1965"
"27,6100";"0,9202";"1,1969"
"27,6200";"0,9206";"1,1954"
"27,6300";"0,9208";"1,1952"
"27,6400";"0,9212";"1,1956"
"27,6500";"0,9215";"1,1953"
"27,6600";"0,9219";"1,1942"
"27,6700";"0,9222";"1,1946"
"27,6800";"0,9226";"1,1962"
"27,6900";"0,9228";"1,1992"
"27,7000";"0,9232";"1,1997"
"27,7100";"0,9235";"1,1977"
"27,7200";"0,9239";"1,1958"
"27,7300";"0,9243";"1,1952"
"27,7400";"0,9246";"1,1951"
"27,7500";"0,9250";"1,1954"
"27,7600";"0,9253";"1,1976"
"27,7700";"0,9257";"1,2002"
"27,7800";"0,9259";"1,2030"
"27,7900";"0,9263";"1,2036"
"27,8000";"0,9265";"1,2025"
"27,8100";"0,9269";"1,2007"
"27,8200";"0,9272";"1,1989"
"27,8300";"0,9276";"1,1987"
"27,8400";"0,9279";"1,2001"
"27,8500";"0,9282";"1,2005"
"27,8600";"0,9285";"1,1998"
"27,8700";"0,9289";"1,2010"
"27,8800";"0,9292";"1,2047"
"27,8900";"0,9296";"1,2080"
"27,9000";"0,9299";"1,2066"
"27,9100";"0,9303";"1,2030"
"27,9200";"0,9306";"1,2019"
"27,9300";"0,9310";"1,2040"
"27,9400";"0,9312";"1,2066"
"27,9500";"0,9316";"1,2076"
"27,9600";"0,9318";"1,2086"
"27,9700";"0,9322";"1,2087"
"27,9800";"0,9324";"1,2079"
"27,9900";"0,9328";"1,2072"
"28,0000";"0,9331";"1,2067"
"28,0100";"0,9335";"1,2080"
"28,0200";"0,9339";"1,2097"
"28,0300";"0,9343";"1,2103"
"28,0400";"0,9346";"1,2099"
"28,0500";"0,9350";"1,2098"
"28,0600";"0,9355";"1,2105"
"28,0700";"0,9358";"1,2107"
"28,0800";"0,9362";"1,2105"
"28,0900";"0,9365";"1,2108"
"28,1000";"0,9369";"1,2120"
"28,1100";"0,9372";"1,2124"
"28,1200";"0,9375";"1,2130"
"28,1300";"0,9378";"1,2129"
"28,1400";"0,9381";"1,2118"
"28,1500";"0,9384";"1,2103"
"28,1600";"0,9387";"1,2104"
"28,1700";"0,9390";"1,2128"
"28,1800";"0,9394";"1,2142"
"28,1900";"0,9397";"1,2142"
"28,2000";"0,9401";"1,2146"
"28,2100";"0,9404";"1,2148"
"28,2200";"0,9409";"1,2150"
"28,2300";"0,9413";"1,2147"
"28,2400";"0,9416";"1,2155"
"28,2500";"0,9418";"1,2171"
"28,2600";"0,9422";"1,2184"
"28,2700";"0,9426";"1,2189"
"28,2800";"0,9428";"1,2175"
"28,2900";"0,9430";"1,2169"
"28,3000";"0,9434";"1,2182"
"28,3100";"0,9436";"1,2206"
"28,3200";"0,9440";"1,2211"
"28,3300";"0,9443";"1,2204"
"28,3400";"0,9447";"1,2203"
"28,3500";"0,9450";"1,2210"
"28,3600";"0,9454";"1,2220"
"28,3700";"0,9457";"1,2220"
"28,3800";"0,9461";"1,2224"
"28,3900";"0,9465";"1,2238"
"28,4000";"0,9467";"1,2249"
"28,4100";"0,9470";"1,2249"
"28,4200";"0,9474";"1,2230"
"28,4300";"0,9477";"1,2215"
"28,4400";"0,9481";"1,2222"
"28,4500";"0,9483";"1,2244"
"28,4600";"0,9486";"1,2259"
"28,4700";"0,9489";"1,2246"
"28,4800";"0,9492";"1,2230"
"28,4900";"0,9495";"1,2242"
"28,5000";"0,9499";"1,2261"
"28,5100";"0,9502";"1,2261"
"28,5200";"0,9506";"1,2245"
"28,5300";"0,9509";"1,2239"
"28,5400";"0,9512";"1,2247"
"28,5500";"0,9515";"1,2264"
"28,5600";"0,9519";"1,2278"
"28,5700";"0,9522";"1,2278"
"28,5800";"0,9526";"1,2276"
"28,5900";"0,9529";"1,2279"
"28,6000";"0,9533";"1,2277"
"28,6100";"0,9535";"1,2271"
"28,6200";"0,9539";"1,2274"
"28,6300";"0,9541";"1,2290"
"28,6400";"0,9544";"1,2309"
"28,6500";"0,9547";"1,2326"
"28,6600";"0,9551";"1,2317"
"28,6700";"0,9553";"1,2296"
"28,6800";"0,9557";"1,2282"
"28,6900";"0,9560";"1,2293"
"28,7000";"0,9564";"1,2326"
"28,7100";"0,9567";"1,2354"
"28,7200";"0,9572";"1,2347"
"28,7300";"0,9575";"1,2331"
"28,7400";"0,9579";"1,2342"
"28,7500";"0,9583";"1,2365"
"28,7600";"0,9586";"1,2383"
"28,7700";"0,9590";"1,2379"
"28,7800";"0,9593";"1,2373"
"28,7900";"0,9596";"1,2355"
"28,8000";"0,9598";"1,2340"
"28,8100";"0,9601";"1,2331"
"28,8200";"0,9604";"1,2326"
"28,8300";"0,9607";"1,2341"
"28,8400";"0,9611";"1,2358"
"28,8500";"0,9614";"1,2361"
"28,8600";"0,9618";"1,2375"
"28,8700";"0,9622";"1,2390"
"28,8800";"0,9626";"1,2405"
"28,8900";"0,9630";"1,2398"
"28,9000";"0,9633";"1,2395"
"28,9100";"0,9637";"1,2397"
"28,9200";"0,9640";"1,2406"
"28,9300";"0,9645";"1,2407"
"28,9400";"0,9647";"1,2412"
"28,9500";"0,9651";"1,2413"
"28,9600";"0,9655";"1,2396"
"28,9700";"0,9657";"1,2392"
"28,9800";"0,9660";"1,2410"
"28,9900";"0,9663";"1,2434"
"29,0000";"0,9666";"1,2433"
"29,0100";"0,9670";"1,2418"
"29,0200";"0,9673";"1,2420"
"29,0300";"0,9677";"1,2437"
"29,0400";"0,9681";"1,2439"
"29,0500";"0,9684";"1,2426"
"29,0600";"0,9688";"1,2416"
"29,0700";"0,9691";"1,2425"
"29,0800";"0,9695";"1,2454"
"29,0900";"0,9698";"1,2470"
"29,1000";"0,9702";"1,2475"
"29,1100";"0,9705";"1,2483"
"29,1200";"0,9709";"1,2477"
"29,1300";"0,9711";"1,2469"
"29,1400";"0,9715";"1,2473"
"29,1500";"0,9717";"1,2490"
"29,1600";"0,9720";"1,2507"
"29,1700";"0,9723";"1,2510"
"29,1800";"0,9727";"1,2517"
"29,1900";"0,9730";"1,2519"
"29,2000";"0,9732";"1,2518"
"29,2100";"0,9736";"1,2511"
"29,2200";"0,9740";"1,2513"
"29,2300";"0,9743";"1,2531"
"29,2400";"0,9745";"1,2534"
"29,2500";"0,9749";"1,2528"
"29,2600";"0,9753";"1,2512"
"29,2700";"0,9756";"1,2516"
"29,2800";"0,9760";"1,2516"
"29,2900";"0,9763";"1,2495"
"29,3000";"0,9766";"1,2494"
"29,3100";"0,9768";"1,2521"
"29,3200";"0,9771";"1,2552"
"29,3300";"0,9774";"1,2549"
"29,3400";"0,9777";"1,2522"
"29,3500";"0,9781";"1,2517"
"29,3600";"0,9784";"1,2535"
"29,3700";"0,9788";"1,2548"
"29,3800";"0,9792";"1,2542"
"29,3900";"0,9794";"1,2539"
"29,4000";"0,9799";"1,2544"
"29,4100";"0,9802";"1,2559"
"29,4200";"0,9806";"1,2571"
"29,4300";"0,9809";"1,2576"
"29,4400";"0,9813";"1,2570"
"29,4500";"0,9816";"1,2559"
"29,4600";"0,9821";"1,2562"
"29,4700";"0,9823";"1,2578"
"29,4800";"0,9827";"1,2590"
"29,4900";"0,9829";"1,2592"
"29,5000";"0,9832";"1,2593"
"29,5100";"0,9835";"1,2615"
"29,5200";"0,9839";"1,2633"
"29,5300";"0,9841";"1,2617"
"29,5400";"0,9845";"1,2580"
"29,5500";"0,9848";"1,2569"
"29,5600";"0,9852";"1,2582"
"29,5700";"0,9855";"1,2581"
"29,5800";"0,9860";"1,2563"
"29,5900";"0,9864";"1,2565"
"29,6000";"0,9867";"1,2605"
"29,6100";"0,9871";"1,2651"
"29,6200";"0,9873";"1,2662"
"29,6300";"0,9877";"1,2643"
"29,6400";"0,9880";"1,2631"
"29,6500";"0,9882";"1,2633"
"29,6600";"0,9886";"1,2638"
"29,6700";"0,9890";"1,2649"
"29,6800";"0,9893";"1,2653"
"29,6900";"0,9897";"1,2657"
"29,7000";"0,9900";"1,2668"
"29,7100";"0,9904";"1,2682"
"29,7200";"0,9907";"1,2687"
"29,7300";"0,9911";"1,2674"
"29,7400";"0,9914";"1,2660"
"29,7500";"0,9918";"1,2678"
"29,7600";"0,9921";"1,2697"
"29,7700";"0,9925";"1,2714"
"29,7800";"0,9928";"1,2717"
"29,7900";"0,9932";"1,2715"
"29,8000";"0,9936";"1,2725"
"29,8100";"0,9938";"1,2743"
"29,8200";"0,9940";"1,2729"
"29,8300";"0,9944";"1,2714"
"29,8400";"0,9946";"1,2712"
"29,8500";"0,9950";"1,2727"
"29,8600";"0,9953";"1,2737"
"29,8700";"0,9956";"1,2731"
"29,8800";"0,9959";"1,2720"
"29,8900";"0,9963";"1,2717"
"29,9000";"0,9966";"1,2726"
"29,9100";"0,9969";"1,2725"
"29,9200";"0,9972";"1,2744"
"29,9300";"0,9976";"1,2763"
"29,9400";"0,9979";"1,2766"
"29,9500";"0,9983";"1,2760"
"29,9600";"0,9986";"1,2755"
"29,9700";"0,9990";"1,2756"
"29,9800";"0,9992";"1,2753"
"29,9900";"0,9995";"1,2751"
"30,0000";"0,9998";"1,2764"
"30,0100";"1,0002";"1,2780"
"30,0200";"1,0004";"1,2779"
"30,0300";"1,0008";"1,2778"
"30,0400";"1,0011";"1,2778"
"30,0500";"1,0015";"1,2782"
"30,0600";"1,0018";"1,2783"
"30,0700";"1,0022";"1,2782"
"30,0800";"1,0025";"1,2791"
"30,0900";"1,0029";"1,2810"
"30,1000";"1,0032";"1,2827"
"30,1100";"1,0036";"1,2827"
"30,1200";"1,0039";"1,2818"
"30,1300";"1,0043";"1,2824"
"30,1400";"1,0047";"1,2847"
"30,1500";"1,0049";"1,2855"
"30,1600";"1,0052";"1,2848"
"30,1700";"1,0056";"1,2830"
"30,1800";"1,0058";"1,2813"
"30,1900";"1,0062";"1,2805"
"30,2000";"1,0065";"1,2821"
"30,2100";"1,0069";"1,2847"
"30,2200";"1,0072";"1,2850"
"30,2300";"1,0076";"1,2844"
"30,2400";"1,0080";"1,2855"
"30,2500";"1,0083";"1,2879"
"30,2600";"1,0087";"1,2881"
"30,2700";"1,0091";"1,2874"
"30,2800";"1,0094";"1,2877"
"30,2900";"1,0097";"1,2894"
"30,3000";"1,0100";"1,2901"
"30,3100";"1,0103";"1,2890"
"30,3200";"1,0106";"1,2882"
"30,3300";"1,0108";"1,2888"
"30,3400";"1,0111";"1,2890"
"30,3500";"1,0115";"1,2881"
"30,3600";"1,0119";"1,2878"
"30,3700";"1,0122";"1,2896"
"30,3800";"1,0126";"1,2907"
"30,3900";"1,0129";"1,2910"
"30,4000";"1,0133";"1,2899"
"30,4100";"1,0136";"1,2883"
"30,4200";"1,0140";"1,2883"
"30,4300";"1,0143";"1,2886"
"30,4400";"1,0147";"1,2890"
"30,4500";"1,0150";"1,2895"
"30,4600";"1,0154";"1,2901"
"30,4700";"1,0156";"1,2921"
"30,4800";"1,0160";"1,2954"
"30,4900";"1,0163";"1,2974"
"30,5000";"1,0166";"1,2971"
"30,5100";"1,0169";"1,2960"
"30,5200";"1,0173";"1,2958"
"30,5300";"1,0175";"1,2972"
"30,5400";"1,0179";"1,2985"
"30,5500";"1,0182";"1,2985"
"30,5600";"1,0186";"1,2977"
"30,5700";"1,0189";"1,2963"
"30,5800";"1,0192";"1,2963"
"30,5900";"1,0195";"1,2961"
"30,6000";"1,0199";"1,2968"
"30,6100";"1,0202";"1,2974"
"30,6200";"1,0206";"1,2984"
"30,6300";"1,0209";"1,2989"
"30,6400";"1,0213";"1,2994"
"30,6500";"1,0215";"1,2998"
"30,6600";"1,0218";"1,3011"
"30,6700";"1,0221";"1,3022"
"30,6800";"1,0224";"1,3030"
"30,6900";"1,0227";"1,3040"
"30,7000";"1,0231";"1,3036"
"30,7100";"1,0234";"1,3029"
"30,7200";"1,0238";"1,3018"
"30,7300";"1,0240";"1,3018"
"30,7400";"1,0245";"1,3019"
"30,7500";"1,0248";"1,3005"
"30,7600";"1,0252";"1,3024"
"30,7700";"1,0255";"1,3054"
"30,7800";"1,0259";"1,3067"
"30,7900";"1,0263";"1,3059"
"30,8000";"1,0266";"1,3047"
"30,8100";"1,0270";"1,3055"
"30,8200";"1,0273";"1,3067"
"30,8300";"1,0276";"1,3055"
"30,8400";"1,0278";"1,3037"
"30,8500";"1,0281";"1,3045"
"30,8600";"1,0285";"1,3081"
"30,8700";"1,0287";"1,3111"
"30,8800";"1,0291";"1,3108"
"30,8900";"1,0294";"1,3082"
"30,9000";"1,0298";"1,3062"
"30,9100";"1,0303";"1,3051"
"30,9200";"1,0306";"1,3057"
"30,9300";"1,0310";"1,3071"
"30,9400";"1,0313";"1,3094"
"30,9500";"1,0317";"1,3109"
"30,9600";"1,0320";"1,3109"
"30,9700";"1,0324";"1,3115"
"30,9800";"1,0327";"1,3128"
"30,9900";"1,0331";"1,3134"
"31,0000";"1,0333";"1,3126"
"31,0100";"1,0337";"1,3112"
"31,0200";"1,0339";"1,3106"
"31,0300";"1,0343";"1,3110"
"31,0400";"1,0345";"1,3126"
"31,0500";"1,0349";"1,3128"
"31,0600";"1,0352";"1,3123"
"31,0700";"1,0356";"1,3115"
"31,0800";"1,0359";"1,3109"
"31,0900";"1,0363";"1,3121"
"31,1000";"1,0366";"1,3148"
"31,1100";"1,0370";"1,3170"
"31,1200";"1,0375";"1,3166"
"31,1300";"1,0377";"1,3159"
"31,1400";"1,0381";"1,3157"
"31,1500";"1,0384";"1,3151"
"31,1600";"1,0387";"1,3147"
"31,1700";"1,0390";"1,3144"
"31,1800";"1,0392";"1,3148"
"31,1900";"1,0396";"1,3140"
"31,2000";"1,0398";"1,3144"
"31,2100";"1,0402";"1,3167"
"31,2200";"1,0404";"1,3193"
"31,2300";"1,0408";"1,3200"
"31,2400";"1,0411";"1,3184"
"31,2500";"1,0415";"1,3177"
"31,2600";"1,0418";"1,3187"
"31,2700";"1,0421";"1,3211"
"31,2800";"1,0424";"1,3215"
"31,2900";"1,0428";"1,3205"
"31,3000";"1,0431";"1,3209"
"31,3100";"1,0435";"1,3232"
"31,3200";"1,0438";"1,3253"
"31,3300";"1,0442";"1,3247"
"31,3400";"1,0446";"1,3236"
"31,3500";"1,0448";"1,3229"
"31,3600";"1,0450";"1,3215"
"31,3700";"1,0454";"1,3200"
"31,3800";"1,0457";"1,3208"
"31,3900";"1,0461";"1,3222"
"31,4000";"1,0464";"1,3244"
"31,4100";"1,0468";"1,3260"
"31,4200";"1,0472";"1,3247"
"31,4300";"1,0475";"1,3248"
"31,4400";"1,0479";"1,3271"
"31,4500";"1,0482";"1,3297"
"31,4600";"1,0486";"1,3295"
"31,4700";"1,0489";"1,3288"
"31,4800";"1,0494";"1,3279"
"31,4900";"1,0496";"1,3281"
"31,5000";"1,0500";"1,3297"
"31,5100";"1,0502";"1,3303"
"31,5200";"1,0506";"1,3279"
"31,5300";"1,0509";"1,3264"
"31,5400";"1,0512";"1,3276"
"31,5500";"1,0515";"1,3310"
"31,5600";"1,0519";"1,3323"
"31,5700";"1,0522";"1,3317"
"31,5800";"1,0526";"1,3304"
"31,5900";"1,0529";"1,3310"
"31,6000";"1,0534";"1,3320"
"31,6100";"1,0538";"1,3313"
"31,6200";"1,0541";"1,3301"
"31,6300";"1,0545";"1,3308"
"31,6400";"1,0547";"1,3315"
"31,6500";"1,0551";"1,3324"
"31,6600";"1,0554";"1,3335"
"31,6700";"1,0557";"1,3347"
"31,6800";"1,0560";"1,3356"
"31,6900";"1,0564";"1,3336"
"31,7000";"1,0567";"1,3319"
"31,7100";"1,0570";"1,3321"
"31,7200";"1,0573";"1,3338"
"31,7300";"1,0577";"1,3362"
"31,7400";"1,0580";"1,3375"
"31,7500";"1,0585";"1,3374"
"31,7600";"1,0588";"1,3367"
"31,7700";"1,0592";"1,3377"
"31,7800";"1,0595";"1,3393"
"31,7900";"1,0599";"1,3415"
"31,8000";"1,0603";"1,3420"
"31,8100";"1,0605";"1,3410"
"31,8200";"1,0608";"1,3392"
"31,8300";"1,0612";"1,3400"
"31,8400";"1,0614";"1,3419"
"31,8500";"1,0617";"1,3427"
"31,8600";"1,0620";"1,3437"
"31,8700";"1,0623";"1,3444"
"31,8800";"1,0626";"1,3440"
"31,8900";"1,0630";"1,3425"
"31,9000";"1,0632";"1,3401"
"31,9100";"1,0636";"1,3383"
"31,9200";"1,0639";"1,3386"
"31,9300";"1,0643";"1,3403"
"31,9400";"1,0646";"1,3422"
"31,9500";"1,0650";"1,3449"
"31,9600";"1,0653";"1,3473"
"31,9700";"1,0656";"1,3466"
"31,9800";"1,0659";"1,3436"
"31,9900";"1,0663";"1,3417"
"32,0000";"1,0666";"1,3423"
"32,0100";"1,0669";"1,3427"
"32,0200";"1,0671";"1,3425"
"32,0300";"1,0675";"1,3437"
"32,0400";"1,0678";"1,3460"
"32,0500";"1,0682";"1,3473"
"32,0600";"1,0684";"1,3472"
"32,0700";"1,0688";"1,3466"
"32,0800";"1,0691";"1,3477"
"32,0900";"1,0695";"1,3492"
"32,1000";"1,0698";"1,3489"
"32,1100";"1,0702";"1,3489"
"32,1200";"1,0705";"1,3495"
"32,1300";"1,0709";"1,3495"
"32,1400";"1,0712";"1,3492"
"32,1500";"1,0716";"1,3488"
"32,1600";"1,0719";"1,3490"
"32,1700";"1,0723";"1,3501"
"32,1800";"1,0725";"1,3512"
"32,1900";"1,0728";"1,3518"
"32,2000";"1,0731";"1,3513"
"32,2100";"1,0734";"1,3497"
"32,2200";"1,0737";"1,3494"
"32,2300";"1,0741";"1,3526"
"32,2400";"1,0745";"1,3556"
"32,2500";"1,0749";"1,3556"
"32,2600";"1,0752";"1,3525"
"32,2700";"1,0756";"1,3508"
"32,2800";"1,0761";"1,3530"
"32,2900";"1,0764";"1,3560"
"32,3000";"1,0768";"1,3559"
"32,3100";"1,0771";"1,3539"
"32,3200";"1,0774";"1,3549"
"32,3300";"1,0777";"1,3583"
"32,3400";"1,0780";"1,3600"
"32,3500";"1,0783";"1,3586"
"32,3600";"1,0786";"1,3564"
"32,3700";"1,0789";"1,3562"
"32,3800";"1,0793";"1,3567"
"32,3900";"1,0796";"1,3568"
"32,4000";"1,0800";"1,3583"
"32,4100";"1,0803";"1,3594"
"32,4200";"1,0807";"1,3594"
"32,4300";"1,0812";"1,3587"
"32,4400";"1,0815";"1,3587"
"32,4500";"1,0819";"1,3594"
"32,4600";"1,0822";"1,3591"
"32,4700";"1,0826";"1,3598"
"32,4800";"1,0829";"1,3599"
"32,4900";"1,0832";"1,3606"
"32,5000";"1,0835";"1,3609"
"32,5100";"1,0839";"1,3622"
"32,5200";"1,0841";"1,3640"
"32,5300";"1,0843";"1,3648"
"32,5400";"1,0847";"1,3633"
"32,5500";"1,0849";"1,3613"
"32,5600";"1,0853";"1,3629"
"32,5700";"1,0855";"1,3658"
"32,5800";"1,0859";"1,3676"
"32,5900";"1,0861";"1,3669"
"32,6000";"1,0865";"1,3662"
"32,6100";"1,0868";"1,3669"
"32,6200";"1,0872";"1,3675"
"32,6300";"1,0875";"1,3663"
"32,6400";"1,0879";"1,3659"
"32,6500";"1,0882";"1,3670"
"32,6600";"1,0886";"1,3680"
"32,6700";"1,0889";"1,3675"
"32,6800";"1,0893";"1,3664"
"32,6900";"1,0895";"1,3664"
"32,7000";"1,0899";"1,3674"
"32,7100";"1,0901";"1,3687"
"32,7200";"1,0905";"1,3699"
"32,7300";"1,0908";"1,3713"
"32,7400";"1,0912";"1,3720"
"32,7500";"1,0915";"1,3700"
"32,7600";"1,0919";"1,3673"
"32,7700";"1,0922";"1,3674"
"32,7800";"1,0926";"1,3707"
"32,7900";"1,0930";"1,3740"
"32,8000";"1,0933";"1,3748"
"32,8100";"1,0937";"1,3748"
"32,8200";"1,0940";"1,3759"
"32,8300";"1,0944";"1,3771"
"32,8400";"1,0946";"1,3770"
"32,8500";"1,0948";"1,3768"
"32,8600";"1,0952";"1,3745"
"32,8700";"1,0956";"1,3711"
"32,8800";"1,0958";"1,3711"
"32,8900";"1,0961";"1,3736"
"32,9000";"1,0965";"1,3758"
"32,9100";"1,0969";"1,3770"
"32,9200";"1,0972";"1,3780"
"32,9300";"1,0977";"1,3795"
"32,9400";"1,0980";"1,3799"
"32,9500";"1,0984";"1,3771"
"32,9600";"1,0987";"1,3742"
"32,9700";"1,0991";"1,3752"
"32,9800";"1,0995";"1,3768"
"32,9900";"1,0998";"1,3766"
"33,0000";"1,1000";"1,3752"
"33,0100";"1,1004";"1,3758"
"33,0200";"1,1006";"1,3781"
"33,0300";"1,1010";"1,3793"
"33,0400";"1,1012";"1,3809"
"33,0500";"1,1016";"1,3809"
"33,0600";"1,1019";"1,3820"
"33,0700";"1,1023";"1,3835"
"33,0800";"1,1026";"1,3831"
"33,0900";"1,1030";"1,3828"
"33,1000";"1,1033";"1,3845"
"33,1100";"1,1037";"1,3863"
"33,1200";"1,1041";"1,3867"
"33,1300";"1,1044";"1,3842"
"33,1400";"1,1048";"1,3822"
"33,1500";"1,1051";"1,3815"
"33,1600";"1,1055";"1,3819"
"33,1700";"1,1057";"1,3843"
"33,1800";"1,1061";"1,3855"
"33,1900";"1,1063";"1,3847"
"33,2000";"1,1067";"1,3843"
"33,2100";"1,1069";"1,3852"
"33,2200";"1,1072";"1,3854"
"33,2300";"1,1075";"1,3834"
"33,2400";"1,1078";"1,3813"
"33,2500";"1,1081";"1,3823"
"33,2600";"1,1084";"1,3857"
"33,2700";"1,1088";"1,3879"
"33,2800";"1,1091";"1,3881"
"33,2900";"1,1095";"1,3889"
"33,3000";"1,1098";"1,3899"
"33,3100";"1,1102";"1,3896"
"33,3200";"1,1105";"1,3869"
"33,3300";"1,1109";"1,3860"
"33,3400";"1,1113";"1,3889"
"33,3500";"1,1115";"1,3926"
"33,3600";"1,1118";"1,3935"
"33,3700";"1,1121";"1,3924"
"33,3800";"1,1124";"1,3916"
"33,3900";"1,1128";"1,3935"
"33,4000";"1,1131";"1,3935"
"33,4100";"1,1135";"1,3915"
"33,4200";"1,1139";"1,3898"
"33,4300";"1,1142";"1,3905"
"33,4400";"1,1146";"1,3915"
"33,4500";"1,1149";"1,3927"
"33,4600";"1,1153";"1,3928"
"33,4700";"1,1156";"1,3918"
"33,4800";"1,1160";"1,3913"
"33,4900";"1,1163";"1,3925"
"33,5000";"1,1167";"1,3950"
"33,5100";"1,1170";"1,3965"
"33,5200";"1,1173";"1,3956"
"33,5300";"1,1176";"1,3966"
"33,5400";"1,1179";"1,3982"
"33,5500";"1,1182";"1,3989"
"33,5600";"1,1186";"1,3989"
"33,5700";"1,1189";"1,3979"
"33,5800";"1,1193";"1,3980"
"33,5900";"1,1196";"1,3992"
"33,6000";"1,1200";"1,3992"
"33,6100";"1,1203";"1,3991"
"33,6200";"1,1207";"1,4003"
"33,6300";"1,1212";"1,4029"
"33,6400";"1,1215";"1,4041"
"33,6500";"1,1219";"1,4041"
"33,6600";"1,1221";"1,4036"
"33,6700";"1,1225";"1,4032"
"33,6800";"1,1227";"1,4023"
"33,6900";"1,1229";"1,4014"
"33,7000";"1,1233";"1,4025"
"33,7100";"1,1237";"1,4048"
"33,7200";"1,1239";"1,4056"
"33,7300";"1,1242";"1,4058"
"33,7400";"1,1246";"1,4049"
"33,7500";"1,1251";"1,4032"
"33,7600";"1,1254";"1,4025"
"33,7700";"1,1258";"1,4016"
"33,7800";"1,1261";"1,4020"
"33,7900";"1,1265";"1,4037"
"33,8000";"1,1268";"1,4051"
"33,8100";"1,1272";"1,4069"
"33,8200";"1,1275";"1,4087"
"33,8300";"1,1279";"1,4095"
"33,8400";"1,1283";"1,4086"
"33,8500";"1,1286";"1,4074"
"33,8600";"1,1288";"1,4073"
"33,8700";"1,1291";"1,4086"
"33,8800";"1,1293";"1,4101"
"33,8900";"1,1297";"1,4101"
"33,9000";"1,1300";"1,4112"
"33,9100";"1,1303";"1,4127"
"33,9200";"1,1306";"1,4127"
"33,9300";"1,1309";"1,4111"
"33,9400";"1,1312";"1,4099"
"33,9500";"1,1316";"1,4099"
"33,9600";"1,1319";"1,4090"
"33,9700";"1,1323";"1,4068"
"33,9800";"1,1326";"1,4079"
"33,9900";"1,1330";"1,4115"
"34,0000";"1,1333";"1,4126"
"34,0100";"1,1337";"1,4121"
"34,0200";"1,1339";"1,4113"
"34,0300";"1,1343";"1,4124"
"34,0400";"1,1345";"1,4149"
"34,0500";"1,1349";"1,4158"
"34,0600";"1,1352";"1,4152"
"34,0700";"1,1355";"1,4149"
"34,0800";"1,1358";"1,4167"
"34,0900";"1,1362";"1,4176"
"34,1000";"1,1365";"1,4182"
"34,1100";"1,1369";"1,4176"
"34,1200";"1,1371";"1,4161"
"34,1300";"1,1375";"1,4151"
"34,1400";"1,1378";"1,4149"
"34,1500";"1,1382";"1,4154"
"34,1600";"1,1385";"1,4170"
"34,1700";"1,1389";"1,4185"
"34,1800";"1,1392";"1,4207"
"34,1900";"1,1395";"1,4218"
"34,2000";"1,1398";"1,4208"
"34,2100";"1,1401";"1,4181"
"34,2200";"1,1404";"1,4175"
"34,2300";"1,1408";"1,4201"
"34,2400";"1,1411";"1,4221"
"34,2500";"1,1415";"1,4212"
"34,2600";"1,1418";"1,4185"
"34,2700";"1,1422";"1,4188"
"34,2800";"1,1427";"1,4205"
"34,2900";"1,1430";"1,4211"
"34,3000";"1,1434";"1,4200"
"34,3100";"1,1437";"1,4199"
"34,3200";"1,1441";"1,4208"
"34,3300";"1,1444";"1,4226"
"34,3400";"1,1448";"1,4246"
"34,3500";"1,1451";"1,4246"
"34,3600";"1,1454";"1,4237"
"34,3700";"1,1457";"1,4233"
"34,3800";"1,1460";"1,4237"
"34,3900";"1,1463";"1,4256"
"34,4000";"1,1467";"1,4263"
"34,4100";"1,1470";"1,4263"
"34,4200";"1,1474";"1,4255"
"34,4300";"1,1477";"1,4261"
"34,4400";"1,1481";"1,4282"
"34,4500";"1,1484";"1,4302"
"34,4600";"1,1488";"1,4300"
"34,4700";"1,1492";"1,4284"
"34,4800";"1,1495";"1,4284"
"34,4900";"1,1499";"1,4280"
"34,5000";"1,1502";"1,4285"
"34,5100";"1,1505";"1,4298"
"34,5200";"1,1508";"1,4322"
"34,5300";"1,1510";"1,4337"
"34,5400";"1,1514";"1,4331"
"34,5500";"1,1516";"1,4334"
"34,5600";"1,1520";"1,4344"
"34,5700";"1,1522";"1,4333"
"34,5800";"1,1526";"1,4301"
"34,5900";"1,1528";"1,4292"
"34,6000";"1,1532";"1,4304"
"34,6100";"1,1535";"1,4324"
"34,6200";"1,1538";"1,4337"
"34,6300";"1,1541";"1,4364"
"34,6400";"1,1545";"1,4394"
"34,6500";"1,1548";"1,4411"
"34,6600";"1,1552";"1,4388"
"34,6700";"1,1555";"1,4358"
"34,6800";"1,1559";"1,4348"
"34,6900";"1,1562";"1,4363"
"34,7000";"1,1565";"1,4355"
"34,7100";"1,1568";"1,4340"
"34,7200";"1,1572";"1,4337"
"34,7300";"1,1575";"1,4349"
"34,7400";"1,1578";"1,4366"
"34,7500";"1,1581";"1,4384"
"34,7600";"1,1585";"1,4396"
"34,7700";"1,1588";"1,4388"
"34,7800";"1,1592";"1,4372"
"34,7900";"1,1595";"1,4363"
"34,8000";"1,1599";"1,4364"
"34,8100";"1,1602";"1,4361"
"34,8200";"1,1605";"1,4363"
"34,8300";"1,1608";"1,4379"
"34,8400";"1,1612";"1,4420"
"34,8500";"1,1617";"1,4452"
"34,8600";"1,1619";"1,4445"
"34,8700";"1,1623";"1,4426"
"34,8800";"1,1625";"1,4422"
"34,8900";"1,1628";"1,4425"
"34,9000";"1,1631";"1,4423"
"34,9100";"1,1634";"1,4414"
"34,9200";"1,1638";"1,4426"
"34,9300";"1,1641";"1,4438"
"34,9400";"1,1645";"1,4430"
"34,9500";"1,1649";"1,4426"
"34,9600";"1,1653";"1,4442"
"34,9700";"1,1657";"1,4451"
"34,9800";"1,1660";"1,4448"
"34,9900";"1,1664";"1,4432"
"35,0000";"1,1667";"1,4436"
"35,0100";"1,1670";"1,4468"
"35,0200";"1,1673";"1,4497"
"35,0300";"1,1676";"1,4493"
"35,0400";"1,1679";"1,4476"
"35,0500";"1,1682";"1,4471"
"35,0600";"1,1685";"1,4483"
"35,0700";"1,1689";"1,4486"
"35,0800";"1,1692";"1,4488"
"35,0900";"1,1696";"1,4490"
"35,1000";"1,1699";"1,4495"
"35,1100";"1,1703";"1,4503"
"35,1200";"1,1706";"1,4502"
"35,1300";"1,1710";"1,4510"
"35,1400";"1,1713";"1,4507"
"35,1500";"1,1717";"1,4493"
"35,1600";"1,1721";"1,4494"
"35,1700";"1,1724";"1,4510"
"35,1800";"1,1728";"1,4525"
"35,1900";"1,1731";"1,4539"
"35,2000";"1,1734";"1,4544"
"35,2100";"1,1737";"1,4541"
"35,2200";"1,1741";"1,4525"
"35,2300";"1,1743";"1,4499"
"35,2400";"1,1747";"1,4495"
"35,2500";"1,1749";"1,4530"
"35,2600";"1,1752";"1,4549"
"35,2700";"1,1756";"1,4537"
"35,2800";"1,1760";"1,4528"
"35,2900";"1,1762";"1,4542"
"35,3000";"1,1765";"1,4582"
"35,3100";"1,1769";"1,4602"
"35,3200";"1,1772";"1,4591"
"35,3300";"1,1776";"1,4587"
"35,3400";"1,1780";"1,4591"
"35,3500";"1,1783";"1,4596"
"35,3600";"1,1787";"1,4593"
"35,3700";"1,1789";"1,4587"
"35,3800";"1,1793";"1,4598"
"35,3900";"1,1795";"1,4613"
"35,4000";"1,1798";"1,4615"
"35,4100";"1,1801";"1,4607"
"35,4200";"1,1804";"1,4609"
"35,4300";"1,1808";"1,4608"
"35,4400";"1,1811";"1,4595"
"35,4500";"1,1815";"1,4607"
"35,4600";"1,1819";"1,4622"
"35,4700";"1,1822";"1,4629"
"35,4800";"1,1826";"1,4632"
"35,4900";"1,1829";"1,4643"
"35,5000";"1,1833";"1,4659"
"35,5100";"1,1836";"1,4661"
"35,5200";"1,1840";"1,4652"
"35,5300";"1,1843";"1,4648"
"35,5400";"1,1846";"1,4643"
"35,5500";"1,1848";"1,4636"
"35,5600";"1,1852";"1,4623"
"35,5700";"1,1855";"1,4629"
"35,5800";"1,1859";"1,4663"
"35,5900";"1,1862";"1,4684"
"35,6000";"1,1866";"1,4682"
"35,6100";"1,1869";"1,4675"
"35,6200";"1,1874";"1,4697"
"35,6300";"1,1878";"1,4716"
"35,6400";"1,1881";"1,4706"
"35,6500";"1,1885";"1,4688"
"35,6600";"1,1888";"1,4671"
"35,6700";"1,1892";"1,4674"
"35,6800";"1,1894";"1,4688"
"35,6900";"1,1898";"1,4690"
"35,7000";"1,1900";"1,4688"
"35,7100";"1,1904";"1,4691"
"35,7200";"1,1906";"1,4698"
"35,7300";"1,1909";"1,4717"
"35,7400";"1,1913";"1,4738"
"35,7500";"1,1917";"1,4747"
"35,7600";"1,1920";"1,4749"
"35,7700";"1,1924";"1,4742"
"35,7800";"1,1927";"1,4732"
"35,7900";"1,1931";"1,4719"
"35,8000";"1,1934";"1,4705"
"35,8100";"1,1938";"1,4704"
"35,8200";"1,1941";"1,4731"
"35,8300";"1,1945";"1,4746"
"35,8400";"1,1948";"1,4750"
"35,8500";"1,1952";"1,4751"
"35,8600";"1,1954";"1,4774"
"35,8700";"1,1958";"1,4777"
"35,8800";"1,1960";"1,4758"
"35,8900";"1,1963";"1,4762"
"35,9000";"1,1966";"1,4772"
"35,9100";"1,1968";"1,4780"
"35,9200";"1,1972";"1,4767"
"35,9300";"1,1976";"1,4754"
"35,9400";"1,1978";"1,4764"
"35,9500";"1,1981";"1,4796"
"35,9600";"1,1985";"1,4814"
"35,9700";"1,1989";"1,4810"
"35,9800";"1,1992";"1,4801"
"35,9900";"1,1996";"1,4806"
"36,0000";"1,1999";"1,4809"
"36,0100";"1,2004";"1,4789"
"36,0200";"1,2006";"1,4768"
"36,0300";"1,2010";"1,4760"
"36,0400";"1,2013";"1,4765"
"36,0500";"1,2016";"1,4789"
"36,0600";"1,2019";"1,4811"
"36,0700";"1,2023";"1,4815"
"36,0800";"1,2025";"1,4813"
"36,0900";"1,2029";"1,4818"
"36,1000";"1,2031";"1,4832"
"36,1100";"1,2035";"1,4839"
"36,1200";"1,2038";"1,4820"
"36,1300";"1,2042";"1,4807"
"36,1400";"1,2045";"1,4819"
"36,1500";"1,2049";"1,4850"
"36,1600";"1,2052";"1,4854"
"36,1700";"1,2056";"1,4852"
"36,1800";"1,2059";"1,4871"
"36,1900";"1,2063";"1,4897"
"36,2000";"1,2066";"1,4900"
"36,2100";"1,2069";"1,4870"
"36,2200";"1,2072";"1,4844"
"36,2300";"1,2075";"1,4851"
"36,2400";"1,2078";"1,4892"
"36,2500";"1,2081";"1,4902"
"36,2600";"1,2084";"1,4886"
"36,2700";"1,2088";"1,4887"
"36,2800";"1,2091";"1,4895"
"36,2900";"1,2096";"1,4892"
"36,3000";"1,2100";"1,4879"
"36,3100";"1,2103";"1,4876"
"36,3200";"1,2107";"1,4882"
"36,3300";"1,2110";"1,4906"
"36,3400";"1,2114";"1,4929"
"36,3500";"1,2117";"1,4942"
"36,3600";"1,2120";"1,4938"
"36,3700";"1,2123";"1,4932"
"36,3800";"1,2125";"1,4931"
"36,3900";"1,2129";"1,4953"
"36,4000";"1,2133";"1,4965"
"36,4100";"1,2136";"1,4968"
"36,4200";"1,2140";"1,4968"
"36,4300";"1,2143";"1,4967"
"36,4400";"1,2147";"1,4959"
"36,4500";"1,2150";"1,4940"
"36,4600";"1,2154";"1,4937"
"36,4700";"1,2157";"1,4963"
"36,4800";"1,2161";"1,4985"
"36,4900";"1,2164";"1,4978"
"36,5000";"1,2168";"1,4962"
"36,5100";"1,2172";"1,4981"
"36,5200";"1,2175";"1,5014"
"36,5300";"1,2179";"1,5018"
"36,5400";"1,2182";"1,4996"
"36,5500";"1,2185";"1,4963"
"36,5600";"1,2188";"1,4955"
"36,5700";"1,2190";"1,4967"
"36,5800";"1,2193";"1,4983"
"36,5900";"1,2196";"1,5008"
"36,6000";"1,2200";"1,5031"
"36,6100";"1,2203";"1,5028"
"36,6200";"1,2206";"1,5009"
"36,6300";"1,2209";"1,5002"
"36,6400";"1,2213";"1,5006"
"36,6500";"1,2216";"1,5011"
"36,6600";"1,2220";"1,5012"
"36,6700";"1,2223";"1,5015"
"36,6800";"1,2227";"1,5031"
"36,6900";"1,2231";"1,5032"
"36,7000";"1,2234";"1,5025"
"36,7100";"1,2236";"1,5032"
"36,7200";"1,2240";"1,5039"
"36,7300";"1,2242";"1,5033"
"36,7400";"1,2246";"1,5022"
"36,7500";"1,2248";"1,5031"
"36,7600";"1,2252";"1,5054"
"36,7700";"1,2254";"1,5053"
"36,7800";"1,2258";"1,5051"
"36,7900";"1,2261";"1,5059"
"36,8000";"1,2265";"1,5077"
"36,8100";"1,2267";"1,5087"
"36,8200";"1,2271";"1,5090"
"36,8300";"1,2274";"1,5093"
"36,8400";"1,2278";"1,5101"
"36,8500";"1,2281";"1,5109"
"36,8600";"1,2285";"1,5100"
"36,8700";"1,2288";"1,5089"
"36,8800";"1,2292";"1,5080"
"36,8900";"1,2294";"1,5080"
"36,9000";"1,2298";"1,5084"
"36,9100";"1,2301";"1,5084"
"36,9200";"1,2304";"1,5104"
"36,9300";"1,2307";"1,5129"
"36,9400";"1,2311";"1,5129"
"36,9500";"1,2314";"1,5128"
"36,9600";"1,2319";"1,5145"
"36,9700";"1,2323";"1,5147"
"36,9800";"1,2326";"1,5131"
"36,9900";"1,2330";"1,5121"
"37,0000";"1,2333";"1,5122"
"37,0100";"1,2337";"1,5136"
"37,0200";"1,2340";"1,5139"
"37,0300";"1,2344";"1,5140"
"37,0400";"1,2346";"1,5166"
"37,0500";"1,2350";"1,5197"
"37,0600";"1,2353";"1,5212"
"37,0700";"1,2357";"1,5209"
"37,0800";"1,2359";"1,5199"
"37,0900";"1,2363";"1,5179"
"37,1000";"1,2366";"1,5169"
"37,1100";"1,2370";"1,5155"
"37,1200";"1,2373";"1,5144"
"37,1300";"1,2377";"1,5150"
"37,1400";"1,2380";"1,5161"
"37,1500";"1,2384";"1,5160"
"37,1600";"1,2388";"1,5171"
"37,1700";"1,2391";"1,5180"
"37,1800";"1,2395";"1,5191"
"37,1900";"1,2398";"1,5212"
"37,2000";"1,2401";"1,5229"
"37,2100";"1,2404";"1,5233"
"37,2200";"1,2406";"1,5207"
"37,2300";"1,2410";"1,5185"
"37,2400";"1,2412";"1,5202"
"37,2500";"1,2415";"1,5230"
"37,2600";"1,2418";"1,5252"
"37,2700";"1,2422";"1,5258"
"37,2800";"1,2425";"1,5261"
"37,2900";"1,2428";"1,5259"
"37,3000";"1,2431";"1,5248"
"37,3100";"1,2435";"1,5225"
"37,3200";"1,2438";"1,5207"
"37,3300";"1,2442";"1,5210"
"37,3400";"1,2445";"1,5222"
"37,3500";"1,2449";"1,5247"
"37,3600";"1,2452";"1,5273"
"37,3700";"1,2456";"1,5288"
"37,3800";"1,2460";"1,5286"
"37,3900";"1,2462";"1,5270"
"37,4000";"1,2465";"1,5263"
"37,4100";"1,2469";"1,5283"
"37,4200";"1,2473";"1,5300"
"37,4300";"1,2475";"1,5291"
"37,4400";"1,2478";"1,5275"
"37,4500";"1,2482";"1,5267"
"37,4600";"1,2486";"1,5276"
"37,4700";"1,2489";"1,5281"
"37,4800";"1,2493";"1,5296"
"37,4900";"1,2496";"1,5313"
"37,5000";"1,2500";"1,5313"
"37,5100";"1,2503";"1,5303"
"37,5200";"1,2507";"1,5300"
"37,5300";"1,2510";"1,5299"
"37,5400";"1,2514";"1,5296"
"37,5500";"1,2516";"1,5289"
"37,5600";"1,2520";"1,5298"
"37,5700";"1,2523";"1,5316"
"37,5800";"1,2526";"1,5329"
"37,5900";"1,2529";"1,5333"
"37,6000";"1,2533";"1,5338"
"37,6100";"1,2536";"1,5352"
"37,6200";"1,2540";"1,5345"
"37,6300";"1,2543";"1,5336"
"37,6400";"1,2547";"1,5343"
"37,6500";"1,2550";"1,5370"
"37,6600";"1,2554";"1,5374"
"37,6700";"1,2558";"1,5355"
"37,6800";"1,2561";"1,5349"
"37,6900";"1,2565";"1,5363"
"37,7000";"1,2567";"1,5396"
"37,7100";"1,2571";"1,5409"
"37,7200";"1,2573";"1,5398"
"37,7300";"1,2576";"1,5404"
"37,7400";"1,2580";"1,5417"
"37,7500";"1,2582";"1,5401"
"37,7600";"1,2586";"1,5373"
"37,7700";"1,2589";"1,5375"
"37,7800";"1,2593";"1,5401"
"37,7900";"1,2597";"1,5411"
"37,8000";"1,2600";"1,5400"
"37,8100";"1,2604";"1,5383"
"37,8200";"1,2607";"1,5377"
"37,8300";"1,2611";"1,5390"
"37,8400";"1,2614";"1,5408"
"37,8500";"1,2618";"1,5416"
"37,8600";"1,2621";"1,5425"
"37,8700";"1,2624";"1,5435"
"37,8800";"1,2627";"1,5436"
"37,8900";"1,2631";"1,5440"
"37,9000";"1,2633";"1,5435"
"37,9100";"1,2635";"1,5434"
"37,9200";"1,2639";"1,5436"
"37,9300";"1,2641";"1,5442"
"37,9400";"1,2645";"1,5446"
"37,9500";"1,2648";"1,5439"
"37,9600";"1,2651";"1,5441"
"37,9700";"1,2654";"1,5446"
"37,9800";"1,2658";"1,5449"
"37,9900";"1,2661";"1,5440"
"38,0000";"1,2665";"1,5442"
"38,0100";"1,2669";"1,5465"
"38,0200";"1,2672";"1,5501"
"38,0300";"1,2676";"1,5509"
"38,0400";"1,2679";"1,5490"
"38,0500";"1,2683";"1,5480"
"38,0600";"1,2686";"1,5494"
"38,0700";"1,2690";"1,5507"
"38,0800";"1,2692";"1,5507"
"38,0900";"1,2696";"1,5495"
"38,1000";"1,2698";"1,5494"
"38,1100";"1,2702";"1,5498"
"38,1200";"1,2705";"1,5500"
"38,1300";"1,2709";"1,5515"
"38,1400";"1,2712";"1,5534"
"38,1500";"1,2716";"1,5546"
"38,1600";"1,2719";"1,5535"
"38,1700";"1,2723";"1,5518"
"38,1800";"1,2726";"1,5509"
"38,1900";"1,2730";"1,5518"
"38,2000";"1,2733";"1,5526"
"38,2100";"1,2736";"1,5534"
"38,2200";"1,2739";"1,5539"
"38,2300";"1,2742";"1,5545"
"38,2400";"1,2745";"1,5558"
"38,2500";"1,2748";"1,5566"
"38,2600";"1,2751";"1,5565"
"38,2700";"1,2755";"1,5554"
"38,2800";"1,2757";"1,5548"
"38,2900";"1,2761";"1,5557"
"38,3000";"1,2765";"1,5579"
"38,3100";"1,2769";"1,5596"
"38,3200";"1,2772";"1,5610"
"38,3300";"1,2776";"1,5613"
"38,3400";"1,2780";"1,5619"
"38,3500";"1,2783";"1,5610"
"38,3600";"1,2787";"1,5586"
"38,3700";"1,2790";"1,5581"
"38,3800";"1,2792";"1,5607"
"38,3900";"1,2796";"1,5631"
"38,4000";"1,2798";"1,5632"
"38,4100";"1,2802";"1,5615"
"38,4200";"1,2805";"1,5605"
"38,4300";"1,2808";"1,5608"
"38,4400";"1,2811";"1,5610"
"38,4500";"1,2815";"1,5608"
"38,4600";"1,2818";"1,5615"
"38,4700";"1,2822";"1,5631"
"38,4800";"1,2826";"1,5634"
"38,4900";"1,2830";"1,5640"
"38,5000";"1,2834";"1,5657"
"38,5100";"1,2837";"1,5671"
"38,5200";"1,2841";"1,5675"
"38,5300";"1,2844";"1,5665"
"38,5400";"1,2848";"1,5652"
"38,5500";"1,2852";"1,5652"
"38,5600";"1,2854";"1,5660"
"38,5700";"1,2857";"1,5665"
"38,5800";"1,2860";"1,5663"
"38,5900";"1,2862";"1,5650"
"38,6000";"1,2866";"1,5648"
"38,6100";"1,2869";"1,5659"
"38,6200";"1,2872";"1,5679"
"38,6300";"1,2875";"1,5685"
"38,6400";"1,2877";"1,5680"
"38,6500";"1,2881";"1,5670"
"38,6600";"1,2885";"1,5673"
"38,6700";"1,2888";"1,5687"
"38,6800";"1,2892";"1,5690"
"38,6900";"1,2895";"1,5680"
"38,7000";"1,2899";"1,5680"
"38,7100";"1,2902";"1,5704"
"38,7200";"1,2906";"1,5720"
"38,7300";"1,2908";"1,5710"
"38,7400";"1,2912";"1,5707"
"38,7500";"1,2915";"1,5717"
"38,7600";"1,2918";"1,5731"
"38,7700";"1,2921";"1,5720"
"38,7800";"1,2924";"1,5700"
"38,7900";"1,2927";"1,5698"
"38,8000";"1,2931";"1,5718"
"38,8100";"1,2934";"1,5735"
"38,8200";"1,2938";"1,5729"
"38,8300";"1,2941";"1,5732"
"38,8400";"1,2945";"1,5742"
"38,8500";"1,2948";"1,5750"
"38,8600";"1,2953";"1,5740"
"38,8700";"1,2957";"1,5739"
"38,8800";"1,2960";"1,5745"
"38,8900";"1,2962";"1,5752"
"38,9000";"1,2966";"1,5757"
"38,9100";"1,2968";"1,5763"
"38,9200";"1,2972";"1,5771"
"38,9300";"1,2974";"1,5776"
"38,9400";"1,2978";"1,5784"
"38,9500";"1,2981";"1,5796"
"38,9600";"1,2985";"1,5798"
"38,9700";"1,2988";"1,5785"
"38,9800";"1,2992";"1,5771"
"38,9900";"1,2996";"1,5777"
"39,0000";"1,3000";"1,5799"
"39,0100";"1,3004";"1,5814"
"39,0200";"1,3007";"1,5814"
"39,0300";"1,3011";"1,5811"
"39,0400";"1,3014";"1,5812"
"39,0500";"1,3017";"1,5808"
"39,0600";"1,3020";"1,5811"
"39,0700";"1,3024";"1,5816"
"39,0800";"1,3026";"1,5830"
"39,0900";"1,3030";"1,5850"
"39,1000";"1,3033";"1,5863"
"39,1100";"1,3037";"1,5859"
"39,1200";"1,3040";"1,5851"
"39,1300";"1,3044";"1,5839"
"39,1400";"1,3047";"1,5831"
"39,1500";"1,3051";"1,5832"
"39,1600";"1,3053";"1,5837"
"39,1700";"1,3057";"1,5830"
"39,1800";"1,3060";"1,5830"
"39,1900";"1,3064";"1,5844"
"39,2000";"1,3068";"1,5855"
"39,2100";"1,3071";"1,5841"
"39,2200";"1,3075";"1,5829"
"39,2300";"1,3078";"1,5841"
"39,2400";"1,3081";"1,5870"
"39,2500";"1,3084";"1,5898"
"39,2600";"1,3086";"1,5904"
"39,2700";"1,3090";"1,5896"
"39,2800";"1,3094";"1,5892"
"39,2900";"1,3096";"1,5890"
"39,3000";"1,3099";"1,5901"
"39,3100";"1,3103";"1,5903"
"39,3200";"1,3107";"1,5907"
"39,3300";"1,3109";"1,5920"
"39,3400";"1,3114";"1,5927"
"39,3500";"1,3116";"1,5926"
"39,3600";"1,3121";"1,5929"
"39,3700";"1,3124";"1,5930"
"39,3800";"1,3128";"1,5935"
"39,3900";"1,3131";"1,5932"
"39,4000";"1,3135";"1,5921"
"39,4100";"1,3137";"1,5916"
"39,4200";"1,3141";"1,5919"
"39,4300";"1,3143";"1,5932"
"39,4400";"1,3147";"1,5949"
"39,4500";"1,3150";"1,5949"
"39,4600";"1,3154";"1,5924"
"39,4700";"1,3157";"1,5920"
"39,4800";"1,3160";"1,5939"
"39,4900";"1,3163";"1,5979"
"39,5000";"1,3167";"1,5987"
"39,5100";"1,3170";"1,5967"
"39,5200";"1,3174";"1,5968"
"39,5300";"1,3177";"1,5986"
"39,5400";"1,3181";"1,5993"
"39,5500";"1,3184";"1,5974"
"39,5600";"1,3188";"1,5975"
"39,5700";"1,3192";"1,5979"
"39,5800";"1,3194";"1,5972"
"39,5900";"1,3196";"1,5967"
"39,6000";"1,3200";"1,5963"
"39,6100";"1,3202";"1,5973"
"39,6200";"1,3205";"1,5990"
"39,6300";"1,3208";"1,6007"
"39,6400";"1,3212";"1,6016"
"39,6500";"1,3215";"1,6026"
"39,6600";"1,3219";"1,6021"
"39,6700";"1,3222";"1,6018"
"39,6800";"1,3226";"1,6009"
"39,6900";"1,3229";"1,5992"
"39,7000";"1,3233";"1,5989"
"39,7100";"1,3238";"1,6016"
"39,7200";"1,3240";"1,6052"
"39,7300";"1,3243";"1,6071"
"39,7400";"1,3246";"1,6051"
"39,7500";"1,3249";"1,6022"
"39,7600";"1,3253";"1,6039"
"39,7700";"1,3255";"1,6077"
"39,7800";"1,3259";"1,6085"
"39,7900";"1,3262";"1,6048"
"39,8000";"1,3266";"1,6029"
"39,8100";"1,3269";"1,6059"
"39,8200";"1,3273";"1,6084"
"39,8300";"1,3278";"1,6080"
"39,8400";"1,3281";"1,6056"
"39,8500";"1,3285";"1,6058"
"39,8600";"1,3288";"1,6069"
"39,8700";"1,3292";"1,6070"
"39,8800";"1,3295";"1,6072"
"39,8900";"1,3298";"1,6076"
"39,9000";"1,3302";"1,6096"
"39,9100";"1,3305";"1,6109"
"39,9200";"1,3307";"1,6131"
"39,9300";"1,3311";"1,6162"
"39,9400";"1,3313";"1,6161"
"39,9500";"1,3317";"1,6132"
"39,9600";"1,3320";"1,6102"
"39,9700";"1,3323";"1,6094"
"39,9800";"1,3326";"1,6094"
"39,9900";"1,3330";"1,6095"
"40,0000";"1,3333";"1,6107"
"40,0100";"1,3336";"1,6135"
"40,0200";"1,3339";"1,6158"
"40,0300";"1,3343";"1,6150"
"40,0400";"1,3346";"1,6138"
"40,0500";"1,3350";"1,6141"
"40,0600";"1,3353";"1,6138"
"40,0700";"1,3357";"1,6125"
"40,0800";"1,3360";"1,6107"
"40,0900";"1,3363";"1,6116"
"40,1000";"1,3366";"1,6145"
"40,1100";"1,3369";"1,6164"
"40,1200";"1,3372";"1,6163"
"40,1300";"1,3375";"1,6165"
"40,1400";"1,3378";"1,6168"
"40,1500";"1,3382";"1,6174"
"40,1600";"1,3385";"1,6174"
"40,1700";"1,3389";"1,6179"
"40,1800";"1,3392";"1,6185"
"40,1900";"1,3396";"1,6189"
"40,2000";"1,3399";"1,6181"
"40,2100";"1,3403";"1,6170"
"40,2200";"1,3406";"1,6170"
"40,2300";"1,3410";"1,6175"
"40,2400";"1,3413";"1,6190"
"40,2500";"1,3417";"1,6212"
"40,2600";"1,3419";"1,6230"
"40,2700";"1,3422";"1,6216"
"40,2800";"1,3425";"1,6196"
"40,2900";"1,3429";"1,6201"
"40,3000";"1,3432";"1,6219"
"40,3100";"1,3435";"1,6235"
"40,3200";"1,3438";"1,6229"
"40,3300";"1,3443";"1,6216"
"40,3400";"1,3447";"1,6212"
"40,3500";"1,3450";"1,6217"
"40,3600";"1,3454";"1,6212"
"40,3700";"1,3457";"1,6213"
"40,3800";"1,3461";"1,6218"
"40,3900";"1,3464";"1,6212"
"40,4000";"1,3467";"1,6202"
"40,4100";"1,3470";"1,6208"
"40,4200";"1,3472";"1,6236"
"40,4300";"1,3476";"1,6263"
"40,4400";"1,3480";"1,6258"
"40,4500";"1,3482";"1,6262"
"40,4600";"1,3485";"1,6288"
"40,4700";"1,3489";"1,6300"
"40,4800";"1,3491";"1,6279"
"40,4900";"1,3495";"1,6274"
"40,5000";"1,3498";"1,6281"
"40,5100";"1,3502";"1,6280"
"40,5200";"1,3506";"1,6268"
"40,5300";"1,3509";"1,6279"
"40,5400";"1,3513";"1,6317"
"40,5500";"1,3516";"1,6342"
"40,5600";"1,3520";"1,6339"
"40,5700";"1,3523";"1,6326"
"40,5800";"1,3527";"1,6329"
"40,5900";"1,3529";"1,6342"
"40,6000";"1,3533";"1,6338"
"40,6100";"1,3536";"1,6333"
"40,6200";"1,3539";"1,6338"
"40,6300";"1,3542";"1,6343"
"40,6400";"1,3545";"1,6341"
"40,6500";"1,3548";"1,6341"
"40,6600";"1,3552";"1,6360"
"40,6700";"1,3555";"1,6378"
"40,6800";"1,3557";"1,6381"
"40,6900";"1,3561";"1,6368"
"40,7000";"1,3565";"1,6358"
"40,7100";"1,3568";"1,6341"
"40,7200";"1,3572";"1,6339"
"40,7300";"1,3575";"1,6364"
"40,7400";"1,3579";"1,6379"
"40,7500";"1,3582";"1,6371"
"40,7600";"1,3585";"1,6352"
"40,7700";"1,3588";"1,6340"
"40,7800";"1,3591";"1,6362"
"40,7900";"1,3593";"1,6377"
"40,8000";"1,3596";"1,6370"
"40,8100";"1,3600";"1,6358"
"40,8200";"1,3604";"1,6379"
"40,8300";"1,3607";"1,6404"
"40,8400";"1,3611";"1,6412"
"40,8500";"1,3614";"1,6397"
"40,8600";"1,3619";"1,6380"
"40,8700";"1,3622";"1,6373"
"40,8800";"1,3626";"1,6376"
"40,8900";"1,3630";"1,6395"
"40,9000";"1,3633";"1,6415"
"40,9100";"1,3637";"1,6444"
"40,9200";"1,3640";"1,6452"
"40,9300";"1,3642";"1,6446"
"40,9400";"1,3646";"1,6421"
"40,9500";"1,3648";"1,6406"
"40,9600";"1,3652";"1,6407"
"40,9700";"1,3655";"1,6420"
"40,9800";"1,3658";"1,6437"
"40,9900";"1,3661";"1,6447"
"41,0000";"1,3665";"1,6442"
"41,0100";"1,3670";"1,6442"
"41,0200";"1,3673";"1,6448"
"41,0300";"1,3677";"1,6460"
"41,0400";"1,3680";"1,6446"
"41,0500";"1,3684";"1,6431"
"41,0600";"1,3689";"1,6433"
"41,0700";"1,3691";"1,6455"
"41,0800";"1,3694";"1,6476"
"41,0900";"1,3697";"1,6480"
"41,1000";"1,3700";"1,6484"
"41,1100";"1,3704";"1,6502"
"41,1200";"1,3707";"1,6510"
"41,1300";"1,3710";"1,6499"
"41,1400";"1,3713";"1,6488"
"41,1500";"1,3716";"1,6504"
"41,1600";"1,3720";"1,6509"
"41,1700";"1,3723";"1,6505"
"41,1800";"1,3727";"1,6512"
"41,1900";"1,3730";"1,6540"
"41,2000";"1,3735";"1,6569"
"41,2100";"1,3738";"1,6563"
"41,2200";"1,3742";"1,6540"
"41,2300";"1,3745";"1,6533"
"41,2400";"1,3748";"1,6537"
"41,2500";"1,3751";"1,6546"
"41,2600";"1,3755";"1,6547"
"41,2700";"1,3757";"1,6546"
"41,2800";"1,3761";"1,6546"
"41,2900";"1,3763";"1,6542"
"41,3000";"1,3766";"1,6525"
"41,3100";"1,3769";"1,6522"
"41,3200";"1,3772";"1,6534"
"41,3300";"1,3776";"1,6544"
"41,3400";"1,3779";"1,6557"
"41,3500";"1,3783";"1,6571"
"41,3600";"1,3785";"1,6579"
"41,3700";"1,3789";"1,6574"
"41,3800";"1,3792";"1,6569"
"41,3900";"1,3796";"1,6564"
"41,4000";"1,3800";"1,6570"
"41,4100";"1,3803";"1,6572"
"41,4200";"1,3807";"1,6581"
"41,4300";"1,3809";"1,6605"
"41,4400";"1,3812";"1,6619"
"41,4500";"1,3815";"1,6604"
"41,4600";"1,3818";"1,6587"
"41,4700";"1,3821";"1,6598"
"41,4800";"1,3824";"1,6599"
"41,4900";"1,3828";"1,6579"
"41,5000";"1,3831";"1,6566"
"41,5100";"1,3835";"1,6579"
"41,5200";"1,3838";"1,6614"
"41,5300";"1,3842";"1,6639"
"41,5400";"1,3846";"1,6635"
"41,5500";"1,3850";"1,6630"
"41,5600";"1,3854";"1,6632"
"41,5700";"1,3857";"1,6623"
"41,5800";"1,3861";"1,6603"
"41,5900";"1,3864";"1,6613"
"41,6000";"1,3868";"1,6645"
"41,6100";"1,3872";"1,6680"
"41,6200";"1,3874";"1,6678"
"41,6300";"1,3877";"1,6666"
"41,6400";"1,3880";"1,6656"
"41,6500";"1,3883";"1,6660"
"41,6600";"1,3887";"1,6667"
"41,6700";"1,3890";"1,6669"
"41,6800";"1,3894";"1,6677"
"41,6900";"1,3897";"1,6680"
"41,7000";"1,3902";"1,6687"
"41,7100";"1,3906";"1,6694"
"41,7200";"1,3909";"1,6698"
"41,7300";"1,3913";"1,6685"
"41,7400";"1,3915";"1,6674"
"41,7500";"1,3919";"1,6677"
"41,7600";"1,3921";"1,6689"
"41,7700";"1,3923";"1,6692"
"41,7800";"1,3927";"1,6678"
"41,7900";"1,3929";"1,6690"
"41,8000";"1,3933";"1,6713"
"41,8100";"1,3935";"1,6719"
"41,8200";"1,3939";"1,6701"
"41,8300";"1,3942";"1,6689"
"41,8400";"1,3946";"1,6701"
"41,8500";"1,3949";"1,6715"
"41,8600";"1,3953";"1,6702"
"41,8700";"1,3957";"1,6693"
"41,8800";"1,3960";"1,6714"
"41,8900";"1,3964";"1,6754"
"41,9000";"1,3967";"1,6772"
"41,9100";"1,3971";"1,6757"
"41,9200";"1,3973";"1,6742"
"41,9300";"1,3977";"1,6743"
"41,9400";"1,3980";"1,6755"
"41,9500";"1,3984";"1,6767"
"41,9600";"1,3986";"1,6775"
"41,9700";"1,3990";"1,6778"
"41,9800";"1,3993";"1,6775"
"41,9900";"1,3995";"1,6777"
"42,0000";"1,3999";"1,6782"
"42,0100";"1,4003";"1,6777"
"42,0200";"1,4005";"1,6762"
"42,0300";"1,4008";"1,6764"
"42,0400";"1,4012";"1,6795"
"42,0500";"1,4016";"1,6812"
"42,0600";"1,4019";"1,6785"
"42,0700";"1,4023";"1,6766"
"42,0800";"1,4026";"1,6791"
"42,0900";"1,4029";"1,6828"
"42,1000";"1,4032";"1,6837"
"42,1100";"1,4036";"1,6816"
"42,1200";"1,4038";"1,6805"
"42,1300";"1,4042";"1,6818"
"42,1400";"1,4044";"1,6828"
"42,1500";"1,4047";"1,6810"
"42,1600";"1,4051";"1,6796"
"42,1700";"1,4055";"1,6807"
"42,1800";"1,4058";"1,6817"
"42,1900";"1,4062";"1,6826"
"42,2000";"1,4065";"1,6838"
"42,2100";"1,4069";"1,6855"
"42,2200";"1,4072";"1,6858"
"42,2300";"1,4076";"1,6850"
"42,2400";"1,4079";"1,6844"
"42,2500";"1,4083";"1,6854"
"42,2600";"1,4086";"1,6870"
"42,2700";"1,4090";"1,6866"
"42,2800";"1,4093";"1,6871"
"42,2900";"1,4096";"1,6866"
"42,3000";"1,4099";"1,6849"
"42,3100";"1,4103";"1,6841"
"42,3200";"1,4105";"1,6853"
"42,3300";"1,4109";"1,6871"
"42,3400";"1,4112";"1,6867"
"42,3500";"1,4116";"1,6836"
"42,3600";"1,4119";"1,6823"
"42,3700";"1,4122";"1,6843"
"42,3800";"1,4127";"1,6878"
"42,3900";"1,4130";"1,6891"
"42,4000";"1,4134";"1,6891"
"42,4100";"1,4137";"1,6889"
"42,4200";"1,4141";"1,6891"
"42,4300";"1,4143";"1,6905"
"42,4400";"1,4147";"1,6920"
"42,4500";"1,4149";"1,6929"
"42,4600";"1,4152";"1,6920"
"42,4700";"1,4155";"1,6899"
"42,4800";"1,4158";"1,6892"
"42,4900";"1,4162";"1,6915"
"42,5000";"1,4164";"1,6931"
"42,5100";"1,4168";"1,6926"
"42,5200";"1,4171";"1,6916"
"42,5300";"1,4175";"1,6917"
"42,5400";"1,4178";"1,6917"
"42,5500";"1,4182";"1,6914"
"42,5600";"1,4186";"1,6910"
"42,5700";"1,4189";"1,6941"
"42,5800";"1,4193";"1,6973"
"42,5900";"1,4196";"1,6970"
"42,6000";"1,4200";"1,6960"
"42,6100";"1,4203";"1,6960"
"42,6200";"1,4206";"1,6970"
"42,6300";"1,4209";"1,6958"
"42,6400";"1,4212";"1,6937"
"42,6500";"1,4215";"1,6943"
"42,6600";"1,4219";"1,6984"
"42,6700";"1,4222";"1,7009"
"42,6800";"1,4225";"1,7023"
"42,6900";"1,4228";"1,7026"
"42,7000";"1,4232";"1,7028"
"42,7100";"1,4235";"1,7015"
"42,7200";"1,4239";"1,6998"
"42,7300";"1,4242";"1,6982"
"42,7400";"1,4246";"1,6992"
"42,7500";"1,4249";"1,7007"
"42,7600";"1,4253";"1,7008"
"42,7700";"1,4256";"1,7013"
"42,7800";"1,4260";"1,7018"
"42,7900";"1,4262";"1,7015"
"42,8000";"1,4265";"1,7005"
"42,8100";"1,4268";"1,6999"
"42,8200";"1,4271";"1,7014"
"42,8300";"1,4274";"1,7022"
"42,8400";"1,4278";"1,7026"
"42,8500";"1,4281";"1,7033"
"42,8600";"1,4285";"1,7042"
"42,8700";"1,4288";"1,7047"
"42,8800";"1,4292";"1,7039"
"42,8900";"1,4295";"1,7044"
"42,9000";"1,4299";"1,7068"
"42,9100";"1,4302";"1,7081"
"42,9200";"1,4306";"1,7076"
"42,9300";"1,4310";"1,7082"
"42,9400";"1,4313";"1,7098"
"42,9500";"1,4317";"1,7102"
"42,9600";"1,4320";"1,7091"
"42,9700";"1,4322";"1,7060"
"42,9800";"1,4326";"1,7051"
"42,9900";"1,4328";"1,7066"
"43,0000";"1,4332";"1,7077"
"43,0100";"1,4335";"1,7085"
"43,0200";"1,4339";"1,7100"
"43,0300";"1,4343";"1,7113"
"43,0400";"1,4346";"1,7124"
"43,0500";"1,4350";"1,7119"
"43,0600";"1,4354";"1,7113"
"43,0700";"1,4358";"1,7105"
"43,0800";"1,4361";"1,7098"
"43,0900";"1,4365";"1,7102"
"43,1000";"1,4369";"1,7121"
"43,1100";"1,4371";"1,7156"
"43,1200";"1,4374";"1,7175"
"43,1300";"1,4377";"1,7171"
"43,1400";"1,4379";"1,7181"
"43,1500";"1,4383";"1,7180"
"43,1600";"1,4386";"1,7149"
"43,1700";"1,4389";"1,7128"
"43,1800";"1,4392";"1,7147"
"43,1900";"1,4396";"1,7188"
"43,2000";"1,4399";"1,7214"
"43,2100";"1,4403";"1,7199"
"43,2200";"1,4406";"1,7170"
"43,2300";"1,4411";"1,7160"
"43,2400";"1,4415";"1,7155"
"43,2500";"1,4418";"1,7145"
"43,2600";"1,4422";"1,7148"
"43,2700";"1,4425";"1,7159"
"43,2800";"1,4429";"1,7172"
"43,2900";"1,4432";"1,7182"
"43,3000";"1,4435";"1,7188"
"43,3100";"1,4437";"1,7188"
"43,3200";"1,4441";"1,7183"
"43,3300";"1,4443";"1,7177"
"43,3400";"1,4446";"1,7181"
"43,3500";"1,4449";"1,7185"
"43,3600";"1,4452";"1,7177"
"43,3700";"1,4456";"1,7183"
"43,3800";"1,4459";"1,7205"
"43,3900";"1,4462";"1,7223"
"43,4000";"1,4465";"1,7213"
"43,4100";"1,4469";"1,7196"
"43,4200";"1,4472";"1,7203"
"43,4300";"1,4476";"1,7224"
"43,4400";"1,4480";"1,7235"
"43,4500";"1,4483";"1,7229"
"43,4600";"1,4487";"1,7224"
"43,4700";"1,4489";"1,7235"
"43,4800";"1,4491";"1,7256"
"43,4900";"1,4495";"1,7265"
"43,5000";"1,4497";"1,7250"
"43,5100";"1,4501";"1,7241"
"43,5200";"1,4504";"1,7246"
"43,5300";"1,4508";"1,7241"
"43,5400";"1,4511";"1,7246"
"43,5500";"1,4515";"1,7275"
"43,5600";"1,4518";"1,7300"
"43,5700";"1,4522";"1,7298"
"43,5800";"1,4526";"1,7274"
"43,5900";"1,4529";"1,7256"
"43,6000";"1,4533";"1,7261"
"43,6100";"1,4536";"1,7287"
"43,6200";"1,4540";"1,7296"
"43,6300";"1,4542";"1,7283"
"43,6400";"1,4546";"1,7261"
"43,6500";"1,4549";"1,7236"
"43,6600";"1,4552";"1,7248"
"43,6700";"1,4554";"1,7280"
"43,6800";"1,4557";"1,7309"
"43,6900";"1,4561";"1,7311"
"43,7000";"1,4565";"1,7315"
"43,7100";"1,4568";"1,7337"
"43,7200";"1,4572";"1,7348"
"43,7300";"1,4575";"1,7338"
"43,7400";"1,4579";"1,7329"
"43,7500";"1,4583";"1,7335"
"43,7600";"1,4587";"1,7357"
"43,7700";"1,4590";"1,7366"
"43,7800";"1,4594";"1,7357"
"43,7900";"1,4598";"1,7348"
"43,8000";"1,4601";"1,7343"
"43,8100";"1,4603";"1,7337"
"43,8200";"1,4607";"1,7327"
"43,8300";"1,4611";"1,7355"
"43,8400";"1,4614";"1,7384"
"43,8500";"1,4616";"1,7393"
"43,8600";"1,4620";"1,7375"
"43,8700";"1,4624";"1,7361"
"43,8800";"1,4627";"1,7359"
"43,8900";"1,4631";"1,7362"
"43,9000";"1,4635";"1,7352"
"43,9100";"1,4638";"1,7353"
"43,9200";"1,4641";"1,7380"
"43,9300";"1,4645";"1,7410"
"43,9400";"1,4648";"1,7412"
"43,9500";"1,4652";"1,7394"
"43,9600";"1,4655";"1,7390"
"43,9700";"1,4658";"1,7386"
"43,9800";"1,4661";"1,7386"
"43,9900";"1,4664";"1,7389"
"44,0000";"1,4666";"1,7386"
"44,0100";"1,4670";"1,7381"
"44,0200";"1,4672";"1,7379"
"44,0300";"1,4675";"1,7392"
"44,0400";"1,4679";"1,7410"
"44,0500";"1,4681";"1,7417"
"44,0600";"1,4685";"1,7408"
"44,0700";"1,4688";"1,7404"
"44,0800";"1,4692";"1,7420"
"44,0900";"1,4696";"1,7419"
"44,1000";"1,4699";"1,7420"
"44,1100";"1,4703";"1,7437"
"44,1200";"1,4705";"1,7459"
"44,1300";"1,4709";"1,7470"
"44,1400";"1,4712";"1,7456"
"44,1500";"1,4714";"1,7441"
"44,1600";"1,4718";"1,7448"
"44,1700";"1,4720";"1,7460"
"44,1800";"1,4724";"1,7448"
"44,1900";"1,4726";"1,7432"
"44,2000";"1,4730";"1,7444"
"44,2100";"1,4733";"1,7472"
"44,2200";"1,4737";"1,7485"
"44,2300";"1,4740";"1,7480"
"44,2400";"1,4744";"1,7475"
"44,2500";"1,4747";"1,7475"
"44,2600";"1,4752";"1,7474"
"44,2700";"1,4756";"1,7481"
"44,2800";"1,4759";"1,7493"
"44,2900";"1,4763";"1,7492"
"44,3000";"1,4765";"1,7480"
"44,3100";"1,4769";"1,7492"
"44,3200";"1,4771";"1,7515"
"44,3300";"1,4773";"1,7513"
"44,3400";"1,4777";"1,7492"
"44,3500";"1,4779";"1,7481"
"44,3600";"1,4783";"1,7488"
"44,3700";"1,4786";"1,7507"
"44,3800";"1,4790";"1,7513"
"44,3900";"1,4794";"1,7512"
"44,4000";"1,4798";"1,7531"
"44,4100";"1,4802";"1,7554"
"44,4200";"1,4807";"1,7559"
"44,4300";"1,4810";"1,7548"
"44,4400";"1,4815";"1,7549"
"44,4500";"1,4818";"1,7559"
"44,4600";"1,4822";"1,7568"
"44,4700";"1,4824";"1,7557"
"44,4800";"1,4827";"1,7566"
"44,4900";"1,4830";"1,7587"
"44,5000";"1,4832";"1,7599"
"44,5100";"1,4836";"1,7603"
"44,5200";"1,4840";"1,7596"
"44,5300";"1,4842";"1,7577"
"44,5400";"1,4845";"1,7550"
"44,5500";"1,4849";"1,7539"
"44,5600";"1,4853";"1,7547"
"44,5700";"1,4857";"1,7563"
"44,5800";"1,4861";"1,7577"
"44,5900";"1,4864";"1,7582"
"44,6000";"1,4868";"1,7611"
"44,6100";"1,4871";"1,7631"
"44,6200";"1,4875";"1,7608"
"44,6300";"1,4877";"1,7585"
"44,6400";"1,4881";"1,7603"
"44,6500";"1,4884";"1,7639"
"44,6600";"1,4887";"1,7662"
"44,6700";"1,4890";"1,7648"
"44,6800";"1,4893";"1,7628"
"44,6900";"1,4896";"1,7628"
"44,7000";"1,4900";"1,7627"
"44,7100";"1,4902";"1,7611"
"44,7200";"1,4906";"1,7607"
"44,7300";"1,4909";"1,7628"
"44,7400";"1,4912";"1,7644"
"44,7500";"1,4915";"1,7648"
"44,7600";"1,4919";"1,7651"
"44,7700";"1,4922";"1,7671"
"44,7800";"1,4926";"1,7680"
"44,7900";"1,4929";"1,7667"
"44,8000";"1,4933";"1,7658"
"44,8100";"1,4936";"1,7664"
"44,8200";"1,4939";"1,7673"
"44,8300";"1,4941";"1,7673"
"44,8400";"1,4945";"1,7688"
"44,8500";"1,4948";"1,7707"
"44,8600";"1,4951";"1,7698"
"44,8700";"1,4954";"1,7670"
"44,8800";"1,4958";"1,7660"
"44,8900";"1,4961";"1,7689"
"44,9000";"1,4965";"1,7723"
"44,9100";"1,4968";"1,7733"
"44,9200";"1,4972";"1,7710"
"44,9300";"1,4975";"1,7705"
"44,9400";"1,4979";"1,7720"
"44,9500";"1,4982";"1,7717"
"44,9600";"1,4986";"1,7710"
"44,9700";"1,4990";"1,7721"
"44,9800";"1,4993";"1,7743"
"44,9900";"1,4997";"1,7752"
"45,0000";"1,4999";"1,7745"
"45,0100";"1,5002";"1,7741"
"45,0200";"1,5006";"1,7742"
"45,0300";"1,5010";"1,7735"
"45,0400";"1,5012";"1,7722"
"45,0500";"1,5017";"1,7723"
"45,0600";"1,5020";"1,7743"
"45,0700";"1,5024";"1,7765"
"45,0800";"1,5027";"1,7778"
"45,0900";"1,5031";"1,7783"
"45,1000";"1,5034";"1,7780"
"45,1100";"1,5038";"1,7759"
"45,1200";"1,5043";"1,7736"
"45,1300";"1,5045";"1,7745"
"45,1400";"1,5049";"1,7779"
"45,1500";"1,5052";"1,7804"
"45,1600";"1,5054";"1,7807"
"45,1700";"1,5057";"1,7800"
"45,1800";"1,5060";"1,7812"
"45,1900";"1,5063";"1,7799"
"45,2000";"1,5066";"1,7784"
"45,2100";"1,5070";"1,7776"
"45,2200";"1,5073";"1,7788"
"45,2300";"1,5077";"1,7804"
"45,2400";"1,5080";"1,7802"
"45,2500";"1,5084";"1,7789"
"45,2600";"1,5087";"1,7801"
"45,2700";"1,5091";"1,7837"
"45,2800";"1,5095";"1,7859"
"45,2900";"1,5098";"1,7866"
"45,3000";"1,5102";"1,7857"
"45,3100";"1,5104";"1,7838"
"45,3200";"1,5108";"1,7829"
"45,3300";"1,5111";"1,7838"
"45,3400";"1,5113";"1,7850"
"45,3500";"1,5116";"1,7838"
"45,3600";"1,5119";"1,7825"
"45,3700";"1,5123";"1,7842"
"45,3800";"1,5125";"1,7877"
"45,3900";"1,5129";"1,7905"
"45,4000";"1,5132";"1,7892"
"45,4100";"1,5136";"1,7858"
"45,4200";"1,5139";"1,7863"
"45,4300";"1,5143";"1,7883"
"45,4400";"1,5147";"1,7886"
"45,4500";"1,5150";"1,7892"
"45,4600";"1,5154";"1,7906"
"45,4700";"1,5157";"1,7911"
"45,4800";"1,5161";"1,7903"
"45,4900";"1,5163";"1,7893"
"45,5000";"1,5167";"1,7894"
"45,5100";"1,5169";"1,7899"
"45,5200";"1,5172";"1,7904"
"45,5300";"1,5175";"1,7913"
"45,5400";"1,5178";"1,7919"
"45,5500";"1,5182";"1,7922"
"45,5600";"1,5185";"1,7919"
"45,5700";"1,5189";"1,7922"
"45,5800";"1,5193";"1,7941"
"45,5900";"1,5195";"1,7947"
"45,6000";"1,5200";"1,7929"
"45,6100";"1,5202";"1,7914"
"45,6200";"1,5206";"1,7929"
"45,6300";"1,5209";"1,7951"
"45,6400";"1,5213";"1,7952"
"45,6500";"1,5216";"1,7943"
"45,6600";"1,5220";"1,7947"
"45,6700";"1,5222";"1,7968"
"45,6800";"1,5226";"1,7970"
"45,6900";"1,5228";"1,7954"
"45,7000";"1,5232";"1,7953"
"45,7100";"1,5235";"1,7962"
"45,7200";"1,5239";"1,7963"
"45,7300";"1,5242";"1,7971"
"45,7400";"1,5246";"1,7976"
"45,7500";"1,5249";"1,7990"
"45,7600";"1,5253";"1,8005"
"45,7700";"1,5256";"1,8007"
"45,7800";"1,5260";"1,7993"
"45,7900";"1,5263";"1,7995"
"45,8000";"1,5267";"1,7992"
"45,8100";"1,5270";"1,7974"
"45,8200";"1,5274";"1,7970"
"45,8300";"1,5276";"1,7985"
"45,8400";"1,5280";"1,7988"
"45,8500";"1,5282";"1,7981"
"45,8600";"1,5286";"1,7991"
"45,8700";"1,5288";"1,8003"
"45,8800";"1,5292";"1,7999"
"45,8900";"1,5295";"1,7988"
"45,9000";"1,5299";"1,7990"
"45,9100";"1,5302";"1,8010"
"45,9200";"1,5306";"1,8021"
"45,9300";"1,5311";"1,8006"
"45,9400";"1,5314";"1,8000"
"45,9500";"1,5318";"1,8018"
"45,9600";"1,5321";"1,8043"
"45,9700";"1,5325";"1,8038"
"45,9800";"1,5328";"1,8034"
"45,9900";"1,5332";"1,8044"
"46,0000";"1,5334";"1,8080"
"46,0100";"1,5337";"1,8090"
"46,0200";"1,5340";"1,8083"
"46,0300";"1,5342";"1,8075"
"46,0400";"1,5346";"1,8074"
"46,0500";"1,5350";"1,8070"
"46,0600";"1,5352";"1,8062"
"46,0700";"1,5355";"1,8055"
"46,0800";"1,5359";"1,8066"
"46,0900";"1,5363";"1,8093"
"46,1000";"1,5365";"1,8104"
"46,1100";"1,5368";"1,8115"
"46,1200";"1,5372";"1,8106"
"46,1300";"1,5376";"1,8084"
"46,1400";"1,5379";"1,8088"
"46,1500";"1,5383";"1,8103"
"46,1600";"1,5386";"1,8110"
"46,1700";"1,5389";"1,8108"
"46,1800";"1,5392";"1,8106"
"46,1900";"1,5394";"1,8134"
"46,2000";"1,5397";"1,8152"
"46,2100";"1,5400";"1,8154"
"46,2200";"1,5404";"1,8130"
"46,2300";"1,5407";"1,8115"
"46,2400";"1,5410";"1,8121"
"46,2500";"1,5413";"1,8118"
"46,2600";"1,5418";"1,8110"
"46,2700";"1,5422";"1,8123"
"46,2800";"1,5425";"1,8152"
"46,2900";"1,5429";"1,8160"
"46,3000";"1,5432";"1,8151"
"46,3100";"1,5436";"1,8145"
"46,3200";"1,5439";"1,8160"
"46,3300";"1,5443";"1,8173"
"46,3400";"1,5445";"1,8168"
"46,3500";"1,5449";"1,8160"
"46,3600";"1,5451";"1,8164"
"46,3700";"1,5455";"1,8184"
"46,3800";"1,5457";"1,8196"
"46,3900";"1,5461";"1,8190"
"46,4000";"1,5464";"1,8176"
"46,4100";"1,5468";"1,8173"
"46,4200";"1,5472";"1,8181"
"46,4300";"1,5476";"1,8198"
"46,4400";"1,5479";"1,8212"
"46,4500";"1,5483";"1,8204"
"46,4600";"1,5488";"1,8195"
"46,4700";"1,5491";"1,8192"
"46,4800";"1,5494";"1,8193"
"46,4900";"1,5497";"1,8192"
"46,5000";"1,5501";"1,8196"
"46,5100";"1,5503";"1,8210"
"46,5200";"1,5507";"1,8238"
"46,5300";"1,5509";"1,8253"
"46,5400";"1,5512";"1,8247"
"46,5500";"1,5516";"1,8250"
"46,5600";"1,5520";"1,8256"
"46,5700";"1,5523";"1,8252"
"46,5800";"1,5527";"1,8226"
"46,5900";"1,5530";"1,8221"
"46,6000";"1,5534";"1,8230"
"46,6100";"1,5538";"1,8251"
"46,6200";"1,5542";"1,8268"
"46,6300";"1,5546";"1,8291"
"46,6400";"1,5549";"1,8299"
"46,6500";"1,5553";"1,8294"
"46,6600";"1,5556";"1,8280"
"46,6700";"1,5560";"1,8265"
"46,6800";"1,5562";"1,8268"
"46,6900";"1,5564";"1,8268"
"46,7000";"1,5567";"1,8265"
"46,7100";"1,5570";"1,8271"
"46,7200";"1,5573";"1,8286"
"46,7300";"1,5576";"1,8307"
"46,7400";"1,5579";"1,8305"
"46,7500";"1,5582";"1,8295"
"46,7600";"1,5586";"1,8286"
"46,7700";"1,5589";"1,8286"
"46,7800";"1,5593";"1,8292"
"46,7900";"1,5596";"1,8297"
"46,8000";"1,5600";"1,8314"
"46,8100";"1,5603";"1,8329"
"46,8200";"1,5607";"1,8319"
"46,8300";"1,5610";"1,8312"
"46,8400";"1,5614";"1,8308"
"46,8500";"1,5616";"1,8321"
"46,8600";"1,5620";"1,8318"
"46,8700";"1,5622";"1,8326"
"46,8800";"1,5626";"1,8346"
"46,8900";"1,5629";"1,8356"
"46,9000";"1,5633";"1,8352"
"46,9100";"1,5636";"1,8336"
"46,9200";"1,5640";"1,8337"
"46,9300";"1,5644";"1,8361"
"46,9400";"1,5647";"1,8388"
"46,9500";"1,5651";"1,8405"
"46,9600";"1,5654";"1,8414"
"46,9700";"1,5658";"1,8414"
"46,9800";"1,5661";"1,8413"
"46,9900";"1,5664";"1,8393"
"47,0000";"1,5667";"1,8378"
"47,0100";"1,5670";"1,8381"
"47,0200";"1,5673";"1,8382"
"47,0300";"1,5675";"1,8381"
"47,0400";"1,5679";"1,8385"
"47,0500";"1,5681";"1,8390"
"47,0600";"1,5685";"1,8399"
"47,0700";"1,5688";"1,8398"
"47,0800";"1,5692";"1,8394"
"47,0900";"1,5695";"1,8391"
"47,1000";"1,5699";"1,8389"
"47,1100";"1,5703";"1,8391"
"47,1200";"1,5707";"1,8410"
"47,1300";"1,5711";"1,8444"
"47,1400";"1,5714";"1,8458"
"47,1500";"1,5718";"1,8434"
"47,1600";"1,5721";"1,8412"
"47,1700";"1,5724";"1,8417"
"47,1800";"1,5727";"1,8435"
"47,1900";"1,5730";"1,8430"
"47,2000";"1,5733";"1,8423"
"47,2100";"1,5737";"1,8425"
"47,2200";"1,5739";"1,8452"
"47,2300";"1,5743";"1,8466"
"47,2400";"1,5746";"1,8468"
"47,2500";"1,5750";"1,8468"
"47,2600";"1,5753";"1,8469"
"47,2700";"1,5758";"1,8468"
"47,2800";"1,5762";"1,8462"
"47,2900";"1,5765";"1,8463"
"47,3000";"1,5769";"1,8481"
"47,3100";"1,5772";"1,8491"
"47,3200";"1,5776";"1,8494"
"47,3300";"1,5778";"1,8493"
"47,3400";"1,5782";"1,8487"
"47,3500";"1,5785";"1,8489"
"47,3600";"1,5788";"1,8495"
"47,3700";"1,5790";"1,8497"
"47,3800";"1,5793";"1,8504"
"47,3900";"1,5796";"1,8506"
"47,4000";"1,5799";"1,8519"
"47,4100";"1,5802";"1,8540"
"47,4200";"1,5805";"1,8541"
"47,4300";"1,5808";"1,8532"
"47,4400";"1,5811";"1,8526"
"47,4500";"1,5815";"1,8535"
"47,4600";"1,5818";"1,8544"
"47,4700";"1,5822";"1,8532"
"47,4800";"1,5825";"1,8521"
"47,4900";"1,5829";"1,8529"
"47,5000";"1,5832";"1,8540"
"47,5100";"1,5836";"1,8536"
"47,5200";"1,5838";"1,8506"
"47,5300";"1,5841";"1,8499"
"47,5400";"1,5844";"1,8532"
"47,5500";"1,5848";"1,8568"
"47,5600";"1,5851";"1,8583"
"47,5700";"1,5854";"1,8578"
"47,5800";"1,5857";"1,8570"
"47,5900";"1,5862";"1,8562"
"47,6000";"1,5865";"1,8554"
"47,6100";"1,5869";"1,8559"
"47,6200";"1,5873";"1,8572"
"47,6300";"1,5876";"1,8578"
"47,6400";"1,5880";"1,8584"
"47,6500";"1,5883";"1,8587"
"47,6600";"1,5887";"1,8589"
"47,6700";"1,5890";"1,8604"
"47,6800";"1,5894";"1,8618"
"47,6900";"1,5896";"1,8623"
"47,7000";"1,5899";"1,8636"
"47,7100";"1,5902";"1,8632"
"47,7200";"1,5904";"1,8619"
"47,7300";"1,5908";"1,8612"
"47,7400";"1,5912";"1,8617"
"47,7500";"1,5915";"1,8619"
"47,7600";"1,5919";"1,8602"
"47,7700";"1,5922";"1,8591"
"47,7800";"1,5926";"1,8619"
"47,7900";"1,5929";"1,8647"
"47,8000";"1,5933";"1,8638"
"47,8100";"1,5936";"1,8625"
"47,8200";"1,5940";"1,8623"
"47,8300";"1,5943";"1,8635"
"47,8400";"1,5946";"1,8637"
"47,8500";"1,5949";"1,8639"
"47,8600";"1,5952";"1,8644"
"47,8700";"1,5954";"1,8660"
"47,8800";"1,5958";"1,8663"
"47,8900";"1,5961";"1,8647"
"47,9000";"1,5965";"1,8645"
"47,9100";"1,5968";"1,8659"
"47,9200";"1,5972";"1,8661"
"47,9300";"1,5975";"1,8658"
"47,9400";"1,5979";"1,8672"
"47,9500";"1,5982";"1,8693"
"47,9600";"1,5986";"1,8708"
"47,9700";"1,5989";"1,8714"
"47,9800";"1,5994";"1,8715"
"47,9900";"1,5997";"1,8710"
"48,0000";"1,6000";"1,8687"
"48,0100";"1,6004";"1,8675"
"48,0200";"1,6007";"1,8685"
"48,0300";"1,6010";"1,8702"
"48,0400";"1,6012";"1,8713"
"48,0500";"1,6015";"1,8710"
"48,0600";"1,6018";"1,8705"
"48,0700";"1,6020";"1,8719"
"48,0800";"1,6024";"1,8728"
"48,0900";"1,6027";"1,8722"
"48,1000";"1,6031";"1,8714"
"48,1100";"1,6033";"1,8718"
"48,1200";"1,6037";"1,8726"
"48,1300";"1,6040";"1,8738"
"48,1400";"1,6044";"1,8744"
"48,1500";"1,6047";"1,8749"
"48,1600";"1,6051";"1,8750"
"48,1700";"1,6054";"1,8757"
"48,1800";"1,6058";"1,8777"
"48,1900";"1,6061";"1,8796"
"48,2000";"1,6064";"1,8784"
"48,2100";"1,6067";"1,8746"
"48,2200";"1,6070";"1,8728"
"48,2300";"1,6073";"1,8742"
"48,2400";"1,6077";"1,8760"
"48,2500";"1,6079";"1,8747"
"48,2600";"1,6083";"1,8733"
"48,2700";"1,6086";"1,8749"
"48,2800";"1,6090";"1,8779"
"48,2900";"1,6093";"1,8776"
"48,3000";"1,6097";"1,8775"
"48,3100";"1,6100";"1,8783"
"48,3200";"1,6104";"1,8787"
"48,3300";"1,6107";"1,8789"
"48,3400";"1,6111";"1,8795"
"48,3500";"1,6115";"1,8810"
"48,3600";"1,6117";"1,8829"
"48,3700";"1,6120";"1,8816"
"48,3800";"1,6123";"1,8804"
"48,3900";"1,6126";"1,8804"
"48,4000";"1,6130";"1,8802"
"48,4100";"1,6133";"1,8789"
"48,4200";"1,6137";"1,8792"
"48,4300";"1,6141";"1,8806"
"48,4400";"1,6145";"1,8815"
"48,4500";"1,6149";"1,8817"
"48,4600";"1,6154";"1,8821"
"48,4700";"1,6157";"1,8847"
"48,4800";"1,6161";"1,8876"
"48,4900";"1,6165";"1,8879"
"48,5000";"1,6169";"1,8869"
"48,5100";"1,6171";"1,8859"
"48,5200";"1,6175";"1,8858"
"48,5300";"1,6177";"1,8859"
"48,5400";"1,6181";"1,8868"
"48,5500";"1,6183";"1,8877"
"48,5600";"1,6187";"1,8881"
"48,5700";"1,6190";"1,8880"
"48,5800";"1,6194";"1,8873"
"48,5900";"1,6197";"1,8880"
"48,6000";"1,6202";"1,8894"
"48,6100";"1,6205";"1,8889"
"48,6200";"1,6209";"1,8874"
"48,6300";"1,6213";"1,8876"
"48,6400";"1,6216";"1,8902"
"48,6500";"1,6220";"1,8918"
"48,6600";"1,6223";"1,8913"
"48,6700";"1,6226";"1,8904"
"48,6800";"1,6229";"1,8905"
"48,6900";"1,6233";"1,8908"
"48,7000";"1,6235";"1,8900"
"48,7100";"1,6237";"1,8912"
"48,7200";"1,6241";"1,8925"
"48,7300";"1,6243";"1,8919"
"48,7400";"1,6247";"1,8908"
"48,7500";"1,6250";"1,8912"
"48,7600";"1,6253";"1,8925"
"48,7700";"1,6256";"1,8928"
"48,7800";"1,6260";"1,8927"
"48,7900";"1,6263";"1,8939"
"48,8000";"1,6267";"1,8955"
"48,8100";"1,6270";"1,8951"
"48,8200";"1,6273";"1,8937"
"48,8300";"1,6276";"1,8945"
"48,8400";"1,6280";"1,8972"
"48,8500";"1,6283";"1,8998"
"48,8600";"1,6287";"1,9003"
"48,8700";"1,6290";"1,9005"
"48,8800";"1,6293";"1,9023"
"48,8900";"1,6296";"1,9030"
"48,9000";"1,6300";"1,9015"
"48,9100";"1,6303";"1,8983"
"48,9200";"1,6306";"1,8966"
"48,9300";"1,6309";"1,8965"
"48,9400";"1,6313";"1,8979"
"48,9500";"1,6316";"1,8994"
"48,9600";"1,6320";"1,9002"
"48,9700";"1,6324";"1,9014"
"48,9800";"1,6327";"1,9002"
"48,9900";"1,6331";"1,8999"
"49,0000";"1,6334";"1,9013"
"49,0100";"1,6338";"1,9008"
"49,0200";"1,6341";"1,8999"
"49,0300";"1,6344";"1,9003"
"49,0400";"1,6347";"1,9010"
"49,0500";"1,6350";"1,9021"
"49,0600";"1,6353";"1,9015"
"49,0700";"1,6357";"1,9017"
"49,0800";"1,6360";"1,9043"
"49,0900";"1,6365";"1,9075"
"49,1000";"1,6368";"1,9065"
"49,1100";"1,6373";"1,9046"
"49,1200";"1,6377";"1,9046"
"49,1300";"1,6380";"1,9060"
"49,1400";"1,6385";"1,9059"
"49,1500";"1,6387";"1,9062"
"49,1600";"1,6391";"1,9082"
"49,1700";"1,6393";"1,9104"
"49,1800";"1,6396";"1,9108"
"49,1900";"1,6398";"1,9082"
"49,2000";"1,6400";"1,9075"
"49,2100";"1,6404";"1,9081"
"49,2200";"1,6406";"1,9086"
"49,2300";"1,6410";"1,9097"
"49,2400";"1,6413";"1,9108"
"49,2500";"1,6417";"1,9120"
"49,2600";"1,6420";"1,9120"
"49,2700";"1,6424";"1,9107"
"49,2800";"1,6427";"1,9105"
"49,2900";"1,6431";"1,9109"
"49,3000";"1,6435";"1,9102"
"49,3100";"1,6438";"1,9084"
"49,3200";"1,6442";"1,9088"
"49,3300";"1,6445";"1,9122"
"49,3400";"1,6449";"1,9144"
"49,3500";"1,6452";"1,9136"
"49,3600";"1,6455";"1,9124"
"49,3700";"1,6458";"1,9126"
"49,3800";"1,6460";"1,9135"
"49,3900";"1,6464";"1,9136"
"49,4000";"1,6466";"1,9138"
"49,4100";"1,6470";"1,9145"
"49,4200";"1,6473";"1,9150"
"49,4300";"1,6476";"1,9143"
"49,4400";"1,6479";"1,9153"
"49,4500";"1,6482";"1,9162"
"49,4600";"1,6485";"1,9170"
"49,4700";"1,6489";"1,9172"
"49,4800";"1,6492";"1,9175"
"49,4900";"1,6496";"1,9165"
"49,5000";"1,6499";"1,9172"
"49,5100";"1,6503";"1,9184"
"49,5200";"1,6505";"1,9186"
"49,5300";"1,6509";"1,9193"
"49,5400";"1,6512";"1,9199"
"49,5500";"1,6515";"1,9187"
"49,5600";"1,6518";"1,9181"
"49,5700";"1,6521";"1,9189"
"49,5800";"1,6524";"1,9198"
"49,5900";"1,6528";"1,9196"
"49,6000";"1,6530";"1,9208"
"49,6100";"1,6534";"1,9215"
"49,6200";"1,6537";"1,9216"
"49,6300";"1,6541";"1,9206"
"49,6400";"1,6544";"1,9211"
"49,6500";"1,6548";"1,9221"
"49,6600";"1,6551";"1,9231"
"49,6700";"1,6556";"1,9216"
"49,6800";"1,6560";"1,9210"
"49,6900";"1,6562";"1,9246"
"49,7000";"1,6566";"1,9287"
"49,7100";"1,6568";"1,9294"
"49,7200";"1,6571";"1,9277"
"49,7300";"1,6575";"1,9263"
"49,7400";"1,6579";"1,9273"
"49,7500";"1,6582";"1,9264"
"49,7600";"1,6586";"1,9250"
"49,7700";"1,6589";"1,9242"
"49,7800";"1,6593";"1,9262"
"49,7900";"1,6596";"1,9271"
"49,8000";"1,6600";"1,9270"
"49,8100";"1,6603";"1,9260"
"49,8200";"1,6607";"1,9261"
"49,8300";"1,6610";"1,9271"
"49,8400";"1,6614";"1,9289"
"49,8500";"1,6616";"1,9304"
"49,8600";"1,6620";"1,9313"
"49,8700";"1,6623";"1,9304"
"49,8800";"1,6626";"1,9303"
"49,8900";"1,6629";"1,9315"
"49,9000";"1,6633";"1,9332"
"49,9100";"1,6636";"1,9327"
"49,9200";"1,6640";"1,9311"
"49,9300";"1,6643";"1,9295"
"49,9400";"1,6646";"1,9297"
"49,9500";"1,6649";"1,9303"
"49,9600";"1,6653";"1,9305"
"49,9700";"1,6656";"1,9315"
"49,9800";"1,6660";"1,9342"
"49,9900";"1,6664";"1,9360"
"50,0000";"1,6667";"1,9351"
"50,0100";"1,6671";"1,9352"
"50,0200";"1,6674";"1,9362"
"50,0300";"1,6677";"1,9346"
"50,0400";"1,6680";"1,9321"
"50,0500";"1,6682";"1,9305"
"50,0600";"1,6686";"1,9330"
"50,0700";"1,6688";"1,9359"
"50,0800";"1,6692";"1,9360"
"50,0900";"1,6694";"1,9339"
"50,1000";"1,6698";"1,9330"
"50,1100";"1,6701";"1,9340"
"50,1200";"1,6705";"1,9357"
"50,1300";"1,6707";"1,9371"
"50,1400";"1,6711";"1,9378"
"50,1500";"1,6714";"1,9363"
"50,1600";"1,6718";"1,9360"
"50,1700";"1,6721";"1,9361"
"50,1800";"1,6726";"1,9376"
"50,1900";"1,6730";"1,9388"
"50,2000";"1,6733";"1,9385"
"50,2100";"1,6737";"1,9383"
"50,2200";"1,6739";"1,9398"
"50,2300";"1,6743";"1,9402"
"50,2400";"1,6745";"1,9382"
"50,2500";"1,6749";"1,9373"
"50,2600";"1,6752";"1,9398"
"50,2700";"1,6754";"1,9417"
"50,2800";"1,6758";"1,9423"
"50,2900";"1,6762";"1,9423"
"50,3000";"1,6765";"1,9427"
"50,3100";"1,6769";"1,9429"
"50,3200";"1,6772";"1,9425"
"50,3300";"1,6776";"1,9423"
"50,3400";"1,6779";"1,9433"
"50,3500";"1,6783";"1,9444"
"50,3600";"1,6786";"1,9443"
"50,3700";"1,6790";"1,9433"
"50,3800";"1,6792";"1,9433"
"50,3900";"1,6795";"1,9450"
"50,4000";"1,6798";"1,9460"
"50,4100";"1,6800";"1,9457"
"50,4200";"1,6804";"1,9464"
"50,4300";"1,6808";"1,9476"
"50,4400";"1,6811";"1,9479"
"50,4500";"1,6816";"1,9473"
"50,4600";"1,6819";"1,9474"
"50,4700";"1,6823";"1,9485"
"50,4800";"1,6826";"1,9492"
"50,4900";"1,6830";"1,9497"
"50,5000";"1,6835";"1,9515"
"50,5100";"1,6837";"1,9527"
"50,5200";"1,6841";"1,9516"
"50,5300";"1,6844";"1,9498"
"50,5400";"1,6847";"1,9495"
"50,5500";"1,6850";"1,9499"
"50,5600";"1,6854";"1,9500"
"50,5700";"1,6857";"1,9486"
"50,5800";"1,6861";"1,9496"
"50,5900";"1,6864";"1,9529"
"50,6000";"1,6868";"1,9557"
"50,6100";"1,6871";"1,9551"
"50,6200";"1,6875";"1,9530"
"50,6300";"1,6878";"1,9524"
"50,6400";"1,6882";"1,9530"
"50,6500";"1,6885";"1,9528"
"50,6600";"1,6889";"1,9530"
"50,6700";"1,6893";"1,9544"
"50,6800";"1,6896";"1,9554"
"50,6900";"1,6900";"1,9563"
"50,7000";"1,6903";"1,9562"
"50,7100";"1,6906";"1,9570"
"50,7200";"1,6909";"1,9576"
"50,7300";"1,6911";"1,9563"
"50,7400";"1,6914";"1,9550"
"50,7500";"1,6917";"1,9552"
"50,7600";"1,6920";"1,9558"
"50,7700";"1,6923";"1,9566"
"50,7800";"1,6927";"1,9573"
"50,7900";"1,6929";"1,9579"
"50,8000";"1,6933";"1,9585"
"50,8100";"1,6936";"1,9582"
"50,8200";"1,6940";"1,9590"
"50,8300";"1,6943";"1,9604"
"50,8400";"1,6947";"1,9612"
"50,8500";"1,6950";"1,9606"
"50,8600";"1,6954";"1,9600"
"50,8700";"1,6957";"1,9603"
"50,8800";"1,6961";"1,9609"
"50,8900";"1,6963";"1,9605"
"50,9000";"1,6967";"1,9592"
"50,9100";"1,6969";"1,9598"
"50,9200";"1,6972";"1,9615"
"50,9300";"1,6975";"1,9617"
"50,9400";"1,6979";"1,9614"
"50,9500";"1,6982";"1,9609"
"50,9600";"1,6986";"1,9614"
"50,9700";"1,6988";"1,9620"
"50,9800";"1,6992";"1,9623"
"50,9900";"1,6995";"1,9631"
"51,0000";"1,6999";"1,9656"
"51,0100";"1,7002";"1,9664"
"51,0200";"1,7006";"1,9650"
"51,0300";"1,7009";"1,9642"
"51,0400";"1,7013";"1,9661"
"51,0500";"1,7017";"1,9671"
"51,0600";"1,7019";"1,9670"
"51,0700";"1,7021";"1,9670"
"51,0800";"1,7025";"1,9674"
"51,0900";"1,7028";"1,9658"
"51,1000";"1,7032";"1,9646"
"51,1100";"1,7035";"1,9664"
"51,1200";"1,7039";"1,9687"
"51,1300";"1,7042";"1,9697"
"51,1400";"1,7046";"1,9698"
"51,1500";"1,7050";"1,9700"
"51,1600";"1,7053";"1,9705"
"51,1700";"1,7058";"1,9708"
"51,1800";"1,7061";"1,9695"
"51,1900";"1,7065";"1,9692"
"51,2000";"1,7067";"1,9709"
"51,2100";"1,7071";"1,9723"
"51,2200";"1,7074";"1,9719"
"51,2300";"1,7078";"1,9714"
"51,2400";"1,7080";"1,9724"
"51,2500";"1,7084";"1,9733"
"51,2600";"1,7087";"1,9724"
"51,2700";"1,7091";"1,9712"
"51,2800";"1,7094";"1,9703"
"51,2900";"1,7098";"1,9712"
"51,3000";"1,7102";"1,9744"
"51,3100";"1,7105";"1,9769"
"51,3200";"1,7109";"1,9785"
"51,3300";"1,7111";"1,9781"
"51,3400";"1,7115";"1,9770"
"51,3500";"1,7118";"1,9756"
"51,3600";"1,7122";"1,9749"
"51,3700";"1,7124";"1,9748"
"51,3800";"1,7127";"1,9747"
"51,3900";"1,7130";"1,9760"
"51,4000";"1,7132";"1,9791"
"51,4100";"1,7136";"1,9807"
"51,4200";"1,7138";"1,9808"
"51,4300";"1,7142";"1,9796"
"51,4400";"1,7144";"1,9780"
"51,4500";"1,7148";"1,9780"
"51,4600";"1,7151";"1,9783"
"51,4700";"1,7155";"1,9789"
"51,4800";"1,7158";"1,9815"
"51,4900";"1,7162";"1,9832"
"51,5000";"1,7165";"1,9830"
"51,5100";"1,7169";"1,9812"
"51,5200";"1,7172";"1,9792"
"51,5300";"1,7176";"1,9778"
"51,5400";"1,7179";"1,9770"
"51,5500";"1,7182";"1,9767"
"51,5600";"1,7185";"1,9800"
"51,5700";"1,7188";"1,9827"
"51,5800";"1,7191";"1,9840"
"51,5900";"1,7194";"1,9836"
"51,6000";"1,7197";"1,9835"
"51,6100";"1,7201";"1,9836"
"51,6200";"1,7204";"1,9833"
"51,6300";"1,7208";"1,9823"
"51,6400";"1,7211";"1,9823"
"51,6500";"1,7215";"1,9837"
"51,6600";"1,7218";"1,9844"
"51,6700";"1,7222";"1,9845"
"51,6800";"1,7225";"1,9847"
"51,6900";"1,7229";"1,9850"
"51,7000";"1,7233";"1,9846"
"51,7100";"1,7236";"1,9833"
"51,7200";"1,7240";"1,9830"
"51,7300";"1,7242";"1,9851"
"51,7400";"1,7246";"1,9870"
"51,7500";"1,7248";"1,9881"
"51,7600";"1,7251";"1,9891"
"51,7700";"1,7255";"1,9889"
"51,7800";"1,7257";"1,9900"
"51,7900";"1,7261";"1,9903"
"51,8000";"1,7264";"1,9904"
"51,8100";"1,7268";"1,9907"
"51,8200";"1,7273";"1,9895"
"51,8300";"1,7276";"1,9884"
"51,8400";"1,7280";"1,9898"
"51,8500";"1,7283";"1,9926"
"51,8600";"1,7287";"1,9937"
"51,8700";"1,7289";"1,9922"
"51,8800";"1,7293";"1,9913"
"51,8900";"1,7295";"1,9926"
"51,9000";"1,7299";"1,9939"
"51,9100";"1,7301";"1,9937"
"51,9200";"1,7305";"1,9922"
"51,9300";"1,7308";"1,9929"
"51,9400";"1,7312";"1,9949"
"51,9500";"1,7315";"1,9956"
"51,9600";"1,7319";"1,9950"
"51,9700";"1,7322";"1,9950"
"51,9800";"1,7326";"1,9953"
"51,9900";"1,7329";"1,9949"
"52,0000";"1,7333";"1,9939"
"52,0100";"1,7336";"1,9949"
"52,0200";"1,7339";"1,9978"
"52,0300";"1,7342";"1,9990"
"52,0400";"1,7346";"1,9982"
"52,0500";"1,7349";"1,9955"
"52,0600";"1,7353";"1,9931"
"52,0700";"1,7355";"1,9927"
"52,0800";"1,7358";"1,9939"
"52,0900";"1,7361";"1,9978"
"52,1000";"1,7365";"2,0014"
"52,1100";"1,7367";"2,0025"
"52,1200";"1,7371";"2,0027"
"52,1300";"1,7374";"2,0031"
"52,1400";"1,7378";"2,0017"
"52,1500";"1,7381";"1,9993"
"52,1600";"1,7385";"1,9980"
"52,1700";"1,7388";"1,9986"
"52,1800";"1,7392";"2,0002"
"52,1900";"1,7395";"2,0007"
"52,2000";"1,7400";"2,0012"
"52,2100";"1,7404";"2,0016"
"52,2200";"1,7407";"2,0020"
"52,2300";"1,7410";"2,0028"
"52,2400";"1,7413";"2,0046"
"52,2500";"1,7417";"2,0046"
"52,2600";"1,7419";"2,0048"
"52,2700";"1,7423";"2,0042"
"52,2800";"1,7426";"2,0022"
"52,2900";"1,7429";"2,0023"
"52,3000";"1,7432";"2,0054"
"52,3100";"1,7436";"2,0072"
"52,3200";"1,7439";"2,0057"
"52,3300";"1,7443";"2,0042"
"52,3400";"1,7446";"2,0050"
"52,3500";"1,7450";"2,0079"
"52,3600";"1,7453";"2,0105"
"52,3700";"1,7457";"2,0107"
"52,3800";"1,7460";"2,0093"
"52,3900";"1,7464";"2,0072"
"52,4000";"1,7466";"2,0064"
"52,4100";"1,7470";"2,0092"
"52,4200";"1,7473";"2,0123"
"52,4300";"1,7477";"2,0129"
"52,4400";"1,7480";"2,0110"
"52,4500";"1,7484";"2,0096"
"52,4600";"1,7488";"2,0104"
"52,4700";"1,7491";"2,0109"
"52,4800";"1,7495";"2,0099"
"52,4900";"1,7498";"2,0090"
"52,5000";"1,7502";"2,0093"
"52,5100";"1,7505";"2,0113"
"52,5200";"1,7509";"2,0129"
"52,5300";"1,7512";"2,0141"
"52,5400";"1,7515";"2,0148"
"52,5500";"1,7517";"2,0141"
"52,5600";"1,7521";"2,0125"
"52,5700";"1,7523";"2,0122"
"52,5800";"1,7527";"2,0139"
"52,5900";"1,7529";"2,0155"
"52,6000";"1,7532";"2,0153"
"52,6100";"1,7536";"2,0144"
"52,6200";"1,7540";"2,0143"
"52,6300";"1,7543";"2,0150"
"52,6400";"1,7547";"2,0156"
"52,6500";"1,7551";"2,0164"
"52,6600";"1,7555";"2,0170"
"52,6700";"1,7558";"2,0157"
"52,6800";"1,7562";"2,0133"
"52,6900";"1,7564";"2,0137"
"52,7000";"1,7568";"2,0164"
"52,7100";"1,7571";"2,0182"
"52,7200";"1,7574";"2,0168"
"52,7300";"1,7577";"2,0156"
"52,7400";"1,7580";"2,0175"
"52,7500";"1,7583";"2,0203"
"52,7600";"1,7586";"2,0203"
"52,7700";"1,7588";"2,0187"
"52,7800";"1,7591";"2,0180"
"52,7900";"1,7595";"2,0176"
"52,8000";"1,7599";"2,0178"
"52,8100";"1,7602";"2,0190"
"52,8200";"1,7604";"2,0209"
"52,8300";"1,7608";"2,0223"
"52,8400";"1,7613";"2,0213"
"52,8500";"1,7616";"2,0201"
"52,8600";"1,7620";"2,0205"
"52,8700";"1,7623";"2,0216"
"52,8800";"1,7627";"2,0231"
"52,8900";"1,7630";"2,0229"
"52,9000";"1,7634";"2,0216"
"52,9100";"1,7636";"2,0225"
"52,9200";"1,7640";"2,0250"
"52,9300";"1,7642";"2,0254"
"52,9400";"1,7646";"2,0255"
"52,9500";"1,7648";"2,0251"
"52,9600";"1,7652";"2,0242"
"52,9700";"1,7655";"2,0232"
"52,9800";"1,7659";"2,0243"
"52,9900";"1,7662";"2,0256"
"53,0000";"1,7666";"2,0244"
"53,0100";"1,7669";"2,0236"
"53,0200";"1,7673";"2,0247"
"53,0300";"1,7678";"2,0268"
"53,0400";"1,7681";"2,0292"
"53,0500";"1,7685";"2,0298"
"53,0600";"1,7687";"2,0293"
"53,0700";"1,7689";"2,0288"
"53,0800";"1,7693";"2,0276"
"53,0900";"1,7697";"2,0270"
"53,1000";"1,7699";"2,0275"
"53,1100";"1,7702";"2,0284"
"53,1200";"1,7706";"2,0290"
"53,1300";"1,7710";"2,0295"
"53,1400";"1,7713";"2,0300"
"53,1500";"1,7717";"2,0312"
"53,1600";"1,7720";"2,0325"
"53,1700";"1,7724";"2,0326"
"53,1800";"1,7727";"2,0312"
"53,1900";"1,7731";"2,0315"
"53,2000";"1,7734";"2,0321"
"53,2100";"1,7737";"2,0337"
"53,2200";"1,7740";"2,0340"
"53,2300";"1,7743";"2,0337"
"53,2400";"1,7746";"2,0338"
"53,2500";"1,7750";"2,0342"
"53,2600";"1,7753";"2,0359"
"53,2700";"1,7756";"2,0369"
"53,2800";"1,7760";"2,0362"
"53,2900";"1,7763";"2,0332"
"53,3000";"1,7766";"2,0320"
"53,3100";"1,7770";"2,0349"
"53,3200";"1,7773";"2,0374"
"53,3300";"1,7777";"2,0382"
"53,3400";"1,7782";"2,0374"
"53,3500";"1,7785";"2,0379"
"53,3600";"1,7787";"2,0403"
"53,3700";"1,7791";"2,0420"
"53,3800";"1,7795";"2,0410"
"53,3900";"1,7798";"2,0395"
"53,4000";"1,7800";"2,0390"
"53,4100";"1,7804";"2,0383"
"53,4200";"1,7806";"2,0373"
"53,4300";"1,7810";"2,0383"
"53,4400";"1,7812";"2,0403"
"53,4500";"1,7816";"2,0423"
"53,4600";"1,7818";"2,0418"
"53,4700";"1,7822";"2,0403"
"53,4800";"1,7825";"2,0395"
"53,4900";"1,7828";"2,0392"
"53,5000";"1,7831";"2,0399"
"53,5100";"1,7835";"2,0405"
"53,5200";"1,7838";"2,0417"
"53,5300";"1,7842";"2,0421"
"53,5400";"1,7845";"2,0423"
"53,5500";"1,7849";"2,0431"
"53,5600";"1,7852";"2,0433"
"53,5700";"1,7856";"2,0425"
"53,5800";"1,7859";"2,0410"
"53,5900";"1,7862";"2,0415"
"53,6000";"1,7864";"2,0444"
"53,6100";"1,7868";"2,0468"
"53,6200";"1,7871";"2,0475"
"53,6300";"1,7874";"2,0462"
"53,6400";"1,7878";"2,0453"
"53,6500";"1,7881";"2,0449"
"53,6600";"1,7884";"2,0443"
"53,6700";"1,7889";"2,0446"
"53,6800";"1,7892";"2,0465"
"53,6900";"1,7896";"2,0493"
"53,7000";"1,7900";"2,0505"
"53,7100";"1,7902";"2,0518"
"53,7200";"1,7905";"2,0523"
"53,7300";"1,7909";"2,0509"
"53,7400";"1,7913";"2,0483"
"53,7500";"1,7916";"2,0469"
"53,7600";"1,7918";"2,0489"
"53,7700";"1,7921";"2,0514"
"53,7800";"1,7924";"2,0527"
"53,7900";"1,7927";"2,0533"
"53,8000";"1,7930";"2,0531"
"53,8100";"1,7934";"2,0521"
"53,8200";"1,7937";"2,0510"
"53,8300";"1,7942";"2,0507"
"53,8400";"1,7946";"2,0520"
"53,8500";"1,7949";"2,0525"
"53,8600";"1,7953";"2,0515"
"53,8700";"1,7956";"2,0517"
"53,8800";"1,7960";"2,0542"
"53,8900";"1,7963";"2,0556"
"53,9000";"1,7967";"2,0550"
"53,9100";"1,7970";"2,0542"
"53,9200";"1,7973";"2,0537"
"53,9300";"1,7976";"2,0549"
"53,9400";"1,7980";"2,0556"
"53,9500";"1,7983";"2,0553"
"53,9600";"1,7987";"2,0557"
"53,9700";"1,7990";"2,0563"
"53,9800";"1,7994";"2,0564"
"53,9900";"1,7998";"2,0572"
"54,0000";"1,8001";"2,0586"
"54,0100";"1,8005";"2,0592"
"54,0200";"1,8008";"2,0584"
"54,0300";"1,8012";"2,0579"
"54,0400";"1,8014";"2,0591"
"54,0500";"1,8018";"2,0609"
"54,0600";"1,8021";"2,0619"
"54,0700";"1,8025";"2,0622"
"54,0800";"1,8027";"2,0628"
"54,0900";"1,8029";"2,0640"
"54,1000";"1,8033";"2,0627"
"54,1100";"1,8035";"2,0604"
"54,1200";"1,8039";"2,0601"
"54,1300";"1,8041";"2,0620"
"54,1400";"1,8045";"2,0621"
"54,1500";"1,8048";"2,0604"
"54,1600";"1,8052";"2,0597"
"54,1700";"1,8055";"2,0607"
"54,1800";"1,8059";"2,0613"
"54,1900";"1,8062";"2,0608"
"54,2000";"1,8066";"2,0605"
"54,2100";"1,8070";"2,0626"
"54,2200";"1,8073";"2,0656"
"54,2300";"1,8077";"2,0668"
"54,2400";"1,8080";"2,0662"
"54,2500";"1,8083";"2,0654"
"54,2600";"1,8086";"2,0644"
"54,2700";"1,8088";"2,0640"
"54,2800";"1,8092";"2,0646"
"54,2900";"1,8096";"2,0671"
"54,3000";"1,8099";"2,0692"
"54,3100";"1,8101";"2,0681"
"54,3200";"1,8105";"2,0668"
"54,3300";"1,8109";"2,0666"
"54,3400";"1,8112";"2,0665"
"54,3500";"1,8116";"2,0667"
"54,3600";"1,8119";"2,0672"
"54,3700";"1,8124";"2,0680"
"54,3800";"1,8127";"2,0685"
"54,3900";"1,8131";"2,0700"
"54,4000";"1,8135";"2,0715"
"54,4100";"1,8138";"2,0731"
"54,4200";"1,8140";"2,0743"
"54,4300";"1,8144";"2,0725"
"54,4400";"1,8147";"2,0703"
"54,4500";"1,8150";"2,0710"
"54,4600";"1,8153";"2,0727"
"54,4700";"1,8157";"2,0733"
"54,4800";"1,8160";"2,0734"
"54,4900";"1,8164";"2,0739"
"54,5000";"1,8168";"2,0751"
"54,5100";"1,8171";"2,0741"
"54,5200";"1,8175";"2,0711"
"54,5300";"1,8178";"2,0697"
"54,5400";"1,8182";"2,0698"
"54,5500";"1,8185";"2,0705"
"54,5600";"1,8188";"2,0721"
"54,5700";"1,8191";"2,0741"
"54,5800";"1,8194";"2,0769"
"54,5900";"1,8196";"2,0788"
"54,6000";"1,8199";"2,0784"
"54,6100";"1,8203";"2,0761"
"54,6200";"1,8207";"2,0736"
"54,6300";"1,8209";"2,0740"
"54,6400";"1,8212";"2,0759"
"54,6500";"1,8216";"2,0790"
"54,6600";"1,8220";"2,0808"
"54,6700";"1,8223";"2,0784"
"54,6800";"1,8227";"2,0759"
"54,6900";"1,8230";"2,0767"
"54,7000";"1,8234";"2,0792"
"54,7100";"1,8237";"2,0797"
"54,7200";"1,8242";"2,0783"
"54,7300";"1,8245";"2,0771"
"54,7400";"1,8248";"2,0783"
"54,7500";"1,8251";"2,0811"
"54,7600";"1,8255";"2,0829"
"54,7700";"1,8257";"2,0827"
"54,7800";"1,8260";"2,0814"
"54,7900";"1,8263";"2,0811"
"54,8000";"1,8267";"2,0813"
"54,8100";"1,8269";"2,0825"
"54,8200";"1,8273";"2,0840"
"54,8300";"1,8276";"2,0847"
"54,8400";"1,8280";"2,0853"
"54,8500";"1,8283";"2,0855"
"54,8600";"1,8287";"2,0856"
"54,8700";"1,8290";"2,0856"
"54,8800";"1,8294";"2,0847"
"54,8900";"1,8297";"2,0832"
"54,9000";"1,8301";"2,0826"
"54,9100";"1,8305";"2,0829"
"54,9200";"1,8307";"2,0842"
"54,9300";"1,8310";"2,0867"
"54,9400";"1,8313";"2,0890"
"54,9500";"1,8315";"2,0886"
"54,9600";"1,8319";"2,0879"
"54,9700";"1,8322";"2,0872"
"54,9800";"1,8326";"2,0887"
"54,9900";"1,8329";"2,0898"
"55,0000";"1,8333";"2,0889"
"55,0100";"1,8336";"2,0866"
"55,0200";"1,8340";"2,0869"
"55,0300";"1,8343";"2,0884"
"55,0400";"1,8346";"2,0892"
"55,0500";"1,8351";"2,0892"
"55,0600";"1,8353";"2,0901"
"55,0700";"1,8356";"2,0910"
"55,0800";"1,8360";"2,0908"
"55,0900";"1,8364";"2,0911"
"55,1000";"1,8366";"2,0921"
"55,1100";"1,8369";"2,0929"
"55,1200";"1,8372";"2,0927"
"55,1300";"1,8375";"2,0936"
"55,1400";"1,8378";"2,0944"
"55,1500";"1,8381";"2,0940"
"55,1600";"1,8385";"2,0914"
"55,1700";"1,8388";"2,0895"
"55,1800";"1,8392";"2,0891"
"55,1900";"1,8395";"2,0893"
"55,2000";"1,8399";"2,0904"
"55,2100";"1,8402";"2,0914"
"55,2200";"1,8406";"2,0924"
"55,2300";"1,8411";"2,0947"
"55,2400";"1,8413";"2,0963"
"55,2500";"1,8417";"2,0966"
"55,2600";"1,8419";"2,0968"
"55,2700";"1,8423";"2,0965"
"55,2800";"1,8426";"2,0956"
"55,2900";"1,8428";"2,0946"
"55,3000";"1,8432";"2,0940"
"55,3100";"1,8436";"2,0949"
"55,3200";"1,8439";"2,0961"
"55,3300";"1,8441";"2,0960"
"55,3400";"1,8445";"2,0946"
"55,3500";"1,8449";"2,0953"
"55,3600";"1,8452";"2,0974"
"55,3700";"1,8456";"2,0988"
"55,3800";"1,8459";"2,0983"
"55,3900";"1,8463";"2,0960"
"55,4000";"1,8466";"2,0940"
"55,4100";"1,8470";"2,0951"
"55,4200";"1,8473";"2,0981"
"55,4300";"1,8477";"2,1014"
"55,4400";"1,8479";"2,1028"
"55,4500";"1,8482";"2,1015"
"55,4600";"1,8485";"2,1013"
"55,4700";"1,8487";"2,1021"
"55,4800";"1,8491";"2,1027"
"55,4900";"1,8495";"2,1029"
"55,5000";"1,8498";"2,1026"
"55,5100";"1,8502";"2,1017"
"55,5200";"1,8505";"2,1024"
"55,5300";"1,8509";"2,1028"
"55,5400";"1,8512";"2,1037"
"55,5500";"1,8516";"2,1059"
"55,5600";"1,8519";"2,1058"
"55,5700";"1,8523";"2,1043"
"55,5800";"1,8526";"2,1043"
"55,5900";"1,8530";"2,1073"
"55,6000";"1,8532";"2,1093"
"55,6100";"1,8536";"2,1096"
"55,6200";"1,8538";"2,1084"
"55,6300";"1,8542";"2,1083"
"55,6400";"1,8544";"2,1089"
"55,6500";"1,8548";"2,1083"
"55,6600";"1,8551";"2,1076"
"55,6700";"1,8554";"2,1084"
"55,6800";"1,8557";"2,1094"
"55,6900";"1,8561";"2,1089"
"55,7000";"1,8565";"2,1071"
"55,7100";"1,8569";"2,1070"
"55,7200";"1,8572";"2,1087"
"55,7300";"1,8576";"2,1100"
"55,7400";"1,8580";"2,1089"
"55,7500";"1,8583";"2,1095"
"55,7600";"1,8587";"2,1107"
"55,7700";"1,8590";"2,1114"
"55,7800";"1,8594";"2,1113"
"55,7900";"1,8596";"2,1105"
"55,8000";"1,8598";"2,1111"
"55,8100";"1,8602";"2,1124"
"55,8200";"1,8606";"2,1140"
"55,8300";"1,8608";"2,1143"
"55,8400";"1,8611";"2,1128"
"55,8500";"1,8615";"2,1098"
"55,8600";"1,8619";"2,1084"
"55,8700";"1,8622";"2,1101"
"55,8800";"1,8626";"2,1128"
"55,8900";"1,8629";"2,1139"
"55,9000";"1,8633";"2,1148"
"55,9100";"1,8636";"2,1181"
"55,9200";"1,8640";"2,1211"
"55,9300";"1,8642";"2,1201"
"55,9400";"1,8646";"2,1171"
"55,9500";"1,8648";"2,1151"
"55,9600";"1,8652";"2,1164"
"55,9700";"1,8654";"2,1178"
"55,9800";"1,8657";"2,1175"
"55,9900";"1,8661";"2,1167"
"56,0000";"1,8665";"2,1190"
"56,0100";"1,8668";"2,1220"
"56,0200";"1,8672";"2,1218"
"56,0300";"1,8676";"2,1186"
"56,0400";"1,8680";"2,1172"
"56,0500";"1,8683";"2,1169"
"56,0600";"1,8687";"2,1175"
"56,0700";"1,8691";"2,1190"
"56,0800";"1,8694";"2,1208"
"56,0900";"1,8699";"2,1224"
"56,1000";"1,8701";"2,1244"
"56,1100";"1,8705";"2,1259"
"56,1200";"1,8708";"2,1268"
"56,1300";"1,8711";"2,1254"
"56,1400";"1,8713";"2,1223"
"56,1500";"1,8717";"2,1204"
"56,1600";"1,8720";"2,1208"
"56,1700";"1,8724";"2,1223"
"56,1800";"1,8727";"2,1232"
"56,1900";"1,8730";"2,1238"
"56,2000";"1,8733";"2,1259"
"56,2100";"1,8737";"2,1263"
"56,2200";"1,8740";"2,1254"
"56,2300";"1,8744";"2,1250"
"56,2400";"1,8747";"2,1241"
"56,2500";"1,8751";"2,1234"
"56,2600";"1,8754";"2,1235"
"56,2700";"1,8757";"2,1248"
"56,2800";"1,8760";"2,1274"
"56,2900";"1,8763";"2,1296"
"56,3000";"1,8766";"2,1283"
"56,3100";"1,8768";"2,1259"
"56,3200";"1,8772";"2,1258"
"56,3300";"1,8776";"2,1277"
"56,3400";"1,8778";"2,1297"
"56,3500";"1,8783";"2,1300"
"56,3600";"1,8786";"2,1305"
"56,3700";"1,8790";"2,1324"
"56,3800";"1,8793";"2,1321"
"56,3900";"1,8797";"2,1291"
"56,4000";"1,8800";"2,1281"
"56,4100";"1,8804";"2,1304"
"56,4200";"1,8807";"2,1323"
"56,4300";"1,8811";"2,1317"
"56,4400";"1,8815";"2,1315"
"56,4500";"1,8818";"2,1320"
"56,4600";"1,8820";"2,1346"
"56,4700";"1,8823";"2,1360"
"56,4800";"1,8826";"2,1345"
"56,4900";"1,8830";"2,1314"
"56,5000";"1,8833";"2,1296"
"56,5100";"1,8836";"2,1299"
"56,5200";"1,8839";"2,1305"
"56,5300";"1,8844";"2,1320"
"56,5400";"1,8848";"2,1330"
"56,5500";"1,8851";"2,1339"
"56,5600";"1,8855";"2,1363"
"56,5700";"1,8858";"2,1371"
"56,5800";"1,8862";"2,1367"
"56,5900";"1,8864";"2,1352"
"56,6000";"1,8868";"2,1346"
"56,6100";"1,8870";"2,1353"
"56,6200";"1,8874";"2,1355"
"56,6300";"1,8876";"2,1345"
"56,6400";"1,8879";"2,1363"
"56,6500";"1,8882";"2,1393"
"56,6600";"1,8885";"2,1406"
"56,6700";"1,8890";"2,1382"
"56,6800";"1,8894";"2,1356"
"56,6900";"1,8897";"2,1347"
"56,7000";"1,8901";"2,1362"
"56,7100";"1,8904";"2,1378"
"56,7200";"1,8908";"2,1384"
"56,7300";"1,8911";"2,1396"
"56,7400";"1,8915";"2,1406"
"56,7500";"1,8918";"2,1407"
"56,7600";"1,8922";"2,1401"
"56,7700";"1,8924";"2,1396"
"56,7800";"1,8928";"2,1392"
"56,7900";"1,8930";"2,1398"
"56,8000";"1,8933";"2,1408"
"56,8100";"1,8936";"2,1427"
"56,8200";"1,8938";"2,1448"
"56,8300";"1,8942";"2,1460"
"56,8400";"1,8946";"2,1449"
"56,8500";"1,8948";"2,1433"
"56,8600";"1,8951";"2,1411"
"56,8700";"1,8955";"2,1398"
"56,8800";"1,8959";"2,1411"
"56,8900";"1,8962";"2,1450"
"56,9000";"1,8966";"2,1472"
"56,9100";"1,8969";"2,1460"
"56,9200";"1,8973";"2,1449"
"56,9300";"1,8976";"2,1459"
"56,9400";"1,8979";"2,1478"
"56,9500";"1,8982";"2,1472"
"56,9600";"1,8986";"2,1459"
"56,9700";"1,8988";"2,1471"
"56,9800";"1,8990";"2,1485"
"56,9900";"1,8994";"2,1490"
"57,0000";"1,8997";"2,1467"
"57,0100";"1,9001";"2,1461"
"57,0200";"1,9005";"2,1482"
"57,0300";"1,9008";"2,1487"
"57,0400";"1,9012";"2,1475"
"57,0500";"1,9015";"2,1481"
"57,0600";"1,9019";"2,1512"
"57,0700";"1,9022";"2,1546"
"57,0800";"1,9026";"2,1550"
"57,0900";"1,9028";"2,1537"
"57,1000";"1,9033";"2,1529"
"57,1100";"1,9035";"2,1514"
"57,1200";"1,9039";"2,1509"
"57,1300";"1,9041";"2,1501"
"57,1400";"1,9045";"2,1495"
"57,1500";"1,9047";"2,1491"
"57,1600";"1,9051";"2,1499"
"57,1700";"1,9054";"2,1527"
"57,1800";"1,9058";"2,1547"
"57,1900";"1,9061";"2,1540"
"57,2000";"1,9065";"2,1535"
"57,2100";"1,9068";"2,1539"
"57,2200";"1,9073";"2,1551"
"57,2300";"1,9078";"2,1557"
"57,2400";"1,9081";"2,1552"
"57,2500";"1,9085";"2,1557"
"57,2600";"1,9088";"2,1573"
"57,2700";"1,9092";"2,1583"
"57,2800";"1,9095";"2,1570"
"57,2900";"1,9098";"2,1557"
"57,3000";"1,9100";"2,1558"
"57,3100";"1,9104";"2,1553"
"57,3200";"1,9106";"2,1550"
"57,3300";"1,9110";"2,1554"
"57,3400";"1,9113";"2,1572"
"57,3500";"1,9116";"2,1586"
"57,3600";"1,9119";"2,1585"
"57,3700";"1,9123";"2,1589"
"57,3800";"1,9126";"2,1591"
"57,3900";"1,9130";"2,1593"
"57,4000";"1,9133";"2,1585"
"57,4100";"1,9137";"2,1577"
"57,4200";"1,9140";"2,1592"
"57,4300";"1,9144";"2,1615"
"57,4400";"1,9147";"2,1633"
"57,4500";"1,9151";"2,1649"
"57,4600";"1,9155";"2,1665"
"57,4700";"1,9157";"2,1664"
"57,4800";"1,9160";"2,1644"
"57,4900";"1,9163";"2,1616"
"57,5000";"1,9165";"2,1612"
"57,5100";"1,9169";"2,1631"
"57,5200";"1,9172";"2,1649"
"57,5300";"1,9175";"2,1669"
"57,5400";"1,9178";"2,1683"
"57,5500";"1,9182";"2,1682"
"57,5600";"1,9185";"2,1670"
"57,5700";"1,9188";"2,1654"
"57,5800";"1,9191";"2,1657"
"57,5900";"1,9195";"2,1664"
"57,6000";"1,9198";"2,1657"
"57,6100";"1,9202";"2,1648"
"57,6200";"1,9204";"2,1653"
"57,6300";"1,9208";"2,1679"
"57,6400";"1,9211";"2,1693"
"57,6500";"1,9214";"2,1687"
"57,6600";"1,9217";"2,1680"
"57,6700";"1,9219";"2,1686"
"57,6800";"1,9223";"2,1693"
"57,6900";"1,9227";"2,1691"
"57,7000";"1,9230";"2,1692"
"57,7100";"1,9234";"2,1704"
"57,7200";"1,9237";"2,1719"
"57,7300";"1,9241";"2,1703"
"57,7400";"1,9245";"2,1674"
"57,7500";"1,9249";"2,1675"
"57,7600";"1,9252";"2,1687"
"57,7700";"1,9256";"2,1696"
"57,7800";"1,9260";"2,1693"
"57,7900";"1,9263";"2,1698"
"57,8000";"1,9267";"2,1720"
"57,8100";"1,9269";"2,1748"
"57,8200";"1,9273";"2,1766"
"57,8300";"1,9275";"2,1766"
"57,8400";"1,9278";"2,1749"
"57,8500";"1,9282";"2,1739"
"57,8600";"1,9286";"2,1733"
"57,8700";"1,9289";"2,1747"
"57,8800";"1,9293";"2,1775"
"57,8900";"1,9296";"2,1785"
"57,9000";"1,9300";"2,1773"
"57,9100";"1,9303";"2,1759"
"57,9200";"1,9308";"2,1752"
"57,9300";"1,9312";"2,1764"
"57,9400";"1,9315";"2,1776"
"57,9500";"1,9319";"2,1781"
"57,9600";"1,9322";"2,1796"
"57,9700";"1,9325";"2,1796"
"57,9800";"1,9328";"2,1785"
"57,9900";"1,9330";"2,1786"
"58,0000";"1,9334";"2,1793"
"58,0100";"1,9337";"2,1779"
"58,0200";"1,9340";"2,1759"
"58,0300";"1,9345";"2,1760"
"58,0400";"1,9347";"2,1786"
"58,0500";"1,9352";"2,1823"
"58,0600";"1,9355";"2,1843"
"58,0700";"1,9359";"2,1839"
"58,0800";"1,9362";"2,1839"
"58,0900";"1,9366";"2,1837"
"58,1000";"1,9369";"2,1826"
"58,1100";"1,9372";"2,1827"
"58,1200";"1,9375";"2,1826"
"58,1300";"1,9379";"2,1820"
"58,1400";"1,9382";"2,1823"
"58,1500";"1,9385";"2,1833"
"58,1600";"1,9387";"2,1849"
"58,1700";"1,9391";"2,1850"
"58,1800";"1,9394";"2,1850"
"58,1900";"1,9397";"2,1850"
"58,2000";"1,9400";"2,1851"
"58,2100";"1,9404";"2,1840"
"58,2200";"1,9407";"2,1842"
"58,2300";"1,9411";"2,1866"
"58,2400";"1,9413";"2,1886"
"58,2500";"1,9417";"2,1880"
"58,2600";"1,9420";"2,1861"
"58,2700";"1,9424";"2,1847"
"58,2800";"1,9427";"2,1866"
"58,2900";"1,9431";"2,1890"
"58,3000";"1,9434";"2,1892"
"58,3100";"1,9437";"2,1888"
"58,3200";"1,9440";"2,1898"
"58,3300";"1,9443";"2,1922"
"58,3400";"1,9446";"2,1931"
"58,3500";"1,9448";"2,1915"
"58,3600";"1,9452";"2,1899"
"58,3700";"1,9456";"2,1898"
"58,3800";"1,9458";"2,1913"
"58,3900";"1,9461";"2,1937"
"58,4000";"1,9465";"2,1956"
"58,4100";"1,9469";"2,1972"
"58,4200";"1,9472";"2,1970"
"58,4300";"1,9476";"2,1960"
"58,4400";"1,9479";"2,1945"
"58,4500";"1,9483";"2,1927"
"58,4600";"1,9486";"2,1909"
"58,4700";"1,9490";"2,1907"
"58,4800";"1,9493";"2,1920"
"58,4900";"1,9496";"2,1920"
"58,5000";"1,9498";"2,1930"
"58,5100";"1,9502";"2,1935"
"58,5200";"1,9505";"2,1935"
"58,5300";"1,9509";"2,1911"
"58,5400";"1,9512";"2,1898"
"58,5500";"1,9516";"2,1914"
"58,5600";"1,9519";"2,1945"
"58,5700";"1,9523";"2,1977"
"58,5800";"1,9526";"2,1974"
"58,5900";"1,9530";"2,1960"
"58,6000";"1,9533";"2,1962"
"58,6100";"1,9537";"2,1971"
"58,6200";"1,9541";"2,1971"
"58,6300";"1,9544";"2,1967"
"58,6400";"1,9546";"2,1958"
"58,6500";"1,9549";"2,1944"
"58,6600";"1,9552";"2,1947"
"58,6700";"1,9555";"2,1971"
"58,6800";"1,9558";"2,2007"
"58,6900";"1,9562";"2,2034"
"58,7000";"1,9565";"2,2031"
"58,7100";"1,9569";"2,2005"
"58,7200";"1,9572";"2,1990"
"58,7300";"1,9576";"2,2003"
"58,7400";"1,9580";"2,2026"
"58,7500";"1,9583";"2,2046"
"58,7600";"1,9587";"2,2055"
"58,7700";"1,9590";"2,2060"
"58,7800";"1,9594";"2,2040"
"58,7900";"1,9597";"2,2022"
"58,8000";"1,9601";"2,2022"
"58,8100";"1,9604";"2,2035"
"58,8200";"1,9608";"2,2038"
"58,8300";"1,9610";"2,2044"
"58,8400";"1,9613";"2,2056"
"58,8500";"1,9616";"2,2087"
"58,8600";"1,9618";"2,2102"
"58,8700";"1,9622";"2,2076"
"58,8800";"1,9626";"2,2038"
"58,8900";"1,9628";"2,2021"
"58,9000";"1,9631";"2,2026"
"58,9100";"1,9635";"2,2042"
"58,9200";"1,9639";"2,2065"
"58,9300";"1,9641";"2,2089"
"58,9400";"1,9644";"2,2106"
"58,9500";"1,9648";"2,2101"
"58,9600";"1,9652";"2,2082"
"58,9700";"1,9655";"2,2063"
"58,9800";"1,9659";"2,2061"
"58,9900";"1,9662";"2,2070"
"59,0000";"1,9665";"2,2077"
"59,0100";"1,9668";"2,2082"
"59,0200";"1,9672";"2,2093"
"59,0300";"1,9674";"2,2101"
"59,0400";"1,9677";"2,2095"
"59,0500";"1,9681";"2,2086"
"59,0600";"1,9685";"2,2077"
"59,0700";"1,9688";"2,2079"
"59,0800";"1,9692";"2,2101"
"59,0900";"1,9695";"2,2134"
"59,1000";"1,9699";"2,2138"
"59,1100";"1,9702";"2,2115"
"59,1200";"1,9706";"2,2094"
"59,1300";"1,9709";"2,2088"
"59,1400";"1,9713";"2,2104"
"59,1500";"1,9716";"2,2115"
"59,1600";"1,9719";"2,2128"
"59,1700";"1,9721";"2,2142"
"59,1800";"1,9725";"2,2163"
"59,1900";"1,9727";"2,2177"
"59,2000";"1,9731";"2,2167"
"59,2100";"1,9734";"2,2160"
"59,2200";"1,9738";"2,2155"
"59,2300";"1,9741";"2,2134"
"59,2400";"1,9745";"2,2121"
"59,2500";"1,9750";"2,2119"
"59,2600";"1,9753";"2,2141"
"59,2700";"1,9757";"2,2164"
"59,2800";"1,9760";"2,2183"
"59,2900";"1,9764";"2,2187"
"59,3000";"1,9767";"2,2194"
"59,3100";"1,9771";"2,2196"
"59,3200";"1,9773";"2,2184"
"59,3300";"1,9777";"2,2166"
"59,3400";"1,9779";"2,2174"
"59,3500";"1,9783";"2,2191"
"59,3600";"1,9785";"2,2196"
"59,3700";"1,9788";"2,2210"
"59,3800";"1,9791";"2,2226"
"59,3900";"1,9796";"2,2232"
"59,4000";"1,9799";"2,2232"
"59,4100";"1,9803";"2,2240"
"59,4200";"1,9806";"2,2250"
"59,4300";"1,9810";"2,2250"
"59,4400";"1,9813";"2,2235"
"59,4500";"1,9817";"2,2224"
"59,4600";"1,9820";"2,2222"
"59,4700";"1,9824";"2,2231"
"59,4800";"1,9827";"2,2251"
"59,4900";"1,9830";"2,2257"
"59,5000";"1,9833";"2,2252"
"59,5100";"1,9836";"2,2242"
"59,5200";"1,9839";"2,2240"
"59,5300";"1,9842";"2,2253"
"59,5400";"1,9845";"2,2275"
"59,5500";"1,9847";"2,2282"
"59,5600";"1,9851";"2,2257"
"59,5700";"1,9855";"2,2239"
"59,5800";"1,9858";"2,2254"
"59,5900";"1,9862";"2,2279"
"59,6000";"1,9865";"2,2288"
"59,6100";"1,9869";"2,2277"
"59,6200";"1,9872";"2,2274"
"59,6300";"1,9876";"2,2273"
"59,6400";"1,9879";"2,2285"
"59,6500";"1,9883";"2,2287"
"59,6600";"1,9885";"2,2292"
"59,6700";"1,9889";"2,2293"
"59,6800";"1,9892";"2,2292"
"59,6900";"1,9896";"2,2284"
"59,7000";"1,9899";"2,2280"
"59,7100";"1,9902";"2,2304"
"59,7200";"1,9905";"2,2316"
"59,7300";"1,9909";"2,2322"
"59,7400";"1,9912";"2,2325"
"59,7500";"1,9916";"2,2328"
"59,7600";"1,9920";"2,2331"
"59,7700";"1,9923";"2,2334"
"59,7800";"1,9927";"2,2340"
"59,7900";"1,9930";"2,2342"
"59,8000";"1,9932";"2,2342"
"59,8100";"1,9936";"2,2354"
"59,8200";"1,9940";"2,2371"
"59,8300";"1,9943";"2,2367"
"59,8400";"1,9945";"2,2352"
"59,8500";"1,9949";"2,2352"
"59,8600";"1,9951";"2,2366"
"59,8700";"1,9955";"2,2381"
"59,8800";"1,9958";"2,2378"
"59,8900";"1,9962";"2,2369"
"59,9000";"1,9966";"2,2374"
"59,9100";"1,9969";"2,2387"
"59,9200";"1,9973";"2,2391"
"59,9300";"1,9977";"2,2383"
"59,9400";"1,9981";"2,2376"
"59,9500";"1,9984";"2,2377"
"59,9600";"1,9988";"2,2378"
"59,9700";"1,9992";"2,2377"
"59,9800";"1,9995";"2,2379"
"59,9900";"1,9997";"2,2382"
"60,0000";"2,0001";"2,2388"
"60,0100";"2,0003";"2,2397"
"60,0200";"2,0007";"2,2397"
"60,0300";"2,0010";"2,2390"
"60,0400";"2,0013";"2,2387"
"60,0500";"2,0016";"2,2395"
"60,0600";"2,0020";"2,2424"
"60,0700";"2,0023";"2,2436"
"60,0800";"2,0027";"2,2427"
"60,0900";"2,0032";"2,2414"
"60,1000";"2,0035";"2,2415"
"60,1100";"2,0039";"2,2425"
"60,1200";"2,0042";"2,2431"
"60,1300";"2,0046";"2,2418"
"60,1400";"2,0049";"2,2420"
"60,1500";"2,0053";"2,2453"
"60,1600";"2,0055";"2,2491"
"60,1700";"2,0059";"2,2499"
"60,1800";"2,0061";"2,2468"
"60,1900";"2,0065";"2,2441"
"60,2000";"2,0067";"2,2444"
"60,2100";"2,0071";"2,2455"
"60,2200";"2,0073";"2,2461"
"60,2300";"2,0077";"2,2465"
"60,2400";"2,0080";"2,2461"
"60,2500";"2,0084";"2,2460"
"60,2600";"2,0087";"2,2469"
"60,2700";"2,0091";"2,2482"
"60,2800";"2,0093";"2,2497"
"60,2900";"2,0097";"2,2506"
"60,3000";"2,0100";"2,2509"
"60,3100";"2,0104";"2,2509"
"60,3200";"2,0107";"2,2502"
"60,3300";"2,0111";"2,2483"
"60,3400";"2,0113";"2,2477"
"60,3500";"2,0117";"2,2483"
"60,3600";"2,0119";"2,2494"
"60,3700";"2,0121";"2,2490"
"60,3800";"2,0125";"2,2499"
"60,3900";"2,0128";"2,2520"
"60,4000";"2,0131";"2,2539"
"60,4100";"2,0134";"2,2522"
"60,4200";"2,0138";"2,2500"
"60,4300";"2,0141";"2,2493"
"60,4400";"2,0145";"2,2520"
"60,4500";"2,0149";"2,2535"
"60,4600";"2,0152";"2,2535"
"60,4700";"2,0156";"2,2523"
"60,4800";"2,0159";"2,2522"
"60,4900";"2,0163";"2,2523"
"60,5000";"2,0166";"2,2528"
"60,5100";"2,0169";"2,2533"
"60,5200";"2,0172";"2,2530"
"60,5300";"2,0175";"2,2533"
"60,5400";"2,0178";"2,2540"
"60,5500";"2,0182";"2,2565"
"60,5600";"2,0185";"2,2594"
"60,5700";"2,0189";"2,2590"
"60,5800";"2,0192";"2,2567"
"60,5900";"2,0196";"2,2561"
"60,6000";"2,0199";"2,2589"
"60,6100";"2,0203";"2,2613"
"60,6200";"2,0206";"2,2603"
"60,6300";"2,0210";"2,2584"
"60,6400";"2,0213";"2,2586"
"60,6500";"2,0217";"2,2607"
"60,6600";"2,0219";"2,2614"
"60,6700";"2,0223";"2,2609"
"60,6800";"2,0225";"2,2592"
"60,6900";"2,0229";"2,2591"
"60,7000";"2,0232";"2,2604"
"60,7100";"2,0235";"2,2614"
"60,7200";"2,0238";"2,2623"
"60,7300";"2,0242";"2,2625"
"60,7400";"2,0245";"2,2615"
"60,7500";"2,0249";"2,2606"
"60,7600";"2,0252";"2,2597"
"60,7700";"2,0256";"2,2604"
"60,7800";"2,0260";"2,2618"
"60,7900";"2,0263";"2,2637"
"60,8000";"2,0267";"2,2655"
"60,8100";"2,0270";"2,2661"
"60,8200";"2,0274";"2,2647"
"60,8300";"2,0276";"2,2645"
"60,8400";"2,0280";"2,2647"
"60,8500";"2,0283";"2,2635"
"60,8600";"2,0287";"2,2607"
"60,8700";"2,0289";"2,2608"
"60,8800";"2,0293";"2,2654"
"60,8900";"2,0295";"2,2689"
"60,9000";"2,0298";"2,2694"
"60,9100";"2,0301";"2,2677"
"60,9200";"2,0304";"2,2653"
"60,9300";"2,0308";"2,2651"
"60,9400";"2,0311";"2,2655"
"60,9500";"2,0314";"2,2650"
"60,9600";"2,0317";"2,2667"
"60,9700";"2,0321";"2,2698"
"60,9800";"2,0324";"2,2715"
"60,9900";"2,0328";"2,2708"
"61,0000";"2,0332";"2,2696"
"61,0100";"2,0335";"2,2679"
"61,0200";"2,0339";"2,2665"
"61,0300";"2,0341";"2,2670"
"61,0400";"2,0343";"2,2691"
"61,0500";"2,0347";"2,2708"
"61,0600";"2,0350";"2,2712"
"61,0700";"2,0354";"2,2712"
"61,0800";"2,0357";"2,2724"
"61,0900";"2,0361";"2,2726"
"61,1000";"2,0365";"2,2703"
"61,1100";"2,0368";"2,2681"
"61,1200";"2,0372";"2,2691"
"61,1300";"2,0375";"2,2728"
"61,1400";"2,0379";"2,2747"
"61,1500";"2,0382";"2,2751"
"61,1600";"2,0386";"2,2759"
"61,1700";"2,0389";"2,2781"
"61,1800";"2,0392";"2,2783"
"61,1900";"2,0394";"2,2760"
"61,2000";"2,0398";"2,2740"
"61,2100";"2,0400";"2,2749"
"61,2200";"2,0404";"2,2759"
"61,2300";"2,0407";"2,2750"
"61,2400";"2,0411";"2,2738"
"61,2500";"2,0415";"2,2746"
"61,2600";"2,0419";"2,2748"
"61,2700";"2,0422";"2,2748"
"61,2800";"2,0426";"2,2754"
"61,2900";"2,0431";"2,2754"
"61,3000";"2,0434";"2,2765"
"61,3100";"2,0438";"2,2783"
"61,3200";"2,0441";"2,2806"
"61,3300";"2,0445";"2,2822"
"61,3400";"2,0447";"2,2812"
"61,3500";"2,0450";"2,2802"
"61,3600";"2,0453";"2,2800"
"61,3700";"2,0457";"2,2820"
"61,3800";"2,0459";"2,2822"
"61,3900";"2,0463";"2,2808"
"61,4000";"2,0466";"2,2794"
"61,4100";"2,0470";"2,2809"
"61,4200";"2,0473";"2,2839"
"61,4300";"2,0477";"2,2851"
"61,4400";"2,0481";"2,2846"
"61,4500";"2,0485";"2,2844"
"61,4600";"2,0489";"2,2847"
"61,4700";"2,0492";"2,2847"
"61,4800";"2,0496";"2,2848"
"61,4900";"2,0499";"2,2836"
"61,5000";"2,0503";"2,2828"
"61,5100";"2,0506";"2,2827"
"61,5200";"2,0509";"2,2825"
"61,5300";"2,0511";"2,2825"
"61,5400";"2,0515";"2,2818"
"61,5500";"2,0517";"2,2814"
"61,5600";"2,0520";"2,2831"
"61,5700";"2,0523";"2,2854"
"61,5800";"2,0526";"2,2860"
"61,5900";"2,0530";"2,2859"
"61,6000";"2,0533";"2,2864"
"61,6100";"2,0537";"2,2877"
"61,6200";"2,0540";"2,2880"
"61,6300";"2,0544";"2,2864"
"61,6400";"2,0548";"2,2854"
"61,6500";"2,0551";"2,2870"
"61,6600";"2,0555";"2,2891"
"61,6700";"2,0558";"2,2886"
"61,6800";"2,0561";"2,2871"
"61,6900";"2,0563";"2,2888"
"61,7000";"2,0566";"2,2915"
"61,7100";"2,0569";"2,2928"
"61,7200";"2,0572";"2,2914"
"61,7300";"2,0575";"2,2903"
"61,7400";"2,0578";"2,2915"
"61,7500";"2,0582";"2,2936"
"61,7600";"2,0585";"2,2942"
"61,7700";"2,0589";"2,2944"
"61,7800";"2,0592";"2,2945"
"61,7900";"2,0596";"2,2945"
"61,8000";"2,0600";"2,2932"
"61,8100";"2,0603";"2,2921"
"61,8200";"2,0607";"2,2929"
"61,8300";"2,0610";"2,2944"
"61,8400";"2,0614";"2,2943"
"61,8500";"2,0616";"2,2939"
"61,8600";"2,0620";"2,2938"
"61,8700";"2,0622";"2,2940"
"61,8800";"2,0625";"2,2945"
"61,8900";"2,0629";"2,2957"
"61,9000";"2,0633";"2,2973"
"61,9100";"2,0636";"2,2990"
"61,9200";"2,0640";"2,2989"
"61,9300";"2,0643";"2,2987"
"61,9400";"2,0647";"2,2987"
"61,9500";"2,0651";"2,2978"
"61,9600";"2,0655";"2,2960"
"61,9700";"2,0659";"2,2939"
"61,9800";"2,0662";"2,2946"
"61,9900";"2,0666";"2,2961"
"62,0000";"2,0668";"2,2977"
"62,0100";"2,0670";"2,2994"
"62,0200";"2,0673";"2,2997"
"62,0300";"2,0676";"2,2988"
"62,0400";"2,0679";"2,2979"
"62,0500";"2,0682";"2,2980"
"62,0600";"2,0686";"2,2982"
"62,0700";"2,0689";"2,2981"
"62,0800";"2,0693";"2,2975"
"62,0900";"2,0696";"2,2976"
"62,1000";"2,0700";"2,2991"
"62,1100";"2,0703";"2,3012"
"62,1200";"2,0707";"2,3010"
"62,1300";"2,0710";"2,2996"
"62,1400";"2,0714";"2,3003"
"62,1500";"2,0718";"2,3032"
"62,1600";"2,0721";"2,3052"
"62,1700";"2,0725";"2,3051"
"62,1800";"2,0728";"2,3047"
"62,1900";"2,0731";"2,3050"
"62,2000";"2,0733";"2,3050"
"62,2100";"2,0736";"2,3053"
"62,2200";"2,0739";"2,3048"
"62,2300";"2,0742";"2,3040"
"62,2400";"2,0745";"2,3030"
"62,2500";"2,0748";"2,3030"
"62,2600";"2,0752";"2,3041"
"62,2700";"2,0755";"2,3049"
"62,2800";"2,0759";"2,3066"
"62,2900";"2,0762";"2,3087"
"62,3000";"2,0766";"2,3096"
"62,3100";"2,0770";"2,3089"
"62,3200";"2,0773";"2,3073"
"62,3300";"2,0777";"2,3078"
"62,3400";"2,0780";"2,3106"
"62,3500";"2,0782";"2,3129"
"62,3600";"2,0786";"2,3128"
"62,3700";"2,0788";"2,3109"
"62,3800";"2,0792";"2,3106"
"62,3900";"2,0794";"2,3122"
"62,4000";"2,0798";"2,3130"
"62,4100";"2,0801";"2,3108"
"62,4200";"2,0805";"2,3089"
"62,4300";"2,0808";"2,3100"
"62,4400";"2,0812";"2,3127"
"62,4500";"2,0814";"2,3137"
"62,4600";"2,0818";"2,3139"
"62,4700";"2,0821";"2,3138"
"62,4800";"2,0825";"2,3143"
"62,4900";"2,0829";"2,3141"
"62,5000";"2,0832";"2,3139"
"62,5100";"2,0836";"2,3140"
"62,5200";"2,0839";"2,3144"
"62,5300";"2,0842";"2,3150"
"62,5400";"2,0845";"2,3148"
"62,5500";"2,0847";"2,3151"
"62,5600";"2,0851";"2,3144"
"62,5700";"2,0855";"2,3144"
"62,5800";"2,0858";"2,3145"
"62,5900";"2,0862";"2,3153"
"62,6000";"2,0866";"2,3161"
"62,6100";"2,0870";"2,3162"
"62,6200";"2,0875";"2,3169"
"62,6300";"2,0878";"2,3186"
"62,6400";"2,0882";"2,3197"
"62,6500";"2,0885";"2,3215"
"62,6600";"2,0889";"2,3217"
"62,6700";"2,0891";"2,3222"
"62,6800";"2,0895";"2,3223"
"62,6900";"2,0897";"2,3211"
"62,7000";"2,0899";"2,3190"
"62,7100";"2,0903";"2,3187"
"62,7200";"2,0905";"2,3195"
"62,7300";"2,0909";"2,3192"
"62,7400";"2,0912";"2,3178"
"62,7500";"2,0916";"2,3178"
"62,7600";"2,0919";"2,3195"
"62,7700";"2,0923";"2,3215"
"62,7800";"2,0927";"2,3214"
"62,7900";"2,0930";"2,3227"
"62,8000";"2,0934";"2,3248"
"62,8100";"2,0937";"2,3271"
"62,8200";"2,0941";"2,3272"
"62,8300";"2,0944";"2,3269"
"62,8400";"2,0948";"2,3268"
"62,8500";"2,0951";"2,3263"
"62,8600";"2,0954";"2,3258"
"62,8700";"2,0957";"2,3250"
"62,8800";"2,0960";"2,3241"
"62,8900";"2,0963";"2,3249"
"62,9000";"2,0967";"2,3263"
"62,9100";"2,0969";"2,3280"
"62,9200";"2,0973";"2,3287"
"62,9300";"2,0976";"2,3279"
"62,9400";"2,0978";"2,3268"
"62,9500";"2,0982";"2,3264"
"62,9600";"2,0986";"2,3277"
"62,9700";"2,0989";"2,3275"
"62,9800";"2,0991";"2,3258"
"62,9900";"2,0995";"2,3239"
"63,0000";"2,0999";"2,3253"
"63,0100";"2,1002";"2,3277"
"63,0200";"2,1006";"2,3297"
"63,0300";"2,1008";"2,3315"
"63,0400";"2,1012";"2,3321"
"63,0500";"2,1014";"2,3317"
"63,0600";"2,1017";"2,3315"
"63,0700";"2,1021";"2,3310"
"63,0800";"2,1023";"2,3319"
"63,0900";"2,1027";"2,3327"
"63,1000";"2,1030";"2,3313"
"63,1100";"2,1034";"2,3307"
"63,1200";"2,1037";"2,3311"
"63,1300";"2,1041";"2,3319"
"63,1400";"2,1045";"2,3312"
"63,1500";"2,1048";"2,3299"
"63,1600";"2,1052";"2,3305"
"63,1700";"2,1055";"2,3324"
"63,1800";"2,1059";"2,3332"
"63,1900";"2,1062";"2,3334"
"63,2000";"2,1066";"2,3338"
"63,2100";"2,1068";"2,3333"
"63,2200";"2,1072";"2,3325"
"63,2300";"2,1074";"2,3321"
"63,2400";"2,1078";"2,3333"
"63,2500";"2,1081";"2,3355"
"63,2600";"2,1085";"2,3361"
"63,2700";"2,1089";"2,3377"
"63,2800";"2,1093";"2,3384"
"63,2900";"2,1097";"2,3383"
"63,3000";"2,1100";"2,3371"
"63,3100";"2,1105";"2,3359"
"63,3200";"2,1108";"2,3352"
"63,3300";"2,1111";"2,3370"
"63,3400";"2,1114";"2,3381"
"63,3500";"2,1117";"2,3385"
"63,3600";"2,1120";"2,3394"
"63,3700";"2,1122";"2,3414"
"63,3800";"2,1126";"2,3417"
"63,3900";"2,1130";"2,3404"
"63,4000";"2,1132";"2,3391"
"63,4100";"2,1135";"2,3381"
"63,4200";"2,1139";"2,3377"
"63,4300";"2,1143";"2,3376"
"63,4400";"2,1146";"2,3380"
"63,4500";"2,1150";"2,3397"
"63,4600";"2,1153";"2,3416"
"63,4700";"2,1158";"2,3418"
"63,4800";"2,1161";"2,3415"
"63,4900";"2,1165";"2,3410"
"63,5000";"2,1169";"2,3412"
"63,5100";"2,1171";"2,3419"
"63,5200";"2,1174";"2,3434"
"63,5300";"2,1178";"2,3473"
"63,5400";"2,1182";"2,3492"
"63,5500";"2,1184";"2,3473"
"63,5600";"2,1186";"2,3467"
"63,5700";"2,1190";"2,3475"
"63,5800";"2,1193";"2,3466"
"63,5900";"2,1196";"2,3432"
"63,6000";"2,1199";"2,3421"
"63,6100";"2,1203";"2,3444"
"63,6200";"2,1206";"2,3452"
"63,6300";"2,1210";"2,3438"
"63,6400";"2,1213";"2,3418"
"63,6500";"2,1217";"2,3432"
"63,6600";"2,1220";"2,3459"
"63,6700";"2,1224";"2,3467"
"63,6800";"2,1228";"2,3452"
"63,6900";"2,1231";"2,3456"
"63,7000";"2,1233";"2,3485"
"63,7100";"2,1237";"2,3505"
"63,7200";"2,1239";"2,3504"
"63,7300";"2,1243";"2,3492"
"63,7400";"2,1245";"2,3479"
"63,7500";"2,1249";"2,3483"
"63,7600";"2,1252";"2,3499"
"63,7700";"2,1256";"2,3505"
"63,7800";"2,1259";"2,3489"
"63,7900";"2,1263";"2,3470"
"63,8000";"2,1267";"2,3480"
"63,8100";"2,1270";"2,3512"
"63,8200";"2,1274";"2,3531"
"63,8300";"2,1277";"2,3520"
"63,8400";"2,1281";"2,3492"
"63,8500";"2,1284";"2,3491"
"63,8600";"2,1287";"2,3511"
"63,8700";"2,1289";"2,3529"
"63,8800";"2,1292";"2,3530"
"63,8900";"2,1295";"2,3528"
"63,9000";"2,1298";"2,3530"
"63,9100";"2,1302";"2,3533"
"63,9200";"2,1305";"2,3524"
"63,9300";"2,1309";"2,3535"
"63,9400";"2,1313";"2,3550"
"63,9500";"2,1316";"2,3552"
"63,9600";"2,1320";"2,3539"
"63,9700";"2,1324";"2,3541"
"63,9800";"2,1328";"2,3568"
"63,9900";"2,1331";"2,3594"
"64,0000";"2,1335";"2,3583"
"64,0100";"2,1337";"2,3555"
"64,0200";"2,1340";"2,3538"
"64,0300";"2,1343";"2,3552"
"64,0400";"2,1347";"2,3570"
"64,0500";"2,1349";"2,3583"
"64,0600";"2,1353";"2,3590"
"64,0700";"2,1356";"2,3594"
"64,0800";"2,1359";"2,3606"
"64,0900";"2,1362";"2,3613"
"64,1000";"2,1366";"2,3606"
"64,1100";"2,1369";"2,3589"
"64,1200";"2,1373";"2,3576"
"64,1300";"2,1376";"2,3580"
"64,1400";"2,1380";"2,3610"
"64,1500";"2,1383";"2,3631"
"64,1600";"2,1388";"2,3638"
"64,1700";"2,1392";"2,3644"
"64,1800";"2,1394";"2,3655"
"64,1900";"2,1398";"2,3646"
"64,2000";"2,1401";"2,3622"
"64,2100";"2,1403";"2,3619"
"64,2200";"2,1406";"2,3643"
"64,2300";"2,1409";"2,3650"
"64,2400";"2,1412";"2,3630"
"64,2500";"2,1415";"2,3619"
"64,2600";"2,1419";"2,3636"
"64,2700";"2,1421";"2,3661"
"64,2800";"2,1425";"2,3651"
"64,2900";"2,1428";"2,3620"
"64,3000";"2,1432";"2,3625"
"64,3100";"2,1435";"2,3661"
"64,3200";"2,1439";"2,3691"
"64,3300";"2,1442";"2,3694"
"64,3400";"2,1446";"2,3684"
"64,3500";"2,1450";"2,3675"
"64,3600";"2,1453";"2,3677"
"64,3700";"2,1457";"2,3683"
"64,3800";"2,1459";"2,3678"
"64,3900";"2,1462";"2,3653"
"64,4000";"2,1465";"2,3643"
"64,4100";"2,1467";"2,3663"
"64,4200";"2,1471";"2,3694"
"64,4300";"2,1474";"2,3709"
"64,4400";"2,1477";"2,3695"
"64,4500";"2,1481";"2,3683"
"64,4600";"2,1485";"2,3684"
"64,4700";"2,1487";"2,3685"
"64,4800";"2,1492";"2,3672"
"64,4900";"2,1496";"2,3668"
"64,5000";"2,1499";"2,3690"
"64,5100";"2,1503";"2,3721"
"64,5200";"2,1506";"2,3727"
"64,5300";"2,1509";"2,3717"
"64,5400";"2,1512";"2,3716"
"64,5500";"2,1514";"2,3729"
"64,5600";"2,1518";"2,3734"
"64,5700";"2,1520";"2,3726"
"64,5800";"2,1524";"2,3721"
"64,5900";"2,1527";"2,3742"
"64,6000";"2,1531";"2,3762"
"64,6100";"2,1535";"2,3757"
"64,6200";"2,1538";"2,3754"
"64,6300";"2,1543";"2,3755"
"64,6400";"2,1546";"2,3758"
"64,6500";"2,1550";"2,3759"
"64,6600";"2,1555";"2,3760"
"64,6700";"2,1557";"2,3762"
"64,6800";"2,1560";"2,3760"
"64,6900";"2,1564";"2,3768"
"64,7000";"2,1566";"2,3772"
"64,7100";"2,1570";"2,3772"
"64,7200";"2,1572";"2,3776"
"64,7300";"2,1576";"2,3776"
"64,7400";"2,1579";"2,3792"
"64,7500";"2,1583";"2,3812"
"64,7600";"2,1586";"2,3822"
"64,7700";"2,1590";"2,3812"
"64,7800";"2,1594";"2,3810"
"64,7900";"2,1597";"2,3824"
"64,8000";"2,1601";"2,3837"
"64,8100";"2,1604";"2,3829"
"64,8200";"2,1608";"2,3813"
"64,8300";"2,1611";"2,3814"
"64,8400";"2,1614";"2,3821"
"64,8500";"2,1617";"2,3819"
"64,8600";"2,1621";"2,3823"
"64,8700";"2,1624";"2,3835"
"64,8800";"2,1628";"2,3836"
"64,8900";"2,1630";"2,3826"
"64,9000";"2,1634";"2,3818"
"64,9100";"2,1636";"2,3840"
"64,9200";"2,1640";"2,3857"
"64,9300";"2,1642";"2,3855"
"64,9400";"2,1645";"2,3843"
"64,9500";"2,1649";"2,3838"
"64,9600";"2,1651";"2,3855"
"64,9700";"2,1655";"2,3863"
"64,9800";"2,1658";"2,3860"
"64,9900";"2,1662";"2,3853"
"65,0000";"2,1666";"2,3846"
"65,0100";"2,1669";"2,3846"
"65,0200";"2,1673";"2,3853"
"65,0300";"2,1676";"2,3865"
"65,0400";"2,1680";"2,3875"
"65,0500";"2,1682";"2,3879"
"65,0600";"2,1684";"2,3871"
"65,0700";"2,1688";"2,3857"
"65,0800";"2,1692";"2,3846"
"65,0900";"2,1694";"2,3856"
"65,1000";"2,1697";"2,3881"
"65,1100";"2,1701";"2,3913"
"65,1200";"2,1705";"2,3921"
"65,1300";"2,1707";"2,3914"
"65,1400";"2,1710";"2,3908"
"65,1500";"2,1714";"2,3903"
"65,1600";"2,1719";"2,3890"
"65,1700";"2,1722";"2,3871"
"65,1800";"2,1726";"2,3858"
"65,1900";"2,1729";"2,3882"
"65,2000";"2,1733";"2,3917"
"65,2100";"2,1736";"2,3938"
"65,2200";"2,1739";"2,3932"
"65,2300";"2,1742";"2,3920"
"65,2400";"2,1745";"2,3919"
"65,2500";"2,1748";"2,3932"
"65,2600";"2,1752";"2,3940"
"65,2700";"2,1754";"2,3934"
"65,2800";"2,1758";"2,3938"
"65,2900";"2,1762";"2,3933"
"65,3000";"2,1766";"2,3937"
"65,3100";"2,1769";"2,3950"
"65,3200";"2,1773";"2,3960"
"65,3300";"2,1778";"2,3955"
"65,3400";"2,1781";"2,3949"
"65,3500";"2,1784";"2,3952"
"65,3600";"2,1787";"2,3957"
"65,3700";"2,1791";"2,3957"
"65,3800";"2,1793";"2,3959"
"65,3900";"2,1797";"2,3978"
"65,4000";"2,1800";"2,3993"
"65,4100";"2,1804";"2,3986"
"65,4200";"2,1807";"2,3971"
"65,4300";"2,1811";"2,3971"
"65,4400";"2,1814";"2,3984"
"65,4500";"2,1818";"2,3988"
"65,4600";"2,1821";"2,3971"
"65,4700";"2,1825";"2,3952"
"65,4800";"2,1828";"2,3980"
"65,4900";"2,1832";"2,4016"
"65,5000";"2,1836";"2,4018"
"65,5100";"2,1839";"2,4000"
"65,5200";"2,1841";"2,3988"
"65,5300";"2,1845";"2,4000"
"65,5400";"2,1849";"2,4022"
"65,5500";"2,1851";"2,4025"
"65,5600";"2,1853";"2,4027"
"65,5700";"2,1856";"2,4027"
"65,5800";"2,1859";"2,4025"
"65,5900";"2,1863";"2,4018"
"65,6000";"2,1865";"2,4017"
"65,6100";"2,1870";"2,4027"
"65,6200";"2,1873";"2,4036"
"65,6300";"2,1876";"2,4037"
"65,6400";"2,1879";"2,4033"
"65,6500";"2,1883";"2,4033"
"65,6600";"2,1886";"2,4038"
"65,6700";"2,1890";"2,4051"
"65,6800";"2,1893";"2,4065"
"65,6900";"2,1897";"2,4066"
"65,7000";"2,1900";"2,4066"
"65,7100";"2,1904";"2,4075"
"65,7200";"2,1906";"2,4095"
"65,7300";"2,1910";"2,4115"
"65,7400";"2,1913";"2,4091"
"65,7500";"2,1916";"2,4056"
"65,7600";"2,1919";"2,4059"
"65,7700";"2,1923";"2,4081"
"65,7800";"2,1925";"2,4088"
"65,7900";"2,1929";"2,4083"
"65,8000";"2,1932";"2,4077"
"65,8100";"2,1936";"2,4081"
"65,8200";"2,1939";"2,4087"
"65,8300";"2,1943";"2,4088"
"65,8400";"2,1947";"2,4092"
"65,8500";"2,1950";"2,4100"
"65,8600";"2,1954";"2,4102"
"65,8700";"2,1957";"2,4107"
"65,8800";"2,1961";"2,4106"
"65,8900";"2,1963";"2,4121"
"65,9000";"2,1967";"2,4131"
"65,9100";"2,1970";"2,4135"
"65,9200";"2,1972";"2,4125"
"65,9300";"2,1976";"2,4128"
"65,9400";"2,1978";"2,4135"
"65,9500";"2,1982";"2,4146"
"65,9600";"2,1985";"2,4161"
"65,9700";"2,1989";"2,4168"
"65,9800";"2,1994";"2,4165"
"65,9900";"2,1997";"2,4156"
"66,0000";"2,2001";"2,4156"
"66,0100";"2,2004";"2,4145"
"66,0200";"2,2008";"2,4135"
"66,0300";"2,2010";"2,4131"
"66,0400";"2,2014";"2,4148"
"66,0500";"2,2016";"2,4164"
"66,0600";"2,2020";"2,4179"
"66,0700";"2,2022";"2,4176"
"66,0800";"2,2026";"2,4161"
"66,0900";"2,2029";"2,4167"
"66,1000";"2,2033";"2,4180"
"66,1100";"2,2036";"2,4191"
"66,1200";"2,2040";"2,4191"
"66,1300";"2,2043";"2,4197"
"66,1400";"2,2047";"2,4212"
"66,1500";"2,2050";"2,4210"
"66,1600";"2,2054";"2,4201"
"66,1700";"2,2057";"2,4199"
"66,1800";"2,2061";"2,4209"
"66,1900";"2,2065";"2,4223"
"66,2000";"2,2068";"2,4239"
"66,2100";"2,2070";"2,4248"
"66,2200";"2,2074";"2,4241"
"66,2300";"2,2076";"2,4240"
"66,2400";"2,2080";"2,4225"
"66,2500";"2,2083";"2,4210"
"66,2600";"2,2086";"2,4203"
"66,2700";"2,2089";"2,4203"
"66,2800";"2,2093";"2,4204"
"66,2900";"2,2095";"2,4223"
"66,3000";"2,2099";"2,4229"
"66,3100";"2,2102";"2,4213"
"66,3200";"2,2106";"2,4194"
"66,3300";"2,2109";"2,4207"
"66,3400";"2,2113";"2,4232"
"66,3500";"2,2117";"2,4249"
"66,3600";"2,2120";"2,4238"
"66,3700";"2,2124";"2,4244"
"66,3800";"2,2126";"2,4263"
"66,3900";"2,2130";"2,4276"
"66,4000";"2,2133";"2,4277"
"66,4100";"2,2135";"2,4276"
"66,4200";"2,2139";"2,4272"
"66,4300";"2,2142";"2,4259"
"66,4400";"2,2145";"2,4248"
"66,4500";"2,2148";"2,4252"
"66,4600";"2,2152";"2,4285"
"66,4700";"2,2154";"2,4304"
"66,4800";"2,2158";"2,4294"
"66,4900";"2,2161";"2,4292"
"66,5000";"2,2165";"2,4312"
"66,5100";"2,2168";"2,4321"
"66,5200";"2,2173";"2,4310"
"66,5300";"2,2177";"2,4294"
"66,5400";"2,2180";"2,4304"
"66,5500";"2,2184";"2,4320"
"66,5600";"2,2186";"2,4335"
"66,5700";"2,2189";"2,4337"
"66,5800";"2,2192";"2,4327"
"66,5900";"2,2194";"2,4316"
"66,6000";"2,2198";"2,4320"
"66,6100";"2,2202";"2,4338"
"66,6200";"2,2205";"2,4362"
"66,6300";"2,2209";"2,4373"
"66,6400";"2,2212";"2,4360"
"66,6500";"2,2216";"2,4348"
"66,6600";"2,2219";"2,4343"
"66,6700";"2,2223";"2,4342"
"66,6800";"2,2227";"2,4327"
"66,6900";"2,2231";"2,4332"
"66,7000";"2,2233";"2,4347"
"66,7100";"2,2237";"2,4358"
"66,7200";"2,2239";"2,4369"
"66,7300";"2,2243";"2,4381"
"66,7400";"2,2245";"2,4391"
"66,7500";"2,2249";"2,4389"
"66,7600";"2,2252";"2,4369"
"66,7700";"2,2256";"2,4353"
"66,7800";"2,2259";"2,4358"
"66,7900";"2,2263";"2,4377"
"66,8000";"2,2266";"2,4372"
"66,8100";"2,2270";"2,4359"
"66,8200";"2,2274";"2,4356"
"66,8300";"2,2277";"2,4379"
"66,8400";"2,2281";"2,4395"
"66,8500";"2,2284";"2,4386"
"66,8600";"2,2288";"2,4377"
"66,8700";"2,2290";"2,4375"
"66,8800";"2,2294";"2,4377"
"66,8900";"2,2297";"2,4390"
"66,9000";"2,2301";"2,4410"
"66,9100";"2,2303";"2,4432"
"66,9200";"2,2305";"2,4447"
"66,9300";"2,2309";"2,4447"
"66,9400";"2,2311";"2,4434"
"66,9500";"2,2315";"2,4412"
"66,9600";"2,2318";"2,4397"
"66,9700";"2,2322";"2,4390"
"66,9800";"2,2325";"2,4411"
"66,9900";"2,2329";"2,4433"
"67,0000";"2,2331";"2,4444"
"67,0100";"2,2335";"2,4450"
"67,0200";"2,2338";"2,4463"
"67,0300";"2,2342";"2,4476"
"67,0400";"2,2346";"2,4459"
"67,0500";"2,2349";"2,4431"
"67,0600";"2,2353";"2,4433"
"67,0700";"2,2356";"2,4460"
"67,0800";"2,2360";"2,4481"
"67,0900";"2,2362";"2,4453"
"67,1000";"2,2364";"2,4429"
"67,1100";"2,2368";"2,4441"
"67,1200";"2,2372";"2,4456"
"67,1300";"2,2375";"2,4457"
"67,1400";"2,2379";"2,4453"
"67,1500";"2,2382";"2,4465"
"67,1600";"2,2386";"2,4495"
"67,1700";"2,2389";"2,4520"
"67,1800";"2,2394";"2,4523"
"67,1900";"2,2397";"2,4521"
"67,2000";"2,2401";"2,4513"
"67,2100";"2,2405";"2,4499"
"67,2200";"2,2408";"2,4491"
"67,2300";"2,2410";"2,4497"
"67,2400";"2,2413";"2,4519"
"67,2500";"2,2416";"2,4532"
"67,2600";"2,2419";"2,4540"
"67,2700";"2,2422";"2,4535"
"67,2800";"2,2426";"2,4524"
"67,2900";"2,2429";"2,4511"
"67,3000";"2,2432";"2,4508"
"67,3100";"2,2435";"2,4523"
"67,3200";"2,2439";"2,4524"
"67,3300";"2,2442";"2,4527"
"67,3400";"2,2446";"2,4535"
"67,3500";"2,2449";"2,4546"
"67,3600";"2,2453";"2,4555"
"67,3700";"2,2457";"2,4548"
"67,3800";"2,2460";"2,4542"
"67,3900";"2,2462";"2,4546"
"67,4000";"2,2466";"2,4551"
"67,4100";"2,2470";"2,4553"
"67,4200";"2,2473";"2,4557"
"67,4300";"2,2477";"2,4578"
"67,4400";"2,2480";"2,4583"
"67,4500";"2,2482";"2,4571"
"67,4600";"2,2486";"2,4560"
"67,4700";"2,2490";"2,4565"
"67,4800";"2,2493";"2,4576"
"67,4900";"2,2497";"2,4574"
"67,5000";"2,2500";"2,4576"
"67,5100";"2,2504";"2,4589"
"67,5200";"2,2507";"2,4615"
"67,5300";"2,2511";"2,4618"
"67,5400";"2,2514";"2,4610"
"67,5500";"2,2518";"2,4611"
"67,5600";"2,2521";"2,4624"
"67,5700";"2,2524";"2,4632"
"67,5800";"2,2526";"2,4610"
"67,5900";"2,2530";"2,4596"
"67,6000";"2,2532";"2,4609"
"67,6100";"2,2536";"2,4617"
"67,6200";"2,2539";"2,4620"
"67,6300";"2,2542";"2,4631"
"67,6400";"2,2545";"2,4641"
"67,6500";"2,2549";"2,4641"
"67,6600";"2,2552";"2,4641"
"67,6700";"2,2556";"2,4644"
"67,6800";"2,2559";"2,4665"
"67,6900";"2,2563";"2,4678"
"67,7000";"2,2566";"2,4681"
"67,7100";"2,2570";"2,4684"
"67,7200";"2,2572";"2,4681"
"67,7300";"2,2576";"2,4669"
"67,7400";"2,2579";"2,4660"
"67,7500";"2,2582";"2,4659"
"67,7600";"2,2585";"2,4667"
"67,7700";"2,2588";"2,4676"
"67,7800";"2,2591";"2,4674"
"67,7900";"2,2593";"2,4678"
"67,8000";"2,2597";"2,4692"
"67,8100";"2,2601";"2,4697"
"67,8200";"2,2604";"2,4689"
"67,8300";"2,2608";"2,4679"
"67,8400";"2,2611";"2,4687"
"67,8500";"2,2616";"2,4703"
"67,8600";"2,2619";"2,4713"
"67,8700";"2,2623";"2,4707"
"67,8800";"2,2627";"2,4709"
"67,8900";"2,2630";"2,4717"
"67,9000";"2,2634";"2,4714"
"67,9100";"2,2637";"2,4717"
"67,9200";"2,2640";"2,4724"
"67,9300";"2,2643";"2,4729"
"67,9400";"2,2645";"2,4732"
"67,9500";"2,2649";"2,4740"
"67,9600";"2,2652";"2,4745"
"67,9700";"2,2655";"2,4742"
"67,9800";"2,2658";"2,4743"
"67,9900";"2,2662";"2,4739"
"68,0000";"2,2665";"2,4742"
"68,0100";"2,2670";"2,4764"
"68,0200";"2,2674";"2,4773"
"68,0300";"2,2677";"2,4765"
"68,0400";"2,2681";"2,4760"
"68,0500";"2,2684";"2,4745"
"68,0600";"2,2688";"2,4739"
"68,0700";"2,2690";"2,4746"
"68,0800";"2,2694";"2,4768"
"68,0900";"2,2697";"2,4779"
"68,1000";"2,2700";"2,4775"
"68,1100";"2,2703";"2,4771"
"68,1200";"2,2707";"2,4783"
"68,1300";"2,2710";"2,4795"
"68,1400";"2,2714";"2,4790"
"68,1500";"2,2717";"2,4783"
"68,1600";"2,2721";"2,4792"
"68,1700";"2,2725";"2,4810"
"68,1800";"2,2728";"2,4812"
"68,1900";"2,2732";"2,4802"
"68,2000";"2,2735";"2,4800"
"68,2100";"2,2739";"2,4802"
"68,2200";"2,2741";"2,4808"
"68,2300";"2,2745";"2,4804"
"68,2400";"2,2748";"2,4809"
"68,2500";"2,2750";"2,4819"
"68,2600";"2,2753";"2,4826"
"68,2700";"2,2755";"2,4824"
"68,2800";"2,2759";"2,4834"
"68,2900";"2,2761";"2,4849"
"68,3000";"2,2765";"2,4847"
"68,3100";"2,2768";"2,4825"
"68,3200";"2,2772";"2,4802"
"68,3300";"2,2775";"2,4803"
"68,3400";"2,2779";"2,4814"
"68,3500";"2,2782";"2,4830"
"68,3600";"2,2785";"2,4851"
"68,3700";"2,2789";"2,4878"
"68,3800";"2,2793";"2,4877"
"68,3900";"2,2797";"2,4864"
"68,4000";"2,2800";"2,4861"
"68,4100";"2,2804";"2,4866"
"68,4200";"2,2806";"2,4863"
"68,4300";"2,2810";"2,4843"
"68,4400";"2,2812";"2,4828"
"68,4500";"2,2815";"2,4832"
"68,4600";"2,2819";"2,4859"
"68,4700";"2,2821";"2,4865"
"68,4800";"2,2825";"2,4857"
"68,4900";"2,2828";"2,4861"
"68,5000";"2,2832";"2,4873"
"68,5100";"2,2835";"2,4882"
"68,5200";"2,2839";"2,4900"
"68,5300";"2,2843";"2,4911"
"68,5400";"2,2846";"2,4906"
"68,5500";"2,2851";"2,4894"
"68,5600";"2,2854";"2,4897"
"68,5700";"2,2858";"2,4915"
"68,5800";"2,2861";"2,4933"
"68,5900";"2,2864";"2,4935"
"68,6000";"2,2867";"2,4921"
"68,6100";"2,2870";"2,4924"
"68,6200";"2,2872";"2,4942"
"68,6300";"2,2876";"2,4959"
"68,6400";"2,2879";"2,4945"
"68,6500";"2,2883";"2,4918"
"68,6600";"2,2886";"2,4907"
"68,6700";"2,2890";"2,4919"
"68,6800";"2,2893";"2,4948"
"68,6900";"2,2897";"2,4982"
"68,7000";"2,2900";"2,5004"
"68,7100";"2,2904";"2,4996"
"68,7200";"2,2907";"2,4970"
"68,7300";"2,2911";"2,4951"
"68,7400";"2,2913";"2,4947"
"68,7500";"2,2917";"2,4939"
"68,7600";"2,2919";"2,4939"
"68,7700";"2,2923";"2,4971"
"68,7800";"2,2925";"2,5004"
"68,7900";"2,2929";"2,5018"
"68,8000";"2,2932";"2,5022"
"68,8100";"2,2936";"2,5019"
"68,8200";"2,2938";"2,5009"
"68,8300";"2,2942";"2,4981"
"68,8400";"2,2945";"2,4943"
"68,8500";"2,2949";"2,4935"
"68,8600";"2,2952";"2,4981"
"68,8700";"2,2956";"2,5019"
"68,8800";"2,2959";"2,5016"
"68,8900";"2,2963";"2,5000"
"68,9000";"2,2967";"2,4990"
"68,9100";"2,2970";"2,4995"
"68,9200";"2,2974";"2,5015"
"68,9300";"2,2976";"2,5019"
"68,9400";"2,2980";"2,5014"
"68,9500";"2,2983";"2,5016"
"68,9600";"2,2985";"2,5026"
"68,9700";"2,2989";"2,5049"
"68,9800";"2,2992";"2,5060"
"68,9900";"2,2995";"2,5053"
"69,0000";"2,2998";"2,5036"
"69,0100";"2,3002";"2,5020"
"69,0200";"2,3005";"2,5023"
"69,0300";"2,3009";"2,5048"
"69,0400";"2,3013";"2,5065"
"69,0500";"2,3016";"2,5071"
"69,0600";"2,3020";"2,5079"
"69,0700";"2,3023";"2,5069"
"69,0800";"2,3027";"2,5054"
"69,0900";"2,3029";"2,5039"
"69,1000";"2,3031";"2,5039"
"69,1100";"2,3035";"2,5059"
"69,1200";"2,3037";"2,5068"
"69,1300";"2,3041";"2,5073"
"69,1400";"2,3044";"2,5077"
"69,1500";"2,3048";"2,5074"
"69,1600";"2,3052";"2,5057"
"69,1700";"2,3055";"2,5057"
"69,1800";"2,3059";"2,5055"
"69,1900";"2,3062";"2,5065"
"69,2000";"2,3067";"2,5080"
"69,2100";"2,3070";"2,5102"
"69,2200";"2,3074";"2,5123"
"69,2300";"2,3077";"2,5141"
"69,2400";"2,3081";"2,5137"
"69,2500";"2,3085";"2,5113"
"69,2600";"2,3087";"2,5096"
"69,2700";"2,3089";"2,5085"
"69,2800";"2,3093";"2,5072"
"69,2900";"2,3096";"2,5080"
"69,3000";"2,3099";"2,5109"
"69,3100";"2,3102";"2,5148"
"69,3200";"2,3106";"2,5170"
"69,3300";"2,3109";"2,5165"
"69,3400";"2,3113";"2,5148"
"69,3500";"2,3116";"2,5130"
"69,3600";"2,3120";"2,5120"
"69,3700";"2,3125";"2,5118"
"69,3800";"2,3128";"2,5137"
"69,3900";"2,3132";"2,5152"
"69,4000";"2,3135";"2,5155"
"69,4100";"2,3138";"2,5152"
"69,4200";"2,3141";"2,5160"
"69,4300";"2,3144";"2,5165"
"69,4400";"2,3147";"2,5166"
"69,4500";"2,3151";"2,5149"
"69,4600";"2,3153";"2,5140"
"69,4700";"2,3157";"2,5153"
"69,4800";"2,3160";"2,5172"
"69,4900";"2,3164";"2,5180"
"69,5000";"2,3167";"2,5190"
"69,5100";"2,3171";"2,5201"
"69,5200";"2,3174";"2,5200"
"69,5300";"2,3179";"2,5187"
"69,5400";"2,3183";"2,5186"
"69,5500";"2,3185";"2,5197"
"69,5600";"2,3188";"2,5212"
"69,5700";"2,3191";"2,5217"
"69,5800";"2,3194";"2,5224"
"69,5900";"2,3198";"2,5235"
"69,6000";"2,3200";"2,5245"
"69,6100";"2,3203";"2,5237"
"69,6200";"2,3206";"2,5210"
"69,6300";"2,3209";"2,5196"
"69,6400";"2,3212";"2,5214"
"69,6500";"2,3214";"2,5231"
"69,6600";"2,3218";"2,5234"
"69,6700";"2,3222";"2,5233"
"69,6800";"2,3225";"2,5221"
"69,6900";"2,3227";"2,5216"
"69,7000";"2,3231";"2,5211"
"69,7100";"2,3235";"2,5211"
"69,7200";"2,3238";"2,5225"
"69,7300";"2,3242";"2,5243"
"69,7400";"2,3245";"2,5250"
"69,7500";"2,3249";"2,5246"
"69,7600";"2,3252";"2,5244"
"69,7700";"2,3255";"2,5255"
"69,7800";"2,3257";"2,5252"
"69,7900";"2,3260";"2,5233"
"69,8000";"2,3263";"2,5212"
"69,8100";"2,3266";"2,5202"
"69,8200";"2,3270";"2,5209"
"69,8300";"2,3273";"2,5235"
"69,8400";"2,3277";"2,5261"
"69,8500";"2,3281";"2,5272"
"69,8600";"2,3284";"2,5270"
"69,8700";"2,3288";"2,5271"
"69,8800";"2,3292";"2,5274"
"69,8900";"2,3296";"2,5261"
"69,9000";"2,3299";"2,5252"
"69,9100";"2,3303";"2,5266"
"69,9200";"2,3307";"2,5289"
"69,9300";"2,3310";"2,5298"
"69,9400";"2,3314";"2,5294"
"69,9500";"2,3317";"2,5284"
"69,9600";"2,3320";"2,5287"
"69,9700";"2,3323";"2,5296"
"69,9800";"2,3325";"2,5298"
"69,9900";"2,3329";"2,5318"
"70,0000";"2,3332";"2,5343"
"70,0100";"2,3336";"2,5371"
"70,0200";"2,3338";"2,5370"
"70,0300";"2,3342";"2,5360"
"70,0400";"2,3345";"2,5351"
"70,0500";"2,3349";"2,5347"
"70,0600";"2,3353";"2,5330"
"70,0700";"2,3356";"2,5306"
"70,0800";"2,3360";"2,5320"
"70,0900";"2,3363";"2,5344"
"70,1000";"2,3366";"2,5359"
"70,1100";"2,3368";"2,5356"
"70,1200";"2,3371";"2,5352"
"70,1300";"2,3375";"2,5347"
"70,1400";"2,3379";"2,5351"
"70,1500";"2,3382";"2,5361"
"70,1600";"2,3386";"2,5376"
"70,1700";"2,3389";"2,5385"
"70,1800";"2,3393";"2,5401"
"70,1900";"2,3396";"2,5396"
"70,2000";"2,3400";"2,5391"
"70,2100";"2,3403";"2,5380"
"70,2200";"2,3407";"2,5367"
"70,2300";"2,3410";"2,5359"
"70,2400";"2,3414";"2,5359"
"70,2500";"2,3417";"2,5379"
"70,2600";"2,3421";"2,5402"
"70,2700";"2,3425";"2,5410"
"70,2800";"2,3427";"2,5420"
"70,2900";"2,3430";"2,5417"
"70,3000";"2,3433";"2,5413"
"70,3100";"2,3436";"2,5408"
"70,3200";"2,3439";"2,5416"
"70,3300";"2,3442";"2,5426"
"70,3400";"2,3446";"2,5426"
"70,3500";"2,3449";"2,5410"
"70,3600";"2,3453";"2,5410"
"70,3700";"2,3455";"2,5424"
"70,3800";"2,3459";"2,5433"
"70,3900";"2,3462";"2,5430"
"70,4000";"2,3466";"2,5415"
"70,4100";"2,3469";"2,5421"
"70,4200";"2,3473";"2,5428"
"70,4300";"2,3477";"2,5425"
"70,4400";"2,3480";"2,5423"
"70,4500";"2,3482";"2,5426"
"70,4600";"2,3486";"2,5445"
"70,4700";"2,3488";"2,5463"
"70,4800";"2,3491";"2,5483"
"70,4900";"2,3494";"2,5489"
"70,5000";"2,3498";"2,5480"
"70,5100";"2,3501";"2,5474"
"70,5200";"2,3505";"2,5477"
"70,5300";"2,3508";"2,5487"
"70,5400";"2,3512";"2,5494"
"70,5500";"2,3515";"2,5487"
"70,5600";"2,3519";"2,5491"
"70,5700";"2,3523";"2,5501"
"70,5800";"2,3526";"2,5492"
"70,5900";"2,3530";"2,5475"
"70,6000";"2,3533";"2,5466"
"70,6100";"2,3537";"2,5479"
"70,6200";"2,3539";"2,5485"
"70,6300";"2,3543";"2,5484"
"70,6400";"2,3545";"2,5491"
"70,6500";"2,3547";"2,5502"
"70,6600";"2,3551";"2,5510"
"70,6700";"2,3554";"2,5510"
"70,6800";"2,3558";"2,5502"
"70,6900";"2,3562";"2,5499"
"70,7000";"2,3565";"2,5514"
"70,7100";"2,3569";"2,5534"
"70,7200";"2,3572";"2,5540"
"70,7300";"2,3576";"2,5537"
"70,7400";"2,3579";"2,5545"
"70,7500";"2,3584";"2,5550"
"70,7600";"2,3586";"2,5549"
"70,7700";"2,3590";"2,5545"
"70,7800";"2,3592";"2,5544"
"70,7900";"2,3596";"2,5541"
"70,8000";"2,3598";"2,5549"
"70,8100";"2,3602";"2,5564"
"70,8200";"2,3605";"2,5589"
"70,8300";"2,3609";"2,5599"
"70,8400";"2,3611";"2,5589"
"70,8500";"2,3615";"2,5581"
"70,8600";"2,3618";"2,5568"
"70,8700";"2,3623";"2,5555"
"70,8800";"2,3626";"2,5554"
"70,8900";"2,3630";"2,5558"
"70,9000";"2,3634";"2,5561"
"70,9100";"2,3637";"2,5570"
"70,9200";"2,3641";"2,5568"
"70,9300";"2,3644";"2,5567"
"70,9400";"2,3648";"2,5569"
"70,9500";"2,3651";"2,5570"
"70,9600";"2,3654";"2,5561"
"70,9700";"2,3656";"2,5569"
"70,9800";"2,3660";"2,5586"
"70,9900";"2,3663";"2,5605"
"71,0000";"2,3665";"2,5623"
"71,0100";"2,3669";"2,5634"
"71,0200";"2,3672";"2,5638"
"71,0300";"2,3676";"2,5634"
"71,0400";"2,3680";"2,5614"
"71,0500";"2,3682";"2,5586"
"71,0600";"2,3687";"2,5585"
"71,0700";"2,3689";"2,5599"
"71,0800";"2,3694";"2,5626"
"71,0900";"2,3696";"2,5643"
"71,1000";"2,3700";"2,5644"
"71,1100";"2,3703";"2,5629"
"71,1200";"2,3707";"2,5626"
"71,1300";"2,3709";"2,5641"
"71,1400";"2,3713";"2,5645"
"71,1500";"2,3715";"2,5630"
"71,1600";"2,3719";"2,5616"
"71,1700";"2,3722";"2,5620"
"71,1800";"2,3724";"2,5640"
"71,1900";"2,3728";"2,5658"
"71,2000";"2,3732";"2,5661"
"71,2100";"2,3735";"2,5651"
"71,2200";"2,3739";"2,5640"
"71,2300";"2,3742";"2,5640"
"71,2400";"2,3746";"2,5642"
"71,2500";"2,3749";"2,5662"
"71,2600";"2,3753";"2,5689"
"71,2700";"2,3756";"2,5694"
"71,2800";"2,3760";"2,5684"
"71,2900";"2,3763";"2,5667"
"71,3000";"2,3766";"2,5668"
"71,3100";"2,3768";"2,5671"
"71,3200";"2,3772";"2,5674"
"71,3300";"2,3775";"2,5670"
"71,3400";"2,3779";"2,5678"
"71,3500";"2,3782";"2,5709"
"71,3600";"2,3786";"2,5720"
"71,3700";"2,3789";"2,5720"
"71,3800";"2,3793";"2,5717"
"71,3900";"2,3798";"2,5704"
"71,4000";"2,3801";"2,5692"
"71,4100";"2,3805";"2,5706"
"71,4200";"2,3808";"2,5729"
"71,4300";"2,3812";"2,5745"
"71,4400";"2,3815";"2,5750"
"71,4500";"2,3818";"2,5752"
"71,4600";"2,3821";"2,5753"
"71,4700";"2,3824";"2,5747"
"71,4800";"2,3827";"2,5744"
"71,4900";"2,3830";"2,5741"
"71,5000";"2,3833";"2,5758"
"71,5100";"2,3835";"2,5769"
"71,5200";"2,3839";"2,5773"
"71,5300";"2,3842";"2,5770"
"71,5400";"2,3846";"2,5774"
"71,5500";"2,3850";"2,5781"
"71,5600";"2,3854";"2,5771"
"71,5700";"2,3858";"2,5755"
"71,5800";"2,3861";"2,5757"
"71,5900";"2,3865";"2,5773"
"71,6000";"2,3868";"2,5788"
"71,6100";"2,3872";"2,5784"
"71,6200";"2,3876";"2,5789"
"71,6300";"2,3879";"2,5800"
"71,6400";"2,3881";"2,5796"
"71,6500";"2,3884";"2,5778"
"71,6600";"2,3887";"2,5768"
"71,6700";"2,3890";"2,5775"
"71,6800";"2,3893";"2,5794"
"71,6900";"2,3897";"2,5805"
"71,7000";"2,3899";"2,5810"
"71,7100";"2,3903";"2,5815"
"71,7200";"2,3906";"2,5812"
"71,7300";"2,3910";"2,5803"
"71,7400";"2,3913";"2,5803"
"71,7500";"2,3917";"2,5812"
"71,7600";"2,3919";"2,5823"
"71,7700";"2,3923";"2,5817"
"71,7800";"2,3926";"2,5821"
"71,7900";"2,3930";"2,5840"
"71,8000";"2,3932";"2,5858"
"71,8100";"2,3936";"2,5856"
"71,8200";"2,3938";"2,5849"
"71,8300";"2,3942";"2,5842"
"71,8400";"2,3944";"2,5834"
"71,8500";"2,3948";"2,5825"
"71,8600";"2,3951";"2,5837"
"71,8700";"2,3955";"2,5859"
"71,8800";"2,3958";"2,5876"
"71,8900";"2,3962";"2,5867"
"71,9000";"2,3965";"2,5849"
"71,9100";"2,3969";"2,5865"
"71,9200";"2,3972";"2,5883"
"71,9300";"2,3976";"2,5881"
"71,9400";"2,3979";"2,5869"
"71,9500";"2,3984";"2,5869"
"71,9600";"2,3988";"2,5882"
"71,9700";"2,3991";"2,5890"
"71,9800";"2,3994";"2,5886"
"71,9900";"2,3996";"2,5877"
"72,0000";"2,4000";"2,5874"
"72,0100";"2,4003";"2,5861"
"72,0200";"2,4005";"2,5861"
"72,0300";"2,4009";"2,5873"
"72,0400";"2,4012";"2,5896"
"72,0500";"2,4016";"2,5926"
"72,0600";"2,4021";"2,5932"
"72,0700";"2,4024";"2,5930"
"72,0800";"2,4028";"2,5918"
"72,0900";"2,4031";"2,5905"
"72,1000";"2,4035";"2,5899"
"72,1100";"2,4038";"2,5909"
"72,1200";"2,4041";"2,5926"
"72,1300";"2,4044";"2,5927"
"72,1400";"2,4047";"2,5935"
"72,1500";"2,4050";"2,5946"
"72,1600";"2,4053";"2,5951"
"72,1700";"2,4056";"2,5932"
"72,1800";"2,4059";"2,5921"
"72,1900";"2,4062";"2,5932"
"72,2000";"2,4066";"2,5943"
"72,2100";"2,4069";"2,5948"
"72,2200";"2,4074";"2,5939"
"72,2300";"2,4077";"2,5937"
"72,2400";"2,4081";"2,5942"
"72,2500";"2,4085";"2,5954"
"72,2600";"2,4088";"2,5957"
"72,2700";"2,4092";"2,5961"
"72,2800";"2,4094";"2,5965"
"72,2900";"2,4097";"2,5967"
"72,3000";"2,4101";"2,5959"
"72,3100";"2,4103";"2,5955"
"72,3200";"2,4106";"2,5966"
"72,3300";"2,4109";"2,5971"
"72,3400";"2,4112";"2,5977"
"72,3500";"2,4115";"2,5993"
"72,3600";"2,4119";"2,6018"
"72,3700";"2,4121";"2,6022"
"72,3800";"2,4125";"2,6004"
"72,3900";"2,4128";"2,5990"
"72,4000";"2,4132";"2,5991"
"72,4100";"2,4134";"2,6009"
"72,4200";"2,4138";"2,6017"
"72,4300";"2,4141";"2,6027"
"72,4400";"2,4145";"2,6034"
"72,4500";"2,4148";"2,6032"
"72,4600";"2,4152";"2,6031"
"72,4700";"2,4155";"2,6019"
"72,4800";"2,4159";"2,6011"
"72,4900";"2,4161";"2,6003"
"72,5000";"2,4164";"2,6001"
"72,5100";"2,4167";"2,6000"
"72,5200";"2,4171";"2,6005"
"72,5300";"2,4173";"2,6017"
"72,5400";"2,4177";"2,6039"
"72,5500";"2,4180";"2,6062"
"72,5600";"2,4184";"2,6078"
"72,5700";"2,4187";"2,6079"
"72,5800";"2,4192";"2,6068"
"72,5900";"2,4195";"2,6052"
"72,6000";"2,4199";"2,6059"
"72,6100";"2,4203";"2,6074"
"72,6200";"2,4206";"2,6080"
"72,6300";"2,4210";"2,6084"
"72,6400";"2,4213";"2,6097"
"72,6500";"2,4216";"2,6099"
"72,6600";"2,4218";"2,6092"
"72,6700";"2,4221";"2,6084"
"72,6800";"2,4224";"2,6085"
"72,6900";"2,4227";"2,6086"
"72,7000";"2,4231";"2,6080"
"72,7100";"2,4234";"2,6074"
"72,7200";"2,4238";"2,6083"
"72,7300";"2,4243";"2,6103"
"72,7400";"2,4246";"2,6125"
"72,7500";"2,4250";"2,6129"
"72,7600";"2,4253";"2,6104"
"72,7700";"2,4257";"2,6088"
"72,7800";"2,4260";"2,6081"
"72,7900";"2,4264";"2,6096"
"72,8000";"2,4267";"2,6113"
"72,8100";"2,4270";"2,6128"
"72,8200";"2,4273";"2,6130"
"72,8300";"2,4276";"2,6137"
"72,8400";"2,4279";"2,6157"
"72,8500";"2,4283";"2,6166"
"72,8600";"2,4285";"2,6150"
"72,8700";"2,4289";"2,6141"
"72,8800";"2,4293";"2,6148"
"72,8900";"2,4297";"2,6156"
"72,9000";"2,4301";"2,6170"
"72,9100";"2,4304";"2,6179"
"72,9200";"2,4308";"2,6180"
"72,9300";"2,4311";"2,6189"
"72,9400";"2,4315";"2,6185"
"72,9500";"2,4319";"2,6162"
"72,9600";"2,4323";"2,6169"
"72,9700";"2,4327";"2,6182"
"72,9800";"2,4329";"2,6193"
"72,9900";"2,4332";"2,6186"
"73,0000";"2,4335";"2,6175"
"73,0100";"2,4337";"2,6190"
"73,0200";"2,4341";"2,6199"
"73,0300";"2,4343";"2,6200"
"73,0400";"2,4347";"2,6185"
"73,0500";"2,4350";"2,6193"
"73,0600";"2,4354";"2,6208"
"73,0700";"2,4356";"2,6208"
"73,0800";"2,4360";"2,6194"
"73,0900";"2,4363";"2,6190"
"73,1000";"2,4367";"2,6196"
"73,1100";"2,4370";"2,6206"
"73,1200";"2,4374";"2,6216"
"73,1300";"2,4376";"2,6220"
"73,1400";"2,4380";"2,6216"
"73,1500";"2,4383";"2,6217"
"73,1600";"2,4386";"2,6211"
"73,1700";"2,4389";"2,6215"
"73,1800";"2,4393";"2,6230"
"73,1900";"2,4395";"2,6248"
"73,2000";"2,4399";"2,6250"
"73,2100";"2,4402";"2,6245"
"73,2200";"2,4406";"2,6237"
"73,2300";"2,4408";"2,6232"
"73,2400";"2,4412";"2,6247"
"73,2500";"2,4415";"2,6275"
"73,2600";"2,4419";"2,6277"
"73,2700";"2,4422";"2,6255"
"73,2800";"2,4426";"2,6230"
"73,2900";"2,4429";"2,6227"
"73,3000";"2,4433";"2,6236"
"73,3100";"2,4436";"2,6254"
"73,3200";"2,4440";"2,6255"
"73,3300";"2,4442";"2,6257"
"73,3400";"2,4445";"2,6266"
"73,3500";"2,4448";"2,6270"
"73,3600";"2,4452";"2,6281"
"73,3700";"2,4455";"2,6286"
"73,3800";"2,4459";"2,6282"
"73,3900";"2,4462";"2,6273"
"73,4000";"2,4466";"2,6283"
"73,4100";"2,4469";"2,6310"
"73,4200";"2,4473";"2,6326"
"73,4300";"2,4476";"2,6318"
"73,4400";"2,4480";"2,6291"
"73,4500";"2,4484";"2,6276"
"73,4600";"2,4487";"2,6291"
"73,4700";"2,4491";"2,6316"
"73,4800";"2,4494";"2,6321"
"73,4900";"2,4497";"2,6325"
"73,5000";"2,4500";"2,6344"
"73,5100";"2,4502";"2,6344"
"73,5200";"2,4506";"2,6332"
"73,5300";"2,4510";"2,6323"
"73,5400";"2,4512";"2,6326"
"73,5500";"2,4515";"2,6329"
"73,5600";"2,4519";"2,6333"
"73,5700";"2,4522";"2,6322"
"73,5800";"2,4526";"2,6322"
"73,5900";"2,4530";"2,6333"
"73,6000";"2,4533";"2,6345"
"73,6100";"2,4537";"2,6363"
"73,6200";"2,4540";"2,6380"
"73,6300";"2,4544";"2,6380"
"73,6400";"2,4547";"2,6370"
"73,6500";"2,4551";"2,6376"
"73,6600";"2,4554";"2,6379"
"73,6700";"2,4557";"2,6364"
"73,6800";"2,4559";"2,6351"
"73,6900";"2,4563";"2,6353"
"73,7000";"2,4565";"2,6374"
"73,7100";"2,4567";"2,6381"
"73,7200";"2,4571";"2,6353"
"73,7300";"2,4574";"2,6334"
"73,7400";"2,4577";"2,6357"
"73,7500";"2,4580";"2,6399"
"73,7600";"2,4584";"2,6408"
"73,7700";"2,4587";"2,6397"
"73,7800";"2,4591";"2,6388"
"73,7900";"2,4595";"2,6404"
"73,8000";"2,4599";"2,6412"
"73,8100";"2,4603";"2,6407"
"73,8200";"2,4606";"2,6393"
"73,8300";"2,4609";"2,6395"
"73,8400";"2,4611";"2,6410"
"73,8500";"2,4615";"2,6426"
"73,8600";"2,4617";"2,6434"
"73,8700";"2,4620";"2,6434"
"73,8800";"2,4624";"2,6426"
"73,8900";"2,4628";"2,6425"
"73,9000";"2,4631";"2,6431"
"73,9100";"2,4635";"2,6421"
"73,9200";"2,4638";"2,6402"
"73,9300";"2,4642";"2,6419"
"73,9400";"2,4645";"2,6444"
"73,9500";"2,4649";"2,6462"
"73,9600";"2,4652";"2,6451"
"73,9700";"2,4656";"2,6432"
"73,9800";"2,4659";"2,6447"
"73,9900";"2,4663";"2,6464"
"74,0000";"2,4665";"2,6458"
"74,0100";"2,4668";"2,6442"
"74,0200";"2,4671";"2,6442"
"74,0300";"2,4674";"2,6472"
"74,0400";"2,4677";"2,6508"
"74,0500";"2,4681";"2,6511"
"74,0600";"2,4684";"2,6499"
"74,0700";"2,4689";"2,6492"
"74,0800";"2,4692";"2,6488"
"74,0900";"2,4696";"2,6493"
"74,1000";"2,4700";"2,6489"
"74,1100";"2,4704";"2,6482"
"74,1200";"2,4708";"2,6481"
"74,1300";"2,4711";"2,6489"
"74,1400";"2,4715";"2,6503"
"74,1500";"2,4718";"2,6517"
"74,1600";"2,4721";"2,6509"
"74,1700";"2,4723";"2,6501"
"74,1800";"2,4727";"2,6494"
"74,1900";"2,4730";"2,6498"
"74,2000";"2,4733";"2,6512"
"74,2100";"2,4736";"2,6520"
"74,2200";"2,4740";"2,6548"
"74,2300";"2,4743";"2,6566"
"74,2400";"2,4747";"2,6554"
"74,2500";"2,4750";"2,6537"
"74,2600";"2,4754";"2,6527"
"74,2700";"2,4757";"2,6538"
"74,2800";"2,4761";"2,6540"
"74,2900";"2,4766";"2,6532"
"74,3000";"2,4769";"2,6509"
"74,3100";"2,4772";"2,6506"
"74,3200";"2,4775";"2,6540"
"74,3300";"2,4777";"2,6569"
"74,3400";"2,4781";"2,6580"
"74,3500";"2,4783";"2,6585"
"74,3600";"2,4786";"2,6581"
"74,3700";"2,4789";"2,6575"
"74,3800";"2,4792";"2,6568"
"74,3900";"2,4795";"2,6573"
"74,4000";"2,4799";"2,6585"
"74,4100";"2,4802";"2,6577"
"74,4200";"2,4805";"2,6575"
"74,4300";"2,4808";"2,6593"
"74,4400";"2,4812";"2,6596"
"74,4500";"2,4815";"2,6583"
"74,4600";"2,4819";"2,6578"
"74,4700";"2,4822";"2,6588"
"74,4800";"2,4826";"2,6595"
"74,4900";"2,4829";"2,6595"
"74,5000";"2,4833";"2,6595"
"74,5100";"2,4835";"2,6609"
"74,5200";"2,4839";"2,6645"
"74,5300";"2,4841";"2,6656"
"74,5400";"2,4845";"2,6628"
"74,5500";"2,4847";"2,6606"
"74,5600";"2,4851";"2,6615"
"74,5700";"2,4854";"2,6631"
"74,5800";"2,4858";"2,6631"
"74,5900";"2,4861";"2,6613"
"74,6000";"2,4865";"2,6619"
"74,6100";"2,4868";"2,6634"
"74,6200";"2,4873";"2,6652"
"74,6300";"2,4877";"2,6650"
"74,6400";"2,4880";"2,6649"
"74,6500";"2,4884";"2,6638"
"74,6600";"2,4887";"2,6642"
"74,6700";"2,4890";"2,6664"
"74,6800";"2,4892";"2,6667"
"74,6900";"2,4896";"2,6664"
"74,7000";"2,4898";"2,6666"
"74,7100";"2,4901";"2,6685"
"74,7200";"2,4905";"2,6701"
"74,7300";"2,4909";"2,6695"
"74,7400";"2,4912";"2,6667"
"74,7500";"2,4916";"2,6660"
"74,7600";"2,4919";"2,6681"
"74,7700";"2,4923";"2,6704"
"74,7800";"2,4926";"2,6711"
"74,7900";"2,4931";"2,6707"
"74,8000";"2,4935";"2,6707"
"74,8100";"2,4938";"2,6714"
"74,8200";"2,4940";"2,6709"
"74,8300";"2,4944";"2,6697"
"74,8400";"2,4946";"2,6690"
"74,8500";"2,4950";"2,6709"
"74,8600";"2,4953";"2,6737"
"74,8700";"2,4956";"2,6746"
"74,8800";"2,4959";"2,6745"
"74,8900";"2,4963";"2,6751"
"74,9000";"2,4966";"2,6764"
"74,9100";"2,4970";"2,6761"
"74,9200";"2,4973";"2,6748"
"74,9300";"2,4977";"2,6731"
"74,9400";"2,4981";"2,6714"
"74,9500";"2,4984";"2,6721"
"74,9600";"2,4989";"2,6744"
"74,9700";"2,4992";"2,6741"
"74,9800";"2,4996";"2,6711"
"74,9900";"2,4998";"2,6695"
"75,0000";"2,5002";"2,6715"
"75,0100";"2,5005";"2,6758"
"75,0200";"2,5008";"2,6789"
"75,0300";"2,5011";"2,6788"
"75,0400";"2,5014";"2,6788"
"75,0500";"2,5017";"2,6793"
"75,0600";"2,5020";"2,6782"
"75,0700";"2,5023";"2,6759"
"75,0800";"2,5027";"2,6750"
"75,0900";"2,5029";"2,6768"
"75,1000";"2,5032";"2,6786"
"75,1100";"2,5036";"2,6791"
"75,1200";"2,5040";"2,6786"
"75,1300";"2,5043";"2,6793"
"75,1400";"2,5047";"2,6783"
"75,1500";"2,5050";"2,6766"
"75,1600";"2,5054";"2,6758"
"75,1700";"2,5057";"2,6771"
"75,1800";"2,5060";"2,6801"
"75,1900";"2,5063";"2,6824"
"75,2000";"2,5066";"2,6827"
"75,2100";"2,5069";"2,6816"
"75,2200";"2,5071";"2,6801"
"75,2300";"2,5075";"2,6788"
"75,2400";"2,5079";"2,6781"
"75,2500";"2,5082";"2,6786"
"75,2600";"2,5086";"2,6792"
"75,2700";"2,5089";"2,6795"
"75,2800";"2,5093";"2,6806"
"75,2900";"2,5096";"2,6825"
"75,3000";"2,5100";"2,6841"
"75,3100";"2,5103";"2,6843"
"75,3200";"2,5107";"2,6833"
"75,3300";"2,5110";"2,6824"
"75,3400";"2,5113";"2,6818"
"75,3500";"2,5116";"2,6824"
"75,3600";"2,5119";"2,6858"
"75,3700";"2,5122";"2,6894"
"75,3800";"2,5125";"2,6892"
"75,3900";"2,5128";"2,6862"
"75,4000";"2,5132";"2,6854"
"75,4100";"2,5136";"2,6876"
"75,4200";"2,5140";"2,6870"
"75,4300";"2,5143";"2,6836"
"75,4400";"2,5147";"2,6822"
"75,4500";"2,5151";"2,6855"
"75,4600";"2,5154";"2,6893"
"75,4700";"2,5159";"2,6911"
"75,4800";"2,5162";"2,6896"
"75,4900";"2,5165";"2,6890"
"75,5000";"2,5168";"2,6893"
"75,5100";"2,5171";"2,6905"
"75,5200";"2,5174";"2,6908"
"75,5300";"2,5177";"2,6906"
"75,5400";"2,5180";"2,6912"
"75,5500";"2,5184";"2,6916"
"75,5600";"2,5186";"2,6922"
"75,5700";"2,5190";"2,6928"
"75,5800";"2,5194";"2,6938"
"75,5900";"2,5198";"2,6941"
"75,6000";"2,5201";"2,6943"
"75,6100";"2,5205";"2,6934"
"75,6200";"2,5208";"2,6933"
"75,6300";"2,5212";"2,6948"
"75,6400";"2,5215";"2,6960"
"75,6500";"2,5219";"2,6966"
"75,6600";"2,5223";"2,6949"
"75,6700";"2,5225";"2,6935"
"75,6800";"2,5228";"2,6945"
"75,6900";"2,5231";"2,6981"
"75,7000";"2,5233";"2,6996"
"75,7100";"2,5236";"2,6965"
"75,7200";"2,5239";"2,6938"
"75,7300";"2,5243";"2,6947"
"75,7400";"2,5245";"2,6968"
"75,7500";"2,5249";"2,6982"
"75,7600";"2,5252";"2,6979"
"75,7700";"2,5254";"2,6982"
"75,7800";"2,5258";"2,6982"
"75,7900";"2,5262";"2,6982"
"75,8000";"2,5265";"2,6979"
"75,8100";"2,5269";"2,6996"
"75,8200";"2,5272";"2,7010"
"75,8300";"2,5276";"2,7012"
"75,8400";"2,5279";"2,7003"
"75,8500";"2,5283";"2,6995"
"75,8600";"2,5285";"2,7000"
"75,8700";"2,5289";"2,7013"
"75,8800";"2,5291";"2,7008"
"75,8900";"2,5295";"2,6991"
"75,9000";"2,5298";"2,6978"
"75,9100";"2,5302";"2,6986"
"75,9200";"2,5305";"2,7008"
"75,9300";"2,5309";"2,7025"
"75,9400";"2,5312";"2,7022"
"75,9500";"2,5316";"2,7009"
"75,9600";"2,5318";"2,7009"
"75,9700";"2,5323";"2,7038"
"75,9800";"2,5326";"2,7063"
"75,9900";"2,5330";"2,7066"
"76,0000";"2,5334";"2,7039"
"76,0100";"2,5337";"2,7025"
"76,0200";"2,5339";"2,7038"
"76,0300";"2,5343";"2,7048"
"76,0400";"2,5347";"2,7059"
"76,0500";"2,5350";"2,7056"
"76,0600";"2,5352";"2,7056"
"76,0700";"2,5356";"2,7058"
"76,0800";"2,5360";"2,7060"
"76,0900";"2,5363";"2,7060"
"76,1000";"2,5367";"2,7060"
"76,1100";"2,5370";"2,7068"
"76,1200";"2,5375";"2,7080"
"76,1300";"2,5378";"2,7088"
"76,1400";"2,5382";"2,7100"
"76,1500";"2,5384";"2,7117"
"76,1600";"2,5388";"2,7116"
"76,1700";"2,5390";"2,7101"
"76,1800";"2,5394";"2,7085"
"76,1900";"2,5396";"2,7080"
"76,2000";"2,5398";"2,7076"
"76,2100";"2,5402";"2,7074"
"76,2200";"2,5406";"2,7083"
"76,2300";"2,5408";"2,7099"
"76,2400";"2,5411";"2,7101"
"76,2500";"2,5415";"2,7086"
"76,2600";"2,5419";"2,7078"
"76,2700";"2,5422";"2,7087"
"76,2800";"2,5426";"2,7097"
"76,2900";"2,5429";"2,7116"
"76,3000";"2,5434";"2,7132"
"76,3100";"2,5436";"2,7143"
"76,3200";"2,5441";"2,7152"
"76,3300";"2,5443";"2,7145"
"76,3400";"2,5447";"2,7132"
"76,3500";"2,5450";"2,7118"
"76,3600";"2,5454";"2,7109"
"76,3700";"2,5456";"2,7121"
"76,3800";"2,5459";"2,7141"
"76,3900";"2,5462";"2,7144"
"76,4000";"2,5465";"2,7132"
"76,4100";"2,5468";"2,7136"
"76,4200";"2,5472";"2,7163"
"76,4300";"2,5474";"2,7184"
"76,4400";"2,5478";"2,7188"
"76,4500";"2,5481";"2,7171"
"76,4600";"2,5485";"2,7166"
"76,4700";"2,5488";"2,7182"
"76,4800";"2,5492";"2,7197"
"76,4900";"2,5495";"2,7192"
"76,5000";"2,5500";"2,7186"
"76,5100";"2,5504";"2,7194"
"76,5200";"2,5506";"2,7194"
"76,5300";"2,5509";"2,7174"
"76,5400";"2,5512";"2,7176"
"76,5500";"2,5515";"2,7201"
"76,5600";"2,5518";"2,7210"
"76,5700";"2,5521";"2,7198"
"76,5800";"2,5525";"2,7187"
"76,5900";"2,5528";"2,7179"
"76,6000";"2,5531";"2,7185"
"76,6100";"2,5534";"2,7195"
"76,6200";"2,5538";"2,7197"
"76,6300";"2,5541";"2,7198"
"76,6400";"2,5545";"2,7199"
"76,6500";"2,5548";"2,7201"
"76,6600";"2,5552";"2,7218"
"76,6700";"2,5555";"2,7232"
"76,6800";"2,5559";"2,7239"
"76,6900";"2,5561";"2,7222"
"76,7000";"2,5564";"2,7213"
"76,7100";"2,5567";"2,7236"
"76,7200";"2,5571";"2,7256"
"76,7300";"2,5573";"2,7262"
"76,7400";"2,5577";"2,7264"
"76,7500";"2,5580";"2,7266"
"76,7600";"2,5584";"2,7260"
"76,7700";"2,5589";"2,7244"
"76,7800";"2,5592";"2,7238"
"76,7900";"2,5596";"2,7245"
"76,8000";"2,5599";"2,7265"
"76,8100";"2,5604";"2,7263"
"76,8200";"2,5607";"2,7259"
"76,8300";"2,5611";"2,7270"
"76,8400";"2,5613";"2,7293"
"76,8500";"2,5616";"2,7298"
"76,8600";"2,5619";"2,7286"
"76,8700";"2,5623";"2,7259"
"76,8800";"2,5625";"2,7257"
"76,8900";"2,5629";"2,7263"
"76,9000";"2,5632";"2,7261"
"76,9100";"2,5636";"2,7277"
"76,9200";"2,5638";"2,7300"
"76,9300";"2,5643";"2,7301"
"76,9400";"2,5646";"2,7308"
"76,9500";"2,5650";"2,7308"
"76,9600";"2,5653";"2,7298"
"76,9700";"2,5658";"2,7295"
"76,9800";"2,5662";"2,7293"
"76,9900";"2,5665";"2,7299"
"77,0000";"2,5669";"2,7326"
"77,0100";"2,5672";"2,7351"
"77,0200";"2,5676";"2,7353"
"77,0300";"2,5678";"2,7353"
"77,0400";"2,5682";"2,7347"
"77,0500";"2,5684";"2,7331"
"77,0600";"2,5687";"2,7324"
"77,0700";"2,5690";"2,7340"
"77,0800";"2,5692";"2,7360"
"77,0900";"2,5696";"2,7374"
"77,1000";"2,5700";"2,7389"
"77,1100";"2,5702";"2,7395"
"77,1200";"2,5705";"2,7388"
"77,1300";"2,5709";"2,7379"
"77,1400";"2,5711";"2,7359"
"77,1500";"2,5715";"2,7353"
"77,1600";"2,5718";"2,7363"
"77,1700";"2,5722";"2,7378"
"77,1800";"2,5725";"2,7375"
"77,1900";"2,5729";"2,7360"
"77,2000";"2,5731";"2,7371"
"77,2100";"2,5734";"2,7389"
"77,2200";"2,5737";"2,7398"
"77,2300";"2,5741";"2,7401"
"77,2400";"2,5743";"2,7407"
"77,2500";"2,5747";"2,7408"
"77,2600";"2,5750";"2,7400"
"77,2700";"2,5754";"2,7408"
"77,2800";"2,5757";"2,7427"
"77,2900";"2,5761";"2,7438"
"77,3000";"2,5764";"2,7425"
"77,3100";"2,5768";"2,7421"
"77,3200";"2,5773";"2,7433"
"77,3300";"2,5776";"2,7450"
"77,3400";"2,5780";"2,7440"
"77,3500";"2,5783";"2,7428"
"77,3600";"2,5787";"2,7427"
"77,3700";"2,5789";"2,7439"
"77,3800";"2,5793";"2,7458"
"77,3900";"2,5795";"2,7452"
"77,4000";"2,5799";"2,7442"
"77,4100";"2,5802";"2,7438"
"77,4200";"2,5806";"2,7442"
"77,4300";"2,5809";"2,7440"
"77,4400";"2,5813";"2,7436"
"77,4500";"2,5816";"2,7445"
"77,4600";"2,5820";"2,7472"
"77,4700";"2,5825";"2,7486"
"77,4800";"2,5828";"2,7484"
"77,4900";"2,5832";"2,7474"
"77,5000";"2,5835";"2,7464"
"77,5100";"2,5838";"2,7468"
"77,5200";"2,5840";"2,7485"
"77,5300";"2,5844";"2,7491"
"77,5400";"2,5846";"2,7489"
"77,5500";"2,5849";"2,7495"
"77,5600";"2,5852";"2,7499"
"77,5700";"2,5855";"2,7515"
"77,5800";"2,5859";"2,7518"
"77,5900";"2,5862";"2,7510"
"77,6000";"2,5866";"2,7506"
"77,6100";"2,5870";"2,7506"
"77,6200";"2,5873";"2,7507"
"77,6300";"2,5877";"2,7507"
"77,6400";"2,5880";"2,7518"
"77,6500";"2,5884";"2,7533"
"77,6600";"2,5887";"2,7542"
"77,6700";"2,5891";"2,7533"
"77,6800";"2,5893";"2,7526"
"77,6900";"2,5897";"2,7530"
"77,7000";"2,5900";"2,7535"
"77,7100";"2,5904";"2,7535"
"77,7200";"2,5906";"2,7534"
"77,7300";"2,5910";"2,7535"
"77,7400";"2,5912";"2,7540"
"77,7500";"2,5916";"2,7551"
"77,7600";"2,5919";"2,7563"
"77,7700";"2,5923";"2,7563"
"77,7800";"2,5925";"2,7557"
"77,7900";"2,5929";"2,7546"
"77,8000";"2,5932";"2,7534"
"77,8100";"2,5936";"2,7539"
"77,8200";"2,5939";"2,7547"
"77,8300";"2,5943";"2,7550"
"77,8400";"2,5946";"2,7540"
"77,8500";"2,5950";"2,7535"
"77,8600";"2,5952";"2,7552"
"77,8700";"2,5956";"2,7566"
"77,8800";"2,5958";"2,7590"
"77,8900";"2,5962";"2,7605"
"77,9000";"2,5965";"2,7607"
"77,9100";"2,5967";"2,7603"
"77,9200";"2,5971";"2,7588"
"77,9300";"2,5975";"2,7577"
"77,9400";"2,5978";"2,7563"
"77,9500";"2,5982";"2,7563"
"77,9600";"2,5985";"2,7567"
"77,9700";"2,5989";"2,7603"
"77,9800";"2,5992";"2,7631"
"77,9900";"2,5996";"2,7642"
"78,0000";"2,5999";"2,7634"
"78,0100";"2,6003";"2,7630"
"78,0200";"2,6006";"2,7629"
"78,0300";"2,6009";"2,7615"
"78,0400";"2,6011";"2,7602"
"78,0500";"2,6015";"2,7605"
"78,0600";"2,6017";"2,7616"
"78,0700";"2,6021";"2,7630"
"78,0800";"2,6024";"2,7644"
"78,0900";"2,6028";"2,7657"
"78,1000";"2,6031";"2,7665"
"78,1100";"2,6035";"2,7652"
"78,1200";"2,6038";"2,7636"
"78,1300";"2,6043";"2,7639"
"78,1400";"2,6047";"2,7664"
"78,1500";"2,6050";"2,7697"
"78,1600";"2,6054";"2,7708"
"78,1700";"2,6057";"2,7698"
"78,1800";"2,6061";"2,7689"
"78,1900";"2,6063";"2,7691"
"78,2000";"2,6067";"2,7689"
"78,2100";"2,6069";"2,7679"
"78,2200";"2,6073";"2,7654"
"78,2300";"2,6076";"2,7634"
"78,2400";"2,6078";"2,7647"
"78,2500";"2,6082";"2,7696"
"78,2600";"2,6086";"2,7724"
"78,2700";"2,6089";"2,7722"
"78,2800";"2,6093";"2,7702"
"78,2900";"2,6096";"2,7683"
"78,3000";"2,6100";"2,7680"
"78,3100";"2,6104";"2,7685"
"78,3200";"2,6108";"2,7680"
"78,3300";"2,6112";"2,7687"
"78,3400";"2,6114";"2,7718"
"78,3500";"2,6117";"2,7753"
"78,3600";"2,6121";"2,7765"
"78,3700";"2,6123";"2,7755"
"78,3800";"2,6127";"2,7753"
"78,3900";"2,6129";"2,7749"
"78,4000";"2,6133";"2,7719"
"78,4100";"2,6135";"2,7687"
"78,4200";"2,6139";"2,7700"
"78,4300";"2,6142";"2,7745"
"78,4400";"2,6146";"2,7779"
"78,4500";"2,6148";"2,7777"
"78,4600";"2,6152";"2,7765"
"78,4700";"2,6155";"2,7758"
"78,4800";"2,6159";"2,7747"
"78,4900";"2,6162";"2,7737"
"78,5000";"2,6166";"2,7724"
"78,5100";"2,6169";"2,7728"
"78,5200";"2,6173";"2,7764"
"78,5300";"2,6176";"2,7805"
"78,5400";"2,6180";"2,7848"
"78,5500";"2,6182";"2,7858"
"78,5600";"2,6186";"2,7816"
"78,5700";"2,6188";"2,7780"
"78,5800";"2,6192";"2,7770"
"78,5900";"2,6194";"2,7781"
"78,6000";"2,6198";"2,7787"
"78,6100";"2,6201";"2,7792"
"78,6200";"2,6205";"2,7805"
"78,6300";"2,6208";"2,7847"
"78,6400";"2,6212";"2,7875"
"78,6500";"2,6215";"2,7842"
"78,6600";"2,6219";"2,7793"
"78,6700";"2,6222";"2,7768"
"78,6800";"2,6227";"2,7766"
"78,6900";"2,6231";"2,7788"
"78,7000";"2,6234";"2,7821"
"78,7100";"2,6237";"2,7849"
"78,7200";"2,6240";"2,7868"
"78,7300";"2,6243";"2,7870"
"78,7400";"2,6246";"2,7846"
"78,7500";"2,6248";"2,7820"
"78,7600";"2,6253";"2,7806"
"78,7700";"2,6257";"2,7808"
"78,7800";"2,6260";"2,7827"
"78,7900";"2,6264";"2,7853"
"78,8000";"2,6267";"2,7872"
"78,8100";"2,6271";"2,7878"
"78,8200";"2,6276";"2,7893"
"78,8300";"2,6279";"2,7898"
"78,8400";"2,6282";"2,7885"
"78,8500";"2,6285";"2,7860"
"78,8600";"2,6287";"2,7848"
"78,8700";"2,6291";"2,7871"
"78,8800";"2,6293";"2,7899"
"78,8900";"2,6297";"2,7893"
"78,9000";"2,6300";"2,7880"
"78,9100";"2,6304";"2,7884"
"78,9200";"2,6307";"2,7891"
"78,9300";"2,6311";"2,7888"
"78,9400";"2,6315";"2,7885"
"78,9500";"2,6318";"2,7879"
"78,9600";"2,6322";"2,7878"
"78,9700";"2,6325";"2,7881"
"78,9800";"2,6329";"2,7894"
"78,9900";"2,6332";"2,7902"
"79,0000";"2,6335";"2,7899"
"79,0100";"2,6338";"2,7893"
"79,0200";"2,6342";"2,7903"
"79,0300";"2,6345";"2,7919"
"79,0400";"2,6348";"2,7919"
"79,0500";"2,6351";"2,7900"
"79,0600";"2,6354";"2,7893"
"79,0700";"2,6356";"2,7908"
"79,0800";"2,6359";"2,7914"
"79,0900";"2,6362";"2,7915"
"79,1000";"2,6365";"2,7921"
"79,1100";"2,6369";"2,7932"
"79,1200";"2,6371";"2,7942"
"79,1300";"2,6375";"2,7944"
"79,1400";"2,6378";"2,7937"
"79,1500";"2,6382";"2,7940"
"79,1600";"2,6385";"2,7945"
"79,1700";"2,6389";"2,7939"
"79,1800";"2,6392";"2,7923"
"79,1900";"2,6396";"2,7929"
"79,2000";"2,6400";"2,7958"
"79,2100";"2,6403";"2,7978"
"79,2200";"2,6405";"2,7991"
"79,2300";"2,6409";"2,7997"
"79,2400";"2,6411";"2,8002"
"79,2500";"2,6415";"2,8002"
"79,2600";"2,6418";"2,8000"
"79,2700";"2,6421";"2,7986"
"79,2800";"2,6424";"2,7972"
"79,2900";"2,6428";"2,7970"
"79,3000";"2,6431";"2,7962"
"79,3100";"2,6435";"2,7965"
"79,3200";"2,6439";"2,7977"
"79,3300";"2,6442";"2,7973"
"79,3400";"2,6446";"2,7976"
"79,3500";"2,6449";"2,7997"
"79,3600";"2,6453";"2,8020"
"79,3700";"2,6456";"2,8016"
"79,3800";"2,6460";"2,8007"
"79,3900";"2,6462";"2,8001"
"79,4000";"2,6466";"2,8009"
"79,4100";"2,6468";"2,8024"
"79,4200";"2,6472";"2,8015"
"79,4300";"2,6475";"2,8003"
"79,4400";"2,6479";"2,8005"
"79,4500";"2,6482";"2,8020"
"79,4600";"2,6486";"2,8040"
"79,4700";"2,6489";"2,8064"
"79,4800";"2,6493";"2,8082"
"79,4900";"2,6498";"2,8082"
"79,5000";"2,6501";"2,8078"
"79,5100";"2,6505";"2,8082"
"79,5200";"2,6508";"2,8079"
"79,5300";"2,6511";"2,8063"
"79,5400";"2,6514";"2,8051"
"79,5500";"2,6516";"2,8047"
"79,5600";"2,6520";"2,8070"
"79,5700";"2,6524";"2,8084"
"79,5800";"2,6527";"2,8085"
"79,5900";"2,6531";"2,8085"
"79,6000";"2,6534";"2,8096"
"79,6100";"2,6538";"2,8102"
"79,6200";"2,6541";"2,8093"
"79,6300";"2,6545";"2,8084"
"79,6400";"2,6548";"2,8083"
"79,6500";"2,6552";"2,8090"
"79,6600";"2,6555";"2,8089"
"79,6700";"2,6559";"2,8080"
"79,6800";"2,6561";"2,8083"
"79,6900";"2,6565";"2,8109"
"79,7000";"2,6568";"2,8130"
"79,7100";"2,6571";"2,8125"
"79,7200";"2,6574";"2,8117"
"79,7300";"2,6577";"2,8109"
"79,7400";"2,6579";"2,8124"
"79,7500";"2,6583";"2,8142"
"79,7600";"2,6585";"2,8143"
"79,7700";"2,6588";"2,8127"
"79,7800";"2,6591";"2,8116"
"79,7900";"2,6594";"2,8124"
"79,8000";"2,6598";"2,8148"
"79,8100";"2,6601";"2,8164"
"79,8200";"2,6605";"2,8149"
"79,8300";"2,6609";"2,8123"
"79,8400";"2,6612";"2,8124"
"79,8500";"2,6616";"2,8145"
"79,8600";"2,6619";"2,8153"
"79,8700";"2,6623";"2,8137"
"79,8800";"2,6626";"2,8132"
"79,8900";"2,6629";"2,8153"
"79,9000";"2,6632";"2,8169"
"79,9100";"2,6635";"2,8169"
"79,9200";"2,6638";"2,8171"
"79,9300";"2,6640";"2,8174"
"79,9400";"2,6644";"2,8166"
"79,9500";"2,6647";"2,8152"
"79,9600";"2,6651";"2,8154"
"79,9700";"2,6655";"2,8188"
"79,9800";"2,6658";"2,8213"
"79,9900";"2,6662";"2,8211"
"80,0000";"2,6665";"2,8203"
"80,0100";"2,6669";"2,8203"
"80,0200";"2,6672";"2,8205"
"80,0300";"2,6676";"2,8197"
"80,0400";"2,6679";"2,8190"
"80,0500";"2,6683";"2,8198"
"80,0600";"2,6685";"2,8224"
"80,0700";"2,6689";"2,8243"
"80,0800";"2,6691";"2,8249"
"80,0900";"2,6695";"2,8238"
"80,1000";"2,6697";"2,8214"
"80,1100";"2,6701";"2,8192"
"80,1200";"2,6704";"2,8191"
"80,1300";"2,6708";"2,8208"
"80,1400";"2,6712";"2,8225"
"80,1500";"2,6716";"2,8243"
"80,1600";"2,6720";"2,8257"
"80,1700";"2,6723";"2,8254"
"80,1800";"2,6728";"2,8245"
"80,1900";"2,6730";"2,8229"
"80,2000";"2,6734";"2,8230"
"80,2100";"2,6736";"2,8239"
"80,2200";"2,6740";"2,8236"
"80,2300";"2,6742";"2,8223"
"80,2400";"2,6745";"2,8229"
"80,2500";"2,6749";"2,8258"
"80,2600";"2,6751";"2,8278"
"80,2700";"2,6755";"2,8266"
"80,2800";"2,6758";"2,8244"
"80,2900";"2,6762";"2,8235"
"80,3000";"2,6766";"2,8252"
"80,3100";"2,6769";"2,8267"
"80,3200";"2,6773";"2,8268"
"80,3300";"2,6776";"2,8273"
"80,3400";"2,6780";"2,8282"
"80,3500";"2,6783";"2,8300"
"80,3600";"2,6787";"2,8311"
"80,3700";"2,6790";"2,8303"
"80,3800";"2,6794";"2,8288"
"80,3900";"2,6797";"2,8278"
"80,4000";"2,6801";"2,8281"
"80,4100";"2,6803";"2,8307"
"80,4200";"2,6806";"2,8334"
"80,4300";"2,6809";"2,8349"
"80,4400";"2,6813";"2,8350"
"80,4500";"2,6816";"2,8336"
"80,4600";"2,6819";"2,8314"
"80,4700";"2,6822";"2,8294"
"80,4800";"2,6826";"2,8294"
"80,4900";"2,6829";"2,8310"
"80,5000";"2,6833";"2,8329"
"80,5100";"2,6836";"2,8334"
"80,5200";"2,6839";"2,8322"
"80,5300";"2,6842";"2,8317"
"80,5400";"2,6846";"2,8330"
"80,5500";"2,6849";"2,8344"
"80,5600";"2,6853";"2,8349"
"80,5700";"2,6856";"2,8359"
"80,5800";"2,6859";"2,8388"
"80,5900";"2,6862";"2,8408"
"80,6000";"2,6865";"2,8406"
"80,6100";"2,6868";"2,8396"
"80,6200";"2,6872";"2,8387"
"80,6300";"2,6874";"2,8381"
"80,6400";"2,6878";"2,8381"
"80,6500";"2,6881";"2,8392"
"80,6600";"2,6885";"2,8407"
"80,6700";"2,6888";"2,8415"
"80,6800";"2,6893";"2,8421"
"80,6900";"2,6897";"2,8414"
"80,7000";"2,6900";"2,8400"
"80,7100";"2,6904";"2,8391"
"80,7200";"2,6907";"2,8385"
"80,7300";"2,6910";"2,8385"
"80,7400";"2,6912";"2,8378"
"80,7500";"2,6915";"2,8385"
"80,7600";"2,6919";"2,8408"
"80,7700";"2,6923";"2,8435"
"80,7800";"2,6926";"2,8458"
"80,7900";"2,6930";"2,8458"
"80,8000";"2,6933";"2,8438"
"80,8100";"2,6937";"2,8417"
"80,8200";"2,6940";"2,8413"
"80,8300";"2,6945";"2,8415"
"80,8400";"2,6949";"2,8404"
"80,8500";"2,6952";"2,8404"
"80,8600";"2,6956";"2,8427"
"80,8700";"2,6958";"2,8461"
"80,8800";"2,6962";"2,8474"
"80,8900";"2,6964";"2,8467"
"80,9000";"2,6966";"2,8457"
"80,9100";"2,6969";"2,8458"
"80,9200";"2,6972";"2,8460"
"80,9300";"2,6976";"2,8458"
"80,9400";"2,6979";"2,8471"
"80,9500";"2,6983";"2,8495"
"80,9600";"2,6986";"2,8497"
"80,9700";"2,6990";"2,8472"
"80,9800";"2,6995";"2,8445"
"80,9900";"2,6997";"2,8448"
"81,0000";"2,7000";"2,8466"
"81,0100";"2,7004";"2,8479"
"81,0200";"2,7008";"2,8481"
"81,0300";"2,7011";"2,8483"
"81,0400";"2,7015";"2,8499"
"81,0500";"2,7017";"2,8520"
"81,0600";"2,7021";"2,8527"
"81,0700";"2,7023";"2,8511"
"81,0800";"2,7026";"2,8492"
"81,0900";"2,7029";"2,8504"
"81,1000";"2,7032";"2,8544"
"81,1100";"2,7035";"2,8568"
"81,1200";"2,7038";"2,8546"
"81,1300";"2,7042";"2,8523"
"81,1400";"2,7045";"2,8516"
"81,1500";"2,7048";"2,8519"
"81,1600";"2,7051";"2,8519"
"81,1700";"2,7055";"2,8507"
"81,1800";"2,7058";"2,8499"
"81,1900";"2,7063";"2,8510"
"81,2000";"2,7065";"2,8518"
"81,2100";"2,7069";"2,8521"
"81,2200";"2,7072";"2,8526"
"81,2300";"2,7076";"2,8540"
"81,2400";"2,7080";"2,8557"
"81,2500";"2,7082";"2,8561"
"81,2600";"2,7084";"2,8554"
"81,2700";"2,7088";"2,8557"
"81,2800";"2,7091";"2,8565"
"81,2900";"2,7095";"2,8556"
"81,3000";"2,7097";"2,8545"
"81,3100";"2,7102";"2,8549"
"81,3200";"2,7106";"2,8561"
"81,3300";"2,7109";"2,8570"
"81,3400";"2,7113";"2,8577"
"81,3500";"2,7117";"2,8588"
"81,3600";"2,7121";"2,8592"
"81,3700";"2,7124";"2,8608"
"81,3800";"2,7128";"2,8613"
"81,3900";"2,7132";"2,8602"
"81,4000";"2,7134";"2,8595"
"81,4100";"2,7136";"2,8604"
"81,4200";"2,7140";"2,8619"
"81,4300";"2,7142";"2,8627"
"81,4400";"2,7146";"2,8613"
"81,4500";"2,7149";"2,8593"
"81,4600";"2,7153";"2,8593"
"81,4700";"2,7156";"2,8603"
"81,4800";"2,7160";"2,8608"
"81,4900";"2,7163";"2,8604"
"81,5000";"2,7167";"2,8591"
"81,5100";"2,7170";"2,8597"
"81,5200";"2,7174";"2,8612"
"81,5300";"2,7178";"2,8623"
"81,5400";"2,7180";"2,8628"
"81,5500";"2,7183";"2,8636"
"81,5600";"2,7187";"2,8640"
"81,5700";"2,7191";"2,8635"
"81,5800";"2,7194";"2,8626"
"81,5900";"2,7196";"2,8624"
"81,6000";"2,7200";"2,8643"
"81,6100";"2,7204";"2,8658"
"81,6200";"2,7207";"2,8657"
"81,6300";"2,7211";"2,8655"
"81,6400";"2,7214";"2,8661"
"81,6500";"2,7218";"2,8666"
"81,6600";"2,7221";"2,8668"
"81,6700";"2,7225";"2,8660"
"81,6800";"2,7228";"2,8652"
"81,6900";"2,7232";"2,8660"
"81,7000";"2,7234";"2,8689"
"81,7100";"2,7238";"2,8701"
"81,7200";"2,7241";"2,8698"
"81,7300";"2,7244";"2,8693"
"81,7400";"2,7247";"2,8687"
"81,7500";"2,7250";"2,8693"
"81,7600";"2,7252";"2,8703"
"81,7700";"2,7255";"2,8703"
"81,7800";"2,7258";"2,8692"
"81,7900";"2,7261";"2,8701"
"81,8000";"2,7265";"2,8725"
"81,8100";"2,7267";"2,8729"
"81,8200";"2,7271";"2,8710"
"81,8300";"2,7276";"2,8698"
"81,8400";"2,7279";"2,8691"
"81,8500";"2,7281";"2,8689"
"81,8600";"2,7285";"2,8693"
"81,8700";"2,7289";"2,8720"
"81,8800";"2,7292";"2,8746"
"81,8900";"2,7296";"2,8754"
"81,9000";"2,7298";"2,8734"
"81,9100";"2,7302";"2,8719"
"81,9200";"2,7304";"2,8722"
"81,9300";"2,7307";"2,8721"
"81,9400";"2,7310";"2,8721"
"81,9500";"2,7313";"2,8722"
"81,9600";"2,7317";"2,8735"
"81,9700";"2,7319";"2,8755"
"81,9800";"2,7323";"2,8763"
"81,9900";"2,7327";"2,8754"
"82,0000";"2,7330";"2,8743"
"82,0100";"2,7335";"2,8740"
"82,0200";"2,7338";"2,8739"
"82,0300";"2,7342";"2,8747"
"82,0400";"2,7345";"2,8776"
"82,0500";"2,7349";"2,8802"
"82,0600";"2,7353";"2,8805"
"82,0700";"2,7356";"2,8787"
"82,0800";"2,7359";"2,8776"
"82,0900";"2,7363";"2,8780"
"82,1000";"2,7365";"2,8781"
"82,1100";"2,7368";"2,8789"
"82,1200";"2,7371";"2,8790"
"82,1300";"2,7375";"2,8785"
"82,1400";"2,7378";"2,8792"
"82,1500";"2,7382";"2,8806"
"82,1600";"2,7385";"2,8825"
"82,1700";"2,7389";"2,8827"
"82,1800";"2,7392";"2,8818"
"82,1900";"2,7397";"2,8815"
"82,2000";"2,7401";"2,8828"
"82,2100";"2,7404";"2,8845"
"82,2200";"2,7408";"2,8834"
"82,2300";"2,7411";"2,8815"
"82,2400";"2,7415";"2,8813"
"82,2500";"2,7417";"2,8842"
"82,2600";"2,7420";"2,8860"
"82,2700";"2,7423";"2,8855"
"82,2800";"2,7427";"2,8841"
"82,2900";"2,7430";"2,8832"
"82,3000";"2,7434";"2,8836"
"82,3100";"2,7437";"2,8848"
"82,3200";"2,7441";"2,8866"
"82,3300";"2,7444";"2,8879"
"82,3400";"2,7448";"2,8876"
"82,3500";"2,7451";"2,8873"
"82,3600";"2,7455";"2,8868"
"82,3700";"2,7459";"2,8876"
"82,3800";"2,7462";"2,8869"
"82,3900";"2,7466";"2,8864"
"82,4000";"2,7469";"2,8867"
"82,4100";"2,7472";"2,8877"
"82,4200";"2,7474";"2,8881"
"82,4300";"2,7477";"2,8878"
"82,4400";"2,7480";"2,8877"
"82,4500";"2,7483";"2,8872"
"82,4600";"2,7487";"2,8869"
"82,4700";"2,7489";"2,8877"
"82,4800";"2,7493";"2,8904"
"82,4900";"2,7496";"2,8924"
"82,5000";"2,7500";"2,8918"
"82,5100";"2,7503";"2,8905"
"82,5200";"2,7507";"2,8897"
"82,5300";"2,7510";"2,8905"
"82,5400";"2,7514";"2,8909"
"82,5500";"2,7518";"2,8894"
"82,5600";"2,7521";"2,8887"
"82,5700";"2,7525";"2,8897"
"82,5800";"2,7527";"2,8920"
"82,5900";"2,7531";"2,8933"
"82,6000";"2,7533";"2,8948"
"82,6100";"2,7536";"2,8961"
"82,6200";"2,7540";"2,8967"
"82,6300";"2,7542";"2,8957"
"82,6400";"2,7546";"2,8950"
"82,6500";"2,7549";"2,8963"
"82,6600";"2,7552";"2,8970"
"82,6700";"2,7555";"2,8950"
"82,6800";"2,7560";"2,8933"
"82,6900";"2,7564";"2,8932"
"82,7000";"2,7567";"2,8955"
"82,7100";"2,7571";"2,8970"
"82,7200";"2,7574";"2,8959"
"82,7300";"2,7578";"2,8949"
"82,7400";"2,7581";"2,8953"
"82,7500";"2,7584";"2,8969"
"82,7600";"2,7586";"2,8983"
"82,7700";"2,7588";"2,8996"
"82,7800";"2,7592";"2,9002"
"82,7900";"2,7595";"2,8995"
"82,8000";"2,7598";"2,8983"
"82,8100";"2,7601";"2,8980"
"82,8200";"2,7605";"2,8992"
"82,8300";"2,7608";"2,9007"
"82,8400";"2,7612";"2,9014"
"82,8500";"2,7616";"2,9016"
"82,8600";"2,7619";"2,9020"
"82,8700";"2,7624";"2,9008"
"82,8800";"2,7627";"2,9011"
"82,8900";"2,7631";"2,9007"
"82,9000";"2,7633";"2,8993"
"82,9100";"2,7637";"2,8975"
"82,9200";"2,7640";"2,8977"
"82,9300";"2,7644";"2,9015"
"82,9400";"2,7646";"2,9034"
"82,9500";"2,7650";"2,9028"
"82,9600";"2,7653";"2,9004"
"82,9700";"2,7657";"2,9019"
"82,9800";"2,7660";"2,9061"
"82,9900";"2,7664";"2,9066"
"83,0000";"2,7667";"2,9047"
"83,0100";"2,7671";"2,9040"
"83,0200";"2,7675";"2,9050"
"83,0300";"2,7678";"2,9071"
"83,0400";"2,7682";"2,9072"
"83,0500";"2,7685";"2,9059"
"83,0600";"2,7689";"2,9048"
"83,0700";"2,7692";"2,9055"
"83,0800";"2,7695";"2,9061"
"83,0900";"2,7698";"2,9057"
"83,1000";"2,7701";"2,9071"
"83,1100";"2,7703";"2,9080"
"83,1200";"2,7706";"2,9079"
"83,1300";"2,7709";"2,9081"
"83,1400";"2,7712";"2,9095"
"83,1500";"2,7716";"2,9102"
"83,1600";"2,7719";"2,9098"
"83,1700";"2,7722";"2,9101"
"83,1800";"2,7725";"2,9098"
"83,1900";"2,7730";"2,9100"
"83,2000";"2,7734";"2,9094"
"83,2100";"2,7737";"2,9082"
"83,2200";"2,7741";"2,9085"
"83,2300";"2,7744";"2,9093"
"83,2400";"2,7748";"2,9106"
"83,2500";"2,7750";"2,9124"
"83,2600";"2,7752";"2,9135"
"83,2700";"2,7756";"2,9141"
"83,2800";"2,7758";"2,9124"
"83,2900";"2,7761";"2,9096"
"83,3000";"2,7764";"2,9093"
"83,3100";"2,7768";"2,9114"
"83,3200";"2,7771";"2,9133"
"83,3300";"2,7775";"2,9155"
"83,3400";"2,7778";"2,9167"
"83,3500";"2,7782";"2,9167"
"83,3600";"2,7786";"2,9167"
"83,3700";"2,7789";"2,9162"
"83,3800";"2,7793";"2,9148"
"83,3900";"2,7796";"2,9133"
"83,4000";"2,7800";"2,9140"
"83,4100";"2,7803";"2,9159"
"83,4200";"2,7807";"2,9178"
"83,4300";"2,7809";"2,9188"
"83,4400";"2,7812";"2,9167"
"83,4500";"2,7815";"2,9146"
"83,4600";"2,7817";"2,9149"
"83,4700";"2,7821";"2,9163"
"83,4800";"2,7825";"2,9162"
"83,4900";"2,7828";"2,9146"
"83,5000";"2,7832";"2,9151"
"83,5100";"2,7835";"2,9176"
"83,5200";"2,7839";"2,9203"
"83,5300";"2,7842";"2,9211"
"83,5400";"2,7846";"2,9195"
"83,5500";"2,7849";"2,9179"
"83,5600";"2,7854";"2,9170"
"83,5700";"2,7856";"2,9185"
"83,5800";"2,7860";"2,9216"
"83,5900";"2,7863";"2,9222"
"83,6000";"2,7866";"2,9191"
"83,6100";"2,7869";"2,9162"
"83,6200";"2,7872";"2,9181"
"83,6300";"2,7875";"2,9220"
"83,6400";"2,7879";"2,9234"
"83,6500";"2,7881";"2,9216"
"83,6600";"2,7885";"2,9218"
"83,6700";"2,7888";"2,9239"
"83,6800";"2,7892";"2,9247"
"83,6900";"2,7895";"2,9227"
"83,7000";"2,7900";"2,9203"
"83,7100";"2,7904";"2,9207"
"83,7200";"2,7907";"2,9223"
"83,7300";"2,7910";"2,9229"
"83,7400";"2,7913";"2,9240"
"83,7500";"2,7917";"2,9248"
"83,7600";"2,7920";"2,9264"
"83,7700";"2,7922";"2,9271"
"83,7800";"2,7925";"2,9277"
"83,7900";"2,7927";"2,9282"
"83,8000";"2,7931";"2,9274"
"83,8100";"2,7933";"2,9265"
"83,8200";"2,7937";"2,9262"
"83,8300";"2,7940";"2,9265"
"83,8400";"2,7944";"2,9267"
"83,8500";"2,7947";"2,9269"
"83,8600";"2,7951";"2,9281"
"83,8700";"2,7954";"2,9290"
"83,8800";"2,7958";"2,9297"
"83,8900";"2,7961";"2,9288"
"83,9000";"2,7965";"2,9294"
"83,9100";"2,7969";"2,9303"
"83,9200";"2,7972";"2,9312"
"83,9300";"2,7976";"2,9300"
"83,9400";"2,7978";"2,9292"
"83,9500";"2,7980";"2,9306"
"83,9600";"2,7984";"2,9324"
"83,9700";"2,7986";"2,9326"
"83,9800";"2,7990";"2,9314"
"83,9900";"2,7993";"2,9304"
"84,0000";"2,7997";"2,9319"
"84,0100";"2,8000";"2,9332"
"84,0200";"2,8004";"2,9333"
"84,0300";"2,8009";"2,9330"
"84,0400";"2,8012";"2,9330"
"84,0500";"2,8016";"2,9334"
"84,0600";"2,8019";"2,9344"
"84,0700";"2,8023";"2,9353"
"84,0800";"2,8026";"2,9349"
"84,0900";"2,8030";"2,9345"
"84,1000";"2,8033";"2,9355"
"84,1100";"2,8037";"2,9370"
"84,1200";"2,8039";"2,9383"
"84,1300";"2,8043";"2,9373"
"84,1400";"2,8045";"2,9368"
"84,1500";"2,8049";"2,9367"
"84,1600";"2,8052";"2,9357"
"84,1700";"2,8056";"2,9354"
"84,1800";"2,8058";"2,9370"
"84,1900";"2,8062";"2,9402"
"84,2000";"2,8065";"2,9427"
"84,2100";"2,8069";"2,9116"
"84,2200";"2,8074";"2,8872"
"84,2300";"2,8077";"2,9396"
"84,2400";"2,8081";"3,0039"
"84,2500";"2,8083";"3,0032"
"84,2600";"2,8087";"2,9432"
"84,2700";"2,8090";"2,8936"
"84,2800";"2,8092";"2,8980"
"84,2900";"2,8096";"2,9443"
"84,3000";"2,8100";"2,9729"
"84,3100";"2,8103";"2,9654"
"84,3200";"2,8107";"2,9309"
"84,3300";"2,8110";"2,9090"
"84,3400";"2,8114";"2,9166"
"84,3500";"2,8117";"2,9396"
"84,3600";"2,8121";"2,9618"
"84,3700";"2,8124";"2,9648"
"84,3800";"2,8128";"2,9501"
"84,3900";"2,8131";"2,9328"
"84,4000";"2,8136";"2,9302"
"84,4100";"2,8139";"2,9450"
"84,4200";"2,8142";"2,9613"
"84,4300";"2,8146";"2,9635"
"84,4400";"2,8149";"2,9442"
"84,4500";"2,8152";"2,9275"
"84,4600";"2,8154";"2,9290"
"84,4700";"2,8156";"2,9469"
"84,4800";"2,8160";"2,9629"
"84,4900";"2,8163";"2,9549"
"84,5000";"2,8166";"2,9351"
"84,5100";"2,8169";"2,9280"
"84,5200";"2,8173";"2,9421"
"84,5300";"2,8175";"2,9630"
"84,5400";"2,8179";"2,9689"
"84,5500";"2,8182";"2,9550"
"84,5600";"2,8186";"2,9370"
"84,5700";"2,8189";"2,9372"
"84,5800";"2,8193";"2,9511"
"84,5900";"2,8196";"2,9619"
"84,6000";"2,8200";"2,9588"
"84,6100";"2,8202";"2,9439"
"84,6200";"2,8205";"2,9369"
"84,6300";"2,8208";"2,9440"
"84,6400";"2,8211";"2,9557"
"84,6500";"2,8214";"2,9595"
"84,6600";"2,8218";"2,9505"
"84,6700";"2,8221";"2,9392"
"84,6800";"2,8225";"2,9382"
"84,6900";"2,8228";"2,9494"
"84,7000";"2,8232";"2,9607"
"84,7100";"2,8235";"2,9631"
"84,7200";"2,8239";"2,9573"
"84,7300";"2,8244";"2,9493"
"84,7400";"2,8247";"2,9489"
"84,7500";"2,8251";"2,9528"
"84,7600";"2,8254";"2,9553"
"84,7700";"2,8258";"2,9528"
"84,7800";"2,8261";"2,9470"
"84,7900";"2,8264";"2,9463"
"84,8000";"2,8266";"2,9504"
"84,8100";"2,8270";"2,9581"
"84,8200";"2,8273";"2,9620"
"84,8300";"2,8275";"2,9612"
"84,8400";"2,8279";"2,9583"
"84,8500";"2,8283";"2,9566"
"84,8600";"2,8286";"2,9577"
"84,8700";"2,8291";"2,9584"
"84,8800";"2,8294";"2,9591"
"84,8900";"2,8298";"2,9574"
"84,9000";"2,8301";"2,9540"
"84,9100";"2,8306";"2,9528"
"84,9200";"2,8310";"2,9544"
"84,9300";"2,8312";"2,9581"
"84,9400";"2,8316";"2,9600"
"84,9500";"2,8318";"2,9571"
"84,9600";"2,8320";"2,9560"
"84,9700";"2,8324";"2,9586"
"84,9800";"2,8327";"2,9629"
"84,9900";"2,8330";"2,9653"
"85,0000";"2,8333";"2,9628"
"85,0100";"2,8337";"2,9578"
"85,0200";"2,8340";"2,9573"
"85,0300";"2,8344";"2,9607"
"85,0400";"2,8347";"2,9630"
"85,0500";"2,8351";"2,9634"
"85,0600";"2,8355";"2,9610"
"85,0700";"2,8358";"2,9586"
"85,0800";"2,8362";"2,9582"
"85,0900";"2,8364";"2,9610"
"85,1000";"2,8368";"2,9648"
"85,1100";"2,8371";"2,9658"
"85,1200";"2,8373";"2,9639"
"85,1300";"2,8377";"2,9635"
"85,1400";"2,8379";"2,9641"
"85,1500";"2,8383";"2,9646"
"85,1600";"2,8385";"2,9657"
"85,1700";"2,8389";"2,9677"
"85,1800";"2,8392";"2,9667"
"85,1900";"2,8395";"2,9645"
"85,2000";"2,8398";"2,9627"
"85,2100";"2,8402";"2,9643"
"85,2200";"2,8405";"2,9675"
"85,2300";"2,8409";"2,9677"
"85,2400";"2,8412";"2,9669"
"85,2500";"2,8416";"2,9675"
"85,2600";"2,8420";"2,9690"
"85,2700";"2,8423";"2,9700"
"85,2800";"2,8425";"2,9704"
"85,2900";"2,8429";"2,9704"
"85,3000";"2,8431";"2,9703"
"85,3100";"2,8434";"2,9693"
"85,3200";"2,8437";"2,9675"
"85,3300";"2,8440";"2,9668"
"85,3400";"2,8443";"2,9657"
"85,3500";"2,8447";"2,9662"
"85,3600";"2,8450";"2,9683"
"85,3700";"2,8454";"2,9703"
"85,3800";"2,8457";"2,9717"
"85,3900";"2,8462";"2,9719"
"85,4000";"2,8466";"2,9715"
"85,4100";"2,8469";"2,9736"
"85,4200";"2,8473";"2,9744"
"85,4300";"2,8476";"2,9733"
"85,4400";"2,8480";"2,9711"
"85,4500";"2,8482";"2,9701"
"85,4600";"2,8486";"2,9707"
"85,4700";"2,8488";"2,9711"
"85,4800";"2,8492";"2,9721"
"85,4900";"2,8494";"2,9746"
"85,5000";"2,8497";"2,9769"
"85,5100";"2,8501";"2,9762"
"85,5200";"2,8505";"2,9730"
"85,5300";"2,8508";"2,9717"
"85,5400";"2,8512";"2,9740"
"85,5500";"2,8515";"2,9798"
"85,5600";"2,8520";"2,9823"
"85,5700";"2,8523";"2,9799"
"85,5800";"2,8527";"2,9764"
"85,5900";"2,8530";"2,9769"
"85,6000";"2,8534";"2,9784"
"85,6100";"2,8536";"2,9783"
"85,6200";"2,8540";"2,9774"
"85,6300";"2,8542";"2,9762"
"85,6400";"2,8546";"2,9769"
"85,6500";"2,8548";"2,9775"
"85,6600";"2,8552";"2,9774"
"85,6700";"2,8554";"2,9778"
"85,6800";"2,8558";"2,9797"
"85,6900";"2,8561";"2,9820"
"85,7000";"2,8565";"2,9831"
"85,7100";"2,8568";"2,9833"
"85,7200";"2,8572";"2,9817"
"85,7300";"2,8575";"2,9807"
"85,7400";"2,8579";"2,9798"
"85,7500";"2,8582";"2,9790"
"85,7600";"2,8586";"2,9777"
"85,7700";"2,8590";"2,9769"
"85,7800";"2,8593";"2,9784"
"85,7900";"2,8597";"2,9813"
"85,8000";"2,8600";"2,9837"
"85,8100";"2,8602";"2,9829"
"85,8200";"2,8605";"2,9819"
"85,8300";"2,8608";"2,9825"
"85,8400";"2,8611";"2,9830"
"85,8500";"2,8614";"2,9813"
"85,8600";"2,8618";"2,9801"
"85,8700";"2,8621";"2,9808"
"85,8800";"2,8625";"2,9815"
"85,8900";"2,8628";"2,9830"
"85,9000";"2,8632";"2,9853"
"85,9100";"2,8636";"2,9853"
"85,9200";"2,8639";"2,9845"
"85,9300";"2,8643";"2,9835"
"85,9400";"2,8646";"2,9846"
"85,9500";"2,8650";"2,9874"
"85,9600";"2,8652";"2,9902"
"85,9700";"2,8656";"2,9909"
"85,9800";"2,8658";"2,9880"
"85,9900";"2,8662";"2,9863"
"86,0000";"2,8664";"2,9871"
"86,0100";"2,8667";"2,9896"
"86,0200";"2,8671";"2,9906"
"86,0300";"2,8675";"2,9899"
"86,0400";"2,8678";"2,9877"
"86,0500";"2,8682";"2,9863"
"86,0600";"2,8685";"2,9875"
"86,0700";"2,8689";"2,9917"
"86,0800";"2,8692";"2,9935"
"86,0900";"2,8696";"2,9908"
"86,1000";"2,8699";"2,9874"
"86,1100";"2,8703";"2,9874"
"86,1200";"2,8706";"2,9901"
"86,1300";"2,8710";"2,9921"
"86,1400";"2,8713";"2,9925"
"86,1500";"2,8717";"2,9912"
"86,1600";"2,8719";"2,9905"
"86,1700";"2,8723";"2,9906"
"86,1800";"2,8725";"2,9908"
"86,1900";"2,8729";"2,9922"
"86,2000";"2,8732";"2,9932"
"86,2100";"2,8736";"2,9922"
"86,2200";"2,8739";"2,9912"
"86,2300";"2,8743";"2,9920"
"86,2400";"2,8747";"2,9947"
"86,2500";"2,8750";"2,9962"
"86,2600";"2,8755";"2,9941"
"86,2700";"2,8758";"2,9915"
"86,2800";"2,8761";"2,9922"
"86,2900";"2,8764";"2,9959"
"86,3000";"2,8767";"2,9972"
"86,3100";"2,8770";"2,9964"
"86,3200";"2,8774";"2,9952"
"86,3300";"2,8777";"2,9948"
"86,3400";"2,8780";"2,9962"
"86,3500";"2,8783";"2,9986"
"86,3600";"2,8787";"3,0013"
"86,3700";"2,8791";"3,0012"
"86,3800";"2,8795";"3,0003"
"86,3900";"2,8798";"3,0001"
"86,4000";"2,8802";"2,9999"
"86,4100";"2,8806";"3,0012"
"86,4200";"2,8809";"3,0025"
"86,4300";"2,8813";"3,0026"
"86,4400";"2,8816";"3,0018"
"86,4500";"2,8820";"2,9995"
"86,4600";"2,8822";"2,9986"
"86,4700";"2,8826";"3,0007"
"86,4800";"2,8828";"3,0031"
"86,4900";"2,8830";"3,0031"
"86,5000";"2,8834";"3,0012"
"86,5100";"2,8836";"2,9992"
"86,5200";"2,8840";"3,0000"
"86,5300";"2,8843";"3,0018"
"86,5400";"2,8846";"3,0022"
"86,5500";"2,8849";"3,0024"
"86,5600";"2,8853";"3,0040"
"86,5700";"2,8855";"3,0068"
"86,5800";"2,8860";"3,0083"
"86,5900";"2,8862";"3,0084"
"86,6000";"2,8866";"3,0080"
"86,6100";"2,8869";"3,0074"
"86,6200";"2,8873";"3,0060"
"86,6300";"2,8876";"3,0049"
"86,6400";"2,8880";"3,0045"
"86,6500";"2,8882";"3,0033"
"86,6600";"2,8885";"3,0049"
"86,6700";"2,8888";"3,0077"
"86,6800";"2,8891";"3,0099"
"86,6900";"2,8894";"3,0085"
"86,7000";"2,8898";"3,0058"
"86,7100";"2,8901";"3,0044"
"86,7200";"2,8904";"3,0053"
"86,7300";"2,8908";"3,0069"
"86,7400";"2,8912";"3,0077"
"86,7500";"2,8915";"3,0097"
"86,7600";"2,8919";"3,0134"
"86,7700";"2,8922";"3,0139"
"86,7800";"2,8926";"3,0119"
"86,7900";"2,8930";"3,0091"
"86,8000";"2,8933";"3,0089"
"86,8100";"2,8937";"3,0115"
"86,8200";"2,8939";"3,0138"
"86,8300";"2,8941";"3,0124"
"86,8400";"2,8945";"3,0109"
"86,8500";"2,8947";"3,0108"
"86,8600";"2,8951";"3,0108"
"86,8700";"2,8954";"3,0107"
"86,8800";"2,8959";"3,0107"
"86,8900";"2,8963";"3,0108"
"86,9000";"2,8966";"3,0115"
"86,9100";"2,8970";"3,0118"
"86,9200";"2,8973";"3,0126"
"86,9300";"2,8977";"3,0131"
"86,9400";"2,8980";"3,0139"
"86,9500";"2,8984";"3,0134"
"86,9600";"2,8987";"3,0123"
"86,9700";"2,8990";"3,0113"
"86,9800";"2,8993";"3,0113"
"86,9900";"2,8996";"3,0139"
"87,0000";"2,8998";"3,0172"
"87,0100";"2,9002";"3,0179"
"87,0200";"2,9005";"3,0162"
"87,0300";"2,9009";"3,0158"
"87,0400";"2,9012";"3,0171"
"87,0500";"2,9016";"3,0182"
"87,0600";"2,9019";"3,0165"
"87,0700";"2,9023";"3,0145"
"87,0800";"2,9026";"3,0146"
"87,0900";"2,9030";"3,0182"
"87,1000";"2,9035";"3,0201"
"87,1100";"2,9037";"3,0189"
"87,1200";"2,9042";"3,0178"
"87,1300";"2,9044";"3,0175"
"87,1400";"2,9048";"3,0175"
"87,1500";"2,9051";"3,0183"
"87,1600";"2,9053";"3,0185"
"87,1700";"2,9056";"3,0183"
"87,1800";"2,9059";"3,0175"
"87,1900";"2,9062";"3,0171"
"87,2000";"2,9065";"3,0175"
"87,2100";"2,9069";"3,0187"
"87,2200";"2,9072";"3,0199"
"87,2300";"2,9075";"3,0206"
"87,2400";"2,9078";"3,0215"
"87,2500";"2,9082";"3,0225"
"87,2600";"2,9085";"3,0221"
"87,2700";"2,9089";"3,0221"
"87,2800";"2,9092";"3,0240"
"87,2900";"2,9096";"3,0246"
"87,3000";"2,9100";"3,0244"
"87,3100";"2,9103";"3,0229"
"87,3200";"2,9105";"3,0222"
"87,3300";"2,9108";"3,0239"
"87,3400";"2,9111";"3,0262"
"87,3500";"2,9115";"3,0255"
"87,3600";"2,9117";"3,0248"
"87,3700";"2,9121";"3,0260"
"87,3800";"2,9124";"3,0283"
"87,3900";"2,9128";"3,0288"
"87,4000";"2,9131";"3,0272"
"87,4100";"2,9135";"3,0251"
"87,4200";"2,9138";"3,0242"
"87,4300";"2,9142";"3,0258"
"87,4400";"2,9146";"3,0272"
"87,4500";"2,9149";"3,0278"
"87,4600";"2,9153";"3,0283"
"87,4700";"2,9156";"3,0286"
"87,4800";"2,9160";"3,0283"
"87,4900";"2,9162";"3,0285"
"87,5000";"2,9164";"3,0287"
"87,5100";"2,9168";"3,0281"
"87,5200";"2,9172";"3,0283"
"87,5300";"2,9174";"3,0301"
"87,5400";"2,9177";"3,0312"
"87,5500";"2,9181";"3,0307"
"87,5600";"2,9185";"3,0303"
"87,5700";"2,9188";"3,0308"
"87,5800";"2,9193";"3,0303"
"87,5900";"2,9196";"3,0297"
"87,6000";"2,9200";"3,0298"
"87,6100";"2,9203";"3,0313"
"87,6200";"2,9207";"3,0334"
"87,6300";"2,9210";"3,0346"
"87,6400";"2,9214";"3,0355"
"87,6500";"2,9218";"3,0364"
"87,6600";"2,9220";"3,0363"
"87,6700";"2,9223";"3,0343"
"87,6800";"2,9226";"3,0318"
"87,6900";"2,9229";"3,0325"
"87,7000";"2,9232";"3,0352"
"87,7100";"2,9235";"3,0374"
"87,7200";"2,9239";"3,0379"
"87,7300";"2,9242";"3,0368"
"87,7400";"2,9246";"3,0350"
"87,7500";"2,9249";"3,0343"
"87,7600";"2,9253";"3,0346"
"87,7700";"2,9257";"3,0365"
"87,7800";"2,9261";"3,0388"
"87,7900";"2,9265";"3,0394"
"87,8000";"2,9268";"3,0377"
"87,8100";"2,9272";"3,0375"
"87,8200";"2,9274";"3,0389"
"87,8300";"2,9278";"3,0398"
"87,8400";"2,9280";"3,0383"
"87,8500";"2,9284";"3,0369"
"87,8600";"2,9286";"3,0371"
"87,8700";"2,9290";"3,0388"
"87,8800";"2,9292";"3,0413"
"87,8900";"2,9295";"3,0437"
"87,9000";"2,9299";"3,0432"
"87,9100";"2,9303";"3,0414"
"87,9200";"2,9306";"3,0412"
"87,9300";"2,9310";"3,0435"
"87,9400";"2,9313";"3,0453"
"87,9500";"2,9317";"3,0441"
"87,9600";"2,9320";"3,0423"
"87,9700";"2,9323";"3,0411"
"87,9800";"2,9326";"3,0421"
"87,9900";"2,9331";"3,0438"
"88,0000";"2,9333";"3,0429"
"88,0100";"2,9337";"3,0412"
"88,0200";"2,9339";"3,0422"
"88,0300";"2,9343";"3,0458"
"88,0400";"2,9346";"3,0481"
"88,0500";"2,9349";"3,0482"
"88,0600";"2,9352";"3,0460"
"88,0700";"2,9356";"3,0445"
"88,0800";"2,9359";"3,0441"
"88,0900";"2,9363";"3,0435"
"88,1000";"2,9366";"3,0441"
"88,1100";"2,9370";"3,0452"
"88,1200";"2,9373";"3,0458"
"88,1300";"2,9377";"3,0461"
"88,1400";"2,9380";"3,0461"
"88,1500";"2,9384";"3,0459"
"88,1600";"2,9386";"3,0472"
"88,1700";"2,9390";"3,0484"
"88,1800";"2,9393";"3,0495"
"88,1900";"2,9396";"3,0489"
"88,2000";"2,9399";"3,0482"
"88,2100";"2,9403";"3,0493"
"88,2200";"2,9406";"3,0517"
"88,2300";"2,9410";"3,0519"
"88,2400";"2,9414";"3,0497"
"88,2500";"2,9418";"3,0490"
"88,2600";"2,9422";"3,0499"
"88,2700";"2,9425";"3,0522"
"88,2800";"2,9429";"3,0531"
"88,2900";"2,9432";"3,0518"
"88,3000";"2,9436";"3,0519"
"88,3100";"2,9440";"3,0517"
"88,3200";"2,9442";"3,0512"
"88,3300";"2,9445";"3,0497"
"88,3400";"2,9448";"3,0487"
"88,3500";"2,9450";"3,0508"
"88,3600";"2,9454";"3,0530"
"88,3700";"2,9457";"3,0533"
"88,3800";"2,9460";"3,0528"
"88,3900";"2,9463";"3,0529"
"88,4000";"2,9467";"3,0537"
"88,4100";"2,9470";"3,0546"
"88,4200";"2,9474";"3,0546"
"88,4300";"2,9477";"3,0536"
"88,4400";"2,9481";"3,0534"
"88,4500";"2,9484";"3,0544"
"88,4600";"2,9489";"3,0565"
"88,4700";"2,9493";"3,0568"
"88,4800";"2,9495";"3,0557"
"88,4900";"2,9499";"3,0550"
"88,5000";"2,9501";"3,0565"
"88,5100";"2,9503";"3,0589"
"88,5200";"2,9507";"3,0604"
"88,5300";"2,9509";"3,0596"
"88,5400";"2,9512";"3,0591"
"88,5500";"2,9515";"3,0601"
"88,5600";"2,9519";"3,0613"
"88,5700";"2,9522";"3,0611"
"88,5800";"2,9526";"3,0608"
"88,5900";"2,9528";"3,0607"
"88,6000";"2,9532";"3,0607"
"88,6100";"2,9535";"3,0603"
"88,6200";"2,9539";"3,0611"
"88,6300";"2,9542";"3,0638"
"88,6400";"2,9546";"3,0659"
"88,6500";"2,9549";"3,0645"
"88,6600";"2,9553";"3,0612"
"88,6700";"2,9555";"3,0599"
"88,6800";"2,9559";"3,0603"
"88,6900";"2,9561";"3,0613"
"88,7000";"2,9565";"3,0622"
"88,7100";"2,9567";"3,0622"
"88,7200";"2,9571";"3,0631"
"88,7300";"2,9574";"3,0658"
"88,7400";"2,9578";"3,0659"
"88,7500";"2,9581";"3,0641"
"88,7600";"2,9585";"3,0612"
"88,7700";"2,9588";"3,0619"
"88,7800";"2,9592";"3,0645"
"88,7900";"2,9595";"3,0665"
"88,8000";"2,9599";"3,0688"
"88,8100";"2,9602";"3,0685"
"88,8200";"2,9606";"3,0667"
"88,8300";"2,9610";"3,0656"
"88,8400";"2,9613";"3,0654"
"88,8500";"2,9615";"3,0661"
"88,8600";"2,9618";"3,0664"
"88,8700";"2,9621";"3,0668"
"88,8800";"2,9625";"3,0674"
"88,8900";"2,9628";"3,0690"
"88,9000";"2,9632";"3,0694"
"88,9100";"2,9635";"3,0696"
"88,9200";"2,9639";"3,0687"
"88,9300";"2,9644";"3,0667"
"88,9400";"2,9647";"3,0647"
"88,9500";"2,9651";"3,0652"
"88,9600";"2,9656";"3,0681"
"88,9700";"2,9659";"3,0702"
"88,9800";"2,9661";"3,0702"
"88,9900";"2,9665";"3,0699"
"89,0000";"2,9667";"3,0701"
"89,0100";"2,9670";"3,0707"
"89,0200";"2,9673";"3,0716"
"89,0300";"2,9677";"3,0721"
"89,0400";"2,9679";"3,0728"
"89,0500";"2,9683";"3,0731"
"89,0600";"2,9686";"3,0721"
"89,0700";"2,9690";"3,0727"
"89,0800";"2,9693";"3,0733"
"89,0900";"2,9697";"3,0734"
"89,1000";"2,9700";"3,0724"
"89,1100";"2,9704";"3,0708"
"89,1200";"2,9707";"3,0714"
"89,1300";"2,9711";"3,0746"
"89,1400";"2,9715";"3,0769"
"89,1500";"2,9718";"3,0767"
"89,1600";"2,9722";"3,0747"
"89,1700";"2,9724";"3,0723"
"89,1800";"2,9728";"3,0721"
"89,1900";"2,9730";"3,0727"
"89,2000";"2,9733";"3,0726"
"89,2100";"2,9736";"3,0733"
"89,2200";"2,9739";"3,0765"
"89,2300";"2,9742";"3,0794"
"89,2400";"2,9745";"3,0799"
"89,2500";"2,9749";"3,0792"
"89,2600";"2,9751";"3,0769"
"89,2700";"2,9755";"3,0770"
"89,2800";"2,9758";"3,0787"
"89,2900";"2,9762";"3,0804"
"89,3000";"2,9765";"3,0811"
"89,3100";"2,9769";"3,0814"
"89,3200";"2,9772";"3,0816"
"89,3300";"2,9776";"3,0817"
"89,3400";"2,9780";"3,0796"
"89,3500";"2,9782";"3,0764"
"89,3600";"2,9785";"3,0749"
"89,3700";"2,9788";"3,0754"
"89,3800";"2,9790";"3,0784"
"89,3900";"2,9794";"3,0801"
"89,4000";"2,9797";"3,0803"
"89,4100";"2,9802";"3,0808"
"89,4200";"2,9804";"3,0817"
"89,4300";"2,9808";"3,0836"
"89,4400";"2,9811";"3,0842"
"89,4500";"2,9815";"3,0833"
"89,4600";"2,9818";"3,0836"
"89,4700";"2,9822";"3,0849"
"89,4800";"2,9826";"3,0840"
"89,4900";"2,9829";"3,0826"
"89,5000";"2,9831";"3,0822"
"89,5100";"2,9835";"3,0824"
"89,5200";"2,9837";"3,0823"
"89,5300";"2,9840";"3,0828"
"89,5400";"2,9843";"3,0830"
"89,5500";"2,9847";"3,0834"
"89,5600";"2,9850";"3,0848"
"89,5700";"2,9854";"3,0858"
"89,5800";"2,9857";"3,0853"
"89,5900";"2,9861";"3,0837"
"89,6000";"2,9866";"3,0837"
"89,6100";"2,9869";"3,0861"
"89,6200";"2,9873";"3,0879"
"89,6300";"2,9876";"3,0886"
"89,6400";"2,9880";"3,0884"
"89,6500";"2,9885";"3,0891"
"89,6600";"2,9888";"3,0904"
"89,6700";"2,9890";"3,0909"
"89,6800";"2,9894";"3,0897"
"89,6900";"2,9896";"3,0894"
"89,7000";"2,9900";"3,0899"
"89,7100";"2,9902";"3,0902"
"89,7200";"2,9906";"3,0902"
"89,7300";"2,9909";"3,0913"
"89,7400";"2,9913";"3,0928"
"89,7500";"2,9916";"3,0934"
"89,7600";"2,9920";"3,0922"
"89,7700";"2,9925";"3,0918"
"89,7800";"2,9928";"3,0916"
"89,7900";"2,9932";"3,0924"
"89,8000";"2,9935";"3,0919"
"89,8100";"2,9939";"3,0918"
"89,8200";"2,9942";"3,0925"
"89,8300";"2,9946";"3,0951"
"89,8400";"2,9948";"3,0962"
"89,8500";"2,9952";"3,0932"
"89,8600";"2,9954";"3,0875"
"89,8700";"2,9957";"3,0865"
"89,8800";"2,9960";"3,0912"
"89,8900";"2,9962";"3,0974"
"89,9000";"2,9965";"3,0999"
"89,9100";"2,9968";"3,0966"
"89,9200";"2,9972";"3,0928"
"89,9300";"2,9975";"3,0920"
"89,9400";"2,9979";"3,0955"
"89,9500";"2,9981";"3,0974"
"89,9600";"2,9985";"3,0967"
"89,9700";"2,9990";"3,0955"
"89,9800";"2,9993";"3,0953"
"89,9900";"2,9997";"3,0976"
"90,0000";"3,0000";"3,1016"
"90,0100";"3,0004";"3,1034"
"90,0200";"3,0006";"3,1023"
"90,0300";"3,0010";"3,0982"
"90,0400";"3,0013";"3,0950"
"90,0500";"3,0016";"3,0959"
"90,0600";"3,0019";"3,1001"
"90,0700";"3,0023";"3,1036"
"90,0800";"3,0026";"3,1035"
"90,0900";"3,0030";"3,1025"
"90,1000";"3,0033";"3,1020"
"90,1100";"3,0037";"3,1031"
"90,1200";"3,0040";"3,1019"
"90,1300";"3,0044";"3,0993"
"90,1400";"3,0047";"3,0981"
"90,1500";"3,0051";"3,0991"
"90,1600";"3,0055";"3,1020"
"90,1700";"3,0058";"3,1056"
"90,1800";"3,0060";"3,1084"
"90,1900";"3,0063";"3,1087"
"90,2000";"3,0066";"3,1069"
"90,2100";"3,0070";"3,1047"
"90,2200";"3,0073";"3,1028"
"90,2300";"3,0076";"3,1029"
"90,2400";"3,0079";"3,1031"
"90,2500";"3,0083";"3,1025"
"90,2600";"3,0086";"3,1032"
"90,2700";"3,0090";"3,1057"
"90,2800";"3,0094";"3,1080"
"90,2900";"3,0097";"3,1083"
"90,3000";"3,0101";"3,1074"
"90,3100";"3,0104";"3,1072"
"90,3200";"3,0108";"3,1067"
"90,3300";"3,0110";"3,1068"
"90,3400";"3,0114";"3,1083"
"90,3500";"3,0116";"3,1114"
"90,3600";"3,0118";"3,1117"
"90,3700";"3,0122";"3,1100"
"90,3800";"3,0125";"3,1090"
"90,3900";"3,0128";"3,1095"
"90,4000";"3,0131";"3,1101"
"90,4100";"3,0135";"3,1082"
"90,4200";"3,0138";"3,1074"
"90,4300";"3,0142";"3,1087"
"90,4400";"3,0145";"3,1109"
"90,4500";"3,0150";"3,1133"
"90,4600";"3,0154";"3,1132"
"90,4700";"3,0157";"3,1120"
"90,4800";"3,0161";"3,1109"
"90,4900";"3,0164";"3,1103"
"90,5000";"3,0168";"3,1109"
"90,5100";"3,0170";"3,1120"
"90,5200";"3,0174";"3,1126"
"90,5300";"3,0177";"3,1126"
"90,5400";"3,0180";"3,1131"
"90,5500";"3,0182";"3,1136"
"90,5600";"3,0186";"3,1126"
"90,5700";"3,0189";"3,1130"
"90,5800";"3,0193";"3,1137"
"90,5900";"3,0195";"3,1148"
"90,6000";"3,0199";"3,1156"
"90,6100";"3,0202";"3,1164"
"90,6200";"3,0206";"3,1170"
"90,6300";"3,0209";"3,1176"
"90,6400";"3,0213";"3,1177"
"90,6500";"3,0216";"3,1179"
"90,6600";"3,0220";"3,1178"
"90,6700";"3,0223";"3,1180"
"90,6800";"3,0227";"3,1193"
"90,6900";"3,0229";"3,1194"
"90,7000";"3,0233";"3,1175"
"90,7100";"3,0236";"3,1167"
"90,7200";"3,0239";"3,1171"
"90,7300";"3,0242";"3,1172"
"90,7400";"3,0246";"3,1165"
"90,7500";"3,0248";"3,1167"
"90,7600";"3,0252";"3,1182"
"90,7700";"3,0255";"3,1190"
"90,7800";"3,0259";"3,1200"
"90,7900";"3,0261";"3,1205"
"90,8000";"3,0265";"3,1207"
"90,8100";"3,0268";"3,1204"
"90,8200";"3,0272";"3,1208"
"90,8300";"3,0275";"3,1217"
"90,8400";"3,0279";"3,1227"
"90,8500";"3,0281";"3,1221"
"90,8600";"3,0285";"3,1208"
"90,8700";"3,0287";"3,1218"
"90,8800";"3,0291";"3,1247"
"90,8900";"3,0293";"3,1244"
"90,9000";"3,0297";"3,1230"
"90,9100";"3,0300";"3,1223"
"90,9200";"3,0304";"3,1225"
"90,9300";"3,0308";"3,1236"
"90,9400";"3,0312";"3,1247"
"90,9500";"3,0315";"3,1261"
"90,9600";"3,0320";"3,1262"
"90,9700";"3,0324";"3,1260"
"90,9800";"3,0327";"3,1260"
"90,9900";"3,0331";"3,1262"
"91,0000";"3,0334";"3,1260"
"91,0100";"3,0337";"3,1259"
"91,0200";"3,0340";"3,1268"
"91,0300";"3,0343";"3,1283"
"91,0400";"3,0346";"3,1309"
"91,0500";"3,0349";"3,1317"
"91,0600";"3,0352";"3,1301"
"91,0700";"3,0356";"3,1293"
"91,0800";"3,0359";"3,1279"
"91,0900";"3,0363";"3,1270"
"91,1000";"3,0365";"3,1270"
"91,1100";"3,0370";"3,1281"
"91,1200";"3,0373";"3,1298"
"91,1300";"3,0377";"3,1313"
"91,1400";"3,0380";"3,1321"
"91,1500";"3,0384";"3,1327"
"91,1600";"3,0387";"3,1323"
"91,1700";"3,0391";"3,1311"
"91,1800";"3,0395";"3,1300"
"91,1900";"3,0398";"3,1297"
"91,2000";"3,0400";"3,1298"
"91,2100";"3,0404";"3,1298"
"91,2200";"3,0406";"3,1277"
"91,2300";"3,0409";"3,1276"
"91,2400";"3,0411";"3,1288"
"91,2500";"3,0415";"3,1306"
"91,2600";"3,0418";"3,1323"
"91,2700";"3,0421";"3,1336"
"91,2800";"3,0424";"3,1357"
"91,2900";"3,0428";"3,1359"
"91,3000";"3,0431";"3,1344"
"91,3100";"3,0435";"3,1336"
"91,3200";"3,0438";"3,1337"
"91,3300";"3,0442";"3,1341"
"91,3400";"3,0445";"3,1348"
"91,3500";"3,0449";"3,1370"
"91,3600";"3,0452";"3,1390"
"91,3700";"3,0455";"3,1394"
"91,3800";"3,0458";"3,1384"
"91,3900";"3,0461";"3,1361"
"91,4000";"3,0464";"3,1357"
"91,4100";"3,0468";"3,1362"
"91,4200";"3,0471";"3,1366"
"91,4300";"3,0475";"3,1363"
"91,4400";"3,0478";"3,1377"
"91,4500";"3,0482";"3,1410"
"91,4600";"3,0485";"3,1440"
"91,4700";"3,0489";"3,1447"
"91,4800";"3,0493";"3,1422"
"91,4900";"3,0496";"3,1406"
"91,5000";"3,0500";"3,1398"
"91,5100";"3,0504";"3,1396"
"91,5200";"3,0508";"3,1405"
"91,5300";"3,0510";"3,1423"
"91,5400";"3,0514";"3,1439"
"91,5500";"3,0516";"3,1449"
"91,5600";"3,0520";"3,1461"
"91,5700";"3,0522";"3,1454"
"91,5800";"3,0526";"3,1435"
"91,5900";"3,0529";"3,1426"
"91,6000";"3,0533";"3,1434"
"91,6100";"3,0536";"3,1437"
"91,6200";"3,0540";"3,1425"
"91,6300";"3,0545";"3,1421"
"91,6400";"3,0549";"3,1435"
"91,6500";"3,0553";"3,1454"
"91,6600";"3,0555";"3,1459"
"91,6700";"3,0559";"3,1451"
"91,6800";"3,0561";"3,1443"
"91,6900";"3,0563";"3,1451"
"91,7000";"3,0567";"3,1458"
"91,7100";"3,0569";"3,1459"
"91,7200";"3,0573";"3,1470"
"91,7300";"3,0576";"3,1492"
"91,7400";"3,0579";"3,1505"
"91,7500";"3,0582";"3,1496"
"91,7600";"3,0586";"3,1474"
"91,7700";"3,0591";"3,1463"
"91,7800";"3,0594";"3,1464"
"91,7900";"3,0598";"3,1477"
"91,8000";"3,0601";"3,1487"
"91,8100";"3,0605";"3,1494"
"91,8200";"3,0608";"3,1495"
"91,8300";"3,0612";"3,1496"
"91,8400";"3,0614";"3,1495"
"91,8500";"3,0618";"3,1484"
"91,8600";"3,0621";"3,1468"
"91,8700";"3,0625";"3,1463"
"91,8800";"3,0627";"3,1476"
"91,8900";"3,0630";"3,1501"
"91,9000";"3,0633";"3,1519"
"91,9100";"3,0637";"3,1534"
"91,9200";"3,0640";"3,1539"
"91,9300";"3,0642";"3,1532"
"91,9400";"3,0646";"3,1525"
"91,9500";"3,0650";"3,1522"
"91,9600";"3,0653";"3,1544"
"91,9700";"3,0657";"3,1551"
"91,9800";"3,0660";"3,1552"
"91,9900";"3,0663";"3,1544"
"92,0000";"3,0666";"3,1553"
"92,0100";"3,0671";"3,1569"
"92,0200";"3,0673";"3,1586"
"92,0300";"3,0677";"3,1578"
"92,0400";"3,0680";"3,1564"
"92,0500";"3,0683";"3,1556"
"92,0600";"3,0686";"3,1563"
"92,0700";"3,0689";"3,1570"
"92,0800";"3,0692";"3,1574"
"92,0900";"3,0696";"3,1567"
"92,1000";"3,0699";"3,1566"
"92,1100";"3,0702";"3,1579"
"92,1200";"3,0705";"3,1599"
"92,1300";"3,0709";"3,1606"
"92,1400";"3,0712";"3,1596"
"92,1500";"3,0716";"3,1573"
"92,1600";"3,0719";"3,1573"
"92,1700";"3,0723";"3,1593"
"92,1800";"3,0726";"3,1598"
"92,1900";"3,0730";"3,1597"
"92,2000";"3,0732";"3,1593"
"92,2100";"3,0735";"3,1606"
"92,2200";"3,0738";"3,1626"
"92,2300";"3,0742";"3,1631"
"92,2400";"3,0744";"3,1618"
"92,2500";"3,0748";"3,1591"
"92,2600";"3,0751";"3,1581"
"92,2700";"3,0756";"3,1599"
"92,2800";"3,0759";"3,1611"
"92,2900";"3,0763";"3,1615"
"92,3000";"3,0766";"3,1616"
"92,3100";"3,0770";"3,1625"
"92,3200";"3,0775";"3,1639"
"92,3300";"3,0778";"3,1642"
"92,3400";"3,0781";"3,1642"
"92,3500";"3,0784";"3,1640"
"92,3600";"3,0787";"3,1651"
"92,3700";"3,0790";"3,1665"
"92,3800";"3,0794";"3,1669"
"92,3900";"3,0796";"3,1666"
"92,4000";"3,0800";"3,1666"
"92,4100";"3,0803";"3,1680"
"92,4200";"3,0807";"3,1697"
"92,4300";"3,0810";"3,1697"
"92,4400";"3,0814";"3,1688"
"92,4500";"3,0817";"3,1687"
"92,4600";"3,0821";"3,1702"
"92,4700";"3,0824";"3,1707"
"92,4800";"3,0828";"3,1698"
"92,4900";"3,0831";"3,1693"
"92,5000";"3,0835";"3,1704"
"92,5100";"3,0838";"3,1717"
"92,5200";"3,0841";"3,1713"
"92,5300";"3,0844";"3,1699"
"92,5400";"3,0847";"3,1693"
"92,5500";"3,0850";"3,1713"
"92,5600";"3,0853";"3,1735"
"92,5700";"3,0855";"3,1719"
"92,5800";"3,0859";"3,1690"
"92,5900";"3,0862";"3,1693"
"92,6000";"3,0866";"3,1724"
"92,6100";"3,0868";"3,1747"
"92,6200";"3,0872";"3,1753"
"92,6300";"3,0875";"3,1730"
"92,6400";"3,0879";"3,1717"
"92,6500";"3,0882";"3,1727"
"92,6600";"3,0886";"3,1747"
"92,6700";"3,0889";"3,1744"
"92,6800";"3,0893";"3,1727"
"92,6900";"3,0896";"3,1710"
"92,7000";"3,0900";"3,1719"
"92,7100";"3,0903";"3,1735"
"92,7200";"3,0906";"3,1744"
"92,7300";"3,0909";"3,1756"
"92,7400";"3,0912";"3,1773"
"92,7500";"3,0915";"3,1778"
"92,7600";"3,0918";"3,1751"
"92,7700";"3,0921";"3,1712"
"92,7800";"3,0925";"3,1704"
"92,7900";"3,0928";"3,1727"
"92,8000";"3,0932";"3,1758"
"92,8100";"3,0935";"3,1777"
"92,8200";"3,0939";"3,1781"
"92,8300";"3,0942";"3,1792"
"92,8400";"3,0946";"3,1805"
"92,8500";"3,0949";"3,1808"
"92,8600";"3,0953";"3,1790"
"92,8700";"3,0957";"3,1769"
"92,8800";"3,0960";"3,1764"
"92,8900";"3,0962";"3,1775"
"92,9000";"3,0966";"3,1794"
"92,9100";"3,0968";"3,1805"
"92,9200";"3,0972";"3,1803"
"92,9300";"3,0975";"3,1801"
"92,9400";"3,0978";"3,1810"
"92,9500";"3,0981";"3,1811"
"92,9600";"3,0986";"3,1805"
"92,9700";"3,0990";"3,1796"
"92,9800";"3,0993";"3,1794"
"92,9900";"3,0997";"3,1802"
"93,0000";"3,1000";"3,1821"
"93,0100";"3,1004";"3,1830"
"93,0200";"3,1006";"3,1829"
"93,0300";"3,1010";"3,1835"
"93,0400";"3,1012";"3,1850"
"93,0500";"3,1016";"3,1855"
"93,0600";"3,1019";"3,1855"
"93,0700";"3,1023";"3,1846"
"93,0800";"3,1025";"3,1847"
"93,0900";"3,1029";"3,1847"
"93,1000";"3,1032";"3,1846"
"93,1100";"3,1036";"3,1870"
"93,1200";"3,1039";"3,1894"
"93,1300";"3,1043";"3,1910"
"93,1400";"3,1046";"3,1918"
"93,1500";"3,1050";"3,1922"
"93,1600";"3,1053";"3,1906"
"93,1700";"3,1057";"3,1887"
"93,1800";"3,1060";"3,1864"
"93,1900";"3,1064";"3,1856"
"93,2000";"3,1067";"3,1862"
"93,2100";"3,1071";"3,1872"
"93,2200";"3,1073";"3,1892"
"93,2300";"3,1077";"3,1902"
"93,2400";"3,1079";"3,1908"
"93,2500";"3,1083";"3,1903"
"93,2600";"3,1085";"3,1898"
"93,2700";"3,1089";"3,1892"
"93,2800";"3,1092";"3,1891"
"93,2900";"3,1096";"3,1895"
"93,3000";"3,1098";"3,1909"
"93,3100";"3,1102";"3,1925"
"93,3200";"3,1105";"3,1945"
"93,3300";"3,1109";"3,1955"
"93,3400";"3,1112";"3,1943"
"93,3500";"3,1116";"3,1926"
"93,3600";"3,1119";"3,1920"
"93,3700";"3,1124";"3,1922"
"93,3800";"3,1127";"3,1932"
"93,3900";"3,1129";"3,1943"
"93,4000";"3,1132";"3,1947"
"93,4100";"3,1135";"3,1951"
"93,4200";"3,1138";"3,1948"
"93,4300";"3,1141";"3,1951"
"93,4400";"3,1144";"3,1953"
"93,4500";"3,1148";"3,1940"
"93,4600";"3,1151";"3,1923"
"93,4700";"3,1155";"3,1914"
"93,4800";"3,1158";"3,1933"
"93,4900";"3,1162";"3,1964"
"93,5000";"3,1165";"3,1992"
"93,5100";"3,1169";"3,2007"
"93,5200";"3,1173";"3,2006"
"93,5300";"3,1176";"3,2004"
"93,5400";"3,1180";"3,1989"
"93,5500";"3,1183";"3,1950"
"93,5600";"3,1186";"3,1921"
"93,5700";"3,1189";"3,1913"
"93,5800";"3,1193";"3,1925"
"93,5900";"3,1195";"3,1950"
"93,6000";"3,1199";"3,1985"
"93,6100";"3,1202";"3,2010"
"93,6200";"3,1206";"3,2017"
"93,6300";"3,1209";"3,2007"
"93,6400";"3,1214";"3,1987"
"93,6500";"3,1217";"3,1982"
"93,6600";"3,1221";"3,1982"
"93,6700";"3,1225";"3,1996"
"93,6800";"3,1228";"3,2028"
"93,6900";"3,1230";"3,2057"
"93,7000";"3,1234";"3,2067"
"93,7100";"3,1237";"3,2069"
"93,7200";"3,1240";"3,2057"
"93,7300";"3,1243";"3,2032"
"93,7400";"3,1247";"3,2009"
"93,7500";"3,1250";"3,2009"
"93,7600";"3,1254";"3,2019"
"93,7700";"3,1258";"3,2041"
"93,7800";"3,1261";"3,2052"
"93,7900";"3,1265";"3,2067"
"93,8000";"3,1268";"3,2092"
"93,8100";"3,1272";"3,2103"
"93,8200";"3,1275";"3,2084"
"93,8300";"3,1279";"3,2050"
"93,8400";"3,1282";"3,2036"
"93,8500";"3,1285";"3,2046"
"93,8600";"3,1288";"3,2070"
"93,8700";"3,1292";"3,2083"
"93,8800";"3,1294";"3,2093"
"93,8900";"3,1298";"3,2087"
"93,9000";"3,1300";"3,2075"
"93,9100";"3,1302";"3,2076"
"93,9200";"3,1306";"3,2094"
"93,9300";"3,1310";"3,2110"
"93,9400";"3,1313";"3,2094"
"93,9500";"3,1317";"3,2069"
"93,9600";"3,1319";"3,2075"
"93,9700";"3,1322";"3,2097"
"93,9800";"3,1326";"3,2116"
"93,9900";"3,1330";"3,2112"
"94,0000";"3,1333";"3,2107"
"94,0100";"3,1338";"3,2109"
"94,0200";"3,1341";"3,2116"
"94,0300";"3,1345";"3,2124"
"94,0400";"3,1348";"3,2126"
"94,0500";"3,1351";"3,2121"
"94,0600";"3,1353";"3,2124"
"94,0700";"3,1357";"3,2125"
"94,0800";"3,1359";"3,2128"
"94,0900";"3,1363";"3,2132"
"94,1000";"3,1366";"3,2142"
"94,1100";"3,1369";"3,2151"
"94,1200";"3,1372";"3,2162"
"94,1300";"3,1376";"3,2163"
"94,1400";"3,1379";"3,2158"
"94,1500";"3,1383";"3,2133"
"94,1600";"3,1386";"3,2118"
"94,1700";"3,1389";"3,2128"
"94,1800";"3,1392";"3,2135"
"94,1900";"3,1396";"3,2138"
"94,2000";"3,1399";"3,2150"
"94,2100";"3,1403";"3,2172"
"94,2200";"3,1406";"3,2181"
"94,2300";"3,1410";"3,2169"
"94,2400";"3,1412";"3,2162"
"94,2500";"3,1416";"3,2167"
"94,2600";"3,1419";"3,2174"
"94,2700";"3,1422";"3,2180"
"94,2800";"3,1425";"3,2179"
"94,2900";"3,1429";"3,2181"
"94,3000";"3,1432";"3,2195"
"94,3100";"3,1436";"3,2211"
"94,3200";"3,1439";"3,2213"
"94,3300";"3,1443";"3,2199"
"94,3400";"3,1446";"3,2175"
"94,3500";"3,1450";"3,2162"
"94,3600";"3,1452";"3,2181"
"94,3700";"3,1456";"3,2199"
"94,3800";"3,1458";"3,2200"
"94,3900";"3,1462";"3,2200"
"94,4000";"3,1465";"3,2211"
"94,4100";"3,1468";"3,2236"
"94,4200";"3,1471";"3,2240"
"94,4300";"3,1475";"3,2223"
"94,4400";"3,1478";"3,2204"
"94,4500";"3,1482";"3,2198"
"94,4600";"3,1485";"3,2210"
"94,4700";"3,1489";"3,2232"
"94,4800";"3,1492";"3,2251"
"94,4900";"3,1497";"3,2272"
"94,5000";"3,1501";"3,2280"
"94,5100";"3,1504";"3,2277"
"94,5200";"3,1508";"3,2259"
"94,5300";"3,1511";"3,2249"
"94,5400";"3,1514";"3,2250"
"94,5500";"3,1517";"3,2259"
"94,5600";"3,1521";"3,2254"
"94,5700";"3,1523";"3,2240"
"94,5800";"3,1526";"3,2255"
"94,5900";"3,1528";"3,2285"
"94,6000";"3,1531";"3,2304"
"94,6100";"3,1535";"3,2300"
"94,6200";"3,1539";"3,2274"
"94,6300";"3,1541";"3,2257"
"94,6400";"3,1544";"3,2270"
"94,6500";"3,1548";"3,2287"
"94,6600";"3,1552";"3,2307"
"94,6700";"3,1555";"3,2314"
"94,6800";"3,1559";"3,2312"
"94,6900";"3,1562";"3,2313"
"94,7000";"3,1566";"3,2311"
"94,7100";"3,1569";"3,2306"
"94,7200";"3,1573";"3,2309"
"94,7300";"3,1575";"3,2313"
"94,7400";"3,1579";"3,2317"
"94,7500";"3,1581";"3,2325"
"94,7600";"3,1585";"3,2336"
"94,7700";"3,1587";"3,2345"
"94,7800";"3,1590";"3,2347"
"94,7900";"3,1594";"3,2338"
"94,8000";"3,1596";"3,2311"
"94,8100";"3,1601";"3,2292"
"94,8200";"3,1605";"3,2303"
"94,8300";"3,1608";"3,2327"
"94,8400";"3,1612";"3,2339"
"94,8500";"3,1615";"3,2355"
"94,8600";"3,1619";"3,2372"
"94,8700";"3,1622";"3,2387"
"94,8800";"3,1626";"3,2388"
"94,8900";"3,1629";"3,2366"
"94,9000";"3,1632";"3,2332"
"94,9100";"3,1635";"3,2320"
"94,9200";"3,1638";"3,2328"
"94,9300";"3,1641";"3,2352"
"94,9400";"3,1645";"3,2369"
"94,9500";"3,1648";"3,2383"
"94,9600";"3,1652";"3,2390"
"94,9700";"3,1655";"3,2381"
"94,9800";"3,1660";"3,2369"
"94,9900";"3,1664";"3,2355"
"95,0000";"3,1667";"3,2348"
"95,0100";"3,1671";"3,2380"
"95,0200";"3,1674";"3,2408"
"95,0300";"3,1678";"3,2421"
"95,0400";"3,1681";"3,2420"
"95,0500";"3,1684";"3,2428"
"95,0600";"3,1686";"3,2434"
"95,0700";"3,1688";"3,2424"
"95,0800";"3,1692";"3,2405"
"95,0900";"3,1694";"3,2378"
"95,1000";"3,1698";"3,2380"
"95,1100";"3,1701";"3,2401"
"95,1200";"3,1705";"3,2424"
"95,1300";"3,1709";"3,2438"
"95,1400";"3,1712";"3,2447"
"95,1500";"3,1716";"3,2448"
"95,1600";"3,1719";"3,2430"
"95,1700";"3,1724";"3,2399"
"95,1800";"3,1727";"3,2390"
"95,1900";"3,1730";"3,2404"
"95,2000";"3,1733";"3,2426"
"95,2100";"3,1737";"3,2435"
"95,2200";"3,1740";"3,2446"
"95,2300";"3,1744";"3,2460"
"95,2400";"3,1746";"3,2474"
"95,2500";"3,1750";"3,2472"
"95,2600";"3,1752";"3,2472"
"95,2700";"3,1756";"3,2473"
"95,2800";"3,1759";"3,2485"
"95,2900";"3,1762";"3,2504"
"95,3000";"3,1765";"3,2522"
"95,3100";"3,1769";"3,2499"
"95,3200";"3,1772";"3,2461"
"95,3300";"3,1776";"3,2445"
"95,3400";"3,1779";"3,2455"
"95,3500";"3,1783";"3,2477"
"95,3600";"3,1786";"3,2491"
"95,3700";"3,1790";"3,2509"
"95,3800";"3,1794";"3,2519"
"95,3900";"3,1798";"3,2528"
"95,4000";"3,1802";"3,2524"
"95,4100";"3,1804";"3,2508"
"95,4200";"3,1807";"3,2499"
"95,4300";"3,1810";"3,2502"
"95,4400";"3,1812";"3,2504"
"95,4500";"3,1816";"3,2513"
"95,4600";"3,1820";"3,2534"
"95,4700";"3,1823";"3,2559"
"95,4800";"3,1827";"3,2557"
"95,4900";"3,1830";"3,2532"
"95,5000";"3,1834";"3,2511"
"95,5100";"3,1837";"3,2505"
"95,5200";"3,1841";"3,2508"
"95,5300";"3,1844";"3,2511"
"95,5400";"3,1848";"3,2514"
"95,5500";"3,1851";"3,2528"
"95,5600";"3,1855";"3,2542"
"95,5700";"3,1857";"3,2535"
"95,5800";"3,1860";"3,2521"
"95,5900";"3,1863";"3,2517"
"95,6000";"3,1867";"3,2527"
"95,6100";"3,1870";"3,2528"
"95,6200";"3,1873";"3,2537"
"95,6300";"3,1877";"3,2550"
"95,6400";"3,1881";"3,2566"
"95,6500";"3,1884";"3,2579"
"95,6600";"3,1888";"3,2580"
"95,6700";"3,1892";"3,2569"
"95,6800";"3,1895";"3,2557"
"95,6900";"3,1899";"3,2550"
"95,7000";"3,1901";"3,2557"
"95,7100";"3,1905";"3,2572"
"95,7200";"3,1908";"3,2581"
"95,7300";"3,1910";"3,2576"
"95,7400";"3,1914";"3,2580"
"95,7500";"3,1917";"3,2609"
"95,7600";"3,1921";"3,2617"
"95,7700";"3,1923";"3,2588"
"95,7800";"3,1927";"3,2559"
"95,7900";"3,1930";"3,2571"
"95,8000";"3,1934";"3,2606"
"95,8100";"3,1938";"3,2632"
"95,8200";"3,1941";"3,2623"
"95,8300";"3,1945";"3,2597"
"95,8400";"3,1948";"3,2593"
"95,8500";"3,1952";"3,2603"
"95,8600";"3,1955";"3,2605"
"95,8700";"3,1959";"3,2601"
"95,8800";"3,1962";"3,2603"
"95,8900";"3,1965";"3,2625"
"95,9000";"3,1968";"3,2655"
"95,9100";"3,1971";"3,2661"
"95,9200";"3,1973";"3,2644"
"95,9300";"3,1977";"3,2630"
"95,9400";"3,1979";"3,2622"
"95,9500";"3,1982";"3,2622"
"95,9600";"3,1985";"3,2631"
"95,9700";"3,1988";"3,2641"
"95,9800";"3,1992";"3,2645"
"95,9900";"3,1995";"3,2648"
"96,0000";"3,1998";"3,2653"
"96,0100";"3,2002";"3,2648"
"96,0200";"3,2006";"3,2649"
"96,0300";"3,2010";"3,2670"
"96,0400";"3,2013";"3,2680"
"96,0500";"3,2017";"3,2682"
"96,0600";"3,2020";"3,2689"
"96,0700";"3,2024";"3,2717"
"96,0800";"3,2026";"3,2735"
"96,0900";"3,2028";"3,2717"
"96,1000";"3,2032";"3,2682"
"96,1100";"3,2034";"3,2661"
"96,1200";"3,2038";"3,2670"
"96,1300";"3,2040";"3,2688"
"96,1400";"3,2044";"3,2689"
"96,1500";"3,2047";"3,2680"
"96,1600";"3,2051";"3,2679"
"96,1700";"3,2054";"3,2686"
"96,1800";"3,2058";"3,2713"
"96,1900";"3,2062";"3,2728"
"96,2000";"3,2066";"3,2729"
"96,2100";"3,2070";"3,2721"
"96,2200";"3,2073";"3,2713"
"96,2300";"3,2077";"3,2725"
"96,2400";"3,2080";"3,2741"
"96,2500";"3,2083";"3,2751"
"96,2600";"3,2085";"3,2754"
"96,2700";"3,2089";"3,2750"
"96,2800";"3,2091";"3,2765"
"96,2900";"3,2095";"3,2779"
"96,3000";"3,2098";"3,2770"
"96,3100";"3,2102";"3,2759"
"96,3200";"3,2105";"3,2751"
"96,3300";"3,2109";"3,2749"
"96,3400";"3,2112";"3,2736"
"96,3500";"3,2116";"3,2726"
"96,3600";"3,2119";"3,2745"
"96,3700";"3,2124";"3,2763"
"96,3800";"3,2128";"3,2777"
"96,3900";"3,2130";"3,2766"
"96,4000";"3,2134";"3,2761"
"96,4100";"3,2136";"3,2770"
"96,4200";"3,2139";"3,2779"
"96,4300";"3,2142";"3,2773"
"96,4400";"3,2145";"3,2776"
"96,4500";"3,2149";"3,2786"
"96,4600";"3,2152";"3,2800"
"96,4700";"3,2156";"3,2808"
"96,4800";"3,2160";"3,2810"
"96,4900";"3,2163";"3,2811"
"96,5000";"3,2167";"3,2824"
"96,5100";"3,2170";"3,2818"
"96,5200";"3,2174";"3,2797"
"96,5300";"3,2177";"3,2779"
"96,5400";"3,2181";"3,2780"
"96,5500";"3,2184";"3,2802"
"96,5600";"3,2188";"3,2824"
"96,5700";"3,2190";"3,2832"
"96,5800";"3,2194";"3,2827"
"96,5900";"3,2196";"3,2821"
"96,6000";"3,2200";"3,2825"
"96,6100";"3,2202";"3,2822"
"96,6200";"3,2206";"3,2819"
"96,6300";"3,2208";"3,2828"
"96,6400";"3,2211";"3,2847"
"96,6500";"3,2215";"3,2861"
"96,6600";"3,2217";"3,2864"
"96,6700";"3,2222";"3,2851"
"96,6800";"3,2224";"3,2843"
"96,6900";"3,2228";"3,2835"
"96,7000";"3,2232";"3,2824"
"96,7100";"3,2236";"3,2810"
"96,7200";"3,2239";"3,2820"
"96,7300";"3,2243";"3,2847"
"96,7400";"3,2246";"3,2859"
"96,7500";"3,2249";"3,2869"
"96,7600";"3,2253";"3,2875"
"96,7700";"3,2255";"3,2870"
"96,7800";"3,2257";"3,2860"
"96,7900";"3,2261";"3,2861"
"96,8000";"3,2265";"3,2872"
"96,8100";"3,2267";"3,2888"
"96,8200";"3,2270";"3,2904"
"96,8300";"3,2274";"3,2901"
"96,8400";"3,2278";"3,2901"
"96,8500";"3,2281";"3,2910"
"96,8600";"3,2286";"3,2916"
"96,8700";"3,2291";"3,2910"
"96,8800";"3,2294";"3,2900"
"96,8900";"3,2298";"3,2895"
"96,9000";"3,2301";"3,2909"
"96,9100";"3,2305";"3,2926"
"96,9200";"3,2307";"3,2931"
"96,9300";"3,2309";"3,2927"
"96,9400";"3,2312";"3,2915"
"96,9500";"3,2315";"3,2901"
"96,9600";"3,2319";"3,2890"
"96,9700";"3,2322";"3,2892"
"96,9800";"3,2325";"3,2897"
"96,9900";"3,2328";"3,2910"
"97,0000";"3,2332";"3,2934"
"97,0100";"3,2335";"3,2967"
"97,0200";"3,2339";"3,2982"
"97,0300";"3,2342";"3,2969"
"97,0400";"3,2346";"3,2944"
"97,0500";"3,2350";"3,2941"
"97,0600";"3,2353";"3,2950"
"97,0700";"3,2357";"3,2943"
"97,0800";"3,2359";"3,2948"
"97,0900";"3,2363";"3,2972"
"97,1000";"3,2365";"3,2998"
"97,1100";"3,2368";"3,2997"
"97,1200";"3,2372";"3,2973"
"97,1300";"3,2374";"3,2947"
"97,1400";"3,2378";"3,2947"
"97,1500";"3,2381";"3,2954"
"97,1600";"3,2385";"3,2960"
"97,1700";"3,2389";"3,2972"
"97,1800";"3,2392";"3,2988"
"97,1900";"3,2396";"3,2999"
"97,2000";"3,2399";"3,3001"
"97,2100";"3,2403";"3,2998"
"97,2200";"3,2406";"3,2994"
"97,2300";"3,2410";"3,2994"
"97,2400";"3,2413";"3,2993"
"97,2500";"3,2417";"3,3007"
"97,2600";"3,2420";"3,3024"
"97,2700";"3,2423";"3,3027"
"97,2800";"3,2426";"3,3025"
"97,2900";"3,2429";"3,3030"
"97,3000";"3,2432";"3,3014"
"97,3100";"3,2436";"3,2992"
"97,3200";"3,2439";"3,2982"
"97,3300";"3,2442";"3,2998"
"97,3400";"3,2445";"3,3027"
"97,3500";"3,2449";"3,3046"
"97,3600";"3,2452";"3,3044"
"97,3700";"3,2457";"3,3044"
"97,3800";"3,2461";"3,3045"
"97,3900";"3,2464";"3,3044"
"97,4000";"3,2468";"3,3038"
"97,4100";"3,2471";"3,3037"
"97,4200";"3,2474";"3,3040"
"97,4300";"3,2477";"3,3049"
"97,4400";"3,2479";"3,3059"
"97,4500";"3,2483";"3,3057"
"97,4600";"3,2485";"3,3063"
"97,4700";"3,2489";"3,3056"
"97,4800";"3,2492";"3,3030"
"97,4900";"3,2496";"3,3013"
"97,5000";"3,2500";"3,3029"
"97,5100";"3,2503";"3,3061"
"97,5200";"3,2507";"3,3076"
"97,5300";"3,2510";"3,3090"
"97,5400";"3,2514";"3,3092"
"97,5500";"3,2517";"3,3091"
"97,5600";"3,2521";"3,3086"
"97,5700";"3,2524";"3,3071"
"97,5800";"3,2527";"3,3067"
"97,5900";"3,2530";"3,3088"
"97,6000";"3,2534";"3,3099"
"97,6100";"3,2536";"3,3105"
"97,6200";"3,2538";"3,3112"
"97,6300";"3,2542";"3,3123"
"97,6400";"3,2546";"3,3138"
"97,6500";"3,2548";"3,3130"
"97,6600";"3,2551";"3,3103"
"97,6700";"3,2555";"3,3090"
"97,6800";"3,2559";"3,3101"
"97,6900";"3,2563";"3,3126"
"97,7000";"3,2567";"3,3143"
"97,7100";"3,2570";"3,3140"
"97,7200";"3,2574";"3,3133"
"97,7300";"3,2577";"3,3142"
"97,7400";"3,2581";"3,3166"
"97,7500";"3,2583";"3,3186"
"97,7600";"3,2586";"3,3170"
"97,7700";"3,2589";"3,3136"
"97,7800";"3,2593";"3,3132"
"97,7900";"3,2596";"3,3160"
"97,8000";"3,2599";"3,3179"
"97,8100";"3,2602";"3,3171"
"97,8200";"3,2606";"3,3167"
"97,8300";"3,2609";"3,3182"
"97,8400";"3,2613";"3,3178"
"97,8500";"3,2616";"3,3152"
"97,8600";"3,2620";"3,3141"
"97,8700";"3,2623";"3,3148"
"97,8800";"3,2627";"3,3168"
"97,8900";"3,2631";"3,3185"
"97,9000";"3,2634";"3,3192"
"97,9100";"3,2638";"3,3184"
"97,9200";"3,2641";"3,3185"
"97,9300";"3,2645";"3,3183"
"97,9400";"3,2647";"3,3168"
"97,9500";"3,2649";"3,3154"
"97,9600";"3,2652";"3,3161"
"97,9700";"3,2655";"3,3186"
"97,9800";"3,2659";"3,3219"
"97,9900";"3,2661";"3,3235"
"98,0000";"3,2665";"3,3215"
"98,0100";"3,2668";"3,3189"
"98,0200";"3,2672";"3,3197"
"98,0300";"3,2675";"3,3223"
"98,0400";"3,2679";"3,3224"
"98,0500";"3,2682";"3,3207"
"98,0600";"3,2685";"3,3200"
"98,0700";"3,2690";"3,3226"
"98,0800";"3,2692";"3,3253"
"98,0900";"3,2695";"3,3252"
"98,1000";"3,2699";"3,3236"
"98,1100";"3,2701";"3,3210"
"98,1200";"3,2705";"3,3202"
"98,1300";"3,2707";"3,3208"
"98,1400";"3,2711";"3,3216"
"98,1500";"3,2714";"3,3233"
"98,1600";"3,2717";"3,3265"
"98,1700";"3,2720";"3,3282"
"98,1800";"3,2724";"3,3278"
"98,1900";"3,2729";"3,3268"
"98,2000";"3,2732";"3,3265"
"98,2100";"3,2736";"3,3264"
"98,2200";"3,2739";"3,3253"
"98,2300";"3,2743";"3,3233"
"98,2400";"3,2746";"3,3243"
"98,2500";"3,2750";"3,3271"
"98,2600";"3,2753";"3,3293"
"98,2700";"3,2757";"3,3309"
"98,2800";"3,2760";"3,3298"
"98,2900";"3,2763";"3,3285"
"98,3000";"3,2766";"3,3285"
"98,3100";"3,2770";"3,3300"
"98,3200";"3,2773";"3,3306"
"98,3300";"3,2776";"3,3292"
"98,3400";"3,2779";"3,3291"
"98,3500";"3,2783";"3,3303"
"98,3600";"3,2786";"3,3331"
"98,3700";"3,2790";"3,3336"
"98,3800";"3,2793";"3,3324"
"98,3900";"3,2798";"3,3317"
"98,4000";"3,2802";"3,3327"
"98,4100";"3,2805";"3,3329"
"98,4200";"3,2808";"3,3307"
"98,4300";"3,2810";"3,3291"
"98,4400";"3,2814";"3,3298"
"98,4500";"3,2816";"3,3311"
"98,4600";"3,2819";"3,3330"
"98,4700";"3,2823";"3,3331"
"98,4800";"3,2825";"3,3330"
"98,4900";"3,2829";"3,3331"
"98,5000";"3,2832";"3,3330"
"98,5100";"3,2836";"3,3330"
"98,5200";"3,2840";"3,3338"
"98,5300";"3,2843";"3,3358"
"98,5400";"3,2848";"3,3381"
"98,5500";"3,2851";"3,3399"
"98,5600";"3,2855";"3,3392"
"98,5700";"3,2858";"3,3363"
"98,5800";"3,2862";"3,3343"
"98,5900";"3,2865";"3,3348"
"98,6000";"3,2869";"3,3373"
"98,6100";"3,2871";"3,3393"
"98,6200";"3,2874";"3,3392"
"98,6300";"3,2877";"3,3393"
"98,6400";"3,2880";"3,3413"
"98,6500";"3,2883";"3,3424"
"98,6600";"3,2886";"3,3399"
"98,6700";"3,2889";"3,3366"
"98,6800";"3,2891";"3,3364"
"98,6900";"3,2895";"3,3379"
"98,7000";"3,2899";"3,3382"
"98,7100";"3,2901";"3,3373"
"98,7200";"3,2904";"3,3386"
"98,7300";"3,2908";"3,3409"
"98,7400";"3,2912";"3,3418"
"98,7500";"3,2915";"3,3411"
"98,7600";"3,2919";"3,3404"
"98,7700";"3,2922";"3,3398"
"98,7800";"3,2925";"3,3401"
"98,7900";"3,2928";"3,3414"
"98,8000";"3,2930";"3,3425"
"98,8100";"3,2934";"3,3428"
"98,8200";"3,2936";"3,3417"
"98,8300";"3,2940";"3,3408"
"98,8400";"3,2943";"3,3416"
"98,8500";"3,2947";"3,3431"
"98,8600";"3,2950";"3,3435"
"98,8700";"3,2954";"3,3423"
"98,8800";"3,2958";"3,3423"
"98,8900";"3,2962";"3,3443"
"98,9000";"3,2966";"3,3463"
"98,9100";"3,2969";"3,3456"
"98,9200";"3,2973";"3,3438"
"98,9300";"3,2976";"3,3429"
"98,9400";"3,2980";"3,3437"
"98,9500";"3,2984";"3,3449"
"98,9600";"3,2986";"3,3461"
"98,9700";"3,2989";"3,3461"
"98,9800";"3,2992";"3,3470"
"98,9900";"3,2995";"3,3473"
"99,0000";"3,2999";"3,3475"
"99,0100";"3,3002";"3,3478"
"99,0200";"3,3006";"3,3466"
"99,0300";"3,3010";"3,3456"
"99,0400";"3,3013";"3,3475"
"99,0500";"3,3017";"3,3507"
"99,0600";"3,3020";"3,3524"
"99,0700";"3,3024";"3,3531"
"99,0800";"3,3027";"3,3527"
"99,0900";"3,3031";"3,3509"
"99,1000";"3,3033";"3,3478"
"99,1100";"3,3037";"3,3468"
"99,1200";"3,3039";"3,3479"
"99,1300";"3,3043";"3,3492"
"99,1400";"3,3046";"3,3510"
"99,1500";"3,3048";"3,3523"
"99,1600";"3,3052";"3,3530"
"99,1700";"3,3056";"3,3549"
"99,1800";"3,3059";"3,3544"
"99,1900";"3,3064";"3,3525"
"99,2000";"3,3067";"3,3507"
"99,2100";"3,3071";"3,3511"
"99,2200";"3,3074";"3,3532"
"99,2300";"3,3078";"3,3559"
"99,2400";"3,3082";"3,3573"
"99,2500";"3,3085";"3,3574"
"99,2600";"3,3089";"3,3562"
"99,2700";"3,3092";"3,3548"
"99,2800";"3,3095";"3,3550"
"99,2900";"3,3098";"3,3567"
"99,3000";"3,3100";"3,3573"
"99,3100";"3,3103";"3,3566"
"99,3200";"3,3106";"3,3551"
"99,3300";"3,3110";"3,3560"
"99,3400";"3,3113";"3,3570"
"99,3500";"3,3116";"3,3568"
"99,3600";"3,3119";"3,3556"
"99,3700";"3,3123";"3,3560"
"99,3800";"3,3126";"3,3575"
"99,3900";"3,3130";"3,3600"
"99,4000";"3,3133";"3,3603"
"99,4100";"3,3137";"3,3611"
"99,4200";"3,3141";"3,3620"
"99,4300";"3,3144";"3,3609"
"99,4400";"3,3148";"3,3601"
"99,4500";"3,3150";"3,3599"
"99,4600";"3,3154";"3,3608"
"99,4700";"3,3156";"3,3618"
"99,4800";"3,3159";"3,3616"
"99,4900";"3,3162";"3,3615"
"99,5000";"3,3165";"3,3637"
"99,5100";"3,3169";"3,3652"
"99,5200";"3,3171";"3,3635"
"99,5300";"3,3175";"3,3596"
"99,5400";"3,3178";"3,3569"
"99,5500";"3,3182";"3,3583"
"99,5600";"3,3185";"3,3619"
"99,5700";"3,3189";"3,3647"
"99,5800";"3,3192";"3,3656"
"99,5900";"3,3196";"3,3646"
"99,6000";"3,3200";"3,3641"
"99,6100";"3,3203";"3,3658"
"99,6200";"3,3207";"3,3667"
"99,6300";"3,3209";"3,3657"
"99,6400";"3,3213";"3,3638"
"99,6500";"3,3216";"3,3631"
"99,6600";"3,3218";"3,3639"
"99,6700";"3,3222";"3,3653"
"99,6800";"3,3226";"3,3661"
"99,6900";"3,3229";"3,3653"
"99,7000";"3,3233";"3,3640"
"99,7100";"3,3236";"3,3635"
"99,7200";"3,3240";"3,3633"
"99,7300";"3,3243";"3,3653"
"99,7400";"3,3248";"3,3669"
"99,7500";"3,3252";"3,3674"
"99,7600";"3,3255";"3,3657"
"99,7700";"3,3257";"3,3648"
"99,7800";"3,3261";"3,3675"
"99,7900";"3,3265";"3,3716"
"99,8000";"3,3267";"3,3726"
"99,8100";"3,3270";"3,3723"
"99,8200";"3,3274";"3,3730"
"99,8300";"3,3276";"3,3738"
"99,8400";"3,3280";"3,3738"
"99,8500";"3,3283";"3,3722"
"99,8600";"3,3287";"3,3715"
"99,8700";"3,3289";"3,3715"
"99,8800";"3,3294";"3,3714"
"99,8900";"3,3296";"3,3709"
"99,9000";"3,3300";"3,3730"
"99,9100";"3,3303";"3,3743"
"99,9200";"3,3307";"3,3744"
"99,9300";"3,3311";"3,3733"
"99,9400";"3,3314";"3,3728"
"99,9500";"3,3318";"3,3733"
"99,9600";"3,3321";"3,3739"
"99,9700";"3,3324";"3,3742"
"99,9800";"3,3326";"3,3744"
"99,9900";"3,3329";"3,3760"
"100,0000";"3,3332";"3,3774"
"100,0100";"3,3335";"3,3780"
"100,0200";"3,3339";"3,3774"
"100,0300";"3,3341";"3,3755"
"100,0400";"3,3345";"3,3732"
"100,0500";"3,3348";"3,3737"
"100,0600";"3,3352";"3,3770"
"100,0700";"3,3355";"3,3790"
"100,0800";"3,3359";"3,3782"
"100,0900";"3,3362";"3,3772"
"100,1000";"3,3366";"3,3781"
"100,1100";"3,3370";"3,3805"
"100,1200";"3,3373";"3,3804"
"100,1300";"3,3375";"3,3778"
"100,1400";"3,3379";"3,3769"
"100,1500";"3,3381";"3,3783"
"100,1600";"3,3384";"3,3801"
"100,1700";"3,3387";"3,3806"
"100,1800";"3,3391";"3,3805"
"100,1900";"3,3394";"3,3805"
"100,2000";"3,3398";"3,3791"
"100,2100";"3,3401";"3,3772"
"100,2200";"3,3405";"3,3771"
"100,2300";"3,3409";"3,3784"
"100,2400";"3,3412";"3,3814"
"100,2500";"3,3416";"3,3830"
"100,2600";"3,3419";"3,3831"
"100,2700";"3,3423";"3,3835"
"100,2800";"3,3426";"3,3841"
"100,2900";"3,3430";"3,3840"
"100,3000";"3,3433";"3,3835"
"100,3100";"3,3436";"3,3836"
"100,3200";"3,3439";"3,3831"
"100,3300";"3,3443";"3,3836"
"100,3400";"3,3445";"3,3861"
"100,3500";"3,3449";"3,3877"
"100,3600";"3,3452";"3,3865"
"100,3700";"3,3456";"3,3826"
"100,3800";"3,3459";"3,3811"
"100,3900";"3,3463";"3,3839"
"100,4000";"3,3466";"3,3873"
"100,4100";"3,3471";"3,3880"
"100,4200";"3,3475";"3,3875"
"100,4300";"3,3478";"3,3884"
"100,4400";"3,3482";"3,3887"
"100,4500";"3,3485";"3,3874"
"100,4600";"3,3488";"3,3862"
"100,4700";"3,3491";"3,3880"
"100,4800";"3,3494";"3,3907"
"100,4900";"3,3497";"3,3904"
"100,5000";"3,3499";"3,3889"
"100,5100";"3,3503";"3,3893"
"100,5200";"3,3507";"3,3905"
"100,5300";"3,3510";"3,3906"
"100,5400";"3,3514";"3,3903"
"100,5500";"3,3517";"3,3892"
"100,5600";"3,3521";"3,3890"
"100,5700";"3,3524";"3,3886"
"100,5800";"3,3528";"3,3895"
"100,5900";"3,3531";"3,3906"
"100,6000";"3,3534";"3,3910"
"100,6100";"3,3537";"3,3912"
"100,6200";"3,3541";"3,3921"
"100,6300";"3,3544";"3,3932"
"100,6400";"3,3547";"3,3932"
"100,6500";"3,3550";"3,3926"
"100,6600";"3,3553";"3,3919"
"100,6700";"3,3556";"3,3939"
"100,6800";"3,3558";"3,3956"
"100,6900";"3,3562";"3,3954"
"100,7000";"3,3566";"3,3944"
"100,7100";"3,3568";"3,3943"
"100,7200";"3,3571";"3,3952"
"100,7300";"3,3575";"3,3960"
"100,7400";"3,3577";"3,3957"
"100,7500";"3,3581";"3,3957"
"100,7600";"3,3584";"3,3973"
"100,7700";"3,3588";"3,3978"
"100,7800";"3,3592";"3,3979"
"100,7900";"3,3595";"3,3985"
"100,8000";"3,3599";"3,3982"
"100,8100";"3,3601";"3,3971"
"100,8200";"3,3605";"3,3962"
"100,8300";"3,3607";"3,3960"
"100,8400";"3,3610";"3,3970"
"100,8500";"3,3613";"3,3971"
"100,8600";"3,3616";"3,3971"
"100,8700";"3,3620";"3,3984"
"100,8800";"3,3623";"3,4018"
"100,8900";"3,3627";"3,4052"
"100,9000";"3,3630";"3,4048"
"100,9100";"3,3635";"3,4022"
"100,9200";"3,3639";"3,3994"
"100,9300";"3,3642";"3,3988"
"100,9400";"3,3646";"3,3995"
"100,9500";"3,3649";"3,4013"
"100,9600";"3,3653";"3,4043"
"100,9700";"3,3656";"3,4049"
"100,9800";"3,3660";"3,4037"
"100,9900";"3,3662";"3,4020"
"101,0000";"3,3666";"3,4020"
"101,0100";"3,3668";"3,4030"
"101,0200";"3,3672";"3,4026"
"101,0300";"3,3675";"3,4014"
"101,0400";"3,3679";"3,4016"
"101,0500";"3,3682";"3,4025"
"101,0600";"3,3686";"3,4044"
"101,0700";"3,3690";"3,4052"
"101,0800";"3,3693";"3,4051"
"101,0900";"3,3697";"3,4044"
"101,1000";"3,3700";"3,4045"
"101,1100";"3,3704";"3,4050"
"101,1200";"3,3707";"3,4085"
"101,1300";"3,3711";"3,4098"
"101,1400";"3,3713";"3,4079"
"101,1500";"3,3717";"3,4043"
"101,1600";"3,3719";"3,4030"
"101,1700";"3,3723";"3,4044"
"101,1800";"3,3726";"3,4059"
"101,1900";"3,3730";"3,4057"
"101,2000";"3,3733";"3,4057"
"101,2100";"3,3737";"3,4061"
"101,2200";"3,3740";"3,4074"
"101,2300";"3,3744";"3,4079"
"101,2400";"3,3747";"3,4066"
"101,2500";"3,3751";"3,4059"
"101,2600";"3,3754";"3,4066"
"101,2700";"3,3758";"3,4075"
"101,2800";"3,3762";"3,4092"
"101,2900";"3,3765";"3,4119"
"101,3000";"3,3769";"3,4143"
"101,3100";"3,3772";"3,4152"
"101,3200";"3,3775";"3,4144"
"101,3300";"3,3777";"3,4132"
"101,3400";"3,3780";"3,4108"
"101,3500";"3,3783";"3,4105"
"101,3600";"3,3786";"3,4125"
"101,3700";"3,3789";"3,4146"
"101,3800";"3,3792";"3,4140"
"101,3900";"3,3796";"3,4129"
"101,4000";"3,3799";"3,4139"
"101,4100";"3,3803";"3,4158"
"101,4200";"3,3806";"3,4162"
"101,4300";"3,3809";"3,4145"
"101,4400";"3,3812";"3,4136"
"101,4500";"3,3816";"3,4141"
"101,4600";"3,3819";"3,4151"
"101,4700";"3,3823";"3,4152"
"101,4800";"3,3826";"3,4155"
"101,4900";"3,3829";"3,4178"
"101,5000";"3,3831";"3,4192"
"101,5100";"3,3835";"3,4182"
"101,5200";"3,3838";"3,4169"
"101,5300";"3,3841";"3,4168"
"101,5400";"3,3844";"3,4181"
"101,5500";"3,3848";"3,4202"
"101,5600";"3,3851";"3,4213"
"101,5700";"3,3855";"3,4220"
"101,5800";"3,3858";"3,4215"
"101,5900";"3,3862";"3,4208"
"101,6000";"3,3865";"3,4197"
"101,6100";"3,3869";"3,4207"
"101,6200";"3,3872";"3,4225"
"101,6300";"3,3876";"3,4212"
"101,6400";"3,3880";"3,4196"
"101,6500";"3,3883";"3,4204"
"101,6600";"3,3885";"3,4223"
"101,6700";"3,3888";"3,4232"
"101,6800";"3,3891";"3,4220"
"101,6900";"3,3894";"3,4197"
"101,7000";"3,3897";"3,4177"
"101,7100";"3,3901";"3,4167"
"101,7200";"3,3904";"3,4181"
"101,7300";"3,3908";"3,4208"
"101,7400";"3,3911";"3,4226"
"101,7500";"3,3915";"3,4232"
"101,7600";"3,3919";"3,4235"
"101,7700";"3,3923";"3,4242"
"101,7800";"3,3927";"3,4251"
"101,7900";"3,3930";"3,4244"
"101,8000";"3,3934";"3,4226"
"101,8100";"3,3936";"3,4220"
"101,8200";"3,3940";"3,4221"
"101,8300";"3,3943";"3,4219"
"101,8400";"3,3946";"3,4226"
"101,8500";"3,3949";"3,4248"
"101,8600";"3,3953";"3,4258"
"101,8700";"3,3955";"3,4252"
"101,8800";"3,3959";"3,4246"
"101,8900";"3,3962";"3,4258"
"101,9000";"3,3966";"3,4281"
"101,9100";"3,3969";"3,4287"
"101,9200";"3,3973";"3,4280"
"101,9300";"3,3976";"3,4296"
"101,9400";"3,3980";"3,4318"
"101,9500";"3,3983";"3,4327"
"101,9600";"3,3987";"3,4307"
"101,9700";"3,3991";"3,4288"
"101,9800";"3,3994";"3,4286"
"101,9900";"3,3998";"3,4298"
"102,0000";"3,4000";"3,4303"
"102,0100";"3,4002";"3,4300"
"102,0200";"3,4006";"3,4294"
"102,0300";"3,4009";"3,4291"
"102,0400";"3,4012";"3,4298"
"102,0500";"3,4015";"3,4304"
"102,0600";"3,4018";"3,4322"
"102,0700";"3,4021";"3,4319"
"102,0800";"3,4025";"3,4318"
"102,0900";"3,4028";"3,4315"
"102,1000";"3,4032";"3,4334"
"102,1100";"3,4035";"3,4340"
"102,1200";"3,4039";"3,4323"
"102,1300";"3,4042";"3,4331"
"102,1400";"3,4046";"3,4347"
"102,1500";"3,4050";"3,4349"
"102,1600";"3,4053";"3,4331"
"102,1700";"3,4055";"3,4333"
"102,1800";"3,4059";"3,4366"
"102,1900";"3,4061";"3,4372"
"102,2000";"3,4065";"3,4347"
"102,2100";"3,4068";"3,4335"
"102,2200";"3,4071";"3,4348"
"102,2300";"3,4074";"3,4368"
"102,2400";"3,4078";"3,4388"
"102,2500";"3,4081";"3,4384"
"102,2600";"3,4085";"3,4371"
"102,2700";"3,4089";"3,4360"
"102,2800";"3,4092";"3,4361"
"102,2900";"3,4096";"3,4363"
"102,3000";"3,4099";"3,4370"
"102,3100";"3,4103";"3,4376"
"102,3200";"3,4106";"3,4379"
"102,3300";"3,4109";"3,4392"
"102,3400";"3,4112";"3,4404"
"102,3500";"3,4115";"3,4407"
"102,3600";"3,4118";"3,4390"
"102,3700";"3,4122";"3,4384"
"102,3800";"3,4125";"3,4395"
"102,3900";"3,4129";"3,4404"
"102,4000";"3,4132";"3,4395"
"102,4100";"3,4136";"3,4399"
"102,4200";"3,4139";"3,4422"
"102,4300";"3,4143";"3,4439"
"102,4400";"3,4146";"3,4426"
"102,4500";"3,4151";"3,4401"
"102,4600";"3,4155";"3,4407"
"102,4700";"3,4158";"3,4448"
"102,4800";"3,4161";"3,4476"
"102,4900";"3,4164";"3,4468"
"102,5000";"3,4166";"3,4458"
"102,5100";"3,4170";"3,4453"
"102,5200";"3,4172";"3,4470"
"102,5300";"3,4176";"3,4476"
"102,5400";"3,4178";"3,4462"
"102,5500";"3,4182";"3,4442"
"102,5600";"3,4185";"3,4437"
"102,5700";"3,4189";"3,4444"
"102,5800";"3,4192";"3,4460"
"102,5900";"3,4196";"3,4473"
"102,6000";"3,4200";"3,4481"
"102,6100";"3,4203";"3,4490"
"102,6200";"3,4207";"3,4495"
"102,6300";"3,4210";"3,4492"
"102,6400";"3,4214";"3,4488"
"102,6500";"3,4217";"3,4496"
"102,6600";"3,4221";"3,4505"
"102,6700";"3,4224";"3,4503"
"102,6800";"3,4227";"3,4485"
"102,6900";"3,4230";"3,4467"
"102,7000";"3,4234";"3,4469"
"102,7100";"3,4236";"3,4481"
"102,7200";"3,4240";"3,4498"
"102,7300";"3,4243";"3,4503"
"102,7400";"3,4247";"3,4506"
"102,7500";"3,4250";"3,4518"
"102,7600";"3,4253";"3,4535"
"102,7700";"3,4256";"3,4531"
"102,7800";"3,4260";"3,4509"
"102,7900";"3,4263";"3,4497"
"102,8000";"3,4267";"3,4483"
"102,8100";"3,4270";"3,4484"
"102,8200";"3,4274";"3,4492"
"102,8300";"3,4277";"3,4514"
"102,8400";"3,4280";"3,4535"
"102,8500";"3,4283";"3,4536"
"102,8600";"3,4286";"3,4531"
"102,8700";"3,4288";"3,4541"
"102,8800";"3,4292";"3,4538"
"102,8900";"3,4295";"3,4530"
"102,9000";"3,4297";"3,4526"
"102,9100";"3,4301";"3,4543"
"102,9200";"3,4305";"3,4576"
"102,9300";"3,4308";"3,4582"
"102,9400";"3,4312";"3,4555"
"102,9500";"3,4315";"3,4549"
"102,9600";"3,4319";"3,4568"
"102,9700";"3,4322";"3,4583"
"102,9800";"3,4326";"3,4574"
"102,9900";"3,4329";"3,4563"
"103,0000";"3,4333";"3,4564"
"103,0100";"3,4335";"3,4575"
"103,0200";"3,4338";"3,4580"
"103,0300";"3,4341";"3,4576"
"103,0400";"3,4345";"3,4571"
"103,0500";"3,4347";"3,4569"
"103,0600";"3,4351";"3,4587"
"103,0700";"3,4355";"3,4592"
"103,0800";"3,4359";"3,4589"
"103,0900";"3,4362";"3,4590"
"103,1000";"3,4366";"3,4593"
"103,1100";"3,4371";"3,4601"
"103,1200";"3,4374";"3,4601"
"103,1300";"3,4378";"3,4598"
"103,1400";"3,4381";"3,4607"
"103,1500";"3,4385";"3,4633"
"103,1600";"3,4388";"3,4660"
"103,1700";"3,4391";"3,4666"
"103,1800";"3,4394";"3,4643"
"103,1900";"3,4397";"3,4627"
"103,2000";"3,4400";"3,4639"
"103,2100";"3,4404";"3,4647"
"103,2200";"3,4407";"3,4628"
"103,2300";"3,4411";"3,4611"
"103,2400";"3,4414";"3,4620"
"103,2500";"3,4418";"3,4659"
"103,2600";"3,4421";"3,4701"
"103,2700";"3,4425";"3,4708"
"103,2800";"3,4429";"3,4690"
"103,2900";"3,4432";"3,4663"
"103,3000";"3,4436";"3,4658"
"103,3100";"3,4439";"3,4685"
"103,3200";"3,4442";"3,4698"
"103,3300";"3,4445";"3,4680"
"103,3400";"3,4449";"3,4669"
"103,3500";"3,4451";"3,4683"
"103,3600";"3,4453";"3,4699"
"103,3700";"3,4456";"3,4685"
"103,3800";"3,4459";"3,4661"
"103,3900";"3,4462";"3,4642"
"103,4000";"3,4465";"3,4651"
"103,4100";"3,4467";"3,4675"
"103,4200";"3,4471";"3,4678"
"103,4300";"3,4475";"3,4680"
"103,4400";"3,4478";"3,4696"
"103,4500";"3,4482";"3,4706"
"103,4600";"3,4485";"3,4696"
"103,4700";"3,4489";"3,4673"
"103,4800";"3,4492";"3,4668"
"103,4900";"3,4496";"3,4681"
"103,5000";"3,4499";"3,4704"
"103,5100";"3,4503";"3,4726"
"103,5200";"3,4505";"3,4729"
"103,5300";"3,4509";"3,4730"
"103,5400";"3,4511";"3,4743"
"103,5500";"3,4515";"3,4746"
"103,5600";"3,4517";"3,4737"
"103,5700";"3,4521";"3,4718"
"103,5800";"3,4524";"3,4715"
"103,5900";"3,4528";"3,4737"
"103,6000";"3,4532";"3,4754"
"103,6100";"3,4536";"3,4746"
"103,6200";"3,4540";"3,4730"
"103,6300";"3,4543";"3,4733"
"103,6400";"3,4547";"3,4757"
"103,6500";"3,4550";"3,4787"
"103,6600";"3,4554";"3,4780"
"103,6700";"3,4557";"3,4759"
"103,6800";"3,4560";"3,4755"
"103,6900";"3,4563";"3,4771"
"103,7000";"3,4565";"3,4781"
"103,7100";"3,4569";"3,4775"
"103,7200";"3,4573";"3,4775"
"103,7300";"3,4576";"3,4787"
"103,7400";"3,4580";"3,4780"
"103,7500";"3,4584";"3,4761"
"103,7600";"3,4588";"3,4760"
"103,7700";"3,4591";"3,4779"
"103,7800";"3,4595";"3,4799"
"103,7900";"3,4599";"3,4790"
"103,8000";"3,4602";"3,4786"
"103,8100";"3,4606";"3,4800"
"103,8200";"3,4609";"3,4823"
"103,8300";"3,4612";"3,4834"
"103,8400";"3,4614";"3,4830"
"103,8500";"3,4617";"3,4818"
"103,8600";"3,4620";"3,4809"
"103,8700";"3,4622";"3,4817"
"103,8800";"3,4626";"3,4827"
"103,8900";"3,4629";"3,4839"
"103,9000";"3,4633";"3,4820"
"103,9100";"3,4636";"3,4792"
"103,9200";"3,4640";"3,4800"
"103,9300";"3,4643";"3,4819"
"103,9400";"3,4647";"3,4816"
"103,9500";"3,4650";"3,4807"
"103,9600";"3,4654";"3,4823"
"103,9700";"3,4658";"3,4861"
"103,9800";"3,4661";"3,4879"
"103,9900";"3,4665";"3,4867"
"104,0000";"3,4668";"3,4853"
"104,0100";"3,4672";"3,4852"
"104,0200";"3,4674";"3,4846"
"104,0300";"3,4678";"3,4847"
"104,0400";"3,4680";"3,4857"
"104,0500";"3,4684";"3,4873"
"104,0600";"3,4686";"3,4899"
"104,0700";"3,4689";"3,4899"
"104,0800";"3,4693";"3,4882"
"104,0900";"3,4697";"3,4871"
"104,1000";"3,4699";"3,4880"
"104,1100";"3,4702";"3,4887"
"104,1200";"3,4706";"3,4884"
"104,1300";"3,4710";"3,4886"
"104,1400";"3,4713";"3,4886"
"104,1500";"3,4717";"3,4893"
"104,1600";"3,4720";"3,4903"
"104,1700";"3,4724";"3,4899"
"104,1800";"3,4726";"3,4895"
"104,1900";"3,4730";"3,4886"
"104,2000";"3,4732";"3,4889"
"104,2100";"3,4735";"3,4909"
"104,2200";"3,4738";"3,4907"
"104,2300";"3,4741";"3,4901"
"104,2400";"3,4744";"3,4903"
"104,2500";"3,4747";"3,4925"
"104,2600";"3,4751";"3,4952"
"104,2700";"3,4754";"3,4951"
"104,2800";"3,4758";"3,4937"
"104,2900";"3,4761";"3,4934"
"104,3000";"3,4765";"3,4943"
"104,3100";"3,4769";"3,4945"
"104,3200";"3,4772";"3,4926"
"104,3300";"3,4776";"3,4899"
"104,3400";"3,4779";"3,4900"
"104,3500";"3,4782";"3,4923"
"104,3600";"3,4784";"3,4941"
"104,3700";"3,4787";"3,4962"
"104,3800";"3,4791";"3,4959"
"104,3900";"3,4793";"3,4928"
"104,4000";"3,4797";"3,4925"
"104,4100";"3,4800";"3,4939"
"104,4200";"3,4804";"3,4963"
"104,4300";"3,4807";"3,4979"
"104,4400";"3,4812";"3,4978"
"104,4500";"3,4816";"3,4986"
"104,4600";"3,4819";"3,4998"
"104,4700";"3,4823";"3,5000"
"104,4800";"3,4826";"3,4980"
"104,4900";"3,4830";"3,4968"
"104,5000";"3,4833";"3,4959"
"104,5100";"3,4837";"3,4951"
"104,5200";"3,4839";"3,4960"
"104,5300";"3,4843";"3,4983"
"104,5400";"3,4845";"3,5011"
"104,5500";"3,4849";"3,5028"
"104,5600";"3,4852";"3,5016"
"104,5700";"3,4856";"3,4991"
"104,5800";"3,4858";"3,4987"
"104,5900";"3,4863";"3,5005"
"104,6000";"3,4867";"3,5016"
"104,6100";"3,4870";"3,5025"
"104,6200";"3,4874";"3,5021"
"104,6300";"3,4877";"3,5016"
"104,6400";"3,4881";"3,5028"
"104,6500";"3,4884";"3,5047"
"104,6600";"3,4888";"3,5058"
"104,6700";"3,4890";"3,5040"
"104,6800";"3,4895";"3,5015"
"104,6900";"3,4897";"3,5013"
"104,7000";"3,4900";"3,5039"
"104,7100";"3,4903";"3,5063"
"104,7200";"3,4905";"3,5069"
"104,7300";"3,4909";"3,5070"
"104,7400";"3,4911";"3,5077"
"104,7500";"3,4915";"3,5075"
"104,7600";"3,4918";"3,5070"
"104,7700";"3,4922";"3,5064"
"104,7800";"3,4924";"3,5062"
"104,7900";"3,4928";"3,5058"
"104,8000";"3,4931";"3,5060"
"104,8100";"3,4935";"3,5066"
"104,8200";"3,4939";"3,5078"
"104,8300";"3,4942";"3,5072"
"104,8400";"3,4946";"3,5072"
"104,8500";"3,4949";"3,5084"
"104,8600";"3,4952";"3,5087"
"104,8700";"3,4955";"3,5095"
"104,8800";"3,4957";"3,5100"
"104,8900";"3,4961";"3,5112"
"104,9000";"3,4965";"3,5109"
"104,9100";"3,4968";"3,5089"
"104,9200";"3,4972";"3,5071"
"104,9300";"3,4975";"3,5078"
"104,9400";"3,4979";"3,5100"
"104,9500";"3,4982";"3,5118"
"104,9600";"3,4986";"3,5122"
"104,9700";"3,4989";"3,5132"
"104,9800";"3,4993";"3,5156"
"104,9900";"3,4998";"3,5168"
"105,0000";"3,5001";"3,5138"
"105,0100";"3,5005";"3,5100"
"105,0200";"3,5007";"3,5079"
"105,0300";"3,5011";"3,5087"
"105,0400";"3,5013";"3,5123"
"105,0500";"3,5016";"3,5148"
"105,0600";"3,5020";"3,5156"
"105,0700";"3,5024";"3,5172"
"105,0800";"3,5027";"3,5196"
"105,0900";"3,5031";"3,5189"
"105,1000";"3,5034";"3,5173"
"105,1100";"3,5038";"3,5160"
"105,1200";"3,5042";"3,5151"
"105,1300";"3,5046";"3,5150"
"105,1400";"3,5048";"3,5168"
"105,1500";"3,5052";"3,5198"
"105,1600";"3,5055";"3,5204"
"105,1700";"3,5058";"3,5195"
"105,1800";"3,5060";"3,5183"
"105,1900";"3,5064";"3,5177"
"105,2000";"3,5066";"3,5182"
"105,2100";"3,5070";"3,5178"
"105,2200";"3,5072";"3,5191"
"105,2300";"3,5075";"3,5206"
"105,2400";"3,5079";"3,5202"
"105,2500";"3,5081";"3,5185"
"105,2600";"3,5085";"3,5183"
"105,2700";"3,5088";"3,5207"
"105,2800";"3,5092";"3,5224"
"105,2900";"3,5096";"3,5209"
"105,3000";"3,5100";"3,5201"
"105,3100";"3,5104";"3,5211"
"105,3200";"3,5107";"3,5223"
"105,3300";"3,5111";"3,5227"
"105,3400";"3,5114";"3,5241"
"105,3500";"3,5118";"3,5244"
"105,3600";"3,5122";"3,5253"
"105,3700";"3,5125";"3,5248"
"105,3800";"3,5127";"3,5237"
"105,3900";"3,5131";"3,5228"
"105,4000";"3,5135";"3,5223"
"105,4100";"3,5137";"3,5220"
"105,4200";"3,5140";"3,5242"
"105,4300";"3,5144";"3,5265"
"105,4400";"3,5146";"3,5269"
"105,4500";"3,5150";"3,5272"
"105,4600";"3,5153";"3,5273"
"105,4700";"3,5157";"3,5279"
"105,4800";"3,5159";"3,5272"
"105,4900";"3,5163";"3,5258"
"105,5000";"3,5166";"3,5249"
"105,5100";"3,5170";"3,5266"
"105,5200";"3,5173";"3,5298"
"105,5300";"3,5177";"3,5311"
"105,5400";"3,5179";"3,5286"
"105,5500";"3,5183";"3,5281"
"105,5600";"3,5185";"3,5287"
"105,5700";"3,5189";"3,5291"
"105,5800";"3,5191";"3,5280"
"105,5900";"3,5195";"3,5274"
"105,6000";"3,5198";"3,5297"
"105,6100";"3,5202";"3,5323"
"105,6200";"3,5205";"3,5325"
"105,6300";"3,5209";"3,5319"
"105,6400";"3,5211";"3,5312"
"105,6500";"3,5215";"3,5312"
"105,6600";"3,5218";"3,5309"
"105,6700";"3,5223";"3,5315"
"105,6800";"3,5227";"3,5325"
"105,6900";"3,5230";"3,5320"
"105,7000";"3,5232";"3,5316"
"105,7100";"3,5236";"3,5321"
"105,7200";"3,5238";"3,5337"
"105,7300";"3,5242";"3,5343"
"105,7400";"3,5245";"3,5322"
"105,7500";"3,5249";"3,5315"
"105,7600";"3,5253";"3,5331"
"105,7700";"3,5256";"3,5349"
"105,7800";"3,5260";"3,5357"
"105,7900";"3,5263";"3,5364"
"105,8000";"3,5267";"3,5372"
"105,8100";"3,5270";"3,5372"
"105,8200";"3,5275";"3,5370"
"105,8300";"3,5279";"3,5369"
"105,8400";"3,5281";"3,5377"
"105,8500";"3,5283";"3,5387"
"105,8600";"3,5287";"3,5376"
"105,8700";"3,5289";"3,5347"
"105,8800";"3,5293";"3,5338"
"105,8900";"3,5296";"3,5350"
"105,9000";"3,5299";"3,5368"
"105,9100";"3,5302";"3,5380"
"105,9200";"3,5306";"3,5383"
"105,9300";"3,5309";"3,5376"
"105,9400";"3,5313";"3,5371"
"105,9500";"3,5317";"3,5387"
"105,9600";"3,5321";"3,5406"
"105,9700";"3,5325";"3,5407"
"105,9800";"3,5328";"3,5396"
"105,9900";"3,5332";"3,5395"
"106,0000";"3,5334";"3,5422"
"106,0100";"3,5338";"3,5438"
"106,0200";"3,5341";"3,5444"
"106,0300";"3,5345";"3,5437"
"106,0400";"3,5347";"3,5433"
"106,0500";"3,5351";"3,5432"
"106,0600";"3,5354";"3,5419"
"106,0700";"3,5356";"3,5408"
"106,0800";"3,5360";"3,5414"
"106,0900";"3,5364";"3,5440"
"106,1000";"3,5367";"3,5455"
"106,1100";"3,5371";"3,5450"
"106,1200";"3,5373";"3,5456"
"106,1300";"3,5377";"3,5478"
"106,1400";"3,5380";"3,5487"
"106,1500";"3,5384";"3,5475"
"106,1600";"3,5387";"3,5454"
"106,1700";"3,5391";"3,5439"
"106,1800";"3,5393";"3,5442"
"106,1900";"3,5397";"3,5452"
"106,2000";"3,5400";"3,5464"
"106,2100";"3,5402";"3,5474"
"106,2200";"3,5406";"3,5480"
"106,2300";"3,5408";"3,5485"
"106,2400";"3,5412";"3,5499"
"106,2500";"3,5415";"3,5503"
"106,2600";"3,5418";"3,5483"
"106,2700";"3,5421";"3,5468"
"106,2800";"3,5425";"3,5472"
"106,2900";"3,5428";"3,5480"
"106,3000";"3,5432";"3,5467"
"106,3100";"3,5436";"3,5449"
"106,3200";"3,5439";"3,5468"
"106,3300";"3,5441";"3,5505"
"106,3400";"3,5445";"3,5513"
"106,3500";"3,5449";"3,5501"
"106,3600";"3,5452";"3,5484"
"106,3700";"3,5454";"3,5478"
"106,3800";"3,5457";"3,5481"
"106,3900";"3,5460";"3,5482"
"106,4000";"3,5464";"3,5482"
"106,4100";"3,5467";"3,5489"
"106,4200";"3,5471";"3,5512"
"106,4300";"3,5475";"3,5515"
"106,4400";"3,5478";"3,5504"
"106,4500";"3,5482";"3,5501"
"106,4600";"3,5485";"3,5492"
"106,4700";"3,5490";"3,5491"
"106,4800";"3,5493";"3,5509"
"106,4900";"3,5498";"3,5539"
"106,5000";"3,5502";"3,5558"
"106,5100";"3,5504";"3,5567"
"106,5200";"3,5508";"3,5572"
"106,5300";"3,5510";"3,5572"
"106,5400";"3,5513";"3,5556"
"106,5500";"3,5517";"3,5535"
"106,5600";"3,5519";"3,5517"
"106,5700";"3,5523";"3,5534"
"106,5800";"3,5526";"3,5561"
"106,5900";"3,5530";"3,5575"
"106,6000";"3,5532";"3,5578"
"106,6100";"3,5536";"3,5564"
"106,6200";"3,5539";"3,5565"
"106,6300";"3,5543";"3,5567"
"106,6400";"3,5547";"3,5564"
"106,6500";"3,5550";"3,5568"
"106,6600";"3,5554";"3,5584"
"106,6700";"3,5557";"3,5600"
"106,6800";"3,5561";"3,5609"
"106,6900";"3,5564";"3,5628"
"106,7000";"3,5568";"3,5642"
"106,7100";"3,5570";"3,5627"
"106,7200";"3,5572";"3,5614"
"106,7300";"3,5576";"3,5600"
"106,7400";"3,5578";"3,5593"
"106,7500";"3,5582";"3,5608"
"106,7600";"3,5585";"3,5624"
"106,7700";"3,5589";"3,5649"
"106,7800";"3,5591";"3,5659"
"106,7900";"3,5595";"3,5641"
"106,8000";"3,5598";"3,5620"
"106,8100";"3,5602";"3,5608"
"106,8200";"3,5606";"3,5631"
"106,8300";"3,5609";"3,5638"
"106,8400";"3,5613";"3,5624"
"106,8500";"3,5616";"3,5619"
"106,8600";"3,5620";"3,5633"
"106,8700";"3,5623";"3,5657"
"106,8800";"3,5627";"3,5679"
"106,8900";"3,5629";"3,5673"
"106,9000";"3,5633";"3,5658"
"106,9100";"3,5636";"3,5629"
"106,9200";"3,5640";"3,5618"
"106,9300";"3,5642";"3,5636"
"106,9400";"3,5646";"3,5667"
"106,9500";"3,5649";"3,5675"
"106,9600";"3,5653";"3,5665"
"106,9700";"3,5656";"3,5670"
"106,9800";"3,5660";"3,5692"
"106,9900";"3,5663";"3,5697"
"107,0000";"3,5667";"3,5691"
"107,0100";"3,5672";"3,5690"
"107,0200";"3,5674";"3,5697"
"107,0300";"3,5678";"3,5698"
"107,0400";"3,5681";"3,5696"
"107,0500";"3,5683";"3,5701"
"107,0600";"3,5686";"3,5708"
"107,0700";"3,5689";"3,5704"
"107,0800";"3,5693";"3,5696"
"107,0900";"3,5695";"3,5689"
"107,1000";"3,5699";"3,5704"
"107,1100";"3,5702";"3,5715"
"107,1200";"3,5706";"3,5701"
"107,1300";"3,5709";"3,5684"
"107,1400";"3,5713";"3,5696"
"107,1500";"3,5717";"3,5731"
"107,1600";"3,5721";"3,5753"
"107,1700";"3,5725";"3,5755"
"107,1800";"3,5727";"3,5746"
"107,1900";"3,5731";"3,5741"
"107,2000";"3,5733";"3,5738"
"107,2100";"3,5737";"3,5743"
"107,2200";"3,5740";"3,5748"
"107,2300";"3,5742";"3,5752"
"107,2400";"3,5746";"3,5759"
"107,2500";"3,5750";"3,5758"
"107,2600";"3,5753";"3,5760"
"107,2700";"3,5757";"3,5765"
"107,2800";"3,5760";"3,5769"
"107,2900";"3,5764";"3,5773"
"107,3000";"3,5767";"3,5774"
"107,3100";"3,5771";"3,5774"
"107,3200";"3,5776";"3,5777"
"107,3300";"3,5779";"3,5779"
"107,3400";"3,5783";"3,5779"
"107,3500";"3,5786";"3,5783"
"107,3600";"3,5790";"3,5782"
"107,3700";"3,5792";"3,5790"
"107,3800";"3,5796";"3,5810"
"107,3900";"3,5798";"3,5834"
"107,4000";"3,5802";"3,5835"
"107,4100";"3,5804";"3,5809"
"107,4200";"3,5806";"3,5800"
"107,4300";"3,5810";"3,5818"
"107,4400";"3,5813";"3,5827"
"107,4500";"3,5816";"3,5827"
"107,4600";"3,5819";"3,5817"
"107,4700";"3,5823";"3,5815"
"107,4800";"3,5826";"3,5814"
"107,4900";"3,5830";"3,5813"
"107,5000";"3,5832";"3,5818"
"107,5100";"3,5836";"3,5817"
"107,5200";"3,5839";"3,5810"
"107,5300";"3,5843";"3,5808"
"107,5400";"3,5846";"3,5821"
"107,5500";"3,5850";"3,5841"
"107,5600";"3,5852";"3,5851"
"107,5700";"3,5856";"3,5852"
"107,5800";"3,5858";"3,5845"
"107,5900";"3,5862";"3,5837"
"107,6000";"3,5864";"3,5835"
"107,6100";"3,5868";"3,5832"
"107,6200";"3,5871";"3,5833"
"107,6300";"3,5875";"3,5840"
"107,6400";"3,5878";"3,5843"
"107,6500";"3,5882";"3,5855"
"107,6600";"3,5885";"3,5869"
"107,6700";"3,5889";"3,5886"
"107,6800";"3,5892";"3,5890"
"107,6900";"3,5896";"3,5887"
"107,7000";"3,5900";"3,5873"
"107,7100";"3,5903";"3,5869"
"107,7200";"3,5905";"3,5876"
"107,7300";"3,5908";"3,5877"
"107,7400";"3,5911";"3,5881"
"107,7500";"3,5915";"3,5883"
"107,7600";"3,5918";"3,5887"
"107,7700";"3,5921";"3,5887"
"107,7800";"3,5924";"3,5898"
"107,7900";"3,5928";"3,5921"
"107,8000";"3,5933";"3,5928"
"107,8100";"3,5936";"3,5914"
"107,8200";"3,5940";"3,5904"
"107,8300";"3,5943";"3,5895"
"107,8400";"3,5947";"3,5889"
"107,8500";"3,5950";"3,5900"
"107,8600";"3,5954";"3,5905"
"107,8700";"3,5957";"3,5907"
"107,8800";"3,5960";"3,5921"
"107,8900";"3,5963";"3,5933"
"107,9000";"3,5967";"3,5921"
"107,9100";"3,5970";"3,5906"
"107,9200";"3,5974";"3,5912"
"107,9300";"3,5976";"3,5918"
"107,9400";"3,5980";"3,5925"
"107,9500";"3,5983";"3,5942"
"107,9600";"3,5988";"3,5963"
"107,9700";"3,5992";"3,5964"
"107,9800";"3,5995";"3,5947"
"107,9900";"3,5997";"3,5934"
"108,0000";"3,6001";"3,5949"
"108,0100";"3,6005";"3,5975"
"108,0200";"3,6008";"3,5994"
"108,0300";"3,6012";"3,5995"
"108,0400";"3,6014";"3,5989"
"108,0500";"3,6018";"3,5983"
"108,0600";"3,6020";"3,5971"
"108,0700";"3,6022";"3,5971"
"108,0800";"3,6025";"3,5982"
"108,0900";"3,6028";"3,5990"
"108,1000";"3,6032";"3,5982"
"108,1100";"3,6034";"3,5988"
"108,1200";"3,6038";"3,6003"
"108,1300";"3,6041";"3,6008"
"108,1400";"3,6045";"3,5986"
"108,1500";"3,6048";"3,5968"
"108,1600";"3,6052";"3,5979"
"108,1700";"3,6055";"3,6005"
"108,1800";"3,6059";"3,6003"
"108,1900";"3,6062";"3,5993"
"108,2000";"3,6066";"3,6003"
"108,2100";"3,6068";"3,6030"
"108,2200";"3,6072";"3,6045"
"108,2300";"3,6074";"3,6039"
"108,2400";"3,6078";"3,6022"
"108,2500";"3,6080";"3,6013"
"108,2600";"3,6084";"3,6005"
"108,2700";"3,6087";"3,5992"
"108,2800";"3,6091";"3,5989"
"108,2900";"3,6094";"3,6004"
"108,3000";"3,6098";"3,6018"
"108,3100";"3,6101";"3,6026"
"108,3200";"3,6105";"3,6017"
"108,3300";"3,6108";"3,6015"
"108,3400";"3,6112";"3,6021"
"108,3500";"3,6116";"3,6030"
"108,3600";"3,6119";"3,6046"
"108,3700";"3,6123";"3,6059"
"108,3800";"3,6126";"3,6051"
"108,3900";"3,6130";"3,6053"
"108,4000";"3,6133";"3,6082"
"108,4100";"3,6136";"3,6111"
"108,4200";"3,6139";"3,6117"
"108,4300";"3,6143";"3,6094"
"108,4400";"3,6146";"3,6084"
"108,4500";"3,6150";"3,6083"
"108,4600";"3,6153";"3,6078"
"108,4700";"3,6157";"3,6077"
"108,4800";"3,6160";"3,6087"
"108,4900";"3,6164";"3,6112"
"108,5000";"3,6167";"3,6121"
"108,5100";"3,6171";"3,6103"
"108,5200";"3,6175";"3,6090"
"108,5300";"3,6177";"3,6081"
"108,5400";"3,6179";"3,6086"
"108,5500";"3,6183";"3,6097"
"108,5600";"3,6186";"3,6105"
"108,5700";"3,6189";"3,6115"
"108,5800";"3,6192";"3,6129"
"108,5900";"3,6196";"3,6136"
"108,6000";"3,6199";"3,6146"
"108,6100";"3,6203";"3,6150"
"108,6200";"3,6205";"3,6134"
"108,6300";"3,6210";"3,6128"
"108,6400";"3,6212";"3,6142"
"108,6500";"3,6217";"3,6166"
"108,6600";"3,6219";"3,6176"
"108,6700";"3,6224";"3,6166"
"108,6800";"3,6227";"3,6152"
"108,6900";"3,6230";"3,6168"
"108,7000";"3,6234";"3,6180"
"108,7100";"3,6237";"3,6167"
"108,7200";"3,6241";"3,6149"
"108,7300";"3,6243";"3,6158"
"108,7400";"3,6247";"3,6167"
"108,7500";"3,6249";"3,6155"
"108,7600";"3,6252";"3,6153"
"108,7700";"3,6256";"3,6172"
"108,7800";"3,6258";"3,6192"
"108,7900";"3,6262";"3,6203"
"108,8000";"3,6265";"3,6200"
"108,8100";"3,6269";"3,6190"
"108,8200";"3,6273";"3,6174"
"108,8300";"3,6276";"3,6157"
"108,8400";"3,6280";"3,6160"
"108,8500";"3,6283";"3,6181"
"108,8600";"3,6287";"3,6207"
"108,8700";"3,6290";"3,6218"
"108,8800";"3,6294";"3,6211"
"108,8900";"3,6297";"3,6211"
"108,9000";"3,6301";"3,6218"
"108,9100";"3,6303";"3,6217"
"108,9200";"3,6307";"3,6203"
"108,9300";"3,6310";"3,6208"
"108,9400";"3,6314";"3,6222"
"108,9500";"3,6316";"3,6237"
"108,9600";"3,6320";"3,6239"
"108,9700";"3,6323";"3,6235"
"108,9800";"3,6327";"3,6211"
"108,9900";"3,6330";"3,6189"
"109,0000";"3,6334";"3,6194"
"109,0100";"3,6337";"3,6212"
"109,0200";"3,6341";"3,6230"
"109,0300";"3,6345";"3,6237"
"109,0400";"3,6348";"3,6246"
"109,0500";"3,6350";"3,6262"
"109,0600";"3,6354";"3,6273"
"109,0700";"3,6356";"3,6262"
"109,0800";"3,6359";"3,6254"
"109,0900";"3,6362";"3,6262"
"109,1000";"3,6365";"3,6273"
"109,1100";"3,6368";"3,6266"
"109,1200";"3,6372";"3,6256"
"109,1300";"3,6375";"3,6270"
"109,1400";"3,6379";"3,6279"
"109,1500";"3,6382";"3,6261"
"109,1600";"3,6386";"3,6236"
"109,1700";"3,6389";"3,6235"
"109,1800";"3,6393";"3,6251"
"109,1900";"3,6397";"3,6273"
"109,2000";"3,6400";"3,6272"
"109,2100";"3,6404";"3,6273"
"109,2200";"3,6406";"3,6295"
"109,2300";"3,6410";"3,6309"
"109,2400";"3,6412";"3,6308"
"109,2500";"3,6415";"3,6297"
"109,2600";"3,6419";"3,6294"
"109,2700";"3,6422";"3,6310"
"109,2800";"3,6426";"3,6318"
"109,2900";"3,6430";"3,6317"
"109,3000";"3,6433";"3,6320"
"109,3100";"3,6437";"3,6329"
"109,3200";"3,6440";"3,6325"
"109,3300";"3,6444";"3,6314"
"109,3400";"3,6447";"3,6303"
"109,3500";"3,6451";"3,6301"
"109,3600";"3,6454";"3,6313"
"109,3700";"3,6458";"3,6325"
"109,3800";"3,6461";"3,6327"
"109,3900";"3,6465";"3,6328"
"109,4000";"3,6467";"3,6346"
"109,4100";"3,6471";"3,6370"
"109,4200";"3,6473";"3,6386"
"109,4300";"3,6477";"3,6383"
"109,4400";"3,6480";"3,6361"
"109,4500";"3,6483";"3,6343"
"109,4600";"3,6486";"3,6357"
"109,4700";"3,6490";"3,6386"
"109,4800";"3,6493";"3,6392"
"109,4900";"3,6497";"3,6371"
"109,5000";"3,6500";"3,6372"
"109,5100";"3,6503";"3,6388"
"109,5200";"3,6506";"3,6382"
"109,5300";"3,6510";"3,6372"
"109,5400";"3,6513";"3,6371"
"109,5500";"3,6517";"3,6384"
"109,5600";"3,6520";"3,6390"
"109,5700";"3,6524";"3,6382"
"109,5800";"3,6526";"3,6394"
"109,5900";"3,6529";"3,6411"
"109,6000";"3,6532";"3,6412"
"109,6100";"3,6536";"3,6406"
"109,6200";"3,6538";"3,6417"
"109,6300";"3,6542";"3,6422"
"109,6400";"3,6545";"3,6408"
"109,6500";"3,6549";"3,6396"
"109,6600";"3,6552";"3,6412"
"109,6700";"3,6556";"3,6439"
"109,6800";"3,6559";"3,6444"
"109,6900";"3,6563";"3,6435"
"109,7000";"3,6567";"3,6419"
"109,7100";"3,6570";"3,6423"
"109,7200";"3,6574";"3,6420"
"109,7300";"3,6577";"3,6412"
"109,7400";"3,6580";"3,6412"
"109,7500";"3,6583";"3,6430"
"109,7600";"3,6585";"3,6442"
"109,7700";"3,6589";"3,6440"
"109,7800";"3,6592";"3,6449"
"109,7900";"3,6596";"3,6462"
"109,8000";"3,6600";"3,6463"
"109,8100";"3,6603";"3,6454"
"109,8200";"3,6607";"3,6458"
"109,8300";"3,6610";"3,6456"
"109,8400";"3,6614";"3,6454"
"109,8500";"3,6617";"3,6456"
"109,8600";"3,6621";"3,6466"
"109,8700";"3,6624";"3,6491"
"109,8800";"3,6628";"3,6489"
"109,8900";"3,6630";"3,6475"
"109,9000";"3,6634";"3,6463"
"109,9100";"3,6637";"3,6490"
"109,9200";"3,6640";"3,6507"
"109,9300";"3,6643";"3,6496"
"109,9400";"3,6647";"3,6477"
"109,9500";"3,6650";"3,6475"
"109,9600";"3,6654";"3,6496"
"109,9700";"3,6657";"3,6497"
"109,9800";"3,6660";"3,6494"
"109,9900";"3,6663";"3,6494"
"110,0000";"3,6667";"3,6479"
"110,0100";"3,6670";"3,6478"
"110,0200";"3,6674";"3,6493"
"110,0300";"3,6677";"3,6515"
"110,0400";"3,6680";"3,6527"
"110,0500";"3,6683";"3,6528"
"110,0600";"3,6687";"3,6522"
"110,0700";"3,6690";"3,6520"
"110,0800";"3,6693";"3,6527"
"110,0900";"3,6696";"3,6537"
"110,1000";"3,6699";"3,6547"
"110,1100";"3,6702";"3,6562"
"110,1200";"3,6705";"3,6555"
"110,1300";"3,6708";"3,6546"
"110,1400";"3,6711";"3,6536"
"110,1500";"3,6714";"3,6538"
"110,1600";"3,6718";"3,6542"
"110,1700";"3,6721";"3,6533"
"110,1800";"3,6725";"3,6521"
"110,1900";"3,6728";"3,6535"
"110,2000";"3,6732";"3,6570"
"110,2100";"3,6735";"3,6583"
"110,2200";"3,6739";"3,6575"
"110,2300";"3,6742";"3,6557"
"110,2400";"3,6746";"3,6543"
"110,2500";"3,6748";"3,6538"
"110,2600";"3,6751";"3,6544"
"110,2700";"3,6754";"3,6568"
"110,2800";"3,6757";"3,6593"
"110,2900";"3,6760";"3,6594"
"110,3000";"3,6764";"3,6591"
"110,3100";"3,6767";"3,6588"
"110,3200";"3,6771";"3,6596"
"110,3300";"3,6774";"3,6609"
"110,3400";"3,6778";"3,6601"
"110,3500";"3,6781";"3,6589"
"110,3600";"3,6786";"3,6592"
"110,3700";"3,6790";"3,6595"
"110,3800";"3,6793";"3,6603"
"110,3900";"3,6797";"3,6602"
"110,4000";"3,6800";"3,6605"
"110,4100";"3,6804";"3,6608"
"110,4200";"3,6807";"3,6609"
"110,4300";"3,6810";"3,6617"
"110,4400";"3,6812";"3,6630"
"110,4500";"3,6816";"3,6632"
"110,4600";"3,6819";"3,6627"
"110,4700";"3,6823";"3,6642"
"110,4800";"3,6826";"3,6657"
"110,4900";"3,6830";"3,6658"
"110,5000";"3,6833";"3,6652"
"110,5100";"3,6837";"3,6652"
"110,5200";"3,6840";"3,6653"
"110,5300";"3,6844";"3,6645"
"110,5400";"3,6849";"3,6635"
"110,5500";"3,6852";"3,6664"
"110,5600";"3,6855";"3,6696"
"110,5700";"3,6858";"3,6704"
"110,5800";"3,6860";"3,6672"
"110,5900";"3,6864";"3,6666"
"110,6000";"3,6868";"3,6684"
"110,6100";"3,6871";"3,6693"
"110,6200";"3,6873";"3,6672"
"110,6300";"3,6877";"3,6659"
"110,6400";"3,6881";"3,6676"
"110,6500";"3,6884";"3,6707"
"110,6600";"3,6888";"3,6716"
"110,6700";"3,6891";"3,6706"
"110,6800";"3,6895";"3,6704"
"110,6900";"3,6898";"3,6702"
"110,7000";"3,6902";"3,6705"
"110,7100";"3,6905";"3,6695"
"110,7200";"3,6909";"3,6697"
"110,7300";"3,6911";"3,6722"
"110,7400";"3,6915";"3,6741"
"110,7500";"3,6917";"3,6735"
"110,7600";"3,6920";"3,6717"
"110,7700";"3,6923";"3,6701"
"110,7800";"3,6925";"3,6695"
"110,7900";"3,6929";"3,6696"
"110,8000";"3,6932";"3,6709"
"110,8100";"3,6935";"3,6723"
"110,8200";"3,6938";"3,6741"
"110,8300";"3,6942";"3,6763"
"110,8400";"3,6945";"3,6772"
"110,8500";"3,6949";"3,6763"
"110,8600";"3,6953";"3,6744"
"110,8700";"3,6956";"3,6732"
"110,8800";"3,6960";"3,6742"
"110,8900";"3,6963";"3,6760"
"110,9000";"3,6967";"3,6755"
"110,9100";"3,6970";"3,6755"
"110,9200";"3,6973";"3,6765"
"110,9300";"3,6975";"3,6771"
"110,9400";"3,6979";"3,6764"
"110,9500";"3,6982";"3,6749"
"110,9600";"3,6984";"3,6747"
"110,9700";"3,6988";"3,6758"
"110,9800";"3,6992";"3,6772"
"110,9900";"3,6995";"3,6775"
"111,0000";"3,6999";"3,6776"
"111,0100";"3,7002";"3,6773"
"111,0200";"3,7006";"3,6778"
"111,0300";"3,7009";"3,6766"
"111,0400";"3,7013";"3,6757"
"111,0500";"3,7016";"3,6751"
"111,0600";"3,7020";"3,6747"
"111,0700";"3,7023";"3,6757"
"111,0800";"3,7027";"3,6788"
"111,0900";"3,7030";"3,6811"
"111,1000";"3,7033";"3,6814"
"111,1100";"3,7036";"3,6807"
"111,1200";"3,7040";"3,6808"
"111,1300";"3,7043";"3,6813"
"111,1400";"3,7047";"3,6810"
"111,1500";"3,7051";"3,6804"
"111,1600";"3,7054";"3,6811"
"111,1700";"3,7058";"3,6822"
"111,1800";"3,7061";"3,6847"
"111,1900";"3,7065";"3,6855"
"111,2000";"3,7068";"3,6847"
"111,2100";"3,7072";"3,6835"
"111,2200";"3,7075";"3,6829"
"111,2300";"3,7078";"3,6828"
"111,2400";"3,7080";"3,6847"
"111,2500";"3,7084";"3,6874"
"111,2600";"3,7086";"3,6872"
"111,2700";"3,7090";"3,6852"
"111,2800";"3,7093";"3,6846"
"111,2900";"3,7095";"3,6856"
"111,3000";"3,7099";"3,6878"
"111,3100";"3,7102";"3,6886"
"111,3200";"3,7106";"3,6882"
"111,3300";"3,7110";"3,6883"
"111,3400";"3,7113";"3,6893"
"111,3500";"3,7117";"3,6887"
"111,3600";"3,7120";"3,6876"
"111,3700";"3,7124";"3,6876"
"111,3800";"3,7127";"3,6884"
"111,3900";"3,7131";"3,6874"
"111,4000";"3,7134";"3,6855"
"111,4100";"3,7138";"3,6870"
"111,4200";"3,7141";"3,6905"
"111,4300";"3,7144";"3,6922"
"111,4400";"3,7146";"3,6922"
"111,4500";"3,7149";"3,6920"
"111,4600";"3,7152";"3,6919"
"111,4700";"3,7156";"3,6924"
"111,4800";"3,7159";"3,6924"
"111,4900";"3,7162";"3,6914"
"111,5000";"3,7165";"3,6908"
"111,5100";"3,7169";"3,6899"
"111,5200";"3,7172";"3,6902"
"111,5300";"3,7175";"3,6903"
"111,5400";"3,7178";"3,6900"
"111,5500";"3,7182";"3,6904"
"111,5600";"3,7185";"3,6913"
"111,5700";"3,7189";"3,6927"
"111,5800";"3,7192";"3,6940"
"111,5900";"3,7196";"3,6936"
"111,6000";"3,7198";"3,6932"
"111,6100";"3,7202";"3,6945"
"111,6200";"3,7204";"3,6961"
"111,6300";"3,7208";"3,6957"
"111,6400";"3,7211";"3,6946"
"111,6500";"3,7215";"3,6960"
"111,6600";"3,7218";"3,6972"
"111,6700";"3,7222";"3,6961"
"111,6800";"3,7225";"3,6938"
"111,6900";"3,7229";"3,6935"
"111,7000";"3,7232";"3,6956"
"111,7100";"3,7236";"3,6966"
"111,7200";"3,7239";"3,6944"
"111,7300";"3,7243";"3,6940"
"111,7400";"3,7247";"3,6965"
"111,7500";"3,7250";"3,6998"
"111,7600";"3,7254";"3,7003"
"111,7700";"3,7256";"3,6979"
"111,7800";"3,7258";"3,6971"
"111,7900";"3,7261";"3,6989"
"111,8000";"3,7264";"3,7004"
"111,8100";"3,7268";"3,7009"
"111,8200";"3,7271";"3,7018"
"111,8300";"3,7275";"3,7029"
"111,8400";"3,7278";"3,7024"
"111,8500";"3,7282";"3,7013"
"111,8600";"3,7285";"3,7005"
"111,8700";"3,7289";"3,7004"
"111,8800";"3,7293";"3,7007"
"111,8900";"3,7296";"3,7015"
"111,9000";"3,7300";"3,7012"
"111,9100";"3,7303";"3,7024"
"111,9200";"3,7306";"3,7039"
"111,9300";"3,7309";"3,7046"
"111,9400";"3,7311";"3,7042"
"111,9500";"3,7315";"3,7034"
"111,9600";"3,7319";"3,7021"
"111,9700";"3,7321";"3,7029"
"111,9800";"3,7324";"3,7060"
"111,9900";"3,7328";"3,7066"
"112,0000";"3,7332";"3,7043"
"112,0100";"3,7335";"3,7030"
"112,0200";"3,7339";"3,7034"
"112,0300";"3,7342";"3,7040"
"112,0400";"3,7346";"3,7039"
"112,0500";"3,7349";"3,7041"
"112,0600";"3,7353";"3,7055"
"112,0700";"3,7356";"3,7081"
"112,0800";"3,7360";"3,7100"
"112,0900";"3,7363";"3,7094"
"112,1000";"3,7367";"3,7095"
"112,1100";"3,7369";"3,7099"
"112,1200";"3,7373";"3,7091"
"112,1300";"3,7375";"3,7074"
"112,1400";"3,7379";"3,7087"
"112,1500";"3,7382";"3,7112"
"112,1600";"3,7385";"3,7128"
"112,1700";"3,7388";"3,7133"
"112,1800";"3,7392";"3,7127"
"112,1900";"3,7395";"3,7122"
"112,2000";"3,7399";"3,7109"
"112,2100";"3,7402";"3,7089"
"112,2200";"3,7405";"3,7080"
"112,2300";"3,7408";"3,7098"
"112,2400";"3,7412";"3,7119"
"112,2500";"3,7415";"3,7133"
"112,2600";"3,7419";"3,7148"
"112,2700";"3,7422";"3,7159"
"112,2800";"3,7425";"3,7133"
"112,2900";"3,7427";"3,7103"
"112,3000";"3,7431";"3,7107"
"112,3100";"3,7434";"3,7130"
"112,3200";"3,7438";"3,7146"
"112,3300";"3,7441";"3,7140"
"112,3400";"3,7445";"3,7133"
"112,3500";"3,7448";"3,7156"
"112,3600";"3,7452";"3,7176"
"112,3700";"3,7455";"3,7170"
"112,3800";"3,7459";"3,7151"
"112,3900";"3,7463";"3,7129"
"112,4000";"3,7466";"3,7122"
"112,4100";"3,7470";"3,7131"
"112,4200";"3,7473";"3,7163"
"112,4300";"3,7478";"3,7194"
"112,4400";"3,7480";"3,7190"
"112,4500";"3,7484";"3,7178"
"112,4600";"3,7486";"3,7189"
"112,4700";"3,7490";"3,7201"
"112,4800";"3,7493";"3,7203"
"112,4900";"3,7496";"3,7194"
"112,5000";"3,7499";"3,7187"
"112,5100";"3,7503";"3,7189"
"112,5200";"3,7506";"3,7209"
"112,5300";"3,7510";"3,7221"
"112,5400";"3,7513";"3,7216"
"112,5500";"3,7517";"3,7215"
"112,5600";"3,7520";"3,7216"
"112,5700";"3,7525";"3,7197"
"112,5800";"3,7527";"3,7181"
"112,5900";"3,7531";"3,7185"
"112,6000";"3,7533";"3,7213"
"112,6100";"3,7537";"3,7227"
"112,6200";"3,7540";"3,7222"
"112,6300";"3,7544";"3,7226"
"112,6400";"3,7546";"3,7227"
"112,6500";"3,7551";"3,7217"
"112,6600";"3,7553";"3,7213"
"112,6700";"3,7558";"3,7214"
"112,6800";"3,7562";"3,7221"
"112,6900";"3,7565";"3,7233"
"112,7000";"3,7568";"3,7248"
"112,7100";"3,7571";"3,7269"
"112,7200";"3,7575";"3,7281"
"112,7300";"3,7578";"3,7268"
"112,7400";"3,7582";"3,7250"
"112,7500";"3,7584";"3,7254"
"112,7600";"3,7588";"3,7277"
"112,7700";"3,7591";"3,7277"
"112,7800";"3,7594";"3,7259"
"112,7900";"3,7597";"3,7266"
"112,8000";"3,7600";"3,7295"
"112,8100";"3,7603";"3,7311"
"112,8200";"3,7605";"3,7292"
"112,8300";"3,7609";"3,7261"
"112,8400";"3,7612";"3,7267"
"112,8500";"3,7616";"3,7288"
"112,8600";"3,7618";"3,7294"
"112,8700";"3,7622";"3,7283"
"112,8800";"3,7625";"3,7281"
"112,8900";"3,7629";"3,7300"
"112,9000";"3,7633";"3,7314"
"112,9100";"3,7636";"3,7311"
"112,9200";"3,7638";"3,7297"
"112,9300";"3,7642";"3,7278"
"112,9400";"3,7646";"3,7277"
"112,9500";"3,7648";"3,7293"
"112,9600";"3,7651";"3,7317"
"112,9700";"3,7654";"3,7315"
"112,9800";"3,7657";"3,7305"
"112,9900";"3,7661";"3,7320"
"113,0000";"3,7664";"3,7339"
"113,0100";"3,7668";"3,7338"
"113,0200";"3,7672";"3,7317"
"113,0300";"3,7675";"3,7303"
"113,0400";"3,7679";"3,7330"
"113,0500";"3,7682";"3,7362"
"113,0600";"3,7686";"3,7370"
"113,0700";"3,7689";"3,7365"
"113,0800";"3,7693";"3,7372"
"113,0900";"3,7697";"3,7374"
"113,1000";"3,7701";"3,7376"
"113,1100";"3,7705";"3,7368"
"113,1200";"3,7708";"3,7370"
"113,1300";"3,7710";"3,7379"
"113,1400";"3,7714";"3,7383"
"113,1500";"3,7716";"3,7386"
"113,1600";"3,7720";"3,7381"
"113,1700";"3,7723";"3,7371"
"113,1800";"3,7726";"3,7354"
"113,1900";"3,7731";"3,7344"
"113,2000";"3,7733";"3,7354"
"113,2100";"3,7738";"3,7372"
"113,2200";"3,7741";"3,7383"
"113,2300";"3,7745";"3,7379"
"113,2400";"3,7748";"3,7359"
"113,2500";"3,7752";"3,7350"
"113,2600";"3,7754";"3,7355"
"113,2700";"3,7757";"3,7378"
"113,2800";"3,7760";"3,7407"
"113,2900";"3,7764";"3,7417"
"113,3000";"3,7766";"3,7399"
"113,3100";"3,7770";"3,7384"
"113,3200";"3,7772";"3,7401"
"113,3300";"3,7775";"3,7426"
"113,3400";"3,7779";"3,7444"
"113,3500";"3,7782";"3,7448"
"113,3600";"3,7786";"3,7447"
"113,3700";"3,7790";"3,7445"
"113,3800";"3,7793";"3,7438"
"113,3900";"3,7797";"3,7425"
"113,4000";"3,7800";"3,7425"
"113,4100";"3,7804";"3,7435"
"113,4200";"3,7807";"3,7441"
"113,4300";"3,7810";"3,7445"
"113,4400";"3,7813";"3,7463"
"113,4500";"3,7817";"3,7489"
"113,4600";"3,7819";"3,7491"
"113,4700";"3,7823";"3,7460"
"113,4800";"3,7825";"3,7434"
"113,4900";"3,7829";"3,7451"
"113,5000";"3,7832";"3,7474"
"113,5100";"3,7834";"3,7473"
"113,5200";"3,7838";"3,7461"
"113,5300";"3,7842";"3,7469"
"113,5400";"3,7845";"3,7489"
"113,5500";"3,7849";"3,7506"
"113,5600";"3,7852";"3,7505"
"113,5700";"3,7856";"3,7493"
"113,5800";"3,7859";"3,7484"
"113,5900";"3,7863";"3,7482"
"113,6000";"3,7866";"3,7482"
"113,6100";"3,7870";"3,7483"
"113,6200";"3,7872";"3,7484"
"113,6300";"3,7876";"3,7488"
"113,6400";"3,7878";"3,7502"
"113,6500";"3,7880";"3,7507"
"113,6600";"3,7884";"3,7514"
"113,6700";"3,7888";"3,7510"
"113,6800";"3,7890";"3,7507"
"113,6900";"3,7893";"3,7517"
"113,7000";"3,7898";"3,7510"
"113,7100";"3,7901";"3,7492"
"113,7200";"3,7905";"3,7501"
"113,7300";"3,7909";"3,7542"
"113,7400";"3,7912";"3,7572"
"113,7500";"3,7915";"3,7556"
"113,7600";"3,7918";"3,7531"
"113,7700";"3,7922";"3,7519"
"113,7800";"3,7925";"3,7536"
"113,7900";"3,7929";"3,7544"
"113,8000";"3,7931";"3,7523"
"113,8100";"3,7934";"3,7523"
"113,8200";"3,7937";"3,7555"
"113,8300";"3,7941";"3,7583"
"113,8400";"3,7944";"3,7586"
"113,8500";"3,7947";"3,7572"
"113,8600";"3,7951";"3,7567"
"113,8700";"3,7955";"3,7564"
"113,8800";"3,7958";"3,7564"
"113,8900";"3,7962";"3,7562"
"113,9000";"3,7965";"3,7558"
"113,9100";"3,7970";"3,7565"
"113,9200";"3,7974";"3,7598"
"113,9300";"3,7977";"3,7637"
"113,9400";"3,7981";"3,7642"
"113,9500";"3,7983";"3,7609"
"113,9600";"3,7987";"3,7583"
"113,9700";"3,7990";"3,7581"
"113,9800";"3,7993";"3,7600"
"113,9900";"3,7996";"3,7594"
"114,0000";"3,8000";"3,7586"
"114,0100";"3,8003";"3,7600"
"114,0200";"3,8007";"3,7636"
"114,0300";"3,8010";"3,7645"
"114,0400";"3,8014";"3,7631"
"114,0500";"3,8017";"3,7618"
"114,0600";"3,8021";"3,7626"
"114,0700";"3,8025";"3,7649"
"114,0800";"3,8028";"3,7639"
"114,0900";"3,8032";"3,7633"
"114,1000";"3,8035";"3,7645"
"114,1100";"3,8039";"3,7656"
"114,1200";"3,8041";"3,7640"
"114,1300";"3,8045";"3,7611"
"114,1400";"3,8047";"3,7604"
"114,1500";"3,8050";"3,7628"
"114,1600";"3,8053";"3,7660"
"114,1700";"3,8055";"3,7663"
"114,1800";"3,8059";"3,7644"
"114,1900";"3,8062";"3,7632"
"114,2000";"3,8066";"3,7648"
"114,2100";"3,8069";"3,7671"
"114,2200";"3,8072";"3,7680"
"114,2300";"3,8075";"3,7675"
"114,2400";"3,8079";"3,7664"
"114,2500";"3,8082";"3,7671"
"114,2600";"3,8086";"3,7711"
"114,2700";"3,8089";"3,7723"
"114,2800";"3,8093";"3,7707"
"114,2900";"3,8095";"3,7674"
"114,3000";"3,8099";"3,7670"
"114,3100";"3,8101";"3,7681"
"114,3200";"3,8105";"3,7673"
"114,3300";"3,8107";"3,7663"
"114,3400";"3,8111";"3,7661"
"114,3500";"3,8113";"3,7660"
"114,3600";"3,8118";"3,7667"
"114,3700";"3,8121";"3,7671"
"114,3800";"3,8125";"3,7699"
"114,3900";"3,8128";"3,7737"
"114,4000";"3,8132";"3,7732"
"114,4100";"3,8137";"3,7695"
"114,4200";"3,8140";"3,7679"
"114,4300";"3,8144";"3,7721"
"114,4400";"3,8147";"3,7775"
"114,4500";"3,8151";"3,7781"
"114,4600";"3,8154";"3,7738"
"114,4700";"3,8158";"3,7690"
"114,4800";"3,8160";"3,7685"
"114,4900";"3,8164";"3,7721"
"114,5000";"3,8166";"3,7763"
"114,5100";"3,8170";"3,7770"
"114,5200";"3,8173";"3,7751"
"114,5300";"3,8177";"3,7728"
"114,5400";"3,8180";"3,7741"
"114,5500";"3,8184";"3,7763"
"114,5600";"3,8187";"3,7746"
"114,5700";"3,8191";"3,7713"
"114,5800";"3,8195";"3,7711"
"114,5900";"3,8198";"3,7743"
"114,6000";"3,8202";"3,7770"
"114,6100";"3,8205";"3,7775"
"114,6200";"3,8209";"3,7794"
"114,6300";"3,8211";"3,7797"
"114,6400";"3,8213";"3,7770"
"114,6500";"3,8217";"3,7730"
"114,6600";"3,8219";"3,7736"
"114,6700";"3,8223";"3,7789"
"114,6800";"3,8226";"3,7816"
"114,6900";"3,8229";"3,7801"
"114,7000";"3,8232";"3,7779"
"114,7100";"3,8236";"3,7783"
"114,7200";"3,8239";"3,7801"
"114,7300";"3,8243";"3,7808"
"114,7400";"3,8246";"3,7791"
"114,7500";"3,8251";"3,7778"
"114,7600";"3,8255";"3,7789"
"114,7700";"3,8258";"3,7813"
"114,7800";"3,8262";"3,7843"
"114,7900";"3,8265";"3,7859"
"114,8000";"3,8269";"3,7853"
"114,8100";"3,8271";"3,7824"
"114,8200";"3,8275";"3,7801"
"114,8300";"3,8277";"3,7809"
"114,8400";"3,8281";"3,7838"
"114,8500";"3,8283";"3,7855"
"114,8600";"3,8287";"3,7850"
"114,8700";"3,8290";"3,7846"
"114,8800";"3,8294";"3,7850"
"114,8900";"3,8296";"3,7854"
"114,9000";"3,8300";"3,7846"
"114,9100";"3,8303";"3,7842"
"114,9200";"3,8307";"3,7841"
"114,9300";"3,8310";"3,7860"
"114,9400";"3,8314";"3,7906"
"114,9500";"3,8317";"3,7948"
"114,9600";"3,8321";"3,7932"
"114,9700";"3,8323";"3,7867"
"114,9800";"3,8326";"3,7800"
"114,9900";"3,8329";"3,7784"
"115,0000";"3,8333";"3,7812"
"115,0100";"3,8335";"3,7854"
"115,0200";"3,8339";"3,7888"
"115,0300";"3,8341";"3,7924"
"115,0400";"3,8344";"3,7948"
"115,0500";"3,8348";"3,7947"
"115,0600";"3,8352";"3,7916"
"115,0700";"3,8355";"3,7889"
"115,0800";"3,8359";"3,7872"
"115,0900";"3,8362";"3,7868"
"115,1000";"3,8366";"3,7873"
"115,1100";"3,8369";"3,7905"
"115,1200";"3,8373";"3,7948"
"115,1300";"3,8375";"3,7959"
"115,1400";"3,8379";"3,7947"
"115,1500";"3,8381";"3,7928"
"115,1600";"3,8385";"3,7910"
"115,1700";"3,8387";"3,7896"
"115,1800";"3,8390";"3,7899"
"115,1900";"3,8394";"3,7914"
"115,2000";"3,8398";"3,7941"
"115,2100";"3,8401";"3,7953"
"115,2200";"3,8406";"3,7954"
"115,2300";"3,8409";"3,7970"
"115,2400";"3,8413";"3,7973"
"115,2500";"3,8416";"3,7937"
"115,2600";"3,8420";"3,7904"
"115,2700";"3,8424";"3,7928"
"115,2800";"3,8427";"3,7986"
"115,2900";"3,8431";"3,8019"
"115,3000";"3,8433";"3,8008"
"115,3100";"3,8435";"3,7984"
"115,3200";"3,8439";"3,7973"
"115,3300";"3,8441";"3,7965"
"115,3400";"3,8445";"3,7956"
"115,3500";"3,8447";"3,7947"
"115,3600";"3,8451";"3,7958"
"115,3700";"3,8454";"3,7973"
"115,3800";"3,8458";"3,7986"
"115,3900";"3,8462";"3,7986"
"115,4000";"3,8466";"3,7989"
"115,4100";"3,8470";"3,7996"
"115,4200";"3,8473";"3,7993"
"115,4300";"3,8477";"3,7988"
"115,4400";"3,8480";"3,8006"
"115,4500";"3,8484";"3,8030"
"115,4600";"3,8487";"3,8036"
"115,4700";"3,8491";"3,8027"
"115,4800";"3,8494";"3,8022"
"115,4900";"3,8498";"3,8007"
"115,5000";"3,8500";"3,7978"
"115,5100";"3,8503";"3,7961"
"115,5200";"3,8505";"3,7982"
"115,5300";"3,8509";"3,8047"
"115,5400";"3,8512";"3,8101"
"115,5500";"3,8516";"3,8112"
"115,5600";"3,8518";"3,8093"
"115,5700";"3,8522";"3,8054"
"115,5800";"3,8525";"3,8017"
"115,5900";"3,8529";"3,8003"
"115,6000";"3,8531";"3,8009"
"115,6100";"3,8536";"3,8021"
"115,6200";"3,8538";"3,8018"
"115,6300";"3,8542";"3,8020"
"115,6400";"3,8545";"3,8055"
"115,6500";"3,8549";"3,8096"
"115,6600";"3,8551";"3,8115"
"115,6700";"3,8555";"3,8097"
"115,6800";"3,8557";"3,8081"
"115,6900";"3,8560";"3,8069"
"115,7000";"3,8563";"3,8062"
"115,7100";"3,8566";"3,8062"
"115,7200";"3,8570";"3,8079"
"115,7300";"3,8573";"3,8091"
"115,7400";"3,8577";"3,8095"
"115,7500";"3,8581";"3,8092"
"115,7600";"3,8584";"3,8095"
"115,7700";"3,8588";"3,8127"
"115,7800";"3,8591";"3,8135"
"115,7900";"3,8595";"3,8107"
"115,8000";"3,8598";"3,8089"
"115,8100";"3,8602";"3,8096"
"115,8200";"3,8605";"3,8108"
"115,8300";"3,8608";"3,8111"
"115,8400";"3,8611";"3,8102"
"115,8500";"3,8614";"3,8094"
"115,8600";"3,8617";"3,8085"
"115,8700";"3,8621";"3,8076"
"115,8800";"3,8624";"3,8076"
"115,8900";"3,8628";"3,8094"
"115,9000";"3,8631";"3,8114"
"115,9100";"3,8636";"3,8126"
"115,9200";"3,8640";"3,8158"
"115,9300";"3,8643";"3,8212"
"115,9400";"3,8647";"3,8240"
"115,9500";"3,8651";"3,8221"
"115,9600";"3,8655";"3,8162"
"115,9700";"3,8658";"3,8119"
"115,9800";"3,8661";"3,8103"
"115,9900";"3,8664";"3,8120"
"116,0000";"3,8668";"3,8156"
"116,0100";"3,8670";"3,8209"
"116,0200";"3,8674";"3,8238"
"116,0300";"3,8676";"3,8237"
"116,0400";"3,8680";"3,8211"
"116,0500";"3,8683";"3,8185"
"116,0600";"3,8687";"3,8164"
"116,0700";"3,8690";"3,8143"
"116,0800";"3,8694";"3,8125"
"116,0900";"3,8697";"3,8144"
"116,1000";"3,8701";"3,8192"
"116,1100";"3,8705";"3,8230"
"116,1200";"3,8708";"3,8242"
"116,1300";"3,8712";"3,8226"
"116,1400";"3,8715";"3,8201"
"116,1500";"3,8719";"3,8183"
"116,1600";"3,8721";"3,8182"
"116,1700";"3,8723";"3,8179"
"116,1800";"3,8727";"3,8190"
"116,1900";"3,8729";"3,8195"
"116,2000";"3,8733";"3,8198"
"116,2100";"3,8735";"3,8213"
"116,2200";"3,8739";"3,8235"
"116,2300";"3,8742";"3,8232"
"116,2400";"3,8746";"3,8215"
"116,2500";"3,8749";"3,8222"
"116,2600";"3,8753";"3,8245"
"116,2700";"3,8756";"3,8249"
"116,2800";"3,8760";"3,8244"
"116,2900";"3,8764";"3,8254"
"116,3000";"3,8767";"3,8272"
"116,3100";"3,8771";"3,8291"
"116,3200";"3,8774";"3,8286"
"116,3300";"3,8777";"3,8263"
"116,3400";"3,8780";"3,8256"
"116,3500";"3,8784";"3,8249"
"116,3600";"3,8786";"3,8233"
"116,3700";"3,8791";"3,8228"
"116,3800";"3,8793";"3,8253"
"116,3900";"3,8797";"3,8286"
"116,4000";"3,8801";"3,8279"
"116,4100";"3,8805";"3,8254"
"116,4200";"3,8807";"3,8268"
"116,4300";"3,8812";"3,8306"
"116,4400";"3,8814";"3,8330"
"116,4500";"3,8818";"3,8306"
"116,4600";"3,8821";"3,8238"
"116,4700";"3,8825";"3,8188"
"116,4800";"3,8828";"3,8207"
"116,4900";"3,8831";"3,8300"
"116,5000";"3,8833";"3,8369"
"116,5100";"3,8837";"3,8365"
"116,5200";"3,8839";"3,8315"
"116,5300";"3,8843";"3,8288"
"116,5400";"3,8845";"3,8317"
"116,5500";"3,8849";"3,8351"
"116,5600";"3,8852";"3,8333"
"116,5700";"3,8857";"3,8297"
"116,5800";"3,8860";"3,8295"
"116,5900";"3,8864";"3,8319"
"116,6000";"3,8867";"3,8336"
"116,6100";"3,8871";"3,8345"
"116,6200";"3,8875";"3,8345"
"116,6300";"3,8878";"3,8337"
"116,6400";"3,8882";"3,8322"
"116,6500";"3,8885";"3,8304"
"116,6600";"3,8887";"3,8307"
"116,6700";"3,8890";"3,8325"
"116,6800";"3,8893";"3,8335"
"116,6900";"3,8897";"3,8328"
"116,7000";"3,8899";"3,8321"
"116,7100";"3,8903";"3,8338"
"116,7200";"3,8906";"3,8361"
"116,7300";"3,8910";"3,8369"
"116,7400";"3,8913";"3,8359"
"116,7500";"3,8917";"3,8354"
"116,7600";"3,8921";"3,8361"
"116,7700";"3,8925";"3,8388"
"116,7800";"3,8929";"3,8412"
"116,7900";"3,8932";"3,8402"
"116,8000";"3,8936";"3,8365"
"116,8100";"3,8938";"3,8340"
"116,8200";"3,8942";"3,8355"
"116,8300";"3,8945";"3,8384"
"116,8400";"3,8947";"3,8384"
"116,8500";"3,8950";"3,8373"
"116,8600";"3,8952";"3,8398"
"116,8700";"3,8955";"3,8441"
"116,8800";"3,8958";"3,8470"
"116,8900";"3,8962";"3,8444"
"116,9000";"3,8965";"3,8372"
"116,9100";"3,8968";"3,8328"
"116,9200";"3,8971";"3,8336"
"116,9300";"3,8975";"3,8389"
"116,9400";"3,8978";"3,8463"
"116,9500";"3,8982";"3,8507"
"116,9600";"3,8985";"3,8485"
"116,9700";"3,8989";"3,8447"
"116,9800";"3,8993";"3,8429"
"116,9900";"3,8996";"3,8422"
"117,0000";"3,8998";"3,8418"
"117,0100";"3,9002";"3,8414"
"117,0200";"3,9004";"3,8428"
"117,0300";"3,9008";"3,8455"
"117,0400";"3,9010";"3,8477"
"117,0500";"3,9014";"3,8482"
"117,0600";"3,9017";"3,8484"
"117,0700";"3,9021";"3,8489"
"117,0800";"3,9024";"3,8468"
"117,0900";"3,9028";"3,8437"
"117,1000";"3,9032";"3,8421"
"117,1100";"3,9036";"3,8448"
"117,1200";"3,9039";"3,8479"
"117,1300";"3,9042";"3,8484"
"117,1400";"3,9046";"3,8461"
"117,1500";"3,9049";"3,8460"
"117,1600";"3,9053";"3,8481"
"117,1700";"3,9056";"3,8485"
"117,1800";"3,9059";"3,8455"
"117,1900";"3,9061";"3,8442"
"117,2000";"3,9065";"3,8462"
"117,2100";"3,9067";"3,8505"
"117,2200";"3,9070";"3,8529"
"117,2300";"3,9074";"3,8528"
"117,2400";"3,9078";"3,8507"
"117,2500";"3,9081";"3,8494"
"117,2600";"3,9086";"3,8499"
"117,2700";"3,9089";"3,8499"
"117,2800";"3,9093";"3,8492"
"117,2900";"3,9096";"3,8488"
"117,3000";"3,9101";"3,8507"
"117,3100";"3,9105";"3,8552"
"117,3200";"3,9107";"3,8585"
"117,3300";"3,9109";"3,8568"
"117,3400";"3,9113";"3,8531"
"117,3500";"3,9117";"3,8520"
"117,3600";"3,9119";"3,8543"
"117,3700";"3,9122";"3,8556"
"117,3800";"3,9126";"3,8545"
"117,3900";"3,9128";"3,8530"
"117,4000";"3,9132";"3,8531"
"117,4100";"3,9135";"3,8551"
"117,4200";"3,9139";"3,8575"
"117,4300";"3,9142";"3,8590"
"117,4400";"3,9146";"3,8590"
"117,4500";"3,9150";"3,8577"
"117,4600";"3,9154";"3,8559"
"117,4700";"3,9158";"3,8561"
"117,4800";"3,9161";"3,8586"
"117,4900";"3,9165";"3,8596"
"117,5000";"3,9168";"3,8581"
"117,5100";"3,9171";"3,8570"
"117,5200";"3,9174";"3,8571"
"117,5300";"3,9177";"3,8578"
"117,5400";"3,9179";"3,8604"
"117,5500";"3,9183";"3,8631"
"117,5600";"3,9185";"3,8632"
"117,5700";"3,9189";"3,8611"
"117,5800";"3,9191";"3,8579"
"117,5900";"3,9194";"3,8575"
"117,6000";"3,9198";"3,8603"
"117,6100";"3,9202";"3,8620"
"117,6200";"3,9205";"3,8606"
"117,6300";"3,9209";"3,8588"
"117,6400";"3,9212";"3,8596"
"117,6500";"3,9216";"3,8619"
"117,6600";"3,9219";"3,8638"
"117,6700";"3,9222";"3,8639"
"117,6800";"3,9225";"3,8634"
"117,6900";"3,9227";"3,8628"
"117,7000";"3,9231";"3,8616"
"117,7100";"3,9235";"3,8623"
"117,7200";"3,9237";"3,8627"
"117,7300";"3,9240";"3,8629"
"117,7400";"3,9244";"3,8626"
"117,7500";"3,9248";"3,8639"
"117,7600";"3,9251";"3,8673"
"117,7700";"3,9255";"3,8684"
"117,7800";"3,9258";"3,8672"
"117,7900";"3,9262";"3,8646"
"117,8000";"3,9266";"3,8652"
"117,8100";"3,9270";"3,8682"
"117,8200";"3,9274";"3,8711"
"117,8300";"3,9277";"3,8723"
"117,8400";"3,9279";"3,8712"
"117,8500";"3,9282";"3,8690"
"117,8600";"3,9285";"3,8668"
"117,8700";"3,9288";"3,8654"
"117,8800";"3,9291";"3,8653"
"117,8900";"3,9295";"3,8663"
"117,9000";"3,9298";"3,8684"
"117,9100";"3,9302";"3,8713"
"117,9200";"3,9305";"3,8744"
"117,9300";"3,9309";"3,8759"
"117,9400";"3,9312";"3,8739"
"117,9500";"3,9316";"3,8710"
"117,9600";"3,9321";"3,8696"
"117,9700";"3,9324";"3,8693"
"117,9800";"3,9328";"3,8688"
"117,9900";"3,9330";"3,8702"
"118,0000";"3,9334";"3,8731"
"118,0100";"3,9336";"3,8740"
"118,0200";"3,9340";"3,8726"
"118,0300";"3,9343";"3,8714"
"118,0400";"3,9346";"3,8726"
"118,0500";"3,9349";"3,8738"
"118,0600";"3,9353";"3,8717"
"118,0700";"3,9356";"3,8699"
"118,0800";"3,9360";"3,8721"
"118,0900";"3,9363";"3,8768"
"118,1000";"3,9367";"3,8788"
"118,1100";"3,9370";"3,8783"
"118,1200";"3,9374";"3,8774"
"118,1300";"3,9379";"3,8761"
"118,1400";"3,9382";"3,8742"
"118,1500";"3,9386";"3,8728"
"118,1600";"3,9389";"3,8743"
"118,1700";"3,9393";"3,8781"
"118,1800";"3,9396";"3,8807"
"118,1900";"3,9399";"3,8801"
"118,2000";"3,9401";"3,8779"
"118,2100";"3,9403";"3,8772"
"118,2200";"3,9407";"3,8767"
"118,2300";"3,9409";"3,8765"
"118,2400";"3,9413";"3,8765"
"118,2500";"3,9416";"3,8778"
"118,2600";"3,9420";"3,8792"
"118,2700";"3,9422";"3,8788"
"118,2800";"3,9426";"3,8792"
"118,2900";"3,9429";"3,8804"
"118,3000";"3,9433";"3,8816"
"118,3100";"3,9436";"3,8819"
"118,3200";"3,9440";"3,8808"
"118,3300";"3,9444";"3,8815"
"118,3400";"3,9447";"3,8827"
"118,3500";"3,9451";"3,8830"
"118,3600";"3,9453";"3,8830"
"118,3700";"3,9457";"3,8819"
"118,3800";"3,9459";"3,8793"
"118,3900";"3,9462";"3,8782"
"118,4000";"3,9465";"3,8805"
"118,4100";"3,9468";"3,8864"
"118,4200";"3,9472";"3,8888"
"118,4300";"3,9475";"3,8860"
"118,4400";"3,9479";"3,8833"
"118,4500";"3,9482";"3,8829"
"118,4600";"3,9486";"3,8848"
"118,4700";"3,9490";"3,8870"
"118,4800";"3,9492";"3,8866"
"118,4900";"3,9497";"3,8849"
"118,5000";"3,9500";"3,8841"
"118,5100";"3,9504";"3,8844"
"118,5200";"3,9506";"3,8866"
"118,5300";"3,9508";"3,8874"
"118,5400";"3,9512";"3,8857"
"118,5500";"3,9516";"3,8828"
"118,5600";"3,9518";"3,8834"
"118,5700";"3,9521";"3,8862"
"118,5800";"3,9525";"3,8887"
"118,5900";"3,9529";"3,8888"
"118,6000";"3,9532";"3,8892"
"118,6100";"3,9537";"3,8900"
"118,6200";"3,9540";"3,8903"
"118,6300";"3,9544";"3,8896"
"118,6400";"3,9547";"3,8889"
"118,6500";"3,9551";"3,8903"
"118,6600";"3,9555";"3,8910"
"118,6700";"3,9557";"3,8893"
"118,6800";"3,9559";"3,8881"
"118,6900";"3,9563";"3,8907"
"118,7000";"3,9565";"3,8935"
"118,7100";"3,9569";"3,8944"
"118,7200";"3,9572";"3,8932"
"118,7300";"3,9575";"3,8931"
"118,7400";"3,9578";"3,8956"
"118,7500";"3,9582";"3,8970"
"118,7600";"3,9585";"3,8951"
"118,7700";"3,9589";"3,8925"
"118,7800";"3,9593";"3,8920"
"118,7900";"3,9597";"3,8934"
"118,8000";"3,9601";"3,8953"
"118,8100";"3,9604";"3,8969"
"118,8200";"3,9608";"3,8976"
"118,8300";"3,9611";"3,8961"
"118,8400";"3,9615";"3,8940"
"118,8500";"3,9618";"3,8946"
"118,8600";"3,9621";"3,8957"
"118,8700";"3,9623";"3,8949"
"118,8800";"3,9627";"3,8948"
"118,8900";"3,9629";"3,8962"
"118,9000";"3,9632";"3,8985"
"118,9100";"3,9636";"3,9002"
"118,9200";"3,9638";"3,8995"
"118,9300";"3,9642";"3,8972"
"118,9400";"3,9645";"3,8957"
"118,9500";"3,9649";"3,8950"
"118,9600";"3,9652";"3,8952"
"118,9700";"3,9655";"3,8974"
"118,9800";"3,9658";"3,9000"
"118,9900";"3,9662";"3,9014"
"119,0000";"3,9665";"3,8996"
"119,0100";"3,9669";"3,8980"
"119,0200";"3,9671";"3,8976"
"119,0300";"3,9675";"3,8986"
"119,0400";"3,9677";"3,8992"
"119,0500";"3,9681";"3,8986"
"119,0600";"3,9683";"3,8996"
"119,0700";"3,9687";"3,9014"
"119,0800";"3,9690";"3,9021"
"119,0900";"3,9694";"3,9027"
"119,1000";"3,9697";"3,9029"
"119,1100";"3,9701";"3,9014"
"119,1200";"3,9704";"3,8991"
"119,1300";"3,9708";"3,8983"
"119,1400";"3,9712";"3,9012"
"119,1500";"3,9715";"3,9043"
"119,1600";"3,9719";"3,9062"
"119,1700";"3,9722";"3,9065"
"119,1800";"3,9726";"3,9061"
"119,1900";"3,9728";"3,9061"
"119,2000";"3,9732";"3,9059"
"119,2100";"3,9734";"3,9055"
"119,2200";"3,9737";"3,9052"
"119,2300";"3,9741";"3,9056"
"119,2400";"3,9745";"3,9057"
"119,2500";"3,9748";"3,9054"
"119,2600";"3,9753";"3,9061"
"119,2700";"3,9756";"3,9068"
"119,2800";"3,9760";"3,9067"
"119,2900";"3,9763";"3,9064"
"119,3000";"3,9767";"3,9069"
"119,3100";"3,9772";"3,9087"
"119,3200";"3,9774";"3,9092"
"119,3300";"3,9778";"3,9103"
"119,3400";"3,9781";"3,9122"
"119,3500";"3,9784";"3,9131"
"119,3600";"3,9786";"3,9123"
"119,3700";"3,9789";"3,9110"
"119,3800";"3,9792";"3,9116"
"119,3900";"3,9795";"3,9134"
"119,4000";"3,9799";"3,9132"
"119,4100";"3,9802";"3,9090"
"119,4200";"3,9805";"3,9074"
"119,4300";"3,9808";"3,9103"
"119,4400";"3,9812";"3,9137"
"119,4500";"3,9817";"3,9141"
"119,4600";"3,9820";"3,9123"
"119,4700";"3,9824";"3,9126"
"119,4800";"3,9827";"3,9142"
"119,4900";"3,9831";"3,9146"
"119,5000";"3,9834";"3,9138"
"119,5100";"3,9838";"3,9137"
"119,5200";"3,9841";"3,9142"
"119,5300";"3,9845";"3,9152"
"119,5400";"3,9847";"3,9168"
"119,5500";"3,9851";"3,9178"
"119,5600";"3,9853";"3,9188"
"119,5700";"3,9857";"3,9188"
"119,5800";"3,9859";"3,9177"
"119,5900";"3,9863";"3,9174"
"119,6000";"3,9865";"3,9181"
"119,6100";"3,9869";"3,9189"
"119,6200";"3,9872";"3,9200"
"119,6300";"3,9876";"3,9215"
"119,6400";"3,9879";"3,9211"
"119,6500";"3,9882";"3,9184"
"119,6600";"3,9885";"3,9167"
"119,6700";"3,9889";"3,9169"
"119,6800";"3,9892";"3,9172"
"119,6900";"3,9896";"3,9169"
"119,7000";"3,9898";"3,9175"
"119,7100";"3,9900";"3,9194"
"119,7200";"3,9904";"3,9212"
"119,7300";"3,9907";"3,9220"
"119,7400";"3,9910";"3,9210"
"119,7500";"3,9913";"3,9202"
"119,7600";"3,9917";"3,9214"
"119,7700";"3,9920";"3,9211"
"119,7800";"3,9924";"3,9208"
"119,7900";"3,9928";"3,9215"
"119,8000";"3,9932";"3,9230"
"119,8100";"3,9936";"3,9236"
"119,8200";"3,9939";"3,9245"
"119,8300";"3,9943";"3,9269"
"119,8400";"3,9946";"3,9279"
"119,8500";"3,9950";"3,9263"
"119,8600";"3,9954";"3,9240"
"119,8700";"3,9957";"3,9231"
"119,8800";"3,9961";"3,9244"
"119,8900";"3,9963";"3,9258"
"119,9000";"3,9967";"3,9266"
"119,9100";"3,9970";"3,9276"
"119,9200";"3,9974";"3,9289"
"119,9300";"3,9977";"3,9286"
"119,9400";"3,9982";"3,9271"
"119,9500";"3,9985";"3,9270"
"119,9600";"3,9989";"3,9275"
"119,9700";"3,9992";"3,9277"
"119,9800";"3,9996";"3,9276"
"119,9900";"4,0000";"3,9294"
"120,0000";"4,0002";"3,9306"
"120,0100";"4,0005";"3,9308"
"120,0200";"4,0008";"3,9308"
"120,0300";"4,0010";"3,9297"
"120,0400";"4,0014";"3,9306"
"120,0500";"4,0016";"3,9308"
"120,0600";"4,0020";"3,9298"
"120,0700";"4,0023";"3,9292"
"120,0800";"4,0027";"3,9307"
"120,0900";"4,0030";"3,9332"
"120,1000";"4,0034";"3,9340"
"120,1100";"4,0037";"3,9340"
"120,1200";"4,0041";"3,9347"
"120,1300";"4,0046";"3,9340"
"120,1400";"4,0049";"3,9322"
"120,1500";"4,0053";"3,9307"
"120,1600";"4,0056";"3,9321"
"120,1700";"4,0059";"3,9350"
"120,1800";"4,0062";"3,9367"
"120,1900";"4,0066";"3,9369"
"120,2000";"4,0069";"3,9362"
"120,2100";"4,0072";"3,9369"
"120,2200";"4,0075";"3,9366"
"120,2300";"4,0077";"3,9346"
"120,2400";"4,0081";"3,9333"
"120,2500";"4,0083";"3,9338"
"120,2600";"4,0087";"3,9354"
"120,2700";"4,0090";"3,9373"
"120,2800";"4,0093";"3,9387"
"120,2900";"4,0096";"3,9380"
"120,3000";"4,0100";"3,9356"
"120,3100";"4,0103";"3,9356"
"120,3200";"4,0107";"3,9377"
"120,3300";"4,0111";"3,9391"
"120,3400";"4,0114";"3,9398"
"120,3500";"4,0118";"3,9389"
"120,3600";"4,0121";"3,9385"
"120,3700";"4,0124";"3,9382"
"120,3800";"4,0127";"3,9373"
"120,3900";"4,0129";"3,9374"
"120,4000";"4,0133";"3,9384"
"120,4100";"4,0137";"3,9400"
"120,4200";"4,0139";"3,9398"
"120,4300";"4,0142";"3,9393"
"120,4400";"4,0146";"3,9396"
"120,4500";"4,0150";"3,9407"
"120,4600";"4,0152";"3,9402"
"120,4700";"4,0155";"3,9384"
"120,4800";"4,0159";"3,9390"
"120,4900";"4,0162";"3,9420"
"120,5000";"4,0166";"3,9437"
"120,5100";"4,0170";"3,9423"
"120,5200";"4,0173";"3,9415"
"120,5300";"4,0175";"3,9426"
"120,5400";"4,0179";"3,9431"
"120,5500";"4,0181";"3,9423"
"120,5600";"4,0185";"3,9412"
"120,5700";"4,0188";"3,9426"
"120,5800";"4,0192";"3,9439"
"120,5900";"4,0196";"3,9438"
"120,6000";"4,0199";"3,9442"
"120,6100";"4,0203";"3,9459"
"120,6200";"4,0206";"3,9471"
"120,6300";"4,0210";"3,9465"
"120,6400";"4,0214";"3,9456"
"120,6500";"4,0218";"3,9462"
"120,6600";"4,0223";"3,9485"
"120,6700";"4,0225";"3,9491"
"120,6800";"4,0229";"3,9483"
"120,6900";"4,0232";"3,9485"
"120,7000";"4,0235";"3,9491"
"120,7100";"4,0238";"3,9493"
"120,7200";"4,0240";"3,9489"
"120,7300";"4,0244";"3,9484"
"120,7400";"4,0247";"3,9489"
"120,7500";"4,0251";"3,9496"
"120,7600";"4,0255";"3,9495"
"120,7700";"4,0257";"3,9503"
"120,7800";"4,0262";"3,9514"
"120,7900";"4,0264";"3,9515"
"120,8000";"4,0269";"3,9517"
"120,8100";"4,0271";"3,9524"
"120,8200";"4,0275";"3,9520"
"120,8300";"4,0278";"3,9497"
"120,8400";"4,0282";"3,9492"
"120,8500";"4,0285";"3,9506"
"120,8600";"4,0288";"3,9523"
"120,8700";"4,0290";"3,9521"
"120,8800";"4,0294";"3,9518"
"120,8900";"4,0296";"3,9527"
"120,9000";"4,0299";"3,9552"
"120,9100";"4,0302";"3,9555"
"120,9200";"4,0305";"3,9537"
"120,9300";"4,0309";"3,9536"
"120,9400";"4,0311";"3,9552"
"120,9500";"4,0315";"3,9566"
"120,9600";"4,0318";"3,9565"
"120,9700";"4,0322";"3,9574"
"120,9800";"4,0325";"3,9577"
"120,9900";"4,0329";"3,9575"
"121,0000";"4,0332";"3,9581"
"121,0100";"4,0335";"3,9572"
"121,0200";"4,0338";"3,9562"
"121,0300";"4,0342";"3,9568"
"121,0400";"4,0345";"3,9579"
"121,0500";"4,0348";"3,9593"
"121,0600";"4,0351";"3,9595"
"121,0700";"4,0354";"3,9573"
"121,0800";"4,0357";"3,9561"
"121,0900";"4,0361";"3,9570"
"121,1000";"4,0364";"3,9586"
"121,1100";"4,0368";"3,9582"
"121,1200";"4,0371";"3,9565"
"121,1300";"4,0374";"3,9575"
"121,1400";"4,0377";"3,9617"
"121,1500";"4,0382";"3,9633"
"121,1600";"4,0384";"3,9626"
"121,1700";"4,0388";"3,9628"
"121,1800";"4,0393";"3,9640"
"121,1900";"4,0395";"3,9639"
"121,2000";"4,0399";"3,9622"
"121,2100";"4,0402";"3,9610"
"121,2200";"4,0405";"3,9614"
"121,2300";"4,0408";"3,9630"
"121,2400";"4,0410";"3,9641"
"121,2500";"4,0414";"3,9635"
"121,2600";"4,0417";"3,9641"
"121,2700";"4,0420";"3,9647"
"121,2800";"4,0425";"3,9643"
"121,2900";"4,0428";"3,9629"
"121,3000";"4,0432";"3,9630"
"121,3100";"4,0435";"3,9637"
"121,3200";"4,0440";"3,9643"
"121,3300";"4,0443";"3,9650"
"121,3400";"4,0447";"3,9654"
"121,3500";"4,0451";"3,9650"
"121,3600";"4,0453";"3,9643"
"121,3700";"4,0456";"3,9653"
"121,3800";"4,0459";"3,9662"
"121,3900";"4,0462";"3,9666"
"121,4000";"4,0466";"3,9650"
"121,4100";"4,0469";"3,9647"
"121,4200";"4,0473";"3,9669"
"121,4300";"4,0477";"3,9682"
"121,4400";"4,0479";"3,9667"
"121,4500";"4,0484";"3,9660"
"121,4600";"4,0487";"3,9679"
"121,4700";"4,0491";"3,9702"
"121,4800";"4,0494";"3,9697"
"121,4900";"4,0497";"3,9695"
"121,5000";"4,0500";"3,9707"
"121,5100";"4,0504";"3,9715"
"121,5200";"4,0507";"3,9705"
"121,5300";"4,0511";"3,9693"
"121,5400";"4,0514";"3,9710"
"121,5500";"4,0517";"3,9724"
"121,5600";"4,0520";"3,9719"
"121,5700";"4,0523";"3,9710"
"121,5800";"4,0526";"3,9727"
"121,5900";"4,0530";"3,9753"
"121,6000";"4,0533";"3,9761"
"121,6100";"4,0536";"3,9733"
"121,6200";"4,0539";"3,9711"
"121,6300";"4,0543";"3,9705"
"121,6400";"4,0546";"3,9705"
"121,6500";"4,0550";"3,9718"
"121,6600";"4,0553";"3,9747"
"121,6700";"4,0557";"3,9776"
"121,6800";"4,0560";"3,9773"
"121,6900";"4,0564";"3,9751"
"121,7000";"4,0567";"3,9755"
"121,7100";"4,0571";"3,9774"
"121,7200";"4,0573";"3,9780"
"121,7300";"4,0577";"3,9757"
"121,7400";"4,0579";"3,9760"
"121,7500";"4,0583";"3,9789"
"121,7600";"4,0586";"3,9818"
"121,7700";"4,0589";"3,9809"
"121,7800";"4,0592";"3,9802"
"121,7900";"4,0596";"3,9800"
"121,8000";"4,0599";"3,9788"
"121,8100";"4,0603";"3,9767"
"121,8200";"4,0606";"3,9757"
"121,8300";"4,0609";"3,9768"
"121,8400";"4,0613";"3,9785"
"121,8500";"4,0616";"3,9792"
"121,8600";"4,0621";"3,9805"
"121,8700";"4,0624";"3,9820"
"121,8800";"4,0628";"3,9817"
"121,8900";"4,0630";"3,9808"
"121,9000";"4,0634";"3,9794"
"121,9100";"4,0636";"3,9800"
"121,9200";"4,0639";"3,9813"
"121,9300";"4,0643";"3,9826"
"121,9400";"4,0647";"3,9837"
"121,9500";"4,0650";"3,9855"
"121,9600";"4,0654";"3,9869"
"121,9700";"4,0657";"3,9856"
"121,9800";"4,0661";"3,9840"
"121,9900";"4,0664";"3,9830"
"122,0000";"4,0668";"3,9828"
"122,0100";"4,0671";"3,9823"
"122,0200";"4,0675";"3,9824"
"122,0300";"4,0677";"3,9853"
"122,0400";"4,0681";"3,9885"
"122,0500";"4,0684";"3,9879"
"122,0600";"4,0687";"3,9860"
"122,0700";"4,0690";"3,9853"
"122,0800";"4,0694";"3,9856"
"122,0900";"4,0697";"3,9857"
"122,1000";"4,0701";"3,9855"
"122,1100";"4,0704";"3,9864"
"122,1200";"4,0708";"3,9879"
"122,1300";"4,0711";"3,9883"
"122,1400";"4,0715";"3,9881"
"122,1500";"4,0719";"3,9883"
"122,1600";"4,0722";"3,9890"
"122,1700";"4,0726";"3,9892"
"122,1800";"4,0728";"3,9891"
"122,1900";"4,0732";"3,9901"
"122,2000";"4,0735";"3,9917"
"122,2100";"4,0737";"3,9928"
"122,2200";"4,0741";"3,9916"
"122,2300";"4,0743";"3,9908"
"122,2400";"4,0746";"3,9909"
"122,2500";"4,0749";"3,9901"
"122,2600";"4,0752";"3,9889"
"122,2700";"4,0755";"3,9889"
"122,2800";"4,0759";"3,9917"
"122,2900";"4,0761";"3,9950"
"122,3000";"4,0765";"3,9965"
"122,3100";"4,0768";"3,9953"
"122,3200";"4,0772";"3,9930"
"122,3300";"4,0775";"3,9894"
"122,3400";"4,0779";"3,9873"
"122,3500";"4,0782";"3,9899"
"122,3600";"4,0786";"3,9946"
"122,3700";"4,0789";"3,9968"
"122,3800";"4,0793";"3,9964"
"122,3900";"4,0795";"3,9965"
"122,4000";"4,0799";"3,9985"
"122,4100";"4,0801";"4,0007"
"122,4200";"4,0805";"4,0003"
"122,4300";"4,0808";"3,9971"
"122,4400";"4,0812";"3,9952"
"122,4500";"4,0814";"3,9942"
"122,4600";"4,0818";"3,9927"
"122,4700";"4,0821";"3,9916"
"122,4800";"4,0825";"3,9936"
"122,4900";"4,0828";"3,9964"
"122,5000";"4,0832";"3,9966"
"122,5100";"4,0835";"3,9981"
"122,5200";"4,0839";"4,0023"
"122,5300";"4,0842";"4,0069"
"122,5400";"4,0846";"4,0074"
"122,5500";"4,0850";"4,0050"
"122,5600";"4,0853";"4,0005"
"122,5700";"4,0855";"3,9955"
"122,5800";"4,0859";"3,9921"
"122,5900";"4,0861";"3,9910"
"122,6000";"4,0865";"3,9912"
"122,6100";"4,0868";"3,9940"
"122,6200";"4,0872";"3,9973"
"122,6300";"4,0876";"4,0030"
"122,6400";"4,0879";"4,0093"
"122,6500";"4,0883";"4,0121"
"122,6600";"4,0886";"4,0097"
"122,6700";"4,0890";"4,0064"
"122,6800";"4,0893";"4,0048"
"122,6900";"4,0897";"4,0029"
"122,7000";"4,0899";"4,0003"
"122,7100";"4,0903";"3,9982"
"122,7200";"4,0906";"3,9991"
"122,7300";"4,0909";"4,0027"
"122,7400";"4,0912";"4,0059"
"122,7500";"4,0916";"4,0068"
"122,7600";"4,0918";"4,0076"
"122,7700";"4,0922";"4,0086"
"122,7800";"4,0925";"4,0082"
"122,7900";"4,0929";"4,0065"
"122,8000";"4,0932";"4,0051"
"122,8100";"4,0936";"4,0050"
"122,8200";"4,0939";"4,0062"
"122,8300";"4,0943";"4,0070"
"122,8400";"4,0946";"4,0076"
"122,8500";"4,0950";"4,0086"
"122,8600";"4,0952";"4,0083"
"122,8700";"4,0956";"4,0079"
"122,8800";"4,0959";"4,0091"
"122,8900";"4,0963";"4,0112"
"122,9000";"4,0965";"4,0107"
"122,9100";"4,0969";"4,0097"
"122,9200";"4,0971";"4,0103"
"122,9300";"4,0975";"4,0115"
"122,9400";"4,0978";"4,0111"
"122,9500";"4,0982";"4,0087"
"122,9600";"4,0985";"4,0080"
"122,9700";"4,0988";"4,0105"
"122,9800";"4,0991";"4,0126"
"122,9900";"4,0995";"4,0103"
"123,0000";"4,0998";"4,0073"
"123,0100";"4,1002";"4,0088"
"123,0200";"4,1005";"4,0130"
"123,0300";"4,1009";"4,0153"
"123,0400";"4,1012";"4,0149"
"123,0500";"4,1016";"4,0143"
"123,0600";"4,1020";"4,0134"
"123,0700";"4,1022";"4,0136"
"123,0800";"4,1024";"4,0145"
"123,0900";"4,1028";"4,0149"
"123,1000";"4,1031";"4,0142"
"123,1100";"4,1034";"4,0140"
"123,1200";"4,1037";"4,0156"
"123,1300";"4,1041";"4,0171"
"123,1400";"4,1044";"4,0181"
"123,1500";"4,1048";"4,0173"
"123,1600";"4,1051";"4,0170"
"123,1700";"4,1055";"4,0178"
"123,1800";"4,1059";"4,0179"
"123,1900";"4,1062";"4,0168"
"123,2000";"4,1066";"4,0183"
"123,2100";"4,1069";"4,0218"
"123,2200";"4,1073";"4,0229"
"123,2300";"4,1075";"4,0200"
"123,2400";"4,1079";"4,0161"
"123,2500";"4,1081";"4,0162"
"123,2600";"4,1085";"4,0195"
"123,2700";"4,1088";"4,0211"
"123,2800";"4,1092";"4,0208"
"123,2900";"4,1095";"4,0197"
"123,3000";"4,1099";"4,0196"
"123,3100";"4,1102";"4,0194"
"123,3200";"4,1106";"4,0182"
"123,3300";"4,1109";"4,0183"
"123,3400";"4,1113";"4,0200"
"123,3500";"4,1116";"4,0219"
"123,3600";"4,1120";"4,0230"
"123,3700";"4,1123";"4,0230"
"123,3800";"4,1127";"4,0237"
"123,3900";"4,1129";"4,0245"
"123,4000";"4,1132";"4,0247"
"123,4100";"4,1135";"4,0246"
"123,4200";"4,1139";"4,0247"
"123,4300";"4,1142";"4,0239"
"123,4400";"4,1145";"4,0218"
"123,4500";"4,1149";"4,0238"
"123,4600";"4,1153";"4,0254"
"123,4700";"4,1157";"4,0256"
"123,4800";"4,1160";"4,0250"
"123,4900";"4,1164";"4,0258"
"123,5000";"4,1167";"4,0275"
"123,5100";"4,1171";"4,0274"
"123,5200";"4,1174";"4,0264"
"123,5300";"4,1178";"4,0265"
"123,5400";"4,1181";"4,0282"
"123,5500";"4,1185";"4,0287"
"123,5600";"4,1187";"4,0269"
"123,5700";"4,1191";"4,0258"
"123,5800";"4,1193";"4,0271"
"123,5900";"4,1197";"4,0283"
"123,6000";"4,1199";"4,0278"
"123,6100";"4,1203";"4,0265"
"123,6200";"4,1206";"4,0268"
"123,6300";"4,1210";"4,0271"
"123,6400";"4,1213";"4,0274"
"123,6500";"4,1216";"4,0290"
"123,6600";"4,1219";"4,0321"
"123,6700";"4,1224";"4,0339"
"123,6800";"4,1227";"4,0330"
"123,6900";"4,1231";"4,0323"
"123,7000";"4,1234";"4,0331"
"123,7100";"4,1238";"4,0338"
"123,7200";"4,1242";"4,0335"
"123,7300";"4,1245";"4,0317"
"123,7400";"4,1247";"4,0300"
"123,7500";"4,1251";"4,0312"
"123,7600";"4,1253";"4,0318"
"123,7700";"4,1257";"4,0332"
"123,7800";"4,1260";"4,0353"
"123,7900";"4,1263";"4,0360"
"123,8000";"4,1266";"4,0349"
"123,8100";"4,1270";"4,0350"
"123,8200";"4,1273";"4,0375"
"123,8300";"4,1277";"4,0396"
"123,8400";"4,1282";"4,0388"
"123,8500";"4,1285";"4,0374"
"123,8600";"4,1289";"4,0376"
"123,8700";"4,1292";"4,0387"
"123,8800";"4,1296";"4,0386"
"123,8900";"4,1298";"4,0374"
"123,9000";"4,1301";"4,0376"
"123,9100";"4,1303";"4,0378"
"123,9200";"4,1306";"4,0375"
"123,9300";"4,1310";"4,0373"
"123,9400";"4,1314";"4,0382"
"123,9500";"4,1316";"4,0401"
"123,9600";"4,1319";"4,0405"
"123,9700";"4,1323";"4,0393"
"123,9800";"4,1327";"4,0392"
"123,9900";"4,1331";"4,0409"
"124,0000";"4,1335";"4,0418"
"124,0100";"4,1338";"4,0405"
"124,0200";"4,1342";"4,0371"
"124,0300";"4,1344";"4,0359"
"124,0400";"4,1348";"4,0368"
"124,0500";"4,1350";"4,0401"
"124,0600";"4,1354";"4,0439"
"124,0700";"4,1357";"4,0462"
"124,0800";"4,1360";"4,0456"
"124,0900";"4,1363";"4,0442"
"124,1000";"4,1367";"4,0440"
"124,1100";"4,1370";"4,0461"
"124,1200";"4,1374";"4,0455"
"124,1300";"4,1377";"4,0421"
"124,1400";"4,1381";"4,0398"
"124,1500";"4,1384";"4,0407"
"124,1600";"4,1388";"4,0435"
"124,1700";"4,1391";"4,0455"
"124,1800";"4,1394";"4,0463"
"124,1900";"4,1397";"4,0470"
"124,2000";"4,1401";"4,0451"
"124,2100";"4,1404";"4,0428"
"124,2200";"4,1408";"4,0433"
"124,2300";"4,1410";"4,0458"
"124,2400";"4,1414";"4,0475"
"124,2500";"4,1416";"4,0458"
"124,2600";"4,1419";"4,0452"
"124,2700";"4,1422";"4,0465"
"124,2800";"4,1426";"4,0469"
"124,2900";"4,1429";"4,0465"
"124,3000";"4,1432";"4,0457"
"124,3100";"4,1435";"4,0464"
"124,3200";"4,1439";"4,0470"
"124,3300";"4,1442";"4,0479"
"124,3400";"4,1445";"4,0480"
"124,3500";"4,1449";"4,0487"
"124,3600";"4,1453";"4,0500"
"124,3700";"4,1456";"4,0499"
"124,3800";"4,1460";"4,0483"
"124,3900";"4,1463";"4,0489"
"124,4000";"4,1467";"4,0501"
"124,4100";"4,1471";"4,0512"
"124,4200";"4,1473";"4,0515"
"124,4300";"4,1475";"4,0517"
"124,4400";"4,1479";"4,0529"
"124,4500";"4,1482";"4,0542"
"124,4600";"4,1485";"4,0545"
"124,4700";"4,1488";"4,0551"
"124,4800";"4,1492";"4,0541"
"124,4900";"4,1495";"4,0528"
"124,5000";"4,1499";"4,0514"
"124,5100";"4,1502";"4,0526"
"124,5200";"4,1506";"4,0538"
"124,5300";"4,1508";"4,0528"
"124,5400";"4,1512";"4,0520"
"124,5500";"4,1515";"4,0515"
"124,5600";"4,1519";"4,0532"
"124,5700";"4,1522";"4,0539"
"124,5800";"4,1526";"4,0539"
"124,5900";"4,1528";"4,0546"
"124,6000";"4,1532";"4,0570"
"124,6100";"4,1534";"4,0587"
"124,6200";"4,1538";"4,0586"
"124,6300";"4,1541";"4,0589"
"124,6400";"4,1545";"4,0590"
"124,6500";"4,1548";"4,0584"
"124,6600";"4,1552";"4,0567"
"124,6700";"4,1556";"4,0564"
"124,6800";"4,1559";"4,0584"
"124,6900";"4,1563";"4,0595"
"124,7000";"4,1567";"4,0589"
"124,7100";"4,1571";"4,0590"
"124,7200";"4,1574";"4,0605"
"124,7300";"4,1577";"4,0607"
"124,7400";"4,1579";"4,0600"
"124,7500";"4,1583";"4,0601"
"124,7600";"4,1586";"4,0607"
"124,7700";"4,1589";"4,0599"
"124,7800";"4,1592";"4,0583"
"124,7900";"4,1596";"4,0583"
"124,8000";"4,1599";"4,0611"
"124,8100";"4,1603";"4,0626"
"124,8200";"4,1606";"4,0620"
"124,8300";"4,1610";"4,0624"
"124,8400";"4,1615";"4,0649"
"124,8500";"4,1617";"4,0665"
"124,8600";"4,1622";"4,0651"
"124,8700";"4,1624";"4,0631"
"124,8800";"4,1628";"4,0626"
"124,8900";"4,1631";"4,0643"
"124,9000";"4,1635";"4,0659"
"124,9100";"4,1637";"4,0669"
"124,9200";"4,1641";"4,0678"
"124,9300";"4,1643";"4,0672"
"124,9400";"4,1646";"4,0649"
"124,9500";"4,1649";"4,0638"
"124,9600";"4,1652";"4,0654"
"124,9700";"4,1655";"4,0681"
"124,9800";"4,1658";"4,0677"
"124,9900";"4,1662";"4,0670"
"125,0000";"4,1664";"4,0665"
"125,0100";"4,1668";"4,0670"
"125,0200";"4,1671";"4,0660"
"125,0300";"4,1675";"4,0640"
"125,0400";"4,1678";"4,0652"
"125,0500";"4,1682";"4,0674"
"125,0600";"4,1685";"4,0679"
"125,0700";"4,1689";"4,0677"
"125,0800";"4,1692";"4,0682"
"125,0900";"4,1695";"4,0697"
"125,1000";"4,1698";"4,0704"
"125,1100";"4,1701";"4,0695"
"125,1200";"4,1704";"4,0689"
"125,1300";"4,1707";"4,0697"
"125,1400";"4,1710";"4,0704"
"125,1500";"4,1714";"4,0705"
"125,1600";"4,1717";"4,0712"
"125,1700";"4,1721";"4,0711"
"125,1800";"4,1724";"4,0702"
"125,1900";"4,1728";"4,0698"
"125,2000";"4,1731";"4,0694"
"125,2100";"4,1735";"4,0692"
"125,2200";"4,1740";"4,0699"
"125,2300";"4,1742";"4,0720"
"125,2400";"4,1747";"4,0756"
"125,2500";"4,1749";"4,0777"
"125,2600";"4,1753";"4,0764"
"125,2700";"4,1755";"4,0742"
"125,2800";"4,1757";"4,0740"
"125,2900";"4,1761";"4,0750"
"125,3000";"4,1765";"4,0732"
"125,3100";"4,1768";"4,0708"
"125,3200";"4,1772";"4,0718"
"125,3300";"4,1775";"4,0761"
"125,3400";"4,1779";"4,0792"
"125,3500";"4,1782";"4,0777"
"125,3600";"4,1786";"4,0760"
"125,3700";"4,1789";"4,0766"
"125,3800";"4,1794";"4,0770"
"125,3900";"4,1796";"4,0759"
"125,4000";"4,1800";"4,0753"
"125,4100";"4,1803";"4,0767"
"125,4200";"4,1807";"4,0791"
"125,4300";"4,1811";"4,0809"
"125,4400";"4,1813";"4,0811"
"125,4500";"4,1816";"4,0797"
"125,4600";"4,1820";"4,0792"
"125,4700";"4,1824";"4,0797"
"125,4800";"4,1827";"4,0811"
"125,4900";"4,1831";"4,0820"
"125,5000";"4,1834";"4,0807"
"125,5100";"4,1838";"4,0780"
"125,5200";"4,1841";"4,0781"
"125,5300";"4,1845";"4,0811"
"125,5400";"4,1848";"4,0830"
"125,5500";"4,1852";"4,0827"
"125,5600";"4,1855";"4,0815"
"125,5700";"4,1859";"4,0816"
"125,5800";"4,1862";"4,0832"
"125,5900";"4,1865";"4,0837"
"125,6000";"4,1867";"4,0837"
"125,6100";"4,1870";"4,0851"
"125,6200";"4,1873";"4,0866"
"125,6300";"4,1877";"4,0861"
"125,6400";"4,1879";"4,0849"
"125,6500";"4,1883";"4,0841"
"125,6600";"4,1886";"4,0846"
"125,6700";"4,1890";"4,0835"
"125,6800";"4,1893";"4,0833"
"125,6900";"4,1897";"4,0846"
"125,7000";"4,1900";"4,0867"
"125,7100";"4,1904";"4,0889"
"125,7200";"4,1907";"4,0889"
"125,7300";"4,1911";"4,0878"
"125,7400";"4,1914";"4,0868"
"125,7500";"4,1917";"4,0866"
"125,7600";"4,1920";"4,0876"
"125,7700";"4,1923";"4,0905"
"125,7800";"4,1926";"4,0920"
"125,7900";"4,1929";"4,0910"
"125,8000";"4,1932";"4,0887"
"125,8100";"4,1936";"4,0896"
"125,8200";"4,1938";"4,0914"
"125,8300";"4,1942";"4,0905"
"125,8400";"4,1945";"4,0897"
"125,8500";"4,1949";"4,0897"
"125,8600";"4,1952";"4,0917"
"125,8700";"4,1957";"4,0928"
"125,8800";"4,1960";"4,0917"
"125,8900";"4,1964";"4,0916"
"125,9000";"4,1968";"4,0922"
"125,9100";"4,1971";"4,0911"
"125,9200";"4,1975";"4,0900"
"125,9300";"4,1977";"4,0900"
"125,9400";"4,1979";"4,0919"
"125,9500";"4,1983";"4,0919"
"125,9600";"4,1985";"4,0899"
"125,9700";"4,1989";"4,0892"
"125,9800";"4,1992";"4,0911"
"125,9900";"4,1996";"4,0930"
"126,0000";"4,1999";"4,0940"
"126,0100";"4,2003";"4,0942"
"126,0200";"4,2007";"4,0958"
"126,0300";"4,2010";"4,0969"
"126,0400";"4,2014";"4,0965"
"126,0500";"4,2017";"4,0964"
"126,0600";"4,2021";"4,0979"
"126,0700";"4,2024";"4,0988"
"126,0800";"4,2027";"4,0971"
"126,0900";"4,2030";"4,0958"
"126,1000";"4,2032";"4,0966"
"126,1100";"4,2036";"4,0977"
"126,1200";"4,2040";"4,0979"
"126,1300";"4,2042";"4,0969"
"126,1400";"4,2045";"4,0958"
"126,1500";"4,2049";"4,0957"
"126,1600";"4,2053";"4,0972"
"126,1700";"4,2056";"4,0986"
"126,1800";"4,2060";"4,0998"
"126,1900";"4,2063";"4,0987"
"126,2000";"4,2067";"4,0984"
"126,2100";"4,2070";"4,1004"
"126,2200";"4,2074";"4,1028"
"126,2300";"4,2077";"4,1023"
"126,2400";"4,2081";"4,0995"
"126,2500";"4,2084";"4,0993"
"126,2600";"4,2087";"4,1018"
"126,2700";"4,2090";"4,1037"
"126,2800";"4,2093";"4,1026"
"126,2900";"4,2096";"4,1025"
"126,3000";"4,2099";"4,1044"
"126,3100";"4,2102";"4,1064"
"126,3200";"4,2105";"4,1059"
"126,3300";"4,2108";"4,1035"
"126,3400";"4,2112";"4,1018"
"126,3500";"4,2115";"4,1034"
"126,3600";"4,2119";"4,1037"
"126,3700";"4,2122";"4,1022"
"126,3800";"4,2125";"4,1026"
"126,3900";"4,2128";"4,1049"
"126,4000";"4,2132";"4,1066"
"126,4100";"4,2136";"4,1060"
"126,4200";"4,2139";"4,1049"
"126,4300";"4,2142";"4,1040"
"126,4400";"4,2145";"4,1051"
"126,4500";"4,2148";"4,1069"
"126,4600";"4,2151";"4,1081"
"126,4700";"4,2154";"4,1081"
"126,4800";"4,2158";"4,1072"
"126,4900";"4,2160";"4,1053"
"126,5000";"4,2164";"4,1060"
"126,5100";"4,2167";"4,1082"
"126,5200";"4,2172";"4,1078"
"126,5300";"4,2175";"4,1061"
"126,5400";"4,2179";"4,1073"
"126,5500";"4,2182";"4,1103"
"126,5600";"4,2186";"4,1111"
"126,5700";"4,2190";"4,1088"
"126,5800";"4,2193";"4,1074"
"126,5900";"4,2197";"4,1087"
"126,6000";"4,2200";"4,1102"
"126,6100";"4,2204";"4,1099"
"126,6200";"4,2206";"4,1098"
"126,6300";"4,2210";"4,1119"
"126,6400";"4,2213";"4,1136"
"126,6500";"4,2217";"4,1143"
"126,6600";"4,2219";"4,1149"
"126,6700";"4,2223";"4,1162"
"126,6800";"4,2226";"4,1166"
"126,6900";"4,2230";"4,1150"
"126,7000";"4,2233";"4,1139"
"126,7100";"4,2237";"4,1141"
"126,7200";"4,2240";"4,1144"
"126,7300";"4,2244";"4,1144"
"126,7400";"4,2247";"4,1132"
"126,7500";"4,2251";"4,1123"
"126,7600";"4,2253";"4,1131"
"126,7700";"4,2256";"4,1147"
"126,7800";"4,2259";"4,1162"
"126,7900";"4,2262";"4,1164"
"126,8000";"4,2265";"4,1151"
"126,8100";"4,2269";"4,1146"
"126,8200";"4,2271";"4,1154"
"126,8300";"4,2275";"4,1172"
"126,8400";"4,2278";"4,1173"
"126,8500";"4,2282";"4,1166"
"126,8600";"4,2285";"4,1166"
"126,8700";"4,2289";"4,1174"
"126,8800";"4,2292";"4,1172"
"126,8900";"4,2296";"4,1174"
"126,9000";"4,2299";"4,1187"
"126,9100";"4,2303";"4,1212"
"126,9200";"4,2305";"4,1216"
"126,9300";"4,2309";"4,1198"
"126,9400";"4,2312";"4,1177"
"126,9500";"4,2316";"4,1188"
"126,9600";"4,2318";"4,1217"
"126,9700";"4,2322";"4,1214"
"126,9800";"4,2324";"4,1195"
"126,9900";"4,2328";"4,1205"
"127,0000";"4,2331";"4,1235"
"127,0100";"4,2335";"4,1246"
"127,0200";"4,2338";"4,1223"
"127,0300";"4,2342";"4,1196"
"127,0400";"4,2345";"4,1189"
"127,0500";"4,2349";"4,1193"
"127,0600";"4,2352";"4,1197"
"127,0700";"4,2356";"4,1210"
"127,0800";"4,2360";"4,1241"
"127,0900";"4,2363";"4,1258"
"127,1000";"4,2365";"4,1257"
"127,1100";"4,2369";"4,1249"
"127,1200";"4,2371";"4,1253"
"127,1300";"4,2375";"4,1258"
"127,1400";"4,2377";"4,1270"
"127,1500";"4,2381";"4,1287"
"127,1600";"4,2384";"4,1287"
"127,1700";"4,2388";"4,1284"
"127,1800";"4,2391";"4,1274"
"127,1900";"4,2395";"4,1269"
"127,2000";"4,2398";"4,1288"
"127,2100";"4,2402";"4,1284"
"127,2200";"4,2406";"4,1262"
"127,2300";"4,2409";"4,1260"
"127,2400";"4,2413";"4,1297"
"127,2500";"4,2416";"4,1331"
"127,2600";"4,2420";"4,1354"
"127,2700";"4,2423";"4,1352"
"127,2800";"4,2427";"4,1345"
"127,2900";"4,2430";"4,1324"
"127,3000";"4,2433";"4,1295"
"127,3100";"4,2436";"4,1285"
"127,3200";"4,2439";"4,1295"
"127,3300";"4,2442";"4,1308"
"127,3400";"4,2446";"4,1317"
"127,3500";"4,2449";"4,1324"
"127,3600";"4,2453";"4,1333"
"127,3700";"4,2456";"4,1346"
"127,3800";"4,2460";"4,1350"
"127,3900";"4,2463";"4,1336"
"127,4000";"4,2467";"4,1332"
"127,4100";"4,2470";"4,1329"
"127,4200";"4,2474";"4,1321"
"127,4300";"4,2478";"4,1315"
"127,4400";"4,2481";"4,1331"
"127,4500";"4,2483";"4,1339"
"127,4600";"4,2487";"4,1334"
"127,4700";"4,2491";"4,1328"
"127,4800";"4,2494";"4,1343"
"127,4900";"4,2498";"4,1357"
"127,5000";"4,2501";"4,1345"
"127,5100";"4,2505";"4,1348"
"127,5200";"4,2508";"4,1366"
"127,5300";"4,2512";"4,1390"
"127,5400";"4,2515";"4,1396"
"127,5500";"4,2519";"4,1402"
"127,5600";"4,2522";"4,1396"
"127,5700";"4,2526";"4,1380"
"127,5800";"4,2530";"4,1352"
"127,5900";"4,2533";"4,1341"
"127,6000";"4,2535";"4,1363"
"127,6100";"4,2539";"4,1395"
"127,6200";"4,2541";"4,1406"
"127,6300";"4,2544";"4,1390"
"127,6400";"4,2546";"4,1383"
"127,6500";"4,2550";"4,1394"
"127,6600";"4,2552";"4,1394"
"127,6700";"4,2555";"4,1390"
"127,6800";"4,2559";"4,1399"
"127,6900";"4,2563";"4,1423"
"127,7000";"4,2566";"4,1443"
"127,7100";"4,2570";"4,1443"
"127,7200";"4,2573";"4,1443"
"127,7300";"4,2577";"4,1444"
"127,7400";"4,2580";"4,1431"
"127,7500";"4,2584";"4,1416"
"127,7600";"4,2587";"4,1417"
"127,7700";"4,2591";"4,1444"
"127,7800";"4,2593";"4,1471"
"127,7900";"4,2597";"4,1469"
"127,8000";"4,2599";"4,1456"
"127,8100";"4,2603";"4,1460"
"127,8200";"4,2605";"4,1469"
"127,8300";"4,2609";"4,1464"
"127,8400";"4,2612";"4,1453"
"127,8500";"4,2615";"4,1443"
"127,8600";"4,2618";"4,1449"
"127,8700";"4,2622";"4,1462"
"127,8800";"4,2625";"4,1474"
"127,8900";"4,2629";"4,1480"
"127,9000";"4,2632";"4,1474"
"127,9100";"4,2636";"4,1468"
"127,9200";"4,2639";"4,1469"
"127,9300";"4,2643";"4,1485"
"127,9400";"4,2648";"4,1480"
"127,9500";"4,2650";"4,1463"
"127,9600";"4,2653";"4,1468"
"127,9700";"4,2656";"4,1492"
"127,9800";"4,2659";"4,1514"
"127,9900";"4,2663";"4,1506"
"128,0000";"4,2665";"4,1478"
"128,0100";"4,2669";"4,1463"
"128,0200";"4,2672";"4,1479"
"128,0300";"4,2676";"4,1480"
"128,0400";"4,2681";"4,1469"
"128,0500";"4,2684";"4,1491"
"128,0600";"4,2688";"4,1534"
"128,0700";"4,2691";"4,1548"
"128,0800";"4,2695";"4,1534"
"128,0900";"4,2698";"4,1526"
"128,1000";"4,2702";"4,1527"
"128,1100";"4,2704";"4,1529"
"128,1200";"4,2708";"4,1511"
"128,1300";"4,2710";"4,1497"
"128,1400";"4,2712";"4,1503"
"128,1500";"4,2716";"4,1517"
"128,1600";"4,2720";"4,1543"
"128,1700";"4,2722";"4,1562"
"128,1800";"4,2725";"4,1565"
"128,1900";"4,2729";"4,1554"
"128,2000";"4,2733";"4,1546"
"128,2100";"4,2736";"4,1553"
"128,2200";"4,2740";"4,1561"
"128,2300";"4,2743";"4,1554"
"128,2400";"4,2747";"4,1544"
"128,2500";"4,2750";"4,1565"
"128,2600";"4,2754";"4,1605"
"128,2700";"4,2757";"4,1615"
"128,2800";"4,2761";"4,1593"
"128,2900";"4,2764";"4,1572"
"128,3000";"4,2767";"4,1575"
"128,3100";"4,2770";"4,1583"
"128,3200";"4,2773";"4,1582"
"128,3300";"4,2775";"4,1588"
"128,3400";"4,2779";"4,1613"
"128,3500";"4,2781";"4,1623"
"128,3600";"4,2785";"4,1614"
"128,3700";"4,2788";"4,1601"
"128,3800";"4,2792";"4,1593"
"128,3900";"4,2795";"4,1595"
"128,4000";"4,2797";"4,1583"
"128,4100";"4,2801";"4,1567"
"128,4200";"4,2805";"4,1577"
"128,4300";"4,2808";"4,1615"
"128,4400";"4,2812";"4,1651"
"128,4500";"4,2815";"4,1639"
"128,4600";"4,2819";"4,1616"
"128,4700";"4,2822";"4,1613"
"128,4800";"4,2825";"4,1623"
"128,4900";"4,2828";"4,1633"
"128,5000";"4,2831";"4,1639"
"128,5100";"4,2834";"4,1645"
"128,5200";"4,2838";"4,1655"
"128,5300";"4,2840";"4,1666"
"128,5400";"4,2844";"4,1677"
"128,5500";"4,2848";"4,1678"
"128,5600";"4,2852";"4,1651"
"128,5700";"4,2855";"4,1633"
"128,5800";"4,2859";"4,1640"
"128,5900";"4,2862";"4,1647"
"128,6000";"4,2866";"4,1646"
"128,6100";"4,2870";"4,1652"
"128,6200";"4,2873";"4,1675"
"128,6300";"4,2877";"4,1689"
"128,6400";"4,2880";"4,1668"
"128,6500";"4,2882";"4,1642"
"128,6600";"4,2885";"4,1643"
"128,6700";"4,2888";"4,1666"
"128,6800";"4,2891";"4,1682"
"128,6900";"4,2894";"4,1669"
"128,7000";"4,2898";"4,1667"
"128,7100";"4,2901";"4,1695"
"128,7200";"4,2905";"4,1709"
"128,7300";"4,2908";"4,1702"
"128,7400";"4,2912";"4,1689"
"128,7500";"4,2916";"4,1687"
"128,7600";"4,2919";"4,1691"
"128,7700";"4,2924";"4,1692"
"128,7800";"4,2926";"4,1700"
"128,7900";"4,2930";"4,1718"
"128,8000";"4,2932";"4,1735"
"128,8100";"4,2936";"4,1739"
"128,8200";"4,2939";"4,1739"
"128,8300";"4,2942";"4,1736"
"128,8400";"4,2945";"4,1713"
"128,8500";"4,2949";"4,1700"
"128,8600";"4,2952";"4,1713"
"128,8700";"4,2956";"4,1724"
"128,8800";"4,2959";"4,1731"
"128,8900";"4,2963";"4,1729"
"128,9000";"4,2966";"4,1741"
"128,9100";"4,2970";"4,1769"
"128,9200";"4,2973";"4,1770"
"128,9300";"4,2977";"4,1743"
"128,9400";"4,2980";"4,1733"
"128,9500";"4,2984";"4,1744"
"128,9600";"4,2988";"4,1760"
"128,9700";"4,2991";"4,1755"
"128,9800";"4,2993";"4,1758"
"128,9900";"4,2997";"4,1763"
"129,0000";"4,2999";"4,1777"
"129,0100";"4,3003";"4,1780"
"129,0200";"4,3005";"4,1782"
"129,0300";"4,3009";"4,1786"
"129,0400";"4,3012";"4,1782"
"129,0500";"4,3016";"4,1777"
"129,0600";"4,3019";"4,1782"
"129,0700";"4,3022";"4,1792"
"129,0800";"4,3025";"4,1796"
"129,0900";"4,3029";"4,1793"
"129,1000";"4,3032";"4,1801"
"129,1100";"4,3036";"4,1818"
"129,1200";"4,3040";"4,1829"
"129,1300";"4,3042";"4,1812"
"129,1400";"4,3045";"4,1792"
"129,1500";"4,3048";"4,1791"
"129,1600";"4,3051";"4,1805"
"129,1700";"4,3055";"4,1810"
"129,1800";"4,3057";"4,1799"
"129,1900";"4,3061";"4,1804"
"129,2000";"4,3064";"4,1817"
"129,2100";"4,3067";"4,1823"
"129,2200";"4,3070";"4,1822"
"129,2300";"4,3074";"4,1833"
"129,2400";"4,3078";"4,1842"
"129,2500";"4,3082";"4,1833"
"129,2600";"4,3086";"4,1825"
"129,2700";"4,3089";"4,1831"
"129,2800";"4,3093";"4,1844"
"129,2900";"4,3096";"4,1853"
"129,3000";"4,3100";"4,1866"
"129,3100";"4,3103";"4,1895"
"129,3200";"4,3106";"4,1909"
"129,3300";"4,3109";"4,1900"
"129,3400";"4,3112";"4,1876"
"129,3500";"4,3115";"4,1863"
"129,3600";"4,3119";"4,1860"
"129,3700";"4,3122";"4,1851"
"129,3800";"4,3126";"4,1846"
"129,3900";"4,3129";"4,1859"
"129,4000";"4,3133";"4,1885"
"129,4100";"4,3136";"4,1905"
"129,4200";"4,3140";"4,1895"
"129,4300";"4,3145";"4,1898"
"129,4400";"4,3148";"4,1920"
"129,4500";"4,3152";"4,1928"
"129,4600";"4,3155";"4,1909"
"129,4700";"4,3158";"4,1895"
"129,4800";"4,3160";"4,1911"
"129,4900";"4,3163";"4,1922"
"129,5000";"4,3166";"4,1890"
"129,5100";"4,3169";"4,1864"
"129,5200";"4,3173";"4,1872"
"129,5300";"4,3176";"4,1894"
"129,5400";"4,3180";"4,1914"
"129,5500";"4,3184";"4,1926"
"129,5600";"4,3188";"4,1937"
"129,5700";"4,3192";"4,1940"
"129,5800";"4,3195";"4,1942"
"129,5900";"4,3199";"4,1942"
"129,6000";"4,3202";"4,1951"
"129,6100";"4,3205";"4,1944"
"129,6200";"4,3208";"4,1915"
"129,6300";"4,3212";"4,1899"
"129,6400";"4,3215";"4,1926"
"129,6500";"4,3218";"4,1956"
"129,6600";"4,3220";"4,1959"
"129,6700";"4,3224";"4,1957"
"129,6800";"4,3226";"4,1971"
"129,6900";"4,3230";"4,1990"
"129,7000";"4,3232";"4,1976"
"129,7100";"4,3235";"4,1968"
"129,7200";"4,3239";"4,1965"
"129,7300";"4,3241";"4,1967"
"129,7400";"4,3245";"4,1961"
"129,7500";"4,3248";"4,1959"
"129,7600";"4,3252";"4,1969"
"129,7700";"4,3256";"4,1982"
"129,7800";"4,3259";"4,1967"
"129,7900";"4,3263";"4,1945"
"129,8000";"4,3266";"4,1940"
"129,8100";"4,3270";"4,1963"
"129,8200";"4,3272";"4,1989"
"129,8300";"4,3276";"4,2006"
"129,8400";"4,3278";"4,2028"
"129,8500";"4,3282";"4,2037"
"129,8600";"4,3285";"4,2027"
"129,8700";"4,3287";"4,2022"
"129,8800";"4,3291";"4,2035"
"129,8900";"4,3295";"4,2041"
"129,9000";"4,3298";"4,2029"
"129,9100";"4,3302";"4,2003"
"129,9200";"4,3305";"4,1997"
"129,9300";"4,3309";"4,2023"
"129,9400";"4,3312";"4,2041"
"129,9500";"4,3316";"4,2040"
"129,9600";"4,3319";"4,2033"
"129,9700";"4,3323";"4,2029"
"129,9800";"4,3326";"4,2033"
"129,9900";"4,3329";"4,2039"
"130,0000";"4,3331";"4,2051"
"130,0100";"4,3335";"4,2056"
"130,0200";"4,3338";"4,2054"
"130,0300";"4,3341";"4,2063"
"130,0400";"4,3344";"4,2078"
"130,0500";"4,3348";"4,2089"
"130,0600";"4,3351";"4,2070"
"130,0700";"4,3356";"4,2046"
"130,0800";"4,3359";"4,2054"
"130,0900";"4,3363";"4,2081"
"130,1000";"4,3367";"4,2084"
"130,1100";"4,3370";"4,2073"
"130,1200";"4,3374";"4,2077"
"130,1300";"4,3377";"4,2100"
"130,1400";"4,3381";"4,2102"
"130,1500";"4,3384";"4,2073"
"130,1600";"4,3388";"4,2063"
"130,1700";"4,3390";"4,2081"
"130,1800";"4,3394";"4,2098"
"130,1900";"4,3396";"4,2105"
"130,2000";"4,3400";"4,2108"
"130,2100";"4,3403";"4,2110"
"130,2200";"4,3407";"4,2128"
"130,2300";"4,3410";"4,2129"
"130,2400";"4,3414";"4,2113"
"130,2500";"4,3417";"4,2112"
"130,2600";"4,3421";"4,2133"
"130,2700";"4,3424";"4,2156"
"130,2800";"4,3428";"4,2159"
"130,2900";"4,3431";"4,2159"
"130,3000";"4,3435";"4,2157"
"130,3100";"4,3439";"4,2149"
"130,3200";"4,3442";"4,2153"
"130,3300";"4,3444";"4,2167"
"130,3400";"4,3447";"4,2163"
"130,3500";"4,3449";"4,2146"
"130,3600";"4,3453";"4,2147"
"130,3700";"4,3455";"4,2174"
"130,3800";"4,3459";"4,2192"
"130,3900";"4,3461";"4,2166"
"130,4000";"4,3465";"4,2141"
"130,4100";"4,3468";"4,2165"
"130,4200";"4,3472";"4,2184"
"130,4300";"4,3475";"4,2185"
"130,4400";"4,3479";"4,2168"
"130,4500";"4,3482";"4,2154"
"130,4600";"4,3485";"4,2155"
"130,4700";"4,3488";"4,2164"
"130,4800";"4,3492";"4,2156"
"130,4900";"4,3495";"4,2153"
"130,5000";"4,3498";"4,2168"
"130,5100";"4,3501";"4,2165"
"130,5200";"4,3503";"4,2160"
"130,5300";"4,3507";"4,2167"
"130,5400";"4,3509";"4,2170"
"130,5500";"4,3513";"4,2170"
"130,5600";"4,3516";"4,2168"
"130,5700";"4,3520";"4,2177"
"130,5800";"4,3524";"4,2196"
"130,5900";"4,3528";"4,2188"
"130,6000";"4,3532";"4,2182"
"130,6100";"4,3535";"4,2198"
"130,6200";"4,3539";"4,2215"
"130,6300";"4,3542";"4,2211"
"130,6400";"4,3546";"4,2214"
"130,6500";"4,3550";"4,2234"
"130,6600";"4,3552";"4,2248"
"130,6700";"4,3554";"4,2225"
"130,6800";"4,3558";"4,2182"
"130,6900";"4,3560";"4,2173"
"130,7000";"4,3564";"4,2204"
"130,7100";"4,3567";"4,2237"
"130,7200";"4,3571";"4,2262"
"130,7300";"4,3574";"4,2279"
"130,7400";"4,3578";"4,2286"
"130,7500";"4,3581";"4,2280"
"130,7600";"4,3586";"4,2257"
"130,7700";"4,3590";"4,2230"
"130,7800";"4,3593";"4,2225"
"130,7900";"4,3597";"4,2241"
"130,8000";"4,3600";"4,2256"
"130,8100";"4,3604";"4,2264"
"130,8200";"4,3607";"4,2282"
"130,8300";"4,3610";"4,2292"
"130,8400";"4,3612";"4,2282"
"130,8500";"4,3616";"4,2256"
"130,8600";"4,3619";"4,2254"
"130,8700";"4,3623";"4,2267"
"130,8800";"4,3625";"4,2271"
"130,8900";"4,3629";"4,2288"
"130,9000";"4,3632";"4,2296"
"130,9100";"4,3636";"4,2296"
"130,9200";"4,3640";"4,2295"
"130,9300";"4,3644";"4,2299"
"130,9400";"4,3647";"4,2300"
"130,9500";"4,3651";"4,2291"
"130,9600";"4,3655";"4,2277"
"130,9700";"4,3659";"4,2278"
"130,9800";"4,3663";"4,2301"
"130,9900";"4,3666";"4,2327"
"131,0000";"4,3669";"4,2335"
"131,0100";"4,3671";"4,2342"
"131,0200";"4,3675";"4,2348"
"131,0300";"4,3677";"4,2346"
"131,0400";"4,3681";"4,2341"
"131,0500";"4,3683";"4,2334"
"131,0600";"4,3686";"4,2346"
"131,0700";"4,3690";"4,2348"
"131,0800";"4,3694";"4,2343"
"131,0900";"4,3697";"4,2342"
"131,1000";"4,3701";"4,2368"
"131,1100";"4,3704";"4,2388"
"131,1200";"4,3707";"4,2392"
"131,1300";"4,3710";"4,2369"
"131,1400";"4,3714";"4,2347"
"131,1500";"4,3717";"4,2348"
"131,1600";"4,3721";"4,2360"
"131,1700";"4,3723";"4,2359"
"131,1800";"4,3727";"4,2360"
"131,1900";"4,3729";"4,2383"
"131,2000";"4,3732";"4,2388"
"131,2100";"4,3735";"4,2380"
"131,2200";"4,3738";"4,2380"
"131,2300";"4,3742";"4,2382"
"131,2400";"4,3744";"4,2384"
"131,2500";"4,3748";"4,2380"
"131,2600";"4,3751";"4,2380"
"131,2700";"4,3756";"4,2394"
"131,2800";"4,3758";"4,2412"
"131,2900";"4,3763";"4,2409"
"131,3000";"4,3766";"4,2403"
"131,3100";"4,3769";"4,2396"
"131,3200";"4,3773";"4,2397"
"131,3300";"4,3776";"4,2393"
"131,3400";"4,3780";"4,2393"
"131,3500";"4,3782";"4,2400"
"131,3600";"4,3786";"4,2397"
"131,3700";"4,3788";"4,2393"
"131,3800";"4,3792";"4,2408"
"131,3900";"4,3795";"4,2440"
"131,4000";"4,3800";"4,2447"
"131,4100";"4,3803";"4,2426"
"131,4200";"4,3807";"4,2407"
"131,4300";"4,3812";"4,2426"
"131,4400";"4,3815";"4,2448"
"131,4500";"4,3819";"4,2440"
"131,4600";"4,3822";"4,2419"
"131,4700";"4,3826";"4,2418"
"131,4800";"4,3828";"4,2436"
"131,4900";"4,3832";"4,2452"
"131,5000";"4,3834";"4,2458"
"131,5100";"4,3838";"4,2478"
"131,5200";"4,3840";"4,2501"
"131,5300";"4,3843";"4,2494"
"131,5400";"4,3847";"4,2462"
"131,5500";"4,3849";"4,2447"
"131,5600";"4,3853";"4,2454"
"131,5700";"4,3856";"4,2469"
"131,5800";"4,3860";"4,2478"
"131,5900";"4,3864";"4,2481"
"131,6000";"4,3867";"4,2489"
"131,6100";"4,3871";"4,2499"
"131,6200";"4,3874";"4,2515"
"131,6300";"4,3878";"4,2517"
"131,6400";"4,3881";"4,2494"
"131,6500";"4,3884";"4,2456"
"131,6600";"4,3887";"4,2448"
"131,6700";"4,3891";"4,2479"
"131,6800";"4,3894";"4,2507"
"131,6900";"4,3897";"4,2499"
"131,7000";"4,3899";"4,2473"
"131,7100";"4,3902";"4,2475"
"131,7200";"4,3905";"4,2498"
"131,7300";"4,3908";"4,2501"
"131,7400";"4,3912";"4,2494"
"131,7500";"4,3915";"4,2508"
"131,7600";"4,3919";"4,2534"
"131,7700";"4,3921";"4,2540"
"131,7800";"4,3925";"4,2524"
"131,7900";"4,3928";"4,2517"
"131,8000";"4,3932";"4,2532"
"131,8100";"4,3936";"4,2550"
"131,8200";"4,3939";"4,2556"
"131,8300";"4,3943";"4,2540"
"131,8400";"4,3946";"4,2532"
"131,8500";"4,3950";"4,2532"
"131,8600";"4,3952";"4,2528"
"131,8700";"4,3956";"4,2526"
"131,8800";"4,3958";"4,2522"
"131,8900";"4,3962";"4,2532"
"131,9000";"4,3965";"4,2560"
"131,9100";"4,3969";"4,2582"
"131,9200";"4,3972";"4,2585"
"131,9300";"4,3976";"4,2555"
"131,9400";"4,3979";"4,2539"
"131,9500";"4,3983";"4,2571"
"131,9600";"4,3986";"4,2605"
"131,9700";"4,3990";"4,2620"
"131,9800";"4,3993";"4,2600"
"131,9900";"4,3997";"4,2587"
"132,0000";"4,4000";"4,2606"
"132,0100";"4,4003";"4,2622"
"132,0200";"4,4006";"4,2597"
"132,0300";"4,4009";"4,2577"
"132,0400";"4,4011";"4,2608"
"132,0500";"4,4015";"4,2641"
"132,0600";"4,4018";"4,2642"
"132,0700";"4,4022";"4,2621"
"132,0800";"4,4025";"4,2621"
"132,0900";"4,4029";"4,2629"
"132,1000";"4,4032";"4,2618"
"132,1100";"4,4037";"4,2585"
"132,1200";"4,4041";"4,2589"
"132,1300";"4,4044";"4,2624"
"132,1400";"4,4048";"4,2655"
"132,1500";"4,4051";"4,2674"
"132,1600";"4,4055";"4,2663"
"132,1700";"4,4057";"4,2649"
"132,1800";"4,4061";"4,2644"
"132,1900";"4,4063";"4,2652"
"132,2000";"4,4065";"4,2656"
"132,2100";"4,4069";"4,2650"
"132,2200";"4,4072";"4,2641"
"132,2300";"4,4076";"4,2644"
"132,2400";"4,4080";"4,2657"
"132,2500";"4,4082";"4,2668"
"132,2600";"4,4087";"4,2662"
"132,2700";"4,4090";"4,2643"
"132,2800";"4,4094";"4,2640"
"132,2900";"4,4097";"4,2653"
"132,3000";"4,4101";"4,2653"
"132,3100";"4,4104";"4,2647"
"132,3200";"4,4108";"4,2673"
"132,3300";"4,4111";"4,2713"
"132,3400";"4,4115";"4,2731"
"132,3500";"4,4117";"4,2718"
"132,3600";"4,4120";"4,2712"
"132,3700";"4,4123";"4,2712"
"132,3800";"4,4126";"4,2699"
"132,3900";"4,4129";"4,2677"
"132,4000";"4,4132";"4,2674"
"132,4100";"4,4135";"4,2715"
"132,4200";"4,4139";"4,2755"
"132,4300";"4,4141";"4,2755"
"132,4400";"4,4145";"4,2745"
"132,4500";"4,4148";"4,2746"
"132,4600";"4,4152";"4,2744"
"132,4700";"4,4155";"4,2730"
"132,4800";"4,4159";"4,2725"
"132,4900";"4,4162";"4,2750"
"132,5000";"4,4166";"4,2764"
"132,5100";"4,4169";"4,2758"
"132,5200";"4,4173";"4,2748"
"132,5300";"4,4175";"4,2762"
"132,5400";"4,4179";"4,2766"
"132,5500";"4,4181";"4,2747"
"132,5600";"4,4185";"4,2736"
"132,5700";"4,4188";"4,2736"
"132,5800";"4,4192";"4,2736"
"132,5900";"4,4194";"4,2737"
"132,6000";"4,4198";"4,2764"
"132,6100";"4,4201";"4,2797"
"132,6200";"4,4205";"4,2811"
"132,6300";"4,4208";"4,2783"
"132,6400";"4,4212";"4,2749"
"132,6500";"4,4215";"4,2746"
"132,6600";"4,4219";"4,2761"
"132,6700";"4,4222";"4,2761"
"132,6800";"4,4226";"4,2763"
"132,6900";"4,4228";"4,2790"
"132,7000";"4,4231";"4,2823"
"132,7100";"4,4234";"4,2823"
"132,7200";"4,4238";"4,2800"
"132,7300";"4,4240";"4,2791"
"132,7400";"4,4244";"4,2791"
"132,7500";"4,4247";"4,2779"
"132,7600";"4,4252";"4,2771"
"132,7700";"4,4255";"4,2785"
"132,7800";"4,4259";"4,2812"
"132,7900";"4,4263";"4,2830"
"132,8000";"4,4267";"4,2828"
"132,8100";"4,4271";"4,2812"
"132,8200";"4,4274";"4,2807"
"132,8300";"4,4278";"4,2816"
"132,8400";"4,4280";"4,2829"
"132,8500";"4,4284";"4,2834"
"132,8600";"4,4286";"4,2834"
"132,8700";"4,4290";"4,2831"
"132,8800";"4,4293";"4,2844"
"132,8900";"4,4297";"4,2856"
"132,9000";"4,4300";"4,2865"
"132,9100";"4,4304";"4,2838"
"132,9200";"4,4307";"4,2816"
"132,9300";"4,4311";"4,2840"
"132,9400";"4,4315";"4,2874"
"132,9500";"4,4318";"4,2865"
"132,9600";"4,4322";"4,2855"
"132,9700";"4,4325";"4,2883"
"132,9800";"4,4329";"4,2911"
"132,9900";"4,4332";"4,2902"
"133,0000";"4,4336";"4,2870"
"133,0100";"4,4338";"4,2863"
"133,0200";"4,4342";"4,2898"
"133,0300";"4,4344";"4,2905"
"133,0400";"4,4346";"4,2887"
"133,0500";"4,4350";"4,2880"
"133,0600";"4,4352";"4,2897"
"133,0700";"4,4356";"4,2908"
"133,0800";"4,4358";"4,2899"
"133,0900";"4,4362";"4,2899"
"133,1000";"4,4365";"4,2912"
"133,1100";"4,4369";"4,2925"
"133,1200";"4,4372";"4,2920"
"133,1300";"4,4376";"4,2905"
"133,1400";"4,4379";"4,2912"
"133,1500";"4,4383";"4,2920"
"133,1600";"4,4387";"4,2923"
"133,1700";"4,4390";"4,2920"
"133,1800";"4,4394";"4,2925"
"133,1900";"4,4396";"4,2925"
"133,2000";"4,4400";"4,2923"
"133,2100";"4,4402";"4,2946"
"133,2200";"4,4405";"4,2973"
"133,2300";"4,4409";"4,2969"
"133,2400";"4,4412";"4,2939"
"133,2500";"4,4416";"4,2926"
"133,2600";"4,4418";"4,2932"
"133,2700";"4,4422";"4,2929"
"133,2800";"4,4425";"4,2911"
"133,2900";"4,4429";"4,2910"
"133,3000";"4,4433";"4,2938"
"133,3100";"4,4436";"4,2958"
"133,3200";"4,4440";"4,2950"
"133,3300";"4,4443";"4,2931"
"133,3400";"4,4447";"4,2936"
"133,3500";"4,4450";"4,2965"
"133,3600";"4,4453";"4,2967"
"133,3700";"4,4456";"4,2957"
"133,3800";"4,4459";"4,2964"
"133,3900";"4,4462";"4,2995"
"133,4000";"4,4466";"4,2995"
"133,4100";"4,4469";"4,2986"
"133,4200";"4,4473";"4,2991"
"133,4300";"4,4476";"4,3007"
"133,4400";"4,4480";"4,3002"
"133,4500";"4,4483";"4,3003"
"133,4600";"4,4487";"4,3008"
"133,4700";"4,4490";"4,3017"
"133,4800";"4,4494";"4,3022"
"133,4900";"4,4497";"4,3014"
"133,5000";"4,4501";"4,3014"
"133,5100";"4,4505";"4,3020"
"133,5200";"4,4507";"4,3018"
"133,5300";"4,4509";"4,3007"
"133,5400";"4,4513";"4,3000"
"133,5500";"4,4516";"4,2998"
"133,5600";"4,4519";"4,2987"
"133,5700";"4,4522";"4,2987"
"133,5800";"4,4526";"4,3014"
"133,5900";"4,4529";"4,3049"
"133,6000";"4,4533";"4,3051"
"133,6100";"4,4536";"4,3025"
"133,6200";"4,4540";"4,3017"
"133,6300";"4,4544";"4,3041"
"133,6400";"4,4547";"4,3053"
"133,6500";"4,4551";"4,3039"
"133,6600";"4,4554";"4,3038"
"133,6700";"4,4558";"4,3070"
"133,6800";"4,4561";"4,3104"
"133,6900";"4,4565";"4,3117"
"133,7000";"4,4567";"4,3118"
"133,7100";"4,4571";"4,3104"
"133,7200";"4,4573";"4,3083"
"133,7300";"4,4577";"4,3071"
"133,7400";"4,4579";"4,3083"
"133,7500";"4,4582";"4,3098"
"133,7600";"4,4586";"4,3098"
"133,7700";"4,4590";"4,3078"
"133,7800";"4,4593";"4,3073"
"133,7900";"4,4595";"4,3084"
"133,8000";"4,4599";"4,3097"
"133,8100";"4,4603";"4,3085"
"133,8200";"4,4606";"4,3086"
"133,8300";"4,4610";"4,3109"
"133,8400";"4,4613";"4,3117"
"133,8500";"4,4617";"4,3104"
"133,8600";"4,4619";"4,3098"
"133,8700";"4,4621";"4,3122"
"133,8800";"4,4625";"4,3146"
"133,8900";"4,4629";"4,3123"
"133,9000";"4,4631";"4,3099"
"133,9100";"4,4634";"4,3098"
"133,9200";"4,4638";"4,3113"
"133,9300";"4,4642";"4,3120"
"133,9400";"4,4645";"4,3122"
"133,9500";"4,4649";"4,3134"
"133,9600";"4,4652";"4,3156"
"133,9700";"4,4656";"4,3159"
"133,9800";"4,4659";"4,3158"
"133,9900";"4,4662";"4,3161"
"134,0000";"4,4665";"4,3153"
"134,0100";"4,4669";"4,3159"
"134,0200";"4,4672";"4,3177"
"134,0300";"4,4676";"4,3190"
"134,0400";"4,4679";"4,3189"
"134,0500";"4,4682";"4,3178"
"134,0600";"4,4684";"4,3175"
"134,0700";"4,4688";"4,3189"
"134,0800";"4,4691";"4,3194"
"134,0900";"4,4695";"4,3167"
"134,1000";"4,4698";"4,3140"
"134,1100";"4,4702";"4,3148"
"134,1200";"4,4706";"4,3180"
"134,1300";"4,4710";"4,3198"
"134,1400";"4,4714";"4,3199"
"134,1500";"4,4717";"4,3196"
"134,1600";"4,4721";"4,3193"
"134,1700";"4,4724";"4,3189"
"134,1800";"4,4728";"4,3185"
"134,1900";"4,4730";"4,3191"
"134,2000";"4,4734";"4,3208"
"134,2100";"4,4736";"4,3208"
"134,2200";"4,4740";"4,3199"
"134,2300";"4,4742";"4,3201"
"134,2400";"4,4745";"4,3229"
"134,2500";"4,4749";"4,3253"
"134,2600";"4,4752";"4,3237"
"134,2700";"4,4756";"4,3216"
"134,2800";"4,4760";"4,3217"
"134,2900";"4,4763";"4,3230"
"134,3000";"4,4767";"4,3228"
"134,3100";"4,4770";"4,3229"
"134,3200";"4,4774";"4,3237"
"134,3300";"4,4777";"4,3229"
"134,3400";"4,4781";"4,3215"
"134,3500";"4,4784";"4,3231"
"134,3600";"4,4788";"4,3259"
"134,3700";"4,4791";"4,3263"
"134,3800";"4,4794";"4,3251"
"134,3900";"4,4796";"4,3236"
"134,4000";"4,4800";"4,3244"
"134,4100";"4,4802";"4,3251"
"134,4200";"4,4806";"4,3242"
"134,4300";"4,4809";"4,3236"
"134,4400";"4,4812";"4,3240"
"134,4500";"4,4815";"4,3254"
"134,4600";"4,4819";"4,3256"
"134,4700";"4,4822";"4,3255"
"134,4800";"4,4826";"4,3276"
"134,4900";"4,4829";"4,3295"
"134,5000";"4,4832";"4,3295"
"134,5100";"4,4835";"4,3305"
"134,5200";"4,4839";"4,3306"
"134,5300";"4,4842";"4,3298"
"134,5400";"4,4845";"4,3265"
"134,5500";"4,4848";"4,3262"
"134,5600";"4,4852";"4,3296"
"134,5700";"4,4854";"4,3334"
"134,5800";"4,4858";"4,3341"
"134,5900";"4,4861";"4,3325"
"134,6000";"4,4865";"4,3313"
"134,6100";"4,4867";"4,3324"
"134,6200";"4,4871";"4,3330"
"134,6300";"4,4874";"4,3334"
"134,6400";"4,4878";"4,3333"
"134,6500";"4,4882";"4,3325"
"134,6600";"4,4886";"4,3320"
"134,6700";"4,4889";"4,3315"
"134,6800";"4,4893";"4,3325"
"134,6900";"4,4895";"4,3343"
"134,7000";"4,4899";"4,3348"
"134,7100";"4,4901";"4,3346"
"134,7200";"4,4905";"4,3352"
"134,7300";"4,4908";"4,3365"
"134,7400";"4,4912";"4,3357"
"134,7500";"4,4915";"4,3353"
"134,7600";"4,4918";"4,3368"
"134,7700";"4,4922";"4,3387"
"134,7800";"4,4926";"4,3380"
"134,7900";"4,4930";"4,3375"
"134,8000";"4,4933";"4,3390"
"134,8100";"4,4937";"4,3407"
"134,8200";"4,4940";"4,3400"
"134,8300";"4,4945";"4,3369"
"134,8400";"4,4947";"4,3365"
"134,8500";"4,4951";"4,3406"
"134,8600";"4,4953";"4,3430"
"134,8700";"4,4957";"4,3410"
"134,8800";"4,4960";"4,3381"
"134,8900";"4,4963";"4,3390"
"134,9000";"4,4966";"4,3397"
"134,9100";"4,4970";"4,3383"
"134,9200";"4,4973";"4,3372"
"134,9300";"4,4977";"4,3387"
"134,9400";"4,4980";"4,3399"
"134,9500";"4,4984";"4,3401"
"134,9600";"4,4987";"4,3395"
"134,9700";"4,4992";"4,3398"
"134,9800";"4,4996";"4,3413"
"134,9900";"4,4998";"4,3435"
"135,0000";"4,5002";"4,3467"
"135,0100";"4,5005";"4,3473"
"135,0200";"4,5009";"4,3464"
"135,0300";"4,5011";"4,3442"
"135,0400";"4,5013";"4,3432"
"135,0500";"4,5017";"4,3444"
"135,0600";"4,5019";"4,3455"
"135,0700";"4,5022";"4,3444"
"135,0800";"4,5025";"4,3432"
"135,0900";"4,5029";"4,3443"
"135,1000";"4,5032";"4,3459"
"135,1100";"4,5035";"4,3458"
"135,1200";"4,5038";"4,3449"
"135,1300";"4,5042";"4,3446"
"135,1400";"4,5045";"4,3464"
"135,1500";"4,5049";"4,3463"
"135,1600";"4,5052";"4,3443"
"135,1700";"4,5055";"4,3442"
"135,1800";"4,5058";"4,3447"
"135,1900";"4,5062";"4,3446"
"135,2000";"4,5067";"4,3458"
"135,2100";"4,5069";"4,3482"
"135,2200";"4,5072";"4,3509"
"135,2300";"4,5075";"4,3530"
"135,2400";"4,5078";"4,3525"
"135,2500";"4,5082";"4,3497"
"135,2600";"4,5084";"4,3481"
"135,2700";"4,5088";"4,3484"
"135,2800";"4,5091";"4,3512"
"135,2900";"4,5095";"4,3543"
"135,3000";"4,5098";"4,3549"
"135,3100";"4,5102";"4,3527"
"135,3200";"4,5105";"4,3506"
"135,3300";"4,5109";"4,3512"
"135,3400";"4,5113";"4,3515"
"135,3500";"4,5116";"4,3505"
"135,3600";"4,5120";"4,3502"
"135,3700";"4,5123";"4,3521"
"135,3800";"4,5127";"4,3556"
"135,3900";"4,5129";"4,3571"
"135,4000";"4,5133";"4,3556"
"135,4100";"4,5135";"4,3540"
"135,4200";"4,5139";"4,3535"
"135,4300";"4,5142";"4,3524"
"135,4400";"4,5146";"4,3514"
"135,4500";"4,5149";"4,3509"
"135,4600";"4,5153";"4,3529"
"135,4700";"4,5156";"4,3553"
"135,4800";"4,5160";"4,3573"
"135,4900";"4,5165";"4,3601"
"135,5000";"4,5168";"4,3620"
"135,5100";"4,5170";"4,3614"
"135,5200";"4,5174";"4,3574"
"135,5300";"4,5176";"4,3564"
"135,5400";"4,5180";"4,3587"
"135,5500";"4,5183";"4,3599"
"135,5600";"4,5187";"4,3597"
"135,5700";"4,5189";"4,3599"
"135,5800";"4,5193";"4,3612"
"135,5900";"4,5196";"4,3611"
"135,6000";"4,5200";"4,3594"
"135,6100";"4,5203";"4,3577"
"135,6200";"4,5207";"4,3580"
"135,6300";"4,5212";"4,3600"
"135,6400";"4,5215";"4,3602"
"135,6500";"4,5219";"4,3597"
"135,6600";"4,5222";"4,3613"
"135,6700";"4,5225";"4,3636"
"135,6800";"4,5228";"4,3639"
"135,6900";"4,5232";"4,3626"
"135,7000";"4,5235";"4,3605"
"135,7100";"4,5238";"4,3596"
"135,7200";"4,5241";"4,3619"
"135,7300";"4,5244";"4,3651"
"135,7400";"4,5246";"4,3655"
"135,7500";"4,5250";"4,3640"
"135,7600";"4,5252";"4,3623"
"135,7700";"4,5255";"4,3621"
"135,7800";"4,5259";"4,3641"
"135,7900";"4,5261";"4,3656"
"135,8000";"4,5265";"4,3647"
"135,8100";"4,5268";"4,3636"
"135,8200";"4,5272";"4,3651"
"135,8300";"4,5275";"4,3664"
"135,8400";"4,5279";"4,3667"
"135,8500";"4,5283";"4,3668"
"135,8600";"4,5286";"4,3674"
"135,8700";"4,5290";"4,3683"
"135,8800";"4,5293";"4,3669"
"135,8900";"4,5296";"4,3650"
"135,9000";"4,5299";"4,3655"
"135,9100";"4,5303";"4,3674"
"135,9200";"4,5305";"4,3679"
"135,9300";"4,5309";"4,3653"
"135,9400";"4,5312";"4,3640"
"135,9500";"4,5314";"4,3660"
"135,9600";"4,5318";"4,3686"
"135,9700";"4,5322";"4,3696"
"135,9800";"4,5325";"4,3703"
"135,9900";"4,5329";"4,3720"
"136,0000";"4,5332";"4,3732"
"136,0100";"4,5336";"4,3727"
"136,0200";"4,5339";"4,3725"
"136,0300";"4,5343";"4,3728"
"136,0400";"4,5346";"4,3730"
"136,0500";"4,5349";"4,3718"
"136,0600";"4,5351";"4,3710"
"136,0700";"4,5355";"4,3710"
"136,0800";"4,5358";"4,3704"
"136,0900";"4,5362";"4,3708"
"136,1000";"4,5364";"4,3712"
"136,1100";"4,5368";"4,3738"
"136,1200";"4,5371";"4,3744"
"136,1300";"4,5375";"4,3735"
"136,1400";"4,5379";"4,3736"
"136,1500";"4,5383";"4,3751"
"136,1600";"4,5388";"4,3751"
"136,1700";"4,5391";"4,3724"
"136,1800";"4,5395";"4,3712"
"136,1900";"4,5397";"4,3729"
"136,2000";"4,5399";"4,3751"
"136,2100";"4,5403";"4,3753"
"136,2200";"4,5407";"4,3748"
"136,2300";"4,5409";"4,3753"
"136,2400";"4,5412";"4,3770"
"136,2500";"4,5416";"4,3774"
"136,2600";"4,5418";"4,3773"
"136,2700";"4,5422";"4,3778"
"136,2800";"4,5425";"4,3785"
"136,2900";"4,5429";"4,3795"
"136,3000";"4,5432";"4,3799"
"136,3100";"4,5436";"4,3800"
"136,3200";"4,5440";"4,3797"
"136,3300";"4,5443";"4,3777"
"136,3400";"4,5445";"4,3768"
"136,3500";"4,5449";"4,3772"
"136,3600";"4,5453";"4,3774"
"136,3700";"4,5456";"4,3765"
"136,3800";"4,5460";"4,3764"
"136,3900";"4,5462";"4,3786"
"136,4000";"4,5466";"4,3805"
"136,4100";"4,5468";"4,3810"
"136,4200";"4,5471";"4,3808"
"136,4300";"4,5474";"4,3814"
"136,4400";"4,5477";"4,3845"
"136,4500";"4,5481";"4,3848"
"136,4600";"4,5484";"4,3839"
"136,4700";"4,5488";"4,3846"
"136,4800";"4,5492";"4,3852"
"136,4900";"4,5495";"4,3833"
"136,5000";"4,5499";"4,3808"
"136,5100";"4,5502";"4,3813"
"136,5200";"4,5506";"4,3847"
"136,5300";"4,5509";"4,3868"
"136,5400";"4,5513";"4,3864"
"136,5500";"4,5516";"4,3854"
"136,5600";"4,5519";"4,3847"
"136,5700";"4,5522";"4,3841"
"136,5800";"4,5525";"4,3832"
"136,5900";"4,5528";"4,3831"
"136,6000";"4,5530";"4,3827"
"136,6100";"4,5534";"4,3821"
"136,6200";"4,5538";"4,3818"
"136,6300";"4,5541";"4,3832"
"136,6400";"4,5545";"4,3864"
"136,6500";"4,5548";"4,3897"
"136,6600";"4,5552";"4,3900"
"136,6700";"4,5556";"4,3887"
"136,6800";"4,5560";"4,3885"
"136,6900";"4,5564";"4,3886"
"136,7000";"4,5567";"4,3880"
"136,7100";"4,5571";"4,3889"
"136,7200";"4,5574";"4,3921"
"136,7300";"4,5577";"4,3935"
"136,7400";"4,5580";"4,3928"
"136,7500";"4,5584";"4,3924"
"136,7600";"4,5586";"4,3928"
"136,7700";"4,5590";"4,3927"
"136,7800";"4,5593";"4,3910"
"136,7900";"4,5597";"4,3882"
"136,8000";"4,5600";"4,3875"
"136,8100";"4,5605";"4,3891"
"136,8200";"4,5608";"4,3909"
"136,8300";"4,5612";"4,3924"
"136,8400";"4,5615";"4,3949"
"136,8500";"4,5618";"4,3970"
"136,8600";"4,5621";"4,3962"
"136,8700";"4,5624";"4,3952"
"136,8800";"4,5627";"4,3952"
"136,8900";"4,5630";"4,3955"
"136,9000";"4,5633";"4,3949"
"136,9100";"4,5637";"4,3939"
"136,9200";"4,5639";"4,3944"
"136,9300";"4,5643";"4,3969"
"136,9400";"4,5646";"4,3982"
"136,9500";"4,5650";"4,3977"
"136,9600";"4,5653";"4,3975"
"136,9700";"4,5657";"4,3980"
"136,9800";"4,5660";"4,3972"
"136,9900";"4,5664";"4,3980"
"137,0000";"4,5667";"4,3990"
"137,0100";"4,5671";"4,3996"
"137,0200";"4,5675";"4,3987"
"137,0300";"4,5678";"4,3991"
"137,0400";"4,5682";"4,4013"
"137,0500";"4,5684";"4,4018"
"137,0600";"4,5687";"4,3987"
"137,0700";"4,5690";"4,3956"
"137,0800";"4,5692";"4,3962"
"137,0900";"4,5696";"4,3992"
"137,1000";"4,5699";"4,4019"
"137,1100";"4,5702";"4,4015"
"137,1200";"4,5705";"4,4012"
"137,1300";"4,5709";"4,4031"
"137,1400";"4,5712";"4,4032"
"137,1500";"4,5716";"4,4018"
"137,1600";"4,5719";"4,4018"
"137,1700";"4,5723";"4,4038"
"137,1800";"4,5726";"4,4041"
"137,1900";"4,5730";"4,4027"
"137,2000";"4,5734";"4,4029"
"137,2100";"4,5737";"4,4056"
"137,2200";"4,5741";"4,4070"
"137,2300";"4,5743";"4,4040"
"137,2400";"4,5747";"4,4009"
"137,2500";"4,5749";"4,4001"
"137,2600";"4,5752";"4,4022"
"137,2700";"4,5755";"4,4047"
"137,2800";"4,5758";"4,4074"
"137,2900";"4,5761";"4,4082"
"137,3000";"4,5764";"4,4076"
"137,3100";"4,5768";"4,4068"
"137,3200";"4,5771";"4,4076"
"137,3300";"4,5775";"4,4092"
"137,3400";"4,5778";"4,4093"
"137,3500";"4,5782";"4,4064"
"137,3600";"4,5785";"4,4059"
"137,3700";"4,5789";"4,4080"
"137,3800";"4,5793";"4,4102"
"137,3900";"4,5796";"4,4108"
"137,4000";"4,5798";"4,4105"
"137,4100";"4,5801";"4,4115"
"137,4200";"4,5804";"4,4120"
"137,4300";"4,5808";"4,4106"
"137,4400";"4,5811";"4,4095"
"137,4500";"4,5815";"4,4105"
"137,4600";"4,5819";"4,4108"
"137,4700";"4,5822";"4,4103"
"137,4800";"4,5826";"4,4107"
"137,4900";"4,5829";"4,4123"
"137,5000";"4,5833";"4,4139"
"137,5100";"4,5837";"4,4135"
"137,5200";"4,5841";"4,4119"
"137,5300";"4,5845";"4,4127"
"137,5400";"4,5847";"4,4137"
"137,5500";"4,5850";"4,4128"
"137,5600";"4,5853";"4,4119"
"137,5700";"4,5856";"4,4125"
"137,5800";"4,5859";"4,4140"
"137,5900";"4,5862";"4,4144"
"137,6000";"4,5866";"4,4137"
"137,6100";"4,5869";"4,4136"
"137,6200";"4,5874";"4,4153"
"137,6300";"4,5878";"4,4156"
"137,6400";"4,5881";"4,4160"
"137,6500";"4,5885";"4,4174"
"137,6600";"4,5888";"4,4172"
"137,6700";"4,5892";"4,4159"
"137,6800";"4,5895";"4,4163"
"137,6900";"4,5898";"4,4189"
"137,7000";"4,5901";"4,4215"
"137,7100";"4,5905";"4,4206"
"137,7200";"4,5907";"4,4184"
"137,7300";"4,5911";"4,4181"
"137,7400";"4,5913";"4,4200"
"137,7500";"4,5915";"4,4207"
"137,7600";"4,5919";"4,4194"
"137,7700";"4,5922";"4,4195"
"137,7800";"4,5925";"4,4211"
"137,7900";"4,5928";"4,4206"
"137,8000";"4,5932";"4,4194"
"137,8100";"4,5934";"4,4203"
"137,8200";"4,5938";"4,4235"
"137,8300";"4,5941";"4,4255"
"137,8400";"4,5945";"4,4238"
"137,8500";"4,5948";"4,4216"
"137,8600";"4,5952";"4,4217"
"137,8700";"4,5955";"4,4220"
"137,8800";"4,5959";"4,4203"
"137,8900";"4,5963";"4,4199"
"137,9000";"4,5966";"4,4214"
"137,9100";"4,5968";"4,4232"
"137,9200";"4,5972";"4,4228"
"137,9300";"4,5974";"4,4224"
"137,9400";"4,5978";"4,4238"
"137,9500";"4,5980";"4,4237"
"137,9600";"4,5984";"4,4239"
"137,9700";"4,5987";"4,4238"
"137,9800";"4,5991";"4,4249"
"137,9900";"4,5994";"4,4250"
"138,0000";"4,5998";"4,4250"
"138,0100";"4,6002";"4,4257"
"138,0200";"4,6005";"4,4262"
"138,0300";"4,6009";"4,4263"
"138,0400";"4,6012";"4,4265"
"138,0500";"4,6017";"4,4268"
"138,0600";"4,6019";"4,4278"
"138,0700";"4,6023";"4,4295"
"138,0800";"4,6025";"4,4285"
"138,0900";"4,6029";"4,4272"
"138,1000";"4,6031";"4,4283"
"138,1100";"4,6035";"4,4293"
"138,1200";"4,6038";"4,4293"
"138,1300";"4,6042";"4,4287"
"138,1400";"4,6045";"4,4298"
"138,1500";"4,6049";"4,4308"
"138,1600";"4,6052";"4,4295"
"138,1700";"4,6057";"4,4285"
"138,1800";"4,6061";"4,4297"
"138,1900";"4,6064";"4,4320"
"138,2000";"4,6068";"4,4334"
"138,2100";"4,6071";"4,4325"
"138,2200";"4,6074";"4,4331"
"138,2300";"4,6077";"4,4358"
"138,2400";"4,6079";"4,4358"
"138,2500";"4,6083";"4,4335"
"138,2600";"4,6087";"4,4317"
"138,2700";"4,6090";"4,4310"
"138,2800";"4,6094";"4,4318"
"138,2900";"4,6096";"4,4334"
"138,3000";"4,6100";"4,4360"
"138,3100";"4,6103";"4,4376"
"138,3200";"4,6107";"4,4356"
"138,3300";"4,6110";"4,4338"
"138,3400";"4,6114";"4,4340"
"138,3500";"4,6117";"4,4339"
"138,3600";"4,6121";"4,4325"
"138,3700";"4,6123";"4,4325"
"138,3800";"4,6127";"4,4352"
"138,3900";"4,6130";"4,4388"
"138,4000";"4,6134";"4,4406"
"138,4100";"4,6136";"4,4402"
"138,4200";"4,6140";"4,4396"
"138,4300";"4,6142";"4,4388"
"138,4400";"4,6146";"4,4351"
"138,4500";"4,6148";"4,4317"
"138,4600";"4,6151";"4,4319"
"138,4700";"4,6155";"4,4366"
"138,4800";"4,6157";"4,4420"
"138,4900";"4,6161";"4,4439"
"138,5000";"4,6164";"4,4434"
"138,5100";"4,6168";"4,4428"
"138,5200";"4,6172";"4,4421"
"138,5300";"4,6175";"4,4400"
"138,5400";"4,6179";"4,4381"
"138,5500";"4,6183";"4,4374"
"138,5600";"4,6187";"4,4382"
"138,5700";"4,6190";"4,4397"
"138,5800";"4,6193";"4,4427"
"138,5900";"4,6196";"4,4452"
"138,6000";"4,6200";"4,4457"
"138,6100";"4,6202";"4,4429"
"138,6200";"4,6206";"4,4415"
"138,6300";"4,6209";"4,4427"
"138,6400";"4,6213";"4,4438"
"138,6500";"4,6216";"4,4426"
"138,6600";"4,6220";"4,4429"
"138,6700";"4,6223";"4,4450"
"138,6800";"4,6227";"4,4471"
"138,6900";"4,6231";"4,4464"
"138,7000";"4,6234";"4,4449"
"138,7100";"4,6238";"4,4453"
"138,7200";"4,6241";"4,4464"
"138,7300";"4,6245";"4,4470"
"138,7400";"4,6248";"4,4463"
"138,7500";"4,6251";"4,4469"
"138,7600";"4,6253";"4,4483"
"138,7700";"4,6255";"4,4486"
"138,7800";"4,6259";"4,4488"
"138,7900";"4,6262";"4,4482"
"138,8000";"4,6266";"4,4484"
"138,8100";"4,6270";"4,4486"
"138,8200";"4,6272";"4,4488"
"138,8300";"4,6277";"4,4502"
"138,8400";"4,6280";"4,4510"
"138,8500";"4,6284";"4,4502"
"138,8600";"4,6287";"4,4494"
"138,8700";"4,6291";"4,4504"
"138,8800";"4,6294";"4,4514"
"138,8900";"4,6297";"4,4499"
"138,9000";"4,6300";"4,4476"
"138,9100";"4,6303";"4,4484"
"138,9200";"4,6306";"4,4517"
"138,9300";"4,6310";"4,4530"
"138,9400";"4,6312";"4,4530"
"138,9500";"4,6316";"4,4540"
"138,9600";"4,6319";"4,4564"
"138,9700";"4,6323";"4,4558"
"138,9800";"4,6326";"4,4537"
"138,9900";"4,6330";"4,4533"
"139,0000";"4,6334";"4,4543"
"139,0100";"4,6338";"4,4540"
"139,0200";"4,6342";"4,4526"
"139,0300";"4,6345";"4,4517"
"139,0400";"4,6349";"4,4546"
"139,0500";"4,6352";"4,4568"
"139,0600";"4,6355";"4,4560"
"139,0700";"4,6358";"4,4539"
"139,0800";"4,6360";"4,4532"
"139,0900";"4,6364";"4,4546"
"139,1000";"4,6366";"4,4563"
"139,1100";"4,6370";"4,4577"
"139,1200";"4,6373";"4,4577"
"139,1300";"4,6376";"4,4568"
"139,1400";"4,6379";"4,4555"
"139,1500";"4,6383";"4,4545"
"139,1600";"4,6386";"4,4552"
"139,1700";"4,6390";"4,4561"
"139,1800";"4,6392";"4,4549"
"139,1900";"4,6396";"4,4542"
"139,2000";"4,6399";"4,4553"
"139,2100";"4,6403";"4,4567"
"139,2200";"4,6406";"4,4564"
"139,2300";"4,6410";"4,4580"
"139,2400";"4,6414";"4,4613"
"139,2500";"4,6417";"4,4635"
"139,2600";"4,6419";"4,4625"
"139,2700";"4,6422";"4,4620"
"139,2800";"4,6424";"4,4639"
"139,2900";"4,6428";"4,4647"
"139,3000";"4,6431";"4,4635"
"139,3100";"4,6434";"4,4609"
"139,3200";"4,6437";"4,4612"
"139,3300";"4,6441";"4,4628"
"139,3400";"4,6444";"4,4644"
"139,3500";"4,6448";"4,4650"
"139,3600";"4,6452";"4,4645"
"139,3700";"4,6456";"4,4637"
"139,3800";"4,6460";"4,4629"
"139,3900";"4,6463";"4,4629"
"139,4000";"4,6467";"4,4658"
"139,4100";"4,6470";"4,4685"
"139,4200";"4,6473";"4,4668"
"139,4300";"4,6476";"4,4632"
"139,4400";"4,6478";"4,4624"
"139,4500";"4,6481";"4,4649"
"139,4600";"4,6484";"4,4670"
"139,4700";"4,6488";"4,4667"
"139,4800";"4,6491";"4,4668"
"139,4900";"4,6495";"4,4676"
"139,5000";"4,6499";"4,4670"
"139,5100";"4,6502";"4,4668"
"139,5200";"4,6506";"4,4669"
"139,5300";"4,6509";"4,4688"
"139,5400";"4,6514";"4,4693"
"139,5500";"4,6517";"4,4684"
"139,5600";"4,6521";"4,4680"
"139,5700";"4,6523";"4,4700"
"139,5800";"4,6527";"4,4709"
"139,5900";"4,6530";"4,4710"
"139,6000";"4,6533";"4,4709"
"139,6100";"4,6536";"4,4718"
"139,6200";"4,6540";"4,4730"
"139,6300";"4,6543";"4,4715"
"139,6400";"4,6547";"4,4715"
"139,6500";"4,6550";"4,4721"
"139,6600";"4,6554";"4,4708"
"139,6700";"4,6558";"4,4695"
"139,6800";"4,6561";"4,4700"
"139,6900";"4,6565";"4,4734"
"139,7000";"4,6568";"4,4753"
"139,7100";"4,6572";"4,4744"
"139,7200";"4,6575";"4,4735"
"139,7300";"4,6578";"4,4742"
"139,7400";"4,6581";"4,4749"
"139,7500";"4,6585";"4,4733"
"139,7600";"4,6587";"4,4708"
"139,7700";"4,6589";"4,4705"
"139,7800";"4,6592";"4,4728"
"139,7900";"4,6595";"4,4747"
"139,8000";"4,6599";"4,4753"
"139,8100";"4,6601";"4,4752"
"139,8200";"4,6605";"4,4751"
"139,8300";"4,6608";"4,4761"
"139,8400";"4,6612";"4,4783"
"139,8500";"4,6615";"4,4793"
"139,8600";"4,6619";"4,4784"
"139,8700";"4,6622";"4,4764"
"139,8800";"4,6626";"4,4753"
"139,8900";"4,6630";"4,4784"
"139,9000";"4,6633";"4,4815"
"139,9100";"4,6637";"4,4816"
"139,9200";"4,6639";"4,4809"
"139,9300";"4,6643";"4,4802"
"139,9400";"4,6645";"4,4797"
"139,9500";"4,6647";"4,4792"
"139,9600";"4,6651";"4,4790"
"139,9700";"4,6653";"4,4805"
"139,9800";"4,6657";"4,4810"
"139,9900";"4,6660";"4,4788"
"140,0000";"4,6664";"4,4771"
"140,0100";"4,6667";"4,4785"
"140,0200";"4,6672";"4,4818"
"140,0300";"4,6674";"4,4819"
"140,0400";"4,6679";"4,4806"
"140,0500";"4,6683";"4,4807"
"140,0600";"4,6687";"4,4836"
"140,0700";"4,6691";"4,4847"
"140,0800";"4,6695";"4,4839"
"140,0900";"4,6698";"4,4823"
"140,1000";"4,6700";"4,4826"
"140,1100";"4,6703";"4,4832"
"140,1200";"4,6705";"4,4834"
"140,1300";"4,6709";"4,4836"
"140,1400";"4,6712";"4,4849"
"140,1500";"4,6715";"4,4859"
"140,1600";"4,6718";"4,4853"
"140,1700";"4,6722";"4,4841"
"140,1800";"4,6725";"4,4836"
"140,1900";"4,6729";"4,4837"
"140,2000";"4,6732";"4,4850"
"140,2100";"4,6736";"4,4874"
"140,2200";"4,6739";"4,4871"
"140,2300";"4,6743";"4,4850"
"140,2400";"4,6746";"4,4819"
"140,2500";"4,6750";"4,4837"
"140,2600";"4,6752";"4,4882"
"140,2700";"4,6756";"4,4897"
"140,2800";"4,6758";"4,4872"
"140,2900";"4,6762";"4,4852"
"140,3000";"4,6765";"4,4874"
"140,3100";"4,6768";"4,4911"
"140,3200";"4,6771";"4,4915"
"140,3300";"4,6775";"4,4899"
"140,3400";"4,6778";"4,4911"
"140,3500";"4,6782";"4,4932"
"140,3600";"4,6785";"4,4946"
"140,3700";"4,6789";"4,4935"
"140,3800";"4,6792";"4,4919"
"140,3900";"4,6796";"4,4911"
"140,4000";"4,6800";"4,4916"
"140,4100";"4,6804";"4,4915"
"140,4200";"4,6808";"4,4927"
"140,4300";"4,6810";"4,4938"
"140,4400";"4,6814";"4,4940"
"140,4500";"4,6816";"4,4944"
"140,4600";"4,6820";"4,4954"
"140,4700";"4,6823";"4,4962"
"140,4800";"4,6826";"4,4953"
"140,4900";"4,6829";"4,4953"
"140,5000";"4,6833";"4,4952"
"140,5100";"4,6836";"4,4953"
"140,5200";"4,6840";"4,4945"
"140,5300";"4,6843";"4,4955"
"140,5400";"4,6847";"4,4982"
"140,5500";"4,6850";"4,5005"
"140,5600";"4,6854";"4,5006"
"140,5700";"4,6857";"4,4974"
"140,5800";"4,6861";"4,4967"
"140,5900";"4,6865";"4,4979"
"140,6000";"4,6867";"4,4966"
"140,6100";"4,6869";"4,4957"
"140,6200";"4,6873";"4,4970"
"140,6300";"4,6875";"4,5002"
"140,6400";"4,6879";"4,5018"
"140,6500";"4,6882";"4,5014"
"140,6600";"4,6886";"4,5007"
"140,6700";"4,6889";"4,4985"
"140,6800";"4,6893";"4,4952"
"140,6900";"4,6896";"4,4931"
"140,7000";"4,6899";"4,4946"
"140,7100";"4,6903";"4,4991"
"140,7200";"4,6906";"4,5019"
"140,7300";"4,6909";"4,5015"
"140,7400";"4,6913";"4,5007"
"140,7500";"4,6918";"4,5034"
"140,7600";"4,6920";"4,5049"
"140,7700";"4,6924";"4,5030"
"140,7800";"4,6927";"4,4999"
"140,7900";"4,6929";"4,5009"
"140,8000";"4,6933";"4,5035"
"140,8100";"4,6937";"4,5064"
"140,8200";"4,6939";"4,5075"
"140,8300";"4,6942";"4,5075"
"140,8400";"4,6946";"4,5056"
"140,8500";"4,6950";"4,5037"
"140,8600";"4,6953";"4,5039"
"140,8700";"4,6957";"4,5052"
"140,8800";"4,6960";"4,5058"
"140,8900";"4,6964";"4,5063"
"140,9000";"4,6967";"4,5078"
"140,9100";"4,6971";"4,5097"
"140,9200";"4,6974";"4,5093"
"140,9300";"4,6977";"4,5068"
"140,9400";"4,6980";"4,5065"
"140,9500";"4,6983";"4,5089"
"140,9600";"4,6986";"4,5114"
"140,9700";"4,6988";"4,5099"
"140,9800";"4,6992";"4,5080"
"140,9900";"4,6996";"4,5082"
"141,0000";"4,6999";"4,5103"
"141,0100";"4,7003";"4,5107"
"141,0200";"4,7006";"4,5087"
"141,0300";"4,7010";"4,5078"
"141,0400";"4,7013";"4,5087"
"141,0500";"4,7017";"4,5097"
"141,0600";"4,7020";"4,5099"
"141,0700";"4,7024";"4,5103"
"141,0800";"4,7027";"4,5116"
"141,0900";"4,7031";"4,5122"
"141,1000";"4,7035";"4,5126"
"141,1100";"4,7038";"4,5123"
"141,1200";"4,7040";"4,5125"
"141,1300";"4,7043";"4,5129"
"141,1400";"4,7046";"4,5142"
"141,1500";"4,7050";"4,5151"
"141,1600";"4,7053";"4,5144"
"141,1700";"4,7056";"4,5126"
"141,1800";"4,7059";"4,5118"
"141,1900";"4,7063";"4,5138"
"141,2000";"4,7066";"4,5173"
"141,2100";"4,7070";"4,5170"
"141,2200";"4,7073";"4,5154"
"141,2300";"4,7076";"4,5166"
"141,2400";"4,7079";"4,5189"
"141,2500";"4,7083";"4,5180"
"141,2600";"4,7086";"4,5153"
"141,2700";"4,7090";"4,5162"
"141,2800";"4,7092";"4,5194"
"141,2900";"4,7096";"4,5207"
"141,3000";"4,7099";"4,5196"
"141,3100";"4,7102";"4,5196"
"141,3200";"4,7105";"4,5213"
"141,3300";"4,7109";"4,5225"
"141,3400";"4,7112";"4,5198"
"141,3500";"4,7116";"4,5183"
"141,3600";"4,7120";"4,5200"
"141,3700";"4,7123";"4,5221"
"141,3800";"4,7127";"4,5213"
"141,3900";"4,7130";"4,5192"
"141,4000";"4,7134";"4,5184"
"141,4100";"4,7137";"4,5188"
"141,4200";"4,7141";"4,5190"
"141,4300";"4,7144";"4,5194"
"141,4400";"4,7148";"4,5209"
"141,4500";"4,7151";"4,5227"
"141,4600";"4,7154";"4,5234"
"141,4700";"4,7156";"4,5236"
"141,4800";"4,7160";"4,5234"
"141,4900";"4,7162";"4,5229"
"141,5000";"4,7166";"4,5229"
"141,5100";"4,7169";"4,5238"
"141,5200";"4,7173";"4,5256"
"141,5300";"4,7176";"4,5255"
"141,5400";"4,7180";"4,5232"
"141,5500";"4,7183";"4,5226"
"141,5600";"4,7187";"4,5243"
"141,5700";"4,7192";"4,5264"
"141,5800";"4,7194";"4,5258"
"141,5900";"4,7197";"4,5233"
"141,6000";"4,7201";"4,5233"
"141,6100";"4,7205";"4,5246"
"141,6200";"4,7207";"4,5246"
"141,6300";"4,7210";"4,5237"
"141,6400";"4,7214";"4,5242"
"141,6500";"4,7216";"4,5259"
"141,6600";"4,7220";"4,5258"
"141,6700";"4,7223";"4,5259"
"141,6800";"4,7227";"4,5274"
"141,6900";"4,7230";"4,5294"
"141,7000";"4,7234";"4,5306"
"141,7100";"4,7238";"4,5304"
"141,7200";"4,7241";"4,5298"
"141,7300";"4,7245";"4,5293"
"141,7400";"4,7248";"4,5282"
"141,7500";"4,7251";"4,5287"
"141,7600";"4,7254";"4,5303"
"141,7700";"4,7258";"4,5317"
"141,7800";"4,7260";"4,5319"
"141,7900";"4,7264";"4,5319"
"141,8000";"4,7266";"4,5343"
"141,8100";"4,7268";"4,5371"
"141,8200";"4,7272";"4,5352"
"141,8300";"4,7275";"4,5321"
"141,8400";"4,7278";"4,5308"
"141,8500";"4,7281";"4,5305"
"141,8600";"4,7285";"4,5306"
"141,8700";"4,7288";"4,5312"
"141,8800";"4,7291";"4,5330"
"141,8900";"4,7295";"4,5352"
"141,9000";"4,7298";"4,5352"
"141,9100";"4,7301";"4,5340"
"141,9200";"4,7305";"4,5334"
"141,9300";"4,7308";"4,5325"
"141,9400";"4,7312";"4,5311"
"141,9500";"4,7315";"4,5302"
"141,9600";"4,7318";"4,5321"
"141,9700";"4,7320";"4,5363"
"141,9800";"4,7324";"4,5385"
"141,9900";"4,7326";"4,5368"
"142,0000";"4,7330";"4,5360"
"142,0100";"4,7333";"4,5376"
"142,0200";"4,7337";"4,5381"
"142,0300";"4,7340";"4,5343"
"142,0400";"4,7344";"4,5324"
"142,0500";"4,7347";"4,5356"
"142,0600";"4,7351";"4,5403"
"142,0700";"4,7356";"4,5428"
"142,0800";"4,7359";"4,5431"
"142,0900";"4,7363";"4,5415"
"142,1000";"4,7366";"4,5405"
"142,1100";"4,7371";"4,5387"
"142,1200";"4,7373";"4,5381"
"142,1300";"4,7376";"4,5389"
"142,1400";"4,7379";"4,5392"
"142,1500";"4,7383";"4,5398"
"142,1600";"4,7385";"4,5399"
"142,1700";"4,7389";"4,5410"
"142,1800";"4,7392";"4,5427"
"142,1900";"4,7396";"4,5433"
"142,2000";"4,7399";"4,5438"
"142,2100";"4,7403";"4,5443"
"142,2200";"4,7406";"4,5421"
"142,2300";"4,7410";"4,5393"
"142,2400";"4,7413";"4,5401"
"142,2500";"4,7418";"4,5438"
"142,2600";"4,7422";"4,5469"
"142,2700";"4,7424";"4,5460"
"142,2800";"4,7428";"4,5435"
"142,2900";"4,7430";"4,5430"
"142,3000";"4,7434";"4,5449"
"142,3100";"4,7436";"4,5442"
"142,3200";"4,7439";"4,5433"
"142,3300";"4,7442";"4,5436"
"142,3400";"4,7445";"4,5450"
"142,3500";"4,7449";"4,5456"
"142,3600";"4,7452";"4,5468"
"142,3700";"4,7456";"4,5480"
"142,3800";"4,7460";"4,5483"
"142,3900";"4,7463";"4,5473"
"142,4000";"4,7467";"4,5462"
"142,4100";"4,7470";"4,5467"
"142,4200";"4,7474";"4,5482"
"142,4300";"4,7477";"4,5490"
"142,4400";"4,7481";"4,5506"
"142,4500";"4,7484";"4,5522"
"142,4600";"4,7488";"4,5518"
"142,4700";"4,7491";"4,5519"
"142,4800";"4,7494";"4,5517"
"142,4900";"4,7496";"4,5512"
"142,5000";"4,7500";"4,5507"
"142,5100";"4,7503";"4,5488"
"142,5200";"4,7506";"4,5481"
"142,5300";"4,7509";"4,5491"
"142,5400";"4,7513";"4,5528"
"142,5500";"4,7516";"4,5552"
"142,5600";"4,7520";"4,5540"
"142,5700";"4,7523";"4,5524"
"142,5800";"4,7527";"4,5520"
"142,5900";"4,7530";"4,5513"
"142,6000";"4,7533";"4,5513"
"142,6100";"4,7537";"4,5512"
"142,6200";"4,7541";"4,5518"
"142,6300";"4,7543";"4,5528"
"142,6400";"4,7547";"4,5531"
"142,6500";"4,7550";"4,5526"
"142,6600";"4,7553";"4,5541"
"142,6700";"4,7556";"4,5535"
"142,6800";"4,7560";"4,5516"
"142,6900";"4,7562";"4,5503"
"142,7000";"4,7566";"4,5514"
"142,7100";"4,7569";"4,5541"
"142,7200";"4,7573";"4,5553"
"142,7300";"4,7576";"4,5553"
"142,7400";"4,7580";"4,5557"
"142,7500";"4,7583";"4,5558"
"142,7600";"4,7587";"4,5555"
"142,7700";"4,7591";"4,5568"
"142,7800";"4,7594";"4,5592"
"142,7900";"4,7598";"4,5599"
"142,8000";"4,7601";"4,5591"
"142,8100";"4,7604";"4,5593"
"142,8200";"4,7607";"4,5616"
"142,8300";"4,7609";"4,5625"
"142,8400";"4,7613";"4,5620"
"142,8500";"4,7617";"4,5609"
"142,8600";"4,7619";"4,5621"
"142,8700";"4,7622";"4,5636"
"142,8800";"4,7626";"4,5636"
"142,8900";"4,7631";"4,5621"
"142,9000";"4,7634";"4,5615"
"142,9100";"4,7638";"4,5629"
"142,9200";"4,7641";"4,5638"
"142,9300";"4,7645";"4,5638"
"142,9400";"4,7650";"4,5632"
"142,9500";"4,7652";"4,5634"
"142,9600";"4,7654";"4,5630"
"142,9700";"4,7658";"4,5627"
"142,9800";"4,7660";"4,5615"
"142,9900";"4,7664";"4,5598"
"143,0000";"4,7667";"4,5590"
"143,0100";"4,7670";"4,5612"
"143,0200";"4,7673";"4,5652"
"143,0300";"4,7677";"4,5685"
"143,0400";"4,7680";"4,5690"
"143,0500";"4,7684";"4,5678"
"143,0600";"4,7687";"4,5684"
"143,0700";"4,7692";"4,5698"
"143,0800";"4,7694";"4,5691"
"143,0900";"4,7698";"4,5668"
"143,1000";"4,7702";"4,5662"
"143,1100";"4,7705";"4,5676"
"143,1200";"4,7707";"4,5707"
"143,1300";"4,7711";"4,5713"
"143,1400";"4,7715";"4,5705"
"143,1500";"4,7717";"4,5703"
"143,1600";"4,7720";"4,5700"
"143,1700";"4,7723";"4,5705"
"143,1800";"4,7725";"4,5718"
"143,1900";"4,7729";"4,5728"
"143,2000";"4,7732";"4,5725"
"143,2100";"4,7735";"4,5707"
"143,2200";"4,7738";"4,5712"
"143,2300";"4,7742";"4,5720"
"143,2400";"4,7745";"4,5713"
"143,2500";"4,7749";"4,5696"
"143,2600";"4,7752";"4,5683"
"143,2700";"4,7755";"4,5693"
"143,2800";"4,7758";"4,5707"
"143,2900";"4,7762";"4,5718"
"143,3000";"4,7765";"4,5725"
"143,3100";"4,7769";"4,5736"
"143,3200";"4,7771";"4,5736"
"143,3300";"4,7775";"4,5709"
"143,3400";"4,7777";"4,5705"
"143,3500";"4,7781";"4,5729"
"143,3600";"4,7784";"4,5750"
"143,3700";"4,7788";"4,5748"
"143,3800";"4,7791";"4,5734"
"143,3900";"4,7795";"4,5735"
"143,4000";"4,7798";"4,5758"
"143,4100";"4,7802";"4,5775"
"143,4200";"4,7805";"4,5766"
"143,4300";"4,7809";"4,5762"
"143,4400";"4,7812";"4,5768"
"143,4500";"4,7816";"4,5771"
"143,4600";"4,7820";"4,5775"
"143,4700";"4,7823";"4,5789"
"143,4800";"4,7825";"4,5789"
"143,4900";"4,7828";"4,5774"
"143,5000";"4,7831";"4,5777"
"143,5100";"4,7834";"4,5795"
"143,5200";"4,7837";"4,5816"
"143,5300";"4,7841";"4,5801"
"143,5400";"4,7844";"4,5777"
"143,5500";"4,7848";"4,5777"
"143,5600";"4,7853";"4,5793"
"143,5700";"4,7856";"4,5803"
"143,5800";"4,7860";"4,5815"
"143,5900";"4,7863";"4,5831"
"143,6000";"4,7867";"4,5844"
"143,6100";"4,7870";"4,5834"
"143,6200";"4,7874";"4,5826"
"143,6300";"4,7876";"4,5816"
"143,6400";"4,7880";"4,5820"
"143,6500";"4,7883";"4,5826"
"143,6600";"4,7886";"4,5836"
"143,6700";"4,7888";"4,5851"
"143,6800";"4,7892";"4,5862"
"143,6900";"4,7895";"4,5851"
"143,7000";"4,7897";"4,5831"
"143,7100";"4,7902";"4,5829"
"143,7200";"4,7905";"4,5843"
"143,7300";"4,7909";"4,5851"
"143,7400";"4,7913";"4,5852"
"143,7500";"4,7916";"4,5856"
"143,7600";"4,7920";"4,5861"
"143,7700";"4,7923";"4,5867"
"143,7800";"4,7927";"4,5860"
"143,7900";"4,7931";"4,5871"
"143,8000";"4,7934";"4,5888"
"143,8100";"4,7936";"4,5885"
"143,8200";"4,7940";"4,5857"
"143,8300";"4,7942";"4,5844"
"143,8400";"4,7946";"4,5862"
"143,8500";"4,7948";"4,5889"
"143,8600";"4,7952";"4,5890"
"143,8700";"4,7954";"4,5881"
"143,8800";"4,7958";"4,5883"
"143,8900";"4,7961";"4,5883"
"143,9000";"4,7965";"4,5894"
"143,9100";"4,7968";"4,5896"
"143,9200";"4,7971";"4,5887"
"143,9300";"4,7974";"4,5877"
"143,9400";"4,7978";"4,5871"
"143,9500";"4,7981";"4,5891"
"143,9600";"4,7985";"4,5925"
"143,9700";"4,7988";"4,5946"
"143,9800";"4,7992";"4,5946"
"143,9900";"4,7994";"4,5925"
"144,0000";"4,7997";"4,5915"
"144,0100";"4,8000";"4,5924"
"144,0200";"4,8004";"4,5930"
"144,0300";"4,8006";"4,5932"
"144,0400";"4,8010";"4,5937"
"144,0500";"4,8013";"4,5936"
"144,0600";"4,8018";"4,5922"
"144,0700";"4,8021";"4,5921"
"144,0800";"4,8025";"4,5939"
"144,0900";"4,8029";"4,5946"
"144,1000";"4,8032";"4,5934"
"144,1100";"4,8036";"4,5924"
"144,1200";"4,8039";"4,5942"
"144,1300";"4,8043";"4,5965"
"144,1400";"4,8046";"4,5971"
"144,1500";"4,8050";"4,5952"
"144,1600";"4,8052";"4,5950"
"144,1700";"4,8056";"4,5974"
"144,1800";"4,8059";"4,5998"
"144,1900";"4,8062";"4,6001"
"144,2000";"4,8065";"4,5997"
"144,2100";"4,8069";"4,6004"
"144,2200";"4,8072";"4,6015"
"144,2300";"4,8076";"4,6006"
"144,2400";"4,8079";"4,5991"
"144,2500";"4,8083";"4,5999"
"144,2600";"4,8088";"4,6001"
"144,2700";"4,8091";"4,5990"
"144,2800";"4,8095";"4,5996"
"144,2900";"4,8098";"4,6005"
"144,3000";"4,8102";"4,6004"
"144,3100";"4,8104";"4,5994"
"144,3200";"4,8108";"4,5998"
"144,3300";"4,8111";"4,6012"
"144,3400";"4,8114";"4,6020"
"144,3500";"4,8117";"4,6006"
"144,3600";"4,8119";"4,5995"
"144,3700";"4,8123";"4,6005"
"144,3800";"4,8127";"4,6017"
"144,3900";"4,8130";"4,6012"
"144,4000";"4,8134";"4,6028"
"144,4100";"4,8137";"4,6064"
"144,4200";"4,8141";"4,6087"
"144,4300";"4,8144";"4,6074"
"144,4400";"4,8148";"4,6057"
"144,4500";"4,8151";"4,6061"
"144,4600";"4,8155";"4,6062"
"144,4700";"4,8158";"4,6040"
"144,4800";"4,8162";"4,6033"
"144,4900";"4,8165";"4,6051"
"144,5000";"4,8168";"4,6065"
"144,5100";"4,8170";"4,6053"
"144,5200";"4,8174";"4,6049"
"144,5300";"4,8176";"4,6059"
"144,5400";"4,8180";"4,6070"
"144,5500";"4,8183";"4,6074"
"144,5600";"4,8186";"4,6071"
"144,5700";"4,8189";"4,6070"
"144,5800";"4,8193";"4,6071"
"144,5900";"4,8196";"4,6060"
"144,6000";"4,8200";"4,6061"
"144,6100";"4,8203";"4,6064"
"144,6200";"4,8206";"4,6077"
"144,6300";"4,8209";"4,6067"
"144,6400";"4,8213";"4,6058"
"144,6500";"4,8216";"4,6077"
"144,6600";"4,8220";"4,6117"
"144,6700";"4,8222";"4,6126"
"144,6800";"4,8226";"4,6113"
"144,6900";"4,8228";"4,6111"
"144,7000";"4,8232";"4,6120"
"144,7100";"4,8235";"4,6135"
"144,7200";"4,8239";"4,6140"
"144,7300";"4,8241";"4,6140"
"144,7400";"4,8246";"4,6139"
"144,7500";"4,8249";"4,6140"
"144,7600";"4,8253";"4,6142"
"144,7700";"4,8256";"4,6144"
"144,7800";"4,8260";"4,6141"
"144,7900";"4,8263";"4,6117"
"144,8000";"4,8267";"4,6105"
"144,8100";"4,8272";"4,6130"
"144,8200";"4,8274";"4,6162"
"144,8300";"4,8278";"4,6176"
"144,8400";"4,8280";"4,6176"
"144,8500";"4,8282";"4,6180"
"144,8600";"4,8286";"4,6176"
"144,8700";"4,8289";"4,6162"
"144,8800";"4,8293";"4,6149"
"144,8900";"4,8297";"4,6158"
"144,9000";"4,8300";"4,6185"
"144,9100";"4,8304";"4,6183"
"144,9200";"4,8307";"4,6167"
"144,9300";"4,8312";"4,6172"
"144,9400";"4,8315";"4,6200"
"144,9500";"4,8319";"4,6224"
"144,9600";"4,8322";"4,6214"
"144,9700";"4,8326";"4,6179"
"144,9800";"4,8328";"4,6181"
"144,9900";"4,8332";"4,6198"
"145,0000";"4,8334";"4,6210"
"145,0100";"4,8337";"4,6212"
"145,0200";"4,8340";"4,6215"
"145,0300";"4,8344";"4,6204"
"145,0400";"4,8346";"4,6203"
"145,0500";"4,8350";"4,6218"
"145,0600";"4,8353";"4,6226"
"145,0700";"4,8357";"4,6219"
"145,0800";"4,8360";"4,6222"
"145,0900";"4,8364";"4,6233"
"145,1000";"4,8367";"4,6246"
"145,1100";"4,8371";"4,6246"
"145,1200";"4,8374";"4,6227"
"145,1300";"4,8378";"4,6216"
"145,1400";"4,8382";"4,6234"
"145,1500";"4,8385";"4,6243"
"145,1600";"4,8389";"4,6243"
"145,1700";"4,8391";"4,6238"
"145,1800";"4,8393";"4,6253"
"145,1900";"4,8397";"4,6264"
"145,2000";"4,8399";"4,6255"
"145,2100";"4,8403";"4,6236"
"145,2200";"4,8405";"4,6223"
"145,2300";"4,8409";"4,6234"
"145,2400";"4,8412";"4,6245"
"145,2500";"4,8415";"4,6251"
"145,2600";"4,8418";"4,6269"
"145,2700";"4,8422";"4,6274"
"145,2800";"4,8425";"4,6278"
"145,2900";"4,8429";"4,6283"
"145,3000";"4,8432";"4,6294"
"145,3100";"4,8435";"4,6288"
"145,3200";"4,8438";"4,6272"
"145,3300";"4,8442";"4,6266"
"145,3400";"4,8444";"4,6292"
"145,3500";"4,8448";"4,6317"
"145,3600";"4,8450";"4,6319"
"145,3700";"4,8454";"4,6307"
"145,3800";"4,8457";"4,6308"
"145,3900";"4,8461";"4,6335"
"145,4000";"4,8463";"4,6344"
"145,4100";"4,8467";"4,6337"
"145,4200";"4,8471";"4,6324"
"145,4300";"4,8475";"4,6326"
"145,4400";"4,8478";"4,6334"
"145,4500";"4,8482";"4,6329"
"145,4600";"4,8485";"4,6317"
"145,4700";"4,8489";"4,6318"
"145,4800";"4,8492";"4,6331"
"145,4900";"4,8496";"4,6350"
"145,5000";"4,8500";"4,6371"
"145,5100";"4,8502";"4,6369"
"145,5200";"4,8505";"4,6354"
"145,5300";"4,8508";"4,6347"
"145,5400";"4,8511";"4,6366"
"145,5500";"4,8515";"4,6378"
"145,5600";"4,8517";"4,6371"
"145,5700";"4,8521";"4,6360"
"145,5800";"4,8526";"4,6370"
"145,5900";"4,8529";"4,6398"
"145,6000";"4,8533";"4,6403"
"145,6100";"4,8536";"4,6380"
"145,6200";"4,8540";"4,6378"
"145,6300";"4,8543";"4,6405"
"145,6400";"4,8547";"4,6406"
"145,6500";"4,8549";"4,6378"
"145,6600";"4,8553";"4,6350"
"145,6700";"4,8556";"4,6359"
"145,6800";"4,8559";"4,6386"
"145,6900";"4,8562";"4,6388"
"145,7000";"4,8566";"4,6375"
"145,7100";"4,8568";"4,6370"
"145,7200";"4,8572";"4,6371"
"145,7300";"4,8575";"4,6389"
"145,7400";"4,8579";"4,6405"
"145,7500";"4,8582";"4,6413"
"145,7600";"4,8586";"4,6412"
"145,7700";"4,8589";"4,6413"
"145,7800";"4,8593";"4,6422"
"145,7900";"4,8596";"4,6424"
"145,8000";"4,8600";"4,6406"
"145,8100";"4,8605";"4,6387"
"145,8200";"4,8607";"4,6382"
"145,8300";"4,8612";"4,6415"
"145,8400";"4,8614";"4,6445"
"145,8500";"4,8618";"4,6439"
"145,8600";"4,8620";"4,6436"
"145,8700";"4,8624";"4,6456"
"145,8800";"4,8626";"4,6469"
"145,8900";"4,8629";"4,6461"
"145,9000";"4,8632";"4,6427"
"145,9100";"4,8635";"4,6423"
"145,9200";"4,8639";"4,6459"
"145,9300";"4,8641";"4,6490"
"145,9400";"4,8645";"4,6490"
"145,9500";"4,8648";"4,6477"
"145,9600";"4,8652";"4,6477"
"145,9700";"4,8655";"4,6480"
"145,9800";"4,8659";"4,6480"
"145,9900";"4,8662";"4,6471"
"146,0000";"4,8666";"4,6476"
"146,0100";"4,8670";"4,6486"
"146,0200";"4,8672";"4,6499"
"146,0300";"4,8675";"4,6504"
"146,0400";"4,8678";"4,6488"
"146,0500";"4,8681";"4,6458"
"146,0600";"4,8684";"4,6459"
"146,0700";"4,8688";"4,6482"
"146,0800";"4,8691";"4,6498"
"146,0900";"4,8694";"4,6494"
"146,1000";"4,8699";"4,6482"
"146,1100";"4,8703";"4,6492"
"146,1200";"4,8706";"4,6518"
"146,1300";"4,8710";"4,6518"
"146,1400";"4,8713";"4,6497"
"146,1500";"4,8717";"4,6499"
"146,1600";"4,8722";"4,6542"
"146,1700";"4,8724";"4,6571"
"146,1800";"4,8726";"4,6561"
"146,1900";"4,8730";"4,6548"
"146,2000";"4,8732";"4,6554"
"146,2100";"4,8736";"4,6557"
"146,2200";"4,8739";"4,6544"
"146,2300";"4,8743";"4,6522"
"146,2400";"4,8746";"4,6516"
"146,2500";"4,8750";"4,6531"
"146,2600";"4,8753";"4,6541"
"146,2700";"4,8758";"4,6540"
"146,2800";"4,8762";"4,6541"
"146,2900";"4,8765";"4,6549"
"146,3000";"4,8769";"4,6558"
"146,3100";"4,8772";"4,6562"
"146,3200";"4,8776";"4,6567"
"146,3300";"4,8778";"4,6572"
"146,3400";"4,8782";"4,6564"
"146,3500";"4,8784";"4,6557"
"146,3600";"4,8786";"4,6572"
"146,3700";"4,8790";"4,6583"
"146,3800";"4,8794";"4,6589"
"146,3900";"4,8797";"4,6583"
"146,4000";"4,8799";"4,6586"
"146,4100";"4,8803";"4,6588"
"146,4200";"4,8807";"4,6584"
"146,4300";"4,8811";"4,6604"
"146,4400";"4,8815";"4,6634"
"146,4500";"4,8818";"4,6641"
"146,4600";"4,8822";"4,6625"
"146,4700";"4,8825";"4,6617"
"146,4800";"4,8829";"4,6639"
"146,4900";"4,8831";"4,6652"
"146,5000";"4,8835";"4,6637"
"146,5100";"4,8838";"4,6609"
"146,5200";"4,8841";"4,6601"
"146,5300";"4,8843";"4,6611"
"146,5400";"4,8847";"4,6633"
"146,5500";"4,8849";"4,6649"
"146,5600";"4,8853";"4,6661"
"146,5700";"4,8855";"4,6666"
"146,5800";"4,8858";"4,6652"
"146,5900";"4,8862";"4,6628"
"146,6000";"4,8864";"4,6620"
"146,6100";"4,8868";"4,6647"
"146,6200";"4,8871";"4,6667"
"146,6300";"4,8875";"4,6656"
"146,6400";"4,8879";"4,6631"
"146,6500";"4,8882";"4,6626"
"146,6600";"4,8886";"4,6644"
"146,6700";"4,8889";"4,6657"
"146,6800";"4,8893";"4,6665"
"146,6900";"4,8896";"4,6669"
"146,7000";"4,8899";"4,6688"
"146,7100";"4,8902";"4,6699"
"146,7200";"4,8906";"4,6704"
"146,7300";"4,8908";"4,6689"
"146,7400";"4,8912";"4,6672"
"146,7500";"4,8915";"4,6663"
"146,7600";"4,8919";"4,6670"
"146,7700";"4,8922";"4,6685"
"146,7800";"4,8926";"4,6693"
"146,7900";"4,8929";"4,6697"
"146,8000";"4,8932";"4,6717"
"146,8100";"4,8936";"4,6742"
"146,8200";"4,8940";"4,6740"
"146,8300";"4,8943";"4,6709"
"146,8400";"4,8947";"4,6690"
"146,8500";"4,8949";"4,6697"
"146,8600";"4,8953";"4,6704"
"146,8700";"4,8955";"4,6685"
"146,8800";"4,8959";"4,6686"
"146,8900";"4,8962";"4,6704"
"146,9000";"4,8965";"4,6726"
"146,9100";"4,8968";"4,6735"
"146,9200";"4,8972";"4,6724"
"146,9300";"4,8977";"4,6716"
"146,9400";"4,8980";"4,6724"
"146,9500";"4,8984";"4,6740"
"146,9600";"4,8987";"4,6753"
"146,9700";"4,8991";"4,6760"
"146,9800";"4,8994";"4,6771"
"146,9900";"4,8998";"4,6769"
"147,0000";"4,9000";"4,6759"
"147,0100";"4,9004";"4,6756"
"147,0200";"4,9006";"4,6767"
"147,0300";"4,9010";"4,6776"
"147,0400";"4,9012";"4,6789"
"147,0500";"4,9015";"4,6796"
"147,0600";"4,9019";"4,6800"
"147,0700";"4,9021";"4,6795"
"147,0800";"4,9025";"4,6790"
"147,0900";"4,9028";"4,6780"
"147,1000";"4,9033";"4,6759"
"147,1100";"4,9037";"4,6737"
"147,1200";"4,9040";"4,6744"
"147,1300";"4,9044";"4,6779"
"147,1400";"4,9047";"4,6816"
"147,1500";"4,9051";"4,6823"
"147,1600";"4,9054";"4,6805"
"147,1700";"4,9058";"4,6802"
"147,1800";"4,9060";"4,6820"
"147,1900";"4,9064";"4,6814"
"147,2000";"4,9066";"4,6797"
"147,2100";"4,9069";"4,6797"
"147,2200";"4,9072";"4,6823"
"147,2300";"4,9076";"4,6852"
"147,2400";"4,9078";"4,6872"
"147,2500";"4,9082";"4,6865"
"147,2600";"4,9085";"4,6850"
"147,2700";"4,9089";"4,6824"
"147,2800";"4,9092";"4,6806"
"147,2900";"4,9095";"4,6815"
"147,3000";"4,9098";"4,6837"
"147,3100";"4,9102";"4,6840"
"147,3200";"4,9105";"4,6827"
"147,3300";"4,9109";"4,6838"
"147,3400";"4,9112";"4,6868"
"147,3500";"4,9116";"4,6883"
"147,3600";"4,9118";"4,6877"
"147,3700";"4,9122";"4,6865"
"147,3800";"4,9124";"4,6864"
"147,3900";"4,9128";"4,6882"
"147,4000";"4,9130";"4,6898"
"147,4100";"4,9134";"4,6902"
"147,4200";"4,9137";"4,6898"
"147,4300";"4,9141";"4,6877"
"147,4400";"4,9144";"4,6851"
"147,4500";"4,9148";"4,6846"
"147,4600";"4,9151";"4,6865"
"147,4700";"4,9155";"4,6885"
"147,4800";"4,9158";"4,6878"
"147,4900";"4,9162";"4,6868"
"147,5000";"4,9165";"4,6886"
"147,5100";"4,9169";"4,6916"
"147,5200";"4,9172";"4,6929"
"147,5300";"4,9175";"4,6921"
"147,5400";"4,9177";"4,6909"
"147,5500";"4,9181";"4,6909"
"147,5600";"4,9183";"4,6915"
"147,5700";"4,9187";"4,6933"
"147,5800";"4,9190";"4,6943"
"147,5900";"4,9194";"4,6941"
"147,6000";"4,9198";"4,6927"
"147,6100";"4,9202";"4,6917"
"147,6200";"4,9206";"4,6932"
"147,6300";"4,9209";"4,6948"
"147,6400";"4,9213";"4,6942"
"147,6500";"4,9216";"4,6930"
"147,6600";"4,9220";"4,6941"
"147,6700";"4,9223";"4,6972"
"147,6800";"4,9227";"4,6978"
"147,6900";"4,9229";"4,6958"
"147,7000";"4,9233";"4,6929"
"147,7100";"4,9235";"4,6908"
"147,7200";"4,9239";"4,6912"
"147,7300";"4,9242";"4,6940"
"147,7400";"4,9244";"4,6988"
"147,7500";"4,9248";"4,7010"
"147,7600";"4,9252";"4,6994"
"147,7700";"4,9255";"4,6952"
"147,7800";"4,9259";"4,6937"
"147,7900";"4,9263";"4,6960"
"147,8000";"4,9267";"4,6974"
"147,8100";"4,9270";"4,6962"
"147,8200";"4,9273";"4,6958"
"147,8300";"4,9278";"4,6985"
"147,8400";"4,9280";"4,7012"
"147,8500";"4,9283";"4,7024"
"147,8600";"4,9287";"4,7024"
"147,8700";"4,9291";"4,7011"
"147,8800";"4,9294";"4,6995"
"147,8900";"4,9296";"4,6988"
"147,9000";"4,9300";"4,6990"
"147,9100";"4,9302";"4,7014"
"147,9200";"4,9306";"4,7035"
"147,9300";"4,9309";"4,7051"
"147,9400";"4,9313";"4,7049"
"147,9500";"4,9317";"4,7049"
"147,9600";"4,9320";"4,7049"
"147,9700";"4,9324";"4,7043"
"147,9800";"4,9327";"4,7038"
"147,9900";"4,9331";"4,7036"
"148,0000";"4,9334";"4,7034"
"148,0100";"4,9338";"4,7035"
"148,0200";"4,9340";"4,7054"
"148,0300";"4,9344";"4,7074"
"148,0400";"4,9346";"4,7084"
"148,0500";"4,9350";"4,7094"
"148,0600";"4,9353";"4,7085"
"148,0700";"4,9355";"4,7072"
"148,0800";"4,9359";"4,7066"
"148,0900";"4,9363";"4,7052"
"148,1000";"4,9366";"4,7036"
"148,1100";"4,9370";"4,7059"
"148,1200";"4,9373";"4,7086"
"148,1300";"4,9377";"4,7083"
"148,1400";"4,9380";"4,7072"
"148,1500";"4,9384";"4,7076"
"148,1600";"4,9387";"4,7093"
"148,1700";"4,9391";"4,7099"
"148,1800";"4,9394";"4,7100"
"148,1900";"4,9398";"4,7106"
"148,2000";"4,9400";"4,7116"
"148,2100";"4,9404";"4,7130"
"148,2200";"4,9406";"4,7134"
"148,2300";"4,9410";"4,7147"
"148,2400";"4,9413";"4,7159"
"148,2500";"4,9417";"4,7148"
"148,2600";"4,9420";"4,7132"
"148,2700";"4,9424";"4,7133"
"148,2800";"4,9427";"4,7146"
"148,2900";"4,9431";"4,7158"
"148,3000";"4,9435";"4,7152"
"148,3100";"4,9438";"4,7137"
"148,3200";"4,9443";"4,7137"
"148,3300";"4,9445";"4,7143"
"148,3400";"4,9449";"4,7148"
"148,3500";"4,9451";"4,7157"
"148,3600";"4,9453";"4,7153"
"148,3700";"4,9457";"4,7143"
"148,3800";"4,9459";"4,7141"
"148,3900";"4,9463";"4,7152"
"148,4000";"4,9466";"4,7177"
"148,4100";"4,9470";"4,7173"
"148,4200";"4,9474";"4,7148"
"148,4300";"4,9477";"4,7139"
"148,4400";"4,9481";"4,7157"
"148,4500";"4,9484";"4,7165"
"148,4600";"4,9488";"4,7164"
"148,4700";"4,9491";"4,7167"
"148,4800";"4,9495";"4,7182"
"148,4900";"4,9498";"4,7195"
"148,5000";"4,9502";"4,7181"
"148,5100";"4,9504";"4,7181"
"148,5200";"4,9508";"4,7205"
"148,5300";"4,9511";"4,7231"
"148,5400";"4,9514";"4,7231"
"148,5500";"4,9517";"4,7223"
"148,5600";"4,9520";"4,7216"
"148,5700";"4,9523";"4,7208"
"148,5800";"4,9525";"4,7191"
"148,5900";"4,9529";"4,7183"
"148,6000";"4,9533";"4,7193"
"148,6100";"4,9536";"4,7204"
"148,6200";"4,9540";"4,7214"
"148,6300";"4,9543";"4,7235"
"148,6400";"4,9546";"4,7263"
"148,6500";"4,9549";"4,7290"
"148,6600";"4,9553";"4,7309"
"148,6700";"4,9556";"4,7298"
"148,6800";"4,9560";"4,7255"
"148,6900";"4,9563";"4,7182"
"148,7000";"4,9567";"4,7135"
"148,7100";"4,9569";"4,7176"
"148,7200";"4,9573";"4,7281"
"148,7300";"4,9575";"4,7341"
"148,7400";"4,9579";"4,7321"
"148,7500";"4,9582";"4,7275"
"148,7600";"4,9585";"4,7267"
"148,7700";"4,9588";"4,7309"
"148,7800";"4,9592";"4,7352"
"148,7900";"4,9595";"4,7347"
"148,8000";"4,9599";"4,7298"
"148,8100";"4,9602";"4,7233"
"148,8200";"4,9605";"4,7186"
"148,8300";"4,9609";"4,7169"
"148,8400";"4,9613";"4,7177"
"148,8500";"4,9616";"4,7196"
"148,8600";"4,9619";"4,7221"
"148,8700";"4,9622";"4,7272"
"148,8800";"4,9625";"4,7348"
"148,8900";"4,9628";"4,7409"
"148,9000";"4,9631";"4,7415"
"148,9100";"4,9634";"4,7376"
"148,9200";"4,9638";"4,7328"
"148,9300";"4,9641";"4,7281"
"148,9400";"4,9645";"4,7241"
"148,9500";"4,9649";"4,7227"
"148,9600";"4,9653";"4,7243"
"148,9700";"4,9657";"4,7268"
"148,9800";"4,9660";"4,7285"
"148,9900";"4,9664";"4,7309"
"149,0000";"4,9667";"4,7375"
"149,0100";"4,9671";"4,7449"
"149,0200";"4,9673";"4,7470"
"149,0300";"4,9677";"4,7415"
"149,0400";"4,9679";"4,7370"
"149,0500";"4,9682";"4,7352"
"149,0600";"4,9686";"4,7348"
"149,0700";"4,9690";"4,7333"
"149,0800";"4,9693";"4,7304"
"149,0900";"4,9695";"4,7282"
"149,1000";"4,9700";"4,7293"
"149,1100";"4,9703";"4,7323"
"149,1200";"4,9707";"4,7361"
"149,1300";"4,9711";"4,7398"
"149,1400";"4,9714";"4,7408"
"149,1500";"4,9718";"4,7399"
"149,1600";"4,9721";"4,7383"
"149,1700";"4,9725";"4,7368"
"149,1800";"4,9727";"4,7347"
"149,1900";"4,9731";"4,7323"
"149,2000";"4,9733";"4,7321"
"149,2100";"4,9737";"4,7341"
"149,2200";"4,9739";"4,7368"
"149,2300";"4,9742";"4,7397"
"149,2400";"4,9745";"4,7421"
"149,2500";"4,9749";"4,7431"
"149,2600";"4,9751";"4,7417"
"149,2700";"4,9755";"4,7385"
"149,2800";"4,9757";"4,7363"
"149,2900";"4,9760";"4,7364"
"149,3000";"4,9764";"4,7372"
"149,3100";"4,9767";"4,7385"
"149,3200";"4,9771";"4,7401"
"149,3300";"4,9775";"4,7431"
"149,3400";"4,9778";"4,7453"
"149,3500";"4,9782";"4,7451"
"149,3600";"4,9786";"4,7435"
"149,3700";"4,9790";"4,7420"
"149,3800";"4,9792";"4,7412"
"149,3900";"4,9795";"4,7417"
"149,4000";"4,9798";"4,7450"
"149,4100";"4,9801";"4,7482"
"149,4200";"4,9804";"4,7485"
"149,4300";"4,9806";"4,7459"
"149,4400";"4,9810";"4,7446"
"149,4500";"4,9814";"4,7452"
"149,4600";"4,9817";"4,7466"
"149,4700";"4,9821";"4,7465"
"149,4800";"4,9824";"4,7444"
"149,4900";"4,9828";"4,7447"
"149,5000";"4,9831";"4,7476"
"149,5100";"4,9835";"4,7494"
"149,5200";"4,9840";"4,7489"
"149,5300";"4,9843";"4,7474"
"149,5400";"4,9847";"4,7475"
"149,5500";"4,9849";"4,7489"
"149,5600";"4,9851";"4,7489"
"149,5700";"4,9855";"4,7465"
"149,5800";"4,9857";"4,7443"
"149,5900";"4,9861";"4,7463"
"149,6000";"4,9864";"4,7515"
"149,6100";"4,9868";"4,7561"
"149,6200";"4,9871";"4,7558"
"149,6300";"4,9876";"4,7500"
"149,6400";"4,9880";"4,7457"
"149,6500";"4,9883";"4,7468"
"149,6600";"4,9887";"4,7498"
"149,6700";"4,9890";"4,7504"
"149,6800";"4,9894";"4,7495"
"149,6900";"4,9896";"4,7503"
"149,7000";"4,9900";"4,7527"
"149,7100";"4,9903";"4,7536"
"149,7200";"4,9906";"4,7541"
"149,7300";"4,9909";"4,7560"
"149,7400";"4,9913";"4,7583"
"149,7500";"4,9916";"4,7574"
"149,7600";"4,9920";"4,7534"
"149,7700";"4,9923";"4,7522"
"149,7800";"4,9927";"4,7549"
"149,7900";"4,9930";"4,7587"
"149,8000";"4,9934";"4,7570"
"149,8100";"4,9937";"4,7523"
"149,8200";"4,9941";"4,7508"
"149,8300";"4,9946";"4,7547"
"149,8400";"4,9949";"4,7584"
"149,8500";"4,9952";"4,7586"
"149,8600";"4,9955";"4,7551"
"149,8700";"4,9959";"4,7522"
"149,8800";"4,9962";"4,7538"
"149,8900";"4,9965";"4,7585"
"149,9000";"4,9968";"4,7614"
"149,9100";"4,9971";"4,7597"
"149,9200";"4,9974";"4,7569"
"149,9300";"4,9978";"4,7569"
"149,9400";"4,9980";"4,7617"
"149,9500";"4,9984";"4,7646"
"149,9600";"4,9987";"4,7635"
"149,9700";"4,9991";"4,7606"
"149,9800";"4,9994";"4,7592"
"149,9900";"4,9998";"4,7595"
"150,0000";"5,0001";"4,7602"
"150,0100";"5,0005";"4,7620"
"150,0200";"5,0008";"4,7623"
"150,0300";"5,0012";"4,7621"
"150,0400";"5,0014";"4,7616"
"150,0500";"5,0018";"4,7621"
"150,0600";"5,0020";"4,7638"
"150,0700";"5,0024";"4,7642"
"150,0800";"5,0026";"4,7608"
"150,0900";"5,0030";"4,7574"
"150,1000";"5,0032";"4,7580"
"150,1100";"5,0035";"4,7617"
"150,1200";"5,0039";"4,7645"
"150,1300";"5,0043";"4,7647"
"150,1400";"5,0046";"4,7638"
"150,1500";"5,0048";"4,7651"
"150,1600";"5,0052";"4,7670"
"150,1700";"5,0056";"4,7683"
"150,1800";"5,0059";"4,7690"
"150,1900";"5,0063";"4,7681"
"150,2000";"5,0066";"4,7656"
"150,2100";"5,0070";"4,7648"
"150,2200";"5,0072";"4,7679"
"150,2300";"5,0076";"4,7718"
"150,2400";"5,0079";"4,7720"
"150,2500";"5,0082";"4,7692"
"150,2600";"5,0085";"4,7684"
"150,2700";"5,0089";"4,7698"
"150,2800";"5,0092";"4,7720"
"150,2900";"5,0096";"4,7706"
"150,3000";"5,0099";"4,7678"
"150,3100";"5,0103";"4,7678"
"150,3200";"5,0107";"4,7699"
"150,3300";"5,0111";"4,7711"
"150,3400";"5,0115";"4,7710"
"150,3500";"5,0118";"4,7723"
"150,3600";"5,0120";"4,7723"
"150,3700";"5,0124";"4,7721"
"150,3800";"5,0128";"4,7723"
"150,3900";"5,0131";"4,7725"
"150,4000";"5,0133";"4,7725"
"150,4100";"5,0138";"4,7719"
"150,4200";"5,0141";"4,7716"
"150,4300";"5,0144";"4,7720"
"150,4400";"5,0148";"4,7737"
"150,4500";"5,0151";"4,7748"
"150,4600";"5,0155";"4,7751"
"150,4700";"5,0158";"4,7750"
"150,4800";"5,0162";"4,7747"
"150,4900";"5,0165";"4,7742"
"150,5000";"5,0169";"4,7756"
"150,5100";"5,0172";"4,7777"
"150,5200";"5,0175";"4,7771"
"150,5300";"5,0178";"4,7756"
"150,5400";"5,0181";"4,7751"
"150,5500";"5,0184";"4,7759"
"150,5600";"5,0187";"4,7775"
"150,5700";"5,0189";"4,7787"
"150,5800";"5,0192";"4,7794"
"150,5900";"5,0195";"4,7796"
"150,6000";"5,0198";"4,7783"
"150,6100";"5,0202";"4,7764"
"150,6200";"5,0204";"4,7760"
"150,6300";"5,0208";"4,7777"
"150,6400";"5,0211";"4,7793"
"150,6500";"5,0215";"4,7808"
"150,6600";"5,0218";"4,7818"
"150,6700";"5,0222";"4,7825"
"150,6800";"5,0226";"4,7811"
"150,6900";"5,0229";"4,7784"
"150,7000";"5,0233";"4,7768"
"150,7100";"5,0236";"4,7777"
"150,7200";"5,0240";"4,7814"
"150,7300";"5,0242";"4,7843"
"150,7400";"5,0246";"4,7848"
"150,7500";"5,0248";"4,7853"
"150,7600";"5,0252";"4,7866"
"150,7700";"5,0254";"4,7848"
"150,7800";"5,0257";"4,7820"
"150,7900";"5,0261";"4,7809"
"150,8000";"5,0265";"4,7816"
"150,8100";"5,0268";"4,7831"
"150,8200";"5,0272";"4,7830"
"150,8300";"5,0275";"4,7844"
"150,8400";"5,0279";"4,7865"
"150,8500";"5,0282";"4,7883"
"150,8600";"5,0286";"4,7887"
"150,8700";"5,0289";"4,7881"
"150,8800";"5,0293";"4,7869"
"150,8900";"5,0295";"4,7863"
"150,9000";"5,0298";"4,7855"
"150,9100";"5,0301";"4,7850"
"150,9200";"5,0305";"4,7856"
"150,9300";"5,0307";"4,7865"
"150,9400";"5,0311";"4,7872"
"150,9500";"5,0314";"4,7880"
"150,9600";"5,0318";"4,7897"
"150,9700";"5,0321";"4,7903"
"150,9800";"5,0325";"4,7889"
"150,9900";"5,0328";"4,7878"
"151,0000";"5,0332";"4,7888"
"151,0100";"5,0337";"4,7889"
"151,0200";"5,0339";"4,7881"
"151,0300";"5,0342";"4,7878"
"151,0400";"5,0345";"4,7877"
"151,0500";"5,0348";"4,7887"
"151,0600";"5,0351";"4,7892"
"151,0700";"5,0354";"4,7910"
"151,0800";"5,0358";"4,7927"
"151,0900";"5,0360";"4,7934"
"151,1000";"5,0364";"4,7919"
"151,1100";"5,0367";"4,7911"
"151,1200";"5,0371";"4,7933"
"151,1300";"5,0374";"4,7948"
"151,1400";"5,0379";"4,7936"
"151,1500";"5,0383";"4,7930"
"151,1600";"5,0386";"4,7937"
"151,1700";"5,0390";"4,7950"
"151,1800";"5,0393";"4,7944"
"151,1900";"5,0397";"4,7928"
"151,2000";"5,0400";"4,7931"
"151,2100";"5,0403";"4,7941"
"151,2200";"5,0406";"4,7938"
"151,2300";"5,0410";"4,7941"
"151,2400";"5,0412";"4,7964"
"151,2500";"5,0414";"4,7988"
"151,2600";"5,0418";"4,7983"
"151,2700";"5,0422";"4,7965"
"151,2800";"5,0424";"4,7965"
"151,2900";"5,0427";"4,7978"
"151,3000";"5,0431";"4,7986"
"151,3100";"5,0435";"4,7987"
"151,3200";"5,0438";"4,7987"
"151,3300";"5,0442";"4,7992"
"151,3400";"5,0445";"4,8000"
"151,3500";"5,0449";"4,7999"
"151,3600";"5,0452";"4,7991"
"151,3700";"5,0456";"4,7990"
"151,3800";"5,0459";"4,8002"
"151,3900";"5,0463";"4,8004"
"151,4000";"5,0466";"4,8025"
"151,4100";"5,0469";"4,8024"
"151,4200";"5,0471";"4,8005"
"151,4300";"5,0475";"4,8000"
"151,4400";"5,0477";"4,8025"
"151,4500";"5,0481";"4,8048"
"151,4600";"5,0484";"4,8045"
"151,4700";"5,0488";"4,8022"
"151,4800";"5,0491";"4,8001"
"151,4900";"5,0495";"4,8006"
"151,5000";"5,0498";"4,8024"
"151,5100";"5,0502";"4,8019"
"151,5200";"5,0505";"4,8019"
"151,5300";"5,0509";"4,8057"
"151,5400";"5,0512";"4,8097"
"151,5500";"5,0516";"4,8093"
"151,5600";"5,0520";"4,8075"
"151,5700";"5,0522";"4,8067"
"151,5800";"5,0525";"4,8071"
"151,5900";"5,0528";"4,8062"
"151,6000";"5,0531";"4,8045"
"151,6100";"5,0535";"4,8043"
"151,6200";"5,0538";"4,8064"
"151,6300";"5,0542";"4,8086"
"151,6400";"5,0547";"4,8078"
"151,6500";"5,0550";"4,8071"
"151,6600";"5,0554";"4,8069"
"151,6700";"5,0557";"4,8083"
"151,6800";"5,0562";"4,8110"
"151,6900";"5,0566";"4,8118"
"151,7000";"5,0569";"4,8093"
"151,7100";"5,0571";"4,8076"
"151,7200";"5,0575";"4,8089"
"151,7300";"5,0577";"4,8122"
"151,7400";"5,0581";"4,8141"
"151,7500";"5,0584";"4,8118"
"151,7600";"5,0587";"4,8102"
"151,7700";"5,0590";"4,8109"
"151,7800";"5,0594";"4,8110"
"151,7900";"5,0597";"4,8095"
"151,8000";"5,0602";"4,8092"
"151,8100";"5,0606";"4,8115"
"151,8200";"5,0609";"4,8150"
"151,8300";"5,0613";"4,8151"
"151,8400";"5,0616";"4,8131"
"151,8500";"5,0619";"4,8118"
"151,8600";"5,0622";"4,8129"
"151,8700";"5,0626";"4,8136"
"151,8800";"5,0628";"4,8131"
"151,8900";"5,0632";"4,8139"
"151,9000";"5,0634";"4,8154"
"151,9100";"5,0636";"4,8167"
"151,9200";"5,0640";"4,8162"
"151,9300";"5,0642";"4,8147"
"151,9400";"5,0646";"4,8141"
"151,9500";"5,0649";"4,8144"
"151,9600";"5,0652";"4,8157"
"151,9700";"5,0655";"4,8168"
"151,9800";"5,0659";"4,8174"
"151,9900";"5,0662";"4,8184"
"152,0000";"5,0666";"4,8190"
"152,0100";"5,0669";"4,8197"
"152,0200";"5,0673";"4,8199"
"152,0300";"5,0677";"4,8189"
"152,0400";"5,0680";"4,8167"
"152,0500";"5,0684";"4,8166"
"152,0600";"5,0687";"4,8184"
"152,0700";"5,0690";"4,8192"
"152,0800";"5,0693";"4,8188"
"152,0900";"5,0695";"4,8190"
"152,1000";"5,0699";"4,8214"
"152,1100";"5,0701";"4,8228"
"152,1200";"5,0705";"4,8224"
"152,1300";"5,0708";"4,8205"
"152,1400";"5,0712";"4,8202"
"152,1500";"5,0715";"4,8206"
"152,1600";"5,0719";"4,8199"
"152,1700";"5,0723";"4,8195"
"152,1800";"5,0726";"4,8204"
"152,1900";"5,0730";"4,8209"
"152,2000";"5,0733";"4,8222"
"152,2100";"5,0737";"4,8236"
"152,2200";"5,0740";"4,8258"
"152,2300";"5,0744";"4,8268"
"152,2400";"5,0746";"4,8256"
"152,2500";"5,0750";"4,8240"
"152,2600";"5,0752";"4,8237"
"152,2700";"5,0756";"4,8251"
"152,2800";"5,0759";"4,8266"
"152,2900";"5,0763";"4,8263"
"152,3000";"5,0766";"4,8265"
"152,3100";"5,0770";"4,8270"
"152,3200";"5,0773";"4,8263"
"152,3300";"5,0777";"4,8255"
"152,3400";"5,0780";"4,8259"
"152,3500";"5,0784";"4,8276"
"152,3600";"5,0787";"4,8282"
"152,3700";"5,0790";"4,8282"
"152,3800";"5,0793";"4,8277"
"152,3900";"5,0797";"4,8278"
"152,4000";"5,0799";"4,8295"
"152,4100";"5,0803";"4,8306"
"152,4200";"5,0806";"4,8302"
"152,4300";"5,0809";"4,8304"
"152,4400";"5,0812";"4,8294"
"152,4500";"5,0816";"4,8295"
"152,4600";"5,0819";"4,8308"
"152,4700";"5,0823";"4,8315"
"152,4800";"5,0826";"4,8308"
"152,4900";"5,0830";"4,8303"
"152,5000";"5,0834";"4,8306"
"152,5100";"5,0837";"4,8313"
"152,5200";"5,0841";"4,8314"
"152,5300";"5,0844";"4,8318"
"152,5400";"5,0848";"4,8338"
"152,5500";"5,0851";"4,8347"
"152,5600";"5,0855";"4,8338"
"152,5700";"5,0857";"4,8313"
"152,5800";"5,0860";"4,8302"
"152,5900";"5,0863";"4,8311"
"152,6000";"5,0865";"4,8329"
"152,6100";"5,0869";"4,8333"
"152,6200";"5,0872";"4,8345"
"152,6300";"5,0875";"4,8365"
"152,6400";"5,0878";"4,8375"
"152,6500";"5,0882";"4,8365"
"152,6600";"5,0884";"4,8358"
"152,6700";"5,0888";"4,8351"
"152,6800";"5,0891";"4,8349"
"152,6900";"5,0895";"4,8341"
"152,7000";"5,0898";"4,8353"
"152,7100";"5,0902";"4,8380"
"152,7200";"5,0906";"4,8394"
"152,7300";"5,0909";"4,8392"
"152,7400";"5,0913";"4,8387"
"152,7500";"5,0915";"4,8386"
"152,7600";"5,0919";"4,8378"
"152,7700";"5,0921";"4,8362"
"152,7800";"5,0924";"4,8371"
"152,7900";"5,0928";"4,8393"
"152,8000";"5,0930";"4,8412"
"152,8100";"5,0934";"4,8410"
"152,8200";"5,0937";"4,8398"
"152,8300";"5,0941";"4,8403"
"152,8400";"5,0945";"4,8404"
"152,8500";"5,0949";"4,8402"
"152,8600";"5,0953";"4,8405"
"152,8700";"5,0956";"4,8420"
"152,8800";"5,0960";"4,8446"
"152,8900";"5,0963";"4,8460"
"152,9000";"5,0967";"4,8457"
"152,9100";"5,0969";"4,8456"
"152,9200";"5,0973";"4,8451"
"152,9300";"5,0975";"4,8438"
"152,9400";"5,0979";"4,8437"
"152,9500";"5,0981";"4,8447"
"152,9600";"5,0985";"4,8449"
"152,9700";"5,0988";"4,8448"
"152,9800";"5,0991";"4,8452"
"152,9900";"5,0995";"4,8460"
"153,0000";"5,0999";"4,8458"
"153,0100";"5,1002";"4,8452"
"153,0200";"5,1006";"4,8450"
"153,0300";"5,1009";"4,8464"
"153,0400";"5,1013";"4,8475"
"153,0500";"5,1017";"4,8478"
"153,0600";"5,1019";"4,8475"
"153,0700";"5,1022";"4,8490"
"153,0800";"5,1025";"4,8504"
"153,0900";"5,1028";"4,8496"
"153,1000";"5,1032";"4,8474"
"153,1100";"5,1034";"4,8455"
"153,1200";"5,1038";"4,8472"
"153,1300";"5,1041";"4,8501"
"153,1400";"5,1045";"4,8523"
"153,1500";"5,1048";"4,8539"
"153,1600";"5,1052";"4,8525"
"153,1700";"5,1055";"4,8497"
"153,1800";"5,1060";"4,8481"
"153,1900";"5,1064";"4,8483"
"153,2000";"5,1066";"4,8504"
"153,2100";"5,1070";"4,8513"
"153,2200";"5,1073";"4,8520"
"153,2300";"5,1077";"4,8530"
"153,2400";"5,1080";"4,8545"
"153,2500";"5,1084";"4,8549"
"153,2600";"5,1086";"4,8541"
"153,2700";"5,1090";"4,8523"
"153,2800";"5,1093";"4,8516"
"153,2900";"5,1096";"4,8512"
"153,3000";"5,1099";"4,8520"
"153,3100";"5,1103";"4,8546"
"153,3200";"5,1106";"4,8585"
"153,3300";"5,1110";"4,8599"
"153,3400";"5,1112";"4,8580"
"153,3500";"5,1116";"4,8551"
"153,3600";"5,1119";"4,8542"
"153,3700";"5,1123";"4,8547"
"153,3800";"5,1126";"4,8547"
"153,3900";"5,1131";"4,8553"
"153,4000";"5,1133";"4,8562"
"153,4100";"5,1137";"4,8571"
"153,4200";"5,1140";"4,8586"
"153,4300";"5,1143";"4,8596"
"153,4400";"5,1146";"4,8594"
"153,4500";"5,1149";"4,8588"
"153,4600";"5,1152";"4,8579"
"153,4700";"5,1156";"4,8582"
"153,4800";"5,1159";"4,8605"
"153,4900";"5,1162";"4,8633"
"153,5000";"5,1165";"4,8635"
"153,5100";"5,1169";"4,8621"
"153,5200";"5,1172";"4,8605"
"153,5300";"5,1176";"4,8589"
"153,5400";"5,1181";"4,8575"
"153,5500";"5,1184";"4,8586"
"153,5600";"5,1188";"4,8617"
"153,5700";"5,1191";"4,8639"
"153,5800";"5,1195";"4,8630"
"153,5900";"5,1197";"4,8628"
"153,6000";"5,1200";"4,8633"
"153,6100";"5,1203";"4,8641"
"153,6200";"5,1205";"4,8628"
"153,6300";"5,1209";"4,8601"
"153,6400";"5,1212";"4,8605"
"153,6500";"5,1216";"4,8622"
"153,6600";"5,1220";"4,8644"
"153,6700";"5,1223";"4,8646"
"153,6800";"5,1228";"4,8650"
"153,6900";"5,1231";"4,8654"
"153,7000";"5,1235";"4,8643"
"153,7100";"5,1238";"4,8628"
"153,7200";"5,1242";"4,8636"
"153,7300";"5,1244";"4,8654"
"153,7400";"5,1248";"4,8674"
"153,7500";"5,1251";"4,8684"
"153,7600";"5,1254";"4,8687"
"153,7700";"5,1257";"4,8696"
"153,7800";"5,1260";"4,8702"
"153,7900";"5,1263";"4,8705"
"153,8000";"5,1267";"4,8705"
"153,8100";"5,1270";"4,8694"
"153,8200";"5,1274";"4,8685"
"153,8300";"5,1277";"4,8691"
"153,8400";"5,1281";"4,8719"
"153,8500";"5,1285";"4,8748"
"153,8600";"5,1288";"4,8750"
"153,8700";"5,1292";"4,8729"
"153,8800";"5,1295";"4,8721"
"153,8900";"5,1299";"4,8729"
"153,9000";"5,1302";"4,8732"
"153,9100";"5,1305";"4,8723"
"153,9200";"5,1308";"4,8705"
"153,9300";"5,1310";"4,8720"
"153,9400";"5,1314";"4,8740"
"153,9500";"5,1316";"4,8738"
"153,9600";"5,1319";"4,8731"
"153,9700";"5,1322";"4,8729"
"153,9800";"5,1326";"4,8718"
"153,9900";"5,1329";"4,8716"
"154,0000";"5,1333";"4,8731"
"154,0100";"5,1335";"4,8742"
"154,0200";"5,1339";"4,8753"
"154,0300";"5,1342";"4,8760"
"154,0400";"5,1346";"4,8761"
"154,0500";"5,1349";"4,8780"
"154,0600";"5,1353";"4,8792"
"154,0700";"5,1357";"4,8780"
"154,0800";"5,1360";"4,8764"
"154,0900";"5,1362";"4,8759"
"154,1000";"5,1366";"4,8766"
"154,1100";"5,1368";"4,8779"
"154,1200";"5,1371";"4,8796"
"154,1300";"5,1374";"4,8807"
"154,1400";"5,1378";"4,8811"
"154,1500";"5,1380";"4,8798"
"154,1600";"5,1385";"4,8787"
"154,1700";"5,1388";"4,8789"
"154,1800";"5,1392";"4,8801"
"154,1900";"5,1395";"4,8794"
"154,2000";"5,1399";"4,8793"
"154,2100";"5,1403";"4,8809"
"154,2200";"5,1407";"4,8821"
"154,2300";"5,1411";"4,8833"
"154,2400";"5,1414";"4,8842"
"154,2500";"5,1418";"4,8843"
"154,2600";"5,1420";"4,8841"
"154,2700";"5,1424";"4,8825"
"154,2800";"5,1426";"4,8822"
"154,2900";"5,1430";"4,8853"
"154,3000";"5,1432";"4,8887"
"154,3100";"5,1436";"4,8889"
"154,3200";"5,1439";"4,8864"
"154,3300";"5,1443";"4,8841"
"154,3400";"5,1446";"4,8843"
"154,3500";"5,1450";"4,8853"
"154,3600";"5,1453";"4,8847"
"154,3700";"5,1457";"4,8834"
"154,3800";"5,1460";"4,8839"
"154,3900";"5,1464";"4,8856"
"154,4000";"5,1467";"4,8860"
"154,4100";"5,1471";"4,8861"
"154,4200";"5,1473";"4,8873"
"154,4300";"5,1477";"4,8881"
"154,4400";"5,1480";"4,8872"
"154,4500";"5,1483";"4,8857"
"154,4600";"5,1486";"4,8852"
"154,4700";"5,1489";"4,8866"
"154,4800";"5,1492";"4,8891"
"154,4900";"5,1496";"4,8908"
"154,5000";"5,1499";"4,8907"
"154,5100";"5,1503";"4,8903"
"154,5200";"5,1506";"4,8900"
"154,5300";"5,1510";"4,8907"
"154,5400";"5,1514";"4,8913"
"154,5500";"5,1517";"4,8909"
"154,5600";"5,1521";"4,8897"
"154,5700";"5,1524";"4,8902"
"154,5800";"5,1528";"4,8909"
"154,5900";"5,1530";"4,8920"
"154,6000";"5,1534";"4,8929"
"154,6100";"5,1536";"4,8926"
"154,6200";"5,1538";"4,8929"
"154,6300";"5,1542";"4,8921"
"154,6400";"5,1544";"4,8906"
"154,6500";"5,1548";"4,8911"
"154,6600";"5,1551";"4,8931"
"154,6700";"5,1555";"4,8949"
"154,6800";"5,1557";"4,8955"
"154,6900";"5,1561";"4,8948"
"154,7000";"5,1564";"4,8944"
"154,7100";"5,1568";"4,8951"
"154,7200";"5,1571";"4,8941"
"154,7300";"5,1575";"4,8928"
"154,7400";"5,1578";"4,8939"
"154,7500";"5,1582";"4,8968"
"154,7600";"5,1586";"4,8986"
"154,7700";"5,1589";"4,8993"
"154,7800";"5,1591";"4,8999"
"154,7900";"5,1595";"4,9002"
"154,8000";"5,1597";"4,8995"
"154,8100";"5,1601";"4,8983"
"154,8200";"5,1603";"4,8977"
"154,8300";"5,1607";"4,8974"
"154,8400";"5,1610";"4,8978"
"154,8500";"5,1614";"4,8987"
"154,8600";"5,1617";"4,9003"
"154,8700";"5,1621";"4,9001"
"154,8800";"5,1625";"4,8993"
"154,8900";"5,1628";"4,8978"
"154,9000";"5,1632";"4,8994"
"154,9100";"5,1635";"4,9009"
"154,9200";"5,1639";"4,9007"
"154,9300";"5,1642";"4,9009"
"154,9400";"5,1646";"4,9020"
"154,9500";"5,1649";"4,9017"
"154,9600";"5,1652";"4,9008"
"154,9700";"5,1654";"4,8997"
"154,9800";"5,1658";"4,8996"
"154,9900";"5,1661";"4,9004"
"155,0000";"5,1665";"4,9020"
"155,0100";"5,1667";"4,9025"
"155,0200";"5,1671";"4,9030"
"155,0300";"5,1675";"4,9054"
"155,0400";"5,1679";"4,9066"
"155,0500";"5,1682";"4,9054"
"155,0600";"5,1686";"4,9039"
"155,0700";"5,1689";"4,9032"
"155,0800";"5,1693";"4,9023"
"155,0900";"5,1695";"4,9027"
"155,1000";"5,1699";"4,9053"
"155,1100";"5,1701";"4,9081"
"155,1200";"5,1705";"4,9087"
"155,1300";"5,1708";"4,9073"
"155,1400";"5,1711";"4,9065"
"155,1500";"5,1714";"4,9076"
"155,1600";"5,1718";"4,9074"
"155,1700";"5,1721";"4,9063"
"155,1800";"5,1725";"4,9049"
"155,1900";"5,1730";"4,9051"
"155,2000";"5,1733";"4,9067"
"155,2100";"5,1737";"4,9086"
"155,2200";"5,1741";"4,9100"
"155,2300";"5,1745";"4,9103"
"155,2400";"5,1748";"4,9104"
"155,2500";"5,1752";"4,9105"
"155,2600";"5,1754";"4,9105"
"155,2700";"5,1758";"4,9110"
"155,2800";"5,1761";"4,9119"
"155,2900";"5,1764";"4,9121"
"155,3000";"5,1767";"4,9122"
"155,3100";"5,1770";"4,9146"
"155,3200";"5,1773";"4,9171"
"155,3300";"5,1777";"4,9171"
"155,3400";"5,1780";"4,9164"
"155,3500";"5,1783";"4,9173"
"155,3600";"5,1786";"4,9188"
"155,3700";"5,1790";"4,9188"
"155,3800";"5,1793";"4,9170"
"155,3900";"5,1797";"4,9153"
"155,4000";"5,1800";"4,9154"
"155,4100";"5,1804";"4,9142"
"155,4200";"5,1807";"4,9119"
"155,4300";"5,1811";"4,9119"
"155,4400";"5,1813";"4,9135"
"155,4500";"5,1817";"4,9149"
"155,4600";"5,1819";"4,9152"
"155,4700";"5,1823";"4,9152"
"155,4800";"5,1825";"4,9140"
"155,4900";"5,1829";"4,9137"
"155,5000";"5,1832";"4,9147"
"155,5100";"5,1836";"4,9159"
"155,5200";"5,1839";"4,9172"
"155,5300";"5,1843";"4,9179"
"155,5400";"5,1846";"4,9175"
"155,5500";"5,1850";"4,9182"
"155,5600";"5,1852";"4,9190"
"155,5700";"5,1856";"4,9192"
"155,5800";"5,1859";"4,9199"
"155,5900";"5,1864";"4,9215"
"155,6000";"5,1867";"4,9220"
"155,6100";"5,1871";"4,9213"
"155,6200";"5,1874";"4,9202"
"155,6300";"5,1877";"4,9206"
"155,6400";"5,1880";"4,9233"
"155,6500";"5,1883";"4,9237"
"155,6600";"5,1885";"4,9202"
"155,6700";"5,1890";"4,9193"
"155,6800";"5,1892";"4,9215"
"155,6900";"5,1896";"4,9243"
"155,7000";"5,1901";"4,9246"
"155,7100";"5,1904";"4,9228"
"155,7200";"5,1908";"4,9227"
"155,7300";"5,1911";"4,9240"
"155,7400";"5,1915";"4,9255"
"155,7500";"5,1918";"4,9257"
"155,7600";"5,1921";"4,9253"
"155,7700";"5,1924";"4,9251"
"155,7800";"5,1928";"4,9258"
"155,7900";"5,1930";"4,9271"
"155,8000";"5,1934";"4,9280"
"155,8100";"5,1937";"4,9283"
"155,8200";"5,1940";"4,9270"
"155,8300";"5,1943";"4,9256"
"155,8400";"5,1947";"4,9264"
"155,8500";"5,1950";"4,9280"
"155,8600";"5,1954";"4,9280"
"155,8700";"5,1957";"4,9268"
"155,8800";"5,1961";"4,9266"
"155,8900";"5,1965";"4,9267"
"155,9000";"5,1968";"4,9265"
"155,9100";"5,1972";"4,9280"
"155,9200";"5,1975";"4,9290"
"155,9300";"5,1979";"4,9295"
"155,9400";"5,1982";"4,9299"
"155,9500";"5,1985";"4,9306"
"155,9600";"5,1987";"4,9333"
"155,9700";"5,1989";"4,9345"
"155,9800";"5,1993";"4,9340"
"155,9900";"5,1996";"4,9323"
"156,0000";"5,1999";"4,9320"
"156,0100";"5,2002";"4,9311"
"156,0200";"5,2006";"4,9298"
"156,0300";"5,2009";"4,9294"
"156,0400";"5,2012";"4,9301"
"156,0500";"5,2015";"4,9325"
"156,0600";"5,2019";"4,9355"
"156,0700";"5,2022";"4,9361"
"156,0800";"5,2026";"4,9354"
"156,0900";"5,2029";"4,9343"
"156,1000";"5,2033";"4,9316"
"156,1100";"5,2037";"4,9295"
"156,1200";"5,2039";"4,9303"
"156,1300";"5,2042";"4,9325"
"156,1400";"5,2045";"4,9340"
"156,1500";"5,2047";"4,9332"
"156,1600";"5,2051";"4,9337"
"156,1700";"5,2054";"4,9361"
"156,1800";"5,2058";"4,9375"
"156,1900";"5,2061";"4,9372"
"156,2000";"5,2065";"4,9385"
"156,2100";"5,2068";"4,9405"
"156,2200";"5,2072";"4,9416"
"156,2300";"5,2075";"4,9409"
"156,2400";"5,2079";"4,9392"
"156,2500";"5,2083";"4,9388"
"156,2600";"5,2086";"4,9384"
"156,2700";"5,2090";"4,9380"
"156,2800";"5,2093";"4,9382"
"156,2900";"5,2097";"4,9393"
"156,3000";"5,2099";"4,9409"
"156,3100";"5,2103";"4,9435"
"156,3200";"5,2105";"4,9447"
"156,3300";"5,2109";"4,9444"
"156,3400";"5,2112";"4,9439"
"156,3500";"5,2116";"4,9422"
"156,3600";"5,2119";"4,9416"
"156,3700";"5,2123";"4,9411"
"156,3800";"5,2126";"4,9413"
"156,3900";"5,2130";"4,9420"
"156,4000";"5,2133";"4,9437"
"156,4100";"5,2137";"4,9447"
"156,4200";"5,2140";"4,9435"
"156,4300";"5,2144";"4,9417"
"156,4400";"5,2147";"4,9424"
"156,4500";"5,2150";"4,9450"
"156,4600";"5,2153";"4,9462"
"156,4700";"5,2156";"4,9450"
"156,4800";"5,2158";"4,9454"
"156,4900";"5,2162";"4,9469"
"156,5000";"5,2164";"4,9479"
"156,5100";"5,2168";"4,9462"
"156,5200";"5,2171";"4,9427"
"156,5300";"5,2175";"4,9415"
"156,5400";"5,2178";"4,9418"
"156,5500";"5,2182";"4,9429"
"156,5600";"5,2185";"4,9455"
"156,5700";"5,2189";"4,9485"
"156,5800";"5,2192";"4,9504"
"156,5900";"5,2196";"4,9507"
"156,6000";"5,2199";"4,9496"
"156,6100";"5,2203";"4,9492"
"156,6200";"5,2207";"4,9503"
"156,6300";"5,2210";"4,9496"
"156,6400";"5,2214";"4,9488"
"156,6500";"5,2216";"4,9497"
"156,6600";"5,2220";"4,9526"
"156,6700";"5,2222";"4,9540"
"156,6800";"5,2225";"4,9528"
"156,6900";"5,2229";"4,9514"
"156,7000";"5,2232";"4,9520"
"156,7100";"5,2236";"4,9523"
"156,7200";"5,2240";"4,9524"
"156,7300";"5,2243";"4,9516"
"156,7400";"5,2247";"4,9522"
"156,7500";"5,2250";"4,9532"
"156,7600";"5,2254";"4,9537"
"156,7700";"5,2257";"4,9534"
"156,7800";"5,2260";"4,9533"
"156,7900";"5,2263";"4,9532"
"156,8000";"5,2266";"4,9530"
"156,8100";"5,2269";"4,9533"
"156,8200";"5,2271";"4,9537"
"156,8300";"5,2275";"4,9548"
"156,8400";"5,2277";"4,9554"
"156,8500";"5,2281";"4,9566"
"156,8600";"5,2284";"4,9578"
"156,8700";"5,2288";"4,9574"
"156,8800";"5,2292";"4,9571"
"156,8900";"5,2295";"4,9581"
"156,9000";"5,2297";"4,9594"
"156,9100";"5,2302";"4,9604"
"156,9200";"5,2305";"4,9597"
"156,9300";"5,2308";"4,9594"
"156,9400";"5,2312";"4,9594"
"156,9500";"5,2315";"4,9593"
"156,9600";"5,2319";"4,9581"
"156,9700";"5,2322";"4,9552"
"156,9800";"5,2326";"4,9548"
"156,9900";"5,2328";"4,9583"
"157,0000";"5,2330";"4,9619"
"157,0100";"5,2334";"4,9628"
"157,0200";"5,2338";"4,9619"
"157,0300";"5,2341";"4,9599"
"157,0400";"5,2345";"4,9586"
"157,0500";"5,2348";"4,9584"
"157,0600";"5,2352";"4,9591"
"157,0700";"5,2355";"4,9600"
"157,0800";"5,2360";"4,9609"
"157,0900";"5,2364";"4,9632"
"157,1000";"5,2367";"4,9661"
"157,1100";"5,2371";"4,9666"
"157,1200";"5,2374";"4,9632"
"157,1300";"5,2378";"4,9596"
"157,1400";"5,2380";"4,9592"
"157,1500";"5,2384";"4,9621"
"157,1600";"5,2387";"4,9647"
"157,1700";"5,2390";"4,9664"
"157,1800";"5,2393";"4,9681"
"157,1900";"5,2397";"4,9692"
"157,2000";"5,2400";"4,9686"
"157,2100";"5,2404";"4,9664"
"157,2200";"5,2407";"4,9654"
"157,2300";"5,2412";"4,9651"
"157,2400";"5,2415";"4,9651"
"157,2500";"5,2419";"4,9652"
"157,2600";"5,2423";"4,9693"
"157,2700";"5,2426";"4,9725"
"157,2800";"5,2428";"4,9728"
"157,2900";"5,2432";"4,9706"
"157,3000";"5,2436";"4,9677"
"157,3100";"5,2438";"4,9669"
"157,3200";"5,2441";"4,9682"
"157,3300";"5,2444";"4,9689"
"157,3400";"5,2447";"4,9708"
"157,3500";"5,2450";"4,9723"
"157,3600";"5,2453";"4,9730"
"157,3700";"5,2457";"4,9733"
"157,3800";"5,2459";"4,9736"
"157,3900";"5,2463";"4,9731"
"157,4000";"5,2466";"4,9702"
"157,4100";"5,2470";"4,9676"
"157,4200";"5,2473";"4,9677"
"157,4300";"5,2477";"4,9706"
"157,4400";"5,2480";"4,9743"
"157,4500";"5,2484";"4,9758"
"157,4600";"5,2487";"4,9745"
"157,4700";"5,2491";"4,9738"
"157,4800";"5,2493";"4,9750"
"157,4900";"5,2496";"4,9753"
"157,5000";"5,2499";"4,9747"
"157,5100";"5,2502";"4,9732"
"157,5200";"5,2505";"4,9737"
"157,5300";"5,2508";"4,9761"
"157,5400";"5,2511";"4,9779"
"157,5500";"5,2515";"4,9794"
"157,5600";"5,2518";"4,9790"
"157,5700";"5,2522";"4,9760"
"157,5800";"5,2525";"4,9743"
"157,5900";"5,2529";"4,9732"
"157,6000";"5,2532";"4,9743"
"157,6100";"5,2537";"4,9766"
"157,6200";"5,2541";"4,9784"
"157,6300";"5,2544";"4,9800"
"157,6400";"5,2548";"4,9808"
"157,6500";"5,2550";"4,9798"
"157,6600";"5,2554";"4,9796"
"157,6700";"5,2556";"4,9801"
"157,6800";"5,2560";"4,9797"
"157,6900";"5,2563";"4,9788"
"157,7000";"5,2567";"4,9788"
"157,7100";"5,2570";"4,9811"
"157,7200";"5,2574";"4,9844"
"157,7300";"5,2577";"4,9847"
"157,7400";"5,2581";"4,9823"
"157,7500";"5,2584";"4,9812"
"157,7600";"5,2588";"4,9812"
"157,7700";"5,2591";"4,9821"
"157,7800";"5,2595";"4,9839"
"157,7900";"5,2598";"4,9847"
"157,8000";"5,2601";"4,9854"
"157,8100";"5,2603";"4,9855"
"157,8200";"5,2607";"4,9848"
"157,8300";"5,2609";"4,9849"
"157,8400";"5,2613";"4,9844"
"157,8500";"5,2616";"4,9829"
"157,8600";"5,2620";"4,9831"
"157,8700";"5,2623";"4,9858"
"157,8800";"5,2627";"4,9875"
"157,8900";"5,2630";"4,9867"
"157,9000";"5,2634";"4,9844"
"157,9100";"5,2637";"4,9832"
"157,9200";"5,2641";"4,9844"
"157,9300";"5,2645";"4,9848"
"157,9400";"5,2648";"4,9845"
"157,9500";"5,2652";"4,9850"
"157,9600";"5,2655";"4,9874"
"157,9700";"5,2659";"4,9889"
"157,9800";"5,2662";"4,9882"
"157,9900";"5,2665";"4,9871"
"158,0000";"5,2667";"4,9881"
"158,0100";"5,2669";"4,9897"
"158,0200";"5,2673";"4,9895"
"158,0300";"5,2676";"4,9893"
"158,0400";"5,2679";"4,9894"
"158,0500";"5,2682";"4,9903"
"158,0600";"5,2686";"4,9908"
"158,0700";"5,2689";"4,9904"
"158,0800";"5,2692";"4,9898"
"158,0900";"5,2695";"4,9894"
"158,1000";"5,2699";"4,9899"
"158,1100";"5,2701";"4,9908"
"158,1200";"5,2705";"4,9921"
"158,1300";"5,2708";"4,9926"
"158,1400";"5,2712";"4,9922"
"158,1500";"5,2715";"4,9923"
"158,1600";"5,2718";"4,9942"
"158,1700";"5,2720";"4,9955"
"158,1800";"5,2724";"4,9948"
"158,1900";"5,2727";"4,9928"
"158,2000";"5,2730";"4,9924"
"158,2100";"5,2733";"4,9936"
"158,2200";"5,2737";"4,9954"
"158,2300";"5,2740";"4,9976"
"158,2400";"5,2744";"4,9982"
"158,2500";"5,2748";"4,9966"
"158,2600";"5,2752";"4,9938"
"158,2700";"5,2755";"4,9938"
"158,2800";"5,2759";"4,9959"
"158,2900";"5,2763";"4,9972"
"158,3000";"5,2766";"4,9968"
"158,3100";"5,2770";"4,9976"
"158,3200";"5,2773";"5,0000"
"158,3300";"5,2776";"5,0007"
"158,3400";"5,2778";"4,9998"
"158,3500";"5,2781";"4,9988"
"158,3600";"5,2784";"4,9996"
"158,3700";"5,2787";"5,0010"
"158,3800";"5,2791";"5,0008"
"158,3900";"5,2794";"4,9997"
"158,4000";"5,2798";"5,0009"
"158,4100";"5,2802";"5,0031"
"158,4200";"5,2806";"5,0041"
"158,4300";"5,2810";"5,0027"
"158,4400";"5,2813";"5,0022"
"158,4500";"5,2817";"5,0033"
"158,4600";"5,2820";"5,0044"
"158,4700";"5,2824";"5,0036"
"158,4800";"5,2827";"5,0023"
"158,4900";"5,2831";"5,0042"
"158,5000";"5,2833";"5,0053"
"158,5100";"5,2836";"5,0038"
"158,5200";"5,2839";"5,0017"
"158,5300";"5,2843";"5,0021"
"158,5400";"5,2845";"5,0039"
"158,5500";"5,2849";"5,0064"
"158,5600";"5,2852";"5,0087"
"158,5700";"5,2856";"5,0083"
"158,5800";"5,2859";"5,0060"
"158,5900";"5,2864";"5,0045"
"158,6000";"5,2868";"5,0048"
"158,6100";"5,2871";"5,0060"
"158,6200";"5,2875";"5,0072"
"158,6300";"5,2878";"5,0080"
"158,6400";"5,2882";"5,0100"
"158,6500";"5,2884";"5,0115"
"158,6600";"5,2888";"5,0097"
"158,6700";"5,2890";"5,0059"
"158,6800";"5,2892";"5,0044"
"158,6900";"5,2896";"5,0063"
"158,7000";"5,2898";"5,0095"
"158,7100";"5,2902";"5,0112"
"158,7200";"5,2904";"5,0104"
"158,7300";"5,2908";"5,0106"
"158,7400";"5,2911";"5,0113"
"158,7500";"5,2915";"5,0100"
"158,7600";"5,2918";"5,0078"
"158,7700";"5,2922";"5,0070"
"158,7800";"5,2925";"5,0087"
"158,7900";"5,2929";"5,0113"
"158,8000";"5,2933";"5,0136"
"158,8100";"5,2936";"5,0154"
"158,8200";"5,2940";"5,0151"
"158,8300";"5,2943";"5,0161"
"158,8400";"5,2946";"5,0159"
"158,8500";"5,2948";"5,0149"
"158,8600";"5,2951";"5,0136"
"158,8700";"5,2955";"5,0122"
"158,8800";"5,2957";"5,0142"
"158,8900";"5,2961";"5,0170"
"158,9000";"5,2964";"5,0178"
"158,9100";"5,2968";"5,0165"
"158,9200";"5,2972";"5,0163"
"158,9300";"5,2975";"5,0178"
"158,9400";"5,2979";"5,0191"
"158,9500";"5,2982";"5,0164"
"158,9600";"5,2986";"5,0144"
"158,9700";"5,2989";"5,0156"
"158,9800";"5,2993";"5,0186"
"158,9900";"5,2995";"5,0193"
"159,0000";"5,2999";"5,0178"
"159,0100";"5,3001";"5,0167"
"159,0200";"5,3005";"5,0170"
"159,0300";"5,3007";"5,0178"
"159,0400";"5,3010";"5,0177"
"159,0500";"5,3014";"5,0179"
"159,0600";"5,3018";"5,0193"
"159,0700";"5,3022";"5,0219"
"159,0800";"5,3026";"5,0235"
"159,0900";"5,3029";"5,0231"
"159,1000";"5,3033";"5,0211"
"159,1100";"5,3038";"5,0193"
"159,1200";"5,3041";"5,0192"
"159,1300";"5,3045";"5,0206"
"159,1400";"5,3048";"5,0208"
"159,1500";"5,3052";"5,0203"
"159,1600";"5,3054";"5,0213"
"159,1700";"5,3058";"5,0231"
"159,1800";"5,3060";"5,0244"
"159,1900";"5,3064";"5,0236"
"159,2000";"5,3066";"5,0210"
"159,2100";"5,3070";"5,0205"
"159,2200";"5,3073";"5,0228"
"159,2300";"5,3077";"5,0248"
"159,2400";"5,3080";"5,0251"
"159,2500";"5,3084";"5,0247"
"159,2600";"5,3087";"5,0265"
"159,2700";"5,3092";"5,0290"
"159,2800";"5,3095";"5,0297"
"159,2900";"5,3099";"5,0279"
"159,3000";"5,3103";"5,0262"
"159,3100";"5,3106";"5,0258"
"159,3200";"5,3108";"5,0271"
"159,3300";"5,3112";"5,0285"
"159,3400";"5,3114";"5,0308"
"159,3500";"5,3117";"5,0310"
"159,3600";"5,3120";"5,0307"
"159,3700";"5,3123";"5,0306"
"159,3800";"5,3126";"5,0310"
"159,3900";"5,3130";"5,0306"
"159,4000";"5,3133";"5,0308"
"159,4100";"5,3136";"5,0312"
"159,4200";"5,3139";"5,0322"
"159,4300";"5,3143";"5,0308"
"159,4400";"5,3146";"5,0289"
"159,4500";"5,3150";"5,0289"
"159,4600";"5,3153";"5,0316"
"159,4700";"5,3157";"5,0325"
"159,4800";"5,3160";"5,0321"
"159,4900";"5,3164";"5,0313"
"159,5000";"5,3167";"5,0325"
"159,5100";"5,3170";"5,0330"
"159,5200";"5,3173";"5,0324"
"159,5300";"5,3176";"5,0312"
"159,5400";"5,3179";"5,0314"
"159,5500";"5,3182";"5,0341"
"159,5600";"5,3185";"5,0374"
"159,5700";"5,3189";"5,0404"
"159,5800";"5,3192";"5,0399"
"159,5900";"5,3196";"5,0363"
"159,6000";"5,3199";"5,0345"
"159,6100";"5,3203";"5,0339"
"159,6200";"5,3205";"5,0337"
"159,6300";"5,3209";"5,0348"
"159,6400";"5,3212";"5,0354"
"159,6500";"5,3216";"5,0357"
"159,6600";"5,3219";"5,0379"
"159,6700";"5,3223";"5,0404"
"159,6800";"5,3225";"5,0395"
"159,6900";"5,3229";"5,0378"
"159,7000";"5,3232";"5,0383"
"159,7100";"5,3236";"5,0401"
"159,7200";"5,3238";"5,0399"
"159,7300";"5,3242";"5,0385"
"159,7400";"5,3245";"5,0386"
"159,7500";"5,3249";"5,0394"
"159,7600";"5,3252";"5,0402"
"159,7700";"5,3256";"5,0393"
"159,7800";"5,3261";"5,0379"
"159,7900";"5,3264";"5,0389"
"159,8000";"5,3268";"5,0406"
"159,8100";"5,3270";"5,0401"
"159,8200";"5,3274";"5,0392"
"159,8300";"5,3277";"5,0398"
"159,8400";"5,3280";"5,0411"
"159,8500";"5,3283";"5,0434"
"159,8600";"5,3287";"5,0442"
"159,8700";"5,3289";"5,0420"
"159,8800";"5,3293";"5,0406"
"159,8900";"5,3296";"5,0407"
"159,9000";"5,3300";"5,0416"
"159,9100";"5,3303";"5,0428"
"159,9200";"5,3307";"5,0440"
"159,9300";"5,3310";"5,0446"
"159,9400";"5,3314";"5,0454"
"159,9500";"5,3317";"5,0464"
"159,9600";"5,3322";"5,0455"
"159,9700";"5,3326";"5,0431"
"159,9800";"5,3328";"5,0410"
"159,9900";"5,3332";"5,0436"
"160,0000";"5,3335";"5,0475"
"160,0100";"5,3339";"5,0482"
"160,0200";"5,3341";"5,0481"
"160,0300";"5,3343";"5,0479"
"160,0400";"5,3347";"5,0470"
"160,0500";"5,3349";"5,0461"
"160,0600";"5,3353";"5,0454"
"160,0700";"5,3355";"5,0458"
"160,0800";"5,3359";"5,0470"
"160,0900";"5,3361";"5,0494"
"160,1000";"5,3365";"5,0515"
"160,1100";"5,3368";"5,0524"
"160,1200";"5,3372";"5,0521"
"160,1300";"5,3375";"5,0507"
"160,1400";"5,3379";"5,0475"
"160,1500";"5,3382";"5,0466"
"160,1600";"5,3386";"5,0477"
"160,1700";"5,3389";"5,0494"
"160,1800";"5,3393";"5,0516"
"160,1900";"5,3395";"5,0533"
"160,2000";"5,3399";"5,0550"
"160,2100";"5,3401";"5,0544"
"160,2200";"5,3405";"5,0534"
"160,2300";"5,3408";"5,0531"
"160,2400";"5,3411";"5,0541"
"160,2500";"5,3414";"5,0534"
"160,2600";"5,3418";"5,0530"
"160,2700";"5,3421";"5,0536"
"160,2800";"5,3425";"5,0550"
"160,2900";"5,3428";"5,0547"
"160,3000";"5,3432";"5,0527"
"160,3100";"5,3435";"5,0508"
"160,3200";"5,3439";"5,0504"
"160,3300";"5,3441";"5,0518"
"160,3400";"5,3445";"5,0548"
"160,3500";"5,3447";"5,0583"
"160,3600";"5,3451";"5,0591"
"160,3700";"5,3453";"5,0593"
"160,3800";"5,3457";"5,0593"
"160,3900";"5,3460";"5,0588"
"160,4000";"5,3464";"5,0589"
"160,4100";"5,3467";"5,0590"
"160,4200";"5,3471";"5,0590"
"160,4300";"5,3476";"5,0603"
"160,4400";"5,3479";"5,0625"
"160,4500";"5,3483";"5,0622"
"160,4600";"5,3487";"5,0594"
"160,4700";"5,3491";"5,0589"
"160,4800";"5,3495";"5,0598"
"160,4900";"5,3498";"5,0604"
"160,5000";"5,3500";"5,0588"
"160,5100";"5,3503";"5,0583"
"160,5200";"5,3506";"5,0594"
"160,5300";"5,3510";"5,0607"
"160,5400";"5,3512";"5,0600"
"160,5500";"5,3516";"5,0591"
"160,5600";"5,3519";"5,0594"
"160,5700";"5,3522";"5,0606"
"160,5800";"5,3525";"5,0609"
"160,5900";"5,3529";"5,0612"
"160,6000";"5,3532";"5,0609"
"160,6100";"5,3537";"5,0618"
"160,6200";"5,3541";"5,0625"
"160,6300";"5,3544";"5,0627"
"160,6400";"5,3548";"5,0638"
"160,6500";"5,3551";"5,0649"
"160,6600";"5,3555";"5,0654"
"160,6700";"5,3558";"5,0656"
"160,6800";"5,3562";"5,0664"
"160,6900";"5,3564";"5,0670"
"160,7000";"5,3567";"5,0661"
"160,7100";"5,3569";"5,0658"
"160,7200";"5,3572";"5,0674"
"160,7300";"5,3575";"5,0681"
"160,7400";"5,3578";"5,0686"
"160,7500";"5,3582";"5,0694"
"160,7600";"5,3584";"5,0705"
"160,7700";"5,3588";"5,0707"
"160,7800";"5,3591";"5,0683"
"160,7900";"5,3595";"5,0659"
"160,8000";"5,3598";"5,0676"
"160,8100";"5,3602";"5,0703"
"160,8200";"5,3605";"5,0707"
"160,8300";"5,3609";"5,0685"
"160,8400";"5,3613";"5,0683"
"160,8500";"5,3615";"5,0700"
"160,8600";"5,3618";"5,0720"
"160,8700";"5,3621";"5,0737"
"160,8800";"5,3624";"5,0733"
"160,8900";"5,3628";"5,0730"
"160,9000";"5,3630";"5,0721"
"160,9100";"5,3635";"5,0728"
"160,9200";"5,3637";"5,0744"
"160,9300";"5,3642";"5,0758"
"160,9400";"5,3646";"5,0763"
"160,9500";"5,3649";"5,0753"
"160,9600";"5,3653";"5,0736"
"160,9700";"5,3656";"5,0729"
"160,9800";"5,3660";"5,0721"
"160,9900";"5,3663";"5,0716"
"161,0000";"5,3667";"5,0710"
"161,0100";"5,3670";"5,0719"
"161,0200";"5,3673";"5,0724"
"161,0300";"5,3676";"5,0739"
"161,0400";"5,3679";"5,0774"
"161,0500";"5,3682";"5,0798"
"161,0600";"5,3686";"5,0793"
"161,0700";"5,3689";"5,0772"
"161,0800";"5,3693";"5,0766"
"161,0900";"5,3696";"5,0785"
"161,1000";"5,3700";"5,0807"
"161,1100";"5,3703";"5,0808"
"161,1200";"5,3708";"5,0816"
"161,1300";"5,3712";"5,0830"
"161,1400";"5,3716";"5,0829"
"161,1500";"5,3720";"5,0827"
"161,1600";"5,3722";"5,0838"
"161,1700";"5,3725";"5,0850"
"161,1800";"5,3728";"5,0849"
"161,1900";"5,3731";"5,0847"
"161,2000";"5,3734";"5,0840"
"161,2100";"5,3737";"5,0838"
"161,2200";"5,3740";"5,0846"
"161,2300";"5,3744";"5,0841"
"161,2400";"5,3746";"5,0829"
"161,2500";"5,3751";"5,0833"
"161,2600";"5,3754";"5,0845"
"161,2700";"5,3758";"5,0864"
"161,2800";"5,3761";"5,0879"
"161,2900";"5,3765";"5,0871"
"161,3000";"5,3768";"5,0857"
"161,3100";"5,3772";"5,0828"
"161,3200";"5,3775";"5,0801"
"161,3300";"5,3778";"5,0794"
"161,3400";"5,3781";"5,0816"
"161,3500";"5,3785";"5,0842"
"161,3600";"5,3787";"5,0863"
"161,3700";"5,3790";"5,0878"
"161,3800";"5,3793";"5,0882"
"161,3900";"5,3796";"5,0883"
"161,4000";"5,3799";"5,0894"
"161,4100";"5,3801";"5,0891"
"161,4200";"5,3805";"5,0879"
"161,4300";"5,3809";"5,0873"
"161,4400";"5,3811";"5,0883"
"161,4500";"5,3814";"5,0905"
"161,4600";"5,3818";"5,0911"
"161,4700";"5,3822";"5,0892"
"161,4800";"5,3825";"5,0878"
"161,4900";"5,3829";"5,0883"
"161,5000";"5,3832";"5,0897"
"161,5100";"5,3836";"5,0896"
"161,5200";"5,3839";"5,0878"
"161,5300";"5,3842";"5,0898"
"161,5400";"5,3845";"5,0927"
"161,5500";"5,3849";"5,0938"
"161,5600";"5,3851";"5,0905"
"161,5700";"5,3855";"5,0886"
"161,5800";"5,3858";"5,0897"
"161,5900";"5,3862";"5,0918"
"161,6000";"5,3865";"5,0927"
"161,6100";"5,3869";"5,0927"
"161,6200";"5,3871";"5,0936"
"161,6300";"5,3875";"5,0950"
"161,6400";"5,3878";"5,0963"
"161,6500";"5,3882";"5,0958"
"161,6600";"5,3885";"5,0960"
"161,6700";"5,3889";"5,0966"
"161,6800";"5,3892";"5,0966"
"161,6900";"5,3896";"5,0952"
"161,7000";"5,3898";"5,0940"
"161,7100";"5,3901";"5,0939"
"161,7200";"5,3904";"5,0967"
"161,7300";"5,3908";"5,0996"
"161,7400";"5,3911";"5,1007"
"161,7500";"5,3915";"5,0987"
"161,7600";"5,3918";"5,0958"
"161,7700";"5,3923";"5,0953"
"161,7800";"5,3927";"5,0970"
"161,7900";"5,3930";"5,0997"
"161,8000";"5,3934";"5,1015"
"161,8100";"5,3937";"5,1015"
"161,8200";"5,3942";"5,1014"
"161,8300";"5,3944";"5,1020"
"161,8400";"5,3948";"5,1003"
"161,8500";"5,3950";"5,0993"
"161,8600";"5,3954";"5,0981"
"161,8700";"5,3956";"5,0978"
"161,8800";"5,3960";"5,0989"
"161,8900";"5,3963";"5,1000"
"161,9000";"5,3966";"5,1006"
"161,9100";"5,3969";"5,1009"
"161,9200";"5,3973";"5,1003"
"161,9300";"5,3976";"5,1007"
"161,9400";"5,3980";"5,1018"
"161,9500";"5,3984";"5,1018"
"161,9600";"5,3988";"5,1013"
"161,9700";"5,3992";"5,1025"
"161,9800";"5,3995";"5,1046"
"161,9900";"5,3997";"5,1056"
"162,0000";"5,4001";"5,1046"
"162,0100";"5,4005";"5,1039"
"162,0200";"5,4008";"5,1046"
"162,0300";"5,4012";"5,1058"
"162,0400";"5,4015";"5,1056"
"162,0500";"5,4017";"5,1037"
"162,0600";"5,4020";"5,1048"
"162,0700";"5,4023";"5,1072"
"162,0800";"5,4026";"5,1081"
"162,0900";"5,4029";"5,1063"
"162,1000";"5,4033";"5,1051"
"162,1100";"5,4036";"5,1062"
"162,1200";"5,4039";"5,1079"
"162,1300";"5,4042";"5,1090"
"162,1400";"5,4046";"5,1104"
"162,1500";"5,4048";"5,1113"
"162,1600";"5,4052";"5,1120"
"162,1700";"5,4055";"5,1121"
"162,1800";"5,4059";"5,1105"
"162,1900";"5,4062";"5,1089"
"162,2000";"5,4065";"5,1077"
"162,2100";"5,4067";"5,1073"
"162,2200";"5,4071";"5,1093"
"162,2300";"5,4074";"5,1116"
"162,2400";"5,4077";"5,1131"
"162,2500";"5,4080";"5,1126"
"162,2600";"5,4084";"5,1128"
"162,2700";"5,4087";"5,1131"
"162,2800";"5,4091";"5,1110"
"162,2900";"5,4095";"5,1088"
"162,3000";"5,4099";"5,1084"
"162,3100";"5,4102";"5,1108"
"162,3200";"5,4106";"5,1133"
"162,3300";"5,4110";"5,1147"
"162,3400";"5,4113";"5,1155"
"162,3500";"5,4117";"5,1154"
"162,3600";"5,4120";"5,1154"
"162,3700";"5,4123";"5,1163"
"162,3800";"5,4125";"5,1162"
"162,3900";"5,4128";"5,1168"
"162,4000";"5,4132";"5,1183"
"162,4100";"5,4136";"5,1199"
"162,4200";"5,4138";"5,1188"
"162,4300";"5,4141";"5,1162"
"162,4400";"5,4145";"5,1151"
"162,4500";"5,4150";"5,1160"
"162,4600";"5,4153";"5,1182"
"162,4700";"5,4157";"5,1199"
"162,4800";"5,4160";"5,1202"
"162,4900";"5,4164";"5,1206"
"162,5000";"5,4166";"5,1220"
"162,5100";"5,4170";"5,1230"
"162,5200";"5,4172";"5,1219"
"162,5300";"5,4176";"5,1180"
"162,5400";"5,4178";"5,1159"
"162,5500";"5,4182";"5,1195"
"162,5600";"5,4185";"5,1243"
"162,5700";"5,4189";"5,1263"
"162,5800";"5,4192";"5,1260"
"162,5900";"5,4195";"5,1251"
"162,6000";"5,4199";"5,1252"
"162,6100";"5,4203";"5,1231"
"162,6200";"5,4206";"5,1196"
"162,6300";"5,4210";"5,1180"
"162,6400";"5,4213";"5,1200"
"162,6500";"5,4217";"5,1217"
"162,6600";"5,4221";"5,1229"
"162,6700";"5,4223";"5,1239"
"162,6800";"5,4226";"5,1254"
"162,6900";"5,4230";"5,1262"
"162,7000";"5,4234";"5,1248"
"162,7100";"5,4237";"5,1243"
"162,7200";"5,4239";"5,1249"
"162,7300";"5,4243";"5,1251"
"162,7400";"5,4247";"5,1246"
"162,7500";"5,4249";"5,1248"
"162,7600";"5,4252";"5,1265"
"162,7700";"5,4256";"5,1276"
"162,7800";"5,4260";"5,1286"
"162,7900";"5,4263";"5,1299"
"162,8000";"5,4267";"5,1297"
"162,8100";"5,4270";"5,1270"
"162,8200";"5,4274";"5,1257"
"162,8300";"5,4277";"5,1260"
"162,8400";"5,4281";"5,1270"
"162,8500";"5,4284";"5,1269"
"162,8600";"5,4288";"5,1267"
"162,8700";"5,4290";"5,1262"
"162,8800";"5,4294";"5,1285"
"162,8900";"5,4296";"5,1312"
"162,9000";"5,4300";"5,1324"
"162,9100";"5,4303";"5,1323"
"162,9200";"5,4306";"5,1319"
"162,9300";"5,4309";"5,1323"
"162,9400";"5,4313";"5,1329"
"162,9500";"5,4316";"5,1326"
"162,9600";"5,4319";"5,1320"
"162,9700";"5,4322";"5,1306"
"162,9800";"5,4326";"5,1297"
"162,9900";"5,4329";"5,1317"
"163,0000";"5,4333";"5,1348"
"163,0100";"5,4336";"5,1367"
"163,0200";"5,4340";"5,1365"
"163,0300";"5,4342";"5,1342"
"163,0400";"5,4346";"5,1330"
"163,0500";"5,4349";"5,1332"
"163,0600";"5,4352";"5,1344"
"163,0700";"5,4355";"5,1358"
"163,0800";"5,4359";"5,1365"
"163,0900";"5,4362";"5,1363"
"163,1000";"5,4366";"5,1360"
"163,1100";"5,4369";"5,1359"
"163,1200";"5,4373";"5,1364"
"163,1300";"5,4376";"5,1366"
"163,1400";"5,4380";"5,1364"
"163,1500";"5,4385";"5,1373"
"163,1600";"5,4388";"5,1380"
"163,1700";"5,4391";"5,1389"
"163,1800";"5,4394";"5,1372"
"163,1900";"5,4398";"5,1353"
"163,2000";"5,4400";"5,1361"
"163,2100";"5,4404";"5,1377"
"163,2200";"5,4407";"5,1388"
"163,2300";"5,4409";"5,1392"
"163,2400";"5,4413";"5,1398"
"163,2500";"5,4417";"5,1431"
"163,2600";"5,4420";"5,1450"
"163,2700";"5,4424";"5,1434"
"163,2800";"5,4427";"5,1417"
"163,2900";"5,4431";"5,1407"
"163,3000";"5,4434";"5,1394"
"163,3100";"5,4438";"5,1380"
"163,3200";"5,4441";"5,1406"
"163,3300";"5,4445";"5,1445"
"163,3400";"5,4448";"5,1479"
"163,3500";"5,4452";"5,1481"
"163,3600";"5,4454";"5,1452"
"163,3700";"5,4457";"5,1428"
"163,3800";"5,4460";"5,1411"
"163,3900";"5,4463";"5,1403"
"163,4000";"5,4465";"5,1399"
"163,4100";"5,4468";"5,1404"
"163,4200";"5,4472";"5,1425"
"163,4300";"5,4476";"5,1458"
"163,4400";"5,4478";"5,1479"
"163,4500";"5,4481";"5,1468"
"163,4600";"5,4485";"5,1443"
"163,4700";"5,4489";"5,1425"
"163,4800";"5,4492";"5,1421"
"163,4900";"5,4496";"5,1430"
"163,5000";"5,4499";"5,1452"
"163,5100";"5,4503";"5,1472"
"163,5200";"5,4506";"5,1499"
"163,5300";"5,4510";"5,1513"
"163,5400";"5,4512";"5,1521"
"163,5500";"5,4516";"5,1520"
"163,5600";"5,4518";"5,1507"
"163,5700";"5,4522";"5,1505"
"163,5800";"5,4524";"5,1504"
"163,5900";"5,4527";"5,1489"
"163,6000";"5,4531";"5,1493"
"163,6100";"5,4535";"5,1515"
"163,6200";"5,4538";"5,1534"
"163,6300";"5,4542";"5,1522"
"163,6400";"5,4545";"5,1499"
"163,6500";"5,4549";"5,1500"
"163,6600";"5,4552";"5,1516"
"163,6700";"5,4556";"5,1527"
"163,6800";"5,4561";"5,1526"
"163,6900";"5,4563";"5,1528"
"163,7000";"5,4568";"5,1544"
"163,7100";"5,4570";"5,1564"
"163,7200";"5,4572";"5,1555"
"163,7300";"5,4576";"5,1538"
"163,7400";"5,4579";"5,1533"
"163,7500";"5,4583";"5,1533"
"163,7600";"5,4587";"5,1547"
"163,7700";"5,4590";"5,1562"
"163,7800";"5,4594";"5,1568"
"163,7900";"5,4597";"5,1564"
"163,8000";"5,4601";"5,1561"
"163,8100";"5,4604";"5,1570"
"163,8200";"5,4608";"5,1582"
"163,8300";"5,4611";"5,1578"
"163,8400";"5,4615";"5,1569"
"163,8500";"5,4617";"5,1573"
"163,8600";"5,4620";"5,1595"
"163,8700";"5,4623";"5,1604"
"163,8800";"5,4625";"5,1584"
"163,8900";"5,4629";"5,1576"
"163,9000";"5,4633";"5,1585"
"163,9100";"5,4635";"5,1602"
"163,9200";"5,4638";"5,1602"
"163,9300";"5,4642";"5,1599"
"163,9400";"5,4646";"5,1609"
"163,9500";"5,4649";"5,1613"
"163,9600";"5,4653";"5,1596"
"163,9700";"5,4656";"5,1587"
"163,9800";"5,4660";"5,1581"
"163,9900";"5,4663";"5,1593"
"164,0000";"5,4667";"5,1616"
"164,0100";"5,4670";"5,1632"
"164,0200";"5,4674";"5,1628"
"164,0300";"5,4676";"5,1640"
"164,0400";"5,4680";"5,1660"
"164,0500";"5,4683";"5,1669"
"164,0600";"5,4687";"5,1651"
"164,0700";"5,4689";"5,1626"
"164,0800";"5,4693";"5,1605"
"164,0900";"5,4695";"5,1611"
"164,1000";"5,4699";"5,1640"
"164,1100";"5,4702";"5,1651"
"164,1200";"5,4705";"5,1641"
"164,1300";"5,4709";"5,1651"
"164,1400";"5,4712";"5,1661"
"164,1500";"5,4715";"5,1666"
"164,1600";"5,4719";"5,1658"
"164,1700";"5,4722";"5,1645"
"164,1800";"5,4726";"5,1657"
"164,1900";"5,4729";"5,1671"
"164,2000";"5,4733";"5,1688"
"164,2100";"5,4736";"5,1696"
"164,2200";"5,4739";"5,1706"
"164,2300";"5,4742";"5,1709"
"164,2400";"5,4745";"5,1691"
"164,2500";"5,4748";"5,1685"
"164,2600";"5,4751";"5,1694"
"164,2700";"5,4754";"5,1705"
"164,2800";"5,4758";"5,1717"
"164,2900";"5,4761";"5,1722"
"164,3000";"5,4765";"5,1741"
"164,3100";"5,4768";"5,1757"
"164,3200";"5,4772";"5,1753"
"164,3300";"5,4775";"5,1733"
"164,3400";"5,4779";"5,1731"
"164,3500";"5,4782";"5,1730"
"164,3600";"5,4786";"5,1727"
"164,3700";"5,4790";"5,1717"
"164,3800";"5,4792";"5,1705"
"164,3900";"5,4794";"5,1714"
"164,4000";"5,4798";"5,1726"
"164,4100";"5,4801";"5,1726"
"164,4200";"5,4804";"5,1722"
"164,4300";"5,4807";"5,1736"
"164,4400";"5,4811";"5,1756"
"164,4500";"5,4816";"5,1759"
"164,4600";"5,4819";"5,1756"
"164,4700";"5,4823";"5,1756"
"164,4800";"5,4826";"5,1762"
"164,4900";"5,4830";"5,1764"
"164,5000";"5,4833";"5,1768"
"164,5100";"5,4837";"5,1769"
"164,5200";"5,4840";"5,1768"
"164,5300";"5,4844";"5,1774"
"164,5400";"5,4846";"5,1788"
"164,5500";"5,4850";"5,1793"
"164,5600";"5,4853";"5,1785"
"164,5700";"5,4856";"5,1780"
"164,5800";"5,4859";"5,1803"
"164,5900";"5,4863";"5,1843"
"164,6000";"5,4866";"5,1858"
"164,6100";"5,4870";"5,1842"
"164,6200";"5,4873";"5,1818"
"164,6300";"5,4877";"5,1822"
"164,6400";"5,4880";"5,1835"
"164,6500";"5,4884";"5,1829"
"164,6600";"5,4888";"5,1816"
"164,6700";"5,4891";"5,1823"
"164,6800";"5,4895";"5,1841"
"164,6900";"5,4898";"5,1844"
"164,7000";"5,4902";"5,1840"
"164,7100";"5,4904";"5,1840"
"164,7200";"5,4908";"5,1837"
"164,7300";"5,4910";"5,1847"
"164,7400";"5,4912";"5,1851"
"164,7500";"5,4916";"5,1844"
"164,7600";"5,4919";"5,1841"
"164,7700";"5,4922";"5,1846"
"164,7800";"5,4925";"5,1862"
"164,7900";"5,4929";"5,1875"
"164,8000";"5,4932";"5,1873"
"164,8100";"5,4936";"5,1861"
"164,8200";"5,4940";"5,1843"
"164,8300";"5,4943";"5,1851"
"164,8400";"5,4945";"5,1869"
"164,8500";"5,4950";"5,1880"
"164,8600";"5,4952";"5,1875"
"164,8700";"5,4956";"5,1869"
"164,8800";"5,4960";"5,1871"
"164,8900";"5,4963";"5,1873"
"164,9000";"5,4965";"5,1865"
"164,9100";"5,4969";"5,1871"
"164,9200";"5,4971";"5,1881"
"164,9300";"5,4975";"5,1883"
"164,9400";"5,4977";"5,1881"
"164,9500";"5,4981";"5,1903"
"164,9600";"5,4984";"5,1932"
"164,9700";"5,4988";"5,1952"
"164,9800";"5,4991";"5,1939"
"164,9900";"5,4995";"5,1916"
"165,0000";"5,4999";"5,1909"
"165,0100";"5,5002";"5,1918"
"165,0200";"5,5007";"5,1918"
"165,0300";"5,5010";"5,1909"
"165,0400";"5,5014";"5,1909"
"165,0500";"5,5017";"5,1921"
"165,0600";"5,5021";"5,1942"
"165,0700";"5,5023";"5,1966"
"165,0800";"5,5027";"5,1967"
"165,0900";"5,5030";"5,1949"
"165,1000";"5,5033";"5,1943"
"165,1100";"5,5036";"5,1944"
"165,1200";"5,5040";"5,1949"
"165,1300";"5,5043";"5,1943"
"165,1400";"5,5048";"5,1936"
"165,1500";"5,5052";"5,1941"
"165,1600";"5,5054";"5,1963"
"165,1700";"5,5058";"5,1969"
"165,1800";"5,5061";"5,1956"
"165,1900";"5,5065";"5,1948"
"165,2000";"5,5067";"5,1947"
"165,2100";"5,5071";"5,1953"
"165,2200";"5,5073";"5,1955"
"165,2300";"5,5076";"5,1959"
"165,2400";"5,5079";"5,1956"
"165,2500";"5,5082";"5,1966"
"165,2600";"5,5086";"5,1985"
"165,2700";"5,5088";"5,1996"
"165,2800";"5,5092";"5,1999"
"165,2900";"5,5097";"5,1991"
"165,3000";"5,5100";"5,1968"
"165,3100";"5,5104";"5,1969"
"165,3200";"5,5107";"5,1989"
"165,3300";"5,5112";"5,2012"
"165,3400";"5,5114";"5,2013"
"165,3500";"5,5118";"5,2005"
"165,3600";"5,5121";"5,2008"
"165,3700";"5,5125";"5,2014"
"165,3800";"5,5128";"5,2007"
"165,3900";"5,5131";"5,2003"
"165,4000";"5,5133";"5,2007"
"165,4100";"5,5137";"5,2016"
"165,4200";"5,5139";"5,2026"
"165,4300";"5,5141";"5,2028"
"165,4400";"5,5145";"5,2031"
"165,4500";"5,5148";"5,2035"
"165,4600";"5,5152";"5,2033"
"165,4700";"5,5156";"5,2029"
"165,4800";"5,5158";"5,2021"
"165,4900";"5,5161";"5,2025"
"165,5000";"5,5165";"5,2032"
"165,5100";"5,5169";"5,2042"
"165,5200";"5,5172";"5,2044"
"165,5300";"5,5176";"5,2048"
"165,5400";"5,5179";"5,2062"
"165,5500";"5,5183";"5,2072"
"165,5600";"5,5186";"5,2078"
"165,5700";"5,5190";"5,2071"
"165,5800";"5,5192";"5,2059"
"165,5900";"5,5196";"5,2056"
"165,6000";"5,5198";"5,2066"
"165,6100";"5,5202";"5,2094"
"165,6200";"5,5204";"5,2106"
"165,6300";"5,5207";"5,2091"
"165,6400";"5,5211";"5,2074"
"165,6500";"5,5215";"5,2089"
"165,6600";"5,5218";"5,2105"
"165,6700";"5,5222";"5,2099"
"165,6800";"5,5225";"5,2083"
"165,6900";"5,5229";"5,2081"
"165,7000";"5,5232";"5,2092"
"165,7100";"5,5236";"5,2105"
"165,7200";"5,5239";"5,2110"
"165,7300";"5,5242";"5,2116"
"165,7400";"5,5244";"5,2124"
"165,7500";"5,5248";"5,2143"
"165,7600";"5,5250";"5,2160"
"165,7700";"5,5254";"5,2162"
"165,7800";"5,5257";"5,2143"
"165,7900";"5,5261";"5,2125"
"165,8000";"5,5264";"5,2132"
"165,8100";"5,5269";"5,2140"
"165,8200";"5,5272";"5,2140"
"165,8300";"5,5276";"5,2141"
"165,8400";"5,5279";"5,2156"
"165,8500";"5,5283";"5,2173"
"165,8600";"5,5287";"5,2169"
"165,8700";"5,5290";"5,2143"
"165,8800";"5,5292";"5,2132"
"165,8900";"5,5296";"5,2148"
"165,9000";"5,5298";"5,2159"
"165,9100";"5,5302";"5,2147"
"165,9200";"5,5305";"5,2137"
"165,9300";"5,5308";"5,2142"
"165,9400";"5,5311";"5,2168"
"165,9500";"5,5315";"5,2186"
"165,9600";"5,5318";"5,2179"
"165,9700";"5,5322";"5,2173"
"165,9800";"5,5326";"5,2183"
"165,9900";"5,5330";"5,2207"
"166,0000";"5,5334";"5,2206"
"166,0100";"5,5337";"5,2189"
"166,0200";"5,5341";"5,2179"
"166,0300";"5,5344";"5,2186"
"166,0400";"5,5348";"5,2219"
"166,0500";"5,5352";"5,2244"
"166,0600";"5,5354";"5,2251"
"166,0700";"5,5357";"5,2245"
"166,0800";"5,5360";"5,2240"
"166,0900";"5,5362";"5,2243"
"166,1000";"5,5366";"5,2239"
"166,1100";"5,5369";"5,2223"
"166,1200";"5,5372";"5,2213"
"166,1300";"5,5375";"5,2220"
"166,1400";"5,5379";"5,2229"
"166,1500";"5,5382";"5,2237"
"166,1600";"5,5385";"5,2242"
"166,1700";"5,5388";"5,2255"
"166,1800";"5,5392";"5,2261"
"166,1900";"5,5395";"5,2256"
"166,2000";"5,5399";"5,2240"
"166,2100";"5,5402";"5,2244"
"166,2200";"5,5406";"5,2256"
"166,2300";"5,5409";"5,2282"
"166,2400";"5,5413";"5,2295"
"166,2500";"5,5415";"5,2288"
"166,2600";"5,5418";"5,2275"
"166,2700";"5,5421";"5,2275"
"166,2800";"5,5424";"5,2288"
"166,2900";"5,5427";"5,2298"
"166,3000";"5,5431";"5,2287"
"166,3100";"5,5434";"5,2262"
"166,3200";"5,5438";"5,2263"
"166,3300";"5,5441";"5,2299"
"166,3400";"5,5446";"5,2327"
"166,3500";"5,5450";"5,2317"
"166,3600";"5,5453";"5,2287"
"166,3700";"5,5457";"5,2277"
"166,3800";"5,5460";"5,2300"
"166,3900";"5,5464";"5,2324"
"166,4000";"5,5466";"5,2328"
"166,4100";"5,5470";"5,2316"
"166,4200";"5,5472";"5,2310"
"166,4300";"5,5475";"5,2322"
"166,4400";"5,5479";"5,2336"
"166,4500";"5,5481";"5,2333"
"166,4600";"5,5486";"5,2313"
"166,4700";"5,5490";"5,2300"
"166,4800";"5,5493";"5,2298"
"166,4900";"5,5497";"5,2319"
"166,5000";"5,5500";"5,2340"
"166,5100";"5,5504";"5,2339"
"166,5200";"5,5507";"5,2329"
"166,5300";"5,5511";"5,2317"
"166,5400";"5,5513";"5,2314"
"166,5500";"5,5517";"5,2327"
"166,5600";"5,5520";"5,2343"
"166,5700";"5,5523";"5,2365"
"166,5800";"5,5526";"5,2384"
"166,5900";"5,5530";"5,2380"
"166,6000";"5,5532";"5,2360"
"166,6100";"5,5536";"5,2358"
"166,6200";"5,5539";"5,2372"
"166,6300";"5,5543";"5,2376"
"166,6400";"5,5546";"5,2350"
"166,6500";"5,5550";"5,2326"
"166,6600";"5,5553";"5,2346"
"166,6700";"5,5557";"5,2396"
"166,6800";"5,5560";"5,2439"
"166,6900";"5,5564";"5,2433"
"166,7000";"5,5568";"5,2407"
"166,7100";"5,5571";"5,2402"
"166,7200";"5,5573";"5,2415"
"166,7300";"5,5577";"5,2419"
"166,7400";"5,5581";"5,2403"
"166,7500";"5,5583";"5,2392"
"166,7600";"5,5586";"5,2392"
"166,7700";"5,5589";"5,2406"
"166,7800";"5,5592";"5,2421"
"166,7900";"5,5596";"5,2419"
"166,8000";"5,5598";"5,2415"
"166,8100";"5,5602";"5,2422"
"166,8200";"5,5605";"5,2415"
"166,8300";"5,5609";"5,2406"
"166,8400";"5,5612";"5,2410"
"166,8500";"5,5616";"5,2418"
"166,8600";"5,5620";"5,2429"
"166,8700";"5,5623";"5,2449"
"166,8800";"5,5628";"5,2447"
"166,8900";"5,5631";"5,2434"
"166,9000";"5,5635";"5,2428"
"166,9100";"5,5637";"5,2436"
"166,9200";"5,5640";"5,2445"
"166,9300";"5,5643";"5,2430"
"166,9400";"5,5645";"5,2428"
"166,9500";"5,5649";"5,2453"
"166,9600";"5,5653";"5,2478"
"166,9700";"5,5656";"5,2476"
"166,9800";"5,5660";"5,2475"
"166,9900";"5,5663";"5,2477"
"167,0000";"5,5667";"5,2474"
"167,0100";"5,5670";"5,2468"
"167,0200";"5,5674";"5,2463"
"167,0300";"5,5677";"5,2474"
"167,0400";"5,5681";"5,2488"
"167,0500";"5,5684";"5,2488"
"167,0600";"5,5688";"5,2485"
"167,0700";"5,5692";"5,2503"
"167,0800";"5,5694";"5,2526"
"167,0900";"5,5696";"5,2535"
"167,1000";"5,5700";"5,2545"
"167,1100";"5,5702";"5,2545"
"167,1200";"5,5706";"5,2535"
"167,1300";"5,5708";"5,2522"
"167,1400";"5,5712";"5,2528"
"167,1500";"5,5715";"5,2546"
"167,1600";"5,5719";"5,2563"
"167,1700";"5,5722";"5,2567"
"167,1800";"5,5726";"5,2562"
"167,1900";"5,5729";"5,2548"
"167,2000";"5,5733";"5,2547"
"167,2100";"5,5738";"5,2550"
"167,2200";"5,5740";"5,2552"
"167,2300";"5,5743";"5,2554"
"167,2400";"5,5746";"5,2562"
"167,2500";"5,5749";"5,2576"
"167,2600";"5,5753";"5,2576"
"167,2700";"5,5755";"5,2569"
"167,2800";"5,5759";"5,2570"
"167,2900";"5,5762";"5,2560"
"167,3000";"5,5766";"5,2557"
"167,3100";"5,5769";"5,2567"
"167,3200";"5,5774";"5,2570"
"167,3300";"5,5778";"5,2560"
"167,3400";"5,5781";"5,2558"
"167,3500";"5,5785";"5,2578"
"167,3600";"5,5788";"5,2596"
"167,3700";"5,5792";"5,2590"
"167,3800";"5,5795";"5,2569"
"167,3900";"5,5799";"5,2566"
"167,4000";"5,5801";"5,2576"
"167,4100";"5,5805";"5,2586"
"167,4200";"5,5807";"5,2596"
"167,4300";"5,5810";"5,2622"
"167,4400";"5,5813";"5,2636"
"167,4500";"5,5815";"5,2629"
"167,4600";"5,5819";"5,2604"
"167,4700";"5,5823";"5,2576"
"167,4800";"5,5826";"5,2589"
"167,4900";"5,5828";"5,2601"
"167,5000";"5,5832";"5,2597"
"167,5100";"5,5836";"5,2596"
"167,5200";"5,5839";"5,2619"
"167,5300";"5,5843";"5,2652"
"167,5400";"5,5846";"5,2657"
"167,5500";"5,5850";"5,2637"
"167,5600";"5,5853";"5,2616"
"167,5700";"5,5857";"5,2615"
"167,5800";"5,5860";"5,2625"
"167,5900";"5,5863";"5,2641"
"167,6000";"5,5866";"5,2656"
"167,6100";"5,5869";"5,2665"
"167,6200";"5,5872";"5,2671"
"167,6300";"5,5876";"5,2669"
"167,6400";"5,5878";"5,2661"
"167,6500";"5,5882";"5,2652"
"167,6600";"5,5885";"5,2637"
"167,6700";"5,5889";"5,2640"
"167,6800";"5,5892";"5,2662"
"167,6900";"5,5896";"5,2684"
"167,7000";"5,5899";"5,2702"
"167,7100";"5,5903";"5,2711"
"167,7200";"5,5906";"5,2717"
"167,7300";"5,5910";"5,2714"
"167,7400";"5,5915";"5,2694"
"167,7500";"5,5917";"5,2681"
"167,7600";"5,5921";"5,2689"
"167,7700";"5,5923";"5,2699"
"167,7800";"5,5926";"5,2698"
"167,7900";"5,5929";"5,2695"
"167,8000";"5,5932";"5,2686"
"167,8100";"5,5936";"5,2688"
"167,8200";"5,5939";"5,2696"
"167,8300";"5,5943";"5,2706"
"167,8400";"5,5947";"5,2714"
"167,8500";"5,5950";"5,2736"
"167,8600";"5,5954";"5,2753"
"167,8700";"5,5957";"5,2743"
"167,8800";"5,5961";"5,2730"
"167,8900";"5,5964";"5,2720"
"167,9000";"5,5968";"5,2721"
"167,9100";"5,5970";"5,2724"
"167,9200";"5,5972";"5,2733"
"167,9300";"5,5976";"5,2738"
"167,9400";"5,5980";"5,2736"
"167,9500";"5,5982";"5,2749"
"167,9600";"5,5985";"5,2767"
"167,9700";"5,5989";"5,2777"
"167,9800";"5,5993";"5,2764"
"167,9900";"5,5995";"5,2748"
"168,0000";"5,5998";"5,2741"
"168,0100";"5,6002";"5,2750"
"168,0200";"5,6006";"5,2748"
"168,0300";"5,6009";"5,2747"
"168,0400";"5,6013";"5,2762"
"168,0500";"5,6016";"5,2791"
"168,0600";"5,6020";"5,2807"
"168,0700";"5,6023";"5,2800"
"168,0800";"5,6027";"5,2784"
"168,0900";"5,6030";"5,2776"
"168,1000";"5,6033";"5,2768"
"168,1100";"5,6036";"5,2755"
"168,1200";"5,6039";"5,2754"
"168,1300";"5,6041";"5,2772"
"168,1400";"5,6045";"5,2803"
"168,1500";"5,6048";"5,2814"
"168,1600";"5,6052";"5,2816"
"168,1700";"5,6054";"5,2811"
"168,1800";"5,6057";"5,2804"
"168,1900";"5,6061";"5,2793"
"168,2000";"5,6065";"5,2784"
"168,2100";"5,6068";"5,2791"
"168,2200";"5,6072";"5,2811"
"168,2300";"5,6075";"5,2819"
"168,2400";"5,6079";"5,2812"
"168,2500";"5,6082";"5,2814"
"168,2600";"5,6085";"5,2824"
"168,2700";"5,6088";"5,2837"
"168,2800";"5,6091";"5,2844"
"168,2900";"5,6093";"5,2847"
"168,3000";"5,6096";"5,2830"
"168,3100";"5,6100";"5,2818"
"168,3200";"5,6104";"5,2830"
"168,3300";"5,6107";"5,2865"
"168,3400";"5,6111";"5,2886"
"168,3500";"5,6115";"5,2882"
"168,3600";"5,6119";"5,2862"
"168,3700";"5,6122";"5,2851"
"168,3800";"5,6126";"5,2861"
"168,3900";"5,6130";"5,2875"
"168,4000";"5,6133";"5,2877"
"168,4100";"5,6137";"5,2885"
"168,4200";"5,6140";"5,2879"
"168,4300";"5,6142";"5,2860"
"168,4400";"5,6145";"5,2868"
"168,4500";"5,6148";"5,2893"
"168,4600";"5,6152";"5,2910"
"168,4700";"5,6154";"5,2895"
"168,4800";"5,6158";"5,2879"
"168,4900";"5,6161";"5,2878"
"168,5000";"5,6165";"5,2889"
"168,5100";"5,6168";"5,2891"
"168,5200";"5,6173";"5,2874"
"168,5300";"5,6177";"5,2874"
"168,5400";"5,6180";"5,2898"
"168,5500";"5,6184";"5,2917"
"168,5600";"5,6189";"5,2929"
"168,5700";"5,6192";"5,2930"
"168,5800";"5,6194";"5,2931"
"168,5900";"5,6198";"5,2936"
"168,6000";"5,6200";"5,2942"
"168,6100";"5,6204";"5,2952"
"168,6200";"5,6206";"5,2954"
"168,6300";"5,6210";"5,2937"
"168,6400";"5,6213";"5,2922"
"168,6500";"5,6217";"5,2932"
"168,6600";"5,6220";"5,2946"
"168,6700";"5,6224";"5,2956"
"168,6800";"5,6227";"5,2969"
"168,6900";"5,6232";"5,2979"
"168,7000";"5,6236";"5,2989"
"168,7100";"5,6239";"5,2982"
"168,7200";"5,6243";"5,2967"
"168,7300";"5,6246";"5,2956"
"168,7400";"5,6250";"5,2963"
"168,7500";"5,6253";"5,2967"
"168,7600";"5,6256";"5,2969"
"168,7700";"5,6258";"5,2964"
"168,7800";"5,6261";"5,2976"
"168,7900";"5,6263";"5,2992"
"168,8000";"5,6266";"5,2993"
"168,8100";"5,6269";"5,2993"
"168,8200";"5,6272";"5,2986"
"168,8300";"5,6276";"5,2982"
"168,8400";"5,6279";"5,2973"
"168,8500";"5,6282";"5,2964"
"168,8600";"5,6285";"5,2961"
"168,8700";"5,6289";"5,2967"
"168,8800";"5,6292";"5,2996"
"168,8900";"5,6296";"5,3029"
"168,9000";"5,6298";"5,3051"
"168,9100";"5,6302";"5,3049"
"168,9200";"5,6305";"5,3027"
"168,9300";"5,6309";"5,3013"
"168,9400";"5,6311";"5,3019"
"168,9500";"5,6315";"5,3039"
"168,9600";"5,6317";"5,3055"
"168,9700";"5,6321";"5,3058"
"168,9800";"5,6323";"5,3043"
"168,9900";"5,6327";"5,3039"
"169,0000";"5,6330";"5,3038"
"169,0100";"5,6334";"5,3032"
"169,0200";"5,6337";"5,3027"
"169,0300";"5,6342";"5,3026"
"169,0400";"5,6346";"5,3026"
"169,0500";"5,6349";"5,3045"
"169,0600";"5,6353";"5,3061"
"169,0700";"5,6356";"5,3060"
"169,0800";"5,6360";"5,3049"
"169,0900";"5,6363";"5,3041"
"169,1000";"5,6367";"5,3058"
"169,1100";"5,6370";"5,3082"
"169,1200";"5,6373";"5,3097"
"169,1300";"5,6376";"5,3103"
"169,1400";"5,6380";"5,3116"
"169,1500";"5,6382";"5,3120"
"169,1600";"5,6386";"5,3114"
"169,1700";"5,6389";"5,3100"
"169,1800";"5,6393";"5,3098"
"169,1900";"5,6396";"5,3103"
"169,2000";"5,6400";"5,3095"
"169,2100";"5,6403";"5,3074"
"169,2200";"5,6407";"5,3070"
"169,2300";"5,6410";"5,3105"
"169,2400";"5,6414";"5,3139"
"169,2500";"5,6418";"5,3139"
"169,2600";"5,6420";"5,3130"
"169,2700";"5,6423";"5,3129"
"169,2800";"5,6426";"5,3130"
"169,2900";"5,6429";"5,3131"
"169,3000";"5,6433";"5,3132"
"169,3100";"5,6436";"5,3142"
"169,3200";"5,6440";"5,3158"
"169,3300";"5,6444";"5,3158"
"169,3400";"5,6447";"5,3145"
"169,3500";"5,6451";"5,3138"
"169,3600";"5,6454";"5,3137"
"169,3700";"5,6458";"5,3155"
"169,3800";"5,6461";"5,3182"
"169,3900";"5,6465";"5,3189"
"169,4000";"5,6468";"5,3171"
"169,4100";"5,6471";"5,3167"
"169,4200";"5,6474";"5,3177"
"169,4300";"5,6478";"5,3189"
"169,4400";"5,6481";"5,3173"
"169,4500";"5,6485";"5,3160"
"169,4600";"5,6487";"5,3163"
"169,4700";"5,6490";"5,3185"
"169,4800";"5,6493";"5,3187"
"169,4900";"5,6495";"5,3182"
"169,5000";"5,6499";"5,3191"
"169,5100";"5,6503";"5,3206"
"169,5200";"5,6506";"5,3207"
"169,5300";"5,6508";"5,3192"
"169,5400";"5,6513";"5,3176"
"169,5500";"5,6517";"5,3182"
"169,5600";"5,6520";"5,3201"
"169,5700";"5,6524";"5,3223"
"169,5800";"5,6527";"5,3230"
"169,5900";"5,6531";"5,3231"
"169,6000";"5,6534";"5,3229"
"169,6100";"5,6537";"5,3216"
"169,6200";"5,6539";"5,3201"
"169,6300";"5,6543";"5,3186"
"169,6400";"5,6545";"5,3181"
"169,6500";"5,6549";"5,3203"
"169,6600";"5,6551";"5,3229"
"169,6700";"5,6555";"5,3245"
"169,6800";"5,6558";"5,3240"
"169,6900";"5,6562";"5,3245"
"169,7000";"5,6565";"5,3249"
"169,7100";"5,6569";"5,3260"
"169,7200";"5,6572";"5,3259"
"169,7300";"5,6576";"5,3245"
"169,7400";"5,6579";"5,3235"
"169,7500";"5,6583";"5,3260"
"169,7600";"5,6586";"5,3290"
"169,7700";"5,6590";"5,3293"
"169,7800";"5,6593";"5,3270"
"169,7900";"5,6597";"5,3255"
"169,8000";"5,6599";"5,3255"
"169,8100";"5,6603";"5,3273"
"169,8200";"5,6605";"5,3279"
"169,8300";"5,6609";"5,3284"
"169,8400";"5,6612";"5,3282"
"169,8500";"5,6615";"5,3281"
"169,8600";"5,6619";"5,3268"
"169,8700";"5,6622";"5,3260"
"169,8800";"5,6625";"5,3271"
"169,8900";"5,6629";"5,3294"
"169,9000";"5,6634";"5,3297"
"169,9100";"5,6637";"5,3298"
"169,9200";"5,6640";"5,3308"
"169,9300";"5,6643";"5,3314"
"169,9400";"5,6647";"5,3304"
"169,9500";"5,6649";"5,3293"
"169,9600";"5,6651";"5,3289"
"169,9700";"5,6655";"5,3293"
"169,9800";"5,6658";"5,3297"
"169,9900";"5,6662";"5,3308"
"170,0000";"5,6664";"5,3330"
"170,0100";"5,6668";"5,3340"
"170,0200";"5,6671";"5,3336"
"170,0300";"5,6675";"5,3318"
"170,0400";"5,6678";"5,3305"
"170,0500";"5,6682";"5,3310"
"170,0600";"5,6686";"5,3328"
"170,0700";"5,6689";"5,3334"
"170,0800";"5,6693";"5,3342"
"170,0900";"5,6696";"5,3350"
"170,1000";"5,6700";"5,3363"
"170,1100";"5,6703";"5,3376"
"170,1200";"5,6706";"5,3376"
"170,1300";"5,6709";"5,3373"
"170,1400";"5,6712";"5,3352"
"170,1500";"5,6715";"5,3341"
"170,1600";"5,6719";"5,3354"
"170,1700";"5,6721";"5,3374"
"170,1800";"5,6725";"5,3381"
"170,1900";"5,6728";"5,3384"
"170,2000";"5,6732";"5,3386"
"170,2100";"5,6735";"5,3389"
"170,2200";"5,6739";"5,3379"
"170,2300";"5,6742";"5,3377"
"170,2400";"5,6746";"5,3380"
"170,2500";"5,6749";"5,3394"
"170,2600";"5,6753";"5,3400"
"170,2700";"5,6756";"5,3395"
"170,2800";"5,6760";"5,3394"
"170,2900";"5,6762";"5,3406"
"170,3000";"5,6766";"5,3404"
"170,3100";"5,6769";"5,3392"
"170,3200";"5,6772";"5,3384"
"170,3300";"5,6775";"5,3391"
"170,3400";"5,6778";"5,3399"
"170,3500";"5,6781";"5,3413"
"170,3600";"5,6785";"5,3435"
"170,3700";"5,6788";"5,3458"
"170,3800";"5,6792";"5,3463"
"170,3900";"5,6795";"5,3455"
"170,4000";"5,6799";"5,3446"
"170,4100";"5,6802";"5,3453"
"170,4200";"5,6806";"5,3462"
"170,4300";"5,6810";"5,3460"
"170,4400";"5,6813";"5,3446"
"170,4500";"5,6817";"5,3444"
"170,4600";"5,6820";"5,3443"
"170,4700";"5,6822";"5,3431"
"170,4800";"5,6826";"5,3429"
"170,4900";"5,6828";"5,3448"
"170,5000";"5,6832";"5,3474"
"170,5100";"5,6835";"5,3497"
"170,5200";"5,6839";"5,3499"
"170,5300";"5,6843";"5,3487"
"170,5400";"5,6846";"5,3471"
"170,5500";"5,6851";"5,3462"
"170,5600";"5,6854";"5,3456"
"170,5700";"5,6858";"5,3463"
"170,5800";"5,6861";"5,3483"
"170,5900";"5,6865";"5,3504"
"170,6000";"5,6869";"5,3520"
"170,6100";"5,6872";"5,3518"
"170,6200";"5,6874";"5,3514"
"170,6300";"5,6878";"5,3503"
"170,6400";"5,6880";"5,3493"
"170,6500";"5,6884";"5,3491"
"170,6600";"5,6886";"5,3499"
"170,6700";"5,6890";"5,3511"
"170,6800";"5,6893";"5,3529"
"170,6900";"5,6897";"5,3554"
"170,7000";"5,6900";"5,3553"
"170,7100";"5,6904";"5,3530"
"170,7200";"5,6907";"5,3524"
"170,7300";"5,6911";"5,3531"
"170,7400";"5,6915";"5,3537"
"170,7500";"5,6918";"5,3530"
"170,7600";"5,6922";"5,3530"
"170,7700";"5,6925";"5,3546"
"170,7800";"5,6929";"5,3571"
"170,7900";"5,6932";"5,3570"
"170,8000";"5,6935";"5,3552"
"170,8100";"5,6937";"5,3548"
"170,8200";"5,6941";"5,3547"
"170,8300";"5,6943";"5,3547"
"170,8400";"5,6946";"5,3540"
"170,8500";"5,6949";"5,3544"
"170,8600";"5,6952";"5,3560"
"170,8700";"5,6956";"5,3575"
"170,8800";"5,6959";"5,3586"
"170,8900";"5,6963";"5,3581"
"170,9000";"5,6967";"5,3566"
"170,9100";"5,6970";"5,3562"
"170,9200";"5,6974";"5,3569"
"170,9300";"5,6977";"5,3581"
"170,9400";"5,6982";"5,3586"
"170,9500";"5,6985";"5,3575"
"170,9600";"5,6988";"5,3563"
"170,9700";"5,6990";"5,3584"
"170,9800";"5,6994";"5,3606"
"170,9900";"5,6997";"5,3607"
"171,0000";"5,7000";"5,3594"
"171,0100";"5,7003";"5,3599"
"171,0200";"5,7007";"5,3615"
"171,0300";"5,7009";"5,3619"
"171,0400";"5,7013";"5,3598"
"171,0500";"5,7016";"5,3598"
"171,0600";"5,7020";"5,3621"
"171,0700";"5,7023";"5,3652"
"171,0800";"5,7027";"5,3649"
"171,0900";"5,7030";"5,3625"
"171,1000";"5,7034";"5,3621"
"171,1100";"5,7037";"5,3641"
"171,1200";"5,7041";"5,3656"
"171,1300";"5,7044";"5,3653"
"171,1400";"5,7047";"5,3641"
"171,1500";"5,7050";"5,3637"
"171,1600";"5,7053";"5,3639"
"171,1700";"5,7056";"5,3636"
"171,1800";"5,7059";"5,3630"
"171,1900";"5,7062";"5,3626"
"171,2000";"5,7066";"5,3642"
"171,2100";"5,7069";"5,3667"
"171,2200";"5,7073";"5,3681"
"171,2300";"5,7076";"5,3672"
"171,2400";"5,7080";"5,3656"
"171,2500";"5,7083";"5,3642"
"171,2600";"5,7087";"5,3643"
"171,2700";"5,7090";"5,3655"
"171,2800";"5,7094";"5,3674"
"171,2900";"5,7098";"5,3704"
"171,3000";"5,7100";"5,3735"
"171,3100";"5,7103";"5,3750"
"171,3200";"5,7106";"5,3725"
"171,3300";"5,7109";"5,3697"
"171,3400";"5,7112";"5,3684"
"171,3500";"5,7115";"5,3684"
"171,3600";"5,7119";"5,3681"
"171,3700";"5,7122";"5,3684"
"171,3800";"5,7126";"5,3705"
"171,3900";"5,7129";"5,3729"
"171,4000";"5,7133";"5,3742"
"171,4100";"5,7137";"5,3734"
"171,4200";"5,7140";"5,3725"
"171,4300";"5,7144";"5,3716"
"171,4400";"5,7147";"5,3715"
"171,4500";"5,7151";"5,3716"
"171,4600";"5,7153";"5,3717"
"171,4700";"5,7157";"5,3735"
"171,4800";"5,7160";"5,3752"
"171,4900";"5,7162";"5,3754"
"171,5000";"5,7166";"5,3749"
"171,5100";"5,7170";"5,3738"
"171,5200";"5,7172";"5,3722"
"171,5300";"5,7175";"5,3709"
"171,5400";"5,7179";"5,3721"
"171,5500";"5,7181";"5,3751"
"171,5600";"5,7185";"5,3778"
"171,5700";"5,7188";"5,3782"
"171,5800";"5,7192";"5,3767"
"171,5900";"5,7196";"5,3758"
"171,6000";"5,7199";"5,3747"
"171,6100";"5,7203";"5,3739"
"171,6200";"5,7206";"5,3739"
"171,6300";"5,7210";"5,3759"
"171,6400";"5,7212";"5,3774"
"171,6500";"5,7216";"5,3792"
"171,6600";"5,7218";"5,3809"
"171,6700";"5,7222";"5,3814"
"171,6800";"5,7224";"5,3802"
"171,6900";"5,7227";"5,3770"
"171,7000";"5,7231";"5,3744"
"171,7100";"5,7235";"5,3758"
"171,7200";"5,7237";"5,3784"
"171,7300";"5,7240";"5,3802"
"171,7400";"5,7244";"5,3803"
"171,7500";"5,7247";"5,3811"
"171,7600";"5,7251";"5,3824"
"171,7700";"5,7255";"5,3815"
"171,7800";"5,7258";"5,3797"
"171,7900";"5,7262";"5,3794"
"171,8000";"5,7265";"5,3810"
"171,8100";"5,7269";"5,3830"
"171,8200";"5,7271";"5,3844"
"171,8300";"5,7273";"5,3859"
"171,8400";"5,7277";"5,3859"
"171,8500";"5,7279";"5,3846"
"171,8600";"5,7283";"5,3828"
"171,8700";"5,7286";"5,3820"
"171,8800";"5,7290";"5,3830"
"171,8900";"5,7294";"5,3843"
"171,9000";"5,7298";"5,3855"
"171,9100";"5,7302";"5,3866"
"171,9200";"5,7305";"5,3872"
"171,9300";"5,7309";"5,3874"
"171,9400";"5,7312";"5,3874"
"171,9500";"5,7317";"5,3875"
"171,9600";"5,7320";"5,3879"
"171,9700";"5,7323";"5,3888"
"171,9800";"5,7325";"5,3892"
"171,9900";"5,7329";"5,3901"
"172,0000";"5,7331";"5,3907"
"172,0100";"5,7335";"5,3904"
"172,0200";"5,7337";"5,3898"
"172,0300";"5,7341";"5,3904"
"172,0400";"5,7344";"5,3908"
"172,0500";"5,7348";"5,3900"
"172,0600";"5,7353";"5,3904"
"172,0700";"5,7356";"5,3920"
"172,0800";"5,7360";"5,3931"
"172,0900";"5,7363";"5,3908"
"172,1000";"5,7367";"5,3881"
"172,1100";"5,7370";"5,3880"
"172,1200";"5,7374";"5,3891"
"172,1300";"5,7377";"5,3890"
"172,1400";"5,7381";"5,3884"
"172,1500";"5,7384";"5,3885"
"172,1600";"5,7387";"5,3916"
"172,1700";"5,7390";"5,3939"
"172,1800";"5,7393";"5,3951"
"172,1900";"5,7396";"5,3937"
"172,2000";"5,7399";"5,3935"
"172,2100";"5,7402";"5,3936"
"172,2200";"5,7406";"5,3942"
"172,2300";"5,7409";"5,3944"
"172,2400";"5,7413";"5,3934"
"172,2500";"5,7416";"5,3921"
"172,2600";"5,7420";"5,3925"
"172,2700";"5,7423";"5,3952"
"172,2800";"5,7427";"5,3987"
"172,2900";"5,7430";"5,4001"
"172,3000";"5,7434";"5,3982"
"172,3100";"5,7436";"5,3964"
"172,3200";"5,7440";"5,3971"
"172,3300";"5,7442";"5,3989"
"172,3400";"5,7446";"5,3987"
"172,3500";"5,7448";"5,3988"
"172,3600";"5,7452";"5,4012"
"172,3700";"5,7455";"5,4034"
"172,3800";"5,7459";"5,4018"
"172,3900";"5,7462";"5,4002"
"172,4000";"5,7466";"5,3990"
"172,4100";"5,7469";"5,3995"
"172,4200";"5,7473";"5,4015"
"172,4300";"5,7477";"5,4016"
"172,4400";"5,7480";"5,4007"
"172,4500";"5,7484";"5,4000"
"172,4600";"5,7487";"5,4005"
"172,4700";"5,7491";"5,4015"
"172,4800";"5,7494";"5,4022"
"172,4900";"5,7497";"5,4013"
"172,5000";"5,7499";"5,4006"
"172,5100";"5,7502";"5,4015"
"172,5200";"5,7505";"5,4043"
"172,5300";"5,7508";"5,4065"
"172,5400";"5,7512";"5,4068"
"172,5500";"5,7515";"5,4058"
"172,5600";"5,7519";"5,4055"
"172,5700";"5,7523";"5,4045"
"172,5800";"5,7526";"5,4046"
"172,5900";"5,7530";"5,4055"
"172,6000";"5,7533";"5,4057"
"172,6100";"5,7538";"5,4061"
"172,6200";"5,7541";"5,4071"
"172,6300";"5,7545";"5,4066"
"172,6400";"5,7549";"5,4062"
"172,6500";"5,7551";"5,4075"
"172,6600";"5,7554";"5,4094"
"172,6700";"5,7557";"5,4098"
"172,6800";"5,7560";"5,4085"
"172,6900";"5,7563";"5,4063"
"172,7000";"5,7566";"5,4057"
"172,7100";"5,7570";"5,4067"
"172,7200";"5,7572";"5,4087"
"172,7300";"5,7576";"5,4087"
"172,7400";"5,7580";"5,4068"
"172,7500";"5,7583";"5,4079"
"172,7600";"5,7587";"5,4106"
"172,7700";"5,7591";"5,4123"
"172,7800";"5,7595";"5,4117"
"172,7900";"5,7598";"5,4101"
"172,8000";"5,7602";"5,4096"
"172,8100";"5,7605";"5,4115"
"172,8200";"5,7609";"5,4136"
"172,8300";"5,7611";"5,4141"
"172,8400";"5,7613";"5,4137"
"172,8500";"5,7617";"5,4139"
"172,8600";"5,7619";"5,4140"
"172,8700";"5,7623";"5,4136"
"172,8800";"5,7625";"5,4128"
"172,8900";"5,7629";"5,4131"
"172,9000";"5,7632";"5,4136"
"172,9100";"5,7636";"5,4145"
"172,9200";"5,7639";"5,4141"
"172,9300";"5,7642";"5,4137"
"172,9400";"5,7645";"5,4138"
"172,9500";"5,7649";"5,4137"
"172,9600";"5,7652";"5,4158"
"172,9700";"5,7656";"5,4163"
"172,9800";"5,7660";"5,4167"
"172,9900";"5,7663";"5,4168"
"173,0000";"5,7665";"5,4181"
"173,0100";"5,7669";"5,4188"
"173,0200";"5,7672";"5,4171"
"173,0300";"5,7675";"5,4155"
"173,0400";"5,7678";"5,4171"
"173,0500";"5,7682";"5,4182"
"173,0600";"5,7684";"5,4179"
"173,0700";"5,7688";"5,4177"
"173,0800";"5,7691";"5,4174"
"173,0900";"5,7695";"5,4168"
"173,1000";"5,7698";"5,4173"
"173,1100";"5,7702";"5,4184"
"173,1200";"5,7706";"5,4188"
"173,1300";"5,7709";"5,4202"
"173,1400";"5,7713";"5,4210"
"173,1500";"5,7716";"5,4211"
"173,1600";"5,7720";"5,4221"
"173,1700";"5,7722";"5,4236"
"173,1800";"5,7726";"5,4245"
"173,1900";"5,7728";"5,4237"
"173,2000";"5,7732";"5,4232"
"173,2100";"5,7735";"5,4236"
"173,2200";"5,7739";"5,4238"
"173,2300";"5,7742";"5,4244"
"173,2400";"5,7746";"5,4254"
"173,2500";"5,7749";"5,4261"
"173,2600";"5,7753";"5,4263"
"173,2700";"5,7756";"5,4252"
"173,2800";"5,7760";"5,4250"
"173,2900";"5,7763";"5,4248"
"173,3000";"5,7767";"5,4249"
"173,3100";"5,7770";"5,4248"
"173,3200";"5,7774";"5,4246"
"173,3300";"5,7776";"5,4269"
"173,3400";"5,7780";"5,4302"
"173,3500";"5,7782";"5,4320"
"173,3600";"5,7786";"5,4301"
"173,3700";"5,7788";"5,4279"
"173,3800";"5,7792";"5,4284"
"173,3900";"5,7795";"5,4298"
"173,4000";"5,7799";"5,4299"
"173,4100";"5,7802";"5,4287"
"173,4200";"5,7806";"5,4284"
"173,4300";"5,7809";"5,4282"
"173,4400";"5,7813";"5,4289"
"173,4500";"5,7817";"5,4297"
"173,4600";"5,7820";"5,4281"
"173,4700";"5,7824";"5,4271"
"173,4800";"5,7827";"5,4272"
"173,4900";"5,7831";"5,4292"
"173,5000";"5,7833";"5,4310"
"173,5100";"5,7837";"5,4316"
"173,5200";"5,7840";"5,4322"
"173,5300";"5,7842";"5,4321"
"173,5400";"5,7846";"5,4316"
"173,5500";"5,7850";"5,4311"
"173,5600";"5,7853";"5,4302"
"173,5700";"5,7857";"5,4304"
"173,5800";"5,7859";"5,4331"
"173,5900";"5,7863";"5,4370"
"173,6000";"5,7866";"5,4389"
"173,6100";"5,7870";"5,4393"
"173,6200";"5,7873";"5,4378"
"173,6300";"5,7876";"5,4359"
"173,6400";"5,7879";"5,4349"
"173,6500";"5,7883";"5,4353"
"173,6600";"5,7886";"5,4359"
"173,6700";"5,7889";"5,4384"
"173,6800";"5,7892";"5,4399"
"173,6900";"5,7894";"5,4391"
"173,7000";"5,7897";"5,4373"
"173,7100";"5,7900";"5,4353"
"173,7200";"5,7904";"5,4345"
"173,7300";"5,7906";"5,4351"
"173,7400";"5,7910";"5,4361"
"173,7500";"5,7913";"5,4372"
"173,7600";"5,7917";"5,4383"
"173,7700";"5,7920";"5,4398"
"173,7800";"5,7924";"5,4409"
"173,7900";"5,7927";"5,4399"
"173,8000";"5,7931";"5,4369"
"173,8100";"5,7936";"5,4348"
"173,8200";"5,7939";"5,4365"
"173,8300";"5,7943";"5,4397"
"173,8400";"5,7945";"5,4408"
"173,8500";"5,7948";"5,4414"
"173,8600";"5,7951";"5,4433"
"173,8700";"5,7953";"5,4449"
"173,8800";"5,7957";"5,4458"
"173,8900";"5,7961";"5,4427"
"173,9000";"5,7964";"5,4402"
"173,9100";"5,7968";"5,4392"
"173,9200";"5,7972";"5,4391"
"173,9300";"5,7976";"5,4409"
"173,9400";"5,7979";"5,4449"
"173,9500";"5,7983";"5,4492"
"173,9600";"5,7987";"5,4498"
"173,9700";"5,7990";"5,4467"
"173,9800";"5,7994";"5,4434"
"173,9900";"5,7997";"5,4430"
"174,0000";"5,8000";"5,4449"
"174,0100";"5,8003";"5,4463"
"174,0200";"5,8005";"5,4469"
"174,0300";"5,8009";"5,4472"
"174,0400";"5,8012";"5,4478"
"174,0500";"5,8016";"5,4484"
"174,0600";"5,8018";"5,4482"
"174,0700";"5,8022";"5,4469"
"174,0800";"5,8025";"5,4453"
"174,0900";"5,8029";"5,4460"
"174,1000";"5,8033";"5,4475"
"174,1100";"5,8036";"5,4482"
"174,1200";"5,8041";"5,4488"
"174,1300";"5,8044";"5,4501"
"174,1400";"5,8048";"5,4515"
"174,1500";"5,8051";"5,4524"
"174,1600";"5,8055";"5,4495"
"174,1700";"5,8059";"5,4468"
"174,1800";"5,8062";"5,4465"
"174,1900";"5,8064";"5,4480"
"174,2000";"5,8067";"5,4501"
"174,2100";"5,8070";"5,4497"
"174,2200";"5,8073";"5,4502"
"174,2300";"5,8076";"5,4512"
"174,2400";"5,8080";"5,4519"
"174,2500";"5,8082";"5,4510"
"174,2600";"5,8086";"5,4494"
"174,2700";"5,8089";"5,4502"
"174,2800";"5,8093";"5,4530"
"174,2900";"5,8096";"5,4550"
"174,3000";"5,8100";"5,4555"
"174,3100";"5,8103";"5,4549"
"174,3200";"5,8107";"5,4532"
"174,3300";"5,8110";"5,4532"
"174,3400";"5,8114";"5,4534"
"174,3500";"5,8116";"5,4530"
"174,3600";"5,8120";"5,4541"
"174,3700";"5,8122";"5,4558"
"174,3800";"5,8126";"5,4582"
"174,3900";"5,8129";"5,4599"
"174,4000";"5,8132";"5,4584"
"174,4100";"5,8135";"5,4563"
"174,4200";"5,8139";"5,4548"
"174,4300";"5,8142";"5,4552"
"174,4400";"5,8146";"5,4561"
"174,4500";"5,8149";"5,4565"
"174,4600";"5,8153";"5,4568"
"174,4700";"5,8157";"5,4580"
"174,4800";"5,8160";"5,4596"
"174,4900";"5,8164";"5,4601"
"174,5000";"5,8167";"5,4595"
"174,5100";"5,8170";"5,4595"
"174,5200";"5,8172";"5,4595"
"174,5300";"5,8175";"5,4581"
"174,5400";"5,8178";"5,4578"
"174,5500";"5,8181";"5,4604"
"174,5600";"5,8185";"5,4644"
"174,5700";"5,8188";"5,4657"
"174,5800";"5,8192";"5,4630"
"174,5900";"5,8195";"5,4598"
"174,6000";"5,8199";"5,4601"
"174,6100";"5,8204";"5,4617"
"174,6200";"5,8207";"5,4629"
"174,6300";"5,8211";"5,4636"
"174,6400";"5,8214";"5,4651"
"174,6500";"5,8218";"5,4666"
"174,6600";"5,8221";"5,4672"
"174,6700";"5,8224";"5,4654"
"174,6800";"5,8227";"5,4641"
"174,6900";"5,8230";"5,4633"
"174,7000";"5,8233";"5,4638"
"174,7100";"5,8236";"5,4650"
"174,7200";"5,8239";"5,4663"
"174,7300";"5,8243";"5,4673"
"174,7400";"5,8246";"5,4677"
"174,7500";"5,8250";"5,4680"
"174,7600";"5,8253";"5,4674"
"174,7700";"5,8258";"5,4660"
"174,7800";"5,8262";"5,4650"
"174,7900";"5,8265";"5,4655"
"174,8000";"5,8269";"5,4672"
"174,8100";"5,8272";"5,4680"
"174,8200";"5,8276";"5,4688"
"174,8300";"5,8279";"5,4701"
"174,8400";"5,8283";"5,4719"
"174,8500";"5,8286";"5,4718"
"174,8600";"5,8289";"5,4694"
"174,8700";"5,8291";"5,4686"
"174,8800";"5,8293";"5,4722"
"174,8900";"5,8296";"5,4744"
"174,9000";"5,8299";"5,4739"
"174,9100";"5,8303";"5,4722"
"174,9200";"5,8306";"5,4727"
"174,9300";"5,8309";"5,4739"
"174,9400";"5,8312";"5,4726"
"174,9500";"5,8316";"5,4695"
"174,9600";"5,8319";"5,4697"
"174,9700";"5,8323";"5,4724"
"174,9800";"5,8327";"5,4760"
"174,9900";"5,8330";"5,4781"
"175,0000";"5,8334";"5,4774"
"175,0100";"5,8337";"5,4754"
"175,0200";"5,8340";"5,4735"
"175,0300";"5,8342";"5,4726"
"175,0400";"5,8345";"5,4732"
"175,0500";"5,8349";"5,4736"
"175,0600";"5,8352";"5,4746"
"175,0700";"5,8355";"5,4744"
"175,0800";"5,8358";"5,4756"
"175,0900";"5,8362";"5,4785"
"175,1000";"5,8365";"5,4802"
"175,1100";"5,8369";"5,4790"
"175,1200";"5,8373";"5,4769"
"175,1300";"5,8376";"5,4768"
"175,1400";"5,8380";"5,4772"
"175,1500";"5,8383";"5,4774"
"175,1600";"5,8386";"5,4785"
"175,1700";"5,8390";"5,4798"
"175,1800";"5,8393";"5,4819"
"175,1900";"5,8396";"5,4822"
"175,2000";"5,8399";"5,4809"
"175,2100";"5,8402";"5,4796"
"175,2200";"5,8406";"5,4787"
"175,2300";"5,8408";"5,4779"
"175,2400";"5,8412";"5,4773"
"175,2500";"5,8415";"5,4785"
"175,2600";"5,8419";"5,4802"
"175,2700";"5,8422";"5,4814"
"175,2800";"5,8427";"5,4819"
"175,2900";"5,8430";"5,4829"
"175,3000";"5,8434";"5,4835"
"175,3100";"5,8437";"5,4827"
"175,3200";"5,8441";"5,4823"
"175,3300";"5,8445";"5,4830"
"175,3400";"5,8447";"5,4828"
"175,3500";"5,8450";"5,4816"
"175,3600";"5,8453";"5,4818"
"175,3700";"5,8456";"5,4841"
"175,3800";"5,8459";"5,4872"
"175,3900";"5,8462";"5,4887"
"175,4000";"5,8466";"5,4888"
"175,4100";"5,8469";"5,4897"
"175,4200";"5,8473";"5,4899"
"175,4300";"5,8476";"5,4895"
"175,4400";"5,8480";"5,4892"
"175,4500";"5,8484";"5,4888"
"175,4600";"5,8487";"5,4877"
"175,4700";"5,8491";"5,4869"
"175,4800";"5,8494";"5,4871"
"175,4900";"5,8497";"5,4861"
"175,5000";"5,8500";"5,4868"
"175,5100";"5,8504";"5,4874"
"175,5200";"5,8507";"5,4874"
"175,5300";"5,8510";"5,4878"
"175,5400";"5,8513";"5,4885"
"175,5500";"5,8515";"5,4903"
"175,5600";"5,8518";"5,4926"
"175,5700";"5,8521";"5,4937"
"175,5800";"5,8525";"5,4930"
"175,5900";"5,8527";"5,4912"
"175,6000";"5,8531";"5,4906"
"175,6100";"5,8534";"5,4923"
"175,6200";"5,8538";"5,4943"
"175,6300";"5,8541";"5,4930"
"175,6400";"5,8545";"5,4909"
"175,6500";"5,8548";"5,4917"
"175,6600";"5,8552";"5,4937"
"175,6700";"5,8556";"5,4934"
"175,6800";"5,8559";"5,4914"
"175,6900";"5,8561";"5,4908"
"175,7000";"5,8565";"5,4911"
"175,7100";"5,8567";"5,4929"
"175,7200";"5,8571";"5,4929"
"175,7300";"5,8573";"5,4931"
"175,7400";"5,8577";"5,4950"
"175,7500";"5,8580";"5,4956"
"175,7600";"5,8584";"5,4945"
"175,7700";"5,8587";"5,4939"
"175,7800";"5,8591";"5,4941"
"175,7900";"5,8595";"5,4948"
"175,8000";"5,8598";"5,4959"
"175,8100";"5,8603";"5,4976"
"175,8200";"5,8606";"5,4967"
"175,8300";"5,8610";"5,4952"
"175,8400";"5,8613";"5,4953"
"175,8500";"5,8617";"5,4967"
"175,8600";"5,8619";"5,4987"
"175,8700";"5,8622";"5,4973"
"175,8800";"5,8625";"5,4948"
"175,8900";"5,8629";"5,4957"
"175,9000";"5,8631";"5,4996"
"175,9100";"5,8635";"5,5027"
"175,9200";"5,8638";"5,5028"
"175,9300";"5,8642";"5,5014"
"175,9400";"5,8646";"5,5012"
"175,9500";"5,8650";"5,5013"
"175,9600";"5,8654";"5,5000"
"175,9700";"5,8657";"5,4982"
"175,9800";"5,8661";"5,4984"
"175,9900";"5,8664";"5,5000"
"176,0000";"5,8668";"5,5009"
"176,0100";"5,8671";"5,5001"
"176,0200";"5,8674";"5,5002"
"176,0300";"5,8676";"5,5031"
"176,0400";"5,8680";"5,5048"
"176,0500";"5,8683";"5,5038"
"176,0600";"5,8685";"5,5026"
"176,0700";"5,8689";"5,5036"
"176,0800";"5,8692";"5,5046"
"176,0900";"5,8696";"5,5053"
"176,1000";"5,8700";"5,5051"
"176,1100";"5,8704";"5,5036"
"176,1200";"5,8708";"5,5035"
"176,1300";"5,8711";"5,5058"
"176,1400";"5,8715";"5,5078"
"176,1500";"5,8718";"5,5079"
"176,1600";"5,8722";"5,5073"
"176,1700";"5,8726";"5,5074"
"176,1800";"5,8728";"5,5074"
"176,1900";"5,8731";"5,5072"
"176,2000";"5,8735";"5,5075"
"176,2100";"5,8737";"5,5085"
"176,2200";"5,8740";"5,5104"
"176,2300";"5,8743";"5,5126"
"176,2400";"5,8747";"5,5130"
"176,2500";"5,8749";"5,5123"
"176,2600";"5,8753";"5,5106"
"176,2700";"5,8756";"5,5105"
"176,2800";"5,8760";"5,5104"
"176,2900";"5,8763";"5,5093"
"176,3000";"5,8767";"5,5103"
"176,3100";"5,8770";"5,5121"
"176,3200";"5,8774";"5,5132"
"176,3300";"5,8776";"5,5131"
"176,3400";"5,8780";"5,5125"
"176,3500";"5,8783";"5,5136"
"176,3600";"5,8787";"5,5146"
"176,3700";"5,8789";"5,5144"
"176,3800";"5,8793";"5,5134"
"176,3900";"5,8795";"5,5136"
"176,4000";"5,8799";"5,5168"
"176,4100";"5,8802";"5,5184"
"176,4200";"5,8806";"5,5176"
"176,4300";"5,8808";"5,5145"
"176,4400";"5,8812";"5,5127"
"176,4500";"5,8815";"5,5128"
"176,4600";"5,8819";"5,5135"
"176,4700";"5,8822";"5,5146"
"176,4800";"5,8826";"5,5156"
"176,4900";"5,8829";"5,5172"
"176,5000";"5,8833";"5,5188"
"176,5100";"5,8835";"5,5187"
"176,5200";"5,8840";"5,5178"
"176,5300";"5,8842";"5,5167"
"176,5400";"5,8846";"5,5163"
"176,5500";"5,8848";"5,5181"
"176,5600";"5,8852";"5,5187"
"176,5700";"5,8855";"5,5180"
"176,5800";"5,8859";"5,5192"
"176,5900";"5,8862";"5,5209"
"176,6000";"5,8866";"5,5229"
"176,6100";"5,8870";"5,5214"
"176,6200";"5,8873";"5,5198"
"176,6300";"5,8877";"5,5188"
"176,6400";"5,8881";"5,5188"
"176,6500";"5,8885";"5,5187"
"176,6600";"5,8888";"5,5177"
"176,6700";"5,8891";"5,5176"
"176,6800";"5,8894";"5,5198"
"176,6900";"5,8897";"5,5213"
"176,7000";"5,8900";"5,5219"
"176,7100";"5,8904";"5,5219"
"176,7200";"5,8906";"5,5218"
"176,7300";"5,8910";"5,5200"
"176,7400";"5,8913";"5,5194"
"176,7500";"5,8917";"5,5206"
"176,7600";"5,8920";"5,5227"
"176,7700";"5,8924";"5,5256"
"176,7800";"5,8927";"5,5284"
"176,7900";"5,8931";"5,5284"
"176,8000";"5,8935";"5,5269"
"176,8100";"5,8938";"5,5249"
"176,8200";"5,8942";"5,5247"
"176,8300";"5,8945";"5,5252"
"176,8400";"5,8949";"5,5261"
"176,8500";"5,8952";"5,5273"
"176,8600";"5,8955";"5,5278"
"176,8700";"5,8958";"5,5287"
"176,8800";"5,8960";"5,5294"
"176,8900";"5,8963";"5,5290"
"176,9000";"5,8966";"5,5273"
"176,9100";"5,8970";"5,5264"
"176,9200";"5,8972";"5,5272"
"176,9300";"5,8976";"5,5273"
"176,9400";"5,8979";"5,5269"
"176,9500";"5,8983";"5,5264"
"176,9600";"5,8986";"5,5276"
"176,9700";"5,8989";"5,5293"
"176,9800";"5,8992";"5,5303"
"176,9900";"5,8996";"5,5300"
"177,0000";"5,8999";"5,5312"
"177,0100";"5,9004";"5,5327"
"177,0200";"5,9008";"5,5331"
"177,0300";"5,9010";"5,5318"
"177,0400";"5,9014";"5,5311"
"177,0500";"5,9016";"5,5317"
"177,0600";"5,9019";"5,5319"
"177,0700";"5,9022";"5,5323"
"177,0800";"5,9025";"5,5315"
"177,0900";"5,9028";"5,5317"
"177,1000";"5,9031";"5,5334"
"177,1100";"5,9035";"5,5360"
"177,1200";"5,9037";"5,5368"
"177,1300";"5,9041";"5,5346"
"177,1400";"5,9044";"5,5331"
"177,1500";"5,9048";"5,5345"
"177,1600";"5,9051";"5,5371"
"177,1700";"5,9055";"5,5371"
"177,1800";"5,9058";"5,5338"
"177,1900";"5,9062";"5,5316"
"177,2000";"5,9064";"5,5339"
"177,2100";"5,9067";"5,5363"
"177,2200";"5,9070";"5,5354"
"177,2300";"5,9073";"5,5332"
"177,2400";"5,9076";"5,5328"
"177,2500";"5,9080";"5,5354"
"177,2600";"5,9084";"5,5387"
"177,2700";"5,9088";"5,5406"
"177,2800";"5,9092";"5,5401"
"177,2900";"5,9096";"5,5394"
"177,3000";"5,9100";"5,5392"
"177,3100";"5,9103";"5,5390"
"177,3200";"5,9107";"5,5383"
"177,3300";"5,9112";"5,5381"
"177,3400";"5,9114";"5,5385"
"177,3500";"5,9117";"5,5394"
"177,3600";"5,9120";"5,5397"
"177,3700";"5,9123";"5,5409"
"177,3800";"5,9127";"5,5424"
"177,3900";"5,9129";"5,5437"
"177,4000";"5,9133";"5,5438"
"177,4100";"5,9136";"5,5420"
"177,4200";"5,9140";"5,5424"
"177,4300";"5,9142";"5,5441"
"177,4400";"5,9146";"5,5460"
"177,4500";"5,9149";"5,5462"
"177,4600";"5,9153";"5,5457"
"177,4700";"5,9156";"5,5446"
"177,4800";"5,9161";"5,5446"
"177,4900";"5,9165";"5,5449"
"177,5000";"5,9168";"5,5444"
"177,5100";"5,9171";"5,5432"
"177,5200";"5,9174";"5,5431"
"177,5300";"5,9178";"5,5452"
"177,5400";"5,9180";"5,5466"
"177,5500";"5,9182";"5,5464"
"177,5600";"5,9185";"5,5463"
"177,5700";"5,9188";"5,5478"
"177,5800";"5,9191";"5,5495"
"177,5900";"5,9194";"5,5495"
"177,6000";"5,9198";"5,5494"
"177,6100";"5,9201";"5,5504"
"177,6200";"5,9204";"5,5505"
"177,6300";"5,9207";"5,5493"
"177,6400";"5,9211";"5,5484"
"177,6500";"5,9214";"5,5500"
"177,6600";"5,9219";"5,5511"
"177,6700";"5,9223";"5,5506"
"177,6800";"5,9226";"5,5484"
"177,6900";"5,9230";"5,5484"
"177,7000";"5,9233";"5,5499"
"177,7100";"5,9237";"5,5521"
"177,7200";"5,9239";"5,5538"
"177,7300";"5,9243";"5,5538"
"177,7400";"5,9245";"5,5538"
"177,7500";"5,9249";"5,5533"
"177,7600";"5,9251";"5,5515"
"177,7700";"5,9254";"5,5504"
"177,7800";"5,9258";"5,5508"
"177,7900";"5,9262";"5,5521"
"177,8000";"5,9265";"5,5550"
"177,8100";"5,9269";"5,5562"
"177,8200";"5,9272";"5,5561"
"177,8300";"5,9276";"5,5551"
"177,8400";"5,9279";"5,5554"
"177,8500";"5,9283";"5,5568"
"177,8600";"5,9286";"5,5557"
"177,8700";"5,9290";"5,5521"
"177,8800";"5,9292";"5,5511"
"177,8900";"5,9296";"5,5538"
"177,9000";"5,9298";"5,5574"
"177,9100";"5,9302";"5,5580"
"177,9200";"5,9304";"5,5569"
"177,9300";"5,9309";"5,5568"
"177,9400";"5,9312";"5,5572"
"177,9500";"5,9316";"5,5577"
"177,9600";"5,9321";"5,5580"
"177,9700";"5,9324";"5,5580"
"177,9800";"5,9328";"5,5579"
"177,9900";"5,9332";"5,5576"
"178,0000";"5,9336";"5,5577"
"178,0100";"5,9338";"5,5588"
"178,0200";"5,9342";"5,5598"
"178,0300";"5,9344";"5,5607"
"178,0400";"5,9348";"5,5610"
"178,0500";"5,9351";"5,5617"
"178,0600";"5,9354";"5,5617"
"178,0700";"5,9357";"5,5614"
"178,0800";"5,9361";"5,5621"
"178,0900";"5,9364";"5,5630"
"178,1000";"5,9368";"5,5618"
"178,1100";"5,9371";"5,5603"
"178,1200";"5,9375";"5,5605"
"178,1300";"5,9378";"5,5621"
"178,1400";"5,9382";"5,5640"
"178,1500";"5,9385";"5,5644"
"178,1600";"5,9389";"5,5643"
"178,1700";"5,9391";"5,5661"
"178,1800";"5,9395";"5,5677"
"178,1900";"5,9398";"5,5665"
"178,2000";"5,9402";"5,5641"
"178,2100";"5,9406";"5,5637"
"178,2200";"5,9408";"5,5673"
"178,2300";"5,9410";"5,5712"
"178,2400";"5,9414";"5,5697"
"178,2500";"5,9417";"5,5652"
"178,2600";"5,9420";"5,5635"
"178,2700";"5,9423";"5,5651"
"178,2800";"5,9427";"5,5669"
"178,2900";"5,9429";"5,5683"
"178,3000";"5,9433";"5,5694"
"178,3100";"5,9436";"5,5679"
"178,3200";"5,9440";"5,5665"
"178,3300";"5,9443";"5,5665"
"178,3400";"5,9447";"5,5672"
"178,3500";"5,9450";"5,5688"
"178,3600";"5,9455";"5,5704"
"178,3700";"5,9457";"5,5703"
"178,3800";"5,9461";"5,5700"
"178,3900";"5,9463";"5,5692"
"178,4000";"5,9467";"5,5682"
"178,4100";"5,9469";"5,5692"
"178,4200";"5,9473";"5,5684"
"178,4300";"5,9475";"5,5678"
"178,4400";"5,9479";"5,5681"
"178,4500";"5,9482";"5,5697"
"178,4600";"5,9486";"5,5724"
"178,4700";"5,9489";"5,5738"
"178,4800";"5,9493";"5,5718"
"178,4900";"5,9496";"5,5686"
"178,5000";"5,9500";"5,5695"
"178,5100";"5,9504";"5,5728"
"178,5200";"5,9507";"5,5757"
"178,5300";"5,9511";"5,5763"
"178,5400";"5,9514";"5,5755"
"178,5500";"5,9517";"5,5756"
"178,5600";"5,9519";"5,5762"
"178,5700";"5,9522";"5,5768"
"178,5800";"5,9526";"5,5757"
"178,5900";"5,9528";"5,5738"
"178,6000";"5,9532";"5,5717"
"178,6100";"5,9535";"5,5717"
"178,6200";"5,9539";"5,5740"
"178,6300";"5,9542";"5,5772"
"178,6400";"5,9546";"5,5797"
"178,6500";"5,9550";"5,5802"
"178,6600";"5,9553";"5,5790"
"178,6700";"5,9558";"5,5768"
"178,6800";"5,9560";"5,5753"
"178,6900";"5,9564";"5,5756"
"178,7000";"5,9567";"5,5775"
"178,7100";"5,9570";"5,5790"
"178,7200";"5,9573";"5,5798"
"178,7300";"5,9577";"5,5800"
"178,7400";"5,9580";"5,5812"
"178,7500";"5,9584";"5,5835"
"178,7600";"5,9586";"5,5838"
"178,7700";"5,9590";"5,5814"
"178,7800";"5,9593";"5,5792"
"178,7900";"5,9597";"5,5791"
"178,8000";"5,9600";"5,5813"
"178,8100";"5,9604";"5,5815"
"178,8200";"5,9607";"5,5822"
"178,8300";"5,9611";"5,5838"
"178,8400";"5,9615";"5,5836"
"178,8500";"5,9618";"5,5825"
"178,8600";"5,9620";"5,5814"
"178,8700";"5,9624";"5,5805"
"178,8800";"5,9627";"5,5807"
"178,8900";"5,9630";"5,5822"
"178,9000";"5,9632";"5,5839"
"178,9100";"5,9635";"5,5848"
"178,9200";"5,9638";"5,5842"
"178,9300";"5,9642";"5,5829"
"178,9400";"5,9645";"5,5826"
"178,9500";"5,9648";"5,5841"
"178,9600";"5,9651";"5,5857"
"178,9700";"5,9656";"5,5858"
"178,9800";"5,9659";"5,5858"
"178,9900";"5,9663";"5,5869"
"179,0000";"5,9666";"5,5888"
"179,0100";"5,9670";"5,5891"
"179,0200";"5,9672";"5,5880"
"179,0300";"5,9676";"5,5864"
"179,0400";"5,9679";"5,5855"
"179,0500";"5,9683";"5,5860"
"179,0600";"5,9685";"5,5875"
"179,0700";"5,9689";"5,5898"
"179,0800";"5,9691";"5,5912"
"179,0900";"5,9695";"5,5911"
"179,1000";"5,9698";"5,5905"
"179,1100";"5,9701";"5,5911"
"179,1200";"5,9704";"5,5904"
"179,1300";"5,9708";"5,5888"
"179,1400";"5,9711";"5,5879"
"179,1500";"5,9715";"5,5894"
"179,1600";"5,9718";"5,5910"
"179,1700";"5,9722";"5,5920"
"179,1800";"5,9727";"5,5928"
"179,1900";"5,9730";"5,5940"
"179,2000";"5,9734";"5,5931"
"179,2100";"5,9737";"5,5911"
"179,2200";"5,9740";"5,5899"
"179,2300";"5,9743";"5,5914"
"179,2400";"5,9746";"5,5934"
"179,2500";"5,9749";"5,5937"
"179,2600";"5,9751";"5,5924"
"179,2700";"5,9755";"5,5916"
"179,2800";"5,9759";"5,5921"
"179,2900";"5,9762";"5,5935"
"179,3000";"5,9766";"5,5931"
"179,3100";"5,9768";"5,5930"
"179,3200";"5,9772";"5,5943"
"179,3300";"5,9775";"5,5953"
"179,3400";"5,9779";"5,5951"
"179,3500";"5,9782";"5,5946"
"179,3600";"5,9786";"5,5951"
"179,3700";"5,9789";"5,5959"
"179,3800";"5,9792";"5,5968"
"179,3900";"5,9795";"5,5984"
"179,4000";"5,9797";"5,6004"
"179,4100";"5,9801";"5,6022"
"179,4200";"5,9805";"5,6022"
"179,4300";"5,9807";"5,6015"
"179,4400";"5,9810";"5,6001"
"179,4500";"5,9814";"5,5990"
"179,4600";"5,9818";"5,5972"
"179,4700";"5,9821";"5,5964"
"179,4800";"5,9826";"5,5983"
"179,4900";"5,9829";"5,6002"
"179,5000";"5,9833";"5,6008"
"179,5100";"5,9836";"5,6000"
"179,5200";"5,9840";"5,6001"
"179,5300";"5,9844";"5,6003"
"179,5400";"5,9847";"5,5993"
"179,5500";"5,9849";"5,5994"
"179,5600";"5,9853";"5,6019"
"179,5700";"5,9855";"5,6047"
"179,5800";"5,9859";"5,6047"
"179,5900";"5,9861";"5,6032"
"179,6000";"5,9865";"5,6020"
"179,6100";"5,9868";"5,6027"
"179,6200";"5,9871";"5,6041"
"179,6300";"5,9874";"5,6054"
"179,6400";"5,9878";"5,6073"
"179,6500";"5,9881";"5,6071"
"179,6600";"5,9885";"5,6062"
"179,6700";"5,9888";"5,6074"
"179,6800";"5,9892";"5,6082"
"179,6900";"5,9895";"5,6068"
"179,7000";"5,9899";"5,6038"
"179,7100";"5,9903";"5,6024"
"179,7200";"5,9906";"5,6042"
"179,7300";"5,9910";"5,6073"
"179,7400";"5,9912";"5,6100"
"179,7500";"5,9916";"5,6115"
"179,7600";"5,9918";"5,6118"
"179,7700";"5,9921";"5,6108"
"179,7800";"5,9925";"5,6086"
"179,7900";"5,9929";"5,6071"
"179,8000";"5,9932";"5,6075"
"179,8100";"5,9936";"5,6099"
"179,8200";"5,9939";"5,6108"
"179,8300";"5,9943";"5,6089"
"179,8400";"5,9946";"5,6073"
"179,8500";"5,9951";"5,6084"
"179,8600";"5,9955";"5,6104"
"179,8700";"5,9958";"5,6118"
"179,8800";"5,9962";"5,6133"
"179,8900";"5,9964";"5,6150"
"179,9000";"5,9967";"5,6166"
"179,9100";"5,9970";"5,6162"
"179,9200";"5,9973";"5,6146"
"179,9300";"5,9976";"5,6128"
"179,9400";"5,9979";"5,6127"
"179,9500";"5,9983";"5,6140"
"179,9600";"5,9986";"5,6152"
"179,9700";"5,9990";"5,6155"
"179,9800";"5,9995";"5,6157"
"179,9900";"5,9998";"5,6172"
"180,0000";"6,0002";"5,6193"
"180,0100";"6,0005";"5,6190"
"180,0200";"6,0009";"5,6167"
"180,0300";"6,0012";"5,6151"
"180,0400";"6,0015";"5,6161"
"180,0500";"6,0017";"5,6168"
"180,0600";"6,0021";"5,6149"
"180,0700";"6,0023";"5,6126"
"180,0800";"6,0027";"5,6133"
"180,0900";"6,0030";"5,6166"
"180,1000";"6,0034";"5,6195"
"180,1100";"6,0036";"5,6202"
"180,1200";"6,0041";"5,6205"
"180,1300";"6,0044";"5,6209"
"180,1400";"6,0048";"5,6213"
"180,1500";"6,0051";"5,6196"
"180,1600";"6,0055";"5,6174"
"180,1700";"6,0058";"5,6178"
"180,1800";"6,0062";"5,6198"
"180,1900";"6,0065";"5,6216"
"180,2000";"6,0069";"5,6208"
"180,2100";"6,0071";"5,6181"
"180,2200";"6,0075";"5,6165"
"180,2300";"6,0078";"5,6179"
"180,2400";"6,0081";"5,6220"
"180,2500";"6,0083";"5,6243"
"180,2600";"6,0086";"5,6238"
"180,2700";"6,0089";"5,6218"
"180,2800";"6,0093";"5,6216"
"180,2900";"6,0096";"5,6217"
"180,3000";"6,0099";"5,6208"
"180,3100";"6,0102";"5,6206"
"180,3200";"6,0106";"5,6207"
"180,3300";"6,0109";"5,6222"
"180,3400";"6,0113";"5,6240"
"180,3500";"6,0116";"5,6257"
"180,3600";"6,0120";"5,6276"
"180,3700";"6,0123";"5,6286"
"180,3800";"6,0127";"5,6272"
"180,3900";"6,0130";"5,6251"
"180,4000";"6,0134";"5,6246"
"180,4100";"6,0136";"5,6261"
"180,4200";"6,0140";"5,6291"
"180,4300";"6,0142";"5,6295"
"180,4400";"6,0146";"5,6283"
"180,4500";"6,0148";"5,6278"
"180,4600";"6,0152";"5,6286"
"180,4700";"6,0155";"5,6292"
"180,4800";"6,0159";"5,6290"
"180,4900";"6,0162";"5,6275"
"180,5000";"6,0166";"5,6262"
"180,5100";"6,0169";"5,6257"
"180,5200";"6,0173";"5,6256"
"180,5300";"6,0176";"5,6275"
"180,5400";"6,0181";"5,6305"
"180,5500";"6,0185";"5,6323"
"180,5600";"6,0187";"5,6325"
"180,5700";"6,0191";"5,6309"
"180,5800";"6,0193";"5,6311"
"180,5900";"6,0197";"5,6321"
"180,6000";"6,0199";"5,6334"
"180,6100";"6,0202";"5,6342"
"180,6200";"6,0206";"5,6338"
"180,6300";"6,0210";"5,6327"
"180,6400";"6,0213";"5,6326"
"180,6500";"6,0217";"5,6338"
"180,6600";"6,0220";"5,6349"
"180,6700";"6,0224";"5,6345"
"180,6800";"6,0227";"5,6337"
"180,6900";"6,0231";"5,6336"
"180,7000";"6,0234";"5,6360"
"180,7100";"6,0237";"5,6378"
"180,7200";"6,0240";"5,6386"
"180,7300";"6,0243";"5,6380"
"180,7400";"6,0246";"5,6368"
"180,7500";"6,0250";"5,6353"
"180,7600";"6,0253";"5,6343"
"180,7700";"6,0256";"5,6343"
"180,7800";"6,0259";"5,6367"
"180,7900";"6,0263";"5,6399"
"180,8000";"6,0266";"5,6419"
"180,8100";"6,0270";"5,6429"
"180,8200";"6,0273";"5,6439"
"180,8300";"6,0277";"5,6428"
"180,8400";"6,0280";"5,6404"
"180,8500";"6,0283";"5,6395"
"180,8600";"6,0286";"5,6387"
"180,8700";"6,0290";"5,6384"
"180,8800";"6,0293";"5,6385"
"180,8900";"6,0297";"5,6387"
"180,9000";"6,0300";"5,6399"
"180,9100";"6,0303";"5,6417"
"180,9200";"6,0305";"5,6418"
"180,9300";"6,0309";"5,6409"
"180,9400";"6,0312";"5,6403"
"180,9500";"6,0315";"5,6416"
"180,9600";"6,0318";"5,6445"
"180,9700";"6,0322";"5,6461"
"180,9800";"6,0324";"5,6454"
"180,9900";"6,0328";"5,6442"
"181,0000";"6,0331";"5,6424"
"181,0100";"6,0335";"5,6410"
"181,0200";"6,0338";"5,6422"
"181,0300";"6,0343";"5,6450"
"181,0400";"6,0346";"5,6465"
"181,0500";"6,0350";"5,6462"
"181,0600";"6,0352";"5,6457"
"181,0700";"6,0356";"5,6459"
"181,0800";"6,0358";"5,6455"
"181,0900";"6,0362";"5,6442"
"181,1000";"6,0364";"5,6430"
"181,1100";"6,0368";"5,6425"
"181,1200";"6,0370";"5,6420"
"181,1300";"6,0374";"5,6441"
"181,1400";"6,0377";"5,6475"
"181,1500";"6,0381";"5,6504"
"181,1600";"6,0384";"5,6511"
"181,1700";"6,0388";"5,6486"
"181,1800";"6,0391";"5,6468"
"181,1900";"6,0395";"5,6469"
"181,2000";"6,0398";"5,6480"
"181,2100";"6,0402";"5,6478"
"181,2200";"6,0405";"5,6472"
"181,2300";"6,0409";"5,6484"
"181,2400";"6,0413";"5,6493"
"181,2500";"6,0416";"5,6493"
"181,2600";"6,0418";"5,6501"
"181,2700";"6,0421";"5,6516"
"181,2800";"6,0424";"5,6532"
"181,2900";"6,0428";"5,6538"
"181,3000";"6,0430";"5,6527"
"181,3100";"6,0434";"5,6516"
"181,3200";"6,0439";"5,6523"
"181,3300";"6,0442";"5,6535"
"181,3400";"6,0446";"5,6545"
"181,3500";"6,0449";"5,6555"
"181,3600";"6,0453";"5,6555"
"181,3700";"6,0456";"5,6545"
"181,3800";"6,0461";"5,6549"
"181,3900";"6,0465";"5,6560"
"181,4000";"6,0467";"5,6575"
"181,4100";"6,0470";"5,6580"
"181,4200";"6,0473";"5,6570"
"181,4300";"6,0476";"5,6562"
"181,4400";"6,0480";"5,6551"
"181,4500";"6,0482";"5,6553"
"181,4600";"6,0486";"5,6566"
"181,4700";"6,0489";"5,6589"
"181,4800";"6,0493";"5,6611"
"181,4900";"6,0496";"5,6599"
"181,5000";"6,0500";"5,6573"
"181,5100";"6,0503";"5,6562"
"181,5200";"6,0507";"5,6571"
"181,5300";"6,0511";"5,6592"
"181,5400";"6,0514";"5,6591"
"181,5500";"6,0518";"5,6592"
"181,5600";"6,0521";"5,6606"
"181,5700";"6,0524";"5,6609"
"181,5800";"6,0527";"5,6602"
"181,5900";"6,0529";"5,6601"
"181,6000";"6,0532";"5,6604"
"181,6100";"6,0535";"5,6610"
"181,6200";"6,0539";"5,6609"
"181,6300";"6,0541";"5,6608"
"181,6400";"6,0545";"5,6625"
"181,6500";"6,0548";"5,6630"
"181,6600";"6,0552";"5,6612"
"181,6700";"6,0555";"5,6595"
"181,6800";"6,0559";"5,6589"
"181,6900";"6,0562";"5,6599"
"181,7000";"6,0566";"5,6614"
"181,7100";"6,0570";"5,6633"
"181,7200";"6,0573";"5,6643"
"181,7300";"6,0577";"5,6651"
"181,7400";"6,0580";"5,6662"
"181,7500";"6,0584";"5,6661"
"181,7600";"6,0587";"5,6654"
"181,7700";"6,0590";"5,6648"
"181,7800";"6,0593";"5,6642"
"181,7900";"6,0597";"5,6657"
"181,8000";"6,0600";"5,6689"
"181,8100";"6,0604";"5,6700"
"181,8200";"6,0607";"5,6680"
"181,8300";"6,0611";"5,6670"
"181,8400";"6,0614";"5,6675"
"181,8500";"6,0618";"5,6689"
"181,8600";"6,0622";"5,6684"
"181,8700";"6,0625";"5,6667"
"181,8800";"6,0630";"5,6671"
"181,8900";"6,0632";"5,6701"
"181,9000";"6,0636";"5,6718"
"181,9100";"6,0639";"5,6713"
"181,9200";"6,0642";"5,6706"
"181,9300";"6,0644";"5,6697"
"181,9400";"6,0646";"5,6705"
"181,9500";"6,0650";"5,6730"
"181,9600";"6,0652";"5,6742"
"181,9700";"6,0656";"5,6732"
"181,9800";"6,0659";"5,6720"
"181,9900";"6,0663";"5,6710"
"182,0000";"6,0666";"5,6705"
"182,0100";"6,0670";"5,6699"
"182,0200";"6,0673";"5,6692"
"182,0300";"6,0677";"5,6698"
"182,0400";"6,0682";"5,6721"
"182,0500";"6,0685";"5,6739"
"182,0600";"6,0688";"5,6748"
"182,0700";"6,0691";"5,6748"
"182,0800";"6,0694";"5,6756"
"182,0900";"6,0697";"5,6763"
"182,1000";"6,0699";"5,6753"
"182,1100";"6,0703";"5,6732"
"182,1200";"6,0705";"5,6728"
"182,1300";"6,0709";"5,6740"
"182,1400";"6,0712";"5,6746"
"182,1500";"6,0716";"5,6746"
"182,1600";"6,0720";"5,6746"
"182,1700";"6,0723";"5,6761"
"182,1800";"6,0727";"5,6778"
"182,1900";"6,0730";"5,6793"
"182,2000";"6,0734";"5,6791"
"182,2100";"6,0737";"5,6788"
"182,2200";"6,0741";"5,6773"
"182,2300";"6,0744";"5,6761"
"182,2400";"6,0748";"5,6769"
"182,2500";"6,0751";"5,6804"
"182,2600";"6,0754";"5,6816"
"182,2700";"6,0757";"5,6809"
"182,2800";"6,0760";"5,6809"
"182,2900";"6,0763";"5,6818"
"182,3000";"6,0766";"5,6806"
"182,3100";"6,0769";"5,6794"
"182,3200";"6,0773";"5,6792"
"182,3300";"6,0776";"5,6804"
"182,3400";"6,0780";"5,6818"
"182,3500";"6,0783";"5,6821"
"182,3600";"6,0787";"5,6822"
"182,3700";"6,0790";"5,6834"
"182,3800";"6,0794";"5,6847"
"182,3900";"6,0797";"5,6839"
"182,4000";"6,0801";"5,6818"
"182,4100";"6,0805";"5,6821"
"182,4200";"6,0807";"5,6854"
"182,4300";"6,0810";"5,6881"
"182,4400";"6,0813";"5,6895"
"182,4500";"6,0815";"5,6886"
"182,4600";"6,0819";"5,6859"
"182,4700";"6,0822";"5,6842"
"182,4800";"6,0826";"5,6855"
"182,4900";"6,0828";"5,6870"
"182,5000";"6,0832";"5,6868"
"182,5100";"6,0835";"5,6860"
"182,5200";"6,0839";"5,6871"
"182,5300";"6,0842";"5,6900"
"182,5400";"6,0846";"5,6919"
"182,5500";"6,0849";"5,6899"
"182,5600";"6,0853";"5,6872"
"182,5700";"6,0856";"5,6879"
"182,5800";"6,0860";"5,6898"
"182,5900";"6,0862";"5,6904"
"182,6000";"6,0866";"5,6902"
"182,6100";"6,0868";"5,6911"
"182,6200";"6,0872";"5,6924"
"182,6300";"6,0874";"5,6908"
"182,6400";"6,0878";"5,6878"
"182,6500";"6,0881";"5,6863"
"182,6600";"6,0885";"5,6886"
"182,6700";"6,0888";"5,6906"
"182,6800";"6,0892";"5,6911"
"182,6900";"6,0897";"5,6902"
"182,7000";"6,0900";"5,6893"
"182,7100";"6,0904";"5,6902"
"182,7200";"6,0907";"5,6926"
"182,7300";"6,0911";"5,6933"
"182,7400";"6,0914";"5,6920"
"182,7500";"6,0917";"5,6919"
"182,7600";"6,0920";"5,6938"
"182,7700";"6,0923";"5,6964"
"182,7800";"6,0926";"5,6968"
"182,7900";"6,0928";"5,6947"
"182,8000";"6,0932";"5,6928"
"182,8100";"6,0936";"5,6930"
"182,8200";"6,0939";"5,6955"
"182,8300";"6,0941";"5,6966"
"182,8400";"6,0946";"5,6955"
"182,8500";"6,0950";"5,6964"
"182,8600";"6,0953";"5,6998"
"182,8700";"6,0957";"5,7018"
"182,8800";"6,0960";"5,7008"
"182,8900";"6,0964";"5,6988"
"182,9000";"6,0966";"5,6981"
"182,9100";"6,0970";"5,6986"
"182,9200";"6,0973";"5,6988"
"182,9300";"6,0977";"5,6983"
"182,9400";"6,0979";"5,6984"
"182,9500";"6,0982";"5,6993"
"182,9600";"6,0985";"5,6988"
"182,9700";"6,0987";"5,6970"
"182,9800";"6,0991";"5,6957"
"182,9900";"6,0995";"5,6973"
"183,0000";"6,0998";"5,6993"
"183,0100";"6,1002";"5,6996"
"183,0200";"6,1004";"5,6996"
"183,0300";"6,1008";"5,6990"
"183,0400";"6,1011";"5,6993"
"183,0500";"6,1015";"5,7017"
"183,0600";"6,1018";"5,7038"
"183,0700";"6,1022";"5,7031"
"183,0800";"6,1025";"5,7016"
"183,0900";"6,1029";"5,7016"
"183,1000";"6,1031";"5,7017"
"183,1100";"6,1035";"5,6993"
"183,1200";"6,1037";"5,6954"
"183,1300";"6,1039";"5,6949"
"183,1400";"6,1043";"5,6999"
"183,1500";"6,1047";"5,7065"
"183,1600";"6,1050";"5,7097"
"183,1700";"6,1054";"5,7093"
"183,1800";"6,1057";"5,7084"
"183,1900";"6,1061";"5,7084"
"183,2000";"6,1064";"5,7082"
"183,2100";"6,1068";"5,7083"
"183,2200";"6,1072";"5,7074"
"183,2300";"6,1076";"5,7055"
"183,2400";"6,1080";"5,7027"
"183,2500";"6,1083";"5,7008"
"183,2600";"6,1087";"5,7017"
"183,2700";"6,1090";"5,7036"
"183,2800";"6,1094";"5,7044"
"183,2900";"6,1096";"5,7055"
"183,3000";"6,1100";"5,7102"
"183,3100";"6,1103";"5,7159"
"183,3200";"6,1106";"5,7176"
"183,3300";"6,1109";"5,7156"
"183,3400";"6,1113";"5,7133"
"183,3500";"6,1115";"5,7110"
"183,3600";"6,1119";"5,7077"
"183,3700";"6,1122";"5,7050"
"183,3800";"6,1126";"5,7043"
"183,3900";"6,1129";"5,7064"
"183,4000";"6,1134";"5,7088"
"183,4100";"6,1137";"5,7103"
"183,4200";"6,1140";"5,7131"
"183,4300";"6,1142";"5,7163"
"183,4400";"6,1146";"5,7189"
"183,4500";"6,1149";"5,7176"
"183,4600";"6,1152";"5,7145"
"183,4700";"6,1155";"5,7129"
"183,4800";"6,1159";"5,7122"
"183,4900";"6,1162";"5,7121"
"183,5000";"6,1166";"5,7126"
"183,5100";"6,1169";"5,7130"
"183,5200";"6,1173";"5,7126"
"183,5300";"6,1176";"5,7141"
"183,5400";"6,1180";"5,7166"
"183,5500";"6,1183";"5,7174"
"183,5600";"6,1187";"5,7155"
"183,5700";"6,1192";"5,7125"
"183,5800";"6,1194";"5,7124"
"183,5900";"6,1198";"5,7154"
"183,6000";"6,1201";"5,7175"
"183,6100";"6,1205";"5,7176"
"183,6200";"6,1207";"5,7168"
"183,6300";"6,1211";"5,7174"
"183,6400";"6,1213";"5,7193"
"183,6500";"6,1217";"5,7199"
"183,6600";"6,1220";"5,7201"
"183,6700";"6,1224";"5,7218"
"183,6800";"6,1227";"5,7228"
"183,6900";"6,1230";"5,7215"
"183,7000";"6,1233";"5,7194"
"183,7100";"6,1238";"5,7187"
"183,7200";"6,1241";"5,7191"
"183,7300";"6,1245";"5,7217"
"183,7400";"6,1248";"5,7236"
"183,7500";"6,1252";"5,7239"
"183,7600";"6,1254";"5,7230"
"183,7700";"6,1258";"5,7222"
"183,7800";"6,1260";"5,7231"
"183,7900";"6,1264";"5,7238"
"183,8000";"6,1266";"5,7225"
"183,8100";"6,1268";"5,7220"
"183,8200";"6,1272";"5,7229"
"183,8300";"6,1276";"5,7249"
"183,8400";"6,1279";"5,7251"
"183,8500";"6,1283";"5,7252"
"183,8600";"6,1286";"5,7261"
"183,8700";"6,1290";"5,7277"
"183,8800";"6,1293";"5,7282"
"183,8900";"6,1297";"5,7273"
"183,9000";"6,1300";"5,7258"
"183,9100";"6,1304";"5,7266"
"183,9200";"6,1307";"5,7290"
"183,9300";"6,1311";"5,7296"
"183,9400";"6,1315";"5,7283"
"183,9500";"6,1318";"5,7274"
"183,9600";"6,1320";"5,7277"
"183,9700";"6,1323";"5,7287"
"183,9800";"6,1326";"5,7283"
"183,9900";"6,1330";"5,7282"
"184,0000";"6,1333";"5,7280"
"184,0100";"6,1337";"5,7277"
"184,0200";"6,1340";"5,7282"
"184,0300";"6,1344";"5,7303"
"184,0400";"6,1348";"5,7329"
"184,0500";"6,1351";"5,7339"
"184,0600";"6,1355";"5,7329"
"184,0700";"6,1358";"5,7318"
"184,0800";"6,1362";"5,7312"
"184,0900";"6,1365";"5,7306"
"184,1000";"6,1368";"5,7297"
"184,1100";"6,1371";"5,7298"
"184,1200";"6,1374";"5,7309"
"184,1300";"6,1377";"5,7312"
"184,1400";"6,1381";"5,7306"
"184,1500";"6,1383";"5,7315"
"184,1600";"6,1387";"5,7330"
"184,1700";"6,1390";"5,7339"
"184,1800";"6,1394";"5,7340"
"184,1900";"6,1397";"5,7344"
"184,2000";"6,1402";"5,7348"
"184,2100";"6,1405";"5,7360"
"184,2200";"6,1409";"5,7376"
"184,2300";"6,1412";"5,7390"
"184,2400";"6,1416";"5,7391"
"184,2500";"6,1418";"5,7377"
"184,2600";"6,1422";"5,7354"
"184,2700";"6,1425";"5,7359"
"184,2800";"6,1428";"5,7378"
"184,2900";"6,1430";"5,7379"
"184,3000";"6,1434";"5,7364"
"184,3100";"6,1436";"5,7366"
"184,3200";"6,1440";"5,7381"
"184,3300";"6,1442";"5,7395"
"184,3400";"6,1446";"5,7386"
"184,3500";"6,1448";"5,7386"
"184,3600";"6,1451";"5,7388"
"184,3700";"6,1455";"5,7412"
"184,3800";"6,1459";"5,7421"
"184,3900";"6,1462";"5,7418"
"184,4000";"6,1466";"5,7414"
"184,4100";"6,1469";"5,7424"
"184,4200";"6,1473";"5,7441"
"184,4300";"6,1476";"5,7443"
"184,4400";"6,1480";"5,7436"
"184,4500";"6,1482";"5,7440"
"184,4600";"6,1486";"5,7461"
"184,4700";"6,1488";"5,7469"
"184,4800";"6,1490";"5,7458"
"184,4900";"6,1494";"5,7426"
"184,5000";"6,1497";"5,7415"
"184,5100";"6,1500";"5,7429"
"184,5200";"6,1503";"5,7444"
"184,5300";"6,1507";"5,7435"
"184,5400";"6,1512";"5,7417"
"184,5500";"6,1515";"5,7412"
"184,5600";"6,1519";"5,7431"
"184,5700";"6,1522";"5,7442"
"184,5800";"6,1526";"5,7441"
"184,5900";"6,1529";"5,7444"
"184,6000";"6,1533";"5,7464"
"184,6100";"6,1536";"5,7488"
"184,6200";"6,1540";"5,7490"
"184,6300";"6,1542";"5,7483"
"184,6400";"6,1545";"5,7485"
"184,6500";"6,1548";"5,7494"
"184,6600";"6,1552";"5,7489"
"184,6700";"6,1554";"5,7486"
"184,6800";"6,1558";"5,7482"
"184,6900";"6,1561";"5,7477"
"184,7000";"6,1565";"5,7475"
"184,7100";"6,1568";"5,7484"
"184,7200";"6,1573";"5,7501"
"184,7300";"6,1577";"5,7513"
"184,7400";"6,1580";"5,7514"
"184,7500";"6,1584";"5,7506"
"184,7600";"6,1587";"5,7502"
"184,7700";"6,1591";"5,7501"
"184,7800";"6,1594";"5,7511"
"184,7900";"6,1597";"5,7524"
"184,8000";"6,1600";"5,7544"
"184,8100";"6,1603";"5,7556"
"184,8200";"6,1606";"5,7555"
"184,8300";"6,1608";"5,7545"
"184,8400";"6,1612";"5,7547"
"184,8500";"6,1616";"5,7537"
"184,8600";"6,1619";"5,7516"
"184,8700";"6,1623";"5,7517"
"184,8800";"6,1626";"5,7537"
"184,8900";"6,1630";"5,7549"
"184,9000";"6,1633";"5,7548"
"184,9100";"6,1637";"5,7549"
"184,9200";"6,1640";"5,7556"
"184,9300";"6,1643";"5,7561"
"184,9400";"6,1646";"5,7555"
"184,9500";"6,1650";"5,7540"
"184,9600";"6,1653";"5,7544"
"184,9700";"6,1657";"5,7554"
"184,9800";"6,1659";"5,7559"
"184,9900";"6,1663";"5,7548"
"185,0000";"6,1665";"5,7538"
"185,0100";"6,1669";"5,7557"
"185,0200";"6,1671";"5,7580"
"185,0300";"6,1675";"5,7595"
"185,0400";"6,1678";"5,7588"
"185,0500";"6,1682";"5,7581"
"185,0600";"6,1685";"5,7592"
"185,0700";"6,1689";"5,7606"
"185,0800";"6,1692";"5,7602"
"185,0900";"6,1696";"5,7592"
"185,1000";"6,1699";"5,7600"
"185,1100";"6,1702";"5,7611"
"185,1200";"6,1705";"5,7622"
"185,1300";"6,1709";"5,7630"
"185,1400";"6,1711";"5,7627"
"185,1500";"6,1714";"5,7614"
"185,1600";"6,1717";"5,7606"
"185,1700";"6,1721";"5,7614"
"185,1800";"6,1723";"5,7626"
"185,1900";"6,1727";"5,7633"
"185,2000";"6,1730";"5,7628"
"185,2100";"6,1734";"5,7629"
"185,2200";"6,1737";"5,7640"
"185,2300";"6,1741";"5,7635"
"185,2400";"6,1745";"5,7620"
"185,2500";"6,1749";"5,7616"
"185,2600";"6,1752";"5,7624"
"185,2700";"6,1756";"5,7633"
"185,2800";"6,1760";"5,7645"
"185,2900";"6,1763";"5,7658"
"185,3000";"6,1767";"5,7665"
"185,3100";"6,1769";"5,7667"
"185,3200";"6,1773";"5,7659"
"185,3300";"6,1775";"5,7668"
"185,3400";"6,1778";"5,7687"
"185,3500";"6,1781";"5,7690"
"185,3600";"6,1784";"5,7669"
"185,3700";"6,1788";"5,7654"
"185,3800";"6,1791";"5,7667"
"185,3900";"6,1795";"5,7693"
"185,4000";"6,1800";"5,7708"
"185,4100";"6,1803";"5,7705"
"185,4200";"6,1807";"5,7720"
"185,4300";"6,1810";"5,7722"
"185,4400";"6,1814";"5,7699"
"185,4500";"6,1817";"5,7686"
"185,4600";"6,1821";"5,7687"
"185,4700";"6,1823";"5,7690"
"185,4800";"6,1827";"5,7693"
"185,4900";"6,1830";"5,7699"
"185,5000";"6,1834";"5,7722"
"185,5100";"6,1836";"5,7739"
"185,5200";"6,1840";"5,7744"
"185,5300";"6,1843";"5,7736"
"185,5400";"6,1848";"5,7712"
"185,5500";"6,1852";"5,7707"
"185,5600";"6,1855";"5,7722"
"185,5700";"6,1859";"5,7741"
"185,5800";"6,1862";"5,7755"
"185,5900";"6,1866";"5,7764"
"185,6000";"6,1869";"5,7755"
"185,6100";"6,1872";"5,7754"
"185,6200";"6,1875";"5,7763"
"185,6300";"6,1878";"5,7764"
"185,6400";"6,1881";"5,7751"
"185,6500";"6,1884";"5,7748"
"185,6600";"6,1887";"5,7774"
"185,6700";"6,1889";"5,7806"
"185,6800";"6,1893";"5,7807"
"185,6900";"6,1895";"5,7786"
"185,7000";"6,1899";"5,7771"
"185,7100";"6,1902";"5,7773"
"185,7200";"6,1906";"5,7768"
"185,7300";"6,1910";"5,7756"
"185,7400";"6,1912";"5,7759"
"185,7500";"6,1915";"5,7796"
"185,7600";"6,1919";"5,7833"
"185,7700";"6,1922";"5,7836"
"185,7800";"6,1926";"5,7821"
"185,7900";"6,1930";"5,7818"
"185,8000";"6,1933";"5,7801"
"185,8100";"6,1935";"5,7778"
"185,8200";"6,1939";"5,7769"
"185,8300";"6,1941";"5,7793"
"185,8400";"6,1945";"5,7821"
"185,8500";"6,1948";"5,7829"
"185,8600";"6,1952";"5,7821"
"185,8700";"6,1954";"5,7818"
"185,8800";"6,1958";"5,7816"
"185,8900";"6,1961";"5,7815"
"185,9000";"6,1965";"5,7835"
"185,9100";"6,1969";"5,7852"
"185,9200";"6,1972";"5,7853"
"185,9300";"6,1976";"5,7849"
"185,9400";"6,1979";"5,7860"
"185,9500";"6,1984";"5,7870"
"185,9600";"6,1986";"5,7859"
"185,9700";"6,1990";"5,7845"
"185,9800";"6,1993";"5,7843"
"185,9900";"6,1996";"5,7863"
"186,0000";"6,1998";"5,7877"
"186,0100";"6,2002";"5,7872"
"186,0200";"6,2005";"5,7857"
"186,0300";"6,2007";"5,7864"
"186,0400";"6,2012";"5,7893"
"186,0500";"6,2016";"5,7889"
"186,0600";"6,2019";"5,7874"
"186,0700";"6,2024";"5,7866"
"186,0800";"6,2028";"5,7876"
"186,0900";"6,2031";"5,7886"
"186,1000";"6,2035";"5,7897"
"186,1100";"6,2038";"5,7910"
"186,1200";"6,2042";"5,7938"
"186,1300";"6,2045";"5,7951"
"186,1400";"6,2048";"5,7943"
"186,1500";"6,2050";"5,7921"
"186,1600";"6,2054";"5,7902"
"186,1700";"6,2056";"5,7878"
"186,1800";"6,2059";"5,7875"
"186,1900";"6,2063";"5,7894"
"186,2000";"6,2067";"5,7911"
"186,2100";"6,2070";"5,7932"
"186,2200";"6,2074";"5,7941"
"186,2300";"6,2077";"5,7934"
"186,2400";"6,2081";"5,7929"
"186,2500";"6,2084";"5,7925"
"186,2600";"6,2088";"5,7935"
"186,2700";"6,2091";"5,7948"
"186,2800";"6,2095";"5,7943"
"186,2900";"6,2098";"5,7936"
"186,3000";"6,2101";"5,7931"
"186,3100";"6,2104";"5,7943"
"186,3200";"6,2108";"5,7958"
"186,3300";"6,2110";"5,7946"
"186,3400";"6,2113";"5,7939"
"186,3500";"6,2115";"5,7956"
"186,3600";"6,2118";"5,7988"
"186,3700";"6,2121";"5,7995"
"186,3800";"6,2124";"5,7992"
"186,3900";"6,2128";"5,7992"
"186,4000";"6,2131";"5,7981"
"186,4100";"6,2135";"5,7961"
"186,4200";"6,2137";"5,7943"
"186,4300";"6,2141";"5,7948"
"186,4400";"6,2144";"5,7978"
"186,4500";"6,2148";"5,7996"
"186,4600";"6,2152";"5,7984"
"186,4700";"6,2155";"5,7978"
"186,4800";"6,2157";"5,7995"
"186,4900";"6,2161";"5,8005"
"186,5000";"6,2163";"5,7988"
"186,5100";"6,2167";"5,7972"
"186,5200";"6,2170";"5,7987"
"186,5300";"6,2173";"5,8006"
"186,5400";"6,2176";"5,8027"
"186,5500";"6,2180";"5,8042"
"186,5600";"6,2183";"5,8045"
"186,5700";"6,2187";"5,8031"
"186,5800";"6,2190";"5,8016"
"186,5900";"6,2194";"5,8012"
"186,6000";"6,2198";"5,8033"
"186,6100";"6,2201";"5,8069"
"186,6200";"6,2206";"5,8099"
"186,6300";"6,2209";"5,8118"
"186,6400";"6,2213";"5,8110"
"186,6500";"6,2215";"5,8084"
"186,6600";"6,2219";"5,8056"
"186,6700";"6,2221";"5,8041"
"186,6800";"6,2225";"5,8045"
"186,6900";"6,2227";"5,8049"
"186,7000";"6,2231";"5,8051"
"186,7100";"6,2234";"5,8069"
"186,7200";"6,2238";"5,8092"
"186,7300";"6,2241";"5,8093"
"186,7400";"6,2245";"5,8066"
"186,7500";"6,2248";"5,8050"
"186,7600";"6,2252";"5,8056"
"186,7700";"6,2257";"5,8078"
"186,7800";"6,2261";"5,8091"
"186,7900";"6,2265";"5,8096"
"186,8000";"6,2268";"5,8100"
"186,8100";"6,2271";"5,8098"
"186,8200";"6,2274";"5,8083"
"186,8300";"6,2277";"5,8081"
"186,8400";"6,2279";"5,8089"
"186,8500";"6,2283";"5,8104"
"186,8600";"6,2286";"5,8101"
"186,8700";"6,2288";"5,8099"
"186,8800";"6,2292";"5,8109"
"186,8900";"6,2296";"5,8132"
"186,9000";"6,2299";"5,8150"
"186,9100";"6,2303";"5,8127"
"186,9200";"6,2306";"5,8089"
"186,9300";"6,2310";"5,8087"
"186,9400";"6,2313";"5,8102"
"186,9500";"6,2317";"5,8129"
"186,9600";"6,2320";"5,8155"
"186,9700";"6,2324";"5,8169"
"186,9800";"6,2327";"5,8167"
"186,9900";"6,2331";"5,8162"
"187,0000";"6,2333";"5,8172"
"187,0100";"6,2336";"5,8178"
"187,0200";"6,2339";"5,8164"
"187,0300";"6,2342";"5,8150"
"187,0400";"6,2345";"5,8150"
"187,0500";"6,2349";"5,8173"
"187,0600";"6,2351";"5,8199"
"187,0700";"6,2355";"5,8198"
"187,0800";"6,2358";"5,8177"
"187,0900";"6,2362";"5,8162"
"187,1000";"6,2365";"5,8150"
"187,1100";"6,2369";"5,8147"
"187,1200";"6,2372";"5,8185"
"187,1300";"6,2376";"5,8227"
"187,1400";"6,2379";"5,8233"
"187,1500";"6,2383";"5,8198"
"187,1600";"6,2385";"5,8179"
"187,1700";"6,2389";"5,8202"
"187,1800";"6,2391";"5,8209"
"187,1900";"6,2395";"5,8189"
"187,2000";"6,2397";"5,8163"
"187,2100";"6,2401";"5,8175"
"187,2200";"6,2404";"5,8213"
"187,2300";"6,2409";"5,8239"
"187,2400";"6,2412";"5,8238"
"187,2500";"6,2416";"5,8240"
"187,2600";"6,2420";"5,8240"
"187,2700";"6,2423";"5,8222"
"187,2800";"6,2427";"5,8211"
"187,2900";"6,2431";"5,8226"
"187,3000";"6,2435";"5,8254"
"187,3100";"6,2438";"5,8266"
"187,3200";"6,2442";"5,8253"
"187,3300";"6,2444";"5,8249"
"187,3400";"6,2447";"5,8270"
"187,3500";"6,2450";"5,8292"
"187,3600";"6,2453";"5,8292"
"187,3700";"6,2456";"5,8257"
"187,3800";"6,2460";"5,8241"
"187,3900";"6,2463";"5,8240"
"187,4000";"6,2467";"5,8267"
"187,4100";"6,2470";"5,8292"
"187,4200";"6,2474";"5,8282"
"187,4300";"6,2479";"5,8253"
"187,4400";"6,2482";"5,8247"
"187,4500";"6,2486";"5,8270"
"187,4600";"6,2489";"5,8290"
"187,4700";"6,2493";"5,8297"
"187,4800";"6,2495";"5,8306"
"187,4900";"6,2499";"5,8321"
"187,5000";"6,2501";"5,8343"
"187,5100";"6,2503";"5,8329"
"187,5200";"6,2507";"5,8307"
"187,5300";"6,2510";"5,8320"
"187,5400";"6,2513";"5,8338"
"187,5500";"6,2516";"5,8324"
"187,5600";"6,2520";"5,8312"
"187,5700";"6,2523";"5,8309"
"187,5800";"6,2527";"5,8337"
"187,5900";"6,2530";"5,8365"
"187,6000";"6,2535";"5,8355"
"187,6100";"6,2539";"5,8342"
"187,6200";"6,2542";"5,8349"
"187,6300";"6,2546";"5,8358"
"187,6400";"6,2549";"5,8359"
"187,6500";"6,2553";"5,8348"
"187,6600";"6,2555";"5,8352"
"187,6700";"6,2558";"5,8374"
"187,6800";"6,2561";"5,8388"
"187,6900";"6,2564";"5,8391"
"187,7000";"6,2567";"5,8374"
"187,7100";"6,2569";"5,8355"
"187,7200";"6,2573";"5,8350"
"187,7300";"6,2577";"5,8355"
"187,7400";"6,2580";"5,8362"
"187,7500";"6,2584";"5,8356"
"187,7600";"6,2587";"5,8351"
"187,7700";"6,2591";"5,8361"
"187,7800";"6,2594";"5,8394"
"187,7900";"6,2599";"5,8415"
"187,8000";"6,2601";"5,8405"
"187,8100";"6,2605";"5,8394"
"187,8200";"6,2608";"5,8411"
"187,8300";"6,2611";"5,8423"
"187,8400";"6,2613";"5,8418"
"187,8500";"6,2617";"5,8419"
"187,8600";"6,2619";"5,8431"
"187,8700";"6,2621";"5,8434"
"187,8800";"6,2625";"5,8413"
"187,8900";"6,2628";"5,8403"
"187,9000";"6,2631";"5,8410"
"187,9100";"6,2634";"5,8421"
"187,9200";"6,2638";"5,8412"
"187,9300";"6,2641";"5,8400"
"187,9400";"6,2645";"5,8394"
"187,9500";"6,2649";"5,8413"
"187,9600";"6,2652";"5,8438"
"187,9700";"6,2656";"5,8439"
"187,9800";"6,2659";"5,8428"
"187,9900";"6,2663";"5,8422"
"188,0000";"6,2666";"5,8415"
"188,0100";"6,2669";"5,8427"
"188,0200";"6,2671";"5,8443"
"188,0300";"6,2673";"5,8457"
"188,0400";"6,2677";"5,8472"
"188,0500";"6,2680";"5,8484"
"188,0600";"6,2684";"5,8502"
"188,0700";"6,2687";"5,8508"
"188,0800";"6,2691";"5,8490"
"188,0900";"6,2695";"5,8469"
"188,1000";"6,2699";"5,8462"
"188,1100";"6,2703";"5,8464"
"188,1200";"6,2706";"5,8457"
"188,1300";"6,2710";"5,8460"
"188,1400";"6,2713";"5,8470"
"188,1500";"6,2717";"5,8495"
"188,1600";"6,2721";"5,8505"
"188,1700";"6,2723";"5,8501"
"188,1800";"6,2726";"5,8506"
"188,1900";"6,2730";"5,8512"
"188,2000";"6,2732";"5,8504"
"188,2100";"6,2736";"5,8487"
"188,2200";"6,2739";"5,8491"
"188,2300";"6,2743";"5,8521"
"188,2400";"6,2748";"5,8520"
"188,2500";"6,2750";"5,8496"
"188,2600";"6,2755";"5,8481"
"188,2700";"6,2758";"5,8483"
"188,2800";"6,2761";"5,8497"
"188,2900";"6,2764";"5,8501"
"188,3000";"6,2768";"5,8517"
"188,3100";"6,2771";"5,8551"
"188,3200";"6,2775";"5,8564"
"188,3300";"6,2777";"5,8557"
"188,3400";"6,2781";"5,8547"
"188,3500";"6,2784";"5,8542"
"188,3600";"6,2787";"5,8543"
"188,3700";"6,2789";"5,8535"
"188,3800";"6,2791";"5,8527"
"188,3900";"6,2795";"5,8548"
"188,4000";"6,2798";"5,8565"
"188,4100";"6,2801";"5,8582"
"188,4200";"6,2804";"5,8570"
"188,4300";"6,2808";"5,8557"
"188,4400";"6,2811";"5,8549"
"188,4500";"6,2815";"5,8544"
"188,4600";"6,2819";"5,8556"
"188,4700";"6,2822";"5,8563"
"188,4800";"6,2826";"5,8564"
"188,4900";"6,2829";"5,8579"
"188,5000";"6,2833";"5,8598"
"188,5100";"6,2835";"5,8606"
"188,5200";"6,2839";"5,8608"
"188,5300";"6,2841";"5,8583"
"188,5400";"6,2845";"5,8557"
"188,5500";"6,2847";"5,8563"
"188,5600";"6,2850";"5,8576"
"188,5700";"6,2854";"5,8585"
"188,5800";"6,2857";"5,8584"
"188,5900";"6,2861";"5,8591"
"188,6000";"6,2865";"5,8604"
"188,6100";"6,2868";"5,8606"
"188,6200";"6,2872";"5,8603"
"188,6300";"6,2875";"5,8604"
"188,6400";"6,2879";"5,8606"
"188,6500";"6,2882";"5,8613"
"188,6600";"6,2886";"5,8620"
"188,6700";"6,2889";"5,8649"
"188,6800";"6,2892";"5,8663"
"188,6900";"6,2895";"5,8653"
"188,7000";"6,2898";"5,8637"
"188,7100";"6,2901";"5,8628"
"188,7200";"6,2904";"5,8631"
"188,7300";"6,2907";"5,8645"
"188,7400";"6,2911";"5,8654"
"188,7500";"6,2915";"5,8670"
"188,7600";"6,2919";"5,8679"
"188,7700";"6,2922";"5,8667"
"188,7800";"6,2926";"5,8658"
"188,7900";"6,2930";"5,8667"
"188,8000";"6,2933";"5,8680"
"188,8100";"6,2937";"5,8680"
"188,8200";"6,2940";"5,8678"
"188,8300";"6,2944";"5,8683"
"188,8400";"6,2946";"5,8699"
"188,8500";"6,2950";"5,8715"
"188,8600";"6,2952";"5,8705"
"188,8700";"6,2955";"5,8684"
"188,8800";"6,2958";"5,8685"
"188,8900";"6,2961";"5,8695"
"188,9000";"6,2965";"5,8702"
"188,9100";"6,2968";"5,8702"
"188,9200";"6,2972";"5,8708"
"188,9300";"6,2976";"5,8726"
"188,9400";"6,2979";"5,8744"
"188,9500";"6,2983";"5,8753"
"188,9600";"6,2987";"5,8747"
"188,9700";"6,2991";"5,8735"
"188,9800";"6,2994";"5,8709"
"188,9900";"6,2998";"5,8697"
"189,0000";"6,3002";"5,8709"
"189,0100";"6,3004";"5,8726"
"189,0200";"6,3007";"5,8733"
"189,0300";"6,3010";"5,8731"
"189,0400";"6,3012";"5,8741"
"189,0500";"6,3016";"5,8750"
"189,0600";"6,3018";"5,8759"
"189,0700";"6,3022";"5,8751"
"189,0800";"6,3025";"5,8744"
"189,0900";"6,3029";"5,8757"
"189,1000";"6,3031";"5,8778"
"189,1100";"6,3035";"5,8799"
"189,1200";"6,3038";"5,8819"
"189,1300";"6,3042";"5,8824"
"189,1400";"6,3045";"5,8810"
"189,1500";"6,3049";"5,8785"
"189,1600";"6,3052";"5,8764"
"189,1700";"6,3056";"5,8758"
"189,1800";"6,3059";"5,8754"
"189,1900";"6,3062";"5,8786"
"189,2000";"6,3065";"5,8845"
"189,2100";"6,3068";"5,8868"
"189,2200";"6,3071";"5,8816"
"189,2300";"6,3075";"5,8737"
"189,2400";"6,3078";"5,8707"
"189,2500";"6,3082";"5,8743"
"189,2600";"6,3085";"5,8787"
"189,2700";"6,3089";"5,8823"
"189,2800";"6,3092";"5,8854"
"189,2900";"6,3096";"5,8871"
"189,3000";"6,3100";"5,8877"
"189,3100";"6,3103";"5,8874"
"189,3200";"6,3107";"5,8875"
"189,3300";"6,3110";"5,8884"
"189,3400";"6,3114";"5,8863"
"189,3500";"6,3117";"5,8803"
"189,3600";"6,3120";"5,8763"
"189,3700";"6,3122";"5,8762"
"189,3800";"6,3125";"5,8778"
"189,3900";"6,3129";"5,8803"
"189,4000";"6,3133";"5,8830"
"189,4100";"6,3136";"5,8866"
"189,4200";"6,3140";"5,8914"
"189,4300";"6,3143";"5,8949"
"189,4400";"6,3147";"5,8966"
"189,4500";"6,3151";"5,8945"
"189,4600";"6,3155";"5,8881"
"189,4700";"6,3160";"5,8810"
"189,4800";"6,3163";"5,8773"
"189,4900";"6,3166";"5,8768"
"189,5000";"6,3169";"5,8777"
"189,5100";"6,3172";"5,8792"
"189,5200";"6,3175";"5,8829"
"189,5300";"6,3177";"5,8908"
"189,5400";"6,3181";"5,8987"
"189,5500";"6,3185";"5,9020"
"189,5600";"6,3187";"5,9001"
"189,5700";"6,3190";"5,8965"
"189,5800";"6,3194";"5,8922"
"189,5900";"6,3197";"5,8870"
"189,6000";"6,3201";"5,8827"
"189,6100";"6,3205";"5,8832"
"189,6200";"6,3208";"5,8864"
"189,6300";"6,3212";"5,8898"
"189,6400";"6,3215";"5,8914"
"189,6500";"6,3219";"5,8945"
"189,6600";"6,3222";"5,8972"
"189,6700";"6,3225";"5,8979"
"189,6800";"6,3228";"5,8950"
"189,6900";"6,3231";"5,8905"
"189,7000";"6,3233";"5,8881"
"189,7100";"6,3236";"5,8904"
"189,7200";"6,3239";"5,8929"
"189,7300";"6,3242";"5,8939"
"189,7400";"6,3245";"5,8921"
"189,7500";"6,3248";"5,8907"
"189,7600";"6,3252";"5,8911"
"189,7700";"6,3255";"5,8940"
"189,7800";"6,3259";"5,8959"
"189,7900";"6,3262";"5,8946"
"189,8000";"6,3266";"5,8946"
"189,8100";"6,3270";"5,8975"
"189,8200";"6,3273";"5,8998"
"189,8300";"6,3277";"5,8985"
"189,8400";"6,3280";"5,8956"
"189,8500";"6,3282";"5,8939"
"189,8600";"6,3286";"5,8949"
"189,8700";"6,3288";"5,8967"
"189,8800";"6,3292";"5,8983"
"189,8900";"6,3294";"5,9001"
"189,9000";"6,3298";"5,9020"
"189,9100";"6,3301";"5,9016"
"189,9200";"6,3305";"5,8994"
"189,9300";"6,3308";"5,8984"
"189,9400";"6,3312";"5,8990"
"189,9500";"6,3316";"5,9003"
"189,9600";"6,3318";"5,8999"
"189,9700";"6,3321";"5,9002"
"189,9800";"6,3325";"5,9010"
"189,9900";"6,3329";"5,9026"
"190,0000";"6,3332";"5,9034"
"190,0100";"6,3336";"5,9035"
"190,0200";"6,3339";"5,9029"
"190,0300";"6,3342";"5,9018"
"190,0400";"6,3344";"5,9014"
"190,0500";"6,3347";"5,9040"
"190,0600";"6,3351";"5,9059"
"190,0700";"6,3353";"5,9046"
"190,0800";"6,3357";"5,9029"
"190,0900";"6,3362";"5,9031"
"190,1000";"6,3365";"5,9059"
"190,1100";"6,3369";"5,9081"
"190,1200";"6,3372";"5,9079"
"190,1300";"6,3376";"5,9076"
"190,1400";"6,3379";"5,9083"
"190,1500";"6,3384";"5,9098"
"190,1600";"6,3386";"5,9097"
"190,1700";"6,3390";"5,9088"
"190,1800";"6,3393";"5,9080"
"190,1900";"6,3396";"5,9073"
"190,2000";"6,3398";"5,9058"
"190,2100";"6,3402";"5,9046"
"190,2200";"6,3405";"5,9069"
"190,2300";"6,3408";"5,9112"
"190,2400";"6,3411";"5,9141"
"190,2500";"6,3415";"5,9139"
"190,2600";"6,3418";"5,9126"
"190,2700";"6,3422";"5,9096"
"190,2800";"6,3425";"5,9070"
"190,2900";"6,3430";"5,9048"
"190,3000";"6,3435";"5,9049"
"190,3100";"6,3437";"5,9066"
"190,3200";"6,3441";"5,9129"
"190,3300";"6,3444";"5,9180"
"190,3400";"6,3448";"5,9178"
"190,3500";"6,3451";"5,9128"
"190,3600";"6,3454";"5,9080"
"190,3700";"6,3457";"5,9067"
"190,3800";"6,3460";"5,9081"
"190,3900";"6,3462";"5,9093"
"190,4000";"6,3465";"5,9098"
"190,4100";"6,3469";"5,9125"
"190,4200";"6,3471";"5,9170"
"190,4300";"6,3475";"5,9204"
"190,4400";"6,3478";"5,9201"
"190,4500";"6,3482";"5,9170"
"190,4600";"6,3484";"5,9156"
"190,4700";"6,3488";"5,9159"
"190,4800";"6,3491";"5,9158"
"190,4900";"6,3495";"5,9166"
"190,5000";"6,3499";"5,9180"
"190,5100";"6,3502";"5,9181"
"190,5200";"6,3504";"5,9164"
"190,5300";"6,3508";"5,9139"
"190,5400";"6,3512";"5,9146"
"190,5500";"6,3514";"5,9185"
"190,5600";"6,3517";"5,9214"
"190,5700";"6,3520";"5,9204"
"190,5800";"6,3523";"5,9207"
"190,5900";"6,3526";"5,9232"
"190,6000";"6,3530";"5,9244"
"190,6100";"6,3534";"5,9233"
"190,6200";"6,3537";"5,9212"
"190,6300";"6,3541";"5,9176"
"190,6400";"6,3545";"5,9145"
"190,6500";"6,3548";"5,9144"
"190,6600";"6,3552";"5,9175"
"190,6700";"6,3555";"5,9224"
"190,6800";"6,3559";"5,9269"
"190,6900";"6,3562";"5,9289"
"190,7000";"6,3566";"5,9287"
"190,7100";"6,3568";"5,9253"
"190,7200";"6,3572";"5,9205"
"190,7300";"6,3574";"5,9159"
"190,7400";"6,3578";"5,9182"
"190,7500";"6,3581";"5,9253"
"190,7600";"6,3585";"5,9307"
"190,7700";"6,3588";"5,9314"
"190,7800";"6,3593";"5,9299"
"190,7900";"6,3598";"5,9275"
"190,8000";"6,3601";"5,9257"
"190,8100";"6,3605";"5,9235"
"190,8200";"6,3608";"5,9225"
"190,8300";"6,3612";"5,9239"
"190,8400";"6,3614";"5,9266"
"190,8500";"6,3618";"5,9292"
"190,8600";"6,3620";"5,9312"
"190,8700";"6,3622";"5,9311"
"190,8800";"6,3626";"5,9291"
"190,8900";"6,3630";"5,9267"
"190,9000";"6,3633";"5,9262"
"190,9100";"6,3635";"5,9280"
"190,9200";"6,3640";"5,9292"
"190,9300";"6,3644";"5,9295"
"190,9400";"6,3647";"5,9296"
"190,9500";"6,3651";"5,9311"
"190,9600";"6,3654";"5,9327"
"190,9700";"6,3658";"5,9320"
"190,9800";"6,3661";"5,9313"
"190,9900";"6,3665";"5,9318"
"191,0000";"6,3669";"5,9308"
"191,0100";"6,3671";"5,9274"
"191,0200";"6,3674";"5,9270"
"191,0300";"6,3678";"5,9304"
"191,0400";"6,3682";"5,9327"
"191,0500";"6,3684";"5,9321"
"191,0600";"6,3686";"5,9312"
"191,0700";"6,3690";"5,9312"
"191,0800";"6,3693";"5,9313"
"191,0900";"6,3697";"5,9301"
"191,1000";"6,3699";"5,9295"
"191,1100";"6,3703";"5,9313"
"191,1200";"6,3706";"5,9358"
"191,1300";"6,3710";"5,9411"
"191,1400";"6,3713";"5,9433"
"191,1500";"6,3717";"5,9428"
"191,1600";"6,3720";"5,9385"
"191,1700";"6,3724";"5,9317"
"191,1800";"6,3728";"5,9267"
"191,1900";"6,3731";"5,9273"
"191,2000";"6,3735";"5,9330"
"191,2100";"6,3737";"5,9395"
"191,2200";"6,3741";"5,9422"
"191,2300";"6,3743";"5,9409"
"191,2400";"6,3746";"5,9395"
"191,2500";"6,3750";"5,9389"
"191,2600";"6,3752";"5,9376"
"191,2700";"6,3756";"5,9364"
"191,2800";"6,3759";"5,9353"
"191,2900";"6,3764";"5,9354"
"191,3000";"6,3768";"5,9373"
"191,3100";"6,3771";"5,9412"
"191,3200";"6,3775";"5,9445"
"191,3300";"6,3777";"5,9435"
"191,3400";"6,3781";"5,9410"
"191,3500";"6,3784";"5,9397"
"191,3600";"6,3787";"5,9410"
"191,3700";"6,3789";"5,9427"
"191,3800";"6,3792";"5,9435"
"191,3900";"6,3795";"5,9442"
"191,4000";"6,3798";"5,9448"
"191,4100";"6,3802";"5,9451"
"191,4200";"6,3805";"5,9444"
"191,4300";"6,3809";"5,9428"
"191,4400";"6,3813";"5,9413"
"191,4500";"6,3816";"5,9404"
"191,4600";"6,3820";"5,9402"
"191,4700";"6,3824";"5,9413"
"191,4800";"6,3828";"5,9447"
"191,4900";"6,3831";"5,9468"
"191,5000";"6,3835";"5,9483"
"191,5100";"6,3837";"5,9482"
"191,5200";"6,3841";"5,9462"
"191,5300";"6,3843";"5,9453"
"191,5400";"6,3847";"5,9455"
"191,5500";"6,3849";"5,9468"
"191,5600";"6,3853";"5,9458"
"191,5700";"6,3856";"5,9421"
"191,5800";"6,3860";"5,9391"
"191,5900";"6,3863";"5,9418"
"191,6000";"6,3867";"5,9495"
"191,6100";"6,3870";"5,9567"
"191,6200";"6,3874";"5,9579"
"191,6300";"6,3877";"5,9516"
"191,6400";"6,3881";"5,9447"
"191,6500";"6,3885";"5,9426"
"191,6600";"6,3888";"5,9449"
"191,6700";"6,3892";"5,9519"
"191,6800";"6,3894";"5,9593"
"191,6900";"6,3898";"5,9630"
"191,7000";"6,3901";"5,9609"
"191,7100";"6,3903";"5,9551"
"191,7200";"6,3906";"5,9522"
"191,7300";"6,3908";"5,9519"
"191,7400";"6,3912";"5,9510"
"191,7500";"6,3915";"5,9484"
"191,7600";"6,3919";"5,9473"
"191,7700";"6,3921";"5,9496"
"191,7800";"6,3925";"5,9529"
"191,7900";"6,3928";"5,9557"
"191,8000";"6,3932";"5,9573"
"191,8100";"6,3935";"5,9576"
"191,8200";"6,3939";"5,9556"
"191,8300";"6,3942";"5,9531"
"191,8400";"6,3946";"5,9524"
"191,8500";"6,3950";"5,9534"
"191,8600";"6,3953";"5,9540"
"191,8700";"6,3957";"5,9543"
"191,8800";"6,3960";"5,9548"
"191,8900";"6,3962";"5,9570"
"191,9000";"6,3965";"5,9595"
"191,9100";"6,3968";"5,9599"
"191,9200";"6,3972";"5,9580"
"191,9300";"6,3974";"5,9566"
"191,9400";"6,3978";"5,9561"
"191,9500";"6,3981";"5,9577"
"191,9600";"6,3985";"5,9604"
"191,9700";"6,3988";"5,9619"
"191,9800";"6,3992";"5,9604"
"191,9900";"6,3996";"5,9571"
"192,0000";"6,4000";"5,9550"
"192,0100";"6,4004";"5,9552"
"192,0200";"6,4007";"5,9559"
"192,0300";"6,4011";"5,9582"
"192,0400";"6,4014";"5,9615"
"192,0500";"6,4017";"5,9651"
"192,0600";"6,4019";"5,9657"
"192,0700";"6,4023";"5,9639"
"192,0800";"6,4026";"5,9604"
"192,0900";"6,4029";"5,9579"
"192,1000";"6,4032";"5,9575"
"192,1100";"6,4036";"5,9593"
"192,1200";"6,4039";"5,9634"
"192,1300";"6,4043";"5,9686"
"192,1400";"6,4046";"5,9727"
"192,1500";"6,4050";"5,9742"
"192,1600";"6,4053";"5,9714"
"192,1700";"6,4057";"5,9672"
"192,1800";"6,4060";"5,9630"
"192,1900";"6,4063";"5,9597"
"192,2000";"6,4066";"5,9597"
"192,2100";"6,4070";"5,9621"
"192,2200";"6,4072";"5,9652"
"192,2300";"6,4076";"5,9676"
"192,2400";"6,4079";"5,9679"
"192,2500";"6,4083";"5,9692"
"192,2600";"6,4086";"5,9679"
"192,2700";"6,4089";"5,9654"
"192,2800";"6,4094";"5,9633"
"192,2900";"6,4097";"5,9632"
"192,3000";"6,4101";"5,9637"
"192,3100";"6,4104";"5,9641"
"192,3200";"6,4108";"5,9650"
"192,3300";"6,4111";"5,9670"
"192,3400";"6,4114";"5,9689"
"192,3500";"6,4117";"5,9695"
"192,3600";"6,4121";"5,9678"
"192,3700";"6,4124";"5,9672"
"192,3800";"6,4128";"5,9697"
"192,3900";"6,4130";"5,9710"
"192,4000";"6,4132";"5,9704"
"192,4100";"6,4136";"5,9714"
"192,4200";"6,4138";"5,9736"
"192,4300";"6,4142";"5,9756"
"192,4400";"6,4144";"5,9743"
"192,4500";"6,4148";"5,9732"
"192,4600";"6,4151";"5,9716"
"192,4700";"6,4155";"5,9701"
"192,4800";"6,4158";"5,9707"
"192,4900";"6,4162";"5,9717"
"192,5000";"6,4166";"5,9749"
"192,5100";"6,4169";"5,9781"
"192,5200";"6,4173";"5,9819"
"192,5300";"6,4176";"5,9848"
"192,5400";"6,4180";"5,9834"
"192,5500";"6,4182";"5,9751"
"192,5600";"6,4184";"5,9648"
"192,5700";"6,4188";"5,9618"
"192,5800";"6,4190";"5,9692"
"192,5900";"6,4194";"5,9797"
"192,6000";"6,4196";"5,9863"
"192,6100";"6,4200";"5,9871"
"192,6200";"6,4203";"5,9839"
"192,6300";"6,4207";"5,9806"
"192,6400";"6,4210";"5,9777"
"192,6500";"6,4214";"5,9754"
"192,6600";"6,4217";"5,9743"
"192,6700";"6,4221";"5,9747"
"192,6800";"6,4226";"5,9759"
"192,6900";"6,4229";"5,9790"
"192,7000";"6,4233";"5,9823"
"192,7100";"6,4236";"5,9835"
"192,7200";"6,4239";"5,9818"
"192,7300";"6,4241";"5,9793"
"192,7400";"6,4245";"5,9762"
"192,7500";"6,4248";"5,9751"
"192,7600";"6,4252";"5,9766"
"192,7700";"6,4255";"5,9813"
"192,7800";"6,4258";"5,9852"
"192,7900";"6,4262";"5,9861"
"192,8000";"6,4266";"5,9831"
"192,8100";"6,4269";"5,9823"
"192,8200";"6,4273";"5,9851"
"192,8300";"6,4277";"5,9856"
"192,8400";"6,4280";"5,9824"
"192,8500";"6,4284";"5,9800"
"192,8600";"6,4287";"5,9814"
"192,8700";"6,4289";"5,9860"
"192,8800";"6,4293";"5,9891"
"192,8900";"6,4297";"5,9877"
"192,9000";"6,4300";"5,9838"
"192,9100";"6,4304";"5,9802"
"192,9200";"6,4307";"5,9792"
"192,9300";"6,4311";"5,9820"
"192,9400";"6,4314";"5,9882"
"192,9500";"6,4318";"5,9935"
"192,9600";"6,4323";"5,9944"
"192,9700";"6,4326";"5,9897"
"192,9800";"6,4330";"5,9839"
"192,9900";"6,4332";"5,9802"
"193,0000";"6,4336";"5,9810"
"193,0100";"6,4339";"5,9825"
"193,0200";"6,4343";"5,9854"
"193,0300";"6,4345";"5,9893"
"193,0400";"6,4349";"5,9947"
"193,0500";"6,4351";"5,9996"
"193,0600";"6,4353";"5,9988"
"193,0700";"6,4357";"5,9929"
"193,0800";"6,4359";"5,9858"
"193,0900";"6,4363";"5,9819"
"193,1000";"6,4365";"5,9836"
"193,1100";"6,4369";"5,9887"
"193,1200";"6,4372";"5,9939"
"193,1300";"6,4376";"5,9961"
"193,1400";"6,4379";"5,9958"
"193,1500";"6,4383";"5,9957"
"193,1600";"6,4386";"5,9946"
"193,1700";"6,4390";"5,9930"
"193,1800";"6,4393";"5,9922"
"193,1900";"6,4397";"5,9932"
"193,2000";"6,4400";"5,9938"
"193,2100";"6,4404";"5,9952"
"193,2200";"6,4408";"5,9988"
"193,2300";"6,4410";"6,0020"
"193,2400";"6,4413";"6,0013"
"193,2500";"6,4417";"5,9981"
"193,2600";"6,4419";"5,9946"
"193,2700";"6,4423";"5,9929"
"193,2800";"6,4426";"5,9930"
"193,2900";"6,4430";"5,9945"
"193,3000";"6,4434";"5,9961"
"193,3100";"6,4436";"5,9985"
"193,3200";"6,4439";"6,0008"
"193,3300";"6,4443";"6,0012"
"193,3400";"6,4447";"6,0001"
"193,3500";"6,4450";"5,9989"
"193,3600";"6,4454";"5,9979"
"193,3700";"6,4457";"5,9980"
"193,3800";"6,4461";"5,9990"
"193,3900";"6,4464";"6,0002"
"193,4000";"6,4467";"6,0008"
"193,4100";"6,4470";"5,9997"
"193,4200";"6,4472";"6,0004"
"193,4300";"6,4476";"6,0048"
"193,4400";"6,4480";"6,0077"
"193,4500";"6,4482";"6,0048"
"193,4600";"6,4485";"5,9980"
"193,4700";"6,4489";"5,9952"
"193,4800";"6,4493";"5,9986"
"193,4900";"6,4496";"6,0034"
"193,5000";"6,4500";"6,0047"
"193,5100";"6,4503";"6,0047"
"193,5200";"6,4507";"6,0042"
"193,5300";"6,4510";"6,0041"
"193,5400";"6,4513";"6,0033"
"193,5500";"6,4516";"6,0029"
"193,5600";"6,4519";"6,0022"
"193,5700";"6,4522";"6,0029"
"193,5800";"6,4524";"6,0058"
"193,5900";"6,4528";"6,0086"
"193,6000";"6,4532";"6,0093"
"193,6100";"6,4535";"6,0081"
"193,6200";"6,4539";"6,0062"
"193,6300";"6,4543";"6,0044"
"193,6400";"6,4547";"6,0026"
"193,6500";"6,4550";"6,0018"
"193,6600";"6,4554";"6,0039"
"193,6700";"6,4557";"6,0086"
"193,6800";"6,4561";"6,0109"
"193,6900";"6,4565";"6,0077"
"193,7000";"6,4568";"6,0036"
"193,7100";"6,4572";"6,0050"
"193,7200";"6,4574";"6,0121"
"193,7300";"6,4576";"6,0175"
"193,7400";"6,4580";"6,0163"
"193,7500";"6,4582";"6,0099"
"193,7600";"6,4585";"6,0047"
"193,7700";"6,4588";"6,0037"
"193,7800";"6,4592";"6,0073"
"193,7900";"6,4595";"6,0120"
"193,8000";"6,4598";"6,0141"
"193,8100";"6,4601";"6,0127"
"193,8200";"6,4606";"6,0124"
"193,8300";"6,4609";"6,0151"
"193,8400";"6,4613";"6,0152"
"193,8500";"6,4617";"6,0135"
"193,8600";"6,4619";"6,0100"
"193,8700";"6,4622";"6,0081"
"193,8800";"6,4626";"6,0105"
"193,8900";"6,4630";"6,0153"
"193,9000";"6,4633";"6,0191"
"193,9100";"6,4635";"6,0211"
"193,9200";"6,4638";"6,0200"
"193,9300";"6,4641";"6,0160"
"193,9400";"6,4645";"6,0110"
"193,9500";"6,4647";"6,0090"
"193,9600";"6,4651";"6,0116"
"193,9700";"6,4654";"6,0150"
"193,9800";"6,4658";"6,0158"
"193,9900";"6,4661";"6,0157"
"194,0000";"6,4665";"6,0178"
"194,0100";"6,4668";"6,0204"
"194,0200";"6,4672";"6,0209"
"194,0300";"6,4676";"6,0183"
"194,0400";"6,4679";"6,0166"
"194,0500";"6,4683";"6,0167"
"194,0600";"6,4686";"6,0176"
"194,0700";"6,4689";"6,0201"
"194,0800";"6,4691";"6,0212"
"194,0900";"6,4694";"6,0212"
"194,1000";"6,4698";"6,0192"
"194,1100";"6,4700";"6,0173"
"194,1200";"6,4705";"6,0190"
"194,1300";"6,4709";"6,0216"
"194,1400";"6,4712";"6,0207"
"194,1500";"6,4716";"6,0174"
"194,1600";"6,4719";"6,0175"
"194,1700";"6,4723";"6,0208"
"194,1800";"6,4727";"6,0250"
"194,1900";"6,4731";"6,0261"
"194,2000";"6,4735";"6,0240"
"194,2100";"6,4737";"6,0220"
"194,2200";"6,4739";"6,0222"
"194,2300";"6,4743";"6,0217"
"194,2400";"6,4746";"6,0222"
"194,2500";"6,4749";"6,0235"
"194,2600";"6,4752";"6,0232"
"194,2700";"6,4756";"6,0228"
"194,2800";"6,4759";"6,0235"
"194,2900";"6,4763";"6,0246"
"194,3000";"6,4768";"6,0247"
"194,3100";"6,4771";"6,0237"
"194,3200";"6,4775";"6,0227"
"194,3300";"6,4778";"6,0235"
"194,3400";"6,4781";"6,0261"
"194,3500";"6,4784";"6,0287"
"194,3600";"6,4788";"6,0305"
"194,3700";"6,4791";"6,0307"
"194,3800";"6,4794";"6,0294"
"194,3900";"6,4797";"6,0267"
"194,4000";"6,4800";"6,0250"
"194,4100";"6,4803";"6,0252"
"194,4200";"6,4805";"6,0253"
"194,4300";"6,4809";"6,0282"
"194,4400";"6,4811";"6,0339"
"194,4500";"6,4815";"6,0384"
"194,4600";"6,4818";"6,0361"
"194,4700";"6,4822";"6,0279"
"194,4800";"6,4824";"6,0210"
"194,4900";"6,4828";"6,0227"
"194,5000";"6,4831";"6,0287"
"194,5100";"6,4835";"6,0327"
"194,5200";"6,4838";"6,0341"
"194,5300";"6,4842";"6,0344"
"194,5400";"6,4846";"6,0349"
"194,5500";"6,4849";"6,0353"
"194,5600";"6,4853";"6,0355"
"194,5700";"6,4856";"6,0341"
"194,5800";"6,4859";"6,0319"
"194,5900";"6,4862";"6,0309"
"194,6000";"6,4864";"6,0329"
"194,6100";"6,4868";"6,0349"
"194,6200";"6,4870";"6,0348"
"194,6300";"6,4874";"6,0331"
"194,6400";"6,4877";"6,0327"
"194,6500";"6,4881";"6,0319"
"194,6600";"6,4886";"6,0320"
"194,6700";"6,4889";"6,0324"
"194,6800";"6,4893";"6,0343"
"194,6900";"6,4896";"6,0373"
"194,7000";"6,4901";"6,0391"
"194,7100";"6,4905";"6,0380"
"194,7200";"6,4907";"6,0378"
"194,7300";"6,4910";"6,0394"
"194,7400";"6,4913";"6,0408"
"194,7500";"6,4916";"6,0398"
"194,7600";"6,4919";"6,0391"
"194,7700";"6,4922";"6,0403"
"194,7800";"6,4925";"6,0440"
"194,7900";"6,4928";"6,0453"
"194,8000";"6,4932";"6,0411"
"194,8100";"6,4935";"6,0360"
"194,8200";"6,4939";"6,0351"
"194,8300";"6,4942";"6,0366"
"194,8400";"6,4947";"6,0394"
"194,8500";"6,4951";"6,0421"
"194,8600";"6,4954";"6,0425"
"194,8700";"6,4957";"6,0411"
"194,8800";"6,4960";"6,0416"
"194,8900";"6,4964";"6,0414"
"194,9000";"6,4967";"6,0404"
"194,9100";"6,4971";"6,0385"
"194,9200";"6,4974";"6,0381"
"194,9300";"6,4978";"6,0404"
"194,9400";"6,4981";"6,0434"
"194,9500";"6,4985";"6,0458"
"194,9600";"6,4988";"6,0463"
"194,9700";"6,4992";"6,0455"
"194,9800";"6,4995";"6,0447"
"194,9900";"6,4999";"6,0439"
"195,0000";"6,5003";"6,0440"
"195,0100";"6,5005";"6,0466"
"195,0200";"6,5008";"6,0495"
"195,0300";"6,5012";"6,0496"
"195,0400";"6,5016";"6,0473"
"195,0500";"6,5019";"6,0459"
"195,0600";"6,5021";"6,0458"
"195,0700";"6,5025";"6,0457"
"195,0800";"6,5027";"6,0446"
"195,0900";"6,5030";"6,0455"
"195,1000";"6,5033";"6,0482"
"195,1100";"6,5037";"6,0499"
"195,1200";"6,5039";"6,0517"
"195,1300";"6,5043";"6,0522"
"195,1400";"6,5046";"6,0505"
"195,1500";"6,5050";"6,0486"
"195,1600";"6,5053";"6,0474"
"195,1700";"6,5057";"6,0469"
"195,1800";"6,5060";"6,0481"
"195,1900";"6,5064";"6,0498"
"195,2000";"6,5067";"6,0511"
"195,2100";"6,5071";"6,0523"
"195,2200";"6,5075";"6,0534"
"195,2300";"6,5077";"6,0536"
"195,2400";"6,5080";"6,0522"
"195,2500";"6,5083";"6,0515"
"195,2600";"6,5086";"6,0515"
"195,2700";"6,5089";"6,0514"
"195,2800";"6,5092";"6,0511"
"195,2900";"6,5095";"6,0524"
"195,3000";"6,5098";"6,0530"
"195,3100";"6,5102";"6,0535"
"195,3200";"6,5105";"6,0532"
"195,3300";"6,5109";"6,0520"
"195,3400";"6,5112";"6,0531"
"195,3500";"6,5116";"6,0542"
"195,3600";"6,5119";"6,0536"
"195,3700";"6,5123";"6,0528"
"195,3800";"6,5127";"6,0543"
"195,3900";"6,5130";"6,0559"
"195,4000";"6,5134";"6,0564"
"195,4100";"6,5137";"6,0563"
"195,4200";"6,5139";"6,0562"
"195,4300";"6,5143";"6,0565"
"195,4400";"6,5145";"6,0577"
"195,4500";"6,5149";"6,0579"
"195,4600";"6,5152";"6,0589"
"195,4700";"6,5156";"6,0614"
"195,4800";"6,5160";"6,0614"
"195,4900";"6,5163";"6,0590"
"195,5000";"6,5167";"6,0579"
"195,5100";"6,5171";"6,0592"
"195,5200";"6,5175";"6,0611"
"195,5300";"6,5178";"6,0610"
"195,5400";"6,5182";"6,0609"
"195,5500";"6,5184";"6,0625"
"195,5600";"6,5188";"6,0655"
"195,5700";"6,5190";"6,0657"
"195,5800";"6,5194";"6,0633"
"195,5900";"6,5196";"6,0620"
"195,6000";"6,5200";"6,0621"
"195,6100";"6,5203";"6,0636"
"195,6200";"6,5207";"6,0639"
"195,6300";"6,5210";"6,0629"
"195,6400";"6,5214";"6,0623"
"195,6500";"6,5217";"6,0623"
"195,6600";"6,5221";"6,0648"
"195,6700";"6,5224";"6,0664"
"195,6800";"6,5228";"6,0642"
"195,6900";"6,5232";"6,0614"
"195,7000";"6,5235";"6,0623"
"195,7100";"6,5237";"6,0646"
"195,7200";"6,5241";"6,0657"
"195,7300";"6,5245";"6,0659"
"195,7400";"6,5247";"6,0673"
"195,7500";"6,5250";"6,0699"
"195,7600";"6,5253";"6,0703"
"195,7700";"6,5255";"6,0677"
"195,7800";"6,5259";"6,0643"
"195,7900";"6,5261";"6,0651"
"195,8000";"6,5265";"6,0672"
"195,8100";"6,5268";"6,0662"
"195,8200";"6,5271";"6,0652"
"195,8300";"6,5275";"6,0679"
"195,8400";"6,5278";"6,0718"
"195,8500";"6,5281";"6,0731"
"195,8600";"6,5286";"6,0704"
"195,8700";"6,5289";"6,0685"
"195,8800";"6,5293";"6,0685"
"195,8900";"6,5297";"6,0689"
"195,9000";"6,5300";"6,0702"
"195,9100";"6,5304";"6,0717"
"195,9200";"6,5306";"6,0714"
"195,9300";"6,5308";"6,0704"
"195,9400";"6,5312";"6,0710"
"195,9500";"6,5315";"6,0733"
"195,9600";"6,5318";"6,0745"
"195,9700";"6,5321";"6,0719"
"195,9800";"6,5325";"6,0692"
"195,9900";"6,5328";"6,0700"
"196,0000";"6,5332";"6,0720"
"196,0100";"6,5335";"6,0737"
"196,0200";"6,5339";"6,0745"
"196,0300";"6,5343";"6,0751"
"196,0400";"6,5346";"6,0757"
"196,0500";"6,5350";"6,0767"
"196,0600";"6,5353";"6,0760"
"196,0700";"6,5357";"6,0745"
"196,0800";"6,5360";"6,0739"
"196,0900";"6,5363";"6,0747"
"196,1000";"6,5365";"6,0751"
"196,1100";"6,5369";"6,0772"
"196,1200";"6,5371";"6,0797"
"196,1300";"6,5374";"6,0803"
"196,1400";"6,5378";"6,0785"
"196,1500";"6,5382";"6,0748"
"196,1600";"6,5385";"6,0736"
"196,1700";"6,5389";"6,0754"
"196,1800";"6,5392";"6,0769"
"196,1900";"6,5397";"6,0789"
"196,2000";"6,5400";"6,0815"
"196,2100";"6,5404";"6,0832"
"196,2200";"6,5407";"6,0836"
"196,2300";"6,5411";"6,0836"
"196,2400";"6,5413";"6,0837"
"196,2500";"6,5417";"6,0828"
"196,2600";"6,5419";"6,0806"
"196,2700";"6,5423";"6,0783"
"196,2800";"6,5426";"6,0778"
"196,2900";"6,5429";"6,0794"
"196,3000";"6,5432";"6,0809"
"196,3100";"6,5436";"6,0821"
"196,3200";"6,5439";"6,0822"
"196,3300";"6,5443";"6,0819"
"196,3400";"6,5446";"6,0816"
"196,3500";"6,5450";"6,0815"
"196,3600";"6,5454";"6,0813"
"196,3700";"6,5458";"6,0820"
"196,3800";"6,5462";"6,0839"
"196,3900";"6,5465";"6,0859"
"196,4000";"6,5468";"6,0877"
"196,4100";"6,5471";"6,0868"
"196,4200";"6,5475";"6,0842"
"196,4300";"6,5477";"6,0830"
"196,4400";"6,5480";"6,0849"
"196,4500";"6,5482";"6,0877"
"196,4600";"6,5485";"6,0884"
"196,4700";"6,5488";"6,0873"
"196,4800";"6,5491";"6,0885"
"196,4900";"6,5495";"6,0896"
"196,5000";"6,5497";"6,0884"
"196,5100";"6,5501";"6,0867"
"196,5200";"6,5504";"6,0856"
"196,5300";"6,5508";"6,0869"
"196,5400";"6,5511";"6,0878"
"196,5500";"6,5515";"6,0878"
"196,5600";"6,5518";"6,0884"
"196,5700";"6,5522";"6,0894"
"196,5800";"6,5526";"6,0912"
"196,5900";"6,5529";"6,0915"
"196,6000";"6,5531";"6,0897"
"196,6100";"6,5534";"6,0882"
"196,6200";"6,5537";"6,0890"
"196,6300";"6,5540";"6,0905"
"196,6400";"6,5543";"6,0914"
"196,6500";"6,5547";"6,0911"
"196,6600";"6,5550";"6,0908"
"196,6700";"6,5555";"6,0920"
"196,6800";"6,5559";"6,0938"
"196,6900";"6,5562";"6,0959"
"196,7000";"6,5567";"6,0950"
"196,7100";"6,5570";"6,0926"
"196,7200";"6,5574";"6,0918"
"196,7300";"6,5577";"6,0918"
"196,7400";"6,5581";"6,0939"
"196,7500";"6,5585";"6,0959"
"196,7600";"6,5587";"6,0986"
"196,7700";"6,5590";"6,1012"
"196,7800";"6,5593";"6,1010"
"196,7900";"6,5596";"6,0978"
"196,8000";"6,5599";"6,0956"
"196,8100";"6,5602";"6,0969"
"196,8200";"6,5606";"6,0980"
"196,8300";"6,5609";"6,0986"
"196,8400";"6,5613";"6,0968"
"196,8500";"6,5616";"6,0960"
"196,8600";"6,5620";"6,0967"
"196,8700";"6,5624";"6,0965"
"196,8800";"6,5628";"6,0965"
"196,8900";"6,5632";"6,0962"
"196,9000";"6,5635";"6,0968"
"196,9100";"6,5638";"6,0972"
"196,9200";"6,5641";"6,1001"
"196,9300";"6,5644";"6,1011"
"196,9400";"6,5647";"6,0995"
"196,9500";"6,5650";"6,0980"
"196,9600";"6,5653";"6,0977"
"196,9700";"6,5657";"6,0996"
"196,9800";"6,5660";"6,1024"
"196,9900";"6,5662";"6,1022"
"197,0000";"6,5666";"6,1000"
"197,0100";"6,5671";"6,0995"
"197,0200";"6,5674";"6,1013"
"197,0300";"6,5678";"6,1023"
"197,0400";"6,5681";"6,1034"
"197,0500";"6,5685";"6,1039"
"197,0600";"6,5688";"6,1046"
"197,0700";"6,5691";"6,1056"
"197,0800";"6,5694";"6,1063"
"197,0900";"6,5698";"6,1073"
"197,1000";"6,5700";"6,1090"
"197,1100";"6,5703";"6,1087"
"197,1200";"6,5706";"6,1072"
"197,1300";"6,5709";"6,1055"
"197,1400";"6,5712";"6,1055"
"197,1500";"6,5714";"6,1056"
"197,1600";"6,5718";"6,1065"
"197,1700";"6,5722";"6,1074"
"197,1800";"6,5725";"6,1089"
"197,1900";"6,5729";"6,1096"
"197,2000";"6,5732";"6,1090"
"197,2100";"6,5736";"6,1083"
"197,2200";"6,5739";"6,1085"
"197,2300";"6,5743";"6,1063"
"197,2400";"6,5746";"6,1046"
"197,2500";"6,5750";"6,1051"
"197,2600";"6,5752";"6,1084"
"197,2700";"6,5756";"6,1103"
"197,2800";"6,5758";"6,1090"
"197,2900";"6,5762";"6,1067"
"197,3000";"6,5765";"6,1065"
"197,3100";"6,5768";"6,1083"
"197,3200";"6,5771";"6,1101"
"197,3300";"6,5775";"6,1121"
"197,3400";"6,5778";"6,1128"
"197,3500";"6,5782";"6,1127"
"197,3600";"6,5785";"6,1121"
"197,3700";"6,5789";"6,1123"
"197,3800";"6,5794";"6,1126"
"197,3900";"6,5797";"6,1123"
"197,4000";"6,5801";"6,1131"
"197,4100";"6,5804";"6,1153"
"197,4200";"6,5808";"6,1179"
"197,4300";"6,5811";"6,1177"
"197,4400";"6,5815";"6,1159"
"197,4500";"6,5817";"6,1156"
"197,4600";"6,5820";"6,1169"
"197,4700";"6,5823";"6,1178"
"197,4800";"6,5827";"6,1164"
"197,4900";"6,5830";"6,1147"
"197,5000";"6,5832";"6,1163"
"197,5100";"6,5836";"6,1182"
"197,5200";"6,5840";"6,1169"
"197,5300";"6,5843";"6,1142"
"197,5400";"6,5847";"6,1144"
"197,5500";"6,5850";"6,1165"
"197,5600";"6,5854";"6,1181"
"197,5700";"6,5858";"6,1182"
"197,5800";"6,5861";"6,1174"
"197,5900";"6,5863";"6,1173"
"197,6000";"6,5867";"6,1188"
"197,6100";"6,5869";"6,1207"
"197,6200";"6,5873";"6,1212"
"197,6300";"6,5876";"6,1194"
"197,6400";"6,5879";"6,1171"
"197,6500";"6,5882";"6,1173"
"197,6600";"6,5886";"6,1189"
"197,6700";"6,5889";"6,1198"
"197,6800";"6,5893";"6,1198"
"197,6900";"6,5896";"6,1202"
"197,7000";"6,5900";"6,1224"
"197,7100";"6,5903";"6,1245"
"197,7200";"6,5907";"6,1237"
"197,7300";"6,5910";"6,1219"
"197,7400";"6,5914";"6,1215"
"197,7500";"6,5917";"6,1234"
"197,7600";"6,5921";"6,1236"
"197,7700";"6,5923";"6,1226"
"197,7800";"6,5927";"6,1235"
"197,7900";"6,5930";"6,1262"
"197,8000";"6,5933";"6,1278"
"197,8100";"6,5935";"6,1266"
"197,8200";"6,5939";"6,1233"
"197,8300";"6,5942";"6,1230"
"197,8400";"6,5946";"6,1239"
"197,8500";"6,5948";"6,1266"
"197,8600";"6,5952";"6,1289"
"197,8700";"6,5955";"6,1313"
"197,8800";"6,5959";"6,1308"
"197,8900";"6,5961";"6,1298"
"197,9000";"6,5965";"6,1291"
"197,9100";"6,5969";"6,1287"
"197,9200";"6,5973";"6,1277"
"197,9300";"6,5975";"6,1275"
"197,9400";"6,5979";"6,1299"
"197,9500";"6,5982";"6,1315"
"197,9600";"6,5985";"6,1308"
"197,9700";"6,5988";"6,1286"
"197,9800";"6,5991";"6,1279"
"197,9900";"6,5994";"6,1296"
"198,0000";"6,5998";"6,1292"
"198,0100";"6,6000";"6,1282"
"198,0200";"6,6005";"6,1292"
"198,0300";"6,6008";"6,1320"
"198,0400";"6,6012";"6,1336"
"198,0500";"6,6015";"6,1324"
"198,0600";"6,6019";"6,1300"
"198,0700";"6,6023";"6,1296"
"198,0800";"6,6026";"6,1312"
"198,0900";"6,6030";"6,1337"
"198,1000";"6,6033";"6,1346"
"198,1100";"6,6037";"6,1347"
"198,1200";"6,6040";"6,1344"
"198,1300";"6,6043";"6,1347"
"198,1400";"6,6045";"6,1361"
"198,1500";"6,6049";"6,1370"
"198,1600";"6,6051";"6,1354"
"198,1700";"6,6054";"6,1347"
"198,1800";"6,6058";"6,1356"
"198,1900";"6,6062";"6,1376"
"198,2000";"6,6065";"6,1372"
"198,2100";"6,6069";"6,1354"
"198,2200";"6,6072";"6,1354"
"198,2300";"6,6076";"6,1381"
"198,2400";"6,6079";"6,1396"
"198,2500";"6,6083";"6,1394"
"198,2600";"6,6086";"6,1388"
"198,2700";"6,6089";"6,1396"
"198,2800";"6,6092";"6,1404"
"198,2900";"6,6096";"6,1398"
"198,3000";"6,6098";"6,1399"
"198,3100";"6,6102";"6,1407"
"198,3200";"6,6105";"6,1407"
"198,3300";"6,6108";"6,1382"
"198,3400";"6,6111";"6,1362"
"198,3500";"6,6115";"6,1377"
"198,3600";"6,6119";"6,1403"
"198,3700";"6,6123";"6,1419"
"198,3800";"6,6126";"6,1412"
"198,3900";"6,6130";"6,1406"
"198,4000";"6,6134";"6,1411"
"198,4100";"6,6137";"6,1420"
"198,4200";"6,6141";"6,1421"
"198,4300";"6,6144";"6,1425"
"198,4400";"6,6148";"6,1441"
"198,4500";"6,6150";"6,1447"
"198,4600";"6,6154";"6,1452"
"198,4700";"6,6156";"6,1461"
"198,4800";"6,6160";"6,1476"
"198,4900";"6,6162";"6,1462"
"198,5000";"6,6165";"6,1443"
"198,5100";"6,6168";"6,1429"
"198,5200";"6,6171";"6,1430"
"198,5300";"6,6175";"6,1444"
"198,5400";"6,6178";"6,1464"
"198,5500";"6,6182";"6,1467"
"198,5600";"6,6185";"6,1460"
"198,5700";"6,6189";"6,1456"
"198,5800";"6,6193";"6,1464"
"198,5900";"6,6196";"6,1487"
"198,6000";"6,6200";"6,1497"
"198,6100";"6,6203";"6,1487"
"198,6200";"6,6206";"6,1476"
"198,6300";"6,6208";"6,1499"
"198,6400";"6,6211";"6,1520"
"198,6500";"6,6215";"6,1503"
"198,6600";"6,6217";"6,1467"
"198,6700";"6,6221";"6,1460"
"198,6800";"6,6224";"6,1488"
"198,6900";"6,6228";"6,1500"
"198,7000";"6,6232";"6,1486"
"198,7100";"6,6236";"6,1481"
"198,7200";"6,6239";"6,1499"
"198,7300";"6,6243";"6,1519"
"198,7400";"6,6247";"6,1521"
"198,7500";"6,6250";"6,1511"
"198,7600";"6,6254";"6,1509"
"198,7700";"6,6257";"6,1517"
"198,7800";"6,6261";"6,1531"
"198,7900";"6,6263";"6,1525"
"198,8000";"6,6266";"6,1531"
"198,8100";"6,6269";"6,1537"
"198,8200";"6,6273";"6,1549"
"198,8300";"6,6275";"6,1555"
"198,8400";"6,6279";"6,1567"
"198,8500";"6,6282";"6,1575"
"198,8600";"6,6286";"6,1576"
"198,8700";"6,6289";"6,1584"
"198,8800";"6,6294";"6,1571"
"198,8900";"6,6298";"6,1555"
"198,9000";"6,6301";"6,1541"
"198,9100";"6,6306";"6,1548"
"198,9200";"6,6309";"6,1571"
"198,9300";"6,6313";"6,1592"
"198,9400";"6,6315";"6,1574"
"198,9500";"6,6319";"6,1570"
"198,9600";"6,6321";"6,1590"
"198,9700";"6,6324";"6,1596"
"198,9800";"6,6326";"6,1572"
"198,9900";"6,6330";"6,1543"
"199,0000";"6,6333";"6,1537"
"199,0100";"6,6335";"6,1557"
"199,0200";"6,6339";"6,1591"
"199,0300";"6,6342";"6,1606"
"199,0400";"6,6346";"6,1621"
"199,0500";"6,6351";"6,1633"
"199,0600";"6,6353";"6,1617"
"199,0700";"6,6358";"6,1594"
"199,0800";"6,6361";"6,1594"
"199,0900";"6,6365";"6,1615"
"199,1000";"6,6368";"6,1632"
"199,1100";"6,6371";"6,1640"
"199,1200";"6,6374";"6,1645"
"199,1300";"6,6378";"6,1652"
"199,1400";"6,6380";"6,1647"
"199,1500";"6,6384";"6,1641"
"199,1600";"6,6386";"6,1628"
"199,1700";"6,6390";"6,1635"
"199,1800";"6,6392";"6,1654"
"199,1900";"6,6396";"6,1668"
"199,2000";"6,6399";"6,1683"
"199,2100";"6,6403";"6,1688"
"199,2200";"6,6406";"6,1676"
"199,2300";"6,6410";"6,1660"
"199,2400";"6,6413";"6,1650"
"199,2500";"6,6417";"6,1646"
"199,2600";"6,6420";"6,1653"
"199,2700";"6,6424";"6,1666"
"199,2800";"6,6426";"6,1676"
"199,2900";"6,6430";"6,1678"
"199,3000";"6,6433";"6,1666"
"199,3100";"6,6436";"6,1650"
"199,3200";"6,6439";"6,1646"
"199,3300";"6,6442";"6,1659"
"199,3400";"6,6445";"6,1653"
"199,3500";"6,6448";"6,1656"
"199,3600";"6,6451";"6,1673"
"199,3700";"6,6455";"6,1705"
"199,3800";"6,6458";"6,1735"
"199,3900";"6,6462";"6,1744"
"199,4000";"6,6465";"6,1732"
"199,4100";"6,6469";"6,1723"
"199,4200";"6,6472";"6,1720"
"199,4300";"6,6476";"6,1714"
"199,4400";"6,6479";"6,1713"
"199,4500";"6,6483";"6,1714"
"199,4600";"6,6487";"6,1709"
"199,4700";"6,6490";"6,1703"
"199,4800";"6,6492";"6,1708"
"199,4900";"6,6496";"6,1735"
"199,5000";"6,6498";"6,1751"
"199,5100";"6,6502";"6,1742"
"199,5200";"6,6505";"6,1724"
"199,5300";"6,6509";"6,1722"
"199,5400";"6,6512";"6,1741"
"199,5500";"6,6516";"6,1762"
"199,5600";"6,6520";"6,1772"
"199,5700";"6,6524";"6,1772"
"199,5800";"6,6528";"6,1763"
"199,5900";"6,6531";"6,1764"
"199,6000";"6,6535";"6,1767"
"199,6100";"6,6538";"6,1770"
"199,6200";"6,6541";"6,1775"
"199,6300";"6,6544";"6,1773"
"199,6400";"6,6547";"6,1776"
"199,6500";"6,6550";"6,1780"
"199,6600";"6,6554";"6,1777"
"199,6700";"6,6556";"6,1782"
"199,6800";"6,6560";"6,1784"
"199,6900";"6,6563";"6,1795"
"199,7000";"6,6567";"6,1818"
"199,7100";"6,6570";"6,1830"
"199,7200";"6,6574";"6,1829"
"199,7300";"6,6577";"6,1823"
"199,7400";"6,6581";"6,1809"
"199,7500";"6,6585";"6,1794"
"199,7600";"6,6588";"6,1781"
"199,7700";"6,6592";"6,1795"
"199,7800";"6,6594";"6,1820"
"199,7900";"6,6597";"6,1835"
"199,8000";"6,6601";"6,1834"
"199,8100";"6,6605";"6,1839"
"199,8200";"6,6607";"6,1857"
"199,8300";"6,6609";"6,1861"
"199,8400";"6,6613";"6,1843"
"199,8500";"6,6615";"6,1824"
"199,8600";"6,6619";"6,1818"
"199,8700";"6,6622";"6,1819"
"199,8800";"6,6626";"6,1831"
"199,8900";"6,6628";"6,1845"
"199,9000";"6,6632";"6,1865"
"199,9100";"6,6635";"6,1867"
"199,9200";"6,6638";"6,1834"
"199,9300";"6,6641";"6,1831"
"199,9400";"6,6645";"6,1855"
"199,9500";"6,6648";"6,1869"
"199,9600";"6,6652";"6,1866"
"199,9700";"6,6655";"6,1860"
"199,9800";"6,6658";"6,1860"
"199,9900";"6,6661";"6,1868"
"200,0000";"6,6664";"6,1875"
"200,0100";"6,6666";"6,1878"
"200,0200";"6,6669";"6,1877"
"200,0300";"6,6673";"6,1877"
"200,0400";"6,6677";"6,1881"
"200,0500";"6,6680";"6,1896"
"200,0600";"6,6684";"6,1915"
"200,0700";"6,6687";"6,1921"
"200,0800";"6,6691";"6,1909"
"200,0900";"6,6694";"6,1885"
"200,1000";"6,6699";"6,1882"
"200,1100";"6,6703";"6,1886"
"200,1200";"6,6706";"6,1886"
"200,1300";"6,6711";"6,1884"
"200,1400";"6,6713";"6,1903"
"200,1500";"6,6717";"6,1934"
"200,1600";"6,6719";"6,1949"
"200,1700";"6,6721";"6,1948"
"200,1800";"6,6725";"6,1931"
"200,1900";"6,6727";"6,1938"
"200,2000";"6,6731";"6,1935"
"200,2100";"6,6734";"6,1923"
"200,2200";"6,6738";"6,1926"
"200,2300";"6,6742";"6,1949"
"200,2400";"6,6745";"6,1985"
"200,2500";"6,6749";"6,2000"
"200,2600";"6,6752";"6,1998"
"200,2700";"6,6756";"6,2000"
"200,2800";"6,6759";"6,1997"
"200,2900";"6,6763";"6,1982"
"200,3000";"6,6766";"6,1956"
"200,3100";"6,6769";"6,1936"
"200,3200";"6,6772";"6,1931"
"200,3300";"6,6775";"6,1942"
"200,3400";"6,6778";"6,1963"
"200,3500";"6,6782";"6,1979"
"200,3600";"6,6785";"6,1991"
"200,3700";"6,6789";"6,1985"
"200,3800";"6,6792";"6,1974"
"200,3900";"6,6796";"6,1970"
"200,4000";"6,6799";"6,1975"
"200,4100";"6,6804";"6,1982"
"200,4200";"6,6808";"6,2011"
"200,4300";"6,6811";"6,2045"
"200,4400";"6,6815";"6,2059"
"200,4500";"6,6818";"6,2049"
"200,4600";"6,6822";"6,2041"
"200,4700";"6,6825";"6,2045"
"200,4800";"6,6829";"6,2046"
"200,4900";"6,6831";"6,2040"
"200,5000";"6,6834";"6,2036"
"200,5100";"6,6837";"6,2034"
"200,5200";"6,6841";"6,2035"
"200,5300";"6,6843";"6,2049"
"200,5400";"6,6847";"6,2067"
"200,5500";"6,6850";"6,2074"
"200,5600";"6,6854";"6,2064"
"200,5700";"6,6857";"6,2042"
"200,5800";"6,6861";"6,2047"
"200,5900";"6,6864";"6,2065"
"200,6000";"6,6868";"6,2068"
"200,6100";"6,6871";"6,2058"
"200,6200";"6,6875";"6,2050"
"200,6300";"6,6877";"6,2060"
"200,6400";"6,6881";"6,2068"
"200,6500";"6,6883";"6,2064"
"200,6600";"6,6886";"6,2061"
"200,6700";"6,6889";"6,2076"
"200,6800";"6,6893";"6,2089"
"200,6900";"6,6895";"6,2074"
"200,7000";"6,6897";"6,2054"
"200,7100";"6,6901";"6,2048"
"200,7200";"6,6904";"6,2061"
"200,7300";"6,6908";"6,2068"
"200,7400";"6,6912";"6,2068"
"200,7500";"6,6915";"6,2079"
"200,7600";"6,6919";"6,2108"
"200,7700";"6,6922";"6,2124"
"200,7800";"6,6926";"6,2105"
"200,7900";"6,6929";"6,2084"
"200,8000";"6,6933";"6,2096"
"200,8100";"6,6936";"6,2120"
"200,8200";"6,6940";"6,2134"
"200,8300";"6,6942";"6,2136"
"200,8400";"6,6945";"6,2126"
"200,8500";"6,6948";"6,2124"
"200,8600";"6,6952";"6,2141"
"200,8700";"6,6954";"6,2162"
"200,8800";"6,6958";"6,2168"
"200,8900";"6,6961";"6,2159"
"200,9000";"6,6966";"6,2133"
"200,9100";"6,6969";"6,2136"
"200,9200";"6,6973";"6,2154"
"200,9300";"6,6976";"6,2157"
"200,9400";"6,6980";"6,2151"
"200,9500";"6,6984";"6,2146"
"200,9600";"6,6987";"6,2155"
"200,9700";"6,6991";"6,2152"
"200,9800";"6,6994";"6,2146"
"200,9900";"6,6997";"6,2166"
"201,0000";"6,7000";"6,2183"
"201,0100";"6,7002";"6,2191"
"201,0200";"6,7006";"6,2194"
"201,0300";"6,7010";"6,2202"
"201,0400";"6,7012";"6,2217"
"201,0500";"6,7015";"6,2231"
"201,0600";"6,7019";"6,2209"
"201,0700";"6,7022";"6,2186"
"201,0800";"6,7026";"6,2176"
"201,0900";"6,7030";"6,2191"
"201,1000";"6,7033";"6,2217"
"201,1100";"6,7037";"6,2227"
"201,1200";"6,7040";"6,2221"
"201,1300";"6,7044";"6,2208"
"201,1400";"6,7047";"6,2193"
"201,1500";"6,7051";"6,2195"
"201,1600";"6,7054";"6,2206"
"201,1700";"6,7057";"6,2200"
"201,1800";"6,7059";"6,2200"
"201,1900";"6,7063";"6,2213"
"201,2000";"6,7066";"6,2232"
"201,2100";"6,7069";"6,2245"
"201,2200";"6,7072";"6,2245"
"201,2300";"6,7076";"6,2247"
"201,2400";"6,7078";"6,2255"
"201,2500";"6,7082";"6,2249"
"201,2600";"6,7085";"6,2239"
"201,2700";"6,7089";"6,2251"
"201,2800";"6,7092";"6,2278"
"201,2900";"6,7096";"6,2285"
"201,3000";"6,7099";"6,2260"
"201,3100";"6,7103";"6,2233"
"201,3200";"6,7106";"6,2248"
"201,3300";"6,7110";"6,2281"
"201,3400";"6,7112";"6,2282"
"201,3500";"6,7116";"6,2270"
"201,3600";"6,7119";"6,2286"
"201,3700";"6,7123";"6,2306"
"201,3800";"6,7125";"6,2299"
"201,3900";"6,7129";"6,2283"
"201,4000";"6,7132";"6,2288"
"201,4100";"6,7136";"6,2307"
"201,4200";"6,7139";"6,2305"
"201,4300";"6,7142";"6,2295"
"201,4400";"6,7145";"6,2294"
"201,4500";"6,7149";"6,2302"
"201,4600";"6,7152";"6,2316"
"201,4700";"6,7156";"6,2318"
"201,4800";"6,7159";"6,2316"
"201,4900";"6,7163";"6,2320"
"201,5000";"6,7165";"6,2327"
"201,5100";"6,7169";"6,2334"
"201,5200";"6,7171";"6,2337"
"201,5300";"6,7174";"6,2334"
"201,5400";"6,7177";"6,2323"
"201,5500";"6,7181";"6,2322"
"201,5600";"6,7184";"6,2340"
"201,5700";"6,7188";"6,2369"
"201,5800";"6,7192";"6,2360"
"201,5900";"6,7196";"6,2340"
"201,6000";"6,7200";"6,2359"
"201,6100";"6,7203";"6,2378"
"201,6200";"6,7207";"6,2375"
"201,6300";"6,7210";"6,2372"
"201,6400";"6,7215";"6,2389"
"201,6500";"6,7217";"6,2415"
"201,6600";"6,7221";"6,2415"
"201,6700";"6,7223";"6,2387"
"201,6800";"6,7227";"6,2366"
"201,6900";"6,7229";"6,2371"
"201,7000";"6,7233";"6,2386"
"201,7100";"6,7236";"6,2383"
"201,7200";"6,7239";"6,2376"
"201,7300";"6,7242";"6,2380"
"201,7400";"6,7246";"6,2393"
"201,7500";"6,7249";"6,2385"
"201,7600";"6,7253";"6,2374"
"201,7700";"6,7256";"6,2367"
"201,7800";"6,7260";"6,2381"
"201,7900";"6,7263";"6,2403"
"201,8000";"6,7267";"6,2414"
"201,8100";"6,7272";"6,2428"
"201,8200";"6,7275";"6,2430"
"201,8300";"6,7277";"6,2425"
"201,8400";"6,7281";"6,2420"
"201,8500";"6,7283";"6,2431"
"201,8600";"6,7286";"6,2438"
"201,8700";"6,7289";"6,2436"
"201,8800";"6,7293";"6,2424"
"201,8900";"6,7295";"6,2431"
"201,9000";"6,7299";"6,2447"
"201,9100";"6,7302";"6,2439"
"201,9200";"6,7306";"6,2430"
"201,9300";"6,7308";"6,2445"
"201,9400";"6,7312";"6,2452"
"201,9500";"6,7315";"6,2445"
"201,9600";"6,7319";"6,2430"
"201,9700";"6,7322";"6,2432"
"201,9800";"6,7325";"6,2449"
"201,9900";"6,7329";"6,2451"
"202,0000";"6,7332";"6,2437"
"202,0100";"6,7334";"6,2446"
"202,0200";"6,7338";"6,2462"
"202,0300";"6,7341";"6,2472"
"202,0400";"6,7344";"6,2470"
"202,0500";"6,7347";"6,2471"
"202,0600";"6,7350";"6,2479"
"202,0700";"6,7353";"6,2485"
"202,0800";"6,7357";"6,2484"
"202,0900";"6,7360";"6,2486"
"202,1000";"6,7365";"6,2499"
"202,1100";"6,7368";"6,2500"
"202,1200";"6,7372";"6,2500"
"202,1300";"6,7375";"6,2497"
"202,1400";"6,7380";"6,2493"
"202,1500";"6,7384";"6,2490"
"202,1600";"6,7387";"6,2495"
"202,1700";"6,7390";"6,2511"
"202,1800";"6,7393";"6,2526"
"202,1900";"6,7396";"6,2525"
"202,2000";"6,7399";"6,2521"
"202,2100";"6,7401";"6,2536"
"202,2200";"6,7405";"6,2560"
"202,2300";"6,7409";"6,2561"
"202,2400";"6,7412";"6,2545"
"202,2500";"6,7416";"6,2539"
"202,2600";"6,7419";"6,2542"
"202,2700";"6,7423";"6,2546"
"202,2800";"6,7427";"6,2540"
"202,2900";"6,7431";"6,2548"
"202,3000";"6,7435";"6,2575"
"202,3100";"6,7438";"6,2587"
"202,3200";"6,7440";"6,2573"
"202,3300";"6,7444";"6,2565"
"202,3400";"6,7446";"6,2572"
"202,3500";"6,7450";"6,2586"
"202,3600";"6,7453";"6,2578"
"202,3700";"6,7457";"6,2566"
"202,3800";"6,7460";"6,2572"
"202,3900";"6,7464";"6,2584"
"202,4000";"6,7468";"6,2587"
"202,4100";"6,7471";"6,2595"
"202,4200";"6,7475";"6,2606"
"202,4300";"6,7478";"6,2601"
"202,4400";"6,7482";"6,2599"
"202,4500";"6,7485";"6,2602"
"202,4600";"6,7488";"6,2605"
"202,4700";"6,7491";"6,2600"
"202,4800";"6,7495";"6,2592"
"202,4900";"6,7498";"6,2596"
"202,5000";"6,7502";"6,2615"
"202,5100";"6,7504";"6,2623"
"202,5200";"6,7508";"6,2615"
"202,5300";"6,7510";"6,2617"
"202,5400";"6,7512";"6,2617"
"202,5500";"6,7516";"6,2622"
"202,5600";"6,7519";"6,2621"
"202,5700";"6,7522";"6,2628"
"202,5800";"6,7525";"6,2650"
"202,5900";"6,7529";"6,2665"
"202,6000";"6,7531";"6,2651"
"202,6100";"6,7535";"6,2636"
"202,6200";"6,7538";"6,2642"
"202,6300";"6,7542";"6,2643"
"202,6400";"6,7545";"6,2618"
"202,6500";"6,7549";"6,2588"
"202,6600";"6,7553";"6,2598"
"202,6700";"6,7556";"6,2633"
"202,6800";"6,7560";"6,2651"
"202,6900";"6,7562";"6,2643"
"202,7000";"6,7566";"6,2639"
"202,7100";"6,7568";"6,2647"
"202,7200";"6,7571";"6,2670"
"202,7300";"6,7575";"6,2681"
"202,7400";"6,7579";"6,2685"
"202,7500";"6,7582";"6,2681"
"202,7600";"6,7586";"6,2671"
"202,7700";"6,7589";"6,2670"
"202,7800";"6,7593";"6,2679"
"202,7900";"6,7596";"6,2690"
"202,8000";"6,7600";"6,2705"
"202,8100";"6,7603";"6,2711"
"202,8200";"6,7607";"6,2702"
"202,8300";"6,7610";"6,2684"
"202,8400";"6,7613";"6,2672"
"202,8500";"6,7615";"6,2664"
"202,8600";"6,7619";"6,2684"
"202,8700";"6,7622";"6,2720"
"202,8800";"6,7626";"6,2726"
"202,8900";"6,7629";"6,2712"
"202,9000";"6,7633";"6,2719"
"202,9100";"6,7636";"6,2738"
"202,9200";"6,7640";"6,2738"
"202,9300";"6,7643";"6,2713"
"202,9400";"6,7647";"6,2693"
"202,9500";"6,7652";"6,2710"
"202,9600";"6,7655";"6,2748"
"202,9700";"6,7659";"6,2759"
"202,9800";"6,7662";"6,2763"
"202,9900";"6,7665";"6,2774"
"203,0000";"6,7668";"6,2777"
"203,0100";"6,7671";"6,2765"
"203,0200";"6,7673";"6,2751"
"203,0300";"6,7677";"6,2750"
"203,0400";"6,7679";"6,2757"
"203,0500";"6,7682";"6,2764"
"203,0600";"6,7686";"6,2788"
"203,0700";"6,7690";"6,2803"
"203,0800";"6,7693";"6,2811"
"203,0900";"6,7697";"6,2792"
"203,1000";"6,7700";"6,2770"
"203,1100";"6,7704";"6,2770"
"203,1200";"6,7708";"6,2790"
"203,1300";"6,7712";"6,2804"
"203,1400";"6,7715";"6,2798"
"203,1500";"6,7719";"6,2802"
"203,1600";"6,7723";"6,2821"
"203,1700";"6,7725";"6,2849"
"203,1800";"6,7728";"6,2844"
"203,1900";"6,7731";"6,2823"
"203,2000";"6,7733";"6,2801"
"203,2100";"6,7737";"6,2790"
"203,2200";"6,7739";"6,2791"
"203,2300";"6,7743";"6,2793"
"203,2400";"6,7745";"6,2811"
"203,2500";"6,7749";"6,2825"
"203,2600";"6,7752";"6,2816"
"203,2700";"6,7756";"6,2805"
"203,2800";"6,7759";"6,2806"
"203,2900";"6,7763";"6,2811"
"203,3000";"6,7766";"6,2813"
"203,3100";"6,7769";"6,2828"
"203,3200";"6,7772";"6,2859"
"203,3300";"6,7776";"6,2881"
"203,3400";"6,7779";"6,2878"
"203,3500";"6,7783";"6,2867"
"203,3600";"6,7785";"6,2855"
"203,3700";"6,7787";"6,2843"
"203,3800";"6,7791";"6,2837"
"203,3900";"6,7795";"6,2850"
"203,4000";"6,7798";"6,2887"
"203,4100";"6,7800";"6,2917"
"203,4200";"6,7804";"6,2913"
"203,4300";"6,7808";"6,2894"
"203,4400";"6,7811";"6,2896"
"203,4500";"6,7815";"6,2901"
"203,4600";"6,7818";"6,2887"
"203,4700";"6,7822";"6,2882"
"203,4800";"6,7825";"6,2869"
"203,4900";"6,7829";"6,2863"
"203,5000";"6,7832";"6,2878"
"203,5100";"6,7836";"6,2911"
"203,5200";"6,7839";"6,2927"
"203,5300";"6,7842";"6,2926"
"203,5400";"6,7845";"6,2907"
"203,5500";"6,7849";"6,2895"
"203,5600";"6,7852";"6,2920"
"203,5700";"6,7855";"6,2949"
"203,5800";"6,7858";"6,2946"
"203,5900";"6,7862";"6,2930"
"203,6000";"6,7865";"6,2922"
"203,6100";"6,7870";"6,2922"
"203,6200";"6,7874";"6,2926"
"203,6300";"6,7877";"6,2934"
"203,6400";"6,7880";"6,2948"
"203,6500";"6,7884";"6,2952"
"203,6600";"6,7887";"6,2950"
"203,6700";"6,7890";"6,2949"
"203,6800";"6,7893";"6,2960"
"203,6900";"6,7895";"6,2962"
"203,7000";"6,7898";"6,2939"
"203,7100";"6,7902";"6,2919"
"203,7200";"6,7904";"6,2919"
"203,7300";"6,7908";"6,2954"
"203,7400";"6,7911";"6,2992"
"203,7500";"6,7915";"6,3008"
"203,7600";"6,7919";"6,3013"
"203,7700";"6,7922";"6,3010"
"203,7800";"6,7926";"6,2993"
"203,7900";"6,7929";"6,2980"
"203,8000";"6,7933";"6,2966"
"203,8100";"6,7936";"6,2966"
"203,8200";"6,7940";"6,2971"
"203,8300";"6,7943";"6,2973"
"203,8400";"6,7947";"6,2988"
"203,8500";"6,7950";"6,3008"
"203,8600";"6,7953";"6,3022"
"203,8700";"6,7956";"6,3021"
"203,8800";"6,7959";"6,3015"
"203,8900";"6,7961";"6,3005"
"203,9000";"6,7965";"6,2993"
"203,9100";"6,7968";"6,2981"
"203,9200";"6,7970";"6,2996"
"203,9300";"6,7974";"6,3023"
"203,9400";"6,7978";"6,3025"
"203,9500";"6,7981";"6,3011"
"203,9600";"6,7985";"6,3011"
"203,9700";"6,7988";"6,3029"
"203,9800";"6,7992";"6,3041"
"203,9900";"6,7995";"6,3026"
"204,0000";"6,7999";"6,3015"
"204,0100";"6,8002";"6,3024"
"204,0200";"6,8006";"6,3051"
"204,0300";"6,8008";"6,3075"
"204,0400";"6,8011";"6,3079"
"204,0500";"6,8014";"6,3064"
"204,0600";"6,8018";"6,3052"
"204,0700";"6,8021";"6,3045"
"204,0800";"6,8024";"6,3054"
"204,0900";"6,8027";"6,3071"
"204,1000";"6,8031";"6,3075"
"204,1100";"6,8034";"6,3063"
"204,1200";"6,8038";"6,3073"
"204,1300";"6,8041";"6,3104"
"204,1400";"6,8045";"6,3117"
"204,1500";"6,8048";"6,3099"
"204,1600";"6,8053";"6,3078"
"204,1700";"6,8057";"6,3076"
"204,1800";"6,8060";"6,3083"
"204,1900";"6,8063";"6,3087"
"204,2000";"6,8066";"6,3094"
"204,2100";"6,8068";"6,3112"
"204,2200";"6,8072";"6,3115"
"204,2300";"6,8076";"6,3091"
"204,2400";"6,8079";"6,3073"
"204,2500";"6,8083";"6,3087"
"204,2600";"6,8086";"6,3111"
"204,2700";"6,8090";"6,3127"
"204,2800";"6,8093";"6,3125"
"204,2900";"6,8098";"6,3121"
"204,3000";"6,8102";"6,3129"
"204,3100";"6,8105";"6,3145"
"204,3200";"6,8109";"6,3139"
"204,3300";"6,8111";"6,3131"
"204,3400";"6,8115";"6,3124"
"204,3500";"6,8117";"6,3132"
"204,3600";"6,8120";"6,3146"
"204,3700";"6,8123";"6,3167"
"204,3800";"6,8126";"6,3170"
"204,3900";"6,8130";"6,3162"
"204,4000";"6,8132";"6,3146"
"204,4100";"6,8136";"6,3154"
"204,4200";"6,8139";"6,3176"
"204,4300";"6,8143";"6,3170"
"204,4400";"6,8146";"6,3148"
"204,4500";"6,8151";"6,3141"
"204,4600";"6,8155";"6,3155"
"204,4700";"6,8158";"6,3179"
"204,4800";"6,8162";"6,3188"
"204,4900";"6,8165";"6,3186"
"204,5000";"6,8169";"6,3187"
"204,5100";"6,8172";"6,3177"
"204,5200";"6,8176";"6,3170"
"204,5300";"6,8178";"6,3183"
"204,5400";"6,8182";"6,3191"
"204,5500";"6,8184";"6,3177"
"204,5600";"6,8187";"6,3172"
"204,5700";"6,8190";"6,3203"
"204,5800";"6,8192";"6,3247"
"204,5900";"6,8196";"6,3253"
"204,6000";"6,8200";"6,3223"
"204,6100";"6,8203";"6,3199"
"204,6200";"6,8207";"6,3209"
"204,6300";"6,8209";"6,3238"
"204,6400";"6,8212";"6,3249"
"204,6500";"6,8216";"6,3238"
"204,6600";"6,8220";"6,3234"
"204,6700";"6,8223";"6,3237"
"204,6800";"6,8227";"6,3231"
"204,6900";"6,8230";"6,3231"
"204,7000";"6,8233";"6,3226"
"204,7100";"6,8236";"6,3223"
"204,7200";"6,8238";"6,3224"
"204,7300";"6,8242";"6,3232"
"204,7400";"6,8246";"6,3246"
"204,7500";"6,8249";"6,3263"
"204,7600";"6,8253";"6,3275"
"204,7700";"6,8256";"6,3275"
"204,7800";"6,8260";"6,3279"
"204,7900";"6,8263";"6,3280"
"204,8000";"6,8267";"6,3272"
"204,8100";"6,8269";"6,3279"
"204,8200";"6,8273";"6,3286"
"204,8300";"6,8276";"6,3276"
"204,8400";"6,8280";"6,3261"
"204,8500";"6,8283";"6,3263"
"204,8600";"6,8287";"6,3284"
"204,8700";"6,8289";"6,3300"
"204,8800";"6,8293";"6,3293"
"204,8900";"6,8295";"6,3274"
"204,9000";"6,8299";"6,3282"
"204,9100";"6,8302";"6,3303"
"204,9200";"6,8306";"6,3314"
"204,9300";"6,8309";"6,3306"
"204,9400";"6,8313";"6,3298"
"204,9500";"6,8316";"6,3301"
"204,9600";"6,8320";"6,3309"
"204,9700";"6,8323";"6,3312"
"204,9800";"6,8327";"6,3315"
"204,9900";"6,8332";"6,3299"
"205,0000";"6,8334";"6,3280"
"205,0100";"6,8338";"6,3274"
"205,0200";"6,8340";"6,3305"
"205,0300";"6,8344";"6,3341"
"205,0400";"6,8346";"6,3350"
"205,0500";"6,8349";"6,3344"
"205,0600";"6,8353";"6,3332"
"205,0700";"6,8357";"6,3320"
"205,0800";"6,8360";"6,3311"
"205,0900";"6,8364";"6,3319"
"205,1000";"6,8367";"6,3343"
"205,1100";"6,8371";"6,3362"
"205,1200";"6,8374";"6,3367"
"205,1300";"6,8378";"6,3364"
"205,1400";"6,8381";"6,3379"
"205,1500";"6,8385";"6,3378"
"205,1600";"6,8388";"6,3344"
"205,1700";"6,8392";"6,3320"
"205,1800";"6,8394";"6,3315"
"205,1900";"6,8398";"6,3339"
"205,2000";"6,8401";"6,3373"
"205,2100";"6,8404";"6,3396"
"205,2200";"6,8406";"6,3404"
"205,2300";"6,8410";"6,3406"
"205,2400";"6,8412";"6,3402"
"205,2500";"6,8416";"6,3384"
"205,2600";"6,8418";"6,3381"
"205,2700";"6,8421";"6,3392"
"205,2800";"6,8425";"6,3385"
"205,2900";"6,8429";"6,3378"
"205,3000";"6,8432";"6,3385"
"205,3100";"6,8436";"6,3419"
"205,3200";"6,8438";"6,3441"
"205,3300";"6,8442";"6,3435"
"205,3400";"6,8445";"6,3402"
"205,3500";"6,8449";"6,3390"
"205,3600";"6,8452";"6,3395"
"205,3700";"6,8456";"6,3410"
"205,3800";"6,8459";"6,3412"
"205,3900";"6,8463";"6,3411"
"205,4000";"6,8465";"6,3418"
"205,4100";"6,8469";"6,3430"
"205,4200";"6,8471";"6,3442"
"205,4300";"6,8475";"6,3440"
"205,4400";"6,8478";"6,3432"
"205,4500";"6,8482";"6,3426"
"205,4600";"6,8485";"6,3437"
"205,4700";"6,8488";"6,3480"
"205,4800";"6,8491";"6,3499"
"205,4900";"6,8495";"6,3488"
"205,5000";"6,8498";"6,3465"
"205,5100";"6,8502";"6,3462"
"205,5200";"6,8505";"6,3462"
"205,5300";"6,8508";"6,3452"
"205,5400";"6,8511";"6,3439"
"205,5500";"6,8514";"6,3431"
"205,5600";"6,8517";"6,3440"
"205,5700";"6,8519";"6,3445"
"205,5800";"6,8523";"6,3458"
"205,5900";"6,8527";"6,3485"
"205,6000";"6,8531";"6,3493"
"205,6100";"6,8535";"6,3477"
"205,6200";"6,8538";"6,3468"
"205,6300";"6,8542";"6,3477"
"205,6400";"6,8547";"6,3497"
"205,6500";"6,8550";"6,3505"
"205,6600";"6,8554";"6,3508"
"205,6700";"6,8557";"6,3512"
"205,6800";"6,8560";"6,3532"
"205,6900";"6,8563";"6,3544"
"205,7000";"6,8567";"6,3527"
"205,7100";"6,8569";"6,3505"
"205,7200";"6,8573";"6,3497"
"205,7300";"6,8576";"6,3489"
"205,7400";"6,8580";"6,3486"
"205,7500";"6,8582";"6,3513"
"205,7600";"6,8586";"6,3543"
"205,7700";"6,8589";"6,3540"
"205,7800";"6,8593";"6,3533"
"205,7900";"6,8596";"6,3539"
"205,8000";"6,8600";"6,3551"
"205,8100";"6,8603";"6,3543"
"205,8200";"6,8607";"6,3528"
"205,8300";"6,8610";"6,3535"
"205,8400";"6,8614";"6,3551"
"205,8500";"6,8617";"6,3559"
"205,8600";"6,8621";"6,3570"
"205,8700";"6,8623";"6,3592"
"205,8800";"6,8626";"6,3600"
"205,8900";"6,8629";"6,3589"
"205,9000";"6,8632";"6,3576"
"205,9100";"6,8635";"6,3578"
"205,9200";"6,8639";"6,3583"
"205,9300";"6,8641";"6,3578"
"205,9400";"6,8645";"6,3552"
"205,9500";"6,8649";"6,3549"
"205,9600";"6,8652";"6,3571"
"205,9700";"6,8655";"6,3585"
"205,9800";"6,8659";"6,3586"
"205,9900";"6,8662";"6,3588"
"206,0000";"6,8666";"6,3596"
"206,0100";"6,8669";"6,3598"
"206,0200";"6,8673";"6,3584"
"206,0300";"6,8676";"6,3569"
"206,0400";"6,8680";"6,3581"
"206,0500";"6,8682";"6,3603"
"206,0600";"6,8686";"6,3612"
"206,0700";"6,8688";"6,3617"
"206,0800";"6,8692";"6,3631"
"206,0900";"6,8694";"6,3645"
"206,1000";"6,8698";"6,3645"
"206,1100";"6,8701";"6,3638"
"206,1200";"6,8705";"6,3639"
"206,1300";"6,8708";"6,3644"
"206,1400";"6,8712";"6,3658"
"206,1500";"6,8715";"6,3662"
"206,1600";"6,8719";"6,3660"
"206,1700";"6,8722";"6,3658"
"206,1800";"6,8726";"6,3659"
"206,1900";"6,8730";"6,3669"
"206,2000";"6,8733";"6,3675"
"206,2100";"6,8737";"6,3660"
"206,2200";"6,8739";"6,3622"
"206,2300";"6,8741";"6,3614"
"206,2400";"6,8745";"6,3648"
"206,2500";"6,8748";"6,3689"
"206,2600";"6,8752";"6,3694"
"206,2700";"6,8756";"6,3677"
"206,2800";"6,8759";"6,3678"
"206,2900";"6,8763";"6,3696"
"206,3000";"6,8766";"6,3691"
"206,3100";"6,8771";"6,3671"
"206,3200";"6,8774";"6,3660"
"206,3300";"6,8778";"6,3659"
"206,3400";"6,8782";"6,3669"
"206,3500";"6,8784";"6,3683"
"206,3600";"6,8787";"6,3713"
"206,3700";"6,8790";"6,3738"
"206,3800";"6,8793";"6,3734"
"206,3900";"6,8797";"6,3701"
"206,4000";"6,8800";"6,3694"
"206,4100";"6,8804";"6,3704"
"206,4200";"6,8807";"6,3726"
"206,4300";"6,8811";"6,3735"
"206,4400";"6,8815";"6,3740"
"206,4500";"6,8818";"6,3732"
"206,4600";"6,8822";"6,3724"
"206,4700";"6,8825";"6,3717"
"206,4800";"6,8829";"6,3726"
"206,4900";"6,8832";"6,3741"
"206,5000";"6,8836";"6,3743"
"206,5100";"6,8839";"6,3729"
"206,5200";"6,8843";"6,3734"
"206,5300";"6,8846";"6,3750"
"206,5400";"6,8849";"6,3743"
"206,5500";"6,8852";"6,3718"
"206,5600";"6,8855";"6,3709"
"206,5700";"6,8857";"6,3739"
"206,5800";"6,8861";"6,3783"
"206,5900";"6,8863";"6,3811"
"206,6000";"6,8867";"6,3825"
"206,6100";"6,8870";"6,3823"
"206,6200";"6,8872";"6,3794"
"206,6300";"6,8876";"6,3764"
"206,6400";"6,8879";"6,3750"
"206,6500";"6,8883";"6,3759"
"206,6600";"6,8887";"6,3769"
"206,6700";"6,8890";"6,3765"
"206,6800";"6,8894";"6,3757"
"206,6900";"6,8897";"6,3779"
"206,7000";"6,8901";"6,3825"
"206,7100";"6,8904";"6,3833"
"206,7200";"6,8907";"6,3801"
"206,7300";"6,8909";"6,3769"
"206,7400";"6,8913";"6,3763"
"206,7500";"6,8916";"6,3795"
"206,7600";"6,8918";"6,3832"
"206,7700";"6,8922";"6,3841"
"206,7800";"6,8926";"6,3816"
"206,7900";"6,8929";"6,3802"
"206,8000";"6,8933";"6,3805"
"206,8100";"6,8935";"6,3823"
"206,8200";"6,8939";"6,3834"
"206,8300";"6,8942";"6,3823"
"206,8400";"6,8946";"6,3798"
"206,8500";"6,8949";"6,3797"
"206,8600";"6,8953";"6,3808"
"206,8700";"6,8956";"6,3819"
"206,8800";"6,8960";"6,3830"
"206,8900";"6,8962";"6,3840"
"206,9000";"6,8966";"6,3855"
"206,9100";"6,8968";"6,3869"
"206,9200";"6,8972";"6,3874"
"206,9300";"6,8975";"6,3880"
"206,9400";"6,8979";"6,3888"
"206,9500";"6,8982";"6,3873"
"206,9600";"6,8986";"6,3850"
"206,9700";"6,8989";"6,3847"
"206,9800";"6,8993";"6,3867"
"206,9900";"6,8996";"6,3882"
"207,0000";"6,9000";"6,3878"
"207,0100";"6,9003";"6,3871"
"207,0200";"6,9007";"6,3861"
"207,0300";"6,9009";"6,3866"
"207,0400";"6,9013";"6,3872"
"207,0500";"6,9016";"6,3874"
"207,0600";"6,9019";"6,3877"
"207,0700";"6,9022";"6,3882"
"207,0800";"6,9026";"6,3885"
"207,0900";"6,9029";"6,3884"
"207,1000";"6,9032";"6,3889"
"207,1100";"6,9035";"6,3896"
"207,1200";"6,9039";"6,3916"
"207,1300";"6,9042";"6,3921"
"207,1400";"6,9046";"6,3904"
"207,1500";"6,9050";"6,3893"
"207,1600";"6,9053";"6,3898"
"207,1700";"6,9058";"6,3924"
"207,1800";"6,9061";"6,3945"
"207,1900";"6,9065";"6,3929"
"207,2000";"6,9067";"6,3906"
"207,2100";"6,9071";"6,3916"
"207,2200";"6,9074";"6,3948"
"207,2300";"6,9077";"6,3958"
"207,2400";"6,9079";"6,3932"
"207,2500";"6,9081";"6,3908"
"207,2600";"6,9085";"6,3909"
"207,2700";"6,9088";"6,3941"
"207,2800";"6,9092";"6,3954"
"207,2900";"6,9094";"6,3933"
"207,3000";"6,9098";"6,3924"
"207,3100";"6,9101";"6,3952"
"207,3200";"6,9105";"6,3978"
"207,3300";"6,9109";"6,3977"
"207,3400";"6,9112";"6,3970"
"207,3500";"6,9116";"6,3976"
"207,3600";"6,9119";"6,3975"
"207,3700";"6,9122";"6,3981"
"207,3800";"6,9126";"6,3986"
"207,3900";"6,9129";"6,3982"
"207,4000";"6,9131";"6,3984"
"207,4100";"6,9135";"6,3996"
"207,4200";"6,9138";"6,3997"
"207,4300";"6,9140";"6,3986"
"207,4400";"6,9144";"6,3970"
"207,4500";"6,9147";"6,3983"
"207,4600";"6,9151";"6,4004"
"207,4700";"6,9155";"6,4019"
"207,4800";"6,9158";"6,4010"
"207,4900";"6,9162";"6,3997"
"207,5000";"6,9165";"6,4006"
"207,5100";"6,9169";"6,4027"
"207,5200";"6,9172";"6,4024"
"207,5300";"6,9176";"6,4003"
"207,5400";"6,9179";"6,3989"
"207,5500";"6,9183";"6,3998"
"207,5600";"6,9185";"6,4014"
"207,5700";"6,9188";"6,4024"
"207,5800";"6,9191";"6,4041"
"207,5900";"6,9195";"6,4074"
"207,6000";"6,9197";"6,4082"
"207,6100";"6,9201";"6,4054"
"207,6200";"6,9204";"6,4013"
"207,6300";"6,9208";"6,3991"
"207,6400";"6,9211";"6,3999"
"207,6500";"6,9216";"6,4025"
"207,6600";"6,9220";"6,4051"
"207,6700";"6,9223";"6,4073"
"207,6800";"6,9227";"6,4093"
"207,6900";"6,9230";"6,4090"
"207,7000";"6,9232";"6,4071"
"207,7100";"6,9236";"6,4064"
"207,7200";"6,9240";"6,4065"
"207,7300";"6,9242";"6,4062"
"207,7400";"6,9245";"6,4053"
"207,7500";"6,9249";"6,4062"
"207,7600";"6,9253";"6,4073"
"207,7700";"6,9256";"6,4079"
"207,7800";"6,9260";"6,4082"
"207,7900";"6,9263";"6,4098"
"207,8000";"6,9267";"6,4098"
"207,8100";"6,9270";"6,4081"
"207,8200";"6,9274";"6,4057"
"207,8300";"6,9277";"6,4065"
"207,8400";"6,9281";"6,4093"
"207,8500";"6,9284";"6,4115"
"207,8600";"6,9287";"6,4114"
"207,8700";"6,9290";"6,4109"
"207,8800";"6,9294";"6,4101"
"207,8900";"6,9297";"6,4087"
"207,9000";"6,9300";"6,4085"
"207,9100";"6,9303";"6,4096"
"207,9200";"6,9306";"6,4113"
"207,9300";"6,9308";"6,4123"
"207,9400";"6,9312";"6,4123"
"207,9500";"6,9315";"6,4132"
"207,9600";"6,9319";"6,4143"
"207,9700";"6,9322";"6,4143"
"207,9800";"6,9325";"6,4131"
"207,9900";"6,9328";"6,4142"
"208,0000";"6,9332";"6,4156"
"208,0100";"6,9335";"6,4150"
"208,0200";"6,9339";"6,4148"
"208,0300";"6,9342";"6,4170"
"208,0400";"6,9346";"6,4188"
"208,0500";"6,9349";"6,4187"
"208,0600";"6,9353";"6,4165"
"208,0700";"6,9356";"6,4155"
"208,0800";"6,9360";"6,4161"
"208,0900";"6,9362";"6,4179"
"208,1000";"6,9366";"6,4191"
"208,1100";"6,9369";"6,4197"
"208,1200";"6,9373";"6,4200"
"208,1300";"6,9375";"6,4187"
"208,1400";"6,9379";"6,4176"
"208,1500";"6,9382";"6,4184"
"208,1600";"6,9386";"6,4217"
"208,1700";"6,9390";"6,4228"
"208,1800";"6,9394";"6,4210"
"208,1900";"6,9398";"6,4191"
"208,2000";"6,9401";"6,4199"
"208,2100";"6,9405";"6,4224"
"208,2200";"6,9408";"6,4245"
"208,2300";"6,9411";"6,4254"
"208,2400";"6,9413";"6,4250"
"208,2500";"6,9417";"6,4223"
"208,2600";"6,9420";"6,4195"
"208,2700";"6,9424";"6,4208"
"208,2800";"6,9427";"6,4229"
"208,2900";"6,9431";"6,4225"
"208,3000";"6,9433";"6,4200"
"208,3100";"6,9438";"6,4202"
"208,3200";"6,9441";"6,4235"
"208,3300";"6,9445";"6,4272"
"208,3400";"6,9449";"6,4272"
"208,3500";"6,9452";"6,4246"
"208,3600";"6,9456";"6,4236"
"208,3700";"6,9458";"6,4249"
"208,3800";"6,9460";"6,4251"
"208,3900";"6,9464";"6,4250"
"208,4000";"6,9466";"6,4265"
"208,4100";"6,9470";"6,4275"
"208,4200";"6,9472";"6,4262"
"208,4300";"6,9476";"6,4243"
"208,4400";"6,9479";"6,4246"
"208,4500";"6,9483";"6,4255"
"208,4600";"6,9486";"6,4252"
"208,4700";"6,9490";"6,4246"
"208,4800";"6,9493";"6,4258"
"208,4900";"6,9497";"6,4288"
"208,5000";"6,9500";"6,4311"
"208,5100";"6,9505";"6,4312"
"208,5200";"6,9508";"6,4304"
"208,5300";"6,9511";"6,4309"
"208,5400";"6,9515";"6,4303"
"208,5500";"6,9518";"6,4299"
"208,5600";"6,9522";"6,4298"
"208,5700";"6,9524";"6,4302"
"208,5800";"6,9526";"6,4297"
"208,5900";"6,9529";"6,4296"
"208,6000";"6,9532";"6,4302"
"208,6100";"6,9536";"6,4315"
"208,6200";"6,9539";"6,4326"
"208,6300";"6,9542";"6,4338"
"208,6400";"6,9545";"6,4343"
"208,6500";"6,9549";"6,4336"
"208,6600";"6,9552";"6,4312"
"208,6700";"6,9556";"6,4298"
"208,6800";"6,9560";"6,4301"
"208,6900";"6,9563";"6,4328"
"208,7000";"6,9567";"6,4351"
"208,7100";"6,9571";"6,4375"
"208,7200";"6,9575";"6,4395"
"208,7300";"6,9577";"6,4398"
"208,7400";"6,9581";"6,4377"
"208,7500";"6,9583";"6,4339"
"208,7600";"6,9587";"6,4335"
"208,7700";"6,9589";"6,4343"
"208,7800";"6,9593";"6,4346"
"208,7900";"6,9595";"6,4341"
"208,8000";"6,9598";"6,4359"
"208,8100";"6,9602";"6,4395"
"208,8200";"6,9606";"6,4401"
"208,8300";"6,9609";"6,4377"
"208,8400";"6,9613";"6,4350"
"208,8500";"6,9616";"6,4354"
"208,8600";"6,9620";"6,4365"
"208,8700";"6,9623";"6,4366"
"208,8800";"6,9627";"6,4380"
"208,8900";"6,9630";"6,4406"
"208,9000";"6,9633";"6,4417"
"208,9100";"6,9636";"6,4413"
"208,9200";"6,9639";"6,4410"
"208,9300";"6,9641";"6,4415"
"208,9400";"6,9645";"6,4412"
"208,9500";"6,9648";"6,4406"
"208,9600";"6,9652";"6,4406"
"208,9700";"6,9655";"6,4411"
"208,9800";"6,9659";"6,4416"
"208,9900";"6,9662";"6,4425"
"209,0000";"6,9666";"6,4431"
"209,0100";"6,9669";"6,4434"
"209,0200";"6,9673";"6,4429"
"209,0300";"6,9676";"6,4407"
"209,0400";"6,9680";"6,4397"
"209,0500";"6,9682";"6,4407"
"209,0600";"6,9686";"6,4432"
"209,0700";"6,9689";"6,4446"
"209,0800";"6,9692";"6,4434"
"209,0900";"6,9695";"6,4426"
"209,1000";"6,9699";"6,4439"
"209,1100";"6,9702";"6,4438"
"209,1200";"6,9706";"6,4424"
"209,1300";"6,9709";"6,4430"
"209,1400";"6,9712";"6,4465"
"209,1500";"6,9715";"6,4502"
"209,1600";"6,9719";"6,4506"
"209,1700";"6,9722";"6,4476"
"209,1800";"6,9726";"6,4444"
"209,1900";"6,9731";"6,4451"
"209,2000";"6,9733";"6,4467"
"209,2100";"6,9737";"6,4484"
"209,2200";"6,9740";"6,4481"
"209,2300";"6,9744";"6,4471"
"209,2400";"6,9747";"6,4479"
"209,2500";"6,9750";"6,4512"
"209,2600";"6,9753";"6,4516"
"209,2700";"6,9755";"6,4492"
"209,2800";"6,9758";"6,4461"
"209,2900";"6,9761";"6,4469"
"209,3000";"6,9765";"6,4500"
"209,3100";"6,9767";"6,4520"
"209,3200";"6,9771";"6,4515"
"209,3300";"6,9774";"6,4515"
"209,3400";"6,9778";"6,4537"
"209,3500";"6,9781";"6,4535"
"209,3600";"6,9785";"6,4492"
"209,3700";"6,9789";"6,4478"
"209,3800";"6,9792";"6,4506"
"209,3900";"6,9796";"6,4536"
"209,4000";"6,9799";"6,4537"
"209,4100";"6,9803";"6,4521"
"209,4200";"6,9805";"6,4524"
"209,4300";"6,9809";"6,4533"
"209,4400";"6,9811";"6,4538"
"209,4500";"6,9815";"6,4540"
"209,4600";"6,9818";"6,4522"
"209,4700";"6,9822";"6,4509"
"209,4800";"6,9824";"6,4503"
"209,4900";"6,9827";"6,4520"
"209,5000";"6,9831";"6,4545"
"209,5100";"6,9835";"6,4560"
"209,5200";"6,9838";"6,4571"
"209,5300";"6,9842";"6,4579"
"209,5400";"6,9845";"6,4588"
"209,5500";"6,9849";"6,4581"
"209,5600";"6,9852";"6,4564"
"209,5700";"6,9856";"6,4563"
"209,5800";"6,9859";"6,4575"
"209,5900";"6,9862";"6,4580"
"209,6000";"6,9864";"6,4555"
"209,6100";"6,9868";"6,4548"
"209,6200";"6,9870";"6,4586"
"209,6300";"6,9874";"6,4632"
"209,6400";"6,9877";"6,4639"
"209,6500";"6,9881";"6,4621"
"209,6600";"6,9884";"6,4596"
"209,6700";"6,9888";"6,4568"
"209,6800";"6,9891";"6,4565"
"209,6900";"6,9896";"6,4595"
"209,7000";"6,9900";"6,4636"
"209,7100";"6,9903";"6,4648"
"209,7200";"6,9907";"6,4618"
"209,7300";"6,9910";"6,4592"
"209,7400";"6,9912";"6,4605"
"209,7500";"6,9915";"6,4633"
"209,7600";"6,9918";"6,4636"
"209,7700";"6,9922";"6,4608"
"209,7800";"6,9925";"6,4584"
"209,7900";"6,9928";"6,4594"
"209,8000";"6,9931";"6,4606"
"209,8100";"6,9935";"6,4625"
"209,8200";"6,9940";"6,4649"
"209,8300";"6,9943";"6,4653"
"209,8400";"6,9947";"6,4655"
"209,8500";"6,9950";"6,4654"
"209,8600";"6,9954";"6,4657"
"209,8700";"6,9957";"6,4675"
"209,8800";"6,9961";"6,4675"
"209,8900";"6,9964";"6,4665"
"209,9000";"6,9968";"6,4663"
"209,9100";"6,9972";"6,4672"
"209,9200";"6,9975";"6,4679"
"209,9300";"6,9977";"6,4679"
"209,9400";"6,9981";"6,4670"
"209,9500";"6,9983";"6,4651"
"209,9600";"6,9987";"6,4637"
"209,9700";"6,9990";"6,4659"
"209,9800";"6,9994";"6,4699"
"209,9900";"6,9997";"6,4720"
"210,0000";"7,0001";"6,4706"

