Tempo;Spostamento;Forza
(s);(mm);(N)
"0,0000";"0,0001";"-0,0017"
"0,0100";"0,0001";"-0,0057"
"0,0200";"0,0004";"-0,0010"
"0,0300";"0,0011";"0,0072"
"0,0400";"0,0027";"0,0145"
"0,0500";"0,0054";"0,0185"
"0,0600";"0,0091";"0,0187"
"0,0700";"0,0133";"0,0187"
"0,0800";"0,0179";"0,0194"
"0,0900";"0,0228";"0,0230"
"0,1000";"0,0276";"0,0280"
"0,1100";"0,0321";"0,0365"
"0,1200";"0,0364";"0,0493"
"0,1300";"0,0405";"0,0637"
"0,1400";"0,0445";"0,0765"
"0,1500";"0,0484";"0,0836"
"0,1600";"0,0522";"0,0858"
"0,1700";"0,0558";"0,0874"
"0,1800";"0,0594";"0,0920"
"0,1900";"0,0629";"0,0987"
"0,2000";"0,0665";"0,1051"
"0,2100";"0,0700";"0,1116"
"0,2200";"0,0734";"0,1197"
"0,2300";"0,0769";"0,1279"
"0,2400";"0,0803";"0,1353"
"0,2500";"0,0837";"0,1414"
"0,2600";"0,0871";"0,1474"
"0,2700";"0,0905";"0,1531"
"0,2800";"0,0940";"0,1578"
"0,2900";"0,0973";"0,1619"
"0,3000";"0,1005";"0,1674"
"0,3100";"0,1037";"0,1735"
"0,3200";"0,1070";"0,1813"
"0,3300";"0,1104";"0,1874"
"0,3400";"0,1138";"0,1926"
"0,3500";"0,1171";"0,1983"
"0,3600";"0,1204";"0,2041"
"0,3700";"0,1237";"0,2106"
"0,3800";"0,1270";"0,2180"
"0,3900";"0,1303";"0,2251"
"0,4000";"0,1338";"0,2303"
"0,4100";"0,1373";"0,2364"
"0,4200";"0,1406";"0,2436"
"0,4300";"0,1440";"0,2517"
"0,4400";"0,1473";"0,2564"
"0,4500";"0,1506";"0,2597"
"0,4600";"0,1541";"0,2656"
"0,4700";"0,1575";"0,2720"
"0,4800";"0,1608";"0,2780"
"0,4900";"0,1641";"0,2835"
"0,5000";"0,1673";"0,2888"
"0,5100";"0,1706";"0,2962"
"0,5200";"0,1739";"0,3029"
"0,5300";"0,1772";"0,3100"
"0,5400";"0,1806";"0,3196"
"0,5500";"0,1840";"0,3279"
"0,5600";"0,1874";"0,3349"
"0,5700";"0,1905";"0,3394"
"0,5800";"0,1938";"0,3430"
"0,5900";"0,1973";"0,3475"
"0,6000";"0,2007";"0,3531"
"0,6100";"0,2041";"0,3585"
"0,6200";"0,2074";"0,3657"
"0,6300";"0,2108";"0,3755"
"0,6400";"0,2142";"0,3848"
"0,6500";"0,2175";"0,3933"
"0,6600";"0,2208";"0,4003"
"0,6700";"0,2241";"0,4058"
"0,6800";"0,2274";"0,4113"
"0,6900";"0,2306";"0,4156"
"0,7000";"0,2337";"0,4209"
"0,7100";"0,2371";"0,4283"
"0,7200";"0,2404";"0,4352"
"0,7300";"0,2437";"0,4410"
"0,7400";"0,2471";"0,4461"
"0,7500";"0,2504";"0,4507"
"0,7600";"0,2538";"0,4561"
"0,7700";"0,2572";"0,4607"
"0,7800";"0,2607";"0,4679"
"0,7900";"0,2641";"0,4776"
"0,8000";"0,2675";"0,4873"
"0,8100";"0,2708";"0,4937"
"0,8200";"0,2741";"0,4988"
"0,8300";"0,2775";"0,5055"
"0,8400";"0,2809";"0,5132"
"0,8500";"0,2842";"0,5190"
"0,8600";"0,2875";"0,5230"
"0,8700";"0,2908";"0,5276"
"0,8800";"0,2941";"0,5342"
"0,8900";"0,2974";"0,5400"
"0,9000";"0,3007";"0,5462"
"0,9100";"0,3040";"0,5541"
"0,9200";"0,3073";"0,5623"
"0,9300";"0,3106";"0,5691"
"0,9400";"0,3139";"0,5731"
"0,9500";"0,3173";"0,5772"
"0,9600";"0,3206";"0,5840"
"0,9700";"0,3239";"0,5919"
"0,9800";"0,3272";"0,5997"
"0,9900";"0,3307";"0,6065"
"1,0000";"0,3340";"0,6126"
"1,0100";"0,3374";"0,6181"
"1,0200";"0,3407";"0,6228"
"1,0300";"0,3440";"0,6285"
"1,0400";"0,3473";"0,6340"
"1,0500";"0,3506";"0,6394"
"1,0600";"0,3539";"0,6450"
"1,0700";"0,3574";"0,6545"
"1,0800";"0,3608";"0,6658"
"1,0900";"0,3641";"0,6729"
"1,1000";"0,3673";"0,6762"
"1,1100";"0,3707";"0,6805"
"1,1200";"0,3740";"0,6864"
"1,1300";"0,3773";"0,6931"
"1,1400";"0,3807";"0,6985"
"1,1500";"0,3840";"0,7028"
"1,1600";"0,3873";"0,7084"
"1,1700";"0,3906";"0,7155"
"1,1800";"0,3940";"0,7234"
"1,1900";"0,3973";"0,7311"
"1,2000";"0,4006";"0,7393"
"1,2100";"0,4039";"0,7435"
"1,2200";"0,4073";"0,7440"
"1,2300";"0,4106";"0,7471"
"1,2400";"0,4138";"0,7580"
"1,2500";"0,4170";"0,7708"
"1,2600";"0,4203";"0,7777"
"1,2700";"0,4237";"0,7794"
"1,2800";"0,4271";"0,7813"
"1,2900";"0,4304";"0,7881"
"1,3000";"0,4337";"0,7979"
"1,3100";"0,4370";"0,8066"
"1,3200";"0,4403";"0,8099"
"1,3300";"0,4438";"0,8102"
"1,3400";"0,4472";"0,8144"
"1,3500";"0,4506";"0,8244"
"1,3600";"0,4540";"0,8358"
"1,3700";"0,4575";"0,8429"
"1,3800";"0,4608";"0,8443"
"1,3900";"0,4641";"0,8453"
"1,4000";"0,4675";"0,8520"
"1,4100";"0,4708";"0,8633"
"1,4200";"0,4741";"0,8730"
"1,4300";"0,4774";"0,8787"
"1,4400";"0,4807";"0,8838"
"1,4500";"0,4840";"0,8899"
"1,4600";"0,4873";"0,8956"
"1,4700";"0,4906";"0,9008"
"1,4800";"0,4941";"0,9050"
"1,4900";"0,4974";"0,9093"
"1,5000";"0,5007";"0,9143"
"1,5100";"0,5040";"0,9217"
"1,5200";"0,5073";"0,9311"
"1,5300";"0,5107";"0,9390"
"1,5400";"0,5141";"0,9450"
"1,5500";"0,5176";"0,9490"
"1,5600";"0,5210";"0,9530"
"1,5700";"0,5244";"0,9590"
"1,5800";"0,5277";"0,9658"
"1,5900";"0,5310";"0,9727"
"1,6000";"0,5343";"0,9790"
"1,6100";"0,5376";"0,9852"
"1,6200";"0,5409";"0,9896"
"1,6300";"0,5442";"0,9936"
"1,6400";"0,5474";"0,9996"
"1,6500";"0,5506";"1,0072"
"1,6600";"0,5539";"1,0125"
"1,6700";"0,5572";"1,0145"
"1,6800";"0,5605";"1,0195"
"1,6900";"0,5638";"1,0285"
"1,7000";"0,5673";"1,0366"
"1,7100";"0,5706";"1,0435"
"1,7200";"0,5737";"1,0483"
"1,7300";"0,5772";"1,0544"
"1,7400";"0,5805";"1,0598"
"1,7500";"0,5840";"1,0658"
"1,7600";"0,5874";"1,0707"
"1,7700";"0,5907";"1,0769"
"1,7800";"0,5941";"1,0824"
"1,7900";"0,5974";"1,0854"
"1,8000";"0,6007";"1,0891"
"1,8100";"0,6039";"1,0949"
"1,8200";"0,6073";"1,1037"
"1,8300";"0,6106";"1,1107"
"1,8400";"0,6139";"1,1174"
"1,8500";"0,6171";"1,1251"
"1,8600";"0,6203";"1,1327"
"1,8700";"0,6236";"1,1381"
"1,8800";"0,6269";"1,1419"
"1,8900";"0,6303";"1,1455"
"1,9000";"0,6336";"1,1493"
"1,9100";"0,6370";"1,1518"
"1,9200";"0,6403";"1,1551"
"1,9300";"0,6438";"1,1602"
"1,9400";"0,6472";"1,1682"
"1,9500";"0,6507";"1,1755"
"1,9600";"0,6541";"1,1834"
"1,9700";"0,6576";"1,1913"
"1,9800";"0,6609";"1,1988"
"1,9900";"0,6642";"1,2035"
"2,0000";"0,6676";"1,2077"
"2,0100";"0,6710";"1,2128"
"2,0200";"0,6745";"1,2194"
"2,0300";"0,6776";"1,2253"
"2,0400";"0,6808";"1,2311"
"2,0500";"0,6840";"1,2366"
"2,0600";"0,6873";"1,2414"
"2,0700";"0,6905";"1,2458"
"2,0800";"0,6938";"1,2515"
"2,0900";"0,6972";"1,2574"
"2,1000";"0,7005";"1,2641"
"2,1100";"0,7040";"1,2703"
"2,1200";"0,7073";"1,2749"
"2,1300";"0,7106";"1,2802"
"2,1400";"0,7140";"1,2869"
"2,1500";"0,7174";"1,2925"
"2,1600";"0,7207";"1,2966"
"2,1700";"0,7240";"1,3008"
"2,1800";"0,7273";"1,3070"
"2,1900";"0,7306";"1,3132"
"2,2000";"0,7338";"1,3189"
"2,2100";"0,7371";"1,3250"
"2,2200";"0,7404";"1,3308"
"2,2300";"0,7436";"1,3361"
"2,2400";"0,7469";"1,3402"
"2,2500";"0,7502";"1,3455"
"2,2600";"0,7535";"1,3515"
"2,2700";"0,7570";"1,3566"
"2,2800";"0,7604";"1,3619"
"2,2900";"0,7638";"1,3685"
"2,3000";"0,7672";"1,3736"
"2,3100";"0,7707";"1,3762"
"2,3200";"0,7741";"1,3783"
"2,3300";"0,7775";"1,3823"
"2,3400";"0,7809";"1,3892"
"2,3500";"0,7844";"1,3969"
"2,3600";"0,7877";"1,4049"
"2,3700";"0,7910";"1,4123"
"2,3800";"0,7943";"1,4216"
"2,3900";"0,7976";"1,4290"
"2,4000";"0,8008";"1,4337"
"2,4100";"0,8041";"1,4364"
"2,4200";"0,8074";"1,4400"
"2,4300";"0,8106";"1,4436"
"2,4400";"0,8139";"1,4477"
"2,4500";"0,8171";"1,4528"
"2,4600";"0,8204";"1,4581"
"2,4700";"0,8237";"1,4617"
"2,4800";"0,8270";"1,4653"
"2,4900";"0,8305";"1,4703"
"2,5000";"0,8338";"1,4761"
"2,5100";"0,8372";"1,4821"
"2,5200";"0,8406";"1,4880"
"2,5300";"0,8440";"1,4955"
"2,5400";"0,8474";"1,5031"
"2,5500";"0,8507";"1,5093"
"2,5600";"0,8541";"1,5135"
"2,5700";"0,8574";"1,5186"
"2,5800";"0,8607";"1,5248"
"2,5900";"0,8640";"1,5293"
"2,6000";"0,8672";"1,5313"
"2,6100";"0,8705";"1,5346"
"2,6200";"0,8738";"1,5417"
"2,6300";"0,8772";"1,5497"
"2,6400";"0,8805";"1,5554"
"2,6500";"0,8838";"1,5588"
"2,6600";"0,8871";"1,5635"
"2,6700";"0,8905";"1,5713"
"2,6800";"0,8939";"1,5772"
"2,6900";"0,8975";"1,5824"
"2,7000";"0,9010";"1,5878"
"2,7100";"0,9044";"1,5933"
"2,7200";"0,9078";"1,5983"
"2,7300";"0,9112";"1,6031"
"2,7400";"0,9143";"1,6079"
"2,7500";"0,9176";"1,6132"
"2,7600";"0,9210";"1,6169"
"2,7700";"0,9243";"1,6203"
"2,7800";"0,9274";"1,6251"
"2,7900";"0,9305";"1,6315"
"2,8000";"0,9337";"1,6350"
"2,8100";"0,9370";"1,6388"
"2,8200";"0,9402";"1,6460"
"2,8300";"0,9436";"1,6547"
"2,8400";"0,9469";"1,6616"
"2,8500";"0,9502";"1,6661"
"2,8600";"0,9535";"1,6695"
"2,8700";"0,9568";"1,6730"
"2,8800";"0,9603";"1,6779"
"2,8900";"0,9639";"1,6838"
"2,9000";"0,9675";"1,6904"
"2,9100";"0,9710";"1,6953"
"2,9200";"0,9744";"1,6989"
"2,9300";"0,9777";"1,7021"
"2,9400";"0,9809";"1,7072"
"2,9500";"0,9842";"1,7155"
"2,9600";"0,9877";"1,7240"
"2,9700";"0,9908";"1,7314"
"2,9800";"0,9941";"1,7372"
"2,9900";"0,9973";"1,7405"
"3,0000";"1,0004";"1,7429"
"3,0100";"1,0036";"1,7456"
"3,0200";"1,0069";"1,7507"
"3,0300";"1,0103";"1,7563"
"3,0400";"1,0136";"1,7599"
"3,0500";"1,0170";"1,7613"
"3,0600";"1,0204";"1,7644"
"3,0700";"1,0239";"1,7725"
"3,0800";"1,0273";"1,7825"
"3,0900";"1,0310";"1,7897"
"3,1000";"1,0344";"1,7942"
"3,1100";"1,0377";"1,7989"
"3,1200";"1,0410";"1,8048"
"3,1300";"1,0443";"1,8100"
"3,1400";"1,0475";"1,8161"
"3,1500";"1,0508";"1,8218"
"3,1600";"1,0541";"1,8251"
"3,1700";"1,0574";"1,8253"
"3,1800";"1,0607";"1,8261"
"3,1900";"1,0639";"1,8307"
"3,2000";"1,0672";"1,8383"
"3,2100";"1,0704";"1,8442"
"3,2200";"1,0737";"1,8497"
"3,2300";"1,0771";"1,8545"
"3,2400";"1,0806";"1,8585"
"3,2500";"1,0841";"1,8630"
"3,2600";"1,0875";"1,8729"
"3,2700";"1,0910";"1,8916"
"3,2800";"1,0944";"1,8967"
"3,2900";"1,0977";"1,8845"
"3,3000";"1,1010";"1,8775"
"3,3100";"1,1043";"1,8901"
"3,3200";"1,1076";"1,9084"
"3,3300";"1,1108";"1,9162"
"3,3400";"1,1140";"1,9095"
"3,3500";"1,1173";"1,9024"
"3,3600";"1,1206";"1,9056"
"3,3700";"1,1240";"1,9181"
"3,3800";"1,1273";"1,9298"
"3,3900";"1,1305";"1,9374"
"3,4000";"1,1338";"1,9412"
"3,4100";"1,1370";"1,9439"
"3,4200";"1,1404";"1,9478"
"3,4300";"1,1438";"1,9547"
"3,4400";"1,1474";"1,9620"
"3,4500";"1,1508";"1,9667"
"3,4600";"1,1542";"1,9677"
"3,4700";"1,1575";"1,9688"
"3,4800";"1,1610";"1,9724"
"3,4900";"1,1643";"1,9780"
"3,5000";"1,1677";"1,9855"
"3,5100";"1,1709";"1,9912"
"3,5200";"1,1742";"1,9922"
"3,5300";"1,1774";"1,9923"
"3,5400";"1,1806";"1,9989"
"3,5500";"1,1839";"2,0127"
"3,5600";"1,1870";"2,0262"
"3,5700";"1,1904";"2,0318"
"3,5800";"1,1937";"2,0293"
"3,5900";"1,1970";"2,0273"
"3,6000";"1,2003";"2,0320"
"3,6100";"1,2037";"2,0388"
"3,6200";"1,2072";"2,0422"
"3,6300";"1,2108";"2,0421"
"3,6400";"1,2142";"2,0444"
"3,6500";"1,2176";"2,0520"
"3,6600";"1,2209";"2,0635"
"3,6700";"1,2242";"2,0740"
"3,6800";"1,2275";"2,0785"
"3,6900";"1,2308";"2,0793"
"3,7000";"1,2343";"2,0807"
"3,7100";"1,2375";"2,0881"
"3,7200";"1,2408";"2,0982"
"3,7300";"1,2440";"2,1050"
"3,7400";"1,2471";"2,1057"
"3,7500";"1,2504";"2,1038"
"3,7600";"1,2536";"2,1054"
"3,7700";"1,2569";"2,1102"
"3,7800";"1,2602";"2,1166"
"3,7900";"1,2634";"2,1222"
"3,8000";"1,2667";"2,1264"
"3,8100";"1,2702";"2,1299"
"3,8200";"1,2736";"2,1348"
"3,8300";"1,2770";"2,1422"
"3,8400";"1,2805";"2,1497"
"3,8500";"1,2840";"2,1546"
"3,8600";"1,2873";"2,1567"
"3,8700";"1,2906";"2,1579"
"3,8800";"1,2939";"2,1633"
"3,8900";"1,2973";"2,1708"
"3,9000";"1,3006";"2,1777"
"3,9100";"1,3040";"2,1820"
"3,9200";"1,3073";"2,1848"
"3,9300";"1,3108";"2,1870"
"3,9400";"1,3140";"2,1888"
"3,9500";"1,3171";"2,1924"
"3,9600";"1,3205";"2,1975"
"3,9700";"1,3238";"2,2030"
"3,9800";"1,3271";"2,2101"
"3,9900";"1,3305";"2,2177"
"4,0000";"1,3339";"2,2265"
"4,0100";"1,3373";"2,2346"
"4,0200";"1,3408";"2,2381"
"4,0300";"1,3442";"2,2369"
"4,0400";"1,3476";"2,2358"
"4,0500";"1,3510";"2,2381"
"4,0600";"1,3543";"2,2434"
"4,0700";"1,3575";"2,2519"
"4,0800";"1,3608";"2,2588"
"4,0900";"1,3641";"2,2621"
"4,1000";"1,3676";"2,2641"
"4,1100";"1,3710";"2,2658"
"4,1200";"1,3743";"2,2703"
"4,1300";"1,3775";"2,2778"
"4,1400";"1,3807";"2,2846"
"4,1500";"1,3838";"2,2898"
"4,1600";"1,3870";"2,2947"
"4,1700";"1,3903";"2,3016"
"4,1800";"1,3938";"2,3090"
"4,1900";"1,3973";"2,3132"
"4,2000";"1,4006";"2,3147"
"4,2100";"1,4039";"2,3145"
"4,2200";"1,4072";"2,3164"
"4,2300";"1,4105";"2,3196"
"4,2400";"1,4138";"2,3258"
"4,2500";"1,4173";"2,3342"
"4,2600";"1,4206";"2,3411"
"4,2700";"1,4239";"2,3451"
"4,2800";"1,4272";"2,3485"
"4,2900";"1,4305";"2,3531"
"4,3000";"1,4339";"2,3579"
"4,3100";"1,4372";"2,3628"
"4,3200";"1,4405";"2,3684"
"4,3300";"1,4438";"2,3738"
"4,3400";"1,4470";"2,3774"
"4,3500";"1,4502";"2,3803"
"4,3600";"1,4535";"2,3823"
"4,3700";"1,4568";"2,3864"
"4,3800";"1,4602";"2,3907"
"4,3900";"1,4638";"2,3945"
"4,4000";"1,4672";"2,3978"
"4,4100";"1,4706";"2,4027"
"4,4200";"1,4739";"2,4092"
"4,4300";"1,4773";"2,4158"
"4,4400";"1,4808";"2,4225"
"4,4500";"1,4843";"2,4282"
"4,4600";"1,4876";"2,4319"
"4,4700";"1,4909";"2,4356"
"4,4800";"1,4942";"2,4385"
"4,4900";"1,4974";"2,4411"
"4,5000";"1,5007";"2,4443"
"4,5100";"1,5039";"2,4486"
"4,5200";"1,5072";"2,4544"
"4,5300";"1,5104";"2,4608"
"4,5400";"1,5137";"2,4649"
"4,5500";"1,5170";"2,4668"
"4,5600";"1,5203";"2,4704"
"4,5700";"1,5237";"2,4758"
"4,5800";"1,5273";"2,4796"
"4,5900";"1,5307";"2,4815"
"4,6000";"1,5341";"2,4849"
"4,6100";"1,5374";"2,4908"
"4,6200";"1,5407";"2,4977"
"4,6300";"1,5442";"2,5034"
"4,6400";"1,5474";"2,5075"
"4,6500";"1,5508";"2,5122"
"4,6600";"1,5541";"2,5183"
"4,6700";"1,5574";"2,5233"
"4,6800";"1,5606";"2,5272"
"4,6900";"1,5638";"2,5310"
"4,7000";"1,5671";"2,5350"
"4,7100";"1,5704";"2,5405"
"4,7200";"1,5738";"2,5461"
"4,7300";"1,5771";"2,5499"
"4,7400";"1,5804";"2,5534"
"4,7500";"1,5838";"2,5553"
"4,7600";"1,5871";"2,5584"
"4,7700";"1,5907";"2,5640"
"4,7800";"1,5941";"2,5700"
"4,7900";"1,5976";"2,5753"
"4,8000";"1,6011";"2,5788"
"4,8100";"1,6044";"2,5826"
"4,8200";"1,6077";"2,5871"
"4,8300";"1,6109";"2,5916"
"4,8400";"1,6142";"2,5946"
"4,8500";"1,6175";"2,6002"
"4,8600";"1,6208";"2,6057"
"4,8700";"1,6242";"2,6103"
"4,8800";"1,6274";"2,6145"
"4,8900";"1,6306";"2,6182"
"4,9000";"1,6338";"2,6216"
"4,9100";"1,6371";"2,6245"
"4,9200";"1,6404";"2,6270"
"4,9300";"1,6437";"2,6310"
"4,9400";"1,6471";"2,6364"
"4,9500";"1,6505";"2,6426"
"4,9600";"1,6540";"2,6470"
"4,9700";"1,6574";"2,6510"
"4,9800";"1,6608";"2,6554"
"4,9900";"1,6642";"2,6603"
"5,0000";"1,6675";"2,6640"
"5,0100";"1,6708";"2,6679"
"5,0200";"1,6741";"2,6729"
"5,0300";"1,6775";"2,6781"
"5,0400";"1,6808";"2,6824"
"5,0500";"1,6842";"2,6846"
"5,0600";"1,6874";"2,6871"
"5,0700";"1,6907";"2,6926"
"5,0800";"1,6937";"2,6985"
"5,0900";"1,6969";"2,7037"
"5,1000";"1,7002";"2,7089"
"5,1100";"1,7037";"2,7129"
"5,1200";"1,7071";"2,7146"
"5,1300";"1,7106";"2,7181"
"5,1400";"1,7140";"2,7233"
"5,1500";"1,7175";"2,7298"
"5,1600";"1,7209";"2,7352"
"5,1700";"1,7242";"2,7390"
"5,1800";"1,7276";"2,7423"
"5,1900";"1,7310";"2,7462"
"5,2000";"1,7344";"2,7481"
"5,2100";"1,7377";"2,7508"
"5,2200";"1,7410";"2,7556"
"5,2300";"1,7443";"2,7605"
"5,2400";"1,7476";"2,7665"
"5,2500";"1,7508";"2,7721"
"5,2600";"1,7540";"2,7780"
"5,2700";"1,7571";"2,7835"
"5,2800";"1,7603";"2,7861"
"5,2900";"1,7636";"2,7874"
"5,3000";"1,7669";"2,7893"
"5,3100";"1,7702";"2,7930"
"5,3200";"1,7738";"2,7970"
"5,3300";"1,7772";"2,8018"
"5,3400";"1,7806";"2,8073"
"5,3500";"1,7841";"2,8130"
"5,3600";"1,7874";"2,8184"
"5,3700";"1,7908";"2,8232"
"5,3800";"1,7942";"2,8271"
"5,3900";"1,7976";"2,8302"
"5,4000";"1,8009";"2,8325"
"5,4100";"1,8042";"2,8357"
"5,4200";"1,8074";"2,8400"
"5,4300";"1,8107";"2,8467"
"5,4400";"1,8139";"2,8517"
"5,4500";"1,8172";"2,8546"
"5,4600";"1,8205";"2,8560"
"5,4700";"1,8237";"2,8578"
"5,4800";"1,8270";"2,8627"
"5,4900";"1,8303";"2,8667"
"5,5000";"1,8336";"2,8701"
"5,5100";"1,8371";"2,8735"
"5,5200";"1,8406";"2,8792"
"5,5300";"1,8440";"2,8861"
"5,5400";"1,8476";"2,8932"
"5,5500";"1,8509";"2,8990"
"5,5600";"1,8542";"2,9026"
"5,5700";"1,8575";"2,9043"
"5,5800";"1,8608";"2,9071"
"5,5900";"1,8641";"2,9132"
"5,6000";"1,8674";"2,9196"
"5,6100";"1,8706";"2,9227"
"5,6200";"1,8738";"2,9231"
"5,6300";"1,8770";"2,9239"
"5,6400";"1,8802";"2,9258"
"5,6500";"1,8835";"2,9300"
"5,6600";"1,8869";"2,9350"
"5,6700";"1,8902";"2,9396"
"5,6800";"1,8937";"2,9455"
"5,6900";"1,8972";"2,9521"
"5,7000";"1,9005";"2,9576"
"5,7100";"1,9039";"2,9629"
"5,7200";"1,9074";"2,9674"
"5,7300";"1,9110";"2,9683"
"5,7400";"1,9143";"2,9699"
"5,7500";"1,9176";"2,9735"
"5,7600";"1,9209";"2,9799"
"5,7700";"1,9241";"2,9881"
"5,7800";"1,9274";"2,9947"
"5,7900";"1,9307";"2,9993"
"5,8000";"1,9341";"3,0015"
"5,8100";"1,9374";"3,0023"
"5,8200";"1,9407";"3,0041"
"5,8300";"1,9440";"3,0084"
"5,8400";"1,9473";"3,0145"
"5,8500";"1,9506";"3,0182"
"5,8600";"1,9539";"3,0201"
"5,8700";"1,9574";"3,0241"
"5,8800";"1,9607";"3,0309"
"5,8900";"1,9640";"3,0365"
"5,9000";"1,9675";"3,0391"
"5,9100";"1,9708";"3,0403"
"5,9200";"1,9742";"3,0423"
"5,9300";"1,9777";"3,0461"
"5,9400";"1,9810";"3,0520"
"5,9500";"1,9843";"3,0604"
"5,9600";"1,9876";"3,0678"
"5,9700";"1,9907";"3,0715"
"5,9800";"1,9940";"3,0741"
"5,9900";"1,9973";"3,0757"
"6,0000";"2,0006";"3,0785"
"6,0100";"2,0039";"3,0827"
"6,0200";"2,0072";"3,0857"
"6,0300";"2,0105";"3,0884"
"6,0400";"2,0138";"3,0924"
"6,0500";"2,0171";"3,0979"
"6,0600";"2,0206";"3,1038"
"6,0700";"2,0241";"3,1107"
"6,0800";"2,0275";"3,1166"
"6,0900";"2,0309";"3,1192"
"6,1000";"2,0342";"3,1212"
"6,1100";"2,0375";"3,1248"
"6,1200";"2,0408";"3,1303"
"6,1300";"2,0442";"3,1355"
"6,1400";"2,0474";"3,1386"
"6,1500";"2,0507";"3,1411"
"6,1600";"2,0540";"3,1447"
"6,1700";"2,0572";"3,1489"
"6,1800";"2,0605";"3,1528"
"6,1900";"2,0638";"3,1563"
"6,2000";"2,0672";"3,1601"
"6,2100";"2,0705";"3,1626"
"6,2200";"2,0739";"3,1657"
"6,2300";"2,0772";"3,1702"
"6,2400";"2,0805";"3,1767"
"6,2500";"2,0839";"3,1821"
"6,2600";"2,0873";"3,1844"
"6,2700";"2,0909";"3,1876"
"6,2800";"2,0942";"3,1923"
"6,2900";"2,0976";"3,1988"
"6,3000";"2,1009";"3,2040"
"6,3100";"2,1042";"3,2080"
"6,3200";"2,1074";"3,2117"
"6,3300";"2,1107";"3,2143"
"6,3400";"2,1140";"3,2166"
"6,3500";"2,1172";"3,2207"
"6,3600";"2,1205";"3,2257"
"6,3700";"2,1237";"3,2291"
"6,3800";"2,1270";"3,2306"
"6,3900";"2,1304";"3,2340"
"6,4000";"2,1337";"3,2397"
"6,4100";"2,1372";"3,2460"
"6,4200";"2,1406";"3,2507"
"6,4300";"2,1439";"3,2535"
"6,4400";"2,1473";"3,2559"
"6,4500";"2,1507";"3,2586"
"6,4600";"2,1542";"3,2626"
"6,4700";"2,1577";"3,2679"
"6,4800";"2,1611";"3,2755"
"6,4900";"2,1644";"3,2827"
"6,5000";"2,1677";"3,2874"
"6,5100";"2,1710";"3,2909"
"6,5200";"2,1743";"3,2932"
"6,5300";"2,1775";"3,2962"
"6,5400";"2,1808";"3,2988"
"6,5500";"2,1840";"3,3011"
"6,5600";"2,1873";"3,3045"
"6,5700";"2,1906";"3,3099"
"6,5800";"2,1938";"3,3138"
"6,5900";"2,1971";"3,3175"
"6,6000";"2,2004";"3,3213"
"6,6100";"2,2037";"3,3237"
"6,6200";"2,2072";"3,3251"
"6,6300";"2,2105";"3,3269"
"6,6400";"2,2139";"3,3322"
"6,6500";"2,2172";"3,3383"
"6,6600";"2,2205";"3,3431"
"6,6700";"2,2239";"3,3469"
"6,6800";"2,2272";"3,3513"
"6,6900";"2,2305";"3,3558"
"6,7000";"2,2338";"3,3587"
"6,7100";"2,2372";"3,3606"
"6,7200";"2,2405";"3,3641"
"6,7300";"2,2439";"3,3697"
"6,7400";"2,2473";"3,3755"
"6,7500";"2,2506";"3,3795"
"6,7600";"2,2538";"3,3836"
"6,7700";"2,2570";"3,3881"
"6,7800";"2,2603";"3,3927"
"6,7900";"2,2637";"3,3950"
"6,8000";"2,2671";"3,3970"
"6,8100";"2,2706";"3,4004"
"6,8200";"2,2740";"3,4042"
"6,8300";"2,2775";"3,4080"
"6,8400";"2,2810";"3,4123"
"6,8500";"2,2843";"3,4191"
"6,8600";"2,2877";"3,4262"
"6,8700";"2,2910";"3,4298"
"6,8800";"2,2943";"3,4322"
"6,8900";"2,2976";"3,4353"
"6,9000";"2,3008";"3,4390"
"6,9100";"2,3041";"3,4421"
"6,9200";"2,3074";"3,4438"
"6,9300";"2,3107";"3,4471"
"6,9400";"2,3141";"3,4515"
"6,9500";"2,3174";"3,4552"
"6,9600";"2,3206";"3,4581"
"6,9700";"2,3238";"3,4623"
"6,9800";"2,3269";"3,4683"
"6,9900";"2,3301";"3,4739"
"7,0000";"2,3334";"3,4778"
"7,0100";"2,3369";"3,4822"
"7,0200";"2,3403";"3,4866"
"7,0300";"2,3438";"3,4901"
"7,0400";"2,3472";"3,4930"
"7,0500";"2,3505";"3,4977"
"7,0600";"2,3539";"3,5018"
"7,0700";"2,3572";"3,5050"
"7,0800";"2,3608";"3,5093"
"7,0900";"2,3641";"3,5136"
"7,1000";"2,3674";"3,5174"
"7,1100";"2,3707";"3,5202"
"7,1200";"2,3740";"3,5238"
"7,1300";"2,3773";"3,5299"
"7,1400";"2,3806";"3,5364"
"7,1500";"2,3839";"3,5404"
"7,1600";"2,3872";"3,5412"
"7,1700";"2,3905";"3,5435"
"7,1800";"2,3938";"3,5481"
"7,1900";"2,3971";"3,5526"
"7,2000";"2,4005";"3,5562"
"7,2100";"2,4041";"3,5590"
"7,2200";"2,4076";"3,5629"
"7,2300";"2,4109";"3,5665"
"7,2400";"2,4144";"3,5708"
"7,2500";"2,4175";"3,5761"
"7,2600";"2,4208";"3,5820"
"7,2700";"2,4243";"3,5870"
"7,2800";"2,4276";"3,5902"
"7,2900";"2,4309";"3,5925"
"7,3000";"2,4341";"3,5958"
"7,3100";"2,4373";"3,5995"
"7,3200";"2,4404";"3,6024"
"7,3300";"2,4436";"3,6061"
"7,3400";"2,4469";"3,6096"
"7,3500";"2,4502";"3,6133"
"7,3600";"2,4535";"3,6174"
"7,3700";"2,4570";"3,6224"
"7,3800";"2,4603";"3,6260"
"7,3900";"2,4636";"3,6282"
"7,4000";"2,4670";"3,6299"
"7,4100";"2,4705";"3,6347"
"7,4200";"2,4741";"3,6426"
"7,4300";"2,4775";"3,6473"
"7,4400";"2,4808";"3,6486"
"7,4500";"2,4841";"3,6496"
"7,4600";"2,4875";"3,6531"
"7,4700";"2,4909";"3,6590"
"7,4800";"2,4943";"3,6658"
"7,4900";"2,4977";"3,6719"
"7,5000";"2,5010";"3,6760"
"7,5100";"2,5042";"3,6799"
"7,5200";"2,5074";"3,6825"
"7,5300";"2,5106";"3,6834"
"7,5400";"2,5138";"3,6848"
"7,5500";"2,5172";"3,6876"
"7,5600";"2,5205";"3,6908"
"7,5700";"2,5238";"3,6959"
"7,5800";"2,5272";"3,7026"
"7,5900";"2,5306";"3,7103"
"7,6000";"2,5339";"3,7157"
"7,6100";"2,5374";"3,7184"
"7,6200";"2,5408";"3,7213"
"7,6300";"2,5442";"3,7231"
"7,6400";"2,5475";"3,7249"
"7,6500";"2,5508";"3,7283"
"7,6600";"2,5540";"3,7340"
"7,6700";"2,5573";"3,7394"
"7,6800";"2,5606";"3,7439"
"7,6900";"2,5640";"3,7473"
"7,7000";"2,5675";"3,7527"
"7,7100";"2,5708";"3,7580"
"7,7200";"2,5740";"3,7611"
"7,7300";"2,5773";"3,7617"
"7,7400";"2,5806";"3,7629"
"7,7500";"2,5840";"3,7667"
"7,7600";"2,5873";"3,7719"
"7,7700";"2,5907";"3,7786"
"7,7800";"2,5940";"3,7847"
"7,7900";"2,5973";"3,7894"
"7,8000";"2,6008";"3,7920"
"7,8100";"2,6041";"3,7936"
"7,8200";"2,6075";"3,7945"
"7,8300";"2,6109";"3,7984"
"7,8400";"2,6143";"3,8033"
"7,8500";"2,6176";"3,8073"
"7,8600";"2,6210";"3,8124"
"7,8700";"2,6243";"3,8189"
"7,8800";"2,6276";"3,8239"
"7,8900";"2,6309";"3,8262"
"7,9000";"2,6341";"3,8277"
"7,9100";"2,6371";"3,8310"
"7,9200";"2,6404";"3,8338"
"7,9300";"2,6437";"3,8368"
"7,9400";"2,6470";"3,8429"
"7,9500";"2,6506";"3,8497"
"7,9600";"2,6540";"3,8550"
"7,9700";"2,6574";"3,8573"
"7,9800";"2,6609";"3,8591"
"7,9900";"2,6642";"3,8615"
"8,0000";"2,6675";"3,8638"
"8,0100";"2,6708";"3,8663"
"8,0200";"2,6742";"3,8696"
"8,0300";"2,6775";"3,8756"
"8,0400";"2,6808";"3,8836"
"8,0500";"2,6840";"3,8900"
"8,0600";"2,6872";"3,8929"
"8,0700";"2,6905";"3,8943"
"8,0800";"2,6938";"3,8935"
"8,0900";"2,6970";"3,8937"
"8,1000";"2,7002";"3,8973"
"8,1100";"2,7036";"3,9045"
"8,1200";"2,7069";"3,9112"
"8,1300";"2,7103";"3,9176"
"8,1400";"2,7136";"3,9223"
"8,1500";"2,7172";"3,9265"
"8,1600";"2,7206";"3,9289"
"8,1700";"2,7240";"3,9299"
"8,1800";"2,7274";"3,9313"
"8,1900";"2,7309";"3,9350"
"8,2000";"2,7342";"3,9408"
"8,2100";"2,7376";"3,9458"
"8,2200";"2,7409";"3,9493"
"8,2300";"2,7442";"3,9538"
"8,2400";"2,7475";"3,9592"
"8,2500";"2,7507";"3,9638"
"8,2600";"2,7539";"3,9667"
"8,2700";"2,7572";"3,9682"
"8,2800";"2,7605";"3,9716"
"8,2900";"2,7638";"3,9755"
"8,3000";"2,7671";"3,9786"
"8,3100";"2,7705";"3,9828"
"8,3200";"2,7738";"3,9866"
"8,3300";"2,7773";"3,9906"
"8,3400";"2,7807";"3,9945"
"8,3500";"2,7841";"3,9995"
"8,3600";"2,7875";"4,0034"
"8,3700";"2,7910";"4,0064"
"8,3800";"2,7944";"4,0103"
"8,3900";"2,7977";"4,0156"
"8,4000";"2,8010";"4,0204"
"8,4100";"2,8043";"4,0234"
"8,4200";"2,8076";"4,0250"
"8,4300";"2,8110";"4,0280"
"8,4400";"2,8142";"4,0329"
"8,4500";"2,8174";"4,0384"
"8,4600";"2,8205";"4,0433"
"8,4700";"2,8237";"4,0464"
"8,4800";"2,8268";"4,0504"
"8,4900";"2,8303";"4,0551"
"8,5000";"2,8337";"4,0586"
"8,5100";"2,8371";"4,0597"
"8,5200";"2,8407";"4,0619"
"8,5300";"2,8442";"4,0662"
"8,5400";"2,8476";"4,0699"
"8,5500";"2,8512";"4,0730"
"8,5600";"2,8546";"4,0771"
"8,5700";"2,8579";"4,0827"
"8,5800";"2,8612";"4,0882"
"8,5900";"2,8644";"4,0928"
"8,6000";"2,8676";"4,0981"
"8,6100";"2,8706";"4,1020"
"8,6200";"2,8738";"4,1050"
"8,6300";"2,8770";"4,1063"
"8,6400";"2,8802";"4,1073"
"8,6500";"2,8834";"4,1093"
"8,6600";"2,8867";"4,1127"
"8,6700";"2,8900";"4,1188"
"8,6800";"2,8934";"4,1257"
"8,6900";"2,8968";"4,1309"
"8,7000";"2,9004";"4,1334"
"8,7100";"2,9039";"4,1341"
"8,7200";"2,9072";"4,1367"
"8,7300";"2,9107";"4,1413"
"8,7400";"2,9140";"4,1448"
"8,7500";"2,9173";"4,1494"
"8,7600";"2,9207";"4,1545"
"8,7700";"2,9239";"4,1600"
"8,7800";"2,9271";"4,1655"
"8,7900";"2,9301";"4,1688"
"8,8000";"2,9333";"4,1716"
"8,8100";"2,9365";"4,1748"
"8,8200";"2,9398";"4,1776"
"8,8300";"2,9432";"4,1802"
"8,8400";"2,9468";"4,1847"
"8,8500";"2,9502";"4,1913"
"8,8600";"2,9537";"4,1966"
"8,8700";"2,9573";"4,2010"
"8,8800";"2,9608";"4,2047"
"8,8900";"2,9644";"4,2082"
"8,9000";"2,9679";"4,2112"
"8,9100";"2,9715";"4,2140"
"8,9200";"2,9749";"4,2167"
"8,9300";"2,9781";"4,2195"
"8,9400";"2,9813";"4,2242"
"8,9500";"2,9846";"4,2284"
"8,9600";"2,9879";"4,2333"
"8,9700";"2,9911";"4,2387"
"8,9800";"2,9944";"4,2419"
"8,9900";"2,9975";"4,2446"
"9,0000";"3,0009";"4,2478"
"9,0100";"3,0040";"4,2520"
"9,0200";"3,0073";"4,2560"
"9,0300";"3,0108";"4,2589"
"9,0400";"3,0141";"4,2619"
"9,0500";"3,0175";"4,2662"
"9,0600";"3,0209";"4,2711"
"9,0700";"3,0243";"4,2749"
"9,0800";"3,0278";"4,2775"
"9,0900";"3,0311";"4,2811"
"9,1000";"3,0345";"4,2861"
"9,1100";"3,0378";"4,2912"
"9,1200";"3,0411";"4,2963"
"9,1300";"3,0443";"4,3007"
"9,1400";"3,0475";"4,3031"
"9,1500";"3,0508";"4,3042"
"9,1600";"3,0541";"4,3058"
"9,1700";"3,0573";"4,3091"
"9,1800";"3,0605";"4,3139"
"9,1900";"3,0637";"4,3201"
"9,2000";"3,0670";"4,3252"
"9,2100";"3,0702";"4,3303"
"9,2200";"3,0735";"4,3336"
"9,2300";"3,0769";"4,3358"
"9,2400";"3,0803";"4,3380"
"9,2500";"3,0837";"4,3411"
"9,2600";"3,0873";"4,3438"
"9,2700";"3,0908";"4,3455"
"9,2800";"3,0942";"4,3489"
"9,2900";"3,0978";"4,3567"
"9,3000";"3,1012";"4,3661"
"9,3100";"3,1045";"4,3727"
"9,3200";"3,1078";"4,3752"
"9,3300";"3,1110";"4,3759"
"9,3400";"3,1143";"4,3785"
"9,3500";"3,1176";"4,3821"
"9,3600";"3,1208";"4,3862"
"9,3700";"3,1242";"4,3910"
"9,3800";"3,1274";"4,3954"
"9,3900";"3,1307";"4,3994"
"9,4000";"3,1339";"4,4039"
"9,4100";"3,1372";"4,4079"
"9,4200";"3,1405";"4,4110"
"9,4300";"3,1438";"4,4129"
"9,4400";"3,1472";"4,4145"
"9,4500";"3,1507";"4,4184"
"9,4600";"3,1541";"4,4238"
"9,4700";"3,1574";"4,4282"
"9,4800";"3,1608";"4,4322"
"9,4900";"3,1641";"4,4362"
"9,5000";"3,1675";"4,4402"
"9,5100";"3,1709";"4,4427"
"9,5200";"3,1740";"4,4447"
"9,5300";"3,1773";"4,4483"
"9,5400";"3,1807";"4,4542"
"9,5500";"3,1838";"4,4591"
"9,5600";"3,1870";"4,4626"
"9,5700";"3,1903";"4,4655"
"9,5800";"3,1936";"4,4692"
"9,5900";"3,1969";"4,4727"
"9,6000";"3,2002";"4,4753"
"9,6100";"3,2034";"4,4775"
"9,6200";"3,2067";"4,4806"
"9,6300";"3,2102";"4,4850"
"9,6400";"3,2136";"4,4910"
"9,6500";"3,2170";"4,4976"
"9,6600";"3,2204";"4,5025"
"9,6700";"3,2237";"4,5037"
"9,6800";"3,2270";"4,5039"
"9,6900";"3,2305";"4,5071"
"9,7000";"3,2338";"4,5125"
"9,7100";"3,2372";"4,5176"
"9,7200";"3,2406";"4,5215"
"9,7300";"3,2439";"4,5251"
"9,7400";"3,2471";"4,5296"
"9,7500";"3,2504";"4,5329"
"9,7600";"3,2537";"4,5322"
"9,7700";"3,2570";"4,5326"
"9,7800";"3,2605";"4,5370"
"9,7900";"3,2638";"4,5438"
"9,8000";"3,2671";"4,5500"
"9,8100";"3,2704";"4,5554"
"9,8200";"3,2738";"4,5610"
"9,8300";"3,2773";"4,5664"
"9,8400";"3,2809";"4,5694"
"9,8500";"3,2843";"4,5714"
"9,8600";"3,2876";"4,5736"
"9,8700";"3,2908";"4,5764"
"9,8800";"3,2940";"4,5807"
"9,8900";"3,2972";"4,5854"
"9,9000";"3,3005";"4,5900"
"9,9100";"3,3039";"4,5927"
"9,9200";"3,3073";"4,5964"
"9,9300";"3,3106";"4,5998"
"9,9400";"3,3139";"4,6032"
"9,9500";"3,3172";"4,6069"
"9,9600";"3,3207";"4,6098"
"9,9700";"3,3240";"4,6141"
"9,9800";"3,3275";"4,6199"
"9,9900";"3,3308";"4,6257"
"10,0000";"3,3342";"4,6288"
"10,0100";"3,3377";"4,6295"
"10,0200";"3,3410";"4,6319"
"10,0300";"3,3445";"4,6364"
"10,0400";"3,3478";"4,6401"
"10,0500";"3,3511";"4,6441"
"10,0600";"3,3544";"4,6492"
"10,0700";"3,3576";"4,6555"
"10,0800";"3,3608";"4,6614"
"10,0900";"3,3641";"4,6645"
"10,1000";"3,3674";"4,6679"
"10,1100";"3,3707";"4,6722"
"10,1200";"3,3741";"4,6747"
"10,1300";"3,3773";"4,6760"
"10,1400";"3,3806";"4,6788"
"10,1500";"3,3838";"4,6817"
"10,1600";"3,3871";"4,6859"
"10,1700";"3,3904";"4,6912"
"10,1800";"3,3939";"4,6975"
"10,1900";"3,3973";"4,7025"
"10,2000";"3,4007";"4,7051"
"10,2100";"3,4040";"4,7073"
"10,2200";"3,4073";"4,7103"
"10,2300";"3,4106";"4,7148"
"10,2400";"3,4140";"4,7188"
"10,2500";"3,4174";"4,7229"
"10,2600";"3,4208";"4,7283"
"10,2700";"3,4241";"4,7346"
"10,2800";"3,4274";"4,7396"
"10,2900";"3,4306";"4,7420"
"10,3000";"3,4339";"4,7437"
"10,3100";"3,4373";"4,7475"
"10,3200";"3,4406";"4,7507"
"10,3300";"3,4440";"4,7521"
"10,3400";"3,4473";"4,7554"
"10,3500";"3,4505";"4,7602"
"10,3600";"3,4538";"4,7643"
"10,3700";"3,4573";"4,7672"
"10,3800";"3,4607";"4,7710"
"10,3900";"3,4642";"4,7757"
"10,4000";"3,4675";"4,7806"
"10,4100";"3,4708";"4,7866"
"10,4200";"3,4740";"4,7904"
"10,4300";"3,4774";"4,7943"
"10,4400";"3,4807";"4,7984"
"10,4500";"3,4842";"4,8009"
"10,4600";"3,4875";"4,8017"
"10,4700";"3,4909";"4,8044"
"10,4800";"3,4942";"4,8094"
"10,4900";"3,4975";"4,8173"
"10,5000";"3,5008";"4,8249"
"10,5100";"3,5041";"4,8293"
"10,5200";"3,5073";"4,8293"
"10,5300";"3,5106";"4,8280"
"10,5400";"3,5138";"4,8300"
"10,5500";"3,5170";"4,8353"
"10,5600";"3,5203";"4,8412"
"10,5700";"3,5237";"4,8461"
"10,5800";"3,5271";"4,8499"
"10,5900";"3,5306";"4,8547"
"10,6000";"3,5340";"4,8608"
"10,6100";"3,5373";"4,8636"
"10,6200";"3,5407";"4,8632"
"10,6300";"3,5440";"4,8659"
"10,6400";"3,5473";"4,8720"
"10,6500";"3,5508";"4,8775"
"10,6600";"3,5542";"4,8814"
"10,6700";"3,5575";"4,8848"
"10,6800";"3,5608";"4,8886"
"10,6900";"3,5641";"4,8920"
"10,7000";"3,5674";"4,8949"
"10,7100";"3,5707";"4,8982"
"10,7200";"3,5740";"4,9038"
"10,7300";"3,5773";"4,9085"
"10,7400";"3,5806";"4,9133"
"10,7500";"3,5840";"4,9164"
"10,7600";"3,5874";"4,9188"
"10,7700";"3,5907";"4,9204"
"10,7800";"3,5941";"4,9231"
"10,7900";"3,5974";"4,9289"
"10,8000";"3,6008";"4,9339"
"10,8100";"3,6041";"4,9362"
"10,8200";"3,6075";"4,9390"
"10,8300";"3,6107";"4,9452"
"10,8400";"3,6142";"4,9534"
"10,8500";"3,6176";"4,9582"
"10,8600";"3,6209";"4,9599"
"10,8700";"3,6242";"4,9611"
"10,8800";"3,6275";"4,9653"
"10,8900";"3,6307";"4,9706"
"10,9000";"3,6340";"4,9742"
"10,9100";"3,6373";"4,9756"
"10,9200";"3,6406";"4,9781"
"10,9300";"3,6439";"4,9821"
"10,9400";"3,6472";"4,9872"
"10,9500";"3,6506";"4,9909"
"10,9600";"3,6539";"4,9956"
"10,9700";"3,6574";"4,9997"
"10,9800";"3,6608";"5,0019"
"10,9900";"3,6642";"5,0050"
"11,0000";"3,6675";"5,0102"
"11,0100";"3,6708";"5,0157"
"11,0200";"3,6741";"5,0183"
"11,0300";"3,6775";"5,0213"
"11,0400";"3,6810";"5,0271"
"11,0500";"3,6844";"5,0324"
"11,0600";"3,6877";"5,0367"
"11,0700";"3,6910";"5,0398"
"11,0800";"3,6942";"5,0426"
"11,0900";"3,6974";"5,0451"
"11,1000";"3,7005";"5,0474"
"11,1100";"3,7038";"5,0515"
"11,1200";"3,7071";"5,0583"
"11,1300";"3,7105";"5,0643"
"11,1400";"3,7140";"5,0673"
"11,1500";"3,7175";"5,0679"
"11,1600";"3,7209";"5,0704"
"11,1700";"3,7243";"5,0755"
"11,1800";"3,7277";"5,0805"
"11,1900";"3,7311";"5,0840"
"11,2000";"3,7345";"5,0872"
"11,2100";"3,7378";"5,0898"
"11,2200";"3,7409";"5,0943"
"11,2300";"3,7441";"5,0996"
"11,2400";"3,7473";"5,1061"
"11,2500";"3,7506";"5,1106"
"11,2600";"3,7539";"5,1122"
"11,2700";"3,7571";"5,1149"
"11,2800";"3,7604";"5,1210"
"11,2900";"3,7636";"5,1262"
"11,3000";"3,7668";"5,1289"
"11,3100";"3,7701";"5,1289"
"11,3200";"3,7735";"5,1303"
"11,3300";"3,7771";"5,1348"
"11,3400";"3,7805";"5,1399"
"11,3500";"3,7839";"5,1448"
"11,3600";"3,7872";"5,1486"
"11,3700";"3,7905";"5,1533"
"11,3800";"3,7940";"5,1572"
"11,3900";"3,7975";"5,1601"
"11,4000";"3,8010";"5,1625"
"11,4100";"3,8043";"5,1652"
"11,4200";"3,8078";"5,1687"
"11,4300";"3,8110";"5,1723"
"11,4400";"3,8141";"5,1772"
"11,4500";"3,8173";"5,1851"
"11,4600";"3,8206";"5,1930"
"11,4700";"3,8239";"5,1982"
"11,4800";"3,8272";"5,2010"
"11,4900";"3,8305";"5,2020"
"11,5000";"3,8339";"5,2029"
"11,5100";"3,8372";"5,2068"
"11,5200";"3,8406";"5,2129"
"11,5300";"3,8441";"5,2181"
"11,5400";"3,8475";"5,2212"
"11,5500";"3,8509";"5,2238"
"11,5600";"3,8543";"5,2280"
"11,5700";"3,8576";"5,2327"
"11,5800";"3,8610";"5,2364"
"11,5900";"3,8643";"5,2386"
"11,6000";"3,8677";"5,2419"
"11,6100";"3,8709";"5,2467"
"11,6200";"3,8742";"5,2516"
"11,6300";"3,8774";"5,2554"
"11,6400";"3,8806";"5,2579"
"11,6500";"3,8838";"5,2602"
"11,6600";"3,8871";"5,2636"
"11,6700";"3,8905";"5,2672"
"11,6800";"3,8938";"5,2714"
"11,6900";"3,8971";"5,2779"
"11,7000";"3,9006";"5,2844"
"11,7100";"3,9040";"5,2882"
"11,7200";"3,9075";"5,2917"
"11,7300";"3,9109";"5,2957"
"11,7400";"3,9145";"5,3010"
"11,7500";"3,9178";"5,3059"
"11,7600";"3,9211";"5,3093"
"11,7700";"3,9243";"5,3122"
"11,7800";"3,9276";"5,3153"
"11,7900";"3,9309";"5,3174"
"11,8000";"3,9342";"5,3201"
"11,8100";"3,9375";"5,3260"
"11,8200";"3,9408";"5,3299"
"11,8300";"3,9440";"5,3316"
"11,8400";"3,9472";"5,3342"
"11,8500";"3,9504";"5,3397"
"11,8600";"3,9537";"5,3460"
"11,8700";"3,9571";"5,3509"
"11,8800";"3,9606";"5,3530"
"11,8900";"3,9641";"5,3555"
"11,9000";"3,9676";"5,3612"
"11,9100";"3,9709";"5,3668"
"11,9200";"3,9743";"5,3712"
"11,9300";"3,9778";"5,3745"
"11,9400";"3,9811";"5,3774"
"11,9500";"3,9845";"5,3801"
"11,9600";"3,9877";"5,3845"
"11,9700";"3,9909";"5,3889"
"11,9800";"3,9942";"5,3930"
"11,9900";"3,9974";"5,3961"
"12,0000";"4,0007";"5,3993"
"12,0100";"4,0037";"5,4039"
"12,0200";"4,0070";"5,4113"
"12,0300";"4,0102";"5,4164"
"12,0400";"4,0135";"5,4191"
"12,0500";"4,0168";"5,4204"
"12,0600";"4,0203";"5,4226"
"12,0700";"4,0239";"5,4258"
"12,0800";"4,0273";"5,4303"
"12,0900";"4,0309";"5,4348"
"12,1000";"4,0343";"5,4395"
"12,1100";"4,0377";"5,4450"
"12,1200";"4,0410";"5,4497"
"12,1300";"4,0445";"5,4526"
"12,1400";"4,0478";"5,4568"
"12,1500";"4,0511";"5,4615"
"12,1600";"4,0543";"5,4632"
"12,1700";"4,0575";"5,4658"
"12,1800";"4,0606";"5,4694"
"12,1900";"4,0639";"5,4749"
"12,2000";"4,0672";"5,4811"
"12,2100";"4,0706";"5,4857"
"12,2200";"4,0739";"5,4875"
"12,2300";"4,0772";"5,4884"
"12,2400";"4,0805";"5,4909"
"12,2500";"4,0838";"5,4956"
"12,2600";"4,0872";"5,5016"
"12,2700";"4,0906";"5,5068"
"12,2800";"4,0942";"5,5107"
"12,2900";"4,0975";"5,5146"
"12,3000";"4,1008";"5,5207"
"12,3100";"4,1041";"5,5254"
"12,3200";"4,1074";"5,5261"
"12,3300";"4,1107";"5,5251"
"12,3400";"4,1140";"5,5274"
"12,3500";"4,1172";"5,5321"
"12,3600";"4,1205";"5,5390"
"12,3700";"4,1237";"5,5450"
"12,3800";"4,1269";"5,5508"
"12,3900";"4,1301";"5,5561"
"12,4000";"4,1334";"5,5588"
"12,4100";"4,1367";"5,5595"
"12,4200";"4,1400";"5,5608"
"12,4300";"4,1434";"5,5659"
"12,4400";"4,1468";"5,5725"
"12,4500";"4,1502";"5,5782"
"12,4600";"4,1538";"5,5821"
"12,4700";"4,1573";"5,5853"
"12,4800";"4,1609";"5,5900"
"12,4900";"4,1643";"5,5943"
"12,5000";"4,1676";"5,5978"
"12,5100";"4,1710";"5,5993"
"12,5200";"4,1742";"5,6015"
"12,5300";"4,1775";"5,6062"
"12,5400";"4,1808";"5,6136"
"12,5500";"4,1840";"5,6211"
"12,5600";"4,1873";"5,6237"
"12,5700";"4,1905";"5,6231"
"12,5800";"4,1937";"5,6235"
"12,5900";"4,1969";"5,6298"
"12,6000";"4,2003";"5,6365"
"12,6100";"4,2037";"5,6404"
"12,6200";"4,2071";"5,6431"
"12,6300";"4,2106";"5,6474"
"12,6400";"4,2141";"5,6523"
"12,6500";"4,2175";"5,6567"
"12,6600";"4,2211";"5,6609"
"12,6700";"4,2246";"5,6648"
"12,6800";"4,2280";"5,6684"
"12,6900";"4,2315";"5,6717"
"12,7000";"4,2347";"5,6764"
"12,7100";"4,2380";"5,6813"
"12,7200";"4,2411";"5,6861"
"12,7300";"4,2443";"5,6894"
"12,7400";"4,2476";"5,6921"
"12,7500";"4,2509";"5,6949"
"12,7600";"4,2541";"5,6978"
"12,7700";"4,2573";"5,7006"
"12,7800";"4,2605";"5,7046"
"12,7900";"4,2638";"5,7102"
"12,8000";"4,2671";"5,7145"
"12,8100";"4,2707";"5,7178"
"12,8200";"4,2742";"5,7211"
"12,8300";"4,2776";"5,7263"
"12,8400";"4,2810";"5,7316"
"12,8500";"4,2844";"5,7350"
"12,8600";"4,2875";"5,7378"
"12,8700";"4,2908";"5,7420"
"12,8800";"4,2943";"5,7471"
"12,8900";"4,2976";"5,7511"
"12,9000";"4,3009";"5,7538"
"12,9100";"4,3041";"5,7579"
"12,9200";"4,3074";"5,7629"
"12,9300";"4,3106";"5,7669"
"12,9400";"4,3140";"5,7702"
"12,9500";"4,3173";"5,7747"
"12,9600";"4,3205";"5,7797"
"12,9700";"4,3238";"5,7839"
"12,9800";"4,3271";"5,7872"
"12,9900";"4,3304";"5,7915"
"13,0000";"4,3338";"5,7964"
"13,0100";"4,3372";"5,8000"
"13,0200";"4,3408";"5,8036"
"13,0300";"4,3442";"5,8075"
"13,0400";"4,3476";"5,8125"
"13,0500";"4,3509";"5,8170"
"13,0600";"4,3542";"5,8200"
"13,0700";"4,3575";"5,8224"
"13,0800";"4,3607";"5,8271"
"13,0900";"4,3640";"5,8315"
"13,1000";"4,3673";"5,8344"
"13,1100";"4,3705";"5,8387"
"13,1200";"4,3738";"5,8441"
"13,1300";"4,3770";"5,8485"
"13,1400";"4,3803";"5,8518"
"13,1500";"4,3838";"5,8564"
"13,1600";"4,3871";"5,8614"
"13,1700";"4,3905";"5,8657"
"13,1800";"4,3938";"5,8687"
"13,1900";"4,3972";"5,8700"
"13,2000";"4,4006";"5,8729"
"13,2100";"4,4041";"5,8778"
"13,2200";"4,4076";"5,8834"
"13,2300";"4,4109";"5,8894"
"13,2400";"4,4142";"5,8947"
"13,2500";"4,4175";"5,8969"
"13,2600";"4,4208";"5,8976"
"13,2700";"4,4241";"5,8985"
"13,2800";"4,4276";"5,9032"
"13,2900";"4,4309";"5,9098"
"13,3000";"4,4342";"5,9153"
"13,3100";"4,4375";"5,9210"
"13,3200";"4,4407";"5,9264"
"13,3300";"4,4438";"5,9313"
"13,3400";"4,4472";"5,9333"
"13,3500";"4,4505";"5,9342"
"13,3600";"4,4538";"5,9368"
"13,3700";"4,4571";"5,9416"
"13,3800";"4,4605";"5,9464"
"13,3900";"4,4639";"5,9507"
"13,4000";"4,4673";"5,9561"
"13,4100";"4,4708";"5,9622"
"13,4200";"4,4741";"5,9664"
"13,4300";"4,4774";"5,9685"
"13,4400";"4,4808";"5,9706"
"13,4500";"4,4840";"5,9737"
"13,4600";"4,4874";"5,9795"
"13,4700";"4,4907";"5,9856"
"13,4800";"4,4941";"5,9895"
"13,4900";"4,4974";"5,9927"
"13,5000";"4,5007";"5,9951"
"13,5100";"4,5039";"5,9995"
"13,5200";"4,5072";"6,0055"
"13,5300";"4,5105";"6,0094"
"13,5400";"4,5139";"6,0109"
"13,5500";"4,5172";"6,0132"
"13,5600";"4,5206";"6,0184"
"13,5700";"4,5239";"6,0249"
"13,5800";"4,5273";"6,0288"
"13,5900";"4,5306";"6,0313"
"13,6000";"4,5339";"6,0353"
"13,6100";"4,5371";"6,0407"
"13,6200";"4,5405";"6,0459"
"13,6300";"4,5438";"6,0488"
"13,6400";"4,5471";"6,0522"
"13,6500";"4,5505";"6,0565"
"13,6600";"4,5538";"6,0610"
"13,6700";"4,5571";"6,0648"
"13,6800";"4,5604";"6,0680"
"13,6900";"4,5638";"6,0713"
"13,7000";"4,5670";"6,0756"
"13,7100";"4,5703";"6,0791"
"13,7200";"4,5735";"6,0810"
"13,7300";"4,5768";"6,0851"
"13,7400";"4,5801";"6,0915"
"13,7500";"4,5835";"6,0983"
"13,7600";"4,5870";"6,1040"
"13,7700";"4,5905";"6,1077"
"13,7800";"4,5939";"6,1105"
"13,7900";"4,5973";"6,1118"
"13,8000";"4,6007";"6,1161"
"13,8100";"4,6040";"6,1219"
"13,8200";"4,6075";"6,1252"
"13,8300";"4,6107";"6,1268"
"13,8400";"4,6140";"6,1299"
"13,8500";"4,6170";"6,1343"
"13,8600";"4,6205";"6,1385"
"13,8700";"4,6238";"6,1412"
"13,8800";"4,6272";"6,1447"
"13,8900";"4,6306";"6,1504"
"13,9000";"4,6338";"6,1570"
"13,9100";"4,6371";"6,1610"
"13,9200";"4,6403";"6,1631"
"13,9300";"4,6435";"6,1663"
"13,9400";"4,6468";"6,1708"
"13,9500";"4,6502";"6,1736"
"13,9600";"4,6537";"6,1785"
"13,9700";"4,6572";"6,1847"
"13,9800";"4,6606";"6,1912"
"13,9900";"4,6640";"6,1964"
"14,0000";"4,6673";"6,2001"
"14,0100";"4,6707";"6,2048"
"14,0200";"4,6742";"6,2094"
"14,0300";"4,6776";"6,2142"
"14,0400";"4,6809";"6,2175"
"14,0500";"4,6843";"6,2195"
"14,0600";"4,6875";"6,2208"
"14,0700";"4,6908";"6,2238"
"14,0800";"4,6941";"6,2286"
"14,0900";"4,6974";"6,2344"
"14,1000";"4,7007";"6,2391"
"14,1100";"4,7043";"6,2416"
"14,1200";"4,7077";"6,2436"
"14,1300";"4,7111";"6,2480"
"14,1400";"4,7145";"6,2538"
"14,1500";"4,7180";"6,2593"
"14,1600";"4,7213";"6,2644"
"14,1700";"4,7246";"6,2699"
"14,1800";"4,7278";"6,2738"
"14,1900";"4,7310";"6,2753"
"14,2000";"4,7341";"6,2767"
"14,2100";"4,7375";"6,2809"
"14,2200";"4,7409";"6,2862"
"14,2300";"4,7443";"6,2905"
"14,2400";"4,7476";"6,2948"
"14,2500";"4,7508";"6,3009"
"14,2600";"4,7541";"6,3063"
"14,2700";"4,7572";"6,3103"
"14,2800";"4,7604";"6,3127"
"14,2900";"4,7637";"6,3144"
"14,3000";"4,7671";"6,3177"
"14,3100";"4,7704";"6,3219"
"14,3200";"4,7738";"6,3264"
"14,3300";"4,7772";"6,3318"
"14,3400";"4,7807";"6,3378"
"14,3500";"4,7841";"6,3426"
"14,3600";"4,7875";"6,3462"
"14,3700";"4,7910";"6,3489"
"14,3800";"4,7944";"6,3526"
"14,3900";"4,7977";"6,3573"
"14,4000";"4,8011";"6,3618"
"14,4100";"4,8044";"6,3663"
"14,4200";"4,8077";"6,3715"
"14,4300";"4,8109";"6,3762"
"14,4400";"4,8141";"6,3794"
"14,4500";"4,8171";"6,3810"
"14,4600";"4,8203";"6,3835"
"14,4700";"4,8235";"6,3873"
"14,4800";"4,8269";"6,3905"
"14,4900";"4,8302";"6,3952"
"14,5000";"4,8338";"6,4030"
"14,5100";"4,8373";"6,4089"
"14,5200";"4,8407";"6,4119"
"14,5300";"4,8441";"6,4132"
"14,5400";"4,8475";"6,4168"
"14,5500";"4,8509";"6,4219"
"14,5600";"4,8543";"6,4258"
"14,5700";"4,8577";"6,4307"
"14,5800";"4,8611";"6,4372"
"14,5900";"4,8644";"6,4425"
"14,6000";"4,8675";"6,4463"
"14,6100";"4,8707";"6,4499"
"14,6200";"4,8739";"6,4554"
"14,6300";"4,8773";"6,4600"
"14,6400";"4,8805";"6,4632"
"14,6500";"4,8838";"6,4650"
"14,6600";"4,8870";"6,4680"
"14,6700";"4,8903";"6,4727"
"14,6800";"4,8936";"6,4773"
"14,6900";"4,8971";"6,4809"
"14,7000";"4,9005";"6,4846"
"14,7100";"4,9040";"6,4891"
"14,7200";"4,9075";"6,4939"
"14,7300";"4,9109";"6,4997"
"14,7400";"4,9142";"6,5049"
"14,7500";"4,9176";"6,5096"
"14,7600";"4,9209";"6,5125"
"14,7700";"4,9243";"6,5151"
"14,7800";"4,9276";"6,5199"
"14,7900";"4,9308";"6,5260"
"14,8000";"4,9341";"6,5315"
"14,8100";"4,9373";"6,5354"
"14,8200";"4,9405";"6,5396"
"14,8300";"4,9437";"6,5431"
"14,8400";"4,9469";"6,5454"
"14,8500";"4,9502";"6,5483"
"14,8600";"4,9535";"6,5533"
"14,8700";"4,9568";"6,5583"
"14,8800";"4,9602";"6,5615"
"14,8900";"4,9636";"6,5632"
"14,9000";"4,9672";"6,5671"
"14,9100";"4,9707";"6,5740"
"14,9200";"4,9742";"6,5797"
"14,9300";"4,9776";"6,5826"
"14,9400";"4,9810";"6,5865"
"14,9500";"4,9843";"6,5926"
"14,9600";"4,9876";"6,5982"
"14,9700";"4,9909";"6,6015"
"14,9800";"4,9941";"6,6044"
"14,9900";"4,9973";"6,6088"
"15,0000";"5,0005";"6,6140"
"15,0100";"5,0035";"6,6184"
"15,0200";"5,0067";"6,6230"
"15,0300";"5,0100";"6,6279"
"15,0400";"5,0135";"6,6313"
"15,0500";"5,0168";"6,6320"
"15,0600";"5,0202";"6,6343"
"15,0700";"5,0236";"6,6378"
"15,0800";"5,0272";"6,6423"
"15,0900";"5,0306";"6,6474"
"15,1000";"5,0341";"6,6541"
"15,1100";"5,0377";"6,6610"
"15,1200";"5,0411";"6,6665"
"15,1300";"5,0444";"6,6679"
"15,1400";"5,0477";"6,6691"
"15,1500";"5,0509";"6,6721"
"15,1600";"5,0541";"6,6770"
"15,1700";"5,0573";"6,6817"
"15,1800";"5,0605";"6,6867"
"15,1900";"5,0636";"6,6922"
"15,2000";"5,0668";"6,6976"
"15,2100";"5,0701";"6,7012"
"15,2200";"5,0734";"6,7024"
"15,2300";"5,0767";"6,7048"
"15,2400";"5,0802";"6,7092"
"15,2500";"5,0837";"6,7136"
"15,2600";"5,0871";"6,7183"
"15,2700";"5,0907";"6,7253"
"15,2800";"5,0941";"6,7313"
"15,2900";"5,0976";"6,7355"
"15,3000";"5,1011";"6,7383"
"15,3100";"5,1045";"6,7409"
"15,3200";"5,1077";"6,7441"
"15,3300";"5,1110";"6,7476"
"15,3400";"5,1142";"6,7521"
"15,3500";"5,1174";"6,7590"
"15,3600";"5,1207";"6,7655"
"15,3700";"5,1238";"6,7689"
"15,3800";"5,1273";"6,7718"
"15,3900";"5,1305";"6,7753"
"15,4000";"5,1336";"6,7798"
"15,4100";"5,1370";"6,7826"
"15,4200";"5,1403";"6,7857"
"15,4300";"5,1437";"6,7897"
"15,4400";"5,1471";"6,7958"
"15,4500";"5,1506";"6,8030"
"15,4600";"5,1541";"6,8076"
"15,4700";"5,1575";"6,8090"
"15,4800";"5,1609";"6,8106"
"15,4900";"5,1642";"6,8129"
"15,5000";"5,1676";"6,8172"
"15,5100";"5,1710";"6,8238"
"15,5200";"5,1743";"6,8306"
"15,5300";"5,1774";"6,8343"
"15,5400";"5,1806";"6,8372"
"15,5500";"5,1837";"6,8421"
"15,5600";"5,1870";"6,8475"
"15,5700";"5,1902";"6,8517"
"15,5800";"5,1935";"6,8544"
"15,5900";"5,1968";"6,8568"
"15,6000";"5,2001";"6,8606"
"15,6100";"5,2034";"6,8658"
"15,6200";"5,2068";"6,8717"
"15,6300";"5,2103";"6,8772"
"15,6400";"5,2138";"6,8820"
"15,6500";"5,2175";"6,8851"
"15,6600";"5,2210";"6,8876"
"15,6700";"5,2244";"6,8911"
"15,6800";"5,2277";"6,8975"
"15,6900";"5,2312";"6,9033"
"15,7000";"5,2343";"6,9063"
"15,7100";"5,2377";"6,9105"
"15,7200";"5,2410";"6,9153"
"15,7300";"5,2441";"6,9186"
"15,7400";"5,2473";"6,9209"
"15,7500";"5,2504";"6,9230"
"15,7600";"5,2536";"6,9263"
"15,7700";"5,2569";"6,9310"
"15,7800";"5,2602";"6,9358"
"15,7900";"5,2635";"6,9420"
"15,8000";"5,2669";"6,9490"
"15,8100";"5,2704";"6,9541"
"15,8200";"5,2738";"6,9567"
"15,8300";"5,2773";"6,9589"
"15,8400";"5,2809";"6,9628"
"15,8500";"5,2843";"6,9682"
"15,8600";"5,2877";"6,9724"
"15,8700";"5,2911";"6,9766"
"15,8800";"5,2943";"6,9820"
"15,8900";"5,2976";"6,9888"
"15,9000";"5,3008";"6,9945"
"15,9100";"5,3041";"6,9977"
"15,9200";"5,3073";"7,0006"
"15,9300";"5,3106";"7,0043"
"15,9400";"5,3138";"7,0071"
"15,9500";"5,3170";"7,0103"
"15,9600";"5,3202";"7,0154"
"15,9700";"5,3235";"7,0208"
"15,9800";"5,3268";"7,0251"
"15,9900";"5,3302";"7,0286"
"16,0000";"5,3337";"7,0316"
"16,0100";"5,3373";"7,0354"
"16,0200";"5,3407";"7,0402"
"16,0300";"5,3440";"7,0452"
"16,0400";"5,3476";"7,0508"
"16,0500";"5,3510";"7,0546"
"16,0600";"5,3543";"7,0581"
"16,0700";"5,3576";"7,0624"
"16,0800";"5,3609";"7,0677"
"16,0900";"5,3641";"7,0733"
"16,1000";"5,3673";"7,0768"
"16,1100";"5,3706";"7,0798"
"16,1200";"5,3740";"7,0837"
"16,1300";"5,3772";"7,0875"
"16,1400";"5,3804";"7,0919"
"16,1500";"5,3837";"7,0955"
"16,1600";"5,3869";"7,1004"
"16,1700";"5,3902";"7,1057"
"16,1800";"5,3936";"7,1090"
"16,1900";"5,3971";"7,1119"
"16,2000";"5,4006";"7,1141"
"16,2100";"5,4040";"7,1183"
"16,2200";"5,4074";"7,1236"
"16,2300";"5,4107";"7,1292"
"16,2400";"5,4140";"7,1347"
"16,2500";"5,4173";"7,1401"
"16,2600";"5,4208";"7,1453"
"16,2700";"5,4239";"7,1484"
"16,2800";"5,4272";"7,1505"
"16,2900";"5,4304";"7,1533"
"16,3000";"5,4336";"7,1581"
"16,3100";"5,4369";"7,1621"
"16,3200";"5,4402";"7,1671"
"16,3300";"5,4435";"7,1720"
"16,3400";"5,4468";"7,1763"
"16,3500";"5,4503";"7,1803"
"16,3600";"5,4536";"7,1848"
"16,3700";"5,4570";"7,1894"
"16,3800";"5,4605";"7,1927"
"16,3900";"5,4642";"7,1962"
"16,4000";"5,4676";"7,2002"
"16,4100";"5,4709";"7,2057"
"16,4200";"5,4744";"7,2106"
"16,4300";"5,4777";"7,2129"
"16,4400";"5,4810";"7,2166"
"16,4500";"5,4843";"7,2229"
"16,4600";"5,4875";"7,2285"
"16,4700";"5,4909";"7,2304"
"16,4800";"5,4941";"7,2318"
"16,4900";"5,4974";"7,2356"
"16,5000";"5,5006";"7,2416"
"16,5100";"5,5039";"7,2458"
"16,5200";"5,5072";"7,2483"
"16,5300";"5,5105";"7,2515"
"16,5400";"5,5137";"7,2568"
"16,5500";"5,5170";"7,2626"
"16,5600";"5,5204";"7,2675"
"16,5700";"5,5238";"7,2726"
"16,5800";"5,5272";"7,2769"
"16,5900";"5,5308";"7,2809"
"16,6000";"5,5341";"7,2831"
"16,6100";"5,5375";"7,2863"
"16,6200";"5,5408";"7,2910"
"16,6300";"5,5441";"7,2953"
"16,6400";"5,5475";"7,2993"
"16,6500";"5,5509";"7,3036"
"16,6600";"5,5542";"7,3062"
"16,6700";"5,5573";"7,3079"
"16,6800";"5,5605";"7,3103"
"16,6900";"5,5637";"7,3154"
"16,7000";"5,5670";"7,3225"
"16,7100";"5,5703";"7,3296"
"16,7200";"5,5738";"7,3329"
"16,7300";"5,5771";"7,3351"
"16,7400";"5,5805";"7,3392"
"16,7500";"5,5838";"7,3435"
"16,7600";"5,5872";"7,3475"
"16,7700";"5,5905";"7,3505"
"16,7800";"5,5939";"7,3553"
"16,7900";"5,5974";"7,3616"
"16,8000";"5,6007";"7,3685"
"16,8100";"5,6040";"7,3746"
"16,8200";"5,6073";"7,3784"
"16,8300";"5,6106";"7,3800"
"16,8400";"5,6139";"7,3796"
"16,8500";"5,6173";"7,3815"
"16,8600";"5,6206";"7,3870"
"16,8700";"5,6240";"7,3938"
"16,8800";"5,6274";"7,4008"
"16,8900";"5,6305";"7,4054"
"16,9000";"5,6338";"7,4091"
"16,9100";"5,6370";"7,4108"
"16,9200";"5,6405";"7,4110"
"16,9300";"5,6438";"7,4139"
"16,9400";"5,6472";"7,4193"
"16,9500";"5,6505";"7,4246"
"16,9600";"5,6539";"7,4292"
"16,9700";"5,6572";"7,4353"
"16,9800";"5,6605";"7,4425"
"16,9900";"5,6640";"7,4502"
"17,0000";"5,6674";"7,4543"
"17,0100";"5,6708";"7,4547"
"17,0200";"5,6741";"7,4560"
"17,0300";"5,6773";"7,4594"
"17,0400";"5,6806";"7,4642"
"17,0500";"5,6839";"7,4696"
"17,0600";"5,6872";"7,4747"
"17,0700";"5,6905";"7,4789"
"17,0800";"5,6938";"7,4819"
"17,0900";"5,6970";"7,4854"
"17,1000";"5,7003";"7,4894"
"17,1100";"5,7036";"7,4929"
"17,1200";"5,7070";"7,4945"
"17,1300";"5,7105";"7,4968"
"17,1400";"5,7139";"7,5018"
"17,1500";"5,7174";"7,5085"
"17,1600";"5,7207";"7,5142"
"17,1700";"5,7242";"7,5188"
"17,1800";"5,7275";"7,5234"
"17,1900";"5,7309";"7,5276"
"17,2000";"5,7343";"7,5309"
"17,2100";"5,7376";"7,5347"
"17,2200";"5,7409";"7,5396"
"17,2300";"5,7442";"7,5442"
"17,2400";"5,7474";"7,5475"
"17,2500";"5,7507";"7,5507"
"17,2600";"5,7540";"7,5542"
"17,2700";"5,7572";"7,5586"
"17,2800";"5,7604";"7,5618"
"17,2900";"5,7636";"7,5631"
"17,3000";"5,7669";"7,5651"
"17,3100";"5,7702";"7,5701"
"17,3200";"5,7736";"7,5762"
"17,3300";"5,7772";"7,5817"
"17,3400";"5,7806";"7,5863"
"17,3500";"5,7840";"7,5899"
"17,3600";"5,7874";"7,5915"
"17,3700";"5,7907";"7,5932"
"17,3800";"5,7942";"7,5990"
"17,3900";"5,7975";"7,6071"
"17,4000";"5,8010";"7,6140"
"17,4100";"5,8043";"7,6178"
"17,4200";"5,8076";"7,6208"
"17,4300";"5,8108";"7,6246"
"17,4400";"5,8140";"7,6280"
"17,4500";"5,8172";"7,6301"
"17,4600";"5,8205";"7,6324"
"17,4700";"5,8238";"7,6367"
"17,4800";"5,8271";"7,6416"
"17,4900";"5,8304";"7,6456"
"17,5000";"5,8338";"7,6484"
"17,5100";"5,8373";"7,6523"
"17,5200";"5,8408";"7,6560"
"17,5300";"5,8442";"7,6595"
"17,5400";"5,8478";"7,6655"
"17,5500";"5,8512";"7,6724"
"17,5600";"5,8545";"7,6778"
"17,5700";"5,8578";"7,6821"
"17,5800";"5,8611";"7,6860"
"17,5900";"5,8644";"7,6892"
"17,6000";"5,8677";"7,6923"
"17,6100";"5,8708";"7,6952"
"17,6200";"5,8740";"7,6977"
"17,6300";"5,8770";"7,7006"
"17,6400";"5,8802";"7,7043"
"17,6500";"5,8834";"7,7072"
"17,6600";"5,8867";"7,7098"
"17,6700";"5,8901";"7,7138"
"17,6800";"5,8935";"7,7182"
"17,6900";"5,8970";"7,7218"
"17,7000";"5,9004";"7,7260"
"17,7100";"5,9040";"7,7311"
"17,7200";"5,9075";"7,7363"
"17,7300";"5,9110";"7,7402"
"17,7400";"5,9145";"7,7426"
"17,7500";"5,9179";"7,7471"
"17,7600";"5,9211";"7,7538"
"17,7700";"5,9244";"7,7580"
"17,7800";"5,9276";"7,7594"
"17,7900";"5,9308";"7,7627"
"17,8000";"5,9341";"7,7669"
"17,8100";"5,9372";"7,7716"
"17,8200";"5,9404";"7,7747"
"17,8300";"5,9436";"7,7784"
"17,8400";"5,9469";"7,7810"
"17,8500";"5,9501";"7,7827"
"17,8600";"5,9535";"7,7853"
"17,8700";"5,9568";"7,7897"
"17,8800";"5,9603";"7,7947"
"17,8900";"5,9638";"7,7987"
"17,9000";"5,9672";"7,8019"
"17,9100";"5,9707";"7,8055"
"17,9200";"5,9741";"7,8107"
"17,9300";"5,9775";"7,8160"
"17,9400";"5,9809";"7,8202"
"17,9500";"5,9842";"7,8237"
"17,9600";"5,9875";"7,8265"
"17,9700";"5,9907";"7,8291"
"17,9800";"5,9939";"7,8325"
"17,9900";"5,9972";"7,8389"
"18,0000";"6,0005";"7,8453"
"18,0100";"6,0037";"7,8474"
"18,0200";"6,0069";"7,8472"
"18,0300";"6,0102";"7,8489"
"18,0400";"6,0134";"7,8537"
"18,0500";"6,0167";"7,8599"
"18,0600";"6,0201";"7,8639"
"18,0700";"6,0237";"7,8657"
"18,0800";"6,0271";"7,8689"
"18,0900";"6,0306";"7,8748"
"18,1000";"6,0341";"7,8814"
"18,1100";"6,0375";"7,8869"
"18,1200";"6,0409";"7,8899"
"18,1300";"6,0443";"7,8904"
"18,1400";"6,0477";"7,8913"
"18,1500";"6,0511";"7,8963"
"18,1600";"6,0542";"7,9024"
"18,1700";"6,0574";"7,9072"
"18,1800";"6,0605";"7,9099"
"18,1900";"6,0637";"7,9112"
"18,2000";"6,0669";"7,9154"
"18,2100";"6,0702";"7,9201"
"18,2200";"6,0735";"7,9220"
"18,2300";"6,0768";"7,9233"
"18,2400";"6,0802";"7,9276"
"18,2500";"6,0836";"7,9351"
"18,2600";"6,0871";"7,9402"
"18,2700";"6,0906";"7,9447"
"18,2800";"6,0941";"7,9489"
"18,2900";"6,0976";"7,9521"
"18,3000";"6,1010";"7,9529"
"18,3100";"6,1044";"7,9537"
"18,3200";"6,1077";"7,9581"
"18,3300";"6,1111";"7,9667"
"18,3400";"6,1145";"7,9728"
"18,3500";"6,1176";"7,9772"
"18,3600";"6,1208";"7,9795"
"18,3700";"6,1239";"7,9811"
"18,3800";"6,1271";"7,9825"
"18,3900";"6,1302";"7,9839"
"18,4000";"6,1335";"7,9872"
"18,4100";"6,1369";"7,9907"
"18,4200";"6,1402";"7,9951"
"18,4300";"6,1436";"7,9995"
"18,4400";"6,1470";"8,0055"
"18,4500";"6,1505";"8,0117"
"18,4600";"6,1540";"8,0147"
"18,4700";"6,1575";"8,0151"
"18,4800";"6,1610";"8,0169"
"18,4900";"6,1644";"8,0227"
"18,5000";"6,1678";"8,0297"
"18,5100";"6,1711";"8,0349"
"18,5200";"6,1743";"8,0379"
"18,5300";"6,1774";"8,0400"
"18,5400";"6,1807";"8,0416"
"18,5500";"6,1840";"8,0428"
"18,5600";"6,1872";"8,0455"
"18,5700";"6,1904";"8,0491"
"18,5800";"6,1935";"8,0520"
"18,5900";"6,1969";"8,0558"
"18,6000";"6,2002";"8,0616"
"18,6100";"6,2036";"8,0683"
"18,6200";"6,2070";"8,0735"
"18,6300";"6,2104";"8,0753"
"18,6400";"6,2140";"8,0760"
"18,6500";"6,2174";"8,0769"
"18,6600";"6,2208";"8,0792"
"18,6700";"6,2242";"8,0828"
"18,6800";"6,2277";"8,0890"
"18,6900";"6,2311";"8,0969"
"18,7000";"6,2343";"8,1014"
"18,7100";"6,2376";"8,1032"
"18,7200";"6,2408";"8,1054"
"18,7300";"6,2440";"8,1099"
"18,7400";"6,2471";"8,1142"
"18,7500";"6,2503";"8,1179"
"18,7600";"6,2536";"8,1209"
"18,7700";"6,2568";"8,1240"
"18,7800";"6,2601";"8,1282"
"18,7900";"6,2634";"8,1317"
"18,8000";"6,2667";"8,1342"
"18,8100";"6,2703";"8,1375"
"18,8200";"6,2738";"8,1403"
"18,8300";"6,2775";"8,1417"
"18,8400";"6,2809";"8,1438"
"18,8500";"6,2842";"8,1483"
"18,8600";"6,2876";"8,1548"
"18,8700";"6,2911";"8,1604"
"18,8800";"6,2945";"8,1660"
"18,8900";"6,2978";"8,1696"
"18,9000";"6,3011";"8,1724"
"18,9100";"6,3043";"8,1740"
"18,9200";"6,3075";"8,1753"
"18,9300";"6,3108";"8,1778"
"18,9400";"6,3140";"8,1814"
"18,9500";"6,3173";"8,1847"
"18,9600";"6,3206";"8,1885"
"18,9700";"6,3239";"8,1944"
"18,9800";"6,3271";"8,1991"
"18,9900";"6,3304";"8,2017"
"19,0000";"6,3338";"8,2032"
"19,0100";"6,3373";"8,2055"
"19,0200";"6,3409";"8,2092"
"19,0300";"6,3444";"8,2131"
"19,0400";"6,3477";"8,2174"
"19,0500";"6,3510";"8,2238"
"19,0600";"6,3543";"8,2279"
"19,0700";"6,3576";"8,2301"
"19,0800";"6,3608";"8,2314"
"19,0900";"6,3640";"8,2332"
"19,1000";"6,3672";"8,2360"
"19,1100";"6,3705";"8,2401"
"19,1200";"6,3737";"8,2437"
"19,1300";"6,3770";"8,2468"
"19,1400";"6,3803";"8,2503"
"19,1500";"6,3836";"8,2532"
"19,1600";"6,3869";"8,2557"
"19,1700";"6,3903";"8,2592"
"19,1800";"6,3938";"8,2632"
"19,1900";"6,3972";"8,2674"
"19,2000";"6,4006";"8,2718"
"19,2100";"6,4042";"8,2761"
"19,2200";"6,4076";"8,2796"
"19,2300";"6,4110";"8,2805"
"19,2400";"6,4143";"8,2806"
"19,2500";"6,4176";"8,2843"
"19,2600";"6,4209";"8,2907"
"19,2700";"6,4242";"8,2954"
"19,2800";"6,4275";"8,2978"
"19,2900";"6,4308";"8,3000"
"19,3000";"6,4341";"8,3028"
"19,3100";"6,4373";"8,3057"
"19,3200";"6,4405";"8,3073"
"19,3300";"6,4437";"8,3101"
"19,3400";"6,4470";"8,3144"
"19,3500";"6,4503";"8,3186"
"19,3600";"6,4536";"8,3233"
"19,3700";"6,4569";"8,3284"
"19,3800";"6,4605";"8,3322"
"19,3900";"6,4639";"8,3340"
"19,4000";"6,4674";"8,3335"
"19,4100";"6,4709";"8,3353"
"19,4200";"6,4743";"8,3392"
"19,4300";"6,4776";"8,3436"
"19,4400";"6,4809";"8,3470"
"19,4500";"6,4842";"8,3508"
"19,4600";"6,4874";"8,3543"
"19,4700";"6,4907";"8,3584"
"19,4800";"6,4940";"8,3606"
"19,4900";"6,4973";"8,3624"
"19,5000";"6,5005";"8,3653"
"19,5100";"6,5037";"8,3689"
"19,5200";"6,5069";"8,3711"
"19,5300";"6,5102";"8,3735"
"19,5400";"6,5135";"8,3769"
"19,5500";"6,5168";"8,3808"
"19,5600";"6,5202";"8,3826"
"19,5700";"6,5237";"8,3849"
"19,5800";"6,5272";"8,3883"
"19,5900";"6,5305";"8,3931"
"19,6000";"6,5339";"8,3970"
"19,6100";"6,5373";"8,4010"
"19,6200";"6,5407";"8,4053"
"19,6300";"6,5441";"8,4092"
"19,6400";"6,5475";"8,4116"
"19,6500";"6,5508";"8,4142"
"19,6600";"6,5541";"8,4180"
"19,6700";"6,5573";"8,4215"
"19,6800";"6,5606";"8,4242"
"19,6900";"6,5639";"8,4262"
"19,7000";"6,5672";"8,4299"
"19,7100";"6,5705";"8,4344"
"19,7200";"6,5737";"8,4386"
"19,7300";"6,5770";"8,4396"
"19,7400";"6,5802";"8,4403"
"19,7500";"6,5836";"8,4432"
"19,7600";"6,5870";"8,4464"
"19,7700";"6,5905";"8,4497"
"19,7800";"6,5939";"8,4535"
"19,7900";"6,5973";"8,4597"
"19,8000";"6,6005";"8,4644"
"19,8100";"6,6038";"8,4668"
"19,8200";"6,6072";"8,4686"
"19,8300";"6,6106";"8,4704"
"19,8400";"6,6141";"8,4715"
"19,8500";"6,6172";"8,4720"
"19,8600";"6,6206";"8,4749"
"19,8700";"6,6239";"8,4788"
"19,8800";"6,6272";"8,4839"
"19,8900";"6,6305";"8,4877"
"19,9000";"6,6339";"8,4915"
"19,9100";"6,6372";"8,4941"
"19,9200";"6,6405";"8,4961"
"19,9300";"6,6438";"8,4985"
"19,9400";"6,6472";"8,5024"
"19,9500";"6,6505";"8,5072"
"19,9600";"6,6541";"8,5104"
"19,9700";"6,6576";"8,5119"
"19,9800";"6,6610";"8,5137"
"19,9900";"6,6645";"8,5168"
"20,0000";"6,6678";"8,5203"
"20,0100";"6,6711";"8,5240"
"20,0200";"6,6745";"8,5272"
"20,0300";"6,6778";"8,5314"
"20,0400";"6,6810";"8,5365"
"20,0500";"6,6843";"8,5402"
"20,0600";"6,6875";"8,5421"
"20,0700";"6,6906";"8,5444"
"20,0800";"6,6937";"8,5458"
"20,0900";"6,6971";"8,5472"
"20,1000";"6,7004";"8,5498"
"20,1100";"6,7037";"8,5539"
"20,1200";"6,7070";"8,5577"
"20,1300";"6,7104";"8,5602"
"20,1400";"6,7138";"8,5628"
"20,1500";"6,7172";"8,5670"
"20,1600";"6,7207";"8,5701"
"20,1700";"6,7242";"8,5718"
"20,1800";"6,7276";"8,5736"
"20,1900";"6,7309";"8,5769"
"20,2000";"6,7342";"8,5804"
"20,2100";"6,7374";"8,5846"
"20,2200";"6,7407";"8,5881"
"20,2300";"6,7442";"8,5924"
"20,2400";"6,7476";"8,5955"
"20,2500";"6,7509";"8,5977"
"20,2600";"6,7540";"8,5987"
"20,2700";"6,7571";"8,6004"
"20,2800";"6,7603";"8,6042"
"20,2900";"6,7636";"8,6087"
"20,3000";"6,7669";"8,6111"
"20,3100";"6,7704";"8,6123"
"20,3200";"6,7739";"8,6154"
"20,3300";"6,7773";"8,6176"
"20,3400";"6,7808";"8,6197"
"20,3500";"6,7842";"8,6226"
"20,3600";"6,7876";"8,6275"
"20,3700";"6,7911";"8,6323"
"20,3800";"6,7946";"8,6361"
"20,3900";"6,7979";"8,6382"
"20,4000";"6,8012";"8,6407"
"20,4100";"6,8044";"8,6431"
"20,4200";"6,8076";"8,6446"
"20,4300";"6,8109";"8,6465"
"20,4400";"6,8140";"8,6488"
"20,4500";"6,8172";"8,6523"
"20,4600";"6,8203";"8,6562"
"20,4700";"6,8236";"8,6601"
"20,4800";"6,8269";"8,6633"
"20,4900";"6,8302";"8,6657"
"20,5000";"6,8336";"8,6669"
"20,5100";"6,8370";"8,6702"
"20,5200";"6,8405";"8,6753"
"20,5300";"6,8439";"8,6793"
"20,5400";"6,8475";"8,6812"
"20,5500";"6,8508";"8,6826"
"20,5600";"6,8542";"8,6862"
"20,5700";"6,8576";"8,6904"
"20,5800";"6,8609";"8,6928"
"20,5900";"6,8642";"8,6935"
"20,6000";"6,8674";"8,6962"
"20,6100";"6,8706";"8,7001"
"20,6200";"6,8738";"8,7016"
"20,6300";"6,8771";"8,7028"
"20,6400";"6,8803";"8,7053"
"20,6500";"6,8836";"8,7088"
"20,6600";"6,8868";"8,7117"
"20,6700";"6,8901";"8,7124"
"20,6800";"6,8934";"8,7133"
"20,6900";"6,8968";"8,7155"
"20,7000";"6,9002";"8,7192"
"20,7100";"6,9038";"8,7238"
"20,7200";"6,9073";"8,7284"
"20,7300";"6,9107";"8,7318"
"20,7400";"6,9143";"8,7352"
"20,7500";"6,9177";"8,7396"
"20,7600";"6,9211";"8,7436"
"20,7700";"6,9244";"8,7449"
"20,7800";"6,9279";"8,7452"
"20,7900";"6,9312";"8,7464"
"20,8000";"6,9345";"8,7507"
"20,8100";"6,9377";"8,7572"
"20,8200";"6,9410";"8,7622"
"20,8300";"6,9441";"8,7633"
"20,8400";"6,9474";"8,7636"
"20,8500";"6,9505";"8,7644"
"20,8600";"6,9538";"8,7664"
"20,8700";"6,9570";"8,7674"
"20,8800";"6,9604";"8,7695"
"20,8900";"6,9639";"8,7724"
"20,9000";"6,9673";"8,7749"
"20,9100";"6,9707";"8,7782"
"20,9200";"6,9741";"8,7820"
"20,9300";"6,9776";"8,7865"
"20,9400";"6,9810";"8,7897"
"20,9500";"6,9844";"8,7916"
"20,9600";"6,9877";"8,7934"
"20,9700";"6,9910";"8,7971"
"20,9800";"6,9943";"8,8005"
"20,9900";"6,9976";"8,8029"
"21,0000";"7,0008";"8,8059"
"21,0100";"7,0040";"8,8083"
"21,0200";"7,0072";"8,8092"
"21,0300";"7,0104";"8,8093"
"21,0400";"7,0137";"8,8114"
"21,0500";"7,0169";"8,8163"
"21,0600";"7,0202";"8,8200"
"21,0700";"7,0236";"8,8230"
"21,0800";"7,0269";"8,8251"
"21,0900";"7,0304";"8,8279"
"21,1000";"7,0340";"8,8312"
"21,1100";"7,0375";"8,8332"
"21,1200";"7,0411";"8,8349"
"21,1300";"7,0444";"8,8381"
"21,1400";"7,0477";"8,8423"
"21,1500";"7,0509";"8,8451"
"21,1600";"7,0542";"8,8465"
"21,1700";"7,0574";"8,8475"
"21,1800";"7,0607";"8,8488"
"21,1900";"7,0640";"8,8490"
"21,2000";"7,0670";"8,8520"
"21,2100";"7,0702";"8,8570"
"21,2200";"7,0734";"8,8621"
"21,2300";"7,0767";"8,8662"
"21,2400";"7,0800";"8,8693"
"21,2500";"7,0836";"8,8733"
"21,2600";"7,0870";"8,8761"
"21,2700";"7,0904";"8,8775"
"21,2800";"7,0938";"8,8776"
"21,2900";"7,0973";"8,8786"
"21,3000";"7,1007";"8,8798"
"21,3100";"7,1041";"8,8796"
"21,3200";"7,1075";"8,8801"
"21,3300";"7,1108";"8,8841"
"21,3400";"7,1141";"8,8907"
"21,3500";"7,1175";"8,8963"
"21,3600";"7,1206";"8,9014"
"21,3700";"7,1239";"8,9048"
"21,3800";"7,1272";"8,9072"
"21,3900";"7,1304";"8,9089"
"21,4000";"7,1337";"8,9088"
"21,4100";"7,1370";"8,9079"
"21,4200";"7,1404";"8,9073"
"21,4300";"7,1438";"8,9080"
"21,4400";"7,1472";"8,9101"
"21,4500";"7,1507";"8,9149"
"21,4600";"7,1542";"8,9214"
"21,4700";"7,1575";"8,9271"
"21,4800";"7,1609";"8,9310"
"21,4900";"7,1643";"8,9337"
"21,5000";"7,1676";"8,9367"
"21,5100";"7,1710";"8,9384"
"21,5200";"7,1744";"8,9383"
"21,5300";"7,1775";"8,9390"
"21,5400";"7,1807";"8,9413"
"21,5500";"7,1839";"8,9422"
"21,5600";"7,1871";"8,9439"
"21,5700";"7,1903";"8,9474"
"21,5800";"7,1936";"8,9521"
"21,5900";"7,1969";"8,9561"
"21,6000";"7,2002";"8,9582"
"21,6100";"7,2035";"8,9602"
"21,6200";"7,2069";"8,9642"
"21,6300";"7,2104";"8,9681"
"21,6400";"7,2139";"8,9699"
"21,6500";"7,2174";"8,9721"
"21,6600";"7,2209";"8,9742"
"21,6700";"7,2243";"8,9764"
"21,6800";"7,2277";"8,9794"
"21,6900";"7,2310";"8,9820"
"21,7000";"7,2344";"8,9836"
"21,7100";"7,2377";"8,9840"
"21,7200";"7,2411";"8,9838"
"21,7300";"7,2444";"8,9853"
"21,7400";"7,2475";"8,9904"
"21,7500";"7,2507";"8,9976"
"21,7600";"7,2540";"9,0008"
"21,7700";"7,2572";"9,0006"
"21,7800";"7,2607";"9,0014"
"21,7900";"7,2640";"9,0039"
"21,8000";"7,2674";"9,0071"
"21,8100";"7,2707";"9,0097"
"21,8200";"7,2741";"9,0120"
"21,8300";"7,2775";"9,0136"
"21,8400";"7,2810";"9,0149"
"21,8500";"7,2844";"9,0187"
"21,8600";"7,2878";"9,0249"
"21,8700";"7,2911";"9,0292"
"21,8800";"7,2944";"9,0286"
"21,8900";"7,2977";"9,0263"
"21,9000";"7,3009";"9,0278"
"21,9100";"7,3042";"9,0318"
"21,9200";"7,3074";"9,0363"
"21,9300";"7,3106";"9,0399"
"21,9400";"7,3138";"9,0422"
"21,9500";"7,3171";"9,0426"
"21,9600";"7,3204";"9,0437"
"21,9700";"7,3237";"9,0465"
"21,9800";"7,3271";"9,0507"
"21,9900";"7,3305";"9,0540"
"22,0000";"7,3340";"9,0545"
"22,0100";"7,3374";"9,0536"
"22,0200";"7,3408";"9,0564"
"22,0300";"7,3444";"9,0614"
"22,0400";"7,3478";"9,0646"
"22,0500";"7,3512";"9,0662"
"22,0600";"7,3545";"9,0670"
"22,0700";"7,3578";"9,0688"
"22,0800";"7,3611";"9,0729"
"22,0900";"7,3643";"9,0776"
"22,1000";"7,3675";"9,0815"
"22,1100";"7,3707";"9,0845"
"22,1200";"7,3740";"9,0843"
"22,1300";"7,3773";"9,0824"
"22,1400";"7,3805";"9,0833"
"22,1500";"7,3837";"9,0876"
"22,1600";"7,3870";"9,0908"
"22,1700";"7,3903";"9,0921"
"22,1800";"7,3937";"9,0938"
"22,1900";"7,3971";"9,0967"
"22,2000";"7,4008";"9,1003"
"22,2100";"7,4042";"9,1034"
"22,2200";"7,4077";"9,1060"
"22,2300";"7,4111";"9,1070"
"22,2400";"7,4145";"9,1083"
"22,2500";"7,4178";"9,1089"
"22,2600";"7,4211";"9,1129"
"22,2700";"7,4243";"9,1190"
"22,2800";"7,4273";"9,1224"
"22,2900";"7,4305";"9,1226"
"22,3000";"7,4337";"9,1232"
"22,3100";"7,4370";"9,1248"
"22,3200";"7,4402";"9,1250"
"22,3300";"7,4435";"9,1238"
"22,3400";"7,4468";"9,1238"
"22,3500";"7,4500";"9,1282"
"22,3600";"7,4534";"9,1357"
"22,3700";"7,4569";"9,1412"
"22,3800";"7,4604";"9,1443"
"22,3900";"7,4639";"9,1466"
"22,4000";"7,4674";"9,1484"
"22,4100";"7,4708";"9,1477"
"22,4200";"7,4742";"9,1471"
"22,4300";"7,4775";"9,1479"
"22,4400";"7,4808";"9,1519"
"22,4500";"7,4841";"9,1570"
"22,4600";"7,4876";"9,1614"
"22,4700";"7,4909";"9,1643"
"22,4800";"7,4942";"9,1658"
"22,4900";"7,4974";"9,1672"
"22,5000";"7,5005";"9,1690"
"22,5100";"7,5037";"9,1712"
"22,5200";"7,5070";"9,1732"
"22,5300";"7,5105";"9,1743"
"22,5400";"7,5138";"9,1755"
"22,5500";"7,5172";"9,1794"
"22,5600";"7,5206";"9,1840"
"22,5700";"7,5239";"9,1854"
"22,5800";"7,5275";"9,1857"
"22,5900";"7,5310";"9,1870"
"22,6000";"7,5344";"9,1891"
"22,6100";"7,5377";"9,1897"
"22,6200";"7,5409";"9,1903"
"22,6300";"7,5441";"9,1932"
"22,6400";"7,5474";"9,1983"
"22,6500";"7,5507";"9,2030"
"22,6600";"7,5540";"9,2052"
"22,6700";"7,5572";"9,2074"
"22,6800";"7,5605";"9,2118"
"22,6900";"7,5638";"9,2152"
"22,7000";"7,5670";"9,2153"
"22,7100";"7,5703";"9,2130"
"22,7200";"7,5736";"9,2109"
"22,7300";"7,5770";"9,2117"
"22,7400";"7,5803";"9,2155"
"22,7500";"7,5838";"9,2210"
"22,7600";"7,5872";"9,2264"
"22,7700";"7,5907";"9,2295"
"22,7800";"7,5942";"9,2305"
"22,7900";"7,5976";"9,2317"
"22,8000";"7,6011";"9,2353"
"22,8100";"7,6044";"9,2371"
"22,8200";"7,6077";"9,2383"
"22,8300";"7,6109";"9,2402"
"22,8400";"7,6142";"9,2429"
"22,8500";"7,6174";"9,2451"
"22,8600";"7,6208";"9,2466"
"22,8700";"7,6240";"9,2472"
"22,8800";"7,6273";"9,2491"
"22,8900";"7,6305";"9,2496"
"22,9000";"7,6337";"9,2502"
"22,9100";"7,6370";"9,2525"
"22,9200";"7,6403";"9,2573"
"22,9300";"7,6439";"9,2619"
"22,9400";"7,6473";"9,2647"
"22,9500";"7,6507";"9,2666"
"22,9600";"7,6541";"9,2679"
"22,9700";"7,6576";"9,2691"
"22,9800";"7,6609";"9,2700"
"22,9900";"7,6643";"9,2716"
"23,0000";"7,6676";"9,2752"
"23,0100";"7,6709";"9,2781"
"23,0200";"7,6742";"9,2802"
"23,0300";"7,6774";"9,2812"
"23,0400";"7,6806";"9,2833"
"23,0500";"7,6839";"9,2870"
"23,0600";"7,6873";"9,2896"
"23,0700";"7,6906";"9,2907"
"23,0800";"7,6939";"9,2924"
"23,0900";"7,6971";"9,2942"
"23,1000";"7,7004";"9,2969"
"23,1100";"7,7037";"9,2998"
"23,1200";"7,7071";"9,3027"
"23,1300";"7,7106";"9,3045"
"23,1400";"7,7140";"9,3053"
"23,1500";"7,7174";"9,3062"
"23,1600";"7,7208";"9,3079"
"23,1700";"7,7241";"9,3104"
"23,1800";"7,7274";"9,3130"
"23,1900";"7,7309";"9,3161"
"23,2000";"7,7343";"9,3197"
"23,2100";"7,7377";"9,3240"
"23,2200";"7,7409";"9,3265"
"23,2300";"7,7442";"9,3278"
"23,2400";"7,7474";"9,3287"
"23,2500";"7,7507";"9,3298"
"23,2600";"7,7539";"9,3293"
"23,2700";"7,7572";"9,3307"
"23,2800";"7,7604";"9,3333"
"23,2900";"7,7637";"9,3361"
"23,3000";"7,7670";"9,3364"
"23,3100";"7,7704";"9,3355"
"23,3200";"7,7738";"9,3380"
"23,3300";"7,7773";"9,3439"
"23,3400";"7,7806";"9,3481"
"23,3500";"7,7840";"9,3502"
"23,3600";"7,7873";"9,3523"
"23,3700";"7,7906";"9,3546"
"23,3800";"7,7939";"9,3561"
"23,3900";"7,7972";"9,3564"
"23,4000";"7,8006";"9,3584"
"23,4100";"7,8041";"9,3613"
"23,4200";"7,8074";"9,3635"
"23,4300";"7,8107";"9,3664"
"23,4400";"7,8140";"9,3686"
"23,4500";"7,8173";"9,3721"
"23,4600";"7,8206";"9,3746"
"23,4700";"7,8239";"9,3744"
"23,4800";"7,8272";"9,3734"
"23,4900";"7,8305";"9,3738"
"23,5000";"7,8339";"9,3758"
"23,5100";"7,8374";"9,3786"
"23,5200";"7,8408";"9,3825"
"23,5300";"7,8442";"9,3854"
"23,5400";"7,8476";"9,3882"
"23,5500";"7,8510";"9,3893"
"23,5600";"7,8544";"9,3896"
"23,5700";"7,8577";"9,3903"
"23,5800";"7,8610";"9,3913"
"23,5900";"7,8643";"9,3923"
"23,6000";"7,8675";"9,3942"
"23,6100";"7,8708";"9,3999"
"23,6200";"7,8741";"9,4045"
"23,6300";"7,8773";"9,4066"
"23,6400";"7,8804";"9,4066"
"23,6500";"7,8836";"9,4067"
"23,6600";"7,8869";"9,4082"
"23,6700";"7,8904";"9,4106"
"23,6800";"7,8938";"9,4113"
"23,6900";"7,8972";"9,4122"
"23,7000";"7,9006";"9,4162"
"23,7100";"7,9041";"9,4192"
"23,7200";"7,9075";"9,4211"
"23,7300";"7,9108";"9,4215"
"23,7400";"7,9142";"9,4216"
"23,7500";"7,9175";"9,4206"
"23,7600";"7,9208";"9,4220"
"23,7700";"7,9241";"9,4270"
"23,7800";"7,9273";"9,4319"
"23,7900";"7,9306";"9,4364"
"23,8000";"7,9340";"9,4388"
"23,8100";"7,9373";"9,4408"
"23,8200";"7,9407";"9,4422"
"23,8300";"7,9438";"9,4416"
"23,8400";"7,9469";"9,4416"
"23,8500";"7,9502";"9,4437"
"23,8600";"7,9535";"9,4471"
"23,8700";"7,9569";"9,4497"
"23,8800";"7,9605";"9,4508"
"23,8900";"7,9639";"9,4519"
"23,9000";"7,9673";"9,4552"
"23,9100";"7,9708";"9,4583"
"23,9200";"7,9742";"9,4592"
"23,9300";"7,9775";"9,4609"
"23,9400";"7,9810";"9,4635"
"23,9500";"7,9843";"9,4653"
"23,9600";"7,9876";"9,4679"
"23,9700";"7,9909";"9,4718"
"23,9800";"7,9941";"9,4752"
"23,9900";"7,9974";"9,4766"
"24,0000";"8,0006";"9,4767"
"24,0100";"8,0039";"9,4765"
"24,0200";"8,0072";"9,4765"
"24,0300";"8,0104";"9,4766"
"24,0400";"8,0136";"9,4782"
"24,0500";"8,0169";"9,4813"
"24,0600";"8,0202";"9,4859"
"24,0700";"8,0236";"9,4879"
"24,0800";"8,0272";"9,4881"
"24,0900";"8,0306";"9,4897"
"24,1000";"8,0342";"9,4932"
"24,1100";"8,0375";"9,4947"
"24,1200";"8,0409";"9,4948"
"24,1300";"8,0443";"9,4971"
"24,1400";"8,0477";"9,5011"
"24,1500";"8,0510";"9,5049"
"24,1600";"8,0545";"9,5066"
"24,1700";"8,0576";"9,5075"
"24,1800";"8,0608";"9,5076"
"24,1900";"8,0640";"9,5072"
"24,2000";"8,0672";"9,5077"
"24,2100";"8,0705";"9,5101"
"24,2200";"8,0737";"9,5149"
"24,2300";"8,0770";"9,5188"
"24,2400";"8,0804";"9,5207"
"24,2500";"8,0837";"9,5221"
"24,2600";"8,0872";"9,5243"
"24,2700";"8,0907";"9,5252"
"24,2800";"8,0942";"9,5250"
"24,2900";"8,0977";"9,5260"
"24,3000";"8,1011";"9,5295"
"24,3100";"8,1044";"9,5342"
"24,3200";"8,1077";"9,5376"
"24,3300";"8,1110";"9,5409"
"24,3400";"8,1143";"9,5422"
"24,3500";"8,1175";"9,5422"
"24,3600";"8,1208";"9,5416"
"24,3700";"8,1240";"9,5424"
"24,3800";"8,1272";"9,5446"
"24,3900";"8,1304";"9,5484"
"24,4000";"8,1336";"9,5524"
"24,4100";"8,1369";"9,5557"
"24,4200";"8,1403";"9,5579"
"24,4300";"8,1437";"9,5579"
"24,4400";"8,1471";"9,5579"
"24,4500";"8,1506";"9,5573"
"24,4600";"8,1540";"9,5570"
"24,4700";"8,1574";"9,5589"
"24,4800";"8,1609";"9,5617"
"24,4900";"8,1642";"9,5647"
"24,5000";"8,1677";"9,5676"
"24,5100";"8,1710";"9,5696"
"24,5200";"8,1743";"9,5707"
"24,5300";"8,1776";"9,5725"
"24,5400";"8,1809";"9,5754"
"24,5500";"8,1842";"9,5787"
"24,5600";"8,1875";"9,5810"
"24,5700";"8,1907";"9,5827"
"24,5800";"8,1940";"9,5856"
"24,5900";"8,1972";"9,5887"
"24,6000";"8,2005";"9,5902"
"24,6100";"8,2039";"9,5894"
"24,6200";"8,2073";"9,5889"
"24,6300";"8,2108";"9,5903"
"24,6400";"8,2142";"9,5934"
"24,6500";"8,2176";"9,5963"
"24,6600";"8,2209";"9,5982"
"24,6700";"8,2243";"9,6005"
"24,6800";"8,2278";"9,6015"
"24,6900";"8,2311";"9,6030"
"24,7000";"8,2344";"9,6047"
"24,7100";"8,2377";"9,6068"
"24,7200";"8,2409";"9,6078"
"24,7300";"8,2441";"9,6087"
"24,7400";"8,2472";"9,6098"
"24,7500";"8,2505";"9,6122"
"24,7600";"8,2537";"9,6156"
"24,7700";"8,2570";"9,6186"
"24,7800";"8,2603";"9,6206"
"24,7900";"8,2637";"9,6223"
"24,8000";"8,2670";"9,6234"
"24,8100";"8,2706";"9,6234"
"24,8200";"8,2742";"9,6240"
"24,8300";"8,2776";"9,6274"
"24,8400";"8,2810";"9,6304"
"24,8500";"8,2844";"9,6306"
"24,8600";"8,2877";"9,6302"
"24,8700";"8,2912";"9,6332"
"24,8800";"8,2945";"9,6376"
"24,8900";"8,2978";"9,6396"
"24,9000";"8,3011";"9,6403"
"24,9100";"8,3041";"9,6423"
"24,9200";"8,3073";"9,6454"
"24,9300";"8,3106";"9,6476"
"24,9400";"8,3138";"9,6479"
"24,9500";"8,3171";"9,6486"
"24,9600";"8,3204";"9,6505"
"24,9700";"8,3237";"9,6510"
"24,9800";"8,3270";"9,6516"
"24,9900";"8,3305";"9,6543"
"25,0000";"8,3339";"9,6576"
"25,0100";"8,3373";"9,6603"
"25,0200";"8,3409";"9,6615"
"25,0300";"8,3444";"9,6617"
"25,0400";"8,3479";"9,6626"
"25,0500";"8,3512";"9,6643"
"25,0600";"8,3544";"9,6674"
"25,0700";"8,3577";"9,6706"
"25,0800";"8,3609";"9,6740"
"25,0900";"8,3641";"9,6746"
"25,1000";"8,3673";"9,6731"
"25,1100";"8,3705";"9,6739"
"25,1200";"8,3737";"9,6762"
"25,1300";"8,3770";"9,6781"
"25,1400";"8,3803";"9,6783"
"25,1500";"8,3836";"9,6794"
"25,1600";"8,3870";"9,6829"
"25,1700";"8,3903";"9,6855"
"25,1800";"8,3937";"9,6867"
"25,1900";"8,3972";"9,6874"
"25,2000";"8,4007";"9,6898"
"25,2100";"8,4041";"9,6918"
"25,2200";"8,4078";"9,6929"
"25,2300";"8,4112";"9,6933"
"25,2400";"8,4145";"9,6949"
"25,2500";"8,4178";"9,6976"
"25,2600";"8,4211";"9,7000"
"25,2700";"8,4243";"9,7023"
"25,2800";"8,4276";"9,7049"
"25,2900";"8,4308";"9,7069"
"25,3000";"8,4340";"9,7076"
"25,3100";"8,4373";"9,7085"
"25,3200";"8,4405";"9,7101"
"25,3300";"8,4437";"9,7113"
"25,3400";"8,4470";"9,7119"
"25,3500";"8,4504";"9,7152"
"25,3600";"8,4538";"9,7201"
"25,3700";"8,4573";"9,7218"
"25,3800";"8,4607";"9,7213"
"25,3900";"8,4641";"9,7209"
"25,4000";"8,4674";"9,7237"
"25,4100";"8,4708";"9,7264"
"25,4200";"8,4743";"9,7264"
"25,4300";"8,4777";"9,7273"
"25,4400";"8,4810";"9,7301"
"25,4500";"8,4843";"9,7338"
"25,4600";"8,4875";"9,7352"
"25,4700";"8,4907";"9,7347"
"25,4800";"8,4939";"9,7356"
"25,4900";"8,4972";"9,7368"
"25,5000";"8,5005";"9,7394"
"25,5100";"8,5038";"9,7423"
"25,5200";"8,5070";"9,7454"
"25,5300";"8,5103";"9,7473"
"25,5400";"8,5136";"9,7491"
"25,5500";"8,5170";"9,7506"
"25,5600";"8,5205";"9,7524"
"25,5700";"8,5240";"9,7538"
"25,5800";"8,5274";"9,7535"
"25,5900";"8,5309";"9,7553"
"25,6000";"8,5344";"9,7588"
"25,6100";"8,5377";"9,7617"
"25,6200";"8,5411";"9,7631"
"25,6300";"8,5444";"9,7633"
"25,6400";"8,5477";"9,7648"
"25,6500";"8,5509";"9,7657"
"25,6600";"8,5542";"9,7669"
"25,6700";"8,5574";"9,7706"
"25,6800";"8,5607";"9,7741"
"25,6900";"8,5640";"9,7770"
"25,7000";"8,5673";"9,7787"
"25,7100";"8,5706";"9,7774"
"25,7200";"8,5738";"9,7761"
"25,7300";"8,5771";"9,7780"
"25,7400";"8,5804";"9,7803"
"25,7500";"8,5838";"9,7824"
"25,7600";"8,5872";"9,7849"
"25,7700";"8,5907";"9,7876"
"25,7800";"8,5941";"9,7887"
"25,7900";"8,5974";"9,7891"
"25,8000";"8,6007";"9,7900"
"25,8100";"8,6040";"9,7906"
"25,8200";"8,6074";"9,7918"
"25,8300";"8,6107";"9,7924"
"25,8400";"8,6142";"9,7946"
"25,8500";"8,6173";"9,7989"
"25,8600";"8,6207";"9,8024"
"25,8700";"8,6240";"9,8030"
"25,8800";"8,6273";"9,8040"
"25,8900";"8,6306";"9,8066"
"25,9000";"8,6339";"9,8083"
"25,9100";"8,6373";"9,8084"
"25,9200";"8,6406";"9,8095"
"25,9300";"8,6440";"9,8122"
"25,9400";"8,6473";"9,8146"
"25,9500";"8,6508";"9,8162"
"25,9600";"8,6542";"9,8175"
"25,9700";"8,6577";"9,8196"
"25,9800";"8,6611";"9,8213"
"25,9900";"8,6644";"9,8214"
"26,0000";"8,6678";"9,8223"
"26,0100";"8,6711";"9,8249"
"26,0200";"8,6742";"9,8284"
"26,0300";"8,6777";"9,8305"
"26,0400";"8,6810";"9,8328"
"26,0500";"8,6843";"9,8333"
"26,0600";"8,6875";"9,8325"
"26,0700";"8,6908";"9,8327"
"26,0800";"8,6940";"9,8346"
"26,0900";"8,6972";"9,8377"
"26,1000";"8,7006";"9,8411"
"26,1100";"8,7039";"9,8426"
"26,1200";"8,7073";"9,8435"
"26,1300";"8,7106";"9,8464"
"26,1400";"8,7140";"9,8475"
"26,1500";"8,7175";"9,8467"
"26,1600";"8,7208";"9,8463"
"26,1700";"8,7242";"9,8479"
"26,1800";"8,7275";"9,8503"
"26,1900";"8,7308";"9,8530"
"26,2000";"8,7342";"9,8556"
"26,2100";"8,7374";"9,8583"
"26,2200";"8,7407";"9,8597"
"26,2300";"8,7441";"9,8607"
"26,2400";"8,7474";"9,8620"
"26,2500";"8,7507";"9,8642"
"26,2600";"8,7539";"9,8658"
"26,2700";"8,7571";"9,8664"
"26,2800";"8,7604";"9,8671"
"26,2900";"8,7637";"9,8684"
"26,3000";"8,7670";"9,8704"
"26,3100";"8,7706";"9,8714"
"26,3200";"8,7739";"9,8720"
"26,3300";"8,7773";"9,8739"
"26,3400";"8,7807";"9,8757"
"26,3500";"8,7840";"9,8774"
"26,3600";"8,7875";"9,8793"
"26,3700";"8,7909";"9,8820"
"26,3800";"8,7942";"9,8844"
"26,3900";"8,7976";"9,8858"
"26,4000";"8,8009";"9,8864"
"26,4100";"8,8041";"9,8881"
"26,4200";"8,8074";"9,8904"
"26,4300";"8,8107";"9,8909"
"26,4400";"8,8140";"9,8900"
"26,4500";"8,8173";"9,8914"
"26,4600";"8,8206";"9,8942"
"26,4700";"8,8239";"9,8962"
"26,4800";"8,8272";"9,8964"
"26,4900";"8,8306";"9,8969"
"26,5000";"8,8340";"9,8999"
"26,5100";"8,8374";"9,9045"
"26,5200";"8,8407";"9,9075"
"26,5300";"8,8441";"9,9080"
"26,5400";"8,8474";"9,9081"
"26,5500";"8,8507";"9,9085"
"26,5600";"8,8540";"9,9097"
"26,5700";"8,8575";"9,9118"
"26,5800";"8,8609";"9,9135"
"26,5900";"8,8642";"9,9143"
"26,6000";"8,8675";"9,9145"
"26,6100";"8,8708";"9,9156"
"26,6200";"8,8742";"9,9173"
"26,6300";"8,8775";"9,9190"
"26,6400";"8,8808";"9,9193"
"26,6500";"8,8840";"9,9201"
"26,6600";"8,8873";"9,9209"
"26,6700";"8,8905";"9,9222"
"26,6800";"8,8938";"9,9251"
"26,6900";"8,8971";"9,9297"
"26,7000";"8,9006";"9,9351"
"26,7100";"8,9040";"9,9381"
"26,7200";"8,9074";"9,9387"
"26,7300";"8,9108";"9,9375"
"26,7400";"8,9141";"9,9376"
"26,7500";"8,9174";"9,9392"
"26,7600";"8,9209";"9,9409"
"26,7700";"8,9242";"9,9415"
"26,7800";"8,9276";"9,9436"
"26,7900";"8,9309";"9,9459"
"26,8000";"8,9341";"9,9483"
"26,8100";"8,9374";"9,9501"
"26,8200";"8,9407";"9,9516"
"26,8300";"8,9439";"9,9523"
"26,8400";"8,9472";"9,9526"
"26,8500";"8,9505";"9,9535"
"26,8600";"8,9538";"9,9547"
"26,8700";"8,9571";"9,9565"
"26,8800";"8,9604";"9,9587"
"26,8900";"8,9637";"9,9605"
"26,9000";"8,9670";"9,9610"
"26,9100";"8,9706";"9,9626"
"26,9200";"8,9739";"9,9637"
"26,9300";"8,9773";"9,9644"
"26,9400";"8,9806";"9,9668"
"26,9500";"8,9839";"9,9705"
"26,9600";"8,9872";"9,9718"
"26,9700";"8,9906";"9,9725"
"26,9800";"8,9941";"9,9741"
"26,9900";"8,9974";"9,9758"
"27,0000";"9,0007";"9,9779"
"27,0100";"9,0040";"9,9797"
"27,0200";"9,0073";"9,9819"
"27,0300";"9,0105";"9,9848"
"27,0400";"9,0138";"9,9856"
"27,0500";"9,0172";"9,9850"
"27,0600";"9,0205";"9,9837"
"27,0700";"9,0239";"9,9842"
"27,0800";"9,0272";"9,9858"
"27,0900";"9,0305";"9,9883"
"27,1000";"9,0340";"9,9912"
"27,1100";"9,0374";"9,9955"
"27,1200";"9,0408";"9,9985"
"27,1300";"9,0441";"9,9998"
"27,1400";"9,0475";"10,0021"
"27,1500";"9,0508";"10,0040"
"27,1600";"9,0542";"10,0050"
"27,1700";"9,0576";"10,0053"
"27,1800";"9,0609";"10,0062"
"27,1900";"9,0643";"10,0082"
"27,2000";"9,0675";"10,0105"
"27,2100";"9,0707";"10,0135"
"27,2200";"9,0739";"10,0153"
"27,2300";"9,0771";"10,0160"
"27,2400";"9,0804";"10,0161"
"27,2500";"9,0838";"10,0157"
"27,2600";"9,0871";"10,0160"
"27,2700";"9,0905";"10,0186"
"27,2800";"9,0939";"10,0205"
"27,2900";"9,0972";"10,0216"
"27,3000";"9,1007";"10,0230"
"27,3100";"9,1041";"10,0239"
"27,3200";"9,1075";"10,0242"
"27,3300";"9,1109";"10,0237"
"27,3400";"9,1144";"10,0248"
"27,3500";"9,1177";"10,0272"
"27,3600";"9,1210";"10,0287"
"27,3700";"9,1243";"10,0304"
"27,3800";"9,1276";"10,0328"
"27,3900";"9,1308";"10,0362"
"27,4000";"9,1340";"10,0394"
"27,4100";"9,1371";"10,0406"
"27,4200";"9,1404";"10,0407"
"27,4300";"9,1438";"10,0432"
"27,4400";"9,1472";"10,0459"
"27,4500";"9,1506";"10,0474"
"27,4600";"9,1541";"10,0472"
"27,4700";"9,1576";"10,0492"
"27,4800";"9,1609";"10,0514"
"27,4900";"9,1642";"10,0518"
"27,5000";"9,1676";"10,0516"
"27,5100";"9,1710";"10,0518"
"27,5200";"9,1743";"10,0539"
"27,5300";"9,1776";"10,0564"
"27,5400";"9,1809";"10,0590"
"27,5500";"9,1842";"10,0621"
"27,5600";"9,1876";"10,0658"
"27,5700";"9,1907";"10,0681"
"27,5800";"9,1940";"10,0688"
"27,5900";"9,1972";"10,0677"
"27,6000";"9,2005";"10,0660"
"27,6100";"9,2037";"10,0653"
"27,6200";"9,2070";"10,0671"
"27,6300";"9,2105";"10,0704"
"27,6400";"9,2139";"10,0738"
"27,6500";"9,2173";"10,0756"
"27,6600";"9,2207";"10,0764"
"27,6700";"9,2242";"10,0783"
"27,6800";"9,2275";"10,0810"
"27,6900";"9,2309";"10,0820"
"27,7000";"9,2343";"10,0821"
"27,7100";"9,2377";"10,0832"
"27,7200";"9,2412";"10,0855"
"27,7300";"9,2445";"10,0870"
"27,7400";"9,2478";"10,0855"
"27,7500";"9,2509";"10,0845"
"27,7600";"9,2541";"10,0858"
"27,7700";"9,2573";"10,0884"
"27,7800";"9,2605";"10,0901"
"27,7900";"9,2638";"10,0917"
"27,8000";"9,2671";"10,0927"
"27,8100";"9,2704";"10,0951"
"27,8200";"9,2739";"10,0971"
"27,8300";"9,2773";"10,0980"
"27,8400";"9,2807";"10,0990"
"27,8500";"9,2841";"10,1009"
"27,8600";"9,2875";"10,1032"
"27,8700";"9,2910";"10,1058"
"27,8800";"9,2943";"10,1086"
"27,8900";"9,2976";"10,1102"
"27,9000";"9,3009";"10,1093"
"27,9100";"9,3043";"10,1087"
"27,9200";"9,3076";"10,1104"
"27,9300";"9,3108";"10,1128"
"27,9400";"9,3140";"10,1147"
"27,9500";"9,3172";"10,1173"
"27,9600";"9,3204";"10,1220"
"27,9700";"9,3236";"10,1255"
"27,9800";"9,3269";"10,1261"
"27,9900";"9,3302";"10,1246"
"28,0000";"9,3336";"10,1256"
"28,0100";"9,3371";"10,1284"
"28,0200";"9,3406";"10,1287"
"28,0300";"9,3441";"10,1268"
"28,0400";"9,3475";"10,1267"
"28,0500";"9,3511";"10,1288"
"28,0600";"9,3545";"10,1311"
"28,0700";"9,3579";"10,1318"
"28,0800";"9,3612";"10,1330"
"28,0900";"9,3644";"10,1354"
"28,1000";"9,3677";"10,1391"
"28,1100";"9,3709";"10,1425"
"28,1200";"9,3741";"10,1449"
"28,1300";"9,3774";"10,1454"
"28,1400";"9,3806";"10,1439"
"28,1500";"9,3838";"10,1428"
"28,1600";"9,3870";"10,1434"
"28,1700";"9,3903";"10,1456"
"28,1800";"9,3937";"10,1466"
"28,1900";"9,3971";"10,1470"
"28,2000";"9,4006";"10,1486"
"28,2100";"9,4042";"10,1518"
"28,2200";"9,4076";"10,1546"
"28,2300";"9,4109";"10,1561"
"28,2400";"9,4142";"10,1589"
"28,2500";"9,4175";"10,1612"
"28,2600";"9,4209";"10,1630"
"28,2700";"9,4241";"10,1632"
"28,2800";"9,4274";"10,1641"
"28,2900";"9,4306";"10,1658"
"28,3000";"9,4338";"10,1674"
"28,3100";"9,4371";"10,1681"
"28,3200";"9,4403";"10,1689"
"28,3300";"9,4436";"10,1703"
"28,3400";"9,4469";"10,1713"
"28,3500";"9,4502";"10,1717"
"28,3600";"9,4535";"10,1721"
"28,3700";"9,4568";"10,1737"
"28,3800";"9,4603";"10,1755"
"28,3900";"9,4639";"10,1772"
"28,4000";"9,4675";"10,1794"
"28,4100";"9,4710";"10,1831"
"28,4200";"9,4744";"10,1841"
"28,4300";"9,4777";"10,1828"
"28,4400";"9,4810";"10,1820"
"28,4500";"9,4845";"10,1841"
"28,4600";"9,4878";"10,1865"
"28,4700";"9,4911";"10,1894"
"28,4800";"9,4944";"10,1915"
"28,4900";"9,4976";"10,1924"
"28,5000";"9,5008";"10,1934"
"28,5100";"9,5038";"10,1945"
"28,5200";"9,5070";"10,1966"
"28,5300";"9,5103";"10,1993"
"28,5400";"9,5136";"10,2017"
"28,5500";"9,5170";"10,2015"
"28,5600";"9,5205";"10,2016"
"28,5700";"9,5239";"10,2047"
"28,5800";"9,5273";"10,2082"
"28,5900";"9,5309";"10,2090"
"28,6000";"9,5344";"10,2068"
"28,6100";"9,5377";"10,2058"
"28,6200";"9,5410";"10,2067"
"28,6300";"9,5443";"10,2090"
"28,6400";"9,5476";"10,2113"
"28,6500";"9,5508";"10,2142"
"28,6600";"9,5541";"10,2175"
"28,6700";"9,5573";"10,2183"
"28,6800";"9,5606";"10,2181"
"28,6900";"9,5638";"10,2193"
"28,7000";"9,5670";"10,2218"
"28,7100";"9,5703";"10,2221"
"28,7200";"9,5735";"10,2221"
"28,7300";"9,5769";"10,2220"
"28,7400";"9,5803";"10,2256"
"28,7500";"9,5837";"10,2303"
"28,7600";"9,5872";"10,2329"
"28,7700";"9,5907";"10,2343"
"28,7800";"9,5941";"10,2349"
"28,7900";"9,5976";"10,2351"
"28,8000";"9,6011";"10,2350"
"28,8100";"9,6044";"10,2358"
"28,8200";"9,6077";"10,2383"
"28,8300";"9,6109";"10,2404"
"28,8400";"9,6142";"10,2413"
"28,8500";"9,6175";"10,2439"
"28,8600";"9,6208";"10,2470"
"28,8700";"9,6241";"10,2491"
"28,8800";"9,6274";"10,2489"
"28,8900";"9,6307";"10,2475"
"28,9000";"9,6339";"10,2474"
"28,9100";"9,6371";"10,2483"
"28,9200";"9,6404";"10,2511"
"28,9300";"9,6438";"10,2540"
"28,9400";"9,6473";"10,2561"
"28,9500";"9,6507";"10,2574"
"28,9600";"9,6540";"10,2568"
"28,9700";"9,6574";"10,2572"
"28,9800";"9,6607";"10,2605"
"28,9900";"9,6641";"10,2622"
"29,0000";"9,6676";"10,2615"
"29,0100";"9,6709";"10,2611"
"29,0200";"9,6742";"10,2628"
"29,0300";"9,6776";"10,2653"
"29,0400";"9,6808";"10,2660"
"29,0500";"9,6841";"10,2671"
"29,0600";"9,6874";"10,2694"
"29,0700";"9,6907";"10,2730"
"29,0800";"9,6940";"10,2755"
"29,0900";"9,6972";"10,2780"
"29,1000";"9,7005";"10,2793"
"29,1100";"9,7038";"10,2793"
"29,1200";"9,7071";"10,2789"
"29,1300";"9,7105";"10,2796"
"29,1400";"9,7141";"10,2813"
"29,1500";"9,7174";"10,2827"
"29,1600";"9,7208";"10,2834"
"29,1700";"9,7241";"10,2846"
"29,1800";"9,7274";"10,2872"
"29,1900";"9,7307";"10,2894"
"29,2000";"9,7342";"10,2880"
"29,2100";"9,7375";"10,2880"
"29,2200";"9,7408";"10,2905"
"29,2300";"9,7441";"10,2932"
"29,2400";"9,7474";"10,2928"
"29,2500";"9,7508";"10,2923"
"29,2600";"9,7541";"10,2942"
"29,2700";"9,7574";"10,2972"
"29,2800";"9,7607";"10,2987"
"29,2900";"9,7639";"10,2992"
"29,3000";"9,7672";"10,3011"
"29,3100";"9,7706";"10,3032"
"29,3200";"9,7739";"10,3031"
"29,3300";"9,7774";"10,3022"
"29,3400";"9,7808";"10,3032"
"29,3500";"9,7841";"10,3054"
"29,3600";"9,7874";"10,3082"
"29,3700";"9,7907";"10,3112"
"29,3800";"9,7940";"10,3128"
"29,3900";"9,7974";"10,3134"
"29,4000";"9,8007";"10,3126"
"29,4100";"9,8042";"10,3128"
"29,4200";"9,8076";"10,3147"
"29,4300";"9,8109";"10,3186"
"29,4400";"9,8143";"10,3202"
"29,4500";"9,8175";"10,3201"
"29,4600";"9,8207";"10,3202"
"29,4700";"9,8240";"10,3214"
"29,4800";"9,8272";"10,3235"
"29,4900";"9,8305";"10,3238"
"29,5000";"9,8338";"10,3239"
"29,5100";"9,8372";"10,3270"
"29,5200";"9,8405";"10,3311"
"29,5300";"9,8439";"10,3336"
"29,5400";"9,8474";"10,3343"
"29,5500";"9,8506";"10,3363"
"29,5600";"9,8540";"10,3366"
"29,5700";"9,8573";"10,3359"
"29,5800";"9,8607";"10,3339"
"29,5900";"9,8641";"10,3347"
"29,6000";"9,8676";"10,3363"
"29,6100";"9,8710";"10,3375"
"29,6200";"9,8743";"10,3397"
"29,6300";"9,8775";"10,3436"
"29,6400";"9,8807";"10,3461"
"29,6500";"9,8838";"10,3456"
"29,6600";"9,8870";"10,3449"
"29,6700";"9,8902";"10,3455"
"29,6800";"9,8936";"10,3469"
"29,6900";"9,8971";"10,3468"
"29,7000";"9,9004";"10,3481"
"29,7100";"9,9038";"10,3521"
"29,7200";"9,9070";"10,3564"
"29,7300";"9,9104";"10,3572"
"29,7400";"9,9137";"10,3553"
"29,7500";"9,9173";"10,3552"
"29,7600";"9,9206";"10,3571"
"29,7700";"9,9239";"10,3598"
"29,7800";"9,9272";"10,3609"
"29,7900";"9,9306";"10,3619"
"29,8000";"9,9340";"10,3644"
"29,8100";"9,9374";"10,3676"
"29,8200";"9,9409";"10,3703"
"29,8300";"9,9442";"10,3710"
"29,8400";"9,9474";"10,3699"
"29,8500";"9,9505";"10,3683"
"29,8600";"9,9539";"10,3687"
"29,8700";"9,9572";"10,3725"
"29,8800";"9,9606";"10,3767"
"29,8900";"9,9639";"10,3783"
"29,9000";"9,9673";"10,3774"
"29,9100";"9,9707";"10,3783"
"29,9200";"9,9740";"10,3803"
"29,9300";"9,9775";"10,3808"
"29,9400";"9,9809";"10,3809"
"29,9500";"9,9843";"10,3839"
"29,9600";"9,9876";"10,3884"
"29,9700";"9,9910";"10,3916"
"29,9800";"9,9943";"10,3911"
"29,9900";"9,9977";"10,3912"
"30,0000";"10,0011";"10,3940"
"30,0100";"10,0044";"10,3960"
"30,0200";"10,0076";"10,3956"
"30,0300";"10,0109";"10,3941"
"30,0400";"10,0141";"10,3938"
"30,0500";"10,0172";"10,3947"
"30,0600";"10,0206";"10,3962"
"30,0700";"10,0239";"10,3982"
"30,0800";"10,0273";"10,4003"
"30,0900";"10,0307";"10,4023"
"30,1000";"10,0340";"10,4050"
"30,1100";"10,0373";"10,4076"
"30,1200";"10,0406";"10,4104"
"30,1300";"10,0439";"10,4106"
"30,1400";"10,0474";"10,4092"
"30,1500";"10,0508";"10,4085"
"30,1600";"10,0542";"10,4101"
"30,1700";"10,0576";"10,4117"
"30,1800";"10,0609";"10,4144"
"30,1900";"10,0641";"10,4159"
"30,2000";"10,0673";"10,4176"
"30,2100";"10,0706";"10,4180"
"30,2200";"10,0739";"10,4185"
"30,2300";"10,0772";"10,4209"
"30,2400";"10,0805";"10,4242"
"30,2500";"10,0838";"10,4261"
"30,2600";"10,0873";"10,4262"
"30,2700";"10,0907";"10,4254"
"30,2800";"10,0940";"10,4266"
"30,2900";"10,0975";"10,4296"
"30,3000";"10,1008";"10,4306"
"30,3100";"10,1043";"10,4305"
"30,3200";"10,1076";"10,4303"
"30,3300";"10,1110";"10,4308"
"30,3400";"10,1143";"10,4315"
"30,3500";"10,1177";"10,4343"
"30,3600";"10,1211";"10,4369"
"30,3700";"10,1244";"10,4391"
"30,3800";"10,1276";"10,4395"
"30,3900";"10,1308";"10,4396"
"30,4000";"10,1340";"10,4414"
"30,4100";"10,1372";"10,4436"
"30,4200";"10,1405";"10,4444"
"30,4300";"10,1437";"10,4439"
"30,4400";"10,1471";"10,4450"
"30,4500";"10,1504";"10,4472"
"30,4600";"10,1538";"10,4511"
"30,4700";"10,1574";"10,4541"
"30,4800";"10,1608";"10,4557"
"30,4900";"10,1642";"10,4544"
"30,5000";"10,1677";"10,4517"
"30,5100";"10,1710";"10,4513"
"30,5200";"10,1743";"10,4549"
"30,5300";"10,1776";"10,4590"
"30,5400";"10,1809";"10,4604"
"30,5500";"10,1843";"10,4600"
"30,5600";"10,1876";"10,4609"
"30,5700";"10,1908";"10,4643"
"30,5800";"10,1940";"10,4672"
"30,5900";"10,1972";"10,4672"
"30,6000";"10,2004";"10,4671"
"30,6100";"10,2037";"10,4673"
"30,6200";"10,2071";"10,4682"
"30,6300";"10,2104";"10,4694"
"30,6400";"10,2138";"10,4725"
"30,6500";"10,2172";"10,4759"
"30,6600";"10,2208";"10,4766"
"30,6700";"10,2242";"10,4750"
"30,6800";"10,2276";"10,4747"
"30,6900";"10,2309";"10,4771"
"30,7000";"10,2344";"10,4789"
"30,7100";"10,2378";"10,4797"
"30,7200";"10,2411";"10,4807"
"30,7300";"10,2443";"10,4834"
"30,7400";"10,2476";"10,4857"
"30,7500";"10,2509";"10,4868"
"30,7600";"10,2540";"10,4881"
"30,7700";"10,2571";"10,4901"
"30,7800";"10,2603";"10,4893"
"30,7900";"10,2635";"10,4872"
"30,8000";"10,2668";"10,4880"
"30,8100";"10,2702";"10,4923"
"30,8200";"10,2738";"10,4951"
"30,8300";"10,2772";"10,4952"
"30,8400";"10,2806";"10,4940"
"30,8500";"10,2841";"10,4950"
"30,8600";"10,2875";"10,4963"
"30,8700";"10,2909";"10,4973"
"30,8800";"10,2942";"10,5008"
"30,8900";"10,2976";"10,5045"
"30,9000";"10,3009";"10,5070"
"30,9100";"10,3041";"10,5063"
"30,9200";"10,3074";"10,5055"
"30,9300";"10,3106";"10,5066"
"30,9400";"10,3139";"10,5081"
"30,9500";"10,3171";"10,5086"
"30,9600";"10,3204";"10,5094"
"30,9700";"10,3237";"10,5106"
"30,9800";"10,3270";"10,5102"
"30,9900";"10,3303";"10,5103"
"31,0000";"10,3338";"10,5115"
"31,0100";"10,3372";"10,5144"
"31,0200";"10,3407";"10,5181"
"31,0300";"10,3443";"10,5200"
"31,0400";"10,3477";"10,5193"
"31,0500";"10,3510";"10,5204"
"31,0600";"10,3544";"10,5231"
"31,0700";"10,3577";"10,5241"
"31,0800";"10,3610";"10,5236"
"31,0900";"10,3643";"10,5232"
"31,1000";"10,3676";"10,5237"
"31,1100";"10,3709";"10,5260"
"31,1200";"10,3741";"10,5278"
"31,1300";"10,3773";"10,5307"
"31,1400";"10,3804";"10,5344"
"31,1500";"10,3836";"10,5357"
"31,1600";"10,3869";"10,5355"
"31,1700";"10,3902";"10,5366"
"31,1800";"10,3936";"10,5383"
"31,1900";"10,3970";"10,5396"
"31,2000";"10,4003";"10,5402"
"31,2100";"10,4039";"10,5405"
"31,2200";"10,4073";"10,5422"
"31,2300";"10,4108";"10,5439"
"31,2400";"10,4144";"10,5449"
"31,2500";"10,4177";"10,5459"
"31,2600";"10,4210";"10,5465"
"31,2700";"10,4242";"10,5470"
"31,2800";"10,4274";"10,5480"
"31,2900";"10,4307";"10,5517"
"31,3000";"10,4340";"10,5561"
"31,3100";"10,4373";"10,5582"
"31,3200";"10,4405";"10,5569"
"31,3300";"10,4437";"10,5552"
"31,3400";"10,4469";"10,5550"
"31,3500";"10,4502";"10,5563"
"31,3600";"10,4536";"10,5577"
"31,3700";"10,4571";"10,5604"
"31,3800";"10,4607";"10,5631"
"31,3900";"10,4641";"10,5643"
"31,4000";"10,4676";"10,5658"
"31,4100";"10,4711";"10,5679"
"31,4200";"10,4745";"10,5703"
"31,4300";"10,4779";"10,5709"
"31,4400";"10,4812";"10,5698"
"31,4500";"10,4844";"10,5701"
"31,4600";"10,4876";"10,5729"
"31,4700";"10,4908";"10,5759"
"31,4800";"10,4940";"10,5777"
"31,4900";"10,4973";"10,5779"
"31,5000";"10,5007";"10,5773"
"31,5100";"10,5040";"10,5772"
"31,5200";"10,5072";"10,5769"
"31,5300";"10,5104";"10,5776"
"31,5400";"10,5137";"10,5804"
"31,5500";"10,5170";"10,5826"
"31,5600";"10,5204";"10,5825"
"31,5700";"10,5239";"10,5826"
"31,5800";"10,5275";"10,5861"
"31,5900";"10,5310";"10,5898"
"31,6000";"10,5343";"10,5911"
"31,6100";"10,5376";"10,5898"
"31,6200";"10,5409";"10,5889"
"31,6300";"10,5444";"10,5893"
"31,6400";"10,5477";"10,5913"
"31,6500";"10,5509";"10,5929"
"31,6600";"10,5542";"10,5965"
"31,6700";"10,5574";"10,5991"
"31,6800";"10,5607";"10,5988"
"31,6900";"10,5638";"10,5982"
"31,7000";"10,5672";"10,6002"
"31,7100";"10,5705";"10,6029"
"31,7200";"10,5738";"10,6048"
"31,7300";"10,5771";"10,6054"
"31,7400";"10,5805";"10,6066"
"31,7500";"10,5839";"10,6079"
"31,7600";"10,5873";"10,6103"
"31,7700";"10,5909";"10,6118"
"31,7800";"10,5943";"10,6129"
"31,7900";"10,5977";"10,6142"
"31,8000";"10,6010";"10,6148"
"31,8100";"10,6043";"10,6146"
"31,8200";"10,6076";"10,6168"
"31,8300";"10,6110";"10,6208"
"31,8400";"10,6141";"10,6235"
"31,8500";"10,6174";"10,6219"
"31,8600";"10,6206";"10,6205"
"31,8700";"10,6238";"10,6223"
"31,8800";"10,6269";"10,6243"
"31,8900";"10,6302";"10,6249"
"31,9000";"10,6334";"10,6251"
"31,9100";"10,6368";"10,6261"
"31,9200";"10,6401";"10,6275"
"31,9300";"10,6435";"10,6281"
"31,9400";"10,6470";"10,6286"
"31,9500";"10,6505";"10,6289"
"31,9600";"10,6540";"10,6293"
"31,9700";"10,6576";"10,6299"
"31,9800";"10,6610";"10,6312"
"31,9900";"10,6643";"10,6341"
"32,0000";"10,6676";"10,6359"
"32,0100";"10,6709";"10,6369"
"32,0200";"10,6742";"10,6379"
"32,0300";"10,6775";"10,6404"
"32,0400";"10,6808";"10,6421"
"32,0500";"10,6841";"10,6414"
"32,0600";"10,6874";"10,6418"
"32,0700";"10,6906";"10,6441"
"32,0800";"10,6938";"10,6453"
"32,0900";"10,6971";"10,6443"
"32,1000";"10,7006";"10,6437"
"32,1100";"10,7039";"10,6451"
"32,1200";"10,7073";"10,6481"
"32,1300";"10,7107";"10,6516"
"32,1400";"10,7140";"10,6537"
"32,1500";"10,7174";"10,6559"
"32,1600";"10,7209";"10,6568"
"32,1700";"10,7242";"10,6562"
"32,1800";"10,7275";"10,6555"
"32,1900";"10,7308";"10,6565"
"32,2000";"10,7340";"10,6585"
"32,2100";"10,7373";"10,6580"
"32,2200";"10,7405";"10,6580"
"32,2300";"10,7438";"10,6597"
"32,2400";"10,7471";"10,6624"
"32,2500";"10,7504";"10,6646"
"32,2600";"10,7536";"10,6650"
"32,2700";"10,7567";"10,6643"
"32,2800";"10,7601";"10,6639"
"32,2900";"10,7635";"10,6642"
"32,3000";"10,7669";"10,6652"
"32,3100";"10,7704";"10,6698"
"32,3200";"10,7740";"10,6731"
"32,3300";"10,7775";"10,6741"
"32,3400";"10,7809";"10,6731"
"32,3500";"10,7843";"10,6735"
"32,3600";"10,7876";"10,6755"
"32,3700";"10,7909";"10,6777"
"32,3800";"10,7942";"10,6786"
"32,3900";"10,7975";"10,6805"
"32,4000";"10,8007";"10,6829"
"32,4100";"10,8040";"10,6850"
"32,4200";"10,8073";"10,6869"
"32,4300";"10,8106";"10,6879"
"32,4400";"10,8139";"10,6875"
"32,4500";"10,8172";"10,6862"
"32,4600";"10,8204";"10,6857"
"32,4700";"10,8236";"10,6882"
"32,4800";"10,8269";"10,6923"
"32,4900";"10,8303";"10,6945"
"32,5000";"10,8337";"10,6943"
"32,5100";"10,8374";"10,6943"
"32,5200";"10,8408";"10,6948"
"32,5300";"10,8442";"10,6947"
"32,5400";"10,8475";"10,6947"
"32,5500";"10,8508";"10,6958"
"32,5600";"10,8541";"10,6978"
"32,5700";"10,8576";"10,6989"
"32,5800";"10,8610";"10,7011"
"32,5900";"10,8642";"10,7040"
"32,6000";"10,8675";"10,7072"
"32,6100";"10,8708";"10,7079"
"32,6200";"10,8740";"10,7067"
"32,6300";"10,8773";"10,7068"
"32,6400";"10,8805";"10,7077"
"32,6500";"10,8838";"10,7088"
"32,6600";"10,8870";"10,7102"
"32,6700";"10,8904";"10,7114"
"32,6800";"10,8937";"10,7115"
"32,6900";"10,8971";"10,7129"
"32,7000";"10,9007";"10,7145"
"32,7100";"10,9042";"10,7170"
"32,7200";"10,9076";"10,7182"
"32,7300";"10,9110";"10,7187"
"32,7400";"10,9144";"10,7191"
"32,7500";"10,9177";"10,7201"
"32,7600";"10,9210";"10,7237"
"32,7700";"10,9244";"10,7263"
"32,7800";"10,9277";"10,7263"
"32,7900";"10,9310";"10,7264"
"32,8000";"10,9343";"10,7271"
"32,8100";"10,9375";"10,7277"
"32,8200";"10,9406";"10,7293"
"32,8300";"10,9439";"10,7316"
"32,8400";"10,9472";"10,7328"
"32,8500";"10,9505";"10,7346"
"32,8600";"10,9539";"10,7348"
"32,8700";"10,9572";"10,7339"
"32,8800";"10,9605";"10,7352"
"32,8900";"10,9639";"10,7377"
"32,9000";"10,9672";"10,7400"
"32,9100";"10,9707";"10,7409"
"32,9200";"10,9741";"10,7418"
"32,9300";"10,9774";"10,7443"
"32,9400";"10,9807";"10,7465"
"32,9500";"10,9840";"10,7478"
"32,9600";"10,9873";"10,7496"
"32,9700";"10,9907";"10,7501"
"32,9800";"10,9940";"10,7483"
"32,9900";"10,9973";"10,7474"
"33,0000";"11,0007";"10,7494"
"33,0100";"11,0038";"10,7522"
"33,0200";"11,0070";"10,7538"
"33,0300";"11,0102";"10,7540"
"33,0400";"11,0135";"10,7548"
"33,0500";"11,0169";"10,7567"
"33,0600";"11,0205";"10,7571"
"33,0700";"11,0239";"10,7571"
"33,0800";"11,0273";"10,7587"
"33,0900";"11,0308";"10,7614"
"33,1000";"11,0343";"10,7636"
"33,1100";"11,0377";"10,7653"
"33,1200";"11,0410";"10,7673"
"33,1300";"11,0444";"10,7704"
"33,1400";"11,0479";"10,7712"
"33,1500";"11,0512";"10,7685"
"33,1600";"11,0544";"10,7659"
"33,1700";"11,0576";"10,7671"
"33,1800";"11,0609";"10,7704"
"33,1900";"11,0640";"10,7730"
"33,2000";"11,0672";"10,7745"
"33,2100";"11,0705";"10,7756"
"33,2200";"11,0737";"10,7766"
"33,2300";"11,0770";"10,7772"
"33,2400";"11,0803";"10,7784"
"33,2500";"11,0838";"10,7795"
"33,2600";"11,0872";"10,7802"
"33,2700";"11,0907";"10,7817"
"33,2800";"11,0942";"10,7843"
"33,2900";"11,0975";"10,7870"
"33,3000";"11,1008";"10,7893"
"33,3100";"11,1042";"10,7891"
"33,3200";"11,1076";"10,7889"
"33,3300";"11,1108";"10,7889"
"33,3400";"11,1141";"10,7891"
"33,3500";"11,1175";"10,7889"
"33,3600";"11,1208";"10,7900"
"33,3700";"11,1241";"10,7930"
"33,3800";"11,1273";"10,7963"
"33,3900";"11,1306";"10,7972"
"33,4000";"11,1339";"10,7962"
"33,4100";"11,1372";"10,7976"
"33,4200";"11,1404";"10,7994"
"33,4300";"11,1437";"10,7992"
"33,4400";"11,1472";"10,8002"
"33,4500";"11,1507";"10,8045"
"33,4600";"11,1542";"10,8073"
"33,4700";"11,1577";"10,8085"
"33,4800";"11,1610";"10,8079"
"33,4900";"11,1645";"10,8081"
"33,5000";"11,1678";"10,8087"
"33,5100";"11,1712";"10,8088"
"33,5200";"11,1745";"10,8096"
"33,5300";"11,1777";"10,8120"
"33,5400";"11,1810";"10,8139"
"33,5500";"11,1841";"10,8144"
"33,5600";"11,1873";"10,8155"
"33,5700";"11,1905";"10,8166"
"33,5800";"11,1938";"10,8162"
"33,5900";"11,1970";"10,8143"
"33,6000";"11,2002";"10,8142"
"33,6100";"11,2035";"10,8170"
"33,6200";"11,2069";"10,8206"
"33,6300";"11,2103";"10,8226"
"33,6400";"11,2139";"10,8233"
"33,6500";"11,2174";"10,8243"
"33,6600";"11,2208";"10,8253"
"33,6700";"11,2242";"10,8262"
"33,6800";"11,2276";"10,8256"
"33,6900";"11,2309";"10,8258"
"33,7000";"11,2342";"10,8257"
"33,7100";"11,2375";"10,8263"
"33,7200";"11,2408";"10,8270"
"33,7300";"11,2441";"10,8286"
"33,7400";"11,2474";"10,8304"
"33,7500";"11,2506";"10,8329"
"33,7600";"11,2538";"10,8346"
"33,7700";"11,2571";"10,8353"
"33,7800";"11,2603";"10,8361"
"33,7900";"11,2636";"10,8357"
"33,8000";"11,2669";"10,8350"
"33,8100";"11,2703";"10,8361"
"33,8200";"11,2737";"10,8383"
"33,8300";"11,2773";"10,8397"
"33,8400";"11,2807";"10,8413"
"33,8500";"11,2842";"10,8435"
"33,8600";"11,2876";"10,8466"
"33,8700";"11,2911";"10,8474"
"33,8800";"11,2944";"10,8481"
"33,8900";"11,2977";"10,8494"
"33,9000";"11,3010";"10,8519"
"33,9100";"11,3042";"10,8526"
"33,9200";"11,3075";"10,8522"
"33,9300";"11,3108";"10,8539"
"33,9400";"11,3141";"10,8557"
"33,9500";"11,3173";"10,8577"
"33,9600";"11,3205";"10,8594"
"33,9700";"11,3235";"10,8600"
"33,9800";"11,3268";"10,8593"
"33,9900";"11,3301";"10,8587"
"34,0000";"11,3336";"10,8582"
"34,0100";"11,3370";"10,8601"
"34,0200";"11,3405";"10,8636"
"34,0300";"11,3440";"10,8646"
"34,0400";"11,3474";"10,8643"
"34,0500";"11,3508";"10,8651"
"34,0600";"11,3542";"10,8683"
"34,0700";"11,3577";"10,8708"
"34,0800";"11,3610";"10,8710"
"34,0900";"11,3641";"10,8699"
"34,1000";"11,3673";"10,8704"
"34,1100";"11,3705";"10,8720"
"34,1200";"11,3738";"10,8732"
"34,1300";"11,3771";"10,8755"
"34,1400";"11,3804";"10,8782"
"34,1500";"11,3837";"10,8797"
"34,1600";"11,3870";"10,8796"
"34,1700";"11,3904";"10,8787"
"34,1800";"11,3937";"10,8783"
"34,1900";"11,3971";"10,8808"
"34,2000";"11,4007";"10,8834"
"34,2100";"11,4043";"10,8842"
"34,2200";"11,4078";"10,8841"
"34,2300";"11,4111";"10,8847"
"34,2400";"11,4144";"10,8862"
"34,2500";"11,4177";"10,8892"
"34,2600";"11,4210";"10,8915"
"34,2700";"11,4244";"10,8921"
"34,2800";"11,4277";"10,8913"
"34,2900";"11,4308";"10,8917"
"34,3000";"11,4340";"10,8942"
"34,3100";"11,4372";"10,8979"
"34,3200";"11,4404";"10,9004"
"34,3300";"11,4436";"10,9010"
"34,3400";"11,4469";"10,9011"
"34,3500";"11,4502";"10,9012"
"34,3600";"11,4535";"10,9006"
"34,3700";"11,4569";"10,9013"
"34,3800";"11,4604";"10,9026"
"34,3900";"11,4639";"10,9029"
"34,4000";"11,4676";"10,9029"
"34,4100";"11,4710";"10,9022"
"34,4200";"11,4745";"10,9032"
"34,4300";"11,4778";"10,9058"
"34,4400";"11,4811";"10,9075"
"34,4500";"11,4843";"10,9079"
"34,4600";"11,4877";"10,9102"
"34,4700";"11,4909";"10,9136"
"34,4800";"11,4941";"10,9159"
"34,4900";"11,4974";"10,9166"
"34,5000";"11,5005";"10,9162"
"34,5100";"11,5037";"10,9160"
"34,5200";"11,5070";"10,9156"
"34,5300";"11,5103";"10,9160"
"34,5400";"11,5137";"10,9188"
"34,5500";"11,5171";"10,9209"
"34,5600";"11,5207";"10,9220"
"34,5700";"11,5241";"10,9217"
"34,5800";"11,5277";"10,9210"
"34,5900";"11,5312";"10,9217"
"34,6000";"11,5346";"10,9234"
"34,6100";"11,5379";"10,9247"
"34,6200";"11,5413";"10,9272"
"34,6300";"11,5445";"10,9307"
"34,6400";"11,5477";"10,9337"
"34,6500";"11,5509";"10,9339"
"34,6600";"11,5541";"10,9317"
"34,6700";"11,5573";"10,9313"
"34,6800";"11,5605";"10,9323"
"34,6900";"11,5637";"10,9339"
"34,7000";"11,5668";"10,9346"
"34,7100";"11,5700";"10,9362"
"34,7200";"11,5733";"10,9385"
"34,7300";"11,5769";"10,9401"
"34,7400";"11,5803";"10,9414"
"34,7500";"11,5838";"10,9429"
"34,7600";"11,5873";"10,9445"
"34,7700";"11,5908";"10,9467"
"34,7800";"11,5942";"10,9469"
"34,7900";"11,5977";"10,9468"
"34,8000";"11,6011";"10,9485"
"34,8100";"11,6045";"10,9498"
"34,8200";"11,6078";"10,9506"
"34,8300";"11,6110";"10,9514"
"34,8400";"11,6142";"10,9527"
"34,8500";"11,6174";"10,9522"
"34,8600";"11,6207";"10,9517"
"34,8700";"11,6240";"10,9529"
"34,8800";"11,6272";"10,9557"
"34,8900";"11,6304";"10,9582"
"34,9000";"11,6337";"10,9593"
"34,9100";"11,6369";"10,9599"
"34,9200";"11,6403";"10,9616"
"34,9300";"11,6437";"10,9625"
"34,9400";"11,6474";"10,9626"
"34,9500";"11,6508";"10,9620"
"34,9600";"11,6543";"10,9632"
"34,9700";"11,6577";"10,9648"
"34,9800";"11,6611";"10,9662"
"34,9900";"11,6645";"10,9676"
"35,0000";"11,6678";"10,9686"
"35,0100";"11,6711";"10,9709"
"35,0200";"11,6743";"10,9712"
"35,0300";"11,6775";"10,9725"
"35,0400";"11,6807";"10,9731"
"35,0500";"11,6838";"10,9732"
"35,0600";"11,6870";"10,9729"
"35,0700";"11,6903";"10,9734"
"35,0800";"11,6936";"10,9754"
"35,0900";"11,6969";"10,9776"
"35,1000";"11,7002";"10,9778"
"35,1100";"11,7036";"10,9777"
"35,1200";"11,7070";"10,9782"
"35,1300";"11,7105";"10,9785"
"35,1400";"11,7142";"10,9779"
"35,1500";"11,7176";"10,9784"
"35,1600";"11,7211";"10,9812"
"35,1700";"11,7244";"10,9839"
"35,1800";"11,7276";"10,9849"
"35,1900";"11,7309";"10,9854"
"35,2000";"11,7342";"10,9858"
"35,2100";"11,7376";"10,9868"
"35,2200";"11,7407";"10,9870"
"35,2300";"11,7439";"10,9886"
"35,2400";"11,7472";"10,9909"
"35,2500";"11,7504";"10,9924"
"35,2600";"11,7536";"10,9933"
"35,2700";"11,7569";"10,9939"
"35,2800";"11,7603";"10,9946"
"35,2900";"11,7636";"10,9936"
"35,3000";"11,7671";"10,9929"
"35,3100";"11,7705";"10,9954"
"35,3200";"11,7739";"10,9986"
"35,3300";"11,7775";"11,0006"
"35,3400";"11,7811";"10,9999"
"35,3500";"11,7845";"10,9999"
"35,3600";"11,7878";"11,0029"
"35,3700";"11,7910";"11,0068"
"35,3800";"11,7942";"11,0086"
"35,3900";"11,7973";"11,0082"
"35,4000";"11,8006";"11,0085"
"35,4100";"11,8039";"11,0105"
"35,4200";"11,8072";"11,0128"
"35,4300";"11,8105";"11,0130"
"35,4400";"11,8137";"11,0133"
"35,4500";"11,8169";"11,0152"
"35,4600";"11,8202";"11,0172"
"35,4700";"11,8235";"11,0185"
"35,4800";"11,8269";"11,0183"
"35,4900";"11,8303";"11,0178"
"35,5000";"11,8338";"11,0180"
"35,5100";"11,8373";"11,0199"
"35,5200";"11,8407";"11,0225"
"35,5300";"11,8442";"11,0252"
"35,5400";"11,8476";"11,0264"
"35,5500";"11,8510";"11,0260"
"35,5600";"11,8543";"11,0249"
"35,5700";"11,8576";"11,0252"
"35,5800";"11,8608";"11,0261"
"35,5900";"11,8641";"11,0275"
"35,6000";"11,8674";"11,0298"
"35,6100";"11,8707";"11,0324"
"35,6200";"11,8740";"11,0336"
"35,6300";"11,8773";"11,0324"
"35,6400";"11,8805";"11,0331"
"35,6500";"11,8837";"11,0343"
"35,6600";"11,8869";"11,0346"
"35,6700";"11,8902";"11,0345"
"35,6800";"11,8936";"11,0350"
"35,6900";"11,8970";"11,0371"
"35,7000";"11,9005";"11,0387"
"35,7100";"11,9040";"11,0388"
"35,7200";"11,9074";"11,0381"
"35,7300";"11,9107";"11,0388"
"35,7400";"11,9142";"11,0406"
"35,7500";"11,9175";"11,0430"
"35,7600";"11,9209";"11,0443"
"35,7700";"11,9242";"11,0449"
"35,7800";"11,9274";"11,0445"
"35,7900";"11,9306";"11,0444"
"35,8000";"11,9338";"11,0453"
"35,8100";"11,9371";"11,0484"
"35,8200";"11,9404";"11,0517"
"35,8300";"11,9437";"11,0533"
"35,8400";"11,9470";"11,0543"
"35,8500";"11,9503";"11,0553"
"35,8600";"11,9537";"11,0564"
"35,8700";"11,9571";"11,0562"
"35,8800";"11,9607";"11,0570"
"35,8900";"11,9642";"11,0600"
"35,9000";"11,9676";"11,0626"
"35,9100";"11,9711";"11,0626"
"35,9200";"11,9745";"11,0633"
"35,9300";"11,9779";"11,0643"
"35,9400";"11,9812";"11,0666"
"35,9500";"11,9845";"11,0680"
"35,9600";"11,9879";"11,0686"
"35,9700";"11,9911";"11,0697"
"35,9800";"11,9944";"11,0717"
"35,9900";"11,9976";"11,0721"
"36,0000";"12,0008";"11,0709"
"36,0100";"12,0040";"11,0695"
"36,0200";"12,0072";"11,0703"
"36,0300";"12,0105";"11,0709"
"36,0400";"12,0137";"11,0719"
"36,0500";"12,0170";"11,0732"
"36,0600";"12,0204";"11,0750"
"36,0700";"12,0238";"11,0767"
"36,0800";"12,0273";"11,0772"
"36,0900";"12,0308";"11,0775"
"36,1000";"12,0342";"11,0789"
"36,1100";"12,0375";"11,0791"
"36,1200";"12,0408";"11,0803"
"36,1300";"12,0441";"11,0825"
"36,1400";"12,0474";"11,0839"
"36,1500";"12,0508";"11,0841"
"36,1600";"12,0541";"11,0840"
"36,1700";"12,0572";"11,0840"
"36,1800";"12,0606";"11,0868"
"36,1900";"12,0639";"11,0878"
"36,2000";"12,0670";"11,0874"
"36,2100";"12,0702";"11,0880"
"36,2200";"12,0735";"11,0901"
"36,2300";"12,0768";"11,0919"
"36,2400";"12,0803";"11,0915"
"36,2500";"12,0837";"11,0922"
"36,2600";"12,0871";"11,0943"
"36,2700";"12,0907";"11,0976"
"36,2800";"12,0941";"11,0989"
"36,2900";"12,0976";"11,0993"
"36,3000";"12,1009";"11,0992"
"36,3100";"12,1044";"11,0992"
"36,3200";"12,1077";"11,1008"
"36,3300";"12,1110";"11,1036"
"36,3400";"12,1143";"11,1057"
"36,3500";"12,1177";"11,1050"
"36,3600";"12,1210";"11,1038"
"36,3700";"12,1243";"11,1044"
"36,3800";"12,1275";"11,1073"
"36,3900";"12,1307";"11,1094"
"36,4000";"12,1337";"11,1086"
"36,4100";"12,1371";"11,1073"
"36,4200";"12,1405";"11,1094"
"36,4300";"12,1438";"11,1125"
"36,4400";"12,1472";"11,1140"
"36,4500";"12,1506";"11,1138"
"36,4600";"12,1541";"11,1147"
"36,4700";"12,1575";"11,1161"
"36,4800";"12,1609";"11,1170"
"36,4900";"12,1643";"11,1174"
"36,5000";"12,1676";"11,1177"
"36,5100";"12,1709";"11,1190"
"36,5200";"12,1742";"11,1196"
"36,5300";"12,1774";"11,1204"
"36,5400";"12,1807";"11,1222"
"36,5500";"12,1840";"11,1240"
"36,5600";"12,1873";"11,1241"
"36,5700";"12,1905";"11,1231"
"36,5800";"12,1938";"11,1238"
"36,5900";"12,1970";"11,1241"
"36,6000";"12,2002";"11,1259"
"36,6100";"12,2036";"11,1268"
"36,6200";"12,2071";"11,1283"
"36,6300";"12,2105";"11,1302"
"36,6400";"12,2139";"11,1319"
"36,6500";"12,2173";"11,1326"
"36,6600";"12,2208";"11,1338"
"36,6700";"12,2242";"11,1355"
"36,6800";"12,2276";"11,1353"
"36,6900";"12,2310";"11,1366"
"36,7000";"12,2343";"11,1371"
"36,7100";"12,2376";"11,1383"
"36,7200";"12,2408";"11,1389"
"36,7300";"12,2440";"11,1383"
"36,7400";"12,2473";"11,1376"
"36,7500";"12,2506";"11,1376"
"36,7600";"12,2539";"11,1392"
"36,7700";"12,2572";"11,1411"
"36,7800";"12,2605";"11,1433"
"36,7900";"12,2638";"11,1451"
"36,8000";"12,2671";"11,1466"
"36,8100";"12,2705";"11,1466"
"36,8200";"12,2739";"11,1473"
"36,8300";"12,2773";"11,1487"
"36,8400";"12,2807";"11,1485"
"36,8500";"12,2842";"11,1476"
"36,8600";"12,2875";"11,1494"
"36,8700";"12,2908";"11,1543"
"36,8800";"12,2942";"11,1584"
"36,8900";"12,2976";"11,1587"
"36,9000";"12,3009";"11,1584"
"36,9100";"12,3042";"11,1575"
"36,9200";"12,3074";"11,1584"
"36,9300";"12,3107";"11,1595"
"36,9400";"12,3139";"11,1601"
"36,9500";"12,3171";"11,1607"
"36,9600";"12,3204";"11,1618"
"36,9700";"12,3238";"11,1622"
"36,9800";"12,3270";"11,1621"
"36,9900";"12,3303";"11,1643"
"37,0000";"12,3337";"11,1669"
"37,0100";"12,3370";"11,1679"
"37,0200";"12,3405";"11,1696"
"37,0300";"12,3440";"11,1729"
"37,0400";"12,3474";"11,1745"
"37,0500";"12,3509";"11,1742"
"37,0600";"12,3542";"11,1738"
"37,0700";"12,3575";"11,1741"
"37,0800";"12,3608";"11,1737"
"37,0900";"12,3642";"11,1732"
"37,1000";"12,3675";"11,1746"
"37,1100";"12,3707";"11,1769"
"37,1200";"12,3740";"11,1778"
"37,1300";"12,3772";"11,1775"
"37,1400";"12,3805";"11,1767"
"37,1500";"12,3837";"11,1775"
"37,1600";"12,3870";"11,1780"
"37,1700";"12,3904";"11,1781"
"37,1800";"12,3937";"11,1786"
"37,1900";"12,3970";"11,1812"
"37,2000";"12,4004";"11,1827"
"37,2100";"12,4039";"11,1839"
"37,2200";"12,4073";"11,1853"
"37,2300";"12,4107";"11,1868"
"37,2400";"12,4142";"11,1889"
"37,2500";"12,4177";"11,1904"
"37,2600";"12,4210";"11,1927"
"37,2700";"12,4243";"11,1943"
"37,2800";"12,4276";"11,1956"
"37,2900";"12,4309";"11,1956"
"37,3000";"12,4342";"11,1944"
"37,3100";"12,4375";"11,1955"
"37,3200";"12,4407";"11,1974"
"37,3300";"12,4439";"11,1990"
"37,3400";"12,4471";"11,1992"
"37,3500";"12,4503";"11,1994"
"37,3600";"12,4537";"11,2005"
"37,3700";"12,4571";"11,2018"
"37,3800";"12,4605";"11,2038"
"37,3900";"12,4639";"11,2064"
"37,4000";"12,4674";"11,2074"
"37,4100";"12,4708";"11,2064"
"37,4200";"12,4742";"11,2060"
"37,4300";"12,4775";"11,2089"
"37,4400";"12,4808";"11,2109"
"37,4500";"12,4841";"11,2110"
"37,4600";"12,4873";"11,2119"
"37,4700";"12,4905";"11,2141"
"37,4800";"12,4938";"11,2165"
"37,4900";"12,4971";"11,2160"
"37,5000";"12,5004";"11,2131"
"37,5100";"12,5036";"11,2122"
"37,5200";"12,5069";"11,2143"
"37,5300";"12,5102";"11,2186"
"37,5400";"12,5135";"11,2201"
"37,5500";"12,5170";"11,2190"
"37,5600";"12,5206";"11,2191"
"37,5700";"12,5242";"11,2195"
"37,5800";"12,5277";"11,2211"
"37,5900";"12,5311";"11,2228"
"37,6000";"12,5345";"11,2243"
"37,6100";"12,5379";"11,2249"
"37,6200";"12,5412";"11,2260"
"37,6300";"12,5446";"11,2269"
"37,6400";"12,5479";"11,2289"
"37,6500";"12,5512";"11,2296"
"37,6600";"12,5544";"11,2297"
"37,6700";"12,5576";"11,2312"
"37,6800";"12,5609";"11,2335"
"37,6900";"12,5641";"11,2345"
"37,7000";"12,5674";"11,2337"
"37,7100";"12,5706";"11,2338"
"37,7200";"12,5739";"11,2346"
"37,7300";"12,5772";"11,2365"
"37,7400";"12,5805";"11,2365"
"37,7500";"12,5838";"11,2361"
"37,7600";"12,5872";"11,2384"
"37,7700";"12,5906";"11,2416"
"37,7800";"12,5942";"11,2436"
"37,7900";"12,5975";"11,2421"
"37,8000";"12,6008";"11,2393"
"37,8100";"12,6041";"11,2379"
"37,8200";"12,6075";"11,2387"
"37,8300";"12,6108";"11,2414"
"37,8400";"12,6141";"11,2454"
"37,8500";"12,6173";"11,2465"
"37,8600";"12,6206";"11,2483"
"37,8700";"12,6237";"11,2489"
"37,8800";"12,6269";"11,2502"
"37,8900";"12,6301";"11,2514"
"37,9000";"12,6334";"11,2504"
"37,9100";"12,6368";"11,2490"
"37,9200";"12,6401";"11,2497"
"37,9300";"12,6435";"11,2517"
"37,9400";"12,6469";"11,2526"
"37,9500";"12,6504";"11,2524"
"37,9600";"12,6539";"11,2534"
"37,9700";"12,6573";"11,2557"
"37,9800";"12,6609";"11,2573"
"37,9900";"12,6642";"11,2565"
"38,0000";"12,6674";"11,2572"
"38,0100";"12,6705";"11,2595"
"38,0200";"12,6737";"11,2612"
"38,0300";"12,6770";"11,2626"
"38,0400";"12,6803";"11,2629"
"38,0500";"12,6838";"11,2641"
"38,0600";"12,6871";"11,2652"
"38,0700";"12,6904";"11,2655"
"38,0800";"12,6937";"11,2661"
"38,0900";"12,6971";"11,2659"
"38,1000";"12,7005";"11,2661"
"38,1100";"12,7041";"11,2669"
"38,1200";"12,7077";"11,2698"
"38,1300";"12,7113";"11,2718"
"38,1400";"12,7147";"11,2719"
"38,1500";"12,7181";"11,2707"
"38,1600";"12,7215";"11,2725"
"38,1700";"12,7250";"11,2754"
"38,1800";"12,7283";"11,2765"
"38,1900";"12,7315";"11,2765"
"38,2000";"12,7346";"11,2770"
"38,2100";"12,7377";"11,2795"
"38,2200";"12,7408";"11,2819"
"38,2300";"12,7441";"11,2825"
"38,2400";"12,7473";"11,2815"
"38,2500";"12,7506";"11,2812"
"38,2600";"12,7538";"11,2811"
"38,2700";"12,7571";"11,2812"
"38,2800";"12,7603";"11,2832"
"38,2900";"12,7636";"11,2854"
"38,3000";"12,7669";"11,2862"
"38,3100";"12,7704";"11,2869"
"38,3200";"12,7740";"11,2868"
"38,3300";"12,7775";"11,2867"
"38,3400";"12,7808";"11,2873"
"38,3500";"12,7842";"11,2877"
"38,3600";"12,7875";"11,2874"
"38,3700";"12,7908";"11,2882"
"38,3800";"12,7943";"11,2905"
"38,3900";"12,7976";"11,2930"
"38,4000";"12,8009";"11,2963"
"38,4100";"12,8041";"11,2986"
"38,4200";"12,8073";"11,2996"
"38,4300";"12,8106";"11,2992"
"38,4400";"12,8139";"11,2973"
"38,4500";"12,8173";"11,2968"
"38,4600";"12,8206";"11,2974"
"38,4700";"12,8239";"11,2984"
"38,4800";"12,8271";"11,2993"
"38,4900";"12,8304";"11,3005"
"38,5000";"12,8338";"11,3007"
"38,5100";"12,8374";"11,3002"
"38,5200";"12,8408";"11,2994"
"38,5300";"12,8441";"11,3004"
"38,5400";"12,8474";"11,3028"
"38,5500";"12,8507";"11,3044"
"38,5600";"12,8540";"11,3046"
"38,5700";"12,8573";"11,3068"
"38,5800";"12,8607";"11,3092"
"38,5900";"12,8640";"11,3104"
"38,6000";"12,8675";"11,3092"
"38,6100";"12,8706";"11,3077"
"38,6200";"12,8741";"11,3087"
"38,6300";"12,8773";"11,3113"
"38,6400";"12,8806";"11,3141"
"38,6500";"12,8839";"11,3158"
"38,6600";"12,8873";"11,3169"
"38,6700";"12,8906";"11,3168"
"38,6800";"12,8939";"11,3164"
"38,6900";"12,8972";"11,3185"
"38,7000";"12,9008";"11,3209"
"38,7100";"12,9042";"11,3221"
"38,7200";"12,9076";"11,3223"
"38,7300";"12,9110";"11,3227"
"38,7400";"12,9143";"11,3228"
"38,7500";"12,9178";"11,3235"
"38,7600";"12,9211";"11,3248"
"38,7700";"12,9244";"11,3248"
"38,7800";"12,9277";"11,3249"
"38,7900";"12,9309";"11,3258"
"38,8000";"12,9342";"11,3265"
"38,8100";"12,9374";"11,3284"
"38,8200";"12,9405";"11,3301"
"38,8300";"12,9437";"11,3301"
"38,8400";"12,9469";"11,3299"
"38,8500";"12,9502";"11,3303"
"38,8600";"12,9535";"11,3317"
"38,8700";"12,9570";"11,3329"
"38,8800";"12,9604";"11,3338"
"38,8900";"12,9638";"11,3339"
"38,9000";"12,9672";"11,3343"
"38,9100";"12,9706";"11,3357"
"38,9200";"12,9741";"11,3362"
"38,9300";"12,9775";"11,3361"
"38,9400";"12,9808";"11,3367"
"38,9500";"12,9841";"11,3374"
"38,9600";"12,9874";"11,3378"
"38,9700";"12,9907";"11,3392"
"38,9800";"12,9941";"11,3417"
"38,9900";"12,9974";"11,3441"
"39,0000";"13,0007";"11,3457"
"39,0100";"13,0039";"11,3453"
"39,0200";"13,0071";"11,3444"
"39,0300";"13,0104";"11,3448"
"39,0400";"13,0136";"11,3461"
"39,0500";"13,0169";"11,3485"
"39,0600";"13,0202";"11,3509"
"39,0700";"13,0237";"11,3499"
"39,0800";"13,0270";"11,3485"
"39,0900";"13,0303";"11,3473"
"39,1000";"13,0337";"11,3480"
"39,1100";"13,0370";"11,3494"
"39,1200";"13,0404";"11,3514"
"39,1300";"13,0438";"11,3530"
"39,1400";"13,0471";"11,3536"
"39,1500";"13,0505";"11,3546"
"39,1600";"13,0538";"11,3556"
"39,1700";"13,0572";"11,3559"
"39,1800";"13,0606";"11,3579"
"39,1900";"13,0640";"11,3601"
"39,2000";"13,0673";"11,3603"
"39,2100";"13,0706";"11,3597"
"39,2200";"13,0738";"11,3614"
"39,2300";"13,0771";"11,3639"
"39,2400";"13,0804";"11,3657"
"39,2500";"13,0837";"11,3637"
"39,2600";"13,0872";"11,3637"
"39,2700";"13,0905";"11,3661"
"39,2800";"13,0938";"11,3691"
"39,2900";"13,0972";"11,3705"
"39,3000";"13,1005";"11,3700"
"39,3100";"13,1039";"11,3687"
"39,3200";"13,1074";"11,3670"
"39,3300";"13,1108";"11,3670"
"39,3400";"13,1142";"11,3683"
"39,3500";"13,1175";"11,3695"
"39,3600";"13,1209";"11,3717"
"39,3700";"13,1244";"11,3742"
"39,3800";"13,1278";"11,3767"
"39,3900";"13,1311";"11,3793"
"39,4000";"13,1344";"11,3796"
"39,4100";"13,1376";"11,3788"
"39,4200";"13,1408";"11,3786"
"39,4300";"13,1440";"11,3798"
"39,4400";"13,1473";"11,3804"
"39,4500";"13,1507";"11,3802"
"39,4600";"13,1541";"11,3811"
"39,4700";"13,1574";"11,3834"
"39,4800";"13,1608";"11,3857"
"39,4900";"13,1640";"11,3853"
"39,5000";"13,1673";"11,3852"
"39,5100";"13,1705";"11,3872"
"39,5200";"13,1738";"11,3890"
"39,5300";"13,1772";"11,3876"
"39,5400";"13,1805";"11,3853"
"39,5500";"13,1839";"11,3853"
"39,5600";"13,1872";"11,3868"
"39,5700";"13,1903";"11,3891"
"39,5800";"13,1937";"11,3905"
"39,5900";"13,1970";"11,3924"
"39,6000";"13,2003";"11,3942"
"39,6100";"13,2036";"11,3947"
"39,6200";"13,2069";"11,3939"
"39,6300";"13,2102";"11,3943"
"39,6400";"13,2136";"11,3945"
"39,6500";"13,2170";"11,3950"
"39,6600";"13,2206";"11,3969"
"39,6700";"13,2241";"11,3981"
"39,6800";"13,2274";"11,3997"
"39,6900";"13,2307";"11,4001"
"39,7000";"13,2340";"11,4013"
"39,7100";"13,2373";"11,4028"
"39,7200";"13,2408";"11,4049"
"39,7300";"13,2442";"11,4062"
"39,7400";"13,2476";"11,4068"
"39,7500";"13,2510";"11,4084"
"39,7600";"13,2542";"11,4097"
"39,7700";"13,2574";"11,4090"
"39,7800";"13,2607";"11,4071"
"39,7900";"13,2640";"11,4066"
"39,8000";"13,2673";"11,4079"
"39,8100";"13,2707";"11,4098"
"39,8200";"13,2740";"11,4105"
"39,8300";"13,2775";"11,4122"
"39,8400";"13,2809";"11,4146"
"39,8500";"13,2843";"11,4148"
"39,8600";"13,2877";"11,4149"
"39,8700";"13,2912";"11,4163"
"39,8800";"13,2945";"11,4198"
"39,8900";"13,2979";"11,4227"
"39,9000";"13,3012";"11,4232"
"39,9100";"13,3044";"11,4239"
"39,9200";"13,3077";"11,4247"
"39,9300";"13,3110";"11,4253"
"39,9400";"13,3142";"11,4259"
"39,9500";"13,3175";"11,4266"
"39,9600";"13,3207";"11,4272"
"39,9700";"13,3239";"11,4266"
"39,9800";"13,3272";"11,4268"
"39,9900";"13,3305";"11,4284"
"40,0000";"13,3339";"11,4313"
"40,0100";"13,3373";"11,4330"
"40,0200";"13,3407";"11,4318"
"40,0300";"13,3441";"11,4300"
"40,0400";"13,3475";"11,4308"
"40,0500";"13,3509";"11,4326"
"40,0600";"13,3542";"11,4337"
"40,0700";"13,3576";"11,4347"
"40,0800";"13,3609";"11,4363"
"40,0900";"13,3642";"11,4381"
"40,1000";"13,3674";"11,4389"
"40,1100";"13,3707";"11,4385"
"40,1200";"13,3740";"11,4391"
"40,1300";"13,3773";"11,4391"
"40,1400";"13,3808";"11,4384"
"40,1500";"13,3840";"11,4375"
"40,1600";"13,3871";"11,4384"
"40,1700";"13,3904";"11,4403"
"40,1800";"13,3938";"11,4428"
"40,1900";"13,3972";"11,4444"
"40,2000";"13,4007";"11,4460"
"40,2100";"13,4043";"11,4482"
"40,2200";"13,4078";"11,4493"
"40,2300";"13,4111";"11,4497"
"40,2400";"13,4144";"11,4502"
"40,2500";"13,4177";"11,4509"
"40,2600";"13,4210";"11,4518"
"40,2700";"13,4243";"11,4528"
"40,2800";"13,4275";"11,4532"
"40,2900";"13,4308";"11,4547"
"40,3000";"13,4340";"11,4550"
"40,3100";"13,4373";"11,4552"
"40,3200";"13,4405";"11,4580"
"40,3300";"13,4437";"11,4599"
"40,3400";"13,4469";"11,4611"
"40,3500";"13,4502";"11,4615"
"40,3600";"13,4535";"11,4621"
"40,3700";"13,4568";"11,4613"
"40,3800";"13,4602";"11,4600"
"40,3900";"13,4636";"11,4603"
"40,4000";"13,4671";"11,4622"
"40,4100";"13,4706";"11,4662"
"40,4200";"13,4740";"11,4683"
"40,4300";"13,4773";"11,4671"
"40,4400";"13,4808";"11,4673"
"40,4500";"13,4841";"11,4689"
"40,4600";"13,4874";"11,4706"
"40,4700";"13,4908";"11,4713"
"40,4800";"13,4940";"11,4716"
"40,4900";"13,4973";"11,4707"
"40,5000";"13,5004";"11,4708"
"40,5100";"13,5035";"11,4720"
"40,5200";"13,5069";"11,4729"
"40,5300";"13,5102";"11,4740"
"40,5400";"13,5136";"11,4741"
"40,5500";"13,5170";"11,4747"
"40,5600";"13,5205";"11,4762"
"40,5700";"13,5241";"11,4788"
"40,5800";"13,5275";"11,4808"
"40,5900";"13,5311";"11,4809"
"40,6000";"13,5344";"11,4807"
"40,6100";"13,5378";"11,4818"
"40,6200";"13,5411";"11,4828"
"40,6300";"13,5444";"11,4840"
"40,6400";"13,5476";"11,4846"
"40,6500";"13,5509";"11,4864"
"40,6600";"13,5542";"11,4870"
"40,6700";"13,5574";"11,4869"
"40,6800";"13,5607";"11,4878"
"40,6900";"13,5639";"11,4891"
"40,7000";"13,5672";"11,4897"
"40,7100";"13,5705";"11,4915"
"40,7200";"13,5738";"11,4922"
"40,7300";"13,5771";"11,4920"
"40,7400";"13,5805";"11,4924"
"40,7500";"13,5838";"11,4922"
"40,7600";"13,5872";"11,4926"
"40,7700";"13,5907";"11,4945"
"40,7800";"13,5941";"11,4960"
"40,7900";"13,5976";"11,4966"
"40,8000";"13,6011";"11,4962"
"40,8100";"13,6045";"11,4966"
"40,8200";"13,6078";"11,4988"
"40,8300";"13,6111";"11,5000"
"40,8400";"13,6143";"11,5006"
"40,8500";"13,6175";"11,5026"
"40,8600";"13,6208";"11,5043"
"40,8700";"13,6241";"11,5041"
"40,8800";"13,6274";"11,5029"
"40,8900";"13,6307";"11,5015"
"40,9000";"13,6339";"11,5024"
"40,9100";"13,6371";"11,5038"
"40,9200";"13,6404";"11,5054"
"40,9300";"13,6437";"11,5080"
"40,9400";"13,6471";"11,5089"
"40,9500";"13,6506";"11,5089"
"40,9600";"13,6541";"11,5090"
"40,9700";"13,6575";"11,5115"
"40,9800";"13,6609";"11,5145"
"40,9900";"13,6643";"11,5148"
"41,0000";"13,6676";"11,5143"
"41,0100";"13,6711";"11,5157"
"41,0200";"13,6744";"11,5170"
"41,0300";"13,6777";"11,5178"
"41,0400";"13,6809";"11,5174"
"41,0500";"13,6841";"11,5176"
"41,0600";"13,6872";"11,5190"
"41,0700";"13,6904";"11,5200"
"41,0800";"13,6937";"11,5209"
"41,0900";"13,6970";"11,5227"
"41,1000";"13,7002";"11,5242"
"41,1100";"13,7035";"11,5247"
"41,1200";"13,7068";"11,5242"
"41,1300";"13,7103";"11,5235"
"41,1400";"13,7138";"11,5238"
"41,1500";"13,7173";"11,5247"
"41,1600";"13,7209";"11,5256"
"41,1700";"13,7243";"11,5266"
"41,1800";"13,7276";"11,5294"
"41,1900";"13,7309";"11,5327"
"41,2000";"13,7341";"11,5338"
"41,2100";"13,7375";"11,5347"
"41,2200";"13,7408";"11,5363"
"41,2300";"13,7441";"11,5366"
"41,2400";"13,7473";"11,5355"
"41,2500";"13,7506";"11,5359"
"41,2600";"13,7539";"11,5373"
"41,2700";"13,7572";"11,5393"
"41,2800";"13,7606";"11,5395"
"41,2900";"13,7639";"11,5394"
"41,3000";"13,7672";"11,5414"
"41,3100";"13,7706";"11,5439"
"41,3200";"13,7739";"11,5443"
"41,3300";"13,7774";"11,5442"
"41,3400";"13,7807";"11,5454"
"41,3500";"13,7843";"11,5472"
"41,3600";"13,7876";"11,5478"
"41,3700";"13,7909";"11,5484"
"41,3800";"13,7942";"11,5480"
"41,3900";"13,7974";"11,5474"
"41,4000";"13,8007";"11,5477"
"41,4100";"13,8040";"11,5478"
"41,4200";"13,8074";"11,5508"
"41,4300";"13,8107";"11,5543"
"41,4400";"13,8139";"11,5556"
"41,4500";"13,8172";"11,5550"
"41,4600";"13,8204";"11,5554"
"41,4700";"13,8237";"11,5549"
"41,4800";"13,8271";"11,5532"
"41,4900";"13,8306";"11,5531"
"41,5000";"13,8340";"11,5549"
"41,5100";"13,8374";"11,5566"
"41,5200";"13,8408";"11,5585"
"41,5300";"13,8443";"11,5600"
"41,5400";"13,8477";"11,5626"
"41,5500";"13,8511";"11,5643"
"41,5600";"13,8544";"11,5655"
"41,5700";"13,8576";"11,5659"
"41,5800";"13,8609";"11,5672"
"41,5900";"13,8641";"11,5698"
"41,6000";"13,8674";"11,5714"
"41,6100";"13,8707";"11,5711"
"41,6200";"13,8740";"11,5714"
"41,6300";"13,8773";"11,5710"
"41,6400";"13,8805";"11,5696"
"41,6500";"13,8838";"11,5693"
"41,6600";"13,8871";"11,5692"
"41,6700";"13,8904";"11,5706"
"41,6800";"13,8938";"11,5724"
"41,6900";"13,8973";"11,5743"
"41,7000";"13,9006";"11,5767"
"41,7100";"13,9040";"11,5791"
"41,7200";"13,9074";"11,5794"
"41,7300";"13,9107";"11,5789"
"41,7400";"13,9141";"11,5796"
"41,7500";"13,9176";"11,5815"
"41,7600";"13,9208";"11,5829"
"41,7700";"13,9242";"11,5829"
"41,7800";"13,9275";"11,5838"
"41,7900";"13,9308";"11,5855"
"41,8000";"13,9340";"11,5871"
"41,8100";"13,9373";"11,5875"
"41,8200";"13,9406";"11,5875"
"41,8300";"13,9438";"11,5879"
"41,8400";"13,9471";"11,5888"
"41,8500";"13,9504";"11,5888"
"41,8600";"13,9537";"11,5888"
"41,8700";"13,9571";"11,5899"
"41,8800";"13,9607";"11,5917"
"41,8900";"13,9641";"11,5933"
"41,9000";"13,9675";"11,5944"
"41,9100";"13,9709";"11,5952"
"41,9200";"13,9742";"11,5948"
"41,9300";"13,9775";"11,5940"
"41,9400";"13,9808";"11,5945"
"41,9500";"13,9843";"11,5957"
"41,9600";"13,9877";"11,5970"
"41,9700";"13,9909";"11,5992"
"41,9800";"13,9941";"11,6026"
"41,9900";"13,9974";"11,6047"
"42,0000";"14,0006";"11,6038"
"42,0100";"14,0039";"11,6018"
"42,0200";"14,0072";"11,6002"
"42,0300";"14,0104";"11,6015"
"42,0400";"14,0137";"11,6040"
"42,0500";"14,0170";"11,6054"
"42,0600";"14,0203";"11,6062"
"42,0700";"14,0237";"11,6078"
"42,0800";"14,0271";"11,6098"
"42,0900";"14,0307";"11,6106"
"42,1000";"14,0341";"11,6088"
"42,1100";"14,0374";"11,6082"
"42,1200";"14,0407";"11,6095"
"42,1300";"14,0440";"11,6112"
"42,1400";"14,0473";"11,6114"
"42,1500";"14,0506";"11,6108"
"42,1600";"14,0539";"11,6110"
"42,1700";"14,0572";"11,6109"
"42,1800";"14,0604";"11,6118"
"42,1900";"14,0637";"11,6127"
"42,2000";"14,0670";"11,6134"
"42,2100";"14,0703";"11,6127"
"42,2200";"14,0736";"11,6132"
"42,2300";"14,0769";"11,6153"
"42,2400";"14,0802";"11,6181"
"42,2500";"14,0836";"11,6200"
"42,2600";"14,0870";"11,6194"
"42,2700";"14,0905";"11,6212"
"42,2800";"14,0939";"11,6246"
"42,2900";"14,0975";"11,6261"
"42,3000";"14,1008";"11,6249"
"42,3100";"14,1042";"11,6247"
"42,3200";"14,1075";"11,6245"
"42,3300";"14,1108";"11,6254"
"42,3400";"14,1141";"11,6258"
"42,3500";"14,1174";"11,6268"
"42,3600";"14,1209";"11,6289"
"42,3700";"14,1243";"11,6300"
"42,3800";"14,1276";"11,6307"
"42,3900";"14,1308";"11,6302"
"42,4000";"14,1340";"11,6309"
"42,4100";"14,1373";"11,6324"
"42,4200";"14,1406";"11,6343"
"42,4300";"14,1440";"11,6348"
"42,4400";"14,1473";"11,6344"
"42,4500";"14,1507";"11,6354"
"42,4600";"14,1540";"11,6370"
"42,4700";"14,1573";"11,6379"
"42,4800";"14,1606";"11,6394"
"42,4900";"14,1641";"11,6400"
"42,5000";"14,1674";"11,6399"
"42,5100";"14,1707";"11,6409"
"42,5200";"14,1739";"11,6422"
"42,5300";"14,1772";"11,6436"
"42,5400";"14,1805";"11,6435"
"42,5500";"14,1838";"11,6433"
"42,5600";"14,1871";"11,6438"
"42,5700";"14,1905";"11,6453"
"42,5800";"14,1937";"11,6460"
"42,5900";"14,1970";"11,6477"
"42,6000";"14,2003";"11,6507"
"42,6100";"14,2036";"11,6527"
"42,6200";"14,2072";"11,6529"
"42,6300";"14,2108";"11,6517"
"42,6400";"14,2142";"11,6515"
"42,6500";"14,2177";"11,6522"
"42,6600";"14,2211";"11,6530"
"42,6700";"14,2243";"11,6523"
"42,6800";"14,2277";"11,6534"
"42,6900";"14,2310";"11,6562"
"42,7000";"14,2343";"11,6594"
"42,7100";"14,2376";"11,6611"
"42,7200";"14,2409";"11,6609"
"42,7300";"14,2441";"11,6598"
"42,7400";"14,2474";"11,6599"
"42,7500";"14,2507";"11,6611"
"42,7600";"14,2540";"11,6617"
"42,7700";"14,2572";"11,6637"
"42,7800";"14,2605";"11,6648"
"42,7900";"14,2637";"11,6645"
"42,8000";"14,2670";"11,6641"
"42,8100";"14,2703";"11,6638"
"42,8200";"14,2737";"11,6626"
"42,8300";"14,2773";"11,6625"
"42,8400";"14,2807";"11,6649"
"42,8500";"14,2841";"11,6684"
"42,8600";"14,2874";"11,6714"
"42,8700";"14,2907";"11,6733"
"42,8800";"14,2942";"11,6743"
"42,8900";"14,2976";"11,6761"
"42,9000";"14,3010";"11,6758"
"42,9100";"14,3044";"11,6746"
"42,9200";"14,3077";"11,6748"
"42,9300";"14,3109";"11,6772"
"42,9400";"14,3141";"11,6799"
"42,9500";"14,3173";"11,6802"
"42,9600";"14,3206";"11,6800"
"42,9700";"14,3239";"11,6810"
"42,9800";"14,3272";"11,6814"
"42,9900";"14,3305";"11,6804"
"43,0000";"14,3337";"11,6805"
"43,0100";"14,3371";"11,6815"
"43,0200";"14,3406";"11,6839"
"43,0300";"14,3440";"11,6870"
"43,0400";"14,3475";"11,6901"
"43,0500";"14,3510";"11,6914"
"43,0600";"14,3543";"11,6909"
"43,0700";"14,3576";"11,6880"
"43,0800";"14,3609";"11,6865"
"43,0900";"14,3642";"11,6880"
"43,1000";"14,3676";"11,6908"
"43,1100";"14,3709";"11,6920"
"43,1200";"14,3741";"11,6922"
"43,1300";"14,3773";"11,6944"
"43,1400";"14,3806";"11,6971"
"43,1500";"14,3838";"11,6981"
"43,1600";"14,3871";"11,6984"
"43,1700";"14,3904";"11,7003"
"43,1800";"14,3937";"11,7030"
"43,1900";"14,3972";"11,7033"
"43,2000";"14,4005";"11,7012"
"43,2100";"14,4040";"11,7005"
"43,2200";"14,4075";"11,7010"
"43,2300";"14,4108";"11,7016"
"43,2400";"14,4142";"11,7021"
"43,2500";"14,4177";"11,7042"
"43,2600";"14,4210";"11,7071"
"43,2700";"14,4243";"11,7091"
"43,2800";"14,4276";"11,7087"
"43,2900";"14,4309";"11,7086"
"43,3000";"14,4342";"11,7082"
"43,3100";"14,4375";"11,7083"
"43,3200";"14,4407";"11,7093"
"43,3300";"14,4439";"11,7100"
"43,3400";"14,4470";"11,7116"
"43,3500";"14,4502";"11,7125"
"43,3600";"14,4535";"11,7122"
"43,3700";"14,4570";"11,7118"
"43,3800";"14,4604";"11,7124"
"43,3900";"14,4638";"11,7138"
"43,4000";"14,4674";"11,7145"
"43,4100";"14,4709";"11,7141"
"43,4200";"14,4743";"11,7158"
"43,4300";"14,4777";"11,7183"
"43,4400";"14,4812";"11,7214"
"43,4500";"14,4846";"11,7241"
"43,4600";"14,4879";"11,7238"
"43,4700";"14,4912";"11,7234"
"43,4800";"14,4943";"11,7229"
"43,4900";"14,4976";"11,7223"
"43,5000";"14,5008";"11,7227"
"43,5100";"14,5041";"11,7229"
"43,5200";"14,5073";"11,7227"
"43,5300";"14,5104";"11,7236"
"43,5400";"14,5136";"11,7246"
"43,5500";"14,5169";"11,7252"
"43,5600";"14,5204";"11,7252"
"43,5700";"14,5238";"11,7259"
"43,5800";"14,5273";"11,7281"
"43,5900";"14,5309";"11,7299"
"43,6000";"14,5342";"11,7308"
"43,6100";"14,5375";"11,7316"
"43,6200";"14,5409";"11,7340"
"43,6300";"14,5444";"11,7366"
"43,6400";"14,5477";"11,7368"
"43,6500";"14,5511";"11,7361"
"43,6600";"14,5542";"11,7377"
"43,6700";"14,5574";"11,7390"
"43,6800";"14,5606";"11,7391"
"43,6900";"14,5638";"11,7386"
"43,7000";"14,5670";"11,7391"
"43,7100";"14,5703";"11,7390"
"43,7200";"14,5736";"11,7385"
"43,7300";"14,5769";"11,7393"
"43,7400";"14,5803";"11,7411"
"43,7500";"14,5838";"11,7432"
"43,7600";"14,5872";"11,7446"
"43,7700";"14,5907";"11,7459"
"43,7800";"14,5943";"11,7467"
"43,7900";"14,5977";"11,7479"
"43,8000";"14,6010";"11,7483"
"43,8100";"14,6043";"11,7489"
"43,8200";"14,6076";"11,7511"
"43,8300";"14,6109";"11,7537"
"43,8400";"14,6143";"11,7547"
"43,8500";"14,6175";"11,7551"
"43,8600";"14,6208";"11,7544"
"43,8700";"14,6239";"11,7548"
"43,8800";"14,6271";"11,7560"
"43,8900";"14,6302";"11,7557"
"43,9000";"14,6335";"11,7560"
"43,9100";"14,6369";"11,7566"
"43,9200";"14,6402";"11,7570"
"43,9300";"14,6436";"11,7571"
"43,9400";"14,6470";"11,7570"
"43,9500";"14,6506";"11,7583"
"43,9600";"14,6540";"11,7587"
"43,9700";"14,6575";"11,7596"
"43,9800";"14,6611";"11,7622"
"43,9900";"14,6645";"11,7643"
"44,0000";"14,6679";"11,7649"
"44,0100";"14,6712";"11,7628"
"44,0200";"14,6744";"11,7630"
"44,0300";"14,6776";"11,7660"
"44,0400";"14,6808";"11,7680"
"44,0500";"14,6841";"11,7698"
"44,0600";"14,6874";"11,7701"
"44,0700";"14,6906";"11,7694"
"44,0800";"14,6938";"11,7678"
"44,0900";"14,6969";"11,7662"
"44,1000";"14,7003";"11,7673"
"44,1100";"14,7036";"11,7704"
"44,1200";"14,7071";"11,7731"
"44,1300";"14,7105";"11,7736"
"44,1400";"14,7140";"11,7748"
"44,1500";"14,7174";"11,7777"
"44,1600";"14,7208";"11,7798"
"44,1700";"14,7242";"11,7790"
"44,1800";"14,7277";"11,7771"
"44,1900";"14,7311";"11,7775"
"44,2000";"14,7344";"11,7802"
"44,2100";"14,7377";"11,7824"
"44,2200";"14,7409";"11,7850"
"44,2300";"14,7440";"11,7857"
"44,2400";"14,7473";"11,7859"
"44,2500";"14,7506";"11,7848"
"44,2600";"14,7539";"11,7834"
"44,2700";"14,7571";"11,7842"
"44,2800";"14,7602";"11,7843"
"44,2900";"14,7634";"11,7838"
"44,3000";"14,7669";"11,7848"
"44,3100";"14,7703";"11,7877"
"44,3200";"14,7738";"11,7913"
"44,3300";"14,7774";"11,7926"
"44,3400";"14,7809";"11,7921"
"44,3500";"14,7842";"11,7925"
"44,3600";"14,7876";"11,7924"
"44,3700";"14,7909";"11,7930"
"44,3800";"14,7944";"11,7938"
"44,3900";"14,7976";"11,7965"
"44,4000";"14,8009";"11,7981"
"44,4100";"14,8040";"11,7969"
"44,4200";"14,8072";"11,7962"
"44,4300";"14,8104";"11,7975"
"44,4400";"14,8137";"11,8006"
"44,4500";"14,8170";"11,8018"
"44,4600";"14,8205";"11,8023"
"44,4700";"14,8238";"11,8030"
"44,4800";"14,8271";"11,8035"
"44,4900";"14,8305";"11,8035"
"44,5000";"14,8339";"11,8024"
"44,5100";"14,8373";"11,8020"
"44,5200";"14,8409";"11,8017"
"44,5300";"14,8444";"11,8033"
"44,5400";"14,8477";"11,8071"
"44,5500";"14,8512";"11,8112"
"44,5600";"14,8545";"11,8136"
"44,5700";"14,8576";"11,8140"
"44,5800";"14,8609";"11,8133"
"44,5900";"14,8641";"11,8128"
"44,6000";"14,8673";"11,8135"
"44,6100";"14,8706";"11,8152"
"44,6200";"14,8738";"11,8154"
"44,6300";"14,8770";"11,8153"
"44,6400";"14,8803";"11,8170"
"44,6500";"14,8836";"11,8184"
"44,6600";"14,8869";"11,8185"
"44,6700";"14,8903";"11,8178"
"44,6800";"14,8938";"11,8183"
"44,6900";"14,8972";"11,8184"
"44,7000";"14,9006";"11,8174"
"44,7100";"14,9040";"11,8178"
"44,7200";"14,9076";"11,8201"
"44,7300";"14,9109";"11,8223"
"44,7400";"14,9142";"11,8233"
"44,7500";"14,9175";"11,8231"
"44,7600";"14,9208";"11,8233"
"44,7700";"14,9241";"11,8230"
"44,7800";"14,9274";"11,8240"
"44,7900";"14,9308";"11,8261"
"44,8000";"14,9340";"11,8283"
"44,8100";"14,9373";"11,8294"
"44,8200";"14,9405";"11,8288"
"44,8300";"14,9437";"11,8290"
"44,8400";"14,9470";"11,8298"
"44,8500";"14,9503";"11,8310"
"44,8600";"14,9537";"11,8310"
"44,8700";"14,9570";"11,8323"
"44,8800";"14,9605";"11,8352"
"44,8900";"14,9639";"11,8374"
"44,9000";"14,9674";"11,8361"
"44,9100";"14,9709";"11,8346"
"44,9200";"14,9743";"11,8348"
"44,9300";"14,9777";"11,8370"
"44,9400";"14,9810";"11,8377"
"44,9500";"14,9843";"11,8375"
"44,9600";"14,9875";"11,8383"
"44,9700";"14,9908";"11,8396"
"44,9800";"14,9941";"11,8402"
"44,9900";"14,9974";"11,8413"
"45,0000";"15,0006";"11,8421"
"45,0100";"15,0038";"11,8428"
"45,0200";"15,0071";"11,8423"
"45,0300";"15,0103";"11,8432"
"45,0400";"15,0137";"11,8456"
"45,0500";"15,0171";"11,8461"
"45,0600";"15,0206";"11,8459"
"45,0700";"15,0240";"11,8463"
"45,0800";"15,0273";"11,8472"
"45,0900";"15,0307";"11,8495"
"45,1000";"15,0340";"11,8507"
"45,1100";"15,0373";"11,8498"
"45,1200";"15,0407";"11,8498"
"45,1300";"15,0443";"11,8521"
"45,1400";"15,0476";"11,8542"
"45,1500";"15,0509";"11,8563"
"45,1600";"15,0541";"11,8589"
"45,1700";"15,0573";"11,8595"
"45,1800";"15,0605";"11,8576"
"45,1900";"15,0638";"11,8569"
"45,2000";"15,0671";"11,8568"
"45,2100";"15,0703";"11,8572"
"45,2200";"15,0734";"11,8570"
"45,2300";"15,0768";"11,8576"
"45,2400";"15,0802";"11,8584"
"45,2500";"15,0836";"11,8601"
"45,2600";"15,0871";"11,8622"
"45,2700";"15,0908";"11,8631"
"45,2800";"15,0942";"11,8653"
"45,2900";"15,0975";"11,8669"
"45,3000";"15,1008";"11,8675"
"45,3100";"15,1040";"11,8673"
"45,3200";"15,1074";"11,8682"
"45,3300";"15,1109";"11,8699"
"45,3400";"15,1142";"11,8698"
"45,3500";"15,1175";"11,8689"
"45,3600";"15,1208";"11,8672"
"45,3700";"15,1241";"11,8676"
"45,3800";"15,1274";"11,8693"
"45,3900";"15,1306";"11,8718"
"45,4000";"15,1340";"11,8743"
"45,4100";"15,1373";"11,8766"
"45,4200";"15,1405";"11,8774"
"45,4300";"15,1438";"11,8761"
"45,4400";"15,1470";"11,8744"
"45,4500";"15,1504";"11,8751"
"45,4600";"15,1540";"11,8761"
"45,4700";"15,1574";"11,8774"
"45,4800";"15,1608";"11,8792"
"45,4900";"15,1641";"11,8814"
"45,5000";"15,1674";"11,8836"
"45,5100";"15,1707";"11,8841"
"45,5200";"15,1742";"11,8835"
"45,5300";"15,1776";"11,8840"
"45,5400";"15,1809";"11,8853"
"45,5500";"15,1842";"11,8869"
"45,5600";"15,1874";"11,8879"
"45,5700";"15,1907";"11,8889"
"45,5800";"15,1939";"11,8898"
"45,5900";"15,1972";"11,8894"
"45,6000";"15,2005";"11,8899"
"45,6100";"15,2038";"11,8908"
"45,6200";"15,2072";"11,8916"
"45,6300";"15,2106";"11,8916"
"45,6400";"15,2141";"11,8918"
"45,6500";"15,2174";"11,8930"
"45,6600";"15,2208";"11,8943"
"45,6700";"15,2243";"11,8961"
"45,6800";"15,2276";"11,8968"
"45,6900";"15,2309";"11,8975"
"45,7000";"15,2342";"11,8985"
"45,7100";"15,2375";"11,8977"
"45,7200";"15,2409";"11,8969"
"45,7300";"15,2443";"11,8990"
"45,7400";"15,2476";"11,9023"
"45,7500";"15,2508";"11,9033"
"45,7600";"15,2538";"11,9022"
"45,7700";"15,2570";"11,9013"
"45,7800";"15,2602";"11,9032"
"45,7900";"15,2635";"11,9053"
"45,8000";"15,2671";"11,9062"
"45,8100";"15,2705";"11,9061"
"45,8200";"15,2739";"11,9069"
"45,8300";"15,2774";"11,9074"
"45,8400";"15,2809";"11,9089"
"45,8500";"15,2843";"11,9115"
"45,8600";"15,2877";"11,9125"
"45,8700";"15,2911";"11,9111"
"45,8800";"15,2946";"11,9100"
"45,8900";"15,2979";"11,9115"
"45,9000";"15,3011";"11,9149"
"45,9100";"15,3044";"11,9167"
"45,9200";"15,3076";"11,9160"
"45,9300";"15,3109";"11,9161"
"45,9400";"15,3140";"11,9187"
"45,9500";"15,3172";"11,9203"
"45,9600";"15,3204";"11,9188"
"45,9700";"15,3237";"11,9179"
"45,9800";"15,3270";"11,9186"
"45,9900";"15,3303";"11,9202"
"46,0000";"15,3338";"11,9212"
"46,0100";"15,3371";"11,9228"
"46,0200";"15,3405";"11,9236"
"46,0300";"15,3439";"11,9243"
"46,0400";"15,3472";"11,9229"
"46,0500";"15,3506";"11,9222"
"46,0600";"15,3541";"11,9226"
"46,0700";"15,3575";"11,9234"
"46,0800";"15,3609";"11,9249"
"46,0900";"15,3642";"11,9260"
"46,1000";"15,3675";"11,9267"
"46,1100";"15,3708";"11,9273"
"46,1200";"15,3741";"11,9287"
"46,1300";"15,3774";"11,9304"
"46,1400";"15,3806";"11,9315"
"46,1500";"15,3838";"11,9311"
"46,1600";"15,3871";"11,9301"
"46,1700";"15,3903";"11,9301"
"46,1800";"15,3936";"11,9317"
"46,1900";"15,3969";"11,9349"
"46,2000";"15,4005";"11,9354"
"46,2100";"15,4039";"11,9336"
"46,2200";"15,4073";"11,9328"
"46,2300";"15,4107";"11,9355"
"46,2400";"15,4140";"11,9389"
"46,2500";"15,4175";"11,9396"
"46,2600";"15,4209";"11,9394"
"46,2700";"15,4243";"11,9382"
"46,2800";"15,4277";"11,9396"
"46,2900";"15,4310";"11,9422"
"46,3000";"15,4342";"11,9450"
"46,3100";"15,4374";"11,9452"
"46,3200";"15,4406";"11,9434"
"46,3300";"15,4439";"11,9427"
"46,3400";"15,4471";"11,9450"
"46,3500";"15,4503";"11,9475"
"46,3600";"15,4536";"11,9479"
"46,3700";"15,4569";"11,9466"
"46,3800";"15,4603";"11,9454"
"46,3900";"15,4639";"11,9453"
"46,4000";"15,4674";"11,9466"
"46,4100";"15,4708";"11,9493"
"46,4200";"15,4744";"11,9517"
"46,4300";"15,4777";"11,9526"
"46,4400";"15,4810";"11,9515"
"46,4500";"15,4843";"11,9511"
"46,4600";"15,4876";"11,9531"
"46,4700";"15,4909";"11,9564"
"46,4800";"15,4942";"11,9571"
"46,4900";"15,4974";"11,9557"
"46,5000";"15,5006";"11,9560"
"46,5100";"15,5038";"11,9588"
"46,5200";"15,5071";"11,9607"
"46,5300";"15,5103";"11,9614"
"46,5400";"15,5137";"11,9605"
"46,5500";"15,5170";"11,9598"
"46,5600";"15,5204";"11,9586"
"46,5700";"15,5237";"11,9588"
"46,5800";"15,5271";"11,9592"
"46,5900";"15,5306";"11,9605"
"46,6000";"15,5340";"11,9617"
"46,6100";"15,5375";"11,9627"
"46,6200";"15,5408";"11,9642"
"46,6300";"15,5443";"11,9669"
"46,6400";"15,5476";"11,9685"
"46,6500";"15,5509";"11,9675"
"46,6600";"15,5541";"11,9656"
"46,6700";"15,5575";"11,9667"
"46,6800";"15,5607";"11,9701"
"46,6900";"15,5640";"11,9728"
"46,7000";"15,5670";"11,9739"
"46,7100";"15,5701";"11,9740"
"46,7200";"15,5733";"11,9734"
"46,7300";"15,5766";"11,9723"
"46,7400";"15,5801";"11,9712"
"46,7500";"15,5837";"11,9727"
"46,7600";"15,5872";"11,9741"
"46,7700";"15,5908";"11,9742"
"46,7800";"15,5941";"11,9756"
"46,7900";"15,5975";"11,9781"
"46,8000";"15,6009";"11,9799"
"46,8100";"15,6043";"11,9788"
"46,8200";"15,6078";"11,9773"
"46,8300";"15,6112";"11,9772"
"46,8400";"15,6145";"11,9787"
"46,8500";"15,6177";"11,9808"
"46,8600";"15,6209";"11,9831"
"46,8700";"15,6241";"11,9850"
"46,8800";"15,6274";"11,9856"
"46,8900";"15,6304";"11,9847"
"46,9000";"15,6337";"11,9837"
"46,9100";"15,6369";"11,9847"
"46,9200";"15,6401";"11,9863"
"46,9300";"15,6435";"11,9871"
"46,9400";"15,6470";"11,9870"
"46,9500";"15,6505";"11,9883"
"46,9600";"15,6540";"11,9904"
"46,9700";"15,6575";"11,9911"
"46,9800";"15,6609";"11,9922"
"46,9900";"15,6642";"11,9934"
"47,0000";"15,6676";"11,9939"
"47,0100";"15,6710";"11,9937"
"47,0200";"15,6744";"11,9940"
"47,0300";"15,6777";"11,9953"
"47,0400";"15,6808";"11,9971"
"47,0500";"15,6839";"11,9974"
"47,0600";"15,6871";"11,9970"
"47,0700";"15,6903";"11,9961"
"47,0800";"15,6936";"11,9960"
"47,0900";"15,6970";"11,9967"
"47,1000";"15,7003";"11,9982"
"47,1100";"15,7036";"11,9994"
"47,1200";"15,7069";"12,0008"
"47,1300";"15,7105";"12,0018"
"47,1400";"15,7139";"12,0025"
"47,1500";"15,7176";"12,0039"
"47,1600";"15,7211";"12,0055"
"47,1700";"15,7245";"12,0065"
"47,1800";"15,7278";"12,0053"
"47,1900";"15,7311";"12,0046"
"47,2000";"15,7344";"12,0062"
"47,2100";"15,7377";"12,0078"
"47,2200";"15,7409";"12,0077"
"47,2300";"15,7441";"12,0067"
"47,2400";"15,7473";"12,0078"
"47,2500";"15,7505";"12,0105"
"47,2600";"15,7537";"12,0124"
"47,2700";"15,7570";"12,0126"
"47,2800";"15,7603";"12,0125"
"47,2900";"15,7637";"12,0137"
"47,3000";"15,7670";"12,0138"
"47,3100";"15,7704";"12,0139"
"47,3200";"15,7740";"12,0141"
"47,3300";"15,7775";"12,0148"
"47,3400";"15,7810";"12,0159"
"47,3500";"15,7846";"12,0182"
"47,3600";"15,7880";"12,0200"
"47,3700";"15,7913";"12,0209"
"47,3800";"15,7947";"12,0216"
"47,3900";"15,7978";"12,0233"
"47,4000";"15,8010";"12,0255"
"47,4100";"15,8041";"12,0248"
"47,4200";"15,8073";"12,0224"
"47,4300";"15,8106";"12,0207"
"47,4400";"15,8138";"12,0219"
"47,4500";"15,8170";"12,0237"
"47,4600";"15,8201";"12,0231"
"47,4700";"15,8235";"12,0218"
"47,4800";"15,8268";"12,0222"
"47,4900";"15,8303";"12,0245"
"47,5000";"15,8338";"12,0273"
"47,5100";"15,8373";"12,0286"
"47,5200";"15,8408";"12,0295"
"47,5300";"15,8444";"12,0314"
"47,5400";"15,8478";"12,0323"
"47,5500";"15,8512";"12,0319"
"47,5600";"15,8545";"12,0321"
"47,5700";"15,8578";"12,0331"
"47,5800";"15,8610";"12,0338"
"47,5900";"15,8643";"12,0343"
"47,6000";"15,8674";"12,0367"
"47,6100";"15,8707";"12,0393"
"47,6200";"15,8740";"12,0398"
"47,6300";"15,8772";"12,0392"
"47,6400";"15,8804";"12,0388"
"47,6500";"15,8837";"12,0390"
"47,6600";"15,8870";"12,0378"
"47,6700";"15,8903";"12,0359"
"47,6800";"15,8938";"12,0356"
"47,6900";"15,8972";"12,0376"
"47,7000";"15,9008";"12,0414"
"47,7100";"15,9042";"12,0439"
"47,7200";"15,9076";"12,0452"
"47,7300";"15,9109";"12,0460"
"47,7400";"15,9142";"12,0455"
"47,7500";"15,9177";"12,0440"
"47,7600";"15,9209";"12,0437"
"47,7700";"15,9242";"12,0452"
"47,7800";"15,9273";"12,0473"
"47,7900";"15,9305";"12,0485"
"47,8000";"15,9337";"12,0491"
"47,8100";"15,9370";"12,0499"
"47,8200";"15,9402";"12,0499"
"47,8300";"15,9436";"12,0492"
"47,8400";"15,9468";"12,0493"
"47,8500";"15,9501";"12,0514"
"47,8600";"15,9536";"12,0529"
"47,8700";"15,9570";"12,0541"
"47,8800";"15,9605";"12,0551"
"47,8900";"15,9639";"12,0571"
"47,9000";"15,9675";"12,0587"
"47,9100";"15,9709";"12,0575"
"47,9200";"15,9742";"12,0555"
"47,9300";"15,9776";"12,0559"
"47,9400";"15,9809";"12,0568"
"47,9500";"15,9842";"12,0592"
"47,9600";"15,9876";"12,0609"
"47,9700";"15,9909";"12,0624"
"47,9800";"15,9940";"12,0630"
"47,9900";"15,9972";"12,0629"
"48,0000";"16,0004";"12,0636"
"48,0100";"16,0036";"12,0638"
"48,0200";"16,0069";"12,0637"
"48,0300";"16,0103";"12,0630"
"48,0400";"16,0136";"12,0626"
"48,0500";"16,0169";"12,0640"
"48,0600";"16,0203";"12,0663"
"48,0700";"16,0237";"12,0666"
"48,0800";"16,0272";"12,0661"
"48,0900";"16,0308";"12,0663"
"48,1000";"16,0342";"12,0679"
"48,1100";"16,0376";"12,0688"
"48,1200";"16,0409";"12,0692"
"48,1300";"16,0442";"12,0700"
"48,1400";"16,0474";"12,0718"
"48,1500";"16,0507";"12,0745"
"48,1600";"16,0540";"12,0757"
"48,1700";"16,0573";"12,0766"
"48,1800";"16,0605";"12,0769"
"48,1900";"16,0637";"12,0755"
"48,2000";"16,0670";"12,0730"
"48,2100";"16,0702";"12,0713"
"48,2200";"16,0736";"12,0728"
"48,2300";"16,0770";"12,0758"
"48,2400";"16,0805";"12,0790"
"48,2500";"16,0839";"12,0820"
"48,2600";"16,0874";"12,0836"
"48,2700";"16,0907";"12,0817"
"48,2800";"16,0942";"12,0793"
"48,2900";"16,0976";"12,0790"
"48,3000";"16,1010";"12,0812"
"48,3100";"16,1043";"12,0831"
"48,3200";"16,1076";"12,0827"
"48,3300";"16,1108";"12,0840"
"48,3400";"16,1141";"12,0877"
"48,3500";"16,1173";"12,0915"
"48,3600";"16,1207";"12,0915"
"48,3700";"16,1240";"12,0887"
"48,3800";"16,1273";"12,0870"
"48,3900";"16,1305";"12,0877"
"48,4000";"16,1338";"12,0899"
"48,4100";"16,1370";"12,0914"
"48,4200";"16,1403";"12,0922"
"48,4300";"16,1437";"12,0922"
"48,4400";"16,1472";"12,0923"
"48,4500";"16,1506";"12,0955"
"48,4600";"16,1540";"12,0996"
"48,4700";"16,1573";"12,1007"
"48,4800";"16,1607";"12,0989"
"48,4900";"16,1642";"12,0965"
"48,5000";"16,1676";"12,0975"
"48,5100";"16,1710";"12,1003"
"48,5200";"16,1742";"12,1000"
"48,5300";"16,1775";"12,0987"
"48,5400";"16,1808";"12,0982"
"48,5500";"16,1840";"12,0995"
"48,5600";"16,1873";"12,1019"
"48,5700";"16,1907";"12,1052"
"48,5800";"16,1940";"12,1082"
"48,5900";"16,1972";"12,1091"
"48,6000";"16,2005";"12,1068"
"48,6100";"16,2038";"12,1031"
"48,6200";"16,2071";"12,1021"
"48,6300";"16,2106";"12,1041"
"48,6400";"16,2141";"12,1061"
"48,6500";"16,2175";"12,1074"
"48,6600";"16,2208";"12,1090"
"48,6700";"16,2243";"12,1107"
"48,6800";"16,2277";"12,1126"
"48,6900";"16,2310";"12,1155"
"48,7000";"16,2344";"12,1181"
"48,7100";"16,2378";"12,1178"
"48,7200";"16,2411";"12,1141"
"48,7300";"16,2442";"12,1116"
"48,7400";"16,2474";"12,1136"
"48,7500";"16,2507";"12,1185"
"48,7600";"16,2539";"12,1194"
"48,7700";"16,2571";"12,1169"
"48,7800";"16,2604";"12,1157"
"48,7900";"16,2637";"12,1158"
"48,8000";"16,2671";"12,1166"
"48,8100";"16,2705";"12,1174"
"48,8200";"16,2738";"12,1176"
"48,8300";"16,2773";"12,1177"
"48,8400";"16,2807";"12,1181"
"48,8500";"16,2841";"12,1189"
"48,8600";"16,2874";"12,1210"
"48,8700";"16,2907";"12,1233"
"48,8800";"16,2941";"12,1246"
"48,8900";"16,2976";"12,1246"
"48,9000";"16,3010";"12,1254"
"48,9100";"16,3043";"12,1271"
"48,9200";"16,3076";"12,1285"
"48,9300";"16,3109";"12,1280"
"48,9400";"16,3142";"12,1283"
"48,9500";"16,3174";"12,1295"
"48,9600";"16,3206";"12,1295"
"48,9700";"16,3239";"12,1289"
"48,9800";"16,3272";"12,1302"
"48,9900";"16,3305";"12,1333"
"49,0000";"16,3338";"12,1346"
"49,0100";"16,3371";"12,1343"
"49,0200";"16,3405";"12,1339"
"49,0300";"16,3441";"12,1351"
"49,0400";"16,3475";"12,1375"
"49,0500";"16,3509";"12,1374"
"49,0600";"16,3544";"12,1364"
"49,0700";"16,3578";"12,1355"
"49,0800";"16,3611";"12,1368"
"49,0900";"16,3644";"12,1373"
"49,1000";"16,3676";"12,1385"
"49,1100";"16,3709";"12,1408"
"49,1200";"16,3742";"12,1414"
"49,1300";"16,3774";"12,1420"
"49,1400";"16,3806";"12,1426"
"49,1500";"16,3837";"12,1434"
"49,1600";"16,3871";"12,1430"
"49,1700";"16,3904";"12,1417"
"49,1800";"16,3937";"12,1403"
"49,1900";"16,3971";"12,1409"
"49,2000";"16,4004";"12,1445"
"49,2100";"16,4038";"12,1473"
"49,2200";"16,4072";"12,1486"
"49,2300";"16,4107";"12,1491"
"49,2400";"16,4141";"12,1486"
"49,2500";"16,4175";"12,1474"
"49,2600";"16,4208";"12,1468"
"49,2700";"16,4241";"12,1468"
"49,2800";"16,4274";"12,1475"
"49,2900";"16,4307";"12,1494"
"49,3000";"16,4340";"12,1529"
"49,3100";"16,4373";"12,1559"
"49,3200";"16,4405";"12,1571"
"49,3300";"16,4437";"12,1574"
"49,3400";"16,4470";"12,1571"
"49,3500";"16,4501";"12,1573"
"49,3600";"16,4535";"12,1568"
"49,3700";"16,4569";"12,1573"
"49,3800";"16,4604";"12,1587"
"49,3900";"16,4638";"12,1595"
"49,4000";"16,4673";"12,1610"
"49,4100";"16,4709";"12,1615"
"49,4200";"16,4742";"12,1626"
"49,4300";"16,4776";"12,1635"
"49,4400";"16,4811";"12,1632"
"49,4500";"16,4844";"12,1618"
"49,4600";"16,4878";"12,1607"
"49,4700";"16,4909";"12,1626"
"49,4800";"16,4942";"12,1671"
"49,4900";"16,4974";"12,1705"
"49,5000";"16,5007";"12,1701"
"49,5100";"16,5039";"12,1687"
"49,5200";"16,5072";"12,1696"
"49,5300";"16,5103";"12,1700"
"49,5400";"16,5135";"12,1677"
"49,5500";"16,5167";"12,1668"
"49,5600";"16,5200";"12,1671"
"49,5700";"16,5235";"12,1687"
"49,5800";"16,5271";"12,1702"
"49,5900";"16,5305";"12,1722"
"49,6000";"16,5340";"12,1751"
"49,6100";"16,5375";"12,1761"
"49,6200";"16,5409";"12,1748"
"49,6300";"16,5443";"12,1746"
"49,6400";"16,5477";"12,1771"
"49,6500";"16,5511";"12,1795"
"49,6600";"16,5543";"12,1803"
"49,6700";"16,5575";"12,1792"
"49,6800";"16,5607";"12,1784"
"49,6900";"16,5639";"12,1779"
"49,7000";"16,5671";"12,1773"
"49,7100";"16,5703";"12,1771"
"49,7200";"16,5735";"12,1777"
"49,7300";"16,5769";"12,1783"
"49,7400";"16,5802";"12,1785"
"49,7500";"16,5835";"12,1803"
"49,7600";"16,5869";"12,1829"
"49,7700";"16,5905";"12,1848"
"49,7800";"16,5940";"12,1844"
"49,7900";"16,5974";"12,1847"
"49,8000";"16,6009";"12,1853"
"49,8100";"16,6043";"12,1866"
"49,8200";"16,6076";"12,1887"
"49,8300";"16,6110";"12,1904"
"49,8400";"16,6143";"12,1897"
"49,8500";"16,6175";"12,1891"
"49,8600";"16,6208";"12,1903"
"49,8700";"16,6240";"12,1923"
"49,8800";"16,6272";"12,1938"
"49,8900";"16,6304";"12,1933"
"49,9000";"16,6336";"12,1909"
"49,9100";"16,6369";"12,1902"
"49,9200";"16,6402";"12,1916"
"49,9300";"16,6436";"12,1947"
"49,9400";"16,6470";"12,1964"
"49,9500";"16,6504";"12,1975"
"49,9600";"16,6540";"12,1980"
"49,9700";"16,6575";"12,1978"
"49,9800";"16,6611";"12,1972"
"49,9900";"16,6645";"12,1992"
"50,0000";"16,6679";"12,2021"
"50,0100";"16,6712";"12,2042"
"50,0200";"16,6744";"12,2039"
"50,0300";"16,6776";"12,2025"
"50,0400";"16,6809";"12,2032"
"50,0500";"16,6841";"12,2060"
"50,0600";"16,6873";"12,2077"
"50,0700";"16,6905";"12,2056"
"50,0800";"16,6938";"12,2024"
"50,0900";"16,6969";"12,2023"
"50,1000";"16,7003";"12,2051"
"50,1100";"16,7037";"12,2081"
"50,1200";"16,7071";"12,2098"
"50,1300";"16,7105";"12,2103"
"50,1400";"16,7141";"12,2102"
"50,1500";"16,7175";"12,2100"
"50,1600";"16,7210";"12,2130"
"50,1700";"16,7245";"12,2167"
"50,1800";"16,7279";"12,2175"
"50,1900";"16,7313";"12,2161"
"50,2000";"16,7346";"12,2152"
"50,2100";"16,7378";"12,2168"
"50,2200";"16,7410";"12,2200"
"50,2300";"16,7442";"12,2199"
"50,2400";"16,7474";"12,2180"
"50,2500";"16,7507";"12,2165"
"50,2600";"16,7539";"12,2154"
"50,2700";"16,7570";"12,2156"
"50,2800";"16,7603";"12,2182"
"50,2900";"16,7636";"12,2210"
"50,3000";"16,7670";"12,2233"
"50,3100";"16,7704";"12,2221"
"50,3200";"16,7738";"12,2206"
"50,3300";"16,7773";"12,2219"
"50,3400";"16,7808";"12,2247"
"50,3500";"16,7843";"12,2257"
"50,3600";"16,7876";"12,2267"
"50,3700";"16,7910";"12,2279"
"50,3800";"16,7943";"12,2297"
"50,3900";"16,7978";"12,2308"
"50,4000";"16,8011";"12,2322"
"50,4100";"16,8043";"12,2318"
"50,4200";"16,8074";"12,2304"
"50,4300";"16,8108";"12,2303"
"50,4400";"16,8139";"12,2317"
"50,4500";"16,8172";"12,2341"
"50,4600";"16,8204";"12,2363"
"50,4700";"16,8237";"12,2376"
"50,4800";"16,8270";"12,2379"
"50,4900";"16,8304";"12,2374"
"50,5000";"16,8338";"12,2371"
"50,5100";"16,8373";"12,2366"
"50,5200";"16,8409";"12,2355"
"50,5300";"16,8443";"12,2350"
"50,5400";"16,8477";"12,2352"
"50,5500";"16,8510";"12,2375"
"50,5600";"16,8543";"12,2405"
"50,5700";"16,8576";"12,2439"
"50,5800";"16,8610";"12,2453"
"50,5900";"16,8643";"12,2441"
"50,6000";"16,8675";"12,2405"
"50,6100";"16,8707";"12,2392"
"50,6200";"16,8739";"12,2400"
"50,6300";"16,8771";"12,2409"
"50,6400";"16,8804";"12,2429"
"50,6500";"16,8836";"12,2452"
"50,6600";"16,8870";"12,2483"
"50,6700";"16,8903";"12,2494"
"50,6800";"16,8937";"12,2480"
"50,6900";"16,8971";"12,2463"
"50,7000";"16,9005";"12,2463"
"50,7100";"16,9039";"12,2481"
"50,7200";"16,9074";"12,2499"
"50,7300";"16,9107";"12,2517"
"50,7400";"16,9142";"12,2528"
"50,7500";"16,9175";"12,2536"
"50,7600";"16,9208";"12,2530"
"50,7700";"16,9241";"12,2532"
"50,7800";"16,9275";"12,2542"
"50,7900";"16,9309";"12,2551"
"50,8000";"16,9342";"12,2557"
"50,8100";"16,9374";"12,2561"
"50,8200";"16,9407";"12,2575"
"50,8300";"16,9439";"12,2587"
"50,8400";"16,9471";"12,2589"
"50,8500";"16,9504";"12,2591"
"50,8600";"16,9538";"12,2592"
"50,8700";"16,9573";"12,2597"
"50,8800";"16,9607";"12,2599"
"50,8900";"16,9640";"12,2598"
"50,9000";"16,9674";"12,2608"
"50,9100";"16,9708";"12,2629"
"50,9200";"16,9743";"12,2643"
"50,9300";"16,9777";"12,2645"
"50,9400";"16,9810";"12,2651"
"50,9500";"16,9842";"12,2652"
"50,9600";"16,9874";"12,2656"
"50,9700";"16,9906";"12,2660"
"50,9800";"16,9939";"12,2672"
"50,9900";"16,9970";"12,2683"
"51,0000";"17,0005";"12,2696"
"51,0100";"17,0038";"12,2705"
"51,0200";"17,0071";"12,2700"
"51,0300";"17,0104";"12,2689"
"51,0400";"17,0137";"12,2677"
"51,0500";"17,0170";"12,2685"
"51,0600";"17,0205";"12,2712"
"51,0700";"17,0240";"12,2745"
"51,0800";"17,0274";"12,2759"
"51,0900";"17,0308";"12,2761"
"51,1000";"17,0342";"12,2780"
"51,1100";"17,0377";"12,2797"
"51,1200";"17,0410";"12,2799"
"51,1300";"17,0444";"12,2791"
"51,1400";"17,0477";"12,2786"
"51,1500";"17,0511";"12,2795"
"51,1600";"17,0543";"12,2809"
"51,1700";"17,0575";"12,2820"
"51,1800";"17,0607";"12,2827"
"51,1900";"17,0640";"12,2840"
"51,2000";"17,0673";"12,2835"
"51,2100";"17,0706";"12,2835"
"51,2200";"17,0738";"12,2841"
"51,2300";"17,0771";"12,2849"
"51,2400";"17,0803";"12,2857"
"51,2500";"17,0836";"12,2865"
"51,2600";"17,0870";"12,2869"
"51,2700";"17,0904";"12,2890"
"51,2800";"17,0940";"12,2907"
"51,2900";"17,0973";"12,2911"
"51,3000";"17,1006";"12,2912"
"51,3100";"17,1040";"12,2918"
"51,3200";"17,1073";"12,2922"
"51,3300";"17,1107";"12,2911"
"51,3400";"17,1140";"12,2914"
"51,3500";"17,1175";"12,2936"
"51,3600";"17,1206";"12,2945"
"51,3700";"17,1240";"12,2943"
"51,3800";"17,1273";"12,2951"
"51,3900";"17,1306";"12,2974"
"51,4000";"17,1340";"12,3000"
"51,4100";"17,1373";"12,3000"
"51,4200";"17,1406";"12,2985"
"51,4300";"17,1439";"12,2980"
"51,4400";"17,1472";"12,2987"
"51,4500";"17,1508";"12,3011"
"51,4600";"17,1542";"12,3013"
"51,4700";"17,1576";"12,3014"
"51,4800";"17,1609";"12,3007"
"51,4900";"17,1642";"12,3009"
"51,5000";"17,1675";"12,3035"
"51,5100";"17,1707";"12,3067"
"51,5200";"17,1740";"12,3095"
"51,5300";"17,1774";"12,3097"
"51,5400";"17,1809";"12,3097"
"51,5500";"17,1842";"12,3092"
"51,5600";"17,1875";"12,3088"
"51,5700";"17,1907";"12,3096"
"51,5800";"17,1938";"12,3097"
"51,5900";"17,1971";"12,3107"
"51,6000";"17,2005";"12,3114"
"51,6100";"17,2038";"12,3118"
"51,6200";"17,2071";"12,3127"
"51,6300";"17,2105";"12,3133"
"51,6400";"17,2139";"12,3139"
"51,6500";"17,2172";"12,3140"
"51,6600";"17,2206";"12,3135"
"51,6700";"17,2241";"12,3131"
"51,6800";"17,2274";"12,3138"
"51,6900";"17,2308";"12,3153"
"51,7000";"17,2341";"12,3157"
"51,7100";"17,2373";"12,3160"
"51,7200";"17,2407";"12,3167"
"51,7300";"17,2440";"12,3181"
"51,7400";"17,2474";"12,3200"
"51,7500";"17,2509";"12,3223"
"51,7600";"17,2542";"12,3234"
"51,7700";"17,2574";"12,3224"
"51,7800";"17,2607";"12,3209"
"51,7900";"17,2640";"12,3209"
"51,8000";"17,2674";"12,3221"
"51,8100";"17,2707";"12,3217"
"51,8200";"17,2741";"12,3220"
"51,8300";"17,2774";"12,3244"
"51,8400";"17,2809";"12,3275"
"51,8500";"17,2842";"12,3289"
"51,8600";"17,2875";"12,3286"
"51,8700";"17,2909";"12,3273"
"51,8800";"17,2942";"12,3268"
"51,8900";"17,2976";"12,3264"
"51,9000";"17,3009";"12,3267"
"51,9100";"17,3042";"12,3275"
"51,9200";"17,3075";"12,3292"
"51,9300";"17,3108";"12,3308"
"51,9400";"17,3141";"12,3304"
"51,9500";"17,3173";"12,3301"
"51,9600";"17,3205";"12,3315"
"51,9700";"17,3238";"12,3335"
"51,9800";"17,3270";"12,3335"
"51,9900";"17,3303";"12,3340"
"52,0000";"17,3337";"12,3347"
"52,0100";"17,3372";"12,3357"
"52,0200";"17,3406";"12,3358"
"52,0300";"17,3440";"12,3370"
"52,0400";"17,3474";"12,3386"
"52,0500";"17,3507";"12,3391"
"52,0600";"17,3542";"12,3394"
"52,0700";"17,3576";"12,3406"
"52,0800";"17,3609";"12,3422"
"52,0900";"17,3642";"12,3438"
"52,1000";"17,3675";"12,3435"
"52,1100";"17,3707";"12,3432"
"52,1200";"17,3740";"12,3442"
"52,1300";"17,3773";"12,3455"
"52,1400";"17,3806";"12,3449"
"52,1500";"17,3838";"12,3451"
"52,1600";"17,3871";"12,3459"
"52,1700";"17,3903";"12,3470"
"52,1800";"17,3936";"12,3473"
"52,1900";"17,3969";"12,3461"
"52,2000";"17,4003";"12,3466"
"52,2100";"17,4039";"12,3473"
"52,2200";"17,4073";"12,3478"
"52,2300";"17,4106";"12,3498"
"52,2400";"17,4140";"12,3515"
"52,2500";"17,4173";"12,3516"
"52,2600";"17,4207";"12,3522"
"52,2700";"17,4241";"12,3530"
"52,2800";"17,4275";"12,3543"
"52,2900";"17,4308";"12,3547"
"52,3000";"17,4341";"12,3545"
"52,3100";"17,4373";"12,3537"
"52,3200";"17,4405";"12,3543"
"52,3300";"17,4438";"12,3561"
"52,3400";"17,4471";"12,3579"
"52,3500";"17,4504";"12,3577"
"52,3600";"17,4537";"12,3572"
"52,3700";"17,4570";"12,3573"
"52,3800";"17,4603";"12,3567"
"52,3900";"17,4637";"12,3572"
"52,4000";"17,4673";"12,3600"
"52,4100";"17,4707";"12,3624"
"52,4200";"17,4742";"12,3634"
"52,4300";"17,4775";"12,3619"
"52,4400";"17,4808";"12,3632"
"52,4500";"17,4841";"12,3656"
"52,4600";"17,4874";"12,3676"
"52,4700";"17,4908";"12,3676"
"52,4800";"17,4942";"12,3676"
"52,4900";"17,4975";"12,3671"
"52,5000";"17,5007";"12,3670"
"52,5100";"17,5039";"12,3678"
"52,5200";"17,5069";"12,3693"
"52,5300";"17,5101";"12,3695"
"52,5400";"17,5134";"12,3688"
"52,5500";"17,5167";"12,3677"
"52,5600";"17,5201";"12,3687"
"52,5700";"17,5236";"12,3710"
"52,5800";"17,5270";"12,3723"
"52,5900";"17,5304";"12,3736"
"52,6000";"17,5338";"12,3758"
"52,6100";"17,5374";"12,3785"
"52,6200";"17,5408";"12,3807"
"52,6300";"17,5442";"12,3810"
"52,6400";"17,5475";"12,3804"
"52,6500";"17,5508";"12,3795"
"52,6600";"17,5543";"12,3798"
"52,6700";"17,5576";"12,3802"
"52,6800";"17,5610";"12,3812"
"52,6900";"17,5643";"12,3834"
"52,7000";"17,5676";"12,3845"
"52,7100";"17,5707";"12,3838"
"52,7200";"17,5739";"12,3831"
"52,7300";"17,5771";"12,3835"
"52,7400";"17,5804";"12,3851"
"52,7500";"17,5838";"12,3873"
"52,7600";"17,5873";"12,3875"
"52,7700";"17,5906";"12,3868"
"52,7800";"17,5941";"12,3867"
"52,7900";"17,5974";"12,3872"
"52,8000";"17,6008";"12,3891"
"52,8100";"17,6042";"12,3906"
"52,8200";"17,6076";"12,3916"
"52,8300";"17,6111";"12,3916"
"52,8400";"17,6144";"12,3912"
"52,8500";"17,6175";"12,3923"
"52,8600";"17,6208";"12,3942"
"52,8700";"17,6240";"12,3944"
"52,8800";"17,6273";"12,3942"
"52,8900";"17,6305";"12,3949"
"52,9000";"17,6338";"12,3956"
"52,9100";"17,6370";"12,3962"
"52,9200";"17,6403";"12,3971"
"52,9300";"17,6438";"12,3985"
"52,9400";"17,6472";"12,3989"
"52,9500";"17,6506";"12,3992"
"52,9600";"17,6541";"12,3987"
"52,9700";"17,6576";"12,3980"
"52,9800";"17,6609";"12,3985"
"52,9900";"17,6642";"12,3984"
"53,0000";"17,6676";"12,3987"
"53,0100";"17,6709";"12,4009"
"53,0200";"17,6743";"12,4036"
"53,0300";"17,6776";"12,4045"
"53,0400";"17,6808";"12,4057"
"53,0500";"17,6841";"12,4083"
"53,0600";"17,6873";"12,4108"
"53,0700";"17,6905";"12,4100"
"53,0800";"17,6938";"12,4079"
"53,0900";"17,6970";"12,4080"
"53,1000";"17,7003";"12,4093"
"53,1100";"17,7036";"12,4100"
"53,1200";"17,7070";"12,4097"
"53,1300";"17,7103";"12,4103"
"53,1400";"17,7138";"12,4133"
"53,1500";"17,7173";"12,4160"
"53,1600";"17,7207";"12,4147"
"53,1700";"17,7241";"12,4143"
"53,1800";"17,7275";"12,4152"
"53,1900";"17,7309";"12,4152"
"53,2000";"17,7342";"12,4134"
"53,2100";"17,7375";"12,4137"
"53,2200";"17,7408";"12,4153"
"53,2300";"17,7440";"12,4158"
"53,2400";"17,7473";"12,4159"
"53,2500";"17,7506";"12,4162"
"53,2600";"17,7538";"12,4163"
"53,2700";"17,7571";"12,4167"
"53,2800";"17,7603";"12,4186"
"53,2900";"17,7637";"12,4208"
"53,3000";"17,7671";"12,4217"
"53,3100";"17,7705";"12,4224"
"53,3200";"17,7740";"12,4220"
"53,3300";"17,7773";"12,4224"
"53,3400";"17,7807";"12,4220"
"53,3500";"17,7841";"12,4223"
"53,3600";"17,7875";"12,4232"
"53,3700";"17,7907";"12,4248"
"53,3800";"17,7940";"12,4267"
"53,3900";"17,7973";"12,4285"
"53,4000";"17,8006";"12,4283"
"53,4100";"17,8040";"12,4281"
"53,4200";"17,8073";"12,4285"
"53,4300";"17,8104";"12,4283"
"53,4400";"17,8138";"12,4268"
"53,4500";"17,8169";"12,4255"
"53,4600";"17,8202";"12,4272"
"53,4700";"17,8236";"12,4296"
"53,4800";"17,8269";"12,4312"
"53,4900";"17,8303";"12,4317"
"53,5000";"17,8337";"12,4329"
"53,5100";"17,8371";"12,4337"
"53,5200";"17,8406";"12,4347"
"53,5300";"17,8439";"12,4354"
"53,5400";"17,8473";"12,4353"
"53,5500";"17,8507";"12,4356"
"53,5600";"17,8541";"12,4345"
"53,5700";"17,8576";"12,4352"
"53,5800";"17,8609";"12,4364"
"53,5900";"17,8642";"12,4372"
"53,6000";"17,8675";"12,4378"
"53,6100";"17,8709";"12,4389"
"53,6200";"17,8742";"12,4403"
"53,6300";"17,8775";"12,4426"
"53,6400";"17,8807";"12,4444"
"53,6500";"17,8839";"12,4440"
"53,6600";"17,8871";"12,4415"
"53,6700";"17,8904";"12,4398"
"53,6800";"17,8938";"12,4387"
"53,6900";"17,8972";"12,4395"
"53,7000";"17,9006";"12,4425"
"53,7100";"17,9042";"12,4453"
"53,7200";"17,9075";"12,4462"
"53,7300";"17,9108";"12,4468"
"53,7400";"17,9142";"12,4470"
"53,7500";"17,9175";"12,4489"
"53,7600";"17,9211";"12,4503"
"53,7700";"17,9244";"12,4509"
"53,7800";"17,9277";"12,4501"
"53,7900";"17,9309";"12,4497"
"53,8000";"17,9341";"12,4504"
"53,8100";"17,9372";"12,4511"
"53,8200";"17,9404";"12,4523"
"53,8300";"17,9437";"12,4538"
"53,8400";"17,9470";"12,4538"
"53,8500";"17,9503";"12,4525"
"53,8600";"17,9536";"12,4527"
"53,8700";"17,9571";"12,4549"
"53,8800";"17,9605";"12,4563"
"53,8900";"17,9640";"12,4563"
"53,9000";"17,9676";"12,4558"
"53,9100";"17,9711";"12,4579"
"53,9200";"17,9745";"12,4603"
"53,9300";"17,9778";"12,4619"
"53,9400";"17,9812";"12,4631"
"53,9500";"17,9845";"12,4628"
"53,9600";"17,9878";"12,4624"
"53,9700";"17,9910";"12,4631"
"53,9800";"17,9941";"12,4639"
"53,9900";"17,9974";"12,4649"
"54,0000";"18,0006";"12,4647"
"54,0100";"18,0038";"12,4636"
"54,0200";"18,0070";"12,4636"
"54,0300";"18,0104";"12,4648"
"54,0400";"18,0137";"12,4667"
"54,0500";"18,0170";"12,4667"
"54,0600";"18,0205";"12,4669"
"54,0700";"18,0238";"12,4678"
"54,0800";"18,0273";"12,4697"
"54,0900";"18,0307";"12,4709"
"54,1000";"18,0343";"12,4707"
"54,1100";"18,0377";"12,4706"
"54,1200";"18,0410";"12,4718"
"54,1300";"18,0443";"12,4718"
"54,1400";"18,0475";"12,4727"
"54,1500";"18,0508";"12,4758"
"54,1600";"18,0541";"12,4789"
"54,1700";"18,0574";"12,4793"
"54,1800";"18,0606";"12,4773"
"54,1900";"18,0638";"12,4766"
"54,2000";"18,0670";"12,4762"
"54,2100";"18,0703";"12,4760"
"54,2200";"18,0736";"12,4759"
"54,2300";"18,0770";"12,4760"
"54,2400";"18,0804";"12,4774"
"54,2500";"18,0839";"12,4801"
"54,2600";"18,0873";"12,4823"
"54,2700";"18,0906";"12,4838"
"54,2800";"18,0940";"12,4840"
"54,2900";"18,0976";"12,4818"
"54,3000";"18,1009";"12,4806"
"54,3100";"18,1043";"12,4821"
"54,3200";"18,1075";"12,4839"
"54,3300";"18,1107";"12,4857"
"54,3400";"18,1140";"12,4855"
"54,3500";"18,1173";"12,4854"
"54,3600";"18,1206";"12,4875"
"54,3700";"18,1239";"12,4892"
"54,3800";"18,1272";"12,4890"
"54,3900";"18,1305";"12,4886"
"54,4000";"18,1338";"12,4883"
"54,4100";"18,1370";"12,4893"
"54,4200";"18,1404";"12,4908"
"54,4300";"18,1438";"12,4932"
"54,4400";"18,1473";"12,4951"
"54,4500";"18,1507";"12,4950"
"54,4600";"18,1541";"12,4933"
"54,4700";"18,1576";"12,4924"
"54,4800";"18,1610";"12,4925"
"54,4900";"18,1643";"12,4933"
"54,5000";"18,1676";"12,4930"
"54,5100";"18,1709";"12,4928"
"54,5200";"18,1742";"12,4942"
"54,5300";"18,1774";"12,4970"
"54,5400";"18,1806";"12,4992"
"54,5500";"18,1839";"12,4993"
"54,5600";"18,1872";"12,4995"
"54,5700";"18,1905";"12,4994"
"54,5800";"18,1938";"12,4989"
"54,5900";"18,1970";"12,4984"
"54,6000";"18,2004";"12,5000"
"54,6100";"18,2037";"12,5023"
"54,6200";"18,2071";"12,5034"
"54,6300";"18,2105";"12,5034"
"54,6400";"18,2141";"12,5023"
"54,6500";"18,2175";"12,5030"
"54,6600";"18,2209";"12,5033"
"54,6700";"18,2242";"12,5030"
"54,6800";"18,2275";"12,5037"
"54,6900";"18,2308";"12,5059"
"54,7000";"18,2341";"12,5071"
"54,7100";"18,2375";"12,5076"
"54,7200";"18,2408";"12,5069"
"54,7300";"18,2441";"12,5068"
"54,7400";"18,2473";"12,5068"
"54,7500";"18,2506";"12,5075"
"54,7600";"18,2539";"12,5104"
"54,7700";"18,2572";"12,5134"
"54,7800";"18,2604";"12,5144"
"54,7900";"18,2638";"12,5144"
"54,8000";"18,2671";"12,5138"
"54,8100";"18,2705";"12,5130"
"54,8200";"18,2739";"12,5143"
"54,8300";"18,2774";"12,5163"
"54,8400";"18,2809";"12,5179"
"54,8500";"18,2842";"12,5181"
"54,8600";"18,2875";"12,5180"
"54,8700";"18,2908";"12,5183"
"54,8800";"18,2941";"12,5190"
"54,8900";"18,2974";"12,5199"
"54,9000";"18,3007";"12,5187"
"54,9100";"18,3040";"12,5182"
"54,9200";"18,3073";"12,5191"
"54,9300";"18,3105";"12,5217"
"54,9400";"18,3138";"12,5230"
"54,9500";"18,3170";"12,5235"
"54,9600";"18,3203";"12,5236"
"54,9700";"18,3236";"12,5241"
"54,9800";"18,3269";"12,5235"
"54,9900";"18,3304";"12,5225"
"55,0000";"18,3338";"12,5230"
"55,0100";"18,3372";"12,5246"
"55,0200";"18,3406";"12,5260"
"55,0300";"18,3442";"12,5265"
"55,0400";"18,3476";"12,5272"
"55,0500";"18,3509";"12,5296"
"55,0600";"18,3542";"12,5315"
"55,0700";"18,3575";"12,5316"
"55,0800";"18,3607";"12,5306"
"55,0900";"18,3640";"12,5300"
"55,1000";"18,3673";"12,5305"
"55,1100";"18,3707";"12,5322"
"55,1200";"18,3740";"12,5340"
"55,1300";"18,3773";"12,5359"
"55,1400";"18,3805";"12,5344"
"55,1500";"18,3837";"12,5321"
"55,1600";"18,3870";"12,5311"
"55,1700";"18,3903";"12,5327"
"55,1800";"18,3938";"12,5354"
"55,1900";"18,3973";"12,5368"
"55,2000";"18,4006";"12,5377"
"55,2100";"18,4040";"12,5394"
"55,2200";"18,4073";"12,5416"
"55,2300";"18,4108";"12,5420"
"55,2400";"18,4141";"12,5405"
"55,2500";"18,4174";"12,5397"
"55,2600";"18,4208";"12,5398"
"55,2700";"18,4241";"12,5399"
"55,2800";"18,4273";"12,5399"
"55,2900";"18,4306";"12,5418"
"55,3000";"18,4339";"12,5436"
"55,3100";"18,4372";"12,5430"
"55,3200";"18,4405";"12,5408"
"55,3300";"18,4438";"12,5402"
"55,3400";"18,4470";"12,5417"
"55,3500";"18,4503";"12,5434"
"55,3600";"18,4536";"12,5458"
"55,3700";"18,4570";"12,5482"
"55,3800";"18,4605";"12,5501"
"55,3900";"18,4639";"12,5503"
"55,4000";"18,4674";"12,5509"
"55,4100";"18,4709";"12,5523"
"55,4200";"18,4742";"12,5536"
"55,4300";"18,4776";"12,5526"
"55,4400";"18,4810";"12,5515"
"55,4500";"18,4844";"12,5526"
"55,4600";"18,4876";"12,5542"
"55,4700";"18,4909";"12,5541"
"55,4800";"18,4942";"12,5531"
"55,4900";"18,4974";"12,5540"
"55,5000";"18,5007";"12,5560"
"55,5100";"18,5039";"12,5577"
"55,5200";"18,5072";"12,5580"
"55,5300";"18,5105";"12,5584"
"55,5400";"18,5137";"12,5598"
"55,5500";"18,5170";"12,5605"
"55,5600";"18,5204";"12,5591"
"55,5700";"18,5239";"12,5591"
"55,5800";"18,5274";"12,5612"
"55,5900";"18,5309";"12,5622"
"55,6000";"18,5344";"12,5626"
"55,6100";"18,5376";"12,5641"
"55,6200";"18,5409";"12,5673"
"55,6300";"18,5442";"12,5683"
"55,6400";"18,5476";"12,5677"
"55,6500";"18,5510";"12,5661"
"55,6600";"18,5543";"12,5658"
"55,6700";"18,5576";"12,5666"
"55,6800";"18,5608";"12,5667"
"55,6900";"18,5640";"12,5676"
"55,7000";"18,5673";"12,5698"
"55,7100";"18,5705";"12,5713"
"55,7200";"18,5738";"12,5712"
"55,7300";"18,5771";"12,5693"
"55,7400";"18,5804";"12,5693"
"55,7500";"18,5838";"12,5709"
"55,7600";"18,5873";"12,5726"
"55,7700";"18,5907";"12,5735"
"55,7800";"18,5941";"12,5748"
"55,7900";"18,5975";"12,5763"
"55,8000";"18,6009";"12,5761"
"55,8100";"18,6044";"12,5764"
"55,8200";"18,6077";"12,5766"
"55,8300";"18,6110";"12,5769"
"55,8400";"18,6143";"12,5774"
"55,8500";"18,6177";"12,5787"
"55,8600";"18,6210";"12,5813"
"55,8700";"18,6242";"12,5822"
"55,8800";"18,6274";"12,5807"
"55,8900";"18,6306";"12,5791"
"55,9000";"18,6338";"12,5792"
"55,9100";"18,6371";"12,5800"
"55,9200";"18,6404";"12,5809"
"55,9300";"18,6437";"12,5807"
"55,9400";"18,6471";"12,5812"
"55,9500";"18,6505";"12,5836"
"55,9600";"18,6538";"12,5858"
"55,9700";"18,6573";"12,5861"
"55,9800";"18,6608";"12,5860"
"55,9900";"18,6642";"12,5874"
"56,0000";"18,6675";"12,5878"
"56,0100";"18,6710";"12,5881"
"56,0200";"18,6743";"12,5892"
"56,0300";"18,6776";"12,5890"
"56,0400";"18,6809";"12,5890"
"56,0500";"18,6842";"12,5883"
"56,0600";"18,6875";"12,5905"
"56,0700";"18,6908";"12,5930"
"56,0800";"18,6940";"12,5931"
"56,0900";"18,6972";"12,5919"
"56,1000";"18,7005";"12,5920"
"56,1100";"18,7037";"12,5942"
"56,1200";"18,7071";"12,5967"
"56,1300";"18,7105";"12,5957"
"56,1400";"18,7140";"12,5939"
"56,1500";"18,7175";"12,5934"
"56,1600";"18,7209";"12,5941"
"56,1700";"18,7242";"12,5941"
"56,1800";"18,7275";"12,5955"
"56,1900";"18,7309";"12,5976"
"56,2000";"18,7342";"12,5983"
"56,2100";"18,7375";"12,5982"
"56,2200";"18,7408";"12,5969"
"56,2300";"18,7440";"12,5968"
"56,2400";"18,7472";"12,5974"
"56,2500";"18,7505";"12,5987"
"56,2600";"18,7537";"12,6005"
"56,2700";"18,7570";"12,6006"
"56,2800";"18,7602";"12,6004"
"56,2900";"18,7636";"12,6010"
"56,3000";"18,7669";"12,6028"
"56,3100";"18,7704";"12,6054"
"56,3200";"18,7738";"12,6055"
"56,3300";"18,7772";"12,6031"
"56,3400";"18,7807";"12,6017"
"56,3500";"18,7841";"12,6046"
"56,3600";"18,7875";"12,6079"
"56,3700";"18,7909";"12,6090"
"56,3800";"18,7942";"12,6094"
"56,3900";"18,7976";"12,6112"
"56,4000";"18,8009";"12,6134"
"56,4100";"18,8042";"12,6139"
"56,4200";"18,8075";"12,6120"
"56,4300";"18,8107";"12,6104"
"56,4400";"18,8139";"12,6102"
"56,4500";"18,8172";"12,6118"
"56,4600";"18,8205";"12,6151"
"56,4700";"18,8238";"12,6175"
"56,4800";"18,8273";"12,6184"
"56,4900";"18,8306";"12,6172"
"56,5000";"18,8340";"12,6161"
"56,5100";"18,8374";"12,6156"
"56,5200";"18,8408";"12,6149"
"56,5300";"18,8444";"12,6146"
"56,5400";"18,8477";"12,6139"
"56,5500";"18,8511";"12,6166"
"56,5600";"18,8543";"12,6189"
"56,5700";"18,8576";"12,6205"
"56,5800";"18,8609";"12,6209"
"56,5900";"18,8641";"12,6223"
"56,6000";"18,8674";"12,6229"
"56,6100";"18,8707";"12,6215"
"56,6200";"18,8739";"12,6192"
"56,6300";"18,8771";"12,6204"
"56,6400";"18,8803";"12,6231"
"56,6500";"18,8836";"12,6241"
"56,6600";"18,8869";"12,6241"
"56,6700";"18,8903";"12,6241"
"56,6800";"18,8937";"12,6260"
"56,6900";"18,8972";"12,6268"
"56,7000";"18,9007";"12,6257"
"56,7100";"18,9041";"12,6259"
"56,7200";"18,9077";"12,6275"
"56,7300";"18,9111";"12,6290"
"56,7400";"18,9145";"12,6293"
"56,7500";"18,9178";"12,6304"
"56,7600";"18,9210";"12,6313"
"56,7700";"18,9243";"12,6315"
"56,7800";"18,9275";"12,6312"
"56,7900";"18,9307";"12,6305"
"56,8000";"18,9339";"12,6322"
"56,8100";"18,9371";"12,6340"
"56,8200";"18,9404";"12,6342"
"56,8300";"18,9437";"12,6342"
"56,8400";"18,9470";"12,6348"
"56,8500";"18,9503";"12,6348"
"56,8600";"18,9537";"12,6334"
"56,8700";"18,9571";"12,6337"
"56,8800";"18,9605";"12,6341"
"56,8900";"18,9640";"12,6344"
"56,9000";"18,9675";"12,6356"
"56,9100";"18,9709";"12,6364"
"56,9200";"18,9744";"12,6382"
"56,9300";"18,9778";"12,6399"
"56,9400";"18,9811";"12,6403"
"56,9500";"18,9844";"12,6417"
"56,9600";"18,9876";"12,6437"
"56,9700";"18,9906";"12,6445"
"56,9800";"18,9938";"12,6426"
"56,9900";"18,9970";"12,6403"
"57,0000";"19,0003";"12,6412"
"57,0100";"19,0035";"12,6434"
"57,0200";"19,0068";"12,6442"
"57,0300";"19,0101";"12,6441"
"57,0400";"19,0134";"12,6456"
"57,0500";"19,0169";"12,6469"
"57,0600";"19,0203";"12,6477"
"57,0700";"19,0238";"12,6471"
"57,0800";"19,0274";"12,6465"
"57,0900";"19,0308";"12,6471"
"57,1000";"19,0342";"12,6487"
"57,1100";"19,0375";"12,6502"
"57,1200";"19,0409";"12,6521"
"57,1300";"19,0442";"12,6528"
"57,1400";"19,0476";"12,6527"
"57,1500";"19,0509";"12,6532"
"57,1600";"19,0540";"12,6547"
"57,1700";"19,0574";"12,6557"
"57,1800";"19,0605";"12,6547"
"57,1900";"19,0638";"12,6544"
"57,2000";"19,0672";"12,6571"
"57,2100";"19,0705";"12,6604"
"57,2200";"19,0738";"12,6599"
"57,2300";"19,0771";"12,6582"
"57,2400";"19,0804";"12,6582"
"57,2500";"19,0839";"12,6589"
"57,2600";"19,0873";"12,6605"
"57,2700";"19,0909";"12,6617"
"57,2800";"19,0944";"12,6613"
"57,2900";"19,0978";"12,6618"
"57,3000";"19,1012";"12,6623"
"57,3100";"19,1045";"12,6616"
"57,3200";"19,1076";"12,6613"
"57,3300";"19,1109";"12,6623"
"57,3400";"19,1141";"12,6636"
"57,3500";"19,1173";"12,6640"
"57,3600";"19,1205";"12,6646"
"57,3700";"19,1237";"12,6660"
"57,3800";"19,1270";"12,6667"
"57,3900";"19,1303";"12,6668"
"57,4000";"19,1336";"12,6681"
"57,4100";"19,1370";"12,6697"
"57,4200";"19,1403";"12,6704"
"57,4300";"19,1438";"12,6715"
"57,4400";"19,1472";"12,6717"
"57,4500";"19,1507";"12,6730"
"57,4600";"19,1542";"12,6729"
"57,4700";"19,1577";"12,6711"
"57,4800";"19,1611";"12,6701"
"57,4900";"19,1645";"12,6716"
"57,5000";"19,1679";"12,6731"
"57,5100";"19,1712";"12,6739"
"57,5200";"19,1743";"12,6746"
"57,5300";"19,1775";"12,6758"
"57,5400";"19,1807";"12,6773"
"57,5500";"19,1839";"12,6773"
"57,5600";"19,1871";"12,6776"
"57,5700";"19,1904";"12,6779"
"57,5800";"19,1937";"12,6788"
"57,5900";"19,1970";"12,6785"
"57,6000";"19,2003";"12,6787"
"57,6100";"19,2037";"12,6803"
"57,6200";"19,2072";"12,6820"
"57,6300";"19,2105";"12,6827"
"57,6400";"19,2139";"12,6825"
"57,6500";"19,2173";"12,6821"
"57,6600";"19,2207";"12,6823"
"57,6700";"19,2242";"12,6816"
"57,6800";"19,2275";"12,6815"
"57,6900";"19,2309";"12,6827"
"57,7000";"19,2341";"12,6845"
"57,7100";"19,2374";"12,6860"
"57,7200";"19,2407";"12,6861"
"57,7300";"19,2440";"12,6859"
"57,7400";"19,2473";"12,6854"
"57,7500";"19,2505";"12,6845"
"57,7600";"19,2538";"12,6832"
"57,7700";"19,2570";"12,6836"
"57,7800";"19,2603";"12,6870"
"57,7900";"19,2636";"12,6890"
"57,8000";"19,2670";"12,6888"
"57,8100";"19,2704";"12,6889"
"57,8200";"19,2740";"12,6896"
"57,8300";"19,2774";"12,6895"
"57,8400";"19,2808";"12,6887"
"57,8500";"19,2843";"12,6891"
"57,8600";"19,2876";"12,6906"
"57,8700";"19,2910";"12,6913"
"57,8800";"19,2943";"12,6924"
"57,8900";"19,2976";"12,6935"
"57,9000";"19,3009";"12,6954"
"57,9100";"19,3041";"12,6951"
"57,9200";"19,3074";"12,6926"
"57,9300";"19,3106";"12,6907"
"57,9400";"19,3140";"12,6911"
"57,9500";"19,3172";"12,6940"
"57,9600";"19,3205";"12,6969"
"57,9700";"19,3237";"12,6986"
"57,9800";"19,3270";"12,6977"
"57,9900";"19,3303";"12,6963"
"58,0000";"19,3337";"12,6961"
"58,0100";"19,3371";"12,6982"
"58,0200";"19,3407";"12,7002"
"58,0300";"19,3441";"12,7000"
"58,0400";"19,3474";"12,6980"
"58,0500";"19,3507";"12,6988"
"58,0600";"19,3540";"12,7020"
"58,0700";"19,3574";"12,7049"
"58,0800";"19,3609";"12,7036"
"58,0900";"19,3642";"12,7011"
"58,1000";"19,3674";"12,7021"
"58,1100";"19,3706";"12,7046"
"58,1200";"19,3739";"12,7068"
"58,1300";"19,3772";"12,7069"
"58,1400";"19,3805";"12,7070"
"58,1500";"19,3838";"12,7060"
"58,1600";"19,3871";"12,7049"
"58,1700";"19,3904";"12,7055"
"58,1800";"19,3937";"12,7075"
"58,1900";"19,3971";"12,7088"
"58,2000";"19,4005";"12,7085"
"58,2100";"19,4040";"12,7082"
"58,2200";"19,4075";"12,7102"
"58,2300";"19,4109";"12,7125"
"58,2400";"19,4142";"12,7138"
"58,2500";"19,4175";"12,7136"
"58,2600";"19,4208";"12,7122"
"58,2700";"19,4242";"12,7111"
"58,2800";"19,4275";"12,7092"
"58,2900";"19,4308";"12,7099"
"58,3000";"19,4339";"12,7125"
"58,3100";"19,4373";"12,7163"
"58,3200";"19,4404";"12,7175"
"58,3300";"19,4437";"12,7182"
"58,3400";"19,4471";"12,7196"
"58,3500";"19,4505";"12,7208"
"58,3600";"19,4538";"12,7204"
"58,3700";"19,4571";"12,7177"
"58,3800";"19,4605";"12,7165"
"58,3900";"19,4639";"12,7191"
"58,4000";"19,4674";"12,7229"
"58,4100";"19,4708";"12,7259"
"58,4200";"19,4742";"12,7266"
"58,4300";"19,4776";"12,7259"
"58,4400";"19,4808";"12,7247"
"58,4500";"19,4841";"12,7225"
"58,4600";"19,4874";"12,7224"
"58,4700";"19,4907";"12,7237"
"58,4800";"19,4942";"12,7257"
"58,4900";"19,4976";"12,7268"
"58,5000";"19,5009";"12,7267"
"58,5100";"19,5042";"12,7271"
"58,5200";"19,5074";"12,7268"
"58,5300";"19,5107";"12,7266"
"58,5400";"19,5139";"12,7268"
"58,5500";"19,5173";"12,7285"
"58,5600";"19,5206";"12,7306"
"58,5700";"19,5239";"12,7296"
"58,5800";"19,5273";"12,7297"
"58,5900";"19,5306";"12,7305"
"58,6000";"19,5341";"12,7309"
"58,6100";"19,5375";"12,7289"
"58,6200";"19,5409";"12,7289"
"58,6300";"19,5443";"12,7306"
"58,6400";"19,5476";"12,7323"
"58,6500";"19,5509";"12,7321"
"58,6600";"19,5542";"12,7326"
"58,6700";"19,5574";"12,7343"
"58,6800";"19,5607";"12,7364"
"58,6900";"19,5640";"12,7373"
"58,7000";"19,5672";"12,7383"
"58,7100";"19,5704";"12,7390"
"58,7200";"19,5736";"12,7399"
"58,7300";"19,5769";"12,7391"
"58,7400";"19,5802";"12,7384"
"58,7500";"19,5836";"12,7385"
"58,7600";"19,5871";"12,7379"
"58,7700";"19,5905";"12,7382"
"58,7800";"19,5938";"12,7386"
"58,7900";"19,5972";"12,7400"
"58,8000";"19,6006";"12,7399"
"58,8100";"19,6039";"12,7383"
"58,8200";"19,6075";"12,7397"
"58,8300";"19,6109";"12,7425"
"58,8400";"19,6142";"12,7448"
"58,8500";"19,6175";"12,7451"
"58,8600";"19,6208";"12,7439"
"58,8700";"19,6241";"12,7445"
"58,8800";"19,6274";"12,7446"
"58,8900";"19,6307";"12,7439"
"58,9000";"19,6339";"12,7429"
"58,9100";"19,6371";"12,7440"
"58,9200";"19,6404";"12,7467"
"58,9300";"19,6437";"12,7479"
"58,9400";"19,6472";"12,7493"
"58,9500";"19,6506";"12,7505"
"58,9600";"19,6540";"12,7504"
"58,9700";"19,6574";"12,7500"
"58,9800";"19,6609";"12,7490"
"58,9900";"19,6642";"12,7501"
"59,0000";"19,6676";"12,7520"
"59,0100";"19,6710";"12,7516"
"59,0200";"19,6744";"12,7510"
"59,0300";"19,6777";"12,7516"
"59,0400";"19,6810";"12,7529"
"59,0500";"19,6843";"12,7531"
"59,0600";"19,6875";"12,7536"
"59,0700";"19,6907";"12,7555"
"59,0800";"19,6940";"12,7561"
"59,0900";"19,6973";"12,7550"
"59,1000";"19,7005";"12,7530"
"59,1100";"19,7037";"12,7534"
"59,1200";"19,7070";"12,7552"
"59,1300";"19,7103";"12,7576"
"59,1400";"19,7136";"12,7577"
"59,1500";"19,7170";"12,7573"
"59,1600";"19,7205";"12,7583"
"59,1700";"19,7240";"12,7589"
"59,1800";"19,7273";"12,7586"
"59,1900";"19,7307";"12,7578"
"59,2000";"19,7342";"12,7578"
"59,2100";"19,7376";"12,7592"
"59,2200";"19,7410";"12,7608"
"59,2300";"19,7443";"12,7629"
"59,2400";"19,7476";"12,7646"
"59,2500";"19,7508";"12,7653"
"59,2600";"19,7540";"12,7649"
"59,2700";"19,7572";"12,7646"
"59,2800";"19,7604";"12,7657"
"59,2900";"19,7637";"12,7663"
"59,3000";"19,7671";"12,7667"
"59,3100";"19,7705";"12,7669"
"59,3200";"19,7738";"12,7682"
"59,3300";"19,7773";"12,7691"
"59,3400";"19,7807";"12,7681"
"59,3500";"19,7841";"12,7676"
"59,3600";"19,7875";"12,7694"
"59,3700";"19,7909";"12,7718"
"59,3800";"19,7944";"12,7721"
"59,3900";"19,7977";"12,7713"
"59,4000";"19,8009";"12,7720"
"59,4100";"19,8042";"12,7731"
"59,4200";"19,8075";"12,7743"
"59,4300";"19,8109";"12,7738"
"59,4400";"19,8142";"12,7730"
"59,4500";"19,8173";"12,7725"
"59,4600";"19,8205";"12,7717"
"59,4700";"19,8235";"12,7713"
"59,4800";"19,8268";"12,7725"
"59,4900";"19,8300";"12,7745"
"59,5000";"19,8334";"12,7759"
"59,5100";"19,8368";"12,7762"
"59,5200";"19,8401";"12,7758"
"59,5300";"19,8434";"12,7732"
"59,5400";"19,8467";"12,7711"
"59,5500";"19,8500";"12,7725"
"59,5600";"19,8534";"12,7749"
"59,5700";"19,8569";"12,7782"
"59,5800";"19,8604";"12,7801"
"59,5900";"19,8638";"12,7797"
"59,6000";"19,8671";"12,7806"
"59,6100";"19,8704";"12,7819"
"59,6200";"19,8737";"12,7820"
"59,6300";"19,8771";"12,7813"
"59,6400";"19,8806";"12,7817"
"59,6500";"19,8840";"12,7836"
"59,6600";"19,8874";"12,7857"
"59,6700";"19,8907";"12,7872"
"59,6800";"19,8941";"12,7886"
"59,6900";"19,8976";"12,7886"
"59,7000";"19,9011";"12,7887"
"59,7100";"19,9046";"12,7882"
"59,7200";"19,9079";"12,7891"
"59,7300";"19,9112";"12,7907"
"59,7400";"19,9146";"12,7907"
"59,7500";"19,9179";"12,7905"
"59,7600";"19,9212";"12,7920"
"59,7700";"19,9245";"12,7944"
"59,7800";"19,9277";"12,7955"
"59,7900";"19,9310";"12,7949"
"59,8000";"19,9341";"12,7933"
"59,8100";"19,9373";"12,7931"
"59,8200";"19,9405";"12,7940"
"59,8300";"19,9437";"12,7948"
"59,8400";"19,9469";"12,7955"
"59,8500";"19,9502";"12,7968"
"59,8600";"19,9535";"12,7958"
"59,8700";"19,9568";"12,7938"
"59,8800";"19,9604";"12,7929"
"59,8900";"19,9638";"12,7946"
"59,9000";"19,9674";"12,7967"
"59,9100";"19,9710";"12,7976"
"59,9200";"19,9744";"12,7979"
"59,9300";"19,9777";"12,8004"
"59,9400";"19,9810";"12,8029"
"59,9500";"19,9844";"12,8046"
"59,9600";"19,9877";"12,8064"
"59,9700";"19,9911";"12,8080"
"59,9800";"19,9944";"12,8067"
"59,9900";"19,9975";"12,8048"
"60,0000";"20,0007";"12,8043"
"60,0100";"20,0039";"12,8065"
"60,0200";"20,0072";"12,8084"
"60,0300";"20,0105";"12,8075"
"60,0400";"20,0138";"12,8073"
"60,0500";"20,0173";"12,8068"
"60,0600";"20,0206";"12,8057"
"60,0700";"20,0239";"12,8046"
"60,0800";"20,0273";"12,8054"
"60,0900";"20,0307";"12,8079"
"60,1000";"20,0341";"12,8109"
"60,1100";"20,0376";"12,8119"
"60,1200";"20,0410";"12,8124"
"60,1300";"20,0444";"12,8128"
"60,1400";"20,0476";"12,8120"
"60,1500";"20,0509";"12,8092"
"60,1600";"20,0541";"12,8073"
"60,1700";"20,0574";"12,8099"
"60,1800";"20,0606";"12,8144"
"60,1900";"20,0638";"12,8160"
"60,2000";"20,0670";"12,8179"
"60,2100";"20,0701";"12,8190"
"60,2200";"20,0735";"12,8180"
"60,2300";"20,0769";"12,8168"
"60,2400";"20,0803";"12,8160"
"60,2500";"20,0838";"12,8162"
"60,2600";"20,0873";"12,8177"
"60,2700";"20,0908";"12,8199"
"60,2800";"20,0942";"12,8210"
"60,2900";"20,0977";"12,8213"
"60,3000";"20,1011";"12,8223"
"60,3100";"20,1045";"12,8210"
"60,3200";"20,1078";"12,8175"
"60,3300";"20,1110";"12,8169"
"60,3400";"20,1142";"12,8190"
"60,3500";"20,1175";"12,8206"
"60,3600";"20,1207";"12,8212"
"60,3700";"20,1240";"12,8220"
"60,3800";"20,1272";"12,8232"
"60,3900";"20,1305";"12,8229"
"60,4000";"20,1337";"12,8218"
"60,4100";"20,1369";"12,8213"
"60,4200";"20,1403";"12,8237"
"60,4300";"20,1437";"12,8253"
"60,4400";"20,1472";"12,8267"
"60,4500";"20,1507";"12,8288"
"60,4600";"20,1542";"12,8309"
"60,4700";"20,1576";"12,8317"
"60,4800";"20,1609";"12,8306"
"60,4900";"20,1644";"12,8285"
"60,5000";"20,1677";"12,8287"
"60,5100";"20,1710";"12,8296"
"60,5200";"20,1743";"12,8309"
"60,5300";"20,1773";"12,8330"
"60,5400";"20,1807";"12,8348"
"60,5500";"20,1838";"12,8361"
"60,5600";"20,1870";"12,8351"
"60,5700";"20,1903";"12,8333"
"60,5800";"20,1935";"12,8326"
"60,5900";"20,1967";"12,8312"
"60,6000";"20,2000";"12,8310"
"60,6100";"20,2033";"12,8321"
"60,6200";"20,2067";"12,8346"
"60,6300";"20,2104";"12,8362"
"60,6400";"20,2139";"12,8361"
"60,6500";"20,2174";"12,8361"
"60,6600";"20,2209";"12,8372"
"60,6700";"20,2243";"12,8375"
"60,6800";"20,2275";"12,8375"
"60,6900";"20,2308";"12,8374"
"60,7000";"20,2342";"12,8395"
"60,7100";"20,2377";"12,8422"
"60,7200";"20,2410";"12,8433"
"60,7300";"20,2443";"12,8426"
"60,7400";"20,2476";"12,8423"
"60,7500";"20,2508";"12,8416"
"60,7600";"20,2540";"12,8394"
"60,7700";"20,2571";"12,8369"
"60,7800";"20,2605";"12,8380"
"60,7900";"20,2638";"12,8420"
"60,8000";"20,2671";"12,8445"
"60,8100";"20,2704";"12,8462"
"60,8200";"20,2738";"12,8463"
"60,8300";"20,2772";"12,8457"
"60,8400";"20,2806";"12,8451"
"60,8500";"20,2839";"12,8439"
"60,8600";"20,2873";"12,8440"
"60,8700";"20,2906";"12,8451"
"60,8800";"20,2939";"12,8461"
"60,8900";"20,2972";"12,8471"
"60,9000";"20,3006";"12,8503"
"60,9100";"20,3041";"12,8536"
"60,9200";"20,3074";"12,8544"
"60,9300";"20,3109";"12,8527"
"60,9400";"20,3141";"12,8508"
"60,9500";"20,3171";"12,8518"
"60,9600";"20,3204";"12,8546"
"60,9700";"20,3237";"12,8561"
"60,9800";"20,3270";"12,8571"
"60,9900";"20,3305";"12,8575"
"61,0000";"20,3339";"12,8561"
"61,0100";"20,3374";"12,8552"
"61,0200";"20,3407";"12,8554"
"61,0300";"20,3442";"12,8566"
"61,0400";"20,3476";"12,8566"
"61,0500";"20,3510";"12,8559"
"61,0600";"20,3543";"12,8557"
"61,0700";"20,3576";"12,8579"
"61,0800";"20,3609";"12,8592"
"61,0900";"20,3642";"12,8591"
"61,1000";"20,3675";"12,8601"
"61,1100";"20,3708";"12,8624"
"61,1200";"20,3740";"12,8633"
"61,1300";"20,3774";"12,8625"
"61,1400";"20,3806";"12,8625"
"61,1500";"20,3839";"12,8636"
"61,1600";"20,3871";"12,8651"
"61,1700";"20,3904";"12,8646"
"61,1800";"20,3939";"12,8645"
"61,1900";"20,3972";"12,8655"
"61,2000";"20,4006";"12,8672"
"61,2100";"20,4039";"12,8685"
"61,2200";"20,4072";"12,8693"
"61,2300";"20,4106";"12,8698"
"61,2400";"20,4139";"12,8689"
"61,2500";"20,4173";"12,8691"
"61,2600";"20,4208";"12,8703"
"61,2700";"20,4241";"12,8713"
"61,2800";"20,4274";"12,8719"
"61,2900";"20,4308";"12,8713"
"61,3000";"20,4341";"12,8713"
"61,3100";"20,4375";"12,8725"
"61,3200";"20,4408";"12,8743"
"61,3300";"20,4441";"12,8747"
"61,3400";"20,4473";"12,8740"
"61,3500";"20,4505";"12,8737"
"61,3600";"20,4538";"12,8740"
"61,3700";"20,4571";"12,8740"
"61,3800";"20,4606";"12,8745"
"61,3900";"20,4640";"12,8757"
"61,4000";"20,4674";"12,8756"
"61,4100";"20,4707";"12,8756"
"61,4200";"20,4741";"12,8756"
"61,4300";"20,4774";"12,8778"
"61,4400";"20,4807";"12,8805"
"61,4500";"20,4842";"12,8824"
"61,4600";"20,4876";"12,8820"
"61,4700";"20,4909";"12,8808"
"61,4800";"20,4943";"12,8813"
"61,4900";"20,4976";"12,8819"
"61,5000";"20,5009";"12,8836"
"61,5100";"20,5041";"12,8848"
"61,5200";"20,5074";"12,8855"
"61,5300";"20,5105";"12,8853"
"61,5400";"20,5137";"12,8847"
"61,5500";"20,5170";"12,8848"
"61,5600";"20,5203";"12,8856"
"61,5700";"20,5236";"12,8850"
"61,5800";"20,5270";"12,8837"
"61,5900";"20,5304";"12,8833"
"61,6000";"20,5338";"12,8855"
"61,6100";"20,5372";"12,8890"
"61,6200";"20,5405";"12,8899"
"61,6300";"20,5439";"12,8906"
"61,6400";"20,5473";"12,8917"
"61,6500";"20,5508";"12,8926"
"61,6600";"20,5542";"12,8926"
"61,6700";"20,5575";"12,8942"
"61,6800";"20,5609";"12,8949"
"61,6900";"20,5642";"12,8942"
"61,7000";"20,5674";"12,8924"
"61,7100";"20,5706";"12,8915"
"61,7200";"20,5739";"12,8930"
"61,7300";"20,5772";"12,8950"
"61,7400";"20,5805";"12,8958"
"61,7500";"20,5838";"12,8965"
"61,7600";"20,5871";"12,8977"
"61,7700";"20,5905";"12,8982"
"61,7800";"20,5940";"12,8985"
"61,7900";"20,5975";"12,8985"
"61,8000";"20,6008";"12,8986"
"61,8100";"20,6042";"12,8983"
"61,8200";"20,6077";"12,8985"
"61,8300";"20,6111";"12,8987"
"61,8400";"20,6145";"12,9008"
"61,8500";"20,6178";"12,9035"
"61,8600";"20,6212";"12,9034"
"61,8700";"20,6244";"12,9024"
"61,8800";"20,6277";"12,9032"
"61,8900";"20,6308";"12,9055"
"61,9000";"20,6339";"12,9056"
"61,9100";"20,6372";"12,9038"
"61,9200";"20,6405";"12,9036"
"61,9300";"20,6438";"12,9044"
"61,9400";"20,6472";"12,9052"
"61,9500";"20,6505";"12,9059"
"61,9600";"20,6538";"12,9083"
"61,9700";"20,6572";"12,9107"
"61,9800";"20,6605";"12,9099"
"61,9900";"20,6640";"12,9091"
"62,0000";"20,6674";"12,9089"
"62,0100";"20,6707";"12,9090"
"62,0200";"20,6741";"12,9087"
"62,0300";"20,6774";"12,9092"
"62,0400";"20,6807";"12,9112"
"62,0500";"20,6842";"12,9130"
"62,0600";"20,6875";"12,9148"
"62,0700";"20,6908";"12,9157"
"62,0800";"20,6940";"12,9162"
"62,0900";"20,6970";"12,9158"
"62,1000";"20,7002";"12,9141"
"62,1100";"20,7035";"12,9128"
"62,1200";"20,7069";"12,9135"
"62,1300";"20,7104";"12,9145"
"62,1400";"20,7139";"12,9155"
"62,1500";"20,7173";"12,9170"
"62,1600";"20,7208";"12,9172"
"62,1700";"20,7242";"12,9180"
"62,1800";"20,7275";"12,9177"
"62,1900";"20,7309";"12,9176"
"62,2000";"20,7343";"12,9174"
"62,2100";"20,7376";"12,9181"
"62,2200";"20,7408";"12,9193"
"62,2300";"20,7441";"12,9188"
"62,2400";"20,7473";"12,9179"
"62,2500";"20,7506";"12,9191"
"62,2600";"20,7539";"12,9209"
"62,2700";"20,7572";"12,9218"
"62,2800";"20,7604";"12,9234"
"62,2900";"20,7636";"12,9247"
"62,3000";"20,7669";"12,9246"
"62,3100";"20,7702";"12,9246"
"62,3200";"20,7736";"12,9256"
"62,3300";"20,7772";"12,9257"
"62,3400";"20,7807";"12,9253"
"62,3500";"20,7841";"12,9241"
"62,3600";"20,7876";"12,9229"
"62,3700";"20,7909";"12,9238"
"62,3800";"20,7943";"12,9273"
"62,3900";"20,7977";"12,9309"
"62,4000";"20,8011";"12,9338"
"62,4100";"20,8045";"12,9355"
"62,4200";"20,8078";"12,9355"
"62,4300";"20,8111";"12,9334"
"62,4400";"20,8143";"12,9323"
"62,4500";"20,8174";"12,9328"
"62,4600";"20,8206";"12,9335"
"62,4700";"20,8237";"12,9342"
"62,4800";"20,8270";"12,9345"
"62,4900";"20,8302";"12,9352"
"62,5000";"20,8335";"12,9368"
"62,5100";"20,8369";"12,9370"
"62,5200";"20,8405";"12,9358"
"62,5300";"20,8440";"12,9359"
"62,5400";"20,8474";"12,9362"
"62,5500";"20,8510";"12,9363"
"62,5600";"20,8543";"12,9380"
"62,5700";"20,8576";"12,9413"
"62,5800";"20,8610";"12,9427"
"62,5900";"20,8643";"12,9425"
"62,6000";"20,8676";"12,9419"
"62,6100";"20,8709";"12,9414"
"62,6200";"20,8742";"12,9425"
"62,6300";"20,8774";"12,9432"
"62,6400";"20,8805";"12,9430"
"62,6500";"20,8837";"12,9427"
"62,6600";"20,8869";"12,9440"
"62,6700";"20,8902";"12,9459"
"62,6800";"20,8936";"12,9477"
"62,6900";"20,8970";"12,9487"
"62,7000";"20,9004";"12,9492"
"62,7100";"20,9039";"12,9480"
"62,7200";"20,9074";"12,9478"
"62,7300";"20,9108";"12,9507"
"62,7400";"20,9142";"12,9545"
"62,7500";"20,9177";"12,9548"
"62,7600";"20,9210";"12,9526"
"62,7700";"20,9243";"12,9511"
"62,7800";"20,9276";"12,9514"
"62,7900";"20,9309";"12,9523"
"62,8000";"20,9343";"12,9538"
"62,8100";"20,9376";"12,9545"
"62,8200";"20,9408";"12,9539"
"62,8300";"20,9440";"12,9538"
"62,8400";"20,9471";"12,9541"
"62,8500";"20,9504";"12,9561"
"62,8600";"20,9537";"12,9575"
"62,8700";"20,9571";"12,9561"
"62,8800";"20,9605";"12,9547"
"62,8900";"20,9641";"12,9547"
"62,9000";"20,9674";"12,9563"
"62,9100";"20,9708";"12,9595"
"62,9200";"20,9741";"12,9621"
"62,9300";"20,9775";"12,9619"
"62,9400";"20,9809";"12,9616"
"62,9500";"20,9844";"12,9608"
"62,9600";"20,9877";"12,9602"
"62,9700";"20,9910";"12,9633"
"62,9800";"20,9943";"12,9663"
"62,9900";"20,9976";"12,9668"
"63,0000";"21,0008";"12,9661"
"63,0100";"21,0038";"12,9645"
"63,0200";"21,0070";"12,9647"
"63,0300";"21,0102";"12,9665"
"63,0400";"21,0135";"12,9682"
"63,0500";"21,0168";"12,9679"
"63,0600";"21,0203";"12,9678"
"63,0700";"21,0238";"12,9676"
"63,0800";"21,0273";"12,9679"
"63,0900";"21,0309";"12,9679"
"63,1000";"21,0343";"12,9687"
"63,1100";"21,0376";"12,9684"
"63,1200";"21,0410";"12,9678"
"63,1300";"21,0445";"12,9698"
"63,1400";"21,0479";"12,9728"
"63,1500";"21,0511";"12,9750"
"63,1600";"21,0543";"12,9745"
"63,1700";"21,0574";"12,9732"
"63,1800";"21,0606";"12,9733"
"63,1900";"21,0639";"12,9746"
"63,2000";"21,0671";"12,9766"
"63,2100";"21,0704";"12,9777"
"63,2200";"21,0736";"12,9765"
"63,2300";"21,0768";"12,9754"
"63,2400";"21,0802";"12,9745"
"63,2500";"21,0838";"12,9753"
"63,2600";"21,0873";"12,9774"
"63,2700";"21,0907";"12,9792"
"63,2800";"21,0943";"12,9795"
"63,2900";"21,0977";"12,9788"
"63,3000";"21,1011";"12,9790"
"63,3100";"21,1044";"12,9808"
"63,3200";"21,1077";"12,9816"
"63,3300";"21,1110";"12,9839"
"63,3400";"21,1144";"12,9856"
"63,3500";"21,1175";"12,9857"
"63,3600";"21,1207";"12,9841"
"63,3700";"21,1240";"12,9818"
"63,3800";"21,1272";"12,9806"
"63,3900";"21,1304";"12,9808"
"63,4000";"21,1336";"12,9810"
"63,4100";"21,1369";"12,9813"
"63,4200";"21,1402";"12,9834"
"63,4300";"21,1436";"12,9873"
"63,4400";"21,1471";"12,9896"
"63,4500";"21,1505";"12,9895"
"63,4600";"21,1540";"12,9876"
"63,4700";"21,1576";"12,9877"
"63,4800";"21,1610";"12,9895"
"63,4900";"21,1643";"12,9906"
"63,5000";"21,1676";"12,9913"
"63,5100";"21,1708";"12,9915"
"63,5200";"21,1741";"12,9918"
"63,5300";"21,1774";"12,9915"
"63,5400";"21,1807";"12,9925"
"63,5500";"21,1840";"12,9937"
"63,5600";"21,1873";"12,9939"
"63,5700";"21,1906";"12,9934"
"63,5800";"21,1938";"12,9936"
"63,5900";"21,1970";"12,9938"
"63,6000";"21,2003";"12,9949"
"63,6100";"21,2037";"12,9956"
"63,6200";"21,2071";"12,9950"
"63,6300";"21,2106";"12,9958"
"63,6400";"21,2140";"12,9962"
"63,6500";"21,2173";"12,9952"
"63,6600";"21,2207";"12,9956"
"63,6700";"21,2241";"12,9977"
"63,6800";"21,2276";"12,9994"
"63,6900";"21,2309";"12,9992"
"63,7000";"21,2342";"12,9997"
"63,7100";"21,2375";"13,0006"
"63,7200";"21,2407";"13,0029"
"63,7300";"21,2440";"13,0037"
"63,7400";"21,2473";"13,0030"
"63,7500";"21,2506";"13,0038"
"63,7600";"21,2539";"13,0044"
"63,7700";"21,2570";"13,0063"
"63,7800";"21,2601";"13,0070"
"63,7900";"21,2635";"13,0064"
"63,8000";"21,2669";"13,0050"
"63,8100";"21,2704";"13,0047"
"63,8200";"21,2740";"13,0049"
"63,8300";"21,2774";"13,0064"
"63,8400";"21,2808";"13,0085"
"63,8500";"21,2841";"13,0090"
"63,8600";"21,2874";"13,0092"
"63,8700";"21,2908";"13,0108"
"63,8800";"21,2943";"13,0126"
"63,8900";"21,2976";"13,0130"
"63,9000";"21,3010";"13,0111"
"63,9100";"21,3042";"13,0093"
"63,9200";"21,3074";"13,0099"
"63,9300";"21,3108";"13,0115"
"63,9400";"21,3140";"13,0127"
"63,9500";"21,3173";"13,0131"
"63,9600";"21,3205";"13,0137"
"63,9700";"21,3238";"13,0150"
"63,9800";"21,3271";"13,0155"
"63,9900";"21,3304";"13,0167"
"64,0000";"21,3338";"13,0177"
"64,0100";"21,3374";"13,0185"
"64,0200";"21,3408";"13,0193"
"64,0300";"21,3442";"13,0205"
"64,0400";"21,3476";"13,0226"
"64,0500";"21,3508";"13,0233"
"64,0600";"21,3541";"13,0232"
"64,0700";"21,3574";"13,0230"
"64,0800";"21,3607";"13,0234"
"64,0900";"21,3640";"13,0236"
"64,1000";"21,3675";"13,0235"
"64,1100";"21,3706";"13,0238"
"64,1200";"21,3738";"13,0243"
"64,1300";"21,3771";"13,0231"
"64,1400";"21,3804";"13,0231"
"64,1500";"21,3838";"13,0258"
"64,1600";"21,3872";"13,0292"
"64,1700";"21,3905";"13,0295"
"64,1800";"21,3938";"13,0269"
"64,1900";"21,3972";"13,0245"
"64,2000";"21,4006";"13,0260"
"64,2100";"21,4041";"13,0289"
"64,2200";"21,4075";"13,0300"
"64,2300";"21,4108";"13,0310"
"64,2400";"21,4142";"13,0315"
"64,2500";"21,4175";"13,0308"
"64,2600";"21,4208";"13,0299"
"64,2700";"21,4241";"13,0309"
"64,2800";"21,4274";"13,0338"
"64,2900";"21,4307";"13,0357"
"64,3000";"21,4340";"13,0348"
"64,3100";"21,4374";"13,0343"
"64,3200";"21,4407";"13,0351"
"64,3300";"21,4440";"13,0372"
"64,3400";"21,4473";"13,0375"
"64,3500";"21,4506";"13,0368"
"64,3600";"21,4540";"13,0354"
"64,3700";"21,4573";"13,0351"
"64,3800";"21,4607";"13,0369"
"64,3900";"21,4641";"13,0390"
"64,4000";"21,4675";"13,0408"
"64,4100";"21,4709";"13,0403"
"64,4200";"21,4743";"13,0389"
"64,4300";"21,4775";"13,0384"
"64,4400";"21,4809";"13,0414"
"64,4500";"21,4841";"13,0440"
"64,4600";"21,4874";"13,0449"
"64,4700";"21,4907";"13,0445"
"64,4800";"21,4940";"13,0446"
"64,4900";"21,4973";"13,0455"
"64,5000";"21,5006";"13,0457"
"64,5100";"21,5038";"13,0454"
"64,5200";"21,5071";"13,0444"
"64,5300";"21,5103";"13,0441"
"64,5400";"21,5136";"13,0445"
"64,5500";"21,5172";"13,0459"
"64,5600";"21,5206";"13,0478"
"64,5700";"21,5241";"13,0486"
"64,5800";"21,5277";"13,0471"
"64,5900";"21,5310";"13,0460"
"64,6000";"21,5344";"13,0471"
"64,6100";"21,5377";"13,0492"
"64,6200";"21,5411";"13,0517"
"64,6300";"21,5444";"13,0524"
"64,6400";"21,5477";"13,0526"
"64,6500";"21,5509";"13,0528"
"64,6600";"21,5542";"13,0528"
"64,6700";"21,5574";"13,0538"
"64,6800";"21,5607";"13,0548"
"64,6900";"21,5639";"13,0548"
"64,7000";"21,5671";"13,0524"
"64,7100";"21,5702";"13,0510"
"64,7200";"21,5735";"13,0538"
"64,7300";"21,5767";"13,0583"
"64,7400";"21,5800";"13,0604"
"64,7500";"21,5834";"13,0593"
"64,7600";"21,5869";"13,0568"
"64,7700";"21,5905";"13,0575"
"64,7800";"21,5939";"13,0601"
"64,7900";"21,5974";"13,0616"
"64,8000";"21,6009";"13,0606"
"64,8100";"21,6043";"13,0594"
"64,8200";"21,6077";"13,0585"
"64,8300";"21,6111";"13,0589"
"64,8400";"21,6144";"13,0599"
"64,8500";"21,6176";"13,0608"
"64,8600";"21,6208";"13,0611"
"64,8700";"21,6241";"13,0599"
"64,8800";"21,6273";"13,0597"
"64,8900";"21,6306";"13,0609"
"64,9000";"21,6338";"13,0635"
"64,9100";"21,6370";"13,0656"
"64,9200";"21,6403";"13,0653"
"64,9300";"21,6437";"13,0648"
"64,9400";"21,6471";"13,0645"
"64,9500";"21,6507";"13,0643"
"64,9600";"21,6542";"13,0640"
"64,9700";"21,6575";"13,0662"
"64,9800";"21,6609";"13,0673"
"64,9900";"21,6643";"13,0675"
"65,0000";"21,6674";"13,0681"
"65,0100";"21,6709";"13,0706"
"65,0200";"21,6742";"13,0727"
"65,0300";"21,6776";"13,0739"
"65,0400";"21,6809";"13,0731"
"65,0500";"21,6841";"13,0708"
"65,0600";"21,6873";"13,0698"
"65,0700";"21,6903";"13,0701"
"65,0800";"21,6936";"13,0717"
"65,0900";"21,6970";"13,0733"
"65,1000";"21,7003";"13,0746"
"65,1100";"21,7037";"13,0741"
"65,1200";"21,7071";"13,0736"
"65,1300";"21,7105";"13,0745"
"65,1400";"21,7140";"13,0753"
"65,1500";"21,7174";"13,0746"
"65,1600";"21,7209";"13,0742"
"65,1700";"21,7242";"13,0754"
"65,1800";"21,7276";"13,0775"
"65,1900";"21,7308";"13,0782"
"65,2000";"21,7341";"13,0775"
"65,2100";"21,7374";"13,0785"
"65,2200";"21,7408";"13,0807"
"65,2300";"21,7442";"13,0814"
"65,2400";"21,7475";"13,0810"
"65,2500";"21,7508";"13,0806"
"65,2600";"21,7540";"13,0812"
"65,2700";"21,7572";"13,0816"
"65,2800";"21,7605";"13,0820"
"65,2900";"21,7638";"13,0819"
"65,3000";"21,7672";"13,0829"
"65,3100";"21,7706";"13,0836"
"65,3200";"21,7742";"13,0839"
"65,3300";"21,7775";"13,0849"
"65,3400";"21,7809";"13,0861"
"65,3500";"21,7842";"13,0868"
"65,3600";"21,7876";"13,0874"
"65,3700";"21,7910";"13,0887"
"65,3800";"21,7943";"13,0891"
"65,3900";"21,7977";"13,0890"
"65,4000";"21,8010";"13,0875"
"65,4100";"21,8041";"13,0880"
"65,4200";"21,8075";"13,0894"
"65,4300";"21,8108";"13,0898"
"65,4400";"21,8139";"13,0889"
"65,4500";"21,8171";"13,0891"
"65,4600";"21,8204";"13,0919"
"65,4700";"21,8236";"13,0938"
"65,4800";"21,8269";"13,0943"
"65,4900";"21,8302";"13,0933"
"65,5000";"21,8338";"13,0933"
"65,5100";"21,8373";"13,0943"
"65,5200";"21,8407";"13,0946"
"65,5300";"21,8442";"13,0947"
"65,5400";"21,8476";"13,0953"
"65,5500";"21,8509";"13,0970"
"65,5600";"21,8543";"13,0982"
"65,5700";"21,8576";"13,0988"
"65,5800";"21,8609";"13,0988"
"65,5900";"21,8642";"13,0985"
"65,6000";"21,8674";"13,0984"
"65,6100";"21,8707";"13,0988"
"65,6200";"21,8740";"13,0995"
"65,6300";"21,8773";"13,1000"
"65,6400";"21,8805";"13,0993"
"65,6500";"21,8837";"13,0996"
"65,6600";"21,8869";"13,1007"
"65,6700";"21,8902";"13,1021"
"65,6800";"21,8935";"13,1036"
"65,6900";"21,8969";"13,1039"
"65,7000";"21,9006";"13,1055"
"65,7100";"21,9041";"13,1067"
"65,7200";"21,9076";"13,1065"
"65,7300";"21,9110";"13,1068"
"65,7400";"21,9144";"13,1076"
"65,7500";"21,9177";"13,1080"
"65,7600";"21,9211";"13,1077"
"65,7700";"21,9244";"13,1085"
"65,7800";"21,9276";"13,1099"
"65,7900";"21,9309";"13,1127"
"65,8000";"21,9342";"13,1151"
"65,8100";"21,9374";"13,1146"
"65,8200";"21,9406";"13,1127"
"65,8300";"21,9438";"13,1102"
"65,8400";"21,9471";"13,1102"
"65,8500";"21,9503";"13,1106"
"65,8600";"21,9536";"13,1119"
"65,8700";"21,9570";"13,1135"
"65,8800";"21,9605";"13,1139"
"65,8900";"21,9640";"13,1133"
"65,9000";"21,9674";"13,1148"
"65,9100";"21,9708";"13,1176"
"65,9200";"21,9743";"13,1195"
"65,9300";"21,9776";"13,1193"
"65,9400";"21,9808";"13,1186"
"65,9500";"21,9841";"13,1192"
"65,9600";"21,9875";"13,1208"
"65,9700";"21,9908";"13,1218"
"65,9800";"21,9941";"13,1224"
"65,9900";"21,9973";"13,1218"
"66,0000";"22,0006";"13,1215"
"66,0100";"22,0038";"13,1212"
"66,0200";"22,0070";"13,1213"
"66,0300";"22,0104";"13,1217"
"66,0400";"22,0138";"13,1213"
"66,0500";"22,0171";"13,1199"
"66,0600";"22,0205";"13,1190"
"66,0700";"22,0240";"13,1198"
"66,0800";"22,0275";"13,1233"
"66,0900";"22,0309";"13,1264"
"66,1000";"22,0345";"13,1262"
"66,1100";"22,0378";"13,1248"
"66,1200";"22,0411";"13,1245"
"66,1300";"22,0444";"13,1242"
"66,1400";"22,0477";"13,1250"
"66,1500";"22,0509";"13,1273"
"66,1600";"22,0542";"13,1288"
"66,1700";"22,0574";"13,1280"
"66,1800";"22,0606";"13,1266"
"66,1900";"22,0638";"13,1263"
"66,2000";"22,0668";"13,1285"
"66,2100";"22,0701";"13,1303"
"66,2200";"22,0734";"13,1305"
"66,2300";"22,0767";"13,1289"
"66,2400";"22,0802";"13,1288"
"66,2500";"22,0836";"13,1285"
"66,2600";"22,0871";"13,1305"
"66,2700";"22,0906";"13,1321"
"66,2800";"22,0940";"13,1324"
"66,2900";"22,0975";"13,1316"
"66,3000";"22,1009";"13,1305"
"66,3100";"22,1044";"13,1329"
"66,3200";"22,1078";"13,1366"
"66,3300";"22,1111";"13,1391"
"66,3400";"22,1144";"13,1379"
"66,3500";"22,1175";"13,1364"
"66,3600";"22,1208";"13,1363"
"66,3700";"22,1240";"13,1365"
"66,3800";"22,1273";"13,1373"
"66,3900";"22,1305";"13,1377"
"66,4000";"22,1338";"13,1373"
"66,4100";"22,1371";"13,1366"
"66,4200";"22,1403";"13,1371"
"66,4300";"22,1437";"13,1403"
"66,4400";"22,1472";"13,1438"
"66,4500";"22,1508";"13,1441"
"66,4600";"22,1543";"13,1416"
"66,4700";"22,1577";"13,1392"
"66,4800";"22,1610";"13,1392"
"66,4900";"22,1643";"13,1417"
"66,5000";"22,1676";"13,1438"
"66,5100";"22,1711";"13,1457"
"66,5200";"22,1744";"13,1469"
"66,5300";"22,1776";"13,1462"
"66,5400";"22,1807";"13,1446"
"66,5500";"22,1839";"13,1453"
"66,5600";"22,1872";"13,1472"
"66,5700";"22,1904";"13,1475"
"66,5800";"22,1937";"13,1442"
"66,5900";"22,1970";"13,1414"
"66,6000";"22,2002";"13,1422"
"66,6100";"22,2035";"13,1456"
"66,6200";"22,2070";"13,1472"
"66,6300";"22,2104";"13,1468"
"66,6400";"22,2139";"13,1472"
"66,6500";"22,2176";"13,1488"
"66,6600";"22,2210";"13,1502"
"66,6700";"22,2244";"13,1539"
"66,6800";"22,2277";"13,1572"
"66,6900";"22,2309";"13,1579"
"66,7000";"22,2342";"13,1561"
"66,7100";"22,2374";"13,1530"
"66,7200";"22,2408";"13,1519"
"66,7300";"22,2440";"13,1533"
"66,7400";"22,2472";"13,1548"
"66,7500";"22,2505";"13,1542"
"66,7600";"22,2538";"13,1554"
"66,7700";"22,2571";"13,1579"
"66,7800";"22,2605";"13,1590"
"66,7900";"22,2639";"13,1587"
"66,8000";"22,2673";"13,1587"
"66,8100";"22,2706";"13,1584"
"66,8200";"22,2740";"13,1576"
"66,8300";"22,2776";"13,1583"
"66,8400";"22,2810";"13,1607"
"66,8500";"22,2845";"13,1630"
"66,8600";"22,2878";"13,1630"
"66,8700";"22,2911";"13,1623"
"66,8800";"22,2943";"13,1628"
"66,8900";"22,2975";"13,1634"
"66,9000";"22,3008";"13,1637"
"66,9100";"22,3041";"13,1631"
"66,9200";"22,3074";"13,1632"
"66,9300";"22,3107";"13,1629"
"66,9400";"22,3139";"13,1618"
"66,9500";"22,3170";"13,1613"
"66,9600";"22,3202";"13,1621"
"66,9700";"22,3236";"13,1637"
"66,9800";"22,3269";"13,1645"
"66,9900";"22,3303";"13,1650"
"67,0000";"22,3339";"13,1657"
"67,0100";"22,3373";"13,1677"
"67,0200";"22,3407";"13,1695"
"67,0300";"22,3441";"13,1712"
"67,0400";"22,3474";"13,1713"
"67,0500";"22,3509";"13,1702"
"67,0600";"22,3542";"13,1694"
"67,0700";"22,3575";"13,1693"
"67,0800";"22,3608";"13,1718"
"67,0900";"22,3641";"13,1750"
"67,1000";"22,3674";"13,1755"
"67,1100";"22,3707";"13,1744"
"67,1200";"22,3740";"13,1736"
"67,1300";"22,3773";"13,1745"
"67,1400";"22,3805";"13,1742"
"67,1500";"22,3837";"13,1730"
"67,1600";"22,3870";"13,1722"
"67,1700";"22,3903";"13,1723"
"67,1800";"22,3937";"13,1732"
"67,1900";"22,3973";"13,1742"
"67,2000";"22,4007";"13,1757"
"67,2100";"22,4042";"13,1774"
"67,2200";"22,4076";"13,1787"
"67,2300";"22,4110";"13,1790"
"67,2400";"22,4144";"13,1792"
"67,2500";"22,4177";"13,1811"
"67,2600";"22,4209";"13,1811"
"67,2700";"22,4242";"13,1786"
"67,2800";"22,4274";"13,1779"
"67,2900";"22,4306";"13,1792"
"67,3000";"22,4337";"13,1817"
"67,3100";"22,4370";"13,1835"
"67,3200";"22,4405";"13,1835"
"67,3300";"22,4438";"13,1824"
"67,3400";"22,4472";"13,1818"
"67,3500";"22,4506";"13,1817"
"67,3600";"22,4539";"13,1834"
"67,3700";"22,4573";"13,1852"
"67,3800";"22,4608";"13,1855"
"67,3900";"22,4642";"13,1826"
"67,4000";"22,4677";"13,1809"
"67,4100";"22,4710";"13,1841"
"67,4200";"22,4743";"13,1884"
"67,4300";"22,4778";"13,1899"
"67,4400";"22,4811";"13,1891"
"67,4500";"22,4845";"13,1887"
"67,4600";"22,4878";"13,1892"
"67,4700";"22,4910";"13,1912"
"67,4800";"22,4942";"13,1926"
"67,4900";"22,4974";"13,1934"
"67,5000";"22,5006";"13,1931"
"67,5100";"22,5037";"13,1918"
"67,5200";"22,5071";"13,1907"
"67,5300";"22,5102";"13,1918"
"67,5400";"22,5135";"13,1929"
"67,5500";"22,5168";"13,1918"
"67,5600";"22,5202";"13,1897"
"67,5700";"22,5236";"13,1887"
"67,5800";"22,5271";"13,1894"
"67,5900";"22,5305";"13,1919"
"67,6000";"22,5341";"13,1952"
"67,6100";"22,5374";"13,1972"
"67,6200";"22,5406";"13,1978"
"67,6300";"22,5439";"13,1970"
"67,6400";"22,5472";"13,1964"
"67,6500";"22,5506";"13,1968"
"67,6600";"22,5539";"13,1969"
"67,6700";"22,5572";"13,1959"
"67,6800";"22,5605";"13,1950"
"67,6900";"22,5638";"13,1966"
"67,7000";"22,5670";"13,1996"
"67,7100";"22,5703";"13,2007"
"67,7200";"22,5736";"13,1995"
"67,7300";"22,5769";"13,1980"
"67,7400";"22,5804";"13,1989"
"67,7500";"22,5838";"13,2008"
"67,7600";"22,5872";"13,2024"
"67,7700";"22,5906";"13,2044"
"67,7800";"22,5941";"13,2064"
"67,7900";"22,5976";"13,2063"
"67,8000";"22,6010";"13,2057"
"67,8100";"22,6043";"13,2058"
"67,8200";"22,6075";"13,2059"
"67,8300";"22,6108";"13,2057"
"67,8400";"22,6141";"13,2038"
"67,8500";"22,6176";"13,2036"
"67,8600";"22,6210";"13,2062"
"67,8700";"22,6243";"13,2078"
"67,8800";"22,6275";"13,2080"
"67,8900";"22,6307";"13,2084"
"67,9000";"22,6338";"13,2094"
"67,9100";"22,6370";"13,2088"
"67,9200";"22,6405";"13,2083"
"67,9300";"22,6438";"13,2086"
"67,9400";"22,6473";"13,2091"
"67,9500";"22,6507";"13,2109"
"67,9600";"22,6540";"13,2120"
"67,9700";"22,6573";"13,2120"
"67,9800";"22,6606";"13,2131"
"67,9900";"22,6641";"13,2130"
"68,0000";"22,6674";"13,2125"
"68,0100";"22,6708";"13,2116"
"68,0200";"22,6741";"13,2129"
"68,0300";"22,6773";"13,2151"
"68,0400";"22,6806";"13,2165"
"68,0500";"22,6839";"13,2152"
"68,0600";"22,6872";"13,2146"
"68,0700";"22,6905";"13,2151"
"68,0800";"22,6938";"13,2158"
"68,0900";"22,6970";"13,2171"
"68,1000";"22,7003";"13,2178"
"68,1100";"22,7036";"13,2161"
"68,1200";"22,7069";"13,2134"
"68,1300";"22,7103";"13,2147"
"68,1400";"22,7139";"13,2187"
"68,1500";"22,7173";"13,2220"
"68,1600";"22,7207";"13,2221"
"68,1700";"22,7242";"13,2203"
"68,1800";"22,7276";"13,2204"
"68,1900";"22,7310";"13,2227"
"68,2000";"22,7344";"13,2240"
"68,2100";"22,7377";"13,2251"
"68,2200";"22,7410";"13,2253"
"68,2300";"22,7443";"13,2245"
"68,2400";"22,7475";"13,2236"
"68,2500";"22,7508";"13,2243"
"68,2600";"22,7541";"13,2276"
"68,2700";"22,7574";"13,2293"
"68,2800";"22,7606";"13,2259"
"68,2900";"22,7638";"13,2217"
"68,3000";"22,7671";"13,2221"
"68,3100";"22,7703";"13,2268"
"68,3200";"22,7736";"13,2301"
"68,3300";"22,7770";"13,2296"
"68,3400";"22,7806";"13,2291"
"68,3500";"22,7840";"13,2301"
"68,3600";"22,7873";"13,2317"
"68,3700";"22,7906";"13,2320"
"68,3800";"22,7939";"13,2331"
"68,3900";"22,7974";"13,2332"
"68,4000";"22,8008";"13,2320"
"68,4100";"22,8041";"13,2303"
"68,4200";"22,8075";"13,2311"
"68,4300";"22,8108";"13,2336"
"68,4400";"22,8140";"13,2339"
"68,4500";"22,8172";"13,2329"
"68,4600";"22,8205";"13,2320"
"68,4700";"22,8238";"13,2327"
"68,4800";"22,8271";"13,2333"
"68,4900";"22,8304";"13,2341"
"68,5000";"22,8337";"13,2355"
"68,5100";"22,8371";"13,2371"
"68,5200";"22,8406";"13,2364"
"68,5300";"22,8440";"13,2356"
"68,5400";"22,8475";"13,2364"
"68,5500";"22,8508";"13,2390"
"68,5600";"22,8541";"13,2402"
"68,5700";"22,8573";"13,2396"
"68,5800";"22,8606";"13,2378"
"68,5900";"22,8638";"13,2380"
"68,6000";"22,8672";"13,2390"
"68,6100";"22,8705";"13,2386"
"68,6200";"22,8740";"13,2375"
"68,6300";"22,8773";"13,2387"
"68,6400";"22,8806";"13,2401"
"68,6500";"22,8840";"13,2403"
"68,6600";"22,8874";"13,2407"
"68,6700";"22,8908";"13,2418"
"68,6800";"22,8942";"13,2426"
"68,6900";"22,8976";"13,2432"
"68,7000";"22,9009";"13,2433"
"68,7100";"22,9042";"13,2433"
"68,7200";"22,9076";"13,2451"
"68,7300";"22,9109";"13,2472"
"68,7400";"22,9142";"13,2490"
"68,7500";"22,9175";"13,2493"
"68,7600";"22,9208";"13,2481"
"68,7700";"22,9241";"13,2466"
"68,7800";"22,9274";"13,2457"
"68,7900";"22,9306";"13,2469"
"68,8000";"22,9341";"13,2487"
"68,8100";"22,9374";"13,2484"
"68,8200";"22,9407";"13,2476"
"68,8300";"22,9439";"13,2491"
"68,8400";"22,9472";"13,2523"
"68,8500";"22,9504";"13,2533"
"68,8600";"22,9538";"13,2530"
"68,8700";"22,9572";"13,2525"
"68,8800";"22,9606";"13,2539"
"68,8900";"22,9640";"13,2558"
"68,9000";"22,9675";"13,2569"
"68,9100";"22,9708";"13,2568"
"68,9200";"22,9741";"13,2561"
"68,9300";"22,9774";"13,2548"
"68,9400";"22,9808";"13,2537"
"68,9500";"22,9841";"13,2540"
"68,9600";"22,9875";"13,2553"
"68,9700";"22,9908";"13,2554"
"68,9800";"22,9940";"13,2542"
"68,9900";"22,9973";"13,2544"
"69,0000";"23,0006";"13,2551"
"69,0100";"23,0039";"13,2552"
"69,0200";"23,0071";"13,2553"
"69,0300";"23,0103";"13,2560"
"69,0400";"23,0136";"13,2566"
"69,0500";"23,0169";"13,2570"
"69,0600";"23,0202";"13,2578"
"69,0700";"23,0238";"13,2606"
"69,0800";"23,0272";"13,2639"
"69,0900";"23,0306";"13,2650"
"69,1000";"23,0341";"13,2621"
"69,1100";"23,0374";"13,2581"
"69,1200";"23,0408";"13,2571"
"69,1300";"23,0442";"13,2575"
"69,1400";"23,0476";"13,2584"
"69,1500";"23,0509";"13,2589"
"69,1600";"23,0544";"13,2602"
"69,1700";"23,0575";"13,2628"
"69,1800";"23,0607";"13,2664"
"69,1900";"23,0640";"13,2673"
"69,2000";"23,0673";"13,2663"
"69,2100";"23,0707";"13,2645"
"69,2200";"23,0738";"13,2628"
"69,2300";"23,0770";"13,2628"
"69,2400";"23,0803";"13,2649"
"69,2500";"23,0838";"13,2664"
"69,2600";"23,0871";"13,2658"
"69,2700";"23,0905";"13,2666"
"69,2800";"23,0940";"13,2681"
"69,2900";"23,0974";"13,2686"
"69,3000";"23,1008";"13,2676"
"69,3100";"23,1041";"13,2668"
"69,3200";"23,1074";"13,2685"
"69,3300";"23,1108";"13,2706"
"69,3400";"23,1142";"13,2717"
"69,3500";"23,1175";"13,2727"
"69,3600";"23,1208";"13,2730"
"69,3700";"23,1240";"13,2721"
"69,3800";"23,1273";"13,2712"
"69,3900";"23,1305";"13,2707"
"69,4000";"23,1338";"13,2721"
"69,4100";"23,1371";"13,2740"
"69,4200";"23,1404";"13,2743"
"69,4300";"23,1438";"13,2744"
"69,4400";"23,1471";"13,2746"
"69,4500";"23,1505";"13,2759"
"69,4600";"23,1539";"13,2768"
"69,4700";"23,1573";"13,2774"
"69,4800";"23,1608";"13,2763"
"69,4900";"23,1643";"13,2751"
"69,5000";"23,1676";"13,2753"
"69,5100";"23,1710";"13,2756"
"69,5200";"23,1743";"13,2769"
"69,5300";"23,1776";"13,2786"
"69,5400";"23,1809";"13,2788"
"69,5500";"23,1842";"13,2773"
"69,5600";"23,1875";"13,2766"
"69,5700";"23,1908";"13,2776"
"69,5800";"23,1940";"13,2793"
"69,5900";"23,1971";"13,2799"
"69,6000";"23,2004";"13,2801"
"69,6100";"23,2037";"13,2817"
"69,6200";"23,2071";"13,2832"
"69,6300";"23,2105";"13,2849"
"69,6400";"23,2140";"13,2852"
"69,6500";"23,2175";"13,2844"
"69,6600";"23,2209";"13,2834"
"69,6700";"23,2244";"13,2829"
"69,6800";"23,2278";"13,2846"
"69,6900";"23,2311";"13,2853"
"69,7000";"23,2344";"13,2853"
"69,7100";"23,2376";"13,2844"
"69,7200";"23,2408";"13,2847"
"69,7300";"23,2441";"13,2873"
"69,7400";"23,2473";"13,2899"
"69,7500";"23,2506";"13,2891"
"69,7600";"23,2539";"13,2867"
"69,7700";"23,2571";"13,2852"
"69,7800";"23,2602";"13,2865"
"69,7900";"23,2634";"13,2873"
"69,8000";"23,2669";"13,2883"
"69,8100";"23,2704";"13,2898"
"69,8200";"23,2739";"13,2908"
"69,8300";"23,2774";"13,2899"
"69,8400";"23,2809";"13,2899"
"69,8500";"23,2842";"13,2909"
"69,8600";"23,2875";"13,2935"
"69,8700";"23,2908";"13,2943"
"69,8800";"23,2942";"13,2932"
"69,8900";"23,2974";"13,2934"
"69,9000";"23,3007";"13,2953"
"69,9100";"23,3040";"13,2985"
"69,9200";"23,3074";"13,2986"
"69,9300";"23,3107";"13,2966"
"69,9400";"23,3140";"13,2959"
"69,9500";"23,3174";"13,2960"
"69,9600";"23,3208";"13,2966"
"69,9700";"23,3242";"13,2981"
"69,9800";"23,3275";"13,3003"
"69,9900";"23,3308";"13,3006"
"70,0000";"23,3341";"13,3013"
"70,0100";"23,3376";"13,3031"
"70,0200";"23,3410";"13,3059"
"70,0300";"23,3444";"13,3085"
"70,0400";"23,3477";"13,3077"
"70,0500";"23,3510";"13,3058"
"70,0600";"23,3543";"13,3039"
"70,0700";"23,3576";"13,3020"
"70,0800";"23,3608";"13,3008"
"70,0900";"23,3641";"13,3004"
"70,1000";"23,3673";"13,3009"
"70,1100";"23,3705";"13,3003"
"70,1200";"23,3737";"13,3000"
"70,1300";"23,3770";"13,3010"
"70,1400";"23,3803";"13,3031"
"70,1500";"23,3836";"13,3043"
"70,1600";"23,3869";"13,3040"
"70,1700";"23,3903";"13,3050"
"70,1800";"23,3938";"13,3070"
"70,1900";"23,3972";"13,3087"
"70,2000";"23,4007";"13,3084"
"70,2100";"23,4042";"13,3080"
"70,2200";"23,4076";"13,3080"
"70,2300";"23,4110";"13,3080"
"70,2400";"23,4143";"13,3078"
"70,2500";"23,4176";"13,3098"
"70,2600";"23,4208";"13,3104"
"70,2700";"23,4241";"13,3120"
"70,2800";"23,4274";"13,3120"
"70,2900";"23,4307";"13,3109"
"70,3000";"23,4340";"13,3107"
"70,3100";"23,4373";"13,3109"
"70,3200";"23,4405";"13,3100"
"70,3300";"23,4438";"13,3098"
"70,3400";"23,4471";"13,3112"
"70,3500";"23,4504";"13,3130"
"70,3600";"23,4539";"13,3130"
"70,3700";"23,4572";"13,3116"
"70,3800";"23,4605";"13,3113"
"70,3900";"23,4639";"13,3122"
"70,4000";"23,4673";"13,3132"
"70,4100";"23,4706";"13,3135"
"70,4200";"23,4740";"13,3144"
"70,4300";"23,4774";"13,3150"
"70,4400";"23,4807";"13,3155"
"70,4500";"23,4838";"13,3166"
"70,4600";"23,4873";"13,3180"
"70,4700";"23,4906";"13,3187"
"70,4800";"23,4939";"13,3184"
"70,4900";"23,4973";"13,3167"
"70,5000";"23,5006";"13,3171"
"70,5100";"23,5039";"13,3182"
"70,5200";"23,5071";"13,3185"
"70,5300";"23,5104";"13,3186"
"70,5400";"23,5137";"13,3187"
"70,5500";"23,5170";"13,3199"
"70,5600";"23,5204";"13,3207"
"70,5700";"23,5240";"13,3216"
"70,5800";"23,5274";"13,3243"
"70,5900";"23,5308";"13,3267"
"70,6000";"23,5343";"13,3275"
"70,6100";"23,5377";"13,3260"
"70,6200";"23,5411";"13,3262"
"70,6300";"23,5445";"13,3281"
"70,6400";"23,5478";"13,3287"
"70,6500";"23,5510";"13,3267"
"70,6600";"23,5543";"13,3245"
"70,6700";"23,5576";"13,3253"
"70,6800";"23,5608";"13,3274"
"70,6900";"23,5641";"13,3289"
"70,7000";"23,5674";"13,3294"
"70,7100";"23,5706";"13,3297"
"70,7200";"23,5738";"13,3289"
"70,7300";"23,5770";"13,3282"
"70,7400";"23,5803";"13,3292"
"70,7500";"23,5836";"13,3321"
"70,7600";"23,5871";"13,3324"
"70,7700";"23,5907";"13,3295"
"70,7800";"23,5941";"13,3271"
"70,7900";"23,5975";"13,3270"
"70,8000";"23,6007";"13,3277"
"70,8100";"23,6040";"13,3276"
"70,8200";"23,6072";"13,3277"
"70,8300";"23,6106";"13,3301"
"70,8400";"23,6139";"13,3322"
"70,8500";"23,6172";"13,3322"
"70,8600";"23,6206";"13,3321"
"70,8700";"23,6239";"13,3347"
"70,8800";"23,6272";"13,3376"
"70,8900";"23,6305";"13,3377"
"70,9000";"23,6339";"13,3361"
"70,9100";"23,6371";"13,3362"
"70,9200";"23,6405";"13,3367"
"70,9300";"23,6438";"13,3361"
"70,9400";"23,6471";"13,3350"
"70,9500";"23,6505";"13,3367"
"70,9600";"23,6541";"13,3387"
"70,9700";"23,6576";"13,3394"
"70,9800";"23,6609";"13,3391"
"70,9900";"23,6642";"13,3386"
"71,0000";"23,6675";"13,3385"
"71,0100";"23,6708";"13,3371"
"71,0200";"23,6741";"13,3367"
"71,0300";"23,6776";"13,3386"
"71,0400";"23,6809";"13,3411"
"71,0500";"23,6842";"13,3426"
"71,0600";"23,6874";"13,3424"
"71,0700";"23,6906";"13,3429"
"71,0800";"23,6937";"13,3442"
"71,0900";"23,6971";"13,3447"
"71,1000";"23,7004";"13,3448"
"71,1100";"23,7037";"13,3439"
"71,1200";"23,7070";"13,3435"
"71,1300";"23,7104";"13,3432"
"71,1400";"23,7137";"13,3429"
"71,1500";"23,7172";"13,3440"
"71,1600";"23,7207";"13,3460"
"71,1700";"23,7241";"13,3473"
"71,1800";"23,7275";"13,3474"
"71,1900";"23,7308";"13,3485"
"71,2000";"23,7341";"13,3503"
"71,2100";"23,7374";"13,3520"
"71,2200";"23,7407";"13,3517"
"71,2300";"23,7440";"13,3497"
"71,2400";"23,7475";"13,3497"
"71,2500";"23,7508";"13,3500"
"71,2600";"23,7540";"13,3504"
"71,2700";"23,7571";"13,3521"
"71,2800";"23,7604";"13,3532"
"71,2900";"23,7638";"13,3534"
"71,3000";"23,7672";"13,3523"
"71,3100";"23,7705";"13,3527"
"71,3200";"23,7740";"13,3543"
"71,3300";"23,7774";"13,3547"
"71,3400";"23,7809";"13,3543"
"71,3500";"23,7843";"13,3553"
"71,3600";"23,7877";"13,3577"
"71,3700";"23,7911";"13,3604"
"71,3800";"23,7946";"13,3600"
"71,3900";"23,7979";"13,3591"
"71,4000";"23,8011";"13,3597"
"71,4100";"23,8042";"13,3596"
"71,4200";"23,8076";"13,3589"
"71,4300";"23,8109";"13,3592"
"71,4400";"23,8142";"13,3621"
"71,4500";"23,8175";"13,3648"
"71,4600";"23,8207";"13,3658"
"71,4700";"23,8238";"13,3645"
"71,4800";"23,8270";"13,3636"
"71,4900";"23,8303";"13,3622"
"71,5000";"23,8336";"13,3606"
"71,5100";"23,8371";"13,3595"
"71,5200";"23,8405";"13,3610"
"71,5300";"23,8439";"13,3633"
"71,5400";"23,8473";"13,3643"
"71,5500";"23,8508";"13,3655"
"71,5600";"23,8542";"13,3672"
"71,5700";"23,8575";"13,3671"
"71,5800";"23,8608";"13,3656"
"71,5900";"23,8642";"13,3632"
"71,6000";"23,8675";"13,3641"
"71,6100";"23,8708";"13,3675"
"71,6200";"23,8741";"13,3700"
"71,6300";"23,8774";"13,3709"
"71,6400";"23,8807";"13,3696"
"71,6500";"23,8841";"13,3684"
"71,6600";"23,8874";"13,3675"
"71,6700";"23,8905";"13,3672"
"71,6800";"23,8938";"13,3680"
"71,6900";"23,8973";"13,3692"
"71,7000";"23,9008";"13,3700"
"71,7100";"23,9042";"13,3726"
"71,7200";"23,9077";"13,3754"
"71,7300";"23,9110";"13,3760"
"71,7400";"23,9144";"13,3746"
"71,7500";"23,9177";"13,3736"
"71,7600";"23,9210";"13,3737"
"71,7700";"23,9244";"13,3755"
"71,7800";"23,9276";"13,3779"
"71,7900";"23,9309";"13,3790"
"71,8000";"23,9341";"13,3805"
"71,8100";"23,9373";"13,3810"
"71,8200";"23,9405";"13,3799"
"71,8300";"23,9438";"13,3775"
"71,8400";"23,9470";"13,3783"
"71,8500";"23,9503";"13,3793"
"71,8600";"23,9536";"13,3793"
"71,8700";"23,9569";"13,3788"
"71,8800";"23,9603";"13,3797"
"71,8900";"23,9637";"13,3817"
"71,9000";"23,9673";"13,3826"
"71,9100";"23,9707";"13,3832"
"71,9200";"23,9741";"13,3830"
"71,9300";"23,9776";"13,3820"
"71,9400";"23,9809";"13,3814"
"71,9500";"23,9842";"13,3797"
"71,9600";"23,9876";"13,3811"
"71,9700";"23,9910";"13,3839"
"71,9800";"23,9943";"13,3852"
"71,9900";"23,9975";"13,3847"
"72,0000";"24,0008";"13,3846"
"72,0100";"24,0040";"13,3863"
"72,0200";"24,0071";"13,3874"
"72,0300";"24,0104";"13,3870"
"72,0400";"24,0138";"13,3878"
"72,0500";"24,0171";"13,3881"
"72,0600";"24,0205";"13,3877"
"72,0700";"24,0238";"13,3863"
"72,0800";"24,0273";"13,3855"
"72,0900";"24,0307";"13,3868"
"72,1000";"24,0341";"13,3878"
"72,1100";"24,0375";"13,3885"
"72,1200";"24,0408";"13,3905"
"72,1300";"24,0443";"13,3934"
"72,1400";"24,0476";"13,3959"
"72,1500";"24,0509";"13,3947"
"72,1600";"24,0541";"13,3929"
"72,1700";"24,0574";"13,3924"
"72,1800";"24,0608";"13,3928"
"72,1900";"24,0640";"13,3924"
"72,2000";"24,0672";"13,3920"
"72,2100";"24,0703";"13,3935"
"72,2200";"24,0735";"13,3959"
"72,2300";"24,0768";"13,3975"
"72,2400";"24,0801";"13,3967"
"72,2500";"24,0837";"13,3953"
"72,2600";"24,0871";"13,3941"
"72,2700";"24,0905";"13,3928"
"72,2800";"24,0940";"13,3924"
"72,2900";"24,0974";"13,3945"
"72,3000";"24,1009";"13,3982"
"72,3100";"24,1043";"13,4000"
"72,3200";"24,1078";"13,4018"
"72,3300";"24,1111";"13,4021"
"72,3400";"24,1144";"13,4013"
"72,3500";"24,1176";"13,3998"
"72,3600";"24,1208";"13,3990"
"72,3700";"24,1241";"13,3974"
"72,3800";"24,1272";"13,3963"
"72,3900";"24,1306";"13,3966"
"72,4000";"24,1339";"13,3988"
"72,4100";"24,1370";"13,4021"
"72,4200";"24,1403";"13,4054"
"72,4300";"24,1437";"13,4060"
"72,4400";"24,1471";"13,4044"
"72,4500";"24,1506";"13,4039"
"72,4600";"24,1542";"13,4058"
"72,4700";"24,1576";"13,4067"
"72,4800";"24,1610";"13,4073"
"72,4900";"24,1643";"13,4074"
"72,5000";"24,1676";"13,4086"
"72,5100";"24,1709";"13,4100"
"72,5200";"24,1742";"13,4104"
"72,5300";"24,1775";"13,4096"
"72,5400";"24,1806";"13,4095"
"72,5500";"24,1838";"13,4086"
"72,5600";"24,1870";"13,4065"
"72,5700";"24,1903";"13,4062"
"72,5800";"24,1936";"13,4088"
"72,5900";"24,1969";"13,4114"
"72,6000";"24,2002";"13,4115"
"72,6100";"24,2035";"13,4109"
"72,6200";"24,2069";"13,4116"
"72,6300";"24,2105";"13,4131"
"72,6400";"24,2140";"13,4137"
"72,6500";"24,2176";"13,4146"
"72,6600";"24,2211";"13,4156"
"72,6700";"24,2245";"13,4145"
"72,6800";"24,2279";"13,4140"
"72,6900";"24,2311";"13,4150"
"72,7000";"24,2344";"13,4174"
"72,7100";"24,2379";"13,4189"
"72,7200";"24,2412";"13,4174"
"72,7300";"24,2445";"13,4156"
"72,7400";"24,2477";"13,4166"
"72,7500";"24,2510";"13,4189"
"72,7600";"24,2540";"13,4200"
"72,7700";"24,2572";"13,4199"
"72,7800";"24,2605";"13,4197"
"72,7900";"24,2638";"13,4202"
"72,8000";"24,2671";"13,4205"
"72,8100";"24,2706";"13,4200"
"72,8200";"24,2740";"13,4196"
"72,8300";"24,2774";"13,4198"
"72,8400";"24,2808";"13,4202"
"72,8500";"24,2844";"13,4214"
"72,8600";"24,2878";"13,4235"
"72,8700";"24,2911";"13,4258"
"72,8800";"24,2943";"13,4264"
"72,8900";"24,2976";"13,4281"
"72,9000";"24,3009";"13,4300"
"72,9100";"24,3041";"13,4313"
"72,9200";"24,3073";"13,4307"
"72,9300";"24,3106";"13,4292"
"72,9400";"24,3138";"13,4267"
"72,9500";"24,3170";"13,4245"
"72,9600";"24,3201";"13,4240"
"72,9700";"24,3235";"13,4265"
"72,9800";"24,3268";"13,4288"
"72,9900";"24,3301";"13,4296"
"73,0000";"24,3335";"13,4293"
"73,0100";"24,3369";"13,4288"
"73,0200";"24,3405";"13,4290"
"73,0300";"24,3440";"13,4308"
"73,0400";"24,3475";"13,4317"
"73,0500";"24,3511";"13,4315"
"73,0600";"24,3544";"13,4311"
"73,0700";"24,3577";"13,4317"
"73,0800";"24,3610";"13,4322"
"73,0900";"24,3642";"13,4328"
"73,1000";"24,3674";"13,4343"
"73,1100";"24,3707";"13,4354"
"73,1200";"24,3741";"13,4354"
"73,1300";"24,3773";"13,4356"
"73,1400";"24,3806";"13,4361"
"73,1500";"24,3839";"13,4368"
"73,1600";"24,3872";"13,4369"
"73,1700";"24,3905";"13,4359"
"73,1800";"24,3938";"13,4356"
"73,1900";"24,3974";"13,4379"
"73,2000";"24,4007";"13,4401"
"73,2100";"24,4041";"13,4405"
"73,2200";"24,4075";"13,4401"
"73,2300";"24,4108";"13,4396"
"73,2400";"24,4142";"13,4403"
"73,2500";"24,4175";"13,4409"
"73,2600";"24,4210";"13,4405"
"73,2700";"24,4242";"13,4396"
"73,2800";"24,4273";"13,4385"
"73,2900";"24,4306";"13,4391"
"73,3000";"24,4338";"13,4422"
"73,3100";"24,4371";"13,4451"
"73,3200";"24,4404";"13,4463"
"73,3300";"24,4436";"13,4448"
"73,3400";"24,4469";"13,4422"
"73,3500";"24,4501";"13,4415"
"73,3600";"24,4534";"13,4420"
"73,3700";"24,4569";"13,4421"
"73,3800";"24,4603";"13,4421"
"73,3900";"24,4639";"13,4434"
"73,4000";"24,4674";"13,4459"
"73,4100";"24,4709";"13,4488"
"73,4200";"24,4743";"13,4497"
"73,4300";"24,4776";"13,4498"
"73,4400";"24,4809";"13,4492"
"73,4500";"24,4844";"13,4471"
"73,4600";"24,4877";"13,4448"
"73,4700";"24,4909";"13,4450"
"73,4800";"24,4940";"13,4491"
"73,4900";"24,4972";"13,4527"
"73,5000";"24,5004";"13,4530"
"73,5100";"24,5037";"13,4515"
"73,5200";"24,5069";"13,4505"
"73,5300";"24,5103";"13,4517"
"73,5400";"24,5136";"13,4531"
"73,5500";"24,5169";"13,4523"
"73,5600";"24,5204";"13,4508"
"73,5700";"24,5237";"13,4501"
"73,5800";"24,5271";"13,4507"
"73,5900";"24,5306";"13,4541"
"73,6000";"24,5341";"13,4567"
"73,6100";"24,5375";"13,4555"
"73,6200";"24,5408";"13,4515"
"73,6300";"24,5440";"13,4502"
"73,6400";"24,5473";"13,4528"
"73,6500";"24,5506";"13,4568"
"73,6600";"24,5540";"13,4586"
"73,6700";"24,5573";"13,4589"
"73,6800";"24,5606";"13,4579"
"73,6900";"24,5639";"13,4571"
"73,7000";"24,5670";"13,4565"
"73,7100";"24,5703";"13,4569"
"73,7200";"24,5736";"13,4582"
"73,7300";"24,5770";"13,4583"
"73,7400";"24,5805";"13,4574"
"73,7500";"24,5839";"13,4584"
"73,7600";"24,5873";"13,4631"
"73,7700";"24,5906";"13,4672"
"73,7800";"24,5940";"13,4677"
"73,7900";"24,5976";"13,4651"
"73,8000";"24,6009";"13,4631"
"73,8100";"24,6042";"13,4630"
"73,8200";"24,6076";"13,4636"
"73,8300";"24,6109";"13,4629"
"73,8400";"24,6141";"13,4630"
"73,8500";"24,6175";"13,4644"
"73,8600";"24,6208";"13,4663"
"73,8700";"24,6241";"13,4684"
"73,8800";"24,6274";"13,4689"
"73,8900";"24,6306";"13,4682"
"73,9000";"24,6338";"13,4671"
"73,9100";"24,6371";"13,4669"
"73,9200";"24,6404";"13,4691"
"73,9300";"24,6439";"13,4715"
"73,9400";"24,6473";"13,4706"
"73,9500";"24,6507";"13,4691"
"73,9600";"24,6541";"13,4693"
"73,9700";"24,6574";"13,4710"
"73,9800";"24,6609";"13,4706"
"73,9900";"24,6642";"13,4696"
"74,0000";"24,6675";"13,4713"
"74,0100";"24,6708";"13,4728"
"74,0200";"24,6741";"13,4721"
"74,0300";"24,6774";"13,4718"
"74,0400";"24,6806";"13,4726"
"74,0500";"24,6839";"13,4741"
"74,0600";"24,6872";"13,4748"
"74,0700";"24,6906";"13,4748"
"74,0800";"24,6938";"13,4748"
"74,0900";"24,6971";"13,4762"
"74,1000";"24,7003";"13,4789"
"74,1100";"24,7036";"13,4807"
"74,1200";"24,7070";"13,4802"
"74,1300";"24,7106";"13,4773"
"74,1400";"24,7140";"13,4742"
"74,1500";"24,7173";"13,4728"
"74,1600";"24,7206";"13,4755"
"74,1700";"24,7239";"13,4792"
"74,1800";"24,7273";"13,4810"
"74,1900";"24,7306";"13,4813"
"74,2000";"24,7342";"13,4831"
"74,2100";"24,7376";"13,4836"
"74,2200";"24,7409";"13,4813"
"74,2300";"24,7442";"13,4782"
"74,2400";"24,7474";"13,4772"
"74,2500";"24,7506";"13,4783"
"74,2600";"24,7539";"13,4801"
"74,2700";"24,7572";"13,4804"
"74,2800";"24,7605";"13,4811"
"74,2900";"24,7638";"13,4825"
"74,3000";"24,7671";"13,4829"
"74,3100";"24,7705";"13,4823"
"74,3200";"24,7740";"13,4818"
"74,3300";"24,7774";"13,4829"
"74,3400";"24,7807";"13,4835"
"74,3500";"24,7841";"13,4835"
"74,3600";"24,7874";"13,4850"
"74,3700";"24,7907";"13,4855"
"74,3800";"24,7939";"13,4855"
"74,3900";"24,7973";"13,4854"
"74,4000";"24,8008";"13,4858"
"74,4100";"24,8041";"13,4870"
"74,4200";"24,8074";"13,4880"
"74,4300";"24,8107";"13,4877"
"74,4400";"24,8139";"13,4884"
"74,4500";"24,8173";"13,4909"
"74,4600";"24,8205";"13,4905"
"74,4700";"24,8239";"13,4885"
"74,4800";"24,8272";"13,4866"
"74,4900";"24,8305";"13,4875"
"74,5000";"24,8339";"13,4899"
"74,5100";"24,8372";"13,4917"
"74,5200";"24,8407";"13,4916"
"74,5300";"24,8441";"13,4910"
"74,5400";"24,8475";"13,4927"
"74,5500";"24,8509";"13,4935"
"74,5600";"24,8542";"13,4940"
"74,5700";"24,8575";"13,4942"
"74,5800";"24,8607";"13,4945"
"74,5900";"24,8640";"13,4940"
"74,6000";"24,8673";"13,4937"
"74,6100";"24,8706";"13,4949"
"74,6200";"24,8741";"13,4961"
"74,6300";"24,8774";"13,4961"
"74,6400";"24,8806";"13,4963"
"74,6500";"24,8839";"13,4970"
"74,6600";"24,8872";"13,4962"
"74,6700";"24,8905";"13,4948"
"74,6800";"24,8938";"13,4941"
"74,6900";"24,8971";"13,4963"
"74,7000";"24,9005";"13,4993"
"74,7100";"24,9038";"13,5001"
"74,7200";"24,9072";"13,4992"
"74,7300";"24,9105";"13,4996"
"74,7400";"24,9140";"13,5018"
"74,7500";"24,9174";"13,5028"
"74,7600";"24,9207";"13,5023"
"74,7700";"24,9241";"13,5013"
"74,7800";"24,9275";"13,5010"
"74,7900";"24,9310";"13,5013"
"74,8000";"24,9343";"13,5030"
"74,8100";"24,9376";"13,5038"
"74,8200";"24,9408";"13,5030"
"74,8300";"24,9440";"13,5010"
"74,8400";"24,9470";"13,5000"
"74,8500";"24,9502";"13,5016"
"74,8600";"24,9536";"13,5043"
"74,8700";"24,9571";"13,5048"
"74,8800";"24,9605";"13,5029"
"74,8900";"24,9640";"13,5021"
"74,9000";"24,9673";"13,5032"
"74,9100";"24,9708";"13,5059"
"74,9200";"24,9742";"13,5072"
"74,9300";"24,9776";"13,5085"
"74,9400";"24,9810";"13,5118"
"74,9500";"24,9843";"13,5118"
"74,9600";"24,9876";"13,5099"
"74,9700";"24,9909";"13,5079"
"74,9800";"24,9941";"13,5091"
"74,9900";"24,9973";"13,5110"
"75,0000";"25,0006";"13,5116"
"75,0100";"25,0039";"13,5120"
"75,0200";"25,0072";"13,5116"
"75,0300";"25,0104";"13,5125"
"75,0400";"25,0136";"13,5116"
"75,0500";"25,0169";"13,5104"
"75,0600";"25,0202";"13,5103"
"75,0700";"25,0238";"13,5103"
"75,0800";"25,0272";"13,5101"
"75,0900";"25,0306";"13,5113"
"75,1000";"25,0341";"13,5135"
"75,1100";"25,0375";"13,5148"
"75,1200";"25,0409";"13,5146"
"75,1300";"25,0443";"13,5155"
"75,1400";"25,0477";"13,5170"
"75,1500";"25,0510";"13,5163"
"75,1600";"25,0545";"13,5135"
"75,1700";"25,0575";"13,5118"
"75,1800";"25,0608";"13,5134"
"75,1900";"25,0639";"13,5162"
"75,2000";"25,0671";"13,5179"
"75,2100";"25,0704";"13,5185"
"75,2200";"25,0737";"13,5183"
"75,2300";"25,0770";"13,5184"
"75,2400";"25,0804";"13,5193"
"75,2500";"25,0837";"13,5203"
"75,2600";"25,0872";"13,5211"
"75,2700";"25,0907";"13,5216"
"75,2800";"25,0942";"13,5201"
"75,2900";"25,0977";"13,5184"
"75,3000";"25,1011";"13,5190"
"75,3100";"25,1044";"13,5205"
"75,3200";"25,1077";"13,5224"
"75,3300";"25,1110";"13,5219"
"75,3400";"25,1143";"13,5215"
"75,3500";"25,1176";"13,5219"
"75,3600";"25,1208";"13,5226"
"75,3700";"25,1240";"13,5243"
"75,3800";"25,1272";"13,5254"
"75,3900";"25,1304";"13,5244"
"75,4000";"25,1336";"13,5228"
"75,4100";"25,1369";"13,5216"
"75,4200";"25,1403";"13,5225"
"75,4300";"25,1437";"13,5250"
"75,4400";"25,1471";"13,5263"
"75,4500";"25,1506";"13,5261"
"75,4600";"25,1540";"13,5267"
"75,4700";"25,1574";"13,5277"
"75,4800";"25,1609";"13,5288"
"75,4900";"25,1644";"13,5280"
"75,5000";"25,1678";"13,5280"
"75,5100";"25,1710";"13,5293"
"75,5200";"25,1743";"13,5306"
"75,5300";"25,1775";"13,5305"
"75,5400";"25,1808";"13,5317"
"75,5500";"25,1841";"13,5324"
"75,5600";"25,1873";"13,5320"
"75,5700";"25,1906";"13,5313"
"75,5800";"25,1938";"13,5300"
"75,5900";"25,1969";"13,5286"
"75,6000";"25,2003";"13,5293"
"75,6100";"25,2036";"13,5297"
"75,6200";"25,2070";"13,5317"
"75,6300";"25,2106";"13,5331"
"75,6400";"25,2141";"13,5341"
"75,6500";"25,2175";"13,5355"
"75,6600";"25,2210";"13,5360"
"75,6700";"25,2245";"13,5368"
"75,6800";"25,2279";"13,5365"
"75,6900";"25,2313";"13,5355"
"75,7000";"25,2346";"13,5365"
"75,7100";"25,2378";"13,5390"
"75,7200";"25,2410";"13,5412"
"75,7300";"25,2442";"13,5412"
"75,7400";"25,2474";"13,5404"
"75,7500";"25,2504";"13,5395"
"75,7600";"25,2536";"13,5387"
"75,7700";"25,2569";"13,5381"
"75,7800";"25,2601";"13,5378"
"75,7900";"25,2634";"13,5383"
"75,8000";"25,2668";"13,5386"
"75,8100";"25,2705";"13,5399"
"75,8200";"25,2740";"13,5411"
"75,8300";"25,2775";"13,5423"
"75,8400";"25,2810";"13,5431"
"75,8500";"25,2845";"13,5429"
"75,8600";"25,2878";"13,5414"
"75,8700";"25,2912";"13,5423"
"75,8800";"25,2945";"13,5446"
"75,8900";"25,2978";"13,5463"
"75,9000";"25,3010";"13,5475"
"75,9100";"25,3041";"13,5483"
"75,9200";"25,3073";"13,5486"
"75,9300";"25,3105";"13,5482"
"75,9400";"25,3137";"13,5461"
"75,9500";"25,3170";"13,5437"
"75,9600";"25,3203";"13,5422"
"75,9700";"25,3236";"13,5421"
"75,9800";"25,3270";"13,5438"
"75,9900";"25,3304";"13,5475"
"76,0000";"25,3338";"13,5500"
"76,0100";"25,3373";"13,5489"
"76,0200";"25,3407";"13,5474"
"76,0300";"25,3442";"13,5465"
"76,0400";"25,3476";"13,5479"
"76,0500";"25,3509";"13,5497"
"76,0600";"25,3542";"13,5493"
"76,0700";"25,3576";"13,5487"
"76,0800";"25,3609";"13,5492"
"76,0900";"25,3642";"13,5505"
"76,1000";"25,3674";"13,5518"
"76,1100";"25,3706";"13,5529"
"76,1200";"25,3738";"13,5513"
"76,1300";"25,3770";"13,5483"
"76,1400";"25,3802";"13,5461"
"76,1500";"25,3835";"13,5467"
"76,1600";"25,3869";"13,5488"
"76,1700";"25,3902";"13,5508"
"76,1800";"25,3937";"13,5512"
"76,1900";"25,3972";"13,5517"
"76,2000";"25,4006";"13,5528"
"76,2100";"25,4041";"13,5536"
"76,2200";"25,4077";"13,5538"
"76,2300";"25,4111";"13,5529"
"76,2400";"25,4145";"13,5529"
"76,2500";"25,4178";"13,5535"
"76,2600";"25,4210";"13,5537"
"76,2700";"25,4243";"13,5543"
"76,2800";"25,4275";"13,5558"
"76,2900";"25,4307";"13,5556"
"76,3000";"25,4340";"13,5538"
"76,3100";"25,4371";"13,5530"
"76,3200";"25,4403";"13,5538"
"76,3300";"25,4434";"13,5547"
"76,3400";"25,4466";"13,5541"
"76,3500";"25,4501";"13,5536"
"76,3600";"25,4536";"13,5548"
"76,3700";"25,4570";"13,5576"
"76,3800";"25,4606";"13,5602"
"76,3900";"25,4640";"13,5595"
"76,4000";"25,4674";"13,5578"
"76,4100";"25,4708";"13,5568"
"76,4200";"25,4743";"13,5569"
"76,4300";"25,4777";"13,5579"
"76,4400";"25,4811";"13,5591"
"76,4500";"25,4843";"13,5598"
"76,4600";"25,4875";"13,5592"
"76,4700";"25,4908";"13,5595"
"76,4800";"25,4940";"13,5610"
"76,4900";"25,4973";"13,5623"
"76,5000";"25,5006";"13,5625"
"76,5100";"25,5039";"13,5627"
"76,5200";"25,5071";"13,5626"
"76,5300";"25,5103";"13,5620"
"76,5400";"25,5137";"13,5611"
"76,5500";"25,5170";"13,5601"
"76,5600";"25,5205";"13,5599"
"76,5700";"25,5240";"13,5609"
"76,5800";"25,5274";"13,5615"
"76,5900";"25,5308";"13,5619"
"76,6000";"25,5341";"13,5640"
"76,6100";"25,5375";"13,5664"
"76,6200";"25,5408";"13,5682"
"76,6300";"25,5443";"13,5688"
"76,6400";"25,5477";"13,5685"
"76,6500";"25,5510";"13,5684"
"76,6600";"25,5542";"13,5678"
"76,6700";"25,5574";"13,5672"
"76,6800";"25,5607";"13,5671"
"76,6900";"25,5639";"13,5669"
"76,7000";"25,5672";"13,5685"
"76,7100";"25,5704";"13,5712"
"76,7200";"25,5737";"13,5740"
"76,7300";"25,5771";"13,5741"
"76,7400";"25,5804";"13,5708"
"76,7500";"25,5838";"13,5667"
"76,7600";"25,5872";"13,5660"
"76,7700";"25,5908";"13,5682"
"76,7800";"25,5942";"13,5701"
"76,7900";"25,5976";"13,5703"
"76,8000";"25,6009";"13,5703"
"76,8100";"25,6042";"13,5719"
"76,8200";"25,6075";"13,5747"
"76,8300";"25,6110";"13,5759"
"76,8400";"25,6142";"13,5750"
"76,8500";"25,6175";"13,5723"
"76,8600";"25,6206";"13,5693"
"76,8700";"25,6238";"13,5696"
"76,8800";"25,6271";"13,5722"
"76,8900";"25,6303";"13,5753"
"76,9000";"25,6338";"13,5767"
"76,9100";"25,6371";"13,5761"
"76,9200";"25,6405";"13,5741"
"76,9300";"25,6438";"13,5730"
"76,9400";"25,6472";"13,5748"
"76,9500";"25,6506";"13,5774"
"76,9600";"25,6542";"13,5780"
"76,9700";"25,6575";"13,5771"
"76,9800";"25,6608";"13,5754"
"76,9900";"25,6642";"13,5752"
"77,0000";"25,6675";"13,5763"
"77,0100";"25,6708";"13,5778"
"77,0200";"25,6741";"13,5770"
"77,0300";"25,6776";"13,5755"
"77,0400";"25,6809";"13,5755"
"77,0500";"25,6842";"13,5789"
"77,0600";"25,6875";"13,5821"
"77,0700";"25,6907";"13,5819"
"77,0800";"25,6938";"13,5791"
"77,0900";"25,6970";"13,5765"
"77,1000";"25,7003";"13,5772"
"77,1100";"25,7036";"13,5784"
"77,1200";"25,7071";"13,5782"
"77,1300";"25,7104";"13,5779"
"77,1400";"25,7139";"13,5783"
"77,1500";"25,7173";"13,5790"
"77,1600";"25,7208";"13,5817"
"77,1700";"25,7242";"13,5851"
"77,1800";"25,7276";"13,5853"
"77,1900";"25,7309";"13,5827"
"77,2000";"25,7343";"13,5779"
"77,2100";"25,7375";"13,5757"
"77,2200";"25,7407";"13,5788"
"77,2300";"25,7441";"13,5836"
"77,2400";"25,7474";"13,5874"
"77,2500";"25,7506";"13,5887"
"77,2600";"25,7538";"13,5885"
"77,2700";"25,7571";"13,5862"
"77,2800";"25,7604";"13,5831"
"77,2900";"25,7637";"13,5813"
"77,3000";"25,7672";"13,5820"
"77,3100";"25,7706";"13,5833"
"77,3200";"25,7739";"13,5843"
"77,3300";"25,7773";"13,5870"
"77,3400";"25,7807";"13,5888"
"77,3500";"25,7840";"13,5890"
"77,3600";"25,7875";"13,5869"
"77,3700";"25,7909";"13,5840"
"77,3800";"25,7942";"13,5817"
"77,3900";"25,7976";"13,5824"
"77,4000";"25,8009";"13,5838"
"77,4100";"25,8042";"13,5865"
"77,4200";"25,8075";"13,5885"
"77,4300";"25,8108";"13,5887"
"77,4400";"25,8140";"13,5879"
"77,4500";"25,8173";"13,5879"
"77,4600";"25,8206";"13,5879"
"77,4700";"25,8238";"13,5873"
"77,4800";"25,8270";"13,5865"
"77,4900";"25,8304";"13,5872"
"77,5000";"25,8339";"13,5897"
"77,5100";"25,8373";"13,5918"
"77,5200";"25,8407";"13,5917"
"77,5300";"25,8441";"13,5910"
"77,5400";"25,8474";"13,5910"
"77,5500";"25,8507";"13,5918"
"77,5600";"25,8542";"13,5908"
"77,5700";"25,8577";"13,5900"
"77,5800";"25,8610";"13,5902"
"77,5900";"25,8643";"13,5906"
"77,6000";"25,8674";"13,5902"
"77,6100";"25,8707";"13,5890"
"77,6200";"25,8739";"13,5875"
"77,6300";"25,8772";"13,5869"
"77,6400";"25,8805";"13,5870"
"77,6500";"25,8837";"13,5863"
"77,6600";"25,8870";"13,5864"
"77,6700";"25,8903";"13,5881"
"77,6800";"25,8936";"13,5883"
"77,6900";"25,8970";"13,5881"
"77,7000";"25,9004";"13,5886"
"77,7100";"25,9040";"13,5889"
"77,7200";"25,9075";"13,5883"
"77,7300";"25,9109";"13,5878"
"77,7400";"25,9144";"13,5881"
"77,7500";"25,9177";"13,5885"
"77,7600";"25,9211";"13,5885"
"77,7700";"25,9245";"13,5889"
"77,7800";"25,9278";"13,5899"
"77,7900";"25,9311";"13,5914"
"77,8000";"25,9343";"13,5903"
"77,8100";"25,9375";"13,5876"
"77,8200";"25,9405";"13,5859"
"77,8300";"25,9436";"13,5870"
"77,8400";"25,9468";"13,5886"
"77,8500";"25,9501";"13,5890"
"77,8600";"25,9534";"13,5899"
"77,8700";"25,9568";"13,5909"
"77,8800";"25,9603";"13,5910"
"77,8900";"25,9637";"13,5888"
"77,9000";"25,9671";"13,5870"
"77,9100";"25,9708";"13,5885"
"77,9200";"25,9741";"13,5895"
"77,9300";"25,9775";"13,5907"
"77,9400";"25,9808";"13,5928"
"77,9500";"25,9841";"13,5952"
"77,9600";"25,9874";"13,5957"
"77,9700";"25,9908";"13,5940"
"77,9800";"25,9942";"13,5917"
"77,9900";"25,9974";"13,5903"
"78,0000";"26,0006";"13,5911"
"78,0100";"26,0037";"13,5932"
"78,0200";"26,0069";"13,5949"
"78,0300";"26,0101";"13,5958"
"78,0400";"26,0134";"13,5961"
"78,0500";"26,0170";"13,5949"
"78,0600";"26,0204";"13,5921"
"78,0700";"26,0238";"13,5917"
"78,0800";"26,0272";"13,5932"
"78,0900";"26,0307";"13,5945"
"78,1000";"26,0341";"13,5941"
"78,1100";"26,0376";"13,5940"
"78,1200";"26,0410";"13,5950"
"78,1300";"26,0443";"13,5960"
"78,1400";"26,0477";"13,5967"
"78,1500";"26,0511";"13,5972"
"78,1600";"26,0544";"13,5969"
"78,1700";"26,0577";"13,5966"
"78,1800";"26,0610";"13,5970"
"78,1900";"26,0642";"13,5977"
"78,2000";"26,0674";"13,5974"
"78,2100";"26,0704";"13,5969"
"78,2200";"26,0736";"13,5961"
"78,2300";"26,0769";"13,5947"
"78,2400";"26,0802";"13,5946"
"78,2500";"26,0837";"13,5954"
"78,2600";"26,0872";"13,5969"
"78,2700";"26,0906";"13,5982"
"78,2800";"26,0941";"13,5989"
"78,2900";"26,0974";"13,5988"
"78,3000";"26,1009";"13,6000"
"78,3100";"26,1043";"13,6015"
"78,3200";"26,1079";"13,6023"
"78,3300";"26,1113";"13,6017"
"78,3400";"26,1145";"13,6000"
"78,3500";"26,1177";"13,5997"
"78,3600";"26,1209";"13,6013"
"78,3700";"26,1240";"13,6018"
"78,3800";"26,1273";"13,6004"
"78,3900";"26,1305";"13,5998"
"78,4000";"26,1337";"13,6015"
"78,4100";"26,1370";"13,6026"
"78,4200";"26,1403";"13,6036"
"78,4300";"26,1436";"13,6033"
"78,4400";"26,1471";"13,6020"
"78,4500";"26,1506";"13,6010"
"78,4600";"26,1540";"13,6009"
"78,4700";"26,1576";"13,6028"
"78,4800";"26,1610";"13,6058"
"78,4900";"26,1644";"13,6066"
"78,5000";"26,1678";"13,6044"
"78,5100";"26,1711";"13,6037"
"78,5200";"26,1744";"13,6052"
"78,5300";"26,1778";"13,6072"
"78,5400";"26,1809";"13,6081"
"78,5500";"26,1841";"13,6061"
"78,5600";"26,1874";"13,6041"
"78,5700";"26,1906";"13,6037"
"78,5800";"26,1938";"13,6035"
"78,5900";"26,1970";"13,6039"
"78,6000";"26,2002";"13,6058"
"78,6100";"26,2035";"13,6065"
"78,6200";"26,2069";"13,6050"
"78,6300";"26,2103";"13,6035"
"78,6400";"26,2138";"13,6050"
"78,6500";"26,2174";"13,6073"
"78,6600";"26,2208";"13,6079"
"78,6700";"26,2243";"13,6081"
"78,6800";"26,2277";"13,6083"
"78,6900";"26,2311";"13,6082"
"78,7000";"26,2345";"13,6075"
"78,7100";"26,2377";"13,6073"
"78,7200";"26,2411";"13,6080"
"78,7300";"26,2443";"13,6070"
"78,7400";"26,2475";"13,6067"
"78,7500";"26,2507";"13,6082"
"78,7600";"26,2538";"13,6117"
"78,7700";"26,2570";"13,6139"
"78,7800";"26,2603";"13,6121"
"78,7900";"26,2636";"13,6088"
"78,8000";"26,2669";"13,6082"
"78,8100";"26,2702";"13,6093"
"78,8200";"26,2737";"13,6104"
"78,8300";"26,2772";"13,6116"
"78,8400";"26,2807";"13,6129"
"78,8500";"26,2842";"13,6139"
"78,8600";"26,2877";"13,6162"
"78,8700";"26,2911";"13,6172"
"78,8800";"26,2944";"13,6184"
"78,8900";"26,2976";"13,6172"
"78,9000";"26,3009";"13,6140"
"78,9100";"26,3042";"13,6112"
"78,9200";"26,3075";"13,6109"
"78,9300";"26,3108";"13,6139"
"78,9400";"26,3140";"13,6167"
"78,9500";"26,3172";"13,6188"
"78,9600";"26,3204";"13,6188"
"78,9700";"26,3236";"13,6169"
"78,9800";"26,3269";"13,6146"
"78,9900";"26,3303";"13,6140"
"79,0000";"26,3337";"13,6138"
"79,0100";"26,3371";"13,6143"
"79,0200";"26,3407";"13,6145"
"79,0300";"26,3442";"13,6155"
"79,0400";"26,3476";"13,6180"
"79,0500";"26,3511";"13,6194"
"79,0600";"26,3545";"13,6179"
"79,0700";"26,3578";"13,6161"
"79,0800";"26,3611";"13,6160"
"79,0900";"26,3643";"13,6174"
"79,1000";"26,3675";"13,6193"
"79,1100";"26,3708";"13,6200"
"79,1200";"26,3741";"13,6217"
"79,1300";"26,3774";"13,6236"
"79,1400";"26,3806";"13,6227"
"79,1500";"26,3838";"13,6202"
"79,1600";"26,3869";"13,6175"
"79,1700";"26,3903";"13,6173"
"79,1800";"26,3936";"13,6187"
"79,1900";"26,3971";"13,6204"
"79,2000";"26,4006";"13,6230"
"79,2100";"26,4041";"13,6244"
"79,2200";"26,4076";"13,6248"
"79,2300";"26,4109";"13,6239"
"79,2400";"26,4142";"13,6210"
"79,2500";"26,4175";"13,6191"
"79,2600";"26,4209";"13,6177"
"79,2700";"26,4243";"13,6188"
"79,2800";"26,4274";"13,6207"
"79,2900";"26,4306";"13,6229"
"79,3000";"26,4338";"13,6239"
"79,3100";"26,4370";"13,6230"
"79,3200";"26,4403";"13,6220"
"79,3300";"26,4436";"13,6230"
"79,3400";"26,4469";"13,6237"
"79,3500";"26,4502";"13,6245"
"79,3600";"26,4536";"13,6246"
"79,3700";"26,4570";"13,6257"
"79,3800";"26,4604";"13,6267"
"79,3900";"26,4639";"13,6259"
"79,4000";"26,4675";"13,6240"
"79,4100";"26,4709";"13,6243"
"79,4200";"26,4743";"13,6268"
"79,4300";"26,4776";"13,6296"
"79,4400";"26,4809";"13,6303"
"79,4500";"26,4842";"13,6288"
"79,4600";"26,4875";"13,6278"
"79,4700";"26,4908";"13,6278"
"79,4800";"26,4941";"13,6281"
"79,4900";"26,4973";"13,6289"
"79,5000";"26,5005";"13,6282"
"79,5100";"26,5037";"13,6278"
"79,5200";"26,5070";"13,6308"
"79,5300";"26,5103";"13,6348"
"79,5400";"26,5136";"13,6364"
"79,5500";"26,5170";"13,6335"
"79,5600";"26,5204";"13,6304"
"79,5700";"26,5238";"13,6294"
"79,5800";"26,5273";"13,6315"
"79,5900";"26,5309";"13,6331"
"79,6000";"26,5344";"13,6335"
"79,6100";"26,5377";"13,6330"
"79,6200";"26,5410";"13,6327"
"79,6300";"26,5443";"13,6323"
"79,6400";"26,5475";"13,6325"
"79,6500";"26,5508";"13,6332"
"79,6600";"26,5540";"13,6333"
"79,6700";"26,5573";"13,6337"
"79,6800";"26,5606";"13,6331"
"79,6900";"26,5638";"13,6333"
"79,7000";"26,5670";"13,6348"
"79,7100";"26,5703";"13,6370"
"79,7200";"26,5736";"13,6375"
"79,7300";"26,5769";"13,6372"
"79,7400";"26,5803";"13,6359"
"79,7500";"26,5839";"13,6353"
"79,7600";"26,5873";"13,6364"
"79,7700";"26,5907";"13,6389"
"79,7800";"26,5941";"13,6402"
"79,7900";"26,5977";"13,6403"
"79,8000";"26,6011";"13,6395"
"79,8100";"26,6044";"13,6397"
"79,8200";"26,6077";"13,6402"
"79,8300";"26,6110";"13,6392"
"79,8400";"26,6143";"13,6370"
"79,8500";"26,6175";"13,6360"
"79,8600";"26,6208";"13,6379"
"79,8700";"26,6241";"13,6395"
"79,8800";"26,6274";"13,6407"
"79,8900";"26,6306";"13,6416"
"79,9000";"26,6338";"13,6419"
"79,9100";"26,6371";"13,6404"
"79,9200";"26,6404";"13,6385"
"79,9300";"26,6438";"13,6383"
"79,9400";"26,6473";"13,6405"
"79,9500";"26,6507";"13,6424"
"79,9600";"26,6542";"13,6432"
"79,9700";"26,6576";"13,6437"
"79,9800";"26,6610";"13,6442"
"79,9900";"26,6643";"13,6432"
"80,0000";"26,6676";"13,6423"
"80,0100";"26,6709";"13,6413"
"80,0200";"26,6742";"13,6422"
"80,0300";"26,6775";"13,6434"
"80,0400";"26,6807";"13,6441"
"80,0500";"26,6840";"13,6453"
"80,0600";"26,6873";"13,6469"
"80,0700";"26,6906";"13,6469"
"80,0800";"26,6938";"13,6459"
"80,0900";"26,6971";"13,6454"
"80,1000";"26,7004";"13,6462"
"80,1100";"26,7036";"13,6473"
"80,1200";"26,7070";"13,6489"
"80,1300";"26,7104";"13,6506"
"80,1400";"26,7140";"13,6507"
"80,1500";"26,7175";"13,6490"
"80,1600";"26,7208";"13,6456"
"80,1700";"26,7241";"13,6444"
"80,1800";"26,7274";"13,6460"
"80,1900";"26,7308";"13,6471"
"80,2000";"26,7343";"13,6463"
"80,2100";"26,7376";"13,6462"
"80,2200";"26,7409";"13,6479"
"80,2300";"26,7442";"13,6498"
"80,2400";"26,7475";"13,6506"
"80,2500";"26,7507";"13,6501"
"80,2600";"26,7540";"13,6484"
"80,2700";"26,7574";"13,6460"
"80,2800";"26,7606";"13,6454"
"80,2900";"26,7639";"13,6483"
"80,3000";"26,7671";"13,6516"
"80,3100";"26,7705";"13,6536"
"80,3200";"26,7738";"13,6527"
"80,3300";"26,7774";"13,6499"
"80,3400";"26,7808";"13,6489"
"80,3500";"26,7842";"13,6498"
"80,3600";"26,7875";"13,6509"
"80,3700";"26,7908";"13,6507"
"80,3800";"26,7941";"13,6504"
"80,3900";"26,7975";"13,6519"
"80,4000";"26,8008";"13,6535"
"80,4100";"26,8043";"13,6539"
"80,4200";"26,8075";"13,6538"
"80,4300";"26,8108";"13,6529"
"80,4400";"26,8140";"13,6517"
"80,4500";"26,8173";"13,6514"
"80,4600";"26,8204";"13,6525"
"80,4700";"26,8238";"13,6546"
"80,4800";"26,8271";"13,6553"
"80,4900";"26,8304";"13,6533"
"80,5000";"26,8337";"13,6518"
"80,5100";"26,8370";"13,6514"
"80,5200";"26,8404";"13,6514"
"80,5300";"26,8438";"13,6521"
"80,5400";"26,8472";"13,6539"
"80,5500";"26,8507";"13,6540"
"80,5600";"26,8541";"13,6541"
"80,5700";"26,8574";"13,6547"
"80,5800";"26,8607";"13,6553"
"80,5900";"26,8641";"13,6556"
"80,6000";"26,8675";"13,6551"
"80,6100";"26,8710";"13,6548"
"80,6200";"26,8742";"13,6550"
"80,6300";"26,8775";"13,6573"
"80,6400";"26,8807";"13,6604"
"80,6500";"26,8838";"13,6617"
"80,6600";"26,8871";"13,6614"
"80,6700";"26,8905";"13,6605"
"80,6800";"26,8939";"13,6597"
"80,6900";"26,8973";"13,6595"
"80,7000";"26,9006";"13,6583"
"80,7100";"26,9039";"13,6576"
"80,7200";"26,9072";"13,6582"
"80,7300";"26,9106";"13,6588"
"80,7400";"26,9139";"13,6591"
"80,7500";"26,9174";"13,6586"
"80,7600";"26,9207";"13,6575"
"80,7700";"26,9240";"13,6571"
"80,7800";"26,9273";"13,6572"
"80,7900";"26,9306";"13,6589"
"80,8000";"26,9339";"13,6620"
"80,8100";"26,9373";"13,6630"
"80,8200";"26,9407";"13,6617"
"80,8300";"26,9439";"13,6602"
"80,8400";"26,9472";"13,6602"
"80,8500";"26,9504";"13,6603"
"80,8600";"26,9537";"13,6609"
"80,8700";"26,9570";"13,6615"
"80,8800";"26,9606";"13,6618"
"80,8900";"26,9640";"13,6629"
"80,9000";"26,9674";"13,6636"
"80,9100";"26,9708";"13,6655"
"80,9200";"26,9742";"13,6667"
"80,9300";"26,9775";"13,6655"
"80,9400";"26,9809";"13,6635"
"80,9500";"26,9843";"13,6625"
"80,9600";"26,9875";"13,6638"
"80,9700";"26,9908";"13,6660"
"80,9800";"26,9941";"13,6672"
"80,9900";"26,9973";"13,6665"
"81,0000";"27,0006";"13,6659"
"81,0100";"27,0039";"13,6639"
"81,0200";"27,0072";"13,6637"
"81,0300";"27,0104";"13,6651"
"81,0400";"27,0137";"13,6671"
"81,0500";"27,0170";"13,6677"
"81,0600";"27,0203";"13,6672"
"81,0700";"27,0237";"13,6673"
"81,0800";"27,0273";"13,6686"
"81,0900";"27,0308";"13,6691"
"81,1000";"27,0342";"13,6687"
"81,1100";"27,0376";"13,6673"
"81,1200";"27,0407";"13,6665"
"81,1300";"27,0442";"13,6674"
"81,1400";"27,0475";"13,6701"
"81,1500";"27,0509";"13,6723"
"81,1600";"27,0542";"13,6708"
"81,1700";"27,0575";"13,6668"
"81,1800";"27,0608";"13,6643"
"81,1900";"27,0640";"13,6657"
"81,2000";"27,0673";"13,6699"
"81,2100";"27,0706";"13,6724"
"81,2200";"27,0739";"13,6720"
"81,2300";"27,0772";"13,6690"
"81,2400";"27,0805";"13,6680"
"81,2500";"27,0838";"13,6684"
"81,2600";"27,0873";"13,6688"
"81,2700";"27,0907";"13,6683"
"81,2800";"27,0941";"13,6676"
"81,2900";"27,0976";"13,6670"
"81,3000";"27,1011";"13,6672"
"81,3100";"27,1044";"13,6698"
"81,3200";"27,1077";"13,6726"
"81,3300";"27,1110";"13,6735"
"81,3400";"27,1143";"13,6732"
"81,3500";"27,1176";"13,6729"
"81,3600";"27,1209";"13,6748"
"81,3700";"27,1241";"13,6761"
"81,3800";"27,1273";"13,6752"
"81,3900";"27,1306";"13,6739"
"81,4000";"27,1338";"13,6733"
"81,4100";"27,1370";"13,6735"
"81,4200";"27,1403";"13,6738"
"81,4300";"27,1437";"13,6745"
"81,4400";"27,1470";"13,6743"
"81,4500";"27,1504";"13,6746"
"81,4600";"27,1540";"13,6736"
"81,4700";"27,1574";"13,6746"
"81,4800";"27,1609";"13,6767"
"81,4900";"27,1643";"13,6780"
"81,5000";"27,1678";"13,6779"
"81,5100";"27,1711";"13,6775"
"81,5200";"27,1743";"13,6770"
"81,5300";"27,1776";"13,6770"
"81,5400";"27,1808";"13,6773"
"81,5500";"27,1841";"13,6778"
"81,5600";"27,1872";"13,6794"
"81,5700";"27,1906";"13,6801"
"81,5800";"27,1937";"13,6799"
"81,5900";"27,1969";"13,6783"
"81,6000";"27,2002";"13,6777"
"81,6100";"27,2035";"13,6780"
"81,6200";"27,2070";"13,6778"
"81,6300";"27,2105";"13,6754"
"81,6400";"27,2139";"13,6727"
"81,6500";"27,2175";"13,6738"
"81,6600";"27,2209";"13,6760"
"81,6700";"27,2243";"13,6768"
"81,6800";"27,2277";"13,6768"
"81,6900";"27,2312";"13,6755"
"81,7000";"27,2345";"13,6744"
"81,7100";"27,2377";"13,6739"
"81,7200";"27,2408";"13,6742"
"81,7300";"27,2441";"13,6764"
"81,7400";"27,2475";"13,6789"
"81,7500";"27,2508";"13,6808"
"81,7600";"27,2541";"13,6828"
"81,7700";"27,2573";"13,6818"
"81,7800";"27,2604";"13,6795"
"81,7900";"27,2636";"13,6768"
"81,8000";"27,2669";"13,6758"
"81,8100";"27,2702";"13,6765"
"81,8200";"27,2738";"13,6779"
"81,8300";"27,2772";"13,6790"
"81,8400";"27,2806";"13,6799"
"81,8500";"27,2841";"13,6800"
"81,8600";"27,2875";"13,6792"
"81,8700";"27,2909";"13,6787"
"81,8800";"27,2943";"13,6786"
"81,8900";"27,2977";"13,6799"
"81,9000";"27,3011";"13,6811"
"81,9100";"27,3042";"13,6807"
"81,9200";"27,3074";"13,6806"
"81,9300";"27,3106";"13,6821"
"81,9400";"27,3138";"13,6824"
"81,9500";"27,3171";"13,6796"
"81,9600";"27,3203";"13,6769"
"81,9700";"27,3236";"13,6764"
"81,9800";"27,3269";"13,6777"
"81,9900";"27,3302";"13,6803"
"82,0000";"27,3336";"13,6817"
"82,0100";"27,3371";"13,6823"
"82,0200";"27,3406";"13,6827"
"82,0300";"27,3441";"13,6822"
"82,0400";"27,3477";"13,6817"
"82,0500";"27,3510";"13,6806"
"82,0600";"27,3543";"13,6794"
"82,0700";"27,3576";"13,6803"
"82,0800";"27,3609";"13,6826"
"82,0900";"27,3642";"13,6846"
"82,1000";"27,3675";"13,6850"
"82,1100";"27,3708";"13,6832"
"82,1200";"27,3740";"13,6815"
"82,1300";"27,3772";"13,6808"
"82,1400";"27,3804";"13,6814"
"82,1500";"27,3837";"13,6812"
"82,1600";"27,3870";"13,6808"
"82,1700";"27,3904";"13,6816"
"82,1800";"27,3937";"13,6824"
"82,1900";"27,3970";"13,6824"
"82,2000";"27,4005";"13,6808"
"82,2100";"27,4039";"13,6794"
"82,2200";"27,4073";"13,6813"
"82,2300";"27,4108";"13,6830"
"82,2400";"27,4143";"13,6823"
"82,2500";"27,4176";"13,6816"
"82,2600";"27,4209";"13,6826"
"82,2700";"27,4241";"13,6843"
"82,2800";"27,4274";"13,6836"
"82,2900";"27,4307";"13,6826"
"82,3000";"27,4340";"13,6818"
"82,3100";"27,4373";"13,6819"
"82,3200";"27,4406";"13,6816"
"82,3300";"27,4438";"13,6814"
"82,3400";"27,4471";"13,6823"
"82,3500";"27,4504";"13,6836"
"82,3600";"27,4538";"13,6839"
"82,3700";"27,4572";"13,6839"
"82,3800";"27,4607";"13,6835"
"82,3900";"27,4641";"13,6832"
"82,4000";"27,4675";"13,6831"
"82,4100";"27,4709";"13,6831"
"82,4200";"27,4744";"13,6831"
"82,4300";"27,4778";"13,6833"
"82,4400";"27,4811";"13,6827"
"82,4500";"27,4844";"13,6825"
"82,4600";"27,4876";"13,6831"
"82,4700";"27,4908";"13,6826"
"82,4800";"27,4940";"13,6811"
"82,4900";"27,4973";"13,6799"
"82,5000";"27,5006";"13,6799"
"82,5100";"27,5039";"13,6805"
"82,5200";"27,5071";"13,6791"
"82,5300";"27,5102";"13,6791"
"82,5400";"27,5135";"13,6794"
"82,5500";"27,5170";"13,6784"
"82,5600";"27,5204";"13,6769"
"82,5700";"27,5239";"13,6771"
"82,5800";"27,5275";"13,6772"
"82,5900";"27,5309";"13,6770"
"82,6000";"27,5342";"13,6767"
"82,6100";"27,5375";"13,6773"
"82,6200";"27,5408";"13,6782"
"82,6300";"27,5441";"13,6779"
"82,6400";"27,5474";"13,6766"
"82,6500";"27,5509";"13,6752"
"82,6600";"27,5542";"13,6762"
"82,6700";"27,5574";"13,6787"
"82,6800";"27,5608";"13,6809"
"82,6900";"27,5641";"13,6797"
"82,7000";"27,5675";"13,6770"
"82,7100";"27,5708";"13,6759"
"82,7200";"27,5741";"13,6757"
"82,7300";"27,5773";"13,6755"
"82,7400";"27,5806";"13,6755"
"82,7500";"27,5839";"13,6742"
"82,7600";"27,5873";"13,6747"
"82,7700";"27,5908";"13,6752"
"82,7800";"27,5942";"13,6761"
"82,7900";"27,5976";"13,6752"
"82,8000";"27,6009";"13,6733"
"82,8100";"27,6042";"13,6708"
"82,8200";"27,6075";"13,6707"
"82,8300";"27,6108";"13,6720"
"82,8400";"27,6141";"13,6744"
"82,8500";"27,6174";"13,6750"
"82,8600";"27,6207";"13,6754"
"82,8700";"27,6241";"13,6761"
"82,8800";"27,6272";"13,6755"
"82,8900";"27,6305";"13,6752"
"82,9000";"27,6339";"13,6743"
"82,9100";"27,6372";"13,6739"
"82,9200";"27,6405";"13,6726"
"82,9300";"27,6438";"13,6705"
"82,9400";"27,6472";"13,6698"
"82,9500";"27,6505";"13,6702"
"82,9600";"27,6540";"13,6703"
"82,9700";"27,6575";"13,6683"
"82,9800";"27,6609";"13,6656"
"82,9900";"27,6643";"13,6663"
"83,0000";"27,6676";"13,6697"
"83,0100";"27,6709";"13,6723"
"83,0200";"27,6743";"13,6738"
"83,0300";"27,6777";"13,6726"
"83,0400";"27,6810";"13,6698"
"83,0500";"27,6843";"13,6668"
"83,0600";"27,6874";"13,6654"
"83,0700";"27,6906";"13,6663"
"83,0800";"27,6938";"13,6665"
"83,0900";"27,6971";"13,6669"
"83,1000";"27,7004";"13,6669"
"83,1100";"27,7037";"13,6666"
"83,1200";"27,7070";"13,6654"
"83,1300";"27,7103";"13,6639"
"83,1400";"27,7138";"13,6624"
"83,1500";"27,7172";"13,6627"
"83,1600";"27,7206";"13,6626"
"83,1700";"27,7240";"13,6613"
"83,1800";"27,7274";"13,6603"
"83,1900";"27,7308";"13,6608"
"83,2000";"27,7341";"13,6613"
"83,2100";"27,7374";"13,6607"
"83,2200";"27,7408";"13,6591"
"83,2300";"27,7441";"13,6586"
"83,2400";"27,7474";"13,6597"
"83,2500";"27,7506";"13,6602"
"83,2600";"27,7539";"13,6599"
"83,2700";"27,7571";"13,6592"
"83,2800";"27,7603";"13,6590"
"83,2900";"27,7636";"13,6577"
"83,3000";"27,7670";"13,6543"
"83,3100";"27,7704";"13,6517"
"83,3200";"27,7739";"13,6496"
"83,3300";"27,7773";"13,6486"
"83,3400";"27,7807";"13,6475"
"83,3500";"27,7840";"13,6485"
"83,3600";"27,7874";"13,6508"
"83,3700";"27,7907";"13,6512"
"83,3800";"27,7942";"13,6494"
"83,3900";"27,7976";"13,6468"
"83,4000";"27,8008";"13,6462"
"83,4100";"27,8041";"13,6452"
"83,4200";"27,8074";"13,6437"
"83,4300";"27,8107";"13,6423"
"83,4400";"27,8141";"13,6417"
"83,4500";"27,8174";"13,6428"
"83,4600";"27,8206";"13,6423"
"83,4700";"27,8238";"13,6414"
"83,4800";"27,8270";"13,6394"
"83,4900";"27,8303";"13,6361"
"83,5000";"27,8336";"13,6325"
"83,5100";"27,8370";"13,6313"
"83,5200";"27,8404";"13,6319"
"83,5300";"27,8438";"13,6317"
"83,5400";"27,8472";"13,6293"
"83,5500";"27,8505";"13,6262"
"83,5600";"27,8538";"13,6211"
"83,5700";"27,8572";"13,6125"
"83,5800";"27,8608";"13,6002"
"83,5900";"27,8641";"13,5873"
"83,6000";"27,8675";"13,5771"
"83,6100";"27,8708";"13,5692"
"83,6200";"27,8741";"13,5629"
"83,6300";"27,8774";"13,5559"
"83,6400";"27,8807";"13,5476"
"83,6500";"27,8840";"13,5386"
"83,6600";"27,8873";"13,5298"
"83,6700";"27,8906";"13,5204"
"83,6800";"27,8939";"13,5121"
"83,6900";"27,8972";"13,5044"
"83,7000";"27,9007";"13,4961"
"83,7100";"27,9042";"13,4888"
"83,7200";"27,9076";"13,4828"
"83,7300";"27,9110";"13,4780"
"83,7400";"27,9143";"13,4720"
"83,7500";"27,9177";"13,4646"
"83,7600";"27,9210";"13,4556"
"83,7700";"27,9244";"13,4469"
"83,7800";"27,9277";"13,4377"
"83,7900";"27,9310";"13,4298"
"83,8000";"27,9343";"13,4228"
"83,8100";"27,9375";"13,4163"
"83,8200";"27,9407";"13,4085"
"83,8300";"27,9439";"13,4005"
"83,8400";"27,9471";"13,3949"
"83,8500";"27,9504";"13,3904"
"83,8600";"27,9538";"13,3851"
"83,8700";"27,9571";"13,3790"
"83,8800";"27,9605";"13,3724"
"83,8900";"27,9638";"13,3659"
"83,9000";"27,9674";"13,3613"
"83,9100";"27,9708";"13,3569"
"83,9200";"27,9742";"13,3531"
"83,9300";"27,9776";"13,3477"
"83,9400";"27,9809";"13,3402"
"83,9500";"27,9842";"13,3335"
"83,9600";"27,9874";"13,3285"
"83,9700";"27,9909";"13,3239"
"83,9800";"27,9942";"13,3183"
"83,9900";"27,9975";"13,3113"
"84,0000";"28,0008";"13,3059"
"84,0100";"28,0040";"13,3016"
"84,0200";"28,0070";"13,2956"
"84,0300";"28,0102";"13,2891"
"84,0400";"28,0136";"13,2828"
"84,0500";"28,0169";"13,2777"
"84,0600";"28,0204";"13,2732"
"84,0700";"28,0238";"13,2690"
"84,0800";"28,0272";"13,2652"
"84,0900";"28,0306";"13,2612"
"84,1000";"28,0341";"13,2568"
"84,1100";"28,0375";"13,2520"
"84,1200";"28,0409";"13,2479"
"84,1300";"28,0443";"13,2428"
"84,1400";"28,0478";"13,2371"
"84,1500";"28,0509";"13,2307"
"84,1600";"28,0542";"13,2256"
"84,1700";"28,0574";"13,2221"
"84,1800";"28,0609";"13,2188"
"84,1900";"28,0640";"13,2157"
"84,2000";"28,0672";"13,2121"
"84,2100";"28,0704";"13,2090"
"84,2200";"28,0737";"13,2051"
"84,2300";"28,0770";"13,1986"
"84,2400";"28,0803";"13,1910"
"84,2500";"28,0838";"13,1855"
"84,2600";"28,0871";"13,1809"
"84,2700";"28,0905";"13,1761"
"84,2800";"28,0939";"13,1726"
"84,2900";"28,0973";"13,1695"
"84,3000";"28,1006";"13,1661"
"84,3100";"28,1041";"13,1613"
"84,3200";"28,1075";"13,1561"
"84,3300";"28,1108";"13,1505"
"84,3400";"28,1142";"13,1472"
"84,3500";"28,1174";"13,1431"
"84,3600";"28,1207";"13,1384"
"84,3700";"28,1239";"13,1348"
"84,3800";"28,1272";"13,1320"
"84,3900";"28,1304";"13,1282"
"84,4000";"28,1336";"13,1242"
"84,4100";"28,1369";"13,1194"
"84,4200";"28,1402";"13,1157"
"84,4300";"28,1435";"13,1116"
"84,4400";"28,1468";"13,1080"
"84,4500";"28,1502";"13,1059"
"84,4600";"28,1538";"13,1030"
"84,4700";"28,1572";"13,0975"
"84,4800";"28,1607";"13,0919"
"84,4900";"28,1642";"13,0873"
"84,5000";"28,1676";"13,0837"
"84,5100";"28,1710";"13,0804"
"84,5200";"28,1744";"13,0747"
"84,5300";"28,1777";"13,0692"
"84,5400";"28,1810";"13,0651"
"84,5500";"28,1845";"13,0622"
"84,5600";"28,1876";"13,0589"
"84,5700";"28,1910";"13,0540"
"84,5800";"28,1941";"13,0481"
"84,5900";"28,1973";"13,0419"
"84,6000";"28,2006";"13,0366"
"84,6100";"28,2038";"13,0332"
"84,6200";"28,2070";"13,0314"
"84,6300";"28,2104";"13,0279"
"84,6400";"28,2139";"13,0234"
"84,6500";"28,2173";"13,0186"
"84,6600";"28,2207";"13,0138"
"84,6700";"28,2240";"13,0099"
"84,6800";"28,2274";"13,0052"
"84,6900";"28,2307";"12,9995"
"84,7000";"28,2342";"12,9932"
"84,7100";"28,2376";"12,9882"
"84,7200";"28,2410";"12,9849"
"84,7300";"28,2443";"12,9828"
"84,7400";"28,2476";"12,9789"
"84,7500";"28,2508";"12,9721"
"84,7600";"28,2541";"12,9648"
"84,7700";"28,2572";"12,9587"
"84,7800";"28,2604";"12,9540"
"84,7900";"28,2637";"12,9494"
"84,8000";"28,2670";"12,9443"
"84,8100";"28,2704";"12,9402"
"84,8200";"28,2737";"12,9345"
"84,8300";"28,2771";"12,9284"
"84,8400";"28,2806";"12,9217"
"84,8500";"28,2840";"12,9146"
"84,8600";"28,2875";"12,9074"
"84,8700";"28,2908";"12,8998"
"84,8800";"28,2943";"12,8934"
"84,8900";"28,2976";"12,8888"
"84,9000";"28,3009";"12,8856"
"84,9100";"28,3042";"12,8807"
"84,9200";"28,3075";"12,8710"
"84,9300";"28,3108";"12,8600"
"84,9400";"28,3141";"12,8489"
"84,9500";"28,3173";"12,8391"
"84,9600";"28,3205";"12,8304"
"84,9700";"28,3236";"12,8223"
"84,9800";"28,3270";"12,8151"
"84,9900";"28,3303";"12,8078"
"85,0000";"28,3337";"12,7978"
"85,0100";"28,3370";"12,7876"
"85,0200";"28,3404";"12,7789"
"85,0300";"28,3438";"12,7702"
"85,0400";"28,3471";"12,7599"
"85,0500";"28,3507";"12,7487"
"85,0600";"28,3541";"12,7380"
"85,0700";"28,3575";"12,7277"
"85,0800";"28,3610";"12,7155"
"85,0900";"28,3643";"12,7021"
"85,1000";"28,3674";"12,6888"
"85,1100";"28,3708";"12,6771"
"85,1200";"28,3741";"12,6641"
"85,1300";"28,3774";"12,6488"
"85,1400";"28,3806";"12,6348"
"85,1500";"28,3837";"12,6214"
"85,1600";"28,3870";"12,6068"
"85,1700";"28,3902";"12,5926"
"85,1800";"28,3937";"12,5806"
"85,1900";"28,3971";"12,5678"
"85,2000";"28,4006";"12,5528"
"85,2100";"28,4042";"12,5369"
"85,2200";"28,4075";"12,5231"
"85,2300";"28,4109";"12,5110"
"85,2400";"28,4142";"12,4992"
"85,2500";"28,4176";"12,4849"
"85,2600";"28,4209";"12,4722"
"85,2700";"28,4242";"12,4594"
"85,2800";"28,4275";"12,4431"
"85,2900";"28,4307";"12,4222"
"85,3000";"28,4340";"12,3566"
"85,3100";"28,4372";"11,3842"
"85,3200";"28,4404";"9,8663"
"85,3300";"28,4437";"8,5123"
"85,3400";"28,4470";"7,5692"
"85,3500";"28,4502";"7,0337"
"85,3600";"28,4535";"6,8020"
"85,3700";"28,4569";"6,7529"
"85,3800";"28,4604";"6,7908"
"85,3900";"28,4638";"6,8562"
"85,4000";"28,4674";"6,9152"
"85,4100";"28,4709";"6,9579"
"85,4200";"28,4743";"6,9831"
"85,4300";"28,4777";"6,9952"
"85,4400";"28,4810";"6,9977"
"85,4500";"28,4843";"6,9953"
"85,4600";"28,4877";"6,9918"
"85,4700";"28,4911";"6,9889"
"85,4800";"28,4942";"6,9862"
"85,4900";"28,4974";"6,9825"
"85,5000";"28,5006";"6,9809"
"85,5100";"28,5039";"6,9832"
"85,5200";"28,5071";"6,9859"
"85,5300";"28,5104";"6,9870"
"85,5400";"28,5138";"6,9837"
"85,5500";"28,5171";"6,9813"
"85,5600";"28,5206";"6,9806"
"85,5700";"28,5240";"6,9802"
"85,5800";"28,5275";"6,9793"
"85,5900";"28,5310";"6,9787"
"85,6000";"28,5344";"6,9795"
"85,6100";"28,5378";"6,9806"
"85,6200";"28,5411";"6,9814"
"85,6300";"28,5444";"6,9817"
"85,6400";"28,5478";"6,9810"
"85,6500";"28,5510";"6,9796"
"85,6600";"28,5543";"6,9783"
"85,6700";"28,5575";"6,9786"
"85,6800";"28,5607";"6,9796"
"85,6900";"28,5640";"6,9783"
"85,7000";"28,5672";"6,9778"
"85,7100";"28,5704";"6,9779"
"85,7200";"28,5738";"6,9770"
"85,7300";"28,5772";"6,9748"
"85,7400";"28,5805";"6,9733"
"85,7500";"28,5840";"6,9740"
"85,7600";"28,5875";"6,9760"
"85,7700";"28,5909";"6,9760"
"85,7800";"28,5944";"6,9742"
"85,7900";"28,5978";"6,9746"
"85,8000";"28,6011";"6,9744"
"85,8100";"28,6044";"6,9739"
"85,8200";"28,6077";"6,9713"
"85,8300";"28,6109";"6,9689"
"85,8400";"28,6142";"6,9690"
"85,8500";"28,6175";"6,9702"
"85,8600";"28,6208";"6,9726"
"85,8700";"28,6241";"6,9744"
"85,8800";"28,6273";"6,9753"
"85,8900";"28,6306";"6,9739"
"85,9000";"28,6338";"6,9711"
"85,9100";"28,6370";"6,9699"
"85,9200";"28,6403";"6,9700"
"85,9300";"28,6438";"6,9704"
"85,9400";"28,6474";"6,9685"
"85,9500";"28,6508";"6,9683"
"85,9600";"28,6542";"6,9688"
"85,9700";"28,6576";"6,9696"
"85,9800";"28,6611";"6,9699"
"85,9900";"28,6644";"6,9700"
"86,0000";"28,6677";"6,9682"
"86,0100";"28,6710";"6,9665"
"86,0200";"28,6742";"6,9666"
"86,0300";"28,6773";"6,9678"
"86,0400";"28,6806";"6,9698"
"86,0500";"28,6838";"6,9702"
"86,0600";"28,6870";"6,9671"
"86,0700";"28,6903";"6,9641"
"86,0800";"28,6936";"6,9640"
"86,0900";"28,6969";"6,9649"
"86,1000";"28,7001";"6,9657"
"86,1100";"28,7036";"6,9648"
"86,1200";"28,7070";"6,9647"
"86,1300";"28,7104";"6,9650"
"86,1400";"28,7139";"6,9652"
"86,1500";"28,7174";"6,9639"
"86,1600";"28,7208";"6,9631"
"86,1700";"28,7241";"6,9620"
"86,1800";"28,7274";"6,9610"
"86,1900";"28,7307";"6,9620"
"86,2000";"28,7341";"6,9652"
"86,2100";"28,7374";"6,9666"
"86,2200";"28,7407";"6,9649"
"86,2300";"28,7440";"6,9629"
"86,2400";"28,7472";"6,9621"
"86,2500";"28,7504";"6,9625"
"86,2600";"28,7537";"6,9626"
"86,2700";"28,7570";"6,9618"
"86,2800";"28,7605";"6,9625"
"86,2900";"28,7638";"6,9632"
"86,3000";"28,7671";"6,9623"
"86,3100";"28,7705";"6,9603"
"86,3200";"28,7738";"6,9604"
"86,3300";"28,7772";"6,9609"
"86,3400";"28,7809";"6,9604"
"86,3500";"28,7843";"6,9599"
"86,3600";"28,7877";"6,9603"
"86,3700";"28,7909";"6,9613"
"86,3800";"28,7942";"6,9617"
"86,3900";"28,7975";"6,9600"
"86,4000";"28,8008";"6,9585"
"86,4100";"28,8041";"6,9591"
"86,4200";"28,8074";"6,9596"
"86,4300";"28,8106";"6,9601"
"86,4400";"28,8138";"6,9606"
"86,4500";"28,8170";"6,9610"
"86,4600";"28,8203";"6,9594"
"86,4700";"28,8236";"6,9587"
"86,4800";"28,8270";"6,9595"
"86,4900";"28,8305";"6,9602"
"86,5000";"28,8339";"6,9584"
"86,5100";"28,8373";"6,9558"
"86,5200";"28,8407";"6,9560"
"86,5300";"28,8442";"6,9590"
"86,5400";"28,8476";"6,9602"
"86,5500";"28,8511";"6,9596"
"86,5600";"28,8544";"6,9572"
"86,5700";"28,8577";"6,9560"
"86,5800";"28,8609";"6,9564"
"86,5900";"28,8641";"6,9569"
"86,6000";"28,8674";"6,9565"
"86,6100";"28,8707";"6,9565"
"86,6200";"28,8740";"6,9568"
"86,6300";"28,8773";"6,9585"
"86,6400";"28,8806";"6,9587"
"86,6500";"28,8839";"6,9592"
"86,6600";"28,8871";"6,9595"
"86,6700";"28,8906";"6,9586"
"86,6800";"28,8940";"6,9577"
"86,6900";"28,8974";"6,9565"
"86,7000";"28,9008";"6,9550"
"86,7100";"28,9041";"6,9544"
"86,7200";"28,9074";"6,9549"
"86,7300";"28,9109";"6,9562"
"86,7400";"28,9142";"6,9554"
"86,7500";"28,9175";"6,9537"
"86,7600";"28,9208";"6,9543"
"86,7700";"28,9242";"6,9575"
"86,7800";"28,9274";"6,9598"
"86,7900";"28,9307";"6,9582"
"86,8000";"28,9340";"6,9561"
"86,8100";"28,9372";"6,9551"
"86,8200";"28,9405";"6,9551"
"86,8300";"28,9438";"6,9538"
"86,8400";"28,9470";"6,9515"
"86,8500";"28,9503";"6,9518"
"86,8600";"28,9536";"6,9531"
"86,8700";"28,9570";"6,9551"
"86,8800";"28,9606";"6,9572"
"86,8900";"28,9641";"6,9577"
"86,9000";"28,9675";"6,9563"
"86,9100";"28,9708";"6,9544"
"86,9200";"28,9741";"6,9532"
"86,9300";"28,9774";"6,9524"
"86,9400";"28,9807";"6,9522"
"86,9500";"28,9843";"6,9519"
"86,9600";"28,9876";"6,9527"
"86,9700";"28,9910";"6,9561"
"86,9800";"28,9942";"6,9586"
"86,9900";"28,9975";"6,9587"
"87,0000";"29,0007";"6,9565"
"87,0100";"29,0039";"6,9555"
"87,0200";"29,0072";"6,9560"
"87,0300";"29,0104";"6,9548"
"87,0400";"29,0137";"6,9538"
"87,0500";"29,0170";"6,9542"
"87,0600";"29,0204";"6,9559"
"87,0700";"29,0238";"6,9552"
"87,0800";"29,0273";"6,9534"
"87,0900";"29,0308";"6,9530"
"87,1000";"29,0341";"6,9541"
"87,1100";"29,0374";"6,9550"
"87,1200";"29,0407";"6,9546"
"87,1300";"29,0440";"6,9542"
"87,1400";"29,0473";"6,9548"
"87,1500";"29,0508";"6,9547"
"87,1600";"29,0541";"6,9542"
"87,1700";"29,0574";"6,9543"
"87,1800";"29,0607";"6,9545"
"87,1900";"29,0639";"6,9522"
"87,2000";"29,0672";"6,9502"
"87,2100";"29,0705";"6,9524"
"87,2200";"29,0739";"6,9550"
"87,2300";"29,0772";"6,9564"
"87,2400";"29,0805";"6,9558"
"87,2500";"29,0838";"6,9543"
"87,2600";"29,0872";"6,9539"
"87,2700";"29,0907";"6,9537"
"87,2800";"29,0941";"6,9536"
"87,2900";"29,0975";"6,9531"
"87,3000";"29,1009";"6,9529"
"87,3100";"29,1044";"6,9526"
"87,3200";"29,1078";"6,9526"
"87,3300";"29,1110";"6,9542"
"87,3400";"29,1143";"6,9546"
"87,3500";"29,1176";"6,9551"
"87,3600";"29,1209";"6,9559"
"87,3700";"29,1241";"6,9560"
"87,3800";"29,1273";"6,9562"
"87,3900";"29,1304";"6,9573"
"87,4000";"29,1336";"6,9579"
"87,4100";"29,1371";"6,9572"
"87,4200";"29,1405";"6,9552"
"87,4300";"29,1438";"6,9536"
"87,4400";"29,1472";"6,9525"
"87,4500";"29,1506";"6,9524"
"87,4600";"29,1541";"6,9542"
"87,4700";"29,1575";"6,9563"
"87,4800";"29,1609";"6,9558"
"87,4900";"29,1642";"6,9547"
"87,5000";"29,1676";"6,9548"
"87,5100";"29,1709";"6,9557"
"87,5200";"29,1741";"6,9556"
"87,5300";"29,1774";"6,9548"
"87,5400";"29,1807";"6,9539"
"87,5500";"29,1839";"6,9537"
"87,5600";"29,1873";"6,9536"
"87,5700";"29,1905";"6,9541"
"87,5800";"29,1938";"6,9544"
"87,5900";"29,1970";"6,9540"
"87,6000";"29,2003";"6,9536"
"87,6100";"29,2036";"6,9540"
"87,6200";"29,2071";"6,9562"
"87,6300";"29,2105";"6,9579"
"87,6400";"29,2140";"6,9586"
"87,6500";"29,2174";"6,9579"
"87,6600";"29,2208";"6,9564"
"87,6700";"29,2242";"6,9573"
"87,6800";"29,2275";"6,9586"
"87,6900";"29,2309";"6,9592"
"87,7000";"29,2343";"6,9590"
"87,7100";"29,2378";"6,9574"
"87,7200";"29,2409";"6,9568"
"87,7300";"29,2441";"6,9584"
"87,7400";"29,2473";"6,9603"
"87,7500";"29,2506";"6,9609"
"87,7600";"29,2539";"6,9592"
"87,7700";"29,2572";"6,9565"
"87,7800";"29,2605";"6,9565"
"87,7900";"29,2637";"6,9569"
"87,8000";"29,2669";"6,9560"
"87,8100";"29,2702";"6,9555"
"87,8200";"29,2738";"6,9565"
"87,8300";"29,2772";"6,9571"
"87,8400";"29,2806";"6,9570"
"87,8500";"29,2840";"6,9556"
"87,8600";"29,2875";"6,9542"
"87,8700";"29,2908";"6,9554"
"87,8800";"29,2942";"6,9570"
"87,8900";"29,2975";"6,9562"
"87,9000";"29,3009";"6,9550"
"87,9100";"29,3042";"6,9546"
"87,9200";"29,3075";"6,9597"
"87,9300";"29,3108";"6,9643"
"87,9400";"29,3140";"6,9654"
"87,9500";"29,3172";"6,9615"
"87,9600";"29,3205";"6,9556"
"87,9700";"29,3237";"6,9546"
"87,9800";"29,3270";"6,9584"
"87,9900";"29,3303";"6,9624"
"88,0000";"29,3337";"6,9602"
"88,0100";"29,3372";"6,9553"
"88,0200";"29,3407";"6,9544"
"88,0300";"29,3442";"6,9584"
"88,0400";"29,3477";"6,9630"
"88,0500";"29,3510";"6,9654"
"88,0600";"29,3544";"6,9652"
"88,0700";"29,3577";"6,9643"
"88,0800";"29,3610";"6,9633"
"88,0900";"29,3643";"6,9617"
"88,1000";"29,3675";"6,9595"
"88,1100";"29,3707";"6,9577"
"88,1200";"29,3739";"6,9561"
"88,1300";"29,3772";"6,9543"
"88,1400";"29,3802";"6,9550"
"88,1500";"29,3836";"6,9584"
"88,1600";"29,3869";"6,9638"
"88,1700";"29,3903";"6,9671"
"88,1800";"29,3937";"6,9666"
"88,1900";"29,3971";"6,9637"
"88,2000";"29,4004";"6,9610"
"88,2100";"29,4039";"6,9586"
"88,2200";"29,4074";"6,9592"
"88,2300";"29,4109";"6,9602"
"88,2400";"29,4144";"6,9607"
"88,2500";"29,4178";"6,9620"
"88,2600";"29,4211";"6,9649"
"88,2700";"29,4244";"6,9673"
"88,2800";"29,4277";"6,9660"
"88,2900";"29,4309";"6,9618"
"88,3000";"29,4342";"6,9583"
"88,3100";"29,4374";"6,9575"
"88,3200";"29,4406";"6,9594"
"88,3300";"29,4438";"6,9631"
"88,3400";"29,4469";"6,9636"
"88,3500";"29,4503";"6,9622"
"88,3600";"29,4537";"6,9600"
"88,3700";"29,4571";"6,9603"
"88,3800";"29,4606";"6,9607"
"88,3900";"29,4642";"6,9593"
"88,4000";"29,4677";"6,9585"
"88,4100";"29,4710";"6,9594"
"88,4200";"29,4745";"6,9622"
"88,4300";"29,4779";"6,9656"
"88,4400";"29,4812";"6,9664"
"88,4500";"29,4844";"6,9656"
"88,4600";"29,4877";"6,9629"
"88,4700";"29,4907";"6,9612"
"88,4800";"29,4939";"6,9607"
"88,4900";"29,4971";"6,9619"
"88,5000";"29,5004";"6,9635"
"88,5100";"29,5037";"6,9648"
"88,5200";"29,5069";"6,9656"
"88,5300";"29,5102";"6,9650"
"88,5400";"29,5135";"6,9621"
"88,5500";"29,5170";"6,9613"
"88,5600";"29,5204";"6,9626"
"88,5700";"29,5238";"6,9640"
"88,5800";"29,5275";"6,9640"
"88,5900";"29,5309";"6,9645"
"88,6000";"29,5344";"6,9663"
"88,6100";"29,5377";"6,9678"
"88,6200";"29,5412";"6,9668"
"88,6300";"29,5446";"6,9644"
"88,6400";"29,5479";"6,9627"
"88,6500";"29,5511";"6,9632"
"88,6600";"29,5541";"6,9650"
"88,6700";"29,5573";"6,9652"
"88,6800";"29,5605";"6,9650"
"88,6900";"29,5638";"6,9648"
"88,7000";"29,5671";"6,9649"
"88,7100";"29,5703";"6,9645"
"88,7200";"29,5737";"6,9641"
"88,7300";"29,5770";"6,9652"
"88,7400";"29,5805";"6,9661"
"88,7500";"29,5839";"6,9666"
"88,7600";"29,5874";"6,9680"
"88,7700";"29,5909";"6,9691"
"88,7800";"29,5944";"6,9688"
"88,7900";"29,5977";"6,9666"
"88,8000";"29,6010";"6,9663"
"88,8100";"29,6043";"6,9672"
"88,8200";"29,6076";"6,9672"
"88,8300";"29,6109";"6,9676"
"88,8400";"29,6141";"6,9684"
"88,8500";"29,6173";"6,9695"
"88,8600";"29,6205";"6,9702"
"88,8700";"29,6237";"6,9692"
"88,8800";"29,6269";"6,9668"
"88,8900";"29,6301";"6,9645"
"88,9000";"29,6335";"6,9638"
"88,9100";"29,6368";"6,9637"
"88,9200";"29,6402";"6,9650"
"88,9300";"29,6436";"6,9674"
"88,9400";"29,6471";"6,9681"
"88,9500";"29,6506";"6,9675"
"88,9600";"29,6541";"6,9673"
"88,9700";"29,6578";"6,9680"
"88,9800";"29,6612";"6,9674"
"88,9900";"29,6645";"6,9655"
"89,0000";"29,6678";"6,9663"
"89,0100";"29,6710";"6,9675"
"89,0200";"29,6742";"6,9685"
"89,0300";"29,6774";"6,9683"
"89,0400";"29,6807";"6,9692"
"89,0500";"29,6839";"6,9704"
"89,0600";"29,6871";"6,9703"
"89,0700";"29,6903";"6,9688"
"89,0800";"29,6934";"6,9675"
"89,0900";"29,6968";"6,9676"
"89,1000";"29,7001";"6,9685"
"89,1100";"29,7035";"6,9674"
"89,1200";"29,7070";"6,9663"
"89,1300";"29,7104";"6,9649"
"89,1400";"29,7140";"6,9650"
"89,1500";"29,7174";"6,9653"
"89,1600";"29,7208";"6,9663"
"89,1700";"29,7244";"6,9682"
"89,1800";"29,7278";"6,9695"
"89,1900";"29,7311";"6,9697"
"89,2000";"29,7343";"6,9703"
"89,2100";"29,7376";"6,9712"
"89,2200";"29,7407";"6,9716"
"89,2300";"29,7440";"6,9707"
"89,2400";"29,7472";"6,9689"
"89,2500";"29,7505";"6,9682"
"89,2600";"29,7538";"6,9693"
"89,2700";"29,7570";"6,9700"
"89,2800";"29,7603";"6,9709"
"89,2900";"29,7636";"6,9719"
"89,3000";"29,7670";"6,9705"
"89,3100";"29,7705";"6,9683"
"89,3200";"29,7740";"6,9663"
"89,3300";"29,7775";"6,9668"
"89,3400";"29,7810";"6,9685"
"89,3500";"29,7843";"6,9692"
"89,3600";"29,7878";"6,9703"
"89,3700";"29,7911";"6,9717"
"89,3800";"29,7945";"6,9726"
"89,3900";"29,7978";"6,9726"
"89,4000";"29,8010";"6,9701"
"89,4100";"29,8042";"6,9677"
"89,4200";"29,8073";"6,9680"
"89,4300";"29,8106";"6,9697"
"89,4400";"29,8139";"6,9700"
"89,4500";"29,8172";"6,9715"
"89,4600";"29,8205";"6,9724"
"89,4700";"29,8237";"6,9722"
"89,4800";"29,8270";"6,9714"
"89,4900";"29,8303";"6,9705"
"89,5000";"29,8337";"6,9698"
"89,5100";"29,8371";"6,9695"
"89,5200";"29,8407";"6,9706"
"89,5300";"29,8441";"6,9711"
"89,5400";"29,8475";"6,9701"
"89,5500";"29,8508";"6,9689"
"89,5600";"29,8541";"6,9681"
"89,5700";"29,8574";"6,9698"
"89,5800";"29,8608";"6,9704"
"89,5900";"29,8642";"6,9702"
"89,6000";"29,8673";"6,9693"
"89,6100";"29,8705";"6,9699"
"89,6200";"29,8737";"6,9719"
"89,6300";"29,8770";"6,9721"
"89,6400";"29,8802";"6,9693"
"89,6500";"29,8836";"6,9684"
"89,6600";"29,8869";"6,9691"
"89,6700";"29,8904";"6,9716"
"89,6800";"29,8938";"6,9726"
"89,6900";"29,8971";"6,9721"
"89,7000";"29,9005";"6,9725"
"89,7100";"29,9041";"6,9725"
"89,7200";"29,9075";"6,9722"
"89,7300";"29,9109";"6,9716"
"89,7400";"29,9142";"6,9716"
"89,7500";"29,9176";"6,9725"
"89,7600";"29,9208";"6,9736"
"89,7700";"29,9241";"6,9731"
"89,7800";"29,9274";"6,9713"
"89,7900";"29,9307";"6,9710"
"89,8000";"29,9340";"6,9719"
"89,8100";"29,9372";"6,9721"
"89,8200";"29,9405";"6,9735"
"89,8300";"29,9437";"6,9739"
"89,8400";"29,9470";"6,9738"
"89,8500";"29,9503";"6,9746"
"89,8600";"29,9538";"6,9745"
"89,8700";"29,9572";"6,9739"
"89,8800";"29,9606";"6,9728"
"89,8900";"29,9639";"6,9716"
"89,9000";"29,9673";"6,9710"
"89,9100";"29,9708";"6,9714"
"89,9200";"29,9742";"6,9717"
"89,9300";"29,9775";"6,9723"
"89,9400";"29,9808";"6,9745"
"89,9500";"29,9842";"6,9759"
"89,9600";"29,9875";"6,9752"
"89,9700";"29,9908";"6,9748"
"89,9800";"29,9941";"6,9739"
"89,9900";"29,9974";"6,9739"
"90,0000";"30,0007";"6,9731"
"90,0100";"30,0039";"6,9718"
"90,0200";"30,0071";"6,9725"
"90,0300";"30,0104";"6,9747"
"90,0400";"30,0137";"6,9765"
"90,0500";"30,0172";"6,9762"
"90,0600";"30,0206";"6,9754"
"90,0700";"30,0240";"6,9732"
"90,0800";"30,0274";"6,9695"
"90,0900";"30,0308";"6,9692"
"90,1000";"30,0342";"6,9717"
"90,1100";"30,0375";"6,9751"
"90,1200";"30,0409";"6,9754"
"90,1300";"30,0442";"6,9739"
"90,1400";"30,0475";"6,9720"
"90,1500";"30,0508";"6,9716"
"90,1600";"30,0541";"6,9719"
"90,1700";"30,0574";"6,9720"
"90,1800";"30,0607";"6,9722"
"90,1900";"30,0640";"6,9737"
"90,2000";"30,0672";"6,9754"
"90,2100";"30,0705";"6,9780"
"90,2200";"30,0737";"6,9785"
"90,2300";"30,0770";"6,9765"
"90,2400";"30,0803";"6,9723"
"90,2500";"30,0837";"6,9690"
"90,2600";"30,0872";"6,9693"
"90,2700";"30,0906";"6,9736"
"90,2800";"30,0939";"6,9783"
"90,2900";"30,0973";"6,9803"
"90,3000";"30,1006";"6,9796"
"90,3100";"30,1040";"6,9781"
"90,3200";"30,1075";"6,9769"
"90,3300";"30,1109";"6,9747"
"90,3400";"30,1143";"6,9725"
"90,3500";"30,1175";"6,9723"
"90,3600";"30,1208";"6,9726"
"90,3700";"30,1241";"6,9732"
"90,3800";"30,1274";"6,9746"
"90,3900";"30,1307";"6,9772"
"90,4000";"30,1340";"6,9785"
"90,4100";"30,1373";"6,9761"
"90,4200";"30,1406";"6,9728"
"90,4300";"30,1438";"6,9720"
"90,4400";"30,1471";"6,9731"
"90,4500";"30,1506";"6,9740"
"90,4600";"30,1540";"6,9739"
"90,4700";"30,1574";"6,9724"
"90,4800";"30,1607";"6,9727"
"90,4900";"30,1640";"6,9741"
"90,5000";"30,1674";"6,9754"
"90,5100";"30,1707";"6,9751"
"90,5200";"30,1743";"6,9738"
"90,5300";"30,1777";"6,9717"
"90,5400";"30,1810";"6,9712"
"90,5500";"30,1843";"6,9735"
"90,5600";"30,1875";"6,9772"
"90,5700";"30,1907";"6,9777"
"90,5800";"30,1940";"6,9765"
"90,5900";"30,1972";"6,9740"
"90,6000";"30,2005";"6,9732"
"90,6100";"30,2038";"6,9731"
"90,6200";"30,2070";"6,9721"
"90,6300";"30,2103";"6,9717"
"90,6400";"30,2136";"6,9720"
"90,6500";"30,2170";"6,9736"
"90,6600";"30,2206";"6,9742"
"90,6700";"30,2240";"6,9743"
"90,6800";"30,2274";"6,9746"
"90,6900";"30,2308";"6,9733"
"90,7000";"30,2341";"6,9718"
"90,7100";"30,2374";"6,9718"
"90,7200";"30,2409";"6,9730"
"90,7300";"30,2443";"6,9740"
"90,7400";"30,2476";"6,9738"
"90,7500";"30,2508";"6,9735"
"90,7600";"30,2540";"6,9730"
"90,7700";"30,2572";"6,9717"
"90,7800";"30,2603";"6,9708"
"90,7900";"30,2635";"6,9712"
"90,8000";"30,2670";"6,9718"
"90,8100";"30,2703";"6,9725"
"90,8200";"30,2738";"6,9729"
"90,8300";"30,2771";"6,9748"
"90,8400";"30,2805";"6,9757"
"90,8500";"30,2841";"6,9742"
"90,8600";"30,2876";"6,9714"
"90,8700";"30,2910";"6,9704"
"90,8800";"30,2945";"6,9715"
"90,8900";"30,2978";"6,9728"
"90,9000";"30,3011";"6,9735"
"90,9100";"30,3044";"6,9735"
"90,9200";"30,3076";"6,9737"
"90,9300";"30,3108";"6,9733"
"90,9400";"30,3139";"6,9708"
"90,9500";"30,3173";"6,9676"
"90,9600";"30,3204";"6,9674"
"90,9700";"30,3235";"6,9692"
"90,9800";"30,3268";"6,9715"
"90,9900";"30,3302";"6,9728"
"91,0000";"30,3338";"6,9740"
"91,0100";"30,3373";"6,9746"
"91,0200";"30,3407";"6,9738"
"91,0300";"30,3441";"6,9737"
"91,0400";"30,3474";"6,9736"
"91,0500";"30,3507";"6,9741"
"91,0600";"30,3541";"6,9742"
"91,0700";"30,3576";"6,9758"
"91,0800";"30,3611";"6,9761"
"91,0900";"30,3644";"6,9754"
"91,1000";"30,3677";"6,9736"
"91,1100";"30,3708";"6,9716"
"91,1200";"30,3742";"6,9710"
"91,1300";"30,3775";"6,9706"
"91,1400";"30,3806";"6,9707"
"91,1500";"30,3838";"6,9696"
"91,1600";"30,3871";"6,9713"
"91,1700";"30,3903";"6,9731"
"91,1800";"30,3938";"6,9731"
"91,1900";"30,3972";"6,9723"
"91,2000";"30,4006";"6,9720"
"91,2100";"30,4040";"6,9714"
"91,2200";"30,4074";"6,9707"
"91,2300";"30,4108";"6,9690"
"91,2400";"30,4141";"6,9675"
"91,2500";"30,4175";"6,9670"
"91,2600";"30,4209";"6,9688"
"91,2700";"30,4243";"6,9710"
"91,2800";"30,4276";"6,9719"
"91,2900";"30,4309";"6,9721"
"91,3000";"30,4342";"6,9706"
"91,3100";"30,4374";"6,9700"
"91,3200";"30,4406";"6,9718"
"91,3300";"30,4439";"6,9735"
"91,3400";"30,4471";"6,9737"
"91,3500";"30,4503";"6,9723"
"91,3600";"30,4536";"6,9721"
"91,3700";"30,4569";"6,9714"
"91,3800";"30,4603";"6,9700"
"91,3900";"30,4638";"6,9703"
"91,4000";"30,4673";"6,9722"
"91,4100";"30,4706";"6,9733"
"91,4200";"30,4741";"6,9728"
"91,4300";"30,4776";"6,9713"
"91,4400";"30,4809";"6,9705"
"91,4500";"30,4844";"6,9712"
"91,4600";"30,4877";"6,9720"
"91,4700";"30,4911";"6,9725"
"91,4800";"30,4945";"6,9718"
"91,4900";"30,4976";"6,9716"
"91,5000";"30,5008";"6,9711"
"91,5100";"30,5040";"6,9688"
"91,5200";"30,5072";"6,9648"
"91,5300";"30,5104";"6,9617"
"91,5400";"30,5137";"6,9603"
"91,5500";"30,5169";"6,9603"
"91,5600";"30,5202";"6,9613"
"91,5700";"30,5237";"6,9628"
"91,5800";"30,5272";"6,9631"
"91,5900";"30,5307";"6,9615"
"91,6000";"30,5341";"6,9598"
"91,6100";"30,5375";"6,9598"
"91,6200";"30,5408";"6,9598"
"91,6300";"30,5443";"6,9592"
"91,6400";"30,5477";"6,9573"
"91,6500";"30,5510";"6,9572"
"91,6600";"30,5543";"6,9585"
"91,6700";"30,5576";"6,9589"
"91,6800";"30,5608";"6,9589"
"91,6900";"30,5639";"6,9579"
"91,7000";"30,5671";"6,9565"
"91,7100";"30,5702";"6,9554"
"91,7200";"30,5736";"6,9530"
"91,7300";"30,5769";"6,9520"
"91,7400";"30,5803";"6,9529"
"91,7500";"30,5837";"6,9550"
"91,7600";"30,5871";"6,9564"
"91,7700";"30,5906";"6,9561"
"91,7800";"30,5940";"6,9538"
"91,7900";"30,5974";"6,9509"
"91,8000";"30,6009";"6,9495"
"91,8100";"30,6044";"6,9505"
"91,8200";"30,6077";"6,9526"
"91,8300";"30,6111";"6,9550"
"91,8400";"30,6144";"6,9559"
"91,8500";"30,6176";"6,9554"
"91,8600";"30,6209";"6,9552"
"91,8700";"30,6241";"6,9533"
"91,8800";"30,6274";"6,9502"
"91,8900";"30,6306";"6,9481"
"91,9000";"30,6338";"6,9482"
"91,9100";"30,6371";"6,9487"
"91,9200";"30,6403";"6,9503"
"91,9300";"30,6437";"6,9517"
"91,9400";"30,6472";"6,9516"
"91,9500";"30,6506";"6,9481"
"91,9600";"30,6542";"6,9437"
"91,9700";"30,6575";"6,9400"
"91,9800";"30,6608";"6,9403"
"91,9900";"30,6642";"6,9419"
"92,0000";"30,6675";"6,9431"
"92,0100";"30,6708";"6,9436"
"92,0200";"30,6741";"6,9436"
"92,0300";"30,6774";"6,9432"
"92,0400";"30,6807";"6,9418"
"92,0500";"30,6839";"6,9409"
"92,0600";"30,6871";"6,9396"
"92,0700";"30,6903";"6,9380"
"92,0800";"30,6936";"6,9382"
"92,0900";"30,6968";"6,9398"
"92,1000";"30,7001";"6,9430"
"92,1100";"30,7034";"6,9425"
"92,1200";"30,7068";"6,9402"
"92,1300";"30,7104";"6,9385"
"92,1400";"30,7139";"6,9368"
"92,1500";"30,7175";"6,9372"
"92,1600";"30,7209";"6,9376"
"92,1700";"30,7243";"6,9373"
"92,1800";"30,7277";"6,9374"
"92,1900";"30,7309";"6,9362"
"92,2000";"30,7342";"6,9347"
"92,2100";"30,7375";"6,9336"
"92,2200";"30,7410";"6,9335"
"92,2300";"30,7441";"6,9321"
"92,2400";"30,7474";"6,9294"
"92,2500";"30,7506";"6,9289"
"92,2600";"30,7537";"6,9301"
"92,2700";"30,7570";"6,9320"
"92,2800";"30,7603";"6,9325"
"92,2900";"30,7636";"6,9302"
"92,3000";"30,7670";"6,9272"
"92,3100";"30,7703";"6,9264"
"92,3200";"30,7738";"6,9260"
"92,3300";"30,7773";"6,9269"
"92,3400";"30,7807";"6,9275"
"92,3500";"30,7843";"6,9263"
"92,3600";"30,7877";"6,9248"
"92,3700";"30,7910";"6,9236"
"92,3800";"30,7943";"6,9229"
"92,3900";"30,7976";"6,9223"
"92,4000";"30,8009";"6,9210"
"92,4100";"30,8041";"6,9204"
"92,4200";"30,8074";"6,9219"
"92,4300";"30,8106";"6,9246"
"92,4400";"30,8138";"6,9249"
"92,4500";"30,8170";"6,9223"
"92,4600";"30,8202";"6,9201"
"92,4700";"30,8235";"6,9179"
"92,4800";"30,8269";"6,9156"
"92,4900";"30,8303";"6,9137"
"92,5000";"30,8339";"6,9132"
"92,5100";"30,8373";"6,9140"
"92,5200";"30,8406";"6,9160"
"92,5300";"30,8440";"6,9166"
"92,5400";"30,8474";"6,9155"
"92,5500";"30,8509";"6,9153"
"92,5600";"30,8542";"6,9137"
"92,5700";"30,8575";"6,9123"
"92,5800";"30,8609";"6,9106"
"92,5900";"30,8642";"6,9088"
"92,6000";"30,8675";"6,9085"
"92,6100";"30,8708";"6,9101"
"92,6200";"30,8741";"6,9118"
"92,6300";"30,8774";"6,9123"
"92,6400";"30,8806";"6,9109"
"92,6500";"30,8838";"6,9074"
"92,6600";"30,8870";"6,9052"
"92,6700";"30,8903";"6,9060"
"92,6800";"30,8937";"6,9076"
"92,6900";"30,8971";"6,9067"
"92,7000";"30,9007";"6,9067"
"92,7100";"30,9041";"6,9077"
"92,7200";"30,9075";"6,9070"
"92,7300";"30,9110";"6,9056"
"92,7400";"30,9143";"6,9042"
"92,7500";"30,9177";"6,9035"
"92,7600";"30,9210";"6,9026"
"92,7700";"30,9244";"6,9012"
"92,7800";"30,9277";"6,9003"
"92,7900";"30,9309";"6,8999"
"92,8000";"30,9342";"6,8996"
"92,8100";"30,9375";"6,8994"
"92,8200";"30,9408";"6,8991"
"92,8300";"30,9440";"6,8975"
"92,8400";"30,9472";"6,8969"
"92,8500";"30,9504";"6,8973"
"92,8600";"30,9537";"6,8984"
"92,8700";"30,9570";"6,9010"
"92,8800";"30,9605";"6,9009"
"92,8900";"30,9640";"6,8982"
"92,9000";"30,9674";"6,8962"
"92,9100";"30,9707";"6,8949"
"92,9200";"30,9741";"6,8948"
"92,9300";"30,9774";"6,8949"
"92,9400";"30,9807";"6,8937"
"92,9500";"30,9841";"6,8913"
"92,9600";"30,9875";"6,8902"
"92,9700";"30,9908";"6,8896"
"92,9800";"30,9941";"6,8891"
"92,9900";"30,9974";"6,8890"
"93,0000";"31,0006";"6,8881"
"93,0100";"31,0039";"6,8872"
"93,0200";"31,0072";"6,8861"
"93,0300";"31,0104";"6,8846"
"93,0400";"31,0137";"6,8823"
"93,0500";"31,0170";"6,8824"
"93,0600";"31,0203";"6,8825"
"93,0700";"31,0237";"6,8783"
"93,0800";"31,0272";"6,8727"
"93,0900";"31,0308";"6,8633"
"93,1000";"31,0341";"6,8514"
"93,1100";"31,0374";"6,8396"
"93,1200";"31,0407";"6,8285"
"93,1300";"31,0440";"6,8175"
"93,1400";"31,0474";"6,8081"
"93,1500";"31,0507";"6,8009"
"93,1600";"31,0542";"6,7966"
"93,1700";"31,0575";"6,7912"
"93,1800";"31,0609";"6,7852"
"93,1900";"31,0641";"6,7795"
"93,2000";"31,0674";"6,7748"
"93,2100";"31,0706";"6,7702"
"93,2200";"31,0740";"6,7639"
"93,2300";"31,0772";"6,7579"
"93,2400";"31,0805";"6,7518"
"93,2500";"31,0839";"6,7466"
"93,2600";"31,0872";"6,7410"
"93,2700";"31,0905";"6,7369"
"93,2800";"31,0939";"6,7347"
"93,2900";"31,0972";"6,7335"
"93,3000";"31,1007";"6,7314"
"93,3100";"31,1040";"6,7266"
"93,3200";"31,1073";"6,7208"
"93,3300";"31,1106";"6,7150"
"93,3400";"31,1140";"6,7103"
"93,3500";"31,1174";"6,7079"
"93,3600";"31,1210";"6,7078"
"93,3700";"31,1243";"6,7060"
"93,3800";"31,1276";"6,7027"
"93,3900";"31,1308";"6,6999"
"93,4000";"31,1338";"6,6975"
"93,4100";"31,1370";"6,6946"
"93,4200";"31,1402";"6,6891"
"93,4300";"31,1435";"6,6840"
"93,4400";"31,1468";"6,6814"
"93,4500";"31,1503";"6,6802"
"93,4600";"31,1536";"6,6783"
"93,4700";"31,1569";"6,6757"
"93,4800";"31,1602";"6,6729"
"93,4900";"31,1636";"6,6687"
"93,5000";"31,1671";"6,6626"
"93,5100";"31,1704";"6,6583"
"93,5200";"31,1739";"6,6562"
"93,5300";"31,1773";"6,6555"
"93,5400";"31,1807";"6,6530"
"93,5500";"31,1841";"6,6489"
"93,5600";"31,1878";"6,6459"
"93,5700";"31,1912";"6,6438"
"93,5800";"31,1944";"6,6414"
"93,5900";"31,1977";"6,6375"
"93,6000";"31,2008";"6,6326"
"93,6100";"31,2040";"6,6299"
"93,6200";"31,2073";"6,6280"
"93,6300";"31,2107";"6,6261"
"93,6400";"31,2141";"6,6247"
"93,6500";"31,2175";"6,6210"
"93,6600";"31,2210";"6,6152"
"93,6700";"31,2243";"6,6094"
"93,6800";"31,2276";"6,6059"
"93,6900";"31,2310";"6,6036"
"93,7000";"31,2344";"6,6027"
"93,7100";"31,2377";"6,6012"
"93,7200";"31,2410";"6,5995"
"93,7300";"31,2443";"6,5970"
"93,7400";"31,2477";"6,5940"
"93,7500";"31,2510";"6,5904"
"93,7600";"31,2543";"6,5862"
"93,7700";"31,2574";"6,5829"
"93,7800";"31,2606";"6,5791"
"93,7900";"31,2638";"6,5763"
"93,8000";"31,2670";"6,5764"
"93,8100";"31,2703";"6,5779"
"93,8200";"31,2737";"6,5769"
"93,8300";"31,2772";"6,5730"
"93,8400";"31,2806";"6,5692"
"93,8500";"31,2840";"6,5663"
"93,8600";"31,2873";"6,5632"
"93,8700";"31,2906";"6,5605"
"93,8800";"31,2940";"6,5606"
"93,8900";"31,2975";"6,5611"
"93,9000";"31,3009";"6,5608"
"93,9100";"31,3043";"6,5571"
"93,9200";"31,3076";"6,5534"
"93,9300";"31,3109";"6,5517"
"93,9400";"31,3141";"6,5494"
"93,9500";"31,3173";"6,5465"
"93,9600";"31,3206";"6,5442"
"93,9700";"31,3238";"6,5439"
"93,9800";"31,3271";"6,5460"
"93,9900";"31,3304";"6,5467"
"94,0000";"31,3338";"6,5438"
"94,0100";"31,3372";"6,5396"
"94,0200";"31,3407";"6,5356"
"94,0300";"31,3441";"6,5321"
"94,0400";"31,3475";"6,5314"
"94,0500";"31,3508";"6,5329"
"94,0600";"31,3543";"6,5337"
"94,0700";"31,3576";"6,5328"
"94,0800";"31,3609";"6,5308"
"94,0900";"31,3643";"6,5291"
"94,1000";"31,3677";"6,5281"
"94,1100";"31,3711";"6,5268"
"94,1200";"31,3744";"6,5249"
"94,1300";"31,3776";"6,5221"
"94,1400";"31,3808";"6,5190"
"94,1500";"31,3839";"6,5158"
"94,1600";"31,3871";"6,5155"
"94,1700";"31,3904";"6,5156"
"94,1800";"31,3937";"6,5142"
"94,1900";"31,3970";"6,5102"
"94,2000";"31,4004";"6,5070"
"94,2100";"31,4040";"6,5072"
"94,2200";"31,4074";"6,5090"
"94,2300";"31,4107";"6,5101"
"94,2400";"31,4142";"6,5098"
"94,2500";"31,4175";"6,5088"
"94,2600";"31,4210";"6,5065"
"94,2700";"31,4243";"6,5035"
"94,2800";"31,4277";"6,5010"
"94,2900";"31,4310";"6,5002"
"94,3000";"31,4343";"6,4986"
"94,3100";"31,4376";"6,4963"
"94,3200";"31,4409";"6,4937"
"94,3300";"31,4440";"6,4930"
"94,3400";"31,4472";"6,4936"
"94,3500";"31,4503";"6,4933"
"94,3600";"31,4537";"6,4923"
"94,3700";"31,4571";"6,4909"
"94,3800";"31,4604";"6,4889"
"94,3900";"31,4638";"6,4872"
"94,4000";"31,4672";"6,4869"
"94,4100";"31,4708";"6,4875"
"94,4200";"31,4742";"6,4874"
"94,4300";"31,4775";"6,4845"
"94,4400";"31,4809";"6,4802"
"94,4500";"31,4843";"6,4778"
"94,4600";"31,4877";"6,4783"
"94,4700";"31,4908";"6,4786"
"94,4800";"31,4941";"6,4776"
"94,4900";"31,4975";"6,4773"
"94,5000";"31,5008";"6,4782"
"94,5100";"31,5039";"6,4765"
"94,5200";"31,5071";"6,4747"
"94,5300";"31,5103";"6,4725"
"94,5400";"31,5135";"6,4708"
"94,5500";"31,5168";"6,4685"
"94,5600";"31,5202";"6,4673"
"94,5700";"31,5237";"6,4659"
"94,5800";"31,5272";"6,4657"
"94,5900";"31,5306";"6,4638"
"94,6000";"31,5339";"6,4612"
"94,6100";"31,5374";"6,4579"
"94,6200";"31,5407";"6,4557"
"94,6300";"31,5441";"6,4558"
"94,6400";"31,5475";"6,4558"
"94,6500";"31,5509";"6,4547"
"94,6600";"31,5541";"6,4519"
"94,6700";"31,5574";"6,4481"
"94,6800";"31,5606";"6,4456"
"94,6900";"31,5639";"6,4462"
"94,7000";"31,5672";"6,4472"
"94,7100";"31,5705";"6,4475"
"94,7200";"31,5737";"6,4463"
"94,7300";"31,5770";"6,4458"
"94,7400";"31,5802";"6,4465"
"94,7500";"31,5836";"6,4458"
"94,7600";"31,5871";"6,4423"
"94,7700";"31,5907";"6,4392"
"94,7800";"31,5941";"6,4380"
"94,7900";"31,5977";"6,4362"
"94,8000";"31,6010";"6,4345"
"94,8100";"31,6043";"6,4341"
"94,8200";"31,6075";"6,4355"
"94,8300";"31,6108";"6,4360"
"94,8400";"31,6141";"6,4337"
"94,8500";"31,6175";"6,4319"
"94,8600";"31,6208";"6,4317"
"94,8700";"31,6240";"6,4311"
"94,8800";"31,6272";"6,4294"
"94,8900";"31,6304";"6,4278"
"94,9000";"31,6336";"6,4269"
"94,9100";"31,6370";"6,4252"
"94,9200";"31,6403";"6,4223"
"94,9300";"31,6437";"6,4204"
"94,9400";"31,6471";"6,4213"
"94,9500";"31,6505";"6,4215"
"94,9600";"31,6540";"6,4197"
"94,9700";"31,6575";"6,4192"
"94,9800";"31,6610";"6,4200"
"94,9900";"31,6645";"6,4201"
"95,0000";"31,6678";"6,4173"
"95,0100";"31,6711";"6,4129"
"95,0200";"31,6743";"6,4095"
"95,0300";"31,6776";"6,4083"
"95,0400";"31,6808";"6,4076"
"95,0500";"31,6841";"6,4064"
"95,0600";"31,6874";"6,4052"
"95,0700";"31,6906";"6,4047"
"95,0800";"31,6938";"6,4043"
"95,0900";"31,6970";"6,4026"
"95,1000";"31,7003";"6,4005"
"95,1100";"31,7036";"6,3978"
"95,1200";"31,7070";"6,3956"
"95,1300";"31,7104";"6,3945"
"95,1400";"31,7140";"6,3950"
"95,1500";"31,7173";"6,3962"
"95,1600";"31,7207";"6,3961"
"95,1700";"31,7241";"6,3946"
"95,1800";"31,7275";"6,3921"
"95,1900";"31,7309";"6,3884"
"95,2000";"31,7342";"6,3847"
"95,2100";"31,7375";"6,3818"
"95,2200";"31,7406";"6,3815"
"95,2300";"31,7440";"6,3811"
"95,2400";"31,7473";"6,3802"
"95,2500";"31,7506";"6,3781"
"95,2600";"31,7539";"6,3757"
"95,2700";"31,7572";"6,3734"
"95,2800";"31,7604";"6,3714"
"95,2900";"31,7637";"6,3688"
"95,3000";"31,7671";"6,3657"
"95,3100";"31,7705";"6,3636"
"95,3200";"31,7739";"6,3623"
"95,3300";"31,7775";"6,3630"
"95,3400";"31,7809";"6,3640"
"95,3500";"31,7842";"6,3637"
"95,3600";"31,7875";"6,3604"
"95,3700";"31,7909";"6,3558"
"95,3800";"31,7942";"6,3523"
"95,3900";"31,7977";"6,3506"
"95,4000";"31,8009";"6,3482"
"95,4100";"31,8042";"6,3461"
"95,4200";"31,8075";"6,3452"
"95,4300";"31,8108";"6,3442"
"95,4400";"31,8141";"6,3422"
"95,4500";"31,8174";"6,3392"
"95,4600";"31,8207";"6,3367"
"95,4700";"31,8240";"6,3355"
"95,4800";"31,8273";"6,3337"
"95,4900";"31,8306";"6,3300"
"95,5000";"31,8340";"6,3263"
"95,5100";"31,8375";"6,3245"
"95,5200";"31,8409";"6,3250"
"95,5300";"31,8442";"6,3240"
"95,5400";"31,8476";"6,3206"
"95,5500";"31,8509";"6,3165"
"95,5600";"31,8542";"6,3133"
"95,5700";"31,8574";"6,3120"
"95,5800";"31,8607";"6,3094"
"95,5900";"31,8640";"6,3068"
"95,6000";"31,8673";"6,3043"
"95,6100";"31,8706";"6,3027"
"95,6200";"31,8738";"6,3010"
"95,6300";"31,8771";"6,2985"
"95,6400";"31,8803";"6,2963"
"95,6500";"31,8836";"6,2940"
"95,6600";"31,8869";"6,2903"
"95,6700";"31,8903";"6,2877"
"95,6800";"31,8936";"6,2860"
"95,6900";"31,8971";"6,2833"
"95,7000";"31,9005";"6,2797"
"95,7100";"31,9040";"6,2762"
"95,7200";"31,9075";"6,2741"
"95,7300";"31,9110";"6,2716"
"95,7400";"31,9143";"6,2671"
"95,7500";"31,9176";"6,2628"
"95,7600";"31,9209";"6,2607"
"95,7700";"31,9241";"6,2588"
"95,7800";"31,9275";"6,2558"
"95,7900";"31,9308";"6,2529"
"95,8000";"31,9341";"6,2507"
"95,8100";"31,9374";"6,2483"
"95,8200";"31,9408";"6,2454"
"95,8300";"31,9439";"6,2412"
"95,8400";"31,9472";"6,2368"
"95,8500";"31,9505";"6,2329"
"95,8600";"31,9539";"6,2294"
"95,8700";"31,9572";"6,2253"
"95,8800";"31,9606";"6,2215"
"95,8900";"31,9640";"6,2184"
"95,9000";"31,9674";"6,2143"
"95,9100";"31,9709";"6,2107"
"95,9200";"31,9743";"6,2068"
"95,9300";"31,9776";"6,2028"
"95,9400";"31,9808";"6,1989"
"95,9500";"31,9840";"6,1968"
"95,9600";"31,9873";"6,1948"
"95,9700";"31,9906";"6,1907"
"95,9800";"31,9939";"6,1853"
"95,9900";"31,9972";"6,1816"
"96,0000";"32,0005";"6,1786"
"96,0100";"32,0037";"6,1747"
"96,0200";"32,0070";"6,1695"
"96,0300";"32,0102";"6,1649"
"96,0400";"32,0136";"6,1618"
"96,0500";"32,0170";"6,1598"
"96,0600";"32,0204";"6,1564"
"96,0700";"32,0239";"6,1518"
"96,0800";"32,0274";"6,1485"
"96,0900";"32,0307";"6,1462"
"96,1000";"32,0341";"6,1427"
"96,1100";"32,0374";"6,1381"
"96,1200";"32,0409";"6,1331"
"96,1300";"32,0442";"6,1285"
"96,1400";"32,0476";"6,1234"
"96,1500";"32,0508";"6,1179"
"96,1600";"32,0541";"6,1136"
"96,1700";"32,0574";"6,1098"
"96,1800";"32,0606";"6,1077"
"96,1900";"32,0639";"6,1053"
"96,2000";"32,0671";"6,1004"
"96,2100";"32,0703";"6,0955"
"96,2200";"32,0734";"6,0905"
"96,2300";"32,0768";"6,0869"
"96,2400";"32,0801";"6,0829"
"96,2500";"32,0835";"6,0777"
"96,2600";"32,0871";"6,0715"
"96,2700";"32,0906";"6,0666"
"96,2800";"32,0941";"6,0658"
"96,2900";"32,0975";"6,0653"
"96,3000";"32,1008";"6,0611"
"96,3100";"32,1041";"6,0537"
"96,3200";"32,1076";"6,0442"
"96,3300";"32,1110";"6,0387"
"96,3400";"32,1142";"6,0361"
"96,3500";"32,1175";"6,0353"
"96,3600";"32,1208";"6,0340"
"96,3700";"32,1240";"6,0301"
"96,3800";"32,1273";"6,0224"
"96,3900";"32,1306";"6,0122"
"96,4000";"32,1339";"6,0029"
"96,4100";"32,1372";"5,9954"
"96,4200";"32,1405";"5,9889"
"96,4300";"32,1438";"5,9849"
"96,4400";"32,1471";"5,9825"
"96,4500";"32,1505";"5,9810"
"96,4600";"32,1540";"5,9760"
"96,4700";"32,1575";"5,9684"
"96,4800";"32,1609";"5,9592"
"96,4900";"32,1642";"5,9506"
"96,5000";"32,1675";"5,9444"
"96,5100";"32,1710";"5,9408"
"96,5200";"32,1743";"5,9389"
"96,5300";"32,1777";"5,9378"
"96,5400";"32,1810";"5,9348"
"96,5500";"32,1842";"5,9269"
"96,5600";"32,1875";"5,9167"
"96,5700";"32,1907";"5,9079"
"96,5800";"32,1940";"5,9011"
"96,5900";"32,1972";"5,8940"
"96,6000";"32,2006";"5,8873"
"96,6100";"32,2039";"5,8814"
"96,6200";"32,2072";"5,8771"
"96,6300";"32,2105";"5,8743"
"96,6400";"32,2138";"5,8697"
"96,6500";"32,2172";"5,8620"
"96,6600";"32,2208";"5,8511"
"96,6700";"32,2242";"5,8405"
"96,6800";"32,2276";"5,8339"
"96,6900";"32,2308";"5,8312"
"96,7000";"32,2341";"5,8273"
"96,7100";"32,2374";"5,8196"
"96,7200";"32,2407";"5,8112"
"96,7300";"32,2440";"5,8037"
"96,7400";"32,2473";"5,7976"
"96,7500";"32,2508";"5,7914"
"96,7600";"32,2540";"5,7848"
"96,7700";"32,2571";"5,7796"
"96,7800";"32,2603";"5,7758"
"96,7900";"32,2636";"5,7710"
"96,8000";"32,2671";"5,7647"
"96,8100";"32,2704";"5,7577"
"96,8200";"32,2738";"5,7506"
"96,8300";"32,2772";"5,7431"
"96,8400";"32,2806";"5,7338"
"96,8500";"32,2842";"5,7253"
"96,8600";"32,2875";"5,7195"
"96,8700";"32,2909";"5,7169"
"96,8800";"32,2942";"5,7120"
"96,8900";"32,2975";"5,7063"
"96,9000";"32,3008";"5,7005"
"96,9100";"32,3040";"5,6937"
"96,9200";"32,3073";"5,6861"
"96,9300";"32,3107";"5,6794"
"96,9400";"32,3139";"5,6726"
"96,9500";"32,3172";"5,6656"
"96,9600";"32,3204";"5,6589"
"96,9700";"32,3237";"5,6531"
"96,9800";"32,3270";"5,6489"
"96,9900";"32,3303";"5,6448"
"97,0000";"32,3338";"5,6373"
"97,0100";"32,3372";"5,6292"
"97,0200";"32,3406";"5,6230"
"97,0300";"32,3440";"5,6189"
"97,0400";"32,3473";"5,6142"
"97,0500";"32,3506";"5,6085"
"97,0600";"32,3541";"5,6027"
"97,0700";"32,3574";"5,5971"
"97,0800";"32,3608";"5,5902"
"97,0900";"32,3641";"5,5830"
"97,1000";"32,3675";"5,5775"
"97,1100";"32,3708";"5,5717"
"97,1200";"32,3741";"5,5653"
"97,1300";"32,3774";"5,5588"
"97,1400";"32,3806";"5,5538"
"97,1500";"32,3839";"5,5496"
"97,1600";"32,3871";"5,5452"
"97,1700";"32,3905";"5,5395"
"97,1800";"32,3938";"5,5327"
"97,1900";"32,3974";"5,5255"
"97,2000";"32,4008";"5,5198"
"97,2100";"32,4044";"5,5168"
"97,2200";"32,4077";"5,5157"
"97,2300";"32,4110";"5,5121"
"97,2400";"32,4143";"5,5038"
"97,2500";"32,4176";"5,4935"
"97,2600";"32,4210";"5,4867"
"97,2700";"32,4243";"5,4845"
"97,2800";"32,4276";"5,4832"
"97,2900";"32,4308";"5,4793"
"97,3000";"32,4341";"5,4734"
"97,3100";"32,4372";"5,4656"
"97,3200";"32,4405";"5,4570"
"97,3300";"32,4438";"5,4493"
"97,3400";"32,4471";"5,4442"
"97,3500";"32,4504";"5,4409"
"97,3600";"32,4537";"5,4383"
"97,3700";"32,4570";"5,4363"
"97,3800";"32,4604";"5,4341"
"97,3900";"32,4639";"5,4317"
"97,4000";"32,4673";"5,4273"
"97,4100";"32,4707";"5,4206"
"97,4200";"32,4740";"5,4126"
"97,4300";"32,4773";"5,4057"
"97,4400";"32,4807";"5,4021"
"97,4500";"32,4840";"5,4001"
"97,4600";"32,4873";"5,3982"
"97,4700";"32,4908";"5,3956"
"97,4800";"32,4941";"5,3893"
"97,4900";"32,4974";"5,3816"
"97,5000";"32,5007";"5,3746"
"97,5100";"32,5040";"5,3698"
"97,5200";"32,5072";"5,3641"
"97,5300";"32,5104";"5,3571"
"97,5400";"32,5137";"5,3501"
"97,5500";"32,5170";"5,3474"
"97,5600";"32,5204";"5,3455"
"97,5700";"32,5237";"5,3422"
"97,5800";"32,5271";"5,3363"
"97,5900";"32,5306";"5,3287"
"97,6000";"32,5340";"5,3213"
"97,6100";"32,5375";"5,3152"
"97,6200";"32,5408";"5,3117"
"97,6300";"32,5443";"5,3083"
"97,6400";"32,5476";"5,3043"
"97,6500";"32,5509";"5,3002"
"97,6600";"32,5542";"5,2958"
"97,6700";"32,5575";"5,2926"
"97,6800";"32,5608";"5,2884"
"97,6900";"32,5641";"5,2810"
"97,7000";"32,5673";"5,2739"
"97,7100";"32,5705";"5,2690"
"97,7200";"32,5736";"5,2664"
"97,7300";"32,5770";"5,2650"
"97,7400";"32,5803";"5,2626"
"97,7500";"32,5837";"5,2592"
"97,7600";"32,5871";"5,2539"
"97,7700";"32,5905";"5,2465"
"97,7800";"32,5940";"5,2402"
"97,7900";"32,5973";"5,2355"
"97,8000";"32,6007";"5,2333"
"97,8100";"32,6042";"5,2311"
"97,8200";"32,6075";"5,2287"
"97,8300";"32,6110";"5,2266"
"97,8400";"32,6141";"5,2231"
"97,8500";"32,6174";"5,2178"
"97,8600";"32,6206";"5,2124"
"97,8700";"32,6238";"5,2084"
"97,8800";"32,6271";"5,2047"
"97,8900";"32,6304";"5,2003"
"97,9000";"32,6337";"5,1942"
"97,9100";"32,6370";"5,1897"
"97,9200";"32,6402";"5,1864"
"97,9300";"32,6437";"5,1826"
"97,9400";"32,6471";"5,1800"
"97,9500";"32,6507";"5,1784"
"97,9600";"32,6542";"5,1763"
"97,9700";"32,6577";"5,1737"
"97,9800";"32,6610";"5,1710"
"97,9900";"32,6644";"5,1695"
"98,0000";"32,6677";"5,1666"
"98,0100";"32,6710";"5,1616"
"98,0200";"32,6745";"5,1559"
"98,0300";"32,6777";"5,1508"
"98,0400";"32,6808";"5,1473"
"98,0500";"32,6840";"5,1441"
"98,0600";"32,6872";"5,1397"
"98,0700";"32,6904";"5,1364"
"98,0800";"32,6937";"5,1337"
"98,0900";"32,6970";"5,1302"
"98,1000";"32,7003";"5,1256"
"98,1100";"32,7036";"5,1208"
"98,1200";"32,7069";"5,1166"
"98,1300";"32,7104";"5,1128"
"98,1400";"32,7140";"5,1100"
"98,1500";"32,7176";"5,1074"
"98,1600";"32,7210";"5,1058"
"98,1700";"32,7244";"5,1026"
"98,1800";"32,7277";"5,0973"
"98,1900";"32,7310";"5,0909"
"98,2000";"32,7343";"5,0859"
"98,2100";"32,7376";"5,0827"
"98,2200";"32,7408";"5,0799"
"98,2300";"32,7441";"5,0764"
"98,2400";"32,7473";"5,0721"
"98,2500";"32,7506";"5,0669"
"98,2600";"32,7539";"5,0618"
"98,2700";"32,7572";"5,0567"
"98,2800";"32,7605";"5,0514"
"98,2900";"32,7640";"5,0441"
"98,3000";"32,7673";"5,0362"
"98,3100";"32,7706";"5,0317"
"98,3200";"32,7740";"5,0297"
"98,3300";"32,7774";"5,0273"
"98,3400";"32,7808";"5,0236"
"98,3500";"32,7843";"5,0184"
"98,3600";"32,7877";"5,0125"
"98,3700";"32,7910";"5,0052"
"98,3800";"32,7944";"4,9967"
"98,3900";"32,7977";"4,9903"
"98,4000";"32,8010";"4,9868"
"98,4100";"32,8043";"4,9836"
"98,4200";"32,8075";"4,9791"
"98,4300";"32,8108";"4,9726"
"98,4400";"32,8140";"4,9656"
"98,4500";"32,8173";"4,9566"
"98,4600";"32,8204";"4,9477"
"98,4700";"32,8237";"4,9417"
"98,4800";"32,8270";"4,9375"
"98,4900";"32,8303";"4,9333"
"98,5000";"32,8337";"4,9278"
"98,5100";"32,8371";"4,9233"
"98,5200";"32,8406";"4,9198"
"98,5300";"32,8441";"4,9136"
"98,5400";"32,8475";"4,9042"
"98,5500";"32,8511";"4,8955"
"98,5600";"32,8545";"4,8902"
"98,5700";"32,8578";"4,8862"
"98,5800";"32,8611";"4,8808"
"98,5900";"32,8643";"4,8740"
"98,6000";"32,8675";"4,8681"
"98,6100";"32,8707";"4,8625"
"98,6200";"32,8740";"4,8563"
"98,6300";"32,8772";"4,8481"
"98,6400";"32,8805";"4,8409"
"98,6500";"32,8837";"4,8337"
"98,6600";"32,8870";"4,8259"
"98,6700";"32,8903";"4,8171"
"98,6800";"32,8937";"4,8086"
"98,6900";"32,8972";"4,8016"
"98,7000";"32,9008";"4,7933"
"98,7100";"32,9042";"4,7829"
"98,7200";"32,9076";"4,7731"
"98,7300";"32,9109";"4,7623"
"98,7400";"32,9144";"4,7508"
"98,7500";"32,9177";"4,7401"
"98,7600";"32,9210";"4,7310"
"98,7700";"32,9242";"4,7215"
"98,7800";"32,9273";"4,7098"
"98,7900";"32,9306";"4,6975"
"98,8000";"32,9338";"4,6867"
"98,8100";"32,9371";"4,6769"
"98,8200";"32,9403";"4,6660"
"98,8300";"32,9436";"4,6548"
"98,8400";"32,9469";"4,6433"
"98,8500";"32,9501";"4,6335"
"98,8600";"32,9534";"4,6254"
"98,8700";"32,9570";"4,6171"
"98,8800";"32,9604";"4,6077"
"98,8900";"32,9639";"4,5980"
"98,9000";"32,9675";"4,5865"
"98,9100";"32,9710";"4,5758"
"98,9200";"32,9744";"4,5671"
"98,9300";"32,9778";"4,5606"
"98,9400";"32,9809";"4,5533"
"98,9500";"32,9842";"4,5448"
"98,9600";"32,9874";"4,5367"
"98,9700";"32,9906";"4,5296"
"98,9800";"32,9939";"4,5236"
"98,9900";"32,9972";"4,5179"
"99,0000";"33,0004";"4,5119"
"99,0100";"33,0037";"4,5052"
"99,0200";"33,0070";"4,4961"
"99,0300";"33,0103";"4,4879"
"99,0400";"33,0136";"4,4815"
"99,0500";"33,0169";"4,4749"
"99,0600";"33,0204";"4,4682"
"99,0700";"33,0237";"4,4603"
"99,0800";"33,0271";"4,4549"
"99,0900";"33,0308";"4,4522"
"99,1000";"33,0342";"4,4490"
"99,1100";"33,0376";"4,4420"
"99,1200";"33,0410";"4,4326"
"99,1300";"33,0442";"4,4247"
"99,1400";"33,0475";"4,4188"
"99,1500";"33,0508";"4,4144"
"99,1600";"33,0541";"4,4098"
"99,1700";"33,0574";"4,4047"
"99,1800";"33,0607";"4,3980"
"99,1900";"33,0639";"4,3907"
"99,2000";"33,0670";"4,3849"
"99,2100";"33,0702";"4,3805"
"99,2200";"33,0735";"4,3768"
"99,2300";"33,0769";"4,3712"
"99,2400";"33,0803";"4,3652"
"99,2500";"33,0838";"4,3609"
"99,2600";"33,0872";"4,3574"
"99,2700";"33,0906";"4,3532"
"99,2800";"33,0940";"4,3497"
"99,2900";"33,0973";"4,3455"
"99,3000";"33,1009";"4,3405"
"99,3100";"33,1043";"4,3361"
"99,3200";"33,1076";"4,3319"
"99,3300";"33,1109";"4,3279"
"99,3400";"33,1142";"4,3232"
"99,3500";"33,1174";"4,3178"
"99,3600";"33,1208";"4,3115"
"99,3700";"33,1240";"4,3073"
"99,3800";"33,1272";"4,3060"
"99,3900";"33,1304";"4,3041"
"99,4000";"33,1336";"4,2984"
"99,4100";"33,1369";"4,2907"
"99,4200";"33,1402";"4,2853"
"99,4300";"33,1436";"4,2822"
"99,4400";"33,1470";"4,2787"
"99,4500";"33,1505";"4,2743"
"99,4600";"33,1539";"4,2693"
"99,4700";"33,1573";"4,2635"
"99,4800";"33,1607";"4,2578"
"99,4900";"33,1642";"4,2543"
"99,5000";"33,1675";"4,2511"
"99,5100";"33,1708";"4,2474"
"99,5200";"33,1740";"4,2413"
"99,5300";"33,1771";"4,2347"
"99,5400";"33,1803";"4,2290"
"99,5500";"33,1838";"4,2217"
"99,5600";"33,1871";"4,2143"
"99,5700";"33,1905";"4,2083"
"99,5800";"33,1938";"4,2037"
"99,5900";"33,1971";"4,1985"
"99,6000";"33,2004";"4,1919"
"99,6100";"33,2037";"4,1850"
"99,6200";"33,2070";"4,1784"
"99,6300";"33,2104";"4,1698"
"99,6400";"33,2140";"4,1601"
"99,6500";"33,2174";"4,1504"
"99,6600";"33,2208";"4,1428"
"99,6700";"33,2241";"4,1364"
"99,6800";"33,2274";"4,1292"
"99,6900";"33,2307";"4,1203"
"99,7000";"33,2340";"4,1113"
"99,7100";"33,2375";"4,1014"
"99,7200";"33,2409";"4,0896"
"99,7300";"33,2442";"4,0762"
"99,7400";"33,2475";"4,0655"
"99,7500";"33,2507";"4,0546"
"99,7600";"33,2540";"4,0422"
"99,7700";"33,2573";"4,0292"
"99,7800";"33,2605";"4,0153"
"99,7900";"33,2638";"3,9992"
"99,8000";"33,2671";"3,9826"
"99,8100";"33,2705";"3,9653"
"99,8200";"33,2739";"3,9485"
"99,8300";"33,2774";"3,9295"
"99,8400";"33,2809";"3,9086"
"99,8500";"33,2843";"3,8875"
"99,8600";"33,2876";"3,8680"
"99,8700";"33,2910";"3,8498"
"99,8800";"33,2943";"3,8289"
"99,8900";"33,2976";"3,8049"
"99,9000";"33,3010";"3,7792"
"99,9100";"33,3043";"3,7523"
"99,9200";"33,3077";"3,7245"
"99,9300";"33,3109";"3,6938"
"99,9400";"33,3142";"3,5668"
"99,9500";"33,3174";"2,6810"
"99,9600";"33,3206";"1,5437"
"99,9700";"33,3239";"0,5967"
"99,9800";"33,3271";"-0,0317"
"99,9900";"33,3304";"-0,3709"
"100,0000";"33,3337";"-0,5060"
"100,0100";"33,3371";"-0,5240"
"100,0200";"33,3405";"-0,4872"
"100,0300";"33,3441";"-0,4363"
"100,0400";"33,3475";"-0,3925"
"100,0500";"33,3509";"-0,3638"
"100,0600";"33,3544";"-0,3492"
"100,0700";"33,3577";"-0,3452"
"100,0800";"33,3610";"-0,3463"
"100,0900";"33,3644";"-0,3489"
"100,1000";"33,3677";"-0,3500"
"100,1100";"33,3710";"-0,3505"
"100,1200";"33,3742";"-0,3528"
"100,1300";"33,3774";"-0,3563"
"100,1400";"33,3804";"-0,3576"
"100,1500";"33,3836";"-0,3560"
"100,1600";"33,3869";"-0,3538"
"100,1700";"33,3902";"-0,3522"
"100,1800";"33,3935";"-0,3524"
"100,1900";"33,3970";"-0,3523"
"100,2000";"33,4004";"-0,3514"
"100,2100";"33,4038";"-0,3518"
"100,2200";"33,4072";"-0,3531"
"100,2300";"33,4107";"-0,3537"
"100,2400";"33,4141";"-0,3538"
"100,2500";"33,4174";"-0,3545"
"100,2600";"33,4208";"-0,3525"
"100,2700";"33,4240";"-0,3504"
"100,2800";"33,4273";"-0,3507"
"100,2900";"33,4305";"-0,3525"
"100,3000";"33,4338";"-0,3549"
"100,3100";"33,4372";"-0,3564"
"100,3200";"33,4404";"-0,3555"
"100,3300";"33,4436";"-0,3550"
"100,3400";"33,4469";"-0,3547"
"100,3500";"33,4500";"-0,3547"
"100,3600";"33,4534";"-0,3536"
"100,3700";"33,4568";"-0,3549"
"100,3800";"33,4602";"-0,3551"
"100,3900";"33,4638";"-0,3544"
"100,4000";"33,4672";"-0,3538"
"100,4100";"33,4705";"-0,3535"
"100,4200";"33,4739";"-0,3555"
"100,4300";"33,4772";"-0,3559"
"100,4400";"33,4807";"-0,3549"
"100,4500";"33,4841";"-0,3539"
"100,4600";"33,4874";"-0,3528"
"100,4700";"33,4907";"-0,3540"
"100,4800";"33,4940";"-0,3566"
"100,4900";"33,4973";"-0,3592"
"100,5000";"33,5006";"-0,3603"
"100,5100";"33,5040";"-0,3585"
"100,5200";"33,5072";"-0,3552"
"100,5300";"33,5105";"-0,3536"
"100,5400";"33,5138";"-0,3538"
"100,5500";"33,5170";"-0,3529"
"100,5600";"33,5203";"-0,3520"
"100,5700";"33,5238";"-0,3532"
"100,5800";"33,5273";"-0,3563"
"100,5900";"33,5307";"-0,3573"
"100,6000";"33,5343";"-0,3561"
"100,6100";"33,5376";"-0,3561"
"100,6200";"33,5409";"-0,3554"
"100,6300";"33,5443";"-0,3544"
"100,6400";"33,5477";"-0,3528"
"100,6500";"33,5511";"-0,3512"
"100,6600";"33,5545";"-0,3525"
"100,6700";"33,5578";"-0,3549"
"100,6800";"33,5609";"-0,3560"
"100,6900";"33,5641";"-0,3569"
"100,7000";"33,5673";"-0,3569"
"100,7100";"33,5705";"-0,3563"
"100,7200";"33,5738";"-0,3550"
"100,7300";"33,5770";"-0,3536"
"100,7400";"33,5803";"-0,3532"
"100,7500";"33,5836";"-0,3545"
"100,7600";"33,5870";"-0,3571"
"100,7700";"33,5905";"-0,3590"
"100,7800";"33,5940";"-0,3593"
"100,7900";"33,5974";"-0,3574"
"100,8000";"33,6008";"-0,3556"
"100,8100";"33,6042";"-0,3551"
"100,8200";"33,6075";"-0,3542"
"100,8300";"33,6108";"-0,3525"
"100,8400";"33,6141";"-0,3513"
"100,8500";"33,6175";"-0,3521"
"100,8600";"33,6207";"-0,3557"
"100,8700";"33,6240";"-0,3583"
"100,8800";"33,6272";"-0,3583"
"100,8900";"33,6304";"-0,3556"
"100,9000";"33,6335";"-0,3534"
"100,9100";"33,6369";"-0,3534"
"100,9200";"33,6403";"-0,3528"
"100,9300";"33,6436";"-0,3535"
"100,9400";"33,6470";"-0,3545"
"100,9500";"33,6504";"-0,3557"
"100,9600";"33,6539";"-0,3557"
"100,9700";"33,6574";"-0,3533"
"100,9800";"33,6609";"-0,3512"
"100,9900";"33,6644";"-0,3526"
"101,0000";"33,6679";"-0,3552"
"101,0100";"33,6712";"-0,3568"
"101,0200";"33,6745";"-0,3569"
"101,0300";"33,6778";"-0,3574"
"101,0400";"33,6811";"-0,3568"
"101,0500";"33,6844";"-0,3558"
"101,0600";"33,6876";"-0,3546"
"101,0700";"33,6908";"-0,3533"
"101,0800";"33,6939";"-0,3519"
"101,0900";"33,6971";"-0,3528"
"101,1000";"33,7002";"-0,3559"
"101,1100";"33,7036";"-0,3583"
"101,1200";"33,7070";"-0,3570"
"101,1300";"33,7105";"-0,3539"
"101,1400";"33,7139";"-0,3532"
"101,1500";"33,7174";"-0,3551"
"101,1600";"33,7209";"-0,3556"
"101,1700";"33,7243";"-0,3550"
"101,1800";"33,7278";"-0,3554"
"101,1900";"33,7311";"-0,3578"
"101,2000";"33,7345";"-0,3597"
"101,2100";"33,7378";"-0,3585"
"101,2200";"33,7411";"-0,3551"
"101,2300";"33,7444";"-0,3528"
"101,2400";"33,7476";"-0,3530"
"101,2500";"33,7508";"-0,3548"
"101,2600";"33,7540";"-0,3564"
"101,2700";"33,7572";"-0,3564"
"101,2800";"33,7603";"-0,3556"
"101,2900";"33,7635";"-0,3555"
"101,3000";"33,7670";"-0,3556"
"101,3100";"33,7704";"-0,3553"
"101,3200";"33,7739";"-0,3550"
"101,3300";"33,7773";"-0,3530"
"101,3400";"33,7809";"-0,3516"
"101,3500";"33,7843";"-0,3517"
"101,3600";"33,7876";"-0,3535"
"101,3700";"33,7910";"-0,3542"
"101,3800";"33,7943";"-0,3551"
"101,3900";"33,7978";"-0,3564"
"101,4000";"33,8011";"-0,3567"
"101,4100";"33,8043";"-0,3552"
"101,4200";"33,8074";"-0,3547"
"101,4300";"33,8106";"-0,3552"
"101,4400";"33,8139";"-0,3551"
"101,4500";"33,8172";"-0,3537"
"101,4600";"33,8205";"-0,3524"
"101,4700";"33,8239";"-0,3531"
"101,4800";"33,8272";"-0,3549"
"101,4900";"33,8306";"-0,3554"
"101,5000";"33,8339";"-0,3548"
"101,5100";"33,8374";"-0,3541"
"101,5200";"33,8410";"-0,3546"
"101,5300";"33,8444";"-0,3563"
"101,5400";"33,8477";"-0,3577"
"101,5500";"33,8510";"-0,3592"
"101,5600";"33,8543";"-0,3590"
"101,5700";"33,8576";"-0,3558"
"101,5800";"33,8609";"-0,3535"
"101,5900";"33,8641";"-0,3549"
"101,6000";"33,8673";"-0,3578"
"101,6100";"33,8706";"-0,3582"
"101,6200";"33,8737";"-0,3564"
"101,6300";"33,8770";"-0,3552"
"101,6400";"33,8802";"-0,3565"
"101,6500";"33,8835";"-0,3569"
"101,6600";"33,8868";"-0,3557"
"101,6700";"33,8901";"-0,3552"
"101,6800";"33,8935";"-0,3560"
"101,6900";"33,8968";"-0,3554"
"101,7000";"33,9004";"-0,3554"
"101,7100";"33,9038";"-0,3558"
"101,7200";"33,9073";"-0,3563"
"101,7300";"33,9109";"-0,3554"
"101,7400";"33,9142";"-0,3547"
"101,7500";"33,9175";"-0,3554"
"101,7600";"33,9208";"-0,3570"
"101,7700";"33,9241";"-0,3569"
"101,7800";"33,9274";"-0,3554"
"101,7900";"33,9308";"-0,3538"
"101,8000";"33,9341";"-0,3548"
"101,8100";"33,9374";"-0,3554"
"101,8200";"33,9407";"-0,3547"
"101,8300";"33,9439";"-0,3528"
"101,8400";"33,9472";"-0,3524"
"101,8500";"33,9504";"-0,3526"
"101,8600";"33,9538";"-0,3528"
"101,8700";"33,9571";"-0,3538"
"101,8800";"33,9607";"-0,3551"
"101,8900";"33,9640";"-0,3552"
"101,9000";"33,9674";"-0,3547"
"101,9100";"33,9710";"-0,3548"
"101,9200";"33,9745";"-0,3565"
"101,9300";"33,9779";"-0,3581"
"101,9400";"33,9811";"-0,3576"
"101,9500";"33,9844";"-0,3557"
"101,9600";"33,9876";"-0,3558"
"101,9700";"33,9907";"-0,3565"
"101,9800";"33,9941";"-0,3558"
"101,9900";"33,9974";"-0,3544"
"102,0000";"34,0007";"-0,3535"
"102,0100";"34,0040";"-0,3542"
"102,0200";"34,0072";"-0,3549"
"102,0300";"34,0104";"-0,3560"
"102,0400";"34,0136";"-0,3574"
"102,0500";"34,0169";"-0,3569"
"102,0600";"34,0203";"-0,3546"
"102,0700";"34,0238";"-0,3519"
"102,0800";"34,0274";"-0,3513"
"102,0900";"34,0308";"-0,3517"
"102,1000";"34,0341";"-0,3524"
"102,1100";"34,0375";"-0,3539"
"102,1200";"34,0408";"-0,3548"
"102,1300";"34,0443";"-0,3554"
"102,1400";"34,0476";"-0,3564"
"102,1500";"34,0509";"-0,3574"
"102,1600";"34,0541";"-0,3585"
"102,1700";"34,0573";"-0,3577"
"102,1800";"34,0606";"-0,3549"
"102,1900";"34,0637";"-0,3535"
"102,2000";"34,0672";"-0,3559"
"102,2100";"34,0704";"-0,3585"
"102,2200";"34,0737";"-0,3584"
"102,2300";"34,0770";"-0,3569"
"102,2400";"34,0803";"-0,3562"
"102,2500";"34,0837";"-0,3567"
"102,2600";"34,0872";"-0,3567"
"102,2700";"34,0907";"-0,3543"
"102,2800";"34,0941";"-0,3532"
"102,2900";"34,0973";"-0,3553"
"102,3000";"34,1006";"-0,3582"
"102,3100";"34,1038";"-0,3600"
"102,3200";"34,1072";"-0,3589"
"102,3300";"34,1106";"-0,3570"
"102,3400";"34,1140";"-0,3556"
"102,3500";"34,1173";"-0,3549"
"102,3600";"34,1208";"-0,3543"
"102,3700";"34,1241";"-0,3554"
"102,3800";"34,1273";"-0,3562"
"102,3900";"34,1306";"-0,3557"
"102,4000";"34,1340";"-0,3560"
"102,4100";"34,1373";"-0,3573"
"102,4200";"34,1406";"-0,3565"
"102,4300";"34,1439";"-0,3555"
"102,4400";"34,1473";"-0,3545"
"102,4500";"34,1506";"-0,3541"
"102,4600";"34,1542";"-0,3544"
"102,4700";"34,1577";"-0,3565"
"102,4800";"34,1610";"-0,3596"
"102,4900";"34,1644";"-0,3617"
"102,5000";"34,1678";"-0,3614"
"102,5100";"34,1711";"-0,3590"
"102,5200";"34,1744";"-0,3569"
"102,5300";"34,1778";"-0,3550"
"102,5400";"34,1811";"-0,3549"
"102,5500";"34,1845";"-0,3549"
"102,5600";"34,1877";"-0,3568"
"102,5700";"34,1909";"-0,3588"
"102,5800";"34,1940";"-0,3593"
"102,5900";"34,1971";"-0,3581"
"102,6000";"34,2005";"-0,3559"
"102,6100";"34,2038";"-0,3543"
"102,6200";"34,2071";"-0,3536"
"102,6300";"34,2104";"-0,3532"
"102,6400";"34,2138";"-0,3540"
"102,6500";"34,2172";"-0,3562"
"102,6600";"34,2206";"-0,3589"
"102,6700";"34,2242";"-0,3609"
"102,6800";"34,2275";"-0,3611"
"102,6900";"34,2308";"-0,3600"
"102,7000";"34,2342";"-0,3573"
"102,7100";"34,2374";"-0,3550"
"102,7200";"34,2407";"-0,3535"
"102,7300";"34,2440";"-0,3549"
"102,7400";"34,2474";"-0,3566"
"102,7500";"34,2507";"-0,3573"
"102,7600";"34,2539";"-0,3558"
"102,7700";"34,2571";"-0,3549"
"102,7800";"34,2604";"-0,3546"
"102,7900";"34,2636";"-0,3543"
"102,8000";"34,2670";"-0,3549"
"102,8100";"34,2705";"-0,3544"
"102,8200";"34,2739";"-0,3545"
"102,8300";"34,2772";"-0,3547"
"102,8400";"34,2806";"-0,3550"
"102,8500";"34,2839";"-0,3557"
"102,8600";"34,2873";"-0,3543"
"102,8700";"34,2908";"-0,3521"
"102,8800";"34,2942";"-0,3508"
"102,8900";"34,2976";"-0,3526"
"102,9000";"34,3010";"-0,3560"
"102,9100";"34,3043";"-0,3569"
"102,9200";"34,3076";"-0,3563"
"102,9300";"34,3110";"-0,3557"
"102,9400";"34,3143";"-0,3563"
"102,9500";"34,3173";"-0,3566"
"102,9600";"34,3205";"-0,3560"
"102,9700";"34,3237";"-0,3564"
"102,9800";"34,3269";"-0,3571"
"102,9900";"34,3302";"-0,3563"
"103,0000";"34,3336";"-0,3555"
"103,0100";"34,3372";"-0,3548"
"103,0200";"34,3406";"-0,3557"
"103,0300";"34,3440";"-0,3567"
"103,0400";"34,3473";"-0,3551"
"103,0500";"34,3507";"-0,3533"
"103,0600";"34,3542";"-0,3534"
"103,0700";"34,3575";"-0,3559"
"103,0800";"34,3608";"-0,3583"
"103,0900";"34,3641";"-0,3597"
"103,1000";"34,3674";"-0,3580"
"103,1100";"34,3707";"-0,3556"
"103,1200";"34,3740";"-0,3531"
"103,1300";"34,3774";"-0,3535"
"103,1400";"34,3807";"-0,3550"
"103,1500";"34,3840";"-0,3563"
"103,1600";"34,3873";"-0,3559"
"103,1700";"34,3905";"-0,3557"
"103,1800";"34,3937";"-0,3576"
"103,1900";"34,3971";"-0,3574"
"103,2000";"34,4004";"-0,3544"
"103,2100";"34,4040";"-0,3525"
"103,2200";"34,4074";"-0,3546"
"103,2300";"34,4108";"-0,3574"
"103,2400";"34,4141";"-0,3605"
"103,2500";"34,4176";"-0,3609"
"103,2600";"34,4209";"-0,3601"
"103,2700";"34,4242";"-0,3578"
"103,2800";"34,4276";"-0,3544"
"103,2900";"34,4308";"-0,3539"
"103,3000";"34,4341";"-0,3557"
"103,3100";"34,4373";"-0,3582"
"103,3200";"34,4405";"-0,3583"
"103,3300";"34,4436";"-0,3557"
"103,3400";"34,4470";"-0,3553"
"103,3500";"34,4503";"-0,3560"
"103,3600";"34,4537";"-0,3563"
"103,3700";"34,4570";"-0,3556"
"103,3800";"34,4604";"-0,3544"
"103,3900";"34,4637";"-0,3550"
"103,4000";"34,4673";"-0,3565"
"103,4100";"34,4707";"-0,3566"
"103,4200";"34,4741";"-0,3568"
"103,4300";"34,4774";"-0,3568"
"103,4400";"34,4808";"-0,3551"
"103,4500";"34,4841";"-0,3543"
"103,4600";"34,4876";"-0,3547"
"103,4700";"34,4909";"-0,3558"
"103,4800";"34,4943";"-0,3559"
"103,4900";"34,4976";"-0,3563"
"103,5000";"34,5009";"-0,3581"
"103,5100";"34,5041";"-0,3608"
"103,5200";"34,5073";"-0,3606"
"103,5300";"34,5105";"-0,3560"
"103,5400";"34,5138";"-0,3514"
"103,5500";"34,5172";"-0,3504"
"103,5600";"34,5205";"-0,3520"
"103,5700";"34,5239";"-0,3536"
"103,5800";"34,5273";"-0,3553"
"103,5900";"34,5308";"-0,3559"
"103,6000";"34,5342";"-0,3551"
"103,6100";"34,5377";"-0,3543"
"103,6200";"34,5412";"-0,3535"
"103,6300";"34,5445";"-0,3531"
"103,6400";"34,5478";"-0,3524"
"103,6500";"34,5511";"-0,3535"
"103,6600";"34,5543";"-0,3560"
"103,6700";"34,5576";"-0,3583"
"103,6800";"34,5608";"-0,3574"
"103,6900";"34,5641";"-0,3550"
"103,7000";"34,5673";"-0,3548"
"103,7100";"34,5706";"-0,3549"
"103,7200";"34,5736";"-0,3552"
"103,7300";"34,5769";"-0,3551"
"103,7400";"34,5804";"-0,3557"
"103,7500";"34,5838";"-0,3579"
"103,7600";"34,5872";"-0,3592"
"103,7700";"34,5906";"-0,3575"
"103,7800";"34,5940";"-0,3548"
"103,7900";"34,5974";"-0,3545"
"103,8000";"34,6009";"-0,3548"
"103,8100";"34,6043";"-0,3549"
"103,8200";"34,6077";"-0,3557"
"103,8300";"34,6112";"-0,3562"
"103,8400";"34,6144";"-0,3559"
"103,8500";"34,6177";"-0,3564"
"103,8600";"34,6208";"-0,3560"
"103,8700";"34,6242";"-0,3546"
"103,8800";"34,6275";"-0,3533"
"103,8900";"34,6306";"-0,3535"
"103,9000";"34,6340";"-0,3553"
"103,9100";"34,6371";"-0,3577"
"103,9200";"34,6404";"-0,3589"
"103,9300";"34,6437";"-0,3592"
"103,9400";"34,6471";"-0,3588"
"103,9500";"34,6506";"-0,3593"
"103,9600";"34,6541";"-0,3581"
"103,9700";"34,6577";"-0,3571"
"103,9800";"34,6610";"-0,3575"
"103,9900";"34,6643";"-0,3577"
"104,0000";"34,6676";"-0,3576"
"104,0100";"34,6710";"-0,3557"
"104,0200";"34,6743";"-0,3536"
"104,0300";"34,6776";"-0,3534"
"104,0400";"34,6808";"-0,3549"
"104,0500";"34,6841";"-0,3553"
"104,0600";"34,6873";"-0,3550"
"104,0700";"34,6906";"-0,3554"
"104,0800";"34,6938";"-0,3573"
"104,0900";"34,6970";"-0,3577"
"104,1000";"34,7003";"-0,3572"
"104,1100";"34,7036";"-0,3574"
"104,1200";"34,7069";"-0,3573"
"104,1300";"34,7103";"-0,3557"
"104,1400";"34,7138";"-0,3544"
"104,1500";"34,7173";"-0,3541"
"104,1600";"34,7208";"-0,3553"
"104,1700";"34,7241";"-0,3572"
"104,1800";"34,7276";"-0,3576"
"104,1900";"34,7309";"-0,3575"
"104,2000";"34,7343";"-0,3584"
"104,2100";"34,7376";"-0,3591"
"104,2200";"34,7409";"-0,3569"
"104,2300";"34,7441";"-0,3550"
"104,2400";"34,7473";"-0,3555"
"104,2500";"34,7505";"-0,3576"
"104,2600";"34,7535";"-0,3595"
"104,2700";"34,7567";"-0,3593"
"104,2800";"34,7602";"-0,3591"
"104,2900";"34,7636";"-0,3583"
"104,3000";"34,7670";"-0,3564"
"104,3100";"34,7705";"-0,3542"
"104,3200";"34,7741";"-0,3537"
"104,3300";"34,7775";"-0,3544"
"104,3400";"34,7811";"-0,3556"
"104,3500";"34,7845";"-0,3575"
"104,3600";"34,7879";"-0,3592"
"104,3700";"34,7912";"-0,3600"
"104,3800";"34,7944";"-0,3599"
"104,3900";"34,7976";"-0,3593"
"104,4000";"34,8009";"-0,3581"
"104,4100";"34,8041";"-0,3561"
"104,4200";"34,8074";"-0,3542"
"104,4300";"34,8106";"-0,3542"
"104,4400";"34,8138";"-0,3556"
"104,4500";"34,8169";"-0,3564"
"104,4600";"34,8202";"-0,3550"
"104,4700";"34,8234";"-0,3537"
"104,4800";"34,8267";"-0,3553"
"104,4900";"34,8302";"-0,3573"
"104,5000";"34,8336";"-0,3577"
"104,5100";"34,8370";"-0,3567"
"104,5200";"34,8404";"-0,3560"
"104,5300";"34,8440";"-0,3562"
"104,5400";"34,8475";"-0,3571"
"104,5500";"34,8511";"-0,3577"
"104,5600";"34,8545";"-0,3577"
"104,5700";"34,8579";"-0,3575"
"104,5800";"34,8612";"-0,3557"
"104,5900";"34,8645";"-0,3542"
"104,6000";"34,8677";"-0,3542"
"104,6100";"34,8709";"-0,3545"
"104,6200";"34,8742";"-0,3555"
"104,6300";"34,8775";"-0,3566"
"104,6400";"34,8807";"-0,3577"
"104,6500";"34,8839";"-0,3590"
"104,6600";"34,8871";"-0,3594"
"104,6700";"34,8903";"-0,3596"
"104,6800";"34,8936";"-0,3590"
"104,6900";"34,8971";"-0,3571"
"104,7000";"34,9005";"-0,3533"
"104,7100";"34,9041";"-0,3507"
"104,7200";"34,9075";"-0,3532"
"104,7300";"34,9109";"-0,3566"
"104,7400";"34,9142";"-0,3576"
"104,7500";"34,9176";"-0,3567"
"104,7600";"34,9211";"-0,3555"
"104,7700";"34,9244";"-0,3574"
"104,7800";"34,9277";"-0,3584"
"104,7900";"34,9309";"-0,3562"
"104,8000";"34,9339";"-0,3547"
"104,8100";"34,9371";"-0,3537"
"104,8200";"34,9403";"-0,3552"
"104,8300";"34,9436";"-0,3560"
"104,8400";"34,9468";"-0,3560"
"104,8500";"34,9501";"-0,3554"
"104,8600";"34,9534";"-0,3544"
"104,8700";"34,9567";"-0,3539"
"104,8800";"34,9601";"-0,3544"
"104,8900";"34,9638";"-0,3559"
"104,9000";"34,9673";"-0,3557"
"104,9100";"34,9709";"-0,3539"
"104,9200";"34,9744";"-0,3533"
"104,9300";"34,9777";"-0,3549"
"104,9400";"34,9810";"-0,3570"
"104,9500";"34,9843";"-0,3586"
"104,9600";"34,9878";"-0,3591"
"104,9700";"34,9910";"-0,3584"
"104,9800";"34,9943";"-0,3572"
"104,9900";"34,9973";"-0,3567"
"105,0000";"35,0006";"-0,3562"
"105,0100";"35,0038";"-0,3574"
"105,0200";"35,0071";"-0,3578"
"105,0300";"35,0104";"-0,3566"
"105,0400";"35,0137";"-0,3557"
"105,0500";"35,0170";"-0,3558"
"105,0600";"35,0205";"-0,3565"
"105,0700";"35,0239";"-0,3566"
"105,0800";"35,0273";"-0,3556"
"105,0900";"35,0307";"-0,3555"
"105,1000";"35,0343";"-0,3560"
"105,1100";"35,0376";"-0,3572"
"105,1200";"35,0409";"-0,3583"
"105,1300";"35,0442";"-0,3577"
"105,1400";"35,0474";"-0,3564"
"105,1500";"35,0507";"-0,3548"
"105,1600";"35,0540";"-0,3560"
"105,1700";"35,0573";"-0,3580"
"105,1800";"35,0606";"-0,3573"
"105,1900";"35,0638";"-0,3552"
"105,2000";"35,0670";"-0,3539"
"105,2100";"35,0703";"-0,3553"
"105,2200";"35,0736";"-0,3577"
"105,2300";"35,0770";"-0,3581"
"105,2400";"35,0804";"-0,3569"
"105,2500";"35,0839";"-0,3562"
"105,2600";"35,0874";"-0,3579"
"105,2700";"35,0908";"-0,3591"
"105,2800";"35,0942";"-0,3589"
"105,2900";"35,0977";"-0,3576"
"105,3000";"35,1011";"-0,3576"
"105,3100";"35,1044";"-0,3563"
"105,3200";"35,1077";"-0,3552"
"105,3300";"35,1110";"-0,3558"
"105,3400";"35,1142";"-0,3575"
"105,3500";"35,1175";"-0,3575"
"105,3600";"35,1208";"-0,3556"
"105,3700";"35,1241";"-0,3552"
"105,3800";"35,1273";"-0,3558"
"105,3900";"35,1305";"-0,3570"
"105,4000";"35,1338";"-0,3571"
"105,4100";"35,1371";"-0,3565"
"105,4200";"35,1405";"-0,3561"
"105,4300";"35,1440";"-0,3563"
"105,4400";"35,1473";"-0,3577"
"105,4500";"35,1507";"-0,3585"
"105,4600";"35,1541";"-0,3575"
"105,4700";"35,1575";"-0,3547"
"105,4800";"35,1608";"-0,3524"
"105,4900";"35,1641";"-0,3528"
"105,5000";"35,1676";"-0,3552"
"105,5100";"35,1709";"-0,3566"
"105,5200";"35,1742";"-0,3553"
"105,5300";"35,1774";"-0,3552"
"105,5400";"35,1805";"-0,3576"
"105,5500";"35,1839";"-0,3598"
"105,5600";"35,1872";"-0,3583"
"105,5700";"35,1903";"-0,3565"
"105,5800";"35,1935";"-0,3566"
"105,5900";"35,1968";"-0,3573"
"105,6000";"35,2001";"-0,3572"
"105,6100";"35,2035";"-0,3574"
"105,6200";"35,2070";"-0,3571"
"105,6300";"35,2104";"-0,3569"
"105,6400";"35,2140";"-0,3566"
"105,6500";"35,2175";"-0,3558"
"105,6600";"35,2210";"-0,3562"
"105,6700";"35,2243";"-0,3571"
"105,6800";"35,2277";"-0,3568"
"105,6900";"35,2311";"-0,3556"
"105,7000";"35,2345";"-0,3571"
"105,7100";"35,2378";"-0,3595"
"105,7200";"35,2411";"-0,3605"
"105,7300";"35,2443";"-0,3600"
"105,7400";"35,2475";"-0,3589"
"105,7500";"35,2507";"-0,3580"
"105,7600";"35,2540";"-0,3568"
"105,7700";"35,2573";"-0,3566"
"105,7800";"35,2605";"-0,3573"
"105,7900";"35,2637";"-0,3593"
"105,8000";"35,2670";"-0,3587"
"105,8100";"35,2704";"-0,3573"
"105,8200";"35,2737";"-0,3576"
"105,8300";"35,2771";"-0,3569"
"105,8400";"35,2805";"-0,3546"
"105,8500";"35,2840";"-0,3534"
"105,8600";"35,2874";"-0,3539"
"105,8700";"35,2907";"-0,3560"
"105,8800";"35,2941";"-0,3558"
"105,8900";"35,2974";"-0,3552"
"105,9000";"35,3007";"-0,3550"
"105,9100";"35,3040";"-0,3547"
"105,9200";"35,3073";"-0,3550"
"105,9300";"35,3105";"-0,3549"
"105,9400";"35,3138";"-0,3575"
"105,9500";"35,3170";"-0,3593"
"105,9600";"35,3203";"-0,3591"
"105,9700";"35,3236";"-0,3583"
"105,9800";"35,3271";"-0,3584"
"105,9900";"35,3304";"-0,3586"
"106,0000";"35,3338";"-0,3574"
"106,0100";"35,3371";"-0,3563"
"106,0200";"35,3406";"-0,3570"
"106,0300";"35,3439";"-0,3595"
"106,0400";"35,3474";"-0,3609"
"106,0500";"35,3509";"-0,3609"
"106,0600";"35,3542";"-0,3609"
"106,0700";"35,3575";"-0,3609"
"106,0800";"35,3608";"-0,3581"
"106,0900";"35,3641";"-0,3557"
"106,1000";"35,3674";"-0,3547"
"106,1100";"35,3709";"-0,3557"
"106,1200";"35,3740";"-0,3567"
"106,1300";"35,3773";"-0,3576"
"106,1400";"35,3805";"-0,3582"
"106,1500";"35,3837";"-0,3586"
"106,1600";"35,3869";"-0,3579"
"106,1700";"35,3902";"-0,3575"
"106,1800";"35,3936";"-0,3571"
"106,1900";"35,3972";"-0,3558"
"106,2000";"35,4006";"-0,3548"
"106,2100";"35,4040";"-0,3548"
"106,2200";"35,4073";"-0,3549"
"106,2300";"35,4108";"-0,3561"
"106,2400";"35,4142";"-0,3555"
"106,2500";"35,4175";"-0,3538"
"106,2600";"35,4208";"-0,3524"
"106,2700";"35,4241";"-0,3536"
"106,2800";"35,4274";"-0,3559"
"106,2900";"35,4306";"-0,3565"
"106,3000";"35,4339";"-0,3569"
"106,3100";"35,4372";"-0,3582"
"106,3200";"35,4405";"-0,3596"
"106,3300";"35,4437";"-0,3593"
"106,3400";"35,4470";"-0,3576"
"106,3500";"35,4503";"-0,3556"
"106,3600";"35,4536";"-0,3550"
"106,3700";"35,4570";"-0,3541"
"106,3800";"35,4606";"-0,3535"
"106,3900";"35,4640";"-0,3536"
"106,4000";"35,4675";"-0,3550"
"106,4100";"35,4708";"-0,3565"
"106,4200";"35,4743";"-0,3585"
"106,4300";"35,4776";"-0,3605"
"106,4400";"35,4810";"-0,3607"
"106,4500";"35,4844";"-0,3585"
"106,4600";"35,4877";"-0,3571"
"106,4700";"35,4910";"-0,3575"
"106,4800";"35,4942";"-0,3577"
"106,4900";"35,4975";"-0,3562"
"106,5000";"35,5008";"-0,3543"
"106,5100";"35,5040";"-0,3545"
"106,5200";"35,5073";"-0,3548"
"106,5300";"35,5106";"-0,3542"
"106,5400";"35,5138";"-0,3541"
"106,5500";"35,5171";"-0,3549"
"106,5600";"35,5204";"-0,3569"
"106,5700";"35,5239";"-0,3575"
"106,5800";"35,5273";"-0,3565"
"106,5900";"35,5308";"-0,3565"
"106,6000";"35,5342";"-0,3574"
"106,6100";"35,5374";"-0,3577"
"106,6200";"35,5407";"-0,3555"
"106,6300";"35,5442";"-0,3529"
"106,6400";"35,5475";"-0,3518"
"106,6500";"35,5509";"-0,3531"
"106,6600";"35,5543";"-0,3546"
"106,6700";"35,5576";"-0,3556"
"106,6800";"35,5609";"-0,3567"
"106,6900";"35,5640";"-0,3578"
"106,7000";"35,5673";"-0,3579"
"106,7100";"35,5706";"-0,3569"
"106,7200";"35,5739";"-0,3563"
"106,7300";"35,5772";"-0,3555"
"106,7400";"35,5805";"-0,3551"
"106,7500";"35,5838";"-0,3564"
"106,7600";"35,5872";"-0,3585"
"106,7700";"35,5907";"-0,3591"
"106,7800";"35,5941";"-0,3577"
"106,7900";"35,5976";"-0,3543"
"106,8000";"35,6011";"-0,3542"
"106,8100";"35,6044";"-0,3552"
"106,8200";"35,6078";"-0,3572"
"106,8300";"35,6110";"-0,3582"
"106,8400";"35,6143";"-0,3579"
"106,8500";"35,6176";"-0,3562"
"106,8600";"35,6208";"-0,3537"
"106,8700";"35,6241";"-0,3530"
"106,8800";"35,6273";"-0,3550"
"106,8900";"35,6303";"-0,3564"
"106,9000";"35,6336";"-0,3559"
"106,9100";"35,6368";"-0,3569"
"106,9200";"35,6403";"-0,3596"
"106,9300";"35,6436";"-0,3602"
"106,9400";"35,6470";"-0,3580"
"106,9500";"35,6504";"-0,3557"
"106,9600";"35,6538";"-0,3547"
"106,9700";"35,6574";"-0,3560"
"106,9800";"35,6608";"-0,3569"
"106,9900";"35,6643";"-0,3588"
"107,0000";"35,6676";"-0,3610"
"107,0100";"35,6711";"-0,3606"
"107,0200";"35,6744";"-0,3604"
"107,0300";"35,6777";"-0,3605"
"107,0400";"35,6809";"-0,3623"
"107,0500";"35,6842";"-0,3621"
"107,0600";"35,6874";"-0,3596"
"107,0700";"35,6905";"-0,3566"
"107,0800";"35,6937";"-0,3556"
"107,0900";"35,6968";"-0,3562"
"107,1000";"35,7001";"-0,3555"
"107,1100";"35,7034";"-0,3540"
"107,1200";"35,7068";"-0,3539"
"107,1300";"35,7104";"-0,3557"
"107,1400";"35,7139";"-0,3586"
"107,1500";"35,7174";"-0,3610"
"107,1600";"35,7209";"-0,3618"
"107,1700";"35,7243";"-0,3610"
"107,1800";"35,7277";"-0,3585"
"107,1900";"35,7312";"-0,3564"
"107,2000";"35,7345";"-0,3561"
"107,2100";"35,7377";"-0,3564"
"107,2200";"35,7408";"-0,3569"
"107,2300";"35,7439";"-0,3576"
"107,2400";"35,7472";"-0,3583"
"107,2500";"35,7504";"-0,3587"
"107,2600";"35,7537";"-0,3585"
"107,2700";"35,7569";"-0,3574"
"107,2800";"35,7601";"-0,3563"
"107,2900";"35,7634";"-0,3551"
"107,3000";"35,7668";"-0,3544"
"107,3100";"35,7702";"-0,3537"
"107,3200";"35,7738";"-0,3544"
"107,3300";"35,7773";"-0,3564"
"107,3400";"35,7807";"-0,3588"
"107,3500";"35,7842";"-0,3591"
"107,3600";"35,7876";"-0,3583"
"107,3700";"35,7910";"-0,3570"
"107,3800";"35,7944";"-0,3563"
"107,3900";"35,7979";"-0,3560"
"107,4000";"35,8012";"-0,3551"
"107,4100";"35,8044";"-0,3550"
"107,4200";"35,8075";"-0,3549"
"107,4300";"35,8106";"-0,3565"
"107,4400";"35,8138";"-0,3587"
"107,4500";"35,8170";"-0,3584"
"107,4600";"35,8204";"-0,3568"
"107,4700";"35,8237";"-0,3559"
"107,4800";"35,8270";"-0,3569"
"107,4900";"35,8304";"-0,3577"
"107,5000";"35,8338";"-0,3575"
"107,5100";"35,8372";"-0,3561"
"107,5200";"35,8406";"-0,3550"
"107,5300";"35,8441";"-0,3566"
"107,5400";"35,8476";"-0,3586"
"107,5500";"35,8510";"-0,3589"
"107,5600";"35,8543";"-0,3581"
"107,5700";"35,8576";"-0,3579"
"107,5800";"35,8609";"-0,3581"
"107,5900";"35,8642";"-0,3586"
"107,6000";"35,8675";"-0,3588"
"107,6100";"35,8707";"-0,3595"
"107,6200";"35,8739";"-0,3594"
"107,6300";"35,8771";"-0,3588"
"107,6400";"35,8803";"-0,3574"
"107,6500";"35,8836";"-0,3581"
"107,6600";"35,8869";"-0,3601"
"107,6700";"35,8903";"-0,3605"
"107,6800";"35,8938";"-0,3598"
"107,6900";"35,8973";"-0,3578"
"107,7000";"35,9007";"-0,3551"
"107,7100";"35,9041";"-0,3549"
"107,7200";"35,9077";"-0,3560"
"107,7300";"35,9111";"-0,3573"
"107,7400";"35,9145";"-0,3580"
"107,7500";"35,9178";"-0,3573"
"107,7600";"35,9210";"-0,3569"
"107,7700";"35,9242";"-0,3577"
"107,7800";"35,9275";"-0,3567"
"107,7900";"35,9307";"-0,3541"
"107,8000";"35,9340";"-0,3526"
"107,8100";"35,9373";"-0,3538"
"107,8200";"35,9406";"-0,3562"
"107,8300";"35,9438";"-0,3586"
"107,8400";"35,9471";"-0,3580"
"107,8500";"35,9505";"-0,3568"
"107,8600";"35,9539";"-0,3564"
"107,8700";"35,9574";"-0,3554"
"107,8800";"35,9608";"-0,3540"
"107,8900";"35,9641";"-0,3534"
"107,9000";"35,9675";"-0,3544"
"107,9100";"35,9708";"-0,3556"
"107,9200";"35,9742";"-0,3559"
"107,9300";"35,9775";"-0,3557"
"107,9400";"35,9808";"-0,3557"
"107,9500";"35,9842";"-0,3564"
"107,9600";"35,9875";"-0,3562"
"107,9700";"35,9906";"-0,3555"
"107,9800";"35,9938";"-0,3545"
"107,9900";"35,9970";"-0,3540"
"108,0000";"36,0003";"-0,3550"
"108,0100";"36,0036";"-0,3571"
"108,0200";"36,0068";"-0,3583"
"108,0300";"36,0101";"-0,3570"
"108,0400";"36,0134";"-0,3557"
"108,0500";"36,0169";"-0,3559"
"108,0600";"36,0204";"-0,3569"
"108,0700";"36,0241";"-0,3572"
"108,0800";"36,0277";"-0,3562"
"108,0900";"36,0311";"-0,3542"
"108,1000";"36,0344";"-0,3550"
"108,1100";"36,0378";"-0,3576"
"108,1200";"36,0411";"-0,3584"
"108,1300";"36,0445";"-0,3580"
"108,1400";"36,0478";"-0,3584"
"108,1500";"36,0510";"-0,3593"
"108,1600";"36,0542";"-0,3599"
"108,1700";"36,0574";"-0,3605"
"108,1800";"36,0607";"-0,3612"
"108,1900";"36,0638";"-0,3595"
"108,2000";"36,0671";"-0,3569"
"108,2100";"36,0704";"-0,3550"
"108,2200";"36,0738";"-0,3550"
"108,2300";"36,0771";"-0,3573"
"108,2400";"36,0804";"-0,3582"
"108,2500";"36,0838";"-0,3573"
"108,2600";"36,0873";"-0,3576"
"108,2700";"36,0908";"-0,3566"
"108,2800";"36,0942";"-0,3549"
"108,2900";"36,0976";"-0,3530"
"108,3000";"36,1009";"-0,3517"
"108,3100";"36,1042";"-0,3523"
"108,3200";"36,1075";"-0,3533"
"108,3300";"36,1108";"-0,3546"
"108,3400";"36,1141";"-0,3567"
"108,3500";"36,1174";"-0,3587"
"108,3600";"36,1206";"-0,3605"
"108,3700";"36,1239";"-0,3601"
"108,3800";"36,1271";"-0,3584"
"108,3900";"36,1304";"-0,3580"
"108,4000";"36,1337";"-0,3583"
"108,4100";"36,1372";"-0,3585"
"108,4200";"36,1406";"-0,3581"
"108,4300";"36,1439";"-0,3576"
"108,4400";"36,1473";"-0,3550"
"108,4500";"36,1507";"-0,3540"
"108,4600";"36,1542";"-0,3544"
"108,4700";"36,1576";"-0,3552"
"108,4800";"36,1609";"-0,3548"
"108,4900";"36,1642";"-0,3544"
"108,5000";"36,1675";"-0,3555"
"108,5100";"36,1709";"-0,3576"
"108,5200";"36,1742";"-0,3575"
"108,5300";"36,1775";"-0,3566"
"108,5400";"36,1808";"-0,3560"
"108,5500";"36,1841";"-0,3568"
"108,5600";"36,1873";"-0,3572"
"108,5700";"36,1906";"-0,3567"
"108,5800";"36,1938";"-0,3579"
"108,5900";"36,1971";"-0,3606"
"108,6000";"36,2004";"-0,3616"
"108,6100";"36,2037";"-0,3599"
"108,6200";"36,2072";"-0,3584"
"108,6300";"36,2106";"-0,3568"
"108,6400";"36,2140";"-0,3556"
"108,6500";"36,2174";"-0,3555"
"108,6600";"36,2209";"-0,3555"
"108,6700";"36,2243";"-0,3568"
"108,6800";"36,2277";"-0,3597"
"108,6900";"36,2310";"-0,3620"
"108,7000";"36,2342";"-0,3616"
"108,7100";"36,2375";"-0,3600"
"108,7200";"36,2407";"-0,3559"
"108,7300";"36,2440";"-0,3529"
"108,7400";"36,2473";"-0,3517"
"108,7500";"36,2506";"-0,3534"
"108,7600";"36,2539";"-0,3559"
"108,7700";"36,2571";"-0,3578"
"108,7800";"36,2603";"-0,3595"
"108,7900";"36,2636";"-0,3613"
"108,8000";"36,2670";"-0,3604"
"108,8100";"36,2704";"-0,3581"
"108,8200";"36,2737";"-0,3566"
"108,8300";"36,2772";"-0,3563"
"108,8400";"36,2806";"-0,3565"
"108,8500";"36,2840";"-0,3571"
"108,8600";"36,2874";"-0,3569"
"108,8700";"36,2909";"-0,3576"
"108,8800";"36,2943";"-0,3577"
"108,8900";"36,2976";"-0,3576"
"108,9000";"36,3009";"-0,3575"
"108,9100";"36,3041";"-0,3577"
"108,9200";"36,3074";"-0,3577"
"108,9300";"36,3107";"-0,3576"
"108,9400";"36,3141";"-0,3571"
"108,9500";"36,3173";"-0,3566"
"108,9600";"36,3206";"-0,3561"
"108,9700";"36,3238";"-0,3562"
"108,9800";"36,3271";"-0,3566"
"108,9900";"36,3304";"-0,3579"
"109,0000";"36,3337";"-0,3581"
"109,0100";"36,3373";"-0,3571"
"109,0200";"36,3408";"-0,3560"
"109,0300";"36,3442";"-0,3554"
"109,0400";"36,3475";"-0,3561"
"109,0500";"36,3508";"-0,3566"
"109,0600";"36,3541";"-0,3575"
"109,0700";"36,3574";"-0,3573"
"109,0800";"36,3609";"-0,3570"
"109,0900";"36,3642";"-0,3562"
"109,1000";"36,3675";"-0,3550"
"109,1100";"36,3707";"-0,3556"
"109,1200";"36,3740";"-0,3569"
"109,1300";"36,3773";"-0,3562"
"109,1400";"36,3805";"-0,3558"
"109,1500";"36,3838";"-0,3559"
"109,1600";"36,3871";"-0,3572"
"109,1700";"36,3904";"-0,3582"
"109,1800";"36,3937";"-0,3582"
"109,1900";"36,3971";"-0,3576"
"109,2000";"36,4005";"-0,3564"
"109,2100";"36,4041";"-0,3553"
"109,2200";"36,4076";"-0,3545"
"109,2300";"36,4110";"-0,3563"
"109,2400";"36,4143";"-0,3579"
"109,2500";"36,4177";"-0,3600"
"109,2600";"36,4210";"-0,3609"
"109,2700";"36,4243";"-0,3603"
"109,2800";"36,4277";"-0,3598"
"109,2900";"36,4310";"-0,3595"
"109,3000";"36,4342";"-0,3589"
"109,3100";"36,4375";"-0,3576"
"109,3200";"36,4406";"-0,3576"
"109,3300";"36,4439";"-0,3577"
"109,3400";"36,4470";"-0,3566"
"109,3500";"36,4504";"-0,3565"
"109,3600";"36,4537";"-0,3593"
"109,3700";"36,4570";"-0,3618"
"109,3800";"36,4604";"-0,3607"
"109,3900";"36,4638";"-0,3581"
"109,4000";"36,4672";"-0,3567"
"109,4100";"36,4707";"-0,3574"
"109,4200";"36,4742";"-0,3570"
"109,4300";"36,4775";"-0,3548"
"109,4400";"36,4808";"-0,3539"
"109,4500";"36,4841";"-0,3554"
"109,4600";"36,4874";"-0,3597"
"109,4700";"36,4907";"-0,3619"
"109,4800";"36,4940";"-0,3627"
"109,4900";"36,4973";"-0,3609"
"109,5000";"36,5006";"-0,3565"
"109,5100";"36,5038";"-0,3537"
"109,5200";"36,5069";"-0,3551"
"109,5300";"36,5102";"-0,3584"
"109,5400";"36,5135";"-0,3608"
"109,5500";"36,5171";"-0,3599"
"109,5600";"36,5205";"-0,3587"
"109,5700";"36,5240";"-0,3574"
"109,5800";"36,5274";"-0,3556"
"109,5900";"36,5308";"-0,3535"
"109,6000";"36,5342";"-0,3520"
"109,6100";"36,5376";"-0,3523"
"109,6200";"36,5410";"-0,3550"
"109,6300";"36,5444";"-0,3584"
"109,6400";"36,5477";"-0,3613"
"109,6500";"36,5511";"-0,3624"
"109,6600";"36,5542";"-0,3600"
"109,6700";"36,5575";"-0,3559"
"109,6800";"36,5609";"-0,3540"
"109,6900";"36,5642";"-0,3545"
"109,7000";"36,5673";"-0,3563"
"109,7100";"36,5705";"-0,3576"
"109,7200";"36,5737";"-0,3580"
"109,7300";"36,5770";"-0,3581"
"109,7400";"36,5803";"-0,3584"
"109,7500";"36,5838";"-0,3584"
"109,7600";"36,5872";"-0,3585"
"109,7700";"36,5906";"-0,3573"
"109,7800";"36,5940";"-0,3558"
"109,7900";"36,5973";"-0,3558"
"109,8000";"36,6008";"-0,3574"
"109,8100";"36,6042";"-0,3594"
"109,8200";"36,6076";"-0,3598"
"109,8300";"36,6109";"-0,3583"
"109,8400";"36,6142";"-0,3571"
"109,8500";"36,6175";"-0,3578"
"109,8600";"36,6208";"-0,3581"
"109,8700";"36,6241";"-0,3578"
"109,8800";"36,6274";"-0,3564"
"109,8900";"36,6307";"-0,3547"
"109,9000";"36,6340";"-0,3546"
"109,9100";"36,6372";"-0,3552"
"109,9200";"36,6404";"-0,3572"
"109,9300";"36,6437";"-0,3595"
"109,9400";"36,6472";"-0,3601"
"109,9500";"36,6506";"-0,3585"
"109,9600";"36,6540";"-0,3575"
"109,9700";"36,6575";"-0,3579"
"109,9800";"36,6610";"-0,3573"
"109,9900";"36,6643";"-0,3571"
"110,0000";"36,6677";"-0,3566"
"110,0100";"36,6711";"-0,3566"
"110,0200";"36,6744";"-0,3562"
"110,0300";"36,6777";"-0,3563"
"110,0400";"36,6810";"-0,3560"
"110,0500";"36,6842";"-0,3570"
"110,0600";"36,6874";"-0,3586"
"110,0700";"36,6906";"-0,3579"
"110,0800";"36,6938";"-0,3562"
"110,0900";"36,6970";"-0,3561"
"110,1000";"36,7003";"-0,3567"
"110,1100";"36,7035";"-0,3577"
"110,1200";"36,7068";"-0,3571"
"110,1300";"36,7103";"-0,3556"
"110,1400";"36,7139";"-0,3552"
"110,1500";"36,7174";"-0,3553"
"110,1600";"36,7208";"-0,3553"
"110,1700";"36,7242";"-0,3559"
"110,1800";"36,7275";"-0,3557"
"110,1900";"36,7309";"-0,3553"
"110,2000";"36,7343";"-0,3546"
"110,2100";"36,7376";"-0,3564"
"110,2200";"36,7410";"-0,3581"
"110,2300";"36,7443";"-0,3581"
"110,2400";"36,7475";"-0,3568"
"110,2500";"36,7507";"-0,3562"
"110,2600";"36,7539";"-0,3584"
"110,2700";"36,7571";"-0,3599"
"110,2800";"36,7604";"-0,3591"
"110,2900";"36,7637";"-0,3561"
"110,3000";"36,7670";"-0,3563"
"110,3100";"36,7704";"-0,3621"
"110,3200";"36,7739";"-0,3666"
"110,3300";"36,7773";"-0,3624"
"110,3400";"36,7807";"-0,3534"
"110,3480";"36,7834";"-0,3504"

