LabVIEW Measurement	
Writer_Version	2
Reader_Version	2
Separator	Tab
Decimal_Separator	,
Multi_Headings	No
X_Columns	One
Time_Pref	Absolute
Operator	lpdan
Date	2026/05/05
Time	12:56:54,9575141833528797903
***End_of_Header***	
	
Channels	1	
Samples	100	
Date	2026/05/05	
Time	12:56:54,9575141833528797903	
Y_Unit_Label	Volts	
X_Dimension	Time	
X0	0,0000000000000000E+0	
Delta_X	0,010000	
***End_of_Header***		
X_Value	Voltage	Comment
0,000000	0,235269
0,010000	0,232082
0,020000	0,235907
0,030000	0,232720
0,040000	0,231445
0,050000	0,234632
0,060000	0,234632
0,070000	0,225709
0,080000	0,239731
0,090000	0,223159
0,100000	0,238456
0,110000	0,224434
0,120000	0,234632
0,130000	0,232082
0,140000	0,235269
0,150000	0,233994
0,160000	0,234632
0,170000	0,229533
0,180000	0,233994
0,190000	0,233994
0,200000	0,233357
0,210000	0,235907
0,220000	0,235907
0,230000	0,230170
0,240000	0,238456
0,250000	0,233994
0,260000	0,235907
0,270000	0,232720
0,280000	0,237181
0,290000	0,237181
0,300000	0,230170
0,310000	0,239093
0,320000	0,234632
0,330000	0,237181
0,340000	0,234632
0,350000	0,233357
0,360000	0,233357
0,370000	0,232720
0,380000	0,235907
0,390000	0,235269
0,400000	0,235269
0,410000	0,237819
0,420000	0,230170
0,430000	0,239093
0,440000	0,233357
0,450000	0,233357
0,460000	0,237819
0,470000	0,234632
0,480000	0,233994
0,490000	0,231445
0,500000	0,237819
0,510000	0,230808
0,520000	0,233357
0,530000	0,234632
0,540000	0,235907
0,550000	0,234632
0,560000	0,238456
0,570000	0,236544
0,580000	0,238456
0,590000	0,238456
0,600000	0,236544
0,610000	0,237819
0,620000	0,231445
0,630000	0,237819
0,640000	0,233994
0,650000	0,232082
0,660000	0,233357
0,670000	0,234632
0,680000	0,235907
0,690000	0,233357
0,700000	0,235269
0,710000	0,234632
0,720000	0,232082
0,730000	0,235907
0,740000	0,233357
0,750000	0,235907
0,760000	0,232720
0,770000	0,230808
0,780000	0,233994
0,790000	0,244192
0,800000	0,234632
0,810000	0,239731
0,820000	0,235269
0,830000	0,233994
0,840000	0,236544
0,850000	0,241005
0,860000	0,236544
0,870000	0,234632
0,880000	0,233357
0,890000	0,239093
0,900000	0,235269
0,910000	0,242280
0,920000	0,230808
0,930000	0,236544
0,940000	0,249291
0,950000	0,239093
0,960000	0,236544
0,970000	0,237181
0,980000	0,235907
0,990000	0,241643
1,000000	0,235907
1,010000	0,233994
1,020000	0,237181
1,030000	0,241005
1,040000	0,241005
1,050000	0,237819
1,060000	0,236544
1,070000	0,235907
1,080000	0,237181
1,090000	0,237819
1,100000	0,239731
1,110000	0,236544
1,120000	0,239731
1,130000	0,237819
1,140000	0,235269
1,150000	0,234632
1,160000	0,237819
1,170000	0,232720
1,180000	0,239731
1,190000	0,233357
1,200000	0,239093
1,210000	0,234632
1,220000	0,233994
1,230000	0,228896
1,240000	0,235269
1,250000	0,234632
1,260000	0,235269
1,270000	0,239731
1,280000	0,239731
1,290000	0,232082
1,300000	0,234632
1,310000	0,235269
1,320000	0,234632
1,330000	0,237181
1,340000	0,229533
1,350000	0,236544
1,360000	0,226346
1,370000	0,232720
1,380000	0,230170
1,390000	0,237819
1,400000	0,234632
1,410000	0,239731
1,420000	0,241643
1,430000	0,232720
1,440000	0,241005
1,450000	0,234632
1,460000	0,241005
1,470000	0,231445
1,480000	0,241643
1,490000	0,237181
1,500000	0,240368
1,510000	0,237181
1,520000	0,243555
1,530000	0,235907
1,540000	0,240368
1,550000	0,238456
1,560000	0,234632
1,570000	0,241005
1,580000	0,224434
1,590000	0,242918
1,600000	0,234632
1,610000	0,230808
1,620000	0,226346
1,630000	0,232082
1,640000	0,221884
1,650000	0,234632
1,660000	0,228896
1,670000	0,228258
1,680000	0,225071
1,690000	0,235269
1,700000	0,241005
1,710000	0,240368
1,720000	0,228896
1,730000	0,238456
1,740000	0,231445
1,750000	0,236544
1,760000	0,229533
1,770000	0,234632
1,780000	0,228258
1,790000	0,236544
1,800000	0,228896
1,810000	0,237181
1,820000	0,232082
1,830000	0,234632
1,840000	0,233994
1,850000	0,241005
1,860000	0,233357
1,870000	0,232720
1,880000	0,234632
1,890000	0,234632
1,900000	0,233994
1,910000	0,237181
1,920000	0,234632
1,930000	0,232720
1,940000	0,237819
1,950000	0,230170
1,960000	0,234632
1,970000	0,237819
1,980000	0,235269
1,990000	0,237181
2,000000	0,237819
2,010000	0,231445
2,020000	0,233357
2,030000	0,228896
2,040000	0,234632
2,050000	0,232720
2,060000	0,238456
2,070000	0,232082
2,080000	0,241643
2,090000	0,235269
2,100000	0,233994
2,110000	0,233994
2,120000	0,232082
2,130000	0,239731
2,140000	0,236544
2,150000	0,244192
2,160000	0,228258
2,170000	0,235907
2,180000	0,232720
2,190000	0,246742
2,200000	0,228896
2,210000	0,241643
2,220000	0,234632
2,230000	0,247379
2,240000	0,240368
2,250000	0,232720
2,260000	0,242280
2,270000	0,238456
2,280000	0,239093
2,290000	0,231445
2,300000	0,240368
2,310000	0,234632
2,320000	0,234632
2,330000	0,237819
2,340000	0,230808
2,350000	0,225709
2,360000	0,235907
2,370000	0,230808
2,380000	0,239093
2,390000	0,225709
2,400000	0,233994
2,410000	0,216786
2,420000	0,228896
2,430000	0,225709
2,440000	0,226983
2,450000	0,232082
2,460000	0,244830
2,470000	0,234632
2,480000	0,252478
2,490000	0,236544
2,500000	0,252478
2,510000	0,239731
2,520000	0,253753
2,530000	0,230170
2,540000	0,239731
2,550000	0,197665
2,560000	0,236544
2,570000	0,202126
2,580000	0,236544
2,590000	0,228258
2,600000	0,224434
2,610000	0,224434
2,620000	0,216148
2,630000	0,230170
2,640000	0,215511
2,650000	0,219972
2,660000	0,257577
2,670000	0,242280
2,680000	0,250566
2,690000	0,243555
2,700000	0,249291
2,710000	0,238456
2,720000	0,253115
2,730000	0,245467
2,740000	0,237181
2,750000	0,242918
2,760000	0,223159
2,770000	0,237181
2,780000	0,216148
2,790000	0,236544
2,800000	0,226346
2,810000	0,234632
2,820000	0,226346
2,830000	0,226983
2,840000	0,238456
2,850000	0,231445
2,860000	0,238456
2,870000	0,241005
2,880000	0,225709
2,890000	0,238456
2,900000	0,218698
2,910000	0,234632
2,920000	0,219972
2,930000	0,225071
2,940000	0,238456
2,950000	0,230808
2,960000	0,234632
2,970000	0,241005
2,980000	0,246104
2,990000	0,245467
3,000000	0,241643
3,010000	0,244830
3,020000	0,250566
3,030000	0,241643
3,040000	0,239731
3,050000	0,242918
3,060000	0,233994
3,070000	0,239731
3,080000	0,233357
3,090000	0,238456
3,100000	0,233994
3,110000	0,232082
3,120000	0,241005
3,130000	0,232720
3,140000	0,234632
3,150000	0,237181
3,160000	0,235907
3,170000	0,232720
3,180000	0,240368
3,190000	0,229533
3,200000	0,248016
3,210000	0,234632
3,220000	0,244192
3,230000	0,234632
3,240000	0,239093
3,250000	0,236544
3,260000	0,247379
3,270000	0,237819
3,280000	0,237819
3,290000	0,232082
3,300000	0,237819
3,310000	0,233357
3,320000	0,238456
3,330000	0,241643
3,340000	0,230170
3,350000	0,240368
3,360000	0,238456
3,370000	0,239093
3,380000	0,239731
3,390000	0,243555
3,400000	0,240368
3,410000	0,238456
3,420000	0,229533
3,430000	0,237181
3,440000	0,237819
3,450000	0,239731
3,460000	0,228258
3,470000	0,241643
3,480000	0,237181
3,490000	0,239731
3,500000	0,237181
3,510000	0,242918
3,520000	0,232720
3,530000	0,242280
3,540000	0,229533
3,550000	0,241643
3,560000	0,230170
3,570000	0,230808
3,580000	0,218060
3,590000	0,221884
3,600000	0,218698
3,610000	0,225709
3,620000	0,228258
3,630000	0,233994
3,640000	0,234632
3,650000	0,237181
3,660000	0,246742
3,670000	0,234632
3,680000	0,239731
3,690000	0,233994
3,700000	0,238456
3,710000	0,228896
3,720000	0,239731
3,730000	0,210412
3,740000	0,228258
3,750000	0,207225
3,760000	0,229533
3,770000	0,239093
3,780000	0,227621
3,790000	0,235269
3,800000	0,233994
3,810000	0,240368
3,820000	0,261401
3,830000	0,237819
3,840000	0,198302
3,850000	0,240368
3,860000	0,195752
3,870000	0,229533
3,880000	0,193840
3,890000	0,221884
3,900000	0,200851
3,910000	0,216786
3,920000	0,219972
3,930000	0,244192
3,940000	0,238456
3,950000	0,290083
3,960000	0,248654
3,970000	0,311116
3,980000	0,249929
3,990000	0,274148
4,000000	0,259489
4,010000	0,260764
4,020000	0,229533
4,030000	0,228896
4,040000	0,183643
4,050000	0,212324
4,060000	0,193840
4,070000	0,232720
4,080000	0,206588
4,090000	0,249291
4,100000	0,218698
4,110000	0,243555
4,120000	0,232720
4,130000	0,231445
4,140000	0,224434
4,150000	0,233994
4,160000	0,222522
4,170000	0,236544
4,180000	0,250566
4,190000	0,228258
4,200000	0,262039
4,210000	0,231445
4,220000	0,250566
4,230000	0,226983
4,240000	0,238456
4,250000	0,254390
4,260000	0,258852
4,270000	0,234632
4,280000	0,244192
4,290000	0,239731
4,300000	0,244192
4,310000	0,255665
4,320000	0,244192
4,330000	0,235269
4,340000	0,216148
4,350000	0,230808
4,360000	0,213599
4,370000	0,230808
4,380000	0,226983
4,390000	0,239731
4,400000	0,226346
4,410000	0,230170
4,420000	0,229533
4,430000	0,228896
4,440000	0,227621
4,450000	0,226346
4,460000	0,235907
4,470000	0,229533
4,480000	0,236544
4,490000	0,232082
4,500000	0,230170
4,510000	0,232720
4,520000	0,232082
4,530000	0,237181
4,540000	0,232720
4,550000	0,235907
4,560000	0,233994
4,570000	0,224434
4,580000	0,232720
4,590000	0,230170
4,600000	0,230808
4,610000	0,233357
4,620000	0,230808
4,630000	0,233994
4,640000	0,231445
4,650000	0,232082
4,660000	0,224434
4,670000	0,238456
4,680000	0,228258
4,690000	0,236544
4,700000	0,232082
4,710000	0,237181
4,720000	0,230170
4,730000	0,228896
4,740000	0,233994
4,750000	0,228896
4,760000	0,235907
4,770000	0,230808
4,780000	0,243555
4,790000	0,235907
4,800000	0,247379
4,810000	0,237181
4,820000	0,239731
4,830000	0,231445
4,840000	0,241643
4,850000	0,234632
4,860000	0,232720
4,870000	0,223159
4,880000	0,245467
4,890000	0,214873
4,900000	0,233357
4,910000	0,230170
4,920000	0,242280
4,930000	0,247379
4,940000	0,246742
4,950000	0,246742
4,960000	0,244830
4,970000	0,238456
4,980000	0,257577
4,990000	0,240368
5,000000	0,243555
5,010000	0,235269
5,020000	0,235269
5,030000	0,234632
5,040000	0,230808
5,050000	0,240368
5,060000	0,228896
5,070000	0,231445
5,080000	0,250566
5,090000	0,234632
5,100000	0,253115
5,110000	0,279247
5,120000	0,247379
5,130000	0,228896
5,140000	0,232082
5,150000	0,251841
5,160000	0,232720
5,170000	0,226983
5,180000	0,229533
5,190000	0,228896
5,200000	0,185555
5,210000	0,239731
5,220000	0,239093
5,230000	0,239731
5,240000	0,297731
5,250000	0,241005
5,260000	0,296456
5,270000	0,225071
5,280000	0,232082
5,290000	0,258214
5,300000	0,217423
5,310000	0,168983
5,320000	0,221884
5,330000	0,167071
5,340000	0,228258
5,350000	0,125642
5,360000	0,255028
5,370000	0,167708
5,380000	0,237181
5,390000	0,216786
5,400000	0,236544
5,410000	0,236544
5,420000	0,309841
5,430000	0,233994
5,440000	0,293907
5,450000	0,224434
5,460000	0,258214
5,470000	0,234632
5,480000	0,256302
5,490000	0,216148
5,500000	0,238456
5,510000	0,277335
5,520000	0,241005
5,530000	0,234632
5,540000	0,228258
5,550000	0,219972
5,560000	0,249929
5,570000	0,239093
5,580000	0,267137
5,590000	0,251841
5,600000	0,253115
5,610000	0,246104
5,620000	0,225071
5,630000	0,227621
5,640000	0,169620
5,650000	0,214236
5,660000	0,212961
5,670000	0,177269
5,680000	0,224434
5,690000	0,219972
5,700000	0,221247
5,710000	0,269687
5,720000	0,242280
5,730000	0,272236
5,740000	0,237181
5,750000	0,224434
5,760000	0,257577
5,770000	0,228258
5,780000	0,241643
5,790000	0,225709
5,800000	0,237819
5,810000	0,220610
5,820000	0,239731
5,830000	0,223159
5,840000	0,230808
5,850000	0,231445
5,860000	0,235907
5,870000	0,235269
5,880000	0,204676
5,890000	0,231445
5,900000	0,234632
5,910000	0,242280
5,920000	0,239093
5,930000	0,234632
5,940000	0,239093
5,950000	0,235907
5,960000	0,234632
5,970000	0,237181
5,980000	0,226346
5,990000	0,244830
6,000000	0,233357
6,010000	0,242280
6,020000	0,233994
6,030000	0,235269
6,040000	0,237819
6,050000	0,230170
6,060000	0,234632
6,070000	0,237819
6,080000	0,243555
6,090000	0,242280
6,100000	0,233994
6,110000	0,232082
6,120000	0,224434
6,130000	0,227621
6,140000	0,233357
6,150000	0,232082
6,160000	0,222522
6,170000	0,233357
6,180000	0,224434
6,190000	0,230808
6,200000	0,226983
6,210000	0,233357
6,220000	0,246104
6,230000	0,224434
6,240000	0,228258
6,250000	0,233994
6,260000	0,237819
6,270000	0,232082
6,280000	0,230170
6,290000	0,202763
6,300000	0,234632
6,310000	0,208500
6,320000	0,234632
6,330000	0,233357
6,340000	0,221884
6,350000	0,226983
6,360000	0,216786
6,370000	0,226346
6,380000	0,239731
6,390000	0,229533
6,400000	0,251203
6,410000	0,219335
6,420000	0,246104
6,430000	0,221247
6,440000	0,218698
6,450000	0,214873
6,460000	0,229533
6,470000	0,200851
6,480000	0,237819
6,490000	0,256940
6,500000	0,237181
6,510000	0,248016
6,520000	0,234632
6,530000	0,249291
6,540000	0,230170
6,550000	0,242280
6,560000	0,266500
6,570000	0,239731
6,580000	0,258214
6,590000	0,225709
6,600000	0,164522
6,610000	0,223797
6,620000	0,170895
6,630000	0,233994
6,640000	0,175994
6,650000	0,262039
6,660000	0,214236
6,670000	0,299643
6,680000	0,226346
6,690000	0,346171
6,700000	0,231445
6,710000	0,301555
6,720000	0,214236
6,730000	0,298368
6,740000	0,235269
6,750000	0,180456
6,760000	0,237181
6,770000	0,283709
6,780000	0,169620
6,790000	0,260126
6,800000	0,177269
6,810000	0,226346
6,820000	0,265225
6,830000	0,227621
6,840000	0,264588
6,850000	0,200851
6,860000	0,204038
6,870000	0,223159
6,880000	0,245467
6,890000	0,274786
6,900000	0,211049
6,910000	0,269687
6,920000	0,216148
6,930000	0,180456
6,940000	0,223797
6,950000	0,221884
6,960000	0,233357
6,970000	0,199577
6,980000	0,239731
6,990000	0,237819
7,000000	0,300918
7,010000	0,248654
7,020000	0,229533
7,030000	0,238456
7,040000	0,307292
7,050000	0,255028
7,060000	0,312390
7,070000	0,245467
7,080000	0,278610
7,090000	0,209775
7,100000	0,232720
7,110000	0,183005
7,120000	0,228258
7,130000	0,198939
7,140000	0,246742
7,150000	0,226983
7,160000	0,230170
7,170000	0,241005
7,180000	0,223159
7,190000	0,283709
7,200000	0,232720
7,210000	0,264588
7,220000	0,244830
7,230000	0,244830
7,240000	0,232082
7,250000	0,222522
7,260000	0,233994
7,270000	0,230808
7,280000	0,232082
7,290000	0,232082
7,300000	0,226983
7,310000	0,236544
7,320000	0,207862
7,330000	0,232082
7,340000	0,239731
7,350000	0,229533
7,360000	0,234632
7,370000	0,219972
7,380000	0,231445
7,390000	0,221884
7,400000	0,229533
7,410000	0,235907
7,420000	0,233357
7,430000	0,228258
7,440000	0,226346
7,450000	0,228896
7,460000	0,232082
7,470000	0,230808
7,480000	0,236544
7,490000	0,228258
7,500000	0,222522
7,510000	0,234632
7,520000	0,233994
7,530000	0,224434
7,540000	0,221247
7,550000	0,225709
7,560000	0,221247
7,570000	0,219972
7,580000	0,212961
7,590000	0,224434
7,600000	0,225071
7,610000	0,226346
7,620000	0,223159
7,630000	0,217423
7,640000	0,227621
7,650000	0,245467
7,660000	0,221247
7,670000	0,233357
7,680000	0,219972
7,690000	0,228258
7,700000	0,221247
7,710000	0,218698
7,720000	0,215511
7,730000	0,218060
7,740000	0,206588
7,750000	0,216786
7,760000	0,205950
7,770000	0,226983
7,780000	0,229533
7,790000	0,218698
7,800000	0,209137
7,810000	0,205313
7,820000	0,225071
7,830000	0,205950
7,840000	0,211687
7,850000	0,202126
7,860000	0,197665
7,870000	0,161972
7,880000	0,208500
7,890000	0,164522
7,900000	0,203401
7,910000	0,167071
7,920000	0,204676
7,930000	0,207225
7,940000	0,198939
7,950000	0,191291
7,960000	0,256302
7,970000	0,181730
7,980000	0,164522
7,990000	0,201489
8,000000	0,196390
8,010000	0,193203
8,020000	0,200214
8,030000	0,208500
8,040000	0,177906
8,050000	0,090587
8,060000	0,172807
8,070000	0,160060
8,080000	0,207225
8,090000	0,233357
8,100000	0,193840
8,110000	0,244192
8,120000	0,163247
8,130000	0,143488
8,140000	0,177906
8,150000	0,190654
8,160000	0,206588
8,170000	0,223159
8,180000	0,195752
8,190000	0,191291
8,200000	0,188104
8,210000	0,207225
8,220000	0,202126
8,230000	0,200851
8,240000	0,149225
8,250000	0,181730
8,260000	0,222522
8,270000	0,174082
8,280000	0,168346
8,290000	0,180456
8,300000	0,183643
8,310000	0,183643
8,320000	0,186192
8,330000	0,172807
8,340000	0,184280
8,350000	0,147950
8,360000	0,190016
8,370000	0,157511
8,380000	0,166434
8,390000	0,109071
8,400000	0,122455
8,410000	0,168983
8,420000	0,107159
8,430000	0,151137
8,440000	0,201489
8,450000	0,165796
8,460000	0,197027
8,470000	0,181093
8,480000	0,194478
8,490000	0,161335
8,500000	0,158148
8,510000	0,192566
8,520000	0,156873
8,530000	0,169620
8,540000	0,158785
8,550000	0,165159
8,560000	0,137115
8,570000	0,168346
8,580000	0,172170
8,590000	0,167708
8,600000	0,174082
8,610000	0,174719
8,620000	0,170258
8,630000	0,152412
8,640000	0,170895
8,650000	0,169620
8,660000	0,163884
8,670000	0,163247
8,680000	0,165159
8,690000	0,163884
8,700000	0,163884
8,710000	0,162609
8,720000	0,165159
8,730000	0,162609
8,740000	0,160697
8,750000	0,163247
8,760000	0,167708
8,770000	0,160697
8,780000	0,161972
8,790000	0,167071
8,800000	0,162609
8,810000	0,165159
8,820000	0,154961
8,830000	0,164522
8,840000	0,155598
8,850000	0,154961
8,860000	0,155598
8,870000	0,155598
8,880000	0,158785
8,890000	0,154324
8,900000	0,152412
8,910000	0,158148
8,920000	0,168346
8,930000	0,149862
8,940000	0,172807
8,950000	0,150499
8,960000	0,160060
8,970000	0,149862
8,980000	0,150499
8,990000	0,150499
9,000000	0,151137
9,010000	0,136477
9,020000	0,153049
9,030000	0,135203
9,040000	0,157511
9,050000	0,144763
9,060000	0,158785
9,070000	0,148587
9,080000	0,140939
9,090000	0,152412
9,100000	0,139664
9,110000	0,147950
9,120000	0,150499
9,130000	0,145401
9,140000	0,116719
9,150000	0,144126
9,160000	0,137752
9,170000	0,158148
9,180000	0,158785
9,190000	0,159423
9,200000	0,163884
9,210000	0,163247
9,220000	0,155598
9,230000	0,181730
9,240000	0,152412
9,250000	0,177269
9,260000	0,142214
9,270000	0,154961
9,280000	0,143488
9,290000	0,147950
9,300000	0,167708
9,310000	0,135203
9,320000	0,134565
9,330000	0,132016
9,340000	0,213599
9,350000	0,153686
9,360000	0,181093
9,370000	0,129466
9,380000	0,158148
9,390000	0,116719
9,400000	0,150499
9,410000	0,158148
9,420000	0,166434
9,430000	0,153049
9,440000	0,132653
9,450000	0,096961
9,460000	0,147313
9,470000	0,107796
9,480000	0,158148
9,490000	0,147313
9,500000	0,135203
9,510000	0,130104
9,520000	0,128829
9,530000	0,126280
9,540000	0,127554
9,550000	0,112258
9,560000	0,129466
9,570000	0,150499
9,580000	0,131379
9,590000	0,168346
9,600000	0,130104
9,610000	0,162609
9,620000	0,138390
9,630000	0,156873
9,640000	0,157511
9,650000	0,138390
9,660000	0,135840
9,670000	0,144126
9,680000	0,098873
9,690000	0,131379
9,700000	0,142851
9,710000	0,141576
9,720000	0,127554
9,730000	0,128192
9,740000	0,153686
9,750000	0,179181
9,760000	0,147950
9,770000	0,111620
9,780000	0,142214
9,790000	0,162609
9,800000	0,135203
9,810000	0,161972
9,820000	0,153049
9,830000	0,141576
9,840000	0,102697
9,850000	0,130741
9,860000	0,110983
9,870000	0,119906
9,880000	0,119269
9,890000	0,150499
9,900000	0,133291
9,910000	0,125005
9,920000	0,133291
9,930000	0,122455
9,940000	0,160060
9,950000	0,132016
9,960000	0,144763
9,970000	0,132653
9,980000	0,127554
9,990000	0,121818
10,000000	0,122455
10,010000	0,128829
10,020000	0,136477
10,030000	0,129466
10,040000	0,133291
10,050000	0,117994
10,060000	0,133291
10,070000	0,117994
10,080000	0,134565
10,090000	0,124367
10,100000	0,132016
10,110000	0,125642
10,120000	0,130104
10,130000	0,130104
10,140000	0,130104
10,150000	0,126280
10,160000	0,132653
10,170000	0,123730
10,180000	0,128829
10,190000	0,128192
10,200000	0,134565
10,210000	0,130104
10,220000	0,132016
10,230000	0,126917
10,240000	0,121181
10,250000	0,124367
10,260000	0,124367
10,270000	0,122455
10,280000	0,119269
10,290000	0,128192
10,300000	0,132653
10,310000	0,135203
10,320000	0,126917
10,330000	0,130104
10,340000	0,123730
10,350000	0,125642
10,360000	0,123093
10,370000	0,135203
10,380000	0,126280
10,390000	0,132016
10,400000	0,124367
10,410000	0,119906
10,420000	0,114807
10,430000	0,117356
10,440000	0,128829
10,450000	0,131379
10,460000	0,133928
10,470000	0,139664
10,480000	0,129466
10,490000	0,132653
10,500000	0,153686
10,510000	0,131379
10,520000	0,142214
10,530000	0,117356
10,540000	0,125005
10,550000	0,117994
10,560000	0,118631
10,570000	0,126917
10,580000	0,124367
10,590000	0,105246
10,600000	0,130741
10,610000	0,140302
10,620000	0,130104
10,630000	0,167071
10,640000	0,126280
10,650000	0,128829
10,660000	0,107796
10,670000	0,098235
10,680000	0,107796
10,690000	0,103972
10,700000	0,080389
10,710000	0,108433
10,720000	0,077202
10,730000	0,125005
10,740000	0,082301
10,750000	0,127554
10,760000	0,096961
10,770000	0,123730
10,780000	0,137115
10,790000	0,114170
10,800000	0,102697
10,810000	0,152412
10,820000	0,110345
10,830000	0,123730
10,840000	0,112258
10,850000	0,134565
10,860000	0,117356
10,870000	0,145401
10,880000	0,156873
10,890000	0,133928
10,900000	0,147313
10,910000	0,128829
10,920000	0,129466
10,930000	0,138390
10,940000	0,100785
10,950000	0,133928
10,960000	0,122455
10,970000	0,120543
10,980000	0,119269
10,990000	0,107796
11,000000	0,116719
11,010000	0,150499
11,020000	0,125005
11,030000	0,127554
11,040000	0,137752
11,050000	0,126917
11,060000	0,153049
11,070000	0,119269
11,080000	0,078477
11,090000	0,123093
11,100000	0,065092
11,110000	0,128829
11,120000	0,075290
11,130000	0,118631
11,140000	0,076565
11,150000	0,078477
11,160000	0,124367
11,170000	0,091862
11,180000	0,110345
11,190000	0,155598
11,200000	0,127554
11,210000	0,135840
11,220000	0,116082
11,230000	0,137752
11,240000	0,103334
11,250000	0,109708
11,260000	0,126917
11,270000	0,109708
11,280000	0,124367
11,290000	0,112258
11,300000	0,123093
11,310000	0,098235
11,320000	0,125005
11,330000	0,130741
11,340000	0,126280
11,350000	0,122455
11,360000	0,121818
11,370000	0,117994
11,380000	0,113532
11,390000	0,112895
11,400000	0,123730
11,410000	0,119269
11,420000	0,122455
11,430000	0,125005
11,440000	0,117356
11,450000	0,125005
11,460000	0,125005
11,470000	0,127554
11,480000	0,125005
11,490000	0,122455
11,500000	0,125642
11,510000	0,116082
11,520000	0,117994
11,530000	0,122455
11,540000	0,112258
11,550000	0,117356
11,560000	0,119906
11,570000	0,116082
11,580000	0,119269
11,590000	0,124367
11,600000	0,125005
11,610000	0,118631
11,620000	0,117994
11,630000	0,117356
11,640000	0,121181
11,650000	0,114170
11,660000	0,101422
11,670000	0,117356
11,680000	0,102060
11,690000	0,113532
11,700000	0,103972
11,710000	0,119906
11,720000	0,110983
11,730000	0,117356
11,740000	0,118631
11,750000	0,124367
11,760000	0,119906
11,770000	0,122455
11,780000	0,117356
11,790000	0,107159
11,800000	0,113532
11,810000	0,115444
11,820000	0,114807
11,830000	0,112895
11,840000	0,107796
11,850000	0,121181
11,860000	0,128829
11,870000	0,117356
11,880000	0,147313
11,890000	0,119906
11,900000	0,145401
11,910000	0,121181
11,920000	0,133928
11,930000	0,118631
11,940000	0,112258
11,950000	0,109708
11,960000	0,116082
11,970000	0,102060
11,980000	0,122455
11,990000	0,147313
12,000000	0,123093
12,010000	0,139664
12,020000	0,126280
12,030000	0,135203
12,040000	0,140302
12,050000	0,123730
12,060000	0,149862
12,070000	0,112258
12,080000	0,117356
12,090000	0,117356
12,100000	0,091224
12,110000	0,109071
12,120000	0,096961
12,130000	0,109071
12,140000	0,107796
12,150000	0,109708
12,160000	0,117994
12,170000	0,114170
12,180000	0,116082
12,190000	0,113532
12,200000	0,119906
12,210000	0,109708
12,220000	0,115444
12,230000	0,112258
12,240000	0,115444
12,250000	0,116082
12,260000	0,114807
12,270000	0,112258
12,280000	0,118631
12,290000	0,112258
12,300000	0,117994
12,310000	0,114170
12,320000	0,113532
12,330000	0,114807
12,340000	0,109071
12,350000	0,112895
12,360000	0,112258
12,370000	0,111620
12,380000	0,110345
12,390000	0,117994
12,400000	0,112258
12,410000	0,124367
12,420000	0,112895
12,430000	0,127554
12,440000	0,125642
12,450000	0,125005
12,460000	0,125005
12,470000	0,121181
12,480000	0,117356
12,490000	0,114807
12,500000	0,108433
12,510000	0,116082
12,520000	0,112258
12,530000	0,110345
12,540000	0,111620
12,550000	0,112895
12,560000	0,109708
12,570000	0,112258
12,580000	0,109708
12,590000	0,111620
12,600000	0,110983
12,610000	0,110983
12,620000	0,114170
12,630000	0,107796
12,640000	0,112258
12,650000	0,107796
12,660000	0,111620
12,670000	0,112258
12,680000	0,112258
12,690000	0,114807
12,700000	0,112258
12,710000	0,112258
12,720000	0,112258
12,730000	0,109708
12,740000	0,110983
12,750000	0,109708
12,760000	0,112895
12,770000	0,112258
12,780000	0,111620
12,790000	0,108433
12,800000	0,109071
12,810000	0,110345
12,820000	0,114170
12,830000	0,108433
12,840000	0,112258
12,850000	0,112895
12,860000	0,114170
12,870000	0,112258
12,880000	0,109708
12,890000	0,106521
12,900000	0,110983
12,910000	0,107796
12,920000	0,114807
12,930000	0,117356
12,940000	0,112895
12,950000	0,122455
12,960000	0,114807
12,970000	0,119906
12,980000	0,115444
12,990000	0,119269
13,000000	0,117356
13,010000	0,114807
13,020000	0,111620
13,030000	0,112258
13,040000	0,112258
13,050000	0,110983
13,060000	0,112258
13,070000	0,110983
13,080000	0,110983
13,090000	0,110345
13,100000	0,112258
13,110000	0,111620
13,120000	0,112895
13,130000	0,114807
13,140000	0,110345
13,150000	0,094411
13,160000	0,112895
13,170000	0,100785
13,180000	0,112258
13,190000	0,103334
13,200000	0,112258
13,210000	0,102060
13,220000	0,116719
13,230000	0,112258
13,240000	0,117356
13,250000	0,110983
13,260000	0,109708
13,270000	0,113532
13,280000	0,100148
13,290000	0,114170
13,300000	0,103334
13,310000	0,105246
13,320000	0,111620
13,330000	0,087400
13,340000	0,107796
13,350000	0,117994
13,360000	0,109708
13,370000	0,118631
13,380000	0,114807
13,390000	0,117994
13,400000	0,114807
13,410000	0,125005
13,420000	0,119269
13,430000	0,116719
13,440000	0,116082
13,450000	0,114170
13,460000	0,116719
13,470000	0,115444
13,480000	0,115444
13,490000	0,112258
13,500000	0,114807
13,510000	0,112258
13,520000	0,112895
13,530000	0,109708
13,540000	0,109708
13,550000	0,112258
13,560000	0,108433
13,570000	0,109071
13,580000	0,106521
13,590000	0,114807
13,600000	0,112258
13,610000	0,113532
13,620000	0,112895
13,630000	0,110345
13,640000	0,110345
13,650000	0,113532
13,660000	0,107796
13,670000	0,108433
13,680000	0,112258
13,690000	0,109071
13,700000	0,109708
13,710000	0,109708
13,720000	0,108433
13,730000	0,110983
13,740000	0,112895
13,750000	0,106521
13,760000	0,112258
13,770000	0,114170
13,780000	0,112895
13,790000	0,110345
13,800000	0,112258
13,810000	0,110345
13,820000	0,109071
13,830000	0,114807
13,840000	0,107796
13,850000	0,112895
13,860000	0,108433
13,870000	0,112258
13,880000	0,112258
13,890000	0,112895
13,900000	0,116082
13,910000	0,112258
13,920000	0,114170
13,930000	0,112258
13,940000	0,112895
13,950000	0,114807
13,960000	0,110345
13,970000	0,114170
13,980000	0,113532
13,990000	0,112258
14,000000	0,112895
14,010000	0,116082
14,020000	0,111620
14,030000	0,112258
14,040000	0,112258
14,050000	0,114807
14,060000	0,113532
14,070000	0,112258
14,080000	0,114170
14,090000	0,105884
14,100000	0,111620
14,110000	0,109071
14,120000	0,111620
14,130000	0,110983
14,140000	0,109708
14,150000	0,109071
14,160000	0,110983
14,170000	0,111620
14,180000	0,109071
14,190000	0,110345
14,200000	0,109071
14,210000	0,111620
14,220000	0,110983
14,230000	0,109071
14,240000	0,114807
14,250000	0,111620
14,260000	0,113532
14,270000	0,110983
14,280000	0,110983
14,290000	0,111620
14,300000	0,110345
14,310000	0,111620
14,320000	0,110345
14,330000	0,112258
14,340000	0,110345
14,350000	0,112258
14,360000	0,110345
14,370000	0,113532
14,380000	0,113532
14,390000	0,112258
14,400000	0,112258
14,410000	0,110983
14,420000	0,112258
14,430000	0,112258
14,440000	0,115444
14,450000	0,113532
14,460000	0,114170
14,470000	0,113532
14,480000	0,113532
14,490000	0,116082
14,500000	0,114170
14,510000	0,116082
14,520000	0,111620
14,530000	0,119269
14,540000	0,114807
14,550000	0,112895
14,560000	0,121181
14,570000	0,117356
14,580000	0,117356
14,590000	0,116082
14,600000	0,116082
14,610000	0,113532
14,620000	0,112258
14,630000	0,117356
14,640000	0,116082
14,650000	0,114807
14,660000	0,113532
14,670000	0,113532
14,680000	0,112895
14,690000	0,117356
14,700000	0,115444
14,710000	0,114807
14,720000	0,119906
14,730000	0,112895
14,740000	0,117356
14,750000	0,113532
14,760000	0,118631
14,770000	0,116082
14,780000	0,114807
14,790000	0,114170
14,800000	0,116082
14,810000	0,117356
14,820000	0,116719
14,830000	0,115444
14,840000	0,118631
14,850000	0,116719
14,860000	0,117356
14,870000	0,119906
14,880000	0,118631
14,890000	0,119906
14,900000	0,119906
14,910000	0,120543
14,920000	0,121181
14,930000	0,117356
14,940000	0,123730
14,950000	0,119906
14,960000	0,121181
14,970000	0,122455
14,980000	0,122455
14,990000	0,122455
15,000000	0,122455
15,010000	0,118631
15,020000	0,121818
15,030000	0,116082
15,040000	0,122455
15,050000	0,116082
15,060000	0,123093
15,070000	0,119269
15,080000	0,121818
15,090000	0,121181
15,100000	0,121181
15,110000	0,117356
15,120000	0,122455
15,130000	0,121181
15,140000	0,121818
15,150000	0,119906
15,160000	0,122455
15,170000	0,119269
15,180000	0,119269
15,190000	0,126917
15,200000	0,121818
15,210000	0,123730
15,220000	0,125642
15,230000	0,125005
15,240000	0,125642
15,250000	0,122455
15,260000	0,124367
15,270000	0,126280
15,280000	0,121818
15,290000	0,125005
15,300000	0,126917
15,310000	0,128829
15,320000	0,125642
15,330000	0,128829
15,340000	0,127554
15,350000	0,127554
15,360000	0,128829
15,370000	0,131379
15,380000	0,132016
15,390000	0,135203
15,400000	0,128192
15,410000	0,130104
15,420000	0,128829
15,430000	0,134565
15,440000	0,135203
15,450000	0,131379
15,460000	0,131379
15,470000	0,132016
15,480000	0,132653
15,490000	0,129466
15,500000	0,137752
15,510000	0,137115
15,520000	0,136477
15,530000	0,129466
15,540000	0,134565
15,550000	0,134565
15,560000	0,135203
15,570000	0,132016
15,580000	0,134565
15,590000	0,134565
15,600000	0,136477
15,610000	0,136477
15,620000	0,135203
15,630000	0,138390
15,640000	0,135203
15,650000	0,138390
15,660000	0,136477
15,670000	0,137752
15,680000	0,140302
15,690000	0,142214
15,700000	0,137752
15,710000	0,140939
15,720000	0,139664
15,730000	0,137115
15,740000	0,144763
15,750000	0,144763
15,760000	0,139027
15,770000	0,141576
15,780000	0,143488
15,790000	0,142214
15,800000	0,144763
15,810000	0,142214
15,820000	0,142214
15,830000	0,141576
15,840000	0,147950
15,850000	0,140302
15,860000	0,152412
15,870000	0,147313
15,880000	0,151137
15,890000	0,146038
15,900000	0,148587
15,910000	0,148587
15,920000	0,151137
15,930000	0,146038
15,940000	0,147950
15,950000	0,142851
15,960000	0,153049
15,970000	0,147313
15,980000	0,151137
15,990000	0,150499
16,000000	0,154324
16,010000	0,144763
16,020000	0,152412
16,030000	0,148587
16,040000	0,151137
16,050000	0,155598
16,060000	0,147313
16,070000	0,150499
16,080000	0,153686
16,090000	0,154961
16,100000	0,154324
16,110000	0,149862
16,120000	0,155598
16,130000	0,153049
16,140000	0,160060
16,150000	0,157511
16,160000	0,160060
16,170000	0,158148
16,180000	0,156236
16,190000	0,158148
16,200000	0,161972
16,210000	0,163247
16,220000	0,159423
16,230000	0,162609
16,240000	0,159423
16,250000	0,168346
16,260000	0,163247
16,270000	0,167708
16,280000	0,161972
16,290000	0,165796
16,300000	0,160060
16,310000	0,165159
16,320000	0,161335
16,330000	0,163884
16,340000	0,168346
16,350000	0,164522
16,360000	0,163247
16,370000	0,166434
16,380000	0,172170
16,390000	0,168346
16,400000	0,168983
16,410000	0,171533
16,420000	0,167708
16,430000	0,173445
16,440000	0,173445
16,450000	0,169620
16,460000	0,174719
16,470000	0,173445
16,480000	0,173445
16,490000	0,175994
16,500000	0,178544
16,510000	0,174719
16,520000	0,178544
16,530000	0,174719
16,540000	0,174082
16,550000	0,175994
16,560000	0,175994
16,570000	0,179181
16,580000	0,179181
16,590000	0,177269
16,600000	0,182368
16,610000	0,179181
16,620000	0,185555
16,630000	0,182368
16,640000	0,183643
16,650000	0,183005
16,660000	0,184917
16,670000	0,183005
16,680000	0,182368
16,690000	0,186192
16,700000	0,189379
16,710000	0,186829
16,720000	0,188741
16,730000	0,188741
16,740000	0,188104
16,750000	0,191291
16,760000	0,188741
16,770000	0,192566
16,780000	0,194478
16,790000	0,195752
16,800000	0,195752
16,810000	0,193840
16,820000	0,193840
16,830000	0,197027
16,840000	0,194478
16,850000	0,195115
16,860000	0,198939
16,870000	0,198939
16,880000	0,198302
16,890000	0,197665
16,900000	0,202763
16,910000	0,201489
16,920000	0,207862
16,930000	0,201489
16,940000	0,204676
16,950000	0,207862
16,960000	0,206588
16,970000	0,205313
16,980000	0,207225
16,990000	0,206588
17,000000	0,211049
17,010000	0,209137
17,020000	0,205950
17,030000	0,209137
17,040000	0,207862
17,050000	0,207225
17,060000	0,216786
17,070000	0,209775
17,080000	0,216786
17,090000	0,209137
17,100000	0,216148
17,110000	0,209775
17,120000	0,213599
17,130000	0,214873
17,140000	0,216148
17,150000	0,218060
17,160000	0,214873
17,170000	0,214236
17,180000	0,217423
17,190000	0,216786
17,200000	0,219972
17,210000	0,216786
17,220000	0,223797
17,230000	0,219335
17,240000	0,226346
17,250000	0,223797
17,260000	0,225709
17,270000	0,219335
17,280000	0,223797
17,290000	0,222522
17,300000	0,222522
17,310000	0,220610
17,320000	0,223159
17,330000	0,222522
17,340000	0,219335
17,350000	0,223159
17,360000	0,221884
17,370000	0,223797
17,380000	0,221884
17,390000	0,221884
17,400000	0,221247
17,410000	0,219335
17,420000	0,223797
17,430000	0,224434
17,440000	0,223159
17,450000	0,221247
17,460000	0,218060
17,470000	0,221247
17,480000	0,220610
17,490000	0,218060
17,500000	0,218060
17,510000	0,223797
17,520000	0,219972
17,530000	0,216786
17,540000	0,219335
17,550000	0,222522
17,560000	0,221247
17,570000	0,218698
17,580000	0,219335
17,590000	0,218060
17,600000	0,216786
17,610000	0,211049
17,620000	0,215511
17,630000	0,210412
17,640000	0,216786
17,650000	0,211687
17,660000	0,216148
17,670000	0,211049
17,680000	0,208500
17,690000	0,211687
17,700000	0,210412
17,710000	0,212961
17,720000	0,209775
17,730000	0,205950
17,740000	0,209775
17,750000	0,207862
17,760000	0,204676
17,770000	0,209775
17,780000	0,201489
17,790000	0,203401
17,800000	0,203401
17,810000	0,200214
17,820000	0,199577
17,830000	0,200851
17,840000	0,198939
17,850000	0,200851
17,860000	0,199577
17,870000	0,199577
17,880000	0,195752
17,890000	0,199577
17,900000	0,192566
17,910000	0,200214
17,920000	0,191291
17,930000	0,193840
17,940000	0,194478
17,950000	0,192566
17,960000	0,193840
17,970000	0,192566
17,980000	0,191928
17,990000	0,188741
18,000000	0,195752
18,010000	0,184917
18,020000	0,191291
18,030000	0,183643
18,040000	0,190016
18,050000	0,182368
18,060000	0,186192
18,070000	0,183643
18,080000	0,185555
18,090000	0,179181
18,100000	0,183005
18,110000	0,175994
18,120000	0,184917
18,130000	0,181093
18,140000	0,180456
18,150000	0,179181
18,160000	0,180456
18,170000	0,172807
18,180000	0,174082
18,190000	0,172807
18,200000	0,174082
18,210000	0,175357
18,220000	0,175994
18,230000	0,167071
18,240000	0,177269
18,250000	0,169620
18,260000	0,175357
18,270000	0,167071
18,280000	0,166434
18,290000	0,163884
18,300000	0,168346
18,310000	0,165159
18,320000	0,167708
18,330000	0,159423
18,340000	0,168983
18,350000	0,160697
18,360000	0,166434
18,370000	0,165796
18,380000	0,165159
18,390000	0,162609
18,400000	0,168346
18,410000	0,160060
18,420000	0,167071
18,430000	0,159423
18,440000	0,165796
18,450000	0,158148
18,460000	0,163247
18,470000	0,156236
18,480000	0,161972
18,490000	0,158785
18,500000	0,156236
18,510000	0,158785
18,520000	0,159423
18,530000	0,154961
18,540000	0,156873
18,550000	0,153049
18,560000	0,158785
18,570000	0,153686
18,580000	0,155598
18,590000	0,151137
18,600000	0,154324
18,610000	0,149862
18,620000	0,153686
18,630000	0,154324
18,640000	0,153049
18,650000	0,155598
18,660000	0,151137
18,670000	0,152412
18,680000	0,148587
18,690000	0,151137
18,700000	0,147313
18,710000	0,149225
18,720000	0,148587
18,730000	0,149225
18,740000	0,147950
18,750000	0,150499
18,760000	0,144126
18,770000	0,147313
18,780000	0,149225
18,790000	0,148587
18,800000	0,144763
18,810000	0,145401
18,820000	0,144763
18,830000	0,142214
18,840000	0,144763
18,850000	0,145401
18,860000	0,144126
18,870000	0,141576
18,880000	0,142851
18,890000	0,142851
18,900000	0,144126
18,910000	0,142851
18,920000	0,141576
18,930000	0,142851
18,940000	0,143488
18,950000	0,140302
18,960000	0,138390
18,970000	0,142851
18,980000	0,140302
18,990000	0,137752
19,000000	0,142214
19,010000	0,141576
19,020000	0,137752
19,030000	0,139664
19,040000	0,139027
19,050000	0,139664
19,060000	0,135203
19,070000	0,138390
19,080000	0,137115
19,090000	0,138390
19,100000	0,137752
19,110000	0,139027
19,120000	0,137752
19,130000	0,137752
19,140000	0,137115
19,150000	0,136477
19,160000	0,135203
19,170000	0,135840
19,180000	0,135840
19,190000	0,137752
19,200000	0,133291
19,210000	0,140302
19,220000	0,132016
19,230000	0,134565
19,240000	0,133291
19,250000	0,134565
19,260000	0,132016
19,270000	0,132016
19,280000	0,135203
19,290000	0,134565
19,300000	0,134565
19,310000	0,135203
19,320000	0,133928
19,330000	0,132016
19,340000	0,134565
19,350000	0,132653
19,360000	0,132653
19,370000	0,132016
19,380000	0,132653
19,390000	0,135203
19,400000	0,132016
19,410000	0,132016
19,420000	0,135840
19,430000	0,127554
19,440000	0,133928
19,450000	0,126917
19,460000	0,132016
19,470000	0,131379
19,480000	0,130741
19,490000	0,130104
19,500000	0,130104
19,510000	0,127554
19,520000	0,130104
19,530000	0,126917
19,540000	0,129466
19,550000	0,128829
19,560000	0,130741
19,570000	0,130741
19,580000	0,129466
19,590000	0,127554
19,600000	0,126280
19,610000	0,126917
19,620000	0,127554
19,630000	0,127554
19,640000	0,128192
19,650000	0,126917
19,660000	0,126917
19,670000	0,127554
19,680000	0,128192
19,690000	0,124367
19,700000	0,132016
19,710000	0,125642
19,720000	0,128829
19,730000	0,130104
19,740000	0,130104
19,750000	0,127554
19,760000	0,126280
19,770000	0,125005
19,780000	0,127554
19,790000	0,124367
19,800000	0,129466
19,810000	0,124367
19,820000	0,125642
19,830000	0,126917
19,840000	0,126280
19,850000	0,125005
19,860000	0,125005
19,870000	0,122455
19,880000	0,128192
19,890000	0,125005
19,900000	0,128192
19,910000	0,122455
19,920000	0,126917
19,930000	0,121181
19,940000	0,125642
19,950000	0,119269
19,960000	0,126917
19,970000	0,119906
19,980000	0,126280
19,990000	0,120543
20,000000	0,128192
20,010000	0,119269
20,020000	0,126917
20,030000	0,119906
20,040000	0,125005
20,050000	0,119269
20,060000	0,123730
20,070000	0,122455
20,080000	0,122455
20,090000	0,123093
20,100000	0,123093
20,110000	0,117994
20,120000	0,124367
20,130000	0,120543
20,140000	0,122455
20,150000	0,121181
20,160000	0,122455
20,170000	0,119269
20,180000	0,119906
20,190000	0,118631
20,200000	0,122455
20,210000	0,117994
20,220000	0,121181
20,230000	0,119269
20,240000	0,120543
20,250000	0,121181
20,260000	0,119906
20,270000	0,119269
20,280000	0,118631
20,290000	0,118631
20,300000	0,120543
20,310000	0,115444
20,320000	0,119269
20,330000	0,117994
20,340000	0,116719
20,350000	0,117356
20,360000	0,119269
20,370000	0,119269
20,380000	0,118631
20,390000	0,117356
20,400000	0,119906
20,410000	0,117356
20,420000	0,119906
20,430000	0,117356
20,440000	0,116719
20,450000	0,114807
20,460000	0,117356
20,470000	0,116082
20,480000	0,117356
20,490000	0,117356
20,500000	0,119269
20,510000	0,115444
20,520000	0,114170
20,530000	0,114807
20,540000	0,116719
20,550000	0,112895
20,560000	0,115444
20,570000	0,114807
20,580000	0,119269
20,590000	0,114170
20,600000	0,114170
20,610000	0,112258
20,620000	0,113532
20,630000	0,112895
20,640000	0,114170
20,650000	0,112258
20,660000	0,116082
20,670000	0,110983
20,680000	0,112895
20,690000	0,113532
20,700000	0,115444
20,710000	0,112258
20,720000	0,116082
20,730000	0,109708
20,740000	0,114807
20,750000	0,109708
20,760000	0,112258
20,770000	0,112258
20,780000	0,114807
20,790000	0,113532
20,800000	0,115444
20,810000	0,114170
20,820000	0,115444
20,830000	0,112258
20,840000	0,113532
20,850000	0,114807
20,860000	0,114807
20,870000	0,112895
20,880000	0,114170
20,890000	0,113532
20,900000	0,112895
20,910000	0,111620
20,920000	0,112895
20,930000	0,112258
20,940000	0,112895
20,950000	0,109071
20,960000	0,112258
20,970000	0,109708
20,980000	0,113532
20,990000	0,111620
21,000000	0,115444
21,010000	0,110345
21,020000	0,114170
21,030000	0,109708
21,040000	0,114170
21,050000	0,109708
21,060000	0,109708
21,070000	0,109708
21,080000	0,112895
21,090000	0,110983
21,100000	0,114807
21,110000	0,109071
21,120000	0,112258
21,130000	0,108433
21,140000	0,112258
21,150000	0,110983
21,160000	0,112258
21,170000	0,111620
21,180000	0,112258
21,190000	0,112258
21,200000	0,114807
21,210000	0,112258
21,220000	0,109708
21,230000	0,111620
21,240000	0,109071
21,250000	0,114170
21,260000	0,110983
21,270000	0,112895
21,280000	0,112258
21,290000	0,111620
21,300000	0,112258
21,310000	0,112258
21,320000	0,112258
21,330000	0,112895
21,340000	0,109071
21,350000	0,113532
21,360000	0,110345
21,370000	0,112895
21,380000	0,114170
21,390000	0,114807
21,400000	0,112895
21,410000	0,116719
21,420000	0,112895
21,430000	0,112258
21,440000	0,112895
21,450000	0,112258
21,460000	0,113532
21,470000	0,112895
21,480000	0,110983
21,490000	0,111620
21,500000	0,112258
21,510000	0,112895
21,520000	0,112258
21,530000	0,110983
21,540000	0,112258
21,550000	0,113532
21,560000	0,114170
21,570000	0,112258
21,580000	0,113532
21,590000	0,112895
21,600000	0,112258
21,610000	0,113532
21,620000	0,112895
21,630000	0,114170
21,640000	0,114170
21,650000	0,112258
21,660000	0,114170
21,670000	0,111620
21,680000	0,111620
21,690000	0,111620
21,700000	0,114170
21,710000	0,110983
21,720000	0,110983
21,730000	0,112258
21,740000	0,110345
21,750000	0,111620
21,760000	0,112895
21,770000	0,112258
21,780000	0,112258
21,790000	0,112258
21,800000	0,114170
21,810000	0,114807
21,820000	0,114807
21,830000	0,112895
21,840000	0,113532
21,850000	0,110983
21,860000	0,112895
21,870000	0,112258
21,880000	0,113532
21,890000	0,112895
21,900000	0,112895
21,910000	0,113532
21,920000	0,112895
21,930000	0,111620
21,940000	0,113532
21,950000	0,108433
21,960000	0,111620
21,970000	0,112258
21,980000	0,112258
21,990000	0,112258
22,000000	0,112895
22,010000	0,111620
22,020000	0,112258
22,030000	0,109708
22,040000	0,112258
22,050000	0,110345
22,060000	0,110983
22,070000	0,110983
22,080000	0,112895
22,090000	0,113532
22,100000	0,114170
22,110000	0,112258
22,120000	0,111620
22,130000	0,109708
22,140000	0,109708
22,150000	0,114170
22,160000	0,112895
22,170000	0,112258
22,180000	0,110345
22,190000	0,112895
22,200000	0,109708
22,210000	0,112258
22,220000	0,110983
22,230000	0,109708
22,240000	0,111620
22,250000	0,112258
22,260000	0,112895
22,270000	0,113532
22,280000	0,114170
22,290000	0,109071
22,300000	0,112258
22,310000	0,110983
22,320000	0,111620
22,330000	0,112258
22,340000	0,110983
22,350000	0,107796
22,360000	0,111620
22,370000	0,109708
22,380000	0,112258
22,390000	0,109708
22,400000	0,109708
22,410000	0,109071
22,420000	0,109708
22,430000	0,109071
22,440000	0,107796
22,450000	0,108433
22,460000	0,108433
22,470000	0,108433
22,480000	0,110983
22,490000	0,110983
22,500000	0,109708
22,510000	0,109708
22,520000	0,110983
22,530000	0,109708
22,540000	0,108433
22,550000	0,109708
22,560000	0,109071
22,570000	0,105884
22,580000	0,109071
22,590000	0,109071
22,600000	0,106521
22,610000	0,108433
22,620000	0,110983
22,630000	0,108433
22,640000	0,107159
22,650000	0,106521
22,660000	0,107159
22,670000	0,107796
22,680000	0,109071
22,690000	0,105246
22,700000	0,104609
22,710000	0,105884
22,720000	0,109708
22,730000	0,107796
22,740000	0,109071
22,750000	0,107159
22,760000	0,109708
22,770000	0,105246
22,780000	0,107159
22,790000	0,107159
22,800000	0,107159
22,810000	0,106521
22,820000	0,106521
22,830000	0,107159
22,840000	0,109071
22,850000	0,105884
22,860000	0,106521
22,870000	0,106521
22,880000	0,109071
22,890000	0,103972
22,900000	0,107796
22,910000	0,105884
22,920000	0,109071
22,930000	0,104609
22,940000	0,106521
22,950000	0,105246
22,960000	0,106521
22,970000	0,105884
22,980000	0,107159
22,990000	0,103972
23,000000	0,109708
23,010000	0,105884
23,020000	0,110345
23,030000	0,105246
23,040000	0,107159
23,050000	0,102697
23,060000	0,109071
23,070000	0,106521
23,080000	0,107159
23,090000	0,106521
23,100000	0,107796
23,110000	0,105246
23,120000	0,107159
23,130000	0,106521
23,140000	0,107159
23,150000	0,108433
23,160000	0,107796
23,170000	0,105884
23,180000	0,106521
23,190000	0,105246
23,200000	0,105246
23,210000	0,107159
23,220000	0,106521
23,230000	0,107159
23,240000	0,107159
23,250000	0,105884
23,260000	0,105884
23,270000	0,107159
23,280000	0,106521
23,290000	0,104609
23,300000	0,105884
23,310000	0,105884
23,320000	0,105884
23,330000	0,106521
23,340000	0,107159
23,350000	0,107159
23,360000	0,107159
23,370000	0,105884
23,380000	0,108433
23,390000	0,107159
23,400000	0,104609
23,410000	0,104609
23,420000	0,107796
23,430000	0,107159
23,440000	0,108433
23,450000	0,104609
23,460000	0,105884
23,470000	0,105246
23,480000	0,106521
23,490000	0,107159
23,500000	0,105884
23,510000	0,106521
23,520000	0,109071
23,530000	0,106521
23,540000	0,109708
23,550000	0,108433
23,560000	0,107796
23,570000	0,105884
23,580000	0,107159
23,590000	0,105884
23,600000	0,108433
23,610000	0,107159
23,620000	0,109071
23,630000	0,107796
23,640000	0,108433
23,650000	0,105246
23,660000	0,105884
23,670000	0,108433
23,680000	0,107796
23,690000	0,109071
23,700000	0,107796
23,710000	0,105884
23,720000	0,105884
23,730000	0,107796
23,740000	0,109071
23,750000	0,108433
23,760000	0,108433
23,770000	0,106521
23,780000	0,109071
23,790000	0,105884
23,800000	0,107159
23,810000	0,107796
23,820000	0,107159
23,830000	0,106521
23,840000	0,107159
23,850000	0,107796
23,860000	0,106521
23,870000	0,107159
23,880000	0,109708
23,890000	0,107796
23,900000	0,107796
23,910000	0,106521
23,920000	0,109708
23,930000	0,107796
23,940000	0,109708
23,950000	0,107159
23,960000	0,109071
23,970000	0,106521
23,980000	0,107159
23,990000	0,107796
24,000000	0,110983
24,010000	0,107159
24,020000	0,109071
24,030000	0,107159
24,040000	0,106521
24,050000	0,108433
24,060000	0,109708
24,070000	0,107796
24,080000	0,106521
24,090000	0,108433
24,100000	0,109071
24,110000	0,107796
24,120000	0,109708
24,130000	0,110345
24,140000	0,109708
24,150000	0,110983
24,160000	0,106521
24,170000	0,110983
24,180000	0,110345
24,190000	0,107796
24,200000	0,109708
24,210000	0,109708
24,220000	0,106521
24,230000	0,110345
24,240000	0,109071
24,250000	0,109071
24,260000	0,107159
24,270000	0,109708
24,280000	0,107796
24,290000	0,109708
24,300000	0,105884
24,310000	0,107796
24,320000	0,105884
24,330000	0,106521
24,340000	0,107796
24,350000	0,109071
24,360000	0,108433
24,370000	0,111620
24,380000	0,112258
24,390000	0,109708
24,400000	0,107796
24,410000	0,110983
24,420000	0,111620
24,430000	0,107159
24,440000	0,108433
24,450000	0,112258
24,460000	0,111620
24,470000	0,110983
24,480000	0,112258
24,490000	0,109708
24,500000	0,114170
24,510000	0,112258
24,520000	0,112258
24,530000	0,110983
24,540000	0,112258
24,550000	0,108433
24,560000	0,113532
24,570000	0,111620
24,580000	0,112258
24,590000	0,110983
24,600000	0,112258
24,610000	0,112258
24,620000	0,113532
24,630000	0,111620
24,640000	0,112258
24,650000	0,111620
24,660000	0,111620
24,670000	0,109071
24,680000	0,114807
24,690000	0,111620
24,700000	0,112895
24,710000	0,112258
24,720000	0,112895
24,730000	0,112895
24,740000	0,117356
24,750000	0,114807
24,760000	0,113532
24,770000	0,113532
24,780000	0,113532
24,790000	0,112258
24,800000	0,114170
24,810000	0,112258
24,820000	0,112895
24,830000	0,113532
24,840000	0,117356
24,850000	0,114807
24,860000	0,114170
24,870000	0,114807
24,880000	0,114170
24,890000	0,115444
24,900000	0,117356
24,910000	0,117356
24,920000	0,116719
24,930000	0,117356
24,940000	0,117356
24,950000	0,116719
24,960000	0,117356
24,970000	0,116082
24,980000	0,119906
24,990000	0,115444
25,000000	0,117356
25,010000	0,117356
25,020000	0,118631
25,030000	0,116082
25,040000	0,121818
25,050000	0,114807
25,060000	0,117994
25,070000	0,119269
25,080000	0,120543
25,090000	0,115444
25,100000	0,118631
25,110000	0,117356
25,120000	0,121818
25,130000	0,117356
25,140000	0,119906
25,150000	0,117994
25,160000	0,124367
25,170000	0,119906
25,180000	0,121818
25,190000	0,119906
25,200000	0,121818
25,210000	0,121181
25,220000	0,122455
25,230000	0,119906
25,240000	0,123093
25,250000	0,121181
25,260000	0,121181
25,270000	0,123730
25,280000	0,123730
25,290000	0,122455
25,300000	0,123093
25,310000	0,122455
25,320000	0,123730
25,330000	0,123093
25,340000	0,123730
25,350000	0,123730
25,360000	0,126917
25,370000	0,126280
25,380000	0,126280
25,390000	0,126280
25,400000	0,126280
25,410000	0,125005
25,420000	0,129466
25,430000	0,127554
25,440000	0,126280
25,450000	0,130104
25,460000	0,130741
25,470000	0,128192
25,480000	0,128829
25,490000	0,128192
25,500000	0,131379
25,510000	0,132653
25,520000	0,133291
25,530000	0,131379
25,540000	0,130104
25,550000	0,133928
25,560000	0,130741
25,570000	0,136477
25,580000	0,129466
25,590000	0,132016
25,600000	0,133928
25,610000	0,135840
25,620000	0,133291
25,630000	0,134565
25,640000	0,137752
25,650000	0,132653
25,660000	0,137115
25,670000	0,130104
25,680000	0,140302
25,690000	0,132016
25,700000	0,137115
25,710000	0,135840
25,720000	0,137752
25,730000	0,135840
25,740000	0,137752
25,750000	0,136477
25,760000	0,137752
25,770000	0,139027
25,780000	0,139664
25,790000	0,137115
25,800000	0,142214
25,810000	0,135840
25,820000	0,140302
25,830000	0,136477
25,840000	0,140302
25,850000	0,139027
25,860000	0,145401
25,870000	0,140939
25,880000	0,143488
25,890000	0,142851
25,900000	0,147313
25,910000	0,142214
25,920000	0,147950
25,930000	0,143488
25,940000	0,147313
25,950000	0,141576
25,960000	0,149862
25,970000	0,144763
25,980000	0,149225
25,990000	0,145401
26,000000	0,146038
26,010000	0,148587
26,020000	0,151774
26,030000	0,147950
26,040000	0,155598
26,050000	0,151774
26,060000	0,153049
26,070000	0,147950
26,080000	0,154961
26,090000	0,147313
26,100000	0,154961
26,110000	0,150499
26,120000	0,156236
26,130000	0,155598
26,140000	0,158148
26,150000	0,149862
26,160000	0,154961
26,170000	0,154324
26,180000	0,158148
26,190000	0,161335
26,200000	0,157511
26,210000	0,160060
26,220000	0,161972
26,230000	0,158148
26,240000	0,158785
26,250000	0,159423
26,260000	0,160060
26,270000	0,161972
26,280000	0,160697
26,290000	0,162609
26,300000	0,160697
26,310000	0,163247
26,320000	0,161972
26,330000	0,162609
26,340000	0,168346
26,350000	0,165159
26,360000	0,163247
26,370000	0,167708
26,380000	0,167071
26,390000	0,167708
26,400000	0,169620
26,410000	0,169620
26,420000	0,169620
26,430000	0,174082
26,440000	0,171533
26,450000	0,170895
26,460000	0,173445
26,470000	0,175994
26,480000	0,174082
26,490000	0,174719
26,500000	0,174719
26,510000	0,177269
26,520000	0,175994
26,530000	0,177906
26,540000	0,182368
26,550000	0,179818
26,560000	0,183005
26,570000	0,181730
26,580000	0,181730
26,590000	0,178544
26,600000	0,183005
26,610000	0,184280
26,620000	0,188741
26,630000	0,183643
26,640000	0,188741
26,650000	0,187467
26,660000	0,191291
26,670000	0,188104
26,680000	0,187467
26,690000	0,188741
26,700000	0,188104
26,710000	0,190654
26,720000	0,194478
26,730000	0,190016
26,740000	0,188741
26,750000	0,188741
26,760000	0,190654
26,770000	0,192566
26,780000	0,193840
26,790000	0,192566
26,800000	0,193203
26,810000	0,197027
26,820000	0,197665
26,830000	0,192566
26,840000	0,191291
26,850000	0,200214
26,860000	0,197027
26,870000	0,198939
26,880000	0,197027
26,890000	0,198939
26,900000	0,204038
26,910000	0,200214
26,920000	0,204676
26,930000	0,203401
26,940000	0,200214
26,950000	0,203401
26,960000	0,198939
26,970000	0,198939
26,980000	0,205950
26,990000	0,205313
27,000000	0,208500
27,010000	0,200851
27,020000	0,211049
27,030000	0,209137
27,040000	0,214236
27,050000	0,205950
27,060000	0,211049
27,070000	0,206588
27,080000	0,209775
27,090000	0,206588
27,100000	0,212961
27,110000	0,205950
27,120000	0,211049
27,130000	0,209775
27,140000	0,211687
27,150000	0,211687
27,160000	0,214873
27,170000	0,209137
27,180000	0,215511
27,190000	0,212324
27,200000	0,215511
27,210000	0,213599
27,220000	0,209775
27,230000	0,214873
27,240000	0,216786
27,250000	0,213599
27,260000	0,215511
27,270000	0,218698
27,280000	0,213599
27,290000	0,216148
27,300000	0,213599
27,310000	0,218060
27,320000	0,218698
27,330000	0,218698
27,340000	0,215511
27,350000	0,218698
27,360000	0,215511
27,370000	0,215511
27,380000	0,216786
27,390000	0,214236
27,400000	0,212961
27,410000	0,215511
27,420000	0,214236
27,430000	0,214873
27,440000	0,210412
27,450000	0,214236
27,460000	0,208500
27,470000	0,213599
27,480000	0,211687
27,490000	0,213599
27,500000	0,215511
27,510000	0,212324
27,520000	0,216148
27,530000	0,211687
27,540000	0,213599
27,550000	0,212324
27,560000	0,209137
27,570000	0,212961
27,580000	0,210412
27,590000	0,208500
27,600000	0,207862
27,610000	0,210412
27,620000	0,205313
27,630000	0,212961
27,640000	0,204038
27,650000	0,208500
27,660000	0,208500
27,670000	0,209775
27,680000	0,202763
27,690000	0,207225
27,700000	0,204038
27,710000	0,205950
27,720000	0,205950
27,730000	0,205313
27,740000	0,205313
27,750000	0,206588
27,760000	0,201489
27,770000	0,198939
27,780000	0,202763
27,790000	0,197665
27,800000	0,198302
27,810000	0,198939
27,820000	0,200214
27,830000	0,200214
27,840000	0,201489
27,850000	0,193840
27,860000	0,198939
27,870000	0,195752
27,880000	0,195752
27,890000	0,195752
27,900000	0,197665
27,910000	0,191291
27,920000	0,190016
27,930000	0,192566
27,940000	0,196390
27,950000	0,184917
27,960000	0,193840
27,970000	0,184917
27,980000	0,190654
27,990000	0,183005
28,000000	0,184917
28,010000	0,180456
28,020000	0,187467
28,030000	0,181730
28,040000	0,184917
28,050000	0,181093
28,060000	0,184917
28,070000	0,182368
28,080000	0,183005
28,090000	0,179818
28,100000	0,178544
28,110000	0,175994
28,120000	0,179818
28,130000	0,179181
28,140000	0,176631
28,150000	0,183643
28,160000	0,181093
28,170000	0,177269
28,180000	0,181093
28,190000	0,177906
28,200000	0,177269
28,210000	0,172807
28,220000	0,175994
28,230000	0,177906
28,240000	0,173445
28,250000	0,177906
28,260000	0,175994
28,270000	0,175994
28,280000	0,170895
28,290000	0,174082
28,300000	0,173445
28,310000	0,172170
28,320000	0,167708
28,330000	0,169620
28,340000	0,165796
28,350000	0,165159
28,360000	0,168983
28,370000	0,165159
28,380000	0,163247
28,390000	0,165796
28,400000	0,165159
28,410000	0,160697
28,420000	0,166434
28,430000	0,162609
28,440000	0,163247
28,450000	0,164522
28,460000	0,158785
28,470000	0,161972
28,480000	0,158785
28,490000	0,157511
28,500000	0,155598
28,510000	0,156873
28,520000	0,161335
28,530000	0,155598
28,540000	0,160060
28,550000	0,156236
28,560000	0,156236
28,570000	0,153049
28,580000	0,156873
28,590000	0,150499
28,600000	0,154961
28,610000	0,149862
28,620000	0,150499
28,630000	0,148587
28,640000	0,153049
28,650000	0,151774
28,660000	0,153049
28,670000	0,153049
28,680000	0,149862
28,690000	0,149862
28,700000	0,150499
28,710000	0,147950
28,720000	0,146038
28,730000	0,148587
28,740000	0,147950
28,750000	0,149225
28,760000	0,149862
28,770000	0,149225
28,780000	0,147950
28,790000	0,145401
28,800000	0,146038
28,810000	0,145401
28,820000	0,147950
28,830000	0,149862
28,840000	0,142851
28,850000	0,140302
28,860000	0,141576
28,870000	0,144126
28,880000	0,140302
28,890000	0,147313
28,900000	0,139664
28,910000	0,147950
28,920000	0,142851
28,930000	0,144763
28,940000	0,137752
28,950000	0,142851
28,960000	0,140302
28,970000	0,144763
28,980000	0,137115
28,990000	0,143488
29,000000	0,139027
29,010000	0,140939
29,020000	0,139027
29,030000	0,133291
29,040000	0,140302
29,050000	0,133291
29,060000	0,134565
29,070000	0,133928
29,080000	0,137752
29,090000	0,140302
29,100000	0,135203
29,110000	0,135203
29,120000	0,134565
29,130000	0,137115
29,140000	0,137115
29,150000	0,133291
29,160000	0,137752
29,170000	0,128192
29,180000	0,135203
29,190000	0,129466
29,200000	0,134565
29,210000	0,126917
29,220000	0,133291
29,230000	0,134565
29,240000	0,130741
29,250000	0,128829
29,260000	0,131379
29,270000	0,131379
29,280000	0,132653
29,290000	0,134565
29,300000	0,129466
29,310000	0,132016
29,320000	0,132653
29,330000	0,131379
29,340000	0,130104
29,350000	0,127554
29,360000	0,126280
29,370000	0,128192
29,380000	0,126917
29,390000	0,128192
29,400000	0,130104
29,410000	0,128829
29,420000	0,127554
29,430000	0,128192
29,440000	0,130741
29,450000	0,121181
29,460000	0,128192
29,470000	0,126917
29,480000	0,126280
29,490000	0,125642
29,500000	0,125642
29,510000	0,128829
29,520000	0,123730
29,530000	0,124367
29,540000	0,125005
29,550000	0,121818
29,560000	0,125005
29,570000	0,125005
29,580000	0,124367
29,590000	0,124367
29,600000	0,123730
29,610000	0,122455
29,620000	0,124367
29,630000	0,123730
29,640000	0,126280
29,650000	0,122455
29,660000	0,128192
29,670000	0,120543
29,680000	0,126280
29,690000	0,121818
29,700000	0,123093
29,710000	0,121181
29,720000	0,121818
29,730000	0,124367
29,740000	0,126280
29,750000	0,119269
29,760000	0,122455
29,770000	0,123093
29,780000	0,121181
29,790000	0,122455
29,800000	0,124367
29,810000	0,119269
29,820000	0,125005
29,830000	0,121818
29,840000	0,119906
29,850000	0,121181
29,860000	0,121181
29,870000	0,123730
29,880000	0,123093
29,890000	0,118631
29,900000	0,121181
29,910000	0,120543
29,920000	0,119269
29,930000	0,118631
29,940000	0,123093
29,950000	0,116719
29,960000	0,116082
29,970000	0,119906
29,980000	0,120543
29,990000	0,120543
30,000000	0,119269
30,010000	0,121181
30,020000	0,121181
30,030000	0,116719
30,040000	0,117356
30,050000	0,116719
30,060000	0,117994
30,070000	0,113532
30,080000	0,119269
30,090000	0,118631
30,100000	0,118631
30,110000	0,117356
30,120000	0,122455
30,130000	0,115444
30,140000	0,122455
30,150000	0,115444
30,160000	0,117994
30,170000	0,117356
30,180000	0,121181
30,190000	0,112258
30,200000	0,120543
30,210000	0,112895
30,220000	0,121818
30,230000	0,114170
30,240000	0,119906
30,250000	0,117994
30,260000	0,117356
30,270000	0,116719
30,280000	0,117994
30,290000	0,117994
30,300000	0,116082
30,310000	0,118631
30,320000	0,115444
30,330000	0,121181
30,340000	0,112258
30,350000	0,121818
30,360000	0,112258
30,370000	0,117994
30,380000	0,114807
30,390000	0,118631
30,400000	0,110983
30,410000	0,114170
30,420000	0,112258
30,430000	0,114170
30,440000	0,113532
30,450000	0,114170
30,460000	0,114170
30,470000	0,112258
30,480000	0,112895
30,490000	0,111620
30,500000	0,115444
30,510000	0,110983
30,520000	0,113532
30,530000	0,115444
30,540000	0,114807
30,550000	0,114170
30,560000	0,119906
30,570000	0,112895
30,580000	0,116719
30,590000	0,114170
30,600000	0,111620
30,610000	0,112258
30,620000	0,114807
30,630000	0,114807
30,640000	0,115444
30,650000	0,110345
30,660000	0,114170
30,670000	0,108433
30,680000	0,115444
30,690000	0,106521
30,700000	0,114807
30,710000	0,112258
30,720000	0,114807
30,730000	0,111620
30,740000	0,112895
30,750000	0,110983
30,760000	0,112895
30,770000	0,108433
30,780000	0,113532
30,790000	0,112258
30,800000	0,111620
30,810000	0,110345
30,820000	0,107796
30,830000	0,114170
30,840000	0,109708
30,850000	0,112258
30,860000	0,114807
30,870000	0,109071
30,880000	0,110345
30,890000	0,107796
30,900000	0,110983
30,910000	0,107159
30,920000	0,114170
30,930000	0,108433
30,940000	0,111620
30,950000	0,115444
30,960000	0,108433
30,970000	0,110983
30,980000	0,111620
30,990000	0,109071
31,000000	0,113532
31,010000	0,109708
31,020000	0,108433
31,030000	0,108433
31,040000	0,111620
31,050000	0,104609
31,060000	0,107796
31,070000	0,109071
31,080000	0,111620
31,090000	0,109071
31,100000	0,107796
31,110000	0,106521
31,120000	0,109708
31,130000	0,109071
31,140000	0,112895
31,150000	0,105884
31,160000	0,108433
31,170000	0,109071
31,180000	0,110983
31,190000	0,111620
31,200000	0,109071
31,210000	0,110345
31,220000	0,114170
31,230000	0,107796
31,240000	0,105884
31,250000	0,109071
31,260000	0,107159
31,270000	0,106521
31,280000	0,109071
31,290000	0,111620
31,300000	0,109708
31,310000	0,108433
31,320000	0,107796
31,330000	0,109708
31,340000	0,107796
31,350000	0,109071
31,360000	0,107159
31,370000	0,111620
31,380000	0,105884
31,390000	0,112258
31,400000	0,110983
31,410000	0,109708
31,420000	0,106521
31,430000	0,110345
31,440000	0,109071
31,450000	0,107159
31,460000	0,107159
31,470000	0,106521
31,480000	0,105884
31,490000	0,108433
31,500000	0,110983
31,510000	0,111620
31,520000	0,107796
31,530000	0,109071
31,540000	0,105246
31,550000	0,111620
31,560000	0,105884
31,570000	0,105884
31,580000	0,109708
31,590000	0,110345
31,600000	0,106521
31,610000	0,107796
31,620000	0,107796
31,630000	0,107159
31,640000	0,108433
31,650000	0,106521
31,660000	0,112258
31,670000	0,108433
31,680000	0,108433
31,690000	0,111620
31,700000	0,108433
31,710000	0,109708
31,720000	0,110345
31,730000	0,103334
31,740000	0,105884
31,750000	0,107159
31,760000	0,109708
31,770000	0,109708
31,780000	0,111620
31,790000	0,107159
31,800000	0,107159
31,810000	0,108433
31,820000	0,108433
31,830000	0,108433
31,840000	0,111620
31,850000	0,109071
31,860000	0,110345
31,870000	0,105884
31,880000	0,112258
31,890000	0,110345
31,900000	0,104609
31,910000	0,109071
31,920000	0,106521
31,930000	0,107159
31,940000	0,103334
31,950000	0,107159
31,960000	0,105884
31,970000	0,107159
31,980000	0,109071
31,990000	0,110983
32,000000	0,105246
32,010000	0,107159
32,020000	0,105246
32,030000	0,111620
32,040000	0,107159
32,050000	0,112258
32,060000	0,109708
32,070000	0,109708
32,080000	0,105246
32,090000	0,112258
32,100000	0,107796
32,110000	0,109708
32,120000	0,110983
32,130000	0,109071
32,140000	0,109071
32,150000	0,108433
32,160000	0,106521
32,170000	0,106521
32,180000	0,108433
32,190000	0,107796
32,200000	0,105884
32,210000	0,112258
32,220000	0,110983
32,230000	0,109708
32,240000	0,108433
32,250000	0,107159
32,260000	0,107159
32,270000	0,109708
32,280000	0,105884
32,290000	0,107796
32,300000	0,105884
32,310000	0,108433
32,320000	0,103334
32,330000	0,110983
32,340000	0,104609
32,350000	0,111620
32,360000	0,101422
32,370000	0,110345
32,380000	0,103972
32,390000	0,107796
32,400000	0,106521
32,410000	0,110983
32,420000	0,109071
32,430000	0,107796
32,440000	0,107159
32,450000	0,107159
32,460000	0,107159
32,470000	0,109071
32,480000	0,107159
32,490000	0,103972
32,500000	0,106521
32,510000	0,109071
32,520000	0,108433
32,530000	0,108433
32,540000	0,110983
32,550000	0,108433
32,560000	0,108433
32,570000	0,104609
32,580000	0,109708
32,590000	0,103972
32,600000	0,113532
32,610000	0,110345
32,620000	0,106521
32,630000	0,109071
32,640000	0,109071
32,650000	0,107159
32,660000	0,104609
32,670000	0,104609
32,680000	0,109708
32,690000	0,104609
32,700000	0,109071
32,710000	0,107159
32,720000	0,106521
32,730000	0,105884
32,740000	0,106521
32,750000	0,103334
32,760000	0,109708
32,770000	0,107159
32,780000	0,105246
32,790000	0,105884
32,800000	0,103972
32,810000	0,105884
32,820000	0,101422
32,830000	0,104609
32,840000	0,105246
32,850000	0,104609
32,860000	0,103334
32,870000	0,102060
32,880000	0,107159
32,890000	0,103972
32,900000	0,101422
32,910000	0,108433
32,920000	0,102697
32,930000	0,103972
32,940000	0,105246
32,950000	0,103334
32,960000	0,101422
32,970000	0,104609
32,980000	0,104609
32,990000	0,102697
33,000000	0,107159
33,010000	0,099510
33,020000	0,103972
33,030000	0,105884
33,040000	0,103334
33,050000	0,101422
33,060000	0,104609
33,070000	0,102697
33,080000	0,104609
33,090000	0,099510
33,100000	0,104609
33,110000	0,103334
33,120000	0,102060
33,130000	0,100148
33,140000	0,099510
33,150000	0,103972
33,160000	0,104609
33,170000	0,098873
33,180000	0,105246
33,190000	0,100785
33,200000	0,103972
33,210000	0,102060
33,220000	0,104609
33,230000	0,101422
33,240000	0,102060
33,250000	0,103334
33,260000	0,105884
33,270000	0,103972
33,280000	0,101422
33,290000	0,102060
33,300000	0,107159
33,310000	0,109708
33,320000	0,109071
33,330000	0,103972
33,340000	0,104609
33,350000	0,106521
33,360000	0,104609
33,370000	0,103334
33,380000	0,106521
33,390000	0,106521
33,400000	0,103334
33,410000	0,103334
33,420000	0,101422
33,430000	0,102697
33,440000	0,103334
33,450000	0,109071
33,460000	0,098235
33,470000	0,106521
33,480000	0,105246
33,490000	0,103334
33,500000	0,104609
33,510000	0,102060
33,520000	0,107796
33,530000	0,100785
33,540000	0,105884
33,550000	0,098873
33,560000	0,098873
33,570000	0,096961
33,580000	0,099510
33,590000	0,100785
33,600000	0,104609
33,610000	0,102060
33,620000	0,102060
33,630000	0,102697
33,640000	0,102060
33,650000	0,102697
33,660000	0,103334
33,670000	0,102060
33,680000	0,105246
33,690000	0,103334
33,700000	0,105884
33,710000	0,103334
33,720000	0,103972
33,730000	0,099510
33,740000	0,105884
33,750000	0,105246
33,760000	0,103972
33,770000	0,102697
33,780000	0,106521
33,790000	0,102697
33,800000	0,105884
33,810000	0,107796
33,820000	0,103334
33,830000	0,100785
33,840000	0,105884
33,850000	0,100148
33,860000	0,105246
33,870000	0,100785
33,880000	0,107159
33,890000	0,100785
33,900000	0,106521
33,910000	0,102697
33,920000	0,103972
33,930000	0,104609
33,940000	0,104609
33,950000	0,102060
33,960000	0,102697
33,970000	0,102697
33,980000	0,105884
33,990000	0,105884
34,000000	0,102060
34,010000	0,105884
34,020000	0,109071
34,030000	0,105884
34,040000	0,106521
34,050000	0,103972
34,060000	0,103972
34,070000	0,104609
34,080000	0,104609
34,090000	0,103972
34,100000	0,105884
34,110000	0,104609
34,120000	0,102060
34,130000	0,110983
34,140000	0,105246
34,150000	0,109071
34,160000	0,107159
34,170000	0,112258
34,180000	0,109708
34,190000	0,108433
34,200000	0,107796
34,210000	0,104609
34,220000	0,107796
34,230000	0,110345
34,240000	0,105884
34,250000	0,107159
34,260000	0,107159
34,270000	0,112258
34,280000	0,109071
34,290000	0,107796
34,300000	0,108433
34,310000	0,109071
34,320000	0,109071
34,330000	0,108433
34,340000	0,103972
34,350000	0,107159
34,360000	0,108433
34,370000	0,109071
34,380000	0,110983
34,390000	0,107796
34,400000	0,107159
34,410000	0,107159
34,420000	0,112258
34,430000	0,114807
34,440000	0,112895
34,450000	0,117356
34,460000	0,105884
34,470000	0,113532
34,480000	0,109071
34,490000	0,109071
34,500000	0,112895
34,510000	0,110983
34,520000	0,114170
34,530000	0,109708
34,540000	0,109071
34,550000	0,104609
34,560000	0,114807
34,570000	0,114807
34,580000	0,112258
34,590000	0,108433
34,600000	0,102060
34,610000	0,112258
34,620000	0,102060
34,630000	0,110345
34,640000	0,103972
34,650000	0,107796
34,660000	0,109708
34,670000	0,105884
34,680000	0,109708
34,690000	0,117356
34,700000	0,110345
34,710000	0,122455
34,720000	0,111620
34,730000	0,121181
34,740000	0,110345
34,750000	0,119906
34,760000	0,113532
34,770000	0,114807
34,780000	0,100148
34,790000	0,111620
34,800000	0,091224
34,810000	0,110345
34,820000	0,100785
34,830000	0,105884
34,840000	0,093774
34,850000	0,106521
34,860000	0,096323
34,870000	0,111620
34,880000	0,112895
34,890000	0,130104
34,900000	0,112258
34,910000	0,125642
34,920000	0,114170
34,930000	0,122455
34,940000	0,121181
34,950000	0,119269
34,960000	0,119269
34,970000	0,117356
34,980000	0,117994
34,990000	0,113532
35,000000	0,115444
35,010000	0,108433
35,020000	0,111620
35,030000	0,106521
35,040000	0,117356
35,050000	0,110983
35,060000	0,117994
35,070000	0,118631
35,080000	0,117356
35,090000	0,115444
35,100000	0,117356
35,110000	0,117356
35,120000	0,119906
35,130000	0,116719
35,140000	0,122455
35,150000	0,121181
35,160000	0,117356
35,170000	0,117994
35,180000	0,115444
35,190000	0,116719
35,200000	0,119269
35,210000	0,123093
35,220000	0,125642
35,230000	0,126917
35,240000	0,121818
35,250000	0,121818
35,260000	0,129466
35,270000	0,126917
35,280000	0,124367
35,290000	0,121818
35,300000	0,125005
35,310000	0,126917
35,320000	0,121818
35,330000	0,126917
35,340000	0,119906
35,350000	0,124367
35,360000	0,121818
35,370000	0,123093
35,380000	0,122455
35,390000	0,125642
35,400000	0,130104
35,410000	0,122455
35,420000	0,128829
35,430000	0,126280
35,440000	0,125005
35,450000	0,121818
35,460000	0,125642
35,470000	0,120543
35,480000	0,132653
35,490000	0,130104
35,500000	0,122455
35,510000	0,125642
35,520000	0,121818
35,530000	0,130104
35,540000	0,121181
35,550000	0,133291
35,560000	0,122455
35,570000	0,124367
35,580000	0,125005
35,590000	0,123730
35,600000	0,127554
35,610000	0,130104
35,620000	0,126280
35,630000	0,132653
35,640000	0,121818
35,650000	0,128192
35,660000	0,120543
35,670000	0,124367
35,680000	0,132653
35,690000	0,130104
35,700000	0,139027
35,710000	0,132016
35,720000	0,142851
35,730000	0,133291
35,740000	0,140302
35,750000	0,137115
35,760000	0,133928
35,770000	0,133928
35,780000	0,134565
35,790000	0,132653
35,800000	0,132653
35,810000	0,130741
35,820000	0,137752
35,830000	0,126280
35,840000	0,135203
35,850000	0,144126
35,860000	0,137752
35,870000	0,146675
35,880000	0,136477
35,890000	0,142851
35,900000	0,142214
35,910000	0,140939
35,920000	0,141576
35,930000	0,144763
35,940000	0,137752
35,950000	0,142214
35,960000	0,125642
35,970000	0,144763
35,980000	0,147313
35,990000	0,144126
36,000000	0,147313
36,010000	0,146675
36,020000	0,146675
36,030000	0,163247
36,040000	0,153686
36,050000	0,154961
36,060000	0,151774
36,070000	0,128829
36,080000	0,153049
36,090000	0,130104
36,100000	0,148587
36,110000	0,126280
36,120000	0,147950
36,130000	0,144126
36,140000	0,144763
36,150000	0,153686
36,160000	0,181730
36,170000	0,163247
36,180000	0,204038
36,190000	0,173445
36,200000	0,200214
36,210000	0,170895
36,220000	0,198939
36,230000	0,164522
36,240000	0,168983
36,250000	0,139664
36,260000	0,162609
36,270000	0,131379
36,280000	0,156236
36,290000	0,146038
36,300000	0,158785
36,310000	0,154961
36,320000	0,159423
36,330000	0,161335
36,340000	0,163247
36,350000	0,163884
36,360000	0,161335
36,370000	0,172170
36,380000	0,167708
36,390000	0,170258
36,400000	0,173445
36,410000	0,170895
36,420000	0,168983
36,430000	0,170895
36,440000	0,167708
36,450000	0,171533
36,460000	0,168346
36,470000	0,178544
36,480000	0,163247
36,490000	0,177906
36,500000	0,168346
36,510000	0,180456
36,520000	0,178544
36,530000	0,179818
36,540000	0,179818
36,550000	0,178544
36,560000	0,175357
36,570000	0,181093
36,580000	0,174082
36,590000	0,180456
36,600000	0,177269
36,610000	0,173445
36,620000	0,177269
36,630000	0,177906
36,640000	0,181093
36,650000	0,183005
36,660000	0,178544
36,670000	0,183005
36,680000	0,181730
36,690000	0,186829
36,700000	0,185555
36,710000	0,193203
36,720000	0,194478
36,730000	0,191928
36,740000	0,187467
36,750000	0,189379
36,760000	0,188104
36,770000	0,190654
36,780000	0,184917
36,790000	0,186192
36,800000	0,195115
36,810000	0,204676
36,820000	0,190016
36,830000	0,203401
36,840000	0,188104
36,850000	0,192566
36,860000	0,198302
36,870000	0,189379
36,880000	0,197665
36,890000	0,193203
36,900000	0,204676
36,910000	0,196390
36,920000	0,188104
36,930000	0,188741
36,940000	0,226346
36,950000	0,201489
36,960000	0,228258
36,970000	0,204038
36,980000	0,221247
36,990000	0,222522
37,000000	0,235907
37,010000	0,212961
37,020000	0,218060
37,030000	0,199577
37,040000	0,214873
37,050000	0,191291
37,060000	0,214236
37,070000	0,192566
37,080000	0,200851
37,090000	0,192566
37,100000	0,195752
37,110000	0,205313
37,120000	0,211687
37,130000	0,202763
37,140000	0,228896
37,150000	0,218060
37,160000	0,222522
37,170000	0,219335
37,180000	0,223797
37,190000	0,224434
37,200000	0,223797
37,210000	0,219972
37,220000	0,219335
37,230000	0,209775
37,240000	0,217423
37,250000	0,206588
37,260000	0,216786
37,270000	0,211687
37,280000	0,212961
37,290000	0,218698
37,300000	0,225709
37,310000	0,219335
37,320000	0,233994
37,330000	0,219335
37,340000	0,204038
37,350000	0,211687
37,360000	0,202763
37,370000	0,214873
37,380000	0,204676
37,390000	0,193203
37,400000	0,191291
37,410000	0,185555
37,420000	0,207225
37,430000	0,207225
37,440000	0,221884
37,450000	0,248016
37,460000	0,209775
37,470000	0,242918
37,480000	0,214873
37,490000	0,218698
37,500000	0,198939
37,510000	0,207225
37,520000	0,180456
37,530000	0,185555
37,540000	0,135840
37,550000	0,194478
37,560000	0,132653
37,570000	0,209137
37,580000	0,150499
37,590000	0,214236
37,600000	0,188741
37,610000	0,231445
37,620000	0,209775
37,630000	0,228258
37,640000	0,193203
37,650000	0,232082
37,660000	0,196390
37,670000	0,216148
37,680000	0,200214
37,690000	0,221884
37,700000	0,194478
37,710000	0,211049
37,720000	0,200214
37,730000	0,204038
37,740000	0,198302
37,750000	0,199577
37,760000	0,195752
37,770000	0,196390
37,780000	0,199577
37,790000	0,198939
37,800000	0,202763
37,810000	0,193203
37,820000	0,198302
37,830000	0,197665
37,840000	0,198302
37,850000	0,198302
37,860000	0,200214
37,870000	0,197665
37,880000	0,202763
37,890000	0,191928
37,900000	0,196390
37,910000	0,183643
37,920000	0,189379
37,930000	0,187467
37,940000	0,185555
37,950000	0,188104
37,960000	0,198302
37,970000	0,186829
37,980000	0,189379
37,990000	0,192566
38,000000	0,195752
38,010000	0,187467
38,020000	0,191928
38,030000	0,196390
38,040000	0,188741
38,050000	0,188104
38,060000	0,190654
38,070000	0,175994
38,080000	0,183005
38,090000	0,172807
38,100000	0,177269
38,110000	0,184917
38,120000	0,182368
38,130000	0,182368
38,140000	0,182368
38,150000	0,192566
38,160000	0,183005
38,170000	0,186192
38,180000	0,161335
38,190000	0,178544
38,200000	0,161335
38,210000	0,177269
38,220000	0,167071
38,230000	0,164522
38,240000	0,160697
38,250000	0,167071
38,260000	0,170895
38,270000	0,176631
38,280000	0,168983
38,290000	0,192566
38,300000	0,175357
38,310000	0,191291
38,320000	0,188104
38,330000	0,173445
38,340000	0,172807
38,350000	0,163884
38,360000	0,119906
38,370000	0,160697
38,380000	0,154324
38,390000	0,147950
38,400000	0,127554
38,410000	0,149225
38,420000	0,138390
38,430000	0,157511
38,440000	0,155598
38,450000	0,185555
38,460000	0,161335
38,470000	0,184280
38,480000	0,172807
38,490000	0,176631
38,500000	0,160697
38,510000	0,168983
38,520000	0,147950
38,530000	0,147950
38,540000	0,147950
38,550000	0,140302
38,560000	0,149225
38,570000	0,132653
38,580000	0,156236
38,590000	0,153049
38,600000	0,156873
38,610000	0,167708
38,620000	0,152412
38,630000	0,153049
38,640000	0,149862
38,650000	0,154961
38,660000	0,144763
38,670000	0,142851
38,680000	0,143488
38,690000	0,145401
38,700000	0,132016
38,710000	0,151774
38,720000	0,151137
38,730000	0,153049
38,740000	0,161972
38,750000	0,158785
38,760000	0,165159
38,770000	0,149225
38,780000	0,146038
38,790000	0,151137
38,800000	0,137115
38,810000	0,116719
38,820000	0,147313
38,830000	0,112258
38,840000	0,149862
38,850000	0,117356
38,860000	0,156873
38,870000	0,147313
38,880000	0,159423
38,890000	0,151137
38,900000	0,188741
38,910000	0,145401
38,920000	0,190654
38,930000	0,141576
38,940000	0,174082
38,950000	0,145401
38,960000	0,139027
38,970000	0,142851
38,980000	0,149225
38,990000	0,148587
39,000000	0,153686
39,010000	0,117356
39,020000	0,149862
39,030000	0,130104
39,040000	0,147950
39,050000	0,130104
39,060000	0,146675
39,070000	0,125642
39,080000	0,125642
39,090000	0,126280
39,100000	0,137115
39,110000	0,125005
39,120000	0,136477
39,130000	0,125642
39,140000	0,134565
39,150000	0,127554
39,160000	0,140939
39,170000	0,133291
39,180000	0,136477
39,190000	0,132653
39,200000	0,131379
39,210000	0,129466
39,220000	0,135203
39,230000	0,127554
39,240000	0,121181
39,250000	0,127554
39,260000	0,129466
39,270000	0,127554
39,280000	0,130741
39,290000	0,133291
39,300000	0,126280
39,310000	0,132016
39,320000	0,133291
39,330000	0,123093
39,340000	0,127554
39,350000	0,116082
39,360000	0,128192
39,370000	0,117356
39,380000	0,125005
39,390000	0,123093
39,400000	0,114807
39,410000	0,123093
39,420000	0,130741
39,430000	0,125642
39,440000	0,125005
39,450000	0,127554
39,460000	0,123730
39,470000	0,130104
39,480000	0,121181
39,490000	0,112258
39,500000	0,119269
39,510000	0,109708
39,520000	0,121181
39,530000	0,111620
39,540000	0,116719
39,550000	0,115444
39,560000	0,106521
39,570000	0,125642
39,580000	0,116719
39,590000	0,125005
39,600000	0,141576
39,610000	0,126917
39,620000	0,117994
39,630000	0,124367
39,640000	0,135203
39,650000	0,126917
39,660000	0,113532
39,670000	0,098873
39,680000	0,116082
39,690000	0,163247
39,700000	0,116082
39,710000	0,133928
39,720000	0,119269
39,730000	0,116082
39,740000	0,126917
39,750000	0,142851
39,760000	0,165796
39,770000	0,130104
39,780000	0,153686
39,790000	0,123093
39,800000	0,117356
39,810000	0,117994
39,820000	0,096323
39,830000	0,129466
39,840000	0,117356
39,850000	0,113532
39,860000	0,122455
39,870000	0,113532
39,880000	0,139664
39,890000	0,119269
39,900000	0,146675
39,910000	0,113532
39,920000	0,142851
39,930000	0,110983
39,940000	0,113532
39,950000	0,121818
39,960000	0,119906
39,970000	0,104609
39,980000	0,119906
39,990000	0,119906
40,000000	0,123093
40,010000	0,118631
40,020000	0,128192
40,030000	0,116719
40,040000	0,117356
40,050000	0,114170
40,060000	0,126917
40,070000	0,112895
40,080000	0,118631
40,090000	0,116082
40,100000	0,086763
40,110000	0,112895
40,120000	0,083576
40,130000	0,117994
40,140000	0,122455
40,150000	0,123730
40,160000	0,121818
40,170000	0,126280
40,180000	0,118631
40,190000	0,130741
40,200000	0,119269
40,210000	0,126280
40,220000	0,105246
40,230000	0,121181
40,240000	0,105884
40,250000	0,103972
40,260000	0,096323
40,270000	0,114807
40,280000	0,077202
40,290000	0,126280
40,300000	0,103972
40,310000	0,123730
40,320000	0,130104
40,330000	0,112895
40,340000	0,112258
40,350000	0,092499
40,360000	0,089312
40,370000	0,116082
40,380000	0,093774
40,390000	0,118631
40,400000	0,103972
40,410000	0,114170
40,420000	0,102060
40,430000	0,116719
40,440000	0,120543
40,450000	0,116719
40,460000	0,116719
40,470000	0,123093
40,480000	0,114807
40,490000	0,119269
40,500000	0,112895
40,510000	0,117356
40,520000	0,112258
40,530000	0,113532
40,540000	0,109708
40,550000	0,112895
40,560000	0,112258
40,570000	0,114170
40,580000	0,114807
40,590000	0,112895
40,600000	0,116719
40,610000	0,111620
40,620000	0,119906
40,630000	0,109071
40,640000	0,105246
40,650000	0,107796
40,660000	0,109708
40,670000	0,109708
40,680000	0,110983
40,690000	0,111620
40,700000	0,112895
40,710000	0,103334
40,720000	0,112258
40,730000	0,125642
40,740000	0,110345
40,750000	0,128192
40,760000	0,109071
40,770000	0,118631
40,780000	0,117356
40,790000	0,119269
40,800000	0,109071
40,810000	0,115444
40,820000	0,107796
40,830000	0,114170
40,840000	0,110983
40,850000	0,114170
40,860000	0,124367
40,870000	0,116719
40,880000	0,110983
40,890000	0,112258
40,900000	0,118631
40,910000	0,125642
40,920000	0,109708
40,930000	0,089950
40,940000	0,112258
40,950000	0,102060
40,960000	0,109071
40,970000	0,109708
40,980000	0,098873
40,990000	0,108433
41,000000	0,122455
41,010000	0,110345
41,020000	0,138390
41,030000	0,108433
41,040000	0,133928
41,050000	0,110983
41,060000	0,117356
41,070000	0,125005
41,080000	0,110983
41,090000	0,123093
41,100000	0,107159
41,110000	0,063180
41,120000	0,102060
41,130000	0,114170
41,140000	0,100785
41,150000	0,076565
41,160000	0,114807
41,170000	0,107159
41,180000	0,088038
41,190000	0,109708
41,200000	0,116719
41,210000	0,106521
41,220000	0,123093
41,230000	0,118631
41,240000	0,112895
41,250000	0,099510
41,260000	0,098873
41,270000	0,114170
41,280000	0,098235
41,290000	0,107159
41,300000	0,076565
41,310000	0,102060
41,320000	0,093774
41,330000	0,117994
41,340000	0,105884
41,350000	0,089950
41,360000	0,101422
41,370000	0,098873
41,380000	0,103972
41,390000	0,096323
41,400000	0,107159
41,410000	0,107159
41,420000	0,099510
41,430000	0,111620
41,440000	0,105246
41,450000	0,110345
41,460000	0,138390
41,470000	0,103972
41,480000	0,109708
41,490000	0,099510
41,500000	0,117994
41,510000	0,096961
41,520000	0,102060
41,530000	0,079114
41,540000	0,116082
41,550000	0,088675
41,560000	0,119906
41,570000	0,121818
41,580000	0,117356
41,590000	0,137752
41,600000	0,112895
41,610000	0,149225
41,620000	0,095049
41,630000	0,097598
41,640000	0,133928
41,650000	0,093137
41,660000	0,102697
41,670000	0,096323
41,680000	0,068917
41,690000	0,112258
41,700000	0,086126
41,710000	0,135840
41,720000	0,102060
41,730000	0,095686
41,740000	0,122455
41,750000	0,101422
41,760000	0,112258
41,770000	0,102697
41,780000	0,112258
41,790000	0,104609
41,800000	0,093774
41,810000	0,107159
41,820000	0,094411
41,830000	0,103972
41,840000	0,100785
41,850000	0,105246
41,860000	0,103972
41,870000	0,103334
41,880000	0,109071
41,890000	0,099510
41,900000	0,103972
41,910000	0,105884
41,920000	0,108433
41,930000	0,105246
41,940000	0,107796
41,950000	0,107159
41,960000	0,104609
41,970000	0,112895
41,980000	0,102060
41,990000	0,105884
42,000000	0,109071
42,010000	0,105246
42,020000	0,106521
42,030000	0,110345
42,040000	0,110983
42,050000	0,104609
42,060000	0,112258
42,070000	0,105884
42,080000	0,110345
42,090000	0,100785
42,100000	0,096323
42,110000	0,105246
42,120000	0,102060
42,130000	0,098235
42,140000	0,103334
42,150000	0,097598
42,160000	0,103972
42,170000	0,105246
42,180000	0,107796
42,190000	0,107796
42,200000	0,102697
42,210000	0,100785
42,220000	0,109708
42,230000	0,102060
42,240000	0,094411
42,250000	0,104609
42,260000	0,089312
42,270000	0,103972
42,280000	0,091862
42,290000	0,112258
42,300000	0,093137
42,310000	0,107796
42,320000	0,103972
42,330000	0,119269
42,340000	0,102697
42,350000	0,110983
42,360000	0,105246
42,370000	0,084213
42,380000	0,104609
42,390000	0,109708
42,400000	0,104609
42,410000	0,107796
42,420000	0,084213
42,430000	0,102697
42,440000	0,152412
42,450000	0,109071
42,460000	0,122455
42,470000	0,112258
42,480000	0,112258
42,490000	0,115444
42,500000	0,119906
42,510000	0,116719
42,520000	0,111620
42,530000	0,109708
42,540000	0,117356
42,550000	0,082939
42,560000	0,111620
42,570000	0,095686
42,580000	0,109708
42,590000	0,113532
42,600000	0,102060
42,610000	0,113532
42,620000	0,109708
42,630000	0,112895
42,640000	0,093774
42,650000	0,110345
42,660000	0,101422
42,670000	0,110983
42,680000	0,107159
42,690000	0,100785
42,700000	0,109708
42,710000	0,122455
42,720000	0,115444
42,730000	0,127554
42,740000	0,107796
42,750000	0,125005
42,760000	0,103334
42,770000	0,102060
42,780000	0,098873
42,790000	0,102060
42,800000	0,110345
42,810000	0,103972
42,820000	0,076565
42,830000	0,102697
42,840000	0,137115
42,850000	0,108433
42,860000	0,130104
42,870000	0,096961
42,880000	0,109708
42,890000	0,091862
42,900000	0,088675
42,910000	0,105246
42,920000	0,088675
42,930000	0,071466
42,940000	0,090587
42,950000	0,039598
42,960000	0,103972
42,970000	0,066367
42,980000	0,109708
42,990000	0,073378
43,000000	0,106521
43,010000	0,112258
43,020000	0,110345
43,030000	0,100785
43,040000	0,126280
43,050000	0,093137
43,060000	0,117994
43,070000	0,086763
43,080000	0,114170
43,090000	0,091224
43,100000	0,108433
43,110000	0,107796
43,120000	0,104609
43,130000	0,103334
43,140000	0,117356
43,150000	0,103972
43,160000	0,112895
43,170000	0,104609
43,180000	0,112258
43,190000	0,103972
43,200000	0,105884
43,210000	0,100148
43,220000	0,098873
43,230000	0,105884
43,240000	0,099510
43,250000	0,105884
43,260000	0,105246
43,270000	0,105884
43,280000	0,102060
43,290000	0,104609
43,300000	0,103972
43,310000	0,102060
43,320000	0,101422
43,330000	0,100148
43,340000	0,101422
43,350000	0,103972
43,360000	0,099510
43,370000	0,105246
43,380000	0,100785
43,390000	0,097598
43,400000	0,103972
43,410000	0,097598
43,420000	0,100785
43,430000	0,096323
43,440000	0,106521
43,450000	0,102697
43,460000	0,105884
43,470000	0,106521
43,480000	0,105246
43,490000	0,102697
43,500000	0,109708
43,510000	0,102697
43,520000	0,116719
43,530000	0,104609
43,540000	0,108433
43,550000	0,099510
43,560000	0,102697
43,570000	0,095686
43,580000	0,102060
43,590000	0,103334
43,600000	0,104609
43,610000	0,114170
43,620000	0,107159
43,630000	0,112258
43,640000	0,104609
43,650000	0,105884
43,660000	0,107796
43,670000	0,101422
43,680000	0,095686
43,690000	0,105246
43,700000	0,088038
43,710000	0,098873
43,720000	0,105884
43,730000	0,093137
43,740000	0,103334
43,750000	0,121818
43,760000	0,106521
43,770000	0,130104
43,780000	0,103334
43,790000	0,129466
43,800000	0,099510
43,810000	0,109708
43,820000	0,112258
43,830000	0,096961
43,840000	0,101422
43,850000	0,095049
43,860000	0,056169
43,870000	0,104609
43,880000	0,112895
43,890000	0,105246
43,900000	0,078477
43,910000	0,100785
43,920000	0,092499
43,930000	0,097598
43,940000	0,101422
43,950000	0,111620
43,960000	0,100148
43,970000	0,112258
43,980000	0,096961
43,990000	0,114807
44,000000	0,112258
44,010000	0,103972
44,020000	0,109708
44,030000	0,095686
44,040000	0,105246
44,050000	0,070829
44,060000	0,102060
44,070000	0,096961
44,080000	0,102060
44,090000	0,084851
44,100000	0,107159
44,110000	0,119269
44,120000	0,107796
44,130000	0,135840
44,140000	0,106521
44,150000	0,105246
44,160000	0,103334
44,170000	0,102060
44,180000	0,116082
44,190000	0,099510
44,200000	0,068279
44,210000	0,098873
44,220000	0,071466
44,230000	0,113532
44,240000	0,081664
44,250000	0,115444
44,260000	0,102060
44,270000	0,116719
44,280000	0,112895
44,290000	0,134565
44,300000	0,104609
44,310000	0,140302
44,320000	0,109071
44,330000	0,089312
44,340000	0,114807
44,350000	0,114807
44,360000	0,122455
44,370000	0,121818
44,380000	0,093137
44,390000	0,121181
44,400000	0,089950
44,410000	0,107796
44,420000	0,102697
44,430000	0,121818
44,440000	0,110345
44,450000	0,103972
44,460000	0,109071
44,470000	0,096323
44,480000	0,098235
44,490000	0,109071
44,500000	0,101422
44,510000	0,109708
44,520000	0,102060
44,530000	0,109708
44,540000	0,109071
44,550000	0,106521
44,560000	0,109071
44,570000	0,109708
44,580000	0,106521
44,590000	0,110983
44,600000	0,107796
44,610000	0,111620
44,620000	0,107159
44,630000	0,112258
44,640000	0,105246
44,650000	0,109071
44,660000	0,112258
44,670000	0,109708
44,680000	0,109708
44,690000	0,110983
44,700000	0,107796
44,710000	0,113532
44,720000	0,116082
44,730000	0,112895
44,740000	0,107159
44,750000	0,114807
44,760000	0,104609
44,770000	0,112258
44,780000	0,107159
44,790000	0,106521
44,800000	0,110983
44,810000	0,104609
44,820000	0,112895
44,830000	0,107159
44,840000	0,108433
44,850000	0,101422
44,860000	0,101422
44,870000	0,112258
44,880000	0,094411
44,890000	0,109708
44,900000	0,119906
44,910000	0,118631
44,920000	0,113532
44,930000	0,115444
44,940000	0,121818
44,950000	0,111620
44,960000	0,113532
44,970000	0,117356
44,980000	0,110983
44,990000	0,107159
45,000000	0,107159
45,010000	0,114807
45,020000	0,109708
45,030000	0,104609
45,040000	0,116719
45,050000	0,110345
45,060000	0,138390
45,070000	0,112258
45,080000	0,143488
45,090000	0,114170
45,100000	0,101422
45,110000	0,115444
45,120000	0,091224
45,130000	0,115444
45,140000	0,104609
45,150000	0,117356
45,160000	0,114807
45,170000	0,111620
45,180000	0,117994
45,190000	0,160060
45,200000	0,124367
45,210000	0,157511
45,220000	0,131379
45,230000	0,133291
45,240000	0,144763
45,250000	0,144763
45,260000	0,117356
45,270000	0,134565
45,280000	0,107159
45,290000	0,133291
45,300000	0,089312
45,310000	0,123730
45,320000	0,110983
45,330000	0,115444
45,340000	0,125005
45,350000	0,110345
45,360000	0,123730
45,370000	0,128192
45,380000	0,134565
45,390000	0,132653
45,400000	0,131379
45,410000	0,121181
45,420000	0,117994
45,430000	0,115444
45,440000	0,126280
45,450000	0,126280
45,460000	0,126917
45,470000	0,097598
45,480000	0,120543
45,490000	0,087400
45,500000	0,119269
45,510000	0,118631
45,520000	0,126917
45,530000	0,142851
45,540000	0,126280
45,550000	0,123730
45,560000	0,158148
45,570000	0,130104
45,580000	0,135840
45,590000	0,110345
45,600000	0,126917
45,610000	0,116082
45,620000	0,100148
45,630000	0,142851
45,640000	0,132016
45,650000	0,133928
45,660000	0,113532
45,670000	0,102697
45,680000	0,119269
45,690000	0,178544
45,700000	0,121818
45,710000	0,165796
45,720000	0,117356
45,730000	0,148587
45,740000	0,108433
45,750000	0,135840
45,760000	0,145401
45,770000	0,142214
45,780000	0,144763
45,790000	0,137752
45,800000	0,133928
45,810000	0,142851
45,820000	0,135840
45,830000	0,141576
45,840000	0,140939
45,850000	0,147313
45,860000	0,139027
45,870000	0,135203
45,880000	0,139027
45,890000	0,140302
45,900000	0,139664
45,910000	0,140302
45,920000	0,143488
45,930000	0,137115
45,940000	0,140939
45,950000	0,145401
45,960000	0,137115
45,970000	0,143488
45,980000	0,138390
45,990000	0,144763
46,000000	0,142851
46,010000	0,140939
46,020000	0,144126
46,030000	0,146038
46,040000	0,142214
46,050000	0,147313
46,060000	0,146038
46,070000	0,149225
46,080000	0,144126
46,090000	0,147950
46,100000	0,152412
46,110000	0,147950
46,120000	0,140302
46,130000	0,153049
46,140000	0,156873
46,150000	0,148587
46,160000	0,168983
46,170000	0,157511
46,180000	0,151137
46,190000	0,158148
46,200000	0,158148
46,210000	0,170895
46,220000	0,160697
46,230000	0,151774
46,240000	0,158785
46,250000	0,163884
46,260000	0,154324
46,270000	0,165159
46,280000	0,162609
46,290000	0,161335
46,300000	0,170895
46,310000	0,162609
46,320000	0,167071
46,330000	0,165796
46,340000	0,184280
46,350000	0,171533
46,360000	0,151774
46,370000	0,172807
46,380000	0,174082
46,390000	0,177269
46,400000	0,168346
46,410000	0,153686
46,420000	0,167071
46,430000	0,185555
46,440000	0,163884
46,450000	0,162609
46,460000	0,170258
46,470000	0,172807
46,480000	0,198302
46,490000	0,174719
46,500000	0,126917
46,510000	0,172170
46,520000	0,132653
46,530000	0,177269
46,540000	0,127554
46,550000	0,167708
46,560000	0,142851
46,570000	0,146038
46,580000	0,127554
46,590000	0,146675
46,600000	0,172170
46,610000	0,174082
46,620000	0,172807
46,630000	0,202763
46,640000	0,188104
46,650000	0,203401
46,660000	0,187467
46,670000	0,192566
46,680000	0,195115
46,690000	0,185555
46,700000	0,185555
46,710000	0,187467
46,720000	0,171533
46,730000	0,167708
46,740000	0,193840
46,750000	0,183643
46,760000	0,202763
46,770000	0,198939
46,780000	0,212961
46,790000	0,205950
46,800000	0,198939
46,810000	0,209137
46,820000	0,200214
46,830000	0,185555
46,840000	0,186829
46,850000	0,153049
46,860000	0,189379
46,870000	0,167071
46,880000	0,198939
46,890000	0,174719
46,900000	0,211687
46,910000	0,209137
46,920000	0,240368
46,930000	0,226983
46,940000	0,251841
46,950000	0,214236
46,960000	0,228896
46,970000	0,228258
46,980000	0,211049
46,990000	0,218698
47,000000	0,188104
47,010000	0,204038
47,020000	0,197665
47,030000	0,170895
47,040000	0,190654
47,050000	0,191928
47,060000	0,204038
47,070000	0,201489
47,080000	0,209775
47,090000	0,198939
47,100000	0,211687
47,110000	0,205313
47,120000	0,201489
47,130000	0,210412
47,140000	0,205313
47,150000	0,202763
47,160000	0,212961
47,170000	0,209137
47,180000	0,219972
47,190000	0,212961
47,200000	0,218060
47,210000	0,209775
47,220000	0,212961
47,230000	0,209775
47,240000	0,212324
47,250000	0,211687
47,260000	0,210412
47,270000	0,211049
47,280000	0,207225
47,290000	0,216148
47,300000	0,211049
47,310000	0,216148
47,320000	0,206588
47,330000	0,212961
47,340000	0,209775
47,350000	0,219972
47,360000	0,205950
47,370000	0,216148
47,380000	0,212961
47,390000	0,208500
47,400000	0,209137
47,410000	0,210412
47,420000	0,204676
47,430000	0,209137
47,440000	0,211687
47,450000	0,202763
47,460000	0,209775
47,470000	0,207225
47,480000	0,204038
47,490000	0,202126
47,500000	0,210412
47,510000	0,197665
47,520000	0,199577
47,530000	0,197665
47,540000	0,198939
47,550000	0,204038
47,560000	0,200214
47,570000	0,205950
47,580000	0,200214
47,590000	0,208500
47,600000	0,200851
47,610000	0,208500
47,620000	0,203401
47,630000	0,202126
47,640000	0,204676
47,650000	0,209137
47,660000	0,206588
47,670000	0,213599
47,680000	0,197665
47,690000	0,209137
47,700000	0,195752
47,710000	0,202763
47,720000	0,199577
47,730000	0,203401
47,740000	0,191928
47,750000	0,202763
47,760000	0,204038
47,770000	0,208500
47,780000	0,197665
47,790000	0,193840
47,800000	0,192566
47,810000	0,204676
47,820000	0,196390
47,830000	0,216148
47,840000	0,191291
47,850000	0,200214
47,860000	0,205313
47,870000	0,195115
47,880000	0,217423
47,890000	0,204676
47,900000	0,212961
47,910000	0,211049
47,920000	0,193840
47,930000	0,205313
47,940000	0,184280
47,950000	0,191291
47,960000	0,189379
47,970000	0,183643
47,980000	0,181093
47,990000	0,184280
48,000000	0,178544
48,010000	0,189379
48,020000	0,179818
48,030000	0,182368
48,040000	0,181093
48,050000	0,173445
48,060000	0,181730
48,070000	0,176631
48,080000	0,167071
48,090000	0,183643
48,100000	0,160697
48,110000	0,177906
48,120000	0,189379
48,130000	0,177906
48,140000	0,199577
48,150000	0,183005
48,160000	0,190654
48,170000	0,179181
48,180000	0,185555
48,190000	0,161972
48,200000	0,179181
48,210000	0,156236
48,220000	0,168983
48,230000	0,160697
48,240000	0,161972
48,250000	0,166434
48,260000	0,153049
48,270000	0,170258
48,280000	0,172170
48,290000	0,163247
48,300000	0,177906
48,310000	0,162609
48,320000	0,178544
48,330000	0,166434
48,340000	0,168983
48,350000	0,168346
48,360000	0,168346
48,370000	0,168983
48,380000	0,170258
48,390000	0,165159
48,400000	0,164522
48,410000	0,164522
48,420000	0,161972
48,430000	0,163247
48,440000	0,154961
48,450000	0,161335
48,460000	0,152412
48,470000	0,161335
48,480000	0,157511
48,490000	0,161972
48,500000	0,158785
48,510000	0,158785
48,520000	0,157511
48,530000	0,156236
48,540000	0,150499
48,550000	0,151137
48,560000	0,149862
48,570000	0,154324
48,580000	0,153686
48,590000	0,150499
48,600000	0,153686
48,610000	0,150499
48,620000	0,157511
48,630000	0,151137
48,640000	0,154324
48,650000	0,155598
48,660000	0,152412
48,670000	0,152412
48,680000	0,148587
48,690000	0,153049
48,700000	0,149225
48,710000	0,149862
48,720000	0,146038
48,730000	0,150499
48,740000	0,147950
48,750000	0,147950
48,760000	0,146038
48,770000	0,149862
48,780000	0,151137
48,790000	0,149862
48,800000	0,143488
48,810000	0,149225
48,820000	0,146038
48,830000	0,147313
48,840000	0,140302
48,850000	0,143488
48,860000	0,144126
48,870000	0,144126
48,880000	0,142851
48,890000	0,142851
48,900000	0,140939
48,910000	0,146038
48,920000	0,142851
48,930000	0,142851
48,940000	0,140302
48,950000	0,142214
48,960000	0,137752
48,970000	0,137752
48,980000	0,137115
48,990000	0,142214
49,000000	0,137115
49,010000	0,138390
49,020000	0,134565
49,030000	0,136477
49,040000	0,133291
49,050000	0,140939
49,060000	0,135203
49,070000	0,136477
49,080000	0,133928
49,090000	0,131379
49,100000	0,132653
49,110000	0,133928
49,120000	0,132016
49,130000	0,131379
49,140000	0,132653
49,150000	0,132653
49,160000	0,133928
49,170000	0,131379
49,180000	0,130741
49,190000	0,131379
49,200000	0,132016
49,210000	0,130104
49,220000	0,135203
49,230000	0,130741
49,240000	0,128192
49,250000	0,131379
49,260000	0,133291
49,270000	0,129466
49,280000	0,131379
49,290000	0,130741
49,300000	0,132653
49,310000	0,125642
49,320000	0,128829
49,330000	0,128192
49,340000	0,126917
49,350000	0,130104
49,360000	0,125642
49,370000	0,131379
49,380000	0,122455
49,390000	0,132016
49,400000	0,128192
49,410000	0,125005
49,420000	0,127554
49,430000	0,123093
49,440000	0,126917
49,450000	0,128192
49,460000	0,127554
49,470000	0,124367
49,480000	0,123093
49,490000	0,126280
49,500000	0,126280
49,510000	0,128192
49,520000	0,125005
49,530000	0,125005
49,540000	0,124367
49,550000	0,125642
49,560000	0,117356
49,570000	0,123093
49,580000	0,123093
49,590000	0,121818
49,600000	0,119906
49,610000	0,120543
49,620000	0,122455
49,630000	0,121818
49,640000	0,121818
49,650000	0,123093
49,660000	0,121818
49,670000	0,123093
49,680000	0,117994
49,690000	0,125005
49,700000	0,119906
49,710000	0,118631
49,720000	0,119906
49,730000	0,119906
49,740000	0,119906
49,750000	0,121181
49,760000	0,119269
49,770000	0,120543
49,780000	0,119906
49,790000	0,119269
49,800000	0,119269
49,810000	0,116719
49,820000	0,121181
49,830000	0,116719
49,840000	0,122455
49,850000	0,117356
49,860000	0,117994
49,870000	0,117356
49,880000	0,116719
49,890000	0,117994
49,900000	0,121818
49,910000	0,114807
49,920000	0,118631
49,930000	0,114170
49,940000	0,112895
49,950000	0,116082
49,960000	0,116082
49,970000	0,114170
49,980000	0,114807
49,990000	0,114807
50,000000	0,110345
50,010000	0,114170
50,020000	0,112258
50,030000	0,112895
50,040000	0,116082
50,050000	0,115444
50,060000	0,112895
50,070000	0,113532
50,080000	0,114170
50,090000	0,115444
50,100000	0,112258
50,110000	0,114170
50,120000	0,113532
50,130000	0,113532
50,140000	0,114170
50,150000	0,114807
50,160000	0,112895
50,170000	0,112258
50,180000	0,112895
50,190000	0,111620
50,200000	0,113532
50,210000	0,114170
50,220000	0,114170
50,230000	0,113532
50,240000	0,114807
50,250000	0,114170
50,260000	0,114807
50,270000	0,114170
50,280000	0,114170
50,290000	0,113532
50,300000	0,114807
50,310000	0,112895
50,320000	0,107796
50,330000	0,110983
50,340000	0,112258
50,350000	0,112895
50,360000	0,112258
50,370000	0,107159
50,380000	0,110983
50,390000	0,113532
50,400000	0,112258
50,410000	0,112258
50,420000	0,110983
50,430000	0,110983
50,440000	0,109071
50,450000	0,112258
50,460000	0,110983
50,470000	0,110983
50,480000	0,110345
50,490000	0,110983
50,500000	0,109708
50,510000	0,112258
50,520000	0,107796
50,530000	0,113532
50,540000	0,110345
50,550000	0,112258
50,560000	0,106521
50,570000	0,112258
50,580000	0,109708
50,590000	0,110345
50,600000	0,108433
50,610000	0,112895
50,620000	0,105884
50,630000	0,114807
50,640000	0,111620
50,650000	0,109708
50,660000	0,109708
50,670000	0,114170
50,680000	0,110983
50,690000	0,112258
50,700000	0,111620
50,710000	0,107159
50,720000	0,109071
50,730000	0,107159
50,740000	0,109708
50,750000	0,107159
50,760000	0,109071
50,770000	0,109071
50,780000	0,103334
50,790000	0,109708
50,800000	0,107159
50,810000	0,109071
50,820000	0,107796
50,830000	0,111620
50,840000	0,110345
50,850000	0,109071
50,860000	0,112258
50,870000	0,110983
50,880000	0,111620
50,890000	0,109708
50,900000	0,110345
50,910000	0,107796
50,920000	0,109071
50,930000	0,110983
50,940000	0,106521
50,950000	0,109071
50,960000	0,108433
50,970000	0,105884
50,980000	0,107159
50,990000	0,106521
51,000000	0,107159
51,010000	0,109708
51,020000	0,107796
51,030000	0,107796
51,040000	0,108433
51,050000	0,110983
51,060000	0,108433
51,070000	0,109071
51,080000	0,107159
51,090000	0,107796
51,100000	0,106521
51,110000	0,108433
51,120000	0,106521
51,130000	0,106521
51,140000	0,108433
51,150000	0,103972
51,160000	0,105246
51,170000	0,104609
51,180000	0,105246
51,190000	0,109708
51,200000	0,107159
51,210000	0,106521
51,220000	0,105246
51,230000	0,107159
51,240000	0,106521
51,250000	0,107796
51,260000	0,105884
51,270000	0,105246
51,280000	0,106521
51,290000	0,109708
51,300000	0,105884
51,310000	0,109071
51,320000	0,107159
51,330000	0,108433
51,340000	0,105884
51,350000	0,108433
51,360000	0,107796
51,370000	0,107796
51,380000	0,107159
51,390000	0,107796
51,400000	0,106521
51,410000	0,106521
51,420000	0,105884
51,430000	0,103972
51,440000	0,104609
51,450000	0,107159
51,460000	0,105884
51,470000	0,105884
51,480000	0,107159
51,490000	0,107159
51,500000	0,105884
51,510000	0,107796
51,520000	0,103972
51,530000	0,103972
51,540000	0,101422
51,550000	0,105246
51,560000	0,103972
51,570000	0,105884
51,580000	0,102697
51,590000	0,108433
51,600000	0,105246
51,610000	0,104609
51,620000	0,102060
51,630000	0,103972
51,640000	0,105884
51,650000	0,104609
51,660000	0,104609
51,670000	0,103972
51,680000	0,102697
51,690000	0,106521
51,700000	0,103972
51,710000	0,104609
51,720000	0,102697
51,730000	0,106521
51,740000	0,104609
51,750000	0,100785
51,760000	0,105884
51,770000	0,105884
51,780000	0,105246
51,790000	0,106521
51,800000	0,102697
51,810000	0,107796
51,820000	0,107159
51,830000	0,106521
51,840000	0,103972
51,850000	0,102697
51,860000	0,105884
51,870000	0,106521
51,880000	0,106521
51,890000	0,105246
51,900000	0,105246
51,910000	0,103972
51,920000	0,102697
51,930000	0,102697
51,940000	0,102697
51,950000	0,103972
51,960000	0,103334
51,970000	0,105884
51,980000	0,105246
51,990000	0,106521
52,000000	0,105884
52,010000	0,103972
52,020000	0,104609
52,030000	0,103334
52,040000	0,105884
52,050000	0,104609
52,060000	0,103334
52,070000	0,101422
52,080000	0,102697
52,090000	0,103972
52,100000	0,106521
52,110000	0,102697
52,120000	0,103334
52,130000	0,105884
52,140000	0,106521
52,150000	0,105246
52,160000	0,105246
52,170000	0,104609
52,180000	0,103972
52,190000	0,100785
52,200000	0,105884
52,210000	0,105884
52,220000	0,103334
52,230000	0,104609
52,240000	0,105246
52,250000	0,104609
52,260000	0,104609
52,270000	0,108433
52,280000	0,103972
52,290000	0,104609
52,300000	0,104609
52,310000	0,103334
52,320000	0,102060
52,330000	0,105884
52,340000	0,105246
52,350000	0,102697
52,360000	0,104609
52,370000	0,105246
52,380000	0,103972
52,390000	0,104609
52,400000	0,104609
52,410000	0,105884
52,420000	0,104609
52,430000	0,102697
52,440000	0,101422
52,450000	0,103334
52,460000	0,104609
52,470000	0,105246
52,480000	0,105884
52,490000	0,102697
52,500000	0,105884
52,510000	0,101422
52,520000	0,105884
52,530000	0,103972
52,540000	0,103334
52,550000	0,102060
52,560000	0,102697
52,570000	0,103334
52,580000	0,104609
52,590000	0,103972
52,600000	0,102697
52,610000	0,102697
52,620000	0,104609
52,630000	0,103334
52,640000	0,103972
52,650000	0,105884
52,660000	0,103972
52,670000	0,104609
52,680000	0,101422
52,690000	0,101422
52,700000	0,102060
52,710000	0,103972
52,720000	0,103972
52,730000	0,103972
52,740000	0,102060
52,750000	0,107159
52,760000	0,102697
52,770000	0,104609
52,780000	0,102060
52,790000	0,105246
52,800000	0,103334
52,810000	0,104609
52,820000	0,102697
52,830000	0,105246
52,840000	0,103972
52,850000	0,104609
52,860000	0,102697
52,870000	0,104609
52,880000	0,103334
52,890000	0,105246
52,900000	0,102060
52,910000	0,107159
52,920000	0,100785
52,930000	0,105246
52,940000	0,100785
52,950000	0,102697
52,960000	0,100785
52,970000	0,103972
52,980000	0,105884
52,990000	0,104609
53,000000	0,104609
53,010000	0,101422
53,020000	0,103334
53,030000	0,102697
53,040000	0,104609
53,050000	0,102697
53,060000	0,100148
53,070000	0,103334
53,080000	0,102060
53,090000	0,103972
53,100000	0,100148
53,110000	0,103334
53,120000	0,101422
53,130000	0,102060
53,140000	0,100148
53,150000	0,103972
53,160000	0,100148
53,170000	0,100785
53,180000	0,103334
53,190000	0,104609
53,200000	0,100148
53,210000	0,102697
53,220000	0,102697
53,230000	0,103972
53,240000	0,101422
53,250000	0,100785
53,260000	0,102060
53,270000	0,103334
53,280000	0,105246
53,290000	0,101422
53,300000	0,105884
53,310000	0,101422
53,320000	0,100785
53,330000	0,099510
53,340000	0,103334
53,350000	0,100785
53,360000	0,103972
53,370000	0,102060
53,380000	0,103972
53,390000	0,102060
53,400000	0,101422
53,410000	0,098235
53,420000	0,103972
53,430000	0,100785
53,440000	0,104609
53,450000	0,102697
53,460000	0,102060
53,470000	0,099510
53,480000	0,102060
53,490000	0,101422
53,500000	0,102697
53,510000	0,101422
53,520000	0,099510
53,530000	0,101422
53,540000	0,102060
53,550000	0,100785
53,560000	0,103972
53,570000	0,100785
53,580000	0,101422
53,590000	0,102060
53,600000	0,101422
53,610000	0,099510
53,620000	0,101422
53,630000	0,100785
53,640000	0,100785
53,650000	0,102060
53,660000	0,099510
53,670000	0,100785
53,680000	0,101422
53,690000	0,101422
53,700000	0,100148
53,710000	0,100785
53,720000	0,101422
53,730000	0,101422
53,740000	0,101422
53,750000	0,099510
53,760000	0,100785
53,770000	0,099510
53,780000	0,098873
53,790000	0,099510
53,800000	0,098873
53,810000	0,100148
53,820000	0,100148
53,830000	0,102060
53,840000	0,100148
53,850000	0,102697
53,860000	0,103972
53,870000	0,100148
53,880000	0,102060
53,890000	0,099510
53,900000	0,099510
53,910000	0,102697
53,920000	0,099510
53,930000	0,103972
53,940000	0,100785
53,950000	0,101422
53,960000	0,098235
53,970000	0,101422
53,980000	0,102697
53,990000	0,100785
54,000000	0,100785
54,010000	0,102060
54,020000	0,101422
54,030000	0,106521
54,040000	0,100785
54,050000	0,105246
54,060000	0,101422
54,070000	0,105246
54,080000	0,102697
54,090000	0,103972
54,100000	0,100785
54,110000	0,102060
54,120000	0,101422
54,130000	0,102697
54,140000	0,101422
54,150000	0,102060
54,160000	0,102060
54,170000	0,098873
54,180000	0,101422
54,190000	0,102060
54,200000	0,102697
54,210000	0,102697
54,220000	0,101422
54,230000	0,102060
54,240000	0,104609
54,250000	0,102060
54,260000	0,102697
54,270000	0,102697
54,280000	0,100148
54,290000	0,102697
54,300000	0,103972
54,310000	0,104609
54,320000	0,104609
54,330000	0,104609
54,340000	0,102697
54,350000	0,102060
54,360000	0,102697
54,370000	0,104609
54,380000	0,105884
54,390000	0,104609
54,400000	0,104609
54,410000	0,105884
54,420000	0,102697
54,430000	0,104609
54,440000	0,107159
54,450000	0,107159
54,460000	0,103334
54,470000	0,106521
54,480000	0,103972
54,490000	0,105246
54,500000	0,106521
54,510000	0,104609
54,520000	0,109071
54,530000	0,106521
54,540000	0,108433
54,550000	0,105246
54,560000	0,107796
54,570000	0,105884
54,580000	0,106521
54,590000	0,108433
54,600000	0,105884
54,610000	0,107796
54,620000	0,105246
54,630000	0,112258
54,640000	0,108433
54,650000	0,110983
54,660000	0,107159
54,670000	0,110983
54,680000	0,106521
54,690000	0,109071
54,700000	0,108433
54,710000	0,109708
54,720000	0,108433
54,730000	0,110983
54,740000	0,109071
54,750000	0,110983
54,760000	0,110345
54,770000	0,110345
54,780000	0,106521
54,790000	0,111620
54,800000	0,110983
54,810000	0,112258
54,820000	0,111620
54,830000	0,110345
54,840000	0,112258
54,850000	0,113532
54,860000	0,111620
54,870000	0,113532
54,880000	0,114170
54,890000	0,111620
54,900000	0,112895
54,910000	0,113532
54,920000	0,114807
54,930000	0,112258
54,940000	0,113532
54,950000	0,113532
54,960000	0,112258
54,970000	0,114807
54,980000	0,113532
54,990000	0,114170
55,000000	0,112895
55,010000	0,116082
55,020000	0,116082
55,030000	0,116719
55,040000	0,116082
55,050000	0,115444
55,060000	0,114170
55,070000	0,114807
55,080000	0,117994
55,090000	0,113532
55,100000	0,116082
55,110000	0,114170
55,120000	0,116719
55,130000	0,117356
55,140000	0,115444
55,150000	0,116082
55,160000	0,116719
55,170000	0,117356
55,180000	0,119269
55,190000	0,117994
55,200000	0,119269
55,210000	0,117356
55,220000	0,118631
55,230000	0,118631
55,240000	0,119906
55,250000	0,120543
55,260000	0,119269
55,270000	0,121181
55,280000	0,117356
55,290000	0,118631
55,300000	0,117994
55,310000	0,121818
55,320000	0,122455
55,330000	0,119906
55,340000	0,121818
55,350000	0,122455
55,360000	0,117994
55,370000	0,123093
55,380000	0,118631
55,390000	0,124367
55,400000	0,122455
55,410000	0,128192
55,420000	0,120543
55,430000	0,125005
55,440000	0,121818
55,450000	0,125005
55,460000	0,123093
55,470000	0,123730
55,480000	0,125642
55,490000	0,126917
55,500000	0,127554
55,510000	0,127554
55,520000	0,125005
55,530000	0,128829
55,540000	0,127554
55,550000	0,126917
55,560000	0,128192
55,570000	0,126917
55,580000	0,129466
55,590000	0,132016
55,600000	0,130104
55,610000	0,126917
55,620000	0,126917
55,630000	0,130104
55,640000	0,126917
55,650000	0,130104
55,660000	0,132016
55,670000	0,132016
55,680000	0,130104
55,690000	0,133291
55,700000	0,131379
55,710000	0,133928
55,720000	0,131379
55,730000	0,134565
55,740000	0,132016
55,750000	0,137752
55,760000	0,132016
55,770000	0,136477
55,780000	0,132653
55,790000	0,135840
55,800000	0,131379
55,810000	0,134565
55,820000	0,131379
55,830000	0,137752
55,840000	0,132653
55,850000	0,139027
55,860000	0,134565
55,870000	0,140302
55,880000	0,136477
55,890000	0,140302
55,900000	0,134565
55,910000	0,139027
55,920000	0,137115
55,930000	0,139027
55,940000	0,137752
55,950000	0,140939
55,960000	0,140302
55,970000	0,139664
55,980000	0,140939
55,990000	0,141576
56,000000	0,144763
56,010000	0,141576
56,020000	0,143488
56,030000	0,144126
56,040000	0,141576
56,050000	0,145401
56,060000	0,140939
56,070000	0,146675
56,080000	0,147313
56,090000	0,144763
56,100000	0,142214
56,110000	0,150499
56,120000	0,147313
56,130000	0,149862
56,140000	0,147950
56,150000	0,152412
56,160000	0,148587
56,170000	0,151774
56,180000	0,149862
56,190000	0,154961
56,200000	0,153049
56,210000	0,153049
56,220000	0,154324
56,230000	0,153049
56,240000	0,154961
56,250000	0,154324
56,260000	0,153049
56,270000	0,158148
56,280000	0,157511
56,290000	0,158785
56,300000	0,158148
56,310000	0,159423
56,320000	0,158785
56,330000	0,162609
56,340000	0,158785
56,350000	0,165159
56,360000	0,160697
56,370000	0,165796
56,380000	0,160060
56,390000	0,167071
56,400000	0,161972
56,410000	0,167708
56,420000	0,163247
56,430000	0,170258
56,440000	0,163884
56,450000	0,170895
56,460000	0,168346
56,470000	0,171533
56,480000	0,170258
56,490000	0,172170
56,500000	0,168346
56,510000	0,173445
56,520000	0,170258
56,530000	0,172170
56,540000	0,171533
56,550000	0,175357
56,560000	0,175357
56,570000	0,177906
56,580000	0,175357
56,590000	0,180456
56,600000	0,176631
56,610000	0,178544
56,620000	0,179181
56,630000	0,181093
56,640000	0,179818
56,650000	0,183643
56,660000	0,179181
56,670000	0,183643
56,680000	0,183643
56,690000	0,184917
56,700000	0,185555
56,710000	0,188104
56,720000	0,184280
56,730000	0,189379
56,740000	0,186192
56,750000	0,191928
56,760000	0,186192
56,770000	0,190654
56,780000	0,188741
56,790000	0,188741
56,800000	0,192566
56,810000	0,192566
56,820000	0,190016
56,830000	0,189379
56,840000	0,196390
56,850000	0,193840
56,860000	0,194478
56,870000	0,195115
56,880000	0,195752
56,890000	0,196390
56,900000	0,197027
56,910000	0,195752
56,920000	0,197027
56,930000	0,198939
56,940000	0,198939
56,950000	0,199577
56,960000	0,197027
56,970000	0,202763
56,980000	0,198939
56,990000	0,203401
57,000000	0,202126
57,010000	0,204676
57,020000	0,199577
57,030000	0,201489
57,040000	0,201489
57,050000	0,203401
57,060000	0,202126
57,070000	0,205313
57,080000	0,205313
57,090000	0,201489
57,100000	0,205313
57,110000	0,204676
57,120000	0,206588
57,130000	0,206588
57,140000	0,205950
57,150000	0,207225
57,160000	0,208500
57,170000	0,204676
57,180000	0,209137
57,190000	0,206588
57,200000	0,210412
57,210000	0,208500
57,220000	0,209137
57,230000	0,207862
57,240000	0,216148
57,250000	0,209775
57,260000	0,216148
57,270000	0,208500
57,280000	0,216148
57,290000	0,210412
57,300000	0,215511
57,310000	0,211687
57,320000	0,215511
57,330000	0,209775
57,340000	0,211687
57,350000	0,209775
57,360000	0,216148
57,370000	0,209775
57,380000	0,214873
57,390000	0,212961
57,400000	0,211049
57,410000	0,207862
57,420000	0,211049
57,430000	0,207862
57,440000	0,211049
57,450000	0,207862
57,460000	0,209137
57,470000	0,209775
57,480000	0,209775
57,490000	0,213599
57,500000	0,208500
57,510000	0,207225
57,520000	0,205950
57,530000	0,206588
57,540000	0,206588
57,550000	0,208500
57,560000	0,206588
57,570000	0,208500
57,580000	0,203401
57,590000	0,207225
57,600000	0,198939
57,610000	0,209137
57,620000	0,202763
57,630000	0,206588
57,640000	0,204038
57,650000	0,209137
57,660000	0,202126
57,670000	0,207225
57,680000	0,204676
57,690000	0,207862
57,700000	0,201489
57,710000	0,204038
57,720000	0,201489
57,730000	0,204038
57,740000	0,202763
57,750000	0,205313
57,760000	0,195752
57,770000	0,197665
57,780000	0,193203
57,790000	0,201489
57,800000	0,197027
57,810000	0,198939
57,820000	0,195752
57,830000	0,198939
57,840000	0,191291
57,850000	0,195115
57,860000	0,188741
57,870000	0,195752
57,880000	0,189379
57,890000	0,194478
57,900000	0,187467
57,910000	0,195115
57,920000	0,186829
57,930000	0,188104
57,940000	0,186829
57,950000	0,188741
57,960000	0,188104
57,970000	0,187467
57,980000	0,184917
57,990000	0,186829
58,000000	0,184280
58,010000	0,184280
58,020000	0,183643
58,030000	0,180456
58,040000	0,183643
58,050000	0,179818
58,060000	0,182368
58,070000	0,177906
58,080000	0,179818
58,090000	0,178544
58,100000	0,179818
58,110000	0,173445
58,120000	0,177906
58,130000	0,174082
58,140000	0,175994
58,150000	0,174082
58,160000	0,172170
58,170000	0,175357
58,180000	0,173445
58,190000	0,172807
58,200000	0,169620
58,210000	0,174719
58,220000	0,170895
58,230000	0,172807
58,240000	0,167708
58,250000	0,168346
58,260000	0,168983
58,270000	0,170258
58,280000	0,163884
58,290000	0,168346
58,300000	0,166434
58,310000	0,168346
58,320000	0,160697
58,330000	0,167071
58,340000	0,165159
58,350000	0,163884
58,360000	0,161335
58,370000	0,163884
58,380000	0,161335
58,390000	0,161335
58,400000	0,161335
58,410000	0,160060
58,420000	0,156873
58,430000	0,162609
58,440000	0,156236
58,450000	0,160060
58,460000	0,155598
58,470000	0,158785
58,480000	0,155598
58,490000	0,157511
58,500000	0,154324
58,510000	0,157511
58,520000	0,153686
58,530000	0,156236
58,540000	0,153049
58,550000	0,154961
58,560000	0,151774
58,570000	0,154324
58,580000	0,151137
58,590000	0,154324
58,600000	0,153686
58,610000	0,149225
58,620000	0,151137
58,630000	0,151137
58,640000	0,149862
58,650000	0,149225
58,660000	0,148587
58,670000	0,149225
58,680000	0,147313
58,690000	0,146675
58,700000	0,147950
58,710000	0,149225
58,720000	0,144763
58,730000	0,147950
58,740000	0,146675
58,750000	0,144763
58,760000	0,144763
58,770000	0,142851
58,780000	0,142851
58,790000	0,142851
58,800000	0,142214
58,810000	0,142851
58,820000	0,146675
58,830000	0,142851
58,840000	0,140939
58,850000	0,140939
58,860000	0,140939
58,870000	0,142851
58,880000	0,137752
58,890000	0,143488
58,900000	0,137752
58,910000	0,143488
58,920000	0,140302
58,930000	0,142214
58,940000	0,138390
58,950000	0,140939
58,960000	0,139664
58,970000	0,140939
58,980000	0,137115
58,990000	0,137752
59,000000	0,138390
59,010000	0,138390
59,020000	0,136477
59,030000	0,137752
59,040000	0,134565
59,050000	0,135840
59,060000	0,134565
59,070000	0,137752
59,080000	0,134565
59,090000	0,135840
59,100000	0,132653
59,110000	0,134565
59,120000	0,133928
59,130000	0,135203
59,140000	0,133291
59,150000	0,134565
59,160000	0,132653
59,170000	0,134565
59,180000	0,133291
59,190000	0,131379
59,200000	0,133928
59,210000	0,130741
59,220000	0,132653
59,230000	0,128192
59,240000	0,132016
59,250000	0,130104
59,260000	0,128192
59,270000	0,132016
59,280000	0,129466
59,290000	0,126917
59,300000	0,130104
59,310000	0,127554
59,320000	0,126917
59,330000	0,127554
59,340000	0,129466
59,350000	0,126917
59,360000	0,126280
59,370000	0,126917
59,380000	0,128829
59,390000	0,127554
59,400000	0,128192
59,410000	0,125642
59,420000	0,125642
59,430000	0,126917
59,440000	0,125642
59,450000	0,125005
59,460000	0,126917
59,470000	0,126917
59,480000	0,125642
59,490000	0,123730
59,500000	0,123730
59,510000	0,125005
59,520000	0,124367
59,530000	0,124367
59,540000	0,124367
59,550000	0,122455
59,560000	0,122455
59,570000	0,123730
59,580000	0,123093
59,590000	0,121818
59,600000	0,122455
59,610000	0,119906
59,620000	0,119906
59,630000	0,120543
59,640000	0,122455
59,650000	0,122455
59,660000	0,117356
59,670000	0,119906
59,680000	0,118631
59,690000	0,119906
59,700000	0,119269
59,710000	0,119906
59,720000	0,117356
59,730000	0,117994
59,740000	0,118631
59,750000	0,119906
59,760000	0,119906
59,770000	0,119906
59,780000	0,118631
59,790000	0,119906
59,800000	0,115444
59,810000	0,117356
59,820000	0,116719
59,830000	0,117356
59,840000	0,117994
59,850000	0,117994
59,860000	0,113532
59,870000	0,118631
59,880000	0,116082
59,890000	0,117356
59,900000	0,116719
59,910000	0,118631
59,920000	0,114807
59,930000	0,117994
59,940000	0,114170
59,950000	0,115444
59,960000	0,115444
59,970000	0,114807
59,980000	0,115444
59,990000	0,116082
60,000000	0,115444
60,010000	0,114807
60,020000	0,114170
60,030000	0,115444
60,040000	0,112258
60,050000	0,112258
60,060000	0,113532
60,070000	0,114170
60,080000	0,112895
60,090000	0,110345
60,100000	0,115444
60,110000	0,114170
60,120000	0,115444
60,130000	0,113532
60,140000	0,113532
60,150000	0,114807
60,160000	0,112895
60,170000	0,113532
60,180000	0,110345
60,190000	0,113532
60,200000	0,110345
60,210000	0,110983
60,220000	0,112895
60,230000	0,112258
60,240000	0,110345
60,250000	0,112895
60,260000	0,109708
60,270000	0,110345
60,280000	0,112895
60,290000	0,112258
60,300000	0,110345
60,310000	0,109708
60,320000	0,108433
60,330000	0,112258
60,340000	0,110983
60,350000	0,109708
60,360000	0,107159
60,370000	0,109071
60,380000	0,109708
60,390000	0,109708
60,400000	0,109708
60,410000	0,112895
60,420000	0,111620
60,430000	0,109708
60,440000	0,107796
60,450000	0,109708
60,460000	0,109708
60,470000	0,109708
60,480000	0,110983
60,490000	0,109071
60,500000	0,110345
60,510000	0,110345
60,520000	0,109708
60,530000	0,109708
60,540000	0,110345
60,550000	0,107796
60,560000	0,109071
60,570000	0,107796
60,580000	0,112258
60,590000	0,109708
60,600000	0,112258
60,610000	0,110983
60,620000	0,109708
60,630000	0,111620
60,640000	0,109071
60,650000	0,108433
60,660000	0,107796
60,670000	0,108433
60,680000	0,105884
60,690000	0,110983
60,700000	0,107796
60,710000	0,106521
60,720000	0,109071
60,730000	0,109708
60,740000	0,104609
60,750000	0,105884
60,760000	0,105884
60,770000	0,109071
60,780000	0,106521
60,790000	0,109071
60,800000	0,107159
60,810000	0,107159
60,820000	0,107796
60,830000	0,107159
60,840000	0,107159
60,850000	0,104609
60,860000	0,107796
60,870000	0,108433
60,880000	0,105246
60,890000	0,108433
60,900000	0,109708
60,910000	0,107796
60,920000	0,105246
60,930000	0,105246
60,940000	0,107159
60,950000	0,105884
60,960000	0,106521
60,970000	0,108433
60,980000	0,103972
60,990000	0,106521
61,000000	0,105884
61,010000	0,105884
61,020000	0,107159
61,030000	0,107796
61,040000	0,106521
61,050000	0,108433
61,060000	0,106521
61,070000	0,102697
61,080000	0,108433
61,090000	0,108433
61,100000	0,104609
61,110000	0,105246
61,120000	0,109071
61,130000	0,108433
61,140000	0,105884
61,150000	0,103334
61,160000	0,106521
61,170000	0,106521
61,180000	0,105884
61,190000	0,107796
61,200000	0,104609
61,210000	0,107159
61,220000	0,107159
61,230000	0,106521
61,240000	0,103334
61,250000	0,105884
61,260000	0,107159
61,270000	0,104609
61,280000	0,105246
61,290000	0,105246
61,300000	0,105884
61,310000	0,107796
61,320000	0,102697
61,330000	0,107796
61,340000	0,103972
61,350000	0,106521
61,360000	0,105884
61,370000	0,107159
61,380000	0,103972
61,390000	0,105884
61,400000	0,105884
61,410000	0,104609
61,420000	0,103972
61,430000	0,109708
61,440000	0,102060
61,450000	0,106521
61,460000	0,104609
61,470000	0,106521
61,480000	0,103972
61,490000	0,106521
61,500000	0,106521
61,510000	0,105246
61,520000	0,103972
61,530000	0,105246
61,540000	0,104609
61,550000	0,108433
61,560000	0,103972
61,570000	0,106521
61,580000	0,105884
61,590000	0,106521
61,600000	0,106521
61,610000	0,105246
61,620000	0,106521
61,630000	0,106521
61,640000	0,109708
61,650000	0,103972
61,660000	0,106521
61,670000	0,107159
61,680000	0,107159
61,690000	0,105884
61,700000	0,105246
61,710000	0,103334
61,720000	0,105246
61,730000	0,106521
61,740000	0,103972
61,750000	0,103972
61,760000	0,100785
61,770000	0,103334
61,780000	0,102060
61,790000	0,102697
61,800000	0,100148
61,810000	0,105246
61,820000	0,102697
61,830000	0,104609
61,840000	0,103334
61,850000	0,102060
61,860000	0,102060
61,870000	0,100785
61,880000	0,102697
61,890000	0,101422
61,900000	0,101422
61,910000	0,106521
61,920000	0,103972
61,930000	0,104609
61,940000	0,102060
61,950000	0,102697
61,960000	0,104609
61,970000	0,102697
61,980000	0,103972
61,990000	0,103972
62,000000	0,104609
62,010000	0,103972
62,020000	0,103334
62,030000	0,103334
62,040000	0,107159
62,050000	0,104609
62,060000	0,104609
62,070000	0,104609
62,080000	0,103972
62,090000	0,104609
62,100000	0,102060
62,110000	0,105246
62,120000	0,105246
62,130000	0,105246
62,140000	0,102697
62,150000	0,103972
62,160000	0,105246
62,170000	0,105884
62,180000	0,105884
62,190000	0,103334
62,200000	0,103334
62,210000	0,103334
62,220000	0,102697
62,230000	0,105884
62,240000	0,103972
62,250000	0,102060
62,260000	0,103972
62,270000	0,102697
62,280000	0,103334
62,290000	0,103334
62,300000	0,102697
62,310000	0,106521
62,320000	0,102697
62,330000	0,103334
62,340000	0,103972
62,350000	0,102697
62,360000	0,104609
62,370000	0,101422
62,380000	0,101422
62,390000	0,103972
62,400000	0,101422
62,410000	0,103972
62,420000	0,101422
62,430000	0,103334
62,440000	0,102697
62,450000	0,105884
62,460000	0,100148
62,470000	0,103334
62,480000	0,102060
62,490000	0,103334
62,500000	0,103972
62,510000	0,102697
62,520000	0,103334
62,530000	0,102697
62,540000	0,101422
62,550000	0,102060
62,560000	0,105246
62,570000	0,101422
62,580000	0,101422
62,590000	0,103334
62,600000	0,105884
62,610000	0,099510
62,620000	0,103334
62,630000	0,102697
62,640000	0,104609
62,650000	0,101422
62,660000	0,101422
62,670000	0,102697
62,680000	0,103334
62,690000	0,104609
62,700000	0,102697
62,710000	0,100785
62,720000	0,102060
62,730000	0,101422
62,740000	0,100785
62,750000	0,102060
62,760000	0,102060
62,770000	0,101422
62,780000	0,101422
62,790000	0,102697
62,800000	0,099510
62,810000	0,104609
62,820000	0,098873
62,830000	0,102697
62,840000	0,098873
62,850000	0,105884
62,860000	0,098873
62,870000	0,102060
62,880000	0,100785
62,890000	0,103972
62,900000	0,102697
62,910000	0,105884
62,920000	0,099510
62,930000	0,101422
62,940000	0,099510
62,950000	0,103334
62,960000	0,101422
62,970000	0,100785
62,980000	0,098873
62,990000	0,101422
63,000000	0,100148
63,010000	0,102697
63,020000	0,099510
63,030000	0,102060
63,040000	0,102060
63,050000	0,099510
63,060000	0,102060
63,070000	0,098873
63,080000	0,101422
63,090000	0,101422
63,100000	0,102060
63,110000	0,101422
63,120000	0,100785
63,130000	0,103972
63,140000	0,101422
63,150000	0,102060
63,160000	0,103334
63,170000	0,098235
63,180000	0,100148
63,190000	0,099510
63,200000	0,104609
63,210000	0,103334
63,220000	0,101422
63,230000	0,101422
63,240000	0,099510
63,250000	0,102060
63,260000	0,097598
63,270000	0,103972
63,280000	0,100148
63,290000	0,105246
63,300000	0,100785
63,310000	0,099510
63,320000	0,101422
63,330000	0,102697
63,340000	0,100785
63,350000	0,102060
63,360000	0,100785
63,370000	0,101422
63,380000	0,100785
63,390000	0,102060
63,400000	0,100148
63,410000	0,102060
63,420000	0,101422
63,430000	0,101422
63,440000	0,100785
63,450000	0,102060
63,460000	0,103334
63,470000	0,100785
63,480000	0,102060
63,490000	0,102060
63,500000	0,099510
63,510000	0,098873
63,520000	0,102697
63,530000	0,100785
63,540000	0,100785
63,550000	0,101422
63,560000	0,103334
63,570000	0,101422
63,580000	0,103334
63,590000	0,102060
63,600000	0,101422
63,610000	0,100785
63,620000	0,102697
63,630000	0,100148
63,640000	0,102697
63,650000	0,100785
63,660000	0,101422
63,670000	0,102697
63,680000	0,098235
63,690000	0,102697
63,700000	0,100785
63,710000	0,103972
63,720000	0,101422
63,730000	0,098873
63,740000	0,100148
63,750000	0,102697
63,760000	0,098873
63,770000	0,101422
63,780000	0,100785
63,790000	0,102697
63,800000	0,099510
63,810000	0,103334
63,820000	0,102060
63,830000	0,103972
63,840000	0,097598
63,850000	0,104609
63,860000	0,098873
63,870000	0,101422
63,880000	0,099510
63,890000	0,101422
63,900000	0,100148
63,910000	0,102060
63,920000	0,098235
63,930000	0,102060
63,940000	0,100785
63,950000	0,102697
63,960000	0,099510
63,970000	0,103334
63,980000	0,101422
63,990000	0,102697
64,000000	0,100148
64,010000	0,103972
64,020000	0,096961
64,030000	0,100785
64,040000	0,100148
64,050000	0,100785
64,060000	0,102060
64,070000	0,103334
64,080000	0,098235
64,090000	0,101422
64,100000	0,101422
64,110000	0,102697
64,120000	0,102060
64,130000	0,100148
64,140000	0,101422
64,150000	0,102060
64,160000	0,101422
64,170000	0,100785
64,180000	0,102697
64,190000	0,102060
64,200000	0,099510
64,210000	0,103972
64,220000	0,103334
64,230000	0,102697
64,240000	0,101422
64,250000	0,103972
64,260000	0,099510
64,270000	0,100148
64,280000	0,100785
64,290000	0,105884
64,300000	0,099510
64,310000	0,105246
64,320000	0,101422
64,330000	0,105884
64,340000	0,104609
64,350000	0,102060
64,360000	0,102060
64,370000	0,107159
64,380000	0,103334
64,390000	0,106521
64,400000	0,105884
64,410000	0,103334
64,420000	0,103334
64,430000	0,103972
64,440000	0,102697
64,450000	0,102697
64,460000	0,102060
64,470000	0,103972
64,480000	0,102060
64,490000	0,106521
64,500000	0,103972
64,510000	0,101422
64,520000	0,104609
64,530000	0,103972
64,540000	0,102697
64,550000	0,102060
64,560000	0,107159
64,570000	0,100785
64,580000	0,103972
64,590000	0,102697
64,600000	0,102060
64,610000	0,104609
64,620000	0,106521
64,630000	0,109071
64,640000	0,105246
64,650000	0,105884
64,660000	0,107159
64,670000	0,107159
64,680000	0,106521
64,690000	0,103334
64,700000	0,109071
64,710000	0,105884
64,720000	0,107159
64,730000	0,105884
64,740000	0,104609
64,750000	0,107796
64,760000	0,107159
64,770000	0,108433
64,780000	0,111620
64,790000	0,109071
64,800000	0,110983
64,810000	0,109708
64,820000	0,110983
64,830000	0,109708
64,840000	0,108433
64,850000	0,112258
64,860000	0,108433
64,870000	0,107159
64,880000	0,110983
64,890000	0,108433
64,900000	0,109708
64,910000	0,110983
64,920000	0,110983
64,930000	0,112258
64,940000	0,111620
64,950000	0,114170
64,960000	0,111620
64,970000	0,113532
64,980000	0,112258
64,990000	0,109071
65,000000	0,114170
65,010000	0,112895
65,020000	0,116719
65,030000	0,109708
65,040000	0,114170
65,050000	0,112258
65,060000	0,114170
65,070000	0,110345
65,080000	0,114170
65,090000	0,114170
65,100000	0,117356
65,110000	0,114807
65,120000	0,114807
65,130000	0,117356
65,140000	0,118631
65,150000	0,117356
65,160000	0,118631
65,170000	0,117356
65,180000	0,114170
65,190000	0,114807
65,200000	0,118631
65,210000	0,114807
65,220000	0,117994
65,230000	0,121181
65,240000	0,115444
65,250000	0,117994
65,260000	0,119269
65,270000	0,122455
65,280000	0,115444
65,290000	0,119906
65,300000	0,119269
65,310000	0,123730
65,320000	0,123730
65,330000	0,122455
65,340000	0,117356
65,350000	0,123730
65,360000	0,118631
65,370000	0,126280
65,380000	0,121818
65,390000	0,123730
65,400000	0,120543
65,410000	0,126280
65,420000	0,122455
65,430000	0,124367
65,440000	0,125642
65,450000	0,123730
65,460000	0,122455
65,470000	0,128829
65,480000	0,122455
65,490000	0,127554
65,500000	0,126280
65,510000	0,127554
65,520000	0,124367
65,530000	0,127554
65,540000	0,123730
65,550000	0,132016
65,560000	0,121818
65,570000	0,131379
65,580000	0,125642
65,590000	0,128829
65,600000	0,127554
65,610000	0,126917
65,620000	0,128829
65,630000	0,130104
65,640000	0,128829
65,650000	0,129466
65,660000	0,130741
65,670000	0,132653
65,680000	0,131379
65,690000	0,135203
65,700000	0,127554
65,710000	0,132016
65,720000	0,130104
65,730000	0,128192
65,740000	0,131379
65,750000	0,135203
65,760000	0,130104
65,770000	0,131379
65,780000	0,139027
65,790000	0,133928
65,800000	0,133928
65,810000	0,135203
65,820000	0,133291
65,830000	0,133928
65,840000	0,134565
65,850000	0,133928
65,860000	0,140302
65,870000	0,142214
65,880000	0,137115
65,890000	0,139664
65,900000	0,140302
65,910000	0,140939
65,920000	0,140302
65,930000	0,142214
65,940000	0,136477
65,950000	0,142214
65,960000	0,141576
65,970000	0,142214
65,980000	0,142851
65,990000	0,142851
66,000000	0,140302
66,010000	0,142851
66,020000	0,142214
66,030000	0,143488
66,040000	0,143488
66,050000	0,146675
66,060000	0,143488
66,070000	0,144126
66,080000	0,147950
66,090000	0,144763
66,100000	0,142851
66,110000	0,146675
66,120000	0,147313
66,130000	0,144763
66,140000	0,146038
66,150000	0,149225
66,160000	0,150499
66,170000	0,148587
66,180000	0,154961
66,190000	0,151137
66,200000	0,154324
66,210000	0,147950
66,220000	0,153686
66,230000	0,155598
66,240000	0,155598
66,250000	0,153049
66,260000	0,155598
66,270000	0,156873
66,280000	0,158785
66,290000	0,154961
66,300000	0,156873
66,310000	0,155598
66,320000	0,160060
66,330000	0,158148
66,340000	0,159423
66,350000	0,161335
66,360000	0,162609
66,370000	0,163884
66,380000	0,163884
66,390000	0,167071
66,400000	0,161335
66,410000	0,169620
66,420000	0,163247
66,430000	0,163884
66,440000	0,166434
66,450000	0,168983
66,460000	0,164522
66,470000	0,165796
66,480000	0,164522
66,490000	0,170895
66,500000	0,167708
66,510000	0,170895
66,520000	0,168983
66,530000	0,170258
66,540000	0,179818
66,550000	0,176631
66,560000	0,171533
66,570000	0,180456
66,580000	0,175994
66,590000	0,174719
66,600000	0,175357
66,610000	0,173445
66,620000	0,174082
66,630000	0,179818
66,640000	0,177269
66,650000	0,178544
66,660000	0,177269
66,670000	0,180456
66,680000	0,183643
66,690000	0,181093
66,700000	0,181093
66,710000	0,179818
66,720000	0,185555
66,730000	0,183643
66,740000	0,189379
66,750000	0,177906
66,760000	0,184917
66,770000	0,184917
66,780000	0,187467
66,790000	0,185555
66,800000	0,185555
66,810000	0,183643
66,820000	0,194478
66,830000	0,190016
66,840000	0,188741
66,850000	0,189379
66,860000	0,188104
66,870000	0,196390
66,880000	0,190654
66,890000	0,193840
66,900000	0,190016
66,910000	0,191928
66,920000	0,194478
66,930000	0,200851
66,940000	0,193840
66,950000	0,194478
66,960000	0,200214
66,970000	0,195752
66,980000	0,202763
66,990000	0,191291
67,000000	0,196390
67,010000	0,204676
67,020000	0,206588
67,030000	0,198302
67,040000	0,205313
67,050000	0,197027
67,060000	0,205313
67,070000	0,198939
67,080000	0,202763
67,090000	0,197665
67,100000	0,204676
67,110000	0,204038
67,120000	0,203401
67,130000	0,195115
67,140000	0,207225
67,150000	0,203401
67,160000	0,204038
67,170000	0,207225
67,180000	0,205950
67,190000	0,214873
67,200000	0,206588
67,210000	0,205950
67,220000	0,207862
67,230000	0,212961
67,240000	0,197027
67,250000	0,203401
67,260000	0,198939
67,270000	0,206588
67,280000	0,214873
67,290000	0,215511
67,300000	0,212961
67,310000	0,214236
67,320000	0,211687
67,330000	0,218060
67,340000	0,202763
67,350000	0,212961
67,360000	0,204676
67,370000	0,209137
67,380000	0,206588
67,390000	0,209775
67,400000	0,202126
67,410000	0,211049
67,420000	0,209137
67,430000	0,212324
67,440000	0,209775
67,450000	0,212324
67,460000	0,206588
67,470000	0,212324
67,480000	0,205313
67,490000	0,214236
67,500000	0,204038
67,510000	0,212961
67,520000	0,205950
67,530000	0,210412
67,540000	0,203401
67,550000	0,209137
67,560000	0,204676
67,570000	0,209775
67,580000	0,203401
67,590000	0,207225
67,600000	0,207862
67,610000	0,205313
67,620000	0,207862
67,630000	0,207862
67,640000	0,207225
67,650000	0,208500
67,660000	0,203401
67,670000	0,202763
67,680000	0,204038
67,690000	0,205313
67,700000	0,197665
67,710000	0,201489
67,720000	0,202126
67,730000	0,202763
67,740000	0,199577
67,750000	0,196390
67,760000	0,200851
67,770000	0,200214
67,780000	0,192566
67,790000	0,195752
67,800000	0,192566
67,810000	0,198939
67,820000	0,196390
67,830000	0,193840
67,840000	0,197665
67,850000	0,194478
67,860000	0,195752
67,870000	0,196390
67,880000	0,191291
67,890000	0,199577
67,900000	0,191291
67,910000	0,188741
67,920000	0,181093
67,930000	0,186829
67,940000	0,188104
67,950000	0,190016
67,960000	0,183005
67,970000	0,182368
67,980000	0,185555
67,990000	0,192566
68,000000	0,181093
68,010000	0,188741
68,020000	0,177269
68,030000	0,185555
68,040000	0,177269
68,050000	0,186829
68,060000	0,176631
68,070000	0,178544
68,080000	0,185555
68,090000	0,177906
68,100000	0,183005
68,110000	0,180456
68,120000	0,177906
68,130000	0,178544
68,140000	0,177906
68,150000	0,177269
68,160000	0,172807
68,170000	0,175357
68,180000	0,172807
68,190000	0,175994
68,200000	0,173445
68,210000	0,167071
68,220000	0,173445
68,230000	0,167708
68,240000	0,167071
68,250000	0,165796
68,260000	0,170258
68,270000	0,167071
68,280000	0,177906
68,290000	0,159423
68,300000	0,177269
68,310000	0,163884
68,320000	0,174719
68,330000	0,160060
68,340000	0,183005
68,350000	0,168983
68,360000	0,170895
68,370000	0,169620
68,380000	0,173445
68,390000	0,153686
68,400000	0,167708
68,410000	0,154961
68,420000	0,161972
68,430000	0,149225
68,440000	0,156236
68,450000	0,153049
68,460000	0,146038
68,470000	0,157511
68,480000	0,143488
68,490000	0,163247
68,500000	0,156873
68,510000	0,154961
68,520000	0,155598
68,530000	0,155598
68,540000	0,153049
68,550000	0,153049
68,560000	0,149225
68,570000	0,154961
68,580000	0,154961
68,590000	0,147313
68,600000	0,154324
68,610000	0,149225
68,620000	0,153049
68,630000	0,146675
68,640000	0,147950
68,650000	0,149862
68,660000	0,146675
68,670000	0,149862
68,680000	0,146675
68,690000	0,144763
68,700000	0,150499
68,710000	0,147950
68,720000	0,144126
68,730000	0,144763
68,740000	0,144763
68,750000	0,145401
68,760000	0,141576
68,770000	0,146038
68,780000	0,142214
68,790000	0,142851
68,800000	0,140302
68,810000	0,136477
68,820000	0,141576
68,830000	0,141576
68,840000	0,138390
68,850000	0,141576
68,860000	0,139027
68,870000	0,139027
68,880000	0,140302
68,890000	0,137752
68,900000	0,135203
68,910000	0,139664
68,920000	0,142851
68,930000	0,135203
68,940000	0,137752
68,950000	0,139027
68,960000	0,135840
68,970000	0,133291
68,980000	0,137115
68,990000	0,132653
69,000000	0,135203
69,010000	0,131379
69,020000	0,132653
69,030000	0,136477
69,040000	0,137115
69,050000	0,133291
69,060000	0,134565
69,070000	0,135203
69,080000	0,134565
69,090000	0,132016
69,100000	0,132653
69,110000	0,132016
69,120000	0,128829
69,130000	0,127554
69,140000	0,128829
69,150000	0,133928
69,160000	0,124367
69,170000	0,127554
69,180000	0,132016
69,190000	0,127554
69,200000	0,128192
69,210000	0,130741
69,220000	0,132653
69,230000	0,132016
69,240000	0,130104
69,250000	0,126280
69,260000	0,126917
69,270000	0,130104
69,280000	0,123093
69,290000	0,123093
69,300000	0,126280
69,310000	0,128192
69,320000	0,122455
69,330000	0,124367
69,340000	0,122455
69,350000	0,134565
69,360000	0,124367
69,370000	0,136477
69,380000	0,130104
69,390000	0,133291
69,400000	0,132016
69,410000	0,134565
69,420000	0,132653
69,430000	0,128192
69,440000	0,128829
69,450000	0,123730
69,460000	0,114807
69,470000	0,123730
69,480000	0,123093
69,490000	0,121181
69,500000	0,117356
69,510000	0,122455
69,520000	0,122455
69,530000	0,129466
69,540000	0,126917
69,550000	0,131379
69,560000	0,117994
69,570000	0,114807
69,580000	0,125642
69,590000	0,119269
69,600000	0,119269
69,610000	0,100785
69,620000	0,111620
69,630000	0,120543
69,640000	0,107796
69,650000	0,125005
69,660000	0,130104
69,670000	0,133291
69,680000	0,139027
69,690000	0,127554
69,700000	0,143488
69,710000	0,121181
69,720000	0,126280
69,730000	0,119906
69,740000	0,105246
69,750000	0,100785
69,760000	0,102060
69,770000	0,098235
69,780000	0,115444
69,790000	0,099510
69,800000	0,110345
69,810000	0,116082
69,820000	0,112895
69,830000	0,117356
69,840000	0,123730
69,850000	0,116082
69,860000	0,130104
69,870000	0,124367
69,880000	0,122455
69,890000	0,115444
69,900000	0,123093
69,910000	0,120543
69,920000	0,119269
69,930000	0,117356
69,940000	0,114170
69,950000	0,121818
69,960000	0,114170
69,970000	0,121181
69,980000	0,115444
69,990000	0,119906
70,000000	0,116719
70,010000	0,112258
70,020000	0,117994
70,030000	0,117356
70,040000	0,116082
70,050000	0,116082
70,060000	0,110983
70,070000	0,114170
70,080000	0,113532
70,090000	0,113532
70,100000	0,113532
70,110000	0,114807
70,120000	0,116082
70,130000	0,114170
70,140000	0,116719
70,150000	0,113532
70,160000	0,115444
70,170000	0,114807
70,180000	0,109071
70,190000	0,110983
70,200000	0,110983
70,210000	0,108433
70,220000	0,109071
70,230000	0,108433
70,240000	0,112258
70,250000	0,112895
70,260000	0,110345
70,270000	0,109071
70,280000	0,113532
70,290000	0,112258
70,300000	0,110345
70,310000	0,112258
70,320000	0,114170
70,330000	0,107159
70,340000	0,112258
70,350000	0,109071
70,360000	0,106521
70,370000	0,112258
70,380000	0,109708
70,390000	0,110983
70,400000	0,109708
70,410000	0,112258
70,420000	0,112895
70,430000	0,109708
70,440000	0,110345
70,450000	0,110345
70,460000	0,108433
70,470000	0,107796
70,480000	0,112258
70,490000	0,109071
70,500000	0,104609
70,510000	0,109708
70,520000	0,106521
70,530000	0,107796
70,540000	0,107159
70,550000	0,112895
70,560000	0,115444
70,570000	0,110345
70,580000	0,107159
70,590000	0,109708
70,600000	0,107796
70,610000	0,105246
70,620000	0,107159
70,630000	0,105246
70,640000	0,112895
70,650000	0,104609
70,660000	0,108433
70,670000	0,109071
70,680000	0,110983
70,690000	0,109708
70,700000	0,111620
70,710000	0,117356
70,720000	0,110345
70,730000	0,103972
70,740000	0,109071
70,750000	0,098235
70,760000	0,108433
70,770000	0,098873
70,780000	0,100785
70,790000	0,100785
70,800000	0,097598
70,810000	0,102060
70,820000	0,105246
70,830000	0,103334
70,840000	0,108433
70,850000	0,112258
70,860000	0,112258
70,870000	0,109708
70,880000	0,109071
70,890000	0,108433
70,900000	0,109071
70,910000	0,100148
70,920000	0,105884
70,930000	0,096961
70,940000	0,096961
70,950000	0,117994
70,960000	0,098235
70,970000	0,116719
70,980000	0,110345
70,990000	0,105246
71,000000	0,107159
71,010000	0,102697
71,020000	0,112895
71,030000	0,112895
71,040000	0,079752
71,050000	0,076565
71,060000	0,081664
71,070000	0,092499
71,080000	0,087400
71,090000	0,110345
71,100000	0,099510
71,110000	0,102060
71,120000	0,086126
71,130000	0,107159
71,140000	0,091862
71,150000	0,133928
71,160000	0,100148
71,170000	0,113532
71,180000	0,107796
71,190000	0,119906
71,200000	0,111620
71,210000	0,121818
71,220000	0,099510
71,230000	0,115444
71,240000	0,084213
71,250000	0,116082
71,260000	0,091224
71,270000	0,122455
71,280000	0,097598
71,290000	0,102697
71,300000	0,105246
71,310000	0,101422
71,320000	0,097598
71,330000	0,096323
71,340000	0,090587
71,350000	0,105246
71,360000	0,097598
71,370000	0,103334
71,380000	0,096961
71,390000	0,105884
71,400000	0,103972
71,410000	0,101422
71,420000	0,112895
71,430000	0,102697
71,440000	0,105884
71,450000	0,100148
71,460000	0,105884
71,470000	0,102697
71,480000	0,105884
71,490000	0,103972
71,500000	0,103972
71,510000	0,103334
71,520000	0,104609
71,530000	0,105884
71,540000	0,102060
71,550000	0,109071
71,560000	0,102697
71,570000	0,105884
71,580000	0,103334
71,590000	0,103972
71,600000	0,105246
71,610000	0,100785
71,620000	0,106521
71,630000	0,106521
71,640000	0,105246
71,650000	0,106521
71,660000	0,105246
71,670000	0,105884
71,680000	0,104609
71,690000	0,105246
71,700000	0,103334
71,710000	0,107796
71,720000	0,103334
71,730000	0,102697
71,740000	0,102060
71,750000	0,105884
71,760000	0,104609
71,770000	0,105246
71,780000	0,105884
71,790000	0,104609
71,800000	0,103972
71,810000	0,105246
71,820000	0,103972
71,830000	0,104609
71,840000	0,100785
71,850000	0,103972
71,860000	0,102060
71,870000	0,105246
71,880000	0,103972
71,890000	0,107796
71,900000	0,103334
71,910000	0,107796
71,920000	0,099510
71,930000	0,106521
71,940000	0,102697
71,950000	0,102697
71,960000	0,100785
71,970000	0,103334
71,980000	0,105246
71,990000	0,107159
72,000000	0,106521
72,010000	0,102697
72,020000	0,108433
72,030000	0,106521
72,040000	0,106521
72,050000	0,100785
72,060000	0,104609
72,070000	0,105884
72,080000	0,103972
72,090000	0,093774
72,100000	0,098235
72,110000	0,109071
72,120000	0,118631
72,130000	0,115444
72,140000	0,105246
72,150000	0,108433
72,160000	0,111620
72,170000	0,113532
72,180000	0,111620
72,190000	0,103972
72,200000	0,101422
72,210000	0,109708
72,220000	0,098235
72,230000	0,107159
72,240000	0,096961
72,250000	0,107159
72,260000	0,107159
72,270000	0,093137
72,280000	0,110983
72,290000	0,125642
72,300000	0,105246
72,310000	0,098235
72,320000	0,107159
72,330000	0,072741
72,340000	0,102060
72,350000	0,085488
72,360000	0,089312
72,370000	0,092499
72,380000	0,092499
72,390000	0,112895
72,400000	0,110983
72,410000	0,089312
72,420000	0,122455
72,430000	0,095686
72,440000	0,126917
72,450000	0,077202
72,460000	0,082939
72,470000	0,137752
72,480000	0,072741
72,490000	0,130104
72,500000	0,130741
72,510000	0,075928
72,520000	0,125642
72,530000	0,112895
72,540000	0,111620
72,550000	0,104609
72,560000	0,085488
72,570000	0,087400
72,580000	0,063818
72,590000	0,086126
72,600000	0,117994
72,610000	0,081664
72,620000	0,107796
72,630000	0,075928
72,640000	0,112258
72,650000	0,098873
72,660000	0,117356
72,670000	0,109071
72,680000	0,111620
72,690000	0,114807
72,700000	0,110983
72,710000	0,097598
72,720000	0,100785
72,730000	0,091862
72,740000	0,099510
72,750000	0,098873
72,760000	0,099510
72,770000	0,096961
72,780000	0,102697
72,790000	0,099510
72,800000	0,100785
72,810000	0,102697
72,820000	0,098235
72,830000	0,103334
72,840000	0,095049
72,850000	0,100148
72,860000	0,095049
72,870000	0,100785
72,880000	0,096323
72,890000	0,095686
72,900000	0,101422
72,910000	0,098235
72,920000	0,098873
72,930000	0,095049
72,940000	0,102697
72,950000	0,096961
72,960000	0,099510
72,970000	0,096961
72,980000	0,100785
72,990000	0,098235
73,000000	0,100785
73,010000	0,099510
73,020000	0,096323
73,030000	0,099510
73,040000	0,100148
73,050000	0,100785
73,060000	0,095686
73,070000	0,096961
73,080000	0,099510
73,090000	0,099510
73,100000	0,098873
73,110000	0,096323
73,120000	0,096323
73,130000	0,101422
73,140000	0,097598
73,150000	0,096323
73,160000	0,093774
73,170000	0,100148
73,180000	0,098873
73,190000	0,096961
73,200000	0,098873
73,210000	0,099510
73,220000	0,100148
73,230000	0,096323
73,240000	0,098235
73,250000	0,102060
73,260000	0,098873
73,270000	0,102060
73,280000	0,101422
73,290000	0,095049
73,300000	0,096961
73,310000	0,101422
73,320000	0,096961
73,330000	0,097598
73,340000	0,098873
73,350000	0,102060
73,360000	0,102060
73,370000	0,100785
73,380000	0,102697
73,390000	0,099510
73,400000	0,098235
73,410000	0,097598
73,420000	0,091862
73,430000	0,096323
73,440000	0,095049
73,450000	0,095049
73,460000	0,099510
73,470000	0,090587
73,480000	0,107796
73,490000	0,102060
73,500000	0,096961
73,510000	0,101422
73,520000	0,094411
73,530000	0,089312
73,540000	0,091862
73,550000	0,102060
73,560000	0,111620
73,570000	0,095686
73,580000	0,100785
73,590000	0,102697
73,600000	0,100148
73,610000	0,088038
73,620000	0,086763
73,630000	0,109071
73,640000	0,103972
73,650000	0,107159
73,660000	0,104609
73,670000	0,116082
73,680000	0,107159
73,690000	0,100785
73,700000	0,123730
73,710000	0,096961
73,720000	0,087400
73,730000	0,109708
73,740000	0,091862
73,750000	0,093137
73,760000	0,077202
73,770000	0,120543
73,780000	0,091862
73,790000	0,091224
73,800000	0,114807
73,810000	0,110983
73,820000	0,153686
73,830000	0,135203
73,840000	0,125005
73,850000	0,081027
73,860000	0,070191
73,870000	0,093137
73,880000	0,107159
73,890000	0,051070
73,900000	0,081664
73,910000	0,053620
73,920000	0,084213
73,930000	0,079114
73,940000	0,123093
73,950000	0,079752
73,960000	0,105884
73,970000	0,108433
73,980000	0,095686
73,990000	0,131379
74,000000	0,102060
74,010000	0,121181
74,020000	0,098235
74,030000	0,091862
74,040000	0,109071
74,050000	0,094411
74,060000	0,109071
74,070000	0,099510
74,080000	0,097598
74,090000	0,101422
74,100000	0,096961
74,110000	0,098235
74,120000	0,095049
74,130000	0,101422
74,140000	0,102060
74,150000	0,101422
74,160000	0,102697
74,170000	0,107796
74,180000	0,101422
74,190000	0,103334
74,200000	0,103334
74,210000	0,102060
74,220000	0,105884
74,230000	0,102697
74,240000	0,103972
74,250000	0,100148
74,260000	0,105246
74,270000	0,103334
74,280000	0,098873
74,290000	0,100785
74,300000	0,105884
74,310000	0,105884
74,320000	0,107159
74,330000	0,102697
74,340000	0,099510
74,350000	0,101422
74,360000	0,104609
74,370000	0,098873
74,380000	0,103972
74,390000	0,105884
74,400000	0,100785
74,410000	0,102060
74,420000	0,102060
74,430000	0,096961
74,440000	0,104609
74,450000	0,099510
74,460000	0,106521
74,470000	0,102060
74,480000	0,107796
74,490000	0,103334
74,500000	0,103972
74,510000	0,103972
74,520000	0,109708
74,530000	0,103334
74,540000	0,110983
74,550000	0,098235
74,560000	0,107796
74,570000	0,102697
74,580000	0,104609
74,590000	0,102060
74,600000	0,105884
74,610000	0,102697
74,620000	0,107159
74,630000	0,104609
74,640000	0,105884
74,650000	0,114170
74,660000	0,106521
74,670000	0,110345
74,680000	0,108433
74,690000	0,107159
74,700000	0,112895
74,710000	0,101422
74,720000	0,100148
74,730000	0,105884
74,740000	0,096961
74,750000	0,110983
74,760000	0,103972
74,770000	0,104609
74,780000	0,119269
74,790000	0,110983
74,800000	0,104609
74,810000	0,106521
74,820000	0,103972
74,830000	0,120543
74,840000	0,103972
74,850000	0,103972
74,860000	0,098873
74,870000	0,106521
74,880000	0,097598
74,890000	0,101422
74,900000	0,110983
74,910000	0,123093
74,920000	0,107796
74,930000	0,119906
74,940000	0,114807
74,950000	0,119906
74,960000	0,119906
74,970000	0,105884
74,980000	0,103972
74,990000	0,103972
75,000000	0,108433
75,010000	0,105246
75,020000	0,105246
75,030000	0,100148
75,040000	0,128192
75,050000	0,102697
75,060000	0,119269
75,070000	0,117356
75,080000	0,114170
75,090000	0,140939
75,100000	0,131379
75,110000	0,097598
75,120000	0,110983
75,130000	0,077202
75,140000	0,117994
75,150000	0,090587
75,160000	0,059994
75,170000	0,099510
75,180000	0,083576
75,190000	0,112258
75,200000	0,079752
75,210000	0,097598
75,220000	0,142851
75,230000	0,104609
75,240000	0,104609
75,250000	0,161335
75,260000	0,119906
75,270000	0,164522
75,280000	0,105884
75,290000	0,117356
75,300000	0,102060
75,310000	0,123730
75,320000	0,117356
75,330000	0,110983
75,340000	0,141576
75,350000	0,113532
75,360000	0,112895
75,370000	0,125005
75,380000	0,119269
75,390000	0,123093
75,400000	0,123093
75,410000	0,134565
75,420000	0,121818
75,430000	0,114807
75,440000	0,121818
75,450000	0,117994
75,460000	0,120543
75,470000	0,125005
75,480000	0,126917
75,490000	0,125005
75,500000	0,126917
75,510000	0,125642
75,520000	0,122455
75,530000	0,124367
75,540000	0,124367
75,550000	0,124367
75,560000	0,121818
75,570000	0,116719
75,580000	0,125005
75,590000	0,122455
75,600000	0,125642
75,610000	0,130104
75,620000	0,127554
75,630000	0,130104
75,640000	0,128192
75,650000	0,125642
75,660000	0,132653
75,670000	0,127554
75,680000	0,127554
75,690000	0,131379
75,700000	0,130104
75,710000	0,128829
75,720000	0,132653
75,730000	0,128829
75,740000	0,131379
75,750000	0,133291
75,760000	0,134565
75,770000	0,132653
75,780000	0,134565
75,790000	0,134565
75,800000	0,133291
75,810000	0,128192
75,820000	0,136477
75,830000	0,137752
75,840000	0,133928
75,850000	0,137752
75,860000	0,137752
75,870000	0,134565
75,880000	0,137752
75,890000	0,140302
75,900000	0,140939
75,910000	0,145401
75,920000	0,141576
75,930000	0,142851
75,940000	0,143488
75,950000	0,140302
75,960000	0,145401
75,970000	0,139027
75,980000	0,140302
75,990000	0,137115
76,000000	0,140939
76,010000	0,145401
76,020000	0,143488
76,030000	0,145401
76,040000	0,146038
76,050000	0,146038
76,060000	0,144763
76,070000	0,148587
76,080000	0,146675
76,090000	0,141576
76,100000	0,147313
76,110000	0,142214
76,120000	0,136477
76,130000	0,142851
76,140000	0,144763
76,150000	0,152412
76,160000	0,137115
76,170000	0,151774
76,180000	0,144763
76,190000	0,155598
76,200000	0,154961
76,210000	0,164522
76,220000	0,156236
76,230000	0,156236
76,240000	0,153686
76,250000	0,144763
76,260000	0,144763
76,270000	0,147950
76,280000	0,149862
76,290000	0,152412
76,300000	0,143488
76,310000	0,158785
76,320000	0,184917
76,330000	0,161972
76,340000	0,170258
76,350000	0,155598
76,360000	0,182368
76,370000	0,154324
76,380000	0,179181
76,390000	0,147313
76,400000	0,158148
76,410000	0,131379
76,420000	0,160060
76,430000	0,160697
76,440000	0,168983
76,450000	0,205950
76,460000	0,184280
76,470000	0,202763
76,480000	0,192566
76,490000	0,193203
76,500000	0,201489
76,510000	0,173445
76,520000	0,184917
76,530000	0,157511
76,540000	0,139664
76,550000	0,178544
76,560000	0,140939
76,570000	0,170895
76,580000	0,144763
76,590000	0,165159
76,600000	0,161972
76,610000	0,172807
76,620000	0,183005
76,630000	0,174719
76,640000	0,187467
76,650000	0,175994
76,660000	0,187467
76,670000	0,181730
76,680000	0,181093
76,690000	0,174719
76,700000	0,179818
76,710000	0,181730
76,720000	0,174082
76,730000	0,184280
76,740000	0,183005
76,750000	0,187467
76,760000	0,187467
76,770000	0,181093
76,780000	0,191291
76,790000	0,183005
76,800000	0,186192
76,810000	0,186829
76,820000	0,191291
76,830000	0,184917
76,840000	0,188104
76,850000	0,185555
76,860000	0,187467
76,870000	0,187467
76,880000	0,194478
76,890000	0,183005
76,900000	0,195115
76,910000	0,190016
76,920000	0,198939
76,930000	0,193203
76,940000	0,197665
76,950000	0,186192
76,960000	0,198939
76,970000	0,193840
76,980000	0,197027
76,990000	0,193203
77,000000	0,198302
77,010000	0,194478
77,020000	0,197665
77,030000	0,192566
77,040000	0,197027
77,050000	0,194478
77,060000	0,196390
77,070000	0,197027
77,080000	0,196390
77,090000	0,195115
77,100000	0,200851
77,110000	0,198302
77,120000	0,200851
77,130000	0,206588
77,140000	0,195752
77,150000	0,198302
77,160000	0,199577
77,170000	0,197027
77,180000	0,203401
77,190000	0,197665
77,200000	0,202763
77,210000	0,200214
77,220000	0,202126
77,230000	0,204038
77,240000	0,200851
77,250000	0,203401
77,260000	0,204676
77,270000	0,205313
77,280000	0,206588
77,290000	0,208500
77,300000	0,202126
77,310000	0,208500
77,320000	0,206588
77,330000	0,209137
77,340000	0,205950
77,350000	0,205313
77,360000	0,208500
77,370000	0,209137
77,380000	0,206588
77,390000	0,218060
77,400000	0,208500
77,410000	0,215511
77,420000	0,207862
77,430000	0,209775
77,440000	0,206588
77,450000	0,206588
77,460000	0,209775
77,470000	0,204038
77,480000	0,205950
77,490000	0,205950
77,500000	0,213599
77,510000	0,195115
77,520000	0,210412
77,530000	0,204038
77,540000	0,207225
77,550000	0,204676
77,560000	0,201489
77,570000	0,198302
77,580000	0,200214
77,590000	0,193840
77,600000	0,207225
77,610000	0,204038
77,620000	0,204038
77,630000	0,210412
77,640000	0,205313
77,650000	0,201489
77,660000	0,208500
77,670000	0,201489
77,680000	0,196390
77,690000	0,204676
77,700000	0,192566
77,710000	0,200851
77,720000	0,181093
77,730000	0,199577
77,740000	0,188741
77,750000	0,185555
77,760000	0,190654
77,770000	0,190654
77,780000	0,193840
77,790000	0,200214
77,800000	0,200851
77,810000	0,202126
77,820000	0,192566
77,830000	0,200214
77,840000	0,193203
77,850000	0,200214
77,860000	0,193840
77,870000	0,198939
77,880000	0,198939
77,890000	0,201489
77,900000	0,193840
77,910000	0,195752
77,920000	0,192566
77,930000	0,190016
77,940000	0,190016
77,950000	0,190016
77,960000	0,187467
77,970000	0,183005
77,980000	0,179818
77,990000	0,182368
78,000000	0,183643
78,010000	0,181730
78,020000	0,183005
78,030000	0,174082
78,040000	0,177906
78,050000	0,187467
78,060000	0,179181
78,070000	0,183643
78,080000	0,177269
78,090000	0,183005
78,100000	0,179181
78,110000	0,180456
78,120000	0,173445
78,130000	0,181093
78,140000	0,174719
78,150000	0,179181
78,160000	0,174082
78,170000	0,174082
78,180000	0,175994
78,190000	0,175357
78,200000	0,177269
78,210000	0,173445
78,220000	0,175994
78,230000	0,167708
78,240000	0,178544
78,250000	0,173445
78,260000	0,172170
78,270000	0,165159
78,280000	0,171533
78,290000	0,163247
78,300000	0,171533
78,310000	0,163247
78,320000	0,166434
78,330000	0,161972
78,340000	0,167071
78,350000	0,162609
78,360000	0,165796
78,370000	0,165796
78,380000	0,165159
78,390000	0,163247
78,400000	0,160060
78,410000	0,163247
78,420000	0,162609
78,430000	0,160697
78,440000	0,161335
78,450000	0,160697
78,460000	0,158148
78,470000	0,160060
78,480000	0,155598
78,490000	0,154961
78,500000	0,156873
78,510000	0,155598
78,520000	0,153049
78,530000	0,158148
78,540000	0,151137
78,550000	0,156236
78,560000	0,150499
78,570000	0,154324
78,580000	0,149225
78,590000	0,155598
78,600000	0,149862
78,610000	0,147950
78,620000	0,150499
78,630000	0,147950
78,640000	0,146038
78,650000	0,147950
78,660000	0,147313
78,670000	0,144763
78,680000	0,146038
78,690000	0,144763
78,700000	0,142851
78,710000	0,147313
78,720000	0,144763
78,730000	0,142851
78,740000	0,144126
78,750000	0,144763
78,760000	0,142214
78,770000	0,142851
78,780000	0,140939
78,790000	0,142214
78,800000	0,143488
78,810000	0,140939
78,820000	0,142851
78,830000	0,138390
78,840000	0,146038
78,850000	0,138390
78,860000	0,141576
78,870000	0,139664
78,880000	0,142851
78,890000	0,136477
78,900000	0,140939
78,910000	0,134565
78,920000	0,137115
78,930000	0,137752
78,940000	0,139664
78,950000	0,137752
78,960000	0,135203
78,970000	0,137752
78,980000	0,139664
78,990000	0,134565
79,000000	0,137752
79,010000	0,133928
79,020000	0,135840
79,030000	0,132016
79,040000	0,132653
79,050000	0,134565
79,060000	0,133291
79,070000	0,132016
79,080000	0,130741
79,090000	0,132653
79,100000	0,134565
79,110000	0,131379
79,120000	0,131379
79,130000	0,128829
79,140000	0,130104
79,150000	0,132653
79,160000	0,128829
79,170000	0,125642
79,180000	0,126917
79,190000	0,131379
79,200000	0,130104
79,210000	0,128829
79,220000	0,132016
79,230000	0,121181
79,240000	0,127554
79,250000	0,124367
79,260000	0,126917
79,270000	0,125642
79,280000	0,126917
79,290000	0,126917
79,300000	0,125005
79,310000	0,121181
79,320000	0,130104
79,330000	0,128192
79,340000	0,122455
79,350000	0,126917
79,360000	0,128192
79,370000	0,125005
79,380000	0,126917
79,390000	0,125642
79,400000	0,130104
79,410000	0,121818
79,420000	0,130741
79,430000	0,123093
79,440000	0,125005
79,450000	0,122455
79,460000	0,123093
79,470000	0,122455
79,480000	0,123093
79,490000	0,120543
79,500000	0,124367
79,510000	0,121818
79,520000	0,123730
79,530000	0,121818
79,540000	0,119269
79,550000	0,122455
79,560000	0,120543
79,570000	0,121181
79,580000	0,119906
79,590000	0,117356
79,600000	0,121181
79,610000	0,120543
79,620000	0,117994
79,630000	0,119269
79,640000	0,122455
79,650000	0,119906
79,660000	0,121181
79,670000	0,121181
79,680000	0,119269
79,690000	0,119906
79,700000	0,119269
79,710000	0,117356
79,720000	0,121181
79,730000	0,119269
79,740000	0,121181
79,750000	0,119906
79,760000	0,115444
79,770000	0,118631
79,780000	0,118631
79,790000	0,116082
79,800000	0,117356
79,810000	0,117356
79,820000	0,119269
79,830000	0,119906
79,840000	0,117994
79,850000	0,115444
79,860000	0,119269
79,870000	0,118631
79,880000	0,117994
79,890000	0,115444
79,900000	0,114170
79,910000	0,116719
79,920000	0,114170
79,930000	0,117994
79,940000	0,116719
79,950000	0,116719
79,960000	0,114170
79,970000	0,112258
79,980000	0,115444
79,990000	0,112258
80,000000	0,114807
80,010000	0,114170
80,020000	0,112895
80,030000	0,112895
80,040000	0,113532
80,050000	0,112258
80,060000	0,111620
80,070000	0,111620
80,080000	0,114170
80,090000	0,112895
80,100000	0,112258
80,110000	0,109708
80,120000	0,112258
80,130000	0,112895
80,140000	0,112258
80,150000	0,112258
80,160000	0,114170
80,170000	0,112258
80,180000	0,114170
80,190000	0,109071
80,200000	0,112258
80,210000	0,109071
80,220000	0,110983
80,230000	0,110345
80,240000	0,108433
80,250000	0,111620
80,260000	0,110983
80,270000	0,109071
80,280000	0,112258
80,290000	0,110983
80,300000	0,110345
80,310000	0,106521
80,320000	0,110983
80,330000	0,107796
80,340000	0,110983
80,350000	0,109071
80,360000	0,109071
80,370000	0,108433
80,380000	0,109708
80,390000	0,112258
80,400000	0,107796
80,410000	0,108433
80,420000	0,109071
80,430000	0,107796
80,440000	0,108433
80,450000	0,110345
80,460000	0,109708
80,470000	0,107159
80,480000	0,110345
80,490000	0,108433
80,500000	0,105884
80,510000	0,106521
80,520000	0,103972
80,530000	0,105884
80,540000	0,108433
80,550000	0,109071
80,560000	0,103972
80,570000	0,107159
80,580000	0,107159
80,590000	0,107796
80,600000	0,107796
80,610000	0,107159
80,620000	0,111620
80,630000	0,105246
80,640000	0,109071
80,650000	0,104609
80,660000	0,109708
80,670000	0,105246
80,680000	0,110345
80,690000	0,106521
80,700000	0,105884
80,710000	0,105884
80,720000	0,102697
80,730000	0,103972
80,740000	0,105884
80,750000	0,105884
80,760000	0,105246
80,770000	0,102697
80,780000	0,107159
80,790000	0,103334
80,800000	0,108433
80,810000	0,103972
80,820000	0,105246
80,830000	0,102697
80,840000	0,106521
80,850000	0,104609
80,860000	0,104609
80,870000	0,106521
80,880000	0,106521
80,890000	0,103972
80,900000	0,107159
80,910000	0,105884
80,920000	0,103972
80,930000	0,104609
80,940000	0,105246
80,950000	0,105246
80,960000	0,104609
80,970000	0,106521
80,980000	0,104609
80,990000	0,102060
81,000000	0,105246
81,010000	0,103972
81,020000	0,103334
81,030000	0,102697
81,040000	0,103334
81,050000	0,107159
81,060000	0,101422
81,070000	0,107159
81,080000	0,102697
81,090000	0,104609
81,100000	0,103334
81,110000	0,103972
81,120000	0,098873
81,130000	0,102060
81,140000	0,102060
81,150000	0,102060
81,160000	0,102060
81,170000	0,103972
81,180000	0,102697
81,190000	0,102697
81,200000	0,099510
81,210000	0,104609
81,220000	0,102060
81,230000	0,102697
81,240000	0,104609
81,250000	0,103972
81,260000	0,102697
81,270000	0,103972
81,280000	0,103334
81,290000	0,104609
81,300000	0,103972
81,310000	0,100785
81,320000	0,103334
81,330000	0,103334
81,340000	0,101422
81,350000	0,105884
81,360000	0,101422
81,370000	0,102060
81,380000	0,099510
81,390000	0,102697
81,400000	0,103972
81,410000	0,100148
81,420000	0,103334
81,430000	0,102060
81,440000	0,098873
81,450000	0,102060
81,460000	0,102060
81,470000	0,103972
81,480000	0,100148
81,490000	0,102060
81,500000	0,103334
81,510000	0,102697
81,520000	0,102060
81,530000	0,100148
81,540000	0,102697
81,550000	0,102060
81,560000	0,098873
81,570000	0,099510
81,580000	0,102060
81,590000	0,101422
81,600000	0,102697
81,610000	0,102697
81,620000	0,099510
81,630000	0,103972
81,640000	0,104609
81,650000	0,101422
81,660000	0,102060
81,670000	0,100785
81,680000	0,103334
81,690000	0,103334
81,700000	0,104609
81,710000	0,100785
81,720000	0,101422
81,730000	0,102697
81,740000	0,102697
81,750000	0,103334
81,760000	0,101422
81,770000	0,102697
81,780000	0,103334
81,790000	0,101422
81,800000	0,102060
81,810000	0,104609
81,820000	0,103972
81,830000	0,102060
81,840000	0,103972
81,850000	0,102060
81,860000	0,103972
81,870000	0,102060
81,880000	0,105246
81,890000	0,099510
81,900000	0,102060
81,910000	0,100148
81,920000	0,103972
81,930000	0,100148
81,940000	0,103334
81,950000	0,100148
81,960000	0,103972
81,970000	0,102060
81,980000	0,102060
81,990000	0,102060
82,000000	0,104609
82,010000	0,103334
82,020000	0,102060
82,030000	0,101422
82,040000	0,102697
82,050000	0,101422
82,060000	0,101422
82,070000	0,101422
82,080000	0,101422
82,090000	0,100148
82,100000	0,105246
82,110000	0,102060
82,120000	0,103972
82,130000	0,102060
82,140000	0,104609
82,150000	0,104609
82,160000	0,103334
82,170000	0,103972
82,180000	0,102060
82,190000	0,102697
82,200000	0,104609
82,210000	0,098235
82,220000	0,105884
82,230000	0,102060
82,240000	0,105246
82,250000	0,102060
82,260000	0,102060
82,270000	0,102060
82,280000	0,105246
82,290000	0,101422
82,300000	0,102060
82,310000	0,103334
82,320000	0,102697
82,330000	0,099510
82,340000	0,100148
82,350000	0,100785
82,360000	0,102697
82,370000	0,097598
82,380000	0,102697
82,390000	0,102697
82,400000	0,104609
82,410000	0,100785
82,420000	0,099510
82,430000	0,099510
82,440000	0,100148
82,450000	0,105246
82,460000	0,103972
82,470000	0,102060
82,480000	0,102697
82,490000	0,102697
82,500000	0,103334
82,510000	0,102060
82,520000	0,101422
82,530000	0,101422
82,540000	0,099510
82,550000	0,102060
82,560000	0,102060
82,570000	0,101422
82,580000	0,100148
82,590000	0,098873
82,600000	0,100785
82,610000	0,096961
82,620000	0,101422
82,630000	0,101422
82,640000	0,103334
82,650000	0,098235
82,660000	0,100148
82,670000	0,098873
82,680000	0,099510
82,690000	0,097598
82,700000	0,101422
82,710000	0,098873
82,720000	0,098873
82,730000	0,099510
82,740000	0,098873
82,750000	0,099510
82,760000	0,100785
82,770000	0,099510
82,780000	0,100148
82,790000	0,099510
82,800000	0,098873
82,810000	0,100785
82,820000	0,099510
82,830000	0,100148
82,840000	0,099510
82,850000	0,096961
82,860000	0,099510
82,870000	0,096323
82,880000	0,098235
82,890000	0,095686
82,900000	0,098235
82,910000	0,100148
82,920000	0,098873
82,930000	0,097598
82,940000	0,098235
82,950000	0,099510
82,960000	0,098235
82,970000	0,098235
82,980000	0,099510
82,990000	0,098873
83,000000	0,098235
83,010000	0,098235
83,020000	0,098873
83,030000	0,096961
83,040000	0,096961
83,050000	0,095686
83,060000	0,098873
83,070000	0,100785
83,080000	0,098873
83,090000	0,095686
83,100000	0,099510
83,110000	0,098235
83,120000	0,099510
83,130000	0,098235
83,140000	0,100785
83,150000	0,096323
83,160000	0,099510
83,170000	0,098235
83,180000	0,098235
83,190000	0,100148
83,200000	0,099510
83,210000	0,096961
83,220000	0,096961
83,230000	0,096961
83,240000	0,098235
83,250000	0,099510
83,260000	0,096323
83,270000	0,096961
83,280000	0,096323
83,290000	0,096961
83,300000	0,099510
83,310000	0,097598
83,320000	0,098873
83,330000	0,100785
83,340000	0,098873
83,350000	0,096323
83,360000	0,098873
83,370000	0,097598
83,380000	0,096323
83,390000	0,096961
83,400000	0,101422
83,410000	0,097598
83,420000	0,100785
83,430000	0,096961
83,440000	0,096961
83,450000	0,098235
83,460000	0,098873
83,470000	0,098235
83,480000	0,098235
83,490000	0,099510
83,500000	0,097598
83,510000	0,100148
83,520000	0,098235
83,530000	0,098235
83,540000	0,097598
83,550000	0,098873
83,560000	0,100785
83,570000	0,096961
83,580000	0,098873
83,590000	0,100148
83,600000	0,100148
83,610000	0,096961
83,620000	0,099510
83,630000	0,096961
83,640000	0,097598
83,650000	0,098235
83,660000	0,098873
83,670000	0,100148
83,680000	0,095049
83,690000	0,096961
83,700000	0,098873
83,710000	0,096961
83,720000	0,098873
83,730000	0,097598
83,740000	0,098873
83,750000	0,096961
83,760000	0,100148
83,770000	0,097598
83,780000	0,100148
83,790000	0,099510
83,800000	0,098235
83,810000	0,099510
83,820000	0,098235
83,830000	0,099510
83,840000	0,098235
83,850000	0,098873
83,860000	0,102060
83,870000	0,096323
83,880000	0,102060
83,890000	0,098873
83,900000	0,101422
83,910000	0,098873
83,920000	0,100148
83,930000	0,098873
83,940000	0,100785
83,950000	0,099510
83,960000	0,101422
83,970000	0,095686
83,980000	0,102060
83,990000	0,098873
84,000000	0,103334
84,010000	0,099510
84,020000	0,100148
84,030000	0,096961
84,040000	0,100148
84,050000	0,100148
84,060000	0,099510
84,070000	0,102697
84,080000	0,102697
84,090000	0,101422
84,100000	0,100785
84,110000	0,098873
84,120000	0,101422
84,130000	0,102060
84,140000	0,101422
84,150000	0,099510
84,160000	0,103334
84,170000	0,102060
84,180000	0,102060
84,190000	0,099510
84,200000	0,104609
84,210000	0,098873
84,220000	0,103334
84,230000	0,100785
84,240000	0,100785
84,250000	0,099510
84,260000	0,103972
84,270000	0,100785
84,280000	0,102060
84,290000	0,101422
84,300000	0,105884
84,310000	0,102060
84,320000	0,102060
84,330000	0,100148
84,340000	0,105884
84,350000	0,100785
84,360000	0,105246
84,370000	0,100785
84,380000	0,102697
84,390000	0,102697
84,400000	0,104609
84,410000	0,100148
84,420000	0,101422
84,430000	0,106521
84,440000	0,101422
84,450000	0,102697
84,460000	0,103972
84,470000	0,103972
84,480000	0,105246
84,490000	0,104609
84,500000	0,104609
84,510000	0,103972
84,520000	0,102697
84,530000	0,105884
84,540000	0,103334
84,550000	0,105246
84,560000	0,103972
84,570000	0,103334
84,580000	0,104609
84,590000	0,107796
84,600000	0,102060
84,610000	0,106521
84,620000	0,102060
84,630000	0,103972
84,640000	0,102697
84,650000	0,104609
84,660000	0,105246
84,670000	0,107796
84,680000	0,105884
84,690000	0,106521
84,700000	0,105246
84,710000	0,103334
84,720000	0,103972
84,730000	0,107159
84,740000	0,107159
84,750000	0,106521
84,760000	0,107159
84,770000	0,105246
84,780000	0,108433
84,790000	0,107159
84,800000	0,107796
84,810000	0,109071
84,820000	0,109071
84,830000	0,106521
84,840000	0,107796
84,850000	0,107796
84,860000	0,107796
84,870000	0,110345
84,880000	0,107159
84,890000	0,107159
84,900000	0,107159
84,910000	0,110983
84,920000	0,109708
84,930000	0,110345
84,940000	0,109071
84,950000	0,109071
84,960000	0,107159
84,970000	0,108433
84,980000	0,109071
84,990000	0,107796
85,000000	0,109071
85,010000	0,111620
85,020000	0,112895
85,030000	0,110345
85,040000	0,111620
85,050000	0,110345
85,060000	0,109071
85,070000	0,113532
85,080000	0,112258
85,090000	0,109708
85,100000	0,112895
85,110000	0,109708
85,120000	0,116082
85,130000	0,112258
85,140000	0,110345
85,150000	0,115444
85,160000	0,116082
85,170000	0,110983
85,180000	0,112258
85,190000	0,112258
85,200000	0,116719
85,210000	0,110345
85,220000	0,117356
85,230000	0,112258
85,240000	0,116082
85,250000	0,114170
85,260000	0,116719
85,270000	0,117356
85,280000	0,117356
85,290000	0,116719
85,300000	0,116082
85,310000	0,117356
85,320000	0,117994
85,330000	0,117356
85,340000	0,116719
85,350000	0,116719
85,360000	0,121181
85,370000	0,114170
85,380000	0,118631
85,390000	0,118631
85,400000	0,119269
85,410000	0,120543
85,420000	0,117994
85,430000	0,121818
85,440000	0,120543
85,450000	0,120543
85,460000	0,120543
85,470000	0,119269
85,480000	0,123093
85,490000	0,119906
85,500000	0,125005
85,510000	0,122455
85,520000	0,122455
85,530000	0,122455
85,540000	0,126280
85,550000	0,123730
85,560000	0,123093
85,570000	0,121818
85,580000	0,125005
85,590000	0,123093
85,600000	0,128192
85,610000	0,124367
85,620000	0,127554
85,630000	0,124367
85,640000	0,125642
85,650000	0,126917
85,660000	0,130104
85,670000	0,127554
85,680000	0,128192
85,690000	0,128829
85,700000	0,128829
85,710000	0,126280
85,720000	0,130104
85,730000	0,127554
85,740000	0,132016
85,750000	0,127554
85,760000	0,132016
85,770000	0,130104
85,780000	0,130104
85,790000	0,128829
85,800000	0,132653
85,810000	0,133928
85,820000	0,129466
85,830000	0,132016
85,840000	0,134565
85,850000	0,132653
85,860000	0,137115
85,870000	0,132653
85,880000	0,139027
85,890000	0,133928
85,900000	0,135203
85,910000	0,135203
85,920000	0,142851
85,930000	0,136477
85,940000	0,139664
85,950000	0,136477
85,960000	0,139664
85,970000	0,140302
85,980000	0,140939
85,990000	0,137115
86,000000	0,142851
86,010000	0,145401
86,020000	0,143488
86,030000	0,141576
86,040000	0,143488
86,050000	0,142214
86,060000	0,145401
86,070000	0,142851
86,080000	0,144763
86,090000	0,144763
86,100000	0,145401
86,110000	0,144126
86,120000	0,147950
86,130000	0,143488
86,140000	0,151137
86,150000	0,146675
86,160000	0,149225
86,170000	0,151137
86,180000	0,149862
86,190000	0,149225
86,200000	0,149862
86,210000	0,153049
86,220000	0,152412
86,230000	0,150499
86,240000	0,153049
86,250000	0,155598
86,260000	0,153686
86,270000	0,156873
86,280000	0,156873
86,290000	0,156236
86,300000	0,156236
86,310000	0,153049
86,320000	0,157511
86,330000	0,159423
86,340000	0,158785
86,350000	0,155598
86,360000	0,160060
86,370000	0,160697
86,380000	0,160060
86,390000	0,163884
86,400000	0,161972
86,410000	0,164522
86,420000	0,165159
86,430000	0,162609
86,440000	0,166434
86,450000	0,164522
86,460000	0,168983
86,470000	0,165796
86,480000	0,165159
86,490000	0,169620
86,500000	0,167708
86,510000	0,173445
86,520000	0,171533
86,530000	0,171533
86,540000	0,171533
86,550000	0,170895
86,560000	0,169620
86,570000	0,173445
86,580000	0,172170
86,590000	0,175357
86,600000	0,173445
86,610000	0,180456
86,620000	0,178544
86,630000	0,174082
86,640000	0,177269
86,650000	0,181093
86,660000	0,179181
86,670000	0,178544
86,680000	0,178544
86,690000	0,183005
86,700000	0,179818
86,710000	0,179818
86,720000	0,181730
86,730000	0,183005
86,740000	0,184280
86,750000	0,181730
86,760000	0,185555
86,770000	0,181093
86,780000	0,183005
86,790000	0,186192
86,800000	0,184917
86,810000	0,188741
86,820000	0,183005
86,830000	0,188741
86,840000	0,187467
86,850000	0,186829
86,860000	0,183643
86,870000	0,192566
86,880000	0,187467
86,890000	0,188104
86,900000	0,185555
86,910000	0,195115
86,920000	0,191291
86,930000	0,191291
86,940000	0,190654
86,950000	0,195115
86,960000	0,190016
86,970000	0,192566
86,980000	0,192566
86,990000	0,197027
87,000000	0,193840
87,010000	0,197027
87,020000	0,192566
87,030000	0,196390
87,040000	0,195752
87,050000	0,200851
87,060000	0,196390
87,070000	0,195752
87,080000	0,194478
87,090000	0,197665
87,100000	0,198939
87,110000	0,198939
87,120000	0,197665
87,130000	0,194478
87,140000	0,203401
87,150000	0,198302
87,160000	0,203401
87,170000	0,200851
87,180000	0,202763
87,190000	0,198939
87,200000	0,202126
87,210000	0,199577
87,220000	0,204038
87,230000	0,200214
87,240000	0,201489
87,250000	0,200214
87,260000	0,208500
87,270000	0,201489
87,280000	0,207862
87,290000	0,203401
87,300000	0,204038
87,310000	0,207862
87,320000	0,204676
87,330000	0,205313
87,340000	0,205313
87,350000	0,205313
87,360000	0,204038
87,370000	0,205950
87,380000	0,204676
87,390000	0,203401
87,400000	0,202126
87,410000	0,204038
87,420000	0,207862
87,430000	0,201489
87,440000	0,205313
87,450000	0,198939
87,460000	0,208500
87,470000	0,200851
87,480000	0,202763
87,490000	0,201489
87,500000	0,205313
87,510000	0,199577
87,520000	0,202763
87,530000	0,202126
87,540000	0,205950
87,550000	0,200214
87,560000	0,202763
87,570000	0,200214
87,580000	0,203401
87,590000	0,203401
87,600000	0,202126
87,610000	0,198302
87,620000	0,204038
87,630000	0,197027
87,640000	0,202763
87,650000	0,200214
87,660000	0,201489
87,670000	0,198302
87,680000	0,200851
87,690000	0,198302
87,700000	0,201489
87,710000	0,195752
87,720000	0,201489
87,730000	0,197665
87,740000	0,200214
87,750000	0,197027
87,760000	0,199577
87,770000	0,200214
87,780000	0,197027
87,790000	0,198939
87,800000	0,195752
87,810000	0,191291
87,820000	0,195752
87,830000	0,193840
87,840000	0,192566
87,850000	0,190016
87,860000	0,193840
87,870000	0,192566
87,880000	0,193840
87,890000	0,192566
87,900000	0,188741
87,910000	0,193203
87,920000	0,190654
87,930000	0,191291
87,940000	0,191291
87,950000	0,186829
87,960000	0,186192
87,970000	0,191928
87,980000	0,184917
87,990000	0,185555
88,000000	0,185555
88,010000	0,183643
88,020000	0,181093
88,030000	0,184280
88,040000	0,180456
88,050000	0,186192
88,060000	0,178544
88,070000	0,184280
88,080000	0,175994
88,090000	0,181093
88,100000	0,177269
88,110000	0,179818
88,120000	0,180456
88,130000	0,175994
88,140000	0,177906
88,150000	0,175994
88,160000	0,173445
88,170000	0,175357
88,180000	0,175994
88,190000	0,174082
88,200000	0,174082
88,210000	0,172170
88,220000	0,170258
88,230000	0,170895
88,240000	0,168346
88,250000	0,170895
88,260000	0,168983
88,270000	0,170895
88,280000	0,165159
88,290000	0,167708
88,300000	0,167708
88,310000	0,167071
88,320000	0,165796
88,330000	0,167708
88,340000	0,163247
88,350000	0,165796
88,360000	0,164522
88,370000	0,163884
88,380000	0,162609
88,390000	0,165796
88,400000	0,161972
88,410000	0,163884
88,420000	0,158148
88,430000	0,161972
88,440000	0,158785
88,450000	0,160697
88,460000	0,156873
88,470000	0,159423
88,480000	0,154324
88,490000	0,158148
88,500000	0,155598
88,510000	0,155598
88,520000	0,157511
88,530000	0,156236
88,540000	0,156236
88,550000	0,153049
88,560000	0,153686
88,570000	0,153049
88,580000	0,153049
88,590000	0,150499
88,600000	0,153686
88,610000	0,153686
88,620000	0,147313
88,630000	0,147950
88,640000	0,149225
88,650000	0,144763
88,660000	0,149862
88,670000	0,144126
88,680000	0,153049
88,690000	0,143488
88,700000	0,150499
88,710000	0,143488
88,720000	0,147313
88,730000	0,141576
88,740000	0,147313
88,750000	0,146038
88,760000	0,146675
88,770000	0,144763
88,780000	0,142851
88,790000	0,140302
88,800000	0,144126
88,810000	0,142851
88,820000	0,140302
88,830000	0,142851
88,840000	0,140302
88,850000	0,140302
88,860000	0,142214
88,870000	0,139664
88,880000	0,139027
88,890000	0,135203
88,900000	0,139664
88,910000	0,135203
88,920000	0,136477
88,930000	0,135203
88,940000	0,138390
88,950000	0,133928
88,960000	0,137752
88,970000	0,135840
88,980000	0,139027
88,990000	0,133928
89,000000	0,137115
89,010000	0,135203
89,020000	0,136477
89,030000	0,133928
89,040000	0,134565
89,050000	0,132016
89,060000	0,138390
89,070000	0,128829
89,080000	0,132016
89,090000	0,128192
89,100000	0,131379
89,110000	0,129466
89,120000	0,132016
89,130000	0,130104
89,140000	0,130104
89,150000	0,129466
89,160000	0,130741
89,170000	0,130104
89,180000	0,132653
89,190000	0,128829
89,200000	0,131379
89,210000	0,126917
89,220000	0,128829
89,230000	0,126280
89,240000	0,128192
89,250000	0,125005
89,260000	0,127554
89,270000	0,123730
89,280000	0,126917
89,290000	0,126280
89,300000	0,126917
89,310000	0,125642
89,320000	0,127554
89,330000	0,123093
89,340000	0,123730
89,350000	0,125005
89,360000	0,124367
89,370000	0,123730
89,380000	0,125005
89,390000	0,122455
89,400000	0,125005
89,410000	0,122455
89,420000	0,124367
89,430000	0,121818
89,440000	0,126280
89,450000	0,122455
89,460000	0,122455
89,470000	0,122455
89,480000	0,122455
89,490000	0,119269
89,500000	0,121181
89,510000	0,119906
89,520000	0,123093
89,530000	0,119906
89,540000	0,122455
89,550000	0,121181
89,560000	0,121181
89,570000	0,119906
89,580000	0,124367
89,590000	0,119269
89,600000	0,119906
89,610000	0,119269
89,620000	0,121181
89,630000	0,117994
89,640000	0,116719
89,650000	0,119906
89,660000	0,118631
89,670000	0,118631
89,680000	0,119906
89,690000	0,118631
89,700000	0,114170
89,710000	0,119906
89,720000	0,115444
89,730000	0,116082
89,740000	0,117356
89,750000	0,117994
89,760000	0,117994
89,770000	0,116082
89,780000	0,117356
89,790000	0,114170
89,800000	0,116719
89,810000	0,114170
89,820000	0,117994
89,830000	0,114807
89,840000	0,112895
89,850000	0,114807
89,860000	0,116082
89,870000	0,115444
89,880000	0,114807
89,890000	0,114170
89,900000	0,114807
89,910000	0,114170
89,920000	0,115444
89,930000	0,115444
89,940000	0,114807
89,950000	0,112258
89,960000	0,115444
89,970000	0,113532
89,980000	0,114170
89,990000	0,115444
90,000000	0,111620
90,010000	0,111620
90,020000	0,112258
90,030000	0,110345
90,040000	0,112258
90,050000	0,112258
90,060000	0,112895
90,070000	0,112258
90,080000	0,110983
90,090000	0,109708
90,100000	0,113532
90,110000	0,112895
90,120000	0,110345
90,130000	0,110345
90,140000	0,115444
90,150000	0,107159
90,160000	0,112258
90,170000	0,107796
90,180000	0,111620
90,190000	0,112258
90,200000	0,109708
90,210000	0,110345
90,220000	0,110983
90,230000	0,111620
90,240000	0,110983
90,250000	0,109071
90,260000	0,109708
90,270000	0,112258
90,280000	0,110983
90,290000	0,109071
90,300000	0,110983
90,310000	0,107796
90,320000	0,107159
90,330000	0,108433
90,340000	0,111620
90,350000	0,110345
90,360000	0,105884
90,370000	0,111620
90,380000	0,109071
90,390000	0,109071
90,400000	0,107796
90,410000	0,110345
90,420000	0,109071
90,430000	0,110345
90,440000	0,105884
90,450000	0,106521
90,460000	0,107796
90,470000	0,110345
90,480000	0,109708
90,490000	0,109071
90,500000	0,107796
90,510000	0,105246
90,520000	0,109071
90,530000	0,109708
90,540000	0,106521
90,550000	0,108433
90,560000	0,105246
90,570000	0,109071
90,580000	0,106521
90,590000	0,106521
90,600000	0,106521
90,610000	0,105884
90,620000	0,109708
90,630000	0,104609
90,640000	0,107159
90,650000	0,102697
90,660000	0,107159
90,670000	0,104609
90,680000	0,107159
90,690000	0,105884
90,700000	0,107159
90,710000	0,106521
90,720000	0,109071
90,730000	0,107159
90,740000	0,107796
90,750000	0,105884
90,760000	0,109071
90,770000	0,104609
90,780000	0,105884
90,790000	0,104609
90,800000	0,106521
90,810000	0,105884
90,820000	0,104609
90,830000	0,104609
90,840000	0,105246
90,850000	0,101422
90,860000	0,105884
90,870000	0,105246
90,880000	0,104609
90,890000	0,108433
90,900000	0,103334
90,910000	0,102697
90,920000	0,103972
90,930000	0,102060
90,940000	0,103972
90,950000	0,102697
90,960000	0,104609
90,970000	0,101422
90,980000	0,105884
90,990000	0,100148
91,000000	0,103334
91,010000	0,103972
91,020000	0,103334
91,030000	0,103972
91,040000	0,103972
91,050000	0,103972
91,060000	0,103972
91,070000	0,104609
91,080000	0,103972
91,090000	0,100785
91,100000	0,103334
91,110000	0,102697
91,120000	0,106521
91,130000	0,103334
91,140000	0,103972
91,150000	0,103972
91,160000	0,104609
91,170000	0,098873
91,180000	0,104609
91,190000	0,100148
91,200000	0,101422
91,210000	0,100785
91,220000	0,101422
91,230000	0,102697
91,240000	0,102060
91,250000	0,102697
91,260000	0,102697
91,270000	0,101422
91,280000	0,102697
91,290000	0,100785
91,300000	0,103334
91,310000	0,100148
91,320000	0,098873
91,330000	0,099510
91,340000	0,101422
91,350000	0,102060
91,360000	0,105884
91,370000	0,102697
91,380000	0,100785
91,390000	0,101422
91,400000	0,100785
91,410000	0,100785
91,420000	0,100148
91,430000	0,099510
91,440000	0,101422
91,450000	0,102697
91,460000	0,102697
91,470000	0,102697
91,480000	0,099510
91,490000	0,101422
91,500000	0,100785
91,510000	0,103334
91,520000	0,101422
91,530000	0,102697
91,540000	0,100148
91,550000	0,102697
91,560000	0,100148
91,570000	0,103972
91,580000	0,102060
91,590000	0,103334
91,600000	0,101422
91,610000	0,098873
91,620000	0,099510
91,630000	0,101422
91,640000	0,100148
91,650000	0,103334
91,660000	0,102060
91,670000	0,100148
91,680000	0,099510
91,690000	0,099510
91,700000	0,101422
91,710000	0,098873
91,720000	0,102697
91,730000	0,101422
91,740000	0,100785
91,750000	0,103334
91,760000	0,100785
91,770000	0,100785
91,780000	0,100785
91,790000	0,102060
91,800000	0,100148
91,810000	0,100148
91,820000	0,100148
91,830000	0,100785
91,840000	0,100785
91,850000	0,101422
91,860000	0,100148
91,870000	0,102060
91,880000	0,099510
91,890000	0,101422
91,900000	0,100785
91,910000	0,100785
91,920000	0,102697
91,930000	0,101422
91,940000	0,099510
91,950000	0,099510
91,960000	0,101422
91,970000	0,102697
91,980000	0,103334
91,990000	0,101422
92,000000	0,103334
92,010000	0,099510
92,020000	0,103334
92,030000	0,100785
92,040000	0,102060
92,050000	0,099510
92,060000	0,102697
92,070000	0,103334
92,080000	0,101422
92,090000	0,100785
92,100000	0,102697
92,110000	0,100148
92,120000	0,103972
92,130000	0,097598
92,140000	0,103972
92,150000	0,100148
92,160000	0,103334
92,170000	0,099510
92,180000	0,105246
92,190000	0,098873
92,200000	0,101422
92,210000	0,098235
92,220000	0,102697
92,230000	0,099510
92,240000	0,102697
92,250000	0,102697
92,260000	0,102697
92,270000	0,102060
92,280000	0,101422
92,290000	0,100785
92,300000	0,099510
92,310000	0,100785
92,320000	0,102060
92,330000	0,100785
92,340000	0,102060
92,350000	0,103334
92,360000	0,101422
92,370000	0,102060
92,380000	0,101422
92,390000	0,098873
92,400000	0,101422
92,410000	0,100785
92,420000	0,102060
92,430000	0,101422
92,440000	0,102697
92,450000	0,099510
92,460000	0,100785
92,470000	0,099510
92,480000	0,102697
92,490000	0,100148
92,500000	0,100148
92,510000	0,100785
92,520000	0,102060
92,530000	0,098873
92,540000	0,100785
92,550000	0,101422
92,560000	0,102697
92,570000	0,098873
92,580000	0,102060
92,590000	0,099510
92,600000	0,099510
92,610000	0,099510
92,620000	0,102060
92,630000	0,102697
92,640000	0,102697
92,650000	0,100785
92,660000	0,102697
92,670000	0,099510
92,680000	0,098873
92,690000	0,101422
92,700000	0,099510
92,710000	0,099510
92,720000	0,100785
92,730000	0,099510
92,740000	0,098235
92,750000	0,100785
92,760000	0,100785
92,770000	0,097598
92,780000	0,096961
92,790000	0,097598
92,800000	0,099510
92,810000	0,100148
92,820000	0,098873
92,830000	0,096961
92,840000	0,098873
92,850000	0,098873
92,860000	0,099510
92,870000	0,097598
92,880000	0,100148
92,890000	0,093774
92,900000	0,098235
92,910000	0,095686
92,920000	0,098235
92,930000	0,099510
92,940000	0,101422
92,950000	0,098235
92,960000	0,100148
92,970000	0,095686
92,980000	0,098873
92,990000	0,095686
93,000000	0,099510
93,010000	0,094411
93,020000	0,095686
93,030000	0,095686
93,040000	0,096961
93,050000	0,096961
93,060000	0,099510
93,070000	0,100148
93,080000	0,099510
93,090000	0,097598
93,100000	0,100785
93,110000	0,096323
93,120000	0,095686
93,130000	0,096323
93,140000	0,099510
93,150000	0,097598
93,160000	0,098235
93,170000	0,097598
93,180000	0,093774
93,190000	0,099510
93,200000	0,095686
93,210000	0,096961
93,220000	0,095686
93,230000	0,095049
93,240000	0,095686
93,250000	0,096961
93,260000	0,098235
93,270000	0,095686
93,280000	0,098873
93,290000	0,097598
93,300000	0,095049
93,310000	0,096323
93,320000	0,096961
93,330000	0,096961
93,340000	0,098235
93,350000	0,096323
93,360000	0,098235
93,370000	0,097598
93,380000	0,098873
93,390000	0,099510
93,400000	0,095686
93,410000	0,096961
93,420000	0,097598
93,430000	0,096323
93,440000	0,096961
93,450000	0,096961
93,460000	0,096961
93,470000	0,096323
93,480000	0,097598
93,490000	0,096323
93,500000	0,096961
93,510000	0,097598
93,520000	0,096323
93,530000	0,096323
93,540000	0,096961
93,550000	0,096961
93,560000	0,096961
93,570000	0,096323
93,580000	0,096961
93,590000	0,095049
93,600000	0,095686
93,610000	0,098235
93,620000	0,097598
93,630000	0,096961
93,640000	0,100148
93,650000	0,094411
93,660000	0,094411
93,670000	0,096323
93,680000	0,095049
93,690000	0,098873
93,700000	0,096961
93,710000	0,096961
93,720000	0,096961
93,730000	0,098235
93,740000	0,097598
93,750000	0,099510
93,760000	0,097598
93,770000	0,097598
93,780000	0,098235
93,790000	0,095686
93,800000	0,095049
93,810000	0,098873
93,820000	0,097598
93,830000	0,098873
93,840000	0,096323
93,850000	0,097598
93,860000	0,097598
93,870000	0,099510
93,880000	0,096961
93,890000	0,100148
93,900000	0,096323
93,910000	0,097598
93,920000	0,094411
93,930000	0,097598
93,940000	0,099510
93,950000	0,098873
93,960000	0,095686
93,970000	0,096961
93,980000	0,098873
93,990000	0,097598
94,000000	0,101422
94,010000	0,098873
94,020000	0,101422
94,030000	0,096961
94,040000	0,102060
94,050000	0,098873
94,060000	0,099510
94,070000	0,099510
94,080000	0,100785
94,090000	0,096323
94,100000	0,099510
94,110000	0,098235
94,120000	0,101422
94,130000	0,099510
94,140000	0,100785
94,150000	0,100785
94,160000	0,100785
94,170000	0,097598
94,180000	0,103334
94,190000	0,096961
94,200000	0,101422
94,210000	0,099510
94,220000	0,101422
94,230000	0,100785
94,240000	0,099510
94,250000	0,101422
94,260000	0,099510
94,270000	0,099510
94,280000	0,104609
94,290000	0,100785
94,300000	0,101422
94,310000	0,103334
94,320000	0,103972
94,330000	0,101422
94,340000	0,104609
94,350000	0,100785
94,360000	0,102060
94,370000	0,100785
94,380000	0,102060
94,390000	0,098235
94,400000	0,105246
94,410000	0,102060
94,420000	0,102697
94,430000	0,100148
94,440000	0,105246
94,450000	0,102697
94,460000	0,103334
94,470000	0,102060
94,480000	0,103334
94,490000	0,102697
94,500000	0,103334
94,510000	0,102697
94,520000	0,105884
94,530000	0,102060
94,540000	0,103972
94,550000	0,101422
94,560000	0,103972
94,570000	0,102697
94,580000	0,103972
94,590000	0,102697
94,600000	0,105246
94,610000	0,103334
94,620000	0,105246
94,630000	0,101422
94,640000	0,105884
94,650000	0,103334
94,660000	0,107796
94,670000	0,103334
94,680000	0,107159
94,690000	0,102697
94,700000	0,107159
94,710000	0,104609
94,720000	0,104609
94,730000	0,105884
94,740000	0,107796
94,750000	0,107159
94,760000	0,103972
94,770000	0,107796
94,780000	0,107796
94,790000	0,107796
94,800000	0,108433
94,810000	0,108433
94,820000	0,105246
94,830000	0,106521
94,840000	0,107796
94,850000	0,110983
94,860000	0,109071
94,870000	0,109071
94,880000	0,107796
94,890000	0,107796
94,900000	0,109708
94,910000	0,107796
94,920000	0,107796
94,930000	0,109071
94,940000	0,108433
94,950000	0,108433
94,960000	0,108433
94,970000	0,112258
94,980000	0,107159
94,990000	0,109708
95,000000	0,109708
95,010000	0,112258
95,020000	0,109071
95,030000	0,110345
95,040000	0,109071
95,050000	0,111620
95,060000	0,109708
95,070000	0,108433
95,080000	0,109708
95,090000	0,111620
95,100000	0,113532
95,110000	0,112258
95,120000	0,110345
95,130000	0,111620
95,140000	0,109708
95,150000	0,112258
95,160000	0,112258
95,170000	0,112895
95,180000	0,115444
95,190000	0,109708
95,200000	0,112895
95,210000	0,113532
95,220000	0,113532
95,230000	0,114807
95,240000	0,112895
95,250000	0,112895
95,260000	0,113532
95,270000	0,114807
95,280000	0,114807
95,290000	0,117356
95,300000	0,114807
95,310000	0,114807
95,320000	0,116719
95,330000	0,117356
95,340000	0,116719
95,350000	0,117994
95,360000	0,117356
95,370000	0,118631
95,380000	0,116719
95,390000	0,118631
95,400000	0,117994
95,410000	0,119906
95,420000	0,121181
95,430000	0,118631
95,440000	0,119269
95,450000	0,117994
95,460000	0,119906
95,470000	0,116719
95,480000	0,119906
95,490000	0,117356
95,500000	0,119906
95,510000	0,121818
95,520000	0,122455
95,530000	0,122455
95,540000	0,123093
95,550000	0,121818
95,560000	0,118631
95,570000	0,123093
95,580000	0,123730
95,590000	0,119269
95,600000	0,125642
95,610000	0,123093
95,620000	0,125005
95,630000	0,123730
95,640000	0,125005
95,650000	0,125642
95,660000	0,125005
95,670000	0,125642
95,680000	0,125642
95,690000	0,125642
95,700000	0,126280
95,710000	0,128829
95,720000	0,127554
95,730000	0,125005
95,740000	0,129466
95,750000	0,130741
95,760000	0,128829
95,770000	0,128829
95,780000	0,129466
95,790000	0,131379
95,800000	0,132016
95,810000	0,130741
95,820000	0,131379
95,830000	0,134565
95,840000	0,132016
95,850000	0,132653
95,860000	0,137752
95,870000	0,134565
95,880000	0,133291
95,890000	0,134565
95,900000	0,136477
95,910000	0,135203
95,920000	0,136477
95,930000	0,132016
95,940000	0,136477
95,950000	0,133291
95,960000	0,141576
95,970000	0,136477
95,980000	0,140302
95,990000	0,136477
96,000000	0,139027
96,010000	0,137752
96,020000	0,140302
96,030000	0,139027
96,040000	0,140939
96,050000	0,136477
96,060000	0,144763
96,070000	0,141576
96,080000	0,144763
96,090000	0,144126
96,100000	0,144763
96,110000	0,145401
96,120000	0,144126
96,130000	0,147313
96,140000	0,145401
96,150000	0,147950
96,160000	0,147313
96,170000	0,147313
96,180000	0,149862
96,190000	0,148587
96,200000	0,147950
96,210000	0,150499
96,220000	0,150499
96,230000	0,154961
96,240000	0,147950
96,250000	0,153686
96,260000	0,153686
96,270000	0,153686
96,280000	0,154961
96,290000	0,152412
96,300000	0,156236
96,310000	0,159423
96,320000	0,159423
96,330000	0,158148
96,340000	0,161335
96,350000	0,156873
96,360000	0,165796
96,370000	0,159423
96,380000	0,161335
96,390000	0,161972
96,400000	0,165796
96,410000	0,160697
96,420000	0,165796
96,430000	0,161972
96,440000	0,167708
96,450000	0,160697
96,460000	0,165159
96,470000	0,165796
96,480000	0,168346
96,490000	0,169620
96,500000	0,170895
96,510000	0,167708
96,520000	0,168983
96,530000	0,168983
96,540000	0,174719
96,550000	0,172170
96,560000	0,172807
96,570000	0,171533
96,580000	0,173445
96,590000	0,173445
96,600000	0,173445
96,610000	0,175994
96,620000	0,177906
96,630000	0,180456
96,640000	0,177906
96,650000	0,177906
96,660000	0,178544
96,670000	0,179818
96,680000	0,176631
96,690000	0,180456
96,700000	0,177906
96,710000	0,179181
96,720000	0,177906
96,730000	0,177906
96,740000	0,180456
96,750000	0,183643
96,760000	0,181093
96,770000	0,183005
96,780000	0,184917
96,790000	0,187467
96,800000	0,184280
96,810000	0,183005
96,820000	0,186192
96,830000	0,188104
96,840000	0,188741
96,850000	0,185555
96,860000	0,189379
96,870000	0,186829
96,880000	0,189379
96,890000	0,186192
96,900000	0,192566
96,910000	0,189379
96,920000	0,192566
96,930000	0,191928
96,940000	0,193840
96,950000	0,193203
96,960000	0,195115
96,970000	0,192566
96,980000	0,195115
96,990000	0,193840
97,000000	0,195115
97,010000	0,191291
97,020000	0,194478
97,030000	0,195115
97,040000	0,197027
97,050000	0,198302
97,060000	0,198939
97,070000	0,195752
97,080000	0,197665
97,090000	0,196390
97,100000	0,199577
97,110000	0,196390
97,120000	0,196390
97,130000	0,194478
97,140000	0,199577
97,150000	0,200851
97,160000	0,200214
97,170000	0,202763
97,180000	0,200851
97,190000	0,202763
97,200000	0,201489
97,210000	0,197665
97,220000	0,198939
97,230000	0,202763
97,240000	0,202763
97,250000	0,202126
97,260000	0,200214
97,270000	0,204676
97,280000	0,204676
97,290000	0,206588
97,300000	0,203401
97,310000	0,201489
97,320000	0,202126
97,330000	0,204038
97,340000	0,203401
97,350000	0,202126
97,360000	0,202763
97,370000	0,205313
97,380000	0,205950
97,390000	0,201489
97,400000	0,202126
97,410000	0,200851
97,420000	0,204038
97,430000	0,204038
97,440000	0,202763
97,450000	0,203401
97,460000	0,203401
97,470000	0,201489
97,480000	0,202126
97,490000	0,203401
97,500000	0,203401
97,510000	0,205950
97,520000	0,196390
97,530000	0,202763
97,540000	0,200851
97,550000	0,200851
97,560000	0,201489
97,570000	0,198939
97,580000	0,201489
97,590000	0,199577
97,600000	0,202763
97,610000	0,196390
97,620000	0,198939
97,630000	0,196390
97,640000	0,200851
97,650000	0,193840
97,660000	0,202126
97,670000	0,197027
97,680000	0,201489
97,690000	0,198939
97,700000	0,198939
97,710000	0,196390
97,720000	0,201489
97,730000	0,193203
97,740000	0,202126
97,750000	0,191291
97,760000	0,195115
97,770000	0,192566
97,780000	0,194478
97,790000	0,193203
97,800000	0,193840
97,810000	0,192566
97,820000	0,191291
97,830000	0,191291
97,840000	0,190016
97,850000	0,188741
97,860000	0,193840
97,870000	0,188104
97,880000	0,191928
97,890000	0,186829
97,900000	0,190016
97,910000	0,186829
97,920000	0,187467
97,930000	0,183005
97,940000	0,188104
97,950000	0,186192
97,960000	0,191928
97,970000	0,184280
97,980000	0,188104
97,990000	0,182368
98,000000	0,186192
98,010000	0,181093
98,020000	0,181730
98,030000	0,181093
98,040000	0,184280
98,050000	0,179181
98,060000	0,184917
98,070000	0,178544
98,080000	0,183643
98,090000	0,175357
98,100000	0,177906
98,110000	0,172170
98,120000	0,179818
98,130000	0,174719
98,140000	0,176631
98,150000	0,175357
98,160000	0,177906
98,170000	0,170895
98,180000	0,175357
98,190000	0,172170
98,200000	0,175357
98,210000	0,168346
98,220000	0,172807
98,230000	0,166434
98,240000	0,170895
98,250000	0,168346
98,260000	0,168983
98,270000	0,167071
98,280000	0,167071
98,290000	0,165796
98,300000	0,164522
98,310000	0,167708
98,320000	0,165159
98,330000	0,166434
98,340000	0,161335
98,350000	0,163884
98,360000	0,162609
98,370000	0,163247
98,380000	0,160060
98,390000	0,164522
98,400000	0,160697
98,410000	0,164522
98,420000	0,157511
98,430000	0,160697
98,440000	0,157511
98,450000	0,160697
98,460000	0,156873
98,470000	0,160697
98,480000	0,156873
98,490000	0,157511
98,500000	0,153049
98,510000	0,158148
98,520000	0,151774
98,530000	0,154961
98,540000	0,152412
98,550000	0,153049
98,560000	0,156236
98,570000	0,155598
98,580000	0,153049
98,590000	0,150499
98,600000	0,151137
98,610000	0,151137
98,620000	0,149225
98,630000	0,149862
98,640000	0,149862
98,650000	0,147313
98,660000	0,148587
98,670000	0,147950
98,680000	0,144126
98,690000	0,148587
98,700000	0,144763
98,710000	0,146675
98,720000	0,142851
98,730000	0,145401
98,740000	0,145401
98,750000	0,144763
98,760000	0,145401
98,770000	0,146038
98,780000	0,146038
98,790000	0,145401
98,800000	0,142851
98,810000	0,145401
98,820000	0,142851
98,830000	0,142851
98,840000	0,139027
98,850000	0,140302
98,860000	0,140302
98,870000	0,141576
98,880000	0,137752
98,890000	0,139664
98,900000	0,143488
98,910000	0,137115
98,920000	0,140939
98,930000	0,139027
98,940000	0,135840
98,950000	0,135203
98,960000	0,139027
98,970000	0,135840
98,980000	0,139027
98,990000	0,137115
99,000000	0,134565
99,010000	0,130104
99,020000	0,135840
99,030000	0,133928
99,040000	0,133928
99,050000	0,130741
99,060000	0,138390
99,070000	0,129466
99,080000	0,137752
99,090000	0,126917
99,100000	0,133928
99,110000	0,130104
99,120000	0,132653
99,130000	0,130104
99,140000	0,132016
99,150000	0,133291
99,160000	0,131379
99,170000	0,132653
99,180000	0,127554
99,190000	0,127554
99,200000	0,128192
99,210000	0,129466
99,220000	0,126917
99,230000	0,125005
99,240000	0,127554
99,250000	0,125642
99,260000	0,130741
99,270000	0,128829
99,280000	0,124367
99,290000	0,125642
99,300000	0,128829
99,310000	0,128192
99,320000	0,126280
99,330000	0,125005
99,340000	0,123093
99,350000	0,122455
99,360000	0,124367
99,370000	0,122455
99,380000	0,128192
99,390000	0,121818
99,400000	0,120543
99,410000	0,122455
99,420000	0,124367
99,430000	0,121818
99,440000	0,121181
99,450000	0,119906
99,460000	0,120543
99,470000	0,119269
99,480000	0,120543
99,490000	0,121818
99,500000	0,121818
99,510000	0,119269
99,520000	0,119906
99,530000	0,119269
99,540000	0,120543
99,550000	0,120543
99,560000	0,120543
99,570000	0,118631
99,580000	0,117356
99,590000	0,118631
99,600000	0,119269
99,610000	0,118631
99,620000	0,114807
99,630000	0,116719
99,640000	0,117356
99,650000	0,116082
99,660000	0,117994
99,670000	0,116719
99,680000	0,117356
99,690000	0,119269
99,700000	0,117356
99,710000	0,117356
99,720000	0,115444
99,730000	0,114170
99,740000	0,117356
99,750000	0,113532
99,760000	0,116082
99,770000	0,114170
99,780000	0,117356
99,790000	0,113532
99,800000	0,118631
99,810000	0,113532
99,820000	0,117356
99,830000	0,112895
99,840000	0,115444
99,850000	0,114807
99,860000	0,115444
99,870000	0,114807
99,880000	0,112895
99,890000	0,113532
99,900000	0,112258
99,910000	0,110345
99,920000	0,112258
99,930000	0,109071
99,940000	0,114807
99,950000	0,111620
99,960000	0,112895
99,970000	0,112258
99,980000	0,111620
99,990000	0,111620
100,000000	0,114170
100,010000	0,109708
100,020000	0,113532
100,030000	0,109708
100,040000	0,113532
100,050000	0,109708
100,060000	0,111620
100,070000	0,110983
100,080000	0,114170
100,090000	0,113532
100,100000	0,110983
100,110000	0,112258
100,120000	0,109071
100,130000	0,110345
100,140000	0,111620
100,150000	0,110983
100,160000	0,107159
100,170000	0,109708
100,180000	0,109708
100,190000	0,111620
100,200000	0,109708
100,210000	0,110983
100,220000	0,108433
100,230000	0,107796
100,240000	0,113532
100,250000	0,109708
100,260000	0,109708
100,270000	0,110345
100,280000	0,110983
100,290000	0,107796
100,300000	0,109071
100,310000	0,110983
100,320000	0,110983
100,330000	0,105884
100,340000	0,110345
100,350000	0,106521
100,360000	0,110345
100,370000	0,105884
100,380000	0,110345
100,390000	0,109708
100,400000	0,110345
100,410000	0,105884
100,420000	0,107159
100,430000	0,109071
100,440000	0,109071
100,450000	0,109071
100,460000	0,107159
100,470000	0,106521
100,480000	0,107159
100,490000	0,106521
100,500000	0,109071
100,510000	0,105246
100,520000	0,107796
100,530000	0,107159
100,540000	0,106521
100,550000	0,109071
100,560000	0,105884
100,570000	0,107159
100,580000	0,107796
100,590000	0,106521
100,600000	0,107796
100,610000	0,105884
100,620000	0,108433
100,630000	0,106521
100,640000	0,106521
100,650000	0,107159
100,660000	0,107159
100,670000	0,105884
100,680000	0,105246
100,690000	0,106521
100,700000	0,103334
100,710000	0,105884
100,720000	0,103334
100,730000	0,103334
100,740000	0,105884
100,750000	0,106521
100,760000	0,103972
100,770000	0,106521
100,780000	0,103972
100,790000	0,105246
100,800000	0,104609
100,810000	0,106521
100,820000	0,102697
100,830000	0,105884
100,840000	0,103972
100,850000	0,105884
100,860000	0,105884
100,870000	0,103972
100,880000	0,102060
100,890000	0,105246
100,900000	0,102060
100,910000	0,103972
100,920000	0,105884
100,930000	0,104609
100,940000	0,102060
100,950000	0,104609
100,960000	0,105884
100,970000	0,102060
100,980000	0,103334
100,990000	0,102060
101,000000	0,105246
101,010000	0,103334
101,020000	0,105884
101,030000	0,103972
101,040000	0,106521
101,050000	0,101422
101,060000	0,105884
101,070000	0,102060
101,080000	0,102060
101,090000	0,101422
101,100000	0,104609
101,110000	0,099510
101,120000	0,102697
101,130000	0,102060
101,140000	0,103972
101,150000	0,099510
101,160000	0,102060
101,170000	0,102060
101,180000	0,101422
101,190000	0,101422
101,200000	0,102060
101,210000	0,103334
101,220000	0,099510
101,230000	0,102060
101,240000	0,101422
101,250000	0,099510
101,260000	0,100785
101,270000	0,103334
101,280000	0,102697
101,290000	0,102697
101,300000	0,103972
101,310000	0,102060
101,320000	0,100148
101,330000	0,101422
101,340000	0,102060
101,350000	0,101422
101,360000	0,103972
101,370000	0,099510
101,380000	0,100148
101,390000	0,098873
101,400000	0,103972
101,410000	0,100148
101,420000	0,100785
101,430000	0,098873
101,440000	0,100148
101,450000	0,099510
101,460000	0,102697
101,470000	0,100785
101,480000	0,102060
101,490000	0,098873
101,500000	0,099510
101,510000	0,099510
101,520000	0,100148
101,530000	0,102060
101,540000	0,100785
101,550000	0,098873
101,560000	0,103334
101,570000	0,102060
101,580000	0,102060
101,590000	0,098873
101,600000	0,101422
101,610000	0,098235
101,620000	0,102060
101,630000	0,102060
101,640000	0,100785
101,650000	0,100785
101,660000	0,098873
101,670000	0,098235
101,680000	0,098873
101,690000	0,098873
101,700000	0,103334
101,710000	0,097598
101,720000	0,098873
101,730000	0,102060
101,740000	0,097598
101,750000	0,102697
101,760000	0,096961
101,770000	0,100785
101,780000	0,098873
101,790000	0,102060
101,800000	0,095686
101,810000	0,101422
101,820000	0,098873
101,830000	0,101422
101,840000	0,096961
101,850000	0,100785
101,860000	0,099510
101,870000	0,102060
101,880000	0,097598
101,890000	0,100785
101,900000	0,102060
101,910000	0,105884
101,920000	0,096323
101,930000	0,101422
101,940000	0,099510
101,950000	0,100785
101,960000	0,098873
101,970000	0,100785
101,980000	0,097598
101,990000	0,099510
102,000000	0,100785
102,010000	0,101422
102,020000	0,099510
102,030000	0,102060
102,040000	0,099510
102,050000	0,097598
102,060000	0,098873
102,070000	0,100148
102,080000	0,098873
102,090000	0,100148
102,100000	0,097598
102,110000	0,100785
102,120000	0,101422
102,130000	0,100785
102,140000	0,098235
102,150000	0,099510
102,160000	0,101422
102,170000	0,101422
102,180000	0,100148
102,190000	0,102060
102,200000	0,099510
102,210000	0,099510
102,220000	0,100148
102,230000	0,099510
102,240000	0,096961
102,250000	0,098873
102,260000	0,100148
102,270000	0,100148
102,280000	0,099510
102,290000	0,100785
102,300000	0,101422
102,310000	0,102697
102,320000	0,099510
102,330000	0,100785
102,340000	0,100785
102,350000	0,102697
102,360000	0,098873
102,370000	0,102697
102,380000	0,097598
102,390000	0,101422
102,400000	0,100148
102,410000	0,101422
102,420000	0,097598
102,430000	0,102060
102,440000	0,098235
102,450000	0,100148
102,460000	0,101422
102,470000	0,100148
102,480000	0,098873
102,490000	0,100785
102,500000	0,100148
102,510000	0,099510
102,520000	0,100148
102,530000	0,102060
102,540000	0,101422
102,550000	0,099510
102,560000	0,100785
102,570000	0,098235
102,580000	0,101422
102,590000	0,097598
102,600000	0,099510
102,610000	0,097598
102,620000	0,099510
102,630000	0,098235
102,640000	0,098235
102,650000	0,100785
102,660000	0,100785
102,670000	0,095686
102,680000	0,097598
102,690000	0,099510
102,700000	0,098873
102,710000	0,099510
102,720000	0,100785
102,730000	0,099510
102,740000	0,099510
102,750000	0,099510
102,760000	0,097598
102,770000	0,097598
102,780000	0,095686
102,790000	0,098873
102,800000	0,097598
102,810000	0,096323
102,820000	0,099510
102,830000	0,098235
102,840000	0,096961
102,850000	0,098235
102,860000	0,101422
102,870000	0,097598
102,880000	0,099510
102,890000	0,096961
102,900000	0,099510
102,910000	0,101422
102,920000	0,099510
102,930000	0,098873
102,940000	0,096961
102,950000	0,098235
102,960000	0,100785
102,970000	0,097598
102,980000	0,098235
102,990000	0,096323
103,000000	0,097598
103,010000	0,096961
103,020000	0,098235
103,030000	0,097598
103,040000	0,097598
103,050000	0,100785
103,060000	0,099510
103,070000	0,096961
103,080000	0,098235
103,090000	0,096323
103,100000	0,097598
103,110000	0,092499
103,120000	0,098873
103,130000	0,095686
103,140000	0,100785
103,150000	0,093774
103,160000	0,098873
103,170000	0,092499
103,180000	0,099510
103,190000	0,096961
103,200000	0,100148
103,210000	0,099510
103,220000	0,099510
103,230000	0,096323
103,240000	0,096961
103,250000	0,095686
103,260000	0,099510
103,270000	0,096961
103,280000	0,096961
103,290000	0,095049
103,300000	0,099510
103,310000	0,097598
103,320000	0,096323
103,330000	0,095686
103,340000	0,095049
103,350000	0,096961
103,360000	0,097598
103,370000	0,096323
103,380000	0,096961
103,390000	0,094411
103,400000	0,096961
103,410000	0,098873
103,420000	0,097598
103,430000	0,095686
103,440000	0,098235
103,450000	0,099510
103,460000	0,096323
103,470000	0,097598
103,480000	0,098235
103,490000	0,094411
103,500000	0,098235
103,510000	0,096961
103,520000	0,096961
103,530000	0,093774
103,540000	0,096961
103,550000	0,096961
103,560000	0,097598
103,570000	0,096323
103,580000	0,096961
103,590000	0,096961
103,600000	0,096323
103,610000	0,096323
103,620000	0,094411
103,630000	0,096961
103,640000	0,098235
103,650000	0,094411
103,660000	0,095686
103,670000	0,096323
103,680000	0,094411
103,690000	0,092499
103,700000	0,096961
103,710000	0,096323
103,720000	0,095686
103,730000	0,095686
103,740000	0,096961
103,750000	0,093774
103,760000	0,097598
103,770000	0,093137
103,780000	0,097598
103,790000	0,095049
103,800000	0,095686
103,810000	0,096323
103,820000	0,095686
103,830000	0,092499
103,840000	0,095049
103,850000	0,095049
103,860000	0,097598
103,870000	0,095686
103,880000	0,094411
103,890000	0,093774
103,900000	0,098235
103,910000	0,096961
103,920000	0,097598
103,930000	0,096961
103,940000	0,096961
103,950000	0,095686
103,960000	0,094411
103,970000	0,096961
103,980000	0,099510
103,990000	0,095686
104,000000	0,099510
104,010000	0,096323
104,020000	0,099510
104,030000	0,095686
104,040000	0,098873
104,050000	0,097598
104,060000	0,096323
104,070000	0,096961
104,080000	0,097598
104,090000	0,098873
104,100000	0,098235
104,110000	0,096961
104,120000	0,098235
104,130000	0,096961
104,140000	0,098235
104,150000	0,099510
104,160000	0,098235
104,170000	0,099510
104,180000	0,099510
104,190000	0,098235
104,200000	0,098873
104,210000	0,098235
104,220000	0,102060
104,230000	0,097598
104,240000	0,098235
104,250000	0,098873
104,260000	0,098873
104,270000	0,100785
104,280000	0,102060
104,290000	0,097598
104,300000	0,100785
104,310000	0,098235
104,320000	0,101422
104,330000	0,097598
104,340000	0,102697
104,350000	0,100148
104,360000	0,102060
104,370000	0,096961
104,380000	0,102697
104,390000	0,097598
104,400000	0,102060
104,410000	0,099510
104,420000	0,102697
104,430000	0,098873
104,440000	0,101422
104,450000	0,099510
104,460000	0,100785
104,470000	0,100785
104,480000	0,102697
104,490000	0,102697
104,500000	0,102697
104,510000	0,102060
104,520000	0,100785
104,530000	0,101422
104,540000	0,102060
104,550000	0,104609
104,560000	0,101422
104,570000	0,103334
104,580000	0,101422
104,590000	0,103972
104,600000	0,102060
104,610000	0,101422
104,620000	0,105246
104,630000	0,106521
104,640000	0,103972
104,650000	0,102697
104,660000	0,102060
104,670000	0,102697
104,680000	0,105884
104,690000	0,105246
104,700000	0,107159
104,710000	0,106521
104,720000	0,103972
104,730000	0,103972
104,740000	0,107159
104,750000	0,106521
104,760000	0,107159
104,770000	0,106521
104,780000	0,109708
104,790000	0,103334
104,800000	0,107159
104,810000	0,104609
104,820000	0,107796
104,830000	0,105884
104,840000	0,108433
104,850000	0,105246
104,860000	0,109071
104,870000	0,106521
104,880000	0,109071
104,890000	0,105884
104,900000	0,109071
104,910000	0,105246
104,920000	0,108433
104,930000	0,107796
104,940000	0,110345
104,950000	0,107159
104,960000	0,112258
104,970000	0,106521
104,980000	0,109708
104,990000	0,106521
105,000000	0,110345
105,010000	0,107159
105,020000	0,111620
105,030000	0,108433
105,040000	0,110345
105,050000	0,110345
105,060000	0,112258
105,070000	0,107796
105,080000	0,112258
105,090000	0,112258
105,100000	0,114170
105,110000	0,109708
105,120000	0,112258
105,130000	0,110345
105,140000	0,112895
105,150000	0,112895
105,160000	0,112895
105,170000	0,112258
105,180000	0,111620
105,190000	0,109708
105,200000	0,112895
105,210000	0,112258
105,220000	0,114170
105,230000	0,110983
105,240000	0,112895
105,250000	0,114170
105,260000	0,117994
105,270000	0,114170
105,280000	0,116082
105,290000	0,112895
105,300000	0,116082
105,310000	0,116719
105,320000	0,117994
105,330000	0,116082
105,340000	0,114807
105,350000	0,117356
105,360000	0,116719
105,370000	0,117994
105,380000	0,120543
105,390000	0,115444
105,400000	0,116719
105,410000	0,118631
105,420000	0,120543
105,430000	0,116082
105,440000	0,120543
105,450000	0,116719
105,460000	0,118631
105,470000	0,118631
105,480000	0,121818
105,490000	0,119906
105,500000	0,121818
105,510000	0,117994
105,520000	0,121818
105,530000	0,119906
105,540000	0,124367
105,550000	0,122455
105,560000	0,121181
105,570000	0,123730
105,580000	0,123093
105,590000	0,123093
105,600000	0,123093
105,610000	0,123093
105,620000	0,124367
105,630000	0,124367
105,640000	0,124367
105,650000	0,125005
105,660000	0,124367
105,670000	0,125005
105,680000	0,126917
105,690000	0,127554
105,700000	0,127554
105,710000	0,123730
105,720000	0,126917
105,730000	0,126917
105,740000	0,124367
105,750000	0,130104
105,760000	0,128829
105,770000	0,126917
105,780000	0,129466
105,790000	0,128829
105,800000	0,127554
105,810000	0,133291
105,820000	0,129466
105,830000	0,134565
105,840000	0,130104
105,850000	0,129466
105,860000	0,127554
105,870000	0,133291
105,880000	0,132653
105,890000	0,131379
105,900000	0,134565
105,910000	0,133291
105,920000	0,134565
105,930000	0,131379
105,940000	0,135203
105,950000	0,135840
105,960000	0,139027
105,970000	0,135203
105,980000	0,137115
105,990000	0,135203
106,000000	0,139664
106,010000	0,134565
106,020000	0,140302
106,030000	0,137752
106,040000	0,142851
106,050000	0,137752
106,060000	0,142214
106,070000	0,139664
106,080000	0,142851
106,090000	0,139027
106,100000	0,142851
106,110000	0,142851
106,120000	0,145401
106,130000	0,141576
106,140000	0,146038
106,150000	0,143488
106,160000	0,145401
106,170000	0,143488
106,180000	0,145401
106,190000	0,146038
106,200000	0,146038
106,210000	0,148587
106,220000	0,150499
106,230000	0,150499
106,240000	0,149225
106,250000	0,149862
106,260000	0,151774
106,270000	0,153049
106,280000	0,151774
106,290000	0,154961
106,300000	0,153686
106,310000	0,153686
106,320000	0,153049
106,330000	0,153686
106,340000	0,156873
106,350000	0,158785
106,360000	0,159423
106,370000	0,156236
106,380000	0,160697
106,390000	0,158148
106,400000	0,161972
106,410000	0,158148
106,420000	0,165159
106,430000	0,154324
106,440000	0,165159
106,450000	0,161335
106,460000	0,165796
106,470000	0,160697
106,480000	0,163247
106,490000	0,165159
106,500000	0,168983
106,510000	0,164522
106,520000	0,167708
106,530000	0,168346
106,540000	0,168983
106,550000	0,168983
106,560000	0,168346
106,570000	0,168983
106,580000	0,172807
106,590000	0,173445
106,600000	0,172170
106,610000	0,175357
106,620000	0,172170
106,630000	0,175994
106,640000	0,174719
106,650000	0,177269
106,660000	0,174719
106,670000	0,175994
106,680000	0,177269
106,690000	0,179181
106,700000	0,182368
106,710000	0,180456
106,720000	0,177269
106,730000	0,179818
106,740000	0,179181
106,750000	0,181093
106,760000	0,183643
106,770000	0,183643
106,780000	0,184917
106,790000	0,183643
106,800000	0,186829
106,810000	0,184917
106,820000	0,186829
106,830000	0,188104
106,840000	0,187467
106,850000	0,188104
106,860000	0,187467
106,870000	0,185555
106,880000	0,186829
106,890000	0,188104
106,900000	0,187467
106,910000	0,190016
106,920000	0,185555
106,930000	0,187467
106,940000	0,190016
106,950000	0,189379
106,960000	0,191291
106,970000	0,193840
106,980000	0,190654
106,990000	0,191928
107,000000	0,192566
107,010000	0,194478
107,020000	0,191291
107,030000	0,193840
107,040000	0,197027
107,050000	0,198302
107,060000	0,195115
107,070000	0,199577
107,080000	0,192566
107,090000	0,197665
107,100000	0,197665
107,110000	0,197665
107,120000	0,193840
107,130000	0,198939
107,140000	0,197665
107,150000	0,200851
107,160000	0,193840
107,170000	0,197665
107,180000	0,202763
107,190000	0,198302
107,200000	0,201489
107,210000	0,201489
107,220000	0,201489
107,230000	0,199577
107,240000	0,204038
107,250000	0,202126
107,260000	0,205313
107,270000	0,203401
107,280000	0,202763
107,290000	0,202763
107,300000	0,203401
107,310000	0,204676
107,320000	0,204676
107,330000	0,204676
107,340000	0,204676
107,350000	0,205950
107,360000	0,208500
107,370000	0,206588
107,380000	0,208500
107,390000	0,203401
107,400000	0,208500
107,410000	0,205313
107,420000	0,208500
107,430000	0,201489
107,440000	0,203401
107,450000	0,202126
107,460000	0,205950
107,470000	0,200851
107,480000	0,205313
107,490000	0,201489
107,500000	0,204038
107,510000	0,202763
107,520000	0,202763
107,530000	0,202763
107,540000	0,204676
107,550000	0,200214
107,560000	0,201489
107,570000	0,202126
107,580000	0,202763
107,590000	0,200214
107,600000	0,197665
107,610000	0,202126
107,620000	0,199577
107,630000	0,199577
107,640000	0,200214
107,650000	0,201489
107,660000	0,198939
107,670000	0,195752
107,680000	0,196390
107,690000	0,197665
107,700000	0,196390
107,710000	0,197665
107,720000	0,197027
107,730000	0,194478
107,740000	0,197027
107,750000	0,195115
107,760000	0,198302
107,770000	0,193840
107,780000	0,196390
107,790000	0,197027
107,800000	0,195115
107,810000	0,193840
107,820000	0,194478
107,830000	0,191291
107,840000	0,193203
107,850000	0,192566
107,860000	0,192566
107,870000	0,191928
107,880000	0,192566
107,890000	0,189379
107,900000	0,190016
107,910000	0,186192
107,920000	0,188741
107,930000	0,185555
107,940000	0,188104
107,950000	0,183643
107,960000	0,185555
107,970000	0,183005
107,980000	0,187467
107,990000	0,180456
108,000000	0,183643
108,010000	0,183643
108,020000	0,179181
108,030000	0,179181
108,040000	0,179181
108,050000	0,179181
108,060000	0,181093
108,070000	0,178544
108,080000	0,178544
108,090000	0,177906
108,100000	0,177269
108,110000	0,175357
108,120000	0,176631
108,130000	0,174082
108,140000	0,175994
108,150000	0,172170
108,160000	0,174719
108,170000	0,172807
108,180000	0,172807
108,190000	0,166434
108,200000	0,169620
108,210000	0,170258
108,220000	0,171533
108,230000	0,167708
108,240000	0,168346
108,250000	0,165796
108,260000	0,170895
108,270000	0,163247
108,280000	0,168346
108,290000	0,161335
108,300000	0,167708
108,310000	0,161972
108,320000	0,165159
108,330000	0,160060
108,340000	0,164522
108,350000	0,160697
108,360000	0,164522
108,370000	0,161335
108,380000	0,163884
108,390000	0,154961
108,400000	0,160697
108,410000	0,156236
108,420000	0,159423
108,430000	0,156873
108,440000	0,158148
108,450000	0,156236
108,460000	0,158785
108,470000	0,155598
108,480000	0,158148
108,490000	0,153049
108,500000	0,156873
108,510000	0,156236
108,520000	0,154961
108,530000	0,149225
108,540000	0,153686
108,550000	0,149862
108,560000	0,151774
108,570000	0,150499
108,580000	0,150499
108,590000	0,147313
108,600000	0,147950
108,610000	0,150499
108,620000	0,149862
108,630000	0,147950
108,640000	0,148587
108,650000	0,148587
108,660000	0,145401
108,670000	0,147950
108,680000	0,145401
108,690000	0,145401
108,700000	0,144126
108,710000	0,145401
108,720000	0,145401
108,730000	0,144763
108,740000	0,142851
108,750000	0,142851
108,760000	0,147313
108,770000	0,141576
108,780000	0,143488
108,790000	0,139664
108,800000	0,143488
108,810000	0,139027
108,820000	0,144126
108,830000	0,139664
108,840000	0,140302
108,850000	0,140302
108,860000	0,139664
108,870000	0,137115
108,880000	0,139664
108,890000	0,137115
108,900000	0,139027
108,910000	0,139664
108,920000	0,139664
108,930000	0,137752
108,940000	0,138390
108,950000	0,136477
108,960000	0,135840
108,970000	0,134565
108,980000	0,137115
108,990000	0,134565
109,000000	0,135203
109,010000	0,133291
109,020000	0,134565
109,030000	0,133291
109,040000	0,136477
109,050000	0,131379
109,060000	0,132653
109,070000	0,132653
109,080000	0,133291
109,090000	0,130741
109,100000	0,132016
109,110000	0,131379
109,120000	0,128192
109,130000	0,131379
109,140000	0,130741
109,150000	0,128192
109,160000	0,133291
109,170000	0,128829
109,180000	0,128192
109,190000	0,130104
109,200000	0,130741
109,210000	0,128829
109,220000	0,128829
109,230000	0,128192
109,240000	0,127554
109,250000	0,126917
109,260000	0,128192
109,270000	0,125005
109,280000	0,126917
109,290000	0,125005
109,300000	0,126917
109,310000	0,125005
109,320000	0,126917
109,330000	0,124367
109,340000	0,124367
109,350000	0,126280
109,360000	0,125005
109,370000	0,124367
109,380000	0,126280
109,390000	0,125005
109,400000	0,125005
109,410000	0,125005
109,420000	0,125005
109,430000	0,123730
109,440000	0,123730
109,450000	0,122455
109,460000	0,121818
109,470000	0,122455
109,480000	0,121818
109,490000	0,121181
109,500000	0,125005
109,510000	0,121181
109,520000	0,121181
109,530000	0,119269
109,540000	0,122455
109,550000	0,117356
109,560000	0,118631
109,570000	0,120543
109,580000	0,118631
109,590000	0,116719
109,600000	0,119906
109,610000	0,116082
109,620000	0,119906
109,630000	0,117994
109,640000	0,120543
109,650000	0,115444
109,660000	0,117994
109,670000	0,115444
109,680000	0,119906
109,690000	0,112895
109,700000	0,117356
109,710000	0,116719
109,720000	0,118631
109,730000	0,114807
109,740000	0,116082
109,750000	0,114807
109,760000	0,116082
109,770000	0,117356
109,780000	0,114170
109,790000	0,116082
109,800000	0,112895
109,810000	0,114807
109,820000	0,114807
109,830000	0,114807
109,840000	0,116082
109,850000	0,114170
109,860000	0,115444
109,870000	0,113532
109,880000	0,114807
109,890000	0,114170
109,900000	0,115444
109,910000	0,110983
109,920000	0,113532
109,930000	0,110983
109,940000	0,114807
109,950000	0,112895
109,960000	0,111620
109,970000	0,114807
109,980000	0,111620
109,990000	0,112258
110,000000	0,114170
110,010000	0,114170
110,020000	0,110345
110,030000	0,111620
110,040000	0,112258
110,050000	0,111620
110,060000	0,108433
110,070000	0,110983
110,080000	0,109708
110,090000	0,110983
110,100000	0,110983
110,110000	0,110983
110,120000	0,105884
110,130000	0,109071
110,140000	0,107159
110,150000	0,106521
110,160000	0,107796
110,170000	0,110983
110,180000	0,109708
110,190000	0,110345
110,200000	0,110345
110,210000	0,105884
110,220000	0,105246
110,230000	0,108433
110,240000	0,107796
110,250000	0,106521
110,260000	0,105246
110,270000	0,110345
110,280000	0,106521
110,290000	0,107159
110,300000	0,109071
110,310000	0,107796
110,320000	0,109708
110,330000	0,106521
110,340000	0,106521
110,350000	0,107159
110,360000	0,107159
110,370000	0,105884
110,380000	0,106521
110,390000	0,107159
110,400000	0,107159
110,410000	0,107159
110,420000	0,107796
110,430000	0,106521
110,440000	0,105884
110,450000	0,105246
110,460000	0,103972
110,470000	0,103972
110,480000	0,104609
110,490000	0,105884
110,500000	0,107159
110,510000	0,106521
110,520000	0,104609
110,530000	0,104609
110,540000	0,104609
110,550000	0,102697
110,560000	0,102697
110,570000	0,103972
110,580000	0,103334
110,590000	0,105884
110,600000	0,105246
110,610000	0,105884
110,620000	0,103972
110,630000	0,106521
110,640000	0,104609
110,650000	0,103972
110,660000	0,103972
110,670000	0,105884
110,680000	0,103972
110,690000	0,103972
110,700000	0,102060
110,710000	0,104609
110,720000	0,101422
110,730000	0,107159
110,740000	0,103972
110,750000	0,106521
110,760000	0,102060
110,770000	0,103972
110,780000	0,102060
110,790000	0,104609
110,800000	0,102697
110,810000	0,105884
110,820000	0,102060
110,830000	0,108433
110,840000	0,100785
110,850000	0,106521
110,860000	0,101422
110,870000	0,101422
110,880000	0,103334
110,890000	0,102697
110,900000	0,103334
110,910000	0,103334
110,920000	0,104609
110,930000	0,104609
110,940000	0,105884
110,950000	0,101422
110,960000	0,102697
110,970000	0,100148
110,980000	0,103972
110,990000	0,102060
111,000000	0,103334
111,010000	0,101422
111,020000	0,102060
111,030000	0,101422
111,040000	0,102697
111,050000	0,102697
111,060000	0,103972
111,070000	0,100785
111,080000	0,102697
111,090000	0,104609
111,100000	0,102697
111,110000	0,099510
111,120000	0,100785
111,130000	0,102060
111,140000	0,103972
111,150000	0,100148
111,160000	0,100785
111,170000	0,102697
111,180000	0,103334
111,190000	0,100785
111,200000	0,101422
111,210000	0,100785
111,220000	0,102697
111,230000	0,099510
111,240000	0,103334
111,250000	0,102060
111,260000	0,101422
111,270000	0,102060
111,280000	0,102060
111,290000	0,100785
111,300000	0,102060
111,310000	0,101422
111,320000	0,101422
111,330000	0,100785
111,340000	0,100148
111,350000	0,102060
111,360000	0,101422
111,370000	0,097598
111,380000	0,102060
111,390000	0,100148
111,400000	0,102060
111,410000	0,098873
111,420000	0,098235
111,430000	0,101422
111,440000	0,103334
111,450000	0,102697
111,460000	0,100148
111,470000	0,098235
111,480000	0,102697
111,490000	0,101422
111,500000	0,101422
111,510000	0,100785
111,520000	0,101422
111,530000	0,100785
111,540000	0,101422
111,550000	0,102060
111,560000	0,100148
111,570000	0,102697
111,580000	0,101422
111,590000	0,100785
111,600000	0,102697
111,610000	0,102060
111,620000	0,103972
111,630000	0,102060
111,640000	0,102060
111,650000	0,099510
111,660000	0,102060
111,670000	0,098873
111,680000	0,099510
111,690000	0,099510
111,700000	0,103972
111,710000	0,100785
111,720000	0,102060
111,730000	0,097598
111,740000	0,100148
111,750000	0,096961
111,760000	0,102060
111,770000	0,098873
111,780000	0,102060
111,790000	0,099510
111,800000	0,100785
111,810000	0,100785
111,820000	0,100148
111,830000	0,096961
111,840000	0,101422
111,850000	0,097598
111,860000	0,098235
111,870000	0,098873
111,880000	0,098873
111,890000	0,101422
111,900000	0,098235
111,910000	0,101422
111,920000	0,101422
111,930000	0,097598
111,940000	0,095686
111,950000	0,101422
111,960000	0,101422
111,970000	0,098873
111,980000	0,097598
111,990000	0,100148
112,000000	0,097598
112,010000	0,098235
112,020000	0,100148
112,030000	0,099510
112,040000	0,096961
112,050000	0,100785
112,060000	0,094411
112,070000	0,099510
112,080000	0,096961
112,090000	0,100148
112,100000	0,095686
112,110000	0,097598
112,120000	0,094411
112,130000	0,099510
112,140000	0,096323
112,150000	0,100785
112,160000	0,097598
112,170000	0,099510
112,180000	0,100148
112,190000	0,099510
112,200000	0,101422
112,210000	0,097598
112,220000	0,100785
112,230000	0,099510
112,240000	0,101422
112,250000	0,096961
112,260000	0,103334
112,270000	0,096323
112,280000	0,099510
112,290000	0,097598
112,300000	0,099510
112,310000	0,098235
112,320000	0,099510
112,330000	0,096961
112,340000	0,102060
112,350000	0,097598
112,360000	0,098873
112,370000	0,096961
112,380000	0,104609
112,390000	0,096323
112,400000	0,100148
112,410000	0,097598
112,420000	0,096323
112,430000	0,100785
112,440000	0,099510
112,450000	0,094411
112,460000	0,099510
112,470000	0,095686
112,480000	0,096961
112,490000	0,096961
112,500000	0,096961
112,510000	0,096961
112,520000	0,097598
112,530000	0,093774
112,540000	0,096323
112,550000	0,095686
112,560000	0,096961
112,570000	0,095686
112,580000	0,098235
112,590000	0,096961
112,600000	0,096961
112,610000	0,096323
112,620000	0,099510
112,630000	0,096961
112,640000	0,098235
112,650000	0,098873
112,660000	0,098873
112,670000	0,096961
112,680000	0,096961
112,690000	0,095686
112,700000	0,098235
112,710000	0,095686
112,720000	0,099510
112,730000	0,095049
112,740000	0,096961
112,750000	0,097598
112,760000	0,100148
112,770000	0,097598
112,780000	0,099510
112,790000	0,097598
112,800000	0,097598
112,810000	0,097598
112,820000	0,098873
112,830000	0,098235
112,840000	0,098235
112,850000	0,098873
112,860000	0,098235
112,870000	0,099510
112,880000	0,096961
112,890000	0,099510
112,900000	0,096323
112,910000	0,098235
112,920000	0,095049
112,930000	0,095049
112,940000	0,097598
112,950000	0,096323
112,960000	0,097598
112,970000	0,100785
112,980000	0,095049
112,990000	0,098235
113,000000	0,096323
113,010000	0,098873
113,020000	0,095049
113,030000	0,100148
113,040000	0,092499
113,050000	0,099510
113,060000	0,096323
113,070000	0,096961
113,080000	0,096323
113,090000	0,098235
113,100000	0,098873
113,110000	0,098873
113,120000	0,098235
113,130000	0,096961
113,140000	0,096323
113,150000	0,097598
113,160000	0,096961
113,170000	0,095686
113,180000	0,095049
113,190000	0,097598
113,200000	0,096961
113,210000	0,096961
113,220000	0,097598
113,230000	0,096961
113,240000	0,098235
113,250000	0,096323
113,260000	0,098873
113,270000	0,094411
113,280000	0,096961
113,290000	0,096961
113,300000	0,093774
113,310000	0,096961
113,320000	0,094411
113,330000	0,095686
113,340000	0,095686
113,350000	0,095686
113,360000	0,097598
113,370000	0,096323
113,380000	0,094411
113,390000	0,098235
113,400000	0,096323
113,410000	0,096323
113,420000	0,096961
113,430000	0,093774
113,440000	0,095049
113,450000	0,096323
113,460000	0,093137
113,470000	0,100148
113,480000	0,095686
113,490000	0,102060
113,500000	0,095049
113,510000	0,099510
113,520000	0,094411
113,530000	0,096323
113,540000	0,098235
113,550000	0,096323
113,560000	0,095686
113,570000	0,096961
113,580000	0,096961
113,590000	0,095049
113,600000	0,096961
113,610000	0,096961
113,620000	0,098873
113,630000	0,095686
113,640000	0,098235
113,650000	0,094411
113,660000	0,098873
113,670000	0,094411
113,680000	0,096961
113,690000	0,093137
113,700000	0,096961
113,710000	0,095686
113,720000	0,096961
113,730000	0,097598
113,740000	0,097598
113,750000	0,093774
113,760000	0,097598
113,770000	0,091224
113,780000	0,098873
113,790000	0,093774
113,800000	0,096323
113,810000	0,097598
113,820000	0,095686
113,830000	0,096961
113,840000	0,096961
113,850000	0,097598
113,860000	0,096323
113,870000	0,097598
113,880000	0,096961
113,890000	0,096323
113,900000	0,097598
113,910000	0,097598
113,920000	0,096323
113,930000	0,096961
113,940000	0,095049
113,950000	0,095049
113,960000	0,095049
113,970000	0,095049
113,980000	0,097598
113,990000	0,094411
114,000000	0,096961
114,010000	0,095049
114,020000	0,095049
114,030000	0,096961
114,040000	0,096961
114,050000	0,095686
114,060000	0,096323
114,070000	0,097598
114,080000	0,099510
114,090000	0,093774
114,100000	0,096323
114,110000	0,098235
114,120000	0,096323
114,130000	0,096961
114,140000	0,098235
114,150000	0,096961
114,160000	0,096323
114,170000	0,095686
114,180000	0,095686
114,190000	0,096323
114,200000	0,095686
114,210000	0,095686
114,220000	0,098235
114,230000	0,098873
114,240000	0,095686
114,250000	0,098873
114,260000	0,098235
114,270000	0,102060
114,280000	0,095686
114,290000	0,097598
114,300000	0,096323
114,310000	0,095686
114,320000	0,098873
114,330000	0,098235
114,340000	0,099510
114,350000	0,098873
114,360000	0,099510
114,370000	0,101422
114,380000	0,099510
114,390000	0,094411
114,400000	0,100785
114,410000	0,098235
114,420000	0,100785
114,430000	0,099510
114,440000	0,100785
114,450000	0,096961
114,460000	0,099510
114,470000	0,096961
114,480000	0,097598
114,490000	0,096323
114,500000	0,101422
114,510000	0,096961
114,520000	0,102697
114,530000	0,099510
114,540000	0,103334
114,550000	0,100785
114,560000	0,102697
114,570000	0,101422
114,580000	0,102060
114,590000	0,100785
114,600000	0,103972
114,610000	0,100148
114,620000	0,101422
114,630000	0,099510
114,640000	0,103334
114,650000	0,101422
114,660000	0,103972
114,670000	0,104609
114,680000	0,102697
114,690000	0,102697
114,700000	0,102060
114,710000	0,102060
114,720000	0,103334
114,730000	0,102697
114,740000	0,103334
114,750000	0,103334
114,760000	0,103334
114,770000	0,103972
114,780000	0,105884
114,790000	0,104609
114,800000	0,105246
114,810000	0,103972
114,820000	0,107159
114,830000	0,106521
114,840000	0,101422
114,850000	0,105884
114,860000	0,105246
114,870000	0,105884
114,880000	0,107159
114,890000	0,106521
114,900000	0,110345
114,910000	0,102060
114,920000	0,109708
114,930000	0,105246
114,940000	0,109071
114,950000	0,104609
114,960000	0,107796
114,970000	0,108433
114,980000	0,108433
114,990000	0,105246
115,000000	0,109071
115,010000	0,112258
115,020000	0,107796
115,030000	0,109708
115,040000	0,109071
115,050000	0,112258
115,060000	0,107159
115,070000	0,110345
115,080000	0,109708
115,090000	0,112258
115,100000	0,109708
115,110000	0,111620
115,120000	0,109708
115,130000	0,109708
115,140000	0,109708
115,150000	0,109071
115,160000	0,112895
115,170000	0,111620
115,180000	0,109071
115,190000	0,109708
115,200000	0,112258
115,210000	0,112895
115,220000	0,111620
115,230000	0,114170
115,240000	0,114807
115,250000	0,116082
115,260000	0,115444
115,270000	0,116082
115,280000	0,113532
115,290000	0,113532
115,300000	0,114807
115,310000	0,116719
115,320000	0,116082
115,330000	0,116082
115,340000	0,116082
115,350000	0,114807
115,360000	0,117356
115,370000	0,117994
115,380000	0,120543
115,390000	0,118631
115,400000	0,116719
115,410000	0,118631
115,420000	0,122455
115,430000	0,121818
115,440000	0,118631
115,450000	0,121181
115,460000	0,117994
115,470000	0,116719
115,480000	0,123730
115,490000	0,122455
115,500000	0,117994
115,510000	0,121818
115,520000	0,116082
115,530000	0,123730
115,540000	0,120543
115,550000	0,122455
115,560000	0,117994
115,570000	0,123730
115,580000	0,116719
115,590000	0,123093
115,600000	0,126280
115,610000	0,121818
115,620000	0,117356
115,630000	0,123730
115,640000	0,124367
115,650000	0,119906
115,660000	0,122455
115,670000	0,124367
115,680000	0,127554
115,690000	0,127554
115,700000	0,128192
115,710000	0,126280
115,720000	0,130104
115,730000	0,131379
115,740000	0,129466
115,750000	0,126917
115,760000	0,128192
115,770000	0,128829
115,780000	0,134565
115,790000	0,130104
115,800000	0,132653
115,810000	0,126917
115,820000	0,130104
115,830000	0,128192
115,840000	0,135203
115,850000	0,129466
115,860000	0,130741
115,870000	0,126917
115,880000	0,133928
115,890000	0,135203
115,900000	0,133291
115,910000	0,131379
115,920000	0,133928
115,930000	0,135203
115,940000	0,134565
115,950000	0,135840
115,960000	0,135840
115,970000	0,135840
115,980000	0,140939
115,990000	0,133928
116,000000	0,135203
116,010000	0,140302
116,020000	0,137752
116,030000	0,137752
116,040000	0,135203
116,050000	0,142214
116,060000	0,136477
116,070000	0,140939
116,080000	0,142851
116,090000	0,142214
116,100000	0,140939
116,110000	0,142851
116,120000	0,144763
116,130000	0,143488
116,140000	0,142214
116,150000	0,144763
116,160000	0,144763
116,170000	0,146038
116,180000	0,145401
116,190000	0,146038
116,200000	0,147313
116,210000	0,147950
116,220000	0,147313
116,230000	0,150499
116,240000	0,150499
116,250000	0,150499
116,260000	0,154961
116,270000	0,152412
116,280000	0,151774
116,290000	0,153686
116,300000	0,151774
116,310000	0,153686
116,320000	0,152412
116,330000	0,151774
116,340000	0,156873
116,350000	0,153686
116,360000	0,155598
116,370000	0,156236
116,380000	0,161972
116,390000	0,159423
116,400000	0,156873
116,410000	0,159423
116,420000	0,158785
116,430000	0,158148
116,440000	0,162609
116,450000	0,163884
116,460000	0,167071
116,470000	0,163247
116,480000	0,160697
116,490000	0,165796
116,500000	0,164522
116,510000	0,164522
116,520000	0,168983
116,530000	0,161335
116,540000	0,165159
116,550000	0,163247
116,560000	0,172170
116,570000	0,167071
116,580000	0,168983
116,590000	0,175357
116,600000	0,171533
116,610000	0,170895
116,620000	0,172170
116,630000	0,170895
116,640000	0,177269
116,650000	0,167708
116,660000	0,170895
116,670000	0,171533
116,680000	0,175994
116,690000	0,172807
116,700000	0,179818
116,710000	0,174082
116,720000	0,183005
116,730000	0,173445
116,740000	0,179181
116,750000	0,181730
116,760000	0,183005
116,770000	0,177906
116,780000	0,181093
116,790000	0,179181
116,800000	0,185555
116,810000	0,180456
116,820000	0,186192
116,830000	0,182368
116,840000	0,183005
116,850000	0,186192
116,860000	0,181730
116,870000	0,184280
116,880000	0,182368
116,890000	0,188104
116,900000	0,182368
116,910000	0,187467
116,920000	0,191291
116,930000	0,192566
116,940000	0,186192
116,950000	0,198302
116,960000	0,188104
116,970000	0,193203
116,980000	0,186192
116,990000	0,190016
117,000000	0,188741
117,010000	0,191291
117,020000	0,181730
117,030000	0,192566
117,040000	0,193840
117,050000	0,201489
117,060000	0,195752
117,070000	0,195115
117,080000	0,193840
117,090000	0,190016
117,100000	0,195115
117,110000	0,193203
117,120000	0,197665
117,130000	0,192566
117,140000	0,196390
117,150000	0,195752
117,160000	0,202763
117,170000	0,198302
117,180000	0,205950
117,190000	0,193840
117,200000	0,202763
117,210000	0,200851
117,220000	0,204676
117,230000	0,195115
117,240000	0,211049
117,250000	0,196390
117,260000	0,203401
117,270000	0,204038
117,280000	0,206588
117,290000	0,202763
117,300000	0,209775
117,310000	0,198302
117,320000	0,203401
117,330000	0,202763
117,340000	0,205313
117,350000	0,202763
117,360000	0,203401
117,370000	0,200214
117,380000	0,209137
117,390000	0,197665
117,400000	0,208500
117,410000	0,200851
117,420000	0,202763
117,430000	0,200851
117,440000	0,204038
117,450000	0,206588
117,460000	0,200214
117,470000	0,203401
117,480000	0,205950
117,490000	0,207862
117,500000	0,204038
117,510000	0,198302
117,520000	0,197665
117,530000	0,205313
117,540000	0,200851
117,550000	0,202763
117,560000	0,198939
117,570000	0,206588
117,580000	0,200851
117,590000	0,206588
117,600000	0,198939
117,610000	0,200851
117,620000	0,200851
117,630000	0,199577
117,640000	0,193203
117,650000	0,198939
117,660000	0,205313
117,670000	0,198939
117,680000	0,201489
117,690000	0,194478
117,700000	0,198302
117,710000	0,193840
117,720000	0,195752
117,730000	0,200851
117,740000	0,192566
117,750000	0,189379
117,760000	0,196390
117,770000	0,195752
117,780000	0,198939
117,790000	0,193840
117,800000	0,194478
117,810000	0,196390
117,820000	0,197027
117,830000	0,195752
117,840000	0,196390
117,850000	0,188741
117,860000	0,193203
117,870000	0,185555
117,880000	0,193203
117,890000	0,194478
117,900000	0,194478
117,910000	0,188741
117,920000	0,191928
117,930000	0,191291
117,940000	0,191928
117,950000	0,181730
117,960000	0,184917
117,970000	0,190654
117,980000	0,186192
117,990000	0,185555
118,000000	0,179181
118,010000	0,187467
118,020000	0,180456
118,030000	0,179181
118,040000	0,180456
118,050000	0,182368
118,060000	0,175357
118,070000	0,179181
118,080000	0,179181
118,090000	0,184280
118,100000	0,175994
118,110000	0,178544
118,120000	0,176631
118,130000	0,175357
118,140000	0,177906
118,150000	0,174719
118,160000	0,174082
118,170000	0,172807
118,180000	0,172807
118,190000	0,169620
118,200000	0,172170
118,210000	0,169620
118,220000	0,173445
118,230000	0,173445
118,240000	0,165796
118,250000	0,166434
118,260000	0,168346
118,270000	0,169620
118,280000	0,167071
118,290000	0,162609
118,300000	0,169620
118,310000	0,167708
118,320000	0,164522
118,330000	0,163884
118,340000	0,167071
118,350000	0,158148
118,360000	0,164522
118,370000	0,159423
118,380000	0,157511
118,390000	0,155598
118,400000	0,163884
118,410000	0,158148
118,420000	0,163884
118,430000	0,154961
118,440000	0,158148
118,450000	0,152412
118,460000	0,159423
118,470000	0,152412
118,480000	0,158148
118,490000	0,155598
118,500000	0,154961
118,510000	0,151137
118,520000	0,155598
118,530000	0,153049
118,540000	0,152412
118,550000	0,152412
118,560000	0,151774
118,570000	0,154324
118,580000	0,153686
118,590000	0,147950
118,600000	0,149862
118,610000	0,151774
118,620000	0,150499
118,630000	0,140302
118,640000	0,142851
118,650000	0,144763
118,660000	0,147313
118,670000	0,146038
118,680000	0,146675
118,690000	0,143488
118,700000	0,148587
118,710000	0,144126
118,720000	0,143488
118,730000	0,147313
118,740000	0,147313
118,750000	0,142214
118,760000	0,140302
118,770000	0,141576
118,780000	0,139664
118,790000	0,137752
118,800000	0,143488
118,810000	0,142214
118,820000	0,140302
118,830000	0,142851
118,840000	0,139027
118,850000	0,141576
118,860000	0,137752
118,870000	0,135203
118,880000	0,135203
118,890000	0,137752
118,900000	0,135840
118,910000	0,134565
118,920000	0,131379
118,930000	0,136477
118,940000	0,136477
118,950000	0,133291
118,960000	0,135840
118,970000	0,135203
118,980000	0,132016
118,990000	0,137115
119,000000	0,131379
119,010000	0,136477
119,020000	0,129466
119,030000	0,130741
119,040000	0,130741
119,050000	0,132653
119,060000	0,130741
119,070000	0,128192
119,080000	0,135203
119,090000	0,132016
119,100000	0,126917
119,110000	0,130741
119,120000	0,130104
119,130000	0,129466
119,140000	0,128829
119,150000	0,132653
119,160000	0,132653
119,170000	0,129466
119,180000	0,128192
119,190000	0,130741
119,200000	0,126917
119,210000	0,124367
119,220000	0,128829
119,230000	0,124367
119,240000	0,134565
119,250000	0,123730
119,260000	0,132016
119,270000	0,128829
119,280000	0,124367
119,290000	0,132016
119,300000	0,126917
119,310000	0,135203
119,320000	0,126280
119,330000	0,121181
119,340000	0,121181
119,350000	0,125005
119,360000	0,126917
119,370000	0,126280
119,380000	0,125005
119,390000	0,130104
119,400000	0,122455
119,410000	0,133928
119,420000	0,117356
119,430000	0,127554
119,440000	0,117356
119,450000	0,124367
119,460000	0,118631
119,470000	0,117994
119,480000	0,117356
119,490000	0,121181
119,500000	0,120543
119,510000	0,114170
119,520000	0,118631
119,530000	0,121818
119,540000	0,118631
119,550000	0,119906
119,560000	0,121181
119,570000	0,119269
119,580000	0,119906
119,590000	0,119269
119,600000	0,122455
119,610000	0,121181
119,620000	0,119269
119,630000	0,121181
119,640000	0,119906
119,650000	0,121181
119,660000	0,114807
119,670000	0,119906
119,680000	0,118631
119,690000	0,114807
119,700000	0,117356
119,710000	0,120543
119,720000	0,116719
119,730000	0,119269
119,740000	0,119906
119,750000	0,115444
119,760000	0,114170
119,770000	0,116082
119,780000	0,116719
119,790000	0,115444
119,800000	0,118631
119,810000	0,118631
119,820000	0,116719
119,830000	0,116082
119,840000	0,117994
119,850000	0,115444
119,860000	0,117356
119,870000	0,114170
119,880000	0,116719
119,890000	0,113532
119,900000	0,114807
119,910000	0,111620
119,920000	0,118631
119,930000	0,109071
119,940000	0,112258
119,950000	0,110983
119,960000	0,109708
119,970000	0,112258
119,980000	0,110345
119,990000	0,114170
120,000000	0,108433
120,010000	0,107159
120,020000	0,107796
120,030000	0,107159
120,040000	0,110345
120,050000	0,114170
120,060000	0,109708
120,070000	0,112258
120,080000	0,107796
120,090000	0,107796
120,100000	0,109071
120,110000	0,106521
120,120000	0,112258
120,130000	0,105246
120,140000	0,105884
120,150000	0,102697
120,160000	0,107796
120,170000	0,104609
120,180000	0,109071
120,190000	0,104609
120,200000	0,108433
120,210000	0,102060
120,220000	0,109071
120,230000	0,112895
120,240000	0,108433
120,250000	0,116719
120,260000	0,105246
120,270000	0,110983
120,280000	0,110983
120,290000	0,107796
120,300000	0,105246
120,310000	0,105884
120,320000	0,105246
120,330000	0,105884
120,340000	0,100785
120,350000	0,105884
120,360000	0,104609
120,370000	0,104609
120,380000	0,116082
120,390000	0,107796
120,400000	0,111620
120,410000	0,108433
120,420000	0,114807
120,430000	0,110345
120,440000	0,114170
120,450000	0,109708
120,460000	0,114807
120,470000	0,109708
120,480000	0,104609
120,490000	0,100785
120,500000	0,101422
120,510000	0,105246
120,520000	0,103334
120,530000	0,105884
120,540000	0,103334
120,550000	0,104609
120,560000	0,112258
120,570000	0,110983
120,580000	0,112258
120,590000	0,105884
120,600000	0,092499
120,610000	0,106521
120,620000	0,093774
120,630000	0,099510
120,640000	0,090587
120,650000	0,095049
120,660000	0,095686
120,670000	0,093137
120,680000	0,103334
120,690000	0,102697
120,700000	0,107159
120,710000	0,121818
120,720000	0,105246
120,730000	0,120543
120,740000	0,104609
120,750000	0,116082
120,760000	0,099510
120,770000	0,100785
120,780000	0,075928
120,790000	0,093774
120,800000	0,067642
120,810000	0,100785
120,820000	0,086126
120,830000	0,097598
120,840000	0,084213
120,850000	0,101422
120,860000	0,089312
120,870000	0,100148
120,880000	0,096961
120,890000	0,116719
120,900000	0,106521
120,910000	0,121181
120,920000	0,103334
120,930000	0,114807
120,940000	0,095686
120,950000	0,109071
120,960000	0,100785
120,970000	0,102060
120,980000	0,105884
120,990000	0,100148
121,000000	0,103334
121,010000	0,094411
121,020000	0,099510
121,030000	0,099510
121,040000	0,103972
121,050000	0,103972
121,060000	0,096961
121,070000	0,100785
121,080000	0,102060
121,090000	0,098873
121,100000	0,102060
121,110000	0,101422
121,120000	0,103334
121,130000	0,093774
121,140000	0,101422
121,150000	0,096323
121,160000	0,101422
121,170000	0,092499
121,180000	0,096323
121,190000	0,091862
121,200000	0,095049
121,210000	0,095049
121,220000	0,092499
121,230000	0,102060
121,240000	0,103334
121,250000	0,102060
121,260000	0,105884
121,270000	0,105884
121,280000	0,103334
121,290000	0,104609
121,300000	0,099510
121,310000	0,092499
121,320000	0,099510
121,330000	0,109708
121,340000	0,095686
121,350000	0,100148
121,360000	0,093774
121,370000	0,093137
121,380000	0,105246
121,390000	0,104609
121,400000	0,111620
121,410000	0,103972
121,420000	0,110345
121,430000	0,104609
121,440000	0,104609
121,450000	0,101422
121,460000	0,093137
121,470000	0,097598
121,480000	0,101422
121,490000	0,084213
121,500000	0,096323
121,510000	0,125642
121,520000	0,094411
121,530000	0,119906
121,540000	0,107159
121,550000	0,132653
121,560000	0,110345
121,570000	0,108433
121,580000	0,117994
121,590000	0,109708
121,600000	0,089312
121,610000	0,103972
121,620000	0,084851
121,630000	0,096961
121,640000	0,092499
121,650000	0,091862
121,660000	0,089950
121,670000	0,089950
121,680000	0,105884
121,690000	0,092499
121,700000	0,103334
121,710000	0,100785
121,720000	0,109708
121,730000	0,100785
121,740000	0,107159
121,750000	0,095686
121,760000	0,095686
121,770000	0,095049
121,780000	0,096323
121,790000	0,096323
121,800000	0,096961
121,810000	0,096323
121,820000	0,095049
121,830000	0,089950
121,840000	0,101422
121,850000	0,096323
121,860000	0,101422
121,870000	0,109708
121,880000	0,098235
121,890000	0,104609
121,900000	0,091862
121,910000	0,096961
121,920000	0,091862
121,930000	0,093774
121,940000	0,099510
121,950000	0,091862
121,960000	0,089312
121,970000	0,091862
121,980000	0,093137
121,990000	0,096961
122,000000	0,100148
122,010000	0,103972
122,020000	0,100148
122,030000	0,098235
122,040000	0,093774
122,050000	0,117994
122,060000	0,097598
122,070000	0,074016
122,080000	0,095049
122,090000	0,077202
122,100000	0,096961
122,110000	0,084851
122,120000	0,106521
122,130000	0,093137
122,140000	0,099510
122,150000	0,110345
122,160000	0,096961
122,170000	0,110983
122,180000	0,151137
122,190000	0,100148
122,200000	0,133928
122,210000	0,088675
122,220000	0,121818
122,230000	0,091224
122,240000	0,107159
122,250000	0,105246
122,260000	0,112895
122,270000	0,065092
122,280000	0,113532
122,290000	0,084213
122,300000	0,120543
122,310000	0,084213
122,320000	0,107796
122,330000	0,091862
122,340000	0,092499
122,350000	0,092499
122,360000	0,089312
122,370000	0,088675
122,380000	0,099510
122,390000	0,089950
122,400000	0,103972
122,410000	0,091224
122,420000	0,097598
122,430000	0,095686
122,440000	0,094411
122,450000	0,100785
122,460000	0,091862
122,470000	0,098873
122,480000	0,093774
122,490000	0,094411
122,500000	0,089950
122,510000	0,095686
122,520000	0,096961
122,530000	0,090587
122,540000	0,096323
122,550000	0,112258
122,560000	0,096961
122,570000	0,099510
122,580000	0,100148
122,590000	0,110983
122,600000	0,097598
122,610000	0,096961
122,620000	0,096323
122,630000	0,095049
122,640000	0,102060
122,650000	0,095686
122,660000	0,100785
122,670000	0,098235
122,680000	0,091224
122,690000	0,105884
122,700000	0,098873
122,710000	0,112258
122,720000	0,103972
122,730000	0,113532
122,740000	0,095686
122,750000	0,079114
122,760000	0,095686
122,770000	0,072741
122,780000	0,091224
122,790000	0,091224
122,800000	0,089950
122,810000	0,093774
122,820000	0,090587
122,830000	0,093774
122,840000	0,079752
122,850000	0,096961
122,860000	0,119906
122,870000	0,100148
122,880000	0,108433
122,890000	0,095686
122,900000	0,098873
122,910000	0,053620
122,920000	0,091862
122,930000	0,051070
122,940000	0,098235
122,950000	0,053620
122,960000	0,085488
122,970000	0,096323
122,980000	0,072741
122,990000	0,095686
123,000000	0,076565
123,010000	0,101422
123,020000	0,114170
123,030000	0,102060
123,040000	0,095049
123,050000	0,091862
123,060000	0,102060
123,070000	0,079114
123,080000	0,091224
123,090000	0,105246
123,100000	0,082301
123,110000	0,099510
123,120000	0,075928
123,130000	0,097598
123,140000	0,075290
123,150000	0,100148
123,160000	0,116082
123,170000	0,094411
123,180000	0,105884
123,190000	0,095686
123,200000	0,088675
123,210000	0,117994
123,220000	0,095049
123,230000	0,089950
123,240000	0,091862
123,250000	0,083576
123,260000	0,099510
123,270000	0,090587
123,280000	0,106521
123,290000	0,100785
123,300000	0,108433
123,310000	0,101422
123,320000	0,112895
123,330000	0,091224
123,340000	0,102060
123,350000	0,093774
123,360000	0,065730
123,370000	0,086763
123,380000	0,077202
123,390000	0,094411
123,400000	0,105246
123,410000	0,081027
123,420000	0,102697
123,430000	0,110983
123,440000	0,098873
123,450000	0,129466
123,460000	0,102060
123,470000	0,131379
123,480000	0,090587
123,490000	0,112258
123,500000	0,088675
123,510000	0,084851
123,520000	0,102060
123,530000	0,089312
123,540000	0,045971
123,550000	0,092499
123,560000	0,116082
123,570000	0,109708
123,580000	0,081664
123,590000	0,095049
123,600000	0,079752
123,610000	0,072103
123,620000	0,078477
123,630000	0,107159
123,640000	0,077202
123,650000	0,117356
123,660000	0,065730
123,670000	0,102697
123,680000	0,091224
123,690000	0,100785
123,700000	0,104609
123,710000	0,111620
123,720000	0,108433
123,730000	0,114170
123,740000	0,095686
123,750000	0,107159
123,760000	0,093137
123,770000	0,103334
123,780000	0,100148
123,790000	0,096961
123,800000	0,091862
123,810000	0,102060
123,820000	0,093774
123,830000	0,095686
123,840000	0,098235
123,850000	0,098873
123,860000	0,107159
123,870000	0,096961
123,880000	0,088675
123,890000	0,095686
123,900000	0,089312
123,910000	0,096961
123,920000	0,096961
123,930000	0,094411
123,940000	0,095686
123,950000	0,088038
123,960000	0,096323
123,970000	0,096323
123,980000	0,097598
123,990000	0,104609
124,000000	0,100785
124,010000	0,109071
124,020000	0,100148
124,030000	0,093774
124,040000	0,101422
124,050000	0,100785
124,060000	0,086763
124,070000	0,095049
124,080000	0,110345
124,090000	0,095049
124,100000	0,084213
124,110000	0,095049
124,120000	0,095686
124,130000	0,095686
124,140000	0,102060
124,150000	0,107159
124,160000	0,102060
124,170000	0,108433
124,180000	0,103334
124,190000	0,102697
124,200000	0,096961
124,210000	0,081664
124,220000	0,080389
124,230000	0,091862
124,240000	0,074016
124,250000	0,089950
124,260000	0,114807
124,270000	0,095686
124,280000	0,137752
124,290000	0,108433
124,300000	0,118631
124,310000	0,101422
124,320000	0,096323
124,330000	0,130104
124,340000	0,100785
124,350000	0,082301
124,360000	0,098873
124,370000	0,076565
124,380000	0,090587
124,390000	0,101422
124,400000	0,102697
124,410000	0,109071
124,420000	0,094411
124,430000	0,117994
124,440000	0,095049
124,450000	0,098873
124,460000	0,099510
124,470000	0,110983
124,480000	0,098873
124,490000	0,091224
124,500000	0,076565
124,510000	0,091862
124,520000	0,088675
124,530000	0,101422
124,540000	0,086763
124,550000	0,101422
124,560000	0,094411
124,570000	0,100148
124,580000	0,096961
124,590000	0,112258
124,600000	0,097598
124,610000	0,106521
124,620000	0,097598
124,630000	0,086763
124,640000	0,096323
124,650000	0,079114
124,660000	0,102060
124,670000	0,104609
124,680000	0,102060
124,690000	0,109071
124,700000	0,119906
124,710000	0,107159
124,720000	0,114807
124,730000	0,104609
124,740000	0,128829
124,750000	0,100785
124,760000	0,112258
124,770000	0,099510
124,780000	0,095686
124,790000	0,075290
124,800000	0,105884
124,810000	0,079752
124,820000	0,110983
124,830000	0,139664
124,840000	0,112895
124,850000	0,153686
124,860000	0,108433
124,870000	0,142851
124,880000	0,108433
124,890000	0,100785
124,900000	0,106521
124,910000	0,109708
124,920000	0,080389
124,930000	0,103334
124,940000	0,083576
124,950000	0,113532
124,960000	0,095049
124,970000	0,111620
124,980000	0,096961
124,990000	0,102060
125,000000	0,108433
125,010000	0,102697
125,020000	0,110345
125,030000	0,102697
125,040000	0,107796
125,050000	0,105884
125,060000	0,102697
125,070000	0,107159
125,080000	0,105246
125,090000	0,107159
125,100000	0,112258
125,110000	0,105884
125,120000	0,110345
125,130000	0,107796
125,140000	0,112258
125,150000	0,107159
125,160000	0,111620
125,170000	0,110345
125,180000	0,110345
125,190000	0,110345
125,200000	0,107796
125,210000	0,118631
125,220000	0,109708
125,230000	0,116082
125,240000	0,111620
125,250000	0,117356
125,260000	0,114170
125,270000	0,115444
125,280000	0,112258
125,290000	0,112258
125,300000	0,110983
125,310000	0,114170
125,320000	0,111620
125,330000	0,116082
125,340000	0,113532
125,350000	0,116082
125,360000	0,113532
125,370000	0,116082
125,380000	0,114170
125,390000	0,112258
125,400000	0,113532
125,410000	0,112258
125,420000	0,115444
125,430000	0,113532
125,440000	0,113532
125,450000	0,117994
125,460000	0,119269
125,470000	0,120543
125,480000	0,122455
125,490000	0,117994
125,500000	0,114807
125,510000	0,120543
125,520000	0,110983
125,530000	0,117356
125,540000	0,114807
125,550000	0,119269
125,560000	0,119906
125,570000	0,114170
125,580000	0,117356
125,590000	0,118631
125,600000	0,112258
125,610000	0,118631
125,620000	0,115444
125,630000	0,120543
125,640000	0,125642
125,650000	0,121181
125,660000	0,119906
125,670000	0,125005
125,680000	0,124367
125,690000	0,126280
125,700000	0,126917
125,710000	0,129466
125,720000	0,127554
125,730000	0,129466
125,740000	0,132016
125,750000	0,134565
125,760000	0,134565
125,770000	0,132653
125,780000	0,130104
125,790000	0,126917
125,800000	0,133291
125,810000	0,125005
125,820000	0,130741
125,830000	0,126917
125,840000	0,133928
125,850000	0,127554
125,860000	0,137752
125,870000	0,129466
125,880000	0,129466
125,890000	0,129466
125,900000	0,132016
125,910000	0,135203
125,920000	0,130104
125,930000	0,131379
125,940000	0,123730
125,950000	0,134565
125,960000	0,135203
125,970000	0,139027
125,980000	0,135840
125,990000	0,135203
126,000000	0,137752
126,010000	0,131379
126,020000	0,140939
126,030000	0,133928
126,040000	0,140939
126,050000	0,138390
126,060000	0,127554
126,070000	0,136477
126,080000	0,141576
126,090000	0,140302
126,100000	0,149225
126,110000	0,144763
126,120000	0,147950
126,130000	0,139664
126,140000	0,149862
126,150000	0,147950
126,160000	0,146038
126,170000	0,147950
126,180000	0,140302
126,190000	0,147313
126,200000	0,147313
126,210000	0,148587
126,220000	0,152412
126,230000	0,151137
126,240000	0,153049
126,250000	0,151774
126,260000	0,153686
126,270000	0,149862
126,280000	0,149225
126,290000	0,153049
126,300000	0,154324
126,310000	0,153049
126,320000	0,157511
126,330000	0,156873
126,340000	0,153686
126,350000	0,153686
126,360000	0,156873
126,370000	0,160060
126,380000	0,154961
126,390000	0,156873
126,400000	0,154324
126,410000	0,158148
126,420000	0,153049
126,430000	0,158148
126,440000	0,158148
126,450000	0,158148
126,460000	0,157511
126,470000	0,165159
126,480000	0,158148
126,490000	0,170258
126,500000	0,163247
126,510000	0,174082
126,520000	0,165159
126,530000	0,172170
126,540000	0,165159
126,550000	0,167708
126,560000	0,168983
126,570000	0,170895
126,580000	0,168983
126,590000	0,170258
126,600000	0,170895
126,610000	0,172170
126,620000	0,170258
126,630000	0,174082
126,640000	0,168983
126,650000	0,173445
126,660000	0,168346
126,670000	0,175994
126,680000	0,172170
126,690000	0,177269
126,700000	0,172807
126,710000	0,175357
126,720000	0,175994
126,730000	0,180456
126,740000	0,174719
126,750000	0,180456
126,760000	0,174082
126,770000	0,182368
126,780000	0,176631
126,790000	0,177269
126,800000	0,179181
126,810000	0,183005
126,820000	0,178544
126,830000	0,187467
126,840000	0,178544
126,850000	0,184280
126,860000	0,178544
126,870000	0,188104
126,880000	0,184280
126,890000	0,188104
126,900000	0,183643
126,910000	0,181093
126,920000	0,182368
126,930000	0,186192
126,940000	0,181730
126,950000	0,186192
126,960000	0,189379
126,970000	0,188741
126,980000	0,188741
126,990000	0,189379
127,000000	0,187467
127,010000	0,186192
127,020000	0,193203
127,030000	0,188741
127,040000	0,192566
127,050000	0,189379
127,060000	0,188741
127,070000	0,188104
127,080000	0,189379
127,090000	0,191291
127,100000	0,196390
127,110000	0,193840
127,120000	0,190654
127,130000	0,194478
127,140000	0,194478
127,150000	0,193840
127,160000	0,198302
127,170000	0,198939
127,180000	0,195752
127,190000	0,195752
127,200000	0,197027
127,210000	0,197665
127,220000	0,200214
127,230000	0,198939
127,240000	0,191291
127,250000	0,196390
127,260000	0,198939
127,270000	0,197665
127,280000	0,201489
127,290000	0,202763
127,300000	0,194478
127,310000	0,202126
127,320000	0,197665
127,330000	0,202763
127,340000	0,196390
127,350000	0,204676
127,360000	0,200214
127,370000	0,201489
127,380000	0,197027
127,390000	0,198302
127,400000	0,199577
127,410000	0,204038
127,420000	0,196390
127,430000	0,200214
127,440000	0,199577
127,450000	0,199577
127,460000	0,200214
127,470000	0,198302
127,480000	0,202126
127,490000	0,203401
127,500000	0,197665
127,510000	0,200851
127,520000	0,198939
127,530000	0,201489
127,540000	0,204038
127,550000	0,202763
127,560000	0,204038
127,570000	0,200851
127,580000	0,198939
127,590000	0,195752
127,600000	0,197665
127,610000	0,195115
127,620000	0,194478
127,630000	0,197027
127,640000	0,201489
127,650000	0,193840
127,660000	0,196390
127,670000	0,201489
127,680000	0,199577
127,690000	0,195115
127,700000	0,200851
127,710000	0,196390
127,720000	0,199577
127,730000	0,195752
127,740000	0,200851
127,750000	0,197027
127,760000	0,197027
127,770000	0,198302
127,780000	0,194478
127,790000	0,198939
127,800000	0,192566
127,810000	0,197665
127,820000	0,188741
127,830000	0,197665
127,840000	0,195115
127,850000	0,193203
127,860000	0,193840
127,870000	0,191928
127,880000	0,188741
127,890000	0,192566
127,900000	0,190654
127,910000	0,188741
127,920000	0,187467
127,930000	0,188741
127,940000	0,190654
127,950000	0,190016
127,960000	0,184280
127,970000	0,186192
127,980000	0,184280
127,990000	0,186829
128,000000	0,186192
128,010000	0,185555
128,020000	0,186192
128,030000	0,182368
128,040000	0,178544
128,050000	0,180456
128,060000	0,181093
128,070000	0,181093
128,080000	0,181093
128,090000	0,177906
128,100000	0,177269
128,110000	0,178544
128,120000	0,175994
128,130000	0,175994
128,140000	0,175994
128,150000	0,175357
128,160000	0,170895
128,170000	0,174082
128,180000	0,176631
128,190000	0,175994
128,200000	0,173445
128,210000	0,171533
128,220000	0,172170
128,230000	0,170258
128,240000	0,171533
128,250000	0,170258
128,260000	0,170258
128,270000	0,168346
128,280000	0,170258
128,290000	0,167708
128,300000	0,165796
128,310000	0,164522
128,320000	0,167708
128,330000	0,167071
128,340000	0,167708
128,350000	0,163247
128,360000	0,161972
128,370000	0,161335
128,380000	0,161972
128,390000	0,160060
128,400000	0,160697
128,410000	0,160697
128,420000	0,158148
128,430000	0,158148
128,440000	0,156236
128,450000	0,158148
128,460000	0,157511
128,470000	0,154961
128,480000	0,156236
128,490000	0,155598
128,500000	0,155598
128,510000	0,154324
128,520000	0,155598
128,530000	0,154961
128,540000	0,150499
128,550000	0,149862
128,560000	0,150499
128,570000	0,149225
128,580000	0,152412
128,590000	0,147950
128,600000	0,147950
128,610000	0,146675
128,620000	0,148587
128,630000	0,147313
128,640000	0,148587
128,650000	0,146675
128,660000	0,150499
128,670000	0,143488
128,680000	0,147313
128,690000	0,146038
128,700000	0,144126
128,710000	0,146038
128,720000	0,142851
128,730000	0,142851
128,740000	0,139664
128,750000	0,143488
128,760000	0,142214
128,770000	0,137115
128,780000	0,138390
128,790000	0,141576
128,800000	0,137752
128,810000	0,141576
128,820000	0,139664
128,830000	0,137115
128,840000	0,137752
128,850000	0,140302
128,860000	0,135840
128,870000	0,138390
128,880000	0,133291
128,890000	0,139027
128,900000	0,133928
128,910000	0,136477
128,920000	0,135203
128,930000	0,132653
128,940000	0,135203
128,950000	0,136477
128,960000	0,132016
128,970000	0,132653
128,980000	0,132653
128,990000	0,134565
129,000000	0,134565
129,010000	0,132016
129,020000	0,132016
129,030000	0,131379
129,040000	0,130104
129,050000	0,132653
129,060000	0,127554
129,070000	0,133291
129,080000	0,130741
129,090000	0,130741
129,100000	0,128192
129,110000	0,131379
129,120000	0,126917
129,130000	0,131379
129,140000	0,125642
129,150000	0,127554
129,160000	0,128192
129,170000	0,128192
129,180000	0,123730
129,190000	0,126917
129,200000	0,125005
129,210000	0,127554
129,220000	0,125005
129,230000	0,126280
129,240000	0,123730
129,250000	0,127554
129,260000	0,123093
129,270000	0,127554
129,280000	0,122455
129,290000	0,125005
129,300000	0,121818
129,310000	0,123730
129,320000	0,123093
129,330000	0,122455
129,340000	0,119906
129,350000	0,122455
129,360000	0,125005
129,370000	0,120543
129,380000	0,122455
129,390000	0,122455
129,400000	0,122455
129,410000	0,121181
129,420000	0,124367
129,430000	0,120543
129,440000	0,121181
129,450000	0,119906
129,460000	0,122455
129,470000	0,119269
129,480000	0,122455
129,490000	0,119269
129,500000	0,122455
129,510000	0,119906
129,520000	0,121181
129,530000	0,117994
129,540000	0,118631
129,550000	0,118631
129,560000	0,116719
129,570000	0,118631
129,580000	0,120543
129,590000	0,116719
129,600000	0,121181
129,610000	0,117994
129,620000	0,119269
129,630000	0,117356
129,640000	0,119269
129,650000	0,118631
129,660000	0,117356
129,670000	0,114807
129,680000	0,114807
129,690000	0,117994
129,700000	0,114170
129,710000	0,116719
129,720000	0,117356
129,730000	0,114807
129,740000	0,112895
129,750000	0,114807
129,760000	0,114170
129,770000	0,114170
129,780000	0,113532
129,790000	0,116719
129,800000	0,112895
129,810000	0,114807
129,820000	0,112258
129,830000	0,116082
129,840000	0,110345
129,850000	0,116719
129,860000	0,111620
129,870000	0,114170
129,880000	0,110345
129,890000	0,113532
129,900000	0,110983
129,910000	0,114807
129,920000	0,111620
129,930000	0,111620
129,940000	0,112258
129,950000	0,114807
129,960000	0,111620
129,970000	0,113532
129,980000	0,110345
129,990000	0,112258
130,000000	0,111620
130,010000	0,110983
130,020000	0,109708
130,030000	0,109071
130,040000	0,110983
130,050000	0,112258
130,060000	0,112895
130,070000	0,110345
130,080000	0,110983
130,090000	0,107796
130,100000	0,109708
130,110000	0,110345
130,120000	0,110983
130,130000	0,109708
130,140000	0,109708
130,150000	0,110345
130,160000	0,108433
130,170000	0,108433
130,180000	0,109708
130,190000	0,109708
130,200000	0,107796
130,210000	0,110983
130,220000	0,108433
130,230000	0,109708
130,240000	0,108433
130,250000	0,110983
130,260000	0,107159
130,270000	0,108433
130,280000	0,106521
130,290000	0,110345
130,300000	0,103972
130,310000	0,109708
130,320000	0,103972
130,330000	0,109071
130,340000	0,106521
130,350000	0,110345
130,360000	0,104609
130,370000	0,108433
130,380000	0,105246
130,390000	0,108433
130,400000	0,105884
130,410000	0,105884
130,420000	0,104609
130,430000	0,103972
130,440000	0,105884
130,450000	0,106521
130,460000	0,105884
130,470000	0,103972
130,480000	0,104609
130,490000	0,104609
130,500000	0,105246
130,510000	0,105246
130,520000	0,105246
130,530000	0,105884
130,540000	0,102697
130,550000	0,105246
130,560000	0,105884
130,570000	0,103972
130,580000	0,104609
130,590000	0,103334
130,600000	0,104609
130,610000	0,103334
130,620000	0,099510
130,630000	0,104609
130,640000	0,102060
130,650000	0,103334
130,660000	0,101422
130,670000	0,104609
130,680000	0,100785
130,690000	0,106521
130,700000	0,100785
130,710000	0,103972
130,720000	0,100785
130,730000	0,103334
130,740000	0,102060
130,750000	0,100148
130,760000	0,101422
130,770000	0,101422
130,780000	0,102060
130,790000	0,101422
130,800000	0,104609
130,810000	0,102697
130,820000	0,100785
130,830000	0,101422
130,840000	0,102060
130,850000	0,100148
130,860000	0,101422
130,870000	0,099510
130,880000	0,100148
130,890000	0,098235
130,900000	0,100148
130,910000	0,101422
130,920000	0,098873
130,930000	0,100785
130,940000	0,100785
130,950000	0,100785
130,960000	0,100785
130,970000	0,101422
130,980000	0,098873
130,990000	0,098873
131,000000	0,101422
131,010000	0,101422
131,020000	0,100785
131,030000	0,100148
131,040000	0,098873
131,050000	0,101422
131,060000	0,100148
131,070000	0,100148
131,080000	0,099510
131,090000	0,099510
131,100000	0,099510
131,110000	0,100785
131,120000	0,098873
131,130000	0,100148
131,140000	0,097598
131,150000	0,100785
131,160000	0,098235
131,170000	0,100148
131,180000	0,099510
131,190000	0,098873
131,200000	0,098873
131,210000	0,099510
131,220000	0,100148
131,230000	0,099510
131,240000	0,096961
131,250000	0,100148
131,260000	0,099510
131,270000	0,098873
131,280000	0,098873
131,290000	0,100785
131,300000	0,100785
131,310000	0,097598
131,320000	0,100785
131,330000	0,100148
131,340000	0,098873
131,350000	0,100785
131,360000	0,098235
131,370000	0,100148
131,380000	0,097598
131,390000	0,098873
131,400000	0,096961
131,410000	0,100785
131,420000	0,099510
131,430000	0,098235
131,440000	0,098235
131,450000	0,100785
131,460000	0,097598
131,470000	0,096961
131,480000	0,096961
131,490000	0,100148
131,500000	0,099510
131,510000	0,101422
131,520000	0,098235
131,530000	0,098235
131,540000	0,100148
131,550000	0,099510
131,560000	0,097598
131,570000	0,099510
131,580000	0,098873
131,590000	0,101422
131,600000	0,097598
131,610000	0,099510
131,620000	0,098235
131,630000	0,097598
131,640000	0,099510
131,650000	0,098873
131,660000	0,100785
131,670000	0,098235
131,680000	0,098235
131,690000	0,096961
131,700000	0,100785
131,710000	0,096961
131,720000	0,098873
131,730000	0,098235
131,740000	0,098873
131,750000	0,098873
131,760000	0,098873
131,770000	0,098873
131,780000	0,098873
131,790000	0,097598
131,800000	0,096323
131,810000	0,101422
131,820000	0,100148
131,830000	0,099510
131,840000	0,098873
131,850000	0,096323
131,860000	0,099510
131,870000	0,098873
131,880000	0,101422
131,890000	0,100148
131,900000	0,097598
131,910000	0,099510
131,920000	0,098235
131,930000	0,102697
131,940000	0,099510
131,950000	0,096961
131,960000	0,098235
131,970000	0,098873
131,980000	0,097598
131,990000	0,098235
132,000000	0,099510
132,010000	0,100148
132,020000	0,098235
132,030000	0,100785
132,040000	0,099510
132,050000	0,099510
132,060000	0,096961
132,070000	0,098235
132,080000	0,098873
132,090000	0,098235
132,100000	0,096323
132,110000	0,100148
132,120000	0,098235
132,130000	0,096961
132,140000	0,097598
132,150000	0,098873
132,160000	0,096961
132,170000	0,095686
132,180000	0,099510
132,190000	0,097598
132,200000	0,097598
132,210000	0,100785
132,220000	0,096323
132,230000	0,097598
132,240000	0,098235
132,250000	0,097598
132,260000	0,099510
132,270000	0,101422
132,280000	0,096323
132,290000	0,097598
132,300000	0,099510
132,310000	0,097598
132,320000	0,096961
132,330000	0,100785
132,340000	0,100148
132,350000	0,099510
132,360000	0,099510
132,370000	0,097598
132,380000	0,098873
132,390000	0,098235
132,400000	0,099510
132,410000	0,100148
132,420000	0,100148
132,430000	0,099510
132,440000	0,099510
132,450000	0,098873
132,460000	0,098235
132,470000	0,098235
132,480000	0,100785
132,490000	0,099510
132,500000	0,100785
132,510000	0,096323
132,520000	0,098235
132,530000	0,098873
132,540000	0,098235
132,550000	0,096323
132,560000	0,097598
132,570000	0,095686
132,580000	0,098873
132,590000	0,095686
132,600000	0,096323
132,610000	0,096323
132,620000	0,098873
132,630000	0,096323
132,640000	0,098873
132,650000	0,096323
132,660000	0,097598
132,670000	0,096961
132,680000	0,098873
132,690000	0,096323
132,700000	0,096961
132,710000	0,096323
132,720000	0,093137
132,730000	0,098235
132,740000	0,098235
132,750000	0,096961
132,760000	0,095686
132,770000	0,096323
132,780000	0,098235
132,790000	0,095686
132,800000	0,095686
132,810000	0,095686
132,820000	0,096961
132,830000	0,096961
132,840000	0,094411
132,850000	0,094411
132,860000	0,093774
132,870000	0,095686
132,880000	0,094411
132,890000	0,096323
132,900000	0,096323
132,910000	0,093774
132,920000	0,092499
132,930000	0,096323
132,940000	0,094411
132,950000	0,093137
132,960000	0,095049
132,970000	0,095686
132,980000	0,096961
132,990000	0,096323
133,000000	0,098235
133,010000	0,094411
133,020000	0,097598
133,030000	0,095049
133,040000	0,096961
133,050000	0,095686
133,060000	0,093774
133,070000	0,095686
133,080000	0,096323
133,090000	0,093774
133,100000	0,094411
133,110000	0,095686
133,120000	0,091862
133,130000	0,095686
133,140000	0,091224
133,150000	0,094411
133,160000	0,094411
133,170000	0,093774
133,180000	0,090587
133,190000	0,096961
133,200000	0,092499
133,210000	0,091862
133,220000	0,094411
133,230000	0,095049
133,240000	0,094411
133,250000	0,097598
133,260000	0,093774
133,270000	0,094411
133,280000	0,093774
133,290000	0,094411
133,300000	0,093774
133,310000	0,095686
133,320000	0,091224
133,330000	0,095686
133,340000	0,091862
133,350000	0,095686
133,360000	0,096323
133,370000	0,095049
133,380000	0,094411
133,390000	0,094411
133,400000	0,091862
133,410000	0,093774
133,420000	0,096961
133,430000	0,094411
133,440000	0,091224
133,450000	0,093137
133,460000	0,093774
133,470000	0,095049
133,480000	0,093137
133,490000	0,094411
133,500000	0,096323
133,510000	0,088038
133,520000	0,093137
133,530000	0,095049
133,540000	0,093774
133,550000	0,095686
133,560000	0,094411
133,570000	0,095686
133,580000	0,096323
133,590000	0,096961
133,600000	0,093137
133,610000	0,094411
133,620000	0,092499
133,630000	0,097598
133,640000	0,096323
133,650000	0,093137
133,660000	0,094411
133,670000	0,093774
133,680000	0,096323
133,690000	0,095686
133,700000	0,094411
133,710000	0,095049
133,720000	0,093137
133,730000	0,092499
133,740000	0,092499
133,750000	0,091862
133,760000	0,093774
133,770000	0,092499
133,780000	0,093137
133,790000	0,093774
133,800000	0,095049
133,810000	0,092499
133,820000	0,096961
133,830000	0,095049
133,840000	0,097598
133,850000	0,094411
133,860000	0,097598
133,870000	0,098873
133,880000	0,096961
133,890000	0,094411
133,900000	0,097598
133,910000	0,091224
133,920000	0,095049
133,930000	0,094411
133,940000	0,095049
133,950000	0,091862
133,960000	0,093774
133,970000	0,094411
133,980000	0,096323
133,990000	0,091224
134,000000	0,094411
134,010000	0,093137
134,020000	0,096323
134,030000	0,096961
134,040000	0,096961
134,050000	0,098235
134,060000	0,095049
134,070000	0,100785
134,080000	0,097598
134,090000	0,096323
134,100000	0,096961
134,110000	0,096323
134,120000	0,095049
134,130000	0,096961
134,140000	0,095686
134,150000	0,096961
134,160000	0,099510
134,170000	0,099510
134,180000	0,095686
134,190000	0,100148
134,200000	0,095686
134,210000	0,098873
134,220000	0,098235
134,230000	0,099510
134,240000	0,095686
134,250000	0,098235
134,260000	0,097598
134,270000	0,097598
134,280000	0,096961
134,290000	0,098235
134,300000	0,096323
134,310000	0,100148
134,320000	0,096961
134,330000	0,095686
134,340000	0,097598
134,350000	0,100785
134,360000	0,097598
134,370000	0,098235
134,380000	0,095686
134,390000	0,096961
134,400000	0,098873
134,410000	0,095686
134,420000	0,098235
134,430000	0,099510
134,440000	0,097598
134,450000	0,099510
134,460000	0,101422
134,470000	0,099510
134,480000	0,100785
134,490000	0,097598
134,500000	0,103334
134,510000	0,099510
134,520000	0,100148
134,530000	0,099510
134,540000	0,101422
134,550000	0,103334
134,560000	0,102697
134,570000	0,103972
134,580000	0,102060
134,590000	0,103334
134,600000	0,102060
134,610000	0,102697
134,620000	0,099510
134,630000	0,099510
134,640000	0,100785
134,650000	0,100785
134,660000	0,103334
134,670000	0,102697
134,680000	0,100785
134,690000	0,099510
134,700000	0,104609
134,710000	0,103334
134,720000	0,100785
134,730000	0,105246
134,740000	0,101422
134,750000	0,103972
134,760000	0,103972
134,770000	0,104609
134,780000	0,104609
134,790000	0,104609
134,800000	0,102060
134,810000	0,102697
134,820000	0,100785
134,830000	0,103334
134,840000	0,103334
134,850000	0,103334
134,860000	0,100785
134,870000	0,103334
134,880000	0,100148
134,890000	0,105884
134,900000	0,103972
134,910000	0,106521
134,920000	0,107159
134,930000	0,109708
134,940000	0,099510
134,950000	0,106521
134,960000	0,101422
134,970000	0,106521
134,980000	0,100785
134,990000	0,107796
135,000000	0,103334
135,010000	0,106521
135,020000	0,104609
135,030000	0,107159
135,040000	0,101422
135,050000	0,107159
135,060000	0,105246
135,070000	0,108433
135,080000	0,109708
135,090000	0,109708
135,100000	0,107159
135,110000	0,109071
135,120000	0,107796
135,130000	0,110345
135,140000	0,110345
135,150000	0,106521
135,160000	0,111620
135,170000	0,109071
135,180000	0,109071
135,190000	0,107159
135,200000	0,110983
135,210000	0,110345
135,220000	0,107796
135,230000	0,106521
135,240000	0,112258
135,250000	0,108433
135,260000	0,116719
135,270000	0,109071
135,280000	0,114807
135,290000	0,112258
135,300000	0,116719
135,310000	0,110345
135,320000	0,114807
135,330000	0,112258
135,340000	0,110345
135,350000	0,115444
135,360000	0,117994
135,370000	0,114807
135,380000	0,117356
135,390000	0,114170
135,400000	0,116082
135,410000	0,116082
135,420000	0,113532
135,430000	0,116082
135,440000	0,112258
135,450000	0,117994
135,460000	0,117356
135,470000	0,116082
135,480000	0,112895
135,490000	0,113532
135,500000	0,114170
135,510000	0,118631
135,520000	0,116719
135,530000	0,121181
135,540000	0,117356
135,550000	0,117356
135,560000	0,112895
135,570000	0,118631
135,580000	0,118631
135,590000	0,120543
135,600000	0,117994
135,610000	0,118631
135,620000	0,121818
135,630000	0,118631
135,640000	0,125005
135,650000	0,124367
135,660000	0,118631
135,670000	0,125005
135,680000	0,119269
135,690000	0,124367
135,700000	0,121818
135,710000	0,123093
135,720000	0,122455
135,730000	0,128192
135,740000	0,129466
135,750000	0,122455
135,760000	0,126280
135,770000	0,125005
135,780000	0,132016
135,790000	0,126280
135,800000	0,130104
135,810000	0,123093
135,820000	0,132653
135,830000	0,129466
135,840000	0,130104
135,850000	0,128192
135,860000	0,129466
135,870000	0,126280
135,880000	0,128192
135,890000	0,132653
135,900000	0,129466
135,910000	0,130104
135,920000	0,127554
135,930000	0,132016
135,940000	0,132016
135,950000	0,132653
135,960000	0,133291
135,970000	0,133928
135,980000	0,132653
135,990000	0,132016
136,000000	0,131379
136,010000	0,135840
136,020000	0,136477
136,030000	0,138390
136,040000	0,139027
136,050000	0,133928
136,060000	0,137752
136,070000	0,137115
136,080000	0,136477
136,090000	0,140302
136,100000	0,137115
136,110000	0,139027
136,120000	0,142214
136,130000	0,140302
136,140000	0,142851
136,150000	0,141576
136,160000	0,144763
136,170000	0,139027
136,180000	0,145401
136,190000	0,144126
136,200000	0,144763
136,210000	0,149225
136,220000	0,147950
136,230000	0,144763
136,240000	0,151774
136,250000	0,149862
136,260000	0,147950
136,270000	0,150499
136,280000	0,151774
136,290000	0,146038
136,300000	0,146675
136,310000	0,156236
136,320000	0,153686
136,330000	0,154961
136,340000	0,154961
136,350000	0,156236
136,360000	0,153049
136,370000	0,155598
136,380000	0,151774
136,390000	0,161972
136,400000	0,158785
136,410000	0,161972
136,420000	0,158148
136,430000	0,163247
136,440000	0,162609
136,450000	0,157511
136,460000	0,163247
136,470000	0,162609
136,480000	0,163884
136,490000	0,168983
136,500000	0,163884
136,510000	0,161972
136,520000	0,160697
136,530000	0,163884
136,540000	0,161335
136,550000	0,165159
136,560000	0,164522
136,570000	0,162609
136,580000	0,167071
136,590000	0,165159
136,600000	0,164522
136,610000	0,170258
136,620000	0,167071
136,630000	0,170258
136,640000	0,174719
136,650000	0,174082
136,660000	0,173445
136,670000	0,173445
136,680000	0,174082
136,690000	0,172807
136,700000	0,178544
136,710000	0,177269
136,720000	0,171533
136,730000	0,179818
136,740000	0,177906
136,750000	0,183643
136,760000	0,177269
136,770000	0,179181
136,780000	0,180456
136,790000	0,181093
136,800000	0,179818
136,810000	0,175994
136,820000	0,179818
136,830000	0,183643
136,840000	0,181093
136,850000	0,191291
136,860000	0,181093
136,870000	0,183005
136,880000	0,184917
136,890000	0,188741
136,900000	0,180456
136,910000	0,191291
136,920000	0,180456
136,930000	0,186192
136,940000	0,183643
136,950000	0,185555
136,960000	0,180456
136,970000	0,196390
136,980000	0,185555
136,990000	0,188741
137,000000	0,187467
137,010000	0,189379
137,020000	0,188741
137,030000	0,195752
137,040000	0,182368
137,050000	0,192566
137,060000	0,188104
137,070000	0,193203
137,080000	0,194478
137,090000	0,195115
137,100000	0,191291
137,110000	0,187467
137,120000	0,193203
137,130000	0,189379
137,140000	0,193203
137,150000	0,197027
137,160000	0,192566
137,170000	0,195752
137,180000	0,192566
137,190000	0,190654
137,200000	0,194478
137,210000	0,193840
137,220000	0,191928
137,230000	0,193840
137,240000	0,198302
137,250000	0,194478
137,260000	0,197665
137,270000	0,198939
137,280000	0,191928
137,290000	0,199577
137,300000	0,200214
137,310000	0,197027
137,320000	0,195115
137,330000	0,197665
137,340000	0,203401
137,350000	0,193840
137,360000	0,207225
137,370000	0,197665
137,380000	0,198302
137,390000	0,198302
137,400000	0,201489
137,410000	0,200851
137,420000	0,198939
137,430000	0,206588
137,440000	0,200214
137,450000	0,193840
137,460000	0,204676
137,470000	0,198939
137,480000	0,201489
137,490000	0,201489
137,500000	0,195752
137,510000	0,195115
137,520000	0,201489
137,530000	0,195115
137,540000	0,199577
137,550000	0,199577
137,560000	0,196390
137,570000	0,195115
137,580000	0,195752
137,590000	0,194478
137,600000	0,193203
137,610000	0,198302
137,620000	0,196390
137,630000	0,195752
137,640000	0,197027
137,650000	0,197665
137,660000	0,198939
137,670000	0,196390
137,680000	0,196390
137,690000	0,193840
137,700000	0,197665
137,710000	0,197665
137,720000	0,192566
137,730000	0,196390
137,740000	0,195752
137,750000	0,193840
137,760000	0,198939
137,770000	0,188104
137,780000	0,191291
137,790000	0,195752
137,800000	0,187467
137,810000	0,191291
137,820000	0,190654
137,830000	0,192566
137,840000	0,190016
137,850000	0,188741
137,860000	0,195115
137,870000	0,183643
137,880000	0,191291
137,890000	0,194478
137,900000	0,186192
137,910000	0,193840
137,920000	0,180456
137,930000	0,184280
137,940000	0,186829
137,950000	0,186192
137,960000	0,185555
137,970000	0,183643
137,980000	0,181093
137,990000	0,179181
138,000000	0,180456
138,010000	0,184280
138,020000	0,187467
138,030000	0,183643
138,040000	0,193203
138,050000	0,180456
138,060000	0,188741
138,070000	0,183643
138,080000	0,175357
138,090000	0,178544
138,100000	0,181093
138,110000	0,194478
138,120000	0,179818
138,130000	0,188741
138,140000	0,175994
138,150000	0,179181
138,160000	0,177906
138,170000	0,179818
138,180000	0,183643
138,190000	0,186829
138,200000	0,181730
138,210000	0,181093
138,220000	0,160060
138,230000	0,179181
138,240000	0,168983
138,250000	0,173445
138,260000	0,164522
138,270000	0,170258
138,280000	0,156873
138,290000	0,156236
138,300000	0,156236
138,310000	0,156873
138,320000	0,156873
138,330000	0,152412
138,340000	0,165159
138,350000	0,156873
138,360000	0,158148
138,370000	0,161335
138,380000	0,158148
138,390000	0,160697
138,400000	0,163247
138,410000	0,158785
138,420000	0,158785
138,430000	0,158785
138,440000	0,157511
138,450000	0,163247
138,460000	0,153686
138,470000	0,161972
138,480000	0,158148
138,490000	0,154324
138,500000	0,156236
138,510000	0,153686
138,520000	0,158148
138,530000	0,154961
138,540000	0,154324
138,550000	0,156873
138,560000	0,153049
138,570000	0,150499
138,580000	0,153686
138,590000	0,156873
138,600000	0,150499
138,610000	0,149862
138,620000	0,151774
138,630000	0,151774
138,640000	0,148587
138,650000	0,145401
138,660000	0,144763
138,670000	0,144126
138,680000	0,147313
138,690000	0,144763
138,700000	0,147950
138,710000	0,147313
138,720000	0,143488
138,730000	0,144126
138,740000	0,143488
138,750000	0,142214
138,760000	0,145401
138,770000	0,139664
138,780000	0,137115
138,790000	0,142851
138,800000	0,140302
138,810000	0,142851
138,820000	0,138390
138,830000	0,139027
138,840000	0,137115
138,850000	0,137752
138,860000	0,139664
138,870000	0,139664
138,880000	0,139027
138,890000	0,138390
138,900000	0,139027
138,910000	0,141576
138,920000	0,132016
138,930000	0,139664
138,940000	0,140939
138,950000	0,135840
138,960000	0,139027
138,970000	0,135203
138,980000	0,135840
138,990000	0,135203
139,000000	0,133291
139,010000	0,128829
139,020000	0,131379
139,030000	0,129466
139,040000	0,133291
139,050000	0,133291
139,060000	0,129466
139,070000	0,128192
139,080000	0,128192
139,090000	0,127554
139,100000	0,130104
139,110000	0,126280
139,120000	0,128829
139,130000	0,126917
139,140000	0,116719
139,150000	0,126917
139,160000	0,124367
139,170000	0,127554
139,180000	0,130104
139,190000	0,119269
139,200000	0,139664
139,210000	0,128192
139,220000	0,137752
139,230000	0,129466
139,240000	0,131379
139,250000	0,125005
139,260000	0,116082
139,270000	0,125005
139,280000	0,127554
139,290000	0,112258
139,300000	0,132016
139,310000	0,110983
139,320000	0,126917
139,330000	0,126280
139,340000	0,128192
139,350000	0,126917
139,360000	0,128192
139,370000	0,130741
139,380000	0,131379
139,390000	0,123730
139,400000	0,119269
139,410000	0,123093
139,420000	0,114807
139,430000	0,122455
139,440000	0,111620
139,450000	0,112895
139,460000	0,109071
139,470000	0,105884
139,480000	0,116719
139,490000	0,117994
139,500000	0,119269
139,510000	0,139027
139,520000	0,114170
139,530000	0,131379
139,540000	0,117994
139,550000	0,131379
139,560000	0,110983
139,570000	0,120543
139,580000	0,097598
139,590000	0,107159
139,600000	0,074016
139,610000	0,104609
139,620000	0,085488
139,630000	0,107159
139,640000	0,096961
139,650000	0,113532
139,660000	0,110345
139,670000	0,124367
139,680000	0,119906
139,690000	0,133928
139,700000	0,110983
139,710000	0,132653
139,720000	0,112258
139,730000	0,125642
139,740000	0,109708
139,750000	0,118631
139,760000	0,107159
139,770000	0,120543
139,780000	0,112895
139,790000	0,114807
139,800000	0,114170
139,810000	0,112258
139,820000	0,113532
139,830000	0,107159
139,840000	0,112258
139,850000	0,113532
139,860000	0,109071
139,870000	0,116082
139,880000	0,112258
139,890000	0,110345
139,900000	0,113532
139,910000	0,110983
139,920000	0,115444
139,930000	0,113532
139,940000	0,116719
139,950000	0,109708
139,960000	0,109708
139,970000	0,107796
139,980000	0,115444
139,990000	0,111620
140,000000	0,108433
140,010000	0,110345
140,020000	0,106521
140,030000	0,111620
140,040000	0,107159
140,050000	0,109708
140,060000	0,109071
140,070000	0,105884
140,080000	0,110345
140,090000	0,110983
140,100000	0,110345
140,110000	0,104609
140,120000	0,106521
140,130000	0,106521
140,140000	0,103972
140,150000	0,107796
140,160000	0,114170
140,170000	0,104609
140,180000	0,105884
140,190000	0,110345
140,200000	0,112258
140,210000	0,109708
140,220000	0,110983
140,230000	0,110983
140,240000	0,108433
140,250000	0,099510
140,260000	0,110345
140,270000	0,094411
140,280000	0,109071
140,290000	0,095686
140,300000	0,101422
140,310000	0,100785
140,320000	0,109708
140,330000	0,105884
140,340000	0,109708
140,350000	0,109708
140,360000	0,103972
140,370000	0,108433
140,380000	0,100785
140,390000	0,102060
140,400000	0,107159
140,410000	0,101422
140,420000	0,105246
140,430000	0,096961
140,440000	0,102697
140,450000	0,119906
140,460000	0,103334
140,470000	0,105884
140,480000	0,103334
140,490000	0,105246
140,500000	0,116082
140,510000	0,110983
140,520000	0,093137
140,530000	0,107159
140,540000	0,094411
140,550000	0,103334
140,560000	0,080389
140,570000	0,102697
140,580000	0,095049
140,590000	0,097598
140,600000	0,092499
140,610000	0,089950
140,620000	0,096323
140,630000	0,120543
140,640000	0,103972
140,650000	0,102697
140,660000	0,109071
140,670000	0,134565
140,680000	0,107159
140,690000	0,121181
140,700000	0,096961
140,710000	0,107796
140,720000	0,089312
140,730000	0,092499
140,740000	0,089312
140,750000	0,089950
140,760000	0,071466
140,770000	0,105246
140,780000	0,093774
140,790000	0,095049
140,800000	0,104609
140,810000	0,102697
140,820000	0,125005
140,830000	0,100148
140,840000	0,103334
140,850000	0,107796
140,860000	0,094411
140,870000	0,094411
140,880000	0,096961
140,890000	0,077202
140,900000	0,098873
140,910000	0,080389
140,920000	0,106521
140,930000	0,097598
140,940000	0,111620
140,950000	0,107159
140,960000	0,135203
140,970000	0,107796
140,980000	0,150499
140,990000	0,109708
141,000000	0,130741
141,010000	0,095686
141,020000	0,096961
141,030000	0,098873
141,040000	0,106521
141,050000	0,112258
141,060000	0,107796
141,070000	0,088038
141,080000	0,109708
141,090000	0,094411
141,100000	0,112258
141,110000	0,093774
141,120000	0,117356
141,130000	0,089950
141,140000	0,100148
141,150000	0,091224
141,160000	0,092499
141,170000	0,095049
141,180000	0,096323
141,190000	0,091862
141,200000	0,101422
141,210000	0,096323
141,220000	0,095686
141,230000	0,099510
141,240000	0,097598
141,250000	0,098235
141,260000	0,100148
141,270000	0,094411
141,280000	0,093774
141,290000	0,098873
141,300000	0,095049
141,310000	0,096961
141,320000	0,096323
141,330000	0,097598
141,340000	0,098235
141,350000	0,103334
141,360000	0,098235
141,370000	0,097598
141,380000	0,102697
141,390000	0,099510
141,400000	0,101422
141,410000	0,094411
141,420000	0,096961
141,430000	0,094411
141,440000	0,098235
141,450000	0,093137
141,460000	0,102060
141,470000	0,101422
141,480000	0,099510
141,490000	0,095686
141,500000	0,100148
141,510000	0,096961
141,520000	0,096961
141,530000	0,095049
141,540000	0,095049
141,550000	0,098235
141,560000	0,091862
141,570000	0,093774
141,580000	0,089312
141,590000	0,098235
141,600000	0,088038
141,610000	0,098235
141,620000	0,099510
141,630000	0,098235
141,640000	0,099510
141,650000	0,109708
141,660000	0,100785
141,670000	0,106521
141,680000	0,101422
141,690000	0,087400
141,700000	0,100785
141,710000	0,093774
141,720000	0,095049
141,730000	0,098873
141,740000	0,097598
141,750000	0,099510
141,760000	0,110345
141,770000	0,096323
141,780000	0,116719
141,790000	0,095049
141,800000	0,105884
141,810000	0,102697
141,820000	0,111620
141,830000	0,099510
141,840000	0,097598
141,850000	0,076565
141,860000	0,107796
141,870000	0,073378
141,880000	0,096961
141,890000	0,125005
141,900000	0,094411
141,910000	0,089950
141,920000	0,096961
141,930000	0,106521
141,940000	0,114807
141,950000	0,098873
141,960000	0,080389
141,970000	0,098873
141,980000	0,117994
141,990000	0,094411
142,000000	0,104609
142,010000	0,100785
142,020000	0,089950
142,030000	0,052982
142,040000	0,091862
142,050000	0,082939
142,060000	0,086763
142,070000	0,091224
142,080000	0,112895
142,090000	0,116719
142,100000	0,100785
142,110000	0,098873
142,120000	0,108433
142,130000	0,090587
142,140000	0,123093
142,150000	0,096323
142,160000	0,077202
142,170000	0,081027
142,180000	0,069554
142,190000	0,089312
142,200000	0,107159
142,210000	0,111620
142,220000	0,112895
142,230000	0,100785
142,240000	0,109708
142,250000	0,127554
142,260000	0,107796
142,270000	0,110983
142,280000	0,098873
142,290000	0,117356
142,300000	0,086126
142,310000	0,089950
142,320000	0,093774
142,330000	0,097598
142,340000	0,071466
142,350000	0,109071
142,360000	0,071466
142,370000	0,109708
142,380000	0,116082
142,390000	0,102060
142,400000	0,089950
142,410000	0,090587
142,420000	0,076565
142,430000	0,090587
142,440000	0,074653
142,450000	0,105884
142,460000	0,077840
142,470000	0,100148
142,480000	0,074653
142,490000	0,098873
142,500000	0,089950
142,510000	0,098873
142,520000	0,112258
142,530000	0,110983
142,540000	0,096961
142,550000	0,102060
142,560000	0,096323
142,570000	0,103972
142,580000	0,093137
142,590000	0,098873
142,600000	0,100785
142,610000	0,099510
142,620000	0,098235
142,630000	0,095686
142,640000	0,100785
142,650000	0,096323
142,660000	0,098873
142,670000	0,098235
142,680000	0,098873
142,690000	0,096323
142,700000	0,095686
142,710000	0,093137
142,720000	0,098235
142,730000	0,097598
142,740000	0,095686
142,750000	0,093774
142,760000	0,099510
142,770000	0,095686
142,780000	0,097598
142,790000	0,098873
142,800000	0,097598
142,810000	0,100785
142,820000	0,096961
142,830000	0,096961
142,840000	0,096323
142,850000	0,098235
142,860000	0,088675
142,870000	0,095049
142,880000	0,094411
142,890000	0,092499
142,900000	0,091224
142,910000	0,102060
142,920000	0,096961
142,930000	0,101422
142,940000	0,095686
142,950000	0,100785
142,960000	0,095049
142,970000	0,100148
142,980000	0,091862
142,990000	0,091862
143,000000	0,093774
143,010000	0,089950
143,020000	0,082301
143,030000	0,091862
143,040000	0,089950
143,050000	0,096323
143,060000	0,084213
143,070000	0,105884
143,080000	0,095686
143,090000	0,105246
143,100000	0,097598
143,110000	0,094411
143,120000	0,094411
143,130000	0,086126
143,140000	0,091862
143,150000	0,091224
143,160000	0,091862
143,170000	0,084213
143,180000	0,081664
143,190000	0,090587
143,200000	0,109708
143,210000	0,097598
143,220000	0,100148
143,230000	0,102060
143,240000	0,091224
143,250000	0,112258
143,260000	0,087400
143,270000	0,069554
143,280000	0,089312
143,290000	0,067005
143,300000	0,085488
143,310000	0,068917
143,320000	0,074016
143,330000	0,074016
143,340000	0,062543
143,350000	0,096961
143,360000	0,081664
143,370000	0,093774
143,380000	0,137115
143,390000	0,113532
143,400000	0,091862
143,410000	0,087400
143,420000	0,119269
143,430000	0,082301
143,440000	0,079114
143,450000	0,070829
143,460000	0,085488
143,470000	0,071466
143,480000	0,075290
143,490000	0,082939
143,500000	0,088038
143,510000	0,081664
143,520000	0,124367
143,530000	0,089950
143,540000	0,094411
143,550000	0,095049
143,560000	0,102697
143,570000	0,108433
143,580000	0,086763
143,590000	0,080389
143,600000	0,091224
143,610000	0,065730
143,620000	0,094411
143,630000	0,089312
143,640000	0,090587
143,650000	0,125005
143,660000	0,097598
143,670000	0,145401
143,680000	0,080389
143,690000	0,082939
143,700000	0,112895
143,710000	0,078477
143,720000	0,089312
143,730000	0,081027
143,740000	0,064455
143,750000	0,088038
143,760000	0,066367
143,770000	0,117356
143,780000	0,083576
143,790000	0,113532
143,800000	0,096961
143,810000	0,085488
143,820000	0,109708
143,830000	0,094411
143,840000	0,110983
143,850000	0,097598
143,860000	0,088038
143,870000	0,091862
143,880000	0,080389
143,890000	0,090587
143,900000	0,090587
143,910000	0,085488
143,920000	0,091224
143,930000	0,091862
143,940000	0,096961
143,950000	0,086126
143,960000	0,095049
143,970000	0,089312
143,980000	0,093774
143,990000	0,091224
144,000000	0,093137
144,010000	0,092499
144,020000	0,093774
144,030000	0,093137
144,040000	0,099510
144,050000	0,088675
144,060000	0,096961
144,070000	0,099510
144,080000	0,094411
144,090000	0,093137
144,100000	0,102060
144,110000	0,093774
144,120000	0,094411
144,130000	0,096961
144,140000	0,096961
144,150000	0,093137
144,160000	0,095049
144,170000	0,093774
144,180000	0,093137
144,190000	0,091862
144,200000	0,095686
144,210000	0,095049
144,220000	0,100148
144,230000	0,093774
144,240000	0,091862
144,250000	0,096961
144,260000	0,096323
144,270000	0,093774
144,280000	0,096961
144,290000	0,097598
144,300000	0,093774
144,310000	0,096961
144,320000	0,098235
144,330000	0,096961
144,340000	0,101422
144,350000	0,100785
144,360000	0,095686
144,370000	0,112258
144,380000	0,100148
144,390000	0,103334
144,400000	0,109708
144,410000	0,098235
144,420000	0,091224
144,430000	0,095686
144,440000	0,098873
144,450000	0,100148
144,460000	0,089312
144,470000	0,102060
144,480000	0,104609
144,490000	0,096323
144,500000	0,107159
144,510000	0,109708
144,520000	0,107159
144,530000	0,112258
144,540000	0,107796
144,550000	0,114807
144,560000	0,098873
144,570000	0,102697
144,580000	0,090587
144,590000	0,092499
144,600000	0,076565
144,610000	0,099510
144,620000	0,104609
144,630000	0,106521
144,640000	0,130741
144,650000	0,109071
144,660000	0,110345
144,670000	0,099510
144,680000	0,117356
144,690000	0,123730
144,700000	0,093137
144,710000	0,073378
144,720000	0,091224
144,730000	0,081027
144,740000	0,099510
144,750000	0,105884
144,760000	0,095686
144,770000	0,092499
144,780000	0,105884
144,790000	0,125642
144,800000	0,126280
144,810000	0,114170
144,820000	0,126917
144,830000	0,114170
144,840000	0,119906
144,850000	0,104609
144,860000	0,100785
144,870000	0,121818
144,880000	0,071466
144,890000	0,112895
144,900000	0,119269
144,910000	0,104609
144,920000	0,131379
144,930000	0,102060
144,940000	0,139027
144,950000	0,101422
144,960000	0,119269
144,970000	0,113532
144,980000	0,091862
144,990000	0,110345
145,000000	0,091862
145,010000	0,055532
145,020000	0,103972
145,030000	0,065092
145,040000	0,113532
145,050000	0,072741
145,060000	0,116082
145,070000	0,115444
145,080000	0,126917
145,090000	0,101422
145,100000	0,126280
145,110000	0,101422
145,120000	0,134565
145,130000	0,080389
145,140000	0,127554
145,150000	0,096323
145,160000	0,116082
145,170000	0,121181
145,180000	0,110345
145,190000	0,112895
145,200000	0,118631
145,210000	0,108433
145,220000	0,117356
145,230000	0,109708
145,240000	0,119906
145,250000	0,107796
145,260000	0,110345
145,270000	0,109071
145,280000	0,110983
145,290000	0,109708
145,300000	0,113532
145,310000	0,110345
145,320000	0,114807
145,330000	0,115444
145,340000	0,112258
145,350000	0,119269
145,360000	0,112895
145,370000	0,116719
145,380000	0,114170
145,390000	0,110345
145,400000	0,114807
145,410000	0,112258
145,420000	0,116082
145,430000	0,112895
145,440000	0,118631
145,450000	0,117356
145,460000	0,117356
145,470000	0,116719
145,480000	0,120543
145,490000	0,116719
145,500000	0,116719
145,510000	0,117356
145,520000	0,121181
145,530000	0,116719
145,540000	0,117994
145,550000	0,114807
145,560000	0,121181
145,570000	0,117356
145,580000	0,116082
145,590000	0,119269
145,600000	0,118631
145,610000	0,119906
145,620000	0,125642
145,630000	0,120543
145,640000	0,124367
145,650000	0,122455
145,660000	0,107159
145,670000	0,125005
145,680000	0,116082
145,690000	0,118631
145,700000	0,114170
145,710000	0,123093
145,720000	0,117356
145,730000	0,117356
145,740000	0,121181
145,750000	0,131379
145,760000	0,121181
145,770000	0,125005
145,780000	0,125005
145,790000	0,122455
145,800000	0,132016
145,810000	0,125005
145,820000	0,112895
145,830000	0,123093
145,840000	0,115444
145,850000	0,126280
145,860000	0,131379
145,870000	0,126917
145,880000	0,147950
145,890000	0,126280
145,900000	0,125005
145,910000	0,129466
145,920000	0,132653
145,930000	0,137115
145,940000	0,128192
145,950000	0,112895
145,960000	0,129466
145,970000	0,119269
145,980000	0,133291
145,990000	0,119906
146,000000	0,114170
146,010000	0,126280
146,020000	0,161972
146,030000	0,132653
146,040000	0,177269
146,050000	0,130104
146,060000	0,165796
146,070000	0,144763
146,080000	0,154961
146,090000	0,149862
146,100000	0,160697
146,110000	0,154961
146,120000	0,133928
146,130000	0,124367
146,140000	0,140302
146,150000	0,139027
146,160000	0,134565
146,170000	0,150499
146,180000	0,139664
146,190000	0,161972
146,200000	0,151137
146,210000	0,151774
146,220000	0,137752
146,230000	0,147950
146,240000	0,122455
146,250000	0,147313
146,260000	0,144126
146,270000	0,147313
146,280000	0,179818
146,290000	0,155598
146,300000	0,181730
146,310000	0,171533
146,320000	0,198302
146,330000	0,177269
146,340000	0,187467
146,350000	0,174719
146,360000	0,174082
146,370000	0,134565
146,380000	0,165159
146,390000	0,133291
146,400000	0,148587
146,410000	0,140302
146,420000	0,149862
146,430000	0,147950
146,440000	0,150499
146,450000	0,153686
146,460000	0,153049
146,470000	0,163247
146,480000	0,160060
146,490000	0,175357
146,500000	0,160697
146,510000	0,167708
146,520000	0,159423
146,530000	0,166434
146,540000	0,165796
146,550000	0,163247
146,560000	0,159423
146,570000	0,175357
146,580000	0,166434
146,590000	0,168346
146,600000	0,167071
146,610000	0,171533
146,620000	0,168983
146,630000	0,172807
146,640000	0,172170
146,650000	0,171533
146,660000	0,170895
146,670000	0,172807
146,680000	0,168983
146,690000	0,173445
146,700000	0,175994
146,710000	0,175357
146,720000	0,177906
146,730000	0,177269
146,740000	0,177269
146,750000	0,179181
146,760000	0,177906
146,770000	0,176631
146,780000	0,175994
146,790000	0,181093
146,800000	0,180456
146,810000	0,175994
146,820000	0,182368
146,830000	0,175994
146,840000	0,182368
146,850000	0,178544
146,860000	0,181730
146,870000	0,175994
146,880000	0,184917
146,890000	0,177906
146,900000	0,182368
146,910000	0,187467
146,920000	0,183005
146,930000	0,183643
146,940000	0,185555
146,950000	0,190654
146,960000	0,185555
146,970000	0,189379
146,980000	0,188104
146,990000	0,182368
147,000000	0,190654
147,010000	0,194478
147,020000	0,189379
147,030000	0,197027
147,040000	0,190016
147,050000	0,191928
147,060000	0,192566
147,070000	0,190654
147,080000	0,192566
147,090000	0,197027
147,100000	0,196390
147,110000	0,192566
147,120000	0,191291
147,130000	0,193203
147,140000	0,196390
147,150000	0,186192
147,160000	0,197665
147,170000	0,194478
147,180000	0,193840
147,190000	0,198939
147,200000	0,204676
147,210000	0,198939
147,220000	0,207225
147,230000	0,195752
147,240000	0,209137
147,250000	0,198939
147,260000	0,200851
147,270000	0,204038
147,280000	0,198302
147,290000	0,194478
147,300000	0,200214
147,310000	0,188104
147,320000	0,196390
147,330000	0,207862
147,340000	0,199577
147,350000	0,210412
147,360000	0,198302
147,370000	0,211049
147,380000	0,195752
147,390000	0,205950
147,400000	0,198939
147,410000	0,206588
147,420000	0,200851
147,430000	0,193840
147,440000	0,203401
147,450000	0,198939
147,460000	0,209137
147,470000	0,196390
147,480000	0,202126
147,490000	0,207862
147,500000	0,198939
147,510000	0,207225
147,520000	0,202763
147,530000	0,178544
147,540000	0,203401
147,550000	0,188741
147,560000	0,204038
147,570000	0,179818
147,580000	0,197027
147,590000	0,175357
147,600000	0,197027
147,610000	0,188741
147,620000	0,199577
147,630000	0,188104
147,640000	0,198302
147,650000	0,186192
147,660000	0,195752
147,670000	0,190654
147,680000	0,199577
147,690000	0,197665
147,700000	0,206588
147,710000	0,199577
147,720000	0,200214
147,730000	0,195752
147,740000	0,201489
147,750000	0,196390
147,760000	0,195752
147,770000	0,193840
147,780000	0,189379
147,790000	0,194478
147,800000	0,193840
147,810000	0,193203
147,820000	0,191291
147,830000	0,193840
147,840000	0,189379
147,850000	0,190016
147,860000	0,194478
147,870000	0,185555
147,880000	0,193840
147,890000	0,186192
147,900000	0,183005
147,910000	0,188741
147,920000	0,188741
147,930000	0,185555
147,940000	0,188741
147,950000	0,177906
147,960000	0,185555
147,970000	0,180456
147,980000	0,188104
147,990000	0,178544
148,000000	0,185555
148,010000	0,181730
148,020000	0,184280
148,030000	0,181730
148,040000	0,183643
148,050000	0,184917
148,060000	0,182368
148,070000	0,180456
148,080000	0,181730
148,090000	0,179818
148,100000	0,181093
148,110000	0,175994
148,120000	0,174719
148,130000	0,175994
148,140000	0,175994
148,150000	0,175994
148,160000	0,174082
148,170000	0,172807
148,180000	0,172807
148,190000	0,176631
148,200000	0,175357
148,210000	0,168346
148,220000	0,171533
148,230000	0,170258
148,240000	0,165796
148,250000	0,168346
148,260000	0,171533
148,270000	0,165159
148,280000	0,168346
148,290000	0,168346
148,300000	0,163884
148,310000	0,158785
148,320000	0,165159
148,330000	0,161335
148,340000	0,161972
148,350000	0,159423
148,360000	0,161335
148,370000	0,165159
148,380000	0,161972
148,390000	0,158785
148,400000	0,160697
148,410000	0,158785
148,420000	0,158785
148,430000	0,153049
148,440000	0,159423
148,450000	0,153686
148,460000	0,158148
148,470000	0,153049
148,480000	0,156236
148,490000	0,153049
148,500000	0,154324
148,510000	0,149862
148,520000	0,153686
148,530000	0,153686
148,540000	0,151137
148,550000	0,153049
148,560000	0,153686
148,570000	0,153049
148,580000	0,153049
148,590000	0,151774
148,600000	0,148587
148,610000	0,150499
148,620000	0,147313
148,630000	0,147950
148,640000	0,150499
148,650000	0,147313
148,660000	0,147313
148,670000	0,149225
148,680000	0,149225
148,690000	0,147950
148,700000	0,149862
148,710000	0,146675
148,720000	0,144763
148,730000	0,144126
148,740000	0,144763
148,750000	0,140302
148,760000	0,145401
148,770000	0,138390
148,780000	0,142851
148,790000	0,139664
148,800000	0,141576
148,810000	0,141576
148,820000	0,140302
148,830000	0,142214
148,840000	0,143488
148,850000	0,137115
148,860000	0,144126
148,870000	0,141576
148,880000	0,142851
148,890000	0,135840
148,900000	0,137752
148,910000	0,133291
148,920000	0,137115
148,930000	0,128829
148,940000	0,134565
148,950000	0,133928
148,960000	0,137115
148,970000	0,133291
148,980000	0,133291
148,990000	0,133928
149,000000	0,136477
149,010000	0,135203
149,020000	0,132653
149,030000	0,137115
149,040000	0,135203
149,050000	0,135840
149,060000	0,129466
149,070000	0,133291
149,080000	0,131379
149,090000	0,132653
149,100000	0,126917
149,110000	0,131379
149,120000	0,130104
149,130000	0,126280
149,140000	0,127554
149,150000	0,129466
149,160000	0,132016
149,170000	0,131379
149,180000	0,129466
149,190000	0,130104
149,200000	0,126280
149,210000	0,130104
149,220000	0,126280
149,230000	0,129466
149,240000	0,127554
149,250000	0,127554
149,260000	0,126917
149,270000	0,122455
149,280000	0,126917
149,290000	0,124367
149,300000	0,126917
149,310000	0,125005
149,320000	0,123093
149,330000	0,122455
149,340000	0,125005
149,350000	0,122455
149,360000	0,123093
149,370000	0,119906
149,380000	0,121181
149,390000	0,121181
149,400000	0,122455
149,410000	0,121181
149,420000	0,123093
149,430000	0,117994
149,440000	0,121818
149,450000	0,117356
149,460000	0,119906
149,470000	0,120543
149,480000	0,118631
149,490000	0,117994
149,500000	0,121818
149,510000	0,117994
149,520000	0,117994
149,530000	0,118631
149,540000	0,117356
149,550000	0,117356
149,560000	0,115444
149,570000	0,115444
149,580000	0,119269
149,590000	0,116719
149,600000	0,116719
149,610000	0,115444
149,620000	0,118631
149,630000	0,115444
149,640000	0,115444
149,650000	0,116719
149,660000	0,112258
149,670000	0,116719
149,680000	0,116719
149,690000	0,116082
149,700000	0,114170
149,710000	0,116719
149,720000	0,114170
149,730000	0,112895
149,740000	0,114807
149,750000	0,113532
149,760000	0,116082
149,770000	0,113532
149,780000	0,114170
149,790000	0,112258
149,800000	0,112895
149,810000	0,109708
149,820000	0,112258
149,830000	0,109708
149,840000	0,114170
149,850000	0,110983
149,860000	0,110983
149,870000	0,110983
149,880000	0,110983
149,890000	0,109071
149,900000	0,112258
149,910000	0,110983
149,920000	0,112895
149,930000	0,109708
149,940000	0,112258
149,950000	0,110983
149,960000	0,109708
149,970000	0,109071
149,980000	0,107796
149,990000	0,106521
150,000000	0,110983
150,010000	0,109071
150,020000	0,111620
150,030000	0,107796
150,040000	0,112258
150,050000	0,111620
150,060000	0,110345
150,070000	0,109071
150,080000	0,108433
150,090000	0,107796
150,100000	0,109708
150,110000	0,104609
150,120000	0,107796
150,130000	0,107796
150,140000	0,106521
150,150000	0,107796
150,160000	0,109071
150,170000	0,106521
150,180000	0,109071
150,190000	0,104609
150,200000	0,108433
150,210000	0,106521
150,220000	0,109071
150,230000	0,105884
150,240000	0,107159
150,250000	0,105246
150,260000	0,105884
150,270000	0,106521
150,280000	0,104609
150,290000	0,109071
150,300000	0,103972
150,310000	0,105884
150,320000	0,104609
150,330000	0,105246
150,340000	0,102697
150,350000	0,104609
150,360000	0,104609
150,370000	0,107796
150,380000	0,102697
150,390000	0,106521
150,400000	0,104609
150,410000	0,108433
150,420000	0,102697
150,430000	0,103972
150,440000	0,102060
150,450000	0,104609
150,460000	0,103334
150,470000	0,105246
150,480000	0,103334
150,490000	0,107159
150,500000	0,102697
150,510000	0,105884
150,520000	0,104609
150,530000	0,106521
150,540000	0,105246
150,550000	0,103972
150,560000	0,105884
150,570000	0,101422
150,580000	0,102060
150,590000	0,103334
150,600000	0,103334
150,610000	0,102697
150,620000	0,101422
150,630000	0,105884
150,640000	0,103334
150,650000	0,103972
150,660000	0,102060
150,670000	0,102060
150,680000	0,102697
150,690000	0,104609
150,700000	0,100785
150,710000	0,103334
150,720000	0,103972
150,730000	0,101422
150,740000	0,103334
150,750000	0,102697
150,760000	0,102060
150,770000	0,099510
150,780000	0,104609
150,790000	0,101422
150,800000	0,101422
150,810000	0,100148
150,820000	0,100785
150,830000	0,102060
150,840000	0,102697
150,850000	0,100785
150,860000	0,103972
150,870000	0,100785
150,880000	0,102060
150,890000	0,102060
150,900000	0,101422
150,910000	0,100785
150,920000	0,101422
150,930000	0,101422
150,940000	0,101422
150,950000	0,103972
150,960000	0,102697
150,970000	0,098873
150,980000	0,103972
150,990000	0,100785
151,000000	0,103972
151,010000	0,100148
151,020000	0,101422
151,030000	0,102060
151,040000	0,098873
151,050000	0,098873
151,060000	0,102697
151,070000	0,099510
151,080000	0,099510
151,090000	0,096961
151,100000	0,101422
151,110000	0,097598
151,120000	0,101422
151,130000	0,100785
151,140000	0,100785
151,150000	0,100785
151,160000	0,100148
151,170000	0,096961
151,180000	0,100148
151,190000	0,098873
151,200000	0,099510
151,210000	0,097598
151,220000	0,098873
151,230000	0,100148
151,240000	0,101422
151,250000	0,098873
151,260000	0,102060
151,270000	0,095686
151,280000	0,100785
151,290000	0,102060
151,300000	0,100148
151,310000	0,097598
151,320000	0,098873
151,330000	0,098873
151,340000	0,098235
151,350000	0,098873
151,360000	0,100785
151,370000	0,097598
151,380000	0,096961
151,390000	0,096961
151,400000	0,099510
151,410000	0,094411
151,420000	0,097598
151,430000	0,098873
151,440000	0,100785
151,450000	0,099510
151,460000	0,102060
151,470000	0,097598
151,480000	0,096961
151,490000	0,098873
151,500000	0,096961
151,510000	0,096323
151,520000	0,099510
151,530000	0,098235
151,540000	0,098873
151,550000	0,097598
151,560000	0,096961
151,570000	0,093774
151,580000	0,096961
151,590000	0,099510
151,600000	0,099510
151,610000	0,099510
151,620000	0,096961
151,630000	0,096323
151,640000	0,096961
151,650000	0,096961
151,660000	0,096323
151,670000	0,095686
151,680000	0,093137
151,690000	0,095686
151,700000	0,095686
151,710000	0,093774
151,720000	0,096961
151,730000	0,096961
151,740000	0,095686
151,750000	0,096323
151,760000	0,097598
151,770000	0,096961
151,780000	0,097598
151,790000	0,094411
151,800000	0,098873
151,810000	0,093774
151,820000	0,095049
151,830000	0,093137
151,840000	0,096961
151,850000	0,094411
151,860000	0,099510
151,870000	0,098873
151,880000	0,096961
151,890000	0,096323
151,900000	0,098235
151,910000	0,095686
151,920000	0,095686
151,930000	0,094411
151,940000	0,098235
151,950000	0,096323
151,960000	0,096323
151,970000	0,095686
151,980000	0,098235
151,990000	0,095686
152,000000	0,096961
152,010000	0,097598
152,020000	0,094411
152,030000	0,095686
152,040000	0,097598
152,050000	0,095686
152,060000	0,093774
152,070000	0,096323
152,080000	0,096961
152,090000	0,095686
152,100000	0,096961
152,110000	0,096961
152,120000	0,096323
152,130000	0,097598
152,140000	0,096323
152,150000	0,096961
152,160000	0,095686
152,170000	0,096323
152,180000	0,096323
152,190000	0,094411
152,200000	0,095049
152,210000	0,098235
152,220000	0,097598
152,230000	0,093137
152,240000	0,095049
152,250000	0,096323
152,260000	0,097598
152,270000	0,095686
152,280000	0,096961
152,290000	0,095049
152,300000	0,096323
152,310000	0,097598
152,320000	0,094411
152,330000	0,097598
152,340000	0,097598
152,350000	0,095049
152,360000	0,096961
152,370000	0,095686
152,380000	0,096961
152,390000	0,095686
152,400000	0,098873
152,410000	0,094411
152,420000	0,098235
152,430000	0,096961
152,440000	0,095686
152,450000	0,095686
152,460000	0,099510
152,470000	0,096323
152,480000	0,095686
152,490000	0,095686
152,500000	0,096323
152,510000	0,095686
152,520000	0,096961
152,530000	0,096961
152,540000	0,095686
152,550000	0,095686
152,560000	0,094411
152,570000	0,096323
152,580000	0,093137
152,590000	0,094411
152,600000	0,097598
152,610000	0,096961
152,620000	0,093774
152,630000	0,095686
152,640000	0,095049
152,650000	0,097598
152,660000	0,094411
152,670000	0,097598
152,680000	0,093774
152,690000	0,095049
152,700000	0,096323
152,710000	0,095049
152,720000	0,095686
152,730000	0,096323
152,740000	0,095686
152,750000	0,097598
152,760000	0,095686
152,770000	0,095049
152,780000	0,096961
152,790000	0,095049
152,800000	0,091862
152,810000	0,096323
152,820000	0,095686
152,830000	0,094411
152,840000	0,092499
152,850000	0,095686
152,860000	0,093137
152,870000	0,096961
152,880000	0,095049
152,890000	0,094411
152,900000	0,092499
152,910000	0,093137
152,920000	0,094411
152,930000	0,096961
152,940000	0,094411
152,950000	0,095686
152,960000	0,094411
152,970000	0,095686
152,980000	0,095686
152,990000	0,095686
153,000000	0,097598
153,010000	0,096323
153,020000	0,097598
153,030000	0,092499
153,040000	0,096961
153,050000	0,094411
153,060000	0,093137
153,070000	0,094411
153,080000	0,094411
153,090000	0,096323
153,100000	0,092499
153,110000	0,094411
153,120000	0,093774
153,130000	0,095686
153,140000	0,093774
153,150000	0,093774
153,160000	0,093774
153,170000	0,093774
153,180000	0,094411
153,190000	0,091862
153,200000	0,093137
153,210000	0,096323
153,220000	0,091862
153,230000	0,092499
153,240000	0,093137
153,250000	0,095686
153,260000	0,094411
153,270000	0,093774
153,280000	0,095049
153,290000	0,091862
153,300000	0,094411
153,310000	0,091862
153,320000	0,094411
153,330000	0,093774
153,340000	0,091862
153,350000	0,093137
153,360000	0,097598
153,370000	0,094411
153,380000	0,093137
153,390000	0,091862
153,400000	0,092499
153,410000	0,093774
153,420000	0,095049
153,430000	0,092499
153,440000	0,093137
153,450000	0,095049
153,460000	0,095049
153,470000	0,092499
153,480000	0,093137
153,490000	0,090587
153,500000	0,096323
153,510000	0,095049
153,520000	0,093137
153,530000	0,091862
153,540000	0,093774
153,550000	0,094411
153,560000	0,093137
153,570000	0,093137
153,580000	0,093774
153,590000	0,093774
153,600000	0,094411
153,610000	0,095686
153,620000	0,091862
153,630000	0,091224
153,640000	0,091862
153,650000	0,091862
153,660000	0,093137
153,670000	0,093774
153,680000	0,093137
153,690000	0,095686
153,700000	0,091862
153,710000	0,091862
153,720000	0,094411
153,730000	0,093137
153,740000	0,091224
153,750000	0,094411
153,760000	0,093774
153,770000	0,091224
153,780000	0,093137
153,790000	0,091862
153,800000	0,092499
153,810000	0,088675
153,820000	0,095049
153,830000	0,091862
153,840000	0,092499
153,850000	0,091224
153,860000	0,094411
153,870000	0,093137
153,880000	0,094411
153,890000	0,093137
153,900000	0,092499
153,910000	0,093137
153,920000	0,095686
153,930000	0,091862
153,940000	0,093774
153,950000	0,091862
153,960000	0,092499
153,970000	0,095049
153,980000	0,093774
153,990000	0,092499
154,000000	0,095686
154,010000	0,093137
154,020000	0,094411
154,030000	0,091224
154,040000	0,095049
154,050000	0,093137
154,060000	0,091224
154,070000	0,091862
154,080000	0,093774
154,090000	0,093774
154,100000	0,091224
154,110000	0,092499
154,120000	0,095049
154,130000	0,094411
154,140000	0,095049
154,150000	0,096961
154,160000	0,094411
154,170000	0,091862
154,180000	0,093137
154,190000	0,093774
154,200000	0,093137
154,210000	0,095686
154,220000	0,096961
154,230000	0,093774
154,240000	0,095686
154,250000	0,096323
154,260000	0,095686
154,270000	0,093774
154,280000	0,096323
154,290000	0,093774
154,300000	0,095049
154,310000	0,094411
154,320000	0,095686
154,330000	0,095049
154,340000	0,096323
154,350000	0,094411
154,360000	0,094411
154,370000	0,098873
154,380000	0,095049
154,390000	0,094411
154,400000	0,096323
154,410000	0,096961
154,420000	0,099510
154,430000	0,096961
154,440000	0,098235
154,450000	0,093774
154,460000	0,097598
154,470000	0,095049
154,480000	0,098235
154,490000	0,096323
154,500000	0,098235
154,510000	0,096323
154,520000	0,100148
154,530000	0,096961
154,540000	0,103972
154,550000	0,096961
154,560000	0,100785
154,570000	0,098873
154,580000	0,100148
154,590000	0,098873
154,600000	0,102697
154,610000	0,096323
154,620000	0,100148
154,630000	0,098873
154,640000	0,102060
154,650000	0,100785
154,660000	0,102060
154,670000	0,098873
154,680000	0,098873
154,690000	0,099510
154,700000	0,100785
154,710000	0,101422
154,720000	0,100785
154,730000	0,099510
154,740000	0,101422
154,750000	0,101422
154,760000	0,102060
154,770000	0,098873
154,780000	0,102060
154,790000	0,103334
154,800000	0,104609
154,810000	0,100148
154,820000	0,102060
154,830000	0,102060
154,840000	0,105246
154,850000	0,101422
154,860000	0,105884
154,870000	0,102697
154,880000	0,103972
154,890000	0,103334
154,900000	0,104609
154,910000	0,102060
154,920000	0,107796
154,930000	0,101422
154,940000	0,105884
154,950000	0,102697
154,960000	0,107796
154,970000	0,102060
154,980000	0,107796
154,990000	0,103972
155,000000	0,107796
155,010000	0,102697
155,020000	0,108433
155,030000	0,105884
155,040000	0,109708
155,050000	0,106521
155,060000	0,107159
155,070000	0,106521
155,080000	0,106521
155,090000	0,105884
155,100000	0,108433
155,110000	0,107159
155,120000	0,110345
155,130000	0,107159
155,140000	0,109708
155,150000	0,105884
155,160000	0,107159
155,170000	0,109708
155,180000	0,109708
155,190000	0,109071
155,200000	0,107159
155,210000	0,107159
155,220000	0,107796
155,230000	0,107159
155,240000	0,111620
155,250000	0,112258
155,260000	0,108433
155,270000	0,111620
155,280000	0,110345
155,290000	0,112895
155,300000	0,110983
155,310000	0,112895
155,320000	0,113532
155,330000	0,112258
155,340000	0,110983
155,350000	0,112258
155,360000	0,112258
155,370000	0,114170
155,380000	0,114170
155,390000	0,112895
155,400000	0,113532
155,410000	0,114807
155,420000	0,114807
155,430000	0,116719
155,440000	0,116082
155,450000	0,114807
155,460000	0,114170
155,470000	0,117356
155,480000	0,115444
155,490000	0,119906
155,500000	0,116719
155,510000	0,116719
155,520000	0,116082
155,530000	0,116082
155,540000	0,117356
155,550000	0,116719
155,560000	0,115444
155,570000	0,117994
155,580000	0,118631
155,590000	0,118631
155,600000	0,119269
155,610000	0,118631
155,620000	0,121181
155,630000	0,122455
155,640000	0,119906
155,650000	0,121818
155,660000	0,121818
155,670000	0,123730
155,680000	0,122455
155,690000	0,120543
155,700000	0,119906
155,710000	0,120543
155,720000	0,126917
155,730000	0,122455
155,740000	0,124367
155,750000	0,123093
155,760000	0,123730
155,770000	0,125642
155,780000	0,123093
155,790000	0,125005
155,800000	0,125005
155,810000	0,124367
155,820000	0,127554
155,830000	0,124367
155,840000	0,127554
155,850000	0,126917
155,860000	0,126917
155,870000	0,127554
155,880000	0,127554
155,890000	0,130104
155,900000	0,128192
155,910000	0,128829
155,920000	0,129466
155,930000	0,130741
155,940000	0,132016
155,950000	0,130741
155,960000	0,129466
155,970000	0,130741
155,980000	0,132016
155,990000	0,130741
156,000000	0,130741
156,010000	0,131379
156,020000	0,134565
156,030000	0,132016
156,040000	0,133928
156,050000	0,135840
156,060000	0,134565
156,070000	0,135840
156,080000	0,137752
156,090000	0,135203
156,100000	0,135203
156,110000	0,137115
156,120000	0,136477
156,130000	0,138390
156,140000	0,141576
156,150000	0,140302
156,160000	0,137752
156,170000	0,139664
156,180000	0,137752
156,190000	0,143488
156,200000	0,142214
156,210000	0,142851
156,220000	0,140302
156,230000	0,144126
156,240000	0,142851
156,250000	0,146038
156,260000	0,144126
156,270000	0,146675
156,280000	0,148587
156,290000	0,145401
156,300000	0,145401
156,310000	0,147313
156,320000	0,147313
156,330000	0,152412
156,340000	0,149225
156,350000	0,149225
156,360000	0,151137
156,370000	0,153686
156,380000	0,153049
156,390000	0,154324
156,400000	0,153686
156,410000	0,153049
156,420000	0,154324
156,430000	0,155598
156,440000	0,156236
156,450000	0,158148
156,460000	0,160060
156,470000	0,160060
156,480000	0,159423
156,490000	0,159423
156,500000	0,158785
156,510000	0,161335
156,520000	0,163247
156,530000	0,163247
156,540000	0,161972
156,550000	0,161335
156,560000	0,162609
156,570000	0,167708
156,580000	0,166434
156,590000	0,165796
156,600000	0,168346
156,610000	0,167071
156,620000	0,170895
156,630000	0,169620
156,640000	0,170258
156,650000	0,169620
156,660000	0,170258
156,670000	0,169620
156,680000	0,172807
156,690000	0,170895
156,700000	0,175994
156,710000	0,172807
156,720000	0,177269
156,730000	0,174719
156,740000	0,177269
156,750000	0,172807
156,760000	0,179181
156,770000	0,179818
156,780000	0,178544
156,790000	0,177906
156,800000	0,179181
156,810000	0,178544
156,820000	0,179181
156,830000	0,178544
156,840000	0,183005
156,850000	0,177906
156,860000	0,185555
156,870000	0,179818
156,880000	0,184280
156,890000	0,180456
156,900000	0,185555
156,910000	0,179181
156,920000	0,187467
156,930000	0,182368
156,940000	0,188104
156,950000	0,183005
156,960000	0,188104
156,970000	0,183643
156,980000	0,187467
156,990000	0,184280
157,000000	0,190016
157,010000	0,184280
157,020000	0,191928
157,030000	0,184280
157,040000	0,191291
157,050000	0,189379
157,060000	0,192566
157,070000	0,188741
157,080000	0,193840
157,090000	0,191928
157,100000	0,195752
157,110000	0,188741
157,120000	0,196390
157,130000	0,189379
157,140000	0,194478
157,150000	0,192566
157,160000	0,196390
157,170000	0,193840
157,180000	0,197665
157,190000	0,195115
157,200000	0,196390
157,210000	0,195115
157,220000	0,198302
157,230000	0,195752
157,240000	0,197027
157,250000	0,193840
157,260000	0,197665
157,270000	0,195115
157,280000	0,197665
157,290000	0,198302
157,300000	0,198302
157,310000	0,197665
157,320000	0,201489
157,330000	0,198302
157,340000	0,202763
157,350000	0,198302
157,360000	0,203401
157,370000	0,196390
157,380000	0,204038
157,390000	0,198302
157,400000	0,202763
157,410000	0,198302
157,420000	0,202126
157,430000	0,198939
157,440000	0,198939
157,450000	0,200214
157,460000	0,198939
157,470000	0,198302
157,480000	0,199577
157,490000	0,197665
157,500000	0,198302
157,510000	0,197027
157,520000	0,199577
157,530000	0,197665
157,540000	0,198939
157,550000	0,196390
157,560000	0,198939
157,570000	0,197027
157,580000	0,196390
157,590000	0,195752
157,600000	0,198302
157,610000	0,197665
157,620000	0,198302
157,630000	0,195115
157,640000	0,197665
157,650000	0,197027
157,660000	0,195752
157,670000	0,193840
157,680000	0,194478
157,690000	0,192566
157,700000	0,192566
157,710000	0,193203
157,720000	0,195752
157,730000	0,190016
157,740000	0,195752
157,750000	0,191291
157,760000	0,193840
157,770000	0,191291
157,780000	0,197665
157,790000	0,190654
157,800000	0,191928
157,810000	0,191291
157,820000	0,191291
157,830000	0,189379
157,840000	0,191291
157,850000	0,189379
157,860000	0,193203
157,870000	0,186829
157,880000	0,190016
157,890000	0,186829
157,900000	0,187467
157,910000	0,184917
157,920000	0,186829
157,930000	0,184280
157,940000	0,186829
157,950000	0,183643
157,960000	0,184917
157,970000	0,183643
157,980000	0,184917
157,990000	0,181093
158,000000	0,181730
158,010000	0,181093
158,020000	0,183643
158,030000	0,175994
158,040000	0,181730
158,050000	0,175994
158,060000	0,177906
158,070000	0,175994
158,080000	0,179818
158,090000	0,175357
158,100000	0,177906
158,110000	0,177269
158,120000	0,174082
158,130000	0,175994
158,140000	0,173445
158,150000	0,175357
158,160000	0,174719
158,170000	0,170895
158,180000	0,171533
158,190000	0,170895
158,200000	0,172170
158,210000	0,167708
158,220000	0,170258
158,230000	0,165159
158,240000	0,167708
158,250000	0,165159
158,260000	0,167708
158,270000	0,165796
158,280000	0,165159
158,290000	0,166434
158,300000	0,165159
158,310000	0,164522
158,320000	0,163884
158,330000	0,162609
158,340000	0,165796
158,350000	0,163247
158,360000	0,160697
158,370000	0,159423
158,380000	0,159423
158,390000	0,161972
158,400000	0,158148
158,410000	0,159423
158,420000	0,160060
158,430000	0,156236
158,440000	0,155598
158,450000	0,155598
158,460000	0,156873
158,470000	0,157511
158,480000	0,153049
158,490000	0,156873
158,500000	0,151137
158,510000	0,154324
158,520000	0,150499
158,530000	0,150499
158,540000	0,153686
158,550000	0,150499
158,560000	0,151774
158,570000	0,150499
158,580000	0,147313
158,590000	0,148587
158,600000	0,150499
158,610000	0,149225
158,620000	0,145401
158,630000	0,146038
158,640000	0,145401
158,650000	0,147313
158,660000	0,143488
158,670000	0,146675
158,680000	0,147950
158,690000	0,144763
158,700000	0,145401
158,710000	0,142214
158,720000	0,146038
158,730000	0,142214
158,740000	0,146675
158,750000	0,141576
158,760000	0,144763
158,770000	0,140302
158,780000	0,145401
158,790000	0,139664
158,800000	0,141576
158,810000	0,142214
158,820000	0,141576
158,830000	0,140302
158,840000	0,139664
158,850000	0,138390
158,860000	0,137752
158,870000	0,135840
158,880000	0,139027
158,890000	0,137752
158,900000	0,138390
158,910000	0,134565
158,920000	0,136477
158,930000	0,137752
158,940000	0,135203
158,950000	0,134565
158,960000	0,135840
158,970000	0,132653
158,980000	0,133928
158,990000	0,133928
159,000000	0,135203
159,010000	0,132016
159,020000	0,133928
159,030000	0,133291
159,040000	0,131379
159,050000	0,133928
159,060000	0,132653
159,070000	0,131379
159,080000	0,131379
159,090000	0,133291
159,100000	0,131379
159,110000	0,128829
159,120000	0,132653
159,130000	0,128829
159,140000	0,130104
159,150000	0,129466
159,160000	0,128829
159,170000	0,130104
159,180000	0,126280
159,190000	0,126917
159,200000	0,127554
159,210000	0,127554
159,220000	0,126280
159,230000	0,128829
159,240000	0,126917
159,250000	0,128192
159,260000	0,124367
159,270000	0,127554
159,280000	0,125005
159,290000	0,125642
159,300000	0,124367
159,310000	0,126917
159,320000	0,125005
159,330000	0,125005
159,340000	0,122455
159,350000	0,121818
159,360000	0,121818
159,370000	0,121818
159,380000	0,122455
159,390000	0,124367
159,400000	0,124367
159,410000	0,121181
159,420000	0,122455
159,430000	0,120543
159,440000	0,121181
159,450000	0,121181
159,460000	0,119906
159,470000	0,123093
159,480000	0,120543
159,490000	0,121181
159,500000	0,121181
159,510000	0,117356
159,520000	0,119269
159,530000	0,117994
159,540000	0,117356
159,550000	0,119906
159,560000	0,117356
159,570000	0,116082
159,580000	0,116082
159,590000	0,116719
159,600000	0,117356
159,610000	0,111620
159,620000	0,116082
159,630000	0,116082
159,640000	0,116082
159,650000	0,114170
159,660000	0,116082
159,670000	0,113532
159,680000	0,117356
159,690000	0,114807
159,700000	0,113532
159,710000	0,116719
159,720000	0,114807
159,730000	0,116719
159,740000	0,115444
159,750000	0,109708
159,760000	0,112258
159,770000	0,113532
159,780000	0,113532
159,790000	0,113532
159,800000	0,112258
159,810000	0,111620
159,820000	0,111620
159,830000	0,112258
159,840000	0,112895
159,850000	0,110345
159,860000	0,112258
159,870000	0,112258
159,880000	0,110983
159,890000	0,111620
159,900000	0,112258
159,910000	0,109708
159,920000	0,110983
159,930000	0,107796
159,940000	0,110345
159,950000	0,111620
159,960000	0,108433
159,970000	0,109708
159,980000	0,109071
159,990000	0,111620
160,000000	0,108433
160,010000	0,113532
160,020000	0,107796
160,030000	0,109708
160,040000	0,107159
160,050000	0,107159
160,060000	0,107159
160,070000	0,107796
160,080000	0,105884
160,090000	0,105246
160,100000	0,107159
160,110000	0,105246
160,120000	0,108433
160,130000	0,103972
160,140000	0,107159
160,150000	0,105246
160,160000	0,108433
160,170000	0,107159
160,180000	0,102697
160,190000	0,103334
160,200000	0,106521
160,210000	0,104609
160,220000	0,109071
160,230000	0,103972
160,240000	0,106521
160,250000	0,103972
160,260000	0,105884
160,270000	0,104609
160,280000	0,105246
160,290000	0,103972
160,300000	0,105246
160,310000	0,104609
160,320000	0,105246
160,330000	0,103334
160,340000	0,102697
160,350000	0,103972
160,360000	0,103972
160,370000	0,102697
160,380000	0,104609
160,390000	0,102060
160,400000	0,102060
160,410000	0,101422
160,420000	0,103972
160,430000	0,101422
160,440000	0,103972
160,450000	0,104609
160,460000	0,103972
160,470000	0,103972
160,480000	0,102697
160,490000	0,103334
160,500000	0,104609
160,510000	0,101422
160,520000	0,101422
160,530000	0,102697
160,540000	0,102060
160,550000	0,103334
160,560000	0,104609
160,570000	0,100785
160,580000	0,102697
160,590000	0,102060
160,600000	0,101422
160,610000	0,102060
160,620000	0,103972
160,630000	0,103972
160,640000	0,098235
160,650000	0,101422
160,660000	0,101422
160,670000	0,101422
160,680000	0,098873
160,690000	0,099510
160,700000	0,101422
160,710000	0,100785
160,720000	0,103972
160,730000	0,098873
160,740000	0,099510
160,750000	0,098235
160,760000	0,101422
160,770000	0,096961
160,780000	0,100148
160,790000	0,097598
160,800000	0,103972
160,810000	0,098873
160,820000	0,102060
160,830000	0,098873
160,840000	0,104609
160,850000	0,100148
160,860000	0,103334
160,870000	0,100148
160,880000	0,105884
160,890000	0,098873
160,900000	0,102060
160,910000	0,100785
160,920000	0,103334
160,930000	0,098235
160,940000	0,106521
160,950000	0,099510
160,960000	0,102060
160,970000	0,098873
160,980000	0,102060
160,990000	0,100148
161,000000	0,100785
161,010000	0,100785
161,020000	0,103334
161,030000	0,098235
161,040000	0,098873
161,050000	0,100148
161,060000	0,103334
161,070000	0,099510
161,080000	0,101422
161,090000	0,096961
161,100000	0,097598
161,110000	0,102060
161,120000	0,099510
161,130000	0,100785
161,140000	0,100148
161,150000	0,099510
161,160000	0,099510
161,170000	0,099510
161,180000	0,096961
161,190000	0,100785
161,200000	0,093774
161,210000	0,098873
161,220000	0,092499
161,230000	0,099510
161,240000	0,098235
161,250000	0,100148
161,260000	0,098235
161,270000	0,098235
161,280000	0,096323
161,290000	0,100785
161,300000	0,100785
161,310000	0,099510
161,320000	0,100785
161,330000	0,098873
161,340000	0,097598
161,350000	0,099510
161,360000	0,100785
161,370000	0,098235
161,380000	0,099510
161,390000	0,097598
161,400000	0,099510
161,410000	0,099510
161,420000	0,100785
161,430000	0,098235
161,440000	0,099510
161,450000	0,099510
161,460000	0,100148
161,470000	0,097598
161,480000	0,100785
161,490000	0,100785
161,500000	0,098873
161,510000	0,098873
161,520000	0,098235
161,530000	0,097598
161,540000	0,096323
161,550000	0,095686
161,560000	0,095049
161,570000	0,098235
161,580000	0,096961
161,590000	0,096323
161,600000	0,095686
161,610000	0,096323
161,620000	0,096961
161,630000	0,098235
161,640000	0,096323
161,650000	0,099510
161,660000	0,096323
161,670000	0,096961
161,680000	0,096961
161,690000	0,096961
161,700000	0,098235
161,710000	0,096961
161,720000	0,096323
161,730000	0,097598
161,740000	0,097598
161,750000	0,095686
161,760000	0,098235
161,770000	0,097598
161,780000	0,097598
161,790000	0,099510
161,800000	0,098873
161,810000	0,098235
161,820000	0,097598
161,830000	0,096961
161,840000	0,098235
161,850000	0,096323
161,860000	0,096961
161,870000	0,096961
161,880000	0,095049
161,890000	0,096961
161,900000	0,095686
161,910000	0,098235
161,920000	0,097598
161,930000	0,095686
161,940000	0,098235
161,950000	0,098235
161,960000	0,099510
161,970000	0,100148
161,980000	0,096961
161,990000	0,095686
162,000000	0,093774
162,010000	0,096961
162,020000	0,095049
162,030000	0,094411
162,040000	0,096961
162,050000	0,096323
162,060000	0,097598
162,070000	0,093137
162,080000	0,096323
162,090000	0,096323
162,100000	0,096323
162,110000	0,095049
162,120000	0,095686
162,130000	0,095686
162,140000	0,096323
162,150000	0,094411
162,160000	0,098235
162,170000	0,095049
162,180000	0,098235
162,190000	0,094411
162,200000	0,096961
162,210000	0,093137
162,220000	0,096961
162,230000	0,096323
162,240000	0,096323
162,250000	0,093774
162,260000	0,096323
162,270000	0,095049
162,280000	0,096961
162,290000	0,095686
162,300000	0,096323
162,310000	0,094411
162,320000	0,095686
162,330000	0,094411
162,340000	0,096961
162,350000	0,093774
162,360000	0,095686
162,370000	0,095686
162,380000	0,093774
162,390000	0,095686
162,400000	0,092499
162,410000	0,093774
162,420000	0,096323
162,430000	0,093774
162,440000	0,093774
162,450000	0,093137
162,460000	0,097598
162,470000	0,093774
162,480000	0,096323
162,490000	0,093774
162,500000	0,091862
162,510000	0,095049
162,520000	0,091862
162,530000	0,094411
162,540000	0,093137
162,550000	0,095049
162,560000	0,095049
162,570000	0,098235
162,580000	0,093774
162,590000	0,096323
162,600000	0,094411
162,610000	0,095049
162,620000	0,093137
162,630000	0,093774
162,640000	0,093774
162,650000	0,093774
162,660000	0,096961
162,670000	0,094411
162,680000	0,093137
162,690000	0,095049
162,700000	0,094411
162,710000	0,094411
162,720000	0,093137
162,730000	0,094411
162,740000	0,094411
162,750000	0,088675
162,760000	0,093137
162,770000	0,093774
162,780000	0,096323
162,790000	0,094411
162,800000	0,095049
162,810000	0,091862
162,820000	0,096961
162,830000	0,091862
162,840000	0,095049
162,850000	0,093774
162,860000	0,092499
162,870000	0,093137
162,880000	0,095686
162,890000	0,093137
162,900000	0,095686
162,910000	0,095686
162,920000	0,094411
162,930000	0,092499
162,940000	0,094411
162,950000	0,094411
162,960000	0,093774
162,970000	0,094411
162,980000	0,091224
162,990000	0,095049
163,000000	0,095049
163,010000	0,094411
163,020000	0,093774
163,030000	0,095049
163,040000	0,092499
163,050000	0,093137
163,060000	0,093774
163,070000	0,095049
163,080000	0,093774
163,090000	0,093137
163,100000	0,095049
163,110000	0,091862
163,120000	0,091862
163,130000	0,092499
163,140000	0,094411
163,150000	0,096323
163,160000	0,091862
163,170000	0,096323
163,180000	0,095049
163,190000	0,094411
163,200000	0,092499
163,210000	0,096323
163,220000	0,093774
163,230000	0,092499
163,240000	0,094411
163,250000	0,093774
163,260000	0,094411
163,270000	0,093774
163,280000	0,093137
163,290000	0,093774
163,300000	0,094411
163,310000	0,092499
163,320000	0,096323
163,330000	0,095049
163,340000	0,095049
163,350000	0,091862
163,360000	0,095686
163,370000	0,091862
163,380000	0,096961
163,390000	0,096323
163,400000	0,095049
163,410000	0,092499
163,420000	0,094411
163,430000	0,092499
163,440000	0,094411
163,450000	0,091862
163,460000	0,092499
163,470000	0,093774
163,480000	0,095686
163,490000	0,093774
163,500000	0,092499
163,510000	0,091862
163,520000	0,093774
163,530000	0,095049
163,540000	0,095686
163,550000	0,093774
163,560000	0,092499
163,570000	0,095049
163,580000	0,096961
163,590000	0,094411
163,600000	0,094411
163,610000	0,095049
163,620000	0,095686
163,630000	0,095049
163,640000	0,094411
163,650000	0,095686
163,660000	0,090587
163,670000	0,092499
163,680000	0,094411
163,690000	0,092499
163,700000	0,093774
163,710000	0,090587
163,720000	0,090587
163,730000	0,095049
163,740000	0,093774
163,750000	0,091862
163,760000	0,096961
163,770000	0,095049
163,780000	0,091224
163,790000	0,093774
163,800000	0,092499
163,810000	0,093137
163,820000	0,091224
163,830000	0,095686
163,840000	0,093137
163,850000	0,096323
163,860000	0,093774
163,870000	0,090587
163,880000	0,093774
163,890000	0,093774
163,900000	0,087400
163,910000	0,091862
163,920000	0,090587
163,930000	0,093137
163,940000	0,091224
163,950000	0,093774
163,960000	0,092499
163,970000	0,092499
163,980000	0,096961
163,990000	0,094411
164,000000	0,091862
164,010000	0,093774
164,020000	0,093774
164,030000	0,092499
164,040000	0,095049
164,050000	0,093774
164,060000	0,095686
164,070000	0,094411
164,080000	0,093774
164,090000	0,091224
164,100000	0,095049
164,110000	0,092499
164,120000	0,091224
164,130000	0,093774
164,140000	0,096961
164,150000	0,094411
164,160000	0,096961
164,170000	0,093774
164,180000	0,095686
164,190000	0,093774
164,200000	0,095686
164,210000	0,094411
164,220000	0,094411
164,230000	0,093774
164,240000	0,093774
164,250000	0,091862
164,260000	0,095686
164,270000	0,092499
164,280000	0,096961
164,290000	0,093774
164,300000	0,099510
164,310000	0,092499
164,320000	0,098235
164,330000	0,093774
164,340000	0,095686
164,350000	0,092499
164,360000	0,096961
164,370000	0,093774
164,380000	0,096323
164,390000	0,095686
164,400000	0,096961
164,410000	0,095049
164,420000	0,099510
164,430000	0,095049
164,440000	0,097598
164,450000	0,096961
164,460000	0,096961
164,470000	0,098235
164,480000	0,098873
164,490000	0,095686
164,500000	0,094411
164,510000	0,093774
164,520000	0,095686
164,530000	0,096961
164,540000	0,096961
164,550000	0,099510
164,560000	0,096961
164,570000	0,096323
164,580000	0,101422
164,590000	0,096961
164,600000	0,098873
164,610000	0,098873
164,620000	0,096961
164,630000	0,098873
164,640000	0,096323
164,650000	0,101422
164,660000	0,102060
164,670000	0,099510
164,680000	0,099510
164,690000	0,098235
164,700000	0,100148
164,710000	0,098873
164,720000	0,098873
164,730000	0,096323
164,740000	0,100148
164,750000	0,102060
164,760000	0,101422
164,770000	0,102060
164,780000	0,102697
164,790000	0,099510
164,800000	0,100785
164,810000	0,097598
164,820000	0,098235
164,830000	0,102060
164,840000	0,101422
164,850000	0,102060
164,860000	0,102060
164,870000	0,100148
164,880000	0,102697
164,890000	0,102060
164,900000	0,103972
164,910000	0,100148
164,920000	0,101422
164,930000	0,102697
164,940000	0,105246
164,950000	0,102060
164,960000	0,105246
164,970000	0,100148
164,980000	0,103972
164,990000	0,100785
165,000000	0,103334
165,010000	0,099510
165,020000	0,104609
165,030000	0,104609
165,040000	0,105246
165,050000	0,101422
165,060000	0,107159
165,070000	0,107159
165,080000	0,106521
165,090000	0,109071
165,100000	0,106521
165,110000	0,107159
165,120000	0,111620
165,130000	0,107796
165,140000	0,107159
165,150000	0,109708
165,160000	0,106521
165,170000	0,109071
165,180000	0,106521
165,190000	0,112258
165,200000	0,108433
165,210000	0,116719
165,220000	0,105884
165,230000	0,112895
165,240000	0,105884
165,250000	0,117356
165,260000	0,112258
165,270000	0,115444
165,280000	0,111620
165,290000	0,117994
165,300000	0,113532
165,310000	0,117356
165,320000	0,113532
165,330000	0,117356
165,340000	0,113532
165,350000	0,114807
165,360000	0,117356
165,370000	0,112258
165,380000	0,116719
165,390000	0,117994
165,400000	0,110983
165,410000	0,112895
165,420000	0,115444
165,430000	0,114807
165,440000	0,113532
165,450000	0,118631
165,460000	0,112895
165,470000	0,119906
165,480000	0,112258
165,490000	0,115444
165,500000	0,112895
165,510000	0,118631
165,520000	0,117356
165,530000	0,117994
165,540000	0,114807
165,550000	0,117356
165,560000	0,116082
165,570000	0,121181
165,580000	0,118631
165,590000	0,121818
165,600000	0,120543
165,610000	0,117994
165,620000	0,118631
165,630000	0,123730
165,640000	0,114170
165,650000	0,121818
165,660000	0,122455
165,670000	0,123093
165,680000	0,119906
165,690000	0,123730
165,700000	0,121818
165,710000	0,120543
165,720000	0,121818
165,730000	0,122455
165,740000	0,125005
165,750000	0,126280
165,760000	0,124367
165,770000	0,125642
165,780000	0,126280
165,790000	0,127554
165,800000	0,127554
165,810000	0,126280
165,820000	0,125642
165,830000	0,130104
165,840000	0,128829
165,850000	0,126917
165,860000	0,124367
165,870000	0,130104
165,880000	0,125005
165,890000	0,130741
165,900000	0,132016
165,910000	0,128829
165,920000	0,130741
165,930000	0,128829
165,940000	0,129466
165,950000	0,131379
165,960000	0,133928
165,970000	0,131379
165,980000	0,135840
165,990000	0,128192
166,000000	0,134565
166,010000	0,133928
166,020000	0,135203
166,030000	0,135203
166,040000	0,132653
166,050000	0,131379
166,060000	0,135203
166,070000	0,135840
166,080000	0,136477
166,090000	0,133928
166,100000	0,142851
166,110000	0,140939
166,120000	0,137752
166,130000	0,136477
166,140000	0,138390
166,150000	0,141576
166,160000	0,137752
166,170000	0,137115
166,180000	0,140302
166,190000	0,137752
166,200000	0,137752
166,210000	0,142214
166,220000	0,144126
166,230000	0,144763
166,240000	0,143488
166,250000	0,144763
166,260000	0,144126
166,270000	0,142851
166,280000	0,147313
166,290000	0,146675
166,300000	0,147313
166,310000	0,147950
166,320000	0,153049
166,330000	0,146038
166,340000	0,152412
166,350000	0,146038
166,360000	0,150499
166,370000	0,149225
166,380000	0,149862
166,390000	0,154324
166,400000	0,159423
166,410000	0,150499
166,420000	0,153686
166,430000	0,154961
166,440000	0,158785
166,450000	0,151774
166,460000	0,158148
166,470000	0,153686
166,480000	0,160060
166,490000	0,154961
166,500000	0,156236
166,510000	0,157511
166,520000	0,158148
166,530000	0,160060
166,540000	0,160697
166,550000	0,161972
166,560000	0,165796
166,570000	0,162609
166,580000	0,166434
166,590000	0,163884
166,600000	0,162609
166,610000	0,164522
166,620000	0,162609
166,630000	0,169620
166,640000	0,161972
166,650000	0,167071
166,660000	0,165796
166,670000	0,167708
166,680000	0,163247
166,690000	0,167071
166,700000	0,167708
166,710000	0,169620
166,720000	0,168983
166,730000	0,168346
166,740000	0,177906
166,750000	0,174719
166,760000	0,176631
166,770000	0,172807
166,780000	0,179181
166,790000	0,175994
166,800000	0,182368
166,810000	0,173445
166,820000	0,181730
166,830000	0,173445
166,840000	0,191928
166,850000	0,174082
166,860000	0,185555
166,870000	0,177269
166,880000	0,183643
166,890000	0,180456
166,900000	0,183005
166,910000	0,179181
166,920000	0,183643
166,930000	0,183005
166,940000	0,178544
166,950000	0,175994
166,960000	0,185555
166,970000	0,182368
166,980000	0,183643
166,990000	0,182368
167,000000	0,186192
167,010000	0,184280
167,020000	0,184280
167,030000	0,184917
167,040000	0,185555
167,050000	0,186192
167,060000	0,184917
167,070000	0,186192
167,080000	0,188104
167,090000	0,183005
167,100000	0,188741
167,110000	0,190654
167,120000	0,189379
167,130000	0,191291
167,140000	0,188741
167,150000	0,186829
167,160000	0,187467
167,170000	0,195752
167,180000	0,193840
167,190000	0,193203
167,200000	0,193203
167,210000	0,195752
167,220000	0,194478
167,230000	0,196390
167,240000	0,194478
167,250000	0,191291
167,260000	0,195115
167,270000	0,195752
167,280000	0,200851
167,290000	0,191928
167,300000	0,201489
167,310000	0,193203
167,320000	0,200851
167,330000	0,200214
167,340000	0,197665
167,350000	0,200851
167,360000	0,204676
167,370000	0,201489
167,380000	0,201489
167,390000	0,193840
167,400000	0,200851
167,410000	0,202763
167,420000	0,204038
167,430000	0,201489
167,440000	0,201489
167,450000	0,197665
167,460000	0,199577
167,470000	0,207862
167,480000	0,207225
167,490000	0,198302
167,500000	0,204038
167,510000	0,198302
167,520000	0,203401
167,530000	0,196390
167,540000	0,197665
167,550000	0,198939
167,560000	0,205950
167,570000	0,196390
167,580000	0,200851
167,590000	0,193203
167,600000	0,196390
167,610000	0,198302
167,620000	0,193840
167,630000	0,191928
167,640000	0,202763
167,650000	0,193203
167,660000	0,204038
167,670000	0,193840
167,680000	0,202126
167,690000	0,197027
167,700000	0,192566
167,710000	0,193840
167,720000	0,198302
167,730000	0,195115
167,740000	0,194478
167,750000	0,194478
167,760000	0,193203
167,770000	0,195115
167,780000	0,193203
167,790000	0,194478
167,800000	0,190654
167,810000	0,188741
167,820000	0,196390
167,830000	0,195752
167,840000	0,197665
167,850000	0,193840
167,860000	0,191291
167,870000	0,184280
167,880000	0,184280
167,890000	0,192566
167,900000	0,191928
167,910000	0,190016
167,920000	0,187467
167,930000	0,185555
167,940000	0,185555
167,950000	0,187467
167,960000	0,184917
167,970000	0,187467
167,980000	0,189379
167,990000	0,181093
168,000000	0,177906
168,010000	0,191291
168,020000	0,183643
168,030000	0,188741
168,040000	0,183005
168,050000	0,180456
168,060000	0,180456
168,070000	0,170895
168,080000	0,179181
168,090000	0,175994
168,100000	0,181093
168,110000	0,175994
168,120000	0,177269
168,130000	0,170895
168,140000	0,178544
168,150000	0,171533
168,160000	0,175357
168,170000	0,173445
168,180000	0,179818
168,190000	0,168983
168,200000	0,170895
168,210000	0,172807
168,220000	0,169620
168,230000	0,172807
168,240000	0,168983
168,250000	0,167071
168,260000	0,166434
168,270000	0,169620
168,280000	0,167071
168,290000	0,161335
168,300000	0,166434
168,310000	0,158785
168,320000	0,161972
168,330000	0,156236
168,340000	0,169620
168,350000	0,163247
168,360000	0,158148
168,370000	0,154961
168,380000	0,159423
168,390000	0,156236
168,400000	0,158785
168,410000	0,158148
168,420000	0,154961
168,430000	0,150499
168,440000	0,153686
168,450000	0,158785
168,460000	0,153049
168,470000	0,156236
168,480000	0,151137
168,490000	0,151774
168,500000	0,154324
168,510000	0,152412
168,520000	0,145401
168,530000	0,151137
168,540000	0,147313
168,550000	0,147313
168,560000	0,147313
168,570000	0,151137
168,580000	0,146038
168,590000	0,149225
168,600000	0,147950
168,610000	0,146038
168,620000	0,145401
168,630000	0,146038
168,640000	0,141576
168,650000	0,143488
168,660000	0,144763
168,670000	0,147950
168,680000	0,141576
168,690000	0,144763
168,700000	0,136477
168,710000	0,144763
168,720000	0,136477
168,730000	0,144126
168,740000	0,139664
168,750000	0,139664
168,760000	0,140302
168,770000	0,140939
168,780000	0,137752
168,790000	0,142214
168,800000	0,136477
168,810000	0,140939
168,820000	0,135840
168,830000	0,143488
168,840000	0,134565
168,850000	0,139664
168,860000	0,134565
168,870000	0,136477
168,880000	0,135203
168,890000	0,132016
168,900000	0,131379
168,910000	0,137752
168,920000	0,135203
168,930000	0,135840
168,940000	0,132016
168,950000	0,135203
168,960000	0,133928
168,970000	0,135203
168,980000	0,128829
168,990000	0,133291
169,000000	0,128192
169,010000	0,135203
169,020000	0,127554
169,030000	0,126280
169,040000	0,132016
169,050000	0,130741
169,060000	0,128829
169,070000	0,134565
169,080000	0,128192
169,090000	0,132016
169,100000	0,128829
169,110000	0,133291
169,120000	0,129466
169,130000	0,124367
169,140000	0,126917
169,150000	0,125005
169,160000	0,124367
169,170000	0,124367
169,180000	0,127554
169,190000	0,125005
169,200000	0,127554
169,210000	0,128829
169,220000	0,129466
169,230000	0,125642
169,240000	0,125005
169,250000	0,125005
169,260000	0,124367
169,270000	0,125005
169,280000	0,121818
169,290000	0,122455
169,300000	0,120543
169,310000	0,123093
169,320000	0,123093
169,330000	0,125005
169,340000	0,119269
169,350000	0,120543
169,360000	0,123730
169,370000	0,119906
169,380000	0,121181
169,390000	0,119906
169,400000	0,122455
169,410000	0,117994
169,420000	0,119906
169,430000	0,119906
169,440000	0,117994
169,450000	0,116719
169,460000	0,125005
169,470000	0,117356
169,480000	0,118631
169,490000	0,117356
169,500000	0,121818
169,510000	0,122455
169,520000	0,119269
169,530000	0,121181
169,540000	0,117356
169,550000	0,118631
169,560000	0,119269
169,570000	0,118631
169,580000	0,117356
169,590000	0,112258
169,600000	0,117356
169,610000	0,117356
169,620000	0,114807
169,630000	0,117356
169,640000	0,121818
169,650000	0,116719
169,660000	0,117356
169,670000	0,117356
169,680000	0,116082
169,690000	0,110345
169,700000	0,115444
169,710000	0,117356
169,720000	0,117356
169,730000	0,115444
169,740000	0,112895
169,750000	0,117356
169,760000	0,115444
169,770000	0,114807
169,780000	0,112258
169,790000	0,112895
169,800000	0,112895
169,810000	0,114170
169,820000	0,114807
169,830000	0,117356
169,840000	0,110983
169,850000	0,117356
169,860000	0,114170
169,870000	0,114170
169,880000	0,109708
169,890000	0,113532
169,900000	0,109708
169,910000	0,115444
169,920000	0,112895
169,930000	0,112258
169,940000	0,112258
169,950000	0,108433
169,960000	0,110345
169,970000	0,110983
169,980000	0,109708
169,990000	0,109708
170,000000	0,112895
170,010000	0,111620
170,020000	0,112258
170,030000	0,114170
170,040000	0,107159
170,050000	0,104609
170,060000	0,107796
170,070000	0,105884
170,080000	0,111620
170,090000	0,104609
170,100000	0,110983
170,110000	0,109071
170,120000	0,106521
170,130000	0,108433
170,140000	0,106521
170,150000	0,103972
170,160000	0,107159
170,170000	0,107159
170,180000	0,104609
170,190000	0,106521
170,200000	0,107796
170,210000	0,107159
170,220000	0,108433
170,230000	0,107796
170,240000	0,105884
170,250000	0,107159
170,260000	0,107159
170,270000	0,103972
170,280000	0,107159
170,290000	0,103334
170,300000	0,107159
170,310000	0,103334
170,320000	0,106521
170,330000	0,104609
170,340000	0,107159
170,350000	0,103334
170,360000	0,103972
170,370000	0,102060
170,380000	0,106521
170,390000	0,106521
170,400000	0,102060
170,410000	0,103972
170,420000	0,103972
170,430000	0,099510
170,440000	0,103334
170,450000	0,101422
170,460000	0,103972
170,470000	0,099510
170,480000	0,100785
170,490000	0,102060
170,500000	0,103972
170,510000	0,104609
170,520000	0,100148
170,530000	0,103972
170,540000	0,098873
170,550000	0,103972
170,560000	0,099510
170,570000	0,102697
170,580000	0,103334
170,590000	0,098235
170,600000	0,102697
170,610000	0,103334
170,620000	0,103334
170,630000	0,105884
170,640000	0,105884
170,650000	0,101422
170,660000	0,102060
170,670000	0,102697
170,680000	0,098873
170,690000	0,098873
170,700000	0,100148
170,710000	0,100148
170,720000	0,095686
170,730000	0,096961
170,740000	0,098873
170,750000	0,100148
170,760000	0,101422
170,770000	0,102697
170,780000	0,098873
170,790000	0,099510
170,800000	0,099510
170,810000	0,099510
170,820000	0,097598
170,830000	0,099510
170,840000	0,097598
170,850000	0,102060
170,860000	0,095686
170,870000	0,095686
170,880000	0,098235
170,890000	0,095049
170,900000	0,097598
170,910000	0,095049
170,920000	0,100785
170,930000	0,101422
170,940000	0,100148
170,950000	0,100785
170,960000	0,099510
170,970000	0,098873
170,980000	0,100148
170,990000	0,096961
171,000000	0,098873
171,010000	0,093774
171,020000	0,096961
171,030000	0,094411
171,040000	0,096323
171,050000	0,095049
171,060000	0,096961
171,070000	0,098873
171,080000	0,098873
171,090000	0,095686
171,100000	0,098873
171,110000	0,096961
171,120000	0,095686
171,130000	0,096961
171,140000	0,096323
171,150000	0,097598
171,160000	0,100148
171,170000	0,096961
171,180000	0,096323
171,190000	0,094411
171,200000	0,095049
171,210000	0,099510
171,220000	0,095049
171,230000	0,097598
171,240000	0,098873
171,250000	0,096961
171,260000	0,097598
171,270000	0,096961
171,280000	0,098235
171,290000	0,094411
171,300000	0,100785
171,310000	0,102060
171,320000	0,100785
171,330000	0,092499
171,340000	0,096961
171,350000	0,096961
171,360000	0,100148
171,370000	0,099510
171,380000	0,099510
171,390000	0,100785
171,400000	0,098873
171,410000	0,100148
171,420000	0,096961
171,430000	0,098235
171,440000	0,099510
171,450000	0,099510
171,460000	0,099510
171,470000	0,096961
171,480000	0,098873
171,490000	0,101422
171,500000	0,099510
171,510000	0,098235
171,520000	0,094411
171,530000	0,096961
171,540000	0,096961
171,550000	0,098235
171,560000	0,092499
171,570000	0,098235
171,580000	0,099510
171,590000	0,092499
171,600000	0,096961
171,610000	0,096323
171,620000	0,100785
171,630000	0,098873
171,640000	0,100785
171,650000	0,099510
171,660000	0,097598
171,670000	0,095049
171,680000	0,096323
171,690000	0,099510
171,700000	0,096961
171,710000	0,098235
171,720000	0,089312
171,730000	0,094411
171,740000	0,099510
171,750000	0,097598
171,760000	0,088038
171,770000	0,095049
171,780000	0,086763
171,790000	0,091862
171,800000	0,091862
171,810000	0,100785
171,820000	0,093137
171,830000	0,100148
171,840000	0,095049
171,850000	0,099510
171,860000	0,098873
171,870000	0,098235
171,880000	0,100148
171,890000	0,100785
171,900000	0,095686
171,910000	0,097598
171,920000	0,097598
171,930000	0,103972
171,940000	0,096961
171,950000	0,096323
171,960000	0,093774
171,970000	0,091224
171,980000	0,090587
171,990000	0,095049
172,000000	0,092499
172,010000	0,093774
172,020000	0,096323
172,030000	0,100785
172,040000	0,095686
172,050000	0,098235
172,060000	0,093774
172,070000	0,097598
172,080000	0,094411
172,090000	0,095686
172,100000	0,099510
172,110000	0,095686
172,120000	0,094411
172,130000	0,095686
172,140000	0,094411
172,150000	0,097598
172,160000	0,095049
172,170000	0,100148
172,180000	0,097598
172,190000	0,099510
172,200000	0,095686
172,210000	0,096323
172,220000	0,095686
172,230000	0,094411
172,240000	0,095049
172,250000	0,095686
172,260000	0,093774
172,270000	0,096323
172,280000	0,096961
172,290000	0,096323
172,300000	0,096961
172,310000	0,096961
172,320000	0,099510
172,330000	0,093774
172,340000	0,102697
172,350000	0,097598
172,360000	0,098873
172,370000	0,098873
172,380000	0,094411
172,390000	0,101422
172,400000	0,096961
172,410000	0,095049
172,420000	0,100148
172,430000	0,098873
172,440000	0,095049
172,450000	0,095686
172,460000	0,091224
172,470000	0,095686
172,480000	0,098873
172,490000	0,094411
172,500000	0,096961
172,510000	0,096961
172,520000	0,097598
172,530000	0,097598
172,540000	0,096961
172,550000	0,096961
172,560000	0,093774
172,570000	0,093137
172,580000	0,091862
172,590000	0,091862
172,600000	0,097598
172,610000	0,091224
172,620000	0,090587
172,630000	0,093774
172,640000	0,093774
172,650000	0,091224
172,660000	0,089312
172,670000	0,091862
172,680000	0,096323
172,690000	0,093137
172,700000	0,098235
172,710000	0,094411
172,720000	0,091862
172,730000	0,091862
172,740000	0,094411
172,750000	0,088038
172,760000	0,091224
172,770000	0,086126
172,780000	0,092499
172,790000	0,091862
172,800000	0,092499
172,810000	0,095686
172,820000	0,093774
172,830000	0,096323
172,840000	0,092499
172,850000	0,092499
172,860000	0,091862
172,870000	0,089312
172,880000	0,091862
172,890000	0,093774
172,900000	0,082301
172,910000	0,091862
172,920000	0,081664
172,930000	0,089950
172,940000	0,083576
172,950000	0,087400
172,960000	0,086126
172,970000	0,097598
172,980000	0,086763
172,990000	0,101422
173,000000	0,089312
173,010000	0,093774
173,020000	0,091224
173,030000	0,084213
173,040000	0,093774
173,050000	0,089950
173,060000	0,086763
173,070000	0,085488
173,080000	0,081027
173,090000	0,087400
173,100000	0,104609
173,110000	0,088675
173,120000	0,110345
173,130000	0,094411
173,140000	0,116719
173,150000	0,107159
173,160000	0,117994
173,170000	0,114170
173,180000	0,107796
173,190000	0,105884
173,200000	0,098235
173,210000	0,082939
173,220000	0,095686
173,230000	0,081664
173,240000	0,088038
173,250000	0,084213
173,260000	0,093774
173,270000	0,082939
173,280000	0,093774
173,290000	0,083576
173,300000	0,093774
173,310000	0,094411
173,320000	0,095686
173,330000	0,101422
173,340000	0,096961
173,350000	0,097598
173,360000	0,102060
173,370000	0,090587
173,380000	0,095686
173,390000	0,092499
173,400000	0,093137
173,410000	0,089312
173,420000	0,095049
173,430000	0,088675
173,440000	0,087400
173,450000	0,091862
173,460000	0,091224
173,470000	0,093774
173,480000	0,091862
173,490000	0,094411
173,500000	0,091862
173,510000	0,090587
173,520000	0,093137
173,530000	0,091862
173,540000	0,090587
173,550000	0,092499
173,560000	0,095049
173,570000	0,094411
173,580000	0,092499
173,590000	0,093774
173,600000	0,093137
173,610000	0,091224
173,620000	0,090587
173,630000	0,093774
173,640000	0,096323
173,650000	0,091862
173,660000	0,095049
173,670000	0,093774
173,680000	0,095686
173,690000	0,091224
173,700000	0,093774
173,710000	0,095686
173,720000	0,092499
173,730000	0,092499
173,740000	0,091224
173,750000	0,090587
173,760000	0,089312
173,770000	0,090587
173,780000	0,094411
173,790000	0,088675
173,800000	0,089312
173,810000	0,092499
173,820000	0,094411
173,830000	0,090587
173,840000	0,091862
173,850000	0,093137
173,860000	0,095686
173,870000	0,089312
173,880000	0,093137
173,890000	0,091862
173,900000	0,094411
173,910000	0,089312
173,920000	0,093774
173,930000	0,089950
173,940000	0,092499
173,950000	0,091862
173,960000	0,095686
173,970000	0,094411
173,980000	0,093774
173,990000	0,096323
174,000000	0,099510
174,010000	0,096323
174,020000	0,099510
174,030000	0,096323
174,040000	0,092499
174,050000	0,096323
174,060000	0,088675
174,070000	0,094411
174,080000	0,087400
174,090000	0,091224
174,100000	0,093774
174,110000	0,096323
174,120000	0,093774
174,130000	0,098873
174,140000	0,097598
174,150000	0,105884
174,160000	0,095686
174,170000	0,098873
174,180000	0,095686
174,190000	0,099510
174,200000	0,098873
174,210000	0,098873
174,220000	0,096961
174,230000	0,091224
174,240000	0,091224
174,250000	0,091224
174,260000	0,103334
174,270000	0,091224
174,280000	0,108433
174,290000	0,093774
174,300000	0,111620
174,310000	0,098235
174,320000	0,110983
174,330000	0,105246
174,340000	0,100785
174,350000	0,096323
174,360000	0,102697
174,370000	0,074653
174,380000	0,095686
174,390000	0,086763
174,400000	0,093137
174,410000	0,081664
174,420000	0,098873
174,430000	0,091224
174,440000	0,108433
174,450000	0,104609
174,460000	0,122455
174,470000	0,098873
174,480000	0,096961
174,490000	0,100785
174,500000	0,081027
174,510000	0,091224
174,520000	0,052345
174,530000	0,081664
174,540000	0,069554
174,550000	0,078477
174,560000	0,087400
174,570000	0,081027
174,580000	0,086763
174,590000	0,115444
174,600000	0,100785
174,610000	0,125642
174,620000	0,089312
174,630000	0,109708
174,640000	0,102060
174,650000	0,107159
174,660000	0,110983
174,670000	0,106521
174,680000	0,100148
174,690000	0,093774
174,700000	0,077840
174,710000	0,096961
174,720000	0,089312
174,730000	0,098235
174,740000	0,087400
174,750000	0,100785
174,760000	0,105884
174,770000	0,091224
174,780000	0,097598
174,790000	0,101422
174,800000	0,105246
174,810000	0,110345
174,820000	0,103334
174,830000	0,102697
174,840000	0,100785
174,850000	0,107159
174,860000	0,102060
174,870000	0,099510
174,880000	0,100785
174,890000	0,099510
174,900000	0,103334
174,910000	0,093774
174,920000	0,096961
174,930000	0,092499
174,940000	0,105246
174,950000	0,102060
174,960000	0,101422
174,970000	0,101422
174,980000	0,101422
174,990000	0,098873
175,000000	0,109071
175,010000	0,101422
175,020000	0,103334
175,030000	0,104609
175,040000	0,101422
175,050000	0,102697
175,060000	0,104609
175,070000	0,103972
175,080000	0,102060
175,090000	0,105884
175,100000	0,107796
175,110000	0,107159
175,120000	0,106521
175,130000	0,107796
175,140000	0,106521
175,150000	0,103972
175,160000	0,107159
175,170000	0,106521
175,180000	0,109708
175,190000	0,109071
175,200000	0,105246
175,210000	0,109071
175,220000	0,103972
175,230000	0,102060
175,240000	0,109708
175,250000	0,112258
175,260000	0,107159
175,270000	0,110345
175,280000	0,111620
175,290000	0,112258
175,300000	0,107796
175,310000	0,109708
175,320000	0,110345
175,330000	0,113532
175,340000	0,109708
175,350000	0,103972
175,360000	0,111620
175,370000	0,112258
175,380000	0,112258
175,390000	0,114807
175,400000	0,107796
175,410000	0,116719
175,420000	0,118631
175,430000	0,112895
175,440000	0,123093
175,450000	0,111620
175,460000	0,121818
175,470000	0,110983
175,480000	0,113532
175,490000	0,116719
175,500000	0,114170
175,510000	0,110983
175,520000	0,110983
175,530000	0,097598
175,540000	0,117994
175,550000	0,112895
175,560000	0,117994
175,570000	0,109708
175,580000	0,109071
175,590000	0,110983
175,600000	0,112258
175,610000	0,109071
175,620000	0,126280
175,630000	0,110983
175,640000	0,117356
175,650000	0,112895
175,660000	0,104609
175,670000	0,107159
175,680000	0,105884
175,690000	0,123730
175,700000	0,126917
175,710000	0,122455
175,720000	0,123730
175,730000	0,140302
175,740000	0,110983
175,750000	0,117994
175,760000	0,114807
175,770000	0,139664
175,780000	0,117356
175,790000	0,130104
175,800000	0,142214
175,810000	0,125005
175,820000	0,114807
175,830000	0,134565
175,840000	0,104609
175,850000	0,130741
175,860000	0,162609
175,870000	0,137752
175,880000	0,183643
175,890000	0,117994
175,900000	0,133291
175,910000	0,130104
175,920000	0,138390
175,930000	0,171533
175,940000	0,156236
175,950000	0,095686
175,960000	0,156873
175,970000	0,096323
175,980000	0,173445
175,990000	0,104609
176,000000	0,114170
176,010000	0,094411
176,020000	0,112258
176,030000	0,099510
176,040000	0,110345
176,050000	0,159423
176,060000	0,132653
176,070000	0,171533
176,080000	0,144763
176,090000	0,165159
176,100000	0,138390
176,110000	0,136477
176,120000	0,183005
176,130000	0,139027
176,140000	0,112258
176,150000	0,135840
176,160000	0,121818
176,170000	0,127554
176,180000	0,139664
176,190000	0,141576
176,200000	0,136477
176,210000	0,135203
176,220000	0,151774
176,230000	0,140939
176,240000	0,133928
176,250000	0,142851
176,260000	0,163884
176,270000	0,147313
176,280000	0,145401
176,290000	0,146038
176,300000	0,144126
176,310000	0,146038
176,320000	0,147313
176,330000	0,151137
176,340000	0,150499
176,350000	0,143488
176,360000	0,146038
176,370000	0,149225
176,380000	0,154961
176,390000	0,156873
176,400000	0,150499
176,410000	0,160060
176,420000	0,144763
176,430000	0,158148
176,440000	0,145401
176,450000	0,159423
176,460000	0,147313
176,470000	0,157511
176,480000	0,158148
176,490000	0,150499
176,500000	0,158148
176,510000	0,155598
176,520000	0,161335
176,530000	0,161972
176,540000	0,162609
176,550000	0,168346
176,560000	0,167071
176,570000	0,158785
176,580000	0,168983
176,590000	0,154324
176,600000	0,168346
176,610000	0,160060
176,620000	0,163247
176,630000	0,163884
176,640000	0,154961
176,650000	0,170258
176,660000	0,169620
176,670000	0,168983
176,680000	0,162609
176,690000	0,163884
176,700000	0,170895
176,710000	0,177906
176,720000	0,171533
176,730000	0,172807
176,740000	0,167071
176,750000	0,167708
176,760000	0,168346
176,770000	0,166434
176,780000	0,171533
176,790000	0,175357
176,800000	0,164522
176,810000	0,170258
176,820000	0,179818
176,830000	0,177906
176,840000	0,181730
176,850000	0,177906
176,860000	0,176631
176,870000	0,174719
176,880000	0,173445
176,890000	0,199577
176,900000	0,181093
176,910000	0,174719
176,920000	0,180456
176,930000	0,175994
176,940000	0,191291
176,950000	0,188104
176,960000	0,188104
176,970000	0,193203
176,980000	0,175357
176,990000	0,196390
177,000000	0,192566
177,010000	0,193840
177,020000	0,202126
177,030000	0,186829
177,040000	0,186192
177,050000	0,173445
177,060000	0,180456
177,070000	0,191291
177,080000	0,170895
177,090000	0,204038
177,100000	0,181730
177,110000	0,166434
177,120000	0,194478
177,130000	0,225071
177,140000	0,190654
177,150000	0,219335
177,160000	0,197665
177,170000	0,188104
177,180000	0,192566
177,190000	0,168346
177,200000	0,183643
177,210000	0,177906
177,220000	0,101422
177,230000	0,183643
177,240000	0,103334
177,250000	0,195752
177,260000	0,149225
177,270000	0,202126
177,280000	0,195752
177,290000	0,150499
177,300000	0,216786
177,310000	0,208500
177,320000	0,179181
177,330000	0,227621
177,340000	0,157511
177,350000	0,232082
177,360000	0,249291
177,370000	0,222522
177,380000	0,180456
177,390000	0,223159
177,400000	0,269050
177,410000	0,219335
177,420000	0,200851
177,430000	0,218698
177,440000	0,184280
177,450000	0,128829
177,460000	0,188104
177,470000	0,140302
177,480000	0,189379
177,490000	0,133928
177,500000	0,201489
177,510000	0,216786
177,520000	0,172807
177,530000	0,200214
177,540000	0,226983
177,550000	0,219335
177,560000	0,223159
177,570000	0,200851
177,580000	0,205950
177,590000	0,170258
177,600000	0,211687
177,610000	0,183005
177,620000	0,198302
177,630000	0,193840
177,640000	0,192566
177,650000	0,193840
177,660000	0,170895
177,670000	0,203401
177,680000	0,184917
177,690000	0,200214
177,700000	0,197665
177,710000	0,196390
177,720000	0,198302
177,730000	0,193203
177,740000	0,193203
177,750000	0,216148
177,760000	0,190654
177,770000	0,203401
177,780000	0,188741
177,790000	0,189379
177,800000	0,197665
177,810000	0,193840
177,820000	0,199577
177,830000	0,193840
177,840000	0,193840
177,850000	0,197665
177,860000	0,188741
177,870000	0,186829
177,880000	0,193840
177,890000	0,190016
177,900000	0,191291
177,910000	0,193203
177,920000	0,184280
177,930000	0,198302
177,940000	0,175357
177,950000	0,198939
177,960000	0,178544
177,970000	0,196390
177,980000	0,185555
177,990000	0,188741
178,000000	0,184280
178,010000	0,181730
178,020000	0,190016
178,030000	0,186829
178,040000	0,184917
178,050000	0,177906
178,060000	0,186829
178,070000	0,176631
178,080000	0,181093
178,090000	0,179818
178,100000	0,177906
178,110000	0,183643
178,120000	0,179818
178,130000	0,175994
178,140000	0,188104
178,150000	0,172807
178,160000	0,187467
178,170000	0,161972
178,180000	0,151774
178,190000	0,169620
178,200000	0,141576
178,210000	0,171533
178,220000	0,150499
178,230000	0,177906
178,240000	0,180456
178,250000	0,170258
178,260000	0,177269
178,270000	0,174082
178,280000	0,174082
178,290000	0,180456
178,300000	0,161335
178,310000	0,179181
178,320000	0,154324
178,330000	0,163884
178,340000	0,161335
178,350000	0,161335
178,360000	0,163884
178,370000	0,154324
178,380000	0,139664
178,390000	0,166434
178,400000	0,209137
178,410000	0,165796
178,420000	0,153049
178,430000	0,145401
178,440000	0,163247
178,450000	0,139664
178,460000	0,143488
178,470000	0,152412
178,480000	0,135840
178,490000	0,121181
178,500000	0,138390
178,510000	0,120543
178,520000	0,161335
178,530000	0,135203
178,540000	0,165796
178,550000	0,167071
178,560000	0,162609
178,570000	0,147950
178,580000	0,202126
178,590000	0,165159
178,600000	0,175357
178,610000	0,137752
178,620000	0,195752
178,630000	0,133291
178,640000	0,163884
178,650000	0,151774
178,660000	0,161335
178,670000	0,163884
178,680000	0,175994
178,690000	0,099510
178,700000	0,164522
178,710000	0,126917
178,720000	0,150499
178,730000	0,126280
178,740000	0,132653
178,750000	0,102060
178,760000	0,105884
178,770000	0,119906
178,780000	0,153049
178,790000	0,120543
178,800000	0,197027
178,810000	0,135203
178,820000	0,153049
178,830000	0,138390
178,840000	0,178544
178,850000	0,130741
178,860000	0,132016
178,870000	0,142851
178,880000	0,132016
178,890000	0,126280
178,900000	0,126280
178,910000	0,113532
178,920000	0,118631
178,930000	0,118631
178,940000	0,132653
178,950000	0,124367
178,960000	0,128829
178,970000	0,142851
178,980000	0,129466
178,990000	0,159423
179,000000	0,131379
179,010000	0,129466
179,020000	0,126280
179,030000	0,126280
179,040000	0,128192
179,050000	0,126917
179,060000	0,125005
179,070000	0,130104
179,080000	0,128829
179,090000	0,123730
179,100000	0,128829
179,110000	0,127554
179,120000	0,126917
179,130000	0,125642
179,140000	0,120543
179,150000	0,125642
179,160000	0,117356
179,170000	0,120543
179,180000	0,125005
179,190000	0,119906
179,200000	0,117994
179,210000	0,125005
179,220000	0,121181
179,230000	0,130741
179,240000	0,116719
179,250000	0,122455
179,260000	0,116082
179,270000	0,127554
179,280000	0,116082
179,290000	0,125005
179,300000	0,119906
179,310000	0,117994
179,320000	0,117994
179,330000	0,119906
179,340000	0,117994
179,350000	0,121818
179,360000	0,121181
179,370000	0,118631
179,380000	0,120543
179,390000	0,120543
179,400000	0,119269
179,410000	0,121818
179,420000	0,122455
179,430000	0,116082
179,440000	0,116082
179,450000	0,112895
179,460000	0,115444
179,470000	0,118631
179,480000	0,122455
179,490000	0,120543
179,500000	0,121818
179,510000	0,123093
179,520000	0,123730
179,530000	0,121818
179,540000	0,128829
179,550000	0,117994
179,560000	0,110345
179,570000	0,115444
179,580000	0,114170
179,590000	0,118631
179,600000	0,111620
179,610000	0,113532
179,620000	0,108433
179,630000	0,123730
179,640000	0,116719
179,650000	0,125642
179,660000	0,117356
179,670000	0,117994
179,680000	0,116082
179,690000	0,114170
179,700000	0,118631
179,710000	0,109708
179,720000	0,110983
179,730000	0,112258
179,740000	0,099510
179,750000	0,116719
179,760000	0,130104
179,770000	0,112258
179,780000	0,135203
179,790000	0,117356
179,800000	0,132653
179,810000	0,113532
179,820000	0,120543
179,830000	0,107159
179,840000	0,117994
179,850000	0,093774
179,860000	0,107159
179,870000	0,095049
179,880000	0,103334
179,890000	0,108433
179,900000	0,101422
179,910000	0,115444
179,920000	0,102697
179,930000	0,113532
179,940000	0,123730
179,950000	0,117356
179,960000	0,121818
179,970000	0,112258
179,980000	0,116719
179,990000	0,112258
180,000000	0,112895
180,010000	0,109708
180,020000	0,106521
180,030000	0,109708
180,040000	0,103334
180,050000	0,109071
180,060000	0,103334
180,070000	0,103972
180,080000	0,102697
180,090000	0,107796
180,100000	0,103972
180,110000	0,108433
180,120000	0,102060
180,130000	0,114807
180,140000	0,108433
180,150000	0,107796
180,160000	0,101422
180,170000	0,105246
180,180000	0,102697
180,190000	0,107159
180,200000	0,103334
180,210000	0,105884
180,220000	0,105884
180,230000	0,107159
180,240000	0,107796
180,250000	0,105884
180,260000	0,104609
180,270000	0,107796
180,280000	0,108433
180,290000	0,107159
180,300000	0,107159
180,310000	0,107796
180,320000	0,109071
180,330000	0,103972
180,340000	0,105884
180,350000	0,107159
180,360000	0,104609
180,370000	0,103972
180,380000	0,105246
180,390000	0,102060
180,400000	0,102060
180,410000	0,102697
180,420000	0,103334
180,430000	0,103972
180,440000	0,105884
180,450000	0,110345
180,460000	0,103972
180,470000	0,103334
180,480000	0,102060
180,490000	0,103334
180,500000	0,103334
180,510000	0,105884
180,520000	0,104609
180,530000	0,102060
180,540000	0,102060
180,550000	0,107159
180,560000	0,105246
180,570000	0,102697
180,580000	0,102697
180,590000	0,107159
180,600000	0,099510
180,610000	0,102697
180,620000	0,102060
180,630000	0,100785
180,640000	0,096961
180,650000	0,102697
180,660000	0,103972
180,670000	0,102697
180,680000	0,100785
180,690000	0,100785
180,700000	0,100785
180,710000	0,102060
180,720000	0,096961
180,730000	0,102060
180,740000	0,097598
180,750000	0,098873
180,760000	0,095686
180,770000	0,094411
180,780000	0,100785
180,790000	0,097598
180,800000	0,097598
180,810000	0,100785
180,820000	0,102060
180,830000	0,097598
180,840000	0,096961
180,850000	0,096961
180,860000	0,098235
180,870000	0,098235
180,880000	0,098235
180,890000	0,097598
180,900000	0,098235
180,910000	0,100148
180,920000	0,103972
180,930000	0,097598
180,940000	0,099510
180,950000	0,096961
180,960000	0,100785
180,970000	0,098235
180,980000	0,099510
180,990000	0,096961
181,000000	0,096961
181,010000	0,096961
181,020000	0,097598
181,030000	0,102697
181,040000	0,098235
181,050000	0,105884
181,060000	0,096323
181,070000	0,101422
181,080000	0,098235
181,090000	0,100785
181,100000	0,100785
181,110000	0,099510
181,120000	0,095686
181,130000	0,097598
181,140000	0,095049
181,150000	0,096961
181,160000	0,093137
181,170000	0,100785
181,180000	0,093774
181,190000	0,093774
181,200000	0,100148
181,210000	0,093774
181,220000	0,100148
181,230000	0,095049
181,240000	0,093774
181,250000	0,096961
181,260000	0,098235
181,270000	0,095686
181,280000	0,091862
181,290000	0,093774
181,300000	0,093774
181,310000	0,098873
181,320000	0,093137
181,330000	0,094411
181,340000	0,094411
181,350000	0,098235
181,360000	0,093774
181,370000	0,100148
181,380000	0,093137
181,390000	0,096961
181,400000	0,096323
181,410000	0,096961
181,420000	0,096961
181,430000	0,096961
181,440000	0,096323
181,450000	0,096961
181,460000	0,095686
181,470000	0,094411
181,480000	0,096961
181,490000	0,098873
181,500000	0,096323
181,510000	0,096961
181,520000	0,099510
181,530000	0,097598
181,540000	0,102060
181,550000	0,093774
181,560000	0,095049
181,570000	0,091862
181,580000	0,096961
181,590000	0,095686
181,600000	0,094411
181,610000	0,093137
181,620000	0,095686
181,630000	0,093774
181,640000	0,091224
181,650000	0,096323
181,660000	0,100148
181,670000	0,094411
181,680000	0,099510
181,690000	0,098235
181,700000	0,096323
181,710000	0,093137
181,720000	0,097598
181,730000	0,096323
181,740000	0,096323
181,750000	0,093774
181,760000	0,096961
181,770000	0,096323
181,780000	0,093774
181,790000	0,100785
181,800000	0,095049
181,810000	0,096961
181,820000	0,096323
181,830000	0,094411
181,840000	0,097598
181,850000	0,096961
181,860000	0,094411
181,870000	0,094411
181,880000	0,096961
181,890000	0,096323
181,900000	0,096323
181,910000	0,096323
181,920000	0,097598
181,930000	0,097598
181,940000	0,095686
181,950000	0,096323
181,960000	0,097598
181,970000	0,100785
181,980000	0,095686
181,990000	0,096323
182,000000	0,096323
182,010000	0,095686
182,020000	0,097598
182,030000	0,096323
182,040000	0,098873
182,050000	0,095686
182,060000	0,099510
182,070000	0,098235
182,080000	0,093137
182,090000	0,097598
182,100000	0,099510
182,110000	0,097598
182,120000	0,096961
182,130000	0,098235
182,140000	0,093137
182,150000	0,099510
182,160000	0,091224
182,170000	0,096961
182,180000	0,096323
182,190000	0,098873
182,200000	0,097598
182,210000	0,098235
182,220000	0,093774
182,230000	0,095049
182,240000	0,092499
182,250000	0,099510
182,260000	0,094411
182,270000	0,096961
182,280000	0,094411
182,290000	0,095686
182,300000	0,096961
182,310000	0,096961
182,320000	0,097598
182,330000	0,098235
182,340000	0,093137
182,350000	0,094411
182,360000	0,095686
182,370000	0,096323
182,380000	0,095049
182,390000	0,095049
182,400000	0,095049
182,410000	0,096323
182,420000	0,095686
182,430000	0,094411
182,440000	0,095686
182,450000	0,093774
182,460000	0,098235
182,470000	0,096961
182,480000	0,096323
182,490000	0,093137
182,500000	0,096323
182,510000	0,093774
182,520000	0,098235
182,530000	0,096323
182,540000	0,092499
182,550000	0,100785
182,560000	0,093137
182,570000	0,099510
182,580000	0,093774
182,590000	0,096323
182,600000	0,094411
182,610000	0,095686
182,620000	0,096323
182,630000	0,092499
182,640000	0,092499
182,650000	0,095049
182,660000	0,093137
182,670000	0,095686
182,680000	0,092499
182,690000	0,097598
182,700000	0,096961
182,710000	0,094411
182,720000	0,091224
182,730000	0,097598
182,740000	0,095686
182,750000	0,091862
182,760000	0,093137
182,770000	0,091862
182,780000	0,090587
182,790000	0,093774
182,800000	0,092499
182,810000	0,090587
182,820000	0,090587
182,830000	0,093137
182,840000	0,089312
182,850000	0,091862
182,860000	0,093137
182,870000	0,094411
182,880000	0,091224
182,890000	0,091224
182,900000	0,091862
182,910000	0,091224
182,920000	0,092499
182,930000	0,093774
182,940000	0,095686
182,950000	0,091224
182,960000	0,091224
182,970000	0,092499
182,980000	0,092499
182,990000	0,091862
183,000000	0,092499
183,010000	0,092499
183,020000	0,091224
183,030000	0,091224
183,040000	0,092499
183,050000	0,092499
183,060000	0,091224
183,070000	0,091224
183,080000	0,093137
183,090000	0,086763
183,100000	0,090587
183,110000	0,093774
183,120000	0,091224
183,130000	0,090587
183,140000	0,091224
183,150000	0,091224
183,160000	0,091224
183,170000	0,092499
183,180000	0,088675
183,190000	0,091862
183,200000	0,089312
183,210000	0,091224
183,220000	0,089312
183,230000	0,092499
183,240000	0,090587
183,250000	0,093774
183,260000	0,088038
183,270000	0,091862
183,280000	0,089950
183,290000	0,093137
183,300000	0,089950
183,310000	0,092499
183,320000	0,091224
183,330000	0,091224
183,340000	0,091862
183,350000	0,091862
183,360000	0,091862
183,370000	0,091862
183,380000	0,090587
183,390000	0,091224
183,400000	0,089950
183,410000	0,090587
183,420000	0,089950
183,430000	0,093137
183,440000	0,091862
183,450000	0,092499
183,460000	0,088675
183,470000	0,090587
183,480000	0,090587
183,490000	0,095049
183,500000	0,094411
183,510000	0,090587
183,520000	0,091862
183,530000	0,092499
183,540000	0,090587
183,550000	0,093137
183,560000	0,091224
183,570000	0,093137
183,580000	0,093137
183,590000	0,091862
183,600000	0,090587
183,610000	0,091862
183,620000	0,095049
183,630000	0,089312
183,640000	0,093137
183,650000	0,089950
183,660000	0,091862
183,670000	0,091862
183,680000	0,091224
183,690000	0,092499
183,700000	0,091862
183,710000	0,088675
183,720000	0,090587
183,730000	0,092499
183,740000	0,093137
183,750000	0,091224
183,760000	0,089312
183,770000	0,093137
183,780000	0,095049
183,790000	0,091862
183,800000	0,093137
183,810000	0,094411
183,820000	0,094411
183,830000	0,090587
183,840000	0,094411
183,850000	0,091224
183,860000	0,089950
183,870000	0,091862
183,880000	0,093774
183,890000	0,095686
183,900000	0,094411
183,910000	0,093774
183,920000	0,093774
183,930000	0,094411
183,940000	0,092499
183,950000	0,093774
183,960000	0,094411
183,970000	0,093137
183,980000	0,094411
183,990000	0,093774
184,000000	0,095686
184,010000	0,092499
184,020000	0,092499
184,030000	0,094411
184,040000	0,094411
184,050000	0,095686
184,060000	0,096323
184,070000	0,095686
184,080000	0,094411
184,090000	0,093774
184,100000	0,096323
184,110000	0,095049
184,120000	0,096961
184,130000	0,092499
184,140000	0,096961
184,150000	0,095686
184,160000	0,092499
184,170000	0,095686
184,180000	0,095686
184,190000	0,095686
184,200000	0,095049
184,210000	0,097598
184,220000	0,093137
184,230000	0,096961
184,240000	0,094411
184,250000	0,095686
184,260000	0,096961
184,270000	0,094411
184,280000	0,092499
184,290000	0,095686
184,300000	0,095049
184,310000	0,097598
184,320000	0,093774
184,330000	0,097598
184,340000	0,097598
184,350000	0,093774
184,360000	0,096323
184,370000	0,096961
184,380000	0,096961
184,390000	0,097598
184,400000	0,095686
184,410000	0,097598
184,420000	0,096323
184,430000	0,096961
184,440000	0,095686
184,450000	0,097598
184,460000	0,096323
184,470000	0,098873
184,480000	0,093137
184,490000	0,096961
184,500000	0,093137
184,510000	0,096961
184,520000	0,096961
184,530000	0,098873
184,540000	0,098873
184,550000	0,099510
184,560000	0,095049
184,570000	0,098235
184,580000	0,096961
184,590000	0,101422
184,600000	0,095049
184,610000	0,099510
184,620000	0,096961
184,630000	0,096961
184,640000	0,099510
184,650000	0,098873
184,660000	0,099510
184,670000	0,101422
184,680000	0,096323
184,690000	0,099510
184,700000	0,099510
184,710000	0,100148
184,720000	0,096961
184,730000	0,098235
184,740000	0,095686
184,750000	0,099510
184,760000	0,098873
184,770000	0,098873
184,780000	0,097598
184,790000	0,102060
184,800000	0,101422
184,810000	0,102060
184,820000	0,100148
184,830000	0,100785
184,840000	0,100785
184,850000	0,101422
184,860000	0,099510
184,870000	0,100148
184,880000	0,102697
184,890000	0,102060
184,900000	0,102060
184,910000	0,102697
184,920000	0,101422
184,930000	0,101422
184,940000	0,102060
184,950000	0,099510
184,960000	0,103972
184,970000	0,101422
184,980000	0,102697
184,990000	0,102697
185,000000	0,107159
185,010000	0,098873
185,020000	0,104609
185,030000	0,100785
185,040000	0,103972
185,050000	0,100785
185,060000	0,105884
185,070000	0,101422
185,080000	0,102060
185,090000	0,102060
185,100000	0,105246
185,110000	0,103334
185,120000	0,103972
185,130000	0,102060
185,140000	0,103334
185,150000	0,107159
185,160000	0,105246
185,170000	0,107796
185,180000	0,106521
185,190000	0,106521
185,200000	0,107159
185,210000	0,105884
185,220000	0,107159
185,230000	0,106521
185,240000	0,109071
185,250000	0,105246
185,260000	0,106521
185,270000	0,104609
185,280000	0,109708
185,290000	0,107159
185,300000	0,105246
185,310000	0,107159
185,320000	0,110345
185,330000	0,109071
185,340000	0,111620
185,350000	0,110345
185,360000	0,113532
185,370000	0,107796
185,380000	0,107796
185,390000	0,107159
185,400000	0,110983
185,410000	0,108433
185,420000	0,111620
185,430000	0,107796
185,440000	0,114170
185,450000	0,115444
185,460000	0,112258
185,470000	0,111620
185,480000	0,111620
185,490000	0,112258
185,500000	0,112258
185,510000	0,114807
185,520000	0,113532
185,530000	0,112895
185,540000	0,113532
185,550000	0,112895
185,560000	0,114807
185,570000	0,114807
185,580000	0,116719
185,590000	0,116719
185,600000	0,113532
185,610000	0,117356
185,620000	0,116719
185,630000	0,116719
185,640000	0,116082
185,650000	0,119906
185,660000	0,117356
185,670000	0,121818
185,680000	0,117994
185,690000	0,121181
185,700000	0,117994
185,710000	0,122455
185,720000	0,119906
185,730000	0,120543
185,740000	0,114170
185,750000	0,119269
185,760000	0,122455
185,770000	0,124367
185,780000	0,121181
185,790000	0,126917
185,800000	0,124367
185,810000	0,125005
185,820000	0,125005
185,830000	0,127554
185,840000	0,125005
185,850000	0,126280
185,860000	0,127554
185,870000	0,126917
185,880000	0,124367
185,890000	0,131379
185,900000	0,125005
185,910000	0,131379
185,920000	0,127554
185,930000	0,132016
185,940000	0,127554
185,950000	0,133291
185,960000	0,128192
185,970000	0,132653
185,980000	0,133928
185,990000	0,132653
186,000000	0,131379
186,010000	0,135203
186,020000	0,131379
186,030000	0,139027
186,040000	0,136477
186,050000	0,135203
186,060000	0,132653
186,070000	0,137115
186,080000	0,134565
186,090000	0,135840
186,100000	0,139027
186,110000	0,137752
186,120000	0,132016
186,130000	0,142851
186,140000	0,137752
186,150000	0,141576
186,160000	0,140302
186,170000	0,140302
186,180000	0,140302
186,190000	0,140939
186,200000	0,142851
186,210000	0,142851
186,220000	0,142851
186,230000	0,145401
186,240000	0,144763
186,250000	0,141576
186,260000	0,144126
186,270000	0,146038
186,280000	0,148587
186,290000	0,146038
186,300000	0,147950
186,310000	0,151137
186,320000	0,148587
186,330000	0,153049
186,340000	0,154324
186,350000	0,152412
186,360000	0,151774
186,370000	0,153049
186,380000	0,153686
186,390000	0,155598
186,400000	0,154961
186,410000	0,158148
186,420000	0,157511
186,430000	0,159423
186,440000	0,156873
186,450000	0,158148
186,460000	0,160060
186,470000	0,156873
186,480000	0,155598
186,490000	0,161972
186,500000	0,161335
186,510000	0,165159
186,520000	0,159423
186,530000	0,163247
186,540000	0,158785
186,550000	0,164522
186,560000	0,163247
186,570000	0,167071
186,580000	0,160060
186,590000	0,165159
186,600000	0,163884
186,610000	0,170258
186,620000	0,167708
186,630000	0,170895
186,640000	0,164522
186,650000	0,170895
186,660000	0,168346
186,670000	0,169620
186,680000	0,167708
186,690000	0,173445
186,700000	0,167708
186,710000	0,167708
186,720000	0,169620
186,730000	0,173445
186,740000	0,175357
186,750000	0,171533
186,760000	0,175357
186,770000	0,173445
186,780000	0,172170
186,790000	0,175994
186,800000	0,175357
186,810000	0,175994
186,820000	0,176631
186,830000	0,175994
186,840000	0,179181
186,850000	0,179818
186,860000	0,175994
186,870000	0,180456
186,880000	0,177906
186,890000	0,178544
186,900000	0,179181
186,910000	0,180456
186,920000	0,179181
186,930000	0,181093
186,940000	0,181730
186,950000	0,183005
186,960000	0,181093
186,970000	0,183643
186,980000	0,184280
186,990000	0,186192
187,000000	0,180456
187,010000	0,183643
187,020000	0,183005
187,030000	0,184280
187,040000	0,184917
187,050000	0,185555
187,060000	0,183643
187,070000	0,186829
187,080000	0,184280
187,090000	0,188741
187,100000	0,184280
187,110000	0,188104
187,120000	0,184280
187,130000	0,187467
187,140000	0,186829
187,150000	0,187467
187,160000	0,187467
187,170000	0,187467
187,180000	0,189379
187,190000	0,188741
187,200000	0,191928
187,210000	0,189379
187,220000	0,189379
187,230000	0,186829
187,240000	0,190654
187,250000	0,191291
187,260000	0,191291
187,270000	0,193840
187,280000	0,188741
187,290000	0,191291
187,300000	0,193203
187,310000	0,191928
187,320000	0,195115
187,330000	0,192566
187,340000	0,197027
187,350000	0,195752
187,360000	0,192566
187,370000	0,193840
187,380000	0,193203
187,390000	0,194478
187,400000	0,193840
187,410000	0,193840
187,420000	0,197665
187,430000	0,193203
187,440000	0,195115
187,450000	0,194478
187,460000	0,193840
187,470000	0,197027
187,480000	0,197027
187,490000	0,193840
187,500000	0,192566
187,510000	0,197665
187,520000	0,194478
187,530000	0,193203
187,540000	0,191291
187,550000	0,196390
187,560000	0,194478
187,570000	0,193840
187,580000	0,194478
187,590000	0,191291
187,600000	0,193840
187,610000	0,193840
187,620000	0,193203
187,630000	0,192566
187,640000	0,190654
187,650000	0,193840
187,660000	0,193203
187,670000	0,193203
187,680000	0,194478
187,690000	0,193840
187,700000	0,190654
187,710000	0,193203
187,720000	0,193840
187,730000	0,193840
187,740000	0,190654
187,750000	0,194478
187,760000	0,188741
187,770000	0,190654
187,780000	0,188741
187,790000	0,193203
187,800000	0,190654
187,810000	0,191291
187,820000	0,189379
187,830000	0,191291
187,840000	0,183643
187,850000	0,190654
187,860000	0,188741
187,870000	0,190016
187,880000	0,190016
187,890000	0,189379
187,900000	0,187467
187,910000	0,189379
187,920000	0,184917
187,930000	0,189379
187,940000	0,185555
187,950000	0,188741
187,960000	0,183643
187,970000	0,185555
187,980000	0,186192
187,990000	0,185555
188,000000	0,180456
188,010000	0,187467
188,020000	0,180456
188,030000	0,184917
188,040000	0,184280
188,050000	0,184917
188,060000	0,181093
188,070000	0,179181
188,080000	0,179181
188,090000	0,181730
188,100000	0,175994
188,110000	0,179818
188,120000	0,179181
188,130000	0,179181
188,140000	0,175357
188,150000	0,178544
188,160000	0,170895
188,170000	0,175357
188,180000	0,174082
188,190000	0,178544
188,200000	0,173445
188,210000	0,173445
188,220000	0,171533
188,230000	0,170895
188,240000	0,172170
188,250000	0,170895
188,260000	0,170258
188,270000	0,171533
188,280000	0,168983
188,290000	0,168346
188,300000	0,168983
188,310000	0,163884
188,320000	0,166434
188,330000	0,165796
188,340000	0,163247
188,350000	0,165796
188,360000	0,163247
188,370000	0,163247
188,380000	0,164522
188,390000	0,162609
188,400000	0,165796
188,410000	0,160060
188,420000	0,160697
188,430000	0,160697
188,440000	0,163247
188,450000	0,159423
188,460000	0,158148
188,470000	0,156873
188,480000	0,160697
188,490000	0,154324
188,500000	0,160697
188,510000	0,153049
188,520000	0,156873
188,530000	0,151774
188,540000	0,153686
188,550000	0,153049
188,560000	0,157511
188,570000	0,149862
188,580000	0,154324
188,590000	0,151774
188,600000	0,152412
188,610000	0,151774
188,620000	0,151137
188,630000	0,150499
188,640000	0,147950
188,650000	0,147950
188,660000	0,144763
188,670000	0,147313
188,680000	0,145401
188,690000	0,144126
188,700000	0,144126
188,710000	0,146675
188,720000	0,146675
188,730000	0,143488
188,740000	0,142851
188,750000	0,142851
188,760000	0,140302
188,770000	0,142851
188,780000	0,144126
188,790000	0,142851
188,800000	0,141576
188,810000	0,135840
188,820000	0,141576
188,830000	0,138390
188,840000	0,140939
188,850000	0,139027
188,860000	0,137752
188,870000	0,136477
188,880000	0,137752
188,890000	0,135203
188,900000	0,135840
188,910000	0,136477
188,920000	0,133928
188,930000	0,132653
188,940000	0,132016
188,950000	0,134565
188,960000	0,135203
188,970000	0,134565
188,980000	0,134565
188,990000	0,133291
189,000000	0,129466
189,010000	0,133291
189,020000	0,130104
189,030000	0,132653
189,040000	0,130104
189,050000	0,131379
189,060000	0,130741
189,070000	0,130741
189,080000	0,130104
189,090000	0,132016
189,100000	0,126917
189,110000	0,132016
189,120000	0,126917
189,130000	0,131379
189,140000	0,123730
189,150000	0,129466
189,160000	0,126917
189,170000	0,130741
189,180000	0,125642
189,190000	0,125642
189,200000	0,127554
189,210000	0,125642
189,220000	0,125005
189,230000	0,123093
189,240000	0,122455
189,250000	0,124367
189,260000	0,127554
189,270000	0,121181
189,280000	0,121818
189,290000	0,121181
189,300000	0,123093
189,310000	0,121181
189,320000	0,119906
189,330000	0,122455
189,340000	0,117356
189,350000	0,119269
189,360000	0,118631
189,370000	0,121181
189,380000	0,121181
189,390000	0,122455
189,400000	0,117994
189,410000	0,120543
189,420000	0,117356
189,430000	0,120543
189,440000	0,116719
189,450000	0,120543
189,460000	0,114807
189,470000	0,118631
189,480000	0,113532
189,490000	0,116719
189,500000	0,115444
189,510000	0,115444
189,520000	0,114170
189,530000	0,118631
189,540000	0,114170
189,550000	0,117356
189,560000	0,114170
189,570000	0,117356
189,580000	0,112895
189,590000	0,116082
189,600000	0,112258
189,610000	0,116082
189,620000	0,114807
189,630000	0,116719
189,640000	0,111620
189,650000	0,112258
189,660000	0,113532
189,670000	0,114170
189,680000	0,110345
189,690000	0,114807
189,700000	0,113532
189,710000	0,112258
189,720000	0,112895
189,730000	0,114170
189,740000	0,112895
189,750000	0,109708
189,760000	0,113532
189,770000	0,110983
189,780000	0,114170
189,790000	0,113532
189,800000	0,109708
189,810000	0,114170
189,820000	0,107159
189,830000	0,113532
189,840000	0,109071
189,850000	0,110983
189,860000	0,110983
189,870000	0,107796
189,880000	0,112258
189,890000	0,110345
189,900000	0,112258
189,910000	0,112258
189,920000	0,112258
189,930000	0,109708
189,940000	0,112258
189,950000	0,109708
189,960000	0,109071
189,970000	0,108433
189,980000	0,112258
189,990000	0,110983
190,000000	0,108433
190,010000	0,107159
190,020000	0,109071
190,030000	0,107159
190,040000	0,109071
190,050000	0,107159
190,060000	0,107796
190,070000	0,109708
190,080000	0,104609
190,090000	0,106521
190,100000	0,104609
190,110000	0,105884
190,120000	0,107796
190,130000	0,107796
190,140000	0,107796
190,150000	0,105246
190,160000	0,109071
190,170000	0,105884
190,180000	0,109071
190,190000	0,106521
190,200000	0,108433
190,210000	0,101422
190,220000	0,107159
190,230000	0,107159
190,240000	0,105246
190,250000	0,103972
190,260000	0,109071
190,270000	0,106521
190,280000	0,103972
190,290000	0,103972
190,300000	0,107159
190,310000	0,103972
190,320000	0,104609
190,330000	0,104609
190,340000	0,107159
190,350000	0,103972
190,360000	0,105884
190,370000	0,103334
190,380000	0,103334
190,390000	0,100785
190,400000	0,104609
190,410000	0,102060
190,420000	0,105246
190,430000	0,104609
190,440000	0,103334
190,450000	0,102697
190,460000	0,103334
190,470000	0,101422
190,480000	0,106521
190,490000	0,102060
190,500000	0,102697
190,510000	0,102697
190,520000	0,102697
190,530000	0,102060
190,540000	0,100785
190,550000	0,103972
190,560000	0,103334
190,570000	0,104609
190,580000	0,102697
190,590000	0,103972
190,600000	0,104609
190,610000	0,103334
190,620000	0,105246
190,630000	0,100148
190,640000	0,103972
190,650000	0,101422
190,660000	0,101422
190,670000	0,101422
190,680000	0,102060
190,690000	0,102697
190,700000	0,103334
190,710000	0,099510
190,720000	0,102697
190,730000	0,099510
190,740000	0,103334
190,750000	0,100785
190,760000	0,103972
190,770000	0,101422
190,780000	0,101422
190,790000	0,099510
190,800000	0,100148
190,810000	0,097598
190,820000	0,098235
190,830000	0,098235
190,840000	0,100785
190,850000	0,099510
190,860000	0,099510
190,870000	0,100785
190,880000	0,100148
190,890000	0,100148
190,900000	0,096961
190,910000	0,096961
190,920000	0,096961
190,930000	0,097598
190,940000	0,096961
190,950000	0,101422
190,960000	0,099510
190,970000	0,100148
190,980000	0,096961
190,990000	0,098873
191,000000	0,099510
191,010000	0,098235
191,020000	0,099510
191,030000	0,098235
191,040000	0,098873
191,050000	0,098235
191,060000	0,099510
191,070000	0,099510
191,080000	0,097598
191,090000	0,099510
191,100000	0,096961
191,110000	0,100148
191,120000	0,096961
191,130000	0,098235
191,140000	0,098235
191,150000	0,098873
191,160000	0,096323
191,170000	0,097598
191,180000	0,098235
191,190000	0,098873
191,200000	0,097598
191,210000	0,097598
191,220000	0,096961
191,230000	0,095686
191,240000	0,096961
191,250000	0,100148
191,260000	0,094411
191,270000	0,096961
191,280000	0,093774
191,290000	0,096323
191,300000	0,095686
191,310000	0,097598
191,320000	0,098235
191,330000	0,096961
191,340000	0,096961
191,350000	0,098235
191,360000	0,095686
191,370000	0,095686
191,380000	0,096961
191,390000	0,096961
191,400000	0,093774
191,410000	0,095686
191,420000	0,092499
191,430000	0,097598
191,440000	0,093774
191,450000	0,095686
191,460000	0,093137
191,470000	0,098235
191,480000	0,095049
191,490000	0,096961
191,500000	0,095049
191,510000	0,096961
191,520000	0,093774
191,530000	0,096323
191,540000	0,092499
191,550000	0,097598
191,560000	0,093774
191,570000	0,097598
191,580000	0,094411
191,590000	0,096323
191,600000	0,093774
191,610000	0,096961
191,620000	0,093137
191,630000	0,096961
191,640000	0,096323
191,650000	0,098873
191,660000	0,093137
191,670000	0,095049
191,680000	0,095049
191,690000	0,095686
191,700000	0,093774
191,710000	0,096961
191,720000	0,090587
191,730000	0,096961
191,740000	0,093774
191,750000	0,094411
191,760000	0,093137
191,770000	0,096323
191,780000	0,095049
191,790000	0,095686
191,800000	0,096323
191,810000	0,096961
191,820000	0,093774
191,830000	0,094411
191,840000	0,092499
191,850000	0,095686
191,860000	0,091862
191,870000	0,097598
191,880000	0,093137
191,890000	0,099510
191,900000	0,096323
191,910000	0,096961
191,920000	0,095686
191,930000	0,096323
191,940000	0,091862
191,950000	0,094411
191,960000	0,091224
191,970000	0,094411
191,980000	0,093137
191,990000	0,095686
192,000000	0,092499
192,010000	0,093774
192,020000	0,092499
192,030000	0,095686
192,040000	0,094411
192,050000	0,096323
192,060000	0,095049
192,070000	0,095686
192,080000	0,094411
192,090000	0,098235
192,100000	0,093774
192,110000	0,096961
192,120000	0,094411
192,130000	0,095686
192,140000	0,092499
192,150000	0,096323
192,160000	0,093137
192,170000	0,096323
192,180000	0,096961
192,190000	0,098235
192,200000	0,095049
192,210000	0,096961
192,220000	0,096323
192,230000	0,096961
192,240000	0,095049
192,250000	0,095686
192,260000	0,094411
192,270000	0,096961
192,280000	0,096961
192,290000	0,096323
192,300000	0,096323
192,310000	0,096323
192,320000	0,096323
192,330000	0,095686
192,340000	0,093137
192,350000	0,095686
192,360000	0,095686
192,370000	0,097598
192,380000	0,094411
192,390000	0,094411
192,400000	0,094411
192,410000	0,095049
192,420000	0,094411
192,430000	0,095049
192,440000	0,094411
192,450000	0,096961
192,460000	0,092499
192,470000	0,092499
192,480000	0,095049
192,490000	0,095686
192,500000	0,095686
192,510000	0,094411
192,520000	0,095686
192,530000	0,095686
192,540000	0,093774
192,550000	0,093774
192,560000	0,091224
192,570000	0,093774
192,580000	0,092499
192,590000	0,093774
192,600000	0,093774
192,610000	0,095686
192,620000	0,092499
192,630000	0,096961
192,640000	0,093137
192,650000	0,096323
192,660000	0,093774
192,670000	0,097598
192,680000	0,090587
192,690000	0,096323
192,700000	0,093774
192,710000	0,096961
192,720000	0,091224
192,730000	0,095686
192,740000	0,093137
192,750000	0,095049
192,760000	0,091862
192,770000	0,093137
192,780000	0,091862
192,790000	0,094411
192,800000	0,090587
192,810000	0,093137
192,820000	0,091224
192,830000	0,095049
192,840000	0,093137
192,850000	0,095049
192,860000	0,092499
192,870000	0,091862
192,880000	0,091224
192,890000	0,096323
192,900000	0,093137
192,910000	0,094411
192,920000	0,092499
192,930000	0,091862
192,940000	0,091224
192,950000	0,090587
192,960000	0,091862
192,970000	0,093137
192,980000	0,090587
192,990000	0,095686
193,000000	0,090587
193,010000	0,095049
193,020000	0,089950
193,030000	0,093774
193,040000	0,089312
193,050000	0,093774
193,060000	0,091224
193,070000	0,095686
193,080000	0,090587
193,090000	0,095049
193,100000	0,090587
193,110000	0,095049
193,120000	0,090587
193,130000	0,093137
193,140000	0,089312
193,150000	0,094411
193,160000	0,090587
193,170000	0,092499
193,180000	0,091224
193,190000	0,093137
193,200000	0,089312
193,210000	0,091862
193,220000	0,089950
193,230000	0,090587
193,240000	0,089950
193,250000	0,090587
193,260000	0,091224
193,270000	0,093137
193,280000	0,089950
193,290000	0,091224
193,300000	0,091224
193,310000	0,091224
193,320000	0,088675
193,330000	0,090587
193,340000	0,090587
193,350000	0,091224
193,360000	0,092499
193,370000	0,089950
193,380000	0,089312
193,390000	0,091224
193,400000	0,088675
193,410000	0,091224
193,420000	0,089950
193,430000	0,089950
193,440000	0,093774
193,450000	0,093137
193,460000	0,092499
193,470000	0,090587
193,480000	0,091862
193,490000	0,091224
193,500000	0,091224
193,510000	0,091862
193,520000	0,091862
193,530000	0,090587
193,540000	0,089950
193,550000	0,093137
193,560000	0,090587
193,570000	0,093137
193,580000	0,087400
193,590000	0,089312
193,600000	0,091224
193,610000	0,091224
193,620000	0,091862
193,630000	0,091862
193,640000	0,089312
193,650000	0,092499
193,660000	0,093137
193,670000	0,093137
193,680000	0,091224
193,690000	0,091224
193,700000	0,088675
193,710000	0,091862
193,720000	0,091224
193,730000	0,091224
193,740000	0,091862
193,750000	0,091862
193,760000	0,090587
193,770000	0,093137
193,780000	0,089950
193,790000	0,090587
193,800000	0,090587
193,810000	0,093137
193,820000	0,089950
193,830000	0,092499
193,840000	0,091224
193,850000	0,091862
193,860000	0,088675
193,870000	0,091224
193,880000	0,089312
193,890000	0,092499
193,900000	0,091224
193,910000	0,091862
193,920000	0,090587
193,930000	0,093774
193,940000	0,090587
193,950000	0,091862
193,960000	0,091224
193,970000	0,092499
193,980000	0,091862
193,990000	0,094411
194,000000	0,093774
194,010000	0,092499
194,020000	0,091224
194,030000	0,092499
194,040000	0,094411
194,050000	0,092499
194,060000	0,093137
194,070000	0,091224
194,080000	0,092499
194,090000	0,093137
194,100000	0,092499
194,110000	0,094411
194,120000	0,092499
194,130000	0,092499
194,140000	0,093137
194,150000	0,093137
194,160000	0,094411
194,170000	0,095686
194,180000	0,095049
194,190000	0,096323
194,200000	0,093137
194,210000	0,092499
194,220000	0,094411
194,230000	0,095049
194,240000	0,094411
194,250000	0,097598
194,260000	0,093137
194,270000	0,096323
194,280000	0,096961
194,290000	0,096323
194,300000	0,096323
194,310000	0,095686
194,320000	0,095049
194,330000	0,096961
194,340000	0,093137
194,350000	0,096961
194,360000	0,091862
194,370000	0,097598
194,380000	0,093137
194,390000	0,096323
194,400000	0,095686
194,410000	0,095686
194,420000	0,093774
194,430000	0,096323
194,440000	0,096961
194,450000	0,098235
194,460000	0,096323
194,470000	0,096961
194,480000	0,098235
194,490000	0,097598
194,500000	0,095686
194,510000	0,095686
194,520000	0,097598
194,530000	0,096961
194,540000	0,095686
194,550000	0,098235
194,560000	0,097598
194,570000	0,097598
194,580000	0,098873
194,590000	0,098873
194,600000	0,098873
194,610000	0,097598
194,620000	0,097598
194,630000	0,098873
194,640000	0,098235
194,650000	0,099510
194,660000	0,100785
194,670000	0,099510
194,680000	0,096323
194,690000	0,099510
194,700000	0,099510
194,710000	0,100148
194,720000	0,100148
194,730000	0,098873
194,740000	0,098873
194,750000	0,098873
194,760000	0,102060
194,770000	0,097598
194,780000	0,102060
194,790000	0,100148
194,800000	0,098873
194,810000	0,103334
194,820000	0,101422
194,830000	0,103972
194,840000	0,099510
194,850000	0,100785
194,860000	0,100785
194,870000	0,103334
194,880000	0,098873
194,890000	0,102697
194,900000	0,103334
194,910000	0,102697
194,920000	0,099510
194,930000	0,102060
194,940000	0,101422
194,950000	0,102060
194,960000	0,102697
194,970000	0,103334
194,980000	0,102060
194,990000	0,103334
195,000000	0,102060
195,010000	0,104609
195,020000	0,101422
195,030000	0,105246
195,040000	0,103334
195,050000	0,105884
195,060000	0,105246
195,070000	0,104609
195,080000	0,103972
195,090000	0,102697
195,100000	0,105884
195,110000	0,105884
195,120000	0,106521
195,130000	0,107159
195,140000	0,106521
195,150000	0,106521
195,160000	0,105246
195,170000	0,105884
195,180000	0,105884
195,190000	0,105884
195,200000	0,103972
195,210000	0,105884
195,220000	0,105246
195,230000	0,107796
195,240000	0,107796
195,250000	0,110345
195,260000	0,106521
195,270000	0,107796
195,280000	0,107159
195,290000	0,107796
195,300000	0,109708
195,310000	0,107796
195,320000	0,105246
195,330000	0,110983
195,340000	0,110345
195,350000	0,110983
195,360000	0,110983
195,370000	0,108433
195,380000	0,111620
195,390000	0,111620
195,400000	0,112895
195,410000	0,109071
195,420000	0,113532
195,430000	0,110983
195,440000	0,112895
195,450000	0,111620
195,460000	0,112895
195,470000	0,114170
195,480000	0,112895
195,490000	0,112258
195,500000	0,113532
195,510000	0,110983
195,520000	0,113532
195,530000	0,112895
195,540000	0,112258
195,550000	0,116082
195,560000	0,114170
195,570000	0,114170
195,580000	0,116719
195,590000	0,115444
195,600000	0,115444
195,610000	0,115444
195,620000	0,116719
195,630000	0,116719
195,640000	0,116719
195,650000	0,117356
195,660000	0,115444
195,670000	0,114170
195,680000	0,117356
195,690000	0,116719
195,700000	0,118631
195,710000	0,116082
195,720000	0,121181
195,730000	0,117994
195,740000	0,118631
195,750000	0,119269
195,760000	0,119906
195,770000	0,119906
195,780000	0,121818
195,790000	0,121818
195,800000	0,122455
195,810000	0,121181
195,820000	0,125005
195,830000	0,119906
195,840000	0,123730
195,850000	0,122455
195,860000	0,124367
195,870000	0,122455
195,880000	0,125005
195,890000	0,125642
195,900000	0,127554
195,910000	0,125005
195,920000	0,125642
195,930000	0,126280
195,940000	0,126280
195,950000	0,126280
195,960000	0,129466
195,970000	0,128829
195,980000	0,132016
195,990000	0,128829
196,000000	0,131379
196,010000	0,132653
196,020000	0,131379
196,030000	0,132653
196,040000	0,130104
196,050000	0,132653
196,060000	0,132653
196,070000	0,134565
196,080000	0,132016
196,090000	0,132653
196,100000	0,134565
196,110000	0,135840
196,120000	0,135840
196,130000	0,138390
196,140000	0,136477
196,150000	0,138390
196,160000	0,137115
196,170000	0,140939
196,180000	0,136477
196,190000	0,139664
196,200000	0,138390
196,210000	0,142214
196,220000	0,142214
196,230000	0,142851
196,240000	0,143488
196,250000	0,142851
196,260000	0,144763
196,270000	0,142214
196,280000	0,146038
196,290000	0,146675
196,300000	0,144763
196,310000	0,146038
196,320000	0,146038
196,330000	0,146675
196,340000	0,149225
196,350000	0,149225
196,360000	0,150499
196,370000	0,148587
196,380000	0,151774
196,390000	0,150499
196,400000	0,152412
196,410000	0,152412
196,420000	0,152412
196,430000	0,155598
196,440000	0,153049
196,450000	0,158785
196,460000	0,153686
196,470000	0,158148
196,480000	0,156236
196,490000	0,160697
196,500000	0,158148
196,510000	0,161972
196,520000	0,158148
196,530000	0,163247
196,540000	0,161972
196,550000	0,163247
196,560000	0,160697
196,570000	0,163884
196,580000	0,164522
196,590000	0,163247
196,600000	0,165159
196,610000	0,165796
196,620000	0,165796
196,630000	0,167708
196,640000	0,168983
196,650000	0,167708
196,660000	0,165796
196,670000	0,172170
196,680000	0,168983
196,690000	0,172170
196,700000	0,170895
196,710000	0,170258
196,720000	0,168983
196,730000	0,170895
196,740000	0,172807
196,750000	0,170895
196,760000	0,174082
196,770000	0,175994
196,780000	0,175994
196,790000	0,175357
196,800000	0,174719
196,810000	0,175357
196,820000	0,177906
196,830000	0,178544
196,840000	0,177269
196,850000	0,177269
196,860000	0,179181
196,870000	0,178544
196,880000	0,177906
196,890000	0,179818
196,900000	0,181093
196,910000	0,179818
196,920000	0,183005
196,930000	0,181730
196,940000	0,183643
196,950000	0,181093
196,960000	0,184280
196,970000	0,181093
196,980000	0,183643
196,990000	0,183005
197,000000	0,185555
197,010000	0,183643
197,020000	0,188104
197,030000	0,183005
197,040000	0,186192
197,050000	0,184280
197,060000	0,186829
197,070000	0,187467
197,080000	0,186829
197,090000	0,186192
197,100000	0,188104
197,110000	0,188741
197,120000	0,190654
197,130000	0,186829
197,140000	0,188104
197,150000	0,189379
197,160000	0,184917
197,170000	0,190016
197,180000	0,189379
197,190000	0,188741
197,200000	0,187467
197,210000	0,191928
197,220000	0,186192
197,230000	0,189379
197,240000	0,190654
197,250000	0,195115
197,260000	0,189379
197,270000	0,191291
197,280000	0,192566
197,290000	0,192566
197,300000	0,191291
197,310000	0,195752
197,320000	0,192566
197,330000	0,195115
197,340000	0,194478
197,350000	0,194478
197,360000	0,191928
197,370000	0,194478
197,380000	0,195115
197,390000	0,193840
197,400000	0,195752
197,410000	0,196390
197,420000	0,197027
197,430000	0,195752
197,440000	0,193840
197,450000	0,196390
197,460000	0,197027
197,470000	0,192566
197,480000	0,195752
197,490000	0,193840
197,500000	0,195115
197,510000	0,195752
197,520000	0,196390
197,530000	0,193203
197,540000	0,191928
197,550000	0,192566
197,560000	0,194478
197,570000	0,194478
197,580000	0,191928
197,590000	0,191928
197,600000	0,190654
197,610000	0,195752
197,620000	0,191928
197,630000	0,192566
197,640000	0,191928
197,650000	0,193840
197,660000	0,188104
197,670000	0,193840
197,680000	0,188741
197,690000	0,191928
197,700000	0,188104
197,710000	0,192566
197,720000	0,189379
197,730000	0,193840
197,740000	0,188104
197,750000	0,192566
197,760000	0,185555
197,770000	0,194478
197,780000	0,186192
197,790000	0,191291
197,800000	0,186192
197,810000	0,191291
197,820000	0,188741
197,830000	0,191928
197,840000	0,188104
197,850000	0,189379
197,860000	0,186192
197,870000	0,189379
197,880000	0,187467
197,890000	0,186829
197,900000	0,186192
197,910000	0,184917
197,920000	0,186192
197,930000	0,186829
197,940000	0,185555
197,950000	0,183643
197,960000	0,185555
197,970000	0,185555
197,980000	0,183643
197,990000	0,183005
198,000000	0,177906
198,010000	0,183643
198,020000	0,178544
198,030000	0,178544
198,040000	0,178544
198,050000	0,178544
198,060000	0,178544
198,070000	0,179181
198,080000	0,179818
198,090000	0,177269
198,100000	0,175994
198,110000	0,175994
198,120000	0,175357
198,130000	0,175994
198,140000	0,176631
198,150000	0,175357
198,160000	0,172170
198,170000	0,173445
198,180000	0,170895
198,190000	0,172807
198,200000	0,177269
198,210000	0,170895
198,220000	0,170895
198,230000	0,170895
198,240000	0,168983
198,250000	0,171533
198,260000	0,170258
198,270000	0,168983
198,280000	0,167071
198,290000	0,167708
198,300000	0,163884
198,310000	0,165796
198,320000	0,162609
198,330000	0,164522
198,340000	0,163884
198,350000	0,163247
198,360000	0,161972
198,370000	0,165796
198,380000	0,158785
198,390000	0,161972
198,400000	0,161972
198,410000	0,161972
198,420000	0,156236
198,430000	0,160697
198,440000	0,153686
198,450000	0,160697
198,460000	0,153686
198,470000	0,156873
198,480000	0,156873
198,490000	0,159423
198,500000	0,154961
198,510000	0,158148
198,520000	0,150499
198,530000	0,153686
198,540000	0,151137
198,550000	0,155598
198,560000	0,150499
198,570000	0,153686
198,580000	0,149862
198,590000	0,151774
198,600000	0,149225
198,610000	0,153049
198,620000	0,144126
198,630000	0,153049
198,640000	0,145401
198,650000	0,149862
198,660000	0,146675
198,670000	0,149225
198,680000	0,147950
198,690000	0,147313
198,700000	0,142851
198,710000	0,146675
198,720000	0,140939
198,730000	0,144126
198,740000	0,144763
198,750000	0,146038
198,760000	0,142214
198,770000	0,145401
198,780000	0,140302
198,790000	0,145401
198,800000	0,137752
198,810000	0,141576
198,820000	0,139664
198,830000	0,143488
198,840000	0,140939
198,850000	0,139664
198,860000	0,137115
198,870000	0,139027
198,880000	0,136477
198,890000	0,139027
198,900000	0,137115
198,910000	0,135203
198,920000	0,135203
198,930000	0,138390
198,940000	0,133291
198,950000	0,140302
198,960000	0,132653
198,970000	0,135203
198,980000	0,134565
198,990000	0,135203
199,000000	0,131379
199,010000	0,133291
199,020000	0,133291
199,030000	0,133291
199,040000	0,132016
199,050000	0,131379
199,060000	0,131379
199,070000	0,130104
199,080000	0,132653
199,090000	0,130104
199,100000	0,130104
199,110000	0,132653
199,120000	0,130104
199,130000	0,127554
199,140000	0,129466
199,150000	0,128829
199,160000	0,128192
199,170000	0,128192
199,180000	0,126280
199,190000	0,126917
199,200000	0,125642
199,210000	0,126280
199,220000	0,124367
199,230000	0,125642
199,240000	0,125005
199,250000	0,122455
199,260000	0,124367
199,270000	0,123093
199,280000	0,122455
199,290000	0,124367
199,300000	0,122455
199,310000	0,123730
199,320000	0,119906
199,330000	0,122455
199,340000	0,118631
199,350000	0,121818
199,360000	0,119906
199,370000	0,119906
199,380000	0,119906
199,390000	0,121818
199,400000	0,121818
199,410000	0,119906
199,420000	0,119906
199,430000	0,119906
199,440000	0,117994
199,450000	0,119269
199,460000	0,118631
199,470000	0,117356
199,480000	0,116082
199,490000	0,116719
199,500000	0,117356
199,510000	0,117356
199,520000	0,116082
199,530000	0,116719
199,540000	0,112258
199,550000	0,118631
199,560000	0,114170
199,570000	0,117356
199,580000	0,112258
199,590000	0,116719
199,600000	0,112258
199,610000	0,119269
199,620000	0,111620
199,630000	0,117356
199,640000	0,111620
199,650000	0,114170
199,660000	0,113532
199,670000	0,114170
199,680000	0,109708
199,690000	0,114807
199,700000	0,111620
199,710000	0,114170
199,720000	0,110983
199,730000	0,113532
199,740000	0,112258
199,750000	0,112258
199,760000	0,110983
199,770000	0,112258
199,780000	0,109708
199,790000	0,111620
199,800000	0,106521
199,810000	0,112258
199,820000	0,112258
199,830000	0,110345
199,840000	0,108433
199,850000	0,109708
199,860000	0,110345
199,870000	0,110345
199,880000	0,109708
199,890000	0,110345
199,900000	0,107159
199,910000	0,110983
199,920000	0,107796
199,930000	0,109071
199,940000	0,107796
199,950000	0,107796
199,960000	0,105246
199,970000	0,108433
199,980000	0,104609
199,990000	0,108433
200,000000	0,104609
200,010000	0,110983
200,020000	0,101422
200,030000	0,109708
200,040000	0,105246
200,050000	0,109071
200,060000	0,103334
200,070000	0,109708
200,080000	0,102060
200,090000	0,110345
200,100000	0,104609
200,110000	0,110983
200,120000	0,102697
200,130000	0,105884
200,140000	0,103972
200,150000	0,107796
200,160000	0,102697
200,170000	0,107796
200,180000	0,102697
200,190000	0,107159
200,200000	0,104609
200,210000	0,106521
200,220000	0,105884
200,230000	0,106521
200,240000	0,103334
200,250000	0,104609
200,260000	0,105884
200,270000	0,105246
200,280000	0,101422
200,290000	0,104609
200,300000	0,103334
200,310000	0,104609
200,320000	0,102060
200,330000	0,103972
200,340000	0,107159
200,350000	0,103972
200,360000	0,102060
200,370000	0,105246
200,380000	0,103972
200,390000	0,102697
200,400000	0,100785
200,410000	0,104609
200,420000	0,102697
200,430000	0,103334
200,440000	0,102060
200,450000	0,103334
200,460000	0,103972
200,470000	0,102697
200,480000	0,101422
200,490000	0,101422
200,500000	0,102060
200,510000	0,101422
200,520000	0,103334
200,530000	0,102060
200,540000	0,100785
200,550000	0,103334
200,560000	0,101422
200,570000	0,104609
200,580000	0,101422
200,590000	0,102697
200,600000	0,100148
200,610000	0,098235
200,620000	0,100148
200,630000	0,103334
200,640000	0,100785
200,650000	0,101422
200,660000	0,101422
200,670000	0,102060
200,680000	0,101422
200,690000	0,102060
200,700000	0,100148
200,710000	0,102697
200,720000	0,102060
200,730000	0,101422
200,740000	0,099510
200,750000	0,102060
200,760000	0,099510
200,770000	0,102697
200,780000	0,100785
200,790000	0,098235
200,800000	0,100148
200,810000	0,099510
200,820000	0,098235
200,830000	0,102060
200,840000	0,098235
200,850000	0,101422
200,860000	0,097598
200,870000	0,100148
200,880000	0,099510
200,890000	0,100148
200,900000	0,098873
200,910000	0,098873
200,920000	0,098873
200,930000	0,098873
200,940000	0,098873
200,950000	0,100785
200,960000	0,098235
200,970000	0,099510
200,980000	0,099510
200,990000	0,100148
201,000000	0,099510
201,010000	0,098873
201,020000	0,096961
201,030000	0,100785
201,040000	0,099510
201,050000	0,096323
201,060000	0,096323
201,070000	0,096961
201,080000	0,100785
201,090000	0,098873
201,100000	0,098235
201,110000	0,094411
201,120000	0,097598
201,130000	0,096961
201,140000	0,096961
201,150000	0,097598
201,160000	0,098873
201,170000	0,096961
201,180000	0,095686
201,190000	0,096323
201,200000	0,095686
201,210000	0,098235
201,220000	0,098235
201,230000	0,098873
201,240000	0,098235
201,250000	0,096323
201,260000	0,099510
201,270000	0,097598
201,280000	0,096323
201,290000	0,095686
201,300000	0,099510
201,310000	0,093137
201,320000	0,096961
201,330000	0,096961
201,340000	0,095049
201,350000	0,096961
201,360000	0,094411
201,370000	0,096323
201,380000	0,097598
201,390000	0,093774
201,400000	0,093137
201,410000	0,094411
201,420000	0,095049
201,430000	0,098235
201,440000	0,095686
201,450000	0,097598
201,460000	0,094411
201,470000	0,096961
201,480000	0,093774
201,490000	0,094411
201,500000	0,093774
201,510000	0,095049
201,520000	0,093774
201,530000	0,094411
201,540000	0,094411
201,550000	0,095049
201,560000	0,096961
201,570000	0,092499
201,580000	0,095686
201,590000	0,093774
201,600000	0,095686
201,610000	0,095686
201,620000	0,096323
201,630000	0,095049
201,640000	0,095049
201,650000	0,095049
201,660000	0,093774
201,670000	0,093774
201,680000	0,095686
201,690000	0,095686
201,700000	0,093774
201,710000	0,093774
201,720000	0,096323
201,730000	0,093774
201,740000	0,094411
201,750000	0,096961
201,760000	0,094411
201,770000	0,094411
201,780000	0,093774
201,790000	0,094411
201,800000	0,095686
201,810000	0,094411
201,820000	0,094411
201,830000	0,095049
201,840000	0,093137
201,850000	0,097598
201,860000	0,091862
201,870000	0,092499
201,880000	0,093137
201,890000	0,093774
201,900000	0,096323
201,910000	0,094411
201,920000	0,093774
201,930000	0,091862
201,940000	0,096961
201,950000	0,093137
201,960000	0,095686
201,970000	0,095049
201,980000	0,093774
201,990000	0,092499
202,000000	0,095686
202,010000	0,094411
202,020000	0,091862
202,030000	0,095049
202,040000	0,094411
202,050000	0,093137
202,060000	0,095049
202,070000	0,092499
202,080000	0,094411
202,090000	0,094411
202,100000	0,092499
202,110000	0,095049
202,120000	0,093774
202,130000	0,094411
202,140000	0,095686
202,150000	0,093137
202,160000	0,092499
202,170000	0,095049
202,180000	0,092499
202,190000	0,093774
202,200000	0,094411
202,210000	0,093774
202,220000	0,093137
202,230000	0,095049
202,240000	0,095686
202,250000	0,095049
202,260000	0,093774
202,270000	0,095049
202,280000	0,094411
202,290000	0,090587
202,300000	0,092499
202,310000	0,092499
202,320000	0,095049
202,330000	0,093137
202,340000	0,095686
202,350000	0,093774
202,360000	0,095049
202,370000	0,093774
202,380000	0,095686
202,390000	0,092499
202,400000	0,096961
202,410000	0,094411
202,420000	0,093137
202,430000	0,096961
202,440000	0,095686
202,450000	0,091224
202,460000	0,094411
202,470000	0,093774
202,480000	0,093774
202,490000	0,096323
202,500000	0,095686
202,510000	0,095049
202,520000	0,093137
202,530000	0,095686
202,540000	0,095049
202,550000	0,094411
202,560000	0,093774
202,570000	0,096323
202,580000	0,094411
202,590000	0,093137
202,600000	0,094411
202,610000	0,095049
202,620000	0,095049
202,630000	0,093137
202,640000	0,095049
202,650000	0,093774
202,660000	0,092499
202,670000	0,094411
202,680000	0,092499
202,690000	0,091862
202,700000	0,093137
202,710000	0,095686
202,720000	0,092499
202,730000	0,093137
202,740000	0,092499
202,750000	0,094411
202,760000	0,093137
202,770000	0,095686
202,780000	0,091224
202,790000	0,093774
202,800000	0,095686
202,810000	0,094411
202,820000	0,092499
202,830000	0,093774
202,840000	0,090587
202,850000	0,094411
202,860000	0,091862
202,870000	0,093137
202,880000	0,091224
202,890000	0,093137
202,900000	0,092499
202,910000	0,094411
202,920000	0,091224
202,930000	0,094411
202,940000	0,091862
202,950000	0,093774
202,960000	0,091224
202,970000	0,091862
202,980000	0,089312
202,990000	0,093137
203,000000	0,089312
203,010000	0,094411
203,020000	0,092499
203,030000	0,093137
203,040000	0,093137
203,050000	0,092499
203,060000	0,094411
203,070000	0,091862
203,080000	0,091224
203,090000	0,091224
203,100000	0,094411
203,110000	0,091862
203,120000	0,092499
203,130000	0,091224
203,140000	0,093774
203,150000	0,092499
203,160000	0,091224
203,170000	0,091862
203,180000	0,089312
203,190000	0,092499
203,200000	0,091224
203,210000	0,091862
203,220000	0,089312
203,230000	0,091224
203,240000	0,089950
203,250000	0,092499
203,260000	0,089950
203,270000	0,090587
203,280000	0,091862
203,290000	0,091862
203,300000	0,088675
203,310000	0,091224
203,320000	0,089950
203,330000	0,093774
203,340000	0,091224
203,350000	0,091862
203,360000	0,090587
203,370000	0,091224
203,380000	0,088038
203,390000	0,089950
203,400000	0,089950
203,410000	0,093137
203,420000	0,090587
203,430000	0,089312
203,440000	0,089950
203,450000	0,091862
203,460000	0,089312
203,470000	0,090587
203,480000	0,090587
203,490000	0,089312
203,500000	0,089312
203,510000	0,090587
203,520000	0,088038
203,530000	0,091862
203,540000	0,091224
203,550000	0,093137
203,560000	0,092499
203,570000	0,089312
203,580000	0,089312
203,590000	0,093137
203,600000	0,088675
203,610000	0,089950
203,620000	0,090587
203,630000	0,091862
203,640000	0,088038
203,650000	0,091224
203,660000	0,088675
203,670000	0,090587
203,680000	0,090587
203,690000	0,092499
203,700000	0,089312
203,710000	0,089312
203,720000	0,090587
203,730000	0,091862
203,740000	0,092499
203,750000	0,090587
203,760000	0,088675
203,770000	0,091862
203,780000	0,091224
203,790000	0,091862
203,800000	0,090587
203,810000	0,091224
203,820000	0,090587
203,830000	0,091224
203,840000	0,088038
203,850000	0,092499
203,860000	0,089312
203,870000	0,091224
203,880000	0,088038
203,890000	0,090587
203,900000	0,090587
203,910000	0,093774
203,920000	0,089312
203,930000	0,092499
203,940000	0,091862
203,950000	0,089950
203,960000	0,091862
203,970000	0,091862
203,980000	0,091224
203,990000	0,091862
204,000000	0,091224
204,010000	0,093137
204,020000	0,091862
204,030000	0,090587
204,040000	0,091862
204,050000	0,091862
204,060000	0,091224
204,070000	0,092499
204,080000	0,093774
204,090000	0,093137
204,100000	0,091862
204,110000	0,090587
204,120000	0,091224
204,130000	0,091224
204,140000	0,093137
204,150000	0,090587
204,160000	0,094411
204,170000	0,093137
204,180000	0,091224
204,190000	0,091862
204,200000	0,092499
204,210000	0,093774
204,220000	0,091224
204,230000	0,096323
204,240000	0,093137
204,250000	0,091862
204,260000	0,089950
204,270000	0,095686
204,280000	0,093774
204,290000	0,093137
204,300000	0,093774
204,310000	0,093774
204,320000	0,095049
204,330000	0,096961
204,340000	0,096323
204,350000	0,096323
204,360000	0,091862
204,370000	0,093774
204,380000	0,093774
204,390000	0,095686
204,400000	0,094411
204,410000	0,091862
204,420000	0,093137
204,430000	0,096961
204,440000	0,096323
204,450000	0,096323
204,460000	0,096323
204,470000	0,094411
204,480000	0,093137
204,490000	0,097598
204,500000	0,095049
204,510000	0,093774
204,520000	0,093774
204,530000	0,094411
204,540000	0,096323
204,550000	0,096961
204,560000	0,095049
204,570000	0,095686
204,580000	0,097598
204,590000	0,097598
204,600000	0,096961
204,610000	0,096961
204,620000	0,096961
204,630000	0,096323
204,640000	0,096961
204,650000	0,096961
204,660000	0,098235
204,670000	0,098873
204,680000	0,099510
204,690000	0,096961
204,700000	0,098873
204,710000	0,099510
204,720000	0,098873
204,730000	0,100148
204,740000	0,100785
204,750000	0,098873
204,760000	0,098873
204,770000	0,098235
204,780000	0,100148
204,790000	0,101422
204,800000	0,098873
204,810000	0,098873
204,820000	0,098873
204,830000	0,099510
204,840000	0,100148
204,850000	0,099510
204,860000	0,100785
204,870000	0,100785
204,880000	0,103334
204,890000	0,096961
204,900000	0,102697
204,910000	0,099510
204,920000	0,104609
204,930000	0,100148
204,940000	0,102697
204,950000	0,099510
204,960000	0,103972
204,970000	0,102060
204,980000	0,102697
204,990000	0,103972
205,000000	0,103334
205,010000	0,103334
205,020000	0,103334
205,030000	0,105246
205,040000	0,102697
205,050000	0,103972
205,060000	0,102697
205,070000	0,102697
205,080000	0,105246
205,090000	0,100785
205,100000	0,103972
205,110000	0,106521
205,120000	0,102060
205,130000	0,106521
205,140000	0,106521
205,150000	0,106521
205,160000	0,103972
205,170000	0,109071
205,180000	0,105884
205,190000	0,106521
205,200000	0,105884
205,210000	0,107796
205,220000	0,105884
205,230000	0,107796
205,240000	0,103972
205,250000	0,105246
205,260000	0,106521
205,270000	0,107796
205,280000	0,105884
205,290000	0,107796
205,300000	0,105884
205,310000	0,107796
205,320000	0,108433
205,330000	0,110983
205,340000	0,107796
205,350000	0,110345
205,360000	0,110983
205,370000	0,112258
205,380000	0,103972
205,390000	0,112258
205,400000	0,110345
205,410000	0,109708
205,420000	0,111620
205,430000	0,111620
205,440000	0,109708
205,450000	0,110345
205,460000	0,113532
205,470000	0,111620
205,480000	0,111620
205,490000	0,115444
205,500000	0,107159
205,510000	0,114807
205,520000	0,112258
205,530000	0,114807
205,540000	0,114170
205,550000	0,111620
205,560000	0,111620
205,570000	0,116719
205,580000	0,114807
205,590000	0,117994
205,600000	0,114807
205,610000	0,118631
205,620000	0,117356
205,630000	0,116082
205,640000	0,114807
205,650000	0,117994
205,660000	0,114807
205,670000	0,121818
205,680000	0,118631
205,690000	0,119269
205,700000	0,117994
205,710000	0,117994
205,720000	0,119906
205,730000	0,122455
205,740000	0,119906
205,750000	0,117356
205,760000	0,119906
205,770000	0,120543
205,780000	0,122455
205,790000	0,117356
205,800000	0,124367
205,810000	0,121818
205,820000	0,122455
205,830000	0,124367
205,840000	0,125005
205,850000	0,119906
205,860000	0,123730
205,870000	0,124367
205,880000	0,124367
205,890000	0,123730
205,900000	0,126280
205,910000	0,124367
205,920000	0,125005
205,930000	0,128192
205,940000	0,126280
205,950000	0,126917
205,960000	0,126280
205,970000	0,126280
205,980000	0,127554
205,990000	0,127554
206,000000	0,129466
206,010000	0,130104
206,020000	0,128829
206,030000	0,128192
206,040000	0,133928
206,050000	0,130104
206,060000	0,132653
206,070000	0,132653
206,080000	0,136477
206,090000	0,133291
206,100000	0,132653
206,110000	0,134565
206,120000	0,135203
206,130000	0,134565
206,140000	0,139027
206,150000	0,137115
206,160000	0,137752
206,170000	0,135203
206,180000	0,140939
206,190000	0,139027
206,200000	0,139664
206,210000	0,137752
206,220000	0,140302
206,230000	0,140302
206,240000	0,139664
206,250000	0,137752
206,260000	0,144763
206,270000	0,144126
206,280000	0,145401
206,290000	0,147313
206,300000	0,148587
206,310000	0,146675
206,320000	0,142851
206,330000	0,146038
206,340000	0,150499
206,350000	0,147313
206,360000	0,148587
206,370000	0,152412
206,380000	0,145401
206,390000	0,151774
206,400000	0,150499
206,410000	0,153686
206,420000	0,148587
206,430000	0,155598
206,440000	0,151137
206,450000	0,154961
206,460000	0,147950
206,470000	0,153686
206,480000	0,153049
206,490000	0,156236
206,500000	0,154324
206,510000	0,160060
206,520000	0,156236
206,530000	0,160060
206,540000	0,158148
206,550000	0,158785
206,560000	0,159423
206,570000	0,161972
206,580000	0,160697
206,590000	0,165796
206,600000	0,160697
206,610000	0,166434
206,620000	0,163884
206,630000	0,165159
206,640000	0,163884
206,650000	0,167708
206,660000	0,168346
206,670000	0,168983
206,680000	0,165796
206,690000	0,168983
206,700000	0,167708
206,710000	0,170258
206,720000	0,168983
206,730000	0,173445
206,740000	0,171533
206,750000	0,174082
206,760000	0,170895
206,770000	0,172807
206,780000	0,176631
206,790000	0,176631
206,800000	0,172807
206,810000	0,177269
206,820000	0,172170
206,830000	0,178544
206,840000	0,172807
206,850000	0,181730
206,860000	0,175994
206,870000	0,181093
206,880000	0,177906
206,890000	0,181730
206,900000	0,179181
206,910000	0,181093
206,920000	0,175357
206,930000	0,182368
206,940000	0,181730
206,950000	0,181093
206,960000	0,180456
206,970000	0,186192
206,980000	0,179818
206,990000	0,185555
207,000000	0,179818
207,010000	0,186192
207,020000	0,183643
207,030000	0,183643
207,040000	0,178544
207,050000	0,186829
207,060000	0,179818
207,070000	0,185555
207,080000	0,188104
207,090000	0,184917
207,100000	0,185555
207,110000	0,188741
207,120000	0,191291
207,130000	0,188104
207,140000	0,188104
207,150000	0,192566
207,160000	0,186829
207,170000	0,191928
207,180000	0,191928
207,190000	0,188741
207,200000	0,193840
207,210000	0,188104
207,220000	0,189379
207,230000	0,195752
207,240000	0,193203
207,250000	0,194478
207,260000	0,193203
207,270000	0,196390
207,280000	0,190016
207,290000	0,192566
207,300000	0,195115
207,310000	0,190016
207,320000	0,195115
207,330000	0,194478
207,340000	0,193840
207,350000	0,191291
207,360000	0,197027
207,370000	0,197665
207,380000	0,195752
207,390000	0,193840
207,400000	0,193840
207,410000	0,195115
207,420000	0,192566
207,430000	0,195115
207,440000	0,196390
207,450000	0,192566
207,460000	0,195115
207,470000	0,194478
207,480000	0,194478
207,490000	0,193840
207,500000	0,192566
207,510000	0,195752
207,520000	0,194478
207,530000	0,198939
207,540000	0,197027
207,550000	0,194478
207,560000	0,193840
207,570000	0,193840
207,580000	0,193203
207,590000	0,192566
207,600000	0,195752
207,610000	0,196390
207,620000	0,195115
207,630000	0,202763
207,640000	0,198302
207,650000	0,195752
207,660000	0,197665
207,670000	0,199577
207,680000	0,193203
207,690000	0,199577
207,700000	0,196390
207,710000	0,198939
207,720000	0,193840
207,730000	0,197665
207,740000	0,194478
207,750000	0,198939
207,760000	0,197665
207,770000	0,201489
207,780000	0,198302
207,790000	0,202126
207,800000	0,196390
207,810000	0,202126
207,820000	0,204038
207,830000	0,203401
207,840000	0,200214
207,850000	0,202126
207,860000	0,197027
207,870000	0,200214
207,880000	0,198939
207,890000	0,197665
207,900000	0,202763
207,910000	0,197665
207,920000	0,198302
207,930000	0,204676
207,940000	0,199577
207,950000	0,199577
207,960000	0,197665
207,970000	0,201489
207,980000	0,200851
207,990000	0,205313
208,000000	0,197665
208,010000	0,198939
208,020000	0,198302
208,030000	0,195752
208,040000	0,199577
208,050000	0,202126
208,060000	0,203401
208,070000	0,197665
208,080000	0,205313
208,090000	0,195752
208,100000	0,200851
208,110000	0,195115
208,120000	0,197665
208,130000	0,198939
208,140000	0,199577
208,150000	0,201489
208,160000	0,200851
208,170000	0,198939
208,180000	0,201489
208,190000	0,199577
208,200000	0,203401
208,210000	0,203401
208,220000	0,197665
208,230000	0,205313
208,240000	0,207862
208,250000	0,198939
208,260000	0,206588
208,270000	0,203401
208,280000	0,201489
208,290000	0,200851
208,300000	0,203401
208,310000	0,201489
208,320000	0,205950
208,330000	0,205313
208,340000	0,202126
208,350000	0,207862
208,360000	0,207862
208,370000	0,203401
208,380000	0,204038
208,390000	0,197665
208,400000	0,201489
208,410000	0,203401
208,420000	0,198939
208,430000	0,198302
208,440000	0,200851
208,450000	0,200851
208,460000	0,196390
208,470000	0,202126
208,480000	0,197665
208,490000	0,202763
208,500000	0,200851
208,510000	0,203401
208,520000	0,199577
208,530000	0,204676
208,540000	0,199577
208,550000	0,205950
208,560000	0,198302
208,570000	0,198302
208,580000	0,198302
208,590000	0,202763
208,600000	0,203401
208,610000	0,204676
208,620000	0,204676
208,630000	0,201489
208,640000	0,207862
208,650000	0,205950
208,660000	0,203401
208,670000	0,203401
208,680000	0,204038
208,690000	0,207225
208,700000	0,202763
208,710000	0,205950
208,720000	0,203401
208,730000	0,205313
208,740000	0,205313
208,750000	0,206588
208,760000	0,206588
208,770000	0,200214
208,780000	0,208500
208,790000	0,207862
208,800000	0,204676
208,810000	0,205950
208,820000	0,206588
208,830000	0,203401
208,840000	0,207862
208,850000	0,207225
208,860000	0,204676
208,870000	0,205313
208,880000	0,202763
208,890000	0,205313
208,900000	0,212324
208,910000	0,205313
208,920000	0,211049
208,930000	0,201489
208,940000	0,211687
208,950000	0,206588
208,960000	0,215511
208,970000	0,209775
208,980000	0,219335
208,990000	0,207862
209,000000	0,211049
209,010000	0,204676
209,020000	0,209775
209,030000	0,208500
209,040000	0,207225
209,050000	0,209775
209,060000	0,207862
209,070000	0,212324
209,080000	0,207862
209,090000	0,214236
209,100000	0,211049
209,110000	0,209137
209,120000	0,199577
209,130000	0,208500
209,140000	0,195752
209,150000	0,205950
209,160000	0,194478
209,170000	0,202763
209,180000	0,197665
209,190000	0,199577
209,200000	0,193840
209,210000	0,209137
209,220000	0,203401
209,230000	0,207225
209,240000	0,203401
209,250000	0,193840
209,260000	0,207862
209,270000	0,200214
209,280000	0,205950
209,290000	0,204038
209,300000	0,200851
209,310000	0,197665
209,320000	0,175357
209,330000	0,197665
209,340000	0,176631
209,350000	0,206588
209,360000	0,193203
209,370000	0,193840
209,380000	0,202763
209,390000	0,193840
209,400000	0,186192
209,410000	0,201489
209,420000	0,190654
209,430000	0,209137
209,440000	0,195115
209,450000	0,212961
209,460000	0,200851
209,470000	0,211687
209,480000	0,212961
209,490000	0,212961
209,500000	0,213599
209,510000	0,210412
209,520000	0,205313
209,530000	0,210412
209,540000	0,205313
209,550000	0,204038
209,560000	0,204676
209,570000	0,201489
209,580000	0,211687
209,590000	0,200851
209,600000	0,206588
209,610000	0,204676
209,620000	0,202126
209,630000	0,211049
209,640000	0,206588
209,650000	0,201489
209,660000	0,199577
209,670000	0,205950
209,680000	0,203401
209,690000	0,204676
209,700000	0,211687
209,710000	0,205950
209,720000	0,205313
209,730000	0,200851
209,740000	0,207862
209,750000	0,204676
209,760000	0,205313
209,770000	0,209775
209,780000	0,204038
209,790000	0,204676
209,800000	0,209137
209,810000	0,209775
209,820000	0,207225
209,830000	0,205950
209,840000	0,201489
209,850000	0,198939
209,860000	0,202126
209,870000	0,204038
209,880000	0,203401
209,890000	0,206588
209,900000	0,202126
209,910000	0,204038
209,920000	0,205313
209,930000	0,204038
209,940000	0,207225
209,950000	0,211049
209,960000	0,196390
209,970000	0,209137
209,980000	0,190654
209,990000	0,211049
210,000000	0,202126
210,010000	0,210412
210,020000	0,202763
210,030000	0,197027
210,040000	0,208500
210,050000	0,201489
210,060000	0,198939
210,070000	0,197665
210,080000	0,203401
210,090000	0,201489
210,100000	0,192566
210,110000	0,200851
210,120000	0,211687
210,130000	0,198939
210,140000	0,212324
210,150000	0,205313
210,160000	0,207862
210,170000	0,209137
210,180000	0,211687
210,190000	0,205313
210,200000	0,212324
210,210000	0,204676
210,220000	0,209775
210,230000	0,204038
210,240000	0,209137
210,250000	0,204676
210,260000	0,207862
210,270000	0,204038
210,280000	0,207862
210,290000	0,204676
210,300000	0,203401
210,310000	0,209137
210,320000	0,204038
210,330000	0,204038
210,340000	0,201489
210,350000	0,201489
210,360000	0,203401
210,370000	0,190016
210,380000	0,207862
210,390000	0,188741
210,400000	0,201489
210,410000	0,205950
210,420000	0,201489
210,430000	0,200851
210,440000	0,202763
210,450000	0,205950
210,460000	0,209775
210,470000	0,210412
210,480000	0,200851
210,490000	0,211687
210,500000	0,195115
210,510000	0,210412
210,520000	0,194478
210,530000	0,205313
210,540000	0,196390
210,550000	0,198939
210,560000	0,203401
210,570000	0,202763
210,580000	0,205950
210,590000	0,226983
210,600000	0,211687
210,610000	0,230170
210,620000	0,205950
210,630000	0,221884
210,640000	0,203401
210,650000	0,220610
210,660000	0,196390
210,670000	0,197027
210,680000	0,186192
210,690000	0,191291
210,700000	0,200851
210,710000	0,207862
210,720000	0,246742
210,730000	0,212324
210,740000	0,270324
210,750000	0,228258
210,760000	0,258852
210,770000	0,249929
210,780000	0,241005
210,790000	0,260126
210,800000	0,218060
210,810000	0,211687
210,820000	0,207225
210,830000	0,179818
210,840000	0,207225
210,850000	0,179181
210,860000	0,201489
210,870000	0,173445
210,880000	0,198302
210,890000	0,198302
210,900000	0,195115
210,910000	0,214236
210,920000	0,205313
210,930000	0,208500
210,940000	0,208500
210,950000	0,205313
210,960000	0,211049
210,970000	0,200214
210,980000	0,204038
210,990000	0,205313
211,000000	0,204676
211,010000	0,206588
211,020000	0,210412
211,030000	0,212324
211,040000	0,200851
211,050000	0,211049
211,060000	0,209137
211,070000	0,207225
211,080000	0,208500
211,090000	0,204038
211,100000	0,206588
211,110000	0,185555
211,120000	0,204676
211,130000	0,193840
211,140000	0,204038
211,150000	0,189379
211,160000	0,192566
211,170000	0,201489
211,180000	0,201489
211,190000	0,210412
211,200000	0,209137
211,210000	0,208500
211,220000	0,211687
211,230000	0,212324
211,240000	0,204038
211,250000	0,220610
211,260000	0,202126
211,270000	0,193840
211,280000	0,203401
211,290000	0,237181
211,300000	0,198939
211,310000	0,186829
211,320000	0,200214
211,330000	0,198939
211,340000	0,205313
211,350000	0,205950
211,360000	0,237819
211,370000	0,203401
211,380000	0,223159
211,390000	0,205313
211,400000	0,229533
211,410000	0,205950
211,420000	0,186192
211,430000	0,218698
211,440000	0,198302
211,450000	0,188741
211,460000	0,198302
211,470000	0,202126
211,480000	0,212961
211,490000	0,291357
211,500000	0,221247
211,510000	0,231445
211,520000	0,204676
211,530000	0,213599
211,540000	0,277335
211,550000	0,211687
211,560000	0,163884
211,570000	0,206588
211,580000	0,174719
211,590000	0,199577
211,600000	0,205313
211,610000	0,209775
211,620000	0,180456
211,630000	0,173445
211,640000	0,222522
211,650000	0,190016
211,660000	0,197027
211,670000	0,204038
211,680000	0,226346
211,690000	0,205950
211,700000	0,187467
211,710000	0,200851
211,720000	0,198302
211,730000	0,205313
211,740000	0,211687
211,750000	0,210412
211,760000	0,206588
211,770000	0,242918
211,780000	0,209137
211,790000	0,224434
211,800000	0,201489
211,810000	0,226346
211,820000	0,201489
211,830000	0,223797
211,840000	0,209137
211,850000	0,213599
211,860000	0,191291
211,870000	0,217423
211,880000	0,195752
211,890000	0,226983
211,900000	0,240368
211,910000	0,217423
211,920000	0,214236
211,930000	0,209775
211,940000	0,198939
211,950000	0,200851
211,960000	0,203401
211,970000	0,198302
211,980000	0,202126
211,990000	0,157511
212,000000	0,205950
212,010000	0,164522
212,020000	0,211687
212,030000	0,184917
212,040000	0,216786
212,050000	0,218698
212,060000	0,205950
212,070000	0,193840
212,080000	0,250566
212,090000	0,193203
212,100000	0,147950
212,110000	0,184280
212,120000	0,195115
212,130000	0,193840
212,140000	0,213599
212,150000	0,218060
212,160000	0,223159
212,170000	0,127554
212,180000	0,197027
212,190000	0,165796
212,200000	0,224434
212,210000	0,249291
212,220000	0,205950
212,230000	0,269050
212,240000	0,180456
212,250000	0,220610
212,260000	0,180456
212,270000	0,212961
212,280000	0,234632
212,290000	0,218060
212,300000	0,204038
212,310000	0,207862
212,320000	0,207862
212,330000	0,235269
212,340000	0,212324
212,350000	0,226983
212,360000	0,208500
212,370000	0,209137
212,380000	0,208500
212,390000	0,209775
212,400000	0,204038
212,410000	0,207225
212,420000	0,202763
212,430000	0,207862
212,440000	0,198939
212,450000	0,207225
212,460000	0,202126
212,470000	0,197665
212,480000	0,210412
212,490000	0,206588
212,500000	0,208500
212,510000	0,230808
212,520000	0,203401
212,530000	0,202763
212,540000	0,207862
212,550000	0,226983
212,560000	0,199577
212,570000	0,209137
212,580000	0,209137
212,590000	0,205950
212,600000	0,220610
212,610000	0,208500
212,620000	0,221247
212,630000	0,203401
212,640000	0,200851
212,650000	0,216148
212,660000	0,221884
212,670000	0,236544
212,680000	0,212324
212,690000	0,238456
212,700000	0,219972
212,710000	0,183005
212,720000	0,213599
212,730000	0,179181
212,740000	0,200214
212,750000	0,197665
212,760000	0,216786
212,770000	0,220610
212,780000	0,219972
212,790000	0,211687
212,800000	0,188104
212,810000	0,218060
212,820000	0,251841
212,830000	0,224434
212,840000	0,231445
212,850000	0,218060
212,860000	0,211049
212,870000	0,148587
212,880000	0,196390
212,890000	0,128192
212,900000	0,228258
212,910000	0,150499
212,920000	0,205950
212,930000	0,209137
212,940000	0,190654
212,950000	0,200851
212,960000	0,174719
212,970000	0,219972
212,980000	0,258214
212,990000	0,219335
213,000000	0,212961
213,010000	0,186829
213,020000	0,235907
213,030000	0,183005
213,040000	0,220610
213,050000	0,224434
213,060000	0,221884
213,070000	0,209137
213,080000	0,191291
213,090000	0,206588
213,100000	0,161972
213,110000	0,209137
213,120000	0,218060
213,130000	0,185555
213,140000	0,212961
213,150000	0,191291
213,160000	0,214236
213,170000	0,230170
213,180000	0,208500
213,190000	0,211049
213,200000	0,191291
213,210000	0,198939
213,220000	0,191291
213,230000	0,197027
213,240000	0,216786
213,250000	0,195115
213,260000	0,181093
213,270000	0,207225
213,280000	0,177269
213,290000	0,222522
213,300000	0,215511
213,310000	0,214236
213,320000	0,218060
213,330000	0,220610
213,340000	0,213599
213,350000	0,240368
213,360000	0,207862
213,370000	0,219972
213,380000	0,196390
213,390000	0,199577
213,400000	0,216148
213,410000	0,214236
213,420000	0,226346
213,430000	0,228258
213,440000	0,209775
213,450000	0,228896
213,460000	0,298368
213,470000	0,231445
213,480000	0,293269
213,490000	0,216786
213,500000	0,260764
213,510000	0,198302
213,520000	0,244192
213,530000	0,239093
213,540000	0,221247
213,550000	0,231445
213,560000	0,239093
213,570000	0,154961
213,580000	0,230808
213,590000	0,165796
213,600000	0,224434
213,610000	0,203401
213,620000	0,204038
213,630000	0,229533
213,640000	0,188741
213,650000	0,195115
213,660000	0,207225
213,670000	0,197665
213,680000	0,221247
213,690000	0,188741
213,700000	0,215511
213,710000	0,202763
213,720000	0,212324
213,730000	0,200851
213,740000	0,205950
213,750000	0,215511
213,760000	0,209775
213,770000	0,225071
213,780000	0,209137
213,790000	0,206588
213,800000	0,208500
213,810000	0,206588
213,820000	0,218060
213,830000	0,212961
213,840000	0,182368
213,850000	0,211687
213,860000	0,188741
213,870000	0,204038
213,880000	0,211687
213,890000	0,203401
213,900000	0,209137
213,910000	0,202763
213,920000	0,205950
213,930000	0,212961
213,940000	0,205313
213,950000	0,226983
213,960000	0,207862
213,970000	0,212961
213,980000	0,197665
213,990000	0,202763
214,000000	0,221884
214,010000	0,207225
214,020000	0,177906
214,030000	0,196390
214,040000	0,241005
214,050000	0,205950
214,060000	0,173445
214,070000	0,209137
214,080000	0,204038
214,090000	0,203401
214,100000	0,208500
214,110000	0,188741
214,120000	0,207225
214,130000	0,183005
214,140000	0,212961
214,150000	0,195752
214,160000	0,198939
214,170000	0,167071
214,180000	0,177906
214,190000	0,200214
214,200000	0,170895
214,210000	0,189379
214,220000	0,278610
214,230000	0,213599
214,240000	0,256302
214,250000	0,219335
214,260000	0,270324
214,270000	0,209775
214,280000	0,202126
214,290000	0,243555
214,300000	0,207225
214,310000	0,190016
214,320000	0,206588
214,330000	0,175357
214,340000	0,196390
214,350000	0,188741
214,360000	0,218698
214,370000	0,184917
214,380000	0,202763
214,390000	0,237819
214,400000	0,186192
214,410000	0,226983
214,420000	0,226983
214,430000	0,229533
214,440000	0,214236
214,450000	0,205313
214,460000	0,207862
214,470000	0,210412
214,480000	0,209137
214,490000	0,235907
214,500000	0,190016
214,510000	0,220610
214,520000	0,192566
214,530000	0,198939
214,540000	0,202763
214,550000	0,201489
214,560000	0,224434
214,570000	0,218060
214,580000	0,221884
214,590000	0,218698
214,600000	0,216786
214,610000	0,212961
214,620000	0,236544
214,630000	0,219335
214,640000	0,215511
214,650000	0,199577
214,660000	0,207225
214,670000	0,203401
214,680000	0,189379
214,690000	0,217423
214,700000	0,216786
214,710000	0,197027
214,720000	0,223159
214,730000	0,252478
214,740000	0,214236
214,750000	0,262676
214,760000	0,211049
214,770000	0,232720
214,780000	0,192566
214,790000	0,189379
214,800000	0,195115
214,810000	0,188104
214,820000	0,122455
214,830000	0,203401
214,840000	0,125642
214,850000	0,214873
214,860000	0,146675
214,870000	0,221247
214,880000	0,205313
214,890000	0,196390
214,900000	0,186192
214,910000	0,179181
214,920000	0,174719
214,930000	0,248016
214,940000	0,184917
214,950000	0,218060
214,960000	0,183643
214,970000	0,229533
214,980000	0,198302
214,990000	0,233994
215,000000	0,226346
215,010000	0,224434
215,020000	0,208500
215,030000	0,215511
215,040000	0,204038
215,050000	0,216786
215,060000	0,207862
215,070000	0,210412
215,080000	0,206588
215,090000	0,208500
215,100000	0,216148
215,110000	0,215511
215,120000	0,213599
215,130000	0,211049
215,140000	0,216148
215,150000	0,198939
215,160000	0,216148
215,170000	0,200214
215,180000	0,209137
215,190000	0,200851
215,200000	0,214236
215,210000	0,209775
215,220000	0,218698
215,230000	0,214873
215,240000	0,225071
215,250000	0,219335
215,260000	0,206588
215,270000	0,220610
215,280000	0,200851
215,290000	0,218698
215,300000	0,207862
215,310000	0,219335
215,320000	0,219972
215,330000	0,205313
215,340000	0,214236
215,350000	0,230808
215,360000	0,206588
215,370000	0,232720
215,380000	0,221884
215,390000	0,225709
215,400000	0,225709
215,410000	0,228896
215,420000	0,204676
215,430000	0,219335
215,440000	0,190654
215,450000	0,229533
215,460000	0,202763
215,470000	0,211687
215,480000	0,228258
215,490000	0,199577
215,500000	0,205313
215,510000	0,204038
215,520000	0,219335
215,530000	0,238456
215,540000	0,219972
215,550000	0,151774
215,560000	0,210412
215,570000	0,204038
215,580000	0,202763
215,590000	0,214236
215,600000	0,179181
215,610000	0,185555
215,620000	0,208500
215,630000	0,204038
215,640000	0,226983
215,650000	0,200851
215,660000	0,232082
215,670000	0,211049
215,680000	0,235269
215,690000	0,234632
215,700000	0,221247
215,710000	0,241643
215,720000	0,214236
215,730000	0,229533
215,740000	0,200851
215,750000	0,208500
215,760000	0,207225
215,770000	0,206588
215,780000	0,192566
215,790000	0,211049
215,800000	0,191928
215,810000	0,209775
215,820000	0,192566
215,830000	0,204038
215,840000	0,199577
215,850000	0,211687
215,860000	0,207862
215,870000	0,219972
215,880000	0,205950
215,890000	0,213599
215,900000	0,211687
215,910000	0,181730
215,920000	0,209775
215,930000	0,190654
215,940000	0,208500
215,950000	0,200851
215,960000	0,215511
215,970000	0,205950
215,980000	0,224434
215,990000	0,212961
216,000000	0,250566
216,010000	0,216148
216,020000	0,237819
216,030000	0,210412
216,040000	0,211049
216,050000	0,204038
216,060000	0,194478
216,070000	0,199577
216,080000	0,209137
216,090000	0,174719
216,100000	0,212961
216,110000	0,288808
216,120000	0,218060
216,130000	0,272236
216,140000	0,223159
216,150000	0,274786
216,160000	0,226346
216,170000	0,261401
216,180000	0,255665
216,190000	0,207862
216,200000	0,228896
216,210000	0,201489
216,220000	0,172170
216,230000	0,205313
216,240000	0,174719
216,250000	0,204676
216,260000	0,198939
216,270000	0,206588
216,280000	0,205950
216,290000	0,207225
216,300000	0,210412
216,310000	0,209137
216,320000	0,219335
216,330000	0,208500
216,340000	0,216148
216,350000	0,213599
216,360000	0,209775
216,370000	0,209775
216,380000	0,209775
216,390000	0,212961
216,400000	0,216148
216,410000	0,207862
216,420000	0,211687
216,430000	0,207225
216,440000	0,202126
216,450000	0,213599
216,460000	0,215511
216,470000	0,211049
216,480000	0,216786
216,490000	0,211687
216,500000	0,209137
216,510000	0,211049
216,520000	0,216786
216,530000	0,208500
216,540000	0,207862
216,550000	0,204038
216,560000	0,203401
216,570000	0,209775
216,580000	0,203401
216,590000	0,197665
216,600000	0,202763
216,610000	0,206588
216,620000	0,207862
216,630000	0,210412
216,640000	0,207862
216,650000	0,204676
216,660000	0,203401
216,670000	0,206588
216,680000	0,209137
216,690000	0,207225
216,700000	0,209775
216,710000	0,208500
216,720000	0,233357
216,730000	0,206588
216,740000	0,202763
216,750000	0,214236
216,760000	0,211687
216,770000	0,203401
216,780000	0,207862
216,790000	0,213599
216,800000	0,214236
216,810000	0,216148
216,820000	0,218060
216,830000	0,208500
216,840000	0,210412
216,850000	0,208500
216,860000	0,216786
216,870000	0,204038
216,880000	0,230808
216,890000	0,204676
216,900000	0,225709
216,910000	0,221884
216,920000	0,228258
216,930000	0,211049
216,940000	0,231445
216,950000	0,220610
216,960000	0,212961
216,970000	0,208500
216,980000	0,221247
216,990000	0,212961
217,000000	0,225071
217,010000	0,198939
217,020000	0,201489
217,030000	0,219335
217,040000	0,202126
217,050000	0,223159
217,060000	0,218060
217,070000	0,226346
217,080000	0,204038
217,090000	0,224434
217,100000	0,222522
217,110000	0,221247
217,120000	0,214236
217,130000	0,218060
217,140000	0,206588
217,150000	0,243555
217,160000	0,205313
217,170000	0,218060
217,180000	0,221884
217,190000	0,212324
217,200000	0,219972
217,210000	0,210412
217,220000	0,225071
217,230000	0,222522
217,240000	0,219335
217,250000	0,218698
217,260000	0,213599
217,270000	0,198939
217,280000	0,214873
217,290000	0,193840
217,300000	0,214236
217,310000	0,198939
217,320000	0,207225
217,330000	0,210412
217,340000	0,224434
217,350000	0,212961
217,360000	0,232720
217,370000	0,211687
217,380000	0,193840
217,390000	0,219335
217,400000	0,177269
217,410000	0,209137
217,420000	0,179181
217,430000	0,203401
217,440000	0,214236
217,450000	0,181730
217,460000	0,154324
217,470000	0,208500
217,480000	0,203401
217,490000	0,224434
217,500000	0,201489
217,510000	0,231445
217,520000	0,221884
217,530000	0,230170
217,540000	0,233357
217,550000	0,221884
217,560000	0,211687
217,570000	0,218060
217,580000	0,213599
217,590000	0,209775
217,600000	0,212961
217,610000	0,205950
217,620000	0,211687
217,630000	0,207862
217,640000	0,202763
217,650000	0,213599
217,660000	0,211049
217,670000	0,210412
217,680000	0,224434
217,690000	0,207225
217,700000	0,207225
217,710000	0,209137
217,720000	0,204676
217,730000	0,204038
217,740000	0,214873
217,750000	0,203401
217,760000	0,213599
217,770000	0,213599
217,780000	0,207225
217,790000	0,219972
217,800000	0,214873
217,810000	0,226346
217,820000	0,211049
217,830000	0,222522
217,840000	0,212324
217,850000	0,210412
217,860000	0,214873
217,870000	0,216786
217,880000	0,200214
217,890000	0,211687
217,900000	0,211687
217,910000	0,211049
217,920000	0,211687
217,930000	0,207862
217,940000	0,216148
217,950000	0,218060
217,960000	0,212324
217,970000	0,207862
217,980000	0,198939
217,990000	0,219972
218,000000	0,214873
218,010000	0,216148
218,020000	0,205950
218,030000	0,216786
218,040000	0,207862
218,050000	0,248654
218,060000	0,212961
218,070000	0,209137
218,080000	0,209775
218,090000	0,212961
218,100000	0,202763
218,110000	0,207862
218,120000	0,207225
218,130000	0,218060
218,140000	0,207862
218,150000	0,214236
218,160000	0,209137
218,170000	0,207862
218,180000	0,206588
218,190000	0,211687
218,200000	0,181093
218,210000	0,210412
218,220000	0,204038
218,230000	0,211049
218,240000	0,208500
218,250000	0,211049
218,260000	0,212324
218,270000	0,193203
218,280000	0,204676
218,290000	0,207225
218,300000	0,211049
218,310000	0,209137
218,320000	0,215511
218,330000	0,206588
218,340000	0,208500
218,350000	0,211687
218,360000	0,207862
218,370000	0,211049
218,380000	0,212324
218,390000	0,239731
218,400000	0,211687
218,410000	0,212961
218,420000	0,209775
218,430000	0,207862
218,440000	0,189379
218,450000	0,209137
218,460000	0,214236
218,470000	0,211049
218,480000	0,209775
218,490000	0,200214
218,500000	0,214873
218,510000	0,204676
218,520000	0,213599
218,530000	0,211049
218,540000	0,213599
218,550000	0,211049
218,560000	0,208500
218,570000	0,206588
218,580000	0,218698
218,590000	0,204676
218,600000	0,216148
218,610000	0,198302
218,620000	0,215511
218,630000	0,209137
218,640000	0,207862
218,650000	0,209775
218,660000	0,214236
218,670000	0,211049
218,680000	0,214236
218,690000	0,222522
218,700000	0,211049
218,710000	0,221247
218,720000	0,214873
218,730000	0,211687
218,740000	0,195752
218,750000	0,207862
218,760000	0,211687
218,770000	0,212961
218,780000	0,206588
218,790000	0,207225
218,800000	0,209137
218,810000	0,202763
218,820000	0,211049
218,830000	0,221884
218,840000	0,213599
218,850000	0,212324
218,860000	0,207225
218,870000	0,208500
218,880000	0,207862
218,890000	0,208500
218,900000	0,209137
218,910000	0,195752
218,920000	0,209137
218,930000	0,208500
218,940000	0,214873
218,950000	0,230808
218,960000	0,216786
218,970000	0,209137
218,980000	0,218698
218,990000	0,214236
