LabVIEW Measurement	
Writer_Version	2
Reader_Version	2
Separator	Tab
Decimal_Separator	,
Multi_Headings	No
X_Columns	One
Time_Pref	Absolute
Operator	lpdan
Date	2026/05/05
Time	12:48:30,7833907833529699503
***End_of_Header***	
	
Channels	1	
Samples	100	
Date	2026/05/05	
Time	12:48:30,7833907833529699503	
Y_Unit_Label	Volts	
X_Dimension	Time	
X0	0,0000000000000000E+0	
Delta_X	0,010000	
***End_of_Header***		
X_Value	Voltage	Comment
0,000000	0,273511
0,010000	0,267137
0,020000	0,272874
0,030000	0,267775
0,040000	0,264588
0,050000	0,269050
0,060000	0,274148
0,070000	0,264588
0,080000	0,276698
0,090000	0,256940
0,100000	0,270962
0,110000	0,269687
0,120000	0,269050
0,130000	0,273511
0,140000	0,259489
0,150000	0,268412
0,160000	0,274786
0,170000	0,265863
0,180000	0,269050
0,190000	0,262039
0,200000	0,263951
0,210000	0,281797
0,220000	0,279247
0,230000	0,261401
0,240000	0,273511
0,250000	0,266500
0,260000	0,277335
0,270000	0,270324
0,280000	0,285621
0,290000	0,270962
0,300000	0,270962
0,310000	0,267137
0,320000	0,267775
0,330000	0,263951
0,340000	0,281797
0,350000	0,267775
0,360000	0,270962
0,370000	0,292632
0,380000	0,277335
0,390000	0,270324
0,400000	0,283072
0,410000	0,272874
0,420000	0,279885
0,430000	0,270324
0,440000	0,277335
0,450000	0,274786
0,460000	0,281160
0,470000	0,269050
0,480000	0,274786
0,490000	0,269687
0,500000	0,277973
0,510000	0,272874
0,520000	0,276061
0,530000	0,278610
0,540000	0,273511
0,550000	0,275423
0,560000	0,277973
0,570000	0,271599
0,580000	0,279247
0,590000	0,275423
0,600000	0,274786
0,610000	0,267775
0,620000	0,275423
0,630000	0,270324
0,640000	0,278610
0,650000	0,280522
0,660000	0,280522
0,670000	0,269050
0,680000	0,280522
0,690000	0,271599
0,700000	0,275423
0,710000	0,269050
0,720000	0,278610
0,730000	0,274786
0,740000	0,272874
0,750000	0,273511
0,760000	0,277335
0,770000	0,270324
0,780000	0,277335
0,790000	0,271599
0,800000	0,277335
0,810000	0,268412
0,820000	0,277335
0,830000	0,277335
0,840000	0,277335
0,850000	0,270962
0,860000	0,281160
0,870000	0,271599
0,880000	0,279247
0,890000	0,277973
0,900000	0,270324
0,910000	0,265863
0,920000	0,269687
0,930000	0,270324
0,940000	0,272874
0,950000	0,270962
0,960000	0,276061
0,970000	0,270324
0,980000	0,277335
0,990000	0,272236
1,000000	0,276698
1,010000	0,272236
1,020000	0,275423
1,030000	0,274148
1,040000	0,276061
1,050000	0,273511
1,060000	0,274786
1,070000	0,274786
1,080000	0,274148
1,090000	0,272236
1,100000	0,270962
1,110000	0,280522
1,120000	0,269050
1,130000	0,275423
1,140000	0,277973
1,150000	0,272236
1,160000	0,270324
1,170000	0,279247
1,180000	0,260126
1,190000	0,277973
1,200000	0,260764
1,210000	0,279247
1,220000	0,272874
1,230000	0,273511
1,240000	0,272236
1,250000	0,274148
1,260000	0,270324
1,270000	0,275423
1,280000	0,274786
1,290000	0,271599
1,300000	0,263313
1,310000	0,271599
1,320000	0,268412
1,330000	0,270324
1,340000	0,281160
1,350000	0,267137
1,360000	0,272236
1,370000	0,272236
1,380000	0,272874
1,390000	0,267137
1,400000	0,272236
1,410000	0,270324
1,420000	0,274786
1,430000	0,272236
1,440000	0,272874
1,450000	0,266500
1,460000	0,267775
1,470000	0,269050
1,480000	0,268412
1,490000	0,274786
1,500000	0,272236
1,510000	0,271599
1,520000	0,272236
1,530000	0,276698
1,540000	0,267137
1,550000	0,270962
1,560000	0,274148
1,570000	0,265225
1,580000	0,263951
1,590000	0,269687
1,600000	0,265225
1,610000	0,268412
1,620000	0,265863
1,630000	0,273511
1,640000	0,267137
1,650000	0,270962
1,660000	0,269687
1,670000	0,270324
1,680000	0,272874
1,690000	0,270962
1,700000	0,270324
1,710000	0,266500
1,720000	0,269050
1,730000	0,264588
1,740000	0,268412
1,750000	0,268412
1,760000	0,269687
1,770000	0,269687
1,780000	0,264588
1,790000	0,271599
1,800000	0,274786
1,810000	0,270962
1,820000	0,270962
1,830000	0,266500
1,840000	0,277335
1,850000	0,263951
1,860000	0,269687
1,870000	0,270324
1,880000	0,270324
1,890000	0,267775
1,900000	0,265863
1,910000	0,265225
1,920000	0,275423
1,930000	0,270324
1,940000	0,273511
1,950000	0,265863
1,960000	0,270324
1,970000	0,271599
1,980000	0,271599
1,990000	0,265863
2,000000	0,270962
2,010000	0,267137
2,020000	0,274148
2,030000	0,261401
2,040000	0,276698
2,050000	0,263951
2,060000	0,277335
2,070000	0,272874
2,080000	0,275423
2,090000	0,267137
2,100000	0,278610
2,110000	0,270962
2,120000	0,280522
2,130000	0,270324
2,140000	0,277973
2,150000	0,267775
2,160000	0,274148
2,170000	0,263951
2,180000	0,276698
2,190000	0,270962
2,200000	0,268412
2,210000	0,274786
2,220000	0,276061
2,230000	0,274786
2,240000	0,269687
2,250000	0,272874
2,260000	0,276698
2,270000	0,275423
2,280000	0,272874
2,290000	0,272874
2,300000	0,271599
2,310000	0,273511
2,320000	0,269050
2,330000	0,276061
2,340000	0,276698
2,350000	0,281160
2,360000	0,274148
2,370000	0,270962
2,380000	0,274148
2,390000	0,269687
2,400000	0,276061
2,410000	0,267775
2,420000	0,272874
2,430000	0,274148
2,440000	0,271599
2,450000	0,272236
2,460000	0,270324
2,470000	0,270324
2,480000	0,272874
2,490000	0,270324
2,500000	0,278610
2,510000	0,274786
2,520000	0,279247
2,530000	0,280522
2,540000	0,277335
2,550000	0,275423
2,560000	0,272874
2,570000	0,270324
2,580000	0,277973
2,590000	0,274786
2,600000	0,271599
2,610000	0,269687
2,620000	0,277335
2,630000	0,267775
2,640000	0,279247
2,650000	0,274786
2,660000	0,274786
2,670000	0,272874
2,680000	0,279247
2,690000	0,274148
2,700000	0,269687
2,710000	0,274148
2,720000	0,275423
2,730000	0,275423
2,740000	0,269050
2,750000	0,277973
2,760000	0,274148
2,770000	0,275423
2,780000	0,275423
2,790000	0,274148
2,800000	0,274148
2,810000	0,276061
2,820000	0,273511
2,830000	0,276698
2,840000	0,272236
2,850000	0,274148
2,860000	0,272874
2,870000	0,276061
2,880000	0,274148
2,890000	0,274148
2,900000	0,272874
2,910000	0,272874
2,920000	0,279885
2,930000	0,276061
2,940000	0,271599
2,950000	0,275423
2,960000	0,277335
2,970000	0,279247
2,980000	0,276061
2,990000	0,270962
3,000000	0,272874
3,010000	0,269687
3,020000	0,276061
3,030000	0,275423
3,040000	0,278610
3,050000	0,275423
3,060000	0,274148
3,070000	0,272236
3,080000	0,271599
3,090000	0,277335
3,100000	0,272874
3,110000	0,272874
3,120000	0,269687
3,130000	0,272874
3,140000	0,275423
3,150000	0,271599
3,160000	0,270324
3,170000	0,275423
3,180000	0,271599
3,190000	0,274786
3,200000	0,271599
3,210000	0,275423
3,220000	0,277335
3,230000	0,271599
3,240000	0,274786
3,250000	0,274786
3,260000	0,269687
3,270000	0,272874
3,280000	0,272236
3,290000	0,272874
3,300000	0,276061
3,310000	0,273511
3,320000	0,278610
3,330000	0,269687
3,340000	0,274786
3,350000	0,269050
3,360000	0,277335
3,370000	0,266500
3,380000	0,275423
3,390000	0,269687
3,400000	0,276061
3,410000	0,272236
3,420000	0,270324
3,430000	0,268412
3,440000	0,265225
3,450000	0,267775
3,460000	0,277335
3,470000	0,272874
3,480000	0,277335
3,490000	0,270324
3,500000	0,269050
3,510000	0,265863
3,520000	0,265863
3,530000	0,269050
3,540000	0,267137
3,550000	0,267775
3,560000	0,263951
3,570000	0,269050
3,580000	0,265225
3,590000	0,266500
3,600000	0,266500
3,610000	0,268412
3,620000	0,266500
3,630000	0,269050
3,640000	0,270324
3,650000	0,265225
3,660000	0,273511
3,670000	0,268412
3,680000	0,270324
3,690000	0,268412
3,700000	0,269050
3,710000	0,271599
3,720000	0,272236
3,730000	0,272236
3,740000	0,270324
3,750000	0,269687
3,760000	0,272236
3,770000	0,270324
3,780000	0,270962
3,790000	0,274786
3,800000	0,269687
3,810000	0,272874
3,820000	0,267775
3,830000	0,272874
3,840000	0,265863
3,850000	0,265225
3,860000	0,265225
3,870000	0,270324
3,880000	0,264588
3,890000	0,269687
3,900000	0,273511
3,910000	0,265225
3,920000	0,274148
3,930000	0,268412
3,940000	0,273511
3,950000	0,266500
3,960000	0,272236
3,970000	0,265863
3,980000	0,276061
3,990000	0,263313
4,000000	0,273511
4,010000	0,266500
4,020000	0,275423
4,030000	0,268412
4,040000	0,274148
4,050000	0,269687
4,060000	0,272874
4,070000	0,269687
4,080000	0,272236
4,090000	0,270962
4,100000	0,270324
4,110000	0,274786
4,120000	0,276061
4,130000	0,271599
4,140000	0,268412
4,150000	0,271599
4,160000	0,270962
4,170000	0,274786
4,180000	0,274148
4,190000	0,272874
4,200000	0,272874
4,210000	0,276698
4,220000	0,272874
4,230000	0,274148
4,240000	0,270962
4,250000	0,275423
4,260000	0,272236
4,270000	0,268412
4,280000	0,274786
4,290000	0,269050
4,300000	0,275423
4,310000	0,269050
4,320000	0,277335
4,330000	0,269687
4,340000	0,279247
4,350000	0,271599
4,360000	0,272236
4,370000	0,275423
4,380000	0,274148
4,390000	0,270962
4,400000	0,275423
4,410000	0,272236
4,420000	0,274786
4,430000	0,271599
4,440000	0,275423
4,450000	0,277973
4,460000	0,277335
4,470000	0,272236
4,480000	0,277973
4,490000	0,274148
4,500000	0,274148
4,510000	0,273511
4,520000	0,272874
4,530000	0,272874
4,540000	0,272236
4,550000	0,279247
4,560000	0,276061
4,570000	0,271599
4,580000	0,275423
4,590000	0,273511
4,600000	0,272874
4,610000	0,272874
4,620000	0,272874
4,630000	0,274148
4,640000	0,277973
4,650000	0,275423
4,660000	0,276698
4,670000	0,270324
4,680000	0,272874
4,690000	0,274786
4,700000	0,276061
4,710000	0,274148
4,720000	0,274148
4,730000	0,275423
4,740000	0,276061
4,750000	0,277335
4,760000	0,272236
4,770000	0,274786
4,780000	0,274786
4,790000	0,270324
4,800000	0,272874
4,810000	0,276061
4,820000	0,275423
4,830000	0,269687
4,840000	0,272236
4,850000	0,272874
4,860000	0,277335
4,870000	0,270962
4,880000	0,274786
4,890000	0,270324
4,900000	0,276698
4,910000	0,270324
4,920000	0,272236
4,930000	0,276061
4,940000	0,276698
4,950000	0,277335
4,960000	0,274148
4,970000	0,270324
4,980000	0,274148
4,990000	0,272236
5,000000	0,276698
5,010000	0,272874
5,020000	0,276698
5,030000	0,271599
5,040000	0,272874
5,050000	0,266500
5,060000	0,279885
5,070000	0,269050
5,080000	0,279885
5,090000	0,267775
5,100000	0,272874
5,110000	0,267775
5,120000	0,272874
5,130000	0,264588
5,140000	0,277335
5,150000	0,268412
5,160000	0,270324
5,170000	0,271599
5,180000	0,276698
5,190000	0,272874
5,200000	0,274148
5,210000	0,275423
5,220000	0,273511
5,230000	0,274786
5,240000	0,271599
5,250000	0,276061
5,260000	0,270324
5,270000	0,274786
5,280000	0,270962
5,290000	0,273511
5,300000	0,270962
5,310000	0,276061
5,320000	0,273511
5,330000	0,271599
5,340000	0,272236
5,350000	0,274786
5,360000	0,272236
5,370000	0,274786
5,380000	0,275423
5,390000	0,276061
5,400000	0,272236
5,410000	0,270962
5,420000	0,273511
5,430000	0,270962
5,440000	0,277335
5,450000	0,269050
5,460000	0,274786
5,470000	0,272236
5,480000	0,272874
5,490000	0,271599
5,500000	0,270962
5,510000	0,270962
5,520000	0,272874
5,530000	0,270324
5,540000	0,270962
5,550000	0,272236
5,560000	0,273511
5,570000	0,268412
5,580000	0,270962
5,590000	0,270962
5,600000	0,269050
5,610000	0,269687
5,620000	0,270962
5,630000	0,272236
5,640000	0,270324
5,650000	0,272236
5,660000	0,269050
5,670000	0,269050
5,680000	0,272236
5,690000	0,270962
5,700000	0,270324
5,710000	0,269050
5,720000	0,273511
5,730000	0,272236
5,740000	0,269687
5,750000	0,269687
5,760000	0,272874
5,770000	0,269687
5,780000	0,267775
5,790000	0,274148
5,800000	0,270962
5,810000	0,269050
5,820000	0,272874
5,830000	0,271599
5,840000	0,272236
5,850000	0,268412
5,860000	0,272236
5,870000	0,270324
5,880000	0,269687
5,890000	0,268412
5,900000	0,269050
5,910000	0,270324
5,920000	0,270962
5,930000	0,269050
5,940000	0,270324
5,950000	0,269687
5,960000	0,267137
5,970000	0,269050
5,980000	0,267775
5,990000	0,270962
6,000000	0,269687
6,010000	0,269050
6,020000	0,274148
6,030000	0,271599
6,040000	0,270324
6,050000	0,270962
6,060000	0,269050
6,070000	0,269687
6,080000	0,272874
6,090000	0,272874
6,100000	0,270324
6,110000	0,273511
6,120000	0,274148
6,130000	0,265225
6,140000	0,272874
6,150000	0,270324
6,160000	0,273511
6,170000	0,267137
6,180000	0,275423
6,190000	0,269687
6,200000	0,272236
6,210000	0,270962
6,220000	0,271599
6,230000	0,270324
6,240000	0,270962
6,250000	0,269687
6,260000	0,280522
6,270000	0,268412
6,280000	0,274148
6,290000	0,265225
6,300000	0,277335
6,310000	0,267775
6,320000	0,278610
6,330000	0,265225
6,340000	0,275423
6,350000	0,265225
6,360000	0,276698
6,370000	0,267775
6,380000	0,277335
6,390000	0,267775
6,400000	0,276061
6,410000	0,265225
6,420000	0,279885
6,430000	0,269050
6,440000	0,275423
6,450000	0,270324
6,460000	0,277973
6,470000	0,266500
6,480000	0,275423
6,490000	0,267775
6,500000	0,279247
6,510000	0,269050
6,520000	0,277335
6,530000	0,272236
6,540000	0,274148
6,550000	0,270962
6,560000	0,275423
6,570000	0,272236
6,580000	0,277973
6,590000	0,272236
6,600000	0,276061
6,610000	0,270962
6,620000	0,272236
6,630000	0,274786
6,640000	0,274786
6,650000	0,274786
6,660000	0,276061
6,670000	0,270324
6,680000	0,277335
6,690000	0,272236
6,700000	0,275423
6,710000	0,270324
6,720000	0,275423
6,730000	0,272874
6,740000	0,273511
6,750000	0,277335
6,760000	0,270962
6,770000	0,275423
6,780000	0,274148
6,790000	0,273511
6,800000	0,276698
6,810000	0,269687
6,820000	0,275423
6,830000	0,275423
6,840000	0,276061
6,850000	0,272874
6,860000	0,274786
6,870000	0,270324
6,880000	0,275423
6,890000	0,272236
6,900000	0,274786
6,910000	0,275423
6,920000	0,277335
6,930000	0,274148
6,940000	0,277335
6,950000	0,270324
6,960000	0,275423
6,970000	0,274786
6,980000	0,281160
6,990000	0,274786
7,000000	0,276061
7,010000	0,276061
7,020000	0,276698
7,030000	0,274786
7,040000	0,272874
7,050000	0,275423
7,060000	0,274786
7,070000	0,277335
7,080000	0,272874
7,090000	0,269687
7,100000	0,274786
7,110000	0,275423
7,120000	0,274786
7,130000	0,273511
7,140000	0,270962
7,150000	0,273511
7,160000	0,273511
7,170000	0,276061
7,180000	0,271599
7,190000	0,272874
7,200000	0,270962
7,210000	0,275423
7,220000	0,272236
7,230000	0,272874
7,240000	0,270962
7,250000	0,275423
7,260000	0,272236
7,270000	0,275423
7,280000	0,273511
7,290000	0,272236
7,300000	0,272236
7,310000	0,271599
7,320000	0,277973
7,330000	0,274148
7,340000	0,274786
7,350000	0,272874
7,360000	0,276061
7,370000	0,269050
7,380000	0,272874
7,390000	0,273511
7,400000	0,275423
7,410000	0,275423
7,420000	0,273511
7,430000	0,275423
7,440000	0,269687
7,450000	0,275423
7,460000	0,273511
7,470000	0,276061
7,480000	0,272236
7,490000	0,273511
7,500000	0,274148
7,510000	0,270324
7,520000	0,272874
7,530000	0,276061
7,540000	0,274148
7,550000	0,270324
7,560000	0,270324
7,570000	0,269687
7,580000	0,272874
7,590000	0,269687
7,600000	0,272236
7,610000	0,274148
7,620000	0,270324
7,630000	0,271599
7,640000	0,269050
7,650000	0,270962
7,660000	0,272874
7,670000	0,272874
7,680000	0,269687
7,690000	0,269687
7,700000	0,270324
7,710000	0,269687
7,720000	0,270962
7,730000	0,271599
7,740000	0,271599
7,750000	0,269687
7,760000	0,273511
7,770000	0,268412
7,780000	0,272874
7,790000	0,265225
7,800000	0,270962
7,810000	0,270324
7,820000	0,270962
7,830000	0,263951
7,840000	0,270324
7,850000	0,265863
7,860000	0,268412
7,870000	0,262676
7,880000	0,270324
7,890000	0,260126
7,900000	0,270324
7,910000	0,264588
7,920000	0,267137
7,930000	0,260126
7,940000	0,262039
7,950000	0,265225
7,960000	0,269050
7,970000	0,263951
7,980000	0,265863
7,990000	0,263313
8,000000	0,263313
8,010000	0,265225
8,020000	0,261401
8,030000	0,266500
8,040000	0,264588
8,050000	0,265225
8,060000	0,260764
8,070000	0,262676
8,080000	0,262676
8,090000	0,265863
8,100000	0,260764
8,110000	0,265225
8,120000	0,265225
8,130000	0,262676
8,140000	0,262676
8,150000	0,262676
8,160000	0,265225
8,170000	0,260126
8,180000	0,263951
8,190000	0,262039
8,200000	0,266500
8,210000	0,259489
8,220000	0,266500
8,230000	0,262676
8,240000	0,264588
8,250000	0,258852
8,260000	0,264588
8,270000	0,263951
8,280000	0,265225
8,290000	0,262676
8,300000	0,265225
8,310000	0,262676
8,320000	0,269050
8,330000	0,261401
8,340000	0,268412
8,350000	0,262039
8,360000	0,267137
8,370000	0,262039
8,380000	0,262039
8,390000	0,266500
8,400000	0,264588
8,410000	0,264588
8,420000	0,267137
8,430000	0,262676
8,440000	0,269050
8,450000	0,263313
8,460000	0,272874
8,470000	0,262676
8,480000	0,269050
8,490000	0,260126
8,500000	0,267137
8,510000	0,266500
8,520000	0,269687
8,530000	0,259489
8,540000	0,270324
8,550000	0,262039
8,560000	0,265863
8,570000	0,260764
8,580000	0,269687
8,590000	0,258852
8,600000	0,269687
8,610000	0,263951
8,620000	0,269687
8,630000	0,260126
8,640000	0,272236
8,650000	0,266500
8,660000	0,271599
8,670000	0,266500
8,680000	0,270962
8,690000	0,263313
8,700000	0,270324
8,710000	0,262676
8,720000	0,271599
8,730000	0,259489
8,740000	0,271599
8,750000	0,266500
8,760000	0,270324
8,770000	0,266500
8,780000	0,268412
8,790000	0,265863
8,800000	0,268412
8,810000	0,263313
8,820000	0,269687
8,830000	0,263313
8,840000	0,269687
8,850000	0,263313
8,860000	0,272236
8,870000	0,262676
8,880000	0,269050
8,890000	0,267775
8,900000	0,269687
8,910000	0,263951
8,920000	0,269050
8,930000	0,265863
8,940000	0,270962
8,950000	0,264588
8,960000	0,265863
8,970000	0,267775
8,980000	0,268412
8,990000	0,267137
9,000000	0,269687
9,010000	0,267137
9,020000	0,270324
9,030000	0,265863
9,040000	0,267775
9,050000	0,263951
9,060000	0,269050
9,070000	0,268412
9,080000	0,270962
9,090000	0,262676
9,100000	0,269050
9,110000	0,263951
9,120000	0,271599
9,130000	0,264588
9,140000	0,267775
9,150000	0,269050
9,160000	0,266500
9,170000	0,266500
9,180000	0,269050
9,190000	0,267137
9,200000	0,266500
9,210000	0,265225
9,220000	0,269687
9,230000	0,265863
9,240000	0,263951
9,250000	0,265863
9,260000	0,270324
9,270000	0,268412
9,280000	0,265863
9,290000	0,267775
9,300000	0,266500
9,310000	0,266500
9,320000	0,269687
9,330000	0,267137
9,340000	0,267137
9,350000	0,269050
9,360000	0,262676
9,370000	0,269050
9,380000	0,267137
9,390000	0,262676
9,400000	0,270962
9,410000	0,267775
9,420000	0,264588
9,430000	0,265225
9,440000	0,263313
9,450000	0,262676
9,460000	0,265225
9,470000	0,263951
9,480000	0,265225
9,490000	0,270324
9,500000	0,264588
9,510000	0,264588
9,520000	0,261401
9,530000	0,265863
9,540000	0,267775
9,550000	0,266500
9,560000	0,267137
9,570000	0,261401
9,580000	0,265225
9,590000	0,266500
9,600000	0,264588
9,610000	0,263951
9,620000	0,265225
9,630000	0,260126
9,640000	0,269050
9,650000	0,265225
9,660000	0,267137
9,670000	0,262676
9,680000	0,263313
9,690000	0,264588
9,700000	0,267137
9,710000	0,262039
9,720000	0,265863
9,730000	0,266500
9,740000	0,258852
9,750000	0,269050
9,760000	0,262676
9,770000	0,263313
9,780000	0,262676
9,790000	0,262676
9,800000	0,261401
9,810000	0,259489
9,820000	0,260126
9,830000	0,262676
9,840000	0,260764
9,850000	0,265225
9,860000	0,260764
9,870000	0,262039
9,880000	0,257577
9,890000	0,262676
9,900000	0,262676
9,910000	0,263951
9,920000	0,260764
9,930000	0,260126
9,940000	0,262676
9,950000	0,258214
9,960000	0,264588
9,970000	0,260126
9,980000	0,260764
9,990000	0,257577
10,000000	0,262676
10,010000	0,262039
10,020000	0,264588
10,030000	0,263951
10,040000	0,258852
10,050000	0,262039
10,060000	0,263313
10,070000	0,267137
10,080000	0,264588
10,090000	0,257577
10,100000	0,264588
10,110000	0,260764
10,120000	0,260764
10,130000	0,262039
10,140000	0,260764
10,150000	0,262676
10,160000	0,260126
10,170000	0,264588
10,180000	0,260764
10,190000	0,261401
10,200000	0,264588
10,210000	0,260764
10,220000	0,257577
10,230000	0,260764
10,240000	0,262676
10,250000	0,256302
10,260000	0,260126
10,270000	0,248016
10,280000	0,259489
10,290000	0,250566
10,300000	0,255028
10,310000	0,248654
10,320000	0,258214
10,330000	0,246742
10,340000	0,258852
10,350000	0,249291
10,360000	0,254390
10,370000	0,248654
10,380000	0,255028
10,390000	0,252478
10,400000	0,252478
10,410000	0,253115
10,420000	0,254390
10,430000	0,248654
10,440000	0,254390
10,450000	0,249929
10,460000	0,254390
10,470000	0,251841
10,480000	0,249929
10,490000	0,254390
10,500000	0,252478
10,510000	0,252478
10,520000	0,251841
10,530000	0,252478
10,540000	0,256940
10,550000	0,249929
10,560000	0,260126
10,570000	0,251841
10,580000	0,253115
10,590000	0,249929
10,600000	0,252478
10,610000	0,252478
10,620000	0,255028
10,630000	0,254390
10,640000	0,253753
10,650000	0,256302
10,660000	0,255028
10,670000	0,252478
10,680000	0,256940
10,690000	0,254390
10,700000	0,253115
10,710000	0,251841
10,720000	0,253115
10,730000	0,252478
10,740000	0,256302
10,750000	0,252478
10,760000	0,259489
10,770000	0,254390
10,780000	0,252478
10,790000	0,256940
10,800000	0,256940
10,810000	0,255028
10,820000	0,260126
10,830000	0,255665
10,840000	0,252478
10,850000	0,249929
10,860000	0,258214
10,870000	0,253753
10,880000	0,255028
10,890000	0,256940
10,900000	0,256940
10,910000	0,251841
10,920000	0,259489
10,930000	0,253115
10,940000	0,253753
10,950000	0,253115
10,960000	0,254390
10,970000	0,260126
10,980000	0,256302
10,990000	0,253115
11,000000	0,261401
11,010000	0,253753
11,020000	0,255028
11,030000	0,256302
11,040000	0,256940
11,050000	0,253753
11,060000	0,257577
11,070000	0,257577
11,080000	0,252478
11,090000	0,262039
11,100000	0,254390
11,110000	0,253115
11,120000	0,252478
11,130000	0,252478
11,140000	0,256302
11,150000	0,255665
11,160000	0,253753
11,170000	0,249929
11,180000	0,253753
11,190000	0,259489
11,200000	0,253115
11,210000	0,257577
11,220000	0,259489
11,230000	0,252478
11,240000	0,260126
11,250000	0,251841
11,260000	0,255028
11,270000	0,256302
11,280000	0,256302
11,290000	0,253115
11,300000	0,258214
11,310000	0,253115
11,320000	0,257577
11,330000	0,250566
11,340000	0,253115
11,350000	0,250566
11,360000	0,250566
11,370000	0,255028
11,380000	0,245467
11,390000	0,255028
11,400000	0,252478
11,410000	0,251203
11,420000	0,251203
11,430000	0,249929
11,440000	0,248654
11,450000	0,249929
11,460000	0,251203
11,470000	0,255028
11,480000	0,250566
11,490000	0,252478
11,500000	0,255028
11,510000	0,255028
11,520000	0,246742
11,530000	0,251841
11,540000	0,248654
11,550000	0,256940
11,560000	0,244192
11,570000	0,251841
11,580000	0,248016
11,590000	0,251841
11,600000	0,248016
11,610000	0,249291
11,620000	0,253753
11,630000	0,253753
11,640000	0,251203
11,650000	0,249929
11,660000	0,250566
11,670000	0,246742
11,680000	0,258852
11,690000	0,248016
11,700000	0,254390
11,710000	0,244830
11,720000	0,249929
11,730000	0,242280
11,740000	0,250566
11,750000	0,246742
11,760000	0,246742
11,770000	0,244830
11,780000	0,252478
11,790000	0,243555
11,800000	0,248016
11,810000	0,244830
11,820000	0,250566
11,830000	0,242280
11,840000	0,252478
11,850000	0,243555
11,860000	0,249929
11,870000	0,243555
11,880000	0,253753
11,890000	0,246104
11,900000	0,244830
11,910000	0,246742
11,920000	0,256940
11,930000	0,246104
11,940000	0,249929
11,950000	0,248016
11,960000	0,250566
11,970000	0,249291
11,980000	0,247379
11,990000	0,245467
12,000000	0,249929
12,010000	0,242918
12,020000	0,251203
12,030000	0,246742
12,040000	0,247379
12,050000	0,248654
12,060000	0,249929
12,070000	0,248016
12,080000	0,251203
12,090000	0,247379
12,100000	0,247379
12,110000	0,239093
12,120000	0,247379
12,130000	0,246104
12,140000	0,246742
12,150000	0,248654
12,160000	0,251841
12,170000	0,242918
12,180000	0,248016
12,190000	0,244830
12,200000	0,248016
12,210000	0,246742
12,220000	0,245467
12,230000	0,248654
12,240000	0,244830
12,250000	0,242918
12,260000	0,243555
12,270000	0,248654
12,280000	0,240368
12,290000	0,244830
12,300000	0,246104
12,310000	0,251203
12,320000	0,251841
12,330000	0,244830
12,340000	0,249291
12,350000	0,247379
12,360000	0,250566
12,370000	0,247379
12,380000	0,246742
12,390000	0,249929
12,400000	0,246104
12,410000	0,249291
12,420000	0,246104
12,430000	0,252478
12,440000	0,244192
12,450000	0,259489
12,460000	0,244830
12,470000	0,249929
12,480000	0,248654
12,490000	0,251841
12,500000	0,254390
12,510000	0,248654
12,520000	0,250566
12,530000	0,249929
12,540000	0,249291
12,550000	0,250566
12,560000	0,251203
12,570000	0,251203
12,580000	0,246104
12,590000	0,248654
12,600000	0,247379
12,610000	0,249291
12,620000	0,256302
12,630000	0,246742
12,640000	0,250566
12,650000	0,249929
12,660000	0,251203
12,670000	0,246742
12,680000	0,248016
12,690000	0,247379
12,700000	0,254390
12,710000	0,249291
12,720000	0,248654
12,730000	0,248654
12,740000	0,255665
12,750000	0,251841
12,760000	0,249291
12,770000	0,255028
12,780000	0,249291
12,790000	0,249291
12,800000	0,249291
12,810000	0,251203
12,820000	0,255028
12,830000	0,253753
12,840000	0,251203
12,850000	0,249929
12,860000	0,248016
12,870000	0,254390
12,880000	0,251203
12,890000	0,251841
12,900000	0,256940
12,910000	0,242918
12,920000	0,251841
12,930000	0,250566
12,940000	0,253753
12,950000	0,249291
12,960000	0,254390
12,970000	0,253115
12,980000	0,255665
12,990000	0,244830
13,000000	0,249929
13,010000	0,253753
13,020000	0,254390
13,030000	0,249929
13,040000	0,258214
13,050000	0,250566
13,060000	0,256940
13,070000	0,244192
13,080000	0,258852
13,090000	0,246104
13,100000	0,258852
13,110000	0,246104
13,120000	0,258214
13,130000	0,246742
13,140000	0,258214
13,150000	0,246742
13,160000	0,256940
13,170000	0,246104
13,180000	0,256302
13,190000	0,247379
13,200000	0,249929
13,210000	0,246742
13,220000	0,253115
13,230000	0,255665
13,240000	0,247379
13,250000	0,252478
13,260000	0,254390
13,270000	0,253753
13,280000	0,253753
13,290000	0,248654
13,300000	0,247379
13,310000	0,252478
13,320000	0,256302
13,330000	0,251841
13,340000	0,252478
13,350000	0,253753
13,360000	0,255665
13,370000	0,248016
13,380000	0,255028
13,390000	0,254390
13,400000	0,252478
13,410000	0,243555
13,420000	0,248654
13,430000	0,248654
13,440000	0,249929
13,450000	0,246104
13,460000	0,251841
13,470000	0,240368
13,480000	0,248016
13,490000	0,251841
13,500000	0,248654
13,510000	0,255028
13,520000	0,253115
13,530000	0,243555
13,540000	0,249929
13,550000	0,246104
13,560000	0,247379
13,570000	0,250566
13,580000	0,249929
13,590000	0,249291
13,600000	0,248654
13,610000	0,245467
13,620000	0,246742
13,630000	0,249291
13,640000	0,254390
13,650000	0,244192
13,660000	0,251203
13,670000	0,247379
13,680000	0,247379
13,690000	0,255028
13,700000	0,254390
13,710000	0,246104
13,720000	0,244830
13,730000	0,244830
13,740000	0,251203
13,750000	0,244192
13,760000	0,250566
13,770000	0,242918
13,780000	0,246742
13,790000	0,248654
13,800000	0,245467
13,810000	0,246742
13,820000	0,247379
13,830000	0,247379
13,840000	0,249291
13,850000	0,243555
13,860000	0,247379
13,870000	0,249929
13,880000	0,246104
13,890000	0,239093
13,900000	0,248016
13,910000	0,244830
13,920000	0,245467
13,930000	0,241643
13,940000	0,244830
13,950000	0,242280
13,960000	0,245467
13,970000	0,244830
13,980000	0,247379
13,990000	0,244830
14,000000	0,246104
14,010000	0,242918
14,020000	0,246104
14,030000	0,238456
14,040000	0,246104
14,050000	0,244192
14,060000	0,246742
14,070000	0,238456
14,080000	0,246742
14,090000	0,244192
14,100000	0,250566
14,110000	0,245467
14,120000	0,244192
14,130000	0,241643
14,140000	0,251841
14,150000	0,249929
14,160000	0,241643
14,170000	0,245467
14,180000	0,240368
14,190000	0,249929
14,200000	0,251203
14,210000	0,244830
14,220000	0,248016
14,230000	0,246742
14,240000	0,244192
14,250000	0,244830
14,260000	0,248654
14,270000	0,247379
14,280000	0,250566
14,290000	0,240368
14,300000	0,244830
14,310000	0,248654
14,320000	0,250566
14,330000	0,244830
14,340000	0,246104
14,350000	0,243555
14,360000	0,245467
14,370000	0,251841
14,380000	0,241643
14,390000	0,249291
14,400000	0,242280
14,410000	0,246742
14,420000	0,245467
14,430000	0,241643
14,440000	0,244830
14,450000	0,235907
14,460000	0,241643
14,470000	0,251203
14,480000	0,248016
14,490000	0,248016
14,500000	0,248654
14,510000	0,249291
14,520000	0,247379
14,530000	0,252478
14,540000	0,251203
14,550000	0,253115
14,560000	0,249929
14,570000	0,252478
14,580000	0,246104
14,590000	0,251203
14,600000	0,249291
14,610000	0,246104
14,620000	0,251203
14,630000	0,246104
14,640000	0,252478
14,650000	0,248654
14,660000	0,251203
14,670000	0,249291
14,680000	0,250566
14,690000	0,252478
14,700000	0,246742
14,710000	0,244192
14,720000	0,249929
14,730000	0,244192
14,740000	0,254390
14,750000	0,249291
14,760000	0,249291
14,770000	0,249929
14,780000	0,260126
14,790000	0,253115
14,800000	0,258852
14,810000	0,248016
14,820000	0,252478
14,830000	0,244830
14,840000	0,242918
14,850000	0,249929
14,860000	0,249929
14,870000	0,248654
14,880000	0,247379
14,890000	0,248016
14,900000	0,251203
14,910000	0,241643
14,920000	0,252478
14,930000	0,247379
14,940000	0,249291
14,950000	0,246104
14,960000	0,253115
14,970000	0,239731
14,980000	0,253115
14,990000	0,239731
15,000000	0,248654
15,010000	0,245467
15,020000	0,246742
15,030000	0,246104
15,040000	0,246104
15,050000	0,248654
15,060000	0,237181
15,070000	0,249929
15,080000	0,239093
15,090000	0,248016
15,100000	0,244830
15,110000	0,250566
15,120000	0,249291
15,130000	0,248654
15,140000	0,244192
15,150000	0,246742
15,160000	0,248654
15,170000	0,248654
15,180000	0,248016
15,190000	0,248654
15,200000	0,252478
15,210000	0,251203
15,220000	0,254390
15,230000	0,246742
15,240000	0,257577
15,250000	0,249929
15,260000	0,262676
15,270000	0,252478
15,280000	0,261401
15,290000	0,255028
15,300000	0,258214
15,310000	0,241643
15,320000	0,252478
15,330000	0,248016
15,340000	0,242918
15,350000	0,255028
15,360000	0,248654
15,370000	0,266500
15,380000	0,244830
15,390000	0,255028
15,400000	0,251841
15,410000	0,254390
15,420000	0,285621
15,430000	0,256940
15,440000	0,262676
15,450000	0,249929
15,460000	0,269687
15,470000	0,255028
15,480000	0,264588
15,490000	0,252478
15,500000	0,251203
15,510000	0,242280
15,520000	0,249291
15,530000	0,239731
15,540000	0,257577
15,550000	0,239731
15,560000	0,245467
15,570000	0,239731
15,580000	0,235907
15,590000	0,241643
15,600000	0,235907
15,610000	0,242280
15,620000	0,239731
15,630000	0,246104
15,640000	0,242280
15,650000	0,243555
15,660000	0,239731
15,670000	0,251841
15,680000	0,242280
15,690000	0,248016
15,700000	0,247379
15,710000	0,239731
15,720000	0,249929
15,730000	0,238456
15,740000	0,251841
15,750000	0,246104
15,760000	0,247379
15,770000	0,252478
15,780000	0,252478
15,790000	0,250566
15,800000	0,245467
15,810000	0,250566
15,820000	0,249929
15,830000	0,248654
15,840000	0,253753
15,850000	0,244830
15,860000	0,253115
15,870000	0,239731
15,880000	0,246742
15,890000	0,243555
15,900000	0,258214
15,910000	0,244830
15,920000	0,257577
15,930000	0,241643
15,940000	0,260764
15,950000	0,246742
15,960000	0,253753
15,970000	0,252478
15,980000	0,260764
15,990000	0,255665
16,000000	0,249929
16,010000	0,247379
16,020000	0,260764
16,030000	0,245467
16,040000	0,256940
16,050000	0,253753
16,060000	0,255028
16,070000	0,252478
16,080000	0,237819
16,090000	0,243555
16,100000	0,243555
16,110000	0,242280
16,120000	0,239731
16,130000	0,239731
16,140000	0,239093
16,150000	0,234632
16,160000	0,244830
16,170000	0,239731
16,180000	0,247379
16,190000	0,236544
16,200000	0,244830
16,210000	0,239093
16,220000	0,244830
16,230000	0,242280
16,240000	0,246742
16,250000	0,238456
16,260000	0,241643
16,270000	0,238456
16,280000	0,243555
16,290000	0,247379
16,300000	0,249291
16,310000	0,249929
16,320000	0,244192
16,330000	0,242918
16,340000	0,250566
16,350000	0,245467
16,360000	0,253753
16,370000	0,248654
16,380000	0,242280
16,390000	0,243555
16,400000	0,243555
16,410000	0,248654
16,420000	0,248016
16,430000	0,242280
16,440000	0,248016
16,450000	0,248654
16,460000	0,262039
16,470000	0,263313
16,480000	0,256940
16,490000	0,267775
16,500000	0,251841
16,510000	0,246104
16,520000	0,249929
16,530000	0,242280
16,540000	0,251841
16,550000	0,244192
16,560000	0,247379
16,570000	0,244830
16,580000	0,243555
16,590000	0,240368
16,600000	0,267137
16,610000	0,247379
16,620000	0,257577
16,630000	0,253753
16,640000	0,257577
16,650000	0,249929
16,660000	0,246104
16,670000	0,240368
16,680000	0,238456
16,690000	0,226983
16,700000	0,247379
16,710000	0,232082
16,720000	0,248654
16,730000	0,268412
16,740000	0,251841
16,750000	0,244192
16,760000	0,249929
16,770000	0,254390
16,780000	0,268412
16,790000	0,254390
16,800000	0,242280
16,810000	0,244192
16,820000	0,210412
16,830000	0,236544
16,840000	0,189379
16,850000	0,224434
16,860000	0,182368
16,870000	0,211687
16,880000	0,226983
16,890000	0,195752
16,900000	0,247379
16,910000	0,251841
16,920000	0,254390
16,930000	0,288171
16,940000	0,252478
16,950000	0,291995
16,960000	0,245467
16,970000	0,275423
16,980000	0,248654
16,990000	0,259489
17,000000	0,260126
17,010000	0,253753
17,020000	0,254390
17,030000	0,236544
17,040000	0,252478
17,050000	0,252478
17,060000	0,251203
17,070000	0,245467
17,080000	0,262676
17,090000	0,247379
17,100000	0,263313
17,110000	0,254390
17,120000	0,251203
17,130000	0,247379
17,140000	0,259489
17,150000	0,241643
17,160000	0,258852
17,170000	0,251841
17,180000	0,249291
17,190000	0,252478
17,200000	0,255665
17,210000	0,235269
17,220000	0,253753
17,230000	0,228258
17,240000	0,252478
17,250000	0,241643
17,260000	0,249291
17,270000	0,269687
17,280000	0,242918
17,290000	0,217423
17,300000	0,242918
17,310000	0,241005
17,320000	0,265225
17,330000	0,242918
17,340000	0,224434
17,350000	0,258214
17,360000	0,272236
17,370000	0,249929
17,380000	0,256940
17,390000	0,233357
17,400000	0,242280
17,410000	0,238456
17,420000	0,239731
17,430000	0,235269
17,440000	0,252478
17,450000	0,244830
17,460000	0,256940
17,470000	0,280522
17,480000	0,235907
17,490000	0,221884
17,500000	0,247379
17,510000	0,255665
17,520000	0,283709
17,530000	0,248654
17,540000	0,253753
17,550000	0,242280
17,560000	0,272874
17,570000	0,245467
17,580000	0,221884
17,590000	0,256302
17,600000	0,236544
17,610000	0,244830
17,620000	0,236544
17,630000	0,249929
17,640000	0,219335
17,650000	0,258852
17,660000	0,254390
17,670000	0,255665
17,680000	0,241643
17,690000	0,246104
17,700000	0,245467
17,710000	0,267775
17,720000	0,255028
17,730000	0,256940
17,740000	0,242280
17,750000	0,245467
17,760000	0,260764
17,770000	0,246104
17,780000	0,267775
17,790000	0,251203
17,800000	0,267137
17,810000	0,237181
17,820000	0,250566
17,830000	0,236544
17,840000	0,239731
17,850000	0,217423
17,860000	0,237181
17,870000	0,212324
17,880000	0,236544
17,890000	0,236544
17,900000	0,247379
17,910000	0,226346
17,920000	0,252478
17,930000	0,237181
17,940000	0,251841
17,950000	0,234632
17,960000	0,251841
17,970000	0,232720
17,980000	0,224434
17,990000	0,228258
18,000000	0,211049
18,010000	0,229533
18,020000	0,211687
18,030000	0,259489
18,040000	0,263313
18,050000	0,237819
18,060000	0,264588
18,070000	0,315577
18,080000	0,251203
18,090000	0,212961
18,100000	0,249291
18,110000	0,279247
18,120000	0,228896
18,130000	0,262676
18,140000	0,244192
18,150000	0,242280
18,160000	0,177269
18,170000	0,247379
18,180000	0,209137
18,190000	0,262039
18,200000	0,326413
18,210000	0,262676
18,220000	0,372303
18,230000	0,236544
18,240000	0,281797
18,250000	0,211049
18,260000	0,212961
18,270000	0,306654
18,280000	0,221247
18,290000	0,168346
18,300000	0,218060
18,310000	0,177269
18,320000	0,263313
18,330000	0,194478
18,340000	0,288171
18,350000	0,211687
18,360000	0,229533
18,370000	0,284346
18,380000	0,205950
18,390000	0,252478
18,400000	0,228896
18,410000	0,255028
18,420000	0,235269
18,430000	0,200851
18,440000	0,232082
18,450000	0,209137
18,460000	0,244192
18,470000	0,240368
18,480000	0,234632
18,490000	0,254390
18,500000	0,241643
18,510000	0,249929
18,520000	0,239731
18,530000	0,242280
18,540000	0,255028
18,550000	0,244830
18,560000	0,207225
18,570000	0,241643
18,580000	0,262676
18,590000	0,235907
18,600000	0,219972
18,610000	0,244192
18,620000	0,247379
18,630000	0,258852
18,640000	0,249929
18,650000	0,222522
18,660000	0,244192
18,670000	0,232082
18,680000	0,255665
18,690000	0,255028
18,700000	0,232082
18,710000	0,216148
18,720000	0,195752
18,730000	0,251203
18,740000	0,189379
18,750000	0,234632
18,760000	0,296456
18,770000	0,248016
18,780000	0,335973
18,790000	0,263951
18,800000	0,269687
18,810000	0,257577
18,820000	0,252478
18,830000	0,280522
18,840000	0,236544
18,850000	0,216786
18,860000	0,235907
18,870000	0,197027
18,880000	0,223159
18,890000	0,262039
18,900000	0,243555
18,910000	0,254390
18,920000	0,249291
18,930000	0,269050
18,940000	0,240368
18,950000	0,235907
18,960000	0,241005
18,970000	0,253753
18,980000	0,234632
18,990000	0,248654
19,000000	0,233994
19,010000	0,234632
19,020000	0,249291
19,030000	0,257577
19,040000	0,247379
19,050000	0,242918
19,060000	0,237819
19,070000	0,245467
19,080000	0,247379
19,090000	0,243555
19,100000	0,248654
19,110000	0,247379
19,120000	0,236544
19,130000	0,242280
19,140000	0,234632
19,150000	0,248654
19,160000	0,249929
19,170000	0,251203
19,180000	0,275423
19,190000	0,254390
19,200000	0,253115
19,210000	0,246742
19,220000	0,246742
19,230000	0,276698
19,240000	0,249291
19,250000	0,231445
19,260000	0,247379
19,270000	0,226983
19,280000	0,252478
19,290000	0,237819
19,300000	0,265863
19,310000	0,259489
19,320000	0,262676
19,330000	0,270324
19,340000	0,287533
19,350000	0,265863
19,360000	0,264588
19,370000	0,248654
19,380000	0,211049
19,390000	0,230170
19,400000	0,249929
19,410000	0,234632
19,420000	0,235269
19,430000	0,188104
19,440000	0,248654
19,450000	0,270962
19,460000	0,254390
19,470000	0,316852
19,480000	0,267775
19,490000	0,321951
19,500000	0,235907
19,510000	0,306654
19,520000	0,264588
19,530000	0,223797
19,540000	0,232082
19,550000	0,211687
19,560000	0,117356
19,570000	0,223159
19,580000	0,185555
19,590000	0,255665
19,600000	0,158785
19,610000	0,266500
19,620000	0,252478
19,630000	0,214236
19,640000	0,255665
19,650000	0,314940
19,660000	0,232082
19,670000	0,304742
19,680000	0,217423
19,690000	0,270324
19,700000	0,198302
19,710000	0,252478
19,720000	0,255028
19,730000	0,249929
19,740000	0,273511
19,750000	0,265225
19,760000	0,249929
19,770000	0,254390
19,780000	0,256940
19,790000	0,269687
19,800000	0,267137
19,810000	0,260764
19,820000	0,249291
19,830000	0,248654
19,840000	0,269687
19,850000	0,251203
19,860000	0,246742
19,870000	0,230170
19,880000	0,239731
19,890000	0,265863
19,900000	0,246104
19,910000	0,256302
19,920000	0,254390
19,930000	0,234632
19,940000	0,253115
19,950000	0,246742
19,960000	0,256302
19,970000	0,248016
19,980000	0,212324
19,990000	0,255028
20,000000	0,202126
20,010000	0,241643
20,020000	0,207225
20,030000	0,223797
20,040000	0,237181
20,050000	0,211687
20,060000	0,246104
20,070000	0,297731
20,080000	0,241643
20,090000	0,183005
20,100000	0,246104
20,110000	0,285621
20,120000	0,246742
20,130000	0,246104
20,140000	0,265863
20,150000	0,224434
20,160000	0,193840
20,170000	0,229533
20,180000	0,207225
20,190000	0,228896
20,200000	0,183005
20,210000	0,245467
20,220000	0,256940
20,230000	0,244830
20,240000	0,246742
20,250000	0,282434
20,260000	0,260126
20,270000	0,260764
20,280000	0,239093
20,290000	0,254390
20,300000	0,213599
20,310000	0,259489
20,320000	0,228896
20,330000	0,246104
20,340000	0,258214
20,350000	0,244830
20,360000	0,247379
20,370000	0,218698
20,380000	0,246742
20,390000	0,244830
20,400000	0,242280
20,410000	0,242918
20,420000	0,242280
20,430000	0,239731
20,440000	0,252478
20,450000	0,239093
20,460000	0,275423
20,470000	0,252478
20,480000	0,247379
20,490000	0,232720
20,500000	0,256940
20,510000	0,232720
20,520000	0,214236
20,530000	0,233357
20,540000	0,201489
20,550000	0,241005
20,560000	0,206588
20,570000	0,252478
20,580000	0,230170
20,590000	0,230170
20,600000	0,225709
20,610000	0,266500
20,620000	0,231445
20,630000	0,260764
20,640000	0,234632
20,650000	0,252478
20,660000	0,224434
20,670000	0,216786
20,680000	0,241005
20,690000	0,236544
20,700000	0,228896
20,710000	0,243555
20,720000	0,232082
20,730000	0,255665
20,740000	0,311753
20,750000	0,251203
20,760000	0,294544
20,770000	0,244830
20,780000	0,253115
20,790000	0,251203
20,800000	0,233357
20,810000	0,188741
20,820000	0,239093
20,830000	0,166434
20,840000	0,221884
20,850000	0,211687
20,860000	0,256940
20,870000	0,288808
20,880000	0,260126
20,890000	0,249929
20,900000	0,227621
20,910000	0,239731
20,920000	0,368479
20,930000	0,226983
20,940000	0,245467
20,950000	0,221247
20,960000	0,244830
20,970000	0,244830
20,980000	0,244192
20,990000	0,271599
21,000000	0,248654
21,010000	0,193203
21,020000	0,281160
21,030000	0,204676
21,040000	0,295819
21,050000	0,237819
21,060000	0,293907
21,070000	0,240368
21,080000	0,232082
21,090000	0,242280
21,100000	0,208500
21,110000	0,209137
21,120000	0,235907
21,130000	0,209137
21,140000	0,242280
21,150000	0,204676
21,160000	0,237181
21,170000	0,235269
21,180000	0,228258
21,190000	0,235907
21,200000	0,251841
21,210000	0,235907
21,220000	0,258852
21,230000	0,241643
21,240000	0,248654
21,250000	0,246104
21,260000	0,247379
21,270000	0,249291
21,280000	0,228896
21,290000	0,241643
21,300000	0,236544
21,310000	0,218060
21,320000	0,242280
21,330000	0,292632
21,340000	0,240368
21,350000	0,237181
21,360000	0,249291
21,370000	0,243555
21,380000	0,291357
21,390000	0,251203
21,400000	0,198939
21,410000	0,240368
21,420000	0,211049
21,430000	0,250566
21,440000	0,230170
21,450000	0,235907
21,460000	0,211687
21,470000	0,204676
21,480000	0,248654
21,490000	0,239093
21,500000	0,223159
21,510000	0,337248
21,520000	0,258214
21,530000	0,295182
21,540000	0,255028
21,550000	0,278610
21,560000	0,257577
21,570000	0,249291
21,580000	0,228896
21,590000	0,229533
21,600000	0,225071
21,610000	0,224434
21,620000	0,198939
21,630000	0,229533
21,640000	0,224434
21,650000	0,224434
21,660000	0,242918
21,670000	0,229533
21,680000	0,265225
21,690000	0,238456
21,700000	0,285621
21,710000	0,241005
21,720000	0,244830
21,730000	0,230808
21,740000	0,241643
21,750000	0,235907
21,760000	0,242918
21,770000	0,232082
21,780000	0,241643
21,790000	0,219335
21,800000	0,237819
21,810000	0,232082
21,820000	0,245467
21,830000	0,232720
21,840000	0,246742
21,850000	0,250566
21,860000	0,249291
21,870000	0,244830
21,880000	0,260764
21,890000	0,247379
21,900000	0,269050
21,910000	0,244830
21,920000	0,257577
21,930000	0,244830
21,940000	0,269050
21,950000	0,256940
21,960000	0,248016
21,970000	0,234632
21,980000	0,254390
21,990000	0,232082
22,000000	0,253753
22,010000	0,257577
22,020000	0,249929
22,030000	0,271599
22,040000	0,229533
22,050000	0,241005
22,060000	0,223159
22,070000	0,232082
22,080000	0,226983
22,090000	0,231445
22,100000	0,170895
22,110000	0,237181
22,120000	0,191291
22,130000	0,248654
22,140000	0,195115
22,150000	0,241005
22,160000	0,246742
22,170000	0,256940
22,180000	0,244830
22,190000	0,297094
22,200000	0,215511
22,210000	0,209775
22,220000	0,209775
22,230000	0,110345
22,240000	0,228896
22,250000	0,170895
22,260000	0,256302
22,270000	0,261401
22,280000	0,159423
22,290000	0,202763
22,300000	0,210412
22,310000	0,247379
22,320000	0,300918
22,330000	0,228258
22,340000	0,303467
22,350000	0,205950
22,360000	0,279247
22,370000	0,229533
22,380000	0,237181
22,390000	0,279247
22,400000	0,265863
22,410000	0,245467
22,420000	0,249291
22,430000	0,231445
22,440000	0,253753
22,450000	0,240368
22,460000	0,248654
22,470000	0,242280
22,480000	0,232082
22,490000	0,255028
22,500000	0,234632
22,510000	0,263951
22,520000	0,235907
22,530000	0,284984
22,540000	0,237819
22,550000	0,252478
22,560000	0,232082
22,570000	0,226346
22,580000	0,234632
22,590000	0,243555
22,600000	0,245467
22,610000	0,238456
22,620000	0,219335
22,630000	0,235907
22,640000	0,256940
22,650000	0,236544
22,660000	0,260126
22,670000	0,247379
22,680000	0,234632
22,690000	0,249929
22,700000	0,237819
22,710000	0,190016
22,720000	0,243555
22,730000	0,192566
22,740000	0,246742
22,750000	0,197665
22,760000	0,233994
22,770000	0,228258
22,780000	0,207862
22,790000	0,239731
22,800000	0,220610
22,810000	0,239731
22,820000	0,267775
22,830000	0,240368
22,840000	0,164522
22,850000	0,223797
22,860000	0,271599
22,870000	0,225071
22,880000	0,227621
22,890000	0,178544
22,900000	0,230170
22,910000	0,242918
22,920000	0,232720
22,930000	0,213599
22,940000	0,232720
22,950000	0,201489
22,960000	0,244830
22,970000	0,244192
22,980000	0,289445
22,990000	0,235269
23,000000	0,272874
23,010000	0,272874
23,020000	0,253115
23,030000	0,218060
23,040000	0,248654
23,050000	0,239731
23,060000	0,242280
23,070000	0,248654
23,080000	0,225709
23,090000	0,237181
23,100000	0,237181
23,110000	0,238456
23,120000	0,243555
23,130000	0,236544
23,140000	0,260126
23,150000	0,251203
23,160000	0,239093
23,170000	0,252478
23,180000	0,227621
23,190000	0,239731
23,200000	0,226346
23,210000	0,253115
23,220000	0,236544
23,230000	0,233994
23,240000	0,217423
23,250000	0,231445
23,260000	0,224434
23,270000	0,242918
23,280000	0,232720
23,290000	0,234632
23,300000	0,233357
23,310000	0,228896
23,320000	0,228896
23,330000	0,225709
23,340000	0,223797
23,350000	0,241643
23,360000	0,216148
23,370000	0,203401
23,380000	0,228258
23,390000	0,205950
23,400000	0,243555
23,410000	0,240368
23,420000	0,237181
23,430000	0,250566
23,440000	0,242280
23,450000	0,245467
23,460000	0,288171
23,470000	0,234632
23,480000	0,226983
23,490000	0,232720
23,500000	0,216148
23,510000	0,239731
23,520000	0,223159
23,530000	0,262676
23,540000	0,264588
23,550000	0,243555
23,560000	0,247379
23,570000	0,303467
23,580000	0,262039
23,590000	0,357006
23,600000	0,244830
23,610000	0,324500
23,620000	0,237819
23,630000	0,274148
23,640000	0,255028
23,650000	0,244192
23,660000	0,234632
23,670000	0,253115
23,680000	0,186829
23,690000	0,272874
23,700000	0,196390
23,710000	0,248654
23,720000	0,212324
23,730000	0,232082
23,740000	0,206588
23,750000	0,217423
23,760000	0,214236
23,770000	0,244830
23,780000	0,214236
23,790000	0,244830
23,800000	0,220610
23,810000	0,245467
23,820000	0,240368
23,830000	0,242918
23,840000	0,235269
23,850000	0,236544
23,860000	0,204038
23,870000	0,239731
23,880000	0,224434
23,890000	0,233357
23,900000	0,207225
23,910000	0,228896
23,920000	0,236544
23,930000	0,211687
23,940000	0,238456
23,950000	0,244192
23,960000	0,237181
23,970000	0,250566
23,980000	0,241643
23,990000	0,260126
24,000000	0,226983
24,010000	0,237181
24,020000	0,205950
24,030000	0,218698
24,040000	0,211687
24,050000	0,233994
24,060000	0,262039
24,070000	0,222522
24,080000	0,279247
24,090000	0,239093
24,100000	0,255028
24,110000	0,233994
24,120000	0,242280
24,130000	0,269050
24,140000	0,236544
24,150000	0,217423
24,160000	0,235907
24,170000	0,181093
24,180000	0,219335
24,190000	0,216786
24,200000	0,223159
24,210000	0,226346
24,220000	0,311116
24,230000	0,239731
24,240000	0,313665
24,250000	0,213599
24,260000	0,310478
24,270000	0,244192
24,280000	0,246742
24,290000	0,264588
24,300000	0,256940
24,310000	0,291357
24,320000	0,216786
24,330000	0,179181
24,340000	0,214236
24,350000	0,224434
24,360000	0,233994
24,370000	0,195752
24,380000	0,265225
24,390000	0,250566
24,400000	0,224434
24,410000	0,246742
24,420000	0,235907
24,430000	0,260764
24,440000	0,234632
24,450000	0,279885
24,460000	0,234632
24,470000	0,217423
24,480000	0,227621
24,490000	0,223797
24,500000	0,233994
24,510000	0,225709
24,520000	0,219972
24,530000	0,241643
24,540000	0,228896
24,550000	0,261401
24,560000	0,242280
24,570000	0,255028
24,580000	0,230170
24,590000	0,224434
24,600000	0,244830
24,610000	0,224434
24,620000	0,227621
24,630000	0,232082
24,640000	0,216786
24,650000	0,219335
24,660000	0,216148
24,670000	0,246742
24,680000	0,229533
24,690000	0,245467
24,700000	0,246104
24,710000	0,236544
24,720000	0,235269
24,730000	0,263951
24,740000	0,226983
24,750000	0,172170
24,760000	0,225071
24,770000	0,193840
24,780000	0,225071
24,790000	0,234632
24,800000	0,237181
24,810000	0,232720
24,820000	0,224434
24,830000	0,237181
24,840000	0,269050
24,850000	0,232082
24,860000	0,288808
24,870000	0,216786
24,880000	0,247379
24,890000	0,200851
24,900000	0,211687
24,910000	0,212961
24,920000	0,226346
24,930000	0,153686
24,940000	0,219335
24,950000	0,204038
24,960000	0,232082
24,970000	0,214873
24,980000	0,249929
24,990000	0,206588
25,000000	0,220610
25,010000	0,228896
25,020000	0,228258
25,030000	0,202126
25,040000	0,264588
25,050000	0,189379
25,060000	0,245467
25,070000	0,218698
25,080000	0,239731
25,090000	0,237181
25,100000	0,254390
25,110000	0,250566
25,120000	0,245467
25,130000	0,240368
25,140000	0,246104
25,150000	0,228258
25,160000	0,242918
25,170000	0,222522
25,180000	0,239731
25,190000	0,252478
25,200000	0,232720
25,210000	0,245467
25,220000	0,231445
25,230000	0,237181
25,240000	0,238456
25,250000	0,244830
25,260000	0,251841
25,270000	0,241005
25,280000	0,241005
25,290000	0,233357
25,300000	0,232082
25,310000	0,228258
25,320000	0,221247
25,330000	0,226346
25,340000	0,228896
25,350000	0,223159
25,360000	0,235269
25,370000	0,249291
25,380000	0,241643
25,390000	0,209137
25,400000	0,243555
25,410000	0,239731
25,420000	0,242280
25,430000	0,246104
25,440000	0,233994
25,450000	0,234632
25,460000	0,216148
25,470000	0,228896
25,480000	0,214236
25,490000	0,235907
25,500000	0,221884
25,510000	0,232082
25,520000	0,254390
25,530000	0,259489
25,540000	0,246104
25,550000	0,265863
25,560000	0,245467
25,570000	0,179818
25,580000	0,219335
25,590000	0,179818
25,600000	0,205950
25,610000	0,181093
25,620000	0,211049
25,630000	0,226983
25,640000	0,183643
25,650000	0,225071
25,660000	0,267775
25,670000	0,231445
25,680000	0,270324
25,690000	0,245467
25,700000	0,258214
25,710000	0,245467
25,720000	0,253753
25,730000	0,242280
25,740000	0,219335
25,750000	0,235907
25,760000	0,220610
25,770000	0,234632
25,780000	0,214873
25,790000	0,238456
25,800000	0,248654
25,810000	0,237819
25,820000	0,249291
25,830000	0,232720
25,840000	0,239093
25,850000	0,228896
25,860000	0,221884
25,870000	0,226346
25,880000	0,225071
25,890000	0,208500
25,900000	0,225709
25,910000	0,218698
25,920000	0,228258
25,930000	0,212961
25,940000	0,239731
25,950000	0,221247
25,960000	0,232082
25,970000	0,235907
25,980000	0,248654
25,990000	0,226983
26,000000	0,226346
26,010000	0,232082
26,020000	0,202763
26,030000	0,219335
26,040000	0,193203
26,050000	0,226983
26,060000	0,209137
26,070000	0,233994
26,080000	0,232082
26,090000	0,239093
26,100000	0,234632
26,110000	0,275423
26,120000	0,222522
26,130000	0,265225
26,140000	0,234632
26,150000	0,239731
26,160000	0,228896
26,170000	0,221247
26,180000	0,205313
26,190000	0,228896
26,200000	0,193840
26,210000	0,234632
26,220000	0,270962
26,230000	0,241005
26,240000	0,330874
26,250000	0,246742
26,260000	0,301555
26,270000	0,230170
26,280000	0,262039
26,290000	0,254390
26,300000	0,236544
26,310000	0,221247
26,320000	0,214236
26,330000	0,185555
26,340000	0,217423
26,350000	0,191928
26,360000	0,238456
26,370000	0,204038
26,380000	0,226983
26,390000	0,229533
26,400000	0,218698
26,410000	0,232082
26,420000	0,224434
26,430000	0,231445
26,440000	0,224434
26,450000	0,219335
26,460000	0,228896
26,470000	0,221247
26,480000	0,224434
26,490000	0,226346
26,500000	0,228258
26,510000	0,229533
26,520000	0,220610
26,530000	0,232082
26,540000	0,221884
26,550000	0,225071
26,560000	0,209775
26,570000	0,221884
26,580000	0,218698
26,590000	0,213599
26,600000	0,221247
26,610000	0,221884
26,620000	0,221884
26,630000	0,226346
26,640000	0,226983
26,650000	0,219335
26,660000	0,219972
26,670000	0,215511
26,680000	0,224434
26,690000	0,228258
26,700000	0,219972
26,710000	0,227621
26,720000	0,211687
26,730000	0,220610
26,740000	0,211049
26,750000	0,221884
26,760000	0,219335
26,770000	0,225071
26,780000	0,223797
26,790000	0,235907
26,800000	0,220610
26,810000	0,233357
26,820000	0,225071
26,830000	0,219335
26,840000	0,221247
26,850000	0,226346
26,860000	0,228258
26,870000	0,223797
26,880000	0,216786
26,890000	0,219972
26,900000	0,251841
26,910000	0,219972
26,920000	0,255665
26,930000	0,218698
26,940000	0,251203
26,950000	0,246104
26,960000	0,252478
26,970000	0,250566
26,980000	0,244830
26,990000	0,220610
27,000000	0,227621
27,010000	0,212961
27,020000	0,221884
27,030000	0,205313
27,040000	0,208500
27,050000	0,221884
27,060000	0,211687
27,070000	0,228896
27,080000	0,218060
27,090000	0,227621
27,100000	0,219335
27,110000	0,225071
27,120000	0,222522
27,130000	0,216786
27,140000	0,217423
27,150000	0,221884
27,160000	0,220610
27,170000	0,227621
27,180000	0,238456
27,190000	0,234632
27,200000	0,237819
27,210000	0,236544
27,220000	0,241643
27,230000	0,240368
27,240000	0,236544
27,250000	0,239731
27,260000	0,237819
27,270000	0,211687
27,280000	0,232082
27,290000	0,208500
27,300000	0,225071
27,310000	0,217423
27,320000	0,226346
27,330000	0,224434
27,340000	0,232082
27,350000	0,234632
27,360000	0,232720
27,370000	0,238456
27,380000	0,237819
27,390000	0,226983
27,400000	0,192566
27,410000	0,219972
27,420000	0,200851
27,430000	0,218698
27,440000	0,205950
27,450000	0,209775
27,460000	0,217423
27,470000	0,242280
27,480000	0,226346
27,490000	0,260126
27,500000	0,223159
27,510000	0,244830
27,520000	0,225071
27,530000	0,227621
27,540000	0,211687
27,550000	0,216148
27,560000	0,198939
27,570000	0,205313
27,580000	0,170258
27,590000	0,204676
27,600000	0,204676
27,610000	0,216786
27,620000	0,207862
27,630000	0,224434
27,640000	0,214236
27,650000	0,241005
27,660000	0,249291
27,670000	0,262039
27,680000	0,233994
27,690000	0,251841
27,700000	0,220610
27,710000	0,232082
27,720000	0,225709
27,730000	0,232720
27,740000	0,219335
27,750000	0,226983
27,760000	0,226983
27,770000	0,226346
27,780000	0,229533
27,790000	0,228896
27,800000	0,223159
27,810000	0,223159
27,820000	0,228258
27,830000	0,226983
27,840000	0,219335
27,850000	0,235269
27,860000	0,211687
27,870000	0,233357
27,880000	0,223797
27,890000	0,226983
27,900000	0,231445
27,910000	0,221247
27,920000	0,239731
27,930000	0,234632
27,940000	0,228258
27,950000	0,234632
27,960000	0,233357
27,970000	0,224434
27,980000	0,230170
27,990000	0,224434
28,000000	0,228258
28,010000	0,225071
28,020000	0,228258
28,030000	0,221884
28,040000	0,230808
28,050000	0,226983
28,060000	0,232082
28,070000	0,218060
28,080000	0,225709
28,090000	0,218698
28,100000	0,230808
28,110000	0,228258
28,120000	0,225709
28,130000	0,221247
28,140000	0,229533
28,150000	0,226346
28,160000	0,230170
28,170000	0,227621
28,180000	0,219972
28,190000	0,223797
28,200000	0,228258
28,210000	0,208500
28,220000	0,224434
28,230000	0,211687
28,240000	0,228258
28,250000	0,204038
28,260000	0,223159
28,270000	0,216786
28,280000	0,209137
28,290000	0,209137
28,300000	0,209137
28,310000	0,212324
28,320000	0,230808
28,330000	0,214873
28,340000	0,221884
28,350000	0,233357
28,360000	0,221884
28,370000	0,221884
28,380000	0,213599
28,390000	0,217423
28,400000	0,225071
28,410000	0,224434
28,420000	0,232720
28,430000	0,227621
28,440000	0,228896
28,450000	0,224434
28,460000	0,224434
28,470000	0,226983
28,480000	0,229533
28,490000	0,218060
28,500000	0,216786
28,510000	0,217423
28,520000	0,212324
28,530000	0,212961
28,540000	0,207862
28,550000	0,221247
28,560000	0,218698
28,570000	0,211687
28,580000	0,221884
28,590000	0,208500
28,600000	0,219972
28,610000	0,219335
28,620000	0,220610
28,630000	0,219972
28,640000	0,219972
28,650000	0,211049
28,660000	0,228896
28,670000	0,200851
28,680000	0,219335
28,690000	0,211687
28,700000	0,219335
28,710000	0,216148
28,720000	0,218060
28,730000	0,218060
28,740000	0,241005
28,750000	0,221884
28,760000	0,209775
28,770000	0,218060
28,780000	0,212961
28,790000	0,221884
28,800000	0,217423
28,810000	0,211687
28,820000	0,206588
28,830000	0,211049
28,840000	0,215511
28,850000	0,219335
28,860000	0,221247
28,870000	0,273511
28,880000	0,221884
28,890000	0,266500
28,900000	0,243555
28,910000	0,254390
28,920000	0,238456
28,930000	0,248654
28,940000	0,221884
28,950000	0,226983
28,960000	0,198939
28,970000	0,223159
28,980000	0,203401
28,990000	0,217423
29,000000	0,204038
29,010000	0,208500
29,020000	0,209137
29,030000	0,214873
29,040000	0,208500
29,050000	0,211049
29,060000	0,223797
29,070000	0,218060
29,080000	0,226346
29,090000	0,217423
29,100000	0,225709
29,110000	0,212324
29,120000	0,220610
29,130000	0,216148
29,140000	0,223159
29,150000	0,218698
29,160000	0,219335
29,170000	0,225709
29,180000	0,224434
29,190000	0,223797
29,200000	0,214873
29,210000	0,220610
29,220000	0,220610
29,230000	0,222522
29,240000	0,218060
29,250000	0,219335
29,260000	0,217423
29,270000	0,219335
29,280000	0,211049
29,290000	0,221247
29,300000	0,209137
29,310000	0,214236
29,320000	0,214236
29,330000	0,221884
29,340000	0,219972
29,350000	0,209137
29,360000	0,221884
29,370000	0,214873
29,380000	0,218698
29,390000	0,213599
29,400000	0,224434
29,410000	0,221884
29,420000	0,216148
29,430000	0,217423
29,440000	0,225071
29,450000	0,225071
29,460000	0,223159
29,470000	0,225071
29,480000	0,216786
29,490000	0,221247
29,500000	0,221884
29,510000	0,218060
29,520000	0,225709
29,530000	0,219335
29,540000	0,224434
29,550000	0,221884
29,560000	0,221247
29,570000	0,229533
29,580000	0,220610
29,590000	0,219972
29,600000	0,226983
29,610000	0,227621
29,620000	0,216148
29,630000	0,219972
29,640000	0,225071
29,650000	0,212961
29,660000	0,219335
29,670000	0,216148
29,680000	0,226983
29,690000	0,218060
29,700000	0,212324
29,710000	0,226346
29,720000	0,212324
29,730000	0,216786
29,740000	0,216148
29,750000	0,221247
29,760000	0,219972
29,770000	0,215511
29,780000	0,216786
29,790000	0,219335
29,800000	0,219335
29,810000	0,230170
29,820000	0,216148
29,830000	0,224434
29,840000	0,220610
29,850000	0,224434
29,860000	0,226346
29,870000	0,225071
29,880000	0,232082
29,890000	0,233994
29,900000	0,221884
29,910000	0,225071
29,920000	0,228258
29,930000	0,229533
29,940000	0,221884
29,950000	0,223797
29,960000	0,218060
29,970000	0,221884
29,980000	0,224434
29,990000	0,225071
30,000000	0,215511
30,010000	0,217423
30,020000	0,213599
30,030000	0,216786
30,040000	0,213599
30,050000	0,225709
30,060000	0,214236
30,070000	0,214236
30,080000	0,211687
30,090000	0,214236
30,100000	0,217423
30,110000	0,219335
30,120000	0,214236
30,130000	0,214873
30,140000	0,198939
30,150000	0,217423
30,160000	0,200214
30,170000	0,209137
30,180000	0,200214
30,190000	0,198939
30,200000	0,204038
30,210000	0,191291
30,220000	0,214236
30,230000	0,223159
30,240000	0,211687
30,250000	0,221884
30,260000	0,209137
30,270000	0,227621
30,280000	0,214873
30,290000	0,223159
30,300000	0,228896
30,310000	0,225709
30,320000	0,221247
30,330000	0,218698
30,340000	0,215511
30,350000	0,218060
30,360000	0,222522
30,370000	0,219335
30,380000	0,214873
30,390000	0,219335
30,400000	0,214236
30,410000	0,216148
30,420000	0,219972
30,430000	0,221247
30,440000	0,212961
30,450000	0,212961
30,460000	0,210412
30,470000	0,214236
30,480000	0,209775
30,490000	0,216148
30,500000	0,216786
30,510000	0,214873
30,520000	0,213599
30,530000	0,211687
30,540000	0,215511
30,550000	0,221247
30,560000	0,211049
30,570000	0,219972
30,580000	0,208500
30,590000	0,218060
30,600000	0,216786
30,610000	0,213599
30,620000	0,216786
30,630000	0,212961
30,640000	0,219335
30,650000	0,221884
30,660000	0,226983
30,670000	0,216786
30,680000	0,216786
30,690000	0,219335
30,700000	0,216786
30,710000	0,218698
30,720000	0,215511
30,730000	0,219335
30,740000	0,217423
30,750000	0,218060
30,760000	0,216148
30,770000	0,212324
30,780000	0,214873
30,790000	0,213599
30,800000	0,214873
30,810000	0,218060
30,820000	0,216786
30,830000	0,218698
30,840000	0,214873
30,850000	0,218060
30,860000	0,207862
30,870000	0,212961
30,880000	0,210412
30,890000	0,214236
30,900000	0,212324
30,910000	0,218060
30,920000	0,214236
30,930000	0,212324
30,940000	0,217423
30,950000	0,206588
30,960000	0,210412
30,970000	0,209137
30,980000	0,209775
30,990000	0,216148
31,000000	0,213599
31,010000	0,218060
31,020000	0,213599
31,030000	0,208500
31,040000	0,209137
31,050000	0,211687
31,060000	0,207862
31,070000	0,212324
31,080000	0,204038
31,090000	0,212961
31,100000	0,212324
31,110000	0,216786
31,120000	0,212324
31,130000	0,212961
31,140000	0,206588
31,150000	0,215511
31,160000	0,211687
31,170000	0,216786
31,180000	0,214873
31,190000	0,211687
31,200000	0,210412
31,210000	0,207862
31,220000	0,212324
31,230000	0,211049
31,240000	0,213599
31,250000	0,214236
31,260000	0,216786
31,270000	0,208500
31,280000	0,218060
31,290000	0,212324
31,300000	0,210412
31,310000	0,209137
31,320000	0,215511
31,330000	0,212961
31,340000	0,208500
31,350000	0,214236
31,360000	0,211049
31,370000	0,214236
31,380000	0,211687
31,390000	0,219335
31,400000	0,216148
31,410000	0,227621
31,420000	0,216786
31,430000	0,219972
31,440000	0,221247
31,450000	0,214236
31,460000	0,223797
31,470000	0,219335
31,480000	0,218060
31,490000	0,216786
31,500000	0,216148
31,510000	0,217423
31,520000	0,213599
31,530000	0,221247
31,540000	0,206588
31,550000	0,214873
31,560000	0,219335
31,570000	0,211049
31,580000	0,226983
31,590000	0,211049
31,600000	0,221884
31,610000	0,211049
31,620000	0,221884
31,630000	0,210412
31,640000	0,212961
31,650000	0,211687
31,660000	0,212961
31,670000	0,204038
31,680000	0,209775
31,690000	0,207225
31,700000	0,217423
31,710000	0,214873
31,720000	0,207225
31,730000	0,211049
31,740000	0,214873
31,750000	0,214873
31,760000	0,209775
31,770000	0,214873
31,780000	0,216786
31,790000	0,216148
31,800000	0,220610
31,810000	0,219335
31,820000	0,216786
31,830000	0,216148
31,840000	0,218060
31,850000	0,216148
31,860000	0,212961
31,870000	0,216148
31,880000	0,209137
31,890000	0,221247
31,900000	0,207862
31,910000	0,213599
31,920000	0,214236
31,930000	0,214236
31,940000	0,206588
31,950000	0,211687
31,960000	0,211049
31,970000	0,213599
31,980000	0,210412
31,990000	0,207862
32,000000	0,212324
32,010000	0,212961
32,020000	0,212961
32,030000	0,221247
32,040000	0,212961
32,050000	0,214873
32,060000	0,209775
32,070000	0,211687
32,080000	0,211049
32,090000	0,215511
32,100000	0,214236
32,110000	0,219335
32,120000	0,215511
32,130000	0,213599
32,140000	0,203401
32,150000	0,214873
32,160000	0,211687
32,170000	0,214236
32,180000	0,209775
32,190000	0,214236
32,200000	0,219335
32,210000	0,211687
32,220000	0,210412
32,230000	0,216786
32,240000	0,209775
32,250000	0,215511
32,260000	0,219335
32,270000	0,216148
32,280000	0,216148
32,290000	0,220610
32,300000	0,219335
32,310000	0,211687
32,320000	0,218698
32,330000	0,208500
32,340000	0,214873
32,350000	0,213599
32,360000	0,208500
32,370000	0,213599
32,380000	0,211687
32,390000	0,216786
32,400000	0,211687
32,410000	0,212324
32,420000	0,213599
32,430000	0,211049
32,440000	0,216786
32,450000	0,213599
32,460000	0,213599
32,470000	0,213599
32,480000	0,211049
32,490000	0,209137
32,500000	0,206588
32,510000	0,214236
32,520000	0,215511
32,530000	0,212961
32,540000	0,216786
32,550000	0,211687
32,560000	0,219335
32,570000	0,211049
32,580000	0,214236
32,590000	0,214236
32,600000	0,208500
32,610000	0,218698
32,620000	0,205950
32,630000	0,212324
32,640000	0,209775
32,650000	0,215511
32,660000	0,209137
32,670000	0,210412
32,680000	0,209137
32,690000	0,213599
32,700000	0,205313
32,710000	0,212324
32,720000	0,210412
32,730000	0,214236
32,740000	0,214236
32,750000	0,211687
32,760000	0,207225
32,770000	0,211687
32,780000	0,213599
32,790000	0,204038
32,800000	0,211687
32,810000	0,204038
32,820000	0,201489
32,830000	0,204676
32,840000	0,205313
32,850000	0,204038
32,860000	0,212324
32,870000	0,203401
32,880000	0,218698
32,890000	0,205313
32,900000	0,217423
32,910000	0,204676
32,920000	0,214236
32,930000	0,209137
32,940000	0,213599
32,950000	0,214873
32,960000	0,211687
32,970000	0,209137
32,980000	0,209137
32,990000	0,209137
33,000000	0,211687
33,010000	0,204676
33,020000	0,207862
33,030000	0,209137
33,040000	0,210412
33,050000	0,218698
33,060000	0,211687
33,070000	0,209137
33,080000	0,210412
33,090000	0,214236
33,100000	0,205950
33,110000	0,208500
33,120000	0,204038
33,130000	0,209137
33,140000	0,211687
33,150000	0,211687
33,160000	0,207862
33,170000	0,209775
33,180000	0,200851
33,190000	0,205950
33,200000	0,206588
33,210000	0,206588
33,220000	0,202763
33,230000	0,212961
33,240000	0,205313
33,250000	0,205950
33,260000	0,203401
33,270000	0,213599
33,280000	0,205950
33,290000	0,211687
33,300000	0,213599
33,310000	0,213599
33,320000	0,211687
33,330000	0,210412
33,340000	0,209775
33,350000	0,216786
33,360000	0,211687
33,370000	0,209137
33,380000	0,208500
33,390000	0,216148
33,400000	0,207862
33,410000	0,216148
33,420000	0,204038
33,430000	0,210412
33,440000	0,209137
33,450000	0,213599
33,460000	0,209137
33,470000	0,211687
33,480000	0,201489
33,490000	0,211049
33,500000	0,211049
33,510000	0,208500
33,520000	0,214873
33,530000	0,211687
33,540000	0,207225
33,550000	0,212324
33,560000	0,207862
33,570000	0,209775
33,580000	0,209137
33,590000	0,209137
33,600000	0,209137
33,610000	0,208500
33,620000	0,205950
33,630000	0,209775
33,640000	0,209137
33,650000	0,212324
33,660000	0,209137
33,670000	0,204676
33,680000	0,204676
33,690000	0,209137
33,700000	0,205950
33,710000	0,203401
33,720000	0,206588
33,730000	0,205950
33,740000	0,209775
33,750000	0,206588
33,760000	0,212324
33,770000	0,205950
33,780000	0,209775
33,790000	0,207862
33,800000	0,202763
33,810000	0,210412
33,820000	0,205950
33,830000	0,210412
33,840000	0,205313
33,850000	0,210412
33,860000	0,204676
33,870000	0,213599
33,880000	0,209137
33,890000	0,206588
33,900000	0,202126
33,910000	0,213599
33,920000	0,213599
33,930000	0,212961
33,940000	0,205950
33,950000	0,212324
33,960000	0,197665
33,970000	0,205950
33,980000	0,207225
33,990000	0,205950
34,000000	0,207862
34,010000	0,208500
34,020000	0,207225
34,030000	0,202763
34,040000	0,211687
34,050000	0,209137
34,060000	0,208500
34,070000	0,209137
34,080000	0,205313
34,090000	0,211687
34,100000	0,202763
34,110000	0,212324
34,120000	0,201489
34,130000	0,217423
34,140000	0,204038
34,150000	0,208500
34,160000	0,209137
34,170000	0,202763
34,180000	0,217423
34,190000	0,209775
34,200000	0,205950
34,210000	0,209775
34,220000	0,216786
34,230000	0,209137
34,240000	0,205313
34,250000	0,211687
34,260000	0,200851
34,270000	0,204676
34,280000	0,205950
34,290000	0,211687
34,300000	0,212961
34,310000	0,211049
34,320000	0,206588
34,330000	0,209137
34,340000	0,200851
34,350000	0,208500
34,360000	0,203401
34,370000	0,209775
34,380000	0,205950
34,390000	0,204676
34,400000	0,197027
34,410000	0,206588
34,420000	0,202763
34,430000	0,204038
34,440000	0,205950
34,450000	0,205950
34,460000	0,207862
34,470000	0,205950
34,480000	0,209137
34,490000	0,204676
34,500000	0,211049
34,510000	0,207225
34,520000	0,201489
34,530000	0,198939
34,540000	0,205313
34,550000	0,204676
34,560000	0,202763
34,570000	0,209137
34,580000	0,203401
34,590000	0,211049
34,600000	0,202763
34,610000	0,211049
34,620000	0,201489
34,630000	0,207225
34,640000	0,205313
34,650000	0,207862
34,660000	0,207225
34,670000	0,198939
34,680000	0,204038
34,690000	0,195752
34,700000	0,204676
34,710000	0,205313
34,720000	0,206588
34,730000	0,205313
34,740000	0,203401
34,750000	0,200851
34,760000	0,209137
34,770000	0,206588
34,780000	0,204038
34,790000	0,209137
34,800000	0,202126
34,810000	0,203401
34,820000	0,202763
34,830000	0,205313
34,840000	0,204038
34,850000	0,202126
34,860000	0,204038
34,870000	0,202126
34,880000	0,197665
34,890000	0,203401
34,900000	0,200214
34,910000	0,209137
34,920000	0,201489
34,930000	0,211049
34,940000	0,200851
34,950000	0,206588
34,960000	0,200851
34,970000	0,203401
34,980000	0,204676
34,990000	0,202763
35,000000	0,203401
35,010000	0,205950
35,020000	0,204038
35,030000	0,206588
35,040000	0,198939
35,050000	0,206588
35,060000	0,205313
35,070000	0,203401
35,080000	0,203401
35,090000	0,205950
35,100000	0,201489
35,110000	0,204676
35,120000	0,204038
35,130000	0,207225
35,140000	0,203401
35,150000	0,205313
35,160000	0,209137
35,170000	0,204038
35,180000	0,200214
35,190000	0,199577
35,200000	0,203401
35,210000	0,201489
35,220000	0,204676
35,230000	0,204038
35,240000	0,202763
35,250000	0,198939
35,260000	0,204676
35,270000	0,200214
35,280000	0,205950
35,290000	0,202126
35,300000	0,210412
35,310000	0,203401
35,320000	0,205950
35,330000	0,202763
35,340000	0,198939
35,350000	0,202763
35,360000	0,205950
35,370000	0,197665
35,380000	0,201489
35,390000	0,200214
35,400000	0,205313
35,410000	0,208500
35,420000	0,200851
35,430000	0,202763
35,440000	0,206588
35,450000	0,202126
35,460000	0,200851
35,470000	0,205313
35,480000	0,200851
35,490000	0,201489
35,500000	0,198302
35,510000	0,201489
35,520000	0,200851
35,530000	0,204038
35,540000	0,205950
35,550000	0,206588
35,560000	0,201489
35,570000	0,199577
35,580000	0,201489
35,590000	0,206588
35,600000	0,204676
35,610000	0,204676
35,620000	0,198939
35,630000	0,205950
35,640000	0,206588
35,650000	0,207862
35,660000	0,204676
35,670000	0,201489
35,680000	0,205950
35,690000	0,205313
35,700000	0,205950
35,710000	0,209137
35,720000	0,201489
35,730000	0,212961
35,740000	0,198939
35,750000	0,200851
35,760000	0,201489
35,770000	0,202763
35,780000	0,196390
35,790000	0,204038
35,800000	0,204038
35,810000	0,199577
35,820000	0,198939
35,830000	0,205950
35,840000	0,201489
35,850000	0,199577
35,860000	0,199577
35,870000	0,204676
35,880000	0,202126
35,890000	0,208500
35,900000	0,198302
35,910000	0,203401
35,920000	0,194478
35,930000	0,207225
35,940000	0,198302
35,950000	0,204676
35,960000	0,203401
35,970000	0,208500
35,980000	0,204676
35,990000	0,204038
36,000000	0,195752
36,010000	0,209137
36,020000	0,200851
36,030000	0,203401
36,040000	0,203401
36,050000	0,204038
36,060000	0,200214
36,070000	0,203401
36,080000	0,199577
36,090000	0,205313
36,100000	0,203401
36,110000	0,206588
36,120000	0,202126
36,130000	0,209137
36,140000	0,205313
36,150000	0,204676
36,160000	0,200851
36,170000	0,205313
36,180000	0,202763
36,190000	0,208500
36,200000	0,204038
36,210000	0,201489
36,220000	0,198939
36,230000	0,200851
36,240000	0,201489
36,250000	0,198939
36,260000	0,204038
36,270000	0,198939
36,280000	0,200851
36,290000	0,202763
36,300000	0,203401
36,310000	0,202126
36,320000	0,205313
36,330000	0,202126
36,340000	0,203401
36,350000	0,202126
36,360000	0,202126
36,370000	0,203401
36,380000	0,198302
36,390000	0,204676
36,400000	0,198939
36,410000	0,201489
36,420000	0,205950
36,430000	0,200851
36,440000	0,202763
36,450000	0,200214
36,460000	0,201489
36,470000	0,200214
36,480000	0,205313
36,490000	0,200214
36,500000	0,200851
36,510000	0,200214
36,520000	0,205313
36,530000	0,198302
36,540000	0,199577
36,550000	0,197027
36,560000	0,206588
36,570000	0,200214
36,580000	0,200214
36,590000	0,202763
36,600000	0,207225
36,610000	0,199577
36,620000	0,198302
36,630000	0,206588
36,640000	0,198939
36,650000	0,205950
36,660000	0,194478
36,670000	0,202126
36,680000	0,196390
36,690000	0,198939
36,700000	0,197027
36,710000	0,202126
36,720000	0,197027
36,730000	0,203401
36,740000	0,207225
36,750000	0,203401
36,760000	0,200851
36,770000	0,205313
36,780000	0,202763
36,790000	0,204038
36,800000	0,196390
36,810000	0,199577
36,820000	0,202126
36,830000	0,203401
36,840000	0,195752
36,850000	0,206588
36,860000	0,201489
36,870000	0,200851
36,880000	0,204676
36,890000	0,198939
36,900000	0,204038
36,910000	0,200851
36,920000	0,199577
36,930000	0,201489
36,940000	0,198939
36,950000	0,205313
36,960000	0,196390
36,970000	0,206588
36,980000	0,201489
36,990000	0,199577
37,000000	0,198939
37,010000	0,202126
37,020000	0,195115
37,030000	0,198939
37,040000	0,193840
37,050000	0,201489
37,060000	0,193840
37,070000	0,200851
37,080000	0,191291
37,090000	0,198302
37,100000	0,198939
37,110000	0,204038
37,120000	0,194478
37,130000	0,202763
37,140000	0,200214
37,150000	0,198939
37,160000	0,204038
37,170000	0,203401
37,180000	0,194478
37,190000	0,198939
37,200000	0,200214
37,210000	0,204038
37,220000	0,196390
37,230000	0,202763
37,240000	0,197027
37,250000	0,207225
37,260000	0,198302
37,270000	0,202126
37,280000	0,195115
37,290000	0,199577
37,300000	0,193840
37,310000	0,200214
37,320000	0,193840
37,330000	0,199577
37,340000	0,194478
37,350000	0,196390
37,360000	0,195752
37,370000	0,199577
37,380000	0,196390
37,390000	0,198939
37,400000	0,201489
37,410000	0,197665
37,420000	0,194478
37,430000	0,200851
37,440000	0,195752
37,450000	0,195752
37,460000	0,201489
37,470000	0,198302
37,480000	0,197027
37,490000	0,195752
37,500000	0,198302
37,510000	0,198939
37,520000	0,202126
37,530000	0,197027
37,540000	0,200851
37,550000	0,202763
37,560000	0,203401
37,570000	0,197665
37,580000	0,198939
37,590000	0,207225
37,600000	0,200851
37,610000	0,193840
37,620000	0,200214
37,630000	0,195115
37,640000	0,198302
37,650000	0,197665
37,660000	0,201489
37,670000	0,193203
37,680000	0,199577
37,690000	0,190654
37,700000	0,198939
37,710000	0,195752
37,720000	0,203401
37,730000	0,195752
37,740000	0,198939
37,750000	0,198302
37,760000	0,200851
37,770000	0,193840
37,780000	0,196390
37,790000	0,201489
37,800000	0,195752
37,810000	0,199577
37,820000	0,193840
37,830000	0,202763
37,840000	0,194478
37,850000	0,198939
37,860000	0,202763
37,870000	0,198939
37,880000	0,198302
37,890000	0,198939
37,900000	0,197027
37,910000	0,195752
37,920000	0,196390
37,930000	0,201489
37,940000	0,198939
37,950000	0,194478
37,960000	0,196390
37,970000	0,201489
37,980000	0,197027
37,990000	0,205950
38,000000	0,197027
38,010000	0,198302
38,020000	0,198939
38,030000	0,198939
38,040000	0,201489
38,050000	0,193840
38,060000	0,197665
38,070000	0,191928
38,080000	0,195752
38,090000	0,201489
38,100000	0,194478
38,110000	0,198939
38,120000	0,197665
38,130000	0,197027
38,140000	0,198939
38,150000	0,200851
38,160000	0,195752
38,170000	0,198939
38,180000	0,198939
38,190000	0,197665
38,200000	0,191928
38,210000	0,196390
38,220000	0,200214
38,230000	0,198939
38,240000	0,198939
38,250000	0,198302
38,260000	0,195115
38,270000	0,200214
38,280000	0,196390
38,290000	0,194478
38,300000	0,200214
38,310000	0,196390
38,320000	0,193840
38,330000	0,195115
38,340000	0,196390
38,350000	0,192566
38,360000	0,204038
38,370000	0,199577
38,380000	0,195752
38,390000	0,191928
38,400000	0,197665
38,410000	0,198302
38,420000	0,195752
38,430000	0,195115
38,440000	0,193203
38,450000	0,197027
38,460000	0,205313
38,470000	0,195115
38,480000	0,201489
38,490000	0,186192
38,500000	0,198302
38,510000	0,201489
38,520000	0,196390
38,530000	0,191928
38,540000	0,200214
38,550000	0,193840
38,560000	0,201489
38,570000	0,198302
38,580000	0,200851
38,590000	0,193840
38,600000	0,193840
38,610000	0,203401
38,620000	0,189379
38,630000	0,195115
38,640000	0,198302
38,650000	0,194478
38,660000	0,193840
38,670000	0,194478
38,680000	0,197027
38,690000	0,200214
38,700000	0,202763
38,710000	0,190654
38,720000	0,198939
38,730000	0,195752
38,740000	0,194478
38,750000	0,198302
38,760000	0,197665
38,770000	0,194478
38,780000	0,197665
38,790000	0,197665
38,800000	0,195115
38,810000	0,197027
38,820000	0,200214
38,830000	0,191291
38,840000	0,195752
38,850000	0,191928
38,860000	0,197027
38,870000	0,192566
38,880000	0,193203
38,890000	0,194478
38,900000	0,189379
38,910000	0,197027
38,920000	0,200851
38,930000	0,190016
38,940000	0,199577
38,950000	0,186192
38,960000	0,198302
38,970000	0,189379
38,980000	0,195752
38,990000	0,191928
39,000000	0,197027
39,010000	0,193203
39,020000	0,193840
39,030000	0,195752
39,040000	0,191291
39,050000	0,197665
39,060000	0,197665
39,070000	0,196390
39,080000	0,190654
39,090000	0,191291
39,100000	0,193840
39,110000	0,193203
39,120000	0,196390
39,130000	0,198939
39,140000	0,191291
39,150000	0,196390
39,160000	0,189379
39,170000	0,193840
39,180000	0,195752
39,190000	0,194478
39,200000	0,198302
39,210000	0,197027
39,220000	0,193203
39,230000	0,194478
39,240000	0,191928
39,250000	0,188104
39,260000	0,195115
39,270000	0,191291
39,280000	0,190654
39,290000	0,196390
39,300000	0,188741
39,310000	0,195752
39,320000	0,195752
39,330000	0,194478
39,340000	0,195752
39,350000	0,189379
39,360000	0,193840
39,370000	0,184280
39,380000	0,197027
39,390000	0,191928
39,400000	0,195752
39,410000	0,185555
39,420000	0,202763
39,430000	0,188741
39,440000	0,193840
39,450000	0,186829
39,460000	0,191928
39,470000	0,196390
39,480000	0,186192
39,490000	0,197665
39,500000	0,193840
39,510000	0,197665
39,520000	0,198939
39,530000	0,195115
39,540000	0,198939
39,550000	0,195752
39,560000	0,198939
39,570000	0,194478
39,580000	0,186829
39,590000	0,195115
39,600000	0,186829
39,610000	0,197027
39,620000	0,195752
39,630000	0,193203
39,640000	0,193840
39,650000	0,201489
39,660000	0,198939
39,670000	0,193840
39,680000	0,198939
39,690000	0,190654
39,700000	0,192566
39,710000	0,195115
39,720000	0,191291
39,730000	0,197665
39,740000	0,189379
39,750000	0,193203
39,760000	0,192566
39,770000	0,191928
39,780000	0,200214
39,790000	0,195115
39,800000	0,202763
39,810000	0,198302
39,820000	0,203401
39,830000	0,188741
39,840000	0,203401
39,850000	0,191291
39,860000	0,199577
39,870000	0,195752
39,880000	0,199577
39,890000	0,193840
39,900000	0,194478
39,910000	0,190016
39,920000	0,191291
39,930000	0,191928
39,940000	0,190654
39,950000	0,190016
39,960000	0,197027
39,970000	0,195752
39,980000	0,195752
39,990000	0,187467
40,000000	0,195115
40,010000	0,193840
40,020000	0,191291
40,030000	0,192566
40,040000	0,193840
40,050000	0,190654
40,060000	0,190654
40,070000	0,195115
40,080000	0,193840
40,090000	0,197027
40,100000	0,197665
40,110000	0,192566
40,120000	0,193203
40,130000	0,193840
40,140000	0,191928
40,150000	0,193840
40,160000	0,189379
40,170000	0,191928
40,180000	0,191928
40,190000	0,192566
40,200000	0,193840
40,210000	0,192566
40,220000	0,191928
40,230000	0,192566
40,240000	0,193840
40,250000	0,189379
40,260000	0,192566
40,270000	0,195115
40,280000	0,195752
40,290000	0,193840
40,300000	0,196390
40,310000	0,195752
40,320000	0,186829
40,330000	0,195752
40,340000	0,190016
40,350000	0,192566
40,360000	0,193840
40,370000	0,195115
40,380000	0,193840
40,390000	0,190016
40,400000	0,193840
40,410000	0,187467
40,420000	0,186192
40,430000	0,191291
40,440000	0,188741
40,450000	0,193203
40,460000	0,191291
40,470000	0,189379
40,480000	0,192566
40,490000	0,193203
40,500000	0,191291
40,510000	0,190654
40,520000	0,195752
40,530000	0,191928
40,540000	0,195752
40,550000	0,189379
40,560000	0,186829
40,570000	0,191291
40,580000	0,190654
40,590000	0,201489
40,600000	0,191291
40,610000	0,193203
40,620000	0,198302
40,630000	0,192566
40,640000	0,187467
40,650000	0,195115
40,660000	0,187467
40,670000	0,196390
40,680000	0,194478
40,690000	0,188741
40,700000	0,193840
40,710000	0,189379
40,720000	0,191928
40,730000	0,193840
40,740000	0,188741
40,750000	0,196390
40,760000	0,195752
40,770000	0,195115
40,780000	0,188741
40,790000	0,191291
40,800000	0,186829
40,810000	0,189379
40,820000	0,193203
40,830000	0,189379
40,840000	0,190654
40,850000	0,193840
40,860000	0,190016
40,870000	0,190654
40,880000	0,193203
40,890000	0,187467
40,900000	0,192566
40,910000	0,188741
40,920000	0,187467
40,930000	0,189379
40,940000	0,197665
40,950000	0,190654
40,960000	0,191291
40,970000	0,194478
40,980000	0,188741
40,990000	0,191291
41,000000	0,188741
41,010000	0,187467
41,020000	0,186192
41,030000	0,190654
41,040000	0,187467
41,050000	0,190654
41,060000	0,192566
41,070000	0,193203
41,080000	0,191291
41,090000	0,190016
41,100000	0,190016
41,110000	0,192566
41,120000	0,189379
41,130000	0,193203
41,140000	0,187467
41,150000	0,185555
41,160000	0,189379
41,170000	0,179181
41,180000	0,182368
41,190000	0,188741
41,200000	0,189379
41,210000	0,193840
41,220000	0,192566
41,230000	0,193840
41,240000	0,194478
41,250000	0,186192
41,260000	0,193203
41,270000	0,186829
41,280000	0,188104
41,290000	0,188741
41,300000	0,192566
41,310000	0,189379
41,320000	0,196390
41,330000	0,190016
41,340000	0,191928
41,350000	0,188741
41,360000	0,188741
41,370000	0,191291
41,380000	0,193840
41,390000	0,184917
41,400000	0,182368
41,410000	0,183643
41,420000	0,193203
41,430000	0,190016
41,440000	0,188741
41,450000	0,190016
41,460000	0,189379
41,470000	0,188104
41,480000	0,186829
41,490000	0,186829
41,500000	0,181730
41,510000	0,191928
41,520000	0,190654
41,530000	0,188741
41,540000	0,188741
41,550000	0,188741
41,560000	0,186829
41,570000	0,191291
41,580000	0,181093
41,590000	0,193203
41,600000	0,188104
41,610000	0,189379
41,620000	0,190016
41,630000	0,190016
41,640000	0,186192
41,650000	0,190654
41,660000	0,186829
41,670000	0,194478
41,680000	0,188741
41,690000	0,191291
41,700000	0,190016
41,710000	0,193203
41,720000	0,187467
41,730000	0,190654
41,740000	0,190654
41,750000	0,193840
41,760000	0,191291
41,770000	0,192566
41,780000	0,186829
41,790000	0,197027
41,800000	0,188104
41,810000	0,193203
41,820000	0,184280
41,830000	0,192566
41,840000	0,183005
41,850000	0,193203
41,860000	0,186192
41,870000	0,187467
41,880000	0,190654
41,890000	0,188104
41,900000	0,193840
41,910000	0,192566
41,920000	0,190016
41,930000	0,184280
41,940000	0,186192
41,950000	0,194478
41,960000	0,188741
41,970000	0,188741
41,980000	0,184917
41,990000	0,188741
42,000000	0,186829
42,010000	0,189379
42,020000	0,185555
42,030000	0,186829
42,040000	0,191291
42,050000	0,177906
42,060000	0,189379
42,070000	0,184917
42,080000	0,191291
42,090000	0,184280
42,100000	0,188741
42,110000	0,182368
42,120000	0,187467
42,130000	0,182368
42,140000	0,188741
42,150000	0,188104
42,160000	0,181730
42,170000	0,191928
42,180000	0,186192
42,190000	0,192566
42,200000	0,188741
42,210000	0,193840
42,220000	0,189379
42,230000	0,190016
42,240000	0,191928
42,250000	0,189379
42,260000	0,186192
42,270000	0,191291
42,280000	0,189379
42,290000	0,192566
42,300000	0,186192
42,310000	0,193203
42,320000	0,190654
42,330000	0,196390
42,340000	0,191928
42,350000	0,193203
42,360000	0,189379
42,370000	0,193840
42,380000	0,192566
42,390000	0,193840
42,400000	0,188104
42,410000	0,190654
42,420000	0,193840
42,430000	0,181093
42,440000	0,184917
42,450000	0,190654
42,460000	0,193203
42,470000	0,190016
42,480000	0,185555
42,490000	0,184917
42,500000	0,191291
42,510000	0,188741
42,520000	0,183005
42,530000	0,184280
42,540000	0,183643
42,550000	0,185555
42,560000	0,184917
42,570000	0,190016
42,580000	0,191291
42,590000	0,183005
42,600000	0,186829
42,610000	0,184917
42,620000	0,184280
42,630000	0,188104
42,640000	0,184917
42,650000	0,187467
42,660000	0,184917
42,670000	0,190654
42,680000	0,178544
42,690000	0,189379
42,700000	0,181093
42,710000	0,190654
42,720000	0,183005
42,730000	0,189379
42,740000	0,186192
42,750000	0,186829
42,760000	0,184280
42,770000	0,193840
42,780000	0,185555
42,790000	0,188104
42,800000	0,188104
42,810000	0,189379
42,820000	0,187467
42,830000	0,190654
42,840000	0,186192
42,850000	0,190654
42,860000	0,183005
42,870000	0,188104
42,880000	0,184917
42,890000	0,188741
42,900000	0,191928
42,910000	0,184280
42,920000	0,190016
42,930000	0,188104
42,940000	0,183643
42,950000	0,189379
42,960000	0,183643
42,970000	0,188741
42,980000	0,186829
42,990000	0,193840
43,000000	0,189379
43,010000	0,185555
43,020000	0,180456
43,030000	0,188104
43,040000	0,188104
43,050000	0,186192
43,060000	0,189379
43,070000	0,183643
43,080000	0,187467
43,090000	0,186829
43,100000	0,190654
43,110000	0,188104
43,120000	0,185555
43,130000	0,191291
43,140000	0,186192
43,150000	0,186829
43,160000	0,185555
43,170000	0,186192
43,180000	0,187467
43,190000	0,186192
43,200000	0,181730
43,210000	0,191928
43,220000	0,183643
43,230000	0,185555
43,240000	0,183005
43,250000	0,188104
43,260000	0,184917
43,270000	0,183005
43,280000	0,183005
43,290000	0,188104
43,300000	0,182368
43,310000	0,188741
43,320000	0,183643
43,330000	0,190016
43,340000	0,177269
43,350000	0,186829
43,360000	0,180456
43,370000	0,184917
43,380000	0,184280
43,390000	0,183005
43,400000	0,189379
43,410000	0,186829
43,420000	0,184280
43,430000	0,190016
43,440000	0,188741
43,450000	0,184917
43,460000	0,185555
43,470000	0,185555
43,480000	0,190016
43,490000	0,189379
43,500000	0,188741
43,510000	0,186192
43,520000	0,183643
43,530000	0,185555
43,540000	0,183005
43,550000	0,185555
43,560000	0,186192
43,570000	0,180456
43,580000	0,186192
43,590000	0,185555
43,600000	0,187467
43,610000	0,186192
43,620000	0,182368
43,630000	0,185555
43,640000	0,183005
43,650000	0,185555
43,660000	0,181093
43,670000	0,184917
43,680000	0,183643
43,690000	0,184917
43,700000	0,184280
43,710000	0,184917
43,720000	0,181093
43,730000	0,185555
43,740000	0,182368
43,750000	0,190016
43,760000	0,184917
43,770000	0,186192
43,780000	0,183643
43,790000	0,183005
43,800000	0,183005
43,810000	0,186192
43,820000	0,183005
43,830000	0,184280
43,840000	0,186192
43,850000	0,185555
43,860000	0,185555
43,870000	0,191291
43,880000	0,181093
43,890000	0,183005
43,900000	0,181730
43,910000	0,183643
43,920000	0,183005
43,930000	0,188104
43,940000	0,185555
43,950000	0,187467
43,960000	0,183005
43,970000	0,186192
43,980000	0,182368
43,990000	0,187467
44,000000	0,179818
44,010000	0,191291
44,020000	0,183005
44,030000	0,190016
44,040000	0,183005
44,050000	0,187467
44,060000	0,183005
44,070000	0,185555
44,080000	0,186192
44,090000	0,189379
44,100000	0,184280
44,110000	0,189379
44,120000	0,183005
44,130000	0,188741
44,140000	0,178544
44,150000	0,188741
44,160000	0,183005
44,170000	0,190654
44,180000	0,181730
44,190000	0,190016
44,200000	0,181730
44,210000	0,189379
44,220000	0,179818
44,230000	0,189379
44,240000	0,179181
44,250000	0,189379
44,260000	0,181730
44,270000	0,186829
44,280000	0,185555
44,290000	0,186829
44,300000	0,181093
44,310000	0,185555
44,320000	0,181093
44,330000	0,186829
44,340000	0,186829
44,350000	0,183643
44,360000	0,177269
44,370000	0,186192
44,380000	0,186829
44,390000	0,187467
44,400000	0,181730
44,410000	0,188741
44,420000	0,181093
44,430000	0,184917
44,440000	0,181730
44,450000	0,185555
44,460000	0,187467
44,470000	0,186192
44,480000	0,185555
44,490000	0,191928
44,500000	0,184280
44,510000	0,190654
44,520000	0,183643
44,530000	0,190016
44,540000	0,181093
44,550000	0,190016
44,560000	0,183005
44,570000	0,187467
44,580000	0,186192
44,590000	0,188741
44,600000	0,179181
44,610000	0,183005
44,620000	0,181730
44,630000	0,189379
44,640000	0,182368
44,650000	0,186192
44,660000	0,184280
44,670000	0,185555
44,680000	0,184917
44,690000	0,184917
44,700000	0,179181
44,710000	0,187467
44,720000	0,181093
44,730000	0,181093
44,740000	0,184917
44,750000	0,181093
44,760000	0,184280
44,770000	0,180456
44,780000	0,183643
44,790000	0,179818
44,800000	0,183643
44,810000	0,181093
44,820000	0,183643
44,830000	0,181093
44,840000	0,186192
44,850000	0,175357
44,860000	0,188741
44,870000	0,178544
44,880000	0,183005
44,890000	0,179181
44,900000	0,180456
44,910000	0,181093
44,920000	0,182368
44,930000	0,177269
44,940000	0,181093
44,950000	0,184917
44,960000	0,182368
44,970000	0,184280
44,980000	0,177906
44,990000	0,188104
45,000000	0,179181
45,010000	0,182368
45,020000	0,183643
45,030000	0,186192
45,040000	0,182368
45,050000	0,186192
45,060000	0,181093
45,070000	0,183643
45,080000	0,183005
45,090000	0,186829
45,100000	0,182368
45,110000	0,184280
45,120000	0,181093
45,130000	0,187467
45,140000	0,176631
45,150000	0,188741
45,160000	0,176631
45,170000	0,183005
45,180000	0,177269
45,190000	0,181093
45,200000	0,182368
45,210000	0,183005
45,220000	0,181093
45,230000	0,181093
45,240000	0,183643
45,250000	0,180456
45,260000	0,179818
45,270000	0,182368
45,280000	0,177906
45,290000	0,185555
45,300000	0,181093
45,310000	0,181730
45,320000	0,178544
45,330000	0,182368
45,340000	0,175994
45,350000	0,181093
45,360000	0,175994
45,370000	0,184280
45,380000	0,182368
45,390000	0,184280
45,400000	0,177906
45,410000	0,182368
45,420000	0,180456
45,430000	0,181730
45,440000	0,179181
45,450000	0,179181
45,460000	0,178544
45,470000	0,181730
45,480000	0,183005
45,490000	0,180456
45,500000	0,183005
45,510000	0,183005
45,520000	0,179181
45,530000	0,179181
45,540000	0,178544
45,550000	0,180456
45,560000	0,179181
45,570000	0,180456
45,580000	0,183005
45,590000	0,178544
45,600000	0,181730
45,610000	0,183643
45,620000	0,184280
45,630000	0,183005
45,640000	0,178544
45,650000	0,183643
45,660000	0,176631
45,670000	0,184280
45,680000	0,177906
45,690000	0,184917
45,700000	0,180456
45,710000	0,178544
45,720000	0,181093
45,730000	0,182368
45,740000	0,182368
45,750000	0,181093
45,760000	0,177906
45,770000	0,184280
45,780000	0,178544
45,790000	0,178544
45,800000	0,175357
45,810000	0,182368
45,820000	0,177906
45,830000	0,182368
45,840000	0,177906
45,850000	0,184280
45,860000	0,175357
45,870000	0,183005
45,880000	0,177269
45,890000	0,178544
45,900000	0,177269
45,910000	0,178544
45,920000	0,183005
45,930000	0,183643
45,940000	0,181093
45,950000	0,183005
45,960000	0,181093
45,970000	0,184280
45,980000	0,182368
45,990000	0,183643
46,000000	0,181730
46,010000	0,183005
46,020000	0,177906
46,030000	0,182368
46,040000	0,180456
46,050000	0,183005
46,060000	0,180456
46,070000	0,180456
46,080000	0,181093
46,090000	0,179818
46,100000	0,184280
46,110000	0,184917
46,120000	0,178544
46,130000	0,179818
46,140000	0,180456
46,150000	0,183643
46,160000	0,181093
46,170000	0,181093
46,180000	0,179818
46,190000	0,183005
46,200000	0,182368
46,210000	0,181093
46,220000	0,184280
46,230000	0,186192
46,240000	0,177269
46,250000	0,184917
46,260000	0,179181
46,270000	0,190654
46,280000	0,179818
46,290000	0,184280
46,300000	0,179181
46,310000	0,181730
46,320000	0,182368
46,330000	0,184280
46,340000	0,181093
46,350000	0,181730
46,360000	0,178544
46,370000	0,184280
46,380000	0,179818
46,390000	0,181730
46,400000	0,180456
46,410000	0,183005
46,420000	0,182368
46,430000	0,184280
46,440000	0,177269
46,450000	0,181730
46,460000	0,176631
46,470000	0,183005
46,480000	0,179181
46,490000	0,185555
46,500000	0,181093
46,510000	0,181093
46,520000	0,178544
46,530000	0,184280
46,540000	0,182368
46,550000	0,180456
46,560000	0,181093
46,570000	0,180456
46,580000	0,184917
46,590000	0,181093
46,600000	0,181093
46,610000	0,183643
46,620000	0,180456
46,630000	0,177906
46,640000	0,178544
46,650000	0,178544
46,660000	0,181730
46,670000	0,182368
46,680000	0,179818
46,690000	0,178544
46,700000	0,183005
46,710000	0,183643
46,720000	0,175994
46,730000	0,183005
46,740000	0,184280
46,750000	0,177906
46,760000	0,175994
46,770000	0,182368
46,780000	0,181730
46,790000	0,179181
46,800000	0,177906
46,810000	0,183643
46,820000	0,180456
46,830000	0,181730
46,840000	0,177906
46,850000	0,177906
46,860000	0,177269
46,870000	0,175994
46,880000	0,179818
46,890000	0,179818
46,900000	0,175994
46,910000	0,174719
46,920000	0,175994
46,930000	0,183643
46,940000	0,177269
46,950000	0,177906
46,960000	0,178544
46,970000	0,176631
46,980000	0,179818
46,990000	0,179818
47,000000	0,179181
47,010000	0,180456
47,020000	0,179181
47,030000	0,177906
47,040000	0,177269
47,050000	0,178544
47,060000	0,176631
47,070000	0,179181
47,080000	0,178544
47,090000	0,175994
47,100000	0,179181
47,110000	0,178544
47,120000	0,174719
47,130000	0,181093
47,140000	0,174082
47,150000	0,177269
47,160000	0,177269
47,170000	0,177906
47,180000	0,179181
47,190000	0,181093
47,200000	0,177906
47,210000	0,183643
47,220000	0,171533
47,230000	0,179818
47,240000	0,180456
47,250000	0,179181
47,260000	0,175994
47,270000	0,183643
47,280000	0,175357
47,290000	0,181730
47,300000	0,179181
47,310000	0,181093
47,320000	0,173445
47,330000	0,179181
47,340000	0,174082
47,350000	0,177906
47,360000	0,177269
47,370000	0,178544
47,380000	0,172807
47,390000	0,177269
47,400000	0,171533
47,410000	0,181730
47,420000	0,169620
47,430000	0,175357
47,440000	0,172807
47,450000	0,179181
47,460000	0,172807
47,470000	0,182368
47,480000	0,173445
47,490000	0,177269
47,500000	0,176631
47,510000	0,181093
47,520000	0,175357
47,530000	0,182368
47,540000	0,174082
47,550000	0,178544
47,560000	0,175994
47,570000	0,178544
47,580000	0,172807
47,590000	0,181093
47,600000	0,177906
47,610000	0,182368
47,620000	0,178544
47,630000	0,180456
47,640000	0,175357
47,650000	0,177906
47,660000	0,171533
47,670000	0,178544
47,680000	0,175357
47,690000	0,177906
47,700000	0,174082
47,710000	0,175994
47,720000	0,175357
47,730000	0,176631
47,740000	0,173445
47,750000	0,175357
47,760000	0,178544
47,770000	0,177269
47,780000	0,178544
47,790000	0,179818
47,800000	0,180456
47,810000	0,175994
47,820000	0,178544
47,830000	0,179818
47,840000	0,175994
47,850000	0,176631
47,860000	0,182368
47,870000	0,177269
47,880000	0,180456
47,890000	0,178544
47,900000	0,178544
47,910000	0,180456
47,920000	0,175994
47,930000	0,175994
47,940000	0,178544
47,950000	0,181730
47,960000	0,181093
47,970000	0,178544
47,980000	0,179181
47,990000	0,179181
48,000000	0,177269
48,010000	0,180456
48,020000	0,175994
48,030000	0,182368
48,040000	0,175357
48,050000	0,177269
48,060000	0,176631
48,070000	0,179181
48,080000	0,172170
48,090000	0,174082
48,100000	0,178544
48,110000	0,175994
48,120000	0,175357
48,130000	0,175994
48,140000	0,177906
48,150000	0,177906
48,160000	0,178544
48,170000	0,176631
48,180000	0,174719
48,190000	0,175994
48,200000	0,175357
48,210000	0,172807
48,220000	0,177906
48,230000	0,177906
48,240000	0,183005
48,250000	0,174082
48,260000	0,179818
48,270000	0,179818
48,280000	0,183005
48,290000	0,175357
48,300000	0,179818
48,310000	0,174082
48,320000	0,180456
48,330000	0,170895
48,340000	0,183643
48,350000	0,174082
48,360000	0,180456
48,370000	0,174719
48,380000	0,179181
48,390000	0,174719
48,400000	0,182368
48,410000	0,175994
48,420000	0,173445
48,430000	0,179181
48,440000	0,178544
48,450000	0,174082
48,460000	0,177906
48,470000	0,179181
48,480000	0,178544
48,490000	0,176631
48,500000	0,178544
48,510000	0,175994
48,520000	0,179181
48,530000	0,177269
48,540000	0,174082
48,550000	0,179818
48,560000	0,173445
48,570000	0,179818
48,580000	0,174082
48,590000	0,179818
48,600000	0,173445
48,610000	0,175994
48,620000	0,177906
48,630000	0,177906
48,640000	0,176631
48,650000	0,182368
48,660000	0,178544
48,670000	0,177906
48,680000	0,179181
48,690000	0,172170
48,700000	0,174719
48,710000	0,179818
48,720000	0,176631
48,730000	0,178544
48,740000	0,173445
48,750000	0,179818
48,760000	0,169620
48,770000	0,176631
48,780000	0,175357
48,790000	0,178544
48,800000	0,173445
48,810000	0,178544
48,820000	0,175994
48,830000	0,176631
48,840000	0,172807
48,850000	0,177906
48,860000	0,175994
48,870000	0,173445
48,880000	0,172807
48,890000	0,181093
48,900000	0,170895
48,910000	0,173445
48,920000	0,175357
48,930000	0,174082
48,940000	0,175994
48,950000	0,179181
48,960000	0,174719
48,970000	0,179818
48,980000	0,176631
48,990000	0,175994
49,000000	0,178544
49,010000	0,177269
49,020000	0,178544
49,030000	0,175357
49,040000	0,176631
49,050000	0,177269
49,060000	0,173445
49,070000	0,174082
49,080000	0,175994
49,090000	0,177269
49,100000	0,174082
49,110000	0,174719
49,120000	0,175994
49,130000	0,172807
49,140000	0,167708
49,150000	0,176631
49,160000	0,173445
49,170000	0,172807
49,180000	0,172807
49,190000	0,173445
49,200000	0,173445
49,210000	0,173445
49,220000	0,170895
49,230000	0,177906
49,240000	0,173445
49,250000	0,173445
49,260000	0,172807
49,270000	0,173445
49,280000	0,174719
49,290000	0,177269
49,300000	0,175994
49,310000	0,170895
49,320000	0,170895
49,330000	0,175994
49,340000	0,173445
49,350000	0,174082
49,360000	0,174082
49,370000	0,171533
49,380000	0,173445
49,390000	0,175357
49,400000	0,170258
49,410000	0,175357
49,420000	0,172170
49,430000	0,175357
49,440000	0,172170
49,450000	0,177269
49,460000	0,167708
49,470000	0,173445
49,480000	0,174082
49,490000	0,178544
49,500000	0,174082
49,510000	0,175994
49,520000	0,170895
49,530000	0,172170
49,540000	0,172170
49,550000	0,172807
49,560000	0,168983
49,570000	0,175357
49,580000	0,170895
49,590000	0,174719
49,600000	0,172807
49,610000	0,172170
49,620000	0,172807
49,630000	0,176631
49,640000	0,171533
49,650000	0,174719
49,660000	0,175994
49,670000	0,169620
49,680000	0,176631
49,690000	0,169620
49,700000	0,171533
49,710000	0,175994
49,720000	0,170258
49,730000	0,175994
49,740000	0,172807
49,750000	0,178544
49,760000	0,172170
49,770000	0,174082
49,780000	0,179181
49,790000	0,171533
49,800000	0,170895
49,810000	0,172807
49,820000	0,170895
49,830000	0,173445
49,840000	0,173445
49,850000	0,173445
49,860000	0,179181
49,870000	0,175357
49,880000	0,173445
49,890000	0,172807
49,900000	0,178544
49,910000	0,172807
49,920000	0,174719
49,930000	0,172807
49,940000	0,174082
49,950000	0,177269
49,960000	0,172170
49,970000	0,177906
49,980000	0,172807
49,990000	0,173445
50,000000	0,175357
50,010000	0,176631
50,020000	0,175357
50,030000	0,175357
50,040000	0,175357
50,050000	0,173445
50,060000	0,176631
50,070000	0,175357
50,080000	0,174082
50,090000	0,172807
50,100000	0,174082
50,110000	0,170895
50,120000	0,178544
50,130000	0,175357
50,140000	0,175994
50,150000	0,170895
50,160000	0,173445
50,170000	0,172807
50,180000	0,174082
50,190000	0,172170
50,200000	0,177269
50,210000	0,173445
50,220000	0,170895
50,230000	0,176631
50,240000	0,178544
50,250000	0,175357
50,260000	0,172807
50,270000	0,173445
50,280000	0,172170
50,290000	0,174082
50,300000	0,173445
50,310000	0,175994
50,320000	0,173445
50,330000	0,170895
50,340000	0,174082
50,350000	0,172170
50,360000	0,172807
50,370000	0,174719
50,380000	0,172807
50,390000	0,174082
50,400000	0,173445
50,410000	0,175994
50,420000	0,172807
50,430000	0,174082
50,440000	0,172170
50,450000	0,174719
50,460000	0,172170
50,470000	0,170895
50,480000	0,174719
50,490000	0,176631
50,500000	0,172807
50,510000	0,172807
50,520000	0,177906
50,530000	0,174719
50,540000	0,170895
50,550000	0,177906
50,560000	0,174082
50,570000	0,175357
50,580000	0,171533
50,590000	0,179181
50,600000	0,169620
50,610000	0,172170
50,620000	0,167708
50,630000	0,178544
50,640000	0,172807
50,650000	0,175357
50,660000	0,170258
50,670000	0,175357
50,680000	0,177269
50,690000	0,170895
50,700000	0,175994
50,710000	0,169620
50,720000	0,172807
50,730000	0,176631
50,740000	0,175357
50,750000	0,172170
50,760000	0,168983
50,770000	0,174082
50,780000	0,174082
50,790000	0,173445
50,800000	0,170258
50,810000	0,173445
50,820000	0,175357
50,830000	0,171533
50,840000	0,174082
50,850000	0,170258
50,860000	0,176631
50,870000	0,175357
50,880000	0,174719
50,890000	0,174082
50,900000	0,170895
50,910000	0,174719
50,920000	0,174719
50,930000	0,173445
50,940000	0,174719
50,950000	0,171533
50,960000	0,170895
50,970000	0,172170
50,980000	0,172170
50,990000	0,172807
51,000000	0,172807
51,010000	0,172807
51,020000	0,171533
51,030000	0,172170
51,040000	0,174082
51,050000	0,175357
51,060000	0,171533
51,070000	0,172170
51,080000	0,170258
51,090000	0,170895
51,100000	0,169620
51,110000	0,170895
51,120000	0,168983
51,130000	0,173445
51,140000	0,168346
51,150000	0,171533
51,160000	0,170895
51,170000	0,173445
51,180000	0,165796
51,190000	0,168983
51,200000	0,172170
51,210000	0,172170
51,220000	0,172170
51,230000	0,170895
51,240000	0,170895
51,250000	0,170895
51,260000	0,172807
51,270000	0,168983
51,280000	0,172807
51,290000	0,170258
51,300000	0,173445
51,310000	0,171533
51,320000	0,170258
51,330000	0,167071
51,340000	0,174082
51,350000	0,169620
51,360000	0,167708
51,370000	0,168346
51,380000	0,163884
51,390000	0,168983
51,400000	0,170895
51,410000	0,170895
51,420000	0,170258
51,430000	0,170895
51,440000	0,165796
51,450000	0,168983
51,460000	0,170895
51,470000	0,172807
51,480000	0,168346
51,490000	0,170895
51,500000	0,167708
51,510000	0,171533
51,520000	0,172807
51,530000	0,170258
51,540000	0,167071
51,550000	0,176631
51,560000	0,171533
51,570000	0,170895
51,580000	0,165796
51,590000	0,174719
51,600000	0,174082
51,610000	0,171533
51,620000	0,168346
51,630000	0,168983
51,640000	0,165796
51,650000	0,172807
51,660000	0,170258
51,670000	0,166434
51,680000	0,172807
51,690000	0,170895
51,700000	0,172807
51,710000	0,168346
51,720000	0,174082
51,730000	0,167071
51,740000	0,174719
51,750000	0,166434
51,760000	0,169620
51,770000	0,167708
51,780000	0,171533
51,790000	0,170258
51,800000	0,174719
51,810000	0,167708
51,820000	0,169620
51,830000	0,170258
51,840000	0,170895
51,850000	0,167071
51,860000	0,169620
51,870000	0,168983
51,880000	0,172170
51,890000	0,168346
51,900000	0,172170
51,910000	0,174082
51,920000	0,170895
51,930000	0,167708
51,940000	0,167708
51,950000	0,169620
51,960000	0,170258
51,970000	0,170258
51,980000	0,170258
51,990000	0,170258
52,000000	0,168346
52,010000	0,168983
52,020000	0,170895
52,030000	0,170258
52,040000	0,170895
52,050000	0,174082
52,060000	0,168983
52,070000	0,172807
52,080000	0,168346
52,090000	0,174082
52,100000	0,170895
52,110000	0,172807
52,120000	0,174082
52,130000	0,173445
52,140000	0,167708
52,150000	0,170895
52,160000	0,172807
52,170000	0,168346
52,180000	0,170258
52,190000	0,172807
52,200000	0,172807
52,210000	0,173445
52,220000	0,170258
52,230000	0,171533
52,240000	0,168346
52,250000	0,173445
52,260000	0,170258
52,270000	0,168983
52,280000	0,170895
52,290000	0,172170
52,300000	0,169620
52,310000	0,173445
52,320000	0,168983
52,330000	0,175357
52,340000	0,172807
52,350000	0,174082
52,360000	0,165796
52,370000	0,173445
52,380000	0,170258
52,390000	0,172170
52,400000	0,167708
52,410000	0,173445
52,420000	0,173445
52,430000	0,173445
52,440000	0,172807
52,450000	0,165796
52,460000	0,172170
52,470000	0,174719
52,480000	0,170258
52,490000	0,170895
52,500000	0,170895
52,510000	0,172170
52,520000	0,169620
52,530000	0,172170
52,540000	0,172807
52,550000	0,172170
52,560000	0,171533
52,570000	0,169620
52,580000	0,170895
52,590000	0,175994
52,600000	0,175994
52,610000	0,172170
52,620000	0,168346
52,630000	0,172170
52,640000	0,168346
52,650000	0,172807
52,660000	0,168983
52,670000	0,172170
52,680000	0,167708
52,690000	0,170258
52,700000	0,166434
52,710000	0,170895
52,720000	0,163884
52,730000	0,174719
52,740000	0,168346
52,750000	0,175994
52,760000	0,168983
52,770000	0,171533
52,780000	0,165796
52,790000	0,170258
52,800000	0,168346
52,810000	0,167071
52,820000	0,167708
52,830000	0,173445
52,840000	0,167071
52,850000	0,175357
52,860000	0,168983
52,870000	0,170895
52,880000	0,165796
52,890000	0,172807
52,900000	0,170258
52,910000	0,169620
52,920000	0,166434
52,930000	0,171533
52,940000	0,171533
52,950000	0,167708
52,960000	0,172170
52,970000	0,168983
52,980000	0,167071
52,990000	0,171533
53,000000	0,172807
53,010000	0,167708
53,020000	0,168983
53,030000	0,172807
53,040000	0,170895
53,050000	0,170258
53,060000	0,170895
53,070000	0,167071
53,080000	0,162609
53,090000	0,165796
53,100000	0,168983
53,110000	0,167071
53,120000	0,172170
53,130000	0,165159
53,140000	0,170895
53,150000	0,172170
53,160000	0,168346
53,170000	0,165796
53,180000	0,168983
53,190000	0,170895
53,200000	0,164522
53,210000	0,172807
53,220000	0,166434
53,230000	0,172807
53,240000	0,165159
53,250000	0,170258
53,260000	0,163247
53,270000	0,168346
53,280000	0,170258
53,290000	0,163247
53,300000	0,168346
53,310000	0,165159
53,320000	0,166434
53,330000	0,168346
53,340000	0,165796
53,350000	0,167071
53,360000	0,170895
53,370000	0,165796
53,380000	0,172170
53,390000	0,172807
53,400000	0,165159
53,410000	0,165159
53,420000	0,164522
53,430000	0,166434
53,440000	0,165159
53,450000	0,165796
53,460000	0,165159
53,470000	0,167071
53,480000	0,166434
53,490000	0,165796
53,500000	0,162609
53,510000	0,166434
53,520000	0,167708
53,530000	0,166434
53,540000	0,167708
53,550000	0,170258
53,560000	0,165159
53,570000	0,168983
53,580000	0,165159
53,590000	0,167071
53,600000	0,165796
53,610000	0,165159
53,620000	0,161972
53,630000	0,165159
53,640000	0,165796
53,650000	0,165159
53,660000	0,170895
53,670000	0,170258
53,680000	0,166434
53,690000	0,167708
53,700000	0,165796
53,710000	0,167708
53,720000	0,166434
53,730000	0,166434
53,740000	0,164522
53,750000	0,167071
53,760000	0,165159
53,770000	0,168346
53,780000	0,170895
53,790000	0,170258
53,800000	0,168346
53,810000	0,167708
53,820000	0,164522
53,830000	0,164522
53,840000	0,166434
53,850000	0,166434
53,860000	0,165796
53,870000	0,173445
53,880000	0,165796
53,890000	0,169620
53,900000	0,162609
53,910000	0,168346
53,920000	0,168346
53,930000	0,167071
53,940000	0,165796
53,950000	0,165796
53,960000	0,163884
53,970000	0,168346
53,980000	0,163247
53,990000	0,169620
54,000000	0,167071
54,010000	0,172170
54,020000	0,162609
54,030000	0,169620
54,040000	0,160697
54,050000	0,170895
54,060000	0,164522
54,070000	0,172170
54,080000	0,167708
54,090000	0,165159
54,100000	0,160697
54,110000	0,169620
54,120000	0,163884
54,130000	0,172807
54,140000	0,165796
54,150000	0,172170
54,160000	0,162609
54,170000	0,172807
54,180000	0,163247
54,190000	0,168346
54,200000	0,161972
54,210000	0,168983
54,220000	0,165159
54,230000	0,163247
54,240000	0,165159
54,250000	0,172170
54,260000	0,167071
54,270000	0,168983
54,280000	0,165159
54,290000	0,173445
54,300000	0,168346
54,310000	0,170895
54,320000	0,169620
54,330000	0,167708
54,340000	0,170258
54,350000	0,165796
54,360000	0,170895
54,370000	0,168346
54,380000	0,171533
54,390000	0,168983
54,400000	0,172170
54,410000	0,168983
54,420000	0,166434
54,430000	0,168983
54,440000	0,165159
54,450000	0,172170
54,460000	0,170258
54,470000	0,169620
54,480000	0,160060
54,490000	0,172170
54,500000	0,166434
54,510000	0,171533
54,520000	0,165159
54,530000	0,172170
54,540000	0,165796
54,550000	0,167708
54,560000	0,165159
54,570000	0,169620
54,580000	0,165159
54,590000	0,170258
54,600000	0,163247
54,610000	0,167708
54,620000	0,164522
54,630000	0,167071
54,640000	0,160697
54,650000	0,165796
54,660000	0,161335
54,670000	0,164522
54,680000	0,164522
54,690000	0,167708
54,700000	0,167708
54,710000	0,167071
54,720000	0,167071
54,730000	0,167708
54,740000	0,165796
54,750000	0,168983
54,760000	0,164522
54,770000	0,170895
54,780000	0,169620
54,790000	0,171533
54,800000	0,165796
54,810000	0,172807
54,820000	0,168346
54,830000	0,168346
54,840000	0,167071
54,850000	0,173445
54,860000	0,165159
54,870000	0,168983
54,880000	0,165159
54,890000	0,168983
54,900000	0,165796
54,910000	0,165796
54,920000	0,162609
54,930000	0,168346
54,940000	0,163247
54,950000	0,170258
54,960000	0,160697
54,970000	0,167708
54,980000	0,165159
54,990000	0,170258
55,000000	0,161335
55,010000	0,170258
55,020000	0,166434
55,030000	0,169620
55,040000	0,165796
55,050000	0,164522
55,060000	0,163884
55,070000	0,170258
55,080000	0,164522
55,090000	0,168346
55,100000	0,164522
55,110000	0,173445
55,120000	0,166434
55,130000	0,165796
55,140000	0,161972
55,150000	0,166434
55,160000	0,165159
55,170000	0,161972
55,180000	0,172807
55,190000	0,163247
55,200000	0,166434
55,210000	0,160697
55,220000	0,168983
55,230000	0,160697
55,240000	0,167708
55,250000	0,166434
55,260000	0,167708
55,270000	0,159423
55,280000	0,167708
55,290000	0,161972
55,300000	0,166434
55,310000	0,163247
55,320000	0,161335
55,330000	0,163247
55,340000	0,163247
55,350000	0,164522
55,360000	0,167071
55,370000	0,161972
55,380000	0,163247
55,390000	0,168346
55,400000	0,165796
55,410000	0,164522
55,420000	0,158148
55,430000	0,167071
55,440000	0,163247
55,450000	0,165796
55,460000	0,163247
55,470000	0,163247
55,480000	0,162609
55,490000	0,169620
55,500000	0,160697
55,510000	0,170895
55,520000	0,159423
55,530000	0,165796
55,540000	0,162609
55,550000	0,165796
55,560000	0,160060
55,570000	0,163247
55,580000	0,161335
55,590000	0,169620
55,600000	0,160697
55,610000	0,165159
55,620000	0,160697
55,630000	0,163247
55,640000	0,161972
55,650000	0,163247
55,660000	0,163247
55,670000	0,167071
55,680000	0,166434
55,690000	0,162609
55,700000	0,161972
55,710000	0,167071
55,720000	0,163247
55,730000	0,164522
55,740000	0,163884
55,750000	0,168983
55,760000	0,158148
55,770000	0,167071
55,780000	0,164522
55,790000	0,161972
55,800000	0,159423
55,810000	0,163884
55,820000	0,165159
55,830000	0,163884
55,840000	0,162609
55,850000	0,167071
55,860000	0,160697
55,870000	0,170258
55,880000	0,166434
55,890000	0,165159
55,900000	0,162609
55,910000	0,167071
55,920000	0,163247
55,930000	0,167708
55,940000	0,164522
55,950000	0,163884
55,960000	0,161972
55,970000	0,165796
55,980000	0,159423
55,990000	0,162609
56,000000	0,168346
56,010000	0,164522
56,020000	0,163247
56,030000	0,165796
56,040000	0,159423
56,050000	0,165796
56,060000	0,164522
56,070000	0,167071
56,080000	0,163884
56,090000	0,161335
56,100000	0,160060
56,110000	0,165159
56,120000	0,161972
56,130000	0,168346
56,140000	0,160697
56,150000	0,165159
56,160000	0,165796
56,170000	0,165796
56,180000	0,163884
56,190000	0,163247
56,200000	0,163247
56,210000	0,168983
56,220000	0,165159
56,230000	0,162609
56,240000	0,161335
56,250000	0,167708
56,260000	0,161335
56,270000	0,164522
56,280000	0,163884
56,290000	0,165796
56,300000	0,167708
56,310000	0,165796
56,320000	0,165796
56,330000	0,165159
56,340000	0,162609
56,350000	0,165796
56,360000	0,165796
56,370000	0,165159
56,380000	0,165796
56,390000	0,165159
56,400000	0,168346
56,410000	0,170258
56,420000	0,166434
56,430000	0,168346
56,440000	0,167708
56,450000	0,163884
56,460000	0,164522
56,470000	0,165159
56,480000	0,165159
56,490000	0,167708
56,500000	0,164522
56,510000	0,165796
56,520000	0,165159
56,530000	0,163247
56,540000	0,161335
56,550000	0,163884
56,560000	0,168346
56,570000	0,162609
56,580000	0,165159
56,590000	0,167071
56,600000	0,163884
56,610000	0,168346
56,620000	0,160697
56,630000	0,168346
56,640000	0,161972
56,650000	0,167708
56,660000	0,163884
56,670000	0,166434
56,680000	0,161335
56,690000	0,163247
56,700000	0,165796
56,710000	0,165159
56,720000	0,161335
56,730000	0,158785
56,740000	0,167071
56,750000	0,161335
56,760000	0,165796
56,770000	0,162609
56,780000	0,165159
56,790000	0,163247
56,800000	0,163884
56,810000	0,164522
56,820000	0,162609
56,830000	0,165796
56,840000	0,160060
56,850000	0,165796
56,860000	0,159423
56,870000	0,166434
56,880000	0,160697
56,890000	0,165159
56,900000	0,163884
56,910000	0,165796
56,920000	0,165796
56,930000	0,161335
56,940000	0,163884
56,950000	0,166434
56,960000	0,165796
56,970000	0,162609
56,980000	0,168346
56,990000	0,168346
57,000000	0,160697
57,010000	0,162609
57,020000	0,161335
57,030000	0,165159
57,040000	0,168346
57,050000	0,163884
57,060000	0,168983
57,070000	0,165796
57,080000	0,162609
57,090000	0,165796
57,100000	0,162609
57,110000	0,160697
57,120000	0,160697
57,130000	0,160697
57,140000	0,168346
57,150000	0,160697
57,160000	0,161335
57,170000	0,164522
57,180000	0,160697
57,190000	0,161972
57,200000	0,165159
57,210000	0,165159
57,220000	0,164522
57,230000	0,161972
57,240000	0,163247
57,250000	0,159423
57,260000	0,161335
57,270000	0,158148
57,280000	0,160697
57,290000	0,162609
57,300000	0,163247
57,310000	0,158148
57,320000	0,159423
57,330000	0,163247
57,340000	0,164522
57,350000	0,157511
57,360000	0,160060
57,370000	0,158148
57,380000	0,160697
57,390000	0,158148
57,400000	0,160060
57,410000	0,160697
57,420000	0,165159
57,430000	0,163247
57,440000	0,165796
57,450000	0,161972
57,460000	0,165159
57,470000	0,161972
57,480000	0,159423
57,490000	0,160697
57,500000	0,159423
57,510000	0,162609
57,520000	0,158148
57,530000	0,163884
57,540000	0,161972
57,550000	0,160697
57,560000	0,156873
57,570000	0,162609
57,580000	0,158785
57,590000	0,164522
57,600000	0,163884
57,610000	0,158148
57,620000	0,158148
57,630000	0,168346
57,640000	0,156236
57,650000	0,159423
57,660000	0,160697
57,670000	0,161972
57,680000	0,162609
57,690000	0,158785
57,700000	0,158785
57,710000	0,161972
57,720000	0,161335
57,730000	0,161335
57,740000	0,158148
57,750000	0,160060
57,760000	0,163247
57,770000	0,160060
57,780000	0,158785
57,790000	0,163247
57,800000	0,155598
57,810000	0,160697
57,820000	0,159423
57,830000	0,159423
57,840000	0,161972
57,850000	0,163884
57,860000	0,156873
57,870000	0,161335
57,880000	0,154324
57,890000	0,162609
57,900000	0,157511
57,910000	0,161972
57,920000	0,156873
57,930000	0,165159
57,940000	0,160697
57,950000	0,162609
57,960000	0,156873
57,970000	0,167708
57,980000	0,156873
57,990000	0,167708
58,000000	0,154324
58,010000	0,165159
58,020000	0,156873
58,030000	0,164522
58,040000	0,158148
58,050000	0,165796
58,060000	0,157511
58,070000	0,168983
58,080000	0,158148
58,090000	0,168346
58,100000	0,158785
58,110000	0,164522
58,120000	0,158148
58,130000	0,163884
58,140000	0,161972
58,150000	0,163247
58,160000	0,160697
58,170000	0,163884
58,180000	0,157511
58,190000	0,160697
58,200000	0,158785
58,210000	0,163247
58,220000	0,164522
58,230000	0,160697
58,240000	0,159423
58,250000	0,162609
58,260000	0,161972
58,270000	0,160697
58,280000	0,161335
58,290000	0,164522
58,300000	0,161335
58,310000	0,163247
58,320000	0,159423
58,330000	0,163247
58,340000	0,161972
58,350000	0,162609
58,360000	0,160060
58,370000	0,161335
58,380000	0,160060
58,390000	0,162609
58,400000	0,159423
58,410000	0,163247
58,420000	0,160060
58,430000	0,161972
58,440000	0,163247
58,450000	0,164522
58,460000	0,156873
58,470000	0,161335
58,480000	0,160060
58,490000	0,160060
58,500000	0,158148
58,510000	0,164522
58,520000	0,157511
58,530000	0,165159
58,540000	0,159423
58,550000	0,162609
58,560000	0,158148
58,570000	0,160060
58,580000	0,161972
58,590000	0,164522
58,600000	0,165159
58,610000	0,160060
58,620000	0,162609
58,630000	0,160697
58,640000	0,167708
58,650000	0,163247
58,660000	0,163247
58,670000	0,157511
58,680000	0,167071
58,690000	0,160697
58,700000	0,163884
58,710000	0,159423
58,720000	0,165796
58,730000	0,159423
58,740000	0,160697
58,750000	0,158785
58,760000	0,163247
58,770000	0,161335
58,780000	0,161335
58,790000	0,163884
58,800000	0,160697
58,810000	0,158148
58,820000	0,158785
58,830000	0,158148
58,840000	0,160697
58,850000	0,164522
58,860000	0,158785
58,870000	0,161972
58,880000	0,163247
58,890000	0,160697
58,900000	0,163247
58,910000	0,161335
58,920000	0,158785
58,930000	0,165159
58,940000	0,160697
58,950000	0,160697
58,960000	0,158148
58,970000	0,163247
58,980000	0,160697
58,990000	0,165159
59,000000	0,161972
59,010000	0,161335
59,020000	0,160697
59,030000	0,164522
59,040000	0,162609
59,050000	0,161335
59,060000	0,161335
59,070000	0,163247
59,080000	0,159423
59,090000	0,158785
59,100000	0,158785
59,110000	0,163247
59,120000	0,160060
59,130000	0,160697
59,140000	0,161972
59,150000	0,161335
59,160000	0,160060
59,170000	0,161335
59,180000	0,160697
59,190000	0,162609
59,200000	0,163884
59,210000	0,160060
59,220000	0,160697
59,230000	0,161335
59,240000	0,160697
59,250000	0,158148
59,260000	0,163884
59,270000	0,160697
59,280000	0,159423
59,290000	0,161972
59,300000	0,161335
59,310000	0,160060
59,320000	0,161972
59,330000	0,162609
59,340000	0,160697
59,350000	0,162609
59,360000	0,156873
59,370000	0,161972
59,380000	0,159423
59,390000	0,160697
59,400000	0,157511
59,410000	0,157511
59,420000	0,161335
59,430000	0,158785
59,440000	0,154961
59,450000	0,156873
59,460000	0,156236
59,470000	0,160060
59,480000	0,158148
59,490000	0,160060
59,500000	0,156236
59,510000	0,160060
59,520000	0,154961
59,530000	0,160060
59,540000	0,154961
59,550000	0,159423
59,560000	0,159423
59,570000	0,158785
59,580000	0,158148
59,590000	0,158148
59,600000	0,158148
59,610000	0,161335
59,620000	0,162609
59,630000	0,162609
59,640000	0,163247
59,650000	0,161335
59,660000	0,159423
59,670000	0,157511
59,680000	0,156873
59,690000	0,158785
59,700000	0,156873
59,710000	0,156236
59,720000	0,156236
59,730000	0,163247
59,740000	0,162609
59,750000	0,162609
59,760000	0,160060
59,770000	0,160697
59,780000	0,157511
59,790000	0,157511
59,800000	0,160697
59,810000	0,159423
59,820000	0,163247
59,830000	0,153049
59,840000	0,158148
59,850000	0,158148
59,860000	0,163884
59,870000	0,161972
59,880000	0,163884
59,890000	0,158785
59,900000	0,161335
59,910000	0,163247
59,920000	0,160060
59,930000	0,158148
59,940000	0,158148
59,950000	0,155598
59,960000	0,151774
59,970000	0,150499
59,980000	0,154961
59,990000	0,156236
60,000000	0,158148
60,010000	0,160060
60,020000	0,161335
60,030000	0,158785
60,040000	0,154961
60,050000	0,163247
60,060000	0,157511
60,070000	0,158148
60,080000	0,151774
60,090000	0,162609
60,100000	0,158148
60,110000	0,160060
60,120000	0,153049
60,130000	0,161972
60,140000	0,154961
60,150000	0,163247
60,160000	0,155598
60,170000	0,159423
60,180000	0,155598
60,190000	0,158148
60,200000	0,158148
60,210000	0,160697
60,220000	0,158148
60,230000	0,153049
60,240000	0,155598
60,250000	0,162609
60,260000	0,160697
60,270000	0,156873
60,280000	0,164522
60,290000	0,160697
60,300000	0,150499
60,310000	0,161335
60,320000	0,160697
60,330000	0,160697
60,340000	0,158148
60,350000	0,158785
60,360000	0,160697
60,370000	0,157511
60,380000	0,159423
60,390000	0,163247
60,400000	0,158785
60,410000	0,160697
60,420000	0,155598
60,430000	0,158148
60,440000	0,158785
60,450000	0,158785
60,460000	0,156873
60,470000	0,158785
60,480000	0,157511
60,490000	0,158148
60,500000	0,156873
60,510000	0,162609
60,520000	0,153049
60,530000	0,158148
60,540000	0,158148
60,550000	0,162609
60,560000	0,161972
60,570000	0,158148
60,580000	0,159423
60,590000	0,160697
60,600000	0,158785
60,610000	0,160697
60,620000	0,161972
60,630000	0,160060
60,640000	0,160060
60,650000	0,163247
60,660000	0,160697
60,670000	0,158785
60,680000	0,159423
60,690000	0,161972
60,700000	0,161335
60,710000	0,163884
60,720000	0,158148
60,730000	0,158785
60,740000	0,161335
60,750000	0,163247
60,760000	0,160697
60,770000	0,159423
60,780000	0,156873
60,790000	0,163247
60,800000	0,158148
60,810000	0,157511
60,820000	0,160697
60,830000	0,160060
60,840000	0,160697
60,850000	0,158148
60,860000	0,157511
60,870000	0,160697
60,880000	0,160060
60,890000	0,160697
60,900000	0,159423
60,910000	0,160697
60,920000	0,154324
60,930000	0,158148
60,940000	0,156236
60,950000	0,155598
60,960000	0,155598
60,970000	0,160697
60,980000	0,158785
60,990000	0,155598
61,000000	0,156236
61,010000	0,159423
61,020000	0,158785
61,030000	0,156873
61,040000	0,158148
61,050000	0,158148
61,060000	0,157511
61,070000	0,160697
61,080000	0,152412
61,090000	0,160060
61,100000	0,160697
61,110000	0,161972
61,120000	0,159423
61,130000	0,158148
61,140000	0,157511
61,150000	0,153686
61,160000	0,163884
61,170000	0,153049
61,180000	0,158148
61,190000	0,154961
61,200000	0,156236
61,210000	0,159423
61,220000	0,155598
61,230000	0,151774
61,240000	0,156873
61,250000	0,154324
61,260000	0,160060
61,270000	0,161335
61,280000	0,163247
61,290000	0,158148
61,300000	0,158785
61,310000	0,159423
61,320000	0,154324
61,330000	0,161972
61,340000	0,154961
61,350000	0,161972
61,360000	0,156236
61,370000	0,161335
61,380000	0,154961
61,390000	0,160060
61,400000	0,154961
61,410000	0,162609
61,420000	0,153686
61,430000	0,161972
61,440000	0,152412
61,450000	0,160060
61,460000	0,156873
61,470000	0,160697
61,480000	0,150499
61,490000	0,161972
61,500000	0,153686
61,510000	0,163884
61,520000	0,155598
61,530000	0,163247
61,540000	0,158785
61,550000	0,160060
61,560000	0,153686
61,570000	0,158785
61,580000	0,153686
61,590000	0,163247
61,600000	0,156236
61,610000	0,160060
61,620000	0,156236
61,630000	0,160060
61,640000	0,154324
61,650000	0,151137
61,660000	0,160697
61,670000	0,153049
61,680000	0,154961
61,690000	0,158785
61,700000	0,155598
61,710000	0,154961
61,720000	0,156236
61,730000	0,157511
61,740000	0,155598
61,750000	0,154961
61,760000	0,153049
61,770000	0,160060
61,780000	0,156236
61,790000	0,158785
61,800000	0,155598
61,810000	0,160697
61,820000	0,158785
61,830000	0,158148
61,840000	0,160697
61,850000	0,156873
61,860000	0,155598
61,870000	0,157511
61,880000	0,153049
61,890000	0,158785
61,900000	0,154961
61,910000	0,158148
61,920000	0,154324
61,930000	0,155598
61,940000	0,156236
61,950000	0,162609
61,960000	0,158148
61,970000	0,156236
61,980000	0,160697
61,990000	0,156236
62,000000	0,162609
62,010000	0,155598
62,020000	0,159423
62,030000	0,151774
62,040000	0,155598
62,050000	0,157511
62,060000	0,158148
62,070000	0,152412
62,080000	0,158785
62,090000	0,153686
62,100000	0,156873
62,110000	0,157511
62,120000	0,160697
62,130000	0,155598
62,140000	0,160697
62,150000	0,154324
62,160000	0,156873
62,170000	0,149225
62,180000	0,154961
62,190000	0,153686
62,200000	0,153049
62,210000	0,153686
62,220000	0,155598
62,230000	0,150499
62,240000	0,158785
62,250000	0,153686
62,260000	0,155598
62,270000	0,158148
62,280000	0,160697
62,290000	0,159423
62,300000	0,160697
62,310000	0,155598
62,320000	0,158785
62,330000	0,155598
62,340000	0,151137
62,350000	0,154324
62,360000	0,150499
62,370000	0,156873
62,380000	0,152412
62,390000	0,155598
62,400000	0,152412
62,410000	0,158148
62,420000	0,156873
62,430000	0,158148
62,440000	0,155598
62,450000	0,154961
62,460000	0,153049
62,470000	0,156873
62,480000	0,157511
62,490000	0,153049
62,500000	0,154961
62,510000	0,157511
62,520000	0,156873
62,530000	0,160060
62,540000	0,160060
62,550000	0,158148
62,560000	0,154324
62,570000	0,156236
62,580000	0,156236
62,590000	0,151774
62,600000	0,163247
62,610000	0,151137
62,620000	0,161335
62,630000	0,152412
62,640000	0,155598
62,650000	0,147313
62,660000	0,160060
62,670000	0,148587
62,680000	0,154961
62,690000	0,149862
62,700000	0,156873
62,710000	0,156873
62,720000	0,158148
62,730000	0,158148
62,740000	0,154961
62,750000	0,158148
62,760000	0,160060
62,770000	0,158148
62,780000	0,151774
62,790000	0,158148
62,800000	0,153049
62,810000	0,160697
62,820000	0,151774
62,830000	0,158785
62,840000	0,160697
62,850000	0,154961
62,860000	0,160697
62,870000	0,157511
62,880000	0,157511
62,890000	0,158785
62,900000	0,158148
62,910000	0,156236
62,920000	0,157511
62,930000	0,154324
62,940000	0,156873
62,950000	0,163884
62,960000	0,156873
62,970000	0,157511
62,980000	0,158148
62,990000	0,156236
63,000000	0,155598
63,010000	0,154961
63,020000	0,156236
63,030000	0,155598
63,040000	0,157511
63,050000	0,153049
63,060000	0,159423
63,070000	0,156873
63,080000	0,160697
63,090000	0,152412
63,100000	0,157511
63,110000	0,154961
63,120000	0,155598
63,130000	0,151774
63,140000	0,156873
63,150000	0,160060
63,160000	0,158785
63,170000	0,151137
63,180000	0,157511
63,190000	0,156236
63,200000	0,153049
63,210000	0,158785
63,220000	0,155598
63,230000	0,159423
63,240000	0,154324
63,250000	0,161335
63,260000	0,155598
63,270000	0,156236
63,280000	0,151774
63,290000	0,158148
63,300000	0,155598
63,310000	0,156236
63,320000	0,153049
63,330000	0,157511
63,340000	0,155598
63,350000	0,158785
63,360000	0,153686
63,370000	0,157511
63,380000	0,160060
63,390000	0,158148
63,400000	0,154324
63,410000	0,156873
63,420000	0,154961
63,430000	0,154324
63,440000	0,150499
63,450000	0,158148
63,460000	0,158148
63,470000	0,156873
63,480000	0,154961
63,490000	0,156873
63,500000	0,154324
63,510000	0,155598
63,520000	0,154961
63,530000	0,153686
63,540000	0,153049
63,550000	0,154324
63,560000	0,154961
63,570000	0,158148
63,580000	0,153049
63,590000	0,154324
63,600000	0,153049
63,610000	0,159423
63,620000	0,161335
63,630000	0,154961
63,640000	0,158148
63,650000	0,155598
63,660000	0,154961
63,670000	0,156873
63,680000	0,154961
63,690000	0,155598
63,700000	0,158785
63,710000	0,151774
63,720000	0,156873
63,730000	0,155598
63,740000	0,157511
63,750000	0,149862
63,760000	0,151774
63,770000	0,152412
63,780000	0,154961
63,790000	0,150499
63,800000	0,154961
63,810000	0,158785
63,820000	0,155598
63,830000	0,150499
63,840000	0,151137
63,850000	0,153686
63,860000	0,147950
63,870000	0,154961
63,880000	0,144763
63,890000	0,154324
63,900000	0,150499
63,910000	0,153049
63,920000	0,149862
63,930000	0,158148
63,940000	0,153049
63,950000	0,144763
63,960000	0,158785
63,970000	0,154961
63,980000	0,158785
63,990000	0,156873
64,000000	0,154961
64,010000	0,156873
64,020000	0,153049
64,030000	0,154961
64,040000	0,158148
64,050000	0,154324
64,060000	0,150499
64,070000	0,153686
64,080000	0,148587
64,090000	0,158148
64,100000	0,154324
64,110000	0,160697
64,120000	0,154961
64,130000	0,158148
64,140000	0,149862
64,150000	0,153049
64,160000	0,152412
64,170000	0,153049
64,180000	0,155598
64,190000	0,152412
64,200000	0,153686
64,210000	0,152412
64,220000	0,153049
64,230000	0,147313
64,240000	0,156236
64,250000	0,147950
64,260000	0,151774
64,270000	0,148587
64,280000	0,153686
64,290000	0,152412
64,300000	0,153049
64,310000	0,149862
64,320000	0,155598
64,330000	0,153686
64,340000	0,151774
64,350000	0,154324
64,360000	0,156873
64,370000	0,154961
64,380000	0,154324
64,390000	0,153049
64,400000	0,152412
64,410000	0,150499
64,420000	0,153686
64,430000	0,160060
64,440000	0,155598
64,450000	0,153686
64,460000	0,154324
64,470000	0,155598
64,480000	0,153686
64,490000	0,150499
64,500000	0,157511
64,510000	0,149862
64,520000	0,151774
64,530000	0,157511
64,540000	0,149862
64,550000	0,155598
64,560000	0,154961
64,570000	0,156236
64,580000	0,152412
64,590000	0,153049
64,600000	0,157511
64,610000	0,154961
64,620000	0,151774
64,630000	0,156236
64,640000	0,149862
64,650000	0,152412
64,660000	0,152412
64,670000	0,158148
64,680000	0,147950
64,690000	0,157511
64,700000	0,151774
64,710000	0,156236
64,720000	0,150499
64,730000	0,159423
64,740000	0,151774
64,750000	0,162609
64,760000	0,150499
64,770000	0,158148
64,780000	0,149225
64,790000	0,159423
64,800000	0,148587
64,810000	0,161335
64,820000	0,150499
64,830000	0,160697
64,840000	0,152412
64,850000	0,153686
64,860000	0,153049
64,870000	0,157511
64,880000	0,156236
64,890000	0,155598
64,900000	0,149225
64,910000	0,153686
64,920000	0,149225
64,930000	0,153049
64,940000	0,152412
64,950000	0,154961
64,960000	0,148587
64,970000	0,149225
64,980000	0,153049
64,990000	0,158148
65,000000	0,147950
65,010000	0,161972
65,020000	0,150499
65,030000	0,150499
65,040000	0,154961
65,050000	0,152412
65,060000	0,152412
65,070000	0,151774
65,080000	0,151137
65,090000	0,151774
65,100000	0,149862
65,110000	0,158785
65,120000	0,158148
65,130000	0,156873
65,140000	0,153686
65,150000	0,150499
65,160000	0,154324
65,170000	0,156236
65,180000	0,156236
65,190000	0,155598
65,200000	0,150499
65,210000	0,154961
65,220000	0,153049
65,230000	0,156873
65,240000	0,152412
65,250000	0,149862
65,260000	0,151137
65,270000	0,151774
65,280000	0,153049
65,290000	0,150499
65,300000	0,161972
65,310000	0,155598
65,320000	0,156236
65,330000	0,154324
65,340000	0,150499
65,350000	0,152412
65,360000	0,153049
65,370000	0,154961
65,380000	0,152412
65,390000	0,153686
65,400000	0,154961
65,410000	0,154324
65,420000	0,147950
65,430000	0,153049
65,440000	0,143488
65,450000	0,159423
65,460000	0,151774
65,470000	0,154961
65,480000	0,153049
65,490000	0,158148
65,500000	0,149862
65,510000	0,153049
65,520000	0,153049
65,530000	0,158148
65,540000	0,149225
65,550000	0,154324
65,560000	0,159423
65,570000	0,152412
65,580000	0,150499
65,590000	0,154961
65,600000	0,148587
65,610000	0,153686
65,620000	0,155598
65,630000	0,153686
65,640000	0,156236
65,650000	0,150499
65,660000	0,149862
65,670000	0,154961
65,680000	0,155598
65,690000	0,152412
65,700000	0,152412
65,710000	0,154961
65,720000	0,151774
65,730000	0,157511
65,740000	0,152412
65,750000	0,153686
65,760000	0,153686
65,770000	0,151137
65,780000	0,149225
65,790000	0,153049
65,800000	0,151774
65,810000	0,148587
65,820000	0,158785
65,830000	0,146038
65,840000	0,151774
65,850000	0,152412
65,860000	0,152412
65,870000	0,152412
65,880000	0,146675
65,890000	0,153049
65,900000	0,153686
65,910000	0,149225
65,920000	0,153049
65,930000	0,147313
65,940000	0,149225
65,950000	0,148587
65,960000	0,149225
65,970000	0,146675
65,980000	0,153049
65,990000	0,149862
66,000000	0,155598
66,010000	0,147313
66,020000	0,149862
66,030000	0,147950
66,040000	0,158148
66,050000	0,146675
66,060000	0,152412
66,070000	0,146675
66,080000	0,150499
66,090000	0,147950
66,100000	0,148587
66,110000	0,150499
66,120000	0,153686
66,130000	0,144763
66,140000	0,155598
66,150000	0,151774
66,160000	0,153049
66,170000	0,149862
66,180000	0,153049
66,190000	0,153686
66,200000	0,152412
66,210000	0,157511
66,220000	0,154961
66,230000	0,147313
66,240000	0,150499
66,250000	0,153049
66,260000	0,146038
66,270000	0,150499
66,280000	0,151774
66,290000	0,150499
66,300000	0,148587
66,310000	0,153049
66,320000	0,149862
66,330000	0,153686
66,340000	0,160697
66,350000	0,155598
66,360000	0,163247
66,370000	0,150499
66,380000	0,157511
66,390000	0,149225
66,400000	0,155598
66,410000	0,155598
66,420000	0,160060
66,430000	0,160697
66,440000	0,155598
66,450000	0,147313
66,460000	0,153049
66,470000	0,139664
66,480000	0,159423
66,490000	0,139027
66,500000	0,154324
66,510000	0,142214
66,520000	0,148587
66,530000	0,144763
66,540000	0,147313
66,550000	0,144763
66,560000	0,144126
66,570000	0,147313
66,580000	0,150499
66,590000	0,143488
66,600000	0,147950
66,610000	0,153049
66,620000	0,154324
66,630000	0,155598
66,640000	0,158148
66,650000	0,151137
66,660000	0,157511
66,670000	0,147313
66,680000	0,150499
66,690000	0,150499
66,700000	0,149862
66,710000	0,148587
66,720000	0,153049
66,730000	0,150499
66,740000	0,150499
66,750000	0,153049
66,760000	0,147950
66,770000	0,151137
66,780000	0,150499
66,790000	0,158785
66,800000	0,149225
66,810000	0,147313
66,820000	0,153049
66,830000	0,153686
66,840000	0,149225
66,850000	0,153049
66,860000	0,145401
66,870000	0,148587
66,880000	0,146038
66,890000	0,149862
66,900000	0,149225
66,910000	0,149225
66,920000	0,149225
66,930000	0,156236
66,940000	0,152412
66,950000	0,151774
66,960000	0,150499
66,970000	0,153049
66,980000	0,147950
66,990000	0,154324
67,000000	0,149862
67,010000	0,154961
67,020000	0,149225
67,030000	0,148587
67,040000	0,152412
67,050000	0,153686
67,060000	0,153049
67,070000	0,150499
67,080000	0,151137
67,090000	0,149225
67,100000	0,153686
67,110000	0,144763
67,120000	0,147950
67,130000	0,149225
67,140000	0,153049
67,150000	0,153686
67,160000	0,147950
67,170000	0,151774
67,180000	0,153049
67,190000	0,149225
67,200000	0,150499
67,210000	0,153049
67,220000	0,150499
67,230000	0,154961
67,240000	0,147313
67,250000	0,149225
67,260000	0,148587
67,270000	0,154961
67,280000	0,148587
67,290000	0,150499
67,300000	0,146675
67,310000	0,156236
67,320000	0,147950
67,330000	0,153049
67,340000	0,151137
67,350000	0,150499
67,360000	0,151137
67,370000	0,153049
67,380000	0,151774
67,390000	0,153049
67,400000	0,154961
67,410000	0,153686
67,420000	0,152412
67,430000	0,152412
67,440000	0,149225
67,450000	0,153686
67,460000	0,153686
67,470000	0,156873
67,480000	0,148587
67,490000	0,157511
67,500000	0,146675
67,510000	0,150499
67,520000	0,148587
67,530000	0,146038
67,540000	0,163884
67,550000	0,150499
67,560000	0,159423
67,570000	0,150499
67,580000	0,153049
67,590000	0,153686
67,600000	0,153049
67,610000	0,147950
67,620000	0,154324
67,630000	0,140939
67,640000	0,150499
67,650000	0,146675
67,660000	0,147313
67,670000	0,140302
67,680000	0,147950
67,690000	0,154961
67,700000	0,153686
67,710000	0,147313
67,720000	0,161335
67,730000	0,151137
67,740000	0,146675
67,750000	0,151774
67,760000	0,134565
67,770000	0,145401
67,780000	0,140302
67,790000	0,143488
67,800000	0,152412
67,810000	0,132016
67,820000	0,142851
67,830000	0,154324
67,840000	0,151774
67,850000	0,167708
67,860000	0,149862
67,870000	0,165796
67,880000	0,156873
67,890000	0,162609
67,900000	0,166434
67,910000	0,157511
67,920000	0,167708
67,930000	0,158148
67,940000	0,153049
67,950000	0,153686
67,960000	0,158148
67,970000	0,147950
67,980000	0,151137
67,990000	0,150499
68,000000	0,149862
68,010000	0,148587
68,020000	0,141576
68,030000	0,149225
68,040000	0,146038
68,050000	0,146675
68,060000	0,142214
68,070000	0,144126
68,080000	0,146675
68,090000	0,146675
68,100000	0,143488
68,110000	0,147313
68,120000	0,149225
68,130000	0,149862
68,140000	0,143488
68,150000	0,154324
68,160000	0,152412
68,170000	0,160060
68,180000	0,149862
68,190000	0,146038
68,200000	0,150499
68,210000	0,149225
68,220000	0,148587
68,230000	0,147950
68,240000	0,149225
68,250000	0,149225
68,260000	0,150499
68,270000	0,146675
68,280000	0,154324
68,290000	0,148587
68,300000	0,147950
68,310000	0,147313
68,320000	0,148587
68,330000	0,151137
68,340000	0,147313
68,350000	0,148587
68,360000	0,149225
68,370000	0,148587
68,380000	0,150499
68,390000	0,154961
68,400000	0,147950
68,410000	0,150499
68,420000	0,147950
68,430000	0,153686
68,440000	0,146675
68,450000	0,148587
68,460000	0,147950
68,470000	0,152412
68,480000	0,141576
68,490000	0,154324
68,500000	0,144126
68,510000	0,150499
68,520000	0,144126
68,530000	0,153049
68,540000	0,144763
68,550000	0,147950
68,560000	0,151774
68,570000	0,152412
68,580000	0,149862
68,590000	0,147950
68,600000	0,151774
68,610000	0,148587
68,620000	0,149862
68,630000	0,149862
68,640000	0,147950
68,650000	0,149862
68,660000	0,147313
68,670000	0,151137
68,680000	0,151774
68,690000	0,151774
68,700000	0,159423
68,710000	0,144763
68,720000	0,153686
68,730000	0,156873
68,740000	0,152412
68,750000	0,152412
68,760000	0,147313
68,770000	0,150499
68,780000	0,149225
68,790000	0,133928
68,800000	0,149225
68,810000	0,140939
68,820000	0,149225
68,830000	0,137752
68,840000	0,151774
68,850000	0,149225
68,860000	0,149225
68,870000	0,147313
68,880000	0,158148
68,890000	0,149225
68,900000	0,146675
68,910000	0,150499
68,920000	0,144763
68,930000	0,147313
68,940000	0,144763
68,950000	0,147313
68,960000	0,147950
68,970000	0,148587
68,980000	0,143488
68,990000	0,163884
69,000000	0,143488
69,010000	0,169620
69,020000	0,141576
69,030000	0,169620
69,040000	0,153049
69,050000	0,158785
69,060000	0,149225
69,070000	0,154324
69,080000	0,147313
69,090000	0,145401
69,100000	0,145401
69,110000	0,148587
69,120000	0,180456
69,130000	0,142214
69,140000	0,164522
69,150000	0,156236
69,160000	0,165159
69,170000	0,174719
69,180000	0,167071
69,190000	0,189379
69,200000	0,155598
69,210000	0,156873
69,220000	0,144126
69,230000	0,132653
69,240000	0,140939
69,250000	0,117994
69,260000	0,130741
69,270000	0,140302
69,280000	0,122455
69,290000	0,153686
69,300000	0,130741
69,310000	0,154961
69,320000	0,147313
69,330000	0,157511
69,340000	0,156236
69,350000	0,166434
69,360000	0,156236
69,370000	0,151137
69,380000	0,156236
69,390000	0,150499
69,400000	0,151774
69,410000	0,151774
69,420000	0,151774
69,430000	0,148587
69,440000	0,154961
69,450000	0,146038
69,460000	0,149862
69,470000	0,153686
69,480000	0,153686
69,490000	0,151774
69,500000	0,149225
69,510000	0,151774
69,520000	0,153049
69,530000	0,144763
69,540000	0,148587
69,550000	0,144763
69,560000	0,146675
69,570000	0,145401
69,580000	0,146038
69,590000	0,153049
69,600000	0,153049
69,610000	0,151774
69,620000	0,146038
69,630000	0,147950
69,640000	0,151774
69,650000	0,149862
69,660000	0,153049
69,670000	0,147950
69,680000	0,147313
69,690000	0,149862
69,700000	0,145401
69,710000	0,150499
69,720000	0,147950
69,730000	0,149862
69,740000	0,149862
69,750000	0,147313
69,760000	0,147950
69,770000	0,149225
69,780000	0,150499
69,790000	0,144763
69,800000	0,145401
69,810000	0,149862
69,820000	0,147313
69,830000	0,147313
69,840000	0,151774
69,850000	0,148587
69,860000	0,150499
69,870000	0,152412
69,880000	0,147950
69,890000	0,150499
69,900000	0,150499
69,910000	0,150499
69,920000	0,146038
69,930000	0,142851
69,940000	0,147313
69,950000	0,148587
69,960000	0,151774
69,970000	0,149862
69,980000	0,151137
69,990000	0,147950
70,000000	0,147313
70,010000	0,154324
70,020000	0,146675
70,030000	0,153049
70,040000	0,147950
70,050000	0,149225
70,060000	0,147313
70,070000	0,149862
70,080000	0,135840
70,090000	0,147313
70,100000	0,144763
70,110000	0,146038
70,120000	0,144763
70,130000	0,148587
70,140000	0,147950
70,150000	0,163884
70,160000	0,147950
70,170000	0,161972
70,180000	0,149862
70,190000	0,159423
70,200000	0,149862
70,210000	0,150499
70,220000	0,146675
70,230000	0,145401
70,240000	0,145401
70,250000	0,147313
70,260000	0,140939
70,270000	0,146675
70,280000	0,160060
70,290000	0,139664
70,300000	0,149225
70,310000	0,151137
70,320000	0,151137
70,330000	0,156236
70,340000	0,147950
70,350000	0,141576
70,360000	0,147313
70,370000	0,130104
70,380000	0,144126
70,390000	0,133928
70,400000	0,142214
70,410000	0,149225
70,420000	0,151774
70,430000	0,149862
70,440000	0,149225
70,450000	0,147313
70,460000	0,173445
70,470000	0,153049
70,480000	0,153686
70,490000	0,158785
70,500000	0,134565
70,510000	0,135203
70,520000	0,122455
70,530000	0,122455
70,540000	0,107796
70,550000	0,103334
70,560000	0,135840
70,570000	0,103972
70,580000	0,151137
70,590000	0,175994
70,600000	0,167708
70,610000	0,173445
70,620000	0,158148
70,630000	0,177269
70,640000	0,131379
70,650000	0,165159
70,660000	0,160697
70,670000	0,156873
70,680000	0,159423
70,690000	0,135840
70,700000	0,142851
70,710000	0,125005
70,720000	0,146038
70,730000	0,136477
70,740000	0,149862
70,750000	0,140939
70,760000	0,145401
70,770000	0,142851
70,780000	0,146038
70,790000	0,151774
70,800000	0,145401
70,810000	0,161335
70,820000	0,149225
70,830000	0,151774
70,840000	0,150499
70,850000	0,150499
70,860000	0,144763
70,870000	0,145401
70,880000	0,146675
70,890000	0,148587
70,900000	0,151137
70,910000	0,148587
70,920000	0,149225
70,930000	0,147950
70,940000	0,147950
70,950000	0,147313
70,960000	0,145401
70,970000	0,147950
70,980000	0,149862
70,990000	0,142851
71,000000	0,151774
71,010000	0,146675
71,020000	0,147313
71,030000	0,148587
71,040000	0,149862
71,050000	0,141576
71,060000	0,146675
71,070000	0,151137
71,080000	0,148587
71,090000	0,147313
71,100000	0,141576
71,110000	0,154324
71,120000	0,149225
71,130000	0,152412
71,140000	0,149862
71,150000	0,154961
71,160000	0,149225
71,170000	0,149862
71,180000	0,148587
71,190000	0,151774
71,200000	0,144126
71,210000	0,148587
71,220000	0,146038
71,230000	0,144763
71,240000	0,149862
71,250000	0,146675
71,260000	0,146675
71,270000	0,147950
71,280000	0,153049
71,290000	0,144126
71,300000	0,151774
71,310000	0,149225
71,320000	0,149862
71,330000	0,144763
71,340000	0,148587
71,350000	0,144126
71,360000	0,147950
71,370000	0,147950
71,380000	0,144763
71,390000	0,144763
71,400000	0,144763
71,410000	0,149225
71,420000	0,153686
71,430000	0,145401
71,440000	0,146038
71,450000	0,151137
71,460000	0,158148
71,470000	0,143488
71,480000	0,153686
71,490000	0,142851
71,500000	0,145401
71,510000	0,139664
71,520000	0,146038
71,530000	0,127554
71,540000	0,146675
71,550000	0,137752
71,560000	0,144763
71,570000	0,143488
71,580000	0,147313
71,590000	0,144763
71,600000	0,145401
71,610000	0,152412
71,620000	0,156873
71,630000	0,146675
71,640000	0,133928
71,650000	0,148587
71,660000	0,132653
71,670000	0,143488
71,680000	0,128829
71,690000	0,144763
71,700000	0,143488
71,710000	0,150499
71,720000	0,154961
71,730000	0,144763
71,740000	0,151137
71,750000	0,179818
71,760000	0,149862
71,770000	0,158148
71,780000	0,148587
71,790000	0,158785
71,800000	0,150499
71,810000	0,153686
71,820000	0,141576
71,830000	0,151774
71,840000	0,138390
71,850000	0,149225
71,860000	0,179818
71,870000	0,151137
71,880000	0,197665
71,890000	0,147313
71,900000	0,201489
71,910000	0,139664
71,920000	0,154324
71,930000	0,173445
71,940000	0,136477
71,950000	0,112258
71,960000	0,142214
71,970000	0,086763
71,980000	0,141576
71,990000	0,110983
72,000000	0,149225
72,010000	0,125642
72,020000	0,130104
72,030000	0,142851
72,040000	0,133928
72,050000	0,158785
72,060000	0,144126
72,070000	0,154961
72,080000	0,156873
72,090000	0,158148
72,100000	0,147313
72,110000	0,156236
72,120000	0,149862
72,130000	0,146675
72,140000	0,142214
72,150000	0,144126
72,160000	0,144763
72,170000	0,144763
72,180000	0,144763
72,190000	0,155598
72,200000	0,147950
72,210000	0,145401
72,220000	0,147950
72,230000	0,142851
72,240000	0,143488
72,250000	0,147950
72,260000	0,143488
72,270000	0,150499
72,280000	0,143488
72,290000	0,147313
72,300000	0,144763
72,310000	0,146675
72,320000	0,152412
72,330000	0,146675
72,340000	0,142214
72,350000	0,150499
72,360000	0,142214
72,370000	0,146675
72,380000	0,145401
72,390000	0,149225
72,400000	0,142851
72,410000	0,150499
72,420000	0,139664
72,430000	0,145401
72,440000	0,142851
72,450000	0,146038
72,460000	0,141576
72,470000	0,142214
72,480000	0,140939
72,490000	0,139027
72,500000	0,145401
72,510000	0,141576
72,520000	0,144763
72,530000	0,147950
72,540000	0,144126
72,550000	0,141576
72,560000	0,140302
72,570000	0,145401
72,580000	0,146675
72,590000	0,145401
72,600000	0,143488
72,610000	0,146675
72,620000	0,144126
72,630000	0,146038
72,640000	0,149225
72,650000	0,147313
72,660000	0,151774
72,670000	0,140939
72,680000	0,147950
72,690000	0,145401
72,700000	0,143488
72,710000	0,150499
72,720000	0,147313
72,730000	0,149225
72,740000	0,142851
72,750000	0,149225
72,760000	0,146038
72,770000	0,145401
72,780000	0,143488
72,790000	0,140939
72,800000	0,137752
72,810000	0,145401
72,820000	0,144126
72,830000	0,144763
72,840000	0,142214
72,850000	0,150499
72,860000	0,158148
72,870000	0,155598
72,880000	0,151774
72,890000	0,167071
72,900000	0,149225
72,910000	0,145401
72,920000	0,149225
72,930000	0,133928
72,940000	0,147950
72,950000	0,142851
72,960000	0,147313
72,970000	0,157511
72,980000	0,146038
72,990000	0,137115
73,000000	0,167071
73,010000	0,139664
73,020000	0,174719
73,030000	0,147313
73,040000	0,158148
73,050000	0,144763
73,060000	0,146038
73,070000	0,143488
73,080000	0,147313
73,090000	0,135203
73,100000	0,153049
73,110000	0,107159
73,120000	0,146675
73,130000	0,193840
73,140000	0,150499
73,150000	0,168346
73,160000	0,147313
73,170000	0,145401
73,180000	0,132016
73,190000	0,151774
73,200000	0,154324
73,210000	0,138390
73,220000	0,117356
73,230000	0,135840
73,240000	0,088675
73,250000	0,144763
73,260000	0,070829
73,270000	0,158148
73,280000	0,130104
73,290000	0,129466
73,300000	0,137115
73,310000	0,149225
73,320000	0,128192
73,330000	0,162609
73,340000	0,144763
73,350000	0,174082
73,360000	0,123730
73,370000	0,208500
73,380000	0,142214
73,390000	0,183643
73,400000	0,176631
73,410000	0,168983
73,420000	0,178544
73,430000	0,153686
73,440000	0,128192
73,450000	0,149862
73,460000	0,142214
73,470000	0,154324
73,480000	0,130741
73,490000	0,151774
73,500000	0,130741
73,510000	0,144126
73,520000	0,142851
73,530000	0,139027
73,540000	0,161972
73,550000	0,142851
73,560000	0,172807
73,570000	0,147950
73,580000	0,144126
73,590000	0,144126
73,600000	0,147313
73,610000	0,137752
73,620000	0,145401
73,630000	0,136477
73,640000	0,143488
73,650000	0,138390
73,660000	0,145401
73,670000	0,147313
73,680000	0,150499
73,690000	0,142214
73,700000	0,145401
73,710000	0,148587
73,720000	0,147950
73,730000	0,146675
73,740000	0,138390
73,750000	0,152412
73,760000	0,146038
73,770000	0,148587
73,780000	0,147950
73,790000	0,148587
73,800000	0,145401
73,810000	0,147950
73,820000	0,147313
73,830000	0,147950
73,840000	0,148587
73,850000	0,149862
73,860000	0,147950
73,870000	0,150499
73,880000	0,149862
73,890000	0,141576
73,900000	0,147950
73,910000	0,146675
73,920000	0,146675
73,930000	0,150499
73,940000	0,144763
73,950000	0,149225
73,960000	0,140939
73,970000	0,146038
73,980000	0,151774
73,990000	0,150499
74,000000	0,147950
74,010000	0,141576
74,020000	0,146038
74,030000	0,147950
74,040000	0,143488
74,050000	0,141576
74,060000	0,142851
74,070000	0,136477
74,080000	0,142214
74,090000	0,153049
74,100000	0,148587
74,110000	0,150499
74,120000	0,145401
74,130000	0,147950
74,140000	0,151774
74,150000	0,140302
74,160000	0,152412
74,170000	0,138390
74,180000	0,142851
74,190000	0,138390
74,200000	0,121181
74,210000	0,144126
74,220000	0,127554
74,230000	0,146038
74,240000	0,128192
74,250000	0,147313
74,260000	0,145401
74,270000	0,138390
74,280000	0,147313
74,290000	0,145401
74,300000	0,142214
74,310000	0,150499
74,320000	0,139027
74,330000	0,153049
74,340000	0,130104
74,350000	0,140939
74,360000	0,126280
74,370000	0,147950
74,380000	0,114170
74,390000	0,151774
74,400000	0,183005
74,410000	0,148587
74,420000	0,183643
74,430000	0,136477
74,440000	0,168983
74,450000	0,142214
74,460000	0,136477
74,470000	0,163247
74,480000	0,128829
74,490000	0,097598
74,500000	0,149862
74,510000	0,096961
74,520000	0,139664
74,530000	0,135203
74,540000	0,156236
74,550000	0,149862
74,560000	0,155598
74,570000	0,143488
74,580000	0,160060
74,590000	0,136477
74,600000	0,192566
74,610000	0,122455
74,620000	0,095686
74,630000	0,130104
74,640000	0,163247
74,650000	0,137752
74,660000	0,171533
74,670000	0,144126
74,680000	0,183005
74,690000	0,117356
74,700000	0,128192
74,710000	0,123093
74,720000	0,163247
74,730000	0,132653
74,740000	0,158148
74,750000	0,105246
74,760000	0,124367
74,770000	0,126280
74,780000	0,135203
74,790000	0,130104
74,800000	0,147313
74,810000	0,128192
74,820000	0,145401
74,830000	0,153049
74,840000	0,159423
74,850000	0,136477
74,860000	0,171533
74,870000	0,130741
74,880000	0,154324
74,890000	0,128829
74,900000	0,141576
74,910000	0,149225
74,920000	0,149862
74,930000	0,153049
74,940000	0,146038
74,950000	0,144126
74,960000	0,149862
74,970000	0,145401
74,980000	0,145401
74,990000	0,144126
75,000000	0,150499
75,010000	0,141576
75,020000	0,147313
75,030000	0,139027
75,040000	0,143488
75,050000	0,142851
75,060000	0,144763
75,070000	0,149862
75,080000	0,142851
75,090000	0,149225
75,100000	0,145401
75,110000	0,146675
75,120000	0,150499
75,130000	0,147313
75,140000	0,149225
75,150000	0,139664
75,160000	0,142214
75,170000	0,142214
75,180000	0,144126
75,190000	0,140302
75,200000	0,143488
75,210000	0,141576
75,220000	0,143488
75,230000	0,141576
75,240000	0,142851
75,250000	0,146675
75,260000	0,144763
75,270000	0,149862
75,280000	0,139027
75,290000	0,141576
75,300000	0,141576
75,310000	0,142214
75,320000	0,143488
75,330000	0,142214
75,340000	0,142851
75,350000	0,140302
75,360000	0,144126
75,370000	0,144763
75,380000	0,145401
75,390000	0,143488
75,400000	0,149862
75,410000	0,146675
75,420000	0,146675
75,430000	0,149225
75,440000	0,149225
75,450000	0,129466
75,460000	0,145401
75,470000	0,134565
75,480000	0,143488
75,490000	0,139664
75,500000	0,146038
75,510000	0,137115
75,520000	0,143488
75,530000	0,144763
75,540000	0,149225
75,550000	0,151774
75,560000	0,172807
75,570000	0,152412
75,580000	0,159423
75,590000	0,140302
75,600000	0,161972
75,610000	0,144126
75,620000	0,146675
75,630000	0,154324
75,640000	0,141576
75,650000	0,150499
75,660000	0,140302
75,670000	0,151774
75,680000	0,153049
75,690000	0,147950
75,700000	0,153049
75,710000	0,171533
75,720000	0,136477
75,730000	0,141576
75,740000	0,136477
75,750000	0,135840
75,760000	0,096961
75,770000	0,142214
75,780000	0,105884
75,790000	0,140302
75,800000	0,102060
75,810000	0,164522
75,820000	0,156236
75,830000	0,154961
75,840000	0,150499
75,850000	0,201489
75,860000	0,141576
75,870000	0,186192
75,880000	0,149862
75,890000	0,128192
75,900000	0,114807
75,910000	0,058081
75,920000	0,139027
75,930000	0,138390
75,940000	0,178544
75,950000	0,160697
75,960000	0,090587
75,970000	0,162609
75,980000	0,189379
75,990000	0,175357
76,000000	0,171533
76,010000	0,130741
76,020000	0,161972
76,030000	0,104609
76,040000	0,149862
76,050000	0,147313
76,060000	0,121818
76,070000	0,148587
76,080000	0,102060
76,090000	0,149862
76,100000	0,160060
76,110000	0,148587
76,120000	0,206588
76,130000	0,151774
76,140000	0,178544
76,150000	0,157511
76,160000	0,161972
76,170000	0,168346
76,180000	0,147950
76,190000	0,127554
76,200000	0,146675
76,210000	0,136477
76,220000	0,153049
76,230000	0,123093
76,240000	0,158785
76,250000	0,139664
76,260000	0,135203
76,270000	0,137115
76,280000	0,139664
76,290000	0,144763
76,300000	0,142851
76,310000	0,155598
76,320000	0,140939
76,330000	0,132653
76,340000	0,139027
76,350000	0,143488
76,360000	0,135203
76,370000	0,142214
76,380000	0,135840
76,390000	0,142851
76,400000	0,138390
76,410000	0,141576
76,420000	0,140939
76,430000	0,143488
76,440000	0,142851
76,450000	0,140302
76,460000	0,142851
76,470000	0,140302
76,480000	0,140302
76,490000	0,138390
76,500000	0,145401
76,510000	0,143488
76,520000	0,148587
76,530000	0,141576
76,540000	0,146675
76,550000	0,140939
76,560000	0,146675
76,570000	0,144126
76,580000	0,140302
76,590000	0,142851
76,600000	0,142851
76,610000	0,137115
76,620000	0,144126
76,630000	0,139027
76,640000	0,144763
76,650000	0,142214
76,660000	0,146675
76,670000	0,144763
76,680000	0,140939
76,690000	0,140302
76,700000	0,144126
76,710000	0,140939
76,720000	0,140302
76,730000	0,140302
76,740000	0,137115
76,750000	0,137752
76,760000	0,137115
76,770000	0,141576
76,780000	0,144763
76,790000	0,138390
76,800000	0,147313
76,810000	0,139664
76,820000	0,144126
76,830000	0,150499
76,840000	0,138390
76,850000	0,146675
76,860000	0,137115
76,870000	0,148587
76,880000	0,138390
76,890000	0,136477
76,900000	0,137115
76,910000	0,137115
76,920000	0,117356
76,930000	0,138390
76,940000	0,146675
76,950000	0,140939
76,960000	0,136477
76,970000	0,143488
76,980000	0,134565
76,990000	0,131379
77,000000	0,139664
77,010000	0,149862
77,020000	0,135203
77,030000	0,135203
77,040000	0,133291
77,050000	0,125642
77,060000	0,138390
77,070000	0,130104
77,080000	0,145401
77,090000	0,142851
77,100000	0,154961
77,110000	0,150499
77,120000	0,190654
77,130000	0,147313
77,140000	0,139664
77,150000	0,139664
77,160000	0,155598
77,170000	0,135203
77,180000	0,133291
77,190000	0,147313
77,200000	0,132016
77,210000	0,116719
77,220000	0,149225
77,230000	0,108433
77,240000	0,159423
77,250000	0,189379
77,260000	0,161972
77,270000	0,238456
77,280000	0,153686
77,290000	0,189379
77,300000	0,144126
77,310000	0,130104
77,320000	0,153049
77,330000	0,133291
77,340000	0,091862
77,350000	0,138390
77,360000	0,088675
77,370000	0,150499
77,380000	0,129466
77,390000	0,158148
77,400000	0,130741
77,410000	0,154961
77,420000	0,147313
77,430000	0,112258
77,440000	0,146675
77,450000	0,086126
77,460000	0,127554
77,470000	0,121818
77,480000	0,129466
77,490000	0,139664
77,500000	0,091862
77,510000	0,140302
77,520000	0,167071
77,530000	0,138390
77,540000	0,174719
77,550000	0,144763
77,560000	0,144126
77,570000	0,132653
77,580000	0,157511
77,590000	0,167708
77,600000	0,132653
77,610000	0,153049
77,620000	0,132016
77,630000	0,142851
77,640000	0,125642
77,650000	0,144763
77,660000	0,141576
77,670000	0,156873
77,680000	0,161335
77,690000	0,149862
77,700000	0,142851
77,710000	0,145401
77,720000	0,142851
77,730000	0,149225
77,740000	0,141576
77,750000	0,145401
77,760000	0,143488
77,770000	0,142851
77,780000	0,144126
77,790000	0,146675
77,800000	0,146038
77,810000	0,149862
77,820000	0,141576
77,830000	0,142214
77,840000	0,146038
77,850000	0,145401
77,860000	0,144126
77,870000	0,139027
77,880000	0,139027
77,890000	0,140302
77,900000	0,136477
77,910000	0,146038
77,920000	0,141576
77,930000	0,139664
77,940000	0,137752
77,950000	0,142214
77,960000	0,142851
77,970000	0,140302
77,980000	0,137115
77,990000	0,139027
78,000000	0,142214
78,010000	0,140302
78,020000	0,142214
78,030000	0,137115
78,040000	0,142214
78,050000	0,146038
78,060000	0,147950
78,070000	0,151774
78,080000	0,146038
78,090000	0,146675
78,100000	0,147950
78,110000	0,149862
78,120000	0,152412
78,130000	0,146675
78,140000	0,151137
78,150000	0,138390
78,160000	0,139664
78,170000	0,135840
78,180000	0,141576
78,190000	0,136477
78,200000	0,144126
78,210000	0,140302
78,220000	0,149225
78,230000	0,150499
78,240000	0,144763
78,250000	0,145401
78,260000	0,144126
78,270000	0,139664
78,280000	0,163247
78,290000	0,140302
78,300000	0,139027
78,310000	0,136477
78,320000	0,135840
78,330000	0,142851
78,340000	0,140939
78,350000	0,151774
78,360000	0,144763
78,370000	0,143488
78,380000	0,153049
78,390000	0,147950
78,400000	0,153686
78,410000	0,153049
78,420000	0,145401
78,430000	0,138390
78,440000	0,132016
78,450000	0,145401
78,460000	0,144126
78,470000	0,131379
78,480000	0,124367
78,490000	0,136477
78,500000	0,142851
78,510000	0,127554
78,520000	0,175357
78,530000	0,142851
78,540000	0,177269
78,550000	0,128192
78,560000	0,176631
78,570000	0,126280
78,580000	0,134565
78,590000	0,144126
78,600000	0,143488
78,610000	0,075290
78,620000	0,130104
78,630000	0,075928
78,640000	0,145401
78,650000	0,068279
78,660000	0,137115
78,670000	0,120543
78,680000	0,124367
78,690000	0,147950
78,700000	0,183643
78,710000	0,134565
78,720000	0,174082
78,730000	0,114170
78,740000	0,144763
78,750000	0,120543
78,760000	0,186829
78,770000	0,132653
78,780000	0,134565
78,790000	0,161972
78,800000	0,137115
78,810000	0,146038
78,820000	0,150499
78,830000	0,199577
78,840000	0,157511
78,850000	0,185555
78,860000	0,152412
78,870000	0,179181
78,880000	0,135203
78,890000	0,126917
78,900000	0,157511
78,910000	0,138390
78,920000	0,142851
78,930000	0,133291
78,940000	0,116082
78,950000	0,139027
78,960000	0,133291
78,970000	0,156236
78,980000	0,127554
78,990000	0,154961
79,000000	0,132016
79,010000	0,136477
79,020000	0,140302
79,030000	0,135203
79,040000	0,151774
79,050000	0,140939
79,060000	0,147313
79,070000	0,142214
79,080000	0,135203
79,090000	0,139027
79,100000	0,142214
79,110000	0,133928
79,120000	0,139027
79,130000	0,123730
79,140000	0,141576
79,150000	0,130104
79,160000	0,143488
79,170000	0,137752
79,180000	0,140302
79,190000	0,137752
79,200000	0,140302
79,210000	0,142851
79,220000	0,137752
79,230000	0,140939
79,240000	0,144763
79,250000	0,144763
79,260000	0,133928
79,270000	0,146038
79,280000	0,140302
79,290000	0,142851
79,300000	0,139664
79,310000	0,138390
79,320000	0,145401
79,330000	0,137752
79,340000	0,146675
79,350000	0,139027
79,360000	0,145401
79,370000	0,145401
79,380000	0,140302
79,390000	0,148587
79,400000	0,140939
79,410000	0,141576
79,420000	0,139664
79,430000	0,137115
79,440000	0,137115
79,450000	0,135203
79,460000	0,133928
79,470000	0,140939
79,480000	0,140302
79,490000	0,132653
79,500000	0,139664
79,510000	0,143488
79,520000	0,142214
79,530000	0,149862
79,540000	0,135203
79,550000	0,142851
79,560000	0,137752
79,570000	0,127554
79,580000	0,140302
79,590000	0,117356
79,600000	0,136477
79,610000	0,128192
79,620000	0,144126
79,630000	0,146675
79,640000	0,139664
79,650000	0,144126
79,660000	0,147950
79,670000	0,144126
79,680000	0,153049
79,690000	0,137115
79,700000	0,153686
79,710000	0,131379
79,720000	0,131379
79,730000	0,129466
79,740000	0,136477
79,750000	0,141576
79,760000	0,141576
79,770000	0,122455
79,780000	0,139664
79,790000	0,183005
79,800000	0,166434
79,810000	0,165159
79,820000	0,145401
79,830000	0,146038
79,840000	0,132016
79,850000	0,139027
79,860000	0,147950
79,870000	0,148587
79,880000	0,116082
79,890000	0,142851
79,900000	0,112258
79,910000	0,142851
79,920000	0,144763
79,930000	0,138390
79,940000	0,140939
79,950000	0,140302
79,960000	0,124367
79,970000	0,194478
79,980000	0,149225
79,990000	0,160060
80,000000	0,123093
80,010000	0,133291
80,020000	0,145401
80,030000	0,142851
80,040000	0,155598
80,050000	0,135203
80,060000	0,146675
80,070000	0,153049
80,080000	0,122455
80,090000	0,160697
80,100000	0,142851
80,110000	0,139027
80,120000	0,143488
80,130000	0,162609
80,140000	0,162609
80,150000	0,132653
80,160000	0,158785
80,170000	0,146675
80,180000	0,088038
80,190000	0,130741
80,200000	0,095686
80,210000	0,132016
80,220000	0,091862
80,230000	0,140939
80,240000	0,143488
80,250000	0,122455
80,260000	0,149225
80,270000	0,156236
80,280000	0,146675
80,290000	0,171533
80,300000	0,149862
80,310000	0,158785
80,320000	0,140302
80,330000	0,150499
80,340000	0,148587
80,350000	0,121818
80,360000	0,142851
80,370000	0,125005
80,380000	0,144763
80,390000	0,134565
80,400000	0,139664
80,410000	0,147313
80,420000	0,141576
80,430000	0,141576
80,440000	0,149862
80,450000	0,141576
80,460000	0,144126
80,470000	0,142214
80,480000	0,140939
80,490000	0,138390
80,500000	0,137752
80,510000	0,140302
80,520000	0,139664
80,530000	0,133928
80,540000	0,136477
80,550000	0,139027
80,560000	0,137752
80,570000	0,132653
80,580000	0,138390
80,590000	0,145401
80,600000	0,134565
80,610000	0,137115
80,620000	0,144126
80,630000	0,136477
80,640000	0,144763
80,650000	0,136477
80,660000	0,143488
80,670000	0,133928
80,680000	0,142851
80,690000	0,135840
80,700000	0,137115
80,710000	0,133928
80,720000	0,137115
80,730000	0,133291
80,740000	0,135203
80,750000	0,138390
80,760000	0,139664
80,770000	0,137752
80,780000	0,137752
80,790000	0,139664
80,800000	0,140302
80,810000	0,140302
80,820000	0,142851
80,830000	0,142214
80,840000	0,127554
80,850000	0,138390
80,860000	0,128829
80,870000	0,137752
80,880000	0,134565
80,890000	0,145401
80,900000	0,146675
80,910000	0,133928
80,920000	0,142851
80,930000	0,151774
80,940000	0,141576
80,950000	0,153686
80,960000	0,139027
80,970000	0,155598
80,980000	0,135203
80,990000	0,146675
81,000000	0,137115
81,010000	0,144763
81,020000	0,131379
81,030000	0,136477
81,040000	0,130104
81,050000	0,144763
81,060000	0,154961
81,070000	0,146675
81,080000	0,168346
81,090000	0,144763
81,100000	0,140302
81,110000	0,144763
81,120000	0,131379
81,130000	0,140939
81,140000	0,134565
81,150000	0,105884
81,160000	0,137115
81,170000	0,107796
81,180000	0,140302
81,190000	0,123730
81,200000	0,144763
81,210000	0,135203
81,220000	0,121818
81,230000	0,140302
81,240000	0,152412
81,250000	0,126280
81,260000	0,139664
81,270000	0,122455
81,280000	0,059994
81,290000	0,137752
81,300000	0,119269
81,310000	0,132016
81,320000	0,151137
81,330000	0,134565
81,340000	0,143488
81,350000	0,107796
81,360000	0,133928
81,370000	0,161972
81,380000	0,136477
81,390000	0,170258
81,400000	0,128192
81,410000	0,161972
81,420000	0,140302
81,430000	0,121181
81,440000	0,166434
81,450000	0,140939
81,460000	0,144763
81,470000	0,153049
81,480000	0,128192
81,490000	0,117356
81,500000	0,135203
81,510000	0,198939
81,520000	0,138390
81,530000	0,146038
81,540000	0,149225
81,550000	0,140302
81,560000	0,146038
81,570000	0,146675
81,580000	0,182368
81,590000	0,144126
81,600000	0,163247
81,610000	0,153049
81,620000	0,159423
81,630000	0,128829
81,640000	0,125005
81,650000	0,123730
81,660000	0,142851
81,670000	0,108433
81,680000	0,134565
81,690000	0,133291
81,700000	0,144126
81,710000	0,133291
81,720000	0,142851
81,730000	0,132016
81,740000	0,139664
81,750000	0,127554
81,760000	0,137115
81,770000	0,131379
81,780000	0,142214
81,790000	0,142851
81,800000	0,139027
81,810000	0,123093
81,820000	0,142851
81,830000	0,139664
81,840000	0,139664
81,850000	0,140302
81,860000	0,137752
81,870000	0,137115
81,880000	0,130741
81,890000	0,146038
81,900000	0,140939
81,910000	0,145401
81,920000	0,144126
81,930000	0,142851
81,940000	0,140302
81,950000	0,142851
81,960000	0,143488
81,970000	0,142214
81,980000	0,136477
81,990000	0,144763
82,000000	0,138390
82,010000	0,139664
82,020000	0,139027
82,030000	0,138390
82,040000	0,144126
82,050000	0,139664
82,060000	0,139027
82,070000	0,144126
82,080000	0,141576
82,090000	0,143488
82,100000	0,139664
82,110000	0,132016
82,120000	0,139027
82,130000	0,133928
82,140000	0,139027
82,150000	0,129466
82,160000	0,142851
82,170000	0,140302
82,180000	0,145401
82,190000	0,137752
82,200000	0,151137
82,210000	0,133928
82,220000	0,143488
82,230000	0,133291
82,240000	0,130104
82,250000	0,130741
82,260000	0,136477
82,270000	0,136477
82,280000	0,141576
82,290000	0,112895
82,300000	0,135203
82,310000	0,135840
82,320000	0,138390
82,330000	0,137115
82,340000	0,140302
82,350000	0,142214
82,360000	0,135840
82,370000	0,135203
82,380000	0,142214
82,390000	0,127554
82,400000	0,137115
82,410000	0,128192
82,420000	0,105884
82,430000	0,131379
82,440000	0,125005
82,450000	0,140302
82,460000	0,121181
82,470000	0,148587
82,480000	0,135203
82,490000	0,135203
82,500000	0,138390
82,510000	0,177269
82,520000	0,137115
82,530000	0,140939
82,540000	0,132653
82,550000	0,139664
82,560000	0,133291
82,570000	0,119906
82,580000	0,151774
82,590000	0,159423
82,600000	0,154324
82,610000	0,161972
82,620000	0,149862
82,630000	0,155598
82,640000	0,202126
82,650000	0,150499
82,660000	0,192566
82,670000	0,126917
82,680000	0,144126
82,690000	0,117994
82,700000	0,164522
82,710000	0,146038
82,720000	0,130741
82,730000	0,111620
82,740000	0,160060
82,750000	0,081027
82,760000	0,156873
82,770000	0,128192
82,780000	0,152412
82,790000	0,122455
82,800000	0,120543
82,810000	0,133291
82,820000	0,160697
82,830000	0,128192
82,840000	0,150499
82,850000	0,130104
82,860000	0,146038
82,870000	0,125005
82,880000	0,156873
82,890000	0,139027
82,900000	0,131379
82,910000	0,126280
82,920000	0,144763
82,930000	0,076565
82,940000	0,124367
82,950000	0,109708
82,960000	0,121818
82,970000	0,117994
82,980000	0,122455
82,990000	0,145401
83,000000	0,155598
83,010000	0,140939
83,020000	0,143488
83,030000	0,140302
83,040000	0,163247
83,050000	0,126280
83,060000	0,142214
83,070000	0,146038
83,080000	0,138390
83,090000	0,143488
83,100000	0,123093
83,110000	0,137752
83,120000	0,109071
83,130000	0,138390
83,140000	0,136477
83,150000	0,140302
83,160000	0,141576
83,170000	0,141576
83,180000	0,140302
83,190000	0,148587
83,200000	0,138390
83,210000	0,137752
83,220000	0,135203
83,230000	0,139664
83,240000	0,135203
83,250000	0,133928
83,260000	0,135203
83,270000	0,135840
83,280000	0,140302
83,290000	0,139027
83,300000	0,137752
83,310000	0,139664
83,320000	0,137115
83,330000	0,135840
83,340000	0,139664
83,350000	0,133928
83,360000	0,144126
83,370000	0,129466
83,380000	0,132653
83,390000	0,133928
83,400000	0,132653
83,410000	0,137752
83,420000	0,129466
83,430000	0,136477
83,440000	0,139027
83,450000	0,138390
83,460000	0,139664
83,470000	0,141576
83,480000	0,139027
83,490000	0,139027
83,500000	0,145401
83,510000	0,133928
83,520000	0,140302
83,530000	0,126917
83,540000	0,140302
83,550000	0,145401
83,560000	0,130104
83,570000	0,143488
83,580000	0,141576
83,590000	0,140302
83,600000	0,167071
83,610000	0,147950
83,620000	0,156873
83,630000	0,135203
83,640000	0,140939
83,650000	0,148587
83,660000	0,133928
83,670000	0,140302
83,680000	0,137115
83,690000	0,130104
83,700000	0,134565
83,710000	0,129466
83,720000	0,145401
83,730000	0,142851
83,740000	0,153049
83,750000	0,144126
83,760000	0,137115
83,770000	0,135203
83,780000	0,166434
83,790000	0,139664
83,800000	0,102697
83,810000	0,134565
83,820000	0,109708
83,830000	0,130741
83,840000	0,122455
83,850000	0,144126
83,860000	0,155598
83,870000	0,144763
83,880000	0,150499
83,890000	0,144126
83,900000	0,154961
83,910000	0,182368
83,920000	0,142851
83,930000	0,155598
83,940000	0,123093
83,950000	0,128829
83,960000	0,120543
83,970000	0,122455
83,980000	0,116082
83,990000	0,143488
84,000000	0,072103
84,010000	0,130741
84,020000	0,098235
84,030000	0,156236
84,040000	0,112258
84,050000	0,151137
84,060000	0,157511
84,070000	0,135203
84,080000	0,107796
84,090000	0,158148
84,100000	0,100148
84,110000	0,143488
84,120000	0,109708
84,130000	0,167071
84,140000	0,125005
84,150000	0,174082
84,160000	0,128829
84,170000	0,177906
84,180000	0,149225
84,190000	0,137115
84,200000	0,141576
84,210000	0,143488
84,220000	0,135203
84,230000	0,137115
84,240000	0,128192
84,250000	0,135203
84,260000	0,194478
84,270000	0,140939
84,280000	0,149862
84,290000	0,147950
84,300000	0,140939
84,310000	0,175357
84,320000	0,143488
84,330000	0,118631
84,340000	0,133291
84,350000	0,135203
84,360000	0,133928
84,370000	0,140302
84,380000	0,138390
84,390000	0,116719
84,400000	0,116719
84,410000	0,144763
84,420000	0,112895
84,430000	0,129466
84,440000	0,131379
84,450000	0,151774
84,460000	0,133291
84,470000	0,135840
84,480000	0,128192
84,490000	0,131379
84,500000	0,125642
84,510000	0,141576
84,520000	0,128192
84,530000	0,144126
84,540000	0,130741
84,550000	0,137752
84,560000	0,131379
84,570000	0,139027
84,580000	0,137752
84,590000	0,140302
84,600000	0,137115
84,610000	0,135840
84,620000	0,140302
84,630000	0,131379
84,640000	0,138390
84,650000	0,133291
84,660000	0,134565
84,670000	0,132016
84,680000	0,139664
84,690000	0,135203
84,700000	0,140302
84,710000	0,142214
84,720000	0,138390
84,730000	0,140939
84,740000	0,142214
84,750000	0,135840
84,760000	0,131379
84,770000	0,137752
84,780000	0,138390
84,790000	0,136477
84,800000	0,139664
84,810000	0,135840
84,820000	0,134565
84,830000	0,132016
84,840000	0,135203
84,850000	0,136477
84,860000	0,132653
84,870000	0,147313
84,880000	0,137752
84,890000	0,146675
84,900000	0,133928
84,910000	0,138390
84,920000	0,127554
84,930000	0,137752
84,940000	0,128192
84,950000	0,129466
84,960000	0,111620
84,970000	0,128829
84,980000	0,111620
84,990000	0,139027
85,000000	0,117994
85,010000	0,137115
85,020000	0,128829
85,030000	0,134565
85,040000	0,127554
85,050000	0,149862
85,060000	0,130741
85,070000	0,121818
85,080000	0,127554
85,090000	0,105884
85,100000	0,137115
85,110000	0,114170
85,120000	0,135840
85,130000	0,140302
85,140000	0,117356
85,150000	0,146675
85,160000	0,170895
85,170000	0,139027
85,180000	0,179181
85,190000	0,127554
85,200000	0,165159
85,210000	0,121181
85,220000	0,144763
85,230000	0,124367
85,240000	0,130104
85,250000	0,124367
85,260000	0,135203
85,270000	0,133291
85,280000	0,155598
85,290000	0,207225
85,300000	0,153049
85,310000	0,171533
85,320000	0,154324
85,330000	0,137752
85,340000	0,136477
85,350000	0,131379
85,360000	0,188104
85,370000	0,120543
85,380000	0,143488
85,390000	0,112895
85,400000	0,086763
85,410000	0,123093
85,420000	0,110983
85,430000	0,165796
85,440000	0,155598
85,450000	0,158148
85,460000	0,183643
85,470000	0,139664
85,480000	0,136477
85,490000	0,138390
85,500000	0,126917
85,510000	0,133928
85,520000	0,110983
85,530000	0,130104
85,540000	0,123730
85,550000	0,112895
85,560000	0,140939
85,570000	0,131379
85,580000	0,142214
85,590000	0,165159
85,600000	0,145401
85,610000	0,140939
85,620000	0,137752
85,630000	0,133291
85,640000	0,084213
85,650000	0,130104
85,660000	0,079114
85,670000	0,140302
85,680000	0,086763
85,690000	0,133928
85,700000	0,132016
85,710000	0,121818
85,720000	0,137752
85,730000	0,115444
85,740000	0,153686
85,750000	0,163884
85,760000	0,143488
85,770000	0,138390
85,780000	0,126917
85,790000	0,153049
85,800000	0,114807
85,810000	0,128829
85,820000	0,142214
85,830000	0,134565
85,840000	0,137752
85,850000	0,121181
85,860000	0,135840
85,870000	0,121818
85,880000	0,137115
85,890000	0,146038
85,900000	0,141576
85,910000	0,137115
85,920000	0,133291
85,930000	0,132653
85,940000	0,144126
85,950000	0,133291
85,960000	0,141576
85,970000	0,134565
85,980000	0,139027
85,990000	0,135203
86,000000	0,139027
86,010000	0,139664
86,020000	0,137115
86,030000	0,141576
86,040000	0,140302
86,050000	0,142214
86,060000	0,140939
86,070000	0,132653
86,080000	0,140939
86,090000	0,132653
86,100000	0,137752
86,110000	0,130104
86,120000	0,146038
86,130000	0,136477
86,140000	0,140939
86,150000	0,136477
86,160000	0,144763
86,170000	0,133928
86,180000	0,144763
86,190000	0,134565
86,200000	0,140302
86,210000	0,132653
86,220000	0,141576
86,230000	0,126917
86,240000	0,139664
86,250000	0,138390
86,260000	0,141576
86,270000	0,140939
86,280000	0,144126
86,290000	0,146675
86,300000	0,141576
86,310000	0,146038
86,320000	0,154961
86,330000	0,137115
86,340000	0,141576
86,350000	0,142851
86,360000	0,137752
86,370000	0,144763
86,380000	0,132653
86,390000	0,142214
86,400000	0,147313
86,410000	0,146038
86,420000	0,148587
86,430000	0,155598
86,440000	0,142214
86,450000	0,150499
86,460000	0,136477
86,470000	0,163247
86,480000	0,132653
86,490000	0,140302
86,500000	0,138390
86,510000	0,125005
86,520000	0,105246
86,530000	0,139664
86,540000	0,100785
86,550000	0,141576
86,560000	0,144126
86,570000	0,140302
86,580000	0,177906
86,590000	0,133291
86,600000	0,137752
86,610000	0,102697
86,620000	0,122455
86,630000	0,155598
86,640000	0,124367
86,650000	0,045334
86,660000	0,114807
86,670000	0,042147
86,680000	0,135203
86,690000	0,060631
86,700000	0,142851
86,710000	0,091862
86,720000	0,119906
86,730000	0,125642
86,740000	0,153049
86,750000	0,117356
86,760000	0,170258
86,770000	0,121181
86,780000	0,147313
86,790000	0,103972
86,800000	0,147950
86,810000	0,144763
86,820000	0,135203
86,830000	0,132016
86,840000	0,142851
86,850000	0,134565
86,860000	0,145401
86,870000	0,137752
86,880000	0,153049
86,890000	0,132653
86,900000	0,131379
86,910000	0,135840
86,920000	0,130104
86,930000	0,129466
86,940000	0,107796
86,950000	0,112258
86,960000	0,133928
86,970000	0,109708
86,980000	0,132016
86,990000	0,169620
87,000000	0,136477
87,010000	0,179818
87,020000	0,139664
87,030000	0,180456
87,040000	0,140302
87,050000	0,130741
87,060000	0,180456
87,070000	0,130104
87,080000	0,106521
87,090000	0,128192
87,100000	0,099510
87,110000	0,118631
87,120000	0,123730
87,130000	0,137115
87,140000	0,114807
87,150000	0,127554
87,160000	0,147313
87,170000	0,130741
87,180000	0,133928
87,190000	0,135203
87,200000	0,153049
87,210000	0,131379
87,220000	0,128829
87,230000	0,132653
87,240000	0,131379
87,250000	0,127554
87,260000	0,137115
87,270000	0,126280
87,280000	0,136477
87,290000	0,133291
87,300000	0,142214
87,310000	0,133928
87,320000	0,137752
87,330000	0,135203
87,340000	0,131379
87,350000	0,137115
87,360000	0,132653
87,370000	0,135840
87,380000	0,133928
87,390000	0,137752
87,400000	0,137115
87,410000	0,138390
87,420000	0,136477
87,430000	0,137752
87,440000	0,132016
87,450000	0,130741
87,460000	0,134565
87,470000	0,132653
87,480000	0,136477
87,490000	0,133928
87,500000	0,135203
87,510000	0,131379
87,520000	0,128192
87,530000	0,133291
87,540000	0,136477
87,550000	0,136477
87,560000	0,139664
87,570000	0,132653
87,580000	0,131379
87,590000	0,135203
87,600000	0,134565
87,610000	0,116082
87,620000	0,132653
87,630000	0,121818
87,640000	0,133928
87,650000	0,129466
87,660000	0,137115
87,670000	0,123730
87,680000	0,122455
87,690000	0,126917
87,700000	0,137115
87,710000	0,132016
87,720000	0,147950
87,730000	0,127554
87,740000	0,153686
87,750000	0,128192
87,760000	0,128192
87,770000	0,123730
87,780000	0,129466
87,790000	0,116719
87,800000	0,126917
87,810000	0,135203
87,820000	0,139027
87,830000	0,135840
87,840000	0,140302
87,850000	0,138390
87,860000	0,138390
87,870000	0,142214
87,880000	0,147950
87,890000	0,134565
87,900000	0,147313
87,910000	0,126917
87,920000	0,091862
87,930000	0,128192
87,940000	0,100785
87,950000	0,135840
87,960000	0,112258
87,970000	0,146675
87,980000	0,142851
87,990000	0,140302
88,000000	0,183005
88,010000	0,200214
88,020000	0,160060
88,030000	0,186829
88,040000	0,140939
88,050000	0,162609
88,060000	0,149225
88,070000	0,147950
88,080000	0,141576
88,090000	0,144763
88,100000	0,114807
88,110000	0,150499
88,120000	0,139664
88,130000	0,142851
88,140000	0,147950
88,150000	0,144126
88,160000	0,135840
88,170000	0,135840
88,180000	0,136477
88,190000	0,125005
88,200000	0,133291
88,210000	0,117356
88,220000	0,140302
88,230000	0,115444
88,240000	0,130741
88,250000	0,161335
88,260000	0,130104
88,270000	0,132653
88,280000	0,135840
88,290000	0,136477
88,300000	0,153049
88,310000	0,138390
88,320000	0,098873
88,330000	0,139027
88,340000	0,150499
88,350000	0,126280
88,360000	0,129466
88,370000	0,105884
88,380000	0,126917
88,390000	0,136477
88,400000	0,131379
88,410000	0,150499
88,420000	0,135203
88,430000	0,153686
88,440000	0,136477
88,450000	0,154324
88,460000	0,142851
88,470000	0,149862
88,480000	0,137752
88,490000	0,125642
88,500000	0,140302
88,510000	0,134565
88,520000	0,137752
88,530000	0,138390
88,540000	0,138390
88,550000	0,137115
88,560000	0,134565
88,570000	0,132016
88,580000	0,129466
88,590000	0,135840
88,600000	0,128192
88,610000	0,133291
88,620000	0,131379
88,630000	0,134565
88,640000	0,134565
88,650000	0,135203
88,660000	0,136477
88,670000	0,135203
88,680000	0,136477
88,690000	0,140939
88,700000	0,137115
88,710000	0,139027
88,720000	0,134565
88,730000	0,138390
88,740000	0,132016
88,750000	0,130741
88,760000	0,132016
88,770000	0,136477
88,780000	0,135840
88,790000	0,132653
88,800000	0,132653
88,810000	0,130741
88,820000	0,135840
88,830000	0,134565
88,840000	0,137752
88,850000	0,135840
88,860000	0,131379
88,870000	0,134565
88,880000	0,131379
88,890000	0,139027
88,900000	0,133928
88,910000	0,132016
88,920000	0,140302
88,930000	0,134565
88,940000	0,137752
88,950000	0,145401
88,960000	0,142851
88,970000	0,144126
88,980000	0,138390
88,990000	0,135840
89,000000	0,139664
89,010000	0,135840
89,020000	0,135203
89,030000	0,129466
89,040000	0,132653
89,050000	0,133291
89,060000	0,134565
89,070000	0,133291
89,080000	0,147950
89,090000	0,137752
89,100000	0,147950
89,110000	0,139027
89,120000	0,140939
89,130000	0,135203
89,140000	0,143488
89,150000	0,133291
89,160000	0,123730
89,170000	0,109071
89,180000	0,126917
89,190000	0,132016
89,200000	0,132016
89,210000	0,135203
89,220000	0,139027
89,230000	0,149225
89,240000	0,138390
89,250000	0,151774
89,260000	0,146038
89,270000	0,145401
89,280000	0,112258
89,290000	0,131379
89,300000	0,093137
89,310000	0,121181
89,320000	0,098873
89,330000	0,108433
89,340000	0,096323
89,350000	0,109708
89,360000	0,132016
89,370000	0,141576
89,380000	0,137752
89,390000	0,154324
89,400000	0,138390
89,410000	0,148587
89,420000	0,140302
89,430000	0,142851
89,440000	0,134565
89,450000	0,134565
89,460000	0,134565
89,470000	0,135203
89,480000	0,134565
89,490000	0,132016
89,500000	0,132653
89,510000	0,131379
89,520000	0,135840
89,530000	0,131379
89,540000	0,144126
89,550000	0,134565
89,560000	0,132016
89,570000	0,130104
89,580000	0,130741
89,590000	0,132016
89,600000	0,134565
89,610000	0,134565
89,620000	0,126917
89,630000	0,140302
89,640000	0,132016
89,650000	0,139664
89,660000	0,130741
89,670000	0,138390
89,680000	0,140939
89,690000	0,144126
89,700000	0,149862
89,710000	0,142214
89,720000	0,142851
89,730000	0,134565
89,740000	0,123093
89,750000	0,139027
89,760000	0,127554
89,770000	0,137115
89,780000	0,127554
89,790000	0,132016
89,800000	0,132653
89,810000	0,126917
89,820000	0,130104
89,830000	0,129466
89,840000	0,126280
89,850000	0,131379
89,860000	0,131379
89,870000	0,135840
89,880000	0,137752
89,890000	0,135203
89,900000	0,133928
89,910000	0,134565
89,920000	0,132016
89,930000	0,138390
89,940000	0,135203
89,950000	0,133928
89,960000	0,137115
89,970000	0,133928
89,980000	0,136477
89,990000	0,132653
90,000000	0,131379
90,010000	0,135203
90,020000	0,133928
90,030000	0,135203
90,040000	0,138390
90,050000	0,135840
90,060000	0,139664
90,070000	0,134565
90,080000	0,138390
90,090000	0,132016
90,100000	0,136477
90,110000	0,130741
90,120000	0,135203
90,130000	0,126917
90,140000	0,132653
90,150000	0,136477
90,160000	0,134565
90,170000	0,135203
90,180000	0,137115
90,190000	0,137752
90,200000	0,133928
90,210000	0,132653
90,220000	0,132653
90,230000	0,133928
90,240000	0,127554
90,250000	0,132016
90,260000	0,122455
90,270000	0,127554
90,280000	0,126917
90,290000	0,127554
90,300000	0,126917
90,310000	0,132016
90,320000	0,127554
90,330000	0,133928
90,340000	0,134565
90,350000	0,132016
90,360000	0,134565
90,370000	0,132016
90,380000	0,127554
90,390000	0,127554
90,400000	0,128829
90,410000	0,130741
90,420000	0,125005
90,430000	0,130741
90,440000	0,137115
90,450000	0,134565
90,460000	0,149862
90,470000	0,136477
90,480000	0,147313
90,490000	0,135840
90,500000	0,145401
90,510000	0,133928
90,520000	0,133928
90,530000	0,129466
90,540000	0,133291
90,550000	0,135203
90,560000	0,135840
90,570000	0,157511
90,580000	0,134565
90,590000	0,153049
90,600000	0,139664
90,610000	0,149862
90,620000	0,154324
90,630000	0,145401
90,640000	0,156873
90,650000	0,142851
90,660000	0,119269
90,670000	0,135203
90,680000	0,124367
90,690000	0,135840
90,700000	0,124367
90,710000	0,130741
90,720000	0,124367
90,730000	0,125642
90,740000	0,129466
90,750000	0,130104
90,760000	0,133928
90,770000	0,132016
90,780000	0,133291
90,790000	0,130741
90,800000	0,137752
90,810000	0,133291
90,820000	0,135203
90,830000	0,132016
90,840000	0,136477
90,850000	0,132653
90,860000	0,130104
90,870000	0,136477
90,880000	0,135203
90,890000	0,130741
90,900000	0,132653
90,910000	0,132653
90,920000	0,133928
90,930000	0,133291
90,940000	0,133928
90,950000	0,135840
90,960000	0,135203
90,970000	0,135203
90,980000	0,130104
90,990000	0,128192
91,000000	0,132016
91,010000	0,129466
91,020000	0,130741
91,030000	0,130104
91,040000	0,133291
91,050000	0,130741
91,060000	0,131379
91,070000	0,130104
91,080000	0,131379
91,090000	0,132653
91,100000	0,129466
91,110000	0,130104
91,120000	0,132653
91,130000	0,132016
91,140000	0,135840
91,150000	0,137115
91,160000	0,130104
91,170000	0,135203
91,180000	0,132653
91,190000	0,134565
91,200000	0,137752
91,210000	0,130741
91,220000	0,132653
91,230000	0,130104
91,240000	0,133928
91,250000	0,132653
91,260000	0,134565
91,270000	0,136477
91,280000	0,133291
91,290000	0,135203
91,300000	0,128192
91,310000	0,132016
91,320000	0,128192
91,330000	0,127554
91,340000	0,126280
91,350000	0,128829
91,360000	0,128192
91,370000	0,133291
91,380000	0,135203
91,390000	0,130741
91,400000	0,135203
91,410000	0,126917
91,420000	0,133291
91,430000	0,133291
91,440000	0,135203
91,450000	0,134565
91,460000	0,135203
91,470000	0,134565
91,480000	0,133928
91,490000	0,131379
91,500000	0,133928
91,510000	0,134565
91,520000	0,132016
91,530000	0,135840
91,540000	0,134565
91,550000	0,133291
91,560000	0,135203
91,570000	0,135203
91,580000	0,135203
91,590000	0,133928
91,600000	0,132653
91,610000	0,134565
91,620000	0,133291
91,630000	0,134565
91,640000	0,133291
91,650000	0,133291
91,660000	0,133928
91,670000	0,132016
91,680000	0,133928
91,690000	0,131379
91,700000	0,134565
91,710000	0,130741
91,720000	0,133291
91,730000	0,135203
91,740000	0,132653
91,750000	0,133291
91,760000	0,131379
91,770000	0,129466
91,780000	0,130741
91,790000	0,132653
91,800000	0,131379
91,810000	0,131379
91,820000	0,131379
91,830000	0,130741
91,840000	0,128192
91,850000	0,131379
91,860000	0,125005
91,870000	0,125005
91,880000	0,128192
91,890000	0,122455
91,900000	0,132016
91,910000	0,127554
91,920000	0,132016
91,930000	0,129466
91,940000	0,130741
91,950000	0,132653
91,960000	0,131379
91,970000	0,134565
91,980000	0,133291
91,990000	0,133291
92,000000	0,131379
92,010000	0,133928
92,020000	0,135203
92,030000	0,134565
92,040000	0,132653
92,050000	0,134565
92,060000	0,135203
92,070000	0,136477
92,080000	0,134565
92,090000	0,135203
92,100000	0,128829
92,110000	0,135203
92,120000	0,133928
92,130000	0,130741
92,140000	0,135203
92,150000	0,134565
92,160000	0,133291
92,170000	0,134565
92,180000	0,132016
92,190000	0,133928
92,200000	0,133291
92,210000	0,132653
92,220000	0,136477
92,230000	0,132653
92,240000	0,132653
92,250000	0,132016
92,260000	0,131379
92,270000	0,132653
92,280000	0,130741
92,290000	0,133291
92,300000	0,131379
92,310000	0,130104
92,320000	0,135203
92,330000	0,131379
92,340000	0,135203
92,350000	0,132653
92,360000	0,138390
92,370000	0,138390
92,380000	0,137752
92,390000	0,137752
92,400000	0,137752
92,410000	0,138390
92,420000	0,132653
92,430000	0,135840
92,440000	0,132653
92,450000	0,131379
92,460000	0,132016
92,470000	0,134565
92,480000	0,135840
92,490000	0,132653
92,500000	0,137115
92,510000	0,134565
92,520000	0,132016
92,530000	0,138390
92,540000	0,134565
92,550000	0,128829
92,560000	0,133291
92,570000	0,131379
92,580000	0,129466
92,590000	0,130104
92,600000	0,131379
92,610000	0,136477
92,620000	0,134565
92,630000	0,133291
92,640000	0,132016
92,650000	0,132016
92,660000	0,137115
92,670000	0,131379
92,680000	0,132016
92,690000	0,128192
92,700000	0,133291
92,710000	0,132653
92,720000	0,132653
92,730000	0,130104
92,740000	0,134565
92,750000	0,132016
92,760000	0,136477
92,770000	0,132016
92,780000	0,133291
92,790000	0,130104
92,800000	0,133928
92,810000	0,130104
92,820000	0,132016
92,830000	0,133291
92,840000	0,132653
92,850000	0,132016
92,860000	0,133291
92,870000	0,134565
92,880000	0,132016
92,890000	0,135203
92,900000	0,130741
92,910000	0,130104
92,920000	0,134565
92,930000	0,132016
92,940000	0,130104
92,950000	0,127554
92,960000	0,130741
92,970000	0,135203
92,980000	0,134565
92,990000	0,133928
93,000000	0,130741
93,010000	0,131379
93,020000	0,130104
93,030000	0,133928
93,040000	0,133291
93,050000	0,134565
93,060000	0,134565
93,070000	0,134565
93,080000	0,133291
93,090000	0,134565
93,100000	0,132653
93,110000	0,133928
93,120000	0,131379
93,130000	0,131379
93,140000	0,131379
93,150000	0,133928
93,160000	0,135203
93,170000	0,128829
93,180000	0,130741
93,190000	0,134565
93,200000	0,133928
93,210000	0,131379
93,220000	0,132016
93,230000	0,135203
93,240000	0,130104
93,250000	0,133291
93,260000	0,130741
93,270000	0,130741
93,280000	0,131379
93,290000	0,133928
93,300000	0,132653
93,310000	0,132653
93,320000	0,133291
93,330000	0,134565
93,340000	0,133928
93,350000	0,131379
93,360000	0,129466
93,370000	0,130104
93,380000	0,131379
93,390000	0,132653
93,400000	0,130741
93,410000	0,132653
93,420000	0,132016
93,430000	0,129466
93,440000	0,131379
93,450000	0,129466
93,460000	0,133291
93,470000	0,128829
93,480000	0,129466
93,490000	0,132016
93,500000	0,132016
93,510000	0,132016
93,520000	0,128192
93,530000	0,130104
93,540000	0,132016
93,550000	0,130741
93,560000	0,134565
93,570000	0,133291
93,580000	0,127554
93,590000	0,132653
93,600000	0,130741
93,610000	0,128829
93,620000	0,133291
93,630000	0,130104
93,640000	0,132016
93,650000	0,129466
93,660000	0,136477
93,670000	0,130104
93,680000	0,130741
93,690000	0,129466
93,700000	0,129466
93,710000	0,129466
93,720000	0,131379
93,730000	0,132016
93,740000	0,128192
93,750000	0,127554
93,760000	0,129466
93,770000	0,131379
93,780000	0,128829
93,790000	0,130104
93,800000	0,129466
93,810000	0,130104
93,820000	0,132016
93,830000	0,132016
93,840000	0,130104
93,850000	0,130104
93,860000	0,130741
93,870000	0,130104
93,880000	0,128192
93,890000	0,131379
93,900000	0,134565
93,910000	0,130104
93,920000	0,132016
93,930000	0,133291
93,940000	0,135203
93,950000	0,132653
93,960000	0,132653
93,970000	0,131379
93,980000	0,130741
93,990000	0,127554
94,000000	0,131379
94,010000	0,133291
94,020000	0,129466
94,030000	0,129466
94,040000	0,132016
94,050000	0,130104
94,060000	0,132653
94,070000	0,132016
94,080000	0,133928
94,090000	0,130104
94,100000	0,135203
94,110000	0,132653
94,120000	0,134565
94,130000	0,128192
94,140000	0,133928
94,150000	0,128192
94,160000	0,131379
94,170000	0,129466
94,180000	0,134565
94,190000	0,133291
94,200000	0,134565
94,210000	0,132016
94,220000	0,135840
94,230000	0,130741
94,240000	0,131379
94,250000	0,136477
94,260000	0,132016
94,270000	0,130104
94,280000	0,132016
94,290000	0,131379
94,300000	0,132653
94,310000	0,133928
94,320000	0,134565
94,330000	0,135203
94,340000	0,130104
94,350000	0,130104
94,360000	0,133928
94,370000	0,130104
94,380000	0,130741
94,390000	0,130741
94,400000	0,130104
94,410000	0,129466
94,420000	0,131379
94,430000	0,130104
94,440000	0,130104
94,450000	0,136477
94,460000	0,135840
94,470000	0,129466
94,480000	0,132016
94,490000	0,133291
94,500000	0,135203
94,510000	0,128192
94,520000	0,133928
94,530000	0,131379
94,540000	0,132653
94,550000	0,130104
94,560000	0,132016
94,570000	0,131379
94,580000	0,133291
94,590000	0,132653
94,600000	0,136477
94,610000	0,129466
94,620000	0,130741
94,630000	0,130104
94,640000	0,132016
94,650000	0,137752
94,660000	0,132016
94,670000	0,134565
94,680000	0,132653
94,690000	0,132016
94,700000	0,129466
94,710000	0,131379
94,720000	0,129466
94,730000	0,129466
94,740000	0,131379
94,750000	0,132016
94,760000	0,131379
94,770000	0,130104
94,780000	0,133291
94,790000	0,132016
94,800000	0,133291
94,810000	0,134565
94,820000	0,133928
94,830000	0,130104
94,840000	0,131379
94,850000	0,129466
94,860000	0,128829
94,870000	0,132016
94,880000	0,126280
94,890000	0,132016
94,900000	0,130104
94,910000	0,132653
94,920000	0,128829
94,930000	0,132016
94,940000	0,137752
94,950000	0,128829
94,960000	0,133928
94,970000	0,130741
94,980000	0,131379
94,990000	0,129466
95,000000	0,133291
95,010000	0,129466
95,020000	0,132016
95,030000	0,133928
95,040000	0,132653
95,050000	0,130104
95,060000	0,130741
95,070000	0,128829
95,080000	0,131379
95,090000	0,132653
95,100000	0,134565
95,110000	0,130104
95,120000	0,132653
95,130000	0,133928
95,140000	0,133291
95,150000	0,135840
95,160000	0,133928
95,170000	0,132653
95,180000	0,133291
95,190000	0,130104
95,200000	0,131379
95,210000	0,129466
95,220000	0,132016
95,230000	0,127554
95,240000	0,137752
95,250000	0,130741
95,260000	0,132016
95,270000	0,128829
95,280000	0,132653
95,290000	0,123730
95,300000	0,131379
95,310000	0,129466
95,320000	0,131379
95,330000	0,129466
95,340000	0,130104
95,350000	0,130104
95,360000	0,129466
95,370000	0,133291
95,380000	0,132653
95,390000	0,126917
95,400000	0,130104
95,410000	0,129466
95,420000	0,132016
95,430000	0,128829
95,440000	0,130104
95,450000	0,126917
95,460000	0,130741
95,470000	0,128192
95,480000	0,131379
95,490000	0,130741
95,500000	0,133291
95,510000	0,132016
95,520000	0,129466
95,530000	0,132016
95,540000	0,131379
95,550000	0,131379
95,560000	0,130741
95,570000	0,131379
95,580000	0,127554
95,590000	0,128829
95,600000	0,126280
95,610000	0,127554
95,620000	0,132016
95,630000	0,130104
95,640000	0,128829
95,650000	0,130741
95,660000	0,130104
95,670000	0,130104
95,680000	0,130741
95,690000	0,132016
95,700000	0,133291
95,710000	0,129466
95,720000	0,131379
95,730000	0,125642
95,740000	0,126917
95,750000	0,129466
95,760000	0,132653
95,770000	0,130741
95,780000	0,132016
95,790000	0,129466
95,800000	0,130741
95,810000	0,127554
95,820000	0,130741
95,830000	0,132016
95,840000	0,128829
95,850000	0,126917
95,860000	0,130104
95,870000	0,130741
95,880000	0,129466
95,890000	0,132016
95,900000	0,128192
95,910000	0,129466
95,920000	0,131379
95,930000	0,132016
95,940000	0,130104
95,950000	0,134565
95,960000	0,129466
95,970000	0,131379
95,980000	0,132016
95,990000	0,130741
96,000000	0,131379
96,010000	0,130741
96,020000	0,132653
96,030000	0,132653
96,040000	0,128192
96,050000	0,132653
96,060000	0,132016
96,070000	0,130741
96,080000	0,128192
96,090000	0,130104
96,100000	0,127554
96,110000	0,126917
96,120000	0,132016
96,130000	0,126280
96,140000	0,131379
96,150000	0,130104
96,160000	0,133928
96,170000	0,126280
96,180000	0,134565
96,190000	0,128192
96,200000	0,132016
96,210000	0,132016
96,220000	0,132653
96,230000	0,132016
96,240000	0,136477
96,250000	0,130741
96,260000	0,137115
96,270000	0,130104
96,280000	0,133291
96,290000	0,130104
96,300000	0,135840
96,310000	0,129466
96,320000	0,132016
96,330000	0,130104
96,340000	0,136477
96,350000	0,128192
96,360000	0,131379
96,370000	0,124367
96,380000	0,132016
96,390000	0,126280
96,400000	0,133291
96,410000	0,130741
96,420000	0,133291
96,430000	0,127554
96,440000	0,131379
96,450000	0,126917
96,460000	0,132653
96,470000	0,133928
96,480000	0,134565
96,490000	0,131379
96,500000	0,130741
96,510000	0,130104
96,520000	0,133928
96,530000	0,135203
96,540000	0,131379
96,550000	0,130104
96,560000	0,131379
96,570000	0,128192
96,580000	0,135840
96,590000	0,130741
96,600000	0,132653
96,610000	0,132653
96,620000	0,132016
96,630000	0,130741
96,640000	0,130104
96,650000	0,127554
96,660000	0,136477
96,670000	0,131379
96,680000	0,133291
96,690000	0,130741
96,700000	0,128192
96,710000	0,132653
96,720000	0,130104
96,730000	0,131379
96,740000	0,132016
96,750000	0,129466
96,760000	0,135203
96,770000	0,132653
96,780000	0,132653
96,790000	0,128829
96,800000	0,129466
96,810000	0,134565
96,820000	0,133291
96,830000	0,131379
96,840000	0,129466
96,850000	0,132016
96,860000	0,131379
96,870000	0,126280
96,880000	0,129466
96,890000	0,132653
96,900000	0,128829
96,910000	0,132653
96,920000	0,132016
96,930000	0,132016
96,940000	0,135203
96,950000	0,133291
96,960000	0,133291
96,970000	0,132653
96,980000	0,130741
96,990000	0,130104
97,000000	0,130104
97,010000	0,132653
97,020000	0,130741
97,030000	0,130104
97,040000	0,130104
97,050000	0,131379
97,060000	0,132016
97,070000	0,131379
97,080000	0,129466
97,090000	0,130104
97,100000	0,133291
97,110000	0,130104
97,120000	0,133291
97,130000	0,131379
97,140000	0,132016
97,150000	0,127554
97,160000	0,132653
97,170000	0,128829
97,180000	0,128192
97,190000	0,131379
97,200000	0,131379
97,210000	0,128829
97,220000	0,131379
97,230000	0,131379
97,240000	0,132016
97,250000	0,128829
97,260000	0,129466
97,270000	0,126917
97,280000	0,134565
97,290000	0,130104
97,300000	0,131379
97,310000	0,130104
97,320000	0,132653
97,330000	0,130104
97,340000	0,128192
97,350000	0,126917
97,360000	0,128829
97,370000	0,125642
97,380000	0,127554
97,390000	0,130741
97,400000	0,129466
97,410000	0,125642
97,420000	0,129466
97,430000	0,128829
97,440000	0,129466
97,450000	0,128829
97,460000	0,128829
97,470000	0,127554
97,480000	0,132653
97,490000	0,132653
97,500000	0,129466
97,510000	0,130104
97,520000	0,125642
97,530000	0,132653
97,540000	0,126280
97,550000	0,130104
97,560000	0,128192
97,570000	0,126917
97,580000	0,126917
97,590000	0,128192
97,600000	0,133928
97,610000	0,126917
97,620000	0,128829
97,630000	0,127554
97,640000	0,132016
97,650000	0,126917
97,660000	0,130104
97,670000	0,125005
97,680000	0,128192
97,690000	0,124367
97,700000	0,128192
97,710000	0,126917
97,720000	0,131379
97,730000	0,132653
97,740000	0,130741
97,750000	0,129466
97,760000	0,132016
97,770000	0,128829
97,780000	0,131379
97,790000	0,128192
97,800000	0,128192
97,810000	0,125642
97,820000	0,130104
97,830000	0,126917
97,840000	0,132016
97,850000	0,130104
97,860000	0,132016
97,870000	0,131379
97,880000	0,129466
97,890000	0,131379
97,900000	0,129466
97,910000	0,130104
97,920000	0,131379
97,930000	0,131379
97,940000	0,127554
97,950000	0,132016
97,960000	0,127554
97,970000	0,130104
97,980000	0,127554
97,990000	0,132653
98,000000	0,127554
98,010000	0,126280
98,020000	0,128829
98,030000	0,128192
98,040000	0,130104
98,050000	0,130741
98,060000	0,128192
98,070000	0,128829
98,080000	0,127554
98,090000	0,130104
98,100000	0,128829
98,110000	0,132653
98,120000	0,130104
98,130000	0,133291
98,140000	0,132016
98,150000	0,129466
98,160000	0,132016
98,170000	0,130104
98,180000	0,130741
98,190000	0,130104
98,200000	0,132653
98,210000	0,127554
98,220000	0,129466
98,230000	0,127554
98,240000	0,133928
98,250000	0,125005
98,260000	0,132016
98,270000	0,126917
98,280000	0,130104
98,290000	0,129466
98,300000	0,130104
98,310000	0,132016
98,320000	0,129466
98,330000	0,128829
98,340000	0,129466
98,350000	0,127554
98,360000	0,133928
98,370000	0,130104
98,380000	0,132016
98,390000	0,130104
98,400000	0,131379
98,410000	0,128192
98,420000	0,133928
98,430000	0,132653
98,440000	0,130741
98,450000	0,128829
98,460000	0,132653
98,470000	0,128192
98,480000	0,130104
98,490000	0,132653
98,500000	0,130741
98,510000	0,131379
98,520000	0,132653
98,530000	0,129466
98,540000	0,132653
98,550000	0,132016
98,560000	0,130104
98,570000	0,130741
98,580000	0,128192
98,590000	0,128829
98,600000	0,131379
98,610000	0,130741
98,620000	0,134565
98,630000	0,129466
98,640000	0,128829
98,650000	0,128192
98,660000	0,131379
98,670000	0,126917
98,680000	0,130104
98,690000	0,127554
98,700000	0,132016
98,710000	0,129466
98,720000	0,128829
98,730000	0,129466
98,740000	0,132016
98,750000	0,128829
98,760000	0,131379
98,770000	0,129466
98,780000	0,133291
98,790000	0,129466
98,800000	0,135203
98,810000	0,128192
98,820000	0,135203
98,830000	0,130104
98,840000	0,130104
98,850000	0,133928
98,860000	0,132016
98,870000	0,133291
98,880000	0,130104
98,890000	0,135840
98,900000	0,128192
98,910000	0,135840
98,920000	0,128829
98,930000	0,133291
98,940000	0,125005
98,950000	0,131379
98,960000	0,127554
98,970000	0,130104
98,980000	0,126917
98,990000	0,132653
99,000000	0,131379
99,010000	0,131379
99,020000	0,130104
99,030000	0,132016
99,040000	0,130741
99,050000	0,130741
99,060000	0,130741
99,070000	0,130741
99,080000	0,131379
99,090000	0,128829
99,100000	0,127554
99,110000	0,134565
99,120000	0,127554
99,130000	0,131379
99,140000	0,129466
99,150000	0,132016
99,160000	0,127554
99,170000	0,129466
99,180000	0,130741
99,190000	0,129466
99,200000	0,130104
99,210000	0,126917
99,220000	0,128192
99,230000	0,130104
99,240000	0,129466
99,250000	0,130741
99,260000	0,128192
99,270000	0,131379
99,280000	0,126917
99,290000	0,126280
99,300000	0,128192
99,310000	0,130104
99,320000	0,128192
99,330000	0,129466
99,340000	0,130104
99,350000	0,134565
99,360000	0,127554
99,370000	0,132016
99,380000	0,127554
99,390000	0,131379
99,400000	0,128192
99,410000	0,129466
99,420000	0,128829
99,430000	0,129466
99,440000	0,127554
99,450000	0,128829
99,460000	0,128829
99,470000	0,128192
99,480000	0,127554
99,490000	0,128829
99,500000	0,127554
99,510000	0,128829
99,520000	0,130104
99,530000	0,129466
99,540000	0,130104
99,550000	0,129466
99,560000	0,125642
99,570000	0,128192
99,580000	0,128192
99,590000	0,123730
99,600000	0,130104
99,610000	0,128192
99,620000	0,130104
99,630000	0,126280
99,640000	0,128192
99,650000	0,129466
99,660000	0,128829
99,670000	0,128192
99,680000	0,130104
99,690000	0,128829
99,700000	0,133928
99,710000	0,123730
99,720000	0,130104
99,730000	0,125005
99,740000	0,132653
99,750000	0,123093
99,760000	0,130104
99,770000	0,127554
99,780000	0,132653
99,790000	0,123730
99,800000	0,130104
99,810000	0,127554
99,820000	0,130104
99,830000	0,126280
99,840000	0,130741
99,850000	0,126280
99,860000	0,131379
99,870000	0,126280
99,880000	0,133928
99,890000	0,126917
99,900000	0,130104
99,910000	0,126917
99,920000	0,126917
99,930000	0,127554
99,940000	0,130104
99,950000	0,129466
99,960000	0,126917
99,970000	0,126917
99,980000	0,130104
99,990000	0,128829
100,000000	0,130104
100,010000	0,126917
100,020000	0,130104
100,030000	0,124367
100,040000	0,128192
100,050000	0,130104
100,060000	0,126280
100,070000	0,128192
100,080000	0,128192
100,090000	0,127554
100,100000	0,127554
100,110000	0,128829
100,120000	0,129466
100,130000	0,130104
100,140000	0,133291
100,150000	0,129466
100,160000	0,133291
100,170000	0,129466
100,180000	0,132016
100,190000	0,128192
100,200000	0,131379
100,210000	0,125642
100,220000	0,126917
100,230000	0,129466
100,240000	0,126280
100,250000	0,125642
100,260000	0,127554
100,270000	0,129466
100,280000	0,128192
100,290000	0,126280
100,300000	0,130104
100,310000	0,126280
100,320000	0,130741
100,330000	0,129466
100,340000	0,126917
100,350000	0,126917
100,360000	0,132016
100,370000	0,125005
100,380000	0,127554
100,390000	0,130741
100,400000	0,132016
100,410000	0,125005
100,420000	0,132016
100,430000	0,133291
100,440000	0,130741
100,450000	0,129466
100,460000	0,130104
100,470000	0,132653
100,480000	0,132016
100,490000	0,127554
100,500000	0,133928
100,510000	0,128192
100,520000	0,134565
100,530000	0,130104
100,540000	0,130104
100,550000	0,130104
100,560000	0,129466
100,570000	0,129466
100,580000	0,132016
100,590000	0,127554
100,600000	0,128829
100,610000	0,129466
100,620000	0,128829
100,630000	0,128192
100,640000	0,130104
100,650000	0,130104
100,660000	0,132016
100,670000	0,130104
100,680000	0,128192
100,690000	0,128192
100,700000	0,130104
100,710000	0,125005
100,720000	0,132016
100,730000	0,132653
100,740000	0,130104
100,750000	0,130741
100,760000	0,126917
100,770000	0,124367
100,780000	0,128829
100,790000	0,128192
100,800000	0,133291
100,810000	0,127554
100,820000	0,132016
100,830000	0,129466
100,840000	0,127554
100,850000	0,130104
100,860000	0,130104
100,870000	0,130104
100,880000	0,131379
100,890000	0,132016
100,900000	0,128829
100,910000	0,127554
100,920000	0,130741
100,930000	0,130104
100,940000	0,132016
100,950000	0,131379
100,960000	0,130104
100,970000	0,130104
100,980000	0,133928
100,990000	0,130741
101,000000	0,132016
101,010000	0,130104
101,020000	0,128192
101,030000	0,132016
101,040000	0,129466
101,050000	0,128829
101,060000	0,128192
101,070000	0,128829
101,080000	0,128829
101,090000	0,130104
101,100000	0,128192
101,110000	0,126917
101,120000	0,130104
101,130000	0,130104
101,140000	0,129466
101,150000	0,128829
101,160000	0,128829
101,170000	0,130104
101,180000	0,130104
101,190000	0,128192
101,200000	0,127554
101,210000	0,127554
101,220000	0,131379
101,230000	0,130104
101,240000	0,127554
101,250000	0,129466
101,260000	0,126280
101,270000	0,127554
101,280000	0,127554
101,290000	0,128192
101,300000	0,127554
101,310000	0,126917
101,320000	0,127554
101,330000	0,126917
101,340000	0,127554
101,350000	0,129466
101,360000	0,126917
101,370000	0,129466
101,380000	0,124367
101,390000	0,129466
101,400000	0,126917
101,410000	0,130741
101,420000	0,128829
101,430000	0,129466
101,440000	0,128192
101,450000	0,130741
101,460000	0,130104
101,470000	0,130104
101,480000	0,125642
101,490000	0,128192
101,500000	0,127554
101,510000	0,126917
101,520000	0,125642
101,530000	0,127554
101,540000	0,128192
101,550000	0,130741
101,560000	0,128829
101,570000	0,129466
101,580000	0,128192
101,590000	0,130104
101,600000	0,127554
101,610000	0,128192
101,620000	0,125005
101,630000	0,125642
101,640000	0,127554
101,650000	0,130104
101,660000	0,130104
101,670000	0,126917
101,680000	0,128192
101,690000	0,124367
101,700000	0,128192
101,710000	0,125642
101,720000	0,126917
101,730000	0,128829
101,740000	0,130741
101,750000	0,125005
101,760000	0,125642
101,770000	0,126917
101,780000	0,126280
101,790000	0,125005
101,800000	0,126280
101,810000	0,128829
101,820000	0,128829
101,830000	0,128192
101,840000	0,126917
101,850000	0,126280
101,860000	0,130104
101,870000	0,123730
101,880000	0,132016
101,890000	0,126917
101,900000	0,130104
101,910000	0,125642
101,920000	0,126917
101,930000	0,125005
101,940000	0,130741
101,950000	0,125642
101,960000	0,126917
101,970000	0,127554
101,980000	0,130104
101,990000	0,130104
102,000000	0,130741
102,010000	0,126917
102,020000	0,128192
102,030000	0,126280
102,040000	0,127554
102,050000	0,125005
102,060000	0,129466
102,070000	0,130104
102,080000	0,128192
102,090000	0,126917
102,100000	0,126917
102,110000	0,127554
102,120000	0,132016
102,130000	0,127554
102,140000	0,128192
102,150000	0,124367
102,160000	0,130741
102,170000	0,126280
102,180000	0,130104
102,190000	0,122455
102,200000	0,126917
102,210000	0,128192
102,220000	0,126280
102,230000	0,125642
102,240000	0,126280
102,250000	0,123730
102,260000	0,130104
102,270000	0,124367
102,280000	0,128829
102,290000	0,127554
102,300000	0,127554
102,310000	0,123730
102,320000	0,128192
102,330000	0,126280
102,340000	0,130104
102,350000	0,128829
102,360000	0,126917
102,370000	0,128192
102,380000	0,126280
102,390000	0,128829
102,400000	0,128192
102,410000	0,127554
102,420000	0,124367
102,430000	0,127554
102,440000	0,123093
102,450000	0,127554
102,460000	0,127554
102,470000	0,128829
102,480000	0,127554
102,490000	0,128192
102,500000	0,127554
102,510000	0,130104
102,520000	0,128192
102,530000	0,131379
102,540000	0,128192
102,550000	0,130104
102,560000	0,128829
102,570000	0,128192
102,580000	0,128829
102,590000	0,127554
102,600000	0,127554
102,610000	0,127554
102,620000	0,129466
102,630000	0,130741
102,640000	0,125005
102,650000	0,129466
102,660000	0,131379
102,670000	0,129466
102,680000	0,131379
102,690000	0,129466
102,700000	0,132016
102,710000	0,128192
102,720000	0,131379
102,730000	0,132016
102,740000	0,128192
102,750000	0,126280
102,760000	0,128192
102,770000	0,128192
102,780000	0,127554
102,790000	0,128192
102,800000	0,127554
102,810000	0,130104
102,820000	0,128192
102,830000	0,130104
102,840000	0,130104
102,850000	0,132016
102,860000	0,129466
102,870000	0,126917
102,880000	0,127554
102,890000	0,131379
102,900000	0,124367
102,910000	0,128829
102,920000	0,125005
102,930000	0,128829
102,940000	0,126917
102,950000	0,126917
102,960000	0,123730
102,970000	0,130104
102,980000	0,130741
102,990000	0,131379
103,000000	0,129466
103,010000	0,128192
103,020000	0,125005
103,030000	0,124367
103,040000	0,132016
103,050000	0,131379
103,060000	0,128192
103,070000	0,128192
103,080000	0,126917
103,090000	0,127554
103,100000	0,130104
103,110000	0,127554
103,120000	0,133291
103,130000	0,130104
103,140000	0,126917
103,150000	0,126280
103,160000	0,132016
103,170000	0,127554
103,180000	0,131379
103,190000	0,126917
103,200000	0,131379
103,210000	0,128829
103,220000	0,130104
103,230000	0,128192
103,240000	0,129466
103,250000	0,126280
103,260000	0,128829
103,270000	0,127554
103,280000	0,130741
103,290000	0,126280
103,300000	0,130104
103,310000	0,123730
103,320000	0,130741
103,330000	0,125005
103,340000	0,128829
103,350000	0,127554
103,360000	0,130104
103,370000	0,127554
103,380000	0,129466
103,390000	0,126280
103,400000	0,128192
103,410000	0,123730
103,420000	0,128829
103,430000	0,126917
103,440000	0,126280
103,450000	0,125005
103,460000	0,124367
103,470000	0,126917
103,480000	0,125005
103,490000	0,129466
103,500000	0,127554
103,510000	0,126917
103,520000	0,127554
103,530000	0,125642
103,540000	0,129466
103,550000	0,125642
103,560000	0,127554
103,570000	0,125642
103,580000	0,130741
103,590000	0,131379
103,600000	0,128192
103,610000	0,130741
103,620000	0,130104
103,630000	0,127554
103,640000	0,128192
103,650000	0,128829
103,660000	0,126917
103,670000	0,127554
103,680000	0,126917
103,690000	0,127554
103,700000	0,126917
103,710000	0,125005
103,720000	0,128192
103,730000	0,123093
103,740000	0,127554
103,750000	0,122455
103,760000	0,127554
103,770000	0,125642
103,780000	0,128829
103,790000	0,126280
103,800000	0,129466
103,810000	0,127554
103,820000	0,131379
103,830000	0,124367
103,840000	0,130104
103,850000	0,128192
103,860000	0,128829
103,870000	0,123730
103,880000	0,126917
103,890000	0,128192
103,900000	0,126280
103,910000	0,128192
103,920000	0,129466
103,930000	0,129466
103,940000	0,130741
103,950000	0,126917
103,960000	0,126280
103,970000	0,132653
103,980000	0,126280
103,990000	0,128829
104,000000	0,126280
104,010000	0,130104
104,020000	0,126280
104,030000	0,125005
104,040000	0,129466
104,050000	0,130741
104,060000	0,127554
104,070000	0,124367
104,080000	0,129466
104,090000	0,126280
104,100000	0,128829
104,110000	0,127554
104,120000	0,126917
104,130000	0,125005
104,140000	0,123730
104,150000	0,130104
104,160000	0,121181
104,170000	0,125005
104,180000	0,126280
104,190000	0,123730
104,200000	0,128829
104,210000	0,124367
104,220000	0,125005
104,230000	0,126917
104,240000	0,128192
104,250000	0,127554
104,260000	0,129466
104,270000	0,126280
104,280000	0,132016
104,290000	0,125005
104,300000	0,132016
104,310000	0,130104
104,320000	0,131379
104,330000	0,128192
104,340000	0,131379
104,350000	0,126280
104,360000	0,131379
104,370000	0,121818
104,380000	0,128192
104,390000	0,126917
104,400000	0,129466
104,410000	0,124367
104,420000	0,127554
104,430000	0,123093
104,440000	0,127554
104,450000	0,125642
104,460000	0,123730
104,470000	0,123093
104,480000	0,125642
104,490000	0,127554
104,500000	0,125005
104,510000	0,123730
104,520000	0,122455
104,530000	0,126917
104,540000	0,128829
104,550000	0,127554
104,560000	0,126280
104,570000	0,121818
104,580000	0,127554
104,590000	0,125642
104,600000	0,128829
104,610000	0,124367
104,620000	0,128192
104,630000	0,124367
104,640000	0,126917
104,650000	0,126917
104,660000	0,128829
104,670000	0,125642
104,680000	0,125642
104,690000	0,128192
104,700000	0,130741
104,710000	0,132016
104,720000	0,132016
104,730000	0,128192
104,740000	0,126917
104,750000	0,130104
104,760000	0,128829
104,770000	0,125005
104,780000	0,128192
104,790000	0,128829
104,800000	0,128829
104,810000	0,131379
104,820000	0,129466
104,830000	0,130104
104,840000	0,129466
104,850000	0,131379
104,860000	0,130104
104,870000	0,126280
104,880000	0,131379
104,890000	0,126917
104,900000	0,127554
104,910000	0,132653
104,920000	0,126280
104,930000	0,126917
104,940000	0,125005
104,950000	0,125005
104,960000	0,124367
104,970000	0,125005
104,980000	0,128192
104,990000	0,128192
105,000000	0,128829
105,010000	0,126917
105,020000	0,130741
105,030000	0,126917
105,040000	0,128192
105,050000	0,127554
105,060000	0,129466
105,070000	0,120543
105,080000	0,132016
105,090000	0,125005
105,100000	0,130104
105,110000	0,130741
105,120000	0,128829
105,130000	0,128192
105,140000	0,130104
105,150000	0,126280
105,160000	0,126917
105,170000	0,128829
105,180000	0,127554
105,190000	0,126917
105,200000	0,127554
105,210000	0,127554
105,220000	0,124367
105,230000	0,128192
105,240000	0,128829
105,250000	0,124367
105,260000	0,127554
105,270000	0,127554
105,280000	0,128829
105,290000	0,123093
105,300000	0,126917
105,310000	0,126280
105,320000	0,126280
105,330000	0,129466
105,340000	0,125642
105,350000	0,126280
105,360000	0,128829
105,370000	0,125005
105,380000	0,126280
105,390000	0,126280
105,400000	0,127554
105,410000	0,128829
105,420000	0,125005
105,430000	0,128829
105,440000	0,125005
105,450000	0,126280
105,460000	0,125642
105,470000	0,126280
105,480000	0,126280
105,490000	0,128829
105,500000	0,130104
105,510000	0,128829
105,520000	0,126917
105,530000	0,121818
105,540000	0,126280
105,550000	0,126917
105,560000	0,132016
105,570000	0,125642
105,580000	0,130741
105,590000	0,122455
105,600000	0,126917
105,610000	0,130104
105,620000	0,125005
105,630000	0,121818
105,640000	0,124367
105,650000	0,125642
105,660000	0,124367
105,670000	0,126280
105,680000	0,127554
105,690000	0,125005
105,700000	0,128192
105,710000	0,119906
105,720000	0,132653
105,730000	0,121818
105,740000	0,123730
105,750000	0,128192
105,760000	0,128829
105,770000	0,128829
105,780000	0,125642
105,790000	0,123093
105,800000	0,127554
105,810000	0,128192
105,820000	0,130104
105,830000	0,127554
105,840000	0,127554
105,850000	0,124367
105,860000	0,124367
105,870000	0,124367
105,880000	0,123730
105,890000	0,130104
105,900000	0,125642
105,910000	0,128829
105,920000	0,125642
105,930000	0,126917
105,940000	0,126280
105,950000	0,125642
105,960000	0,126917
105,970000	0,128192
105,980000	0,126917
105,990000	0,130104
106,000000	0,126917
106,010000	0,130104
106,020000	0,126280
106,030000	0,125642
106,040000	0,123730
106,050000	0,128192
106,060000	0,125005
106,070000	0,127554
106,080000	0,125642
106,090000	0,125005
106,100000	0,125642
106,110000	0,124367
106,120000	0,126280
106,130000	0,128192
106,140000	0,124367
106,150000	0,128829
106,160000	0,127554
106,170000	0,125005
106,180000	0,126280
106,190000	0,125005
106,200000	0,126917
106,210000	0,125005
106,220000	0,127554
106,230000	0,122455
106,240000	0,127554
106,250000	0,123730
106,260000	0,125005
106,270000	0,126917
106,280000	0,125642
106,290000	0,126917
106,300000	0,126280
106,310000	0,128829
106,320000	0,124367
106,330000	0,125642
106,340000	0,125642
106,350000	0,127554
106,360000	0,126280
106,370000	0,124367
106,380000	0,125005
106,390000	0,128829
106,400000	0,125005
106,410000	0,127554
106,420000	0,128192
106,430000	0,126917
106,440000	0,126280
106,450000	0,126280
106,460000	0,127554
106,470000	0,126917
106,480000	0,126280
106,490000	0,125642
106,500000	0,125005
106,510000	0,124367
106,520000	0,128829
106,530000	0,130104
106,540000	0,131379
106,550000	0,127554
106,560000	0,126280
106,570000	0,126917
106,580000	0,125642
106,590000	0,124367
106,600000	0,130104
106,610000	0,126280
106,620000	0,130741
106,630000	0,125005
106,640000	0,126917
106,650000	0,124367
106,660000	0,132653
106,670000	0,129466
106,680000	0,131379
106,690000	0,126917
106,700000	0,127554
106,710000	0,127554
106,720000	0,128192
106,730000	0,126917
106,740000	0,127554
106,750000	0,125005
106,760000	0,130104
106,770000	0,126280
106,780000	0,126280
106,790000	0,130741
106,800000	0,126917
106,810000	0,128192
106,820000	0,127554
106,830000	0,124367
106,840000	0,123093
106,850000	0,128829
106,860000	0,128192
106,870000	0,132653
106,880000	0,125642
106,890000	0,126280
106,900000	0,128829
106,910000	0,129466
106,920000	0,126280
106,930000	0,130741
106,940000	0,128192
106,950000	0,127554
106,960000	0,129466
106,970000	0,132653
106,980000	0,126917
106,990000	0,130104
107,000000	0,130104
107,010000	0,126917
107,020000	0,130741
107,030000	0,127554
107,040000	0,129466
107,050000	0,133291
107,060000	0,129466
107,070000	0,125005
107,080000	0,128829
107,090000	0,125005
107,100000	0,126917
107,110000	0,127554
107,120000	0,128829
107,130000	0,124367
107,140000	0,126917
107,150000	0,126280
107,160000	0,128192
107,170000	0,124367
107,180000	0,130104
107,190000	0,121818
107,200000	0,125005
107,210000	0,126280
107,220000	0,126917
107,230000	0,125005
107,240000	0,126917
107,250000	0,126917
107,260000	0,124367
107,270000	0,125005
107,280000	0,129466
107,290000	0,123730
107,300000	0,122455
107,310000	0,126917
107,320000	0,128192
107,330000	0,126280
107,340000	0,123730
107,350000	0,125642
107,360000	0,126917
107,370000	0,126917
107,380000	0,127554
107,390000	0,128829
107,400000	0,127554
107,410000	0,129466
107,420000	0,128192
107,430000	0,123093
107,440000	0,127554
107,450000	0,124367
107,460000	0,127554
107,470000	0,122455
107,480000	0,125642
107,490000	0,124367
107,500000	0,125642
107,510000	0,125642
107,520000	0,127554
107,530000	0,126917
107,540000	0,127554
107,550000	0,125642
107,560000	0,130104
107,570000	0,129466
107,580000	0,127554
107,590000	0,123093
107,600000	0,126917
107,610000	0,125642
107,620000	0,125005
107,630000	0,126917
107,640000	0,127554
107,650000	0,124367
107,660000	0,125005
107,670000	0,126917
107,680000	0,125005
107,690000	0,125005
107,700000	0,125642
107,710000	0,130104
107,720000	0,126280
107,730000	0,125005
107,740000	0,125005
107,750000	0,121818
107,760000	0,126280
107,770000	0,124367
107,780000	0,125642
107,790000	0,126917
107,800000	0,123730
107,810000	0,121818
107,820000	0,124367
107,830000	0,124367
107,840000	0,126280
107,850000	0,119269
107,860000	0,123730
107,870000	0,125005
107,880000	0,123093
107,890000	0,128192
107,900000	0,121181
107,910000	0,122455
107,920000	0,126280
107,930000	0,125005
107,940000	0,125005
107,950000	0,119906
107,960000	0,130104
107,970000	0,125005
107,980000	0,121181
107,990000	0,124367
108,000000	0,126280
108,010000	0,127554
108,020000	0,123093
108,030000	0,123730
108,040000	0,125642
108,050000	0,126280
108,060000	0,130104
108,070000	0,123730
108,080000	0,125642
108,090000	0,119906
108,100000	0,125005
108,110000	0,123730
108,120000	0,127554
108,130000	0,127554
108,140000	0,126280
108,150000	0,124367
108,160000	0,125642
108,170000	0,123093
108,180000	0,121818
108,190000	0,125005
108,200000	0,125642
108,210000	0,126917
108,220000	0,127554
108,230000	0,126917
108,240000	0,122455
108,250000	0,120543
108,260000	0,125005
108,270000	0,125642
108,280000	0,124367
108,290000	0,125005
108,300000	0,124367
108,310000	0,127554
108,320000	0,123730
108,330000	0,124367
108,340000	0,124367
108,350000	0,123730
108,360000	0,123093
108,370000	0,124367
108,380000	0,118631
108,390000	0,121181
108,400000	0,124367
108,410000	0,121181
108,420000	0,125642
108,430000	0,125642
108,440000	0,128192
108,450000	0,121181
108,460000	0,125005
108,470000	0,123093
108,480000	0,126280
108,490000	0,126280
108,500000	0,129466
108,510000	0,125642
108,520000	0,126280
108,530000	0,125005
108,540000	0,126917
108,550000	0,128192
108,560000	0,126917
108,570000	0,127554
108,580000	0,126280
108,590000	0,126280
108,600000	0,130104
108,610000	0,126917
108,620000	0,126917
108,630000	0,126280
108,640000	0,127554
108,650000	0,126280
108,660000	0,129466
108,670000	0,126917
108,680000	0,125005
108,690000	0,125005
108,700000	0,130104
108,710000	0,128192
108,720000	0,127554
108,730000	0,126280
108,740000	0,128192
108,750000	0,123093
108,760000	0,125005
108,770000	0,123730
108,780000	0,126917
108,790000	0,127554
108,800000	0,128192
108,810000	0,128192
108,820000	0,126280
108,830000	0,127554
108,840000	0,126917
108,850000	0,128829
108,860000	0,124367
108,870000	0,126917
108,880000	0,128192
108,890000	0,125005
108,900000	0,125005
108,910000	0,122455
108,920000	0,125005
108,930000	0,123730
108,940000	0,126280
108,950000	0,121181
108,960000	0,124367
108,970000	0,124367
108,980000	0,127554
108,990000	0,126917
109,000000	0,122455
109,010000	0,127554
109,020000	0,129466
109,030000	0,126917
109,040000	0,124367
109,050000	0,129466
109,060000	0,123730
109,070000	0,126280
109,080000	0,124367
109,090000	0,121181
109,100000	0,122455
109,110000	0,126280
109,120000	0,126280
109,130000	0,126917
109,140000	0,125005
109,150000	0,131379
109,160000	0,126917
109,170000	0,128192
109,180000	0,122455
109,190000	0,128829
109,200000	0,126280
109,210000	0,128829
109,220000	0,126280
109,230000	0,125642
109,240000	0,126917
109,250000	0,124367
109,260000	0,126280
109,270000	0,128192
109,280000	0,136477
109,290000	0,126280
109,300000	0,133291
109,310000	0,128829
109,320000	0,126917
109,330000	0,132653
109,340000	0,128192
109,350000	0,132016
109,360000	0,123093
109,370000	0,125005
109,380000	0,125005
109,390000	0,125642
109,400000	0,132653
109,410000	0,123093
109,420000	0,123093
109,430000	0,125005
109,440000	0,125642
109,450000	0,130741
109,460000	0,125005
109,470000	0,125005
109,480000	0,125005
109,490000	0,123093
109,500000	0,121181
109,510000	0,125642
109,520000	0,125005
109,530000	0,121818
109,540000	0,121818
109,550000	0,126917
109,560000	0,121181
109,570000	0,123730
109,580000	0,125005
109,590000	0,121818
109,600000	0,126917
109,610000	0,125005
109,620000	0,128829
109,630000	0,127554
109,640000	0,124367
109,650000	0,126917
109,660000	0,127554
109,670000	0,123730
109,680000	0,130104
109,690000	0,130104
109,700000	0,129466
109,710000	0,125642
109,720000	0,130741
109,730000	0,125642
109,740000	0,127554
109,750000	0,129466
109,760000	0,128829
109,770000	0,125642
109,780000	0,130741
109,790000	0,125005
109,800000	0,122455
109,810000	0,126280
109,820000	0,122455
109,830000	0,124367
109,840000	0,123093
109,850000	0,122455
109,860000	0,122455
109,870000	0,123730
109,880000	0,125005
109,890000	0,123730
109,900000	0,123730
109,910000	0,121818
109,920000	0,123093
109,930000	0,122455
109,940000	0,126917
109,950000	0,121818
109,960000	0,125642
109,970000	0,122455
109,980000	0,127554
109,990000	0,119906
110,000000	0,123093
110,010000	0,120543
110,020000	0,123730
110,030000	0,121818
110,040000	0,126917
110,050000	0,120543
110,060000	0,121818
110,070000	0,123730
110,080000	0,125005
110,090000	0,121818
110,100000	0,125005
110,110000	0,121818
110,120000	0,125642
110,130000	0,121818
110,140000	0,124367
110,150000	0,119269
110,160000	0,121181
110,170000	0,124367
110,180000	0,121181
110,190000	0,125005
110,200000	0,123730
110,210000	0,121181
110,220000	0,123093
110,230000	0,122455
110,240000	0,123093
110,250000	0,125642
110,260000	0,124367
110,270000	0,126917
110,280000	0,126280
110,290000	0,126917
110,300000	0,126917
110,310000	0,126280
110,320000	0,126280
110,330000	0,131379
110,340000	0,127554
110,350000	0,132016
110,360000	0,128829
110,370000	0,128829
110,380000	0,127554
110,390000	0,129466
110,400000	0,126280
110,410000	0,125005
110,420000	0,122455
110,430000	0,126280
110,440000	0,124367
110,450000	0,130104
110,460000	0,123730
110,470000	0,121818
110,480000	0,125005
110,490000	0,124367
110,500000	0,125005
110,510000	0,128192
110,520000	0,126917
110,530000	0,123730
110,540000	0,127554
110,550000	0,123730
110,560000	0,130104
110,570000	0,117356
110,580000	0,123730
110,590000	0,119906
110,600000	0,123093
110,610000	0,122455
110,620000	0,127554
110,630000	0,118631
110,640000	0,133291
110,650000	0,121181
110,660000	0,130741
110,670000	0,122455
110,680000	0,131379
110,690000	0,127554
110,700000	0,126280
110,710000	0,111620
110,720000	0,123730
110,730000	0,101422
110,740000	0,130104
110,750000	0,113532
110,760000	0,123093
110,770000	0,116719
110,780000	0,121181
110,790000	0,115444
110,800000	0,119906
110,810000	0,113532
110,820000	0,134565
110,830000	0,125642
110,840000	0,131379
110,850000	0,123093
110,860000	0,131379
110,870000	0,126280
110,880000	0,130741
110,890000	0,134565
110,900000	0,131379
110,910000	0,130104
110,920000	0,129466
110,930000	0,129466
110,940000	0,124367
110,950000	0,125642
110,960000	0,119906
110,970000	0,128829
110,980000	0,122455
110,990000	0,130741
111,000000	0,128829
111,010000	0,126917
111,020000	0,123730
111,030000	0,125005
111,040000	0,126917
111,050000	0,124367
111,060000	0,121818
111,070000	0,122455
111,080000	0,117356
111,090000	0,124367
111,100000	0,123093
111,110000	0,122455
111,120000	0,117356
111,130000	0,123093
111,140000	0,125005
111,150000	0,122455
111,160000	0,128192
111,170000	0,124367
111,180000	0,127554
111,190000	0,126280
111,200000	0,128192
111,210000	0,126280
111,220000	0,123730
111,230000	0,124367
111,240000	0,127554
111,250000	0,126917
111,260000	0,125005
111,270000	0,127554
111,280000	0,126917
111,290000	0,123093
111,300000	0,126280
111,310000	0,127554
111,320000	0,125642
111,330000	0,127554
111,340000	0,126280
111,350000	0,123093
111,360000	0,125005
111,370000	0,127554
111,380000	0,126917
111,390000	0,123730
111,400000	0,125005
111,410000	0,131379
111,420000	0,132653
111,430000	0,126280
111,440000	0,126280
111,450000	0,125005
111,460000	0,123093
111,470000	0,123730
111,480000	0,134565
111,490000	0,127554
111,500000	0,125642
111,510000	0,124367
111,520000	0,125642
111,530000	0,125005
111,540000	0,132016
111,550000	0,130104
111,560000	0,128192
111,570000	0,126280
111,580000	0,127554
111,590000	0,120543
111,600000	0,132653
111,610000	0,123093
111,620000	0,120543
111,630000	0,121181
111,640000	0,117356
111,650000	0,117994
111,660000	0,119906
111,670000	0,121818
111,680000	0,123730
111,690000	0,126917
111,700000	0,123093
111,710000	0,118631
111,720000	0,123093
111,730000	0,121818
111,740000	0,119906
111,750000	0,119269
111,760000	0,119906
111,770000	0,120543
111,780000	0,117356
111,790000	0,121818
111,800000	0,131379
111,810000	0,123730
111,820000	0,131379
111,830000	0,122455
111,840000	0,132016
111,850000	0,125642
111,860000	0,127554
111,870000	0,120543
111,880000	0,130104
111,890000	0,117994
111,900000	0,121818
111,910000	0,117994
111,920000	0,123093
111,930000	0,124367
111,940000	0,125005
111,950000	0,121818
111,960000	0,125005
111,970000	0,124367
111,980000	0,142851
111,990000	0,126917
112,000000	0,118631
112,010000	0,121818
112,020000	0,109708
112,030000	0,122455
112,040000	0,110345
112,050000	0,117356
112,060000	0,103972
112,070000	0,116082
112,080000	0,116082
112,090000	0,117356
112,100000	0,125642
112,110000	0,150499
112,120000	0,135840
112,130000	0,147950
112,140000	0,142851
112,150000	0,144763
112,160000	0,138390
112,170000	0,139027
112,180000	0,125005
112,190000	0,121818
112,200000	0,102697
112,210000	0,117356
112,220000	0,103334
112,230000	0,117356
112,240000	0,113532
112,250000	0,119269
112,260000	0,117994
112,270000	0,121818
112,280000	0,117994
112,290000	0,119906
112,300000	0,123730
112,310000	0,118631
112,320000	0,122455
112,330000	0,122455
112,340000	0,125642
112,350000	0,120543
112,360000	0,119906
112,370000	0,121181
112,380000	0,121818
112,390000	0,123730
112,400000	0,125642
112,410000	0,127554
112,420000	0,126280
112,430000	0,122455
112,440000	0,125005
112,450000	0,127554
112,460000	0,121181
112,470000	0,130104
112,480000	0,125005
112,490000	0,125642
112,500000	0,124367
112,510000	0,121818
112,520000	0,127554
112,530000	0,129466
112,540000	0,124367
112,550000	0,128192
112,560000	0,121818
112,570000	0,128192
112,580000	0,126280
112,590000	0,128192
112,600000	0,125005
112,610000	0,119906
112,620000	0,126280
112,630000	0,126280
112,640000	0,122455
112,650000	0,134565
112,660000	0,123093
112,670000	0,128192
112,680000	0,126917
112,690000	0,132016
112,700000	0,126280
112,710000	0,126917
112,720000	0,123730
112,730000	0,125642
112,740000	0,116719
112,750000	0,121818
112,760000	0,120543
112,770000	0,122455
112,780000	0,121181
112,790000	0,119906
112,800000	0,124367
112,810000	0,126917
112,820000	0,125005
112,830000	0,132016
112,840000	0,123730
112,850000	0,124367
112,860000	0,125005
112,870000	0,109708
112,880000	0,123093
112,890000	0,117356
112,900000	0,119906
112,910000	0,119906
112,920000	0,112895
112,930000	0,116082
112,940000	0,125642
112,950000	0,113532
112,960000	0,123730
112,970000	0,114170
112,980000	0,125005
112,990000	0,135203
113,000000	0,131379
113,010000	0,124367
113,020000	0,130104
113,030000	0,126917
113,040000	0,128192
113,050000	0,127554
113,060000	0,130104
113,070000	0,130104
113,080000	0,130104
113,090000	0,131379
113,100000	0,132016
113,110000	0,125642
113,120000	0,133928
113,130000	0,131379
113,140000	0,137115
113,150000	0,135840
113,160000	0,127554
113,170000	0,130741
113,180000	0,121181
113,190000	0,126917
113,200000	0,118631
113,210000	0,122455
113,220000	0,121818
113,230000	0,122455
113,240000	0,130104
113,250000	0,123730
113,260000	0,131379
113,270000	0,140302
113,280000	0,129466
113,290000	0,119269
113,300000	0,129466
113,310000	0,128829
113,320000	0,126280
113,330000	0,125005
113,340000	0,115444
113,350000	0,107159
113,360000	0,109071
113,370000	0,116082
113,380000	0,135203
113,390000	0,124367
113,400000	0,151774
113,410000	0,134565
113,420000	0,152412
113,430000	0,132653
113,440000	0,133928
113,450000	0,132653
113,460000	0,117994
113,470000	0,097598
113,480000	0,113532
113,490000	0,078477
113,500000	0,114807
113,510000	0,086763
113,520000	0,126917
113,530000	0,082301
113,540000	0,130104
113,550000	0,109071
113,560000	0,128829
113,570000	0,125005
113,580000	0,150499
113,590000	0,123093
113,600000	0,140302
113,610000	0,125005
113,620000	0,134565
113,630000	0,128829
113,640000	0,132653
113,650000	0,126917
113,660000	0,125642
113,670000	0,130104
113,680000	0,127554
113,690000	0,124367
113,700000	0,125642
113,710000	0,123730
113,720000	0,128192
113,730000	0,123093
113,740000	0,127554
113,750000	0,123093
113,760000	0,125005
113,770000	0,121181
113,780000	0,126917
113,790000	0,126280
113,800000	0,125005
113,810000	0,125005
113,820000	0,125005
113,830000	0,126280
113,840000	0,126280
113,850000	0,122455
113,860000	0,123093
113,870000	0,124367
113,880000	0,127554
113,890000	0,122455
113,900000	0,121181
113,910000	0,113532
113,920000	0,116719
113,930000	0,122455
113,940000	0,112895
113,950000	0,121818
113,960000	0,119269
113,970000	0,125005
113,980000	0,116719
113,990000	0,123093
114,000000	0,127554
114,010000	0,120543
114,020000	0,128829
114,030000	0,120543
114,040000	0,125642
114,050000	0,113532
114,060000	0,121181
114,070000	0,115444
114,080000	0,117356
114,090000	0,117994
114,100000	0,119906
114,110000	0,120543
114,120000	0,132653
114,130000	0,127554
114,140000	0,139664
114,150000	0,123730
114,160000	0,109071
114,170000	0,119906
114,180000	0,115444
114,190000	0,122455
114,200000	0,109708
114,210000	0,119906
114,220000	0,125005
114,230000	0,112258
114,240000	0,114807
114,250000	0,147313
114,260000	0,118631
114,270000	0,134565
114,280000	0,135203
114,290000	0,128829
114,300000	0,151774
114,310000	0,135840
114,320000	0,114807
114,330000	0,127554
114,340000	0,107159
114,350000	0,130104
114,360000	0,105884
114,370000	0,119906
114,380000	0,119269
114,390000	0,119269
114,400000	0,107159
114,410000	0,117356
114,420000	0,133291
114,430000	0,111620
114,440000	0,126917
114,450000	0,105884
114,460000	0,121818
114,470000	0,112258
114,480000	0,116082
114,490000	0,110983
114,500000	0,111620
114,510000	0,119906
114,520000	0,119269
114,530000	0,125005
114,540000	0,128829
114,550000	0,130104
114,560000	0,131379
114,570000	0,124367
114,580000	0,128829
114,590000	0,117356
114,600000	0,121181
114,610000	0,121181
114,620000	0,116719
114,630000	0,112258
114,640000	0,116082
114,650000	0,126280
114,660000	0,123093
114,670000	0,135203
114,680000	0,126917
114,690000	0,135840
114,700000	0,133928
114,710000	0,128829
114,720000	0,152412
114,730000	0,126280
114,740000	0,124367
114,750000	0,114807
114,760000	0,092499
114,770000	0,117994
114,780000	0,091224
114,790000	0,117356
114,800000	0,096961
114,810000	0,131379
114,820000	0,121818
114,830000	0,142851
114,840000	0,151774
114,850000	0,179181
114,860000	0,132653
114,870000	0,161335
114,880000	0,121181
114,890000	0,149225
114,900000	0,136477
114,910000	0,129466
114,920000	0,119906
114,930000	0,122455
114,940000	0,095049
114,950000	0,132653
114,960000	0,112258
114,970000	0,122455
114,980000	0,118631
114,990000	0,119906
115,000000	0,121818
115,010000	0,117356
115,020000	0,111620
115,030000	0,118631
115,040000	0,120543
115,050000	0,124367
115,060000	0,119906
115,070000	0,119906
115,080000	0,115444
115,090000	0,132653
115,100000	0,124367
115,110000	0,130104
115,120000	0,124367
115,130000	0,125642
115,140000	0,127554
115,150000	0,130104
115,160000	0,123093
115,170000	0,125005
115,180000	0,129466
115,190000	0,125642
115,200000	0,121181
115,210000	0,127554
115,220000	0,128192
115,230000	0,126280
115,240000	0,123730
115,250000	0,130104
115,260000	0,128829
115,270000	0,127554
115,280000	0,121818
115,290000	0,130104
115,300000	0,126917
115,310000	0,133291
115,320000	0,128192
115,330000	0,137752
115,340000	0,126917
115,350000	0,132016
115,360000	0,124367
115,370000	0,119906
115,380000	0,121181
115,390000	0,122455
115,400000	0,132016
115,410000	0,127554
115,420000	0,137115
115,430000	0,128192
115,440000	0,130741
115,450000	0,125005
115,460000	0,133291
115,470000	0,126917
115,480000	0,130104
115,490000	0,117994
115,500000	0,126917
115,510000	0,099510
115,520000	0,126280
115,530000	0,120543
115,540000	0,117994
115,550000	0,121181
115,560000	0,140302
115,570000	0,121818
115,580000	0,152412
115,590000	0,121818
115,600000	0,153049
115,610000	0,121181
115,620000	0,131379
115,630000	0,139664
115,640000	0,117356
115,650000	0,133928
115,660000	0,130104
115,670000	0,078477
115,680000	0,124367
115,690000	0,132653
115,700000	0,124367
115,710000	0,110983
115,720000	0,133928
115,730000	0,122455
115,740000	0,117356
115,750000	0,128192
115,760000	0,139664
115,770000	0,130104
115,780000	0,139664
115,790000	0,137115
115,800000	0,142851
115,810000	0,119906
115,820000	0,131379
115,830000	0,139027
115,840000	0,120543
115,850000	0,131379
115,860000	0,102697
115,870000	0,126280
115,880000	0,112895
115,890000	0,124367
115,900000	0,134565
115,910000	0,122455
115,920000	0,117356
115,930000	0,133291
115,940000	0,125005
115,950000	0,132653
115,960000	0,125005
115,970000	0,133928
115,980000	0,122455
115,990000	0,132653
116,000000	0,125642
116,010000	0,142851
116,020000	0,120543
116,030000	0,111620
116,040000	0,120543
116,050000	0,109071
116,060000	0,123093
116,070000	0,113532
116,080000	0,126280
116,090000	0,126917
116,100000	0,122455
116,110000	0,125642
116,120000	0,154324
116,130000	0,124367
116,140000	0,113532
116,150000	0,113532
116,160000	0,135840
116,170000	0,107796
116,180000	0,131379
116,190000	0,125642
116,200000	0,119269
116,210000	0,076565
116,220000	0,115444
116,230000	0,067005
116,240000	0,133291
116,250000	0,099510
116,260000	0,120543
116,270000	0,132653
116,280000	0,109708
116,290000	0,098873
116,300000	0,098235
116,310000	0,112258
116,320000	0,147950
116,330000	0,118631
116,340000	0,122455
116,350000	0,118631
116,360000	0,125005
116,370000	0,132016
116,380000	0,129466
116,390000	0,128829
116,400000	0,125005
116,410000	0,126917
116,420000	0,126280
116,430000	0,121818
116,440000	0,130104
116,450000	0,122455
116,460000	0,127554
116,470000	0,123730
116,480000	0,122455
116,490000	0,123730
116,500000	0,123730
116,510000	0,121818
116,520000	0,123093
116,530000	0,130104
116,540000	0,123093
116,550000	0,121818
116,560000	0,122455
116,570000	0,117356
116,580000	0,123730
116,590000	0,120543
116,600000	0,126280
116,610000	0,121818
116,620000	0,123730
116,630000	0,125005
116,640000	0,125642
116,650000	0,122455
116,660000	0,112895
116,670000	0,111620
116,680000	0,121181
116,690000	0,107796
116,700000	0,124367
116,710000	0,122455
116,720000	0,119906
116,730000	0,120543
116,740000	0,123730
116,750000	0,126280
116,760000	0,125005
116,770000	0,119906
116,780000	0,133291
116,790000	0,117356
116,800000	0,105884
116,810000	0,122455
116,820000	0,104609
116,830000	0,121818
116,840000	0,107159
116,850000	0,119906
116,860000	0,110345
116,870000	0,138390
116,880000	0,121818
116,890000	0,144763
116,900000	0,112258
116,910000	0,121818
116,920000	0,124367
116,930000	0,098235
116,940000	0,125005
116,950000	0,123730
116,960000	0,124367
116,970000	0,120543
116,980000	0,094411
116,990000	0,126280
117,000000	0,169620
117,010000	0,123093
117,020000	0,152412
117,030000	0,127554
117,040000	0,132016
117,050000	0,137115
117,060000	0,132016
117,070000	0,127554
117,080000	0,123730
117,090000	0,104609
117,100000	0,148587
117,110000	0,099510
117,120000	0,113532
117,130000	0,112258
117,140000	0,124367
117,150000	0,133291
117,160000	0,107796
117,170000	0,119269
117,180000	0,114170
117,190000	0,116719
117,200000	0,122455
117,210000	0,123730
117,220000	0,123730
117,230000	0,123093
117,240000	0,112895
117,250000	0,122455
117,260000	0,114807
117,270000	0,114807
117,280000	0,139664
117,290000	0,119906
117,300000	0,110983
117,310000	0,117356
117,320000	0,111620
117,330000	0,122455
117,340000	0,128829
117,350000	0,126280
117,360000	0,134565
117,370000	0,107796
117,380000	0,131379
117,390000	0,143488
117,400000	0,132016
117,410000	0,158148
117,420000	0,117356
117,430000	0,138390
117,440000	0,118631
117,450000	0,123730
117,460000	0,129466
117,470000	0,136477
117,480000	0,103334
117,490000	0,133928
117,500000	0,132016
117,510000	0,139664
117,520000	0,141576
117,530000	0,136477
117,540000	0,136477
117,550000	0,116719
117,560000	0,143488
117,570000	0,136477
117,580000	0,132016
117,590000	0,153686
117,600000	0,117994
117,610000	0,092499
117,620000	0,121181
117,630000	0,087400
117,640000	0,130741
117,650000	0,125005
117,660000	0,130104
117,670000	0,142214
117,680000	0,115444
117,690000	0,116719
117,700000	0,122455
117,710000	0,117356
117,720000	0,121181
117,730000	0,110983
117,740000	0,121818
117,750000	0,121818
117,760000	0,126280
117,770000	0,117356
117,780000	0,117356
117,790000	0,125642
117,800000	0,117356
117,810000	0,119906
117,820000	0,119906
117,830000	0,120543
117,840000	0,121818
117,850000	0,123093
117,860000	0,119906
117,870000	0,117994
117,880000	0,123093
117,890000	0,119906
117,900000	0,122455
117,910000	0,121181
117,920000	0,122455
117,930000	0,123093
117,940000	0,127554
117,950000	0,112895
117,960000	0,124367
117,970000	0,123093
117,980000	0,125005
117,990000	0,115444
118,000000	0,119269
118,010000	0,123730
118,020000	0,123093
118,030000	0,124367
118,040000	0,128192
118,050000	0,119906
118,060000	0,139664
118,070000	0,126280
118,080000	0,135203
118,090000	0,121818
118,100000	0,130741
118,110000	0,116719
118,120000	0,119906
118,130000	0,109071
118,140000	0,118631
118,150000	0,117356
118,160000	0,125005
118,170000	0,137752
118,180000	0,124367
118,190000	0,124367
118,200000	0,122455
118,210000	0,127554
118,220000	0,127554
118,230000	0,125005
118,240000	0,116082
118,250000	0,117356
118,260000	0,096323
118,270000	0,114170
118,280000	0,127554
118,290000	0,096961
118,300000	0,121818
118,310000	0,153049
118,320000	0,127554
118,330000	0,151774
118,340000	0,121818
118,350000	0,154961
118,360000	0,120543
118,370000	0,128829
118,380000	0,126280
118,390000	0,114807
118,400000	0,113532
118,410000	0,114807
118,420000	0,086126
118,430000	0,112258
118,440000	0,126917
118,450000	0,123730
118,460000	0,102697
118,470000	0,128192
118,480000	0,119906
118,490000	0,137752
118,500000	0,120543
118,510000	0,130104
118,520000	0,137115
118,530000	0,150499
118,540000	0,125005
118,550000	0,157511
118,560000	0,114170
118,570000	0,128192
118,580000	0,119906
118,590000	0,098235
118,600000	0,122455
118,610000	0,087400
118,620000	0,133928
118,630000	0,132016
118,640000	0,118631
118,650000	0,136477
118,660000	0,148587
118,670000	0,128829
118,680000	0,155598
118,690000	0,127554
118,700000	0,135840
118,710000	0,118631
118,720000	0,126917
118,730000	0,120543
118,740000	0,117994
118,750000	0,116082
118,760000	0,122455
118,770000	0,110983
118,780000	0,117994
118,790000	0,164522
118,800000	0,133928
118,810000	0,130741
118,820000	0,126917
118,830000	0,114170
118,840000	0,109071
118,850000	0,100785
118,860000	0,102060
118,870000	0,103972
118,880000	0,070829
118,890000	0,102697
118,900000	0,070191
118,910000	0,120543
118,920000	0,086126
118,930000	0,133291
118,940000	0,132653
118,950000	0,103334
118,960000	0,126917
118,970000	0,142851
118,980000	0,121181
118,990000	0,146038
119,000000	0,100148
119,010000	0,142851
119,020000	0,093137
119,030000	0,146038
119,040000	0,142214
119,050000	0,134565
119,060000	0,136477
119,070000	0,131379
119,080000	0,124367
119,090000	0,140302
119,100000	0,121818
119,110000	0,132016
119,120000	0,122455
119,130000	0,131379
119,140000	0,121818
119,150000	0,126917
119,160000	0,124367
119,170000	0,129466
119,180000	0,129466
119,190000	0,128192
119,200000	0,127554
119,210000	0,123093
119,220000	0,123093
119,230000	0,124367
119,240000	0,125005
119,250000	0,121818
119,260000	0,121181
119,270000	0,116719
119,280000	0,130104
119,290000	0,124367
119,300000	0,121818
119,310000	0,125005
119,320000	0,122455
119,330000	0,125642
119,340000	0,123093
119,350000	0,117356
119,360000	0,122455
119,370000	0,108433
119,380000	0,126917
119,390000	0,111620
119,400000	0,123730
119,410000	0,110983
119,420000	0,117356
119,430000	0,126280
119,440000	0,105884
119,450000	0,124367
119,460000	0,137115
119,470000	0,123093
119,480000	0,125005
119,490000	0,126917
119,500000	0,132653
119,510000	0,117994
119,520000	0,119906
119,530000	0,122455
119,540000	0,118631
119,550000	0,125005
119,560000	0,124367
119,570000	0,123730
119,580000	0,116719
119,590000	0,111620
119,600000	0,119269
119,610000	0,137115
119,620000	0,153686
119,630000	0,128829
119,640000	0,153686
119,650000	0,123093
119,660000	0,112258
119,670000	0,122455
119,680000	0,093137
119,690000	0,122455
119,700000	0,114170
119,710000	0,122455
119,720000	0,115444
119,730000	0,118631
119,740000	0,124367
119,750000	0,149225
119,760000	0,128829
119,770000	0,174719
119,780000	0,135203
119,790000	0,135203
119,800000	0,153049
119,810000	0,128829
119,820000	0,112258
119,830000	0,113532
119,840000	0,097598
119,850000	0,121181
119,860000	0,081664
119,870000	0,116082
119,880000	0,083576
119,890000	0,089312
119,900000	0,135840
119,910000	0,095686
119,920000	0,137115
119,930000	0,133928
119,940000	0,132653
119,950000	0,128192
119,960000	0,128829
119,970000	0,128829
119,980000	0,107159
119,990000	0,103334
120,000000	0,112258
120,010000	0,111620
120,020000	0,099510
120,030000	0,114807
120,040000	0,121181
120,050000	0,105246
120,060000	0,134565
120,070000	0,125005
120,080000	0,158148
120,090000	0,117356
120,100000	0,114807
120,110000	0,139664
120,120000	0,105884
120,130000	0,089312
120,140000	0,113532
120,150000	0,094411
120,160000	0,117356
120,170000	0,079114
120,180000	0,130104
120,190000	0,109071
120,200000	0,137752
120,210000	0,132016
120,220000	0,151774
120,230000	0,130104
120,240000	0,183005
120,250000	0,126280
120,260000	0,168983
120,270000	0,110983
120,280000	0,128192
120,290000	0,107796
120,300000	0,146675
120,310000	0,142214
120,320000	0,133928
120,330000	0,093774
120,340000	0,142214
120,350000	0,117356
120,360000	0,144126
120,370000	0,109071
120,380000	0,142851
120,390000	0,103972
120,400000	0,124367
120,410000	0,110345
120,420000	0,109708
120,430000	0,106521
120,440000	0,118631
120,450000	0,105884
120,460000	0,119906
120,470000	0,111620
120,480000	0,125642
120,490000	0,115444
120,500000	0,122455
120,510000	0,123093
120,520000	0,113532
120,530000	0,116082
120,540000	0,116719
120,550000	0,121181
120,560000	0,112895
120,570000	0,117356
120,580000	0,121181
120,590000	0,123730
120,600000	0,117356
120,610000	0,125005
120,620000	0,123093
120,630000	0,125005
120,640000	0,126280
120,650000	0,122455
120,660000	0,119906
120,670000	0,117356
120,680000	0,112258
120,690000	0,119269
120,700000	0,122455
120,710000	0,121181
120,720000	0,132016
120,730000	0,125005
120,740000	0,124367
120,750000	0,122455
120,760000	0,123730
120,770000	0,135203
120,780000	0,126917
120,790000	0,109708
120,800000	0,124367
120,810000	0,128192
120,820000	0,128192
120,830000	0,127554
120,840000	0,130741
120,850000	0,122455
120,860000	0,120543
120,870000	0,117356
120,880000	0,137115
120,890000	0,116719
120,900000	0,138390
120,910000	0,129466
120,920000	0,137115
120,930000	0,130104
120,940000	0,122455
120,950000	0,135203
120,960000	0,134565
120,970000	0,101422
120,980000	0,122455
120,990000	0,137752
121,000000	0,110983
121,010000	0,096961
121,020000	0,116719
121,030000	0,134565
121,040000	0,105884
121,050000	0,131379
121,060000	0,117356
121,070000	0,132653
121,080000	0,112258
121,090000	0,130104
121,100000	0,135840
121,110000	0,107796
121,120000	0,098235
121,130000	0,090587
121,140000	0,116719
121,150000	0,074653
121,160000	0,116082
121,170000	0,122455
121,180000	0,122455
121,190000	0,152412
121,200000	0,155598
121,210000	0,116082
121,220000	0,136477
121,230000	0,130741
121,240000	0,168346
121,250000	0,119269
121,260000	0,125005
121,270000	0,140302
121,280000	0,130741
121,290000	0,088675
121,300000	0,138390
121,310000	0,144763
121,320000	0,135840
121,330000	0,136477
121,340000	0,125642
121,350000	0,135840
121,360000	0,090587
121,370000	0,122455
121,380000	0,146675
121,390000	0,122455
121,400000	0,114807
121,410000	0,121818
121,420000	0,084851
121,430000	0,130104
121,440000	0,103334
121,450000	0,139664
121,460000	0,106521
121,470000	0,139664
121,480000	0,142851
121,490000	0,165796
121,500000	0,132653
121,510000	0,137752
121,520000	0,121818
121,530000	0,127554
121,540000	0,110983
121,550000	0,105884
121,560000	0,110983
121,570000	0,067642
121,580000	0,082301
121,590000	0,116082
121,600000	0,070191
121,610000	0,144763
121,620000	0,136477
121,630000	0,138390
121,640000	0,164522
121,650000	0,127554
121,660000	0,159423
121,670000	0,101422
121,680000	0,092499
121,690000	0,141576
121,700000	0,096323
121,710000	0,131379
121,720000	0,097598
121,730000	0,124367
121,740000	0,107159
121,750000	0,128192
121,760000	0,130104
121,770000	0,124367
121,780000	0,139027
121,790000	0,133291
121,800000	0,126280
121,810000	0,123730
121,820000	0,121818
121,830000	0,134565
121,840000	0,122455
121,850000	0,130104
121,860000	0,126917
121,870000	0,124367
121,880000	0,121181
121,890000	0,119269
121,900000	0,121181
121,910000	0,119906
121,920000	0,129466
121,930000	0,121181
121,940000	0,127554
121,950000	0,117356
121,960000	0,114807
121,970000	0,123093
121,980000	0,123093
121,990000	0,114807
122,000000	0,120543
122,010000	0,123093
122,020000	0,123093
122,030000	0,122455
122,040000	0,118631
122,050000	0,126280
122,060000	0,121818
122,070000	0,119906
122,080000	0,131379
122,090000	0,123093
122,100000	0,104609
122,110000	0,124367
122,120000	0,106521
122,130000	0,122455
122,140000	0,107796
122,150000	0,119269
122,160000	0,112895
122,170000	0,112895
122,180000	0,128829
122,190000	0,125642
122,200000	0,125005
122,210000	0,132653
122,220000	0,121181
122,230000	0,112258
122,240000	0,119906
122,250000	0,123093
122,260000	0,119269
122,270000	0,109708
122,280000	0,100785
122,290000	0,114170
122,300000	0,147313
122,310000	0,114170
122,320000	0,125642
122,330000	0,112258
122,340000	0,112258
122,350000	0,123093
122,360000	0,128192
122,370000	0,125005
122,380000	0,124367
122,390000	0,096323
122,400000	0,124367
122,410000	0,089950
122,420000	0,117994
122,430000	0,100148
122,440000	0,117356
122,450000	0,119269
122,460000	0,100148
122,470000	0,125005
122,480000	0,174082
122,490000	0,127554
122,500000	0,114170
122,510000	0,134565
122,520000	0,172807
122,530000	0,125005
122,540000	0,109708
122,550000	0,140302
122,560000	0,093774
122,570000	0,099510
122,580000	0,098873
122,590000	0,094411
122,600000	0,100785
122,610000	0,092499
122,620000	0,128192
122,630000	0,102060
122,640000	0,100148
122,650000	0,150499
122,660000	0,112258
122,670000	0,133928
122,680000	0,110345
122,690000	0,128192
122,700000	0,111620
122,710000	0,090587
122,720000	0,126280
122,730000	0,114170
122,740000	0,100785
122,750000	0,126280
122,760000	0,119269
122,770000	0,123093
122,780000	0,147950
122,790000	0,116082
122,800000	0,089312
122,810000	0,116082
122,820000	0,115444
122,830000	0,128829
122,840000	0,126280
122,850000	0,109071
122,860000	0,128192
122,870000	0,114170
122,880000	0,137115
122,890000	0,167708
122,900000	0,139027
122,910000	0,200851
122,920000	0,116082
122,930000	0,170895
122,940000	0,101422
122,950000	0,110345
122,960000	0,134565
122,970000	0,131379
122,980000	0,094411
122,990000	0,131379
123,000000	0,096961
123,010000	0,140302
123,020000	0,091862
123,030000	0,152412
123,040000	0,096323
123,050000	0,141576
123,060000	0,104609
123,070000	0,116082
123,080000	0,124367
123,090000	0,121818
123,100000	0,122455
123,110000	0,116719
123,120000	0,110345
123,130000	0,119906
123,140000	0,109708
123,150000	0,123093
123,160000	0,120543
123,170000	0,117356
123,180000	0,121818
123,190000	0,115444
123,200000	0,126917
123,210000	0,121818
123,220000	0,125005
123,230000	0,116719
123,240000	0,125005
123,250000	0,121181
123,260000	0,125005
123,270000	0,121818
123,280000	0,122455
123,290000	0,121181
123,300000	0,125005
123,310000	0,124367
123,320000	0,125005
123,330000	0,125005
123,340000	0,127554
123,350000	0,125005
123,360000	0,125642
123,370000	0,126280
123,380000	0,125642
123,390000	0,125642
123,400000	0,123093
123,410000	0,117356
123,420000	0,122455
123,430000	0,114807
123,440000	0,123093
123,450000	0,125642
123,460000	0,125005
123,470000	0,134565
123,480000	0,123093
123,490000	0,124367
123,500000	0,121818
123,510000	0,123093
123,520000	0,128829
123,530000	0,117356
123,540000	0,112895
123,550000	0,121181
123,560000	0,117356
123,570000	0,118631
123,580000	0,126917
123,590000	0,114170
123,600000	0,122455
123,610000	0,144126
123,620000	0,125005
123,630000	0,141576
123,640000	0,125005
123,650000	0,139027
123,660000	0,124367
123,670000	0,132653
123,680000	0,137752
123,690000	0,125005
123,700000	0,127554
123,710000	0,131379
123,720000	0,106521
123,730000	0,122455
123,740000	0,145401
123,750000	0,127554
123,760000	0,104609
123,770000	0,124367
123,780000	0,136477
123,790000	0,155598
123,800000	0,126280
123,810000	0,081664
123,820000	0,132016
123,830000	0,105884
123,840000	0,127554
123,850000	0,125642
123,860000	0,114170
123,870000	0,103972
123,880000	0,095686
123,890000	0,121181
123,900000	0,113532
123,910000	0,116082
123,920000	0,148587
123,930000	0,122455
123,940000	0,154324
123,950000	0,115444
123,960000	0,096961
123,970000	0,130104
123,980000	0,125005
123,990000	0,137752
124,000000	0,123093
124,010000	0,128829
124,020000	0,108433
124,030000	0,141576
124,040000	0,109708
124,050000	0,154961
124,060000	0,131379
124,070000	0,145401
124,080000	0,119906
124,090000	0,107159
124,100000	0,123093
124,110000	0,108433
124,120000	0,134565
124,130000	0,128829
124,140000	0,098873
124,150000	0,118631
124,160000	0,167708
124,170000	0,126917
124,180000	0,165796
124,190000	0,113532
124,200000	0,153049
124,210000	0,105246
124,220000	0,122455
124,230000	0,100148
124,240000	0,115444
124,250000	0,085488
124,260000	0,108433
124,270000	0,067005
124,280000	0,120543
124,290000	0,097598
124,300000	0,109071
124,310000	0,083576
124,320000	0,100785
124,330000	0,100148
124,340000	0,147313
124,350000	0,116719
124,360000	0,145401
124,370000	0,098235
124,380000	0,132016
124,390000	0,098873
124,400000	0,125642
124,410000	0,124367
124,420000	0,126917
124,430000	0,127554
124,440000	0,125005
124,450000	0,126917
124,460000	0,131379
124,470000	0,124367
124,480000	0,126280
124,490000	0,123093
124,500000	0,121818
124,510000	0,121181
124,520000	0,120543
124,530000	0,123093
124,540000	0,117994
124,550000	0,119906
124,560000	0,118631
124,570000	0,124367
124,580000	0,126917
124,590000	0,122455
124,600000	0,118631
124,610000	0,125642
124,620000	0,119906
124,630000	0,119906
124,640000	0,120543
124,650000	0,121181
124,660000	0,119906
124,670000	0,117994
124,680000	0,121818
124,690000	0,117994
124,700000	0,116082
124,710000	0,112258
124,720000	0,122455
124,730000	0,123093
124,740000	0,116082
124,750000	0,114170
124,760000	0,126917
124,770000	0,119906
124,780000	0,118631
124,790000	0,116719
124,800000	0,130104
124,810000	0,117356
124,820000	0,117994
124,830000	0,121818
124,840000	0,119906
124,850000	0,110345
124,860000	0,121181
124,870000	0,110345
124,880000	0,119269
124,890000	0,107159
124,900000	0,123093
124,910000	0,117994
124,920000	0,125642
124,930000	0,122455
124,940000	0,130741
124,950000	0,122455
124,960000	0,116082
124,970000	0,119906
124,980000	0,105884
124,990000	0,116082
125,000000	0,122455
125,010000	0,121181
125,020000	0,117356
125,030000	0,111620
125,040000	0,117356
125,050000	0,145401
125,060000	0,121818
125,070000	0,140939
125,080000	0,129466
125,090000	0,119906
125,100000	0,134565
125,110000	0,131379
125,120000	0,095049
125,130000	0,119269
125,140000	0,086126
125,150000	0,121181
125,160000	0,089950
125,170000	0,117356
125,180000	0,126917
125,190000	0,109708
125,200000	0,119906
125,210000	0,107159
125,220000	0,126917
125,230000	0,163884
125,240000	0,125642
125,250000	0,095686
125,260000	0,118631
125,270000	0,160060
125,280000	0,112895
125,290000	0,129466
125,300000	0,114170
125,310000	0,122455
125,320000	0,119906
125,330000	0,116719
125,340000	0,117356
125,350000	0,112258
125,360000	0,104609
125,370000	0,123093
125,380000	0,116719
125,390000	0,115444
125,400000	0,119906
125,410000	0,109708
125,420000	0,154961
125,430000	0,146675
125,440000	0,124367
125,450000	0,153049
125,460000	0,119269
125,470000	0,122455
125,480000	0,115444
125,490000	0,111620
125,500000	0,123730
125,510000	0,114807
125,520000	0,084851
125,530000	0,121818
125,540000	0,086763
125,550000	0,128829
125,560000	0,107796
125,570000	0,130104
125,580000	0,142214
125,590000	0,122455
125,600000	0,125642
125,610000	0,141576
125,620000	0,119269
125,630000	0,163247
125,640000	0,127554
125,650000	0,088038
125,660000	0,126917
125,670000	0,122455
125,680000	0,147313
125,690000	0,147313
125,700000	0,114807
125,710000	0,134565
125,720000	0,102697
125,730000	0,133928
125,740000	0,117994
125,750000	0,154324
125,760000	0,121818
125,770000	0,116719
125,780000	0,117994
125,790000	0,115444
125,800000	0,114170
125,810000	0,114170
125,820000	0,117356
125,830000	0,124367
125,840000	0,119906
125,850000	0,118631
125,860000	0,121181
125,870000	0,119269
125,880000	0,125005
125,890000	0,129466
125,900000	0,123730
125,910000	0,126280
125,920000	0,122455
125,930000	0,123093
125,940000	0,125005
125,950000	0,127554
125,960000	0,123093
125,970000	0,118631
125,980000	0,123730
125,990000	0,119906
126,000000	0,117356
126,010000	0,122455
126,020000	0,124367
126,030000	0,127554
126,040000	0,122455
126,050000	0,121818
126,060000	0,117994
126,070000	0,132016
126,080000	0,119269
126,090000	0,117356
126,100000	0,125005
126,110000	0,121818
126,120000	0,122455
126,130000	0,125642
126,140000	0,118631
126,150000	0,121181
126,160000	0,117356
126,170000	0,119906
126,180000	0,119906
126,190000	0,122455
126,200000	0,125005
126,210000	0,120543
126,220000	0,131379
126,230000	0,130104
126,240000	0,125005
126,250000	0,134565
126,260000	0,125005
126,270000	0,112895
126,280000	0,125005
126,290000	0,119906
126,300000	0,120543
126,310000	0,112895
126,320000	0,117356
126,330000	0,128192
126,340000	0,112258
126,350000	0,124367
126,360000	0,128192
126,370000	0,120543
126,380000	0,129466
126,390000	0,133291
126,400000	0,132653
126,410000	0,123093
126,420000	0,122455
126,430000	0,107159
126,440000	0,116082
126,450000	0,096961
126,460000	0,120543
126,470000	0,146038
126,480000	0,111620
126,490000	0,145401
126,500000	0,116082
126,510000	0,136477
126,520000	0,117994
126,530000	0,126917
126,540000	0,141576
126,550000	0,119906
126,560000	0,081027
126,570000	0,122455
126,580000	0,084213
126,590000	0,131379
126,600000	0,105884
126,610000	0,095049
126,620000	0,103972
126,630000	0,134565
126,640000	0,115444
126,650000	0,145401
126,660000	0,116719
126,670000	0,149862
126,680000	0,117994
126,690000	0,139027
126,700000	0,128192
126,710000	0,131379
126,720000	0,151137
126,730000	0,107159
126,740000	0,144126
126,750000	0,098235
126,760000	0,116719
126,770000	0,115444
126,780000	0,122455
126,790000	0,097598
126,800000	0,125005
126,810000	0,143488
126,820000	0,125005
126,830000	0,124367
126,840000	0,130741
126,850000	0,119906
126,860000	0,125642
126,870000	0,117356
126,880000	0,142851
126,890000	0,107796
126,900000	0,114170
126,910000	0,106521
126,920000	0,084213
126,930000	0,111620
126,940000	0,056169
126,950000	0,116082
126,960000	0,111620
126,970000	0,122455
126,980000	0,121181
126,990000	0,116082
127,000000	0,122455
127,010000	0,147313
127,020000	0,126917
127,030000	0,146038
127,040000	0,107159
127,050000	0,135840
127,060000	0,116082
127,070000	0,128829
127,080000	0,132016
127,090000	0,120543
127,100000	0,123730
127,110000	0,119269
127,120000	0,116719
127,130000	0,128829
127,140000	0,120543
127,150000	0,122455
127,160000	0,118631
127,170000	0,124367
127,180000	0,123093
127,190000	0,122455
127,200000	0,121181
127,210000	0,119269
127,220000	0,126917
127,230000	0,123093
127,240000	0,123093
127,250000	0,122455
127,260000	0,114807
127,270000	0,121181
127,280000	0,121818
127,290000	0,123730
127,300000	0,123730
127,310000	0,124367
127,320000	0,119269
127,330000	0,126280
127,340000	0,122455
127,350000	0,123730
127,360000	0,119269
127,370000	0,119269
127,380000	0,122455
127,390000	0,122455
127,400000	0,119269
127,410000	0,122455
127,420000	0,117356
127,430000	0,120543
127,440000	0,116719
127,450000	0,122455
127,460000	0,119906
127,470000	0,121181
127,480000	0,122455
127,490000	0,125642
127,500000	0,122455
127,510000	0,126917
127,520000	0,122455
127,530000	0,120543
127,540000	0,125642
127,550000	0,126280
127,560000	0,125642
127,570000	0,121818
127,580000	0,112258
127,590000	0,120543
127,600000	0,132016
127,610000	0,117356
127,620000	0,123730
127,630000	0,120543
127,640000	0,122455
127,650000	0,124367
127,660000	0,122455
127,670000	0,127554
127,680000	0,126280
127,690000	0,121818
127,700000	0,129466
127,710000	0,111620
127,720000	0,123093
127,730000	0,109708
127,740000	0,116082
127,750000	0,115444
127,760000	0,117356
127,770000	0,119906
127,780000	0,136477
127,790000	0,122455
127,800000	0,112258
127,810000	0,122455
127,820000	0,124367
127,830000	0,126280
127,840000	0,140302
127,850000	0,121818
127,860000	0,121181
127,870000	0,115444
127,880000	0,117994
127,890000	0,121181
127,900000	0,110345
127,910000	0,128192
127,920000	0,119906
127,930000	0,138390
127,940000	0,151774
127,950000	0,125642
127,960000	0,152412
127,970000	0,142851
127,980000	0,113532
127,990000	0,137115
128,000000	0,105246
128,010000	0,124367
128,020000	0,098235
128,030000	0,121181
128,040000	0,118631
128,050000	0,107796
128,060000	0,103972
128,070000	0,111620
128,080000	0,130104
128,090000	0,116719
128,100000	0,154324
128,110000	0,118631
128,120000	0,128829
128,130000	0,118631
128,140000	0,114807
128,150000	0,142851
128,160000	0,115444
128,170000	0,114170
128,180000	0,117356
128,190000	0,090587
128,200000	0,119269
128,210000	0,096961
128,220000	0,123730
128,230000	0,123093
128,240000	0,124367
128,250000	0,132653
128,260000	0,147313
128,270000	0,126917
128,280000	0,167708
128,290000	0,123093
128,300000	0,124367
128,310000	0,116082
128,320000	0,133291
128,330000	0,118631
128,340000	0,129466
128,350000	0,109708
128,360000	0,123730
128,370000	0,093774
128,380000	0,126280
128,390000	0,108433
128,400000	0,137752
128,410000	0,114170
128,420000	0,126917
128,430000	0,114807
128,440000	0,119269
128,450000	0,115444
128,460000	0,119269
128,470000	0,119269
128,480000	0,119906
128,490000	0,123093
128,500000	0,121818
128,510000	0,119906
128,520000	0,122455
128,530000	0,117994
128,540000	0,121181
128,550000	0,121181
128,560000	0,117994
128,570000	0,121818
128,580000	0,119906
128,590000	0,119906
128,600000	0,116082
128,610000	0,117356
128,620000	0,117356
128,630000	0,119906
128,640000	0,121181
128,650000	0,119906
128,660000	0,121181
128,670000	0,122455
128,680000	0,122455
128,690000	0,121818
128,700000	0,119906
128,710000	0,117356
128,720000	0,121181
128,730000	0,117994
128,740000	0,117994
128,750000	0,117356
128,760000	0,119906
128,770000	0,120543
128,780000	0,123730
128,790000	0,119906
128,800000	0,123093
128,810000	0,116719
128,820000	0,117994
128,830000	0,125005
128,840000	0,117356
128,850000	0,112895
128,860000	0,113532
128,870000	0,116719
128,880000	0,121181
128,890000	0,119269
128,900000	0,116082
128,910000	0,128192
128,920000	0,119269
128,930000	0,119906
128,940000	0,120543
128,950000	0,125642
128,960000	0,121818
128,970000	0,119906
128,980000	0,123093
128,990000	0,123730
129,000000	0,114170
129,010000	0,112258
129,020000	0,119906
129,030000	0,119906
129,040000	0,123093
129,050000	0,122455
129,060000	0,119906
129,070000	0,122455
129,080000	0,124367
129,090000	0,121818
129,100000	0,123730
129,110000	0,119906
129,120000	0,125005
129,130000	0,107796
129,140000	0,125005
129,150000	0,099510
129,160000	0,119906
129,170000	0,109708
129,180000	0,112895
129,190000	0,113532
129,200000	0,126917
129,210000	0,125005
129,220000	0,128192
129,230000	0,124367
129,240000	0,137752
129,250000	0,121818
129,260000	0,136477
129,270000	0,119269
129,280000	0,123730
129,290000	0,108433
129,300000	0,117994
129,310000	0,128829
129,320000	0,114170
129,330000	0,119269
129,340000	0,110983
129,350000	0,120543
129,360000	0,123093
129,370000	0,129466
129,380000	0,131379
129,390000	0,135203
129,400000	0,132653
129,410000	0,125005
129,420000	0,135840
129,430000	0,125642
129,440000	0,105246
129,450000	0,126280
129,460000	0,112258
129,470000	0,120543
129,480000	0,096961
129,490000	0,125005
129,500000	0,117994
129,510000	0,130741
129,520000	0,126280
129,530000	0,137752
129,540000	0,123730
129,550000	0,098873
129,560000	0,121181
129,570000	0,089312
129,580000	0,110983
129,590000	0,080389
129,600000	0,101422
129,610000	0,097598
129,620000	0,099510
129,630000	0,112258
129,640000	0,119906
129,650000	0,126917
129,660000	0,144763
129,670000	0,121181
129,680000	0,147950
129,690000	0,121818
129,700000	0,138390
129,710000	0,126280
129,720000	0,129466
129,730000	0,124367
129,740000	0,121181
129,750000	0,126917
129,760000	0,107159
129,770000	0,121818
129,780000	0,113532
129,790000	0,122455
129,800000	0,125642
129,810000	0,125005
129,820000	0,124367
129,830000	0,123093
129,840000	0,122455
129,850000	0,123730
129,860000	0,119269
129,870000	0,125642
129,880000	0,119269
129,890000	0,125005
129,900000	0,119906
129,910000	0,123093
129,920000	0,123093
129,930000	0,123730
129,940000	0,118631
129,950000	0,122455
129,960000	0,121818
129,970000	0,122455
129,980000	0,124367
129,990000	0,122455
130,000000	0,123093
130,010000	0,125642
130,020000	0,121818
130,030000	0,122455
130,040000	0,123093
130,050000	0,123730
130,060000	0,119906
130,070000	0,122455
130,080000	0,120543
130,090000	0,122455
130,100000	0,123730
130,110000	0,121181
130,120000	0,122455
130,130000	0,123093
130,140000	0,125005
130,150000	0,118631
130,160000	0,126280
130,170000	0,119906
130,180000	0,120543
130,190000	0,124367
130,200000	0,126917
130,210000	0,121181
130,220000	0,116719
130,230000	0,124367
130,240000	0,118631
130,250000	0,123730
130,260000	0,123093
130,270000	0,116719
130,280000	0,117994
130,290000	0,117994
130,300000	0,116082
130,310000	0,117356
130,320000	0,119906
130,330000	0,122455
130,340000	0,120543
130,350000	0,124367
130,360000	0,122455
130,370000	0,119269
130,380000	0,122455
130,390000	0,121818
130,400000	0,116719
130,410000	0,117994
130,420000	0,121181
130,430000	0,119906
130,440000	0,122455
130,450000	0,118631
130,460000	0,115444
130,470000	0,126917
130,480000	0,117356
130,490000	0,123093
130,500000	0,124367
130,510000	0,118631
130,520000	0,119906
130,530000	0,119906
130,540000	0,114170
130,550000	0,119906
130,560000	0,113532
130,570000	0,114807
130,580000	0,109071
130,590000	0,113532
130,600000	0,135203
130,610000	0,120543
130,620000	0,120543
130,630000	0,119906
130,640000	0,121818
130,650000	0,124367
130,660000	0,117994
130,670000	0,119269
130,680000	0,116082
130,690000	0,109708
130,700000	0,116082
130,710000	0,111620
130,720000	0,125642
130,730000	0,121818
130,740000	0,115444
130,750000	0,132016
130,760000	0,125005
130,770000	0,126280
130,780000	0,130104
130,790000	0,117356
130,800000	0,109071
130,810000	0,121181
130,820000	0,102697
130,830000	0,119906
130,840000	0,105884
130,850000	0,119269
130,860000	0,107796
130,870000	0,126280
130,880000	0,127554
130,890000	0,134565
130,900000	0,121818
130,910000	0,147313
130,920000	0,123730
130,930000	0,135840
130,940000	0,129466
130,950000	0,126280
130,960000	0,119906
130,970000	0,121181
130,980000	0,114170
130,990000	0,118631
131,000000	0,103972
131,010000	0,112258
131,020000	0,110345
131,030000	0,109708
131,040000	0,114807
131,050000	0,119906
131,060000	0,112258
131,070000	0,120543
131,080000	0,120543
131,090000	0,121181
131,100000	0,118631
131,110000	0,119906
131,120000	0,128192
131,130000	0,121181
131,140000	0,121181
131,150000	0,119269
131,160000	0,119906
131,170000	0,122455
131,180000	0,116082
131,190000	0,119269
131,200000	0,117356
131,210000	0,119906
131,220000	0,120543
131,230000	0,116719
131,240000	0,123093
131,250000	0,117994
131,260000	0,117994
131,270000	0,119906
131,280000	0,120543
131,290000	0,119269
131,300000	0,121181
131,310000	0,117356
131,320000	0,119906
131,330000	0,119906
131,340000	0,119906
131,350000	0,119906
131,360000	0,117994
131,370000	0,117356
131,380000	0,120543
131,390000	0,119906
131,400000	0,121181
131,410000	0,119906
131,420000	0,122455
131,430000	0,118631
131,440000	0,119906
131,450000	0,117994
131,460000	0,119269
131,470000	0,121181
131,480000	0,122455
131,490000	0,120543
131,500000	0,122455
131,510000	0,117994
131,520000	0,121818
131,530000	0,119906
131,540000	0,119906
131,550000	0,121818
131,560000	0,121181
131,570000	0,122455
131,580000	0,119906
131,590000	0,117994
131,600000	0,123093
131,610000	0,126280
131,620000	0,125005
131,630000	0,117994
131,640000	0,122455
131,650000	0,121818
131,660000	0,121181
131,670000	0,123730
131,680000	0,124367
131,690000	0,123730
131,700000	0,120543
131,710000	0,123730
131,720000	0,121181
131,730000	0,123730
131,740000	0,122455
131,750000	0,119906
131,760000	0,119906
131,770000	0,119269
131,780000	0,120543
131,790000	0,120543
131,800000	0,117356
131,810000	0,119906
131,820000	0,118631
131,830000	0,123730
131,840000	0,121181
131,850000	0,126917
131,860000	0,121818
131,870000	0,117356
131,880000	0,119269
131,890000	0,119906
131,900000	0,122455
131,910000	0,117356
131,920000	0,119269
131,930000	0,115444
131,940000	0,118631
131,950000	0,119269
131,960000	0,123730
131,970000	0,117356
131,980000	0,120543
131,990000	0,123093
132,000000	0,121181
132,010000	0,112895
132,020000	0,124367
132,030000	0,111620
132,040000	0,119906
132,050000	0,111620
132,060000	0,124367
132,070000	0,118631
132,080000	0,130104
132,090000	0,123730
132,100000	0,125005
132,110000	0,122455
132,120000	0,123730
132,130000	0,126280
132,140000	0,125005
132,150000	0,123730
132,160000	0,117994
132,170000	0,119906
132,180000	0,104609
132,190000	0,121181
132,200000	0,116719
132,210000	0,121818
132,220000	0,111620
132,230000	0,114170
132,240000	0,116082
132,250000	0,124367
132,260000	0,109708
132,270000	0,123093
132,280000	0,113532
132,290000	0,124367
132,300000	0,115444
132,310000	0,122455
132,320000	0,123730
132,330000	0,124367
132,340000	0,122455
132,350000	0,128192
132,360000	0,123093
132,370000	0,121181
132,380000	0,122455
132,390000	0,121181
132,400000	0,121181
132,410000	0,120543
132,420000	0,125005
132,430000	0,119906
132,440000	0,121181
132,450000	0,120543
132,460000	0,121181
132,470000	0,122455
132,480000	0,122455
132,490000	0,123093
132,500000	0,121181
132,510000	0,119906
132,520000	0,122455
132,530000	0,120543
132,540000	0,121181
132,550000	0,116082
132,560000	0,117356
132,570000	0,119269
132,580000	0,116082
132,590000	0,121181
132,600000	0,116719
132,610000	0,120543
132,620000	0,122455
132,630000	0,125642
132,640000	0,121818
132,650000	0,121818
132,660000	0,121181
132,670000	0,128192
132,680000	0,121818
132,690000	0,122455
132,700000	0,119906
132,710000	0,119906
132,720000	0,116082
132,730000	0,122455
132,740000	0,117356
132,750000	0,120543
132,760000	0,121181
132,770000	0,114807
132,780000	0,122455
132,790000	0,119269
132,800000	0,119906
132,810000	0,119906
132,820000	0,118631
132,830000	0,118631
132,840000	0,121818
132,850000	0,123093
132,860000	0,122455
132,870000	0,118631
132,880000	0,121818
132,890000	0,119906
132,900000	0,117356
132,910000	0,116082
132,920000	0,117356
132,930000	0,123730
132,940000	0,119906
132,950000	0,125005
132,960000	0,113532
132,970000	0,120543
132,980000	0,113532
132,990000	0,121818
133,000000	0,119906
133,010000	0,118631
133,020000	0,119269
133,030000	0,119906
133,040000	0,116082
133,050000	0,118631
133,060000	0,117994
133,070000	0,121818
133,080000	0,115444
133,090000	0,121818
133,100000	0,121818
133,110000	0,118631
133,120000	0,118631
133,130000	0,117356
133,140000	0,122455
133,150000	0,121818
133,160000	0,117356
133,170000	0,119906
133,180000	0,116719
133,190000	0,116082
133,200000	0,116719
133,210000	0,118631
133,220000	0,123093
133,230000	0,117356
133,240000	0,122455
133,250000	0,119906
133,260000	0,119906
133,270000	0,122455
133,280000	0,116719
133,290000	0,123730
133,300000	0,117356
133,310000	0,119269
133,320000	0,122455
133,330000	0,117356
133,340000	0,123093
133,350000	0,118631
133,360000	0,123730
133,370000	0,119269
133,380000	0,126280
133,390000	0,118631
133,400000	0,121818
133,410000	0,121818
133,420000	0,117356
133,430000	0,122455
133,440000	0,117356
133,450000	0,117994
133,460000	0,120543
133,470000	0,119269
133,480000	0,121818
133,490000	0,119269
133,500000	0,121181
133,510000	0,121181
133,520000	0,127554
133,530000	0,121181
133,540000	0,121181
133,550000	0,122455
133,560000	0,120543
133,570000	0,126280
133,580000	0,121181
133,590000	0,119906
133,600000	0,122455
133,610000	0,119906
133,620000	0,123730
133,630000	0,122455
133,640000	0,123730
133,650000	0,119906
133,660000	0,123093
133,670000	0,119269
133,680000	0,118631
133,690000	0,117994
133,700000	0,119906
133,710000	0,119906
133,720000	0,119906
133,730000	0,117994
133,740000	0,123730
133,750000	0,120543
133,760000	0,123093
133,770000	0,114807
133,780000	0,123093
133,790000	0,117994
133,800000	0,122455
133,810000	0,123093
133,820000	0,119269
133,830000	0,120543
133,840000	0,116719
133,850000	0,120543
133,860000	0,117994
133,870000	0,121818
133,880000	0,119906
133,890000	0,121818
133,900000	0,119906
133,910000	0,121181
133,920000	0,122455
133,930000	0,124367
133,940000	0,121181
133,950000	0,121818
133,960000	0,117356
133,970000	0,121181
133,980000	0,117356
133,990000	0,122455
134,000000	0,119269
134,010000	0,123093
134,020000	0,119906
134,030000	0,122455
134,040000	0,119269
134,050000	0,121818
134,060000	0,119269
134,070000	0,119269
134,080000	0,121818
134,090000	0,124367
134,100000	0,125005
134,110000	0,119906
134,120000	0,121181
134,130000	0,118631
134,140000	0,121181
134,150000	0,129466
134,160000	0,120543
134,170000	0,123730
134,180000	0,115444
134,190000	0,121181
134,200000	0,117994
134,210000	0,123730
134,220000	0,123093
134,230000	0,122455
134,240000	0,121181
134,250000	0,119269
134,260000	0,120543
134,270000	0,125005
134,280000	0,123730
134,290000	0,117356
134,300000	0,123730
134,310000	0,123093
134,320000	0,121818
134,330000	0,123730
134,340000	0,119906
134,350000	0,123093
134,360000	0,121818
134,370000	0,123730
134,380000	0,119906
134,390000	0,122455
134,400000	0,119269
134,410000	0,121181
134,420000	0,123730
134,430000	0,120543
134,440000	0,121818
134,450000	0,124367
134,460000	0,122455
134,470000	0,124367
134,480000	0,122455
134,490000	0,121181
134,500000	0,119906
134,510000	0,121818
134,520000	0,121181
134,530000	0,123093
134,540000	0,116719
134,550000	0,118631
134,560000	0,121818
134,570000	0,121181
134,580000	0,121181
134,590000	0,117994
134,600000	0,118631
134,610000	0,119269
134,620000	0,122455
134,630000	0,118631
134,640000	0,120543
134,650000	0,121818
134,660000	0,125005
134,670000	0,112895
134,680000	0,125005
134,690000	0,115444
134,700000	0,124367
134,710000	0,116082
134,720000	0,123730
134,730000	0,119906
134,740000	0,123093
134,750000	0,117356
134,760000	0,125005
134,770000	0,116719
134,780000	0,122455
134,790000	0,117356
134,800000	0,121818
134,810000	0,116082
134,820000	0,124367
134,830000	0,122455
134,840000	0,119269
134,850000	0,120543
134,860000	0,116082
134,870000	0,122455
134,880000	0,117994
134,890000	0,120543
134,900000	0,122455
134,910000	0,118631
134,920000	0,118631
134,930000	0,117356
134,940000	0,117356
134,950000	0,119906
134,960000	0,119269
134,970000	0,116082
134,980000	0,122455
134,990000	0,114170
135,000000	0,121181
135,010000	0,119906
135,020000	0,122455
135,030000	0,119906
135,040000	0,122455
135,050000	0,117356
135,060000	0,125005
135,070000	0,117356
135,080000	0,121818
135,090000	0,118631
135,100000	0,118631
135,110000	0,114170
135,120000	0,121181
135,130000	0,116719
135,140000	0,116719
135,150000	0,117356
135,160000	0,124367
135,170000	0,116082
135,180000	0,121818
135,190000	0,114170
135,200000	0,119906
135,210000	0,122455
135,220000	0,114807
135,230000	0,117994
135,240000	0,117356
135,250000	0,122455
135,260000	0,114807
135,270000	0,121181
135,280000	0,117994
135,290000	0,122455
135,300000	0,121181
135,310000	0,116719
135,320000	0,121818
135,330000	0,119906
135,340000	0,120543
135,350000	0,116719
135,360000	0,122455
135,370000	0,117994
135,380000	0,122455
135,390000	0,121818
135,400000	0,123730
135,410000	0,119269
135,420000	0,120543
135,430000	0,117994
135,440000	0,121181
135,450000	0,119269
135,460000	0,119906
135,470000	0,122455
135,480000	0,116719
135,490000	0,121181
135,500000	0,117356
135,510000	0,114170
135,520000	0,120543
135,530000	0,119269
135,540000	0,117356
135,550000	0,123730
135,560000	0,116082
135,570000	0,122455
135,580000	0,122455
135,590000	0,121181
135,600000	0,122455
135,610000	0,123730
135,620000	0,123730
135,630000	0,122455
135,640000	0,119906
135,650000	0,118631
135,660000	0,119269
135,670000	0,119906
135,680000	0,119906
135,690000	0,117356
135,700000	0,122455
135,710000	0,119906
135,720000	0,123730
135,730000	0,122455
135,740000	0,119906
135,750000	0,121818
135,760000	0,116719
135,770000	0,125642
135,780000	0,121818
135,790000	0,121818
135,800000	0,120543
135,810000	0,121181
135,820000	0,121181
135,830000	0,116719
135,840000	0,119906
135,850000	0,118631
135,860000	0,119269
135,870000	0,120543
135,880000	0,115444
135,890000	0,121181
135,900000	0,119906
135,910000	0,117994
135,920000	0,122455
135,930000	0,119906
135,940000	0,118631
135,950000	0,118631
135,960000	0,119269
135,970000	0,125005
135,980000	0,118631
135,990000	0,124367
136,000000	0,123093
136,010000	0,119269
136,020000	0,120543
136,030000	0,121818
136,040000	0,125642
136,050000	0,119269
136,060000	0,122455
136,070000	0,121818
136,080000	0,124367
136,090000	0,119269
136,100000	0,123093
136,110000	0,121181
136,120000	0,122455
136,130000	0,121181
136,140000	0,117356
136,150000	0,121818
136,160000	0,121181
136,170000	0,128829
136,180000	0,121818
136,190000	0,121181
136,200000	0,117994
136,210000	0,117994
136,220000	0,122455
136,230000	0,119906
136,240000	0,117356
136,250000	0,122455
136,260000	0,119906
136,270000	0,126917
136,280000	0,121181
136,290000	0,122455
136,300000	0,124367
136,310000	0,123730
136,320000	0,122455
136,330000	0,125005
136,340000	0,118631
136,350000	0,121818
136,360000	0,116719
136,370000	0,121181
136,380000	0,118631
136,390000	0,123093
136,400000	0,120543
136,410000	0,119269
136,420000	0,117356
136,430000	0,121181
136,440000	0,123093
136,450000	0,125005
136,460000	0,124367
136,470000	0,123093
136,480000	0,123730
136,490000	0,120543
136,500000	0,116719
136,510000	0,124367
136,520000	0,121181
136,530000	0,121818
136,540000	0,116719
136,550000	0,120543
136,560000	0,119269
136,570000	0,123730
136,580000	0,121181
136,590000	0,116719
136,600000	0,117356
136,610000	0,118631
136,620000	0,121818
136,630000	0,119906
136,640000	0,119269
136,650000	0,121818
136,660000	0,120543
136,670000	0,119269
136,680000	0,120543
136,690000	0,120543
136,700000	0,119269
136,710000	0,119906
136,720000	0,117356
136,730000	0,124367
136,740000	0,121818
136,750000	0,121818
136,760000	0,122455
136,770000	0,121181
136,780000	0,119906
136,790000	0,117994
136,800000	0,121818
136,810000	0,121181
136,820000	0,118631
136,830000	0,121181
136,840000	0,119269
136,850000	0,122455
136,860000	0,117994
136,870000	0,116719
136,880000	0,118631
136,890000	0,123093
136,900000	0,117356
136,910000	0,120543
136,920000	0,115444
136,930000	0,120543
136,940000	0,121818
136,950000	0,119269
136,960000	0,119906
136,970000	0,118631
136,980000	0,116719
136,990000	0,118631
137,000000	0,117994
137,010000	0,116082
137,020000	0,119906
137,030000	0,117356
137,040000	0,117356
137,050000	0,116719
137,060000	0,121181
137,070000	0,119269
137,080000	0,119906
137,090000	0,121181
137,100000	0,119906
137,110000	0,119906
137,120000	0,119269
137,130000	0,116719
137,140000	0,117356
137,150000	0,118631
137,160000	0,116082
137,170000	0,117356
137,180000	0,117356
137,190000	0,120543
137,200000	0,116719
137,210000	0,121181
137,220000	0,116082
137,230000	0,122455
137,240000	0,117356
137,250000	0,123093
137,260000	0,116719
137,270000	0,117356
137,280000	0,113532
137,290000	0,120543
137,300000	0,118631
137,310000	0,123093
137,320000	0,119906
137,330000	0,119269
137,340000	0,119269
137,350000	0,122455
137,360000	0,117356
137,370000	0,121181
137,380000	0,116719
137,390000	0,119906
137,400000	0,119906
137,410000	0,123730
137,420000	0,116082
137,430000	0,118631
137,440000	0,118631
137,450000	0,120543
137,460000	0,117356
137,470000	0,120543
137,480000	0,121181
137,490000	0,119906
137,500000	0,116082
137,510000	0,121181
137,520000	0,116082
137,530000	0,119906
137,540000	0,121181
137,550000	0,119269
137,560000	0,119269
137,570000	0,124367
137,580000	0,120543
137,590000	0,121181
137,600000	0,117356
137,610000	0,125005
137,620000	0,122455
137,630000	0,119269
137,640000	0,117356
137,650000	0,123730
137,660000	0,117356
137,670000	0,122455
137,680000	0,117994
137,690000	0,119269
137,700000	0,117356
137,710000	0,120543
137,720000	0,118631
137,730000	0,117356
137,740000	0,119269
137,750000	0,122455
137,760000	0,120543
137,770000	0,124367
137,780000	0,118631
137,790000	0,122455
137,800000	0,119906
137,810000	0,121818
137,820000	0,117994
137,830000	0,119906
137,840000	0,121181
137,850000	0,122455
137,860000	0,122455
137,870000	0,119269
137,880000	0,122455
137,890000	0,121818
137,900000	0,122455
137,910000	0,118631
137,920000	0,118631
137,930000	0,116082
137,940000	0,121818
137,950000	0,119269
137,960000	0,119269
137,970000	0,121181
137,980000	0,121181
137,990000	0,119906
138,000000	0,122455
138,010000	0,125005
138,020000	0,120543
138,030000	0,123730
138,040000	0,120543
138,050000	0,124367
138,060000	0,119906
138,070000	0,123093
138,080000	0,120543
138,090000	0,125642
138,100000	0,119906
138,110000	0,123093
138,120000	0,121818
138,130000	0,119906
138,140000	0,122455
138,150000	0,119269
138,160000	0,122455
138,170000	0,122455
138,180000	0,119906
138,190000	0,123093
138,200000	0,119269
138,210000	0,122455
138,220000	0,125642
138,230000	0,119906
138,240000	0,119906
138,250000	0,119269
138,260000	0,123093
138,270000	0,121181
138,280000	0,121818
138,290000	0,123093
138,300000	0,122455
138,310000	0,124367
138,320000	0,124367
138,330000	0,121818
138,340000	0,125005
138,350000	0,121181
138,360000	0,126917
138,370000	0,123730
138,380000	0,126280
138,390000	0,117356
138,400000	0,125005
138,410000	0,123093
138,420000	0,126280
138,430000	0,119906
138,440000	0,120543
138,450000	0,117356
138,460000	0,125005
138,470000	0,119906
138,480000	0,125642
138,490000	0,118631
138,500000	0,123093
138,510000	0,121181
138,520000	0,123730
138,530000	0,119906
138,540000	0,120543
138,550000	0,119269
138,560000	0,123093
138,570000	0,123093
138,580000	0,119906
138,590000	0,119269
138,600000	0,121818
138,610000	0,117356
138,620000	0,119906
138,630000	0,117356
138,640000	0,121181
138,650000	0,118631
138,660000	0,121818
138,670000	0,117994
138,680000	0,121181
138,690000	0,123093
138,700000	0,122455
138,710000	0,119269
138,720000	0,119906
138,730000	0,119269
138,740000	0,121181
138,750000	0,123093
138,760000	0,119269
138,770000	0,123093
138,780000	0,119906
138,790000	0,121181
138,800000	0,117356
138,810000	0,120543
138,820000	0,120543
138,830000	0,120543
138,840000	0,118631
138,850000	0,119269
138,860000	0,120543
138,870000	0,122455
138,880000	0,118631
138,890000	0,117356
138,900000	0,117356
138,910000	0,119269
138,920000	0,118631
138,930000	0,119906
138,940000	0,117356
138,950000	0,121818
138,960000	0,119906
138,970000	0,121181
138,980000	0,121818
138,990000	0,118631
139,000000	0,121818
139,010000	0,119906
139,020000	0,122455
139,030000	0,117356
139,040000	0,121181
139,050000	0,120543
139,060000	0,116719
139,070000	0,117994
139,080000	0,120543
139,090000	0,121181
139,100000	0,119906
139,110000	0,117994
139,120000	0,123093
139,130000	0,115444
139,140000	0,123730
139,150000	0,118631
139,160000	0,124367
139,170000	0,119906
139,180000	0,122455
139,190000	0,119906
139,200000	0,122455
139,210000	0,118631
139,220000	0,114170
139,230000	0,119269
139,240000	0,119269
139,250000	0,117356
139,260000	0,122455
139,270000	0,116719
139,280000	0,119269
139,290000	0,120543
139,300000	0,121818
139,310000	0,121818
139,320000	0,117994
139,330000	0,119906
139,340000	0,121181
139,350000	0,117356
139,360000	0,117356
139,370000	0,119269
139,380000	0,115444
139,390000	0,119269
139,400000	0,114807
139,410000	0,117994
139,420000	0,118631
139,430000	0,121818
139,440000	0,117356
139,450000	0,119906
139,460000	0,115444
139,470000	0,119906
139,480000	0,118631
139,490000	0,121818
139,500000	0,117994
139,510000	0,116082
139,520000	0,117994
139,530000	0,120543
139,540000	0,117994
139,550000	0,122455
139,560000	0,116082
139,570000	0,120543
139,580000	0,121181
139,590000	0,119906
139,600000	0,119269
139,610000	0,117994
139,620000	0,119906
139,630000	0,117356
139,640000	0,118631
139,650000	0,118631
139,660000	0,117356
139,670000	0,123093
139,680000	0,123093
139,690000	0,119906
139,700000	0,120543
139,710000	0,121818
139,720000	0,120543
139,730000	0,119269
139,740000	0,119906
139,750000	0,119269
139,760000	0,119906
139,770000	0,117994
139,780000	0,117356
139,790000	0,121181
139,800000	0,121181
139,810000	0,121181
139,820000	0,119906
139,830000	0,118631
139,840000	0,121181
139,850000	0,121181
139,860000	0,116719
139,870000	0,122455
139,880000	0,120543
139,890000	0,117994
139,900000	0,117994
139,910000	0,119269
139,920000	0,122455
139,930000	0,119906
139,940000	0,121181
139,950000	0,124367
139,960000	0,121818
139,970000	0,119906
139,980000	0,117356
139,990000	0,123093
140,000000	0,121181
140,010000	0,125005
140,020000	0,120543
140,030000	0,124367
140,040000	0,119906
140,050000	0,121818
140,060000	0,121818
140,070000	0,120543
140,080000	0,121818
140,090000	0,125005
140,100000	0,122455
140,110000	0,123093
140,120000	0,122455
140,130000	0,125005
140,140000	0,122455
140,150000	0,123730
140,160000	0,122455
140,170000	0,121181
140,180000	0,119906
140,190000	0,121818
140,200000	0,121818
140,210000	0,122455
140,220000	0,121181
140,230000	0,123730
140,240000	0,123730
140,250000	0,122455
140,260000	0,122455
140,270000	0,123093
140,280000	0,123093
140,290000	0,119906
140,300000	0,123093
140,310000	0,118631
140,320000	0,123730
140,330000	0,120543
140,340000	0,123093
140,350000	0,122455
140,360000	0,121818
140,370000	0,119269
140,380000	0,121818
140,390000	0,121181
140,400000	0,121181
140,410000	0,117994
140,420000	0,122455
140,430000	0,123730
140,440000	0,122455
140,450000	0,119269
140,460000	0,122455
140,470000	0,122455
140,480000	0,121818
140,490000	0,121818
140,500000	0,123093
140,510000	0,118631
140,520000	0,121818
140,530000	0,121181
140,540000	0,122455
140,550000	0,121181
140,560000	0,125642
140,570000	0,123093
140,580000	0,121181
140,590000	0,121818
140,600000	0,118631
140,610000	0,124367
140,620000	0,121181
140,630000	0,123093
140,640000	0,119269
140,650000	0,123093
140,660000	0,116719
140,670000	0,123093
140,680000	0,118631
140,690000	0,121818
140,700000	0,115444
140,710000	0,122455
140,720000	0,116719
140,730000	0,119906
140,740000	0,120543
140,750000	0,119906
140,760000	0,118631
140,770000	0,121818
140,780000	0,119906
140,790000	0,121181
140,800000	0,117994
140,810000	0,118631
140,820000	0,116719
140,830000	0,121818
140,840000	0,116082
140,850000	0,121181
140,860000	0,117356
140,870000	0,121181
140,880000	0,119906
140,890000	0,121818
140,900000	0,118631
140,910000	0,116719
140,920000	0,119906
140,930000	0,120543
140,940000	0,119906
140,950000	0,120543
140,960000	0,122455
140,970000	0,119906
140,980000	0,121181
140,990000	0,122455
141,000000	0,117994
141,010000	0,120543
141,020000	0,119906
141,030000	0,119906
141,040000	0,119906
141,050000	0,119906
141,060000	0,117994
141,070000	0,119906
141,080000	0,116719
141,090000	0,117994
141,100000	0,118631
141,110000	0,119906
141,120000	0,119906
141,130000	0,119269
141,140000	0,116719
141,150000	0,119906
141,160000	0,118631
141,170000	0,121181
141,180000	0,119906
141,190000	0,119269
141,200000	0,117994
141,210000	0,119906
141,220000	0,117356
141,230000	0,119906
141,240000	0,119269
141,250000	0,119269
141,260000	0,119906
141,270000	0,119269
141,280000	0,117356
141,290000	0,121181
141,300000	0,122455
141,310000	0,117994
141,320000	0,121181
141,330000	0,116719
141,340000	0,120543
141,350000	0,117994
141,360000	0,119906
141,370000	0,117356
141,380000	0,117356
141,390000	0,117994
141,400000	0,119906
141,410000	0,115444
141,420000	0,114807
141,430000	0,119906
141,440000	0,118631
141,450000	0,119269
141,460000	0,117356
141,470000	0,117994
141,480000	0,117356
141,490000	0,119269
141,500000	0,114807
141,510000	0,117356
141,520000	0,116719
141,530000	0,118631
141,540000	0,119906
141,550000	0,119269
141,560000	0,117994
141,570000	0,119906
141,580000	0,115444
141,590000	0,122455
141,600000	0,115444
141,610000	0,122455
141,620000	0,120543
141,630000	0,119906
141,640000	0,118631
141,650000	0,118631
141,660000	0,121181
141,670000	0,120543
141,680000	0,121818
141,690000	0,119906
141,700000	0,122455
141,710000	0,117356
141,720000	0,123093
141,730000	0,117356
141,740000	0,118631
141,750000	0,117994
141,760000	0,116719
141,770000	0,119906
141,780000	0,120543
141,790000	0,117994
141,800000	0,120543
141,810000	0,118631
141,820000	0,118631
141,830000	0,117994
141,840000	0,120543
141,850000	0,118631
141,860000	0,117356
141,870000	0,120543
141,880000	0,119906
141,890000	0,118631
141,900000	0,117994
141,910000	0,120543
141,920000	0,120543
141,930000	0,119906
141,940000	0,116082
141,950000	0,117994
141,960000	0,116719
141,970000	0,121818
141,980000	0,117994
141,990000	0,120543
142,000000	0,119269
142,010000	0,120543
142,020000	0,118631
142,030000	0,121181
142,040000	0,114807
142,050000	0,121818
142,060000	0,117356
142,070000	0,125642
142,080000	0,119269
142,090000	0,119906
142,100000	0,119906
142,110000	0,119906
142,120000	0,119906
142,130000	0,126280
142,140000	0,118631
142,150000	0,122455
142,160000	0,123093
142,170000	0,124367
142,180000	0,121818
142,190000	0,123093
142,200000	0,119906
142,210000	0,120543
142,220000	0,117356
142,230000	0,117994
142,240000	0,120543
142,250000	0,119269
142,260000	0,120543
142,270000	0,118631
142,280000	0,119906
142,290000	0,117994
142,300000	0,122455
142,310000	0,119906
142,320000	0,125005
142,330000	0,117994
142,340000	0,121181
142,350000	0,119906
142,360000	0,120543
142,370000	0,119906
142,380000	0,119906
142,390000	0,116719
142,400000	0,122455
142,410000	0,123093
142,420000	0,119906
142,430000	0,121181
142,440000	0,122455
142,450000	0,119906
142,460000	0,122455
142,470000	0,120543
142,480000	0,120543
142,490000	0,119906
142,500000	0,121181
142,510000	0,123093
142,520000	0,119269
142,530000	0,118631
142,540000	0,119906
142,550000	0,119269
142,560000	0,118631
142,570000	0,119269
142,580000	0,118631
142,590000	0,119906
142,600000	0,119906
142,610000	0,121181
142,620000	0,119906
142,630000	0,117994
142,640000	0,119269
142,650000	0,119269
142,660000	0,119269
142,670000	0,119906
142,680000	0,118631
142,690000	0,123093
142,700000	0,119269
142,710000	0,117356
142,720000	0,118631
142,730000	0,122455
142,740000	0,117356
142,750000	0,121181
142,760000	0,117994
142,770000	0,121181
142,780000	0,121181
142,790000	0,119906
142,800000	0,121181
142,810000	0,120543
142,820000	0,117356
142,830000	0,121181
142,840000	0,117994
142,850000	0,122455
142,860000	0,122455
142,870000	0,119906
142,880000	0,121181
142,890000	0,118631
142,900000	0,117994
142,910000	0,122455
142,920000	0,118631
142,930000	0,125642
142,940000	0,117994
142,950000	0,121818
142,960000	0,121181
142,970000	0,123093
142,980000	0,119906
142,990000	0,120543
143,000000	0,117356
143,010000	0,121818
143,020000	0,119269
143,030000	0,123093
143,040000	0,116719
143,050000	0,114170
143,060000	0,119269
143,070000	0,116719
143,080000	0,120543
143,090000	0,119906
143,100000	0,116719
143,110000	0,117994
143,120000	0,119269
143,130000	0,121181
143,140000	0,121181
143,150000	0,117356
143,160000	0,117994
143,170000	0,117356
143,180000	0,117356
143,190000	0,117994
143,200000	0,118631
143,210000	0,118631
143,220000	0,119906
143,230000	0,122455
143,240000	0,116719
143,250000	0,122455
143,260000	0,117356
143,270000	0,120543
143,280000	0,117994
143,290000	0,118631
143,300000	0,118631
143,310000	0,120543
143,320000	0,117356
143,330000	0,120543
143,340000	0,118631
143,350000	0,117356
143,360000	0,116082
143,370000	0,121818
143,380000	0,117356
143,390000	0,117994
143,400000	0,114807
143,410000	0,121181
143,420000	0,117356
143,430000	0,121181
143,440000	0,115444
143,450000	0,122455
143,460000	0,119269
143,470000	0,119269
143,480000	0,117356
143,490000	0,117356
143,500000	0,114807
143,510000	0,119906
143,520000	0,116719
143,530000	0,119906
143,540000	0,117356
143,550000	0,119906
143,560000	0,117356
143,570000	0,119906
143,580000	0,117356
143,590000	0,121818
143,600000	0,117994
143,610000	0,117994
143,620000	0,116082
143,630000	0,119906
143,640000	0,118631
143,650000	0,119269
143,660000	0,117356
143,670000	0,117994
143,680000	0,121818
143,690000	0,117994
143,700000	0,118631
143,710000	0,121818
143,720000	0,117994
143,730000	0,119269
143,740000	0,121818
143,750000	0,115444
143,760000	0,119906
143,770000	0,119269
143,780000	0,120543
143,790000	0,119269
143,800000	0,120543
143,810000	0,117994
143,820000	0,118631
143,830000	0,119906
143,840000	0,119906
143,850000	0,119906
143,860000	0,119269
143,870000	0,121181
143,880000	0,119269
143,890000	0,119906
143,900000	0,117994
143,910000	0,121818
143,920000	0,122455
143,930000	0,122455
143,940000	0,119906
143,950000	0,119906
143,960000	0,121818
143,970000	0,120543
143,980000	0,119906
143,990000	0,121181
144,000000	0,116719
144,010000	0,122455
144,020000	0,117994
144,030000	0,122455
144,040000	0,119906
144,050000	0,119906
144,060000	0,117356
144,070000	0,121818
144,080000	0,120543
144,090000	0,123093
144,100000	0,117356
144,110000	0,122455
144,120000	0,119269
144,130000	0,121818
144,140000	0,117356
144,150000	0,119906
144,160000	0,117356
144,170000	0,123730
144,180000	0,116082
144,190000	0,122455
144,200000	0,118631
144,210000	0,123093
144,220000	0,117994
144,230000	0,121818
144,240000	0,119269
144,250000	0,121818
144,260000	0,121181
144,270000	0,124367
144,280000	0,119269
144,290000	0,120543
144,300000	0,118631
144,310000	0,123093
144,320000	0,119269
144,330000	0,119269
144,340000	0,120543
144,350000	0,120543
144,360000	0,121181
144,370000	0,119269
144,380000	0,119269
144,390000	0,123730
144,400000	0,120543
144,410000	0,121818
144,420000	0,123730
144,430000	0,121181
144,440000	0,121181
144,450000	0,121818
144,460000	0,123093
144,470000	0,121181
144,480000	0,117994
144,490000	0,119906
144,500000	0,121181
144,510000	0,120543
144,520000	0,124367
144,530000	0,119906
144,540000	0,121818
144,550000	0,121181
144,560000	0,121181
144,570000	0,119269
144,580000	0,119906
144,590000	0,122455
144,600000	0,119269
144,610000	0,119906
144,620000	0,119269
144,630000	0,122455
144,640000	0,120543
144,650000	0,117994
144,660000	0,118631
144,670000	0,119906
144,680000	0,117994
144,690000	0,121181
144,700000	0,118631
144,710000	0,119906
144,720000	0,116719
144,730000	0,119906
144,740000	0,119269
144,750000	0,119906
144,760000	0,119906
144,770000	0,119269
144,780000	0,119906
144,790000	0,117994
144,800000	0,118631
144,810000	0,118631
144,820000	0,121181
144,830000	0,119269
144,840000	0,120543
144,850000	0,119906
144,860000	0,119906
144,870000	0,121818
144,880000	0,119906
144,890000	0,121181
144,900000	0,117994
144,910000	0,122455
144,920000	0,119269
144,930000	0,120543
144,940000	0,119906
144,950000	0,119906
144,960000	0,117994
144,970000	0,119269
144,980000	0,118631
144,990000	0,120543
145,000000	0,116082
145,010000	0,120543
145,020000	0,119269
145,030000	0,119906
145,040000	0,117994
145,050000	0,117994
145,060000	0,117994
145,070000	0,119906
145,080000	0,118631
145,090000	0,119906
145,100000	0,120543
145,110000	0,117994
145,120000	0,118631
145,130000	0,119906
145,140000	0,118631
145,150000	0,119906
145,160000	0,118631
145,170000	0,119269
145,180000	0,116082
145,190000	0,117994
145,200000	0,117994
145,210000	0,117994
145,220000	0,116719
145,230000	0,119269
145,240000	0,116719
145,250000	0,119269
145,260000	0,121181
145,270000	0,117356
145,280000	0,114807
145,290000	0,118631
145,300000	0,115444
145,310000	0,118631
145,320000	0,119906
145,330000	0,117994
145,340000	0,116082
145,350000	0,119906
145,360000	0,118631
145,370000	0,119906
145,380000	0,117356
145,390000	0,118631
145,400000	0,118631
145,410000	0,118631
145,420000	0,119906
145,430000	0,121181
145,440000	0,119269
145,450000	0,119906
145,460000	0,116082
145,470000	0,118631
145,480000	0,117356
145,490000	0,119906
145,500000	0,120543
145,510000	0,119906
145,520000	0,116719
145,530000	0,119269
145,540000	0,122455
145,550000	0,118631
145,560000	0,119906
145,570000	0,119906
145,580000	0,116719
145,590000	0,117356
145,600000	0,117356
145,610000	0,121181
145,620000	0,122455
145,630000	0,118631
145,640000	0,121818
145,650000	0,122455
145,660000	0,121181
145,670000	0,116082
145,680000	0,116082
145,690000	0,116719
145,700000	0,118631
145,710000	0,118631
145,720000	0,117356
145,730000	0,120543
145,740000	0,118631
145,750000	0,112895
145,760000	0,119906
145,770000	0,117356
145,780000	0,119269
145,790000	0,117994
145,800000	0,117356
145,810000	0,115444
145,820000	0,119269
145,830000	0,112258
145,840000	0,120543
145,850000	0,116082
145,860000	0,121181
145,870000	0,111620
145,880000	0,118631
145,890000	0,115444
145,900000	0,117356
145,910000	0,117356
145,920000	0,121181
145,930000	0,114807
145,940000	0,119906
145,950000	0,117994
145,960000	0,122455
145,970000	0,117356
145,980000	0,121181
145,990000	0,119906
146,000000	0,121181
146,010000	0,117356
146,020000	0,120543
146,030000	0,119269
146,040000	0,120543
146,050000	0,119269
146,060000	0,122455
146,070000	0,120543
146,080000	0,121181
146,090000	0,119269
146,100000	0,121181
146,110000	0,119269
146,120000	0,121181
146,130000	0,119906
146,140000	0,117356
146,150000	0,119906
146,160000	0,119906
146,170000	0,118631
146,180000	0,118631
146,190000	0,121181
146,200000	0,117356
146,210000	0,119906
146,220000	0,117994
146,230000	0,119906
146,240000	0,118631
146,250000	0,119269
146,260000	0,120543
146,270000	0,123093
146,280000	0,119906
146,290000	0,120543
146,300000	0,119269
146,310000	0,119269
146,320000	0,123093
146,330000	0,122455
146,340000	0,121181
146,350000	0,119269
146,360000	0,120543
146,370000	0,119906
146,380000	0,119906
146,390000	0,120543
146,400000	0,122455
146,410000	0,120543
146,420000	0,122455
146,430000	0,119269
146,440000	0,121181
146,450000	0,120543
146,460000	0,123093
146,470000	0,121818
146,480000	0,123730
146,490000	0,119269
146,500000	0,121181
146,510000	0,123093
146,520000	0,119269
146,530000	0,119269
146,540000	0,122455
146,550000	0,120543
146,560000	0,121181
146,570000	0,121181
146,580000	0,120543
146,590000	0,121181
146,600000	0,118631
146,610000	0,119906
146,620000	0,120543
146,630000	0,118631
146,640000	0,119906
146,650000	0,123093
146,660000	0,121181
146,670000	0,120543
146,680000	0,121818
146,690000	0,122455
146,700000	0,119269
146,710000	0,117356
146,720000	0,119906
146,730000	0,121818
146,740000	0,123093
146,750000	0,119269
146,760000	0,117356
146,770000	0,119906
146,780000	0,118631
146,790000	0,120543
146,800000	0,120543
146,810000	0,117356
146,820000	0,119269
146,830000	0,123093
146,840000	0,116719
146,850000	0,117994
146,860000	0,118631
146,870000	0,116719
146,880000	0,118631
146,890000	0,118631
146,900000	0,119269
146,910000	0,119906
146,920000	0,116719
146,930000	0,120543
146,940000	0,118631
146,950000	0,116082
146,960000	0,120543
146,970000	0,119906
146,980000	0,118631
146,990000	0,119269
147,000000	0,117356
147,010000	0,119269
147,020000	0,116719
147,030000	0,119269
147,040000	0,124367
147,050000	0,119906
147,060000	0,118631
147,070000	0,121181
147,080000	0,119269
147,090000	0,119906
147,100000	0,119906
147,110000	0,119906
147,120000	0,119906
147,130000	0,119906
147,140000	0,118631
147,150000	0,119906
147,160000	0,118631
147,170000	0,117994
147,180000	0,116719
147,190000	0,118631
147,200000	0,121818
147,210000	0,117994
147,220000	0,123093
147,230000	0,120543
147,240000	0,122455
147,250000	0,119906
147,260000	0,117994
147,270000	0,117356
147,280000	0,117994
147,290000	0,116719
147,300000	0,122455
147,310000	0,116082
147,320000	0,119269
147,330000	0,117994
147,340000	0,119906
147,350000	0,116082
147,360000	0,118631
147,370000	0,117994
147,380000	0,117994
147,390000	0,119906
147,400000	0,114807
147,410000	0,121181
147,420000	0,114807
147,430000	0,119906
147,440000	0,115444
147,450000	0,117994
147,460000	0,117356
147,470000	0,119906
147,480000	0,118631
147,490000	0,121181
147,500000	0,116719
147,510000	0,119906
147,520000	0,119269
147,530000	0,120543
147,540000	0,117994
147,550000	0,119906
147,560000	0,118631
147,570000	0,117994
147,580000	0,119269
147,590000	0,120543
147,600000	0,119269
147,610000	0,120543
147,620000	0,117356
147,630000	0,120543
147,640000	0,118631
147,650000	0,117356
147,660000	0,117356
147,670000	0,116719
147,680000	0,116719
147,690000	0,117994
147,700000	0,120543
147,710000	0,118631
147,720000	0,121181
147,730000	0,117356
147,740000	0,122455
147,750000	0,117356
147,760000	0,121818
147,770000	0,120543
147,780000	0,117994
147,790000	0,117356
147,800000	0,117356
147,810000	0,117356
147,820000	0,116719
147,830000	0,117994
147,840000	0,119269
147,850000	0,117994
147,860000	0,117994
147,870000	0,117356
147,880000	0,119906
147,890000	0,119269
147,900000	0,118631
147,910000	0,120543
147,920000	0,118631
147,930000	0,117356
147,940000	0,119906
147,950000	0,116719
147,960000	0,117356
147,970000	0,120543
147,980000	0,117994
147,990000	0,118631
148,000000	0,114170
148,010000	0,120543
148,020000	0,118631
148,030000	0,119906
148,040000	0,117356
148,050000	0,116719
148,060000	0,120543
148,070000	0,121181
148,080000	0,121818
148,090000	0,120543
148,100000	0,117994
148,110000	0,118631
148,120000	0,117356
148,130000	0,117994
148,140000	0,120543
148,150000	0,121818
148,160000	0,121181
148,170000	0,119269
148,180000	0,121181
148,190000	0,121818
148,200000	0,120543
148,210000	0,121818
148,220000	0,119269
148,230000	0,122455
148,240000	0,118631
148,250000	0,121181
148,260000	0,119269
148,270000	0,123730
148,280000	0,119269
148,290000	0,121818
148,300000	0,121181
148,310000	0,121818
148,320000	0,119269
148,330000	0,120543
148,340000	0,120543
148,350000	0,121181
148,360000	0,119269
148,370000	0,123730
148,380000	0,117994
148,390000	0,122455
148,400000	0,121181
148,410000	0,119906
148,420000	0,114807
148,430000	0,118631
148,440000	0,117994
148,450000	0,119906
148,460000	0,119906
148,470000	0,119269
148,480000	0,119906
148,490000	0,116082
148,500000	0,121818
148,510000	0,121818
148,520000	0,121181
148,530000	0,119906
148,540000	0,120543
148,550000	0,118631
148,560000	0,119269
148,570000	0,117994
148,580000	0,120543
148,590000	0,117356
148,600000	0,121818
148,610000	0,117994
148,620000	0,118631
148,630000	0,119906
148,640000	0,120543
148,650000	0,119906
148,660000	0,119906
148,670000	0,119269
148,680000	0,119269
148,690000	0,117994
148,700000	0,118631
148,710000	0,123093
148,720000	0,119906
148,730000	0,120543
148,740000	0,121181
148,750000	0,119269
148,760000	0,119906
148,770000	0,121818
148,780000	0,119269
148,790000	0,123730
148,800000	0,121181
148,810000	0,121181
148,820000	0,121181
148,830000	0,120543
148,840000	0,119269
148,850000	0,121181
148,860000	0,117356
148,870000	0,121181
148,880000	0,117356
148,890000	0,121181
148,900000	0,119906
148,910000	0,120543
148,920000	0,116082
148,930000	0,120543
148,940000	0,117356
148,950000	0,120543
148,960000	0,121181
148,970000	0,119906
148,980000	0,117356
148,990000	0,119906
149,000000	0,117994
149,010000	0,118631
149,020000	0,119906
149,030000	0,119269
149,040000	0,119269
149,050000	0,121818
149,060000	0,117356
149,070000	0,116082
149,080000	0,117994
149,090000	0,119269
149,100000	0,119269
149,110000	0,119906
149,120000	0,118631
149,130000	0,119269
149,140000	0,119269
149,150000	0,120543
149,160000	0,118631
149,170000	0,119269
149,180000	0,117356
149,190000	0,121181
149,200000	0,118631
149,210000	0,118631
149,220000	0,117994
149,230000	0,118631
149,240000	0,116719
149,250000	0,120543
149,260000	0,117994
149,270000	0,120543
149,280000	0,117356
149,290000	0,123093
149,300000	0,117994
149,310000	0,119906
149,320000	0,119906
149,330000	0,122455
149,340000	0,117356
149,350000	0,121818
149,360000	0,118631
149,370000	0,119269
149,380000	0,119906
149,390000	0,119269
149,400000	0,119906
149,410000	0,122455
149,420000	0,117356
149,430000	0,121181
149,440000	0,116719
149,450000	0,122455
149,460000	0,117356
149,470000	0,117994
149,480000	0,116719
149,490000	0,120543
149,500000	0,121181
149,510000	0,117356
149,520000	0,117994
149,530000	0,119906
149,540000	0,117356
149,550000	0,119906
149,560000	0,117356
149,570000	0,117356
149,580000	0,119906
149,590000	0,117994
149,600000	0,117994
149,610000	0,120543
149,620000	0,119269
149,630000	0,118631
149,640000	0,117994
149,650000	0,119269
149,660000	0,117356
149,670000	0,119269
149,680000	0,114170
149,690000	0,119906
149,700000	0,117356
149,710000	0,117994
149,720000	0,117994
149,730000	0,119269
149,740000	0,119269
149,750000	0,119906
149,760000	0,119906
149,770000	0,119906
149,780000	0,119906
149,790000	0,119269
149,800000	0,119269
149,810000	0,117994
149,820000	0,120543
149,830000	0,119906
149,840000	0,117356
149,850000	0,117994
149,860000	0,122455
149,870000	0,119269
149,880000	0,119269
149,890000	0,117356
149,900000	0,120543
149,910000	0,117994
149,920000	0,117994
149,930000	0,119906
149,940000	0,119906
149,950000	0,117994
149,960000	0,122455
149,970000	0,117994
149,980000	0,125005
149,990000	0,119906
150,000000	0,121818
150,010000	0,121818
150,020000	0,121818
150,030000	0,121181
150,040000	0,119269
150,050000	0,119906
150,060000	0,119906
150,070000	0,119906
150,080000	0,116082
150,090000	0,118631
150,100000	0,119906
150,110000	0,117994
150,120000	0,117356
150,130000	0,122455
150,140000	0,118631
150,150000	0,119269
150,160000	0,119269
150,170000	0,121181
150,180000	0,119269
150,190000	0,117994
150,200000	0,119906
150,210000	0,121181
150,220000	0,117994
150,230000	0,119906
150,240000	0,119906
150,250000	0,119906
150,260000	0,119906
150,270000	0,121818
150,280000	0,119906
150,290000	0,122455
150,300000	0,120543
150,310000	0,120543
150,320000	0,118631
150,330000	0,122455
150,340000	0,123093
150,350000	0,121181
150,360000	0,118631
150,370000	0,121181
150,380000	0,118631
150,390000	0,121818
150,400000	0,121181
150,410000	0,123093
150,420000	0,119269
150,430000	0,121181
150,440000	0,121818
150,450000	0,122455
150,460000	0,118631
150,470000	0,120543
150,480000	0,119906
150,490000	0,122455
150,500000	0,119906
150,510000	0,122455
150,520000	0,120543
150,530000	0,120543
150,540000	0,117994
150,550000	0,122455
150,560000	0,119906
150,570000	0,123093
150,580000	0,120543
150,590000	0,121818
150,600000	0,119906
150,610000	0,121181
150,620000	0,119269
150,630000	0,122455
150,640000	0,119269
150,650000	0,121181
150,660000	0,117356
150,670000	0,122455
150,680000	0,119269
150,690000	0,120543
150,700000	0,121181
150,710000	0,118631
150,720000	0,120543
150,730000	0,121181
150,740000	0,121181
150,750000	0,118631
150,760000	0,117356
150,770000	0,119269
150,780000	0,121181
150,790000	0,121818
150,800000	0,119906
150,810000	0,119269
150,820000	0,120543
150,830000	0,117994
150,840000	0,119906
150,850000	0,119906
150,860000	0,120543
150,870000	0,120543
150,880000	0,121181
150,890000	0,119906
150,900000	0,119269
150,910000	0,121181
150,920000	0,119906
150,930000	0,122455
150,940000	0,119906
150,950000	0,121818
150,960000	0,119269
150,970000	0,119269
150,980000	0,118631
150,990000	0,118631
151,000000	0,119269
151,010000	0,121818
151,020000	0,123093
151,030000	0,119269
151,040000	0,119906
151,050000	0,118631
151,060000	0,117994
151,070000	0,117356
151,080000	0,119269
151,090000	0,120543
151,100000	0,119269
151,110000	0,119906
151,120000	0,120543
151,130000	0,122455
151,140000	0,119906
151,150000	0,118631
151,160000	0,117994
151,170000	0,121181
151,180000	0,117994
151,190000	0,121818
151,200000	0,120543
151,210000	0,120543
151,220000	0,117356
151,230000	0,119906
151,240000	0,118631
151,250000	0,120543
151,260000	0,119906
151,270000	0,119906
151,280000	0,117356
151,290000	0,119269
151,300000	0,121181
151,310000	0,117994
151,320000	0,118631
151,330000	0,119906
151,340000	0,119906
151,350000	0,117994
151,360000	0,117356
151,370000	0,117356
151,380000	0,118631
151,390000	0,119906
151,400000	0,117356
151,410000	0,119269
151,420000	0,118631
151,430000	0,118631
151,440000	0,117356
151,450000	0,116719
151,460000	0,117356
151,470000	0,119269
151,480000	0,117356
151,490000	0,118631
151,500000	0,118631
151,510000	0,117994
151,520000	0,117356
151,530000	0,119269
151,540000	0,117356
151,550000	0,122455
151,560000	0,118631
151,570000	0,120543
151,580000	0,117994
151,590000	0,119906
151,600000	0,119906
151,610000	0,120543
151,620000	0,117356
151,630000	0,118631
151,640000	0,117994
151,650000	0,121181
151,660000	0,119906
151,670000	0,121818
151,680000	0,119906
151,690000	0,118631
151,700000	0,117994
151,710000	0,119269
151,720000	0,114807
151,730000	0,117994
151,740000	0,116082
151,750000	0,118631
151,760000	0,115444
151,770000	0,118631
151,780000	0,116719
151,790000	0,119269
151,800000	0,118631
151,810000	0,119906
151,820000	0,116719
151,830000	0,119906
151,840000	0,117994
151,850000	0,121181
151,860000	0,115444
151,870000	0,120543
151,880000	0,119269
151,890000	0,118631
151,900000	0,117356
151,910000	0,120543
151,920000	0,117994
151,930000	0,118631
151,940000	0,117994
151,950000	0,119906
151,960000	0,116719
151,970000	0,121818
151,980000	0,121181
151,990000	0,117356
152,000000	0,117356
152,010000	0,119269
152,020000	0,119269
152,030000	0,119906
152,040000	0,121181
152,050000	0,118631
152,060000	0,117356
152,070000	0,119906
152,080000	0,121818
152,090000	0,117994
152,100000	0,119906
152,110000	0,118631
152,120000	0,119906
152,130000	0,118631
152,140000	0,119269
152,150000	0,117994
152,160000	0,116719
152,170000	0,121181
152,180000	0,119269
152,190000	0,119906
152,200000	0,121181
152,210000	0,119906
152,220000	0,117356
152,230000	0,119269
152,240000	0,119269
152,250000	0,122455
152,260000	0,119269
152,270000	0,120543
152,280000	0,119269
152,290000	0,122455
152,300000	0,116719
152,310000	0,120543
152,320000	0,116719
152,330000	0,120543
152,340000	0,117994
152,350000	0,123093
152,360000	0,121181
152,370000	0,119906
152,380000	0,117356
152,390000	0,118631
152,400000	0,119269
152,410000	0,121818
152,420000	0,119269
152,430000	0,121181
152,440000	0,120543
152,450000	0,120543
152,460000	0,118631
152,470000	0,119906
152,480000	0,119906
152,490000	0,122455
152,500000	0,117356
152,510000	0,125005
152,520000	0,119906
152,530000	0,123093
152,540000	0,117994
152,550000	0,123093
152,560000	0,118631
152,570000	0,121181
152,580000	0,117994
152,590000	0,123730
152,600000	0,121181
152,610000	0,121818
152,620000	0,118631
152,630000	0,123093
152,640000	0,119906
152,650000	0,121181
152,660000	0,119906
152,670000	0,119906
152,680000	0,118631
152,690000	0,123093
152,700000	0,122455
152,710000	0,120543
152,720000	0,119269
152,730000	0,121818
152,740000	0,117994
152,750000	0,122455
152,760000	0,121181
152,770000	0,125005
152,780000	0,119906
152,790000	0,119906
152,800000	0,117356
152,810000	0,118631
152,820000	0,119906
152,830000	0,121818
152,840000	0,121181
152,850000	0,122455
152,860000	0,119906
152,870000	0,120543
152,880000	0,119269
152,890000	0,121181
152,900000	0,119906
152,910000	0,119906
152,920000	0,121181
152,930000	0,121818
152,940000	0,122455
152,950000	0,121181
152,960000	0,121818
152,970000	0,119906
152,980000	0,120543
152,990000	0,121181
153,000000	0,119269
153,010000	0,120543
153,020000	0,120543
153,030000	0,123093
153,040000	0,119269
153,050000	0,120543
153,060000	0,119269
153,070000	0,122455
153,080000	0,119906
153,090000	0,121818
153,100000	0,117994
153,110000	0,123093
153,120000	0,117994
153,130000	0,121818
153,140000	0,119906
153,150000	0,121818
153,160000	0,117994
153,170000	0,121818
153,180000	0,119906
153,190000	0,119906
153,200000	0,121181
153,210000	0,120543
153,220000	0,118631
153,230000	0,120543
153,240000	0,121181
153,250000	0,121181
153,260000	0,119906
153,270000	0,119906
153,280000	0,116719
153,290000	0,118631
153,300000	0,121818
153,310000	0,120543
153,320000	0,119269
153,330000	0,120543
153,340000	0,117994
153,350000	0,119906
153,360000	0,119906
153,370000	0,120543
153,380000	0,119906
153,390000	0,119906
153,400000	0,117994
153,410000	0,120543
153,420000	0,119269
153,430000	0,120543
153,440000	0,120543
153,450000	0,119906
153,460000	0,118631
153,470000	0,119906
153,480000	0,117994
153,490000	0,117356
153,500000	0,117994
153,510000	0,121181
153,520000	0,117994
153,530000	0,118631
153,540000	0,117356
153,550000	0,117356
153,560000	0,119269
153,570000	0,119906
153,580000	0,117356
153,590000	0,123093
153,600000	0,120543
153,610000	0,117994
153,620000	0,118631
153,630000	0,119906
153,640000	0,119269
153,650000	0,119269
153,660000	0,117994
153,670000	0,119269
153,680000	0,117994
153,690000	0,119906
153,700000	0,116719
153,710000	0,117356
153,720000	0,116719
153,730000	0,117356
153,740000	0,118631
153,750000	0,119269
153,760000	0,116082
153,770000	0,118631
153,780000	0,116719
153,790000	0,119269
153,800000	0,119269
153,810000	0,118631
153,820000	0,119906
153,830000	0,117994
153,840000	0,117356
153,850000	0,119269
153,860000	0,119269
153,870000	0,119906
153,880000	0,117356
153,890000	0,119269
153,900000	0,117994
153,910000	0,120543
153,920000	0,117356
153,930000	0,119906
153,940000	0,117356
153,950000	0,119906
153,960000	0,116719
153,970000	0,119906
153,980000	0,115444
153,990000	0,117994
154,000000	0,117994
154,010000	0,121181
154,020000	0,116082
154,030000	0,119906
154,040000	0,120543
154,050000	0,121181
154,060000	0,117356
154,070000	0,121181
154,080000	0,117356
154,090000	0,120543
154,100000	0,116719
154,110000	0,119906
154,120000	0,118631
154,130000	0,122455
154,140000	0,117356
154,150000	0,121181
154,160000	0,117356
154,170000	0,120543
154,180000	0,117356
154,190000	0,121818
154,200000	0,116719
154,210000	0,122455
154,220000	0,118631
154,230000	0,119906
154,240000	0,116719
154,250000	0,120543
154,260000	0,117994
154,270000	0,121181
154,280000	0,116082
154,290000	0,120543
154,300000	0,118631
154,310000	0,121818
154,320000	0,118631
154,330000	0,119906
154,340000	0,119906
154,350000	0,122455
154,360000	0,119906
154,370000	0,117994
154,380000	0,116719
154,390000	0,119906
154,400000	0,117356
154,410000	0,117994
154,420000	0,119269
154,430000	0,119269
154,440000	0,119269
154,450000	0,122455
154,460000	0,118631
154,470000	0,119269
154,480000	0,119906
154,490000	0,121818
154,500000	0,119269
154,510000	0,119906
154,520000	0,119906
154,530000	0,119906
154,540000	0,117994
154,550000	0,123093
154,560000	0,119906
154,570000	0,120543
154,580000	0,121181
154,590000	0,121818
154,600000	0,119906
154,610000	0,121818
154,620000	0,121818
154,630000	0,121181
154,640000	0,122455
154,650000	0,121818
154,660000	0,120543
154,670000	0,121181
154,680000	0,120543
154,690000	0,121181
154,700000	0,121818
154,710000	0,119906
154,720000	0,120543
154,730000	0,121818
154,740000	0,122455
154,750000	0,120543
154,760000	0,120543
154,770000	0,120543
154,780000	0,119269
154,790000	0,120543
154,800000	0,119269
154,810000	0,117994
154,820000	0,121818
154,830000	0,119269
154,840000	0,121818
154,850000	0,121181
154,860000	0,122455
154,870000	0,119269
154,880000	0,119906
154,890000	0,119906
154,900000	0,122455
154,910000	0,121181
154,920000	0,125642
154,930000	0,117994
154,940000	0,123093
154,950000	0,120543
154,960000	0,122455
154,970000	0,121818
154,980000	0,121818
154,990000	0,119906
155,000000	0,121818
155,010000	0,119906
155,020000	0,123730
155,030000	0,118631
155,040000	0,119269
155,050000	0,120543
155,060000	0,119906
155,070000	0,121181
155,080000	0,120543
155,090000	0,122455
155,100000	0,119906
155,110000	0,121818
155,120000	0,119269
155,130000	0,122455
155,140000	0,120543
155,150000	0,121818
155,160000	0,119906
155,170000	0,122455
155,180000	0,119906
155,190000	0,119906
155,200000	0,116719
155,210000	0,122455
155,220000	0,119269
155,230000	0,121818
155,240000	0,117356
155,250000	0,121181
155,260000	0,119906
155,270000	0,121181
155,280000	0,118631
155,290000	0,121818
155,300000	0,119269
155,310000	0,121818
155,320000	0,119269
155,330000	0,117356
155,340000	0,118631
155,350000	0,120543
155,360000	0,120543
155,370000	0,119269
155,380000	0,116719
155,390000	0,119269
155,400000	0,116719
155,410000	0,119906
155,420000	0,120543
155,430000	0,117994
155,440000	0,117356
155,450000	0,121181
155,460000	0,119906
155,470000	0,119269
155,480000	0,117356
155,490000	0,123093
155,500000	0,116082
155,510000	0,121181
155,520000	0,117356
155,530000	0,119906
155,540000	0,118631
155,550000	0,121181
155,560000	0,119906
155,570000	0,119269
155,580000	0,117356
155,590000	0,121818
155,600000	0,119269
155,610000	0,119906
155,620000	0,119269
155,630000	0,119906
155,640000	0,118631
155,650000	0,119906
155,660000	0,119269
155,670000	0,119906
155,680000	0,119269
155,690000	0,119269
155,700000	0,121818
155,710000	0,119906
155,720000	0,119269
155,730000	0,121181
155,740000	0,119269
155,750000	0,117994
155,760000	0,117356
155,770000	0,119906
155,780000	0,121181
155,790000	0,117356
155,800000	0,118631
155,810000	0,119906
155,820000	0,117356
155,830000	0,118631
155,840000	0,117994
155,850000	0,117994
155,860000	0,118631
155,870000	0,119269
155,880000	0,120543
155,890000	0,119906
155,900000	0,119906
155,910000	0,121181
155,920000	0,117994
155,930000	0,116082
155,940000	0,117994
155,950000	0,119906
155,960000	0,119906
155,970000	0,119269
155,980000	0,119269
155,990000	0,116082
156,000000	0,119269
156,010000	0,116082
156,020000	0,121181
156,030000	0,119269
156,040000	0,121818
156,050000	0,120543
156,060000	0,121181
156,070000	0,116719
156,080000	0,119906
156,090000	0,119269
156,100000	0,121181
156,110000	0,119906
156,120000	0,119269
156,130000	0,116082
156,140000	0,119269
156,150000	0,119269
156,160000	0,119906
156,170000	0,119906
156,180000	0,119906
156,190000	0,119269
156,200000	0,117994
156,210000	0,116719
156,220000	0,119269
156,230000	0,120543
156,240000	0,119906
156,250000	0,118631
156,260000	0,117356
156,270000	0,121181
156,280000	0,119269
156,290000	0,119906
156,300000	0,118631
156,310000	0,119269
156,320000	0,118631
156,330000	0,118631
156,340000	0,117994
156,350000	0,122455
156,360000	0,120543
156,370000	0,120543
156,380000	0,119269
156,390000	0,121181
156,400000	0,120543
156,410000	0,121181
156,420000	0,119906
156,430000	0,121181
156,440000	0,119269
156,450000	0,122455
156,460000	0,119906
156,470000	0,121818
156,480000	0,117356
156,490000	0,121181
156,500000	0,119269
156,510000	0,120543
156,520000	0,119269
156,530000	0,119906
156,540000	0,119906
156,550000	0,121181
156,560000	0,123093
156,570000	0,119906
156,580000	0,120543
156,590000	0,123730
156,600000	0,119906
156,610000	0,119906
156,620000	0,120543
156,630000	0,121818
156,640000	0,119906
156,650000	0,121181
156,660000	0,119906
156,670000	0,120543
156,680000	0,121818
156,690000	0,121181
156,700000	0,119269
156,710000	0,121181
156,720000	0,122455
156,730000	0,123093
156,740000	0,117994
156,750000	0,121818
156,760000	0,121181
156,770000	0,123093
156,780000	0,119906
156,790000	0,123093
156,800000	0,119906
156,810000	0,125005
156,820000	0,119269
156,830000	0,124367
156,840000	0,121181
156,850000	0,121818
156,860000	0,119269
156,870000	0,121181
156,880000	0,119269
156,890000	0,124367
156,900000	0,119906
156,910000	0,120543
156,920000	0,118631
156,930000	0,123093
156,940000	0,121818
156,950000	0,121181
156,960000	0,121181
156,970000	0,119906
156,980000	0,122455
156,990000	0,120543
157,000000	0,122455
157,010000	0,119906
157,020000	0,118631
157,030000	0,121181
157,040000	0,121818
157,050000	0,121181
157,060000	0,119906
157,070000	0,122455
157,080000	0,121818
157,090000	0,122455
157,100000	0,120543
157,110000	0,121181
157,120000	0,120543
157,130000	0,125005
157,140000	0,119269
157,150000	0,121818
157,160000	0,117994
157,170000	0,123730
157,180000	0,117356
157,190000	0,120543
157,200000	0,120543
157,210000	0,123093
157,220000	0,119269
157,230000	0,123093
157,240000	0,121818
157,250000	0,122455
157,260000	0,117356
157,270000	0,123093
157,280000	0,121181
157,290000	0,122455
157,300000	0,117994
157,310000	0,119906
157,320000	0,118631
157,330000	0,121181
157,340000	0,118631
157,350000	0,119906
157,360000	0,117994
157,370000	0,120543
157,380000	0,117356
157,390000	0,121181
157,400000	0,121181
157,410000	0,124367
157,420000	0,117356
157,430000	0,123093
157,440000	0,116719
157,450000	0,122455
157,460000	0,119269
157,470000	0,122455
157,480000	0,117356
157,490000	0,122455
157,500000	0,119269
157,510000	0,123093
157,520000	0,116719
157,530000	0,123093
157,540000	0,119269
157,550000	0,122455
157,560000	0,117356
157,570000	0,123093
157,580000	0,117356
157,590000	0,121818
157,600000	0,117356
157,610000	0,119906
157,620000	0,116719
157,630000	0,123093
157,640000	0,116082
157,650000	0,120543
157,660000	0,117356
157,670000	0,121181
157,680000	0,119269
157,690000	0,121181
157,700000	0,117994
157,710000	0,120543
157,720000	0,119906
157,730000	0,120543
157,740000	0,118631
157,750000	0,119906
157,760000	0,117994
157,770000	0,121181
157,780000	0,117356
157,790000	0,121818
157,800000	0,118631
157,810000	0,121181
157,820000	0,118631
157,830000	0,119906
157,840000	0,119906
157,850000	0,124367
157,860000	0,118631
157,870000	0,120543
157,880000	0,119906
157,890000	0,119269
157,900000	0,119269
157,910000	0,119269
157,920000	0,120543
157,930000	0,119269
157,940000	0,117994
157,950000	0,121818
157,960000	0,119269
157,970000	0,120543
157,980000	0,121818
157,990000	0,121181
158,000000	0,119906
158,010000	0,120543
158,020000	0,118631
158,030000	0,121818
158,040000	0,117356
158,050000	0,119906
158,060000	0,119269
158,070000	0,119906
158,080000	0,117994
158,090000	0,121181
158,100000	0,117356
158,110000	0,119269
158,120000	0,117994
158,130000	0,118631
158,140000	0,119269
158,150000	0,117356
158,160000	0,122455
158,170000	0,120543
158,180000	0,119906
158,190000	0,120543
158,200000	0,117356
158,210000	0,117356
158,220000	0,117356
158,230000	0,119906
158,240000	0,118631
158,250000	0,117994
158,260000	0,117994
158,270000	0,118631
158,280000	0,119269
158,290000	0,122455
158,300000	0,121818
158,310000	0,118631
158,320000	0,117994
158,330000	0,119906
158,340000	0,117994
158,350000	0,120543
158,360000	0,117356
158,370000	0,119269
158,380000	0,119269
158,390000	0,120543
158,400000	0,121181
158,410000	0,119269
158,420000	0,119906
158,430000	0,120543
158,440000	0,120543
158,450000	0,122455
158,460000	0,121181
158,470000	0,119269
158,480000	0,117994
158,490000	0,121181
158,500000	0,119269
158,510000	0,121818
158,520000	0,120543
158,530000	0,120543
158,540000	0,121181
158,550000	0,123730
158,560000	0,121181
158,570000	0,120543
158,580000	0,118631
158,590000	0,121818
158,600000	0,117994
158,610000	0,120543
158,620000	0,117356
158,630000	0,124367
158,640000	0,119906
158,650000	0,123730
158,660000	0,118631
158,670000	0,121818
158,680000	0,119906
158,690000	0,123730
158,700000	0,120543
158,710000	0,119906
158,720000	0,119906
158,730000	0,119906
158,740000	0,122455
158,750000	0,120543
158,760000	0,119906
158,770000	0,121181
158,780000	0,121181
158,790000	0,122455
158,800000	0,123093
158,810000	0,123093
158,820000	0,119906
158,830000	0,120543
158,840000	0,121181
158,850000	0,120543
158,860000	0,119269
158,870000	0,121818
158,880000	0,121181
158,890000	0,124367
158,900000	0,119906
158,910000	0,119906
158,920000	0,119906
158,930000	0,123093
158,940000	0,119269
158,950000	0,122455
158,960000	0,123730
158,970000	0,119906
158,980000	0,121818
158,990000	0,121818
159,000000	0,121818
159,010000	0,123093
159,020000	0,122455
159,030000	0,121818
159,040000	0,121181
159,050000	0,123730
159,060000	0,123093
159,070000	0,121181
159,080000	0,123093
159,090000	0,121818
159,100000	0,122455
159,110000	0,123093
159,120000	0,122455
159,130000	0,122455
159,140000	0,121818
159,150000	0,123730
159,160000	0,124367
159,170000	0,120543
159,180000	0,120543
159,190000	0,122455
159,200000	0,119906
159,210000	0,120543
159,220000	0,119269
159,230000	0,122455
159,240000	0,119906
159,250000	0,124367
159,260000	0,121818
159,270000	0,122455
159,280000	0,121818
159,290000	0,121181
159,300000	0,121181
159,310000	0,121181
159,320000	0,119269
159,330000	0,121181
159,340000	0,122455
159,350000	0,120543
159,360000	0,122455
159,370000	0,119906
159,380000	0,121818
159,390000	0,121181
159,400000	0,117994
159,410000	0,121818
159,420000	0,123730
159,430000	0,121181
159,440000	0,121181
159,450000	0,121181
159,460000	0,121181
159,470000	0,121818
159,480000	0,119269
159,490000	0,121181
159,500000	0,120543
159,510000	0,120543
159,520000	0,121181
159,530000	0,122455
159,540000	0,117994
159,550000	0,121181
159,560000	0,120543
159,570000	0,119906
159,580000	0,121818
159,590000	0,121181
159,600000	0,121181
159,610000	0,121181
159,620000	0,120543
159,630000	0,119906
159,640000	0,119906
159,650000	0,119269
159,660000	0,119906
159,670000	0,120543
159,680000	0,121181
159,690000	0,119269
159,700000	0,121818
159,710000	0,121181
159,720000	0,123730
159,730000	0,119906
159,740000	0,121818
159,750000	0,121181
159,760000	0,119906
159,770000	0,119906
159,780000	0,118631
159,790000	0,119269
159,800000	0,119269
159,810000	0,119906
159,820000	0,119906
159,830000	0,116719
159,840000	0,121181
159,850000	0,119906
159,860000	0,119269
159,870000	0,118631
159,880000	0,117356
159,890000	0,117994
159,900000	0,119906
159,910000	0,121818
159,920000	0,121818
159,930000	0,122455
159,940000	0,118631
159,950000	0,117994
159,960000	0,119269
159,970000	0,119269
159,980000	0,117356
159,990000	0,119269
160,000000	0,118631
160,010000	0,121818
160,020000	0,119906
160,030000	0,121818
160,040000	0,122455
160,050000	0,119906
160,060000	0,119906
160,070000	0,121181
160,080000	0,118631
160,090000	0,119269
160,100000	0,122455
160,110000	0,119906
160,120000	0,118631
160,130000	0,119906
160,140000	0,118631
160,150000	0,117356
160,160000	0,117994
160,170000	0,123093
160,180000	0,119906
160,190000	0,116082
160,200000	0,117994
160,210000	0,121181
160,220000	0,120543
160,230000	0,120543
160,240000	0,120543
160,250000	0,117994
160,260000	0,119906
160,270000	0,118631
160,280000	0,117356
160,290000	0,118631
160,300000	0,124367
160,310000	0,119269
160,320000	0,120543
160,330000	0,117356
160,340000	0,119906
160,350000	0,119269
160,360000	0,121181
160,370000	0,121818
160,380000	0,122455
160,390000	0,119906
160,400000	0,121181
160,410000	0,120543
160,420000	0,121181
160,430000	0,121181
160,440000	0,119906
160,450000	0,122455
160,460000	0,122455
160,470000	0,122455
160,480000	0,121818
160,490000	0,121181
160,500000	0,120543
160,510000	0,122455
160,520000	0,121181
160,530000	0,124367
160,540000	0,118631
160,550000	0,121818
160,560000	0,119269
160,570000	0,123093
160,580000	0,121818
160,590000	0,119269
160,600000	0,122455
160,610000	0,122455
160,620000	0,121181
160,630000	0,121818
160,640000	0,117994
160,650000	0,122455
160,660000	0,119906
160,670000	0,123730
160,680000	0,121181
160,690000	0,122455
160,700000	0,117994
160,710000	0,124367
160,720000	0,117994
160,730000	0,123093
160,740000	0,120543
160,750000	0,123730
160,760000	0,117356
160,770000	0,123730
160,780000	0,119269
160,790000	0,122455
160,800000	0,121181
160,810000	0,125005
160,820000	0,122455
160,830000	0,121181
160,840000	0,118631
160,850000	0,122455
160,860000	0,123093
160,870000	0,123093
160,880000	0,122455
160,890000	0,121818
160,900000	0,119906
160,910000	0,123093
160,920000	0,118631
160,930000	0,122455
160,940000	0,119269
160,950000	0,123093
160,960000	0,121181
160,970000	0,124367
160,980000	0,121181
160,990000	0,121818
161,000000	0,120543
161,010000	0,122455
161,020000	0,117994
161,030000	0,123730
161,040000	0,120543
161,050000	0,123093
161,060000	0,121181
161,070000	0,124367
161,080000	0,119906
161,090000	0,122455
161,100000	0,120543
161,110000	0,123093
161,120000	0,122455
161,130000	0,122455
161,140000	0,121181
161,150000	0,125005
161,160000	0,118631
161,170000	0,121181
161,180000	0,119906
161,190000	0,123093
161,200000	0,123730
161,210000	0,119269
161,220000	0,119269
161,230000	0,123730
161,240000	0,121181
161,250000	0,123093
161,260000	0,122455
161,270000	0,121818
161,280000	0,119906
161,290000	0,122455
161,300000	0,122455
161,310000	0,121818
161,320000	0,121181
161,330000	0,119269
161,340000	0,124367
161,350000	0,120543
161,360000	0,122455
161,370000	0,119269
161,380000	0,119906
161,390000	0,119906
161,400000	0,122455
161,410000	0,121181
161,420000	0,124367
161,430000	0,116082
161,440000	0,122455
161,450000	0,119906
161,460000	0,121181
161,470000	0,119269
161,480000	0,125005
161,490000	0,117994
161,500000	0,119269
161,510000	0,119906
161,520000	0,122455
161,530000	0,123730
161,540000	0,121818
161,550000	0,120543
161,560000	0,122455
161,570000	0,118631
161,580000	0,120543
161,590000	0,121818
161,600000	0,119269
161,610000	0,119269
161,620000	0,120543
161,630000	0,119269
161,640000	0,117356
161,650000	0,121181
161,660000	0,118631
161,670000	0,118631
161,680000	0,120543
161,690000	0,118631
161,700000	0,119269
161,710000	0,118631
161,720000	0,119906
161,730000	0,120543
161,740000	0,121818
161,750000	0,121181
161,760000	0,118631
161,770000	0,119269
161,780000	0,121181
161,790000	0,119269
161,800000	0,119906
161,810000	0,118631
161,820000	0,119269
161,830000	0,119906
161,840000	0,119269
161,850000	0,119906
161,860000	0,121181
161,870000	0,121181
161,880000	0,119269
161,890000	0,118631
161,900000	0,121181
161,910000	0,117356
161,920000	0,117994
161,930000	0,118631
161,940000	0,120543
161,950000	0,119269
161,960000	0,119906
161,970000	0,118631
161,980000	0,117994
161,990000	0,122455
162,000000	0,115444
162,010000	0,120543
162,020000	0,120543
162,030000	0,119269
162,040000	0,121181
162,050000	0,121818
162,060000	0,117994
162,070000	0,121818
162,080000	0,116082
162,090000	0,117994
162,100000	0,120543
162,110000	0,119906
162,120000	0,119906
162,130000	0,116719
162,140000	0,116719
162,150000	0,122455
162,160000	0,120543
162,170000	0,119906
162,180000	0,117994
162,190000	0,123730
162,200000	0,119269
162,210000	0,124367
162,220000	0,118631
162,230000	0,120543
162,240000	0,116082
162,250000	0,121181
162,260000	0,118631
162,270000	0,120543
162,280000	0,122455
162,290000	0,120543
162,300000	0,119906
162,310000	0,117994
162,320000	0,119269
162,330000	0,117994
162,340000	0,118631
162,350000	0,120543
162,360000	0,119906
162,370000	0,120543
162,380000	0,120543
162,390000	0,119906
162,400000	0,120543
162,410000	0,122455
162,420000	0,121818
162,430000	0,118631
162,440000	0,119906
162,450000	0,119906
162,460000	0,119906
162,470000	0,119269
162,480000	0,120543
162,490000	0,122455
162,500000	0,119906
162,510000	0,119906
162,520000	0,117994
162,530000	0,122455
162,540000	0,117994
162,550000	0,121818
162,560000	0,119269
162,570000	0,119906
162,580000	0,123093
162,590000	0,122455
162,600000	0,119269
162,610000	0,119906
162,620000	0,118631
162,630000	0,119906
162,640000	0,122455
162,650000	0,122455
162,660000	0,121181
162,670000	0,123730
162,680000	0,121818
162,690000	0,119906
162,700000	0,119906
162,710000	0,123093
162,720000	0,117356
162,730000	0,122455
162,740000	0,121818
162,750000	0,123093
162,760000	0,123093
162,770000	0,125005
162,780000	0,122455
162,790000	0,121181
162,800000	0,119906
162,810000	0,122455
162,820000	0,124367
162,830000	0,121181
162,840000	0,120543
162,850000	0,123730
162,860000	0,119906
162,870000	0,122455
162,880000	0,123730
162,890000	0,119906
162,900000	0,122455
162,910000	0,121818
162,920000	0,121818
162,930000	0,121181
162,940000	0,121181
162,950000	0,117994
162,960000	0,122455
162,970000	0,119269
162,980000	0,117994
162,990000	0,121181
163,000000	0,121181
163,010000	0,121818
163,020000	0,121181
163,030000	0,122455
163,040000	0,121818
163,050000	0,121818
163,060000	0,122455
163,070000	0,122455
163,080000	0,121181
163,090000	0,122455
163,100000	0,123730
163,110000	0,122455
163,120000	0,125642
163,130000	0,123093
163,140000	0,118631
163,150000	0,121818
163,160000	0,123730
163,170000	0,122455
163,180000	0,121818
163,190000	0,121181
163,200000	0,121181
163,210000	0,122455
163,220000	0,118631
163,230000	0,119906
163,240000	0,121181
163,250000	0,120543
163,260000	0,117994
163,270000	0,120543
163,280000	0,119906
163,290000	0,125642
163,300000	0,123093
163,310000	0,119906
163,320000	0,124367
163,330000	0,124367
163,340000	0,118631
163,350000	0,124367
163,360000	0,119906
163,370000	0,125005
163,380000	0,125005
163,390000	0,125005
163,400000	0,121818
163,410000	0,124367
163,420000	0,119906
163,430000	0,122455
163,440000	0,119269
163,450000	0,125005
163,460000	0,119906
163,470000	0,123093
163,480000	0,119906
163,490000	0,121181
163,500000	0,119906
163,510000	0,118631
163,520000	0,119906
163,530000	0,123093
163,540000	0,121181
163,550000	0,118631
163,560000	0,123730
163,570000	0,123093
163,580000	0,118631
163,590000	0,121818
163,600000	0,121181
163,610000	0,122455
163,620000	0,125642
163,630000	0,121181
163,640000	0,121181
163,650000	0,122455
163,660000	0,121181
163,670000	0,119906
163,680000	0,121181
163,690000	0,115444
163,700000	0,119906
163,710000	0,121181
163,720000	0,119906
163,730000	0,119906
163,740000	0,120543
163,750000	0,123093
163,760000	0,122455
163,770000	0,122455
163,780000	0,119269
163,790000	0,120543
163,800000	0,116719
163,810000	0,121181
163,820000	0,118631
163,830000	0,122455
163,840000	0,122455
163,850000	0,121181
163,860000	0,119269
163,870000	0,118631
163,880000	0,123730
163,890000	0,119906
163,900000	0,124367
163,910000	0,118631
163,920000	0,118631
163,930000	0,122455
163,940000	0,120543
163,950000	0,121818
163,960000	0,122455
163,970000	0,123730
163,980000	0,117994
163,990000	0,119906
164,000000	0,122455
164,010000	0,118631
164,020000	0,119269
164,030000	0,122455
164,040000	0,118631
164,050000	0,122455
164,060000	0,119906
164,070000	0,120543
164,080000	0,119906
164,090000	0,118631
164,100000	0,116082
164,110000	0,116082
164,120000	0,117994
164,130000	0,117994
164,140000	0,117356
164,150000	0,121181
164,160000	0,118631
164,170000	0,116082
164,180000	0,117994
164,190000	0,122455
164,200000	0,117994
164,210000	0,117356
164,220000	0,120543
164,230000	0,120543
164,240000	0,122455
164,250000	0,121181
164,260000	0,121181
164,270000	0,118631
164,280000	0,117356
164,290000	0,121818
164,300000	0,120543
164,310000	0,120543
164,320000	0,123093
164,330000	0,119906
164,340000	0,118631
164,350000	0,121181
164,360000	0,118631
164,370000	0,122455
164,380000	0,119906
164,390000	0,119269
164,400000	0,119269
164,410000	0,122455
164,420000	0,117994
164,430000	0,124367
164,440000	0,120543
164,450000	0,121818
164,460000	0,120543
164,470000	0,121181
164,480000	0,123093
164,490000	0,119269
164,500000	0,121181
164,510000	0,120543
164,520000	0,124367
164,530000	0,126280
164,540000	0,119906
164,550000	0,123093
164,560000	0,121818
164,570000	0,120543
164,580000	0,125005
164,590000	0,121818
164,600000	0,122455
164,610000	0,119906
164,620000	0,119906
164,630000	0,125005
164,640000	0,119906
164,650000	0,123093
164,660000	0,118631
164,670000	0,126280
164,680000	0,124367
164,690000	0,122455
164,700000	0,124367
164,710000	0,119269
164,720000	0,120543
164,730000	0,116082
164,740000	0,122455
164,750000	0,117994
164,760000	0,120543
164,770000	0,121181
164,780000	0,119906
164,790000	0,119269
164,800000	0,121818
164,810000	0,119906
164,820000	0,123093
164,830000	0,122455
164,840000	0,127554
164,850000	0,125005
164,860000	0,125005
164,870000	0,125005
164,880000	0,124367
164,890000	0,126280
164,900000	0,122455
164,910000	0,120543
164,920000	0,119906
164,930000	0,117356
164,940000	0,123093
164,950000	0,119906
164,960000	0,123093
164,970000	0,121181
164,980000	0,125642
164,990000	0,122455
165,000000	0,122455
165,010000	0,125005
165,020000	0,122455
165,030000	0,123730
165,040000	0,117994
165,050000	0,124367
165,060000	0,122455
165,070000	0,122455
165,080000	0,125005
165,090000	0,124367
165,100000	0,124367
165,110000	0,119269
165,120000	0,122455
165,130000	0,120543
165,140000	0,123730
165,150000	0,124367
165,160000	0,126280
165,170000	0,122455
165,180000	0,125005
165,190000	0,119906
165,200000	0,125642
165,210000	0,122455
165,220000	0,121818
165,230000	0,122455
165,240000	0,119906
165,250000	0,123730
165,260000	0,121818
165,270000	0,122455
165,280000	0,120543
165,290000	0,120543
165,300000	0,121181
165,310000	0,118631
165,320000	0,122455
165,330000	0,120543
165,340000	0,118631
165,350000	0,122455
165,360000	0,118631
165,370000	0,119906
165,380000	0,118631
165,390000	0,121818
165,400000	0,119906
165,410000	0,123093
165,420000	0,122455
165,430000	0,121181
165,440000	0,122455
165,450000	0,119269
165,460000	0,117356
165,470000	0,117994
165,480000	0,116719
165,490000	0,119906
165,500000	0,121181
165,510000	0,120543
165,520000	0,117994
165,530000	0,119906
165,540000	0,121818
165,550000	0,122455
165,560000	0,121181
165,570000	0,125005
165,580000	0,119269
165,590000	0,118631
165,600000	0,118631
165,610000	0,117994
165,620000	0,121181
165,630000	0,122455
165,640000	0,119906
165,650000	0,125005
165,660000	0,113532
165,670000	0,121181
165,680000	0,122455
165,690000	0,123093
165,700000	0,126280
165,710000	0,118631
165,720000	0,125005
165,730000	0,119906
165,740000	0,132016
165,750000	0,136477
165,760000	0,125642
165,770000	0,134565
165,780000	0,121818
165,790000	0,119906
165,800000	0,117994
165,810000	0,109708
165,820000	0,122455
165,830000	0,117994
165,840000	0,119906
165,850000	0,121818
165,860000	0,116082
165,870000	0,116082
165,880000	0,112258
165,890000	0,122455
165,900000	0,116082
165,910000	0,121181
165,920000	0,116719
165,930000	0,118631
165,940000	0,117356
165,950000	0,119269
165,960000	0,119269
165,970000	0,117994
165,980000	0,121181
165,990000	0,122455
166,000000	0,123093
166,010000	0,119906
166,020000	0,124367
166,030000	0,128192
166,040000	0,124367
166,050000	0,117356
166,060000	0,122455
166,070000	0,118631
166,080000	0,117356
166,090000	0,118631
166,100000	0,132016
166,110000	0,118631
166,120000	0,123093
166,130000	0,119269
166,140000	0,126280
166,150000	0,123093
166,160000	0,122455
166,170000	0,121818
166,180000	0,122455
166,190000	0,121181
166,200000	0,117356
166,210000	0,114170
166,220000	0,114807
166,230000	0,119906
166,240000	0,114807
166,250000	0,120543
166,260000	0,113532
166,270000	0,117356
166,280000	0,119269
166,290000	0,120543
166,300000	0,117356
166,310000	0,119906
166,320000	0,120543
166,330000	0,121181
166,340000	0,122455
166,350000	0,117356
166,360000	0,121818
166,370000	0,119906
166,380000	0,119269
166,390000	0,121181
166,400000	0,118631
166,410000	0,121181
166,420000	0,116082
166,430000	0,121181
166,440000	0,119906
166,450000	0,119906
166,460000	0,119269
166,470000	0,123730
166,480000	0,114807
166,490000	0,121818
166,500000	0,119269
166,510000	0,122455
166,520000	0,121181
166,530000	0,122455
166,540000	0,121818
166,550000	0,114170
166,560000	0,117994
166,570000	0,114807
166,580000	0,119906
166,590000	0,120543
166,600000	0,119269
166,610000	0,119269
166,620000	0,124367
166,630000	0,123730
166,640000	0,121181
166,650000	0,122455
166,660000	0,122455
166,670000	0,119906
166,680000	0,120543
166,690000	0,122455
166,700000	0,121181
166,710000	0,119906
166,720000	0,118631
166,730000	0,117994
166,740000	0,119906
166,750000	0,126917
166,760000	0,121818
166,770000	0,126917
166,780000	0,123730
166,790000	0,127554
166,800000	0,124367
166,810000	0,125005
166,820000	0,130104
166,830000	0,125642
166,840000	0,119906
166,850000	0,124367
166,860000	0,114807
166,870000	0,121181
166,880000	0,114170
166,890000	0,120543
166,900000	0,116082
166,910000	0,119269
166,920000	0,118631
166,930000	0,126280
166,940000	0,124367
166,950000	0,130104
166,960000	0,123730
166,970000	0,116082
166,980000	0,125642
166,990000	0,115444
167,000000	0,119269
167,010000	0,114807
167,020000	0,111620
167,030000	0,119906
167,040000	0,114807
167,050000	0,123730
167,060000	0,139027
167,070000	0,122455
167,080000	0,146675
167,090000	0,127554
167,100000	0,143488
167,110000	0,126917
167,120000	0,134565
167,130000	0,123093
167,140000	0,125005
167,150000	0,096323
167,160000	0,112895
167,170000	0,098235
167,180000	0,112258
167,190000	0,108433
167,200000	0,117356
167,210000	0,121181
167,220000	0,113532
167,230000	0,130741
167,240000	0,136477
167,250000	0,130741
167,260000	0,143488
167,270000	0,126917
167,280000	0,128829
167,290000	0,121181
167,300000	0,123093
167,310000	0,120543
167,320000	0,125642
167,330000	0,120543
167,340000	0,119269
167,350000	0,121181
167,360000	0,123730
167,370000	0,124367
167,380000	0,124367
167,390000	0,123730
167,400000	0,111620
167,410000	0,122455
167,420000	0,110345
167,430000	0,123093
167,440000	0,107159
167,450000	0,121818
167,460000	0,107159
167,470000	0,113532
167,480000	0,104609
167,490000	0,121818
167,500000	0,109071
167,510000	0,123730
167,520000	0,113532
167,530000	0,118631
167,540000	0,117356
167,550000	0,126917
167,560000	0,129466
167,570000	0,122455
167,580000	0,121181
167,590000	0,117994
167,600000	0,122455
167,610000	0,123093
167,620000	0,122455
167,630000	0,123093
167,640000	0,126280
167,650000	0,125005
167,660000	0,121818
167,670000	0,124367
167,680000	0,117994
167,690000	0,126280
167,700000	0,121181
167,710000	0,119269
167,720000	0,118631
167,730000	0,118631
167,740000	0,124367
167,750000	0,119906
167,760000	0,121181
167,770000	0,119906
167,780000	0,121818
167,790000	0,126280
167,800000	0,120543
167,810000	0,123730
167,820000	0,120543
167,830000	0,119906
167,840000	0,119269
167,850000	0,121181
167,860000	0,119269
167,870000	0,116082
167,880000	0,119906
167,890000	0,119906
167,900000	0,122455
167,910000	0,122455
167,920000	0,122455
167,930000	0,120543
167,940000	0,119269
167,950000	0,120543
167,960000	0,122455
167,970000	0,122455
167,980000	0,118631
167,990000	0,122455
168,000000	0,117356
168,010000	0,121181
168,020000	0,115444
168,030000	0,116719
168,040000	0,116719
168,050000	0,117356
168,060000	0,123093
168,070000	0,122455
168,080000	0,122455
168,090000	0,123730
168,100000	0,126280
168,110000	0,122455
168,120000	0,121818
168,130000	0,103972
168,140000	0,119906
168,150000	0,107796
168,160000	0,116719
168,170000	0,110983
168,180000	0,114807
168,190000	0,111620
168,200000	0,112258
168,210000	0,113532
168,220000	0,120543
168,230000	0,117356
168,240000	0,126917
168,250000	0,123093
168,260000	0,128192
168,270000	0,118631
168,280000	0,122455
168,290000	0,120543
168,300000	0,117356
168,310000	0,104609
168,320000	0,112258
168,330000	0,116082
168,340000	0,117994
168,350000	0,110983
168,360000	0,121818
168,370000	0,126280
168,380000	0,124367
168,390000	0,140302
168,400000	0,130104
168,410000	0,131379
168,420000	0,132653
168,430000	0,112258
168,440000	0,096961
168,450000	0,111620
168,460000	0,086126
168,470000	0,109708
168,480000	0,098873
168,490000	0,117356
168,500000	0,119906
168,510000	0,121181
168,520000	0,130104
168,530000	0,183005
168,540000	0,127554
168,550000	0,175994
168,560000	0,124367
168,570000	0,165796
168,580000	0,116719
168,590000	0,119269
168,600000	0,124367
168,610000	0,128192
168,620000	0,123093
168,630000	0,135203
168,640000	0,082301
168,650000	0,124367
168,660000	0,122455
168,670000	0,129466
168,680000	0,095049
168,690000	0,114807
168,700000	0,109708
168,710000	0,128829
168,720000	0,112895
168,730000	0,105884
168,740000	0,115444
168,750000	0,103972
168,760000	0,110983
168,770000	0,114170
168,780000	0,114170
168,790000	0,114807
168,800000	0,095686
168,810000	0,118631
168,820000	0,106521
168,830000	0,114807
168,840000	0,136477
168,850000	0,127554
168,860000	0,158785
168,870000	0,130104
168,880000	0,132653
168,890000	0,137752
168,900000	0,126917
168,910000	0,124367
168,920000	0,123093
168,930000	0,114807
168,940000	0,119906
168,950000	0,095049
168,960000	0,116719
168,970000	0,133928
168,980000	0,109071
168,990000	0,125005
169,000000	0,114807
169,010000	0,132016
169,020000	0,118631
169,030000	0,126917
169,040000	0,127554
169,050000	0,132653
169,060000	0,123093
169,070000	0,123093
169,080000	0,125642
169,090000	0,129466
169,100000	0,137752
169,110000	0,126917
169,120000	0,131379
169,130000	0,125005
169,140000	0,128829
169,150000	0,137115
169,160000	0,126917
169,170000	0,133291
169,180000	0,135840
169,190000	0,133928
169,200000	0,136477
169,210000	0,134565
169,220000	0,137115
169,230000	0,139027
169,240000	0,140302
169,250000	0,145401
169,260000	0,147950
169,270000	0,152412
169,280000	0,148587
169,290000	0,150499
169,300000	0,149225
169,310000	0,158785
169,320000	0,158148
169,330000	0,165796
169,340000	0,162609
169,350000	0,164522
169,360000	0,167071
169,370000	0,168346
169,380000	0,174719
169,390000	0,172170
169,400000	0,181093
169,410000	0,174082
169,420000	0,180456
169,430000	0,179181
169,440000	0,184280
169,450000	0,181093
169,460000	0,191291
169,470000	0,188104
169,480000	0,193203
169,490000	0,198939
169,500000	0,203401
169,510000	0,208500
169,520000	0,195752
169,530000	0,197665
169,540000	0,202763
169,550000	0,197665
169,560000	0,214873
169,570000	0,205950
169,580000	0,209137
169,590000	0,211049
169,600000	0,188741
169,610000	0,211049
169,620000	0,185555
169,630000	0,219335
169,640000	0,200214
169,650000	0,211049
169,660000	0,218060
169,670000	0,226346
169,680000	0,208500
169,690000	0,246742
169,700000	0,207225
169,710000	0,223797
169,720000	0,199577
169,730000	0,198302
169,740000	0,200851
169,750000	0,161335
169,760000	0,226346
169,770000	0,224434
169,780000	0,216148
169,790000	0,212961
169,800000	0,248654
169,810000	0,223159
169,820000	0,276061
169,830000	0,203401
169,840000	0,284346
169,850000	0,214236
169,860000	0,253115
169,870000	0,204038
169,880000	0,235907
169,890000	0,132653
169,900000	0,239731
169,910000	0,117994
169,920000	0,244192
169,930000	0,198939
169,940000	0,219335
169,950000	0,254390
169,960000	0,199577
169,970000	0,232082
169,980000	0,180456
169,990000	0,205313
170,000000	0,283072
170,010000	0,229533
170,020000	0,241005
170,030000	0,228896
170,040000	0,208500
170,050000	0,257577
170,060000	0,206588
170,070000	0,251203
170,080000	0,205950
170,090000	0,216786
170,100000	0,209775
170,110000	0,191291
170,120000	0,228258
170,130000	0,191928
170,140000	0,221884
170,150000	0,275423
170,160000	0,220610
170,170000	0,196390
170,180000	0,234632
170,190000	0,274148
170,200000	0,222522
170,210000	0,221884
170,220000	0,206588
170,230000	0,219335
170,240000	0,193840
170,250000	0,214236
170,260000	0,147950
170,270000	0,205313
170,280000	0,142851
170,290000	0,229533
170,300000	0,187467
170,310000	0,262676
170,320000	0,240368
170,330000	0,283709
170,340000	0,229533
170,350000	0,242918
170,360000	0,230808
170,370000	0,234632
170,380000	0,226983
170,390000	0,239731
170,400000	0,241005
170,410000	0,188104
170,420000	0,229533
170,430000	0,203401
170,440000	0,222522
170,450000	0,223159
170,460000	0,232720
170,470000	0,250566
170,480000	0,244192
170,490000	0,233994
170,500000	0,237181
170,510000	0,233357
170,520000	0,237819
170,530000	0,230808
170,540000	0,260126
170,550000	0,230808
170,560000	0,224434
170,570000	0,234632
170,580000	0,225709
170,590000	0,236544
170,600000	0,226346
170,610000	0,241005
170,620000	0,240368
170,630000	0,236544
170,640000	0,236544
170,650000	0,239093
170,660000	0,230170
170,670000	0,239731
170,680000	0,228896
170,690000	0,240368
170,700000	0,228896
170,710000	0,230170
170,720000	0,241005
170,730000	0,233994
170,740000	0,235269
170,750000	0,237819
170,760000	0,236544
170,770000	0,234632
170,780000	0,249929
170,790000	0,228896
170,800000	0,231445
170,810000	0,236544
170,820000	0,221884
170,830000	0,230170
170,840000	0,228258
170,850000	0,233357
170,860000	0,225709
170,870000	0,212324
170,880000	0,230808
170,890000	0,209137
170,900000	0,226346
170,910000	0,226346
170,920000	0,230170
170,930000	0,234632
170,940000	0,214236
170,950000	0,228896
170,960000	0,254390
170,970000	0,228896
170,980000	0,198302
170,990000	0,220610
171,000000	0,232720
171,010000	0,235907
171,020000	0,228896
171,030000	0,251203
171,040000	0,249929
171,050000	0,232082
171,060000	0,244830
171,070000	0,262039
171,080000	0,242280
171,090000	0,297094
171,100000	0,225071
171,110000	0,275423
171,120000	0,226346
171,130000	0,245467
171,140000	0,225709
171,150000	0,244830
171,160000	0,221247
171,170000	0,233994
171,180000	0,250566
171,190000	0,259489
171,200000	0,239731
171,210000	0,239731
171,220000	0,283072
171,230000	0,242280
171,240000	0,348083
171,250000	0,222522
171,260000	0,256302
171,270000	0,334061
171,280000	0,246104
171,290000	0,215511
171,300000	0,260126
171,310000	0,164522
171,320000	0,251841
171,330000	0,170258
171,340000	0,265863
171,350000	0,311753
171,360000	0,234632
171,370000	0,204038
171,380000	0,234632
171,390000	0,208500
171,400000	0,222522
171,410000	0,255665
171,420000	0,237181
171,430000	0,221247
171,440000	0,227621
171,450000	0,214236
171,460000	0,262676
171,470000	0,242280
171,480000	0,197665
171,490000	0,249929
171,500000	0,223797
171,510000	0,236544
171,520000	0,238456
171,530000	0,234632
171,540000	0,234632
171,550000	0,240368
171,560000	0,237819
171,570000	0,294544
171,580000	0,225071
171,590000	0,288171
171,600000	0,246742
171,610000	0,337885
171,620000	0,311753
171,630000	0,241005
171,640000	0,324500
171,650000	0,260764
171,660000	0,198939
171,670000	0,243555
171,680000	0,213599
171,690000	0,239093
171,700000	0,187467
171,710000	0,258852
171,720000	0,267137
171,730000	0,213599
171,740000	0,265863
171,750000	0,247379
171,760000	0,262676
171,770000	0,249929
171,780000	0,285621
171,790000	0,241643
171,800000	0,223797
171,810000	0,239731
171,820000	0,230170
171,830000	0,222522
171,840000	0,239093
171,850000	0,250566
171,860000	0,236544
171,870000	0,230170
171,880000	0,232720
171,890000	0,232720
171,900000	0,244192
171,910000	0,245467
171,920000	0,244830
171,930000	0,244830
171,940000	0,242918
171,950000	0,240368
171,960000	0,228896
171,970000	0,241005
171,980000	0,233357
171,990000	0,238456
172,000000	0,239731
172,010000	0,237819
172,020000	0,242918
172,030000	0,236544
172,040000	0,241005
172,050000	0,237819
172,060000	0,241005
172,070000	0,241643
172,080000	0,235269
172,090000	0,246104
172,100000	0,237819
172,110000	0,242918
172,120000	0,238456
172,130000	0,248654
172,140000	0,216786
172,150000	0,242280
172,160000	0,234632
172,170000	0,244192
172,180000	0,239093
172,190000	0,252478
172,200000	0,239093
172,210000	0,249291
172,220000	0,244192
172,230000	0,265863
172,240000	0,237819
172,250000	0,265225
172,260000	0,233357
172,270000	0,230808
172,280000	0,225071
172,290000	0,248016
172,300000	0,246742
172,310000	0,260764
172,320000	0,239731
172,330000	0,255665
172,340000	0,260126
172,350000	0,260126
172,360000	0,274148
172,370000	0,249291
172,380000	0,258214
172,390000	0,234632
172,400000	0,228896
172,410000	0,237181
172,420000	0,233357
172,430000	0,225071
172,440000	0,249929
172,450000	0,198939
172,460000	0,249291
172,470000	0,297094
172,480000	0,253115
172,490000	0,248016
172,500000	0,224434
172,510000	0,223159
172,520000	0,212961
172,530000	0,253753
172,540000	0,255028
172,550000	0,209775
172,560000	0,197027
172,570000	0,209775
172,580000	0,160060
172,590000	0,272874
172,600000	0,170258
172,610000	0,301555
172,620000	0,270324
172,630000	0,260126
172,640000	0,210412
172,650000	0,257577
172,660000	0,240368
172,670000	0,298368
172,680000	0,218060
172,690000	0,280522
172,700000	0,204038
172,710000	0,267775
172,720000	0,239731
172,730000	0,253753
172,740000	0,275423
172,750000	0,280522
172,760000	0,247379
172,770000	0,291995
172,780000	0,244192
172,790000	0,218698
172,800000	0,250566
172,810000	0,196390
172,820000	0,242280
172,830000	0,211049
172,840000	0,239731
172,850000	0,209775
172,860000	0,230808
172,870000	0,250566
172,880000	0,277973
172,890000	0,237181
172,900000	0,283072
172,910000	0,249291
172,920000	0,203401
172,930000	0,229533
172,940000	0,259489
172,950000	0,232082
172,960000	0,226346
172,970000	0,153049
172,980000	0,227621
172,990000	0,283072
173,000000	0,235269
173,010000	0,208500
173,020000	0,249291
173,030000	0,198302
173,040000	0,222522
173,050000	0,235269
173,060000	0,295819
173,070000	0,247379
173,080000	0,281797
173,090000	0,266500
173,100000	0,274786
173,110000	0,216148
173,120000	0,237819
173,130000	0,259489
173,140000	0,247379
173,150000	0,253753
173,160000	0,193203
173,170000	0,260764
173,180000	0,219972
173,190000	0,251841
173,200000	0,258214
173,210000	0,244830
173,220000	0,249291
173,230000	0,244192
173,240000	0,243555
173,250000	0,253115
173,260000	0,250566
173,270000	0,263313
173,280000	0,230808
173,290000	0,262676
173,300000	0,252478
173,310000	0,258852
173,320000	0,241643
173,330000	0,248654
173,340000	0,249291
173,350000	0,244830
173,360000	0,246104
173,370000	0,249929
173,380000	0,239731
173,390000	0,244830
173,400000	0,234632
173,410000	0,238456
173,420000	0,235269
173,430000	0,253115
173,440000	0,244830
173,450000	0,255665
173,460000	0,243555
173,470000	0,249291
173,480000	0,255665
173,490000	0,249291
173,500000	0,248654
173,510000	0,246742
173,520000	0,237819
173,530000	0,238456
173,540000	0,239731
173,550000	0,240368
173,560000	0,234632
173,570000	0,239093
173,580000	0,256940
173,590000	0,238456
173,600000	0,253753
173,610000	0,249929
173,620000	0,255028
173,630000	0,271599
173,640000	0,247379
173,650000	0,239731
173,660000	0,232082
173,670000	0,220610
173,680000	0,239731
173,690000	0,228258
173,700000	0,194478
173,710000	0,236544
173,720000	0,206588
173,730000	0,239093
173,740000	0,224434
173,750000	0,255665
173,760000	0,264588
173,770000	0,249291
173,780000	0,240368
173,790000	0,221247
173,800000	0,224434
173,810000	0,280522
173,820000	0,228896
173,830000	0,164522
173,840000	0,230808
173,850000	0,204676
173,860000	0,265225
173,870000	0,260126
173,880000	0,269687
173,890000	0,258214
173,900000	0,269687
173,910000	0,263951
173,920000	0,334698
173,930000	0,255665
173,940000	0,334698
173,950000	0,230170
173,960000	0,263313
173,970000	0,232720
173,980000	0,276698
173,990000	0,280522
174,000000	0,254390
174,010000	0,234632
174,020000	0,276061
174,030000	0,183005
174,040000	0,294544
174,050000	0,239731
174,060000	0,277335
174,070000	0,226346
174,080000	0,230808
174,090000	0,219972
174,100000	0,183643
174,110000	0,221247
174,120000	0,214873
174,130000	0,213599
174,140000	0,263951
174,150000	0,219335
174,160000	0,297094
174,170000	0,233357
174,180000	0,245467
174,190000	0,248654
174,200000	0,243555
174,210000	0,258214
174,220000	0,244830
174,230000	0,219335
174,240000	0,230170
174,250000	0,193840
174,260000	0,216786
174,270000	0,249929
174,280000	0,190016
174,290000	0,259489
174,300000	0,338522
174,310000	0,235907
174,320000	0,344259
174,330000	0,233357
174,340000	0,340435
174,350000	0,253753
174,360000	0,306654
174,370000	0,308566
174,380000	0,238456
174,390000	0,275423
174,400000	0,253753
174,410000	0,197027
174,420000	0,232082
174,430000	0,230808
174,440000	0,253115
174,450000	0,207225
174,460000	0,279247
174,470000	0,286258
174,480000	0,233357
174,490000	0,266500
174,500000	0,241005
174,510000	0,275423
174,520000	0,246104
174,530000	0,277973
174,540000	0,245467
174,550000	0,225071
174,560000	0,239731
174,570000	0,249291
174,580000	0,228258
174,590000	0,258214
174,600000	0,233357
174,610000	0,248654
174,620000	0,233994
174,630000	0,233357
174,640000	0,250566
174,650000	0,238456
174,660000	0,240368
174,670000	0,232082
174,680000	0,240368
174,690000	0,237181
174,700000	0,246742
174,710000	0,248016
174,720000	0,249929
174,730000	0,247379
174,740000	0,255028
174,750000	0,248654
174,760000	0,249929
174,770000	0,249291
174,780000	0,246742
174,790000	0,228896
174,800000	0,248654
174,810000	0,234632
174,820000	0,248654
174,830000	0,257577
174,840000	0,252478
174,850000	0,258852
174,860000	0,249291
174,870000	0,244830
174,880000	0,289445
174,890000	0,253753
174,900000	0,279247
174,910000	0,248654
174,920000	0,276698
174,930000	0,239093
174,940000	0,235269
174,950000	0,261401
174,960000	0,233357
174,970000	0,225071
174,980000	0,228896
174,990000	0,258852
175,000000	0,251203
175,010000	0,249291
175,020000	0,265225
175,030000	0,260126
175,040000	0,249929
175,050000	0,262039
175,060000	0,272236
175,070000	0,249291
175,080000	0,276698
175,090000	0,232720
175,100000	0,172807
175,110000	0,244192
175,120000	0,179181
175,130000	0,249929
175,140000	0,222522
175,150000	0,270962
175,160000	0,276061
175,170000	0,269687
175,180000	0,270962
175,190000	0,318127
175,200000	0,268412
175,210000	0,269687
175,220000	0,233994
175,230000	0,269050
175,240000	0,228896
175,250000	0,197027
175,260000	0,250566
175,270000	0,281797
175,280000	0,228258
175,290000	0,279247
175,300000	0,195115
175,310000	0,270962
175,320000	0,327687
175,330000	0,274786
175,340000	0,255028
175,350000	0,221884
175,360000	0,190016
175,370000	0,231445
175,380000	0,202126
175,390000	0,279885
175,400000	0,178544
175,410000	0,241643
175,420000	0,183005
175,430000	0,244192
175,440000	0,250566
175,450000	0,285621
175,460000	0,276698
175,470000	0,242918
175,480000	0,265225
175,490000	0,291995
175,500000	0,250566
175,510000	0,242280
175,520000	0,241005
175,530000	0,260126
175,540000	0,246104
175,550000	0,253753
175,560000	0,208500
175,570000	0,246742
175,580000	0,205313
175,590000	0,248016
175,600000	0,234632
175,610000	0,291995
175,620000	0,258852
175,630000	0,299006
175,640000	0,243555
175,650000	0,211687
175,660000	0,259489
175,670000	0,160697
175,680000	0,222522
175,690000	0,242280
175,700000	0,234632
175,710000	0,234632
175,720000	0,164522
175,730000	0,244830
175,740000	0,290083
175,750000	0,265225
175,760000	0,249291
175,770000	0,278610
175,780000	0,232720
175,790000	0,267137
175,800000	0,242280
175,810000	0,260764
175,820000	0,241005
175,830000	0,231445
175,840000	0,263313
175,850000	0,264588
175,860000	0,226346
175,870000	0,257577
175,880000	0,256940
175,890000	0,252478
175,900000	0,246742
175,910000	0,220610
175,920000	0,246742
175,930000	0,230170
175,940000	0,248654
175,950000	0,228896
175,960000	0,251203
175,970000	0,241005
175,980000	0,248016
175,990000	0,242918
176,000000	0,262039
176,010000	0,249929
176,020000	0,273511
176,030000	0,246104
176,040000	0,267775
176,050000	0,238456
176,060000	0,246104
176,070000	0,245467
176,080000	0,239093
176,090000	0,260126
176,100000	0,241005
176,110000	0,250566
176,120000	0,237819
176,130000	0,252478
176,140000	0,246742
176,150000	0,264588
176,160000	0,253753
176,170000	0,276698
176,180000	0,239731
176,190000	0,256940
176,200000	0,239731
176,210000	0,246742
176,220000	0,257577
176,230000	0,243555
176,240000	0,223159
176,250000	0,245467
176,260000	0,242280
176,270000	0,243555
176,280000	0,255665
176,290000	0,235269
176,300000	0,249291
176,310000	0,251203
176,320000	0,240368
176,330000	0,262039
176,340000	0,224434
176,350000	0,232082
176,360000	0,241005
176,370000	0,204038
176,380000	0,229533
176,390000	0,204676
176,400000	0,232082
176,410000	0,240368
176,420000	0,246104
176,430000	0,252478
176,440000	0,242280
176,450000	0,243555
176,460000	0,297731
176,470000	0,242280
176,480000	0,257577
176,490000	0,240368
176,500000	0,229533
176,510000	0,257577
176,520000	0,244192
176,530000	0,253753
176,540000	0,255028
176,550000	0,221884
176,560000	0,259489
176,570000	0,286896
176,580000	0,262676
176,590000	0,355094
176,600000	0,237181
176,610000	0,347446
176,620000	0,233357
176,630000	0,260126
176,640000	0,252478
176,650000	0,242918
176,660000	0,218060
176,670000	0,236544
176,680000	0,202763
176,690000	0,244830
176,700000	0,209775
176,710000	0,284346
176,720000	0,205313
176,730000	0,238456
176,740000	0,219972
176,750000	0,244192
176,760000	0,268412
176,770000	0,244192
176,780000	0,240368
176,790000	0,246742
176,800000	0,249929
176,810000	0,241005
176,820000	0,260126
176,830000	0,227621
176,840000	0,242280
176,850000	0,272874
176,860000	0,249929
176,870000	0,252478
176,880000	0,240368
176,890000	0,268412
176,900000	0,248654
176,910000	0,232082
176,920000	0,251203
176,930000	0,264588
176,940000	0,248016
176,950000	0,246104
176,960000	0,224434
176,970000	0,239731
176,980000	0,262676
176,990000	0,250566
177,000000	0,249929
177,010000	0,244192
177,020000	0,243555
177,030000	0,299006
177,040000	0,245467
177,050000	0,224434
177,060000	0,251841
177,070000	0,252478
177,080000	0,252478
177,090000	0,255028
177,100000	0,246104
177,110000	0,234632
177,120000	0,237181
177,130000	0,247379
177,140000	0,218060
177,150000	0,239731
177,160000	0,257577
177,170000	0,245467
177,180000	0,238456
177,190000	0,237819
177,200000	0,241005
177,210000	0,218060
177,220000	0,251203
177,230000	0,248654
177,240000	0,255665
177,250000	0,249291
177,260000	0,242280
177,270000	0,250566
177,280000	0,251203
177,290000	0,254390
177,300000	0,244830
177,310000	0,240368
177,320000	0,253115
177,330000	0,219972
177,340000	0,251203
177,350000	0,239731
177,360000	0,247379
177,370000	0,246742
177,380000	0,242280
177,390000	0,248016
177,400000	0,248654
177,410000	0,255028
177,420000	0,247379
177,430000	0,254390
177,440000	0,242280
177,450000	0,249291
177,460000	0,248654
177,470000	0,248654
177,480000	0,244192
177,490000	0,248654
177,500000	0,245467
177,510000	0,254390
177,520000	0,252478
177,530000	0,269050
177,540000	0,251841
177,550000	0,293269
177,560000	0,262676
177,570000	0,263313
177,580000	0,256302
177,590000	0,260764
177,600000	0,254390
177,610000	0,249291
177,620000	0,235907
177,630000	0,258214
177,640000	0,269050
177,650000	0,255028
177,660000	0,251841
177,670000	0,255028
177,680000	0,248654
177,690000	0,259489
177,700000	0,265225
177,710000	0,259489
177,720000	0,255665
177,730000	0,244830
177,740000	0,252478
177,750000	0,222522
177,760000	0,236544
177,770000	0,231445
177,780000	0,228258
177,790000	0,249291
177,800000	0,234632
177,810000	0,249291
177,820000	0,279885
177,830000	0,252478
177,840000	0,230808
177,850000	0,248654
177,860000	0,224434
177,870000	0,246742
177,880000	0,240368
177,890000	0,225071
177,900000	0,188741
177,910000	0,200214
177,920000	0,204038
177,930000	0,209775
177,940000	0,226346
177,950000	0,274786
177,960000	0,248016
177,970000	0,283072
177,980000	0,257577
177,990000	0,275423
178,000000	0,263951
178,010000	0,269050
178,020000	0,263951
178,030000	0,260764
178,040000	0,252478
178,050000	0,248654
178,060000	0,254390
178,070000	0,244830
178,080000	0,253753
178,090000	0,249929
178,100000	0,243555
178,110000	0,256302
178,120000	0,248016
178,130000	0,256302
178,140000	0,249929
178,150000	0,249291
178,160000	0,240368
178,170000	0,244192
178,180000	0,239731
178,190000	0,244192
178,200000	0,249291
178,210000	0,246104
178,220000	0,248654
178,230000	0,248654
178,240000	0,242918
178,250000	0,245467
178,260000	0,239093
178,270000	0,253753
178,280000	0,241643
178,290000	0,236544
178,300000	0,246742
178,310000	0,234632
178,320000	0,251203
178,330000	0,237819
178,340000	0,231445
178,350000	0,236544
178,360000	0,249929
178,370000	0,238456
178,380000	0,261401
178,390000	0,242918
178,400000	0,258214
178,410000	0,238456
178,420000	0,251203
178,430000	0,241643
178,440000	0,255665
178,450000	0,247379
178,460000	0,246742
178,470000	0,254390
178,480000	0,258852
178,490000	0,256302
178,500000	0,255665
178,510000	0,249291
178,520000	0,256302
178,530000	0,251841
178,540000	0,246742
178,550000	0,252478
178,560000	0,244830
178,570000	0,254390
178,580000	0,249291
178,590000	0,246742
178,600000	0,248654
178,610000	0,240368
178,620000	0,246104
178,630000	0,246742
178,640000	0,246104
178,650000	0,251203
178,660000	0,244830
178,670000	0,248654
178,680000	0,242280
178,690000	0,236544
178,700000	0,248016
178,710000	0,242918
178,720000	0,237819
178,730000	0,246742
178,740000	0,247379
178,750000	0,249291
178,760000	0,242918
178,770000	0,248654
178,780000	0,246104
178,790000	0,243555
178,800000	0,239093
178,810000	0,247379
178,820000	0,231445
178,830000	0,246742
178,840000	0,239731
178,850000	0,235907
178,860000	0,232720
178,870000	0,239093
178,880000	0,242918
178,890000	0,242918
178,900000	0,248016
178,910000	0,256302
178,920000	0,246742
178,930000	0,255665
178,940000	0,244830
178,950000	0,251203
178,960000	0,252478
178,970000	0,249929
178,980000	0,249291
178,990000	0,245467
179,000000	0,254390
179,010000	0,248654
179,020000	0,257577
179,030000	0,248016
179,040000	0,256940
179,050000	0,259489
179,060000	0,247379
179,070000	0,261401
179,080000	0,243555
179,090000	0,255028
179,100000	0,247379
179,110000	0,234632
179,120000	0,244830
179,130000	0,258852
179,140000	0,246742
179,150000	0,241643
179,160000	0,253753
179,170000	0,239731
179,180000	0,270324
179,190000	0,261401
179,200000	0,265225
179,210000	0,262676
179,220000	0,246742
179,230000	0,262676
179,240000	0,247379
179,250000	0,258852
179,260000	0,233994
179,270000	0,239731
179,280000	0,246104
179,290000	0,228258
179,300000	0,251841
179,310000	0,242280
179,320000	0,239731
179,330000	0,248654
179,340000	0,242280
179,350000	0,245467
179,360000	0,241643
179,370000	0,242280
179,380000	0,248654
179,390000	0,253115
179,400000	0,248016
179,410000	0,255028
179,420000	0,245467
179,430000	0,258214
179,440000	0,252478
179,450000	0,256302
179,460000	0,246104
179,470000	0,252478
179,480000	0,248654
179,490000	0,255665
179,500000	0,244830
179,510000	0,253115
179,520000	0,246742
179,530000	0,265225
179,540000	0,257577
179,550000	0,265225
179,560000	0,256302
179,570000	0,253753
179,580000	0,263951
179,590000	0,260126
179,600000	0,253753
179,610000	0,254390
179,620000	0,255665
179,630000	0,251841
179,640000	0,256302
179,650000	0,241005
179,660000	0,249929
179,670000	0,246742
179,680000	0,250566
179,690000	0,249929
179,700000	0,256940
179,710000	0,252478
179,720000	0,256302
179,730000	0,254390
179,740000	0,254390
179,750000	0,247379
179,760000	0,252478
179,770000	0,250566
179,780000	0,242280
179,790000	0,251841
179,800000	0,248654
179,810000	0,246742
179,820000	0,250566
179,830000	0,252478
179,840000	0,248016
179,850000	0,249291
179,860000	0,251203
179,870000	0,244830
179,880000	0,248016
179,890000	0,246104
179,900000	0,242280
179,910000	0,249291
179,920000	0,249291
179,930000	0,246104
179,940000	0,252478
179,950000	0,249929
179,960000	0,254390
179,970000	0,252478
179,980000	0,247379
179,990000	0,250566
180,000000	0,255028
180,010000	0,256302
180,020000	0,254390
180,030000	0,249929
180,040000	0,245467
180,050000	0,262039
180,060000	0,242918
180,070000	0,260764
180,080000	0,244830
180,090000	0,258214
180,100000	0,246104
180,110000	0,265863
180,120000	0,253115
180,130000	0,256940
180,140000	0,254390
180,150000	0,251203
180,160000	0,254390
180,170000	0,247379
180,180000	0,252478
180,190000	0,220610
180,200000	0,245467
180,210000	0,253115
180,220000	0,252478
180,230000	0,253115
180,240000	0,273511
180,250000	0,249291
180,260000	0,241005
180,270000	0,247379
180,280000	0,253115
180,290000	0,246104
180,300000	0,245467
180,310000	0,241643
180,320000	0,239093
180,330000	0,256302
180,340000	0,249291
180,350000	0,244830
180,360000	0,235907
180,370000	0,253753
180,380000	0,245467
180,390000	0,248016
180,400000	0,231445
180,410000	0,221247
180,420000	0,233357
180,430000	0,241005
180,440000	0,239731
180,450000	0,242280
180,460000	0,246104
180,470000	0,242280
180,480000	0,243555
180,490000	0,257577
180,500000	0,237181
180,510000	0,245467
180,520000	0,245467
180,530000	0,237819
180,540000	0,249291
180,550000	0,246104
180,560000	0,249929
180,570000	0,248654
180,580000	0,230170
180,590000	0,242280
180,600000	0,244192
180,610000	0,254390
180,620000	0,255028
180,630000	0,252478
180,640000	0,249929
180,650000	0,253753
180,660000	0,249929
180,670000	0,252478
180,680000	0,250566
180,690000	0,248654
180,700000	0,231445
180,710000	0,243555
180,720000	0,241643
180,730000	0,246742
180,740000	0,246104
180,750000	0,249291
180,760000	0,241005
180,770000	0,242280
180,780000	0,251841
180,790000	0,234632
180,800000	0,248016
180,810000	0,244192
180,820000	0,251203
180,830000	0,239731
180,840000	0,243555
180,850000	0,244192
180,860000	0,244192
180,870000	0,244830
180,880000	0,244830
180,890000	0,236544
180,900000	0,248654
180,910000	0,247379
180,920000	0,255028
180,930000	0,248654
180,940000	0,254390
180,950000	0,245467
180,960000	0,249291
180,970000	0,251841
180,980000	0,244830
180,990000	0,249291
181,000000	0,248016
181,010000	0,249929
181,020000	0,248654
181,030000	0,246742
181,040000	0,246742
181,050000	0,251203
181,060000	0,246742
181,070000	0,254390
181,080000	0,244830
181,090000	0,254390
181,100000	0,247379
181,110000	0,253115
181,120000	0,251203
181,130000	0,251203
181,140000	0,245467
181,150000	0,251203
181,160000	0,247379
181,170000	0,251203
181,180000	0,249929
181,190000	0,251203
181,200000	0,248016
181,210000	0,250566
181,220000	0,248654
181,230000	0,249929
181,240000	0,247379
181,250000	0,248016
181,260000	0,251203
181,270000	0,243555
181,280000	0,256302
181,290000	0,242280
181,300000	0,249291
181,310000	0,246742
181,320000	0,244192
181,330000	0,244192
181,340000	0,249929
181,350000	0,249291
181,360000	0,248654
181,370000	0,248016
181,380000	0,249929
181,390000	0,250566
181,400000	0,246104
181,410000	0,250566
181,420000	0,244192
181,430000	0,249291
181,440000	0,250566
181,450000	0,249291
181,460000	0,252478
181,470000	0,256302
181,480000	0,251841
181,490000	0,249929
181,500000	0,249291
181,510000	0,253753
181,520000	0,251841
181,530000	0,250566
181,540000	0,256940
181,550000	0,254390
181,560000	0,250566
181,570000	0,258214
181,580000	0,253753
181,590000	0,255028
181,600000	0,250566
181,610000	0,252478
181,620000	0,247379
181,630000	0,252478
181,640000	0,252478
181,650000	0,256302
181,660000	0,251841
181,670000	0,256940
181,680000	0,249929
181,690000	0,253753
181,700000	0,250566
181,710000	0,251841
181,720000	0,256302
181,730000	0,256302
181,740000	0,251203
181,750000	0,255028
181,760000	0,252478
181,770000	0,253115
181,780000	0,245467
181,790000	0,251203
181,800000	0,254390
181,810000	0,253115
181,820000	0,255665
181,830000	0,249291
181,840000	0,250566
181,850000	0,253115
181,860000	0,251841
181,870000	0,253753
181,880000	0,243555
181,890000	0,255665
181,900000	0,245467
181,910000	0,254390
181,920000	0,249291
181,930000	0,255665
181,940000	0,251841
181,950000	0,253753
181,960000	0,251841
181,970000	0,253753
181,980000	0,249291
181,990000	0,251203
182,000000	0,253115
182,010000	0,253115
182,020000	0,246742
182,030000	0,251841
182,040000	0,241643
182,050000	0,246742
182,060000	0,252478
182,070000	0,244830
182,080000	0,253753
182,090000	0,246742
182,100000	0,255665
182,110000	0,250566
182,120000	0,264588
182,130000	0,250566
182,140000	0,253753
182,150000	0,253753
182,160000	0,256940
182,170000	0,254390
182,180000	0,255028
182,190000	0,251841
182,200000	0,255665
182,210000	0,254390
182,220000	0,253753
182,230000	0,255028
182,240000	0,249291
182,250000	0,255665
182,260000	0,246742
182,270000	0,246742
182,280000	0,244830
182,290000	0,250566
182,300000	0,245467
182,310000	0,251203
182,320000	0,248016
182,330000	0,248654
182,340000	0,242280
182,350000	0,248654
182,360000	0,244830
182,370000	0,249291
182,380000	0,248654
182,390000	0,250566
182,400000	0,250566
182,410000	0,248016
182,420000	0,246104
182,430000	0,247379
182,440000	0,251841
182,450000	0,247379
182,460000	0,246104
182,470000	0,246104
182,480000	0,249929
182,490000	0,249291
182,500000	0,244830
182,510000	0,246104
182,520000	0,251203
182,530000	0,251203
182,540000	0,249291
182,550000	0,247379
182,560000	0,256940
182,570000	0,250566
182,580000	0,248654
182,590000	0,244830
182,600000	0,249291
182,610000	0,247379
182,620000	0,244830
182,630000	0,248016
182,640000	0,247379
182,650000	0,246104
182,660000	0,244830
182,670000	0,249291
182,680000	0,249929
182,690000	0,248016
182,700000	0,243555
182,710000	0,246742
182,720000	0,245467
182,730000	0,249291
182,740000	0,248654
182,750000	0,249929
182,760000	0,246742
182,770000	0,246742
182,780000	0,242280
182,790000	0,249291
182,800000	0,244192
182,810000	0,250566
182,820000	0,241643
182,830000	0,252478
182,840000	0,245467
182,850000	0,246742
182,860000	0,245467
182,870000	0,245467
182,880000	0,239731
182,890000	0,251203
182,900000	0,244830
182,910000	0,248654
182,920000	0,241005
182,930000	0,245467
182,940000	0,246742
182,950000	0,250566
182,960000	0,246104
182,970000	0,246104
182,980000	0,245467
182,990000	0,247379
183,000000	0,247379
183,010000	0,246104
183,020000	0,242918
183,030000	0,247379
183,040000	0,244192
183,050000	0,249291
183,060000	0,246104
183,070000	0,246104
183,080000	0,246742
183,090000	0,245467
183,100000	0,246104
183,110000	0,253115
183,120000	0,247379
183,130000	0,244830
183,140000	0,248016
183,150000	0,250566
183,160000	0,248654
183,170000	0,250566
183,180000	0,249291
183,190000	0,249291
183,200000	0,244830
183,210000	0,251203
183,220000	0,251841
183,230000	0,251841
183,240000	0,245467
183,250000	0,246742
183,260000	0,251203
183,270000	0,249291
183,280000	0,249929
183,290000	0,246742
183,300000	0,249291
183,310000	0,248016
183,320000	0,245467
183,330000	0,246742
183,340000	0,246104
183,350000	0,249291
183,360000	0,251841
183,370000	0,249291
183,380000	0,248654
183,390000	0,248654
183,400000	0,249291
183,410000	0,252478
183,420000	0,246104
183,430000	0,251841
183,440000	0,248654
183,450000	0,247379
183,460000	0,245467
183,470000	0,248016
183,480000	0,248654
183,490000	0,245467
183,500000	0,244830
183,510000	0,249929
183,520000	0,249291
183,530000	0,248016
183,540000	0,249291
183,550000	0,242280
183,560000	0,250566
183,570000	0,249291
183,580000	0,251841
183,590000	0,250566
183,600000	0,251203
183,610000	0,253115
183,620000	0,248654
183,630000	0,251841
183,640000	0,251203
183,650000	0,253115
183,660000	0,248654
183,670000	0,255665
183,680000	0,251841
183,690000	0,249929
183,700000	0,249291
183,710000	0,254390
183,720000	0,250566
183,730000	0,254390
183,740000	0,254390
183,750000	0,250566
183,760000	0,256940
183,770000	0,254390
183,780000	0,249929
183,790000	0,257577
183,800000	0,249291
183,810000	0,257577
183,820000	0,251203
183,830000	0,250566
183,840000	0,251841
183,850000	0,251841
183,860000	0,253753
183,870000	0,253115
183,880000	0,248654
183,890000	0,253753
183,900000	0,249929
183,910000	0,252478
183,920000	0,250566
183,930000	0,254390
183,940000	0,254390
183,950000	0,251203
183,960000	0,253753
183,970000	0,248654
183,980000	0,249929
183,990000	0,251203
184,000000	0,253115
184,010000	0,248016
184,020000	0,251203
184,030000	0,251841
184,040000	0,249929
184,050000	0,255028
184,060000	0,249929
184,070000	0,255028
184,080000	0,249291
184,090000	0,253753
184,100000	0,250566
184,110000	0,254390
184,120000	0,252478
184,130000	0,253115
184,140000	0,252478
184,150000	0,252478
184,160000	0,248016
184,170000	0,248016
184,180000	0,248016
184,190000	0,251841
184,200000	0,256302
184,210000	0,249291
184,220000	0,250566
184,230000	0,252478
184,240000	0,252478
184,250000	0,251203
184,260000	0,243555
184,270000	0,246742
184,280000	0,254390
184,290000	0,249929
184,300000	0,255028
184,310000	0,249929
184,320000	0,251841
184,330000	0,247379
184,340000	0,251841
184,350000	0,251841
184,360000	0,254390
184,370000	0,248016
184,380000	0,251203
184,390000	0,249291
184,400000	0,253115
184,410000	0,248654
184,420000	0,247379
184,430000	0,245467
184,440000	0,255028
184,450000	0,251203
184,460000	0,248654
184,470000	0,248016
184,480000	0,257577
184,490000	0,248016
184,500000	0,243555
184,510000	0,248654
184,520000	0,248016
184,530000	0,246742
184,540000	0,244192
184,550000	0,249929
184,560000	0,249291
184,570000	0,249929
184,580000	0,250566
184,590000	0,249929
184,600000	0,246742
184,610000	0,248016
184,620000	0,248016
184,630000	0,248654
184,640000	0,250566
184,650000	0,246104
184,660000	0,244830
184,670000	0,246742
184,680000	0,247379
184,690000	0,245467
184,700000	0,252478
184,710000	0,244192
184,720000	0,248654
184,730000	0,241643
184,740000	0,253115
184,750000	0,250566
184,760000	0,251841
184,770000	0,244830
184,780000	0,248654
184,790000	0,244830
184,800000	0,248654
184,810000	0,248654
184,820000	0,249929
184,830000	0,251203
184,840000	0,247379
184,850000	0,246104
184,860000	0,241643
184,870000	0,246104
184,880000	0,248016
184,890000	0,247379
184,900000	0,249929
184,910000	0,248016
184,920000	0,241643
184,930000	0,251203
184,940000	0,244830
184,950000	0,249291
184,960000	0,242280
184,970000	0,249291
184,980000	0,239731
184,990000	0,251203
185,000000	0,244830
185,010000	0,250566
185,020000	0,244830
185,030000	0,249291
185,040000	0,242918
185,050000	0,252478
185,060000	0,239731
185,070000	0,252478
185,080000	0,246104
185,090000	0,252478
185,100000	0,244830
185,110000	0,249291
185,120000	0,245467
185,130000	0,250566
185,140000	0,239731
185,150000	0,243555
185,160000	0,246742
185,170000	0,251841
185,180000	0,245467
185,190000	0,249291
185,200000	0,249929
185,210000	0,249929
185,220000	0,242918
185,230000	0,251203
185,240000	0,248654
185,250000	0,253753
185,260000	0,249929
185,270000	0,249291
185,280000	0,249291
185,290000	0,252478
185,300000	0,242280
185,310000	0,242918
185,320000	0,249291
185,330000	0,249929
185,340000	0,245467
185,350000	0,250566
185,360000	0,248016
185,370000	0,253753
185,380000	0,248016
185,390000	0,253115
185,400000	0,249929
185,410000	0,249291
185,420000	0,242918
185,430000	0,246742
185,440000	0,246742
185,450000	0,249929
185,460000	0,242280
185,470000	0,252478
185,480000	0,246742
185,490000	0,249929
185,500000	0,252478
185,510000	0,251203
185,520000	0,251203
185,530000	0,245467
185,540000	0,251841
185,550000	0,248654
185,560000	0,251203
185,570000	0,249291
185,580000	0,253753
185,590000	0,251203
185,600000	0,248654
185,610000	0,251841
185,620000	0,251841
185,630000	0,248654
185,640000	0,250566
185,650000	0,245467
185,660000	0,252478
185,670000	0,249291
185,680000	0,250566
185,690000	0,247379
185,700000	0,254390
185,710000	0,247379
185,720000	0,247379
185,730000	0,244830
185,740000	0,251841
185,750000	0,254390
185,760000	0,253115
185,770000	0,248654
185,780000	0,254390
185,790000	0,251203
185,800000	0,250566
185,810000	0,248016
185,820000	0,253753
185,830000	0,248016
185,840000	0,254390
185,850000	0,250566
185,860000	0,251841
185,870000	0,249929
185,880000	0,250566
185,890000	0,250566
185,900000	0,251841
185,910000	0,252478
185,920000	0,252478
185,930000	0,251841
185,940000	0,252478
185,950000	0,250566
185,960000	0,251203
185,970000	0,252478
185,980000	0,250566
185,990000	0,249929
186,000000	0,251203
186,010000	0,255028
186,020000	0,253753
186,030000	0,252478
186,040000	0,249929
186,050000	0,251203
186,060000	0,251203
186,070000	0,251203
186,080000	0,249929
186,090000	0,249929
186,100000	0,249291
186,110000	0,251203
186,120000	0,252478
186,130000	0,250566
186,140000	0,256940
186,150000	0,249929
186,160000	0,249929
186,170000	0,251841
186,180000	0,251841
186,190000	0,252478
186,200000	0,249291
186,210000	0,252478
186,220000	0,250566
186,230000	0,255028
186,240000	0,248654
186,250000	0,253115
186,260000	0,248654
186,270000	0,256940
186,280000	0,245467
186,290000	0,256302
186,300000	0,248654
186,310000	0,254390
186,320000	0,249929
186,330000	0,253753
186,340000	0,248654
186,350000	0,252478
186,360000	0,252478
186,370000	0,250566
186,380000	0,248654
186,390000	0,251203
186,400000	0,249291
186,410000	0,251203
186,420000	0,248016
186,430000	0,248016
186,440000	0,253753
186,450000	0,254390
186,460000	0,249291
186,470000	0,249291
186,480000	0,255028
186,490000	0,255028
186,500000	0,247379
186,510000	0,250566
186,520000	0,249929
186,530000	0,249929
186,540000	0,241643
186,550000	0,253753
186,560000	0,250566
186,570000	0,252478
186,580000	0,244830
186,590000	0,256302
186,600000	0,246742
186,610000	0,256302
186,620000	0,243555
186,630000	0,253115
186,640000	0,246742
186,650000	0,251841
186,660000	0,248654
186,670000	0,248654
186,680000	0,244830
186,690000	0,249291
186,700000	0,244830
186,710000	0,251841
186,720000	0,244830
186,730000	0,253115
186,740000	0,249929
186,750000	0,249291
186,760000	0,245467
186,770000	0,248654
186,780000	0,242918
186,790000	0,248016
186,800000	0,248654
186,810000	0,249291
186,820000	0,244830
186,830000	0,251203
186,840000	0,246104
186,850000	0,247379
186,860000	0,247379
186,870000	0,247379
186,880000	0,245467
186,890000	0,249291
186,900000	0,247379
186,910000	0,249929
186,920000	0,240368
186,930000	0,250566
186,940000	0,245467
186,950000	0,244830
186,960000	0,241643
186,970000	0,251841
186,980000	0,241005
186,990000	0,248016
187,000000	0,240368
187,010000	0,246742
187,020000	0,240368
187,030000	0,251203
187,040000	0,246104
187,050000	0,244830
187,060000	0,244830
187,070000	0,248654
187,080000	0,246742
187,090000	0,248654
187,100000	0,241005
187,110000	0,247379
187,120000	0,245467
187,130000	0,245467
187,140000	0,248654
187,150000	0,244830
187,160000	0,246104
187,170000	0,248654
187,180000	0,249929
187,190000	0,248016
187,200000	0,250566
187,210000	0,244830
187,220000	0,246742
187,230000	0,242918
187,240000	0,247379
187,250000	0,245467
187,260000	0,250566
187,270000	0,242280
187,280000	0,248654
187,290000	0,247379
187,300000	0,248654
187,310000	0,246742
187,320000	0,249929
187,330000	0,245467
187,340000	0,251841
187,350000	0,244192
187,360000	0,246742
187,370000	0,245467
187,380000	0,246104
187,390000	0,244830
187,400000	0,248654
187,410000	0,248016
187,420000	0,250566
187,430000	0,245467
187,440000	0,249929
187,450000	0,244830
187,460000	0,252478
187,470000	0,248654
187,480000	0,246104
187,490000	0,250566
187,500000	0,251203
187,510000	0,244830
187,520000	0,249291
187,530000	0,247379
187,540000	0,249929
187,550000	0,249929
187,560000	0,245467
187,570000	0,248016
187,580000	0,249929
187,590000	0,247379
187,600000	0,246742
187,610000	0,246742
187,620000	0,250566
187,630000	0,247379
187,640000	0,248016
187,650000	0,248016
187,660000	0,247379
187,670000	0,249929
187,680000	0,248654
187,690000	0,252478
187,700000	0,251203
187,710000	0,249929
187,720000	0,249929
187,730000	0,246104
187,740000	0,253115
187,750000	0,252478
187,760000	0,256302
187,770000	0,246104
187,780000	0,253115
187,790000	0,244830
187,800000	0,246742
187,810000	0,249929
187,820000	0,245467
187,830000	0,251203
187,840000	0,250566
187,850000	0,241005
187,860000	0,247379
187,870000	0,248654
187,880000	0,251841
187,890000	0,253753
187,900000	0,249929
187,910000	0,248654
187,920000	0,255028
187,930000	0,246742
187,940000	0,247379
187,950000	0,250566
187,960000	0,248016
187,970000	0,249291
187,980000	0,247379
187,990000	0,252478
188,000000	0,251203
188,010000	0,253753
188,020000	0,246104
188,030000	0,251203
188,040000	0,249929
188,050000	0,253115
188,060000	0,248654
188,070000	0,253115
188,080000	0,257577
188,090000	0,256302
188,100000	0,246104
188,110000	0,251203
188,120000	0,249291
188,130000	0,254390
188,140000	0,249929
188,150000	0,248654
188,160000	0,247379
188,170000	0,254390
188,180000	0,254390
188,190000	0,253753
188,200000	0,251841
188,210000	0,250566
188,220000	0,249929
188,230000	0,256940
188,240000	0,249929
188,250000	0,254390
188,260000	0,243555
188,270000	0,253753
188,280000	0,252478
188,290000	0,248654
188,300000	0,254390
188,310000	0,246104
188,320000	0,254390
188,330000	0,249291
188,340000	0,253753
188,350000	0,248016
188,360000	0,249291
188,370000	0,253115
188,380000	0,248654
188,390000	0,251203
188,400000	0,249929
188,410000	0,252478
188,420000	0,248654
188,430000	0,243555
188,440000	0,248016
188,450000	0,252478
188,460000	0,251203
188,470000	0,252478
188,480000	0,247379
188,490000	0,251203
188,500000	0,248016
188,510000	0,252478
188,520000	0,270962
188,530000	0,252478
188,540000	0,247379
188,550000	0,246104
188,560000	0,246104
188,570000	0,258852
188,580000	0,247379
188,590000	0,254390
188,600000	0,253115
188,610000	0,251841
188,620000	0,245467
188,630000	0,255028
188,640000	0,241005
188,650000	0,250566
188,660000	0,244192
188,670000	0,257577
188,680000	0,245467
188,690000	0,253753
188,700000	0,228896
188,710000	0,254390
188,720000	0,239731
188,730000	0,253115
188,740000	0,243555
188,750000	0,255665
188,760000	0,245467
188,770000	0,254390
188,780000	0,245467
188,790000	0,253115
188,800000	0,232082
188,810000	0,249291
188,820000	0,246104
188,830000	0,244192
188,840000	0,247379
188,850000	0,249929
188,860000	0,241643
188,870000	0,249929
188,880000	0,248016
188,890000	0,253753
188,900000	0,244830
188,910000	0,251203
188,920000	0,240368
188,930000	0,252478
188,940000	0,245467
188,950000	0,250566
188,960000	0,247379
188,970000	0,251203
188,980000	0,242918
188,990000	0,255665
189,000000	0,239731
189,010000	0,246742
189,020000	0,243555
189,030000	0,260126
189,040000	0,242280
189,050000	0,248654
189,060000	0,244830
189,070000	0,253753
189,080000	0,245467
189,090000	0,247379
189,100000	0,242280
189,110000	0,249291
189,120000	0,241643
189,130000	0,250566
189,140000	0,244192
189,150000	0,250566
189,160000	0,232720
189,170000	0,249291
189,180000	0,241005
189,190000	0,259489
189,200000	0,240368
189,210000	0,249291
189,220000	0,246104
189,230000	0,258214
189,240000	0,246742
189,250000	0,246104
189,260000	0,250566
189,270000	0,249929
189,280000	0,252478
189,290000	0,247379
189,300000	0,246104
189,310000	0,237819
189,320000	0,246104
189,330000	0,249291
189,340000	0,241643
189,350000	0,251203
189,360000	0,233994
189,370000	0,254390
189,380000	0,240368
189,390000	0,246742
189,400000	0,244830
189,410000	0,248654
189,420000	0,241643
189,430000	0,277335
189,440000	0,247379
189,450000	0,248654
189,460000	0,246742
189,470000	0,249291
189,480000	0,248016
189,490000	0,243555
189,500000	0,245467
189,510000	0,248654
189,520000	0,251203
189,530000	0,235907
189,540000	0,254390
189,550000	0,227621
189,560000	0,242280
189,570000	0,247379
189,580000	0,248654
189,590000	0,249291
189,600000	0,239093
189,610000	0,248016
189,620000	0,246742
189,630000	0,246742
189,640000	0,249929
189,650000	0,240368
189,660000	0,252478
189,670000	0,248654
189,680000	0,248016
189,690000	0,251203
189,700000	0,281160
189,710000	0,247379
189,720000	0,241643
189,730000	0,248016
189,740000	0,247379
189,750000	0,253115
189,760000	0,244830
189,770000	0,263951
189,780000	0,246742
189,790000	0,254390
189,800000	0,244830
189,810000	0,254390
189,820000	0,252478
189,830000	0,256940
189,840000	0,244830
189,850000	0,254390
189,860000	0,247379
189,870000	0,265863
189,880000	0,241005
189,890000	0,225071
189,900000	0,244830
189,910000	0,253753
189,920000	0,245467
189,930000	0,246742
189,940000	0,251841
189,950000	0,253115
189,960000	0,241643
189,970000	0,252478
189,980000	0,247379
189,990000	0,239093
