;FLAVOR:Marlin
;TIME:5020
;Filament used: 3.55718m
;Layer height: 0.2
;MINX:58.499
;MINY:51.113
;MINZ:0.2
;MAXX:172.32
;MAXY:162.783
;MAXZ:7
;TARGET_MACHINE.NAME:Creality Ender-3
;Generated with Cura_SteamEngine 5.10.2
M140 S50
M105
M190 S50
M104 S200
M105
M109 S200
; Ender 3 Custom Start G-code
G92 E0 ; Reset Extruder
G28 ; Home all axes
G1 Z2.0 F3000 ; Move Z Axis up little to prevent scratching of Heat Bed
G1 X0.1 Y20 Z0.3 F5000.0 ; Move to start position
G1 X0.1 Y200.0 Z0.3 F1500.0 E15 ; Draw the first line
G1 X0.4 Y200.0 Z0.3 F5000.0 ; Move to side a little
G1 X0.4 Y20 Z0.3 F1500.0 E30 ; Draw the second line
G92 E0 ; Reset Extruder
G1 Z2.0 F3000 ; Move Z Axis up little to prevent scratching of Heat Bed
G1 X5 Y20 Z0.3 F5000.0 ; Move over to prevent blob squish
M82 ;absolute extrusion mode
G92 E0
G92 E0
G1 F2700 E-5
;LAYER_COUNT:35
;LAYER:0
M107
G0 F6000 X62.555 Y84.25 Z0.2
;TYPE:SKIRT
G1 F2700 E0
G1 F1200 X63.605 Y83.49 E0.04311
G1 X64.897 Y82.674 E0.09394
G1 X67.017 Y81.286 E0.17822
G1 X69.065 Y79.859 E0.26124
G1 X71.09 Y78.364 E0.34496
G1 X73.085 Y76.8 E0.42927
G1 X75.022 Y75.193 E0.51298
G1 X76.91 Y73.533 E0.5966
G1 X78.742 Y71.828 E0.67983
G1 X80.533 Y70.063 E0.76347
G1 X82.298 Y68.223 E0.84827
G1 X83.972 Y66.378 E0.93113
G1 X85.609 Y64.466 E1.01485
G1 X87.193 Y62.506 E1.09866
G1 X88.709 Y60.519 E1.18179
G1 X90.184 Y58.47 E1.26576
G1 X91.814 Y56.056 E1.36264
G1 X92.395 Y55.258 E1.39547
G1 X93.035 Y54.525 E1.42784
G1 X93.712 Y53.874 E1.45908
G1 X94.5 Y53.242 E1.49267
G1 X95.31 Y52.703 E1.52503
G1 X96.133 Y52.254 E1.55621
G1 X97.043 Y51.856 E1.58925
G1 X97.548 Y51.675 E1.60709
G1 X98.485 Y51.412 E1.63946
G1 X99.454 Y51.23 E1.67225
G1 X100.637 Y51.128 E1.71175
G1 X101.294 Y51.113 E1.7336
G1 X128.286 Y51.113 E2.63136
G1 X129.16 Y51.126 E2.66043
G1 X129.986 Y51.171 E2.68795
G1 X130.95 Y51.303 E2.72031
G1 X131.899 Y51.519 E2.75268
G1 X132.825 Y51.818 E2.78505
G1 X133.658 Y52.169 E2.81511
G1 X134.582 Y52.659 E2.8499
G1 X135.397 Y53.191 E2.88227
G1 X136.135 Y53.771 E2.91349
G1 X136.846 Y54.438 E2.94591
G1 X137.513 Y55.185 E2.97922
G1 X137.978 Y55.8 E3.00486
G1 X139.598 Y58.122 E3.09903
G1 X141.071 Y60.109 E3.1813
G1 X142.645 Y62.113 E3.26605
G1 X144.227 Y64.015 E3.34834
G1 X145.921 Y65.938 E3.43357
G1 X147.627 Y67.764 E3.51669
G1 X149.371 Y69.53 E3.59924
G1 X151.225 Y71.305 E3.68461
G1 X153.092 Y72.993 E3.76832
G1 X155.016 Y74.636 E3.85247
G1 X156.918 Y76.171 E3.93377
G1 X158.959 Y77.723 E4.01905
G1 X160.995 Y79.182 E4.10236
G1 X163.112 Y80.61 E4.18729
G1 X165.202 Y81.937 E4.26963
G1 X166.423 Y82.666 E4.31693
G1 X167.106 Y83.086 E4.3436
G1 X167.909 Y83.635 E4.37595
G1 X168.609 Y84.206 E4.406
G1 X169.112 Y84.683 E4.42905
G1 X169.768 Y85.403 E4.46145
G1 X170.317 Y86.12 E4.49148
G1 X170.875 Y87.004 E4.52625
G1 X171.319 Y87.871 E4.55865
G1 X171.659 Y88.707 E4.58867
G1 X171.965 Y89.706 E4.62342
G1 X172.165 Y90.659 E4.65581
G1 X172.274 Y91.556 E4.68586
G1 X172.305 Y92.102 E4.70405
G1 X172.32 Y92.759 E4.72591
G1 X172.319 Y119.88 E5.62796
G1 X172.307 Y120.608 E5.65217
G1 X172.262 Y121.432 E5.67962
G1 X172.13 Y122.396 E5.71198
G1 X171.914 Y123.345 E5.74435
G1 X171.615 Y124.271 E5.77672
G1 X171.264 Y125.104 E5.80678
G1 X170.774 Y126.028 E5.84157
G1 X170.242 Y126.843 E5.87394
G1 X169.662 Y127.581 E5.90516
G1 X168.969 Y128.317 E5.93878
G1 X168.264 Y128.944 E5.97016
G1 X167.217 Y129.703 E6.01317
G1 X166.268 Y130.305 E6.05055
G1 X164.08 Y131.742 E6.13762
G1 X162.021 Y133.18 E6.22115
G1 X160.026 Y134.658 E6.30373
G1 X158.029 Y136.226 E6.38818
G1 X156.072 Y137.852 E6.4728
G1 X154.188 Y139.512 E6.55632
G1 X152.36 Y141.219 E6.6395
G1 X150.577 Y142.978 E6.72281
G1 X148.817 Y144.817 E6.80747
G1 X147.132 Y146.68 E6.89102
G1 X145.486 Y148.607 E6.97531
G1 X143.92 Y150.547 E7.05823
G1 X142.404 Y152.54 E7.14152
G1 X140.936 Y154.587 E7.2253
G1 X139.488 Y156.729 E7.3113
G1 X138.719 Y157.903 E7.35797
G1 X138.185 Y158.631 E7.388
G1 X137.392 Y159.519 E7.4276
G1 X136.616 Y160.231 E7.46263
G1 X135.899 Y160.78 E7.49266
G1 X135.015 Y161.338 E7.52743
G1 X134.147 Y161.782 E7.55986
G1 X133.241 Y162.146 E7.59234
G1 X132.214 Y162.453 E7.62799
G1 X131.329 Y162.633 E7.65802
G1 X129.884 Y162.77 E7.7063
G1 X129.26 Y162.783 E7.72706
G1 X102.14 Y162.782 E8.62907
G1 X101.409 Y162.77 E8.65339
G1 X100.586 Y162.725 E8.68081
G1 X99.622 Y162.593 E8.71317
G1 X98.673 Y162.377 E8.74554
G1 X97.747 Y162.078 E8.7779
G1 X96.914 Y161.727 E8.80797
G1 X95.99 Y161.237 E8.84275
G1 X95.175 Y160.705 E8.87513
G1 X94.437 Y160.125 E8.90634
G1 X93.701 Y159.432 E8.93997
G1 X93.055 Y158.705 E8.97231
G1 X92.481 Y157.933 E9.00431
G1 X91.466 Y156.417 E9.06499
G1 X90.006 Y154.329 E9.14973
G1 X88.513 Y152.315 E9.23312
G1 X86.97 Y150.355 E9.31608
G1 X85.35 Y148.413 E9.4002
G1 X83.686 Y146.528 E9.48383
G1 X81.956 Y144.674 E9.56817
G1 X80.178 Y142.876 E9.65227
G1 X78.387 Y141.165 E9.73465
G1 X76.506 Y139.467 E9.81894
G1 X74.583 Y137.828 E9.90297
G1 X72.622 Y136.249 E9.98671
G1 X70.645 Y134.748 E10.06927
G1 X68.572 Y133.263 E10.15409
G1 X66.489 Y131.859 E10.23764
G1 X64.378 Y130.519 E10.3208
G1 X63.718 Y130.112 E10.34659
G1 X62.914 Y129.564 E10.37895
G1 X62.188 Y128.97 E10.41015
G1 X61.465 Y128.265 E10.44374
G1 X60.877 Y127.58 E10.47376
G1 X60.269 Y126.728 E10.50858
G1 X59.779 Y125.888 E10.54092
G1 X59.363 Y125.008 E10.5733
G1 X59.027 Y124.095 E10.60565
G1 X58.775 Y123.168 E10.6376
G1 X58.622 Y122.365 E10.66479
G1 X58.519 Y121.244 E10.70223
G1 X58.499 Y120.429 E10.72935
G1 X58.5 Y93.276 E11.63246
G1 X58.512 Y92.58 E11.65561
G1 X58.557 Y91.762 E11.68286
G1 X58.689 Y90.798 E11.71522
G1 X58.905 Y89.849 E11.7476
G1 X59.204 Y88.923 E11.77996
G1 X59.555 Y88.09 E11.81002
G1 X60.045 Y87.166 E11.84481
G1 X60.577 Y86.351 E11.87718
G1 X61.157 Y85.613 E11.9084
G1 X61.85 Y84.877 E11.94202
G1 X62.555 Y84.25 E11.9734
G0 F6000 X62.821 Y84.549
G1 F1200 X63.819 Y83.828 E12.01435
G1 X65.111 Y83.012 E12.06518
G1 X67.236 Y81.621 E12.14965
G1 X69.303 Y80.181 E12.23344
G1 X71.328 Y78.686 E12.31716
G1 X73.332 Y77.115 E12.40185
G1 X75.277 Y75.501 E12.48591
G1 X77.183 Y73.826 E12.57031
G1 X79.015 Y72.121 E12.65355
G1 X80.814 Y70.348 E12.73756
G1 X82.587 Y68.5 E12.82274
G1 X84.268 Y66.647 E12.90595
G1 X85.913 Y64.726 E12.99007
G1 X87.511 Y62.749 E13.07462
G1 X89.034 Y60.753 E13.15812
G1 X90.508 Y58.704 E13.24207
G1 X92.145 Y56.28 E13.33936
G1 X92.697 Y55.521 E13.37057
G1 X93.313 Y54.813 E13.40179
G1 X93.963 Y54.186 E13.43183
G1 X94.722 Y53.575 E13.46423
G1 X95.502 Y53.054 E13.49543
G1 X96.325 Y52.605 E13.52661
G1 X97.178 Y52.232 E13.55758
G1 X97.657 Y52.06 E13.57451
G1 X98.56 Y51.805 E13.60571
G1 X99.488 Y51.629 E13.63713
G1 X100.671 Y51.527 E13.67662
G1 X101.303 Y51.513 E13.69765
G1 X128.28 Y51.513 E14.59491
G1 X129.139 Y51.525 E14.62348
G1 X129.932 Y51.567 E14.64989
G1 X130.862 Y51.693 E14.68111
G1 X131.777 Y51.9 E14.71231
G1 X132.67 Y52.187 E14.74351
G1 X133.503 Y52.538 E14.77357
G1 X134.364 Y52.994 E14.80598
G1 X135.15 Y53.506 E14.83718
G1 X135.861 Y54.063 E14.86722
G1 X136.572 Y54.73 E14.89964
G1 X137.194 Y55.427 E14.93071
G1 X137.65 Y56.029 E14.95583
G1 X139.27 Y58.351 E15.05
G1 X140.756 Y60.356 E15.133
G1 X142.33 Y62.36 E15.21776
G1 X143.927 Y64.279 E15.3008
G1 X145.629 Y66.211 E15.38643
G1 X147.342 Y68.045 E15.4699
G1 X149.094 Y69.819 E15.55283
G1 X150.948 Y71.594 E15.6382
G1 X152.832 Y73.297 E15.72267
G1 X154.756 Y74.94 E15.80682
G1 X156.676 Y76.489 E15.88887
G1 X158.726 Y78.048 E15.97453
G1 X160.771 Y79.514 E16.05822
G1 X162.888 Y80.942 E16.14315
G1 X164.997 Y82.281 E16.22624
G1 X166.214 Y83.007 E16.27337
G1 X166.881 Y83.417 E16.29941
G1 X167.656 Y83.945 E16.3306
G1 X168.356 Y84.516 E16.36065
G1 X168.817 Y84.953 E16.38177
G1 X169.45 Y85.646 E16.41299
G1 X169.999 Y86.363 E16.44303
G1 X170.519 Y87.187 E16.47543
G1 X170.948 Y88.022 E16.50666
G1 X171.288 Y88.858 E16.53668
G1 X171.574 Y89.789 E16.56907
G1 X171.768 Y90.707 E16.60028
G1 X171.877 Y91.604 E16.63033
G1 X171.905 Y92.111 E16.64722
G1 X171.92 Y92.759 E16.66878
G1 X171.919 Y119.874 E17.57062
G1 X171.908 Y120.587 E17.59434
G1 X171.866 Y121.378 E17.62069
G1 X171.74 Y122.308 E17.6519
G1 X171.533 Y123.223 E17.6831
G1 X171.246 Y124.116 E17.7143
G1 X170.895 Y124.949 E17.74437
G1 X170.439 Y125.81 E17.77677
G1 X169.927 Y126.596 E17.80797
G1 X169.37 Y127.307 E17.83801
G1 X168.703 Y128.018 E17.87044
G1 X167.998 Y128.645 E17.90182
G1 X167.003 Y129.365 E17.94267
G1 X166.054 Y129.967 E17.98005
G1 X163.86 Y131.408 E18.06735
G1 X161.792 Y132.852 E18.15124
G1 X159.779 Y134.343 E18.23456
G1 X157.773 Y135.918 E18.31939
G1 X155.816 Y137.545 E18.40403
G1 X153.924 Y139.212 E18.4879
G1 X152.079 Y140.934 E18.57184
G1 X150.296 Y142.693 E18.65515
G1 X148.528 Y144.54 E18.74019
G1 X146.835 Y146.412 E18.82414
G1 X145.182 Y148.347 E18.90878
G1 X143.609 Y150.296 E18.99208
G1 X142.079 Y152.307 E19.07613
G1 X140.604 Y154.363 E19.16029
G1 X139.157 Y156.506 E19.24629
G1 X138.396 Y157.666 E19.29243
G1 X137.862 Y158.394 E19.32246
G1 X137.094 Y159.252 E19.36076
G1 X136.373 Y159.913 E19.3933
G1 X135.656 Y160.462 E19.42333
G1 X134.832 Y160.982 E19.45574
G1 X133.997 Y161.411 E19.48696
G1 X133.126 Y161.763 E19.51821
G1 X132.134 Y162.061 E19.55266
G1 X131.249 Y162.241 E19.5827
G1 X129.876 Y162.37 E19.62856
G1 X129.26 Y162.383 E19.64906
G1 X102.146 Y162.382 E20.55087
G1 X101.43 Y162.371 E20.57469
G1 X100.64 Y162.329 E20.601
G1 X99.71 Y162.203 E20.63222
G1 X98.795 Y161.996 E20.66342
G1 X97.902 Y161.709 E20.69462
G1 X97.069 Y161.358 E20.72468
G1 X96.208 Y160.902 E20.75709
G1 X95.422 Y160.39 E20.78828
G1 X94.711 Y159.833 E20.81833
G1 X94 Y159.166 E20.85075
G1 X93.376 Y158.466 E20.88194
G1 X92.813 Y157.71 E20.91329
G1 X91.798 Y156.194 E20.97397
G1 X90.334 Y154.1 E21.05895
G1 X88.834 Y152.077 E21.14272
G1 X87.277 Y150.099 E21.22644
G1 X85.65 Y148.148 E21.31093
G1 X83.986 Y146.263 E21.39456
G1 X82.248 Y144.401 E21.47928
G1 X80.462 Y142.595 E21.56376
G1 X78.655 Y140.868 E21.64689
G1 X76.774 Y139.17 E21.73118
G1 X74.834 Y137.516 E21.81597
G1 X72.873 Y135.937 E21.89971
G1 X70.887 Y134.429 E21.98265
G1 X68.796 Y132.931 E22.0682
G1 X66.713 Y131.527 E22.15175
G1 X64.588 Y130.178 E22.23547
G1 X63.943 Y129.781 E22.26066
G1 X63.167 Y129.254 E22.29186
G1 X62.441 Y128.66 E22.32305
G1 X61.769 Y128.004 E22.35429
G1 X61.181 Y127.319 E22.38432
G1 X60.614 Y126.526 E22.41674
G1 X60.14 Y125.717 E22.44792
G1 X59.738 Y124.869 E22.47914
G1 X59.413 Y123.989 E22.51034
G1 X59.168 Y123.093 E22.54123
G1 X59.015 Y122.29 E22.56842
G1 X58.919 Y121.234 E22.60369
G1 X58.899 Y120.429 E22.63047
G1 X58.9 Y93.282 E23.53339
G1 X58.911 Y92.601 E23.55604
G1 X58.953 Y91.816 E23.58219
G1 X59.079 Y90.886 E23.6134
G1 X59.286 Y89.971 E23.6446
G1 X59.573 Y89.078 E23.6758
G1 X59.924 Y88.245 E23.70586
G1 X60.38 Y87.384 E23.73827
G1 X60.892 Y86.598 E23.76947
G1 X61.449 Y85.887 E23.79951
G1 X62.116 Y85.176 E23.83194
G1 X62.821 Y84.549 E23.86332
G0 F6000 X63.055 Y84.873
G1 F1200 X64.032 Y84.166 E23.90343
G1 X65.33 Y83.347 E23.95447
G1 X67.455 Y81.956 E24.03895
G1 X69.541 Y80.503 E24.1235
G1 X71.566 Y79.008 E24.20722
G1 X73.579 Y77.43 E24.29229
G1 X75.532 Y75.809 E24.37671
G1 X77.447 Y74.126 E24.4615
G1 X79.296 Y72.406 E24.54549
G1 X81.095 Y70.633 E24.6295
G1 X82.876 Y68.777 E24.71506
G1 X84.564 Y66.916 E24.79863
G1 X86.217 Y64.986 E24.88314
G1 X87.829 Y62.992 E24.96843
G1 X89.359 Y60.987 E25.05231
G1 X90.833 Y58.938 E25.13626
G1 X92.469 Y56.515 E25.2335
G1 X92.999 Y55.783 E25.26356
G1 X93.591 Y55.101 E25.2936
G1 X94.241 Y54.474 E25.32364
G1 X94.944 Y53.907 E25.35367
G1 X95.694 Y53.405 E25.38369
G1 X96.486 Y52.971 E25.41373
G1 X97.314 Y52.608 E25.4438
G1 X97.766 Y52.445 E25.45978
G1 X98.635 Y52.198 E25.48983
G1 X99.522 Y52.028 E25.51987
G1 X100.705 Y51.926 E25.55936
G1 X101.312 Y51.913 E25.57955
G1 X128.275 Y51.913 E26.47635
G1 X129.119 Y51.924 E26.50442
G1 X129.879 Y51.963 E26.52973
G1 X130.774 Y52.083 E26.55977
G1 X131.655 Y52.281 E26.5898
G1 X132.515 Y52.556 E26.61983
G1 X133.348 Y52.907 E26.64989
G1 X134.146 Y53.33 E26.67993
G1 X134.903 Y53.821 E26.70994
G1 X135.614 Y54.378 E26.73998
G1 X136.274 Y54.996 E26.77006
G1 X136.875 Y55.669 E26.80007
G1 X137.322 Y56.258 E26.82466
G1 X138.942 Y58.58 E26.91883
G1 X140.441 Y60.603 E27.00257
G1 X142.015 Y62.607 E27.08733
G1 X143.627 Y64.543 E27.17112
G1 X145.337 Y66.484 E27.25716
G1 X147.057 Y68.326 E27.34098
G1 X148.817 Y70.108 E27.42428
G1 X150.671 Y71.883 E27.50965
G1 X152.572 Y73.601 E27.59487
G1 X154.496 Y75.244 E27.67902
G1 X156.434 Y76.807 E27.76183
G1 X158.493 Y78.373 E27.84787
G1 X160.547 Y79.846 E27.93194
G1 X162.664 Y81.274 E28.01687
G1 X164.792 Y82.625 E28.10071
G1 X166.005 Y83.348 E28.14768
G1 X166.656 Y83.748 E28.17309
G1 X167.403 Y84.255 E28.20312
G1 X168.103 Y84.826 E28.23316
G1 X168.522 Y85.223 E28.25236
G1 X169.132 Y85.889 E28.2824
G1 X169.681 Y86.606 E28.31243
G1 X170.163 Y87.37 E28.34248
G1 X170.577 Y88.173 E28.37253
G1 X170.917 Y89.009 E28.40254
G1 X171.183 Y89.872 E28.43258
G1 X171.371 Y90.755 E28.46261
G1 X171.48 Y91.652 E28.49266
G1 X171.505 Y92.12 E28.50825
G1 X171.52 Y92.759 E28.52951
G1 X171.519 Y119.868 E29.43116
G1 X171.509 Y120.566 E29.45438
G1 X171.47 Y121.325 E29.47965
G1 X171.35 Y122.22 E29.50969
G1 X171.152 Y123.101 E29.53972
G1 X170.877 Y123.961 E29.56975
G1 X170.526 Y124.794 E29.59982
G1 X170.103 Y125.592 E29.62986
G1 X169.612 Y126.349 E29.65987
G1 X169.055 Y127.06 E29.68991
G1 X168.437 Y127.72 E29.71998
G1 X167.764 Y128.321 E29.74999
G1 X166.788 Y129.027 E29.79005
G1 X165.84 Y129.63 E29.82742
G1 X163.631 Y131.08 E29.91531
G1 X161.563 Y132.524 E29.9992
G1 X159.532 Y134.028 E30.08326
G1 X157.517 Y135.61 E30.16846
G1 X155.56 Y137.238 E30.25313
G1 X153.66 Y138.912 E30.33735
G1 X151.798 Y140.649 E30.42205
G1 X150.015 Y142.408 E30.50535
G1 X148.239 Y144.263 E30.59077
G1 X146.538 Y146.144 E30.67512
G1 X144.878 Y148.087 E30.76011
G1 X143.298 Y150.045 E30.8438
G1 X141.754 Y152.074 E30.9286
G1 X140.272 Y154.139 E31.01314
G1 X138.825 Y156.282 E31.09914
G1 X138.073 Y157.429 E31.14476
G1 X137.539 Y158.157 E31.17479
G1 X136.796 Y158.985 E31.21179
G1 X136.13 Y159.595 E31.24183
G1 X135.413 Y160.144 E31.27186
G1 X134.649 Y160.626 E31.30191
G1 X133.846 Y161.04 E31.33196
G1 X133.01 Y161.38 E31.36197
G1 X132.054 Y161.669 E31.39519
G1 X131.169 Y161.849 E31.42523
G1 X129.867 Y161.97 E31.46872
G1 X129.26 Y161.983 E31.48891
G1 X102.152 Y161.982 E32.39053
G1 X101.451 Y161.972 E32.41385
G1 X100.693 Y161.933 E32.43909
G1 X99.798 Y161.813 E32.46913
G1 X98.917 Y161.615 E32.49916
G1 X98.057 Y161.34 E32.52919
G1 X97.224 Y160.989 E32.55926
G1 X96.426 Y160.566 E32.5893
G1 X95.669 Y160.075 E32.61931
G1 X94.958 Y159.518 E32.64935
G1 X94.298 Y158.9 E32.67942
G1 X93.697 Y158.227 E32.70943
G1 X93.145 Y157.487 E32.74014
G1 X92.13 Y155.971 E32.80082
G1 X90.662 Y153.871 E32.88604
G1 X89.155 Y151.839 E32.97018
G1 X87.584 Y149.843 E33.05466
G1 X85.95 Y147.883 E33.13953
G1 X84.286 Y145.998 E33.22316
G1 X82.54 Y144.128 E33.30826
G1 X80.746 Y142.314 E33.39311
G1 X78.923 Y140.571 E33.477
G1 X77.042 Y138.873 E33.56128
G1 X75.085 Y137.204 E33.64683
G1 X73.124 Y135.625 E33.73057
G1 X71.129 Y134.11 E33.81389
G1 X69.02 Y132.599 E33.90018
G1 X66.937 Y131.195 E33.98373
G1 X64.802 Y129.84 E34.06783
G1 X64.167 Y129.45 E34.09262
G1 X63.42 Y128.944 E34.12262
G1 X62.72 Y128.373 E34.15267
G1 X62.073 Y127.743 E34.18271
G1 X61.485 Y127.058 E34.21273
G1 X60.959 Y126.323 E34.24279
G1 X60.501 Y125.545 E34.27282
G1 X60.113 Y124.73 E34.30284
G1 X59.799 Y123.883 E34.33289
G1 X59.561 Y123.018 E34.36273
G1 X59.408 Y122.215 E34.38991
G1 X59.319 Y121.224 E34.42301
G1 X59.299 Y120.429 E34.44946
G1 X59.3 Y93.288 E35.35217
G1 X59.31 Y92.622 E35.37433
G1 X59.349 Y91.869 E35.3994
G1 X59.469 Y90.974 E35.42944
G1 X59.667 Y90.093 E35.45947
G1 X59.942 Y89.233 E35.4895
G1 X60.293 Y88.4 E35.51957
G1 X60.716 Y87.602 E35.54961
G1 X61.207 Y86.845 E35.57962
G1 X61.764 Y86.134 E35.60966
G1 X62.382 Y85.474 E35.63973
G1 X63.055 Y84.873 E35.66974
G1 F2700 E30.66974
;MESH:Supporto.stl(1)
G0 F6000 X69.929 Y92.101
G0 X87.051 Y120.164
;TYPE:WALL-INNER
G1 F2700 E35.66974
G1 F1200 X96.896 Y120.164 E35.99719
G1 X96.896 Y93.364 E36.88856
G1 X70.096 Y93.364 E37.77993
G1 X70.096 Y120.164 E38.6713
G1 X87.051 Y120.164 E39.23523
G0 F6000 X87.158 Y120.564
;TYPE:WALL-OUTER
G1 F1200 X97.296 Y120.564 E39.57242
G1 X97.296 Y92.964 E40.4904
G1 X69.696 Y92.964 E41.40838
G1 X69.696 Y120.564 E42.32636
G1 X87.158 Y120.564 E42.90715
G0 F6000 X86.956 Y119.804
;TYPE:SKIN
G1 F1200 X70.456 Y119.804 E43.45594
G1 X70.456 Y93.724 E44.32336
G1 X96.536 Y93.724 E45.19079
G1 X96.536 Y119.804 E46.05821
G1 X86.956 Y119.804 E46.37684
G0 F6000 X86.956 Y120.064
G0 X70.268 Y119.992
G0 X70.196 Y119.305
G0 X70.656 Y119.305
G1 F1200 X70.955 Y119.604 E46.39091
G0 F6000 X71.52 Y119.604
G1 F1200 X70.656 Y118.739 E46.43157
G0 F6000 X70.656 Y118.174
G1 F1200 X72.086 Y119.604 E46.49883
G0 F6000 X72.652 Y119.604
G1 F1200 X70.656 Y117.608 E46.59272
G0 F6000 X70.656 Y117.042
G1 F1200 X73.217 Y119.604 E46.7132
G0 F6000 X73.783 Y119.604
G1 F1200 X70.656 Y116.477 E46.86029
G0 F6000 X70.656 Y115.911
G1 F1200 X74.349 Y119.604 E47.034
G0 F6000 X74.914 Y119.604
G1 F1200 X70.656 Y115.345 E47.2343
G0 F6000 X70.656 Y114.78
G1 F1200 X75.48 Y119.604 E47.46121
G0 F6000 X76.046 Y119.604
G1 F1200 X70.656 Y114.214 E47.71474
G0 F6000 X70.656 Y113.648
G1 F1200 X76.611 Y119.604 E47.99487
G0 F6000 X77.177 Y119.604
G1 F1200 X70.656 Y113.083 E48.30159
G0 F6000 X70.656 Y112.517
G1 F1200 X77.743 Y119.604 E48.63494
G0 F6000 X78.309 Y119.604
G1 F1200 X70.656 Y111.951 E48.99492
G0 F6000 X70.656 Y111.386
G1 F1200 X78.874 Y119.604 E49.38147
G0 F6000 X79.44 Y119.604
G1 F1200 X70.656 Y110.82 E49.79464
G0 F6000 X70.656 Y110.254
G1 F1200 X80.006 Y119.604 E50.23444
G0 F6000 X80.571 Y119.604
G1 F1200 X70.656 Y109.689 E50.70081
G0 F6000 X70.656 Y109.123
G1 F1200 X81.137 Y119.604 E51.1938
G0 F6000 X81.703 Y119.604
G1 F1200 X70.656 Y108.557 E51.71342
G0 F6000 X70.656 Y107.991
G1 F1200 X82.268 Y119.604 E52.25963
G0 F6000 X82.834 Y119.604
G1 F1200 X70.656 Y107.426 E52.83245
G0 F6000 X70.656 Y106.86
G1 F1200 X83.4 Y119.604 E53.43189
G0 F6000 X83.965 Y119.604
G1 F1200 X70.656 Y106.294 E54.05793
G0 F6000 X70.656 Y105.729
G1 F1200 X84.531 Y119.604 E54.71056
G0 F6000 X85.097 Y119.604
G1 F1200 X70.656 Y105.163 E55.38982
G0 F6000 X70.656 Y104.597
G1 F1200 X85.662 Y119.604 E56.09568
G0 F6000 X86.228 Y119.604
G1 F1200 X70.656 Y104.032 E56.82814
G0 F6000 X70.656 Y103.466
G1 F1200 X86.794 Y119.604 E57.58723
G0 F6000 X87.36 Y119.604
G1 F1200 X70.656 Y102.9 E58.37293
G0 F6000 X70.656 Y102.335
G1 F1200 X87.925 Y119.604 E59.18521
G0 F6000 X88.491 Y119.604
G1 F1200 X70.656 Y101.769 E60.02412
G0 F6000 X70.656 Y101.203
G1 F1200 X89.057 Y119.604 E60.88964
G0 F6000 X89.622 Y119.604
G1 F1200 X70.656 Y100.638 E61.78174
G0 F6000 X70.656 Y100.072
G1 F1200 X90.188 Y119.604 E62.70047
G0 F6000 X90.754 Y119.604
G1 F1200 X70.656 Y99.506 E63.64582
G0 F6000 X70.656 Y98.941
G1 F1200 X91.319 Y119.604 E64.61774
G0 F6000 X91.885 Y119.604
G1 F1200 X70.656 Y98.375 E65.61629
G0 F6000 X70.656 Y97.809
G1 F1200 X92.451 Y119.604 E66.64146
G0 F6000 X93.016 Y119.604
G1 F1200 X70.656 Y97.243 E67.69323
G0 F6000 X70.656 Y96.678
G1 F1200 X93.582 Y119.604 E68.7716
G0 F6000 X94.148 Y119.604
G1 F1200 X70.656 Y96.112 E69.87659
G0 F6000 X70.656 Y95.546
G1 F1200 X94.713 Y119.604 E71.00818
G0 F6000 X95.279 Y119.604
G1 F1200 X70.656 Y94.981 E72.16637
G0 F6000 X70.656 Y94.415
G1 F1200 X95.845 Y119.604 E73.35118
G0 F6000 X96.336 Y119.529
G1 F1200 X70.731 Y93.924 E74.55556
G0 F6000 X71.297 Y93.924
G1 F1200 X96.336 Y118.964 E75.73335
G0 F6000 X96.336 Y118.398
G1 F1200 X71.863 Y93.924 E76.8845
G0 F6000 X72.428 Y93.924
G1 F1200 X96.336 Y117.832 E78.00906
G0 F6000 X96.336 Y117.267
G1 F1200 X72.994 Y93.924 E79.10702
G0 F6000 X73.56 Y93.924
G1 F1200 X96.336 Y116.701 E80.17836
G0 F6000 X96.336 Y116.135
G1 F1200 X74.125 Y93.924 E81.2231
G0 F6000 X74.691 Y93.924
G1 F1200 X96.336 Y115.57 E82.24123
G0 F6000 X96.336 Y115.004
G1 F1200 X75.257 Y93.924 E83.23275
G0 F6000 X75.822 Y93.924
G1 F1200 X96.336 Y114.438 E84.19767
G0 F6000 X96.336 Y113.872
G1 F1200 X76.388 Y93.924 E85.13596
G0 F6000 X76.954 Y93.924
G1 F1200 X96.336 Y113.307 E86.04765
G0 F6000 X96.336 Y112.741
G1 F1200 X77.519 Y93.924 E86.93275
G0 F6000 X78.085 Y93.924
G1 F1200 X96.336 Y112.175 E87.79122
G0 F6000 X96.336 Y111.61
G1 F1200 X78.651 Y93.924 E88.62309
G0 F6000 X79.216 Y93.924
G1 F1200 X96.336 Y111.044 E89.42836
G0 F6000 X96.336 Y110.478
G1 F1200 X79.782 Y93.924 E90.20701
G0 F6000 X80.348 Y93.924
G1 F1200 X96.336 Y109.913 E90.95906
G0 F6000 X96.336 Y109.347
G1 F1200 X80.914 Y93.924 E91.68449
G0 F6000 X81.479 Y93.924
G1 F1200 X96.336 Y108.781 E92.38332
G0 F6000 X96.336 Y108.216
G1 F1200 X82.045 Y93.924 E93.05554
G0 F6000 X82.611 Y93.924
G1 F1200 X96.336 Y107.65 E93.70115
G0 F6000 X96.336 Y107.084
G1 F1200 X83.176 Y93.924 E94.32016
G0 F6000 X83.742 Y93.924
G1 F1200 X96.336 Y106.519 E94.91256
G0 F6000 X96.336 Y105.953
G1 F1200 X84.308 Y93.924 E95.47835
G0 F6000 X84.873 Y93.924
G1 F1200 X96.336 Y105.387 E96.01753
G0 F6000 X96.336 Y104.822
G1 F1200 X85.439 Y93.924 E96.53011
G0 F6000 X86.005 Y93.924
G1 F1200 X96.336 Y104.256 E97.01608
G0 F6000 X96.336 Y103.69
G1 F1200 X86.57 Y93.924 E97.47544
G0 F6000 X87.136 Y93.924
G1 F1200 X96.336 Y103.124 E97.90818
G0 F6000 X96.336 Y102.559
G1 F1200 X87.702 Y93.924 E98.31432
G0 F6000 X88.267 Y93.924
G1 F1200 X96.336 Y101.993 E98.69386
G0 F6000 X96.336 Y101.427
G1 F1200 X88.833 Y93.924 E99.04678
G0 F6000 X89.399 Y93.924
G1 F1200 X96.336 Y100.862 E99.3731
G0 F6000 X96.336 Y100.296
G1 F1200 X89.964 Y93.924 E99.67282
G0 F6000 X90.53 Y93.924
G1 F1200 X96.336 Y99.73 E99.94591
G0 F6000 X96.336 Y99.165
G1 F1200 X91.096 Y93.924 E100.19241
G0 F6000 X91.662 Y93.924
G1 F1200 X96.336 Y98.599 E100.41228
G0 F6000 X96.336 Y98.033
G1 F1200 X92.227 Y93.924 E100.60556
G0 F6000 X92.793 Y93.924
G1 F1200 X96.336 Y97.468 E100.77223
G0 F6000 X96.336 Y96.902
G1 F1200 X93.359 Y93.924 E100.91229
G0 F6000 X93.924 Y93.924
G1 F1200 X96.336 Y96.336 E101.02574
G0 F6000 X96.336 Y95.771
G1 F1200 X94.49 Y93.924 E101.11259
G0 F6000 X95.056 Y93.924
G1 F1200 X96.336 Y95.205 E101.17282
G0 F6000 X96.336 Y94.639
G1 F1200 X95.621 Y93.924 E101.20646
G0 F6000 X96.187 Y93.924
G1 F1200 X96.336 Y94.073 E101.21346
G1 F2700 E96.21346
;MESH:TracciaSopra.stl
G0 F6000 X96.796 Y94.073
G0 X97.075 Y93.19
G0 X98.164 Y93.19
G0 X101.406 Y90.778
G0 X115.194 Y89.512
;TYPE:WALL-INNER
G1 F2700 E101.21346
G1 F1200 X128.38 Y89.512 E101.65203
G1 X128.38 Y62.712 E102.5434
G1 X101.58 Y62.712 E103.43478
G1 X101.58 Y89.512 E104.32615
G1 X115.194 Y89.512 E104.77895
G0 F6000 X115.201 Y89.912
;TYPE:WALL-OUTER
G1 F1200 X128.78 Y89.912 E105.23059
G1 X128.78 Y62.312 E106.14857
G1 X101.18 Y62.312 E107.06655
G1 X101.18 Y89.912 E107.98453
G1 X115.201 Y89.912 E108.45087
G0 F6000 X115.189 Y89.152
;TYPE:SKIN
G1 F1200 X101.94 Y89.152 E108.89153
G1 X101.94 Y63.072 E109.75896
G1 X128.02 Y63.072 E110.62638
G1 X128.02 Y89.152 E111.49381
G1 X115.189 Y89.152 E111.92057
G0 F6000 X115.189 Y89.412
G0 X102.528 Y89.412
G0 X102.528 Y88.952
G1 F1200 X102.139 Y88.563 E111.93886
G0 F6000 X102.139 Y87.997
G1 F1200 X103.094 Y88.952 E111.98379
G0 F6000 X103.66 Y88.952
G1 F1200 X102.139 Y87.432 E112.0553
G0 F6000 X102.139 Y86.866
G1 F1200 X104.225 Y88.952 E112.15342
G0 F6000 X104.791 Y88.952
G1 F1200 X102.139 Y86.3 E112.27817
G0 F6000 X102.139 Y85.735
G1 F1200 X105.357 Y88.952 E112.42951
G0 F6000 X105.922 Y88.952
G1 F1200 X102.139 Y85.169 E112.60745
G0 F6000 X102.139 Y84.603
G1 F1200 X106.488 Y88.952 E112.81201
G0 F6000 X107.054 Y88.952
G1 F1200 X102.139 Y84.038 E113.04317
G0 F6000 X102.139 Y83.472
G1 F1200 X107.62 Y88.952 E113.30096
G0 F6000 X108.185 Y88.952
G1 F1200 X102.139 Y82.906 E113.58535
G0 F6000 X102.139 Y82.34
G1 F1200 X108.751 Y88.952 E113.89635
G0 F6000 X109.317 Y88.952
G1 F1200 X102.139 Y81.775 E114.23396
G0 F6000 X102.139 Y81.209
G1 F1200 X109.882 Y88.952 E114.59817
G0 F6000 X110.448 Y88.952
G1 F1200 X102.139 Y80.643 E114.989
G0 F6000 X102.139 Y80.078
G1 F1200 X111.014 Y88.952 E115.40643
G0 F6000 X111.579 Y88.952
G1 F1200 X102.139 Y79.512 E115.85046
G0 F6000 X102.139 Y78.946
G1 F1200 X112.145 Y88.952 E116.32111
G0 F6000 X112.711 Y88.952
G1 F1200 X102.139 Y78.381 E116.81836
G0 F6000 X102.139 Y77.815
G1 F1200 X113.276 Y88.952 E117.34221
G0 F6000 X113.842 Y88.952
G1 F1200 X102.139 Y77.249 E117.89268
G0 F6000 X102.139 Y76.684
G1 F1200 X114.408 Y88.952 E118.46975
G0 F6000 X114.973 Y88.952
G1 F1200 X102.139 Y76.118 E119.07343
G0 F6000 X102.139 Y75.552
G1 F1200 X115.539 Y88.952 E119.70372
G0 F6000 X116.105 Y88.952
G1 F1200 X102.139 Y74.987 E120.36062
G0 F6000 X102.139 Y74.421
G1 F1200 X116.67 Y88.952 E121.04411
G0 F6000 X117.236 Y88.952
G1 F1200 X102.139 Y73.855 E121.75423
G0 F6000 X102.139 Y73.289
G1 F1200 X117.802 Y88.952 E122.49097
G0 F6000 X118.368 Y88.952
G1 F1200 X102.139 Y72.724 E123.2543
G0 F6000 X102.139 Y72.158
G1 F1200 X118.933 Y88.952 E124.04424
G0 F6000 X119.499 Y88.952
G1 F1200 X102.139 Y71.592 E124.8608
G0 F6000 X102.139 Y71.027
G1 F1200 X120.065 Y88.952 E125.70396
G0 F6000 X120.63 Y88.952
G1 F1200 X102.139 Y70.461 E126.57372
G0 F6000 X102.139 Y69.895
G1 F1200 X121.196 Y88.952 E127.47011
G0 F6000 X121.762 Y88.952
G1 F1200 X102.139 Y69.33 E128.39309
G0 F6000 X102.139 Y68.764
G1 F1200 X122.327 Y88.952 E129.34267
G0 F6000 X122.893 Y88.952
G1 F1200 X102.139 Y68.198 E130.31888
G0 F6000 X102.139 Y67.633
G1 F1200 X123.459 Y88.952 E131.32168
G0 F6000 X124.024 Y88.952
G1 F1200 X102.139 Y67.067 E132.35108
G0 F6000 X102.139 Y66.501
G1 F1200 X124.59 Y88.952 E133.40711
G0 F6000 X125.156 Y88.952
G1 F1200 X102.139 Y65.936 E134.48974
G0 F6000 X102.139 Y65.37
G1 F1200 X125.721 Y88.952 E135.59896
G0 F6000 X126.287 Y88.952
G1 F1200 X102.139 Y64.804 E136.73481
G0 F6000 X102.139 Y64.239
G1 F1200 X126.853 Y88.952 E137.89726
G0 F6000 X127.419 Y88.952
G1 F1200 X102.139 Y63.673 E139.08633
G0 F6000 X102.304 Y63.272
G1 F1200 X127.82 Y88.788 E140.28652
G0 F6000 X127.82 Y88.222
G1 F1200 X102.87 Y63.272 E141.46009
G0 F6000 X103.436 Y63.272
G1 F1200 X127.82 Y87.656 E142.60704
G0 F6000 X127.82 Y87.091
G1 F1200 X104.001 Y63.272 E143.72741
G0 F6000 X104.567 Y63.272
G1 F1200 X127.82 Y86.525 E144.82116
G0 F6000 X127.82 Y85.959
G1 F1200 X105.133 Y63.272 E145.88829
G0 F6000 X105.698 Y63.272
G1 F1200 X127.82 Y85.394 E146.92884
G0 F6000 X127.82 Y84.828
G1 F1200 X106.264 Y63.272 E147.94277
G0 F6000 X106.83 Y63.272
G1 F1200 X127.82 Y84.262 E148.93007
G0 F6000 X127.82 Y83.697
G1 F1200 X107.395 Y63.272 E149.8908
G0 F6000 X107.961 Y63.272
G1 F1200 X127.82 Y83.131 E150.82491
G0 F6000 X127.82 Y82.565
G1 F1200 X108.527 Y63.272 E151.73239
G0 F6000 X109.092 Y63.272
G1 F1200 X127.82 Y82 E152.6133
G0 F6000 X127.82 Y81.434
G1 F1200 X109.658 Y63.272 E153.46759
G0 F6000 X110.224 Y63.272
G1 F1200 X127.82 Y80.868 E154.29525
G0 F6000 X127.82 Y80.303
G1 F1200 X110.789 Y63.272 E155.09633
G0 F6000 X111.355 Y63.272
G1 F1200 X127.82 Y79.737 E155.8708
G0 F6000 X127.82 Y79.171
G1 F1200 X111.921 Y63.272 E156.61864
G0 F6000 X112.487 Y63.272
G1 F1200 X127.82 Y78.606 E157.33988
G0 F6000 X127.82 Y78.04
G1 F1200 X113.052 Y63.272 E158.03452
G0 F6000 X113.618 Y63.272
G1 F1200 X127.82 Y77.474 E158.70254
G0 F6000 X127.82 Y76.908
G1 F1200 X114.184 Y63.272 E159.34393
G0 F6000 X114.749 Y63.272
G1 F1200 X127.82 Y76.343 E159.95875
G0 F6000 X127.82 Y75.777
G1 F1200 X115.315 Y63.272 E160.54695
G0 F6000 X115.881 Y63.272
G1 F1200 X127.82 Y75.211 E161.10852
G0 F6000 X127.82 Y74.646
G1 F1200 X116.446 Y63.272 E161.64352
G0 F6000 X117.012 Y63.272
G1 F1200 X127.82 Y74.08 E162.1519
G0 F6000 X127.82 Y73.514
G1 F1200 X117.578 Y63.272 E162.63365
G0 F6000 X118.143 Y63.272
G1 F1200 X127.82 Y72.949 E163.08883
G0 F6000 X127.82 Y72.383
G1 F1200 X118.709 Y63.272 E163.51738
G0 F6000 X119.275 Y63.272
G1 F1200 X127.82 Y71.817 E163.91931
G0 F6000 X127.82 Y71.252
G1 F1200 X119.84 Y63.272 E164.29466
G0 F6000 X120.406 Y63.272
G1 F1200 X127.82 Y70.686 E164.6434
G0 F6000 X127.82 Y70.12
G1 F1200 X120.972 Y63.272 E164.96551
G0 F6000 X121.538 Y63.272
G1 F1200 X127.82 Y69.555 E165.26102
G0 F6000 X127.82 Y68.989
G1 F1200 X122.103 Y63.272 E165.52993
G0 F6000 X122.669 Y63.272
G1 F1200 X127.82 Y68.423 E165.77221
G0 F6000 X127.82 Y67.858
G1 F1200 X123.235 Y63.272 E165.9879
G0 F6000 X123.8 Y63.272
G1 F1200 X127.82 Y67.292 E166.17699
G0 F6000 X127.82 Y66.726
G1 F1200 X124.366 Y63.272 E166.33945
G0 F6000 X124.932 Y63.272
G1 F1200 X127.82 Y66.16 E166.4753
G0 F6000 X127.82 Y65.595
G1 F1200 X125.497 Y63.272 E166.58456
G0 F6000 X126.063 Y63.272
G1 F1200 X127.82 Y65.029 E166.66721
G0 F6000 X127.82 Y64.463
G1 F1200 X126.629 Y63.272 E166.72323
G0 F6000 X127.194 Y63.272
G1 F1200 X127.82 Y63.898 E166.75267
G0 F6000 X127.82 Y63.332
G1 F1200 X127.76 Y63.272 E166.7555
G1 F2700 E161.7555
;MESH:TracciaSotto.stl
G0 F6000 X127.76 Y62.812
G0 X128.208 Y62.884
G0 X128.558 Y89.689
G0 X129.647 Y89.689
G0 X132.655 Y92.853
G0 X144.212 Y119.828
;TYPE:WALL-INNER
G1 F2700 E166.7555
G1 F1200 X160.72 Y119.828 E167.30455
G1 X160.72 Y93.028 E168.19593
G1 X133.92 Y93.028 E169.0873
G1 X133.92 Y119.828 E169.97867
G1 X144.212 Y119.828 E170.32098
G0 F6000 X144.12 Y120.228
;TYPE:WALL-OUTER
G1 F1200 X161.12 Y120.228 E170.8864
G1 X161.12 Y92.628 E171.80438
G1 X133.52 Y92.628 E172.72236
G1 X133.52 Y120.228 E173.64034
G1 X144.12 Y120.228 E173.9929
G0 F6000 X144.296 Y119.468
;TYPE:SKIN
G1 F1200 X134.28 Y119.468 E174.32603
G1 X134.28 Y93.388 E175.19346
G1 X160.36 Y93.388 E176.06088
G1 X160.36 Y119.468 E176.92831
G1 X144.296 Y119.468 E177.4626
G0 F6000 X144.296 Y119.728
G0 X134.541 Y119.728
G0 X134.541 Y119.268
G1 F1200 X134.48 Y119.206 E177.46549
G0 F6000 X134.48 Y118.64
G1 F1200 X135.107 Y119.268 E177.49501
G0 F6000 X135.673 Y119.268
G1 F1200 X134.48 Y118.075 E177.55112
G0 F6000 X134.48 Y117.509
G1 F1200 X136.238 Y119.268 E177.63384
G0 F6000 X136.804 Y119.268
G1 F1200 X134.48 Y116.943 E177.74317
G0 F6000 X134.48 Y116.378
G1 F1200 X137.37 Y119.268 E177.87911
G0 F6000 X137.935 Y119.268
G1 F1200 X134.48 Y115.812 E178.04165
G0 F6000 X134.48 Y115.246
G1 F1200 X138.501 Y119.268 E178.23081
G0 F6000 X139.067 Y119.268
G1 F1200 X134.48 Y114.681 E178.44656
G0 F6000 X134.48 Y114.115
G1 F1200 X139.632 Y119.268 E178.68892
G0 F6000 X140.198 Y119.268
G1 F1200 X134.48 Y113.549 E178.9579
G0 F6000 X134.48 Y112.984
G1 F1200 X140.764 Y119.268 E179.25348
G0 F6000 X141.329 Y119.268
G1 F1200 X134.48 Y112.418 E179.57566
G0 F6000 X134.48 Y111.852
G1 F1200 X141.895 Y119.268 E179.92446
G0 F6000 X142.461 Y119.268
G1 F1200 X134.48 Y111.287 E180.29987
G0 F6000 X134.48 Y110.721
G1 F1200 X143.026 Y119.268 E180.70187
G0 F6000 X143.592 Y119.268
G1 F1200 X134.48 Y110.155 E181.13049
G0 F6000 X134.48 Y109.59
G1 F1200 X144.158 Y119.268 E181.58572
G0 F6000 X144.724 Y119.268
G1 F1200 X134.48 Y109.024 E182.06756
G0 F6000 X134.48 Y108.458
G1 F1200 X145.289 Y119.268 E182.57601
G0 F6000 X145.855 Y119.268
G1 F1200 X134.48 Y107.892 E183.11108
G0 F6000 X134.48 Y107.327
G1 F1200 X146.421 Y119.268 E183.67274
G0 F6000 X146.986 Y119.268
G1 F1200 X134.48 Y106.761 E184.26101
G0 F6000 X134.48 Y106.195
G1 F1200 X147.552 Y119.268 E184.8759
G0 F6000 X148.118 Y119.268
G1 F1200 X134.48 Y105.63 E185.51739
G0 F6000 X134.48 Y105.064
G1 F1200 X148.683 Y119.268 E186.18548
G0 F6000 X149.249 Y119.268
G1 F1200 X134.48 Y104.498 E186.88019
G0 F6000 X134.48 Y103.933
G1 F1200 X149.815 Y119.268 E187.6015
G0 F6000 X150.38 Y119.268
G1 F1200 X134.48 Y103.367 E188.34941
G0 F6000 X134.48 Y102.801
G1 F1200 X150.946 Y119.268 E189.12395
G0 F6000 X151.512 Y119.268
G1 F1200 X134.48 Y102.236 E189.92508
G0 F6000 X134.48 Y101.67
G1 F1200 X152.077 Y119.268 E190.75281
G0 F6000 X152.643 Y119.268
G1 F1200 X134.48 Y101.104 E191.60717
G0 F6000 X134.48 Y100.539
G1 F1200 X153.209 Y119.268 E192.48812
G0 F6000 X153.775 Y119.268
G1 F1200 X134.48 Y99.973 E193.3957
G0 F6000 X134.48 Y99.407
G1 F1200 X154.34 Y119.268 E194.32988
G0 F6000 X154.906 Y119.268
G1 F1200 X134.48 Y98.842 E195.29066
G0 F6000 X134.48 Y98.276
G1 F1200 X155.472 Y119.268 E196.27805
G0 F6000 X156.037 Y119.268
G1 F1200 X134.48 Y97.71 E197.29205
G0 F6000 X134.48 Y97.144
G1 F1200 X156.603 Y119.268 E198.33267
G0 F6000 X157.169 Y119.268
G1 F1200 X134.48 Y96.579 E199.3999
G0 F6000 X134.48 Y96.013
G1 F1200 X157.734 Y119.268 E200.49372
G0 F6000 X158.3 Y119.268
G1 F1200 X134.48 Y95.447 E201.61416
G0 F6000 X134.48 Y94.882
G1 F1200 X158.866 Y119.268 E202.7612
G0 F6000 X159.431 Y119.268
G1 F1200 X134.48 Y94.316 E203.93484
G0 F6000 X134.48 Y93.75
G1 F1200 X159.997 Y119.268 E205.13511
G0 F6000 X160.16 Y118.865
G1 F1200 X134.883 Y93.588 E206.32406
G0 F6000 X135.448 Y93.588
G1 F1200 X160.16 Y118.3 E207.48644
G0 F6000 X160.16 Y117.734
G1 F1200 X136.014 Y93.588 E208.62219
G0 F6000 X136.58 Y93.588
G1 F1200 X160.16 Y117.168 E209.73132
G0 F6000 X160.16 Y116.603
G1 F1200 X137.145 Y93.588 E210.81388
G0 F6000 X137.711 Y93.588
G1 F1200 X160.16 Y116.037 E211.86981
G0 F6000 X160.16 Y115.471
G1 F1200 X138.277 Y93.588 E212.89912
G0 F6000 X138.843 Y93.588
G1 F1200 X160.16 Y114.906 E213.90183
G0 F6000 X160.16 Y114.34
G1 F1200 X139.408 Y93.588 E214.87794
G0 F6000 X139.974 Y93.588
G1 F1200 X160.16 Y113.774 E215.82743
G0 F6000 X160.16 Y113.209
G1 F1200 X140.54 Y93.588 E216.75032
G0 F6000 X141.105 Y93.588
G1 F1200 X160.16 Y112.643 E217.6466
G0 F6000 X160.16 Y112.077
G1 F1200 X141.671 Y93.588 E218.51627
G0 F6000 X142.237 Y93.588
G1 F1200 X160.16 Y111.511 E219.35931
G0 F6000 X160.16 Y110.946
G1 F1200 X142.802 Y93.588 E220.17578
G0 F6000 X143.368 Y93.588
G1 F1200 X160.16 Y110.38 E220.96562
G0 F6000 X160.16 Y109.814
G1 F1200 X143.934 Y93.588 E221.72885
G0 F6000 X144.499 Y93.588
G1 F1200 X160.16 Y109.249 E222.46549
G0 F6000 X160.16 Y108.683
G1 F1200 X145.065 Y93.588 E223.17551
G0 F6000 X145.631 Y93.588
G1 F1200 X160.16 Y108.117 E223.85891
G0 F6000 X160.16 Y107.552
G1 F1200 X146.196 Y93.588 E224.51574
G0 F6000 X146.762 Y93.588
G1 F1200 X160.16 Y106.986 E225.14594
G0 F6000 X160.16 Y106.42
G1 F1200 X147.328 Y93.588 E225.74952
G0 F6000 X147.894 Y93.588
G1 F1200 X160.16 Y105.855 E226.32649
G0 F6000 X160.16 Y105.289
G1 F1200 X148.459 Y93.588 E226.87687
G0 F6000 X149.025 Y93.588
G1 F1200 X160.16 Y104.723 E227.40063
G0 F6000 X160.16 Y104.158
G1 F1200 X149.591 Y93.588 E227.89779
G0 F6000 X150.156 Y93.588
G1 F1200 X160.16 Y103.592 E228.36834
G0 F6000 X160.16 Y103.026
G1 F1200 X150.722 Y93.588 E228.81228
G0 F6000 X151.288 Y93.588
G1 F1200 X160.16 Y102.46 E229.22959
G0 F6000 X160.16 Y101.895
G1 F1200 X151.853 Y93.588 E229.62033
G0 F6000 X152.419 Y93.588
G1 F1200 X160.16 Y101.329 E229.98444
G0 F6000 X160.16 Y100.763
G1 F1200 X152.985 Y93.588 E230.32193
G0 F6000 X153.55 Y93.588
G1 F1200 X160.16 Y100.198 E230.63284
G0 F6000 X160.16 Y99.632
G1 F1200 X154.116 Y93.588 E230.91713
G0 F6000 X154.682 Y93.588
G1 F1200 X160.16 Y99.066 E231.1748
G0 F6000 X160.16 Y98.501
G1 F1200 X155.247 Y93.588 E231.4059
G0 F6000 X155.813 Y93.588
G1 F1200 X160.16 Y97.935 E231.61036
G0 F6000 X160.16 Y97.369
G1 F1200 X156.379 Y93.588 E231.78821
G0 F6000 X156.944 Y93.588
G1 F1200 X160.16 Y96.804 E231.93948
G0 F6000 X160.16 Y96.238
G1 F1200 X157.51 Y93.588 E232.06413
G0 F6000 X158.076 Y93.588
G1 F1200 X160.16 Y95.672 E232.16216
G0 F6000 X160.16 Y95.107
G1 F1200 X158.642 Y93.588 E232.23358
G0 F6000 X159.207 Y93.588
G1 F1200 X160.16 Y94.541 E232.27841
G0 F6000 X160.16 Y93.975
G1 F1200 X159.773 Y93.588 E232.29661
G1 F2700 E227.29661
;MESH:Supporto.stl
G0 F6000 X159.773 Y93.128
G0 X134.092 Y93.2
G0 X133.75 Y119.999
G0 X132.655 Y119.999
G0 X129.16 Y123.118
G0 X115.853 Y151.18
;TYPE:WALL-INNER
G1 F2700 E232.29661
G1 F1200 X128.988 Y151.18 E232.73348
G1 X128.988 Y124.38 E233.62485
G1 X102.188 Y124.38 E234.51623
G1 X102.188 Y151.18 E235.4076
G1 X115.853 Y151.18 E235.8621
G0 F6000 X115.861 Y151.58
;TYPE:WALL-OUTER
G1 F1200 X129.388 Y151.58 E236.31201
G1 X129.388 Y123.98 E237.22999
G1 X101.788 Y123.98 E238.14797
G1 X101.788 Y151.58 E239.06595
G1 X115.861 Y151.58 E239.53402
G0 F6000 X115.846 Y150.82
;TYPE:SKIN
G1 F1200 X102.548 Y150.82 E239.97631
G1 X102.548 Y124.74 E240.84373
G1 X128.628 Y124.74 E241.71116
G1 X128.628 Y150.82 E242.57858
G1 X115.846 Y150.82 E243.00371
G0 F6000 X115.846 Y151.08
G0 X102.36 Y151.008
G0 X102.288 Y150.265
G0 X102.748 Y150.265
G1 F1200 X103.103 Y150.62 E243.02041
G0 F6000 X103.668 Y150.62
G1 F1200 X102.748 Y149.699 E243.06371
G0 F6000 X102.748 Y149.134
G1 F1200 X104.234 Y150.62 E243.13361
G0 F6000 X104.8 Y150.62
G1 F1200 X102.748 Y148.568 E243.23013
G0 F6000 X102.748 Y148.002
G1 F1200 X105.365 Y150.62 E243.35324
G0 F6000 X105.931 Y150.62
G1 F1200 X102.748 Y147.437 E243.50296
G0 F6000 X102.748 Y146.871
G1 F1200 X106.497 Y150.62 E243.6793
G0 F6000 X107.062 Y150.62
G1 F1200 X102.748 Y146.305 E243.88225
G0 F6000 X102.748 Y145.74
G1 F1200 X107.628 Y150.62 E244.11179
G0 F6000 X108.194 Y150.62
G1 F1200 X102.748 Y145.174 E244.36795
G0 F6000 X102.748 Y144.608
G1 F1200 X108.759 Y150.62 E244.65071
G0 F6000 X109.325 Y150.62
G1 F1200 X102.748 Y144.043 E244.96007
G0 F6000 X102.748 Y143.477
G1 F1200 X109.891 Y150.62 E245.29606
G0 F6000 X110.456 Y150.62
G1 F1200 X102.748 Y142.911 E245.65864
G0 F6000 X102.748 Y142.346
G1 F1200 X111.022 Y150.62 E246.04783
G0 F6000 X111.588 Y150.62
G1 F1200 X102.748 Y141.78 E246.46363
G0 F6000 X102.748 Y141.214
G1 F1200 X112.153 Y150.62 E246.90604
G0 F6000 X112.719 Y150.62
G1 F1200 X102.748 Y140.648 E247.37507
G0 F6000 X102.748 Y140.083
G1 F1200 X113.285 Y150.62 E247.8707
G0 F6000 X113.851 Y150.62
G1 F1200 X102.748 Y139.517 E248.39295
G0 F6000 X102.748 Y138.951
G1 F1200 X114.416 Y150.62 E248.9418
G0 F6000 X114.982 Y150.62
G1 F1200 X102.748 Y138.386 E249.51725
G0 F6000 X102.748 Y137.82
G1 F1200 X115.548 Y150.62 E250.11932
G0 F6000 X116.113 Y150.62
G1 F1200 X102.748 Y137.254 E250.74799
G0 F6000 X102.748 Y136.689
G1 F1200 X116.679 Y150.62 E251.40326
G0 F6000 X117.245 Y150.62
G1 F1200 X102.748 Y136.123 E252.08516
G0 F6000 X102.748 Y135.557
G1 F1200 X117.81 Y150.62 E252.79365
G0 F6000 X118.376 Y150.62
G1 F1200 X102.748 Y134.992 E253.52874
G0 F6000 X102.748 Y134.426
G1 F1200 X118.942 Y150.62 E254.29046
G0 F6000 X119.507 Y150.62
G1 F1200 X102.748 Y133.86 E255.07878
G0 F6000 X102.748 Y133.295
G1 F1200 X120.073 Y150.62 E255.89369
G0 F6000 X120.639 Y150.62
G1 F1200 X102.748 Y132.729 E256.73523
G0 F6000 X102.748 Y132.163
G1 F1200 X121.204 Y150.62 E257.60337
G0 F6000 X121.77 Y150.62
G1 F1200 X102.748 Y131.598 E258.4981
G0 F6000 X102.748 Y131.032
G1 F1200 X122.336 Y150.62 E259.41946
G0 F6000 X122.902 Y150.62
G1 F1200 X102.748 Y130.466 E260.36744
G0 F6000 X102.748 Y129.9
G1 F1200 X123.467 Y150.62 E261.34203
G0 F6000 X124.033 Y150.62
G1 F1200 X102.748 Y129.335 E262.34321
G0 F6000 X102.748 Y128.769
G1 F1200 X124.599 Y150.62 E263.37101
G0 F6000 X125.164 Y150.62
G1 F1200 X102.748 Y128.203 E264.42541
G0 F6000 X102.748 Y127.638
G1 F1200 X125.73 Y150.62 E265.50642
G0 F6000 X126.296 Y150.62
G1 F1200 X102.748 Y127.072 E266.61404
G0 F6000 X102.748 Y126.506
G1 F1200 X126.861 Y150.62 E267.74827
G0 F6000 X127.427 Y150.62
G1 F1200 X102.748 Y125.941 E268.90909
G0 F6000 X102.748 Y125.375
G1 F1200 X127.993 Y150.62 E270.09654
G0 F6000 X128.428 Y150.49
G1 F1200 X102.878 Y124.94 E271.29833
G0 F6000 X103.444 Y124.94
G1 F1200 X128.428 Y149.924 E272.4735
G0 F6000 X128.428 Y149.359
G1 F1200 X104.01 Y124.94 E273.62208
G0 F6000 X104.575 Y124.94
G1 F1200 X128.428 Y148.793 E274.74405
G0 F6000 X128.428 Y148.227
G1 F1200 X105.141 Y124.94 E275.8394
G0 F6000 X105.707 Y124.94
G1 F1200 X128.428 Y147.662 E276.90815
G0 F6000 X128.428 Y147.096
G1 F1200 X106.272 Y124.94 E277.9503
G0 F6000 X106.838 Y124.94
G1 F1200 X128.428 Y146.53 E278.96582
G0 F6000 X128.428 Y145.965
G1 F1200 X107.404 Y124.94 E279.95475
G0 F6000 X107.97 Y124.94
G1 F1200 X128.428 Y145.399 E280.91706
G0 F6000 X128.428 Y144.833
G1 F1200 X108.535 Y124.94 E281.85276
G0 F6000 X109.101 Y124.94
G1 F1200 X128.428 Y144.267 E282.76185
G0 F6000 X128.428 Y143.702
G1 F1200 X109.667 Y124.94 E283.64433
G0 F6000 X110.232 Y124.94
G1 F1200 X128.428 Y143.136 E284.50021
G0 F6000 X128.428 Y142.57
G1 F1200 X110.798 Y124.94 E285.32947
G0 F6000 X111.364 Y124.94
G1 F1200 X128.428 Y142.005 E286.13214
G0 F6000 X128.428 Y141.439
G1 F1200 X111.929 Y124.94 E286.9082
G0 F6000 X112.495 Y124.94
G1 F1200 X128.428 Y140.873 E287.65764
G0 F6000 X128.428 Y140.308
G1 F1200 X113.061 Y124.94 E288.38048
G0 F6000 X113.626 Y124.94
G1 F1200 X128.428 Y139.742 E289.07672
G0 F6000 X128.428 Y139.176
G1 F1200 X114.192 Y124.94 E289.74634
G0 F6000 X114.758 Y124.94
G1 F1200 X128.428 Y138.611 E290.38936
G0 F6000 X128.428 Y138.045
G1 F1200 X115.323 Y124.94 E291.00577
G0 F6000 X115.889 Y124.94
G1 F1200 X128.428 Y137.479 E291.59557
G0 F6000 X128.428 Y136.914
G1 F1200 X116.455 Y124.94 E292.15877
G0 F6000 X117.021 Y124.94
G1 F1200 X128.428 Y136.348 E292.69534
G0 F6000 X128.428 Y135.782
G1 F1200 X117.586 Y124.94 E293.20532
G0 F6000 X118.152 Y124.94
G1 F1200 X128.428 Y135.216 E293.68867
G0 F6000 X128.428 Y134.651
G1 F1200 X118.718 Y124.94 E294.14542
G0 F6000 X119.283 Y124.94
G1 F1200 X128.428 Y134.085 E294.57557
G0 F6000 X128.428 Y133.519
G1 F1200 X119.849 Y124.94 E294.9791
G0 F6000 X120.415 Y124.94
G1 F1200 X128.428 Y132.954 E295.35603
G0 F6000 X128.428 Y132.388
G1 F1200 X120.98 Y124.94 E295.70636
G0 F6000 X121.546 Y124.94
G1 F1200 X128.428 Y131.822 E296.03007
G0 F6000 X128.428 Y131.257
G1 F1200 X122.112 Y124.94 E296.32718
G0 F6000 X122.677 Y124.94
G1 F1200 X128.428 Y130.691 E296.59769
G0 F6000 X128.428 Y130.125
G1 F1200 X123.243 Y124.94 E296.84158
G0 F6000 X123.809 Y124.94
G1 F1200 X128.428 Y129.56 E297.05886
G0 F6000 X128.428 Y128.994
G1 F1200 X124.374 Y124.94 E297.24955
G0 F6000 X124.94 Y124.94
G1 F1200 X128.428 Y128.428 E297.41362
G0 F6000 X128.428 Y127.863
G1 F1200 X125.506 Y124.94 E297.55108
G0 F6000 X126.071 Y124.94
G1 F1200 X128.428 Y127.297 E297.66195
G0 F6000 X128.428 Y126.731
G1 F1200 X126.637 Y124.94 E297.74619
G0 F6000 X127.203 Y124.94
G1 F1200 X128.428 Y126.166 E297.80383
G0 F6000 X128.428 Y125.6
G1 F1200 X127.769 Y124.94 E297.83486
G0 F6000 X128.334 Y124.94
G1 F1200 X128.428 Y125.034 E297.83928
G1 F2700 E292.83928
;MESH:NONMESH
G0 F300 X128.428 Y125.034 Z0.4
G0 F6000 X128.888 Y125.034
G0 X128.816 Y124.552
G0 X102.014 Y124.207
G0 X102.014 Y123.118
G0 X98.152 Y92.113
G0 X63.055 Y84.873
;TIME_ELAPSED:487.803427
;LAYER:1
M106 S85
;TYPE:SKIRT
G1 F2700 E297.83928
G1 F1200 X64.032 Y84.166 E297.87939
G1 X65.33 Y83.347 E297.93043
G1 X67.455 Y81.956 E298.01491
G1 X69.541 Y80.503 E298.09946
G1 X71.566 Y79.008 E298.18318
G1 X73.579 Y77.43 E298.26825
G1 X75.532 Y75.809 E298.35267
G1 X77.447 Y74.126 E298.43746
G1 X79.296 Y72.406 E298.52146
G1 X81.095 Y70.633 E298.60547
G1 X82.876 Y68.777 E298.69102
G1 X84.564 Y66.916 E298.77459
G1 X86.217 Y64.986 E298.85911
G1 X87.829 Y62.992 E298.94439
G1 X89.359 Y60.987 E299.02827
G1 X90.833 Y58.938 E299.11222
G1 X92.469 Y56.515 E299.20946
G1 X92.999 Y55.783 E299.23952
G1 X93.591 Y55.101 E299.26956
G1 X94.241 Y54.474 E299.2996
G1 X94.944 Y53.907 E299.32964
G1 X95.694 Y53.405 E299.35965
G1 X96.486 Y52.971 E299.38969
G1 X97.314 Y52.608 E299.41976
G1 X97.766 Y52.445 E299.43574
G1 X98.635 Y52.198 E299.46579
G1 X99.522 Y52.028 E299.49583
G1 X100.705 Y51.926 E299.53532
G1 X101.312 Y51.913 E299.55551
G1 X128.275 Y51.913 E300.45231
G1 X129.119 Y51.924 E300.48038
G1 X129.879 Y51.963 E300.50569
G1 X130.774 Y52.083 E300.53573
G1 X131.655 Y52.281 E300.56576
G1 X132.515 Y52.556 E300.59579
G1 X133.348 Y52.907 E300.62586
G1 X134.146 Y53.33 E300.6559
G1 X134.903 Y53.821 E300.68591
G1 X135.614 Y54.378 E300.71595
G1 X136.274 Y54.996 E300.74602
G1 X136.875 Y55.669 E300.77603
G1 X137.322 Y56.258 E300.80062
G1 X138.942 Y58.58 E300.89479
G1 X140.441 Y60.603 E300.97853
G1 X142.015 Y62.607 E301.06329
G1 X143.627 Y64.543 E301.14708
G1 X145.337 Y66.484 E301.23312
G1 X147.057 Y68.326 E301.31694
G1 X148.817 Y70.108 E301.40024
G1 X150.671 Y71.883 E301.48561
G1 X152.572 Y73.601 E301.57083
G1 X154.496 Y75.244 E301.65498
G1 X156.434 Y76.807 E301.73779
G1 X158.493 Y78.373 E301.82383
G1 X160.547 Y79.846 E301.9079
G1 X162.664 Y81.274 E301.99283
G1 X164.792 Y82.625 E302.07667
G1 X166.005 Y83.348 E302.12364
G1 X166.656 Y83.748 E302.14905
G1 X167.403 Y84.255 E302.17908
G1 X168.103 Y84.826 E302.20912
G1 X168.522 Y85.223 E302.22832
G1 X169.132 Y85.889 E302.25836
G1 X169.681 Y86.606 E302.2884
G1 X170.163 Y87.37 E302.31844
G1 X170.577 Y88.173 E302.34849
G1 X170.917 Y89.009 E302.37851
G1 X171.183 Y89.872 E302.40854
G1 X171.371 Y90.755 E302.43857
G1 X171.48 Y91.652 E302.46862
G1 X171.505 Y92.12 E302.48421
G1 X171.52 Y92.759 E302.50547
G1 X171.519 Y119.868 E303.40712
G1 X171.509 Y120.566 E303.43034
G1 X171.47 Y121.325 E303.45561
G1 X171.35 Y122.22 E303.48565
G1 X171.152 Y123.101 E303.51568
G1 X170.877 Y123.961 E303.54571
G1 X170.526 Y124.794 E303.57578
G1 X170.103 Y125.592 E303.60582
G1 X169.612 Y126.349 E303.63583
G1 X169.055 Y127.06 E303.66587
G1 X168.437 Y127.72 E303.69594
G1 X167.764 Y128.321 E303.72595
G1 X166.788 Y129.027 E303.76602
G1 X165.84 Y129.63 E303.80338
G1 X163.631 Y131.08 E303.89127
G1 X161.563 Y132.524 E303.97516
G1 X159.532 Y134.028 E304.05922
G1 X157.517 Y135.61 E304.14442
G1 X155.56 Y137.238 E304.22909
G1 X153.66 Y138.912 E304.31331
G1 X151.798 Y140.649 E304.39801
G1 X150.015 Y142.408 E304.48131
G1 X148.239 Y144.263 E304.56673
G1 X146.538 Y146.144 E304.65108
G1 X144.878 Y148.087 E304.73608
G1 X143.298 Y150.045 E304.81976
G1 X141.754 Y152.074 E304.90456
G1 X140.272 Y154.139 E304.9891
G1 X138.825 Y156.282 E305.0751
G1 X138.073 Y157.429 E305.12072
G1 X137.539 Y158.157 E305.15075
G1 X136.796 Y158.985 E305.18775
G1 X136.13 Y159.595 E305.21779
G1 X135.413 Y160.144 E305.24782
G1 X134.649 Y160.626 E305.27787
G1 X133.846 Y161.04 E305.30792
G1 X133.01 Y161.38 E305.33794
G1 X132.054 Y161.669 E305.37115
G1 X131.169 Y161.849 E305.40119
G1 X129.867 Y161.97 E305.44468
G1 X129.26 Y161.983 E305.46488
G1 X102.152 Y161.982 E306.36649
G1 X101.451 Y161.972 E306.38981
G1 X100.693 Y161.933 E306.41505
G1 X99.798 Y161.813 E306.44509
G1 X98.917 Y161.615 E306.47512
G1 X98.057 Y161.34 E306.50515
G1 X97.224 Y160.989 E306.53522
G1 X96.426 Y160.566 E306.56526
G1 X95.669 Y160.075 E306.59527
G1 X94.958 Y159.518 E306.62531
G1 X94.298 Y158.9 E306.65538
G1 X93.697 Y158.227 E306.68539
G1 X93.145 Y157.487 E306.7161
G1 X92.13 Y155.971 E306.77678
G1 X90.662 Y153.871 E306.862
G1 X89.155 Y151.839 E306.94614
G1 X87.584 Y149.843 E307.03062
G1 X85.95 Y147.883 E307.1155
G1 X84.286 Y145.998 E307.19912
G1 X82.54 Y144.128 E307.28422
G1 X80.746 Y142.314 E307.36907
G1 X78.923 Y140.571 E307.45296
G1 X77.042 Y138.873 E307.53724
G1 X75.085 Y137.204 E307.62279
G1 X73.124 Y135.625 E307.70653
G1 X71.129 Y134.11 E307.78985
G1 X69.02 Y132.599 E307.87614
G1 X66.937 Y131.195 E307.95969
G1 X64.802 Y129.84 E308.04379
G1 X64.167 Y129.45 E308.06858
G1 X63.42 Y128.944 E308.09859
G1 X62.72 Y128.373 E308.12863
G1 X62.073 Y127.743 E308.15867
G1 X61.485 Y127.058 E308.18869
G1 X60.959 Y126.323 E308.21875
G1 X60.501 Y125.545 E308.24878
G1 X60.113 Y124.73 E308.2788
G1 X59.799 Y123.883 E308.30885
G1 X59.561 Y123.018 E308.33869
G1 X59.408 Y122.215 E308.36588
G1 X59.319 Y121.224 E308.39897
G1 X59.299 Y120.429 E308.42542
G1 X59.3 Y93.288 E309.32813
G1 X59.31 Y92.622 E309.35029
G1 X59.349 Y91.869 E309.37536
G1 X59.469 Y90.974 E309.4054
G1 X59.667 Y90.093 E309.43543
G1 X59.942 Y89.233 E309.46546
G1 X60.293 Y88.4 E309.49553
G1 X60.716 Y87.602 E309.52557
G1 X61.207 Y86.845 E309.55558
G1 X61.764 Y86.134 E309.58562
G1 X62.382 Y85.474 E309.61569
G1 X63.055 Y84.873 E309.6457
G1 F2700 E304.6457
;MESH:Supporto.stl(1)
G0 F7500 X69.929 Y92.101
G0 X87.051 Y120.164
;TYPE:WALL-INNER
G1 F2700 E309.6457
G1 F1350 X96.896 Y120.164 E309.97315
G1 X96.896 Y93.364 E310.86452
G1 X70.096 Y93.364 E311.75589
G1 X70.096 Y120.164 E312.64726
G1 X87.051 Y120.164 E313.21119
G0 F7500 X87.158 Y120.564
;TYPE:WALL-OUTER
G1 F1350 X97.296 Y120.564 E313.54838
G1 X97.296 Y92.964 E314.46636
G1 X69.696 Y92.964 E315.38434
G1 X69.696 Y120.564 E316.30232
G1 X87.158 Y120.564 E316.88311
G0 F7500 X86.956 Y119.804
;TYPE:SKIN
G1 F1350 X70.456 Y119.804 E317.4319
G1 X70.456 Y93.724 E318.29932
G1 X96.536 Y93.724 E319.16675
G1 X96.536 Y119.804 E320.03417
G1 X86.956 Y119.804 E320.3528
G0 F7500 X86.956 Y120.064
G0 X95.922 Y120.064
G0 X95.922 Y119.604
G1 F1350 X96.336 Y119.19 E320.37228
G0 F7500 X96.336 Y118.624
G1 F1350 X95.356 Y119.604 E320.41837
G0 F7500 X94.79 Y119.604
G1 F1350 X96.336 Y118.059 E320.49107
G0 F7500 X96.336 Y117.493
G1 F1350 X94.225 Y119.604 E320.59036
G0 F7500 X93.659 Y119.604
G1 F1350 X96.336 Y116.927 E320.71628
G0 F7500 X96.336 Y116.361
G1 F1350 X93.093 Y119.604 E320.86882
G0 F7500 X92.528 Y119.604
G1 F1350 X96.336 Y115.796 E321.04794
G0 F7500 X96.336 Y115.23
G1 F1350 X91.962 Y119.604 E321.25368
G0 F7500 X91.396 Y119.604
G1 F1350 X96.336 Y114.664 E321.48604
G0 F7500 X96.336 Y114.099
G1 F1350 X90.831 Y119.604 E321.74498
G0 F7500 X90.265 Y119.604
G1 F1350 X96.336 Y113.533 E322.03054
G0 F7500 X96.336 Y112.967
G1 F1350 X89.699 Y119.604 E322.34273
G0 F7500 X89.134 Y119.604
G1 F1350 X96.336 Y112.402 E322.68149
G0 F7500 X96.336 Y111.836
G1 F1350 X88.568 Y119.604 E323.04687
G0 F7500 X88.002 Y119.604
G1 F1350 X96.336 Y111.27 E323.43887
G0 F7500 X96.336 Y110.705
G1 F1350 X87.437 Y119.604 E323.85746
G0 F7500 X86.871 Y119.604
G1 F1350 X96.336 Y110.139 E324.30266
G0 F7500 X96.336 Y109.573
G1 F1350 X86.305 Y119.604 E324.77449
G0 F7500 X85.74 Y119.604
G1 F1350 X96.336 Y109.008 E325.27289
G0 F7500 X96.336 Y108.442
G1 F1350 X85.174 Y119.604 E325.79792
G0 F7500 X84.608 Y119.604
G1 F1350 X96.336 Y107.876 E326.34957
G0 F7500 X96.336 Y107.311
G1 F1350 X84.042 Y119.604 E326.92781
G0 F7500 X83.477 Y119.604
G1 F1350 X96.336 Y106.745 E327.53266
G0 F7500 X96.336 Y106.179
G1 F1350 X82.911 Y119.604 E328.16413
G0 F7500 X82.345 Y119.604
G1 F1350 X96.336 Y105.613 E328.82223
G0 F7500 X96.336 Y105.048
G1 F1350 X81.78 Y119.604 E329.5069
G0 F7500 X81.214 Y119.604
G1 F1350 X96.336 Y104.482 E330.21819
G0 F7500 X96.336 Y103.916
G1 F1350 X80.648 Y119.604 E330.95611
G0 F7500 X80.083 Y119.604
G1 F1350 X96.336 Y103.351 E331.7206
G0 F7500 X96.336 Y102.785
G1 F1350 X79.517 Y119.604 E332.51171
G0 F7500 X78.951 Y119.604
G1 F1350 X96.336 Y102.219 E333.32945
G0 F7500 X96.336 Y101.654
G1 F1350 X78.386 Y119.604 E334.17376
G0 F7500 X77.82 Y119.604
G1 F1350 X96.336 Y101.088 E335.0447
G0 F7500 X96.336 Y100.522
G1 F1350 X77.254 Y119.604 E335.94226
G0 F7500 X76.689 Y119.604
G1 F1350 X96.336 Y99.957 E336.86639
G0 F7500 X96.336 Y99.391
G1 F1350 X76.123 Y119.604 E337.81715
G0 F7500 X75.557 Y119.604
G1 F1350 X96.336 Y98.825 E338.79453
G0 F7500 X96.336 Y98.26
G1 F1350 X74.992 Y119.604 E339.79848
G0 F7500 X74.426 Y119.604
G1 F1350 X96.336 Y97.694 E340.82906
G0 F7500 X96.336 Y97.128
G1 F1350 X73.86 Y119.604 E341.88627
G0 F7500 X73.294 Y119.604
G1 F1350 X96.336 Y96.563 E342.97007
G0 F7500 X96.336 Y95.997
G1 F1350 X72.729 Y119.604 E344.08047
G0 F7500 X72.163 Y119.604
G1 F1350 X96.336 Y95.431 E345.21749
G0 F7500 X96.336 Y94.865
G1 F1350 X71.597 Y119.604 E346.38114
G0 F7500 X71.032 Y119.604
G1 F1350 X96.336 Y94.3 E347.57136
G0 F7500 X96.147 Y93.924
G1 F1350 X70.656 Y119.414 E348.77036
G0 F7500 X70.656 Y118.848
G1 F1350 X95.581 Y93.924 E349.94273
G0 F7500 X95.015 Y93.924
G1 F1350 X70.656 Y118.283 E351.0885
G0 F7500 X70.656 Y117.717
G1 F1350 X94.45 Y93.924 E352.20767
G0 F7500 X93.884 Y93.924
G1 F1350 X70.656 Y117.151 E353.30022
G0 F7500 X70.656 Y116.586
G1 F1350 X93.318 Y93.924 E354.36618
G0 F7500 X92.753 Y93.924
G1 F1350 X70.656 Y116.02 E355.40553
G0 F7500 X70.656 Y115.454
G1 F1350 X92.187 Y93.924 E356.41826
G0 F7500 X91.621 Y93.924
G1 F1350 X70.656 Y114.889 E357.40439
G0 F7500 X70.656 Y114.323
G1 F1350 X91.056 Y93.924 E358.36392
G0 F7500 X90.49 Y93.924
G1 F1350 X70.656 Y113.757 E359.29682
G0 F7500 X70.656 Y113.192
G1 F1350 X89.924 Y93.924 E360.20313
G0 F7500 X89.358 Y93.924
G1 F1350 X70.656 Y112.626 E361.08281
G0 F7500 X70.656 Y112.06
G1 F1350 X88.793 Y93.924 E361.9359
G0 F7500 X88.227 Y93.924
G1 F1350 X70.656 Y111.494 E362.76236
G0 F7500 X70.656 Y110.929
G1 F1350 X87.661 Y93.924 E363.56223
G0 F7500 X87.096 Y93.924
G1 F1350 X70.656 Y110.363 E364.33549
G0 F7500 X70.656 Y109.797
G1 F1350 X86.53 Y93.924 E365.08213
G0 F7500 X85.964 Y93.924
G1 F1350 X70.656 Y109.232 E365.80217
G0 F7500 X70.656 Y108.666
G1 F1350 X85.399 Y93.924 E366.49561
G0 F7500 X84.833 Y93.924
G1 F1350 X70.656 Y108.1 E367.16243
G0 F7500 X70.656 Y107.535
G1 F1350 X84.267 Y93.924 E367.80265
G0 F7500 X83.702 Y93.924
G1 F1350 X70.656 Y106.969 E368.41627
G0 F7500 X70.656 Y106.403
G1 F1350 X83.136 Y93.924 E369.00327
G0 F7500 X82.57 Y93.924
G1 F1350 X70.656 Y105.838 E369.56367
G0 F7500 X70.656 Y105.272
G1 F1350 X82.005 Y93.924 E370.09747
G0 F7500 X81.439 Y93.924
G1 F1350 X70.656 Y104.706 E370.60464
G0 F7500 X70.656 Y104.141
G1 F1350 X80.873 Y93.924 E371.08522
G0 F7500 X80.308 Y93.924
G1 F1350 X70.656 Y103.575 E371.5392
G0 F7500 X70.656 Y103.009
G1 F1350 X79.742 Y93.924 E371.96655
G0 F7500 X79.176 Y93.924
G1 F1350 X70.656 Y102.444 E372.3673
G0 F7500 X70.656 Y101.878
G1 F1350 X78.61 Y93.924 E372.74144
G0 F7500 X78.045 Y93.924
G1 F1350 X70.656 Y101.312 E373.08897
G0 F7500 X70.656 Y100.746
G1 F1350 X77.479 Y93.924 E373.40988
G0 F7500 X76.913 Y93.924
G1 F1350 X70.656 Y100.181 E373.70419
G0 F7500 X70.656 Y99.615
G1 F1350 X76.348 Y93.924 E373.9719
G0 F7500 X75.782 Y93.924
G1 F1350 X70.656 Y99.049 E374.21299
G0 F7500 X70.656 Y98.484
G1 F1350 X75.216 Y93.924 E374.42747
G0 F7500 X74.651 Y93.924
G1 F1350 X70.656 Y97.918 E374.61536
G0 F7500 X70.656 Y97.352
G1 F1350 X74.085 Y93.924 E374.77663
G0 F7500 X73.519 Y93.924
G1 F1350 X70.656 Y96.787 E374.9113
G0 F7500 X70.656 Y96.221
G1 F1350 X72.954 Y93.924 E375.01936
G0 F7500 X72.388 Y93.924
G1 F1350 X70.656 Y95.655 E375.10081
G0 F7500 X70.656 Y95.09
G1 F1350 X71.822 Y93.924 E375.15565
G0 F7500 X71.257 Y93.924
G1 F1350 X70.656 Y94.524 E375.1839
G1 F2700 E370.1839
;MESH:TracciaSopra.stl
G0 F7500 X70.196 Y94.524
G0 X70.268 Y93.536
G0 X97.075 Y93.19
G0 X98.164 Y93.19
G0 X101.406 Y90.778
G0 X115.194 Y89.512
;TYPE:WALL-INNER
G1 F2700 E375.1839
G1 F1350 X128.38 Y89.512 E375.62247
G1 X128.38 Y62.712 E376.51384
G1 X101.58 Y62.712 E377.40521
G1 X101.58 Y89.512 E378.29658
G1 X115.194 Y89.512 E378.74939
G0 F7500 X115.201 Y89.912
;TYPE:WALL-OUTER
G1 F1350 X128.78 Y89.912 E379.20103
G1 X128.78 Y62.312 E380.119
G1 X101.18 Y62.312 E381.03698
G1 X101.18 Y89.912 E381.95496
G1 X115.201 Y89.912 E382.4213
G0 F7500 X115.189 Y89.152
;TYPE:SKIN
G1 F1350 X101.94 Y89.152 E382.86197
G1 X101.94 Y63.072 E383.72939
G1 X128.02 Y63.072 E384.59682
G1 X128.02 Y89.152 E385.46424
G1 X115.189 Y89.152 E385.891
G0 F7500 X115.189 Y89.412
G0 X127.706 Y89.412
G0 X127.706 Y88.952
G1 F1350 X127.819 Y88.838 E385.89634
G0 F7500 X127.819 Y88.272
G1 F1350 X127.14 Y88.952 E385.9283
G0 F7500 X126.574 Y88.952
G1 F1350 X127.819 Y87.707 E385.98686
G0 F7500 X127.819 Y87.141
G1 F1350 X126.009 Y88.952 E386.07202
G0 F7500 X125.443 Y88.952
G1 F1350 X127.819 Y86.575 E386.18381
G0 F7500 X127.819 Y86.01
G1 F1350 X124.877 Y88.952 E386.32219
G0 F7500 X124.311 Y88.952
G1 F1350 X127.819 Y85.444 E386.4872
G0 F7500 X127.819 Y84.878
G1 F1350 X123.746 Y88.952 E386.6788
G0 F7500 X123.18 Y88.952
G1 F1350 X127.819 Y84.313 E386.897
G0 F7500 X127.819 Y83.747
G1 F1350 X122.614 Y88.952 E387.14183
G0 F7500 X122.049 Y88.952
G1 F1350 X127.819 Y83.181 E387.41326
G0 F7500 X127.819 Y82.616
G1 F1350 X121.483 Y88.952 E387.71128
G0 F7500 X120.917 Y88.952
G1 F1350 X127.819 Y82.05 E388.03593
G0 F7500 X127.819 Y81.484
G1 F1350 X120.352 Y88.952 E388.38718
G0 F7500 X119.786 Y88.952
G1 F1350 X127.819 Y80.918 E388.76505
G0 F7500 X127.819 Y80.353
G1 F1350 X119.22 Y88.952 E389.16952
G0 F7500 X118.655 Y88.952
G1 F1350 X127.819 Y79.787 E389.60059
G0 F7500 X127.819 Y79.221
G1 F1350 X118.089 Y88.952 E390.05829
G0 F7500 X117.523 Y88.952
G1 F1350 X127.819 Y78.656 E390.54258
G0 F7500 X127.819 Y78.09
G1 F1350 X116.958 Y88.952 E391.05347
G0 F7500 X116.392 Y88.952
G1 F1350 X127.819 Y77.524 E391.59098
G0 F7500 X127.819 Y76.959
G1 F1350 X115.826 Y88.952 E392.1551
G0 F7500 X115.261 Y88.952
G1 F1350 X127.819 Y76.393 E392.74581
G0 F7500 X127.819 Y75.827
G1 F1350 X114.695 Y88.952 E393.36315
G0 F7500 X114.129 Y88.952
G1 F1350 X127.819 Y75.262 E394.00708
G0 F7500 X127.819 Y74.696
G1 F1350 X113.563 Y88.952 E394.67764
G0 F7500 X112.998 Y88.952
G1 F1350 X127.819 Y74.13 E395.3748
G0 F7500 X127.819 Y73.565
G1 F1350 X112.432 Y88.952 E396.09856
G0 F7500 X111.866 Y88.952
G1 F1350 X127.819 Y72.999 E396.84894
G0 F7500 X127.819 Y72.433
G1 F1350 X111.301 Y88.952 E397.62592
G0 F7500 X110.735 Y88.952
G1 F1350 X127.819 Y71.868 E398.4295
G0 F7500 X127.819 Y71.302
G1 F1350 X110.169 Y88.952 E399.2597
G0 F7500 X109.604 Y88.952
G1 F1350 X127.819 Y70.736 E400.1165
G0 F7500 X127.819 Y70.17
G1 F1350 X109.038 Y88.952 E400.99992
G0 F7500 X108.472 Y88.952
G1 F1350 X127.819 Y69.605 E401.90995
G0 F7500 X127.819 Y69.039
G1 F1350 X107.907 Y88.952 E402.84657
G0 F7500 X107.341 Y88.952
G1 F1350 X127.819 Y68.473 E403.80982
G0 F7500 X127.819 Y67.908
G1 F1350 X106.775 Y88.952 E404.79966
G0 F7500 X106.21 Y88.952
G1 F1350 X127.819 Y67.342 E405.81611
G0 F7500 X127.819 Y66.776
G1 F1350 X105.644 Y88.952 E406.85917
G0 F7500 X105.078 Y88.952
G1 F1350 X127.819 Y66.211 E407.92884
G0 F7500 X127.819 Y65.645
G1 F1350 X104.513 Y88.952 E409.02511
G0 F7500 X103.947 Y88.952
G1 F1350 X127.819 Y65.079 E410.148
G0 F7500 X127.819 Y64.514
G1 F1350 X103.381 Y88.952 E411.29748
G0 F7500 X102.815 Y88.952
G1 F1350 X127.819 Y63.948 E412.4736
G0 F7500 X127.819 Y63.382
G1 F1350 X102.25 Y88.952 E413.67631
G0 F7500 X102.14 Y88.496
G1 F1350 X127.364 Y63.272 E414.86277
G0 F7500 X126.798 Y63.272
G1 F1350 X102.14 Y87.93 E416.0226
G0 F7500 X102.14 Y87.364
G1 F1350 X126.233 Y63.272 E417.15584
G0 F7500 X125.667 Y63.272
G1 F1350 X102.14 Y86.799 E418.26248
G0 F7500 X102.14 Y86.233
G1 F1350 X125.101 Y63.272 E419.34249
G0 F7500 X124.536 Y63.272
G1 F1350 X102.14 Y85.667 E420.39591
G0 F7500 X102.14 Y85.102
G1 F1350 X123.97 Y63.272 E421.42273
G0 F7500 X123.404 Y63.272
G1 F1350 X102.14 Y84.536 E422.42292
G0 F7500 X102.14 Y83.97
G1 F1350 X122.839 Y63.272 E423.39651
G0 F7500 X122.273 Y63.272
G1 F1350 X102.14 Y83.405 E424.34351
G0 F7500 X102.14 Y82.839
G1 F1350 X121.707 Y63.272 E425.26388
G0 F7500 X121.142 Y63.272
G1 F1350 X102.14 Y82.273 E426.15765
G0 F7500 X102.14 Y81.708
G1 F1350 X120.576 Y63.272 E427.02482
G0 F7500 X120.01 Y63.272
G1 F1350 X102.14 Y81.142 E427.86537
G0 F7500 X102.14 Y80.576
G1 F1350 X119.444 Y63.272 E428.6793
G0 F7500 X118.879 Y63.272
G1 F1350 X102.14 Y80.011 E429.46665
G0 F7500 X102.14 Y79.445
G1 F1350 X118.313 Y63.272 E430.22738
G0 F7500 X117.747 Y63.272
G1 F1350 X102.14 Y78.879 E430.96149
G0 F7500 X102.14 Y78.313
G1 F1350 X117.182 Y63.272 E431.66899
G0 F7500 X116.616 Y63.272
G1 F1350 X102.14 Y77.748 E432.3499
G0 F7500 X102.14 Y77.182
G1 F1350 X116.05 Y63.272 E433.00418
G0 F7500 X115.485 Y63.272
G1 F1350 X102.14 Y76.616 E433.63187
G0 F7500 X102.14 Y76.051
G1 F1350 X114.919 Y63.272 E434.23295
G0 F7500 X114.353 Y63.272
G1 F1350 X102.14 Y75.485 E434.80741
G0 F7500 X102.14 Y74.919
G1 F1350 X113.788 Y63.272 E435.35528
G0 F7500 X113.222 Y63.272
G1 F1350 X102.14 Y74.354 E435.87654
G0 F7500 X102.14 Y73.788
G1 F1350 X112.656 Y63.272 E436.37118
G0 F7500 X112.091 Y63.272
G1 F1350 X102.14 Y73.222 E436.83922
G0 F7500 X102.14 Y72.657
G1 F1350 X111.525 Y63.272 E437.28066
G0 F7500 X110.959 Y63.272
G1 F1350 X102.14 Y72.091 E437.69548
G0 F7500 X102.14 Y71.525
G1 F1350 X110.394 Y63.272 E438.0837
G0 F7500 X109.828 Y63.272
G1 F1350 X102.14 Y70.96 E438.44532
G0 F7500 X102.14 Y70.394
G1 F1350 X109.262 Y63.272 E438.78032
G0 F7500 X108.696 Y63.272
G1 F1350 X102.14 Y69.828 E439.08869
G0 F7500 X102.14 Y69.263
G1 F1350 X108.131 Y63.272 E439.37049
G0 F7500 X107.565 Y63.272
G1 F1350 X102.14 Y68.697 E439.62567
G0 F7500 X102.14 Y68.131
G1 F1350 X106.999 Y63.272 E439.85422
G0 F7500 X106.434 Y63.272
G1 F1350 X102.14 Y67.565 E440.05617
G0 F7500 X102.14 Y67
G1 F1350 X105.868 Y63.272 E440.23153
G0 F7500 X105.302 Y63.272
G1 F1350 X102.14 Y66.434 E440.38026
G0 F7500 X102.14 Y65.868
G1 F1350 X104.737 Y63.272 E440.50239
G0 F7500 X104.171 Y63.272
G1 F1350 X102.14 Y65.303 E440.59792
G0 F7500 X102.14 Y64.737
G1 F1350 X103.605 Y63.272 E440.66683
G0 F7500 X103.04 Y63.272
G1 F1350 X102.14 Y64.171 E440.70914
G0 F7500 X102.14 Y63.606
G1 F1350 X102.474 Y63.272 E440.72485
G1 F2700 E435.72485
;MESH:TracciaSotto.stl
G0 F7500 X102.474 Y62.812
G0 X128.208 Y62.884
G0 X128.552 Y89.683
G0 X129.647 Y89.683
G0 X132.655 Y92.853
G0 X144.212 Y119.828
;TYPE:WALL-INNER
G1 F2700 E440.72485
G1 F1350 X160.72 Y119.828 E441.27391
G1 X160.72 Y93.028 E442.16528
G1 X133.92 Y93.028 E443.05665
G1 X133.92 Y119.828 E443.94802
G1 X144.212 Y119.828 E444.29034
G0 F7500 X144.12 Y120.228
;TYPE:WALL-OUTER
G1 F1350 X161.12 Y120.228 E444.85576
G1 X161.12 Y92.628 E445.77374
G1 X133.52 Y92.628 E446.69172
G1 X133.52 Y120.228 E447.6097
G1 X144.12 Y120.228 E447.96225
G0 F7500 X144.296 Y119.468
;TYPE:SKIN
G1 F1350 X134.28 Y119.468 E448.29539
G1 X134.28 Y93.388 E449.16281
G1 X160.36 Y93.388 E450.03024
G1 X160.36 Y119.468 E450.89766
G1 X144.296 Y119.468 E451.43195
G0 F7500 X144.296 Y119.728
G0 X159.615 Y119.728
G0 X159.615 Y119.268
G1 F1350 X160.16 Y118.723 E451.45759
G0 F7500 X160.16 Y118.158
G1 F1350 X159.05 Y119.268 E451.5098
G0 F7500 X158.484 Y119.268
G1 F1350 X160.16 Y117.592 E451.58863
G0 F7500 X160.16 Y117.026
G1 F1350 X157.918 Y119.268 E451.69409
G0 F7500 X157.352 Y119.268
G1 F1350 X160.16 Y116.46 E451.82617
G0 F7500 X160.16 Y115.895
G1 F1350 X156.787 Y119.268 E451.98482
G0 F7500 X156.221 Y119.268
G1 F1350 X160.16 Y115.329 E452.1701
G0 F7500 X160.16 Y114.763
G1 F1350 X155.655 Y119.268 E452.382
G0 F7500 X155.09 Y119.268
G1 F1350 X160.16 Y114.198 E452.62048
G0 F7500 X160.16 Y113.632
G1 F1350 X154.524 Y119.268 E452.88558
G0 F7500 X153.958 Y119.268
G1 F1350 X160.16 Y113.066 E453.1773
G0 F7500 X160.16 Y112.501
G1 F1350 X153.393 Y119.268 E453.4956
G0 F7500 X152.827 Y119.268
G1 F1350 X160.16 Y111.935 E453.84052
G0 F7500 X160.16 Y111.369
G1 F1350 X152.261 Y119.268 E454.21207
G0 F7500 X151.696 Y119.268
G1 F1350 X160.16 Y110.804 E454.61019
G0 F7500 X160.16 Y110.238
G1 F1350 X151.13 Y119.268 E455.03493
G0 F7500 X150.564 Y119.268
G1 F1350 X160.16 Y109.672 E455.4863
G0 F7500 X160.16 Y109.107
G1 F1350 X149.999 Y119.268 E455.96424
G0 F7500 X149.433 Y119.268
G1 F1350 X160.16 Y108.541 E456.46881
G0 F7500 X160.16 Y107.975
G1 F1350 X148.867 Y119.268 E457
G0 F7500 X148.302 Y119.268
G1 F1350 X160.16 Y107.41 E457.55776
G0 F7500 X160.16 Y106.844
G1 F1350 X147.736 Y119.268 E458.14215
G0 F7500 X147.17 Y119.268
G1 F1350 X160.16 Y106.278 E458.75316
G0 F7500 X160.16 Y105.712
G1 F1350 X146.604 Y119.268 E459.39079
G0 F7500 X146.039 Y119.268
G1 F1350 X160.16 Y105.147 E460.055
G0 F7500 X160.16 Y104.581
G1 F1350 X145.473 Y119.268 E460.74583
G0 F7500 X144.907 Y119.268
G1 F1350 X160.16 Y104.015 E461.46328
G0 F7500 X160.16 Y103.45
G1 F1350 X144.342 Y119.268 E462.20731
G0 F7500 X143.776 Y119.268
G1 F1350 X160.16 Y102.884 E462.97797
G0 F7500 X160.16 Y102.318
G1 F1350 X143.21 Y119.268 E463.77524
G0 F7500 X142.645 Y119.268
G1 F1350 X160.16 Y101.753 E464.59909
G0 F7500 X160.16 Y101.187
G1 F1350 X142.079 Y119.268 E465.44957
G0 F7500 X141.513 Y119.268
G1 F1350 X160.16 Y100.621 E466.32667
G0 F7500 X160.16 Y100.056
G1 F1350 X140.948 Y119.268 E467.23034
G0 F7500 X140.382 Y119.268
G1 F1350 X160.16 Y99.49 E468.16064
G0 F7500 X160.16 Y98.924
G1 F1350 X139.816 Y119.268 E469.11756
G0 F7500 X139.251 Y119.268
G1 F1350 X160.16 Y98.359 E470.10105
G0 F7500 X160.16 Y97.793
G1 F1350 X138.685 Y119.268 E471.11117
G0 F7500 X138.119 Y119.268
G1 F1350 X160.16 Y97.227 E472.14791
G0 F7500 X160.16 Y96.661
G1 F1350 X137.553 Y119.268 E473.21128
G0 F7500 X136.988 Y119.268
G1 F1350 X160.16 Y96.096 E474.30121
G0 F7500 X160.16 Y95.53
G1 F1350 X136.422 Y119.268 E475.41778
G0 F7500 X135.856 Y119.268
G1 F1350 X160.16 Y94.964 E476.56096
G0 F7500 X160.16 Y94.399
G1 F1350 X135.291 Y119.268 E477.73072
G0 F7500 X134.725 Y119.268
G1 F1350 X160.16 Y93.833 E478.92711
G0 F7500 X159.839 Y93.588
G1 F1350 X134.48 Y118.947 E480.11992
G0 F7500 X134.48 Y118.381
G1 F1350 X159.274 Y93.588 E481.28613
G0 F7500 X158.708 Y93.588
G1 F1350 X134.48 Y117.815 E482.42572
G0 F7500 X134.48 Y117.25
G1 F1350 X158.142 Y93.588 E483.5387
G0 F7500 X157.577 Y93.588
G1 F1350 X134.48 Y116.684 E484.62509
G0 F7500 X134.48 Y116.118
G1 F1350 X157.011 Y93.588 E485.68486
G0 F7500 X156.445 Y93.588
G1 F1350 X134.48 Y115.553 E486.71802
G0 F7500 X134.48 Y114.987
G1 F1350 X155.88 Y93.588 E487.72459
G0 F7500 X155.314 Y93.588
G1 F1350 X134.48 Y114.421 E488.70454
G0 F7500 X134.48 Y113.856
G1 F1350 X154.748 Y93.588 E489.65788
G0 F7500 X154.183 Y93.588
G1 F1350 X134.48 Y113.29 E490.58463
G0 F7500 X134.48 Y112.724
G1 F1350 X153.617 Y93.588 E491.48475
G0 F7500 X153.051 Y93.588
G1 F1350 X134.48 Y112.158 E492.35825
G0 F7500 X134.48 Y111.593
G1 F1350 X152.485 Y93.588 E493.20515
G0 F7500 X151.92 Y93.588
G1 F1350 X134.48 Y111.027 E494.02545
G0 F7500 X134.48 Y110.461
G1 F1350 X151.354 Y93.588 E494.81913
G0 F7500 X150.788 Y93.588
G1 F1350 X134.48 Y109.896 E495.5862
G0 F7500 X134.48 Y109.33
G1 F1350 X150.223 Y93.588 E496.32668
G0 F7500 X149.657 Y93.588
G1 F1350 X134.48 Y108.764 E497.04054
G0 F7500 X134.48 Y108.199
G1 F1350 X149.091 Y93.588 E497.7278
G0 F7500 X148.526 Y93.588
G1 F1350 X134.48 Y107.633 E498.38845
G0 F7500 X134.48 Y107.067
G1 F1350 X147.96 Y93.588 E499.02249
G0 F7500 X147.394 Y93.588
G1 F1350 X134.48 Y106.502 E499.62992
G0 F7500 X134.48 Y105.936
G1 F1350 X146.829 Y93.588 E500.21076
G0 F7500 X146.263 Y93.588
G1 F1350 X134.48 Y105.37 E500.76497
G0 F7500 X134.48 Y104.805
G1 F1350 X145.697 Y93.588 E501.29258
G0 F7500 X145.132 Y93.588
G1 F1350 X134.48 Y104.239 E501.7936
G0 F7500 X134.48 Y103.673
G1 F1350 X144.566 Y93.588 E502.26799
G0 F7500 X144 Y93.588
G1 F1350 X134.48 Y103.107 E502.71576
G0 F7500 X134.48 Y102.542
G1 F1350 X143.434 Y93.588 E503.13693
G0 F7500 X142.869 Y93.588
G1 F1350 X134.48 Y101.976 E503.53149
G0 F7500 X134.48 Y101.41
G1 F1350 X142.303 Y93.588 E503.89944
G0 F7500 X141.737 Y93.588
G1 F1350 X134.48 Y100.845 E504.24079
G0 F7500 X134.48 Y100.279
G1 F1350 X141.172 Y93.588 E504.55554
G0 F7500 X140.606 Y93.588
G1 F1350 X134.48 Y99.713 E504.84366
G0 F7500 X134.48 Y99.148
G1 F1350 X140.04 Y93.588 E505.10519
G0 F7500 X139.475 Y93.588
G1 F1350 X134.48 Y98.582 E505.34011
G0 F7500 X134.48 Y98.016
G1 F1350 X138.909 Y93.588 E505.54841
G0 F7500 X138.343 Y93.588
G1 F1350 X134.48 Y97.451 E505.73012
G0 F7500 X134.48 Y96.885
G1 F1350 X137.778 Y93.588 E505.88522
G0 F7500 X137.212 Y93.588
G1 F1350 X134.48 Y96.319 E506.0137
G0 F7500 X134.48 Y95.754
G1 F1350 X136.646 Y93.588 E506.11559
G0 F7500 X136.081 Y93.588
G1 F1350 X134.48 Y95.188 E506.19087
G0 F7500 X134.48 Y94.622
G1 F1350 X135.515 Y93.588 E506.23953
G0 F7500 X134.949 Y93.588
G1 F1350 X134.48 Y94.057 E506.26159
G1 F2700 E501.26159
;MESH:Supporto.stl
G0 F7500 X134.02 Y94.057
G0 X133.744 Y120.005
G0 X132.655 Y120.005
G0 X129.16 Y123.118
G0 X115.853 Y151.18
;TYPE:WALL-INNER
G1 F2700 E506.26159
G1 F1350 X128.988 Y151.18 E506.69846
G1 X128.988 Y124.38 E507.58983
G1 X102.188 Y124.38 E508.4812
G1 X102.188 Y151.18 E509.37258
G1 X115.853 Y151.18 E509.82708
G0 F7500 X115.861 Y151.58
;TYPE:WALL-OUTER
G1 F1350 X129.388 Y151.58 E510.27698
G1 X129.388 Y123.98 E511.19496
G1 X101.788 Y123.98 E512.11294
G1 X101.788 Y151.58 E513.03092
G1 X115.861 Y151.58 E513.49899
G0 F7500 X115.846 Y150.82
;TYPE:SKIN
G1 F1350 X102.548 Y150.82 E513.94129
G1 X102.548 Y124.74 E514.80871
G1 X128.628 Y124.74 E515.67614
G1 X128.628 Y150.82 E516.54356
G1 X115.846 Y150.82 E516.96869
G0 F7500 X115.846 Y151.08
G0 X128.263 Y151.08
G0 X128.263 Y150.62
G1 F1350 X128.428 Y150.455 E516.97645
G0 F7500 X128.428 Y149.89
G1 F1350 X127.697 Y150.62 E517.01081
G0 F7500 X127.131 Y150.62
G1 F1350 X128.428 Y149.324 E517.0718
G0 F7500 X128.428 Y148.758
G1 F1350 X126.566 Y150.62 E517.15938
G0 F7500 X126 Y150.62
G1 F1350 X128.428 Y148.193 E517.27356
G0 F7500 X128.428 Y147.627
G1 F1350 X125.434 Y150.62 E517.41437
G0 F7500 X124.869 Y150.62
G1 F1350 X128.428 Y147.061 E517.58177
G0 F7500 X128.428 Y146.496
G1 F1350 X124.303 Y150.62 E517.77577
G0 F7500 X123.737 Y150.62
G1 F1350 X128.428 Y145.93 E517.9964
G0 F7500 X128.428 Y145.364
G1 F1350 X123.172 Y150.62 E518.24363
G0 F7500 X122.606 Y150.62
G1 F1350 X128.428 Y144.798 E518.51748
G0 F7500 X128.428 Y144.233
G1 F1350 X122.04 Y150.62 E518.81792
G0 F7500 X121.475 Y150.62
G1 F1350 X128.428 Y143.667 E519.14497
G0 F7500 X128.428 Y143.101
G1 F1350 X120.909 Y150.62 E519.49864
G0 F7500 X120.343 Y150.62
G1 F1350 X128.428 Y142.536 E519.87891
G0 F7500 X128.428 Y141.97
G1 F1350 X119.778 Y150.62 E520.28578
G0 F7500 X119.212 Y150.62
G1 F1350 X128.428 Y141.404 E520.71928
G0 F7500 X128.428 Y140.839
G1 F1350 X118.646 Y150.62 E521.17937
G0 F7500 X118.08 Y150.62
G1 F1350 X128.428 Y140.273 E521.66608
G0 F7500 X128.428 Y139.707
G1 F1350 X117.515 Y150.62 E522.1794
G0 F7500 X116.949 Y150.62
G1 F1350 X128.428 Y139.142 E522.71931
G0 F7500 X128.428 Y138.576
G1 F1350 X116.383 Y150.62 E523.28585
G0 F7500 X115.818 Y150.62
G1 F1350 X128.428 Y138.01 E523.87898
G0 F7500 X128.428 Y137.445
G1 F1350 X115.252 Y150.62 E524.49872
G0 F7500 X114.686 Y150.62
G1 F1350 X128.428 Y136.879 E525.14507
G0 F7500 X128.428 Y136.313
G1 F1350 X114.121 Y150.62 E525.81803
G0 F7500 X113.555 Y150.62
G1 F1350 X128.428 Y135.748 E526.51759
G0 F7500 X128.428 Y135.182
G1 F1350 X112.989 Y150.62 E527.24377
G0 F7500 X112.424 Y150.62
G1 F1350 X128.428 Y134.616 E527.99655
G0 F7500 X128.428 Y134.05
G1 F1350 X111.858 Y150.62 E528.77595
G0 F7500 X111.292 Y150.62
G1 F1350 X128.428 Y133.485 E529.58195
G0 F7500 X128.428 Y132.919
G1 F1350 X110.727 Y150.62 E530.41455
G0 F7500 X110.161 Y150.62
G1 F1350 X128.428 Y132.353 E531.27378
G0 F7500 X128.428 Y131.788
G1 F1350 X109.595 Y150.62 E532.1596
G0 F7500 X109.03 Y150.62
G1 F1350 X128.428 Y131.222 E533.07202
G0 F7500 X128.428 Y130.656
G1 F1350 X108.464 Y150.62 E534.01107
G0 F7500 X107.898 Y150.62
G1 F1350 X128.428 Y130.091 E534.97671
G0 F7500 X128.428 Y129.525
G1 F1350 X107.332 Y150.62 E535.96898
G0 F7500 X106.767 Y150.62
G1 F1350 X128.428 Y128.959 E536.98785
G0 F7500 X128.428 Y128.394
G1 F1350 X106.201 Y150.62 E538.03331
G0 F7500 X105.635 Y150.62
G1 F1350 X128.428 Y127.828 E539.1054
G0 F7500 X128.428 Y127.262
G1 F1350 X105.07 Y150.62 E540.20409
G0 F7500 X104.504 Y150.62
G1 F1350 X128.428 Y126.697 E541.32938
G0 F7500 X128.428 Y126.131
G1 F1350 X103.938 Y150.62 E542.48129
G0 F7500 X103.373 Y150.62
G1 F1350 X128.428 Y125.565 E543.6598
G0 F7500 X128.428 Y125
G1 F1350 X102.807 Y150.62 E544.86491
G0 F7500 X102.748 Y150.113
G1 F1350 X127.921 Y124.94 E546.04897
G0 F7500 X127.356 Y124.94
G1 F1350 X102.748 Y149.547 E547.20643
G0 F7500 X102.748 Y148.982
G1 F1350 X126.79 Y124.94 E548.33729
G0 F7500 X126.224 Y124.94
G1 F1350 X102.748 Y148.416 E549.44153
G0 F7500 X102.748 Y147.85
G1 F1350 X125.659 Y124.94 E550.51917
G0 F7500 X125.093 Y124.94
G1 F1350 X102.748 Y147.285 E551.57021
G0 F7500 X102.748 Y146.719
G1 F1350 X124.527 Y124.94 E552.59463
G0 F7500 X123.961 Y124.94
G1 F1350 X102.748 Y146.153 E553.59242
G0 F7500 X102.748 Y145.588
G1 F1350 X123.396 Y124.94 E554.56364
G0 F7500 X122.83 Y124.94
G1 F1350 X102.748 Y145.022 E555.50824
G0 F7500 X102.748 Y144.456
G1 F1350 X122.264 Y124.94 E556.42621
G0 F7500 X121.699 Y124.94
G1 F1350 X102.748 Y143.891 E557.31761
G0 F7500 X102.748 Y143.325
G1 F1350 X121.133 Y124.94 E558.18238
G0 F7500 X120.567 Y124.94
G1 F1350 X102.748 Y142.759 E559.02053
G0 F7500 X102.748 Y142.194
G1 F1350 X120.002 Y124.94 E559.83211
G0 F7500 X119.436 Y124.94
G1 F1350 X102.748 Y141.628 E560.61706
G0 F7500 X102.748 Y141.062
G1 F1350 X118.87 Y124.94 E561.37539
G0 F7500 X118.305 Y124.94
G1 F1350 X102.748 Y140.496 E562.10712
G0 F7500 X102.748 Y139.931
G1 F1350 X117.739 Y124.94 E562.81225
G0 F7500 X117.173 Y124.94
G1 F1350 X102.748 Y139.365 E563.49076
G0 F7500 X102.748 Y138.799
G1 F1350 X116.608 Y124.94 E564.14267
G0 F7500 X116.042 Y124.94
G1 F1350 X102.748 Y138.234 E564.76798
G0 F7500 X102.748 Y137.668
G1 F1350 X115.476 Y124.94 E565.36666
G0 F7500 X114.911 Y124.94
G1 F1350 X102.748 Y137.102 E565.93875
G0 F7500 X102.748 Y136.537
G1 F1350 X114.345 Y124.94 E566.48424
G0 F7500 X113.779 Y124.94
G1 F1350 X102.748 Y135.971 E567.0031
G0 F7500 X102.748 Y135.405
G1 F1350 X113.213 Y124.94 E567.49534
G0 F7500 X112.648 Y124.94
G1 F1350 X102.748 Y134.84 E567.96101
G0 F7500 X102.748 Y134.274
G1 F1350 X112.082 Y124.94 E568.40005
G0 F7500 X111.516 Y124.94
G1 F1350 X102.748 Y133.708 E568.81247
G0 F7500 X102.748 Y133.143
G1 F1350 X110.951 Y124.94 E569.19831
G0 F7500 X110.385 Y124.94
G1 F1350 X102.748 Y132.577 E569.55754
G0 F7500 X102.748 Y132.011
G1 F1350 X109.819 Y124.94 E569.89013
G0 F7500 X109.254 Y124.94
G1 F1350 X102.748 Y131.445 E570.19613
G0 F7500 X102.748 Y130.88
G1 F1350 X108.688 Y124.94 E570.47553
G0 F7500 X108.122 Y124.94
G1 F1350 X102.748 Y130.314 E570.72831
G0 F7500 X102.748 Y129.748
G1 F1350 X107.557 Y124.94 E570.95449
G0 F7500 X106.991 Y124.94
G1 F1350 X102.748 Y129.183 E571.15406
G0 F7500 X102.748 Y128.617
G1 F1350 X106.425 Y124.94 E571.32702
G0 F7500 X105.86 Y124.94
G1 F1350 X102.748 Y128.051 E571.47337
G0 F7500 X102.748 Y127.486
G1 F1350 X105.294 Y124.94 E571.59313
G0 F7500 X104.728 Y124.94
G1 F1350 X102.748 Y126.92 E571.68626
G0 F7500 X102.748 Y126.354
G1 F1350 X104.162 Y124.94 E571.75277
G0 F7500 X103.597 Y124.94
G1 F1350 X102.748 Y125.789 E571.79271
G0 F7500 X102.748 Y125.223
G1 F1350 X103.031 Y124.94 E571.80602
G1 F2700 E566.80602
;MESH:NONMESH
G0 F300 X103.031 Y124.94 Z0.6
G0 F7500 X103.031 Y124.48
G0 X102.014 Y124.207
G0 X102.014 Y123.118
G0 X98.152 Y92.113
G0 X63.055 Y84.873
;TIME_ELAPSED:893.326321
;LAYER:2
M106 S170
;TYPE:SKIRT
G1 F2700 E571.80602
G1 F1200 X64.032 Y84.166 E571.84613
G1 X65.33 Y83.347 E571.89718
G1 X67.455 Y81.956 E571.98165
G1 X69.541 Y80.503 E572.0662
G1 X71.566 Y79.008 E572.14992
G1 X73.579 Y77.43 E572.23499
G1 X75.532 Y75.809 E572.31941
G1 X77.447 Y74.126 E572.40421
G1 X79.296 Y72.406 E572.4882
G1 X81.095 Y70.633 E572.57221
G1 X82.876 Y68.777 E572.65776
G1 X84.564 Y66.916 E572.74133
G1 X86.217 Y64.986 E572.82585
G1 X87.829 Y62.992 E572.91113
G1 X89.359 Y60.987 E572.99501
G1 X90.833 Y58.938 E573.07897
G1 X92.469 Y56.515 E573.17621
G1 X92.999 Y55.783 E573.20626
G1 X93.591 Y55.101 E573.2363
G1 X94.241 Y54.474 E573.26634
G1 X94.944 Y53.907 E573.29638
G1 X95.694 Y53.405 E573.3264
G1 X96.486 Y52.971 E573.35643
G1 X97.314 Y52.608 E573.3865
G1 X97.766 Y52.445 E573.40248
G1 X98.635 Y52.198 E573.43253
G1 X99.522 Y52.028 E573.46257
G1 X100.705 Y51.926 E573.50206
G1 X101.312 Y51.913 E573.52226
G1 X128.275 Y51.913 E574.41905
G1 X129.119 Y51.924 E574.44712
G1 X129.879 Y51.963 E574.47243
G1 X130.774 Y52.083 E574.50247
G1 X131.655 Y52.281 E574.5325
G1 X132.515 Y52.556 E574.56253
G1 X133.348 Y52.907 E574.5926
G1 X134.146 Y53.33 E574.62264
G1 X134.903 Y53.821 E574.65265
G1 X135.614 Y54.378 E574.68269
G1 X136.274 Y54.996 E574.71276
G1 X136.875 Y55.669 E574.74277
G1 X137.322 Y56.258 E574.76736
G1 X138.942 Y58.58 E574.86153
G1 X140.441 Y60.603 E574.94528
G1 X142.015 Y62.607 E575.03003
G1 X143.627 Y64.543 E575.11382
G1 X145.337 Y66.484 E575.19986
G1 X147.057 Y68.326 E575.28368
G1 X148.817 Y70.108 E575.36699
G1 X150.671 Y71.883 E575.45235
G1 X152.572 Y73.601 E575.53758
G1 X154.496 Y75.244 E575.62173
G1 X156.434 Y76.807 E575.70454
G1 X158.493 Y78.373 E575.79057
G1 X160.547 Y79.846 E575.87464
G1 X162.664 Y81.274 E575.95958
G1 X164.792 Y82.625 E576.04341
G1 X166.005 Y83.348 E576.09038
G1 X166.656 Y83.748 E576.11579
G1 X167.403 Y84.255 E576.14582
G1 X168.103 Y84.826 E576.17587
G1 X168.522 Y85.223 E576.19506
G1 X169.132 Y85.889 E576.2251
G1 X169.681 Y86.606 E576.25514
G1 X170.163 Y87.37 E576.28518
G1 X170.577 Y88.173 E576.31523
G1 X170.917 Y89.009 E576.34525
G1 X171.183 Y89.872 E576.37528
G1 X171.371 Y90.755 E576.40531
G1 X171.48 Y91.652 E576.43536
G1 X171.505 Y92.12 E576.45095
G1 X171.52 Y92.759 E576.47221
G1 X171.519 Y119.868 E577.37386
G1 X171.509 Y120.566 E577.39708
G1 X171.47 Y121.325 E577.42236
G1 X171.35 Y122.22 E577.45239
G1 X171.152 Y123.101 E577.48242
G1 X170.877 Y123.961 E577.51245
G1 X170.526 Y124.794 E577.54252
G1 X170.103 Y125.592 E577.57256
G1 X169.612 Y126.349 E577.60257
G1 X169.055 Y127.06 E577.63261
G1 X168.437 Y127.72 E577.66268
G1 X167.764 Y128.321 E577.69269
G1 X166.788 Y129.027 E577.73276
G1 X165.84 Y129.63 E577.77013
G1 X163.631 Y131.08 E577.85801
G1 X161.563 Y132.524 E577.9419
G1 X159.532 Y134.028 E578.02596
G1 X157.517 Y135.61 E578.11117
G1 X155.56 Y137.238 E578.19583
G1 X153.66 Y138.912 E578.28006
G1 X151.798 Y140.649 E578.36475
G1 X150.015 Y142.408 E578.44806
G1 X148.239 Y144.263 E578.53347
G1 X146.538 Y146.144 E578.61782
G1 X144.878 Y148.087 E578.70282
G1 X143.298 Y150.045 E578.7865
G1 X141.754 Y152.074 E578.8713
G1 X140.272 Y154.139 E578.95584
G1 X138.825 Y156.282 E579.04185
G1 X138.073 Y157.429 E579.08746
G1 X137.539 Y158.157 E579.11749
G1 X136.796 Y158.985 E579.15449
G1 X136.13 Y159.595 E579.18453
G1 X135.413 Y160.144 E579.21457
G1 X134.649 Y160.626 E579.24461
G1 X133.846 Y161.04 E579.27466
G1 X133.01 Y161.38 E579.30468
G1 X132.054 Y161.669 E579.3379
G1 X131.169 Y161.849 E579.36793
G1 X129.867 Y161.97 E579.41142
G1 X129.26 Y161.983 E579.43162
G1 X102.152 Y161.982 E580.33323
G1 X101.451 Y161.972 E580.35655
G1 X100.693 Y161.933 E580.3818
G1 X99.798 Y161.813 E580.41183
G1 X98.917 Y161.615 E580.44186
G1 X98.057 Y161.34 E580.47189
G1 X97.224 Y160.989 E580.50196
G1 X96.426 Y160.566 E580.532
G1 X95.669 Y160.075 E580.56201
G1 X94.958 Y159.518 E580.59205
G1 X94.298 Y158.9 E580.62212
G1 X93.697 Y158.227 E580.65213
G1 X93.145 Y157.487 E580.68284
G1 X92.13 Y155.971 E580.74352
G1 X90.662 Y153.871 E580.82874
G1 X89.155 Y151.839 E580.91288
G1 X87.584 Y149.843 E580.99737
G1 X85.95 Y147.883 E581.08224
G1 X84.286 Y145.998 E581.16587
G1 X82.54 Y144.128 E581.25096
G1 X80.746 Y142.314 E581.33582
G1 X78.923 Y140.571 E581.4197
G1 X77.042 Y138.873 E581.50399
G1 X75.085 Y137.204 E581.58953
G1 X73.124 Y135.625 E581.67327
G1 X71.129 Y134.11 E581.75659
G1 X69.02 Y132.599 E581.84288
G1 X66.937 Y131.195 E581.92643
G1 X64.802 Y129.84 E582.01053
G1 X64.167 Y129.45 E582.03532
G1 X63.42 Y128.944 E582.06533
G1 X62.72 Y128.373 E582.09537
G1 X62.073 Y127.743 E582.12541
G1 X61.485 Y127.058 E582.15543
G1 X60.959 Y126.323 E582.1855
G1 X60.501 Y125.545 E582.21552
G1 X60.113 Y124.73 E582.24555
G1 X59.799 Y123.883 E582.27559
G1 X59.561 Y123.018 E582.30543
G1 X59.408 Y122.215 E582.33262
G1 X59.319 Y121.224 E582.36571
G1 X59.299 Y120.429 E582.39216
G1 X59.3 Y93.288 E583.29487
G1 X59.31 Y92.622 E583.31703
G1 X59.349 Y91.869 E583.34211
G1 X59.469 Y90.974 E583.37214
G1 X59.667 Y90.093 E583.40217
G1 X59.942 Y89.233 E583.4322
G1 X60.293 Y88.4 E583.46227
G1 X60.716 Y87.602 E583.49231
G1 X61.207 Y86.845 E583.52232
G1 X61.764 Y86.134 E583.55236
G1 X62.382 Y85.474 E583.58243
G1 X63.055 Y84.873 E583.61244
G1 F2700 E578.61244
;MESH:Supporto.stl(1)
G0 F9000 X69.929 Y92.101
G0 X87.051 Y120.164
;TYPE:WALL-INNER
G1 F2700 E583.61244
G1 F1500 X96.896 Y120.164 E583.93989
G1 X96.896 Y93.364 E584.83126
G1 X70.096 Y93.364 E585.72263
G1 X70.096 Y120.164 E586.614
G1 X87.051 Y120.164 E587.17793
G0 F9000 X87.158 Y120.564
;TYPE:WALL-OUTER
G1 F1500 X97.296 Y120.564 E587.51512
G1 X97.296 Y92.964 E588.4331
G1 X69.696 Y92.964 E589.35108
G1 X69.696 Y120.564 E590.26906
G1 X87.158 Y120.564 E590.84985
G0 F9000 X86.956 Y119.804
;TYPE:SKIN
G1 F1500 X70.456 Y119.804 E591.39864
G1 X70.456 Y93.724 E592.26607
G1 X96.536 Y93.724 E593.13349
G1 X96.536 Y119.804 E594.00091
G1 X86.956 Y119.804 E594.31955
G0 F9000 X86.956 Y120.064
G0 X70.268 Y119.992
G0 X70.196 Y119.305
G0 X70.656 Y119.305
G1 F1500 X70.955 Y119.604 E594.33361
G0 F9000 X71.52 Y119.604
G1 F1500 X70.656 Y118.739 E594.37427
G0 F9000 X70.656 Y118.174
G1 F1500 X72.086 Y119.604 E594.44154
G0 F9000 X72.652 Y119.604
G1 F1500 X70.656 Y117.608 E594.53542
G0 F9000 X70.656 Y117.042
G1 F1500 X73.217 Y119.604 E594.65591
G0 F9000 X73.783 Y119.604
G1 F1500 X70.656 Y116.477 E594.80299
G0 F9000 X70.656 Y115.911
G1 F1500 X74.349 Y119.604 E594.9767
G0 F9000 X74.914 Y119.604
G1 F1500 X70.656 Y115.345 E595.17701
G0 F9000 X70.656 Y114.78
G1 F1500 X75.48 Y119.604 E595.40391
G0 F9000 X76.046 Y119.604
G1 F1500 X70.656 Y114.214 E595.65744
G0 F9000 X70.656 Y113.648
G1 F1500 X76.611 Y119.604 E595.93757
G0 F9000 X77.177 Y119.604
G1 F1500 X70.656 Y113.083 E596.2443
G0 F9000 X70.656 Y112.517
G1 F1500 X77.743 Y119.604 E596.57765
G0 F9000 X78.309 Y119.604
G1 F1500 X70.656 Y111.951 E596.93762
G0 F9000 X70.656 Y111.386
G1 F1500 X78.874 Y119.604 E597.32417
G0 F9000 X79.44 Y119.604
G1 F1500 X70.656 Y110.82 E597.73734
G0 F9000 X70.656 Y110.254
G1 F1500 X80.006 Y119.604 E598.17714
G0 F9000 X80.571 Y119.604
G1 F1500 X70.656 Y109.689 E598.64351
G0 F9000 X70.656 Y109.123
G1 F1500 X81.137 Y119.604 E599.1365
G0 F9000 X81.703 Y119.604
G1 F1500 X70.656 Y108.557 E599.65612
G0 F9000 X70.656 Y107.991
G1 F1500 X82.268 Y119.604 E600.20234
G0 F9000 X82.834 Y119.604
G1 F1500 X70.656 Y107.426 E600.77515
G0 F9000 X70.656 Y106.86
G1 F1500 X83.4 Y119.604 E601.37459
G0 F9000 X83.965 Y119.604
G1 F1500 X70.656 Y106.294 E602.00063
G0 F9000 X70.656 Y105.729
G1 F1500 X84.531 Y119.604 E602.65327
G0 F9000 X85.097 Y119.604
G1 F1500 X70.656 Y105.163 E603.33253
G0 F9000 X70.656 Y104.597
G1 F1500 X85.662 Y119.604 E604.03839
G0 F9000 X86.228 Y119.604
G1 F1500 X70.656 Y104.032 E604.77085
G0 F9000 X70.656 Y103.466
G1 F1500 X86.794 Y119.604 E605.52993
G0 F9000 X87.36 Y119.604
G1 F1500 X70.656 Y102.9 E606.31563
G0 F9000 X70.656 Y102.335
G1 F1500 X87.925 Y119.604 E607.12792
G0 F9000 X88.491 Y119.604
G1 F1500 X70.656 Y101.769 E607.96682
G0 F9000 X70.656 Y101.203
G1 F1500 X89.057 Y119.604 E608.83235
G0 F9000 X89.622 Y119.604
G1 F1500 X70.656 Y100.638 E609.72445
G0 F9000 X70.656 Y100.072
G1 F1500 X90.188 Y119.604 E610.64317
G0 F9000 X90.754 Y119.604
G1 F1500 X70.656 Y99.506 E611.58852
G0 F9000 X70.656 Y98.941
G1 F1500 X91.319 Y119.604 E612.56045
G0 F9000 X91.885 Y119.604
G1 F1500 X70.656 Y98.375 E613.55899
G0 F9000 X70.656 Y97.809
G1 F1500 X92.451 Y119.604 E614.58416
G0 F9000 X93.016 Y119.604
G1 F1500 X70.656 Y97.243 E615.63593
G0 F9000 X70.656 Y96.678
G1 F1500 X93.582 Y119.604 E616.7143
G0 F9000 X94.148 Y119.604
G1 F1500 X70.656 Y96.112 E617.81929
G0 F9000 X70.656 Y95.546
G1 F1500 X94.713 Y119.604 E618.95088
G0 F9000 X95.279 Y119.604
G1 F1500 X70.656 Y94.981 E620.10907
G0 F9000 X70.656 Y94.415
G1 F1500 X95.845 Y119.604 E621.29389
G0 F9000 X96.336 Y119.529
G1 F1500 X70.731 Y93.924 E622.49827
G0 F9000 X71.297 Y93.924
G1 F1500 X96.336 Y118.964 E623.67605
G0 F9000 X96.336 Y118.398
G1 F1500 X71.863 Y93.924 E624.82721
G0 F9000 X72.428 Y93.924
G1 F1500 X96.336 Y117.832 E625.95177
G0 F9000 X96.336 Y117.267
G1 F1500 X72.994 Y93.924 E627.04973
G0 F9000 X73.56 Y93.924
G1 F1500 X96.336 Y116.701 E628.12106
G0 F9000 X96.336 Y116.135
G1 F1500 X74.125 Y93.924 E629.1658
G0 F9000 X74.691 Y93.924
G1 F1500 X96.336 Y115.57 E630.18394
G0 F9000 X96.336 Y115.004
G1 F1500 X75.257 Y93.924 E631.17545
G0 F9000 X75.822 Y93.924
G1 F1500 X96.336 Y114.438 E632.14037
G0 F9000 X96.336 Y113.872
G1 F1500 X76.388 Y93.924 E633.07866
G0 F9000 X76.954 Y93.924
G1 F1500 X96.336 Y113.307 E633.99036
G0 F9000 X96.336 Y112.741
G1 F1500 X77.519 Y93.924 E634.87545
G0 F9000 X78.085 Y93.924
G1 F1500 X96.336 Y112.175 E635.73392
G0 F9000 X96.336 Y111.61
G1 F1500 X78.651 Y93.924 E636.56579
G0 F9000 X79.216 Y93.924
G1 F1500 X96.336 Y111.044 E637.37106
G0 F9000 X96.336 Y110.478
G1 F1500 X79.782 Y93.924 E638.14971
G0 F9000 X80.348 Y93.924
G1 F1500 X96.336 Y109.913 E638.90176
G0 F9000 X96.336 Y109.347
G1 F1500 X80.914 Y93.924 E639.62719
G0 F9000 X81.479 Y93.924
G1 F1500 X96.336 Y108.781 E640.32602
G0 F9000 X96.336 Y108.216
G1 F1500 X82.045 Y93.924 E640.99825
G0 F9000 X82.611 Y93.924
G1 F1500 X96.336 Y107.65 E641.64385
G0 F9000 X96.336 Y107.084
G1 F1500 X83.176 Y93.924 E642.26286
G0 F9000 X83.742 Y93.924
G1 F1500 X96.336 Y106.519 E642.85527
G0 F9000 X96.336 Y105.953
G1 F1500 X84.308 Y93.924 E643.42105
G0 F9000 X84.873 Y93.924
G1 F1500 X96.336 Y105.387 E643.96023
G0 F9000 X96.336 Y104.822
G1 F1500 X85.439 Y93.924 E644.47282
G0 F9000 X86.005 Y93.924
G1 F1500 X96.336 Y104.256 E644.95878
G0 F9000 X96.336 Y103.69
G1 F1500 X86.57 Y93.924 E645.41814
G0 F9000 X87.136 Y93.924
G1 F1500 X96.336 Y103.124 E645.85088
G0 F9000 X96.336 Y102.559
G1 F1500 X87.702 Y93.924 E646.25702
G0 F9000 X88.267 Y93.924
G1 F1500 X96.336 Y101.993 E646.63656
G0 F9000 X96.336 Y101.427
G1 F1500 X88.833 Y93.924 E646.98948
G0 F9000 X89.399 Y93.924
G1 F1500 X96.336 Y100.862 E647.3158
G0 F9000 X96.336 Y100.296
G1 F1500 X89.964 Y93.924 E647.61552
G0 F9000 X90.53 Y93.924
G1 F1500 X96.336 Y99.73 E647.88862
G0 F9000 X96.336 Y99.165
G1 F1500 X91.096 Y93.924 E648.13511
G0 F9000 X91.662 Y93.924
G1 F1500 X96.336 Y98.599 E648.35499
G0 F9000 X96.336 Y98.033
G1 F1500 X92.227 Y93.924 E648.54826
G0 F9000 X92.793 Y93.924
G1 F1500 X96.336 Y97.468 E648.71494
G0 F9000 X96.336 Y96.902
G1 F1500 X93.359 Y93.924 E648.85499
G0 F9000 X93.924 Y93.924
G1 F1500 X96.336 Y96.336 E648.96844
G0 F9000 X96.336 Y95.771
G1 F1500 X94.49 Y93.924 E649.0553
G0 F9000 X95.056 Y93.924
G1 F1500 X96.336 Y95.205 E649.11553
G0 F9000 X96.336 Y94.639
G1 F1500 X95.621 Y93.924 E649.14916
G0 F9000 X96.187 Y93.924
G1 F1500 X96.336 Y94.073 E649.15617
G1 F2700 E644.15617
;MESH:TracciaSopra.stl
G0 F9000 X96.796 Y94.073
G0 X97.075 Y93.19
G0 X98.164 Y93.19
G0 X101.406 Y90.778
G0 X115.194 Y89.512
;TYPE:WALL-INNER
G1 F2700 E649.15617
G1 F1500 X128.38 Y89.512 E649.59474
G1 X128.38 Y62.712 E650.48611
G1 X101.58 Y62.712 E651.37748
G1 X101.58 Y89.512 E652.26885
G1 X115.194 Y89.512 E652.72165
G0 F9000 X115.201 Y89.912
;TYPE:WALL-OUTER
G1 F1500 X128.78 Y89.912 E653.17329
G1 X128.78 Y62.312 E654.09127
G1 X101.18 Y62.312 E655.00925
G1 X101.18 Y89.912 E655.92723
G1 X115.201 Y89.912 E656.39357
G0 F9000 X115.189 Y89.152
;TYPE:SKIN
G1 F1500 X101.94 Y89.152 E656.83424
G1 X101.94 Y63.072 E657.70166
G1 X128.02 Y63.072 E658.56909
G1 X128.02 Y89.152 E659.43651
G1 X115.189 Y89.152 E659.86327
G0 F9000 X115.189 Y89.412
G0 X102.528 Y89.412
G0 X102.528 Y88.952
G1 F1500 X102.139 Y88.563 E659.88157
G0 F9000 X102.139 Y87.997
G1 F1500 X103.094 Y88.952 E659.92649
G0 F9000 X103.66 Y88.952
G1 F1500 X102.139 Y87.432 E659.99801
G0 F9000 X102.139 Y86.866
G1 F1500 X104.225 Y88.952 E660.09613
G0 F9000 X104.791 Y88.952
G1 F1500 X102.139 Y86.3 E660.22087
G0 F9000 X102.139 Y85.735
G1 F1500 X105.357 Y88.952 E660.37221
G0 F9000 X105.922 Y88.952
G1 F1500 X102.139 Y85.169 E660.55015
G0 F9000 X102.139 Y84.603
G1 F1500 X106.488 Y88.952 E660.75471
G0 F9000 X107.054 Y88.952
G1 F1500 X102.139 Y84.038 E660.98588
G0 F9000 X102.139 Y83.472
G1 F1500 X107.62 Y88.952 E661.24366
G0 F9000 X108.185 Y88.952
G1 F1500 X102.139 Y82.906 E661.52805
G0 F9000 X102.139 Y82.34
G1 F1500 X108.751 Y88.952 E661.83906
G0 F9000 X109.317 Y88.952
G1 F1500 X102.139 Y81.775 E662.17667
G0 F9000 X102.139 Y81.209
G1 F1500 X109.882 Y88.952 E662.54087
G0 F9000 X110.448 Y88.952
G1 F1500 X102.139 Y80.643 E662.9317
G0 F9000 X102.139 Y80.078
G1 F1500 X111.014 Y88.952 E663.34913
G0 F9000 X111.579 Y88.952
G1 F1500 X102.139 Y79.512 E663.79316
G0 F9000 X102.139 Y78.946
G1 F1500 X112.145 Y88.952 E664.26381
G0 F9000 X112.711 Y88.952
G1 F1500 X102.139 Y78.381 E664.76106
G0 F9000 X102.139 Y77.815
G1 F1500 X113.276 Y88.952 E665.28491
G0 F9000 X113.842 Y88.952
G1 F1500 X102.139 Y77.249 E665.83539
G0 F9000 X102.139 Y76.684
G1 F1500 X114.408 Y88.952 E666.41246
G0 F9000 X114.973 Y88.952
G1 F1500 X102.139 Y76.118 E667.01613
G0 F9000 X102.139 Y75.552
G1 F1500 X115.539 Y88.952 E667.64643
G0 F9000 X116.105 Y88.952
G1 F1500 X102.139 Y74.987 E668.30332
G0 F9000 X102.139 Y74.421
G1 F1500 X116.67 Y88.952 E668.98681
G0 F9000 X117.236 Y88.952
G1 F1500 X102.139 Y73.855 E669.69693
G0 F9000 X102.139 Y73.289
G1 F1500 X117.802 Y88.952 E670.43367
G0 F9000 X118.368 Y88.952
G1 F1500 X102.139 Y72.724 E671.19701
G0 F9000 X102.139 Y72.158
G1 F1500 X118.933 Y88.952 E671.98695
G0 F9000 X119.499 Y88.952
G1 F1500 X102.139 Y71.592 E672.80351
G0 F9000 X102.139 Y71.027
G1 F1500 X120.065 Y88.952 E673.64667
G0 F9000 X120.63 Y88.952
G1 F1500 X102.139 Y70.461 E674.51643
G0 F9000 X102.139 Y69.895
G1 F1500 X121.196 Y88.952 E675.41281
G0 F9000 X121.762 Y88.952
G1 F1500 X102.139 Y69.33 E676.33579
G0 F9000 X102.139 Y68.764
G1 F1500 X122.327 Y88.952 E677.28538
G0 F9000 X122.893 Y88.952
G1 F1500 X102.139 Y68.198 E678.26158
G0 F9000 X102.139 Y67.633
G1 F1500 X123.459 Y88.952 E679.26438
G0 F9000 X124.024 Y88.952
G1 F1500 X102.139 Y67.067 E680.29379
G0 F9000 X102.139 Y66.501
G1 F1500 X124.59 Y88.952 E681.34981
G0 F9000 X125.156 Y88.952
G1 F1500 X102.139 Y65.936 E682.43244
G0 F9000 X102.139 Y65.37
G1 F1500 X125.721 Y88.952 E683.54166
G0 F9000 X126.287 Y88.952
G1 F1500 X102.139 Y64.804 E684.67751
G0 F9000 X102.139 Y64.239
G1 F1500 X126.853 Y88.952 E685.83996
G0 F9000 X127.419 Y88.952
G1 F1500 X102.139 Y63.673 E687.02903
G0 F9000 X102.304 Y63.272
G1 F1500 X127.82 Y88.788 E688.22922
G0 F9000 X127.82 Y88.222
G1 F1500 X102.87 Y63.272 E689.40279
G0 F9000 X103.436 Y63.272
G1 F1500 X127.82 Y87.656 E690.54974
G0 F9000 X127.82 Y87.091
G1 F1500 X104.001 Y63.272 E691.67012
G0 F9000 X104.567 Y63.272
G1 F1500 X127.82 Y86.525 E692.76387
G0 F9000 X127.82 Y85.959
G1 F1500 X105.133 Y63.272 E693.83099
G0 F9000 X105.698 Y63.272
G1 F1500 X127.82 Y85.394 E694.87154
G0 F9000 X127.82 Y84.828
G1 F1500 X106.264 Y63.272 E695.88547
G0 F9000 X106.83 Y63.272
G1 F1500 X127.82 Y84.262 E696.87278
G0 F9000 X127.82 Y83.697
G1 F1500 X107.395 Y63.272 E697.83351
G0 F9000 X107.961 Y63.272
G1 F1500 X127.82 Y83.131 E698.76761
G0 F9000 X127.82 Y82.565
G1 F1500 X108.527 Y63.272 E699.6751
G0 F9000 X109.092 Y63.272
G1 F1500 X127.82 Y82 E700.556
G0 F9000 X127.82 Y81.434
G1 F1500 X109.658 Y63.272 E701.41029
G0 F9000 X110.224 Y63.272
G1 F1500 X127.82 Y80.868 E702.23795
G0 F9000 X127.82 Y80.303
G1 F1500 X110.789 Y63.272 E703.03904
G0 F9000 X111.355 Y63.272
G1 F1500 X127.82 Y79.737 E703.8135
G0 F9000 X127.82 Y79.171
G1 F1500 X111.921 Y63.272 E704.56134
G0 F9000 X112.487 Y63.272
G1 F1500 X127.82 Y78.606 E705.28258
G0 F9000 X127.82 Y78.04
G1 F1500 X113.052 Y63.272 E705.97722
G0 F9000 X113.618 Y63.272
G1 F1500 X127.82 Y77.474 E706.64524
G0 F9000 X127.82 Y76.908
G1 F1500 X114.184 Y63.272 E707.28664
G0 F9000 X114.749 Y63.272
G1 F1500 X127.82 Y76.343 E707.90146
G0 F9000 X127.82 Y75.777
G1 F1500 X115.315 Y63.272 E708.48965
G0 F9000 X115.881 Y63.272
G1 F1500 X127.82 Y75.211 E709.05123
G0 F9000 X127.82 Y74.646
G1 F1500 X116.446 Y63.272 E709.58623
G0 F9000 X117.012 Y63.272
G1 F1500 X127.82 Y74.08 E710.0946
G0 F9000 X127.82 Y73.514
G1 F1500 X117.578 Y63.272 E710.57635
G0 F9000 X118.143 Y63.272
G1 F1500 X127.82 Y72.949 E711.03153
G0 F9000 X127.82 Y72.383
G1 F1500 X118.709 Y63.272 E711.46008
G0 F9000 X119.275 Y63.272
G1 F1500 X127.82 Y71.817 E711.86201
G0 F9000 X127.82 Y71.252
G1 F1500 X119.84 Y63.272 E712.23737
G0 F9000 X120.406 Y63.272
G1 F1500 X127.82 Y70.686 E712.5861
G0 F9000 X127.82 Y70.12
G1 F1500 X120.972 Y63.272 E712.90821
G0 F9000 X121.538 Y63.272
G1 F1500 X127.82 Y69.555 E713.20372
G0 F9000 X127.82 Y68.989
G1 F1500 X122.103 Y63.272 E713.47263
G0 F9000 X122.669 Y63.272
G1 F1500 X127.82 Y68.423 E713.71492
G0 F9000 X127.82 Y67.858
G1 F1500 X123.235 Y63.272 E713.9306
G0 F9000 X123.8 Y63.272
G1 F1500 X127.82 Y67.292 E714.11969
G0 F9000 X127.82 Y66.726
G1 F1500 X124.366 Y63.272 E714.28216
G0 F9000 X124.932 Y63.272
G1 F1500 X127.82 Y66.16 E714.418
G0 F9000 X127.82 Y65.595
G1 F1500 X125.497 Y63.272 E714.52727
G0 F9000 X126.063 Y63.272
G1 F1500 X127.82 Y65.029 E714.60991
G0 F9000 X127.82 Y64.463
G1 F1500 X126.629 Y63.272 E714.66593
G0 F9000 X127.194 Y63.272
G1 F1500 X127.82 Y63.898 E714.69538
G0 F9000 X127.82 Y63.332
G1 F1500 X127.76 Y63.272 E714.6982
G1 F2700 E709.6982
;MESH:TracciaSotto.stl
G0 F9000 X127.76 Y62.812
G0 X128.208 Y62.884
G0 X128.558 Y89.689
G0 X129.647 Y89.689
G0 X132.655 Y92.853
G0 X144.212 Y119.828
;TYPE:WALL-INNER
G1 F2700 E714.6982
G1 F1500 X160.72 Y119.828 E715.24726
G1 X160.72 Y93.028 E716.13863
G1 X133.92 Y93.028 E717.03
G1 X133.92 Y119.828 E717.92137
G1 X144.212 Y119.828 E718.26369
G0 F9000 X144.12 Y120.228
;TYPE:WALL-OUTER
G1 F1500 X161.12 Y120.228 E718.82911
G1 X161.12 Y92.628 E719.74709
G1 X133.52 Y92.628 E720.66507
G1 X133.52 Y120.228 E721.58305
G1 X144.12 Y120.228 E721.93561
G0 F9000 X144.296 Y119.468
;TYPE:SKIN
G1 F1500 X134.28 Y119.468 E722.26874
G1 X134.28 Y93.388 E723.13616
G1 X160.36 Y93.388 E724.00359
G1 X160.36 Y119.468 E724.87101
G1 X144.296 Y119.468 E725.4053
G0 F9000 X144.296 Y119.728
G0 X134.541 Y119.728
G0 X134.541 Y119.268
G1 F1500 X134.48 Y119.206 E725.4082
G0 F9000 X134.48 Y118.64
G1 F1500 X135.107 Y119.268 E725.43771
G0 F9000 X135.673 Y119.268
G1 F1500 X134.48 Y118.075 E725.49383
G0 F9000 X134.48 Y117.509
G1 F1500 X136.238 Y119.268 E725.57654
G0 F9000 X136.804 Y119.268
G1 F1500 X134.48 Y116.943 E725.68588
G0 F9000 X134.48 Y116.378
G1 F1500 X137.37 Y119.268 E725.82181
G0 F9000 X137.935 Y119.268
G1 F1500 X134.48 Y115.812 E725.98435
G0 F9000 X134.48 Y115.246
G1 F1500 X138.501 Y119.268 E726.17351
G0 F9000 X139.067 Y119.268
G1 F1500 X134.48 Y114.681 E726.38927
G0 F9000 X134.48 Y114.115
G1 F1500 X139.632 Y119.268 E726.63163
G0 F9000 X140.198 Y119.268
G1 F1500 X134.48 Y113.549 E726.90061
G0 F9000 X134.48 Y112.984
G1 F1500 X140.764 Y119.268 E727.19619
G0 F9000 X141.329 Y119.268
G1 F1500 X134.48 Y112.418 E727.51837
G0 F9000 X134.48 Y111.852
G1 F1500 X141.895 Y119.268 E727.86717
G0 F9000 X142.461 Y119.268
G1 F1500 X134.48 Y111.287 E728.24257
G0 F9000 X134.48 Y110.721
G1 F1500 X143.026 Y119.268 E728.64457
G0 F9000 X143.592 Y119.268
G1 F1500 X134.48 Y110.155 E729.0732
G0 F9000 X134.48 Y109.59
G1 F1500 X144.158 Y119.268 E729.52842
G0 F9000 X144.724 Y119.268
G1 F1500 X134.48 Y109.024 E730.01027
G0 F9000 X134.48 Y108.458
G1 F1500 X145.289 Y119.268 E730.51871
G0 F9000 X145.855 Y119.268
G1 F1500 X134.48 Y107.892 E731.05378
G0 F9000 X134.48 Y107.327
G1 F1500 X146.421 Y119.268 E731.61545
G0 F9000 X146.986 Y119.268
G1 F1500 X134.48 Y106.761 E732.20372
G0 F9000 X134.48 Y106.195
G1 F1500 X147.552 Y119.268 E732.81861
G0 F9000 X148.118 Y119.268
G1 F1500 X134.48 Y105.63 E733.4601
G0 F9000 X134.48 Y105.064
G1 F1500 X148.683 Y119.268 E734.12818
G0 F9000 X149.249 Y119.268
G1 F1500 X134.48 Y104.498 E734.8229
G0 F9000 X134.48 Y103.933
G1 F1500 X149.815 Y119.268 E735.54421
G0 F9000 X150.38 Y119.268
G1 F1500 X134.48 Y103.367 E736.29212
G0 F9000 X134.48 Y102.801
G1 F1500 X150.946 Y119.268 E737.06665
G0 F9000 X151.512 Y119.268
G1 F1500 X134.48 Y102.236 E737.86779
G0 F9000 X134.48 Y101.67
G1 F1500 X152.077 Y119.268 E738.69552
G0 F9000 X152.643 Y119.268
G1 F1500 X134.48 Y101.104 E739.54987
G0 F9000 X134.48 Y100.539
G1 F1500 X153.209 Y119.268 E740.43083
G0 F9000 X153.775 Y119.268
G1 F1500 X134.48 Y99.973 E741.33841
G0 F9000 X134.48 Y99.407
G1 F1500 X154.34 Y119.268 E742.27258
G0 F9000 X154.906 Y119.268
G1 F1500 X134.48 Y98.842 E743.23336
G0 F9000 X134.48 Y98.276
G1 F1500 X155.472 Y119.268 E744.22076
G0 F9000 X156.037 Y119.268
G1 F1500 X134.48 Y97.71 E745.23476
G0 F9000 X134.48 Y97.144
G1 F1500 X156.603 Y119.268 E746.27538
G0 F9000 X157.169 Y119.268
G1 F1500 X134.48 Y96.579 E747.3426
G0 F9000 X134.48 Y96.013
G1 F1500 X157.734 Y119.268 E748.43642
G0 F9000 X158.3 Y119.268
G1 F1500 X134.48 Y95.447 E749.55686
G0 F9000 X134.48 Y94.882
G1 F1500 X158.866 Y119.268 E750.70391
G0 F9000 X159.431 Y119.268
G1 F1500 X134.48 Y94.316 E751.87755
G0 F9000 X134.48 Y93.75
G1 F1500 X159.997 Y119.268 E753.07781
G0 F9000 X160.16 Y118.865
G1 F1500 X134.883 Y93.588 E754.26677
G0 F9000 X135.448 Y93.588
G1 F1500 X160.16 Y118.3 E755.42914
G0 F9000 X160.16 Y117.734
G1 F1500 X136.014 Y93.588 E756.5649
G0 F9000 X136.58 Y93.588
G1 F1500 X160.16 Y117.168 E757.67403
G0 F9000 X160.16 Y116.603
G1 F1500 X137.145 Y93.588 E758.75658
G0 F9000 X137.711 Y93.588
G1 F1500 X160.16 Y116.037 E759.81251
G0 F9000 X160.16 Y115.471
G1 F1500 X138.277 Y93.588 E760.84182
G0 F9000 X138.843 Y93.588
G1 F1500 X160.16 Y114.906 E761.84453
G0 F9000 X160.16 Y114.34
G1 F1500 X139.408 Y93.588 E762.82064
G0 F9000 X139.974 Y93.588
G1 F1500 X160.16 Y113.774 E763.77013
G0 F9000 X160.16 Y113.209
G1 F1500 X140.54 Y93.588 E764.69302
G0 F9000 X141.105 Y93.588
G1 F1500 X160.16 Y112.643 E765.58931
G0 F9000 X160.16 Y112.077
G1 F1500 X141.671 Y93.588 E766.45897
G0 F9000 X142.237 Y93.588
G1 F1500 X160.16 Y111.511 E767.30202
G0 F9000 X160.16 Y110.946
G1 F1500 X142.802 Y93.588 E768.11848
G0 F9000 X143.368 Y93.588
G1 F1500 X160.16 Y110.38 E768.90833
G0 F9000 X160.16 Y109.814
G1 F1500 X143.934 Y93.588 E769.67155
G0 F9000 X144.499 Y93.588
G1 F1500 X160.16 Y109.249 E770.40819
G0 F9000 X160.16 Y108.683
G1 F1500 X145.065 Y93.588 E771.11822
G0 F9000 X145.631 Y93.588
G1 F1500 X160.16 Y108.117 E771.80162
G0 F9000 X160.16 Y107.552
G1 F1500 X146.196 Y93.588 E772.45844
G0 F9000 X146.762 Y93.588
G1 F1500 X160.16 Y106.986 E773.08864
G0 F9000 X160.16 Y106.42
G1 F1500 X147.328 Y93.588 E773.69222
G0 F9000 X147.894 Y93.588
G1 F1500 X160.16 Y105.855 E774.2692
G0 F9000 X160.16 Y105.289
G1 F1500 X148.459 Y93.588 E774.81958
G0 F9000 X149.025 Y93.588
G1 F1500 X160.16 Y104.723 E775.34333
G0 F9000 X160.16 Y104.158
G1 F1500 X149.591 Y93.588 E775.84049
G0 F9000 X150.156 Y93.588
G1 F1500 X160.16 Y103.592 E776.31105
G0 F9000 X160.16 Y103.026
G1 F1500 X150.722 Y93.588 E776.75498
G0 F9000 X151.288 Y93.588
G1 F1500 X160.16 Y102.46 E777.17229
G0 F9000 X160.16 Y101.895
G1 F1500 X151.853 Y93.588 E777.56303
G0 F9000 X152.419 Y93.588
G1 F1500 X160.16 Y101.329 E777.92714
G0 F9000 X160.16 Y100.763
G1 F1500 X152.985 Y93.588 E778.26463
G0 F9000 X153.55 Y93.588
G1 F1500 X160.16 Y100.198 E778.57555
G0 F9000 X160.16 Y99.632
G1 F1500 X154.116 Y93.588 E778.85984
G0 F9000 X154.682 Y93.588
G1 F1500 X160.16 Y99.066 E779.11751
G0 F9000 X160.16 Y98.501
G1 F1500 X155.247 Y93.588 E779.3486
G0 F9000 X155.813 Y93.588
G1 F1500 X160.16 Y97.935 E779.55307
G0 F9000 X160.16 Y97.369
G1 F1500 X156.379 Y93.588 E779.73092
G0 F9000 X156.944 Y93.588
G1 F1500 X160.16 Y96.804 E779.88219
G0 F9000 X160.16 Y96.238
G1 F1500 X157.51 Y93.588 E780.00683
G0 F9000 X158.076 Y93.588
G1 F1500 X160.16 Y95.672 E780.10486
G0 F9000 X160.16 Y95.107
G1 F1500 X158.642 Y93.588 E780.17628
G0 F9000 X159.207 Y93.588
G1 F1500 X160.16 Y94.541 E780.22111
G0 F9000 X160.16 Y93.975
G1 F1500 X159.773 Y93.588 E780.23931
G1 F2700 E775.23931
;MESH:Supporto.stl
G0 F9000 X159.773 Y93.128
G0 X134.092 Y93.2
G0 X133.75 Y119.999
G0 X132.655 Y119.999
G0 X129.16 Y123.118
G0 X115.853 Y151.18
;TYPE:WALL-INNER
G1 F2700 E780.23931
G1 F1500 X128.988 Y151.18 E780.67619
G1 X128.988 Y124.38 E781.56756
G1 X102.188 Y124.38 E782.45893
G1 X102.188 Y151.18 E783.3503
G1 X115.853 Y151.18 E783.8048
G0 F9000 X115.861 Y151.58
;TYPE:WALL-OUTER
G1 F1500 X129.388 Y151.58 E784.25471
G1 X129.388 Y123.98 E785.17269
G1 X101.788 Y123.98 E786.09067
G1 X101.788 Y151.58 E787.00865
G1 X115.861 Y151.58 E787.47672
G0 F9000 X115.846 Y150.82
;TYPE:SKIN
G1 F1500 X102.548 Y150.82 E787.91901
G1 X102.548 Y124.74 E788.78644
G1 X128.628 Y124.74 E789.65386
G1 X128.628 Y150.82 E790.52129
G1 X115.846 Y150.82 E790.94642
G0 F9000 X115.846 Y151.08
G0 X102.36 Y151.008
G0 X102.288 Y150.265
G0 X102.748 Y150.265
G1 F1500 X103.103 Y150.62 E790.96311
G0 F9000 X103.668 Y150.62
G1 F1500 X102.748 Y149.699 E791.00641
G0 F9000 X102.748 Y149.134
G1 F1500 X104.234 Y150.62 E791.07631
G0 F9000 X104.8 Y150.62
G1 F1500 X102.748 Y148.568 E791.17283
G0 F9000 X102.748 Y148.002
G1 F1500 X105.365 Y150.62 E791.29595
G0 F9000 X105.931 Y150.62
G1 F1500 X102.748 Y147.437 E791.44567
G0 F9000 X102.748 Y146.871
G1 F1500 X106.497 Y150.62 E791.62201
G0 F9000 X107.062 Y150.62
G1 F1500 X102.748 Y146.305 E791.82495
G0 F9000 X102.748 Y145.74
G1 F1500 X107.628 Y150.62 E792.05449
G0 F9000 X108.194 Y150.62
G1 F1500 X102.748 Y145.174 E792.31065
G0 F9000 X102.748 Y144.608
G1 F1500 X108.759 Y150.62 E792.59341
G0 F9000 X109.325 Y150.62
G1 F1500 X102.748 Y144.043 E792.90278
G0 F9000 X102.748 Y143.477
G1 F1500 X109.891 Y150.62 E793.23876
G0 F9000 X110.456 Y150.62
G1 F1500 X102.748 Y142.911 E793.60135
G0 F9000 X102.748 Y142.346
G1 F1500 X111.022 Y150.62 E793.99053
G0 F9000 X111.588 Y150.62
G1 F1500 X102.748 Y141.78 E794.40634
G0 F9000 X102.748 Y141.214
G1 F1500 X112.153 Y150.62 E794.84874
G0 F9000 X112.719 Y150.62
G1 F1500 X102.748 Y140.648 E795.31777
G0 F9000 X102.748 Y140.083
G1 F1500 X113.285 Y150.62 E795.8134
G0 F9000 X113.851 Y150.62
G1 F1500 X102.748 Y139.517 E796.33565
G0 F9000 X102.748 Y138.951
G1 F1500 X114.416 Y150.62 E796.8845
G0 F9000 X114.982 Y150.62
G1 F1500 X102.748 Y138.386 E797.45995
G0 F9000 X102.748 Y137.82
G1 F1500 X115.548 Y150.62 E798.06202
G0 F9000 X116.113 Y150.62
G1 F1500 X102.748 Y137.254 E798.6907
G0 F9000 X102.748 Y136.689
G1 F1500 X116.679 Y150.62 E799.34597
G0 F9000 X117.245 Y150.62
G1 F1500 X102.748 Y136.123 E800.02786
G0 F9000 X102.748 Y135.557
G1 F1500 X117.81 Y150.62 E800.73635
G0 F9000 X118.376 Y150.62
G1 F1500 X102.748 Y134.992 E801.47145
G0 F9000 X102.748 Y134.426
G1 F1500 X118.942 Y150.62 E802.23316
G0 F9000 X119.507 Y150.62
G1 F1500 X102.748 Y133.86 E803.02148
G0 F9000 X102.748 Y133.295
G1 F1500 X120.073 Y150.62 E803.83639
G0 F9000 X120.639 Y150.62
G1 F1500 X102.748 Y132.729 E804.67793
G0 F9000 X102.748 Y132.163
G1 F1500 X121.204 Y150.62 E805.54607
G0 F9000 X121.77 Y150.62
G1 F1500 X102.748 Y131.598 E806.44081
G0 F9000 X102.748 Y131.032
G1 F1500 X122.336 Y150.62 E807.36217
G0 F9000 X122.902 Y150.62
G1 F1500 X102.748 Y130.466 E808.31015
G0 F9000 X102.748 Y129.9
G1 F1500 X123.467 Y150.62 E809.28473
G0 F9000 X124.033 Y150.62
G1 F1500 X102.748 Y129.335 E810.28591
G0 F9000 X102.748 Y128.769
G1 F1500 X124.599 Y150.62 E811.31371
G0 F9000 X125.164 Y150.62
G1 F1500 X102.748 Y128.203 E812.36812
G0 F9000 X102.748 Y127.638
G1 F1500 X125.73 Y150.62 E813.44912
G0 F9000 X126.296 Y150.62
G1 F1500 X102.748 Y127.072 E814.55675
G0 F9000 X102.748 Y126.506
G1 F1500 X126.861 Y150.62 E815.69097
G0 F9000 X127.427 Y150.62
G1 F1500 X102.748 Y125.941 E816.8518
G0 F9000 X102.748 Y125.375
G1 F1500 X127.993 Y150.62 E818.03924
G0 F9000 X128.428 Y150.49
G1 F1500 X102.878 Y124.94 E819.24104
G0 F9000 X103.444 Y124.94
G1 F1500 X128.428 Y149.924 E820.41621
G0 F9000 X128.428 Y149.359
G1 F1500 X104.01 Y124.94 E821.56478
G0 F9000 X104.575 Y124.94
G1 F1500 X128.428 Y148.793 E822.68675
G0 F9000 X128.428 Y148.227
G1 F1500 X105.141 Y124.94 E823.7821
G0 F9000 X105.707 Y124.94
G1 F1500 X128.428 Y147.662 E824.85085
G0 F9000 X128.428 Y147.096
G1 F1500 X106.272 Y124.94 E825.893
G0 F9000 X106.838 Y124.94
G1 F1500 X128.428 Y146.53 E826.90853
G0 F9000 X128.428 Y145.965
G1 F1500 X107.404 Y124.94 E827.89746
G0 F9000 X107.97 Y124.94
G1 F1500 X128.428 Y145.399 E828.85976
G0 F9000 X128.428 Y144.833
G1 F1500 X108.535 Y124.94 E829.79547
G0 F9000 X109.101 Y124.94
G1 F1500 X128.428 Y144.267 E830.70455
G0 F9000 X128.428 Y143.702
G1 F1500 X109.667 Y124.94 E831.58703
G0 F9000 X110.232 Y124.94
G1 F1500 X128.428 Y143.136 E832.44292
G0 F9000 X128.428 Y142.57
G1 F1500 X110.798 Y124.94 E833.27218
G0 F9000 X111.364 Y124.94
G1 F1500 X128.428 Y142.005 E834.07484
G0 F9000 X128.428 Y141.439
G1 F1500 X111.929 Y124.94 E834.8509
G0 F9000 X112.495 Y124.94
G1 F1500 X128.428 Y140.873 E835.60034
G0 F9000 X128.428 Y140.308
G1 F1500 X113.061 Y124.94 E836.32318
G0 F9000 X113.626 Y124.94
G1 F1500 X128.428 Y139.742 E837.01942
G0 F9000 X128.428 Y139.176
G1 F1500 X114.192 Y124.94 E837.68904
G0 F9000 X114.758 Y124.94
G1 F1500 X128.428 Y138.611 E838.33206
G0 F9000 X128.428 Y138.045
G1 F1500 X115.323 Y124.94 E838.94848
G0 F9000 X115.889 Y124.94
G1 F1500 X128.428 Y137.479 E839.53827
G0 F9000 X128.428 Y136.914
G1 F1500 X116.455 Y124.94 E840.10147
G0 F9000 X117.021 Y124.94
G1 F1500 X128.428 Y136.348 E840.63804
G0 F9000 X128.428 Y135.782
G1 F1500 X117.586 Y124.94 E841.14802
G0 F9000 X118.152 Y124.94
G1 F1500 X128.428 Y135.216 E841.63137
G0 F9000 X128.428 Y134.651
G1 F1500 X118.718 Y124.94 E842.08812
G0 F9000 X119.283 Y124.94
G1 F1500 X128.428 Y134.085 E842.51828
G0 F9000 X128.428 Y133.519
G1 F1500 X119.849 Y124.94 E842.92181
G0 F9000 X120.415 Y124.94
G1 F1500 X128.428 Y132.954 E843.29874
G0 F9000 X128.428 Y132.388
G1 F1500 X120.98 Y124.94 E843.64907
G0 F9000 X121.546 Y124.94
G1 F1500 X128.428 Y131.822 E843.97278
G0 F9000 X128.428 Y131.257
G1 F1500 X122.112 Y124.94 E844.26988
G0 F9000 X122.677 Y124.94
G1 F1500 X128.428 Y130.691 E844.54039
G0 F9000 X128.428 Y130.125
G1 F1500 X123.243 Y124.94 E844.78428
G0 F9000 X123.809 Y124.94
G1 F1500 X128.428 Y129.56 E845.00157
G0 F9000 X128.428 Y128.994
G1 F1500 X124.374 Y124.94 E845.19225
G0 F9000 X124.94 Y124.94
G1 F1500 X128.428 Y128.428 E845.35632
G0 F9000 X128.428 Y127.863
G1 F1500 X125.506 Y124.94 E845.49378
G0 F9000 X126.071 Y124.94
G1 F1500 X128.428 Y127.297 E845.60465
G0 F9000 X128.428 Y126.731
G1 F1500 X126.637 Y124.94 E845.68889
G0 F9000 X127.203 Y124.94
G1 F1500 X128.428 Y126.166 E845.74654
G0 F9000 X128.428 Y125.6
G1 F1500 X127.769 Y124.94 E845.77756
G0 F9000 X128.334 Y124.94
G1 F1500 X128.428 Y125.034 E845.78198
G1 F2700 E840.78198
;MESH:NONMESH
G0 F300 X128.428 Y125.034 Z0.8
G0 F9000 X128.888 Y125.034
G0 X128.816 Y124.552
G0 X102.014 Y124.207
G0 X100.925 Y124.207
G0 X97.075 Y121.431
G0 X87.051 Y120.164
;TIME_ELAPSED:1265.632029
;LAYER:3
M106 S255
;TYPE:WALL-INNER
;MESH:Supporto.stl(1)
G1 F2700 E845.78198
G1 F1500 X96.896 Y120.164 E846.10943
G1 X96.896 Y93.364 E847.0008
G1 X70.096 Y93.364 E847.89217
G1 X70.096 Y120.164 E848.78354
G1 X87.051 Y120.164 E849.34747
G0 F9000 X87.158 Y120.564
;TYPE:WALL-OUTER
G1 F1500 X97.296 Y120.564 E849.68466
G1 X97.296 Y92.964 E850.60264
G1 X69.696 Y92.964 E851.52062
G1 X69.696 Y120.564 E852.4386
G1 X87.158 Y120.564 E853.01939
G0 F9000 X86.956 Y119.804
;TYPE:SKIN
G1 F1500 X70.456 Y119.804 E853.56818
G1 X70.456 Y93.724 E854.4356
G1 X96.536 Y93.724 E855.30303
G1 X96.536 Y119.804 E856.17045
G1 X86.956 Y119.804 E856.48908
G0 F9000 X86.956 Y120.064
G0 X95.922 Y120.064
G0 X95.922 Y119.604
G1 F1500 X96.336 Y119.19 E856.50856
G0 F9000 X96.336 Y118.624
G1 F1500 X95.356 Y119.604 E856.55465
G0 F9000 X94.79 Y119.604
G1 F1500 X96.336 Y118.059 E856.62735
G0 F9000 X96.336 Y117.493
G1 F1500 X94.225 Y119.604 E856.72664
G0 F9000 X93.659 Y119.604
G1 F1500 X96.336 Y116.927 E856.85256
G0 F9000 X96.336 Y116.361
G1 F1500 X93.093 Y119.604 E857.0051
G0 F9000 X92.528 Y119.604
G1 F1500 X96.336 Y115.796 E857.18422
G0 F9000 X96.336 Y115.23
G1 F1500 X91.962 Y119.604 E857.38996
G0 F9000 X91.396 Y119.604
G1 F1500 X96.336 Y114.664 E857.62232
G0 F9000 X96.336 Y114.099
G1 F1500 X90.831 Y119.604 E857.88126
G0 F9000 X90.265 Y119.604
G1 F1500 X96.336 Y113.533 E858.16682
G0 F9000 X96.336 Y112.967
G1 F1500 X89.699 Y119.604 E858.479
G0 F9000 X89.134 Y119.604
G1 F1500 X96.336 Y112.402 E858.81776
G0 F9000 X96.336 Y111.836
G1 F1500 X88.568 Y119.604 E859.18315
G0 F9000 X88.002 Y119.604
G1 F1500 X96.336 Y111.27 E859.57515
G0 F9000 X96.336 Y110.705
G1 F1500 X87.437 Y119.604 E859.99373
G0 F9000 X86.871 Y119.604
G1 F1500 X96.336 Y110.139 E860.43894
G0 F9000 X96.336 Y109.573
G1 F1500 X86.305 Y119.604 E860.91077
G0 F9000 X85.74 Y119.604
G1 F1500 X96.336 Y109.008 E861.40917
G0 F9000 X96.336 Y108.442
G1 F1500 X85.174 Y119.604 E861.9342
G0 F9000 X84.608 Y119.604
G1 F1500 X96.336 Y107.876 E862.48585
G0 F9000 X96.336 Y107.311
G1 F1500 X84.042 Y119.604 E863.06409
G0 F9000 X83.477 Y119.604
G1 F1500 X96.336 Y106.745 E863.66894
G0 F9000 X96.336 Y106.179
G1 F1500 X82.911 Y119.604 E864.30041
G0 F9000 X82.345 Y119.604
G1 F1500 X96.336 Y105.613 E864.95851
G0 F9000 X96.336 Y105.048
G1 F1500 X81.78 Y119.604 E865.64318
G0 F9000 X81.214 Y119.604
G1 F1500 X96.336 Y104.482 E866.35447
G0 F9000 X96.336 Y103.916
G1 F1500 X80.648 Y119.604 E867.09238
G0 F9000 X80.083 Y119.604
G1 F1500 X96.336 Y103.351 E867.85688
G0 F9000 X96.336 Y102.785
G1 F1500 X79.517 Y119.604 E868.64799
G0 F9000 X78.951 Y119.604
G1 F1500 X96.336 Y102.219 E869.46573
G0 F9000 X96.336 Y101.654
G1 F1500 X78.386 Y119.604 E870.31004
G0 F9000 X77.82 Y119.604
G1 F1500 X96.336 Y101.088 E871.18098
G0 F9000 X96.336 Y100.522
G1 F1500 X77.254 Y119.604 E872.07853
G0 F9000 X76.689 Y119.604
G1 F1500 X96.336 Y99.957 E873.00267
G0 F9000 X96.336 Y99.391
G1 F1500 X76.123 Y119.604 E873.95343
G0 F9000 X75.557 Y119.604
G1 F1500 X96.336 Y98.825 E874.93081
G0 F9000 X96.336 Y98.26
G1 F1500 X74.992 Y119.604 E875.93476
G0 F9000 X74.426 Y119.604
G1 F1500 X96.336 Y97.694 E876.96534
G0 F9000 X96.336 Y97.128
G1 F1500 X73.86 Y119.604 E878.02254
G0 F9000 X73.294 Y119.604
G1 F1500 X96.336 Y96.563 E879.10635
G0 F9000 X96.336 Y95.997
G1 F1500 X72.729 Y119.604 E880.21675
G0 F9000 X72.163 Y119.604
G1 F1500 X96.336 Y95.431 E881.35377
G0 F9000 X96.336 Y94.865
G1 F1500 X71.597 Y119.604 E882.51742
G0 F9000 X71.032 Y119.604
G1 F1500 X96.336 Y94.3 E883.70764
G0 F9000 X96.147 Y93.924
G1 F1500 X70.656 Y119.414 E884.90663
G0 F9000 X70.656 Y118.848
G1 F1500 X95.581 Y93.924 E886.07901
G0 F9000 X95.015 Y93.924
G1 F1500 X70.656 Y118.283 E887.22478
G0 F9000 X70.656 Y117.717
G1 F1500 X94.45 Y93.924 E888.34395
G0 F9000 X93.884 Y93.924
G1 F1500 X70.656 Y117.151 E889.4365
G0 F9000 X70.656 Y116.586
G1 F1500 X93.318 Y93.924 E890.50245
G0 F9000 X92.753 Y93.924
G1 F1500 X70.656 Y116.02 E891.54181
G0 F9000 X70.656 Y115.454
G1 F1500 X92.187 Y93.924 E892.55453
G0 F9000 X91.621 Y93.924
G1 F1500 X70.656 Y114.889 E893.54066
G0 F9000 X70.656 Y114.323
G1 F1500 X91.056 Y93.924 E894.50019
G0 F9000 X90.49 Y93.924
G1 F1500 X70.656 Y113.757 E895.4331
G0 F9000 X70.656 Y113.192
G1 F1500 X89.924 Y93.924 E896.33941
G0 F9000 X89.358 Y93.924
G1 F1500 X70.656 Y112.626 E897.21909
G0 F9000 X70.656 Y112.06
G1 F1500 X88.793 Y93.924 E898.07218
G0 F9000 X88.227 Y93.924
G1 F1500 X70.656 Y111.494 E898.89864
G0 F9000 X70.656 Y110.929
G1 F1500 X87.661 Y93.924 E899.6985
G0 F9000 X87.096 Y93.924
G1 F1500 X70.656 Y110.363 E900.47177
G0 F9000 X70.656 Y109.797
G1 F1500 X86.53 Y93.924 E901.21841
G0 F9000 X85.964 Y93.924
G1 F1500 X70.656 Y109.232 E901.93845
G0 F9000 X70.656 Y108.666
G1 F1500 X85.399 Y93.924 E902.63189
G0 F9000 X84.833 Y93.924
G1 F1500 X70.656 Y108.1 E903.29871
G0 F9000 X70.656 Y107.535
G1 F1500 X84.267 Y93.924 E903.93893
G0 F9000 X83.702 Y93.924
G1 F1500 X70.656 Y106.969 E904.55255
G0 F9000 X70.656 Y106.403
G1 F1500 X83.136 Y93.924 E905.13955
G0 F9000 X82.57 Y93.924
G1 F1500 X70.656 Y105.838 E905.69995
G0 F9000 X70.656 Y105.272
G1 F1500 X82.005 Y93.924 E906.23375
G0 F9000 X81.439 Y93.924
G1 F1500 X70.656 Y104.706 E906.74092
G0 F9000 X70.656 Y104.141
G1 F1500 X80.873 Y93.924 E907.2215
G0 F9000 X80.308 Y93.924
G1 F1500 X70.656 Y103.575 E907.67547
G0 F9000 X70.656 Y103.009
G1 F1500 X79.742 Y93.924 E908.10283
G0 F9000 X79.176 Y93.924
G1 F1500 X70.656 Y102.444 E908.50358
G0 F9000 X70.656 Y101.878
G1 F1500 X78.61 Y93.924 E908.87771
G0 F9000 X78.045 Y93.924
G1 F1500 X70.656 Y101.312 E909.22525
G0 F9000 X70.656 Y100.746
G1 F1500 X77.479 Y93.924 E909.54616
G0 F9000 X76.913 Y93.924
G1 F1500 X70.656 Y100.181 E909.84047
G0 F9000 X70.656 Y99.615
G1 F1500 X76.348 Y93.924 E910.10818
G0 F9000 X75.782 Y93.924
G1 F1500 X70.656 Y99.049 E910.34927
G0 F9000 X70.656 Y98.484
G1 F1500 X75.216 Y93.924 E910.56375
G0 F9000 X74.651 Y93.924
G1 F1500 X70.656 Y97.918 E910.75164
G0 F9000 X70.656 Y97.352
G1 F1500 X74.085 Y93.924 E910.91291
G0 F9000 X73.519 Y93.924
G1 F1500 X70.656 Y96.787 E911.04758
G0 F9000 X70.656 Y96.221
G1 F1500 X72.954 Y93.924 E911.15564
G0 F9000 X72.388 Y93.924
G1 F1500 X70.656 Y95.655 E911.23709
G0 F9000 X70.656 Y95.09
G1 F1500 X71.822 Y93.924 E911.29193
G0 F9000 X71.257 Y93.924
G1 F1500 X70.656 Y94.524 E911.32018
G1 F2700 E906.32018
;MESH:TracciaSopra.stl
G0 F9000 X70.196 Y94.524
G0 X70.268 Y93.536
G0 X97.075 Y93.19
G0 X98.164 Y93.19
G0 X101.406 Y90.778
G0 X115.194 Y89.512
;TYPE:WALL-INNER
G1 F2700 E911.32018
G1 F1500 X128.38 Y89.512 E911.75875
G1 X128.38 Y62.712 E912.65012
G1 X101.58 Y62.712 E913.54149
G1 X101.58 Y89.512 E914.43286
G1 X115.194 Y89.512 E914.88566
G0 F9000 X115.201 Y89.912
;TYPE:WALL-OUTER
G1 F1500 X128.78 Y89.912 E915.3373
G1 X128.78 Y62.312 E916.25528
G1 X101.18 Y62.312 E917.17326
G1 X101.18 Y89.912 E918.09124
G1 X115.201 Y89.912 E918.55758
G0 F9000 X115.189 Y89.152
;TYPE:SKIN
G1 F1500 X101.94 Y89.152 E918.99825
G1 X101.94 Y63.072 E919.86567
G1 X128.02 Y63.072 E920.7331
G1 X128.02 Y89.152 E921.60052
G1 X115.189 Y89.152 E922.02728
G0 F9000 X115.189 Y89.412
G0 X127.706 Y89.412
G0 X127.706 Y88.952
G1 F1500 X127.819 Y88.838 E922.03262
G0 F9000 X127.819 Y88.272
G1 F1500 X127.14 Y88.952 E922.06458
G0 F9000 X126.574 Y88.952
G1 F1500 X127.819 Y87.707 E922.12314
G0 F9000 X127.819 Y87.141
G1 F1500 X126.009 Y88.952 E922.2083
G0 F9000 X125.443 Y88.952
G1 F1500 X127.819 Y86.575 E922.32009
G0 F9000 X127.819 Y86.01
G1 F1500 X124.877 Y88.952 E922.45847
G0 F9000 X124.311 Y88.952
G1 F1500 X127.819 Y85.444 E922.62347
G0 F9000 X127.819 Y84.878
G1 F1500 X123.746 Y88.952 E922.81508
G0 F9000 X123.18 Y88.952
G1 F1500 X127.819 Y84.313 E923.03328
G0 F9000 X127.819 Y83.747
G1 F1500 X122.614 Y88.952 E923.27811
G0 F9000 X122.049 Y88.952
G1 F1500 X127.819 Y83.181 E923.54954
G0 F9000 X127.819 Y82.616
G1 F1500 X121.483 Y88.952 E923.84756
G0 F9000 X120.917 Y88.952
G1 F1500 X127.819 Y82.05 E924.17221
G0 F9000 X127.819 Y81.484
G1 F1500 X120.352 Y88.952 E924.52346
G0 F9000 X119.786 Y88.952
G1 F1500 X127.819 Y80.918 E924.90133
G0 F9000 X127.819 Y80.353
G1 F1500 X119.22 Y88.952 E925.3058
G0 F9000 X118.655 Y88.952
G1 F1500 X127.819 Y79.787 E925.73687
G0 F9000 X127.819 Y79.221
G1 F1500 X118.089 Y88.952 E926.19457
G0 F9000 X117.523 Y88.952
G1 F1500 X127.819 Y78.656 E926.67886
G0 F9000 X127.819 Y78.09
G1 F1500 X116.958 Y88.952 E927.18975
G0 F9000 X116.392 Y88.952
G1 F1500 X127.819 Y77.524 E927.72726
G0 F9000 X127.819 Y76.959
G1 F1500 X115.826 Y88.952 E928.29138
G0 F9000 X115.261 Y88.952
G1 F1500 X127.819 Y76.393 E928.88209
G0 F9000 X127.819 Y75.827
G1 F1500 X114.695 Y88.952 E929.49943
G0 F9000 X114.129 Y88.952
G1 F1500 X127.819 Y75.262 E930.14336
G0 F9000 X127.819 Y74.696
G1 F1500 X113.563 Y88.952 E930.81392
G0 F9000 X112.998 Y88.952
G1 F1500 X127.819 Y74.13 E931.51108
G0 F9000 X127.819 Y73.565
G1 F1500 X112.432 Y88.952 E932.23484
G0 F9000 X111.866 Y88.952
G1 F1500 X127.819 Y72.999 E932.98522
G0 F9000 X127.819 Y72.433
G1 F1500 X111.301 Y88.952 E933.7622
G0 F9000 X110.735 Y88.952
G1 F1500 X127.819 Y71.868 E934.56578
G0 F9000 X127.819 Y71.302
G1 F1500 X110.169 Y88.952 E935.39598
G0 F9000 X109.604 Y88.952
G1 F1500 X127.819 Y70.736 E936.25278
G0 F9000 X127.819 Y70.17
G1 F1500 X109.038 Y88.952 E937.1362
G0 F9000 X108.472 Y88.952
G1 F1500 X127.819 Y69.605 E938.04623
G0 F9000 X127.819 Y69.039
G1 F1500 X107.907 Y88.952 E938.98285
G0 F9000 X107.341 Y88.952
G1 F1500 X127.819 Y68.473 E939.9461
G0 F9000 X127.819 Y67.908
G1 F1500 X106.775 Y88.952 E940.93594
G0 F9000 X106.21 Y88.952
G1 F1500 X127.819 Y67.342 E941.95238
G0 F9000 X127.819 Y66.776
G1 F1500 X105.644 Y88.952 E942.99545
G0 F9000 X105.078 Y88.952
G1 F1500 X127.819 Y66.211 E944.06512
G0 F9000 X127.819 Y65.645
G1 F1500 X104.513 Y88.952 E945.16139
G0 F9000 X103.947 Y88.952
G1 F1500 X127.819 Y65.079 E946.28427
G0 F9000 X127.819 Y64.514
G1 F1500 X103.381 Y88.952 E947.43376
G0 F9000 X102.815 Y88.952
G1 F1500 X127.819 Y63.948 E948.60987
G0 F9000 X127.819 Y63.382
G1 F1500 X102.25 Y88.952 E949.81259
G0 F9000 X102.14 Y88.496
G1 F1500 X127.364 Y63.272 E950.99905
G0 F9000 X126.798 Y63.272
G1 F1500 X102.14 Y87.93 E952.15888
G0 F9000 X102.14 Y87.364
G1 F1500 X126.233 Y63.272 E953.29212
G0 F9000 X125.667 Y63.272
G1 F1500 X102.14 Y86.799 E954.39876
G0 F9000 X102.14 Y86.233
G1 F1500 X125.101 Y63.272 E955.47877
G0 F9000 X124.536 Y63.272
G1 F1500 X102.14 Y85.667 E956.53219
G0 F9000 X102.14 Y85.102
G1 F1500 X123.97 Y63.272 E957.559
G0 F9000 X123.404 Y63.272
G1 F1500 X102.14 Y84.536 E958.5592
G0 F9000 X102.14 Y83.97
G1 F1500 X122.839 Y63.272 E959.53279
G0 F9000 X122.273 Y63.272
G1 F1500 X102.14 Y83.405 E960.47979
G0 F9000 X102.14 Y82.839
G1 F1500 X121.707 Y63.272 E961.40016
G0 F9000 X121.142 Y63.272
G1 F1500 X102.14 Y82.273 E962.29393
G0 F9000 X102.14 Y81.708
G1 F1500 X120.576 Y63.272 E963.1611
G0 F9000 X120.01 Y63.272
G1 F1500 X102.14 Y81.142 E964.00165
G0 F9000 X102.14 Y80.576
G1 F1500 X119.444 Y63.272 E964.81558
G0 F9000 X118.879 Y63.272
G1 F1500 X102.14 Y80.011 E965.60293
G0 F9000 X102.14 Y79.445
G1 F1500 X118.313 Y63.272 E966.36366
G0 F9000 X117.747 Y63.272
G1 F1500 X102.14 Y78.879 E967.09777
G0 F9000 X102.14 Y78.313
G1 F1500 X117.182 Y63.272 E967.80527
G0 F9000 X116.616 Y63.272
G1 F1500 X102.14 Y77.748 E968.48618
G0 F9000 X102.14 Y77.182
G1 F1500 X116.05 Y63.272 E969.14046
G0 F9000 X115.485 Y63.272
G1 F1500 X102.14 Y76.616 E969.76815
G0 F9000 X102.14 Y76.051
G1 F1500 X114.919 Y63.272 E970.36923
G0 F9000 X114.353 Y63.272
G1 F1500 X102.14 Y75.485 E970.94369
G0 F9000 X102.14 Y74.919
G1 F1500 X113.788 Y63.272 E971.49156
G0 F9000 X113.222 Y63.272
G1 F1500 X102.14 Y74.354 E972.01282
G0 F9000 X102.14 Y73.788
G1 F1500 X112.656 Y63.272 E972.50746
G0 F9000 X112.091 Y63.272
G1 F1500 X102.14 Y73.222 E972.9755
G0 F9000 X102.14 Y72.657
G1 F1500 X111.525 Y63.272 E973.41694
G0 F9000 X110.959 Y63.272
G1 F1500 X102.14 Y72.091 E973.83176
G0 F9000 X102.14 Y71.525
G1 F1500 X110.394 Y63.272 E974.21998
G0 F9000 X109.828 Y63.272
G1 F1500 X102.14 Y70.96 E974.5816
G0 F9000 X102.14 Y70.394
G1 F1500 X109.262 Y63.272 E974.9166
G0 F9000 X108.696 Y63.272
G1 F1500 X102.14 Y69.828 E975.22497
G0 F9000 X102.14 Y69.263
G1 F1500 X108.131 Y63.272 E975.50677
G0 F9000 X107.565 Y63.272
G1 F1500 X102.14 Y68.697 E975.76195
G0 F9000 X102.14 Y68.131
G1 F1500 X106.999 Y63.272 E975.9905
G0 F9000 X106.434 Y63.272
G1 F1500 X102.14 Y67.565 E976.19245
G0 F9000 X102.14 Y67
G1 F1500 X105.868 Y63.272 E976.3678
G0 F9000 X105.302 Y63.272
G1 F1500 X102.14 Y66.434 E976.51654
G0 F9000 X102.14 Y65.868
G1 F1500 X104.737 Y63.272 E976.63867
G0 F9000 X104.171 Y63.272
G1 F1500 X102.14 Y65.303 E976.7342
G0 F9000 X102.14 Y64.737
G1 F1500 X103.605 Y63.272 E976.80311
G0 F9000 X103.04 Y63.272
G1 F1500 X102.14 Y64.171 E976.84542
G0 F9000 X102.14 Y63.606
G1 F1500 X102.474 Y63.272 E976.86113
G1 F2700 E971.86113
;MESH:TracciaSotto.stl
G0 F9000 X102.474 Y62.812
G0 X128.208 Y62.884
G0 X128.552 Y89.683
G0 X129.647 Y89.683
G0 X132.655 Y92.853
G0 X144.212 Y119.828
;TYPE:WALL-INNER
G1 F2700 E976.86113
G1 F1500 X160.72 Y119.828 E977.41019
G1 X160.72 Y93.028 E978.30156
G1 X133.92 Y93.028 E979.19293
G1 X133.92 Y119.828 E980.0843
G1 X144.212 Y119.828 E980.42661
G0 F9000 X144.12 Y120.228
;TYPE:WALL-OUTER
G1 F1500 X161.12 Y120.228 E980.99204
G1 X161.12 Y92.628 E981.91002
G1 X133.52 Y92.628 E982.828
G1 X133.52 Y120.228 E983.74598
G1 X144.12 Y120.228 E984.09853
G0 F9000 X144.296 Y119.468
;TYPE:SKIN
G1 F1500 X134.28 Y119.468 E984.43167
G1 X134.28 Y93.388 E985.29909
G1 X160.36 Y93.388 E986.16652
G1 X160.36 Y119.468 E987.03394
G1 X144.296 Y119.468 E987.56823
G0 F9000 X144.296 Y119.728
G0 X159.615 Y119.728
G0 X159.615 Y119.268
G1 F1500 X160.16 Y118.723 E987.59387
G0 F9000 X160.16 Y118.158
G1 F1500 X159.05 Y119.268 E987.64608
G0 F9000 X158.484 Y119.268
G1 F1500 X160.16 Y117.592 E987.72491
G0 F9000 X160.16 Y117.026
G1 F1500 X157.918 Y119.268 E987.83037
G0 F9000 X157.352 Y119.268
G1 F1500 X160.16 Y116.46 E987.96245
G0 F9000 X160.16 Y115.895
G1 F1500 X156.787 Y119.268 E988.1211
G0 F9000 X156.221 Y119.268
G1 F1500 X160.16 Y115.329 E988.30638
G0 F9000 X160.16 Y114.763
G1 F1500 X155.655 Y119.268 E988.51828
G0 F9000 X155.09 Y119.268
G1 F1500 X160.16 Y114.198 E988.75676
G0 F9000 X160.16 Y113.632
G1 F1500 X154.524 Y119.268 E989.02186
G0 F9000 X153.958 Y119.268
G1 F1500 X160.16 Y113.066 E989.31358
G0 F9000 X160.16 Y112.501
G1 F1500 X153.393 Y119.268 E989.63188
G0 F9000 X152.827 Y119.268
G1 F1500 X160.16 Y111.935 E989.9768
G0 F9000 X160.16 Y111.369
G1 F1500 X152.261 Y119.268 E990.34835
G0 F9000 X151.696 Y119.268
G1 F1500 X160.16 Y110.804 E990.74647
G0 F9000 X160.16 Y110.238
G1 F1500 X151.13 Y119.268 E991.17121
G0 F9000 X150.564 Y119.268
G1 F1500 X160.16 Y109.672 E991.62258
G0 F9000 X160.16 Y109.107
G1 F1500 X149.999 Y119.268 E992.10052
G0 F9000 X149.433 Y119.268
G1 F1500 X160.16 Y108.541 E992.60509
G0 F9000 X160.16 Y107.975
G1 F1500 X148.867 Y119.268 E993.13627
G0 F9000 X148.302 Y119.268
G1 F1500 X160.16 Y107.41 E993.69404
G0 F9000 X160.16 Y106.844
G1 F1500 X147.736 Y119.268 E994.27843
G0 F9000 X147.17 Y119.268
G1 F1500 X160.16 Y106.278 E994.88944
G0 F9000 X160.16 Y105.712
G1 F1500 X146.604 Y119.268 E995.52707
G0 F9000 X146.039 Y119.268
G1 F1500 X160.16 Y105.147 E996.19128
G0 F9000 X160.16 Y104.581
G1 F1500 X145.473 Y119.268 E996.88211
G0 F9000 X144.907 Y119.268
G1 F1500 X160.16 Y104.015 E997.59956
G0 F9000 X160.16 Y103.45
G1 F1500 X144.342 Y119.268 E998.34359
G0 F9000 X143.776 Y119.268
G1 F1500 X160.16 Y102.884 E999.11425
G0 F9000 X160.16 Y102.318
G1 F1500 X143.21 Y119.268 E999.91152
G0 F9000 X142.645 Y119.268
G1 F1500 X160.16 Y101.753 E1000.73537
G0 F9000 X160.16 Y101.187
G1 F1500 X142.079 Y119.268 E1001.58585
G0 F9000 X141.513 Y119.268
G1 F1500 X160.16 Y100.621 E1002.46295
G0 F9000 X160.16 Y100.056
G1 F1500 X140.948 Y119.268 E1003.36662
G0 F9000 X140.382 Y119.268
G1 F1500 X160.16 Y99.49 E1004.29692
G0 F9000 X160.16 Y98.924
G1 F1500 X139.816 Y119.268 E1005.25384
G0 F9000 X139.251 Y119.268
G1 F1500 X160.16 Y98.359 E1006.23733
G0 F9000 X160.16 Y97.793
G1 F1500 X138.685 Y119.268 E1007.24745
G0 F9000 X138.119 Y119.268
G1 F1500 X160.16 Y97.227 E1008.28419
G0 F9000 X160.16 Y96.661
G1 F1500 X137.553 Y119.268 E1009.34755
G0 F9000 X136.988 Y119.268
G1 F1500 X160.16 Y96.096 E1010.43749
G0 F9000 X160.16 Y95.53
G1 F1500 X136.422 Y119.268 E1011.55406
G0 F9000 X135.856 Y119.268
G1 F1500 X160.16 Y94.964 E1012.69724
G0 F9000 X160.16 Y94.399
G1 F1500 X135.291 Y119.268 E1013.867
G0 F9000 X134.725 Y119.268
G1 F1500 X160.16 Y93.833 E1015.06339
G0 F9000 X159.839 Y93.588
G1 F1500 X134.48 Y118.947 E1016.2562
G0 F9000 X134.48 Y118.381
G1 F1500 X159.274 Y93.588 E1017.42241
G0 F9000 X158.708 Y93.588
G1 F1500 X134.48 Y117.815 E1018.562
G0 F9000 X134.48 Y117.25
G1 F1500 X158.142 Y93.588 E1019.67498
G0 F9000 X157.577 Y93.588
G1 F1500 X134.48 Y116.684 E1020.76137
G0 F9000 X134.48 Y116.118
G1 F1500 X157.011 Y93.588 E1021.82114
G0 F9000 X156.445 Y93.588
G1 F1500 X134.48 Y115.553 E1022.8543
G0 F9000 X134.48 Y114.987
G1 F1500 X155.88 Y93.588 E1023.86087
G0 F9000 X155.314 Y93.588
G1 F1500 X134.48 Y114.421 E1024.84081
G0 F9000 X134.48 Y113.856
G1 F1500 X154.748 Y93.588 E1025.79416
G0 F9000 X154.183 Y93.588
G1 F1500 X134.48 Y113.29 E1026.7209
G0 F9000 X134.48 Y112.724
G1 F1500 X153.617 Y93.588 E1027.62103
G0 F9000 X153.051 Y93.588
G1 F1500 X134.48 Y112.158 E1028.49453
G0 F9000 X134.48 Y111.593
G1 F1500 X152.485 Y93.588 E1029.34143
G0 F9000 X151.92 Y93.588
G1 F1500 X134.48 Y111.027 E1030.16173
G0 F9000 X134.48 Y110.461
G1 F1500 X151.354 Y93.588 E1030.9554
G0 F9000 X150.788 Y93.588
G1 F1500 X134.48 Y109.896 E1031.72248
G0 F9000 X134.48 Y109.33
G1 F1500 X150.223 Y93.588 E1032.46296
G0 F9000 X149.657 Y93.588
G1 F1500 X134.48 Y108.764 E1033.17682
G0 F9000 X134.48 Y108.199
G1 F1500 X149.091 Y93.588 E1033.86407
G0 F9000 X148.526 Y93.588
G1 F1500 X134.48 Y107.633 E1034.52473
G0 F9000 X134.48 Y107.067
G1 F1500 X147.96 Y93.588 E1035.15877
G0 F9000 X147.394 Y93.588
G1 F1500 X134.48 Y106.502 E1035.7662
G0 F9000 X134.48 Y105.936
G1 F1500 X146.829 Y93.588 E1036.34704
G0 F9000 X146.263 Y93.588
G1 F1500 X134.48 Y105.37 E1036.90125
G0 F9000 X134.48 Y104.805
G1 F1500 X145.697 Y93.588 E1037.42886
G0 F9000 X145.132 Y93.588
G1 F1500 X134.48 Y104.239 E1037.92988
G0 F9000 X134.48 Y103.673
G1 F1500 X144.566 Y93.588 E1038.40427
G0 F9000 X144 Y93.588
G1 F1500 X134.48 Y103.107 E1038.85204
G0 F9000 X134.48 Y102.542
G1 F1500 X143.434 Y93.588 E1039.2732
G0 F9000 X142.869 Y93.588
G1 F1500 X134.48 Y101.976 E1039.66777
G0 F9000 X134.48 Y101.41
G1 F1500 X142.303 Y93.588 E1040.03572
G0 F9000 X141.737 Y93.588
G1 F1500 X134.48 Y100.845 E1040.37707
G0 F9000 X134.48 Y100.279
G1 F1500 X141.172 Y93.588 E1040.69181
G0 F9000 X140.606 Y93.588
G1 F1500 X134.48 Y99.713 E1040.97994
G0 F9000 X134.48 Y99.148
G1 F1500 X140.04 Y93.588 E1041.24146
G0 F9000 X139.475 Y93.588
G1 F1500 X134.48 Y98.582 E1041.47639
G0 F9000 X134.48 Y98.016
G1 F1500 X138.909 Y93.588 E1041.68469
G0 F9000 X138.343 Y93.588
G1 F1500 X134.48 Y97.451 E1041.8664
G0 F9000 X134.48 Y96.885
G1 F1500 X137.778 Y93.588 E1042.0215
G0 F9000 X137.212 Y93.588
G1 F1500 X134.48 Y96.319 E1042.14998
G0 F9000 X134.48 Y95.754
G1 F1500 X136.646 Y93.588 E1042.25186
G0 F9000 X136.081 Y93.588
G1 F1500 X134.48 Y95.188 E1042.32715
G0 F9000 X134.48 Y94.622
G1 F1500 X135.515 Y93.588 E1042.37581
G0 F9000 X134.949 Y93.588
G1 F1500 X134.48 Y94.057 E1042.39787
G1 F2700 E1037.39787
;MESH:Supporto.stl
G0 F9000 X134.02 Y94.057
G0 X133.744 Y120.005
G0 X132.655 Y120.005
G0 X129.16 Y123.118
G0 X115.853 Y151.18
;TYPE:WALL-INNER
G1 F2700 E1042.39787
G1 F1500 X128.988 Y151.18 E1042.83474
G1 X128.988 Y124.38 E1043.72611
G1 X102.188 Y124.38 E1044.61748
G1 X102.188 Y151.18 E1045.50885
G1 X115.853 Y151.18 E1045.96335
G0 F9000 X115.861 Y151.58
;TYPE:WALL-OUTER
G1 F1500 X129.388 Y151.58 E1046.41326
G1 X129.388 Y123.98 E1047.33124
G1 X101.788 Y123.98 E1048.24922
G1 X101.788 Y151.58 E1049.1672
G1 X115.861 Y151.58 E1049.63527
G0 F9000 X115.846 Y150.82
;TYPE:SKIN
G1 F1500 X102.548 Y150.82 E1050.07757
G1 X102.548 Y124.74 E1050.94499
G1 X128.628 Y124.74 E1051.81241
G1 X128.628 Y150.82 E1052.67984
G1 X115.846 Y150.82 E1053.10497
G0 F9000 X115.846 Y151.08
G0 X128.263 Y151.08
G0 X128.263 Y150.62
G1 F1500 X128.428 Y150.455 E1053.11273
G0 F9000 X128.428 Y149.89
G1 F1500 X127.697 Y150.62 E1053.14709
G0 F9000 X127.131 Y150.62
G1 F1500 X128.428 Y149.324 E1053.20808
G0 F9000 X128.428 Y148.758
G1 F1500 X126.566 Y150.62 E1053.29566
G0 F9000 X126 Y150.62
G1 F1500 X128.428 Y148.193 E1053.40984
G0 F9000 X128.428 Y147.627
G1 F1500 X125.434 Y150.62 E1053.55065
G0 F9000 X124.869 Y150.62
G1 F1500 X128.428 Y147.061 E1053.71805
G0 F9000 X128.428 Y146.496
G1 F1500 X124.303 Y150.62 E1053.91205
G0 F9000 X123.737 Y150.62
G1 F1500 X128.428 Y145.93 E1054.13268
G0 F9000 X128.428 Y145.364
G1 F1500 X123.172 Y150.62 E1054.37991
G0 F9000 X122.606 Y150.62
G1 F1500 X128.428 Y144.798 E1054.65376
G0 F9000 X128.428 Y144.233
G1 F1500 X122.04 Y150.62 E1054.9542
G0 F9000 X121.475 Y150.62
G1 F1500 X128.428 Y143.667 E1055.28125
G0 F9000 X128.428 Y143.101
G1 F1500 X120.909 Y150.62 E1055.63492
G0 F9000 X120.343 Y150.62
G1 F1500 X128.428 Y142.536 E1056.01519
G0 F9000 X128.428 Y141.97
G1 F1500 X119.778 Y150.62 E1056.42206
G0 F9000 X119.212 Y150.62
G1 F1500 X128.428 Y141.404 E1056.85555
G0 F9000 X128.428 Y140.839
G1 F1500 X118.646 Y150.62 E1057.31565
G0 F9000 X118.08 Y150.62
G1 F1500 X128.428 Y140.273 E1057.80236
G0 F9000 X128.428 Y139.707
G1 F1500 X117.515 Y150.62 E1058.31567
G0 F9000 X116.949 Y150.62
G1 F1500 X128.428 Y139.142 E1058.85559
G0 F9000 X128.428 Y138.576
G1 F1500 X116.383 Y150.62 E1059.42212
G0 F9000 X115.818 Y150.62
G1 F1500 X128.428 Y138.01 E1060.01526
G0 F9000 X128.428 Y137.445
G1 F1500 X115.252 Y150.62 E1060.635
G0 F9000 X114.686 Y150.62
G1 F1500 X128.428 Y136.879 E1061.28135
G0 F9000 X128.428 Y136.313
G1 F1500 X114.121 Y150.62 E1061.95431
G0 F9000 X113.555 Y150.62
G1 F1500 X128.428 Y135.748 E1062.65387
G0 F9000 X128.428 Y135.182
G1 F1500 X112.989 Y150.62 E1063.38005
G0 F9000 X112.424 Y150.62
G1 F1500 X128.428 Y134.616 E1064.13283
G0 F9000 X128.428 Y134.05
G1 F1500 X111.858 Y150.62 E1064.91223
G0 F9000 X111.292 Y150.62
G1 F1500 X128.428 Y133.485 E1065.71823
G0 F9000 X128.428 Y132.919
G1 F1500 X110.727 Y150.62 E1066.55083
G0 F9000 X110.161 Y150.62
G1 F1500 X128.428 Y132.353 E1067.41005
G0 F9000 X128.428 Y131.788
G1 F1500 X109.595 Y150.62 E1068.29588
G0 F9000 X109.03 Y150.62
G1 F1500 X128.428 Y131.222 E1069.2083
G0 F9000 X128.428 Y130.656
G1 F1500 X108.464 Y150.62 E1070.14735
G0 F9000 X107.898 Y150.62
G1 F1500 X128.428 Y130.091 E1071.11299
G0 F9000 X128.428 Y129.525
G1 F1500 X107.332 Y150.62 E1072.10526
G0 F9000 X106.767 Y150.62
G1 F1500 X128.428 Y128.959 E1073.12412
G0 F9000 X128.428 Y128.394
G1 F1500 X106.201 Y150.62 E1074.16959
G0 F9000 X105.635 Y150.62
G1 F1500 X128.428 Y127.828 E1075.24168
G0 F9000 X128.428 Y127.262
G1 F1500 X105.07 Y150.62 E1076.34037
G0 F9000 X104.504 Y150.62
G1 F1500 X128.428 Y126.697 E1077.46566
G0 F9000 X128.428 Y126.131
G1 F1500 X103.938 Y150.62 E1078.61757
G0 F9000 X103.373 Y150.62
G1 F1500 X128.428 Y125.565 E1079.79608
G0 F9000 X128.428 Y125
G1 F1500 X102.807 Y150.62 E1081.00119
G0 F9000 X102.748 Y150.113
G1 F1500 X127.921 Y124.94 E1082.18525
G0 F9000 X127.356 Y124.94
G1 F1500 X102.748 Y149.547 E1083.34271
G0 F9000 X102.748 Y148.982
G1 F1500 X126.79 Y124.94 E1084.47357
G0 F9000 X126.224 Y124.94
G1 F1500 X102.748 Y148.416 E1085.57781
G0 F9000 X102.748 Y147.85
G1 F1500 X125.659 Y124.94 E1086.65545
G0 F9000 X125.093 Y124.94
G1 F1500 X102.748 Y147.285 E1087.70649
G0 F9000 X102.748 Y146.719
G1 F1500 X124.527 Y124.94 E1088.73091
G0 F9000 X123.961 Y124.94
G1 F1500 X102.748 Y146.153 E1089.7287
G0 F9000 X102.748 Y145.588
G1 F1500 X123.396 Y124.94 E1090.69992
G0 F9000 X122.83 Y124.94
G1 F1500 X102.748 Y145.022 E1091.64452
G0 F9000 X102.748 Y144.456
G1 F1500 X122.264 Y124.94 E1092.56249
G0 F9000 X121.699 Y124.94
G1 F1500 X102.748 Y143.891 E1093.45389
G0 F9000 X102.748 Y143.325
G1 F1500 X121.133 Y124.94 E1094.31866
G0 F9000 X120.567 Y124.94
G1 F1500 X102.748 Y142.759 E1095.15681
G0 F9000 X102.748 Y142.194
G1 F1500 X120.002 Y124.94 E1095.96839
G0 F9000 X119.436 Y124.94
G1 F1500 X102.748 Y141.628 E1096.75334
G0 F9000 X102.748 Y141.062
G1 F1500 X118.87 Y124.94 E1097.51167
G0 F9000 X118.305 Y124.94
G1 F1500 X102.748 Y140.496 E1098.2434
G0 F9000 X102.748 Y139.931
G1 F1500 X117.739 Y124.94 E1098.94853
G0 F9000 X117.173 Y124.94
G1 F1500 X102.748 Y139.365 E1099.62704
G0 F9000 X102.748 Y138.799
G1 F1500 X116.608 Y124.94 E1100.27895
G0 F9000 X116.042 Y124.94
G1 F1500 X102.748 Y138.234 E1100.90426
G0 F9000 X102.748 Y137.668
G1 F1500 X115.476 Y124.94 E1101.50294
G0 F9000 X114.911 Y124.94
G1 F1500 X102.748 Y137.102 E1102.07503
G0 F9000 X102.748 Y136.537
G1 F1500 X114.345 Y124.94 E1102.62052
G0 F9000 X113.779 Y124.94
G1 F1500 X102.748 Y135.971 E1103.13938
G0 F9000 X102.748 Y135.405
G1 F1500 X113.213 Y124.94 E1103.63162
G0 F9000 X112.648 Y124.94
G1 F1500 X102.748 Y134.84 E1104.09729
G0 F9000 X102.748 Y134.274
G1 F1500 X112.082 Y124.94 E1104.53633
G0 F9000 X111.516 Y124.94
G1 F1500 X102.748 Y133.708 E1104.94875
G0 F9000 X102.748 Y133.143
G1 F1500 X110.951 Y124.94 E1105.33459
G0 F9000 X110.385 Y124.94
G1 F1500 X102.748 Y132.577 E1105.69381
G0 F9000 X102.748 Y132.011
G1 F1500 X109.819 Y124.94 E1106.02641
G0 F9000 X109.254 Y124.94
G1 F1500 X102.748 Y131.445 E1106.33241
G0 F9000 X102.748 Y130.88
G1 F1500 X108.688 Y124.94 E1106.61181
G0 F9000 X108.122 Y124.94
G1 F1500 X102.748 Y130.314 E1106.86459
G0 F9000 X102.748 Y129.748
G1 F1500 X107.557 Y124.94 E1107.09076
G0 F9000 X106.991 Y124.94
G1 F1500 X102.748 Y129.183 E1107.29034
G0 F9000 X102.748 Y128.617
G1 F1500 X106.425 Y124.94 E1107.4633
G0 F9000 X105.86 Y124.94
G1 F1500 X102.748 Y128.051 E1107.60965
G0 F9000 X102.748 Y127.486
G1 F1500 X105.294 Y124.94 E1107.72941
G0 F9000 X104.728 Y124.94
G1 F1500 X102.748 Y126.92 E1107.82254
G0 F9000 X102.748 Y126.354
G1 F1500 X104.162 Y124.94 E1107.88905
G0 F9000 X103.597 Y124.94
G1 F1500 X102.748 Y125.789 E1107.92899
G0 F9000 X102.748 Y125.223
G1 F1500 X103.031 Y124.94 E1107.9423
G1 F2700 E1102.9423
;MESH:NONMESH
G0 F300 X103.031 Y124.94 Z1
G0 F9000 X103.031 Y124.48
G0 X102.014 Y124.207
G0 X100.925 Y124.207
G0 X97.075 Y121.431
G0 X87.051 Y120.164
;TIME_ELAPSED:1618.851914
;LAYER:4
;TYPE:WALL-INNER
;MESH:Supporto.stl(1)
G1 F2700 E1107.9423
G1 F1500 X96.896 Y120.164 E1108.26974
G1 X96.896 Y93.364 E1109.16112
G1 X70.096 Y93.364 E1110.05249
G1 X70.096 Y120.164 E1110.94386
G1 X87.051 Y120.164 E1111.50778
G0 F9000 X87.158 Y120.564
;TYPE:WALL-OUTER
G1 F1500 X97.296 Y120.564 E1111.84498
G1 X97.296 Y92.964 E1112.76296
G1 X69.696 Y92.964 E1113.68093
G1 X69.696 Y120.564 E1114.59891
G1 X87.158 Y120.564 E1115.1797
G0 F9000 X87.158 Y119.856
G0 X85.409 Y119.856
G0 X85.409 Y120.084
;TYPE:FILL
G1 F3000 X92.548 Y93.443 E1116.09705
G0 F9000 X92.548 Y93.676
G0 X89.584 Y93.676
G0 X89.584 Y93.444
G1 F3000 X70.177 Y98.644 E1116.7653
G0 F9000 X70.409 Y98.644
G0 X70.409 Y100.928
G0 X70.176 Y100.928
G1 F3000 X89.332 Y120.084 E1117.66634
G0 F9000 X89.332 Y119.856
G0 X91.621 Y119.856
G0 X91.621 Y120.084
G1 F3000 X96.816 Y100.696 E1118.33393
G0 F9000 X96.589 Y100.696
G0 X96.589 Y102.112
G0 X96.816 Y102.112
G1 F3000 X88.148 Y93.444 E1118.74165
G0 F9000 X88.148 Y93.676
G0 X86.336 Y93.676
G0 X86.336 Y93.443
G1 F3000 X79.197 Y120.085 E1119.65903
G0 F9000 X79.197 Y119.856
G0 X80.846 Y119.856
G0 X80.846 Y120.084
G1 F3000 X70.176 Y109.413 E1120.16093
G0 F9000 X70.409 Y109.413
G0 X70.409 Y111.067
G0 X70.177 Y111.067
G1 F3000 X96.816 Y103.93 E1121.0782
G0 F9000 X96.589 Y103.93
G0 X96.589 Y110.141
G0 X96.816 Y110.141
G1 F3000 X70.176 Y117.279 E1121.9955
G0 F9000 X70.176 Y117.899
G1 F3000 X72.361 Y120.084 E1122.09828
G0 F9000 X72.986 Y120.084
G1 F3000 X80.124 Y93.444 E1123.01558
G0 F9000 X79.663 Y93.444
G1 F3000 X96.816 Y110.597 E1123.82241
G0 F9000 X96.589 Y110.597
G0 X96.589 Y116.353
G0 X96.815 Y116.353
G1 F3000 X82.89 Y120.084 E1124.30189
G0 F9000 X82.89 Y119.856
G0 X96.589 Y119.082
G0 X96.816 Y119.082
G1 F3000 X71.177 Y93.444 E1125.50785
G0 F9000 X71.177 Y93.676
G0 X73.913 Y93.676
G0 X73.913 Y93.443
G1 F3000 X70.176 Y107.387 E1125.98799
G0 F9000 X70.409 Y107.387
G0 X70.409 Y104.856
G0 X70.177 Y104.856
G1 F3000 X96.815 Y97.718 E1126.90524
G0 F9000 X96.589 Y97.718
G0 X96.589 Y93.627
G0 X96.816 Y93.627
G1 F3000 X96.633 Y93.444 E1126.91384
G0 F9000 X96.289 Y93.976
G1 F2700 E1121.91384
;MESH:TracciaSopra.stl
G0 F9000 X97.075 Y93.19
G0 X98.164 Y93.19
G0 X101.406 Y90.778
G0 X101.406 Y89.689
G0 X115.194 Y89.203
G0 X115.194 Y89.512
;TYPE:WALL-INNER
G1 F2700 E1126.91384
G1 F1500 X128.38 Y89.512 E1127.35241
G1 X128.38 Y62.712 E1128.24378
G1 X101.58 Y62.712 E1129.13515
G1 X101.58 Y89.512 E1130.02653
G1 X115.194 Y89.512 E1130.47933
G0 F9000 X115.201 Y89.912
;TYPE:WALL-OUTER
G1 F1500 X128.78 Y89.912 E1130.93097
G1 X128.78 Y62.312 E1131.84895
G1 X101.18 Y62.312 E1132.76693
G1 X101.18 Y89.912 E1133.68491
G1 X115.201 Y89.912 E1134.15125
G0 F9000 X114.371 Y89.432
;TYPE:FILL
G1 F3000 X128.299 Y85.7 E1134.63084
G0 F9000 X128.072 Y85.7
G0 X128.072 Y88.432
G0 X128.3 Y88.432
G1 F3000 X102.66 Y62.792 E1135.83686
G0 F9000 X102.66 Y63.023
G0 X105.396 Y63.023
G0 X105.396 Y62.792
G1 F3000 X101.66 Y76.731 E1136.31684
G0 F9000 X101.892 Y76.731
G0 X101.892 Y78.763
G0 X101.66 Y78.763
G1 F3000 X112.329 Y89.431 E1136.81865
G0 F9000 X112.329 Y89.203
G0 X110.68 Y89.203
G0 X110.68 Y89.433
G1 F3000 X117.819 Y62.791 E1137.73603
G0 F9000 X117.819 Y63.023
G0 X119.63 Y63.023
G0 X119.63 Y62.792
G1 F3000 X128.3 Y71.462 E1138.14384
G0 F9000 X128.072 Y71.462
G0 X128.072 Y70.041
G0 X128.3 Y70.041
G1 F3000 X123.104 Y89.432 E1138.81154
G0 F9000 X123.104 Y89.203
G0 X120.814 Y89.203
G0 X120.814 Y89.431
G1 F3000 X101.66 Y70.277 E1139.71249
G0 F9000 X101.892 Y70.277
G0 X101.892 Y67.991
G0 X101.66 Y67.991
G1 F3000 X121.064 Y62.792 E1140.38063
G0 F9000 X121.064 Y63.023
G0 X124.03 Y63.023
G0 X124.03 Y62.792
G1 F3000 X116.892 Y89.432 E1141.29794
G0 F9000 X116.892 Y89.203
G0 X104.469 Y89.203
G0 X104.469 Y89.433
G1 F3000 X111.607 Y62.792 E1142.21527
G0 F9000 X111.145 Y62.792
G1 F3000 X128.3 Y79.947 E1143.02219
G0 F9000 X128.3 Y79.488
G1 F3000 X101.66 Y86.626 E1143.9395
G0 F9000 X101.66 Y87.248
G1 F3000 X103.844 Y89.431 E1144.0422
G0 F9000 X103.844 Y89.203
G0 X101.892 Y80.415
G0 X101.66 Y80.415
G1 F3000 X128.3 Y73.276 E1144.95952
G0 F9000 X128.072 Y73.276
G0 X128.072 Y67.065
G0 X128.3 Y67.065
G1 F3000 X101.66 Y74.203 E1145.87682
G0 F9000 X101.892 Y74.203
G0 X128.116 Y63.023
G0 X128.116 Y62.792
G1 F3000 X128.3 Y62.976 E1145.88548
G0 F9000 X127.772 Y63.323
G1 F2700 E1140.88548
;MESH:TracciaSotto.stl
G0 F9000 X128.558 Y89.689
G0 X129.647 Y89.689
G0 X132.655 Y92.853
G0 X133.744 Y92.853
G0 X144.212 Y119.519
G0 X144.212 Y119.828
;TYPE:WALL-INNER
G1 F2700 E1145.88548
G1 F1500 X160.72 Y119.828 E1146.43453
G1 X160.72 Y93.028 E1147.32591
G1 X133.92 Y93.028 E1148.21728
G1 X133.92 Y119.828 E1149.10865
G1 X144.212 Y119.828 E1149.45096
G0 F9000 X144.12 Y120.228
;TYPE:WALL-OUTER
G1 F1500 X161.12 Y120.228 E1150.01639
G1 X161.12 Y92.628 E1150.93436
G1 X133.52 Y92.628 E1151.85234
G1 X133.52 Y120.228 E1152.77032
G1 X144.12 Y120.228 E1153.12288
G0 F9000 X144.668 Y119.748
;TYPE:FILL
G1 F3000 X134 Y109.08 E1153.62467
G0 F9000 X134.23 Y109.08
G0 X134.23 Y110.729
G0 X134.001 Y110.729
G1 F3000 X160.639 Y103.591 E1154.54191
G0 F9000 X160.41 Y103.591
G0 X160.41 Y101.779
G0 X160.64 Y101.779
G1 F3000 X151.969 Y93.108 E1154.94977
G0 F9000 X151.969 Y93.339
G0 X153.4 Y93.339
G0 X153.4 Y93.108
G1 F3000 X134 Y98.306 E1155.61778
G0 F9000 X134.23 Y98.306
G0 X134.23 Y100.595
G0 X134 Y100.595
G1 F3000 X153.153 Y119.748 E1156.51867
G0 F9000 X153.153 Y119.519
G0 X155.442 Y119.519
G0 X155.442 Y119.749
G1 F3000 X160.639 Y100.353 E1157.18654
G0 F9000 X160.41 Y100.353
G0 X160.41 Y97.38
G0 X160.639 Y97.38
G1 F3000 X134 Y104.518 E1158.10382
G0 F9000 X134.23 Y104.518
G0 X134.23 Y107.044
G0 X134 Y107.044
G1 F3000 X137.734 Y93.108 E1158.58368
G0 F9000 X137.734 Y93.339
G0 X134.999 Y93.339
G0 X134.999 Y93.108
G1 F3000 X160.64 Y118.749 E1159.78975
G0 F9000 X160.41 Y118.749
G0 X160.41 Y116.015
G0 X160.639 Y116.015
G1 F3000 X146.707 Y119.748 E1160.26948
G0 F9000 X146.707 Y119.519
G0 X149.231 Y119.519
G0 X149.231 Y119.748
G1 F3000 X156.369 Y93.108 E1161.18679
G0 F9000 X156.369 Y93.339
G0 X160.455 Y93.339
G0 X160.455 Y93.108
G1 F3000 X160.64 Y93.294 E1161.19551
G0 F9000 X160.41 Y93.294
G0 X150.157 Y93.339
G0 X150.157 Y93.108
G1 F3000 X143.019 Y119.748 E1162.11282
G0 F9000 X143.019 Y119.519
G0 X136.807 Y119.519
G0 X136.807 Y119.749
G1 F3000 X143.946 Y93.107 E1163.03019
G0 F9000 X143.484 Y93.108
G1 F3000 X160.64 Y110.264 E1163.83716
G0 F9000 X160.639 Y109.803
G1 F3000 X134 Y116.941 E1164.75443
G0 F9000 X134 Y117.566
G1 F3000 X136.182 Y119.748 E1164.85707
G0 F9000 X136.182 Y119.219
G1 F2700 E1159.85707
;MESH:Supporto.stl
G0 F9000 X133.744 Y120.005
G0 X132.655 Y120.005
G0 X129.166 Y123.118
G0 X129.166 Y124.207
G0 X115.853 Y150.873
G0 X115.853 Y151.18
;TYPE:WALL-INNER
G1 F2700 E1164.85707
G1 F1500 X128.988 Y151.18 E1165.29394
G1 X128.988 Y124.38 E1166.18531
G1 X102.188 Y124.38 E1167.07668
G1 X102.188 Y151.18 E1167.96805
G1 X115.853 Y151.18 E1168.42255
G0 F9000 X115.861 Y151.58
;TYPE:WALL-OUTER
G1 F1500 X129.388 Y151.58 E1168.87246
G1 X129.388 Y123.98 E1169.79044
G1 X101.788 Y123.98 E1170.70842
G1 X101.788 Y151.58 E1171.6264
G1 X115.861 Y151.58 E1172.09447
G0 F9000 X114.987 Y151.1
;TYPE:FILL
G1 F3000 X128.908 Y147.37 E1172.57382
G0 F9000 X128.68 Y147.37
G0 X128.68 Y150.1
G0 X128.908 Y150.1
G1 F3000 X103.268 Y124.46 E1173.77985
G0 F9000 X103.268 Y124.693
G0 X106.005 Y124.693
G0 X106.005 Y124.459
G1 F3000 X102.268 Y138.403 E1174.25999
G0 F9000 X102.5 Y138.403
G0 X102.5 Y140.431
G0 X102.268 Y140.431
G1 F3000 X112.937 Y151.1 E1174.76183
G0 F9000 X112.937 Y150.873
G0 X111.289 Y150.873
G0 X111.289 Y151.1
G1 F3000 X118.428 Y124.459 E1175.67917
G0 F9000 X118.428 Y124.693
G0 X120.239 Y124.693
G0 X120.239 Y124.46
G1 F3000 X128.908 Y133.13 E1176.08696
G0 F9000 X128.68 Y133.13
G0 X128.68 Y131.713
G0 X128.908 Y131.713
G1 F3000 X123.713 Y151.101 E1176.75456
G0 F9000 X123.713 Y150.873
G0 X121.422 Y150.873
G0 X121.422 Y151.1
G1 F3000 X102.268 Y131.945 E1177.65553
G0 F9000 X102.5 Y131.945
G0 X102.5 Y129.661
G0 X102.268 Y129.661
G1 F3000 X121.68 Y124.46 E1178.32394
G0 F9000 X121.68 Y124.693
G0 X124.64 Y124.693
G0 X124.64 Y124.459
G1 F3000 X117.501 Y151.1 E1179.24129
G0 F9000 X117.501 Y150.873
G0 X105.078 Y150.873
G0 X105.078 Y151.1
G1 F3000 X112.216 Y124.46 E1180.15859
G0 F9000 X111.753 Y124.46
G1 F3000 X128.908 Y141.615 E1180.96551
G0 F9000 X128.908 Y141.158
G1 F3000 X102.269 Y148.296 E1181.88279
G0 F9000 X102.268 Y148.916
G1 F3000 X104.452 Y151.1 E1181.98551
G0 F9000 X104.452 Y150.873
G0 X102.5 Y142.084
G0 X102.269 Y142.084
G1 F3000 X128.907 Y134.947 E1182.90275
G0 F9000 X128.68 Y134.947
G0 X128.68 Y128.735
G0 X128.907 Y128.735
G1 F3000 X102.269 Y135.873 E1183.81999
G0 F9000 X102.5 Y135.873
G0 X128.724 Y124.693
G0 X128.724 Y124.46
G1 F3000 X128.908 Y124.645 E1183.82867
G0 F9000 X128.38 Y124.993
G1 F2700 E1178.82867
;MESH:NONMESH
G0 F300 X128.38 Y124.993 Z1.2
G0 F9000 X102.014 Y124.207
G0 X100.925 Y124.207
G0 X97.075 Y121.431
G0 X97.075 Y120.342
G0 X87.051 Y119.856
G0 X87.051 Y120.164
;TIME_ELAPSED:1704.744014
;LAYER:5
;TYPE:WALL-INNER
;MESH:Supporto.stl(1)
G1 F2700 E1183.82867
G1 F1500 X96.896 Y120.164 E1184.15611
G1 X96.896 Y93.364 E1185.04748
G1 X70.096 Y93.364 E1185.93885
G1 X70.096 Y120.164 E1186.83023
G1 X87.051 Y120.164 E1187.39415
G0 F9000 X87.158 Y120.564
;TYPE:WALL-OUTER
G1 F1500 X97.296 Y120.564 E1187.73134
G1 X97.296 Y92.964 E1188.64932
G1 X69.696 Y92.964 E1189.5673
G1 X69.696 Y120.564 E1190.48528
G1 X87.158 Y120.564 E1191.06607
G0 F9000 X87.158 Y119.856
G0 X85.263 Y119.856
G0 X85.263 Y120.084
;TYPE:FILL
G1 F3000 X92.402 Y93.443 E1191.98342
G0 F9000 X92.402 Y93.676
G0 X90.128 Y93.676
G0 X90.128 Y93.444
G1 F3000 X70.177 Y98.79 E1192.6704
G0 F9000 X70.409 Y98.79
G0 X70.409 Y100.729
G0 X70.176 Y100.729
G1 F3000 X89.531 Y120.084 E1193.5808
G0 F9000 X89.531 Y119.856
G0 X91.475 Y119.856
G0 X91.475 Y120.084
G1 F3000 X96.816 Y100.151 E1194.26716
G0 F9000 X96.589 Y100.151
G0 X96.589 Y101.912
G0 X96.816 Y101.912
G1 F3000 X88.347 Y93.444 E1194.66549
G0 F9000 X88.347 Y93.676
G0 X86.19 Y93.676
G0 X86.19 Y93.444
G1 F3000 X79.052 Y120.084 E1195.5828
G0 F9000 X79.052 Y119.856
G0 X81.046 Y119.856
G0 X81.046 Y120.084
G1 F3000 X70.176 Y109.214 E1196.09409
G0 F9000 X70.409 Y109.214
G0 X70.409 Y111.214
G0 X70.176 Y111.214
G1 F3000 X96.816 Y104.076 E1197.01139
G0 F9000 X96.589 Y104.076
G0 X96.589 Y110.287
G0 X96.815 Y110.287
G1 F3000 X70.177 Y117.425 E1197.92863
G0 F9000 X70.176 Y117.699
G1 F3000 X72.56 Y120.084 E1198.04079
G0 F9000 X72.84 Y120.084
G1 F3000 X79.978 Y93.444 E1198.9581
G1 X79.862 Y93.444
G1 X96.816 Y110.398 E1199.75556
G0 F9000 X96.589 Y110.398
G0 X96.589 Y116.499
G0 X96.815 Y116.499
G1 F3000 X83.436 Y120.084 E1200.21625
G0 F9000 X83.436 Y119.856
G0 X96.589 Y118.883
G0 X96.816 Y118.883
G1 F3000 X71.377 Y93.444 E1201.41282
G0 F9000 X71.377 Y93.676
G0 X73.767 Y93.676
G0 X73.767 Y93.443
G1 F3000 X70.176 Y106.843 E1201.87423
G0 F9000 X70.409 Y106.843
G0 X70.409 Y105.002
G0 X70.177 Y105.002
G1 F3000 X96.816 Y97.864 E1202.79151
G0 F9000 X96.289 Y97.864
G1 F2700 E1197.79151
;MESH:TracciaSopra.stl
G0 F9000 X97.075 Y93.19
G0 X98.164 Y93.19
G0 X101.406 Y90.778
G0 X101.406 Y89.689
G0 X115.194 Y89.203
G0 X115.194 Y89.512
;TYPE:WALL-INNER
G1 F2700 E1202.79151
G1 F1500 X128.38 Y89.512 E1203.23007
G1 X128.38 Y62.712 E1204.12145
G1 X101.58 Y62.712 E1205.01282
G1 X101.58 Y89.512 E1205.90419
G1 X115.194 Y89.512 E1206.35699
G0 F9000 X115.201 Y89.912
;TYPE:WALL-OUTER
G1 F1500 X128.78 Y89.912 E1206.80863
G1 X128.78 Y62.312 E1207.72661
G1 X101.18 Y62.312 E1208.64459
G1 X101.18 Y89.912 E1209.56257
G1 X115.201 Y89.912 E1210.02891
G0 F9000 X114.915 Y89.432
;TYPE:FILL
G1 F3000 X128.3 Y85.846 E1210.4898
G0 F9000 X128.072 Y85.846
G0 X128.072 Y88.233
G0 X128.3 Y88.233
G1 F3000 X102.859 Y62.792 E1211.68647
G0 F9000 X102.859 Y63.023
G0 X105.249 Y63.023
G0 X105.249 Y62.792
G1 F3000 X101.66 Y76.187 E1212.1477
G0 F9000 X101.892 Y76.187
G0 X101.892 Y74.349
G0 X101.66 Y74.349
G1 F3000 X128.3 Y67.211 E1213.06501
G0 F9000 X128.072 Y67.211
G0 X128.072 Y69.495
G0 X128.3 Y69.495
G1 F3000 X122.958 Y89.432 E1213.7515
G0 F9000 X122.958 Y89.203
G0 X121.014 Y89.203
G0 X121.014 Y89.431
G1 F3000 X101.66 Y70.078 E1214.66183
G0 F9000 X101.892 Y70.078
G0 X101.892 Y68.137
G0 X101.66 Y68.137
G1 F3000 X121.608 Y62.792 E1215.34871
G0 F9000 X121.608 Y63.023
G0 X119.83 Y63.023
G0 X119.83 Y62.792
G1 F3000 X128.3 Y71.262 E1215.74711
G0 F9000 X128.072 Y71.262
G0 X128.072 Y73.422
G0 X128.3 Y73.422
G1 F3000 X101.661 Y80.56 E1216.66439
G0 F9000 X101.892 Y80.56
G0 X101.892 Y78.563
G0 X101.66 Y78.563
G1 F3000 X112.528 Y89.431 E1217.17558
G0 F9000 X112.528 Y89.203
G0 X110.534 Y89.203
G0 X110.534 Y89.433
G1 F3000 X117.673 Y62.792 E1218.09293
G0 F9000 X117.673 Y63.023
G0 X111.461 Y63.023
G0 X111.461 Y62.792
G1 F3000 X104.323 Y89.432 E1219.01023
G0 F9000 X104.043 Y89.431
G1 F3000 X101.66 Y87.048 E1219.12232
G0 F9000 X101.66 Y86.772
G1 F3000 X128.3 Y79.634 E1220.03963
G1 X128.3 Y79.748
G1 X111.345 Y62.792 E1220.83716
G0 F9000 X111.345 Y63.023
G0 X123.885 Y63.023
G0 X123.885 Y62.791
G1 F3000 X116.746 Y89.432 E1221.75451
G0 F9000 X116.746 Y88.903
G1 F2700 E1216.75451
;MESH:TracciaSotto.stl
G0 F9000 X128.558 Y89.689
G0 X129.647 Y89.689
G0 X132.655 Y92.853
G0 X133.744 Y92.853
G0 X144.212 Y119.519
G0 X144.212 Y119.828
;TYPE:WALL-INNER
G1 F2700 E1221.75451
G1 F1500 X160.72 Y119.828 E1222.30357
G1 X160.72 Y93.028 E1223.19494
G1 X133.92 Y93.028 E1224.08631
G1 X133.92 Y119.828 E1224.97768
G1 X144.212 Y119.828 E1225.32
G0 F9000 X144.12 Y120.228
;TYPE:WALL-OUTER
G1 F1500 X161.12 Y120.228 E1225.88542
G1 X161.12 Y92.628 E1226.8034
G1 X133.52 Y92.628 E1227.72138
G1 X133.52 Y120.228 E1228.63936
G1 X144.12 Y120.228 E1228.99191
G0 F9000 X144.867 Y119.748
;TYPE:FILL
G1 F3000 X134 Y108.881 E1229.50306
G0 F9000 X134.23 Y108.881
G0 X134.23 Y110.875
G0 X134.001 Y110.875
G1 F3000 X160.639 Y103.737 E1230.42031
G0 F9000 X160.41 Y103.737
G0 X160.41 Y101.579
G0 X160.64 Y101.579
G1 F3000 X152.169 Y93.108 E1230.81876
G0 F9000 X152.169 Y93.339
G0 X153.945 Y93.339
G0 X153.945 Y93.108
G1 F3000 X134 Y98.452 E1231.50553
G0 F9000 X134.23 Y98.452
G0 X134.23 Y100.396
G0 X134 Y100.396
G1 F3000 X153.352 Y119.748 E1232.41579
G0 F9000 X153.352 Y119.519
G0 X155.297 Y119.519
G0 X155.297 Y119.748
G1 F3000 X160.639 Y99.808 E1233.10238
G0 F9000 X160.41 Y99.808
G0 X160.41 Y97.526
G0 X160.639 Y97.526
G1 F3000 X134.001 Y104.663 E1234.01961
G0 F9000 X134.23 Y104.663
G0 X134.23 Y106.5
G0 X134 Y106.5
G1 F3000 X137.588 Y93.108 E1234.48074
G0 F9000 X137.588 Y93.339
G0 X135.198 Y93.339
G0 X135.198 Y93.108
G1 F3000 X160.64 Y118.55 E1235.67746
G0 F9000 X160.41 Y118.55
G0 X160.41 Y116.161
G0 X160.639 Y116.161
G1 F3000 X147.251 Y119.748 E1236.13845
G0 F9000 X147.251 Y119.519
G0 X149.085 Y119.519
G0 X149.085 Y119.748
G1 F3000 X156.223 Y93.108 E1237.05575
G0 F9000 X156.223 Y93.339
G0 X150.012 Y93.339
G0 X150.012 Y93.107
G1 F3000 X142.873 Y119.749 E1237.97313
G0 F9000 X142.873 Y119.519
G0 X136.661 Y119.519
G0 X136.661 Y119.749
G1 F3000 X143.8 Y93.108 E1238.89048
G1 X143.683 Y93.108
G1 X160.64 Y110.065 E1239.68808
G1 X160.64 Y109.949
G1 X134 Y117.087 E1240.60539
G0 F9000 X134 Y117.366
G1 F3000 X136.382 Y119.748 E1240.71743
G0 F9000 X136.382 Y119.219
G1 F2700 E1235.71743
;MESH:Supporto.stl
G0 F9000 X133.744 Y120.005
G0 X132.655 Y120.005
G0 X129.166 Y123.118
G0 X129.166 Y124.207
G0 X115.853 Y150.873
G0 X115.853 Y151.18
;TYPE:WALL-INNER
G1 F2700 E1240.71743
G1 F1500 X128.988 Y151.18 E1241.1543
G1 X128.988 Y124.38 E1242.04567
G1 X102.188 Y124.38 E1242.93704
G1 X102.188 Y151.18 E1243.82842
G1 X115.853 Y151.18 E1244.28292
G0 F9000 X115.861 Y151.58
;TYPE:WALL-OUTER
G1 F1500 X129.388 Y151.58 E1244.73283
G1 X129.388 Y123.98 E1245.65081
G1 X101.788 Y123.98 E1246.56878
G1 X101.788 Y151.58 E1247.48676
G1 X115.861 Y151.58 E1247.95483
G0 F9000 X115.531 Y151.1
;TYPE:FILL
G1 F3000 X128.907 Y147.516 E1248.41542
G0 F9000 X128.68 Y147.516
G0 X128.68 Y149.901
G0 X128.908 Y149.901
G1 F3000 X103.467 Y124.46 E1249.61208
G0 F9000 X103.467 Y124.693
G0 X105.859 Y124.693
G0 X105.859 Y124.459
G1 F3000 X102.268 Y137.858 E1250.07346
G0 F9000 X102.5 Y137.858
G0 X102.5 Y136.019
G0 X102.269 Y136.019
G1 F3000 X128.907 Y128.881 E1250.9907
G0 F9000 X128.68 Y128.881
G0 X128.68 Y131.167
G0 X128.908 Y131.167
G1 F3000 X123.567 Y151.101 E1251.6771
G0 F9000 X123.567 Y150.873
G0 X121.622 Y150.873
G0 X121.622 Y151.1
G1 F3000 X102.268 Y131.746 E1252.58745
G0 F9000 X102.5 Y131.746
G0 X102.5 Y129.807
G0 X102.269 Y129.807
G1 F3000 X122.224 Y124.46 E1253.27457
G0 F9000 X122.224 Y124.693
G0 X120.438 Y124.693
G0 X120.438 Y124.46
G1 F3000 X128.908 Y132.93 E1253.67297
G0 F9000 X128.68 Y132.93
G0 X128.68 Y135.092
G0 X128.908 Y135.092
G1 F3000 X102.269 Y142.23 E1254.59024
G0 F9000 X102.5 Y142.23
G0 X102.5 Y140.231
G0 X102.268 Y140.231
G1 F3000 X113.136 Y151.1 E1255.10147
G0 F9000 X113.136 Y150.873
G0 X111.143 Y150.873
G0 X111.143 Y151.101
G1 F3000 X118.282 Y124.459 E1256.01884
G0 F9000 X118.282 Y124.693
G0 X124.494 Y124.693
G0 X124.494 Y124.459
G1 F3000 X117.355 Y151.1 E1256.93619
G0 F9000 X117.355 Y150.873
G0 X104.932 Y150.873
G0 X104.932 Y151.1
G1 F3000 X112.07 Y124.46 E1257.85349
G1 X111.953 Y124.46
G1 X128.908 Y141.416 E1258.65103
G1 X128.908 Y141.304
G1 X102.268 Y148.442 E1259.56833
G0 F9000 X102.268 Y148.717
G1 F3000 X104.651 Y151.1 E1259.68042
G0 F9000 X104.651 Y150.573
G1 F2700 E1254.68042
;MESH:NONMESH
G0 F300 X104.651 Y150.573 Z1.4
G0 F9000 X102.014 Y124.207
G0 X100.925 Y124.207
G0 X97.075 Y121.431
G0 X97.075 Y120.342
G0 X87.051 Y119.856
G0 X87.051 Y120.164
;TIME_ELAPSED:1788.360624
;LAYER:6
;TYPE:WALL-INNER
;MESH:Supporto.stl(1)
G1 F2700 E1259.68042
G1 F1500 X96.896 Y120.164 E1260.00787
G1 X96.896 Y93.364 E1260.89924
G1 X70.096 Y93.364 E1261.79061
G1 X70.096 Y120.164 E1262.68198
G1 X87.051 Y120.164 E1263.24591
G0 F9000 X87.158 Y120.564
;TYPE:WALL-OUTER
G1 F1500 X97.296 Y120.564 E1263.5831
G1 X97.296 Y92.964 E1264.50108
G1 X69.696 Y92.964 E1265.41906
G1 X69.696 Y120.564 E1266.33704
G1 X87.158 Y120.564 E1266.91783
G0 F9000 X87.158 Y119.856
G0 X85.117 Y119.856
G0 X85.117 Y120.084
;TYPE:FILL
G1 F3000 X92.256 Y93.444 E1267.83514
G0 F9000 X92.256 Y93.676
G0 X90.674 Y93.676
G0 X90.674 Y93.444
G1 F3000 X70.177 Y98.936 E1268.54092
G0 F9000 X70.409 Y98.936
G0 X70.409 Y100.529
G0 X70.176 Y100.529
G1 F3000 X89.73 Y120.084 E1269.46071
G0 F9000 X89.73 Y119.856
G0 X91.329 Y119.856
G0 X91.329 Y120.084
G1 F3000 X96.816 Y99.607 E1270.1658
G0 F9000 X96.589 Y99.607
G0 X96.589 Y98.01
G0 X96.816 Y98.01
G1 F3000 X70.176 Y105.148 E1271.08311
G0 F9000 X70.409 Y105.148
G0 X70.409 Y106.298
G0 X70.176 Y106.298
G1 F3000 X73.621 Y93.443 E1271.52575
G0 F9000 X73.621 Y93.676
G0 X71.576 Y93.676
G0 X71.576 Y93.444
G1 F3000 X96.816 Y118.684 E1272.71296
G0 F9000 X96.589 Y118.684
G0 X96.589 Y116.645
G0 X96.816 Y116.645
G1 F3000 X83.981 Y120.084 E1273.15492
G0 F9000 X83.981 Y119.856
G0 X81.245 Y119.856
G0 X81.245 Y120.084
G1 F3000 X70.176 Y109.015 E1273.67557
G0 F9000 X70.409 Y109.015
G0 X70.409 Y111.359
G0 X70.177 Y111.359
G1 F3000 X96.815 Y104.222 E1274.5928
G0 F9000 X96.589 Y104.222
G0 X96.589 Y101.713
G0 X96.816 Y101.713
G1 F3000 X88.547 Y93.444 E1274.98175
G0 F9000 X88.547 Y93.676
G0 X86.044 Y93.676
G0 X86.044 Y93.444
G1 F3000 X78.906 Y120.084 E1275.89905
G0 F9000 X78.906 Y119.856
G0 X72.76 Y119.856
G0 X72.76 Y120.084
G1 F3000 X70.176 Y117.5 E1276.0206
G1 X70.177 Y117.571
G1 X96.815 Y110.433 E1276.93784
G0 F9000 X96.816 Y110.198
G1 F3000 X80.061 Y93.444 E1277.72592
G0 F9000 X79.832 Y93.443
G1 F3000 X72.694 Y120.084 E1278.64326
G0 F9000 X72.694 Y119.556
G1 F2700 E1273.64326
;MESH:TracciaSopra.stl
G0 F9000 X97.075 Y93.19
G0 X98.164 Y93.19
G0 X101.406 Y90.778
G0 X101.406 Y89.689
G0 X115.194 Y89.203
G0 X115.194 Y89.512
;TYPE:WALL-INNER
G1 F2700 E1278.64326
G1 F1500 X128.38 Y89.512 E1279.08182
G1 X128.38 Y62.712 E1279.97319
G1 X101.58 Y62.712 E1280.86457
G1 X101.58 Y89.512 E1281.75594
G1 X115.194 Y89.512 E1282.20874
G0 F9000 X115.201 Y89.912
;TYPE:WALL-OUTER
G1 F1500 X128.78 Y89.912 E1282.66038
G1 X128.78 Y62.312 E1283.57836
G1 X101.18 Y62.312 E1284.49634
G1 X101.18 Y89.912 E1285.41432
G1 X115.201 Y89.912 E1285.88066
G0 F9000 X115.461 Y89.432
;TYPE:FILL
G1 F3000 X128.3 Y85.992 E1286.32275
G0 F9000 X128.072 Y85.992
G0 X128.072 Y88.033
G0 X128.3 Y88.033
G1 F3000 X103.059 Y62.792 E1287.51001
G0 F9000 X103.059 Y63.023
G0 X105.104 Y63.023
G0 X105.104 Y62.791
G1 F3000 X101.66 Y75.642 E1287.95252
G0 F9000 X101.892 Y75.642
G0 X101.892 Y74.495
G0 X101.661 Y74.495
G1 F3000 X128.3 Y67.357 E1288.86979
G0 F9000 X128.072 Y67.357
G0 X128.072 Y68.951
G0 X128.3 Y68.951
G1 F3000 X122.812 Y89.432 E1289.57502
G0 F9000 X122.812 Y89.203
G0 X121.213 Y89.203
G0 X121.213 Y89.431
G1 F3000 X101.66 Y69.878 E1290.49474
G0 F9000 X101.892 Y69.878
G0 X101.892 Y68.283
G0 X101.66 Y68.283
G1 F3000 X122.154 Y62.792 E1291.20041
G0 F9000 X122.154 Y63.023
G0 X123.739 Y63.023
G0 X123.739 Y62.791
G1 F3000 X116.6 Y89.433 E1292.11779
G0 F9000 X116.6 Y89.203
G0 X112.728 Y89.203
G0 X112.728 Y89.431
G1 F3000 X101.66 Y78.364 E1292.63837
G0 F9000 X101.892 Y78.364
G0 X101.892 Y80.706
G0 X101.66 Y80.706
G1 F3000 X128.3 Y73.568 E1293.55568
G0 F9000 X128.072 Y73.568
G0 X128.072 Y71.063
G0 X128.3 Y71.063
G1 F3000 X120.029 Y62.792 E1293.94472
G0 F9000 X120.029 Y63.023
G0 X117.527 Y63.023
G0 X117.527 Y62.792
G1 F3000 X110.389 Y89.432 E1294.86202
G0 F9000 X110.389 Y89.203
G0 X104.242 Y89.203
G0 X104.242 Y89.431
G1 F3000 X101.66 Y86.849 E1294.98347
G1 X101.66 Y86.918
G1 X128.3 Y79.78 E1295.90078
G0 F9000 X128.3 Y79.548
G1 F3000 X111.544 Y62.792 E1296.68893
G0 F9000 X111.315 Y62.792
G1 F3000 X104.177 Y89.432 E1297.60623
G0 F9000 X104.177 Y88.903
G1 F2700 E1292.60623
;MESH:TracciaSotto.stl
G0 F9000 X128.558 Y89.689
G0 X129.647 Y89.689
G0 X132.655 Y92.853
G0 X133.744 Y92.853
G0 X144.212 Y119.519
G0 X144.212 Y119.828
;TYPE:WALL-INNER
G1 F2700 E1297.60623
G1 F1500 X160.72 Y119.828 E1298.15529
G1 X160.72 Y93.028 E1299.04666
G1 X133.92 Y93.028 E1299.93804
G1 X133.92 Y119.828 E1300.82941
G1 X144.212 Y119.828 E1301.17172
G0 F9000 X144.12 Y120.228
;TYPE:WALL-OUTER
G1 F1500 X161.12 Y120.228 E1301.73714
G1 X161.12 Y92.628 E1302.65512
G1 X133.52 Y92.628 E1303.5731
G1 X133.52 Y120.228 E1304.49108
G1 X144.12 Y120.228 E1304.84364
G0 F9000 X144.12 Y119.519
G0 X145.066 Y119.519
G0 X145.066 Y119.748
;TYPE:FILL
G1 F3000 X134 Y108.682 E1305.36415
G0 F9000 X134.23 Y108.682
G0 X134.23 Y111.021
G0 X134 Y111.021
G1 F3000 X160.64 Y103.883 E1306.28145
G0 F9000 X160.41 Y103.883
G0 X160.41 Y101.38
G0 X160.64 Y101.38
G1 F3000 X152.368 Y93.108 E1306.67054
G0 F9000 X152.368 Y93.339
G0 X154.489 Y93.339
G0 X154.489 Y93.108
G1 F3000 X134.001 Y98.598 E1307.37602
G0 F9000 X134.23 Y98.598
G0 X134.23 Y100.196
G0 X134 Y100.196
G1 F3000 X153.552 Y119.748 E1308.29568
G0 F9000 X153.552 Y119.519
G0 X155.151 Y119.519
G0 X155.151 Y119.748
G1 F3000 X160.639 Y99.264 E1309.00101
G0 F9000 X160.41 Y99.264
G0 X160.41 Y97.672
G0 X160.639 Y97.672
G1 F3000 X134.001 Y104.809 E1309.91825
G0 F9000 X134.23 Y104.809
G0 X134.23 Y105.954
G0 X134 Y105.954
G1 F3000 X137.442 Y93.108 E1310.36058
G0 F9000 X137.442 Y93.339
G0 X135.398 Y93.339
G0 X135.398 Y93.108
G1 F3000 X160.64 Y118.351 E1311.54791
G0 F9000 X160.41 Y118.351
G0 X160.41 Y116.307
G0 X160.639 Y116.307
G1 F3000 X147.796 Y119.748 E1311.99013
G0 F9000 X147.796 Y119.519
G0 X148.939 Y119.519
G0 X148.939 Y119.749
G1 F3000 X156.077 Y93.107 E1312.9075
G0 F9000 X156.077 Y93.339
G0 X149.866 Y93.339
G0 X149.866 Y93.108
G1 F3000 X142.727 Y119.749 E1313.82485
G0 F9000 X142.727 Y119.519
G0 X136.581 Y119.519
G0 X136.581 Y119.748
G1 F3000 X134 Y117.167 E1313.94625
G1 X134 Y117.233
G1 X160.639 Y110.095 E1314.86352
G0 F9000 X160.64 Y109.865
G1 F3000 X143.883 Y93.108 E1315.65172
G0 F9000 X143.654 Y93.108
G1 F3000 X136.516 Y119.748 E1316.56903
G0 F9000 X136.516 Y119.219
G1 F2700 E1311.56903
;MESH:Supporto.stl
G0 F9000 X133.744 Y120.005
G0 X132.655 Y120.005
G0 X129.166 Y123.118
G0 X129.166 Y124.207
G0 X115.853 Y150.873
G0 X115.853 Y151.18
;TYPE:WALL-INNER
G1 F2700 E1316.56903
G1 F1500 X128.988 Y151.18 E1317.0059
G1 X128.988 Y124.38 E1317.89727
G1 X102.188 Y124.38 E1318.78864
G1 X102.188 Y151.18 E1319.68001
G1 X115.853 Y151.18 E1320.13451
G0 F9000 X115.861 Y151.58
;TYPE:WALL-OUTER
G1 F1500 X129.388 Y151.58 E1320.58442
G1 X129.388 Y123.98 E1321.5024
G1 X101.788 Y123.98 E1322.42038
G1 X101.788 Y151.58 E1323.33836
G1 X115.861 Y151.58 E1323.80643
G0 F9000 X116.077 Y151.1
;TYPE:FILL
G1 F3000 X128.907 Y147.662 E1324.24821
G0 F9000 X128.68 Y147.662
G0 X128.68 Y149.702
G0 X128.908 Y149.702
G1 F3000 X103.667 Y124.46 E1325.4355
G0 F9000 X103.667 Y124.693
G0 X105.713 Y124.693
G0 X105.713 Y124.459
G1 F3000 X102.268 Y137.314 E1325.87814
G0 F9000 X102.5 Y137.314
G0 X102.5 Y136.165
G0 X102.269 Y136.165
G1 F3000 X128.908 Y129.027 E1326.79542
G0 F9000 X128.68 Y129.027
G0 X128.68 Y130.623
G0 X128.908 Y130.623
G1 F3000 X123.421 Y151.1 E1327.50051
G0 F9000 X123.421 Y150.873
G0 X121.821 Y150.873
G0 X121.821 Y151.1
G1 F3000 X102.268 Y131.547 E1328.42022
G0 F9000 X102.5 Y131.547
G0 X102.5 Y129.953
G0 X102.269 Y129.953
G1 F3000 X122.769 Y124.46 E1329.12611
G0 F9000 X122.769 Y124.693
G0 X124.348 Y124.693
G0 X124.348 Y124.459
G1 F3000 X117.209 Y151.101 E1330.04349
G0 F9000 X117.209 Y150.873
G0 X113.336 Y150.873
G0 X113.336 Y151.1
G1 F3000 X102.268 Y140.032 E1330.56409
G0 F9000 X102.5 Y140.032
G0 X102.5 Y142.376
G0 X102.268 Y142.376
G1 F3000 X128.908 Y135.238 E1331.4814
G0 F9000 X128.68 Y135.238
G0 X128.68 Y132.731
G0 X128.908 Y132.731
G1 F3000 X120.637 Y124.46 E1331.87044
G0 F9000 X120.637 Y124.693
G0 X118.136 Y124.693
G0 X118.136 Y124.46
G1 F3000 X110.998 Y151.1 E1332.78774
G0 F9000 X110.998 Y150.873
G0 X104.851 Y150.873
G0 X104.851 Y151.1
G1 F3000 X102.268 Y148.517 E1332.90924
G1 X102.269 Y148.588
G1 X128.907 Y141.45 E1333.82648
G0 F9000 X128.908 Y141.216
G1 F3000 X112.152 Y124.46 E1334.61463
G0 F9000 X111.924 Y124.459
G1 F3000 X104.786 Y151.1 E1335.53197
G0 F9000 X104.786 Y150.573
G1 F2700 E1330.53197
;MESH:NONMESH
G0 F300 X104.786 Y150.573 Z1.6
G0 F9000 X102.014 Y124.207
G0 X100.925 Y124.207
G0 X97.075 Y121.431
G0 X97.075 Y120.342
G0 X87.051 Y119.856
G0 X87.051 Y120.164
;TIME_ELAPSED:1871.686137
;LAYER:7
;TYPE:WALL-INNER
;MESH:Supporto.stl(1)
G1 F2700 E1335.53197
G1 F1500 X96.896 Y120.164 E1335.85942
G1 X96.896 Y93.364 E1336.75079
G1 X70.096 Y93.364 E1337.64216
G1 X70.096 Y120.164 E1338.53353
G1 X87.051 Y120.164 E1339.09746
G0 F9000 X87.158 Y120.564
;TYPE:WALL-OUTER
G1 F1500 X97.296 Y120.564 E1339.43465
G1 X97.296 Y92.964 E1340.35263
G1 X69.696 Y92.964 E1341.27061
G1 X69.696 Y120.564 E1342.18859
G1 X87.158 Y120.564 E1342.76937
G0 F9000 X87.158 Y119.856
G0 X84.97 Y119.856
G0 X84.97 Y120.084
;TYPE:FILL
G1 F3000 X92.109 Y93.443 E1343.68672
G0 F9000 X91.222 Y93.444
G1 F3000 X70.177 Y99.083 E1344.41137
G0 F9000 X70.409 Y99.083
G0 X70.409 Y100.329
G0 X70.176 Y100.329
G1 F3000 X89.931 Y120.084 E1345.34059
G0 F9000 X89.931 Y119.856
G0 X91.182 Y119.856
G0 X91.182 Y120.084
G1 F3000 X96.816 Y99.058 E1346.06458
G0 F9000 X96.816 Y98.157
G1 F3000 X70.177 Y105.295 E1346.98186
G0 F9000 X70.176 Y105.749
G1 F3000 X73.474 Y93.443 E1347.4056
G0 F9000 X73.474 Y93.676
G0 X71.777 Y93.676
G0 X71.777 Y93.444
G1 F3000 X96.816 Y118.483 E1348.58336
G0 F9000 X96.589 Y118.483
G0 X96.589 Y116.792
G0 X96.816 Y116.792
G1 F3000 X84.529 Y120.084 E1349.00644
G0 F9000 X84.529 Y119.856
G0 X81.446 Y119.856
G0 X81.446 Y120.084
G1 F3000 X70.176 Y108.814 E1349.53655
G0 F9000 X70.409 Y108.814
G0 X70.409 Y111.506
G0 X70.177 Y111.506
G1 F3000 X96.815 Y104.369 E1350.45378
G0 F9000 X96.589 Y104.369
G0 X96.589 Y101.512
G0 X96.816 Y101.512
G1 F3000 X88.748 Y93.444 E1350.83327
G0 F9000 X88.748 Y93.676
G0 X85.897 Y93.676
G0 X85.897 Y93.444
G1 F3000 X78.759 Y120.084 E1351.75058
G0 F9000 X78.759 Y119.856
G0 X72.961 Y119.856
G0 X72.961 Y120.084
G1 F3000 X70.176 Y117.299 E1351.88157
G0 F9000 X70.177 Y117.718
G1 F3000 X96.815 Y110.58 E1352.79882
G0 F9000 X96.816 Y109.998
G1 F3000 X80.262 Y93.444 E1353.57747
G0 F9000 X79.685 Y93.443
G1 F3000 X72.547 Y120.084 E1354.4948
G0 F9000 X72.547 Y119.556
G1 F2700 E1349.4948
;MESH:TracciaSopra.stl
G0 F9000 X97.075 Y93.19
G0 X98.164 Y93.19
G0 X101.406 Y90.778
G0 X101.406 Y89.689
G0 X115.194 Y89.203
G0 X115.194 Y89.512
;TYPE:WALL-INNER
G1 F2700 E1354.4948
G1 F1500 X128.38 Y89.512 E1354.93337
G1 X128.38 Y62.712 E1355.82474
G1 X101.58 Y62.712 E1356.71611
G1 X101.58 Y89.512 E1357.60749
G1 X115.194 Y89.512 E1358.06029
G0 F9000 X115.201 Y89.912
;TYPE:WALL-OUTER
G1 F1500 X128.78 Y89.912 E1358.51193
G1 X128.78 Y62.312 E1359.42991
G1 X101.18 Y62.312 E1360.34789
G1 X101.18 Y89.912 E1361.26587
G1 X115.201 Y89.912 E1361.73221
G0 F9000 X116.01 Y89.432
;TYPE:FILL
G1 F3000 X128.3 Y86.139 E1362.15539
G0 F9000 X128.072 Y86.139
G0 X128.072 Y87.833
G0 X128.3 Y87.833
G1 F3000 X103.26 Y62.792 E1363.33322
G0 F9000 X103.26 Y63.023
G0 X104.957 Y63.023
G0 X104.957 Y62.791
G1 F3000 X101.66 Y75.093 E1363.75683
G0 F9000 X101.66 Y74.642
G1 F3000 X128.3 Y67.504 E1364.67413
G0 F9000 X128.3 Y68.402
G1 F3000 X122.665 Y89.432 E1365.39827
G0 F9000 X122.665 Y89.203
G0 X121.414 Y89.203
G0 X121.414 Y89.431
G1 F3000 X101.66 Y69.678 E1366.32741
G0 F9000 X101.892 Y69.678
G0 X101.892 Y68.43
G0 X101.66 Y68.43
G1 F3000 X122.703 Y62.792 E1367.05199
G0 F9000 X123.592 Y62.791
G1 F3000 X116.453 Y89.433 E1367.96937
G0 F9000 X116.453 Y89.203
G0 X112.928 Y89.203
G0 X112.928 Y89.431
G1 F3000 X101.66 Y78.163 E1368.49938
G0 F9000 X101.892 Y78.163
G0 X101.892 Y80.853
G0 X101.66 Y80.853
G1 F3000 X128.3 Y73.715 E1369.41669
G0 F9000 X128.072 Y73.715
G0 X128.072 Y70.862
G0 X128.3 Y70.862
G1 F3000 X120.23 Y62.792 E1369.79627
G0 F9000 X120.23 Y63.023
G0 X117.38 Y63.023
G0 X117.38 Y62.792
G1 F3000 X110.242 Y89.432 E1370.71358
G0 F9000 X110.242 Y89.203
G0 X104.443 Y89.203
G0 X104.443 Y89.431
G1 F3000 X101.66 Y86.648 E1370.84448
G0 F9000 X101.66 Y87.065
G1 F3000 X128.3 Y79.927 E1371.76179
G0 F9000 X128.3 Y79.347
G1 F3000 X111.745 Y62.792 E1372.54048
G0 F9000 X111.168 Y62.792
G1 F3000 X104.03 Y89.432 E1373.45779
G0 F9000 X104.03 Y88.903
G1 F2700 E1368.45779
;MESH:TracciaSotto.stl
G0 F9000 X128.558 Y89.689
G0 X129.647 Y89.689
G0 X132.655 Y92.853
G0 X133.744 Y92.853
G0 X144.212 Y119.519
G0 X144.212 Y119.828
;TYPE:WALL-INNER
G1 F2700 E1373.45779
G1 F1500 X160.72 Y119.828 E1374.00685
G1 X160.72 Y93.028 E1374.89822
G1 X133.92 Y93.028 E1375.78959
G1 X133.92 Y119.828 E1376.68096
G1 X144.212 Y119.828 E1377.02328
G0 F9000 X144.12 Y120.228
;TYPE:WALL-OUTER
G1 F1500 X161.12 Y120.228 E1377.5887
G1 X161.12 Y92.628 E1378.50668
G1 X133.52 Y92.628 E1379.42466
G1 X133.52 Y120.228 E1380.34264
G1 X144.12 Y120.228 E1380.69519
G0 F9000 X144.12 Y119.519
G0 X145.267 Y119.519
G0 X145.267 Y119.748
;TYPE:FILL
G1 F3000 X134 Y108.481 E1381.22516
G0 F9000 X134.23 Y108.481
G0 X134.23 Y111.168
G0 X134 Y111.168
G1 F3000 X160.64 Y104.03 E1382.14246
G0 F9000 X160.41 Y104.03
G0 X160.41 Y101.179
G0 X160.64 Y101.179
G1 F3000 X152.569 Y93.108 E1382.5221
G0 F9000 X152.569 Y93.339
G0 X155.038 Y93.339
G0 X155.038 Y93.108
G1 F3000 X134 Y98.745 E1383.24651
G0 F9000 X134.23 Y98.745
G0 X134.23 Y99.996
G0 X134 Y99.996
G1 F3000 X153.753 Y119.748 E1384.17561
G0 F9000 X153.753 Y119.519
G0 X155.004 Y119.519
G0 X155.004 Y119.748
G1 F3000 X160.639 Y98.715 E1384.89984
G0 F9000 X160.639 Y97.819
G1 F3000 X134.001 Y104.956 E1385.81707
G0 F9000 X134 Y105.405
G1 F3000 X137.295 Y93.108 E1386.2405
G0 F9000 X137.295 Y93.339
G0 X135.598 Y93.339
G0 X135.598 Y93.108
G1 F3000 X160.64 Y118.15 E1387.4184
G0 F9000 X160.41 Y118.15
G0 X160.41 Y116.454
G0 X160.639 Y116.454
G1 F3000 X148.345 Y119.748 E1387.84172
G0 F9000 X148.792 Y119.748
G1 F3000 X155.93 Y93.107 E1388.75906
G0 F9000 X155.93 Y93.339
G0 X149.719 Y93.339
G0 X149.719 Y93.108
G1 F3000 X142.58 Y119.749 E1389.6764
G0 F9000 X142.58 Y119.519
G0 X136.782 Y119.519
G0 X136.782 Y119.748
G1 F3000 X134 Y116.966 E1389.80726
G0 F9000 X134 Y117.38
G1 F3000 X160.639 Y110.242 E1390.72453
G0 F9000 X160.64 Y109.664
G1 F3000 X144.084 Y93.108 E1391.50328
G0 F9000 X143.507 Y93.108
G1 F3000 X136.369 Y119.748 E1392.42058
G0 F9000 X136.369 Y119.219
G1 F2700 E1387.42058
;MESH:Supporto.stl
G0 F9000 X133.744 Y120.005
G0 X132.655 Y120.005
G0 X129.166 Y123.118
G0 X129.166 Y124.207
G0 X115.853 Y150.873
G0 X115.853 Y151.18
;TYPE:WALL-INNER
G1 F2700 E1392.42058
G1 F1500 X128.988 Y151.18 E1392.85745
G1 X128.988 Y124.38 E1393.74882
G1 X102.188 Y124.38 E1394.6402
G1 X102.188 Y151.18 E1395.53157
G1 X115.853 Y151.18 E1395.98607
G0 F9000 X115.861 Y151.58
;TYPE:WALL-OUTER
G1 F1500 X129.388 Y151.58 E1396.43598
G1 X129.388 Y123.98 E1397.35396
G1 X101.788 Y123.98 E1398.27194
G1 X101.788 Y151.58 E1399.18992
G1 X115.861 Y151.58 E1399.65799
G0 F9000 X116.625 Y151.1
;TYPE:FILL
G1 F3000 X128.907 Y147.809 E1400.0809
G0 F9000 X128.68 Y147.809
G0 X128.68 Y149.501
G0 X128.908 Y149.501
G1 F3000 X103.868 Y124.46 E1401.25873
G0 F9000 X103.868 Y124.693
G0 X105.566 Y124.693
G0 X105.566 Y124.459
G1 F3000 X102.268 Y136.765 E1401.68247
G0 F9000 X102.269 Y136.312
G1 F3000 X128.908 Y129.174 E1402.59974
G0 F9000 X128.908 Y130.074
G1 F3000 X123.274 Y151.1 E1403.32374
G0 F9000 X123.274 Y150.873
G0 X122.022 Y150.873
G0 X122.022 Y151.1
G1 F3000 X102.268 Y131.346 E1404.25291
G0 F9000 X102.5 Y131.346
G0 X102.5 Y130.1
G0 X102.269 Y130.1
G1 F3000 X123.318 Y124.46 E1404.9777
G0 F9000 X124.201 Y124.459
G1 F3000 X117.062 Y151.101 E1405.89507
G0 F9000 X117.062 Y150.873
G0 X113.537 Y150.873
G0 X113.537 Y151.1
G1 F3000 X102.268 Y139.831 E1406.42513
G0 F9000 X102.5 Y139.831
G0 X102.5 Y142.523
G0 X102.268 Y142.523
G1 F3000 X128.908 Y135.385 E1407.34244
G0 F9000 X128.68 Y135.385
G0 X128.68 Y132.53
G0 X128.908 Y132.53
G1 F3000 X120.838 Y124.46 E1407.72203
G0 F9000 X120.838 Y124.693
G0 X117.989 Y124.693
G0 X117.989 Y124.46
G1 F3000 X110.851 Y151.1 E1408.63933
G0 F9000 X110.851 Y150.873
G0 X105.051 Y150.873
G0 X105.051 Y151.1
G1 F3000 X102.268 Y148.316 E1408.77026
G0 F9000 X102.269 Y148.735
G1 F3000 X128.907 Y141.597 E1409.6875
G0 F9000 X128.908 Y141.015
G1 F3000 X112.353 Y124.46 E1410.4662
G0 F9000 X111.777 Y124.459
G1 F3000 X104.639 Y151.1 E1411.38353
G0 F9000 X104.639 Y150.573
G1 F2700 E1406.38353
;MESH:NONMESH
G0 F300 X104.639 Y150.573 Z1.8
G0 F9000 X102.014 Y124.207
G0 X100.925 Y124.207
G0 X97.075 Y121.431
G0 X97.075 Y120.342
G0 X87.051 Y119.856
G0 X87.051 Y120.164
;TIME_ELAPSED:1954.238619
;LAYER:8
;TYPE:WALL-INNER
;MESH:Supporto.stl(1)
G1 F2700 E1411.38353
G1 F1500 X96.896 Y120.164 E1411.71098
G1 X96.896 Y93.364 E1412.60235
G1 X70.096 Y93.364 E1413.49372
G1 X70.096 Y120.164 E1414.38509
G1 X87.051 Y120.164 E1414.94902
G0 F9000 X87.158 Y120.564
;TYPE:WALL-OUTER
G1 F1500 X97.296 Y120.564 E1415.28621
G1 X97.296 Y92.964 E1416.20419
G1 X69.696 Y92.964 E1417.12217
G1 X69.696 Y120.564 E1418.04015
G1 X87.158 Y120.564 E1418.62094
G0 F9000 X87.158 Y119.856
G0 X85.074 Y119.856
G0 X85.074 Y120.084
;TYPE:FILL
G1 F3000 X96.816 Y116.938 E1419.02525
G0 F9000 X96.589 Y116.938
G0 X96.589 Y118.283
G0 X96.816 Y118.283
G1 F3000 X71.976 Y93.444 E1420.19363
G0 F9000 X71.976 Y93.676
G0 X73.328 Y93.676
G0 X73.328 Y93.444
G1 F3000 X70.176 Y105.205 E1420.59861
G0 F9000 X70.176 Y105.441
G1 F3000 X96.816 Y98.303 E1421.51591
G0 F9000 X96.816 Y98.514
G1 F3000 X91.036 Y120.084 E1422.25864
G0 F9000 X90.131 Y120.084
G1 F3000 X70.176 Y100.129 E1423.19726
G0 F9000 X70.177 Y99.229
G1 F3000 X91.767 Y93.444 E1423.94068
G1 X91.963 Y93.444
G1 X84.824 Y120.084 E1424.858
G0 F9000 X84.824 Y119.856
G0 X81.645 Y119.856
G0 X81.645 Y120.084
G1 F3000 X70.176 Y108.614 E1425.39749
G0 F9000 X70.409 Y108.614
G0 X70.409 Y111.652
G0 X70.177 Y111.652
G1 F3000 X96.815 Y104.515 E1426.31472
G0 F9000 X96.589 Y104.515
G0 X96.589 Y101.313
G0 X96.816 Y101.313
G1 F3000 X88.947 Y93.444 E1426.68485
G0 F9000 X88.947 Y93.676
G0 X85.751 Y93.676
G0 X85.751 Y93.443
G1 F3000 X78.613 Y120.084 E1427.60219
G0 F9000 X78.613 Y119.856
G0 X73.16 Y119.856
G0 X73.16 Y120.084
G1 F3000 X70.176 Y117.1 E1427.74255
G0 F9000 X70.177 Y117.864
G1 F3000 X96.816 Y110.726 E1428.65982
G0 F9000 X96.816 Y109.798
G1 F3000 X80.462 Y93.444 E1429.42906
G0 F9000 X79.539 Y93.443
G1 F3000 X72.401 Y120.084 E1430.3464
G0 F9000 X72.401 Y119.556
G1 F2700 E1425.3464
;MESH:TracciaSopra.stl
G0 F9000 X97.075 Y93.19
G0 X98.164 Y93.19
G0 X101.406 Y90.778
G0 X101.406 Y89.689
G0 X115.194 Y89.203
G0 X115.194 Y89.512
;TYPE:WALL-INNER
G1 F2700 E1430.3464
G1 F1500 X128.38 Y89.512 E1430.78497
G1 X128.38 Y62.712 E1431.67634
G1 X101.58 Y62.712 E1432.56771
G1 X101.58 Y89.512 E1433.45908
G1 X115.194 Y89.512 E1433.91189
G0 F9000 X115.201 Y89.912
;TYPE:WALL-OUTER
G1 F1500 X128.78 Y89.912 E1434.36352
G1 X128.78 Y62.312 E1435.2815
G1 X101.18 Y62.312 E1436.19948
G1 X101.18 Y89.912 E1437.11746
G1 X115.201 Y89.912 E1437.5838
G0 F9000 X115.201 Y89.203
G0 X116.307 Y89.203
G0 X116.307 Y89.432
;TYPE:FILL
G1 F3000 X123.446 Y62.792 E1438.50112
G1 X123.247 Y62.792
G1 X101.66 Y68.576 E1439.24443
G0 F9000 X101.66 Y69.478
G1 F3000 X121.613 Y89.431 E1440.18296
G0 F9000 X122.519 Y89.433
G1 F3000 X128.3 Y67.858 E1440.92586
G0 F9000 X128.3 Y67.65
G1 F3000 X101.66 Y74.788 E1441.84316
G0 F9000 X101.66 Y74.549
G1 F3000 X104.811 Y62.792 E1442.248
G0 F9000 X104.811 Y63.023
G0 X103.459 Y63.023
G0 X103.459 Y62.792
G1 F3000 X128.3 Y87.633 E1443.41645
G0 F9000 X128.072 Y87.633
G0 X128.072 Y86.285
G0 X128.3 Y86.285
G1 F3000 X116.554 Y89.432 E1443.8209
G0 F9000 X116.554 Y89.203
G0 X113.128 Y89.203
G0 X113.128 Y89.431
G1 F3000 X101.66 Y77.963 E1444.36032
G0 F9000 X101.892 Y77.963
G0 X101.892 Y80.999
G0 X101.66 Y80.999
G1 F3000 X128.3 Y73.861 E1445.27763
G0 F9000 X128.072 Y73.861
G0 X128.072 Y70.663
G0 X128.3 Y70.663
G1 F3000 X120.429 Y62.792 E1445.64785
G0 F9000 X120.429 Y63.023
G0 X117.234 Y63.023
G0 X117.234 Y62.792
G1 F3000 X110.096 Y89.432 E1446.56516
G0 F9000 X110.096 Y89.203
G0 X104.643 Y89.203
G0 X104.643 Y89.431
G1 F3000 X101.66 Y86.449 E1446.70545
G0 F9000 X101.66 Y87.211
G1 F3000 X128.3 Y80.073 E1447.62275
G0 F9000 X128.3 Y79.148
G1 F3000 X111.944 Y62.792 E1448.39209
G0 F9000 X111.022 Y62.791
G1 F3000 X103.884 Y89.432 E1449.30942
G0 F9000 X103.884 Y88.903
G1 F2700 E1444.30942
;MESH:TracciaSotto.stl
G0 F9000 X128.558 Y89.689
G0 X129.647 Y89.689
G0 X132.655 Y92.853
G0 X133.744 Y92.853
G0 X144.212 Y119.519
G0 X144.212 Y119.828
;TYPE:WALL-INNER
G1 F2700 E1449.30942
G1 F1500 X160.72 Y119.828 E1449.85848
G1 X160.72 Y93.028 E1450.74985
G1 X133.92 Y93.028 E1451.64123
G1 X133.92 Y119.828 E1452.5326
G1 X144.212 Y119.828 E1452.87491
G0 F9000 X144.12 Y120.228
;TYPE:WALL-OUTER
G1 F1500 X161.12 Y120.228 E1453.44033
G1 X161.12 Y92.628 E1454.35831
G1 X133.52 Y92.628 E1455.27629
G1 X133.52 Y120.228 E1456.19427
G1 X144.12 Y120.228 E1456.54683
G0 F9000 X144.12 Y119.519
G0 X145.467 Y119.519
G0 X145.467 Y119.748
;TYPE:FILL
G1 F3000 X134 Y108.281 E1457.0862
G0 F9000 X134.23 Y108.281
G0 X134.23 Y111.314
G0 X134 Y111.314
G1 F3000 X160.639 Y104.176 E1458.00347
G0 F9000 X160.41 Y104.176
G0 X160.41 Y100.98
G0 X160.64 Y100.98
G1 F3000 X152.768 Y93.108 E1458.37375
G0 F9000 X152.768 Y93.339
G0 X155.582 Y93.339
G0 X155.582 Y93.108
G1 F3000 X134.001 Y98.891 E1459.11686
G0 F9000 X134 Y99.796
G1 F3000 X153.952 Y119.748 E1460.05534
G0 F9000 X154.857 Y119.748
G1 F3000 X160.639 Y98.17 E1460.79835
G0 F9000 X160.64 Y97.964
G1 F3000 X134 Y105.102 E1461.71565
G0 F9000 X134 Y104.861
G1 F3000 X137.149 Y93.107 E1462.12038
G0 F9000 X137.149 Y93.339
G0 X135.798 Y93.339
G0 X135.798 Y93.108
G1 F3000 X160.64 Y117.95 E1463.28887
G0 F9000 X160.41 Y117.95
G0 X160.41 Y116.6
G0 X160.639 Y116.6
G1 F3000 X148.89 Y119.748 E1463.69343
G0 F9000 X148.646 Y119.749
G1 F3000 X155.784 Y93.107 E1464.6108
G0 F9000 X155.784 Y93.339
G0 X149.572 Y93.339
G0 X149.572 Y93.108
G1 F3000 X142.434 Y119.748 E1465.5281
G0 F9000 X142.434 Y119.519
G0 X136.981 Y119.519
G0 X136.981 Y119.748
G1 F3000 X134 Y116.767 E1465.66832
G0 F9000 X134.001 Y117.526
G1 F3000 X160.639 Y110.388 E1466.58556
G0 F9000 X160.64 Y109.465
G1 F3000 X144.283 Y93.108 E1467.35494
G0 F9000 X143.361 Y93.108
G1 F3000 X136.223 Y119.748 E1468.27225
G0 F9000 X136.223 Y119.219
G1 F2700 E1463.27225
;MESH:Supporto.stl
G0 F9000 X133.744 Y120.005
G0 X132.655 Y120.005
G0 X129.166 Y123.118
G0 X129.166 Y124.207
G0 X115.853 Y150.873
G0 X115.853 Y151.18
;TYPE:WALL-INNER
G1 F2700 E1468.27225
G1 F1500 X128.988 Y151.18 E1468.70912
G1 X128.988 Y124.38 E1469.60049
G1 X102.188 Y124.38 E1470.49186
G1 X102.188 Y151.18 E1471.38324
G1 X115.853 Y151.18 E1471.83773
G0 F9000 X115.861 Y151.58
;TYPE:WALL-OUTER
G1 F1500 X129.388 Y151.58 E1472.28764
G1 X129.388 Y123.98 E1473.20562
G1 X101.788 Y123.98 E1474.1236
G1 X101.788 Y151.58 E1475.04158
G1 X115.861 Y151.58 E1475.50965
G0 F9000 X115.861 Y150.873
G0 X116.916 Y150.873
G0 X116.916 Y151.101
;TYPE:FILL
G1 F3000 X124.055 Y124.46 E1476.427
G1 X123.863 Y124.46
G1 X102.269 Y130.246 E1477.17055
G0 F9000 X102.268 Y131.146
G1 F3000 X122.221 Y151.1 E1478.10911
G0 F9000 X123.128 Y151.1
G1 F3000 X128.908 Y129.529 E1478.85187
G0 F9000 X128.908 Y129.32
G1 F3000 X102.269 Y136.458 E1479.76914
G0 F9000 X102.268 Y136.221
G1 F3000 X105.42 Y124.459 E1480.17415
G0 F9000 X105.42 Y124.693
G0 X104.067 Y124.693
G0 X104.067 Y124.46
G1 F3000 X128.908 Y149.301 E1481.3426
G0 F9000 X128.68 Y149.301
G0 X128.68 Y147.955
G0 X128.908 Y147.955
G1 F3000 X117.17 Y151.1 E1481.74677
G0 F9000 X117.17 Y150.873
G0 X113.736 Y150.873
G0 X113.736 Y151.1
G1 F3000 X102.268 Y139.632 E1482.28619
G0 F9000 X102.5 Y139.632
G0 X102.5 Y142.669
G0 X102.268 Y142.669
G1 F3000 X128.908 Y135.531 E1483.2035
G0 F9000 X128.68 Y135.531
G0 X128.68 Y132.331
G0 X128.908 Y132.331
G1 F3000 X121.038 Y124.46 E1483.5737
G0 F9000 X121.038 Y124.693
G0 X117.843 Y124.693
G0 X117.843 Y124.459
G1 F3000 X110.705 Y151.1 E1484.49104
G0 F9000 X110.705 Y150.873
G0 X105.251 Y150.873
G0 X105.251 Y151.1
G1 F3000 X102.268 Y148.117 E1484.63135
G0 F9000 X102.269 Y148.881
G1 F3000 X128.907 Y141.743 E1485.54859
G0 F9000 X128.908 Y140.816
G1 F3000 X112.552 Y124.46 E1486.31793
G0 F9000 X111.631 Y124.459
G1 F3000 X104.493 Y151.1 E1487.23527
G0 F9000 X104.493 Y150.573
G1 F2700 E1482.23527
;MESH:NONMESH
G0 F300 X104.493 Y150.573 Z2
G0 F9000 X102.014 Y124.207
G0 X100.925 Y124.207
G0 X97.075 Y121.431
G0 X97.075 Y120.342
G0 X87.051 Y119.856
G0 X87.051 Y120.164
;TIME_ELAPSED:2036.156807
;LAYER:9
;TYPE:WALL-INNER
;MESH:Supporto.stl(1)
G1 F2700 E1487.23527
G1 F1500 X96.896 Y120.164 E1487.56271
G1 X96.896 Y93.364 E1488.45408
G1 X70.096 Y93.364 E1489.34545
G1 X70.096 Y120.164 E1490.23683
G1 X87.051 Y120.164 E1490.80075
G0 F9000 X87.158 Y120.564
;TYPE:WALL-OUTER
G1 F1500 X97.296 Y120.564 E1491.13794
G1 X97.296 Y92.964 E1492.05592
G1 X69.696 Y92.964 E1492.9739
G1 X69.696 Y120.564 E1493.89188
G1 X87.158 Y120.564 E1494.47267
G0 F9000 X87.158 Y119.856
G0 X85.623 Y119.856
G0 X85.623 Y120.084
;TYPE:FILL
G1 F3000 X96.816 Y117.085 E1494.85808
G0 F9000 X96.816 Y118.083
G1 F3000 X72.177 Y93.444 E1496.01703
G0 F9000 X72.177 Y93.676
G0 X73.181 Y93.676
G0 X73.181 Y93.444
G1 F3000 X70.329 Y104.084 E1496.38341
G1 X72.319 Y102.072 E1496.47753
G1 X70.176 Y99.928 E1496.57835
G0 F9000 X70.177 Y99.376
G1 F3000 X92.316 Y93.444 E1497.34067
G0 F9000 X91.816 Y93.444
G1 F3000 X84.677 Y120.084 E1498.25799
G0 F9000 X84.677 Y119.856
G0 X81.846 Y119.856
G0 X81.846 Y120.084
G1 F3000 X70.176 Y108.414 E1498.80691
G0 F9000 X70.409 Y108.414
G0 X70.409 Y106.687
G0 X70.296 Y106.687
G1 F3000 X73.826 Y104.61 E1498.94313
G0 F9000 X74.016 Y103.77
G1 F3000 X90.331 Y120.084 E1499.71052
G0 F9000 X90.889 Y120.085
G1 F3000 X94.047 Y108.3 E1500.11631
G0 F9000 X95.204 Y107.985
G1 F3000 X96.816 Y109.597 E1500.19214
G1 X96.696 Y109.652
G1 X93.448 Y110.536 E1500.3041
G0 F9000 X93.329 Y110.983
G1 F3000 X96.696 Y110.067 E1500.42015
G0 F9000 X96.696 Y110.481
G1 F3000 X93.209 Y111.43 E1500.54035
G0 F9000 X96.589 Y110.873
G0 X96.815 Y110.873
G1 F3000 X70.177 Y118.011 E1501.45759
G0 F9000 X70.409 Y118.011
G0 X70.409 Y116.899
G0 X70.176 Y116.899
G1 F3000 X73.361 Y120.084 E1501.6074
G0 F9000 X73.361 Y119.856
G0 X72.254 Y119.856
G0 X72.254 Y120.084
G1 F3000 X79.392 Y93.443 E1502.52474
G0 F9000 X79.392 Y93.676
G0 X80.662 Y93.676
G0 X80.662 Y93.444
G1 F3000 X95.204 Y107.985 E1503.20873
G1 X94.047 Y108.3 E1503.24861
G1 X96.816 Y97.965 E1503.60448
G0 F9000 X96.816 Y98.45
G1 F3000 X72.952 Y104.845 E1504.4262
G0 F9000 X72.377 Y104.998
G1 F3000 X70.296 Y106.223 E1504.50652
G0 F9000 X70.176 Y105.588
G1 F3000 X72.187 Y105.05 E1504.57576
G1 X73.733 Y103.487 E1504.64888
G1 X72.319 Y102.072 E1504.71541
G0 F9000 X72.602 Y102.355
G1 F3000 X70.296 Y104.686 E1504.82447
G1 X70.176 Y104.656
G1 X70.329 Y104.084 E1504.84416
G0 F9000 X70.409 Y104.084
G0 X70.409 Y105.254
G0 X70.297 Y105.254
G1 F3000 X72.885 Y102.638 E1504.96655
G0 F9000 X73.733 Y103.487
G1 F3000 X74.016 Y103.77 E1504.97987
G1 X72.952 Y104.845 E1505.03017
G1 X72.187 Y105.05 E1505.05651
G0 F9000 X70.409 Y111.799
G0 X70.177 Y111.799
G1 F3000 X96.815 Y104.662 E1505.97375
G0 F9000 X96.589 Y104.662
G0 X96.589 Y108
G0 X96.696 Y108
G1 F3000 X95.22 Y108 E1506.02284
G0 F9000 X95.62 Y108.4
G1 F3000 X96.696 Y108.4 E1506.05863
G0 F9000 X96.696 Y108.8
G1 F3000 X96.02 Y108.8 E1506.08111
G0 F9000 X96.589 Y101.112
G0 X96.816 Y101.112
G1 F3000 X89.148 Y93.444 E1506.44179
G0 F9000 X89.148 Y93.676
G0 X85.604 Y93.676
G0 X85.604 Y93.443
G1 F3000 X78.466 Y120.084 E1507.35913
G0 F9000 X78.466 Y119.556
G1 F2700 E1502.35913
;MESH:TracciaSopra.stl
G0 F9000 X97.075 Y93.19
G0 X98.164 Y93.19
G0 X101.406 Y90.778
G0 X101.406 Y89.689
G0 X115.194 Y89.203
G0 X115.194 Y89.512
;TYPE:WALL-INNER
G1 F2700 E1507.35913
G1 F1500 X128.38 Y89.512 E1507.79769
G1 X128.38 Y62.712 E1508.68907
G1 X101.58 Y62.712 E1509.58044
G1 X101.58 Y89.512 E1510.47181
G1 X115.194 Y89.512 E1510.92461
G0 F9000 X115.201 Y89.912
;TYPE:WALL-OUTER
G1 F1500 X128.78 Y89.912 E1511.37625
G1 X128.78 Y62.312 E1512.29423
G1 X101.18 Y62.312 E1513.21221
G1 X101.18 Y89.912 E1514.13019
G1 X115.201 Y89.912 E1514.59653
G0 F9000 X115.201 Y89.203
G0 X116.16 Y89.203
G0 X116.16 Y89.433
;TYPE:FILL
G1 F3000 X123.299 Y62.792 E1515.51388
G0 F9000 X123.796 Y62.792
G1 F3000 X101.66 Y68.723 E1516.27609
G0 F9000 X101.66 Y69.277
G1 F3000 X103.75 Y71.368 E1516.37442
G1 X101.891 Y73.134 E1516.45971
G1 X104.664 Y62.792 E1516.81583
G0 F9000 X104.664 Y63.023
G0 X103.66 Y63.023
G0 X103.66 Y62.792
G1 F3000 X128.3 Y87.432 E1517.97482
G0 F9000 X128.3 Y86.432
G1 F3000 X117.103 Y89.432 E1518.36037
G0 F9000 X117.103 Y89.203
G0 X113.329 Y89.203
G0 X113.329 Y89.431
G1 F3000 X101.66 Y77.763 E1518.90922
G0 F9000 X101.892 Y77.763
G0 X101.892 Y76.23
G0 X101.78 Y76.23
G1 F3000 X105.076 Y74.02 E1519.04121
G0 F9000 X104.195 Y74.256
G1 F3000 X128.3 Y67.797 E1519.87123
G0 F9000 X128.3 Y67.309
G1 F3000 X125.65 Y77.2 E1520.21181
G0 F9000 X126.552 Y77.2
G1 F3000 X112.145 Y62.792 E1520.88949
G0 F9000 X112.145 Y63.023
G0 X110.875 Y63.023
G0 X110.875 Y62.791
G1 F3000 X103.737 Y89.432 E1521.80683
G0 F9000 X103.737 Y89.203
G0 X104.843 Y89.203
G0 X104.843 Y89.431
G1 F3000 X101.66 Y86.248 E1521.95655
G0 F9000 X101.892 Y86.248
G0 X101.892 Y87.358
G0 X101.66 Y87.358
G1 F3000 X128.3 Y80.22 E1522.87385
G0 F9000 X128.18 Y80
G1 F3000 X124.9 Y80 E1522.98295
G0 F9000 X125.007 Y79.6
G1 F3000 X128.18 Y79.6 E1523.08848
G0 F9000 X128.3 Y78.947
G1 F3000 X128.152 Y78.8 E1523.09542
G1 X125.222 Y78.8 E1523.19287
G1 X122.372 Y89.433 E1523.55901
G0 F9000 X121.814 Y89.431
G1 F3000 X105.448 Y73.066 E1524.32879
G0 F9000 X105.166 Y72.783
G1 F3000 X105.448 Y73.066 E1524.34208
G1 X104.195 Y74.256 E1524.39955
G1 X103.386 Y74.473 E1524.42741
G0 F9000 X103.88 Y74.341
G1 F3000 X101.78 Y75.749 E1524.51151
G0 F9000 X101.661 Y74.935
G1 F3000 X103.386 Y74.473 E1524.5709
G1 X105.166 Y72.783 E1524.65254
G1 X103.75 Y71.368 E1524.71912
G0 F9000 X104.034 Y71.651
G1 F3000 X101.78 Y73.792 E1524.82252
G0 F9000 X101.66 Y74
G1 F3000 X101.891 Y73.134 E1524.85233
G0 F9000 X101.892 Y73.134
G0 X101.892 Y74.343
G0 X101.78 Y74.343
G1 F3000 X104.317 Y71.934 E1524.96869
G0 F9000 X101.892 Y81.146
G0 X101.66 Y81.146
G1 F3000 X128.299 Y74.008 E1525.88596
G0 F9000 X128.072 Y74.008
G0 X128.072 Y70.462
G0 X128.3 Y70.462
G1 F3000 X120.63 Y62.792 E1526.24673
G0 F9000 X120.63 Y63.023
G0 X117.087 Y63.023
G0 X117.087 Y62.792
G1 F3000 X109.949 Y89.432 E1527.16404
G0 F9000 X109.949 Y89.203
G0 X125.222 Y78.8
G1 F3000 X125.65 Y77.2 E1527.21913
G1 X126.552 Y77.2 E1527.24913
G1 X128.152 Y78.8 E1527.32439
G0 F9000 X128.18 Y77.86
G1 F3000 X126.636 Y77.283 E1527.37921
G1 F2700 E1522.37921
;MESH:TracciaSotto.stl
G0 F9000 X128.558 Y89.689
G0 X129.647 Y89.689
G0 X132.655 Y92.853
G0 X133.744 Y92.853
G0 X144.212 Y119.519
G0 X144.212 Y119.828
;TYPE:WALL-INNER
G1 F2700 E1527.37921
G1 F1500 X160.72 Y119.828 E1527.92827
G1 X160.72 Y93.028 E1528.81964
G1 X133.92 Y93.028 E1529.71101
G1 X133.92 Y119.828 E1530.60238
G1 X144.212 Y119.828 E1530.94469
G0 F9000 X144.12 Y120.228
;TYPE:WALL-OUTER
G1 F1500 X161.12 Y120.228 E1531.51012
G1 X161.12 Y92.628 E1532.4281
G1 X133.52 Y92.628 E1533.34608
G1 X133.52 Y120.228 E1534.26406
G1 X144.12 Y120.228 E1534.61661
G0 F9000 X144.12 Y119.519
G0 X145.668 Y119.519
G0 X145.668 Y119.748
;TYPE:FILL
G1 F3000 X134 Y108.081 E1535.16542
G0 F9000 X134.23 Y108.081
G0 X134.23 Y105.926
G0 X134.121 Y105.926
G1 F3000 X139.481 Y105.077 E1535.34591
G0 F9000 X139.131 Y104.727
G1 F3000 X134.121 Y105.521 E1535.51463
G0 F9000 X134.001 Y105.249
G1 F3000 X134.512 Y105.112 E1535.53222
G1 X136.472 Y102.068 E1535.65264
G1 X134 Y99.595 E1535.76894
G0 F9000 X134.001 Y99.038
G1 F3000 X156.131 Y93.108 E1536.53095
G0 F9000 X155.637 Y93.107
G1 F3000 X148.499 Y119.749 E1537.44832
G0 F9000 X149.438 Y119.748
G1 F3000 X160.639 Y116.747 E1537.83401
G0 F9000 X160.41 Y116.747
G0 X160.41 Y117.75
G0 X160.64 Y117.75
G1 F3000 X135.999 Y93.108 E1538.99307
G0 F9000 X135.999 Y93.339
G0 X137.002 Y93.339
G0 X137.002 Y93.107
G1 F3000 X134 Y104.312 E1539.37889
G1 X134.12 Y104.243
G1 X135.893 Y101.489 E1539.48783
G0 F9000 X136.182 Y101.779
G1 F3000 X134.12 Y104.981 E1539.6145
G0 F9000 X134.512 Y105.112
G1 F3000 X135.662 Y104.804 E1539.6541
G1 X137.05 Y102.647 E1539.73941
G1 X136.472 Y102.068 E1539.76662
G0 F9000 X137.05 Y102.647
G1 F3000 X137.629 Y103.226 E1539.79386
G1 X136.811 Y104.496 E1539.8441
G1 X135.662 Y104.804 E1539.88367
G0 F9000 X136.811 Y104.496
G1 F3000 X137.386 Y104.342 E1539.90346
G1 X137.919 Y103.515 E1539.93619
G1 X137.629 Y103.226 E1539.94981
G0 F9000 X137.919 Y103.515
G1 F3000 X154.153 Y119.748 E1540.71338
G0 F9000 X154.71 Y119.748
G1 F3000 X157.335 Y109.954 E1541.05063
G1 X160.436 Y109.06 E1541.15797
G1 X160.64 Y109.264 E1541.16756
G0 F9000 X160.519 Y109.453
G1 F3000 X157.214 Y110.405 E1541.28196
G0 F9000 X157.335 Y109.954
G1 F3000 X157.94 Y107.698 E1541.35964
G1 X158.821 Y107.444 E1541.39014
G1 X160.436 Y109.06 E1541.46613
G0 F9000 X160.519 Y109.869
G1 F3000 X157.092 Y110.856 E1541.58474
G0 F9000 X157.94 Y107.698
G1 F3000 X160.64 Y97.621 E1541.93173
G0 F9000 X160.639 Y98.112
G1 F3000 X137.386 Y104.342 E1542.7324
G0 F9000 X134.23 Y111.461
G0 X134 Y111.461
G1 F3000 X160.639 Y104.323 E1543.64967
G0 F9000 X160.41 Y104.323
G0 X160.41 Y100.779
G0 X160.64 Y100.779
G1 F3000 X152.969 Y93.108 E1544.0105
G0 F9000 X152.969 Y93.339
G0 X149.425 Y93.339
G0 X149.425 Y93.108
G1 F3000 X142.287 Y119.749 E1544.92783
G0 F9000 X142.287 Y119.519
G0 X137.182 Y119.519
G0 X137.182 Y119.748
G1 F3000 X134 Y116.566 E1545.0775
G0 F9000 X134.23 Y116.566
G0 X134.23 Y117.673
G0 X134 Y117.673
G1 F3000 X160.639 Y110.535 E1545.99478
G0 F9000 X160.41 Y110.535
G0 X160.41 Y108
G0 X160.52 Y108
G1 F3000 X159.377 Y108 E1546.03279
G0 F9000 X158.821 Y107.444
G1 F3000 X144.484 Y93.108 E1546.70714
G0 F9000 X144.484 Y93.339
G0 X143.214 Y93.339
G0 X143.214 Y93.108
G1 F3000 X136.076 Y119.748 E1547.62444
G0 F9000 X136.076 Y119.219
G1 F2700 E1542.62444
;MESH:Supporto.stl
G0 F9000 X133.744 Y120.005
G0 X132.655 Y120.005
G0 X129.166 Y123.118
G0 X129.166 Y124.207
G0 X115.853 Y150.873
G0 X115.853 Y151.18
;TYPE:WALL-INNER
G1 F2700 E1547.62444
G1 F1500 X128.988 Y151.18 E1548.06131
G1 X128.988 Y124.38 E1548.95269
G1 X102.188 Y124.38 E1549.84406
G1 X102.188 Y151.18 E1550.73543
G1 X115.853 Y151.18 E1551.18993
G0 F9000 X115.861 Y151.58
;TYPE:WALL-OUTER
G1 F1500 X129.388 Y151.58 E1551.63984
G1 X129.388 Y123.98 E1552.55782
G1 X101.788 Y123.98 E1553.4758
G1 X101.788 Y151.58 E1554.39378
G1 X115.861 Y151.58 E1554.86185
G0 F9000 X115.861 Y150.873
G0 X116.769 Y150.873
G0 X116.769 Y151.101
;TYPE:FILL
G1 F3000 X123.908 Y124.459 E1555.77923
G0 F9000 X124.411 Y124.46
G1 F3000 X102.269 Y130.393 E1556.54165
G0 F9000 X102.268 Y130.946
G1 F3000 X105.689 Y134.368 E1556.70259
G1 X103.818 Y136.19 E1556.78945
G1 X102.269 Y136.605 E1556.84279
G1 X102.388 Y136.466
G1 X105.123 Y133.802 E1556.96977
G0 F9000 X104.841 Y133.519
G1 F3000 X102.388 Y135.907 E1557.08364
G0 F9000 X102.268 Y135.672
G1 F3000 X105.273 Y124.459 E1557.46974
G0 F9000 X105.273 Y124.693
G0 X104.268 Y124.693
G0 X104.268 Y124.46
G1 F3000 X128.908 Y149.101 E1558.62876
G0 F9000 X128.907 Y148.102
G1 F3000 X117.719 Y151.1 E1559.014
G0 F9000 X117.719 Y150.873
G0 X113.937 Y150.873
G0 X113.937 Y151.1
G1 F3000 X102.268 Y139.431 E1559.56287
G0 F9000 X102.5 Y139.431
G0 X102.5 Y138.141
G0 X102.389 Y138.141
G1 F3000 X106.529 Y135.463 E1559.72687
G0 F9000 X106.255 Y134.933
G1 F3000 X122.422 Y151.1 E1560.48731
G0 F9000 X122.981 Y151.1
G1 F3000 X128.908 Y128.981 E1561.24895
G0 F9000 X128.908 Y129.467
G1 F3000 X105.4 Y135.766 E1562.05841
G1 X105.271 Y135.801
G1 X102.389 Y137.665 E1562.17257
G0 F9000 X102.5 Y137.665
G0 X103.818 Y136.19
G1 F3000 X104.609 Y135.979 E1562.1998
G1 X105.972 Y134.651 E1562.26309
G1 X105.689 Y134.368 E1562.2764
G0 F9000 X105.972 Y134.651
G1 F3000 X106.255 Y134.933 E1562.28969
G1 X105.4 Y135.766 E1562.32939
G1 X104.609 Y135.979 E1562.35664
G0 F9000 X102.5 Y135.349
G0 X102.388 Y135.349
G1 F3000 X104.558 Y133.236 E1562.45738
G0 F9000 X102.5 Y142.816
G0 X102.268 Y142.816
G1 F3000 X128.908 Y135.678 E1563.37468
G0 F9000 X128.68 Y135.678
G0 X126.723 Y138.433
G1 F3000 X127.707 Y139.415 E1563.42092
G1 X126.921 Y142.422 E1563.52429
G1 X125.587 Y142.78 E1563.57023
G0 F9000 X126.921 Y142.422
G1 F3000 X127.366 Y142.303 E1563.58555
G1 X128.035 Y139.743 E1563.67356
G1 X127.707 Y139.415 E1563.68899
G1 X127.581 Y139.287
G1 X128.788 Y139.743 E1563.7319
G0 F9000 X128.788 Y139.316
G1 F3000 X126.894 Y138.6 E1563.79925
G0 F9000 X128.035 Y139.743
G1 F3000 X128.362 Y140.071 E1563.81465
G1 X127.81 Y142.183 E1563.88726
G1 X127.366 Y142.303 E1563.90255
G0 F9000 X127.81 Y142.183
G1 F3000 X128.907 Y141.89 E1563.94032
G0 F9000 X128.68 Y141.89
G0 X128.68 Y140.615
G0 X128.908 Y140.615
G1 F3000 X128.362 Y140.071 E1563.96595
G0 F9000 X128.68 Y132.13
G0 X128.908 Y132.13
G1 F3000 X121.238 Y124.46 E1564.32673
G0 F9000 X121.238 Y124.693
G0 X117.696 Y124.693
G0 X117.696 Y124.459
G1 F3000 X110.558 Y151.1 E1565.24406
G0 F9000 X110.558 Y150.873
G0 X105.452 Y150.873
G0 X105.452 Y151.1
G1 F3000 X102.268 Y147.916 E1565.39383
G0 F9000 X102.5 Y147.916
G0 X102.5 Y149.028
G0 X102.269 Y149.028
G1 F3000 X125.587 Y142.78 E1566.19675
G1 X126.723 Y138.433 E1566.34618
G1 X112.753 Y124.46 E1567.00336
G0 F9000 X112.753 Y124.693
G0 X111.484 Y124.693
G0 X111.484 Y124.459
G1 F3000 X104.346 Y151.1 E1567.9207
G0 F9000 X104.346 Y150.573
G1 F2700 E1562.9207
;MESH:NONMESH
G0 F300 X104.346 Y150.573 Z2.2
G0 F9000 X102.014 Y124.207
G0 X100.925 Y124.207
G0 X97.075 Y121.431
G0 X97.075 Y120.342
G0 X87.051 Y119.856
G0 X87.051 Y120.164
;TIME_ELAPSED:2130.371049
;LAYER:10
;TYPE:WALL-INNER
;MESH:Supporto.stl(1)
G1 F2700 E1567.9207
G1 F1500 X96.896 Y120.164 E1568.24814
G1 X96.896 Y93.364 E1569.13952
G1 X70.096 Y93.364 E1570.03089
G1 X70.096 Y120.164 E1570.92226
G1 X87.051 Y120.164 E1571.48618
G0 F9000 X87.158 Y120.564
;TYPE:WALL-OUTER
G1 F1500 X97.296 Y120.564 E1571.82338
G1 X97.296 Y92.964 E1572.74136
G1 X69.696 Y92.964 E1573.65934
G1 X69.696 Y120.564 E1574.57732
G1 X87.158 Y120.564 E1575.1581
G0 F9000 X87.158 Y119.856
G0 X86.167 Y119.856
G0 X86.167 Y120.084
;TYPE:FILL
G1 F3000 X96.815 Y117.231 E1575.52475
G0 F9000 X96.816 Y117.883
G1 F3000 X72.377 Y93.444 E1576.67429
G0 F9000 X73.035 Y93.444
G1 F3000 X70.321 Y103.572 E1577.02303
G0 F9000 X70.336 Y103.324
G0 X70.556 Y102.949
G0 X71.128 Y102.517
G0 X71.821 Y102.322
G0 X72.532 Y102.386
G0 X73.176 Y102.707
G0 X73.66 Y103.238
G0 X73.919 Y103.907
G0 X73.919 Y104.625
G0 X73.66 Y105.294
G0 X73.176 Y105.825
G0 X72.532 Y106.146
G0 X71.821 Y106.21
G0 X71.261 Y106.052
G0 X70.667 Y105.741
G0 X70.8 Y105.567
G1 F3000 X70.176 Y105.734 E1577.04451
G0 F9000 X70.409 Y105.734
G0 X70.409 Y108.214
G0 X70.175 Y108.214
G1 F3000 X82.046 Y120.084 E1577.60287
G0 F9000 X82.046 Y119.856
G0 X84.531 Y119.856
G0 X84.531 Y120.084
G1 F3000 X91.67 Y93.444 E1578.52018
G0 F9000 X91.67 Y93.676
G0 X92.86 Y93.676
G0 X92.86 Y93.444
G1 F3000 X70.176 Y99.522 E1579.30127
G0 F9000 X70.176 Y99.729
G1 F3000 X90.531 Y120.084 E1580.2587
G0 F9000 X90.743 Y120.084
G1 F3000 X93.426 Y110.072 E1580.60345
G0 F9000 X93.24 Y110.187
G0 X93.045 Y109.266
G0 X93.176 Y108.561
G0 X93.484 Y108.065
G0 X93.907 Y107.607
G0 X94.039 Y107.783
G1 F3000 X96.816 Y97.42 E1580.96029
G0 F9000 X96.589 Y97.42
G0 X96.589 Y98.596
G0 X96.815 Y98.596
G1 F3000 X73.683 Y104.794 E1581.7568
G0 F9000 X73.887 Y104.874
G0 X70.409 Y111.945
G0 X70.177 Y111.945
G1 F3000 X96.815 Y104.808 E1582.67403
G0 F9000 X96.589 Y104.808
G0 X94.925 Y107.271
G0 X94.906 Y107.489
G1 F3000 X80.862 Y93.444 E1583.33464
G0 F9000 X80.862 Y93.676
G0 X79.246 Y93.676
G0 X79.246 Y93.443
G1 F3000 X72.108 Y120.084 E1584.25198
G0 F9000 X72.108 Y119.856
G0 X73.56 Y119.856
G0 X73.56 Y120.084
G1 F3000 X70.175 Y116.699 E1584.4112
G0 F9000 X70.409 Y116.699
G0 X70.409 Y118.157
G0 X70.177 Y118.157
G1 F3000 X96.816 Y111.019 E1585.32847
G0 F9000 X96.589 Y111.019
G0 X94.821 Y111.21
G0 X94.13 Y111.016
G0 X93.555 Y110.58
G0 X93.176 Y109.97
G0 X93.045 Y109.266
G0 X93.151 Y108.695
G0 X96.589 Y100.913
G0 X96.816 Y100.913
G1 F3000 X89.347 Y93.444 E1585.67979
G0 F9000 X89.347 Y93.676
G0 X85.458 Y93.676
G0 X85.458 Y93.443
G1 F3000 X78.32 Y120.084 E1586.59713
G0 F9000 X78.32 Y119.856
G0 X72.494 Y106.211
G0 X72.472 Y105.952
;TYPE:SKIN
G1 F1500 X71.839 Y106.005 E1586.61826
G1 X71.219 Y105.833 E1586.63966
G1 X70.703 Y105.443 E1586.66117
G1 X70.456 Y105.043 E1586.67681
G1 X70.456 Y103.485 E1586.72862
G1 X70.703 Y103.085 E1586.74426
G1 X71.215 Y102.699 E1586.76559
G1 X71.839 Y102.523 E1586.78715
G1 X72.472 Y102.58 E1586.80829
G1 X73.057 Y102.871 E1586.83002
G1 X73.486 Y103.343 E1586.85124
G1 X73.72 Y103.946 E1586.87275
G1 X73.72 Y104.586 E1586.89404
G1 X73.487 Y105.184 E1586.91538
G1 X73.053 Y105.661 E1586.93683
G1 X72.472 Y105.952 E1586.95844
G0 F9000 X72.493 Y106.211
G0 X71.788 Y106.569
G0 X70.97 Y106.339
G0 X70.394 Y105.911
G0 X70.336 Y105.207
G0 X70.656 Y104.597
G1 F1500 X71.861 Y105.802 E1587.01512
G0 F9000 X72.383 Y105.758
G1 F1500 X70.656 Y104.032 E1587.09633
G0 F9000 X70.685 Y103.495
G1 F1500 X72.769 Y105.579 E1587.19436
G0 F9000 X73.085 Y105.329
G1 F1500 X70.925 Y103.169 E1587.29596
G0 F9000 X71.247 Y102.925
G1 F1500 X73.338 Y105.016 E1587.39431
G0 F9000 X73.496 Y104.609
G1 F1500 X71.667 Y102.78 E1587.48034
G0 F9000 X72.211 Y102.758
G1 F1500 X73.52 Y104.067 E1587.54191
G0 F9000 X73.98 Y104.067
G0 X94.13 Y111.016
G0 X94.69 Y111.174
G0 X95.494 Y111.211
G0 X95.472 Y110.951
G1 F1500 X94.839 Y111.005 E1587.56304
G1 X94.219 Y110.833 E1587.58444
G1 X93.703 Y110.442 E1587.60598
G1 X93.362 Y109.894 E1587.62744
G1 X93.248 Y109.264 E1587.64874
G1 X93.362 Y108.634 E1587.67003
G1 X93.703 Y108.086 E1587.6915
G1 X94.215 Y107.699 E1587.71285
G1 X94.839 Y107.523 E1587.73441
G1 X95.472 Y107.58 E1587.75555
G1 X96.057 Y107.871 E1587.77728
G1 X96.486 Y108.343 E1587.79849
G1 X96.536 Y108.47 E1587.80303
G1 X96.536 Y110.062 E1587.85598
G1 X96.487 Y110.184 E1587.86036
G1 X96.053 Y110.661 E1587.88181
G1 X95.472 Y110.951 E1587.9034
G0 F9000 X95.494 Y111.211
G0 X94.821 Y111.21
G0 X94.199 Y111.035
G0 X93.386 Y110.422
G0 X93.776 Y110.181
G1 F1500 X94.046 Y110.451 E1587.9161
G0 F9000 X94.955 Y110.794
G1 F1500 X93.457 Y109.296 E1587.98656
G0 F9000 X93.534 Y108.807
G1 F1500 X95.46 Y110.734 E1588.07718
G0 F9000 X95.837 Y110.545
G1 F1500 X93.723 Y108.431 E1588.17662
G0 F9000 X93.983 Y108.125
G1 F1500 X96.134 Y110.276 E1588.27779
G0 F9000 X96.336 Y109.913
G1 F1500 X94.305 Y107.882 E1588.37333
G0 F9000 X94.747 Y107.758
G1 F1500 X96.336 Y109.347 E1588.44807
G0 F9000 X96.336 Y108.781
G1 F1500 X95.323 Y107.768 E1588.49572
G0 F9000 X95.391 Y107.011
G1 F2700 E1583.49572
;MESH:TracciaSopra.stl
G0 F9000 X97.075 Y93.19
G0 X98.164 Y93.19
G0 X101.406 Y90.778
G0 X101.406 Y89.689
G0 X115.194 Y89.203
G0 X115.194 Y89.512
;TYPE:WALL-INNER
G1 F2700 E1588.49572
G1 F1500 X128.38 Y89.512 E1588.93428
G1 X128.38 Y62.712 E1589.82566
G1 X101.58 Y62.712 E1590.71703
G1 X101.58 Y89.512 E1591.6084
G1 X115.194 Y89.512 E1592.0612
G0 F9000 X115.201 Y89.912
;TYPE:WALL-OUTER
G1 F1500 X128.78 Y89.912 E1592.51284
G1 X128.78 Y62.312 E1593.43082
G1 X101.18 Y62.312 E1594.3488
G1 X101.18 Y89.912 E1595.26678
G1 X115.201 Y89.912 E1595.73312
G0 F9000 X116.014 Y89.432
;TYPE:FILL
G1 F3000 X123.153 Y62.792 E1596.65043
G0 F9000 X123.153 Y63.023
G0 X124.341 Y63.023
G0 X124.341 Y62.792
G1 F3000 X101.661 Y68.869 E1597.43138
G0 F9000 X101.66 Y69.078
G1 F3000 X122.013 Y89.431 E1598.38873
G0 F9000 X122.226 Y89.433
G1 F3000 X124.909 Y79.419 E1598.73354
G0 F9000 X124.723 Y79.534
G0 X124.528 Y78.613
G0 X124.659 Y77.909
G0 X124.967 Y77.413
G0 X125.39 Y76.955
G0 X125.522 Y77.131
G1 F3000 X128.3 Y66.765 E1599.09048
G0 F9000 X128.072 Y66.765
G0 X128.072 Y67.943
G0 X128.3 Y67.943
G1 F3000 X105.167 Y74.141 E1599.88703
G0 F9000 X105.371 Y74.221
G0 X105.143 Y74.641
G0 X104.659 Y75.172
G0 X104.014 Y75.493
G0 X103.305 Y75.557
G0 X102.743 Y75.399
G0 X102.149 Y75.088
G0 X102.282 Y74.914
G1 F3000 X101.66 Y75.081 E1599.90845
G0 F9000 X101.892 Y75.081
G0 X103.305 Y75.557
G0 X104.014 Y75.493
G0 X104.659 Y75.172
G0 X105.143 Y74.641
G0 X105.402 Y73.972
G0 X105.402 Y73.254
G0 X105.143 Y72.585
G0 X104.659 Y72.054
G0 X104.014 Y71.733
G0 X103.305 Y71.669
G0 X102.612 Y71.864
G0 X102.096 Y72.254
G0 X101.819 Y72.673
G0 X101.804 Y72.919
G1 F3000 X104.518 Y62.792 E1600.25716
G0 F9000 X103.859 Y62.792
G1 F3000 X128.3 Y87.233 E1601.40679
G0 F9000 X128.3 Y86.578
G1 F3000 X117.647 Y89.432 E1601.7736
G0 F9000 X117.647 Y89.203
G0 X113.528 Y89.203
G0 X113.528 Y89.431
G1 F3000 X101.66 Y77.563 E1602.33184
G0 F9000 X101.892 Y77.563
G0 X101.892 Y81.292
G0 X101.661 Y81.292
G1 F3000 X128.299 Y74.154 E1603.24908
G0 F9000 X128.072 Y74.154
G0 X126.408 Y76.618
G0 X126.388 Y76.836
G1 F3000 X112.344 Y62.792 E1603.90966
G0 F9000 X112.344 Y63.023
G0 X110.729 Y63.023
G0 X110.729 Y62.791
G1 F3000 X103.591 Y89.433 E1604.82703
G0 F9000 X103.591 Y89.203
G0 X105.043 Y89.203
G0 X105.043 Y89.431
G1 F3000 X101.66 Y86.049 E1604.98614
G0 F9000 X101.892 Y86.049
G0 X101.892 Y87.504
G0 X101.661 Y87.504
G1 F3000 X128.299 Y80.366 E1605.90338
G0 F9000 X128.072 Y80.366
G0 X126.305 Y80.557
G0 X125.612 Y80.362
G0 X125.039 Y79.929
G0 X124.659 Y79.317
G0 X124.528 Y78.613
G0 X124.634 Y78.042
G0 X128.072 Y70.262
G0 X128.3 Y70.262
G1 F3000 X120.83 Y62.792 E1606.25474
G0 F9000 X120.83 Y63.023
G0 X116.941 Y63.023
G0 X116.941 Y62.791
G1 F3000 X109.803 Y89.432 E1607.17208
G0 F9000 X109.803 Y89.203
G0 X103.251 Y75.605
G0 X103.323 Y75.353
;TYPE:SKIN
G1 F1500 X102.699 Y75.177 E1607.19364
G1 X102.187 Y74.791 E1607.21497
G1 X101.94 Y74.391 E1607.23061
G1 X101.94 Y72.833 E1607.28243
G1 X102.187 Y72.433 E1607.29806
G1 X102.699 Y72.046 E1607.31941
G1 X103.324 Y71.867 E1607.34103
G1 X103.952 Y71.924 E1607.36201
G1 X104.537 Y72.215 E1607.38374
G1 X104.97 Y72.691 E1607.40514
G1 X105.2 Y73.29 E1607.42648
G1 X105.2 Y73.931 E1607.4478
G1 X104.97 Y74.533 E1607.46923
G1 X104.537 Y75.005 E1607.49054
G1 X103.952 Y75.296 E1607.51227
G1 X103.323 Y75.353 E1607.53328
G0 F9000 X103.251 Y75.605
G0 X102.733 Y75.408
G0 X101.89 Y74.805
G0 X102.282 Y74.564
G1 F1500 X102.478 Y74.76 E1607.5425
G0 F9000 X102.14 Y73.856
G1 F1500 X103.427 Y75.143 E1607.60303
G0 F9000 X103.932 Y75.082
G1 F1500 X102.14 Y73.29 E1607.68732
G0 F9000 X102.203 Y72.787
G1 F1500 X104.31 Y74.894 E1607.78643
G0 F9000 X104.611 Y74.629
G1 F1500 X102.46 Y72.478 E1607.88761
G0 F9000 X102.782 Y72.234
G1 F1500 X104.844 Y74.297 E1607.98462
G0 F9000 X105 Y73.888
G1 F1500 X103.218 Y72.106 E1608.06844
G0 F9000 X103.788 Y72.11
G1 F1500 X104.998 Y73.32 E1608.12535
G0 F9000 X105.429 Y73.154
G0 X126.251 Y80.605
G0 X126.323 Y80.353
G1 F1500 X125.699 Y80.177 E1608.14692
G1 X125.187 Y79.79 E1608.16826
G1 X124.846 Y79.242 E1608.18973
G1 X124.728 Y78.612 E1608.21105
G1 X124.846 Y77.982 E1608.23237
G1 X125.187 Y77.434 E1608.25383
G1 X125.699 Y77.046 E1608.2752
G1 X126.324 Y76.867 E1608.29682
G1 X126.952 Y76.924 E1608.3178
G1 X127.536 Y77.215 E1608.3395
G1 X127.968 Y77.693 E1608.36093
G1 X128.02 Y77.82 E1608.36549
G1 X128.02 Y79.404 E1608.41818
G1 X127.968 Y79.531 E1608.42274
G1 X127.537 Y80.005 E1608.44405
G1 X126.952 Y80.296 E1608.46578
G1 X126.323 Y80.353 E1608.48679
G0 F9000 X126.251 Y80.605
G0 X125.612 Y80.362
G0 X125.148 Y80.011
G0 X124.724 Y79.535
G0 X125.114 Y79.294
G1 F1500 X125.825 Y80.005 E1608.52023
G0 F9000 X126.52 Y80.134
G1 F1500 X124.942 Y78.555 E1608.59448
G0 F9000 X125.031 Y78.079
G1 F1500 X127 Y80.048 E1608.68709
G0 F9000 X127.378 Y79.861
G1 F1500 X125.242 Y77.724 E1608.78759
G0 F9000 X125.518 Y77.435
G1 F1500 X127.659 Y79.576 E1608.8883
G0 F9000 X127.82 Y79.171
G1 F1500 X125.858 Y77.209 E1608.98058
G0 F9000 X126.298 Y77.084
G1 F1500 X127.82 Y78.606 E1609.05217
G0 F9000 X127.82 Y78.04
G1 F1500 X126.903 Y77.123 E1609.0953
G0 F9000 X126.972 Y76.367
G1 F2700 E1604.0953
;MESH:TracciaSotto.stl
G0 F9000 X128.143 Y77.585
G0 X128.558 Y89.689
G0 X129.647 Y89.689
G0 X132.655 Y92.853
G0 X133.744 Y92.853
G0 X144.212 Y119.519
G0 X144.212 Y119.828
;TYPE:WALL-INNER
G1 F2700 E1609.0953
G1 F1500 X160.72 Y119.828 E1609.64436
G1 X160.72 Y93.028 E1610.53573
G1 X133.92 Y93.028 E1611.42711
G1 X133.92 Y119.828 E1612.31848
G1 X144.212 Y119.828 E1612.66079
G0 F9000 X144.12 Y120.228
;TYPE:WALL-OUTER
G1 F1500 X161.12 Y120.228 E1613.22621
G1 X161.12 Y92.628 E1614.14419
G1 X133.52 Y92.628 E1615.06217
G1 X133.52 Y120.228 E1615.98015
G1 X144.12 Y120.228 E1616.33271
G0 F9000 X144.12 Y119.519
G0 X145.867 Y119.519
G0 X145.867 Y119.748
;TYPE:FILL
G1 F3000 X134 Y107.881 E1616.8909
G0 F9000 X134.23 Y107.881
G0 X134.23 Y105.395
G0 X134 Y105.395
G1 F3000 X134.621 Y105.229 E1616.91228
G0 F9000 X134.487 Y105.404
G0 X134.951 Y105.679
G0 X135.643 Y105.873
G0 X136.353 Y105.809
G0 X136.997 Y105.488
G0 X137.482 Y104.958
G0 X137.741 Y104.288
G0 X137.741 Y103.57
G0 X137.482 Y102.9
G0 X136.997 Y102.37
G0 X136.353 Y102.049
G0 X135.643 Y101.985
G0 X134.951 Y102.179
G0 X134.433 Y102.571
G0 X134.157 Y102.99
G0 X134.143 Y103.232
G1 F3000 X136.856 Y93.108 E1617.26088
G0 F9000 X136.198 Y93.108
G1 F3000 X160.641 Y117.551 E1618.41061
G0 F9000 X160.64 Y116.892
G1 F3000 X149.984 Y119.748 E1618.77754
G0 F9000 X149.984 Y119.519
G0 X148.353 Y119.519
G0 X148.353 Y119.749
G1 F3000 X155.491 Y93.108 E1619.69487
G0 F9000 X155.491 Y93.339
G0 X156.676 Y93.339
G0 X156.676 Y93.108
G1 F3000 X134.001 Y99.184 E1620.47565
G0 F9000 X134 Y99.396
G1 F3000 X154.352 Y119.748 E1621.43295
G0 F9000 X154.564 Y119.749
G1 F3000 X157.247 Y109.736 E1621.77773
G0 F9000 X157.061 Y109.85
G0 X156.866 Y108.929
G0 X157 Y108.222
G0 X157.304 Y107.731
G0 X157.728 Y107.271
G0 X157.861 Y107.447
G1 F3000 X160.639 Y97.076 E1622.13483
G0 F9000 X160.41 Y97.076
G0 X160.41 Y98.257
G0 X160.64 Y98.257
G1 F3000 X137.507 Y104.456 E1622.93139
G0 F9000 X137.71 Y104.535
G0 X134.23 Y111.607
G0 X134.001 Y111.607
G1 F3000 X160.639 Y104.469 E1623.84863
G0 F9000 X160.41 Y104.469
G0 X158.746 Y106.934
G0 X158.726 Y107.151
G1 F3000 X144.683 Y93.108 E1624.50917
G0 F9000 X144.683 Y93.339
G0 X143.068 Y93.339
G0 X143.068 Y93.107
G1 F3000 X135.929 Y119.748 E1625.42651
G0 F9000 X135.929 Y119.519
G0 X137.382 Y119.519
G0 X137.382 Y119.748
G1 F3000 X134 Y116.366 E1625.58559
G0 F9000 X134.23 Y116.366
G0 X134.23 Y117.819
G0 X134.001 Y117.819
G1 F3000 X160.64 Y110.681 E1626.50286
G0 F9000 X160.41 Y110.681
G0 X158.643 Y110.873
G0 X157.951 Y110.679
G0 X157.376 Y110.243
G0 X157 Y109.636
G0 X156.866 Y108.929
G0 X156.975 Y108.357
G0 X160.41 Y100.58
G0 X160.641 Y100.58
G1 F3000 X153.169 Y93.108 E1626.85432
G0 F9000 X153.169 Y93.339
G0 X149.279 Y93.339
G0 X149.279 Y93.108
G1 F3000 X142.141 Y119.748 E1627.77163
G0 F9000 X142.141 Y119.519
G0 X135.592 Y105.922
G0 X135.663 Y105.669
;TYPE:SKIN
G1 F1500 X135.039 Y105.493 E1627.79319
G1 X134.523 Y105.107 E1627.81463
G1 X134.28 Y104.707 E1627.83019
G1 X134.28 Y103.145 E1627.88214
G1 X134.523 Y102.749 E1627.8976
G1 X135.039 Y102.359 E1627.91911
G1 X135.663 Y102.187 E1627.94064
G1 X136.293 Y102.241 E1627.96167
G1 X136.877 Y102.531 E1627.98336
G1 X137.306 Y103.003 E1628.00457
G1 X137.54 Y103.606 E1628.02608
G1 X137.54 Y104.246 E1628.04737
G1 X137.306 Y104.848 E1628.06885
G1 X136.877 Y105.321 E1628.09009
G1 X136.292 Y105.612 E1628.11182
G1 X135.663 Y105.669 E1628.13283
G0 F9000 X135.592 Y105.922
G0 X134.951 Y105.679
G0 X134.433 Y105.287
G0 X134.157 Y104.868
G0 X134.48 Y104.498
G1 F1500 X135.356 Y105.374 E1628.17403
G0 F9000 X135.986 Y105.439
G1 F1500 X134.48 Y103.933 E1628.24487
G0 F9000 X134.48 Y103.367
G1 F1500 X136.431 Y105.319 E1628.33666
G0 F9000 X136.794 Y105.116
G1 F1500 X134.632 Y102.953 E1628.43838
G0 F9000 X134.934 Y102.69
G1 F1500 X137.063 Y104.819 E1628.53852
G0 F9000 X137.251 Y104.441
G1 F1500 X135.304 Y102.494 E1628.6301
G0 F9000 X135.772 Y102.397
G1 F1500 X137.34 Y103.964 E1628.70383
G0 F9000 X137.185 Y103.244
G1 F1500 X136.516 Y102.575 E1628.7353
G0 F9000 X136.721 Y102.165
G0 X158.592 Y110.922
G0 X158.663 Y110.669
G1 F1500 X158.039 Y110.493 E1628.75687
G1 X157.523 Y110.106 E1628.77832
G1 X157.186 Y109.562 E1628.7996
G1 X157.068 Y108.928 E1628.82105
G1 X157.186 Y108.294 E1628.8425
G1 X157.523 Y107.749 E1628.86381
G1 X158.039 Y107.359 E1628.88533
G1 X158.663 Y107.187 E1628.90685
G1 X159.293 Y107.241 E1628.92788
G1 X159.877 Y107.531 E1628.94957
G1 X160.307 Y108.004 E1628.97083
G1 X160.36 Y108.138 E1628.97563
G1 X160.36 Y109.717 E1629.02814
G1 X160.307 Y109.848 E1629.03284
G1 X159.877 Y110.321 E1629.0541
G1 X159.292 Y110.612 E1629.07584
G1 X158.663 Y110.669 E1629.09684
G0 F9000 X158.592 Y110.922
G0 X157.951 Y110.679
G0 X157.376 Y110.243
G0 X156.88 Y109.331
G0 X157.331 Y109.247
G1 F1500 X158.497 Y110.414 E1629.15171
G0 F9000 X159.079 Y110.43
G1 F1500 X157.319 Y108.67 E1629.2345
G0 F9000 X157.454 Y108.24
G1 F1500 X159.499 Y110.285 E1629.33069
G0 F9000 X159.842 Y110.062
G1 F1500 X157.671 Y107.89 E1629.43283
G0 F9000 X157.992 Y107.646
G1 F1500 X160.112 Y109.766 E1629.53255
G0 F9000 X160.16 Y109.249
G1 F1500 X158.384 Y107.472 E1629.61611
G0 F9000 X158.884 Y107.407
G1 F1500 X160.16 Y108.683 E1629.67613
G0 F9000 X159.937 Y107.894
G1 F1500 X159.718 Y107.675 E1629.68643
G0 F9000 X160.057 Y106.998
G1 F2700 E1624.68643
;MESH:Supporto.stl
G0 F9000 X158.643 Y106.985
G0 X158.082 Y107.143
G0 X133.744 Y120.005
G0 X132.655 Y120.005
G0 X129.166 Y123.118
G0 X129.166 Y124.207
G0 X115.853 Y150.873
G0 X115.853 Y151.18
;TYPE:WALL-INNER
G1 F2700 E1629.68643
G1 F1500 X128.988 Y151.18 E1630.1233
G1 X128.988 Y124.38 E1631.01467
G1 X102.188 Y124.38 E1631.90604
G1 X102.188 Y151.18 E1632.79741
G1 X115.853 Y151.18 E1633.25191
G0 F9000 X115.861 Y151.58
;TYPE:WALL-OUTER
G1 F1500 X129.388 Y151.58 E1633.70182
G1 X129.388 Y123.98 E1634.6198
G1 X101.788 Y123.98 E1635.53778
G1 X101.788 Y151.58 E1636.45576
G1 X115.861 Y151.58 E1636.92383
G0 F9000 X116.623 Y151.101
;TYPE:FILL
G1 F3000 X123.762 Y124.46 E1637.84118
G0 F9000 X123.762 Y124.693
G0 X124.956 Y124.693
G0 X124.956 Y124.46
G1 F3000 X102.269 Y130.539 E1638.62237
G0 F9000 X102.268 Y130.746
G1 F3000 X122.622 Y151.1 E1639.57976
G0 F9000 X122.835 Y151.101
G1 F3000 X125.517 Y141.09 E1639.92447
G0 F9000 X125.331 Y141.204
G0 X125.136 Y140.283
G0 X125.27 Y139.576
G0 X125.574 Y139.085
G0 X125.998 Y138.626
G0 X126.13 Y138.801
G1 F3000 X128.908 Y128.435 E1640.28141
G0 F9000 X128.68 Y128.435
G0 X128.68 Y129.613
G0 X128.908 Y129.613
G1 F3000 X105.776 Y135.811 E1641.07792
G0 F9000 X105.98 Y135.891
G0 X105.752 Y136.311
G0 X105.268 Y136.841
G0 X104.623 Y137.163
G0 X103.913 Y137.227
G0 X103.352 Y137.069
G0 X102.758 Y136.758
G0 X102.891 Y136.584
G1 F3000 X102.268 Y136.751 E1641.09937
G0 F9000 X102.5 Y136.751
G0 X103.913 Y137.227
G0 X104.623 Y137.163
G0 X105.268 Y136.841
G0 X105.752 Y136.311
G0 X106.011 Y135.642
G0 X106.011 Y134.924
G0 X105.752 Y134.255
G0 X105.268 Y133.725
G0 X104.623 Y133.403
G0 X103.913 Y133.339
G0 X103.221 Y133.533
G0 X102.703 Y133.925
G0 X102.427 Y134.344
G0 X102.412 Y134.59
G1 F3000 X105.127 Y124.46 E1641.44819
G0 F9000 X104.467 Y124.46
G1 F3000 X128.908 Y148.901 E1642.59782
G0 F9000 X128.908 Y148.248
G1 F3000 X118.263 Y151.1 E1642.96436
G0 F9000 X118.263 Y150.873
G0 X114.136 Y150.873
G0 X114.136 Y151.1
G1 F3000 X102.268 Y139.231 E1643.52262
G0 F9000 X102.5 Y139.231
G0 X102.5 Y142.962
G0 X102.269 Y142.962
G1 F3000 X128.908 Y135.824 E1644.43989
G0 F9000 X128.68 Y135.824
G0 X127.018 Y138.288
G0 X126.998 Y138.506
G1 F3000 X112.953 Y124.46 E1645.10055
G0 F9000 X112.953 Y124.693
G0 X111.338 Y124.693
G0 X111.338 Y124.459
G1 F3000 X104.2 Y151.101 E1646.01792
G0 F9000 X104.2 Y150.873
G0 X105.651 Y150.873
G0 X105.651 Y151.1
G1 F3000 X102.268 Y147.717 E1646.17704
G0 F9000 X102.5 Y147.717
G0 X102.5 Y149.174
G0 X102.269 Y149.174
G1 F3000 X128.908 Y142.036 E1647.09432
G0 F9000 X128.68 Y142.036
G0 X126.913 Y142.227
G0 X126.221 Y142.033
G0 X125.646 Y141.597
G0 X125.27 Y140.99
G0 X125.136 Y140.283
G0 X125.245 Y139.711
G0 X128.68 Y131.93
G0 X128.908 Y131.93
G1 F3000 X121.438 Y124.46 E1647.44568
G0 F9000 X121.438 Y124.693
G0 X117.55 Y124.693
G0 X117.55 Y124.459
G1 F3000 X110.412 Y151.1 E1648.36302
G0 F9000 X110.412 Y150.873
G0 X103.861 Y137.276
G0 X103.931 Y137.025
;TYPE:SKIN
G1 F1500 X103.307 Y136.849 E1648.38458
G1 X102.795 Y136.459 E1648.40599
G1 X102.548 Y136.059 E1648.42163
G1 X102.548 Y134.505 E1648.47331
G1 X102.795 Y134.105 E1648.48895
G1 X103.307 Y133.715 E1648.51036
G1 X103.931 Y133.539 E1648.53192
G1 X104.564 Y133.596 E1648.55306
G1 X105.145 Y133.887 E1648.57467
G1 X105.579 Y134.36 E1648.59602
G1 X105.812 Y134.962 E1648.61749
G1 X105.812 Y135.602 E1648.63878
G1 X105.579 Y136.204 E1648.66025
G1 X105.145 Y136.677 E1648.6816
G1 X104.564 Y136.968 E1648.70321
G1 X103.931 Y137.025 E1648.72435
G0 F9000 X103.861 Y137.276
G0 X103.061 Y137.356
G0 X102.485 Y136.928
G0 X102.427 Y136.222
G0 X102.748 Y135.558
G1 F1500 X104.008 Y136.817 E1648.78359
G0 F9000 X104.521 Y136.765
G1 F1500 X102.748 Y134.992 E1648.86699
G0 F9000 X102.8 Y134.478
G1 F1500 X104.898 Y136.576 E1648.96567
G0 F9000 X105.204 Y136.317
G1 F1500 X103.05 Y134.163 E1649.06699
G0 F9000 X103.371 Y133.918
G1 F1500 X105.447 Y135.994 E1649.16464
G0 F9000 X105.605 Y135.586
G1 F1500 X103.803 Y133.784 E1649.2494
G0 F9000 X104.364 Y133.78
G1 F1500 X105.612 Y135.028 E1649.3081
G0 F9000 X106.072 Y135.028
G0 X126.861 Y142.276
G0 X126.931 Y142.025
G1 F1500 X126.307 Y141.849 E1649.32967
G1 X125.795 Y141.459 E1649.35107
G1 X125.458 Y140.917 E1649.3723
G1 X125.336 Y140.281 E1649.39384
G1 X125.458 Y139.647 E1649.41531
G1 X125.795 Y139.105 E1649.43654
G1 X126.307 Y138.715 E1649.45795
G1 X126.931 Y138.539 E1649.47951
G1 X127.564 Y138.596 E1649.50065
G1 X128.145 Y138.887 E1649.52226
G1 X128.579 Y139.36 E1649.54362
G1 X128.628 Y139.486 E1649.54811
G1 X128.628 Y141.078 E1649.60106
G1 X128.579 Y141.204 E1649.60556
G1 X128.145 Y141.677 E1649.62691
G1 X127.564 Y141.968 E1649.64852
G1 X126.931 Y142.025 E1649.66966
G0 F9000 X126.861 Y142.276
G0 X126.221 Y142.033
G0 X125.895 Y141.786
G0 X125.384 Y141.29
G0 X125.775 Y141.049
G1 F1500 X126.38 Y141.653 E1649.69809
G0 F9000 X127.1 Y141.808
G1 F1500 X125.545 Y140.253 E1649.77124
G0 F9000 X125.636 Y139.778
G1 F1500 X127.589 Y141.731 E1649.8631
G0 F9000 X127.967 Y141.543
G1 F1500 X125.838 Y139.415 E1649.96322
G0 F9000 X126.108 Y139.119
G1 F1500 X128.254 Y141.264 E1650.06414
G0 F9000 X128.428 Y140.873
G1 F1500 X126.441 Y138.886 E1650.1576
G0 F9000 X126.883 Y138.762
G1 F1500 X128.428 Y140.308 E1650.23029
G0 F9000 X128.428 Y139.742
G1 F1500 X127.476 Y138.79 E1650.27507
G0 F9000 X127.546 Y138.034
G1 F2700 E1645.27507
;MESH:NONMESH
G0 F300 X127.546 Y138.034 Z2.4
G0 F9000 X102.014 Y124.207
G0 X100.925 Y124.207
G0 X97.075 Y121.431
G0 X97.075 Y120.342
G0 X87.051 Y119.856
G0 X87.051 Y120.164
;TIME_ELAPSED:2235.232268
;LAYER:11
;TYPE:WALL-INNER
;MESH:Supporto.stl(1)
G1 F2700 E1650.27507
G1 F1500 X96.896 Y120.164 E1650.60252
G1 X96.896 Y93.364 E1651.49389
G1 X70.096 Y93.364 E1652.38526
G1 X70.096 Y120.164 E1653.27663
G1 X87.051 Y120.164 E1653.84056
G0 F9000 X87.158 Y120.564
;TYPE:WALL-OUTER
G1 F1500 X97.296 Y120.564 E1654.17775
G1 X97.296 Y92.964 E1655.09573
G1 X69.696 Y92.964 E1656.01371
G1 X69.696 Y120.564 E1656.93169
G1 X87.158 Y120.564 E1657.51248
G0 F9000 X86.716 Y120.084
;TYPE:FILL
G1 F3000 X96.816 Y117.378 E1657.86025
G0 F9000 X96.816 Y117.682
G1 F3000 X72.577 Y93.444 E1659.00036
G0 F9000 X72.888 Y93.444
G1 F3000 X70.184 Y103.534 E1659.3478
G0 F9000 X70.336 Y103.324
G0 X70.556 Y102.949
G0 X71.128 Y102.517
G0 X71.821 Y102.322
G0 X72.532 Y102.386
G0 X73.176 Y102.707
G0 X73.66 Y103.238
G0 X73.919 Y103.907
G0 X73.919 Y104.625
G0 X73.66 Y105.294
G0 X73.176 Y105.825
G0 X72.532 Y106.146
G0 X71.821 Y106.21
G0 X71.429 Y106.099
G0 X70.81 Y105.85
G0 X70.943 Y105.675
G1 F3000 X70.176 Y105.881 E1659.37421
G0 F9000 X70.409 Y105.881
G0 X70.409 Y108.013
G0 X70.175 Y108.013
G1 F3000 X82.246 Y120.084 E1659.94199
G0 F9000 X82.246 Y119.856
G0 X84.384 Y119.856
G0 X84.384 Y120.084
G1 F3000 X91.523 Y93.444 E1660.85931
G0 F9000 X91.523 Y93.676
G0 X93.409 Y93.676
G0 X93.409 Y93.444
G1 F3000 X70.176 Y99.669 E1661.6593
G1 X70.176 Y99.528
G1 X90.732 Y120.084 E1662.62619
G1 X90.596 Y120.084
G1 X93.324 Y109.901 E1662.97682
G0 F9000 X93.108 Y109.94
G0 X93.045 Y109.266
G0 X93.163 Y108.632
G0 X93.723 Y107.746
G0 X93.855 Y107.922
G1 F3000 X96.816 Y96.872 E1663.35731
G0 F9000 X96.589 Y96.872
G0 X96.589 Y98.743
G0 X96.815 Y98.743
G1 F3000 X73.62 Y104.958 E1664.15599
G0 F9000 X73.824 Y105.038
G0 X70.409 Y112.092
G0 X70.177 Y112.092
G1 F3000 X96.815 Y104.955 E1665.07322
G0 F9000 X96.589 Y104.955
G0 X95.146 Y107.291
G0 X95.127 Y107.509
G1 F3000 X81.063 Y93.444 E1665.73477
G0 F9000 X81.063 Y93.676
G0 X79.099 Y93.676
G0 X79.099 Y93.443
G1 F3000 X71.961 Y120.085 E1666.65214
G0 F9000 X71.961 Y119.856
G0 X73.761 Y119.856
G0 X73.761 Y120.084
G1 F3000 X70.175 Y116.498 E1666.82082
G0 F9000 X70.409 Y116.498
G0 X70.409 Y118.304
G0 X70.177 Y118.304
G1 F3000 X96.816 Y111.166 E1667.73809
G0 F9000 X96.589 Y111.166
G0 X94.821 Y111.21
G0 X94.13 Y111.016
G0 X93.555 Y110.58
G0 X93.176 Y109.97
G0 X93.045 Y109.266
G0 X93.151 Y108.695
G0 X96.589 Y100.713
G0 X96.816 Y100.713
G1 F3000 X89.548 Y93.444 E1668.07998
G0 F9000 X89.548 Y93.676
G0 X85.311 Y93.676
G0 X85.311 Y93.443
G1 F3000 X78.173 Y120.084 E1668.99732
G0 F9000 X78.173 Y119.856
G0 X72.494 Y106.211
G0 X72.472 Y105.952
;TYPE:SKIN
G1 F1500 X71.839 Y106.005 E1669.01844
G1 X71.219 Y105.833 E1669.03984
G1 X70.703 Y105.443 E1669.06136
G1 X70.456 Y105.043 E1669.07699
G1 X70.456 Y103.485 E1669.12881
G1 X70.703 Y103.085 E1669.14445
G1 X71.215 Y102.699 E1669.16577
G1 X71.839 Y102.523 E1669.18734
G1 X72.472 Y102.58 E1669.20848
G1 X73.057 Y102.871 E1669.23021
G1 X73.486 Y103.343 E1669.25142
G1 X73.72 Y103.946 E1669.27294
G1 X73.72 Y104.586 E1669.29422
G1 X73.487 Y105.184 E1669.31557
G1 X73.053 Y105.661 E1669.33702
G1 X72.472 Y105.952 E1669.35863
G0 F9000 X72.454 Y105.737
G1 F1500 X73.44 Y104.751 E1669.40501
G0 F9000 X73.52 Y104.105
G1 F1500 X71.829 Y105.796 E1669.48455
G0 F9000 X71.387 Y105.672
G1 F1500 X73.396 Y103.664 E1669.57902
G0 F9000 X73.185 Y103.309
G1 F1500 X71.044 Y105.45 E1669.67973
G0 F9000 X70.766 Y105.162
G1 F1500 X72.908 Y103.02 E1669.78048
G0 F9000 X72.531 Y102.832
G1 F1500 X70.656 Y104.706 E1669.86865
G0 F9000 X70.656 Y104.141
G1 F1500 X72.053 Y102.743 E1669.93439
G0 F9000 X71.368 Y102.864
G1 F1500 X70.656 Y103.575 E1669.96785
G0 F9000 X70.359 Y103.324
G0 X70.556 Y102.949
G0 X71.128 Y102.517
G0 X71.821 Y102.322
G0 X72.532 Y102.386
G0 X94.13 Y111.016
G0 X94.69 Y111.174
G0 X95.494 Y111.211
G0 X95.472 Y110.951
G1 F1500 X94.839 Y111.005 E1669.98898
G1 X94.219 Y110.833 E1670.01038
G1 X93.703 Y110.442 E1670.03192
G1 X93.362 Y109.894 E1670.05338
G1 X93.248 Y109.264 E1670.07468
G1 X93.362 Y108.634 E1670.09597
G1 X93.703 Y108.086 E1670.11744
G1 X94.215 Y107.699 E1670.13879
G1 X94.839 Y107.523 E1670.16035
G1 X95.472 Y107.58 E1670.18149
G1 X96.057 Y107.871 E1670.20322
G1 X96.486 Y108.343 E1670.22443
G1 X96.536 Y108.47 E1670.22897
G1 X96.536 Y110.062 E1670.28192
G1 X96.487 Y110.184 E1670.2863
G1 X96.053 Y110.661 E1670.30775
G1 X95.472 Y110.951 E1670.32934
G0 F9000 X95.129 Y110.78
G1 F1500 X96.336 Y109.574 E1670.38609
G0 F9000 X96.336 Y109.008
G1 F1500 X94.609 Y110.734 E1670.4673
G0 F9000 X94.206 Y110.572
G1 F1500 X96.32 Y108.458 E1670.56674
G0 F9000 X96.051 Y108.162
G1 F1500 X93.884 Y110.328 E1670.66864
G0 F9000 X93.657 Y109.99
G1 F1500 X95.72 Y107.926 E1670.7657
G0 F9000 X95.314 Y107.767
G1 F1500 X93.508 Y109.573 E1670.85065
G0 F9000 X93.496 Y109.02
G1 F1500 X94.762 Y107.753 E1670.91023
G0 F9000 X94.557 Y107.02
G1 F2700 E1665.91023
;MESH:TracciaSopra.stl
G0 F9000 X97.075 Y93.19
G0 X98.164 Y93.19
G0 X101.406 Y90.778
G0 X101.406 Y89.689
G0 X115.194 Y89.203
G0 X115.194 Y89.512
;TYPE:WALL-INNER
G1 F2700 E1670.91023
G1 F1500 X128.38 Y89.512 E1671.34879
G1 X128.38 Y62.712 E1672.24017
G1 X101.58 Y62.712 E1673.13154
G1 X101.58 Y89.512 E1674.02291
G1 X115.194 Y89.512 E1674.47571
G0 F9000 X115.201 Y89.912
;TYPE:WALL-OUTER
G1 F1500 X128.78 Y89.912 E1674.92735
G1 X128.78 Y62.312 E1675.84533
G1 X101.18 Y62.312 E1676.76331
G1 X101.18 Y89.912 E1677.68129
G1 X115.201 Y89.912 E1678.14763
G0 F9000 X115.867 Y89.432
;TYPE:FILL
G1 F3000 X123.006 Y62.792 E1679.06494
G0 F9000 X123.006 Y63.023
G0 X124.889 Y63.023
G0 X124.889 Y62.792
G1 F3000 X101.661 Y69.016 E1679.86477
G1 X101.66 Y68.877
G1 X122.214 Y89.431 E1680.83156
G1 X122.079 Y89.433
G1 X124.808 Y79.248 E1681.18227
G0 F9000 X124.591 Y79.287
G0 X124.528 Y78.613
G0 X124.646 Y77.979
G0 X125.206 Y77.094
G0 X125.338 Y77.27
G1 F3000 X128.3 Y66.217 E1681.56286
G0 F9000 X128.072 Y66.217
G0 X128.072 Y68.09
G0 X128.3 Y68.09
G1 F3000 X105.103 Y74.305 E1682.36161
G0 F9000 X105.307 Y74.385
G0 X104.659 Y75.172
G0 X104.014 Y75.493
G0 X103.305 Y75.557
G0 X102.912 Y75.446
G0 X102.293 Y75.197
G0 X102.426 Y75.022
G1 F3000 X101.66 Y75.228 E1682.38799
G0 F9000 X101.892 Y75.228
G0 X101.892 Y77.362
G0 X101.66 Y77.362
G1 F3000 X113.729 Y89.431 E1682.95568
G0 F9000 X113.729 Y89.203
G0 X109.656 Y89.203
G0 X109.656 Y89.432
G1 F3000 X116.794 Y62.792 E1683.87299
G0 F9000 X116.794 Y63.023
G0 X121.031 Y63.023
G0 X121.031 Y62.792
G1 F3000 X128.3 Y70.062 E1684.21492
G0 F9000 X128.072 Y70.062
G0 X128.072 Y74.301
G0 X128.299 Y74.301
G1 F3000 X101.66 Y81.439 E1685.13219
G0 F9000 X101.892 Y81.439
G0 X101.892 Y85.848
G0 X101.66 Y85.848
G1 F3000 X105.244 Y89.431 E1685.30075
G0 F9000 X105.244 Y89.203
G0 X103.444 Y89.203
G0 X103.444 Y89.433
G1 F3000 X110.582 Y62.791 E1686.21812
G0 F9000 X110.582 Y63.023
G0 X112.545 Y63.023
G0 X112.545 Y62.792
G1 F3000 X126.61 Y76.856 E1686.87967
G0 F9000 X126.63 Y76.638
G0 X126.305 Y76.669
G0 X125.612 Y76.864
G0 X125.039 Y77.297
G0 X124.659 Y77.909
G0 X124.528 Y78.613
G0 X124.659 Y79.317
G0 X125.039 Y79.929
G0 X125.612 Y80.362
G0 X126.174 Y80.52
G0 X128.072 Y80.513
G0 X128.299 Y80.513
G1 F3000 X101.66 Y87.651 E1687.79694
G0 F9000 X101.892 Y87.651
G0 X105.402 Y73.972
G0 X105.402 Y73.254
G0 X105.143 Y72.585
G0 X104.659 Y72.054
G0 X104.014 Y71.733
G0 X103.305 Y71.669
G0 X102.612 Y71.864
G0 X102.096 Y72.254
G0 X101.819 Y72.673
G0 X101.667 Y72.881
G1 F3000 X104.371 Y62.792 E1688.14435
G0 F9000 X104.06 Y62.792
G1 F3000 X128.3 Y87.032 E1689.28452
G0 F9000 X128.3 Y86.725
G1 F3000 X118.196 Y89.432 E1689.63244
G0 F9000 X118.196 Y89.203
G0 X126.251 Y80.605
G0 X126.323 Y80.353
;TYPE:SKIN
G1 F1500 X125.699 Y80.177 E1689.654
G1 X125.187 Y79.79 E1689.67535
G1 X124.846 Y79.242 E1689.69681
G1 X124.728 Y78.612 E1689.71813
G1 X124.846 Y77.982 E1689.73945
G1 X125.187 Y77.434 E1689.76092
G1 X125.699 Y77.046 E1689.78228
G1 X126.324 Y76.867 E1689.80391
G1 X126.952 Y76.924 E1689.82488
G1 X127.536 Y77.215 E1689.84658
G1 X127.968 Y77.693 E1689.86801
G1 X128.02 Y77.82 E1689.87258
G1 X128.02 Y79.404 E1689.92526
G1 X127.968 Y79.531 E1689.92982
G1 X127.537 Y80.005 E1689.95113
G1 X126.952 Y80.296 E1689.97286
G1 X126.323 Y80.353 E1689.99387
G0 F9000 X126.984 Y80.057
G1 F1500 X127.82 Y79.221 E1690.03319
G0 F9000 X127.82 Y78.655
G1 F1500 X126.329 Y80.146 E1690.10332
G0 F9000 X125.887 Y80.023
G1 F1500 X127.82 Y78.089 E1690.19427
G0 F9000 X127.675 Y77.669
G1 F1500 X125.538 Y79.805 E1690.29476
G0 F9000 X125.256 Y79.522
G1 F1500 X127.406 Y77.372 E1690.39589
G0 F9000 X127.028 Y77.184
G1 F1500 X125.04 Y79.173 E1690.48943
G0 F9000 X124.948 Y78.699
G1 F1500 X126.558 Y77.089 E1690.56516
G0 F9000 X125.879 Y77.202
G1 F1500 X125.055 Y78.026 E1690.60392
G0 F9000 X124.666 Y77.784
G0 X103.251 Y75.605
G0 X103.323 Y75.353
G1 F1500 X102.699 Y75.177 E1690.62548
G1 X102.187 Y74.791 E1690.64681
G1 X101.94 Y74.391 E1690.66244
G1 X101.94 Y72.833 E1690.71426
G1 X102.187 Y72.433 E1690.7299
G1 X102.699 Y72.046 E1690.75124
G1 X103.324 Y71.867 E1690.77287
G1 X103.952 Y71.924 E1690.79384
G1 X104.537 Y72.215 E1690.81557
G1 X104.97 Y72.691 E1690.83697
G1 X105.2 Y73.29 E1690.85831
G1 X105.2 Y73.931 E1690.87963
G1 X104.97 Y74.533 E1690.90107
G1 X104.537 Y75.005 E1690.92237
G1 X103.952 Y75.296 E1690.9441
G1 X103.323 Y75.353 E1690.96511
G0 F9000 X103.632 Y75.124
G1 F1500 X105 Y73.757 E1691.02943
G0 F9000 X104.962 Y73.229
G1 F1500 X103.106 Y75.085 E1691.11673
G0 F9000 X102.698 Y74.927
G1 F1500 X104.805 Y72.82 E1691.21584
G0 F9000 X104.541 Y72.518
G1 F1500 X102.376 Y74.683 E1691.31768
G0 F9000 X102.148 Y74.346
G1 F1500 X104.216 Y72.278 E1691.41495
G0 F9000 X103.816 Y72.112
G1 F1500 X102.14 Y73.788 E1691.49378
G0 F9000 X102.14 Y73.222
G1 F1500 X103.272 Y72.09 E1691.54703
G0 F9000 X103.068 Y71.36
G1 F2700 E1686.54703
;MESH:TracciaSotto.stl
G0 F9000 X104.5 Y71.985
G0 X128.558 Y89.689
G0 X129.647 Y89.689
G0 X132.655 Y92.853
G0 X133.744 Y92.853
G0 X144.212 Y119.519
G0 X144.212 Y119.828
;TYPE:WALL-INNER
G1 F2700 E1691.54703
G1 F1500 X160.72 Y119.828 E1692.09609
G1 X160.72 Y93.028 E1692.98746
G1 X133.92 Y93.028 E1693.87883
G1 X133.92 Y119.828 E1694.7702
G1 X144.212 Y119.828 E1695.11251
G0 F9000 X144.12 Y120.228
;TYPE:WALL-OUTER
G1 F1500 X161.12 Y120.228 E1695.67794
G1 X161.12 Y92.628 E1696.59592
G1 X133.52 Y92.628 E1697.5139
G1 X133.52 Y120.228 E1698.43188
G1 X144.12 Y120.228 E1698.78443
G0 F9000 X144.12 Y119.519
G0 X146.068 Y119.519
G0 X146.068 Y119.748
;TYPE:FILL
G1 F3000 X134 Y107.68 E1699.35208
G0 F9000 X134.23 Y107.68
G0 X134.23 Y105.542
G0 X134 Y105.542
G1 F3000 X134.764 Y105.338 E1699.37838
G0 F9000 X134.631 Y105.513
G0 X134.951 Y105.679
G0 X135.643 Y105.873
G0 X136.353 Y105.809
G0 X136.997 Y105.488
G0 X137.482 Y104.958
G0 X137.741 Y104.288
G0 X137.741 Y103.57
G0 X137.482 Y102.9
G0 X136.997 Y102.37
G0 X136.353 Y102.049
G0 X135.643 Y101.985
G0 X134.951 Y102.179
G0 X134.433 Y102.571
G0 X134.157 Y102.99
G0 X134.006 Y103.195
G1 F3000 X136.709 Y93.108 E1699.72571
G0 F9000 X136.399 Y93.108
G1 F3000 X160.641 Y117.35 E1700.86598
G0 F9000 X160.64 Y117.039
G1 F3000 X150.532 Y119.748 E1701.21404
G0 F9000 X150.532 Y119.519
G0 X148.206 Y119.519
G0 X148.206 Y119.749
G1 F3000 X155.344 Y93.108 E1702.13137
G0 F9000 X155.344 Y93.339
G0 X157.224 Y93.339
G0 X157.224 Y93.108
G1 F3000 X134.001 Y99.331 E1702.93102
G1 X134 Y99.195
G1 X154.553 Y119.748 E1703.89777
G1 X154.417 Y119.749
G1 X157.147 Y109.561 E1704.24858
G0 F9000 X156.931 Y109.601
G0 X156.866 Y108.929
G0 X156.987 Y108.293
G0 X157.543 Y107.412
G0 X157.676 Y107.588
G1 F3000 X160.639 Y96.528 E1704.62941
G0 F9000 X160.41 Y96.528
G0 X160.41 Y98.404
G0 X160.64 Y98.404
G1 F3000 X137.443 Y104.62 E1705.42817
G0 F9000 X137.647 Y104.7
G0 X134.23 Y111.754
G0 X134 Y111.754
G1 F3000 X160.639 Y104.616 E1706.34544
G0 F9000 X160.41 Y104.616
G0 X158.967 Y106.954
G0 X158.947 Y107.171
G1 F3000 X144.884 Y93.108 E1707.00692
G0 F9000 X144.884 Y93.339
G0 X142.921 Y93.339
G0 X142.921 Y93.108
G1 F3000 X135.783 Y119.748 E1707.92423
G0 F9000 X135.783 Y119.519
G0 X137.582 Y119.519
G0 X137.582 Y119.748
G1 F3000 X134 Y116.166 E1708.09271
G0 F9000 X134.23 Y116.166
G0 X134.23 Y117.966
G0 X134.001 Y117.966
G1 F3000 X160.64 Y110.828 E1709.00998
G0 F9000 X160.41 Y110.828
G0 X158.643 Y110.873
G0 X157.951 Y110.679
G0 X157.376 Y110.243
G0 X157 Y109.636
G0 X156.866 Y108.929
G0 X156.975 Y108.357
G0 X160.41 Y100.379
G0 X160.641 Y100.379
G1 F3000 X153.369 Y93.108 E1709.35201
G0 F9000 X153.369 Y93.339
G0 X149.132 Y93.339
G0 X149.132 Y93.108
G1 F3000 X141.994 Y119.748 E1710.26932
G0 F9000 X141.994 Y119.519
G0 X135.592 Y105.922
G0 X135.663 Y105.669
;TYPE:SKIN
G1 F1500 X135.039 Y105.493 E1710.29088
G1 X134.523 Y105.107 E1710.31232
G1 X134.28 Y104.707 E1710.32788
G1 X134.28 Y103.145 E1710.37983
G1 X134.523 Y102.749 E1710.39529
G1 X135.039 Y102.359 E1710.4168
G1 X135.663 Y102.187 E1710.43833
G1 X136.293 Y102.241 E1710.45936
G1 X136.877 Y102.531 E1710.48105
G1 X137.306 Y103.003 E1710.50226
G1 X137.54 Y103.606 E1710.52377
G1 X137.54 Y104.246 E1710.54506
G1 X137.306 Y104.848 E1710.56654
G1 X136.877 Y105.321 E1710.58778
G1 X136.292 Y105.612 E1710.60951
G1 X135.663 Y105.669 E1710.63052
G0 F9000 X136.121 Y105.427
G1 F1500 X137.34 Y104.208 E1710.68786
G0 F9000 X137.339 Y103.643
G1 F1500 X135.552 Y105.43 E1710.77191
G0 F9000 X135.115 Y105.301
G1 F1500 X137.181 Y103.235 E1710.86909
G0 F9000 X136.946 Y102.905
G1 F1500 X134.792 Y105.058 E1710.97038
G0 F9000 X134.538 Y104.747
G1 F1500 X136.646 Y102.639 E1711.06954
G0 F9000 X136.268 Y102.451
G1 F1500 X134.48 Y104.239 E1711.15364
G0 F9000 X134.48 Y103.673
G1 F1500 X135.758 Y102.395 E1711.21375
G0 F9000 X135.8 Y101.939
G0 X135.112 Y102.133
G0 X134.515 Y102.433
G0 X134.791 Y102.797
G1 F1500 X134.63 Y102.958 E1711.22133
G0 F9000 X134.241 Y102.717
G0 X134.951 Y102.179
G0 X135.643 Y101.985
G0 X136.218 Y102.037
G0 X158.592 Y110.922
G0 X158.663 Y110.669
G1 F1500 X158.039 Y110.493 E1711.24289
G1 X157.523 Y110.106 E1711.26434
G1 X157.186 Y109.562 E1711.28563
G1 X157.068 Y108.928 E1711.30708
G1 X157.186 Y108.294 E1711.32853
G1 X157.523 Y107.749 E1711.34984
G1 X158.039 Y107.359 E1711.37135
G1 X158.663 Y107.187 E1711.39288
G1 X159.293 Y107.241 E1711.41391
G1 X159.877 Y107.531 E1711.4356
G1 X160.307 Y108.004 E1711.45686
G1 X160.36 Y108.138 E1711.46165
G1 X160.36 Y109.717 E1711.51417
G1 X160.307 Y109.848 E1711.51887
G1 X159.877 Y110.321 E1711.54013
G1 X159.292 Y110.612 E1711.56186
G1 X158.663 Y110.669 E1711.58287
G0 F9000 X158.592 Y110.922
G0 X159.023 Y110.858
G0 X159.799 Y110.655
G0 X159.593 Y110.239
G1 F1500 X160.16 Y109.672 E1711.60954
G0 F9000 X160.16 Y109.107
G1 F1500 X158.812 Y110.454 E1711.67292
G0 F9000 X158.332 Y110.369
G1 F1500 X160.16 Y108.541 E1711.7589
G0 F9000 X160.081 Y108.054
G1 F1500 X157.954 Y110.181 E1711.85895
G0 F9000 X157.645 Y109.924
G1 F1500 X159.812 Y107.757 E1711.96088
G0 F9000 X159.458 Y107.545
G1 F1500 X157.429 Y109.575 E1712.05634
G0 F9000 X157.309 Y109.128
G1 F1500 X159.02 Y107.418 E1712.1368
G0 F9000 X158.407 Y107.465
G1 F1500 X157.347 Y108.525 E1712.18666
G0 F9000 X156.602 Y108.384
G1 F2700 E1707.18666
;MESH:Supporto.stl
G0 F9000 X133.744 Y120.005
G0 X132.655 Y120.005
G0 X129.166 Y123.118
G0 X129.166 Y124.207
G0 X115.853 Y150.873
G0 X115.853 Y151.18
;TYPE:WALL-INNER
G1 F2700 E1712.18666
G1 F1500 X128.988 Y151.18 E1712.62353
G1 X128.988 Y124.38 E1713.5149
G1 X102.188 Y124.38 E1714.40627
G1 X102.188 Y151.18 E1715.29764
G1 X115.853 Y151.18 E1715.75214
G0 F9000 X115.861 Y151.58
;TYPE:WALL-OUTER
G1 F1500 X129.388 Y151.58 E1716.20205
G1 X129.388 Y123.98 E1717.12003
G1 X101.788 Y123.98 E1718.03801
G1 X101.788 Y151.58 E1718.95599
G1 X115.861 Y151.58 E1719.42406
G0 F9000 X116.476 Y151.101
;TYPE:FILL
G1 F3000 X123.615 Y124.46 E1720.34141
G0 F9000 X123.615 Y124.693
G0 X125.505 Y124.693
G0 X125.505 Y124.46
G1 F3000 X102.269 Y130.686 E1721.1415
G1 X102.268 Y130.545
G1 X122.822 Y151.1 E1722.10832
G1 X122.688 Y151.101
G1 X125.417 Y140.915 E1722.45906
G0 F9000 X125.201 Y140.955
G0 X125.136 Y140.283
G0 X125.257 Y139.647
G0 X125.814 Y138.765
G0 X125.946 Y138.941
G1 F3000 X128.908 Y127.886 E1722.83972
G0 F9000 X128.68 Y127.886
G0 X128.68 Y129.76
G0 X128.908 Y129.76
G1 F3000 X105.713 Y135.975 E1723.6384
G0 F9000 X105.916 Y136.054
G0 X105.268 Y136.841
G0 X104.623 Y137.163
G0 X103.913 Y137.227
G0 X103.52 Y137.116
G0 X102.901 Y136.867
G0 X103.034 Y136.692
G1 F3000 X102.268 Y136.898 E1723.66478
G0 F9000 X102.5 Y136.898
G0 X102.5 Y139.031
G0 X102.268 Y139.031
G1 F3000 X114.337 Y151.1 E1724.23247
G0 F9000 X114.337 Y150.873
G0 X110.265 Y150.873
G0 X110.265 Y151.1
G1 F3000 X117.403 Y124.459 E1725.14981
G0 F9000 X117.403 Y124.693
G0 X121.639 Y124.693
G0 X121.639 Y124.46
G1 F3000 X128.908 Y131.729 E1725.49172
G0 F9000 X128.68 Y131.729
G0 X128.68 Y135.971
G0 X128.908 Y135.971
G1 F3000 X102.269 Y143.109 E1726.40899
G0 F9000 X102.5 Y143.109
G0 X102.5 Y147.516
G0 X102.268 Y147.516
G1 F3000 X105.852 Y151.1 E1726.57758
G0 F9000 X105.852 Y150.873
G0 X104.053 Y150.873
G0 X104.053 Y151.1
G1 F3000 X111.191 Y124.459 E1727.49491
G0 F9000 X111.191 Y124.693
G0 X113.153 Y124.693
G0 X113.153 Y124.46
G1 F3000 X127.219 Y138.526 E1728.15653
G0 F9000 X127.239 Y138.308
G0 X126.913 Y138.339
G0 X126.221 Y138.533
G0 X125.646 Y138.969
G0 X125.27 Y139.576
G0 X125.136 Y140.283
G0 X125.27 Y140.99
G0 X125.646 Y141.597
G0 X126.221 Y142.033
G0 X126.782 Y142.191
G0 X128.68 Y142.183
G0 X128.908 Y142.183
G1 F3000 X102.269 Y149.321 E1729.07381
G0 F9000 X102.5 Y149.321
G0 X106.011 Y135.642
G0 X106.011 Y134.924
G0 X105.752 Y134.255
G0 X105.268 Y133.725
G0 X104.623 Y133.403
G0 X103.913 Y133.339
G0 X103.221 Y133.533
G0 X102.703 Y133.925
G0 X102.427 Y134.344
G0 X102.275 Y134.552
G1 F3000 X104.98 Y124.46 E1729.42132
G0 F9000 X104.668 Y124.46
G1 F3000 X128.908 Y148.7 E1730.56149
G0 F9000 X128.908 Y148.395
G1 F3000 X118.812 Y151.1 E1730.90913
G0 F9000 X118.812 Y150.873
G0 X126.861 Y142.276
G0 X126.931 Y142.025
;TYPE:SKIN
G1 F1500 X126.307 Y141.849 E1730.93069
G1 X125.795 Y141.459 E1730.9521
G1 X125.458 Y140.917 E1730.97333
G1 X125.336 Y140.281 E1730.99487
G1 X125.458 Y139.647 E1731.01634
G1 X125.795 Y139.105 E1731.03757
G1 X126.307 Y138.715 E1731.05898
G1 X126.931 Y138.539 E1731.08054
G1 X127.564 Y138.596 E1731.10168
G1 X128.145 Y138.887 E1731.12329
G1 X128.579 Y139.36 E1731.14464
G1 X128.628 Y139.486 E1731.14914
G1 X128.628 Y141.078 E1731.20209
G1 X128.579 Y141.204 E1731.20658
G1 X128.145 Y141.677 E1731.22794
G1 X127.564 Y141.968 E1731.24955
G1 X126.931 Y142.025 E1731.27069
G0 F9000 X127.493 Y141.773
G1 F1500 X128.428 Y140.839 E1731.31464
G0 F9000 X128.428 Y140.273
G1 F1500 X126.894 Y141.807 E1731.3868
G0 F9000 X126.452 Y141.683
G1 F1500 X128.428 Y139.707 E1731.47974
G0 F9000 X128.26 Y139.309
G1 F1500 X126.116 Y141.453 E1731.58059
G0 F9000 X125.845 Y141.159
G1 F1500 X127.977 Y139.026 E1731.6809
G0 F9000 X127.6 Y138.838
G1 F1500 X125.639 Y140.798 E1731.77311
G0 F9000 X125.549 Y140.323
G1 F1500 X127.116 Y138.756 E1731.84682
G0 F9000 X126.414 Y138.892
G1 F1500 X125.75 Y139.556 E1731.87805
G0 F9000 X125.36 Y139.315
G0 X103.861 Y137.276
G0 X103.931 Y137.025
G1 F1500 X103.307 Y136.849 E1731.89962
G1 X102.795 Y136.459 E1731.92102
G1 X102.548 Y136.059 E1731.93666
G1 X102.548 Y134.505 E1731.98834
G1 X102.795 Y134.105 E1732.00398
G1 X103.307 Y133.715 E1732.02539
G1 X103.931 Y133.539 E1732.04695
G1 X104.564 Y133.596 E1732.06809
G1 X105.145 Y133.887 E1732.0897
G1 X105.579 Y134.36 E1732.11105
G1 X105.812 Y134.962 E1732.13252
G1 X105.812 Y135.602 E1732.15381
G1 X105.579 Y136.204 E1732.17528
G1 X105.145 Y136.677 E1732.19663
G1 X104.564 Y136.968 E1732.21824
G1 X103.931 Y137.025 E1732.23938
G0 F9000 X104.179 Y136.803
G1 F1500 X105.612 Y135.37 E1732.30679
G0 F9000 X105.558 Y134.859
G1 F1500 X103.671 Y136.745 E1732.39552
G0 F9000 X103.276 Y136.575
G1 F1500 X105.395 Y134.456 E1732.49519
G0 F9000 X105.125 Y134.16
G1 F1500 X102.955 Y136.329 E1732.59724
G0 F9000 X102.748 Y135.971
G1 F1500 X104.788 Y133.931 E1732.6932
G0 F9000 X104.374 Y133.78
G1 F1500 X102.748 Y135.405 E1732.76965
G0 F9000 X102.748 Y134.84
G1 F1500 X103.805 Y133.782 E1732.8194
G0 F9000 X103.603 Y133.05
G1 F2700 E1727.8194
;MESH:NONMESH
G0 F300 X103.603 Y133.05 Z2.6
G0 F9000 X102.014 Y124.207
G0 X100.925 Y124.207
G0 X97.075 Y121.431
G0 X97.075 Y120.342
G0 X87.051 Y119.856
G0 X87.051 Y120.164
;TIME_ELAPSED:2339.331943
;LAYER:12
;TYPE:WALL-INNER
;MESH:Supporto.stl(1)
G1 F2700 E1732.8194
G1 F1500 X96.896 Y120.164 E1733.14684
G1 X96.896 Y93.364 E1734.03821
G1 X70.096 Y93.364 E1734.92958
G1 X70.096 Y120.164 E1735.82096
G1 X87.051 Y120.164 E1736.38488
G0 F9000 X87.158 Y120.564
;TYPE:WALL-OUTER
G1 F1500 X97.296 Y120.564 E1736.72207
G1 X97.296 Y92.964 E1737.64005
G1 X69.696 Y92.964 E1738.55803
G1 X69.696 Y120.564 E1739.47601
G1 X87.158 Y120.564 E1740.0568
G0 F9000 X87.26 Y120.084
;TYPE:FILL
G1 F3000 X96.815 Y117.524 E1740.38581
G1 X96.816 Y117.483
G1 X72.777 Y93.444 E1741.51653
G1 X72.742 Y93.444
G1 X70.176 Y103.017 E1741.84617
G0 F9000 X70.409 Y103.017
G0 X71.128 Y102.517
G0 X71.821 Y102.322
G0 X72.532 Y102.386
G0 X73.176 Y102.707
G0 X73.66 Y103.238
G0 X73.919 Y103.907
G0 X73.919 Y104.625
G0 X73.66 Y105.294
G0 X73.176 Y105.825
G0 X72.532 Y106.146
G0 X71.892 Y106.204
G0 X70.952 Y105.958
G0 X71.086 Y105.783
G1 F3000 X70.176 Y106.027 E1741.87751
G0 F9000 X70.409 Y106.027
G0 X70.409 Y107.813
G0 X70.175 Y107.813
G1 F3000 X82.446 Y120.084 E1742.4547
G0 F9000 X82.446 Y119.856
G0 X84.238 Y119.856
G0 X84.238 Y120.084
G1 F3000 X91.377 Y93.443 E1743.37204
G0 F9000 X91.377 Y93.676
G0 X89.747 Y93.676
G0 X89.747 Y93.444
G1 F3000 X96.816 Y100.513 E1743.70455
G0 F9000 X96.589 Y100.513
G0 X96.589 Y98.889
G0 X96.815 Y98.889
G1 F3000 X73.557 Y105.121 E1744.5054
G0 F9000 X73.761 Y105.201
G0 X73.919 Y104.625
G0 X73.919 Y103.907
G0 X73.686 Y103.305
G0 X70.409 Y99.815
G0 X70.176 Y99.815
G1 F3000 X93.953 Y93.444 E1745.32412
G0 F9000 X93.953 Y93.676
G0 X96.589 Y96.327
G0 X96.816 Y96.327
G1 F3000 X93.671 Y108.063 E1745.72824
G0 F9000 X93.486 Y107.948
G0 X93.176 Y108.561
G0 X93.102 Y108.961
G0 X93.049 Y109.618
G0 X93.265 Y109.579
G1 F3000 X90.45 Y120.084 E1746.08996
G0 F9000 X90.931 Y120.084
G1 F3000 X70.176 Y99.329 E1747.06621
G0 F9000 X70.409 Y99.329
G0 X70.409 Y93.603
G0 X70.177 Y93.603
G1 F3000 X70.772 Y93.444 E1747.0867
G0 F9000 X70.772 Y93.676
G0 X78.953 Y93.676
G0 X78.953 Y93.444
G1 F3000 X71.815 Y120.084 E1748.004
G0 F9000 X71.815 Y119.856
G0 X73.961 Y119.856
G0 X73.961 Y120.084
G1 F3000 X70.175 Y116.299 E1748.18206
G0 F9000 X70.409 Y116.299
G0 X70.409 Y118.45
G0 X70.176 Y118.45
G1 F3000 X96.816 Y111.312 E1749.09936
G0 F9000 X96.589 Y111.312
G0 X94.821 Y111.21
G0 X94.13 Y111.016
G0 X93.555 Y110.58
G0 X93.176 Y109.97
G0 X93.045 Y109.266
G0 X93.176 Y108.561
G0 X93.556 Y107.949
G0 X94.128 Y107.517
G0 X94.69 Y107.359
G0 X95.365 Y107.311
G0 X95.346 Y107.528
G1 F3000 X81.262 Y93.444 E1749.76183
G0 F9000 X81.262 Y93.676
G0 X85.165 Y93.676
G0 X85.165 Y93.443
G1 F3000 X78.027 Y120.085 E1750.6792
G0 F9000 X78.027 Y119.856
G0 X70.409 Y112.238
G0 X70.177 Y112.238
G1 F3000 X96.816 Y105.1 E1751.59647
G0 F9000 X96.589 Y105.1
G0 X93.556 Y107.949
G0 X93.176 Y108.561
G0 X93.045 Y109.266
G0 X93.151 Y109.837
G0 X96.589 Y119.508
G0 X96.816 Y119.508
G1 F3000 X96.662 Y120.084 E1751.61631
G0 F9000 X96.662 Y119.856
G0 X95.494 Y111.211
G0 X95.472 Y110.951
;TYPE:SKIN
G1 F1500 X94.839 Y111.005 E1751.63744
G1 X94.219 Y110.833 E1751.65884
G1 X93.703 Y110.442 E1751.68037
G1 X93.362 Y109.894 E1751.70184
G1 X93.248 Y109.264 E1751.72313
G1 X93.362 Y108.634 E1751.74442
G1 X93.703 Y108.086 E1751.76589
G1 X94.215 Y107.699 E1751.78724
G1 X94.839 Y107.523 E1751.8088
G1 X95.472 Y107.58 E1751.82994
G1 X96.057 Y107.871 E1751.85167
G1 X96.486 Y108.343 E1751.87289
G1 X96.536 Y108.47 E1751.87743
G1 X96.536 Y110.062 E1751.93038
G1 X96.487 Y110.184 E1751.93475
G1 X96.053 Y110.661 E1751.9562
G1 X95.472 Y110.951 E1751.9778
G0 F9000 X95.494 Y111.211
G0 X94.821 Y111.21
G0 X94.199 Y111.035
G0 X93.386 Y110.422
G0 X93.776 Y110.181
G1 F1500 X94.046 Y110.451 E1751.9905
G0 F9000 X94.955 Y110.794
G1 F1500 X93.457 Y109.296 E1752.06096
G0 F9000 X93.534 Y108.807
G1 F1500 X95.46 Y110.734 E1752.15157
G0 F9000 X95.837 Y110.545
G1 F1500 X93.723 Y108.431 E1752.25101
G0 F9000 X93.983 Y108.125
G1 F1500 X96.134 Y110.276 E1752.35219
G0 F9000 X96.336 Y109.913
G1 F1500 X94.305 Y107.882 E1752.44772
G0 F9000 X94.747 Y107.758
G1 F1500 X96.336 Y109.347 E1752.52246
G0 F9000 X96.336 Y108.781
G1 F1500 X95.323 Y107.768 E1752.57011
G0 F9000 X95.364 Y107.31
G0 X72.494 Y106.211
G0 X72.472 Y105.952
G1 F1500 X71.839 Y106.005 E1752.59124
G1 X71.219 Y105.833 E1752.61264
G1 X70.703 Y105.443 E1752.63415
G1 X70.456 Y105.043 E1752.64979
G1 X70.456 Y103.485 E1752.7016
G1 X70.703 Y103.085 E1752.71724
G1 X71.215 Y102.699 E1752.73857
G1 X71.839 Y102.523 E1752.76013
G1 X72.472 Y102.58 E1752.78127
G1 X73.057 Y102.871 E1752.803
G1 X73.486 Y103.343 E1752.82422
G1 X73.72 Y103.946 E1752.84573
G1 X73.72 Y104.586 E1752.86702
G1 X73.487 Y105.184 E1752.88836
G1 X73.053 Y105.661 E1752.90981
G1 X72.472 Y105.952 E1752.93142
G0 F9000 X72.493 Y106.211
G0 X71.788 Y106.569
G0 X70.97 Y106.339
G0 X70.394 Y105.911
G0 X70.336 Y105.207
G0 X70.656 Y104.597
G1 F1500 X71.861 Y105.802 E1752.9881
G0 F9000 X72.383 Y105.758
G1 F1500 X70.656 Y104.032 E1753.06931
G0 F9000 X70.685 Y103.495
G1 F1500 X72.769 Y105.579 E1753.16734
G0 F9000 X73.085 Y105.329
G1 F1500 X70.925 Y103.169 E1753.26894
G0 F9000 X71.247 Y102.925
G1 F1500 X73.338 Y105.016 E1753.36729
G0 F9000 X73.496 Y104.609
G1 F1500 X71.667 Y102.78 E1753.45332
G0 F9000 X72.211 Y102.758
G1 F1500 X73.52 Y104.067 E1753.51489
G0 F9000 X74.28 Y104.067
G1 F2700 E1748.51489
;MESH:TracciaSopra.stl
G0 F9000 X97.075 Y93.19
G0 X98.164 Y93.19
G0 X101.406 Y90.778
G0 X101.406 Y89.689
G0 X115.194 Y89.203
G0 X115.194 Y89.512
;TYPE:WALL-INNER
G1 F2700 E1753.51489
G1 F1500 X128.38 Y89.512 E1753.95346
G1 X128.38 Y62.712 E1754.84483
G1 X101.58 Y62.712 E1755.7362
G1 X101.58 Y89.512 E1756.62758
G1 X115.194 Y89.512 E1757.08038
G0 F9000 X115.201 Y89.912
;TYPE:WALL-OUTER
G1 F1500 X128.78 Y89.912 E1757.53202
G1 X128.78 Y62.312 E1758.45
G1 X101.18 Y62.312 E1759.36798
G1 X101.18 Y89.912 E1760.28596
G1 X115.201 Y89.912 E1760.7523
G0 F9000 X115.721 Y89.432
;TYPE:FILL
G1 F3000 X122.86 Y62.792 E1761.66961
G0 F9000 X122.86 Y63.023
G0 X121.23 Y63.023
G0 X121.23 Y62.792
G1 F3000 X128.3 Y69.862 E1762.00216
G0 F9000 X128.072 Y69.862
G0 X128.072 Y68.236
G0 X128.299 Y68.236
G1 F3000 X105.04 Y74.468 E1762.80305
G0 F9000 X105.244 Y74.548
G0 X104.659 Y75.172
G0 X104.014 Y75.493
G0 X103.376 Y75.551
G0 X102.436 Y75.305
G0 X102.569 Y75.13
G1 F3000 X101.661 Y75.373 E1762.83431
G0 F9000 X101.892 Y75.373
G0 X101.892 Y77.163
G0 X101.66 Y77.163
G1 F3000 X113.928 Y89.431 E1763.41136
G0 F9000 X113.928 Y89.203
G0 X109.51 Y89.203
G0 X109.51 Y89.433
G1 F3000 X116.648 Y62.791 E1764.32873
G0 F9000 X116.648 Y63.023
G0 X112.745 Y63.023
G0 X112.745 Y62.792
G1 F3000 X126.829 Y76.876 E1764.9912
G0 F9000 X126.849 Y76.658
G0 X126.305 Y76.669
G0 X125.743 Y76.827
G0 X124.969 Y77.296
G0 X125.154 Y77.411
G1 F3000 X128.3 Y65.671 E1765.39545
G0 F9000 X128.072 Y65.671
G0 X125.434 Y63.023
G0 X125.434 Y62.792
G1 F3000 X101.66 Y69.162 E1766.21407
G0 F9000 X101.66 Y68.678
G1 F3000 X122.414 Y89.431 E1767.19025
G0 F9000 X121.933 Y89.432
G1 F3000 X124.748 Y78.927 E1767.55197
G0 F9000 X124.532 Y78.966
G0 X124.659 Y79.317
G0 X125.039 Y79.929
G0 X125.612 Y80.362
G0 X126.174 Y80.52
G0 X128.072 Y80.659
G0 X128.299 Y80.659
G1 F3000 X101.661 Y87.797 E1768.46921
G0 F9000 X101.892 Y87.797
G0 X101.892 Y85.648
G0 X101.66 Y85.648
G1 F3000 X105.443 Y89.431 E1768.64715
G0 F9000 X105.443 Y89.203
G0 X103.298 Y89.203
G0 X103.298 Y89.433
G1 F3000 X110.436 Y62.792 E1769.56449
G0 F9000 X110.436 Y63.023
G0 X104.259 Y63.023
G0 X104.259 Y62.792
G1 F3000 X128.3 Y86.833 E1770.69531
G1 X128.299 Y86.871
G1 X118.741 Y89.432 E1771.02442
G0 F9000 X118.741 Y89.203
G0 X128.145 Y89.203
G0 X128.145 Y89.433
G1 F3000 X128.3 Y88.853 E1771.04439
G0 F9000 X128.072 Y88.853
G0 X124.659 Y79.317
G0 X124.528 Y78.613
G0 X124.659 Y77.909
G0 X124.967 Y77.413
G0 X128.072 Y74.447
G0 X128.299 Y74.447
G1 F3000 X101.661 Y81.585 E1771.96163
G0 F9000 X101.892 Y81.585
G0 X105.143 Y74.641
G0 X105.402 Y73.972
G0 X105.402 Y73.254
G0 X105.143 Y72.585
G0 X104.659 Y72.054
G0 X104.014 Y71.733
G0 X103.305 Y71.669
G0 X102.681 Y71.845
G0 X101.892 Y72.364
G0 X101.66 Y72.364
G1 F3000 X104.225 Y62.792 E1772.29123
G0 F9000 X104.225 Y63.023
G0 X102.252 Y63.023
G0 X102.252 Y62.792
G1 F3000 X101.661 Y62.95 E1772.31157
G0 F9000 X101.892 Y62.95
G0 X105.402 Y73.254
G0 X105.402 Y73.972
G0 X105.143 Y74.641
G0 X104.659 Y75.172
G0 X104.137 Y75.432
G0 X103.251 Y75.605
G0 X103.323 Y75.353
;TYPE:SKIN
G1 F1500 X102.699 Y75.177 E1772.33314
G1 X102.187 Y74.791 E1772.35446
G1 X101.94 Y74.391 E1772.3701
G1 X101.94 Y72.833 E1772.42192
G1 X102.187 Y72.433 E1772.43756
G1 X102.699 Y72.046 E1772.4589
G1 X103.324 Y71.867 E1772.48053
G1 X103.952 Y71.924 E1772.5015
G1 X104.537 Y72.215 E1772.52323
G1 X104.97 Y72.691 E1772.54463
G1 X105.2 Y73.29 E1772.56597
G1 X105.2 Y73.931 E1772.58729
G1 X104.97 Y74.533 E1772.60873
G1 X104.537 Y75.005 E1772.63003
G1 X103.952 Y75.296 E1772.65176
G1 X103.323 Y75.353 E1772.67277
G0 F9000 X103.251 Y75.605
G0 X102.733 Y75.408
G0 X101.89 Y74.805
G0 X102.282 Y74.564
G1 F1500 X102.478 Y74.76 E1772.68199
G0 F9000 X102.14 Y73.856
G1 F1500 X103.427 Y75.143 E1772.74253
G0 F9000 X103.932 Y75.082
G1 F1500 X102.14 Y73.29 E1772.82682
G0 F9000 X102.203 Y72.787
G1 F1500 X104.31 Y74.894 E1772.92592
G0 F9000 X104.611 Y74.629
G1 F1500 X102.46 Y72.478 E1773.0271
G0 F9000 X102.782 Y72.234
G1 F1500 X104.844 Y74.297 E1773.12411
G0 F9000 X105 Y73.888
G1 F1500 X103.218 Y72.106 E1773.20793
G0 F9000 X103.788 Y72.11
G1 F1500 X104.998 Y73.32 E1773.26485
G0 F9000 X105.429 Y73.154
G0 X126.251 Y80.605
G0 X126.323 Y80.353
G1 F1500 X125.699 Y80.177 E1773.28641
G1 X125.187 Y79.79 E1773.30776
G1 X124.846 Y79.242 E1773.32922
G1 X124.728 Y78.612 E1773.35054
G1 X124.846 Y77.982 E1773.37186
G1 X125.187 Y77.434 E1773.39333
G1 X125.699 Y77.046 E1773.4147
G1 X126.324 Y76.867 E1773.43632
G1 X126.952 Y76.924 E1773.45729
G1 X127.536 Y77.215 E1773.47899
G1 X127.968 Y77.693 E1773.50042
G1 X128.02 Y77.82 E1773.50499
G1 X128.02 Y79.404 E1773.55767
G1 X127.968 Y79.531 E1773.56224
G1 X127.537 Y80.005 E1773.58354
G1 X126.952 Y80.296 E1773.60528
G1 X126.323 Y80.353 E1773.62628
G0 F9000 X126.251 Y80.605
G0 X125.612 Y80.362
G0 X125.148 Y80.011
G0 X124.724 Y79.535
G0 X125.114 Y79.294
G1 F1500 X125.825 Y80.005 E1773.65972
G0 F9000 X126.52 Y80.134
G1 F1500 X124.942 Y78.555 E1773.73397
G0 F9000 X125.031 Y78.079
G1 F1500 X127 Y80.048 E1773.82659
G0 F9000 X127.378 Y79.861
G1 F1500 X125.242 Y77.724 E1773.92708
G0 F9000 X125.518 Y77.435
G1 F1500 X127.659 Y79.576 E1774.02779
G0 F9000 X127.82 Y79.171
G1 F1500 X125.858 Y77.209 E1774.12008
G0 F9000 X126.298 Y77.084
G1 F1500 X127.82 Y78.606 E1774.19167
G0 F9000 X127.82 Y78.04
G1 F1500 X126.903 Y77.123 E1774.2348
G0 F9000 X126.972 Y76.367
G1 F2700 E1769.2348
;MESH:TracciaSotto.stl
G0 F9000 X128.143 Y77.585
G0 X128.558 Y89.689
G0 X129.647 Y89.689
G0 X132.655 Y92.853
G0 X133.744 Y92.853
G0 X144.212 Y119.519
G0 X144.212 Y119.828
;TYPE:WALL-INNER
G1 F2700 E1774.2348
G1 F1500 X160.72 Y119.828 E1774.78386
G1 X160.72 Y93.028 E1775.67523
G1 X133.92 Y93.028 E1776.5666
G1 X133.92 Y119.828 E1777.45797
G1 X144.212 Y119.828 E1777.80028
G0 F9000 X144.12 Y120.228
;TYPE:WALL-OUTER
G1 F1500 X161.12 Y120.228 E1778.36571
G1 X161.12 Y92.628 E1779.28369
G1 X133.52 Y92.628 E1780.20167
G1 X133.52 Y120.228 E1781.11965
G1 X144.12 Y120.228 E1781.4722
G0 F9000 X144.12 Y119.519
G0 X146.267 Y119.519
G0 X146.267 Y119.748
;TYPE:FILL
G1 F3000 X134 Y107.481 E1782.04921
G0 F9000 X134.23 Y107.481
G0 X134.23 Y105.688
G0 X134 Y105.688
G1 F3000 X134.906 Y105.446 E1782.0804
G0 F9000 X134.773 Y105.62
G0 X135.643 Y105.873
G0 X136.353 Y105.809
G0 X136.933 Y105.52
G0 X137.583 Y104.862
G0 X137.38 Y104.783
G1 F3000 X160.639 Y98.55 E1782.88129
G0 F9000 X160.41 Y98.55
G0 X160.41 Y100.18
G0 X160.641 Y100.18
G1 F3000 X153.569 Y93.108 E1783.21393
G0 F9000 X153.569 Y93.339
G0 X155.198 Y93.339
G0 X155.198 Y93.108
G1 F3000 X148.06 Y119.748 E1784.13124
G0 F9000 X148.06 Y119.519
G0 X151.077 Y119.519
G0 X151.077 Y119.748
G1 F3000 X160.639 Y117.185 E1784.4605
G1 X160.641 Y117.151
G1 X136.598 Y93.108 E1785.59141
G1 X136.563 Y93.108
G1 X134 Y102.674 E1785.9208
G0 F9000 X134.23 Y102.674
G0 X134.23 Y99.477
G0 X134 Y99.477
G1 F3000 X157.77 Y93.108 E1786.73928
G0 F9000 X157.77 Y93.339
G0 X160.41 Y95.983
G0 X160.639 Y95.983
G1 F3000 X157.492 Y107.729 E1787.14373
G0 F9000 X157.305 Y107.613
G0 X157 Y108.222
G0 X156.924 Y108.622
G0 X156.871 Y109.281
G0 X157.087 Y109.241
G1 F3000 X154.271 Y119.749 E1787.50556
G0 F9000 X154.752 Y119.748
G1 F3000 X134 Y98.996 E1788.48167
G0 F9000 X134.23 Y98.996
G0 X134.23 Y93.265
G0 X134.001 Y93.265
G1 F3000 X134.588 Y93.108 E1788.50188
G0 F9000 X134.588 Y93.339
G0 X142.775 Y93.339
G0 X142.775 Y93.107
G1 F3000 X135.636 Y119.749 E1789.41926
G0 F9000 X135.636 Y119.519
G0 X137.782 Y119.519
G0 X137.782 Y119.748
G1 F3000 X134 Y115.966 E1789.59715
G0 F9000 X134.23 Y115.966
G0 X134.23 Y118.112
G0 X134.001 Y118.112
G1 F3000 X160.64 Y110.974 E1790.51443
G0 F9000 X160.41 Y110.974
G0 X158.643 Y110.873
G0 X157.951 Y110.679
G0 X157.376 Y110.243
G0 X157 Y109.636
G0 X156.866 Y108.929
G0 X157 Y108.222
G0 X157.376 Y107.615
G0 X157.951 Y107.179
G0 X158.512 Y107.021
G0 X159.186 Y106.973
G0 X159.166 Y107.191
G1 F3000 X145.083 Y93.108 E1791.17685
G0 F9000 X145.083 Y93.339
G0 X148.986 Y93.339
G0 X148.986 Y93.108
G1 F3000 X141.848 Y119.748 E1792.09415
G0 F9000 X141.848 Y119.519
G0 X134.23 Y111.9
G0 X134.001 Y111.9
G1 F3000 X160.639 Y104.762 E1793.01139
G0 F9000 X160.41 Y104.762
G0 X157.376 Y107.615
G0 X157 Y108.222
G0 X156.866 Y108.929
G0 X156.975 Y109.501
G0 X160.41 Y119.165
G0 X160.639 Y119.165
G1 F3000 X160.483 Y119.748 E1793.03146
G0 F9000 X160.483 Y119.519
G0 X158.592 Y110.922
G0 X158.663 Y110.669
;TYPE:SKIN
G1 F1500 X158.039 Y110.493 E1793.05303
G1 X157.523 Y110.106 E1793.07448
G1 X157.186 Y109.562 E1793.09577
G1 X157.068 Y108.928 E1793.11721
G1 X157.186 Y108.294 E1793.13866
G1 X157.523 Y107.749 E1793.15998
G1 X158.039 Y107.359 E1793.18149
G1 X158.663 Y107.187 E1793.20302
G1 X159.293 Y107.241 E1793.22405
G1 X159.877 Y107.531 E1793.24573
G1 X160.307 Y108.004 E1793.267
G1 X160.36 Y108.138 E1793.27179
G1 X160.36 Y109.717 E1793.32431
G1 X160.307 Y109.848 E1793.32901
G1 X159.877 Y110.321 E1793.35027
G1 X159.292 Y110.612 E1793.372
G1 X158.663 Y110.669 E1793.39301
G0 F9000 X158.592 Y110.922
G0 X157.951 Y110.679
G0 X157.376 Y110.243
G0 X156.88 Y109.331
G0 X157.331 Y109.247
G1 F1500 X158.497 Y110.414 E1793.44787
G0 F9000 X159.079 Y110.43
G1 F1500 X157.319 Y108.67 E1793.53066
G0 F9000 X157.454 Y108.24
G1 F1500 X159.499 Y110.285 E1793.62685
G0 F9000 X159.842 Y110.062
G1 F1500 X157.671 Y107.89 E1793.72899
G0 F9000 X157.992 Y107.646
G1 F1500 X160.112 Y109.766 E1793.82871
G0 F9000 X160.16 Y109.249
G1 F1500 X158.384 Y107.472 E1793.91227
G0 F9000 X158.884 Y107.407
G1 F1500 X160.16 Y108.683 E1793.97229
G0 F9000 X159.937 Y107.894
G1 F1500 X159.718 Y107.675 E1793.98259
G0 F9000 X159.923 Y107.265
G0 X159.353 Y107.049
G0 X135.592 Y105.922
G0 X135.663 Y105.669
G1 F1500 X135.039 Y105.493 E1794.00415
G1 X134.523 Y105.107 E1794.02559
G1 X134.28 Y104.707 E1794.04115
G1 X134.28 Y103.145 E1794.09311
G1 X134.523 Y102.749 E1794.10856
G1 X135.039 Y102.359 E1794.13007
G1 X135.663 Y102.187 E1794.1516
G1 X136.293 Y102.241 E1794.17263
G1 X136.877 Y102.531 E1794.19432
G1 X137.306 Y103.003 E1794.21553
G1 X137.54 Y103.606 E1794.23705
G1 X137.54 Y104.246 E1794.25833
G1 X137.306 Y104.848 E1794.27981
G1 X136.877 Y105.321 E1794.30105
G1 X136.292 Y105.612 E1794.32278
G1 X135.663 Y105.669 E1794.34379
G0 F9000 X135.592 Y105.922
G0 X134.951 Y105.679
G0 X134.433 Y105.287
G0 X134.157 Y104.868
G0 X134.48 Y104.498
G1 F1500 X135.356 Y105.374 E1794.385
G0 F9000 X135.986 Y105.439
G1 F1500 X134.48 Y103.933 E1794.45583
G0 F9000 X134.48 Y103.367
G1 F1500 X136.431 Y105.319 E1794.54763
G0 F9000 X136.794 Y105.116
G1 F1500 X134.632 Y102.953 E1794.64934
G0 F9000 X134.934 Y102.69
G1 F1500 X137.063 Y104.819 E1794.74948
G0 F9000 X137.251 Y104.441
G1 F1500 X135.304 Y102.494 E1794.84107
G0 F9000 X135.772 Y102.397
G1 F1500 X137.34 Y103.964 E1794.9148
G0 F9000 X137.185 Y103.244
G1 F1500 X136.516 Y102.575 E1794.94626
G0 F9000 X136.856 Y101.897
G1 F2700 E1789.94626
;MESH:Supporto.stl
G0 F9000 X137.482 Y102.9
G0 X137.741 Y103.57
G0 X137.741 Y104.151
G0 X133.744 Y120.005
G0 X132.655 Y120.005
G0 X129.166 Y123.118
G0 X129.166 Y124.207
G0 X115.853 Y150.873
G0 X115.853 Y151.18
;TYPE:WALL-INNER
G1 F2700 E1794.94626
G1 F1500 X128.988 Y151.18 E1795.38314
G1 X128.988 Y124.38 E1796.27451
G1 X102.188 Y124.38 E1797.16588
G1 X102.188 Y151.18 E1798.05725
G1 X115.853 Y151.18 E1798.51175
G0 F9000 X115.861 Y151.58
;TYPE:WALL-OUTER
G1 F1500 X129.388 Y151.58 E1798.96166
G1 X129.388 Y123.98 E1799.87964
G1 X101.788 Y123.98 E1800.79762
G1 X101.788 Y151.58 E1801.7156
G1 X115.861 Y151.58 E1802.18367
G0 F9000 X116.33 Y151.1
;TYPE:FILL
G1 F3000 X123.469 Y124.459 E1803.10101
G0 F9000 X123.469 Y124.693
G0 X121.838 Y124.693
G0 X121.838 Y124.46
G1 F3000 X128.908 Y131.53 E1803.43357
G0 F9000 X128.68 Y131.53
G0 X128.68 Y129.906
G0 X128.907 Y129.906
G1 F3000 X105.649 Y136.138 E1804.23442
G0 F9000 X105.853 Y136.218
G0 X105.268 Y136.841
G0 X104.623 Y137.163
G0 X103.984 Y137.221
G0 X103.043 Y136.975
G0 X103.177 Y136.8
G1 F3000 X102.268 Y137.044 E1804.26572
G0 F9000 X102.5 Y137.044
G0 X102.5 Y138.831
G0 X102.268 Y138.831
G1 F3000 X114.536 Y151.1 E1804.84279
G0 F9000 X114.536 Y150.873
G0 X110.119 Y150.873
G0 X110.119 Y151.1
G1 F3000 X117.257 Y124.459 E1805.76013
G0 F9000 X117.257 Y124.693
G0 X113.353 Y124.693
G0 X113.353 Y124.46
G1 F3000 X127.438 Y138.546 E1806.42267
G0 F9000 X127.458 Y138.328
G0 X126.913 Y138.339
G0 X126.352 Y138.497
G0 X125.575 Y138.967
G0 X125.762 Y139.083
G1 F3000 X128.908 Y127.342 E1806.82695
G0 F9000 X128.68 Y127.342
G0 X126.05 Y124.693
G0 X126.05 Y124.46
G1 F3000 X102.269 Y130.832 E1807.64581
G0 F9000 X102.268 Y130.346
G1 F3000 X123.022 Y151.1 E1808.62202
G0 F9000 X122.542 Y151.101
G1 F3000 X125.357 Y140.595 E1808.98378
G0 F9000 X125.141 Y140.635
G0 X125.27 Y140.99
G0 X125.646 Y141.597
G0 X126.221 Y142.033
G0 X126.782 Y142.191
G0 X128.68 Y142.329
G0 X128.908 Y142.329
G1 F3000 X102.269 Y149.467 E1809.90105
G0 F9000 X102.5 Y149.467
G0 X102.5 Y147.317
G0 X102.268 Y147.317
G1 F3000 X106.051 Y151.1 E1810.07899
G0 F9000 X106.051 Y150.873
G0 X103.907 Y150.873
G0 X103.907 Y151.1
G1 F3000 X111.045 Y124.459 E1810.99633
G0 F9000 X111.045 Y124.693
G0 X104.867 Y124.693
G0 X104.867 Y124.46
G1 F3000 X128.908 Y148.501 E1812.12714
G1 X128.908 Y148.541
G1 X119.356 Y151.1 E1812.45605
G0 F9000 X119.356 Y150.873
G0 X128.753 Y150.873
G0 X128.753 Y151.1
G1 F3000 X128.908 Y150.525 E1812.47585
G0 F9000 X128.68 Y150.525
G0 X125.27 Y140.99
G0 X125.136 Y140.283
G0 X125.27 Y139.576
G0 X125.574 Y139.085
G0 X128.68 Y136.117
G0 X128.908 Y136.117
G1 F3000 X102.269 Y143.255 E1813.39313
G0 F9000 X102.5 Y143.255
G0 X105.752 Y136.311
G0 X106.011 Y135.642
G0 X106.011 Y134.924
G0 X105.752 Y134.255
G0 X105.268 Y133.725
G0 X104.623 Y133.403
G0 X103.913 Y133.339
G0 X103.29 Y133.514
G0 X102.5 Y134.035
G0 X102.268 Y134.035
G1 F3000 X104.834 Y124.46 E1813.72283
G0 F9000 X104.834 Y124.693
G0 X102.868 Y124.693
G0 X102.868 Y124.46
G1 F3000 X102.269 Y124.62 E1813.74345
G0 F9000 X102.5 Y124.62
G0 X106.011 Y134.924
G0 X106.011 Y135.642
G0 X105.752 Y136.311
G0 X105.268 Y136.841
G0 X104.746 Y137.102
G0 X103.861 Y137.276
G0 X103.931 Y137.025
;TYPE:SKIN
G1 F1500 X103.307 Y136.849 E1813.76501
G1 X102.795 Y136.459 E1813.78642
G1 X102.548 Y136.059 E1813.80206
G1 X102.548 Y134.505 E1813.85374
G1 X102.795 Y134.105 E1813.86938
G1 X103.307 Y133.715 E1813.89079
G1 X103.931 Y133.539 E1813.91235
G1 X104.564 Y133.596 E1813.93349
G1 X105.145 Y133.887 E1813.9551
G1 X105.579 Y134.36 E1813.97645
G1 X105.812 Y134.962 E1813.99792
G1 X105.812 Y135.602 E1814.01921
G1 X105.579 Y136.204 E1814.04068
G1 X105.145 Y136.677 E1814.06203
G1 X104.564 Y136.968 E1814.08364
G1 X103.931 Y137.025 E1814.10478
G0 F9000 X103.861 Y137.276
G0 X103.061 Y137.356
G0 X102.485 Y136.928
G0 X102.427 Y136.222
G0 X102.748 Y135.558
G1 F1500 X104.008 Y136.817 E1814.16402
G0 F9000 X104.521 Y136.765
G1 F1500 X102.748 Y134.992 E1814.24742
G0 F9000 X102.8 Y134.478
G1 F1500 X104.898 Y136.576 E1814.3461
G0 F9000 X105.204 Y136.317
G1 F1500 X103.05 Y134.163 E1814.44742
G0 F9000 X103.371 Y133.918
G1 F1500 X105.447 Y135.994 E1814.54507
G0 F9000 X105.605 Y135.586
G1 F1500 X103.803 Y133.784 E1814.62983
G0 F9000 X104.364 Y133.78
G1 F1500 X105.612 Y135.028 E1814.68853
G0 F9000 X106.072 Y135.028
G0 X126.861 Y142.276
G0 X126.931 Y142.025
G1 F1500 X126.307 Y141.849 E1814.7101
G1 X125.795 Y141.459 E1814.7315
G1 X125.458 Y140.917 E1814.75273
G1 X125.336 Y140.281 E1814.77427
G1 X125.458 Y139.647 E1814.79574
G1 X125.795 Y139.105 E1814.81697
G1 X126.307 Y138.715 E1814.83838
G1 X126.931 Y138.539 E1814.85994
G1 X127.564 Y138.596 E1814.88108
G1 X128.145 Y138.887 E1814.90269
G1 X128.579 Y139.36 E1814.92405
G1 X128.628 Y139.486 E1814.92854
G1 X128.628 Y141.078 E1814.98149
G1 X128.579 Y141.204 E1814.98599
G1 X128.145 Y141.677 E1815.00734
G1 X127.564 Y141.968 E1815.02895
G1 X126.931 Y142.025 E1815.05009
G0 F9000 X126.861 Y142.276
G0 X126.221 Y142.033
G0 X125.895 Y141.786
G0 X125.384 Y141.29
G0 X125.775 Y141.049
G1 F1500 X126.38 Y141.653 E1815.07852
G0 F9000 X127.1 Y141.808
G1 F1500 X125.545 Y140.253 E1815.15167
G0 F9000 X125.636 Y139.778
G1 F1500 X127.589 Y141.731 E1815.24353
G0 F9000 X127.967 Y141.543
G1 F1500 X125.838 Y139.415 E1815.34365
G0 F9000 X126.108 Y139.119
G1 F1500 X128.254 Y141.264 E1815.44457
G0 F9000 X128.428 Y140.873
G1 F1500 X126.441 Y138.886 E1815.53803
G0 F9000 X126.883 Y138.762
G1 F1500 X128.428 Y140.308 E1815.61072
G0 F9000 X128.428 Y139.742
G1 F1500 X127.476 Y138.79 E1815.6555
G0 F9000 X127.546 Y138.034
G1 F2700 E1810.6555
;MESH:NONMESH
G0 F300 X127.546 Y138.034 Z2.8
G0 F9000 X102.014 Y124.207
G0 X100.925 Y124.207
G0 X97.075 Y121.431
G0 X97.075 Y120.342
G0 X87.051 Y119.856
G0 X87.051 Y120.164
;TIME_ELAPSED:2447.935214
;LAYER:13
;TYPE:WALL-INNER
;MESH:Supporto.stl(1)
G1 F2700 E1815.6555
G1 F1500 X96.896 Y120.164 E1815.98295
G1 X96.896 Y93.364 E1816.87432
G1 X70.096 Y93.364 E1817.76569
G1 X70.096 Y120.164 E1818.65706
G1 X87.051 Y120.164 E1819.22099
G0 F9000 X87.158 Y120.564
;TYPE:WALL-OUTER
G1 F1500 X97.296 Y120.564 E1819.55818
G1 X97.296 Y92.964 E1820.47616
G1 X69.696 Y92.964 E1821.39414
G1 X69.696 Y120.564 E1822.31212
G1 X87.158 Y120.564 E1822.89291
G0 F9000 X87.806 Y120.084
;TYPE:FILL
G1 F3000 X96.815 Y117.67 E1823.20312
G0 F9000 X96.816 Y117.284
G1 F3000 X72.976 Y93.444 E1824.32448
G0 F9000 X72.596 Y93.443
G1 F3000 X70.176 Y102.473 E1824.63542
G0 F9000 X70.409 Y102.473
G0 X70.409 Y99.961
G0 X70.177 Y99.961
G1 F3000 X94.498 Y93.444 E1825.47288
G0 F9000 X94.498 Y93.676
G0 X91.231 Y93.676
G0 X91.231 Y93.443
G1 F3000 X84.092 Y120.084 E1826.39022
G0 F9000 X84.092 Y119.856
G0 X82.645 Y119.856
G0 X82.645 Y120.084
G1 F3000 X70.175 Y107.614 E1826.97677
G0 F9000 X70.409 Y107.614
G0 X70.409 Y106.173
G0 X70.177 Y106.173
G1 F3000 X71.25 Y105.885 E1827.01372
G0 F9000 X71.19 Y106.096
G0 X71.821 Y106.21
G0 X72.532 Y106.146
G0 X73.054 Y105.886
G0 X73.604 Y105.446
G0 X73.442 Y105.298
G1 F3000 X96.816 Y99.035 E1827.81857
G0 F9000 X96.589 Y99.035
G0 X96.589 Y100.314
G0 X96.816 Y100.314
G1 F3000 X89.947 Y93.444 E1828.14169
G0 F9000 X89.947 Y93.676
G0 X85.019 Y93.676
G0 X85.019 Y93.444
G1 F3000 X77.881 Y120.084 E1829.05899
G0 F9000 X77.881 Y119.856
G0 X74.16 Y119.856
G0 X74.16 Y120.084
G1 F3000 X70.175 Y116.099 E1829.24644
G0 F9000 X70.409 Y116.099
G0 X70.409 Y118.596
G0 X70.177 Y118.596
G1 F3000 X96.815 Y111.458 E1830.16368
G0 F9000 X96.589 Y111.458
G0 X94.821 Y111.21
G0 X94.13 Y111.016
G0 X93.555 Y110.58
G0 X93.176 Y109.97
G0 X93.045 Y109.266
G0 X93.176 Y108.561
G0 X93.556 Y107.949
G0 X94.128 Y107.517
G0 X94.752 Y107.341
G0 X95.726 Y107.415
G0 X95.628 Y107.61
G1 F3000 X81.462 Y93.444 E1830.83
G0 F9000 X81.462 Y93.676
G0 X78.807 Y93.676
G0 X78.807 Y93.444
G1 F3000 X71.669 Y120.084 E1831.74731
G0 F9000 X71.669 Y119.856
G0 X70.409 Y112.384
G0 X70.176 Y112.384
G1 F3000 X96.816 Y105.246 E1832.66461
G0 F9000 X96.589 Y105.246
G0 X93.556 Y107.949
G0 X93.228 Y108.364
G0 X93.413 Y108.48
G1 F3000 X96.816 Y95.782 E1833.10185
G0 F9000 X96.589 Y95.782
G0 X93.001 Y109.176
G0 X93.216 Y109.216
G1 F3000 X90.304 Y120.084 E1833.47608
G0 F9000 X91.131 Y120.084
G1 F3000 X70.176 Y99.129 E1834.46173
G0 F9000 X70.409 Y99.129
G0 X70.409 Y93.749
G0 X70.176 Y93.749
G1 F3000 X71.316 Y93.444 E1834.50098
G1 F2700 E1829.50098
G0 F9000 X71.316 Y93.676
G0 X96.589 Y118.963
G0 X96.816 Y118.963
G1 F2700 E1834.50098
G1 F3000 X96.516 Y120.084 E1834.53958
G0 F9000 X96.516 Y119.856
G0 X95.494 Y111.211
G0 X95.472 Y110.951
;TYPE:SKIN
G1 F1500 X94.839 Y111.005 E1834.56071
G1 X94.219 Y110.833 E1834.58211
G1 X93.703 Y110.442 E1834.60364
G1 X93.362 Y109.894 E1834.62511
G1 X93.248 Y109.264 E1834.64641
G1 X93.362 Y108.634 E1834.6677
G1 X93.703 Y108.086 E1834.68917
G1 X94.215 Y107.699 E1834.71051
G1 X94.839 Y107.523 E1834.73208
G1 X95.472 Y107.58 E1834.75322
G1 X96.057 Y107.871 E1834.77495
G1 X96.486 Y108.343 E1834.79616
G1 X96.536 Y108.47 E1834.8007
G1 X96.536 Y110.062 E1834.85365
G1 X96.487 Y110.184 E1834.85802
G1 X96.053 Y110.661 E1834.87947
G1 X95.472 Y110.951 E1834.90107
G0 F9000 X95.129 Y110.78
G1 F1500 X96.336 Y109.574 E1834.95782
G0 F9000 X96.336 Y109.008
G1 F1500 X94.609 Y110.734 E1835.03903
G0 F9000 X94.206 Y110.572
G1 F1500 X96.32 Y108.458 E1835.13847
G0 F9000 X96.051 Y108.162
G1 F1500 X93.884 Y110.328 E1835.24037
G0 F9000 X93.657 Y109.99
G1 F1500 X95.72 Y107.926 E1835.33743
G0 F9000 X95.314 Y107.767
G1 F1500 X93.508 Y109.573 E1835.42238
G0 F9000 X93.496 Y109.02
G1 F1500 X94.762 Y107.753 E1835.48195
G0 F9000 X94.638 Y107.309
G0 X72.494 Y106.211
G0 X72.472 Y105.952
G1 F1500 X71.839 Y106.005 E1835.50308
G1 X71.219 Y105.833 E1835.52448
G1 X70.703 Y105.443 E1835.54599
G1 X70.456 Y105.043 E1835.56163
G1 X70.456 Y103.485 E1835.61345
G1 X70.703 Y103.085 E1835.62909
G1 X71.215 Y102.699 E1835.65041
G1 X71.839 Y102.523 E1835.67198
G1 X72.472 Y102.58 E1835.69312
G1 X73.057 Y102.871 E1835.71485
G1 X73.486 Y103.343 E1835.73606
G1 X73.72 Y103.946 E1835.75757
G1 X73.72 Y104.586 E1835.77886
G1 X73.487 Y105.184 E1835.80021
G1 X73.053 Y105.661 E1835.82166
G1 X72.472 Y105.952 E1835.84327
G0 F9000 X72.454 Y105.737
G1 F1500 X73.44 Y104.751 E1835.88965
G0 F9000 X73.52 Y104.105
G1 F1500 X71.829 Y105.796 E1835.96919
G0 F9000 X71.387 Y105.672
G1 F1500 X73.396 Y103.664 E1836.06366
G0 F9000 X73.185 Y103.309
G1 F1500 X71.044 Y105.45 E1836.16437
G0 F9000 X70.766 Y105.162
G1 F1500 X72.908 Y103.02 E1836.26512
G0 F9000 X72.531 Y102.832
G1 F1500 X70.656 Y104.706 E1836.35329
G0 F9000 X70.656 Y104.141
G1 F1500 X72.053 Y102.743 E1836.41902
G0 F9000 X71.368 Y102.864
G1 F1500 X70.656 Y103.575 E1836.45249
G1 F2700 E1831.45249
;MESH:TracciaSopra.stl
G0 F9000 X70.303 Y103.241
G0 X70.337 Y93.604
G0 X91.193 Y93.57
G0 X97.075 Y93.19
G0 X98.164 Y93.19
G0 X101.406 Y90.778
G0 X101.406 Y89.689
G0 X115.194 Y89.203
G0 X115.194 Y89.512
;TYPE:WALL-INNER
G1 F2700 E1836.45249
G1 F1500 X128.38 Y89.512 E1836.89106
G1 X128.38 Y62.712 E1837.78243
G1 X101.58 Y62.712 E1838.6738
G1 X101.58 Y89.512 E1839.56517
G1 X115.194 Y89.512 E1840.01798
G0 F9000 X115.201 Y89.912
;TYPE:WALL-OUTER
G1 F1500 X128.78 Y89.912 E1840.46962
G1 X128.78 Y62.312 E1841.3876
G1 X101.18 Y62.312 E1842.30558
G1 X101.18 Y89.912 E1843.22356
G1 X115.201 Y89.912 E1843.6899
G0 F9000 X115.575 Y89.432
;TYPE:FILL
G1 F3000 X122.714 Y62.791 E1844.60724
G0 F9000 X122.714 Y63.023
G0 X121.429 Y63.023
G0 X121.429 Y62.792
G1 F3000 X128.3 Y69.663 E1844.93043
G0 F9000 X128.072 Y69.663
G0 X128.072 Y68.382
G0 X128.3 Y68.382
G1 F3000 X104.924 Y74.645 E1845.73534
G0 F9000 X105.086 Y74.793
G0 X104.659 Y75.172
G0 X104.014 Y75.493
G0 X103.44 Y75.545
G0 X102.677 Y75.444
G0 X102.737 Y75.231
G1 F3000 X101.661 Y75.519 E1845.77239
G0 F9000 X101.892 Y75.519
G0 X101.892 Y76.964
G0 X101.66 Y76.964
G1 F3000 X114.128 Y89.431 E1846.35882
G0 F9000 X114.128 Y89.203
G0 X109.364 Y89.203
G0 X109.364 Y89.433
G1 F3000 X116.502 Y62.792 E1847.27616
G0 F9000 X116.502 Y63.023
G0 X112.944 Y63.023
G0 X112.944 Y62.792
G1 F3000 X127.109 Y76.957 E1847.94244
G0 F9000 X127.207 Y76.761
G0 X126.305 Y76.669
G0 X125.612 Y76.864
G0 X125.148 Y77.215
G0 X124.711 Y77.712
G0 X124.896 Y77.828
G1 F3000 X128.3 Y65.127 E1848.37978
G0 F9000 X128.072 Y65.127
G0 X125.978 Y63.023
G0 X125.978 Y62.792
G1 F3000 X101.66 Y69.308 E1849.21714
G0 F9000 X101.66 Y68.478
G1 F3000 X122.613 Y89.431 E1850.2027
G0 F9000 X121.787 Y89.432
G1 F3000 X124.7 Y78.563 E1850.57696
G0 F9000 X124.484 Y78.522
G0 X124.659 Y79.317
G0 X125.039 Y79.929
G0 X125.612 Y80.362
G0 X126.005 Y80.473
G0 X128.072 Y80.805
G0 X128.3 Y80.805
G1 F3000 X101.66 Y87.943 E1851.49427
G0 F9000 X101.892 Y87.943
G0 X103.152 Y89.203
G0 X103.152 Y89.432
G1 F3000 X110.29 Y62.792 E1852.41157
G0 F9000 X110.29 Y63.023
G0 X104.459 Y63.023
G0 X104.459 Y62.792
G1 F3000 X128.3 Y86.633 E1853.53298
G0 F9000 X128.299 Y87.017
G1 F3000 X119.285 Y89.432 E1853.84336
G0 F9000 X119.285 Y89.203
G0 X127.999 Y89.203
G0 X127.999 Y89.432
G1 F3000 X128.3 Y88.308 E1853.88206
G0 F9000 X128.072 Y88.308
G0 X124.659 Y79.317
G0 X124.528 Y78.613
G0 X124.659 Y77.909
G0 X124.967 Y77.413
G0 X128.072 Y74.593
G0 X128.3 Y74.593
G1 F3000 X101.661 Y81.731 E1854.79934
G0 F9000 X101.892 Y81.731
G0 X101.892 Y85.449
G0 X101.66 Y85.449
G1 F3000 X105.642 Y89.431 E1854.98664
G0 F9000 X105.642 Y89.203
G0 X105.402 Y73.254
G0 X105.143 Y72.585
G0 X104.659 Y72.054
G0 X104.014 Y71.733
G0 X103.44 Y71.681
G0 X101.892 Y71.82
G0 X101.66 Y71.82
G1 F3000 X104.079 Y62.792 E1855.2975
G0 F9000 X104.079 Y63.023
G0 X102.796 Y63.023
G0 X102.796 Y62.792
G1 F3000 X101.661 Y63.096 E1855.33658
G0 F9000 X101.892 Y63.096
G0 X105.402 Y73.254
G0 X105.402 Y73.972
G0 X105.143 Y74.641
G0 X104.659 Y75.172
G0 X104.137 Y75.432
G0 X103.251 Y75.605
G0 X103.323 Y75.353
;TYPE:SKIN
G1 F1500 X102.699 Y75.177 E1855.35815
G1 X102.187 Y74.791 E1855.37947
G1 X101.94 Y74.391 E1855.39511
G1 X101.94 Y72.833 E1855.44693
G1 X102.187 Y72.433 E1855.46257
G1 X102.699 Y72.046 E1855.48391
G1 X103.324 Y71.867 E1855.50554
G1 X103.952 Y71.924 E1855.52651
G1 X104.537 Y72.215 E1855.54824
G1 X104.97 Y72.691 E1855.56964
G1 X105.2 Y73.29 E1855.59098
G1 X105.2 Y73.931 E1855.6123
G1 X104.97 Y74.533 E1855.63374
G1 X104.537 Y75.005 E1855.65504
G1 X103.952 Y75.296 E1855.67677
G1 X103.323 Y75.353 E1855.69778
G0 F9000 X103.632 Y75.124
G1 F1500 X105 Y73.757 E1855.7621
G0 F9000 X104.962 Y73.229
G1 F1500 X103.106 Y75.085 E1855.8494
G0 F9000 X102.698 Y74.927
G1 F1500 X104.805 Y72.82 E1855.94851
G0 F9000 X104.541 Y72.518
G1 F1500 X102.376 Y74.683 E1856.05034
G0 F9000 X102.148 Y74.346
G1 F1500 X104.216 Y72.278 E1856.14762
G0 F9000 X103.816 Y72.112
G1 F1500 X102.14 Y73.788 E1856.22645
G0 F9000 X102.14 Y73.222
G1 F1500 X103.272 Y72.09 E1856.2797
G0 F9000 X103.149 Y71.649
G0 X103.927 Y71.725
G0 X126.251 Y80.605
G0 X126.323 Y80.353
G1 F1500 X125.699 Y80.177 E1856.30126
G1 X125.187 Y79.79 E1856.32261
G1 X124.846 Y79.242 E1856.34407
G1 X124.728 Y78.612 E1856.36539
G1 X124.846 Y77.982 E1856.38671
G1 X125.187 Y77.434 E1856.40818
G1 X125.699 Y77.046 E1856.42954
G1 X126.324 Y76.867 E1856.45117
G1 X126.952 Y76.924 E1856.47214
G1 X127.536 Y77.215 E1856.49384
G1 X127.968 Y77.693 E1856.51527
G1 X128.02 Y77.82 E1856.51984
G1 X128.02 Y79.404 E1856.57252
G1 X127.968 Y79.531 E1856.57708
G1 X127.537 Y80.005 E1856.59839
G1 X126.952 Y80.296 E1856.62012
G1 X126.323 Y80.353 E1856.64113
G0 F9000 X126.984 Y80.057
G1 F1500 X127.82 Y79.221 E1856.68045
G0 F9000 X127.82 Y78.655
G1 F1500 X126.329 Y80.146 E1856.75059
G0 F9000 X125.887 Y80.023
G1 F1500 X127.82 Y78.089 E1856.84153
G0 F9000 X127.675 Y77.669
G1 F1500 X125.538 Y79.805 E1856.94203
G0 F9000 X125.256 Y79.522
G1 F1500 X127.406 Y77.372 E1857.04316
G0 F9000 X127.028 Y77.184
G1 F1500 X125.04 Y79.173 E1857.13669
G0 F9000 X124.948 Y78.699
G1 F1500 X126.558 Y77.089 E1857.21242
G0 F9000 X125.879 Y77.202
G1 F1500 X125.055 Y78.026 E1857.25118
G0 F9000 X124.411 Y77.626
G1 F2700 E1852.25118
;MESH:TracciaSotto.stl
G0 F9000 X124.634 Y79.148
G0 X128.558 Y89.689
G0 X129.647 Y89.689
G0 X132.655 Y92.853
G0 X133.744 Y92.853
G0 X144.212 Y119.519
G0 X144.212 Y119.828
;TYPE:WALL-INNER
G1 F2700 E1857.25118
G1 F1500 X160.72 Y119.828 E1857.80023
G1 X160.72 Y93.028 E1858.69161
G1 X133.92 Y93.028 E1859.58298
G1 X133.92 Y119.828 E1860.47435
G1 X144.212 Y119.828 E1860.81666
G0 F9000 X144.12 Y120.228
;TYPE:WALL-OUTER
G1 F1500 X161.12 Y120.228 E1861.38209
G1 X161.12 Y92.628 E1862.30006
G1 X133.52 Y92.628 E1863.21804
G1 X133.52 Y120.228 E1864.13602
G1 X144.12 Y120.228 E1864.48858
G0 F9000 X144.12 Y119.519
G0 X146.467 Y119.519
G0 X146.467 Y119.748
;TYPE:FILL
G1 F3000 X134 Y107.282 E1865.07497
G0 F9000 X134.23 Y107.282
G0 X134.23 Y105.834
G0 X134.001 Y105.834
G1 F3000 X135.069 Y105.548 E1865.11174
G0 F9000 X135.01 Y105.759
G0 X135.643 Y105.873
G0 X136.353 Y105.809
G0 X136.875 Y105.549
G0 X137.426 Y105.108
G0 X137.265 Y104.96
G1 F3000 X160.639 Y98.697 E1865.91659
G0 F9000 X160.41 Y98.697
G0 X160.41 Y99.981
G0 X160.641 Y99.981
G1 F3000 X153.768 Y93.108 E1866.23987
G0 F9000 X153.768 Y93.339
G0 X155.052 Y93.339
G0 X155.052 Y93.108
G1 F3000 X147.914 Y119.748 E1867.15718
G0 F9000 X147.914 Y119.519
G0 X151.621 Y119.519
G0 X151.621 Y119.748
G1 F3000 X160.639 Y117.331 E1867.4677
G0 F9000 X160.641 Y116.951
G1 F3000 X136.798 Y93.108 E1868.58921
G0 F9000 X136.417 Y93.108
G1 F3000 X134 Y102.13 E1868.89986
G0 F9000 X134.23 Y102.13
G0 X134.23 Y99.622
G0 X134.001 Y99.622
G1 F3000 X158.314 Y93.108 E1869.73703
G0 F9000 X158.314 Y93.339
G0 X160.41 Y95.439
G0 X160.639 Y95.439
G1 F3000 X157.235 Y108.145 E1870.17454
G0 F9000 X157.035 Y108.889
G1 F3000 X154.126 Y119.748 E1870.54845
G0 F9000 X154.952 Y119.748
G1 F3000 X134 Y98.796 E1871.53397
G0 F9000 X134.23 Y98.796
G0 X134.23 Y93.411
G0 X134.001 Y93.411
G1 F3000 X135.133 Y93.108 E1871.57294
G0 F9000 X135.133 Y93.339
G0 X142.629 Y93.339
G0 X142.629 Y93.108
G1 F3000 X135.49 Y119.749 E1872.49029
G0 F9000 X135.49 Y119.519
G0 X134.23 Y118.258
G0 X134 Y118.258
G1 F3000 X160.64 Y111.12 E1873.40759
G0 F9000 X160.41 Y111.12
G0 X158.643 Y110.873
G0 X157.951 Y110.679
G0 X157.376 Y110.243
G0 X157 Y109.636
G0 X156.866 Y108.929
G0 X157 Y108.222
G0 X157.376 Y107.615
G0 X157.951 Y107.179
G0 X158.574 Y107.004
G0 X159.545 Y107.077
G0 X159.447 Y107.272
G1 F3000 X145.283 Y93.108 E1874.07382
G0 F9000 X145.283 Y93.339
G0 X148.841 Y93.339
G0 X148.841 Y93.107
G1 F3000 X141.702 Y119.749 E1874.9912
G0 F9000 X141.702 Y119.519
G0 X137.981 Y119.519
G0 X137.981 Y119.748
G1 F3000 X134 Y115.767 E1875.17845
G0 F9000 X134.23 Y115.767
G0 X134.23 Y112.046
G0 X134.001 Y112.046
G1 F3000 X160.639 Y104.908 E1876.0957
G0 F9000 X160.41 Y104.908
G0 X157.376 Y107.615
G0 X157 Y108.222
G0 X156.866 Y108.929
G0 X156.975 Y109.501
G0 X160.41 Y118.62
G0 X160.639 Y118.62
G1 F3000 X160.337 Y119.749 E1876.13457
G0 F9000 X160.337 Y119.519
G0 X158.592 Y110.922
G0 X158.663 Y110.669
;TYPE:SKIN
G1 F1500 X158.039 Y110.493 E1876.15613
G1 X157.523 Y110.106 E1876.17758
G1 X157.186 Y109.562 E1876.19887
G1 X157.068 Y108.928 E1876.22032
G1 X157.186 Y108.294 E1876.24177
G1 X157.523 Y107.749 E1876.26308
G1 X158.039 Y107.359 E1876.28459
G1 X158.663 Y107.187 E1876.30612
G1 X159.293 Y107.241 E1876.32715
G1 X159.877 Y107.531 E1876.34884
G1 X160.307 Y108.004 E1876.3701
G1 X160.36 Y108.138 E1876.37489
G1 X160.36 Y109.717 E1876.42741
G1 X160.307 Y109.848 E1876.43211
G1 X159.877 Y110.321 E1876.45337
G1 X159.292 Y110.612 E1876.4751
G1 X158.663 Y110.669 E1876.49611
G0 F9000 X158.592 Y110.922
G0 X159.023 Y110.858
G0 X159.799 Y110.655
G0 X159.593 Y110.239
G1 F1500 X160.16 Y109.672 E1876.52278
G0 F9000 X160.16 Y109.107
G1 F1500 X158.812 Y110.454 E1876.58616
G0 F9000 X158.332 Y110.369
G1 F1500 X160.16 Y108.541 E1876.67214
G0 F9000 X160.081 Y108.054
G1 F1500 X157.954 Y110.181 E1876.77219
G0 F9000 X157.645 Y109.924
G1 F1500 X159.812 Y107.757 E1876.87412
G0 F9000 X159.458 Y107.545
G1 F1500 X157.429 Y109.575 E1876.96958
G0 F9000 X157.309 Y109.128
G1 F1500 X159.02 Y107.418 E1877.05004
G0 F9000 X158.407 Y107.465
G1 F1500 X157.347 Y108.525 E1877.0999
G0 F9000 X156.897 Y108.44
G0 X135.592 Y105.922
G0 X135.663 Y105.669
G1 F1500 X135.039 Y105.493 E1877.12146
G1 X134.523 Y105.107 E1877.14289
G1 X134.28 Y104.707 E1877.15846
G1 X134.28 Y103.145 E1877.21041
G1 X134.523 Y102.749 E1877.22587
G1 X135.039 Y102.359 E1877.24738
G1 X135.663 Y102.187 E1877.26891
G1 X136.293 Y102.241 E1877.28994
G1 X136.877 Y102.531 E1877.31163
G1 X137.306 Y103.003 E1877.33284
G1 X137.54 Y103.606 E1877.35435
G1 X137.54 Y104.246 E1877.37564
G1 X137.306 Y104.848 E1877.39712
G1 X136.877 Y105.321 E1877.41836
G1 X136.292 Y105.612 E1877.44009
G1 X135.663 Y105.669 E1877.4611
G0 F9000 X136.121 Y105.427
G1 F1500 X137.34 Y104.208 E1877.51844
G0 F9000 X137.339 Y103.643
G1 F1500 X135.552 Y105.43 E1877.60249
G0 F9000 X135.115 Y105.301
G1 F1500 X137.181 Y103.235 E1877.69967
G0 F9000 X136.946 Y102.905
G1 F1500 X134.792 Y105.058 E1877.80096
G0 F9000 X134.538 Y104.747
G1 F1500 X136.646 Y102.639 E1877.90012
G0 F9000 X136.268 Y102.451
G1 F1500 X134.48 Y104.239 E1877.98422
G0 F9000 X134.48 Y103.673
G1 F1500 X135.758 Y102.395 E1878.04433
G0 F9000 X135.8 Y101.939
G0 X135.112 Y102.133
G0 X134.515 Y102.433
G0 X134.791 Y102.797
G1 F1500 X134.63 Y102.958 E1878.05191
G1 F2700 E1873.05191
;MESH:Supporto.stl
G0 F9000 X134.241 Y102.717
G0 X134.112 Y103.021
G0 X133.744 Y120.005
G0 X132.655 Y120.005
G0 X129.166 Y123.118
G0 X129.166 Y124.207
G0 X115.853 Y150.873
G0 X115.853 Y151.18
;TYPE:WALL-INNER
G1 F2700 E1878.05191
G1 F1500 X128.988 Y151.18 E1878.48878
G1 X128.988 Y124.38 E1879.38015
G1 X102.188 Y124.38 E1880.27152
G1 X102.188 Y151.18 E1881.16289
G1 X115.853 Y151.18 E1881.61739
G0 F9000 X115.861 Y151.58
;TYPE:WALL-OUTER
G1 F1500 X129.388 Y151.58 E1882.0673
G1 X129.388 Y123.98 E1882.98528
G1 X101.788 Y123.98 E1883.90326
G1 X101.788 Y151.58 E1884.82124
G1 X115.861 Y151.58 E1885.28931
G0 F9000 X116.184 Y151.1
;TYPE:FILL
G1 F3000 X123.323 Y124.459 E1886.20666
G0 F9000 X123.323 Y124.693
G0 X122.037 Y124.693
G0 X122.037 Y124.46
G1 F3000 X128.908 Y131.33 E1886.52982
G0 F9000 X128.68 Y131.33
G0 X128.68 Y130.052
G0 X128.907 Y130.052
G1 F3000 X105.533 Y136.315 E1887.33467
G0 F9000 X105.694 Y136.463
G0 X105.268 Y136.841
G0 X104.623 Y137.163
G0 X104.048 Y137.215
G0 X103.282 Y137.113
G0 X103.341 Y136.902
G1 F3000 X102.269 Y137.189 E1887.37158
G0 F9000 X102.5 Y137.189
G0 X102.5 Y138.632
G0 X102.268 Y138.632
G1 F3000 X114.736 Y151.1 E1887.95804
G0 F9000 X114.736 Y150.873
G0 X109.973 Y150.873
G0 X109.973 Y151.101
G1 F3000 X117.111 Y124.459 E1888.87541
G0 F9000 X117.111 Y124.693
G0 X113.552 Y124.693
G0 X113.552 Y124.46
G1 F3000 X127.722 Y138.63 E1889.54192
G0 F9000 X127.82 Y138.434
G0 X126.913 Y138.339
G0 X126.221 Y138.533
G0 X125.755 Y138.886
G0 X125.318 Y139.384
G0 X125.504 Y139.499
G1 F3000 X128.908 Y126.797 E1889.9793
G0 F9000 X128.68 Y126.797
G0 X126.594 Y124.693
G0 X126.594 Y124.46
G1 F3000 X102.268 Y130.978 E1890.81692
G0 F9000 X102.268 Y130.147
G1 F3000 X123.221 Y151.1 E1891.80249
G0 F9000 X122.396 Y151.101
G1 F3000 X125.305 Y140.243 E1892.17636
G0 F9000 X125.09 Y140.202
G0 X125.27 Y140.99
G0 X125.646 Y141.597
G0 X126.221 Y142.033
G0 X126.614 Y142.144
G0 X128.68 Y142.475
G0 X128.908 Y142.475
G1 F3000 X102.268 Y149.613 E1893.09367
G0 F9000 X102.5 Y149.613
G0 X103.761 Y150.873
G0 X103.761 Y151.1
G1 F3000 X110.899 Y124.46 E1894.01097
G0 F9000 X110.899 Y124.693
G0 X105.067 Y124.693
G0 X105.067 Y124.46
G1 F3000 X128.908 Y148.302 E1895.1324
G0 F9000 X128.907 Y148.687
G1 F3000 X119.901 Y151.1 E1895.44251
G0 F9000 X119.901 Y150.873
G0 X128.607 Y150.873
G0 X128.607 Y151.101
G1 F3000 X128.908 Y149.98 E1895.48112
G0 F9000 X128.68 Y149.98
G0 X125.27 Y140.99
G0 X125.136 Y140.283
G0 X125.27 Y139.576
G0 X125.574 Y139.085
G0 X128.68 Y136.263
G0 X128.908 Y136.263
G1 F3000 X102.269 Y143.401 E1896.39839
G0 F9000 X102.5 Y143.401
G0 X102.5 Y147.117
G0 X102.268 Y147.117
G1 F3000 X106.251 Y151.1 E1896.58574
G0 F9000 X106.251 Y150.873
G0 X106.011 Y134.924
G0 X105.752 Y134.255
G0 X105.268 Y133.725
G0 X104.623 Y133.403
G0 X104.048 Y133.351
G0 X102.5 Y133.49
G0 X102.268 Y133.49
G1 F3000 X104.688 Y124.459 E1896.89671
G0 F9000 X104.688 Y124.693
G0 X103.412 Y124.693
G0 X103.412 Y124.46
G1 F3000 X102.269 Y124.766 E1896.93606
G0 F9000 X102.5 Y124.766
G0 X106.011 Y134.924
G0 X106.011 Y135.642
G0 X105.752 Y136.311
G0 X105.268 Y136.841
G0 X104.746 Y137.102
G0 X103.861 Y137.276
G0 X103.931 Y137.025
;TYPE:SKIN
G1 F1500 X103.307 Y136.849 E1896.95763
G1 X102.795 Y136.459 E1896.97903
G1 X102.548 Y136.059 E1896.99467
G1 X102.548 Y134.505 E1897.04635
G1 X102.795 Y134.105 E1897.06199
G1 X103.307 Y133.715 E1897.0834
G1 X103.931 Y133.539 E1897.10496
G1 X104.564 Y133.596 E1897.1261
G1 X105.145 Y133.887 E1897.14771
G1 X105.579 Y134.36 E1897.16906
G1 X105.812 Y134.962 E1897.19053
G1 X105.812 Y135.602 E1897.21182
G1 X105.579 Y136.204 E1897.23329
G1 X105.145 Y136.677 E1897.25464
G1 X104.564 Y136.968 E1897.27625
G1 X103.931 Y137.025 E1897.29739
G0 F9000 X104.179 Y136.803
G1 F1500 X105.612 Y135.37 E1897.3648
G0 F9000 X105.558 Y134.859
G1 F1500 X103.671 Y136.745 E1897.45353
G0 F9000 X103.276 Y136.575
G1 F1500 X105.395 Y134.456 E1897.5532
G0 F9000 X105.125 Y134.16
G1 F1500 X102.955 Y136.329 E1897.65525
G0 F9000 X102.748 Y135.971
G1 F1500 X104.788 Y133.931 E1897.75121
G0 F9000 X104.374 Y133.78
G1 F1500 X102.748 Y135.405 E1897.82766
G0 F9000 X102.748 Y134.84
G1 F1500 X103.805 Y133.782 E1897.87741
G0 F9000 X103.683 Y133.34
G0 X104.529 Y133.397
G0 X126.861 Y142.276
G0 X126.931 Y142.025
G1 F1500 X126.307 Y141.849 E1897.89897
G1 X125.795 Y141.459 E1897.92038
G1 X125.458 Y140.917 E1897.9416
G1 X125.336 Y140.281 E1897.96314
G1 X125.458 Y139.647 E1897.98462
G1 X125.795 Y139.105 E1898.00584
G1 X126.307 Y138.715 E1898.02725
G1 X126.931 Y138.539 E1898.04882
G1 X127.564 Y138.596 E1898.06995
G1 X128.145 Y138.887 E1898.09157
G1 X128.579 Y139.36 E1898.11292
G1 X128.628 Y139.486 E1898.11741
G1 X128.628 Y141.078 E1898.17036
G1 X128.579 Y141.204 E1898.17486
G1 X128.145 Y141.677 E1898.19621
G1 X127.564 Y141.968 E1898.21782
G1 X126.931 Y142.025 E1898.23896
G0 F9000 X127.493 Y141.773
G1 F1500 X128.428 Y140.839 E1898.28292
G0 F9000 X128.428 Y140.273
G1 F1500 X126.894 Y141.807 E1898.35507
G0 F9000 X126.452 Y141.683
G1 F1500 X128.428 Y139.707 E1898.44802
G0 F9000 X128.26 Y139.309
G1 F1500 X126.116 Y141.453 E1898.54887
G0 F9000 X125.845 Y141.159
G1 F1500 X127.977 Y139.026 E1898.64917
G0 F9000 X127.6 Y138.838
G1 F1500 X125.639 Y140.798 E1898.74139
G0 F9000 X125.549 Y140.323
G1 F1500 X127.116 Y138.756 E1898.81509
G0 F9000 X126.414 Y138.892
G1 F1500 X125.75 Y139.556 E1898.84633
G0 F9000 X125.105 Y139.157
G1 F2700 E1893.84633
;MESH:NONMESH
G0 F300 X125.105 Y139.157 Z3
G0 F9000 X102.014 Y124.207
G0 X100.925 Y124.207
G0 X97.075 Y121.431
G0 X70.202 Y104.131
;TIME_ELAPSED:2556.299157
;LAYER:14
;TYPE:WALL-INNER
;MESH:Supporto.stl(1)
G1 F2700 E1898.84633
G1 F980.4 X70.201 Y104.385 E1898.85925
G0 F9000 X70.849 Y105.314
G0 X71.306 Y105.659
G0 X71.856 Y105.815
G0 X95.424 Y107.769
G0 X96.671 Y108.296
G0 X96.788 Y109.064
G1 F966.2 X96.783 Y109.591 E1898.88647
G0 F9000 X96.671 Y110.236
G0 X96.395 Y110.574
G0 X87.051 Y119.856
G0 X87.051 Y120.164
G1 F1500 X96.896 Y120.164 E1899.21391
G1 X96.896 Y110.141 E1899.54728
G1 F1315.8 X96.796 Y109.57 E1899.56926
G1 X96.374 Y110.25 E1899.5996
G1 F1500 X96.029 Y110.627 E1899.6166
G1 X95.471 Y110.906 E1899.63735
G1 X94.956 Y110.957 E1899.65456
G1 X94.729 Y110.937 E1899.66214
G1 X94.232 Y110.794 E1899.67934
G1 X93.732 Y110.408 E1899.70035
G1 X93.4 Y109.872 E1899.72132
G1 X93.287 Y109.27 E1899.74169
G1 X93.398 Y108.665 E1899.76215
G1 X93.731 Y108.118 E1899.78345
G1 X94.242 Y107.732 E1899.80475
G1 X94.729 Y107.591 E1899.82162
G1 X94.956 Y107.571 E1899.82919
G1 X95.471 Y107.622 E1899.84641
G1 X95.929 Y107.851 E1899.86344
G1 X96.103 Y107.982 E1899.87068
G1 F1321.6 X96.426 Y108.334 E1899.88872
G1 F1067.6 X96.788 Y109.064 E1899.92679
G1 F1102.9 X96.861 Y108.798 E1899.93927
G1 F1376.1 X96.896 Y108.39 E1899.95412
G1 F1500 X96.896 Y93.364 E1900.45388
G1 X70.096 Y93.364 E1901.34526
G1 X70.097 Y103.728 E1901.68996
G1 F1183.4 X70.202 Y104.131 E1901.70752
G1 X70.382 Y103.755 E1901.72509
G1 F1500 X70.46 Y103.553 E1901.7323
G1 X70.672 Y103.209 E1901.74574
G1 X70.823 Y103.044 E1901.75318
G1 X71.235 Y102.734 E1901.77032
G1 X71.729 Y102.591 E1901.78743
G1 X71.956 Y102.57 E1901.79501
G1 X72.471 Y102.621 E1901.81222
G1 X73.027 Y102.906 E1901.833
G1 X73.457 Y103.375 E1901.85417
G1 X73.678 Y103.953 E1901.87475
G1 X73.68 Y104.573 E1901.89537
G1 X73.45 Y105.166 E1901.91653
G1 X73.014 Y105.635 E1901.93782
G1 X72.468 Y105.907 E1901.95811
G1 X71.956 Y105.958 E1901.97523
G1 X71.729 Y105.937 E1901.98281
G1 X71.235 Y105.794 E1901.99991
G1 X70.823 Y105.484 E1902.01706
G1 X70.672 Y105.319 E1902.0245
G1 X70.46 Y104.975 E1902.03794
G1 X70.382 Y104.773 E1902.04514
G1 F1188.1 X70.201 Y104.385 E1902.06312
G1 X70.097 Y104.8 E1902.08109
G1 F1500 X70.096 Y120.164 E1902.5921
G1 X87.051 Y120.164 E1903.15602
G0 F9000 X87.158 Y120.564
;TYPE:WALL-OUTER
G1 F1500 X97.296 Y120.564 E1903.49321
G1 X97.296 Y92.964 E1904.41119
G1 X69.696 Y92.964 E1905.32917
G1 X69.696 Y120.564 E1906.24715
G1 X87.158 Y120.564 E1906.82794
G1 F2700 E1901.82794
G0 F9000 X87.158 Y119.856
G0 X95.674 Y111.154
G0 X95.357 Y110.515
G1 F2700 E1906.82794
G1 F1500 X94.874 Y110.563 E1906.84408
G1 X94.415 Y110.426 E1906.86002
G1 X94.043 Y110.147 E1906.87548
G1 X93.784 Y109.731 E1906.89178
G1 X93.693 Y109.265 E1906.90757
G1 X93.784 Y108.797 E1906.92343
G1 X94.045 Y108.379 E1906.93982
G1 X94.42 Y108.096 E1906.95545
G1 X94.875 Y107.965 E1906.97119
G1 X95.357 Y108.013 E1906.9873
G1 X95.784 Y108.226 E1907.00318
G1 X96.105 Y108.575 E1907.01895
G1 X96.28 Y109.025 E1907.03501
G1 X96.278 Y109.503 E1907.0509
G1 X96.106 Y109.952 E1907.0669
G1 X95.784 Y110.302 E1907.08271
G1 X95.357 Y110.515 E1907.09858
G1 F2700 E1902.09858
G0 F9000 X95.674 Y111.154
G0 X94.904 Y111.213
G0 X72.678 Y106.152
G0 X72.36 Y105.511
G1 F2700 E1907.09858
G1 F1500 X71.879 Y105.564 E1907.11468
G1 X71.418 Y105.431 E1907.13064
G1 X71.033 Y105.141 E1907.14667
G1 X70.782 Y104.734 E1907.16257
G1 X70.691 Y104.265 E1907.17846
G1 X70.782 Y103.794 E1907.19442
G1 X71.033 Y103.387 E1907.21032
G1 X71.418 Y103.097 E1907.22635
G1 X71.877 Y102.964 E1907.24225
G1 X72.355 Y103.011 E1907.25822
G1 X72.772 Y103.221 E1907.27375
G1 X73.102 Y103.571 E1907.28975
G1 X73.28 Y104.044 E1907.30656
G1 X73.278 Y104.502 E1907.32179
G1 X73.106 Y104.945 E1907.3376
G1 X72.789 Y105.294 E1907.35328
G1 X72.36 Y105.511 E1907.36927
G0 F9000 X73.255 Y105.495
;TYPE:FILL
G1 F3000 X96.816 Y99.182 E1908.18056
G0 F9000 X96.816 Y100.113
G1 F3000 X90.148 Y93.444 E1908.49422
G0 F9000 X91.084 Y93.443
G1 F3000 X83.945 Y120.084 E1909.41157
G0 F9000 X83.945 Y119.856
G0 X82.846 Y119.856
G0 X82.846 Y120.084
G1 F3000 X70.176 Y107.414 E1910.00753
G0 F9000 X70.409 Y107.414
G0 X70.409 Y106.32
G0 X70.177 Y106.32
G1 F3000 X71.52 Y105.96 E1910.05377
G0 F9000 X71.457 Y106.181
G0 X71.818 Y106.22
G0 X72.535 Y106.155
G0 X73.183 Y105.833
G0 X73.669 Y105.299
G0 X73.929 Y104.626
G0 X73.929 Y103.906
G0 X73.669 Y103.233
G0 X73.183 Y102.699
G0 X72.658 Y102.438
G0 X70.409 Y101.922
G0 X70.177 Y101.922
G1 F3000 X72.449 Y93.443 E1910.34573
G0 F9000 X71.865 Y93.444
G1 F3000 X70.176 Y93.896 E1910.40389
G0 F9000 X70.409 Y93.896
G0 X73.177 Y93.676
G0 X73.177 Y93.444
G1 F3000 X96.816 Y117.083 E1911.51579
G0 F9000 X96.815 Y117.817
G1 F3000 X88.354 Y120.084 E1911.80713
G0 F9000 X88.354 Y119.856
G0 X90.157 Y119.856
G0 X90.157 Y120.084
G1 F3000 X96.816 Y95.234 E1912.66281
G0 F9000 X96.589 Y95.234
G0 X95.047 Y93.676
G0 X95.047 Y93.444
G1 F3000 X70.177 Y100.108 E1913.51917
G0 F9000 X70.409 Y100.108
G0 X70.409 Y98.928
G0 X70.176 Y98.928
G1 F3000 X91.331 Y120.084 E1914.51426
G0 F9000 X91.331 Y119.856
G0 X96.369 Y119.856
G0 X96.369 Y120.084
G1 F3000 X96.816 Y118.415 E1914.57172
G0 F9000 X96.589 Y118.415
G0 X96.589 Y111.605
G0 X96.815 Y111.605
G1 F3000 X70.177 Y118.743 E1915.48897
G0 F9000 X70.409 Y118.743
G0 X71.522 Y119.856
G0 X71.522 Y120.084
G1 F3000 X78.66 Y93.444 E1916.40627
G0 F9000 X78.66 Y93.676
G0 X81.662 Y93.676
G0 X81.662 Y93.444
G1 F3000 X96.106 Y107.888 E1917.08567
G0 F9000 X96.334 Y108.116
G1 F3000 X96.75 Y108.532 E1917.10524
G0 F9000 X96.671 Y108.296
G0 X96.589 Y105.393
G0 X96.816 Y105.393
G1 F3000 X70.176 Y112.531 E1918.02254
G0 F9000 X70.409 Y112.531
G0 X70.409 Y115.899
G0 X70.176 Y115.899
G1 F3000 X74.361 Y120.084 E1918.21939
G0 F9000 X74.361 Y119.856
G0 X77.734 Y119.856
G0 X77.734 Y120.084
G1 F3000 X84.872 Y93.443 E1919.13673
G0 F9000 X84.872 Y93.976
G1 F2700 E1914.13673
;MESH:TracciaSopra.stl
G0 F9000 X97.075 Y93.19
G0 X98.164 Y93.19
G0 X101.406 Y90.778
G0 X101.686 Y73.738
;TYPE:WALL-INNER
G1 F2700 E1919.13673
G1 F983.6 X101.686 Y73.486 E1919.14951
G0 F9000 X101.819 Y72.655
G0 X102.031 Y72.291
G0 X102.608 Y71.855
G0 X103.302 Y71.659
G0 X104.018 Y71.724
G0 X104.666 Y72.046
G0 X105.059 Y72.479
G0 X115.194 Y89.203
G0 X115.194 Y89.512
G1 F1500 X128.38 Y89.512 E1919.58808
G1 X128.38 Y79.478 E1919.92181
G1 F1310 X128.276 Y78.917 E1919.94354
G1 X127.858 Y79.598 E1919.97397
G1 F1500 X127.587 Y79.894 E1919.98732
G1 X127.411 Y80.026 E1919.99464
G1 X127.047 Y80.206 E1920.00814
G1 X126.834 Y80.266 E1920.0155
G1 X126.325 Y80.312 E1920.0325
G1 X125.714 Y80.144 E1920.05358
G1 X125.208 Y79.749 E1920.07493
G1 X124.881 Y79.23 E1920.09533
G1 X124.773 Y78.62 E1920.11594
G1 X124.888 Y77.982 E1920.1375
G1 X125.216 Y77.465 E1920.15786
G1 X125.722 Y77.079 E1920.17903
G1 X126.215 Y76.939 E1920.19607
G1 X126.434 Y76.918 E1920.20339
G1 X126.834 Y76.954 E1920.21675
G1 X127.051 Y77.016 E1920.22426
G1 X127.514 Y77.25 E1920.24151
G1 F1318.7 X127.908 Y77.681 E1920.2636
G1 F1061.9 X128.27 Y78.408 E1920.30176
G1 F1096.9 X128.343 Y78.145 E1920.31417
G1 F1373 X128.38 Y77.743 E1920.32884
G1 F1500 X128.38 Y62.712 E1920.82877
G1 X101.58 Y62.712 E1921.72015
G1 X101.58 Y73.083 E1922.06509
G1 F1188.1 X101.686 Y73.486 E1922.08258
G1 X101.861 Y73.108 E1922.10008
G1 F1500 X101.943 Y72.896 E1922.10764
G1 X102.216 Y72.461 E1922.12472
G1 X102.712 Y72.083 E1922.14546
G1 X103.215 Y71.938 E1922.16287
G1 X103.434 Y71.918 E1922.17018
G1 X103.95 Y71.964 E1922.18741
G1 X104.512 Y72.254 E1922.20845
G1 X104.933 Y72.714 E1922.22919
G1 X105.158 Y73.297 E1922.24997
G1 X105.156 Y73.921 E1922.27073
G1 X104.94 Y74.508 E1922.29153
G1 X104.507 Y74.973 E1922.31266
G1 X103.948 Y75.256 E1922.3335
G1 X103.325 Y75.312 E1922.35431
G1 X102.828 Y75.175 E1922.37145
G1 X102.624 Y75.074 E1922.37903
G1 X102.216 Y74.763 E1922.39609
G1 X101.943 Y74.328 E1922.41317
G1 X101.861 Y74.116 E1922.42073
G1 F1188.1 X101.686 Y73.738 E1922.43822
G1 X101.58 Y74.141 E1922.45572
G1 F1500 X101.58 Y89.512 E1922.96696
G1 X115.194 Y89.512 E1923.41976
G0 F9000 X115.194 Y89.203
G0 X127.666 Y80.18
G0 X128.154 Y79.583
G0 X128.265 Y78.935
G1 F960 X128.27 Y78.408 E1923.44715
G1 F2700 E1918.44715
G0 F9000 X128.154 Y77.643
G0 X127.666 Y77.046
G0 X127.018 Y76.724
G0 X126.302 Y76.659
G0 X125.608 Y76.855
G0 X125.031 Y77.291
G0 X124.651 Y77.905
G0 X124.518 Y78.613
G0 X124.651 Y79.321
G0 X125.031 Y79.935
G0 X125.498 Y80.288
G0 X126.168 Y80.593
G0 X126.362 Y79.907
;TYPE:WALL-OUTER
G1 F2700 E1923.44715
G1 F1500 X125.895 Y79.774 E1923.4633
G1 X125.527 Y79.495 E1923.47866
G1 X125.264 Y79.079 E1923.49503
G1 X125.177 Y78.611 E1923.51086
G1 X125.263 Y78.138 E1923.52685
G1 X125.517 Y77.739 E1923.54259
G1 X125.899 Y77.445 E1923.55862
G1 X126.361 Y77.313 E1923.5746
G1 X126.836 Y77.355 E1923.59046
G1 X127.268 Y77.574 E1923.60657
G1 X127.589 Y77.923 E1923.62234
G1 X127.76 Y78.37 E1923.63826
G1 X127.758 Y78.847 E1923.65412
G1 X127.591 Y79.299 E1923.67015
G1 X127.267 Y79.651 E1923.68606
G1 X126.835 Y79.865 E1923.7021
G1 X126.362 Y79.907 E1923.71789
G1 F2700 E1918.71789
G0 F9000 X126.168 Y80.593
G0 X115.201 Y89.203
G0 X115.201 Y89.912
G1 F2700 E1923.71789
G1 F1500 X128.78 Y89.912 E1924.16953
G1 X128.78 Y62.312 E1925.08751
G1 X101.18 Y62.312 E1926.00549
G1 X101.18 Y89.912 E1926.92347
G1 X115.201 Y89.912 E1927.38981
G1 F2700 E1922.38981
G0 F9000 X115.201 Y89.203
G0 X103.17 Y75.593
G0 X103.364 Y74.907
G1 F2700 E1927.38981
G1 F1500 X102.895 Y74.778 E1927.40599
G1 X102.518 Y74.49 E1927.42177
G1 X102.262 Y74.084 E1927.43773
G1 X102.176 Y73.614 E1927.45362
G1 X102.262 Y73.14 E1927.46965
G1 X102.518 Y72.734 E1927.48561
G1 X102.895 Y72.446 E1927.50139
G1 X103.361 Y72.313 E1927.51751
G1 X103.838 Y72.356 E1927.53344
G1 X104.275 Y72.584 E1927.54983
G1 X104.581 Y72.917 E1927.56487
G1 X104.76 Y73.388 E1927.58163
G1 X104.759 Y73.837 E1927.59657
G1 X104.59 Y74.293 E1927.61274
G1 X104.273 Y74.642 E1927.62842
G1 X103.839 Y74.86 E1927.64457
G1 X103.364 Y74.907 E1927.66045
G0 F9000 X103.006 Y75.306
;TYPE:FILL
G1 F3000 X101.66 Y75.667 E1927.7068
G0 F9000 X101.892 Y75.667
G0 X101.892 Y76.763
G0 X101.66 Y76.763
G1 F3000 X114.329 Y89.431 E1928.30269
G0 F9000 X114.329 Y89.203
G0 X115.428 Y89.203
G0 X115.428 Y89.432
G1 F3000 X122.567 Y62.791 E1929.22003
G0 F9000 X121.63 Y62.792
G1 F3000 X128.3 Y69.462 E1929.53377
G0 F9000 X128.3 Y68.529
G1 F3000 X104.74 Y74.841 E1930.34501
G0 F9000 X104.913 Y74.999
G0 X105.152 Y74.646
G0 X105.412 Y73.973
G0 X105.412 Y73.253
G0 X105.152 Y72.58
G0 X104.666 Y72.046
G0 X104.141 Y71.785
G0 X101.892 Y71.27
G0 X101.66 Y71.27
G1 F3000 X103.932 Y62.792 E1930.63694
G0 F9000 X103.345 Y62.792
G1 F3000 X101.661 Y63.243 E1930.69493
G0 F9000 X101.892 Y63.243
G0 X104.66 Y63.023
G0 X104.66 Y62.792
G1 F3000 X128.3 Y86.432 E1931.80688
G0 F9000 X128.299 Y87.164
G1 F3000 X119.834 Y89.432 E1932.09836
G0 F9000 X119.834 Y89.203
G0 X121.64 Y89.203
G0 X121.64 Y89.432
G1 F3000 X128.3 Y64.578 E1932.95417
G0 F9000 X128.072 Y64.578
G0 X126.527 Y63.023
G0 X126.527 Y62.792
G1 F3000 X101.66 Y69.455 E1933.81043
G0 F9000 X101.892 Y69.455
G0 X101.892 Y68.278
G0 X101.66 Y68.278
G1 F3000 X122.814 Y89.431 E1934.80542
G0 F9000 X122.814 Y89.203
G0 X127.852 Y89.203
G0 X127.852 Y89.433
G1 F3000 X128.3 Y87.759 E1934.86306
G0 F9000 X128.072 Y87.759
G0 X128.072 Y80.952
G0 X128.3 Y80.952
G1 F3000 X101.66 Y88.09 E1935.78036
G0 F9000 X101.892 Y88.09
G0 X103.005 Y89.203
G0 X103.005 Y89.432
G1 F3000 X110.143 Y62.792 E1936.69767
G0 F9000 X110.143 Y63.023
G0 X113.145 Y63.023
G0 X113.145 Y62.792
G1 F3000 X127.587 Y77.234 E1937.37698
G0 F9000 X127.818 Y77.465
G1 F3000 X128.235 Y77.882 E1937.39659
G0 F9000 X128.154 Y77.643
G0 X128.072 Y74.74
G0 X128.3 Y74.74
G1 F3000 X101.661 Y81.878 E1938.31386
G0 F9000 X101.892 Y81.878
G0 X101.892 Y85.248
G0 X101.66 Y85.248
G1 F3000 X105.843 Y89.431 E1938.51062
G0 F9000 X105.843 Y89.203
G0 X109.217 Y89.203
G0 X109.217 Y89.433
G1 F3000 X116.355 Y62.791 E1939.42799
G0 F9000 X116.355 Y63.323
G1 F2700 E1934.42799
;MESH:TracciaSotto.stl
G0 F9000 X128.558 Y89.689
G0 X129.647 Y89.689
G0 X132.655 Y92.853
G0 X134.026 Y103.802
;TYPE:WALL-INNER
G1 F2700 E1939.42799
G1 F983.6 X134.026 Y104.054 E1939.44077
G0 F9000 X134.157 Y104.886
G0 X144.212 Y119.519
G0 X144.212 Y119.828
G1 F1500 X160.72 Y119.828 E1939.98983
G1 X160.72 Y109.793 E1940.32359
G1 F1310 X160.617 Y109.232 E1940.34531
G1 X160.198 Y109.911 E1940.3757
G1 F1500 X159.848 Y110.292 E1940.39291
G1 X159.389 Y110.521 E1940.40997
G1 X159.174 Y110.582 E1940.4174
G1 X158.665 Y110.628 E1940.4344
G1 X158.054 Y110.46 E1940.45548
G1 X157.548 Y110.065 E1940.47683
G1 X157.221 Y109.546 E1940.49723
G1 X157.11 Y108.921 E1940.51834
G1 X157.228 Y108.301 E1940.53933
G1 X157.555 Y107.779 E1940.55982
G1 X158.065 Y107.394 E1940.58107
G1 X158.555 Y107.255 E1940.59801
G1 X158.774 Y107.234 E1940.60533
G1 X159.174 Y107.27 E1940.61869
G1 X159.389 Y107.331 E1940.62612
G1 X159.749 Y107.511 E1940.63951
G1 X159.925 Y107.644 E1940.64685
G1 F1318.7 X160.251 Y108.004 E1940.66522
G1 F1061.9 X160.61 Y108.724 E1940.70302
G1 F1098.9 X160.684 Y108.459 E1940.71551
G1 F1376.1 X160.72 Y108.06 E1940.73003
G1 F1500 X160.72 Y93.028 E1941.23
G1 X133.92 Y93.028 E1942.12137
G1 X133.92 Y103.399 E1942.46631
G1 F1188.1 X134.026 Y103.802 E1942.48381
G1 X134.201 Y103.424 E1942.5013
G1 F1500 X134.282 Y103.215 E1942.50876
G1 X134.498 Y102.867 E1942.52238
G1 X134.648 Y102.704 E1942.52975
G1 X135.056 Y102.398 E1942.54671
G1 X135.555 Y102.254 E1942.56398
G1 X135.774 Y102.234 E1942.5713
G1 X136.291 Y102.281 E1942.58856
G1 X136.864 Y102.575 E1942.60998
G1 X137.274 Y103.037 E1942.63053
G1 X137.498 Y103.614 E1942.65112
G1 X137.496 Y104.253 E1942.67237
G1 X137.275 Y104.824 E1942.69273
G1 X136.859 Y105.28 E1942.71326
G1 X136.29 Y105.572 E1942.73453
G1 X135.664 Y105.628 E1942.75544
G1 X135.168 Y105.491 E1942.77255
G1 X134.964 Y105.39 E1942.78012
G1 X134.556 Y105.079 E1942.79719
G1 X134.283 Y104.644 E1942.81427
G1 X134.201 Y104.432 E1942.82183
G1 F1188.1 X134.026 Y104.054 E1942.83932
G1 X133.92 Y104.457 E1942.85682
G1 F1500 X133.92 Y119.828 E1943.36806
G1 X144.212 Y119.828 E1943.71037
G0 F9000 X144.212 Y119.519
G0 X160.003 Y110.496
G0 X160.492 Y109.903
G0 X160.605 Y109.251
G1 F960 X160.61 Y108.724 E1943.73776
G1 F2700 E1938.73776
G0 F9000 X160.492 Y107.955
G0 X160.003 Y107.362
G0 X159.356 Y107.04
G0 X158.64 Y106.975
G0 X157.946 Y107.171
G0 X157.37 Y107.607
G0 X156.99 Y108.22
G0 X156.856 Y108.929
G0 X156.99 Y109.638
G0 X157.37 Y110.251
G0 X157.836 Y110.604
G0 X158.508 Y110.909
G0 X158.702 Y110.223
;TYPE:WALL-OUTER
G1 F2700 E1943.73776
G1 F1500 X158.235 Y110.09 E1943.75391
G1 X157.867 Y109.811 E1943.76927
G1 X157.604 Y109.395 E1943.78564
G1 X157.52 Y108.91 E1943.80201
G1 X157.6 Y108.473 E1943.81679
G1 X157.869 Y108.039 E1943.83377
G1 X158.224 Y107.772 E1943.84855
G1 X158.7 Y107.629 E1943.86508
G1 X159.175 Y107.671 E1943.88094
G1 X159.605 Y107.887 E1943.89694
G1 X159.93 Y108.246 E1943.91305
G1 X160.1 Y108.685 E1943.92871
G1 X160.098 Y109.163 E1943.9446
G1 X159.929 Y109.613 E1943.96059
G1 X159.604 Y109.966 E1943.97655
G1 X159.175 Y110.181 E1943.99251
G1 X158.702 Y110.223 E1944.00831
G1 F2700 E1939.00831
G0 F9000 X158.508 Y110.909
G0 X144.12 Y119.519
G0 X144.12 Y120.228
G1 F2700 E1944.00831
G1 F1500 X161.12 Y120.228 E1944.57373
G1 X161.12 Y92.628 E1945.49171
G1 X133.52 Y92.628 E1946.40969
G1 X133.52 Y120.228 E1947.32767
G1 X144.12 Y120.228 E1947.68022
G1 F2700 E1942.68022
G0 F9000 X144.12 Y119.519
G0 X135.768 Y105.933
G0 X135.704 Y105.223
G1 F2700 E1947.68022
G1 F1500 X135.235 Y105.094 E1947.6964
G1 X134.858 Y104.806 E1947.71218
G1 X134.602 Y104.4 E1947.72815
G1 X134.516 Y103.93 E1947.74404
G1 X134.602 Y103.459 E1947.75996
G1 X134.857 Y103.047 E1947.77608
G1 X135.239 Y102.761 E1947.79195
G1 X135.702 Y102.628 E1947.80797
G1 X136.18 Y102.676 E1947.82395
G1 X136.592 Y102.882 E1947.83927
G1 X136.927 Y103.24 E1947.85558
G1 X137.1 Y103.685 E1947.87146
G1 X137.099 Y104.153 E1947.88702
G1 X136.929 Y104.612 E1947.9033
G1 X136.609 Y104.958 E1947.91898
G1 X136.18 Y105.176 E1947.93498
G1 X135.704 Y105.223 E1947.95089
G0 F9000 X135.343 Y105.622
;TYPE:FILL
G1 F3000 X134.001 Y105.981 E1947.9971
G0 F9000 X134.23 Y105.981
G0 X134.23 Y107.08
G0 X134 Y107.08
G1 F3000 X146.667 Y119.748 E1948.59294
G0 F9000 X146.667 Y119.519
G0 X147.767 Y119.519
G0 X147.767 Y119.748
G1 F3000 X154.905 Y93.108 E1949.51024
G0 F9000 X153.969 Y93.108
G1 F3000 X160.64 Y99.779 E1949.82403
G0 F9000 X160.639 Y98.844
G1 F3000 X137.073 Y105.158 E1950.63548
G0 F9000 X137.247 Y105.318
G0 X137.491 Y104.963
G0 X137.751 Y104.289
G0 X137.751 Y103.569
G0 X137.491 Y102.895
G0 X137.003 Y102.362
G0 X136.479 Y102.101
G0 X134.23 Y101.577
G0 X134.001 Y101.577
G1 F3000 X136.27 Y93.108 E1950.92709
G0 F9000 X135.681 Y93.108
G1 F3000 X134.001 Y93.558 E1950.98494
G0 F9000 X134.23 Y93.558
G0 X136.998 Y93.339
G0 X136.998 Y93.108
G1 F3000 X160.641 Y116.75 E1952.09701
G0 F9000 X160.639 Y117.478
G1 F3000 X152.17 Y119.748 E1952.38863
G0 F9000 X152.17 Y119.519
G0 X153.978 Y119.519
G0 X153.978 Y119.749
G1 F3000 X160.639 Y94.89 E1953.24462
G0 F9000 X160.41 Y94.89
G0 X158.863 Y93.339
G0 X158.863 Y93.108
G1 F3000 X134.001 Y99.769 E1954.10069
G0 F9000 X134.23 Y99.769
G0 X134.23 Y98.595
G0 X134 Y98.595
G1 F3000 X155.153 Y119.748 E1955.09567
G0 F9000 X155.153 Y119.519
G0 X160.19 Y119.519
G0 X160.19 Y119.749
G1 F3000 X160.639 Y118.072 E1955.15341
G0 F9000 X160.41 Y118.072
G0 X160.41 Y111.267
G0 X160.64 Y111.267
G1 F3000 X134 Y118.405 E1956.07071
G0 F9000 X134.23 Y118.405
G0 X135.343 Y119.519
G0 X135.343 Y119.749
G1 F3000 X142.482 Y93.108 E1956.98806
G0 F9000 X142.482 Y93.339
G0 X145.484 Y93.339
G0 X145.484 Y93.108
G1 F3000 X159.916 Y107.54 E1957.66689
G0 F9000 X160.16 Y107.785
G1 F3000 X160.574 Y108.199 E1957.68637
G0 F9000 X160.492 Y107.955
G0 X160.41 Y105.055
G0 X160.639 Y105.055
G1 F3000 X134.001 Y112.193 E1958.60361
G0 F9000 X134.23 Y112.193
G0 X134.23 Y115.565
G0 X134 Y115.565
G1 F3000 X138.182 Y119.748 E1958.80034
G0 F9000 X138.182 Y119.519
G0 X141.555 Y119.519
G0 X141.555 Y119.749
G1 F3000 X148.694 Y93.107 E1959.71772
G0 F9000 X148.694 Y93.639
G1 F2700 E1954.71772
;MESH:Supporto.stl
G0 F9000 X133.744 Y120.005
G0 X132.655 Y120.005
G0 X129.166 Y123.118
G0 X128.88 Y140.08
;TYPE:WALL-INNER
G1 F2700 E1959.71772
G1 F966.2 X128.875 Y140.607 E1959.74493
G0 F9000 X128.762 Y141.257
G0 X128.366 Y141.738
G0 X115.853 Y150.873
G0 X115.853 Y151.18
G1 F1500 X128.988 Y151.18 E1960.1818
G1 X128.988 Y141.157 E1960.51517
G1 F1315.8 X128.888 Y140.586 E1960.53715
G1 X128.466 Y141.267 E1960.56753
G1 F1500 X128.117 Y141.647 E1960.58469
G1 X127.663 Y141.876 E1960.6016
G1 X127.446 Y141.938 E1960.60911
G1 X127.042 Y141.974 E1960.6226
G1 X126.823 Y141.953 E1960.62991
G1 X126.323 Y141.811 E1960.6472
G1 X125.829 Y141.43 E1960.66795
G1 X125.492 Y140.887 E1960.68921
G1 X125.379 Y140.286 E1960.70955
G1 X125.49 Y139.681 E1960.73
G1 X125.826 Y139.131 E1960.75144
G1 X126.333 Y138.75 E1960.77254
G1 X126.823 Y138.611 E1960.78948
G1 X127.042 Y138.59 E1960.79679
G1 X127.557 Y138.636 E1960.81399
G1 X128.014 Y138.862 E1960.83095
G1 X128.193 Y138.996 E1960.83838
G1 F1321.6 X128.52 Y139.357 E1960.85677
G1 F1067.6 X128.88 Y140.08 E1960.89451
G1 F1105 X128.953 Y139.811 E1960.9071
G1 F1379.3 X128.988 Y139.407 E1960.92177
G1 F1500 X128.988 Y124.38 E1961.42157
G1 X102.188 Y124.38 E1962.31294
G1 X102.189 Y134.744 E1962.65765
G1 F1183.4 X102.294 Y135.147 E1962.6752
G1 X102.474 Y134.771 E1962.69278
G1 F1500 X102.555 Y134.564 E1962.70017
G1 X102.829 Y134.129 E1962.71727
G1 X103.32 Y133.755 E1962.7378
G1 X103.823 Y133.61 E1962.75521
G1 X104.042 Y133.59 E1962.76252
G1 X104.56 Y133.636 E1962.77982
G1 X105.131 Y133.926 E1962.80112
G1 X105.542 Y134.389 E1962.82171
G1 X105.769 Y134.962 E1962.84221
G1 X105.772 Y135.588 E1962.86303
G1 X105.543 Y136.18 E1962.88414
G1 X105.128 Y136.635 E1962.90463
G1 X104.563 Y136.928 E1962.9258
G1 X104.042 Y136.974 E1962.94319
G1 X103.823 Y136.954 E1962.95051
G1 X103.431 Y136.842 E1962.96406
G1 X103.232 Y136.742 E1962.97147
G1 X102.825 Y136.432 E1962.98849
G1 X102.554 Y135.993 E1963.00565
G1 X102.474 Y135.789 E1963.01294
G1 F1188.1 X102.293 Y135.401 E1963.03091
G1 X102.189 Y135.816 E1963.04888
G1 F1500 X102.188 Y151.18 E1963.55989
G1 X115.853 Y151.18 E1964.01439
G0 F9000 X115.853 Y150.873
G0 X102.64 Y136.605
G0 X102.427 Y136.24
G0 X102.293 Y135.401
G1 F980.4 X102.294 Y135.147 E1964.02731
G1 F2700 E1959.02731
G0 F9000 X102.427 Y134.326
G0 X102.64 Y133.961
G0 X103.216 Y133.525
G0 X103.91 Y133.329
G0 X104.627 Y133.394
G0 X105.273 Y133.716
G0 X105.761 Y134.249
G0 X106.021 Y134.923
G0 X106.021 Y135.643
G0 X105.761 Y136.317
G0 X105.273 Y136.85
G0 X104.692 Y137.14
G0 X103.775 Y137.262
G0 X103.969 Y136.579
;TYPE:WALL-OUTER
G1 F2700 E1964.02731
G1 F1500 X103.503 Y136.446 E1964.04343
G1 X103.128 Y136.16 E1964.05912
G1 X102.874 Y135.75 E1964.07516
G1 X102.783 Y135.281 E1964.09105
G1 X102.874 Y134.808 E1964.10707
G1 X103.129 Y134.403 E1964.12299
G1 X103.503 Y134.118 E1964.13863
G1 X103.97 Y133.984 E1964.15479
G1 X104.451 Y134.032 E1964.17086
G1 X104.86 Y134.233 E1964.18602
G1 X105.189 Y134.589 E1964.20214
G1 X105.369 Y135.043 E1964.21839
G1 X105.37 Y135.518 E1964.23419
G1 X105.198 Y135.961 E1964.24999
G1 X104.877 Y136.314 E1964.26586
G1 X104.449 Y136.537 E1964.28191
G1 X103.969 Y136.579 E1964.29794
G1 F2700 E1959.29794
G0 F9000 X103.775 Y137.262
G0 X115.861 Y150.873
G0 X115.861 Y151.58
G1 F2700 E1964.29794
G1 F1500 X129.388 Y151.58 E1964.74785
G1 X129.388 Y123.98 E1965.66583
G1 X101.788 Y123.98 E1966.58381
G1 X101.788 Y151.58 E1967.50179
G1 X115.861 Y151.58 E1967.96986
G1 F2700 E1962.96986
G0 F9000 X115.861 Y150.873
G0 X126.775 Y142.262
G0 X126.968 Y141.579
G1 F2700 E1967.96986
G1 F1500 X126.503 Y141.442 E1967.98598
G1 X126.123 Y141.149 E1968.00194
G1 X125.876 Y140.747 E1968.01763
G1 X125.785 Y140.281 E1968.03343
G1 X125.876 Y139.806 E1968.04951
G1 X126.129 Y139.407 E1968.06522
G1 X126.507 Y139.117 E1968.08107
G1 X126.969 Y138.985 E1968.09705
G1 X127.447 Y139.027 E1968.11301
G1 X127.872 Y139.237 E1968.12878
G1 X128.199 Y139.598 E1968.14498
G1 X128.372 Y140.04 E1968.16077
G1 X128.37 Y140.519 E1968.1767
G1 X128.198 Y140.967 E1968.19266
G1 X127.872 Y141.323 E1968.20871
G1 X127.448 Y141.537 E1968.22451
G1 X126.968 Y141.579 E1968.24054
G0 F9000 X126.775 Y142.262
G0 X128.68 Y142.622
G0 X128.908 Y142.622
;TYPE:FILL
G1 F3000 X102.268 Y149.76 E1969.15784
G0 F9000 X102.5 Y149.76
G0 X103.614 Y150.873
G0 X103.614 Y151.1
G1 F3000 X110.752 Y124.46 E1970.07515
G0 F9000 X110.752 Y124.693
G0 X113.753 Y124.693
G0 X113.753 Y124.46
G1 F3000 X128.193 Y138.9 E1970.75436
G0 F9000 X128.414 Y139.121
G1 F3000 X128.841 Y139.548 E1970.77444
G0 F9000 X128.762 Y139.309
G0 X128.68 Y136.41
G0 X128.908 Y136.41
G1 F3000 X102.269 Y143.548 E1971.69172
G0 F9000 X102.5 Y143.548
G0 X102.5 Y146.916
G0 X102.268 Y146.916
G1 F3000 X106.451 Y151.1 E1971.8885
G0 F9000 X106.451 Y150.873
G0 X109.826 Y150.873
G0 X109.826 Y151.101
G1 F3000 X116.964 Y124.459 E1972.80587
G0 F9000 X116.964 Y124.693
G0 X122.238 Y124.693
G0 X122.238 Y124.46
G1 F3000 X128.908 Y131.129 E1973.11958
G0 F9000 X128.907 Y130.199
G1 F3000 X105.342 Y136.513 E1973.931
G0 F9000 X105.516 Y136.673
G0 X104.627 Y137.172
G0 X104.221 Y137.208
G0 X103.549 Y137.198
G0 X103.612 Y136.977
G1 F3000 X102.269 Y137.336 E1973.97724
G0 F9000 X102.5 Y137.336
G0 X102.5 Y138.432
G0 X102.269 Y138.432
G1 F3000 X114.937 Y151.1 E1974.5731
G0 F9000 X114.937 Y150.873
G0 X116.037 Y150.873
G0 X116.037 Y151.1
G1 F3000 X123.176 Y124.459 E1975.49045
G0 F9000 X123.176 Y124.693
G0 X127.143 Y124.693
G0 X127.143 Y124.46
G1 F3000 X102.267 Y131.125 E1976.34701
G0 F9000 X102.5 Y131.125
G0 X102.5 Y129.944
G0 X102.267 Y129.944
G1 F3000 X123.422 Y151.1 E1977.3421
G0 F9000 X123.422 Y150.873
G0 X122.249 Y150.873
G0 X122.249 Y151.101
G1 F3000 X128.908 Y126.249 E1978.19784
G0 F9000 X128.68 Y126.249
G0 X125.26 Y139.574
G0 X125.126 Y140.283
G0 X125.235 Y140.857
G0 X128.68 Y148.101
G0 X128.908 Y148.101
G1 F3000 X105.268 Y124.46 E1979.30981
G0 F9000 X104.541 Y124.459
G1 F3000 X102.267 Y132.945 E1979.60202
G0 F9000 X102.5 Y132.945
G0 X102.5 Y124.913
G0 X102.269 Y124.913
G1 F3000 X103.961 Y124.46 E1979.66028
G1 F2700 E1974.66028
G0 F9000 X103.961 Y124.693
G0 X120.45 Y150.873
G0 X120.45 Y151.1
G1 F2700 E1979.66028
G1 F3000 X128.907 Y148.834 E1979.95148
G0 F9000 X128.908 Y149.432
G1 F3000 X128.46 Y151.101 E1980.00895
G0 F9000 X128.38 Y150.573
G1 F2700 E1975.00895
;MESH:NONMESH
G0 F300 X128.38 Y150.573 Z3.2
G0 F9000 X102.014 Y124.207
G0 X100.925 Y124.207
G0 X97.075 Y121.431
G0 X70.202 Y104.131
;TIME_ELAPSED:2662.764476
;LAYER:15
;TYPE:WALL-INNER
;MESH:Supporto.stl(1)
G1 F2700 E1980.00895
G1 F980.4 X70.201 Y104.385 E1980.02188
G0 F9000 X70.784 Y105.221
G0 X87.051 Y119.856
G0 X87.051 Y120.164
G1 F1500 X96.896 Y120.164 E1980.34933
G1 X96.896 Y110.141 E1980.68269
G1 F1315.8 X96.796 Y109.57 E1980.70467
G1 X96.374 Y110.25 E1980.73502
G1 F1500 X96.029 Y110.627 E1980.75201
G1 X95.471 Y110.906 E1980.77276
G1 X94.956 Y110.957 E1980.78998
G1 X94.729 Y110.937 E1980.79756
G1 X94.232 Y110.794 E1980.81476
G1 X93.732 Y110.408 E1980.83577
G1 X93.4 Y109.872 E1980.85674
G1 X93.287 Y109.27 E1980.87711
G1 X93.398 Y108.665 E1980.89757
G1 X93.731 Y108.118 E1980.91887
G1 X94.242 Y107.732 E1980.94017
G1 X94.729 Y107.591 E1980.95703
G1 X94.956 Y107.571 E1980.96461
G1 X95.471 Y107.622 E1980.98182
G1 X95.929 Y107.851 E1980.99885
G1 X96.103 Y107.982 E1981.0061
G1 F1321.6 X96.426 Y108.334 E1981.02413
G1 F1067.6 X96.788 Y109.064 E1981.06221
G1 F1102.9 X96.861 Y108.798 E1981.07469
G1 F1376.1 X96.896 Y108.39 E1981.08953
G1 F1500 X96.896 Y93.364 E1981.5893
G1 X70.096 Y93.364 E1982.48067
G1 X70.097 Y103.728 E1982.82538
G1 F1183.4 X70.202 Y104.131 E1982.84293
G1 X70.382 Y103.755 E1982.86051
G1 F1500 X70.46 Y103.553 E1982.86771
G1 X70.672 Y103.209 E1982.88115
G1 X70.823 Y103.044 E1982.88859
G1 X71.235 Y102.734 E1982.90574
G1 X71.729 Y102.591 E1982.92284
G1 X71.956 Y102.57 E1982.93043
G1 X72.471 Y102.621 E1982.94764
G1 X73.027 Y102.906 E1982.96842
G1 X73.457 Y103.375 E1982.98958
G1 X73.678 Y103.953 E1983.01016
G1 X73.68 Y104.573 E1983.03078
G1 X73.45 Y105.166 E1983.05194
G1 X73.014 Y105.635 E1983.07324
G1 X72.468 Y105.907 E1983.09353
G1 X71.956 Y105.958 E1983.11064
G1 X71.729 Y105.937 E1983.11822
G1 X71.235 Y105.794 E1983.13533
G1 X70.823 Y105.484 E1983.15248
G1 X70.672 Y105.319 E1983.15992
G1 X70.46 Y104.975 E1983.17336
G1 X70.382 Y104.773 E1983.18056
G1 F1188.1 X70.201 Y104.385 E1983.19854
G1 X70.097 Y104.8 E1983.2165
G1 F1500 X70.096 Y120.164 E1983.72751
G1 X87.051 Y120.164 E1984.29143
G0 F9000 X87.051 Y119.856
G0 X96.669 Y110.299
G0 X96.783 Y109.591
G1 F966.2 X96.788 Y109.064 E1984.31865
G1 F2700 E1979.31865
G0 F9000 X96.671 Y108.296
G0 X96.183 Y107.699
G0 X95.535 Y107.377
G0 X94.818 Y107.312
G0 X94.125 Y107.508
G0 X93.548 Y107.944
G0 X93.168 Y108.556
G0 X93.035 Y109.266
G0 X93.168 Y109.974
G0 X93.548 Y110.588
G0 X94.125 Y111.024
G0 X94.749 Y111.2
G0 X95.674 Y111.154
G0 X95.357 Y110.515
;TYPE:WALL-OUTER
G1 F2700 E1984.31865
G1 F1500 X94.874 Y110.563 E1984.33479
G1 X94.415 Y110.426 E1984.35072
G1 X94.043 Y110.147 E1984.36619
G1 X93.784 Y109.731 E1984.38249
G1 X93.693 Y109.265 E1984.39828
G1 X93.784 Y108.797 E1984.41414
G1 X94.045 Y108.379 E1984.43053
G1 X94.42 Y108.096 E1984.44615
G1 X94.875 Y107.965 E1984.4619
G1 X95.357 Y108.013 E1984.47801
G1 X95.784 Y108.226 E1984.49388
G1 X96.105 Y108.575 E1984.50965
G1 X96.28 Y109.025 E1984.52571
G1 X96.278 Y109.503 E1984.54161
G1 X96.106 Y109.952 E1984.5576
G1 X95.784 Y110.302 E1984.57342
G1 X95.357 Y110.515 E1984.58929
G1 F2700 E1979.58929
G0 F9000 X95.674 Y111.154
G0 X87.158 Y119.856
G0 X87.158 Y120.564
G1 F2700 E1984.58929
G1 F1500 X97.296 Y120.564 E1984.92648
G1 X97.296 Y92.964 E1985.84446
G1 X69.696 Y92.964 E1986.76244
G1 X69.696 Y120.564 E1987.68042
G1 X87.158 Y120.564 E1988.26121
G1 F2700 E1983.26121
G0 F9000 X87.158 Y119.856
G0 X72.678 Y106.152
G0 X72.36 Y105.511
G1 F2700 E1988.26121
G1 F1500 X71.879 Y105.564 E1988.27731
G1 X71.418 Y105.431 E1988.29327
G1 X71.033 Y105.141 E1988.3093
G1 X70.782 Y104.734 E1988.3252
G1 X70.691 Y104.265 E1988.34109
G1 X70.782 Y103.794 E1988.35705
G1 X71.033 Y103.387 E1988.37295
G1 X71.418 Y103.097 E1988.38898
G1 X71.877 Y102.964 E1988.40488
G1 X72.355 Y103.011 E1988.42085
G1 X72.772 Y103.221 E1988.43638
G1 X73.102 Y103.571 E1988.45238
G1 X73.28 Y104.044 E1988.46919
G1 X73.278 Y104.502 E1988.48442
G1 X73.106 Y104.945 E1988.50023
G1 X72.789 Y105.294 E1988.51591
G1 X72.36 Y105.511 E1988.5319
G0 F9000 X73.063 Y105.692
;TYPE:FILL
G1 F3000 X96.816 Y99.328 E1989.34979
G0 F9000 X96.816 Y99.913
G1 F3000 X90.347 Y93.444 E1989.65407
G0 F9000 X90.938 Y93.443
G1 F3000 X83.799 Y120.084 E1990.57142
G0 F9000 X83.045 Y120.084
G1 F3000 X70.176 Y107.214 E1991.17676
G0 F9000 X70.178 Y106.465
G1 F3000 X71.828 Y106.023 E1991.23358
G0 F9000 X71.759 Y106.267
G0 X72.535 Y106.155
G0 X73.183 Y105.833
G0 X73.669 Y105.299
G0 X73.929 Y104.626
G0 X73.929 Y103.906
G0 X73.669 Y103.233
G0 X73.232 Y102.752
G0 X70.409 Y101.377
G0 X70.177 Y101.377
G1 F3000 X72.303 Y93.443 E1991.50677
G1 X72.41 Y93.444
G1 X70.177 Y94.042 E1991.58366
G0 F9000 X70.409 Y94.042
G0 X73.376 Y93.676
G0 X73.376 Y93.444
G1 F3000 X96.816 Y116.884 E1992.6862
G0 F9000 X96.816 Y117.87
G1 F3000 X96.223 Y120.084 E1992.76244
G0 F9000 X96.223 Y119.856
G0 X96.589 Y117.963
G0 X96.815 Y117.963
G1 F3000 X88.899 Y120.084 E1993.03501
G0 F9000 X88.899 Y119.856
G0 X90.011 Y119.856
G0 X90.011 Y120.084
G1 F3000 X96.816 Y94.688 E1993.90948
G0 F9000 X96.589 Y94.688
G0 X95.591 Y93.676
G0 X95.591 Y93.444
G1 F3000 X70.177 Y100.254 E1994.78458
G0 F9000 X70.409 Y100.254
G0 X70.409 Y98.729
G0 X70.176 Y98.729
G1 F3000 X91.531 Y120.084 E1995.78905
G0 F9000 X91.531 Y119.856
G0 X96.589 Y111.751
G0 X96.815 Y111.751
G1 F3000 X70.177 Y118.889 E1996.70629
G0 F9000 X70.409 Y118.889
G0 X71.376 Y119.856
G0 X71.376 Y120.084
G1 F3000 X78.514 Y93.443 E1997.62363
G0 F9000 X78.514 Y93.676
G0 X81.862 Y93.676
G0 X81.862 Y93.444
G1 F3000 X96.816 Y108.399 E1998.32704
G0 F9000 X96.671 Y108.296
G0 X96.589 Y105.539
G0 X96.816 Y105.539
G1 F3000 X70.177 Y112.677 E1999.24432
G0 F9000 X70.409 Y112.677
G0 X70.409 Y115.7
G0 X70.176 Y115.7
G1 F3000 X74.56 Y120.084 E1999.45053
G0 F9000 X74.56 Y119.856
G0 X77.588 Y119.856
G0 X77.588 Y120.084
G1 F3000 X84.726 Y93.444 E2000.36783
G0 F9000 X84.726 Y93.976
G1 F2700 E1995.36783
;MESH:TracciaSopra.stl
G0 F9000 X97.075 Y93.19
G0 X98.164 Y93.19
G0 X101.406 Y90.778
G0 X101.686 Y73.738
;TYPE:WALL-INNER
G1 F2700 E2000.36783
G1 F983.6 X101.686 Y73.486 E2000.38061
G0 F9000 X101.819 Y72.655
G0 X102.031 Y72.291
G0 X102.608 Y71.855
G0 X103.302 Y71.659
G0 X104.018 Y71.724
G0 X104.666 Y72.046
G0 X105.059 Y72.479
G0 X115.194 Y89.203
G0 X115.194 Y89.512
G1 F1500 X128.38 Y89.512 E2000.81918
G1 X128.38 Y79.478 E2001.15291
G1 F1310 X128.276 Y78.917 E2001.17464
G1 X127.858 Y79.598 E2001.20507
G1 F1500 X127.587 Y79.894 E2001.21842
G1 X127.411 Y80.026 E2001.22574
G1 X127.047 Y80.206 E2001.23924
G1 X126.834 Y80.266 E2001.2466
G1 X126.325 Y80.312 E2001.2636
G1 X125.714 Y80.144 E2001.28468
G1 X125.208 Y79.749 E2001.30603
G1 X124.881 Y79.23 E2001.32643
G1 X124.773 Y78.62 E2001.34704
G1 X124.888 Y77.982 E2001.3686
G1 X125.216 Y77.465 E2001.38896
G1 X125.722 Y77.079 E2001.41013
G1 X126.215 Y76.939 E2001.42717
G1 X126.434 Y76.918 E2001.43449
G1 X126.834 Y76.954 E2001.44785
G1 X127.051 Y77.016 E2001.45536
G1 X127.514 Y77.25 E2001.47261
G1 F1318.7 X127.908 Y77.681 E2001.4947
G1 F1061.9 X128.27 Y78.408 E2001.53286
G1 F1096.9 X128.343 Y78.145 E2001.54527
G1 F1373 X128.38 Y77.743 E2001.55994
G1 F1500 X128.38 Y62.712 E2002.05987
G1 X101.58 Y62.712 E2002.95125
G1 X101.58 Y73.083 E2003.29619
G1 F1188.1 X101.686 Y73.486 E2003.31368
G1 X101.861 Y73.108 E2003.33118
G1 F1500 X101.943 Y72.896 E2003.33874
G1 X102.216 Y72.461 E2003.35582
G1 X102.712 Y72.083 E2003.37656
G1 X103.215 Y71.938 E2003.39397
G1 X103.434 Y71.918 E2003.40128
G1 X103.95 Y71.964 E2003.41851
G1 X104.512 Y72.254 E2003.43955
G1 X104.933 Y72.714 E2003.46029
G1 X105.158 Y73.297 E2003.48107
G1 X105.156 Y73.921 E2003.50183
G1 X104.94 Y74.508 E2003.52263
G1 X104.507 Y74.973 E2003.54376
G1 X103.948 Y75.256 E2003.5646
G1 X103.325 Y75.312 E2003.58541
G1 X102.828 Y75.175 E2003.60255
G1 X102.624 Y75.074 E2003.61013
G1 X102.216 Y74.763 E2003.62719
G1 X101.943 Y74.328 E2003.64427
G1 X101.861 Y74.116 E2003.65183
G1 F1188.1 X101.686 Y73.738 E2003.66932
G1 X101.58 Y74.141 E2003.68682
G1 F1500 X101.58 Y89.512 E2004.19806
G1 X115.194 Y89.512 E2004.65086
G0 F9000 X115.194 Y89.203
G0 X127.666 Y80.18
G0 X128.154 Y79.583
G0 X128.265 Y78.935
G1 F960 X128.27 Y78.408 E2004.67825
G1 F2700 E1999.67825
G0 F9000 X128.154 Y77.643
G0 X127.666 Y77.046
G0 X127.018 Y76.724
G0 X126.302 Y76.659
G0 X125.608 Y76.855
G0 X125.031 Y77.291
G0 X124.651 Y77.905
G0 X124.518 Y78.613
G0 X124.651 Y79.321
G0 X125.031 Y79.935
G0 X125.498 Y80.288
G0 X126.168 Y80.593
G0 X126.362 Y79.907
;TYPE:WALL-OUTER
G1 F2700 E2004.67825
G1 F1500 X125.895 Y79.774 E2004.6944
G1 X125.527 Y79.495 E2004.70976
G1 X125.264 Y79.079 E2004.72613
G1 X125.177 Y78.611 E2004.74196
G1 X125.263 Y78.138 E2004.75795
G1 X125.517 Y77.739 E2004.77369
G1 X125.899 Y77.445 E2004.78972
G1 X126.361 Y77.313 E2004.8057
G1 X126.836 Y77.355 E2004.82156
G1 X127.268 Y77.574 E2004.83767
G1 X127.589 Y77.923 E2004.85344
G1 X127.76 Y78.37 E2004.86936
G1 X127.758 Y78.847 E2004.88522
G1 X127.591 Y79.299 E2004.90125
G1 X127.267 Y79.651 E2004.91716
G1 X126.835 Y79.865 E2004.9332
G1 X126.362 Y79.907 E2004.94899
G1 F2700 E1999.94899
G0 F9000 X126.168 Y80.593
G0 X115.201 Y89.203
G0 X115.201 Y89.912
G1 F2700 E2004.94899
G1 F1500 X128.78 Y89.912 E2005.40063
G1 X128.78 Y62.312 E2006.31861
G1 X101.18 Y62.312 E2007.23659
G1 X101.18 Y89.912 E2008.15457
G1 X115.201 Y89.912 E2008.62091
G1 F2700 E2003.62091
G0 F9000 X115.201 Y89.203
G0 X103.17 Y75.593
G0 X103.364 Y74.907
G1 F2700 E2008.62091
G1 F1500 X102.895 Y74.778 E2008.63709
G1 X102.518 Y74.49 E2008.65287
G1 X102.262 Y74.084 E2008.66883
G1 X102.176 Y73.614 E2008.68472
G1 X102.262 Y73.14 E2008.70075
G1 X102.518 Y72.734 E2008.71671
G1 X102.895 Y72.446 E2008.73249
G1 X103.361 Y72.313 E2008.74861
G1 X103.838 Y72.356 E2008.76454
G1 X104.275 Y72.584 E2008.78093
G1 X104.581 Y72.917 E2008.79597
G1 X104.76 Y73.369 E2008.81214
G1 X104.759 Y73.837 E2008.82771
G1 X104.59 Y74.293 E2008.84388
G1 X104.273 Y74.642 E2008.85956
G1 X103.839 Y74.86 E2008.87572
G1 X103.364 Y74.907 E2008.89159
G0 F9000 X103.318 Y75.368
;TYPE:FILL
G1 F3000 X101.661 Y75.813 E2008.94866
G0 F9000 X101.66 Y76.563
G1 F3000 X114.528 Y89.431 E2009.55393
G0 F9000 X115.282 Y89.433
G1 F3000 X122.421 Y62.791 E2010.47131
G0 F9000 X121.83 Y62.792
G1 F3000 X128.3 Y69.263 E2010.77566
G0 F9000 X128.3 Y68.675
G1 F3000 X104.556 Y75.037 E2011.59325
G0 F9000 X104.732 Y75.198
G0 X105.152 Y74.646
G0 X105.412 Y73.973
G0 X105.412 Y73.253
G0 X105.152 Y72.58
G0 X104.715 Y72.099
G0 X101.892 Y70.725
G0 X101.66 Y70.725
G1 F3000 X103.786 Y62.791 E2011.86644
G1 X103.89 Y62.792
G1 X101.66 Y63.389 E2011.94322
G0 F9000 X101.892 Y63.389
G0 X104.859 Y63.023
G0 X104.859 Y62.792
G1 F3000 X128.3 Y86.233 E2013.04582
G0 F9000 X128.3 Y87.214
G1 F3000 X127.706 Y89.432 E2013.12219
G0 F9000 X127.706 Y89.203
G0 X128.072 Y87.309
G0 X128.3 Y87.309
G1 F3000 X120.379 Y89.432 E2013.39494
G0 F9000 X120.379 Y89.203
G0 X121.494 Y89.203
G0 X121.494 Y89.432
G1 F3000 X128.3 Y64.032 E2014.26955
G0 F9000 X128.072 Y64.032
G0 X127.073 Y63.023
G0 X127.073 Y62.792
G1 F3000 X101.661 Y69.601 E2015.14457
G0 F9000 X101.892 Y69.601
G0 X101.892 Y68.078
G0 X101.66 Y68.078
G1 F3000 X123.013 Y89.431 E2016.14895
G0 F9000 X123.013 Y89.203
G0 X128.072 Y81.098
G0 X128.299 Y81.098
G1 F3000 X101.66 Y88.236 E2017.06622
G0 F9000 X101.892 Y88.236
G0 X102.859 Y89.203
G0 X102.859 Y89.432
G1 F3000 X109.997 Y62.792 E2017.98353
G0 F9000 X109.997 Y63.023
G0 X113.344 Y63.023
G0 X113.344 Y62.792
G1 F3000 X128.3 Y77.748 E2018.68701
G0 F9000 X128.154 Y77.643
G0 X128.072 Y74.886
G0 X128.3 Y74.886
G1 F3000 X101.66 Y82.024 E2019.60432
G0 F9000 X101.892 Y82.024
G0 X101.892 Y85.049
G0 X101.66 Y85.049
G1 F3000 X106.043 Y89.431 E2019.81046
G0 F9000 X106.043 Y89.203
G0 X109.071 Y89.203
G0 X109.071 Y89.432
G1 F3000 X116.209 Y62.792 E2020.72776
G0 F9000 X116.209 Y63.323
G1 F2700 E2015.72776
;MESH:TracciaSotto.stl
G0 F9000 X128.558 Y89.689
G0 X129.647 Y89.689
G0 X132.655 Y92.853
G0 X134.026 Y103.802
;TYPE:WALL-INNER
G1 F2700 E2020.72776
G1 F983.6 X134.026 Y104.054 E2020.74054
G0 F9000 X134.157 Y104.886
G0 X144.212 Y119.519
G0 X144.212 Y119.828
G1 F1500 X160.72 Y119.828 E2021.2896
G1 X160.72 Y109.793 E2021.62337
G1 F1310 X160.617 Y109.232 E2021.64509
G1 X160.198 Y109.911 E2021.67547
G1 F1500 X159.848 Y110.292 E2021.69268
G1 X159.389 Y110.521 E2021.70974
G1 X159.174 Y110.582 E2021.71718
G1 X158.665 Y110.628 E2021.73417
G1 X158.054 Y110.46 E2021.75525
G1 X157.548 Y110.065 E2021.7766
G1 X157.221 Y109.546 E2021.797
G1 X157.11 Y108.921 E2021.81812
G1 X157.228 Y108.301 E2021.83911
G1 X157.555 Y107.779 E2021.85959
G1 X158.065 Y107.394 E2021.88085
G1 X158.555 Y107.255 E2021.89779
G1 X158.774 Y107.234 E2021.90511
G1 X159.174 Y107.27 E2021.91846
G1 X159.389 Y107.331 E2021.9259
G1 X159.749 Y107.511 E2021.93928
G1 X159.925 Y107.644 E2021.94662
G1 F1318.7 X160.251 Y108.004 E2021.965
G1 F1061.9 X160.61 Y108.724 E2022.00279
G1 F1098.9 X160.684 Y108.459 E2022.01528
G1 F1376.1 X160.72 Y108.06 E2022.02981
G1 F1500 X160.72 Y93.028 E2022.52977
G1 X133.92 Y93.028 E2023.42115
G1 X133.92 Y103.399 E2023.76609
G1 F1188.1 X134.026 Y103.802 E2023.78358
G1 X134.201 Y103.424 E2023.80108
G1 F1500 X134.282 Y103.215 E2023.80853
G1 X134.498 Y102.867 E2023.82215
G1 X134.648 Y102.704 E2023.82952
G1 X135.056 Y102.398 E2023.84648
G1 X135.555 Y102.254 E2023.86376
G1 X135.774 Y102.234 E2023.87107
G1 X136.291 Y102.281 E2023.88834
G1 X136.864 Y102.575 E2023.90976
G1 X137.274 Y103.037 E2023.9303
G1 X137.498 Y103.614 E2023.95089
G1 X137.496 Y104.253 E2023.97214
G1 X137.275 Y104.824 E2023.99251
G1 X136.859 Y105.28 E2024.01304
G1 X136.29 Y105.572 E2024.03431
G1 X135.664 Y105.628 E2024.05521
G1 X135.168 Y105.491 E2024.07233
G1 X134.964 Y105.39 E2024.0799
G1 X134.556 Y105.079 E2024.09696
G1 X134.283 Y104.644 E2024.11404
G1 X134.201 Y104.432 E2024.1216
G1 F1188.1 X134.026 Y104.054 E2024.13909
G1 X133.92 Y104.457 E2024.15659
G1 F1500 X133.92 Y119.828 E2024.66783
G1 X144.212 Y119.828 E2025.01015
G0 F9000 X144.212 Y119.519
G0 X160.003 Y110.496
G0 X160.492 Y109.903
G0 X160.605 Y109.251
G1 F960 X160.61 Y108.724 E2025.03754
G1 F2700 E2020.03754
G0 F9000 X160.492 Y107.955
G0 X160.003 Y107.362
G0 X159.356 Y107.04
G0 X158.64 Y106.975
G0 X157.946 Y107.171
G0 X157.37 Y107.607
G0 X156.99 Y108.22
G0 X156.856 Y108.929
G0 X156.99 Y109.638
G0 X157.37 Y110.251
G0 X157.836 Y110.604
G0 X158.508 Y110.909
G0 X158.702 Y110.223
;TYPE:WALL-OUTER
G1 F2700 E2025.03754
G1 F1500 X158.235 Y110.09 E2025.05369
G1 X157.867 Y109.811 E2025.06905
G1 X157.604 Y109.395 E2025.08542
G1 X157.52 Y108.91 E2025.10179
G1 X157.6 Y108.473 E2025.11656
G1 X157.869 Y108.039 E2025.13355
G1 X158.224 Y107.772 E2025.14832
G1 X158.7 Y107.629 E2025.16485
G1 X159.175 Y107.671 E2025.18071
G1 X159.605 Y107.887 E2025.19672
G1 X159.93 Y108.246 E2025.21282
G1 X160.1 Y108.685 E2025.22848
G1 X160.098 Y109.163 E2025.24438
G1 X159.929 Y109.613 E2025.26037
G1 X159.604 Y109.966 E2025.27632
G1 X159.175 Y110.181 E2025.29229
G1 X158.702 Y110.223 E2025.30808
G1 F2700 E2020.30808
G0 F9000 X158.508 Y110.909
G0 X144.12 Y119.519
G0 X144.12 Y120.228
G1 F2700 E2025.30808
G1 F1500 X161.12 Y120.228 E2025.8735
G1 X161.12 Y92.628 E2026.79148
G1 X133.52 Y92.628 E2027.70946
G1 X133.52 Y120.228 E2028.62744
G1 X144.12 Y120.228 E2028.98
G1 F2700 E2023.98
G0 F9000 X144.12 Y119.519
G0 X135.768 Y105.933
G0 X135.704 Y105.223
G1 F2700 E2028.98
G1 F1500 X135.235 Y105.094 E2028.99618
G1 X134.858 Y104.806 E2029.01196
G1 X134.602 Y104.4 E2029.02792
G1 X134.516 Y103.93 E2029.04381
G1 X134.602 Y103.459 E2029.05974
G1 X134.857 Y103.047 E2029.07585
G1 X135.239 Y102.761 E2029.09172
G1 X135.702 Y102.628 E2029.10775
G1 X136.18 Y102.676 E2029.12372
G1 X136.609 Y102.89 E2029.13967
G1 X136.921 Y103.238 E2029.15521
G1 X137.1 Y103.683 E2029.17117
G1 X137.099 Y104.153 E2029.1868
G1 X136.929 Y104.612 E2029.20308
G1 X136.609 Y104.958 E2029.21875
G1 X136.18 Y105.176 E2029.23476
G1 X135.704 Y105.223 E2029.25067
G0 F9000 X135.654 Y105.684
;TYPE:FILL
G1 F3000 X134.001 Y106.127 E2029.30759
G0 F9000 X134 Y106.881
G1 F3000 X146.867 Y119.748 E2029.91281
G0 F9000 X147.621 Y119.748
G1 F3000 X154.759 Y93.107 E2030.83015
G0 F9000 X154.168 Y93.108
G1 F3000 X160.64 Y99.58 E2031.13457
G0 F9000 X160.639 Y98.99
G1 F3000 X136.887 Y105.354 E2031.95243
G0 F9000 X136.993 Y105.569
G0 X137.491 Y104.963
G0 X137.751 Y104.289
G0 X137.751 Y103.569
G0 X137.491 Y102.895
G0 X137.052 Y102.415
G0 X134.23 Y101.033
G0 X134.001 Y101.033
G1 F3000 X136.124 Y93.108 E2032.22531
G1 X136.226 Y93.108
G1 X134 Y93.704 E2032.30196
G0 F9000 X134.23 Y93.704
G0 X137.198 Y93.339
G0 X137.198 Y93.108
G1 F3000 X160.641 Y116.551 E2033.40464
G0 F9000 X160.64 Y117.526
G1 F3000 X160.044 Y119.749 E2033.48119
G0 F9000 X160.044 Y119.519
G0 X160.41 Y117.624
G0 X160.639 Y117.624
G1 F3000 X152.715 Y119.748 E2033.75405
G0 F9000 X152.715 Y119.519
G0 X153.833 Y119.519
G0 X153.833 Y119.748
G1 F3000 X160.639 Y94.345 E2034.62876
G0 F9000 X160.41 Y94.345
G0 X159.408 Y93.339
G0 X159.408 Y93.108
G1 F3000 X134.001 Y99.916 E2035.50361
G0 F9000 X134.23 Y99.916
G0 X134.23 Y98.396
G0 X134 Y98.396
G1 F3000 X155.352 Y119.748 E2036.50794
G0 F9000 X155.352 Y119.519
G0 X160.41 Y111.413
G0 X160.639 Y111.413
G1 F3000 X134 Y118.551 E2037.42521
G0 F9000 X134.23 Y118.551
G0 X135.198 Y119.519
G0 X135.198 Y119.748
G1 F3000 X142.336 Y93.108 E2038.34252
G0 F9000 X142.336 Y93.339
G0 X145.683 Y93.339
G0 X145.683 Y93.108
G1 F3000 X160.64 Y108.065 E2039.04605
G0 F9000 X160.492 Y107.955
G0 X160.41 Y105.201
G0 X160.64 Y105.201
G1 F3000 X134 Y112.339 E2039.96336
G0 F9000 X134.23 Y112.339
G0 X134.23 Y115.366
G0 X134 Y115.366
G1 F3000 X138.382 Y119.748 E2040.16947
G0 F9000 X138.382 Y119.519
G0 X141.409 Y119.519
G0 X141.409 Y119.749
G1 F3000 X148.548 Y93.108 E2041.08682
G0 F9000 X148.548 Y93.639
G1 F2700 E2036.08682
;MESH:Supporto.stl
G0 F9000 X133.744 Y120.005
G0 X132.655 Y120.005
G0 X129.166 Y123.118
G0 X128.88 Y140.08
;TYPE:WALL-INNER
G1 F2700 E2041.08682
G1 F966.2 X128.875 Y140.607 E2041.11403
G0 F9000 X128.762 Y141.257
G0 X128.366 Y141.738
G0 X115.853 Y150.873
G0 X115.853 Y151.18
G1 F1500 X128.988 Y151.18 E2041.5509
G1 X128.988 Y141.157 E2041.88427
G1 F1315.8 X128.888 Y140.586 E2041.90625
G1 X128.466 Y141.267 E2041.93663
G1 F1500 X128.117 Y141.647 E2041.95379
G1 X127.663 Y141.876 E2041.9707
G1 X127.446 Y141.938 E2041.9782
G1 X127.042 Y141.974 E2041.99169
G1 X126.823 Y141.953 E2041.99901
G1 X126.323 Y141.811 E2042.0163
G1 X125.829 Y141.43 E2042.03705
G1 X125.492 Y140.887 E2042.05831
G1 X125.379 Y140.286 E2042.07864
G1 X125.49 Y139.681 E2042.0991
G1 X125.826 Y139.131 E2042.12054
G1 X126.333 Y138.75 E2042.14163
G1 X126.823 Y138.611 E2042.15857
G1 X127.042 Y138.59 E2042.16589
G1 X127.557 Y138.636 E2042.18309
G1 X128.014 Y138.862 E2042.20005
G1 X128.193 Y138.996 E2042.20748
G1 F1321.6 X128.52 Y139.357 E2042.22587
G1 F1067.6 X128.88 Y140.08 E2042.26361
G1 F1105 X128.953 Y139.811 E2042.2762
G1 F1379.3 X128.988 Y139.407 E2042.29086
G1 F1500 X128.988 Y124.38 E2042.79066
G1 X102.188 Y124.38 E2043.68204
G1 X102.189 Y134.744 E2044.02674
G1 F1183.4 X102.294 Y135.147 E2044.0443
G1 X102.474 Y134.771 E2044.06187
G1 F1500 X102.555 Y134.564 E2044.06927
G1 X102.829 Y134.129 E2044.08637
G1 X103.32 Y133.755 E2044.1069
G1 X103.823 Y133.61 E2044.12431
G1 X104.042 Y133.59 E2044.13162
G1 X104.56 Y133.636 E2044.14892
G1 X105.131 Y133.926 E2044.17022
G1 X105.542 Y134.389 E2044.19081
G1 X105.769 Y134.962 E2044.21131
G1 X105.772 Y135.588 E2044.23213
G1 X105.543 Y136.18 E2044.25324
G1 X105.128 Y136.635 E2044.27372
G1 X104.563 Y136.928 E2044.29489
G1 X104.042 Y136.974 E2044.31229
G1 X103.823 Y136.954 E2044.3196
G1 X103.431 Y136.842 E2044.33316
G1 X103.232 Y136.742 E2044.34057
G1 X102.825 Y136.432 E2044.35759
G1 X102.554 Y135.993 E2044.37475
G1 X102.474 Y135.789 E2044.38203
G1 F1188.1 X102.293 Y135.401 E2044.40001
G1 X102.189 Y135.816 E2044.41798
G1 F1500 X102.188 Y151.18 E2044.92899
G1 X115.853 Y151.18 E2045.38349
G0 F9000 X115.853 Y150.873
G0 X102.64 Y136.605
G0 X102.427 Y136.24
G0 X102.293 Y135.401
G1 F980.4 X102.294 Y135.147 E2045.39641
G1 F2700 E2040.39641
G0 F9000 X102.427 Y134.326
G0 X102.64 Y133.961
G0 X103.216 Y133.525
G0 X103.91 Y133.329
G0 X104.627 Y133.394
G0 X105.273 Y133.716
G0 X105.761 Y134.249
G0 X106.021 Y134.923
G0 X106.021 Y135.643
G0 X105.761 Y136.317
G0 X105.273 Y136.85
G0 X104.692 Y137.14
G0 X103.775 Y137.262
G0 X103.969 Y136.579
;TYPE:WALL-OUTER
G1 F2700 E2045.39641
G1 F1500 X103.503 Y136.446 E2045.41253
G1 X103.128 Y136.16 E2045.42822
G1 X102.874 Y135.75 E2045.44426
G1 X102.783 Y135.281 E2045.46015
G1 X102.874 Y134.808 E2045.47617
G1 X103.129 Y134.403 E2045.49209
G1 X103.503 Y134.118 E2045.50772
G1 X103.97 Y133.984 E2045.52388
G1 X104.451 Y134.032 E2045.53996
G1 X104.86 Y134.233 E2045.55512
G1 X105.189 Y134.589 E2045.57124
G1 X105.372 Y135.038 E2045.58737
G1 X105.37 Y135.518 E2045.60333
G1 X105.198 Y135.961 E2045.61914
G1 X104.877 Y136.314 E2045.63501
G1 X104.449 Y136.537 E2045.65106
G1 X103.969 Y136.579 E2045.66709
G1 F2700 E2040.66709
G0 F9000 X103.775 Y137.262
G0 X115.861 Y150.873
G0 X115.861 Y151.58
G1 F2700 E2045.66709
G1 F1500 X129.388 Y151.58 E2046.117
G1 X129.388 Y123.98 E2047.03498
G1 X101.788 Y123.98 E2047.95296
G1 X101.788 Y151.58 E2048.87094
G1 X115.861 Y151.58 E2049.339
G1 F2700 E2044.339
G0 F9000 X115.861 Y150.873
G0 X126.775 Y142.262
G0 X126.968 Y141.579
G1 F2700 E2049.339
G1 F1500 X126.503 Y141.442 E2049.35513
G1 X126.123 Y141.149 E2049.37109
G1 X125.876 Y140.747 E2049.38678
G1 X125.785 Y140.281 E2049.40257
G1 X125.876 Y139.813 E2049.41843
G1 X126.129 Y139.407 E2049.43434
G1 X126.507 Y139.117 E2049.45019
G1 X126.969 Y138.985 E2049.46617
G1 X127.447 Y139.027 E2049.48213
G1 X127.872 Y139.237 E2049.49789
G1 X128.199 Y139.598 E2049.51409
G1 X128.372 Y140.04 E2049.52988
G1 X128.37 Y140.519 E2049.54581
G1 X128.198 Y140.967 E2049.56177
G1 X127.872 Y141.323 E2049.57783
G1 X127.448 Y141.537 E2049.59363
G1 X126.968 Y141.579 E2049.60965
G0 F9000 X126.775 Y142.262
G0 X128.68 Y142.768
G0 X128.907 Y142.768
;TYPE:FILL
G1 F3000 X102.269 Y149.906 E2050.52689
G0 F9000 X102.5 Y149.906
G0 X103.468 Y150.873
G0 X103.468 Y151.1
G1 F3000 X110.606 Y124.459 E2051.44423
G0 F9000 X110.606 Y124.693
G0 X113.952 Y124.693
G0 X113.952 Y124.46
G1 F3000 X128.908 Y139.415 E2052.14769
G0 F9000 X128.762 Y139.309
G0 X128.68 Y136.556
G0 X128.908 Y136.556
G1 F3000 X102.269 Y143.694 E2053.06496
G0 F9000 X102.5 Y143.694
G0 X102.5 Y146.717
G0 X102.268 Y146.717
G1 F3000 X106.651 Y151.1 E2053.27113
G0 F9000 X106.651 Y150.873
G0 X109.68 Y150.873
G0 X109.68 Y151.1
G1 F3000 X116.818 Y124.46 E2054.18843
G0 F9000 X116.818 Y124.693
G0 X122.438 Y124.693
G0 X122.438 Y124.46
G1 F3000 X128.908 Y130.93 E2054.49276
G0 F9000 X128.908 Y130.345
G1 F3000 X105.16 Y136.708 E2055.31048
G0 F9000 X105.266 Y136.922
G0 X104.748 Y137.124
G0 X103.852 Y137.284
G0 X103.922 Y137.039
G1 F3000 X102.269 Y137.482 E2055.3674
G0 F9000 X102.269 Y138.232
G1 F3000 X115.136 Y151.1 E2055.97265
G0 F9000 X115.891 Y151.1
G1 F3000 X123.03 Y124.459 E2056.89
G0 F9000 X123.03 Y124.693
G0 X127.687 Y124.693
G0 X127.687 Y124.46
G1 F3000 X102.267 Y131.271 E2057.76529
G0 F9000 X102.5 Y131.271
G0 X102.5 Y132.399
G0 X102.267 Y132.399
G1 F3000 X104.395 Y124.459 E2058.0387
G1 X104.506 Y124.46
G1 X102.268 Y125.059 E2058.11575
G0 F9000 X102.5 Y125.059
G0 X105.467 Y124.693
G0 X105.467 Y124.46
G1 F3000 X128.908 Y147.901 E2059.21835
G0 F9000 X128.908 Y148.887
G1 F3000 X128.314 Y151.101 E2059.29459
G0 F9000 X128.314 Y150.873
G0 X128.68 Y148.98
G0 X128.907 Y148.98
G1 F3000 X120.994 Y151.1 E2059.56706
G0 F9000 X120.994 Y150.873
G0 X122.103 Y150.873
G0 X122.103 Y151.101
G1 F3000 X128.908 Y125.704 E2060.44156
G0 F9000 X128.68 Y125.704
G0 X125.126 Y140.283
G0 X123.621 Y150.873
G0 X123.621 Y151.1
G1 F3000 X102.267 Y129.745 E2061.44601
G0 F9000 X102.8 Y129.745
G1 F2700 E2056.44601
;MESH:NONMESH
G0 F300 X102.8 Y129.745 Z3.4
G0 F9000 X102.014 Y124.207
G0 X100.925 Y124.207
G0 X97.075 Y121.431
G0 X70.202 Y104.131
;TIME_ELAPSED:2767.428869
;LAYER:16
;TYPE:WALL-INNER
;MESH:Supporto.stl(1)
G1 F2700 E2061.44601
G1 F980.4 X70.201 Y104.385 E2061.45894
G0 F9000 X70.784 Y105.221
G0 X87.051 Y119.856
G0 X87.051 Y120.164
G1 F1500 X96.896 Y120.164 E2061.78638
G1 X96.896 Y110.141 E2062.11975
G1 F1315.8 X96.796 Y109.57 E2062.14173
G1 X96.374 Y110.25 E2062.17208
G1 F1500 X96.029 Y110.627 E2062.18907
G1 X95.471 Y110.906 E2062.20982
G1 X94.956 Y110.957 E2062.22703
G1 X94.729 Y110.937 E2062.23461
G1 X94.232 Y110.794 E2062.25181
G1 X93.732 Y110.408 E2062.27282
G1 X93.4 Y109.872 E2062.29379
G1 X93.287 Y109.27 E2062.31417
G1 X93.398 Y108.665 E2062.33462
G1 X93.731 Y108.118 E2062.35592
G1 X94.242 Y107.732 E2062.37722
G1 X94.729 Y107.591 E2062.39409
G1 X94.956 Y107.571 E2062.40167
G1 X95.471 Y107.622 E2062.41888
G1 X95.929 Y107.851 E2062.43591
G1 X96.103 Y107.982 E2062.44315
G1 F1321.6 X96.426 Y108.334 E2062.46119
G1 F1067.6 X96.788 Y109.064 E2062.49927
G1 F1102.9 X96.861 Y108.798 E2062.51174
G1 F1376.1 X96.896 Y108.39 E2062.52659
G1 F1500 X96.896 Y93.364 E2063.02636
G1 X70.096 Y93.364 E2063.91773
G1 X70.097 Y103.728 E2064.26244
G1 F1183.4 X70.202 Y104.131 E2064.27999
G1 X70.382 Y103.755 E2064.29757
G1 F1500 X70.46 Y103.553 E2064.30477
G1 X70.672 Y103.209 E2064.31821
G1 X70.823 Y103.044 E2064.32565
G1 X71.235 Y102.734 E2064.3428
G1 X71.729 Y102.591 E2064.3599
G1 X71.956 Y102.57 E2064.36748
G1 X72.471 Y102.621 E2064.3847
G1 X73.027 Y102.906 E2064.40548
G1 X73.457 Y103.375 E2064.42664
G1 X73.678 Y103.953 E2064.44722
G1 X73.68 Y104.573 E2064.46784
G1 X73.45 Y105.166 E2064.489
G1 X73.014 Y105.635 E2064.5103
G1 X72.468 Y105.907 E2064.53058
G1 X71.956 Y105.958 E2064.5477
G1 X71.729 Y105.937 E2064.55528
G1 X71.235 Y105.794 E2064.57239
G1 X70.823 Y105.484 E2064.58953
G1 X70.672 Y105.319 E2064.59697
G1 X70.46 Y104.975 E2064.61041
G1 X70.382 Y104.773 E2064.61762
G1 F1188.1 X70.201 Y104.385 E2064.63559
G1 X70.097 Y104.8 E2064.65356
G1 F1500 X70.096 Y120.164 E2065.16457
G1 X87.051 Y120.164 E2065.72849
G0 F9000 X87.051 Y119.856
G0 X96.669 Y110.299
G0 X96.783 Y109.591
G1 F966.2 X96.788 Y109.064 E2065.75571
G1 F2700 E2060.75571
G0 F9000 X96.671 Y108.296
G0 X96.183 Y107.699
G0 X95.535 Y107.377
G0 X94.818 Y107.312
G0 X94.125 Y107.508
G0 X93.548 Y107.944
G0 X93.168 Y108.556
G0 X93.035 Y109.266
G0 X93.168 Y109.974
G0 X93.548 Y110.588
G0 X94.125 Y111.024
G0 X94.749 Y111.2
G0 X95.674 Y111.154
G0 X95.357 Y110.515
;TYPE:WALL-OUTER
G1 F2700 E2065.75571
G1 F1500 X94.874 Y110.563 E2065.77185
G1 X94.415 Y110.426 E2065.78778
G1 X94.043 Y110.147 E2065.80325
G1 X93.784 Y109.731 E2065.81955
G1 X93.693 Y109.265 E2065.83534
G1 X93.784 Y108.797 E2065.8512
G1 X94.045 Y108.379 E2065.86759
G1 X94.42 Y108.096 E2065.88321
G1 X94.875 Y107.965 E2065.89896
G1 X95.357 Y108.013 E2065.91507
G1 X95.784 Y108.226 E2065.93094
G1 X96.105 Y108.575 E2065.94671
G1 X96.28 Y109.025 E2065.96277
G1 X96.278 Y109.503 E2065.97867
G1 X96.106 Y109.952 E2065.99466
G1 X95.784 Y110.302 E2066.01048
G1 X95.357 Y110.515 E2066.02635
G1 F2700 E2061.02635
G0 F9000 X95.674 Y111.154
G0 X87.158 Y119.856
G0 X87.158 Y120.564
G1 F2700 E2066.02635
G1 F1500 X97.296 Y120.564 E2066.36354
G1 X97.296 Y92.964 E2067.28152
G1 X69.696 Y92.964 E2068.1995
G1 X69.696 Y120.564 E2069.11748
G1 X87.158 Y120.564 E2069.69827
G1 F2700 E2064.69827
G0 F9000 X87.158 Y119.856
G0 X72.678 Y106.152
G0 X72.36 Y105.511
G1 F2700 E2069.69827
G1 F1500 X71.879 Y105.564 E2069.71437
G1 X71.418 Y105.431 E2069.73032
G1 X71.033 Y105.141 E2069.74636
G1 X70.782 Y104.734 E2069.76226
G1 X70.691 Y104.265 E2069.77815
G1 X70.782 Y103.794 E2069.7941
G1 X71.033 Y103.387 E2069.81001
G1 X71.418 Y103.097 E2069.82604
G1 X71.877 Y102.964 E2069.84193
G1 X72.355 Y103.011 E2069.85791
G1 X72.772 Y103.221 E2069.87344
G1 X73.102 Y103.571 E2069.88944
G1 X73.28 Y104.044 E2069.90625
G1 X73.278 Y104.502 E2069.92148
G1 X73.106 Y104.945 E2069.93729
G1 X72.789 Y105.294 E2069.95297
G1 X72.36 Y105.511 E2069.96896
G0 F9000 X72.678 Y106.152
G0 X70.409 Y106.613
G0 X70.177 Y106.613
;TYPE:FILL
G1 F3000 X96.816 Y99.475 E2070.88623
G0 F9000 X96.816 Y99.713
G1 F3000 X90.548 Y93.444 E2071.18108
G0 F9000 X90.791 Y93.443
G1 F3000 X83.652 Y120.085 E2072.09846
G0 F9000 X83.246 Y120.084
G1 F3000 X70.176 Y107.014 E2072.71323
G0 F9000 X70.409 Y107.014
G0 X70.409 Y112.824
G0 X70.177 Y112.824
G1 F3000 X96.816 Y105.686 E2073.6305
G0 F9000 X96.589 Y105.686
G0 X96.589 Y108.198
G0 X96.816 Y108.198
G1 F3000 X82.063 Y93.444 E2074.32446
G0 F9000 X82.063 Y93.676
G0 X84.579 Y93.676
G0 X84.579 Y93.444
G1 F3000 X77.441 Y120.084 E2075.24177
G0 F9000 X77.441 Y119.856
G0 X74.761 Y119.856
G0 X74.761 Y120.084
G1 F3000 X70.176 Y115.499 E2075.45743
G0 F9000 X70.409 Y115.499
G0 X70.409 Y119.036
G0 X70.177 Y119.036
G1 F3000 X96.815 Y111.898 E2076.37467
G0 F9000 X96.589 Y111.898
G0 X96.589 Y116.683
G0 X96.816 Y116.683
G1 F3000 X73.577 Y93.444 E2077.46777
G0 F9000 X72.959 Y93.444
G1 F3000 X70.177 Y94.189 E2077.56356
G0 F9000 X70.409 Y94.189
G0 X72.156 Y93.676
G0 X72.156 Y93.443
G1 F3000 X70.177 Y100.829 E2077.81788
G0 F9000 X70.177 Y100.401
G1 F3000 X96.14 Y93.444 E2078.71188
G0 F9000 X96.816 Y94.14
G1 F3000 X89.864 Y120.084 E2079.60522
G0 F9000 X89.448 Y120.084
G1 F3000 X96.815 Y118.11 E2079.85889
G0 F9000 X96.816 Y117.321
G1 F3000 X96.076 Y120.084 E2079.95403
G0 F9000 X96.076 Y119.856
G0 X91.732 Y119.856
G0 X91.732 Y120.084
G1 F3000 X70.176 Y98.528 E2080.96796
G0 F9000 X70.409 Y98.528
G0 X78.367 Y93.676
G0 X78.367 Y93.443
G1 F3000 X71.229 Y120.084 E2081.88529
G0 F9000 X71.229 Y119.556
G1 F2700 E2076.88529
;MESH:TracciaSopra.stl
G0 F9000 X97.075 Y93.19
G0 X98.164 Y93.19
G0 X101.406 Y90.778
G0 X101.406 Y89.689
G0 X115.194 Y89.203
G0 X115.194 Y89.512
;TYPE:WALL-INNER
G1 F2700 E2081.88529
G1 F1500 X128.38 Y89.512 E2082.32386
G1 X128.38 Y79.478 E2082.65759
G1 F1310 X128.276 Y78.917 E2082.67932
G1 X127.858 Y79.598 E2082.70975
G1 F1500 X127.587 Y79.894 E2082.7231
G1 X127.411 Y80.026 E2082.73042
G1 X127.047 Y80.206 E2082.74392
G1 X126.834 Y80.266 E2082.75128
G1 X126.325 Y80.312 E2082.76828
G1 X125.714 Y80.144 E2082.78936
G1 X125.208 Y79.749 E2082.81071
G1 X124.881 Y79.23 E2082.83111
G1 X124.773 Y78.62 E2082.85172
G1 X124.888 Y77.982 E2082.87328
G1 X125.216 Y77.465 E2082.89364
G1 X125.722 Y77.079 E2082.91481
G1 X126.215 Y76.939 E2082.93186
G1 X126.434 Y76.918 E2082.93917
G1 X126.834 Y76.954 E2082.95253
G1 X127.051 Y77.016 E2082.96004
G1 X127.514 Y77.25 E2082.97729
G1 F1318.7 X127.908 Y77.681 E2082.99938
G1 F1061.9 X128.27 Y78.408 E2083.03754
G1 F1096.9 X128.343 Y78.145 E2083.04995
G1 F1373 X128.38 Y77.743 E2083.06462
G1 F1500 X128.38 Y62.712 E2083.56455
G1 X101.58 Y62.712 E2084.45593
G1 X101.58 Y73.083 E2084.80087
G1 F1188.1 X101.686 Y73.486 E2084.81837
G1 X101.861 Y73.108 E2084.83586
G1 F1500 X101.943 Y72.896 E2084.84342
G1 X102.216 Y72.461 E2084.8605
G1 X102.712 Y72.083 E2084.88124
G1 X103.215 Y71.938 E2084.89865
G1 X103.434 Y71.918 E2084.90597
G1 X103.95 Y71.964 E2084.9232
G1 X104.512 Y72.254 E2084.94423
G1 X104.933 Y72.714 E2084.96497
G1 X105.158 Y73.297 E2084.98575
G1 X105.156 Y73.921 E2085.00651
G1 X104.94 Y74.508 E2085.02731
G1 X104.507 Y74.973 E2085.04845
G1 X103.948 Y75.256 E2085.06928
G1 X103.325 Y75.312 E2085.09009
G1 X102.828 Y75.175 E2085.10724
G1 X102.624 Y75.074 E2085.11481
G1 X102.216 Y74.763 E2085.13187
G1 X101.943 Y74.328 E2085.14895
G1 X101.861 Y74.116 E2085.15651
G1 F1188.1 X101.686 Y73.738 E2085.174
G1 X101.58 Y74.141 E2085.1915
G1 F1500 X101.58 Y89.512 E2085.70274
G1 X115.194 Y89.512 E2086.15555
G0 F9000 X115.194 Y89.203
G0 X127.666 Y80.18
G0 X128.154 Y79.583
G0 X128.265 Y78.935
G1 F960 X128.27 Y78.408 E2086.18293
G0 F9000 X128.154 Y77.643
G0 X126.907 Y77.116
G0 X103.34 Y75.162
G0 X102.789 Y75.007
G0 X102.419 Y74.727
G0 X101.686 Y73.738
G1 F983.6 X101.686 Y73.486 E2086.19572
G1 F2700 E2081.19572
G0 F9000 X101.819 Y72.655
G0 X102.031 Y72.291
G0 X102.608 Y71.855
G0 X103.302 Y71.659
G0 X104.018 Y71.724
G0 X104.666 Y72.046
G0 X105.152 Y72.58
G0 X105.412 Y73.253
G0 X105.412 Y73.973
G0 X105.152 Y74.646
G0 X104.666 Y75.18
G0 X104.083 Y75.47
G0 X103.17 Y75.593
G0 X103.364 Y74.907
;TYPE:WALL-OUTER
G1 F2700 E2086.19572
G1 F1500 X102.895 Y74.778 E2086.21189
G1 X102.518 Y74.49 E2086.22767
G1 X102.262 Y74.084 E2086.24364
G1 X102.176 Y73.614 E2086.25953
G1 X102.262 Y73.14 E2086.27555
G1 X102.518 Y72.734 E2086.29152
G1 X102.895 Y72.446 E2086.3073
G1 X103.361 Y72.313 E2086.32341
G1 X103.838 Y72.356 E2086.33934
G1 X104.275 Y72.584 E2086.35574
G1 X104.581 Y72.917 E2086.37078
G1 X104.76 Y73.388 E2086.38754
G1 X104.759 Y73.837 E2086.40247
G1 X104.59 Y74.293 E2086.41865
G1 X104.273 Y74.642 E2086.43433
G1 X103.839 Y74.86 E2086.45048
G1 X103.364 Y74.907 E2086.46636
G1 F2700 E2081.46636
G0 F9000 X103.17 Y75.593
G0 X115.201 Y89.203
G0 X115.201 Y89.912
G1 F2700 E2086.46636
G1 F1500 X128.78 Y89.912 E2086.918
G1 X128.78 Y62.312 E2087.83598
G1 X101.18 Y62.312 E2088.75396
G1 X101.18 Y89.912 E2089.67194
G1 X115.201 Y89.912 E2090.13828
G1 F2700 E2085.13828
G0 F9000 X115.201 Y89.203
G0 X126.168 Y80.593
G0 X126.362 Y79.907
G1 F2700 E2090.13828
G1 F1500 X125.895 Y79.774 E2090.15443
G1 X125.527 Y79.495 E2090.16979
G1 X125.264 Y79.079 E2090.18615
G1 X125.177 Y78.611 E2090.20199
G1 X125.263 Y78.138 E2090.21798
G1 X125.517 Y77.739 E2090.23371
G1 X125.899 Y77.445 E2090.24974
G1 X126.361 Y77.313 E2090.26572
G1 X126.836 Y77.355 E2090.28158
G1 X127.268 Y77.574 E2090.29769
G1 X127.589 Y77.923 E2090.31346
G1 X127.76 Y78.37 E2090.32938
G1 X127.758 Y78.847 E2090.34525
G1 X127.591 Y79.299 E2090.36127
G1 X127.267 Y79.651 E2090.37719
G1 X126.835 Y79.865 E2090.39322
G1 X126.362 Y79.907 E2090.40901
G0 F9000 X126.168 Y80.593
G0 X128.072 Y81.245
G0 X128.299 Y81.245
;TYPE:FILL
G1 F3000 X101.66 Y88.383 E2091.32629
G0 F9000 X101.892 Y88.383
G0 X102.712 Y89.203
G0 X102.712 Y89.432
G1 F3000 X109.85 Y62.792 E2092.24359
G0 F9000 X109.85 Y63.023
G0 X113.545 Y63.023
G0 X113.545 Y62.792
G1 F3000 X128.3 Y77.547 E2092.93762
G0 F9000 X128.072 Y77.547
G0 X128.072 Y75.033
G0 X128.3 Y75.033
G1 F3000 X101.66 Y82.171 E2093.85493
G0 F9000 X101.892 Y82.171
G0 X101.892 Y84.848
G0 X101.66 Y84.848
G1 F3000 X106.244 Y89.431 E2094.07052
G0 F9000 X106.244 Y89.203
G0 X108.924 Y89.203
G0 X108.924 Y89.433
G1 F3000 X116.062 Y62.792 E2094.98786
G0 F9000 X116.062 Y63.023
G0 X122.03 Y63.023
G0 X122.03 Y62.792
G1 F3000 X128.3 Y69.062 E2095.28278
G0 F9000 X128.3 Y68.822
G1 F3000 X101.661 Y75.96 E2096.20005
G0 F9000 X101.66 Y76.363
G1 F3000 X114.729 Y89.431 E2096.81475
G0 F9000 X115.135 Y89.433
G1 F3000 X122.274 Y62.791 E2097.73213
G0 F9000 X122.274 Y63.023
G0 X127.621 Y63.023
G0 X127.621 Y62.792
G1 F3000 X101.661 Y69.748 E2098.62602
G0 F9000 X101.66 Y70.177
G1 F3000 X103.639 Y62.791 E2098.88035
G0 F9000 X104.438 Y62.792
G1 F3000 X101.66 Y63.536 E2098.976
G0 F9000 X101.892 Y63.536
G0 X105.06 Y63.023
G0 X105.06 Y62.792
G1 F3000 X128.3 Y86.032 E2100.06914
G0 F9000 X128.3 Y86.666
G1 F3000 X127.559 Y89.432 E2100.16438
G0 F9000 X127.559 Y89.203
G0 X128.072 Y87.456
G0 X128.3 Y87.456
G1 F3000 X120.928 Y89.432 E2100.41823
G0 F9000 X121.347 Y89.432
G1 F3000 X128.3 Y63.485 E2101.31168
G0 F9000 X128.072 Y63.485
G0 X124.518 Y78.613
G0 X123.214 Y89.203
G0 X123.214 Y89.431
G1 F3000 X101.66 Y67.877 E2102.32551
G0 F9000 X102.192 Y67.877
G1 F2700 E2097.32551
;MESH:TracciaSotto.stl
G0 F9000 X128.558 Y89.689
G0 X129.647 Y89.689
G0 X132.655 Y92.853
G0 X134.026 Y103.802
;TYPE:WALL-INNER
G1 F2700 E2102.32551
G1 F983.6 X134.026 Y104.054 E2102.3383
G0 F9000 X134.157 Y104.886
G0 X144.212 Y119.519
G0 X144.212 Y119.828
G1 F1500 X160.72 Y119.828 E2102.88735
G1 X160.72 Y109.793 E2103.22112
G1 F1310 X160.617 Y109.232 E2103.24284
G1 X160.198 Y109.911 E2103.27323
G1 F1500 X159.848 Y110.292 E2103.29043
G1 X159.389 Y110.521 E2103.30749
G1 X159.174 Y110.582 E2103.31493
G1 X158.665 Y110.628 E2103.33193
G1 X158.054 Y110.46 E2103.353
G1 X157.548 Y110.065 E2103.37435
G1 X157.221 Y109.546 E2103.39475
G1 X157.11 Y108.921 E2103.41587
G1 X157.228 Y108.301 E2103.43686
G1 X157.555 Y107.779 E2103.45735
G1 X158.065 Y107.394 E2103.4786
G1 X158.555 Y107.255 E2103.49554
G1 X158.774 Y107.234 E2103.50286
G1 X159.174 Y107.27 E2103.51622
G1 X159.389 Y107.331 E2103.52365
G1 X159.749 Y107.511 E2103.53704
G1 X159.925 Y107.644 E2103.54437
G1 F1318.7 X160.251 Y108.004 E2103.56275
G1 F1061.9 X160.61 Y108.724 E2103.60054
G1 F1098.9 X160.684 Y108.459 E2103.61304
G1 F1376.1 X160.72 Y108.06 E2103.62756
G1 F1500 X160.72 Y93.028 E2104.12753
G1 X133.92 Y93.028 E2105.0189
G1 X133.92 Y103.399 E2105.36384
G1 F1188.1 X134.026 Y103.802 E2105.38134
G1 X134.201 Y103.424 E2105.39883
G1 F1500 X134.282 Y103.215 E2105.40628
G1 X134.498 Y102.867 E2105.41991
G1 X134.648 Y102.704 E2105.42727
G1 X135.056 Y102.398 E2105.44424
G1 X135.555 Y102.254 E2105.46151
G1 X135.774 Y102.234 E2105.46882
G1 X136.291 Y102.281 E2105.48609
G1 X136.864 Y102.575 E2105.50751
G1 X137.274 Y103.037 E2105.52806
G1 X137.498 Y103.614 E2105.54864
G1 X137.496 Y104.253 E2105.5699
G1 X137.275 Y104.824 E2105.59026
G1 X136.859 Y105.28 E2105.61079
G1 X136.29 Y105.572 E2105.63206
G1 X135.664 Y105.628 E2105.65296
G1 X135.168 Y105.491 E2105.67008
G1 X134.964 Y105.39 E2105.67765
G1 X134.556 Y105.079 E2105.69471
G1 X134.283 Y104.644 E2105.7118
G1 X134.201 Y104.432 E2105.71936
G1 F1188.1 X134.026 Y104.054 E2105.73685
G1 X133.92 Y104.457 E2105.75434
G1 F1500 X133.92 Y119.828 E2106.26559
G1 X144.212 Y119.828 E2106.6079
G0 F9000 X144.212 Y119.519
G0 X160.003 Y110.496
G0 X160.492 Y109.903
G0 X160.605 Y109.251
G1 F960 X160.61 Y108.724 E2106.63529
G1 F2700 E2101.63529
G0 F9000 X160.492 Y107.955
G0 X160.003 Y107.362
G0 X159.356 Y107.04
G0 X158.64 Y106.975
G0 X157.946 Y107.171
G0 X157.37 Y107.607
G0 X156.99 Y108.22
G0 X156.856 Y108.929
G0 X156.99 Y109.638
G0 X157.37 Y110.251
G0 X157.836 Y110.604
G0 X158.508 Y110.909
G0 X158.702 Y110.223
;TYPE:WALL-OUTER
G1 F2700 E2106.63529
G1 F1500 X158.235 Y110.09 E2106.65144
G1 X157.867 Y109.811 E2106.6668
G1 X157.604 Y109.395 E2106.68317
G1 X157.52 Y108.91 E2106.69954
G1 X157.6 Y108.473 E2106.71431
G1 X157.869 Y108.039 E2106.7313
G1 X158.224 Y107.772 E2106.74607
G1 X158.7 Y107.629 E2106.7626
G1 X159.175 Y107.671 E2106.77846
G1 X159.605 Y107.887 E2106.79447
G1 X159.93 Y108.246 E2106.81057
G1 X160.1 Y108.685 E2106.82623
G1 X160.098 Y109.163 E2106.84213
G1 X159.929 Y109.613 E2106.85812
G1 X159.604 Y109.966 E2106.87408
G1 X159.175 Y110.181 E2106.89004
G1 X158.702 Y110.223 E2106.90583
G1 F2700 E2101.90583
G0 F9000 X158.508 Y110.909
G0 X144.12 Y119.519
G0 X144.12 Y120.228
G1 F2700 E2106.90583
G1 F1500 X161.12 Y120.228 E2107.47125
G1 X161.12 Y92.628 E2108.38923
G1 X133.52 Y92.628 E2109.30721
G1 X133.52 Y120.228 E2110.22519
G1 X144.12 Y120.228 E2110.57775
G1 F2700 E2105.57775
G0 F9000 X144.12 Y119.519
G0 X135.768 Y105.933
G0 X135.704 Y105.223
G1 F2700 E2110.57775
G1 F1500 X135.235 Y105.094 E2110.59393
G1 X134.858 Y104.806 E2110.60971
G1 X134.602 Y104.4 E2110.62567
G1 X134.516 Y103.93 E2110.64156
G1 X134.602 Y103.459 E2110.65749
G1 X134.857 Y103.047 E2110.6736
G1 X135.239 Y102.761 E2110.68948
G1 X135.702 Y102.628 E2110.7055
G1 X136.18 Y102.676 E2110.72148
G1 X136.592 Y102.882 E2110.7368
G1 X136.927 Y103.24 E2110.7531
G1 X137.1 Y103.685 E2110.76898
G1 X137.099 Y104.153 E2110.78455
G1 X136.929 Y104.612 E2110.80083
G1 X136.609 Y104.958 E2110.8165
G1 X136.18 Y105.176 E2110.83251
G1 X135.704 Y105.223 E2110.84842
G0 F9000 X135.768 Y105.933
G0 X134.23 Y106.274
G0 X134.001 Y106.274
;TYPE:FILL
G1 F3000 X160.639 Y99.137 E2111.76565
G0 F9000 X160.64 Y99.379
G1 F3000 X154.369 Y93.108 E2112.06062
G0 F9000 X154.612 Y93.108
G1 F3000 X147.474 Y119.748 E2112.97792
G0 F9000 X147.068 Y119.748
G1 F3000 X134 Y106.68 E2113.5926
G0 F9000 X134.23 Y106.68
G0 X134.23 Y112.486
G0 X134 Y112.486
G1 F3000 X160.64 Y105.348 E2114.50991
G0 F9000 X160.41 Y105.348
G0 X160.41 Y107.864
G0 X160.64 Y107.864
G1 F3000 X145.884 Y93.108 E2115.20398
G0 F9000 X145.884 Y93.339
G0 X148.401 Y93.339
G0 X148.401 Y93.107
G1 F3000 X141.262 Y119.749 E2116.12136
G0 F9000 X141.262 Y119.519
G0 X138.582 Y119.519
G0 X138.582 Y119.748
G1 F3000 X134 Y115.165 E2116.33691
G0 F9000 X134.23 Y115.165
G0 X134.23 Y118.698
G0 X134 Y118.698
G1 F3000 X160.639 Y111.56 E2117.25418
G0 F9000 X160.41 Y111.56
G0 X160.41 Y116.35
G0 X160.641 Y116.35
G1 F3000 X137.399 Y93.108 E2118.34741
G0 F9000 X136.775 Y93.108
G1 F3000 X134 Y93.851 E2118.44296
G0 F9000 X134.23 Y93.851
G0 X135.977 Y93.339
G0 X135.977 Y93.108
G1 F3000 X134.001 Y100.484 E2118.69694
G0 F9000 X134.001 Y100.063
G1 F3000 X159.956 Y93.108 E2119.59066
G0 F9000 X160.639 Y93.797
G1 F3000 X153.686 Y119.748 E2120.48424
G0 F9000 X153.263 Y119.748
G1 F3000 X160.639 Y117.771 E2120.73823
G0 F9000 X160.64 Y116.978
G1 F3000 X159.897 Y119.749 E2120.83365
G0 F9000 X159.897 Y119.519
G0 X155.553 Y119.519
G0 X155.553 Y119.748
G1 F3000 X134 Y98.195 E2121.84743
G0 F9000 X134.23 Y98.195
G0 X142.189 Y93.339
G0 X142.189 Y93.108
G1 F3000 X135.05 Y119.749 E2122.76478
G0 F9000 X135.05 Y119.219
G1 F2700 E2117.76478
;MESH:Supporto.stl
G0 F9000 X133.744 Y120.005
G0 X132.655 Y120.005
G0 X129.166 Y123.118
G0 X128.88 Y140.08
;TYPE:WALL-INNER
G1 F2700 E2122.76478
G1 F966.2 X128.875 Y140.607 E2122.79199
G0 F9000 X128.762 Y141.257
G0 X128.366 Y141.738
G0 X115.853 Y150.873
G0 X115.853 Y151.18
G1 F1500 X128.988 Y151.18 E2123.22886
G1 X128.988 Y141.157 E2123.56223
G1 F1315.8 X128.888 Y140.586 E2123.58421
G1 X128.466 Y141.267 E2123.61459
G1 F1500 X128.117 Y141.647 E2123.63175
G1 X127.663 Y141.876 E2123.64866
G1 X127.446 Y141.938 E2123.65617
G1 X127.042 Y141.974 E2123.66966
G1 X126.823 Y141.953 E2123.67697
G1 X126.323 Y141.811 E2123.69426
G1 X125.829 Y141.43 E2123.71501
G1 X125.492 Y140.887 E2123.73627
G1 X125.379 Y140.286 E2123.75661
G1 X125.49 Y139.681 E2123.77706
G1 X125.826 Y139.131 E2123.7985
G1 X126.333 Y138.75 E2123.8196
G1 X126.823 Y138.611 E2123.83654
G1 X127.042 Y138.59 E2123.84385
G1 X127.557 Y138.636 E2123.86105
G1 X128.014 Y138.862 E2123.87801
G1 X128.193 Y138.996 E2123.88544
G1 F1321.6 X128.52 Y139.357 E2123.90383
G1 F1067.6 X128.88 Y140.08 E2123.94157
G1 F1105 X128.953 Y139.811 E2123.95416
G1 F1379.3 X128.988 Y139.407 E2123.96883
G1 F1500 X128.988 Y124.38 E2124.46863
G1 X102.188 Y124.38 E2125.36
G1 X102.189 Y134.744 E2125.70471
G1 F1183.4 X102.294 Y135.147 E2125.72226
G1 X102.474 Y134.771 E2125.73984
G1 F1500 X102.555 Y134.564 E2125.74723
G1 X102.829 Y134.129 E2125.76433
G1 X103.32 Y133.755 E2125.78486
G1 X103.823 Y133.61 E2125.80227
G1 X104.042 Y133.59 E2125.80958
G1 X104.56 Y133.636 E2125.82688
G1 X105.131 Y133.926 E2125.84818
G1 X105.542 Y134.389 E2125.86877
G1 X105.769 Y134.962 E2125.88927
G1 X105.772 Y135.588 E2125.91009
G1 X105.543 Y136.18 E2125.9312
G1 X105.128 Y136.635 E2125.95169
G1 X104.563 Y136.928 E2125.97286
G1 X104.042 Y136.974 E2125.99025
G1 X103.823 Y136.954 E2125.99757
G1 X103.431 Y136.842 E2126.01112
G1 X103.232 Y136.742 E2126.01853
G1 X102.825 Y136.432 E2126.03555
G1 X102.554 Y135.993 E2126.05271
G1 X102.474 Y135.789 E2126.06
G1 F1188.1 X102.293 Y135.401 E2126.07797
G1 X102.189 Y135.816 E2126.09594
G1 F1500 X102.188 Y151.18 E2126.60695
G1 X115.853 Y151.18 E2127.06145
G0 F9000 X115.853 Y150.873
G0 X102.64 Y136.605
G0 X102.427 Y136.24
G0 X102.293 Y135.401
G1 F980.4 X102.294 Y135.147 E2127.07437
G1 F2700 E2122.07437
G0 F9000 X102.427 Y134.326
G0 X102.64 Y133.961
G0 X103.216 Y133.525
G0 X103.91 Y133.329
G0 X104.627 Y133.394
G0 X105.273 Y133.716
G0 X105.761 Y134.249
G0 X106.021 Y134.923
G0 X106.021 Y135.643
G0 X105.761 Y136.317
G0 X105.273 Y136.85
G0 X104.692 Y137.14
G0 X103.775 Y137.262
G0 X103.969 Y136.579
;TYPE:WALL-OUTER
G1 F2700 E2127.07437
G1 F1500 X103.503 Y136.446 E2127.09049
G1 X103.128 Y136.16 E2127.10618
G1 X102.874 Y135.75 E2127.12222
G1 X102.783 Y135.281 E2127.13811
G1 X102.874 Y134.808 E2127.15413
G1 X103.129 Y134.403 E2127.17005
G1 X103.503 Y134.118 E2127.18569
G1 X103.97 Y133.984 E2127.20185
G1 X104.451 Y134.032 E2127.21792
G1 X104.86 Y134.233 E2127.23308
G1 X105.189 Y134.589 E2127.2492
G1 X105.369 Y135.043 E2127.26545
G1 X105.37 Y135.518 E2127.28125
G1 X105.198 Y135.961 E2127.29705
G1 X104.877 Y136.314 E2127.31292
G1 X104.449 Y136.537 E2127.32897
G1 X103.969 Y136.579 E2127.345
G1 F2700 E2122.345
G0 F9000 X103.775 Y137.262
G0 X115.861 Y150.873
G0 X115.861 Y151.58
G1 F2700 E2127.345
G1 F1500 X129.388 Y151.58 E2127.79491
G1 X129.388 Y123.98 E2128.71289
G1 X101.788 Y123.98 E2129.63087
G1 X101.788 Y151.58 E2130.54885
G1 X115.861 Y151.58 E2131.01692
G1 F2700 E2126.01692
G0 F9000 X115.861 Y150.873
G0 X126.775 Y142.262
G0 X126.968 Y141.579
G1 F2700 E2131.01692
G1 F1500 X126.503 Y141.442 E2131.03304
G1 X126.123 Y141.149 E2131.049
G1 X125.876 Y140.747 E2131.06469
G1 X125.785 Y140.281 E2131.08049
G1 X125.876 Y139.813 E2131.09634
G1 X126.129 Y139.407 E2131.11225
G1 X126.507 Y139.117 E2131.1281
G1 X126.969 Y138.985 E2131.14408
G1 X127.447 Y139.027 E2131.16004
G1 X127.872 Y139.237 E2131.17581
G1 X128.199 Y139.598 E2131.19201
G1 X128.372 Y140.04 E2131.20779
G1 X128.37 Y140.519 E2131.22373
G1 X128.198 Y140.967 E2131.23969
G1 X127.872 Y141.323 E2131.25574
G1 X127.448 Y141.537 E2131.27154
G1 X126.968 Y141.579 E2131.28756
G0 F9000 X126.775 Y142.262
G0 X128.68 Y142.915
G0 X128.908 Y142.915
;TYPE:FILL
G1 F3000 X102.268 Y150.053 E2132.20487
G0 F9000 X102.5 Y150.053
G0 X103.321 Y150.873
G0 X103.321 Y151.1
G1 F3000 X110.459 Y124.459 E2133.12221
G0 F9000 X110.459 Y124.693
G0 X114.153 Y124.693
G0 X114.153 Y124.46
G1 F3000 X128.908 Y139.214 E2133.81621
G0 F9000 X128.68 Y139.214
G0 X128.68 Y136.703
G0 X128.908 Y136.703
G1 F3000 X102.269 Y143.841 E2134.73349
G0 F9000 X102.5 Y143.841
G0 X102.5 Y146.516
G0 X102.268 Y146.516
G1 F3000 X106.852 Y151.1 E2134.9491
G0 F9000 X106.852 Y150.873
G0 X109.532 Y150.873
G0 X109.532 Y151.101
G1 F3000 X116.671 Y124.46 E2135.86645
G0 F9000 X116.671 Y124.693
G0 X122.638 Y124.693
G0 X122.638 Y124.46
G1 F3000 X128.908 Y130.729 E2136.16135
G0 F9000 X128.908 Y130.492
G1 F3000 X102.269 Y137.629 E2137.07861
G0 F9000 X102.269 Y138.031
G1 F3000 X115.337 Y151.1 E2137.69331
G0 F9000 X115.744 Y151.1
G1 F3000 X122.883 Y124.459 E2138.61066
G0 F9000 X122.883 Y124.693
G0 X128.236 Y124.693
G0 X128.236 Y124.46
G1 F3000 X102.267 Y131.418 E2139.50486
G0 F9000 X102.267 Y131.85
G1 F3000 X104.248 Y124.459 E2139.75936
G0 F9000 X105.054 Y124.46
G1 F3000 X102.268 Y125.206 E2139.85529
G0 F9000 X102.5 Y125.206
G0 X105.668 Y124.693
G0 X105.668 Y124.46
G1 F3000 X128.908 Y147.7 E2140.94843
G0 F9000 X128.908 Y148.338
G1 F3000 X128.167 Y151.101 E2141.04357
G0 F9000 X128.167 Y150.873
G0 X128.68 Y149.127
G0 X128.907 Y149.127
G1 F3000 X121.543 Y151.1 E2141.29714
G0 F9000 X121.956 Y151.101
G1 F3000 X128.908 Y125.155 E2142.19055
G0 F9000 X128.68 Y125.155
G0 X125.126 Y140.283
G0 X123.822 Y150.873
G0 X123.822 Y151.1
G1 F3000 X102.267 Y129.544 E2143.20445
G0 F9000 X102.8 Y129.544
G1 F2700 E2138.20445
;MESH:NONMESH
G0 F300 X102.8 Y129.544 Z3.6
G0 F9000 X102.014 Y124.207
G0 X100.925 Y124.207
G0 X97.075 Y121.431
G0 X70.202 Y104.131
;TIME_ELAPSED:2871.638540
;LAYER:17
;TYPE:WALL-INNER
;MESH:Supporto.stl(1)
G1 F2700 E2143.20445
G1 F980.4 X70.201 Y104.385 E2143.21738
G0 F9000 X70.784 Y105.221
G0 X87.051 Y119.856
G0 X87.051 Y120.164
G1 F1500 X96.896 Y120.164 E2143.54482
G1 X96.896 Y110.141 E2143.87819
G1 F1315.8 X96.796 Y109.57 E2143.90017
G1 X96.374 Y110.25 E2143.93051
G1 F1500 X96.029 Y110.627 E2143.94751
G1 X95.471 Y110.906 E2143.96826
G1 X94.956 Y110.957 E2143.98547
G1 X94.729 Y110.937 E2143.99305
G1 X94.232 Y110.794 E2144.01025
G1 X93.732 Y110.408 E2144.03126
G1 X93.4 Y109.872 E2144.05223
G1 X93.287 Y109.27 E2144.0726
G1 X93.398 Y108.665 E2144.09306
G1 X93.731 Y108.118 E2144.11436
G1 X94.242 Y107.732 E2144.13566
G1 X94.729 Y107.591 E2144.15252
G1 X94.956 Y107.571 E2144.1601
G1 X95.471 Y107.622 E2144.17732
G1 X95.929 Y107.851 E2144.19435
G1 X96.103 Y107.982 E2144.20159
G1 F1321.6 X96.426 Y108.334 E2144.21963
G1 F1067.6 X96.788 Y109.064 E2144.2577
G1 F1102.9 X96.861 Y108.798 E2144.27018
G1 F1376.1 X96.896 Y108.39 E2144.28503
G1 F1500 X96.896 Y93.364 E2144.78479
G1 X70.096 Y93.364 E2145.67617
G1 X70.097 Y103.728 E2146.02087
G1 F1183.4 X70.202 Y104.131 E2146.03843
G1 X70.382 Y103.755 E2146.056
G1 F1500 X70.46 Y103.553 E2146.06321
G1 X70.672 Y103.209 E2146.07665
G1 X70.823 Y103.044 E2146.08408
G1 X71.235 Y102.734 E2146.10123
G1 X71.729 Y102.591 E2146.11834
G1 X71.956 Y102.57 E2146.12592
G1 X72.471 Y102.621 E2146.14313
G1 X73.027 Y102.906 E2146.16391
G1 X73.457 Y103.375 E2146.18508
G1 X73.678 Y103.953 E2146.20566
G1 X73.68 Y104.573 E2146.22628
G1 X73.45 Y105.166 E2146.24743
G1 X73.014 Y105.635 E2146.26873
G1 X72.468 Y105.907 E2146.28902
G1 X71.956 Y105.958 E2146.30614
G1 X71.729 Y105.937 E2146.31372
G1 X71.235 Y105.794 E2146.33082
G1 X70.823 Y105.484 E2146.34797
G1 X70.672 Y105.319 E2146.35541
G1 X70.46 Y104.975 E2146.36885
G1 X70.382 Y104.773 E2146.37605
G1 F1188.1 X70.201 Y104.385 E2146.39403
G1 X70.097 Y104.8 E2146.412
G1 F1500 X70.096 Y120.164 E2146.923
G1 X87.051 Y120.164 E2147.48693
G0 F9000 X87.051 Y119.856
G0 X96.669 Y110.299
G0 X96.783 Y109.591
G1 F966.2 X96.788 Y109.064 E2147.51414
G1 F2700 E2142.51414
G0 F9000 X96.671 Y108.296
G0 X96.183 Y107.699
G0 X95.535 Y107.377
G0 X94.818 Y107.312
G0 X94.125 Y107.508
G0 X93.548 Y107.944
G0 X93.168 Y108.556
G0 X93.035 Y109.266
G0 X93.168 Y109.974
G0 X93.548 Y110.588
G0 X94.125 Y111.024
G0 X94.749 Y111.2
G0 X95.674 Y111.154
G0 X95.357 Y110.515
;TYPE:WALL-OUTER
G1 F2700 E2147.51414
G1 F1500 X94.874 Y110.563 E2147.53029
G1 X94.415 Y110.426 E2147.54622
G1 X94.043 Y110.147 E2147.56169
G1 X93.784 Y109.731 E2147.57798
G1 X93.693 Y109.265 E2147.59378
G1 X93.784 Y108.797 E2147.60963
G1 X94.045 Y108.379 E2147.62602
G1 X94.42 Y108.096 E2147.64165
G1 X94.875 Y107.965 E2147.6574
G1 X95.357 Y108.013 E2147.67351
G1 X95.784 Y108.226 E2147.68938
G1 X96.105 Y108.575 E2147.70515
G1 X96.28 Y109.025 E2147.72121
G1 X96.278 Y109.503 E2147.73711
G1 X96.106 Y109.952 E2147.7531
G1 X95.784 Y110.302 E2147.76892
G1 X95.357 Y110.515 E2147.78479
G1 F2700 E2142.78479
G0 F9000 X95.674 Y111.154
G0 X87.158 Y119.856
G0 X87.158 Y120.564
G1 F2700 E2147.78479
G1 F1500 X97.296 Y120.564 E2148.12198
G1 X97.296 Y92.964 E2149.03996
G1 X69.696 Y92.964 E2149.95794
G1 X69.696 Y120.564 E2150.87592
G1 X87.158 Y120.564 E2151.45671
G1 F2700 E2146.45671
G0 F9000 X87.158 Y119.856
G0 X72.678 Y106.152
G0 X72.36 Y105.511
G1 F2700 E2151.45671
G1 F1500 X71.879 Y105.564 E2151.4728
G1 X71.418 Y105.431 E2151.48876
G1 X71.033 Y105.141 E2151.50479
G1 X70.782 Y104.734 E2151.5207
G1 X70.691 Y104.265 E2151.53659
G1 X70.782 Y103.794 E2151.55254
G1 X71.033 Y103.387 E2151.56845
G1 X71.418 Y103.097 E2151.58448
G1 X71.877 Y102.964 E2151.60037
G1 X72.355 Y103.011 E2151.61635
G1 X72.772 Y103.221 E2151.63188
G1 X73.102 Y103.571 E2151.64788
G1 X73.28 Y104.044 E2151.66468
G1 X73.278 Y104.502 E2151.67992
G1 X73.106 Y104.945 E2151.69572
G1 X72.789 Y105.294 E2151.7114
G1 X72.36 Y105.511 E2151.72739
G0 F9000 X72.678 Y106.152
G0 X70.409 Y106.758
G0 X70.177 Y106.758
;TYPE:FILL
G1 F3000 X96.816 Y99.621 E2152.64466
G1 X96.816 Y99.513
G1 X90.747 Y93.444 E2152.93013
G1 X90.645 Y93.444
G1 X83.506 Y120.084 E2153.84744
G1 X83.446 Y120.084
G1 X70.176 Y106.814 E2154.47162
G0 F9000 X70.409 Y106.814
G0 X70.409 Y112.97
G0 X70.177 Y112.97
G1 F3000 X96.815 Y105.832 E2155.38886
G0 F9000 X96.589 Y105.832
G0 X96.589 Y107.999
G0 X96.816 Y107.999
G1 F3000 X82.262 Y93.444 E2156.07346
G0 F9000 X82.262 Y93.676
G0 X84.433 Y93.676
G0 X84.433 Y93.444
G1 F3000 X77.295 Y120.084 E2156.99076
G0 F9000 X77.295 Y119.856
G0 X74.96 Y119.856
G0 X74.96 Y120.084
G1 F3000 X70.176 Y115.299 E2157.21581
G0 F9000 X70.409 Y115.299
G0 X70.409 Y119.182
G0 X70.177 Y119.182
G1 F3000 X96.815 Y112.044 E2158.13305
G0 F9000 X96.589 Y112.044
G0 X96.589 Y116.484
G0 X96.816 Y116.484
G1 F3000 X73.777 Y93.444 E2159.21676
G0 F9000 X73.504 Y93.444
G1 F3000 X70.177 Y94.335 E2159.33132
G0 F9000 X70.409 Y94.335
G0 X72.01 Y93.676
G0 X72.01 Y93.443
G1 F3000 X70.177 Y100.284 E2159.56688
G0 F9000 X70.177 Y100.547
G1 F3000 X96.686 Y93.444 E2160.47967
G1 X96.816 Y93.595
G1 X89.718 Y120.084 E2161.39178
G0 F9000 X89.992 Y120.084
G1 F3000 X96.816 Y118.256 E2161.62675
G0 F9000 X96.589 Y118.256
G0 X96.589 Y116.777
G0 X96.816 Y116.777
G1 F3000 X95.93 Y120.084 E2161.74062
G0 F9000 X95.93 Y119.856
G0 X91.931 Y119.856
G0 X91.931 Y120.084
G1 F3000 X70.176 Y98.329 E2162.76391
G0 F9000 X70.409 Y98.329
G0 X78.221 Y93.676
G0 X78.221 Y93.443
G1 F3000 X71.083 Y120.084 E2163.68125
G0 F9000 X71.083 Y119.556
G1 F2700 E2158.68125
;MESH:TracciaSopra.stl
G0 F9000 X97.075 Y93.19
G0 X98.164 Y93.19
G0 X101.406 Y90.778
G0 X101.406 Y89.689
G0 X115.194 Y89.203
G0 X115.194 Y89.512
;TYPE:WALL-INNER
G1 F2700 E2163.68125
G1 F1500 X128.38 Y89.512 E2164.11981
G1 X128.38 Y79.478 E2164.45355
G1 F1310 X128.276 Y78.917 E2164.47528
G1 X127.858 Y79.598 E2164.50571
G1 F1500 X127.587 Y79.894 E2164.51905
G1 X127.411 Y80.026 E2164.52637
G1 X127.047 Y80.206 E2164.53988
G1 X126.834 Y80.266 E2164.54724
G1 X126.325 Y80.312 E2164.56423
G1 X125.714 Y80.144 E2164.58531
G1 X125.208 Y79.749 E2164.60666
G1 X124.881 Y79.23 E2164.62706
G1 X124.773 Y78.62 E2164.64767
G1 X124.888 Y77.982 E2164.66923
G1 X125.216 Y77.465 E2164.68959
G1 X125.722 Y77.079 E2164.71076
G1 X126.215 Y76.939 E2164.72781
G1 X126.434 Y76.918 E2164.73512
G1 X126.834 Y76.954 E2164.74848
G1 X127.051 Y77.016 E2164.75599
G1 X127.514 Y77.25 E2164.77324
G1 F1318.7 X127.908 Y77.681 E2164.79534
G1 F1061.9 X128.27 Y78.408 E2164.83349
G1 F1096.9 X128.343 Y78.145 E2164.8459
G1 F1373 X128.38 Y77.743 E2164.86057
G1 F1500 X128.38 Y62.712 E2165.36051
G1 X101.58 Y62.712 E2166.25188
G1 X101.58 Y73.083 E2166.59682
G1 F1188.1 X101.686 Y73.486 E2166.61432
G1 X101.861 Y73.108 E2166.63181
G1 F1500 X101.943 Y72.896 E2166.63937
G1 X102.216 Y72.461 E2166.65645
G1 X102.712 Y72.083 E2166.67719
G1 X103.215 Y71.938 E2166.6946
G1 X103.434 Y71.918 E2166.70192
G1 X103.95 Y71.964 E2166.71915
G1 X104.512 Y72.254 E2166.74018
G1 X104.933 Y72.714 E2166.76092
G1 X105.158 Y73.297 E2166.78171
G1 X105.156 Y73.921 E2166.80246
G1 X104.94 Y74.508 E2166.82326
G1 X104.507 Y74.973 E2166.8444
G1 X103.948 Y75.256 E2166.86524
G1 X103.325 Y75.312 E2166.88604
G1 X102.828 Y75.175 E2166.90319
G1 X102.624 Y75.074 E2166.91076
G1 X102.216 Y74.763 E2166.92782
G1 X101.943 Y74.328 E2166.9449
G1 X101.861 Y74.116 E2166.95246
G1 F1188.1 X101.686 Y73.738 E2166.96995
G1 X101.58 Y74.141 E2166.98745
G1 F1500 X101.58 Y89.512 E2167.49869
G1 X115.194 Y89.512 E2167.9515
G0 F9000 X115.194 Y89.203
G0 X127.666 Y80.18
G0 X128.154 Y79.583
G0 X128.265 Y78.935
G1 F960 X128.27 Y78.408 E2167.97889
G0 F9000 X128.154 Y77.643
G0 X126.907 Y77.116
G0 X103.34 Y75.162
G0 X102.789 Y75.007
G0 X102.419 Y74.727
G0 X101.686 Y73.738
G1 F983.6 X101.686 Y73.486 E2167.99167
G1 F2700 E2162.99167
G0 F9000 X101.819 Y72.655
G0 X102.031 Y72.291
G0 X102.608 Y71.855
G0 X103.302 Y71.659
G0 X104.018 Y71.724
G0 X104.666 Y72.046
G0 X105.152 Y72.58
G0 X105.412 Y73.253
G0 X105.412 Y73.973
G0 X105.152 Y74.646
G0 X104.666 Y75.18
G0 X104.083 Y75.47
G0 X103.17 Y75.593
G0 X103.364 Y74.907
;TYPE:WALL-OUTER
G1 F2700 E2167.99167
G1 F1500 X102.895 Y74.778 E2168.00785
G1 X102.518 Y74.49 E2168.02363
G1 X102.262 Y74.084 E2168.03959
G1 X102.176 Y73.614 E2168.05548
G1 X102.262 Y73.14 E2168.0715
G1 X102.518 Y72.734 E2168.08747
G1 X102.895 Y72.446 E2168.10325
G1 X103.361 Y72.313 E2168.11937
G1 X103.838 Y72.356 E2168.13529
G1 X104.275 Y72.584 E2168.15169
G1 X104.581 Y72.917 E2168.16673
G1 X104.76 Y73.388 E2168.18349
G1 X104.759 Y73.837 E2168.19842
G1 X104.59 Y74.293 E2168.2146
G1 X104.273 Y74.642 E2168.23028
G1 X103.839 Y74.86 E2168.24643
G1 X103.364 Y74.907 E2168.26231
G1 F2700 E2163.26231
G0 F9000 X103.17 Y75.593
G0 X115.201 Y89.203
G0 X115.201 Y89.912
G1 F2700 E2168.26231
G1 F1500 X128.78 Y89.912 E2168.71395
G1 X128.78 Y62.312 E2169.63193
G1 X101.18 Y62.312 E2170.54991
G1 X101.18 Y89.912 E2171.46789
G1 X115.201 Y89.912 E2171.93423
G1 F2700 E2166.93423
G0 F9000 X115.201 Y89.203
G0 X126.168 Y80.593
G0 X126.362 Y79.907
G1 F2700 E2171.93423
G1 F1500 X125.895 Y79.774 E2171.95038
G1 X125.527 Y79.495 E2171.96574
G1 X125.264 Y79.079 E2171.98211
G1 X125.177 Y78.611 E2171.99794
G1 X125.263 Y78.138 E2172.01393
G1 X125.517 Y77.739 E2172.02966
G1 X125.899 Y77.445 E2172.04569
G1 X126.361 Y77.313 E2172.06167
G1 X126.836 Y77.355 E2172.07753
G1 X127.268 Y77.574 E2172.09364
G1 X127.589 Y77.923 E2172.10941
G1 X127.76 Y78.37 E2172.12533
G1 X127.758 Y78.847 E2172.1412
G1 X127.591 Y79.299 E2172.15723
G1 X127.267 Y79.651 E2172.17314
G1 X126.835 Y79.865 E2172.18917
G1 X126.362 Y79.907 E2172.20497
G0 F9000 X126.168 Y80.593
G0 X128.072 Y81.391
G0 X128.299 Y81.391
;TYPE:FILL
G1 F3000 X101.66 Y88.529 E2173.12224
G0 F9000 X101.892 Y88.529
G0 X102.566 Y89.203
G0 X102.566 Y89.432
G1 F3000 X109.705 Y62.791 E2174.03958
G0 F9000 X109.705 Y63.023
G0 X113.744 Y63.023
G0 X113.744 Y62.792
G1 F3000 X128.3 Y77.348 E2174.72425
G0 F9000 X128.072 Y77.348
G0 X128.072 Y75.179
G0 X128.3 Y75.179
G1 F3000 X101.66 Y82.317 E2175.64156
G0 F9000 X101.892 Y82.317
G0 X101.892 Y84.648
G0 X101.66 Y84.648
G1 F3000 X106.443 Y89.431 E2175.86654
G0 F9000 X106.443 Y89.203
G0 X108.778 Y89.203
G0 X108.778 Y89.432
G1 F3000 X115.916 Y62.792 E2176.78384
G0 F9000 X115.916 Y63.023
G0 X122.128 Y63.023
G0 X122.128 Y62.792
G1 F3000 X114.989 Y89.433 E2177.70119
G1 X114.928 Y89.431
G1 X101.66 Y76.163 E2178.32527
G1 X101.661 Y76.106
G1 X128.3 Y68.968 E2179.24255
G1 X128.3 Y68.862
G1 X122.23 Y62.792 E2179.52806
G0 F9000 X122.23 Y63.023
G0 X128.166 Y63.023
G0 X128.166 Y62.792
G1 F3000 X101.661 Y69.894 E2180.44072
G0 F9000 X101.66 Y69.631
G1 F3000 X103.493 Y62.791 E2180.67625
G0 F9000 X103.493 Y63.023
G0 X104.983 Y63.023
G0 X104.983 Y62.792
G1 F3000 X101.66 Y63.682 E2180.79066
G0 F9000 X101.892 Y63.682
G0 X105.259 Y63.023
G0 X105.259 Y62.792
G1 F3000 X128.3 Y85.833 E2181.87444
G0 F9000 X128.3 Y86.121
G1 F3000 X127.413 Y89.432 E2181.98845
G0 F9000 X127.413 Y89.203
G0 X128.072 Y87.603
G0 X128.3 Y87.603
G1 F3000 X121.473 Y89.432 E2182.22352
G0 F9000 X121.201 Y89.432
G1 F3000 X128.3 Y62.939 E2183.13577
G0 F9000 X128.072 Y62.939
G0 X124.518 Y78.613
G0 X123.413 Y89.203
G0 X123.413 Y89.431
G1 F3000 X101.66 Y67.678 E2184.15897
G0 F9000 X102.192 Y67.678
G1 F2700 E2179.15897
;MESH:TracciaSotto.stl
G0 F9000 X128.558 Y89.689
G0 X129.647 Y89.689
G0 X132.655 Y92.853
G0 X134.026 Y103.802
;TYPE:WALL-INNER
G1 F2700 E2184.15897
G1 F983.6 X134.026 Y104.054 E2184.17175
G0 F9000 X134.157 Y104.886
G0 X144.212 Y119.519
G0 X144.212 Y119.828
G1 F1500 X160.72 Y119.828 E2184.72081
G1 X160.72 Y109.793 E2185.05457
G1 F1310 X160.617 Y109.232 E2185.07629
G1 X160.198 Y109.911 E2185.10668
G1 F1500 X159.848 Y110.292 E2185.12389
G1 X159.389 Y110.521 E2185.14095
G1 X159.174 Y110.582 E2185.14838
G1 X158.665 Y110.628 E2185.16538
G1 X158.054 Y110.46 E2185.18645
G1 X157.548 Y110.065 E2185.2078
G1 X157.221 Y109.546 E2185.22821
G1 X157.11 Y108.921 E2185.24932
G1 X157.228 Y108.301 E2185.27031
G1 X157.555 Y107.779 E2185.2908
G1 X158.065 Y107.394 E2185.31205
G1 X158.555 Y107.255 E2185.32899
G1 X158.774 Y107.234 E2185.33631
G1 X159.174 Y107.27 E2185.34967
G1 X159.389 Y107.331 E2185.3571
G1 X159.749 Y107.511 E2185.37049
G1 X159.925 Y107.644 E2185.37782
G1 F1318.7 X160.251 Y108.004 E2185.3962
G1 F1061.9 X160.61 Y108.724 E2185.434
G1 F1098.9 X160.684 Y108.459 E2185.44649
G1 F1376.1 X160.72 Y108.06 E2185.46101
G1 F1500 X160.72 Y93.028 E2185.96098
G1 X133.92 Y93.028 E2186.85235
G1 X133.92 Y103.399 E2187.19729
G1 F1188.1 X134.026 Y103.802 E2187.21479
G1 X134.201 Y103.424 E2187.23228
G1 F1500 X134.282 Y103.215 E2187.23973
G1 X134.498 Y102.867 E2187.25336
G1 X134.648 Y102.704 E2187.26073
G1 X135.056 Y102.398 E2187.27769
G1 X135.555 Y102.254 E2187.29496
G1 X135.774 Y102.234 E2187.30228
G1 X136.291 Y102.281 E2187.31954
G1 X136.864 Y102.575 E2187.34096
G1 X137.274 Y103.037 E2187.36151
G1 X137.498 Y103.614 E2187.38209
G1 X137.496 Y104.253 E2187.40335
G1 X137.275 Y104.824 E2187.42371
G1 X136.859 Y105.28 E2187.44424
G1 X136.29 Y105.572 E2187.46551
G1 X135.664 Y105.628 E2187.48642
G1 X135.168 Y105.491 E2187.50353
G1 X134.964 Y105.39 E2187.5111
G1 X134.556 Y105.079 E2187.52817
G1 X134.283 Y104.644 E2187.54525
G1 X134.201 Y104.432 E2187.55281
G1 F1188.1 X134.026 Y104.054 E2187.5703
G1 X133.92 Y104.457 E2187.5878
G1 F1500 X133.92 Y119.828 E2188.09904
G1 X144.212 Y119.828 E2188.44135
G0 F9000 X144.212 Y119.519
G0 X160.003 Y110.496
G0 X160.492 Y109.903
G0 X160.605 Y109.251
G1 F960 X160.61 Y108.724 E2188.46874
G1 F2700 E2183.46874
G0 F9000 X160.492 Y107.955
G0 X160.003 Y107.362
G0 X159.356 Y107.04
G0 X158.64 Y106.975
G0 X157.946 Y107.171
G0 X157.37 Y107.607
G0 X156.99 Y108.22
G0 X156.856 Y108.929
G0 X156.99 Y109.638
G0 X157.37 Y110.251
G0 X157.836 Y110.604
G0 X158.508 Y110.909
G0 X158.702 Y110.223
;TYPE:WALL-OUTER
G1 F2700 E2188.46874
G1 F1500 X158.235 Y110.09 E2188.48489
G1 X157.867 Y109.811 E2188.50025
G1 X157.604 Y109.395 E2188.51662
G1 X157.52 Y108.91 E2188.53299
G1 X157.6 Y108.473 E2188.54777
G1 X157.869 Y108.039 E2188.56475
G1 X158.224 Y107.772 E2188.57952
G1 X158.7 Y107.629 E2188.59605
G1 X159.175 Y107.671 E2188.61191
G1 X159.605 Y107.887 E2188.62792
G1 X159.93 Y108.246 E2188.64403
G1 X160.1 Y108.685 E2188.65968
G1 X160.098 Y109.163 E2188.67558
G1 X159.929 Y109.613 E2188.69157
G1 X159.604 Y109.966 E2188.70753
G1 X159.175 Y110.181 E2188.72349
G1 X158.702 Y110.223 E2188.73928
G1 F2700 E2183.73928
G0 F9000 X158.508 Y110.909
G0 X144.12 Y119.519
G0 X144.12 Y120.228
G1 F2700 E2188.73928
G1 F1500 X161.12 Y120.228 E2189.30471
G1 X161.12 Y92.628 E2190.22269
G1 X133.52 Y92.628 E2191.14067
G1 X133.52 Y120.228 E2192.05864
G1 X144.12 Y120.228 E2192.4112
G1 F2700 E2187.4112
G0 F9000 X144.12 Y119.519
G0 X135.768 Y105.933
G0 X135.704 Y105.223
G1 F2700 E2192.4112
G1 F1500 X135.235 Y105.094 E2192.42738
G1 X134.858 Y104.806 E2192.44316
G1 X134.602 Y104.4 E2192.45912
G1 X134.516 Y103.93 E2192.47502
G1 X134.602 Y103.459 E2192.49094
G1 X134.857 Y103.047 E2192.50706
G1 X135.239 Y102.761 E2192.52293
G1 X135.702 Y102.628 E2192.53895
G1 X136.18 Y102.676 E2192.55493
G1 X136.609 Y102.89 E2192.57087
G1 X136.921 Y103.238 E2192.58642
G1 X137.1 Y103.683 E2192.60237
G1 X137.099 Y104.153 E2192.618
G1 X136.929 Y104.612 E2192.63428
G1 X136.609 Y104.958 E2192.64996
G1 X136.18 Y105.176 E2192.66596
G1 X135.704 Y105.223 E2192.68187
G0 F9000 X135.768 Y105.933
G0 X134.23 Y106.42
G0 X134.001 Y106.42
;TYPE:FILL
G1 F3000 X160.639 Y99.283 E2193.59911
G1 X160.64 Y99.18
G1 X154.569 Y93.108 E2193.88469
G1 X154.466 Y93.107
G1 X147.328 Y119.749 E2194.80206
G1 X147.267 Y119.748
G1 X134 Y106.48 E2195.42612
G0 F9000 X134.23 Y106.48
G0 X134.23 Y112.632
G0 X134 Y112.632
G1 F3000 X160.64 Y105.494 E2196.34343
G0 F9000 X160.41 Y105.494
G0 X160.41 Y107.665
G0 X160.64 Y107.665
G1 F3000 X146.083 Y93.108 E2197.02814
G0 F9000 X146.083 Y93.339
G0 X148.255 Y93.339
G0 X148.255 Y93.108
G1 F3000 X141.116 Y119.749 E2197.94549
G0 F9000 X141.116 Y119.519
G0 X138.782 Y119.519
G0 X138.782 Y119.748
G1 F3000 X134 Y114.966 E2198.17042
G0 F9000 X134.23 Y114.966
G0 X134.23 Y118.844
G0 X134 Y118.844
G1 F3000 X160.639 Y111.706 E2199.08769
G0 F9000 X160.41 Y111.706
G0 X160.41 Y116.151
G0 X160.641 Y116.151
G1 F3000 X137.598 Y93.108 E2200.17156
G0 F9000 X137.319 Y93.108
G1 F3000 X134 Y93.997 E2200.28585
G0 F9000 X134.23 Y93.997
G0 X135.831 Y93.339
G0 X135.831 Y93.107
G1 F3000 X134.001 Y99.939 E2200.52109
G0 F9000 X134.001 Y100.209
G1 F3000 X160.501 Y93.108 E2201.43358
G1 X160.639 Y93.252
G1 X153.54 Y119.748 E2202.34592
G0 F9000 X153.808 Y119.748
G1 F3000 X160.639 Y117.918 E2202.58113
G0 F9000 X160.41 Y117.918
G0 X160.41 Y116.433
G0 X160.64 Y116.433
G1 F3000 X159.751 Y119.748 E2202.69529
G0 F9000 X159.751 Y119.519
G0 X155.752 Y119.519
G0 X155.752 Y119.748
G1 F3000 X134 Y97.996 E2203.71843
G0 F9000 X134.23 Y97.996
G0 X142.043 Y93.339
G0 X142.043 Y93.108
G1 F3000 X134.905 Y119.748 E2204.63574
G0 F9000 X134.905 Y119.219
G1 F2700 E2199.63574
;MESH:Supporto.stl
G0 F9000 X133.744 Y120.005
G0 X132.655 Y120.005
G0 X129.166 Y123.118
G0 X128.88 Y140.08
;TYPE:WALL-INNER
G1 F2700 E2204.63574
G1 F966.2 X128.875 Y140.607 E2204.66295
G0 F9000 X128.762 Y141.257
G0 X128.366 Y141.738
G0 X115.853 Y150.873
G0 X115.853 Y151.18
G1 F1500 X128.988 Y151.18 E2205.09982
G1 X128.988 Y141.157 E2205.43319
G1 F1315.8 X128.888 Y140.586 E2205.45517
G1 X128.466 Y141.267 E2205.48555
G1 F1500 X128.117 Y141.647 E2205.50271
G1 X127.663 Y141.876 E2205.51962
G1 X127.446 Y141.938 E2205.52713
G1 X127.042 Y141.974 E2205.54062
G1 X126.823 Y141.953 E2205.54793
G1 X126.323 Y141.811 E2205.56522
G1 X125.829 Y141.43 E2205.58597
G1 X125.492 Y140.887 E2205.60723
G1 X125.379 Y140.286 E2205.62757
G1 X125.49 Y139.681 E2205.64803
G1 X125.826 Y139.131 E2205.66946
G1 X126.333 Y138.75 E2205.69056
G1 X126.823 Y138.611 E2205.7075
G1 X127.042 Y138.59 E2205.71481
G1 X127.557 Y138.636 E2205.73201
G1 X128.014 Y138.862 E2205.74897
G1 X128.193 Y138.996 E2205.7564
G1 F1321.6 X128.52 Y139.357 E2205.77479
G1 F1067.6 X128.88 Y140.08 E2205.81253
G1 F1105 X128.953 Y139.811 E2205.82512
G1 F1379.3 X128.988 Y139.407 E2205.83979
G1 F1500 X128.988 Y124.38 E2206.33959
G1 X102.188 Y124.38 E2207.23096
G1 X102.189 Y134.744 E2207.57567
G1 F1183.4 X102.294 Y135.147 E2207.59322
G1 X102.474 Y134.771 E2207.6108
G1 F1500 X102.555 Y134.564 E2207.61819
G1 X102.829 Y134.129 E2207.63529
G1 X103.32 Y133.755 E2207.65582
G1 X103.823 Y133.61 E2207.67323
G1 X104.042 Y133.59 E2207.68054
G1 X104.56 Y133.636 E2207.69784
G1 X105.131 Y133.926 E2207.71914
G1 X105.542 Y134.389 E2207.73973
G1 X105.769 Y134.962 E2207.76023
G1 X105.772 Y135.588 E2207.78105
G1 X105.543 Y136.18 E2207.80216
G1 X105.128 Y136.635 E2207.82265
G1 X104.563 Y136.928 E2207.84382
G1 X104.042 Y136.974 E2207.86121
G1 X103.823 Y136.954 E2207.86853
G1 X103.431 Y136.842 E2207.88209
G1 X103.232 Y136.742 E2207.88949
G1 X102.825 Y136.432 E2207.90651
G1 X102.554 Y135.993 E2207.92367
G1 X102.474 Y135.789 E2207.93096
G1 F1188.1 X102.293 Y135.401 E2207.94893
G1 X102.189 Y135.816 E2207.9669
G1 F1500 X102.188 Y151.18 E2208.47791
G1 X115.853 Y151.18 E2208.93241
G0 F9000 X115.853 Y150.873
G0 X102.64 Y136.605
G0 X102.427 Y136.24
G0 X102.293 Y135.401
G1 F980.4 X102.294 Y135.147 E2208.94533
G1 F2700 E2203.94533
G0 F9000 X102.427 Y134.326
G0 X102.64 Y133.961
G0 X103.216 Y133.525
G0 X103.91 Y133.329
G0 X104.627 Y133.394
G0 X105.273 Y133.716
G0 X105.761 Y134.249
G0 X106.021 Y134.923
G0 X106.021 Y135.643
G0 X105.761 Y136.317
G0 X105.273 Y136.85
G0 X104.692 Y137.14
G0 X103.775 Y137.262
G0 X103.969 Y136.579
;TYPE:WALL-OUTER
G1 F2700 E2208.94533
G1 F1500 X103.503 Y136.446 E2208.96145
G1 X103.128 Y136.16 E2208.97714
G1 X102.874 Y135.749 E2208.99321
G1 X102.783 Y135.281 E2209.00907
G1 X102.874 Y134.808 E2209.02509
G1 X103.129 Y134.403 E2209.041
G1 X103.503 Y134.118 E2209.05664
G1 X103.97 Y133.984 E2209.0728
G1 X104.451 Y134.032 E2209.08888
G1 X104.86 Y134.233 E2209.10404
G1 X105.189 Y134.589 E2209.12016
G1 X105.369 Y135.043 E2209.1364
G1 X105.37 Y135.518 E2209.1522
G1 X105.198 Y135.961 E2209.16801
G1 X104.877 Y136.314 E2209.18388
G1 X104.449 Y136.537 E2209.19993
G1 X103.969 Y136.579 E2209.21595
G1 F2700 E2204.21595
G0 F9000 X103.775 Y137.262
G0 X115.861 Y150.873
G0 X115.861 Y151.58
G1 F2700 E2209.21595
G1 F1500 X129.388 Y151.58 E2209.66586
G1 X129.388 Y123.98 E2210.58384
G1 X101.788 Y123.98 E2211.50182
G1 X101.788 Y151.58 E2212.4198
G1 X115.861 Y151.58 E2212.88787
G1 F2700 E2207.88787
G0 F9000 X115.861 Y150.873
G0 X126.775 Y142.262
G0 X126.968 Y141.579
G1 F2700 E2212.88787
G1 F1500 X126.503 Y141.442 E2212.904
G1 X126.123 Y141.149 E2212.91996
G1 X125.876 Y140.747 E2212.93565
G1 X125.785 Y140.281 E2212.95144
G1 X125.876 Y139.813 E2212.9673
G1 X126.129 Y139.407 E2212.98321
G1 X126.507 Y139.117 E2212.99906
G1 X126.969 Y138.985 E2213.01504
G1 X127.447 Y139.027 E2213.031
G1 X127.872 Y139.237 E2213.04676
G1 X128.199 Y139.598 E2213.06296
G1 X128.372 Y140.04 E2213.07875
G1 X128.37 Y140.519 E2213.09468
G1 X128.198 Y140.967 E2213.11064
G1 X127.872 Y141.323 E2213.1267
G1 X127.448 Y141.537 E2213.1425
G1 X126.968 Y141.579 E2213.15852
G0 F9000 X126.775 Y142.262
G0 X128.68 Y143.061
G0 X128.907 Y143.061
;TYPE:FILL
G1 F3000 X102.269 Y150.199 E2214.07576
G0 F9000 X102.5 Y150.199
G0 X103.175 Y150.873
G0 X103.175 Y151.1
G1 F3000 X110.313 Y124.459 E2214.9931
G0 F9000 X110.313 Y124.693
G0 X114.353 Y124.693
G0 X114.353 Y124.46
G1 F3000 X128.908 Y139.015 E2215.67772
G0 F9000 X128.68 Y139.015
G0 X128.68 Y136.849
G0 X128.908 Y136.849
G1 F3000 X102.269 Y143.987 E2216.59499
G0 F9000 X102.5 Y143.987
G0 X102.5 Y146.317
G0 X102.268 Y146.317
G1 F3000 X107.051 Y151.1 E2216.81997
G0 F9000 X107.051 Y150.873
G0 X109.387 Y150.873
G0 X109.387 Y151.1
G1 F3000 X116.525 Y124.46 E2217.73728
G0 F9000 X116.525 Y124.693
G0 X122.737 Y124.693
G0 X122.737 Y124.459
G1 F3000 X115.598 Y151.101 E2218.65465
G1 X115.536 Y151.1
G1 X102.269 Y137.832 E2219.27872
G1 X102.27 Y137.775
G1 X128.908 Y130.638 E2220.19595
G1 X128.908 Y130.53
G1 X122.838 Y124.46 E2220.48146
G0 F9000 X122.838 Y124.693
G0 X128.71 Y124.663
G0 X128.781 Y124.46
G1 F3000 X102.268 Y131.564 E2221.3944
G0 F9000 X102.267 Y131.306
G1 F3000 X104.102 Y124.459 E2221.63016
G0 F9000 X104.102 Y124.693
G0 X105.599 Y124.693
G0 X105.599 Y124.46
G1 F3000 X102.268 Y125.352 E2221.74486
G0 F9000 X102.5 Y125.352
G0 X105.867 Y124.693
G0 X105.867 Y124.46
G1 F3000 X128.908 Y147.501 E2222.82864
G0 F9000 X128.908 Y147.794
G1 F3000 X128.021 Y151.101 E2222.94251
G0 F9000 X128.021 Y150.873
G0 X128.68 Y149.273
G0 X128.907 Y149.273
G1 F3000 X122.089 Y151.1 E2223.17728
G0 F9000 X121.81 Y151.1
G1 F3000 X128.908 Y124.611 E2224.08939
G0 F9000 X128.68 Y124.611
G0 X125.126 Y140.283
G0 X124.022 Y150.873
G0 X124.022 Y151.1
G1 F3000 X102.267 Y129.345 E2225.11268
G0 F9000 X102.8 Y129.345
G1 F2700 E2220.11268
;MESH:NONMESH
G0 F300 X102.8 Y129.345 Z3.8
G0 F9000 X102.014 Y124.207
G0 X100.925 Y124.207
G0 X97.075 Y121.431
G0 X70.202 Y104.131
;TIME_ELAPSED:2975.406572
;LAYER:18
;TYPE:WALL-INNER
;MESH:Supporto.stl(1)
G1 F2700 E2225.11268
G1 F980.4 X70.201 Y104.385 E2225.12561
G0 F9000 X70.784 Y105.221
G0 X87.051 Y119.856
G0 X87.051 Y120.164
G1 F1500 X96.896 Y120.164 E2225.45305
G1 X96.896 Y110.141 E2225.78642
G1 F1315.8 X96.796 Y109.57 E2225.8084
G1 X96.374 Y110.25 E2225.83874
G1 F1500 X96.029 Y110.627 E2225.85574
G1 X95.471 Y110.906 E2225.87649
G1 X94.956 Y110.957 E2225.8937
G1 X94.729 Y110.937 E2225.90128
G1 X94.232 Y110.794 E2225.91848
G1 X93.732 Y110.408 E2225.93949
G1 X93.4 Y109.872 E2225.96046
G1 X93.287 Y109.27 E2225.98084
G1 X93.398 Y108.665 E2226.00129
G1 X93.731 Y108.118 E2226.02259
G1 X94.242 Y107.732 E2226.04389
G1 X94.729 Y107.591 E2226.06076
G1 X94.956 Y107.571 E2226.06833
G1 X95.471 Y107.622 E2226.08555
G1 X95.929 Y107.851 E2226.10258
G1 X96.103 Y107.982 E2226.10982
G1 F1321.6 X96.426 Y108.334 E2226.12786
G1 F1067.6 X96.788 Y109.064 E2226.16593
G1 F1102.9 X96.861 Y108.798 E2226.17841
G1 F1376.1 X96.896 Y108.39 E2226.19326
G1 F1500 X96.896 Y93.364 E2226.69302
G1 X70.096 Y93.364 E2227.5844
G1 X70.097 Y103.728 E2227.9291
G1 F1183.4 X70.202 Y104.131 E2227.94666
G1 X70.382 Y103.755 E2227.96423
G1 F1500 X70.46 Y103.553 E2227.97144
G1 X70.672 Y103.209 E2227.98488
G1 X70.823 Y103.044 E2227.99232
G1 X71.235 Y102.734 E2228.00946
G1 X71.729 Y102.591 E2228.02657
G1 X71.956 Y102.57 E2228.03415
G1 X72.471 Y102.621 E2228.05136
G1 X73.027 Y102.906 E2228.07215
G1 X73.457 Y103.375 E2228.09331
G1 X73.678 Y103.953 E2228.11389
G1 X73.68 Y104.573 E2228.13451
G1 X73.45 Y105.166 E2228.15567
G1 X73.014 Y105.635 E2228.17696
G1 X72.468 Y105.907 E2228.19725
G1 X71.956 Y105.958 E2228.21437
G1 X71.729 Y105.937 E2228.22195
G1 X71.235 Y105.794 E2228.23905
G1 X70.823 Y105.484 E2228.2562
G1 X70.672 Y105.319 E2228.26364
G1 X70.46 Y104.975 E2228.27708
G1 X70.382 Y104.773 E2228.28428
G1 F1188.1 X70.201 Y104.385 E2228.30226
G1 X70.097 Y104.8 E2228.32023
G1 F1500 X70.096 Y120.164 E2228.83124
G1 X87.051 Y120.164 E2229.39516
G0 F9000 X87.051 Y119.856
G0 X96.669 Y110.299
G0 X96.783 Y109.591
G1 F966.2 X96.788 Y109.064 E2229.42237
G1 F2700 E2224.42237
G0 F9000 X96.671 Y108.296
G0 X96.183 Y107.699
G0 X95.535 Y107.377
G0 X94.818 Y107.312
G0 X94.125 Y107.508
G0 X93.548 Y107.944
G0 X93.168 Y108.556
G0 X93.035 Y109.266
G0 X93.168 Y109.974
G0 X93.548 Y110.588
G0 X94.125 Y111.024
G0 X94.749 Y111.2
G0 X95.674 Y111.154
G0 X95.357 Y110.515
;TYPE:WALL-OUTER
G1 F2700 E2229.42237
G1 F1500 X94.874 Y110.563 E2229.43852
G1 X94.415 Y110.426 E2229.45445
G1 X94.043 Y110.147 E2229.46992
G1 X93.784 Y109.731 E2229.48622
G1 X93.693 Y109.265 E2229.50201
G1 X93.78 Y108.809 E2229.51745
G1 X94.045 Y108.379 E2229.53425
G1 X94.42 Y108.096 E2229.54987
G1 X94.875 Y107.965 E2229.56562
G1 X95.357 Y108.013 E2229.58173
G1 X95.784 Y108.226 E2229.5976
G1 X96.105 Y108.575 E2229.61337
G1 X96.28 Y109.025 E2229.62943
G1 X96.278 Y109.503 E2229.64533
G1 X96.106 Y109.952 E2229.66132
G1 X95.784 Y110.302 E2229.67714
G1 X95.357 Y110.515 E2229.69301
G1 F2700 E2224.69301
G0 F9000 X95.674 Y111.154
G0 X87.158 Y119.856
G0 X87.158 Y120.564
G1 F2700 E2229.69301
G1 F1500 X97.296 Y120.564 E2230.0302
G1 X97.296 Y92.964 E2230.94818
G1 X69.696 Y92.964 E2231.86616
G1 X69.696 Y120.564 E2232.78414
G1 X87.158 Y120.564 E2233.36493
G1 F2700 E2228.36493
G0 F9000 X87.158 Y119.856
G0 X72.678 Y106.152
G0 X72.36 Y105.511
G1 F2700 E2233.36493
G1 F1500 X71.879 Y105.564 E2233.38103
G1 X71.418 Y105.431 E2233.39698
G1 X71.033 Y105.141 E2233.41302
G1 X70.782 Y104.734 E2233.42892
G1 X70.691 Y104.265 E2233.44481
G1 X70.782 Y103.794 E2233.46076
G1 X71.033 Y103.387 E2233.47667
G1 X71.418 Y103.097 E2233.4927
G1 X71.877 Y102.964 E2233.50859
G1 X72.355 Y103.011 E2233.52457
G1 X72.772 Y103.221 E2233.5401
G1 X73.102 Y103.571 E2233.5561
G1 X73.28 Y104.044 E2233.57291
G1 X73.278 Y104.502 E2233.58814
G1 X73.106 Y104.945 E2233.60395
G1 X72.789 Y105.294 E2233.61963
G1 X72.36 Y105.511 E2233.63562
G0 F9000 X72.678 Y106.152
G0 X70.409 Y106.613
G0 X70.176 Y106.613
;TYPE:FILL
G1 F3000 X83.646 Y120.084 E2234.26923
G0 F9000 X83.359 Y120.084
G1 F3000 X90.498 Y93.444 E2235.18654
G0 F9000 X90.948 Y93.444
G1 F3000 X96.816 Y99.312 E2235.46256
G0 F9000 X96.816 Y99.768
G1 F3000 X70.177 Y106.905 E2236.37982
G0 F9000 X70.409 Y106.905
G0 X72.535 Y106.155
G0 X73.183 Y105.833
G0 X73.669 Y105.299
G0 X73.929 Y104.626
G0 X73.929 Y103.906
G0 X73.669 Y103.233
G0 X73.276 Y102.8
G0 X70.409 Y100.694
G0 X70.177 Y100.694
G1 F3000 X96.816 Y93.556 E2237.29709
G1 X96.709 Y93.443
G1 X89.571 Y120.084 E2238.21443
G0 F9000 X90.541 Y120.084
G1 F3000 X96.816 Y118.403 E2238.4305
G0 F9000 X96.589 Y118.403
G0 X95.783 Y119.856
G0 X95.783 Y120.084
G1 F3000 X96.816 Y116.228 E2238.56327
G1 X96.816 Y116.283
G1 X73.978 Y93.444 E2239.63752
G1 X74.052 Y93.444
G1 X70.177 Y94.482 E2239.77095
G0 F9000 X70.409 Y94.482
G0 X71.863 Y93.676
G0 X71.863 Y93.443
G1 F3000 X70.177 Y99.736 E2239.98764
G0 F9000 X70.409 Y99.736
G0 X70.409 Y98.128
G0 X70.176 Y98.128
G1 F3000 X92.132 Y120.084 E2241.02038
G0 F9000 X92.132 Y119.856
G0 X96.589 Y112.191
G0 X96.815 Y112.191
G1 F3000 X70.177 Y119.329 E2241.93762
G0 F9000 X70.409 Y119.329
G0 X70.936 Y119.856
G0 X70.936 Y120.084
G1 F3000 X78.074 Y93.443 E2242.85496
G0 F9000 X78.074 Y93.676
G0 X82.463 Y93.676
G0 X82.463 Y93.444
G1 F3000 X96.816 Y107.798 E2243.5301
G0 F9000 X96.589 Y107.798
G0 X96.589 Y105.979
G0 X96.815 Y105.979
G1 F3000 X70.177 Y113.117 E2244.44734
G0 F9000 X70.409 Y113.117
G0 X70.409 Y115.099
G0 X70.176 Y115.099
G1 F3000 X75.161 Y120.084 E2244.68182
G0 F9000 X75.161 Y119.856
G0 X77.148 Y119.856
G0 X77.148 Y120.084
G1 F3000 X84.286 Y93.444 E2245.59913
G0 F9000 X84.286 Y93.976
G1 F2700 E2240.59913
;MESH:TracciaSopra.stl
G0 F9000 X97.075 Y93.19
G0 X98.164 Y93.19
G0 X101.406 Y90.778
G0 X101.686 Y73.738
;TYPE:WALL-INNER
G1 F2700 E2245.59913
G1 F983.6 X101.686 Y73.486 E2245.61191
G0 F9000 X101.819 Y72.655
G0 X102.031 Y72.291
G0 X102.608 Y71.855
G0 X103.302 Y71.659
G0 X104.018 Y71.724
G0 X104.666 Y72.046
G0 X105.059 Y72.479
G0 X115.194 Y89.203
G0 X115.194 Y89.512
G1 F1500 X128.38 Y89.512 E2246.05048
G1 X128.38 Y79.478 E2246.38421
G1 F1310 X128.276 Y78.917 E2246.40594
G1 X127.858 Y79.598 E2246.43637
G1 F1500 X127.587 Y79.894 E2246.44972
G1 X127.411 Y80.026 E2246.45703
G1 X127.047 Y80.206 E2246.47054
G1 X126.834 Y80.266 E2246.4779
G1 X126.325 Y80.312 E2246.4949
G1 X125.714 Y80.144 E2246.51597
G1 X125.208 Y79.749 E2246.53732
G1 X124.881 Y79.23 E2246.55773
G1 X124.773 Y78.62 E2246.57833
G1 X124.888 Y77.982 E2246.59989
G1 X125.216 Y77.465 E2246.62026
G1 X125.722 Y77.079 E2246.64143
G1 X126.215 Y76.939 E2246.65847
G1 X126.434 Y76.918 E2246.66579
G1 X126.834 Y76.954 E2246.67915
G1 X127.051 Y77.016 E2246.68665
G1 X127.514 Y77.25 E2246.70391
G1 F1318.7 X127.908 Y77.681 E2246.726
G1 F1061.9 X128.27 Y78.408 E2246.76415
G1 F1096.9 X128.343 Y78.145 E2246.77657
G1 F1373 X128.38 Y77.743 E2246.79124
G1 F1500 X128.38 Y62.712 E2247.29117
G1 X101.58 Y62.712 E2248.18254
G1 X101.58 Y73.083 E2248.52748
G1 F1188.1 X101.686 Y73.486 E2248.54498
G1 X101.861 Y73.108 E2248.56247
G1 F1500 X101.943 Y72.896 E2248.57003
G1 X102.216 Y72.461 E2248.58711
G1 X102.712 Y72.083 E2248.60786
G1 X103.215 Y71.938 E2248.62527
G1 X103.434 Y71.918 E2248.63258
G1 X103.95 Y71.964 E2248.64981
G1 X104.512 Y72.254 E2248.67084
G1 X104.933 Y72.714 E2248.69158
G1 X105.158 Y73.297 E2248.71237
G1 X105.156 Y73.921 E2248.73312
G1 X104.94 Y74.508 E2248.75393
G1 X104.507 Y74.973 E2248.77506
G1 X103.948 Y75.256 E2248.7959
G1 X103.325 Y75.312 E2248.8167
G1 X102.828 Y75.175 E2248.83385
G1 X102.624 Y75.074 E2248.84142
G1 X102.216 Y74.763 E2248.85849
G1 X101.943 Y74.328 E2248.87557
G1 X101.861 Y74.116 E2248.88313
G1 F1188.1 X101.686 Y73.738 E2248.90062
G1 X101.58 Y74.141 E2248.91812
G1 F1500 X101.58 Y89.512 E2249.42936
G1 X115.194 Y89.512 E2249.88216
G0 F9000 X115.194 Y89.203
G0 X127.666 Y80.18
G0 X128.154 Y79.583
G0 X128.265 Y78.935
G1 F960 X128.27 Y78.408 E2249.90955
G1 F2700 E2244.90955
G0 F9000 X128.154 Y77.643
G0 X127.666 Y77.046
G0 X127.018 Y76.724
G0 X126.302 Y76.659
G0 X125.608 Y76.855
G0 X125.031 Y77.291
G0 X124.651 Y77.905
G0 X124.518 Y78.613
G0 X124.651 Y79.321
G0 X125.031 Y79.935
G0 X125.498 Y80.288
G0 X126.168 Y80.593
G0 X126.362 Y79.907
;TYPE:WALL-OUTER
G1 F2700 E2249.90955
G1 F1500 X125.895 Y79.774 E2249.9257
G1 X125.527 Y79.495 E2249.94106
G1 X125.264 Y79.079 E2249.95743
G1 X125.177 Y78.611 E2249.97326
G1 X125.263 Y78.138 E2249.98925
G1 X125.517 Y77.739 E2250.00498
G1 X125.899 Y77.445 E2250.02102
G1 X126.361 Y77.313 E2250.037
G1 X126.836 Y77.355 E2250.05286
G1 X127.268 Y77.574 E2250.06897
G1 X127.589 Y77.923 E2250.08474
G1 X127.76 Y78.37 E2250.10066
G1 X127.758 Y78.847 E2250.11652
G1 X127.591 Y79.299 E2250.13255
G1 X127.267 Y79.651 E2250.14846
G1 X126.835 Y79.865 E2250.16449
G1 X126.362 Y79.907 E2250.18029
G1 F2700 E2245.18029
G0 F9000 X126.168 Y80.593
G0 X115.201 Y89.203
G0 X115.201 Y89.912
G1 F2700 E2250.18029
G1 F1500 X128.78 Y89.912 E2250.63193
G1 X128.78 Y62.312 E2251.54991
G1 X101.18 Y62.312 E2252.46789
G1 X101.18 Y89.912 E2253.38587
G1 X115.201 Y89.912 E2253.85221
G1 F2700 E2248.85221
G0 F9000 X115.201 Y89.203
G0 X103.17 Y75.593
G0 X103.364 Y74.907
G1 F2700 E2253.85221
G1 F1500 X102.895 Y74.778 E2253.86839
G1 X102.518 Y74.49 E2253.88416
G1 X102.262 Y74.084 E2253.90013
G1 X102.176 Y73.614 E2253.91602
G1 X102.262 Y73.14 E2253.93204
G1 X102.518 Y72.734 E2253.94801
G1 X102.895 Y72.446 E2253.96379
G1 X103.361 Y72.313 E2253.9799
G1 X103.838 Y72.356 E2253.99583
G1 X104.275 Y72.584 E2254.01223
G1 X104.581 Y72.917 E2254.02727
G1 X104.76 Y73.388 E2254.04403
G1 X104.759 Y73.837 E2254.05896
G1 X104.59 Y74.293 E2254.07514
G1 X104.273 Y74.642 E2254.09082
G1 X103.839 Y74.86 E2254.10697
G1 X103.364 Y74.907 E2254.12285
G0 F9000 X103.17 Y75.593
G0 X101.892 Y75.962
G0 X101.66 Y75.962
;TYPE:FILL
G1 F3000 X115.129 Y89.431 E2254.75639
G0 F9000 X114.842 Y89.433
G1 F3000 X121.981 Y62.792 E2255.67373
G0 F9000 X122.431 Y62.792
G1 F3000 X128.3 Y68.661 E2255.94979
G0 F9000 X128.3 Y69.115
G1 F3000 X101.661 Y76.253 E2256.86707
G0 F9000 X101.892 Y76.253
G0 X101.892 Y82.464
G0 X101.66 Y82.464
G1 F3000 X128.3 Y75.326 E2257.78437
G0 F9000 X128.072 Y75.326
G0 X128.072 Y77.147
G0 X128.3 Y77.147
G1 F3000 X113.945 Y62.792 E2258.45959
G0 F9000 X113.945 Y63.023
G0 X115.769 Y63.023
G0 X115.769 Y62.792
G1 F3000 X108.631 Y89.432 E2259.37689
G0 F9000 X108.631 Y89.203
G0 X106.644 Y89.203
G0 X106.644 Y89.431
G1 F3000 X101.66 Y84.448 E2259.6113
G0 F9000 X101.892 Y84.448
G0 X101.892 Y88.676
G0 X101.66 Y88.676
G1 F3000 X128.299 Y81.538 E2260.52857
G0 F9000 X128.072 Y81.538
G0 X128.072 Y85.572
G0 X128.3 Y85.572
G1 F3000 X127.266 Y89.432 E2260.66148
G0 F9000 X127.266 Y89.203
G0 X128.072 Y87.75
G0 X128.3 Y87.75
G1 F3000 X122.021 Y89.432 E2260.87769
G0 F9000 X121.054 Y89.432
G1 F3000 X128.192 Y62.791 E2261.79502
G1 X128.3 Y62.903
G1 X101.661 Y70.041 E2262.7123
G0 F9000 X101.66 Y69.083
G1 F3000 X103.346 Y62.791 E2262.92895
G0 F9000 X103.346 Y63.023
G0 X101.892 Y63.829
G0 X101.66 Y63.829
G1 F3000 X105.532 Y62.792 E2263.06227
G1 X105.46 Y62.792
G1 X128.3 Y85.632 E2264.1366
G0 F9000 X128.072 Y85.632
G0 X123.614 Y89.203
G0 X123.614 Y89.431
G1 F3000 X101.66 Y67.477 E2265.16925
G0 F9000 X101.892 Y67.477
G0 X109.557 Y63.023
G0 X109.557 Y62.792
G1 F3000 X102.419 Y89.432 E2266.08655
G0 F9000 X102.419 Y88.903
G1 F2700 E2261.08655
;MESH:TracciaSotto.stl
G0 F9000 X128.558 Y89.689
G0 X129.647 Y89.689
G0 X132.655 Y92.853
G0 X134.026 Y103.802
;TYPE:WALL-INNER
G1 F2700 E2266.08655
G1 F983.6 X134.026 Y104.054 E2266.09933
G0 F9000 X134.157 Y104.886
G0 X144.212 Y119.519
G0 X144.212 Y119.828
G1 F1500 X160.72 Y119.828 E2266.64839
G1 X160.72 Y109.793 E2266.98216
G1 F1310 X160.617 Y109.232 E2267.00388
G1 X160.198 Y109.911 E2267.03426
G1 F1500 X159.848 Y110.292 E2267.05147
G1 X159.389 Y110.521 E2267.06853
G1 X159.174 Y110.582 E2267.07597
G1 X158.665 Y110.628 E2267.09296
G1 X158.054 Y110.46 E2267.11404
G1 X157.548 Y110.065 E2267.13539
G1 X157.221 Y109.546 E2267.15579
G1 X157.11 Y108.921 E2267.17691
G1 X157.228 Y108.301 E2267.1979
G1 X157.555 Y107.779 E2267.21839
G1 X158.065 Y107.394 E2267.23964
G1 X158.555 Y107.255 E2267.25658
G1 X158.774 Y107.234 E2267.2639
G1 X159.174 Y107.27 E2267.27725
G1 X159.389 Y107.331 E2267.28469
G1 X159.749 Y107.511 E2267.29807
G1 X159.925 Y107.644 E2267.30541
G1 F1318.7 X160.251 Y108.004 E2267.32379
G1 F1061.9 X160.61 Y108.724 E2267.36158
G1 F1098.9 X160.684 Y108.459 E2267.37407
G1 F1376.1 X160.72 Y108.06 E2267.3886
G1 F1500 X160.72 Y93.028 E2267.88856
G1 X133.92 Y93.028 E2268.77994
G1 X133.92 Y103.399 E2269.12488
G1 F1188.1 X134.026 Y103.802 E2269.14238
G1 X134.201 Y103.424 E2269.15987
G1 F1500 X134.282 Y103.215 E2269.16732
G1 X134.498 Y102.867 E2269.18094
G1 X134.648 Y102.704 E2269.18831
G1 X135.056 Y102.398 E2269.20527
G1 X135.555 Y102.254 E2269.22255
G1 X135.774 Y102.234 E2269.22986
G1 X136.291 Y102.281 E2269.24713
G1 X136.864 Y102.575 E2269.26855
G1 X137.274 Y103.037 E2269.28909
G1 X137.498 Y103.614 E2269.30968
G1 X137.496 Y104.253 E2269.33093
G1 X137.275 Y104.824 E2269.3513
G1 X136.859 Y105.28 E2269.37183
G1 X136.29 Y105.572 E2269.3931
G1 X135.664 Y105.628 E2269.414
G1 X135.168 Y105.491 E2269.43112
G1 X134.964 Y105.39 E2269.43869
G1 X134.556 Y105.079 E2269.45575
G1 X134.283 Y104.644 E2269.47283
G1 X134.201 Y104.432 E2269.48039
G1 F1188.1 X134.026 Y104.054 E2269.49789
G1 X133.92 Y104.457 E2269.51538
G1 F1500 X133.92 Y119.828 E2270.02662
G1 X144.212 Y119.828 E2270.36894
G0 F9000 X144.212 Y119.519
G0 X160.003 Y110.496
G0 X160.492 Y109.903
G0 X160.605 Y109.251
G1 F960 X160.61 Y108.724 E2270.39633
G1 F2700 E2265.39633
G0 F9000 X160.492 Y107.955
G0 X160.003 Y107.362
G0 X159.356 Y107.04
G0 X158.64 Y106.975
G0 X157.946 Y107.171
G0 X157.37 Y107.607
G0 X156.99 Y108.22
G0 X156.856 Y108.929
G0 X156.99 Y109.638
G0 X157.37 Y110.251
G0 X157.836 Y110.604
G0 X158.508 Y110.909
G0 X158.702 Y110.223
;TYPE:WALL-OUTER
G1 F2700 E2270.39633
G1 F1500 X158.235 Y110.09 E2270.41248
G1 X157.867 Y109.811 E2270.42784
G1 X157.604 Y109.395 E2270.44421
G1 X157.52 Y108.91 E2270.46058
G1 X157.6 Y108.473 E2270.47535
G1 X157.869 Y108.039 E2270.49234
G1 X158.224 Y107.772 E2270.50711
G1 X158.7 Y107.629 E2270.52364
G1 X159.175 Y107.671 E2270.5395
G1 X159.605 Y107.887 E2270.55551
G1 X159.93 Y108.246 E2270.57161
G1 X160.1 Y108.685 E2270.58727
G1 X160.098 Y109.163 E2270.60317
G1 X159.929 Y109.613 E2270.61916
G1 X159.604 Y109.966 E2270.63512
G1 X159.175 Y110.181 E2270.65108
G1 X158.702 Y110.223 E2270.66687
G1 F2700 E2265.66687
G0 F9000 X158.508 Y110.909
G0 X144.12 Y119.519
G0 X144.12 Y120.228
G1 F2700 E2270.66687
G1 F1500 X161.12 Y120.228 E2271.23229
G1 X161.12 Y92.628 E2272.15027
G1 X133.52 Y92.628 E2273.06825
G1 X133.52 Y120.228 E2273.98623
G1 X144.12 Y120.228 E2274.33879
G1 F2700 E2269.33879
G0 F9000 X144.12 Y119.519
G0 X135.768 Y105.933
G0 X135.704 Y105.223
G1 F2700 E2274.33879
G1 F1500 X135.235 Y105.094 E2274.35497
G1 X134.858 Y104.806 E2274.37075
G1 X134.602 Y104.4 E2274.38671
G1 X134.516 Y103.93 E2274.4026
G1 X134.602 Y103.459 E2274.41853
G1 X134.857 Y103.047 E2274.43464
G1 X135.239 Y102.761 E2274.45051
G1 X135.702 Y102.628 E2274.46654
G1 X136.18 Y102.676 E2274.48251
G1 X136.592 Y102.882 E2274.49784
G1 X136.927 Y103.24 E2274.51414
G1 X137.1 Y103.685 E2274.53002
G1 X137.099 Y104.153 E2274.54559
G1 X136.929 Y104.612 E2274.56187
G1 X136.609 Y104.958 E2274.57754
G1 X136.18 Y105.176 E2274.59355
G1 X135.704 Y105.223 E2274.60946
G0 F9000 X135.768 Y105.933
G0 X134.23 Y106.28
G0 X134 Y106.28
;TYPE:FILL
G1 F3000 X147.468 Y119.748 E2275.24295
G0 F9000 X147.181 Y119.749
G1 F3000 X154.319 Y93.107 E2276.16032
G0 F9000 X154.769 Y93.108
G1 F3000 X160.64 Y98.979 E2276.43647
G0 F9000 X160.639 Y99.43
G1 F3000 X134.001 Y106.567 E2277.35371
G0 F9000 X134.23 Y106.567
G0 X136.356 Y105.818
G0 X137.003 Y105.496
G0 X137.491 Y104.963
G0 X137.751 Y104.289
G0 X137.751 Y103.569
G0 X137.491 Y102.895
G0 X137.096 Y102.463
G0 X134.23 Y100.356
G0 X134.001 Y100.356
G1 F3000 X160.639 Y93.218 E2278.27095
G1 X160.531 Y93.108
G1 X153.393 Y119.748 E2279.18825
G0 F9000 X154.357 Y119.748
G1 F3000 X160.639 Y118.065 E2279.40456
G0 F9000 X160.41 Y118.065
G0 X159.604 Y119.519
G0 X159.604 Y119.748
G1 F3000 X160.64 Y115.884 E2279.53762
G1 X160.641 Y115.95
G1 X137.799 Y93.108 E2280.61203
G1 X137.868 Y93.108
G1 X134 Y94.144 E2280.74522
G0 F9000 X134.23 Y94.144
G0 X135.684 Y93.339
G0 X135.684 Y93.108
G1 F3000 X134.001 Y99.392 E2280.96159
G0 F9000 X134.23 Y99.392
G0 X134.23 Y97.795
G0 X134 Y97.795
G1 F3000 X155.953 Y119.748 E2281.99419
G0 F9000 X155.953 Y119.519
G0 X160.41 Y111.853
G0 X160.639 Y111.853
G1 F3000 X134 Y118.991 E2282.91147
G0 F9000 X134.23 Y118.991
G0 X134.758 Y119.519
G0 X134.758 Y119.748
G1 F3000 X141.896 Y93.108 E2283.82877
G0 F9000 X141.896 Y93.339
G0 X146.284 Y93.339
G0 X146.284 Y93.108
G1 F3000 X160.64 Y107.464 E2284.50403
G0 F9000 X160.41 Y107.464
G0 X160.41 Y105.641
G0 X160.64 Y105.641
G1 F3000 X134 Y112.779 E2285.42134
G0 F9000 X134.23 Y112.779
G0 X134.23 Y114.765
G0 X134 Y114.765
G1 F3000 X138.983 Y119.748 E2285.65572
G0 F9000 X138.983 Y119.519
G0 X140.969 Y119.519
G0 X140.969 Y119.749
G1 F3000 X148.108 Y93.108 E2286.57307
G0 F9000 X148.108 Y93.639
G1 F2700 E2281.57307
;MESH:Supporto.stl
G0 F9000 X133.744 Y120.005
G0 X132.655 Y120.005
G0 X129.166 Y123.118
G0 X128.88 Y140.08
;TYPE:WALL-INNER
G1 F2700 E2286.57307
G1 F966.2 X128.875 Y140.607 E2286.60028
G0 F9000 X128.762 Y141.257
G0 X128.366 Y141.738
G0 X115.853 Y150.873
G0 X115.853 Y151.18
G1 F1500 X128.988 Y151.18 E2287.03716
G1 X128.988 Y141.157 E2287.37052
G1 F1315.8 X128.888 Y140.586 E2287.3925
G1 X128.466 Y141.267 E2287.42288
G1 F1500 X128.117 Y141.647 E2287.44004
G1 X127.663 Y141.876 E2287.45695
G1 X127.446 Y141.938 E2287.46446
G1 X127.042 Y141.974 E2287.47795
G1 X126.823 Y141.953 E2287.48527
G1 X126.323 Y141.811 E2287.50255
G1 X125.829 Y141.43 E2287.5233
G1 X125.492 Y140.887 E2287.54456
G1 X125.379 Y140.286 E2287.5649
G1 X125.49 Y139.681 E2287.58536
G1 X125.826 Y139.131 E2287.60679
G1 X126.333 Y138.75 E2287.62789
G1 X126.823 Y138.611 E2287.64483
G1 X127.042 Y138.59 E2287.65214
G1 X127.557 Y138.636 E2287.66934
G1 X128.014 Y138.862 E2287.6863
G1 X128.193 Y138.996 E2287.69374
G1 F1321.6 X128.52 Y139.357 E2287.71212
G1 F1067.6 X128.88 Y140.08 E2287.74987
G1 F1105 X128.953 Y139.811 E2287.76245
G1 F1379.3 X128.988 Y139.407 E2287.77712
G1 F1500 X128.988 Y124.38 E2288.27692
G1 X102.188 Y124.38 E2289.16829
G1 X102.189 Y134.744 E2289.513
G1 F1183.4 X102.294 Y135.147 E2289.53055
G1 X102.474 Y134.771 E2289.54813
G1 F1500 X102.555 Y134.564 E2289.55552
G1 X102.829 Y134.129 E2289.57262
G1 X103.32 Y133.755 E2289.59315
G1 X103.823 Y133.61 E2289.61056
G1 X104.042 Y133.59 E2289.61787
G1 X104.56 Y133.636 E2289.63517
G1 X105.131 Y133.926 E2289.65647
G1 X105.542 Y134.389 E2289.67706
G1 X105.769 Y134.962 E2289.69756
G1 X105.772 Y135.588 E2289.71838
G1 X105.543 Y136.18 E2289.73949
G1 X105.128 Y136.635 E2289.75998
G1 X104.563 Y136.928 E2289.78115
G1 X104.042 Y136.974 E2289.79854
G1 X103.823 Y136.954 E2289.80586
G1 X103.431 Y136.842 E2289.81942
G1 X103.232 Y136.742 E2289.82682
G1 X102.825 Y136.432 E2289.84384
G1 X102.554 Y135.993 E2289.861
G1 X102.474 Y135.789 E2289.86829
G1 F1188.1 X102.293 Y135.401 E2289.88627
G1 X102.189 Y135.816 E2289.90423
G1 F1500 X102.188 Y151.18 E2290.41524
G1 X115.853 Y151.18 E2290.86974
G0 F9000 X115.853 Y150.873
G0 X102.64 Y136.605
G0 X102.427 Y136.24
G0 X102.293 Y135.401
G1 F980.4 X102.294 Y135.147 E2290.88266
G1 F2700 E2285.88266
G0 F9000 X102.427 Y134.326
G0 X102.64 Y133.961
G0 X103.216 Y133.525
G0 X103.91 Y133.329
G0 X104.627 Y133.394
G0 X105.273 Y133.716
G0 X105.761 Y134.249
G0 X106.021 Y134.923
G0 X106.021 Y135.643
G0 X105.761 Y136.317
G0 X105.273 Y136.85
G0 X104.692 Y137.14
G0 X103.775 Y137.262
G0 X103.969 Y136.579
;TYPE:WALL-OUTER
G1 F2700 E2290.88266
G1 F1500 X103.503 Y136.446 E2290.89878
G1 X103.128 Y136.16 E2290.91447
G1 X102.874 Y135.75 E2290.93051
G1 X102.783 Y135.281 E2290.9464
G1 X102.874 Y134.808 E2290.96242
G1 X103.129 Y134.403 E2290.97834
G1 X103.503 Y134.118 E2290.99398
G1 X103.97 Y133.984 E2291.01014
G1 X104.451 Y134.032 E2291.02621
G1 X104.86 Y134.233 E2291.04137
G1 X105.189 Y134.589 E2291.05749
G1 X105.369 Y135.043 E2291.07374
G1 X105.37 Y135.518 E2291.08954
G1 X105.198 Y135.961 E2291.10534
G1 X104.877 Y136.314 E2291.12121
G1 X104.449 Y136.537 E2291.13726
G1 X103.969 Y136.579 E2291.15329
G1 F2700 E2286.15329
G0 F9000 X103.775 Y137.262
G0 X115.861 Y150.873
G0 X115.861 Y151.58
G1 F2700 E2291.15329
G1 F1500 X129.388 Y151.58 E2291.6032
G1 X129.388 Y123.98 E2292.52118
G1 X101.788 Y123.98 E2293.43916
G1 X101.788 Y151.58 E2294.35714
G1 X115.861 Y151.58 E2294.82521
G1 F2700 E2289.82521
G0 F9000 X115.861 Y150.873
G0 X126.775 Y142.262
G0 X126.968 Y141.579
G1 F2700 E2294.82521
G1 F1500 X126.503 Y141.442 E2294.84133
G1 X126.123 Y141.149 E2294.85729
G1 X125.876 Y140.747 E2294.87298
G1 X125.785 Y140.281 E2294.88878
G1 X125.876 Y139.813 E2294.90463
G1 X126.129 Y139.407 E2294.92054
G1 X126.507 Y139.117 E2294.93639
G1 X126.969 Y138.985 E2294.95237
G1 X127.447 Y139.027 E2294.96833
G1 X127.872 Y139.237 E2294.9841
G1 X128.199 Y139.598 E2295.0003
G1 X128.372 Y140.04 E2295.01609
G1 X128.37 Y140.519 E2295.03202
G1 X128.198 Y140.967 E2295.04798
G1 X127.872 Y141.323 E2295.06403
G1 X127.448 Y141.537 E2295.07983
G1 X126.968 Y141.579 E2295.09586
G0 F9000 X126.775 Y142.262
G0 X128.68 Y143.208
G0 X128.907 Y143.208
;TYPE:FILL
G1 F3000 X102.269 Y150.346 E2296.0131
G0 F9000 X102.5 Y150.346
G0 X103.028 Y150.873
G0 X103.028 Y151.1
G1 F3000 X110.166 Y124.459 E2296.93043
G0 F9000 X110.166 Y124.693
G0 X106.147 Y124.693
G0 X106.147 Y124.46
G1 F3000 X102.268 Y125.499 E2297.064
G0 F9000 X102.5 Y125.499
G0 X103.955 Y124.693
G0 X103.955 Y124.459
G1 F3000 X102.267 Y130.756 E2297.28083
G0 F9000 X102.267 Y131.711
G1 F3000 X128.907 Y124.573 E2298.19814
G1 X128.801 Y124.459
G1 X121.663 Y151.1 E2299.11547
G0 F9000 X122.636 Y151.1
G1 F3000 X128.907 Y149.42 E2299.3314
G0 F9000 X128.68 Y149.42
G0 X127.874 Y150.873
G0 X127.874 Y151.101
G1 F3000 X128.908 Y147.245 E2299.46418
G1 X128.908 Y147.3
G1 X106.068 Y124.46 E2300.53851
G0 F9000 X106.068 Y124.693
G0 X102.5 Y129.145
G0 X102.267 Y129.145
G1 F3000 X124.222 Y151.1 E2301.5712
G0 F9000 X124.222 Y150.873
G0 X115.737 Y150.873
G0 X115.737 Y151.1
G1 F3000 X102.269 Y137.631 E2302.20472
G0 F9000 X102.27 Y137.922
G1 F3000 X128.908 Y130.785 E2303.12195
G0 F9000 X128.908 Y130.329
G1 F3000 X123.039 Y124.46 E2303.39801
G0 F9000 X122.59 Y124.459
G1 F3000 X115.451 Y151.101 E2304.31539
G0 F9000 X115.451 Y150.873
G0 X109.24 Y150.873
G0 X109.24 Y151.1
G1 F3000 X116.378 Y124.46 E2305.2327
G0 F9000 X116.378 Y124.693
G0 X114.553 Y124.693
G0 X114.553 Y124.46
G1 F3000 X128.908 Y138.814 E2305.90789
G0 F9000 X128.68 Y138.814
G0 X128.68 Y136.996
G0 X128.908 Y136.996
G1 F3000 X102.269 Y144.134 E2306.82516
G0 F9000 X102.5 Y144.134
G0 X102.5 Y146.116
G0 X102.268 Y146.116
G1 F3000 X107.252 Y151.1 E2307.05959
G0 F9000 X107.252 Y150.573
G1 F2700 E2302.05959
;MESH:NONMESH
G0 F300 X107.252 Y150.573 Z4
G0 F9000 X105.621 Y134.997
G0 X102.014 Y124.207
G0 X100.925 Y124.207
G0 X97.075 Y121.431
G0 X70.202 Y104.131
;TIME_ELAPSED:3079.106443
;LAYER:19
;TYPE:WALL-INNER
;MESH:Supporto.stl(1)
G1 F2700 E2307.05959
G1 F980.4 X70.201 Y104.385 E2307.07252
G0 F9000 X70.784 Y105.221
G0 X87.051 Y119.856
G0 X87.051 Y120.164
G1 F1500 X96.896 Y120.164 E2307.39996
G1 X96.896 Y110.141 E2307.73333
G1 F1315.8 X96.796 Y109.57 E2307.75531
G1 X96.374 Y110.25 E2307.78566
G1 F1500 X96.029 Y110.627 E2307.80265
G1 X95.471 Y110.906 E2307.8234
G1 X94.956 Y110.957 E2307.84061
G1 X94.729 Y110.937 E2307.84819
G1 X94.232 Y110.794 E2307.8654
G1 X93.732 Y110.408 E2307.8864
G1 X93.4 Y109.872 E2307.90737
G1 X93.287 Y109.27 E2307.92775
G1 X93.398 Y108.665 E2307.94821
G1 X93.731 Y108.118 E2307.9695
G1 X94.242 Y107.732 E2307.9908
G1 X94.729 Y107.591 E2308.00767
G1 X94.956 Y107.571 E2308.01525
G1 X95.471 Y107.622 E2308.03246
G1 X95.929 Y107.851 E2308.04949
G1 X96.103 Y107.982 E2308.05673
G1 F1321.6 X96.426 Y108.334 E2308.07477
G1 F1067.6 X96.788 Y109.064 E2308.11285
G1 F1102.9 X96.861 Y108.798 E2308.12532
G1 F1376.1 X96.896 Y108.39 E2308.14017
G1 F1500 X96.896 Y93.364 E2308.63994
G1 X70.096 Y93.364 E2309.53131
G1 X70.097 Y103.728 E2309.87602
G1 F1183.4 X70.202 Y104.131 E2309.89357
G1 X70.382 Y103.755 E2309.91115
G1 F1500 X70.46 Y103.553 E2309.91835
G1 X70.672 Y103.209 E2309.93179
G1 X70.823 Y103.044 E2309.93923
G1 X71.235 Y102.734 E2309.95638
G1 X71.729 Y102.591 E2309.97348
G1 X71.956 Y102.57 E2309.98106
G1 X72.471 Y102.621 E2309.99828
G1 X73.027 Y102.906 E2310.01906
G1 X73.457 Y103.375 E2310.04022
G1 X73.678 Y103.953 E2310.0608
G1 X73.68 Y104.573 E2310.08142
G1 X73.45 Y105.166 E2310.10258
G1 X73.014 Y105.635 E2310.12388
G1 X72.468 Y105.907 E2310.14416
G1 X71.956 Y105.958 E2310.16128
G1 X71.729 Y105.937 E2310.16886
G1 X71.235 Y105.794 E2310.18597
G1 X70.823 Y105.484 E2310.20311
G1 X70.672 Y105.319 E2310.21055
G1 X70.46 Y104.975 E2310.22399
G1 X70.382 Y104.773 E2310.2312
G1 F1188.1 X70.201 Y104.385 E2310.24917
G1 X70.097 Y104.8 E2310.26714
G1 F1500 X70.096 Y120.164 E2310.77815
G1 X87.051 Y120.164 E2311.34207
G0 F9000 X87.051 Y119.856
G0 X96.669 Y110.299
G0 X96.783 Y109.591
G1 F966.2 X96.788 Y109.064 E2311.36929
G1 F2700 E2306.36929
G0 F9000 X96.671 Y108.296
G0 X96.183 Y107.699
G0 X95.535 Y107.377
G0 X94.818 Y107.312
G0 X94.125 Y107.508
G0 X93.548 Y107.944
G0 X93.168 Y108.556
G0 X93.035 Y109.266
G0 X93.168 Y109.974
G0 X93.548 Y110.588
G0 X94.125 Y111.024
G0 X94.749 Y111.2
G0 X95.674 Y111.154
G0 X95.357 Y110.515
;TYPE:WALL-OUTER
G1 F2700 E2311.36929
G1 F1500 X94.874 Y110.563 E2311.38543
G1 X94.415 Y110.426 E2311.40136
G1 X94.043 Y110.147 E2311.41683
G1 X93.784 Y109.731 E2311.43313
G1 X93.692 Y109.268 E2311.44883
G1 X93.784 Y108.797 E2311.46479
G1 X94.045 Y108.379 E2311.48118
G1 X94.42 Y108.096 E2311.4968
G1 X94.875 Y107.965 E2311.51255
G1 X95.357 Y108.013 E2311.52866
G1 X95.784 Y108.226 E2311.54453
G1 X96.105 Y108.575 E2311.56031
G1 X96.28 Y109.025 E2311.57636
G1 X96.278 Y109.503 E2311.59226
G1 X96.106 Y109.952 E2311.60826
G1 X95.784 Y110.302 E2311.62407
G1 X95.357 Y110.515 E2311.63994
G1 F2700 E2306.63994
G0 F9000 X95.674 Y111.154
G0 X87.158 Y119.856
G0 X87.158 Y120.564
G1 F2700 E2311.63994
G1 F1500 X97.296 Y120.564 E2311.97714
G1 X97.296 Y92.964 E2312.89512
G1 X69.696 Y92.964 E2313.8131
G1 X69.696 Y120.564 E2314.73107
G1 X87.158 Y120.564 E2315.31186
G1 F2700 E2310.31186
G0 F9000 X87.158 Y119.856
G0 X72.678 Y106.152
G0 X72.36 Y105.511
G1 F2700 E2315.31186
G1 F1500 X71.879 Y105.564 E2315.32796
G1 X71.418 Y105.431 E2315.34392
G1 X71.033 Y105.141 E2315.35995
G1 X70.782 Y104.734 E2315.37585
G1 X70.691 Y104.265 E2315.39174
G1 X70.782 Y103.794 E2315.4077
G1 X71.033 Y103.387 E2315.4236
G1 X71.418 Y103.097 E2315.43963
G1 X71.877 Y102.964 E2315.45553
G1 X72.355 Y103.011 E2315.4715
G1 X72.772 Y103.221 E2315.48703
G1 X73.102 Y103.571 E2315.50303
G1 X73.28 Y104.044 E2315.51984
G1 X73.278 Y104.502 E2315.53507
G1 X73.106 Y104.945 E2315.55088
G1 X72.789 Y105.294 E2315.56656
G1 X72.36 Y105.511 E2315.58255
G0 F9000 X72.678 Y106.152
G0 X70.409 Y106.414
G0 X70.176 Y106.414
;TYPE:FILL
G1 F3000 X83.846 Y120.084 E2316.22555
G0 F9000 X83.213 Y120.084
G1 F3000 X90.352 Y93.444 E2317.14286
G0 F9000 X91.147 Y93.444
G1 F3000 X96.816 Y99.113 E2317.40951
G0 F9000 X96.815 Y99.914
G1 F3000 X70.177 Y107.051 E2318.32674
G0 F9000 X70.409 Y107.051
G0 X73.183 Y105.833
G0 X73.669 Y105.299
G0 X73.929 Y104.626
G0 X73.929 Y103.906
G0 X73.669 Y103.233
G0 X73.276 Y102.8
G0 X70.409 Y100.84
G0 X70.177 Y100.84
G1 F3000 X96.816 Y93.702 E2319.24402
G0 F9000 X96.563 Y93.443
G1 F3000 X89.425 Y120.084 E2320.16135
G0 F9000 X89.425 Y119.856
G0 X91.086 Y119.856
G0 X91.086 Y120.084
G1 F3000 X96.816 Y118.549 E2320.35865
G0 F9000 X96.589 Y118.549
G0 X95.637 Y119.856
G0 X95.637 Y120.084
G1 F3000 X96.816 Y115.683 E2320.51019
G0 F9000 X96.816 Y116.084
G1 F3000 X74.177 Y93.444 E2321.57509
G0 F9000 X74.597 Y93.444
G1 F3000 X70.177 Y94.628 E2321.72728
G0 F9000 X70.409 Y94.628
G0 X71.717 Y93.676
G0 X71.717 Y93.444
G1 F3000 X70.177 Y99.191 E2321.92517
G0 F9000 X70.409 Y99.191
G0 X70.409 Y97.929
G0 X70.176 Y97.929
G1 F3000 X92.331 Y120.084 E2322.96727
G0 F9000 X92.331 Y119.856
G0 X96.589 Y112.337
G0 X96.815 Y112.337
G1 F3000 X70.177 Y119.475 E2323.88451
G0 F9000 X70.79 Y120.085
G1 F3000 X77.928 Y93.443 E2324.80188
G0 F9000 X77.928 Y93.676
G0 X82.662 Y93.676
G0 X82.662 Y93.444
G1 F3000 X96.816 Y107.598 E2325.46764
G0 F9000 X96.589 Y107.598
G0 X96.589 Y106.126
G0 X96.815 Y106.126
G1 F3000 X70.177 Y113.263 E2326.38487
G0 F9000 X70.409 Y113.263
G0 X70.409 Y114.899
G0 X70.176 Y114.899
G1 F3000 X75.361 Y120.084 E2326.62876
G0 F9000 X75.361 Y119.856
G0 X77.002 Y119.856
G0 X77.002 Y120.084
G1 F3000 X84.14 Y93.443 E2327.5461
G0 F9000 X84.14 Y93.976
G1 F2700 E2322.5461
;MESH:TracciaSopra.stl
G0 F9000 X97.075 Y93.19
G0 X98.164 Y93.19
G0 X101.406 Y90.778
G0 X101.686 Y73.738
;TYPE:WALL-INNER
G1 F2700 E2327.5461
G1 F983.6 X101.686 Y73.486 E2327.55888
G0 F9000 X101.819 Y72.655
G0 X102.031 Y72.291
G0 X102.608 Y71.855
G0 X103.302 Y71.659
G0 X104.018 Y71.724
G0 X104.666 Y72.046
G0 X105.059 Y72.479
G0 X115.194 Y89.203
G0 X115.194 Y89.512
G1 F1500 X128.38 Y89.512 E2327.99745
G1 X128.38 Y79.478 E2328.33118
G1 F1310 X128.276 Y78.917 E2328.35291
G1 X127.858 Y79.598 E2328.38334
G1 F1500 X127.587 Y79.894 E2328.39669
G1 X127.411 Y80.026 E2328.404
G1 X127.047 Y80.206 E2328.41751
G1 X126.834 Y80.266 E2328.42487
G1 X126.325 Y80.312 E2328.44187
G1 X125.714 Y80.144 E2328.46295
G1 X125.208 Y79.749 E2328.4843
G1 X124.881 Y79.23 E2328.5047
G1 X124.773 Y78.62 E2328.5253
G1 X124.888 Y77.982 E2328.54686
G1 X125.216 Y77.465 E2328.56723
G1 X125.722 Y77.079 E2328.5884
G1 X126.215 Y76.939 E2328.60544
G1 X126.434 Y76.918 E2328.61276
G1 X126.834 Y76.954 E2328.62612
G1 X127.051 Y77.016 E2328.63362
G1 X127.514 Y77.25 E2328.65088
G1 F1318.7 X127.908 Y77.681 E2328.67297
G1 F1061.9 X128.27 Y78.408 E2328.71112
G1 F1096.9 X128.343 Y78.145 E2328.72354
G1 F1373 X128.38 Y77.743 E2328.73821
G1 F1500 X128.38 Y62.712 E2329.23814
G1 X101.58 Y62.712 E2330.12951
G1 X101.58 Y73.083 E2330.47445
G1 F1188.1 X101.686 Y73.486 E2330.49195
G1 X101.861 Y73.108 E2330.50944
G1 F1500 X101.943 Y72.896 E2330.517
G1 X102.216 Y72.461 E2330.53408
G1 X102.712 Y72.083 E2330.55483
G1 X103.215 Y71.938 E2330.57224
G1 X103.434 Y71.918 E2330.57955
G1 X103.95 Y71.964 E2330.59678
G1 X104.512 Y72.254 E2330.61782
G1 X104.933 Y72.714 E2330.63856
G1 X105.158 Y73.297 E2330.65934
G1 X105.156 Y73.921 E2330.68009
G1 X104.94 Y74.508 E2330.7009
G1 X104.507 Y74.973 E2330.72203
G1 X103.948 Y75.256 E2330.74287
G1 X103.325 Y75.312 E2330.76368
G1 X102.828 Y75.175 E2330.78082
G1 X102.624 Y75.074 E2330.78839
G1 X102.216 Y74.763 E2330.80546
G1 X101.943 Y74.328 E2330.82254
G1 X101.861 Y74.116 E2330.8301
G1 F1188.1 X101.686 Y73.738 E2330.84759
G1 X101.58 Y74.141 E2330.86509
G1 F1500 X101.58 Y89.512 E2331.37633
G1 X115.194 Y89.512 E2331.82913
G0 F9000 X115.194 Y89.203
G0 X127.666 Y80.18
G0 X128.154 Y79.583
G0 X128.265 Y78.935
G1 F960 X128.27 Y78.408 E2331.85652
G1 F2700 E2326.85652
G0 F9000 X128.154 Y77.643
G0 X127.666 Y77.046
G0 X127.018 Y76.724
G0 X126.302 Y76.659
G0 X125.608 Y76.855
G0 X125.031 Y77.291
G0 X124.651 Y77.905
G0 X124.518 Y78.613
G0 X124.651 Y79.321
G0 X125.031 Y79.935
G0 X125.498 Y80.288
G0 X126.168 Y80.593
G0 X126.362 Y79.907
;TYPE:WALL-OUTER
G1 F2700 E2331.85652
G1 F1500 X125.895 Y79.774 E2331.87267
G1 X125.527 Y79.495 E2331.88803
G1 X125.264 Y79.079 E2331.9044
G1 X125.177 Y78.611 E2331.92023
G1 X125.263 Y78.138 E2331.93622
G1 X125.517 Y77.739 E2331.95195
G1 X125.899 Y77.445 E2331.96799
G1 X126.361 Y77.313 E2331.98397
G1 X126.836 Y77.355 E2331.99983
G1 X127.268 Y77.574 E2332.01594
G1 X127.589 Y77.923 E2332.03171
G1 X127.76 Y78.37 E2332.04763
G1 X127.758 Y78.847 E2332.06349
G1 X127.591 Y79.299 E2332.07952
G1 X127.267 Y79.651 E2332.09543
G1 X126.835 Y79.865 E2332.11147
G1 X126.362 Y79.907 E2332.12726
G1 F2700 E2327.12726
G0 F9000 X126.168 Y80.593
G0 X115.201 Y89.203
G0 X115.201 Y89.912
G1 F2700 E2332.12726
G1 F1500 X128.78 Y89.912 E2332.5789
G1 X128.78 Y62.312 E2333.49688
G1 X101.18 Y62.312 E2334.41486
G1 X101.18 Y89.912 E2335.33284
G1 X115.201 Y89.912 E2335.79918
G1 F2700 E2330.79918
G0 F9000 X115.201 Y89.203
G0 X103.17 Y75.593
G0 X103.364 Y74.907
G1 F2700 E2335.79918
G1 F1500 X102.895 Y74.778 E2335.81536
G1 X102.518 Y74.49 E2335.83114
G1 X102.262 Y74.084 E2335.8471
G1 X102.176 Y73.614 E2335.86299
G1 X102.262 Y73.14 E2335.87901
G1 X102.518 Y72.734 E2335.89498
G1 X102.895 Y72.446 E2335.91076
G1 X103.361 Y72.313 E2335.92688
G1 X103.838 Y72.356 E2335.9428
G1 X104.275 Y72.584 E2335.9592
G1 X104.581 Y72.917 E2335.97424
G1 X104.76 Y73.388 E2335.991
G1 X104.759 Y73.837 E2336.00593
G1 X104.59 Y74.293 E2336.02211
G1 X104.273 Y74.642 E2336.03779
G1 X103.839 Y74.86 E2336.05394
G1 X103.364 Y74.907 E2336.06982
G0 F9000 X103.17 Y75.593
G0 X101.892 Y75.763
G0 X101.66 Y75.763
;TYPE:FILL
G1 F3000 X115.328 Y89.431 E2336.71272
G0 F9000 X114.696 Y89.432
G1 F3000 X120.761 Y66.8 E2337.49202
G0 F9000 X120.975 Y66
G1 F3000 X117.548 Y66 E2337.60601
G0 F9000 X118.152 Y66.8
G0 X120.272 Y65.2
G1 F3000 X114.299 Y66.8 E2337.81167
G0 F9000 X114.55 Y66.8
G1 F3000 X114.87 Y65.6 E2337.85298
G0 F9000 X114.978 Y65.2
G1 F3000 X114.87 Y65.6 E2337.86676
G1 X108.66 Y65.6 E2338.07331
G1 X108.338 Y66.8 E2338.11463
G0 F9000 X108.66 Y65.6
G1 F3000 X108.767 Y65.2 E2338.1284
G1 X114.978 Y65.2 E2338.33498
G1 X115.192 Y64.4 E2338.36252
G0 F9000 X115.354 Y64
G1 F3000 X116.154 Y64.8 E2338.40015
G1 X121.297 Y64.8 E2338.57121
G1 X121.511 Y64 E2338.59875
G1 X115.354 Y64 E2338.80354
G1 X114.952 Y63.6 E2338.8224
G1 X109.196 Y63.6 E2339.01384
G1 X108.982 Y64.4 E2339.04139
G0 F9000 X109.196 Y63.6
G1 F3000 X109.412 Y62.791 E2339.06924
G0 F9000 X109.412 Y63.023
G0 X108.767 Y65.2
G1 F3000 X108.982 Y64.4 E2339.09679
G1 X115.192 Y64.4 E2339.30333
G1 X115.407 Y63.6 E2339.33089
G1 X121.618 Y63.6 E2339.53747
G1 X121.835 Y62.792 E2339.56529
G0 F9000 X122.63 Y62.792
G1 F3000 X128.3 Y68.462 E2339.83199
G0 F9000 X128.3 Y69.261
G1 F3000 X101.66 Y76.399 E2340.7493
G0 F9000 X101.892 Y76.399
G0 X101.892 Y82.61
G0 X101.66 Y82.61
G1 F3000 X128.299 Y75.472 E2341.66657
G0 F9000 X128.072 Y75.472
G0 X128.072 Y76.947
G0 X128.3 Y76.947
G1 F3000 X118.152 Y66.8 E2342.14388
G1 X114.55 Y66.8 E2342.26368
G1 X108.485 Y89.432 E2343.04298
G0 F9000 X108.485 Y89.203
G0 X106.843 Y89.203
G0 X106.843 Y89.431
G1 F3000 X101.66 Y84.248 E2343.28678
G0 F9000 X101.892 Y84.248
G0 X101.892 Y88.822
G0 X101.66 Y88.822
G1 F3000 X128.3 Y81.684 E2344.20408
G0 F9000 X128.072 Y81.684
G0 X128.072 Y85.027
G0 X128.3 Y85.027
G1 F3000 X127.12 Y89.432 E2344.35576
G0 F9000 X127.12 Y89.203
G0 X128.072 Y87.896
G0 X128.3 Y87.896
G1 F3000 X122.566 Y89.432 E2344.5532
G0 F9000 X122.566 Y89.203
G0 X123.814 Y89.203
G0 X123.814 Y89.431
G1 F3000 X101.66 Y67.278 E2345.59523
G0 F9000 X101.892 Y67.278
G0 X101.892 Y68.538
G0 X101.66 Y68.538
G1 F3000 X103.2 Y62.792 E2345.79309
G0 F9000 X103.2 Y63.023
G0 X101.892 Y63.975
G0 X101.66 Y63.975
G1 F3000 X106.076 Y62.792 E2345.94514
G0 F9000 X105.659 Y62.792
G1 F3000 X109.668 Y66.8 E2346.13369
G1 X114.299 Y66.8 E2346.28772
G1 X101.661 Y70.187 E2346.72289
G0 F9000 X101.892 Y70.187
G0 X109.666 Y66.8
G0 X114.145 Y63.023
G0 X114.145 Y62.792
G1 F3000 X114.952 Y63.6 E2346.76087
G0 F9000 X115.407 Y63.6
G1 F3000 X115.623 Y62.792 E2346.78869
G0 F9000 X115.623 Y63.023
G0 X116.154 Y64.8
G1 F3000 X118.154 Y66.8 E2346.88277
G1 X120.761 Y66.8 E2346.96948
G1 X121.189 Y65.2 E2347.02456
G0 F9000 X121.297 Y64.8
G1 F3000 X121.189 Y65.2 E2347.03834
G1 X120.272 Y65.2 E2347.06884
G1 X128.3 Y63.049 E2347.34527
G0 F9000 X128.046 Y62.791
G1 F3000 X120.908 Y89.433 E2348.26264
G0 F9000 X120.908 Y89.203
G0 X128.072 Y85.433
G0 X128.3 Y85.433
G1 F3000 X109.666 Y66.8 E2349.13911
G1 X108.338 Y66.8 E2349.18327
G1 X102.273 Y89.433 E2349.96261
G1 F2700 E2344.96261
G0 F9000 X102.273 Y89.203
G0 X121.511 Y64
G1 F2700 E2349.96261
G1 F3000 X121.618 Y63.6 E2349.97638
G1 F2700 E2344.97638
;MESH:TracciaSotto.stl
G0 F9000 X125.03 Y79.175
G0 X128.558 Y89.689
G0 X129.647 Y89.689
G0 X132.655 Y92.853
G0 X134.026 Y103.802
;TYPE:WALL-INNER
G1 F2700 E2349.97638
G1 F983.6 X134.026 Y104.054 E2349.98916
G0 F9000 X134.157 Y104.886
G0 X144.212 Y119.519
G0 X144.212 Y119.828
G1 F1500 X160.72 Y119.828 E2350.53822
G1 X160.72 Y109.793 E2350.87199
G1 F1310 X160.617 Y109.232 E2350.89371
G1 X160.198 Y109.911 E2350.92409
G1 F1500 X159.848 Y110.292 E2350.9413
G1 X159.389 Y110.521 E2350.95836
G1 X159.174 Y110.582 E2350.9658
G1 X158.665 Y110.628 E2350.98279
G1 X158.054 Y110.46 E2351.00387
G1 X157.548 Y110.065 E2351.02522
G1 X157.221 Y109.546 E2351.04562
G1 X157.11 Y108.921 E2351.06674
G1 X157.228 Y108.301 E2351.08773
G1 X157.555 Y107.779 E2351.10822
G1 X158.065 Y107.394 E2351.12947
G1 X158.555 Y107.255 E2351.14641
G1 X158.774 Y107.234 E2351.15373
G1 X159.174 Y107.27 E2351.16708
G1 X159.389 Y107.331 E2351.17452
G1 X159.749 Y107.511 E2351.1879
G1 X159.925 Y107.644 E2351.19524
G1 F1318.7 X160.251 Y108.004 E2351.21362
G1 F1061.9 X160.61 Y108.724 E2351.25141
G1 F1098.9 X160.684 Y108.459 E2351.2639
G1 F1376.1 X160.72 Y108.06 E2351.27843
G1 F1500 X160.72 Y93.028 E2351.7784
G1 X133.92 Y93.028 E2352.66977
G1 X133.92 Y103.399 E2353.01471
G1 F1188.1 X134.026 Y103.802 E2353.03221
G1 X134.201 Y103.424 E2353.0497
G1 F1500 X134.282 Y103.215 E2353.05715
G1 X134.498 Y102.867 E2353.07077
G1 X134.648 Y102.704 E2353.07814
G1 X135.056 Y102.398 E2353.0951
G1 X135.555 Y102.254 E2353.11238
G1 X135.774 Y102.234 E2353.11969
G1 X136.291 Y102.281 E2353.13696
G1 X136.864 Y102.575 E2353.15838
G1 X137.274 Y103.037 E2353.17892
G1 X137.498 Y103.614 E2353.19951
G1 X137.496 Y104.253 E2353.22076
G1 X137.275 Y104.824 E2353.24113
G1 X136.859 Y105.28 E2353.26166
G1 X136.29 Y105.572 E2353.28293
G1 X135.664 Y105.628 E2353.30383
G1 X135.168 Y105.491 E2353.32095
G1 X134.964 Y105.39 E2353.32852
G1 X134.556 Y105.079 E2353.34558
G1 X134.283 Y104.644 E2353.36266
G1 X134.201 Y104.432 E2353.37022
G1 F1188.1 X134.026 Y104.054 E2353.38772
G1 X133.92 Y104.457 E2353.40521
G1 F1500 X133.92 Y119.828 E2353.91645
G1 X144.212 Y119.828 E2354.25877
G0 F9000 X144.212 Y119.519
G0 X160.003 Y110.496
G0 X160.492 Y109.903
G0 X160.605 Y109.251
G1 F960 X160.61 Y108.724 E2354.28616
G1 F2700 E2349.28616
G0 F9000 X160.492 Y107.955
G0 X160.003 Y107.362
G0 X159.356 Y107.04
G0 X158.64 Y106.975
G0 X157.946 Y107.171
G0 X157.37 Y107.607
G0 X156.99 Y108.22
G0 X156.856 Y108.929
G0 X156.99 Y109.638
G0 X157.37 Y110.251
G0 X157.836 Y110.604
G0 X158.508 Y110.909
G0 X158.702 Y110.223
;TYPE:WALL-OUTER
G1 F2700 E2354.28616
G1 F1500 X158.235 Y110.09 E2354.30231
G1 X157.867 Y109.811 E2354.31767
G1 X157.604 Y109.395 E2354.33404
G1 X157.52 Y108.91 E2354.35041
G1 X157.6 Y108.473 E2354.36518
G1 X157.869 Y108.039 E2354.38217
G1 X158.224 Y107.772 E2354.39694
G1 X158.7 Y107.629 E2354.41347
G1 X159.175 Y107.671 E2354.42933
G1 X159.605 Y107.887 E2354.44534
G1 X159.93 Y108.246 E2354.46144
G1 X160.1 Y108.685 E2354.4771
G1 X160.098 Y109.163 E2354.493
G1 X159.929 Y109.613 E2354.50899
G1 X159.604 Y109.966 E2354.52495
G1 X159.175 Y110.181 E2354.54091
G1 X158.702 Y110.223 E2354.5567
G1 F2700 E2349.5567
G0 F9000 X158.508 Y110.909
G0 X144.12 Y119.519
G0 X144.12 Y120.228
G1 F2700 E2354.5567
G1 F1500 X161.12 Y120.228 E2355.12212
G1 X161.12 Y92.628 E2356.0401
G1 X133.52 Y92.628 E2356.95808
G1 X133.52 Y120.228 E2357.87606
G1 X144.12 Y120.228 E2358.22862
G1 F2700 E2353.22862
G0 F9000 X144.12 Y119.519
G0 X135.768 Y105.933
G0 X135.704 Y105.223
G1 F2700 E2358.22862
G1 F1500 X135.235 Y105.094 E2358.2448
G1 X134.858 Y104.806 E2358.26058
G1 X134.602 Y104.4 E2358.27654
G1 X134.516 Y103.93 E2358.29243
G1 X134.602 Y103.459 E2358.30836
G1 X134.857 Y103.047 E2358.32447
G1 X135.239 Y102.761 E2358.34034
G1 X135.702 Y102.628 E2358.35637
G1 X136.18 Y102.676 E2358.37234
G1 X136.592 Y102.882 E2358.38767
G1 X136.927 Y103.24 E2358.40397
G1 X137.1 Y103.685 E2358.41985
G1 X137.099 Y104.153 E2358.43542
G1 X136.929 Y104.612 E2358.4517
G1 X136.609 Y104.958 E2358.46737
G1 X136.18 Y105.176 E2358.48338
G1 X135.704 Y105.223 E2358.49929
G0 F9000 X135.768 Y105.933
G0 X134.23 Y106.08
G0 X134 Y106.08
;TYPE:FILL
G1 F3000 X147.667 Y119.748 E2359.14216
G0 F9000 X147.035 Y119.749
G1 F3000 X153.077 Y97.2 E2359.9186
G1 X150.577 Y97.2 E2360.00175
G1 X146.975 Y93.6 E2360.17113
G1 X141.619 Y93.6 E2360.34928
G1 X140.902 Y96.269 E2360.44119
G0 F9000 X140.686 Y97.076
G1 F3000 X140.902 Y96.269 E2360.46898
G1 X134.642 Y96.455 E2360.67728
G1 X134.8 Y95.862 E2360.69769
G0 F9000 X134.642 Y96.455
G1 F3000 X134.424 Y97.262 E2360.7255
G1 X140.686 Y97.076 E2360.93386
G1 X140.654 Y97.2 E2360.93812
G0 F9000 X142.089 Y97.2
G0 X141.619 Y93.6
G0 X141.75 Y93.108
G1 F3000 X141.618 Y93.6 E2360.95506
G1 X138.491 Y93.6 E2361.05907
G1 X138.431 Y93.541 E2361.06187
G1 X138.491 Y93.6
G1 X138.82 Y93.93 E2361.07737
G1 X135.291 Y94.035 E2361.19479
G1 X135.538 Y93.107 E2361.22673
G0 F9000 X135.291 Y94.035
G1 F3000 X134.8 Y95.862 E2361.28966
G1 X134.8 Y94.076 E2361.34906
G1 X136.592 Y93.596 E2361.41076
G1 X138.431 Y93.541 E2361.47195
G1 X137.998 Y93.108 E2361.49232
G0 F9000 X138.412 Y93.108
G1 F3000 X136.592 Y93.596 E2361.55499
G0 F9000 X134.8 Y94.076
G1 F3000 X134.001 Y94.29 E2361.5825
G0 F9000 X134.23 Y94.29
G0 X134.424 Y97.262
G1 F3000 X134 Y98.847 E2361.63708
G0 F9000 X134.23 Y98.847
G0 X134.23 Y97.596
G0 X134 Y97.596
G1 F3000 X156.153 Y119.748 E2362.67906
G0 F9000 X156.153 Y119.519
G0 X154.902 Y119.519
G0 X154.902 Y119.748
G1 F3000 X160.639 Y118.211 E2362.8766
G0 F9000 X160.41 Y118.211
G0 X159.458 Y119.519
G0 X159.458 Y119.748
G1 F3000 X160.64 Y115.34 E2363.02839
G0 F9000 X160.641 Y115.751
G1 F3000 X142.089 Y97.2 E2363.901
G1 X140.654 Y97.2 E2363.94873
G1 X134.612 Y119.748 E2364.72513
G0 F9000 X134.001 Y119.137
G1 F3000 X160.639 Y111.999 E2365.64238
G0 F9000 X160.41 Y111.999
G0 X157.946 Y110.687
G0 X157.37 Y110.251
G0 X156.99 Y109.638
G0 X156.856 Y108.929
G0 X156.99 Y108.22
G0 X157.37 Y107.607
G0 X157.946 Y107.171
G0 X158.64 Y106.975
G0 X159.046 Y107.011
G0 X160.41 Y107.265
G0 X160.64 Y107.265
G1 F3000 X150.575 Y97.2 E2366.1158
G1 X146.866 Y97.2 E2366.23916
G1 X140.823 Y119.748 E2367.01558
G0 F9000 X140.823 Y119.519
G0 X139.182 Y119.519
G0 X139.182 Y119.748
G1 F3000 X134 Y114.565 E2367.25935
G0 F9000 X134.23 Y114.565
G0 X134.23 Y112.925
G0 X134 Y112.925
G1 F3000 X160.639 Y105.787 E2368.17662
G0 F9000 X160.41 Y105.787
G0 X160.41 Y99.575
G0 X160.64 Y99.575
G1 F3000 X134 Y106.713 E2369.09393
G0 F9000 X134.23 Y106.713
G0 X137.003 Y105.496
G0 X137.491 Y104.963
G0 X137.751 Y104.289
G0 X137.751 Y103.569
G0 X137.491 Y102.895
G0 X137.096 Y102.463
G0 X134.23 Y100.501
G0 X134.002 Y100.501
G1 F3000 X146.321 Y97.2 E2369.51811
G1 X142.091 Y97.2 E2369.6588
G1 X138.82 Y93.93 E2369.81264
G0 F9000 X146.484 Y93.339
G0 X146.484 Y93.108
G1 F3000 X146.975 Y93.6 E2369.83576
G0 F9000 X147.6 Y93.228
G1 F3000 X147.6 Y94.076 E2369.86396
G0 F9000 X147.831 Y93.6
G1 F3000 X147.962 Y93.108 E2369.8809
G0 F9000 X147.962 Y93.339
G0 X146.866 Y97.2
G1 F3000 X147.831 Y93.6 E2370.00486
G1 X154.041 Y93.6 E2370.2114
G1 X154.173 Y93.108 E2370.22835
G0 F9000 X154.042 Y93.6
G0 X154.969 Y93.339
G0 X154.969 Y93.108
G1 F3000 X155.462 Y93.6 E2370.25151
G1 X159.756 Y93.6 E2370.39433
G1 X146.321 Y97.2 E2370.85695
G0 F9000 X153.077 Y97.2
G0 X155.46 Y93.6
G0 X159.756 Y93.6
G1 F3000 X160.639 Y93.364 E2370.88735
G0 F9000 X160.385 Y93.107
G1 F3000 X159.787 Y95.339 E2370.9642
G0 F9000 X159.718 Y95.6
G1 F3000 X160.52 Y95.6 E2370.99087
G0 F9000 X160.52 Y96
G1 F3000 X159.61 Y96 E2371.02114
G0 F9000 X159.503 Y96.4
G1 F3000 X159.787 Y95.339 E2371.05767
G1 X158.691 Y96.828 E2371.11917
G1 X158.977 Y97.114 E2371.13262
G1 X159.06 Y97.2
G1 X160.64 Y98.779 E2371.20691
G0 F9000 X160.41 Y98.779
G0 X158.691 Y96.828
G1 F3000 X155.46 Y93.6 E2371.35882
G1 X154.042 Y93.6 E2371.40598
G1 X153.077 Y97.2 E2371.52995
G1 X159.06 Y97.2 E2371.72894
G1 X158.977 Y97.114 E2371.73292
G1 X159.503 Y96.4 E2371.76241
G1 X153.247 Y119.748 E2372.56636
G0 F9000 X153.247 Y119.219
G1 F2700 E2367.56636
;MESH:Supporto.stl
G0 F9000 X133.744 Y120.005
G0 X132.655 Y120.005
G0 X129.166 Y123.118
G0 X128.88 Y140.08
;TYPE:WALL-INNER
G1 F2700 E2372.56636
G1 F966.2 X128.875 Y140.607 E2372.59358
G0 F9000 X128.762 Y141.257
G0 X128.366 Y141.738
G0 X115.853 Y150.873
G0 X115.853 Y151.18
G1 F1500 X128.988 Y151.18 E2373.03045
G1 X128.988 Y141.157 E2373.36382
G1 F1315.8 X128.888 Y140.586 E2373.3858
G1 X128.466 Y141.267 E2373.41617
G1 F1500 X128.117 Y141.647 E2373.43333
G1 X127.663 Y141.876 E2373.45025
G1 X127.446 Y141.938 E2373.45775
G1 X127.042 Y141.974 E2373.47124
G1 X126.823 Y141.953 E2373.47856
G1 X126.323 Y141.811 E2373.49585
G1 X125.829 Y141.43 E2373.5166
G1 X125.492 Y140.887 E2373.53785
G1 X125.379 Y140.286 E2373.55819
G1 X125.49 Y139.681 E2373.57865
G1 X125.826 Y139.131 E2373.60009
G1 X126.333 Y138.75 E2373.62118
G1 X126.823 Y138.611 E2373.63812
G1 X127.042 Y138.59 E2373.64544
G1 X127.557 Y138.636 E2373.66264
G1 X128.014 Y138.862 E2373.67959
G1 X128.193 Y138.996 E2373.68703
G1 F1321.6 X128.52 Y139.357 E2373.70542
G1 F1067.6 X128.88 Y140.08 E2373.74316
G1 F1105 X128.953 Y139.811 E2373.75574
G1 F1379.3 X128.988 Y139.407 E2373.77041
G1 F1500 X128.988 Y124.38 E2374.27021
G1 X102.188 Y124.38 E2375.16158
G1 X102.189 Y134.744 E2375.50629
G1 F1183.4 X102.294 Y135.147 E2375.52385
G1 X102.474 Y134.771 E2375.54142
G1 F1500 X102.555 Y134.564 E2375.54882
G1 X102.829 Y134.129 E2375.56591
G1 X103.32 Y133.755 E2375.58644
G1 X103.823 Y133.61 E2375.60385
G1 X104.042 Y133.59 E2375.61117
G1 X104.56 Y133.636 E2375.62847
G1 X105.131 Y133.926 E2375.64977
G1 X105.542 Y134.389 E2375.67036
G1 X105.769 Y134.962 E2375.69086
G1 X105.772 Y135.588 E2375.71168
G1 X105.543 Y136.18 E2375.73279
G1 X105.128 Y136.635 E2375.75327
G1 X104.563 Y136.928 E2375.77444
G1 X104.042 Y136.974 E2375.79184
G1 X103.823 Y136.954 E2375.79915
G1 X103.431 Y136.842 E2375.81271
G1 X103.232 Y136.742 E2375.82012
G1 X102.825 Y136.432 E2375.83713
G1 X102.554 Y135.993 E2375.85429
G1 X102.474 Y135.789 E2375.86158
G1 F1188.1 X102.293 Y135.401 E2375.87956
G1 X102.189 Y135.816 E2375.89752
G1 F1500 X102.188 Y151.18 E2376.40853
G1 X115.853 Y151.18 E2376.86303
G0 F9000 X115.853 Y150.873
G0 X102.64 Y136.605
G0 X102.427 Y136.24
G0 X102.293 Y135.401
G1 F980.4 X102.294 Y135.147 E2376.87596
G1 F2700 E2371.87596
G0 F9000 X102.427 Y134.326
G0 X102.64 Y133.961
G0 X103.216 Y133.525
G0 X103.91 Y133.329
G0 X104.627 Y133.394
G0 X105.273 Y133.716
G0 X105.761 Y134.249
G0 X106.021 Y134.923
G0 X106.021 Y135.643
G0 X105.761 Y136.317
G0 X105.273 Y136.85
G0 X104.692 Y137.14
G0 X103.775 Y137.262
G0 X103.969 Y136.579
;TYPE:WALL-OUTER
G1 F2700 E2376.87596
G1 F1500 X103.503 Y136.446 E2376.89208
G1 X103.128 Y136.16 E2376.90776
G1 X102.874 Y135.75 E2376.9238
G1 X102.783 Y135.281 E2376.93969
G1 X102.874 Y134.808 E2376.95571
G1 X103.129 Y134.403 E2376.97163
G1 X103.503 Y134.118 E2376.98727
G1 X103.97 Y133.984 E2377.00343
G1 X104.451 Y134.032 E2377.01951
G1 X104.86 Y134.233 E2377.03467
G1 X105.189 Y134.589 E2377.05079
G1 X105.371 Y135.036 E2377.06684
G1 X105.37 Y135.518 E2377.08287
G1 X105.198 Y135.961 E2377.09868
G1 X104.877 Y136.314 E2377.11455
G1 X104.449 Y136.537 E2377.1306
G1 X103.969 Y136.579 E2377.14663
G1 F2700 E2372.14663
G0 F9000 X103.775 Y137.262
G0 X115.861 Y150.873
G0 X115.861 Y151.58
G1 F2700 E2377.14663
G1 F1500 X129.388 Y151.58 E2377.59654
G1 X129.388 Y123.98 E2378.51452
G1 X101.788 Y123.98 E2379.43249
G1 X101.788 Y151.58 E2380.35047
G1 X115.861 Y151.58 E2380.81854
G1 F2700 E2375.81854
G0 F9000 X115.861 Y150.873
G0 X126.775 Y142.262
G0 X126.968 Y141.579
G1 F2700 E2380.81854
G1 F1500 X126.503 Y141.442 E2380.83467
G1 X126.123 Y141.149 E2380.85063
G1 X125.876 Y140.747 E2380.86632
G1 X125.785 Y140.281 E2380.88211
G1 X125.876 Y139.813 E2380.89797
G1 X126.129 Y139.407 E2380.91388
G1 X126.507 Y139.117 E2380.92973
G1 X126.969 Y138.985 E2380.94571
G1 X127.447 Y139.027 E2380.96167
G1 X127.872 Y139.237 E2380.97743
G1 X128.199 Y139.598 E2380.99363
G1 X128.372 Y140.04 E2381.00942
G1 X128.37 Y140.519 E2381.02535
G1 X128.198 Y140.967 E2381.04131
G1 X127.872 Y141.323 E2381.05737
G1 X127.448 Y141.537 E2381.07317
G1 X126.968 Y141.579 E2381.08919
G0 F9000 X126.775 Y142.262
G0 X128.68 Y143.354
G0 X128.907 Y143.354
;TYPE:FILL
G1 F3000 X102.269 Y150.492 E2382.00643
G0 F9000 X102.882 Y151.1
G1 F3000 X110.02 Y124.459 E2382.92377
G0 F9000 X110.02 Y124.693
G0 X106.693 Y124.693
G0 X106.693 Y124.46
G1 F3000 X102.268 Y125.645 E2383.07613
G0 F9000 X102.5 Y125.645
G0 X103.809 Y124.693
G0 X103.809 Y124.46
G1 F3000 X102.267 Y130.212 E2383.2742
G0 F9000 X102.5 Y130.212
G0 X102.5 Y128.945
G0 X102.267 Y128.945
G1 F3000 X124.422 Y151.1 E2384.3163
G0 F9000 X124.422 Y150.873
G0 X123.182 Y150.873
G0 X123.182 Y151.1
G1 F3000 X128.908 Y149.566 E2384.51347
G0 F9000 X128.68 Y149.566
G0 X127.728 Y150.873
G0 X127.728 Y151.101
G1 F3000 X128.908 Y146.699 E2384.66505
G0 F9000 X128.908 Y147.101
G1 F3000 X106.268 Y124.46 E2385.72999
G0 F9000 X106.268 Y124.693
G0 X102.5 Y131.857
G0 X102.268 Y131.857
G1 F3000 X128.908 Y124.719 E2386.64729
G0 F9000 X128.655 Y124.459
G1 F3000 X121.517 Y151.101 E2387.56466
G0 F9000 X121.517 Y150.873
G0 X115.937 Y150.873
G0 X115.937 Y151.1
G1 F3000 X102.269 Y137.432 E2388.20756
G0 F9000 X102.269 Y138.068
G1 F3000 X128.908 Y130.931 E2389.12483
G0 F9000 X128.908 Y130.13
G1 F3000 X123.238 Y124.46 E2389.39152
G0 F9000 X122.444 Y124.46
G1 F3000 X115.305 Y151.101 E2390.30887
G0 F9000 X115.305 Y150.873
G0 X109.094 Y150.873
G0 X109.094 Y151.1
G1 F3000 X116.232 Y124.459 E2391.22621
G0 F9000 X116.232 Y124.693
G0 X114.753 Y124.693
G0 X114.753 Y124.46
G1 F3000 X128.908 Y138.615 E2391.89202
G0 F9000 X128.68 Y138.615
G0 X128.68 Y137.142
G0 X128.907 Y137.142
G1 F3000 X102.269 Y144.28 E2392.80926
G0 F9000 X102.5 Y144.28
G0 X102.5 Y145.916
G0 X102.268 Y145.916
G1 F3000 X107.451 Y151.1 E2393.05307
G0 F9000 X107.451 Y150.573
G1 F2700 E2388.05307
;MESH:NONMESH
G0 F300 X107.451 Y150.573 Z4.2
G0 F9000 X105.621 Y134.997
G0 X102.014 Y124.207
G0 X100.925 Y124.207
G0 X97.075 Y121.431
G0 X70.202 Y104.131
;TIME_ELAPSED:3193.359128
;LAYER:20
;TYPE:WALL-INNER
;MESH:Supporto.stl(1)
G1 F2700 E2393.05307
G1 F980.4 X70.201 Y104.385 E2393.066
G0 F9000 X70.784 Y105.221
G0 X87.051 Y119.856
G0 X87.051 Y120.164
G1 F1500 X96.896 Y120.164 E2393.39344
G1 X96.896 Y110.141 E2393.72681
G1 F1315.8 X96.796 Y109.57 E2393.74879
G1 X96.374 Y110.25 E2393.77913
G1 F1500 X96.029 Y110.627 E2393.79613
G1 X95.471 Y110.906 E2393.81688
G1 X94.956 Y110.957 E2393.83409
G1 X94.729 Y110.937 E2393.84167
G1 X94.232 Y110.794 E2393.85887
G1 X93.732 Y110.408 E2393.87988
G1 X93.4 Y109.872 E2393.90085
G1 X93.287 Y109.27 E2393.92123
G1 X93.398 Y108.665 E2393.94168
G1 X93.731 Y108.118 E2393.96298
G1 X94.242 Y107.732 E2393.98428
G1 X94.729 Y107.591 E2394.00115
G1 X94.956 Y107.571 E2394.00873
G1 X95.471 Y107.622 E2394.02594
G1 X95.929 Y107.851 E2394.04297
G1 X96.103 Y107.982 E2394.05021
G1 F1321.6 X96.426 Y108.334 E2394.06825
G1 F1067.6 X96.788 Y109.064 E2394.10633
G1 F1102.9 X96.861 Y108.798 E2394.1188
G1 F1376.1 X96.896 Y108.39 E2394.13365
G1 F1500 X96.896 Y93.364 E2394.63342
G1 X70.096 Y93.364 E2395.52479
G1 X70.097 Y103.728 E2395.8695
G1 F1183.4 X70.202 Y104.131 E2395.88705
G1 X70.382 Y103.755 E2395.90463
G1 F1500 X70.46 Y103.553 E2395.91183
G1 X70.672 Y103.209 E2395.92527
G1 X70.823 Y103.044 E2395.93271
G1 X71.235 Y102.734 E2395.94986
G1 X71.729 Y102.591 E2395.96696
G1 X71.956 Y102.57 E2395.97454
G1 X72.471 Y102.621 E2395.99176
G1 X73.027 Y102.906 E2396.01254
G1 X73.457 Y103.375 E2396.0337
G1 X73.678 Y103.953 E2396.05428
G1 X73.68 Y104.573 E2396.0749
G1 X73.45 Y105.166 E2396.09606
G1 X73.014 Y105.635 E2396.11736
G1 X72.468 Y105.907 E2396.13764
G1 X71.956 Y105.958 E2396.15476
G1 X71.729 Y105.937 E2396.16234
G1 X71.235 Y105.794 E2396.17945
G1 X70.823 Y105.484 E2396.19659
G1 X70.672 Y105.319 E2396.20403
G1 X70.46 Y104.975 E2396.21747
G1 X70.382 Y104.773 E2396.22467
G1 F1188.1 X70.201 Y104.385 E2396.24265
G1 X70.097 Y104.8 E2396.26062
G1 F1500 X70.096 Y120.164 E2396.77163
G1 X87.051 Y120.164 E2397.33555
G0 F9000 X87.051 Y119.856
G0 X96.669 Y110.299
G0 X96.783 Y109.591
G1 F966.2 X96.788 Y109.064 E2397.36277
G1 F2700 E2392.36277
G0 F9000 X96.671 Y108.296
G0 X96.183 Y107.699
G0 X95.535 Y107.377
G0 X94.818 Y107.312
G0 X94.125 Y107.508
G0 X93.548 Y107.944
G0 X93.168 Y108.556
G0 X93.035 Y109.266
G0 X93.168 Y109.974
G0 X93.548 Y110.588
G0 X94.125 Y111.024
G0 X94.749 Y111.2
G0 X95.674 Y111.154
G0 X95.357 Y110.515
;TYPE:WALL-OUTER
G1 F2700 E2397.36277
G1 F1500 X94.874 Y110.563 E2397.37891
G1 X94.415 Y110.426 E2397.39484
G1 X94.043 Y110.147 E2397.41031
G1 X93.784 Y109.731 E2397.42661
G1 X93.693 Y109.265 E2397.4424
G1 X93.784 Y108.797 E2397.45826
G1 X94.045 Y108.379 E2397.47465
G1 X94.42 Y108.096 E2397.49027
G1 X94.875 Y107.965 E2397.50602
G1 X95.357 Y108.013 E2397.52213
G1 X95.784 Y108.226 E2397.538
G1 X96.105 Y108.575 E2397.55377
G1 X96.28 Y109.025 E2397.56983
G1 X96.278 Y109.503 E2397.58573
G1 X96.106 Y109.952 E2397.60172
G1 X95.784 Y110.302 E2397.61754
G1 X95.357 Y110.515 E2397.63341
G1 F2700 E2392.63341
G0 F9000 X95.674 Y111.154
G0 X87.158 Y119.856
G0 X87.158 Y120.564
G1 F2700 E2397.63341
G1 F1500 X97.296 Y120.564 E2397.9706
G1 X97.296 Y92.964 E2398.88858
G1 X69.696 Y92.964 E2399.80656
G1 X69.696 Y120.564 E2400.72454
G1 X87.158 Y120.564 E2401.30533
G1 F2700 E2396.30533
G0 F9000 X87.158 Y119.856
G0 X72.678 Y106.152
G0 X72.36 Y105.511
G1 F2700 E2401.30533
G1 F1500 X71.879 Y105.564 E2401.32142
G1 X71.418 Y105.431 E2401.33738
G1 X71.033 Y105.141 E2401.35341
G1 X70.782 Y104.734 E2401.36932
G1 X70.691 Y104.265 E2401.38521
G1 X70.782 Y103.794 E2401.40116
G1 X71.033 Y103.387 E2401.41707
G1 X71.418 Y103.097 E2401.4331
G1 X71.877 Y102.964 E2401.44899
G1 X72.355 Y103.011 E2401.46497
G1 X72.772 Y103.221 E2401.4805
G1 X73.102 Y103.571 E2401.4965
G1 X73.28 Y104.044 E2401.51331
G1 X73.278 Y104.502 E2401.52854
G1 X73.106 Y104.945 E2401.54435
G1 X72.789 Y105.294 E2401.56003
G1 X72.36 Y105.511 E2401.57602
G0 F9000 X72.678 Y106.152
G0 X71.819 Y106.758
;TYPE:FILL
G1 F3000 X70.297 Y106.035 E2401.63206
G0 F9000 X70.176 Y106.215
G1 F3000 X83.562 Y119.6 E2402.26167
G1 X89.408 Y119.6 E2402.45611
G1 X91.955 Y110.092 E2402.7835
G1 X95.759 Y112.766 E2402.93815
G1 X70.8 Y119.454 E2403.79758
G1 X70.774 Y119.6
G1 X70.644 Y120.084 E2403.81425
G0 F9000 X70.176 Y119.621
G1 F3000 X70.8 Y119.454 E2403.83573
G1 X70.8 Y115.325 E2403.97306
G1 X70.176 Y114.7 E2404.00244
G0 F9000 X70.8 Y115.323
G0 X70.409 Y113.409
G0 X70.177 Y113.409
G1 F3000 X70.8 Y113.242 E2404.02389
G1 X70.956 Y113.2
G1 X70.297 Y113.2 E2404.04581
G0 F9000 X70.297 Y112.4
G1 F3000 X72.702 Y112.4 E2404.1258
G0 F9000 X72.81 Y112
G1 F3000 X70.297 Y112 E2404.20938
G0 F9000 X70.297 Y111.2
G1 F3000 X73.024 Y111.2 E2404.30008
G0 F9000 X73.131 Y110.8
G1 F3000 X70.297 Y110.8 E2404.39434
G0 F9000 X70.297 Y110
G1 F3000 X73.346 Y110 E2404.49575
G0 F9000 X73.453 Y109.6
G1 F3000 X70.297 Y109.6 E2404.60072
G0 F9000 X70.297 Y109.2
G1 F3000 X73.16 Y109.2 E2404.69594
G0 F9000 X72.36 Y108.4
G1 F3000 X70.297 Y108.4 E2404.76456
G0 F9000 X70.297 Y108
G1 F3000 X71.96 Y108 E2404.81987
G0 F9000 X71.16 Y107.2
G1 F3000 X70.297 Y107.2 E2404.84857
G1 X70.177 Y107.198
G1 X94.8 Y100.6 E2405.69643
G1 X94.8 Y105.382 E2405.85548
G1 X94.4 Y104.982 E2405.8743
G0 F9000 X94.8 Y105.382
G1 F3000 X95.2 Y105.782 E2405.89311
G1 X95.2 Y100.493 E2406.06902
G1 X95.6 Y100.385 E2406.0828
G1 X95.6 Y106.182 E2406.27561
G1 X95.2 Y105.782 E2406.29443
G0 F9000 X95.6 Y106.182
G1 F3000 X96.816 Y107.399 E2406.35165
G1 X96.696 Y107.557
G1 X95.404 Y106.649 E2406.40417
G0 F9000 X96 Y106.49
G1 F3000 X70.8 Y113.242 E2407.27189
G1 X70.8 Y115.323 E2407.34111
G1 X75.077 Y119.6 E2407.54228
G1 X76.985 Y119.6 E2407.60574
G1 X83.846 Y94 E2408.48725
G1 X90.056 Y94 E2408.6938
G1 X90.206 Y93.443 E2408.71298
G0 F9000 X90.058 Y94
G1 F3000 X83.196 Y119.6 E2409.5945
G1 X76.986 Y119.6 E2409.80105
G1 X76.856 Y120.084 E2409.81771
G0 F9000 X76.985 Y119.6
G0 X75.56 Y119.856
G0 X75.56 Y120.084
G1 F3000 X75.075 Y119.6 E2409.8405
G1 X75.077 Y119.6
G1 X70.774 Y119.6 E2409.98362
G1 X75.208 Y103.054 E2410.55336
G0 F9000 X75.102 Y103.446
G1 F3000 X70.297 Y101.163 E2410.7303
G0 F9000 X70.177 Y100.986
G1 F3000 X70.613 Y100.871 E2410.7453
G1 X70.8 Y100.82
G1 X96.249 Y94 E2411.6216
G0 F9000 X96.417 Y93.444
G1 F3000 X96 Y95 E2411.67518
G0 F9000 X96.589 Y93.848
G0 X96.816 Y93.848
G1 F3000 X96.249 Y94 E2411.6947
G1 X91.904 Y94 E2411.83922
G1 X96 Y98.096 E2412.03188
G1 X96 Y98.099
G1 X96 Y95 E2412.13496
G1 X94.4 Y100.973 E2412.34062
G1 X94.4 Y104.982 E2412.47396
G1 X83.417 Y94 E2412.99055
G0 F9000 X83.846 Y94
G1 F3000 X83.994 Y93.443 E2413.00971
G0 F9000 X83.994 Y93.676
G0 X82.862 Y93.676
G0 X82.862 Y93.444
G1 F3000 X83.417 Y94 E2413.03584
G1 X77.634 Y94 E2413.22819
G1 X77.782 Y93.444 E2413.24732
G0 F9000 X77.634 Y94
G0 X75.141 Y93.676
G0 X75.141 Y93.444
G1 F3000 X74.357 Y93.654 E2413.27432
G0 F9000 X74.376 Y93.444
G1 F3000 X74.753 Y93.823 E2413.2921
G0 F9000 X74.933 Y94
G1 F3000 X74.753 Y93.823 E2413.30049
G1 X70.513 Y98.065 E2413.49998
G1 X70.176 Y97.729 E2413.51581
G0 F9000 X70.473 Y97.539
G1 F3000 X71.493 Y93.734 E2413.64683
G0 F9000 X71.6 Y93.564
G1 F3000 X71.6 Y94.394 E2413.67444
G0 F9000 X71.207 Y94.8
G1 F3000 X70.296 Y94.8 E2413.70474
G1 X70.177 Y94.774
G1 X70.559 Y94.672 E2413.71789
G0 F9000 X71.571 Y93.676
G0 X71.571 Y93.444
G1 F3000 X71.493 Y93.734 E2413.72787
G1 X70.559 Y94.672 E2413.7719
G1 X74.357 Y93.654 E2413.90268
G1 X70.473 Y97.539 E2414.0854
G1 X70.177 Y98.646 E2414.12351
G0 F9000 X70.513 Y98.065
G1 F3000 X70.8 Y98.354 E2414.13706
G1 X70.8 Y100.82 E2414.21908
G1 X70.613 Y100.871 E2414.22552
G1 X75.208 Y103.054 E2414.39472
G1 X77.633 Y94 E2414.70647
G1 X74.933 Y94 E2414.79628
G1 X96 Y115.067 E2415.7872
G0 F9000 X96.531 Y115.601
G1 F3000 X96 Y115.067 E2415.81225
G1 X96 Y112.701 E2415.89094
G1 X96.263 Y112.631 E2415.9
G1 X92.066 Y109.681 E2416.07062
G1 X91.955 Y110.092 E2416.08478
G0 F9000 X92.066 Y109.681
G1 F3000 X94.4 Y100.973 E2416.38463
G0 F9000 X94.8 Y100.6
G1 F3000 X95.2 Y100.493 E2416.39841
G0 F9000 X95.6 Y100.385
G1 F3000 X96 Y100.278 E2416.41218
G1 X96 Y106.49 E2416.61879
G1 X96.816 Y106.271 E2416.64689
G0 F9000 X96.589 Y106.271
G0 X94.125 Y107.508
G0 X93.548 Y107.944
G0 X93.24 Y108.44
G0 X93.033 Y108.949
G0 X93.139 Y108.969
G1 F3000 X92.396 Y108.447 E2416.67709
G0 F9000 X92.176 Y109.27
G1 F3000 X93.268 Y110.038 E2416.72149
G0 F9000 X93.172 Y110.096
G0 X93.548 Y110.588
G0 X94.015 Y110.941
G0 X94.855 Y111.278
G0 X94.843 Y111.144
G1 F3000 X96.696 Y112.447 E2416.79684
G1 X96.816 Y112.483
G1 X96.263 Y112.631 E2416.81588
G0 F9000 X96 Y112.701
G1 F3000 X95.759 Y112.766 E2416.82418
G0 F9000 X96.589 Y111.957
G0 X96.696 Y111.957
G1 F3000 X95.464 Y111.092 E2416.87425
G0 F9000 X95.475 Y111.222
G0 X96.589 Y115.138
G0 X96.816 Y115.138
G1 F3000 X96.544 Y116.154 E2416.90923
G1 X92.973 Y119.725 E2417.0772
G1 X96.815 Y118.695 E2417.2095
G0 F9000 X96 Y118.913
G1 F3000 X96 Y119.964 E2417.24445
G0 F9000 X95.491 Y120.084
G1 F3000 X96.544 Y116.154 E2417.37978
G0 F9000 X96.816 Y115.884
G1 F3000 X96.531 Y115.601 E2417.39314
G1 X92.29 Y119.842 E2417.59262
G1 X92.046 Y119.6 E2417.60405
G1 X89.409 Y119.6 E2417.69176
G1 X89.279 Y120.084 E2417.70842
G0 F9000 X89.408 Y119.6
G0 X91.63 Y119.856
G0 X91.63 Y120.084
G1 F3000 X92.973 Y119.725 E2417.75466
G0 F9000 X92.531 Y120.084
G1 F3000 X92.29 Y119.842 E2417.76602
G0 F9000 X92.046 Y119.6
G1 F3000 X70.8 Y98.354 E2418.76537
G0 F9000 X70.409 Y101.606
G0 X70.297 Y101.606
G1 F3000 X71.918 Y102.376 E2418.82506
G0 F9000 X71.278 Y102.515
G1 F3000 X70.297 Y102.049 E2418.86118
G0 F9000 X70.409 Y102.049
G0 X72.535 Y102.377
G0 X73.06 Y102.638
G0 X73.597 Y103.064
G0 X73.516 Y103.136
G1 F3000 X74.997 Y103.84 E2418.91572
G0 F9000 X74.786 Y104.625
G1 F3000 X73.876 Y104.193 E2418.94922
G0 F9000 X73.726 Y105.007
G1 F3000 X74.576 Y105.411 E2418.98052
G0 F9000 X83.196 Y119.6
G1 F3000 X83.067 Y120.084 E2418.99718
G0 F9000 X83.562 Y119.6
G1 F3000 X84.045 Y120.084 E2419.01993
G0 F9000 X84.045 Y119.856
G0 X94.8 Y119.856
G0 X94.8 Y119.964
G1 F3000 X94.8 Y119.234 E2419.04421
G0 F9000 X93.035 Y109.266
G0 X93.143 Y108.691
G0 X96 Y100.279
G0 X96.815 Y100.06
G1 F3000 X96 Y100.279 E2419.07227
G1 X96 Y98.099 E2419.14478
G1 X96.816 Y98.914 E2419.18314
G0 F9000 X96.589 Y98.914
G0 X91.904 Y94
G0 X91.347 Y93.444
G1 F3000 X91.902 Y94 E2419.20927
G1 X90.058 Y94 E2419.2706
G1 F2700 E2414.2706
;MESH:TracciaSopra.stl
G0 F9000 X97.075 Y93.19
G0 X98.164 Y93.19
G0 X101.406 Y90.778
G0 X101.686 Y73.738
;TYPE:WALL-INNER
G1 F2700 E2419.2706
G1 F983.6 X101.686 Y73.486 E2419.28338
G0 F9000 X101.819 Y72.655
G0 X102.031 Y72.291
G0 X102.608 Y71.855
G0 X103.302 Y71.659
G0 X104.018 Y71.724
G0 X104.666 Y72.046
G0 X105.059 Y72.479
G0 X115.194 Y89.203
G0 X115.194 Y89.512
G1 F1500 X128.38 Y89.512 E2419.72195
G1 X128.38 Y79.478 E2420.05568
G1 F1310 X128.276 Y78.917 E2420.07741
G1 X127.858 Y79.598 E2420.10784
G1 F1500 X127.587 Y79.894 E2420.12119
G1 X127.411 Y80.026 E2420.12851
G1 X127.047 Y80.206 E2420.14201
G1 X126.834 Y80.266 E2420.14937
G1 X126.325 Y80.312 E2420.16637
G1 X125.714 Y80.144 E2420.18745
G1 X125.208 Y79.749 E2420.2088
G1 X124.881 Y79.23 E2420.2292
G1 X124.773 Y78.62 E2420.24981
G1 X124.888 Y77.982 E2420.27137
G1 X125.216 Y77.465 E2420.29173
G1 X125.722 Y77.079 E2420.3129
G1 X126.215 Y76.939 E2420.32994
G1 X126.434 Y76.918 E2420.33726
G1 X126.834 Y76.954 E2420.35062
G1 X127.051 Y77.016 E2420.35813
G1 X127.514 Y77.25 E2420.37538
G1 F1318.7 X127.908 Y77.681 E2420.39747
G1 F1061.9 X128.27 Y78.408 E2420.43563
G1 F1096.9 X128.343 Y78.145 E2420.44804
G1 F1373 X128.38 Y77.743 E2420.46271
G1 F1500 X128.38 Y62.712 E2420.96264
G1 X101.58 Y62.712 E2421.85402
G1 X101.58 Y73.083 E2422.19896
G1 F1188.1 X101.686 Y73.486 E2422.21645
G1 X101.861 Y73.108 E2422.23395
G1 F1500 X101.943 Y72.896 E2422.24151
G1 X102.216 Y72.461 E2422.25859
G1 X102.712 Y72.083 E2422.27933
G1 X103.215 Y71.938 E2422.29674
G1 X103.434 Y71.918 E2422.30405
G1 X103.95 Y71.964 E2422.32128
G1 X104.512 Y72.254 E2422.34232
G1 X104.933 Y72.714 E2422.36306
G1 X105.158 Y73.297 E2422.38384
G1 X105.156 Y73.921 E2422.4046
G1 X104.94 Y74.508 E2422.4254
G1 X104.507 Y74.973 E2422.44653
G1 X103.948 Y75.256 E2422.46737
G1 X103.325 Y75.312 E2422.48818
G1 X102.828 Y75.175 E2422.50532
G1 X102.624 Y75.074 E2422.5129
G1 X102.216 Y74.763 E2422.52996
G1 X101.943 Y74.328 E2422.54704
G1 X101.861 Y74.116 E2422.5546
G1 F1188.1 X101.686 Y73.738 E2422.57209
G1 X101.58 Y74.141 E2422.58959
G1 F1500 X101.58 Y89.512 E2423.10083
G1 X115.194 Y89.512 E2423.55363
G0 F9000 X115.194 Y89.203
G0 X127.666 Y80.18
G0 X128.154 Y79.583
G0 X128.265 Y78.935
G1 F960 X128.27 Y78.408 E2423.58102
G1 F2700 E2418.58102
G0 F9000 X128.154 Y77.643
G0 X127.666 Y77.046
G0 X127.018 Y76.724
G0 X126.302 Y76.659
G0 X125.608 Y76.855
G0 X125.031 Y77.291
G0 X124.651 Y77.905
G0 X124.518 Y78.613
G0 X124.651 Y79.321
G0 X125.031 Y79.935
G0 X125.498 Y80.288
G0 X126.168 Y80.593
G0 X126.362 Y79.907
;TYPE:WALL-OUTER
G1 F2700 E2423.58102
G1 F1500 X125.895 Y79.774 E2423.59717
G1 X125.527 Y79.495 E2423.61253
G1 X125.264 Y79.079 E2423.6289
G1 X125.177 Y78.611 E2423.64473
G1 X125.263 Y78.138 E2423.66072
G1 X125.517 Y77.739 E2423.67646
G1 X125.899 Y77.445 E2423.69249
G1 X126.361 Y77.313 E2423.70847
G1 X126.836 Y77.355 E2423.72433
G1 X127.268 Y77.574 E2423.74044
G1 X127.589 Y77.923 E2423.75621
G1 X127.76 Y78.37 E2423.77213
G1 X127.758 Y78.847 E2423.78799
G1 X127.591 Y79.299 E2423.80402
G1 X127.267 Y79.651 E2423.81993
G1 X126.835 Y79.865 E2423.83597
G1 X126.362 Y79.907 E2423.85176
G1 F2700 E2418.85176
G0 F9000 X126.168 Y80.593
G0 X115.201 Y89.203
G0 X115.201 Y89.912
G1 F2700 E2423.85176
G1 F1500 X128.78 Y89.912 E2424.3034
G1 X128.78 Y62.312 E2425.22138
G1 X101.18 Y62.312 E2426.13936
G1 X101.18 Y89.912 E2427.05734
G1 X115.201 Y89.912 E2427.52368
G1 F2700 E2422.52368
G0 F9000 X115.201 Y89.203
G0 X103.17 Y75.593
G0 X103.364 Y74.907
G1 F2700 E2427.52368
G1 F1500 X102.895 Y74.778 E2427.53986
G1 X102.518 Y74.49 E2427.55564
G1 X102.262 Y74.084 E2427.5716
G1 X102.176 Y73.614 E2427.58749
G1 X102.262 Y73.14 E2427.60352
G1 X102.518 Y72.734 E2427.61948
G1 X102.895 Y72.446 E2427.63526
G1 X103.361 Y72.313 E2427.65138
G1 X103.838 Y72.356 E2427.66731
G1 X104.275 Y72.584 E2427.6837
G1 X104.581 Y72.917 E2427.69874
G1 X104.76 Y73.388 E2427.7155
G1 X104.759 Y73.837 E2427.73044
G1 X104.59 Y74.293 E2427.74661
G1 X104.273 Y74.642 E2427.76229
G1 X103.839 Y74.86 E2427.77845
G1 X103.364 Y74.907 E2427.79432
G0 F9000 X103.17 Y75.593
G0 X102.916 Y76.209
;TYPE:FILL
G1 F3000 X126.4 Y69.916 E2428.60296
G1 X126.4 Y74.847 E2428.76697
G1 X125.6 Y74.047 E2428.80459
G0 F9000 X126.4 Y74.847
G1 F3000 X126.8 Y75.247 E2428.82341
G1 X126.8 Y69.808 E2429.00431
G1 X127.2 Y69.701 E2429.01808
G1 X127.2 Y75.647 E2429.21585
G1 X126.8 Y75.247 E2429.23466
G0 F9000 X127.2 Y75.647
G1 F3000 X128.3 Y76.748 E2429.28643
G1 X128.18 Y76.684
G1 X126.931 Y75.985 E2429.33403
G0 F9000 X127.6 Y75.806
G1 F3000 X104 Y82.13 E2430.14666
G0 F9000 X103.6 Y82.237
G1 F3000 X104 Y82.13 E2430.16044
G1 X104 Y77.906 E2430.30093
G1 X103.6 Y77.506 E2430.31974
G0 F9000 X103.2 Y77.106
G1 F3000 X103.6 Y77.506 E2430.33856
G1 X103.6 Y82.237 E2430.49591
G1 X103.2 Y82.344 E2430.50968
G0 F9000 X102.8 Y82.451
G1 F3000 X103.2 Y82.344 E2430.52345
G1 X103.2 Y77.106 E2430.69767
G1 X102.8 Y76.706 E2430.71649
G0 F9000 X102.4 Y76.347
G1 F3000 X101.66 Y76.545 E2430.74196
G0 F9000 X101.989 Y75.891
G1 F3000 X102.8 Y76.706 E2430.7802
G1 X102.8 Y82.451 E2430.97128
G1 X102.4 Y82.557 E2430.98505
G1 X102.4 Y84.787 E2431.05922
G1 X106.413 Y88.8 E2431.24798
G1 X108.508 Y88.8 E2431.31766
G1 X114.271 Y67.292 E2432.05825
G0 F9000 X114.27 Y67.512
G0 X113.007 Y67.512
G0 X113.008 Y67.292
G1 F3000 X102.4 Y70.135 E2432.42353
G0 F9000 X101.78 Y70.324
G1 F3000 X106.53 Y71.949 E2432.5905
G0 F9000 X106.685 Y72.425
G1 F3000 X101.78 Y70.747 E2432.76292
G0 F9000 X101.78 Y71.17
G1 F3000 X103.399 Y71.724 E2432.81984
G0 F9000 X103.41 Y71.608
G0 X103.902 Y71.702
G0 X104.792 Y72.094
G0 X104.706 Y72.171
G1 F3000 X106.581 Y72.812 E2432.88574
G0 F9000 X106.478 Y73.199
G1 F3000 X105.16 Y72.748 E2432.93208
G0 F9000 X105.355 Y73.238
G1 F3000 X106.374 Y73.586 E2432.96789
G0 F9000 X106.166 Y74.361
G1 F3000 X105.315 Y74.07 E2432.9978
G0 F9000 X105.423 Y74.112
G0 X105.152 Y74.646
G0 X104.666 Y75.18
G0 X104.018 Y75.502
G0 X101.892 Y75.564
G0 X101.66 Y75.564
G1 F3000 X101.989 Y75.891 E2433.01323
G1 X102.916 Y76.209 E2433.04583
G1 X102.4 Y76.347 E2433.06359
G1 X102.4 Y82.558 E2433.27017
G1 X101.66 Y82.756 E2433.29565
G0 F9000 X102.4 Y82.558
G0 X101.892 Y84.049
G0 X101.66 Y84.049
G1 F3000 X102.4 Y84.79 E2433.33048
G1 X102.4 Y88.415 E2433.45105
G1 X104.4 Y80.949 E2433.70812
G0 F9000 X104.4 Y78.306
G1 F3000 X114.898 Y88.8 E2434.20182
G1 X120.931 Y88.8 E2434.40248
G1 X120.762 Y89.432 E2434.42424
G0 F9000 X120.762 Y89.203
G0 X123.111 Y89.203
G0 X123.111 Y89.432
G1 F3000 X124.094 Y89.169 E2434.45809
G0 F9000 X124.013 Y89.431
G1 F3000 X123.64 Y89.057 E2434.47565
G0 F9000 X123.381 Y88.8
G1 F3000 X123.64 Y89.057 E2434.48779
G1 X127.882 Y84.816 E2434.6873
G1 X128.3 Y85.233 E2434.70693
G1 X128.125 Y85.138
G1 X126.974 Y89.433 E2434.85483
G0 F9000 X126.8 Y89.312
G1 F3000 X126.8 Y88.443 E2434.88373
G0 F9000 X127.25 Y88.4
G1 F3000 X128.18 Y88.4 E2434.91466
G0 F9000 X128.3 Y88.042
G1 F3000 X124.094 Y89.169 E2435.05949
G1 X128.125 Y85.138 E2435.2491
G1 X128.3 Y84.482 E2435.27168
G0 F9000 X127.882 Y84.816
G1 F3000 X127.6 Y84.532 E2435.28499
G1 X127.6 Y82.017 E2435.36864
G1 X127.792 Y81.966 E2435.37525
G1 X123.417 Y79.521 E2435.54194
G1 X123.31 Y79.919 E2435.55565
G0 F9000 X123.417 Y79.521
G1 F3000 X125.6 Y71.375 E2435.83614
G0 F9000 X126.4 Y69.916
G1 F3000 X126.8 Y69.808 E2435.84993
G0 F9000 X127.2 Y69.701
G1 F3000 X127.6 Y69.594 E2435.8637
G1 X127.6 Y75.806 E2436.07031
G1 X128.3 Y75.618 E2436.09442
G0 F9000 X128.072 Y75.618
G0 X125.608 Y76.855
G0 X125.281 Y77.102
G0 X124.805 Y77.541
G0 X124.897 Y77.598
G1 F3000 X124.059 Y77.129 E2436.12636
G0 F9000 X123.738 Y78.325
G1 F3000 X124.601 Y78.807 E2436.15923
G0 F9000 X124.71 Y79.327
G1 F3000 X123.631 Y78.723 E2436.20036
G0 F9000 X123.524 Y79.122
G1 F3000 X125.471 Y80.21 E2436.27454
G0 F9000 X125.735 Y80.357
G1 F3000 X128.18 Y81.724 E2436.36771
G1 X128.3 Y81.83
G1 X127.792 Y81.966 E2436.3852
G1 X127.6 Y82.017
G1 X127.238 Y82.114 E2436.39767
G0 F9000 X128.072 Y81.266
G0 X128.18 Y81.266
G1 F3000 X126.763 Y80.474 E2436.45166
G0 F9000 X126.773 Y80.586
G0 X127.6 Y84.532
G1 F3000 X110.36 Y67.293 E2437.26255
G0 F9000 X110.359 Y67.512
G0 X108.654 Y67.44
G0 X108.581 Y65.735
G0 X108.802 Y65.735
G1 F3000 X106.107 Y63.041 E2437.38929
G0 F9000 X105.86 Y62.792
G1 F3000 X106.107 Y63.041 E2437.40096
G1 X102.194 Y67.611 E2437.60106
G1 X102.4 Y67.819 E2437.6108
G1 X102.4 Y70.135 E2437.68783
G1 X101.66 Y70.333 E2437.71331
G0 F9000 X101.892 Y70.333
G0 X101.892 Y67.993
G0 X101.66 Y67.993
G1 F3000 X103.054 Y62.792 E2437.8924
G0 F9000 X102.4 Y62.912
G1 F3000 X102.4 Y63.924 E2437.92606
G0 F9000 X102.623 Y64.4
G1 F3000 X101.78 Y64.4 E2437.9541
G0 F9000 X101.661 Y64.121
G1 F3000 X105.547 Y63.08 E2438.0879
G0 F9000 X106.622 Y63.023
G0 X106.622 Y62.792
G1 F3000 X105.547 Y63.08 E2438.12492
G1 X101.91 Y67.327 E2438.31089
G1 X102.194 Y67.611 E2438.32425
G0 F9000 X102.4 Y67.819
G1 F3000 X123.381 Y88.8 E2439.31113
G1 X120.932 Y88.8 E2439.39259
G1 X123.31 Y79.919 E2439.69838
G1 X127.238 Y82.114 E2439.84804
G1 X101.661 Y88.968 E2440.72875
G0 F9000 X102.296 Y88.8
G1 F3000 X102.127 Y89.433 E2440.75054
G0 F9000 X102.127 Y89.203
G0 X102.4 Y88.415
G1 F3000 X102.296 Y88.8 E2440.7638
G1 X106.411 Y88.8 E2440.90067
G1 X107.043 Y89.431 E2440.93037
G0 F9000 X107.043 Y89.203
G0 X108.339 Y89.203
G0 X108.339 Y89.432
G1 F3000 X108.509 Y88.8 E2440.95214
G1 X114.719 Y88.8 E2441.15868
G1 X120.483 Y67.292 E2441.89929
G0 F9000 X120.482 Y67.512
G0 X118.845 Y67.512
G0 X118.846 Y67.293
G1 F3000 X125.6 Y74.047 E2442.21697
G1 X125.6 Y71.375 E2442.30585
G1 X127.6 Y63.91 E2442.56289
G1 X127.6 Y67.562 E2442.68435
G1 X123.638 Y63.6 E2442.87072
G1 X123.636 Y63.6
G1 X126.788 Y63.6 E2442.97555
G1 X121.163 Y65.107 E2443.16924
G0 F9000 X121.162 Y64.758
G1 F3000 X121.473 Y63.6 E2443.20912
G0 F9000 X121.689 Y62.791
G1 F3000 X121.473 Y63.6 E2443.23697
G1 X123.636 Y63.6 E2443.30891
G1 X122.829 Y62.792 E2443.34689
G0 F9000 X122.829 Y63.023
G0 X126.788 Y63.6
G1 F3000 X128.3 Y63.195 E2443.39895
G0 F9000 X127.9 Y62.792
G1 F3000 X127.6 Y63.91 E2443.43745
G0 F9000 X128.072 Y68.263
G0 X128.3 Y68.263
G1 F3000 X127.6 Y67.564 E2443.47036
G1 X127.6 Y69.594 E2443.53787
G1 X128.299 Y69.407 E2443.56194
G0 F9000 X127.6 Y69.594
G0 X124.651 Y77.905
G0 X124.518 Y78.613
G0 X124.594 Y79.014
G0 X127.357 Y88
G1 F3000 X128.18 Y88 E2443.58931
G0 F9000 X128.072 Y88
G0 X115.528 Y89.203
G0 X115.528 Y89.431
G1 F3000 X114.898 Y88.8 E2443.61897
G1 X114.719 Y88.8
G1 X114.55 Y89.432 E2443.64073
G0 F9000 X114.55 Y89.203
G0 X108.509 Y88.8
G0 X102.4 Y84.79
G0 X104 Y77.906
G1 F3000 X104.4 Y78.306 E2443.65954
G1 X104.4 Y80.949 E2443.74745
G1 X108.801 Y64.525 E2444.31299
G0 F9000 X108.681 Y63.6
G1 F3000 X106.668 Y63.6 E2444.37994
G0 F9000 X101.91 Y67.327
G1 F3000 X101.66 Y67.078 E2444.39168
G0 F9000 X101.892 Y67.078
G0 X108.654 Y67.44
G0 X121.119 Y67.512
G0 X121.12 Y67.252
;TYPE:SKIN
G1 F1500 X108.84 Y67.252 E2444.80011
G1 X108.84 Y63.072 E2444.93914
G1 X121.12 Y63.072 E2445.34757
G1 X121.12 Y67.252 E2445.4866
G0 F9000 X121.119 Y67.512
G0 X121.382 Y63.785
G0 X120.92 Y63.785
G1 F1500 X120.406 Y63.272 E2445.51075
G0 F9000 X119.84 Y63.272
G1 F1500 X120.92 Y64.351 E2445.56153
G0 F9000 X120.92 Y64.917
G1 F1500 X119.275 Y63.272 E2445.6389
G0 F9000 X118.709 Y63.272
G1 F1500 X120.92 Y65.482 E2445.74288
G0 F9000 X120.92 Y66.048
G1 F1500 X118.143 Y63.272 E2445.87348
G0 F9000 X117.578 Y63.272
G1 F1500 X120.92 Y66.614 E2446.03068
G0 F9000 X120.792 Y67.052
G1 F1500 X117.012 Y63.272 E2446.20848
G0 F9000 X116.446 Y63.272
G1 F1500 X120.227 Y67.052 E2446.3863
G0 F9000 X119.661 Y67.052
G1 F1500 X115.881 Y63.272 E2446.5641
G0 F9000 X115.315 Y63.272
G1 F1500 X119.095 Y67.052 E2446.7419
G0 F9000 X118.529 Y67.052
G1 F1500 X114.749 Y63.272 E2446.9197
G0 F9000 X114.184 Y63.272
G1 F1500 X117.964 Y67.052 E2447.0975
G0 F9000 X117.398 Y67.052
G1 F1500 X113.618 Y63.272 E2447.2753
G0 F9000 X113.052 Y63.272
G1 F1500 X116.832 Y67.052 E2447.4531
G0 F9000 X116.267 Y67.052
G1 F1500 X112.487 Y63.272 E2447.6309
G0 F9000 X111.921 Y63.272
G1 F1500 X115.701 Y67.052 E2447.8087
G0 F9000 X115.135 Y67.052
G1 F1500 X111.355 Y63.272 E2447.98649
G0 F9000 X110.789 Y63.272
G1 F1500 X114.57 Y67.052 E2448.16432
G0 F9000 X114.004 Y67.052
G1 F1500 X110.224 Y63.272 E2448.34212
G0 F9000 X109.658 Y63.272
G1 F1500 X113.438 Y67.052 E2448.51992
G0 F9000 X112.873 Y67.052
G1 F1500 X109.092 Y63.272 E2448.69774
G0 F9000 X109.04 Y63.785
G1 F1500 X112.307 Y67.052 E2448.85141
G0 F9000 X111.741 Y67.052
G1 F1500 X109.04 Y64.351 E2448.97846
G0 F9000 X109.04 Y64.917
G1 F1500 X111.176 Y67.052 E2449.0789
G0 F9000 X110.61 Y67.052
G1 F1500 X109.04 Y65.482 E2449.15275
G0 F9000 X109.04 Y66.048
G1 F1500 X110.044 Y67.052 E2449.19998
G0 F9000 X109.479 Y67.052
G1 F1500 X109.04 Y66.614 E2449.2206
G0 F9000 X108.281 Y66.614
G1 F2700 E2444.2206
;MESH:TracciaSotto.stl
G0 F9000 X108.617 Y67.357
G0 X128.558 Y89.689
G0 X129.647 Y89.689
G0 X132.655 Y92.853
G0 X134.026 Y103.802
;TYPE:WALL-INNER
G1 F2700 E2449.2206
G1 F983.6 X134.026 Y104.054 E2449.23338
G0 F9000 X134.157 Y104.886
G0 X144.212 Y119.519
G0 X144.212 Y119.828
G1 F1500 X160.72 Y119.828 E2449.78244
G1 X160.72 Y109.793 E2450.11621
G1 F1310 X160.617 Y109.232 E2450.13793
G1 X160.198 Y109.911 E2450.16832
G1 F1500 X159.848 Y110.292 E2450.18552
G1 X159.389 Y110.521 E2450.20258
G1 X159.174 Y110.582 E2450.21002
G1 X158.665 Y110.628 E2450.22702
G1 X158.054 Y110.46 E2450.24809
G1 X157.548 Y110.065 E2450.26944
G1 X157.221 Y109.546 E2450.28984
G1 X157.11 Y108.921 E2450.31096
G1 X157.228 Y108.301 E2450.33195
G1 X157.555 Y107.779 E2450.35244
G1 X158.065 Y107.394 E2450.37369
G1 X158.555 Y107.255 E2450.39063
G1 X158.774 Y107.234 E2450.39795
G1 X159.174 Y107.27 E2450.4113
G1 X159.389 Y107.331 E2450.41874
G1 X159.749 Y107.511 E2450.43212
G1 X159.925 Y107.644 E2450.43946
G1 F1318.7 X160.251 Y108.004 E2450.45784
G1 F1061.9 X160.61 Y108.724 E2450.49563
G1 F1098.9 X160.684 Y108.459 E2450.50813
G1 F1376.1 X160.72 Y108.06 E2450.52265
G1 F1500 X160.72 Y93.028 E2451.02262
G1 X133.92 Y93.028 E2451.91399
G1 X133.92 Y103.399 E2452.25893
G1 F1188.1 X134.026 Y103.802 E2452.27643
G1 X134.201 Y103.424 E2452.29392
G1 F1500 X134.282 Y103.215 E2452.30137
G1 X134.498 Y102.867 E2452.31499
G1 X134.648 Y102.704 E2452.32236
G1 X135.056 Y102.398 E2452.33933
G1 X135.555 Y102.254 E2452.3566
G1 X135.774 Y102.234 E2452.36391
G1 X136.291 Y102.281 E2452.38118
G1 X136.864 Y102.575 E2452.4026
G1 X137.274 Y103.037 E2452.42314
G1 X137.498 Y103.614 E2452.44373
G1 X137.496 Y104.253 E2452.46498
G1 X137.275 Y104.824 E2452.48535
G1 X136.859 Y105.28 E2452.50588
G1 X136.29 Y105.572 E2452.52715
G1 X135.664 Y105.628 E2452.54805
G1 X135.168 Y105.491 E2452.56517
G1 X134.964 Y105.39 E2452.57274
G1 X134.556 Y105.079 E2452.5898
G1 X134.283 Y104.644 E2452.60688
G1 X134.201 Y104.432 E2452.61444
G1 F1188.1 X134.026 Y104.054 E2452.63194
G1 X133.92 Y104.457 E2452.64943
G1 F1500 X133.92 Y119.828 E2453.16068
G1 X144.212 Y119.828 E2453.50299
G0 F9000 X144.212 Y119.519
G0 X160.003 Y110.496
G0 X160.492 Y109.903
G0 X160.605 Y109.251
G1 F960 X160.61 Y108.724 E2453.53038
G1 F2700 E2448.53038
G0 F9000 X160.492 Y107.955
G0 X160.003 Y107.362
G0 X159.356 Y107.04
G0 X158.64 Y106.975
G0 X157.946 Y107.171
G0 X157.37 Y107.607
G0 X156.99 Y108.22
G0 X156.856 Y108.929
G0 X156.99 Y109.638
G0 X157.37 Y110.251
G0 X157.836 Y110.604
G0 X158.508 Y110.909
G0 X158.702 Y110.223
;TYPE:WALL-OUTER
G1 F2700 E2453.53038
G1 F1500 X158.235 Y110.09 E2453.54653
G1 X157.867 Y109.811 E2453.56189
G1 X157.604 Y109.395 E2453.57826
G1 X157.52 Y108.91 E2453.59463
G1 X157.6 Y108.473 E2453.6094
G1 X157.869 Y108.039 E2453.62639
G1 X158.224 Y107.772 E2453.64116
G1 X158.7 Y107.629 E2453.65769
G1 X159.175 Y107.671 E2453.67355
G1 X159.605 Y107.887 E2453.68956
G1 X159.93 Y108.246 E2453.70566
G1 X160.1 Y108.685 E2453.72132
G1 X160.098 Y109.163 E2453.73722
G1 X159.929 Y109.613 E2453.75321
G1 X159.604 Y109.966 E2453.76917
G1 X159.175 Y110.181 E2453.78513
G1 X158.702 Y110.223 E2453.80092
G1 F2700 E2448.80092
G0 F9000 X158.508 Y110.909
G0 X144.12 Y119.519
G0 X144.12 Y120.228
G1 F2700 E2453.80092
G1 F1500 X161.12 Y120.228 E2454.36634
G1 X161.12 Y92.628 E2455.28432
G1 X133.52 Y92.628 E2456.2023
G1 X133.52 Y120.228 E2457.12028
G1 X144.12 Y120.228 E2457.47284
G1 F2700 E2452.47284
G0 F9000 X144.12 Y119.519
G0 X135.768 Y105.933
G0 X135.704 Y105.223
G1 F2700 E2457.47284
G1 F1500 X135.235 Y105.094 E2457.48902
G1 X134.858 Y104.806 E2457.5048
G1 X134.602 Y104.4 E2457.52076
G1 X134.516 Y103.93 E2457.53665
G1 X134.602 Y103.459 E2457.55258
G1 X134.857 Y103.047 E2457.56869
G1 X135.239 Y102.761 E2457.58456
G1 X135.702 Y102.628 E2457.60059
G1 X136.18 Y102.676 E2457.61657
G1 X136.592 Y102.882 E2457.63189
G1 X136.927 Y103.24 E2457.64819
G1 X137.1 Y103.685 E2457.66407
G1 X137.099 Y104.153 E2457.67964
G1 X136.929 Y104.612 E2457.69592
G1 X136.609 Y104.958 E2457.71159
G1 X136.18 Y105.176 E2457.7276
G1 X135.704 Y105.223 E2457.74351
G0 F9000 X135.768 Y105.933
G0 X135.616 Y106.426
;TYPE:FILL
G1 F3000 X134.12 Y105.976 E2457.79547
G1 X134 Y105.881
G1 X134.8 Y106.682 E2457.83312
G1 X134.8 Y112.857 E2458.0385
G1 X134.001 Y113.071 E2458.06601
G0 F9000 X134.8 Y112.857
G0 X135.2 Y112.75
G1 F3000 X135.6 Y112.643 E2458.07979
G1 X135.6 Y107.482 E2458.25144
G1 X135.2 Y107.082 E2458.27026
G0 F9000 X134.8 Y106.682
G1 F3000 X135.2 Y107.082 E2458.28907
G1 X135.2 Y112.75 E2458.47759
G1 X134.8 Y112.857 E2458.49136
G1 X134.8 Y115.165 E2458.56812
G1 X138.833 Y119.2 E2458.75787
G1 X138.834 Y119.2
G1 X134.612 Y119.2 E2458.8983
G1 X134.466 Y119.749 E2458.91719
G0 F9000 X134.612 Y119.2
G1 F3000 X134.8 Y118.503 E2458.9412
G0 F9000 X134.23 Y119.283
G0 X134.001 Y119.283
G1 F3000 X160 Y112.316 E2459.83644
G0 F9000 X160.639 Y112.145
G1 F3000 X160 Y112.316 E2459.85844
G1 X160 Y114.909 E2459.94469
G1 X160.289 Y115.2 E2459.95833
G0 F9000 X160 Y114.909
G1 F3000 X142.698 Y97.608 E2460.77214
G0 F9000 X142.697 Y97.828
G0 X140.397 Y97.828
G0 X140.398 Y97.608
G1 F3000 X134.8 Y118.503 E2461.49162
G1 X134.8 Y115.167 E2461.60257
G1 X134 Y114.366 E2461.64022
G0 F9000 X134.23 Y114.366
G0 X134.8 Y115.165
G0 X135.6 Y112.643
G1 F3000 X136 Y112.536 E2461.654
G1 X136 Y107.882 E2461.80879
G1 X135.6 Y107.482 E2461.8276
G0 F9000 X136 Y107.882
G1 F3000 X136.4 Y108.282 E2461.84642
G1 X136.4 Y112.428 E2461.98432
G1 X136 Y112.536 E2461.9981
G0 F9000 X136.4 Y112.428
G1 F3000 X158.316 Y106.555 E2462.75274
G0 F9000 X159.419 Y107.004
G0 X159.361 Y107.119
G1 F3000 X160.52 Y107.295 E2462.79173
G0 F9000 X160.641 Y107.066
G1 F3000 X160.454 Y106.88 E2462.80051
G1 X158.316 Y106.555 E2462.87243
G1 X160 Y106.105 E2462.93041
G0 F9000 X159.6 Y106.024
G1 F3000 X160.454 Y106.88 E2462.97063
G0 F9000 X160.639 Y105.933
G1 F3000 X160 Y106.105 E2462.99264
G1 X160 Y99.892 E2463.19928
G1 X159.6 Y99.999 E2463.21305
G0 F9000 X160 Y99.892
G1 F3000 X160.639 Y99.721 E2463.23505
G0 F9000 X160 Y99.892
G1 F3000 X160 Y97.941 E2463.29994
G1 X159.498 Y97.438 E2463.32358
G0 F9000 X159.033 Y97.609
G1 F3000 X153.249 Y119.2 E2464.06702
G1 X155.803 Y119.2 E2464.15197
G1 X134.8 Y98.196 E2465.13991
G0 F9000 X134 Y98.302
G1 F3000 X134.521 Y96.359 E2465.20682
G0 F9000 X134.403 Y96.8
G1 F3000 X135.02 Y96.8 E2465.22734
G0 F9000 X135.021 Y97.2
G1 F3000 X134.296 Y97.2 E2465.25145
G0 F9000 X134 Y97.395
G1 F3000 X134.8 Y98.196 E2465.2891
G1 X134.8 Y100.434 E2465.36354
G1 X134.001 Y100.647 E2465.39104
G0 F9000 X134.121 Y100.963
G1 F3000 X139.053 Y102.449 E2465.56237
G0 F9000 X138.995 Y102.849
G1 F3000 X134.121 Y101.381 E2465.73167
G0 F9000 X134.121 Y101.799
G1 F3000 X135.241 Y102.136 E2465.77057
G0 F9000 X135.212 Y102.032
G0 X134.8 Y100.434
G1 F3000 X145.343 Y97.608 E2466.13361
G0 F9000 X145.342 Y97.828
G0 X146.609 Y97.828
G0 X146.61 Y97.608
G1 F3000 X140.824 Y119.2 E2466.8771
G1 X147.034 Y119.2 E2467.08365
G1 X146.889 Y119.748 E2467.1025
G0 F9000 X147.034 Y119.2
G1 F3000 X152.821 Y97.608 E2467.846
G0 F9000 X152.82 Y97.828
G0 X151.183 Y97.828
G0 X151.184 Y97.609
G1 F3000 X158.8 Y105.224 E2468.20421
G1 X158.8 Y100.213 E2468.37087
G1 X134 Y106.859 E2469.22483
G0 F9000 X134.23 Y106.859
G0 X136.4 Y108.282
G1 F3000 X147.32 Y119.2 E2469.73843
G0 F9000 X147.867 Y119.748
G1 F3000 X147.32 Y119.2 E2469.76418
G1 X153.247 Y119.2 E2469.96131
G1 X153.101 Y119.749 E2469.98021
G0 F9000 X153.247 Y119.2
G0 X155.447 Y119.519
G0 X155.447 Y119.748
G1 F3000 X156.62 Y119.435 E2470.02059
G0 F9000 X156.352 Y119.748
G1 F3000 X156.047 Y119.442 E2470.03496
G0 F9000 X155.803 Y119.2
G1 F3000 X156.047 Y119.442 E2470.04639
G1 X160.289 Y115.2 E2470.24592
G1 X160.641 Y115.551 E2470.26245
G0 F9000 X160.412 Y115.642
G1 F3000 X159.377 Y119.506 E2470.3955
G0 F9000 X159.2 Y119.628
G1 F3000 X159.2 Y118.741 E2470.425
G0 F9000 X159.312 Y119.519
G0 X159.312 Y119.748
G1 F3000 X159.377 Y119.506 E2470.43333
G1 X160.485 Y118.398 E2470.48545
G1 X156.62 Y119.435 E2470.61855
G1 X160.412 Y115.642 E2470.79694
G1 X160.639 Y114.795 E2470.8261
G0 F9000 X160.41 Y114.795
G0 X160.41 Y111.745
G0 X160.52 Y111.745
G1 F3000 X156.177 Y111.086 E2470.9722
G0 F9000 X155.699 Y110.609
G1 F3000 X160.52 Y111.34 E2471.13438
G0 F9000 X160.52 Y110.936
G1 F3000 X159.301 Y110.751 E2471.17539
G0 F9000 X159.312 Y110.883
G0 X158.768 Y110.883
G0 X157.744 Y110.61
G0 X157.81 Y110.524
G1 F3000 X155.659 Y110.198 E2471.24775
G0 F9000 X155.764 Y109.809
G1 F3000 X157.302 Y110.043 E2471.29949
G0 F9000 X157.028 Y109.597
G1 F3000 X155.868 Y109.421 E2471.33852
G0 F9000 X155.972 Y109.032
G1 F3000 X156.952 Y109.181 E2471.37149
G0 F9000 X157.007 Y108.38
G1 F3000 X156.181 Y108.254 E2471.39928
G0 F9000 X159.2 Y105.624
G1 F3000 X159.6 Y106.024 E2471.41809
G1 X159.6 Y99.999 E2471.61848
G1 X159.2 Y100.106 E2471.63226
G1 X159.2 Y105.624 E2471.81579
G1 X158.8 Y105.224 E2471.8346
G0 F9000 X158.8 Y100.213
G1 F3000 X159.2 Y100.106 E2471.84837
G0 F9000 X160.41 Y98.581
G0 X160.641 Y98.581
G1 F3000 X160 Y97.941 E2471.8785
G1 X160 Y97.939
G1 X160 Y96.48 E2471.92703
G0 F9000 X159.999 Y96.58
G0 X160.548 Y96.507
G0 X160.548 Y93.85
G0 X160 Y93.778
G0 X160 Y93.999
G1 F3000 X160.239 Y93.107 E2471.95774
G0 F9000 X160.64 Y93.51
G1 F3000 X159.5 Y93.815 E2471.99699
G0 F9000 X159.721 Y93.778
G0 X160.548 Y93.85
G0 X160.548 Y96.507
G0 X159.9 Y98.011
G0 X138.891 Y103.235
G1 F3000 X137.294 Y102.754 E2472.05246
G0 F9000 X137.577 Y103.257
G1 F3000 X138.787 Y103.622 E2472.0945
G0 F9000 X138.683 Y104.008
G1 F3000 X137.697 Y103.711 E2472.12875
G0 F9000 X137.608 Y104.52
G1 F3000 X138.477 Y104.782 E2472.15894
G0 F9000 X140.823 Y119.2
G0 X140.677 Y119.748
G1 F3000 X140.823 Y119.2 E2472.1778
G1 X138.834 Y119.2 E2472.24396
G1 X139.381 Y119.748 E2472.26971
G0 F9000 X139.381 Y119.519
G0 X160.41 Y118.398
G0 X160.485 Y118.398
G1 F3000 X160.64 Y118.356 E2472.27505
G1 F2700 E2467.27505
G0 F9000 X160.41 Y118.356
G0 X134.993 Y97.756
G0 X135.18 Y97.568
;TYPE:SKIN
G1 F2700 E2472.27505
G1 F1500 X135.18 Y96.516 E2472.31004
G1 X135.128 Y96.38 E2472.31488
G1 X135.035 Y96.316 E2472.31864
G1 X134.28 Y96.319 E2472.34375
G1 X134.28 Y94.036 E2472.41968
G1 X135.032 Y94.036 E2472.44469
G1 X135.124 Y93.971 E2472.44844
G1 X135.176 Y93.836 E2472.45325
G1 X135.176 Y93.388 E2472.46815
G1 X159.46 Y93.388 E2473.27584
G1 X159.46 Y93.836 E2473.29074
G1 X159.512 Y93.971 E2473.29555
G1 X159.604 Y94.036 E2473.2993
G1 X160.36 Y94.036 E2473.32444
G1 X160.36 Y96.316 E2473.40028
G1 X159.595 Y96.32 E2473.42572
G1 X159.456 Y96.447 E2473.43198
G1 X159.456 Y97.568 E2473.46927
G1 X135.18 Y97.568 E2474.27669
G0 F9000 X135.835 Y97.368
G1 F1500 X135.38 Y96.913 E2474.29809
G0 F9000 X134.92 Y96.913
G0 X134.993 Y97.756
G0 X136.399 Y97.828
G0 X136.4 Y97.368
G1 F1500 X134.48 Y95.447 E2474.38843
G0 F9000 X134.48 Y94.882
G1 F1500 X136.966 Y97.368 E2474.50536
G0 F9000 X137.532 Y97.368
G1 F1500 X134.48 Y94.316 E2474.64892
G0 F9000 X134.965 Y94.236
G1 F1500 X138.097 Y97.368 E2474.79624
G0 F9000 X138.663 Y97.368
G1 F1500 X135.308 Y94.013 E2474.95405
G0 F9000 X135.449 Y93.588
G1 F1500 X139.229 Y97.368 E2475.13185
G0 F9000 X139.794 Y97.368
G1 F1500 X136.015 Y93.588 E2475.30962
G0 F9000 X136.581 Y93.588
G1 F1500 X140.36 Y97.368 E2475.4874
G0 F9000 X140.926 Y97.368
G1 F1500 X137.146 Y93.588 E2475.6652
G0 F9000 X137.712 Y93.588
G1 F1500 X141.491 Y97.368 E2475.84297
G0 F9000 X142.057 Y97.368
G1 F1500 X138.278 Y93.588 E2476.02075
G0 F9000 X138.843 Y93.588
G1 F1500 X142.623 Y97.368 E2476.19855
G0 F9000 X143.188 Y97.368
G1 F1500 X139.409 Y93.588 E2476.37633
G0 F9000 X139.975 Y93.588
G1 F1500 X143.754 Y97.368 E2476.5541
G0 F9000 X144.32 Y97.368
G1 F1500 X140.54 Y93.588 E2476.7319
G0 F9000 X141.106 Y93.588
G1 F1500 X144.885 Y97.368 E2476.90968
G0 F9000 X145.451 Y97.368
G1 F1500 X141.672 Y93.588 E2477.08745
G0 F9000 X142.237 Y93.588
G1 F1500 X146.017 Y97.368 E2477.26525
G0 F9000 X146.583 Y97.368
G1 F1500 X142.803 Y93.588 E2477.44305
G0 F9000 X143.369 Y93.588
G1 F1500 X147.148 Y97.368 E2477.62083
G0 F9000 X147.714 Y97.368
G1 F1500 X143.934 Y93.588 E2477.79863
G0 F9000 X144.5 Y93.588
G1 F1500 X148.28 Y97.368 E2477.97643
G0 F9000 X148.845 Y97.368
G1 F1500 X145.066 Y93.588 E2478.1542
G0 F9000 X145.631 Y93.588
G1 F1500 X149.411 Y97.368 E2478.332
G0 F9000 X149.977 Y97.368
G1 F1500 X146.197 Y93.588 E2478.5098
G0 F9000 X146.763 Y93.588
G1 F1500 X150.542 Y97.368 E2478.68758
G0 F9000 X151.108 Y97.368
G1 F1500 X147.329 Y93.588 E2478.86536
G0 F9000 X147.894 Y93.588
G1 F1500 X151.674 Y97.368 E2479.04316
G0 F9000 X152.239 Y97.368
G1 F1500 X148.46 Y93.588 E2479.22093
G0 F9000 X149.026 Y93.588
G1 F1500 X152.805 Y97.368 E2479.39871
G0 F9000 X153.371 Y97.368
G1 F1500 X149.591 Y93.588 E2479.57651
G0 F9000 X150.157 Y93.588
G1 F1500 X153.936 Y97.368 E2479.75428
G0 F9000 X154.502 Y97.368
G1 F1500 X150.723 Y93.588 E2479.93206
G0 F9000 X151.288 Y93.588
G1 F1500 X155.068 Y97.368 E2480.10986
G0 F9000 X155.633 Y97.368
G1 F1500 X151.854 Y93.588 E2480.28764
G0 F9000 X152.42 Y93.588
G1 F1500 X156.199 Y97.368 E2480.46541
G0 F9000 X156.765 Y97.368
G1 F1500 X152.985 Y93.588 E2480.64321
G0 F9000 X153.551 Y93.588
G1 F1500 X157.331 Y97.368 E2480.82101
G0 F9000 X157.896 Y97.368
G1 F1500 X154.117 Y93.588 E2480.99879
G0 F9000 X154.682 Y93.588
G1 F1500 X158.462 Y97.368 E2481.17659
G0 F9000 X159.028 Y97.368
G1 F1500 X155.248 Y93.588 E2481.35439
G0 F9000 X155.814 Y93.588
G1 F1500 X159.256 Y97.031 E2481.51631
G0 F9000 X159.267 Y96.476
G1 F1500 X156.379 Y93.588 E2481.65215
G0 F9000 X156.945 Y93.588
G1 F1500 X159.52 Y96.164 E2481.7733
G0 F9000 X160.04 Y96.118
G1 F1500 X157.511 Y93.588 E2481.89228
G0 F9000 X158.077 Y93.588
G1 F1500 X160.16 Y95.672 E2481.99028
G0 F9000 X160.16 Y95.106
G1 F1500 X158.642 Y93.588 E2482.06168
G0 F9000 X158.642 Y93.128
G0 X159.648 Y93.2
G0 X159.856 Y93.778
G0 X159.856 Y94.236
G1 F1500 X160.16 Y94.54 E2482.07598
G1 F2700 E2477.07598
G0 F9000 X160.16 Y93.778
G0 X159.648 Y93.2
G0 X134.991 Y93.2
G0 X134.092 Y93.851
G0 X134.092 Y96.508
G0 X134.584 Y96.58
G0 X134.584 Y96.117
G1 F2700 E2482.07598
G1 F1500 X134.48 Y96.013 E2482.08087
G0 F9000 X134.53 Y96.88
G1 F2700 E2477.08087
;MESH:Supporto.stl
G0 F9000 X133.744 Y120.005
G0 X132.655 Y120.005
G0 X129.166 Y123.118
G0 X128.88 Y140.08
;TYPE:WALL-INNER
G1 F2700 E2482.08087
G1 F966.2 X128.875 Y140.607 E2482.10809
G0 F9000 X128.762 Y141.257
G0 X128.366 Y141.738
G0 X115.853 Y150.873
G0 X115.853 Y151.18
G1 F1500 X128.988 Y151.18 E2482.54496
G1 X128.988 Y141.157 E2482.87832
G1 F1315.8 X128.888 Y140.586 E2482.9003
G1 X128.466 Y141.267 E2482.93068
G1 F1500 X128.117 Y141.647 E2482.94784
G1 X127.663 Y141.876 E2482.96475
G1 X127.446 Y141.938 E2482.97226
G1 X127.042 Y141.974 E2482.98575
G1 X126.823 Y141.953 E2482.99307
G1 X126.323 Y141.811 E2483.01035
G1 X125.829 Y141.43 E2483.0311
G1 X125.492 Y140.887 E2483.05236
G1 X125.379 Y140.286 E2483.0727
G1 X125.49 Y139.681 E2483.09316
G1 X125.826 Y139.131 E2483.11459
G1 X126.333 Y138.75 E2483.13569
G1 X126.823 Y138.611 E2483.15263
G1 X127.042 Y138.59 E2483.15995
G1 X127.557 Y138.636 E2483.17714
G1 X128.014 Y138.862 E2483.1941
G1 X128.193 Y138.996 E2483.20154
G1 F1321.6 X128.52 Y139.357 E2483.21992
G1 F1067.6 X128.88 Y140.08 E2483.25767
G1 F1105 X128.953 Y139.811 E2483.27025
G1 F1379.3 X128.988 Y139.407 E2483.28492
G1 F1500 X128.988 Y124.38 E2483.78472
G1 X102.188 Y124.38 E2484.67609
G1 X102.189 Y134.744 E2485.0208
G1 F1183.4 X102.294 Y135.147 E2485.03836
G1 X102.474 Y134.771 E2485.05593
G1 F1500 X102.555 Y134.564 E2485.06332
G1 X102.829 Y134.129 E2485.08042
G1 X103.32 Y133.755 E2485.10095
G1 X103.823 Y133.61 E2485.11836
G1 X104.042 Y133.59 E2485.12568
G1 X104.56 Y133.636 E2485.14297
G1 X105.131 Y133.926 E2485.16427
G1 X105.542 Y134.389 E2485.18486
G1 X105.769 Y134.962 E2485.20536
G1 X105.772 Y135.588 E2485.22618
G1 X105.543 Y136.18 E2485.2473
G1 X105.128 Y136.635 E2485.26778
G1 X104.563 Y136.928 E2485.28895
G1 X104.042 Y136.974 E2485.30634
G1 X103.823 Y136.954 E2485.31366
G1 X103.431 Y136.842 E2485.32722
G1 X103.232 Y136.742 E2485.33463
G1 X102.825 Y136.432 E2485.35164
G1 X102.554 Y135.993 E2485.3688
G1 X102.474 Y135.789 E2485.37609
G1 F1188.1 X102.293 Y135.401 E2485.39407
G1 X102.189 Y135.816 E2485.41203
G1 F1500 X102.188 Y151.18 E2485.92304
G1 X115.853 Y151.18 E2486.37754
G0 F9000 X115.853 Y150.873
G0 X102.64 Y136.605
G0 X102.427 Y136.24
G0 X102.293 Y135.401
G1 F980.4 X102.294 Y135.147 E2486.39047
G1 F2700 E2481.39047
G0 F9000 X102.427 Y134.326
G0 X102.64 Y133.961
G0 X103.216 Y133.525
G0 X103.91 Y133.329
G0 X104.627 Y133.394
G0 X105.273 Y133.716
G0 X105.761 Y134.249
G0 X106.021 Y134.923
G0 X106.021 Y135.643
G0 X105.761 Y136.317
G0 X105.273 Y136.85
G0 X104.692 Y137.14
G0 X103.775 Y137.262
G0 X103.969 Y136.579
;TYPE:WALL-OUTER
G1 F2700 E2486.39047
G1 F1500 X103.503 Y136.446 E2486.40658
G1 X103.128 Y136.16 E2486.42227
G1 X102.874 Y135.75 E2486.43831
G1 X102.783 Y135.281 E2486.4542
G1 X102.874 Y134.808 E2486.47022
G1 X103.129 Y134.403 E2486.48614
G1 X103.503 Y134.118 E2486.50178
G1 X103.97 Y133.984 E2486.51794
G1 X104.451 Y134.032 E2486.53402
G1 X104.86 Y134.233 E2486.54917
G1 X105.189 Y134.589 E2486.5653
G1 X105.369 Y135.043 E2486.58154
G1 X105.37 Y135.518 E2486.59734
G1 X105.198 Y135.961 E2486.61314
G1 X104.877 Y136.314 E2486.62901
G1 X104.449 Y136.537 E2486.64507
G1 X103.969 Y136.579 E2486.66109
G1 F2700 E2481.66109
G0 F9000 X103.775 Y137.262
G0 X115.861 Y150.873
G0 X115.861 Y151.58
G1 F2700 E2486.66109
G1 F1500 X129.388 Y151.58 E2487.111
G1 X129.388 Y123.98 E2488.02898
G1 X101.788 Y123.98 E2488.94696
G1 X101.788 Y151.58 E2489.86494
G1 X115.861 Y151.58 E2490.33301
G1 F2700 E2485.33301
G0 F9000 X115.861 Y150.873
G0 X126.775 Y142.262
G0 X126.968 Y141.579
G1 F2700 E2490.33301
G1 F1500 X126.503 Y141.442 E2490.34913
G1 X126.123 Y141.149 E2490.36509
G1 X125.876 Y140.747 E2490.38079
G1 X125.785 Y140.281 E2490.39658
G1 X125.876 Y139.813 E2490.41244
G1 X126.129 Y139.407 E2490.42835
G1 X126.507 Y139.117 E2490.44419
G1 X126.969 Y138.985 E2490.46017
G1 X127.447 Y139.027 E2490.47613
G1 X127.872 Y139.237 E2490.4919
G1 X128.199 Y139.598 E2490.5081
G1 X128.372 Y140.04 E2490.52389
G1 X128.37 Y140.519 E2490.53982
G1 X128.198 Y140.967 E2490.55578
G1 X127.872 Y141.323 E2490.57183
G1 X127.448 Y141.537 E2490.58763
G1 X126.968 Y141.579 E2490.60366
G0 F9000 X126.454 Y142.056
;TYPE:FILL
G1 F3000 X128.788 Y143.421 E2490.69359
G1 X128.907 Y143.5
G1 X128.4 Y143.635 E2490.71104
G1 X128.4 Y146.392 E2490.80274
G1 X107.208 Y125.2 E2491.79954
G1 X109.675 Y125.2 E2491.8816
G1 X108.818 Y128.4 E2491.99178
G0 F9000 X108.604 Y129.2
G1 F3000 X108.818 Y128.4 E2492.01932
G1 X102.607 Y128.4 E2492.2259
G1 X103.663 Y124.46 E2492.36157
G0 F9000 X102.8 Y124.58
G1 F3000 X102.8 Y125.65 E2492.39716
G0 F9000 X102.388 Y126
G1 F3000 X103.25 Y126 E2492.42583
G0 F9000 X102.5 Y125.791
G0 X102.269 Y125.791
G1 F3000 X104.477 Y125.2 E2492.50185
G1 X107.206 Y125.2 E2492.59262
G1 X106.467 Y124.46 E2492.6274
G0 F9000 X107.238 Y124.46
G1 F3000 X104.477 Y125.2 E2492.72248
G0 F9000 X107.206 Y125.2
G0 X109.675 Y125.2
G0 X109.874 Y124.459
G1 F3000 X109.676 Y125.2 E2492.74799
G1 X115.691 Y125.2 E2492.94805
G1 X114.952 Y124.46 E2492.98283
G0 F9000 X114.952 Y124.693
G0 X115.691 Y125.2
G1 F3000 X126.4 Y135.906 E2493.48648
G1 X126.4 Y132.333 E2493.60532
G1 X128.509 Y124.46 E2493.87641
G0 F9000 X128.4 Y125
G1 F3000 X127.658 Y125.2 E2493.90197
G0 F9000 X128.68 Y124.865
G0 X128.908 Y124.865
G1 F3000 X128.4 Y125 E2493.91945
G1 X128.4 Y129.421 E2494.06649
G1 X124.179 Y125.2 E2494.26504
G1 X124.177 Y125.2
G1 X127.658 Y125.2 E2494.38081
G1 X102.8 Y131.861 E2495.23676
G0 F9000 X102.387 Y132.157
G1 F3000 X107.339 Y133.927 E2495.41167
G0 F9000 X107.235 Y134.314
G1 F3000 X102.387 Y132.582 E2495.5829
G0 F9000 X102.268 Y132.003
G1 F3000 X102.8 Y131.861 E2495.60121
G1 X102.8 Y129.28 E2495.68706
G1 X102.722 Y129.2 E2495.69077
G1 X108.604 Y129.2 E2495.88641
G1 X102.736 Y151.1 E2496.6405
G0 F9000 X102.8 Y150.497
G1 F3000 X103.158 Y150.4 E2496.65284
G1 X106.95 Y150.4 E2496.77896
G1 X107.651 Y151.1 E2496.81191
G0 F9000 X107.651 Y150.873
G0 X108.948 Y150.873
G0 X108.948 Y151.1
G1 F3000 X109.136 Y150.4 E2496.83602
G1 X115.345 Y150.4 E2497.04253
G1 X122.099 Y125.2 E2497.91026
G1 X115.888 Y125.2 E2498.11684
G1 X116.086 Y124.459 E2498.14235
G0 F9000 X115.888 Y125.2
G1 F3000 X109.135 Y150.4 E2499.01008
G1 X106.952 Y150.4 E2499.08269
G1 X102.8 Y146.248 E2499.27799
G1 X102.8 Y144.284 E2499.34331
G1 X128.4 Y137.425 E2500.2248
G0 F9000 X128 Y137.506
G1 F3000 X128.908 Y138.415 E2500.26753
G1 X128.788 Y138.324
G1 X127.611 Y137.636 E2500.31288
G0 F9000 X127.6 Y137.106
G1 F3000 X128 Y137.506 E2500.33169
G1 X128 Y131.32 E2500.53744
G1 X127.6 Y131.427 E2500.55121
G1 X127.6 Y137.106 E2500.7401
G1 X127.2 Y136.706 E2500.75891
G0 F9000 X126.4 Y135.906
G1 F3000 X127.2 Y136.706 E2500.79654
G1 X127.2 Y131.534 E2500.96856
G1 X102.269 Y138.214 E2501.82702
G0 F9000 X102.389 Y138.8
G1 F3000 X103.836 Y138.8 E2501.87515
G0 F9000 X104.236 Y139.2
G1 F3000 X102.389 Y139.2 E2501.93658
G0 F9000 X102.389 Y139.6
G1 F3000 X104.636 Y139.6 E2502.01131
G0 F9000 X105.036 Y140
G1 F3000 X102.389 Y140 E2502.09935
G0 F9000 X102.389 Y140.4
G1 F3000 X105.436 Y140.4 E2502.2007
G0 F9000 X105.496 Y140.8
G1 F3000 X102.389 Y140.8 E2502.30404
G0 F9000 X102.389 Y141.6
G1 F3000 X105.281 Y141.6 E2502.40022
G0 F9000 X105.174 Y142
G1 F3000 X102.389 Y142 E2502.49285
G0 F9000 X102.389 Y142.4
G1 F3000 X105.066 Y142.4 E2502.58189
G0 F9000 X104.852 Y143.2
G1 F3000 X102.389 Y143.2 E2502.66381
G0 F9000 X102.389 Y143.6
G1 F3000 X104.744 Y143.6 E2502.74214
G0 F9000 X102.8 Y144.284
G1 F3000 X102.269 Y144.426 E2502.76042
G0 F9000 X102.5 Y144.426
G0 X102.5 Y145.717
G0 X102.268 Y145.717
G1 F3000 X102.8 Y146.25 E2502.78547
G1 X102.8 Y150.497 E2502.92672
G1 X102.269 Y150.638 E2502.945
G0 F9000 X103.158 Y150.4
G1 F3000 X124.4 Y144.707 E2503.67644
G1 X124.4 Y150.878 E2503.88169
G1 X123.92 Y150.4 E2503.90422
G1 X121.559 Y150.4 E2503.98275
G1 X121.371 Y151.101 E2504.00689
G0 F9000 X121.558 Y150.4
G1 F3000 X123.939 Y141.512 E2504.31293
G1 X127.829 Y143.787 E2504.46281
G1 X125.2 Y144.492 E2504.55334
G0 F9000 X124.4 Y144.707
G1 F3000 X125.2 Y144.492 E2504.58089
G1 X125.2 Y150.706 E2504.78757
G1 X128.908 Y149.712 E2504.91525
G1 X128.788 Y149.6
G1 X127.985 Y149.6 E2504.94196
G0 F9000 X128.4 Y149.847
G1 F3000 X128.4 Y150.98 E2504.97965
G0 F9000 X127.583 Y151.1
G1 F3000 X128.4 Y148.051 E2505.08463
G1 X128.4 Y146.394 E2505.13975
G1 X128.908 Y146.901 E2505.16362
G0 F9000 X128.908 Y146.155
G1 F3000 X128.4 Y148.051 E2505.2289
G0 F9000 X127.2 Y150.169
G1 F3000 X127.2 Y150.98 E2505.25588
G0 F9000 X127.2 Y150.873
G0 X125.2 Y150.706
G1 F3000 X123.726 Y151.1 E2505.30662
G0 F9000 X124.4 Y150.878
G1 F3000 X124.621 Y151.1 E2505.31704
G0 F9000 X123.92 Y150.4
G1 F3000 X102.8 Y129.28 E2506.31046
G1 X102.722 Y129.2
G1 X102.267 Y128.746 E2506.33184
G0 F9000 X102.607 Y128.4
G1 F3000 X102.268 Y129.666 E2506.37543
G0 F9000 X102.5 Y129.666
G0 X105.691 Y134.084
G0 X105.61 Y134.158
G1 F3000 X107.13 Y134.702 E2506.42913
G0 F9000 X107.027 Y135.089
G1 F3000 X105.871 Y134.676 E2506.46996
G0 F9000 X105.967 Y135.56
G1 F3000 X106.819 Y135.865 E2506.50005
G0 F9000 X103.872 Y137.785
G1 F3000 X102.389 Y137.255 E2506.55243
G1 X102.269 Y137.232
G1 X115.437 Y150.4 E2507.17182
G1 X115.345 Y150.4
G1 X115.159 Y151.1 E2507.19591
G0 F9000 X116.136 Y151.1
G1 F3000 X115.437 Y150.4 E2507.22881
G1 X121.558 Y150.4 E2507.43239
G0 F9000 X127.829 Y143.787
G1 F3000 X128.373 Y143.642 E2507.45112
G1 X124.047 Y141.112 E2507.6178
G1 X123.939 Y141.512 E2507.63158
G0 F9000 X124.047 Y141.112
G1 F3000 X126.4 Y132.333 E2507.93388
G0 F9000 X127.2 Y131.534
G1 F3000 X127.6 Y131.427 E2507.94765
G0 F9000 X128 Y131.32
G1 F3000 X128.4 Y131.213 E2507.96142
G1 X128.4 Y137.425 E2508.16804
G1 X128.908 Y137.288 E2508.18554
G0 F9000 X128.68 Y137.288
G0 X126.085 Y138.548
G0 X126.15 Y138.635
G1 F3000 X125.437 Y138.218 E2508.21301
G0 F9000 X124.69 Y138.708
G1 F3000 X125.544 Y139.207 E2508.24591
G0 F9000 X125.451 Y139.149
G0 X125.343 Y139.39
G0 X125.089 Y140.413
G0 X125.194 Y140.394
G1 F3000 X124.368 Y139.91 E2508.27775
G0 F9000 X124.26 Y140.31
G1 F3000 X125.298 Y140.917 E2508.31774
G0 F9000 X125.885 Y141.724
G1 F3000 X124.153 Y140.711 E2508.38448
G0 F9000 X126.216 Y142.041
G0 X126.778 Y142.199
G0 X127.406 Y142.253
G0 X127.397 Y142.144
G1 F3000 X128.788 Y142.958 E2508.43808
G0 F9000 X128.4 Y143.635
G1 F3000 X128.373 Y143.642 E2508.43901
G0 F9000 X125.64 Y141.605
G0 X125.26 Y140.992
G0 X125.126 Y140.283
G0 X125.235 Y139.709
G0 X128.4 Y131.213
G0 X128.908 Y131.077
G1 F3000 X128.4 Y131.213 E2508.4565
G1 X128.4 Y129.423 E2508.51604
G1 X128.908 Y129.93 E2508.53991
G0 F9000 X128.68 Y129.93
G0 X123.438 Y124.693
G0 X123.438 Y124.46
G1 F3000 X124.177 Y125.2 E2508.57469
G1 X122.1 Y125.2 E2508.64377
G1 X122.298 Y124.459 E2508.66928
G0 F9000 X122.1 Y125.2
G0 X109.136 Y150.4
G0 X102.8 Y146.25
G1 F2700 E2503.66928
;MESH:NONMESH
G0 F300 X102.8 Y146.25 Z4.4
G0 F9000 X102.014 Y124.207
G0 X100.925 Y124.207
G0 X97.075 Y121.431
G0 X70.202 Y104.131
;TIME_ELAPSED:3368.680800
;LAYER:21
;TYPE:WALL-INNER
;MESH:Supporto.stl(1)
G1 F2700 E2508.66928
G1 F980.4 X70.201 Y104.385 E2508.68221
G1 F2700 E2503.68221
G0 F9000 X70.268 Y119.992
G0 X87.051 Y120.164
G1 F2700 E2508.68221
G1 F1500 X96.896 Y120.164 E2509.00965
G1 X96.896 Y110.141 E2509.34302
G1 F1315.8 X96.796 Y109.57 E2509.365
G1 X96.374 Y110.25 E2509.39535
G1 F1500 X96.029 Y110.627 E2509.41234
G1 X95.471 Y110.906 E2509.43309
G1 X94.956 Y110.957 E2509.45031
G1 X94.729 Y110.937 E2509.45788
G1 X94.232 Y110.794 E2509.47509
G1 X93.732 Y110.408 E2509.49609
G1 X93.4 Y109.872 E2509.51706
G1 X93.287 Y109.27 E2509.53744
G1 X93.398 Y108.665 E2509.5579
G1 X93.731 Y108.118 E2509.57919
G1 X94.242 Y107.732 E2509.60049
G1 X94.729 Y107.591 E2509.61736
G1 X94.956 Y107.571 E2509.62494
G1 X95.471 Y107.622 E2509.64215
G1 X95.929 Y107.851 E2509.65918
G1 X96.103 Y107.982 E2509.66643
G1 F1321.6 X96.426 Y108.334 E2509.68446
G1 F1067.6 X96.788 Y109.064 E2509.72254
G1 F1102.9 X96.861 Y108.798 E2509.73501
G1 F1376.1 X96.896 Y108.39 E2509.74986
G1 F1500 X96.896 Y93.364 E2510.24963
G1 X70.096 Y93.364 E2511.141
G1 X70.097 Y103.728 E2511.48571
G1 F1183.4 X70.202 Y104.131 E2511.50326
G1 X70.382 Y103.755 E2511.52084
G1 F1500 X70.46 Y103.553 E2511.52804
G1 X70.672 Y103.209 E2511.54148
G1 X70.823 Y103.044 E2511.54892
G1 X71.235 Y102.734 E2511.56607
G1 X71.729 Y102.591 E2511.58317
G1 X71.956 Y102.57 E2511.59075
G1 X72.471 Y102.621 E2511.60797
G1 X73.027 Y102.906 E2511.62875
G1 X73.457 Y103.375 E2511.64991
G1 X73.678 Y103.953 E2511.67049
G1 X73.68 Y104.573 E2511.69111
G1 X73.45 Y105.166 E2511.71227
G1 X73.014 Y105.635 E2511.73357
G1 X72.468 Y105.907 E2511.75386
G1 X71.956 Y105.958 E2511.77097
G1 X71.729 Y105.937 E2511.77855
G1 X71.235 Y105.794 E2511.79566
G1 X70.823 Y105.484 E2511.8128
G1 X70.672 Y105.319 E2511.82024
G1 X70.46 Y104.975 E2511.83368
G1 X70.382 Y104.773 E2511.84089
G1 F1188.1 X70.201 Y104.385 E2511.85886
G1 X70.097 Y104.8 E2511.87683
G1 F1500 X70.096 Y120.164 E2512.38784
G1 X87.051 Y120.164 E2512.95176
G0 F9000 X96.724 Y119.992
G0 X96.783 Y109.591
G1 F966.2 X96.788 Y109.064 E2512.97898
G1 F2700 E2507.97898
G0 F9000 X96.323 Y110.085
G0 X96.011 Y110.428
G0 X95.495 Y110.796
G0 X95.357 Y110.515
;TYPE:WALL-OUTER
G1 F2700 E2512.97898
G1 F1500 X94.874 Y110.563 E2512.99512
G1 X94.415 Y110.426 E2513.01105
G1 X94.043 Y110.147 E2513.02652
G1 X93.784 Y109.731 E2513.04282
G1 X93.693 Y109.265 E2513.05861
G1 X93.784 Y108.797 E2513.07447
G1 X94.045 Y108.379 E2513.09086
G1 X94.42 Y108.096 E2513.10648
G1 X94.875 Y107.965 E2513.12223
G1 X95.357 Y108.013 E2513.13834
G1 X95.784 Y108.226 E2513.15421
G1 X96.105 Y108.575 E2513.16998
G1 X96.28 Y109.025 E2513.18604
G1 X96.278 Y109.503 E2513.20194
G1 X96.106 Y109.952 E2513.21793
G1 X95.784 Y110.302 E2513.23375
G1 X95.357 Y110.515 E2513.24962
G1 F2700 E2508.24962
G0 F9000 X95.495 Y110.796
G0 X96.707 Y110.07
G0 X96.724 Y119.992
G0 X87.158 Y120.256
G0 X87.158 Y120.564
G1 F2700 E2513.24962
G1 F1500 X97.296 Y120.564 E2513.58681
G1 X97.296 Y92.964 E2514.50479
G1 X69.696 Y92.964 E2515.42277
G1 X69.696 Y120.564 E2516.34075
G1 X87.158 Y120.564 E2516.92154
G1 F2700 E2511.92154
G0 F9000 X87.158 Y120.256
G0 X70.268 Y119.992
G0 X70.287 Y105.051
G0 X71.654 Y105.914
G0 X72.494 Y105.796
G0 X72.356 Y105.516
G1 F2700 E2516.92154
G1 F1500 X71.878 Y105.564 E2516.93752
G1 X71.418 Y105.431 E2516.95345
G1 X71.033 Y105.141 E2516.96948
G1 X70.782 Y104.734 E2516.98538
G1 X70.691 Y104.265 E2517.00127
G1 X70.782 Y103.794 E2517.01723
G1 X71.033 Y103.387 E2517.03313
G1 X71.418 Y103.097 E2517.04916
G1 X71.877 Y102.964 E2517.06506
G1 X72.355 Y103.011 E2517.08103
G1 X72.772 Y103.221 E2517.09656
G1 X73.102 Y103.571 E2517.11256
G1 X73.28 Y104.044 E2517.12937
G1 X73.278 Y104.502 E2517.1446
G1 X73.106 Y104.945 E2517.16041
G1 X72.789 Y105.294 E2517.17609
G1 X72.356 Y105.516 E2517.19227
G1 F2700 E2512.19227
G0 F9000 X72.494 Y105.796
G0 X71.047 Y105.853
G0 X70.287 Y105.051
G0 X70.268 Y119.992
G0 X86.956 Y120.064
G0 X86.956 Y119.804
;TYPE:SKIN
G1 F2700 E2517.19227
G1 F1500 X70.456 Y119.804 E2517.74107
G1 X70.457 Y105.613 E2518.21306
G1 X70.606 Y105.772 E2518.22031
G1 X70.923 Y106.012 E2518.23353
G1 X71.248 Y106.173 E2518.2456
G1 X71.62 Y106.281 E2518.25848
G1 X71.957 Y106.316 E2518.26975
G1 X72.572 Y106.255 E2518.2903
G1 X73.254 Y105.901 E2518.31586
G1 X73.751 Y105.375 E2518.33993
G1 X74.031 Y104.668 E2518.36522
G1 X74.036 Y103.88 E2518.39143
G1 X73.739 Y103.139 E2518.41798
G1 X73.247 Y102.613 E2518.44194
G1 X72.571 Y102.269 E2518.46717
G1 X71.957 Y102.208 E2518.48769
G1 X71.657 Y102.236 E2518.49771
G1 X71.242 Y102.356 E2518.51208
G1 X70.959 Y102.492 E2518.52252
G1 X70.579 Y102.777 E2518.53832
G1 X70.456 Y102.914 E2518.54444
G1 X70.456 Y93.724 E2518.8501
G1 X96.536 Y93.724 E2519.71753
G1 X96.536 Y107.922 E2520.18976
G1 X96.341 Y107.716 E2520.19919
G1 X96.081 Y107.524 E2520.20994
G1 X95.725 Y107.348 E2520.22315
G1 X95.431 Y107.256 E2520.23339
G1 X94.995 Y107.212 E2520.24797
G1 X94.62 Y107.243 E2520.26048
G1 X94.073 Y107.407 E2520.27948
G1 X93.458 Y107.87 E2520.30508
G1 X93.068 Y108.509 E2520.32998
G1 X92.916 Y109.264 E2520.3556
G1 X93.069 Y110.019 E2520.38122
G1 X93.483 Y110.675 E2520.40702
G1 X94.067 Y111.118 E2520.4314
G1 X94.62 Y111.281 E2520.45057
G1 X94.957 Y111.316 E2520.46184
G1 X95.393 Y111.276 E2520.4764
G1 X95.692 Y111.193 E2520.48673
G1 X96.083 Y110.999 E2520.50124
G1 X96.341 Y110.808 E2520.51192
G1 X96.536 Y110.602 E2520.52135
G1 X96.536 Y119.804 E2520.82741
G1 X86.956 Y119.804 E2521.14605
G0 F9000 X86.956 Y120.064
G0 X96.724 Y119.992
G0 X96.796 Y119.191
G0 X96.336 Y119.191
G1 F1500 X95.922 Y119.604 E2521.1655
G0 F9000 X95.356 Y119.604
G1 F1500 X96.336 Y118.625 E2521.21157
G0 F9000 X96.336 Y118.059
G1 F1500 X94.79 Y119.604 E2521.28426
G0 F9000 X94.225 Y119.604
G1 F1500 X96.336 Y117.494 E2521.38354
G0 F9000 X96.336 Y116.928
G1 F1500 X93.659 Y119.604 E2521.50943
G0 F9000 X93.093 Y119.604
G1 F1500 X96.336 Y116.362 E2521.66195
G0 F9000 X96.336 Y115.797
G1 F1500 X92.528 Y119.604 E2521.84104
G0 F9000 X91.962 Y119.604
G1 F1500 X96.336 Y115.231 E2522.04676
G0 F9000 X96.336 Y114.665
G1 F1500 X91.396 Y119.604 E2522.27909
G0 F9000 X90.831 Y119.604
G1 F1500 X96.336 Y114.099 E2522.53803
G0 F9000 X96.336 Y113.534
G1 F1500 X90.265 Y119.604 E2522.82357
G0 F9000 X89.699 Y119.604
G1 F1500 X96.336 Y112.968 E2523.13573
G0 F9000 X96.336 Y112.402
G1 F1500 X89.134 Y119.604 E2523.47449
G0 F9000 X88.568 Y119.604
G1 F1500 X96.336 Y111.837 E2523.83985
G0 F9000 X96.336 Y111.271
G1 F1500 X88.002 Y119.604 E2524.23183
G0 F9000 X87.437 Y119.604
G1 F1500 X95.623 Y111.418 E2524.61688
G0 F9000 X94.962 Y111.513
G1 F1500 X86.871 Y119.604 E2524.99745
G0 F9000 X86.305 Y119.604
G1 F1500 X94.465 Y111.444 E2525.38127
G0 F9000 X94.025 Y111.318
G1 F1500 X85.74 Y119.604 E2525.771
G0 F9000 X85.174 Y119.604
G1 F1500 X93.694 Y111.084 E2526.17175
G0 F9000 X93.37 Y110.843
G1 F1500 X84.608 Y119.604 E2526.58387
G0 F9000 X84.042 Y119.604
G1 F1500 X93.139 Y110.507 E2527.01176
G0 F9000 X92.922 Y110.159
G1 F1500 X83.477 Y119.604 E2527.45603
G0 F9000 X82.911 Y119.604
G1 F1500 X92.801 Y109.715 E2527.9212
G0 F9000 X92.719 Y109.23
G1 F1500 X82.345 Y119.604 E2528.40916
G0 F9000 X81.78 Y119.604
G1 F1500 X92.859 Y108.525 E2528.93028
G0 F9000 X93.312 Y108.616
G0 X94.366 Y107.592
G0 X94.238 Y107.146
G1 F1500 X96.336 Y105.048 E2529.02897
G0 F9000 X96.336 Y105.613
G1 F1500 X94.931 Y107.018 E2529.09505
G0 F9000 X95.459 Y107.056
G1 F1500 X96.336 Y106.179 E2529.1363
G0 F9000 X96.336 Y106.745
G1 F1500 X95.879 Y107.202 E2529.1578
G0 F9000 X96.253 Y107.394
G1 F1500 X96.336 Y107.311 E2529.1617
G0 F9000 X96.796 Y107.311
G0 X96.796 Y104.482
G0 X96.336 Y104.482
G1 F1500 X81.214 Y119.604 E2529.873
G0 F9000 X80.648 Y119.604
G1 F1500 X96.336 Y103.916 E2530.61091
G0 F9000 X96.336 Y103.351
G1 F1500 X80.083 Y119.604 E2531.3754
G0 F9000 X79.517 Y119.604
G1 F1500 X96.336 Y102.785 E2532.16652
G0 F9000 X96.336 Y102.219
G1 F1500 X78.951 Y119.604 E2532.98425
G0 F9000 X78.386 Y119.604
G1 F1500 X96.336 Y101.654 E2533.82857
G0 F9000 X96.336 Y101.088
G1 F1500 X77.82 Y119.604 E2534.6995
G0 F9000 X77.254 Y119.604
G1 F1500 X96.336 Y100.522 E2535.59706
G0 F9000 X96.336 Y99.957
G1 F1500 X76.689 Y119.604 E2536.5212
G0 F9000 X76.123 Y119.604
G1 F1500 X96.336 Y99.391 E2537.47195
G0 F9000 X96.336 Y98.825
G1 F1500 X75.557 Y119.604 E2538.44933
G0 F9000 X74.992 Y119.604
G1 F1500 X96.336 Y98.26 E2539.45329
G0 F9000 X96.336 Y97.694
G1 F1500 X74.426 Y119.604 E2540.48387
G0 F9000 X73.86 Y119.604
G1 F1500 X96.336 Y97.128 E2541.54107
G0 F9000 X96.336 Y96.563
G1 F1500 X73.294 Y119.604 E2542.62487
G0 F9000 X72.729 Y119.604
G1 F1500 X96.336 Y95.997 E2543.73527
G0 F9000 X96.336 Y95.431
G1 F1500 X72.163 Y119.604 E2544.8723
G0 F9000 X71.597 Y119.604
G1 F1500 X96.336 Y94.865 E2546.03595
G0 F9000 X96.336 Y94.3
G1 F1500 X71.032 Y119.604 E2547.22617
G0 F9000 X70.656 Y119.414
G1 F1500 X96.147 Y93.924 E2548.42516
G0 F9000 X95.581 Y93.924
G1 F1500 X70.656 Y118.848 E2549.59753
G0 F9000 X70.656 Y118.283
G1 F1500 X95.015 Y93.924 E2550.74331
G0 F9000 X94.45 Y93.924
G1 F1500 X70.656 Y117.717 E2551.86248
G0 F9000 X70.656 Y117.151
G1 F1500 X93.884 Y93.924 E2552.95503
G0 F9000 X93.318 Y93.924
G1 F1500 X70.656 Y116.586 E2554.02098
G0 F9000 X70.656 Y116.02
G1 F1500 X92.753 Y93.924 E2555.06033
G0 F9000 X92.187 Y93.924
G1 F1500 X70.656 Y115.454 E2556.07306
G0 F9000 X70.656 Y114.889
G1 F1500 X91.621 Y93.924 E2557.05919
G0 F9000 X91.056 Y93.924
G1 F1500 X70.656 Y114.323 E2558.01872
G0 F9000 X70.656 Y113.757
G1 F1500 X90.49 Y93.924 E2558.95163
G0 F9000 X89.924 Y93.924
G1 F1500 X70.656 Y113.192 E2559.85794
G0 F9000 X70.656 Y112.626
G1 F1500 X89.358 Y93.924 E2560.73762
G0 F9000 X88.793 Y93.924
G1 F1500 X70.656 Y112.06 E2561.59071
G0 F9000 X70.656 Y111.494
G1 F1500 X88.227 Y93.924 E2562.41717
G0 F9000 X87.661 Y93.924
G1 F1500 X70.656 Y110.929 E2563.21703
G0 F9000 X70.656 Y110.363
G1 F1500 X87.096 Y93.924 E2563.9903
G0 F9000 X86.53 Y93.924
G1 F1500 X70.656 Y109.797 E2564.73694
G0 F9000 X70.656 Y109.232
G1 F1500 X85.964 Y93.924 E2565.45698
G0 F9000 X85.399 Y93.924
G1 F1500 X73.978 Y105.344 E2565.99416
G0 F9000 X74.231 Y104.525
G1 F1500 X84.833 Y93.924 E2566.49283
G0 F9000 X84.267 Y93.924
G1 F1500 X74.235 Y103.956 E2566.9647
G0 F9000 X74.108 Y103.517
G1 F1500 X83.702 Y93.924 E2567.41595
G0 F9000 X83.136 Y93.924
G1 F1500 X73.95 Y103.11 E2567.84803
G0 F9000 X73.695 Y102.799
G1 F1500 X82.57 Y93.924 E2568.26548
G0 F9000 X82.005 Y93.924
G1 F1500 X73.422 Y102.506 E2568.66918
G0 F9000 X73.063 Y102.299
G1 F1500 X81.439 Y93.924 E2569.06313
G0 F9000 X80.873 Y93.924
G1 F1500 X72.691 Y102.106 E2569.44799
G0 F9000 X72.201 Y102.03
G1 F1500 X80.308 Y93.924 E2569.8293
G0 F9000 X79.742 Y93.924
G1 F1500 X71.626 Y102.039 E2570.21102
G0 F9000 X70.656 Y101.878
G1 F1500 X78.61 Y93.924 E2570.58516
G0 F9000 X78.045 Y93.924
G1 F1500 X70.656 Y101.312 E2570.93269
G0 F9000 X70.656 Y100.746
G1 F1500 X77.479 Y93.924 E2571.2536
G0 F9000 X76.913 Y93.924
G1 F1500 X70.656 Y100.181 E2571.54791
G0 F9000 X70.656 Y99.615
G1 F1500 X76.348 Y93.924 E2571.81562
G0 F9000 X75.782 Y93.924
G1 F1500 X70.656 Y99.049 E2572.05671
G0 F9000 X70.656 Y98.484
G1 F1500 X75.216 Y93.924 E2572.27119
G0 F9000 X74.651 Y93.924
G1 F1500 X70.656 Y97.918 E2572.45908
G0 F9000 X70.656 Y97.352
G1 F1500 X74.085 Y93.924 E2572.62035
G0 F9000 X73.519 Y93.924
G1 F1500 X70.656 Y96.787 E2572.75502
G0 F9000 X70.656 Y96.221
G1 F1500 X72.954 Y93.924 E2572.86308
G0 F9000 X72.388 Y93.924
G1 F1500 X70.656 Y95.655 E2572.94453
G0 F9000 X70.656 Y95.09
G1 F1500 X71.822 Y93.924 E2572.99937
G0 F9000 X71.257 Y93.924
G1 F1500 X70.656 Y94.524 E2573.02762
G0 F9000 X70.196 Y94.524
G0 X70.196 Y102.444
G0 X70.656 Y102.444
G1 F1500 X79.176 Y93.924 E2573.42837
G0 F9000 X79.176 Y93.464
G0 X70.268 Y93.536
G0 X70.287 Y103.477
G0 X71.975 Y102.411
G0 X73.579 Y103.259
G0 X73.856 Y103.941
G0 X73.705 Y104.265
G0 X72.917 Y105.791
G0 X73.125 Y106.198
G1 F1500 X70.656 Y108.666 E2573.54448
G0 F9000 X70.656 Y108.1
G1 F1500 X72.269 Y106.487 E2573.62036
G0 F9000 X71.703 Y106.488
G1 F1500 X70.656 Y107.535 E2573.6696
G0 F9000 X70.656 Y106.969
G1 F1500 X71.245 Y106.38 E2573.69731
G0 F9000 X70.856 Y106.203
G1 F1500 X70.656 Y106.403 E2573.70672
G1 F2700 E2568.70672
;MESH:TracciaSopra.stl
G0 F9000 X70.197 Y106.402
G0 X70.268 Y93.536
G0 X97.069 Y93.196
G0 X98.164 Y93.196
G0 X101.406 Y90.778
G0 X101.686 Y73.738
;TYPE:WALL-INNER
G1 F2700 E2573.70672
G1 F983.6 X101.686 Y73.486 E2573.7195
G0 F9000 X101.752 Y89.34
G0 X115.194 Y89.512
G1 F1500 X128.38 Y89.512 E2574.15807
G1 X128.38 Y79.478 E2574.4918
G1 F1310 X128.276 Y78.917 E2574.51353
G1 X127.858 Y79.598 E2574.54396
G1 F1500 X127.587 Y79.894 E2574.5573
G1 X127.411 Y80.026 E2574.56462
G1 X127.047 Y80.206 E2574.57813
G1 X126.834 Y80.266 E2574.58549
G1 X126.325 Y80.312 E2574.60249
G1 X125.714 Y80.144 E2574.62356
G1 X125.208 Y79.749 E2574.64491
G1 X124.881 Y79.23 E2574.66531
G1 X124.773 Y78.62 E2574.68592
G1 X124.888 Y77.982 E2574.70748
G1 X125.216 Y77.465 E2574.72785
G1 X125.722 Y77.079 E2574.74901
G1 X126.215 Y76.939 E2574.76606
G1 X126.434 Y76.918 E2574.77338
G1 X126.834 Y76.954 E2574.78673
G1 X127.051 Y77.016 E2574.79424
G1 X127.514 Y77.25 E2574.81149
G1 F1318.7 X127.908 Y77.681 E2574.83359
G1 F1061.9 X128.27 Y78.408 E2574.87174
G1 F1096.9 X128.343 Y78.145 E2574.88416
G1 F1373 X128.38 Y77.743 E2574.89882
G1 F1500 X128.38 Y62.712 E2575.39876
G1 X101.58 Y62.712 E2576.29013
G1 X101.58 Y73.083 E2576.63507
G1 F1188.1 X101.686 Y73.486 E2576.65257
G1 X101.861 Y73.108 E2576.67006
G1 F1500 X101.943 Y72.896 E2576.67762
G1 X102.216 Y72.461 E2576.6947
G1 X102.712 Y72.083 E2576.71544
G1 X103.215 Y71.938 E2576.73285
G1 X103.434 Y71.918 E2576.74017
G1 X103.95 Y71.964 E2576.7574
G1 X104.512 Y72.254 E2576.77843
G1 X104.933 Y72.714 E2576.79917
G1 X105.158 Y73.297 E2576.81996
G1 X105.156 Y73.921 E2576.84071
G1 X104.94 Y74.508 E2576.86151
G1 X104.507 Y74.973 E2576.88265
G1 X103.948 Y75.256 E2576.90349
G1 X103.325 Y75.312 E2576.92429
G1 X102.828 Y75.175 E2576.94144
G1 X102.624 Y75.074 E2576.94901
G1 X102.216 Y74.763 E2576.96607
G1 X101.943 Y74.328 E2576.98315
G1 X101.861 Y74.116 E2576.99071
G1 F1188.1 X101.686 Y73.738 E2577.00821
G1 X101.58 Y74.141 E2577.0257
G1 F1500 X101.58 Y89.512 E2577.53694
G1 X115.194 Y89.512 E2577.98975
G0 F9000 X128.208 Y89.34
G0 X128.265 Y78.935
G1 F960 X128.27 Y78.408 E2578.01714
G1 F2700 E2573.01714
G0 F9000 X127.806 Y79.432
G0 X127.42 Y79.855
G0 X127.004 Y80.062
G0 X126.277 Y80.208
G0 X126.362 Y79.907
;TYPE:WALL-OUTER
G1 F2700 E2578.01714
G1 F1500 X125.895 Y79.774 E2578.03329
G1 X125.527 Y79.495 E2578.04865
G1 X125.264 Y79.079 E2578.06502
G1 X125.177 Y78.611 E2578.08085
G1 X125.263 Y78.138 E2578.09684
G1 X125.517 Y77.739 E2578.11257
G1 X125.899 Y77.445 E2578.1286
G1 X126.361 Y77.313 E2578.14458
G1 X126.836 Y77.355 E2578.16044
G1 X127.268 Y77.574 E2578.17655
G1 X127.589 Y77.923 E2578.19232
G1 X127.76 Y78.37 E2578.20824
G1 X127.758 Y78.847 E2578.22411
G1 X127.591 Y79.299 E2578.24013
G1 X127.267 Y79.651 E2578.25605
G1 X126.835 Y79.865 E2578.27208
G1 X126.362 Y79.907 E2578.28788
G1 F2700 E2573.28788
G0 F9000 X126.277 Y80.208
G0 X127.708 Y80.001
G0 X128.19 Y79.414
G0 X128.208 Y89.34
G0 X115.201 Y89.603
G0 X115.201 Y89.912
G1 F2700 E2578.28788
G1 F1500 X128.78 Y89.912 E2578.73951
G1 X128.78 Y62.312 E2579.65749
G1 X101.18 Y62.312 E2580.57547
G1 X101.18 Y89.912 E2581.49345
G1 X115.201 Y89.912 E2581.95979
G1 F2700 E2576.95979
G0 F9000 X115.201 Y89.603
G0 X101.752 Y89.34
G0 X101.77 Y74.405
G0 X102.258 Y74.705
G0 X103.279 Y75.208
G0 X103.364 Y74.907
G1 F2700 E2581.95979
G1 F1500 X102.895 Y74.778 E2581.97597
G1 X102.518 Y74.49 E2581.99175
G1 X102.262 Y74.084 E2582.00772
G1 X102.176 Y73.614 E2582.02361
G1 X102.262 Y73.14 E2582.03963
G1 X102.518 Y72.734 E2582.05559
G1 X102.895 Y72.446 E2582.07137
G1 X103.361 Y72.313 E2582.08749
G1 X103.838 Y72.356 E2582.10342
G1 X104.275 Y72.584 E2582.11982
G1 X104.581 Y72.917 E2582.13486
G1 X104.76 Y73.388 E2582.15162
G1 X104.759 Y73.837 E2582.16655
G1 X104.59 Y74.293 E2582.18272
G1 X104.273 Y74.642 E2582.19841
G1 X103.839 Y74.86 E2582.21456
G1 X103.364 Y74.907 E2582.23043
G1 F2700 E2577.23043
G0 F9000 X103.279 Y75.208
G0 X102.021 Y74.754
G0 X101.77 Y74.405
G0 X101.752 Y89.34
G0 X115.189 Y89.412
G0 X115.189 Y89.152
;TYPE:SKIN
G1 F2700 E2582.23043
G1 F1500 X101.94 Y89.152 E2582.6711
G1 X101.94 Y74.963 E2583.14303
G1 X102.061 Y75.093 E2583.14893
G1 X102.431 Y75.376 E2583.16443
G1 X102.733 Y75.521 E2583.17557
G1 X103.117 Y75.629 E2583.18884
G1 X103.43 Y75.66 E2583.1993
G1 X104.048 Y75.609 E2583.21992
G1 X104.718 Y75.269 E2583.24491
G1 X105.241 Y74.717 E2583.2702
G1 X105.514 Y73.978 E2583.29641
G1 X105.516 Y73.211 E2583.32192
G1 X105.233 Y72.494 E2583.34755
G1 X104.73 Y71.968 E2583.37176
G1 X104.058 Y71.617 E2583.39698
G1 X103.472 Y71.556 E2583.41657
G1 X103.14 Y71.584 E2583.42765
G1 X102.732 Y71.699 E2583.44175
G1 X102.431 Y71.844 E2583.45287
G1 X102.085 Y72.105 E2583.46728
G1 X101.941 Y72.259 E2583.47429
G1 X101.94 Y63.072 E2583.77985
G1 X128.02 Y63.072 E2584.64728
G1 X128.02 Y77.27 E2585.11951
G1 X127.831 Y77.065 E2585.12878
G1 X127.607 Y76.893 E2585.13817
G1 X127.209 Y76.692 E2585.153
G1 X126.867 Y76.592 E2585.16485
G1 X126.471 Y76.556 E2585.17808
G1 X126.14 Y76.584 E2585.18913
G1 X125.556 Y76.756 E2585.20938
G1 X124.946 Y77.222 E2585.23491
G1 X124.538 Y77.867 E2585.26029
G1 X124.404 Y78.602 E2585.28514
G1 X124.536 Y79.347 E2585.31031
G1 X124.946 Y79.998 E2585.3359
G1 X125.543 Y80.466 E2585.36113
G1 X126.154 Y80.636 E2585.38222
G1 X126.467 Y80.66 E2585.39266
G1 X126.863 Y80.624 E2585.40589
G1 X127.209 Y80.528 E2585.41783
G1 X127.565 Y80.352 E2585.43104
G1 X127.852 Y80.136 E2585.44298
G1 X128.02 Y79.95 E2585.45132
G1 X128.02 Y89.152 E2585.75738
G1 X115.189 Y89.152 E2586.18414
G0 F9000 X115.189 Y89.412
G0 X127.706 Y89.412
G0 X127.706 Y88.952
G1 F1500 X127.819 Y88.838 E2586.18948
G0 F9000 X127.819 Y88.272
G1 F1500 X127.14 Y88.952 E2586.22144
G0 F9000 X126.574 Y88.952
G1 F1500 X127.819 Y87.707 E2586.28
G0 F9000 X127.819 Y87.141
G1 F1500 X126.009 Y88.952 E2586.36516
G0 F9000 X125.443 Y88.952
G1 F1500 X127.819 Y86.575 E2586.47695
G0 F9000 X127.819 Y86.01
G1 F1500 X124.877 Y88.952 E2586.61533
G0 F9000 X124.311 Y88.952
G1 F1500 X127.819 Y85.444 E2586.78033
G0 F9000 X127.819 Y84.878
G1 F1500 X123.746 Y88.952 E2586.97194
G0 F9000 X123.18 Y88.952
G1 F1500 X127.819 Y84.313 E2587.19014
G0 F9000 X127.819 Y83.747
G1 F1500 X122.614 Y88.952 E2587.43497
G0 F9000 X122.049 Y88.952
G1 F1500 X127.819 Y83.181 E2587.7064
G0 F9000 X127.819 Y82.616
G1 F1500 X121.483 Y88.952 E2588.00442
G0 F9000 X120.917 Y88.952
G1 F1500 X127.819 Y82.05 E2588.32907
G0 F9000 X127.819 Y81.484
G1 F1500 X120.352 Y88.952 E2588.68032
G0 F9000 X119.786 Y88.952
G1 F1500 X127.819 Y80.918 E2589.05819
G0 F9000 X127.631 Y80.542
G1 F1500 X119.22 Y88.952 E2589.4538
G0 F9000 X118.655 Y88.952
G1 F1500 X126.774 Y80.832 E2589.83571
G0 F9000 X126.202 Y80.839
G1 F1500 X118.089 Y88.952 E2590.21732
G0 F9000 X117.523 Y88.952
G1 F1500 X125.744 Y80.731 E2590.60401
G0 F9000 X125.343 Y80.566
G1 F1500 X116.958 Y88.952 E2590.99844
G0 F9000 X116.392 Y88.952
G1 F1500 X125.028 Y80.315 E2591.40468
G0 F9000 X124.739 Y80.04
G1 F1500 X115.826 Y88.952 E2591.82389
G0 F9000 X115.261 Y88.952
G1 F1500 X124.517 Y79.696 E2592.25927
G0 F9000 X124.33 Y79.317
G1 F1500 X114.695 Y88.952 E2592.71247
G0 F9000 X114.129 Y88.952
G1 F1500 X124.239 Y78.842 E2593.18801
G0 F9000 X124.265 Y78.251
G1 F1500 X113.563 Y88.952 E2593.69138
G0 F9000 X112.998 Y88.952
G1 F1500 X124.676 Y77.273 E2594.2407
G0 F9000 X125.083 Y76.867
G1 F1500 X127.819 Y74.13 E2594.36941
G0 F9000 X127.819 Y73.565
G1 F1500 X112.432 Y88.952 E2595.09317
G0 F9000 X111.866 Y88.952
G1 F1500 X127.819 Y72.999 E2595.84355
G0 F9000 X127.819 Y72.433
G1 F1500 X111.301 Y88.952 E2596.62053
G0 F9000 X110.735 Y88.952
G1 F1500 X127.819 Y71.868 E2597.42411
G0 F9000 X127.819 Y71.302
G1 F1500 X110.169 Y88.952 E2598.25431
G0 F9000 X109.604 Y88.952
G1 F1500 X127.819 Y70.736 E2599.11111
G0 F9000 X127.819 Y70.17
G1 F1500 X109.038 Y88.952 E2599.99454
G0 F9000 X108.472 Y88.952
G1 F1500 X127.819 Y69.605 E2600.90456
G0 F9000 X127.819 Y69.039
G1 F1500 X107.907 Y88.952 E2601.84118
G0 F9000 X107.341 Y88.952
G1 F1500 X127.819 Y68.473 E2602.80443
G0 F9000 X127.819 Y67.908
G1 F1500 X106.775 Y88.952 E2603.79428
G0 F9000 X106.21 Y88.952
G1 F1500 X127.819 Y67.342 E2604.81072
G0 F9000 X127.819 Y66.776
G1 F1500 X105.644 Y88.952 E2605.85379
G0 F9000 X105.078 Y88.952
G1 F1500 X127.819 Y66.211 E2606.92345
G0 F9000 X127.819 Y65.645
G1 F1500 X104.513 Y88.952 E2608.01972
G0 F9000 X103.947 Y88.952
G1 F1500 X127.819 Y65.079 E2609.14261
G0 F9000 X127.819 Y64.514
G1 F1500 X103.381 Y88.952 E2610.2921
G0 F9000 X102.815 Y88.952
G1 F1500 X127.819 Y63.948 E2611.46821
G0 F9000 X127.819 Y63.382
G1 F1500 X102.25 Y88.952 E2612.67092
G0 F9000 X102.14 Y88.496
G1 F1500 X127.364 Y63.272 E2613.85738
G0 F9000 X126.798 Y63.272
G1 F1500 X102.14 Y87.93 E2615.01722
G0 F9000 X102.14 Y87.364
G1 F1500 X126.233 Y63.272 E2616.15045
G0 F9000 X125.667 Y63.272
G1 F1500 X102.14 Y86.799 E2617.25709
G0 F9000 X102.14 Y86.233
G1 F1500 X125.101 Y63.272 E2618.33711
G0 F9000 X124.536 Y63.272
G1 F1500 X102.14 Y85.667 E2619.39052
G0 F9000 X102.14 Y85.102
G1 F1500 X123.97 Y63.272 E2620.41734
G0 F9000 X123.404 Y63.272
G1 F1500 X102.14 Y84.536 E2621.41753
G0 F9000 X102.14 Y83.97
G1 F1500 X122.839 Y63.272 E2622.39113
G0 F9000 X122.273 Y63.272
G1 F1500 X102.14 Y83.405 E2623.33812
G0 F9000 X102.14 Y82.839
G1 F1500 X121.707 Y63.272 E2624.25849
G0 F9000 X121.142 Y63.272
G1 F1500 X102.14 Y82.273 E2625.15227
G0 F9000 X102.141 Y81.707
G1 F1500 X120.576 Y63.272 E2626.01939
G0 F9000 X120.01 Y63.272
G1 F1500 X102.141 Y81.141 E2626.85989
G0 F9000 X102.141 Y80.576
G1 F1500 X119.444 Y63.272 E2627.6738
G0 F9000 X118.879 Y63.272
G1 F1500 X102.141 Y80.01 E2628.4611
G0 F9000 X102.141 Y79.444
G1 F1500 X118.313 Y63.272 E2629.22178
G0 F9000 X117.747 Y63.272
G1 F1500 X102.141 Y78.878 E2629.95584
G0 F9000 X102.141 Y78.313
G1 F1500 X117.182 Y63.272 E2630.66332
G0 F9000 X116.616 Y63.272
G1 F1500 X105.623 Y74.265 E2631.1804
G0 F9000 X105.716 Y73.606
G1 F1500 X116.05 Y63.272 E2631.66648
G0 F9000 X115.485 Y63.272
G1 F1500 X105.678 Y73.079 E2632.12777
G0 F9000 X105.518 Y72.673
G1 F1500 X114.919 Y63.272 E2632.56997
G0 F9000 X114.353 Y63.272
G1 F1500 X105.322 Y72.303 E2632.99476
G0 F9000 X105.046 Y72.013
G1 F1500 X113.788 Y63.272 E2633.40593
G0 F9000 X113.222 Y63.272
G1 F1500 X104.742 Y71.752 E2633.8048
G0 F9000 X104.37 Y71.558
G1 F1500 X112.656 Y63.272 E2634.19455
G0 F9000 X112.091 Y63.272
G1 F1500 X103.96 Y71.402 E2634.57699
G0 F9000 X103.436 Y71.361
G1 F1500 X111.525 Y63.272 E2634.95747
G0 F9000 X110.959 Y63.272
G1 F1500 X102.741 Y71.49 E2635.34402
G0 F9000 X102.141 Y71.525
G1 F1500 X110.394 Y63.272 E2635.73221
G0 F9000 X109.828 Y63.272
G1 F1500 X102.141 Y70.959 E2636.09379
G0 F9000 X102.141 Y70.393
G1 F1500 X109.262 Y63.272 E2636.42874
G0 F9000 X108.696 Y63.272
G1 F1500 X102.141 Y69.828 E2636.73709
G0 F9000 X102.141 Y69.262
G1 F1500 X108.131 Y63.272 E2637.01884
G0 F9000 X107.565 Y63.272
G1 F1500 X102.141 Y68.696 E2637.27397
G0 F9000 X102.141 Y68.13
G1 F1500 X106.999 Y63.272 E2637.50247
G0 F9000 X106.434 Y63.272
G1 F1500 X102.141 Y67.565 E2637.7044
G0 F9000 X102.141 Y66.999
G1 F1500 X105.868 Y63.272 E2637.87971
G0 F9000 X105.302 Y63.272
G1 F1500 X102.141 Y66.433 E2638.02839
G0 F9000 X102.141 Y65.868
G1 F1500 X104.737 Y63.272 E2638.1505
G0 F9000 X104.171 Y63.272
G1 F1500 X102.141 Y65.302 E2638.24598
G0 F9000 X102.141 Y64.736
G1 F1500 X103.605 Y63.272 E2638.31485
G0 F9000 X103.04 Y63.272
G1 F1500 X102.141 Y64.171 E2638.35713
G0 F9000 X102.141 Y63.605
G1 F1500 X102.474 Y63.272 E2638.3728
G0 F9000 X102.474 Y62.812
G0 X101.752 Y62.884
G0 X101.77 Y72.819
G0 X102.03 Y74.175
G0 X102.744 Y75.242
G0 X102.542 Y75.649
G1 F1500 X102.141 Y76.05 E2638.39166
G0 F9000 X102.141 Y76.616
G1 F1500 X102.963 Y75.793 E2638.43034
G0 F9000 X103.465 Y75.857
G1 F1500 X102.141 Y77.181 E2638.49262
G0 F9000 X102.141 Y77.747
G1 F1500 X104.083 Y75.805 E2638.58397
G1 F2700 E2633.58397
G0 F9000 X103.976 Y75.355
G0 X105.32 Y73.946
G0 X104.611 Y72.126
G0 X102.523 Y72.024
G0 X101.77 Y72.819
G0 X101.752 Y62.884
G0 X128.208 Y62.884
G0 X128.19 Y77.811
G0 X127.204 Y77.215
G0 X126.178 Y76.844
G0 X126.125 Y76.391
G1 F2700 E2638.58397
G1 F1500 X127.819 Y74.696 E2638.66367
G0 F9000 X127.819 Y75.262
G1 F1500 X126.702 Y76.38 E2638.71624
G0 F9000 X127.172 Y76.474
G1 F1500 X127.819 Y75.827 E2638.74667
G0 F9000 X127.819 Y76.393
G1 F1500 X127.563 Y76.65 E2638.75873
G1 F2700 E2633.75873
;MESH:TracciaSotto.stl
G0 F9000 X127.357 Y77.058
G0 X127.806 Y77.794
G0 X128.012 Y78.327
G0 X128.19 Y79.414
G0 X128.558 Y89.689
G0 X129.647 Y89.689
G0 X132.655 Y92.853
G0 X134.026 Y103.802
;TYPE:WALL-INNER
G1 F2700 E2638.75873
G1 F983.6 X134.026 Y104.054 E2638.77152
G0 F9000 X134.092 Y119.656
G0 X144.212 Y119.828
G1 F1500 X160.72 Y119.828 E2639.32057
G1 X160.72 Y109.793 E2639.65434
G1 F1310 X160.617 Y109.232 E2639.67606
G1 X160.198 Y109.911 E2639.70645
G1 F1500 X159.848 Y110.292 E2639.72365
G1 X159.389 Y110.521 E2639.74071
G1 X159.174 Y110.582 E2639.74815
G1 X158.665 Y110.628 E2639.76515
G1 X158.054 Y110.46 E2639.78622
G1 X157.548 Y110.065 E2639.80757
G1 X157.221 Y109.546 E2639.82797
G1 X157.11 Y108.921 E2639.84909
G1 X157.228 Y108.301 E2639.87008
G1 X157.555 Y107.779 E2639.89057
G1 X158.065 Y107.394 E2639.91182
G1 X158.555 Y107.255 E2639.92876
G1 X158.774 Y107.234 E2639.93608
G1 X159.174 Y107.27 E2639.94944
G1 X159.389 Y107.331 E2639.95687
G1 X159.749 Y107.511 E2639.97026
G1 X159.925 Y107.644 E2639.97759
G1 F1318.7 X160.251 Y108.004 E2639.99597
G1 F1061.9 X160.61 Y108.724 E2640.03376
G1 F1098.9 X160.684 Y108.459 E2640.04626
G1 F1376.1 X160.72 Y108.06 E2640.06078
G1 F1500 X160.72 Y93.028 E2640.56075
G1 X133.92 Y93.028 E2641.45212
G1 X133.92 Y103.399 E2641.79706
G1 F1188.1 X134.026 Y103.802 E2641.81456
G1 X134.201 Y103.424 E2641.83205
G1 F1500 X134.282 Y103.215 E2641.8395
G1 X134.498 Y102.867 E2641.85313
G1 X134.648 Y102.704 E2641.86049
G1 X135.056 Y102.398 E2641.87746
G1 X135.555 Y102.254 E2641.89473
G1 X135.774 Y102.234 E2641.90204
G1 X136.291 Y102.281 E2641.91931
G1 X136.864 Y102.575 E2641.94073
G1 X137.274 Y103.037 E2641.96128
G1 X137.498 Y103.614 E2641.98186
G1 X137.496 Y104.253 E2642.00312
G1 X137.275 Y104.824 E2642.02348
G1 X136.859 Y105.28 E2642.04401
G1 X136.29 Y105.572 E2642.06528
G1 X135.664 Y105.628 E2642.08618
G1 X135.168 Y105.491 E2642.1033
G1 X134.964 Y105.39 E2642.11087
G1 X134.556 Y105.079 E2642.12793
G1 X134.283 Y104.644 E2642.14501
G1 X134.201 Y104.432 E2642.15258
G1 F1188.1 X134.026 Y104.054 E2642.17007
G1 X133.92 Y104.457 E2642.18756
G1 F1500 X133.92 Y119.828 E2642.69881
G1 X144.212 Y119.828 E2643.04112
G0 F9000 X160.548 Y119.656
G0 X160.605 Y109.251
G1 F960 X160.61 Y108.724 E2643.06851
G1 F2700 E2638.06851
G0 F9000 X160.144 Y109.749
G0 X159.758 Y110.171
G0 X159.342 Y110.378
G0 X158.616 Y110.524
G0 X158.702 Y110.223
;TYPE:WALL-OUTER
G1 F2700 E2643.06851
G1 F1500 X158.235 Y110.09 E2643.08466
G1 X157.867 Y109.811 E2643.10002
G1 X157.604 Y109.395 E2643.11639
G1 X157.52 Y108.91 E2643.13276
G1 X157.6 Y108.473 E2643.14753
G1 X157.869 Y108.039 E2643.16452
G1 X158.224 Y107.772 E2643.17929
G1 X158.7 Y107.629 E2643.19582
G1 X159.175 Y107.671 E2643.21168
G1 X159.605 Y107.887 E2643.22769
G1 X159.93 Y108.246 E2643.24379
G1 X160.1 Y108.685 E2643.25945
G1 X160.098 Y109.163 E2643.27535
G1 X159.929 Y109.613 E2643.29134
G1 X159.604 Y109.966 E2643.3073
G1 X159.175 Y110.181 E2643.32326
G1 X158.702 Y110.223 E2643.33905
G1 F2700 E2638.33905
G0 F9000 X158.616 Y110.524
G0 X160.043 Y110.317
G0 X160.53 Y109.724
G0 X160.548 Y119.656
G0 X144.12 Y119.919
G0 X144.12 Y120.228
G1 F2700 E2643.33905
G1 F1500 X161.12 Y120.228 E2643.90447
G1 X161.12 Y92.628 E2644.82245
G1 X133.52 Y92.628 E2645.74043
G1 X133.52 Y120.228 E2646.65841
G1 X144.12 Y120.228 E2647.01097
G1 F2700 E2642.01097
G0 F9000 X144.12 Y119.919
G0 X134.092 Y119.656
G0 X134.11 Y104.721
G0 X135.108 Y105.318
G0 X135.732 Y105.535
G0 X135.704 Y105.223
G1 F2700 E2647.01097
G1 F1500 X135.235 Y105.094 E2647.02715
G1 X134.858 Y104.806 E2647.04293
G1 X134.602 Y104.4 E2647.05889
G1 X134.516 Y103.93 E2647.07478
G1 X134.602 Y103.459 E2647.09071
G1 X134.857 Y103.047 E2647.10682
G1 X135.239 Y102.761 E2647.1227
G1 X135.702 Y102.628 E2647.13872
G1 X136.18 Y102.676 E2647.1547
G1 X136.592 Y102.882 E2647.17002
G1 X136.927 Y103.24 E2647.18632
G1 X137.1 Y103.684 E2647.20217
G1 X137.1 Y104.165 E2647.21817
G1 X136.929 Y104.612 E2647.23409
G1 X136.609 Y104.958 E2647.24976
G1 X136.18 Y105.176 E2647.26577
G1 X135.704 Y105.223 E2647.28168
G0 F9000 X135.732 Y105.535
G0 X134.361 Y105.07
G0 X134.11 Y104.721
G0 X134.092 Y119.656
G0 X144.296 Y119.728
G0 X144.296 Y119.468
;TYPE:SKIN
G1 F1500 X134.28 Y119.468 E2647.61481
G1 X134.28 Y105.279 E2648.08674
G1 X134.401 Y105.409 E2648.09265
G1 X134.771 Y105.692 E2648.10814
G1 X135.073 Y105.837 E2648.11928
G1 X135.457 Y105.945 E2648.13255
G1 X135.807 Y105.976 E2648.14424
G1 X136.397 Y105.915 E2648.16396
G1 X137.07 Y105.569 E2648.18913
G1 X137.518 Y105.083 E2648.21112
G1 X137.636 Y104.894 E2648.21853
G1 X137.854 Y104.31 E2648.23926
G1 X137.854 Y103.549 E2648.26457
G1 X137.581 Y102.829 E2648.29018
G1 X137.068 Y102.274 E2648.31532
G1 X136.397 Y101.933 E2648.34035
G1 X135.812 Y101.872 E2648.35992
G1 X135.48 Y101.9 E2648.371
G1 X135.068 Y102.015 E2648.38523
G1 X134.747 Y102.176 E2648.39717
G1 X134.43 Y102.416 E2648.41039
G1 X134.281 Y102.575 E2648.41764
G1 X134.28 Y93.388 E2648.7232
G1 X160.36 Y93.388 E2649.59063
G1 X160.36 Y107.586 E2650.06285
G1 X160.193 Y107.401 E2650.07114
G1 X159.905 Y107.184 E2650.08314
G1 X159.549 Y107.008 E2650.09635
G1 X159.207 Y106.908 E2650.1082
G1 X158.811 Y106.872 E2650.12142
G1 X158.48 Y106.9 E2650.13247
G1 X157.897 Y107.071 E2650.15268
G1 X157.282 Y107.535 E2650.1783
G1 X156.878 Y108.183 E2650.2037
G1 X156.744 Y108.917 E2650.22852
G1 X156.876 Y109.663 E2650.25371
G1 X157.286 Y110.314 E2650.2793
G1 X157.883 Y110.782 E2650.30453
G1 X158.494 Y110.952 E2650.32563
G1 X158.77 Y110.976 E2650.33484
G1 X159.206 Y110.94 E2650.34939
G1 X159.549 Y110.84 E2650.36128
G1 X159.905 Y110.664 E2650.37448
G1 X160.192 Y110.448 E2650.38643
G1 X160.36 Y110.262 E2650.39477
G1 X160.36 Y119.468 E2650.70096
G1 X144.296 Y119.468 E2651.23525
G0 F9000 X144.296 Y119.728
G0 X159.615 Y119.728
G0 X159.615 Y119.268
G1 F1500 X160.16 Y118.723 E2651.26089
G0 F9000 X160.16 Y118.158
G1 F1500 X159.05 Y119.268 E2651.3131
G0 F9000 X158.484 Y119.268
G1 F1500 X160.16 Y117.592 E2651.39193
G0 F9000 X160.16 Y117.026
G1 F1500 X157.918 Y119.268 E2651.49739
G0 F9000 X157.352 Y119.268
G1 F1500 X160.16 Y116.46 E2651.62947
G0 F9000 X160.16 Y115.895
G1 F1500 X156.787 Y119.268 E2651.78812
G0 F9000 X156.221 Y119.268
G1 F1500 X160.16 Y115.329 E2651.9734
G0 F9000 X160.16 Y114.763
G1 F1500 X155.655 Y119.268 E2652.1853
G0 F9000 X155.09 Y119.268
G1 F1500 X160.16 Y114.198 E2652.42378
G0 F9000 X160.16 Y113.632
G1 F1500 X154.524 Y119.268 E2652.68888
G0 F9000 X153.958 Y119.268
G1 F1500 X160.16 Y113.066 E2652.9806
G0 F9000 X160.16 Y112.501
G1 F1500 X153.393 Y119.268 E2653.2989
G0 F9000 X152.827 Y119.268
G1 F1500 X160.16 Y111.935 E2653.64382
G0 F9000 X160.16 Y111.369
G1 F1500 X152.261 Y119.268 E2654.01537
G0 F9000 X151.696 Y119.268
G1 F1500 X160.16 Y110.804 E2654.41349
G0 F9000 X159.262 Y111.135
G1 F1500 X151.13 Y119.268 E2654.79602
G0 F9000 X150.564 Y119.268
G1 F1500 X158.668 Y111.164 E2655.1772
G0 F9000 X158.191 Y111.075
G1 F1500 X149.999 Y119.268 E2655.56255
G0 F9000 X149.433 Y119.268
G1 F1500 X157.764 Y110.937 E2655.95442
G0 F9000 X157.444 Y110.691
G1 F1500 X148.867 Y119.268 E2656.35786
G0 F9000 X148.302 Y119.268
G1 F1500 X157.131 Y110.438 E2656.77317
G0 F9000 X156.91 Y110.094
G1 F1500 X147.736 Y119.268 E2657.20468
G0 F9000 X147.17 Y119.268
G1 F1500 X156.691 Y109.747 E2657.65252
G0 F9000 X156.601 Y109.271
G1 F1500 X146.604 Y119.268 E2658.12275
G0 F9000 X146.039 Y119.268
G1 F1500 X156.577 Y108.73 E2658.61843
G0 F9000 X156.778 Y107.963
G1 F1500 X145.473 Y119.268 E2659.15018
G0 F9000 X144.907 Y119.268
G1 F1500 X160.16 Y104.015 E2659.86763
G0 F9000 X160.16 Y104.58
G1 F1500 X157.878 Y106.863 E2659.975
G0 F9000 X158.618 Y106.688
G1 F1500 X160.16 Y105.146 E2660.04753
G0 F9000 X160.16 Y105.712
G1 F1500 X159.167 Y106.705 E2660.09423
G0 F9000 X159.615 Y106.823
G1 F1500 X160.16 Y106.277 E2660.11989
G0 F9000 X160.16 Y106.843
G1 F1500 X159.993 Y107.011 E2660.12777
G0 F9000 X159.79 Y107.418
G0 X160.53 Y108.128
G0 X160.62 Y103.449
G0 X160.16 Y103.449
G1 F1500 X144.342 Y119.268 E2660.87183
G0 F9000 X143.776 Y119.268
G1 F1500 X160.16 Y102.883 E2661.6425
G0 F9000 X160.16 Y102.318
G1 F1500 X143.21 Y119.268 E2662.43978
G0 F9000 X142.645 Y119.268
G1 F1500 X160.16 Y101.752 E2663.26365
G0 F9000 X160.16 Y101.186
G1 F1500 X142.079 Y119.268 E2664.11415
G0 F9000 X141.513 Y119.268
G1 F1500 X160.16 Y100.621 E2664.99125
G0 F9000 X160.16 Y100.055
G1 F1500 X140.948 Y119.268 E2665.89495
G0 F9000 X140.382 Y119.268
G1 F1500 X160.16 Y99.489 E2666.82527
G0 F9000 X160.16 Y98.924
G1 F1500 X139.816 Y119.268 E2667.78219
G0 F9000 X139.251 Y119.268
G1 F1500 X160.16 Y98.358 E2668.7657
G0 F9000 X160.16 Y97.792
G1 F1500 X138.685 Y119.268 E2669.77585
G0 F9000 X138.119 Y119.268
G1 F1500 X160.16 Y97.226 E2670.81261
G0 F9000 X160.16 Y96.661
G1 F1500 X137.553 Y119.268 E2671.87597
G0 F9000 X136.988 Y119.268
G1 F1500 X160.16 Y96.095 E2672.96594
G0 F9000 X160.16 Y95.529
G1 F1500 X136.422 Y119.268 E2674.08252
G0 F9000 X135.856 Y119.268
G1 F1500 X160.16 Y94.964 E2675.22571
G0 F9000 X160.16 Y94.398
G1 F1500 X135.291 Y119.268 E2676.3955
G0 F9000 X134.725 Y119.268
G1 F1500 X160.16 Y93.832 E2677.5919
G0 F9000 X159.839 Y93.588
G1 F1500 X134.481 Y118.946 E2678.78467
G0 F9000 X134.481 Y118.38
G1 F1500 X159.274 Y93.588 E2679.95083
G0 F9000 X158.708 Y93.588
G1 F1500 X134.481 Y117.815 E2681.09039
G0 F9000 X134.481 Y117.249
G1 F1500 X158.142 Y93.588 E2682.20333
G0 F9000 X157.577 Y93.588
G1 F1500 X134.481 Y116.683 E2683.28968
G0 F9000 X134.481 Y116.118
G1 F1500 X157.011 Y93.588 E2684.34942
G0 F9000 X156.445 Y93.588
G1 F1500 X134.481 Y115.552 E2685.38254
G0 F9000 X134.481 Y114.986
G1 F1500 X155.88 Y93.588 E2686.38906
G0 F9000 X155.314 Y93.588
G1 F1500 X134.481 Y114.42 E2687.36895
G0 F9000 X134.481 Y113.855
G1 F1500 X154.748 Y93.588 E2688.32225
G0 F9000 X154.183 Y93.588
G1 F1500 X134.481 Y113.289 E2689.24895
G0 F9000 X134.481 Y112.723
G1 F1500 X153.617 Y93.588 E2690.14902
G0 F9000 X153.051 Y93.588
G1 F1500 X134.481 Y112.158 E2691.0225
G0 F9000 X134.481 Y111.592
G1 F1500 X152.485 Y93.588 E2691.86935
G0 F9000 X151.92 Y93.588
G1 F1500 X134.481 Y111.026 E2692.68961
G0 F9000 X134.481 Y110.461
G1 F1500 X151.354 Y93.588 E2693.48326
G0 F9000 X150.788 Y93.588
G1 F1500 X134.481 Y109.895 E2694.25029
G0 F9000 X134.481 Y109.329
G1 F1500 X150.223 Y93.588 E2694.99072
G0 F9000 X149.657 Y93.588
G1 F1500 X134.481 Y108.764 E2695.70456
G0 F9000 X134.481 Y108.198
G1 F1500 X136.69 Y105.989 E2695.80846
G0 F9000 X135.95 Y106.164
G1 F1500 X134.481 Y107.632 E2695.87753
G0 F9000 X134.481 Y107.067
G1 F1500 X135.409 Y106.139 E2695.92119
G0 F9000 X134.974 Y106.008
G1 F1500 X134.481 Y106.501 E2695.94437
G0 F9000 X134.481 Y105.935
G1 F1500 X134.603 Y105.814 E2695.95009
G0 F9000 X134.88 Y105.453
G0 X135.678 Y105.478
G0 X136.245 Y105.426
G0 X136.536 Y105.281
G0 X137.46 Y104.628
G0 X137.887 Y104.792
G1 F1500 X149.091 Y93.588 E2696.47709
G0 F9000 X148.526 Y93.588
G1 F1500 X138.056 Y104.057 E2696.96954
G0 F9000 X138.051 Y103.497
G1 F1500 X147.96 Y93.588 E2697.43563
G0 F9000 X147.394 Y93.588
G1 F1500 X137.897 Y103.085 E2697.88234
G0 F9000 X137.725 Y102.692
G1 F1500 X146.829 Y93.588 E2698.31057
G0 F9000 X146.263 Y93.588
G1 F1500 X137.451 Y102.4 E2698.72506
G0 F9000 X137.174 Y102.111
G1 F1500 X145.697 Y93.588 E2699.12595
G0 F9000 X145.132 Y93.588
G1 F1500 X136.8 Y101.92 E2699.51786
G0 F9000 X136.423 Y101.731
G1 F1500 X144.566 Y93.588 E2699.90089
G0 F9000 X144 Y93.588
G1 F1500 X135.907 Y101.681 E2700.28156
G0 F9000 X135.269 Y101.753
G1 F1500 X143.434 Y93.588 E2700.66561
G0 F9000 X142.869 Y93.588
G1 F1500 X134.48 Y101.977 E2701.06021
G0 F9000 X134.48 Y101.411
G1 F1500 X142.303 Y93.588 E2701.42818
G0 F9000 X141.737 Y93.588
G1 F1500 X134.48 Y100.845 E2701.76952
G0 F9000 X134.48 Y100.28
G1 F1500 X141.172 Y93.588 E2702.08429
G0 F9000 X140.606 Y93.588
G1 F1500 X134.48 Y99.714 E2702.37244
G0 F9000 X134.48 Y99.148
G1 F1500 X140.04 Y93.588 E2702.63397
G0 F9000 X139.475 Y93.588
G1 F1500 X134.48 Y98.583 E2702.86892
G0 F9000 X134.48 Y98.017
G1 F1500 X138.909 Y93.588 E2703.07724
G0 F9000 X138.343 Y93.588
G1 F1500 X134.48 Y97.451 E2703.25895
G0 F9000 X134.48 Y96.886
G1 F1500 X137.778 Y93.588 E2703.41407
G0 F9000 X137.212 Y93.588
G1 F1500 X134.48 Y96.32 E2703.54258
G0 F9000 X134.48 Y95.754
G1 F1500 X136.646 Y93.588 E2703.64446
G0 F9000 X136.081 Y93.588
G1 F1500 X134.48 Y95.189 E2703.71977
G0 F9000 X134.48 Y94.623
G1 F1500 X135.515 Y93.588 E2703.76845
G0 F9000 X134.949 Y93.588
G1 F1500 X134.48 Y94.057 E2703.79051
G1 F2700 E2698.79051
;MESH:Supporto.stl
G0 F9000 X134.02 Y94.057
G0 X133.744 Y120.005
G0 X132.655 Y120.005
G0 X129.166 Y123.118
G0 X128.88 Y140.08
;TYPE:WALL-INNER
G1 F2700 E2703.79051
G1 F966.2 X128.875 Y140.607 E2703.81772
G0 F9000 X128.816 Y151.008
G0 X115.853 Y151.18
G1 F1500 X128.988 Y151.18 E2704.2546
G1 X128.988 Y141.157 E2704.58796
G1 F1315.8 X128.888 Y140.586 E2704.60994
G1 X128.466 Y141.267 E2704.64032
G1 F1500 X128.117 Y141.647 E2704.65748
G1 X127.663 Y141.876 E2704.67439
G1 X127.446 Y141.938 E2704.6819
G1 X127.042 Y141.974 E2704.69539
G1 X126.823 Y141.953 E2704.70271
G1 X126.323 Y141.811 E2704.71999
G1 X125.829 Y141.43 E2704.74074
G1 X125.492 Y140.887 E2704.762
G1 X125.379 Y140.286 E2704.78234
G1 X125.49 Y139.681 E2704.8028
G1 X125.826 Y139.131 E2704.82423
G1 X126.333 Y138.75 E2704.84533
G1 X126.823 Y138.611 E2704.86227
G1 X127.042 Y138.59 E2704.86959
G1 X127.557 Y138.636 E2704.88678
G1 X128.014 Y138.862 E2704.90374
G1 X128.193 Y138.996 E2704.91118
G1 F1321.6 X128.52 Y139.357 E2704.92956
G1 F1067.6 X128.88 Y140.08 E2704.96731
G1 F1105 X128.953 Y139.811 E2704.97989
G1 F1379.3 X128.988 Y139.407 E2704.99456
G1 F1500 X128.988 Y124.38 E2705.49436
G1 X102.188 Y124.38 E2706.38573
G1 X102.189 Y134.744 E2706.73044
G1 F1183.4 X102.294 Y135.147 E2706.748
G1 X102.474 Y134.771 E2706.76557
G1 F1500 X102.555 Y134.564 E2706.77296
G1 X102.829 Y134.129 E2706.79006
G1 X103.32 Y133.755 E2706.81059
G1 X103.823 Y133.61 E2706.828
G1 X104.042 Y133.59 E2706.83532
G1 X104.56 Y133.636 E2706.85261
G1 X105.131 Y133.926 E2706.87391
G1 X105.542 Y134.389 E2706.8945
G1 X105.769 Y134.962 E2706.915
G1 X105.772 Y135.588 E2706.93582
G1 X105.543 Y136.18 E2706.95694
G1 X105.128 Y136.635 E2706.97742
G1 X104.563 Y136.928 E2706.99859
G1 X104.042 Y136.974 E2707.01598
G1 X103.823 Y136.954 E2707.0233
G1 X103.431 Y136.842 E2707.03686
G1 X103.232 Y136.742 E2707.04426
G1 X102.825 Y136.432 E2707.06128
G1 X102.554 Y135.993 E2707.07844
G1 X102.474 Y135.789 E2707.08573
G1 F1188.1 X102.293 Y135.401 E2707.10371
G1 X102.189 Y135.816 E2707.12167
G1 F1500 X102.188 Y151.18 E2707.63268
G1 X115.853 Y151.18 E2708.08718
G0 F9000 X102.36 Y151.008
G0 X102.293 Y135.401
G1 F980.4 X102.294 Y135.147 E2708.10011
G1 F2700 E2703.10011
G0 F9000 X102.941 Y136.331
G0 X103.31 Y136.61
G0 X103.884 Y136.877
G0 X103.969 Y136.579
;TYPE:WALL-OUTER
G1 F2700 E2708.10011
G1 F1500 X103.503 Y136.446 E2708.11622
G1 X103.128 Y136.16 E2708.13191
G1 X102.874 Y135.75 E2708.14795
G1 X102.783 Y135.281 E2708.16384
G1 X102.874 Y134.808 E2708.17986
G1 X103.129 Y134.403 E2708.19578
G1 X103.503 Y134.118 E2708.21142
G1 X103.97 Y133.984 E2708.22758
G1 X104.451 Y134.032 E2708.24366
G1 X104.86 Y134.233 E2708.25881
G1 X105.189 Y134.589 E2708.27494
G1 X105.369 Y135.043 E2708.29118
G1 X105.37 Y135.518 E2708.30698
G1 X105.198 Y135.961 E2708.32278
G1 X104.877 Y136.314 E2708.33865
G1 X104.449 Y136.537 E2708.35471
G1 X103.969 Y136.579 E2708.37073
G1 F2700 E2703.37073
G0 F9000 X103.884 Y136.877
G0 X102.63 Y136.422
G0 X102.379 Y136.067
G0 X102.36 Y151.008
G0 X115.861 Y151.273
G0 X115.861 Y151.58
G1 F2700 E2708.37073
G1 F1500 X129.388 Y151.58 E2708.82064
G1 X129.388 Y123.98 E2709.73862
G1 X101.788 Y123.98 E2710.6566
G1 X101.788 Y151.58 E2711.57458
G1 X115.861 Y151.58 E2712.04265
G1 F2700 E2707.04265
G0 F9000 X115.861 Y151.273
G0 X128.816 Y151.008
G0 X128.798 Y141.086
G0 X127.812 Y141.68
G0 X126.883 Y141.877
G0 X126.968 Y141.579
G1 F2700 E2712.04265
G1 F1500 X126.503 Y141.442 E2712.05877
G1 X126.123 Y141.149 E2712.07473
G1 X125.876 Y140.747 E2712.09043
G1 X125.785 Y140.281 E2712.10622
G1 X125.876 Y139.813 E2712.12207
G1 X126.129 Y139.407 E2712.13799
G1 X126.507 Y139.117 E2712.15383
G1 X126.969 Y138.985 E2712.16981
G1 X127.447 Y139.027 E2712.18577
G1 X127.872 Y139.237 E2712.20154
G1 X128.199 Y139.598 E2712.21774
G1 X128.372 Y140.04 E2712.23353
G1 X128.37 Y140.519 E2712.24946
G1 X128.198 Y140.967 E2712.26542
G1 X127.872 Y141.323 E2712.28147
G1 X127.448 Y141.537 E2712.29727
G1 X126.968 Y141.579 E2712.3133
G0 F9000 X126.883 Y141.877
G0 X128.311 Y141.673
G0 X128.798 Y141.086
G0 X128.816 Y151.008
G0 X115.846 Y151.08
G0 X115.846 Y150.82
;TYPE:SKIN
G1 F1500 X102.548 Y150.82 E2712.75559
G1 X102.549 Y136.629 E2713.22759
G1 X102.672 Y136.764 E2713.23366
G1 X103.006 Y137.023 E2713.24772
G1 X103.336 Y137.189 E2713.26
G1 X103.748 Y137.304 E2713.27423
G1 X104.04 Y137.332 E2713.28399
G1 X104.669 Y137.271 E2713.30501
G1 X105.322 Y136.938 E2713.32939
G1 X105.844 Y136.381 E2713.35478
G1 X106.117 Y135.695 E2713.37933
G1 X106.128 Y134.893 E2713.40601
G1 X105.844 Y134.176 E2713.43166
G1 X105.335 Y133.625 E2713.45661
G1 X104.669 Y133.289 E2713.48142
G1 X104.079 Y133.228 E2713.50115
G1 X103.748 Y133.256 E2713.5122
G1 X103.336 Y133.371 E2713.52642
G1 X103.038 Y133.517 E2713.53746
G1 X102.672 Y133.796 E2713.55277
G1 X102.545 Y133.936 E2713.55905
G1 X102.548 Y124.741 E2713.86488
G1 X128.628 Y124.74 E2714.7323
G1 X128.628 Y138.938 E2715.20453
G1 X128.461 Y138.753 E2715.21282
G1 X128.205 Y138.556 E2715.22357
G1 X127.788 Y138.351 E2715.23902
G1 X127.512 Y138.271 E2715.24858
G1 X127.079 Y138.228 E2715.26305
G1 X126.748 Y138.256 E2715.2741
G1 X126.16 Y138.428 E2715.29448
G1 X125.571 Y138.877 E2715.31911
G1 X125.164 Y139.507 E2715.34405
G1 X125.008 Y140.28 E2715.37028
G1 X125.162 Y141.036 E2715.39594
G1 X125.556 Y141.669 E2715.42074
G1 X126.155 Y142.134 E2715.44596
G1 X126.748 Y142.304 E2715.46648
G1 X127.04 Y142.332 E2715.47624
G1 X127.479 Y142.296 E2715.49089
G1 X127.789 Y142.208 E2715.50161
G1 X128.182 Y142.015 E2715.51617
G1 X128.46 Y141.804 E2715.52778
G1 X128.628 Y141.619 E2715.53609
G1 X128.628 Y150.82 E2715.84212
G1 X115.846 Y150.82 E2716.26725
G0 F9000 X115.846 Y151.08
G0 X128.263 Y151.08
G0 X128.263 Y150.62
G1 F1500 X128.428 Y150.455 E2716.27501
G0 F9000 X128.428 Y149.89
G1 F1500 X127.697 Y150.62 E2716.30937
G0 F9000 X127.131 Y150.62
G1 F1500 X128.428 Y149.324 E2716.37035
G0 F9000 X128.428 Y148.758
G1 F1500 X126.566 Y150.62 E2716.45793
G0 F9000 X126 Y150.62
G1 F1500 X128.428 Y148.193 E2716.57212
G0 F9000 X128.428 Y147.627
G1 F1500 X125.434 Y150.62 E2716.71292
G0 F9000 X124.869 Y150.62
G1 F1500 X128.428 Y147.061 E2716.88033
G0 F9000 X128.428 Y146.496
G1 F1500 X124.303 Y150.62 E2717.07433
G0 F9000 X123.737 Y150.62
G1 F1500 X128.428 Y145.93 E2717.29496
G0 F9000 X128.428 Y145.364
G1 F1500 X123.172 Y150.62 E2717.54218
G0 F9000 X122.606 Y150.62
G1 F1500 X128.428 Y144.798 E2717.81603
G0 F9000 X128.428 Y144.233
G1 F1500 X122.04 Y150.62 E2718.11648
G0 F9000 X121.475 Y150.62
G1 F1500 X128.428 Y143.667 E2718.44353
G0 F9000 X128.428 Y143.101
G1 F1500 X120.909 Y150.62 E2718.7972
G0 F9000 X120.343 Y150.62
G1 F1500 X128.428 Y142.536 E2719.17747
G0 F9000 X128.136 Y142.262
G1 F1500 X119.778 Y150.62 E2719.5706
G0 F9000 X119.212 Y150.62
G1 F1500 X127.324 Y142.507 E2719.95219
G0 F9000 X126.765 Y142.501
G1 F1500 X118.646 Y150.62 E2720.33408
G0 F9000 X118.08 Y150.62
G1 F1500 X126.31 Y142.39 E2720.7212
G0 F9000 X125.924 Y142.21
G1 F1500 X117.515 Y150.62 E2721.11675
G0 F9000 X116.949 Y150.62
G1 F1500 X125.61 Y141.959 E2721.52414
G0 F9000 X125.33 Y141.674
G1 F1500 X116.383 Y150.62 E2721.94496
G0 F9000 X115.818 Y150.62
G1 F1500 X125.111 Y141.327 E2722.38207
G0 F9000 X124.932 Y140.94
G1 F1500 X115.252 Y150.62 E2722.83739
G0 F9000 X114.686 Y150.62
G1 F1500 X124.84 Y140.466 E2723.315
G0 F9000 X124.89 Y139.851
G1 F1500 X114.121 Y150.62 E2723.82154
G0 F9000 X113.555 Y150.62
G1 F1500 X125.378 Y138.797 E2724.37766
G1 X125.477 Y138.698
G1 X128.428 Y135.748 E2724.51644
G0 F9000 X128.428 Y136.313
G1 F1500 X126.666 Y138.075 E2724.59932
G0 F9000 X127.262 Y138.044
G1 F1500 X128.428 Y136.879 E2724.65414
G0 F9000 X128.428 Y137.445
G1 F1500 X127.74 Y138.132 E2724.68648
G0 F9000 X128.137 Y138.301
G1 F1500 X128.428 Y138.01 E2724.70017
G0 F9000 X128.888 Y138.01
G0 X128.888 Y135.182
G0 X128.428 Y135.182
G1 F1500 X112.989 Y150.62 E2725.42635
G0 F9000 X112.424 Y150.62
G1 F1500 X128.428 Y134.616 E2726.17913
G0 F9000 X128.428 Y134.05
G1 F1500 X111.858 Y150.62 E2726.95853
G0 F9000 X111.292 Y150.62
G1 F1500 X128.428 Y133.485 E2727.76453
G0 F9000 X128.428 Y132.919
G1 F1500 X110.727 Y150.62 E2728.59713
G0 F9000 X110.161 Y150.62
G1 F1500 X128.428 Y132.353 E2729.45636
G0 F9000 X128.428 Y131.788
G1 F1500 X109.595 Y150.62 E2730.34218
G0 F9000 X109.03 Y150.62
G1 F1500 X128.428 Y131.222 E2731.2546
G0 F9000 X128.428 Y130.656
G1 F1500 X108.464 Y150.62 E2732.19365
G0 F9000 X107.898 Y150.62
G1 F1500 X128.428 Y130.091 E2733.15929
G0 F9000 X128.428 Y129.525
G1 F1500 X107.332 Y150.62 E2734.15156
G0 F9000 X106.767 Y150.62
G1 F1500 X128.428 Y128.959 E2735.17043
G0 F9000 X128.428 Y128.394
G1 F1500 X106.201 Y150.62 E2736.21589
G0 F9000 X105.635 Y150.62
G1 F1500 X128.428 Y127.828 E2737.28798
G0 F9000 X128.428 Y127.262
G1 F1500 X105.07 Y150.62 E2738.38667
G0 F9000 X104.504 Y150.62
G1 F1500 X128.428 Y126.697 E2739.51196
G0 F9000 X128.428 Y126.131
G1 F1500 X103.938 Y150.62 E2740.66387
G0 F9000 X103.373 Y150.62
G1 F1500 X128.428 Y125.565 E2741.84238
G0 F9000 X128.428 Y125
G1 F1500 X102.807 Y150.62 E2743.04749
G0 F9000 X102.748 Y150.113
G1 F1500 X127.921 Y124.94 E2744.23155
G0 F9000 X127.356 Y124.94
G1 F1500 X102.748 Y149.547 E2745.38901
G0 F9000 X102.748 Y148.982
G1 F1500 X126.79 Y124.94 E2746.51987
G0 F9000 X126.224 Y124.94
G1 F1500 X102.748 Y148.416 E2747.62411
G0 F9000 X102.748 Y147.85
G1 F1500 X125.659 Y124.94 E2748.70175
G0 F9000 X125.093 Y124.94
G1 F1500 X102.748 Y147.285 E2749.75279
G0 F9000 X102.748 Y146.719
G1 F1500 X124.527 Y124.94 E2750.77721
G0 F9000 X123.961 Y124.94
G1 F1500 X102.748 Y146.153 E2751.775
G0 F9000 X102.748 Y145.588
G1 F1500 X123.396 Y124.94 E2752.74622
G0 F9000 X122.83 Y124.94
G1 F1500 X102.748 Y145.022 E2753.69082
G0 F9000 X102.748 Y144.456
G1 F1500 X122.264 Y124.94 E2754.60879
G0 F9000 X121.699 Y124.94
G1 F1500 X102.748 Y143.891 E2755.50019
G0 F9000 X102.748 Y143.325
G1 F1500 X121.133 Y124.94 E2756.36496
G0 F9000 X120.567 Y124.94
G1 F1500 X102.748 Y142.759 E2757.20311
G0 F9000 X102.748 Y142.194
G1 F1500 X120.002 Y124.94 E2758.01469
G0 F9000 X119.436 Y124.94
G1 F1500 X102.748 Y141.628 E2758.79964
G0 F9000 X102.748 Y141.062
G1 F1500 X118.87 Y124.94 E2759.55797
G0 F9000 X118.305 Y124.94
G1 F1500 X102.748 Y140.496 E2760.2897
G0 F9000 X102.748 Y139.931
G1 F1500 X117.739 Y124.94 E2760.99483
G0 F9000 X117.173 Y124.94
G1 F1500 X106.275 Y135.839 E2761.50746
G0 F9000 X106.326 Y135.222
G1 F1500 X116.608 Y124.94 E2761.9911
G0 F9000 X116.042 Y124.94
G1 F1500 X106.27 Y134.712 E2762.45074
G0 F9000 X106.112 Y134.304
G1 F1500 X115.476 Y124.94 E2762.8912
G0 F9000 X114.911 Y124.94
G1 F1500 X105.903 Y133.947 E2763.31488
G0 F9000 X105.633 Y133.652
G1 F1500 X114.345 Y124.94 E2763.72467
G0 F9000 X113.779 Y124.94
G1 F1500 X105.324 Y133.396 E2764.12239
G0 F9000 X104.946 Y133.208
G1 F1500 X113.213 Y124.94 E2764.51127
G0 F9000 X112.648 Y124.94
G1 F1500 X104.518 Y133.07 E2764.89368
G0 F9000 X103.984 Y133.038
G1 F1500 X112.082 Y124.94 E2765.27458
G0 F9000 X111.516 Y124.94
G1 F1500 X103.274 Y133.183 E2765.66228
G0 F9000 X102.745 Y133.145
G1 F1500 X110.951 Y124.94 E2766.04824
G0 F9000 X110.385 Y124.94
G1 F1500 X102.745 Y132.58 E2766.40761
G0 F9000 X102.745 Y132.014
G1 F1500 X109.819 Y124.94 E2766.74035
G0 F9000 X109.254 Y124.94
G1 F1500 X102.745 Y131.448 E2767.04649
G0 F9000 X102.746 Y130.882
G1 F1500 X108.688 Y124.94 E2767.32598
G0 F9000 X108.122 Y124.94
G1 F1500 X102.746 Y130.316 E2767.57885
G0 F9000 X102.746 Y129.751
G1 F1500 X107.557 Y124.94 E2767.80514
G0 F9000 X106.991 Y124.94
G1 F1500 X102.746 Y129.185 E2768.00482
G0 F9000 X102.747 Y128.618
G1 F1500 X106.425 Y124.94 E2768.17782
G0 F9000 X105.86 Y124.94
G1 F1500 X102.747 Y128.053 E2768.32424
G0 F9000 X102.747 Y127.487
G1 F1500 X105.294 Y124.94 E2768.44405
G0 F9000 X104.728 Y124.94
G1 F1500 X102.748 Y126.921 E2768.5372
G0 F9000 X102.748 Y126.355
G1 F1500 X104.162 Y124.94 E2768.60374
G0 F9000 X103.597 Y124.94
G1 F1500 X102.748 Y125.789 E2768.64367
G0 F9000 X102.748 Y125.224
G1 F1500 X103.031 Y124.94 E2768.65701
G0 F9000 X103.031 Y124.48
G0 X102.36 Y124.552
G0 X102.376 Y134.497
G0 X102.639 Y135.845
G0 X103.319 Y136.895
G0 X103.115 Y137.301
G1 F1500 X102.748 Y137.668 E2768.67427
G0 F9000 X102.748 Y138.234
G1 F1500 X103.533 Y137.449 E2768.71119
G0 F9000 X104.023 Y137.524
G1 F1500 X102.748 Y138.799 E2768.77117
G0 F9000 X102.748 Y139.365
G1 F1500 X104.633 Y137.48 E2768.85983
G1 F2700 E2763.85983
;MESH:NONMESH
G0 F300 X104.633 Y137.48 Z4.6
G0 F9000 X104.592 Y137.028
G0 X105.414 Y136.103
G0 X105.621 Y135.569
G0 X105.621 Y134.997
G0 X105.414 Y134.463
G0 X105.028 Y134.041
G0 X103.775 Y133.457
G0 X102.376 Y134.497
G0 X102.014 Y124.207
G0 X100.925 Y124.207
G0 X97.069 Y121.431
G0 X70.202 Y104.131
;TIME_ELAPSED:3747.891619
;LAYER:22
;TYPE:WALL-INNER
;MESH:Supporto.stl(1)
G1 F2700 E2768.85983
G1 F980.4 X70.201 Y104.385 E2768.87276
G1 F2700 E2763.87276
G0 F9000 X70.268 Y119.992
G0 X87.051 Y120.164
G1 F2700 E2768.87276
G1 F1500 X96.896 Y120.164 E2769.2002
G1 X96.896 Y110.141 E2769.53357
G1 F1315.8 X96.796 Y109.57 E2769.55555
G1 X96.374 Y110.25 E2769.58589
G1 F1500 X96.029 Y110.627 E2769.60289
G1 X95.471 Y110.906 E2769.62364
G1 X94.956 Y110.957 E2769.64085
G1 X94.729 Y110.937 E2769.64843
G1 X94.232 Y110.794 E2769.66563
G1 X93.732 Y110.408 E2769.68664
G1 X93.4 Y109.872 E2769.70761
G1 X93.287 Y109.27 E2769.72798
G1 X93.398 Y108.665 E2769.74844
G1 X93.731 Y108.118 E2769.76974
G1 X94.242 Y107.732 E2769.79104
G1 X94.729 Y107.591 E2769.8079
G1 X94.956 Y107.571 E2769.81548
G1 X95.471 Y107.622 E2769.8327
G1 X95.929 Y107.851 E2769.84973
G1 X96.103 Y107.982 E2769.85697
G1 F1321.6 X96.426 Y108.334 E2769.87501
G1 F1067.6 X96.788 Y109.064 E2769.91308
G1 F1102.9 X96.861 Y108.798 E2769.92556
G1 F1376.1 X96.896 Y108.39 E2769.94041
G1 F1500 X96.896 Y93.364 E2770.44017
G1 X70.096 Y93.364 E2771.33155
G1 X70.097 Y103.728 E2771.67625
G1 F1183.4 X70.202 Y104.131 E2771.69381
G1 X70.382 Y103.755 E2771.71138
G1 F1500 X70.46 Y103.553 E2771.71859
G1 X70.672 Y103.209 E2771.73203
G1 X70.823 Y103.044 E2771.73946
G1 X71.235 Y102.734 E2771.75661
G1 X71.729 Y102.591 E2771.77372
G1 X71.956 Y102.57 E2771.7813
G1 X72.471 Y102.621 E2771.79851
G1 X73.027 Y102.906 E2771.81929
G1 X73.457 Y103.375 E2771.84046
G1 X73.678 Y103.953 E2771.86104
G1 X73.68 Y104.573 E2771.88166
G1 X73.45 Y105.166 E2771.90282
G1 X73.014 Y105.635 E2771.92411
G1 X72.468 Y105.907 E2771.9444
G1 X71.956 Y105.958 E2771.96152
G1 X71.729 Y105.937 E2771.9691
G1 X71.235 Y105.794 E2771.9862
G1 X70.823 Y105.484 E2772.00335
G1 X70.672 Y105.319 E2772.01079
G1 X70.46 Y104.975 E2772.02423
G1 X70.382 Y104.773 E2772.03143
G1 F1188.1 X70.201 Y104.385 E2772.04941
G1 X70.097 Y104.8 E2772.06738
G1 F1500 X70.096 Y120.164 E2772.57838
G1 X87.051 Y120.164 E2773.14231
G0 F9000 X96.724 Y119.992
G0 X96.783 Y109.591
G1 F966.2 X96.788 Y109.064 E2773.16952
G1 F2700 E2768.16952
G0 F9000 X96.323 Y110.085
G0 X96.011 Y110.428
G0 X95.495 Y110.796
G0 X95.357 Y110.515
;TYPE:WALL-OUTER
G1 F2700 E2773.16952
G1 F1500 X94.874 Y110.563 E2773.18567
G1 X94.415 Y110.426 E2773.2016
G1 X94.043 Y110.147 E2773.21707
G1 X93.784 Y109.731 E2773.23336
G1 X93.693 Y109.265 E2773.24916
G1 X93.784 Y108.797 E2773.26501
G1 X94.045 Y108.379 E2773.2814
G1 X94.42 Y108.096 E2773.29703
G1 X94.875 Y107.965 E2773.31278
G1 X95.357 Y108.013 E2773.32889
G1 X95.784 Y108.226 E2773.34476
G1 X96.105 Y108.575 E2773.36053
G1 X96.28 Y109.025 E2773.37659
G1 X96.278 Y109.503 E2773.39249
G1 X96.106 Y109.952 E2773.40848
G1 X95.784 Y110.302 E2773.4243
G1 X95.357 Y110.515 E2773.44017
G1 F2700 E2768.44017
G0 F9000 X95.495 Y110.796
G0 X96.707 Y110.07
G0 X96.724 Y119.992
G0 X87.158 Y120.256
G0 X87.158 Y120.564
G1 F2700 E2773.44017
G1 F1500 X97.296 Y120.564 E2773.77736
G1 X97.296 Y92.964 E2774.69534
G1 X69.696 Y92.964 E2775.61332
G1 X69.696 Y120.564 E2776.5313
G1 X87.158 Y120.564 E2777.11209
G1 F2700 E2772.11209
G0 F9000 X87.158 Y120.256
G0 X70.268 Y119.992
G0 X70.287 Y105.051
G0 X71.654 Y105.914
G0 X72.499 Y105.794
G0 X72.36 Y105.511
G1 F2700 E2777.11209
G1 F1500 X71.879 Y105.564 E2777.12818
G1 X71.418 Y105.431 E2777.14414
G1 X71.033 Y105.141 E2777.16017
G1 X70.782 Y104.734 E2777.17608
G1 X70.691 Y104.265 E2777.19197
G1 X70.782 Y103.794 E2777.20792
G1 X71.033 Y103.387 E2777.22383
G1 X71.418 Y103.097 E2777.23986
G1 X71.877 Y102.964 E2777.25575
G1 X72.355 Y103.011 E2777.27173
G1 X72.772 Y103.221 E2777.28726
G1 X73.102 Y103.571 E2777.30326
G1 X73.28 Y104.044 E2777.32006
G1 X73.278 Y104.502 E2777.3353
G1 X73.106 Y104.945 E2777.3511
G1 X72.789 Y105.294 E2777.36678
G1 X72.36 Y105.511 E2777.38277
G1 F2700 E2772.38277
G0 F9000 X72.499 Y105.794
G0 X71.047 Y105.853
G0 X70.287 Y105.051
G0 X70.268 Y119.992
G0 X86.956 Y120.064
G0 X86.956 Y119.804
;TYPE:SKIN
G1 F2700 E2777.38277
G1 F1500 X70.456 Y119.804 E2777.93157
G1 X70.457 Y105.613 E2778.40356
G1 X70.606 Y105.772 E2778.41081
G1 X70.923 Y106.012 E2778.42403
G1 X71.248 Y106.173 E2778.4361
G1 X71.62 Y106.281 E2778.44898
G1 X71.957 Y106.316 E2778.46025
G1 X72.572 Y106.255 E2778.4808
G1 X73.254 Y105.901 E2778.50636
G1 X73.751 Y105.375 E2778.53043
G1 X74.031 Y104.668 E2778.55572
G1 X74.036 Y103.88 E2778.58193
G1 X73.739 Y103.139 E2778.60848
G1 X73.247 Y102.613 E2778.63244
G1 X72.571 Y102.269 E2778.65767
G1 X71.957 Y102.208 E2778.67819
G1 X71.657 Y102.236 E2778.68821
G1 X71.242 Y102.356 E2778.70258
G1 X70.959 Y102.492 E2778.71302
G1 X70.579 Y102.777 E2778.72882
G1 X70.456 Y102.914 E2778.73494
G1 X70.456 Y93.724 E2779.0406
G1 X96.536 Y93.724 E2779.90803
G1 X96.536 Y107.922 E2780.38026
G1 X96.341 Y107.716 E2780.38969
G1 X96.081 Y107.524 E2780.40044
G1 X95.725 Y107.348 E2780.41365
G1 X95.431 Y107.256 E2780.4239
G1 X94.995 Y107.212 E2780.43847
G1 X94.62 Y107.243 E2780.45099
G1 X94.073 Y107.407 E2780.46998
G1 X93.458 Y107.87 E2780.49558
G1 X93.068 Y108.509 E2780.52048
G1 X92.916 Y109.264 E2780.5461
G1 X93.069 Y110.019 E2780.57172
G1 X93.483 Y110.675 E2780.59752
G1 X94.067 Y111.118 E2780.6219
G1 X94.62 Y111.281 E2780.64107
G1 X94.957 Y111.316 E2780.65234
G1 X95.393 Y111.276 E2780.66691
G1 X95.692 Y111.193 E2780.67723
G1 X96.083 Y110.999 E2780.69174
G1 X96.341 Y110.808 E2780.70242
G1 X96.536 Y110.602 E2780.71186
G1 X96.536 Y119.804 E2781.01792
G1 X86.956 Y119.804 E2781.33655
G0 F9000 X86.956 Y120.064
G0 X70.268 Y119.992
G0 X70.197 Y119.304
G0 X70.656 Y119.305
G1 F1500 X70.955 Y119.604 E2781.35061
G0 F9000 X71.52 Y119.604
G1 F1500 X70.656 Y118.739 E2781.39127
G0 F9000 X70.656 Y118.174
G1 F1500 X72.086 Y119.604 E2781.45854
G0 F9000 X72.652 Y119.604
G1 F1500 X70.656 Y117.608 E2781.55242
G0 F9000 X70.656 Y117.042
G1 F1500 X73.217 Y119.604 E2781.67291
G0 F9000 X73.783 Y119.604
G1 F1500 X70.656 Y116.477 E2781.81999
G0 F9000 X70.656 Y115.911
G1 F1500 X74.349 Y119.604 E2781.9937
G0 F9000 X74.914 Y119.604
G1 F1500 X70.656 Y115.345 E2782.19401
G0 F9000 X70.656 Y114.78
G1 F1500 X75.48 Y119.604 E2782.42091
G0 F9000 X76.046 Y119.604
G1 F1500 X70.656 Y114.214 E2782.67444
G0 F9000 X70.656 Y113.648
G1 F1500 X76.611 Y119.604 E2782.95457
G0 F9000 X77.177 Y119.604
G1 F1500 X70.656 Y113.083 E2783.2613
G0 F9000 X70.656 Y112.517
G1 F1500 X77.743 Y119.604 E2783.59465
G0 F9000 X78.309 Y119.604
G1 F1500 X70.656 Y111.951 E2783.95462
G0 F9000 X70.656 Y111.386
G1 F1500 X78.874 Y119.604 E2784.34117
G0 F9000 X79.44 Y119.604
G1 F1500 X70.656 Y110.82 E2784.75434
G0 F9000 X70.656 Y110.254
G1 F1500 X80.006 Y119.604 E2785.19414
G0 F9000 X80.571 Y119.604
G1 F1500 X70.656 Y109.689 E2785.66051
G0 F9000 X70.656 Y109.123
G1 F1500 X81.137 Y119.604 E2786.15351
G0 F9000 X81.703 Y119.604
G1 F1500 X70.656 Y108.557 E2786.67312
G0 F9000 X70.656 Y107.991
G1 F1500 X82.268 Y119.604 E2787.21934
G0 F9000 X82.834 Y119.604
G1 F1500 X70.656 Y107.426 E2787.79215
G0 F9000 X70.656 Y106.86
G1 F1500 X83.4 Y119.604 E2788.39159
G0 F9000 X83.965 Y119.604
G1 F1500 X70.656 Y106.294 E2789.01763
G0 F9000 X71.334 Y106.406
G1 F1500 X84.531 Y119.604 E2789.6384
G0 F9000 X85.097 Y119.604
G1 F1500 X72.008 Y106.515 E2790.25407
G0 F9000 X72.521 Y106.462
G1 F1500 X85.662 Y119.604 E2790.8722
G0 F9000 X86.228 Y119.604
G1 F1500 X72.925 Y106.3 E2791.49796
G0 F9000 X73.299 Y106.109
G1 F1500 X86.794 Y119.604 E2792.13272
G0 F9000 X87.36 Y119.604
G1 F1500 X73.591 Y105.835 E2792.78037
G0 F9000 X73.866 Y105.545
G1 F1500 X87.925 Y119.604 E2793.44167
G0 F9000 X88.491 Y119.604
G1 F1500 X74.049 Y105.162 E2794.12097
G0 F9000 X74.209 Y104.756
G1 F1500 X89.057 Y119.604 E2794.81938
G0 F9000 X89.622 Y119.604
G1 F1500 X74.232 Y104.213 E2795.5433
G0 F9000 X74.111 Y103.527
G1 F1500 X90.188 Y119.604 E2796.29951
G0 F9000 X90.754 Y119.604
G1 F1500 X70.656 Y99.506 E2797.24486
G0 F9000 X70.656 Y98.941
G1 F1500 X91.319 Y119.604 E2798.21679
G0 F9000 X91.885 Y119.604
G1 F1500 X70.656 Y98.375 E2799.21533
G0 F9000 X70.656 Y97.809
G1 F1500 X92.451 Y119.604 E2800.2405
G0 F9000 X93.016 Y119.604
G1 F1500 X70.656 Y97.243 E2801.29227
G0 F9000 X70.656 Y96.678
G1 F1500 X93.582 Y119.604 E2802.37064
G0 F9000 X94.148 Y119.604
G1 F1500 X70.656 Y96.112 E2803.47563
G0 F9000 X70.656 Y95.546
G1 F1500 X94.713 Y119.604 E2804.60722
G0 F9000 X95.279 Y119.604
G1 F1500 X70.656 Y94.981 E2805.76541
G0 F9000 X70.656 Y94.415
G1 F1500 X95.845 Y119.604 E2806.95023
G0 F9000 X96.336 Y119.529
G1 F1500 X70.731 Y93.924 E2808.15461
G0 F9000 X71.297 Y93.924
G1 F1500 X96.336 Y118.964 E2809.33239
G0 F9000 X96.336 Y118.398
G1 F1500 X71.863 Y93.924 E2810.48355
G0 F9000 X72.428 Y93.924
G1 F1500 X96.336 Y117.832 E2811.60811
G0 F9000 X96.336 Y117.267
G1 F1500 X72.994 Y93.924 E2812.70607
G0 F9000 X73.56 Y93.924
G1 F1500 X96.336 Y116.701 E2813.7774
G0 F9000 X96.336 Y116.135
G1 F1500 X74.125 Y93.924 E2814.82214
G0 F9000 X74.691 Y93.924
G1 F1500 X96.336 Y115.57 E2815.84028
G0 F9000 X96.336 Y115.004
G1 F1500 X75.257 Y93.924 E2816.83179
G0 F9000 X75.822 Y93.924
G1 F1500 X96.336 Y114.438 E2817.79671
G0 F9000 X96.336 Y113.872
G1 F1500 X76.388 Y93.924 E2818.735
G0 F9000 X76.954 Y93.924
G1 F1500 X92.815 Y109.785 E2819.48105
G0 F9000 X92.738 Y109.143
G1 F1500 X77.519 Y93.924 E2820.19691
G0 F9000 X78.085 Y93.924
G1 F1500 X92.831 Y108.67 E2820.89052
G0 F9000 X92.986 Y108.259
G1 F1500 X78.651 Y93.924 E2821.56479
G0 F9000 X79.216 Y93.924
G1 F1500 X93.203 Y107.911 E2822.2227
G0 F9000 X93.469 Y107.611
G1 F1500 X79.782 Y93.924 E2822.86649
G0 F9000 X80.348 Y93.924
G1 F1500 X93.793 Y107.369 E2823.4989
G0 F9000 X94.158 Y107.169
G1 F1500 X80.914 Y93.924 E2824.12188
G0 F9000 X81.479 Y93.924
G1 F1500 X94.596 Y107.041 E2824.73887
G0 F9000 X95.145 Y107.025
G1 F1500 X82.045 Y93.924 E2825.35507
G0 F9000 X82.611 Y93.924
G1 F1500 X95.898 Y107.212 E2825.98008
G0 F9000 X96.336 Y107.084
G1 F1500 X83.176 Y93.924 E2826.59908
G0 F9000 X83.742 Y93.924
G1 F1500 X96.336 Y106.519 E2827.19149
G0 F9000 X96.336 Y105.953
G1 F1500 X84.308 Y93.924 E2827.75727
G0 F9000 X84.873 Y93.924
G1 F1500 X96.336 Y105.387 E2828.29646
G0 F9000 X96.336 Y104.822
G1 F1500 X85.439 Y93.924 E2828.80904
G0 F9000 X86.005 Y93.924
G1 F1500 X96.336 Y104.256 E2829.29501
G0 F9000 X96.336 Y103.69
G1 F1500 X86.57 Y93.924 E2829.75437
G0 F9000 X87.136 Y93.924
G1 F1500 X96.336 Y103.124 E2830.18711
G0 F9000 X96.336 Y102.559
G1 F1500 X87.702 Y93.924 E2830.59325
G0 F9000 X88.267 Y93.924
G1 F1500 X96.336 Y101.993 E2830.97279
G0 F9000 X96.336 Y101.427
G1 F1500 X88.833 Y93.924 E2831.32571
G0 F9000 X89.399 Y93.924
G1 F1500 X96.336 Y100.862 E2831.65203
G0 F9000 X96.336 Y100.296
G1 F1500 X89.964 Y93.924 E2831.95175
G0 F9000 X90.53 Y93.924
G1 F1500 X96.336 Y99.73 E2832.22484
G0 F9000 X96.336 Y99.165
G1 F1500 X91.096 Y93.924 E2832.47134
G0 F9000 X91.662 Y93.924
G1 F1500 X96.336 Y98.599 E2832.69121
G0 F9000 X96.336 Y98.033
G1 F1500 X92.227 Y93.924 E2832.88449
G0 F9000 X92.793 Y93.924
G1 F1500 X96.336 Y97.468 E2833.05116
G0 F9000 X96.336 Y96.902
G1 F1500 X93.359 Y93.924 E2833.19122
G0 F9000 X93.924 Y93.924
G1 F1500 X96.336 Y96.336 E2833.30467
G0 F9000 X96.336 Y95.771
G1 F1500 X94.49 Y93.924 E2833.39152
G0 F9000 X95.056 Y93.924
G1 F1500 X96.336 Y95.205 E2833.45175
G0 F9000 X96.336 Y94.639
G1 F1500 X95.621 Y93.924 E2833.48538
G0 F9000 X96.187 Y93.924
G1 F1500 X96.336 Y94.073 E2833.49239
G0 F9000 X96.796 Y94.073
G0 X96.706 Y108.461
G0 X96.529 Y109.552
G0 X96.363 Y109.984
G0 X95.79 Y110.859
G0 X95.993 Y111.266
G1 F1500 X96.336 Y111.61 E2833.50855
G0 F9000 X96.336 Y112.175
G1 F1500 X95.589 Y111.428 E2833.54369
G0 F9000 X95.097 Y111.502
G1 F1500 X96.336 Y112.741 E2833.60197
G0 F9000 X96.336 Y113.307
G1 F1500 X94.478 Y111.449 E2833.68936
G1 F2700 E2828.68936
G0 F9000 X94.606 Y111.006
G0 X93.254 Y109.94
G0 X93.608 Y108.01
G0 X95.645 Y107.529
G0 X96.706 Y108.461
G0 X96.724 Y93.536
G0 X70.268 Y93.536
G0 X70.287 Y103.477
G0 X71.244 Y102.873
G0 X72.501 Y102.521
G0 X72.688 Y102.104
G1 F2700 E2833.68936
G1 F1500 X70.656 Y100.072 E2833.78494
G0 F9000 X70.656 Y100.638
G1 F1500 X72.031 Y102.012 E2833.84959
G0 F9000 X71.517 Y102.064
G1 F1500 X70.656 Y101.203 E2833.89009
G0 F9000 X70.656 Y101.769
G1 F1500 X71.094 Y102.207 E2833.91069
G0 F9000 X70.733 Y102.411
G1 F1500 X70.656 Y102.335 E2833.91429
G1 F2700 E2828.91429
;MESH:TracciaSopra.stl
G0 F9000 X70.196 Y102.335
G0 X70.268 Y93.536
G0 X97.075 Y93.19
G0 X98.164 Y93.19
G0 X101.406 Y90.778
G0 X101.686 Y73.738
;TYPE:WALL-INNER
G1 F2700 E2833.91429
G1 F983.6 X101.686 Y73.486 E2833.92707
G0 F9000 X101.752 Y89.34
G0 X115.194 Y89.512
G1 F1500 X128.38 Y89.512 E2834.36564
G1 X128.38 Y79.478 E2834.69937
G1 F1310 X128.276 Y78.917 E2834.7211
G1 X127.858 Y79.598 E2834.75153
G1 F1500 X127.587 Y79.894 E2834.76488
G1 X127.411 Y80.026 E2834.7722
G1 X127.047 Y80.206 E2834.7857
G1 X126.834 Y80.266 E2834.79306
G1 X126.325 Y80.312 E2834.81006
G1 X125.714 Y80.144 E2834.83114
G1 X125.208 Y79.749 E2834.85249
G1 X124.881 Y79.23 E2834.87289
G1 X124.773 Y78.62 E2834.8935
G1 X124.888 Y77.982 E2834.91506
G1 X125.216 Y77.465 E2834.93542
G1 X125.722 Y77.079 E2834.95659
G1 X126.215 Y76.939 E2834.97363
G1 X126.434 Y76.918 E2834.98095
G1 X126.834 Y76.954 E2834.99431
G1 X127.051 Y77.016 E2835.00182
G1 X127.514 Y77.25 E2835.01907
G1 F1318.7 X127.908 Y77.681 E2835.04116
G1 F1061.9 X128.27 Y78.408 E2835.07932
G1 F1096.9 X128.343 Y78.145 E2835.09173
G1 F1373 X128.38 Y77.743 E2835.1064
G1 F1500 X128.38 Y62.712 E2835.60633
G1 X101.58 Y62.712 E2836.49771
G1 X101.58 Y73.083 E2836.84265
G1 F1188.1 X101.686 Y73.486 E2836.86014
G1 X101.861 Y73.108 E2836.87764
G1 F1500 X101.943 Y72.896 E2836.8852
G1 X102.216 Y72.461 E2836.90228
G1 X102.712 Y72.083 E2836.92302
G1 X103.215 Y71.938 E2836.94043
G1 X103.434 Y71.918 E2836.94774
G1 X103.95 Y71.964 E2836.96497
G1 X104.512 Y72.254 E2836.98601
G1 X104.933 Y72.714 E2837.00675
G1 X105.158 Y73.297 E2837.02753
G1 X105.156 Y73.921 E2837.04829
G1 X104.94 Y74.508 E2837.06909
G1 X104.507 Y74.973 E2837.09022
G1 X103.948 Y75.256 E2837.11106
G1 X103.325 Y75.312 E2837.13187
G1 X102.828 Y75.175 E2837.14901
G1 X102.624 Y75.074 E2837.15659
G1 X102.216 Y74.763 E2837.17365
G1 X101.943 Y74.328 E2837.19073
G1 X101.861 Y74.116 E2837.19829
G1 F1188.1 X101.686 Y73.738 E2837.21578
G1 X101.58 Y74.141 E2837.23328
G1 F1500 X101.58 Y89.512 E2837.74452
G1 X115.194 Y89.512 E2838.19732
G0 F9000 X128.208 Y89.34
G0 X128.265 Y78.935
G1 F960 X128.27 Y78.408 E2838.22471
G1 F2700 E2833.22471
G0 F9000 X127.806 Y79.432
G0 X127.42 Y79.855
G0 X127.004 Y80.062
G0 X126.277 Y80.208
G0 X126.362 Y79.907
;TYPE:WALL-OUTER
G1 F2700 E2838.22471
G1 F1500 X125.895 Y79.774 E2838.24086
G1 X125.527 Y79.495 E2838.25622
G1 X125.264 Y79.079 E2838.27259
G1 X125.177 Y78.611 E2838.28842
G1 X125.263 Y78.139 E2838.30438
G1 X125.52 Y77.732 E2838.32039
G1 X125.899 Y77.445 E2838.3362
G1 X126.361 Y77.313 E2838.35219
G1 X126.836 Y77.355 E2838.36805
G1 X127.268 Y77.574 E2838.38415
G1 X127.589 Y77.923 E2838.39993
G1 X127.76 Y78.37 E2838.41584
G1 X127.758 Y78.847 E2838.43171
G1 X127.591 Y79.299 E2838.44774
G1 X127.267 Y79.651 E2838.46365
G1 X126.835 Y79.865 E2838.47968
G1 X126.362 Y79.907 E2838.49548
G1 F2700 E2833.49548
G0 F9000 X126.277 Y80.208
G0 X127.708 Y80.001
G0 X128.19 Y79.414
G0 X128.208 Y89.34
G0 X115.201 Y89.603
G0 X115.201 Y89.912
G1 F2700 E2838.49548
G1 F1500 X128.78 Y89.912 E2838.94712
G1 X128.78 Y62.312 E2839.8651
G1 X101.18 Y62.312 E2840.78308
G1 X101.18 Y89.912 E2841.70105
G1 X115.201 Y89.912 E2842.1674
G1 F2700 E2837.1674
G0 F9000 X115.201 Y89.603
G0 X101.752 Y89.34
G0 X101.77 Y74.405
G0 X102.258 Y74.705
G0 X103.279 Y75.208
G0 X103.364 Y74.907
G1 F2700 E2842.1674
G1 F1500 X102.895 Y74.778 E2842.18357
G1 X102.518 Y74.49 E2842.19935
G1 X102.262 Y74.084 E2842.21532
G1 X102.176 Y73.614 E2842.23121
G1 X102.262 Y73.14 E2842.24723
G1 X102.518 Y72.734 E2842.2632
G1 X102.895 Y72.446 E2842.27897
G1 X103.361 Y72.313 E2842.29509
G1 X103.838 Y72.356 E2842.31102
G1 X104.275 Y72.584 E2842.32742
G1 X104.581 Y72.917 E2842.34246
G1 X104.76 Y73.388 E2842.35922
G1 X104.759 Y73.837 E2842.37415
G1 X104.59 Y74.293 E2842.39032
G1 X104.273 Y74.642 E2842.40601
G1 X103.839 Y74.86 E2842.42216
G1 X103.364 Y74.907 E2842.43804
G1 F2700 E2837.43804
G0 F9000 X103.279 Y75.208
G0 X102.021 Y74.754
G0 X101.77 Y74.405
G0 X101.752 Y89.34
G0 X115.189 Y89.412
G0 X115.189 Y89.152
;TYPE:SKIN
G1 F2700 E2842.43804
G1 F1500 X101.94 Y89.152 E2842.8787
G1 X101.94 Y74.963 E2843.35063
G1 X102.061 Y75.093 E2843.35653
G1 X102.431 Y75.376 E2843.37203
G1 X102.733 Y75.521 E2843.38317
G1 X103.117 Y75.629 E2843.39644
G1 X103.43 Y75.66 E2843.4069
G1 X104.048 Y75.609 E2843.42752
G1 X104.718 Y75.269 E2843.45251
G1 X105.241 Y74.717 E2843.4778
G1 X105.514 Y73.978 E2843.50401
G1 X105.516 Y73.211 E2843.52952
G1 X105.233 Y72.494 E2843.55516
G1 X104.73 Y71.968 E2843.57936
G1 X104.058 Y71.617 E2843.60458
G1 X103.472 Y71.556 E2843.62417
G1 X103.14 Y71.584 E2843.63526
G1 X102.732 Y71.699 E2843.64935
G1 X102.431 Y71.844 E2843.66047
G1 X102.085 Y72.105 E2843.67488
G1 X101.941 Y72.259 E2843.68189
G1 X101.94 Y63.072 E2843.98745
G1 X128.02 Y63.072 E2844.85488
G1 X128.02 Y77.27 E2845.32711
G1 X127.831 Y77.065 E2845.33638
G1 X127.607 Y76.893 E2845.34577
G1 X127.209 Y76.692 E2845.3606
G1 X126.867 Y76.592 E2845.37245
G1 X126.471 Y76.556 E2845.38568
G1 X126.14 Y76.584 E2845.39673
G1 X125.556 Y76.756 E2845.41698
G1 X124.946 Y77.222 E2845.44251
G1 X124.538 Y77.867 E2845.46789
G1 X124.404 Y78.602 E2845.49274
G1 X124.536 Y79.347 E2845.51791
G1 X124.946 Y79.998 E2845.5435
G1 X125.543 Y80.466 E2845.56873
G1 X126.154 Y80.636 E2845.58982
G1 X126.467 Y80.66 E2845.60026
G1 X126.863 Y80.624 E2845.61349
G1 X127.209 Y80.528 E2845.62543
G1 X127.565 Y80.352 E2845.63864
G1 X127.852 Y80.136 E2845.65058
G1 X128.02 Y79.95 E2845.65892
G1 X128.02 Y89.152 E2845.96498
G1 X115.189 Y89.152 E2846.39174
G0 F9000 X115.189 Y89.412
G0 X102.528 Y89.412
G0 X102.528 Y88.952
G1 F1500 X102.139 Y88.563 E2846.41004
G0 F9000 X102.139 Y87.997
G1 F1500 X103.094 Y88.952 E2846.45496
G0 F9000 X103.66 Y88.952
G1 F1500 X102.139 Y87.432 E2846.52648
G0 F9000 X102.139 Y86.866
G1 F1500 X104.225 Y88.952 E2846.6246
G0 F9000 X104.791 Y88.952
G1 F1500 X102.139 Y86.3 E2846.74934
G0 F9000 X102.139 Y85.735
G1 F1500 X105.357 Y88.952 E2846.90068
G0 F9000 X105.922 Y88.952
G1 F1500 X102.139 Y85.169 E2847.07862
G0 F9000 X102.139 Y84.603
G1 F1500 X106.488 Y88.952 E2847.28319
G0 F9000 X107.054 Y88.952
G1 F1500 X102.139 Y84.038 E2847.51435
G0 F9000 X102.139 Y83.472
G1 F1500 X107.62 Y88.952 E2847.77213
G0 F9000 X108.185 Y88.952
G1 F1500 X102.139 Y82.906 E2848.05652
G0 F9000 X102.139 Y82.34
G1 F1500 X108.751 Y88.952 E2848.36753
G0 F9000 X109.317 Y88.952
G1 F1500 X102.14 Y81.775 E2848.70511
G0 F9000 X102.14 Y81.21
G1 F1500 X109.882 Y88.952 E2849.06927
G0 F9000 X110.448 Y88.952
G1 F1500 X102.14 Y80.644 E2849.46005
G0 F9000 X102.14 Y80.078
G1 F1500 X111.014 Y88.952 E2849.87746
G0 F9000 X111.579 Y88.952
G1 F1500 X102.14 Y79.513 E2850.32144
G0 F9000 X102.14 Y78.947
G1 F1500 X112.145 Y88.952 E2850.79205
G0 F9000 X112.711 Y88.952
G1 F1500 X102.14 Y78.381 E2851.28927
G0 F9000 X102.14 Y77.816
G1 F1500 X113.276 Y88.952 E2851.81308
G0 F9000 X113.842 Y88.952
G1 F1500 X102.14 Y77.25 E2852.3635
G0 F9000 X102.14 Y76.684
G1 F1500 X114.408 Y88.952 E2852.94055
G0 F9000 X114.973 Y88.952
G1 F1500 X102.14 Y76.119 E2853.54418
G0 F9000 X102.141 Y75.554
G1 F1500 X115.539 Y88.952 E2854.17438
G0 F9000 X116.105 Y88.952
G1 F1500 X102.941 Y75.788 E2854.79357
G0 F9000 X103.571 Y75.852
G1 F1500 X116.67 Y88.952 E2855.40973
G0 F9000 X117.236 Y88.952
G1 F1500 X104.09 Y75.805 E2856.0281
G0 F9000 X104.471 Y75.622
G1 F1500 X117.802 Y88.952 E2856.65513
G0 F9000 X118.368 Y88.952
G1 F1500 X104.841 Y75.426 E2857.29138
G0 F9000 X105.117 Y75.136
G1 F1500 X118.933 Y88.952 E2857.94124
G0 F9000 X119.499 Y88.952
G1 F1500 X105.393 Y74.846 E2858.60474
G0 F9000 X105.555 Y74.443
G1 F1500 X120.065 Y88.952 E2859.28722
G0 F9000 X120.63 Y88.952
G1 F1500 X105.71 Y74.031 E2859.98904
G0 F9000 X105.715 Y73.471
G1 F1500 X121.196 Y88.952 E2860.71722
G0 F9000 X121.762 Y88.952
G1 F1500 X105.54 Y72.73 E2861.48025
G0 F9000 X105.113 Y72.898
G0 X104.154 Y71.955
G0 X104.364 Y71.554
G1 F1500 X102.14 Y69.33 E2861.58486
G0 F9000 X102.14 Y68.765
G1 F1500 X122.327 Y88.952 E2862.53439
G0 F9000 X122.893 Y88.952
G1 F1500 X102.14 Y68.199 E2863.51055
G0 F9000 X102.14 Y67.633
G1 F1500 X123.459 Y88.952 E2864.51333
G0 F9000 X124.024 Y88.952
G1 F1500 X102.14 Y67.068 E2865.54269
G0 F9000 X102.14 Y66.502
G1 F1500 X124.59 Y88.952 E2866.59867
G0 F9000 X125.156 Y88.952
G1 F1500 X102.14 Y65.936 E2867.68127
G0 F9000 X102.14 Y65.371
G1 F1500 X125.721 Y88.952 E2868.79045
G0 F9000 X126.287 Y88.952
G1 F1500 X102.14 Y64.805 E2869.92625
G0 F9000 X102.14 Y64.239
G1 F1500 X126.853 Y88.952 E2871.08867
G0 F9000 X127.419 Y88.952
G1 F1500 X102.14 Y63.674 E2872.2777
G0 F9000 X102.304 Y63.272
G1 F1500 X127.82 Y88.788 E2873.47789
G0 F9000 X127.82 Y88.222
G1 F1500 X102.87 Y63.272 E2874.65146
G0 F9000 X103.436 Y63.272
G1 F1500 X127.82 Y87.656 E2875.79841
G0 F9000 X127.82 Y87.091
G1 F1500 X104.001 Y63.272 E2876.91878
G0 F9000 X104.567 Y63.272
G1 F1500 X127.82 Y86.525 E2878.01253
G0 F9000 X127.82 Y85.959
G1 F1500 X105.133 Y63.272 E2879.07966
G0 F9000 X105.698 Y63.272
G1 F1500 X127.82 Y85.394 E2880.12021
G0 F9000 X127.82 Y84.828
G1 F1500 X106.264 Y63.272 E2881.13414
G0 F9000 X106.83 Y63.272
G1 F1500 X127.82 Y84.262 E2882.12144
G0 F9000 X127.82 Y83.697
G1 F1500 X107.395 Y63.272 E2883.08217
G0 F9000 X107.961 Y63.272
G1 F1500 X124.758 Y80.069 E2883.87225
G0 F9000 X124.911 Y80.222
G1 F1500 X127.82 Y83.131 E2884.00908
G0 F9000 X127.82 Y82.565
G1 F1500 X126.073 Y80.818 E2884.09126
G0 F9000 X126.664 Y80.844
G1 F1500 X127.82 Y82 E2884.14563
G0 F9000 X127.82 Y81.434
G1 F1500 X127.142 Y80.756 E2884.17752
G0 F9000 X127.539 Y80.588
G1 F1500 X127.82 Y80.868 E2884.19072
G0 F9000 X128.28 Y80.868
G0 X128.19 Y79.414
G0 X127.236 Y80.3
G0 X126.34 Y80.162
G0 X125.789 Y80.007
G0 X125.419 Y79.727
G0 X124.727 Y78.937
G0 X124.274 Y79.019
G1 F1500 X108.527 Y63.272 E2884.93141
G0 F9000 X109.092 Y63.272
G1 F1500 X124.236 Y78.415 E2885.64371
G0 F9000 X124.322 Y77.936
G1 F1500 X109.658 Y63.272 E2886.33346
G0 F9000 X110.224 Y63.272
G1 F1500 X124.502 Y77.55 E2887.00505
G0 F9000 X124.721 Y77.203
G1 F1500 X110.789 Y63.272 E2887.66035
G0 F9000 X111.355 Y63.272
G1 F1500 X125.007 Y76.924 E2888.3025
G0 F9000 X125.328 Y76.679
G1 F1500 X111.921 Y63.272 E2888.93312
G0 F9000 X112.487 Y63.272
G1 F1500 X125.712 Y76.497 E2889.55518
G0 F9000 X126.166 Y76.385
G1 F1500 X113.052 Y63.272 E2890.172
G0 F9000 X113.618 Y63.272
G1 F1500 X126.727 Y76.381 E2890.78861
G0 F9000 X127.559 Y76.647
G1 F1500 X114.184 Y63.272 E2891.41773
G0 F9000 X114.749 Y63.272
G1 F1500 X127.82 Y76.343 E2892.03255
G0 F9000 X127.82 Y75.777
G1 F1500 X115.315 Y63.272 E2892.62075
G0 F9000 X115.881 Y63.272
G1 F1500 X127.82 Y75.211 E2893.18232
G0 F9000 X127.82 Y74.646
G1 F1500 X116.446 Y63.272 E2893.71732
G0 F9000 X117.012 Y63.272
G1 F1500 X127.82 Y74.08 E2894.22569
G0 F9000 X127.82 Y73.514
G1 F1500 X117.578 Y63.272 E2894.70745
G0 F9000 X118.143 Y63.272
G1 F1500 X127.82 Y72.949 E2895.16262
G0 F9000 X127.82 Y72.383
G1 F1500 X118.709 Y63.272 E2895.59118
G0 F9000 X119.275 Y63.272
G1 F1500 X127.82 Y71.817 E2895.99311
G0 F9000 X127.82 Y71.252
G1 F1500 X119.84 Y63.272 E2896.36846
G0 F9000 X120.406 Y63.272
G1 F1500 X127.82 Y70.686 E2896.71719
G0 F9000 X127.82 Y70.12
G1 F1500 X120.972 Y63.272 E2897.0393
G0 F9000 X121.538 Y63.272
G1 F1500 X127.82 Y69.555 E2897.33481
G0 F9000 X127.82 Y68.989
G1 F1500 X122.103 Y63.272 E2897.60372
G0 F9000 X122.669 Y63.272
G1 F1500 X127.82 Y68.423 E2897.84601
G0 F9000 X127.82 Y67.858
G1 F1500 X123.235 Y63.272 E2898.0617
G0 F9000 X123.8 Y63.272
G1 F1500 X127.82 Y67.292 E2898.25078
G0 F9000 X127.82 Y66.726
G1 F1500 X124.366 Y63.272 E2898.41325
G0 F9000 X124.932 Y63.272
G1 F1500 X127.82 Y66.16 E2898.54909
G0 F9000 X127.82 Y65.595
G1 F1500 X125.497 Y63.272 E2898.65836
G0 F9000 X126.063 Y63.272
G1 F1500 X127.82 Y65.029 E2898.741
G0 F9000 X127.82 Y64.463
G1 F1500 X126.629 Y63.272 E2898.79702
G0 F9000 X127.194 Y63.272
G1 F1500 X127.82 Y63.898 E2898.82647
G0 F9000 X127.82 Y63.332
G1 F1500 X127.76 Y63.272 E2898.82929
G1 F2700 E2893.82929
G0 F9000 X127.76 Y62.812
G0 X101.752 Y62.884
G0 X101.77 Y72.819
G0 X103.571 Y71.829
G0 X103.612 Y71.368
G1 F2700 E2898.82929
G1 F1500 X102.14 Y69.896 E2898.89853
G0 F9000 X102.14 Y70.462
G1 F1500 X103.075 Y71.397 E2898.94251
G0 F9000 X102.637 Y71.525
G1 F1500 X102.14 Y71.027 E2898.96591
G0 F9000 X102.14 Y71.593
G1 F1500 X102.266 Y71.719 E2898.97184
G1 F2700 E2893.97184
;MESH:TracciaSotto.stl
G0 F9000 X102.544 Y72.084
G0 X103.907 Y72.116
G0 X104.42 Y72.371
G0 X104.806 Y72.794
G0 X105.315 Y73.959
G0 X103.993 Y75.413
G0 X102.021 Y74.754
G0 X101.77 Y74.405
G0 X101.752 Y89.34
G0 X128.552 Y89.683
G0 X129.647 Y89.683
G0 X132.655 Y92.853
G0 X134.026 Y103.802
;TYPE:WALL-INNER
G1 F2700 E2898.97184
G1 F983.6 X134.026 Y104.054 E2898.98462
G0 F9000 X134.092 Y119.656
G0 X144.212 Y119.828
G1 F1500 X160.72 Y119.828 E2899.53368
G1 X160.72 Y109.793 E2899.86744
G1 F1310 X160.617 Y109.232 E2899.88916
G1 X160.198 Y109.911 E2899.91955
G1 F1500 X159.848 Y110.292 E2899.93676
G1 X159.389 Y110.521 E2899.95382
G1 X159.174 Y110.582 E2899.96125
G1 X158.665 Y110.628 E2899.97825
G1 X158.054 Y110.46 E2899.99933
G1 X157.548 Y110.065 E2900.02068
G1 X157.221 Y109.546 E2900.04108
G1 X157.11 Y108.921 E2900.06219
G1 X157.228 Y108.301 E2900.08318
G1 X157.555 Y107.779 E2900.10367
G1 X158.065 Y107.394 E2900.12492
G1 X158.555 Y107.255 E2900.14186
G1 X158.774 Y107.234 E2900.14918
G1 X159.174 Y107.27 E2900.16254
G1 X159.389 Y107.331 E2900.16997
G1 X159.749 Y107.511 E2900.18336
G1 X159.925 Y107.644 E2900.1907
G1 F1318.7 X160.251 Y108.004 E2900.20907
G1 F1061.9 X160.61 Y108.724 E2900.24687
G1 F1098.9 X160.684 Y108.459 E2900.25936
G1 F1376.1 X160.72 Y108.06 E2900.27388
G1 F1500 X160.72 Y93.028 E2900.77385
G1 X133.92 Y93.028 E2901.66522
G1 X133.92 Y103.399 E2902.01016
G1 F1188.1 X134.026 Y103.802 E2902.02766
G1 X134.201 Y103.424 E2902.04515
G1 F1500 X134.282 Y103.215 E2902.05261
G1 X134.498 Y102.867 E2902.06623
G1 X134.648 Y102.704 E2902.0736
G1 X135.056 Y102.398 E2902.09056
G1 X135.555 Y102.254 E2902.10783
G1 X135.774 Y102.234 E2902.11515
G1 X136.291 Y102.281 E2902.13241
G1 X136.864 Y102.575 E2902.15383
G1 X137.274 Y103.037 E2902.17438
G1 X137.498 Y103.614 E2902.19497
G1 X137.496 Y104.253 E2902.21622
G1 X137.275 Y104.824 E2902.23658
G1 X136.859 Y105.28 E2902.25711
G1 X136.29 Y105.572 E2902.27838
G1 X135.664 Y105.628 E2902.29929
G1 X135.168 Y105.491 E2902.3164
G1 X134.964 Y105.39 E2902.32397
G1 X134.556 Y105.079 E2902.34104
G1 X134.283 Y104.644 E2902.35812
G1 X134.201 Y104.432 E2902.36568
G1 F1188.1 X134.026 Y104.054 E2902.38317
G1 X133.92 Y104.457 E2902.40067
G1 F1500 X133.92 Y119.828 E2902.91191
G1 X144.212 Y119.828 E2903.25422
G0 F9000 X160.548 Y119.656
G0 X160.605 Y109.251
G1 F960 X160.61 Y108.724 E2903.28161
G1 F2700 E2898.28161
G0 F9000 X160.144 Y109.749
G0 X159.758 Y110.171
G0 X159.342 Y110.378
G0 X158.616 Y110.524
G0 X158.702 Y110.223
;TYPE:WALL-OUTER
G1 F2700 E2903.28161
G1 F1500 X158.235 Y110.09 E2903.29776
G1 X157.867 Y109.811 E2903.31312
G1 X157.604 Y109.395 E2903.32949
G1 X157.52 Y108.91 E2903.34586
G1 X157.6 Y108.473 E2903.36064
G1 X157.869 Y108.039 E2903.37762
G1 X158.224 Y107.772 E2903.3924
G1 X158.7 Y107.629 E2903.40893
G1 X159.175 Y107.671 E2903.42479
G1 X159.605 Y107.887 E2903.44079
G1 X159.93 Y108.246 E2903.4569
G1 X160.1 Y108.685 E2903.47256
G1 X160.098 Y109.163 E2903.48845
G1 X159.929 Y109.613 E2903.50444
G1 X159.604 Y109.966 E2903.5204
G1 X159.175 Y110.181 E2903.53636
G1 X158.702 Y110.223 E2903.55216
G1 F2700 E2898.55216
G0 F9000 X158.616 Y110.524
G0 X160.043 Y110.317
G0 X160.53 Y109.724
G0 X160.548 Y119.656
G0 X144.12 Y119.919
G0 X144.12 Y120.228
G1 F2700 E2903.55216
G1 F1500 X161.12 Y120.228 E2904.11758
G1 X161.12 Y92.628 E2905.03556
G1 X133.52 Y92.628 E2905.95354
G1 X133.52 Y120.228 E2906.87152
G1 X144.12 Y120.228 E2907.22407
G1 F2700 E2902.22407
G0 F9000 X144.12 Y119.919
G0 X134.092 Y119.656
G0 X134.11 Y104.721
G0 X135.108 Y105.318
G0 X135.732 Y105.535
G0 X135.704 Y105.223
G1 F2700 E2907.22407
G1 F1500 X135.235 Y105.094 E2907.24025
G1 X134.858 Y104.806 E2907.25603
G1 X134.602 Y104.4 E2907.272
G1 X134.516 Y103.93 E2907.28789
G1 X134.602 Y103.459 E2907.30381
G1 X134.857 Y103.047 E2907.31993
G1 X135.239 Y102.761 E2907.3358
G1 X135.702 Y102.628 E2907.35182
G1 X136.18 Y102.676 E2907.3678
G1 X136.592 Y102.882 E2907.38312
G1 X136.927 Y103.24 E2907.39943
G1 X137.1 Y103.685 E2907.41531
G1 X137.099 Y104.153 E2907.43087
G1 X136.929 Y104.612 E2907.44715
G1 X136.609 Y104.958 E2907.46283
G1 X136.18 Y105.176 E2907.47883
G1 X135.704 Y105.223 E2907.49474
G0 F9000 X135.732 Y105.535
G0 X134.361 Y105.07
G0 X134.11 Y104.721
G0 X134.092 Y119.656
G0 X144.296 Y119.728
G0 X144.296 Y119.468
;TYPE:SKIN
G1 F1500 X134.28 Y119.468 E2907.82788
G1 X134.28 Y105.279 E2908.2998
G1 X134.401 Y105.409 E2908.30571
G1 X134.771 Y105.692 E2908.3212
G1 X135.073 Y105.837 E2908.33235
G1 X135.457 Y105.945 E2908.34561
G1 X135.807 Y105.976 E2908.3573
G1 X136.397 Y105.915 E2908.37703
G1 X137.07 Y105.569 E2908.4022
G1 X137.518 Y105.083 E2908.42418
G1 X137.636 Y104.894 E2908.43159
G1 X137.854 Y104.31 E2908.45233
G1 X137.854 Y103.549 E2908.47764
G1 X137.581 Y102.829 E2908.50325
G1 X137.068 Y102.274 E2908.52838
G1 X136.397 Y101.933 E2908.55342
G1 X135.812 Y101.872 E2908.57298
G1 X135.48 Y101.9 E2908.58406
G1 X135.068 Y102.015 E2908.59829
G1 X134.747 Y102.176 E2908.61023
G1 X134.43 Y102.416 E2908.62346
G1 X134.281 Y102.575 E2908.63071
G1 X134.28 Y93.388 E2908.93627
G1 X160.36 Y93.388 E2909.80369
G1 X160.36 Y107.586 E2910.27592
G1 X160.193 Y107.401 E2910.28421
G1 X159.905 Y107.184 E2910.2962
G1 X159.549 Y107.008 E2910.30941
G1 X159.207 Y106.908 E2910.32126
G1 X158.811 Y106.872 E2910.33449
G1 X158.48 Y106.9 E2910.34554
G1 X157.897 Y107.071 E2910.36574
G1 X157.282 Y107.535 E2910.39137
G1 X156.878 Y108.183 E2910.41676
G1 X156.744 Y108.917 E2910.44158
G1 X156.876 Y109.663 E2910.46678
G1 X157.286 Y110.314 E2910.49237
G1 X157.883 Y110.782 E2910.5176
G1 X158.494 Y110.952 E2910.53869
G1 X158.77 Y110.976 E2910.54791
G1 X159.206 Y110.94 E2910.56246
G1 X159.549 Y110.84 E2910.57434
G1 X159.905 Y110.664 E2910.58755
G1 X160.192 Y110.448 E2910.5995
G1 X160.36 Y110.262 E2910.60783
G1 X160.36 Y119.468 E2910.91402
G1 X144.296 Y119.468 E2911.44832
G0 F9000 X144.296 Y119.728
G0 X134.092 Y119.656
G0 X134.02 Y119.207
G0 X134.48 Y119.207
G1 F1500 X134.541 Y119.268 E2911.45118
G0 F9000 X135.107 Y119.268
G1 F1500 X134.48 Y118.641 E2911.48068
G0 F9000 X134.48 Y118.076
G1 F1500 X135.673 Y119.268 E2911.53677
G0 F9000 X136.238 Y119.268
G1 F1500 X134.48 Y117.51 E2911.61946
G0 F9000 X134.48 Y116.944
G1 F1500 X136.804 Y119.268 E2911.72877
G0 F9000 X137.37 Y119.268
G1 F1500 X134.48 Y116.378 E2911.86471
G0 F9000 X134.48 Y115.813
G1 F1500 X137.935 Y119.268 E2912.02722
G0 F9000 X138.501 Y119.268
G1 F1500 X134.48 Y115.247 E2912.21636
G0 F9000 X134.48 Y114.681
G1 F1500 X139.067 Y119.268 E2912.43212
G0 F9000 X139.632 Y119.268
G1 F1500 X134.48 Y114.116 E2912.67445
G0 F9000 X134.48 Y113.55
G1 F1500 X140.198 Y119.268 E2912.94341
G0 F9000 X140.764 Y119.268
G1 F1500 X134.48 Y112.984 E2913.23899
G0 F9000 X134.48 Y112.419
G1 F1500 X141.329 Y119.268 E2913.56114
G0 F9000 X141.895 Y119.268
G1 F1500 X134.48 Y111.853 E2913.90992
G0 F9000 X134.48 Y111.287
G1 F1500 X142.461 Y119.268 E2914.28532
G0 F9000 X143.026 Y119.268
G1 F1500 X134.48 Y110.722 E2914.6873
G0 F9000 X134.48 Y110.156
G1 F1500 X143.592 Y119.268 E2915.1159
G0 F9000 X144.158 Y119.268
G1 F1500 X134.48 Y109.59 E2915.57113
G0 F9000 X134.48 Y109.025
G1 F1500 X144.724 Y119.268 E2916.05295
G0 F9000 X145.289 Y119.268
G1 F1500 X134.48 Y108.459 E2916.56137
G0 F9000 X134.48 Y107.893
G1 F1500 X145.855 Y119.268 E2917.09642
G0 F9000 X146.421 Y119.268
G1 F1500 X134.48 Y107.327 E2917.65808
G0 F9000 X134.48 Y106.762
G1 F1500 X146.986 Y119.268 E2918.24633
G0 F9000 X147.552 Y119.268
G1 F1500 X134.48 Y106.196 E2918.8612
G0 F9000 X134.757 Y105.907
G1 F1500 X148.118 Y119.268 E2919.48966
G0 F9000 X148.683 Y119.268
G1 F1500 X135.574 Y106.158 E2920.10629
G0 F9000 X136.128 Y106.147
G1 F1500 X149.249 Y119.268 E2920.72346
G0 F9000 X149.815 Y119.268
G1 F1500 X136.588 Y106.041 E2921.34562
G0 F9000 X136.964 Y105.852
G1 F1500 X150.38 Y119.268 E2921.97666
G0 F9000 X150.946 Y119.268
G1 F1500 X137.295 Y105.617 E2922.61876
G0 F9000 X137.568 Y105.324
G1 F1500 X151.512 Y119.268 E2923.27465
G0 F9000 X152.077 Y119.268
G1 F1500 X137.806 Y104.996 E2923.94593
G0 F9000 X137.963 Y104.587
G1 F1500 X152.643 Y119.268 E2924.63646
G0 F9000 X153.209 Y119.268
G1 F1500 X138.056 Y104.114 E2925.34923
G0 F9000 X138.056 Y103.549
G1 F1500 X153.775 Y119.268 E2926.08861
G0 F9000 X154.34 Y119.268
G1 F1500 X134.48 Y99.407 E2927.02279
G0 F9000 X134.48 Y98.842
G1 F1500 X154.906 Y119.268 E2927.98356
G0 F9000 X155.472 Y119.268
G1 F1500 X134.48 Y98.276 E2928.97096
G0 F9000 X134.48 Y97.71
G1 F1500 X156.037 Y119.268 E2929.98496
G0 F9000 X156.603 Y119.268
G1 F1500 X134.48 Y97.144 E2931.02558
G0 F9000 X134.48 Y96.579
G1 F1500 X157.169 Y119.268 E2932.0928
G0 F9000 X157.734 Y119.268
G1 F1500 X134.48 Y96.013 E2933.18662
G0 F9000 X134.48 Y95.447
G1 F1500 X158.3 Y119.268 E2934.30707
G0 F9000 X158.866 Y119.268
G1 F1500 X134.48 Y94.882 E2935.45411
G0 F9000 X134.48 Y94.316
G1 F1500 X159.431 Y119.268 E2936.62775
G0 F9000 X159.997 Y119.268
G1 F1500 X134.48 Y93.75 E2937.82802
G0 F9000 X134.883 Y93.588
G1 F1500 X160.16 Y118.865 E2939.01697
G0 F9000 X160.16 Y118.299
G1 F1500 X135.448 Y93.588 E2940.17932
G0 F9000 X136.014 Y93.588
G1 F1500 X160.16 Y117.733 E2941.31505
G0 F9000 X160.16 Y117.168
G1 F1500 X136.58 Y93.588 E2942.42418
G0 F9000 X137.145 Y93.588
G1 F1500 X160.16 Y116.602 E2943.50671
G0 F9000 X160.16 Y116.036
G1 F1500 X137.711 Y93.588 E2944.56262
G0 F9000 X138.277 Y93.588
G1 F1500 X160.16 Y115.471 E2945.59193
G0 F9000 X160.16 Y114.905
G1 F1500 X138.843 Y93.588 E2946.59462
G0 F9000 X139.408 Y93.588
G1 F1500 X160.16 Y114.339 E2947.57071
G0 F9000 X160.16 Y113.773
G1 F1500 X139.974 Y93.588 E2948.52017
G0 F9000 X140.54 Y93.588
G1 F1500 X156.69 Y109.738 E2949.27982
G0 F9000 X156.558 Y109.04
G1 F1500 X141.105 Y93.588 E2950.00665
G0 F9000 X141.671 Y93.588
G1 F1500 X156.614 Y108.531 E2950.70953
G0 F9000 X156.715 Y108.066
G1 F1500 X142.237 Y93.588 E2951.39053
G0 F9000 X142.802 Y93.588
G1 F1500 X156.932 Y107.717 E2952.05514
G0 F9000 X157.157 Y107.376
G1 F1500 X143.368 Y93.588 E2952.7037
G0 F9000 X143.934 Y93.588
G1 F1500 X157.48 Y107.134 E2953.34087
G0 F9000 X157.804 Y106.893
G1 F1500 X144.499 Y93.588 E2953.96669
G0 F9000 X145.065 Y93.588
G1 F1500 X158.236 Y106.759 E2954.58622
G0 F9000 X158.719 Y106.676
G1 F1500 X145.631 Y93.588 E2955.20184
G0 F9000 X146.196 Y93.588
G1 F1500 X159.347 Y106.738 E2955.8204
G0 F9000 X160.16 Y106.986
G1 F1500 X146.762 Y93.588 E2956.4506
G0 F9000 X147.328 Y93.588
G1 F1500 X160.16 Y106.42 E2957.05417
G0 F9000 X160.16 Y105.855
G1 F1500 X147.894 Y93.588 E2957.63115
G0 F9000 X148.459 Y93.588
G1 F1500 X160.16 Y105.289 E2958.18153
G0 F9000 X160.16 Y104.723
G1 F1500 X149.025 Y93.588 E2958.70529
G0 F9000 X149.591 Y93.588
G1 F1500 X160.16 Y104.158 E2959.20245
G0 F9000 X160.16 Y103.592
G1 F1500 X150.156 Y93.588 E2959.673
G0 F9000 X150.722 Y93.588
G1 F1500 X160.16 Y103.026 E2960.11694
G0 F9000 X160.16 Y102.46
G1 F1500 X151.288 Y93.588 E2960.53425
G0 F9000 X151.853 Y93.588
G1 F1500 X160.16 Y101.895 E2960.92498
G0 F9000 X160.16 Y101.329
G1 F1500 X152.419 Y93.588 E2961.2891
G0 F9000 X152.985 Y93.588
G1 F1500 X160.16 Y100.763 E2961.62659
G0 F9000 X160.16 Y100.198
G1 F1500 X153.55 Y93.588 E2961.9375
G0 F9000 X154.116 Y93.588
G1 F1500 X160.16 Y99.632 E2962.22179
G0 F9000 X160.16 Y99.066
G1 F1500 X154.682 Y93.588 E2962.47946
G0 F9000 X155.247 Y93.588
G1 F1500 X160.16 Y98.501 E2962.71055
G0 F9000 X160.16 Y97.935
G1 F1500 X155.813 Y93.588 E2962.91502
G0 F9000 X156.379 Y93.588
G1 F1500 X160.16 Y97.369 E2963.09287
G0 F9000 X160.16 Y96.804
G1 F1500 X156.944 Y93.588 E2963.24414
G0 F9000 X157.51 Y93.588
G1 F1500 X160.16 Y96.238 E2963.36879
G0 F9000 X160.16 Y95.672
G1 F1500 X158.076 Y93.588 E2963.46681
G0 F9000 X158.642 Y93.588
G1 F1500 X160.16 Y95.107 E2963.53824
G0 F9000 X160.16 Y94.541
G1 F1500 X159.207 Y93.588 E2963.58307
G0 F9000 X159.773 Y93.588
G1 F1500 X160.16 Y93.975 E2963.60127
G0 F9000 X160.62 Y93.975
G0 X160.53 Y108.128
G0 X160.351 Y109.215
G0 X159.787 Y110.436
G0 X160.032 Y110.817
G1 F1500 X160.16 Y110.945 E2963.60729
G0 F9000 X159.658 Y111.009
G1 F1500 X160.16 Y111.511 E2963.6309
G0 F9000 X160.16 Y112.076
G1 F1500 X159.223 Y111.14 E2963.67495
G0 F9000 X158.683 Y111.166
G1 F1500 X160.16 Y112.642 E2963.7444
G0 F9000 X160.16 Y113.208
G1 F1500 X157.969 Y111.017 E2963.84746
G1 F2700 E2958.84746
G0 F9000 X158.091 Y110.575
G0 X160.043 Y110.317
G0 X160.53 Y109.724
G0 X160.548 Y119.656
G0 X134.092 Y119.656
G0 X134.11 Y104.721
G0 X135.792 Y105.777
G0 X137.455 Y104.808
G0 X137.424 Y103.298
G0 X136.176 Y102.169
G0 X136.217 Y101.71
G1 F2700 E2963.84746
G1 F1500 X134.48 Y99.973 E2963.92916
G0 F9000 X134.48 Y100.539
G1 F1500 X135.629 Y101.688 E2963.98321
G0 F9000 X135.159 Y101.783
G1 F1500 X134.48 Y101.104 E2964.01515
G0 F9000 X134.48 Y101.67
G1 F1500 X134.755 Y101.946 E2964.02811
G1 F2700 E2959.02811
;MESH:Supporto.stl
G0 F9000 X134.96 Y102.359
G0 X134.369 Y103.367
G0 X134.11 Y104.721
G0 X133.744 Y120.005
G0 X132.655 Y120.005
G0 X129.166 Y123.118
G0 X128.88 Y140.08
;TYPE:WALL-INNER
G1 F2700 E2964.02811
G1 F966.2 X128.875 Y140.607 E2964.05532
G0 F9000 X128.816 Y151.008
G0 X115.853 Y151.18
G1 F1500 X128.988 Y151.18 E2964.49219
G1 X128.988 Y141.157 E2964.82556
G1 F1315.8 X128.888 Y140.586 E2964.84754
G1 X128.466 Y141.267 E2964.87791
G1 F1500 X128.117 Y141.647 E2964.89507
G1 X127.663 Y141.876 E2964.91199
G1 X127.446 Y141.938 E2964.91949
G1 X127.042 Y141.974 E2964.93298
G1 X126.823 Y141.953 E2964.9403
G1 X126.323 Y141.811 E2964.95759
G1 X125.829 Y141.43 E2964.97834
G1 X125.492 Y140.887 E2964.99959
G1 X125.379 Y140.286 E2965.01993
G1 X125.49 Y139.681 E2965.04039
G1 X125.826 Y139.131 E2965.06183
G1 X126.333 Y138.75 E2965.08292
G1 X126.823 Y138.611 E2965.09986
G1 X127.042 Y138.59 E2965.10718
G1 X127.557 Y138.636 E2965.12438
G1 X128.014 Y138.862 E2965.14133
G1 X128.193 Y138.996 E2965.14877
G1 F1321.6 X128.52 Y139.357 E2965.16716
G1 F1067.6 X128.88 Y140.08 E2965.2049
G1 F1105 X128.953 Y139.811 E2965.21749
G1 F1379.3 X128.988 Y139.407 E2965.23215
G1 F1500 X128.988 Y124.38 E2965.73195
G1 X102.188 Y124.38 E2966.62333
G1 X102.189 Y134.744 E2966.96803
G1 F1183.4 X102.294 Y135.147 E2966.98559
G1 X102.474 Y134.771 E2967.00316
G1 F1500 X102.555 Y134.564 E2967.01056
G1 X102.829 Y134.129 E2967.02766
G1 X103.32 Y133.755 E2967.04818
G1 X103.823 Y133.61 E2967.0656
G1 X104.042 Y133.59 E2967.07291
G1 X104.56 Y133.636 E2967.09021
G1 X105.131 Y133.926 E2967.11151
G1 X105.542 Y134.389 E2967.1321
G1 X105.769 Y134.962 E2967.1526
G1 X105.772 Y135.588 E2967.17342
G1 X105.543 Y136.18 E2967.19453
G1 X105.128 Y136.635 E2967.21501
G1 X104.563 Y136.928 E2967.23618
G1 X104.042 Y136.974 E2967.25358
G1 X103.823 Y136.954 E2967.26089
G1 X103.431 Y136.842 E2967.27445
G1 X103.232 Y136.742 E2967.28186
G1 X102.825 Y136.432 E2967.29888
G1 X102.554 Y135.993 E2967.31603
G1 X102.474 Y135.789 E2967.32332
G1 F1188.1 X102.293 Y135.401 E2967.3413
G1 X102.189 Y135.816 E2967.35927
G1 F1500 X102.188 Y151.18 E2967.87027
G1 X115.853 Y151.18 E2968.32477
G0 F9000 X102.36 Y151.008
G0 X102.293 Y135.401
G1 F980.4 X102.294 Y135.147 E2968.3377
G1 F2700 E2963.3377
G0 F9000 X102.941 Y136.331
G0 X103.31 Y136.61
G0 X103.884 Y136.877
G0 X103.969 Y136.579
;TYPE:WALL-OUTER
G1 F2700 E2968.3377
G1 F1500 X103.503 Y136.446 E2968.35382
G1 X103.128 Y136.16 E2968.3695
G1 X102.874 Y135.75 E2968.38555
G1 X102.783 Y135.281 E2968.40144
G1 X102.874 Y134.808 E2968.41746
G1 X103.129 Y134.403 E2968.43337
G1 X103.503 Y134.118 E2968.44901
G1 X103.97 Y133.984 E2968.46517
G1 X104.451 Y134.032 E2968.48125
G1 X104.86 Y134.233 E2968.49641
G1 X105.189 Y134.589 E2968.51253
G1 X105.369 Y135.043 E2968.52877
G1 X105.37 Y135.518 E2968.54457
G1 X105.198 Y135.961 E2968.56038
G1 X104.877 Y136.314 E2968.57625
G1 X104.449 Y136.537 E2968.5923
G1 X103.969 Y136.579 E2968.60833
G1 F2700 E2963.60833
G0 F9000 X103.884 Y136.877
G0 X102.63 Y136.422
G0 X102.379 Y136.067
G0 X102.36 Y151.008
G0 X115.861 Y151.273
G0 X115.861 Y151.58
G1 F2700 E2968.60833
G1 F1500 X129.388 Y151.58 E2969.05824
G1 X129.388 Y123.98 E2969.97621
G1 X101.788 Y123.98 E2970.89419
G1 X101.788 Y151.58 E2971.81217
G1 X115.861 Y151.58 E2972.28024
G1 F2700 E2967.28024
G0 F9000 X115.861 Y151.273
G0 X128.816 Y151.008
G0 X128.798 Y141.086
G0 X127.812 Y141.68
G0 X126.883 Y141.877
G0 X126.968 Y141.579
G1 F2700 E2972.28024
G1 F1500 X126.503 Y141.442 E2972.29637
G1 X126.123 Y141.149 E2972.31233
G1 X125.876 Y140.747 E2972.32802
G1 X125.785 Y140.281 E2972.34381
G1 X125.876 Y139.813 E2972.35967
G1 X126.129 Y139.407 E2972.37558
G1 X126.507 Y139.117 E2972.39143
G1 X126.969 Y138.985 E2972.40741
G1 X127.447 Y139.027 E2972.42337
G1 X127.872 Y139.237 E2972.43913
G1 X128.199 Y139.598 E2972.45533
G1 X128.372 Y140.04 E2972.47112
G1 X128.37 Y140.519 E2972.48705
G1 X128.198 Y140.967 E2972.50301
G1 X127.872 Y141.323 E2972.51907
G1 X127.448 Y141.537 E2972.53487
G1 X126.968 Y141.579 E2972.55089
G0 F9000 X126.883 Y141.877
G0 X128.311 Y141.673
G0 X128.798 Y141.086
G0 X128.816 Y151.008
G0 X115.846 Y151.08
G0 X115.846 Y150.82
;TYPE:SKIN
G1 F1500 X102.548 Y150.82 E2972.99318
G1 X102.549 Y136.629 E2973.46518
G1 X102.672 Y136.764 E2973.47125
G1 X103.006 Y137.023 E2973.48531
G1 X103.336 Y137.189 E2973.4976
G1 X103.748 Y137.304 E2973.51182
G1 X104.04 Y137.332 E2973.52158
G1 X104.669 Y137.271 E2973.5426
G1 X105.322 Y136.938 E2973.56698
G1 X105.844 Y136.381 E2973.59237
G1 X106.117 Y135.695 E2973.61693
G1 X106.128 Y134.893 E2973.6436
G1 X105.844 Y134.176 E2973.66925
G1 X105.335 Y133.625 E2973.6942
G1 X104.669 Y133.289 E2973.71901
G1 X104.079 Y133.228 E2973.73874
G1 X103.748 Y133.256 E2973.74979
G1 X103.336 Y133.371 E2973.76402
G1 X103.038 Y133.517 E2973.77505
G1 X102.672 Y133.796 E2973.79036
G1 X102.545 Y133.936 E2973.79665
G1 X102.548 Y124.741 E2974.10247
G1 X128.628 Y124.74 E2974.9699
G1 X128.628 Y138.938 E2975.44213
G1 X128.461 Y138.753 E2975.45042
G1 X128.205 Y138.556 E2975.46116
G1 X127.788 Y138.351 E2975.47661
G1 X127.512 Y138.271 E2975.48617
G1 X127.079 Y138.228 E2975.50064
G1 X126.748 Y138.256 E2975.51169
G1 X126.16 Y138.428 E2975.53207
G1 X125.571 Y138.877 E2975.5567
G1 X125.164 Y139.507 E2975.58165
G1 X125.008 Y140.28 E2975.60788
G1 X125.162 Y141.036 E2975.63354
G1 X125.556 Y141.669 E2975.65834
G1 X126.155 Y142.134 E2975.68356
G1 X126.748 Y142.304 E2975.70408
G1 X127.04 Y142.332 E2975.71383
G1 X127.479 Y142.296 E2975.72848
G1 X127.789 Y142.208 E2975.7392
G1 X128.182 Y142.015 E2975.75376
G1 X128.46 Y141.804 E2975.76537
G1 X128.628 Y141.619 E2975.77368
G1 X128.628 Y150.82 E2976.07971
G1 X115.846 Y150.82 E2976.50484
G0 F9000 X115.846 Y151.08
G0 X102.36 Y151.008
G0 X102.289 Y150.264
G0 X102.748 Y150.265
G1 F1500 X103.103 Y150.62 E2976.52154
G0 F9000 X103.668 Y150.62
G1 F1500 X102.748 Y149.699 E2976.56484
G0 F9000 X102.748 Y149.134
G1 F1500 X104.234 Y150.62 E2976.63473
G0 F9000 X104.8 Y150.62
G1 F1500 X102.748 Y148.568 E2976.73125
G0 F9000 X102.748 Y148.002
G1 F1500 X105.365 Y150.62 E2976.85437
G0 F9000 X105.931 Y150.62
G1 F1500 X102.748 Y147.437 E2977.00409
G0 F9000 X102.748 Y146.871
G1 F1500 X106.497 Y150.62 E2977.18043
G0 F9000 X107.062 Y150.62
G1 F1500 X102.748 Y146.305 E2977.38337
G0 F9000 X102.748 Y145.74
G1 F1500 X107.628 Y150.62 E2977.61291
G0 F9000 X108.194 Y150.62
G1 F1500 X102.748 Y145.174 E2977.86908
G0 F9000 X102.748 Y144.608
G1 F1500 X108.759 Y150.62 E2978.15184
G0 F9000 X109.325 Y150.62
G1 F1500 X102.748 Y144.043 E2978.4612
G0 F9000 X102.748 Y143.477
G1 F1500 X109.891 Y150.62 E2978.79719
G0 F9000 X110.456 Y150.62
G1 F1500 X102.748 Y142.911 E2979.15977
G0 F9000 X102.748 Y142.346
G1 F1500 X111.022 Y150.62 E2979.54895
G0 F9000 X111.588 Y150.62
G1 F1500 X102.748 Y141.78 E2979.96476
G0 F9000 X102.748 Y141.214
G1 F1500 X112.153 Y150.62 E2980.40717
G0 F9000 X112.719 Y150.62
G1 F1500 X102.748 Y140.648 E2980.87619
G0 F9000 X102.748 Y140.083
G1 F1500 X113.285 Y150.62 E2981.37182
G0 F9000 X113.851 Y150.62
G1 F1500 X102.748 Y139.517 E2981.89407
G0 F9000 X102.748 Y138.951
G1 F1500 X114.416 Y150.62 E2982.44292
G0 F9000 X114.982 Y150.62
G1 F1500 X102.748 Y138.386 E2983.01837
G0 F9000 X102.748 Y137.82
G1 F1500 X115.548 Y150.62 E2983.62045
G0 F9000 X116.113 Y150.62
G1 F1500 X102.748 Y137.254 E2984.24912
G0 F9000 X103.5 Y137.441
G1 F1500 X116.679 Y150.62 E2984.86902
G0 F9000 X117.245 Y150.62
G1 F1500 X104.151 Y137.527 E2985.4849
G0 F9000 X104.667 Y137.477
G1 F1500 X117.81 Y150.62 E2986.1031
G0 F9000 X118.376 Y150.62
G1 F1500 X105.053 Y137.298 E2986.72975
G0 F9000 X105.428 Y137.107
G1 F1500 X118.942 Y150.62 E2987.36539
G0 F9000 X119.507 Y150.62
G1 F1500 X105.708 Y136.821 E2988.01445
G0 F9000 X105.98 Y136.527
G1 F1500 X120.073 Y150.62 E2988.67734
G0 F9000 X120.639 Y150.62
G1 F1500 X106.154 Y136.136 E2989.35865
G0 F9000 X106.317 Y135.733
G1 F1500 X121.204 Y150.62 E2990.05889
G0 F9000 X121.77 Y150.62
G1 F1500 X106.325 Y135.175 E2990.78537
G0 F9000 X106.169 Y134.454
G1 F1500 X122.336 Y150.62 E2991.54579
G0 F9000 X122.902 Y150.62
G1 F1500 X102.745 Y130.464 E2992.49389
G0 F9000 X102.745 Y131.03
G1 F1500 X104.899 Y133.183 E2992.59519
G0 F9000 X104.187 Y133.037
G1 F1500 X102.745 Y131.595 E2992.66302
G0 F9000 X102.745 Y132.16
G1 F1500 X103.66 Y133.075 E2992.70605
G0 F9000 X103.224 Y133.205
G1 F1500 X102.745 Y132.726 E2992.72858
G0 F9000 X102.745 Y133.292
G1 F1500 X102.856 Y133.403 E2992.73381
G0 F9000 X103.134 Y133.77
G0 X102.376 Y134.497
G0 X102.288 Y129.897
G0 X102.745 Y129.898
G1 F1500 X123.467 Y150.62 E2993.70851
G0 F9000 X124.033 Y150.62
G1 F1500 X102.745 Y129.333 E2994.7098
G0 F9000 X102.746 Y128.768
G1 F1500 X124.599 Y150.62 E2995.73768
G0 F9000 X125.164 Y150.62
G1 F1500 X102.746 Y128.202 E2996.79215
G0 F9000 X102.746 Y127.636
G1 F1500 X125.73 Y150.62 E2997.87325
G0 F9000 X126.296 Y150.62
G1 F1500 X102.746 Y127.071 E2998.98095
G0 F9000 X102.747 Y126.506
G1 F1500 X126.861 Y150.62 E3000.11519
G0 F9000 X127.427 Y150.62
G1 F1500 X102.747 Y125.94 E3001.27607
G0 F9000 X102.747 Y125.374
G1 F1500 X127.993 Y150.62 E3002.46356
G0 F9000 X128.428 Y150.49
G1 F1500 X102.879 Y124.941 E3003.66531
G0 F9000 X103.445 Y124.941
G1 F1500 X128.428 Y149.924 E3004.84043
G0 F9000 X128.428 Y149.359
G1 F1500 X104.01 Y124.941 E3005.98898
G0 F9000 X104.576 Y124.941
G1 F1500 X128.428 Y148.793 E3007.1109
G0 F9000 X128.428 Y148.227
G1 F1500 X105.142 Y124.941 E3008.20621
G0 F9000 X105.708 Y124.941
G1 F1500 X128.428 Y147.662 E3009.27491
G0 F9000 X128.428 Y147.096
G1 F1500 X106.273 Y124.941 E3010.31701
G0 F9000 X106.839 Y124.941
G1 F1500 X128.428 Y146.53 E3011.33249
G0 F9000 X128.428 Y145.965
G1 F1500 X107.405 Y124.941 E3012.32137
G0 F9000 X107.97 Y124.941
G1 F1500 X128.428 Y145.399 E3013.28365
G0 F9000 X128.428 Y144.833
G1 F1500 X108.536 Y124.941 E3014.21931
G0 F9000 X109.102 Y124.941
G1 F1500 X124.893 Y140.732 E3014.96207
G0 F9000 X124.839 Y140.113
G1 F1500 X109.667 Y124.941 E3015.67572
G0 F9000 X110.233 Y124.941
G1 F1500 X124.932 Y139.64 E3016.36711
G0 F9000 X125.1 Y139.242
G1 F1500 X110.799 Y124.941 E3017.03979
G0 F9000 X111.364 Y124.941
G1 F1500 X125.318 Y138.894 E3017.69612
G0 F9000 X125.596 Y138.607
G1 F1500 X111.93 Y124.941 E3018.33893
G0 F9000 X112.496 Y124.941
G1 F1500 X125.918 Y138.363 E3018.97025
G0 F9000 X126.297 Y138.176
G1 F1500 X113.061 Y124.941 E3019.59281
G0 F9000 X113.627 Y124.941
G1 F1500 X126.742 Y138.056 E3020.2097
G0 F9000 X127.299 Y138.047
G1 F1500 X114.193 Y124.941 E3020.82617
G0 F9000 X114.758 Y124.941
G1 F1500 X128.099 Y138.282 E3021.45369
G0 F9000 X128.428 Y138.045
G1 F1500 X115.324 Y124.941 E3022.07006
G0 F9000 X115.89 Y124.941
G1 F1500 X128.428 Y137.479 E3022.65981
G0 F9000 X128.428 Y136.914
G1 F1500 X116.456 Y124.941 E3023.22296
G0 F9000 X117.021 Y124.941
G1 F1500 X128.428 Y136.348 E3023.75951
G0 F9000 X128.428 Y135.782
G1 F1500 X117.587 Y124.941 E3024.26944
G0 F9000 X118.153 Y124.941
G1 F1500 X128.428 Y135.216 E3024.75274
G0 F9000 X128.428 Y134.651
G1 F1500 X118.718 Y124.941 E3025.20947
G0 F9000 X119.284 Y124.941
G1 F1500 X128.428 Y134.085 E3025.63957
G0 F9000 X128.428 Y133.519
G1 F1500 X119.85 Y124.941 E3026.04306
G0 F9000 X120.415 Y124.941
G1 F1500 X128.428 Y132.954 E3026.41996
G0 F9000 X128.428 Y132.388
G1 F1500 X120.981 Y124.941 E3026.77025
G0 F9000 X121.547 Y124.941
G1 F1500 X128.428 Y131.822 E3027.09391
G0 F9000 X128.428 Y131.257
G1 F1500 X122.112 Y124.941 E3027.391
G0 F9000 X122.678 Y124.941
G1 F1500 X128.428 Y130.691 E3027.66146
G0 F9000 X128.428 Y130.125
G1 F1500 X123.244 Y124.941 E3027.9053
G0 F9000 X123.809 Y124.941
G1 F1500 X128.428 Y129.56 E3028.12256
G0 F9000 X128.428 Y128.994
G1 F1500 X124.375 Y124.941 E3028.3132
G0 F9000 X124.941 Y124.941
G1 F1500 X128.428 Y128.428 E3028.47722
G0 F9000 X128.428 Y127.863
G1 F1500 X125.507 Y124.941 E3028.61464
G0 F9000 X126.072 Y124.941
G1 F1500 X128.428 Y127.297 E3028.72546
G0 F9000 X128.428 Y126.731
G1 F1500 X126.638 Y124.941 E3028.80965
G0 F9000 X127.204 Y124.941
G1 F1500 X128.428 Y126.166 E3028.86725
G0 F9000 X128.428 Y125.6
G1 F1500 X127.769 Y124.941 E3028.89825
G0 F9000 X128.335 Y124.941
G1 F1500 X128.428 Y125.034 E3028.90262
G0 F9000 X128.888 Y125.034
G0 X128.799 Y139.478
G0 X128.621 Y140.569
G0 X128.454 Y141.002
G0 X127.919 Y141.858
G0 X128.126 Y142.268
G1 F1500 X128.428 Y142.57 E3028.91683
G0 F9000 X128.428 Y143.136
G1 F1500 X127.725 Y142.433 E3028.94989
G0 F9000 X127.241 Y142.515
G1 F1500 X128.428 Y143.702 E3029.00573
G0 F9000 X128.428 Y144.267
G1 F1500 X126.647 Y142.486 E3029.0895
G1 F2700 E3024.0895
;MESH:NONMESH
G0 F300 X126.647 Y142.486 Z4.8
G0 F9000 X126.774 Y142.044
G0 X125.345 Y140.955
G0 X125.706 Y139.025
G0 X127.733 Y138.544
G0 X128.799 Y139.478
G0 X128.816 Y124.552
G0 X102.02 Y124.213
G0 X100.925 Y124.213
G0 X97.069 Y121.431
G0 X70.202 Y104.131
;TIME_ELAPSED:4130.640270
;LAYER:23
;TYPE:WALL-INNER
;MESH:Supporto.stl(1)
G1 F2700 E3029.0895
G1 F980.4 X70.201 Y104.385 E3029.10242
G1 F2700 E3024.10242
G0 F9000 X70.268 Y119.992
G0 X87.051 Y120.164
G1 F2700 E3029.10242
G1 F1500 X96.896 Y120.164 E3029.42987
G1 X96.896 Y110.141 E3029.76324
G1 F1315.8 X96.796 Y109.57 E3029.78522
G1 X96.374 Y110.25 E3029.81556
G1 F1500 X96.029 Y110.627 E3029.83256
G1 X95.471 Y110.906 E3029.85331
G1 X94.956 Y110.957 E3029.87052
G1 X94.729 Y110.937 E3029.8781
G1 X94.232 Y110.794 E3029.8953
G1 X93.732 Y110.408 E3029.91631
G1 X93.4 Y109.872 E3029.93728
G1 X93.287 Y109.27 E3029.95765
G1 X93.398 Y108.665 E3029.97811
G1 X93.731 Y108.118 E3029.99941
G1 X94.242 Y107.732 E3030.02071
G1 X94.729 Y107.591 E3030.03757
G1 X94.956 Y107.571 E3030.04515
G1 X95.471 Y107.622 E3030.06237
G1 X95.929 Y107.851 E3030.0794
G1 X96.103 Y107.982 E3030.08664
G1 F1321.6 X96.426 Y108.334 E3030.10468
G1 F1067.6 X96.788 Y109.064 E3030.14275
G1 F1102.9 X96.861 Y108.798 E3030.15523
G1 F1376.1 X96.896 Y108.39 E3030.17008
G1 F1500 X96.896 Y93.364 E3030.66984
G1 X70.096 Y93.364 E3031.56121
G1 X70.097 Y103.728 E3031.90592
G1 F1183.4 X70.202 Y104.131 E3031.92348
G1 X70.382 Y103.755 E3031.94105
G1 F1500 X70.46 Y103.553 E3031.94825
G1 X70.672 Y103.209 E3031.96169
G1 X70.823 Y103.044 E3031.96913
G1 X71.235 Y102.734 E3031.98628
G1 X71.729 Y102.591 E3032.00339
G1 X71.956 Y102.57 E3032.01097
G1 X72.471 Y102.621 E3032.02818
G1 X73.027 Y102.906 E3032.04896
G1 X73.457 Y103.375 E3032.07013
G1 X73.678 Y103.953 E3032.09071
G1 X73.68 Y104.573 E3032.11133
G1 X73.45 Y105.166 E3032.13248
G1 X73.014 Y105.635 E3032.15378
G1 X72.468 Y105.907 E3032.17407
G1 X71.956 Y105.958 E3032.19118
G1 X71.729 Y105.937 E3032.19877
G1 X71.235 Y105.794 E3032.21587
G1 X70.823 Y105.484 E3032.23302
G1 X70.672 Y105.319 E3032.24046
G1 X70.46 Y104.975 E3032.2539
G1 X70.382 Y104.773 E3032.2611
G1 F1188.1 X70.201 Y104.385 E3032.27908
G1 X70.097 Y104.8 E3032.29704
G1 F1500 X70.096 Y120.164 E3032.80805
G1 X87.051 Y120.164 E3033.37198
G0 F9000 X96.724 Y119.992
G0 X96.783 Y109.591
G1 F966.2 X96.788 Y109.064 E3033.39919
G1 F2700 E3028.39919
G0 F9000 X96.323 Y110.085
G0 X96.011 Y110.428
G0 X95.495 Y110.796
G0 X95.357 Y110.515
;TYPE:WALL-OUTER
G1 F2700 E3033.39919
G1 F1500 X94.874 Y110.563 E3033.41534
G1 X94.415 Y110.426 E3033.43127
G1 X94.043 Y110.147 E3033.44673
G1 X93.784 Y109.731 E3033.46303
G1 X93.693 Y109.265 E3033.47882
G1 X93.784 Y108.797 E3033.49468
G1 X94.045 Y108.379 E3033.51107
G1 X94.42 Y108.096 E3033.5267
G1 X94.875 Y107.965 E3033.54245
G1 X95.357 Y108.013 E3033.55856
G1 X95.784 Y108.226 E3033.57443
G1 X96.105 Y108.575 E3033.5902
G1 X96.28 Y109.025 E3033.60626
G1 X96.278 Y109.503 E3033.62216
G1 X96.106 Y109.952 E3033.63815
G1 X95.784 Y110.302 E3033.65397
G1 X95.357 Y110.515 E3033.66984
G1 F2700 E3028.66984
G0 F9000 X95.495 Y110.796
G0 X96.707 Y110.07
G0 X96.724 Y119.992
G0 X87.158 Y120.256
G0 X87.158 Y120.564
G1 F2700 E3033.66984
G1 F1500 X97.296 Y120.564 E3034.00703
G1 X97.296 Y92.964 E3034.92501
G1 X69.696 Y92.964 E3035.84299
G1 X69.696 Y120.564 E3036.76097
G1 X87.158 Y120.564 E3037.34176
G1 F2700 E3032.34176
G0 F9000 X87.158 Y120.256
G0 X70.268 Y119.992
G0 X70.287 Y105.051
G0 X71.654 Y105.914
G0 X72.499 Y105.794
G0 X72.36 Y105.511
G1 F2700 E3037.34176
G1 F1500 X71.879 Y105.564 E3037.35785
G1 X71.418 Y105.431 E3037.37381
G1 X71.033 Y105.141 E3037.38984
G1 X70.782 Y104.734 E3037.40575
G1 X70.691 Y104.265 E3037.42164
G1 X70.782 Y103.794 E3037.43759
G1 X71.033 Y103.387 E3037.45349
G1 X71.418 Y103.097 E3037.46953
G1 X71.877 Y102.964 E3037.48542
G1 X72.355 Y103.011 E3037.5014
G1 X72.772 Y103.221 E3037.51692
G1 X73.102 Y103.571 E3037.53292
G1 X73.28 Y104.044 E3037.54973
G1 X73.278 Y104.502 E3037.56497
G1 X73.106 Y104.945 E3037.58077
G1 X72.789 Y105.294 E3037.59645
G1 X72.36 Y105.511 E3037.61244
G1 F2700 E3032.61244
G0 F9000 X72.499 Y105.794
G0 X71.047 Y105.853
G0 X70.287 Y105.051
G0 X70.268 Y119.992
G0 X86.956 Y120.064
G0 X86.956 Y119.804
;TYPE:SKIN
G1 F2700 E3037.61244
G1 F1500 X70.456 Y119.804 E3038.16124
G1 X70.457 Y105.613 E3038.63323
G1 X70.606 Y105.772 E3038.64048
G1 X70.923 Y106.012 E3038.6537
G1 X71.248 Y106.173 E3038.66577
G1 X71.62 Y106.281 E3038.67865
G1 X71.957 Y106.316 E3038.68992
G1 X72.572 Y106.255 E3038.71047
G1 X73.254 Y105.901 E3038.73603
G1 X73.751 Y105.375 E3038.7601
G1 X74.031 Y104.668 E3038.78539
G1 X74.036 Y103.88 E3038.8116
G1 X73.739 Y103.139 E3038.83815
G1 X73.247 Y102.613 E3038.86211
G1 X72.571 Y102.269 E3038.88734
G1 X71.957 Y102.208 E3038.90786
G1 X71.657 Y102.236 E3038.91788
G1 X71.242 Y102.356 E3038.93225
G1 X70.959 Y102.492 E3038.94269
G1 X70.579 Y102.777 E3038.95849
G1 X70.456 Y102.914 E3038.96461
G1 X70.456 Y93.724 E3039.27027
G1 X96.536 Y93.724 E3040.1377
G1 X96.536 Y107.922 E3040.60993
G1 X96.341 Y107.716 E3040.61936
G1 X96.081 Y107.524 E3040.63011
G1 X95.725 Y107.348 E3040.64332
G1 X95.431 Y107.256 E3040.65356
G1 X94.995 Y107.212 E3040.66814
G1 X94.62 Y107.243 E3040.68065
G1 X94.073 Y107.407 E3040.69965
G1 X93.458 Y107.87 E3040.72525
G1 X93.068 Y108.509 E3040.75015
G1 X92.916 Y109.264 E3040.77577
G1 X93.069 Y110.019 E3040.80139
G1 X93.483 Y110.675 E3040.82719
G1 X94.067 Y111.118 E3040.85157
G1 X94.62 Y111.281 E3040.87074
G1 X94.957 Y111.316 E3040.88201
G1 X95.393 Y111.276 E3040.89657
G1 X95.692 Y111.193 E3040.9069
G1 X96.083 Y110.999 E3040.92141
G1 X96.341 Y110.808 E3040.93209
G1 X96.536 Y110.602 E3040.94152
G1 X96.536 Y119.804 E3041.24758
G1 X86.956 Y119.804 E3041.56622
G0 F9000 X86.956 Y120.064
G0 X96.724 Y119.992
G0 X96.796 Y119.191
G0 X96.336 Y119.191
G1 F1500 X95.922 Y119.604 E3041.58567
G0 F9000 X95.356 Y119.604
G1 F1500 X96.336 Y118.625 E3041.63174
G0 F9000 X96.336 Y118.059
G1 F1500 X94.79 Y119.604 E3041.70443
G0 F9000 X94.225 Y119.604
G1 F1500 X96.336 Y117.494 E3041.80371
G0 F9000 X96.336 Y116.928
G1 F1500 X93.659 Y119.604 E3041.9296
G0 F9000 X93.093 Y119.604
G1 F1500 X96.336 Y116.362 E3042.08212
G0 F9000 X96.336 Y115.797
G1 F1500 X92.528 Y119.604 E3042.26121
G0 F9000 X91.962 Y119.604
G1 F1500 X96.336 Y115.231 E3042.46693
G0 F9000 X96.336 Y114.665
G1 F1500 X91.396 Y119.604 E3042.69926
G0 F9000 X90.831 Y119.604
G1 F1500 X96.336 Y114.099 E3042.9582
G0 F9000 X96.336 Y113.534
G1 F1500 X90.265 Y119.604 E3043.24374
G0 F9000 X89.699 Y119.604
G1 F1500 X96.336 Y112.968 E3043.5559
G0 F9000 X96.336 Y112.402
G1 F1500 X89.134 Y119.604 E3043.89466
G0 F9000 X88.568 Y119.604
G1 F1500 X96.336 Y111.837 E3044.26002
G0 F9000 X96.336 Y111.271
G1 F1500 X88.002 Y119.604 E3044.652
G0 F9000 X87.437 Y119.604
G1 F1500 X95.623 Y111.418 E3045.03705
G0 F9000 X94.962 Y111.513
G1 F1500 X86.871 Y119.604 E3045.41762
G0 F9000 X86.305 Y119.604
G1 F1500 X94.465 Y111.444 E3045.80144
G0 F9000 X94.025 Y111.318
G1 F1500 X85.74 Y119.604 E3046.19117
G0 F9000 X85.174 Y119.604
G1 F1500 X93.694 Y111.084 E3046.59192
G0 F9000 X93.37 Y110.843
G1 F1500 X84.608 Y119.604 E3047.00404
G0 F9000 X84.042 Y119.604
G1 F1500 X93.139 Y110.507 E3047.43193
G0 F9000 X92.922 Y110.159
G1 F1500 X83.477 Y119.604 E3047.8762
G0 F9000 X82.911 Y119.604
G1 F1500 X92.801 Y109.715 E3048.34137
G0 F9000 X92.719 Y109.23
G1 F1500 X82.345 Y119.604 E3048.82933
G0 F9000 X81.78 Y119.604
G1 F1500 X92.859 Y108.525 E3049.35045
G0 F9000 X93.312 Y108.616
G0 X94.366 Y107.592
G0 X94.238 Y107.146
G1 F1500 X96.336 Y105.048 E3049.44914
G0 F9000 X96.336 Y105.613
G1 F1500 X94.931 Y107.018 E3049.51522
G0 F9000 X95.459 Y107.056
G1 F1500 X96.336 Y106.179 E3049.55647
G0 F9000 X96.336 Y106.745
G1 F1500 X95.879 Y107.202 E3049.57797
G0 F9000 X96.253 Y107.394
G1 F1500 X96.336 Y107.311 E3049.58187
G0 F9000 X96.796 Y107.311
G0 X96.796 Y104.482
G0 X96.336 Y104.482
G1 F1500 X81.214 Y119.604 E3050.29317
G0 F9000 X80.648 Y119.604
G1 F1500 X96.336 Y103.916 E3051.03108
G0 F9000 X96.336 Y103.351
G1 F1500 X80.083 Y119.604 E3051.79557
G0 F9000 X79.517 Y119.604
G1 F1500 X96.336 Y102.785 E3052.58669
G0 F9000 X96.336 Y102.219
G1 F1500 X78.951 Y119.604 E3053.40442
G0 F9000 X78.386 Y119.604
G1 F1500 X96.336 Y101.654 E3054.24874
G0 F9000 X96.336 Y101.088
G1 F1500 X77.82 Y119.604 E3055.11967
G0 F9000 X77.254 Y119.604
G1 F1500 X96.336 Y100.522 E3056.01723
G0 F9000 X96.336 Y99.957
G1 F1500 X76.689 Y119.604 E3056.94137
G0 F9000 X76.123 Y119.604
G1 F1500 X96.336 Y99.391 E3057.89212
G0 F9000 X96.336 Y98.825
G1 F1500 X75.557 Y119.604 E3058.8695
G0 F9000 X74.992 Y119.604
G1 F1500 X96.336 Y98.26 E3059.87346
G0 F9000 X96.336 Y97.694
G1 F1500 X74.426 Y119.604 E3060.90404
G0 F9000 X73.86 Y119.604
G1 F1500 X96.336 Y97.128 E3061.96124
G0 F9000 X96.336 Y96.563
G1 F1500 X73.294 Y119.604 E3063.04504
G0 F9000 X72.729 Y119.604
G1 F1500 X96.336 Y95.997 E3064.15544
G0 F9000 X96.336 Y95.431
G1 F1500 X72.163 Y119.604 E3065.29247
G0 F9000 X71.597 Y119.604
G1 F1500 X96.336 Y94.865 E3066.45612
G0 F9000 X96.336 Y94.3
G1 F1500 X71.032 Y119.604 E3067.64634
G0 F9000 X70.656 Y119.414
G1 F1500 X96.147 Y93.924 E3068.84533
G0 F9000 X95.581 Y93.924
G1 F1500 X70.656 Y118.848 E3070.0177
G0 F9000 X70.656 Y118.283
G1 F1500 X95.015 Y93.924 E3071.16348
G0 F9000 X94.45 Y93.924
G1 F1500 X70.656 Y117.717 E3072.28265
G0 F9000 X70.656 Y117.151
G1 F1500 X93.884 Y93.924 E3073.3752
G0 F9000 X93.318 Y93.924
G1 F1500 X70.656 Y116.586 E3074.44115
G0 F9000 X70.656 Y116.02
G1 F1500 X92.753 Y93.924 E3075.4805
G0 F9000 X92.187 Y93.924
G1 F1500 X70.656 Y115.454 E3076.49323
G0 F9000 X70.656 Y114.889
G1 F1500 X91.621 Y93.924 E3077.47936
G0 F9000 X91.056 Y93.924
G1 F1500 X70.656 Y114.323 E3078.43889
G0 F9000 X70.656 Y113.757
G1 F1500 X90.49 Y93.924 E3079.3718
G0 F9000 X89.924 Y93.924
G1 F1500 X70.656 Y113.192 E3080.27811
G0 F9000 X70.656 Y112.626
G1 F1500 X89.358 Y93.924 E3081.15779
G0 F9000 X88.793 Y93.924
G1 F1500 X70.656 Y112.06 E3082.01088
G0 F9000 X70.656 Y111.494
G1 F1500 X88.227 Y93.924 E3082.83734
G0 F9000 X87.661 Y93.924
G1 F1500 X70.656 Y110.929 E3083.6372
G0 F9000 X70.656 Y110.363
G1 F1500 X87.096 Y93.924 E3084.41047
G0 F9000 X86.53 Y93.924
G1 F1500 X70.656 Y109.797 E3085.15711
G0 F9000 X70.656 Y109.232
G1 F1500 X85.964 Y93.924 E3085.87715
G0 F9000 X85.399 Y93.924
G1 F1500 X73.978 Y105.344 E3086.41433
G0 F9000 X74.231 Y104.525
G1 F1500 X84.833 Y93.924 E3086.913
G0 F9000 X84.267 Y93.924
G1 F1500 X74.235 Y103.956 E3087.38487
G0 F9000 X74.108 Y103.517
G1 F1500 X83.702 Y93.924 E3087.83612
G0 F9000 X83.136 Y93.924
G1 F1500 X73.95 Y103.11 E3088.2682
G0 F9000 X73.695 Y102.799
G1 F1500 X82.57 Y93.924 E3088.68565
G0 F9000 X82.005 Y93.924
G1 F1500 X73.422 Y102.506 E3089.08935
G0 F9000 X73.063 Y102.299
G1 F1500 X81.439 Y93.924 E3089.4833
G0 F9000 X80.873 Y93.924
G1 F1500 X72.691 Y102.106 E3089.86816
G0 F9000 X72.201 Y102.03
G1 F1500 X80.308 Y93.924 E3090.24947
G0 F9000 X79.742 Y93.924
G1 F1500 X71.626 Y102.039 E3090.63119
G0 F9000 X70.656 Y101.878
G1 F1500 X78.61 Y93.924 E3091.00533
G0 F9000 X78.045 Y93.924
G1 F1500 X70.656 Y101.312 E3091.35286
G0 F9000 X70.656 Y100.746
G1 F1500 X77.479 Y93.924 E3091.67377
G0 F9000 X76.913 Y93.924
G1 F1500 X70.656 Y100.181 E3091.96808
G0 F9000 X70.656 Y99.615
G1 F1500 X76.348 Y93.924 E3092.23579
G0 F9000 X75.782 Y93.924
G1 F1500 X70.656 Y99.049 E3092.47688
G0 F9000 X70.656 Y98.484
G1 F1500 X75.216 Y93.924 E3092.69136
G0 F9000 X74.651 Y93.924
G1 F1500 X70.656 Y97.918 E3092.87925
G0 F9000 X70.656 Y97.352
G1 F1500 X74.085 Y93.924 E3093.04052
G0 F9000 X73.519 Y93.924
G1 F1500 X70.656 Y96.787 E3093.17519
G0 F9000 X70.656 Y96.221
G1 F1500 X72.954 Y93.924 E3093.28325
G0 F9000 X72.388 Y93.924
G1 F1500 X70.656 Y95.655 E3093.3647
G0 F9000 X70.656 Y95.09
G1 F1500 X71.822 Y93.924 E3093.41954
G0 F9000 X71.257 Y93.924
G1 F1500 X70.656 Y94.524 E3093.44779
G0 F9000 X70.196 Y94.524
G0 X70.196 Y102.444
G0 X70.656 Y102.444
G1 F1500 X79.176 Y93.924 E3093.84854
G0 F9000 X79.176 Y93.464
G0 X70.268 Y93.536
G0 X70.287 Y103.477
G0 X71.975 Y102.411
G0 X73.579 Y103.259
G0 X73.856 Y103.941
G0 X73.705 Y104.265
G0 X72.917 Y105.791
G0 X73.125 Y106.198
G1 F1500 X70.656 Y108.666 E3093.96465
G0 F9000 X70.656 Y108.1
G1 F1500 X72.269 Y106.487 E3094.04053
G0 F9000 X71.703 Y106.488
G1 F1500 X70.656 Y107.535 E3094.08977
G0 F9000 X70.656 Y106.969
G1 F1500 X71.245 Y106.38 E3094.11748
G0 F9000 X70.856 Y106.203
G1 F1500 X70.656 Y106.403 E3094.12689
G1 F2700 E3089.12689
;MESH:TracciaSopra.stl
G0 F9000 X70.197 Y106.402
G0 X70.268 Y93.536
G0 X97.069 Y93.196
G0 X98.164 Y93.196
G0 X101.406 Y90.778
G0 X101.686 Y73.738
;TYPE:WALL-INNER
G1 F2700 E3094.12689
G1 F983.6 X101.686 Y73.486 E3094.13967
G0 F9000 X101.752 Y89.34
G0 X115.194 Y89.512
G1 F1500 X128.38 Y89.512 E3094.57824
G1 X128.38 Y79.478 E3094.91197
G1 F1310 X128.276 Y78.917 E3094.9337
G1 X127.858 Y79.598 E3094.96413
G1 F1500 X127.587 Y79.894 E3094.97747
G1 X127.411 Y80.026 E3094.98479
G1 X127.047 Y80.206 E3094.9983
G1 X126.834 Y80.266 E3095.00566
G1 X126.325 Y80.312 E3095.02266
G1 X125.714 Y80.144 E3095.04373
G1 X125.208 Y79.749 E3095.06508
G1 X124.881 Y79.23 E3095.08548
G1 X124.773 Y78.62 E3095.10609
G1 X124.888 Y77.982 E3095.12765
G1 X125.216 Y77.465 E3095.14802
G1 X125.722 Y77.079 E3095.16918
G1 X126.215 Y76.939 E3095.18623
G1 X126.434 Y76.918 E3095.19355
G1 X126.834 Y76.954 E3095.2069
G1 X127.051 Y77.016 E3095.21441
G1 X127.514 Y77.25 E3095.23166
G1 F1318.7 X127.908 Y77.681 E3095.25376
G1 F1061.9 X128.27 Y78.408 E3095.29191
G1 F1096.9 X128.343 Y78.145 E3095.30433
G1 F1373 X128.38 Y77.743 E3095.31899
G1 F1500 X128.38 Y62.712 E3095.81893
G1 X101.58 Y62.712 E3096.7103
G1 X101.58 Y73.083 E3097.05524
G1 F1188.1 X101.686 Y73.486 E3097.07274
G1 X101.861 Y73.108 E3097.09023
G1 F1500 X101.943 Y72.896 E3097.09779
G1 X102.216 Y72.461 E3097.11487
G1 X102.712 Y72.083 E3097.13561
G1 X103.215 Y71.938 E3097.15302
G1 X103.434 Y71.918 E3097.16034
G1 X103.95 Y71.964 E3097.17757
G1 X104.512 Y72.254 E3097.1986
G1 X104.933 Y72.714 E3097.21934
G1 X105.158 Y73.297 E3097.24013
G1 X105.156 Y73.921 E3097.26088
G1 X104.94 Y74.508 E3097.28168
G1 X104.507 Y74.973 E3097.30282
G1 X103.948 Y75.256 E3097.32366
G1 X103.325 Y75.312 E3097.34446
G1 X102.828 Y75.175 E3097.36161
G1 X102.624 Y75.074 E3097.36918
G1 X102.216 Y74.763 E3097.38624
G1 X101.943 Y74.328 E3097.40332
G1 X101.861 Y74.116 E3097.41088
G1 F1188.1 X101.686 Y73.738 E3097.42838
G1 X101.58 Y74.141 E3097.44587
G1 F1500 X101.58 Y89.512 E3097.95711
G1 X115.194 Y89.512 E3098.40992
G0 F9000 X128.208 Y89.34
G0 X128.265 Y78.935
G1 F960 X128.27 Y78.408 E3098.43731
G1 F2700 E3093.43731
G0 F9000 X127.806 Y79.432
G0 X127.42 Y79.855
G0 X127.004 Y80.062
G0 X126.277 Y80.208
G0 X126.362 Y79.907
;TYPE:WALL-OUTER
G1 F2700 E3098.43731
G1 F1500 X125.895 Y79.774 E3098.45346
G1 X125.527 Y79.495 E3098.46882
G1 X125.264 Y79.079 E3098.48519
G1 X125.177 Y78.611 E3098.50102
G1 X125.263 Y78.138 E3098.51701
G1 X125.517 Y77.739 E3098.53274
G1 X125.899 Y77.445 E3098.54877
G1 X126.361 Y77.313 E3098.56475
G1 X126.836 Y77.355 E3098.58061
G1 X127.268 Y77.574 E3098.59672
G1 X127.589 Y77.923 E3098.61249
G1 X127.76 Y78.37 E3098.62841
G1 X127.758 Y78.847 E3098.64428
G1 X127.591 Y79.299 E3098.6603
G1 X127.267 Y79.651 E3098.67622
G1 X126.835 Y79.865 E3098.69225
G1 X126.362 Y79.907 E3098.70805
G1 F2700 E3093.70805
G0 F9000 X126.277 Y80.208
G0 X127.708 Y80.001
G0 X128.19 Y79.414
G0 X128.208 Y89.34
G0 X115.201 Y89.603
G0 X115.201 Y89.912
G1 F2700 E3098.70805
G1 F1500 X128.78 Y89.912 E3099.15968
G1 X128.78 Y62.312 E3100.07766
G1 X101.18 Y62.312 E3100.99564
G1 X101.18 Y89.912 E3101.91362
G1 X115.201 Y89.912 E3102.37996
G1 F2700 E3097.37996
G0 F9000 X115.201 Y89.603
G0 X101.752 Y89.34
G0 X101.77 Y74.405
G0 X102.258 Y74.705
G0 X103.279 Y75.208
G0 X103.364 Y74.907
G1 F2700 E3102.37996
G1 F1500 X102.895 Y74.778 E3102.39614
G1 X102.518 Y74.49 E3102.41192
G1 X102.262 Y74.084 E3102.42789
G1 X102.176 Y73.614 E3102.44378
G1 X102.262 Y73.14 E3102.4598
G1 X102.518 Y72.734 E3102.47576
G1 X102.895 Y72.446 E3102.49154
G1 X103.361 Y72.313 E3102.50766
G1 X103.838 Y72.356 E3102.52359
G1 X104.275 Y72.584 E3102.53999
G1 X104.581 Y72.917 E3102.55503
G1 X104.76 Y73.388 E3102.57179
G1 X104.759 Y73.837 E3102.58672
G1 X104.59 Y74.293 E3102.60289
G1 X104.273 Y74.642 E3102.61858
G1 X103.839 Y74.86 E3102.63473
G1 X103.364 Y74.907 E3102.6506
G1 F2700 E3097.6506
G0 F9000 X103.279 Y75.208
G0 X102.021 Y74.754
G0 X101.77 Y74.405
G0 X101.752 Y89.34
G0 X115.189 Y89.412
G0 X115.189 Y89.152
;TYPE:SKIN
G1 F2700 E3102.6506
G1 F1500 X101.94 Y89.152 E3103.09127
G1 X101.94 Y74.963 E3103.5632
G1 X102.061 Y75.093 E3103.5691
G1 X102.431 Y75.376 E3103.5846
G1 X102.733 Y75.521 E3103.59574
G1 X103.117 Y75.629 E3103.60901
G1 X103.43 Y75.66 E3103.61947
G1 X104.048 Y75.609 E3103.64009
G1 X104.718 Y75.269 E3103.66508
G1 X105.241 Y74.717 E3103.69037
G1 X105.514 Y73.978 E3103.71658
G1 X105.516 Y73.211 E3103.74209
G1 X105.233 Y72.494 E3103.76772
G1 X104.73 Y71.968 E3103.79193
G1 X104.058 Y71.617 E3103.81715
G1 X103.472 Y71.556 E3103.83674
G1 X103.14 Y71.584 E3103.84782
G1 X102.732 Y71.699 E3103.86192
G1 X102.431 Y71.844 E3103.87304
G1 X102.085 Y72.105 E3103.88745
G1 X101.941 Y72.259 E3103.89446
G1 X101.94 Y63.072 E3104.20002
G1 X128.02 Y63.072 E3105.06745
G1 X128.02 Y77.27 E3105.53968
G1 X127.831 Y77.065 E3105.54895
G1 X127.607 Y76.893 E3105.55834
G1 X127.209 Y76.692 E3105.57317
G1 X126.867 Y76.592 E3105.58502
G1 X126.471 Y76.556 E3105.59825
G1 X126.14 Y76.584 E3105.6093
G1 X125.556 Y76.756 E3105.62955
G1 X124.946 Y77.222 E3105.65508
G1 X124.538 Y77.867 E3105.68046
G1 X124.404 Y78.602 E3105.70531
G1 X124.536 Y79.347 E3105.73048
G1 X124.946 Y79.998 E3105.75607
G1 X125.543 Y80.466 E3105.7813
G1 X126.154 Y80.636 E3105.80239
G1 X126.467 Y80.66 E3105.81283
G1 X126.863 Y80.624 E3105.82606
G1 X127.209 Y80.528 E3105.838
G1 X127.565 Y80.352 E3105.85121
G1 X127.852 Y80.136 E3105.86315
G1 X128.02 Y79.95 E3105.87149
G1 X128.02 Y89.152 E3106.17755
G1 X115.189 Y89.152 E3106.60431
G0 F9000 X115.189 Y89.412
G0 X127.706 Y89.412
G0 X127.706 Y88.952
G1 F1500 X127.819 Y88.838 E3106.60965
G0 F9000 X127.819 Y88.272
G1 F1500 X127.14 Y88.952 E3106.64161
G0 F9000 X126.574 Y88.952
G1 F1500 X127.819 Y87.707 E3106.70017
G0 F9000 X127.819 Y87.141
G1 F1500 X126.009 Y88.952 E3106.78533
G0 F9000 X125.443 Y88.952
G1 F1500 X127.819 Y86.575 E3106.89712
G0 F9000 X127.819 Y86.01
G1 F1500 X124.877 Y88.952 E3107.0355
G0 F9000 X124.311 Y88.952
G1 F1500 X127.819 Y85.444 E3107.2005
G0 F9000 X127.819 Y84.878
G1 F1500 X123.746 Y88.952 E3107.39211
G0 F9000 X123.18 Y88.952
G1 F1500 X127.819 Y84.313 E3107.61031
G0 F9000 X127.819 Y83.747
G1 F1500 X122.614 Y88.952 E3107.85514
G0 F9000 X122.049 Y88.952
G1 F1500 X127.819 Y83.181 E3108.12657
G0 F9000 X127.819 Y82.616
G1 F1500 X121.483 Y88.952 E3108.42459
G0 F9000 X120.917 Y88.952
G1 F1500 X127.819 Y82.05 E3108.74924
G0 F9000 X127.819 Y81.484
G1 F1500 X120.352 Y88.952 E3109.10049
G0 F9000 X119.786 Y88.952
G1 F1500 X127.819 Y80.918 E3109.47836
G0 F9000 X127.631 Y80.542
G1 F1500 X119.22 Y88.952 E3109.87397
G0 F9000 X118.655 Y88.952
G1 F1500 X126.774 Y80.832 E3110.25588
G0 F9000 X126.202 Y80.839
G1 F1500 X118.089 Y88.952 E3110.63749
G0 F9000 X117.523 Y88.952
G1 F1500 X125.744 Y80.731 E3111.02418
G0 F9000 X125.343 Y80.566
G1 F1500 X116.958 Y88.952 E3111.41861
G0 F9000 X116.392 Y88.952
G1 F1500 X125.028 Y80.315 E3111.82485
G0 F9000 X124.739 Y80.04
G1 F1500 X115.826 Y88.952 E3112.24406
G0 F9000 X115.261 Y88.952
G1 F1500 X124.517 Y79.696 E3112.67944
G0 F9000 X124.33 Y79.317
G1 F1500 X114.695 Y88.952 E3113.13264
G0 F9000 X114.129 Y88.952
G1 F1500 X124.239 Y78.842 E3113.60818
G0 F9000 X124.265 Y78.251
G1 F1500 X113.563 Y88.952 E3114.11155
G0 F9000 X112.998 Y88.952
G1 F1500 X124.676 Y77.273 E3114.66087
G0 F9000 X125.083 Y76.867
G1 F1500 X127.819 Y74.13 E3114.78958
G0 F9000 X127.819 Y73.565
G1 F1500 X112.432 Y88.952 E3115.51334
G0 F9000 X111.866 Y88.952
G1 F1500 X127.819 Y72.999 E3116.26372
G0 F9000 X127.819 Y72.433
G1 F1500 X111.301 Y88.952 E3117.0407
G0 F9000 X110.735 Y88.952
G1 F1500 X127.819 Y71.868 E3117.84428
G0 F9000 X127.819 Y71.302
G1 F1500 X110.169 Y88.952 E3118.67448
G0 F9000 X109.604 Y88.952
G1 F1500 X127.819 Y70.736 E3119.53128
G0 F9000 X127.819 Y70.17
G1 F1500 X109.038 Y88.952 E3120.41471
G0 F9000 X108.472 Y88.952
G1 F1500 X127.819 Y69.605 E3121.32473
G0 F9000 X127.819 Y69.039
G1 F1500 X107.907 Y88.952 E3122.26135
G0 F9000 X107.341 Y88.952
G1 F1500 X127.819 Y68.473 E3123.2246
G0 F9000 X127.819 Y67.908
G1 F1500 X106.775 Y88.952 E3124.21445
G0 F9000 X106.21 Y88.952
G1 F1500 X127.819 Y67.342 E3125.23089
G0 F9000 X127.819 Y66.776
G1 F1500 X105.644 Y88.952 E3126.27396
G0 F9000 X105.078 Y88.952
G1 F1500 X127.819 Y66.211 E3127.34362
G0 F9000 X127.819 Y65.645
G1 F1500 X104.513 Y88.952 E3128.43989
G0 F9000 X103.947 Y88.952
G1 F1500 X127.819 Y65.079 E3129.56278
G0 F9000 X127.819 Y64.514
G1 F1500 X103.381 Y88.952 E3130.71227
G0 F9000 X102.815 Y88.952
G1 F1500 X127.819 Y63.948 E3131.88838
G0 F9000 X127.819 Y63.382
G1 F1500 X102.25 Y88.952 E3133.09109
G0 F9000 X102.14 Y88.496
G1 F1500 X127.364 Y63.272 E3134.27755
G0 F9000 X126.798 Y63.272
G1 F1500 X102.14 Y87.93 E3135.43739
G0 F9000 X102.14 Y87.364
G1 F1500 X126.233 Y63.272 E3136.57062
G0 F9000 X125.667 Y63.272
G1 F1500 X102.14 Y86.799 E3137.67726
G0 F9000 X102.14 Y86.233
G1 F1500 X125.101 Y63.272 E3138.75728
G0 F9000 X124.536 Y63.272
G1 F1500 X102.14 Y85.667 E3139.81069
G0 F9000 X102.14 Y85.102
G1 F1500 X123.97 Y63.272 E3140.83751
G0 F9000 X123.404 Y63.272
G1 F1500 X102.14 Y84.536 E3141.8377
G0 F9000 X102.14 Y83.97
G1 F1500 X122.839 Y63.272 E3142.8113
G0 F9000 X122.273 Y63.272
G1 F1500 X102.14 Y83.405 E3143.75829
G0 F9000 X102.14 Y82.839
G1 F1500 X121.707 Y63.272 E3144.67866
G0 F9000 X121.142 Y63.272
G1 F1500 X102.14 Y82.273 E3145.57244
G0 F9000 X102.141 Y81.707
G1 F1500 X120.576 Y63.272 E3146.43956
G0 F9000 X120.01 Y63.272
G1 F1500 X102.141 Y81.141 E3147.28006
G0 F9000 X102.141 Y80.576
G1 F1500 X119.444 Y63.272 E3148.09397
G0 F9000 X118.879 Y63.272
G1 F1500 X102.141 Y80.01 E3148.88127
G0 F9000 X102.141 Y79.444
G1 F1500 X118.313 Y63.272 E3149.64195
G0 F9000 X117.747 Y63.272
G1 F1500 X102.141 Y78.878 E3150.37601
G0 F9000 X102.141 Y78.313
G1 F1500 X117.182 Y63.272 E3151.08349
G0 F9000 X116.616 Y63.272
G1 F1500 X105.623 Y74.265 E3151.60057
G0 F9000 X105.716 Y73.606
G1 F1500 X116.05 Y63.272 E3152.08665
G0 F9000 X115.485 Y63.272
G1 F1500 X105.678 Y73.079 E3152.54794
G0 F9000 X105.518 Y72.673
G1 F1500 X114.919 Y63.272 E3152.99014
G0 F9000 X114.353 Y63.272
G1 F1500 X105.322 Y72.303 E3153.41493
G0 F9000 X105.046 Y72.013
G1 F1500 X113.788 Y63.272 E3153.8261
G0 F9000 X113.222 Y63.272
G1 F1500 X104.742 Y71.752 E3154.22497
G0 F9000 X104.37 Y71.558
G1 F1500 X112.656 Y63.272 E3154.61472
G0 F9000 X112.091 Y63.272
G1 F1500 X103.96 Y71.402 E3154.99716
G0 F9000 X103.436 Y71.361
G1 F1500 X111.525 Y63.272 E3155.37764
G0 F9000 X110.959 Y63.272
G1 F1500 X102.741 Y71.49 E3155.76419
G0 F9000 X102.141 Y71.525
G1 F1500 X110.394 Y63.272 E3156.15238
G0 F9000 X109.828 Y63.272
G1 F1500 X102.141 Y70.959 E3156.51396
G0 F9000 X102.141 Y70.393
G1 F1500 X109.262 Y63.272 E3156.84891
G0 F9000 X108.696 Y63.272
G1 F1500 X102.141 Y69.828 E3157.15726
G0 F9000 X102.141 Y69.262
G1 F1500 X108.131 Y63.272 E3157.43901
G0 F9000 X107.565 Y63.272
G1 F1500 X102.141 Y68.696 E3157.69414
G0 F9000 X102.141 Y68.13
G1 F1500 X106.999 Y63.272 E3157.92264
G0 F9000 X106.434 Y63.272
G1 F1500 X102.141 Y67.565 E3158.12457
G0 F9000 X102.141 Y66.999
G1 F1500 X105.868 Y63.272 E3158.29988
G0 F9000 X105.302 Y63.272
G1 F1500 X102.141 Y66.433 E3158.44856
G0 F9000 X102.141 Y65.868
G1 F1500 X104.737 Y63.272 E3158.57067
G0 F9000 X104.171 Y63.272
G1 F1500 X102.141 Y65.302 E3158.66615
G0 F9000 X102.141 Y64.736
G1 F1500 X103.605 Y63.272 E3158.73502
G0 F9000 X103.04 Y63.272
G1 F1500 X102.141 Y64.171 E3158.7773
G0 F9000 X102.141 Y63.605
G1 F1500 X102.474 Y63.272 E3158.79297
G0 F9000 X102.474 Y62.812
G0 X101.752 Y62.884
G0 X101.77 Y72.819
G0 X102.03 Y74.175
G0 X102.744 Y75.242
G0 X102.542 Y75.649
G1 F1500 X102.141 Y76.05 E3158.81183
G0 F9000 X102.141 Y76.616
G1 F1500 X102.963 Y75.793 E3158.85051
G0 F9000 X103.465 Y75.857
G1 F1500 X102.141 Y77.181 E3158.91279
G0 F9000 X102.141 Y77.747
G1 F1500 X104.083 Y75.805 E3159.00414
G1 F2700 E3154.00414
G0 F9000 X103.976 Y75.355
G0 X105.32 Y73.946
G0 X104.611 Y72.126
G0 X102.523 Y72.024
G0 X101.77 Y72.819
G0 X101.752 Y62.884
G0 X128.208 Y62.884
G0 X128.19 Y77.811
G0 X127.204 Y77.215
G0 X126.178 Y76.844
G0 X126.125 Y76.391
G1 F2700 E3159.00414
G1 F1500 X127.819 Y74.696 E3159.08384
G0 F9000 X127.819 Y75.262
G1 F1500 X126.702 Y76.38 E3159.13641
G0 F9000 X127.172 Y76.474
G1 F1500 X127.819 Y75.827 E3159.16684
G0 F9000 X127.819 Y76.393
G1 F1500 X127.563 Y76.65 E3159.1789
G1 F2700 E3154.1789
;MESH:TracciaSotto.stl
G0 F9000 X127.357 Y77.058
G0 X127.806 Y77.794
G0 X128.012 Y78.327
G0 X128.19 Y79.414
G0 X128.558 Y89.689
G0 X129.647 Y89.689
G0 X132.655 Y92.853
G0 X134.026 Y103.802
;TYPE:WALL-INNER
G1 F2700 E3159.1789
G1 F983.6 X134.026 Y104.054 E3159.19169
G0 F9000 X134.092 Y119.656
G0 X144.212 Y119.828
G1 F1500 X160.72 Y119.828 E3159.74074
G1 X160.72 Y109.793 E3160.07451
G1 F1310 X160.617 Y109.232 E3160.09623
G1 X160.198 Y109.911 E3160.12662
G1 F1500 X159.848 Y110.292 E3160.14382
G1 X159.389 Y110.521 E3160.16088
G1 X159.174 Y110.582 E3160.16832
G1 X158.665 Y110.628 E3160.18532
G1 X158.054 Y110.46 E3160.20639
G1 X157.548 Y110.065 E3160.22774
G1 X157.221 Y109.546 E3160.24814
G1 X157.11 Y108.921 E3160.26926
G1 X157.228 Y108.301 E3160.29025
G1 X157.555 Y107.779 E3160.31074
G1 X158.065 Y107.394 E3160.33199
G1 X158.555 Y107.255 E3160.34893
G1 X158.774 Y107.234 E3160.35625
G1 X159.174 Y107.27 E3160.36961
G1 X159.389 Y107.331 E3160.37704
G1 X159.749 Y107.511 E3160.39043
G1 X159.925 Y107.644 E3160.39776
G1 F1318.7 X160.251 Y108.004 E3160.41614
G1 F1061.9 X160.61 Y108.724 E3160.45393
G1 F1098.9 X160.684 Y108.459 E3160.46643
G1 F1376.1 X160.72 Y108.06 E3160.48095
G1 F1500 X160.72 Y93.028 E3160.98092
G1 X133.92 Y93.028 E3161.87229
G1 X133.92 Y103.399 E3162.21723
G1 F1188.1 X134.026 Y103.802 E3162.23473
G1 X134.201 Y103.424 E3162.25222
G1 F1500 X134.282 Y103.215 E3162.25967
G1 X134.498 Y102.867 E3162.2733
G1 X134.648 Y102.704 E3162.28066
G1 X135.056 Y102.398 E3162.29763
G1 X135.555 Y102.254 E3162.3149
G1 X135.774 Y102.234 E3162.32221
G1 X136.291 Y102.281 E3162.33948
G1 X136.864 Y102.575 E3162.3609
G1 X137.274 Y103.037 E3162.38145
G1 X137.498 Y103.614 E3162.40203
G1 X137.496 Y104.253 E3162.42329
G1 X137.275 Y104.824 E3162.44365
G1 X136.859 Y105.28 E3162.46418
G1 X136.29 Y105.572 E3162.48545
G1 X135.664 Y105.628 E3162.50635
G1 X135.168 Y105.491 E3162.52347
G1 X134.964 Y105.39 E3162.53104
G1 X134.556 Y105.079 E3162.5481
G1 X134.283 Y104.644 E3162.56518
G1 X134.201 Y104.432 E3162.57275
G1 F1188.1 X134.026 Y104.054 E3162.59024
G1 X133.92 Y104.457 E3162.60773
G1 F1500 X133.92 Y119.828 E3163.11898
G1 X144.212 Y119.828 E3163.46129
G0 F9000 X160.548 Y119.656
G0 X160.605 Y109.251
G1 F960 X160.61 Y108.724 E3163.48868
G1 F2700 E3158.48868
G0 F9000 X160.144 Y109.749
G0 X159.758 Y110.171
G0 X159.342 Y110.378
G0 X158.616 Y110.524
G0 X158.702 Y110.223
;TYPE:WALL-OUTER
G1 F2700 E3163.48868
G1 F1500 X158.235 Y110.09 E3163.50483
G1 X157.867 Y109.811 E3163.52019
G1 X157.604 Y109.395 E3163.53656
G1 X157.52 Y108.91 E3163.55293
G1 X157.6 Y108.473 E3163.5677
G1 X157.869 Y108.039 E3163.58469
G1 X158.224 Y107.772 E3163.59946
G1 X158.7 Y107.629 E3163.61599
G1 X159.175 Y107.671 E3163.63185
G1 X159.605 Y107.887 E3163.64786
G1 X159.93 Y108.246 E3163.66396
G1 X160.1 Y108.685 E3163.67962
G1 X160.098 Y109.163 E3163.69552
G1 X159.929 Y109.613 E3163.71151
G1 X159.604 Y109.966 E3163.72747
G1 X159.175 Y110.181 E3163.74343
G1 X158.702 Y110.223 E3163.75922
G1 F2700 E3158.75922
G0 F9000 X158.616 Y110.524
G0 X160.043 Y110.317
G0 X160.53 Y109.724
G0 X160.548 Y119.656
G0 X144.12 Y119.919
G0 X144.12 Y120.228
G1 F2700 E3163.75922
G1 F1500 X161.12 Y120.228 E3164.32464
G1 X161.12 Y92.628 E3165.24262
G1 X133.52 Y92.628 E3166.1606
G1 X133.52 Y120.228 E3167.07858
G1 X144.12 Y120.228 E3167.43114
G1 F2700 E3162.43114
G0 F9000 X144.12 Y119.919
G0 X134.092 Y119.656
G0 X134.11 Y104.721
G0 X135.108 Y105.318
G0 X135.732 Y105.535
G0 X135.704 Y105.223
G1 F2700 E3167.43114
G1 F1500 X135.235 Y105.094 E3167.44732
G1 X134.858 Y104.806 E3167.4631
G1 X134.602 Y104.4 E3167.47906
G1 X134.516 Y103.93 E3167.49495
G1 X134.602 Y103.459 E3167.51088
G1 X134.857 Y103.047 E3167.52699
G1 X135.239 Y102.761 E3167.54287
G1 X135.702 Y102.628 E3167.55889
G1 X136.18 Y102.676 E3167.57487
G1 X136.592 Y102.882 E3167.59019
G1 X136.927 Y103.24 E3167.60649
G1 X137.1 Y103.684 E3167.62234
G1 X137.1 Y104.165 E3167.63834
G1 X136.929 Y104.612 E3167.65426
G1 X136.609 Y104.958 E3167.66993
G1 X136.18 Y105.176 E3167.68594
G1 X135.704 Y105.223 E3167.70185
G0 F9000 X135.732 Y105.535
G0 X134.361 Y105.07
G0 X134.11 Y104.721
G0 X134.092 Y119.656
G0 X144.296 Y119.728
G0 X144.296 Y119.468
;TYPE:SKIN
G1 F1500 X134.28 Y119.468 E3168.03498
G1 X134.28 Y105.279 E3168.50691
G1 X134.401 Y105.409 E3168.51282
G1 X134.771 Y105.692 E3168.52831
G1 X135.073 Y105.837 E3168.53945
G1 X135.457 Y105.945 E3168.55272
G1 X135.807 Y105.976 E3168.56441
G1 X136.397 Y105.915 E3168.58413
G1 X137.07 Y105.569 E3168.6093
G1 X137.518 Y105.083 E3168.63129
G1 X137.636 Y104.894 E3168.6387
G1 X137.854 Y104.31 E3168.65943
G1 X137.854 Y103.549 E3168.68474
G1 X137.581 Y102.829 E3168.71035
G1 X137.068 Y102.274 E3168.73549
G1 X136.397 Y101.933 E3168.76052
G1 X135.812 Y101.872 E3168.78009
G1 X135.48 Y101.9 E3168.79117
G1 X135.068 Y102.015 E3168.8054
G1 X134.747 Y102.176 E3168.81734
G1 X134.43 Y102.416 E3168.83056
G1 X134.281 Y102.575 E3168.83781
G1 X134.28 Y93.388 E3169.14337
G1 X160.36 Y93.388 E3170.0108
G1 X160.36 Y107.586 E3170.48302
G1 X160.193 Y107.401 E3170.49131
G1 X159.905 Y107.184 E3170.50331
G1 X159.549 Y107.008 E3170.51652
G1 X159.207 Y106.908 E3170.52837
G1 X158.811 Y106.872 E3170.54159
G1 X158.48 Y106.9 E3170.55264
G1 X157.897 Y107.071 E3170.57285
G1 X157.282 Y107.535 E3170.59847
G1 X156.878 Y108.183 E3170.62387
G1 X156.744 Y108.917 E3170.64869
G1 X156.876 Y109.663 E3170.67388
G1 X157.286 Y110.314 E3170.69947
G1 X157.883 Y110.782 E3170.7247
G1 X158.494 Y110.952 E3170.7458
G1 X158.77 Y110.976 E3170.75501
G1 X159.206 Y110.94 E3170.76956
G1 X159.549 Y110.84 E3170.78145
G1 X159.905 Y110.664 E3170.79465
G1 X160.192 Y110.448 E3170.8066
G1 X160.36 Y110.262 E3170.81494
G1 X160.36 Y119.468 E3171.12113
G1 X144.296 Y119.468 E3171.65542
G0 F9000 X144.296 Y119.728
G0 X159.615 Y119.728
G0 X159.615 Y119.268
G1 F1500 X160.16 Y118.723 E3171.68106
G0 F9000 X160.16 Y118.158
G1 F1500 X159.05 Y119.268 E3171.73327
G0 F9000 X158.484 Y119.268
G1 F1500 X160.16 Y117.592 E3171.8121
G0 F9000 X160.16 Y117.026
G1 F1500 X157.918 Y119.268 E3171.91756
G0 F9000 X157.352 Y119.268
G1 F1500 X160.16 Y116.46 E3172.04964
G0 F9000 X160.16 Y115.895
G1 F1500 X156.787 Y119.268 E3172.20829
G0 F9000 X156.221 Y119.268
G1 F1500 X160.16 Y115.329 E3172.39357
G0 F9000 X160.16 Y114.763
G1 F1500 X155.655 Y119.268 E3172.60547
G0 F9000 X155.09 Y119.268
G1 F1500 X160.16 Y114.198 E3172.84395
G0 F9000 X160.16 Y113.632
G1 F1500 X154.524 Y119.268 E3173.10905
G0 F9000 X153.958 Y119.268
G1 F1500 X160.16 Y113.066 E3173.40077
G0 F9000 X160.16 Y112.501
G1 F1500 X153.393 Y119.268 E3173.71907
G0 F9000 X152.827 Y119.268
G1 F1500 X160.16 Y111.935 E3174.06399
G0 F9000 X160.16 Y111.369
G1 F1500 X152.261 Y119.268 E3174.43554
G0 F9000 X151.696 Y119.268
G1 F1500 X160.16 Y110.804 E3174.83366
G0 F9000 X159.262 Y111.135
G1 F1500 X151.13 Y119.268 E3175.21619
G0 F9000 X150.564 Y119.268
G1 F1500 X158.668 Y111.164 E3175.59737
G0 F9000 X158.191 Y111.075
G1 F1500 X149.999 Y119.268 E3175.98272
G0 F9000 X149.433 Y119.268
G1 F1500 X157.764 Y110.937 E3176.37459
G0 F9000 X157.444 Y110.691
G1 F1500 X148.867 Y119.268 E3176.77803
G0 F9000 X148.302 Y119.268
G1 F1500 X157.131 Y110.438 E3177.19334
G0 F9000 X156.91 Y110.094
G1 F1500 X147.736 Y119.268 E3177.62485
G0 F9000 X147.17 Y119.268
G1 F1500 X156.691 Y109.747 E3178.07269
G0 F9000 X156.601 Y109.271
G1 F1500 X146.604 Y119.268 E3178.54292
G0 F9000 X146.039 Y119.268
G1 F1500 X156.577 Y108.73 E3179.0386
G0 F9000 X156.778 Y107.963
G1 F1500 X145.473 Y119.268 E3179.57035
G0 F9000 X144.907 Y119.268
G1 F1500 X160.16 Y104.015 E3180.2878
G0 F9000 X160.16 Y104.58
G1 F1500 X157.878 Y106.863 E3180.39517
G0 F9000 X158.618 Y106.688
G1 F1500 X160.16 Y105.146 E3180.4677
G0 F9000 X160.16 Y105.712
G1 F1500 X159.167 Y106.705 E3180.5144
G0 F9000 X159.615 Y106.823
G1 F1500 X160.16 Y106.277 E3180.54006
G0 F9000 X160.16 Y106.843
G1 F1500 X159.993 Y107.011 E3180.54794
G0 F9000 X159.79 Y107.418
G0 X160.53 Y108.128
G0 X160.62 Y103.449
G0 X160.16 Y103.449
G1 F1500 X144.342 Y119.268 E3181.292
G0 F9000 X143.776 Y119.268
G1 F1500 X160.16 Y102.883 E3182.06267
G0 F9000 X160.16 Y102.318
G1 F1500 X143.21 Y119.268 E3182.85995
G0 F9000 X142.645 Y119.268
G1 F1500 X160.16 Y101.752 E3183.68382
G0 F9000 X160.16 Y101.186
G1 F1500 X142.079 Y119.268 E3184.53432
G0 F9000 X141.513 Y119.268
G1 F1500 X160.16 Y100.621 E3185.41142
G0 F9000 X160.16 Y100.055
G1 F1500 X140.948 Y119.268 E3186.31512
G0 F9000 X140.382 Y119.268
G1 F1500 X160.16 Y99.489 E3187.24544
G0 F9000 X160.16 Y98.924
G1 F1500 X139.816 Y119.268 E3188.20236
G0 F9000 X139.251 Y119.268
G1 F1500 X160.16 Y98.358 E3189.18587
G0 F9000 X160.16 Y97.792
G1 F1500 X138.685 Y119.268 E3190.19602
G0 F9000 X138.119 Y119.268
G1 F1500 X160.16 Y97.226 E3191.23278
G0 F9000 X160.16 Y96.661
G1 F1500 X137.553 Y119.268 E3192.29615
G0 F9000 X136.988 Y119.268
G1 F1500 X160.16 Y96.095 E3193.38611
G0 F9000 X160.16 Y95.529
G1 F1500 X136.422 Y119.268 E3194.50269
G0 F9000 X135.856 Y119.268
G1 F1500 X160.16 Y94.964 E3195.64588
G0 F9000 X160.16 Y94.398
G1 F1500 X135.291 Y119.268 E3196.81567
G0 F9000 X134.725 Y119.268
G1 F1500 X160.16 Y93.832 E3198.01207
G0 F9000 X159.839 Y93.588
G1 F1500 X134.481 Y118.946 E3199.20484
G0 F9000 X134.481 Y118.38
G1 F1500 X159.274 Y93.588 E3200.371
G0 F9000 X158.708 Y93.588
G1 F1500 X134.481 Y117.815 E3201.51056
G0 F9000 X134.481 Y117.249
G1 F1500 X158.142 Y93.588 E3202.6235
G0 F9000 X157.577 Y93.588
G1 F1500 X134.481 Y116.683 E3203.70985
G0 F9000 X134.481 Y116.118
G1 F1500 X157.011 Y93.588 E3204.76959
G0 F9000 X156.445 Y93.588
G1 F1500 X134.481 Y115.552 E3205.80271
G0 F9000 X134.481 Y114.986
G1 F1500 X155.88 Y93.588 E3206.80923
G0 F9000 X155.314 Y93.588
G1 F1500 X134.481 Y114.42 E3207.78912
G0 F9000 X134.481 Y113.855
G1 F1500 X154.748 Y93.588 E3208.74242
G0 F9000 X154.183 Y93.588
G1 F1500 X134.481 Y113.289 E3209.66912
G0 F9000 X134.481 Y112.723
G1 F1500 X153.617 Y93.588 E3210.56919
G0 F9000 X153.051 Y93.588
G1 F1500 X134.481 Y112.158 E3211.44267
G0 F9000 X134.481 Y111.592
G1 F1500 X152.485 Y93.588 E3212.28952
G0 F9000 X151.92 Y93.588
G1 F1500 X134.481 Y111.026 E3213.10978
G0 F9000 X134.481 Y110.461
G1 F1500 X151.354 Y93.588 E3213.90343
G0 F9000 X150.788 Y93.588
G1 F1500 X134.481 Y109.895 E3214.67046
G0 F9000 X134.481 Y109.329
G1 F1500 X150.223 Y93.588 E3215.41089
G0 F9000 X149.657 Y93.588
G1 F1500 X134.481 Y108.764 E3216.12473
G0 F9000 X134.481 Y108.198
G1 F1500 X136.69 Y105.989 E3216.22863
G0 F9000 X135.95 Y106.164
G1 F1500 X134.481 Y107.632 E3216.2977
G0 F9000 X134.481 Y107.067
G1 F1500 X135.409 Y106.139 E3216.34136
G0 F9000 X134.974 Y106.008
G1 F1500 X134.481 Y106.501 E3216.36454
G0 F9000 X134.481 Y105.935
G1 F1500 X134.603 Y105.814 E3216.37026
G0 F9000 X134.88 Y105.453
G0 X135.678 Y105.478
G0 X136.245 Y105.426
G0 X136.536 Y105.281
G0 X137.46 Y104.628
G0 X137.887 Y104.792
G1 F1500 X149.091 Y93.588 E3216.89726
G0 F9000 X148.526 Y93.588
G1 F1500 X138.056 Y104.057 E3217.38971
G0 F9000 X138.051 Y103.497
G1 F1500 X147.96 Y93.588 E3217.8558
G0 F9000 X147.394 Y93.588
G1 F1500 X137.897 Y103.085 E3218.30251
G0 F9000 X137.725 Y102.692
G1 F1500 X146.829 Y93.588 E3218.73074
G0 F9000 X146.263 Y93.588
G1 F1500 X137.451 Y102.4 E3219.14523
G0 F9000 X137.174 Y102.111
G1 F1500 X145.697 Y93.588 E3219.54612
G0 F9000 X145.132 Y93.588
G1 F1500 X136.8 Y101.92 E3219.93803
G0 F9000 X136.423 Y101.731
G1 F1500 X144.566 Y93.588 E3220.32106
G0 F9000 X144 Y93.588
G1 F1500 X135.907 Y101.681 E3220.70173
G0 F9000 X135.269 Y101.753
G1 F1500 X143.434 Y93.588 E3221.08578
G0 F9000 X142.869 Y93.588
G1 F1500 X134.48 Y101.977 E3221.48038
G0 F9000 X134.48 Y101.411
G1 F1500 X142.303 Y93.588 E3221.84835
G0 F9000 X141.737 Y93.588
G1 F1500 X134.48 Y100.845 E3222.18969
G0 F9000 X134.48 Y100.28
G1 F1500 X141.172 Y93.588 E3222.50446
G0 F9000 X140.606 Y93.588
G1 F1500 X134.48 Y99.714 E3222.79261
G0 F9000 X134.48 Y99.148
G1 F1500 X140.04 Y93.588 E3223.05414
G0 F9000 X139.475 Y93.588
G1 F1500 X134.48 Y98.583 E3223.28909
G0 F9000 X134.48 Y98.017
G1 F1500 X138.909 Y93.588 E3223.49741
G0 F9000 X138.343 Y93.588
G1 F1500 X134.48 Y97.451 E3223.67912
G0 F9000 X134.48 Y96.886
G1 F1500 X137.778 Y93.588 E3223.83424
G0 F9000 X137.212 Y93.588
G1 F1500 X134.48 Y96.32 E3223.96275
G0 F9000 X134.48 Y95.754
G1 F1500 X136.646 Y93.588 E3224.06463
G0 F9000 X136.081 Y93.588
G1 F1500 X134.48 Y95.189 E3224.13994
G0 F9000 X134.48 Y94.623
G1 F1500 X135.515 Y93.588 E3224.18862
G0 F9000 X134.949 Y93.588
G1 F1500 X134.48 Y94.057 E3224.21068
G1 F2700 E3219.21068
;MESH:Supporto.stl
G0 F9000 X134.02 Y94.057
G0 X133.744 Y120.005
G0 X132.655 Y120.005
G0 X129.166 Y123.118
G0 X128.88 Y140.08
;TYPE:WALL-INNER
G1 F2700 E3224.21068
G1 F966.2 X128.875 Y140.607 E3224.23789
G0 F9000 X128.816 Y151.008
G0 X115.853 Y151.18
G1 F1500 X128.988 Y151.18 E3224.67477
G1 X128.988 Y141.157 E3225.00813
G1 F1315.8 X128.888 Y140.586 E3225.03011
G1 X128.466 Y141.267 E3225.06049
G1 F1500 X128.117 Y141.647 E3225.07765
G1 X127.663 Y141.876 E3225.09456
G1 X127.446 Y141.938 E3225.10207
G1 X127.042 Y141.974 E3225.11556
G1 X126.823 Y141.953 E3225.12288
G1 X126.323 Y141.811 E3225.14016
G1 X125.829 Y141.43 E3225.16091
G1 X125.492 Y140.887 E3225.18217
G1 X125.379 Y140.286 E3225.20251
G1 X125.49 Y139.681 E3225.22297
G1 X125.826 Y139.131 E3225.2444
G1 X126.333 Y138.75 E3225.2655
G1 X126.823 Y138.611 E3225.28244
G1 X127.042 Y138.59 E3225.28976
G1 X127.557 Y138.636 E3225.30695
G1 X128.014 Y138.862 E3225.32391
G1 X128.193 Y138.996 E3225.33135
G1 F1321.6 X128.52 Y139.357 E3225.34973
G1 F1067.6 X128.88 Y140.08 E3225.38748
G1 F1105 X128.953 Y139.811 E3225.40006
G1 F1379.3 X128.988 Y139.407 E3225.41473
G1 F1500 X128.988 Y124.38 E3225.91453
G1 X102.188 Y124.38 E3226.8059
G1 X102.189 Y134.744 E3227.15061
G1 F1183.4 X102.294 Y135.147 E3227.16817
G1 X102.474 Y134.771 E3227.18574
G1 F1500 X102.555 Y134.564 E3227.19313
G1 X102.829 Y134.129 E3227.21023
G1 X103.32 Y133.755 E3227.23076
G1 X103.823 Y133.61 E3227.24817
G1 X104.042 Y133.59 E3227.25549
G1 X104.56 Y133.636 E3227.27278
G1 X105.131 Y133.926 E3227.29408
G1 X105.542 Y134.389 E3227.31467
G1 X105.769 Y134.962 E3227.33517
G1 X105.772 Y135.588 E3227.35599
G1 X105.543 Y136.18 E3227.37711
G1 X105.128 Y136.635 E3227.39759
G1 X104.563 Y136.928 E3227.41876
G1 X104.042 Y136.974 E3227.43615
G1 X103.823 Y136.954 E3227.44347
G1 X103.431 Y136.842 E3227.45703
G1 X103.232 Y136.742 E3227.46443
G1 X102.825 Y136.432 E3227.48145
G1 X102.554 Y135.993 E3227.49861
G1 X102.474 Y135.789 E3227.5059
G1 F1188.1 X102.293 Y135.401 E3227.52388
G1 X102.189 Y135.816 E3227.54184
G1 F1500 X102.188 Y151.18 E3228.05285
G1 X115.853 Y151.18 E3228.50735
G0 F9000 X102.36 Y151.008
G0 X102.293 Y135.401
G1 F980.4 X102.294 Y135.147 E3228.52028
G1 F2700 E3223.52028
G0 F9000 X102.941 Y136.331
G0 X103.31 Y136.61
G0 X103.884 Y136.877
G0 X103.969 Y136.579
;TYPE:WALL-OUTER
G1 F2700 E3228.52028
G1 F1500 X103.503 Y136.446 E3228.53639
G1 X103.128 Y136.16 E3228.55208
G1 X102.874 Y135.75 E3228.56812
G1 X102.783 Y135.281 E3228.58401
G1 X102.874 Y134.808 E3228.60003
G1 X103.129 Y134.403 E3228.61595
G1 X103.503 Y134.118 E3228.63159
G1 X103.97 Y133.984 E3228.64775
G1 X104.451 Y134.032 E3228.66383
G1 X104.86 Y134.233 E3228.67898
G1 X105.189 Y134.589 E3228.69511
G1 X105.369 Y135.043 E3228.71135
G1 X105.371 Y135.528 E3228.72748
G1 X105.198 Y135.961 E3228.74299
G1 X104.877 Y136.314 E3228.75886
G1 X104.449 Y136.537 E3228.77491
G1 X103.969 Y136.579 E3228.79094
G1 F2700 E3223.79094
G0 F9000 X103.884 Y136.877
G0 X102.63 Y136.422
G0 X102.379 Y136.067
G0 X102.36 Y151.008
G0 X115.861 Y151.273
G0 X115.861 Y151.58
G1 F2700 E3228.79094
G1 F1500 X129.388 Y151.58 E3229.24085
G1 X129.388 Y123.98 E3230.15883
G1 X101.788 Y123.98 E3231.07681
G1 X101.788 Y151.58 E3231.99479
G1 X115.861 Y151.58 E3232.46286
G1 F2700 E3227.46286
G0 F9000 X115.861 Y151.273
G0 X128.816 Y151.008
G0 X128.798 Y141.086
G0 X127.812 Y141.68
G0 X126.883 Y141.877
G0 X126.968 Y141.579
G1 F2700 E3232.46286
G1 F1500 X126.503 Y141.442 E3232.47898
G1 X126.123 Y141.149 E3232.49494
G1 X125.876 Y140.747 E3232.51063
G1 X125.785 Y140.281 E3232.52642
G1 X125.876 Y139.813 E3232.54228
G1 X126.129 Y139.407 E3232.55819
G1 X126.507 Y139.117 E3232.57404
G1 X126.969 Y138.985 E3232.59002
G1 X127.447 Y139.027 E3232.60598
G1 X127.872 Y139.237 E3232.62175
G1 X128.199 Y139.598 E3232.63795
G1 X128.372 Y140.04 E3232.65373
G1 X128.37 Y140.519 E3232.66966
G1 X128.198 Y140.967 E3232.68563
G1 X127.872 Y141.323 E3232.70168
G1 X127.448 Y141.537 E3232.71748
G1 X126.968 Y141.579 E3232.7335
G0 F9000 X126.883 Y141.877
G0 X128.311 Y141.673
G0 X128.798 Y141.086
G0 X128.816 Y151.008
G0 X115.846 Y151.08
G0 X115.846 Y150.82
;TYPE:SKIN
G1 F1500 X102.548 Y150.82 E3233.1758
G1 X102.549 Y136.629 E3233.64779
G1 X102.672 Y136.764 E3233.65387
G1 X103.006 Y137.023 E3233.66792
G1 X103.336 Y137.189 E3233.68021
G1 X103.748 Y137.304 E3233.69444
G1 X104.04 Y137.332 E3233.70419
G1 X104.669 Y137.271 E3233.72521
G1 X105.322 Y136.938 E3233.74959
G1 X105.844 Y136.381 E3233.77498
G1 X106.117 Y135.695 E3233.79954
G1 X106.128 Y134.893 E3233.82621
G1 X105.844 Y134.176 E3233.85186
G1 X105.335 Y133.625 E3233.87681
G1 X104.669 Y133.289 E3233.90162
G1 X104.079 Y133.228 E3233.92135
G1 X103.748 Y133.256 E3233.9324
G1 X103.336 Y133.371 E3233.94663
G1 X103.038 Y133.517 E3233.95767
G1 X102.672 Y133.796 E3233.97297
G1 X102.545 Y133.936 E3233.97926
G1 X102.548 Y124.741 E3234.28509
G1 X128.628 Y124.74 E3235.15251
G1 X128.628 Y138.938 E3235.62474
G1 X128.461 Y138.753 E3235.63303
G1 X128.205 Y138.556 E3235.64377
G1 X127.788 Y138.351 E3235.65923
G1 X127.512 Y138.271 E3235.66878
G1 X127.079 Y138.228 E3235.68326
G1 X126.748 Y138.256 E3235.6943
G1 X126.16 Y138.428 E3235.71468
G1 X125.571 Y138.877 E3235.73931
G1 X125.164 Y139.507 E3235.76426
G1 X125.008 Y140.28 E3235.79049
G1 X125.162 Y141.036 E3235.81615
G1 X125.556 Y141.669 E3235.84095
G1 X126.155 Y142.134 E3235.86617
G1 X126.748 Y142.304 E3235.88669
G1 X127.04 Y142.332 E3235.89644
G1 X127.479 Y142.296 E3235.91109
G1 X127.789 Y142.208 E3235.92181
G1 X128.182 Y142.015 E3235.93637
G1 X128.46 Y141.804 E3235.94798
G1 X128.628 Y141.619 E3235.95629
G1 X128.628 Y150.82 E3236.26232
G1 X115.846 Y150.82 E3236.68745
G0 F9000 X115.846 Y151.08
G0 X128.263 Y151.08
G0 X128.263 Y150.62
G1 F1500 X128.428 Y150.455 E3236.69521
G0 F9000 X128.428 Y149.89
G1 F1500 X127.697 Y150.62 E3236.72957
G0 F9000 X127.131 Y150.62
G1 F1500 X128.428 Y149.324 E3236.79056
G0 F9000 X128.428 Y148.758
G1 F1500 X126.566 Y150.62 E3236.87814
G0 F9000 X126 Y150.62
G1 F1500 X128.428 Y148.193 E3236.99232
G0 F9000 X128.428 Y147.627
G1 F1500 X125.434 Y150.62 E3237.13313
G0 F9000 X124.869 Y150.62
G1 F1500 X128.428 Y147.061 E3237.30053
G0 F9000 X128.428 Y146.496
G1 F1500 X124.303 Y150.62 E3237.49453
G0 F9000 X123.737 Y150.62
G1 F1500 X128.428 Y145.93 E3237.71516
G0 F9000 X128.428 Y145.364
G1 F1500 X123.172 Y150.62 E3237.96239
G0 F9000 X122.606 Y150.62
G1 F1500 X128.428 Y144.798 E3238.23624
G0 F9000 X128.428 Y144.233
G1 F1500 X122.04 Y150.62 E3238.53669
G0 F9000 X121.475 Y150.62
G1 F1500 X128.428 Y143.667 E3238.86373
G0 F9000 X128.428 Y143.101
G1 F1500 X120.909 Y150.62 E3239.2174
G0 F9000 X120.343 Y150.62
G1 F1500 X128.428 Y142.536 E3239.59767
G0 F9000 X128.136 Y142.262
G1 F1500 X119.778 Y150.62 E3239.99081
G0 F9000 X119.212 Y150.62
G1 F1500 X127.324 Y142.507 E3240.3724
G0 F9000 X126.765 Y142.501
G1 F1500 X118.646 Y150.62 E3240.75429
G0 F9000 X118.08 Y150.62
G1 F1500 X126.31 Y142.39 E3241.1414
G0 F9000 X125.924 Y142.21
G1 F1500 X117.515 Y150.62 E3241.53696
G0 F9000 X116.949 Y150.62
G1 F1500 X125.61 Y141.959 E3241.94435
G0 F9000 X125.33 Y141.674
G1 F1500 X116.383 Y150.62 E3242.36516
G0 F9000 X115.818 Y150.62
G1 F1500 X125.111 Y141.327 E3242.80228
G0 F9000 X124.932 Y140.94
G1 F1500 X115.252 Y150.62 E3243.25759
G0 F9000 X114.686 Y150.62
G1 F1500 X124.84 Y140.466 E3243.73521
G0 F9000 X124.89 Y139.851
G1 F1500 X114.121 Y150.62 E3244.24175
G0 F9000 X113.555 Y150.62
G1 F1500 X125.378 Y138.797 E3244.79787
G1 X125.477 Y138.698
G1 X128.428 Y135.748 E3244.93665
G0 F9000 X128.428 Y136.313
G1 F1500 X126.666 Y138.075 E3245.01953
G0 F9000 X127.262 Y138.044
G1 F1500 X128.428 Y136.879 E3245.07435
G0 F9000 X128.428 Y137.445
G1 F1500 X127.74 Y138.132 E3245.10669
G0 F9000 X128.137 Y138.301
G1 F1500 X128.428 Y138.01 E3245.12037
G0 F9000 X128.888 Y138.01
G0 X128.888 Y135.182
G0 X128.428 Y135.182
G1 F1500 X112.989 Y150.62 E3245.84655
G0 F9000 X112.424 Y150.62
G1 F1500 X128.428 Y134.616 E3246.59933
G0 F9000 X128.428 Y134.05
G1 F1500 X111.858 Y150.62 E3247.37874
G0 F9000 X111.292 Y150.62
G1 F1500 X128.428 Y133.485 E3248.18474
G0 F9000 X128.428 Y132.919
G1 F1500 X110.727 Y150.62 E3249.01734
G0 F9000 X110.161 Y150.62
G1 F1500 X128.428 Y132.353 E3249.87656
G0 F9000 X128.428 Y131.788
G1 F1500 X109.595 Y150.62 E3250.76238
G0 F9000 X109.03 Y150.62
G1 F1500 X128.428 Y131.222 E3251.67481
G0 F9000 X128.428 Y130.656
G1 F1500 X108.464 Y150.62 E3252.61385
G0 F9000 X107.898 Y150.62
G1 F1500 X128.428 Y130.091 E3253.5795
G0 F9000 X128.428 Y129.525
G1 F1500 X107.332 Y150.62 E3254.57176
G0 F9000 X106.767 Y150.62
G1 F1500 X128.428 Y128.959 E3255.59063
G0 F9000 X128.428 Y128.394
G1 F1500 X106.201 Y150.62 E3256.6361
G0 F9000 X105.635 Y150.62
G1 F1500 X128.428 Y127.828 E3257.70819
G0 F9000 X128.428 Y127.262
G1 F1500 X105.07 Y150.62 E3258.80688
G0 F9000 X104.504 Y150.62
G1 F1500 X128.428 Y126.697 E3259.93216
G0 F9000 X128.428 Y126.131
G1 F1500 X103.938 Y150.62 E3261.08407
G0 F9000 X103.373 Y150.62
G1 F1500 X128.428 Y125.565 E3262.26259
G0 F9000 X128.428 Y125
G1 F1500 X102.807 Y150.62 E3263.4677
G0 F9000 X102.748 Y150.113
G1 F1500 X127.921 Y124.94 E3264.65176
G0 F9000 X127.356 Y124.94
G1 F1500 X102.748 Y149.547 E3265.80922
G0 F9000 X102.748 Y148.982
G1 F1500 X126.79 Y124.94 E3266.94008
G0 F9000 X126.224 Y124.94
G1 F1500 X102.748 Y148.416 E3268.04432
G0 F9000 X102.748 Y147.85
G1 F1500 X125.659 Y124.94 E3269.12196
G0 F9000 X125.093 Y124.94
G1 F1500 X102.748 Y147.285 E3270.173
G0 F9000 X102.748 Y146.719
G1 F1500 X124.527 Y124.94 E3271.19742
G0 F9000 X123.961 Y124.94
G1 F1500 X102.748 Y146.153 E3272.19521
G0 F9000 X102.748 Y145.588
G1 F1500 X123.396 Y124.94 E3273.16643
G0 F9000 X122.83 Y124.94
G1 F1500 X102.748 Y145.022 E3274.11102
G0 F9000 X102.748 Y144.456
G1 F1500 X122.264 Y124.94 E3275.029
G0 F9000 X121.699 Y124.94
G1 F1500 X102.748 Y143.891 E3275.92039
G0 F9000 X102.748 Y143.325
G1 F1500 X121.133 Y124.94 E3276.78517
G0 F9000 X120.567 Y124.94
G1 F1500 X102.748 Y142.759 E3277.62332
G0 F9000 X102.748 Y142.194
G1 F1500 X120.002 Y124.94 E3278.43489
G0 F9000 X119.436 Y124.94
G1 F1500 X102.748 Y141.628 E3279.21985
G0 F9000 X102.748 Y141.062
G1 F1500 X118.87 Y124.94 E3279.97818
G0 F9000 X118.305 Y124.94
G1 F1500 X102.748 Y140.496 E3280.70991
G0 F9000 X102.748 Y139.931
G1 F1500 X117.739 Y124.94 E3281.41504
G0 F9000 X117.173 Y124.94
G1 F1500 X106.275 Y135.839 E3281.92767
G0 F9000 X106.326 Y135.222
G1 F1500 X116.608 Y124.94 E3282.4113
G0 F9000 X116.042 Y124.94
G1 F1500 X106.27 Y134.712 E3282.87095
G0 F9000 X106.112 Y134.304
G1 F1500 X115.476 Y124.94 E3283.3114
G0 F9000 X114.911 Y124.94
G1 F1500 X105.903 Y133.947 E3283.73509
G0 F9000 X105.633 Y133.652
G1 F1500 X114.345 Y124.94 E3284.14487
G0 F9000 X113.779 Y124.94
G1 F1500 X105.324 Y133.396 E3284.54259
G0 F9000 X104.946 Y133.208
G1 F1500 X113.213 Y124.94 E3284.93147
G0 F9000 X112.648 Y124.94
G1 F1500 X104.518 Y133.07 E3285.31388
G0 F9000 X103.984 Y133.038
G1 F1500 X112.082 Y124.94 E3285.69479
G0 F9000 X111.516 Y124.94
G1 F1500 X103.274 Y133.183 E3286.08249
G0 F9000 X102.745 Y133.145
G1 F1500 X110.951 Y124.94 E3286.46845
G0 F9000 X110.385 Y124.94
G1 F1500 X102.745 Y132.58 E3286.82781
G0 F9000 X102.745 Y132.014
G1 F1500 X109.819 Y124.94 E3287.16055
G0 F9000 X109.254 Y124.94
G1 F1500 X102.745 Y131.448 E3287.46669
G0 F9000 X102.746 Y130.882
G1 F1500 X108.688 Y124.94 E3287.74618
G0 F9000 X108.122 Y124.94
G1 F1500 X102.746 Y130.316 E3287.99906
G0 F9000 X102.746 Y129.751
G1 F1500 X107.557 Y124.94 E3288.22535
G0 F9000 X106.991 Y124.94
G1 F1500 X102.746 Y129.185 E3288.42502
G0 F9000 X102.747 Y128.618
G1 F1500 X106.425 Y124.94 E3288.59802
G0 F9000 X105.86 Y124.94
G1 F1500 X102.747 Y128.053 E3288.74445
G0 F9000 X102.747 Y127.487
G1 F1500 X105.294 Y124.94 E3288.86425
G0 F9000 X104.728 Y124.94
G1 F1500 X102.748 Y126.921 E3288.95741
G0 F9000 X102.748 Y126.355
G1 F1500 X104.162 Y124.94 E3289.02394
G0 F9000 X103.597 Y124.94
G1 F1500 X102.748 Y125.789 E3289.06388
G0 F9000 X102.748 Y125.224
G1 F1500 X103.031 Y124.94 E3289.07721
G0 F9000 X103.031 Y124.48
G0 X102.36 Y124.552
G0 X102.376 Y134.497
G0 X102.639 Y135.845
G0 X103.319 Y136.895
G0 X103.115 Y137.301
G1 F1500 X102.748 Y137.668 E3289.09448
G0 F9000 X102.748 Y138.234
G1 F1500 X103.533 Y137.449 E3289.1314
G0 F9000 X104.023 Y137.524
G1 F1500 X102.748 Y138.799 E3289.19137
G0 F9000 X102.748 Y139.365
G1 F1500 X104.633 Y137.48 E3289.28004
G1 F2700 E3284.28004
;MESH:NONMESH
G0 F300 X104.633 Y137.48 Z5
G0 F9000 X104.592 Y137.028
G0 X105.414 Y136.103
G0 X105.621 Y135.569
G0 X105.621 Y134.997
G0 X105.414 Y134.463
G0 X105.028 Y134.041
G0 X103.775 Y133.457
G0 X102.376 Y134.497
G0 X102.014 Y124.207
G0 X100.925 Y124.207
G0 X97.069 Y121.431
G0 X70.202 Y104.131
;TIME_ELAPSED:4509.851979
;LAYER:24
;TYPE:WALL-INNER
;MESH:Supporto.stl(1)
G1 F2700 E3289.28004
G1 F980.4 X70.201 Y104.385 E3289.29296
G1 F2700 E3284.29296
G0 F9000 X70.268 Y119.992
G0 X87.051 Y120.164
G1 F2700 E3289.29296
G1 F1500 X96.896 Y120.164 E3289.62041
G1 X96.896 Y110.141 E3289.95377
G1 F1315.8 X96.796 Y109.57 E3289.97575
G1 X96.374 Y110.25 E3290.0061
G1 F1500 X96.029 Y110.627 E3290.0231
G1 X95.471 Y110.906 E3290.04385
G1 X94.956 Y110.957 E3290.06106
G1 X94.729 Y110.937 E3290.06864
G1 X94.232 Y110.794 E3290.08584
G1 X93.732 Y110.408 E3290.10685
G1 X93.4 Y109.872 E3290.12782
G1 X93.287 Y109.27 E3290.14819
G1 X93.398 Y108.665 E3290.16865
G1 X93.731 Y108.118 E3290.18995
G1 X94.242 Y107.732 E3290.21125
G1 X94.729 Y107.591 E3290.22811
G1 X94.956 Y107.571 E3290.23569
G1 X95.471 Y107.622 E3290.2529
G1 X95.929 Y107.851 E3290.26993
G1 X96.103 Y107.982 E3290.27718
G1 F1321.6 X96.426 Y108.334 E3290.29521
G1 F1067.6 X96.788 Y109.064 E3290.33329
G1 F1102.9 X96.861 Y108.798 E3290.34577
G1 F1376.1 X96.896 Y108.39 E3290.36061
G1 F1500 X96.896 Y93.364 E3290.86038
G1 X70.096 Y93.364 E3291.75175
G1 X70.097 Y103.728 E3292.09646
G1 F1183.4 X70.202 Y104.131 E3292.11402
G1 X70.382 Y103.755 E3292.13159
G1 F1500 X70.46 Y103.553 E3292.13879
G1 X70.672 Y103.209 E3292.15223
G1 X70.823 Y103.044 E3292.15967
G1 X71.235 Y102.734 E3292.17682
G1 X71.729 Y102.591 E3292.19392
G1 X71.956 Y102.57 E3292.20151
G1 X72.471 Y102.621 E3292.21872
G1 X73.027 Y102.906 E3292.2395
G1 X73.457 Y103.375 E3292.26066
G1 X73.678 Y103.953 E3292.28124
G1 X73.68 Y104.573 E3292.30187
G1 X73.45 Y105.166 E3292.32302
G1 X73.014 Y105.635 E3292.34432
G1 X72.468 Y105.907 E3292.36461
G1 X71.956 Y105.958 E3292.38172
G1 X71.729 Y105.937 E3292.3893
G1 X71.235 Y105.794 E3292.40641
G1 X70.823 Y105.484 E3292.42356
G1 X70.672 Y105.319 E3292.431
G1 X70.46 Y104.975 E3292.44444
G1 X70.382 Y104.773 E3292.45164
G1 F1188.1 X70.201 Y104.385 E3292.46962
G1 X70.097 Y104.8 E3292.48758
G1 F1500 X70.096 Y120.164 E3292.99859
G1 X87.051 Y120.164 E3293.56252
G0 F9000 X96.724 Y119.992
G0 X96.783 Y109.591
G1 F966.2 X96.788 Y109.064 E3293.58973
G1 F2700 E3288.58973
G0 F9000 X96.323 Y110.085
G0 X96.011 Y110.428
G0 X95.495 Y110.796
G0 X95.357 Y110.515
;TYPE:WALL-OUTER
G1 F2700 E3293.58973
G1 F1500 X94.874 Y110.563 E3293.60587
G1 X94.415 Y110.426 E3293.62181
G1 X94.043 Y110.147 E3293.63727
G1 X93.784 Y109.731 E3293.65357
G1 X93.693 Y109.265 E3293.66936
G1 X93.784 Y108.797 E3293.68522
G1 X94.045 Y108.379 E3293.70161
G1 X94.42 Y108.096 E3293.71724
G1 X94.875 Y107.965 E3293.73298
G1 X95.357 Y108.013 E3293.74909
G1 X95.784 Y108.226 E3293.76496
G1 X96.105 Y108.575 E3293.78074
G1 X96.28 Y109.025 E3293.79679
G1 X96.278 Y109.503 E3293.81269
G1 X96.106 Y109.952 E3293.82869
G1 X95.784 Y110.302 E3293.8445
G1 X95.357 Y110.515 E3293.86037
G1 F2700 E3288.86037
G0 F9000 X95.495 Y110.796
G0 X96.707 Y110.07
G0 X96.724 Y119.992
G0 X87.158 Y120.256
G0 X87.158 Y120.564
G1 F2700 E3293.86037
G1 F1500 X97.296 Y120.564 E3294.19757
G1 X97.296 Y92.964 E3295.11555
G1 X69.696 Y92.964 E3296.03353
G1 X69.696 Y120.564 E3296.9515
G1 X87.158 Y120.564 E3297.53229
G1 F2700 E3292.53229
G0 F9000 X87.158 Y120.256
G0 X70.268 Y119.992
G0 X70.287 Y105.051
G0 X71.654 Y105.914
G0 X72.499 Y105.794
G0 X72.36 Y105.511
G1 F2700 E3297.53229
G1 F1500 X71.879 Y105.564 E3297.54839
G1 X71.418 Y105.431 E3297.56435
G1 X71.033 Y105.141 E3297.58038
G1 X70.782 Y104.734 E3297.59628
G1 X70.691 Y104.265 E3297.61217
G1 X70.782 Y103.794 E3297.62813
G1 X71.033 Y103.387 E3297.64403
G1 X71.418 Y103.097 E3297.66006
G1 X71.877 Y102.964 E3297.67596
G1 X72.355 Y103.011 E3297.69193
G1 X72.772 Y103.221 E3297.70746
G1 X73.101 Y103.571 E3297.72344
G1 X73.28 Y104.024 E3297.73964
G1 X73.278 Y104.502 E3297.75554
G1 X73.106 Y104.945 E3297.77134
G1 X72.789 Y105.294 E3297.78702
G1 X72.36 Y105.511 E3297.80301
G1 F2700 E3292.80301
G0 F9000 X72.499 Y105.794
G0 X71.047 Y105.853
G0 X70.287 Y105.051
G0 X70.268 Y119.992
G0 X86.956 Y120.064
G0 X86.956 Y119.804
;TYPE:SKIN
G1 F2700 E3297.80301
G1 F1500 X70.456 Y119.804 E3298.35181
G1 X70.457 Y105.613 E3298.8238
G1 X70.606 Y105.772 E3298.83105
G1 X70.923 Y106.012 E3298.84427
G1 X71.248 Y106.173 E3298.85634
G1 X71.62 Y106.281 E3298.86922
G1 X71.957 Y106.316 E3298.88049
G1 X72.572 Y106.255 E3298.90104
G1 X73.254 Y105.901 E3298.9266
G1 X73.751 Y105.375 E3298.95067
G1 X74.031 Y104.668 E3298.97596
G1 X74.036 Y103.88 E3299.00217
G1 X73.739 Y103.139 E3299.02872
G1 X73.247 Y102.613 E3299.05268
G1 X72.571 Y102.269 E3299.07791
G1 X71.957 Y102.208 E3299.09843
G1 X71.657 Y102.236 E3299.10845
G1 X71.242 Y102.356 E3299.12282
G1 X70.959 Y102.492 E3299.13326
G1 X70.579 Y102.777 E3299.14906
G1 X70.456 Y102.914 E3299.15518
G1 X70.456 Y93.724 E3299.46084
G1 X96.536 Y93.724 E3300.32827
G1 X96.536 Y107.922 E3300.8005
G1 X96.341 Y107.716 E3300.80993
G1 X96.081 Y107.524 E3300.82068
G1 X95.725 Y107.348 E3300.83389
G1 X95.431 Y107.256 E3300.84413
G1 X94.995 Y107.212 E3300.85871
G1 X94.62 Y107.243 E3300.87123
G1 X94.073 Y107.407 E3300.89022
G1 X93.458 Y107.87 E3300.91582
G1 X93.068 Y108.509 E3300.94072
G1 X92.916 Y109.264 E3300.96634
G1 X93.069 Y110.019 E3300.99196
G1 X93.483 Y110.675 E3301.01776
G1 X94.067 Y111.118 E3301.04214
G1 X94.62 Y111.281 E3301.06131
G1 X94.957 Y111.316 E3301.07258
G1 X95.393 Y111.276 E3301.08715
G1 X95.692 Y111.193 E3301.09747
G1 X96.083 Y110.999 E3301.11198
G1 X96.341 Y110.808 E3301.12266
G1 X96.536 Y110.602 E3301.13209
G1 X96.536 Y119.804 E3301.43815
G1 X86.956 Y119.804 E3301.75679
G0 F9000 X86.956 Y120.064
G0 X70.268 Y119.992
G0 X70.197 Y119.304
G0 X70.656 Y119.305
G1 F1500 X70.955 Y119.604 E3301.77085
G0 F9000 X71.52 Y119.604
G1 F1500 X70.656 Y118.739 E3301.81151
G0 F9000 X70.656 Y118.174
G1 F1500 X72.086 Y119.604 E3301.87878
G0 F9000 X72.652 Y119.604
G1 F1500 X70.656 Y117.608 E3301.97266
G0 F9000 X70.656 Y117.042
G1 F1500 X73.217 Y119.604 E3302.09315
G0 F9000 X73.783 Y119.604
G1 F1500 X70.656 Y116.477 E3302.24023
G0 F9000 X70.656 Y115.911
G1 F1500 X74.349 Y119.604 E3302.41394
G0 F9000 X74.914 Y119.604
G1 F1500 X70.656 Y115.345 E3302.61425
G0 F9000 X70.656 Y114.78
G1 F1500 X75.48 Y119.604 E3302.84115
G0 F9000 X76.046 Y119.604
G1 F1500 X70.656 Y114.214 E3303.09468
G0 F9000 X70.656 Y113.648
G1 F1500 X76.611 Y119.604 E3303.37481
G0 F9000 X77.177 Y119.604
G1 F1500 X70.656 Y113.083 E3303.68154
G0 F9000 X70.656 Y112.517
G1 F1500 X77.743 Y119.604 E3304.01489
G0 F9000 X78.309 Y119.604
G1 F1500 X70.656 Y111.951 E3304.37486
G0 F9000 X70.656 Y111.386
G1 F1500 X78.874 Y119.604 E3304.76141
G0 F9000 X79.44 Y119.604
G1 F1500 X70.656 Y110.82 E3305.17458
G0 F9000 X70.656 Y110.254
G1 F1500 X80.006 Y119.604 E3305.61438
G0 F9000 X80.571 Y119.604
G1 F1500 X70.656 Y109.689 E3306.08075
G0 F9000 X70.656 Y109.123
G1 F1500 X81.137 Y119.604 E3306.57374
G0 F9000 X81.703 Y119.604
G1 F1500 X70.656 Y108.557 E3307.09336
G0 F9000 X70.656 Y107.991
G1 F1500 X82.268 Y119.604 E3307.63958
G0 F9000 X82.834 Y119.604
G1 F1500 X70.656 Y107.426 E3308.21239
G0 F9000 X70.656 Y106.86
G1 F1500 X83.4 Y119.604 E3308.81183
G0 F9000 X83.965 Y119.604
G1 F1500 X70.656 Y106.294 E3309.43787
G0 F9000 X71.334 Y106.406
G1 F1500 X84.531 Y119.604 E3310.05864
G0 F9000 X85.097 Y119.604
G1 F1500 X72.008 Y106.515 E3310.67431
G0 F9000 X72.521 Y106.462
G1 F1500 X85.662 Y119.604 E3311.29244
G0 F9000 X86.228 Y119.604
G1 F1500 X72.925 Y106.3 E3311.9182
G0 F9000 X73.299 Y106.109
G1 F1500 X86.794 Y119.604 E3312.55296
G0 F9000 X87.36 Y119.604
G1 F1500 X73.591 Y105.835 E3313.20061
G0 F9000 X73.866 Y105.545
G1 F1500 X87.925 Y119.604 E3313.86191
G0 F9000 X88.491 Y119.604
G1 F1500 X74.049 Y105.162 E3314.54121
G0 F9000 X74.209 Y104.756
G1 F1500 X89.057 Y119.604 E3315.23962
G0 F9000 X89.622 Y119.604
G1 F1500 X74.232 Y104.213 E3315.96354
G0 F9000 X74.111 Y103.527
G1 F1500 X90.188 Y119.604 E3316.71975
G0 F9000 X90.754 Y119.604
G1 F1500 X70.656 Y99.506 E3317.6651
G0 F9000 X70.656 Y98.941
G1 F1500 X91.319 Y119.604 E3318.63703
G0 F9000 X91.885 Y119.604
G1 F1500 X70.656 Y98.375 E3319.63557
G0 F9000 X70.656 Y97.809
G1 F1500 X92.451 Y119.604 E3320.66074
G0 F9000 X93.016 Y119.604
G1 F1500 X70.656 Y97.243 E3321.71251
G0 F9000 X70.656 Y96.678
G1 F1500 X93.582 Y119.604 E3322.79088
G0 F9000 X94.148 Y119.604
G1 F1500 X70.656 Y96.112 E3323.89587
G0 F9000 X70.656 Y95.546
G1 F1500 X94.713 Y119.604 E3325.02746
G0 F9000 X95.279 Y119.604
G1 F1500 X70.656 Y94.981 E3326.18565
G0 F9000 X70.656 Y94.415
G1 F1500 X95.845 Y119.604 E3327.37047
G0 F9000 X96.336 Y119.529
G1 F1500 X70.731 Y93.924 E3328.57485
G0 F9000 X71.297 Y93.924
G1 F1500 X96.336 Y118.964 E3329.75263
G0 F9000 X96.336 Y118.398
G1 F1500 X71.863 Y93.924 E3330.90379
G0 F9000 X72.428 Y93.924
G1 F1500 X96.336 Y117.832 E3332.02835
G0 F9000 X96.336 Y117.267
G1 F1500 X72.994 Y93.924 E3333.12631
G0 F9000 X73.56 Y93.924
G1 F1500 X96.336 Y116.701 E3334.19764
G0 F9000 X96.336 Y116.135
G1 F1500 X74.125 Y93.924 E3335.24238
G0 F9000 X74.691 Y93.924
G1 F1500 X96.336 Y115.57 E3336.26052
G0 F9000 X96.336 Y115.004
G1 F1500 X75.257 Y93.924 E3337.25203
G0 F9000 X75.822 Y93.924
G1 F1500 X96.336 Y114.438 E3338.21695
G0 F9000 X96.336 Y113.872
G1 F1500 X76.388 Y93.924 E3339.15524
G0 F9000 X76.954 Y93.924
G1 F1500 X92.815 Y109.785 E3339.90129
G0 F9000 X92.738 Y109.143
G1 F1500 X77.519 Y93.924 E3340.61715
G0 F9000 X78.085 Y93.924
G1 F1500 X92.831 Y108.67 E3341.31076
G0 F9000 X92.986 Y108.259
G1 F1500 X78.651 Y93.924 E3341.98503
G0 F9000 X79.216 Y93.924
G1 F1500 X93.203 Y107.911 E3342.64294
G0 F9000 X93.469 Y107.611
G1 F1500 X79.782 Y93.924 E3343.28673
G0 F9000 X80.348 Y93.924
G1 F1500 X93.793 Y107.369 E3343.91914
G0 F9000 X94.158 Y107.169
G1 F1500 X80.914 Y93.924 E3344.54212
G0 F9000 X81.479 Y93.924
G1 F1500 X94.596 Y107.041 E3345.15911
G0 F9000 X95.145 Y107.025
G1 F1500 X82.045 Y93.924 E3345.77531
G0 F9000 X82.611 Y93.924
G1 F1500 X95.898 Y107.212 E3346.40032
G0 F9000 X96.336 Y107.084
G1 F1500 X83.176 Y93.924 E3347.01932
G0 F9000 X83.742 Y93.924
G1 F1500 X96.336 Y106.519 E3347.61173
G0 F9000 X96.336 Y105.953
G1 F1500 X84.308 Y93.924 E3348.17751
G0 F9000 X84.873 Y93.924
G1 F1500 X96.336 Y105.387 E3348.7167
G0 F9000 X96.336 Y104.822
G1 F1500 X85.439 Y93.924 E3349.22928
G0 F9000 X86.005 Y93.924
G1 F1500 X96.336 Y104.256 E3349.71524
G0 F9000 X96.336 Y103.69
G1 F1500 X86.57 Y93.924 E3350.17461
G0 F9000 X87.136 Y93.924
G1 F1500 X96.336 Y103.124 E3350.60735
G0 F9000 X96.336 Y102.559
G1 F1500 X87.702 Y93.924 E3351.01349
G0 F9000 X88.267 Y93.924
G1 F1500 X96.336 Y101.993 E3351.39303
G0 F9000 X96.336 Y101.427
G1 F1500 X88.833 Y93.924 E3351.74595
G0 F9000 X89.399 Y93.924
G1 F1500 X96.336 Y100.862 E3352.07227
G0 F9000 X96.336 Y100.296
G1 F1500 X89.964 Y93.924 E3352.37198
G0 F9000 X90.53 Y93.924
G1 F1500 X96.336 Y99.73 E3352.64508
G0 F9000 X96.336 Y99.165
G1 F1500 X91.096 Y93.924 E3352.89158
G0 F9000 X91.662 Y93.924
G1 F1500 X96.336 Y98.599 E3353.11145
G0 F9000 X96.336 Y98.033
G1 F1500 X92.227 Y93.924 E3353.30473
G0 F9000 X92.793 Y93.924
G1 F1500 X96.336 Y97.468 E3353.4714
G0 F9000 X96.336 Y96.902
G1 F1500 X93.359 Y93.924 E3353.61145
G0 F9000 X93.924 Y93.924
G1 F1500 X96.336 Y96.336 E3353.72491
G0 F9000 X96.336 Y95.771
G1 F1500 X94.49 Y93.924 E3353.81176
G0 F9000 X95.056 Y93.924
G1 F1500 X96.336 Y95.205 E3353.87199
G0 F9000 X96.336 Y94.639
G1 F1500 X95.621 Y93.924 E3353.90562
G0 F9000 X96.187 Y93.924
G1 F1500 X96.336 Y94.073 E3353.91263
G0 F9000 X96.796 Y94.073
G0 X96.706 Y108.461
G0 X96.529 Y109.552
G0 X96.363 Y109.984
G0 X95.79 Y110.859
G0 X95.993 Y111.266
G1 F1500 X96.336 Y111.61 E3353.92879
G0 F9000 X96.336 Y112.175
G1 F1500 X95.589 Y111.428 E3353.96393
G0 F9000 X95.097 Y111.502
G1 F1500 X96.336 Y112.741 E3354.02221
G0 F9000 X96.336 Y113.307
G1 F1500 X94.478 Y111.449 E3354.1096
G1 F2700 E3349.1096
G0 F9000 X94.606 Y111.006
G0 X93.254 Y109.94
G0 X93.608 Y108.01
G0 X95.645 Y107.529
G0 X96.706 Y108.461
G0 X96.724 Y93.536
G0 X70.268 Y93.536
G0 X70.287 Y103.477
G0 X71.244 Y102.873
G0 X72.501 Y102.521
G0 X72.688 Y102.104
G1 F2700 E3354.1096
G1 F1500 X70.656 Y100.072 E3354.20518
G0 F9000 X70.656 Y100.638
G1 F1500 X72.03 Y102.011 E3354.26978
G0 F9000 X71.517 Y102.064
G1 F1500 X70.656 Y101.203 E3354.31028
G0 F9000 X70.656 Y101.769
G1 F1500 X71.094 Y102.207 E3354.33088
G0 F9000 X70.733 Y102.411
G1 F1500 X70.656 Y102.335 E3354.33448
G1 F2700 E3349.33448
;MESH:TracciaSopra.stl
G0 F9000 X70.196 Y102.335
G0 X70.268 Y93.536
G0 X97.075 Y93.19
G0 X98.164 Y93.19
G0 X101.406 Y90.778
G0 X101.686 Y73.738
;TYPE:WALL-INNER
G1 F2700 E3354.33448
G1 F983.6 X101.686 Y73.486 E3354.34727
G0 F9000 X101.752 Y89.34
G0 X115.194 Y89.512
G1 F1500 X128.38 Y89.512 E3354.78583
G1 X128.38 Y79.478 E3355.11957
G1 F1310 X128.276 Y78.917 E3355.14129
G1 X127.858 Y79.598 E3355.17172
G1 F1500 X127.587 Y79.894 E3355.18507
G1 X127.411 Y80.026 E3355.19239
G1 X127.047 Y80.206 E3355.2059
G1 X126.834 Y80.266 E3355.21326
G1 X126.325 Y80.312 E3355.23025
G1 X125.714 Y80.144 E3355.25133
G1 X125.208 Y79.749 E3355.27268
G1 X124.881 Y79.23 E3355.29308
G1 X124.773 Y78.621 E3355.31365
G1 X124.881 Y77.992 E3355.33488
G1 X125.234 Y77.447 E3355.35648
G1 X125.725 Y77.078 E3355.37691
G1 X126.215 Y76.939 E3355.39385
G1 X126.434 Y76.918 E3355.40116
G1 X126.834 Y76.954 E3355.41452
G1 X127.051 Y77.016 E3355.42203
G1 X127.514 Y77.25 E3355.43928
G1 F1318.7 X127.908 Y77.681 E3355.46138
G1 F1061.9 X128.27 Y78.408 E3355.49953
G1 F1096.9 X128.343 Y78.145 E3355.51194
G1 F1373 X128.38 Y77.743 E3355.52661
G1 F1500 X128.38 Y62.712 E3356.02655
G1 X121.08 Y62.712 E3356.26935
G1 X121.08 Y66.693 E3356.40175
G1 X120.926 Y67.015 E3356.41363
G1 X120.781 Y67.132 E3356.41982
G1 X120.542 Y67.209 E3356.42817
G1 X109.451 Y67.212 E3356.79706
G1 X109.138 Y67.106 E3356.80805
G1 X108.986 Y66.954 E3356.8152
G1 X108.88 Y66.69 E3356.82467
G1 X108.88 Y62.712 E3356.95697
G1 X101.58 Y62.712 E3357.19977
G1 X101.58 Y73.083 E3357.54471
G1 F1188.1 X101.686 Y73.486 E3357.56221
G1 X101.861 Y73.108 E3357.5797
G1 F1500 X101.943 Y72.896 E3357.58726
G1 X102.216 Y72.461 E3357.60434
G1 X102.712 Y72.083 E3357.62509
G1 X103.215 Y71.938 E3357.6425
G1 X103.434 Y71.918 E3357.64981
G1 X103.941 Y71.964 E3357.66674
G1 X104.513 Y72.25 E3357.68801
G1 X104.938 Y72.713 E3357.70892
G1 X105.154 Y73.283 E3357.72919
G1 X105.158 Y73.92 E3357.75038
G1 X104.94 Y74.509 E3357.77127
G1 X104.507 Y74.973 E3357.79238
G1 X103.948 Y75.256 E3357.81322
G1 X103.325 Y75.312 E3357.83402
G1 X102.828 Y75.175 E3357.85117
G1 X102.624 Y75.074 E3357.85874
G1 X102.216 Y74.763 E3357.8758
G1 X101.943 Y74.328 E3357.89288
G1 X101.861 Y74.116 E3357.90044
G1 F1188.1 X101.686 Y73.738 E3357.91793
G1 X101.58 Y74.141 E3357.93543
G1 F1500 X101.58 Y89.512 E3358.44667
G1 X115.194 Y89.512 E3358.89948
G0 F9000 X128.208 Y89.34
G0 X128.265 Y78.935
G1 F960 X128.27 Y78.408 E3358.92687
G1 F2700 E3353.92687
G0 F9000 X127.806 Y79.432
G0 X127.42 Y79.855
G0 X127.004 Y80.062
G0 X126.277 Y80.208
G0 X126.362 Y79.907
;TYPE:WALL-OUTER
G1 F2700 E3358.92687
G1 F1500 X125.895 Y79.774 E3358.94302
G1 X125.527 Y79.495 E3358.95838
G1 X125.264 Y79.079 E3358.97474
G1 X125.18 Y78.621 E3358.99023
G1 X125.264 Y78.145 E3359.00631
G1 X125.515 Y77.742 E3359.0221
G1 X125.884 Y77.456 E3359.03763
G1 X126.36 Y77.313 E3359.05416
G1 X126.836 Y77.355 E3359.07005
G1 X127.268 Y77.574 E3359.08616
G1 X127.589 Y77.923 E3359.10193
G1 X127.76 Y78.37 E3359.11785
G1 X127.758 Y78.847 E3359.13372
G1 X127.591 Y79.299 E3359.14974
G1 X127.267 Y79.651 E3359.16565
G1 X126.835 Y79.865 E3359.18169
G1 X126.362 Y79.907 E3359.19748
G1 F2700 E3354.19748
G0 F9000 X126.277 Y80.208
G0 X127.708 Y80.001
G0 X128.19 Y79.414
G0 X128.208 Y89.34
G0 X115.201 Y89.603
G0 X115.201 Y89.912
G1 F2700 E3359.19748
G1 F1500 X128.78 Y89.912 E3359.64912
G1 X128.78 Y62.312 E3360.5671
G1 X120.68 Y62.312 E3360.83651
G1 X120.677 Y66.651 E3360.98082
G1 X120.65 Y66.719 E3360.98326
G1 X120.523 Y66.808 E3360.98842
G1 X109.453 Y66.811 E3361.35661
G1 X109.335 Y66.751 E3361.36101
G1 X109.282 Y66.647 E3361.36489
G1 X109.28 Y62.312 E3361.50907
G1 X101.18 Y62.312 E3361.77848
G1 X101.18 Y89.912 E3362.69646
G1 X115.201 Y89.912 E3363.1628
G1 F2700 E3358.1628
G0 F9000 X115.201 Y89.603
G0 X101.752 Y89.34
G0 X101.77 Y74.405
G0 X102.258 Y74.705
G0 X103.279 Y75.208
G0 X103.364 Y74.907
G1 F2700 E3363.1628
G1 F1500 X102.895 Y74.778 E3363.17898
G1 X102.518 Y74.49 E3363.19476
G1 X102.262 Y74.084 E3363.21072
G1 X102.176 Y73.614 E3363.22661
G1 X102.262 Y73.14 E3363.24264
G1 X102.518 Y72.734 E3363.2586
G1 X102.895 Y72.446 E3363.27438
G1 X103.361 Y72.313 E3363.2905
G1 X103.836 Y72.355 E3363.30636
G1 X104.269 Y72.574 E3363.3225
G1 X104.588 Y72.928 E3363.33835
G1 X104.758 Y73.378 E3363.35435
G1 X104.754 Y73.865 E3363.37054
G1 X104.59 Y74.293 E3363.38579
G1 X104.273 Y74.642 E3363.40147
G1 X103.839 Y74.86 E3363.41762
G1 X103.364 Y74.907 E3363.4335
G1 F2700 E3358.4335
G0 F9000 X103.279 Y75.208
G0 X102.021 Y74.754
G0 X101.77 Y74.405
G0 X101.752 Y89.34
G0 X115.189 Y89.412
G0 X115.189 Y89.152
;TYPE:SKIN
G1 F2700 E3363.4335
G1 F1500 X101.94 Y89.152 E3363.87416
G1 X101.94 Y74.963 E3364.34609
G1 X102.061 Y75.093 E3364.352
G1 X102.431 Y75.376 E3364.36749
G1 X102.733 Y75.521 E3364.37863
G1 X103.117 Y75.629 E3364.3919
G1 X103.43 Y75.66 E3364.40236
G1 X104.048 Y75.609 E3364.42299
G1 X104.718 Y75.269 E3364.44798
G1 X105.241 Y74.717 E3364.47327
G1 X105.515 Y73.979 E3364.49945
G1 X105.518 Y73.239 E3364.52406
G1 X105.251 Y72.519 E3364.5496
G1 X104.724 Y71.952 E3364.57535
G1 X104.04 Y71.607 E3364.60083
G1 X103.47 Y71.556 E3364.61987
G1 X103.14 Y71.584 E3364.63088
G1 X102.732 Y71.699 E3364.64498
G1 X102.431 Y71.844 E3364.65609
G1 X102.085 Y72.105 E3364.67051
G1 X101.941 Y72.259 E3364.67752
G1 X101.94 Y63.072 E3364.98308
G1 X108.52 Y63.072 E3365.20193
G1 X108.523 Y66.743 E3365.32403
G1 X108.606 Y67.013 E3365.33342
G1 X108.786 Y67.278 E3365.34408
G1 X109.011 Y67.455 E3365.3536
G1 X109.347 Y67.562 E3365.36533
G1 X120.573 Y67.567 E3365.73871
G1 X120.963 Y67.444 E3365.75231
G1 X121.291 Y67.125 E3365.76753
G1 X121.437 Y66.76 E3365.7806
G1 X121.44 Y63.072 E3365.90327
G1 X128.02 Y63.072 E3366.12212
G1 X128.02 Y77.27 E3366.59434
G1 X127.831 Y77.065 E3366.60362
G1 X127.607 Y76.893 E3366.61301
G1 X127.209 Y76.692 E3366.62784
G1 X126.867 Y76.592 E3366.63969
G1 X126.471 Y76.556 E3366.65292
G1 X126.14 Y76.584 E3366.66397
G1 X125.566 Y76.745 E3366.68379
G1 X124.944 Y77.214 E3366.7097
G1 X124.533 Y77.878 E3366.73568
G1 X124.404 Y78.607 E3366.7603
G1 X124.536 Y79.347 E3366.7853
G1 X124.946 Y79.998 E3366.81089
G1 X125.543 Y80.466 E3366.83612
G1 X126.154 Y80.636 E3366.85721
G1 X126.467 Y80.66 E3366.86766
G1 X126.863 Y80.624 E3366.88088
G1 X127.209 Y80.528 E3366.89282
G1 X127.565 Y80.352 E3366.90603
G1 X127.852 Y80.136 E3366.91798
G1 X128.02 Y79.95 E3366.92632
G1 X128.02 Y89.152 E3367.23238
G1 X115.189 Y89.152 E3367.65914
G0 F9000 X115.189 Y89.412
G0 X102.528 Y89.412
G0 X102.528 Y88.952
G1 F1500 X102.139 Y88.563 E3367.67743
G0 F9000 X102.139 Y87.997
G1 F1500 X103.094 Y88.952 E3367.72235
G0 F9000 X103.66 Y88.952
G1 F1500 X102.139 Y87.432 E3367.79387
G0 F9000 X102.139 Y86.866
G1 F1500 X104.225 Y88.952 E3367.89199
G0 F9000 X104.791 Y88.952
G1 F1500 X102.139 Y86.3 E3368.01673
G0 F9000 X102.139 Y85.735
G1 F1500 X105.357 Y88.952 E3368.16808
G0 F9000 X105.922 Y88.952
G1 F1500 X102.139 Y85.169 E3368.34602
G0 F9000 X102.139 Y84.603
G1 F1500 X106.488 Y88.952 E3368.55058
G0 F9000 X107.054 Y88.952
G1 F1500 X102.14 Y84.038 E3368.78172
G0 F9000 X102.14 Y83.473
G1 F1500 X107.62 Y88.952 E3369.03946
G0 F9000 X108.185 Y88.952
G1 F1500 X102.14 Y82.907 E3369.3238
G0 F9000 X102.14 Y82.341
G1 F1500 X108.751 Y88.952 E3369.63476
G0 F9000 X109.317 Y88.952
G1 F1500 X102.14 Y81.775 E3369.97234
G0 F9000 X102.14 Y81.21
G1 F1500 X109.882 Y88.952 E3370.3365
G0 F9000 X110.448 Y88.952
G1 F1500 X102.14 Y80.644 E3370.72728
G0 F9000 X102.14 Y80.078
G1 F1500 X111.014 Y88.952 E3371.14469
G0 F9000 X111.579 Y88.952
G1 F1500 X102.141 Y79.513 E3371.58865
G0 F9000 X102.141 Y78.948
G1 F1500 X112.145 Y88.952 E3372.05921
G0 F9000 X112.711 Y88.952
G1 F1500 X102.141 Y78.382 E3372.55639
G0 F9000 X102.141 Y77.816
G1 F1500 X113.276 Y88.952 E3373.08017
G0 F9000 X113.842 Y88.952
G1 F1500 X102.141 Y77.251 E3373.63055
G0 F9000 X102.141 Y76.685
G1 F1500 X114.408 Y88.952 E3374.20755
G0 F9000 X114.973 Y88.952
G1 F1500 X102.141 Y76.119 E3374.81115
G0 F9000 X102.141 Y75.554
G1 F1500 X115.539 Y88.952 E3375.44135
G0 F9000 X116.105 Y88.952
G1 F1500 X102.941 Y75.788 E3376.06054
G0 F9000 X103.571 Y75.852
G1 F1500 X116.67 Y88.952 E3376.6767
G0 F9000 X117.236 Y88.952
G1 F1500 X104.09 Y75.805 E3377.29508
G0 F9000 X104.471 Y75.622
G1 F1500 X117.802 Y88.952 E3377.9221
G0 F9000 X118.368 Y88.952
G1 F1500 X104.841 Y75.426 E3378.55835
G0 F9000 X105.117 Y75.136
G1 F1500 X118.933 Y88.952 E3379.20821
G0 F9000 X119.499 Y88.952
G1 F1500 X105.393 Y74.846 E3379.87171
G0 F9000 X105.558 Y74.445
G1 F1500 X120.065 Y88.952 E3380.55408
G0 F9000 X120.63 Y88.952
G1 F1500 X105.713 Y74.035 E3381.25573
G0 F9000 X105.714 Y73.47
G1 F1500 X121.196 Y88.952 E3381.98395
G0 F9000 X121.762 Y88.952
G1 F1500 X105.546 Y72.736 E3382.7467
G0 F9000 X105.115 Y72.898
G0 X104.147 Y71.954
G0 X104.352 Y71.542
G1 F1500 X102.14 Y69.33 E3382.85075
G0 F9000 X102.14 Y68.765
G1 F1500 X122.327 Y88.952 E3383.80028
G0 F9000 X122.893 Y88.952
G1 F1500 X102.14 Y68.199 E3384.77644
G0 F9000 X102.14 Y67.633
G1 F1500 X123.459 Y88.952 E3385.77922
G0 F9000 X124.024 Y88.952
G1 F1500 X102.14 Y67.068 E3386.80858
G0 F9000 X102.14 Y66.502
G1 F1500 X124.59 Y88.952 E3387.86456
G0 F9000 X125.156 Y88.952
G1 F1500 X102.14 Y65.936 E3388.94716
G0 F9000 X102.14 Y65.371
G1 F1500 X125.721 Y88.952 E3390.05634
G0 F9000 X126.287 Y88.952
G1 F1500 X102.14 Y64.805 E3391.19214
G0 F9000 X102.14 Y64.239
G1 F1500 X126.853 Y88.952 E3392.35456
G0 F9000 X127.419 Y88.952
G1 F1500 X102.14 Y63.674 E3393.54358
G0 F9000 X102.304 Y63.272
G1 F1500 X127.82 Y88.788 E3394.74378
G0 F9000 X127.82 Y88.222
G1 F1500 X102.87 Y63.272 E3395.91735
G0 F9000 X103.436 Y63.272
G1 F1500 X127.82 Y87.656 E3397.0643
G0 F9000 X127.82 Y87.091
G1 F1500 X104.001 Y63.272 E3398.18467
G0 F9000 X104.567 Y63.272
G1 F1500 X108.49 Y67.195 E3398.3692
G0 F9000 X108.936 Y67.641
G1 F1500 X127.82 Y86.525 E3399.25744
G0 F9000 X127.82 Y85.959
G1 F1500 X109.626 Y67.765 E3400.11323
G0 F9000 X110.191 Y67.765
G1 F1500 X127.82 Y85.394 E3400.94245
G0 F9000 X127.82 Y84.828
G1 F1500 X110.757 Y67.765 E3401.74504
G0 F9000 X111.323 Y67.765
G1 F1500 X127.82 Y84.262 E3402.52101
G0 F9000 X127.82 Y83.697
G1 F1500 X111.889 Y67.766 E3403.27035
G0 F9000 X112.455 Y67.766
G1 F1500 X124.758 Y80.069 E3403.84905
G0 F9000 X124.91 Y80.221
G1 F1500 X127.82 Y83.131 E3403.98593
G0 F9000 X127.82 Y82.565
G1 F1500 X126.074 Y80.819 E3404.06805
G0 F9000 X126.663 Y80.843
G1 F1500 X127.82 Y82 E3404.12247
G0 F9000 X127.82 Y81.434
G1 F1500 X127.142 Y80.756 E3404.15436
G0 F9000 X127.539 Y80.588
G1 F1500 X127.82 Y80.868 E3404.16756
G0 F9000 X128.28 Y80.868
G0 X128.19 Y79.414
G0 X127.235 Y80.3
G0 X126.34 Y80.162
G0 X125.789 Y80.007
G0 X125.419 Y79.727
G0 X124.726 Y78.935
G0 X124.271 Y79.016
G1 F1500 X113.02 Y67.766 E3404.69675
G0 F9000 X113.586 Y67.766
G1 F1500 X124.237 Y78.416 E3405.19771
G0 F9000 X124.321 Y77.935
G1 F1500 X114.152 Y67.766 E3405.67603
G0 F9000 X114.718 Y67.766
G1 F1500 X124.502 Y77.55 E3406.13624
G0 F9000 X124.717 Y77.2
G1 F1500 X115.284 Y67.766 E3406.57997
G0 F9000 X115.85 Y67.766
G1 F1500 X125.002 Y76.919 E3407.01047
G0 F9000 X125.325 Y76.677
G1 F1500 X116.416 Y67.767 E3407.42955
G0 F9000 X116.982 Y67.767
G1 F1500 X125.712 Y76.497 E3407.84018
G0 F9000 X126.161 Y76.381
G1 F1500 X117.547 Y67.767 E3408.24535
G0 F9000 X118.113 Y67.767
G1 F1500 X126.724 Y76.378 E3408.65039
G0 F9000 X127.559 Y76.647
G1 F1500 X118.679 Y67.768 E3409.06805
G0 F9000 X119.245 Y67.768
G1 F1500 X127.82 Y76.343 E3409.4714
G0 F9000 X127.82 Y75.777
G1 F1500 X119.811 Y67.768 E3409.84811
G0 F9000 X120.376 Y67.768
G1 F1500 X127.82 Y75.211 E3410.19823
G0 F9000 X127.82 Y74.646
G1 F1500 X120.862 Y67.687 E3410.52554
G0 F9000 X121.217 Y67.477
G1 F1500 X127.82 Y74.08 E3410.83613
G0 F9000 X127.82 Y73.514
G1 F1500 X121.485 Y67.179 E3411.1341
G0 F9000 X121.635 Y66.764
G1 F1500 X127.82 Y72.949 E3411.42503
G0 F9000 X127.82 Y72.383
G1 F1500 X121.636 Y66.199 E3411.7159
G0 F9000 X121.637 Y65.634
G1 F1500 X127.82 Y71.817 E3412.00673
G0 F9000 X127.82 Y71.252
G1 F1500 X121.637 Y65.069 E3412.29756
G0 F9000 X121.638 Y64.504
G1 F1500 X127.82 Y70.686 E3412.58835
G0 F9000 X127.82 Y70.12
G1 F1500 X121.639 Y63.939 E3412.87908
G0 F9000 X121.639 Y63.374
G1 F1500 X127.82 Y69.555 E3413.16982
G0 F9000 X127.82 Y68.989
G1 F1500 X122.104 Y63.273 E3413.43868
G0 F9000 X122.67 Y63.273
G1 F1500 X127.82 Y68.423 E3413.68092
G0 F9000 X127.82 Y67.858
G1 F1500 X123.235 Y63.273 E3413.89658
G0 F9000 X123.801 Y63.273
G1 F1500 X127.82 Y67.292 E3414.08563
G0 F9000 X127.82 Y66.726
G1 F1500 X124.367 Y63.273 E3414.24804
G0 F9000 X124.932 Y63.273
G1 F1500 X127.82 Y66.16 E3414.38386
G0 F9000 X127.82 Y65.595
G1 F1500 X125.498 Y63.273 E3414.49308
G0 F9000 X126.064 Y63.273
G1 F1500 X127.82 Y65.029 E3414.57568
G0 F9000 X127.82 Y64.463
G1 F1500 X126.629 Y63.273 E3414.63168
G0 F9000 X127.195 Y63.273
G1 F1500 X127.82 Y63.898 E3414.66107
G0 F9000 X127.82 Y63.332
G1 F1500 X127.761 Y63.273 E3414.66385
G0 F9000 X127.761 Y62.812
G0 X121.252 Y62.884
G0 X120.92 Y67.051
G0 X109.044 Y67.05
G0 X108.78 Y63.632
G0 X108.321 Y63.632
G1 F1500 X107.961 Y63.272 E3414.68078
G0 F9000 X107.395 Y63.272
G1 F1500 X108.322 Y64.199 E3414.72439
G0 F9000 X108.323 Y64.765
G1 F1500 X106.83 Y63.272 E3414.79461
G0 F9000 X106.264 Y63.272
G1 F1500 X108.324 Y65.332 E3414.89151
G0 F9000 X108.325 Y65.898
G1 F1500 X105.698 Y63.272 E3415.01505
G0 F9000 X105.133 Y63.272
G1 F1500 X108.326 Y66.465 E3415.16524
G0 F9000 X108.78 Y66.465
G0 X108.708 Y62.884
G0 X101.752 Y62.884
G0 X101.77 Y72.819
G0 X103.571 Y71.829
G0 X103.612 Y71.368
G1 F1500 X102.14 Y69.896 E3415.23448
G0 F9000 X102.14 Y70.462
G1 F1500 X103.075 Y71.397 E3415.27846
G0 F9000 X102.637 Y71.525
G1 F1500 X102.14 Y71.027 E3415.30186
G0 F9000 X102.14 Y71.593
G1 F1500 X102.266 Y71.719 E3415.30779
G1 F2700 E3410.30779
;MESH:TracciaSotto.stl
G0 F9000 X102.544 Y72.084
G0 X103.907 Y72.116
G0 X104.42 Y72.371
G0 X104.806 Y72.794
G0 X105.315 Y73.959
G0 X103.993 Y75.413
G0 X102.021 Y74.754
G0 X101.77 Y74.405
G0 X101.752 Y89.34
G0 X128.552 Y89.683
G0 X129.647 Y89.683
G0 X132.656 Y92.854
G0 X133.92 Y94.076
;TYPE:WALL-INNER
G1 F2700 E3415.30779
G1 F1500 X135.218 Y94.076 E3415.35096
G1 X135.217 Y93.028 E3415.38581
G1 X133.92 Y93.028 E3415.42895
G1 X133.92 Y94.076 E3415.46381
G0 F9000 X133.52 Y94.476
;TYPE:WALL-OUTER
G1 F1500 X135.619 Y94.476 E3415.53362
G1 X135.616 Y92.628 E3415.59509
G1 X133.52 Y92.628 E3415.6648
G1 X133.52 Y94.476 E3415.72626
G0 F9000 X133.801 Y94.199
G0 X134.02 Y93.734
G0 X134.262 Y93.734
;TYPE:SKIN
G1 F1648.4 X134.262 Y93.37 E3415.73728
G1 X134.874 Y93.37 E3415.75581
G1 X134.874 Y93.734 E3415.76682
G1 X134.262 Y93.734 E3415.78535
G1 F2700 E3410.78535
G0 F9000 X134.02 Y93.734
G0 X134.021 Y94.268
G0 X134.022 Y96.09
G0 X134.026 Y103.802
;TYPE:WALL-INNER
G1 F2700 E3415.78535
G1 F983.6 X134.026 Y104.054 E3415.79813
G0 F9000 X134.092 Y119.656
G0 X144.212 Y119.828
G1 F1500 X160.72 Y119.828 E3416.34719
G1 X160.719 Y109.793 E3416.68095
G1 F1310 X160.616 Y109.232 E3416.70267
G1 X160.197 Y109.91 E3416.73303
G1 F1500 X159.844 Y110.293 E3416.75035
G1 X159.389 Y110.521 E3416.76728
G1 X159.174 Y110.582 E3416.77471
G1 X158.664 Y110.628 E3416.79174
G1 X158.054 Y110.459 E3416.81279
G1 X157.548 Y110.065 E3416.83412
G1 X157.221 Y109.546 E3416.85453
G1 X157.113 Y108.937 E3416.8751
G1 X157.222 Y108.317 E3416.89604
G1 X157.56 Y107.775 E3416.91728
G1 X158.068 Y107.394 E3416.9384
G1 X158.555 Y107.255 E3416.95525
G1 X158.774 Y107.234 E3416.96256
G1 X159.174 Y107.27 E3416.97592
G1 X159.389 Y107.331 E3416.98335
G1 X159.749 Y107.511 E3416.99674
G1 X159.925 Y107.644 E3417.00408
G1 F1318.7 X160.252 Y108.007 E3417.02256
G1 F1061.9 X160.609 Y108.724 E3417.06019
G1 F1098.9 X160.683 Y108.459 E3417.07268
G1 F1376.1 X160.719 Y108.06 E3417.08721
G1 F1500 X160.716 Y96.279 E3417.47904
G1 X159.418 Y96.281 E3417.52222
G1 X159.416 Y97.012 E3417.54653
G1 X159.296 Y97.289 E3417.55657
G1 X159.047 Y97.483 E3417.56707
G1 X158.816 Y97.528 E3417.5749
G1 X147.993 Y97.524 E3417.93487
G1 X147.799 Y97.465 E3417.94161
G1 X147.643 Y97.352 E3417.94802
G1 F1595.7 X147.494 Y96.978 E3417.96061
G1 F1704.5 X147.493 Y93.003 E3418.07695
G1 F1714.3 X147.143 Y93.003 E3418.08714
G1 F1704.5 X147.142 Y96.978 E3418.20348
G1 F1595.7 X146.993 Y97.352 E3418.21607
G1 F1500 X146.837 Y97.465 E3418.22248
G1 X146.611 Y97.527 E3418.23027
G1 X135.82 Y97.528 E3418.58918
G1 X135.589 Y97.482 E3418.59701
G1 X135.34 Y97.289 E3418.60749
G1 X135.22 Y97.012 E3418.61753
G1 X135.217 Y96.279 E3418.64191
G1 X133.92 Y96.281 E3418.68505
G1 X133.92 Y103.399 E3418.9218
G1 F1188.1 X134.026 Y103.802 E3418.93929
G1 X134.201 Y103.424 E3418.95679
G1 F1500 X134.282 Y103.215 E3418.96424
G1 X134.498 Y102.867 E3418.97786
G1 X134.648 Y102.704 E3418.98523
G1 X135.056 Y102.398 E3419.00219
G1 X135.66 Y102.224 E3419.0231
G1 X136.174 Y102.27 E3419.04026
G1 X136.389 Y102.331 E3419.0477
G1 X136.85 Y102.562 E3419.06485
G1 X137.277 Y103.032 E3419.08597
G1 X137.497 Y103.62 E3419.10685
G1 X137.497 Y104.248 E3419.12774
G1 X137.276 Y104.824 E3419.14826
G1 X136.859 Y105.28 E3419.16881
G1 X136.29 Y105.572 E3419.19008
G1 X135.664 Y105.628 E3419.21098
G1 X135.168 Y105.491 E3419.2281
G1 X134.964 Y105.39 E3419.23567
G1 X134.556 Y105.079 E3419.25273
G1 X134.283 Y104.644 E3419.26981
G1 X134.201 Y104.432 E3419.27737
G1 F1188.1 X134.026 Y104.054 E3419.29486
G1 X133.92 Y104.457 E3419.31236
G1 F1500 X133.92 Y119.828 E3419.8236
G1 X144.212 Y119.828 E3420.16592
G0 F9000 X160.548 Y119.656
G0 X160.604 Y109.251
G1 F960 X160.609 Y108.724 E3420.19331
G1 F2700 E3415.19331
G0 F9000 X160.144 Y109.749
G0 X159.758 Y110.171
G0 X159.342 Y110.378
G0 X158.616 Y110.524
G0 X158.702 Y110.223
;TYPE:WALL-OUTER
G1 F2700 E3420.19331
G1 F1500 X158.235 Y110.09 E3420.20946
G1 X157.867 Y109.811 E3420.22482
G1 X157.604 Y109.395 E3420.24119
G1 X157.52 Y108.91 E3420.25756
G1 X157.601 Y108.461 E3420.27273
G1 X157.868 Y108.04 E3420.28931
G1 X158.229 Y107.769 E3420.30433
G1 X158.7 Y107.629 E3420.32067
G1 X159.175 Y107.671 E3420.33653
G1 X159.605 Y107.887 E3420.35253
G1 X159.93 Y108.246 E3420.36864
G1 X160.1 Y108.685 E3420.3843
G1 X160.097 Y109.163 E3420.4002
G1 X159.93 Y109.611 E3420.4161
G1 X159.602 Y109.967 E3420.4322
G1 X159.175 Y110.181 E3420.44809
G1 X158.702 Y110.223 E3420.46388
G1 F2700 E3415.46388
G0 F9000 X158.616 Y110.524
G0 X160.042 Y110.317
G0 X160.529 Y109.725
G0 X160.548 Y119.656
G0 X144.12 Y119.919
G0 X144.12 Y120.228
G1 F2700 E3420.46388
G1 F1500 X161.12 Y120.228 E3421.0293
G1 X161.116 Y95.877 E3421.83922
G1 X159.02 Y95.881 E3421.90893
G1 X159.013 Y96.963 E3421.94492
G1 X158.976 Y97.049 E3421.94803
G1 X158.874 Y97.128 E3421.95233
G1 X148.028 Y97.125 E3422.31307
G1 X147.926 Y97.07 E3422.31692
G1 X147.868 Y96.946 E3422.32147
G1 X147.868 Y92.628 E3422.46509
G1 X146.768 Y92.628 E3422.50168
G1 X146.768 Y96.946 E3422.64529
G1 X146.71 Y97.07 E3422.64985
G1 X146.617 Y97.123 E3422.65341
G1 X135.762 Y97.128 E3423.01445
G1 X135.66 Y97.049 E3423.01874
G1 X135.623 Y96.963 E3423.02185
G1 X135.616 Y95.877 E3423.05797
G1 X133.52 Y95.881 E3423.12769
G1 X133.52 Y120.228 E3423.93747
G1 X144.12 Y120.228 E3424.29003
G1 F2700 E3419.29003
G0 F9000 X144.12 Y119.919
G0 X134.092 Y119.656
G0 X134.11 Y104.721
G0 X135.108 Y105.318
G0 X135.732 Y105.535
G0 X135.704 Y105.223
G1 F2700 E3424.29003
G1 F1500 X135.235 Y105.094 E3424.30621
G1 X134.858 Y104.806 E3424.32198
G1 X134.602 Y104.4 E3424.33795
G1 X134.516 Y103.93 E3424.35384
G1 X134.602 Y103.459 E3424.36976
G1 X134.857 Y103.047 E3424.38588
G1 X135.239 Y102.761 E3424.40175
G1 X135.701 Y102.629 E3424.41773
G1 X136.175 Y102.671 E3424.43356
G1 X136.602 Y102.889 E3424.44951
G1 X136.928 Y103.248 E3424.46564
G1 X137.095 Y103.677 E3424.48095
G1 X137.099 Y104.169 E3424.49731
G1 X136.929 Y104.612 E3424.51309
G1 X136.609 Y104.958 E3424.52877
G1 X136.18 Y105.176 E3424.54477
G1 X135.704 Y105.223 E3424.56068
G0 F9000 X135.732 Y105.535
G0 X134.361 Y105.07
G0 X134.11 Y104.721
G0 X134.092 Y119.656
G0 X144.296 Y119.728
G0 X144.296 Y119.468
;TYPE:SKIN
G1 F1500 X134.28 Y119.468 E3424.89382
G1 X134.28 Y105.279 E3425.36574
G1 X134.401 Y105.409 E3425.37165
G1 X134.771 Y105.692 E3425.38714
G1 X135.073 Y105.837 E3425.39829
G1 X135.457 Y105.945 E3425.41155
G1 X135.807 Y105.976 E3425.42324
G1 X136.397 Y105.915 E3425.44297
G1 X137.07 Y105.569 E3425.46814
G1 X137.585 Y105.015 E3425.4933
G1 X137.855 Y104.326 E3425.51791
G1 X137.854 Y103.559 E3425.54342
G1 X137.59 Y102.841 E3425.56886
G1 X137.073 Y102.27 E3425.59448
G1 X136.517 Y101.996 E3425.6151
G1 X136.207 Y101.908 E3425.62582
G1 X135.811 Y101.872 E3425.63904
G1 X135.48 Y101.9 E3425.65009
G1 X135.068 Y102.015 E3425.66432
G1 X134.747 Y102.176 E3425.67626
G1 X134.43 Y102.416 E3425.68949
G1 X134.281 Y102.575 E3425.69673
G1 X134.28 Y97.616 E3425.86167
G1 F1342.3 X134.327 Y97.113 E3425.88045
G1 F1219.5 X134.325 Y96.685 E3425.89796
G1 F1224.5 X134.813 Y96.685 E3425.91784
G1 F1219.5 X134.816 Y97.071 E3425.93363
G1 F1276.6 X135.059 Y97.519 E3425.95355
G1 F1415.1 X135.442 Y97.816 E3425.97064
G1 F1500 X135.784 Y97.885 E3425.98224
G1 X146.631 Y97.886 E3426.34301
G1 X146.984 Y97.79 E3426.35518
G1 X147.219 Y97.63 E3426.36464
G1 X147.316 Y97.459 E3426.37118
G1 X147.413 Y97.63 E3426.37771
G1 X147.646 Y97.793 E3426.38717
G1 X147.946 Y97.882 E3426.39758
G1 X158.848 Y97.885 E3426.76018
G1 X159.19 Y97.816 E3426.77179
G1 F1418.4 X159.575 Y97.519 E3426.78889
G1 F1276.6 X159.82 Y97.071 E3426.80884
G1 F1219.5 X159.821 Y96.684 E3426.82468
G1 F1224.5 X160.311 Y96.682 E3426.84464
G1 F1219.5 X160.31 Y97.113 E3426.86227
G1 F1345.3 X160.356 Y97.622 E3426.88123
G1 F1500 X160.356 Y107.583 E3427.21253
G1 X160.194 Y107.402 E3427.22061
G1 X159.905 Y107.184 E3427.23265
G1 X159.549 Y107.008 E3427.24586
G1 X159.206 Y106.908 E3427.25774
G1 X158.802 Y106.872 E3427.27123
G1 X158.448 Y106.907 E3427.28306
G1 X157.918 Y107.059 E3427.3014
G1 X157.294 Y107.523 E3427.32727
G1 X156.88 Y108.185 E3427.35323
G1 X156.741 Y108.93 E3427.37844
G1 X156.876 Y109.663 E3427.40323
G1 X157.286 Y110.314 E3427.42882
G1 X157.883 Y110.782 E3427.45405
G1 X158.494 Y110.952 E3427.47514
G1 X158.77 Y110.976 E3427.48436
G1 X159.206 Y110.94 E3427.49891
G1 X159.549 Y110.84 E3427.51079
G1 X159.937 Y110.644 E3427.52525
G1 X160.165 Y110.472 E3427.53475
G1 X160.357 Y110.265 E3427.54414
G1 X160.359 Y119.468 E3427.85023
G1 X144.296 Y119.468 E3428.38449
G0 F9000 X144.296 Y119.728
G0 X134.092 Y119.656
G0 X134.02 Y119.207
G0 X134.48 Y119.207
G1 F1500 X134.541 Y119.268 E3428.38736
G0 F9000 X135.107 Y119.268
G1 F1500 X134.48 Y118.641 E3428.41685
G0 F9000 X134.48 Y118.076
G1 F1500 X135.673 Y119.268 E3428.47294
G0 F9000 X136.238 Y119.268
G1 F1500 X134.48 Y117.51 E3428.55563
G0 F9000 X134.48 Y116.944
G1 F1500 X136.804 Y119.268 E3428.66495
G0 F9000 X137.37 Y119.268
G1 F1500 X134.48 Y116.378 E3428.80088
G0 F9000 X134.48 Y115.813
G1 F1500 X137.935 Y119.268 E3428.9634
G0 F9000 X138.501 Y119.268
G1 F1500 X134.48 Y115.247 E3429.15253
G0 F9000 X134.48 Y114.681
G1 F1500 X139.067 Y119.268 E3429.36829
G0 F9000 X139.632 Y119.268
G1 F1500 X134.48 Y114.116 E3429.61063
G0 F9000 X134.48 Y113.55
G1 F1500 X140.198 Y119.268 E3429.87958
G0 F9000 X140.764 Y119.268
G1 F1500 X134.48 Y112.984 E3430.17516
G0 F9000 X134.48 Y112.419
G1 F1500 X141.329 Y119.268 E3430.49732
G0 F9000 X141.895 Y119.268
G1 F1500 X134.48 Y111.853 E3430.8461
G0 F9000 X134.48 Y111.287
G1 F1500 X142.461 Y119.268 E3431.2215
G0 F9000 X143.026 Y119.268
G1 F1500 X134.48 Y110.722 E3431.62348
G0 F9000 X134.48 Y110.156
G1 F1500 X143.592 Y119.268 E3432.05208
G0 F9000 X144.158 Y119.268
G1 F1500 X134.48 Y109.59 E3432.5073
G0 F9000 X134.48 Y109.025
G1 F1500 X144.724 Y119.268 E3432.98912
G0 F9000 X145.289 Y119.268
G1 F1500 X134.48 Y108.459 E3433.49755
G0 F9000 X134.48 Y107.893
G1 F1500 X145.855 Y119.268 E3434.03259
G0 F9000 X146.421 Y119.268
G1 F1500 X134.48 Y107.327 E3434.59426
G0 F9000 X134.48 Y106.762
G1 F1500 X146.986 Y119.268 E3435.1825
G0 F9000 X147.552 Y119.268
G1 F1500 X134.48 Y106.196 E3435.79737
G0 F9000 X134.757 Y105.907
G1 F1500 X148.118 Y119.268 E3436.42583
G0 F9000 X148.683 Y119.268
G1 F1500 X135.574 Y106.158 E3437.04246
G0 F9000 X136.128 Y106.147
G1 F1500 X149.249 Y119.268 E3437.65963
G0 F9000 X149.815 Y119.268
G1 F1500 X136.588 Y106.041 E3438.28179
G0 F9000 X136.963 Y105.85
G1 F1500 X150.38 Y119.268 E3438.91291
G0 F9000 X150.946 Y119.268
G1 F1500 X137.298 Y105.619 E3439.55489
G0 F9000 X137.569 Y105.325
G1 F1500 X151.512 Y119.268 E3440.21073
G0 F9000 X152.077 Y119.268
G1 F1500 X137.806 Y104.996 E3440.88202
G0 F9000 X137.966 Y104.59
G1 F1500 X152.643 Y119.268 E3441.5724
G0 F9000 X153.209 Y119.268
G1 F1500 X138.053 Y104.112 E3442.28529
G0 F9000 X138.051 Y103.544
G1 F1500 X153.775 Y119.268 E3443.0249
G0 F9000 X154.34 Y119.268
G1 F1500 X137.333 Y102.26 E3443.82488
G0 F9000 X137.165 Y102.093
G1 F1500 X134.48 Y99.407 E3443.9512
G0 F9000 X134.48 Y98.842
G1 F1500 X154.906 Y119.268 E3444.91198
G0 F9000 X155.472 Y119.268
G1 F1500 X134.48 Y98.276 E3445.89937
G0 F9000 X134.48 Y97.71
G1 F1500 X156.037 Y119.268 E3446.91337
G0 F9000 X156.603 Y119.268
G1 F1500 X135.271 Y97.936 E3447.91677
G0 F9000 X134.787 Y97.452
G1 F1500 X134.553 Y97.218 E3447.92777
G0 F9000 X134.02 Y97.218
G0 X134.092 Y96.454
G0 X135.046 Y96.452
G0 X135.258 Y97.29
G0 X135.989 Y97.628
G0 X135.989 Y98.088
G1 F1500 X157.169 Y119.268 E3448.92401
G0 F9000 X157.734 Y119.268
G1 F1500 X136.554 Y98.088 E3449.92026
G0 F9000 X137.12 Y98.088
G1 F1500 X158.3 Y119.268 E3450.9165
G0 F9000 X158.866 Y119.268
G1 F1500 X137.685 Y98.087 E3451.91279
G0 F9000 X138.251 Y98.087
G1 F1500 X159.431 Y119.268 E3452.90905
G0 F9000 X159.997 Y119.268
G1 F1500 X138.816 Y98.087 E3453.90534
G0 F9000 X139.381 Y98.086
G1 F1500 X160.159 Y118.864 E3454.88268
G0 F9000 X160.159 Y118.298
G1 F1500 X139.947 Y98.086 E3455.83339
G0 F9000 X140.512 Y98.086
G1 F1500 X160.159 Y117.733 E3456.75752
G0 F9000 X160.159 Y117.167
G1 F1500 X141.078 Y98.086 E3457.65503
G0 F9000 X141.643 Y98.086
G1 F1500 X160.159 Y116.601 E3458.52595
G0 F9000 X160.158 Y116.035
G1 F1500 X142.208 Y98.085 E3459.37026
G0 F9000 X142.774 Y98.085
G1 F1500 X160.158 Y115.469 E3460.18795
G0 F9000 X160.158 Y114.903
G1 F1500 X143.34 Y98.085 E3460.97902
G0 F9000 X143.905 Y98.084
G1 F1500 X160.158 Y114.338 E3461.74353
G0 F9000 X160.158 Y113.772
G1 F1500 X144.47 Y98.084 E3462.48145
G0 F9000 X145.036 Y98.084
G1 F1500 X156.684 Y109.732 E3463.02933
G0 F9000 X156.561 Y109.043
G1 F1500 X145.601 Y98.083 E3463.54486
G0 F9000 X146.167 Y98.083
G1 F1500 X156.614 Y108.53 E3464.03625
G0 F9000 X156.715 Y108.066
G1 F1500 X146.718 Y98.069 E3464.50648
G0 F9000 X147.138 Y97.924
G1 F1500 X156.934 Y107.719 E3464.96723
G0 F9000 X157.157 Y107.377
G1 F1500 X147.838 Y98.057 E3465.40559
G0 F9000 X148.426 Y98.08
G1 F1500 X157.483 Y107.137 E3465.8316
G0 F9000 X157.807 Y106.895
G1 F1500 X148.992 Y98.081 E3466.24621
G0 F9000 X149.558 Y98.081
G1 F1500 X158.237 Y106.76 E3466.65445
G0 F9000 X158.72 Y106.677
G1 F1500 X150.124 Y98.081 E3467.05877
G0 F9000 X150.691 Y98.082
G1 F1500 X159.347 Y106.738 E3467.46593
G0 F9000 X160.156 Y106.982
G1 F1500 X151.257 Y98.082 E3467.88453
G0 F9000 X151.823 Y98.083
G1 F1500 X160.156 Y106.416 E3468.27649
G0 F9000 X160.156 Y105.85
G1 F1500 X152.389 Y98.083 E3468.64183
G0 F9000 X152.955 Y98.083
G1 F1500 X160.156 Y105.285 E3468.98056
G0 F9000 X160.156 Y104.719
G1 F1500 X153.521 Y98.084 E3469.29265
G0 F9000 X154.088 Y98.085
G1 F1500 X160.156 Y104.153 E3469.57807
G0 F9000 X160.156 Y103.588
G1 F1500 X154.654 Y98.086 E3469.83687
G0 F9000 X155.22 Y98.086
G1 F1500 X160.156 Y103.022 E3470.06904
G0 F9000 X160.156 Y102.456
G1 F1500 X155.786 Y98.086 E3470.2746
G0 F9000 X156.353 Y98.087
G1 F1500 X160.156 Y101.891 E3470.4535
G0 F9000 X160.156 Y101.325
G1 F1500 X156.918 Y98.087 E3470.60581
G0 F9000 X157.485 Y98.088
G1 F1500 X160.156 Y100.759 E3470.73144
G0 F9000 X160.156 Y100.193
G1 F1500 X158.051 Y98.088 E3470.83045
G0 F9000 X158.617 Y98.088
G1 F1500 X160.156 Y99.628 E3470.90287
G0 F9000 X160.156 Y99.062
G1 F1500 X159.127 Y98.033 E3470.95127
G0 F9000 X159.494 Y97.834
G1 F1500 X160.156 Y98.496 E3470.98241
G0 F9000 X160.156 Y97.931
G1 F1500 X159.78 Y97.555 E3471.00009
G0 F9000 X160.105 Y97.314
G1 F1500 X160.001 Y97.21 E3471.00499
G0 F9000 X159.524 Y97.004
G0 X159.589 Y96.453
G0 X160.544 Y96.452
G0 X160.53 Y108.128
G0 X160.351 Y109.215
G0 X159.786 Y110.436
G0 X160.03 Y110.816
G1 F1500 X160.158 Y110.943 E3471.01098
G0 F9000 X159.658 Y111.009
G1 F1500 X160.158 Y111.509 E3471.0345
G0 F9000 X160.158 Y112.074
G1 F1500 X159.223 Y111.14 E3471.07846
G0 F9000 X158.683 Y111.166
G1 F1500 X160.158 Y112.64 E3471.14781
G0 F9000 X160.158 Y113.206
G1 F1500 X157.968 Y111.016 E3471.25082
G1 F2700 E3466.25082
G0 F9000 X158.09 Y110.574
G0 X156.947 Y108.931
G0 X158.002 Y107.244
G0 X160.046 Y107.539
G0 X160.53 Y108.128
G0 X160.544 Y96.452
G0 X159.589 Y96.453
G0 X159.425 Y97.386
G0 X147.532 Y97.47
G0 X147.318 Y96.953
G0 X146.91 Y97.608
G0 X135.211 Y97.386
G0 X135.046 Y96.452
G0 X134.092 Y96.454
G0 X134.111 Y103.135
G0 X135.064 Y102.534
G0 X136.174 Y102.169
G0 X136.215 Y101.708
G1 F2700 E3471.25082
G1 F1500 X134.48 Y99.973 E3471.33243
G0 F9000 X134.48 Y100.539
G1 F1500 X135.629 Y101.688 E3471.38648
G0 F9000 X135.159 Y101.783
G1 F1500 X134.48 Y101.104 E3471.41842
G0 F9000 X134.48 Y101.67
G1 F1500 X134.755 Y101.946 E3471.43138
G1 F2700 E3466.43138
G0 F9000 X134.96 Y102.359
G0 X134.111 Y103.135
G0 X134.092 Y96.454
G0 X135.046 Y96.452
G0 X135.528 Y97.631
G0 X147.104 Y97.47
G0 X147.318 Y96.953
G0 X147.648 Y97.484
G0 X159.243 Y97.353
G0 X158.166 Y96.276
G0 X158.156 Y94.256
G0 X159.42 Y94.076
;TYPE:WALL-INNER
G1 F2700 E3471.43138
G1 F1500 X160.72 Y94.076 E3471.47461
G1 X160.72 Y93.028 E3471.50947
G1 X159.42 Y93.028 E3471.55271
G1 X159.42 Y94.076 E3471.58756
G0 F9000 X159.02 Y94.476
;TYPE:WALL-OUTER
G1 F1500 X161.12 Y94.476 E3471.65741
G1 X161.12 Y92.628 E3471.71888
G1 X159.02 Y92.628 E3471.78872
G1 X159.02 Y94.476 E3471.85019
G0 F9000 X159.301 Y94.199
G0 X159.52 Y93.734
G0 X159.762 Y93.734
;TYPE:SKIN
G1 F1648.4 X159.762 Y93.37 E3471.8612
G1 X160.378 Y93.37 E3471.87985
G1 X160.378 Y93.734 E3471.89087
G1 X159.762 Y93.734 E3471.90951
G1 F2700 E3466.90951
;MESH:Supporto.stl
G0 F9000 X159.52 Y93.734
G0 X159.245 Y94.255
G0 X158.156 Y94.256
G0 X148.722 Y91.776
G0 X132.667 Y91.776
G0 X129.166 Y123.118
G0 X128.88 Y140.08
;TYPE:WALL-INNER
G1 F2700 E3471.90951
G1 F966.2 X128.875 Y140.607 E3471.93672
G0 F9000 X128.816 Y151.008
G0 X115.853 Y151.18
G1 F1500 X128.988 Y151.18 E3472.3736
G1 X128.988 Y141.157 E3472.70696
G1 F1315.8 X128.888 Y140.586 E3472.72894
G1 X128.466 Y141.267 E3472.75932
G1 F1500 X128.117 Y141.647 E3472.77648
G1 X127.663 Y141.876 E3472.79339
G1 X127.446 Y141.938 E3472.8009
G1 X127.042 Y141.974 E3472.81439
G1 X126.823 Y141.953 E3472.8217
G1 X126.323 Y141.811 E3472.83899
G1 X125.829 Y141.43 E3472.85974
G1 X125.492 Y140.887 E3472.881
G1 X125.379 Y140.286 E3472.90134
G1 X125.49 Y139.681 E3472.9218
G1 X125.826 Y139.131 E3472.94323
G1 X126.333 Y138.75 E3472.96433
G1 X126.823 Y138.611 E3472.98127
G1 X127.042 Y138.59 E3472.98858
G1 X127.557 Y138.636 E3473.00578
G1 X128.014 Y138.862 E3473.02274
G1 X128.193 Y138.996 E3473.03017
G1 F1321.6 X128.52 Y139.357 E3473.04856
G1 F1067.6 X128.88 Y140.08 E3473.08631
G1 F1105 X128.953 Y139.811 E3473.09889
G1 F1379.3 X128.988 Y139.407 E3473.11356
G1 F1500 X128.988 Y124.38 E3473.61336
G1 X102.188 Y124.38 E3474.50473
G1 X102.189 Y134.744 E3474.84944
G1 F1183.4 X102.294 Y135.147 E3474.86699
G1 X102.474 Y134.771 E3474.88457
G1 F1500 X102.555 Y134.564 E3474.89196
G1 X102.829 Y134.129 E3474.90906
G1 X103.32 Y133.755 E3474.92959
G1 X103.823 Y133.61 E3474.947
G1 X104.042 Y133.59 E3474.95431
G1 X104.56 Y133.636 E3474.97161
G1 X105.131 Y133.926 E3474.99291
G1 X105.542 Y134.389 E3475.0135
G1 X105.769 Y134.962 E3475.034
G1 X105.772 Y135.588 E3475.05482
G1 X105.543 Y136.18 E3475.07593
G1 X105.128 Y136.635 E3475.09642
G1 X104.563 Y136.928 E3475.11759
G1 X104.042 Y136.974 E3475.13498
G1 X103.823 Y136.954 E3475.1423
G1 X103.431 Y136.842 E3475.15586
G1 X103.232 Y136.742 E3475.16326
G1 X102.825 Y136.432 E3475.18028
G1 X102.554 Y135.993 E3475.19744
G1 X102.474 Y135.789 E3475.20473
G1 F1188.1 X102.293 Y135.401 E3475.2227
G1 X102.189 Y135.816 E3475.24067
G1 F1500 X102.188 Y151.18 E3475.75168
G1 X115.853 Y151.18 E3476.20618
G0 F9000 X102.36 Y151.008
G0 X102.293 Y135.401
G1 F980.4 X102.294 Y135.147 E3476.2191
G1 F2700 E3471.2191
G0 F9000 X102.941 Y136.331
G0 X103.31 Y136.61
G0 X103.884 Y136.877
G0 X103.969 Y136.579
;TYPE:WALL-OUTER
G1 F2700 E3476.2191
G1 F1500 X103.503 Y136.446 E3476.23522
G1 X103.128 Y136.16 E3476.25091
G1 X102.874 Y135.75 E3476.26695
G1 X102.783 Y135.281 E3476.28284
G1 X102.874 Y134.808 E3476.29886
G1 X103.129 Y134.403 E3476.31478
G1 X103.503 Y134.118 E3476.33042
G1 X103.97 Y133.984 E3476.34658
G1 X104.451 Y134.032 E3476.36265
G1 X104.86 Y134.233 E3476.37781
G1 X105.189 Y134.589 E3476.39393
G1 X105.365 Y135.025 E3476.40957
G1 X105.37 Y135.518 E3476.42597
G1 X105.198 Y135.961 E3476.44178
G1 X104.877 Y136.314 E3476.45765
G1 X104.449 Y136.537 E3476.4737
G1 X103.969 Y136.579 E3476.48972
G1 F2700 E3471.48972
G0 F9000 X103.884 Y136.877
G0 X102.63 Y136.422
G0 X102.379 Y136.067
G0 X102.36 Y151.008
G0 X115.861 Y151.273
G0 X115.861 Y151.58
G1 F2700 E3476.48972
G1 F1500 X129.388 Y151.58 E3476.93963
G1 X129.388 Y123.98 E3477.85761
G1 X101.788 Y123.98 E3478.77559
G1 X101.788 Y151.58 E3479.69357
G1 X115.861 Y151.58 E3480.16164
G1 F2700 E3475.16164
G0 F9000 X115.861 Y151.273
G0 X128.816 Y151.008
G0 X128.798 Y141.086
G0 X127.812 Y141.68
G0 X126.883 Y141.877
G0 X126.968 Y141.579
G1 F2700 E3480.16164
G1 F1500 X126.503 Y141.442 E3480.17777
G1 X126.123 Y141.149 E3480.19373
G1 X125.876 Y140.747 E3480.20942
G1 X125.785 Y140.281 E3480.22521
G1 X125.876 Y139.813 E3480.24107
G1 X126.129 Y139.407 E3480.25698
G1 X126.507 Y139.117 E3480.27282
G1 X126.969 Y138.985 E3480.28881
G1 X127.447 Y139.027 E3480.30477
G1 X127.872 Y139.237 E3480.32053
G1 X128.199 Y139.598 E3480.33673
G1 X128.372 Y140.04 E3480.35252
G1 X128.37 Y140.519 E3480.36845
G1 X128.198 Y140.967 E3480.38441
G1 X127.872 Y141.323 E3480.40047
G1 X127.448 Y141.537 E3480.41626
G1 X126.968 Y141.579 E3480.43229
G0 F9000 X126.883 Y141.877
G0 X128.311 Y141.673
G0 X128.798 Y141.086
G0 X128.816 Y151.008
G0 X115.846 Y151.08
G0 X115.846 Y150.82
;TYPE:SKIN
G1 F1500 X102.548 Y150.82 E3480.87458
G1 X102.549 Y136.629 E3481.34658
G1 X102.672 Y136.764 E3481.35265
G1 X103.006 Y137.023 E3481.36671
G1 X103.336 Y137.189 E3481.379
G1 X103.748 Y137.304 E3481.39322
G1 X104.04 Y137.332 E3481.40298
G1 X104.669 Y137.271 E3481.424
G1 X105.322 Y136.938 E3481.44838
G1 X105.844 Y136.381 E3481.47377
G1 X106.117 Y135.695 E3481.49832
G1 X106.128 Y134.893 E3481.525
G1 X105.844 Y134.176 E3481.55065
G1 X105.335 Y133.625 E3481.5756
G1 X104.669 Y133.289 E3481.60041
G1 X104.079 Y133.228 E3481.62014
G1 X103.748 Y133.256 E3481.63119
G1 X103.336 Y133.371 E3481.64542
G1 X103.038 Y133.517 E3481.65645
G1 X102.672 Y133.796 E3481.67176
G1 X102.545 Y133.936 E3481.67805
G1 X102.548 Y124.741 E3481.98387
G1 X128.628 Y124.74 E3482.8513
G1 X128.628 Y138.938 E3483.32352
G1 X128.461 Y138.753 E3483.33181
G1 X128.205 Y138.556 E3483.34256
G1 X127.788 Y138.351 E3483.35801
G1 X127.512 Y138.271 E3483.36757
G1 X127.079 Y138.228 E3483.38204
G1 X126.748 Y138.256 E3483.39309
G1 X126.16 Y138.428 E3483.41347
G1 X125.571 Y138.877 E3483.4381
G1 X125.164 Y139.507 E3483.46305
G1 X125.008 Y140.28 E3483.48928
G1 X125.162 Y141.036 E3483.51494
G1 X125.556 Y141.669 E3483.53974
G1 X126.155 Y142.134 E3483.56496
G1 X126.748 Y142.304 E3483.58547
G1 X127.04 Y142.332 E3483.59523
G1 X127.479 Y142.296 E3483.60988
G1 X127.789 Y142.208 E3483.6206
G1 X128.182 Y142.015 E3483.63516
G1 X128.46 Y141.804 E3483.64677
G1 X128.628 Y141.619 E3483.65508
G1 X128.628 Y150.82 E3483.96111
G1 X115.846 Y150.82 E3484.38624
G0 F9000 X115.846 Y151.08
G0 X102.36 Y151.008
G0 X102.289 Y150.264
G0 X102.748 Y150.265
G1 F1500 X103.103 Y150.62 E3484.40294
G0 F9000 X103.668 Y150.62
G1 F1500 X102.748 Y149.699 E3484.44623
G0 F9000 X102.748 Y149.134
G1 F1500 X104.234 Y150.62 E3484.51613
G0 F9000 X104.8 Y150.62
G1 F1500 X102.748 Y148.568 E3484.61265
G0 F9000 X102.748 Y148.002
G1 F1500 X105.365 Y150.62 E3484.73577
G0 F9000 X105.931 Y150.62
G1 F1500 X102.748 Y147.437 E3484.88549
G0 F9000 X102.748 Y146.871
G1 F1500 X106.497 Y150.62 E3485.06183
G0 F9000 X107.062 Y150.62
G1 F1500 X102.748 Y146.305 E3485.26477
G0 F9000 X102.748 Y145.74
G1 F1500 X107.628 Y150.62 E3485.49431
G0 F9000 X108.194 Y150.62
G1 F1500 X102.748 Y145.174 E3485.75047
G0 F9000 X102.748 Y144.608
G1 F1500 X108.759 Y150.62 E3486.03324
G0 F9000 X109.325 Y150.62
G1 F1500 X102.748 Y144.043 E3486.3426
G0 F9000 X102.748 Y143.477
G1 F1500 X109.891 Y150.62 E3486.67858
G0 F9000 X110.456 Y150.62
G1 F1500 X102.748 Y142.911 E3487.04117
G0 F9000 X102.748 Y142.346
G1 F1500 X111.022 Y150.62 E3487.43035
G0 F9000 X111.588 Y150.62
G1 F1500 X102.748 Y141.78 E3487.84616
G0 F9000 X102.748 Y141.214
G1 F1500 X112.153 Y150.62 E3488.28856
G0 F9000 X112.719 Y150.62
G1 F1500 X102.748 Y140.648 E3488.75759
G0 F9000 X102.748 Y140.083
G1 F1500 X113.285 Y150.62 E3489.25322
G0 F9000 X113.851 Y150.62
G1 F1500 X102.748 Y139.517 E3489.77547
G0 F9000 X102.748 Y138.951
G1 F1500 X114.416 Y150.62 E3490.32432
G0 F9000 X114.982 Y150.62
G1 F1500 X102.748 Y138.386 E3490.89977
G0 F9000 X102.748 Y137.82
G1 F1500 X115.548 Y150.62 E3491.50185
G0 F9000 X116.113 Y150.62
G1 F1500 X102.748 Y137.254 E3492.13052
G0 F9000 X103.5 Y137.441
G1 F1500 X116.679 Y150.62 E3492.75042
G0 F9000 X117.245 Y150.62
G1 F1500 X104.151 Y137.527 E3493.3663
G0 F9000 X104.667 Y137.477
G1 F1500 X117.81 Y150.62 E3493.9845
G0 F9000 X118.376 Y150.62
G1 F1500 X105.053 Y137.298 E3494.61115
G0 F9000 X105.428 Y137.107
G1 F1500 X118.942 Y150.62 E3495.24678
G0 F9000 X119.507 Y150.62
G1 F1500 X105.708 Y136.821 E3495.89585
G0 F9000 X105.98 Y136.527
G1 F1500 X120.073 Y150.62 E3496.55874
G0 F9000 X120.639 Y150.62
G1 F1500 X106.154 Y136.136 E3497.24005
G0 F9000 X106.317 Y135.733
G1 F1500 X121.204 Y150.62 E3497.94028
G0 F9000 X121.77 Y150.62
G1 F1500 X106.325 Y135.175 E3498.66677
G0 F9000 X106.169 Y134.454
G1 F1500 X122.336 Y150.62 E3499.42719
G0 F9000 X122.902 Y150.62
G1 F1500 X102.746 Y130.465 E3500.37525
G0 F9000 X102.745 Y131.03
G1 F1500 X104.899 Y133.183 E3500.47654
G0 F9000 X104.187 Y133.037
G1 F1500 X102.745 Y131.595 E3500.54437
G0 F9000 X102.745 Y132.161
G1 F1500 X103.66 Y133.075 E3500.58738
G0 F9000 X103.224 Y133.205
G1 F1500 X102.745 Y132.727 E3500.60989
G0 F9000 X102.745 Y133.292
G1 F1500 X102.856 Y133.403 E3500.61511
G0 F9000 X103.134 Y133.77
G0 X102.376 Y134.497
G0 X102.288 Y129.898
G0 X102.746 Y129.899
G1 F1500 X123.467 Y150.62 E3501.58976
G0 F9000 X124.033 Y150.62
G1 F1500 X102.746 Y129.333 E3502.59104
G0 F9000 X102.746 Y128.768
G1 F1500 X124.599 Y150.62 E3503.61891
G0 F9000 X125.164 Y150.62
G1 F1500 X102.746 Y128.202 E3504.67339
G0 F9000 X102.747 Y127.637
G1 F1500 X125.73 Y150.62 E3505.75444
G0 F9000 X126.296 Y150.62
G1 F1500 X102.747 Y127.071 E3506.86211
G0 F9000 X102.747 Y126.506
G1 F1500 X126.861 Y150.62 E3507.99636
G0 F9000 X127.427 Y150.62
G1 F1500 X102.747 Y125.94 E3509.15723
G0 F9000 X102.747 Y125.374
G1 F1500 X127.993 Y150.62 E3510.34472
G0 F9000 X128.428 Y150.49
G1 F1500 X102.879 Y124.941 E3511.54647
G0 F9000 X103.445 Y124.941
G1 F1500 X128.428 Y149.924 E3512.72159
G0 F9000 X128.428 Y149.359
G1 F1500 X104.01 Y124.941 E3513.87014
G0 F9000 X104.576 Y124.941
G1 F1500 X128.428 Y148.793 E3514.99207
G0 F9000 X128.428 Y148.227
G1 F1500 X105.142 Y124.941 E3516.08737
G0 F9000 X105.708 Y124.941
G1 F1500 X128.428 Y147.662 E3517.15607
G0 F9000 X128.428 Y147.096
G1 F1500 X106.273 Y124.941 E3518.19817
G0 F9000 X106.839 Y124.941
G1 F1500 X128.428 Y146.53 E3519.21365
G0 F9000 X128.428 Y145.965
G1 F1500 X107.405 Y124.941 E3520.20254
G0 F9000 X107.97 Y124.941
G1 F1500 X128.428 Y145.399 E3521.16482
G0 F9000 X128.428 Y144.833
G1 F1500 X108.536 Y124.941 E3522.10048
G0 F9000 X109.102 Y124.941
G1 F1500 X124.893 Y140.732 E3522.84324
G0 F9000 X124.839 Y140.113
G1 F1500 X109.667 Y124.941 E3523.55688
G0 F9000 X110.233 Y124.941
G1 F1500 X124.932 Y139.64 E3524.24828
G0 F9000 X125.1 Y139.242
G1 F1500 X110.799 Y124.941 E3524.92095
G0 F9000 X111.364 Y124.941
G1 F1500 X125.318 Y138.894 E3525.57728
G0 F9000 X125.596 Y138.607
G1 F1500 X111.93 Y124.941 E3526.22009
G0 F9000 X112.496 Y124.941
G1 F1500 X125.918 Y138.363 E3526.85142
G0 F9000 X126.297 Y138.176
G1 F1500 X113.061 Y124.941 E3527.47398
G0 F9000 X113.627 Y124.941
G1 F1500 X126.742 Y138.056 E3528.09086
G0 F9000 X127.299 Y138.047
G1 F1500 X114.193 Y124.941 E3528.70733
G0 F9000 X114.758 Y124.941
G1 F1500 X128.096 Y138.278 E3529.33469
G0 F9000 X128.428 Y138.045
G1 F1500 X115.324 Y124.941 E3529.95106
G0 F9000 X115.89 Y124.941
G1 F1500 X128.428 Y137.479 E3530.54081
G0 F9000 X128.428 Y136.914
G1 F1500 X116.456 Y124.941 E3531.10396
G0 F9000 X117.021 Y124.941
G1 F1500 X128.428 Y136.348 E3531.64051
G0 F9000 X128.428 Y135.782
G1 F1500 X117.587 Y124.941 E3532.15043
G0 F9000 X118.153 Y124.941
G1 F1500 X128.428 Y135.216 E3532.63374
G0 F9000 X128.428 Y134.651
G1 F1500 X118.718 Y124.941 E3533.09047
G0 F9000 X119.284 Y124.941
G1 F1500 X128.428 Y134.085 E3533.52057
G0 F9000 X128.428 Y133.519
G1 F1500 X119.85 Y124.941 E3533.92406
G0 F9000 X120.415 Y124.941
G1 F1500 X128.428 Y132.954 E3534.30096
G0 F9000 X128.428 Y132.388
G1 F1500 X120.981 Y124.941 E3534.65125
G0 F9000 X121.547 Y124.941
G1 F1500 X128.428 Y131.822 E3534.97491
G0 F9000 X128.428 Y131.257
G1 F1500 X122.112 Y124.941 E3535.27199
G0 F9000 X122.678 Y124.941
G1 F1500 X128.428 Y130.691 E3535.54246
G0 F9000 X128.428 Y130.125
G1 F1500 X123.244 Y124.941 E3535.7863
G0 F9000 X123.809 Y124.941
G1 F1500 X128.428 Y129.56 E3536.00356
G0 F9000 X128.428 Y128.994
G1 F1500 X124.375 Y124.941 E3536.1942
G0 F9000 X124.941 Y124.941
G1 F1500 X128.428 Y128.428 E3536.35822
G0 F9000 X128.428 Y127.863
G1 F1500 X125.507 Y124.941 E3536.49564
G0 F9000 X126.072 Y124.941
G1 F1500 X128.428 Y127.297 E3536.60645
G0 F9000 X128.428 Y126.731
G1 F1500 X126.638 Y124.941 E3536.69065
G0 F9000 X127.204 Y124.941
G1 F1500 X128.428 Y126.166 E3536.74825
G0 F9000 X128.428 Y125.6
G1 F1500 X127.769 Y124.941 E3536.77925
G0 F9000 X128.335 Y124.941
G1 F1500 X128.428 Y125.034 E3536.78362
G0 F9000 X128.888 Y125.034
G0 X128.799 Y139.478
G0 X128.621 Y140.569
G0 X128.454 Y141.002
G0 X127.919 Y141.858
G0 X128.126 Y142.268
G1 F1500 X128.428 Y142.57 E3536.79782
G0 F9000 X128.428 Y143.136
G1 F1500 X127.725 Y142.433 E3536.83089
G0 F9000 X127.241 Y142.515
G1 F1500 X128.428 Y143.702 E3536.88672
G0 F9000 X128.428 Y144.267
G1 F1500 X126.647 Y142.486 E3536.9705
G1 F2700 E3531.9705
;MESH:NONMESH
G0 F300 X126.647 Y142.486 Z5.2
G0 F9000 X126.774 Y142.044
G0 X125.345 Y140.955
G0 X125.706 Y139.025
G0 X127.733 Y138.544
G0 X128.799 Y139.478
G0 X128.816 Y124.552
G0 X102.02 Y124.213
G0 X100.925 Y124.213
G0 X68.846 Y121.419
G0 X68.834 Y109.561
G0 X71.996 Y109.561
;TIME_ELAPSED:4882.597741
;LAYER:25
;note -- min layer time used
;TYPE:WALL-INNER
;MESH:Supporto.stl(1)
G1 F2700 E3536.9705
G1 F414.5 X72.207 Y109.469 E3536.98158
G1 X72.294 Y109.261 E3536.99243
G1 X72.271 Y109.148 E3536.99799
G1 X72.112 Y108.989 E3537.00881
G1 X71.883 Y108.992 E3537.01984
G1 X71.721 Y109.152 E3537.0308
G1 X71.721 Y109.376 E3537.04158
G1 X71.883 Y109.539 E3537.05265
G1 X71.996 Y109.561 E3537.05819
G0 F9000 X72.302 Y109.998
;TYPE:WALL-OUTER
G1 F600 X72.559 Y109.826 E3537.06848
G1 X72.731 Y109.568 E3537.07879
G1 X72.795 Y109.263 E3537.08915
G1 X72.731 Y108.958 E3537.09952
G1 X72.559 Y108.701 E3537.1098
G1 X72.302 Y108.529 E3537.12009
G1 X71.996 Y108.469 E3537.13046
G1 X71.691 Y108.53 E3537.14081
G1 X71.436 Y108.702 E3537.15104
G1 X71.261 Y108.959 E3537.16138
G1 X71.2 Y109.264 E3537.17172
G1 X71.261 Y109.569 E3537.18207
G1 X71.436 Y109.827 E3537.19244
G1 X71.691 Y109.999 E3537.20267
G1 X71.996 Y110.06 E3537.21301
G1 X72.302 Y109.998 E3537.2234
G1 F2700 E3532.2234
G0 F9000 X72.028 Y109.334
G0 X72.519 Y109.051
G0 X73.592 Y108.839
G0 X93.406 Y104.693
G0 X94.479 Y104.481
G0 X95 Y104.337
G0 X94.996 Y104.561
;TYPE:WALL-INNER
G1 F2700 E3537.2234
G1 F414.5 X95.207 Y104.469 E3537.23448
G1 X95.294 Y104.261 E3537.24533
G1 X95.271 Y104.148 E3537.25089
G1 X95.112 Y103.989 E3537.26171
G1 X94.883 Y103.992 E3537.27274
G1 X94.721 Y104.152 E3537.2837
G1 X94.721 Y104.376 E3537.29448
G1 X94.883 Y104.539 E3537.30555
G1 X94.996 Y104.561 E3537.31109
G0 F9000 X95.302 Y104.998
;TYPE:WALL-OUTER
G1 F600 X95.559 Y104.826 E3537.32138
G1 X95.731 Y104.568 E3537.33169
G1 X95.795 Y104.263 E3537.34206
G1 X95.731 Y103.958 E3537.35242
G1 X95.559 Y103.701 E3537.36271
G1 X95.302 Y103.529 E3537.37299
G1 X94.996 Y103.469 E3537.38336
G1 X94.691 Y103.53 E3537.39371
G1 X94.436 Y103.702 E3537.40394
G1 X94.261 Y103.959 E3537.41428
G1 X94.2 Y104.264 E3537.42463
G1 X94.261 Y104.569 E3537.43497
G1 X94.436 Y104.827 E3537.44534
G1 X94.691 Y104.999 E3537.45557
G1 X94.996 Y105.06 E3537.46591
G1 X95.302 Y104.998 E3537.4763
G1 F2700 E3532.4763
;MESH:TracciaSopra.stl
G0 F9000 X95.028 Y104.334
G0 X95.214 Y103.746
G0 X95.425 Y102.672
G0 X103.056 Y80.207
G0 X103.267 Y79.133
G0 X103.483 Y78.684
G0 X103.48 Y78.908
;TYPE:WALL-INNER
G1 F2700 E3537.4763
G1 F413.1 X103.69 Y78.822 E3537.48726
G1 X103.776 Y78.612 E3537.49823
G1 X103.69 Y78.402 E3537.50919
G1 X103.48 Y78.316 E3537.52015
G1 X103.27 Y78.402 E3537.53111
G1 X103.184 Y78.612 E3537.54208
G1 X103.27 Y78.822 E3537.55304
G1 X103.48 Y78.908 E3537.564
G0 F9000 X103.48 Y79.408
;TYPE:WALL-OUTER
G1 F600 X103.786 Y79.347 E3537.57438
G1 X104.043 Y79.175 E3537.58467
G1 X104.215 Y78.918 E3537.59495
G1 X104.276 Y78.612 E3537.60533
G1 X104.215 Y78.306 E3537.61571
G1 X104.043 Y78.049 E3537.62599
G1 X103.786 Y77.877 E3537.63628
G1 X103.48 Y77.816 E3537.64666
G1 X103.174 Y77.877 E3537.65703
G1 X102.917 Y78.049 E3537.66732
G1 X102.745 Y78.306 E3537.67761
G1 X102.684 Y78.612 E3537.68798
G1 X102.745 Y78.918 E3537.69836
G1 X102.917 Y79.175 E3537.70865
G1 X103.174 Y79.347 E3537.71893
G1 X103.48 Y79.408 E3537.72931
G1 F2700 E3532.72931
G0 F9000 X103.482 Y78.687
G0 X104.002 Y78.398
G0 X105.075 Y78.186
G0 X124.889 Y74.04
G0 X125.962 Y73.828
G0 X126.483 Y73.684
G0 X126.48 Y73.908
;TYPE:WALL-INNER
G1 F2700 E3537.72931
G1 F413.1 X126.69 Y73.822 E3537.74027
G1 X126.776 Y73.612 E3537.75124
G1 X126.69 Y73.402 E3537.7622
G1 X126.48 Y73.316 E3537.77316
G1 X126.27 Y73.402 E3537.78412
G1 X126.184 Y73.612 E3537.79509
G1 X126.27 Y73.822 E3537.80605
G1 X126.48 Y73.908 E3537.81701
G0 F9000 X126.48 Y74.408
;TYPE:WALL-OUTER
G1 F600 X126.786 Y74.347 E3537.82739
G1 X127.043 Y74.175 E3537.83768
G1 X127.215 Y73.918 E3537.84796
G1 X127.276 Y73.612 E3537.85834
G1 X127.215 Y73.306 E3537.86872
G1 X127.043 Y73.049 E3537.879
G1 X126.786 Y72.877 E3537.88929
G1 X126.48 Y72.816 E3537.89967
G1 X126.174 Y72.877 E3537.91005
G1 X125.917 Y73.049 E3537.92033
G1 X125.745 Y73.306 E3537.93062
G1 X125.684 Y73.612 E3537.94099
G1 X125.745 Y73.918 E3537.95137
G1 X125.917 Y74.175 E3537.96166
G1 X126.174 Y74.347 E3537.97194
G1 X126.48 Y74.408 E3537.98232
G1 F2700 E3532.98232
;MESH:TracciaSotto.stl
G0 F9000 X126.482 Y73.687
G0 X126.697 Y74.133
G0 X126.909 Y75.206
G0 X135.394 Y107.336
G0 X135.606 Y108.409
G0 X135.795 Y108.997
G0 X135.705 Y109.201
;TYPE:WALL-INNER
G1 F2700 E3537.98232
G1 F413.8 X135.935 Y109.201 E3537.99341
G1 X136.027 Y109.139 E3537.99876
G1 X136.11 Y108.931 E3538.00956
G1 X136.028 Y108.716 E3538.02066
G1 X135.819 Y108.632 E3538.03152
G1 X135.61 Y108.718 E3538.04242
G1 X135.546 Y108.814 E3538.04799
G1 X135.547 Y109.043 E3538.05903
G1 X135.705 Y109.201 E3538.06981
G0 F9000 X135.514 Y109.663
;TYPE:WALL-OUTER
G1 F600 X135.819 Y109.723 E3538.08015
G1 X136.126 Y109.663 E3538.09055
G1 X136.382 Y109.492 E3538.10079
G1 X136.55 Y109.234 E3538.11103
G1 X136.614 Y108.929 E3538.1214
G1 X136.552 Y108.623 E3538.13178
G1 X136.383 Y108.364 E3538.14207
G1 X136.126 Y108.193 E3538.15233
G1 X135.819 Y108.132 E3538.16274
G1 X135.515 Y108.193 E3538.17306
G1 X135.257 Y108.365 E3538.18337
G1 X135.085 Y108.623 E3538.19368
G1 X135.025 Y108.929 E3538.20405
G1 X135.085 Y109.234 E3538.21439
G1 X135.257 Y109.491 E3538.22468
G1 X135.514 Y109.663 E3538.23496
G1 F2700 E3533.23496
G0 F9000 X135.793 Y108.999
G0 X136.34 Y108.712
G0 X137.412 Y108.5
G0 X157.23 Y104.363
G0 X158.301 Y104.146
G0 X158.795 Y103.997
G0 X158.705 Y104.201
;TYPE:WALL-INNER
G1 F2700 E3538.23496
G1 F413.8 X158.935 Y104.201 E3538.24606
G1 X159.027 Y104.139 E3538.25141
G1 X159.11 Y103.931 E3538.26221
G1 X159.028 Y103.716 E3538.2733
G1 X158.819 Y103.632 E3538.28417
G1 X158.61 Y103.718 E3538.29507
G1 X158.546 Y103.814 E3538.30063
G1 X158.547 Y104.043 E3538.31168
G1 X158.705 Y104.201 E3538.32245
G0 F9000 X158.514 Y104.663
;TYPE:WALL-OUTER
G1 F600 X158.819 Y104.723 E3538.33279
G1 X159.126 Y104.663 E3538.34319
G1 X159.382 Y104.492 E3538.35343
G1 X159.55 Y104.234 E3538.36367
G1 X159.614 Y103.929 E3538.37404
G1 X159.552 Y103.623 E3538.38442
G1 X159.383 Y103.364 E3538.39471
G1 X159.126 Y103.193 E3538.40498
G1 X158.819 Y103.132 E3538.41539
G1 X158.515 Y103.193 E3538.4257
G1 X158.257 Y103.365 E3538.43601
G1 X158.085 Y103.623 E3538.44633
G1 X158.025 Y103.929 E3538.4567
G1 X158.085 Y104.234 E3538.46704
G1 X158.257 Y104.491 E3538.47732
G1 X158.514 Y104.663 E3538.48761
G1 F2700 E3533.48761
;MESH:Supporto.stl
G0 F9000 X158.793 Y103.999
G0 X158.422 Y104.326
G0 X157.512 Y104.932
G0 X128.399 Y134.279
G0 X127.489 Y134.886
G0 X127.088 Y135.355
G0 X127.087 Y135.578
;TYPE:WALL-INNER
G1 F2700 E3538.48761
G1 F415.9 X127.296 Y135.492 E3538.49845
G1 X127.36 Y135.396 E3538.50399
G1 X127.364 Y135.166 E3538.51502
G1 X127.301 Y135.074 E3538.52037
G1 X127.087 Y134.988 E3538.53144
G1 X126.878 Y135.075 E3538.5423
G1 X126.792 Y135.283 E3538.5531
G1 X126.88 Y135.493 E3538.56402
G1 X127.087 Y135.578 E3538.57476
G0 F9000 X127.087 Y136.076
;TYPE:WALL-OUTER
G1 F600 X127.393 Y136.015 E3538.58514
G1 X127.65 Y135.843 E3538.59542
G1 X127.822 Y135.586 E3538.60571
G1 X127.883 Y135.281 E3538.61605
G1 X127.823 Y134.975 E3538.62642
G1 X127.652 Y134.721 E3538.63661
G1 X127.393 Y134.55 E3538.64693
G1 X127.087 Y134.486 E3538.65733
G1 X126.783 Y134.55 E3538.66766
G1 X126.525 Y134.721 E3538.67796
G1 X126.357 Y134.976 E3538.68811
G1 X126.293 Y135.281 E3538.69848
G1 X126.357 Y135.586 E3538.70884
G1 X126.526 Y135.844 E3538.7191
G1 X126.782 Y136.015 E3538.72934
G1 X127.087 Y136.076 E3538.73969
G1 F2700 E3533.73969
G0 F9000 X127.088 Y135.357
G0 X126.571 Y135.5
G0 X125.5 Y135.717
G0 X105.682 Y139.854
G0 X104.61 Y140.066
G0 X104.088 Y140.355
G0 X104.087 Y140.578
;TYPE:WALL-INNER
G1 F2700 E3538.73969
G1 F415.9 X104.296 Y140.492 E3538.75053
G1 X104.36 Y140.396 E3538.75606
G1 X104.364 Y140.166 E3538.7671
G1 X104.301 Y140.074 E3538.77245
G1 X104.087 Y139.988 E3538.78352
G1 X103.878 Y140.075 E3538.79438
G1 X103.792 Y140.283 E3538.80518
G1 X103.88 Y140.493 E3538.8161
G1 X104.087 Y140.578 E3538.82684
G0 F9000 X104.087 Y141.076
;TYPE:WALL-OUTER
G1 F600 X104.393 Y141.015 E3538.83721
G1 X104.65 Y140.843 E3538.8475
G1 X104.822 Y140.586 E3538.85779
G1 X104.883 Y140.281 E3538.86813
G1 X104.823 Y139.975 E3538.8785
G1 X104.652 Y139.721 E3538.88869
G1 X104.393 Y139.55 E3538.89901
G1 X104.087 Y139.486 E3538.90941
G1 X103.783 Y139.55 E3538.91974
G1 X103.525 Y139.721 E3538.93003
G1 X103.357 Y139.976 E3538.94019
G1 X103.293 Y140.281 E3538.95056
G1 X103.357 Y140.586 E3538.96092
G1 X103.526 Y140.844 E3538.97118
G1 X103.782 Y141.015 E3538.98142
G1 X104.087 Y141.076 E3538.99176
G1 F2700 E3533.99176
;MESH:NONMESH
G0 F300 X104.087 Y141.076 Z5.4
G0 F9000 X104.088 Y140.357
G0 X103.692 Y139.886
G0 X102.781 Y139.281
G0 X73.307 Y110.271
G0 X72.396 Y109.663
G0 X72 Y109.337
G0 X71.996 Y109.561
;TIME_ELAPSED:4896.505172
;LAYER:26
;note -- min layer time used
;TYPE:WALL-INNER
;MESH:Supporto.stl(1)
G1 F2700 E3538.99176
G1 F414.5 X72.207 Y109.469 E3539.00285
G1 X72.294 Y109.261 E3539.0137
G1 X72.271 Y109.148 E3539.01925
G1 X72.112 Y108.989 E3539.03008
G1 X71.883 Y108.992 E3539.0411
G1 X71.721 Y109.152 E3539.05207
G1 X71.721 Y109.376 E3539.06285
G1 X71.883 Y109.539 E3539.07391
G1 X71.996 Y109.561 E3539.07946
G0 F9000 X72.302 Y109.998
;TYPE:WALL-OUTER
G1 F600 X72.559 Y109.826 E3539.08974
G1 X72.731 Y109.568 E3539.10006
G1 X72.795 Y109.263 E3539.11042
G1 X72.731 Y108.958 E3539.12079
G1 X72.559 Y108.701 E3539.13107
G1 X72.302 Y108.529 E3539.14136
G1 X71.996 Y108.469 E3539.15173
G1 X71.691 Y108.53 E3539.16207
G1 X71.436 Y108.702 E3539.1723
G1 X71.261 Y108.959 E3539.18265
G1 X71.2 Y109.264 E3539.19299
G1 X71.261 Y109.569 E3539.20334
G1 X71.436 Y109.827 E3539.21371
G1 X71.691 Y109.999 E3539.22394
G1 X71.996 Y110.06 E3539.23428
G1 X72.302 Y109.998 E3539.24467
G1 F2700 E3534.24467
G0 F9000 X72.028 Y109.334
G0 X72.519 Y109.051
G0 X73.592 Y108.839
G0 X93.406 Y104.693
G0 X94.479 Y104.481
G0 X95 Y104.337
G0 X94.996 Y104.561
;TYPE:WALL-INNER
G1 F2700 E3539.24467
G1 F414.5 X95.207 Y104.469 E3539.25575
G1 X95.294 Y104.261 E3539.2666
G1 X95.271 Y104.148 E3539.27215
G1 X95.112 Y103.989 E3539.28298
G1 X94.883 Y103.992 E3539.29401
G1 X94.721 Y104.152 E3539.30497
G1 X94.721 Y104.376 E3539.31575
G1 X94.883 Y104.539 E3539.32682
G1 X94.996 Y104.561 E3539.33236
G0 F9000 X95.302 Y104.998
;TYPE:WALL-OUTER
G1 F600 X95.559 Y104.826 E3539.34264
G1 X95.731 Y104.568 E3539.35296
G1 X95.795 Y104.263 E3539.36332
G1 X95.731 Y103.958 E3539.37369
G1 X95.559 Y103.701 E3539.38397
G1 X95.302 Y103.529 E3539.39426
G1 X94.996 Y103.469 E3539.40463
G1 X94.691 Y103.53 E3539.41498
G1 X94.436 Y103.702 E3539.42521
G1 X94.261 Y103.959 E3539.43555
G1 X94.2 Y104.264 E3539.44589
G1 X94.261 Y104.569 E3539.45624
G1 X94.436 Y104.827 E3539.46661
G1 X94.691 Y104.999 E3539.47684
G1 X94.996 Y105.06 E3539.48718
G1 X95.302 Y104.998 E3539.49757
G1 F2700 E3534.49757
;MESH:TracciaSopra.stl
G0 F9000 X95.028 Y104.334
G0 X95.214 Y103.746
G0 X95.425 Y102.672
G0 X103.056 Y80.207
G0 X103.267 Y79.133
G0 X103.483 Y78.684
G0 X103.48 Y78.908
;TYPE:WALL-INNER
G1 F2700 E3539.49757
G1 F413.1 X103.69 Y78.822 E3539.50853
G1 X103.776 Y78.612 E3539.51949
G1 X103.69 Y78.402 E3539.53046
G1 X103.48 Y78.316 E3539.54142
G1 X103.27 Y78.402 E3539.55238
G1 X103.184 Y78.612 E3539.56334
G1 X103.27 Y78.822 E3539.57431
G1 X103.48 Y78.908 E3539.58527
G0 F9000 X103.48 Y79.408
;TYPE:WALL-OUTER
G1 F600 X103.786 Y79.347 E3539.59565
G1 X104.043 Y79.175 E3539.60593
G1 X104.215 Y78.918 E3539.61622
G1 X104.276 Y78.612 E3539.6266
G1 X104.215 Y78.306 E3539.63697
G1 X104.043 Y78.049 E3539.64726
G1 X103.786 Y77.877 E3539.65755
G1 X103.48 Y77.816 E3539.66792
G1 X103.174 Y77.877 E3539.6783
G1 X102.917 Y78.049 E3539.68859
G1 X102.745 Y78.306 E3539.69887
G1 X102.684 Y78.612 E3539.70925
G1 X102.745 Y78.918 E3539.71963
G1 X102.917 Y79.175 E3539.72991
G1 X103.174 Y79.347 E3539.7402
G1 X103.48 Y79.408 E3539.75058
G1 F2700 E3534.75058
G0 F9000 X103.482 Y78.687
G0 X104.002 Y78.398
G0 X105.075 Y78.186
G0 X124.889 Y74.04
G0 X125.962 Y73.828
G0 X126.483 Y73.684
G0 X126.48 Y73.908
;TYPE:WALL-INNER
G1 F2700 E3539.75058
G1 F413.1 X126.69 Y73.822 E3539.76154
G1 X126.776 Y73.612 E3539.7725
G1 X126.69 Y73.402 E3539.78347
G1 X126.48 Y73.316 E3539.79443
G1 X126.27 Y73.402 E3539.80539
G1 X126.184 Y73.612 E3539.81635
G1 X126.27 Y73.822 E3539.82732
G1 X126.48 Y73.908 E3539.83828
G0 F9000 X126.48 Y74.408
;TYPE:WALL-OUTER
G1 F600 X126.786 Y74.347 E3539.84866
G1 X127.043 Y74.175 E3539.85894
G1 X127.215 Y73.918 E3539.86923
G1 X127.276 Y73.612 E3539.87961
G1 X127.215 Y73.306 E3539.88999
G1 X127.043 Y73.049 E3539.90027
G1 X126.786 Y72.877 E3539.91056
G1 X126.48 Y72.816 E3539.92093
G1 X126.174 Y72.877 E3539.93131
G1 X125.917 Y73.049 E3539.9416
G1 X125.745 Y73.306 E3539.95188
G1 X125.684 Y73.612 E3539.96226
G1 X125.745 Y73.918 E3539.97264
G1 X125.917 Y74.175 E3539.98292
G1 X126.174 Y74.347 E3539.99321
G1 X126.48 Y74.408 E3540.00359
G1 F2700 E3535.00359
;MESH:TracciaSotto.stl
G0 F9000 X126.482 Y73.687
G0 X126.697 Y74.133
G0 X126.909 Y75.206
G0 X135.394 Y107.336
G0 X135.606 Y108.409
G0 X135.795 Y108.997
G0 X135.705 Y109.201
;TYPE:WALL-INNER
G1 F2700 E3540.00359
G1 F413.8 X135.935 Y109.201 E3540.01468
G1 X136.027 Y109.139 E3540.02003
G1 X136.11 Y108.931 E3540.03083
G1 X136.028 Y108.716 E3540.04193
G1 X135.819 Y108.632 E3540.05279
G1 X135.61 Y108.718 E3540.06369
G1 X135.546 Y108.814 E3540.06926
G1 X135.547 Y109.043 E3540.0803
G1 X135.705 Y109.201 E3540.09108
G0 F9000 X135.514 Y109.663
;TYPE:WALL-OUTER
G1 F600 X135.819 Y109.723 E3540.10141
G1 X136.126 Y109.663 E3540.11182
G1 X136.382 Y109.492 E3540.12206
G1 X136.55 Y109.234 E3540.1323
G1 X136.614 Y108.929 E3540.14266
G1 X136.552 Y108.623 E3540.15305
G1 X136.383 Y108.364 E3540.16333
G1 X136.126 Y108.193 E3540.1736
G1 X135.819 Y108.132 E3540.18401
G1 X135.515 Y108.193 E3540.19432
G1 X135.257 Y108.365 E3540.20464
G1 X135.085 Y108.623 E3540.21495
G1 X135.025 Y108.929 E3540.22532
G1 X135.085 Y109.234 E3540.23566
G1 X135.257 Y109.491 E3540.24595
G1 X135.514 Y109.663 E3540.25623
G1 F2700 E3535.25623
G0 F9000 X135.793 Y108.999
G0 X136.34 Y108.712
G0 X137.412 Y108.5
G0 X157.23 Y104.363
G0 X158.301 Y104.146
G0 X158.795 Y103.997
G0 X158.705 Y104.201
;TYPE:WALL-INNER
G1 F2700 E3540.25623
G1 F413.8 X158.935 Y104.201 E3540.26732
G1 X159.027 Y104.139 E3540.27267
G1 X159.11 Y103.931 E3540.28347
G1 X159.028 Y103.716 E3540.29457
G1 X158.819 Y103.632 E3540.30544
G1 X158.61 Y103.718 E3540.31633
G1 X158.546 Y103.814 E3540.3219
G1 X158.547 Y104.043 E3540.33294
G1 X158.705 Y104.201 E3540.34372
G0 F9000 X158.514 Y104.663
;TYPE:WALL-OUTER
G1 F600 X158.819 Y104.723 E3540.35406
G1 X159.126 Y104.663 E3540.36446
G1 X159.382 Y104.492 E3540.3747
G1 X159.55 Y104.234 E3540.38494
G1 X159.614 Y103.929 E3540.39531
G1 X159.552 Y103.623 E3540.40569
G1 X159.383 Y103.364 E3540.41598
G1 X159.126 Y103.193 E3540.42624
G1 X158.819 Y103.132 E3540.43665
G1 X158.515 Y103.193 E3540.44697
G1 X158.257 Y103.365 E3540.45728
G1 X158.085 Y103.623 E3540.46759
G1 X158.025 Y103.929 E3540.47797
G1 X158.085 Y104.234 E3540.4883
G1 X158.257 Y104.491 E3540.49859
G1 X158.514 Y104.663 E3540.50888
G1 F2700 E3535.50888
;MESH:Supporto.stl
G0 F9000 X158.793 Y103.999
G0 X158.422 Y104.326
G0 X157.512 Y104.932
G0 X128.399 Y134.279
G0 X127.489 Y134.886
G0 X127.088 Y135.355
G0 X127.087 Y135.578
;TYPE:WALL-INNER
G1 F2700 E3540.50888
G1 F415.9 X127.296 Y135.492 E3540.51972
G1 X127.36 Y135.396 E3540.52525
G1 X127.364 Y135.166 E3540.53629
G1 X127.301 Y135.074 E3540.54164
G1 X127.087 Y134.988 E3540.55271
G1 X126.878 Y135.075 E3540.56357
G1 X126.792 Y135.283 E3540.57437
G1 X126.88 Y135.493 E3540.58529
G1 X127.087 Y135.578 E3540.59603
G0 F9000 X127.087 Y136.076
;TYPE:WALL-OUTER
G1 F600 X127.393 Y136.015 E3540.6064
G1 X127.65 Y135.843 E3540.61669
G1 X127.822 Y135.586 E3540.62697
G1 X127.883 Y135.281 E3540.63732
G1 X127.823 Y134.975 E3540.64769
G1 X127.652 Y134.721 E3540.65788
G1 X127.393 Y134.55 E3540.6682
G1 X127.087 Y134.486 E3540.6786
G1 X126.783 Y134.55 E3540.68893
G1 X126.525 Y134.721 E3540.69922
G1 X126.357 Y134.976 E3540.70938
G1 X126.293 Y135.281 E3540.71975
G1 X126.357 Y135.586 E3540.73011
G1 X126.526 Y135.844 E3540.74037
G1 X126.782 Y136.015 E3540.75061
G1 X127.087 Y136.076 E3540.76095
G1 F2700 E3535.76095
G0 F9000 X127.088 Y135.357
G0 X126.571 Y135.5
G0 X125.5 Y135.717
G0 X105.682 Y139.854
G0 X104.61 Y140.066
G0 X104.088 Y140.355
G0 X104.087 Y140.578
;TYPE:WALL-INNER
G1 F2700 E3540.76095
G1 F415.9 X104.296 Y140.492 E3540.7718
G1 X104.36 Y140.396 E3540.77733
G1 X104.364 Y140.166 E3540.78837
G1 X104.301 Y140.074 E3540.79372
G1 X104.087 Y139.988 E3540.80478
G1 X103.878 Y140.075 E3540.81564
G1 X103.792 Y140.283 E3540.82644
G1 X103.88 Y140.493 E3540.83737
G1 X104.087 Y140.578 E3540.8481
G0 F9000 X104.087 Y141.076
;TYPE:WALL-OUTER
G1 F600 X104.393 Y141.015 E3540.85848
G1 X104.65 Y140.843 E3540.86877
G1 X104.822 Y140.586 E3540.87905
G1 X104.883 Y140.281 E3540.8894
G1 X104.823 Y139.975 E3540.89977
G1 X104.652 Y139.721 E3540.90995
G1 X104.393 Y139.55 E3540.92028
G1 X104.087 Y139.486 E3540.93067
G1 X103.783 Y139.55 E3540.94101
G1 X103.525 Y139.721 E3540.9513
G1 X103.357 Y139.976 E3540.96146
G1 X103.293 Y140.281 E3540.97182
G1 X103.357 Y140.586 E3540.98219
G1 X103.526 Y140.844 E3540.99245
G1 X103.782 Y141.015 E3541.00269
G1 X104.087 Y141.076 E3541.01303
G1 F2700 E3536.01303
;MESH:NONMESH
G0 F300 X104.087 Y141.076 Z5.6
G0 F9000 X104.088 Y140.357
G0 X103.692 Y139.886
G0 X102.781 Y139.281
G0 X73.307 Y110.271
G0 X72.396 Y109.663
G0 X72 Y109.337
G0 X71.996 Y109.561
;TIME_ELAPSED:4910.412603
;LAYER:27
;note -- min layer time used
;TYPE:WALL-INNER
;MESH:Supporto.stl(1)
G1 F2700 E3541.01303
G1 F414.5 X72.207 Y109.469 E3541.02411
G1 X72.294 Y109.261 E3541.03497
G1 X72.271 Y109.148 E3541.04052
G1 X72.112 Y108.989 E3541.05135
G1 X71.883 Y108.992 E3541.06237
G1 X71.721 Y109.152 E3541.07333
G1 X71.721 Y109.376 E3541.08412
G1 X71.883 Y109.539 E3541.09518
G1 X71.996 Y109.561 E3541.10072
G0 F9000 X72.302 Y109.998
;TYPE:WALL-OUTER
G1 F600 X72.559 Y109.826 E3541.11101
G1 X72.731 Y109.568 E3541.12132
G1 X72.795 Y109.263 E3541.13169
G1 X72.731 Y108.958 E3541.14205
G1 X72.559 Y108.701 E3541.15234
G1 X72.302 Y108.529 E3541.16262
G1 X71.996 Y108.469 E3541.173
G1 X71.691 Y108.53 E3541.18334
G1 X71.436 Y108.702 E3541.19357
G1 X71.261 Y108.959 E3541.20391
G1 X71.2 Y109.264 E3541.21426
G1 X71.261 Y109.569 E3541.2246
G1 X71.436 Y109.827 E3541.23497
G1 X71.691 Y109.999 E3541.2452
G1 X71.996 Y110.06 E3541.25555
G1 X72.302 Y109.998 E3541.26593
G1 F2700 E3536.26593
G0 F9000 X72.028 Y109.334
G0 X72.519 Y109.051
G0 X73.592 Y108.839
G0 X93.406 Y104.693
G0 X94.479 Y104.481
G0 X95 Y104.337
G0 X94.996 Y104.561
;TYPE:WALL-INNER
G1 F2700 E3541.26593
G1 F414.5 X95.207 Y104.469 E3541.27701
G1 X95.294 Y104.261 E3541.28787
G1 X95.271 Y104.148 E3541.29342
G1 X95.112 Y103.989 E3541.30425
G1 X94.883 Y103.992 E3541.31527
G1 X94.721 Y104.152 E3541.32623
G1 X94.721 Y104.376 E3541.33702
G1 X94.883 Y104.539 E3541.34808
G1 X94.996 Y104.561 E3541.35363
G0 F9000 X95.302 Y104.998
;TYPE:WALL-OUTER
G1 F600 X95.559 Y104.826 E3541.36391
G1 X95.731 Y104.568 E3541.37422
G1 X95.795 Y104.263 E3541.38459
G1 X95.731 Y103.958 E3541.39495
G1 X95.559 Y103.701 E3541.40524
G1 X95.302 Y103.529 E3541.41553
G1 X94.996 Y103.469 E3541.4259
G1 X94.691 Y103.53 E3541.43624
G1 X94.436 Y103.702 E3541.44647
G1 X94.261 Y103.959 E3541.45681
G1 X94.2 Y104.264 E3541.46716
G1 X94.261 Y104.569 E3541.4775
G1 X94.436 Y104.827 E3541.48787
G1 X94.691 Y104.999 E3541.4981
G1 X94.996 Y105.06 E3541.50845
G1 X95.302 Y104.998 E3541.51883
G1 F2700 E3536.51883
;MESH:TracciaSopra.stl
G0 F9000 X95.028 Y104.334
G0 X95.214 Y103.746
G0 X95.425 Y102.672
G0 X103.056 Y80.207
G0 X103.267 Y79.133
G0 X103.483 Y78.684
G0 X103.48 Y78.908
;TYPE:WALL-INNER
G1 F2700 E3541.51883
G1 F413.1 X103.69 Y78.822 E3541.5298
G1 X103.776 Y78.612 E3541.54076
G1 X103.69 Y78.402 E3541.55172
G1 X103.48 Y78.316 E3541.56269
G1 X103.27 Y78.402 E3541.57365
G1 X103.184 Y78.612 E3541.58461
G1 X103.27 Y78.822 E3541.59557
G1 X103.48 Y78.908 E3541.60654
G0 F9000 X103.48 Y79.408
;TYPE:WALL-OUTER
G1 F600 X103.786 Y79.347 E3541.61691
G1 X104.043 Y79.175 E3541.6272
G1 X104.215 Y78.918 E3541.63749
G1 X104.276 Y78.612 E3541.64786
G1 X104.215 Y78.306 E3541.65824
G1 X104.043 Y78.049 E3541.66853
G1 X103.786 Y77.877 E3541.67881
G1 X103.48 Y77.816 E3541.68919
G1 X103.174 Y77.877 E3541.69957
G1 X102.917 Y78.049 E3541.70985
G1 X102.745 Y78.306 E3541.72014
G1 X102.684 Y78.612 E3541.73052
G1 X102.745 Y78.918 E3541.7409
G1 X102.917 Y79.175 E3541.75118
G1 X103.174 Y79.347 E3541.76147
G1 X103.48 Y79.408 E3541.77184
G1 F2700 E3536.77184
G0 F9000 X103.482 Y78.687
G0 X104.002 Y78.398
G0 X105.075 Y78.186
G0 X124.889 Y74.04
G0 X125.962 Y73.828
G0 X126.483 Y73.684
G0 X126.48 Y73.908
;TYPE:WALL-INNER
G1 F2700 E3541.77184
G1 F413.1 X126.69 Y73.822 E3541.78281
G1 X126.776 Y73.612 E3541.79377
G1 X126.69 Y73.402 E3541.80473
G1 X126.48 Y73.316 E3541.8157
G1 X126.27 Y73.402 E3541.82666
G1 X126.184 Y73.612 E3541.83762
G1 X126.27 Y73.822 E3541.84858
G1 X126.48 Y73.908 E3541.85955
G0 F9000 X126.48 Y74.408
;TYPE:WALL-OUTER
G1 F600 X126.786 Y74.347 E3541.86993
G1 X127.043 Y74.175 E3541.88021
G1 X127.215 Y73.918 E3541.8905
G1 X127.276 Y73.612 E3541.90087
G1 X127.215 Y73.306 E3541.91125
G1 X127.043 Y73.049 E3541.92154
G1 X126.786 Y72.877 E3541.93182
G1 X126.48 Y72.816 E3541.9422
G1 X126.174 Y72.877 E3541.95258
G1 X125.917 Y73.049 E3541.96286
G1 X125.745 Y73.306 E3541.97315
G1 X125.684 Y73.612 E3541.98353
G1 X125.745 Y73.918 E3541.99391
G1 X125.917 Y74.175 E3542.00419
G1 X126.174 Y74.347 E3542.01448
G1 X126.48 Y74.408 E3542.02486
G1 F2700 E3537.02486
;MESH:TracciaSotto.stl
G0 F9000 X126.482 Y73.687
G0 X126.697 Y74.133
G0 X126.909 Y75.206
G0 X135.394 Y107.336
G0 X135.606 Y108.409
G0 X135.795 Y108.997
G0 X135.705 Y109.201
;TYPE:WALL-INNER
G1 F2700 E3542.02486
G1 F413.8 X135.935 Y109.201 E3542.03595
G1 X136.027 Y109.139 E3542.0413
G1 X136.11 Y108.931 E3542.0521
G1 X136.028 Y108.716 E3542.0632
G1 X135.819 Y108.632 E3542.07406
G1 X135.61 Y108.718 E3542.08496
G1 X135.546 Y108.814 E3542.09052
G1 X135.547 Y109.043 E3542.10157
G1 X135.705 Y109.201 E3542.11234
G0 F9000 X135.514 Y109.663
;TYPE:WALL-OUTER
G1 F600 X135.819 Y109.723 E3542.12268
G1 X136.126 Y109.663 E3542.13309
G1 X136.382 Y109.492 E3542.14333
G1 X136.55 Y109.234 E3542.15357
G1 X136.614 Y108.929 E3542.16393
G1 X136.552 Y108.623 E3542.17431
G1 X136.383 Y108.364 E3542.1846
G1 X136.126 Y108.193 E3542.19487
G1 X135.819 Y108.132 E3542.20528
G1 X135.515 Y108.193 E3542.21559
G1 X135.257 Y108.365 E3542.2259
G1 X135.085 Y108.623 E3542.23622
G1 X135.025 Y108.929 E3542.24659
G1 X135.085 Y109.234 E3542.25693
G1 X135.257 Y109.491 E3542.26721
G1 X135.514 Y109.663 E3542.2775
G1 F2700 E3537.2775
G0 F9000 X135.793 Y108.999
G0 X136.34 Y108.712
G0 X137.412 Y108.5
G0 X157.23 Y104.363
G0 X158.301 Y104.146
G0 X158.795 Y103.997
G0 X158.705 Y104.201
;TYPE:WALL-INNER
G1 F2700 E3542.2775
G1 F413.8 X158.935 Y104.201 E3542.28859
G1 X159.027 Y104.139 E3542.29394
G1 X159.11 Y103.931 E3542.30474
G1 X159.028 Y103.716 E3542.31584
G1 X158.819 Y103.632 E3542.3267
G1 X158.61 Y103.718 E3542.3376
G1 X158.546 Y103.814 E3542.34317
G1 X158.547 Y104.043 E3542.35421
G1 X158.705 Y104.201 E3542.36499
G0 F9000 X158.514 Y104.663
;TYPE:WALL-OUTER
G1 F600 X158.819 Y104.723 E3542.37533
G1 X159.126 Y104.663 E3542.38573
G1 X159.382 Y104.492 E3542.39597
G1 X159.55 Y104.234 E3542.40621
G1 X159.614 Y103.929 E3542.41657
G1 X159.552 Y103.623 E3542.42696
G1 X159.383 Y103.364 E3542.43724
G1 X159.126 Y103.193 E3542.44751
G1 X158.819 Y103.132 E3542.45792
G1 X158.515 Y103.193 E3542.46823
G1 X158.257 Y103.365 E3542.47855
G1 X158.085 Y103.623 E3542.48886
G1 X158.025 Y103.929 E3542.49923
G1 X158.085 Y104.234 E3542.50957
G1 X158.257 Y104.491 E3542.51986
G1 X158.514 Y104.663 E3542.53014
G1 F2700 E3537.53014
;MESH:Supporto.stl
G0 F9000 X158.793 Y103.999
G0 X158.422 Y104.326
G0 X157.512 Y104.932
G0 X128.399 Y134.279
G0 X127.489 Y134.886
G0 X127.088 Y135.355
G0 X127.087 Y135.578
;TYPE:WALL-INNER
G1 F2700 E3542.53014
G1 F415.9 X127.296 Y135.492 E3542.54099
G1 X127.36 Y135.396 E3542.54652
G1 X127.364 Y135.166 E3542.55756
G1 X127.301 Y135.074 E3542.56291
G1 X127.087 Y134.988 E3542.57397
G1 X126.878 Y135.075 E3542.58483
G1 X126.792 Y135.283 E3542.59563
G1 X126.88 Y135.493 E3542.60656
G1 X127.087 Y135.578 E3542.61729
G0 F9000 X127.087 Y136.076
;TYPE:WALL-OUTER
G1 F600 X127.393 Y136.015 E3542.62767
G1 X127.65 Y135.843 E3542.63796
G1 X127.822 Y135.586 E3542.64824
G1 X127.883 Y135.281 E3542.65859
G1 X127.823 Y134.975 E3542.66896
G1 X127.652 Y134.721 E3542.67914
G1 X127.393 Y134.55 E3542.68947
G1 X127.087 Y134.486 E3542.69986
G1 X126.783 Y134.55 E3542.7102
G1 X126.525 Y134.721 E3542.72049
G1 X126.357 Y134.976 E3542.73065
G1 X126.293 Y135.281 E3542.74101
G1 X126.357 Y135.586 E3542.75138
G1 X126.526 Y135.844 E3542.76164
G1 X126.782 Y136.015 E3542.77188
G1 X127.087 Y136.076 E3542.78222
G1 F2700 E3537.78222
G0 F9000 X127.088 Y135.357
G0 X126.571 Y135.5
G0 X125.5 Y135.717
G0 X105.682 Y139.854
G0 X104.61 Y140.066
G0 X104.088 Y140.355
G0 X104.087 Y140.578
;TYPE:WALL-INNER
G1 F2700 E3542.78222
G1 F415.9 X104.296 Y140.492 E3542.79306
G1 X104.36 Y140.396 E3542.7986
G1 X104.364 Y140.166 E3542.80964
G1 X104.301 Y140.074 E3542.81499
G1 X104.087 Y139.988 E3542.82605
G1 X103.878 Y140.075 E3542.83691
G1 X103.792 Y140.283 E3542.84771
G1 X103.88 Y140.493 E3542.85864
G1 X104.087 Y140.578 E3542.86937
G0 F9000 X104.087 Y141.076
;TYPE:WALL-OUTER
G1 F600 X104.393 Y141.015 E3542.87975
G1 X104.65 Y140.843 E3542.89003
G1 X104.822 Y140.586 E3542.90032
G1 X104.883 Y140.281 E3542.91067
G1 X104.823 Y139.975 E3542.92104
G1 X104.652 Y139.721 E3542.93122
G1 X104.393 Y139.55 E3542.94154
G1 X104.087 Y139.486 E3542.95194
G1 X103.783 Y139.55 E3542.96227
G1 X103.525 Y139.721 E3542.97257
G1 X103.357 Y139.976 E3542.98273
G1 X103.293 Y140.281 E3542.99309
G1 X103.357 Y140.586 E3543.00346
G1 X103.526 Y140.844 E3543.01371
G1 X103.782 Y141.015 E3543.02395
G1 X104.087 Y141.076 E3543.0343
G1 F2700 E3538.0343
;MESH:NONMESH
G0 F300 X104.087 Y141.076 Z5.8
G0 F9000 X104.088 Y140.357
G0 X103.692 Y139.886
G0 X102.781 Y139.281
G0 X73.307 Y110.271
G0 X72.396 Y109.663
G0 X72 Y109.337
G0 X71.996 Y109.561
;TIME_ELAPSED:4924.320034
;LAYER:28
;note -- min layer time used
;TYPE:WALL-INNER
;MESH:Supporto.stl(1)
G1 F2700 E3543.0343
G1 F414.5 X72.207 Y109.469 E3543.04538
G1 X72.294 Y109.261 E3543.05624
G1 X72.271 Y109.148 E3543.06179
G1 X72.112 Y108.989 E3543.07261
G1 X71.883 Y108.992 E3543.08364
G1 X71.721 Y109.152 E3543.0946
G1 X71.721 Y109.376 E3543.10539
G1 X71.883 Y109.539 E3543.11645
G1 X71.996 Y109.561 E3543.12199
G0 F9000 X72.302 Y109.998
;TYPE:WALL-OUTER
G1 F600 X72.559 Y109.826 E3543.13228
G1 X72.731 Y109.568 E3543.14259
G1 X72.795 Y109.263 E3543.15296
G1 X72.731 Y108.958 E3543.16332
G1 X72.559 Y108.701 E3543.17361
G1 X72.302 Y108.529 E3543.18389
G1 X71.996 Y108.469 E3543.19426
G1 X71.691 Y108.53 E3543.20461
G1 X71.436 Y108.702 E3543.21484
G1 X71.261 Y108.959 E3543.22518
G1 X71.2 Y109.264 E3543.23553
G1 X71.261 Y109.569 E3543.24587
G1 X71.436 Y109.827 E3543.25624
G1 X71.691 Y109.999 E3543.26647
G1 X71.996 Y110.06 E3543.27682
G1 X72.302 Y109.998 E3543.2872
G1 F2700 E3538.2872
G0 F9000 X72.028 Y109.334
G0 X72.519 Y109.051
G0 X73.592 Y108.839
G0 X93.406 Y104.693
G0 X94.479 Y104.481
G0 X95 Y104.337
G0 X94.996 Y104.561
;TYPE:WALL-INNER
G1 F2700 E3543.2872
G1 F414.5 X95.207 Y104.469 E3543.29828
G1 X95.294 Y104.261 E3543.30914
G1 X95.271 Y104.148 E3543.31469
G1 X95.112 Y103.989 E3543.32551
G1 X94.883 Y103.992 E3543.33654
G1 X94.721 Y104.152 E3543.3475
G1 X94.721 Y104.376 E3543.35829
G1 X94.883 Y104.539 E3543.36935
G1 X94.996 Y104.561 E3543.37489
G0 F9000 X95.302 Y104.998
;TYPE:WALL-OUTER
G1 F600 X95.559 Y104.826 E3543.38518
G1 X95.731 Y104.568 E3543.39549
G1 X95.795 Y104.263 E3543.40586
G1 X95.731 Y103.958 E3543.41622
G1 X95.559 Y103.701 E3543.42651
G1 X95.302 Y103.529 E3543.43679
G1 X94.996 Y103.469 E3543.44716
G1 X94.691 Y103.53 E3543.45751
G1 X94.436 Y103.702 E3543.46774
G1 X94.261 Y103.959 E3543.47808
G1 X94.2 Y104.264 E3543.48843
G1 X94.261 Y104.569 E3543.49877
G1 X94.436 Y104.827 E3543.50914
G1 X94.691 Y104.999 E3543.51937
G1 X94.996 Y105.06 E3543.52972
G1 X95.302 Y104.998 E3543.5401
G1 F2700 E3538.5401
;MESH:TracciaSopra.stl
G0 F9000 X95.028 Y104.334
G0 X95.214 Y103.746
G0 X95.425 Y102.672
G0 X103.056 Y80.207
G0 X103.267 Y79.133
G0 X103.483 Y78.684
G0 X103.48 Y78.908
;TYPE:WALL-INNER
G1 F2700 E3543.5401
G1 F413.1 X103.69 Y78.822 E3543.55106
G1 X103.776 Y78.612 E3543.56203
G1 X103.69 Y78.402 E3543.57299
G1 X103.48 Y78.316 E3543.58395
G1 X103.27 Y78.402 E3543.59492
G1 X103.184 Y78.612 E3543.60588
G1 X103.27 Y78.822 E3543.61684
G1 X103.48 Y78.908 E3543.6278
G0 F9000 X103.48 Y79.408
;TYPE:WALL-OUTER
G1 F600 X103.786 Y79.347 E3543.63818
G1 X104.043 Y79.175 E3543.64847
G1 X104.215 Y78.918 E3543.65875
G1 X104.276 Y78.612 E3543.66913
G1 X104.215 Y78.306 E3543.67951
G1 X104.043 Y78.049 E3543.68979
G1 X103.786 Y77.877 E3543.70008
G1 X103.48 Y77.816 E3543.71046
G1 X103.174 Y77.877 E3543.72084
G1 X102.917 Y78.049 E3543.73112
G1 X102.745 Y78.306 E3543.74141
G1 X102.684 Y78.612 E3543.75178
G1 X102.745 Y78.918 E3543.76216
G1 X102.917 Y79.175 E3543.77245
G1 X103.174 Y79.347 E3543.78273
G1 X103.48 Y79.408 E3543.79311
G1 F2700 E3538.79311
G0 F9000 X103.482 Y78.687
G0 X104.002 Y78.398
G0 X105.075 Y78.186
G0 X124.889 Y74.04
G0 X125.962 Y73.828
G0 X126.483 Y73.684
G0 X126.48 Y73.908
;TYPE:WALL-INNER
G1 F2700 E3543.79311
G1 F413.1 X126.69 Y73.822 E3543.80407
G1 X126.776 Y73.612 E3543.81504
G1 X126.69 Y73.402 E3543.826
G1 X126.48 Y73.316 E3543.83696
G1 X126.27 Y73.402 E3543.84793
G1 X126.184 Y73.612 E3543.85889
G1 X126.27 Y73.822 E3543.86985
G1 X126.48 Y73.908 E3543.88082
G0 F9000 X126.48 Y74.408
;TYPE:WALL-OUTER
G1 F600 X126.786 Y74.347 E3543.89119
G1 X127.043 Y74.175 E3543.90148
G1 X127.215 Y73.918 E3543.91176
G1 X127.276 Y73.612 E3543.92214
G1 X127.215 Y73.306 E3543.93252
G1 X127.043 Y73.049 E3543.94281
G1 X126.786 Y72.877 E3543.95309
G1 X126.48 Y72.816 E3543.96347
G1 X126.174 Y72.877 E3543.97385
G1 X125.917 Y73.049 E3543.98413
G1 X125.745 Y73.306 E3543.99442
G1 X125.684 Y73.612 E3544.0048
G1 X125.745 Y73.918 E3544.01517
G1 X125.917 Y74.175 E3544.02546
G1 X126.174 Y74.347 E3544.03574
G1 X126.48 Y74.408 E3544.04612
G1 F2700 E3539.04612
;MESH:TracciaSotto.stl
G0 F9000 X126.482 Y73.687
G0 X126.697 Y74.133
G0 X126.909 Y75.206
G0 X135.394 Y107.336
G0 X135.606 Y108.409
G0 X135.795 Y108.997
G0 X135.705 Y109.201
;TYPE:WALL-INNER
G1 F2700 E3544.04612
G1 F413.8 X135.935 Y109.201 E3544.05721
G1 X136.027 Y109.139 E3544.06257
G1 X136.11 Y108.931 E3544.07337
G1 X136.028 Y108.716 E3544.08446
G1 X135.819 Y108.632 E3544.09533
G1 X135.61 Y108.718 E3544.10623
G1 X135.546 Y108.814 E3544.11179
G1 X135.547 Y109.043 E3544.12283
G1 X135.705 Y109.201 E3544.13361
G0 F9000 X135.514 Y109.663
;TYPE:WALL-OUTER
G1 F600 X135.819 Y109.723 E3544.14395
G1 X136.126 Y109.663 E3544.15435
G1 X136.382 Y109.492 E3544.16459
G1 X136.55 Y109.234 E3544.17483
G1 X136.614 Y108.929 E3544.1852
G1 X136.552 Y108.623 E3544.19558
G1 X136.383 Y108.364 E3544.20587
G1 X136.126 Y108.193 E3544.21614
G1 X135.819 Y108.132 E3544.22655
G1 X135.515 Y108.193 E3544.23686
G1 X135.257 Y108.365 E3544.24717
G1 X135.085 Y108.623 E3544.25748
G1 X135.025 Y108.929 E3544.26786
G1 X135.085 Y109.234 E3544.27819
G1 X135.257 Y109.491 E3544.28848
G1 X135.514 Y109.663 E3544.29877
G1 F2700 E3539.29877
G0 F9000 X135.793 Y108.999
G0 X136.34 Y108.712
G0 X137.412 Y108.5
G0 X157.23 Y104.363
G0 X158.301 Y104.146
G0 X158.795 Y103.997
G0 X158.705 Y104.201
;TYPE:WALL-INNER
G1 F2700 E3544.29877
G1 F413.8 X158.935 Y104.201 E3544.30986
G1 X159.027 Y104.139 E3544.31521
G1 X159.11 Y103.931 E3544.32601
G1 X159.028 Y103.716 E3544.33711
G1 X158.819 Y103.632 E3544.34797
G1 X158.61 Y103.718 E3544.35887
G1 X158.546 Y103.814 E3544.36443
G1 X158.547 Y104.043 E3544.37548
G1 X158.705 Y104.201 E3544.38625
G0 F9000 X158.514 Y104.663
;TYPE:WALL-OUTER
G1 F600 X158.819 Y104.723 E3544.39659
G1 X159.126 Y104.663 E3544.407
G1 X159.382 Y104.492 E3544.41724
G1 X159.55 Y104.234 E3544.42748
G1 X159.614 Y103.929 E3544.43784
G1 X159.552 Y103.623 E3544.44823
G1 X159.383 Y103.364 E3544.45851
G1 X159.126 Y103.193 E3544.46878
G1 X158.819 Y103.132 E3544.47919
G1 X158.515 Y103.193 E3544.4895
G1 X158.257 Y103.365 E3544.49982
G1 X158.085 Y103.623 E3544.51013
G1 X158.025 Y103.929 E3544.5205
G1 X158.085 Y104.234 E3544.53084
G1 X158.257 Y104.491 E3544.54112
G1 X158.514 Y104.663 E3544.55141
G1 F2700 E3539.55141
;MESH:Supporto.stl
G0 F9000 X158.793 Y103.999
G0 X158.422 Y104.326
G0 X157.512 Y104.932
G0 X128.399 Y134.279
G0 X127.489 Y134.886
G0 X127.088 Y135.355
G0 X127.087 Y135.578
;TYPE:WALL-INNER
G1 F2700 E3544.55141
G1 F415.9 X127.296 Y135.492 E3544.56225
G1 X127.36 Y135.396 E3544.56779
G1 X127.364 Y135.166 E3544.57882
G1 X127.301 Y135.074 E3544.58417
G1 X127.087 Y134.988 E3544.59524
G1 X126.878 Y135.075 E3544.6061
G1 X126.792 Y135.283 E3544.6169
G1 X126.88 Y135.493 E3544.62782
G1 X127.087 Y135.578 E3544.63856
G0 F9000 X127.087 Y136.076
;TYPE:WALL-OUTER
G1 F600 X127.393 Y136.015 E3544.64894
G1 X127.65 Y135.843 E3544.65922
G1 X127.822 Y135.586 E3544.66951
G1 X127.883 Y135.281 E3544.67985
G1 X127.823 Y134.975 E3544.69023
G1 X127.652 Y134.721 E3544.70041
G1 X127.393 Y134.55 E3544.71073
G1 X127.087 Y134.486 E3544.72113
G1 X126.783 Y134.55 E3544.73146
G1 X126.525 Y134.721 E3544.74176
G1 X126.357 Y134.976 E3544.75191
G1 X126.293 Y135.281 E3544.76228
G1 X126.357 Y135.586 E3544.77264
G1 X126.526 Y135.844 E3544.7829
G1 X126.782 Y136.015 E3544.79314
G1 X127.087 Y136.076 E3544.80349
G1 F2700 E3539.80349
G0 F9000 X127.088 Y135.357
G0 X126.571 Y135.5
G0 X125.5 Y135.717
G0 X105.682 Y139.854
G0 X104.61 Y140.066
G0 X104.119 Y140.348
G0 X104.2 Y140.556
;TYPE:WALL-INNER
G1 F2700 E3544.80349
G1 F415.9 X104.36 Y140.396 E3544.81434
G1 X104.364 Y140.166 E3544.82538
G1 X104.301 Y140.074 E3544.83073
G1 X104.087 Y139.988 E3544.8418
G1 X103.878 Y140.075 E3544.85266
G1 X103.792 Y140.283 E3544.86346
G1 X103.88 Y140.493 E3544.87438
G1 X103.973 Y140.555 E3544.87974
G1 X104.2 Y140.556 E3544.89063
G0 F9000 X104.087 Y141.076
;TYPE:WALL-OUTER
G1 F600 X104.393 Y141.015 E3544.90101
G1 X104.65 Y140.843 E3544.9113
G1 X104.822 Y140.586 E3544.92158
G1 X104.883 Y140.281 E3544.93193
G1 X104.823 Y139.975 E3544.9423
G1 X104.652 Y139.721 E3544.95248
G1 X104.393 Y139.55 E3544.96281
G1 X104.087 Y139.486 E3544.9732
G1 X103.783 Y139.55 E3544.98354
G1 X103.525 Y139.721 E3544.99383
G1 X103.357 Y139.976 E3545.00399
G1 X103.293 Y140.281 E3545.01435
G1 X103.357 Y140.586 E3545.02472
G1 X103.526 Y140.844 E3545.03498
G1 X103.782 Y141.015 E3545.04522
G1 X104.087 Y141.076 E3545.05556
G1 F2700 E3540.05556
;MESH:NONMESH
G0 F300 X104.087 Y141.076 Z6
G0 F9000 X104.088 Y140.357
G0 X103.692 Y139.886
G0 X102.781 Y139.281
G0 X73.307 Y110.271
G0 X72.396 Y109.663
G0 X72 Y109.337
G0 X71.996 Y109.561
;TIME_ELAPSED:4938.234640
;LAYER:29
;note -- min layer time used
;TYPE:WALL-INNER
;MESH:Supporto.stl(1)
G1 F2700 E3545.05556
G1 F414.5 X72.207 Y109.469 E3545.06664
G1 X72.294 Y109.261 E3545.0775
G1 X72.271 Y109.148 E3545.08305
G1 X72.112 Y108.989 E3545.09388
G1 X71.883 Y108.992 E3545.1049
G1 X71.721 Y109.152 E3545.11586
G1 X71.721 Y109.376 E3545.12665
G1 X71.883 Y109.539 E3545.13771
G1 X71.996 Y109.561 E3545.14325
G0 F9000 X72.302 Y109.998
;TYPE:WALL-OUTER
G1 F600 X72.559 Y109.826 E3545.15354
G1 X72.731 Y109.568 E3545.16385
G1 X72.795 Y109.263 E3545.17422
G1 X72.731 Y108.958 E3545.18458
G1 X72.559 Y108.701 E3545.19487
G1 X72.302 Y108.529 E3545.20515
G1 X71.996 Y108.469 E3545.21553
G1 X71.691 Y108.53 E3545.22587
G1 X71.436 Y108.702 E3545.2361
G1 X71.261 Y108.959 E3545.24644
G1 X71.2 Y109.264 E3545.25679
G1 X71.261 Y109.569 E3545.26713
G1 X71.436 Y109.827 E3545.2775
G1 X71.691 Y109.999 E3545.28773
G1 X71.996 Y110.06 E3545.29808
G1 X72.302 Y109.998 E3545.30846
G1 F2700 E3540.30846
G0 F9000 X72.028 Y109.334
G0 X72.519 Y109.051
G0 X73.592 Y108.839
G0 X93.406 Y104.693
G0 X94.479 Y104.481
G0 X95 Y104.337
G0 X94.996 Y104.561
;TYPE:WALL-INNER
G1 F2700 E3545.30846
G1 F414.5 X95.207 Y104.469 E3545.31954
G1 X95.294 Y104.261 E3545.3304
G1 X95.271 Y104.148 E3545.33595
G1 X95.112 Y103.989 E3545.34678
G1 X94.883 Y103.992 E3545.3578
G1 X94.721 Y104.152 E3545.36876
G1 X94.721 Y104.376 E3545.37955
G1 X94.883 Y104.539 E3545.39061
G1 X94.996 Y104.561 E3545.39615
G0 F9000 X95.302 Y104.998
;TYPE:WALL-OUTER
G1 F600 X95.559 Y104.826 E3545.40644
G1 X95.731 Y104.568 E3545.41675
G1 X95.795 Y104.263 E3545.42712
G1 X95.731 Y103.958 E3545.43748
G1 X95.559 Y103.701 E3545.44777
G1 X95.302 Y103.529 E3545.45806
G1 X94.996 Y103.469 E3545.46843
G1 X94.691 Y103.53 E3545.47877
G1 X94.436 Y103.702 E3545.489
G1 X94.261 Y103.959 E3545.49934
G1 X94.2 Y104.264 E3545.50969
G1 X94.261 Y104.569 E3545.52003
G1 X94.436 Y104.827 E3545.5304
G1 X94.691 Y104.999 E3545.54063
G1 X94.996 Y105.06 E3545.55098
G1 X95.302 Y104.998 E3545.56136
G1 F2700 E3540.56136
;MESH:TracciaSopra.stl
G0 F9000 X95.028 Y104.334
G0 X95.214 Y103.746
G0 X95.425 Y102.672
G0 X103.056 Y80.207
G0 X103.267 Y79.133
G0 X103.483 Y78.684
G0 X103.48 Y78.908
;TYPE:WALL-INNER
G1 F2700 E3545.56136
G1 F413.1 X103.69 Y78.822 E3545.57233
G1 X103.776 Y78.612 E3545.58329
G1 X103.69 Y78.402 E3545.59425
G1 X103.48 Y78.316 E3545.60521
G1 X103.27 Y78.402 E3545.61618
G1 X103.184 Y78.612 E3545.62714
G1 X103.27 Y78.822 E3545.6381
G1 X103.48 Y78.908 E3545.64907
G0 F9000 X103.48 Y79.408
;TYPE:WALL-OUTER
G1 F600 X103.786 Y79.347 E3545.65944
G1 X104.043 Y79.175 E3545.66973
G1 X104.215 Y78.918 E3545.68002
G1 X104.276 Y78.612 E3545.69039
G1 X104.215 Y78.306 E3545.70077
G1 X104.043 Y78.049 E3545.71106
G1 X103.786 Y77.877 E3545.72134
G1 X103.48 Y77.816 E3545.73172
G1 X103.174 Y77.877 E3545.7421
G1 X102.917 Y78.049 E3545.75238
G1 X102.745 Y78.306 E3545.76267
G1 X102.684 Y78.612 E3545.77305
G1 X102.745 Y78.918 E3545.78342
G1 X102.917 Y79.175 E3545.79371
G1 X103.174 Y79.347 E3545.804
G1 X103.48 Y79.408 E3545.81437
G1 F2700 E3540.81437
G0 F9000 X103.482 Y78.687
G0 X104.002 Y78.398
G0 X105.075 Y78.186
G0 X124.889 Y74.04
G0 X125.962 Y73.828
G0 X126.483 Y73.684
G0 X126.48 Y73.908
;TYPE:WALL-INNER
G1 F2700 E3545.81437
G1 F413.1 X126.69 Y73.822 E3545.82534
G1 X126.776 Y73.612 E3545.8363
G1 X126.69 Y73.402 E3545.84726
G1 X126.48 Y73.316 E3545.85823
G1 X126.27 Y73.402 E3545.86919
G1 X126.184 Y73.612 E3545.88015
G1 X126.27 Y73.822 E3545.89111
G1 X126.48 Y73.908 E3545.90208
G0 F9000 X126.48 Y74.408
;TYPE:WALL-OUTER
G1 F600 X126.786 Y74.347 E3545.91246
G1 X127.043 Y74.175 E3545.92274
G1 X127.215 Y73.918 E3545.93303
G1 X127.276 Y73.612 E3545.9434
G1 X127.215 Y73.306 E3545.95378
G1 X127.043 Y73.049 E3545.96407
G1 X126.786 Y72.877 E3545.97435
G1 X126.48 Y72.816 E3545.98473
G1 X126.174 Y72.877 E3545.99511
G1 X125.917 Y73.049 E3546.00539
G1 X125.745 Y73.306 E3546.01568
G1 X125.684 Y73.612 E3546.02606
G1 X125.745 Y73.918 E3546.03644
G1 X125.917 Y74.175 E3546.04672
G1 X126.174 Y74.347 E3546.05701
G1 X126.48 Y74.408 E3546.06738
G1 F2700 E3541.06738
;MESH:TracciaSotto.stl
G0 F9000 X126.482 Y73.687
G0 X126.697 Y74.133
G0 X126.909 Y75.206
G0 X135.394 Y107.336
G0 X135.606 Y108.409
G0 X135.795 Y108.997
G0 X135.705 Y109.201
;TYPE:WALL-INNER
G1 F2700 E3546.06738
G1 F413.8 X135.935 Y109.201 E3546.07848
G1 X136.027 Y109.139 E3546.08383
G1 X136.11 Y108.931 E3546.09463
G1 X136.028 Y108.716 E3546.10573
G1 X135.819 Y108.632 E3546.11659
G1 X135.61 Y108.718 E3546.12749
G1 X135.546 Y108.814 E3546.13305
G1 X135.547 Y109.043 E3546.1441
G1 X135.705 Y109.201 E3546.15487
G0 F9000 X135.514 Y109.663
;TYPE:WALL-OUTER
G1 F600 X135.819 Y109.723 E3546.16521
G1 X136.126 Y109.663 E3546.17562
G1 X136.382 Y109.492 E3546.18585
G1 X136.55 Y109.234 E3546.19609
G1 X136.614 Y108.929 E3546.20646
G1 X136.552 Y108.623 E3546.21684
G1 X136.383 Y108.364 E3546.22713
G1 X136.126 Y108.193 E3546.2374
G1 X135.819 Y108.132 E3546.24781
G1 X135.515 Y108.193 E3546.25812
G1 X135.257 Y108.365 E3546.26843
G1 X135.085 Y108.623 E3546.27875
G1 X135.025 Y108.929 E3546.28912
G1 X135.085 Y109.234 E3546.29946
G1 X135.257 Y109.491 E3546.30974
G1 X135.514 Y109.663 E3546.32003
G1 F2700 E3541.32003
G0 F9000 X135.793 Y108.999
G0 X136.34 Y108.712
G0 X137.412 Y108.5
G0 X157.23 Y104.363
G0 X158.301 Y104.146
G0 X158.795 Y103.997
G0 X158.705 Y104.201
;TYPE:WALL-INNER
G1 F2700 E3546.32003
G1 F413.8 X158.935 Y104.201 E3546.33112
G1 X159.027 Y104.139 E3546.33647
G1 X159.11 Y103.931 E3546.34727
G1 X159.028 Y103.716 E3546.35837
G1 X158.819 Y103.632 E3546.36923
G1 X158.61 Y103.718 E3546.38013
G1 X158.546 Y103.814 E3546.3857
G1 X158.547 Y104.043 E3546.39674
G1 X158.705 Y104.201 E3546.40752
G0 F9000 X158.514 Y104.663
;TYPE:WALL-OUTER
G1 F600 X158.819 Y104.723 E3546.41785
G1 X159.126 Y104.663 E3546.42826
G1 X159.382 Y104.492 E3546.4385
G1 X159.55 Y104.234 E3546.44874
G1 X159.614 Y103.929 E3546.4591
G1 X159.552 Y103.623 E3546.46949
G1 X159.383 Y103.364 E3546.47977
G1 X159.126 Y103.193 E3546.49004
G1 X158.819 Y103.132 E3546.50045
G1 X158.515 Y103.193 E3546.51076
G1 X158.257 Y103.365 E3546.52108
G1 X158.085 Y103.623 E3546.53139
G1 X158.025 Y103.929 E3546.54176
G1 X158.085 Y104.234 E3546.5521
G1 X158.257 Y104.491 E3546.56239
G1 X158.514 Y104.663 E3546.57267
G1 F2700 E3541.57267
;MESH:Supporto.stl
G0 F9000 X158.793 Y103.999
G0 X158.422 Y104.326
G0 X157.512 Y104.932
G0 X128.399 Y134.279
G0 X127.489 Y134.886
G0 X127.088 Y135.355
G0 X127.087 Y135.578
;TYPE:WALL-INNER
G1 F2700 E3546.57267
G1 F415.9 X127.296 Y135.492 E3546.58351
G1 X127.36 Y135.396 E3546.58905
G1 X127.364 Y135.166 E3546.60009
G1 X127.301 Y135.074 E3546.60544
G1 X127.087 Y134.988 E3546.6165
G1 X126.878 Y135.075 E3546.62736
G1 X126.792 Y135.283 E3546.63816
G1 X126.88 Y135.493 E3546.64909
G1 X127.087 Y135.578 E3546.65982
G0 F9000 X127.087 Y136.076
;TYPE:WALL-OUTER
G1 F600 X127.393 Y136.015 E3546.6702
G1 X127.65 Y135.843 E3546.68049
G1 X127.822 Y135.586 E3546.69077
G1 X127.883 Y135.281 E3546.70112
G1 X127.823 Y134.975 E3546.71149
G1 X127.652 Y134.721 E3546.72167
G1 X127.393 Y134.55 E3546.73199
G1 X127.087 Y134.486 E3546.74239
G1 X126.783 Y134.55 E3546.75273
G1 X126.525 Y134.721 E3546.76302
G1 X126.357 Y134.976 E3546.77318
G1 X126.293 Y135.281 E3546.78354
G1 X126.357 Y135.586 E3546.79391
G1 X126.526 Y135.844 E3546.80417
G1 X126.782 Y136.015 E3546.8144
G1 X127.087 Y136.076 E3546.82475
G1 F2700 E3541.82475
G0 F9000 X127.088 Y135.357
G0 X126.571 Y135.5
G0 X125.5 Y135.717
G0 X105.682 Y139.854
G0 X104.61 Y140.066
G0 X104.088 Y140.355
G0 X104.087 Y140.578
;TYPE:WALL-INNER
G1 F2700 E3546.82475
G1 F415.9 X104.296 Y140.492 E3546.83559
G1 X104.36 Y140.396 E3546.84113
G1 X104.364 Y140.166 E3546.85217
G1 X104.301 Y140.074 E3546.85751
G1 X104.087 Y139.988 E3546.86858
G1 X103.878 Y140.075 E3546.87944
G1 X103.792 Y140.283 E3546.89024
G1 X103.88 Y140.493 E3546.90116
G1 X104.087 Y140.578 E3546.9119
G0 F9000 X104.087 Y141.076
;TYPE:WALL-OUTER
G1 F600 X104.393 Y141.015 E3546.92228
G1 X104.65 Y140.843 E3546.93256
G1 X104.822 Y140.586 E3546.94285
G1 X104.883 Y140.281 E3546.95319
G1 X104.823 Y139.975 E3546.96357
G1 X104.652 Y139.721 E3546.97375
G1 X104.393 Y139.55 E3546.98407
G1 X104.087 Y139.486 E3546.99447
G1 X103.783 Y139.55 E3547.0048
G1 X103.525 Y139.721 E3547.0151
G1 X103.357 Y139.976 E3547.02525
G1 X103.293 Y140.281 E3547.03562
G1 X103.357 Y140.586 E3547.04599
G1 X103.526 Y140.844 E3547.05624
G1 X103.782 Y141.015 E3547.06648
G1 X104.087 Y141.076 E3547.07683
G1 F2700 E3542.07683
;MESH:NONMESH
G0 F300 X104.087 Y141.076 Z6.2
G0 F9000 X104.088 Y140.357
G0 X103.692 Y139.886
G0 X102.781 Y139.281
G0 X73.307 Y110.271
G0 X72.396 Y109.663
G0 X72 Y109.337
G0 X71.996 Y109.561
;TIME_ELAPSED:4952.142071
;LAYER:30
;note -- min layer time used
;TYPE:WALL-INNER
;MESH:Supporto.stl(1)
G1 F2700 E3547.07683
G1 F414.5 X72.207 Y109.469 E3547.08791
G1 X72.294 Y109.261 E3547.09876
G1 X72.271 Y109.148 E3547.10432
G1 X72.112 Y108.989 E3547.11514
G1 X71.883 Y108.992 E3547.12617
G1 X71.721 Y109.152 E3547.13713
G1 X71.721 Y109.376 E3547.14791
G1 X71.883 Y109.539 E3547.15898
G1 X71.996 Y109.561 E3547.16452
G0 F9000 X72.302 Y109.998
;TYPE:WALL-OUTER
G1 F600 X72.559 Y109.826 E3547.17481
G1 X72.731 Y109.568 E3547.18512
G1 X72.795 Y109.263 E3547.19549
G1 X72.731 Y108.958 E3547.20585
G1 X72.559 Y108.701 E3547.21614
G1 X72.302 Y108.529 E3547.22642
G1 X71.996 Y108.469 E3547.23679
G1 X71.691 Y108.53 E3547.24714
G1 X71.436 Y108.702 E3547.25737
G1 X71.261 Y108.959 E3547.26771
G1 X71.2 Y109.264 E3547.27806
G1 X71.261 Y109.569 E3547.2884
G1 X71.436 Y109.827 E3547.29877
G1 X71.691 Y109.999 E3547.309
G1 X71.996 Y110.06 E3547.31934
G1 X72.302 Y109.998 E3547.32973
G1 F2700 E3542.32973
G0 F9000 X72.028 Y109.334
G0 X72.519 Y109.051
G0 X73.592 Y108.839
G0 X93.406 Y104.693
G0 X94.479 Y104.481
G0 X95 Y104.337
G0 X94.996 Y104.561
;TYPE:WALL-INNER
G1 F2700 E3547.32973
G1 F414.5 X95.207 Y104.469 E3547.34081
G1 X95.294 Y104.261 E3547.35167
G1 X95.271 Y104.148 E3547.35722
G1 X95.112 Y103.989 E3547.36804
G1 X94.883 Y103.992 E3547.37907
G1 X94.721 Y104.152 E3547.39003
G1 X94.721 Y104.376 E3547.40082
G1 X94.883 Y104.539 E3547.41188
G1 X94.996 Y104.561 E3547.41742
G0 F9000 X95.302 Y104.998
;TYPE:WALL-OUTER
G1 F600 X95.559 Y104.826 E3547.42771
G1 X95.731 Y104.568 E3547.43802
G1 X95.795 Y104.263 E3547.44839
G1 X95.731 Y103.958 E3547.45875
G1 X95.559 Y103.701 E3547.46904
G1 X95.302 Y103.529 E3547.47932
G1 X94.996 Y103.469 E3547.48969
G1 X94.691 Y103.53 E3547.50004
G1 X94.436 Y103.702 E3547.51027
G1 X94.261 Y103.959 E3547.52061
G1 X94.2 Y104.264 E3547.53096
G1 X94.261 Y104.569 E3547.5413
G1 X94.436 Y104.827 E3547.55167
G1 X94.691 Y104.999 E3547.5619
G1 X94.996 Y105.06 E3547.57225
G1 X95.302 Y104.998 E3547.58263
G1 F2700 E3542.58263
;MESH:TracciaSopra.stl
G0 F9000 X95.028 Y104.334
G0 X95.214 Y103.746
G0 X95.425 Y102.672
G0 X103.056 Y80.207
G0 X103.267 Y79.133
G0 X103.483 Y78.684
G0 X103.48 Y78.908
;TYPE:WALL-INNER
G1 F2700 E3547.58263
G1 F413.1 X103.69 Y78.822 E3547.59359
G1 X103.776 Y78.612 E3547.60456
G1 X103.69 Y78.402 E3547.61552
G1 X103.48 Y78.316 E3547.62648
G1 X103.27 Y78.402 E3547.63744
G1 X103.184 Y78.612 E3547.64841
G1 X103.27 Y78.822 E3547.65937
G1 X103.48 Y78.908 E3547.67033
G0 F9000 X103.48 Y79.408
;TYPE:WALL-OUTER
G1 F600 X103.786 Y79.347 E3547.68071
G1 X104.043 Y79.175 E3547.691
G1 X104.215 Y78.918 E3547.70128
G1 X104.276 Y78.612 E3547.71166
G1 X104.215 Y78.306 E3547.72204
G1 X104.043 Y78.049 E3547.73232
G1 X103.786 Y77.877 E3547.74261
G1 X103.48 Y77.816 E3547.75299
G1 X103.174 Y77.877 E3547.76337
G1 X102.917 Y78.049 E3547.77365
G1 X102.745 Y78.306 E3547.78394
G1 X102.684 Y78.612 E3547.79431
G1 X102.745 Y78.918 E3547.80469
G1 X102.917 Y79.175 E3547.81498
G1 X103.174 Y79.347 E3547.82526
G1 X103.48 Y79.408 E3547.83564
G1 F2700 E3542.83564
G0 F9000 X103.482 Y78.687
G0 X104.002 Y78.398
G0 X105.075 Y78.186
G0 X124.889 Y74.04
G0 X125.962 Y73.828
G0 X126.483 Y73.684
G0 X126.48 Y73.908
;TYPE:WALL-INNER
G1 F2700 E3547.83564
G1 F413.1 X126.69 Y73.822 E3547.8466
G1 X126.776 Y73.612 E3547.85757
G1 X126.69 Y73.402 E3547.86853
G1 X126.48 Y73.316 E3547.87949
G1 X126.27 Y73.402 E3547.89046
G1 X126.184 Y73.612 E3547.90142
G1 X126.27 Y73.822 E3547.91238
G1 X126.48 Y73.908 E3547.92334
G0 F9000 X126.48 Y74.408
;TYPE:WALL-OUTER
G1 F600 X126.786 Y74.347 E3547.93372
G1 X127.043 Y74.175 E3547.94401
G1 X127.215 Y73.918 E3547.95429
G1 X127.276 Y73.612 E3547.96467
G1 X127.215 Y73.306 E3547.97505
G1 X127.043 Y73.049 E3547.98533
G1 X126.786 Y72.877 E3547.99562
G1 X126.48 Y72.816 E3548.006
G1 X126.174 Y72.877 E3548.01638
G1 X125.917 Y73.049 E3548.02666
G1 X125.745 Y73.306 E3548.03695
G1 X125.684 Y73.612 E3548.04732
G1 X125.745 Y73.918 E3548.0577
G1 X125.917 Y74.175 E3548.06799
G1 X126.174 Y74.347 E3548.07827
G1 X126.48 Y74.408 E3548.08865
G1 F2700 E3543.08865
;MESH:TracciaSotto.stl
G0 F9000 X126.482 Y73.687
G0 X126.697 Y74.133
G0 X126.909 Y75.206
G0 X135.394 Y107.336
G0 X135.606 Y108.409
G0 X135.795 Y108.997
G0 X135.705 Y109.201
;TYPE:WALL-INNER
G1 F2700 E3548.08865
G1 F413.8 X135.935 Y109.201 E3548.09974
G1 X136.027 Y109.139 E3548.10509
G1 X136.11 Y108.931 E3548.11589
G1 X136.028 Y108.716 E3548.12699
G1 X135.819 Y108.632 E3548.13786
G1 X135.61 Y108.718 E3548.14875
G1 X135.546 Y108.814 E3548.15432
G1 X135.547 Y109.043 E3548.16536
G1 X135.705 Y109.201 E3548.17614
G0 F9000 X135.514 Y109.663
;TYPE:WALL-OUTER
G1 F600 X135.819 Y109.723 E3548.18648
G1 X136.126 Y109.663 E3548.19688
G1 X136.382 Y109.492 E3548.20712
G1 X136.55 Y109.234 E3548.21736
G1 X136.614 Y108.929 E3548.22773
G1 X136.552 Y108.623 E3548.23811
G1 X136.383 Y108.364 E3548.2484
G1 X136.126 Y108.193 E3548.25866
G1 X135.819 Y108.132 E3548.26908
G1 X135.515 Y108.193 E3548.27939
G1 X135.257 Y108.365 E3548.2897
G1 X135.085 Y108.623 E3548.30001
G1 X135.025 Y108.929 E3548.31039
G1 X135.085 Y109.234 E3548.32072
G1 X135.257 Y109.491 E3548.33101
G1 X135.514 Y109.663 E3548.3413
G1 F2700 E3543.3413
G0 F9000 X135.793 Y108.999
G0 X136.34 Y108.712
G0 X137.412 Y108.5
G0 X157.23 Y104.363
G0 X158.301 Y104.146
G0 X158.795 Y103.997
G0 X158.705 Y104.201
;TYPE:WALL-INNER
G1 F2700 E3548.3413
G1 F413.8 X158.935 Y104.201 E3548.35239
G1 X159.027 Y104.139 E3548.35774
G1 X159.11 Y103.931 E3548.36854
G1 X159.028 Y103.716 E3548.37964
G1 X158.819 Y103.632 E3548.3905
G1 X158.61 Y103.718 E3548.4014
G1 X158.546 Y103.814 E3548.40696
G1 X158.547 Y104.043 E3548.41801
G1 X158.705 Y104.201 E3548.42878
G0 F9000 X158.514 Y104.663
;TYPE:WALL-OUTER
G1 F600 X158.819 Y104.723 E3548.43912
G1 X159.126 Y104.663 E3548.44953
G1 X159.382 Y104.492 E3548.45977
G1 X159.55 Y104.234 E3548.47001
G1 X159.614 Y103.929 E3548.48037
G1 X159.552 Y103.623 E3548.49075
G1 X159.383 Y103.364 E3548.50104
G1 X159.126 Y103.193 E3548.51131
G1 X158.819 Y103.132 E3548.52172
G1 X158.515 Y103.193 E3548.53203
G1 X158.257 Y103.365 E3548.54234
G1 X158.085 Y103.623 E3548.55266
G1 X158.025 Y103.929 E3548.56303
G1 X158.085 Y104.234 E3548.57337
G1 X158.257 Y104.491 E3548.58365
G1 X158.514 Y104.663 E3548.59394
G1 F2700 E3543.59394
;MESH:Supporto.stl
G0 F9000 X158.793 Y103.999
G0 X158.422 Y104.326
G0 X157.512 Y104.932
G0 X128.399 Y134.279
G0 X127.489 Y134.886
G0 X127.088 Y135.355
G0 X127.087 Y135.578
;TYPE:WALL-INNER
G1 F2700 E3548.59394
G1 F415.9 X127.296 Y135.492 E3548.60478
G1 X127.36 Y135.396 E3548.61032
G1 X127.364 Y135.166 E3548.62135
G1 X127.301 Y135.074 E3548.6267
G1 X127.087 Y134.988 E3548.63777
G1 X126.878 Y135.075 E3548.64863
G1 X126.792 Y135.283 E3548.65943
G1 X126.88 Y135.493 E3548.67035
G1 X127.087 Y135.578 E3548.68109
G0 F9000 X127.087 Y136.076
;TYPE:WALL-OUTER
G1 F600 X127.393 Y136.015 E3548.69147
G1 X127.65 Y135.843 E3548.70175
G1 X127.822 Y135.586 E3548.71204
G1 X127.883 Y135.281 E3548.72238
G1 X127.823 Y134.975 E3548.73276
G1 X127.652 Y134.721 E3548.74294
G1 X127.393 Y134.55 E3548.75326
G1 X127.087 Y134.486 E3548.76366
G1 X126.783 Y134.55 E3548.77399
G1 X126.525 Y134.721 E3548.78429
G1 X126.357 Y134.976 E3548.79444
G1 X126.293 Y135.281 E3548.80481
G1 X126.357 Y135.586 E3548.81517
G1 X126.526 Y135.844 E3548.82543
G1 X126.782 Y136.015 E3548.83567
G1 X127.087 Y136.076 E3548.84602
G1 F2700 E3543.84602
G0 F9000 X127.088 Y135.357
G0 X126.571 Y135.5
G0 X125.5 Y135.717
G0 X105.682 Y139.854
G0 X104.61 Y140.066
G0 X104.088 Y140.355
G0 X104.087 Y140.578
;TYPE:WALL-INNER
G1 F2700 E3548.84602
G1 F415.9 X104.296 Y140.492 E3548.85686
G1 X104.36 Y140.396 E3548.8624
G1 X104.364 Y140.166 E3548.87343
G1 X104.301 Y140.074 E3548.87878
G1 X104.087 Y139.988 E3548.88985
G1 X103.878 Y140.075 E3548.90071
G1 X103.792 Y140.283 E3548.91151
G1 X103.88 Y140.493 E3548.92243
G1 X104.087 Y140.578 E3548.93317
G0 F9000 X104.087 Y141.076
;TYPE:WALL-OUTER
G1 F600 X104.393 Y141.015 E3548.94355
G1 X104.65 Y140.843 E3548.95383
G1 X104.822 Y140.586 E3548.96412
G1 X104.883 Y140.281 E3548.97446
G1 X104.823 Y139.975 E3548.98483
G1 X104.652 Y139.721 E3548.99502
G1 X104.393 Y139.55 E3549.00534
G1 X104.087 Y139.486 E3549.01574
G1 X103.783 Y139.55 E3549.02607
G1 X103.525 Y139.721 E3549.03637
G1 X103.357 Y139.976 E3549.04652
G1 X103.293 Y140.281 E3549.05689
G1 X103.357 Y140.586 E3549.06725
G1 X103.526 Y140.844 E3549.07751
G1 X103.782 Y141.015 E3549.08775
G1 X104.087 Y141.076 E3549.0981
G1 F2700 E3544.0981
;MESH:NONMESH
G0 F300 X104.087 Y141.076 Z6.4
G0 F9000 X104.088 Y140.357
G0 X103.692 Y139.886
G0 X102.781 Y139.281
G0 X73.307 Y110.271
G0 X72.396 Y109.663
G0 X72 Y109.337
G0 X71.996 Y109.561
;TIME_ELAPSED:4966.049502
;LAYER:31
;note -- min layer time used
;TYPE:WALL-INNER
;MESH:Supporto.stl(1)
G1 F2700 E3549.0981
G1 F414.5 X72.207 Y109.469 E3549.10918
G1 X72.294 Y109.261 E3549.12003
G1 X72.271 Y109.148 E3549.12558
G1 X72.112 Y108.989 E3549.13641
G1 X71.883 Y108.992 E3549.14744
G1 X71.721 Y109.152 E3549.1584
G1 X71.721 Y109.376 E3549.16918
G1 X71.883 Y109.539 E3549.18025
G1 X71.996 Y109.561 E3549.18579
G0 F9000 X72.302 Y109.998
;TYPE:WALL-OUTER
G1 F600 X72.559 Y109.826 E3549.19607
G1 X72.731 Y109.568 E3549.20639
G1 X72.795 Y109.263 E3549.21675
G1 X72.731 Y108.958 E3549.22712
G1 X72.559 Y108.701 E3549.2374
G1 X72.302 Y108.529 E3549.24769
G1 X71.996 Y108.469 E3549.25806
G1 X71.691 Y108.53 E3549.26841
G1 X71.436 Y108.702 E3549.27864
G1 X71.261 Y108.959 E3549.28898
G1 X71.2 Y109.264 E3549.29932
G1 X71.261 Y109.569 E3549.30967
G1 X71.436 Y109.827 E3549.32004
G1 X71.691 Y109.999 E3549.33027
G1 X71.996 Y110.06 E3549.34061
G1 X72.302 Y109.998 E3549.351
G1 F2700 E3544.351
G0 F9000 X72.028 Y109.334
G0 X72.519 Y109.051
G0 X73.592 Y108.839
G0 X93.406 Y104.693
G0 X94.479 Y104.481
G0 X95 Y104.337
G0 X94.996 Y104.561
;TYPE:WALL-INNER
G1 F2700 E3549.351
G1 F414.5 X95.207 Y104.469 E3549.36208
G1 X95.294 Y104.261 E3549.37293
G1 X95.271 Y104.148 E3549.37848
G1 X95.112 Y103.989 E3549.38931
G1 X94.883 Y103.992 E3549.40034
G1 X94.721 Y104.152 E3549.4113
G1 X94.721 Y104.376 E3549.42208
G1 X94.883 Y104.539 E3549.43315
G1 X94.996 Y104.561 E3549.43869
G0 F9000 X95.302 Y104.998
;TYPE:WALL-OUTER
G1 F600 X95.559 Y104.826 E3549.44897
G1 X95.731 Y104.568 E3549.45929
G1 X95.795 Y104.263 E3549.46965
G1 X95.731 Y103.958 E3549.48002
G1 X95.559 Y103.701 E3549.4903
G1 X95.302 Y103.529 E3549.50059
G1 X94.996 Y103.469 E3549.51096
G1 X94.691 Y103.53 E3549.52131
G1 X94.436 Y103.702 E3549.53154
G1 X94.261 Y103.959 E3549.54188
G1 X94.2 Y104.264 E3549.55222
G1 X94.261 Y104.569 E3549.56257
G1 X94.436 Y104.827 E3549.57294
G1 X94.691 Y104.999 E3549.58317
G1 X94.996 Y105.06 E3549.59351
G1 X95.302 Y104.998 E3549.6039
G1 F2700 E3544.6039
;MESH:TracciaSopra.stl
G0 F9000 X95.028 Y104.334
G0 X95.214 Y103.746
G0 X95.425 Y102.672
G0 X103.056 Y80.207
G0 X103.267 Y79.133
G0 X103.483 Y78.684
G0 X103.48 Y78.908
;TYPE:WALL-INNER
G1 F2700 E3549.6039
G1 F413.1 X103.69 Y78.822 E3549.61486
G1 X103.776 Y78.612 E3549.62582
G1 X103.69 Y78.402 E3549.63679
G1 X103.48 Y78.316 E3549.64775
G1 X103.27 Y78.402 E3549.65871
G1 X103.184 Y78.612 E3549.66968
G1 X103.27 Y78.822 E3549.68064
G1 X103.48 Y78.908 E3549.6916
G0 F9000 X103.48 Y79.408
;TYPE:WALL-OUTER
G1 F600 X103.786 Y79.347 E3549.70198
G1 X104.043 Y79.175 E3549.71226
G1 X104.215 Y78.918 E3549.72255
G1 X104.276 Y78.612 E3549.73293
G1 X104.215 Y78.306 E3549.74331
G1 X104.043 Y78.049 E3549.75359
G1 X103.786 Y77.877 E3549.76388
G1 X103.48 Y77.816 E3549.77425
G1 X103.174 Y77.877 E3549.78463
G1 X102.917 Y78.049 E3549.79492
G1 X102.745 Y78.306 E3549.8052
G1 X102.684 Y78.612 E3549.81558
G1 X102.745 Y78.918 E3549.82596
G1 X102.917 Y79.175 E3549.83624
G1 X103.174 Y79.347 E3549.84653
G1 X103.48 Y79.408 E3549.85691
G1 F2700 E3544.85691
G0 F9000 X103.482 Y78.687
G0 X104.002 Y78.398
G0 X105.075 Y78.186
G0 X124.889 Y74.04
G0 X125.962 Y73.828
G0 X126.483 Y73.684
G0 X126.48 Y73.908
;TYPE:WALL-INNER
G1 F2700 E3549.85691
G1 F413.1 X126.69 Y73.822 E3549.86787
G1 X126.776 Y73.612 E3549.87883
G1 X126.69 Y73.402 E3549.8898
G1 X126.48 Y73.316 E3549.90076
G1 X126.27 Y73.402 E3549.91172
G1 X126.184 Y73.612 E3549.92269
G1 X126.27 Y73.822 E3549.93365
G1 X126.48 Y73.908 E3549.94461
G0 F9000 X126.48 Y74.408
;TYPE:WALL-OUTER
G1 F600 X126.786 Y74.347 E3549.95499
G1 X127.043 Y74.175 E3549.96528
G1 X127.215 Y73.918 E3549.97556
G1 X127.276 Y73.612 E3549.98594
G1 X127.215 Y73.306 E3549.99632
G1 X127.043 Y73.049 E3550.0066
G1 X126.786 Y72.877 E3550.01689
G1 X126.48 Y72.816 E3550.02727
G1 X126.174 Y72.877 E3550.03764
G1 X125.917 Y73.049 E3550.04793
G1 X125.745 Y73.306 E3550.05821
G1 X125.684 Y73.612 E3550.06859
G1 X125.745 Y73.918 E3550.07897
G1 X125.917 Y74.175 E3550.08926
G1 X126.174 Y74.347 E3550.09954
G1 X126.48 Y74.408 E3550.10992
G1 F2700 E3545.10992
;MESH:TracciaSotto.stl
G0 F9000 X126.482 Y73.687
G0 X126.697 Y74.133
G0 X126.909 Y75.206
G0 X135.394 Y107.336
G0 X135.606 Y108.409
G0 X135.795 Y108.997
G0 X135.705 Y109.201
;TYPE:WALL-INNER
G1 F2700 E3550.10992
G1 F413.8 X135.935 Y109.201 E3550.12101
G1 X136.027 Y109.139 E3550.12636
G1 X136.11 Y108.931 E3550.13716
G1 X136.028 Y108.716 E3550.14826
G1 X135.819 Y108.632 E3550.15912
G1 X135.61 Y108.718 E3550.17002
G1 X135.546 Y108.814 E3550.17559
G1 X135.547 Y109.043 E3550.18663
G1 X135.705 Y109.201 E3550.19741
G0 F9000 X135.514 Y109.663
;TYPE:WALL-OUTER
G1 F600 X135.819 Y109.723 E3550.20775
G1 X136.126 Y109.663 E3550.21815
G1 X136.382 Y109.492 E3550.22839
G1 X136.55 Y109.234 E3550.23863
G1 X136.614 Y108.929 E3550.24899
G1 X136.552 Y108.623 E3550.25938
G1 X136.383 Y108.364 E3550.26966
G1 X136.126 Y108.193 E3550.27993
G1 X135.819 Y108.132 E3550.29034
G1 X135.515 Y108.193 E3550.30065
G1 X135.257 Y108.365 E3550.31097
G1 X135.085 Y108.623 E3550.32128
G1 X135.025 Y108.929 E3550.33165
G1 X135.085 Y109.234 E3550.34199
G1 X135.257 Y109.491 E3550.35228
G1 X135.514 Y109.663 E3550.36256
G1 F2700 E3545.36256
G0 F9000 X135.793 Y108.999
G0 X136.34 Y108.712
G0 X137.412 Y108.5
G0 X157.23 Y104.363
G0 X158.301 Y104.146
G0 X158.795 Y103.997
G0 X158.705 Y104.201
;TYPE:WALL-INNER
G1 F2700 E3550.36256
G1 F413.8 X158.935 Y104.201 E3550.37365
G1 X159.027 Y104.139 E3550.37901
G1 X159.11 Y103.931 E3550.38981
G1 X159.028 Y103.716 E3550.4009
G1 X158.819 Y103.632 E3550.41177
G1 X158.61 Y103.718 E3550.42267
G1 X158.546 Y103.814 E3550.42823
G1 X158.547 Y104.043 E3550.43927
G1 X158.705 Y104.201 E3550.45005
G0 F9000 X158.514 Y104.663
;TYPE:WALL-OUTER
G1 F600 X158.819 Y104.723 E3550.46039
G1 X159.126 Y104.663 E3550.47079
G1 X159.382 Y104.492 E3550.48103
G1 X159.55 Y104.234 E3550.49127
G1 X159.614 Y103.929 E3550.50164
G1 X159.552 Y103.623 E3550.51202
G1 X159.383 Y103.364 E3550.52231
G1 X159.126 Y103.193 E3550.53258
G1 X158.819 Y103.132 E3550.54299
G1 X158.515 Y103.193 E3550.5533
G1 X158.257 Y103.365 E3550.56361
G1 X158.085 Y103.623 E3550.57392
G1 X158.025 Y103.929 E3550.5843
G1 X158.085 Y104.234 E3550.59463
G1 X158.257 Y104.491 E3550.60492
G1 X158.514 Y104.663 E3550.61521
G1 F2700 E3545.61521
;MESH:Supporto.stl
G0 F9000 X158.793 Y103.999
G0 X158.422 Y104.326
G0 X157.512 Y104.932
G0 X128.399 Y134.279
G0 X127.489 Y134.886
G0 X127.088 Y135.355
G0 X127.087 Y135.578
;TYPE:WALL-INNER
G1 F2700 E3550.61521
G1 F415.9 X127.296 Y135.492 E3550.62605
G1 X127.36 Y135.396 E3550.63158
G1 X127.364 Y135.166 E3550.64262
G1 X127.301 Y135.074 E3550.64797
G1 X127.087 Y134.988 E3550.65904
G1 X126.878 Y135.075 E3550.6699
G1 X126.792 Y135.283 E3550.6807
G1 X126.88 Y135.493 E3550.69162
G1 X127.087 Y135.578 E3550.70236
G0 F9000 X127.087 Y136.076
;TYPE:WALL-OUTER
G1 F600 X127.393 Y136.015 E3550.71273
G1 X127.65 Y135.843 E3550.72302
G1 X127.822 Y135.586 E3550.73331
G1 X127.883 Y135.281 E3550.74365
G1 X127.823 Y134.975 E3550.75402
G1 X127.652 Y134.721 E3550.76421
G1 X127.393 Y134.55 E3550.77453
G1 X127.087 Y134.486 E3550.78493
G1 X126.783 Y134.55 E3550.79526
G1 X126.525 Y134.721 E3550.80555
G1 X126.357 Y134.976 E3550.81571
G1 X126.293 Y135.281 E3550.82608
G1 X126.357 Y135.586 E3550.83644
G1 X126.526 Y135.844 E3550.8467
G1 X126.782 Y136.015 E3550.85694
G1 X127.087 Y136.076 E3550.86728
G1 F2700 E3545.86728
G0 F9000 X127.088 Y135.357
G0 X126.571 Y135.5
G0 X125.5 Y135.717
G0 X105.682 Y139.854
G0 X104.61 Y140.066
G0 X104.088 Y140.355
G0 X104.087 Y140.578
;TYPE:WALL-INNER
G1 F2700 E3550.86728
G1 F415.9 X104.296 Y140.492 E3550.87813
G1 X104.36 Y140.396 E3550.88366
G1 X104.364 Y140.166 E3550.8947
G1 X104.301 Y140.074 E3550.90005
G1 X104.087 Y139.988 E3550.91111
G1 X103.878 Y140.075 E3550.92198
G1 X103.792 Y140.283 E3550.93277
G1 X103.88 Y140.493 E3550.9437
G1 X104.087 Y140.578 E3550.95443
G0 F9000 X104.087 Y141.076
;TYPE:WALL-OUTER
G1 F600 X104.393 Y141.015 E3550.96481
G1 X104.65 Y140.843 E3550.9751
G1 X104.822 Y140.586 E3550.98538
G1 X104.883 Y140.281 E3550.99573
G1 X104.823 Y139.975 E3551.0061
G1 X104.652 Y139.721 E3551.01628
G1 X104.393 Y139.55 E3551.02661
G1 X104.087 Y139.486 E3551.03701
G1 X103.783 Y139.55 E3551.04734
G1 X103.525 Y139.721 E3551.05763
G1 X103.357 Y139.976 E3551.06779
G1 X103.293 Y140.281 E3551.07815
G1 X103.357 Y140.586 E3551.08852
G1 X103.526 Y140.844 E3551.09878
G1 X103.782 Y141.015 E3551.10902
G1 X104.087 Y141.076 E3551.11936
G1 F2700 E3546.11936
;MESH:NONMESH
G0 F300 X104.087 Y141.076 Z6.6
G0 F9000 X104.088 Y140.357
G0 X103.692 Y139.886
G0 X102.781 Y139.281
G0 X73.307 Y110.271
G0 X72.396 Y109.663
G0 X72 Y109.337
G0 X71.996 Y109.561
;TIME_ELAPSED:4979.956933
;LAYER:32
;note -- min layer time used
;TYPE:WALL-INNER
;MESH:Supporto.stl(1)
G1 F2700 E3551.11936
G1 F414.5 X72.207 Y109.469 E3551.13044
G1 X72.294 Y109.261 E3551.1413
G1 X72.271 Y109.148 E3551.14685
G1 X72.112 Y108.989 E3551.15768
G1 X71.883 Y108.992 E3551.1687
G1 X71.721 Y109.152 E3551.17966
G1 X71.721 Y109.376 E3551.19045
G1 X71.883 Y109.539 E3551.20151
G1 X71.996 Y109.561 E3551.20706
G0 F9000 X72.302 Y109.998
;TYPE:WALL-OUTER
G1 F600 X72.559 Y109.826 E3551.21734
G1 X72.731 Y109.568 E3551.22765
G1 X72.795 Y109.263 E3551.23802
G1 X72.731 Y108.958 E3551.24838
G1 X72.559 Y108.701 E3551.25867
G1 X72.302 Y108.529 E3551.26896
G1 X71.996 Y108.469 E3551.27933
G1 X71.691 Y108.53 E3551.28967
G1 X71.436 Y108.702 E3551.2999
G1 X71.261 Y108.959 E3551.31024
G1 X71.2 Y109.264 E3551.32059
G1 X71.261 Y109.569 E3551.33093
G1 X71.436 Y109.827 E3551.3413
G1 X71.691 Y109.999 E3551.35153
G1 X71.996 Y110.06 E3551.36188
G1 X72.302 Y109.998 E3551.37226
G1 F2700 E3546.37226
G0 F9000 X72.028 Y109.334
G0 X72.519 Y109.051
G0 X73.592 Y108.839
G0 X93.406 Y104.693
G0 X94.479 Y104.481
G0 X95 Y104.337
G0 X94.996 Y104.561
;TYPE:WALL-INNER
G1 F2700 E3551.37226
G1 F414.5 X95.207 Y104.469 E3551.38335
G1 X95.294 Y104.261 E3551.3942
G1 X95.271 Y104.148 E3551.39975
G1 X95.112 Y103.989 E3551.41058
G1 X94.883 Y103.992 E3551.4216
G1 X94.721 Y104.152 E3551.43257
G1 X94.721 Y104.376 E3551.44335
G1 X94.883 Y104.539 E3551.45441
G1 X94.996 Y104.561 E3551.45996
G0 F9000 X95.302 Y104.998
;TYPE:WALL-OUTER
G1 F600 X95.559 Y104.826 E3551.47024
G1 X95.731 Y104.568 E3551.48056
G1 X95.795 Y104.263 E3551.49092
G1 X95.731 Y103.958 E3551.50129
G1 X95.559 Y103.701 E3551.51157
G1 X95.302 Y103.529 E3551.52186
G1 X94.996 Y103.469 E3551.53223
G1 X94.691 Y103.53 E3551.54257
G1 X94.436 Y103.702 E3551.5528
G1 X94.261 Y103.959 E3551.56315
G1 X94.2 Y104.264 E3551.57349
G1 X94.261 Y104.569 E3551.58384
G1 X94.436 Y104.827 E3551.5942
G1 X94.691 Y104.999 E3551.60443
G1 X94.996 Y105.06 E3551.61478
G1 X95.302 Y104.998 E3551.62516
G1 F2700 E3546.62516
;MESH:TracciaSopra.stl
G0 F9000 X95.028 Y104.334
G0 X95.214 Y103.746
G0 X95.425 Y102.672
G0 X103.056 Y80.207
G0 X103.267 Y79.133
G0 X103.483 Y78.684
G0 X103.48 Y78.908
;TYPE:WALL-INNER
G1 F2700 E3551.62516
G1 F413.1 X103.69 Y78.822 E3551.63613
G1 X103.776 Y78.612 E3551.64709
G1 X103.69 Y78.402 E3551.65805
G1 X103.48 Y78.316 E3551.66902
G1 X103.27 Y78.402 E3551.67998
G1 X103.184 Y78.612 E3551.69094
G1 X103.27 Y78.822 E3551.70191
G1 X103.48 Y78.908 E3551.71287
G0 F9000 X103.48 Y79.408
;TYPE:WALL-OUTER
G1 F600 X103.786 Y79.347 E3551.72325
G1 X104.043 Y79.175 E3551.73353
G1 X104.215 Y78.918 E3551.74382
G1 X104.276 Y78.612 E3551.75419
G1 X104.215 Y78.306 E3551.76457
G1 X104.043 Y78.049 E3551.77486
G1 X103.786 Y77.877 E3551.78514
G1 X103.48 Y77.816 E3551.79552
G1 X103.174 Y77.877 E3551.8059
G1 X102.917 Y78.049 E3551.81619
G1 X102.745 Y78.306 E3551.82647
G1 X102.684 Y78.612 E3551.83685
G1 X102.745 Y78.918 E3551.84723
G1 X102.917 Y79.175 E3551.85751
G1 X103.174 Y79.347 E3551.8678
G1 X103.48 Y79.408 E3551.87818
G1 F2700 E3546.87818
G0 F9000 X103.482 Y78.687
G0 X104.002 Y78.398
G0 X105.075 Y78.186
G0 X124.889 Y74.04
G0 X125.962 Y73.828
G0 X126.483 Y73.684
G0 X126.48 Y73.908
;TYPE:WALL-INNER
G1 F2700 E3551.87818
G1 F413.1 X126.69 Y73.822 E3551.88914
G1 X126.776 Y73.612 E3551.9001
G1 X126.69 Y73.402 E3551.91106
G1 X126.48 Y73.316 E3551.92203
G1 X126.27 Y73.402 E3551.93299
G1 X126.184 Y73.612 E3551.94395
G1 X126.27 Y73.822 E3551.95492
G1 X126.48 Y73.908 E3551.96588
G0 F9000 X126.48 Y74.408
;TYPE:WALL-OUTER
G1 F600 X126.786 Y74.347 E3551.97626
G1 X127.043 Y74.175 E3551.98654
G1 X127.215 Y73.918 E3551.99683
G1 X127.276 Y73.612 E3552.00721
G1 X127.215 Y73.306 E3552.01758
G1 X127.043 Y73.049 E3552.02787
G1 X126.786 Y72.877 E3552.03815
G1 X126.48 Y72.816 E3552.04853
G1 X126.174 Y72.877 E3552.05891
G1 X125.917 Y73.049 E3552.0692
G1 X125.745 Y73.306 E3552.07948
G1 X125.684 Y73.612 E3552.08986
G1 X125.745 Y73.918 E3552.10024
G1 X125.917 Y74.175 E3552.11052
G1 X126.174 Y74.347 E3552.12081
G1 X126.48 Y74.408 E3552.13119
G1 F2700 E3547.13119
;MESH:TracciaSotto.stl
G0 F9000 X126.482 Y73.687
G0 X126.697 Y74.133
G0 X126.909 Y75.206
G0 X135.394 Y107.336
G0 X135.606 Y108.409
G0 X135.795 Y108.997
G0 X135.705 Y109.201
;TYPE:WALL-INNER
G1 F2700 E3552.13119
G1 F413.8 X135.935 Y109.201 E3552.14228
G1 X136.027 Y109.139 E3552.14763
G1 X136.11 Y108.931 E3552.15843
G1 X136.028 Y108.716 E3552.16953
G1 X135.819 Y108.632 E3552.18039
G1 X135.61 Y108.718 E3552.19129
G1 X135.546 Y108.814 E3552.19685
G1 X135.547 Y109.043 E3552.2079
G1 X135.705 Y109.201 E3552.21867
G0 F9000 X135.514 Y109.663
;TYPE:WALL-OUTER
G1 F600 X135.819 Y109.723 E3552.22901
G1 X136.126 Y109.663 E3552.23942
G1 X136.382 Y109.492 E3552.24966
G1 X136.55 Y109.234 E3552.2599
G1 X136.614 Y108.929 E3552.27026
G1 X136.552 Y108.623 E3552.28065
G1 X136.383 Y108.364 E3552.29093
G1 X136.126 Y108.193 E3552.3012
G1 X135.819 Y108.132 E3552.31161
G1 X135.515 Y108.193 E3552.32192
G1 X135.257 Y108.365 E3552.33224
G1 X135.085 Y108.623 E3552.34255
G1 X135.025 Y108.929 E3552.35292
G1 X135.085 Y109.234 E3552.36326
G1 X135.257 Y109.491 E3552.37354
G1 X135.514 Y109.663 E3552.38383
G1 F2700 E3547.38383
G0 F9000 X135.793 Y108.999
G0 X136.34 Y108.712
G0 X137.412 Y108.5
G0 X157.23 Y104.363
G0 X158.301 Y104.146
G0 X158.795 Y103.997
G0 X158.705 Y104.201
;TYPE:WALL-INNER
G1 F2700 E3552.38383
G1 F413.8 X158.935 Y104.201 E3552.39492
G1 X159.027 Y104.139 E3552.40027
G1 X159.11 Y103.931 E3552.41107
G1 X159.028 Y103.716 E3552.42217
G1 X158.819 Y103.632 E3552.43303
G1 X158.61 Y103.718 E3552.44393
G1 X158.546 Y103.814 E3552.4495
G1 X158.547 Y104.043 E3552.46054
G1 X158.705 Y104.201 E3552.47132
G0 F9000 X158.514 Y104.663
;TYPE:WALL-OUTER
G1 F600 X158.819 Y104.723 E3552.48166
G1 X159.126 Y104.663 E3552.49206
G1 X159.382 Y104.492 E3552.5023
G1 X159.55 Y104.234 E3552.51254
G1 X159.614 Y103.929 E3552.5229
G1 X159.552 Y103.623 E3552.53329
G1 X159.383 Y103.364 E3552.54358
G1 X159.126 Y103.193 E3552.55384
G1 X158.819 Y103.132 E3552.56425
G1 X158.515 Y103.193 E3552.57457
G1 X158.257 Y103.365 E3552.58488
G1 X158.085 Y103.623 E3552.59519
G1 X158.025 Y103.929 E3552.60556
G1 X158.085 Y104.234 E3552.6159
G1 X158.257 Y104.491 E3552.62619
G1 X158.514 Y104.663 E3552.63647
G1 F2700 E3547.63647
;MESH:Supporto.stl
G0 F9000 X158.793 Y103.999
G0 X158.422 Y104.326
G0 X157.512 Y104.932
G0 X128.399 Y134.279
G0 X127.489 Y134.886
G0 X127.088 Y135.355
G0 X127.087 Y135.578
;TYPE:WALL-INNER
G1 F2700 E3552.63647
G1 F415.9 X127.296 Y135.492 E3552.64732
G1 X127.36 Y135.396 E3552.65285
G1 X127.364 Y135.166 E3552.66389
G1 X127.301 Y135.074 E3552.66924
G1 X127.087 Y134.988 E3552.6803
G1 X126.878 Y135.075 E3552.69116
G1 X126.792 Y135.283 E3552.70196
G1 X126.88 Y135.493 E3552.71289
G1 X127.087 Y135.578 E3552.72362
G0 F9000 X127.087 Y136.076
;TYPE:WALL-OUTER
G1 F600 X127.393 Y136.015 E3552.734
G1 X127.65 Y135.843 E3552.74429
G1 X127.822 Y135.586 E3552.75457
G1 X127.883 Y135.281 E3552.76492
G1 X127.823 Y134.975 E3552.77529
G1 X127.652 Y134.721 E3552.78547
G1 X127.393 Y134.55 E3552.7958
G1 X127.087 Y134.486 E3552.80619
G1 X126.783 Y134.55 E3552.81653
G1 X126.525 Y134.721 E3552.82682
G1 X126.357 Y134.976 E3552.83698
G1 X126.293 Y135.281 E3552.84734
G1 X126.357 Y135.586 E3552.85771
G1 X126.526 Y135.844 E3552.86797
G1 X126.782 Y136.015 E3552.87821
G1 X127.087 Y136.076 E3552.88855
G1 F2700 E3547.88855
G0 F9000 X127.088 Y135.357
G0 X126.571 Y135.5
G0 X125.5 Y135.717
G0 X105.682 Y139.854
G0 X104.61 Y140.066
G0 X104.088 Y140.355
G0 X104.087 Y140.578
;TYPE:WALL-INNER
G1 F2700 E3552.88855
G1 F415.9 X104.296 Y140.492 E3552.89939
G1 X104.36 Y140.396 E3552.90493
G1 X104.364 Y140.166 E3552.91597
G1 X104.301 Y140.074 E3552.92132
G1 X104.087 Y139.988 E3552.93238
G1 X103.878 Y140.075 E3552.94324
G1 X103.792 Y140.283 E3552.95404
G1 X103.88 Y140.493 E3552.96497
G1 X104.087 Y140.578 E3552.9757
G0 F9000 X104.087 Y141.076
;TYPE:WALL-OUTER
G1 F600 X104.393 Y141.015 E3552.98608
G1 X104.65 Y140.843 E3552.99637
G1 X104.822 Y140.586 E3553.00665
G1 X104.883 Y140.281 E3553.017
G1 X104.823 Y139.975 E3553.02737
G1 X104.652 Y139.721 E3553.03755
G1 X104.393 Y139.55 E3553.04787
G1 X104.087 Y139.486 E3553.05827
G1 X103.783 Y139.55 E3553.0686
G1 X103.525 Y139.721 E3553.0789
G1 X103.357 Y139.976 E3553.08906
G1 X103.293 Y140.281 E3553.09942
G1 X103.357 Y140.586 E3553.10979
G1 X103.526 Y140.844 E3553.12005
G1 X103.782 Y141.015 E3553.13028
G1 X104.087 Y141.076 E3553.14063
G1 F2700 E3548.14063
;MESH:NONMESH
G0 F300 X104.087 Y141.076 Z6.8
G0 F9000 X104.088 Y140.357
G0 X103.692 Y139.886
G0 X102.781 Y139.281
G0 X73.307 Y110.271
G0 X72.396 Y109.663
G0 X72 Y109.337
G0 X71.996 Y109.561
;TIME_ELAPSED:4993.864364
;LAYER:33
;note -- min layer time used
;TYPE:WALL-INNER
;MESH:Supporto.stl(1)
G1 F2700 E3553.14063
G1 F414.5 X72.207 Y109.469 E3553.15171
G1 X72.294 Y109.261 E3553.16257
G1 X72.271 Y109.148 E3553.16812
G1 X72.112 Y108.989 E3553.17894
G1 X71.883 Y108.992 E3553.18997
G1 X71.721 Y109.152 E3553.20093
G1 X71.721 Y109.376 E3553.21172
G1 X71.883 Y109.539 E3553.22278
G1 X71.996 Y109.561 E3553.22832
G0 F9000 X72.302 Y109.998
;TYPE:WALL-OUTER
G1 F600 X72.559 Y109.826 E3553.23861
G1 X72.731 Y109.568 E3553.24892
G1 X72.795 Y109.263 E3553.25929
G1 X72.731 Y108.958 E3553.26965
G1 X72.559 Y108.701 E3553.27994
G1 X72.302 Y108.529 E3553.29022
G1 X71.996 Y108.469 E3553.30059
G1 X71.691 Y108.53 E3553.31094
G1 X71.436 Y108.702 E3553.32117
G1 X71.261 Y108.959 E3553.33151
G1 X71.2 Y109.264 E3553.34186
G1 X71.261 Y109.569 E3553.3522
G1 X71.436 Y109.827 E3553.36257
G1 X71.691 Y109.999 E3553.3728
G1 X71.996 Y110.06 E3553.38315
G1 X72.302 Y109.998 E3553.39353
G1 F2700 E3548.39353
G0 F9000 X72.028 Y109.334
G0 X72.519 Y109.051
G0 X73.592 Y108.839
G0 X93.406 Y104.693
G0 X94.479 Y104.481
G0 X95 Y104.337
G0 X94.996 Y104.561
;TYPE:WALL-INNER
G1 F2700 E3553.39353
G1 F414.5 X95.207 Y104.469 E3553.40461
G1 X95.294 Y104.261 E3553.41547
G1 X95.271 Y104.148 E3553.42102
G1 X95.112 Y103.989 E3553.43184
G1 X94.883 Y103.992 E3553.44287
G1 X94.721 Y104.152 E3553.45383
G1 X94.721 Y104.376 E3553.46462
G1 X94.883 Y104.539 E3553.47568
G1 X94.996 Y104.561 E3553.48122
G0 F9000 X95.302 Y104.998
;TYPE:WALL-OUTER
G1 F600 X95.559 Y104.826 E3553.49151
G1 X95.731 Y104.568 E3553.50182
G1 X95.795 Y104.263 E3553.51219
G1 X95.731 Y103.958 E3553.52255
G1 X95.559 Y103.701 E3553.53284
G1 X95.302 Y103.529 E3553.54312
G1 X94.996 Y103.469 E3553.5535
G1 X94.691 Y103.53 E3553.56384
G1 X94.436 Y103.702 E3553.57407
G1 X94.261 Y103.959 E3553.58441
G1 X94.2 Y104.264 E3553.59476
G1 X94.261 Y104.569 E3553.6051
G1 X94.436 Y104.827 E3553.61547
G1 X94.691 Y104.999 E3553.6257
G1 X94.996 Y105.06 E3553.63605
G1 X95.302 Y104.998 E3553.64643
G1 F2700 E3548.64643
;MESH:TracciaSopra.stl
G0 F9000 X95.028 Y104.334
G0 X95.214 Y103.746
G0 X95.425 Y102.672
G0 X103.056 Y80.207
G0 X103.267 Y79.133
G0 X103.483 Y78.684
G0 X103.48 Y78.908
;TYPE:WALL-INNER
G1 F2700 E3553.64643
G1 F413.1 X103.69 Y78.822 E3553.65739
G1 X103.776 Y78.612 E3553.66836
G1 X103.69 Y78.402 E3553.67932
G1 X103.48 Y78.316 E3553.69028
G1 X103.27 Y78.402 E3553.70125
G1 X103.184 Y78.612 E3553.71221
G1 X103.27 Y78.822 E3553.72317
G1 X103.48 Y78.908 E3553.73414
G0 F9000 X103.48 Y79.408
;TYPE:WALL-OUTER
G1 F600 X103.786 Y79.347 E3553.74451
G1 X104.043 Y79.175 E3553.7548
G1 X104.215 Y78.918 E3553.76508
G1 X104.276 Y78.612 E3553.77546
G1 X104.215 Y78.306 E3553.78584
G1 X104.043 Y78.049 E3553.79613
G1 X103.786 Y77.877 E3553.80641
G1 X103.48 Y77.816 E3553.81679
G1 X103.174 Y77.877 E3553.82717
G1 X102.917 Y78.049 E3553.83745
G1 X102.745 Y78.306 E3553.84774
G1 X102.684 Y78.612 E3553.85812
G1 X102.745 Y78.918 E3553.86849
G1 X102.917 Y79.175 E3553.87878
G1 X103.174 Y79.347 E3553.88906
G1 X103.48 Y79.408 E3553.89944
G1 F2700 E3548.89944
G0 F9000 X103.482 Y78.687
G0 X104.002 Y78.398
G0 X105.075 Y78.186
G0 X124.889 Y74.04
G0 X125.962 Y73.828
G0 X126.483 Y73.684
G0 X126.48 Y73.908
;TYPE:WALL-INNER
G1 F2700 E3553.89944
G1 F413.1 X126.69 Y73.822 E3553.91041
G1 X126.776 Y73.612 E3553.92137
G1 X126.69 Y73.402 E3553.93233
G1 X126.48 Y73.316 E3553.94329
G1 X126.27 Y73.402 E3553.95426
G1 X126.184 Y73.612 E3553.96522
G1 X126.27 Y73.822 E3553.97618
G1 X126.48 Y73.908 E3553.98715
G0 F9000 X126.48 Y74.408
;TYPE:WALL-OUTER
G1 F600 X126.786 Y74.347 E3553.99752
G1 X127.043 Y74.175 E3554.00781
G1 X127.215 Y73.918 E3554.0181
G1 X127.276 Y73.612 E3554.02847
G1 X127.215 Y73.306 E3554.03885
G1 X127.043 Y73.049 E3554.04914
G1 X126.786 Y72.877 E3554.05942
G1 X126.48 Y72.816 E3554.0698
G1 X126.174 Y72.877 E3554.08018
G1 X125.917 Y73.049 E3554.09046
G1 X125.745 Y73.306 E3554.10075
G1 X125.684 Y73.612 E3554.11113
G1 X125.745 Y73.918 E3554.1215
G1 X125.917 Y74.175 E3554.13179
G1 X126.174 Y74.347 E3554.14208
G1 X126.48 Y74.408 E3554.15245
G1 F2700 E3549.15245
;MESH:TracciaSotto.stl
G0 F9000 X126.482 Y73.687
G0 X126.697 Y74.133
G0 X126.909 Y75.206
G0 X135.394 Y107.336
G0 X135.606 Y108.409
G0 X135.795 Y108.997
G0 X135.705 Y109.201
;TYPE:WALL-INNER
G1 F2700 E3554.15245
G1 F413.8 X135.935 Y109.201 E3554.16355
G1 X136.027 Y109.139 E3554.1689
G1 X136.11 Y108.931 E3554.1797
G1 X136.028 Y108.716 E3554.19079
G1 X135.819 Y108.632 E3554.20166
G1 X135.61 Y108.718 E3554.21256
G1 X135.546 Y108.814 E3554.21812
G1 X135.547 Y109.043 E3554.22916
G1 X135.705 Y109.201 E3554.23994
G0 F9000 X135.514 Y109.663
;TYPE:WALL-OUTER
G1 F600 X135.819 Y109.723 E3554.25028
G1 X136.126 Y109.663 E3554.26068
G1 X136.382 Y109.492 E3554.27092
G1 X136.55 Y109.234 E3554.28116
G1 X136.614 Y108.929 E3554.29153
G1 X136.552 Y108.623 E3554.30191
G1 X136.383 Y108.364 E3554.3122
G1 X136.126 Y108.193 E3554.32247
G1 X135.819 Y108.132 E3554.33288
G1 X135.515 Y108.193 E3554.34319
G1 X135.257 Y108.365 E3554.3535
G1 X135.085 Y108.623 E3554.36382
G1 X135.025 Y108.929 E3554.37419
G1 X135.085 Y109.234 E3554.38453
G1 X135.257 Y109.491 E3554.39481
G1 X135.514 Y109.663 E3554.4051
G1 F2700 E3549.4051
G0 F9000 X135.793 Y108.999
G0 X136.34 Y108.712
G0 X137.412 Y108.5
G0 X157.23 Y104.363
G0 X158.301 Y104.146
G0 X158.795 Y103.997
G0 X158.705 Y104.201
;TYPE:WALL-INNER
G1 F2700 E3554.4051
G1 F413.8 X158.935 Y104.201 E3554.41619
G1 X159.027 Y104.139 E3554.42154
G1 X159.11 Y103.931 E3554.43234
G1 X159.028 Y103.716 E3554.44344
G1 X158.819 Y103.632 E3554.4543
G1 X158.61 Y103.718 E3554.4652
G1 X158.546 Y103.814 E3554.47076
G1 X158.547 Y104.043 E3554.48181
G1 X158.705 Y104.201 E3554.49258
G0 F9000 X158.514 Y104.663
;TYPE:WALL-OUTER
G1 F600 X158.819 Y104.723 E3554.50292
G1 X159.126 Y104.663 E3554.51333
G1 X159.382 Y104.492 E3554.52357
G1 X159.55 Y104.234 E3554.53381
G1 X159.614 Y103.929 E3554.54417
G1 X159.552 Y103.623 E3554.55456
G1 X159.383 Y103.364 E3554.56484
G1 X159.126 Y103.193 E3554.57511
G1 X158.819 Y103.132 E3554.58552
G1 X158.515 Y103.193 E3554.59583
G1 X158.257 Y103.365 E3554.60615
G1 X158.085 Y103.623 E3554.61646
G1 X158.025 Y103.929 E3554.62683
G1 X158.085 Y104.234 E3554.63717
G1 X158.257 Y104.491 E3554.64745
G1 X158.514 Y104.663 E3554.65774
G1 F2700 E3549.65774
;MESH:Supporto.stl
G0 F9000 X158.793 Y103.999
G0 X158.422 Y104.326
G0 X157.512 Y104.932
G0 X128.399 Y134.279
G0 X127.489 Y134.886
G0 X127.088 Y135.355
G0 X127.087 Y135.578
;TYPE:WALL-INNER
G1 F2700 E3554.65774
G1 F415.9 X127.296 Y135.492 E3554.66858
G1 X127.36 Y135.396 E3554.67412
G1 X127.364 Y135.166 E3554.68516
G1 X127.301 Y135.074 E3554.69051
G1 X127.087 Y134.988 E3554.70157
G1 X126.878 Y135.075 E3554.71243
G1 X126.792 Y135.283 E3554.72323
G1 X126.88 Y135.493 E3554.73415
G1 X127.087 Y135.578 E3554.74489
G0 F9000 X127.087 Y136.076
;TYPE:WALL-OUTER
G1 F600 X127.393 Y136.015 E3554.75527
G1 X127.65 Y135.843 E3554.76555
G1 X127.822 Y135.586 E3554.77584
G1 X127.883 Y135.281 E3554.78619
G1 X127.823 Y134.975 E3554.79656
G1 X127.652 Y134.721 E3554.80674
G1 X127.393 Y134.55 E3554.81706
G1 X127.087 Y134.486 E3554.82746
G1 X126.783 Y134.55 E3554.83779
G1 X126.525 Y134.721 E3554.84809
G1 X126.357 Y134.976 E3554.85825
G1 X126.293 Y135.281 E3554.86861
G1 X126.357 Y135.586 E3554.87898
G1 X126.526 Y135.844 E3554.88923
G1 X126.782 Y136.015 E3554.89947
G1 X127.087 Y136.076 E3554.90982
G1 F2700 E3549.90982
G0 F9000 X127.088 Y135.357
G0 X126.571 Y135.5
G0 X125.5 Y135.717
G0 X105.682 Y139.854
G0 X104.61 Y140.066
G0 X104.088 Y140.355
G0 X104.087 Y140.578
;TYPE:WALL-INNER
G1 F2700 E3554.90982
G1 F415.9 X104.296 Y140.492 E3554.92066
G1 X104.36 Y140.396 E3554.9262
G1 X104.364 Y140.166 E3554.93723
G1 X104.301 Y140.074 E3554.94258
G1 X104.087 Y139.988 E3554.95365
G1 X103.878 Y140.075 E3554.96451
G1 X103.792 Y140.283 E3554.97531
G1 X103.88 Y140.493 E3554.98623
G1 X104.087 Y140.578 E3554.99697
G0 F9000 X104.087 Y141.076
;TYPE:WALL-OUTER
G1 F600 X104.393 Y141.015 E3555.00735
G1 X104.65 Y140.843 E3555.01763
G1 X104.822 Y140.586 E3555.02792
G1 X104.883 Y140.281 E3555.03826
G1 X104.823 Y139.975 E3555.04863
G1 X104.652 Y139.721 E3555.05882
G1 X104.393 Y139.55 E3555.06914
G1 X104.087 Y139.486 E3555.07954
G1 X103.783 Y139.55 E3555.08987
G1 X103.525 Y139.721 E3555.10017
G1 X103.357 Y139.976 E3555.11032
G1 X103.293 Y140.281 E3555.12069
G1 X103.357 Y140.586 E3555.13105
G1 X103.526 Y140.844 E3555.14131
G1 X103.782 Y141.015 E3555.15155
G1 X104.087 Y141.076 E3555.1619
G1 F2700 E3550.1619
;MESH:NONMESH
G0 F300 X104.087 Y141.076 Z7
G0 F9000 X104.088 Y140.357
G0 X103.692 Y139.886
G0 X102.781 Y139.281
G0 X73.307 Y110.271
G0 X72.396 Y109.663
G0 X72 Y109.337
G0 X71.996 Y109.561
;TIME_ELAPSED:5007.771795
;LAYER:34
;note -- min layer time used
;TYPE:WALL-INNER
;MESH:Supporto.stl(1)
G1 F2700 E3555.1619
G1 F414.5 X72.207 Y109.469 E3555.17298
G1 X72.294 Y109.261 E3555.18383
G1 X72.271 Y109.148 E3555.18939
G1 X72.112 Y108.989 E3555.20021
G1 X71.883 Y108.992 E3555.21124
G1 X71.721 Y109.152 E3555.2222
G1 X71.721 Y109.376 E3555.23298
G1 X71.883 Y109.539 E3555.24405
G1 X71.996 Y109.561 E3555.24959
G0 F9000 X72.302 Y109.998
;TYPE:WALL-OUTER
G1 F600 X72.559 Y109.826 E3555.25988
G1 X72.731 Y109.568 E3555.27019
G1 X72.795 Y109.263 E3555.28055
G1 X72.731 Y108.958 E3555.29092
G1 X72.559 Y108.701 E3555.3012
G1 X72.302 Y108.529 E3555.31149
G1 X71.996 Y108.469 E3555.32186
G1 X71.691 Y108.53 E3555.33221
G1 X71.436 Y108.702 E3555.34244
G1 X71.261 Y108.959 E3555.35278
G1 X71.2 Y109.264 E3555.36312
G1 X71.261 Y109.569 E3555.37347
G1 X71.436 Y109.827 E3555.38384
G1 X71.691 Y109.999 E3555.39407
G1 X71.996 Y110.06 E3555.40441
G1 X72.302 Y109.998 E3555.4148
G1 F2700 E3550.4148
G0 F9000 X72.028 Y109.334
G0 X72.519 Y109.051
G0 X73.592 Y108.839
G0 X93.406 Y104.693
G0 X94.479 Y104.481
G0 X95 Y104.337
G1 F2700 E3555.4148
G0 F9000 X94.996 Y104.561
;TYPE:WALL-INNER
G1 F414.5 X95.207 Y104.469 E3555.42588
G1 X95.294 Y104.261 E3555.43673
G1 X95.271 Y104.148 E3555.44229
G1 X95.112 Y103.989 E3555.45311
G1 X94.883 Y103.992 E3555.46414
G1 X94.721 Y104.152 E3555.4751
G1 X94.721 Y104.376 E3555.48588
G1 X94.883 Y104.539 E3555.49695
G1 X94.996 Y104.561 E3555.50249
G0 F9000 X95.302 Y104.998
;TYPE:WALL-OUTER
G1 F600 X95.559 Y104.826 E3555.51278
G1 X95.731 Y104.568 E3555.52309
G1 X95.795 Y104.263 E3555.53345
G1 X95.731 Y103.958 E3555.54382
G1 X95.559 Y103.701 E3555.55411
G1 X95.302 Y103.529 E3555.56439
G1 X94.996 Y103.469 E3555.57476
G1 X94.691 Y103.53 E3555.58511
G1 X94.436 Y103.702 E3555.59534
G1 X94.261 Y103.959 E3555.60568
G1 X94.2 Y104.264 E3555.61602
G1 X94.261 Y104.569 E3555.62637
G1 X94.436 Y104.827 E3555.63674
G1 X94.691 Y104.999 E3555.64697
G1 X94.996 Y105.06 E3555.65731
G1 X95.302 Y104.998 E3555.6677
G1 F2700 E3550.6677
;MESH:TracciaSopra.stl
G0 F9000 X95.028 Y104.334
G0 X95.214 Y103.746
G0 X95.425 Y102.672
G0 X103.056 Y80.207
G0 X103.267 Y79.133
G0 X103.483 Y78.684
G1 F2700 E3555.6677
G0 F9000 X103.48 Y78.908
;TYPE:WALL-INNER
G1 F413.1 X103.69 Y78.822 E3555.67866
G1 X103.776 Y78.612 E3555.68962
G1 X103.69 Y78.402 E3555.70059
G1 X103.48 Y78.316 E3555.71155
G1 X103.27 Y78.402 E3555.72251
G1 X103.184 Y78.612 E3555.73348
G1 X103.27 Y78.822 E3555.74444
G1 X103.48 Y78.908 E3555.7554
G0 F9000 X103.48 Y79.408
;TYPE:WALL-OUTER
G1 F600 X103.786 Y79.347 E3555.76578
G1 X104.043 Y79.175 E3555.77607
G1 X104.215 Y78.918 E3555.78635
G1 X104.276 Y78.612 E3555.79673
G1 X104.215 Y78.306 E3555.80711
G1 X104.043 Y78.049 E3555.81739
G1 X103.786 Y77.877 E3555.82768
G1 X103.48 Y77.816 E3555.83806
G1 X103.174 Y77.877 E3555.84843
G1 X102.917 Y78.049 E3555.85872
G1 X102.745 Y78.306 E3555.86901
G1 X102.684 Y78.612 E3555.87938
G1 X102.745 Y78.918 E3555.88976
G1 X102.917 Y79.175 E3555.90005
G1 X103.174 Y79.347 E3555.91033
G1 X103.48 Y79.408 E3555.92071
G1 F2700 E3550.92071
G0 F9000 X103.482 Y78.687
G0 X104.002 Y78.398
G0 X105.075 Y78.186
G0 X124.889 Y74.04
G0 X125.962 Y73.828
G0 X126.483 Y73.684
G1 F2700 E3555.92071
G0 F9000 X126.48 Y73.908
;TYPE:WALL-INNER
G1 F413.1 X126.69 Y73.822 E3555.93167
G1 X126.776 Y73.612 E3555.94264
G1 X126.69 Y73.402 E3555.9536
G1 X126.48 Y73.316 E3555.96456
G1 X126.27 Y73.402 E3555.97552
G1 X126.184 Y73.612 E3555.98649
G1 X126.27 Y73.822 E3555.99745
G1 X126.48 Y73.908 E3556.00841
G0 F9000 X126.48 Y74.408
;TYPE:WALL-OUTER
G1 F600 X126.786 Y74.347 E3556.01879
G1 X127.043 Y74.175 E3556.02908
G1 X127.215 Y73.918 E3556.03936
G1 X127.276 Y73.612 E3556.04974
G1 X127.215 Y73.306 E3556.06012
G1 X127.043 Y73.049 E3556.0704
G1 X126.786 Y72.877 E3556.08069
G1 X126.48 Y72.816 E3556.09107
G1 X126.174 Y72.877 E3556.10144
G1 X125.917 Y73.049 E3556.11173
G1 X125.745 Y73.306 E3556.12202
G1 X125.684 Y73.612 E3556.13239
G1 X125.745 Y73.918 E3556.14277
G1 X125.917 Y74.175 E3556.15306
G1 X126.174 Y74.347 E3556.16334
G1 X126.48 Y74.408 E3556.17372
G1 F2700 E3551.17372
;MESH:TracciaSotto.stl
G0 F9000 X126.482 Y73.687
G0 X126.697 Y74.133
G0 X126.909 Y75.206
G0 X135.394 Y107.336
G0 X135.606 Y108.409
G0 X135.795 Y108.997
G1 F2700 E3556.17372
G0 F9000 X135.705 Y109.201
;TYPE:WALL-INNER
G1 F413.8 X135.935 Y109.201 E3556.18481
G1 X136.027 Y109.139 E3556.19016
G1 X136.11 Y108.931 E3556.20096
G1 X136.028 Y108.716 E3556.21206
G1 X135.819 Y108.632 E3556.22292
G1 X135.61 Y108.718 E3556.23382
G1 X135.546 Y108.814 E3556.23939
G1 X135.547 Y109.043 E3556.25043
G1 X135.705 Y109.201 E3556.26121
G0 F9000 X135.514 Y109.663
;TYPE:WALL-OUTER
G1 F600 X135.819 Y109.723 E3556.27155
G1 X136.126 Y109.663 E3556.28195
G1 X136.382 Y109.492 E3556.29219
G1 X136.55 Y109.234 E3556.30243
G1 X136.614 Y108.929 E3556.3128
G1 X136.552 Y108.623 E3556.32318
G1 X136.383 Y108.364 E3556.33347
G1 X136.126 Y108.193 E3556.34373
G1 X135.819 Y108.132 E3556.35414
G1 X135.515 Y108.193 E3556.36446
G1 X135.257 Y108.365 E3556.37477
G1 X135.085 Y108.623 E3556.38508
G1 X135.025 Y108.929 E3556.39545
G1 X135.085 Y109.234 E3556.40579
G1 X135.257 Y109.491 E3556.41608
G1 X135.514 Y109.663 E3556.42636
G1 F2700 E3551.42636
G0 F9000 X135.793 Y108.999
G0 X136.34 Y108.712
G0 X137.412 Y108.5
G0 X157.23 Y104.363
G0 X158.301 Y104.146
G0 X158.795 Y103.997
G1 F2700 E3556.42636
G0 F9000 X158.705 Y104.201
;TYPE:WALL-INNER
G1 F413.8 X158.935 Y104.201 E3556.43746
G1 X159.027 Y104.139 E3556.44281
G1 X159.11 Y103.931 E3556.45361
G1 X159.028 Y103.716 E3556.4647
G1 X158.819 Y103.632 E3556.47557
G1 X158.61 Y103.718 E3556.48647
G1 X158.546 Y103.814 E3556.49203
G1 X158.547 Y104.043 E3556.50308
G1 X158.705 Y104.201 E3556.51385
G0 F9000 X158.514 Y104.663
;TYPE:WALL-OUTER
G1 F600 X158.819 Y104.723 E3556.52419
G1 X159.126 Y104.663 E3556.53459
G1 X159.382 Y104.492 E3556.54483
G1 X159.55 Y104.234 E3556.55507
G1 X159.614 Y103.929 E3556.56544
G1 X159.552 Y103.623 E3556.57582
G1 X159.383 Y103.364 E3556.58611
G1 X159.126 Y103.193 E3556.59638
G1 X158.819 Y103.132 E3556.60679
G1 X158.515 Y103.193 E3556.6171
G1 X158.257 Y103.365 E3556.62741
G1 X158.085 Y103.623 E3556.63773
G1 X158.025 Y103.929 E3556.6481
G1 X158.085 Y104.234 E3556.65844
G1 X158.257 Y104.491 E3556.66872
G1 X158.514 Y104.663 E3556.67901
G1 F2700 E3551.67901
;MESH:Supporto.stl
G0 F9000 X158.793 Y103.999
G0 X158.422 Y104.326
G0 X157.512 Y104.932
G0 X128.399 Y134.279
G0 X127.489 Y134.886
G0 X127.088 Y135.355
G1 F2700 E3556.67901
G0 F9000 X127.087 Y135.578
;TYPE:WALL-INNER
G1 F415.9 X127.296 Y135.492 E3556.68985
G1 X127.36 Y135.396 E3556.69539
G1 X127.364 Y135.166 E3556.70642
G1 X127.301 Y135.074 E3556.71177
G1 X127.087 Y134.988 E3556.72284
G1 X126.878 Y135.075 E3556.7337
G1 X126.792 Y135.283 E3556.7445
G1 X126.88 Y135.493 E3556.75542
G1 X127.087 Y135.578 E3556.76616
G0 F9000 X127.087 Y136.076
;TYPE:WALL-OUTER
G1 F600 X127.393 Y136.015 E3556.77654
G1 X127.65 Y135.843 E3556.78682
G1 X127.822 Y135.586 E3556.79711
G1 X127.883 Y135.281 E3556.80745
G1 X127.823 Y134.975 E3556.81782
G1 X127.652 Y134.721 E3556.82801
G1 X127.393 Y134.55 E3556.83833
G1 X127.087 Y134.486 E3556.84873
G1 X126.783 Y134.55 E3556.85906
G1 X126.525 Y134.721 E3556.86936
G1 X126.357 Y134.976 E3556.87951
G1 X126.293 Y135.281 E3556.88988
G1 X126.357 Y135.586 E3556.90024
G1 X126.526 Y135.844 E3556.9105
G1 X126.782 Y136.015 E3556.92074
G1 X127.087 Y136.076 E3556.93109
G1 F2700 E3551.93109
G0 F9000 X127.088 Y135.357
G0 X126.571 Y135.5
G0 X125.5 Y135.717
G0 X105.682 Y139.854
G0 X104.61 Y140.066
G0 X104.088 Y140.355
G1 F2700 E3556.93109
G0 F9000 X104.087 Y140.578
;TYPE:WALL-INNER
G1 F415.9 X104.296 Y140.492 E3556.94193
G1 X104.36 Y140.396 E3556.94746
G1 X104.364 Y140.166 E3556.9585
G1 X104.301 Y140.074 E3556.96385
G1 X104.087 Y139.988 E3556.97492
G1 X103.878 Y140.075 E3556.98578
G1 X103.792 Y140.283 E3556.99658
G1 X103.88 Y140.493 E3557.0075
G1 X104.087 Y140.578 E3557.01824
G0 F9000 X104.087 Y141.076
;TYPE:WALL-OUTER
G1 F600 X104.393 Y141.015 E3557.02861
G1 X104.65 Y140.843 E3557.0389
G1 X104.822 Y140.586 E3557.04919
G1 X104.883 Y140.281 E3557.05953
G1 X104.823 Y139.975 E3557.0699
G1 X104.652 Y139.721 E3557.08009
G1 X104.393 Y139.55 E3557.09041
G1 X104.087 Y139.486 E3557.10081
G1 X103.783 Y139.55 E3557.11114
G1 X103.525 Y139.721 E3557.12143
G1 X103.357 Y139.976 E3557.13159
G1 X103.293 Y140.281 E3557.14196
G1 X103.357 Y140.586 E3557.15232
G1 X103.526 Y140.844 E3557.16258
G1 X103.782 Y141.015 E3557.17282
G1 X104.087 Y141.076 E3557.18316
;TIME_ELAPSED:5020.781019
G1 F2700 E3552.18316
M140 S0
M107
G91 ;Relative positioning
G1 E-2 F2700 ;Retract a bit
G1 E-2 Z0.2 F2400 ;Retract and raise Z
G1 X5 Y5 F3000 ;Wipe out
G1 Z10 ;Raise Z more
G90 ;Absolute positioning

G1 X0 Y235 ;Present print
M106 S0 ;Turn-off fan
M104 S0 ;Turn-off hotend
M140 S0 ;Turn-off bed

M84 X Y E ;Disable all steppers but Z

M82 ;absolute extrusion mode
M104 S0
;End of Gcode
;SETTING_3 {"global_quality": "[general]\\nversion = 4\\nname = Standard Quality
;SETTING_3  #2\\ndefinition = creality_base\\n\\n[metadata]\\ntype = quality_cha
;SETTING_3 nges\\nquality_type = standard\\nsetting_version = 25\\n\\n[values]\\
;SETTING_3 n\\n", "extruder_quality": ["[general]\\nversion = 4\\nname = Standar
;SETTING_3 d Quality #2\\ndefinition = creality_ender3\\n\\n[metadata]\\ntype = 
;SETTING_3 quality_changes\\nquality_type = standard\\nsetting_version = 25\\npo
;SETTING_3 sition = 0\\n\\n[values]\\ninfill_sparse_density = 20\\n\\n"]}
