LabVIEW Measurement	
Writer_Version	2
Reader_Version	2
Separator	Tab
Decimal_Separator	,
Multi_Headings	No
X_Columns	One
Time_Pref	Absolute
Operator	lpdan
Date	2026/05/05
Time	10:27:52,8119814833529551462
***End_of_Header***	
	
Channels	1	
Samples	100	
Date	2026/05/05	
Time	10:27:52,8119814833529551462	
Y_Unit_Label	Volts	
X_Dimension	Time	
X0	0,0000000000000000E+0	
Delta_X	0,010000	
***End_of_Header***		
X_Value	Voltage	Comment
0,000000	0,385688
0,010000	0,398435
0,020000	0,383138
0,030000	0,400984
0,040000	0,385050
0,050000	0,398435
0,060000	0,389512
0,070000	0,391424
0,080000	0,394611
0,090000	0,399072
0,100000	0,392699
0,110000	0,395248
0,120000	0,396523
0,130000	0,389512
0,140000	0,397798
0,150000	0,402896
0,160000	0,399072
0,170000	0,406083
0,180000	0,396523
0,190000	0,384413
0,200000	0,395248
0,210000	0,398435
0,220000	0,386962
0,230000	0,393973
0,240000	0,408633
0,250000	0,393336
0,260000	0,390786
0,270000	0,399072
0,280000	0,392699
0,290000	0,402896
0,300000	0,388874
0,310000	0,393336
0,320000	0,388874
0,330000	0,392699
0,340000	0,394611
0,350000	0,390786
0,360000	0,392061
0,370000	0,399072
0,380000	0,386962
0,390000	0,392699
0,400000	0,388237
0,410000	0,392699
0,420000	0,390786
0,430000	0,392061
0,440000	0,388874
0,450000	0,397798
0,460000	0,393336
0,470000	0,395248
0,480000	0,388874
0,490000	0,395885
0,500000	0,386962
0,510000	0,398435
0,520000	0,385688
0,530000	0,392699
0,540000	0,385050
0,550000	0,393336
0,560000	0,386325
0,570000	0,395248
0,580000	0,380589
0,590000	0,395885
0,600000	0,381226
0,610000	0,394611
0,620000	0,387600
0,630000	0,387600
0,640000	0,385050
0,650000	0,391424
0,660000	0,388237
0,670000	0,397798
0,680000	0,388874
0,690000	0,394611
0,700000	0,386325
0,710000	0,395248
0,720000	0,385050
0,730000	0,397160
0,740000	0,385688
0,750000	0,393973
0,760000	0,384413
0,770000	0,395248
0,780000	0,386962
0,790000	0,392699
0,800000	0,391424
0,810000	0,392699
0,820000	0,390786
0,830000	0,386325
0,840000	0,390786
0,850000	0,389512
0,860000	0,385050
0,870000	0,388874
0,880000	0,387600
0,890000	0,392699
0,900000	0,389512
0,910000	0,393336
0,920000	0,390786
0,930000	0,392699
0,940000	0,385050
0,950000	0,391424
0,960000	0,386325
0,970000	0,395885
0,980000	0,390786
0,990000	0,386962
1,000000	0,389512
1,010000	0,388237
1,020000	0,392699
1,030000	0,386325
1,040000	0,391424
1,050000	0,386962
1,060000	0,391424
1,070000	0,391424
1,080000	0,395248
1,090000	0,385050
1,100000	0,395248
1,110000	0,382501
1,120000	0,392699
1,130000	0,391424
1,140000	0,386325
1,150000	0,387600
1,160000	0,390149
1,170000	0,385050
1,180000	0,391424
1,190000	0,388874
1,200000	0,389512
1,210000	0,388874
1,220000	0,389512
1,230000	0,387600
1,240000	0,390786
1,250000	0,386962
1,260000	0,385050
1,270000	0,390149
1,280000	0,385050
1,290000	0,395248
1,300000	0,391424
1,310000	0,393973
1,320000	0,390149
1,330000	0,386325
1,340000	0,391424
1,350000	0,388237
1,360000	0,388237
1,370000	0,392061
1,380000	0,387600
1,390000	0,390786
1,400000	0,390149
1,410000	0,391424
1,420000	0,392699
1,430000	0,385050
1,440000	0,390786
1,450000	0,388874
1,460000	0,387600
1,470000	0,389512
1,480000	0,390149
1,490000	0,388237
1,500000	0,390149
1,510000	0,387600
1,520000	0,390786
1,530000	0,386962
1,540000	0,391424
1,550000	0,388237
1,560000	0,386962
1,570000	0,392061
1,580000	0,392061
1,590000	0,391424
1,600000	0,392699
1,610000	0,390149
1,620000	0,388237
1,630000	0,388237
1,640000	0,388237
1,650000	0,390149
1,660000	0,389512
1,670000	0,393973
1,680000	0,383138
1,690000	0,392699
1,700000	0,381226
1,710000	0,395248
1,720000	0,390786
1,730000	0,390786
1,740000	0,390149
1,750000	0,391424
1,760000	0,388874
1,770000	0,393336
1,780000	0,394611
1,790000	0,393973
1,800000	0,392699
1,810000	0,393336
1,820000	0,385688
1,830000	0,399072
1,840000	0,388237
1,850000	0,399710
1,860000	0,391424
1,870000	0,399072
1,880000	0,390786
1,890000	0,397160
1,900000	0,389512
1,910000	0,391424
1,920000	0,386962
1,930000	0,395248
1,940000	0,395885
1,950000	0,388874
1,960000	0,392061
1,970000	0,389512
1,980000	0,388874
1,990000	0,396523
2,000000	0,385050
2,010000	0,395248
2,020000	0,387600
2,030000	0,396523
2,040000	0,395248
2,050000	0,390786
2,060000	0,391424
2,070000	0,387600
2,080000	0,397798
2,090000	0,398435
2,100000	0,389512
2,110000	0,397798
2,120000	0,392699
2,130000	0,392699
2,140000	0,390149
2,150000	0,390786
2,160000	0,395248
2,170000	0,384413
2,180000	0,397160
2,190000	0,390149
2,200000	0,404171
2,210000	0,386962
2,220000	0,402259
2,230000	0,393336
2,240000	0,398435
2,250000	0,389512
2,260000	0,395248
2,270000	0,385050
2,280000	0,397798
2,290000	0,395248
2,300000	0,390786
2,310000	0,394611
2,320000	0,395248
2,330000	0,397160
2,340000	0,390149
2,350000	0,397160
2,360000	0,392699
2,370000	0,395248
2,380000	0,393336
2,390000	0,392699
2,400000	0,391424
2,410000	0,397160
2,420000	0,391424
2,430000	0,400347
2,440000	0,386325
2,450000	0,397160
2,460000	0,392061
2,470000	0,395248
2,480000	0,392061
2,490000	0,389512
2,500000	0,389512
2,510000	0,391424
2,520000	0,389512
2,530000	0,394611
2,540000	0,387600
2,550000	0,395248
2,560000	0,387600
2,570000	0,390149
2,580000	0,392061
2,590000	0,396523
2,600000	0,392061
2,610000	0,393973
2,620000	0,391424
2,630000	0,393973
2,640000	0,392699
2,650000	0,394611
2,660000	0,386325
2,670000	0,395248
2,680000	0,383138
2,690000	0,396523
2,700000	0,387600
2,710000	0,393973
2,720000	0,378677
2,730000	0,393973
2,740000	0,384413
2,750000	0,401622
2,760000	0,387600
2,770000	0,403534
2,780000	0,385688
2,790000	0,396523
2,800000	0,386962
2,810000	0,399072
2,820000	0,382501
2,830000	0,393336
2,840000	0,387600
2,850000	0,399710
2,860000	0,389512
2,870000	0,394611
2,880000	0,388874
2,890000	0,402896
2,900000	0,388874
2,910000	0,393336
2,920000	0,380589
2,930000	0,397160
2,940000	0,386325
2,950000	0,395885
2,960000	0,386962
2,970000	0,390149
2,980000	0,376764
2,990000	0,395248
3,000000	0,381226
3,010000	0,393336
3,020000	0,388237
3,030000	0,388874
3,040000	0,387600
3,050000	0,392061
3,060000	0,386325
3,070000	0,387600
3,080000	0,383775
3,090000	0,390149
3,100000	0,378039
3,110000	0,395248
3,120000	0,385688
3,130000	0,388237
3,140000	0,391424
3,150000	0,392061
3,160000	0,386325
3,170000	0,388237
3,180000	0,383775
3,190000	0,386962
3,200000	0,389512
3,210000	0,388874
3,220000	0,390786
3,230000	0,392061
3,240000	0,383775
3,250000	0,392699
3,260000	0,387600
3,270000	0,389512
3,280000	0,379314
3,290000	0,389512
3,300000	0,387600
3,310000	0,390149
3,320000	0,392061
3,330000	0,388874
3,340000	0,395248
3,350000	0,388874
3,360000	0,395885
3,370000	0,382501
3,380000	0,395248
3,390000	0,389512
3,400000	0,397798
3,410000	0,385688
3,420000	0,386325
3,430000	0,389512
3,440000	0,390786
3,450000	0,388874
3,460000	0,386962
3,470000	0,388237
3,480000	0,379314
3,490000	0,389512
3,500000	0,385050
3,510000	0,391424
3,520000	0,387600
3,530000	0,386325
3,540000	0,383775
3,550000	0,383775
3,560000	0,377402
3,570000	0,392061
3,580000	0,395248
3,590000	0,392061
3,600000	0,388874
3,610000	0,388237
3,620000	0,390149
3,630000	0,390786
3,640000	0,378039
3,650000	0,392699
3,660000	0,388237
3,670000	0,394611
3,680000	0,390786
3,690000	0,390786
3,700000	0,387600
3,710000	0,389512
3,720000	0,388237
3,730000	0,382501
3,740000	0,392699
3,750000	0,392061
3,760000	0,387600
3,770000	0,393336
3,780000	0,384413
3,790000	0,400347
3,800000	0,385050
3,810000	0,397160
3,820000	0,392061
3,830000	0,389512
3,840000	0,385050
3,850000	0,402896
3,860000	0,386325
3,870000	0,397160
3,880000	0,388237
3,890000	0,393336
3,900000	0,387600
3,910000	0,397160
3,920000	0,386962
3,930000	0,396523
3,940000	0,387600
3,950000	0,398435
3,960000	0,385688
3,970000	0,401622
3,980000	0,389512
3,990000	0,397160
4,000000	0,393973
4,010000	0,390149
4,020000	0,391424
4,030000	0,385050
4,040000	0,392699
4,050000	0,392061
4,060000	0,398435
4,070000	0,386962
4,080000	0,396523
4,090000	0,391424
4,100000	0,396523
4,110000	0,389512
4,120000	0,392061
4,130000	0,391424
4,140000	0,389512
4,150000	0,395248
4,160000	0,388237
4,170000	0,392061
4,180000	0,392699
4,190000	0,397798
4,200000	0,388237
4,210000	0,392061
4,220000	0,395248
4,230000	0,387600
4,240000	0,392699
4,250000	0,388874
4,260000	0,386325
4,270000	0,380589
4,280000	0,393973
4,290000	0,385050
4,300000	0,395248
4,310000	0,386962
4,320000	0,393973
4,330000	0,394611
4,340000	0,393336
4,350000	0,386325
4,360000	0,397798
4,370000	0,395248
4,380000	0,392699
4,390000	0,393973
4,400000	0,398435
4,410000	0,399710
4,420000	0,396523
4,430000	0,399710
4,440000	0,391424
4,450000	0,393336
4,460000	0,399710
4,470000	0,397798
4,480000	0,395885
4,490000	0,399710
4,500000	0,396523
4,510000	0,392061
4,520000	0,393973
4,530000	0,395248
4,540000	0,391424
4,550000	0,399072
4,560000	0,392061
4,570000	0,400347
4,580000	0,396523
4,590000	0,397160
4,600000	0,397798
4,610000	0,395248
4,620000	0,390149
4,630000	0,395248
4,640000	0,393336
4,650000	0,393336
4,660000	0,392061
4,670000	0,395248
4,680000	0,397160
4,690000	0,393973
4,700000	0,389512
4,710000	0,392061
4,720000	0,391424
4,730000	0,397160
4,740000	0,387600
4,750000	0,390149
4,760000	0,393973
4,770000	0,393336
4,780000	0,397798
4,790000	0,390149
4,800000	0,391424
4,810000	0,389512
4,820000	0,387600
4,830000	0,385688
4,840000	0,391424
4,850000	0,392699
4,860000	0,390149
4,870000	0,391424
4,880000	0,392061
4,890000	0,384413
4,900000	0,382501
4,910000	0,392061
4,920000	0,390786
4,930000	0,387600
4,940000	0,378677
4,950000	0,387600
4,960000	0,382501
4,970000	0,383138
4,980000	0,389512
4,990000	0,391424
5,000000	0,386962
5,010000	0,392061
5,020000	0,384413
5,030000	0,392699
5,040000	0,386962
5,050000	0,394611
5,060000	0,389512
5,070000	0,389512
5,080000	0,383775
5,090000	0,394611
5,100000	0,388237
5,110000	0,392061
5,120000	0,386962
5,130000	0,392699
5,140000	0,386325
5,150000	0,388874
5,160000	0,386325
5,170000	0,383138
5,180000	0,390149
5,190000	0,385688
5,200000	0,392699
5,210000	0,382501
5,220000	0,393973
5,230000	0,386962
5,240000	0,396523
5,250000	0,386962
5,260000	0,396523
5,270000	0,381226
5,280000	0,385050
5,290000	0,384413
5,300000	0,384413
5,310000	0,386325
5,320000	0,387600
5,330000	0,387600
5,340000	0,385050
5,350000	0,381863
5,360000	0,386325
5,370000	0,384413
5,380000	0,386325
5,390000	0,385050
5,400000	0,387600
5,410000	0,384413
5,420000	0,390149
5,430000	0,381863
5,440000	0,388874
5,450000	0,386962
5,460000	0,390149
5,470000	0,383775
5,480000	0,388874
5,490000	0,383775
5,500000	0,385050
5,510000	0,385050
5,520000	0,384413
5,530000	0,391424
5,540000	0,388237
5,550000	0,386962
5,560000	0,383138
5,570000	0,376764
5,580000	0,387600
5,590000	0,389512
5,600000	0,385688
5,610000	0,395248
5,620000	0,390786
5,630000	0,392061
5,640000	0,383138
5,650000	0,392061
5,660000	0,395885
5,670000	0,386325
5,680000	0,390149
5,690000	0,388237
5,700000	0,382501
5,710000	0,392699
5,720000	0,386962
5,730000	0,395248
5,740000	0,387600
5,750000	0,395248
5,760000	0,387600
5,770000	0,397160
5,780000	0,382501
5,790000	0,399710
5,800000	0,384413
5,810000	0,391424
5,820000	0,383775
5,830000	0,392699
5,840000	0,386325
5,850000	0,400347
5,860000	0,384413
5,870000	0,399710
5,880000	0,383138
5,890000	0,397798
5,900000	0,384413
5,910000	0,397160
5,920000	0,383138
5,930000	0,400347
5,940000	0,384413
5,950000	0,403534
5,960000	0,382501
5,970000	0,400984
5,980000	0,384413
5,990000	0,401622
6,000000	0,388237
6,010000	0,408633
6,020000	0,386962
6,030000	0,402259
6,040000	0,382501
6,050000	0,393336
6,060000	0,385050
6,070000	0,390149
6,080000	0,390786
6,090000	0,390149
6,100000	0,392061
6,110000	0,386962
6,120000	0,385050
6,130000	0,397160
6,140000	0,396523
6,150000	0,389512
6,160000	0,385688
6,170000	0,396523
6,180000	0,393973
6,190000	0,395885
6,200000	0,383775
6,210000	0,400347
6,220000	0,393973
6,230000	0,400347
6,240000	0,394611
6,250000	0,408633
6,260000	0,390149
6,270000	0,399072
6,280000	0,386325
6,290000	0,397798
6,300000	0,400347
6,310000	0,393973
6,320000	0,393336
6,330000	0,397798
6,340000	0,395885
6,350000	0,392061
6,360000	0,394611
6,370000	0,399072
6,380000	0,399710
6,390000	0,397798
6,400000	0,395248
6,410000	0,399072
6,420000	0,390786
6,430000	0,390149
6,440000	0,404809
6,450000	0,395248
6,460000	0,399710
6,470000	0,398435
6,480000	0,386325
6,490000	0,396523
6,500000	0,394611
6,510000	0,392699
6,520000	0,398435
6,530000	0,390149
6,540000	0,399710
6,550000	0,392061
6,560000	0,397798
6,570000	0,392061
6,580000	0,397798
6,590000	0,391424
6,600000	0,399710
6,610000	0,396523
6,620000	0,405446
6,630000	0,394611
6,640000	0,402259
6,650000	0,391424
6,660000	0,396523
6,670000	0,387600
6,680000	0,393973
6,690000	0,392699
6,700000	0,392699
6,710000	0,387600
6,720000	0,391424
6,730000	0,389512
6,740000	0,393973
6,750000	0,387600
6,760000	0,394611
6,770000	0,387600
6,780000	0,399072
6,790000	0,395885
6,800000	0,393336
6,810000	0,387600
6,820000	0,388874
6,830000	0,386962
6,840000	0,390786
6,850000	0,389512
6,860000	0,399072
6,870000	0,396523
6,880000	0,392699
6,890000	0,387600
6,900000	0,390149
6,910000	0,386325
6,920000	0,391424
6,930000	0,381226
6,940000	0,385050
6,950000	0,389512
6,960000	0,390786
6,970000	0,397160
6,980000	0,385688
6,990000	0,397798
7,000000	0,388237
7,010000	0,390149
7,020000	0,392061
7,030000	0,390786
7,040000	0,395248
7,050000	0,390149
7,060000	0,399072
7,070000	0,390149
7,080000	0,396523
7,090000	0,383138
7,100000	0,397798
7,110000	0,380589
7,120000	0,395885
7,130000	0,379951
7,140000	0,399072
7,150000	0,380589
7,160000	0,390149
7,170000	0,385050
7,180000	0,395248
7,190000	0,376764
7,200000	0,395885
7,210000	0,369116
7,220000	0,395248
7,230000	0,385688
7,240000	0,389512
7,250000	0,390786
7,260000	0,388874
7,270000	0,379951
7,280000	0,386325
7,290000	0,387600
7,300000	0,390149
7,310000	0,392699
7,320000	0,385688
7,330000	0,387600
7,340000	0,381226
7,350000	0,387600
7,360000	0,383138
7,370000	0,385050
7,380000	0,379314
7,390000	0,385688
7,400000	0,390149
7,410000	0,383138
7,420000	0,387600
7,430000	0,392699
7,440000	0,380589
7,450000	0,386325
7,460000	0,382501
7,470000	0,380589
7,480000	0,375490
7,490000	0,385050
7,500000	0,381226
7,510000	0,380589
7,520000	0,381863
7,530000	0,387600
7,540000	0,379314
7,550000	0,385688
7,560000	0,386325
7,570000	0,390149
7,580000	0,385688
7,590000	0,395248
7,600000	0,382501
7,610000	0,387600
7,620000	0,380589
7,630000	0,390149
7,640000	0,381863
7,650000	0,393973
7,660000	0,381226
7,670000	0,397160
7,680000	0,383775
7,690000	0,391424
7,700000	0,381863
7,710000	0,393336
7,720000	0,386325
7,730000	0,392061
7,740000	0,376764
7,750000	0,393336
7,760000	0,388237
7,770000	0,395248
7,780000	0,386962
7,790000	0,392699
7,800000	0,381226
7,810000	0,382501
7,820000	0,385050
7,830000	0,393336
7,840000	0,385050
7,850000	0,392061
7,860000	0,385050
7,870000	0,399072
7,880000	0,390149
7,890000	0,393336
7,900000	0,384413
7,910000	0,390786
7,920000	0,384413
7,930000	0,390149
7,940000	0,390786
7,950000	0,389512
7,960000	0,392061
7,970000	0,385688
7,980000	0,388874
7,990000	0,392699
8,000000	0,386325
8,010000	0,396523
8,020000	0,388237
8,030000	0,396523
8,040000	0,387600
8,050000	0,396523
8,060000	0,387600
8,070000	0,395248
8,080000	0,382501
8,090000	0,399072
8,100000	0,389512
8,110000	0,396523
8,120000	0,399072
8,130000	0,397160
8,140000	0,388874
8,150000	0,395885
8,160000	0,393973
8,170000	0,392061
8,180000	0,383138
8,190000	0,404809
8,200000	0,390786
8,210000	0,397160
8,220000	0,400347
8,230000	0,406083
8,240000	0,394611
8,250000	0,399710
8,260000	0,398435
8,270000	0,397798
8,280000	0,387600
8,290000	0,397798
8,300000	0,400347
8,310000	0,397798
8,320000	0,390149
8,330000	0,388237
8,340000	0,391424
8,350000	0,393973
8,360000	0,394611
8,370000	0,392699
8,380000	0,397160
8,390000	0,398435
8,400000	0,389512
8,410000	0,390149
8,420000	0,381863
8,430000	0,395248
8,440000	0,392061
8,450000	0,401622
8,460000	0,394611
8,470000	0,397160
8,480000	0,382501
8,490000	0,407995
8,500000	0,391424
8,510000	0,397160
8,520000	0,376764
8,530000	0,395248
8,540000	0,381863
8,550000	0,403534
8,560000	0,392699
8,570000	0,397798
8,580000	0,391424
8,590000	0,395885
8,600000	0,390149
8,610000	0,404171
8,620000	0,393336
8,630000	0,400347
8,640000	0,395248
8,650000	0,395248
8,660000	0,392699
8,670000	0,403534
8,680000	0,388237
8,690000	0,406721
8,700000	0,383138
8,710000	0,397798
8,720000	0,393336
8,730000	0,397798
8,740000	0,395885
8,750000	0,391424
8,760000	0,397160
8,770000	0,392061
8,780000	0,383775
8,790000	0,382501
8,800000	0,392061
8,810000	0,392699
8,820000	0,394611
8,830000	0,391424
8,840000	0,409907
8,850000	0,400347
8,860000	0,408633
8,870000	0,397798
8,880000	0,394611
8,890000	0,399710
8,900000	0,392699
8,910000	0,388237
8,920000	0,390786
8,930000	0,393336
8,940000	0,395885
8,950000	0,389512
8,960000	0,393336
8,970000	0,404171
8,980000	0,393973
8,990000	0,381863
9,000000	0,395885
9,010000	0,385688
9,020000	0,384413
9,030000	0,390149
9,040000	0,398435
9,050000	0,381863
9,060000	0,388874
9,070000	0,392061
9,080000	0,392699
9,090000	0,391424
9,100000	0,388874
9,110000	0,389512
9,120000	0,393973
9,130000	0,388874
9,140000	0,387600
9,150000	0,384413
9,160000	0,389512
9,170000	0,387600
9,180000	0,385050
9,190000	0,390149
9,200000	0,388874
9,210000	0,385688
9,220000	0,406083
9,230000	0,387600
9,240000	0,386325
9,250000	0,380589
9,260000	0,395885
9,270000	0,389512
9,280000	0,392061
9,290000	0,375490
9,300000	0,392699
9,310000	0,383775
9,320000	0,392699
9,330000	0,381863
9,340000	0,392061
9,350000	0,383138
9,360000	0,392061
9,370000	0,381226
9,380000	0,388874
9,390000	0,386962
9,400000	0,397798
9,410000	0,397798
9,420000	0,395248
9,430000	0,389512
9,440000	0,378677
9,450000	0,395248
9,460000	0,390149
9,470000	0,391424
9,480000	0,386962
9,490000	0,389512
9,500000	0,390149
9,510000	0,377402
9,520000	0,386962
9,530000	0,382501
9,540000	0,386962
9,550000	0,381863
9,560000	0,383775
9,570000	0,388237
9,580000	0,390786
9,590000	0,390149
9,600000	0,390149
9,610000	0,391424
9,620000	0,388237
9,630000	0,383775
9,640000	0,392699
9,650000	0,379314
9,660000	0,388237
9,670000	0,388237
9,680000	0,386962
9,690000	0,397160
9,700000	0,380589
9,710000	0,397160
9,720000	0,383775
9,730000	0,390149
9,740000	0,373578
9,750000	0,400984
9,760000	0,380589
9,770000	0,394611
9,780000	0,374852
9,790000	0,392699
9,800000	0,382501
9,810000	0,391424
9,820000	0,386962
9,830000	0,386962
9,840000	0,378039
9,850000	0,395885
9,860000	0,380589
9,870000	0,388237
9,880000	0,376764
9,890000	0,390149
9,900000	0,381226
9,910000	0,392061
9,920000	0,381863
9,930000	0,392699
9,940000	0,391424
9,950000	0,392699
9,960000	0,384413
9,970000	0,386962
9,980000	0,388874
9,990000	0,393336
10,000000	0,373578
10,010000	0,395885
10,020000	0,393973
10,030000	0,387600
10,040000	0,392061
10,050000	0,391424
10,060000	0,393336
10,070000	0,389512
10,080000	0,388237
10,090000	0,399710
10,100000	0,393973
10,110000	0,391424
10,120000	0,386962
10,130000	0,386962
10,140000	0,387600
10,150000	0,387600
10,160000	0,381863
10,170000	0,385050
10,180000	0,388237
10,190000	0,388874
10,200000	0,397160
10,210000	0,397160
10,220000	0,392061
10,230000	0,386325
10,240000	0,397798
10,250000	0,386962
10,260000	0,397798
10,270000	0,392061
10,280000	0,378039
10,290000	0,392699
10,300000	0,393336
10,310000	0,383775
10,320000	0,388237
10,330000	0,392699
10,340000	0,386962
10,350000	0,388237
10,360000	0,393336
10,370000	0,400347
10,380000	0,396523
10,390000	0,390786
10,400000	0,403534
10,410000	0,383775
10,420000	0,395248
10,430000	0,395248
10,440000	0,394611
10,450000	0,401622
10,460000	0,399710
10,470000	0,384413
10,480000	0,391424
10,490000	0,393973
10,500000	0,386325
10,510000	0,394611
10,520000	0,388237
10,530000	0,401622
10,540000	0,393973
10,550000	0,387600
10,560000	0,389512
10,570000	0,379951
10,580000	0,393336
10,590000	0,385688
10,600000	0,401622
10,610000	0,390786
10,620000	0,386962
10,630000	0,397798
10,640000	0,395248
10,650000	0,401622
10,660000	0,386962
10,670000	0,385050
10,680000	0,401622
10,690000	0,400984
10,700000	0,391424
10,710000	0,388874
10,720000	0,386325
10,730000	0,391424
10,740000	0,386325
10,750000	0,385050
10,760000	0,392699
10,770000	0,396523
10,780000	0,390149
10,790000	0,393336
10,800000	0,387600
10,810000	0,392699
10,820000	0,390149
10,830000	0,388874
10,840000	0,386325
10,850000	0,387600
10,860000	0,395248
10,870000	0,387600
10,880000	0,392699
10,890000	0,396523
10,900000	0,393973
10,910000	0,396523
10,920000	0,391424
10,930000	0,388237
10,940000	0,391424
10,950000	0,379951
10,960000	0,392699
10,970000	0,386962
10,980000	0,395248
10,990000	0,378039
11,000000	0,392061
11,010000	0,382501
11,020000	0,390149
11,030000	0,381863
11,040000	0,388237
11,050000	0,390149
11,060000	0,385050
11,070000	0,392061
11,080000	0,386325
11,090000	0,386325
11,100000	0,386962
11,110000	0,386325
11,120000	0,378677
11,130000	0,381863
11,140000	0,396523
11,150000	0,386962
11,160000	0,389512
11,170000	0,385050
11,180000	0,383138
11,190000	0,381226
11,200000	0,394611
11,210000	0,386962
11,220000	0,386962
11,230000	0,374215
11,240000	0,389512
11,250000	0,384413
11,260000	0,390786
11,270000	0,387600
11,280000	0,388237
11,290000	0,385050
11,300000	0,391424
11,310000	0,400347
11,320000	0,388874
11,330000	0,392061
11,340000	0,397798
11,350000	0,377402
11,360000	0,389512
11,370000	0,388237
11,380000	0,369753
11,390000	0,383138
11,400000	0,377402
11,410000	0,382501
11,420000	0,384413
11,430000	0,394611
11,440000	0,381226
11,450000	0,386962
11,460000	0,392699
11,470000	0,367841
11,480000	0,400984
11,490000	0,378677
11,500000	0,374852
11,510000	0,406721
11,520000	0,373578
11,530000	0,375490
11,540000	0,376764
11,550000	0,379314
11,560000	0,386962
11,570000	0,381226
11,580000	0,385050
11,590000	0,389512
11,600000	0,369116
11,610000	0,378677
11,620000	0,382501
11,630000	0,381863
11,640000	0,394611
11,650000	0,390786
11,660000	0,390786
11,670000	0,372940
11,680000	0,384413
11,690000	0,379314
11,700000	0,388237
11,710000	0,379951
11,720000	0,383775
11,730000	0,385050
11,740000	0,402896
11,750000	0,394611
11,760000	0,381863
11,770000	0,390786
11,780000	0,398435
11,790000	0,374852
11,800000	0,390786
11,810000	0,392699
11,820000	0,369116
11,830000	0,388237
11,840000	0,399710
11,850000	0,399710
11,860000	0,385050
11,870000	0,364017
11,880000	0,388237
11,890000	0,437952
11,900000	0,391424
11,910000	0,388874
11,920000	0,337248
11,930000	0,387600
11,940000	0,474281
11,950000	0,377402
11,960000	0,379951
11,970000	0,403534
11,980000	0,388237
11,990000	0,529095
12,000000	0,378677
12,010000	0,374852
12,020000	0,430303
12,030000	0,376764
12,040000	0,342984
12,050000	0,374215
12,060000	0,388874
12,070000	0,322588
12,080000	0,384413
12,090000	0,362105
12,100000	0,382501
12,110000	0,382501
12,120000	0,340435
12,130000	0,367204
12,140000	0,358918
12,150000	0,380589
12,160000	0,389512
12,170000	0,383775
12,180000	0,367204
12,190000	0,388874
12,200000	0,385688
12,210000	0,384413
12,220000	0,378039
12,230000	0,388874
12,240000	0,371665
12,250000	0,392699
12,260000	0,384413
12,270000	0,389512
12,280000	0,378039
12,290000	0,372940
12,300000	0,376764
12,310000	0,409270
12,320000	0,393973
12,330000	0,378039
12,340000	0,393336
12,350000	0,391424
12,360000	0,402896
12,370000	0,389512
12,380000	0,392061
12,390000	0,372940
12,400000	0,372303
12,410000	0,387600
12,420000	0,367841
12,430000	0,397798
12,440000	0,366567
12,450000	0,395248
12,460000	0,424567
12,470000	0,407995
12,480000	0,421380
12,490000	0,432853
12,500000	0,432215
12,510000	0,416281
12,520000	0,432215
12,530000	0,456435
12,540000	0,409907
12,550000	0,451974
12,560000	0,390149
12,570000	0,383138
12,580000	0,450062
12,590000	0,389512
12,600000	0,369116
12,610000	0,436677
12,620000	0,360830
12,630000	0,400984
12,640000	0,376764
12,650000	0,406721
12,660000	0,361468
12,670000	0,341709
12,680000	0,380589
12,690000	0,378677
12,700000	0,328962
12,710000	0,367204
12,720000	0,359556
12,730000	0,314303
12,740000	0,388874
12,750000	0,308566
12,760000	0,381863
12,770000	0,398435
12,780000	0,452611
12,790000	0,372303
12,800000	0,455160
12,810000	0,386325
12,820000	0,397160
12,830000	0,344896
12,840000	0,393336
12,850000	0,367204
12,860000	0,397798
12,870000	0,405446
12,880000	0,212961
12,890000	0,392061
12,900000	0,201489
12,910000	0,383138
12,920000	0,388237
12,930000	0,454523
12,940000	0,382501
12,950000	0,452611
12,960000	0,381226
12,970000	0,381863
12,980000	0,407995
12,990000	0,393336
13,000000	0,402259
13,010000	0,382501
13,020000	0,392699
13,030000	0,386962
13,040000	0,388237
13,050000	0,397798
13,060000	0,389512
13,070000	0,390786
13,080000	0,399710
13,090000	0,403534
13,100000	0,406721
13,110000	0,400984
13,120000	0,402896
13,130000	0,401622
13,140000	0,397160
13,150000	0,404809
13,160000	0,399710
13,170000	0,389512
13,180000	0,382501
13,190000	0,394611
13,200000	0,386325
13,210000	0,399710
13,220000	0,386325
13,230000	0,384413
13,240000	0,385688
13,250000	0,379314
13,260000	0,364017
13,270000	0,357006
13,280000	0,395248
13,290000	0,367841
13,300000	0,415644
13,310000	0,343621
13,320000	0,365929
13,330000	0,406083
13,340000	0,374852
13,350000	0,395885
13,360000	0,390149
13,370000	0,375490
13,380000	0,378039
13,390000	0,372940
13,400000	0,389512
13,410000	0,401622
13,420000	0,395885
13,430000	0,366567
13,440000	0,374852
13,450000	0,341072
13,460000	0,348720
13,470000	0,395885
13,480000	0,316215
13,490000	0,296456
13,500000	0,320039
13,510000	0,386325
13,520000	0,331511
13,530000	0,334061
13,540000	0,323226
13,550000	0,398435
13,560000	0,318127
13,570000	0,460897
13,580000	0,415006
13,590000	0,369116
13,600000	0,413094
13,610000	0,405446
13,620000	0,473644
13,630000	0,397798
13,640000	0,473644
13,650000	0,404809
13,660000	0,473007
13,670000	0,365929
13,680000	0,395248
13,690000	0,343621
13,700000	0,391424
13,710000	0,394611
13,720000	0,372940
13,730000	0,379951
13,740000	0,345533
13,750000	0,386325
13,760000	0,335973
13,770000	0,379951
13,780000	0,376127
13,790000	0,505512
13,800000	0,378677
13,810000	0,372940
13,820000	0,375490
13,830000	0,379951
13,840000	0,344896
13,850000	0,374215
13,860000	0,372303
13,870000	0,376764
13,880000	0,369116
13,890000	0,313028
13,900000	0,373578
13,910000	0,382501
13,920000	0,370391
13,930000	0,375490
13,940000	0,382501
13,950000	0,377402
13,960000	0,379951
13,970000	0,379951
13,980000	0,385688
13,990000	0,379951
14,000000	0,377402
14,010000	0,363380
14,020000	0,386325
14,030000	0,361468
14,040000	0,344259
14,050000	0,358281
14,060000	0,366567
14,070000	0,378677
14,080000	0,359556
14,090000	0,357006
14,100000	0,371028
14,110000	0,373578
14,120000	0,385050
14,130000	0,383138
14,140000	0,385050
14,150000	0,375490
14,160000	0,377402
14,170000	0,374215
14,180000	0,367841
14,190000	0,314303
14,200000	0,363380
14,210000	0,397160
14,220000	0,389512
14,230000	0,372303
14,240000	0,402896
14,250000	0,357006
14,260000	0,410545
14,270000	0,393973
14,280000	0,423292
14,290000	0,448787
14,300000	0,434127
14,310000	0,399710
14,320000	0,430941
14,330000	0,390786
14,340000	0,432853
14,350000	0,450062
14,360000	0,388874
14,370000	0,434127
14,380000	0,439864
14,390000	0,437952
14,400000	0,453248
14,410000	0,443688
14,420000	0,417556
14,430000	0,446875
14,440000	0,372303
14,450000	0,523359
14,460000	0,392061
14,470000	0,378677
14,480000	0,405446
14,490000	0,342347
14,500000	0,359556
14,510000	0,357006
14,520000	0,337885
14,530000	0,294544
14,540000	0,355731
14,550000	0,265225
14,560000	0,382501
14,570000	0,319401
14,580000	0,318764
14,590000	0,365929
14,600000	0,470457
14,610000	0,384413
14,620000	0,395248
14,630000	0,226983
14,640000	0,382501
14,650000	0,288171
14,660000	0,391424
14,670000	0,414369
14,680000	0,242280
14,690000	0,385050
14,700000	0,165159
14,710000	0,401622
14,720000	0,387600
14,730000	0,470457
14,740000	0,386962
14,750000	0,460897
14,760000	0,381226
14,770000	0,381226
14,780000	0,395248
14,790000	0,386325
14,800000	0,446875
14,810000	0,385050
14,820000	0,380589
14,830000	0,376127
14,840000	0,392699
14,850000	0,374215
14,860000	0,383138
14,870000	0,383775
14,880000	0,392061
14,890000	0,384413
14,900000	0,400347
14,910000	0,386962
14,920000	0,387600
14,930000	0,396523
14,940000	0,383775
14,950000	0,433490
14,960000	0,397798
14,970000	0,412457
14,980000	0,395885
14,990000	0,408633
15,000000	0,392699
15,010000	0,392061
15,020000	0,395885
15,030000	0,417556
15,040000	0,383138
15,050000	0,453248
15,060000	0,377402
15,070000	0,386962
15,080000	0,423292
15,090000	0,388874
15,100000	0,454523
15,110000	0,371665
15,120000	0,396523
15,130000	0,354457
15,140000	0,393973
15,150000	0,306017
15,160000	0,364654
15,170000	0,379314
15,180000	0,367841
15,190000	0,352545
15,200000	0,371028
15,210000	0,379951
15,220000	0,385688
15,230000	0,408633
15,240000	0,379951
15,250000	0,395248
15,260000	0,302193
15,270000	0,342984
15,280000	0,280522
15,290000	0,319401
15,300000	0,312390
15,310000	0,375490
15,320000	0,307292
15,330000	0,335973
15,340000	0,311753
15,350000	0,372303
15,360000	0,266500
15,370000	0,411182
15,380000	0,406083
15,390000	0,344896
15,400000	0,404171
15,410000	0,437314
15,420000	0,471732
15,430000	0,434127
15,440000	0,507424
15,450000	0,409270
15,460000	0,447512
15,470000	0,453248
15,480000	0,411820
15,490000	0,318127
15,500000	0,405446
15,510000	0,368479
15,520000	0,399710
15,530000	0,376127
15,540000	0,544392
15,550000	0,383138
15,560000	0,369116
15,570000	0,354457
15,580000	0,381226
15,590000	0,604304
15,600000	0,372303
15,610000	0,362105
15,620000	0,379951
15,630000	0,376764
15,640000	0,299643
15,650000	0,369753
15,660000	0,376764
15,670000	0,379314
15,680000	0,367841
15,690000	0,341709
15,700000	0,362742
15,710000	0,377402
15,720000	0,374852
15,730000	0,365292
15,740000	0,389512
15,750000	0,378677
15,760000	0,379951
15,770000	0,371665
15,780000	0,376127
15,790000	0,357643
15,800000	0,380589
15,810000	0,367841
15,820000	0,372940
15,830000	0,381863
15,840000	0,367204
15,850000	0,367204
15,860000	0,376127
15,870000	0,369116
15,880000	0,352545
15,890000	0,372940
15,900000	0,343621
15,910000	0,367204
15,920000	0,362742
15,930000	0,356369
15,940000	0,320676
15,950000	0,360830
15,960000	0,359556
15,970000	0,387600
15,980000	0,370391
15,990000	0,351907
16,000000	0,364654
16,010000	0,379951
16,020000	0,364654
16,030000	0,374215
16,040000	0,394611
16,050000	0,351270
16,060000	0,375490
16,070000	0,372940
16,080000	0,426479
16,090000	0,426479
16,100000	0,465358
16,110000	0,370391
16,120000	0,365929
16,130000	0,397798
16,140000	0,393336
16,150000	0,397798
16,160000	0,392061
16,170000	0,367204
16,180000	0,408633
16,190000	0,382501
16,200000	0,374852
16,210000	0,413732
16,220000	0,450699
16,230000	0,399710
16,240000	0,447512
16,250000	0,453248
16,260000	0,420105
16,270000	0,456435
16,280000	0,378677
16,290000	0,407358
16,300000	0,343621
16,310000	0,429028
16,320000	0,408633
16,330000	0,395885
16,340000	0,351907
16,350000	0,341709
16,360000	0,352545
16,370000	0,319401
16,380000	0,187467
16,390000	0,357006
16,400000	0,357006
16,410000	0,369116
16,420000	0,374852
16,430000	0,223159
16,440000	0,368479
16,450000	0,181730
16,460000	0,381863
16,470000	0,387600
16,480000	0,342984
16,490000	0,381226
16,500000	0,265863
16,510000	0,380589
16,520000	0,376764
16,530000	0,389512
16,540000	0,383138
16,550000	0,436039
16,560000	0,384413
16,570000	0,386962
16,580000	0,376764
16,590000	0,387600
16,600000	0,376764
16,610000	0,370391
16,620000	0,378039
16,630000	0,375490
16,640000	0,395248
16,650000	0,375490
16,660000	0,379314
16,670000	0,383138
16,680000	0,382501
16,690000	0,367204
16,700000	0,401622
16,710000	0,375490
16,720000	0,381863
16,730000	0,354457
16,740000	0,380589
16,750000	0,366567
16,760000	0,383775
16,770000	0,381863
16,780000	0,379314
16,790000	0,402259
16,800000	0,437952
16,810000	0,395885
16,820000	0,397160
16,830000	0,446237
16,840000	0,407995
16,850000	0,415006
16,860000	0,378677
16,870000	0,361468
16,880000	0,374852
16,890000	0,399072
16,900000	0,374852
16,910000	0,378039
16,920000	0,383775
16,930000	0,326413
16,940000	0,355094
16,950000	0,382501
16,960000	0,411820
16,970000	0,383138
16,980000	0,365929
16,990000	0,335973
17,000000	0,337248
17,010000	0,386962
17,020000	0,369753
17,030000	0,329599
17,040000	0,403534
17,050000	0,389512
17,060000	0,383775
17,070000	0,360193
17,080000	0,420105
17,090000	0,428391
17,100000	0,406721
17,110000	0,463446
17,120000	0,466633
17,130000	0,424567
17,140000	0,372303
17,150000	0,427754
17,160000	0,373578
17,170000	0,276061
17,180000	0,317489
17,190000	0,328325
17,200000	0,290720
17,210000	0,281160
17,220000	0,290083
17,230000	0,346808
17,240000	0,327050
17,250000	0,434127
17,260000	0,525908
17,270000	0,424567
17,280000	0,416281
17,290000	0,476831
17,300000	0,386962
17,310000	0,355731
17,320000	0,368479
17,330000	0,372940
17,340000	0,395248
17,350000	0,376127
17,360000	0,376127
17,370000	0,371665
17,380000	0,381863
17,390000	0,377402
17,400000	0,380589
17,410000	0,376127
17,420000	0,377402
17,430000	0,365929
17,440000	0,364654
17,450000	0,371665
17,460000	0,379951
17,470000	0,378039
17,480000	0,377402
17,490000	0,382501
17,500000	0,371665
17,510000	0,373578
17,520000	0,364654
17,530000	0,384413
17,540000	0,342984
17,550000	0,376764
17,560000	0,379314
17,570000	0,366567
17,580000	0,381226
17,590000	0,374215
17,600000	0,371665
17,610000	0,365292
17,620000	0,377402
17,630000	0,367841
17,640000	0,357006
17,650000	0,364654
17,660000	0,346808
17,670000	0,375490
17,680000	0,367841
17,690000	0,281160
17,700000	0,360830
17,710000	0,340435
17,720000	0,369753
17,730000	0,381226
17,740000	0,353819
17,750000	0,365929
17,760000	0,386962
17,770000	0,363380
17,780000	0,409907
17,790000	0,393336
17,800000	0,388874
17,810000	0,365929
17,820000	0,355731
17,830000	0,369753
17,840000	0,385050
17,850000	0,411820
17,860000	0,376127
17,870000	0,368479
17,880000	0,390149
17,890000	0,369116
17,900000	0,367204
17,910000	0,371028
17,920000	0,342984
17,930000	0,392699
17,940000	0,399072
17,950000	0,440501
17,960000	0,352545
17,970000	0,364654
17,980000	0,393336
17,990000	0,346171
18,000000	0,375490
18,010000	0,320039
18,020000	0,337885
18,030000	0,313665
18,040000	0,404171
18,050000	0,405446
18,060000	0,369753
18,070000	0,407995
18,080000	0,323863
18,090000	0,377402
18,100000	0,456435
18,110000	0,357006
18,120000	0,360830
18,130000	0,366567
18,140000	0,311116
18,150000	0,421380
18,160000	0,352545
18,170000	0,353819
18,180000	0,378677
18,190000	0,334698
18,200000	0,361468
18,210000	0,366567
18,220000	0,342347
18,230000	0,341709
18,240000	0,364654
18,250000	0,415644
18,260000	0,367204
18,270000	0,371028
18,280000	0,371028
18,290000	0,371028
18,300000	0,400347
18,310000	0,381226
18,320000	0,365292
18,330000	0,379951
18,340000	0,372940
18,350000	0,372940
18,360000	0,373578
18,370000	0,374852
18,380000	0,376764
18,390000	0,378677
18,400000	0,376127
18,410000	0,373578
18,420000	0,382501
18,430000	0,375490
18,440000	0,371028
18,450000	0,374852
18,460000	0,376127
18,470000	0,369116
18,480000	0,377402
18,490000	0,380589
18,500000	0,379951
18,510000	0,374852
18,520000	0,376127
18,530000	0,379951
18,540000	0,382501
18,550000	0,392699
18,560000	0,379951
18,570000	0,412457
18,580000	0,379314
18,590000	0,382501
18,600000	0,447512
18,610000	0,372940
18,620000	0,444325
18,630000	0,364017
18,640000	0,380589
18,650000	0,379951
18,660000	0,355094
18,670000	0,370391
18,680000	0,371028
18,690000	0,371028
18,700000	0,369753
18,710000	0,341709
18,720000	0,371028
18,730000	0,349358
18,740000	0,378677
18,750000	0,376127
18,760000	0,378677
18,770000	0,358281
18,780000	0,379314
18,790000	0,372303
18,800000	0,381863
18,810000	0,346171
18,820000	0,379951
18,830000	0,341709
18,840000	0,378677
18,850000	0,358281
18,860000	0,365292
18,870000	0,360830
18,880000	0,382501
18,890000	0,372940
18,900000	0,371028
18,910000	0,392699
18,920000	0,382501
18,930000	0,384413
18,940000	0,381863
18,950000	0,379951
18,960000	0,362105
18,970000	0,376127
18,980000	0,409270
18,990000	0,375490
19,000000	0,379314
19,010000	0,372303
19,020000	0,377402
19,030000	0,421380
19,040000	0,374215
19,050000	0,377402
19,060000	0,380589
19,070000	0,365929
19,080000	0,480018
19,090000	0,366567
19,100000	0,378039
19,110000	0,373578
19,120000	0,373578
19,130000	0,351270
19,140000	0,376764
19,150000	0,382501
19,160000	0,384413
19,170000	0,371665
19,180000	0,385050
19,190000	0,374852
19,200000	0,369753
19,210000	0,374852
19,220000	0,382501
19,230000	0,371028
19,240000	0,362742
19,250000	0,366567
19,260000	0,377402
19,270000	0,376127
19,280000	0,381226
19,290000	0,374852
19,300000	0,372303
19,310000	0,377402
19,320000	0,376127
19,330000	0,378677
19,340000	0,369753
19,350000	0,364017
19,360000	0,369753
19,370000	0,370391
19,380000	0,370391
19,390000	0,376127
19,400000	0,367204
19,410000	0,370391
19,420000	0,375490
19,430000	0,369753
19,440000	0,371665
19,450000	0,374215
19,460000	0,379314
19,470000	0,374852
19,480000	0,372303
19,490000	0,374852
19,500000	0,371028
19,510000	0,379314
19,520000	0,369116
19,530000	0,364017
19,540000	0,367204
19,550000	0,372940
19,560000	0,371665
19,570000	0,375490
19,580000	0,381226
19,590000	0,368479
19,600000	0,371665
19,610000	0,374852
19,620000	0,377402
19,630000	0,371028
19,640000	0,378677
19,650000	0,362105
19,660000	0,379951
19,670000	0,368479
19,680000	0,371665
19,690000	0,368479
19,700000	0,371665
19,710000	0,372303
19,720000	0,372940
19,730000	0,367841
19,740000	0,369753
19,750000	0,373578
19,760000	0,376764
19,770000	0,372940
19,780000	0,367841
19,790000	0,369753
19,800000	0,364017
19,810000	0,367841
19,820000	0,374852
19,830000	0,365929
19,840000	0,370391
19,850000	0,370391
19,860000	0,371028
19,870000	0,374215
19,880000	0,367841
19,890000	0,367841
19,900000	0,362105
19,910000	0,368479
19,920000	0,367841
19,930000	0,365929
19,940000	0,364654
19,950000	0,366567
19,960000	0,362105
19,970000	0,366567
19,980000	0,364654
19,990000	0,363380
20,000000	0,366567
20,010000	0,358281
20,020000	0,369116
20,030000	0,369753
20,040000	0,367841
20,050000	0,372303
20,060000	0,369116
20,070000	0,365929
20,080000	0,371665
20,090000	0,364017
20,100000	0,369116
20,110000	0,367204
20,120000	0,363380
20,130000	0,365292
20,140000	0,367841
20,150000	0,362105
20,160000	0,371028
20,170000	0,367841
20,180000	0,370391
20,190000	0,370391
20,200000	0,367841
20,210000	0,364017
20,220000	0,367204
20,230000	0,366567
20,240000	0,364017
20,250000	0,370391
20,260000	0,368479
20,270000	0,367204
20,280000	0,365929
20,290000	0,372303
20,300000	0,369116
20,310000	0,366567
20,320000	0,366567
20,330000	0,363380
20,340000	0,366567
20,350000	0,364017
20,360000	0,373578
20,370000	0,369116
20,380000	0,369753
20,390000	0,367841
20,400000	0,372303
20,410000	0,361468
20,420000	0,375490
20,430000	0,360830
20,440000	0,374215
20,450000	0,360193
20,460000	0,374215
20,470000	0,364017
20,480000	0,371665
20,490000	0,365929
20,500000	0,374852
20,510000	0,362105
20,520000	0,376127
20,530000	0,355731
20,540000	0,374852
20,550000	0,367841
20,560000	0,376764
20,570000	0,362742
20,580000	0,372303
20,590000	0,371665
20,600000	0,369116
20,610000	0,372303
20,620000	0,369116
20,630000	0,368479
20,640000	0,376764
20,650000	0,365292
20,660000	0,374215
20,670000	0,368479
20,680000	0,374215
20,690000	0,367841
20,700000	0,372303
20,710000	0,369116
20,720000	0,364017
20,730000	0,367204
20,740000	0,371028
20,750000	0,372303
20,760000	0,369116
20,770000	0,371028
20,780000	0,377402
20,790000	0,373578
20,800000	0,375490
20,810000	0,374852
20,820000	0,374852
20,830000	0,367204
20,840000	0,375490
20,850000	0,369116
20,860000	0,379314
20,870000	0,365929
20,880000	0,373578
20,890000	0,370391
20,900000	0,372303
20,910000	0,369116
20,920000	0,368479
20,930000	0,371665
20,940000	0,376764
20,950000	0,374852
20,960000	0,370391
20,970000	0,372303
20,980000	0,378039
20,990000	0,369753
21,000000	0,374215
21,010000	0,361468
21,020000	0,377402
21,030000	0,368479
21,040000	0,376127
21,050000	0,368479
21,060000	0,374215
21,070000	0,371028
21,080000	0,372303
21,090000	0,369753
21,100000	0,379951
21,110000	0,366567
21,120000	0,373578
21,130000	0,376764
21,140000	0,373578
21,150000	0,374852
21,160000	0,375490
21,170000	0,373578
21,180000	0,376127
21,190000	0,374215
21,200000	0,374215
21,210000	0,374852
21,220000	0,372940
21,230000	0,378039
21,240000	0,370391
21,250000	0,371665
21,260000	0,367841
21,270000	0,374852
21,280000	0,371028
21,290000	0,373578
21,300000	0,369753
21,310000	0,367204
21,320000	0,364654
21,330000	0,368479
21,340000	0,367841
21,350000	0,368479
21,360000	0,374215
21,370000	0,368479
21,380000	0,372303
21,390000	0,372940
21,400000	0,374852
21,410000	0,364017
21,420000	0,374215
21,430000	0,364654
21,440000	0,375490
21,450000	0,361468
21,460000	0,374215
21,470000	0,369116
21,480000	0,377402
21,490000	0,366567
21,500000	0,369753
21,510000	0,364654
21,520000	0,368479
21,530000	0,372940
21,540000	0,369116
21,550000	0,368479
21,560000	0,371665
21,570000	0,369753
21,580000	0,370391
21,590000	0,362742
21,600000	0,368479
21,610000	0,367204
21,620000	0,368479
21,630000	0,367204
21,640000	0,368479
21,650000	0,365929
21,660000	0,367204
21,670000	0,362742
21,680000	0,366567
21,690000	0,365929
21,700000	0,366567
21,710000	0,364017
21,720000	0,367841
21,730000	0,364017
21,740000	0,366567
21,750000	0,364017
21,760000	0,369753
21,770000	0,357643
21,780000	0,367204
21,790000	0,358281
21,800000	0,369753
21,810000	0,362105
21,820000	0,371665
21,830000	0,358918
21,840000	0,368479
21,850000	0,361468
21,860000	0,367204
21,870000	0,358918
21,880000	0,362105
21,890000	0,362742
21,900000	0,362105
21,910000	0,360830
21,920000	0,364017
21,930000	0,362105
21,940000	0,368479
21,950000	0,358918
21,960000	0,362105
21,970000	0,360830
21,980000	0,365929
21,990000	0,362105
22,000000	0,364017
22,010000	0,362105
22,020000	0,360193
22,030000	0,362105
22,040000	0,365292
22,050000	0,365929
22,060000	0,360830
22,070000	0,358918
22,080000	0,358918
22,090000	0,365292
22,100000	0,364654
22,110000	0,361468
22,120000	0,364017
22,130000	0,363380
22,140000	0,362105
22,150000	0,361468
22,160000	0,355094
22,170000	0,364654
22,180000	0,358918
22,190000	0,359556
22,200000	0,367204
22,210000	0,358918
22,220000	0,362105
22,230000	0,363380
22,240000	0,364017
22,250000	0,364654
22,260000	0,362105
22,270000	0,362105
22,280000	0,362105
22,290000	0,358918
22,300000	0,362105
22,310000	0,364017
22,320000	0,365929
22,330000	0,360193
22,340000	0,363380
22,350000	0,357006
22,360000	0,365292
22,370000	0,360193
22,380000	0,361468
22,390000	0,362742
22,400000	0,362105
22,410000	0,357643
22,420000	0,354457
22,430000	0,358918
22,440000	0,364654
22,450000	0,364017
22,460000	0,360830
22,470000	0,360830
22,480000	0,367841
22,490000	0,362105
22,500000	0,365292
22,510000	0,357006
22,520000	0,363380
22,530000	0,355094
22,540000	0,364017
22,550000	0,357006
22,560000	0,374215
22,570000	0,358281
22,580000	0,372303
22,590000	0,359556
22,600000	0,370391
22,610000	0,369116
22,620000	0,365292
22,630000	0,364654
22,640000	0,364017
22,650000	0,368479
22,660000	0,365929
22,670000	0,360830
22,680000	0,365292
22,690000	0,365929
22,700000	0,369753
22,710000	0,359556
22,720000	0,370391
22,730000	0,360830
22,740000	0,366567
22,750000	0,364017
22,760000	0,366567
22,770000	0,369753
22,780000	0,364654
22,790000	0,362105
22,800000	0,369116
22,810000	0,364654
22,820000	0,371665
22,830000	0,359556
22,840000	0,369753
22,850000	0,361468
22,860000	0,367841
22,870000	0,364654
22,880000	0,363380
22,890000	0,363380
22,900000	0,367204
22,910000	0,365292
22,920000	0,362742
22,930000	0,365929
22,940000	0,364654
22,950000	0,364654
22,960000	0,366567
22,970000	0,368479
22,980000	0,366567
22,990000	0,365292
23,000000	0,366567
23,010000	0,367204
23,020000	0,368479
23,030000	0,362105
23,040000	0,370391
23,050000	0,362105
23,060000	0,371665
23,070000	0,363380
23,080000	0,365929
23,090000	0,369753
23,100000	0,369116
23,110000	0,366567
23,120000	0,369116
23,130000	0,364654
23,140000	0,369116
23,150000	0,364017
23,160000	0,364654
23,170000	0,372303
23,180000	0,363380
23,190000	0,367204
23,200000	0,371028
23,210000	0,372303
23,220000	0,372303
23,230000	0,363380
23,240000	0,367841
23,250000	0,366567
23,260000	0,367841
23,270000	0,364017
23,280000	0,368479
23,290000	0,365929
23,300000	0,373578
23,310000	0,367841
23,320000	0,366567
23,330000	0,369116
23,340000	0,365292
23,350000	0,367841
23,360000	0,365292
23,370000	0,364654
23,380000	0,371665
23,390000	0,362742
23,400000	0,369753
23,410000	0,362742
23,420000	0,372303
23,430000	0,370391
23,440000	0,374852
23,450000	0,370391
23,460000	0,365929
23,470000	0,364654
23,480000	0,371665
23,490000	0,358918
23,500000	0,365929
23,510000	0,366567
23,520000	0,369116
23,530000	0,363380
23,540000	0,369753
23,550000	0,366567
23,560000	0,370391
23,570000	0,362105
23,580000	0,369116
23,590000	0,358281
23,600000	0,371028
23,610000	0,360830
23,620000	0,367204
23,630000	0,361468
23,640000	0,366567
23,650000	0,359556
23,660000	0,362742
23,670000	0,357643
23,680000	0,364017
23,690000	0,355731
23,700000	0,366567
23,710000	0,359556
23,720000	0,361468
23,730000	0,363380
23,740000	0,365292
23,750000	0,359556
23,760000	0,361468
23,770000	0,360830
23,780000	0,362105
23,790000	0,362742
23,800000	0,362105
23,810000	0,357006
23,820000	0,364017
23,830000	0,360193
23,840000	0,366567
23,850000	0,361468
23,860000	0,359556
23,870000	0,360830
23,880000	0,359556
23,890000	0,356369
23,900000	0,364017
23,910000	0,358281
23,920000	0,362105
23,930000	0,358918
23,940000	0,360830
23,950000	0,354457
23,960000	0,365929
23,970000	0,358281
23,980000	0,364654
23,990000	0,353182
24,000000	0,364654
24,010000	0,351907
24,020000	0,362105
24,030000	0,352545
24,040000	0,367204
24,050000	0,355731
24,060000	0,364654
24,070000	0,355094
24,080000	0,364654
24,090000	0,358281
24,100000	0,364654
24,110000	0,356369
24,120000	0,359556
24,130000	0,357006
24,140000	0,358918
24,150000	0,359556
24,160000	0,358918
24,170000	0,359556
24,180000	0,357006
24,190000	0,358918
24,200000	0,355731
24,210000	0,357006
24,220000	0,361468
24,230000	0,358281
24,240000	0,358281
24,250000	0,354457
24,260000	0,359556
24,270000	0,358918
24,280000	0,359556
24,290000	0,363380
24,300000	0,361468
24,310000	0,358281
24,320000	0,357006
24,330000	0,357643
24,340000	0,362105
24,350000	0,358918
24,360000	0,362742
24,370000	0,355094
24,380000	0,364654
24,390000	0,352545
24,400000	0,362742
24,410000	0,353182
24,420000	0,364654
24,430000	0,355094
24,440000	0,362105
24,450000	0,357006
24,460000	0,359556
24,470000	0,360830
24,480000	0,359556
24,490000	0,359556
24,500000	0,358281
24,510000	0,360830
24,520000	0,357006
24,530000	0,358281
24,540000	0,358918
24,550000	0,357006
24,560000	0,355094
24,570000	0,359556
24,580000	0,358918
24,590000	0,362105
24,600000	0,358281
24,610000	0,362105
24,620000	0,359556
24,630000	0,358918
24,640000	0,360193
24,650000	0,359556
24,660000	0,360193
24,670000	0,355731
24,680000	0,359556
24,690000	0,358281
24,700000	0,362105
24,710000	0,360193
24,720000	0,363380
24,730000	0,358281
24,740000	0,364017
24,750000	0,355731
24,760000	0,365929
24,770000	0,358918
24,780000	0,361468
24,790000	0,358918
24,800000	0,358918
24,810000	0,358918
24,820000	0,362105
24,830000	0,358918
24,840000	0,367204
24,850000	0,357006
24,860000	0,364654
24,870000	0,358918
24,880000	0,365929
24,890000	0,358281
24,900000	0,364017
24,910000	0,357006
24,920000	0,365929
24,930000	0,357006
24,940000	0,368479
24,950000	0,354457
24,960000	0,369753
24,970000	0,355731
24,980000	0,365929
24,990000	0,359556
25,000000	0,366567
25,010000	0,359556
25,020000	0,364654
25,030000	0,357006
25,040000	0,365929
25,050000	0,355731
25,060000	0,367841
25,070000	0,361468
25,080000	0,363380
25,090000	0,358918
25,100000	0,364654
25,110000	0,360193
25,120000	0,364654
25,130000	0,360193
25,140000	0,362105
25,150000	0,359556
25,160000	0,364017
25,170000	0,362105
25,180000	0,362742
25,190000	0,356369
25,200000	0,365292
25,210000	0,356369
25,220000	0,364017
25,230000	0,355731
25,240000	0,360830
25,250000	0,359556
25,260000	0,362742
25,270000	0,358281
25,280000	0,360830
25,290000	0,358918
25,300000	0,363380
25,310000	0,358281
25,320000	0,364017
25,330000	0,358918
25,340000	0,363380
25,350000	0,357643
25,360000	0,364017
25,370000	0,362105
25,380000	0,362742
25,390000	0,358918
25,400000	0,364654
25,410000	0,361468
25,420000	0,363380
25,430000	0,362742
25,440000	0,363380
25,450000	0,362742
25,460000	0,362105
25,470000	0,362742
25,480000	0,359556
25,490000	0,363380
25,500000	0,359556
25,510000	0,359556
25,520000	0,359556
25,530000	0,359556
25,540000	0,357643
25,550000	0,363380
25,560000	0,355731
25,570000	0,358918
25,580000	0,362742
25,590000	0,360193
25,600000	0,364017
25,610000	0,355731
25,620000	0,357643
25,630000	0,359556
25,640000	0,360193
25,650000	0,358281
25,660000	0,356369
25,670000	0,358918
25,680000	0,360830
25,690000	0,359556
25,700000	0,358281
25,710000	0,357643
25,720000	0,360193
25,730000	0,357006
25,740000	0,358918
25,750000	0,357006
25,760000	0,355094
25,770000	0,357006
25,780000	0,357643
25,790000	0,357006
25,800000	0,356369
25,810000	0,357006
25,820000	0,360830
25,830000	0,352545
25,840000	0,360830
25,850000	0,355731
25,860000	0,358281
25,870000	0,353819
25,880000	0,361468
25,890000	0,349358
25,900000	0,358281
25,910000	0,358918
25,920000	0,358918
25,930000	0,352545
25,940000	0,352545
25,950000	0,353819
25,960000	0,358281
25,970000	0,353182
25,980000	0,355731
25,990000	0,357006
26,000000	0,357006
26,010000	0,356369
26,020000	0,356369
26,030000	0,353182
26,040000	0,354457
26,050000	0,354457
26,060000	0,352545
26,070000	0,354457
26,080000	0,355731
26,090000	0,358281
26,100000	0,355094
26,110000	0,351907
26,120000	0,351907
26,130000	0,350632
26,140000	0,355094
26,150000	0,352545
26,160000	0,355731
26,170000	0,356369
26,180000	0,351907
26,190000	0,357006
26,200000	0,348083
26,210000	0,348720
26,220000	0,347446
26,230000	0,353182
26,240000	0,349358
26,250000	0,353819
26,260000	0,352545
26,270000	0,351907
26,280000	0,357643
26,290000	0,352545
26,300000	0,362105
26,310000	0,350632
26,320000	0,357643
26,330000	0,346808
26,340000	0,357643
26,350000	0,352545
26,360000	0,353182
26,370000	0,349995
26,380000	0,353182
26,390000	0,346171
26,400000	0,353819
26,410000	0,353182
26,420000	0,358281
26,430000	0,357006
26,440000	0,355094
26,450000	0,351270
26,460000	0,356369
26,470000	0,355094
26,480000	0,349995
26,490000	0,357643
26,500000	0,347446
26,510000	0,351907
26,520000	0,349358
26,530000	0,354457
26,540000	0,353819
26,550000	0,353182
26,560000	0,358918
26,570000	0,355094
26,580000	0,355731
26,590000	0,349358
26,600000	0,355094
26,610000	0,348720
26,620000	0,351907
26,630000	0,355731
26,640000	0,351907
26,650000	0,353182
26,660000	0,346171
26,670000	0,351907
26,680000	0,357643
26,690000	0,352545
26,700000	0,361468
26,710000	0,351270
26,720000	0,355731
26,730000	0,346171
26,740000	0,357643
26,750000	0,350632
26,760000	0,358918
26,770000	0,346808
26,780000	0,357643
26,790000	0,346808
26,800000	0,357006
26,810000	0,347446
26,820000	0,351270
26,830000	0,348720
26,840000	0,361468
26,850000	0,349358
26,860000	0,361468
26,870000	0,351270
26,880000	0,360193
26,890000	0,349358
26,900000	0,355731
26,910000	0,355094
26,920000	0,358918
26,930000	0,352545
26,940000	0,359556
26,950000	0,349358
26,960000	0,360830
26,970000	0,355094
26,980000	0,364017
26,990000	0,355731
27,000000	0,355731
27,010000	0,355731
27,020000	0,362105
27,030000	0,354457
27,040000	0,364017
27,050000	0,361468
27,060000	0,357643
27,070000	0,364654
27,080000	0,359556
27,090000	0,367204
27,100000	0,362742
27,110000	0,357643
27,120000	0,358281
27,130000	0,351270
27,140000	0,360830
27,150000	0,357006
27,160000	0,364017
27,170000	0,354457
27,180000	0,357643
27,190000	0,353182
27,200000	0,357006
27,210000	0,349358
27,220000	0,357643
27,230000	0,353182
27,240000	0,353182
27,250000	0,357006
27,260000	0,358281
27,270000	0,351270
27,280000	0,358918
27,290000	0,355731
27,300000	0,358918
27,310000	0,362105
27,320000	0,355094
27,330000	0,360193
27,340000	0,354457
27,350000	0,356369
27,360000	0,357006
27,370000	0,360193
27,380000	0,362105
27,390000	0,360193
27,400000	0,358918
27,410000	0,358918
27,420000	0,357006
27,430000	0,356369
27,440000	0,358918
27,450000	0,359556
27,460000	0,359556
27,470000	0,362105
27,480000	0,354457
27,490000	0,351270
27,500000	0,355731
27,510000	0,357643
27,520000	0,352545
27,530000	0,357643
27,540000	0,350632
27,550000	0,363380
27,560000	0,348720
27,570000	0,361468
27,580000	0,355094
27,590000	0,358918
27,600000	0,353182
27,610000	0,357643
27,620000	0,354457
27,630000	0,358918
27,640000	0,358281
27,650000	0,355094
27,660000	0,349358
27,670000	0,365929
27,680000	0,357643
27,690000	0,362742
27,700000	0,354457
27,710000	0,357006
27,720000	0,354457
27,730000	0,359556
27,740000	0,357006
27,750000	0,353182
27,760000	0,349995
27,770000	0,350632
27,780000	0,358281
27,790000	0,360830
27,800000	0,359556
27,810000	0,353819
27,820000	0,360193
27,830000	0,350632
27,840000	0,348720
27,850000	0,354457
27,860000	0,348720
27,870000	0,354457
27,880000	0,346808
27,890000	0,343621
27,900000	0,355094
27,910000	0,350632
27,920000	0,357006
27,930000	0,346808
27,940000	0,353819
27,950000	0,351270
27,960000	0,357643
27,970000	0,348083
27,980000	0,349358
27,990000	0,349358
28,000000	0,349995
28,010000	0,349358
28,020000	0,341709
28,030000	0,342347
28,040000	0,354457
28,050000	0,354457
28,060000	0,351270
28,070000	0,348083
28,080000	0,354457
28,090000	0,344259
28,100000	0,354457
28,110000	0,349358
28,120000	0,355731
28,130000	0,351270
28,140000	0,357643
28,150000	0,344896
28,160000	0,353182
28,170000	0,349995
28,180000	0,346171
28,190000	0,348083
28,200000	0,339160
28,210000	0,349995
28,220000	0,349358
28,230000	0,355094
28,240000	0,346171
28,250000	0,347446
28,260000	0,346808
28,270000	0,351907
28,280000	0,345533
28,290000	0,341709
28,300000	0,349995
28,310000	0,348083
28,320000	0,344259
28,330000	0,348720
28,340000	0,344896
28,350000	0,344896
28,360000	0,349995
28,370000	0,347446
28,380000	0,352545
28,390000	0,346808
28,400000	0,353819
28,410000	0,345533
28,420000	0,351907
28,430000	0,341709
28,440000	0,346808
28,450000	0,351270
28,460000	0,339797
28,470000	0,348083
28,480000	0,355094
28,490000	0,352545
28,500000	0,350632
28,510000	0,346808
28,520000	0,349358
28,530000	0,346171
28,540000	0,346171
28,550000	0,343621
28,560000	0,356369
28,570000	0,342347
28,580000	0,342984
28,590000	0,344259
28,600000	0,345533
28,610000	0,346808
28,620000	0,342347
28,630000	0,343621
28,640000	0,349995
28,650000	0,348720
28,660000	0,349358
28,670000	0,350632
28,680000	0,341709
28,690000	0,344896
28,700000	0,351270
28,710000	0,352545
28,720000	0,345533
28,730000	0,346808
28,740000	0,349358
28,750000	0,347446
28,760000	0,351270
28,770000	0,338522
28,780000	0,351270
28,790000	0,343621
28,800000	0,351270
28,810000	0,351270
28,820000	0,354457
28,830000	0,357643
28,840000	0,348083
28,850000	0,350632
28,860000	0,348083
28,870000	0,349358
28,880000	0,348720
28,890000	0,348720
28,900000	0,362105
28,910000	0,353182
28,920000	0,357006
28,930000	0,348083
28,940000	0,354457
28,950000	0,356369
28,960000	0,347446
28,970000	0,346808
28,980000	0,358918
28,990000	0,350632
29,000000	0,356369
29,010000	0,350632
29,020000	0,360830
29,030000	0,341709
29,040000	0,351907
29,050000	0,343621
29,060000	0,354457
29,070000	0,349358
29,080000	0,348083
29,090000	0,353819
29,100000	0,359556
29,110000	0,349358
29,120000	0,350632
29,130000	0,345533
29,140000	0,350632
29,150000	0,348720
29,160000	0,348083
29,170000	0,349995
29,180000	0,353819
29,190000	0,342347
29,200000	0,355094
29,210000	0,349995
29,220000	0,342984
29,230000	0,344259
29,240000	0,354457
29,250000	0,349995
29,260000	0,347446
29,270000	0,353819
29,280000	0,350632
29,290000	0,351270
29,300000	0,354457
29,310000	0,344259
29,320000	0,354457
29,330000	0,341709
29,340000	0,353182
29,350000	0,344896
29,360000	0,358918
29,370000	0,343621
29,380000	0,353182
29,390000	0,347446
29,400000	0,359556
29,410000	0,348083
29,420000	0,358918
29,430000	0,342347
29,440000	0,358281
29,450000	0,341709
29,460000	0,357643
29,470000	0,351270
29,480000	0,359556
29,490000	0,353182
29,500000	0,350632
29,510000	0,358281
29,520000	0,358281
29,530000	0,349358
29,540000	0,351907
29,550000	0,351270
29,560000	0,355731
29,570000	0,351907
29,580000	0,348083
29,590000	0,347446
29,600000	0,365292
29,610000	0,353182
29,620000	0,355731
29,630000	0,353182
29,640000	0,357006
29,650000	0,348720
29,660000	0,359556
29,670000	0,345533
29,680000	0,343621
29,690000	0,355731
29,700000	0,344259
29,710000	0,354457
29,720000	0,349358
29,730000	0,349358
29,740000	0,353819
29,750000	0,357006
29,760000	0,350632
29,770000	0,354457
29,780000	0,346171
29,790000	0,351907
29,800000	0,351270
29,810000	0,344259
29,820000	0,353819
29,830000	0,342347
29,840000	0,348720
29,850000	0,349995
29,860000	0,349995
29,870000	0,352545
29,880000	0,335973
29,890000	0,352545
29,900000	0,343621
29,910000	0,342984
29,920000	0,346171
29,930000	0,351907
29,940000	0,356369
29,950000	0,355731
29,960000	0,341072
29,970000	0,347446
29,980000	0,353819
29,990000	0,346171
30,000000	0,351270
30,010000	0,344259
30,020000	0,345533
30,030000	0,357006
30,040000	0,347446
30,050000	0,342347
30,060000	0,344896
30,070000	0,351270
30,080000	0,341709
30,090000	0,354457
30,100000	0,340435
30,110000	0,355094
30,120000	0,358281
30,130000	0,351270
30,140000	0,344259
30,150000	0,348083
30,160000	0,346808
30,170000	0,351270
30,180000	0,345533
30,190000	0,335973
30,200000	0,348720
30,210000	0,348720
30,220000	0,345533
30,230000	0,343621
30,240000	0,353182
30,250000	0,350632
30,260000	0,348083
30,270000	0,348720
30,280000	0,344896
30,290000	0,346171
30,300000	0,346808
30,310000	0,346171
30,320000	0,346171
30,330000	0,346808
30,340000	0,341072
30,350000	0,346171
30,360000	0,348720
30,370000	0,345533
30,380000	0,343621
30,390000	0,340435
30,400000	0,346808
30,410000	0,341072
30,420000	0,340435
30,430000	0,341709
30,440000	0,339797
30,450000	0,338522
30,460000	0,350632
30,470000	0,339160
30,480000	0,335973
30,490000	0,343621
30,500000	0,348083
30,510000	0,342347
30,520000	0,342984
30,530000	0,348083
30,540000	0,346808
30,550000	0,352545
30,560000	0,346808
30,570000	0,341072
30,580000	0,342347
30,590000	0,349358
30,600000	0,351907
30,610000	0,349995
30,620000	0,349358
30,630000	0,343621
30,640000	0,353819
30,650000	0,353819
30,660000	0,349358
30,670000	0,364017
30,680000	0,348720
30,690000	0,346171
30,700000	0,362105
30,710000	0,353819
30,720000	0,346171
30,730000	0,371028
30,740000	0,338522
30,750000	0,338522
30,760000	0,386962
30,770000	0,354457
30,780000	0,344259
30,790000	0,364654
30,800000	0,349995
30,810000	0,334698
30,820000	0,357643
30,830000	0,341072
30,840000	0,336610
30,850000	0,316852
30,860000	0,337248
30,870000	0,334061
30,880000	0,331511
30,890000	0,340435
30,900000	0,359556
30,910000	0,334061
30,920000	0,356369
30,930000	0,337248
30,940000	0,338522
30,950000	0,384413
30,960000	0,353182
30,970000	0,351907
30,980000	0,346171
30,990000	0,325138
31,000000	0,346808
31,010000	0,346171
31,020000	0,342984
31,030000	0,339160
31,040000	0,342984
31,050000	0,322588
31,060000	0,305379
31,070000	0,339160
31,080000	0,343621
31,090000	0,352545
31,100000	0,347446
31,110000	0,341709
31,120000	0,349358
31,130000	0,346808
31,140000	0,326413
31,150000	0,348083
31,160000	0,351907
31,170000	0,350632
31,180000	0,371665
31,190000	0,378039
31,200000	0,350632
31,210000	0,325138
31,220000	0,350632
31,230000	0,360193
31,240000	0,351907
31,250000	0,359556
31,260000	0,409270
31,270000	0,357006
31,280000	0,372940
31,290000	0,299006
31,300000	0,351270
31,310000	0,402896
31,320000	0,353182
31,330000	0,338522
31,340000	0,476831
31,350000	0,362742
31,360000	0,323863
31,370000	0,352545
31,380000	0,351270
31,390000	0,390149
31,400000	0,371028
31,410000	0,504875
31,420000	0,337885
31,430000	0,339797
31,440000	0,302193
31,450000	0,338522
31,460000	0,469820
31,470000	0,339797
31,480000	0,357643
31,490000	0,351907
31,500000	0,357006
31,510000	0,295182
31,520000	0,356369
31,530000	0,359556
31,540000	0,334698
31,550000	0,353819
31,560000	0,311116
31,570000	0,329599
31,580000	0,334698
31,590000	0,316215
31,600000	0,317489
31,610000	0,311116
31,620000	0,344259
31,630000	0,349358
31,640000	0,337885
31,650000	0,364654
31,660000	0,374215
31,670000	0,364017
31,680000	0,357643
31,690000	0,325138
31,700000	0,365292
31,710000	0,261401
31,720000	0,290083
31,730000	0,341709
31,740000	0,294544
31,750000	0,286258
31,760000	0,279885
31,770000	0,321951
31,780000	0,326413
31,790000	0,319401
31,800000	0,365292
31,810000	0,367841
31,820000	0,387600
31,830000	0,371028
31,840000	0,328325
31,850000	0,360193
31,860000	0,293907
31,870000	0,371028
31,880000	0,350632
31,890000	0,357006
31,900000	0,335336
31,910000	0,378677
31,920000	0,349995
31,930000	0,350632
31,940000	0,369753
31,950000	0,386962
31,960000	0,377402
31,970000	0,422017
31,980000	0,330237
31,990000	0,295819
32,000000	0,285621
32,010000	0,351270
32,020000	0,323226
32,030000	0,355094
32,040000	0,342347
32,050000	0,326413
32,060000	0,349358
32,070000	0,306017
32,080000	0,343621
32,090000	0,342347
32,100000	0,390786
32,110000	0,336610
32,120000	0,373578
32,130000	0,337885
32,140000	0,328962
32,150000	0,331511
32,160000	0,344259
32,170000	0,285621
32,180000	0,308566
32,190000	0,342984
32,200000	0,269050
32,210000	0,331511
32,220000	0,264588
32,230000	0,366567
32,240000	0,329599
32,250000	0,424567
32,260000	0,332786
32,270000	0,325775
32,280000	0,330874
32,290000	0,316215
32,300000	0,233357
32,310000	0,316852
32,320000	0,335973
32,330000	0,335336
32,340000	0,314303
32,350000	0,140302
32,360000	0,324500
32,370000	0,342347
32,380000	0,338522
32,390000	0,350632
32,400000	0,409270
32,410000	0,351907
32,420000	0,340435
32,430000	0,333424
32,440000	0,344896
32,450000	0,376127
32,460000	0,341709
32,470000	0,339160
32,480000	0,313028
32,490000	0,330237
32,500000	0,367841
32,510000	0,357643
32,520000	0,367841
32,530000	0,371665
32,540000	0,365929
32,550000	0,329599
32,560000	0,337248
32,570000	0,320676
32,580000	0,307292
32,590000	0,321314
32,600000	0,339797
32,610000	0,349995
32,620000	0,359556
32,630000	0,388874
32,640000	0,357643
32,650000	0,342984
32,660000	0,340435
32,670000	0,350632
32,680000	0,328325
32,690000	0,342347
32,700000	0,335973
32,710000	0,317489
32,720000	0,301555
32,730000	0,318764
32,740000	0,334698
32,750000	0,362105
32,760000	0,332786
32,770000	0,343621
32,780000	0,320039
32,790000	0,294544
32,800000	0,318764
32,810000	0,312390
32,820000	0,315577
32,830000	0,349358
32,840000	0,336610
32,850000	0,303467
32,860000	0,275423
32,870000	0,331511
32,880000	0,318764
32,890000	0,318764
32,900000	0,330237
32,910000	0,331511
32,920000	0,345533
32,930000	0,317489
32,940000	0,383775
32,950000	0,333424
32,960000	0,355094
32,970000	0,339160
32,980000	0,370391
32,990000	0,329599
33,000000	0,341709
33,010000	0,335336
33,020000	0,334698
33,030000	0,367841
33,040000	0,394611
33,050000	0,341709
33,060000	0,401622
33,070000	0,342984
33,080000	0,344259
33,090000	0,331511
33,100000	0,348083
33,110000	0,385688
33,120000	0,338522
33,130000	0,288808
33,140000	0,324500
33,150000	0,341709
33,160000	0,277973
33,170000	0,337885
33,180000	0,318127
33,190000	0,348083
33,200000	0,365929
33,210000	0,527820
33,220000	0,358918
33,230000	0,339160
33,240000	0,347446
33,250000	0,335973
33,260000	0,514435
33,270000	0,346808
33,280000	0,348720
33,290000	0,362105
33,300000	0,356369
33,310000	0,302193
33,320000	0,331511
33,330000	0,332786
33,340000	0,361468
33,350000	0,345533
33,360000	0,292632
33,370000	0,352545
33,380000	0,348083
33,390000	0,358918
33,400000	0,371028
33,410000	0,304742
33,420000	0,360193
33,430000	0,306017
33,440000	0,325775
33,450000	0,299643
33,460000	0,311116
33,470000	0,328325
33,480000	0,346171
33,490000	0,322588
33,500000	0,311753
33,510000	0,354457
33,520000	0,325138
33,530000	0,383775
33,540000	0,402259
33,550000	0,402259
33,560000	0,360830
33,570000	0,393973
33,580000	0,274786
33,590000	0,303467
33,600000	0,272874
33,610000	0,226983
33,620000	0,212961
33,630000	0,250566
33,640000	0,269050
33,650000	0,232082
33,660000	0,326413
33,670000	0,289445
33,680000	0,344259
33,690000	0,404809
33,700000	0,409270
33,710000	0,425204
33,720000	0,411182
33,730000	0,407358
33,740000	0,388237
33,750000	0,343621
33,760000	0,362742
33,770000	0,393336
33,780000	0,360830
33,790000	0,334061
33,800000	0,364654
33,810000	0,349995
33,820000	0,338522
33,830000	0,344259
33,840000	0,324500
33,850000	0,323863
33,860000	0,339797
33,870000	0,354457
33,880000	0,335973
33,890000	0,283709
33,900000	0,311753
33,910000	0,353819
33,920000	0,291357
33,930000	0,339797
33,940000	0,406721
33,950000	0,351907
33,960000	0,337248
33,970000	0,307929
33,980000	0,344259
33,990000	0,341072
34,000000	0,361468
34,010000	0,349995
34,020000	0,432853
34,030000	0,335973
34,040000	0,291357
34,050000	0,348083
34,060000	0,342347
34,070000	0,211687
34,080000	0,341072
34,090000	0,249291
34,100000	0,327687
34,110000	0,346171
34,120000	0,170258
34,130000	0,328962
34,140000	0,391424
34,150000	0,314303
34,160000	0,306017
34,170000	0,307929
34,180000	0,316852
34,190000	0,411820
34,200000	0,325775
34,210000	0,342347
34,220000	0,343621
34,230000	0,364017
34,240000	0,340435
34,250000	0,347446
34,260000	0,338522
34,270000	0,345533
34,280000	0,332149
34,290000	0,335973
34,300000	0,311116
34,310000	0,324500
34,320000	0,336610
34,330000	0,328325
34,340000	0,365929
34,350000	0,344259
34,360000	0,364654
34,370000	0,351270
34,380000	0,347446
34,390000	0,343621
34,400000	0,297731
34,410000	0,277973
34,420000	0,316215
34,430000	0,321314
34,440000	0,339160
34,450000	0,353819
34,460000	0,337248
34,470000	0,348083
34,480000	0,342984
34,490000	0,397798
34,500000	0,344896
34,510000	0,339797
34,520000	0,349358
34,530000	0,325775
34,540000	0,347446
34,550000	0,313665
34,560000	0,322588
34,570000	0,341072
34,580000	0,277973
34,590000	0,301555
34,600000	0,299643
34,610000	0,317489
34,620000	0,313665
34,630000	0,277335
34,640000	0,300281
34,650000	0,316215
34,660000	0,312390
34,670000	0,338522
34,680000	0,321314
34,690000	0,325775
34,700000	0,305379
34,710000	0,344896
34,720000	0,334698
34,730000	0,290720
34,740000	0,330237
34,750000	0,316852
34,760000	0,347446
34,770000	0,330874
34,780000	0,316852
34,790000	0,327687
34,800000	0,373578
34,810000	0,334698
34,820000	0,332786
34,830000	0,361468
34,840000	0,328325
34,850000	0,327687
34,860000	0,328325
34,870000	0,344259
34,880000	0,309841
34,890000	0,343621
34,900000	0,307292
34,910000	0,335973
34,920000	0,334061
34,930000	0,430303
34,940000	0,331511
34,950000	0,480655
34,960000	0,337885
34,970000	0,346808
34,980000	0,307929
34,990000	0,339160
35,000000	0,328325
35,010000	0,341709
35,020000	0,339797
35,030000	0,343621
35,040000	0,328325
35,050000	0,328962
35,060000	0,333424
35,070000	0,341709
35,080000	0,332149
35,090000	0,333424
35,100000	0,311753
35,110000	0,334061
35,120000	0,329599
35,130000	0,344259
35,140000	0,333424
35,150000	0,329599
35,160000	0,333424
35,170000	0,334061
35,180000	0,332786
35,190000	0,338522
35,200000	0,320039
35,210000	0,338522
35,220000	0,330237
35,230000	0,329599
35,240000	0,323863
35,250000	0,326413
35,260000	0,329599
35,270000	0,331511
35,280000	0,328962
35,290000	0,333424
35,300000	0,310478
35,310000	0,332786
35,320000	0,326413
35,330000	0,321951
35,340000	0,327050
35,350000	0,330237
35,360000	0,341709
35,370000	0,334061
35,380000	0,337885
35,390000	0,346808
35,400000	0,341709
35,410000	0,344896
35,420000	0,332786
35,430000	0,336610
35,440000	0,335336
35,450000	0,337248
35,460000	0,334061
35,470000	0,335973
35,480000	0,335973
35,490000	0,339160
35,500000	0,334061
35,510000	0,344896
35,520000	0,336610
35,530000	0,333424
35,540000	0,335336
35,550000	0,339160
35,560000	0,344896
35,570000	0,339797
35,580000	0,331511
35,590000	0,335973
35,600000	0,343621
35,610000	0,341072
35,620000	0,339160
35,630000	0,339797
35,640000	0,335973
35,650000	0,342347
35,660000	0,335336
35,670000	0,336610
35,680000	0,333424
35,690000	0,336610
35,700000	0,330874
35,710000	0,339797
35,720000	0,335973
35,730000	0,337248
35,740000	0,339160
35,750000	0,334061
35,760000	0,332786
35,770000	0,335336
35,780000	0,333424
35,790000	0,335973
35,800000	0,330874
35,810000	0,337248
35,820000	0,336610
35,830000	0,334061
35,840000	0,330237
35,850000	0,341709
35,860000	0,328325
35,870000	0,334061
35,880000	0,328325
35,890000	0,337885
35,900000	0,338522
35,910000	0,334061
35,920000	0,331511
35,930000	0,339797
35,940000	0,334061
35,950000	0,337248
35,960000	0,327687
35,970000	0,337885
35,980000	0,326413
35,990000	0,342347
36,000000	0,330874
36,010000	0,337885
36,020000	0,334698
36,030000	0,337885
36,040000	0,328325
36,050000	0,339160
36,060000	0,335336
36,070000	0,335973
36,080000	0,333424
36,090000	0,331511
36,100000	0,333424
36,110000	0,341709
36,120000	0,334698
36,130000	0,334061
36,140000	0,330874
36,150000	0,341072
36,160000	0,334698
36,170000	0,337248
36,180000	0,341709
36,190000	0,338522
36,200000	0,337248
36,210000	0,337885
36,220000	0,337885
36,230000	0,335336
36,240000	0,334061
36,250000	0,332149
36,260000	0,334061
36,270000	0,336610
36,280000	0,334061
36,290000	0,337885
36,300000	0,330874
36,310000	0,337248
36,320000	0,328325
36,330000	0,335336
36,340000	0,332149
36,350000	0,328325
36,360000	0,332149
36,370000	0,332786
36,380000	0,335973
36,390000	0,334061
36,400000	0,330237
36,410000	0,334698
36,420000	0,340435
36,430000	0,335336
36,440000	0,335336
36,450000	0,332149
36,460000	0,327687
36,470000	0,330874
36,480000	0,328325
36,490000	0,328325
36,500000	0,328325
36,510000	0,326413
36,520000	0,331511
36,530000	0,334061
36,540000	0,332786
36,550000	0,330874
36,560000	0,328325
36,570000	0,337248
36,580000	0,327050
36,590000	0,335336
36,600000	0,328325
36,610000	0,335336
36,620000	0,327050
36,630000	0,334061
36,640000	0,325775
36,650000	0,334698
36,660000	0,327687
36,670000	0,334061
36,680000	0,330237
36,690000	0,335336
36,700000	0,325775
36,710000	0,336610
36,720000	0,324500
36,730000	0,332149
36,740000	0,327050
36,750000	0,335973
36,760000	0,327687
36,770000	0,332786
36,780000	0,327687
36,790000	0,333424
36,800000	0,324500
36,810000	0,330874
36,820000	0,321951
36,830000	0,333424
36,840000	0,323863
36,850000	0,335973
36,860000	0,328962
36,870000	0,332149
36,880000	0,329599
36,890000	0,332786
36,900000	0,338522
36,910000	0,334698
36,920000	0,330237
36,930000	0,330874
36,940000	0,330237
36,950000	0,332149
36,960000	0,328325
36,970000	0,330874
36,980000	0,330237
36,990000	0,331511
37,000000	0,322588
37,010000	0,333424
37,020000	0,331511
37,030000	0,334698
37,040000	0,327687
37,050000	0,333424
37,060000	0,324500
37,070000	0,334061
37,080000	0,327050
37,090000	0,330237
37,100000	0,331511
37,110000	0,328325
37,120000	0,334698
37,130000	0,330237
37,140000	0,332786
37,150000	0,328962
37,160000	0,334698
37,170000	0,328325
37,180000	0,333424
37,190000	0,331511
37,200000	0,329599
37,210000	0,332786
37,220000	0,330237
37,230000	0,328325
37,240000	0,332786
37,250000	0,328325
37,260000	0,332149
37,270000	0,321951
37,280000	0,338522
37,290000	0,323863
37,300000	0,336610
37,310000	0,327050
37,320000	0,339160
37,330000	0,330874
37,340000	0,336610
37,350000	0,326413
37,360000	0,339797
37,370000	0,325138
37,380000	0,333424
37,390000	0,332149
37,400000	0,325775
37,410000	0,336610
37,420000	0,327687
37,430000	0,333424
37,440000	0,331511
37,450000	0,329599
37,460000	0,328962
37,470000	0,332149
37,480000	0,333424
37,490000	0,335336
37,500000	0,328962
37,510000	0,329599
37,520000	0,332786
37,530000	0,335336
37,540000	0,335973
37,550000	0,334698
37,560000	0,335973
37,570000	0,333424
37,580000	0,333424
37,590000	0,335336
37,600000	0,330237
37,610000	0,333424
37,620000	0,328962
37,630000	0,334061
37,640000	0,335336
37,650000	0,335973
37,660000	0,335973
37,670000	0,335973
37,680000	0,334061
37,690000	0,336610
37,700000	0,335336
37,710000	0,330874
37,720000	0,332786
37,730000	0,335973
37,740000	0,332786
37,750000	0,337248
37,760000	0,328325
37,770000	0,332786
37,780000	0,331511
37,790000	0,334698
37,800000	0,330237
37,810000	0,335973
37,820000	0,328325
37,830000	0,336610
37,840000	0,328962
37,850000	0,334061
37,860000	0,328962
37,870000	0,332786
37,880000	0,330237
37,890000	0,335336
37,900000	0,329599
37,910000	0,333424
37,920000	0,330874
37,930000	0,336610
37,940000	0,325775
37,950000	0,330874
37,960000	0,331511
37,970000	0,339797
37,980000	0,332786
37,990000	0,330237
38,000000	0,330237
38,010000	0,332786
38,020000	0,329599
38,030000	0,330237
38,040000	0,333424
38,050000	0,330874
38,060000	0,336610
38,070000	0,330237
38,080000	0,330237
38,090000	0,329599
38,100000	0,332149
38,110000	0,332786
38,120000	0,330874
38,130000	0,328962
38,140000	0,332149
38,150000	0,330874
38,160000	0,334061
38,170000	0,329599
38,180000	0,335336
38,190000	0,332786
38,200000	0,330237
38,210000	0,330237
38,220000	0,329599
38,230000	0,333424
38,240000	0,326413
38,250000	0,332149
38,260000	0,325775
38,270000	0,331511
38,280000	0,326413
38,290000	0,332149
38,300000	0,328325
38,310000	0,333424
38,320000	0,326413
38,330000	0,333424
38,340000	0,327687
38,350000	0,330237
38,360000	0,325138
38,370000	0,332149
38,380000	0,325775
38,390000	0,334061
38,400000	0,320676
38,410000	0,332149
38,420000	0,323226
38,430000	0,335973
38,440000	0,320676
38,450000	0,333424
38,460000	0,316852
38,470000	0,338522
38,480000	0,316215
38,490000	0,333424
38,500000	0,324500
38,510000	0,339160
38,520000	0,315577
38,530000	0,334698
38,540000	0,316215
38,550000	0,338522
38,560000	0,321951
38,570000	0,335336
38,580000	0,321951
38,590000	0,334698
38,600000	0,321314
38,610000	0,336610
38,620000	0,321314
38,630000	0,333424
38,640000	0,320676
38,650000	0,332149
38,660000	0,326413
38,670000	0,332786
38,680000	0,323226
38,690000	0,330874
38,700000	0,321314
38,710000	0,330237
38,720000	0,327050
38,730000	0,333424
38,740000	0,323863
38,750000	0,328962
38,760000	0,327050
38,770000	0,330874
38,780000	0,321951
38,790000	0,330237
38,800000	0,328962
38,810000	0,327687
38,820000	0,326413
38,830000	0,326413
38,840000	0,325138
38,850000	0,331511
38,860000	0,325775
38,870000	0,331511
38,880000	0,324500
38,890000	0,326413
38,900000	0,324500
38,910000	0,325138
38,920000	0,325138
38,930000	0,325138
38,940000	0,328962
38,950000	0,327050
38,960000	0,325775
38,970000	0,328962
38,980000	0,325138
38,990000	0,325775
39,000000	0,330237
39,010000	0,325775
39,020000	0,325138
39,030000	0,327050
39,040000	0,325138
39,050000	0,323863
39,060000	0,321314
39,070000	0,327050
39,080000	0,326413
39,090000	0,326413
39,100000	0,327050
39,110000	0,327050
39,120000	0,325775
39,130000	0,327687
39,140000	0,326413
39,150000	0,324500
39,160000	0,325138
39,170000	0,324500
39,180000	0,326413
39,190000	0,327050
39,200000	0,325775
39,210000	0,327687
39,220000	0,330874
39,230000	0,326413
39,240000	0,326413
39,250000	0,328325
39,260000	0,330237
39,270000	0,327687
39,280000	0,328962
39,290000	0,326413
39,300000	0,325775
39,310000	0,327050
39,320000	0,323863
39,330000	0,325775
39,340000	0,326413
39,350000	0,326413
39,360000	0,323226
39,370000	0,327687
39,380000	0,325775
39,390000	0,328962
39,400000	0,324500
39,410000	0,328325
39,420000	0,325138
39,430000	0,329599
39,440000	0,328962
39,450000	0,331511
39,460000	0,323863
39,470000	0,330237
39,480000	0,327687
39,490000	0,323863
39,500000	0,325138
39,510000	0,328325
39,520000	0,326413
39,530000	0,330237
39,540000	0,327050
39,550000	0,327050
39,560000	0,327050
39,570000	0,325775
39,580000	0,327687
39,590000	0,324500
39,600000	0,328325
39,610000	0,327687
39,620000	0,326413
39,630000	0,334061
39,640000	0,323226
39,650000	0,330874
39,660000	0,325775
39,670000	0,328325
39,680000	0,326413
39,690000	0,332786
39,700000	0,327687
39,710000	0,332786
39,720000	0,326413
39,730000	0,335973
39,740000	0,325775
39,750000	0,327050
39,760000	0,325138
39,770000	0,331511
39,780000	0,326413
39,790000	0,329599
39,800000	0,325138
39,810000	0,331511
39,820000	0,323863
39,830000	0,335973
39,840000	0,328325
39,850000	0,332786
39,860000	0,326413
39,870000	0,334061
39,880000	0,328325
39,890000	0,329599
39,900000	0,327050
39,910000	0,332149
39,920000	0,327687
39,930000	0,330237
39,940000	0,330237
39,950000	0,330874
39,960000	0,327687
39,970000	0,334061
39,980000	0,329599
39,990000	0,328325
40,000000	0,326413
40,010000	0,326413
40,020000	0,327687
40,030000	0,330237
40,040000	0,327050
40,050000	0,332149
40,060000	0,326413
40,070000	0,329599
40,080000	0,325138
40,090000	0,328962
40,100000	0,327050
40,110000	0,328325
40,120000	0,325775
40,130000	0,329599
40,140000	0,325138
40,150000	0,327687
40,160000	0,326413
40,170000	0,326413
40,180000	0,323226
40,190000	0,329599
40,200000	0,326413
40,210000	0,334061
40,220000	0,326413
40,230000	0,330874
40,240000	0,325775
40,250000	0,334061
40,260000	0,325138
40,270000	0,330874
40,280000	0,319401
40,290000	0,327687
40,300000	0,321314
40,310000	0,330874
40,320000	0,322588
40,330000	0,331511
40,340000	0,321951
40,350000	0,332149
40,360000	0,328325
40,370000	0,330237
40,380000	0,325138
40,390000	0,330237
40,400000	0,323863
40,410000	0,325775
40,420000	0,323863
40,430000	0,328325
40,440000	0,326413
40,450000	0,321951
40,460000	0,325138
40,470000	0,326413
40,480000	0,329599
40,490000	0,324500
40,500000	0,328325
40,510000	0,320676
40,520000	0,330237
40,530000	0,320039
40,540000	0,323863
40,550000	0,319401
40,560000	0,323863
40,570000	0,325775
40,580000	0,323226
40,590000	0,326413
40,600000	0,319401
40,610000	0,326413
40,620000	0,316215
40,630000	0,325775
40,640000	0,320676
40,650000	0,323863
40,660000	0,321951
40,670000	0,328325
40,680000	0,318127
40,690000	0,325138
40,700000	0,321314
40,710000	0,323863
40,720000	0,322588
40,730000	0,324500
40,740000	0,323863
40,750000	0,325775
40,760000	0,322588
40,770000	0,323226
40,780000	0,321951
40,790000	0,328325
40,800000	0,322588
40,810000	0,326413
40,820000	0,324500
40,830000	0,327687
40,840000	0,322588
40,850000	0,323226
40,860000	0,321314
40,870000	0,322588
40,880000	0,321951
40,890000	0,323226
40,900000	0,321951
40,910000	0,327687
40,920000	0,325138
40,930000	0,323226
40,940000	0,325138
40,950000	0,321314
40,960000	0,321951
40,970000	0,325138
40,980000	0,318127
40,990000	0,327687
41,000000	0,321314
41,010000	0,328325
41,020000	0,323226
41,030000	0,326413
41,040000	0,320676
41,050000	0,330237
41,060000	0,318127
41,070000	0,329599
41,080000	0,319401
41,090000	0,330874
41,100000	0,313665
41,110000	0,325775
41,120000	0,313665
41,130000	0,328962
41,140000	0,315577
41,150000	0,330874
41,160000	0,318127
41,170000	0,330237
41,180000	0,320676
41,190000	0,324500
41,200000	0,321951
41,210000	0,326413
41,220000	0,321314
41,230000	0,326413
41,240000	0,318127
41,250000	0,321951
41,260000	0,316215
41,270000	0,321314
41,280000	0,320039
41,290000	0,325138
41,300000	0,323226
41,310000	0,321951
41,320000	0,323863
41,330000	0,324500
41,340000	0,321314
41,350000	0,324500
41,360000	0,321951
41,370000	0,321314
41,380000	0,325138
41,390000	0,328325
41,400000	0,326413
41,410000	0,329599
41,420000	0,323863
41,430000	0,321314
41,440000	0,321314
41,450000	0,325775
41,460000	0,316215
41,470000	0,327687
41,480000	0,324500
41,490000	0,321314
41,500000	0,325138
41,510000	0,331511
41,520000	0,325138
41,530000	0,324500
41,540000	0,326413
41,550000	0,323863
41,560000	0,328325
41,570000	0,328325
41,580000	0,327050
41,590000	0,322588
41,600000	0,328325
41,610000	0,323863
41,620000	0,323226
41,630000	0,327687
41,640000	0,327050
41,650000	0,323863
41,660000	0,325138
41,670000	0,326413
41,680000	0,326413
41,690000	0,321951
41,700000	0,332149
41,710000	0,325138
41,720000	0,328962
41,730000	0,331511
41,740000	0,325138
41,750000	0,327687
41,760000	0,328325
41,770000	0,326413
41,780000	0,321314
41,790000	0,326413
41,800000	0,326413
41,810000	0,325138
41,820000	0,318764
41,830000	0,327687
41,840000	0,316852
41,850000	0,328962
41,860000	0,328962
41,870000	0,325775
41,880000	0,326413
41,890000	0,324500
41,900000	0,325775
41,910000	0,321314
41,920000	0,325138
41,930000	0,321314
41,940000	0,325138
41,950000	0,323226
41,960000	0,325138
41,970000	0,323863
41,980000	0,327050
41,990000	0,330237
42,000000	0,325775
42,010000	0,325138
42,020000	0,327687
42,030000	0,327050
42,040000	0,321314
42,050000	0,327050
42,060000	0,320039
42,070000	0,326413
42,080000	0,321314
42,090000	0,327050
42,100000	0,321314
42,110000	0,329599
42,120000	0,320676
42,130000	0,324500
42,140000	0,321951
42,150000	0,326413
42,160000	0,320039
42,170000	0,325775
42,180000	0,320676
42,190000	0,328962
42,200000	0,321951
42,210000	0,327050
42,220000	0,326413
42,230000	0,320039
42,240000	0,326413
42,250000	0,316215
42,260000	0,320676
42,270000	0,318764
42,280000	0,324500
42,290000	0,325138
42,300000	0,321951
42,310000	0,323863
42,320000	0,318764
42,330000	0,327687
42,340000	0,322588
42,350000	0,325775
42,360000	0,317489
42,370000	0,325775
42,380000	0,318127
42,390000	0,323863
42,400000	0,320039
42,410000	0,325775
42,420000	0,320039
42,430000	0,324500
42,440000	0,321951
42,450000	0,328325
42,460000	0,322588
42,470000	0,325775
42,480000	0,316852
42,490000	0,325775
42,500000	0,318764
42,510000	0,324500
42,520000	0,313665
42,530000	0,326413
42,540000	0,312390
42,550000	0,329599
42,560000	0,321314
42,570000	0,320676
42,580000	0,319401
42,590000	0,318764
42,600000	0,312390
42,610000	0,309841
42,620000	0,316215
42,630000	0,314940
42,640000	0,318764
42,650000	0,318764
42,660000	0,317489
42,670000	0,320039
42,680000	0,316215
42,690000	0,325775
42,700000	0,315577
42,710000	0,314303
42,720000	0,315577
42,730000	0,318764
42,740000	0,318127
42,750000	0,315577
42,760000	0,322588
42,770000	0,316852
42,780000	0,321314
42,790000	0,314303
42,800000	0,316215
42,810000	0,323863
42,820000	0,320039
42,830000	0,316215
42,840000	0,321951
42,850000	0,312390
42,860000	0,313665
42,870000	0,319401
42,880000	0,315577
42,890000	0,325775
42,900000	0,319401
42,910000	0,316215
42,920000	0,316852
42,930000	0,320039
42,940000	0,317489
42,950000	0,322588
42,960000	0,316852
42,970000	0,315577
42,980000	0,320039
42,990000	0,319401
43,000000	0,319401
43,010000	0,320039
43,020000	0,321314
43,030000	0,320676
43,040000	0,325138
43,050000	0,321951
43,060000	0,316215
43,070000	0,316852
43,080000	0,311753
43,090000	0,327050
43,100000	0,318764
43,110000	0,316215
43,120000	0,320676
43,130000	0,318764
43,140000	0,321951
43,150000	0,325775
43,160000	0,313028
43,170000	0,324500
43,180000	0,311753
43,190000	0,310478
43,200000	0,311116
43,210000	0,321314
43,220000	0,310478
43,230000	0,316215
43,240000	0,319401
43,250000	0,313665
43,260000	0,318127
43,270000	0,318127
43,280000	0,318127
43,290000	0,314303
43,300000	0,316215
43,310000	0,313028
43,320000	0,321314
43,330000	0,313665
43,340000	0,315577
43,350000	0,320039
43,360000	0,314303
43,370000	0,320039
43,380000	0,318127
43,390000	0,318127
43,400000	0,309841
43,410000	0,322588
43,420000	0,316215
43,430000	0,319401
43,440000	0,318764
43,450000	0,328962
43,460000	0,319401
43,470000	0,323226
43,480000	0,318764
43,490000	0,323863
43,500000	0,315577
43,510000	0,323863
43,520000	0,320039
43,530000	0,323226
43,540000	0,316852
43,550000	0,321314
43,560000	0,327050
43,570000	0,313665
43,580000	0,323226
43,590000	0,327050
43,600000	0,323863
43,610000	0,325775
43,620000	0,316215
43,630000	0,323863
43,640000	0,318764
43,650000	0,315577
43,660000	0,319401
43,670000	0,323226
43,680000	0,325775
43,690000	0,320676
43,700000	0,320039
43,710000	0,320676
43,720000	0,322588
43,730000	0,318764
43,740000	0,325138
43,750000	0,327687
43,760000	0,314303
43,770000	0,332149
43,780000	0,323226
43,790000	0,323226
43,800000	0,314940
43,810000	0,318764
43,820000	0,317489
43,830000	0,325138
43,840000	0,316852
43,850000	0,323226
43,860000	0,318127
43,870000	0,326413
43,880000	0,317489
43,890000	0,318127
43,900000	0,313028
43,910000	0,326413
43,920000	0,316215
43,930000	0,316852
43,940000	0,321951
43,950000	0,325138
43,960000	0,314940
43,970000	0,320039
43,980000	0,321314
43,990000	0,328325
44,000000	0,323863
44,010000	0,320039
44,020000	0,323863
44,030000	0,320039
44,040000	0,322588
44,050000	0,316215
44,060000	0,314940
44,070000	0,314940
44,080000	0,321314
44,090000	0,319401
44,100000	0,316215
44,110000	0,316852
44,120000	0,331511
44,130000	0,316852
44,140000	0,316215
44,150000	0,310478
44,160000	0,326413
44,170000	0,325138
44,180000	0,327050
44,190000	0,319401
44,200000	0,316852
44,210000	0,320039
44,220000	0,320039
44,230000	0,316852
44,240000	0,321314
44,250000	0,326413
44,260000	0,325775
44,270000	0,321314
44,280000	0,321314
44,290000	0,316852
44,300000	0,318127
44,310000	0,316852
44,320000	0,325775
44,330000	0,321314
44,340000	0,313665
44,350000	0,321951
44,360000	0,323226
44,370000	0,321314
44,380000	0,311116
44,390000	0,316852
44,400000	0,312390
44,410000	0,321951
44,420000	0,318764
44,430000	0,321314
44,440000	0,317489
44,450000	0,315577
44,460000	0,317489
44,470000	0,311753
44,480000	0,311116
44,490000	0,321314
44,500000	0,318127
44,510000	0,314940
44,520000	0,307929
44,530000	0,320676
44,540000	0,316852
44,550000	0,316215
44,560000	0,313665
44,570000	0,318127
44,580000	0,306017
44,590000	0,321951
44,600000	0,311116
44,610000	0,325138
44,620000	0,303467
44,630000	0,309204
44,640000	0,306654
44,650000	0,321314
44,660000	0,307929
44,670000	0,327050
44,680000	0,314303
44,690000	0,313665
44,700000	0,321951
44,710000	0,311116
44,720000	0,313028
44,730000	0,319401
44,740000	0,308566
44,750000	0,315577
44,760000	0,309841
44,770000	0,309204
44,780000	0,314303
44,790000	0,316215
44,800000	0,316852
44,810000	0,319401
44,820000	0,314940
44,830000	0,316852
44,840000	0,313665
44,850000	0,311753
44,860000	0,313028
44,870000	0,316852
44,880000	0,318127
44,890000	0,322588
44,900000	0,313028
44,910000	0,320676
44,920000	0,304742
44,930000	0,313028
44,940000	0,306017
44,950000	0,313665
44,960000	0,331511
44,970000	0,316852
44,980000	0,314940
44,990000	0,321314
45,000000	0,306654
45,010000	0,330874
45,020000	0,306654
45,030000	0,313665
45,040000	0,335336
45,050000	0,312390
45,060000	0,317489
45,070000	0,314940
45,080000	0,320676
45,090000	0,311116
45,100000	0,303467
45,110000	0,307929
45,120000	0,326413
45,130000	0,319401
45,140000	0,316852
45,150000	0,304742
45,160000	0,324500
45,170000	0,321314
45,180000	0,317489
45,190000	0,315577
45,200000	0,285621
45,210000	0,316215
45,220000	0,314940
45,230000	0,307929
45,240000	0,320676
45,250000	0,297731
45,260000	0,338522
45,270000	0,332149
45,280000	0,312390
45,290000	0,327687
45,300000	0,304742
45,310000	0,338522
45,320000	0,321951
45,330000	0,287533
45,340000	0,338522
45,350000	0,356369
45,360000	0,327687
45,370000	0,344896
45,380000	0,346808
45,390000	0,299006
45,400000	0,295819
45,410000	0,321951
45,420000	0,303467
45,430000	0,311753
45,440000	0,314940
45,450000	0,313665
45,460000	0,283709
45,470000	0,308566
45,480000	0,226346
45,490000	0,291995
45,500000	0,283072
45,510000	0,272874
45,520000	0,302193
45,530000	0,385050
45,540000	0,300918
45,550000	0,300918
45,560000	0,268412
45,570000	0,306017
45,580000	0,392061
45,590000	0,305379
45,600000	0,308566
45,610000	0,257577
45,620000	0,316852
45,630000	0,253115
45,640000	0,311116
45,650000	0,310478
45,660000	0,311753
45,670000	0,301555
45,680000	0,306017
45,690000	0,309841
45,700000	0,317489
45,710000	0,310478
45,720000	0,301555
45,730000	0,315577
45,740000	0,321314
45,750000	0,318127
45,760000	0,326413
45,770000	0,308566
45,780000	0,321314
45,790000	0,320039
45,800000	0,320676
45,810000	0,304742
45,820000	0,313665
45,830000	0,325775
45,840000	0,330874
45,850000	0,306017
45,860000	0,320676
45,870000	0,306017
45,880000	0,320676
45,890000	0,320039
45,900000	0,320676
45,910000	0,322588
45,920000	0,311753
45,930000	0,321951
45,940000	0,328325
45,950000	0,323863
45,960000	0,277973
45,970000	0,307292
45,980000	0,335973
45,990000	0,317489
46,000000	0,297731
46,010000	0,300918
46,020000	0,342347
46,030000	0,320039
46,040000	0,322588
46,050000	0,327687
46,060000	0,350632
46,070000	0,335973
46,080000	0,306654
46,090000	0,326413
46,100000	0,362105
46,110000	0,318764
46,120000	0,309204
46,130000	0,305379
46,140000	0,314303
46,150000	0,316215
46,160000	0,313665
46,170000	0,313028
46,180000	0,316215
46,190000	0,321314
46,200000	0,286896
46,210000	0,273511
46,220000	0,246742
46,230000	0,360830
46,240000	0,267775
46,250000	0,374215
46,260000	0,351907
46,270000	0,267775
46,280000	0,337248
46,290000	0,346808
46,300000	0,214236
46,310000	0,299006
46,320000	0,286896
46,330000	0,253753
46,340000	0,306654
46,350000	0,211049
46,360000	0,265225
46,370000	0,315577
46,380000	0,248016
46,390000	0,316215
46,400000	0,321314
46,410000	0,341072
46,420000	0,358918
46,430000	0,241643
46,440000	0,358281
46,450000	0,205950
46,460000	0,349995
46,470000	0,302830
46,480000	0,134565
46,490000	0,339160
46,500000	0,366567
46,510000	0,333424
46,520000	0,349995
46,530000	0,369116
46,540000	0,323863
46,550000	0,314940
46,560000	0,316215
46,570000	0,328962
46,580000	0,365292
46,590000	0,326413
46,600000	0,312390
46,610000	0,316852
46,620000	0,327050
46,630000	0,316215
46,640000	0,320676
46,650000	0,327050
46,660000	0,314940
46,670000	0,319401
46,680000	0,314303
46,690000	0,310478
46,700000	0,308566
46,710000	0,323863
46,720000	0,312390
46,730000	0,345533
46,740000	0,318764
46,750000	0,313665
46,760000	0,310478
46,770000	0,314940
46,780000	0,287533
46,790000	0,316852
46,800000	0,311116
46,810000	0,313028
46,820000	0,317489
46,830000	0,296456
46,840000	0,299006
46,850000	0,298368
46,860000	0,342347
46,870000	0,296456
46,880000	0,367841
46,890000	0,284984
46,900000	0,290720
46,910000	0,330237
46,920000	0,304742
46,930000	0,309841
46,940000	0,302830
46,950000	0,307929
46,960000	0,283072
46,970000	0,291357
46,980000	0,279885
46,990000	0,290083
47,000000	0,321951
47,010000	0,287533
47,020000	0,253753
47,030000	0,291995
47,040000	0,342347
47,050000	0,338522
47,060000	0,314303
47,070000	0,304105
47,080000	0,313028
47,090000	0,280522
47,100000	0,290720
47,110000	0,313028
47,120000	0,305379
47,130000	0,308566
47,140000	0,365292
47,150000	0,334061
47,160000	0,274786
47,170000	0,326413
47,180000	0,306017
47,190000	0,334061
47,200000	0,311116
47,210000	0,330237
47,220000	0,422655
47,230000	0,344259
47,240000	0,295819
47,250000	0,322588
47,260000	0,316215
47,270000	0,282434
47,280000	0,302830
47,290000	0,297731
47,300000	0,304742
47,310000	0,261401
47,320000	0,335973
47,330000	0,297731
47,340000	0,257577
47,350000	0,210412
47,360000	0,298368
47,370000	0,523359
47,380000	0,264588
47,390000	0,304742
47,400000	0,280522
47,410000	0,305379
47,420000	0,239731
47,430000	0,304105
47,440000	0,302830
47,450000	0,318764
47,460000	0,287533
47,470000	0,257577
47,480000	0,295819
47,490000	0,306017
47,500000	0,310478
47,510000	0,295182
47,520000	0,309841
47,530000	0,312390
47,540000	0,313665
47,550000	0,309841
47,560000	0,316852
47,570000	0,306017
47,580000	0,307292
47,590000	0,315577
47,600000	0,318764
47,610000	0,296456
47,620000	0,291357
47,630000	0,307929
47,640000	0,316852
47,650000	0,301555
47,660000	0,308566
47,670000	0,349358
47,680000	0,304105
47,690000	0,307292
47,700000	0,303467
47,710000	0,307929
47,720000	0,334061
47,730000	0,312390
47,740000	0,318127
47,750000	0,306017
47,760000	0,328962
47,770000	0,238456
47,780000	0,351270
47,790000	0,338522
47,800000	0,330874
47,810000	0,325138
47,820000	0,297731
47,830000	0,352545
47,840000	0,341709
47,850000	0,310478
47,860000	0,367204
47,870000	0,352545
47,880000	0,340435
47,890000	0,296456
47,900000	0,304105
47,910000	0,355731
47,920000	0,327050
47,930000	0,332149
47,940000	0,337885
47,950000	0,332149
47,960000	0,296456
47,970000	0,332149
47,980000	0,322588
47,990000	0,274786
48,000000	0,291357
48,010000	0,284346
48,020000	0,263313
48,030000	0,328325
48,040000	0,270962
48,050000	0,291995
48,060000	0,336610
48,070000	0,309204
48,080000	0,311116
48,090000	0,358918
48,100000	0,320039
48,110000	0,323863
48,120000	0,328325
48,130000	0,236544
48,140000	0,314940
48,150000	0,295182
48,160000	0,203401
48,170000	0,290083
48,180000	0,285621
48,190000	0,229533
48,200000	0,240368
48,210000	0,186829
48,220000	0,256302
48,230000	0,203401
48,240000	0,335336
48,250000	0,280522
48,260000	0,358281
48,270000	0,360830
48,280000	0,220610
48,290000	0,372303
48,300000	0,358918
48,310000	0,371665
48,320000	0,355731
48,330000	0,387600
48,340000	0,330874
48,350000	0,326413
48,360000	0,323226
48,370000	0,333424
48,380000	0,339797
48,390000	0,306017
48,400000	0,318127
48,410000	0,311116
48,420000	0,311116
48,430000	0,300918
48,440000	0,310478
48,450000	0,307292
48,460000	0,309841
48,470000	0,320676
48,480000	0,332149
48,490000	0,300281
48,500000	0,305379
48,510000	0,306654
48,520000	0,316852
48,530000	0,306017
48,540000	0,323863
48,550000	0,313028
48,560000	0,330237
48,570000	0,311753
48,580000	0,274148
48,590000	0,313665
48,600000	0,301555
48,610000	0,311116
48,620000	0,328325
48,630000	0,356369
48,640000	0,335973
48,650000	0,313665
48,660000	0,315577
48,670000	0,304105
48,680000	0,370391
48,690000	0,278610
48,700000	0,310478
48,710000	0,291357
48,720000	0,258852
48,730000	0,269687
48,740000	0,278610
48,750000	0,293269
48,760000	0,285621
48,770000	0,284346
48,780000	0,270962
48,790000	0,306654
48,800000	0,325138
48,810000	0,299006
48,820000	0,264588
48,830000	0,293269
48,840000	0,267775
48,850000	0,311753
48,860000	0,346171
48,870000	0,351270
48,880000	0,315577
48,890000	0,292632
48,900000	0,322588
48,910000	0,360193
48,920000	0,378039
48,930000	0,299643
48,940000	0,239093
48,950000	0,300281
48,960000	0,344896
48,970000	0,328962
48,980000	0,311753
48,990000	0,326413
49,000000	0,360830
49,010000	0,244830
49,020000	0,244192
49,030000	0,306017
49,040000	0,325775
49,050000	0,309204
49,060000	0,247379
49,070000	0,295182
49,080000	0,395885
49,090000	0,471095
49,100000	0,297094
49,110000	0,326413
49,120000	0,390149
49,130000	0,308566
49,140000	0,270324
49,150000	0,298368
49,160000	0,286258
49,170000	0,285621
49,180000	0,300918
49,190000	0,210412
49,200000	0,294544
49,210000	0,275423
49,220000	0,289445
49,230000	0,279885
49,240000	0,292632
49,250000	0,305379
49,260000	0,301555
49,270000	0,294544
49,280000	0,307292
49,290000	0,304742
49,300000	0,300918
49,310000	0,306017
49,320000	0,311116
49,330000	0,306654
49,340000	0,308566
49,350000	0,314303
49,360000	0,306017
49,370000	0,304742
49,380000	0,307292
49,390000	0,303467
49,400000	0,300918
49,410000	0,323863
49,420000	0,309841
49,430000	0,303467
49,440000	0,295182
49,450000	0,313028
49,460000	0,280522
49,470000	0,302830
49,480000	0,309841
49,490000	0,300918
49,500000	0,317489
49,510000	0,242918
49,520000	0,309841
49,530000	0,301555
49,540000	0,317489
49,550000	0,335336
49,560000	0,319401
49,570000	0,328325
49,580000	0,313665
49,590000	0,318764
49,600000	0,319401
49,610000	0,323863
49,620000	0,334698
49,630000	0,313665
49,640000	0,311116
49,650000	0,318764
49,660000	0,313665
49,670000	0,313665
49,680000	0,303467
49,690000	0,306017
49,700000	0,307292
49,710000	0,306654
49,720000	0,328325
49,730000	0,304105
49,740000	0,310478
49,750000	0,306017
49,760000	0,306017
49,770000	0,291995
49,780000	0,304742
49,790000	0,304742
49,800000	0,302830
49,810000	0,311116
49,820000	0,272874
49,830000	0,301555
49,840000	0,319401
49,850000	0,304105
49,860000	0,314940
49,870000	0,301555
49,880000	0,306654
49,890000	0,307929
49,900000	0,314940
49,910000	0,307929
49,920000	0,307929
49,930000	0,306654
49,940000	0,308566
49,950000	0,308566
49,960000	0,308566
49,970000	0,310478
49,980000	0,304105
49,990000	0,306654
50,000000	0,303467
50,010000	0,304105
50,020000	0,311753
50,030000	0,302830
50,040000	0,311116
50,050000	0,309841
50,060000	0,312390
50,070000	0,304742
50,080000	0,318127
50,090000	0,306017
50,100000	0,310478
50,110000	0,309841
50,120000	0,314940
50,130000	0,309841
50,140000	0,313028
50,150000	0,315577
50,160000	0,321314
50,170000	0,308566
50,180000	0,313028
50,190000	0,313665
50,200000	0,313665
50,210000	0,311753
50,220000	0,317489
50,230000	0,309204
50,240000	0,314940
50,250000	0,307292
50,260000	0,311116
50,270000	0,309841
50,280000	0,306017
50,290000	0,310478
50,300000	0,308566
50,310000	0,311753
50,320000	0,311753
50,330000	0,313028
50,340000	0,310478
50,350000	0,308566
50,360000	0,309204
50,370000	0,299006
50,380000	0,307929
50,390000	0,309841
50,400000	0,309841
50,410000	0,308566
50,420000	0,306654
50,430000	0,313028
50,440000	0,307929
50,450000	0,311753
50,460000	0,307929
50,470000	0,307929
50,480000	0,310478
50,490000	0,306017
50,500000	0,307929
50,510000	0,313028
50,520000	0,306017
50,530000	0,306654
50,540000	0,304742
50,550000	0,308566
50,560000	0,308566
50,570000	0,304105
50,580000	0,310478
50,590000	0,309204
50,600000	0,309841
50,610000	0,318127
50,620000	0,309204
50,630000	0,303467
50,640000	0,306017
50,650000	0,308566
50,660000	0,311116
50,670000	0,311116
50,680000	0,307292
50,690000	0,304105
50,700000	0,304742
50,710000	0,308566
50,720000	0,305379
50,730000	0,301555
50,740000	0,310478
50,750000	0,303467
50,760000	0,313665
50,770000	0,300918
50,780000	0,310478
50,790000	0,307292
50,800000	0,309841
50,810000	0,309841
50,820000	0,306654
50,830000	0,299006
50,840000	0,312390
50,850000	0,296456
50,860000	0,314940
50,870000	0,295819
50,880000	0,311753
50,890000	0,296456
50,900000	0,311753
50,910000	0,306654
50,920000	0,312390
50,930000	0,295819
50,940000	0,311753
50,950000	0,302830
50,960000	0,311753
50,970000	0,300918
50,980000	0,307292
50,990000	0,306017
51,000000	0,304742
51,010000	0,302193
51,020000	0,304105
51,030000	0,302193
51,040000	0,306017
51,050000	0,303467
51,060000	0,306017
51,070000	0,307292
51,080000	0,302193
51,090000	0,305379
51,100000	0,297731
51,110000	0,307292
51,120000	0,299006
51,130000	0,306017
51,140000	0,299006
51,150000	0,303467
51,160000	0,298368
51,170000	0,302193
51,180000	0,300918
51,190000	0,306654
51,200000	0,301555
51,210000	0,307292
51,220000	0,300918
51,230000	0,304105
51,240000	0,303467
51,250000	0,305379
51,260000	0,300918
51,270000	0,300918
51,280000	0,302193
51,290000	0,302193
51,300000	0,307929
51,310000	0,305379
51,320000	0,302193
51,330000	0,300281
51,340000	0,304742
51,350000	0,299006
51,360000	0,302830
51,370000	0,300918
51,380000	0,302193
51,390000	0,303467
51,400000	0,303467
51,410000	0,304105
51,420000	0,301555
51,430000	0,305379
51,440000	0,301555
51,450000	0,307292
51,460000	0,301555
51,470000	0,306017
51,480000	0,303467
51,490000	0,304105
51,500000	0,296456
51,510000	0,307929
51,520000	0,304742
51,530000	0,304105
51,540000	0,303467
51,550000	0,306017
51,560000	0,304742
51,570000	0,303467
51,580000	0,302193
51,590000	0,302830
51,600000	0,302830
51,610000	0,306654
51,620000	0,307292
51,630000	0,307929
51,640000	0,302830
51,650000	0,304742
51,660000	0,302193
51,670000	0,305379
51,680000	0,305379
51,690000	0,304742
51,700000	0,300281
51,710000	0,303467
51,720000	0,304742
51,730000	0,300918
51,740000	0,304742
51,750000	0,302193
51,760000	0,306017
51,770000	0,301555
51,780000	0,308566
51,790000	0,299006
51,800000	0,307929
51,810000	0,304105
51,820000	0,310478
51,830000	0,299643
51,840000	0,306654
51,850000	0,300281
51,860000	0,314940
51,870000	0,302830
51,880000	0,311116
51,890000	0,297731
51,900000	0,308566
51,910000	0,304105
51,920000	0,308566
51,930000	0,302830
51,940000	0,306017
51,950000	0,302830
51,960000	0,309204
51,970000	0,303467
51,980000	0,310478
51,990000	0,306017
52,000000	0,309841
52,010000	0,300918
52,020000	0,307929
52,030000	0,306017
52,040000	0,307292
52,050000	0,300918
52,060000	0,304742
52,070000	0,305379
52,080000	0,310478
52,090000	0,303467
52,100000	0,313665
52,110000	0,304105
52,120000	0,313665
52,130000	0,303467
52,140000	0,309841
52,150000	0,306654
52,160000	0,309204
52,170000	0,310478
52,180000	0,311116
52,190000	0,304105
52,200000	0,313665
52,210000	0,306654
52,220000	0,308566
52,230000	0,310478
52,240000	0,306654
52,250000	0,306017
52,260000	0,309841
52,270000	0,304105
52,280000	0,308566
52,290000	0,299643
52,300000	0,308566
52,310000	0,306017
52,320000	0,309204
52,330000	0,307929
52,340000	0,309204
52,350000	0,308566
52,360000	0,306654
52,370000	0,308566
52,380000	0,309841
52,390000	0,305379
52,400000	0,307292
52,410000	0,304742
52,420000	0,306017
52,430000	0,304742
52,440000	0,305379
52,450000	0,304105
52,460000	0,306017
52,470000	0,304105
52,480000	0,314940
52,490000	0,302193
52,500000	0,311116
52,510000	0,306017
52,520000	0,313665
52,530000	0,300918
52,540000	0,307929
52,550000	0,300281
52,560000	0,309841
52,570000	0,308566
52,580000	0,305379
52,590000	0,308566
52,600000	0,306017
52,610000	0,313028
52,620000	0,304742
52,630000	0,307929
52,640000	0,308566
52,650000	0,309841
52,660000	0,306017
52,670000	0,300918
52,680000	0,307929
52,690000	0,308566
52,700000	0,300281
52,710000	0,311116
52,720000	0,303467
52,730000	0,307929
52,740000	0,304105
52,750000	0,304105
52,760000	0,305379
52,770000	0,306654
52,780000	0,308566
52,790000	0,308566
52,800000	0,305379
52,810000	0,305379
52,820000	0,308566
52,830000	0,303467
52,840000	0,308566
52,850000	0,304742
52,860000	0,306654
52,870000	0,305379
52,880000	0,306017
52,890000	0,300918
52,900000	0,299643
52,910000	0,306017
52,920000	0,306017
52,930000	0,302193
52,940000	0,303467
52,950000	0,299643
52,960000	0,307292
52,970000	0,297731
52,980000	0,308566
52,990000	0,300281
53,000000	0,308566
53,010000	0,301555
53,020000	0,306017
53,030000	0,299643
53,040000	0,306654
53,050000	0,295182
53,060000	0,304105
53,070000	0,300281
53,080000	0,304742
53,090000	0,298368
53,100000	0,305379
53,110000	0,298368
53,120000	0,304742
53,130000	0,295182
53,140000	0,307292
53,150000	0,300281
53,160000	0,306654
53,170000	0,297731
53,180000	0,306017
53,190000	0,299643
53,200000	0,300918
53,210000	0,298368
53,220000	0,303467
53,230000	0,297731
53,240000	0,304742
53,250000	0,300281
53,260000	0,301555
53,270000	0,296456
53,280000	0,303467
53,290000	0,298368
53,300000	0,304105
53,310000	0,299006
53,320000	0,305379
53,330000	0,299006
53,340000	0,301555
53,350000	0,298368
53,360000	0,303467
53,370000	0,297731
53,380000	0,300281
53,390000	0,300281
53,400000	0,304105
53,410000	0,297731
53,420000	0,302193
53,430000	0,298368
53,440000	0,302830
53,450000	0,296456
53,460000	0,305379
53,470000	0,295819
53,480000	0,301555
53,490000	0,297731
53,500000	0,303467
53,510000	0,293907
53,520000	0,298368
53,530000	0,296456
53,540000	0,299643
53,550000	0,293907
53,560000	0,300918
53,570000	0,295819
53,580000	0,299643
53,590000	0,300281
53,600000	0,296456
53,610000	0,297731
53,620000	0,295819
53,630000	0,303467
53,640000	0,291357
53,650000	0,304742
53,660000	0,297094
53,670000	0,304742
53,680000	0,296456
53,690000	0,299643
53,700000	0,299643
53,710000	0,300918
53,720000	0,299643
53,730000	0,301555
53,740000	0,299006
53,750000	0,301555
53,760000	0,298368
53,770000	0,303467
53,780000	0,298368
53,790000	0,301555
53,800000	0,297094
53,810000	0,301555
53,820000	0,297731
53,830000	0,299006
53,840000	0,299006
53,850000	0,300918
53,860000	0,300918
53,870000	0,301555
53,880000	0,298368
53,890000	0,301555
53,900000	0,304742
53,910000	0,300281
53,920000	0,300918
53,930000	0,303467
53,940000	0,297094
53,950000	0,300918
53,960000	0,297731
53,970000	0,297731
53,980000	0,297731
53,990000	0,299006
54,000000	0,302830
54,010000	0,301555
54,020000	0,300918
54,030000	0,302193
54,040000	0,302830
54,050000	0,300918
54,060000	0,302193
54,070000	0,297094
54,080000	0,303467
54,090000	0,299643
54,100000	0,301555
54,110000	0,298368
54,120000	0,304105
54,130000	0,297094
54,140000	0,304105
54,150000	0,298368
54,160000	0,304105
54,170000	0,296456
54,180000	0,307292
54,190000	0,299006
54,200000	0,310478
54,210000	0,298368
54,220000	0,309204
54,230000	0,297731
54,240000	0,309204
54,250000	0,297094
54,260000	0,305379
54,270000	0,295182
54,280000	0,307929
54,290000	0,295182
54,300000	0,309841
54,310000	0,298368
54,320000	0,306017
54,330000	0,299643
54,340000	0,307929
54,350000	0,295819
54,360000	0,306017
54,370000	0,295819
54,380000	0,313028
54,390000	0,299006
54,400000	0,310478
54,410000	0,299006
54,420000	0,307292
54,430000	0,299643
54,440000	0,305379
54,450000	0,300918
54,460000	0,306654
54,470000	0,300918
54,480000	0,306017
54,490000	0,299006
54,500000	0,301555
54,510000	0,301555
54,520000	0,302193
54,530000	0,306017
54,540000	0,305379
54,550000	0,302830
54,560000	0,302830
54,570000	0,303467
54,580000	0,302193
54,590000	0,306017
54,600000	0,303467
54,610000	0,299006
54,620000	0,301555
54,630000	0,303467
54,640000	0,302193
54,650000	0,299643
54,660000	0,304742
54,670000	0,300281
54,680000	0,300918
54,690000	0,296456
54,700000	0,304105
54,710000	0,300918
54,720000	0,302193
54,730000	0,306017
54,740000	0,300918
54,750000	0,302830
54,760000	0,303467
54,770000	0,302193
54,780000	0,304105
54,790000	0,299643
54,800000	0,301555
54,810000	0,300281
54,820000	0,304105
54,830000	0,305379
54,840000	0,304105
54,850000	0,297731
54,860000	0,302830
54,870000	0,300281
54,880000	0,303467
54,890000	0,302830
54,900000	0,303467
54,910000	0,302193
54,920000	0,300918
54,930000	0,304105
54,940000	0,303467
54,950000	0,300918
54,960000	0,300918
54,970000	0,300281
54,980000	0,301555
54,990000	0,300918
55,000000	0,300281
55,010000	0,303467
55,020000	0,303467
55,030000	0,300281
55,040000	0,302830
55,050000	0,300918
55,060000	0,300918
55,070000	0,300918
55,080000	0,301555
55,090000	0,300281
55,100000	0,305379
55,110000	0,299006
55,120000	0,301555
55,130000	0,299643
55,140000	0,300281
55,150000	0,298368
55,160000	0,300281
55,170000	0,300918
55,180000	0,302193
55,190000	0,304742
55,200000	0,300281
55,210000	0,302193
55,220000	0,295182
55,230000	0,299006
55,240000	0,290720
55,250000	0,301555
55,260000	0,295819
55,270000	0,299643
55,280000	0,295819
55,290000	0,302830
55,300000	0,294544
55,310000	0,302193
55,320000	0,299006
55,330000	0,300918
55,340000	0,299643
55,350000	0,299006
55,360000	0,302830
55,370000	0,297094
55,380000	0,296456
55,390000	0,299643
55,400000	0,293269
55,410000	0,296456
55,420000	0,291995
55,430000	0,294544
55,440000	0,297094
55,450000	0,296456
55,460000	0,297731
55,470000	0,295182
55,480000	0,295819
55,490000	0,292632
55,500000	0,300918
55,510000	0,293269
55,520000	0,296456
55,530000	0,291995
55,540000	0,301555
55,550000	0,297094
55,560000	0,309841
55,570000	0,293907
55,580000	0,301555
55,590000	0,295182
55,600000	0,301555
55,610000	0,297094
55,620000	0,300918
55,630000	0,298368
55,640000	0,301555
55,650000	0,295819
55,660000	0,300918
55,670000	0,293269
55,680000	0,294544
55,690000	0,291995
55,700000	0,297731
55,710000	0,297094
55,720000	0,296456
55,730000	0,300281
55,740000	0,295182
55,750000	0,295819
55,760000	0,295819
55,770000	0,292632
55,780000	0,295182
55,790000	0,292632
55,800000	0,297094
55,810000	0,296456
55,820000	0,298368
55,830000	0,294544
55,840000	0,301555
55,850000	0,298368
55,860000	0,298368
55,870000	0,295819
55,880000	0,295819
55,890000	0,294544
55,900000	0,295819
55,910000	0,298368
55,920000	0,297094
55,930000	0,291995
55,940000	0,297731
55,950000	0,293269
55,960000	0,297731
55,970000	0,297731
55,980000	0,298368
55,990000	0,293269
56,000000	0,298368
56,010000	0,297731
56,020000	0,297731
56,030000	0,294544
56,040000	0,302193
56,050000	0,290720
56,060000	0,295182
56,070000	0,293907
56,080000	0,297731
56,090000	0,297094
56,100000	0,299643
56,110000	0,295182
56,120000	0,299643
56,130000	0,288808
56,140000	0,302830
56,150000	0,300281
56,160000	0,305379
56,170000	0,295182
56,180000	0,302193
56,190000	0,295819
56,200000	0,300918
56,210000	0,294544
56,220000	0,299006
56,230000	0,288808
56,240000	0,299643
56,250000	0,303467
56,260000	0,299006
56,270000	0,306017
56,280000	0,296456
56,290000	0,309841
56,300000	0,296456
56,310000	0,306654
56,320000	0,295182
56,330000	0,302193
56,340000	0,296456
56,350000	0,306654
56,360000	0,296456
56,370000	0,306017
56,380000	0,298368
56,390000	0,299006
56,400000	0,298368
56,410000	0,297731
56,420000	0,299006
56,430000	0,293269
56,440000	0,299006
56,450000	0,299006
56,460000	0,303467
56,470000	0,302830
56,480000	0,301555
56,490000	0,301555
56,500000	0,298368
56,510000	0,297731
56,520000	0,299006
56,530000	0,297731
56,540000	0,300281
56,550000	0,302830
56,560000	0,298368
56,570000	0,300918
56,580000	0,297731
56,590000	0,301555
56,600000	0,299643
56,610000	0,298368
56,620000	0,302830
56,630000	0,302830
56,640000	0,302830
56,650000	0,301555
56,660000	0,304105
56,670000	0,302830
56,680000	0,304742
56,690000	0,300918
56,700000	0,293907
56,710000	0,299643
56,720000	0,306654
56,730000	0,300281
56,740000	0,302193
56,750000	0,299006
56,760000	0,302830
56,770000	0,295819
56,780000	0,307292
56,790000	0,298368
56,800000	0,305379
56,810000	0,297731
56,820000	0,298368
56,830000	0,300918
56,840000	0,304105
56,850000	0,300918
56,860000	0,310478
56,870000	0,295182
56,880000	0,306017
56,890000	0,295819
56,900000	0,305379
56,910000	0,295182
56,920000	0,298368
56,930000	0,296456
56,940000	0,301555
56,950000	0,293269
56,960000	0,297731
56,970000	0,291357
56,980000	0,304105
56,990000	0,295182
57,000000	0,301555
57,010000	0,292632
57,020000	0,296456
57,030000	0,295819
57,040000	0,302193
57,050000	0,294544
57,060000	0,294544
57,070000	0,292632
57,080000	0,298368
57,090000	0,290720
57,100000	0,300918
57,110000	0,293269
57,120000	0,293907
57,130000	0,293269
57,140000	0,293269
57,150000	0,293907
57,160000	0,295182
57,170000	0,290083
57,180000	0,286258
57,190000	0,295182
57,200000	0,280522
57,210000	0,290720
57,220000	0,288171
57,230000	0,299006
57,240000	0,293907
57,250000	0,298368
57,260000	0,293907
57,270000	0,292632
57,280000	0,297731
57,290000	0,300281
57,300000	0,293907
57,310000	0,294544
57,320000	0,291357
57,330000	0,295182
57,340000	0,291357
57,350000	0,299006
57,360000	0,290720
57,370000	0,299643
57,380000	0,291995
57,390000	0,295182
57,400000	0,293907
57,410000	0,295819
57,420000	0,289445
57,430000	0,306017
57,440000	0,301555
57,450000	0,292632
57,460000	0,299006
57,470000	0,295819
57,480000	0,288171
57,490000	0,298368
57,500000	0,286258
57,510000	0,296456
57,520000	0,293269
57,530000	0,291995
57,540000	0,292632
57,550000	0,292632
57,560000	0,283072
57,570000	0,293269
57,580000	0,288808
57,590000	0,290083
57,600000	0,291995
57,610000	0,288808
57,620000	0,291995
57,630000	0,292632
57,640000	0,291357
57,650000	0,288808
57,660000	0,288171
57,670000	0,292632
57,680000	0,288171
57,690000	0,300281
57,700000	0,289445
57,710000	0,293907
57,720000	0,291357
57,730000	0,295819
57,740000	0,285621
57,750000	0,295819
57,760000	0,290720
57,770000	0,291995
57,780000	0,291995
57,790000	0,291357
57,800000	0,291357
57,810000	0,288808
57,820000	0,288171
57,830000	0,296456
57,840000	0,295819
57,850000	0,283709
57,860000	0,295819
57,870000	0,286896
57,880000	0,297731
57,890000	0,289445
57,900000	0,298368
57,910000	0,297094
57,920000	0,297731
57,930000	0,292632
57,940000	0,297731
57,950000	0,291357
57,960000	0,291995
57,970000	0,288808
57,980000	0,299643
57,990000	0,289445
58,000000	0,291357
58,010000	0,288808
58,020000	0,298368
58,030000	0,293269
58,040000	0,298368
58,050000	0,293269
58,060000	0,296456
58,070000	0,291995
58,080000	0,297094
58,090000	0,295182
58,100000	0,300918
58,110000	0,295819
58,120000	0,297094
58,130000	0,296456
58,140000	0,293269
58,150000	0,294544
58,160000	0,300281
58,170000	0,292632
58,180000	0,295182
58,190000	0,293907
58,200000	0,300281
58,210000	0,293907
58,220000	0,299006
58,230000	0,286896
58,240000	0,294544
58,250000	0,284984
58,260000	0,295819
58,270000	0,289445
58,280000	0,293269
58,290000	0,291357
58,300000	0,291995
58,310000	0,293269
58,320000	0,295182
58,330000	0,295182
58,340000	0,308566
58,350000	0,291357
58,360000	0,297094
58,370000	0,297731
58,380000	0,292632
58,390000	0,295819
58,400000	0,301555
58,410000	0,293907
58,420000	0,297094
58,430000	0,300281
58,440000	0,300281
58,450000	0,299006
58,460000	0,300281
58,470000	0,297094
58,480000	0,295182
58,490000	0,292632
58,500000	0,303467
58,510000	0,285621
58,520000	0,294544
58,530000	0,300918
58,540000	0,302830
58,550000	0,287533
58,560000	0,299006
58,570000	0,291995
58,580000	0,302830
58,590000	0,293907
58,600000	0,306654
58,610000	0,303467
58,620000	0,298368
58,630000	0,291357
58,640000	0,292632
58,650000	0,298368
58,660000	0,299643
58,670000	0,297094
58,680000	0,301555
58,690000	0,293269
58,700000	0,300281
58,710000	0,297731
58,720000	0,300918
58,730000	0,299006
58,740000	0,300281
58,750000	0,289445
58,760000	0,297731
58,770000	0,297094
58,780000	0,298368
58,790000	0,299643
58,800000	0,295819
58,810000	0,285621
58,820000	0,294544
58,830000	0,288808
58,840000	0,304105
58,850000	0,297731
58,860000	0,291357
58,870000	0,295182
58,880000	0,293907
58,890000	0,280522
58,900000	0,292632
58,910000	0,278610
58,920000	0,300918
58,930000	0,288808
58,940000	0,294544
58,950000	0,293269
58,960000	0,292632
58,970000	0,299006
58,980000	0,294544
58,990000	0,291357
59,000000	0,292632
59,010000	0,302193
59,020000	0,299643
59,030000	0,293269
59,040000	0,295819
59,050000	0,299643
59,060000	0,304742
59,070000	0,304105
59,080000	0,304105
59,090000	0,297094
59,100000	0,289445
59,110000	0,286896
59,120000	0,282434
59,130000	0,300918
59,140000	0,293269
59,150000	0,298368
59,160000	0,290083
59,170000	0,295182
59,180000	0,296456
59,190000	0,288171
59,200000	0,289445
59,210000	0,304742
59,220000	0,293907
59,230000	0,288808
59,240000	0,295819
59,250000	0,295182
59,260000	0,302193
59,270000	0,293269
59,280000	0,302830
59,290000	0,280522
59,300000	0,291357
59,310000	0,287533
59,320000	0,294544
59,330000	0,287533
59,340000	0,297094
59,350000	0,283072
59,360000	0,288171
59,370000	0,293269
59,380000	0,292632
59,390000	0,290083
59,400000	0,299006
59,410000	0,288171
59,420000	0,293269
59,430000	0,300281
59,440000	0,302193
59,450000	0,294544
59,460000	0,297731
59,470000	0,293907
59,480000	0,297094
59,490000	0,298368
59,500000	0,290720
59,510000	0,290083
59,520000	0,288808
59,530000	0,283072
59,540000	0,300918
59,550000	0,286896
59,560000	0,297094
59,570000	0,295182
59,580000	0,295819
59,590000	0,288808
59,600000	0,300281
59,610000	0,283072
59,620000	0,293269
59,630000	0,288808
59,640000	0,294544
59,650000	0,290083
59,660000	0,283709
59,670000	0,297094
59,680000	0,290083
59,690000	0,290083
59,700000	0,290083
59,710000	0,280522
59,720000	0,291357
59,730000	0,301555
59,740000	0,285621
59,750000	0,290083
59,760000	0,276061
59,770000	0,300281
59,780000	0,306017
59,790000	0,281797
59,800000	0,288171
59,810000	0,290083
59,820000	0,295819
59,830000	0,302830
59,840000	0,293269
59,850000	0,308566
59,860000	0,297731
59,870000	0,285621
59,880000	0,308566
59,890000	0,299006
59,900000	0,281797
59,910000	0,304742
59,920000	0,311116
59,930000	0,304742
59,940000	0,310478
59,950000	0,300281
59,960000	0,302830
59,970000	0,287533
59,980000	0,307929
59,990000	0,330874
60,000000	0,295819
60,010000	0,285621
60,020000	0,318127
60,030000	0,278610
60,040000	0,269050
60,050000	0,281160
60,060000	0,238456
60,070000	0,267137
60,080000	0,269687
60,090000	0,286258
60,100000	0,277335
60,110000	0,263951
60,120000	0,270324
60,130000	0,275423
60,140000	0,282434
60,150000	0,306017
60,160000	0,304742
60,170000	0,300281
60,180000	0,288171
60,190000	0,283072
60,200000	0,296456
60,210000	0,296456
60,220000	0,306654
60,230000	0,280522
60,240000	0,279885
60,250000	0,283072
60,260000	0,290720
60,270000	0,288808
60,280000	0,291995
60,290000	0,274786
60,300000	0,258852
60,310000	0,292632
60,320000	0,334061
60,330000	0,288171
60,340000	0,293269
60,350000	0,277973
60,360000	0,292632
60,370000	0,263313
60,380000	0,303467
60,390000	0,274148
60,400000	0,273511
60,410000	0,296456
60,420000	0,214236
60,430000	0,285621
60,440000	0,311116
60,450000	0,284984
60,460000	0,290720
60,470000	0,337885
60,480000	0,296456
60,490000	0,332786
60,500000	0,323863
60,510000	0,297094
60,520000	0,281160
60,530000	0,298368
60,540000	0,312390
60,550000	0,307929
60,560000	0,311116
60,570000	0,134565
60,580000	0,287533
60,590000	0,312390
60,600000	0,283072
60,610000	0,288171
60,620000	0,323863
60,630000	0,286258
60,640000	0,290083
60,650000	0,282434
60,660000	0,306654
60,670000	0,342984
60,680000	0,321951
60,690000	0,289445
60,700000	0,287533
60,710000	0,297731
60,720000	0,290720
60,730000	0,302830
60,740000	0,284346
60,750000	0,292632
60,760000	0,287533
60,770000	0,297094
60,780000	0,280522
60,790000	0,295182
60,800000	0,272874
60,810000	0,288171
60,820000	0,286258
60,830000	0,262676
60,840000	0,271599
60,850000	0,260126
60,860000	0,258852
60,870000	0,268412
60,880000	0,267775
60,890000	0,254390
60,900000	0,235907
60,910000	0,244830
60,920000	0,317489
60,930000	0,258214
60,940000	0,311116
60,950000	0,291357
60,960000	0,265225
60,970000	0,297094
60,980000	0,306017
60,990000	0,309841
61,000000	0,316215
61,010000	0,321314
61,020000	0,295819
61,030000	0,329599
61,040000	0,286896
61,050000	0,320676
61,060000	0,293907
61,070000	0,295182
61,080000	0,285621
61,090000	0,286258
61,100000	0,300918
61,110000	0,314303
61,120000	0,295182
61,130000	0,255028
61,140000	0,306017
61,150000	0,319401
61,160000	0,311753
61,170000	0,296456
61,180000	0,304742
61,190000	0,296456
61,200000	0,265863
61,210000	0,271599
61,220000	0,298368
61,230000	0,267137
61,240000	0,302193
61,250000	0,328962
61,260000	0,341072
61,270000	0,293907
61,280000	0,318127
61,290000	0,289445
61,300000	0,346171
61,310000	0,328325
61,320000	0,295819
61,330000	0,359556
61,340000	0,299006
61,350000	0,277335
61,360000	0,270962
61,370000	0,290720
61,380000	0,217423
61,390000	0,288171
61,400000	0,274148
61,410000	0,286258
61,420000	0,297731
61,430000	0,239731
61,440000	0,292632
61,450000	0,275423
61,460000	0,276698
61,470000	0,287533
61,480000	0,371665
61,490000	0,269687
61,500000	0,265863
61,510000	0,274148
61,520000	0,274786
61,530000	0,326413
61,540000	0,280522
61,550000	0,290083
61,560000	0,285621
61,570000	0,283072
61,580000	0,281797
61,590000	0,290083
61,600000	0,286258
61,610000	0,276061
61,620000	0,263313
61,630000	0,300281
61,640000	0,276698
61,650000	0,277335
61,660000	0,275423
61,670000	0,300281
61,680000	0,285621
61,690000	0,304105
61,700000	0,303467
61,710000	0,323226
61,720000	0,288171
61,730000	0,301555
61,740000	0,297731
61,750000	0,321951
61,760000	0,314940
61,770000	0,333424
61,780000	0,318127
61,790000	0,325138
61,800000	0,318127
61,810000	0,321314
61,820000	0,286258
61,830000	0,267775
61,840000	0,293269
61,850000	0,318127
61,860000	0,302193
61,870000	0,313028
61,880000	0,321314
61,890000	0,264588
61,900000	0,304742
61,910000	0,269050
61,920000	0,284984
61,930000	0,306654
61,940000	0,281160
61,950000	0,258852
61,960000	0,243555
61,970000	0,292632
61,980000	0,270324
61,990000	0,295819
62,000000	0,271599
62,010000	0,272874
62,020000	0,251203
62,030000	0,284984
62,040000	0,256302
62,050000	0,265225
62,060000	0,276061
62,070000	0,273511
62,080000	0,286258
62,090000	0,280522
62,100000	0,281797
62,110000	0,269050
62,120000	0,316215
62,130000	0,287533
62,140000	0,270324
62,150000	0,287533
62,160000	0,272874
62,170000	0,225071
62,180000	0,283072
62,190000	0,217423
62,200000	0,289445
62,210000	0,290720
62,220000	0,288171
62,230000	0,282434
62,240000	0,262676
62,250000	0,299006
62,260000	0,300918
62,270000	0,320039
62,280000	0,288171
62,290000	0,329599
62,300000	0,284984
62,310000	0,279247
62,320000	0,158785
62,330000	0,290083
62,340000	0,179181
62,350000	0,288171
62,360000	0,288171
62,370000	0,107159
62,380000	0,300281
62,390000	0,135840
62,400000	0,311116
62,410000	0,316215
62,420000	0,310478
62,430000	0,297094
62,440000	0,300918
62,450000	0,295182
62,460000	0,297094
62,470000	0,305379
62,480000	0,301555
62,490000	0,290720
62,500000	0,291995
62,510000	0,291357
62,520000	0,288171
62,530000	0,291357
62,540000	0,302193
62,550000	0,276698
62,560000	0,269050
62,570000	0,289445
62,580000	0,288808
62,590000	0,279885
62,600000	0,271599
62,610000	0,262676
62,620000	0,277973
62,630000	0,278610
62,640000	0,260764
62,650000	0,311753
62,660000	0,270962
62,670000	0,283072
62,680000	0,295182
62,690000	0,284984
62,700000	0,319401
62,710000	0,311116
62,720000	0,340435
62,730000	0,325775
62,740000	0,322588
62,750000	0,274148
62,760000	0,242280
62,770000	0,221247
62,780000	0,266500
62,790000	0,209775
62,800000	0,209775
62,810000	0,196390
62,820000	0,225709
62,830000	0,204038
62,840000	0,233994
62,850000	0,306017
62,860000	0,342347
62,870000	0,300281
62,880000	0,311116
62,890000	0,320039
62,900000	0,327050
62,910000	0,297094
62,920000	0,299643
62,930000	0,318764
62,940000	0,302193
62,950000	0,322588
62,960000	0,283072
62,970000	0,296456
62,980000	0,291995
62,990000	0,298368
63,000000	0,319401
63,010000	0,344259
63,020000	0,292632
63,030000	0,331511
63,040000	0,292632
63,050000	0,288171
63,060000	0,267775
63,070000	0,288171
63,080000	0,345533
63,090000	0,292632
63,100000	0,379951
63,110000	0,266500
63,120000	0,288171
63,130000	0,236544
63,140000	0,293907
63,150000	0,422655
63,160000	0,269687
63,170000	0,290083
63,180000	0,304105
63,190000	0,291995
63,200000	0,225071
63,210000	0,279885
63,220000	0,282434
63,230000	0,408633
63,240000	0,277335
63,250000	0,280522
63,260000	0,280522
63,270000	0,276698
63,280000	0,274148
63,290000	0,276698
63,300000	0,265225
63,310000	0,284346
63,320000	0,277973
63,330000	0,263313
63,340000	0,265225
63,350000	0,293269
63,360000	0,279247
63,370000	0,277335
63,380000	0,300918
63,390000	0,275423
63,400000	0,295819
63,410000	0,302193
63,420000	0,297731
63,430000	0,269050
63,440000	0,291357
63,450000	0,295819
63,460000	0,272236
63,470000	0,282434
63,480000	0,258214
63,490000	0,267137
63,500000	0,283072
63,510000	0,275423
63,520000	0,283072
63,530000	0,300918
63,540000	0,279885
63,550000	0,319401
63,560000	0,307929
63,570000	0,320039
63,580000	0,255028
63,590000	0,304742
63,600000	0,255665
63,610000	0,259489
63,620000	0,246742
63,630000	0,258852
63,640000	0,273511
63,650000	0,292632
63,660000	0,342347
63,670000	0,344259
63,680000	0,357006
63,690000	0,361468
63,700000	0,271599
63,710000	0,308566
63,720000	0,318764
63,730000	0,274786
63,740000	0,313665
63,750000	0,257577
63,760000	0,267775
63,770000	0,281797
63,780000	0,286896
63,790000	0,283072
63,800000	0,260126
63,810000	0,275423
63,820000	0,307292
63,830000	0,293269
63,840000	0,315577
63,850000	0,262676
63,860000	0,291995
63,870000	0,320039
63,880000	0,283072
63,890000	0,314940
63,900000	0,275423
63,910000	0,263951
63,920000	0,242918
63,930000	0,283072
63,940000	0,239731
63,950000	0,285621
63,960000	0,267137
63,970000	0,334061
63,980000	0,285621
63,990000	0,357643
64,000000	0,288171
64,010000	0,288808
64,020000	0,337248
64,030000	0,287533
64,040000	0,244192
64,050000	0,293269
64,060000	0,299643
64,070000	0,274148
64,080000	0,285621
64,090000	0,179818
64,100000	0,290720
64,110000	0,295182
64,120000	0,316852
64,130000	0,285621
64,140000	0,341072
64,150000	0,278610
64,160000	0,280522
64,170000	0,321314
64,180000	0,279247
64,190000	0,340435
64,200000	0,297094
64,210000	0,291357
64,220000	0,297731
64,230000	0,306654
64,240000	0,302193
64,250000	0,305379
64,260000	0,290720
64,270000	0,299006
64,280000	0,283072
64,290000	0,277335
64,300000	0,279247
64,310000	0,288171
64,320000	0,296456
64,330000	0,285621
64,340000	0,279247
64,350000	0,287533
64,360000	0,279885
64,370000	0,287533
64,380000	0,277973
64,390000	0,273511
64,400000	0,283072
64,410000	0,279885
64,420000	0,291995
64,430000	0,283072
64,440000	0,293269
64,450000	0,281797
64,460000	0,261401
64,470000	0,290720
64,480000	0,260126
64,490000	0,331511
64,500000	0,293269
64,510000	0,300918
64,520000	0,291357
64,530000	0,263313
64,540000	0,260764
64,550000	0,232720
64,560000	0,289445
64,570000	0,258214
64,580000	0,241005
64,590000	0,270324
64,600000	0,280522
64,610000	0,275423
64,620000	0,283072
64,630000	0,267137
64,640000	0,295819
64,650000	0,292632
64,660000	0,285621
64,670000	0,301555
64,680000	0,295182
64,690000	0,288171
64,700000	0,283072
64,710000	0,295819
64,720000	0,290083
64,730000	0,298368
64,740000	0,291995
64,750000	0,307292
64,760000	0,292632
64,770000	0,284984
64,780000	0,286258
64,790000	0,290720
64,800000	0,334061
64,810000	0,291995
64,820000	0,289445
64,830000	0,302193
64,840000	0,299006
64,850000	0,304105
64,860000	0,295819
64,870000	0,288808
64,880000	0,339160
64,890000	0,283072
64,900000	0,313665
64,910000	0,282434
64,920000	0,281797
64,930000	0,287533
64,940000	0,284984
64,950000	0,335336
64,960000	0,280522
64,970000	0,291357
64,980000	0,282434
64,990000	0,290083
65,000000	0,267137
65,010000	0,286258
65,020000	0,288808
65,030000	0,288808
65,040000	0,294544
65,050000	0,288808
65,060000	0,289445
65,070000	0,295819
65,080000	0,294544
65,090000	0,287533
65,100000	0,283072
65,110000	0,291357
65,120000	0,289445
65,130000	0,289445
65,140000	0,286896
65,150000	0,288171
65,160000	0,285621
65,170000	0,283072
65,180000	0,284984
65,190000	0,287533
65,200000	0,284346
65,210000	0,288171
65,220000	0,290083
65,230000	0,285621
65,240000	0,290083
65,250000	0,277335
65,260000	0,288171
65,270000	0,286258
65,280000	0,290083
65,290000	0,293907
65,300000	0,284346
65,310000	0,288808
65,320000	0,283709
65,330000	0,286896
65,340000	0,290083
65,350000	0,287533
65,360000	0,289445
65,370000	0,290083
65,380000	0,291995
65,390000	0,293269
65,400000	0,286258
65,410000	0,288171
65,420000	0,282434
65,430000	0,284346
65,440000	0,286896
65,450000	0,287533
65,460000	0,290083
65,470000	0,285621
65,480000	0,287533
65,490000	0,281797
65,500000	0,285621
65,510000	0,285621
65,520000	0,289445
65,530000	0,286896
65,540000	0,283709
65,550000	0,286896
65,560000	0,290720
65,570000	0,290720
65,580000	0,283072
65,590000	0,281160
65,600000	0,286896
65,610000	0,285621
65,620000	0,281160
65,630000	0,288171
65,640000	0,285621
65,650000	0,287533
65,660000	0,283072
65,670000	0,291995
65,680000	0,277973
65,690000	0,287533
65,700000	0,277335
65,710000	0,283072
65,720000	0,278610
65,730000	0,286258
65,740000	0,272236
65,750000	0,281797
65,760000	0,280522
65,770000	0,280522
65,780000	0,280522
65,790000	0,281160
65,800000	0,276698
65,810000	0,282434
65,820000	0,282434
65,830000	0,282434
65,840000	0,279247
65,850000	0,286896
65,860000	0,277335
65,870000	0,288808
65,880000	0,283072
65,890000	0,283709
65,900000	0,279885
65,910000	0,284984
65,920000	0,279247
65,930000	0,277335
65,940000	0,279885
65,950000	0,279885
65,960000	0,280522
65,970000	0,284346
65,980000	0,275423
65,990000	0,284346
66,000000	0,276061
66,010000	0,288171
66,020000	0,279885
66,030000	0,283072
66,040000	0,278610
66,050000	0,283072
66,060000	0,281797
66,070000	0,284984
66,080000	0,279885
66,090000	0,283072
66,100000	0,278610
66,110000	0,283709
66,120000	0,277335
66,130000	0,288808
66,140000	0,274786
66,150000	0,288808
66,160000	0,272236
66,170000	0,289445
66,180000	0,276698
66,190000	0,284346
66,200000	0,282434
66,210000	0,286896
66,220000	0,277335
66,230000	0,287533
66,240000	0,279885
66,250000	0,284984
66,260000	0,279885
66,270000	0,283709
66,280000	0,279247
66,290000	0,281160
66,300000	0,275423
66,310000	0,284984
66,320000	0,284346
66,330000	0,282434
66,340000	0,282434
66,350000	0,281797
66,360000	0,284346
66,370000	0,277973
66,380000	0,279885
66,390000	0,279885
66,400000	0,282434
66,410000	0,279885
66,420000	0,286896
66,430000	0,284346
66,440000	0,282434
66,450000	0,286896
66,460000	0,275423
66,470000	0,284346
66,480000	0,283072
66,490000	0,284346
66,500000	0,280522
66,510000	0,286896
66,520000	0,276698
66,530000	0,285621
66,540000	0,281797
66,550000	0,283072
66,560000	0,285621
66,570000	0,283072
66,580000	0,285621
66,590000	0,284984
66,600000	0,281797
66,610000	0,283072
66,620000	0,286258
66,630000	0,284346
66,640000	0,288171
66,650000	0,283072
66,660000	0,283709
66,670000	0,284984
66,680000	0,284346
66,690000	0,288171
66,700000	0,281797
66,710000	0,287533
66,720000	0,286258
66,730000	0,290083
66,740000	0,279247
66,750000	0,287533
66,760000	0,276061
66,770000	0,290083
66,780000	0,281160
66,790000	0,283072
66,800000	0,283709
66,810000	0,288171
66,820000	0,277973
66,830000	0,287533
66,840000	0,280522
66,850000	0,285621
66,860000	0,286258
66,870000	0,284346
66,880000	0,286258
66,890000	0,288808
66,900000	0,287533
66,910000	0,288808
66,920000	0,280522
66,930000	0,289445
66,940000	0,280522
66,950000	0,284346
66,960000	0,289445
66,970000	0,286258
66,980000	0,281797
66,990000	0,282434
67,000000	0,284984
67,010000	0,284346
67,020000	0,281797
67,030000	0,290720
67,040000	0,287533
67,050000	0,284346
67,060000	0,283709
67,070000	0,287533
67,080000	0,286258
67,090000	0,287533
67,100000	0,278610
67,110000	0,288171
67,120000	0,283072
67,130000	0,288171
67,140000	0,285621
67,150000	0,292632
67,160000	0,285621
67,170000	0,285621
67,180000	0,287533
67,190000	0,289445
67,200000	0,288808
67,210000	0,289445
67,220000	0,290083
67,230000	0,289445
67,240000	0,288808
67,250000	0,285621
67,260000	0,284984
67,270000	0,287533
67,280000	0,291357
67,290000	0,288171
67,300000	0,290083
67,310000	0,283072
67,320000	0,290083
67,330000	0,286258
67,340000	0,290720
67,350000	0,285621
67,360000	0,285621
67,370000	0,282434
67,380000	0,284346
67,390000	0,285621
67,400000	0,284346
67,410000	0,286896
67,420000	0,288808
67,430000	0,283709
67,440000	0,286258
67,450000	0,285621
67,460000	0,285621
67,470000	0,285621
67,480000	0,284984
67,490000	0,286258
67,500000	0,281160
67,510000	0,287533
67,520000	0,284346
67,530000	0,281797
67,540000	0,284346
67,550000	0,278610
67,560000	0,283709
67,570000	0,284984
67,580000	0,283072
67,590000	0,286258
67,600000	0,283709
67,610000	0,280522
67,620000	0,284346
67,630000	0,286258
67,640000	0,283072
67,650000	0,284346
67,660000	0,286258
67,670000	0,284984
67,680000	0,280522
67,690000	0,284346
67,700000	0,280522
67,710000	0,283072
67,720000	0,277335
67,730000	0,283709
67,740000	0,280522
67,750000	0,281797
67,760000	0,275423
67,770000	0,282434
67,780000	0,276061
67,790000	0,290083
67,800000	0,284346
67,810000	0,284346
67,820000	0,277335
67,830000	0,281160
67,840000	0,277973
67,850000	0,280522
67,860000	0,279247
67,870000	0,283072
67,880000	0,279247
67,890000	0,285621
67,900000	0,277335
67,910000	0,283072
67,920000	0,278610
67,930000	0,279247
67,940000	0,286258
67,950000	0,283072
67,960000	0,279247
67,970000	0,279247
67,980000	0,277335
67,990000	0,286896
68,000000	0,274148
68,010000	0,279885
68,020000	0,272874
68,030000	0,286896
68,040000	0,272874
68,050000	0,283072
68,060000	0,272236
68,070000	0,284346
68,080000	0,276698
68,090000	0,283072
68,100000	0,274148
68,110000	0,283709
68,120000	0,279247
68,130000	0,277973
68,140000	0,274786
68,150000	0,277973
68,160000	0,277973
68,170000	0,277335
68,180000	0,274786
68,190000	0,277335
68,200000	0,274786
68,210000	0,275423
68,220000	0,276698
68,230000	0,275423
68,240000	0,274786
68,250000	0,281797
68,260000	0,273511
68,270000	0,277973
68,280000	0,274786
68,290000	0,276061
68,300000	0,278610
68,310000	0,275423
68,320000	0,279885
68,330000	0,274148
68,340000	0,280522
68,350000	0,275423
68,360000	0,280522
68,370000	0,278610
68,380000	0,275423
68,390000	0,276061
68,400000	0,278610
68,410000	0,276061
68,420000	0,278610
68,430000	0,278610
68,440000	0,279885
68,450000	0,278610
68,460000	0,274148
68,470000	0,276698
68,480000	0,281160
68,490000	0,275423
68,500000	0,283072
68,510000	0,274786
68,520000	0,277973
68,530000	0,275423
68,540000	0,277335
68,550000	0,276698
68,560000	0,277973
68,570000	0,276061
68,580000	0,278610
68,590000	0,279885
68,600000	0,280522
68,610000	0,274148
68,620000	0,279247
68,630000	0,280522
68,640000	0,277973
68,650000	0,280522
68,660000	0,283072
68,670000	0,283072
68,680000	0,274786
68,690000	0,280522
68,700000	0,277335
68,710000	0,280522
68,720000	0,275423
68,730000	0,284984
68,740000	0,274786
68,750000	0,283709
68,760000	0,280522
68,770000	0,278610
68,780000	0,279247
68,790000	0,287533
68,800000	0,273511
68,810000	0,284346
68,820000	0,272874
68,830000	0,285621
68,840000	0,275423
68,850000	0,284346
68,860000	0,274148
68,870000	0,287533
68,880000	0,277973
68,890000	0,280522
68,900000	0,274148
68,910000	0,284346
68,920000	0,276698
68,930000	0,286258
68,940000	0,275423
68,950000	0,283709
68,960000	0,280522
68,970000	0,287533
68,980000	0,279885
68,990000	0,283072
69,000000	0,277335
69,010000	0,281797
69,020000	0,282434
69,030000	0,284346
69,040000	0,277973
69,050000	0,280522
69,060000	0,283072
69,070000	0,282434
69,080000	0,281797
69,090000	0,282434
69,100000	0,283072
69,110000	0,285621
69,120000	0,279247
69,130000	0,283072
69,140000	0,283709
69,150000	0,283072
69,160000	0,283072
69,170000	0,286258
69,180000	0,282434
69,190000	0,285621
69,200000	0,281797
69,210000	0,287533
69,220000	0,281160
69,230000	0,284346
69,240000	0,281797
69,250000	0,287533
69,260000	0,283072
69,270000	0,288171
69,280000	0,279247
69,290000	0,290083
69,300000	0,274786
69,310000	0,290720
69,320000	0,279885
69,330000	0,291357
69,340000	0,279885
69,350000	0,288171
69,360000	0,279247
69,370000	0,286896
69,380000	0,276698
69,390000	0,285621
69,400000	0,279247
69,410000	0,279885
69,420000	0,283072
69,430000	0,283072
69,440000	0,281797
69,450000	0,283072
69,460000	0,283072
69,470000	0,287533
69,480000	0,284346
69,490000	0,280522
69,500000	0,285621
69,510000	0,283709
69,520000	0,283072
69,530000	0,282434
69,540000	0,281797
69,550000	0,284984
69,560000	0,281160
69,570000	0,280522
69,580000	0,281160
69,590000	0,285621
69,600000	0,281797
69,610000	0,284984
69,620000	0,280522
69,630000	0,288808
69,640000	0,277335
69,650000	0,285621
69,660000	0,279885
69,670000	0,284346
69,680000	0,277335
69,690000	0,287533
69,700000	0,279885
69,710000	0,286258
69,720000	0,280522
69,730000	0,280522
69,740000	0,278610
69,750000	0,280522
69,760000	0,281797
69,770000	0,281160
69,780000	0,279247
69,790000	0,276061
69,800000	0,280522
69,810000	0,276698
69,820000	0,279885
69,830000	0,281160
69,840000	0,280522
69,850000	0,277973
69,860000	0,282434
69,870000	0,280522
69,880000	0,281160
69,890000	0,279247
69,900000	0,279885
69,910000	0,279247
69,920000	0,276061
69,930000	0,278610
69,940000	0,276698
69,950000	0,277973
69,960000	0,277335
69,970000	0,279885
69,980000	0,277335
69,990000	0,278610
70,000000	0,276061
70,010000	0,277973
70,020000	0,277973
70,030000	0,283709
70,040000	0,275423
70,050000	0,283072
70,060000	0,274786
70,070000	0,278610
70,080000	0,274786
70,090000	0,281160
70,100000	0,268412
70,110000	0,281160
70,120000	0,272236
70,130000	0,283072
70,140000	0,274786
70,150000	0,281160
70,160000	0,272236
70,170000	0,282434
70,180000	0,269050
70,190000	0,282434
70,200000	0,270962
70,210000	0,282434
70,220000	0,270962
70,230000	0,279885
70,240000	0,273511
70,250000	0,279247
70,260000	0,272874
70,270000	0,280522
70,280000	0,272874
70,290000	0,279885
70,300000	0,273511
70,310000	0,282434
70,320000	0,273511
70,330000	0,276698
70,340000	0,275423
70,350000	0,279247
70,360000	0,275423
70,370000	0,277335
70,380000	0,271599
70,390000	0,279247
70,400000	0,275423
70,410000	0,280522
70,420000	0,276698
70,430000	0,277973
70,440000	0,276061
70,450000	0,277973
70,460000	0,281797
70,470000	0,279885
70,480000	0,274148
70,490000	0,279247
70,500000	0,271599
70,510000	0,278610
70,520000	0,276698
70,530000	0,279885
70,540000	0,273511
70,550000	0,278610
70,560000	0,276698
70,570000	0,276698
70,580000	0,272874
70,590000	0,277973
70,600000	0,275423
70,610000	0,276061
70,620000	0,276061
70,630000	0,273511
70,640000	0,275423
70,650000	0,272236
70,660000	0,277973
70,670000	0,276698
70,680000	0,273511
70,690000	0,276698
70,700000	0,276061
70,710000	0,277335
70,720000	0,276698
70,730000	0,277973
70,740000	0,277335
70,750000	0,275423
70,760000	0,279247
70,770000	0,276061
70,780000	0,276061
70,790000	0,279885
70,800000	0,277973
70,810000	0,277335
70,820000	0,277335
70,830000	0,281160
70,840000	0,277335
70,850000	0,277335
70,860000	0,276698
70,870000	0,277335
70,880000	0,276698
70,890000	0,281160
70,900000	0,280522
70,910000	0,278610
70,920000	0,279885
70,930000	0,274786
70,940000	0,279247
70,950000	0,277335
70,960000	0,281160
70,970000	0,279247
70,980000	0,276698
70,990000	0,279247
71,000000	0,278610
71,010000	0,277973
71,020000	0,281797
71,030000	0,275423
71,040000	0,277973
71,050000	0,279247
71,060000	0,277973
71,070000	0,281160
71,080000	0,280522
71,090000	0,281160
71,100000	0,277973
71,110000	0,282434
71,120000	0,276698
71,130000	0,276061
71,140000	0,277973
71,150000	0,279247
71,160000	0,275423
71,170000	0,277335
71,180000	0,276698
71,190000	0,276698
71,200000	0,280522
71,210000	0,275423
71,220000	0,279885
71,230000	0,279885
71,240000	0,277335
71,250000	0,279247
71,260000	0,276061
71,270000	0,283072
71,280000	0,281160
71,290000	0,278610
71,300000	0,279885
71,310000	0,282434
71,320000	0,277973
71,330000	0,285621
71,340000	0,274786
71,350000	0,280522
71,360000	0,281160
71,370000	0,276061
71,380000	0,281160
71,390000	0,279885
71,400000	0,279885
71,410000	0,281160
71,420000	0,279247
71,430000	0,279247
71,440000	0,279247
71,450000	0,288171
71,460000	0,281160
71,470000	0,282434
71,480000	0,276698
71,490000	0,281160
71,500000	0,277973
71,510000	0,281797
71,520000	0,278610
71,530000	0,284346
71,540000	0,280522
71,550000	0,283709
71,560000	0,275423
71,570000	0,279885
71,580000	0,280522
71,590000	0,280522
71,600000	0,277335
71,610000	0,281797
71,620000	0,274148
71,630000	0,276061
71,640000	0,272874
71,650000	0,278610
71,660000	0,275423
71,670000	0,277335
71,680000	0,276061
71,690000	0,282434
71,700000	0,278610
71,710000	0,279247
71,720000	0,281797
71,730000	0,281160
71,740000	0,280522
71,750000	0,277335
71,760000	0,279247
71,770000	0,272874
71,780000	0,279247
71,790000	0,278610
71,800000	0,276698
71,810000	0,276061
71,820000	0,276061
71,830000	0,275423
71,840000	0,277335
71,850000	0,276698
71,860000	0,277335
71,870000	0,275423
71,880000	0,277973
71,890000	0,273511
71,900000	0,277335
71,910000	0,270324
71,920000	0,277335
71,930000	0,277973
71,940000	0,277973
71,950000	0,276698
71,960000	0,279247
71,970000	0,275423
71,980000	0,277335
71,990000	0,281160
72,000000	0,277973
72,010000	0,283709
72,020000	0,275423
72,030000	0,284346
72,040000	0,274148
72,050000	0,281160
72,060000	0,271599
72,070000	0,283072
72,080000	0,270324
72,090000	0,283072
72,100000	0,264588
72,110000	0,283072
72,120000	0,270962
72,130000	0,281797
72,140000	0,274786
72,150000	0,281797
72,160000	0,272874
72,170000	0,278610
72,180000	0,267775
72,190000	0,279247
72,200000	0,270962
72,210000	0,276061
72,220000	0,269050
72,230000	0,276061
72,240000	0,269687
72,250000	0,277335
72,260000	0,269687
72,270000	0,279247
72,280000	0,272236
72,290000	0,277335
72,300000	0,266500
72,310000	0,275423
72,320000	0,269687
72,330000	0,276061
72,340000	0,257577
72,350000	0,277335
72,360000	0,266500
72,370000	0,276698
72,380000	0,272236
72,390000	0,272874
72,400000	0,269050
72,410000	0,271599
72,420000	0,272874
72,430000	0,281160
72,440000	0,267137
72,450000	0,279247
72,460000	0,272236
72,470000	0,276698
72,480000	0,272874
72,490000	0,276061
72,500000	0,270324
72,510000	0,272236
72,520000	0,273511
72,530000	0,277335
72,540000	0,274148
72,550000	0,274786
72,560000	0,279247
72,570000	0,276061
72,580000	0,275423
72,590000	0,274786
72,600000	0,270962
72,610000	0,270324
72,620000	0,267137
72,630000	0,278610
72,640000	0,277973
72,650000	0,269687
72,660000	0,278610
72,670000	0,274786
72,680000	0,282434
72,690000	0,276698
72,700000	0,283072
72,710000	0,274786
72,720000	0,275423
72,730000	0,277335
72,740000	0,279247
72,750000	0,275423
72,760000	0,277973
72,770000	0,275423
72,780000	0,272874
72,790000	0,265225
72,800000	0,274786
72,810000	0,267775
72,820000	0,275423
72,830000	0,272236
72,840000	0,276061
72,850000	0,274148
72,860000	0,273511
72,870000	0,268412
72,880000	0,277335
72,890000	0,269687
72,900000	0,276061
72,910000	0,267137
72,920000	0,277335
72,930000	0,276698
72,940000	0,275423
72,950000	0,274786
72,960000	0,279247
72,970000	0,275423
72,980000	0,277335
72,990000	0,276061
73,000000	0,276698
73,010000	0,276061
73,020000	0,278610
73,030000	0,275423
73,040000	0,277973
73,050000	0,279885
73,060000	0,278610
73,070000	0,277973
73,080000	0,276061
73,090000	0,276698
73,100000	0,277973
73,110000	0,284346
73,120000	0,277335
73,130000	0,279885
73,140000	0,274148
73,150000	0,280522
73,160000	0,277335
73,170000	0,272874
73,180000	0,277973
73,190000	0,277973
73,200000	0,280522
73,210000	0,277973
73,220000	0,277973
73,230000	0,281797
73,240000	0,274786
73,250000	0,287533
73,260000	0,277973
73,270000	0,285621
73,280000	0,274786
73,290000	0,279247
73,300000	0,272874
73,310000	0,281797
73,320000	0,272874
73,330000	0,279247
73,340000	0,270324
73,350000	0,283072
73,360000	0,270962
73,370000	0,285621
73,380000	0,275423
73,390000	0,284346
73,400000	0,275423
73,410000	0,279885
73,420000	0,278610
73,430000	0,283709
73,440000	0,277335
73,450000	0,274786
73,460000	0,272874
73,470000	0,270324
73,480000	0,277335
73,490000	0,281160
73,500000	0,284346
73,510000	0,279247
73,520000	0,277335
73,530000	0,279885
73,540000	0,284984
73,550000	0,273511
73,560000	0,274148
73,570000	0,277335
73,580000	0,274786
73,590000	0,276698
73,600000	0,274148
73,610000	0,270962
73,620000	0,279247
73,630000	0,270962
73,640000	0,272236
73,650000	0,269687
73,660000	0,279247
73,670000	0,281160
73,680000	0,284346
73,690000	0,284346
73,700000	0,276698
73,710000	0,283072
73,720000	0,274148
73,730000	0,279247
73,740000	0,272874
73,750000	0,281160
73,760000	0,269050
73,770000	0,282434
73,780000	0,274148
73,790000	0,279247
73,800000	0,280522
73,810000	0,277335
73,820000	0,270962
73,830000	0,276698
73,840000	0,276698
73,850000	0,279885
73,860000	0,275423
73,870000	0,279885
73,880000	0,274786
73,890000	0,277973
73,900000	0,276061
73,910000	0,284984
73,920000	0,277973
73,930000	0,275423
73,940000	0,277973
73,950000	0,279247
73,960000	0,281160
73,970000	0,279885
73,980000	0,277973
73,990000	0,267775
74,000000	0,276061
74,010000	0,277335
74,020000	0,275423
74,030000	0,272874
74,040000	0,276061
74,050000	0,276061
74,060000	0,275423
74,070000	0,278610
74,080000	0,277335
74,090000	0,279247
74,100000	0,280522
74,110000	0,272874
74,120000	0,274786
74,130000	0,274148
74,140000	0,273511
74,150000	0,275423
74,160000	0,268412
74,170000	0,269687
74,180000	0,272236
74,190000	0,263313
74,200000	0,272236
74,210000	0,274786
74,220000	0,270324
74,230000	0,271599
74,240000	0,270962
74,250000	0,273511
74,260000	0,275423
74,270000	0,272874
74,280000	0,269687
74,290000	0,272874
74,300000	0,276061
74,310000	0,269050
74,320000	0,267775
74,330000	0,275423
74,340000	0,274148
74,350000	0,279885
74,360000	0,272236
74,370000	0,279247
74,380000	0,270962
74,390000	0,273511
74,400000	0,267137
74,410000	0,273511
74,420000	0,263313
74,430000	0,272874
74,440000	0,272874
74,450000	0,279885
74,460000	0,271599
74,470000	0,270324
74,480000	0,275423
74,490000	0,269050
74,500000	0,271599
74,510000	0,272236
74,520000	0,271599
74,530000	0,267137
74,540000	0,267775
74,550000	0,270962
74,560000	0,275423
74,570000	0,271599
74,580000	0,270962
74,590000	0,276698
74,600000	0,272236
74,610000	0,269687
74,620000	0,277973
74,630000	0,277973
74,640000	0,274786
74,650000	0,270962
74,660000	0,271599
74,670000	0,265225
74,680000	0,265863
74,690000	0,270962
74,700000	0,274786
74,710000	0,275423
74,720000	0,258852
74,730000	0,278610
74,740000	0,262676
74,750000	0,275423
74,760000	0,263951
74,770000	0,269687
74,780000	0,265863
74,790000	0,277335
74,800000	0,269687
74,810000	0,273511
74,820000	0,273511
74,830000	0,275423
74,840000	0,269687
74,850000	0,271599
74,860000	0,269687
74,870000	0,271599
74,880000	0,272236
74,890000	0,271599
74,900000	0,270962
74,910000	0,277973
74,920000	0,265225
74,930000	0,272874
74,940000	0,270324
74,950000	0,276698
74,960000	0,269687
74,970000	0,278610
74,980000	0,270962
74,990000	0,276061
75,000000	0,270324
75,010000	0,273511
75,020000	0,270324
75,030000	0,276698
75,040000	0,270962
75,050000	0,274148
75,060000	0,270324
75,070000	0,276061
75,080000	0,273511
75,090000	0,276061
75,100000	0,275423
75,110000	0,274786
75,120000	0,274148
75,130000	0,273511
75,140000	0,268412
75,150000	0,276061
75,160000	0,281797
75,170000	0,271599
75,180000	0,277973
75,190000	0,269687
75,200000	0,275423
75,210000	0,278610
75,220000	0,269050
75,230000	0,275423
75,240000	0,270324
75,250000	0,259489
75,260000	0,274148
75,270000	0,269687
75,280000	0,270324
75,290000	0,267137
75,300000	0,274148
75,310000	0,272874
75,320000	0,270324
75,330000	0,274786
75,340000	0,277335
75,350000	0,275423
75,360000	0,272236
75,370000	0,277335
75,380000	0,267137
75,390000	0,270324
75,400000	0,275423
75,410000	0,270962
75,420000	0,277973
75,430000	0,270324
75,440000	0,284984
75,450000	0,270324
75,460000	0,279247
75,470000	0,265863
75,480000	0,274148
75,490000	0,270962
75,500000	0,280522
75,510000	0,272874
75,520000	0,274148
75,530000	0,274786
75,540000	0,276061
75,550000	0,274786
75,560000	0,270962
75,570000	0,276698
75,580000	0,283709
75,590000	0,277335
75,600000	0,283072
75,610000	0,272874
75,620000	0,284346
75,630000	0,269050
75,640000	0,280522
75,650000	0,276061
75,660000	0,270962
75,670000	0,272874
75,680000	0,272874
75,690000	0,279885
75,700000	0,283709
75,710000	0,272236
75,720000	0,276698
75,730000	0,269687
75,740000	0,269050
75,750000	0,274148
75,760000	0,275423
75,770000	0,274148
75,780000	0,272874
75,790000	0,272874
75,800000	0,270324
75,810000	0,273511
75,820000	0,270324
75,830000	0,270962
75,840000	0,274148
75,850000	0,280522
75,860000	0,266500
75,870000	0,276061
75,880000	0,272236
75,890000	0,277335
75,900000	0,272874
75,910000	0,277973
75,920000	0,278610
75,930000	0,271599
75,940000	0,273511
75,950000	0,275423
75,960000	0,275423
75,970000	0,274148
75,980000	0,269687
75,990000	0,278610
76,000000	0,275423
76,010000	0,279885
76,020000	0,269687
76,030000	0,274786
76,040000	0,269050
76,050000	0,277335
76,060000	0,269050
76,070000	0,280522
76,080000	0,265863
76,090000	0,279885
76,100000	0,270962
76,110000	0,277335
76,120000	0,274148
76,130000	0,275423
76,140000	0,270324
76,150000	0,271599
76,160000	0,272236
76,170000	0,274148
76,180000	0,270324
76,190000	0,276698
76,200000	0,274786
76,210000	0,280522
76,220000	0,270962
76,230000	0,271599
76,240000	0,272236
76,250000	0,268412
76,260000	0,274148
76,270000	0,272874
76,280000	0,276698
76,290000	0,278610
76,300000	0,265863
76,310000	0,271599
76,320000	0,266500
76,330000	0,274148
76,340000	0,271599
76,350000	0,269687
76,360000	0,275423
76,370000	0,274148
76,380000	0,274786
76,390000	0,274786
76,400000	0,274786
76,410000	0,273511
76,420000	0,274148
76,430000	0,270962
76,440000	0,276061
76,450000	0,266500
76,460000	0,273511
76,470000	0,274148
76,480000	0,276698
76,490000	0,269050
76,500000	0,270962
76,510000	0,269050
76,520000	0,273511
76,530000	0,267775
76,540000	0,273511
76,550000	0,260764
76,560000	0,263951
76,570000	0,269050
76,580000	0,262039
76,590000	0,272236
76,600000	0,265225
76,610000	0,274148
76,620000	0,275423
76,630000	0,272874
76,640000	0,265225
76,650000	0,274148
76,660000	0,269687
76,670000	0,269687
76,680000	0,266500
76,690000	0,274148
76,700000	0,272236
76,710000	0,268412
76,720000	0,281797
76,730000	0,276061
76,740000	0,266500
76,750000	0,272874
76,760000	0,260764
76,770000	0,275423
76,780000	0,263951
76,790000	0,275423
76,800000	0,275423
76,810000	0,267775
76,820000	0,274148
76,830000	0,274786
76,840000	0,271599
76,850000	0,274148
76,860000	0,271599
76,870000	0,271599
76,880000	0,267775
76,890000	0,270324
76,900000	0,267137
76,910000	0,274148
76,920000	0,272236
76,930000	0,274786
76,940000	0,269687
76,950000	0,267775
76,960000	0,269050
76,970000	0,277973
76,980000	0,269687
76,990000	0,267137
77,000000	0,275423
77,010000	0,263313
77,020000	0,270324
77,030000	0,277335
77,040000	0,265863
77,050000	0,272236
77,060000	0,272236
77,070000	0,270324
77,080000	0,264588
77,090000	0,266500
77,100000	0,272874
77,110000	0,264588
77,120000	0,275423
77,130000	0,272236
77,140000	0,270324
77,150000	0,269687
77,160000	0,268412
77,170000	0,260126
77,180000	0,269050
77,190000	0,265225
77,200000	0,304742
77,210000	0,254390
77,220000	0,259489
77,230000	0,269050
77,240000	0,321951
77,250000	0,269687
77,260000	0,269050
77,270000	0,256940
77,280000	0,271599
77,290000	0,263951
77,300000	0,237181
77,310000	0,274148
77,320000	0,257577
77,330000	0,257577
77,340000	0,293269
77,350000	0,280522
77,360000	0,256302
77,370000	0,279247
77,380000	0,286258
77,390000	0,241643
77,400000	0,267775
77,410000	0,275423
77,420000	0,295182
77,430000	0,274148
77,440000	0,272236
77,450000	0,275423
77,460000	0,277973
77,470000	0,276061
77,480000	0,286896
77,490000	0,272874
77,500000	0,265863
77,510000	0,289445
77,520000	0,276698
77,530000	0,278610
77,540000	0,270962
77,550000	0,275423
77,560000	0,264588
77,570000	0,277973
77,580000	0,270962
77,590000	0,274786
77,600000	0,272874
77,610000	0,274786
77,620000	0,279885
77,630000	0,281160
77,640000	0,277335
77,650000	0,265225
77,660000	0,277335
77,670000	0,276061
77,680000	0,266500
77,690000	0,272874
77,700000	0,270962
77,710000	0,233357
77,720000	0,275423
77,730000	0,230808
77,740000	0,281797
77,750000	0,274786
77,760000	0,252478
77,770000	0,266500
77,780000	0,267775
77,790000	0,278610
77,800000	0,254390
77,810000	0,282434
77,820000	0,294544
77,830000	0,273511
77,840000	0,270962
77,850000	0,262676
77,860000	0,264588
77,870000	0,290720
77,880000	0,272874
77,890000	0,274786
77,900000	0,262676
77,910000	0,246742
77,920000	0,300918
77,930000	0,269687
77,940000	0,274786
77,950000	0,271599
77,960000	0,276698
77,970000	0,290083
77,980000	0,265225
77,990000	0,287533
78,000000	0,268412
78,010000	0,239093
78,020000	0,221884
78,030000	0,271599
78,040000	0,230808
78,050000	0,274148
78,060000	0,295819
78,070000	0,283709
78,080000	0,275423
78,090000	0,323863
78,100000	0,265225
78,110000	0,269687
78,120000	0,283709
78,130000	0,291995
78,140000	0,318127
78,150000	0,279885
78,160000	0,196390
78,170000	0,279885
78,180000	0,270962
78,190000	0,153686
78,200000	0,269687
78,210000	0,158148
78,220000	0,260126
78,230000	0,286258
78,240000	0,284984
78,250000	0,260764
78,260000	0,295182
78,270000	0,275423
78,280000	0,316215
78,290000	0,309204
78,300000	0,328962
78,310000	0,291357
78,320000	0,279247
78,330000	0,278610
78,340000	0,241005
78,350000	0,253115
78,360000	0,322588
78,370000	0,276698
78,380000	0,274148
78,390000	0,267137
78,400000	0,265225
78,410000	0,278610
78,420000	0,267775
78,430000	0,276698
78,440000	0,265863
78,450000	0,260764
78,460000	0,267775
78,470000	0,265863
78,480000	0,274786
78,490000	0,257577
78,500000	0,256940
78,510000	0,268412
78,520000	0,260764
78,530000	0,315577
78,540000	0,262676
78,550000	0,263313
78,560000	0,267137
78,570000	0,276698
78,580000	0,263313
78,590000	0,268412
78,600000	0,280522
78,610000	0,277335
78,620000	0,253115
78,630000	0,313665
78,640000	0,284346
78,650000	0,299643
78,660000	0,258852
78,670000	0,277973
78,680000	0,280522
78,690000	0,270962
78,700000	0,238456
78,710000	0,272874
78,720000	0,275423
78,730000	0,265863
78,740000	0,228258
78,750000	0,252478
78,760000	0,262039
78,770000	0,288171
78,780000	0,271599
78,790000	0,278610
78,800000	0,257577
78,810000	0,293907
78,820000	0,284984
78,830000	0,283709
78,840000	0,243555
78,850000	0,256940
78,860000	0,276698
78,870000	0,270324
78,880000	0,327050
78,890000	0,234632
78,900000	0,270324
78,910000	0,242280
78,920000	0,269050
78,930000	0,284346
78,940000	0,272236
78,950000	0,267137
78,960000	0,323226
78,970000	0,266500
78,980000	0,349995
78,990000	0,243555
79,000000	0,277973
79,010000	0,209137
79,020000	0,257577
79,030000	0,228896
79,040000	0,266500
79,050000	0,266500
79,060000	0,290083
79,070000	0,270324
79,080000	0,359556
79,090000	0,281160
79,100000	0,277335
79,110000	0,351270
79,120000	0,291995
79,130000	0,338522
79,140000	0,279885
79,150000	0,242280
79,160000	0,268412
79,170000	0,266500
79,180000	0,242918
79,190000	0,241643
79,200000	0,206588
79,210000	0,218698
79,220000	0,199577
79,230000	0,202763
79,240000	0,218060
79,250000	0,244192
79,260000	0,297731
79,270000	0,292632
79,280000	0,298368
79,290000	0,303467
79,300000	0,303467
79,310000	0,287533
79,320000	0,278610
79,330000	0,260764
79,340000	0,272236
79,350000	0,300281
79,360000	0,276698
79,370000	0,272236
79,380000	0,270962
79,390000	0,281797
79,400000	0,283709
79,410000	0,267137
79,420000	0,269687
79,430000	0,263313
79,440000	0,274148
79,450000	0,288171
79,460000	0,284346
79,470000	0,270324
79,480000	0,274786
79,490000	0,273511
79,500000	0,221884
79,510000	0,282434
79,520000	0,236544
79,530000	0,275423
79,540000	0,290720
79,550000	0,279247
79,560000	0,270962
79,570000	0,290083
79,580000	0,271599
79,590000	0,284984
79,600000	0,275423
79,610000	0,285621
79,620000	0,313665
79,630000	0,267775
79,640000	0,264588
79,650000	0,275423
79,660000	0,280522
79,670000	0,274148
79,680000	0,301555
79,690000	0,267137
79,700000	0,269687
79,710000	0,267137
79,720000	0,264588
79,730000	0,293269
79,740000	0,250566
79,750000	0,240368
79,760000	0,206588
79,770000	0,249929
79,780000	0,293269
79,790000	0,268412
79,800000	0,208500
79,810000	0,251841
79,820000	0,267775
79,830000	0,242280
79,840000	0,277335
79,850000	0,202763
79,860000	0,293907
79,870000	0,271599
79,880000	0,256940
79,890000	0,288808
79,900000	0,208500
79,910000	0,289445
79,920000	0,268412
79,930000	0,365929
79,940000	0,277335
79,950000	0,280522
79,960000	0,317489
79,970000	0,302830
79,980000	0,191928
79,990000	0,291995
80,000000	0,245467
80,010000	0,283709
80,020000	0,284346
80,030000	0,237181
80,040000	0,260764
80,050000	0,174082
80,060000	0,255028
80,070000	0,234632
80,080000	0,252478
80,090000	0,280522
80,100000	0,351907
80,110000	0,295182
80,120000	0,342347
80,130000	0,348083
80,140000	0,354457
80,150000	0,315577
80,160000	0,349358
80,170000	0,321314
80,180000	0,274148
80,190000	0,257577
80,200000	0,265225
80,210000	0,237819
80,220000	0,236544
80,230000	0,223797
80,240000	0,243555
80,250000	0,258214
80,260000	0,242280
80,270000	0,259489
80,280000	0,267775
80,290000	0,250566
80,300000	0,244830
80,310000	0,260126
80,320000	0,248654
80,330000	0,260126
80,340000	0,270962
80,350000	0,275423
80,360000	0,277335
80,370000	0,323863
80,380000	0,267137
80,390000	0,259489
80,400000	0,265863
80,410000	0,285621
80,420000	0,258852
80,430000	0,260764
80,440000	0,277335
80,450000	0,259489
80,460000	0,245467
80,470000	0,267137
80,480000	0,248654
80,490000	0,257577
80,500000	0,253753
80,510000	0,256940
80,520000	0,268412
80,530000	0,243555
80,540000	0,270324
80,550000	0,250566
80,560000	0,252478
80,570000	0,265863
80,580000	0,274786
80,590000	0,261401
80,600000	0,251841
80,610000	0,266500
80,620000	0,288808
80,630000	0,225071
80,640000	0,267137
80,650000	0,251203
80,660000	0,292632
80,670000	0,300918
80,680000	0,342347
80,690000	0,295819
80,700000	0,322588
80,710000	0,275423
80,720000	0,262676
80,730000	0,219972
80,740000	0,268412
80,750000	0,349995
80,760000	0,265225
80,770000	0,235269
80,780000	0,228896
80,790000	0,264588
80,800000	0,208500
80,810000	0,262039
80,820000	0,399710
80,830000	0,255028
80,840000	0,272236
80,850000	0,371028
80,860000	0,262676
80,870000	0,371028
80,880000	0,255028
80,890000	0,254390
80,900000	0,247379
80,910000	0,266500
80,920000	0,260126
80,930000	0,256302
80,940000	0,280522
80,950000	0,193840
80,960000	0,260126
80,970000	0,177906
80,980000	0,263313
80,990000	0,223797
81,000000	0,234632
81,010000	0,226346
81,020000	0,177906
81,030000	0,193840
81,040000	0,186192
81,050000	0,203401
81,060000	0,178544
81,070000	0,250566
81,080000	0,214236
81,090000	0,241643
81,100000	0,280522
81,110000	0,299006
81,120000	0,284984
81,130000	0,302830
81,140000	0,294544
81,150000	0,312390
81,160000	0,286896
81,170000	0,278610
81,180000	0,285621
81,190000	0,282434
81,200000	0,291357
81,210000	0,273511
81,220000	0,245467
81,230000	0,283072
81,240000	0,293269
81,250000	0,282434
81,260000	0,280522
81,270000	0,256940
81,280000	0,265225
81,290000	0,183643
81,300000	0,185555
81,310000	0,186829
81,320000	0,272236
81,330000	0,267775
81,340000	0,270324
81,350000	0,291357
81,360000	0,261401
81,370000	0,269050
81,380000	0,302830
81,390000	0,290720
81,400000	0,300918
81,410000	0,265225
81,420000	0,260126
81,430000	0,252478
81,440000	0,272236
81,450000	0,262039
81,460000	0,259489
81,470000	0,270962
81,480000	0,299006
81,490000	0,272874
81,500000	0,276698
81,510000	0,265225
81,520000	0,239731
81,530000	0,211687
81,540000	0,262039
81,550000	0,307292
81,560000	0,254390
81,570000	0,204038
81,580000	0,188741
81,590000	0,248016
81,600000	0,249291
81,610000	0,248654
81,620000	0,174082
81,630000	0,287533
81,640000	0,263951
81,650000	0,340435
81,660000	0,279247
81,670000	0,175994
81,680000	0,272236
81,690000	0,248016
81,700000	0,338522
81,710000	0,252478
81,720000	0,141576
81,730000	0,286258
81,740000	0,282434
81,750000	0,112895
81,760000	0,261401
81,770000	0,170895
81,780000	0,262676
81,790000	0,277335
81,800000	0,328962
81,810000	0,251841
81,820000	0,295819
81,830000	0,226346
81,840000	0,240368
81,850000	0,267775
81,860000	0,237181
81,870000	0,365292
81,880000	0,225071
81,890000	0,227621
81,900000	0,269687
81,910000	0,238456
81,920000	0,334061
81,930000	0,315577
81,940000	0,332149
81,950000	0,342984
81,960000	0,344896
81,970000	0,332149
81,980000	0,352545
81,990000	0,290083
82,000000	0,275423
82,010000	0,321951
82,020000	0,262039
82,030000	0,242918
82,040000	0,215511
82,050000	0,220610
82,060000	0,223797
82,070000	0,208500
82,080000	0,237181
82,090000	0,261401
82,100000	0,242918
82,110000	0,266500
82,120000	0,275423
82,130000	0,252478
82,140000	0,303467
82,150000	0,260126
82,160000	0,260126
82,170000	0,308566
82,180000	0,276061
82,190000	0,301555
82,200000	0,263951
82,210000	0,274148
82,220000	0,241643
82,230000	0,276061
82,240000	0,233994
82,250000	0,257577
82,260000	0,265225
82,270000	0,260126
82,280000	0,232082
82,290000	0,261401
82,300000	0,247379
82,310000	0,262039
82,320000	0,265225
82,330000	0,263951
82,340000	0,274148
82,350000	0,288171
82,360000	0,253753
82,370000	0,269050
82,380000	0,280522
82,390000	0,263951
82,400000	0,219972
82,410000	0,263951
82,420000	0,277973
82,430000	0,226346
82,440000	0,263313
82,450000	0,316215
82,460000	0,284984
82,470000	0,281797
82,480000	0,340435
82,490000	0,279247
82,500000	0,278610
82,510000	0,278610
82,520000	0,269050
82,530000	0,246104
82,540000	0,275423
82,550000	0,176631
82,560000	0,255028
82,570000	0,249291
82,580000	0,363380
82,590000	0,267137
82,600000	0,342984
82,610000	0,272236
82,620000	0,269050
82,630000	0,281797
82,640000	0,269050
82,650000	0,379951
82,660000	0,275423
82,670000	0,267775
82,680000	0,232082
82,690000	0,271599
82,700000	0,218698
82,710000	0,278610
82,720000	0,272874
82,730000	0,280522
82,740000	0,280522
82,750000	0,269687
82,760000	0,273511
82,770000	0,295819
82,780000	0,309841
82,790000	0,288808
82,800000	0,263313
82,810000	0,309204
82,820000	0,247379
82,830000	0,226346
82,840000	0,262676
82,850000	0,187467
82,860000	0,201489
82,870000	0,170895
82,880000	0,236544
82,890000	0,232082
82,900000	0,223797
82,910000	0,277335
82,920000	0,310478
82,930000	0,308566
82,940000	0,281797
82,950000	0,286896
82,960000	0,278610
82,970000	0,271599
82,980000	0,282434
82,990000	0,267137
83,000000	0,214873
83,010000	0,268412
83,020000	0,226346
83,030000	0,264588
83,040000	0,275423
83,050000	0,246742
83,060000	0,257577
83,070000	0,270962
83,080000	0,263951
83,090000	0,270324
83,100000	0,290083
83,110000	0,284984
83,120000	0,277335
83,130000	0,276061
83,140000	0,258852
83,150000	0,282434
83,160000	0,309204
83,170000	0,275423
83,180000	0,263951
83,190000	0,260764
83,200000	0,267137
83,210000	0,249291
83,220000	0,263951
83,230000	0,295182
83,240000	0,259489
83,250000	0,251841
83,260000	0,295819
83,270000	0,260126
83,280000	0,275423
83,290000	0,252478
83,300000	0,260126
83,310000	0,279885
83,320000	0,257577
83,330000	0,215511
83,340000	0,241643
83,350000	0,261401
83,360000	0,249929
83,370000	0,256302
83,380000	0,265863
83,390000	0,263951
83,400000	0,269050
83,410000	0,192566
83,420000	0,269050
83,430000	0,181093
83,440000	0,267137
83,450000	0,268412
83,460000	0,186829
83,470000	0,265225
83,480000	0,275423
83,490000	0,268412
83,500000	0,270962
83,510000	0,258852
83,520000	0,256940
83,530000	0,302830
83,540000	0,266500
83,550000	0,254390
83,560000	0,275423
83,570000	0,277973
83,580000	0,325138
83,590000	0,270324
83,600000	0,263313
83,610000	0,277335
83,620000	0,265863
83,630000	0,297731
83,640000	0,267137
83,650000	0,254390
83,660000	0,288808
83,670000	0,247379
83,680000	0,290720
83,690000	0,283072
83,700000	0,288808
83,710000	0,288171
83,720000	0,287533
83,730000	0,306017
83,740000	0,284346
83,750000	0,259489
83,760000	0,272236
83,770000	0,256940
83,780000	0,254390
83,790000	0,275423
83,800000	0,245467
83,810000	0,263313
83,820000	0,263313
83,830000	0,278610
83,840000	0,268412
83,850000	0,272874
83,860000	0,265225
83,870000	0,255028
83,880000	0,300918
83,890000	0,264588
83,900000	0,295819
83,910000	0,252478
83,920000	0,263313
83,930000	0,253115
83,940000	0,272874
83,950000	0,255028
83,960000	0,260764
83,970000	0,260764
83,980000	0,259489
83,990000	0,247379
84,000000	0,259489
84,010000	0,254390
84,020000	0,266500
84,030000	0,265863
84,040000	0,265225
84,050000	0,263951
84,060000	0,267137
84,070000	0,263313
84,080000	0,266500
84,090000	0,276061
84,100000	0,267137
84,110000	0,258214
84,120000	0,270962
84,130000	0,266500
84,140000	0,270324
84,150000	0,267775
84,160000	0,270962
84,170000	0,274148
84,180000	0,275423
84,190000	0,271599
84,200000	0,272236
84,210000	0,259489
84,220000	0,268412
84,230000	0,271599
84,240000	0,270324
84,250000	0,270324
84,260000	0,257577
84,270000	0,268412
84,280000	0,266500
84,290000	0,261401
84,300000	0,264588
84,310000	0,297094
84,320000	0,274148
84,330000	0,271599
84,340000	0,272236
84,350000	0,263313
84,360000	0,262039
84,370000	0,261401
84,380000	0,261401
84,390000	0,263951
84,400000	0,265225
84,410000	0,247379
84,420000	0,263951
84,430000	0,264588
84,440000	0,263951
84,450000	0,262676
84,460000	0,261401
84,470000	0,263313
84,480000	0,263313
84,490000	0,263313
84,500000	0,258852
84,510000	0,266500
84,520000	0,267775
84,530000	0,258852
84,540000	0,270324
84,550000	0,265863
84,560000	0,262676
84,570000	0,258852
84,580000	0,263313
84,590000	0,264588
84,600000	0,265863
84,610000	0,263313
84,620000	0,266500
84,630000	0,263951
84,640000	0,256940
84,650000	0,265863
84,660000	0,262039
84,670000	0,263313
84,680000	0,259489
84,690000	0,259489
84,700000	0,260764
84,710000	0,255665
84,720000	0,270324
84,730000	0,264588
84,740000	0,269050
84,750000	0,264588
84,760000	0,264588
84,770000	0,267137
84,780000	0,269050
84,790000	0,264588
84,800000	0,262676
84,810000	0,265863
84,820000	0,267775
84,830000	0,260126
84,840000	0,267775
84,850000	0,266500
84,860000	0,270962
84,870000	0,267137
84,880000	0,269050
84,890000	0,259489
84,900000	0,271599
84,910000	0,261401
84,920000	0,267775
84,930000	0,264588
84,940000	0,264588
84,950000	0,265863
84,960000	0,269687
84,970000	0,265225
84,980000	0,269687
84,990000	0,264588
85,000000	0,265225
85,010000	0,262676
85,020000	0,265863
85,030000	0,264588
85,040000	0,263313
85,050000	0,261401
85,060000	0,257577
85,070000	0,265225
85,080000	0,262676
85,090000	0,257577
85,100000	0,261401
85,110000	0,260764
85,120000	0,260126
85,130000	0,261401
85,140000	0,266500
85,150000	0,263313
85,160000	0,260126
85,170000	0,261401
85,180000	0,258214
85,190000	0,262676
85,200000	0,256940
85,210000	0,259489
85,220000	0,261401
85,230000	0,262676
85,240000	0,263951
85,250000	0,256302
85,260000	0,259489
85,270000	0,266500
85,280000	0,257577
85,290000	0,257577
85,300000	0,260764
85,310000	0,260126
85,320000	0,260764
85,330000	0,262676
85,340000	0,265225
85,350000	0,260126
85,360000	0,263313
85,370000	0,263951
85,380000	0,262039
85,390000	0,258852
85,400000	0,261401
85,410000	0,270324
85,420000	0,257577
85,430000	0,262676
85,440000	0,263951
85,450000	0,263951
85,460000	0,265863
85,470000	0,263951
85,480000	0,265863
85,490000	0,260126
85,500000	0,264588
85,510000	0,258852
85,520000	0,260126
85,530000	0,265863
85,540000	0,261401
85,550000	0,262039
85,560000	0,269050
85,570000	0,255665
85,580000	0,264588
85,590000	0,258852
85,600000	0,266500
85,610000	0,258852
85,620000	0,267775
85,630000	0,262676
85,640000	0,260764
85,650000	0,260126
85,660000	0,265225
85,670000	0,256940
85,680000	0,262676
85,690000	0,258852
85,700000	0,265225
85,710000	0,260126
85,720000	0,270962
85,730000	0,259489
85,740000	0,262039
85,750000	0,258214
85,760000	0,263313
85,770000	0,262039
85,780000	0,262676
85,790000	0,260126
85,800000	0,261401
85,810000	0,260126
85,820000	0,258214
85,830000	0,260764
85,840000	0,259489
85,850000	0,262676
85,860000	0,267137
85,870000	0,259489
85,880000	0,263951
85,890000	0,263313
85,900000	0,264588
85,910000	0,260126
85,920000	0,263313
85,930000	0,270324
85,940000	0,262039
85,950000	0,261401
85,960000	0,256302
85,970000	0,265863
85,980000	0,264588
85,990000	0,266500
86,000000	0,258852
86,010000	0,260126
86,020000	0,262676
86,030000	0,266500
86,040000	0,265225
86,050000	0,268412
86,060000	0,261401
86,070000	0,260764
86,080000	0,266500
86,090000	0,262676
86,100000	0,260764
86,110000	0,268412
86,120000	0,262039
86,130000	0,265863
86,140000	0,267137
86,150000	0,267137
86,160000	0,267137
86,170000	0,264588
86,180000	0,263313
86,190000	0,264588
86,200000	0,262676
86,210000	0,270962
86,220000	0,264588
86,230000	0,266500
86,240000	0,265863
86,250000	0,268412
86,260000	0,265225
86,270000	0,263951
86,280000	0,260764
86,290000	0,261401
86,300000	0,265225
86,310000	0,266500
86,320000	0,261401
86,330000	0,265863
86,340000	0,264588
86,350000	0,269687
86,360000	0,262676
86,370000	0,270324
86,380000	0,264588
86,390000	0,264588
86,400000	0,261401
86,410000	0,262676
86,420000	0,262676
86,430000	0,265225
86,440000	0,266500
86,450000	0,262039
86,460000	0,262676
86,470000	0,269050
86,480000	0,268412
86,490000	0,267775
86,500000	0,267137
86,510000	0,260126
86,520000	0,266500
86,530000	0,261401
86,540000	0,269687
86,550000	0,261401
86,560000	0,267775
86,570000	0,261401
86,580000	0,267137
86,590000	0,258852
86,600000	0,261401
86,610000	0,261401
86,620000	0,265863
86,630000	0,260126
86,640000	0,266500
86,650000	0,258852
86,660000	0,267775
86,670000	0,262676
86,680000	0,266500
86,690000	0,260764
86,700000	0,265225
86,710000	0,256302
86,720000	0,269687
86,730000	0,259489
86,740000	0,269687
86,750000	0,262039
86,760000	0,268412
86,770000	0,260764
86,780000	0,266500
86,790000	0,258214
86,800000	0,263313
86,810000	0,262039
86,820000	0,264588
86,830000	0,261401
86,840000	0,265863
86,850000	0,260126
86,860000	0,263313
86,870000	0,258214
86,880000	0,267137
86,890000	0,262039
86,900000	0,260126
86,910000	0,263313
86,920000	0,265225
86,930000	0,258852
86,940000	0,262039
86,950000	0,260764
86,960000	0,255028
86,970000	0,265863
86,980000	0,264588
86,990000	0,263313
87,000000	0,260764
87,010000	0,264588
87,020000	0,258214
87,030000	0,263313
87,040000	0,259489
87,050000	0,265863
87,060000	0,256940
87,070000	0,261401
87,080000	0,258852
87,090000	0,263313
87,100000	0,261401
87,110000	0,261401
87,120000	0,260126
87,130000	0,258852
87,140000	0,260126
87,150000	0,260764
87,160000	0,264588
87,170000	0,258214
87,180000	0,256940
87,190000	0,260126
87,200000	0,260126
87,210000	0,260764
87,220000	0,259489
87,230000	0,258852
87,240000	0,259489
87,250000	0,257577
87,260000	0,256940
87,270000	0,256940
87,280000	0,261401
87,290000	0,257577
87,300000	0,263313
87,310000	0,257577
87,320000	0,256302
87,330000	0,259489
87,340000	0,257577
87,350000	0,260764
87,360000	0,258852
87,370000	0,258852
87,380000	0,260126
87,390000	0,258852
87,400000	0,261401
87,410000	0,258852
87,420000	0,257577
87,430000	0,262039
87,440000	0,258852
87,450000	0,256302
87,460000	0,260126
87,470000	0,256302
87,480000	0,262676
87,490000	0,260126
87,500000	0,258852
87,510000	0,254390
87,520000	0,262676
87,530000	0,257577
87,540000	0,262676
87,550000	0,254390
87,560000	0,265225
87,570000	0,256302
87,580000	0,262039
87,590000	0,254390
87,600000	0,260126
87,610000	0,257577
87,620000	0,260764
87,630000	0,257577
87,640000	0,262039
87,650000	0,256302
87,660000	0,260126
87,670000	0,260126
87,680000	0,262039
87,690000	0,254390
87,700000	0,262039
87,710000	0,261401
87,720000	0,258852
87,730000	0,259489
87,740000	0,258852
87,750000	0,255028
87,760000	0,260126
87,770000	0,260764
87,780000	0,263313
87,790000	0,260764
87,800000	0,260126
87,810000	0,256940
87,820000	0,263951
87,830000	0,262676
87,840000	0,261401
87,850000	0,258852
87,860000	0,265225
87,870000	0,260764
87,880000	0,265225
87,890000	0,255665
87,900000	0,265225
87,910000	0,258852
87,920000	0,262676
87,930000	0,258852
87,940000	0,263951
87,950000	0,255028
87,960000	0,263313
87,970000	0,260126
87,980000	0,268412
87,990000	0,260764
88,000000	0,265225
88,010000	0,261401
88,020000	0,260126
88,030000	0,264588
88,040000	0,260764
88,050000	0,263951
88,060000	0,265863
88,070000	0,258214
88,080000	0,259489
88,090000	0,260126
88,100000	0,258852
88,110000	0,265225
88,120000	0,262676
88,130000	0,258852
88,140000	0,262676
88,150000	0,262039
88,160000	0,264588
88,170000	0,263313
88,180000	0,264588
88,190000	0,265225
88,200000	0,262039
88,210000	0,263313
88,220000	0,265225
88,230000	0,263313
88,240000	0,263313
88,250000	0,260764
88,260000	0,267137
88,270000	0,265225
88,280000	0,263313
88,290000	0,260764
88,300000	0,263951
88,310000	0,264588
88,320000	0,260764
88,330000	0,263313
88,340000	0,262676
88,350000	0,265863
88,360000	0,264588
88,370000	0,263951
88,380000	0,264588
88,390000	0,262676
88,400000	0,262676
88,410000	0,264588
88,420000	0,264588
88,430000	0,266500
88,440000	0,266500
88,450000	0,265863
88,460000	0,262676
88,470000	0,267137
88,480000	0,261401
88,490000	0,262676
88,500000	0,261401
88,510000	0,267775
88,520000	0,263313
88,530000	0,262039
88,540000	0,267137
88,550000	0,263951
88,560000	0,265225
88,570000	0,264588
88,580000	0,269687
88,590000	0,263951
88,600000	0,267775
88,610000	0,263951
88,620000	0,268412
88,630000	0,260126
88,640000	0,266500
88,650000	0,265863
88,660000	0,269050
88,670000	0,260126
88,680000	0,267137
88,690000	0,261401
88,700000	0,267137
88,710000	0,256302
88,720000	0,270324
88,730000	0,260126
88,740000	0,265225
88,750000	0,260126
88,760000	0,266500
88,770000	0,262676
88,780000	0,260126
88,790000	0,262039
88,800000	0,260126
88,810000	0,263951
88,820000	0,265225
88,830000	0,262039
88,840000	0,263313
88,850000	0,258852
88,860000	0,259489
88,870000	0,257577
88,880000	0,263313
88,890000	0,258214
88,900000	0,263951
88,910000	0,258214
88,920000	0,264588
88,930000	0,261401
88,940000	0,258852
88,950000	0,258852
88,960000	0,262039
88,970000	0,255028
88,980000	0,261401
88,990000	0,260764
89,000000	0,260126
89,010000	0,258852
89,020000	0,258214
89,030000	0,260126
89,040000	0,257577
89,050000	0,259489
89,060000	0,259489
89,070000	0,255665
89,080000	0,262676
89,090000	0,260764
89,100000	0,265863
89,110000	0,259489
89,120000	0,261401
89,130000	0,260126
89,140000	0,265863
89,150000	0,258852
89,160000	0,267775
89,170000	0,256940
89,180000	0,260764
89,190000	0,260764
89,200000	0,260764
89,210000	0,256302
89,220000	0,260126
89,230000	0,262039
89,240000	0,262676
89,250000	0,255028
89,260000	0,260764
89,270000	0,257577
89,280000	0,262676
89,290000	0,260764
89,300000	0,257577
89,310000	0,260126
89,320000	0,262676
89,330000	0,258214
89,340000	0,256302
89,350000	0,262676
89,360000	0,258852
89,370000	0,259489
89,380000	0,259489
89,390000	0,260126
89,400000	0,259489
89,410000	0,258852
89,420000	0,262676
89,430000	0,262676
89,440000	0,262039
89,450000	0,260126
89,460000	0,256940
89,470000	0,264588
89,480000	0,255665
89,490000	0,262039
89,500000	0,257577
89,510000	0,258214
89,520000	0,260764
89,530000	0,257577
89,540000	0,256302
89,550000	0,261401
89,560000	0,262676
89,570000	0,256940
89,580000	0,262039
89,590000	0,257577
89,600000	0,258852
89,610000	0,255028
89,620000	0,259489
89,630000	0,258852
89,640000	0,261401
89,650000	0,258852
89,660000	0,259489
89,670000	0,256940
89,680000	0,260764
89,690000	0,255028
89,700000	0,259489
89,710000	0,258214
89,720000	0,256940
89,730000	0,260126
89,740000	0,255028
89,750000	0,258852
89,760000	0,260764
89,770000	0,253753
89,780000	0,261401
89,790000	0,253753
89,800000	0,258852
89,810000	0,258214
89,820000	0,262676
89,830000	0,255665
89,840000	0,261401
89,850000	0,259489
89,860000	0,264588
89,870000	0,257577
89,880000	0,263313
89,890000	0,254390
89,900000	0,262676
89,910000	0,256940
89,920000	0,260764
89,930000	0,262039
89,940000	0,262039
89,950000	0,257577
89,960000	0,260764
89,970000	0,256302
89,980000	0,265863
89,990000	0,258852
90,000000	0,261401
90,010000	0,260126
90,020000	0,260764
90,030000	0,258852
90,040000	0,262676
90,050000	0,258852
90,060000	0,264588
90,070000	0,259489
90,080000	0,264588
90,090000	0,258852
90,100000	0,267775
90,110000	0,262676
90,120000	0,264588
90,130000	0,260126
90,140000	0,266500
90,150000	0,256302
90,160000	0,267775
90,170000	0,254390
90,180000	0,269687
90,190000	0,253753
90,200000	0,269050
90,210000	0,254390
90,220000	0,267137
90,230000	0,256940
90,240000	0,270324
90,250000	0,255665
90,260000	0,269050
90,270000	0,257577
90,280000	0,267137
90,290000	0,258852
90,300000	0,265863
90,310000	0,260126
90,320000	0,267137
90,330000	0,257577
90,340000	0,264588
90,350000	0,258214
90,360000	0,264588
90,370000	0,256302
90,380000	0,265225
90,390000	0,260126
90,400000	0,265225
90,410000	0,258852
90,420000	0,261401
90,430000	0,256940
90,440000	0,263313
90,450000	0,258852
90,460000	0,267137
90,470000	0,257577
90,480000	0,267137
90,490000	0,258852
90,500000	0,265225
90,510000	0,257577
90,520000	0,267775
90,530000	0,260126
90,540000	0,267137
90,550000	0,258214
90,560000	0,267137
90,570000	0,257577
90,580000	0,271599
90,590000	0,255028
90,600000	0,269687
90,610000	0,255028
90,620000	0,269687
90,630000	0,253753
90,640000	0,270962
90,650000	0,255028
90,660000	0,269050
90,670000	0,251841
90,680000	0,268412
90,690000	0,253753
90,700000	0,270324
90,710000	0,253753
90,720000	0,270962
90,730000	0,255665
90,740000	0,265225
90,750000	0,251841
90,760000	0,263313
90,770000	0,256940
90,780000	0,263313
90,790000	0,255028
90,800000	0,265225
90,810000	0,259489
90,820000	0,266500
90,830000	0,260126
90,840000	0,266500
90,850000	0,258214
90,860000	0,259489
90,870000	0,257577
90,880000	0,260126
90,890000	0,258852
90,900000	0,263951
90,910000	0,255028
90,920000	0,261401
90,930000	0,257577
90,940000	0,258852
90,950000	0,260764
90,960000	0,260126
90,970000	0,260126
90,980000	0,256940
90,990000	0,260764
91,000000	0,258214
91,010000	0,258214
91,020000	0,257577
91,030000	0,256940
91,040000	0,256302
91,050000	0,258214
91,060000	0,254390
91,070000	0,261401
91,080000	0,254390
91,090000	0,258852
91,100000	0,255028
91,110000	0,258852
91,120000	0,256940
91,130000	0,258214
91,140000	0,254390
91,150000	0,259489
91,160000	0,256302
91,170000	0,256940
91,180000	0,255665
91,190000	0,258214
91,200000	0,257577
91,210000	0,253753
91,220000	0,258852
91,230000	0,255028
91,240000	0,259489
91,250000	0,255028
91,260000	0,257577
91,270000	0,255665
91,280000	0,259489
91,290000	0,256940
91,300000	0,258852
91,310000	0,255665
91,320000	0,255665
91,330000	0,255028
91,340000	0,258214
91,350000	0,254390
91,360000	0,258214
91,370000	0,255028
91,380000	0,260126
91,390000	0,256940
91,400000	0,253115
91,410000	0,255028
91,420000	0,255028
91,430000	0,256940
91,440000	0,258852
91,450000	0,254390
91,460000	0,258852
91,470000	0,255665
91,480000	0,255028
91,490000	0,257577
91,500000	0,251841
91,510000	0,254390
91,520000	0,256940
91,530000	0,255028
91,540000	0,254390
91,550000	0,256940
91,560000	0,256940
91,570000	0,252478
91,580000	0,255028
91,590000	0,256302
91,600000	0,255665
91,610000	0,255665
91,620000	0,255028
91,630000	0,255028
91,640000	0,257577
91,650000	0,253753
91,660000	0,260126
91,670000	0,256302
91,680000	0,255665
91,690000	0,253753
91,700000	0,256940
91,710000	0,256940
91,720000	0,258852
91,730000	0,256940
91,740000	0,259489
91,750000	0,257577
91,760000	0,256940
91,770000	0,256302
91,780000	0,257577
91,790000	0,256940
91,800000	0,255028
91,810000	0,255665
91,820000	0,255028
91,830000	0,261401
91,840000	0,256302
91,850000	0,259489
91,860000	0,258214
91,870000	0,258214
91,880000	0,259489
91,890000	0,258214
91,900000	0,258214
91,910000	0,258214
91,920000	0,260126
91,930000	0,255028
91,940000	0,257577
91,950000	0,260764
91,960000	0,260126
91,970000	0,258852
91,980000	0,261401
91,990000	0,260764
92,000000	0,259489
92,010000	0,256940
92,020000	0,260126
92,030000	0,257577
92,040000	0,257577
92,050000	0,257577
92,060000	0,260126
92,070000	0,257577
92,080000	0,258852
92,090000	0,260764
92,100000	0,261401
92,110000	0,261401
92,120000	0,262676
92,130000	0,257577
92,140000	0,263313
92,150000	0,262039
92,160000	0,261401
92,170000	0,260764
92,180000	0,261401
92,190000	0,259489
92,200000	0,260126
92,210000	0,262676
92,220000	0,262039
92,230000	0,260126
92,240000	0,263313
92,250000	0,257577
92,260000	0,262676
92,270000	0,256940
92,280000	0,264588
92,290000	0,260126
92,300000	0,262676
92,310000	0,260126
92,320000	0,262039
92,330000	0,263313
92,340000	0,263313
92,350000	0,260126
92,360000	0,264588
92,370000	0,259489
92,380000	0,265225
92,390000	0,256940
92,400000	0,262676
92,410000	0,260126
92,420000	0,263313
92,430000	0,258852
92,440000	0,267775
92,450000	0,260126
92,460000	0,262039
92,470000	0,260126
92,480000	0,262039
92,490000	0,257577
92,500000	0,262676
92,510000	0,255028
92,520000	0,264588
92,530000	0,254390
92,540000	0,265225
92,550000	0,254390
92,560000	0,266500
92,570000	0,256940
92,580000	0,264588
92,590000	0,253753
92,600000	0,262676
92,610000	0,255665
92,620000	0,265225
92,630000	0,252478
92,640000	0,263951
92,650000	0,255028
92,660000	0,267775
92,670000	0,258214
92,680000	0,266500
92,690000	0,253753
92,700000	0,264588
92,710000	0,256940
92,720000	0,265225
92,730000	0,255028
92,740000	0,262039
92,750000	0,255028
92,760000	0,265225
92,770000	0,258852
92,780000	0,263951
92,790000	0,257577
92,800000	0,259489
92,810000	0,255665
92,820000	0,262676
92,830000	0,256302
92,840000	0,262039
92,850000	0,258214
92,860000	0,261401
92,870000	0,262676
92,880000	0,263951
92,890000	0,258214
92,900000	0,259489
92,910000	0,256940
92,920000	0,260764
92,930000	0,253753
92,940000	0,262676
92,950000	0,257577
92,960000	0,260126
92,970000	0,257577
92,980000	0,259489
92,990000	0,255665
93,000000	0,258852
93,010000	0,255665
93,020000	0,260126
93,030000	0,254390
93,040000	0,258214
93,050000	0,256940
93,060000	0,258852
93,070000	0,253753
93,080000	0,257577
93,090000	0,255028
93,100000	0,255665
93,110000	0,255028
93,120000	0,257577
93,130000	0,257577
93,140000	0,258214
93,150000	0,258214
93,160000	0,256940
93,170000	0,253753
93,180000	0,260764
93,190000	0,255665
93,200000	0,256940
93,210000	0,251203
93,220000	0,256302
93,230000	0,253753
93,240000	0,258214
93,250000	0,252478
93,260000	0,255665
93,270000	0,255028
93,280000	0,256302
93,290000	0,252478
93,300000	0,252478
93,310000	0,253753
93,320000	0,258852
93,330000	0,259489
93,340000	0,256302
93,350000	0,253115
93,360000	0,256940
93,370000	0,253115
93,380000	0,257577
93,390000	0,251203
93,400000	0,256940
93,410000	0,251841
93,420000	0,258214
93,430000	0,254390
93,440000	0,256940
93,450000	0,252478
93,460000	0,255665
93,470000	0,253115
93,480000	0,258852
93,490000	0,252478
93,500000	0,255665
93,510000	0,253753
93,520000	0,258852
93,530000	0,255028
93,540000	0,252478
93,550000	0,253115
93,560000	0,258852
93,570000	0,253115
93,580000	0,255665
93,590000	0,249291
93,600000	0,257577
93,610000	0,253753
93,620000	0,257577
93,630000	0,252478
93,640000	0,255665
93,650000	0,251841
93,660000	0,256940
93,670000	0,251841
93,680000	0,257577
93,690000	0,253753
93,700000	0,257577
93,710000	0,249291
93,720000	0,255028
93,730000	0,253753
93,740000	0,257577
93,750000	0,252478
93,760000	0,259489
93,770000	0,251203
93,780000	0,257577
93,790000	0,249929
93,800000	0,258852
93,810000	0,253115
93,820000	0,256940
93,830000	0,253115
93,840000	0,259489
93,850000	0,250566
93,860000	0,262676
93,870000	0,249929
93,880000	0,262676
93,890000	0,251203
93,900000	0,260126
93,910000	0,255028
93,920000	0,256940
93,930000	0,251841
93,940000	0,257577
93,950000	0,253115
93,960000	0,258852
93,970000	0,256302
93,980000	0,255028
93,990000	0,260126
94,000000	0,256302
94,010000	0,253115
94,020000	0,257577
94,030000	0,256302
94,040000	0,259489
94,050000	0,255028
94,060000	0,257577
94,070000	0,260126
94,080000	0,255665
94,090000	0,256940
94,100000	0,260126
94,110000	0,255028
94,120000	0,259489
94,130000	0,257577
94,140000	0,259489
94,150000	0,257577
94,160000	0,256302
94,170000	0,254390
94,180000	0,257577
94,190000	0,256940
94,200000	0,255028
94,210000	0,255665
94,220000	0,256940
94,230000	0,256302
94,240000	0,256302
94,250000	0,256940
94,260000	0,259489
94,270000	0,260126
94,280000	0,260764
94,290000	0,257577
94,300000	0,255028
94,310000	0,256940
94,320000	0,260764
94,330000	0,258214
94,340000	0,258214
94,350000	0,255665
94,360000	0,258852
94,370000	0,255028
94,380000	0,261401
94,390000	0,257577
94,400000	0,258852
94,410000	0,257577
94,420000	0,264588
94,430000	0,256940
94,440000	0,261401
94,450000	0,256940
94,460000	0,260126
94,470000	0,260764
94,480000	0,259489
94,490000	0,260764
94,500000	0,260126
94,510000	0,262676
94,520000	0,260126
94,530000	0,259489
94,540000	0,260126
94,550000	0,257577
94,560000	0,261401
94,570000	0,260764
94,580000	0,260126
94,590000	0,257577
94,600000	0,260126
94,610000	0,259489
94,620000	0,261401
94,630000	0,256940
94,640000	0,258852
94,650000	0,258852
94,660000	0,258852
94,670000	0,260126
94,680000	0,262676
94,690000	0,258852
94,700000	0,262676
94,710000	0,260126
94,720000	0,260764
94,730000	0,253753
94,740000	0,260126
94,750000	0,258214
94,760000	0,257577
94,770000	0,255028
94,780000	0,258214
94,790000	0,256940
94,800000	0,258214
94,810000	0,253753
94,820000	0,256940
94,830000	0,255665
94,840000	0,258214
94,850000	0,258852
94,860000	0,260126
94,870000	0,258852
94,880000	0,261401
94,890000	0,256940
94,900000	0,257577
94,910000	0,256302
94,920000	0,256940
94,930000	0,258214
94,940000	0,255665
94,950000	0,256302
94,960000	0,254390
94,970000	0,255028
94,980000	0,255028
94,990000	0,262676
95,000000	0,255665
95,010000	0,256940
95,020000	0,258214
95,030000	0,256302
95,040000	0,255665
95,050000	0,255028
95,060000	0,255028
95,070000	0,253753
95,080000	0,259489
95,090000	0,256940
95,100000	0,256302
95,110000	0,255028
95,120000	0,253753
95,130000	0,255665
95,140000	0,255028
95,150000	0,257577
95,160000	0,257577
95,170000	0,255028
95,180000	0,255028
95,190000	0,255665
95,200000	0,253753
95,210000	0,251841
95,220000	0,255028
95,230000	0,253753
95,240000	0,257577
95,250000	0,256302
95,260000	0,255028
95,270000	0,255028
95,280000	0,255665
95,290000	0,255665
95,300000	0,256302
95,310000	0,250566
95,320000	0,250566
95,330000	0,253753
95,340000	0,254390
95,350000	0,254390
95,360000	0,247379
95,370000	0,253115
95,380000	0,257577
95,390000	0,255028
95,400000	0,252478
95,410000	0,255665
95,420000	0,256940
95,430000	0,256302
95,440000	0,251841
95,450000	0,253753
95,460000	0,255665
95,470000	0,252478
95,480000	0,249929
95,490000	0,254390
95,500000	0,251841
95,510000	0,252478
95,520000	0,251203
95,530000	0,256940
95,540000	0,249291
95,550000	0,255665
95,560000	0,249929
95,570000	0,253753
95,580000	0,251841
95,590000	0,255028
95,600000	0,248016
95,610000	0,251203
95,620000	0,254390
95,630000	0,252478
95,640000	0,252478
95,650000	0,253753
95,660000	0,256302
95,670000	0,252478
95,680000	0,255028
95,690000	0,250566
95,700000	0,255028
95,710000	0,251841
95,720000	0,255665
95,730000	0,253115
95,740000	0,250566
95,750000	0,251203
95,760000	0,251841
95,770000	0,249929
95,780000	0,253753
95,790000	0,251203
95,800000	0,254390
95,810000	0,249929
95,820000	0,252478
95,830000	0,249929
95,840000	0,253753
95,850000	0,251203
95,860000	0,254390
95,870000	0,251841
95,880000	0,249929
95,890000	0,251841
95,900000	0,253753
95,910000	0,251841
95,920000	0,256940
95,930000	0,249929
95,940000	0,255665
95,950000	0,251841
95,960000	0,253753
95,970000	0,254390
95,980000	0,255028
95,990000	0,251841
96,000000	0,253753
96,010000	0,256940
96,020000	0,254390
96,030000	0,250566
96,040000	0,253753
96,050000	0,254390
96,060000	0,253115
96,070000	0,252478
96,080000	0,253753
96,090000	0,258214
96,100000	0,251203
96,110000	0,253753
96,120000	0,256940
96,130000	0,255028
96,140000	0,252478
96,150000	0,253753
96,160000	0,252478
96,170000	0,262676
96,180000	0,253115
96,190000	0,255028
96,200000	0,250566
96,210000	0,260764
96,220000	0,253753
96,230000	0,255028
96,240000	0,256940
96,250000	0,256940
96,260000	0,255028
96,270000	0,258214
96,280000	0,256302
96,290000	0,253115
96,300000	0,256940
96,310000	0,254390
96,320000	0,261401
96,330000	0,248654
96,340000	0,256940
96,350000	0,253115
96,360000	0,255028
96,370000	0,250566
96,380000	0,260764
96,390000	0,259489
96,400000	0,259489
96,410000	0,260126
96,420000	0,260126
96,430000	0,258214
96,440000	0,255028
96,450000	0,260126
96,460000	0,255028
96,470000	0,259489
96,480000	0,258214
96,490000	0,261401
96,500000	0,256302
96,510000	0,258852
96,520000	0,255028
96,530000	0,256302
96,540000	0,255665
96,550000	0,256940
96,560000	0,260126
96,570000	0,257577
96,580000	0,255028
96,590000	0,260126
96,600000	0,257577
96,610000	0,254390
96,620000	0,258852
96,630000	0,257577
96,640000	0,258214
96,650000	0,255028
96,660000	0,261401
96,670000	0,262039
96,680000	0,258214
96,690000	0,262039
96,700000	0,260126
96,710000	0,252478
96,720000	0,260126
96,730000	0,255028
96,740000	0,258214
96,750000	0,258214
96,760000	0,258214
96,770000	0,256302
96,780000	0,260126
96,790000	0,256940
96,800000	0,257577
96,810000	0,252478
96,820000	0,260126
96,830000	0,255028
96,840000	0,261401
96,850000	0,256940
96,860000	0,258852
96,870000	0,256940
96,880000	0,261401
96,890000	0,255028
96,900000	0,259489
96,910000	0,255665
96,920000	0,257577
96,930000	0,254390
96,940000	0,254390
96,950000	0,252478
96,960000	0,256940
96,970000	0,255665
96,980000	0,258852
96,990000	0,256940
97,000000	0,255028
97,010000	0,258214
97,020000	0,258214
97,030000	0,253753
97,040000	0,256940
97,050000	0,257577
97,060000	0,255028
97,070000	0,255028
97,080000	0,253115
97,090000	0,253753
97,100000	0,254390
97,110000	0,258852
97,120000	0,255665
97,130000	0,252478
97,140000	0,259489
97,150000	0,256302
97,160000	0,258852
97,170000	0,256302
97,180000	0,256940
97,190000	0,256302
97,200000	0,255665
97,210000	0,255665
97,220000	0,253115
97,230000	0,254390
97,240000	0,256940
97,250000	0,249291
97,260000	0,256302
97,270000	0,253115
97,280000	0,256302
97,290000	0,253115
97,300000	0,255028
97,310000	0,252478
97,320000	0,253753
97,330000	0,252478
97,340000	0,256302
97,350000	0,250566
97,360000	0,255665
97,370000	0,252478
97,380000	0,252478
97,390000	0,249929
97,400000	0,251203
97,410000	0,251203
97,420000	0,253115
97,430000	0,251841
97,440000	0,249291
97,450000	0,255665
97,460000	0,253115
97,470000	0,255028
97,480000	0,255028
97,490000	0,253115
97,500000	0,249291
97,510000	0,251841
97,520000	0,251841
97,530000	0,252478
97,540000	0,254390
97,550000	0,250566
97,560000	0,256302
97,570000	0,251203
97,580000	0,251841
97,590000	0,251203
97,600000	0,252478
97,610000	0,251203
97,620000	0,255665
97,630000	0,249291
97,640000	0,255665
97,650000	0,251841
97,660000	0,255665
97,670000	0,245467
97,680000	0,255028
97,690000	0,249291
97,700000	0,254390
97,710000	0,249929
97,720000	0,254390
97,730000	0,249291
97,740000	0,255028
97,750000	0,250566
97,760000	0,254390
97,770000	0,249291
97,780000	0,256302
97,790000	0,252478
97,800000	0,254390
97,810000	0,244192
97,820000	0,255665
97,830000	0,248016
97,840000	0,260764
97,850000	0,248654
97,860000	0,255665
97,870000	0,248016
97,880000	0,251841
97,890000	0,249291
97,900000	0,257577
97,910000	0,248016
97,920000	0,252478
97,930000	0,248654
97,940000	0,258852
97,950000	0,249291
97,960000	0,253115
97,970000	0,248654
97,980000	0,251841
97,990000	0,249929
98,000000	0,255665
98,010000	0,250566
98,020000	0,251203
98,030000	0,247379
98,040000	0,254390
98,050000	0,249929
98,060000	0,253753
98,070000	0,248654
98,080000	0,254390
98,090000	0,249291
98,100000	0,254390
98,110000	0,250566
98,120000	0,250566
98,130000	0,254390
98,140000	0,256940
98,150000	0,249929
98,160000	0,256940
98,170000	0,251203
98,180000	0,256940
98,190000	0,248016
98,200000	0,256302
98,210000	0,250566
98,220000	0,257577
98,230000	0,255665
98,240000	0,255028
98,250000	0,255028
98,260000	0,253753
98,270000	0,258852
98,280000	0,253753
98,290000	0,254390
98,300000	0,256940
98,310000	0,255028
98,320000	0,255028
98,330000	0,255665
98,340000	0,255665
98,350000	0,253115
98,360000	0,255028
98,370000	0,251841
98,380000	0,253115
98,390000	0,256302
98,400000	0,253115
98,410000	0,256940
98,420000	0,254390
98,430000	0,254390
98,440000	0,251203
98,450000	0,256302
98,460000	0,253753
98,470000	0,255028
98,480000	0,255028
98,490000	0,253115
98,500000	0,255028
98,510000	0,252478
98,520000	0,253753
98,530000	0,255028
98,540000	0,251203
98,550000	0,255028
98,560000	0,251841
98,570000	0,255028
98,580000	0,253115
98,590000	0,255665
98,600000	0,256302
98,610000	0,255028
98,620000	0,255665
98,630000	0,255665
98,640000	0,255665
98,650000	0,255028
98,660000	0,253115
98,670000	0,252478
98,680000	0,256940
98,690000	0,255028
98,700000	0,256940
98,710000	0,255028
98,720000	0,254390
98,730000	0,255665
98,740000	0,256302
98,750000	0,251841
98,760000	0,257577
98,770000	0,241643
98,780000	0,264588
98,790000	0,249291
98,800000	0,262676
98,810000	0,249291
98,820000	0,257577
98,830000	0,249929
98,840000	0,260764
98,850000	0,248654
98,860000	0,256940
98,870000	0,251203
98,880000	0,258852
98,890000	0,253115
98,900000	0,260126
98,910000	0,253115
98,920000	0,257577
98,930000	0,255665
98,940000	0,263313
98,950000	0,252478
98,960000	0,256940
98,970000	0,251203
98,980000	0,257577
98,990000	0,253115
99,000000	0,259489
99,010000	0,252478
99,020000	0,258214
99,030000	0,252478
99,040000	0,253115
99,050000	0,253115
99,060000	0,251841
99,070000	0,251203
99,080000	0,255665
99,090000	0,250566
99,100000	0,259489
99,110000	0,250566
99,120000	0,258852
99,130000	0,251203
99,140000	0,249929
99,150000	0,251203
99,160000	0,253753
99,170000	0,251841
99,180000	0,255665
99,190000	0,249929
99,200000	0,260126
99,210000	0,252478
99,220000	0,252478
99,230000	0,249291
99,240000	0,249929
99,250000	0,249929
99,260000	0,259489
99,270000	0,249929
99,280000	0,259489
99,290000	0,252478
99,300000	0,252478
99,310000	0,254390
99,320000	0,260126
99,330000	0,248654
99,340000	0,257577
99,350000	0,249291
99,360000	0,255665
99,370000	0,251203
99,380000	0,257577
99,390000	0,250566
99,400000	0,253115
99,410000	0,253115
99,420000	0,255028
99,430000	0,251841
99,440000	0,253753
99,450000	0,253753
99,460000	0,256302
99,470000	0,255665
99,480000	0,251841
99,490000	0,251841
99,500000	0,255665
99,510000	0,250566
99,520000	0,250566
99,530000	0,249291
99,540000	0,255028
99,550000	0,251203
99,560000	0,251841
99,570000	0,253753
99,580000	0,247379
99,590000	0,255028
99,600000	0,251841
99,610000	0,249291
99,620000	0,254390
99,630000	0,251841
99,640000	0,253753
99,650000	0,250566
99,660000	0,248016
99,670000	0,249929
99,680000	0,253115
99,690000	0,249929
99,700000	0,255665
99,710000	0,247379
99,720000	0,255028
99,730000	0,246742
99,740000	0,256302
99,750000	0,250566
99,760000	0,253115
99,770000	0,248654
99,780000	0,250566
99,790000	0,249291
99,800000	0,252478
99,810000	0,248016
99,820000	0,251841
99,830000	0,243555
99,840000	0,256940
99,850000	0,247379
99,860000	0,259489
99,870000	0,255028
99,880000	0,257577
99,890000	0,251203
99,900000	0,255028
99,910000	0,248654
99,920000	0,255028
99,930000	0,241643
99,940000	0,255665
99,950000	0,242280
99,960000	0,255665
99,970000	0,248016
99,980000	0,255028
99,990000	0,246104
100,000000	0,253753
100,010000	0,251203
100,020000	0,253753
100,030000	0,255665
100,040000	0,252478
100,050000	0,253753
100,060000	0,252478
100,070000	0,255665
100,080000	0,252478
100,090000	0,246104
100,100000	0,251203
100,110000	0,244830
100,120000	0,252478
100,130000	0,252478
100,140000	0,251841
100,150000	0,253753
100,160000	0,252478
100,170000	0,253115
100,180000	0,251203
100,190000	0,247379
100,200000	0,256940
100,210000	0,246742
100,220000	0,255665
100,230000	0,248016
100,240000	0,251203
100,250000	0,251841
100,260000	0,254390
100,270000	0,248654
100,280000	0,255665
100,290000	0,248654
100,300000	0,251203
100,310000	0,246104
100,320000	0,255028
100,330000	0,248654
100,340000	0,255028
100,350000	0,248654
100,360000	0,255028
100,370000	0,243555
100,380000	0,249291
100,390000	0,244830
100,400000	0,255665
100,410000	0,248654
100,420000	0,252478
100,430000	0,249291
100,440000	0,256302
100,450000	0,253115
100,460000	0,257577
100,470000	0,249929
100,480000	0,253115
100,490000	0,254390
100,500000	0,251841
100,510000	0,251203
100,520000	0,251841
100,530000	0,252478
100,540000	0,255028
100,550000	0,253753
100,560000	0,252478
100,570000	0,251841
100,580000	0,255665
100,590000	0,252478
100,600000	0,255028
100,610000	0,251203
100,620000	0,251841
100,630000	0,252478
100,640000	0,254390
100,650000	0,251841
100,660000	0,253115
100,670000	0,251203
100,680000	0,253753
100,690000	0,251203
100,700000	0,251841
100,710000	0,252478
100,720000	0,255028
100,730000	0,251841
100,740000	0,259489
100,750000	0,255665
100,760000	0,255665
100,770000	0,251841
100,780000	0,250566
100,790000	0,248654
100,800000	0,248016
100,810000	0,249291
100,820000	0,253115
100,830000	0,253115
100,840000	0,255028
100,850000	0,249929
100,860000	0,258852
100,870000	0,255028
100,880000	0,251203
100,890000	0,254390
100,900000	0,257577
100,910000	0,254390
100,920000	0,256940
100,930000	0,254390
100,940000	0,251841
100,950000	0,251203
100,960000	0,255665
100,970000	0,253115
100,980000	0,244192
100,990000	0,254390
101,000000	0,249291
101,010000	0,256940
101,020000	0,251841
101,030000	0,252478
101,040000	0,256302
101,050000	0,254390
101,060000	0,255028
101,070000	0,251841
101,080000	0,250566
101,090000	0,255665
101,100000	0,252478
101,110000	0,250566
101,120000	0,254390
101,130000	0,248654
101,140000	0,257577
101,150000	0,252478
101,160000	0,256940
101,170000	0,254390
101,180000	0,252478
101,190000	0,256302
101,200000	0,251841
101,210000	0,251203
101,220000	0,250566
101,230000	0,254390
101,240000	0,251841
101,250000	0,252478
101,260000	0,255028
101,270000	0,250566
101,280000	0,252478
101,290000	0,255665
101,300000	0,253115
101,310000	0,249929
101,320000	0,259489
101,330000	0,253115
101,340000	0,256302
101,350000	0,248016
101,360000	0,254390
101,370000	0,247379
101,380000	0,253753
101,390000	0,244830
101,400000	0,256940
101,410000	0,249929
101,420000	0,264588
101,430000	0,251841
101,440000	0,252478
101,450000	0,248654
101,460000	0,258214
101,470000	0,252478
101,480000	0,255665
101,490000	0,249929
101,500000	0,255028
101,510000	0,247379
101,520000	0,256940
101,530000	0,244192
101,540000	0,249291
101,550000	0,249291
101,560000	0,252478
101,570000	0,252478
101,580000	0,253753
101,590000	0,247379
101,600000	0,243555
101,610000	0,253753
101,620000	0,247379
101,630000	0,254390
101,640000	0,251203
101,650000	0,253753
101,660000	0,244830
101,670000	0,252478
101,680000	0,250566
101,690000	0,258852
101,700000	0,249929
101,710000	0,255665
101,720000	0,251841
101,730000	0,255028
101,740000	0,251203
101,750000	0,248016
101,760000	0,251203
101,770000	0,246742
101,780000	0,252478
101,790000	0,248654
101,800000	0,251203
101,810000	0,247379
101,820000	0,250566
101,830000	0,248654
101,840000	0,249929
101,850000	0,251203
101,860000	0,249291
101,870000	0,261401
101,880000	0,251203
101,890000	0,258852
101,900000	0,251203
101,910000	0,252478
101,920000	0,250566
101,930000	0,249929
101,940000	0,249929
101,950000	0,248654
101,960000	0,247379
101,970000	0,249929
101,980000	0,247379
101,990000	0,249291
102,000000	0,251841
102,010000	0,249929
102,020000	0,249929
102,030000	0,253753
102,040000	0,251841
102,050000	0,249291
102,060000	0,250566
102,070000	0,246742
102,080000	0,251203
102,090000	0,247379
102,100000	0,245467
102,110000	0,246742
102,120000	0,250566
102,130000	0,246104
102,140000	0,244830
102,150000	0,244830
102,160000	0,251841
102,170000	0,248016
102,180000	0,249291
102,190000	0,245467
102,200000	0,250566
102,210000	0,253753
102,220000	0,246742
102,230000	0,244830
102,240000	0,246742
102,250000	0,249291
102,260000	0,251841
102,270000	0,249929
102,280000	0,251203
102,290000	0,250566
102,300000	0,249291
102,310000	0,241005
102,320000	0,249929
102,330000	0,242280
102,340000	0,250566
102,350000	0,250566
102,360000	0,251203
102,370000	0,252478
102,380000	0,250566
102,390000	0,250566
102,400000	0,252478
102,410000	0,247379
102,420000	0,255028
102,430000	0,247379
102,440000	0,255665
102,450000	0,247379
102,460000	0,254390
102,470000	0,250566
102,480000	0,253753
102,490000	0,249291
102,500000	0,253115
102,510000	0,247379
102,520000	0,254390
102,530000	0,249291
102,540000	0,255028
102,550000	0,252478
102,560000	0,254390
102,570000	0,249291
102,580000	0,249929
102,590000	0,250566
102,600000	0,249929
102,610000	0,248016
102,620000	0,254390
102,630000	0,248654
102,640000	0,252478
102,650000	0,250566
102,660000	0,251203
102,670000	0,250566
102,680000	0,251841
102,690000	0,251841
102,700000	0,251203
102,710000	0,253753
102,720000	0,245467
102,730000	0,249929
102,740000	0,256940
102,750000	0,251203
102,760000	0,246742
102,770000	0,253115
102,780000	0,250566
102,790000	0,251203
102,800000	0,244830
102,810000	0,255028
102,820000	0,241643
102,830000	0,251203
102,840000	0,237819
102,850000	0,249929
102,860000	0,244830
102,870000	0,258214
102,880000	0,251841
102,890000	0,251841
102,900000	0,252478
102,910000	0,255665
102,920000	0,254390
102,930000	0,255028
102,940000	0,253753
102,950000	0,258852
102,960000	0,254390
102,970000	0,255028
102,980000	0,255028
102,990000	0,255665
103,000000	0,254390
103,010000	0,258214
103,020000	0,256940
103,030000	0,256302
103,040000	0,255028
103,050000	0,261401
103,060000	0,257577
103,070000	0,253753
103,080000	0,256302
103,090000	0,258852
103,100000	0,249929
103,110000	0,255028
103,120000	0,255665
103,130000	0,256940
103,140000	0,256940
103,150000	0,251841
103,160000	0,254390
103,170000	0,253115
103,180000	0,253115
103,190000	0,249929
103,200000	0,255028
103,210000	0,251841
103,220000	0,249929
103,230000	0,252478
103,240000	0,251841
103,250000	0,252478
103,260000	0,251841
103,270000	0,247379
103,280000	0,251841
103,290000	0,253115
103,300000	0,253753
103,310000	0,249929
103,320000	0,249929
103,330000	0,248654
103,340000	0,253115
103,350000	0,249291
103,360000	0,251841
103,370000	0,249291
103,380000	0,254390
103,390000	0,246742
103,400000	0,253115
103,410000	0,248654
103,420000	0,255665
103,430000	0,244830
103,440000	0,256940
103,450000	0,246742
103,460000	0,256302
103,470000	0,244192
103,480000	0,251841
103,490000	0,250566
103,500000	0,256940
103,510000	0,243555
103,520000	0,250566
103,530000	0,245467
103,540000	0,251203
103,550000	0,247379
103,560000	0,255028
103,570000	0,246104
103,580000	0,249929
103,590000	0,249291
103,600000	0,253753
103,610000	0,255028
103,620000	0,253753
103,630000	0,250566
103,640000	0,254390
103,650000	0,246104
103,660000	0,251841
103,670000	0,249291
103,680000	0,250566
103,690000	0,242280
103,700000	0,252478
103,710000	0,253115
103,720000	0,251841
103,730000	0,256302
103,740000	0,253753
103,750000	0,249291
103,760000	0,251203
103,770000	0,253753
103,780000	0,251203
103,790000	0,242918
103,800000	0,246104
103,810000	0,250566
103,820000	0,247379
103,830000	0,248654
103,840000	0,246742
103,850000	0,248654
103,860000	0,249929
103,870000	0,251203
103,880000	0,253753
103,890000	0,245467
103,900000	0,248654
103,910000	0,245467
103,920000	0,249929
103,930000	0,246742
103,940000	0,246742
103,950000	0,247379
103,960000	0,244192
103,970000	0,245467
103,980000	0,246104
103,990000	0,243555
104,000000	0,246742
104,010000	0,242918
104,020000	0,245467
104,030000	0,246742
104,040000	0,247379
104,050000	0,242280
104,060000	0,244192
104,070000	0,249929
104,080000	0,249929
104,090000	0,247379
104,100000	0,246104
104,110000	0,245467
104,120000	0,244830
104,130000	0,247379
104,140000	0,248654
104,150000	0,252478
104,160000	0,250566
104,170000	0,246742
104,180000	0,249291
104,190000	0,248654
104,200000	0,246104
104,210000	0,252478
104,220000	0,247379
104,230000	0,246104
104,240000	0,245467
104,250000	0,250566
104,260000	0,249291
104,270000	0,246104
104,280000	0,247379
104,290000	0,247379
104,300000	0,248654
104,310000	0,249929
104,320000	0,242918
104,330000	0,244830
104,340000	0,244830
104,350000	0,249291
104,360000	0,247379
104,370000	0,248654
104,380000	0,251841
104,390000	0,249929
104,400000	0,243555
104,410000	0,246104
104,420000	0,243555
104,430000	0,253753
104,440000	0,250566
104,450000	0,249929
104,460000	0,247379
104,470000	0,249929
104,480000	0,245467
104,490000	0,249929
104,500000	0,251203
104,510000	0,246104
104,520000	0,249929
104,530000	0,247379
104,540000	0,251203
104,550000	0,246742
104,560000	0,251841
104,570000	0,246742
104,580000	0,245467
104,590000	0,244192
104,600000	0,244830
104,610000	0,246742
104,620000	0,246742
104,630000	0,244830
104,640000	0,247379
104,650000	0,249291
104,660000	0,254390
104,670000	0,248016
104,680000	0,253115
104,690000	0,249929
104,700000	0,251203
104,710000	0,246104
104,720000	0,260764
104,730000	0,246742
104,740000	0,250566
104,750000	0,249929
104,760000	0,256302
104,770000	0,252478
104,780000	0,249929
104,790000	0,250566
104,800000	0,255028
104,810000	0,255665
104,820000	0,249929
104,830000	0,253753
104,840000	0,253753
104,850000	0,248654
104,860000	0,251203
104,870000	0,254390
104,880000	0,251841
104,890000	0,255665
104,900000	0,256940
104,910000	0,255028
104,920000	0,250566
104,930000	0,251841
104,940000	0,255028
104,950000	0,250566
104,960000	0,253753
104,970000	0,253753
104,980000	0,253753
104,990000	0,252478
105,000000	0,253115
105,010000	0,249929
105,020000	0,256302
105,030000	0,248016
105,040000	0,257577
105,050000	0,244192
105,060000	0,252478
105,070000	0,247379
105,080000	0,252478
105,090000	0,247379
105,100000	0,256302
105,110000	0,248016
105,120000	0,252478
105,130000	0,247379
105,140000	0,254390
105,150000	0,245467
105,160000	0,252478
105,170000	0,248654
105,180000	0,250566
105,190000	0,245467
105,200000	0,258214
105,210000	0,253115
105,220000	0,249291
105,230000	0,252478
105,240000	0,251841
105,250000	0,249929
105,260000	0,256302
105,270000	0,249929
105,280000	0,250566
105,290000	0,247379
105,300000	0,252478
105,310000	0,250566
105,320000	0,254390
105,330000	0,251203
105,340000	0,251203
105,350000	0,253753
105,360000	0,252478
105,370000	0,252478
105,380000	0,256940
105,390000	0,248654
105,400000	0,254390
105,410000	0,247379
105,420000	0,251203
105,430000	0,246742
105,440000	0,254390
105,450000	0,248654
105,460000	0,251841
105,470000	0,255028
105,480000	0,252478
105,490000	0,251203
105,500000	0,253115
105,510000	0,251203
105,520000	0,251841
105,530000	0,254390
105,540000	0,250566
105,550000	0,255665
105,560000	0,249291
105,570000	0,252478
105,580000	0,250566
105,590000	0,250566
105,600000	0,250566
105,610000	0,252478
105,620000	0,253753
105,630000	0,252478
105,640000	0,252478
105,650000	0,242918
105,660000	0,249929
105,670000	0,252478
105,680000	0,249929
105,690000	0,247379
105,700000	0,251841
105,710000	0,247379
105,720000	0,251841
105,730000	0,250566
105,740000	0,252478
105,750000	0,242280
105,760000	0,247379
105,770000	0,242918
105,780000	0,252478
105,790000	0,248016
105,800000	0,249929
105,810000	0,244830
105,820000	0,250566
105,830000	0,242918
105,840000	0,249929
105,850000	0,237181
105,860000	0,249929
105,870000	0,246104
105,880000	0,246104
105,890000	0,242280
105,900000	0,247379
105,910000	0,243555
105,920000	0,248016
105,930000	0,252478
105,940000	0,247379
105,950000	0,246742
105,960000	0,247379
105,970000	0,251203
105,980000	0,242918
105,990000	0,246742
106,000000	0,249291
106,010000	0,255028
106,020000	0,245467
106,030000	0,250566
106,040000	0,246104
106,050000	0,255028
106,060000	0,242280
106,070000	0,249291
106,080000	0,240368
106,090000	0,253753
106,100000	0,235907
106,110000	0,249929
106,120000	0,244192
106,130000	0,253753
106,140000	0,248016
106,150000	0,249291
106,160000	0,240368
106,170000	0,252478
106,180000	0,243555
106,190000	0,243555
106,200000	0,250566
106,210000	0,248654
106,220000	0,242280
106,230000	0,246104
106,240000	0,246742
106,250000	0,248654
106,260000	0,245467
106,270000	0,255028
106,280000	0,245467
106,290000	0,251841
106,300000	0,244830
106,310000	0,246742
106,320000	0,241643
106,330000	0,248016
106,340000	0,239093
106,350000	0,249929
106,360000	0,237819
106,370000	0,245467
106,380000	0,246742
106,390000	0,252478
106,400000	0,246742
106,410000	0,247379
106,420000	0,244192
106,430000	0,252478
106,440000	0,230808
106,450000	0,255028
106,460000	0,246104
106,470000	0,249291
106,480000	0,243555
106,490000	0,251841
106,500000	0,243555
106,510000	0,248654
106,520000	0,244830
106,530000	0,247379
106,540000	0,237181
106,550000	0,249929
106,560000	0,243555
106,570000	0,244830
106,580000	0,242918
106,590000	0,250566
106,600000	0,242280
106,610000	0,242918
106,620000	0,249929
106,630000	0,248654
106,640000	0,249291
106,650000	0,246742
106,660000	0,249291
106,670000	0,252478
106,680000	0,250566
106,690000	0,242280
106,700000	0,246104
106,710000	0,254390
106,720000	0,249291
106,730000	0,248016
106,740000	0,246742
106,750000	0,244830
106,760000	0,249291
106,770000	0,250566
106,780000	0,252478
106,790000	0,244192
106,800000	0,248654
106,810000	0,245467
106,820000	0,251841
106,830000	0,248654
106,840000	0,254390
106,850000	0,249291
106,860000	0,252478
106,870000	0,248654
106,880000	0,246742
106,890000	0,252478
106,900000	0,255028
106,910000	0,243555
106,920000	0,250566
106,930000	0,244192
106,940000	0,249929
106,950000	0,249291
106,960000	0,253753
106,970000	0,249291
106,980000	0,250566
106,990000	0,249929
107,000000	0,252478
107,010000	0,248654
107,020000	0,245467
107,030000	0,249929
107,040000	0,251203
107,050000	0,247379
107,060000	0,252478
107,070000	0,246742
107,080000	0,253753
107,090000	0,253115
107,100000	0,244830
107,110000	0,248016
107,120000	0,249291
107,130000	0,248016
107,140000	0,249929
107,150000	0,249929
107,160000	0,255028
107,170000	0,246104
107,180000	0,249929
107,190000	0,240368
107,200000	0,248654
107,210000	0,249291
107,220000	0,253115
107,230000	0,250566
107,240000	0,254390
107,250000	0,246104
107,260000	0,256302
107,270000	0,251203
107,280000	0,248654
107,290000	0,251203
107,300000	0,252478
107,310000	0,248654
107,320000	0,253753
107,330000	0,249291
107,340000	0,256302
107,350000	0,241643
107,360000	0,255665
107,370000	0,248654
107,380000	0,255028
107,390000	0,251841
107,400000	0,251841
107,410000	0,255028
107,420000	0,260764
107,430000	0,244830
107,440000	0,260126
107,450000	0,245467
107,460000	0,256940
107,470000	0,242280
107,480000	0,255028
107,490000	0,248654
107,500000	0,246742
107,510000	0,239093
107,520000	0,257577
107,530000	0,244830
107,540000	0,256302
107,550000	0,248654
107,560000	0,252478
107,570000	0,245467
107,580000	0,244830
107,590000	0,247379
107,600000	0,244830
107,610000	0,239731
107,620000	0,251841
107,630000	0,242280
107,640000	0,246104
107,650000	0,245467
107,660000	0,243555
107,670000	0,251203
107,680000	0,249291
107,690000	0,244192
107,700000	0,253753
107,710000	0,248016
107,720000	0,249929
107,730000	0,246104
107,740000	0,252478
107,750000	0,243555
107,760000	0,252478
107,770000	0,241643
107,780000	0,248016
107,790000	0,240368
107,800000	0,255028
107,810000	0,246742
107,820000	0,251841
107,830000	0,246104
107,840000	0,254390
107,850000	0,246104
107,860000	0,252478
107,870000	0,243555
107,880000	0,255028
107,890000	0,245467
107,900000	0,248016
107,910000	0,249291
107,920000	0,251203
107,930000	0,242280
107,940000	0,250566
107,950000	0,248016
107,960000	0,252478
107,970000	0,248654
107,980000	0,248654
107,990000	0,247379
108,000000	0,246742
108,010000	0,249929
108,020000	0,241005
108,030000	0,251841
108,040000	0,243555
108,050000	0,248016
108,060000	0,241643
108,070000	0,249291
108,080000	0,241005
108,090000	0,252478
108,100000	0,239093
108,110000	0,248654
108,120000	0,242280
108,130000	0,249929
108,140000	0,242918
108,150000	0,244830
108,160000	0,234632
108,170000	0,248654
108,180000	0,248654
108,190000	0,241005
108,200000	0,240368
108,210000	0,244830
108,220000	0,237819
108,230000	0,243555
108,240000	0,234632
108,250000	0,244830
108,260000	0,246104
108,270000	0,244830
108,280000	0,246742
108,290000	0,249291
108,300000	0,249929
108,310000	0,244830
108,320000	0,244830
108,330000	0,249291
108,340000	0,251841
108,350000	0,245467
108,360000	0,242280
108,370000	0,239731
108,380000	0,253753
108,390000	0,242918
108,400000	0,247379
108,410000	0,241005
108,420000	0,255665
108,430000	0,241643
108,440000	0,246104
108,450000	0,241643
108,460000	0,251841
108,470000	0,242918
108,480000	0,249291
108,490000	0,243555
108,500000	0,249929
108,510000	0,249291
108,520000	0,252478
108,530000	0,244830
108,540000	0,248016
108,550000	0,246104
108,560000	0,242280
108,570000	0,246742
108,580000	0,249929
108,590000	0,241005
108,600000	0,246742
108,610000	0,244830
108,620000	0,246742
108,630000	0,237819
108,640000	0,252478
108,650000	0,244830
108,660000	0,244830
108,670000	0,250566
108,680000	0,244192
108,690000	0,242918
108,700000	0,247379
108,710000	0,249929
108,720000	0,245467
108,730000	0,243555
108,740000	0,248654
108,750000	0,246104
108,760000	0,248654
108,770000	0,247379
108,780000	0,246742
108,790000	0,248654
108,800000	0,242280
108,810000	0,248654
108,820000	0,242280
108,830000	0,254390
108,840000	0,239731
108,850000	0,242918
108,860000	0,239093
108,870000	0,254390
108,880000	0,245467
108,890000	0,241005
108,900000	0,241005
108,910000	0,253753
108,920000	0,238456
108,930000	0,249291
108,940000	0,248016
108,950000	0,241005
108,960000	0,248654
108,970000	0,246742
108,980000	0,241005
108,990000	0,260126
109,000000	0,247379
109,010000	0,253753
109,020000	0,248654
109,030000	0,251841
109,040000	0,245467
109,050000	0,255665
109,060000	0,246104
109,070000	0,257577
109,080000	0,240368
109,090000	0,253753
109,100000	0,244830
109,110000	0,249929
109,120000	0,237181
109,130000	0,251841
109,140000	0,249291
109,150000	0,247379
109,160000	0,244830
109,170000	0,251841
109,180000	0,252478
109,190000	0,255028
109,200000	0,242280
109,210000	0,244830
109,220000	0,242918
109,230000	0,251203
109,240000	0,252478
109,250000	0,251203
109,260000	0,248016
109,270000	0,248654
109,280000	0,255665
109,290000	0,249291
109,300000	0,253115
109,310000	0,249291
109,320000	0,248016
109,330000	0,251203
109,340000	0,243555
109,350000	0,246104
109,360000	0,248654
109,370000	0,249929
109,380000	0,252478
109,390000	0,251203
109,400000	0,249929
109,410000	0,242280
109,420000	0,251203
109,430000	0,241643
109,440000	0,251203
109,450000	0,249291
109,460000	0,244830
109,470000	0,246742
109,480000	0,248654
109,490000	0,236544
109,500000	0,247379
109,510000	0,241643
109,520000	0,250566
109,530000	0,244830
109,540000	0,250566
109,550000	0,247379
109,560000	0,260126
109,570000	0,249291
109,580000	0,252478
109,590000	0,248654
109,600000	0,249291
109,610000	0,241643
109,620000	0,252478
109,630000	0,249291
109,640000	0,248654
109,650000	0,251841
109,660000	0,248654
109,670000	0,248654
109,680000	0,244192
109,690000	0,247379
109,700000	0,244192
109,710000	0,248016
109,720000	0,244830
109,730000	0,253753
109,740000	0,237181
109,750000	0,251841
109,760000	0,244830
109,770000	0,244830
109,780000	0,245467
109,790000	0,251203
109,800000	0,245467
109,810000	0,246104
109,820000	0,250566
109,830000	0,253115
109,840000	0,246104
109,850000	0,248016
109,860000	0,239731
109,870000	0,250566
109,880000	0,239731
109,890000	0,244830
109,900000	0,246742
109,910000	0,241643
109,920000	0,247379
109,930000	0,246104
109,940000	0,244192
109,950000	0,239731
109,960000	0,237819
109,970000	0,253115
109,980000	0,238456
109,990000	0,245467
110,000000	0,250566
110,010000	0,246104
110,020000	0,241005
110,030000	0,251203
110,040000	0,241643
110,050000	0,243555
110,060000	0,244830
110,070000	0,237819
110,080000	0,239093
110,090000	0,247379
110,100000	0,236544
110,110000	0,244830
110,120000	0,236544
110,130000	0,247379
110,140000	0,236544
110,150000	0,251841
110,160000	0,243555
110,170000	0,249929
110,180000	0,236544
110,190000	0,249291
110,200000	0,243555
110,210000	0,244192
110,220000	0,241005
110,230000	0,251203
110,240000	0,241005
110,250000	0,255028
110,260000	0,245467
110,270000	0,244830
110,280000	0,245467
110,290000	0,247379
110,300000	0,242280
110,310000	0,250566
110,320000	0,247379
110,330000	0,249929
110,340000	0,244830
110,350000	0,237181
110,360000	0,244830
110,370000	0,243555
110,380000	0,248016
110,390000	0,243555
110,400000	0,246742
110,410000	0,245467
110,420000	0,247379
110,430000	0,246742
110,440000	0,243555
110,450000	0,237819
110,460000	0,246104
110,470000	0,243555
110,480000	0,244192
110,490000	0,243555
110,500000	0,247379
110,510000	0,239093
110,520000	0,244192
110,530000	0,237819
110,540000	0,248654
110,550000	0,238456
110,560000	0,242280
110,570000	0,241005
110,580000	0,242280
110,590000	0,240368
110,600000	0,241643
110,610000	0,242280
110,620000	0,248016
110,630000	0,239731
110,640000	0,242918
110,650000	0,243555
110,660000	0,239731
110,670000	0,238456
110,680000	0,249929
110,690000	0,242280
110,700000	0,242280
110,710000	0,248654
110,720000	0,251203
110,730000	0,238456
110,740000	0,253115
110,750000	0,242918
110,760000	0,246104
110,770000	0,241005
110,780000	0,247379
110,790000	0,242918
110,800000	0,248654
110,810000	0,234632
110,820000	0,249929
110,830000	0,239093
110,840000	0,244830
110,850000	0,239731
110,860000	0,249929
110,870000	0,242280
110,880000	0,238456
110,890000	0,241643
110,900000	0,250566
110,910000	0,244830
110,920000	0,250566
110,930000	0,241005
110,940000	0,248654
110,950000	0,249929
110,960000	0,244830
110,970000	0,249929
110,980000	0,251203
110,990000	0,243555
111,000000	0,248016
111,010000	0,250566
111,020000	0,241643
111,030000	0,247379
111,040000	0,241005
111,050000	0,252478
111,060000	0,244830
111,070000	0,251841
111,080000	0,246104
111,090000	0,249929
111,100000	0,244830
111,110000	0,242918
111,120000	0,249291
111,130000	0,242280
111,140000	0,246742
111,150000	0,246742
111,160000	0,250566
111,170000	0,240368
111,180000	0,239093
111,190000	0,245467
111,200000	0,237181
111,210000	0,241643
111,220000	0,248654
111,230000	0,250566
111,240000	0,250566
111,250000	0,240368
111,260000	0,254390
111,270000	0,241005
111,280000	0,250566
111,290000	0,244830
111,300000	0,242918
111,310000	0,249929
111,320000	0,240368
111,330000	0,251841
111,340000	0,243555
111,350000	0,248654
111,360000	0,248016
111,370000	0,244192
111,380000	0,252478
111,390000	0,253753
111,400000	0,250566
111,410000	0,249929
111,420000	0,242280
111,430000	0,253115
111,440000	0,248016
111,450000	0,239093
111,460000	0,250566
111,470000	0,244830
111,480000	0,241005
111,490000	0,248016
111,500000	0,249291
111,510000	0,248654
111,520000	0,246742
111,530000	0,248016
111,540000	0,249929
111,550000	0,239093
111,560000	0,242280
111,570000	0,250566
111,580000	0,251841
111,590000	0,249929
111,600000	0,242280
111,610000	0,244192
111,620000	0,244192
111,630000	0,244830
111,640000	0,247379
111,650000	0,242918
111,660000	0,249929
111,670000	0,243555
111,680000	0,244830
111,690000	0,247379
111,700000	0,242280
111,710000	0,245467
111,720000	0,247379
111,730000	0,251203
111,740000	0,251841
111,750000	0,243555
111,760000	0,242280
111,770000	0,248016
111,780000	0,248016
111,790000	0,244192
111,800000	0,244192
111,810000	0,246104
111,820000	0,244830
111,830000	0,246742
111,840000	0,251841
111,850000	0,244830
111,860000	0,241005
111,870000	0,239731
111,880000	0,248654
111,890000	0,244192
111,900000	0,250566
111,910000	0,244830
111,920000	0,239093
111,930000	0,247379
111,940000	0,241005
111,950000	0,245467
111,960000	0,235907
111,970000	0,244830
111,980000	0,241643
111,990000	0,245467
112,000000	0,242280
112,010000	0,244830
112,020000	0,242280
112,030000	0,247379
112,040000	0,240368
112,050000	0,248654
112,060000	0,253753
112,070000	0,249929
112,080000	0,237181
112,090000	0,246742
112,100000	0,247379
112,110000	0,251203
112,120000	0,251841
112,130000	0,248654
112,140000	0,243555
112,150000	0,247379
112,160000	0,246742
112,170000	0,242280
112,180000	0,245467
112,190000	0,246742
112,200000	0,250566
112,210000	0,237181
112,220000	0,246742
112,230000	0,241005
112,240000	0,253115
112,250000	0,240368
112,260000	0,243555
112,270000	0,243555
112,280000	0,237819
112,290000	0,243555
112,300000	0,239731
112,310000	0,244830
112,320000	0,246104
112,330000	0,240368
112,340000	0,242918
112,350000	0,240368
112,360000	0,246742
112,370000	0,242280
112,380000	0,241643
112,390000	0,244830
112,400000	0,248016
112,410000	0,247379
112,420000	0,244830
112,430000	0,242280
112,440000	0,248654
112,450000	0,252478
112,460000	0,239731
112,470000	0,248654
112,480000	0,239731
112,490000	0,244192
112,500000	0,245467
112,510000	0,238456
112,520000	0,244830
112,530000	0,246742
112,540000	0,241643
112,550000	0,239093
112,560000	0,246742
112,570000	0,242280
112,580000	0,241643
112,590000	0,242918
112,600000	0,245467
112,610000	0,237181
112,620000	0,239731
112,630000	0,241643
112,640000	0,236544
112,650000	0,248016
112,660000	0,244830
112,670000	0,242280
112,680000	0,247379
112,690000	0,254390
112,700000	0,243555
112,710000	0,242918
112,720000	0,246742
112,730000	0,251841
112,740000	0,242280
112,750000	0,253753
112,760000	0,246742
112,770000	0,241005
112,780000	0,242280
112,790000	0,244192
112,800000	0,250566
112,810000	0,248016
112,820000	0,248654
112,830000	0,242918
112,840000	0,244192
112,850000	0,249929
112,860000	0,246742
112,870000	0,246104
112,880000	0,253753
112,890000	0,243555
112,900000	0,244192
112,910000	0,232082
112,920000	0,247379
112,930000	0,237181
112,940000	0,234632
112,950000	0,249291
112,960000	0,239731
112,970000	0,243555
112,980000	0,232082
112,990000	0,242918
113,000000	0,249929
113,010000	0,248016
113,020000	0,246742
113,030000	0,245467
113,040000	0,248654
113,050000	0,248654
113,060000	0,244192
113,070000	0,249929
113,080000	0,242918
113,090000	0,247379
113,100000	0,249291
113,110000	0,249291
113,120000	0,247379
113,130000	0,248016
113,140000	0,249929
113,150000	0,241005
113,160000	0,246742
113,170000	0,242918
113,180000	0,247379
113,190000	0,247379
113,200000	0,244192
113,210000	0,242280
113,220000	0,247379
113,230000	0,240368
113,240000	0,251203
113,250000	0,229533
113,260000	0,247379
113,270000	0,232082
113,280000	0,241643
113,290000	0,248654
113,300000	0,250566
113,310000	0,248016
113,320000	0,239731
113,330000	0,247379
113,340000	0,247379
113,350000	0,230808
113,360000	0,251841
113,370000	0,253115
113,380000	0,230808
113,390000	0,243555
113,400000	0,256940
113,410000	0,253115
113,420000	0,255665
113,430000	0,249291
113,440000	0,243555
113,450000	0,254390
113,460000	0,246742
113,470000	0,246104
113,480000	0,237181
113,490000	0,246742
113,500000	0,261401
113,510000	0,248654
113,520000	0,244830
113,530000	0,253753
113,540000	0,244192
113,550000	0,263313
113,560000	0,249291
113,570000	0,245467
113,580000	0,244830
113,590000	0,244830
113,600000	0,233357
113,610000	0,242918
113,620000	0,242280
113,630000	0,235269
113,640000	0,243555
113,650000	0,232082
113,660000	0,248016
113,670000	0,233357
113,680000	0,241643
113,690000	0,239093
113,700000	0,249291
113,710000	0,250566
113,720000	0,250566
113,730000	0,244192
113,740000	0,231445
113,750000	0,243555
113,760000	0,248016
113,770000	0,242918
113,780000	0,242280
113,790000	0,239093
113,800000	0,239093
113,810000	0,239731
113,820000	0,243555
113,830000	0,268412
113,840000	0,244830
113,850000	0,253753
113,860000	0,262676
113,870000	0,253115
113,880000	0,275423
113,890000	0,241005
113,900000	0,262039
113,910000	0,253753
113,920000	0,248654
113,930000	0,249929
113,940000	0,232720
113,950000	0,258214
113,960000	0,244830
113,970000	0,232082
113,980000	0,224434
113,990000	0,242918
114,000000	0,249929
114,010000	0,239731
114,020000	0,225071
114,030000	0,235269
114,040000	0,233357
114,050000	0,235907
114,060000	0,244192
114,070000	0,244830
114,080000	0,242280
114,090000	0,237819
114,100000	0,253115
114,110000	0,244830
114,120000	0,246104
114,130000	0,245467
114,140000	0,248016
114,150000	0,241643
114,160000	0,244192
114,170000	0,225071
114,180000	0,244192
114,190000	0,239731
114,200000	0,214236
114,210000	0,233994
114,220000	0,290720
114,230000	0,248016
114,240000	0,234632
114,250000	0,195115
114,260000	0,244192
114,270000	0,220610
114,280000	0,230808
114,290000	0,232720
114,300000	0,311116
114,310000	0,239731
114,320000	0,277335
114,330000	0,243555
114,340000	0,242280
114,350000	0,348083
114,360000	0,242280
114,370000	0,321314
114,380000	0,237181
114,390000	0,235269
114,400000	0,314940
114,410000	0,240368
114,420000	0,216786
114,430000	0,237181
114,440000	0,253753
114,450000	0,223159
114,460000	0,239731
114,470000	0,244830
114,480000	0,237819
114,490000	0,239731
114,500000	0,230808
114,510000	0,237181
114,520000	0,248016
114,530000	0,248654
114,540000	0,246104
114,550000	0,246742
114,560000	0,239093
114,570000	0,247379
114,580000	0,243555
114,590000	0,242280
114,600000	0,256940
114,610000	0,244830
114,620000	0,251841
114,630000	0,236544
114,640000	0,255028
114,650000	0,252478
114,660000	0,244192
114,670000	0,272236
114,680000	0,270962
114,690000	0,269687
114,700000	0,277973
114,710000	0,248654
114,720000	0,279885
114,730000	0,240368
114,740000	0,233357
114,750000	0,239731
114,760000	0,228258
114,770000	0,230170
114,780000	0,218060
114,790000	0,221247
114,800000	0,214873
114,810000	0,232720
114,820000	0,236544
114,830000	0,240368
114,840000	0,227621
114,850000	0,248654
114,860000	0,265863
114,870000	0,237819
114,880000	0,247379
114,890000	0,257577
114,900000	0,246742
114,910000	0,236544
114,920000	0,238456
114,930000	0,243555
114,940000	0,243555
114,950000	0,242918
114,960000	0,263313
114,970000	0,241005
114,980000	0,235907
114,990000	0,230808
115,000000	0,239731
115,010000	0,239093
115,020000	0,226983
115,030000	0,237181
115,040000	0,281160
115,050000	0,242280
115,060000	0,272874
115,070000	0,237181
115,080000	0,242918
115,090000	0,210412
115,100000	0,240368
115,110000	0,193840
115,120000	0,250566
115,130000	0,241643
115,140000	0,172170
115,150000	0,242280
115,160000	0,270324
115,170000	0,256302
115,180000	0,234632
115,190000	0,293269
115,200000	0,252478
115,210000	0,254390
115,220000	0,251841
115,230000	0,258852
115,240000	0,144763
115,250000	0,246742
115,260000	0,256302
115,270000	0,253753
115,280000	0,255665
115,290000	0,107159
115,300000	0,247379
115,310000	0,250566
115,320000	0,246104
115,330000	0,245467
115,340000	0,309841
115,350000	0,250566
115,360000	0,244830
115,370000	0,236544
115,380000	0,258852
115,390000	0,242280
115,400000	0,249291
115,410000	0,249929
115,420000	0,249291
115,430000	0,252478
115,440000	0,249291
115,450000	0,230170
115,460000	0,257577
115,470000	0,231445
115,480000	0,226983
115,490000	0,269050
115,500000	0,239731
115,510000	0,234632
115,520000	0,222522
115,530000	0,251203
115,540000	0,244830
115,550000	0,239731
115,560000	0,244192
115,570000	0,258214
115,580000	0,241643
115,590000	0,274148
115,600000	0,208500
115,610000	0,265225
115,620000	0,211049
115,630000	0,214873
115,640000	0,246742
115,650000	0,224434
115,660000	0,218698
115,670000	0,213599
115,680000	0,224434
115,690000	0,221247
115,700000	0,224434
115,710000	0,256940
115,720000	0,255665
115,730000	0,246742
115,740000	0,257577
115,750000	0,233357
115,760000	0,265863
115,770000	0,254390
115,780000	0,230170
115,790000	0,244192
115,800000	0,244830
115,810000	0,248654
115,820000	0,251841
115,830000	0,247379
115,840000	0,243555
115,850000	0,231445
115,860000	0,251841
115,870000	0,255665
115,880000	0,246742
115,890000	0,246104
115,900000	0,219972
115,910000	0,257577
115,920000	0,254390
115,930000	0,205950
115,940000	0,246742
115,950000	0,277335
115,960000	0,244830
115,970000	0,248654
115,980000	0,291357
115,990000	0,249291
116,000000	0,217423
116,010000	0,235269
116,020000	0,243555
116,030000	0,294544
116,040000	0,237181
116,050000	0,195752
116,060000	0,241643
116,070000	0,236544
116,080000	0,266500
116,090000	0,244192
116,100000	0,318127
116,110000	0,239093
116,120000	0,243555
116,130000	0,342984
116,140000	0,249929
116,150000	0,260126
116,160000	0,242280
116,170000	0,226346
116,180000	0,249291
116,190000	0,243555
116,200000	0,218698
116,210000	0,233994
116,220000	0,226983
116,230000	0,189379
116,240000	0,236544
116,250000	0,221884
116,260000	0,241643
116,270000	0,237181
116,280000	0,246104
116,290000	0,237181
116,300000	0,243555
116,310000	0,249929
116,320000	0,237181
116,330000	0,236544
116,340000	0,226346
116,350000	0,234632
116,360000	0,235269
116,370000	0,264588
116,380000	0,235907
116,390000	0,249291
116,400000	0,244830
116,410000	0,245467
116,420000	0,246742
116,430000	0,257577
116,440000	0,239093
116,450000	0,253115
116,460000	0,265225
116,470000	0,244830
116,480000	0,220610
116,490000	0,267137
116,500000	0,236544
116,510000	0,283709
116,520000	0,283072
116,530000	0,255028
116,540000	0,277335
116,550000	0,252478
116,560000	0,287533
116,570000	0,279885
116,580000	0,282434
116,590000	0,284984
116,600000	0,251841
116,610000	0,237181
116,620000	0,275423
116,630000	0,256302
116,640000	0,251203
116,650000	0,243555
116,660000	0,223797
116,670000	0,247379
116,680000	0,223159
116,690000	0,233357
116,700000	0,232082
116,710000	0,201489
116,720000	0,211687
116,730000	0,234632
116,740000	0,212324
116,750000	0,235907
116,760000	0,241643
116,770000	0,257577
116,780000	0,238456
116,790000	0,262676
116,800000	0,237181
116,810000	0,262676
116,820000	0,198302
116,830000	0,237181
116,840000	0,228896
116,850000	0,241643
116,860000	0,197665
116,870000	0,248016
116,880000	0,236544
116,890000	0,221884
116,900000	0,240368
116,910000	0,192566
116,920000	0,256302
116,930000	0,240368
116,940000	0,306654
116,950000	0,242918
116,960000	0,249291
116,970000	0,239731
116,980000	0,246742
116,990000	0,145401
117,000000	0,241643
117,010000	0,278610
117,020000	0,249929
117,030000	0,248016
117,040000	0,125005
117,050000	0,248654
117,060000	0,247379
117,070000	0,249291
117,080000	0,245467
117,090000	0,276698
117,100000	0,247379
117,110000	0,274786
117,120000	0,240368
117,130000	0,241643
117,140000	0,267137
117,150000	0,253753
117,160000	0,245467
117,170000	0,245467
117,180000	0,246104
117,190000	0,244830
117,200000	0,245467
117,210000	0,247379
117,220000	0,247379
117,230000	0,256940
117,240000	0,243555
117,250000	0,244830
117,260000	0,256940
117,270000	0,252478
117,280000	0,226346
117,290000	0,267137
117,300000	0,239093
117,310000	0,233994
117,320000	0,216148
117,330000	0,228896
117,340000	0,212961
117,350000	0,230808
117,360000	0,234632
117,370000	0,228896
117,380000	0,224434
117,390000	0,256940
117,400000	0,249291
117,410000	0,265225
117,420000	0,244830
117,430000	0,245467
117,440000	0,281797
117,450000	0,260126
117,460000	0,225071
117,470000	0,235907
117,480000	0,198939
117,490000	0,176631
117,500000	0,193203
117,510000	0,190016
117,520000	0,219972
117,530000	0,169620
117,540000	0,221247
117,550000	0,209137
117,560000	0,244830
117,570000	0,294544
117,580000	0,266500
117,590000	0,274148
117,600000	0,255665
117,610000	0,256940
117,620000	0,251841
117,630000	0,281797
117,640000	0,248016
117,650000	0,263313
117,660000	0,253753
117,670000	0,251841
117,680000	0,221884
117,690000	0,259489
117,700000	0,207862
117,710000	0,255665
117,720000	0,299643
117,730000	0,288808
117,740000	0,246742
117,750000	0,300281
117,760000	0,245467
117,770000	0,236544
117,780000	0,308566
117,790000	0,241005
117,800000	0,241643
117,810000	0,242918
117,820000	0,216786
117,830000	0,216148
117,840000	0,243555
117,850000	0,164522
117,860000	0,246742
117,870000	0,241005
117,880000	0,241005
117,890000	0,234632
117,900000	0,362105
117,910000	0,239731
117,920000	0,233357
117,930000	0,241005
117,940000	0,235907
117,950000	0,297731
117,960000	0,244192
117,970000	0,239731
117,980000	0,247379
117,990000	0,237819
118,000000	0,185555
118,010000	0,241643
118,020000	0,237819
118,030000	0,246104
118,040000	0,233357
118,050000	0,247379
118,060000	0,235907
118,070000	0,249291
118,080000	0,244830
118,090000	0,234632
118,100000	0,251203
118,110000	0,242280
118,120000	0,236544
118,130000	0,230170
118,140000	0,243555
118,150000	0,214873
118,160000	0,237819
118,170000	0,225709
118,180000	0,242918
118,190000	0,235907
118,200000	0,229533
118,210000	0,237819
118,220000	0,265863
118,230000	0,254390
118,240000	0,260764
118,250000	0,240368
118,260000	0,267775
118,270000	0,254390
118,280000	0,258214
118,290000	0,265225
118,300000	0,197665
118,310000	0,238456
118,320000	0,234632
118,330000	0,212961
118,340000	0,219972
118,350000	0,222522
118,360000	0,229533
118,370000	0,268412
118,380000	0,261401
118,390000	0,271599
118,400000	0,321314
118,410000	0,311116
118,420000	0,290720
118,430000	0,275423
118,440000	0,344259
118,450000	0,244830
118,460000	0,299006
118,470000	0,241643
118,480000	0,211049
118,490000	0,213599
118,500000	0,208500
118,510000	0,194478
118,520000	0,206588
118,530000	0,202763
118,540000	0,262039
118,550000	0,228258
118,560000	0,253753
118,570000	0,228896
118,580000	0,219335
118,590000	0,253115
118,600000	0,224434
118,610000	0,283072
118,620000	0,228896
118,630000	0,246104
118,640000	0,281797
118,650000	0,242280
118,660000	0,220610
118,670000	0,239093
118,680000	0,239731
118,690000	0,224434
118,700000	0,234632
118,710000	0,277973
118,720000	0,238456
118,730000	0,255028
118,740000	0,186192
118,750000	0,241005
118,760000	0,251203
118,770000	0,244192
118,780000	0,242280
118,790000	0,253753
118,800000	0,242918
118,810000	0,096961
118,820000	0,243555
118,830000	0,244192
118,840000	0,242918
118,850000	0,234632
118,860000	0,274786
118,870000	0,237181
118,880000	0,242918
118,890000	0,234632
118,900000	0,239093
118,910000	0,329599
118,920000	0,246742
118,930000	0,254390
118,940000	0,251203
118,950000	0,249929
118,960000	0,244192
118,970000	0,257577
118,980000	0,256940
118,990000	0,219335
119,000000	0,228896
119,010000	0,240368
119,020000	0,213599
119,030000	0,242280
119,040000	0,235269
119,050000	0,230808
119,060000	0,266500
119,070000	0,238456
119,080000	0,234632
119,090000	0,243555
119,100000	0,235907
119,110000	0,228896
119,120000	0,241643
119,130000	0,240368
119,140000	0,239093
119,150000	0,245467
119,160000	0,277335
119,170000	0,246104
119,180000	0,253753
119,190000	0,225709
119,200000	0,243555
119,210000	0,306017
119,220000	0,222522
119,230000	0,265225
119,240000	0,219972
119,250000	0,223797
119,260000	0,188741
119,270000	0,224434
119,280000	0,196390
119,290000	0,218060
119,300000	0,216786
119,310000	0,218060
119,320000	0,205950
119,330000	0,213599
119,340000	0,249291
119,350000	0,251841
119,360000	0,251841
119,370000	0,223159
119,380000	0,269050
119,390000	0,266500
119,400000	0,250566
119,410000	0,257577
119,420000	0,263951
119,430000	0,251203
119,440000	0,288808
119,450000	0,289445
119,460000	0,253753
119,470000	0,221884
119,480000	0,253115
119,490000	0,285621
119,500000	0,260764
119,510000	0,255665
119,520000	0,267775
119,530000	0,260126
119,540000	0,321314
119,550000	0,242918
119,560000	0,232082
119,570000	0,230170
119,580000	0,234632
119,590000	0,191291
119,600000	0,232082
119,610000	0,235907
119,620000	0,225709
119,630000	0,255665
119,640000	0,284346
119,650000	0,242918
119,660000	0,235907
119,670000	0,377402
119,680000	0,241643
119,690000	0,394611
119,700000	0,240368
119,710000	0,245467
119,720000	0,184917
119,730000	0,241643
119,740000	0,184280
119,750000	0,232720
119,760000	0,239093
119,770000	0,242280
119,780000	0,243555
119,790000	0,184280
119,800000	0,245467
119,810000	0,256302
119,820000	0,246104
119,830000	0,244830
119,840000	0,243555
119,850000	0,233357
119,860000	0,239093
119,870000	0,227621
119,880000	0,228896
119,890000	0,223159
119,900000	0,226983
119,910000	0,228258
119,920000	0,225709
119,930000	0,223797
119,940000	0,234632
119,950000	0,222522
119,960000	0,253753
119,970000	0,239093
119,980000	0,251203
119,990000	0,277335
120,000000	0,245467
120,010000	0,242918
120,020000	0,241643
120,030000	0,224434
120,040000	0,228258
120,050000	0,232720
120,060000	0,214873
120,070000	0,229533
120,080000	0,258214
120,090000	0,216786
120,100000	0,241005
120,110000	0,223159
120,120000	0,262676
120,130000	0,272236
120,140000	0,248016
120,150000	0,238456
120,160000	0,244192
120,170000	0,227621
120,180000	0,221884
120,190000	0,231445
120,200000	0,240368
120,210000	0,267137
120,220000	0,254390
120,230000	0,269687
120,240000	0,311753
120,250000	0,287533
120,260000	0,309204
120,270000	0,321314
120,280000	0,316215
120,290000	0,266500
120,300000	0,233357
120,310000	0,251203
120,320000	0,267775
120,330000	0,221247
120,340000	0,190016
120,350000	0,233357
120,360000	0,222522
120,370000	0,213599
120,380000	0,207225
120,390000	0,227621
120,400000	0,181093
120,410000	0,233994
120,420000	0,178544
120,430000	0,248016
120,440000	0,249291
120,450000	0,201489
120,460000	0,239093
120,470000	0,242918
120,480000	0,248016
120,490000	0,249291
120,500000	0,170895
120,510000	0,238456
120,520000	0,209137
120,530000	0,238456
120,540000	0,251203
120,550000	0,155598
120,560000	0,235269
120,570000	0,089312
120,580000	0,241005
120,590000	0,233357
120,600000	0,299643
120,610000	0,242918
120,620000	0,198939
120,630000	0,240368
120,640000	0,246742
120,650000	0,239093
120,660000	0,236544
120,670000	0,295182
120,680000	0,246104
120,690000	0,236544
120,700000	0,223159
120,710000	0,232720
120,720000	0,244192
120,730000	0,241643
120,740000	0,248016
120,750000	0,254390
120,760000	0,241005
120,770000	0,256940
120,780000	0,250566
120,790000	0,254390
120,800000	0,245467
120,810000	0,254390
120,820000	0,270962
120,830000	0,245467
120,840000	0,230170
120,850000	0,236544
120,860000	0,230170
120,870000	0,216148
120,880000	0,233357
120,890000	0,225709
120,900000	0,243555
120,910000	0,249291
120,920000	0,242918
120,930000	0,247379
120,940000	0,268412
120,950000	0,241643
120,960000	0,241005
120,970000	0,285621
120,980000	0,248016
120,990000	0,267775
121,000000	0,218698
121,010000	0,212961
121,020000	0,207225
121,030000	0,214873
121,040000	0,175994
121,050000	0,260126
121,060000	0,227621
121,070000	0,212324
121,080000	0,257577
121,090000	0,252478
121,100000	0,271599
121,110000	0,268412
121,120000	0,248654
121,130000	0,257577
121,140000	0,198939
121,150000	0,209775
121,160000	0,215511
121,170000	0,194478
121,180000	0,166434
121,190000	0,152412
121,200000	0,175994
121,210000	0,178544
121,220000	0,183005
121,230000	0,220610
121,240000	0,270962
121,250000	0,239731
121,260000	0,284984
121,270000	0,308566
121,280000	0,316215
121,290000	0,276698
121,300000	0,308566
121,310000	0,271599
121,320000	0,271599
121,330000	0,199577
121,340000	0,251203
121,350000	0,193203
121,360000	0,243555
121,370000	0,220610
121,380000	0,360830
121,390000	0,244192
121,400000	0,158148
121,410000	0,239731
121,420000	0,228896
121,430000	0,232082
121,440000	0,243555
121,450000	0,376127
121,460000	0,244830
121,470000	0,242918
121,480000	0,243555
121,490000	0,247379
121,500000	0,270962
121,510000	0,234632
121,520000	0,242918
121,530000	0,228896
121,540000	0,228896
121,550000	0,154961
121,560000	0,237181
121,570000	0,237819
121,580000	0,244830
121,590000	0,244192
121,600000	0,243555
121,610000	0,244192
121,620000	0,245467
121,630000	0,248016
121,640000	0,245467
121,650000	0,244192
121,660000	0,241643
121,670000	0,232082
121,680000	0,224434
121,690000	0,224434
121,700000	0,216786
121,710000	0,230170
121,720000	0,204676
121,730000	0,232082
121,740000	0,251203
121,750000	0,249291
121,760000	0,244830
121,770000	0,271599
121,780000	0,244830
121,790000	0,244830
121,800000	0,224434
121,810000	0,231445
121,820000	0,220610
121,830000	0,237819
121,840000	0,230170
121,850000	0,253753
121,860000	0,251841
121,870000	0,195752
121,880000	0,251203
121,890000	0,239731
121,900000	0,257577
121,910000	0,274148
121,920000	0,241643
121,930000	0,233357
121,940000	0,240368
121,950000	0,259489
121,960000	0,229533
121,970000	0,290083
121,980000	0,308566
121,990000	0,301555
122,000000	0,294544
122,010000	0,221247
122,020000	0,267775
122,030000	0,256302
122,040000	0,237181
122,050000	0,221884
122,060000	0,223159
122,070000	0,236544
122,080000	0,272874
122,090000	0,219335
122,100000	0,195115
122,110000	0,214873
122,120000	0,226983
122,130000	0,243555
122,140000	0,230170
122,150000	0,177269
122,160000	0,212961
122,170000	0,228896
122,180000	0,166434
122,190000	0,234632
122,200000	0,193203
122,210000	0,250566
122,220000	0,230808
122,230000	0,313665
122,240000	0,239731
122,250000	0,316215
122,260000	0,246104
122,270000	0,253115
122,280000	0,135203
122,290000	0,238456
122,300000	0,183643
122,310000	0,239093
122,320000	0,245467
122,330000	0,277973
122,340000	0,241005
122,350000	0,095049
122,360000	0,238456
122,370000	0,247379
122,380000	0,244830
122,390000	0,242918
122,400000	0,302193
122,410000	0,246104
122,420000	0,236544
122,430000	0,243555
122,440000	0,244192
122,450000	0,300281
122,460000	0,236544
122,470000	0,239731
122,480000	0,241643
122,490000	0,243555
122,500000	0,230170
122,510000	0,248654
122,520000	0,231445
122,530000	0,237819
122,540000	0,239731
122,550000	0,234632
122,560000	0,234632
122,570000	0,269050
122,580000	0,244830
122,590000	0,251203
122,600000	0,249291
122,610000	0,258852
122,620000	0,239093
122,630000	0,256302
122,640000	0,242280
122,650000	0,233357
122,660000	0,239731
122,670000	0,211687
122,680000	0,230808
122,690000	0,233357
122,700000	0,228258
122,710000	0,237181
122,720000	0,290083
122,730000	0,241005
122,740000	0,260126
122,750000	0,244830
122,760000	0,251203
122,770000	0,249929
122,780000	0,239731
122,790000	0,248654
122,800000	0,227621
122,810000	0,211687
122,820000	0,184280
122,830000	0,198302
122,840000	0,229533
122,850000	0,174719
122,860000	0,207225
122,870000	0,251841
122,880000	0,198939
122,890000	0,264588
122,900000	0,270324
122,910000	0,253753
122,920000	0,261401
122,930000	0,283072
122,940000	0,208500
122,950000	0,221247
122,960000	0,180456
122,970000	0,249929
122,980000	0,141576
122,990000	0,206588
123,000000	0,149862
123,010000	0,247379
123,020000	0,255665
123,030000	0,232082
123,040000	0,262676
123,050000	0,290083
123,060000	0,256302
123,070000	0,295819
123,080000	0,253115
123,090000	0,274148
123,100000	0,290720
123,110000	0,251841
123,120000	0,335973
123,130000	0,230170
123,140000	0,241005
123,150000	0,156236
123,160000	0,246742
123,170000	0,202126
123,180000	0,239093
123,190000	0,230808
123,200000	0,321951
123,210000	0,239731
123,220000	0,372940
123,230000	0,238456
123,240000	0,237819
123,250000	0,239731
123,260000	0,233994
123,270000	0,235907
123,280000	0,228258
123,290000	0,241005
123,300000	0,231445
123,310000	0,239093
123,320000	0,146038
123,330000	0,239731
123,340000	0,230808
123,350000	0,239093
123,360000	0,226983
123,370000	0,236544
123,380000	0,233994
123,390000	0,248654
123,400000	0,230170
123,410000	0,240368
123,420000	0,232082
123,430000	0,249291
123,440000	0,226346
123,450000	0,246104
123,460000	0,237181
123,470000	0,231445
123,480000	0,238456
123,490000	0,228258
123,500000	0,226346
123,510000	0,232720
123,520000	0,238456
123,530000	0,223797
123,540000	0,248654
123,550000	0,226346
123,560000	0,229533
123,570000	0,249291
123,580000	0,262676
123,590000	0,241005
123,600000	0,235907
123,610000	0,244192
123,620000	0,242280
123,630000	0,247379
123,640000	0,224434
123,650000	0,239093
123,660000	0,251203
123,670000	0,247379
123,680000	0,232082
123,690000	0,243555
123,700000	0,251841
123,710000	0,253753
123,720000	0,280522
123,730000	0,221884
123,740000	0,242280
123,750000	0,262676
123,760000	0,260126
123,770000	0,271599
123,780000	0,265863
123,790000	0,240368
123,800000	0,226983
123,810000	0,262676
123,820000	0,258852
123,830000	0,280522
123,840000	0,270324
123,850000	0,278610
123,860000	0,257577
123,870000	0,280522
123,880000	0,253115
123,890000	0,219335
123,900000	0,235269
123,910000	0,233357
123,920000	0,197665
123,930000	0,223159
123,940000	0,172170
123,950000	0,229533
123,960000	0,225709
123,970000	0,257577
123,980000	0,237181
123,990000	0,221884
124,000000	0,239731
124,010000	0,255028
124,020000	0,258852
124,030000	0,233357
124,040000	0,252478
124,050000	0,232082
124,060000	0,252478
124,070000	0,233357
124,080000	0,237819
124,090000	0,099510
124,100000	0,240368
124,110000	0,241005
124,120000	0,242280
124,130000	0,242280
124,140000	0,290720
124,150000	0,242280
124,160000	0,261401
124,170000	0,249929
124,180000	0,243555
124,190000	0,239731
124,200000	0,241643
124,210000	0,262676
124,220000	0,242918
124,230000	0,240368
124,240000	0,238456
124,250000	0,241643
124,260000	0,241643
124,270000	0,245467
124,280000	0,242280
124,290000	0,245467
124,300000	0,239731
124,310000	0,253753
124,320000	0,233357
124,330000	0,261401
124,340000	0,242918
124,350000	0,237181
124,360000	0,235907
124,370000	0,242280
124,380000	0,239093
124,390000	0,239093
124,400000	0,236544
124,410000	0,248016
124,420000	0,249291
124,430000	0,282434
124,440000	0,259489
124,450000	0,274148
124,460000	0,255028
124,470000	0,235907
124,480000	0,302193
124,490000	0,253115
124,500000	0,275423
124,510000	0,235907
124,520000	0,243555
124,530000	0,249291
124,540000	0,232720
124,550000	0,213599
124,560000	0,218698
124,570000	0,226346
124,580000	0,237181
124,590000	0,226346
124,600000	0,239731
124,610000	0,221884
124,620000	0,211687
124,630000	0,256302
124,640000	0,206588
124,650000	0,226983
124,660000	0,184917
124,670000	0,221247
124,680000	0,212961
124,690000	0,225709
124,700000	0,245467
124,710000	0,245467
124,720000	0,251203
124,730000	0,274786
124,740000	0,262676
124,750000	0,256302
124,760000	0,237819
124,770000	0,218698
124,780000	0,233357
124,790000	0,203401
124,800000	0,196390
124,810000	0,187467
124,820000	0,223159
124,830000	0,249929
124,840000	0,228258
124,850000	0,211687
124,860000	0,248654
124,870000	0,235269
124,880000	0,203401
124,890000	0,260126
124,900000	0,311753
124,910000	0,249929
124,920000	0,239731
124,930000	0,255028
124,940000	0,240368
124,950000	0,232082
124,960000	0,230808
124,970000	0,234632
124,980000	0,213599
124,990000	0,237819
125,000000	0,359556
125,010000	0,235269
125,020000	0,239731
125,030000	0,236544
125,040000	0,239731
125,050000	0,229533
125,060000	0,230170
125,070000	0,235269
125,080000	0,234632
125,090000	0,235907
125,100000	0,226346
125,110000	0,231445
125,120000	0,230170
125,130000	0,235269
125,140000	0,237181
125,150000	0,232082
125,160000	0,233994
125,170000	0,238456
125,180000	0,229533
125,190000	0,239731
125,200000	0,237181
125,210000	0,238456
125,220000	0,217423
125,230000	0,237181
125,240000	0,240368
125,250000	0,239731
125,260000	0,234632
125,270000	0,221247
125,280000	0,225709
125,290000	0,222522
125,300000	0,238456
125,310000	0,237181
125,320000	0,212324
125,330000	0,226983
125,340000	0,182368
125,350000	0,233994
125,360000	0,230170
125,370000	0,230170
125,380000	0,232082
125,390000	0,233994
125,400000	0,243555
125,410000	0,236544
125,420000	0,231445
125,430000	0,246742
125,440000	0,247379
125,450000	0,240368
125,460000	0,239731
125,470000	0,245467
125,480000	0,230808
125,490000	0,240368
125,500000	0,264588
125,510000	0,249929
125,520000	0,232082
125,530000	0,241643
125,540000	0,244192
125,550000	0,234632
125,560000	0,233994
125,570000	0,239093
125,580000	0,243555
125,590000	0,252478
125,600000	0,234632
125,610000	0,248654
125,620000	0,234632
125,630000	0,256302
125,640000	0,244192
125,650000	0,260764
125,660000	0,255028
125,670000	0,246742
125,680000	0,232082
125,690000	0,230808
125,700000	0,225071
125,710000	0,234632
125,720000	0,267137
125,730000	0,238456
125,740000	0,233994
125,750000	0,232082
125,760000	0,229533
125,770000	0,273511
125,780000	0,232082
125,790000	0,239731
125,800000	0,233357
125,810000	0,242280
125,820000	0,163247
125,830000	0,237819
125,840000	0,217423
125,850000	0,237819
125,860000	0,235907
125,870000	0,250566
125,880000	0,240368
125,890000	0,265863
125,900000	0,239093
125,910000	0,236544
125,920000	0,239731
125,930000	0,239731
125,940000	0,246742
125,950000	0,239093
125,960000	0,234632
125,970000	0,244192
125,980000	0,244192
125,990000	0,244830
126,000000	0,255028
126,010000	0,240368
126,020000	0,244192
126,030000	0,242280
126,040000	0,244830
126,050000	0,242280
126,060000	0,239731
126,070000	0,245467
126,080000	0,235907
126,090000	0,234632
126,100000	0,244192
126,110000	0,239093
126,120000	0,245467
126,130000	0,239093
126,140000	0,241005
126,150000	0,242280
126,160000	0,246104
126,170000	0,244830
126,180000	0,248654
126,190000	0,248654
126,200000	0,239731
126,210000	0,262039
126,220000	0,242918
126,230000	0,243555
126,240000	0,239731
126,250000	0,244192
126,260000	0,241005
126,270000	0,235907
126,280000	0,239731
126,290000	0,239093
126,300000	0,238456
126,310000	0,235269
126,320000	0,234632
126,330000	0,226983
126,340000	0,237181
126,350000	0,244830
126,360000	0,230808
126,370000	0,233994
126,380000	0,235269
126,390000	0,236544
126,400000	0,239731
126,410000	0,234632
126,420000	0,236544
126,430000	0,234632
126,440000	0,233357
126,450000	0,240368
126,460000	0,238456
126,470000	0,241005
126,480000	0,237819
126,490000	0,233357
126,500000	0,238456
126,510000	0,239093
126,520000	0,238456
126,530000	0,242918
126,540000	0,233357
126,550000	0,239731
126,560000	0,239731
126,570000	0,236544
126,580000	0,241005
126,590000	0,235907
126,600000	0,240368
126,610000	0,239093
126,620000	0,239731
126,630000	0,240368
126,640000	0,239731
126,650000	0,236544
126,660000	0,262039
126,670000	0,237181
126,680000	0,230808
126,690000	0,237819
126,700000	0,237181
126,710000	0,242280
126,720000	0,242280
126,730000	0,244830
126,740000	0,237819
126,750000	0,243555
126,760000	0,237819
126,770000	0,239093
126,780000	0,235269
126,790000	0,242280
126,800000	0,235269
126,810000	0,242918
126,820000	0,233994
126,830000	0,241643
126,840000	0,243555
126,850000	0,241005
126,860000	0,235269
126,870000	0,238456
126,880000	0,237181
126,890000	0,239093
126,900000	0,237181
126,910000	0,235907
126,920000	0,239093
126,930000	0,238456
126,940000	0,233357
126,950000	0,237819
126,960000	0,237181
126,970000	0,239731
126,980000	0,239093
126,990000	0,234632
127,000000	0,237181
127,010000	0,238456
127,020000	0,231445
127,030000	0,233994
127,040000	0,230808
127,050000	0,232082
127,060000	0,239093
127,070000	0,237181
127,080000	0,233994
127,090000	0,237181
127,100000	0,234632
127,110000	0,238456
127,120000	0,234632
127,130000	0,234632
127,140000	0,232720
127,150000	0,234632
127,160000	0,233994
127,170000	0,238456
127,180000	0,237181
127,190000	0,234632
127,200000	0,236544
127,210000	0,240368
127,220000	0,239731
127,230000	0,241005
127,240000	0,233994
127,250000	0,236544
127,260000	0,236544
127,270000	0,239731
127,280000	0,234632
127,290000	0,237181
127,300000	0,236544
127,310000	0,244192
127,320000	0,236544
127,330000	0,235907
127,340000	0,239093
127,350000	0,239093
127,360000	0,239731
127,370000	0,239731
127,380000	0,237181
127,390000	0,234632
127,400000	0,235907
127,410000	0,228258
127,420000	0,236544
127,430000	0,235269
127,440000	0,239093
127,450000	0,233994
127,460000	0,236544
127,470000	0,237181
127,480000	0,238456
127,490000	0,233357
127,500000	0,237181
127,510000	0,230170
127,520000	0,239731
127,530000	0,238456
127,540000	0,230170
127,550000	0,237181
127,560000	0,233994
127,570000	0,237819
127,580000	0,232720
127,590000	0,237181
127,600000	0,235269
127,610000	0,235907
127,620000	0,237181
127,630000	0,238456
127,640000	0,235907
127,650000	0,236544
127,660000	0,237819
127,670000	0,237181
127,680000	0,237819
127,690000	0,232082
127,700000	0,232082
127,710000	0,234632
127,720000	0,229533
127,730000	0,235269
127,740000	0,233357
127,750000	0,235907
127,760000	0,241643
127,770000	0,236544
127,780000	0,237181
127,790000	0,239731
127,800000	0,239731
127,810000	0,236544
127,820000	0,240368
127,830000	0,238456
127,840000	0,233357
127,850000	0,236544
127,860000	0,237181
127,870000	0,238456
127,880000	0,239731
127,890000	0,237819
127,900000	0,240368
127,910000	0,237819
127,920000	0,246742
127,930000	0,240368
127,940000	0,237181
127,950000	0,244830
127,960000	0,239093
127,970000	0,239731
127,980000	0,234632
127,990000	0,242280
128,000000	0,243555
128,010000	0,241643
128,020000	0,241005
128,030000	0,242280
128,040000	0,240368
128,050000	0,242280
128,060000	0,235907
128,070000	0,240368
128,080000	0,239731
128,090000	0,246104
128,100000	0,236544
128,110000	0,239093
128,120000	0,239093
128,130000	0,241643
128,140000	0,234632
128,150000	0,239731
128,160000	0,238456
128,170000	0,237181
128,180000	0,241005
128,190000	0,239731
128,200000	0,244830
128,210000	0,233994
128,220000	0,241005
128,230000	0,239093
128,240000	0,235907
128,250000	0,235907
128,260000	0,240368
128,270000	0,241643
128,280000	0,236544
128,290000	0,239093
128,300000	0,242280
128,310000	0,242918
128,320000	0,235269
128,330000	0,236544
128,340000	0,242918
128,350000	0,242280
128,360000	0,241005
128,370000	0,243555
128,380000	0,237181
128,390000	0,245467
128,400000	0,241005
128,410000	0,241643
128,420000	0,242280
128,430000	0,239731
128,440000	0,242280
128,450000	0,239731
128,460000	0,236544
128,470000	0,245467
128,480000	0,238456
128,490000	0,240368
128,500000	0,239731
128,510000	0,239093
128,520000	0,242918
128,530000	0,241643
128,540000	0,239731
128,550000	0,243555
128,560000	0,234632
128,570000	0,246104
128,580000	0,240368
128,590000	0,240368
128,600000	0,236544
128,610000	0,238456
128,620000	0,238456
128,630000	0,236544
128,640000	0,237819
128,650000	0,241643
128,660000	0,241005
128,670000	0,238456
128,680000	0,241643
128,690000	0,239093
128,700000	0,237181
128,710000	0,236544
128,720000	0,236544
128,730000	0,238456
128,740000	0,234632
128,750000	0,240368
128,760000	0,242280
128,770000	0,241643
128,780000	0,237181
128,790000	0,236544
128,800000	0,232082
128,810000	0,238456
128,820000	0,231445
128,830000	0,241643
128,840000	0,231445
128,850000	0,237819
128,860000	0,238456
128,870000	0,235269
128,880000	0,235907
128,890000	0,241005
128,900000	0,235907
128,910000	0,239093
128,920000	0,232720
128,930000	0,235907
128,940000	0,237819
128,950000	0,236544
128,960000	0,234632
128,970000	0,238456
128,980000	0,238456
128,990000	0,239731
129,000000	0,234632
129,010000	0,232082
129,020000	0,234632
129,030000	0,235269
129,040000	0,235269
129,050000	0,238456
129,060000	0,237181
129,070000	0,238456
129,080000	0,237181
129,090000	0,233994
129,100000	0,237819
129,110000	0,240368
129,120000	0,232720
129,130000	0,236544
129,140000	0,232720
129,150000	0,234632
129,160000	0,231445
129,170000	0,234632
129,180000	0,231445
129,190000	0,235269
129,200000	0,229533
129,210000	0,235907
129,220000	0,237181
129,230000	0,234632
129,240000	0,234632
129,250000	0,235907
129,260000	0,236544
129,270000	0,235269
129,280000	0,230808
129,290000	0,239093
129,300000	0,232720
129,310000	0,230170
129,320000	0,233357
129,330000	0,238456
129,340000	0,235269
129,350000	0,233357
129,360000	0,235269
129,370000	0,235269
129,380000	0,231445
129,390000	0,229533
129,400000	0,238456
129,410000	0,229533
129,420000	0,231445
129,430000	0,235269
129,440000	0,231445
129,450000	0,230808
129,460000	0,235269
129,470000	0,228896
129,480000	0,234632
129,490000	0,233357
129,500000	0,234632
129,510000	0,234632
129,520000	0,232082
129,530000	0,237181
129,540000	0,230170
129,550000	0,241005
129,560000	0,227621
129,570000	0,240368
129,580000	0,229533
129,590000	0,238456
129,600000	0,229533
129,610000	0,235269
129,620000	0,232082
129,630000	0,237181
129,640000	0,235907
129,650000	0,237181
129,660000	0,232082
129,670000	0,239093
129,680000	0,233994
129,690000	0,235269
129,700000	0,233994
129,710000	0,235269
129,720000	0,234632
129,730000	0,240368
129,740000	0,234632
129,750000	0,235269
129,760000	0,234632
129,770000	0,240368
129,780000	0,236544
129,790000	0,237819
129,800000	0,233994
129,810000	0,237819
129,820000	0,233994
129,830000	0,239731
129,840000	0,237181
129,850000	0,237819
129,860000	0,233357
129,870000	0,237819
129,880000	0,236544
129,890000	0,240368
129,900000	0,238456
129,910000	0,241005
129,920000	0,238456
129,930000	0,241005
129,940000	0,235907
129,950000	0,240368
129,960000	0,235269
129,970000	0,239731
129,980000	0,239093
129,990000	0,243555
130,000000	0,236544
130,010000	0,238456
130,020000	0,235269
130,030000	0,236544
130,040000	0,235907
130,050000	0,237181
130,060000	0,241005
130,070000	0,234632
130,080000	0,239731
130,090000	0,240368
130,100000	0,236544
130,110000	0,239731
130,120000	0,230808
130,130000	0,243555
130,140000	0,236544
130,150000	0,237181
130,160000	0,234632
130,170000	0,241643
130,180000	0,240368
130,190000	0,237181
130,200000	0,236544
130,210000	0,237181
130,220000	0,233994
130,230000	0,243555
130,240000	0,232082
130,250000	0,242918
130,260000	0,238456
130,270000	0,241643
130,280000	0,238456
130,290000	0,241643
130,300000	0,239093
130,310000	0,243555
130,320000	0,232720
130,330000	0,242918
130,340000	0,237819
130,350000	0,239731
130,360000	0,244192
130,370000	0,237181
130,380000	0,238456
130,390000	0,240368
130,400000	0,235269
130,410000	0,241643
130,420000	0,238456
130,430000	0,241643
130,440000	0,239093
130,450000	0,242918
130,460000	0,239093
130,470000	0,244830
130,480000	0,239093
130,490000	0,237819
130,500000	0,237181
130,510000	0,239731
130,520000	0,238456
130,530000	0,239731
130,540000	0,239731
130,550000	0,242280
130,560000	0,233994
130,570000	0,241643
130,580000	0,232082
130,590000	0,244830
130,600000	0,242280
130,610000	0,241643
130,620000	0,235269
130,630000	0,244830
130,640000	0,237181
130,650000	0,243555
130,660000	0,233357
130,670000	0,244830
130,680000	0,239093
130,690000	0,241643
130,700000	0,235269
130,710000	0,235907
130,720000	0,242918
130,730000	0,242280
130,740000	0,233994
130,750000	0,242280
130,760000	0,238456
130,770000	0,239731
130,780000	0,237181
130,790000	0,244192
130,800000	0,235269
130,810000	0,243555
130,820000	0,238456
130,830000	0,239731
130,840000	0,232082
130,850000	0,240368
130,860000	0,237181
130,870000	0,235907
130,880000	0,235269
130,890000	0,238456
130,900000	0,232082
130,910000	0,243555
130,920000	0,230808
130,930000	0,242280
130,940000	0,237181
130,950000	0,237819
130,960000	0,237181
130,970000	0,242280
130,980000	0,237181
130,990000	0,238456
131,000000	0,230808
131,010000	0,237819
131,020000	0,232082
131,030000	0,239731
131,040000	0,239731
131,050000	0,236544
131,060000	0,233357
131,070000	0,236544
131,080000	0,230808
131,090000	0,237181
131,100000	0,228258
131,110000	0,234632
131,120000	0,232720
131,130000	0,234632
131,140000	0,236544
131,150000	0,233994
131,160000	0,237181
131,170000	0,234632
131,180000	0,233357
131,190000	0,229533
131,200000	0,238456
131,210000	0,227621
131,220000	0,237819
131,230000	0,233994
131,240000	0,241005
131,250000	0,229533
131,260000	0,230808
131,270000	0,230808
131,280000	0,232720
131,290000	0,231445
131,300000	0,237181
131,310000	0,235269
131,320000	0,239731
131,330000	0,234632
131,340000	0,235269
131,350000	0,234632
131,360000	0,230808
131,370000	0,238456
131,380000	0,235269
131,390000	0,233994
131,400000	0,231445
131,410000	0,231445
131,420000	0,227621
131,430000	0,233357
131,440000	0,236544
131,450000	0,233357
131,460000	0,234632
131,470000	0,232082
131,480000	0,238456
131,490000	0,233357
131,500000	0,233994
131,510000	0,234632
131,520000	0,235269
131,530000	0,232720
131,540000	0,238456
131,550000	0,232082
131,560000	0,232720
131,570000	0,234632
131,580000	0,235907
131,590000	0,232082
131,600000	0,235269
131,610000	0,236544
131,620000	0,239731
131,630000	0,233994
131,640000	0,238456
131,650000	0,233357
131,660000	0,236544
131,670000	0,237819
131,680000	0,233357
131,690000	0,233357
131,700000	0,233357
131,710000	0,232720
131,720000	0,239093
131,730000	0,235269
131,740000	0,232082
131,750000	0,232082
131,760000	0,232082
131,770000	0,239731
131,780000	0,236544
131,790000	0,233357
131,800000	0,232082
131,810000	0,240368
131,820000	0,235269
131,830000	0,239093
131,840000	0,235269
131,850000	0,237819
131,860000	0,230170
131,870000	0,241005
131,880000	0,234632
131,890000	0,241005
131,900000	0,238456
131,910000	0,239731
131,920000	0,232082
131,930000	0,240368
131,940000	0,232082
131,950000	0,241005
131,960000	0,232082
131,970000	0,239731
131,980000	0,237181
131,990000	0,239731
132,000000	0,235269
132,010000	0,240368
132,020000	0,232082
132,030000	0,242918
132,040000	0,235907
132,050000	0,239093
132,060000	0,233994
132,070000	0,241643
132,080000	0,234632
132,090000	0,239731
132,100000	0,233357
132,110000	0,239093
132,120000	0,236544
132,130000	0,240368
132,140000	0,241005
132,150000	0,237819
132,160000	0,240368
132,170000	0,242280
132,180000	0,238456
132,190000	0,240368
132,200000	0,238456
132,210000	0,236544
132,220000	0,239731
132,230000	0,239093
132,240000	0,237181
132,250000	0,237181
132,260000	0,237181
132,270000	0,239093
132,280000	0,239093
132,290000	0,242918
132,300000	0,240368
132,310000	0,246742
132,320000	0,244192
132,330000	0,240368
132,340000	0,241005
132,350000	0,242280
132,360000	0,242280
132,370000	0,235907
132,380000	0,239093
132,390000	0,245467
132,400000	0,235907
132,410000	0,240368
132,420000	0,241005
132,430000	0,237181
132,440000	0,236544
132,450000	0,239093
132,460000	0,235907
132,470000	0,242280
132,480000	0,239731
132,490000	0,241005
132,500000	0,238456
132,510000	0,245467
132,520000	0,243555
132,530000	0,242280
132,540000	0,239731
132,550000	0,239731
132,560000	0,241005
132,570000	0,241005
132,580000	0,239731
132,590000	0,241643
132,600000	0,241643
132,610000	0,240368
132,620000	0,241643
132,630000	0,242280
132,640000	0,241005
132,650000	0,241643
132,660000	0,238456
132,670000	0,236544
132,680000	0,237819
132,690000	0,241643
132,700000	0,241005
132,710000	0,237819
132,720000	0,240368
132,730000	0,237819
132,740000	0,238456
132,750000	0,236544
132,760000	0,235269
132,770000	0,237181
132,780000	0,237181
132,790000	0,234632
132,800000	0,236544
132,810000	0,238456
132,820000	0,241005
132,830000	0,242280
132,840000	0,239093
132,850000	0,239093
132,860000	0,237181
132,870000	0,242280
132,880000	0,232082
132,890000	0,241643
132,900000	0,233357
132,910000	0,241005
132,920000	0,234632
132,930000	0,240368
132,940000	0,237181
132,950000	0,237181
132,960000	0,239731
132,970000	0,240368
132,980000	0,235907
132,990000	0,239731
133,000000	0,234632
133,010000	0,234632
133,020000	0,236544
133,030000	0,236544
133,040000	0,235907
133,050000	0,237181
133,060000	0,233357
133,070000	0,239093
133,080000	0,232082
133,090000	0,239731
133,100000	0,233994
133,110000	0,236544
133,120000	0,232720
133,130000	0,233994
133,140000	0,234632
133,150000	0,236544
133,160000	0,235269
133,170000	0,241005
133,180000	0,234632
133,190000	0,239093
133,200000	0,230808
133,210000	0,235907
133,220000	0,238456
133,230000	0,237819
133,240000	0,233357
133,250000	0,237181
133,260000	0,232082
133,270000	0,236544
133,280000	0,232082
133,290000	0,230170
133,300000	0,230808
133,310000	0,233994
133,320000	0,234632
133,330000	0,232720
133,340000	0,232082
133,350000	0,229533
133,360000	0,228896
133,370000	0,235907
133,380000	0,228896
133,390000	0,232720
133,400000	0,231445
133,410000	0,232082
133,420000	0,232082
133,430000	0,233994
133,440000	0,230808
133,450000	0,229533
133,460000	0,233994
133,470000	0,229533
133,480000	0,234632
133,490000	0,232720
133,500000	0,235907
133,510000	0,233357
133,520000	0,239731
133,530000	0,232082
133,540000	0,235907
133,550000	0,236544
133,560000	0,230808
133,570000	0,228896
133,580000	0,234632
133,590000	0,233994
133,600000	0,236544
133,610000	0,231445
133,620000	0,231445
133,630000	0,231445
133,640000	0,236544
133,650000	0,231445
133,660000	0,230170
133,670000	0,237181
133,680000	0,234632
133,690000	0,232082
133,700000	0,235269
133,710000	0,228896
133,720000	0,231445
133,730000	0,234632
133,740000	0,231445
133,750000	0,232082
133,760000	0,237819
133,770000	0,229533
133,780000	0,235907
133,790000	0,228896
133,800000	0,237181
133,810000	0,227621
133,820000	0,235907
133,830000	0,234632
133,840000	0,231445
133,850000	0,232082
133,860000	0,233994
133,870000	0,233357
133,880000	0,235269
133,890000	0,232082
133,900000	0,234632
133,910000	0,230170
133,920000	0,232082
133,930000	0,231445
133,940000	0,235269
133,950000	0,234632
133,960000	0,234632
133,970000	0,237181
133,980000	0,230808
133,990000	0,239731
134,000000	0,230170
134,010000	0,236544
134,020000	0,233357
134,030000	0,237181
134,040000	0,229533
134,050000	0,237181
134,060000	0,233357
134,070000	0,236544
134,080000	0,231445
134,090000	0,239093
134,100000	0,236544
134,110000	0,241643
134,120000	0,232720
134,130000	0,242918
134,140000	0,230170
134,150000	0,244830
134,160000	0,232720
134,170000	0,239093
134,180000	0,234632
134,190000	0,238456
134,200000	0,237819
134,210000	0,236544
134,220000	0,235907
134,230000	0,237181
134,240000	0,234632
134,250000	0,235269
134,260000	0,235269
134,270000	0,236544
134,280000	0,233994
134,290000	0,241643
134,300000	0,233357
134,310000	0,238456
134,320000	0,237181
134,330000	0,241643
134,340000	0,239093
134,350000	0,236544
134,360000	0,237181
134,370000	0,241005
134,380000	0,235907
134,390000	0,242280
134,400000	0,236544
134,410000	0,239731
134,420000	0,232082
134,430000	0,238456
134,440000	0,232082
134,450000	0,239731
134,460000	0,235269
134,470000	0,242280
134,480000	0,237181
134,490000	0,241643
134,500000	0,235907
134,510000	0,240368
134,520000	0,237181
134,530000	0,242280
134,540000	0,235269
134,550000	0,242280
134,560000	0,235269
134,570000	0,237819
134,580000	0,237181
134,590000	0,235907
134,600000	0,239731
134,610000	0,239731
134,620000	0,238456
134,630000	0,237819
134,640000	0,236544
134,650000	0,241005
134,660000	0,237181
134,670000	0,238456
134,680000	0,241643
134,690000	0,239731
134,700000	0,239093
134,710000	0,234632
134,720000	0,241643
134,730000	0,235269
134,740000	0,246104
134,750000	0,232082
134,760000	0,239731
134,770000	0,233994
134,780000	0,242918
134,790000	0,238456
134,800000	0,237819
134,810000	0,233357
134,820000	0,234632
134,830000	0,235269
134,840000	0,241005
134,850000	0,239093
134,860000	0,239731
134,870000	0,232082
134,880000	0,236544
134,890000	0,233357
134,900000	0,236544
134,910000	0,234632
134,920000	0,235269
134,930000	0,236544
134,940000	0,237181
134,950000	0,236544
134,960000	0,234632
134,970000	0,234632
134,980000	0,237181
134,990000	0,240368
135,000000	0,237181
135,010000	0,238456
135,020000	0,237819
135,030000	0,235907
135,040000	0,237819
135,050000	0,232720
135,060000	0,237181
135,070000	0,233994
135,080000	0,236544
135,090000	0,237819
135,100000	0,235269
135,110000	0,237181
135,120000	0,235269
135,130000	0,237181
135,140000	0,232082
135,150000	0,234632
135,160000	0,235269
135,170000	0,233357
135,180000	0,235269
135,190000	0,233357
135,200000	0,228896
135,210000	0,234632
135,220000	0,233357
135,230000	0,237181
135,240000	0,230170
135,250000	0,238456
135,260000	0,234632
135,270000	0,239093
135,280000	0,231445
135,290000	0,240368
135,300000	0,232082
135,310000	0,234632
135,320000	0,228258
135,330000	0,235907
135,340000	0,232082
135,350000	0,232082
135,360000	0,232720
135,370000	0,236544
135,380000	0,228896
135,390000	0,238456
135,400000	0,232082
135,410000	0,233357
135,420000	0,226983
135,430000	0,239731
135,440000	0,228896
135,450000	0,233357
135,460000	0,230170
135,470000	0,233357
135,480000	0,233357
135,490000	0,237181
135,500000	0,230170
135,510000	0,234632
135,520000	0,232082
135,530000	0,234632
135,540000	0,233357
135,550000	0,233994
135,560000	0,230170
135,570000	0,236544
135,580000	0,230170
135,590000	0,235907
135,600000	0,232082
135,610000	0,234632
135,620000	0,232082
135,630000	0,233357
135,640000	0,232720
135,650000	0,235907
135,660000	0,230808
135,670000	0,232720
135,680000	0,229533
135,690000	0,230808
135,700000	0,232720
135,710000	0,232082
135,720000	0,235269
135,730000	0,233994
135,740000	0,233357
135,750000	0,228896
135,760000	0,229533
135,770000	0,236544
135,780000	0,228896
135,790000	0,234632
135,800000	0,230808
135,810000	0,235269
135,820000	0,228896
135,830000	0,234632
135,840000	0,227621
135,850000	0,233994
135,860000	0,232082
135,870000	0,233357
135,880000	0,228896
135,890000	0,233357
135,900000	0,232082
135,910000	0,234632
135,920000	0,233994
135,930000	0,237181
135,940000	0,226983
135,950000	0,232082
135,960000	0,234632
135,970000	0,232720
135,980000	0,228896
135,990000	0,236544
136,000000	0,233994
136,010000	0,233357
136,020000	0,234632
136,030000	0,234632
136,040000	0,228896
136,050000	0,237819
136,060000	0,232082
136,070000	0,235907
136,080000	0,231445
136,090000	0,233357
136,100000	0,230170
136,110000	0,234632
136,120000	0,230170
136,130000	0,237181
136,140000	0,233994
136,150000	0,237819
136,160000	0,237181
136,170000	0,234632
136,180000	0,235907
136,190000	0,237819
136,200000	0,233357
136,210000	0,237819
136,220000	0,230170
136,230000	0,241005
136,240000	0,228258
136,250000	0,238456
136,260000	0,229533
136,270000	0,242280
136,280000	0,234632
136,290000	0,236544
136,300000	0,234632
136,310000	0,239093
136,320000	0,234632
136,330000	0,238456
136,340000	0,236544
136,350000	0,236544
136,360000	0,237819
136,370000	0,237819
136,380000	0,236544
136,390000	0,235269
136,400000	0,237181
136,410000	0,237181
136,420000	0,233994
136,430000	0,236544
136,440000	0,238456
136,450000	0,239093
136,460000	0,235269
136,470000	0,237181
136,480000	0,237181
136,490000	0,236544
136,500000	0,236544
136,510000	0,234632
136,520000	0,239731
136,530000	0,235269
136,540000	0,239731
136,550000	0,237819
136,560000	0,237181
136,570000	0,234632
136,580000	0,237181
136,590000	0,237819
136,600000	0,236544
136,610000	0,239731
136,620000	0,233994
136,630000	0,240368
136,640000	0,237181
136,650000	0,239093
136,660000	0,234632
136,670000	0,237819
136,680000	0,235907
136,690000	0,237181
136,700000	0,234632
136,710000	0,241005
136,720000	0,236544
136,730000	0,239731
136,740000	0,235269
136,750000	0,239731
136,760000	0,235269
136,770000	0,241643
136,780000	0,234632
136,790000	0,239731
136,800000	0,235907
136,810000	0,238456
136,820000	0,241005
136,830000	0,239093
136,840000	0,237181
136,850000	0,238456
136,860000	0,233994
136,870000	0,236544
136,880000	0,237819
136,890000	0,235269
136,900000	0,237819
136,910000	0,235907
136,920000	0,239731
136,930000	0,239731
136,940000	0,240368
136,950000	0,235907
136,960000	0,236544
136,970000	0,236544
136,980000	0,239093
136,990000	0,236544
137,000000	0,239093
137,010000	0,239731
137,020000	0,237181
137,030000	0,236544
137,040000	0,234632
137,050000	0,236544
137,060000	0,236544
137,070000	0,237181
137,080000	0,234632
137,090000	0,236544
137,100000	0,237819
137,110000	0,239093
137,120000	0,234632
137,130000	0,234632
137,140000	0,236544
137,150000	0,236544
137,160000	0,235907
137,170000	0,236544
137,180000	0,234632
137,190000	0,229533
137,200000	0,238456
137,210000	0,235269
137,220000	0,237181
137,230000	0,229533
137,240000	0,233357
137,250000	0,235269
137,260000	0,234632
137,270000	0,236544
137,280000	0,234632
137,290000	0,232082
137,300000	0,237181
137,310000	0,232720
137,320000	0,235269
137,330000	0,234632
137,340000	0,234632
137,350000	0,230170
137,360000	0,235269
137,370000	0,237181
137,380000	0,233357
137,390000	0,234632
137,400000	0,233357
137,410000	0,232720
137,420000	0,234632
137,430000	0,235269
137,440000	0,228896
137,450000	0,233994
137,460000	0,228258
137,470000	0,235269
137,480000	0,227621
137,490000	0,237181
137,500000	0,230170
137,510000	0,237181
137,520000	0,226346
137,530000	0,239093
137,540000	0,229533
137,550000	0,233357
137,560000	0,230170
137,570000	0,235269
137,580000	0,226983
137,590000	0,233357
137,600000	0,224434
137,610000	0,233994
137,620000	0,226983
137,630000	0,234632
137,640000	0,228258
137,650000	0,230170
137,660000	0,228258
137,670000	0,232720
137,680000	0,228258
137,690000	0,232082
137,700000	0,228258
137,710000	0,233994
137,720000	0,227621
137,730000	0,234632
137,740000	0,229533
137,750000	0,232720
137,760000	0,228258
137,770000	0,234632
137,780000	0,235269
137,790000	0,234632
137,800000	0,226983
137,810000	0,235907
137,820000	0,229533
137,830000	0,233357
137,840000	0,227621
137,850000	0,234632
137,860000	0,229533
137,870000	0,234632
137,880000	0,226983
137,890000	0,233357
137,900000	0,232082
137,910000	0,234632
137,920000	0,228896
137,930000	0,236544
137,940000	0,229533
137,950000	0,235269
137,960000	0,232720
137,970000	0,234632
137,980000	0,228896
137,990000	0,230808
138,000000	0,232720
138,010000	0,232720
138,020000	0,232720
138,030000	0,236544
138,040000	0,231445
138,050000	0,232082
138,060000	0,230808
138,070000	0,231445
138,080000	0,232082
138,090000	0,232082
138,100000	0,236544
138,110000	0,233994
138,120000	0,235907
138,130000	0,230170
138,140000	0,228258
138,150000	0,235269
138,160000	0,233357
138,170000	0,233357
138,180000	0,233994
138,190000	0,235269
138,200000	0,232082
138,210000	0,228258
138,220000	0,235907
138,230000	0,225071
138,240000	0,238456
138,250000	0,229533
138,260000	0,233994
138,270000	0,232720
138,280000	0,236544
138,290000	0,228896
138,300000	0,233357
138,310000	0,223159
138,320000	0,235269
138,330000	0,232082
138,340000	0,232720
138,350000	0,232720
138,360000	0,232720
138,370000	0,232082
138,380000	0,237181
138,390000	0,233994
138,400000	0,232082
138,410000	0,233994
138,420000	0,235907
138,430000	0,232082
138,440000	0,235269
138,450000	0,232720
138,460000	0,236544
138,470000	0,235269
138,480000	0,238456
138,490000	0,232720
138,500000	0,237181
138,510000	0,234632
138,520000	0,239093
138,530000	0,230808
138,540000	0,237819
138,550000	0,237819
138,560000	0,234632
138,570000	0,230808
138,580000	0,237181
138,590000	0,240368
138,600000	0,237819
138,610000	0,238456
138,620000	0,235269
138,630000	0,237181
138,640000	0,237181
138,650000	0,234632
138,660000	0,237819
138,670000	0,235269
138,680000	0,231445
138,690000	0,234632
138,700000	0,233994
138,710000	0,236544
138,720000	0,234632
138,730000	0,237181
138,740000	0,235907
138,750000	0,237181
138,760000	0,232720
138,770000	0,240368
138,780000	0,237181
138,790000	0,235269
138,800000	0,237181
138,810000	0,237181
138,820000	0,232720
138,830000	0,237181
138,840000	0,232720
138,850000	0,235269
138,860000	0,237181
138,870000	0,235269
138,880000	0,230808
138,890000	0,239731
138,900000	0,230170
138,910000	0,238456
138,920000	0,230808
138,930000	0,241643
138,940000	0,229533
138,950000	0,236544
138,960000	0,234632
138,970000	0,239093
138,980000	0,229533
138,990000	0,239093
139,000000	0,231445
139,010000	0,242280
139,020000	0,233994
139,030000	0,238456
139,040000	0,234632
139,050000	0,239093
139,060000	0,235907
139,070000	0,239093
139,080000	0,230170
139,090000	0,239731
139,100000	0,231445
139,110000	0,237819
139,120000	0,232082
139,130000	0,239093
139,140000	0,236544
139,150000	0,239731
139,160000	0,233994
139,170000	0,228896
139,180000	0,230170
139,190000	0,235907
139,200000	0,239731
139,210000	0,234632
139,220000	0,230170
139,230000	0,236544
139,240000	0,232720
139,250000	0,232082
139,260000	0,233994
139,270000	0,235907
139,280000	0,232720
139,290000	0,233357
139,300000	0,233357
139,310000	0,233357
139,320000	0,233994
139,330000	0,233994
139,340000	0,235907
139,350000	0,238456
139,360000	0,232720
139,370000	0,230808
139,380000	0,230808
139,390000	0,235269
139,400000	0,230808
139,410000	0,233994
139,420000	0,230808
139,430000	0,235269
139,440000	0,228258
139,450000	0,231445
139,460000	0,229533
139,470000	0,232082
139,480000	0,232082
139,490000	0,233994
139,500000	0,231445
139,510000	0,229533
139,520000	0,232082
139,530000	0,232720
139,540000	0,233357
139,550000	0,233357
139,560000	0,234632
139,570000	0,231445
139,580000	0,228896
139,590000	0,233357
139,600000	0,229533
139,610000	0,226346
139,620000	0,226346
139,630000	0,227621
139,640000	0,234632
139,650000	0,231445
139,660000	0,231445
139,670000	0,230170
139,680000	0,233357
139,690000	0,228896
139,700000	0,229533
139,710000	0,228258
139,720000	0,233357
139,730000	0,229533
139,740000	0,227621
139,750000	0,228258
139,760000	0,228258
139,770000	0,232720
139,780000	0,230170
139,790000	0,225709
139,800000	0,228258
139,810000	0,229533
139,820000	0,230170
139,830000	0,235269
139,840000	0,225709
139,850000	0,230808
139,860000	0,228258
139,870000	0,235269
139,880000	0,226983
139,890000	0,228258
139,900000	0,228896
139,910000	0,228896
139,920000	0,228896
139,930000	0,233357
139,940000	0,229533
139,950000	0,230170
139,960000	0,226346
139,970000	0,230808
139,980000	0,228258
139,990000	0,230170
140,000000	0,230808
140,010000	0,233994
140,020000	0,227621
140,030000	0,233357
140,040000	0,226983
140,050000	0,229533
140,060000	0,228258
140,070000	0,231445
140,080000	0,227621
140,090000	0,234632
140,100000	0,228258
140,110000	0,230808
140,120000	0,225071
140,130000	0,233357
140,140000	0,233357
140,150000	0,227621
140,160000	0,228896
140,170000	0,233357
140,180000	0,228896
140,190000	0,234632
140,200000	0,229533
140,210000	0,227621
140,220000	0,229533
140,230000	0,232720
140,240000	0,228258
140,250000	0,231445
140,260000	0,237819
140,270000	0,237181
140,280000	0,226346
140,290000	0,228896
140,300000	0,232720
140,310000	0,234632
140,320000	0,231445
140,330000	0,233357
140,340000	0,232082
140,350000	0,229533
140,360000	0,229533
140,370000	0,231445
140,380000	0,233994
140,390000	0,231445
140,400000	0,230808
140,410000	0,235269
140,420000	0,229533
140,430000	0,232082
140,440000	0,230808
140,450000	0,229533
140,460000	0,226346
140,470000	0,228258
140,480000	0,232082
140,490000	0,233357
140,500000	0,233994
140,510000	0,233357
140,520000	0,233357
140,530000	0,232082
140,540000	0,232082
140,550000	0,230808
140,560000	0,234632
140,570000	0,231445
140,580000	0,237181
140,590000	0,230170
140,600000	0,232720
140,610000	0,233357
140,620000	0,232082
140,630000	0,233994
140,640000	0,232082
140,650000	0,234632
140,660000	0,235907
140,670000	0,235907
140,680000	0,236544
140,690000	0,232082
140,700000	0,237181
140,710000	0,235269
140,720000	0,237181
140,730000	0,229533
140,740000	0,236544
140,750000	0,236544
140,760000	0,236544
140,770000	0,234632
140,780000	0,235907
140,790000	0,230170
140,800000	0,232082
140,810000	0,235269
140,820000	0,234632
140,830000	0,236544
140,840000	0,236544
140,850000	0,235907
140,860000	0,230808
140,870000	0,235907
140,880000	0,233357
140,890000	0,235269
140,900000	0,237181
140,910000	0,233357
140,920000	0,230808
140,930000	0,235269
140,940000	0,238456
140,950000	0,237181
140,960000	0,233994
140,970000	0,234632
140,980000	0,232082
140,990000	0,236544
141,000000	0,232720
141,010000	0,237819
141,020000	0,233357
141,030000	0,235269
141,040000	0,232720
141,050000	0,233357
141,060000	0,237181
141,070000	0,237819
141,080000	0,236544
141,090000	0,235269
141,100000	0,237819
141,110000	0,236544
141,120000	0,229533
141,130000	0,235907
141,140000	0,232082
141,150000	0,232720
141,160000	0,231445
141,170000	0,237181
141,180000	0,233357
141,190000	0,235269
141,200000	0,232720
141,210000	0,235907
141,220000	0,228258
141,230000	0,241005
141,240000	0,233994
141,250000	0,234632
141,260000	0,232082
141,270000	0,230170
141,280000	0,235269
141,290000	0,232082
141,300000	0,232082
141,310000	0,235907
141,320000	0,228896
141,330000	0,233994
141,340000	0,228896
141,350000	0,241005
141,360000	0,226346
141,370000	0,239731
141,380000	0,229533
141,390000	0,237819
141,400000	0,234632
141,410000	0,232720
141,420000	0,228896
141,430000	0,239093
141,440000	0,235269
141,450000	0,235907
141,460000	0,232720
141,470000	0,235269
141,480000	0,237181
141,490000	0,233994
141,500000	0,233357
141,510000	0,234632
141,520000	0,232082
141,530000	0,237181
141,540000	0,233994
141,550000	0,232082
141,560000	0,234632
141,570000	0,229533
141,580000	0,229533
141,590000	0,231445
141,600000	0,234632
141,610000	0,229533
141,620000	0,235907
141,630000	0,225071
141,640000	0,234632
141,650000	0,224434
141,660000	0,232082
141,670000	0,228258
141,680000	0,232720
141,690000	0,230170
141,700000	0,226983
141,710000	0,235269
141,720000	0,229533
141,730000	0,226983
141,740000	0,231445
141,750000	0,231445
141,760000	0,233357
141,770000	0,226346
141,780000	0,234632
141,790000	0,231445
141,800000	0,234632
141,810000	0,228896
141,820000	0,234632
141,830000	0,233357
141,840000	0,228258
141,850000	0,231445
141,860000	0,227621
141,870000	0,229533
141,880000	0,225709
141,890000	0,229533
141,900000	0,228258
141,910000	0,228896
141,920000	0,228896
141,930000	0,226983
141,940000	0,231445
141,950000	0,231445
141,960000	0,228896
141,970000	0,226983
141,980000	0,232082
141,990000	0,229533
142,000000	0,237181
142,010000	0,227621
142,020000	0,231445
142,030000	0,229533
142,040000	0,226346
142,050000	0,231445
142,060000	0,230808
142,070000	0,234632
142,080000	0,232720
142,090000	0,228258
142,100000	0,232720
142,110000	0,227621
142,120000	0,231445
142,130000	0,230170
142,140000	0,234632
142,150000	0,227621
142,160000	0,232082
142,170000	0,230170
142,180000	0,228258
142,190000	0,233357
142,200000	0,231445
142,210000	0,227621
142,220000	0,230170
142,230000	0,228896
142,240000	0,230170
142,250000	0,236544
142,260000	0,226983
142,270000	0,232082
142,280000	0,225709
142,290000	0,230808
142,300000	0,224434
142,310000	0,232082
142,320000	0,226983
142,330000	0,233357
142,340000	0,229533
142,350000	0,237181
142,360000	0,226346
142,370000	0,235269
142,380000	0,227621
142,390000	0,231445
142,400000	0,226983
142,410000	0,235269
142,420000	0,229533
142,430000	0,233357
142,440000	0,231445
142,450000	0,233357
142,460000	0,229533
142,470000	0,231445
142,480000	0,227621
142,490000	0,233357
142,500000	0,232082
142,510000	0,231445
142,520000	0,232082
142,530000	0,233357
142,540000	0,232082
142,550000	0,230170
142,560000	0,234632
142,570000	0,233994
142,580000	0,232082
142,590000	0,230808
142,600000	0,233357
142,610000	0,232082
142,620000	0,237819
142,630000	0,224434
142,640000	0,233357
142,650000	0,227621
142,660000	0,233357
142,670000	0,230170
142,680000	0,230808
142,690000	0,235269
142,700000	0,232082
142,710000	0,235907
142,720000	0,228258
142,730000	0,227621
142,740000	0,233357
142,750000	0,230808
142,760000	0,230808
142,770000	0,228896
142,780000	0,225709
142,790000	0,230170
142,800000	0,232082
142,810000	0,237181
142,820000	0,228896
142,830000	0,231445
142,840000	0,225071
142,850000	0,235907
142,860000	0,233357
142,870000	0,235269
142,880000	0,238456
142,890000	0,233357
142,900000	0,230170
142,910000	0,235269
142,920000	0,229533
142,930000	0,237181
142,940000	0,228258
142,950000	0,239093
142,960000	0,233994
142,970000	0,228258
142,980000	0,235907
142,990000	0,228258
143,000000	0,228896
143,010000	0,230808
143,020000	0,230808
143,030000	0,239731
143,040000	0,233357
143,050000	0,238456
143,060000	0,236544
143,070000	0,228896
143,080000	0,236544
143,090000	0,234632
143,100000	0,235269
143,110000	0,238456
143,120000	0,236544
143,130000	0,232720
143,140000	0,232082
143,150000	0,237819
143,160000	0,233994
143,170000	0,236544
143,180000	0,233357
143,190000	0,237819
143,200000	0,234632
143,210000	0,233994
143,220000	0,238456
143,230000	0,236544
143,240000	0,233357
143,250000	0,235907
143,260000	0,232082
143,270000	0,233994
143,280000	0,230170
143,290000	0,236544
143,300000	0,232082
143,310000	0,224434
143,320000	0,231445
143,330000	0,235907
143,340000	0,232720
143,350000	0,229533
143,360000	0,232082
143,370000	0,233357
143,380000	0,229533
143,390000	0,230808
143,400000	0,232082
143,410000	0,225709
143,420000	0,229533
143,430000	0,235269
143,440000	0,226983
143,450000	0,233357
143,460000	0,230808
143,470000	0,233357
143,480000	0,228896
143,490000	0,233357
143,500000	0,231445
143,510000	0,230170
143,520000	0,230170
143,530000	0,233994
143,540000	0,229533
143,550000	0,231445
143,560000	0,228896
143,570000	0,232082
143,580000	0,226983
143,590000	0,234632
143,600000	0,235907
143,610000	0,232082
143,620000	0,230808
143,630000	0,230808
143,640000	0,232082
143,650000	0,235269
143,660000	0,232082
143,670000	0,232082
143,680000	0,233357
143,690000	0,234632
143,700000	0,228896
143,710000	0,234632
143,720000	0,232082
143,730000	0,232720
143,740000	0,225709
143,750000	0,235907
143,760000	0,228896
143,770000	0,234632
143,780000	0,235907
143,790000	0,246742
143,800000	0,236544
143,810000	0,237819
143,820000	0,242280
143,830000	0,232082
143,840000	0,238456
143,850000	0,248016
143,860000	0,232720
143,870000	0,229533
143,880000	0,246104
143,890000	0,267775
143,900000	0,232720
143,910000	0,228258
143,920000	0,238456
143,930000	0,224434
143,940000	0,221247
143,950000	0,223797
143,960000	0,226346
143,970000	0,231445
143,980000	0,216786
143,990000	0,216786
144,000000	0,209775
144,010000	0,221247
144,020000	0,225071
144,030000	0,229533
144,040000	0,217423
144,050000	0,234632
144,060000	0,226346
144,070000	0,233357
144,080000	0,218698
144,090000	0,229533
144,100000	0,213599
144,110000	0,232720
144,120000	0,226983
144,130000	0,234632
144,140000	0,222522
144,150000	0,239731
144,160000	0,224434
144,170000	0,233357
144,180000	0,212961
144,190000	0,235269
144,200000	0,251203
144,210000	0,228258
144,220000	0,226983
144,230000	0,209775
144,240000	0,228896
144,250000	0,268412
144,260000	0,225709
144,270000	0,234632
144,280000	0,177906
144,290000	0,233357
144,300000	0,291995
144,310000	0,234632
144,320000	0,223159
144,330000	0,264588
144,340000	0,227621
144,350000	0,234632
144,360000	0,226983
144,370000	0,228896
144,380000	0,327050
144,390000	0,234632
144,400000	0,195115
144,410000	0,234632
144,420000	0,233357
144,430000	0,195752
144,440000	0,237181
144,450000	0,239093
144,460000	0,234632
144,470000	0,235907
144,480000	0,169620
144,490000	0,241643
144,500000	0,231445
144,510000	0,238456
144,520000	0,233994
144,530000	0,236544
144,540000	0,224434
144,550000	0,234632
144,560000	0,224434
144,570000	0,234632
144,580000	0,235907
144,590000	0,234632
144,600000	0,233357
144,610000	0,239093
144,620000	0,223159
144,630000	0,233357
144,640000	0,221247
144,650000	0,226983
144,660000	0,229533
144,670000	0,222522
144,680000	0,221247
144,690000	0,220610
144,700000	0,235269
144,710000	0,226346
144,720000	0,242280
144,730000	0,219972
144,740000	0,214873
144,750000	0,239093
144,760000	0,223159
144,770000	0,219972
144,780000	0,181730
144,790000	0,210412
144,800000	0,214236
144,810000	0,180456
144,820000	0,221884
144,830000	0,221884
144,840000	0,253753
144,850000	0,175357
144,860000	0,165159
144,870000	0,253115
144,880000	0,193840
144,890000	0,250566
144,900000	0,254390
144,910000	0,207862
144,920000	0,281160
144,930000	0,260126
144,940000	0,276698
144,950000	0,283709
144,960000	0,249929
144,970000	0,254390
144,980000	0,252478
144,990000	0,233357
145,000000	0,287533
145,010000	0,266500
145,020000	0,260126
145,030000	0,249929
145,040000	0,280522
145,050000	0,184917
145,060000	0,242280
145,070000	0,271599
145,080000	0,240368
145,090000	0,191291
145,100000	0,211049
145,110000	0,233357
145,120000	0,173445
145,130000	0,233357
145,140000	0,163247
145,150000	0,230170
145,160000	0,232720
145,170000	0,260126
145,180000	0,237181
145,190000	0,251203
145,200000	0,269687
145,210000	0,232720
145,220000	0,300918
145,230000	0,234632
145,240000	0,239731
145,250000	0,234632
145,260000	0,233994
145,270000	0,093774
145,280000	0,234632
145,290000	0,236544
145,300000	0,235907
145,310000	0,239731
145,320000	0,218698
145,330000	0,235907
145,340000	0,231445
145,350000	0,237181
145,360000	0,220610
145,370000	0,302830
145,380000	0,221247
145,390000	0,219972
145,400000	0,209775
145,410000	0,234632
145,420000	0,230808
145,430000	0,233994
145,440000	0,232720
145,450000	0,229533
145,460000	0,221247
145,470000	0,222522
145,480000	0,225071
145,490000	0,229533
145,500000	0,224434
145,510000	0,204676
145,520000	0,247379
145,530000	0,205950
145,540000	0,234632
145,550000	0,240368
145,560000	0,204038
145,570000	0,210412
145,580000	0,207862
145,590000	0,205950
145,600000	0,208500
145,610000	0,243555
145,620000	0,194478
145,630000	0,241643
145,640000	0,243555
145,650000	0,241005
145,660000	0,247379
145,670000	0,299643
145,680000	0,247379
145,690000	0,223159
145,700000	0,285621
145,710000	0,219335
145,720000	0,221884
145,730000	0,201489
145,740000	0,178544
145,750000	0,183005
145,760000	0,235269
145,770000	0,178544
145,780000	0,260126
145,790000	0,285621
145,800000	0,239731
145,810000	0,279885
145,820000	0,295819
145,830000	0,335973
145,840000	0,284346
145,850000	0,267775
145,860000	0,259489
145,870000	0,226346
145,880000	0,202763
145,890000	0,184917
145,900000	0,194478
145,910000	0,188741
145,920000	0,191291
145,930000	0,253753
145,940000	0,216148
145,950000	0,212961
145,960000	0,188741
145,970000	0,229533
145,980000	0,211049
145,990000	0,192566
146,000000	0,225709
146,010000	0,287533
146,020000	0,221247
146,030000	0,221884
146,040000	0,177269
146,050000	0,226983
146,060000	0,205313
146,070000	0,225071
146,080000	0,214236
146,090000	0,186192
146,100000	0,230170
146,110000	0,177269
146,120000	0,222522
146,130000	0,226983
146,140000	0,358281
146,150000	0,238456
146,160000	0,331511
146,170000	0,229533
146,180000	0,228258
146,190000	0,211049
146,200000	0,221247
146,210000	0,165796
146,220000	0,232082
146,230000	0,227621
146,240000	0,152412
146,250000	0,225071
146,260000	0,165159
146,270000	0,224434
146,280000	0,234632
146,290000	0,217423
146,300000	0,219972
146,310000	0,226983
146,320000	0,234632
146,330000	0,244830
146,340000	0,243555
146,350000	0,249291
146,360000	0,256302
146,370000	0,230808
146,380000	0,252478
146,390000	0,218060
146,400000	0,226983
146,410000	0,234632
146,420000	0,232082
146,430000	0,225071
146,440000	0,233994
146,450000	0,224434
146,460000	0,232082
146,470000	0,228896
146,480000	0,251203
146,490000	0,239731
146,500000	0,258852
146,510000	0,244192
146,520000	0,235907
146,530000	0,240368
146,540000	0,197665
146,550000	0,193840
146,560000	0,193840
146,570000	0,192566
146,580000	0,207862
146,590000	0,232720
146,600000	0,248654
146,610000	0,255028
146,620000	0,248654
146,630000	0,265225
146,640000	0,275423
146,650000	0,264588
146,660000	0,235269
146,670000	0,220610
146,680000	0,263313
146,690000	0,235269
146,700000	0,244830
146,710000	0,223159
146,720000	0,212961
146,730000	0,221884
146,740000	0,246742
146,750000	0,230170
146,760000	0,209137
146,770000	0,229533
146,780000	0,241005
146,790000	0,232082
146,800000	0,276061
146,810000	0,221884
146,820000	0,233357
146,830000	0,286896
146,840000	0,237819
146,850000	0,243555
146,860000	0,209775
146,870000	0,247379
146,880000	0,176631
146,890000	0,243555
146,900000	0,185555
146,910000	0,246742
146,920000	0,239093
146,930000	0,225709
146,940000	0,234632
146,950000	0,306017
146,960000	0,246742
146,970000	0,242280
146,980000	0,321314
146,990000	0,228896
147,000000	0,225709
147,010000	0,251203
147,020000	0,240368
147,030000	0,089312
147,040000	0,234632
147,050000	0,137752
147,060000	0,237181
147,070000	0,235907
147,080000	0,167071
147,090000	0,233357
147,100000	0,286258
147,110000	0,227621
147,120000	0,232082
147,130000	0,316215
147,140000	0,232082
147,150000	0,287533
147,160000	0,235269
147,170000	0,240368
147,180000	0,242280
147,190000	0,240368
147,200000	0,228896
147,210000	0,234632
147,220000	0,226983
147,230000	0,232720
147,240000	0,221884
147,250000	0,216148
147,260000	0,216786
147,270000	0,212324
147,280000	0,239093
147,290000	0,223797
147,300000	0,253115
147,310000	0,241005
147,320000	0,237181
147,330000	0,224434
147,340000	0,227621
147,350000	0,222522
147,360000	0,223159
147,370000	0,214873
147,380000	0,236544
147,390000	0,254390
147,400000	0,213599
147,410000	0,223797
147,420000	0,221247
147,430000	0,290720
147,440000	0,235907
147,450000	0,288171
147,460000	0,232082
147,470000	0,253115
147,480000	0,240368
147,490000	0,254390
147,500000	0,225709
147,510000	0,237181
147,520000	0,255028
147,530000	0,235907
147,540000	0,248016
147,550000	0,232720
147,560000	0,233357
147,570000	0,276698
147,580000	0,235269
147,590000	0,221884
147,600000	0,262676
147,610000	0,287533
147,620000	0,263313
147,630000	0,251203
147,640000	0,248654
147,650000	0,203401
147,660000	0,251203
147,670000	0,170895
147,680000	0,201489
147,690000	0,175357
147,700000	0,200214
147,710000	0,227621
147,720000	0,143488
147,730000	0,214236
147,740000	0,173445
147,750000	0,209775
147,760000	0,182368
147,770000	0,218698
147,780000	0,217423
147,790000	0,280522
147,800000	0,228258
147,810000	0,198939
147,820000	0,244830
147,830000	0,234632
147,840000	0,210412
147,850000	0,236544
147,860000	0,191928
147,870000	0,191928
147,880000	0,228258
147,890000	0,201489
147,900000	0,228896
147,910000	0,193840
147,920000	0,229533
147,930000	0,222522
147,940000	0,377402
147,950000	0,230808
147,960000	0,168346
147,970000	0,226983
147,980000	0,234632
147,990000	0,180456
148,000000	0,228896
148,010000	0,230808
148,020000	0,235269
148,030000	0,227621
148,040000	0,140302
148,050000	0,221884
148,060000	0,226983
148,070000	0,225071
148,080000	0,217423
148,090000	0,235269
148,100000	0,232720
148,110000	0,221247
148,120000	0,236544
148,130000	0,242280
148,140000	0,225071
148,150000	0,246104
148,160000	0,248016
148,170000	0,249291
148,180000	0,239093
148,190000	0,242280
148,200000	0,223159
148,210000	0,219972
148,220000	0,235907
148,230000	0,219335
148,240000	0,243555
148,250000	0,234632
148,260000	0,239093
148,270000	0,228896
148,280000	0,230808
148,290000	0,177906
148,300000	0,237181
148,310000	0,223159
148,320000	0,226983
148,330000	0,214236
148,340000	0,191291
148,350000	0,219335
148,360000	0,185555
148,370000	0,216148
148,380000	0,225709
148,390000	0,242918
148,400000	0,218698
148,410000	0,218060
148,420000	0,197027
148,430000	0,190016
148,440000	0,211049
148,450000	0,225071
148,460000	0,212324
148,470000	0,183643
148,480000	0,212961
148,490000	0,199577
148,500000	0,233994
148,510000	0,204676
148,520000	0,184917
148,530000	0,254390
148,540000	0,221884
148,550000	0,258214
148,560000	0,249291
148,570000	0,233994
148,580000	0,262676
148,590000	0,245467
148,600000	0,290720
148,610000	0,250566
148,620000	0,211049
148,630000	0,246742
148,640000	0,246104
148,650000	0,200851
148,660000	0,238456
148,670000	0,180456
148,680000	0,242918
148,690000	0,246742
148,700000	0,297094
148,710000	0,238456
148,720000	0,196390
148,730000	0,232082
148,740000	0,227621
148,750000	0,262039
148,760000	0,230170
148,770000	0,274148
148,780000	0,237181
148,790000	0,234632
148,800000	0,091224
148,810000	0,235907
148,820000	0,220610
148,830000	0,233994
148,840000	0,234632
148,850000	0,272874
148,860000	0,229533
148,870000	0,263313
148,880000	0,225709
148,890000	0,224434
148,900000	0,251203
148,910000	0,241005
148,920000	0,234632
148,930000	0,234632
148,940000	0,229533
148,950000	0,221884
148,960000	0,242918
148,970000	0,231445
148,980000	0,224434
148,990000	0,228258
149,000000	0,231445
149,010000	0,234632
149,020000	0,233994
149,030000	0,221884
149,040000	0,213599
149,050000	0,233357
149,060000	0,218698
149,070000	0,218060
149,080000	0,219335
149,090000	0,219335
149,100000	0,216786
149,110000	0,223797
149,120000	0,218060
149,130000	0,229533
149,140000	0,235269
149,150000	0,235907
149,160000	0,221884
149,170000	0,269687
149,180000	0,232082
149,190000	0,249929
149,200000	0,230170
149,210000	0,240368
149,220000	0,251203
149,230000	0,263951
149,240000	0,246742
149,250000	0,230170
149,260000	0,255665
149,270000	0,219972
149,280000	0,244830
149,290000	0,249291
149,300000	0,257577
149,310000	0,236544
149,320000	0,242280
149,330000	0,230808
149,340000	0,256940
149,350000	0,242280
149,360000	0,270324
149,370000	0,235269
149,380000	0,246742
149,390000	0,244192
149,400000	0,255665
149,410000	0,236544
149,420000	0,233357
149,430000	0,203401
149,440000	0,227621
149,450000	0,187467
149,460000	0,199577
149,470000	0,219972
149,480000	0,232720
149,490000	0,218060
149,500000	0,221884
149,510000	0,230808
149,520000	0,219335
149,530000	0,246742
149,540000	0,211049
149,550000	0,224434
149,560000	0,214873
149,570000	0,223797
149,580000	0,151137
149,590000	0,230170
149,600000	0,327687
149,610000	0,220610
149,620000	0,235907
149,630000	0,337248
149,640000	0,226346
149,650000	0,198939
149,660000	0,234632
149,670000	0,228258
149,680000	0,307929
149,690000	0,235269
149,700000	0,181093
149,710000	0,227621
149,720000	0,226346
149,730000	0,171533
149,740000	0,230808
149,750000	0,172807
149,760000	0,234632
149,770000	0,239731
149,780000	0,228896
149,790000	0,223797
149,800000	0,227621
149,810000	0,237181
149,820000	0,229533
149,830000	0,226346
149,840000	0,218060
149,850000	0,235269
149,860000	0,229533
149,870000	0,225709
149,880000	0,235269
149,890000	0,240368
149,900000	0,216148
149,910000	0,239731
149,920000	0,237181
149,930000	0,232720
149,940000	0,230170
149,950000	0,235269
149,960000	0,238456
149,970000	0,231445
149,980000	0,225709
149,990000	0,236544
150,000000	0,223797
150,010000	0,242280
150,020000	0,228896
150,030000	0,233357
150,040000	0,231445
150,050000	0,188741
150,060000	0,225071
150,070000	0,219335
150,080000	0,230170
150,090000	0,232082
150,100000	0,211049
150,110000	0,219335
150,120000	0,226346
150,130000	0,232720
150,140000	0,235269
150,150000	0,250566
150,160000	0,235907
150,170000	0,224434
150,180000	0,223159
150,190000	0,220610
150,200000	0,239731
150,210000	0,251841
150,220000	0,234632
150,230000	0,242918
150,240000	0,235269
150,250000	0,235269
150,260000	0,233994
150,270000	0,232082
150,280000	0,237181
150,290000	0,229533
150,300000	0,226346
150,310000	0,261401
150,320000	0,228258
150,330000	0,252478
150,340000	0,226983
150,350000	0,228896
150,360000	0,233994
150,370000	0,229533
150,380000	0,242280
150,390000	0,236544
150,400000	0,233357
150,410000	0,223797
150,420000	0,229533
150,430000	0,233994
150,440000	0,226983
150,450000	0,232082
150,460000	0,230808
150,470000	0,232082
150,480000	0,233994
150,490000	0,236544
150,500000	0,231445
150,510000	0,234632
150,520000	0,228258
150,530000	0,236544
150,540000	0,226346
150,550000	0,233994
150,560000	0,233357
150,570000	0,234632
150,580000	0,230170
150,590000	0,230808
150,600000	0,219972
150,610000	0,229533
150,620000	0,226346
150,630000	0,226346
150,640000	0,225709
150,650000	0,234632
150,660000	0,224434
150,670000	0,229533
150,680000	0,228896
150,690000	0,223159
150,700000	0,230808
150,710000	0,229533
150,720000	0,237181
150,730000	0,227621
150,740000	0,232082
150,750000	0,232082
150,760000	0,230170
150,770000	0,226346
150,780000	0,228258
150,790000	0,228896
150,800000	0,224434
150,810000	0,232082
150,820000	0,226983
150,830000	0,233994
150,840000	0,226983
150,850000	0,226346
150,860000	0,232082
150,870000	0,223797
150,880000	0,236544
150,890000	0,230808
150,900000	0,230170
150,910000	0,228896
150,920000	0,239731
150,930000	0,232720
150,940000	0,232082
150,950000	0,232720
150,960000	0,233357
150,970000	0,228258
150,980000	0,231445
150,990000	0,229533
151,000000	0,237181
151,010000	0,237819
151,020000	0,233357
151,030000	0,230170
151,040000	0,231445
151,050000	0,226346
151,060000	0,229533
151,070000	0,232082
151,080000	0,228258
151,090000	0,228258
151,100000	0,236544
151,110000	0,231445
151,120000	0,233357
151,130000	0,232082
151,140000	0,236544
151,150000	0,235907
151,160000	0,234632
151,170000	0,230808
151,180000	0,235269
151,190000	0,230170
151,200000	0,237181
151,210000	0,230808
151,220000	0,233357
151,230000	0,228896
151,240000	0,228258
151,250000	0,233357
151,260000	0,228896
151,270000	0,227621
151,280000	0,228896
151,290000	0,226346
151,300000	0,233994
151,310000	0,229533
151,320000	0,236544
151,330000	0,233357
151,340000	0,235269
151,350000	0,234632
151,360000	0,232082
151,370000	0,231445
151,380000	0,233357
151,390000	0,230808
151,400000	0,239093
151,410000	0,232082
151,420000	0,234632
151,430000	0,226983
151,440000	0,235907
151,450000	0,229533
151,460000	0,230170
151,470000	0,224434
151,480000	0,235269
151,490000	0,226983
151,500000	0,234632
151,510000	0,232082
151,520000	0,229533
151,530000	0,229533
151,540000	0,229533
151,550000	0,226346
151,560000	0,238456
151,570000	0,225071
151,580000	0,229533
151,590000	0,229533
151,600000	0,230808
151,610000	0,225071
151,620000	0,225709
151,630000	0,223159
151,640000	0,232082
151,650000	0,229533
151,660000	0,228896
151,670000	0,230808
151,680000	0,230808
151,690000	0,233357
151,700000	0,232720
151,710000	0,229533
151,720000	0,230170
151,730000	0,232720
151,740000	0,228258
151,750000	0,229533
151,760000	0,221884
151,770000	0,239731
151,780000	0,221247
151,790000	0,230808
151,800000	0,237181
151,810000	0,231445
151,820000	0,235269
151,830000	0,233994
151,840000	0,232082
151,850000	0,232082
151,860000	0,223159
151,870000	0,226983
151,880000	0,226346
151,890000	0,229533
151,900000	0,226983
151,910000	0,233994
151,920000	0,229533
151,930000	0,226346
151,940000	0,224434
151,950000	0,226983
151,960000	0,228896
151,970000	0,229533
151,980000	0,226983
151,990000	0,232082
152,000000	0,229533
152,010000	0,228896
152,020000	0,221884
152,030000	0,231445
152,040000	0,224434
152,050000	0,226346
152,060000	0,216148
152,070000	0,231445
152,080000	0,218060
152,090000	0,231445
152,100000	0,222522
152,110000	0,225709
152,120000	0,230808
152,130000	0,228258
152,140000	0,227621
152,150000	0,226983
152,160000	0,226983
152,170000	0,224434
152,180000	0,221884
152,190000	0,228896
152,200000	0,229533
152,210000	0,227621
152,220000	0,228896
152,230000	0,226983
152,240000	0,222522
152,250000	0,221884
152,260000	0,232082
152,270000	0,234632
152,280000	0,223797
152,290000	0,227621
152,300000	0,230170
152,310000	0,224434
152,320000	0,230170
152,330000	0,227621
152,340000	0,228896
152,350000	0,226983
152,360000	0,230808
152,370000	0,225071
152,380000	0,237181
152,390000	0,226983
152,400000	0,226346
152,410000	0,228258
152,420000	0,236544
152,430000	0,225071
152,440000	0,234632
152,450000	0,228258
152,460000	0,229533
152,470000	0,227621
152,480000	0,235907
152,490000	0,226346
152,500000	0,225071
152,510000	0,223159
152,520000	0,244192
152,530000	0,226983
152,540000	0,246742
152,550000	0,223797
152,560000	0,225071
152,570000	0,221884
152,580000	0,229533
152,590000	0,219335
152,600000	0,233994
152,610000	0,221884
152,620000	0,232720
152,630000	0,225071
152,640000	0,236544
152,650000	0,223797
152,660000	0,234632
152,670000	0,221884
152,680000	0,235907
152,690000	0,228896
152,700000	0,236544
152,710000	0,222522
152,720000	0,228896
152,730000	0,224434
152,740000	0,228896
152,750000	0,227621
152,760000	0,230808
152,770000	0,225709
152,780000	0,232082
152,790000	0,226983
152,800000	0,236544
152,810000	0,223159
152,820000	0,231445
152,830000	0,228896
152,840000	0,230808
152,850000	0,228896
152,860000	0,231445
152,870000	0,226346
152,880000	0,229533
152,890000	0,228896
152,900000	0,233994
152,910000	0,234632
152,920000	0,228896
152,930000	0,233994
152,940000	0,230808
152,950000	0,233994
152,960000	0,227621
152,970000	0,232720
152,980000	0,229533
152,990000	0,223797
153,000000	0,233357
153,010000	0,230170
153,020000	0,234632
153,030000	0,239731
153,040000	0,234632
153,050000	0,236544
153,060000	0,233357
153,070000	0,233357
153,080000	0,235907
153,090000	0,231445
153,100000	0,230808
153,110000	0,232720
153,120000	0,232082
153,130000	0,228896
153,140000	0,227621
153,150000	0,230170
153,160000	0,233357
153,170000	0,233994
153,180000	0,228896
153,190000	0,231445
153,200000	0,226983
153,210000	0,229533
153,220000	0,226983
153,230000	0,233994
153,240000	0,226983
153,250000	0,226346
153,260000	0,226346
153,270000	0,228258
153,280000	0,230808
153,290000	0,225709
153,300000	0,227621
153,310000	0,233357
153,320000	0,225709
153,330000	0,232720
153,340000	0,230808
153,350000	0,230170
153,360000	0,230808
153,370000	0,232082
153,380000	0,231445
153,390000	0,235269
153,400000	0,224434
153,410000	0,233994
153,420000	0,229533
153,430000	0,235269
153,440000	0,226983
153,450000	0,232082
153,460000	0,225071
153,470000	0,232082
153,480000	0,223797
153,490000	0,235907
153,500000	0,230808
153,510000	0,231445
153,520000	0,232082
153,530000	0,230808
153,540000	0,232720
153,550000	0,230170
153,560000	0,230808
153,570000	0,229533
153,580000	0,228896
153,590000	0,232082
153,600000	0,229533
153,610000	0,228258
153,620000	0,231445
153,630000	0,233994
153,640000	0,232082
153,650000	0,227621
153,660000	0,230170
153,670000	0,226346
153,680000	0,237181
153,690000	0,221884
153,700000	0,234632
153,710000	0,230170
153,720000	0,226346
153,730000	0,229533
153,740000	0,226346
153,750000	0,230170
153,760000	0,233994
153,770000	0,229533
153,780000	0,233357
153,790000	0,226983
153,800000	0,233994
153,810000	0,225709
153,820000	0,230808
153,830000	0,226983
153,840000	0,226983
153,850000	0,221247
153,860000	0,228896
153,870000	0,225709
153,880000	0,228258
153,890000	0,226346
153,900000	0,225071
153,910000	0,228896
153,920000	0,228896
153,930000	0,219335
153,940000	0,228896
153,950000	0,229533
153,960000	0,232720
153,970000	0,226983
153,980000	0,225071
153,990000	0,226346
154,000000	0,230808
154,010000	0,228896
154,020000	0,232082
154,030000	0,231445
154,040000	0,228896
154,050000	0,226346
154,060000	0,229533
154,070000	0,228258
154,080000	0,226983
154,090000	0,225709
154,100000	0,225071
154,110000	0,231445
154,120000	0,228258
154,130000	0,227621
154,140000	0,226983
154,150000	0,229533
154,160000	0,231445
154,170000	0,226346
154,180000	0,226983
154,190000	0,228896
154,200000	0,231445
154,210000	0,226346
154,220000	0,228258
154,230000	0,221884
154,240000	0,228896
154,250000	0,221247
154,260000	0,229533
154,270000	0,225071
154,280000	0,229533
154,290000	0,226983
154,300000	0,233994
154,310000	0,228258
154,320000	0,226983
154,330000	0,224434
154,340000	0,230808
154,350000	0,224434
154,360000	0,227621
154,370000	0,229533
154,380000	0,230170
154,390000	0,228896
154,400000	0,232720
154,410000	0,223159
154,420000	0,230808
154,430000	0,221884
154,440000	0,230170
154,450000	0,225709
154,460000	0,228258
154,470000	0,223797
154,480000	0,226983
154,490000	0,229533
154,500000	0,223797
154,510000	0,226983
154,520000	0,226983
154,530000	0,228258
154,540000	0,230808
154,550000	0,222522
154,560000	0,228258
154,570000	0,226346
154,580000	0,230170
154,590000	0,222522
154,600000	0,230808
154,610000	0,226983
154,620000	0,228258
154,630000	0,224434
154,640000	0,228258
154,650000	0,229533
154,660000	0,233357
154,670000	0,225071
154,680000	0,233357
154,690000	0,223797
154,700000	0,234632
154,710000	0,221884
154,720000	0,234632
154,730000	0,223797
154,740000	0,234632
154,750000	0,222522
154,760000	0,233357
154,770000	0,227621
154,780000	0,229533
154,790000	0,230170
154,800000	0,228258
154,810000	0,235907
154,820000	0,226983
154,830000	0,231445
154,840000	0,225071
154,850000	0,237181
154,860000	0,228896
154,870000	0,235269
154,880000	0,226346
154,890000	0,233994
154,900000	0,230170
154,910000	0,235269
154,920000	0,224434
154,930000	0,229533
154,940000	0,225071
154,950000	0,227621
154,960000	0,228896
154,970000	0,231445
154,980000	0,222522
154,990000	0,230170
155,000000	0,228896
155,010000	0,229533
155,020000	0,226983
155,030000	0,234632
155,040000	0,228258
155,050000	0,229533
155,060000	0,227621
155,070000	0,230808
155,080000	0,225071
155,090000	0,230170
155,100000	0,227621
155,110000	0,232082
155,120000	0,226346
155,130000	0,232720
155,140000	0,228258
155,150000	0,235269
155,160000	0,232082
155,170000	0,235269
155,180000	0,232082
155,190000	0,231445
155,200000	0,232720
155,210000	0,226983
155,220000	0,229533
155,230000	0,234632
155,240000	0,230808
155,250000	0,233357
155,260000	0,230170
155,270000	0,228258
155,280000	0,229533
155,290000	0,233357
155,300000	0,232082
155,310000	0,232082
155,320000	0,229533
155,330000	0,230170
155,340000	0,231445
155,350000	0,234632
155,360000	0,229533
155,370000	0,234632
155,380000	0,231445
155,390000	0,231445
155,400000	0,233994
155,410000	0,232082
155,420000	0,231445
155,430000	0,232720
155,440000	0,226346
155,450000	0,233357
155,460000	0,229533
155,470000	0,229533
155,480000	0,230170
155,490000	0,232082
155,500000	0,227621
155,510000	0,232720
155,520000	0,232082
155,530000	0,228896
155,540000	0,232082
155,550000	0,228258
155,560000	0,232082
155,570000	0,224434
155,580000	0,232082
155,590000	0,224434
155,600000	0,234632
155,610000	0,227621
155,620000	0,233357
155,630000	0,225709
155,640000	0,231445
155,650000	0,225709
155,660000	0,228896
155,670000	0,225071
155,680000	0,228258
155,690000	0,228258
155,700000	0,225071
155,710000	0,226346
155,720000	0,222522
155,730000	0,228258
155,740000	0,230808
155,750000	0,228258
155,760000	0,228896
155,770000	0,231445
155,780000	0,234632
155,790000	0,228258
155,800000	0,230808
155,810000	0,226983
155,820000	0,230808
155,830000	0,226983
155,840000	0,235907
155,850000	0,227621
155,860000	0,233994
155,870000	0,226346
155,880000	0,230808
155,890000	0,228258
155,900000	0,231445
155,910000	0,228896
155,920000	0,232082
155,930000	0,229533
155,940000	0,231445
155,950000	0,228896
155,960000	0,232082
155,970000	0,224434
155,980000	0,230808
155,990000	0,225709
156,000000	0,233357
156,010000	0,225709
156,020000	0,225071
156,030000	0,224434
156,040000	0,230170
156,050000	0,223797
156,060000	0,230170
156,070000	0,228896
156,080000	0,229533
156,090000	0,228896
156,100000	0,228896
156,110000	0,226346
156,120000	0,236544
156,130000	0,225709
156,140000	0,226983
156,150000	0,223159
156,160000	0,228896
156,170000	0,227621
156,180000	0,226346
156,190000	0,228896
156,200000	0,232082
156,210000	0,227621
156,220000	0,226983
156,230000	0,223159
156,240000	0,227621
156,250000	0,228258
156,260000	0,230170
156,270000	0,223797
156,280000	0,226346
156,290000	0,224434
156,300000	0,226983
156,310000	0,225071
156,320000	0,229533
156,330000	0,225071
156,340000	0,227621
156,350000	0,227621
156,360000	0,228258
156,370000	0,233994
156,380000	0,230170
156,390000	0,227621
156,400000	0,227621
156,410000	0,225071
156,420000	0,228896
156,430000	0,224434
156,440000	0,228258
156,450000	0,226346
156,460000	0,229533
156,470000	0,223159
156,480000	0,229533
156,490000	0,228896
156,500000	0,231445
156,510000	0,226983
156,520000	0,228896
156,530000	0,224434
156,540000	0,226983
156,550000	0,225071
156,560000	0,229533
156,570000	0,223797
156,580000	0,227621
156,590000	0,224434
156,600000	0,230808
156,610000	0,226983
156,620000	0,231445
156,630000	0,229533
156,640000	0,229533
156,650000	0,225709
156,660000	0,228896
156,670000	0,228258
156,680000	0,226983
156,690000	0,225071
156,700000	0,230170
156,710000	0,227621
156,720000	0,228896
156,730000	0,227621
156,740000	0,229533
156,750000	0,228896
156,760000	0,229533
156,770000	0,226983
156,780000	0,228258
156,790000	0,227621
156,800000	0,223797
156,810000	0,226346
156,820000	0,225071
156,830000	0,223797
156,840000	0,228258
156,850000	0,222522
156,860000	0,227621
156,870000	0,226346
156,880000	0,230170
156,890000	0,224434
156,900000	0,227621
156,910000	0,221884
156,920000	0,229533
156,930000	0,226983
156,940000	0,232720
156,950000	0,225071
156,960000	0,228258
156,970000	0,223797
156,980000	0,230170
156,990000	0,223797
157,000000	0,229533
157,010000	0,225071
157,020000	0,228258
157,030000	0,223159
157,040000	0,228258
157,050000	0,225071
157,060000	0,226346
157,070000	0,227621
157,080000	0,225709
157,090000	0,230808
157,100000	0,226983
157,110000	0,228896
157,120000	0,224434
157,130000	0,228258
157,140000	0,228896
157,150000	0,232720
157,160000	0,226346
157,170000	0,226983
157,180000	0,229533
157,190000	0,232720
157,200000	0,230808
157,210000	0,228896
157,220000	0,228896
157,230000	0,231445
157,240000	0,232082
157,250000	0,229533
157,260000	0,231445
157,270000	0,228896
157,280000	0,228258
157,290000	0,230808
157,300000	0,231445
157,310000	0,230170
157,320000	0,232082
157,330000	0,230170
157,340000	0,226346
157,350000	0,228258
157,360000	0,226983
157,370000	0,227621
157,380000	0,225709
157,390000	0,232720
157,400000	0,225071
157,410000	0,227621
157,420000	0,221884
157,430000	0,230170
157,440000	0,228896
157,450000	0,232720
157,460000	0,223159
157,470000	0,232720
157,480000	0,230170
157,490000	0,225709
157,500000	0,229533
157,510000	0,229533
157,520000	0,226346
157,530000	0,228258
157,540000	0,226346
157,550000	0,231445
157,560000	0,219972
157,570000	0,231445
157,580000	0,225709
157,590000	0,232082
157,600000	0,218698
157,610000	0,228896
157,620000	0,221884
157,630000	0,232082
157,640000	0,227621
157,650000	0,230170
157,660000	0,228896
157,670000	0,231445
157,680000	0,228258
157,690000	0,229533
157,700000	0,228896
157,710000	0,231445
157,720000	0,232720
157,730000	0,228896
157,740000	0,233357
157,750000	0,228258
157,760000	0,228896
157,770000	0,226983
157,780000	0,233357
157,790000	0,230170
157,800000	0,230808
157,810000	0,231445
157,820000	0,232720
157,830000	0,229533
157,840000	0,228258
157,850000	0,229533
157,860000	0,229533
157,870000	0,228258
157,880000	0,228896
157,890000	0,229533
157,900000	0,228896
157,910000	0,226346
157,920000	0,230808
157,930000	0,225709
157,940000	0,226346
157,950000	0,230170
157,960000	0,226346
157,970000	0,225071
157,980000	0,230808
157,990000	0,227621
158,000000	0,225709
158,010000	0,229533
158,020000	0,226983
158,030000	0,228258
158,040000	0,226346
158,050000	0,230170
158,060000	0,225709
158,070000	0,226983
158,080000	0,228896
158,090000	0,225709
158,100000	0,228258
158,110000	0,228258
158,120000	0,224434
158,130000	0,228258
158,140000	0,228258
158,150000	0,230170
158,160000	0,230808
158,170000	0,228258
158,180000	0,229533
158,190000	0,225709
158,200000	0,224434
158,210000	0,225709
158,220000	0,226346
158,230000	0,227621
158,240000	0,226346
158,250000	0,226346
158,260000	0,226346
158,270000	0,225709
158,280000	0,226983
158,290000	0,228258
158,300000	0,228896
158,310000	0,223797
158,320000	0,227621
158,330000	0,224434
158,340000	0,230170
158,350000	0,225071
158,360000	0,224434
158,370000	0,225071
158,380000	0,226983
158,390000	0,223797
158,400000	0,228258
158,410000	0,227621
158,420000	0,226983
158,430000	0,227621
158,440000	0,226983
158,450000	0,228258
158,460000	0,227621
158,470000	0,225071
158,480000	0,226983
158,490000	0,221247
158,500000	0,228258
158,510000	0,224434
158,520000	0,224434
158,530000	0,226983
158,540000	0,226346
158,550000	0,225709
158,560000	0,226346
158,570000	0,226346
158,580000	0,229533
158,590000	0,225071
158,600000	0,231445
158,610000	0,229533
158,620000	0,227621
158,630000	0,222522
158,640000	0,232720
158,650000	0,221247
158,660000	0,226983
158,670000	0,223159
158,680000	0,228896
158,690000	0,223159
158,700000	0,229533
158,710000	0,223159
158,720000	0,230170
158,730000	0,225071
158,740000	0,228896
158,750000	0,224434
158,760000	0,230808
158,770000	0,225709
158,780000	0,229533
158,790000	0,223159
158,800000	0,225071
158,810000	0,223797
158,820000	0,225709
158,830000	0,223797
158,840000	0,227621
158,850000	0,223797
158,860000	0,228896
158,870000	0,224434
158,880000	0,227621
158,890000	0,226346
158,900000	0,228258
158,910000	0,225709
158,920000	0,230170
158,930000	0,225709
158,940000	0,224434
158,950000	0,228896
158,960000	0,224434
158,970000	0,228258
158,980000	0,225071
158,990000	0,227621
159,000000	0,223797
159,010000	0,228258
159,020000	0,228896
159,030000	0,229533
159,040000	0,229533
159,050000	0,222522
159,060000	0,228258
159,070000	0,224434
159,080000	0,227621
159,090000	0,224434
159,100000	0,228896
159,110000	0,227621
159,120000	0,227621
159,130000	0,227621
159,140000	0,227621
159,150000	0,228258
159,160000	0,231445
159,170000	0,224434
159,180000	0,227621
159,190000	0,226983
159,200000	0,232082
159,210000	0,224434
159,220000	0,227621
159,230000	0,227621
159,240000	0,228896
159,250000	0,224434
159,260000	0,232082
159,270000	0,226983
159,280000	0,230808
159,290000	0,228258
159,300000	0,231445
159,310000	0,225709
159,320000	0,232082
159,330000	0,226346
159,340000	0,229533
159,350000	0,228258
159,360000	0,228258
159,370000	0,225709
159,380000	0,228896
159,390000	0,226983
159,400000	0,230170
159,410000	0,225709
159,420000	0,232082
159,430000	0,225709
159,440000	0,232082
159,450000	0,228258
159,460000	0,229533
159,470000	0,229533
159,480000	0,228896
159,490000	0,226983
159,500000	0,226983
159,510000	0,224434
159,520000	0,228896
159,530000	0,225709
159,540000	0,226983
159,550000	0,230170
159,560000	0,226983
159,570000	0,228896
159,580000	0,226346
159,590000	0,228896
159,600000	0,230170
159,610000	0,230170
159,620000	0,226983
159,630000	0,230170
159,640000	0,230170
159,650000	0,228896
159,660000	0,227621
159,670000	0,228896
159,680000	0,228896
159,690000	0,224434
159,700000	0,231445
159,710000	0,226983
159,720000	0,230808
159,730000	0,229533
159,740000	0,230170
159,750000	0,227621
159,760000	0,233994
159,770000	0,227621
159,780000	0,233994
159,790000	0,221884
159,800000	0,234632
159,810000	0,225071
159,820000	0,233357
159,830000	0,223797
159,840000	0,234632
159,850000	0,223159
159,860000	0,232720
159,870000	0,228258
159,880000	0,234632
159,890000	0,223159
159,900000	0,235907
159,910000	0,221884
159,920000	0,235907
159,930000	0,219972
159,940000	0,233357
159,950000	0,223159
159,960000	0,235907
159,970000	0,224434
159,980000	0,230808
159,990000	0,225709
160,000000	0,232082
160,010000	0,224434
160,020000	0,230170
160,030000	0,224434
160,040000	0,229533
160,050000	0,228258
160,060000	0,226983
160,070000	0,225709
160,080000	0,232082
160,090000	0,223159
160,100000	0,230808
160,110000	0,224434
160,120000	0,232082
160,130000	0,224434
160,140000	0,232082
160,150000	0,225071
160,160000	0,231445
160,170000	0,224434
160,180000	0,229533
160,190000	0,224434
160,200000	0,229533
160,210000	0,227621
160,220000	0,226983
160,230000	0,226983
160,240000	0,229533
160,250000	0,228258
160,260000	0,228258
160,270000	0,228896
160,280000	0,225709
160,290000	0,230808
160,300000	0,228258
160,310000	0,228896
160,320000	0,228258
160,330000	0,228896
160,340000	0,230170
160,350000	0,226983
160,360000	0,227621
160,370000	0,226346
160,380000	0,226983
160,390000	0,228896
160,400000	0,224434
160,410000	0,226983
160,420000	0,224434
160,430000	0,228258
160,440000	0,224434
160,450000	0,228258
160,460000	0,227621
160,470000	0,226983
160,480000	0,226346
160,490000	0,225709
160,500000	0,228896
160,510000	0,225709
160,520000	0,225709
160,530000	0,226346
160,540000	0,224434
160,550000	0,226346
160,560000	0,224434
160,570000	0,224434
160,580000	0,225071
160,590000	0,225071
160,600000	0,225071
160,610000	0,227621
160,620000	0,221247
160,630000	0,226983
160,640000	0,222522
160,650000	0,224434
160,660000	0,224434
160,670000	0,225709
160,680000	0,223159
160,690000	0,226983
160,700000	0,224434
160,710000	0,225709
160,720000	0,225709
160,730000	0,228896
160,740000	0,225071
160,750000	0,224434
160,760000	0,224434
160,770000	0,226983
160,780000	0,225709
160,790000	0,221884
160,800000	0,223159
160,810000	0,224434
160,820000	0,223159
160,830000	0,225071
160,840000	0,225071
160,850000	0,224434
160,860000	0,228896
160,870000	0,221884
160,880000	0,227621
160,890000	0,225709
160,900000	0,225071
160,910000	0,225071
160,920000	0,226983
160,930000	0,226346
160,940000	0,226346
160,950000	0,223797
160,960000	0,226346
160,970000	0,226346
160,980000	0,226983
160,990000	0,226983
161,000000	0,225071
161,010000	0,227621
161,020000	0,228258
161,030000	0,226346
161,040000	0,225709
161,050000	0,226346
161,060000	0,227621
161,070000	0,224434
161,080000	0,226346
161,090000	0,226346
161,100000	0,228896
161,110000	0,224434
161,120000	0,229533
161,130000	0,224434
161,140000	0,227621
161,150000	0,228258
161,160000	0,225709
161,170000	0,226983
161,180000	0,227621
161,190000	0,226983
161,200000	0,225071
161,210000	0,225071
161,220000	0,228258
161,230000	0,221884
161,240000	0,226346
161,250000	0,225071
161,260000	0,225709
161,270000	0,226983
161,280000	0,227621
161,290000	0,227621
161,300000	0,229533
161,310000	0,224434
161,320000	0,226346
161,330000	0,225071
161,340000	0,228896
161,350000	0,226346
161,360000	0,226346
161,370000	0,226346
161,380000	0,230170
161,390000	0,223159
161,400000	0,232082
161,410000	0,225709
161,420000	0,232082
161,430000	0,222522
161,440000	0,234632
161,450000	0,225071
161,460000	0,233357
161,470000	0,223797
161,480000	0,233994
161,490000	0,223797
161,500000	0,226346
161,510000	0,221247
161,520000	0,231445
161,530000	0,223797
161,540000	0,236544
161,550000	0,224434
161,560000	0,233994
161,570000	0,224434
161,580000	0,231445
161,590000	0,226346
161,600000	0,230808
161,610000	0,226983
161,620000	0,227621
161,630000	0,226346
161,640000	0,228258
161,650000	0,226983
161,660000	0,226983
161,670000	0,229533
161,680000	0,229533
161,690000	0,228896
161,700000	0,226983
161,710000	0,226983
161,720000	0,229533
161,730000	0,230170
161,740000	0,233357
161,750000	0,226983
161,760000	0,226346
161,770000	0,225071
161,780000	0,233994
161,790000	0,223159
161,800000	0,234632
161,810000	0,225071
161,820000	0,233994
161,830000	0,225071
161,840000	0,230170
161,850000	0,222522
161,860000	0,232720
161,870000	0,226346
161,880000	0,230808
161,890000	0,225071
161,900000	0,230808
161,910000	0,220610
161,920000	0,230170
161,930000	0,224434
161,940000	0,234632
161,950000	0,225071
161,960000	0,232720
161,970000	0,223159
161,980000	0,233357
161,990000	0,226983
162,000000	0,233994
162,010000	0,223797
162,020000	0,231445
162,030000	0,225071
162,040000	0,231445
162,050000	0,227621
162,060000	0,232720
162,070000	0,223797
162,080000	0,233357
162,090000	0,222522
162,100000	0,233357
162,110000	0,223159
162,120000	0,231445
162,130000	0,223797
162,140000	0,231445
162,150000	0,225709
162,160000	0,231445
162,170000	0,223797
162,180000	0,233994
162,190000	0,220610
162,200000	0,229533
162,210000	0,225071
162,220000	0,231445
162,230000	0,225709
162,240000	0,230170
162,250000	0,223797
162,260000	0,229533
162,270000	0,224434
162,280000	0,226346
162,290000	0,223159
162,300000	0,229533
162,310000	0,223797
162,320000	0,228896
162,330000	0,223159
162,340000	0,224434
162,350000	0,224434
162,360000	0,226346
162,370000	0,223159
162,380000	0,226983
162,390000	0,221884
162,400000	0,228896
162,410000	0,221247
162,420000	0,227621
162,430000	0,226983
162,440000	0,225071
162,450000	0,228896
162,460000	0,224434
162,470000	0,228258
162,480000	0,226983
162,490000	0,223797
162,500000	0,225709
162,510000	0,224434
162,520000	0,225709
162,530000	0,222522
162,540000	0,228896
162,550000	0,224434
162,560000	0,224434
162,570000	0,225709
162,580000	0,226346
162,590000	0,225709
162,600000	0,224434
162,610000	0,228258
162,620000	0,223797
162,630000	0,226346
162,640000	0,219972
162,650000	0,226346
162,660000	0,227621
162,670000	0,225709
162,680000	0,228896
162,690000	0,221884
162,700000	0,225071
162,710000	0,225071
162,720000	0,226346
162,730000	0,226346
162,740000	0,222522
162,750000	0,228896
162,760000	0,223797
162,770000	0,224434
162,780000	0,221884
162,790000	0,227621
162,800000	0,224434
162,810000	0,223797
162,820000	0,225071
162,830000	0,223159
162,840000	0,221884
162,850000	0,223797
162,860000	0,225709
162,870000	0,225071
162,880000	0,219335
162,890000	0,225709
162,900000	0,221884
162,910000	0,226346
162,920000	0,223797
162,930000	0,228896
162,940000	0,222522
162,950000	0,225071
162,960000	0,221884
162,970000	0,228896
162,980000	0,221884
162,990000	0,231445
163,000000	0,219335
163,010000	0,226983
163,020000	0,221884
163,030000	0,226983
163,040000	0,218060
163,050000	0,229533
163,060000	0,225071
163,070000	0,227621
163,080000	0,223797
163,090000	0,230808
163,100000	0,225709
163,110000	0,228896
163,120000	0,225071
163,130000	0,225071
163,140000	0,225071
163,150000	0,224434
163,160000	0,227621
163,170000	0,226983
163,180000	0,223797
163,190000	0,223797
163,200000	0,228258
163,210000	0,226346
163,220000	0,227621
163,230000	0,226983
163,240000	0,228896
163,250000	0,219335
163,260000	0,228896
163,270000	0,219335
163,280000	0,230170
163,290000	0,221247
163,300000	0,225709
163,310000	0,225071
163,320000	0,228258
163,330000	0,224434
163,340000	0,227621
163,350000	0,225709
163,360000	0,226983
163,370000	0,225709
163,380000	0,227621
163,390000	0,225071
163,400000	0,225071
163,410000	0,221884
163,420000	0,228896
163,430000	0,226346
163,440000	0,230170
163,450000	0,224434
163,460000	0,226346
163,470000	0,229533
163,480000	0,224434
163,490000	0,227621
163,500000	0,228258
163,510000	0,226983
163,520000	0,228258
163,530000	0,224434
163,540000	0,233357
163,550000	0,230170
163,560000	0,229533
163,570000	0,226346
163,580000	0,231445
163,590000	0,224434
163,600000	0,229533
163,610000	0,225709
163,620000	0,232082
163,630000	0,227621
163,640000	0,231445
163,650000	0,226346
163,660000	0,230170
163,670000	0,228896
163,680000	0,228896
163,690000	0,223159
163,700000	0,229533
163,710000	0,225071
163,720000	0,229533
163,730000	0,229533
163,740000	0,229533
163,750000	0,225709
163,760000	0,225071
163,770000	0,227621
163,780000	0,228896
163,790000	0,225709
163,800000	0,226346
163,810000	0,225709
163,820000	0,229533
163,830000	0,225071
163,840000	0,228896
163,850000	0,226983
163,860000	0,228896
163,870000	0,224434
163,880000	0,226983
163,890000	0,226983
163,900000	0,228896
163,910000	0,228896
163,920000	0,226346
163,930000	0,228258
163,940000	0,226983
163,950000	0,227621
163,960000	0,232720
163,970000	0,226346
163,980000	0,232082
163,990000	0,226346
164,000000	0,226983
164,010000	0,224434
164,020000	0,228896
164,030000	0,226983
164,040000	0,230170
164,050000	0,226346
164,060000	0,229533
164,070000	0,222522
164,080000	0,226346
164,090000	0,222522
164,100000	0,230808
164,110000	0,226346
164,120000	0,230808
164,130000	0,225071
164,140000	0,232720
164,150000	0,229533
164,160000	0,230170
164,170000	0,228258
164,180000	0,228258
164,190000	0,223159
164,200000	0,229533
164,210000	0,225071
164,220000	0,229533
164,230000	0,223159
164,240000	0,230808
164,250000	0,225071
164,260000	0,227621
164,270000	0,228896
164,280000	0,228258
164,290000	0,229533
164,300000	0,228258
164,310000	0,225709
164,320000	0,226346
164,330000	0,226346
164,340000	0,224434
164,350000	0,226346
164,360000	0,224434
164,370000	0,225071
164,380000	0,224434
164,390000	0,224434
164,400000	0,225709
164,410000	0,225709
164,420000	0,223797
164,430000	0,220610
164,440000	0,228258
164,450000	0,224434
164,460000	0,225709
164,470000	0,226346
164,480000	0,224434
164,490000	0,223159
164,500000	0,228896
164,510000	0,222522
164,520000	0,225071
164,530000	0,221884
164,540000	0,225709
164,550000	0,223159
164,560000	0,226346
164,570000	0,221247
164,580000	0,228896
164,590000	0,221884
164,600000	0,225071
164,610000	0,221247
164,620000	0,224434
164,630000	0,220610
164,640000	0,224434
164,650000	0,221884
164,660000	0,228258
164,670000	0,223159
164,680000	0,224434
164,690000	0,224434
164,700000	0,228258
164,710000	0,221884
164,720000	0,226346
164,730000	0,223159
164,740000	0,225709
164,750000	0,226346
164,760000	0,225071
164,770000	0,224434
164,780000	0,224434
164,790000	0,224434
164,800000	0,226346
164,810000	0,221884
164,820000	0,224434
164,830000	0,228258
164,840000	0,219972
164,850000	0,224434
164,860000	0,228258
164,870000	0,225071
164,880000	0,226983
164,890000	0,224434
164,900000	0,222522
164,910000	0,226983
164,920000	0,219972
164,930000	0,227621
164,940000	0,228896
164,950000	0,223159
164,960000	0,224434
164,970000	0,224434
164,980000	0,221884
164,990000	0,225709
165,000000	0,221884
165,010000	0,223159
165,020000	0,226983
165,030000	0,230808
165,040000	0,224434
165,050000	0,224434
165,060000	0,221247
165,070000	0,226983
165,080000	0,219972
165,090000	0,224434
165,100000	0,228258
165,110000	0,226983
165,120000	0,224434
165,130000	0,228258
165,140000	0,223159
165,150000	0,223797
165,160000	0,221884
165,170000	0,225709
165,180000	0,225071
165,190000	0,229533
165,200000	0,224434
165,210000	0,222522
165,220000	0,224434
165,230000	0,221884
165,240000	0,221247
165,250000	0,225071
165,260000	0,225071
165,270000	0,223797
165,280000	0,225071
165,290000	0,226346
165,300000	0,223797
165,310000	0,222522
165,320000	0,225071
165,330000	0,223159
165,340000	0,224434
165,350000	0,226346
165,360000	0,229533
165,370000	0,221884
165,380000	0,228258
165,390000	0,223797
165,400000	0,225071
165,410000	0,226983
165,420000	0,225709
165,430000	0,225709
165,440000	0,228896
165,450000	0,223159
165,460000	0,228258
165,470000	0,223797
165,480000	0,228258
165,490000	0,225709
165,500000	0,226346
165,510000	0,225709
165,520000	0,229533
165,530000	0,221247
165,540000	0,230808
165,550000	0,221884
165,560000	0,230808
165,570000	0,219972
165,580000	0,226983
165,590000	0,227621
165,600000	0,226983
165,610000	0,225071
165,620000	0,231445
165,630000	0,223159
165,640000	0,232082
165,650000	0,224434
165,660000	0,228896
165,670000	0,225071
165,680000	0,232082
165,690000	0,228896
165,700000	0,229533
165,710000	0,221884
165,720000	0,232082
165,730000	0,224434
165,740000	0,232082
165,750000	0,223797
165,760000	0,226983
165,770000	0,230808
165,780000	0,232720
165,790000	0,226346
165,800000	0,227621
165,810000	0,228258
165,820000	0,230808
165,830000	0,227621
165,840000	0,226346
165,850000	0,226983
165,860000	0,226983
165,870000	0,221884
165,880000	0,231445
165,890000	0,221884
165,900000	0,228896
165,910000	0,226983
165,920000	0,223797
165,930000	0,230170
165,940000	0,219972
165,950000	0,232082
165,960000	0,228896
165,970000	0,229533
165,980000	0,225071
165,990000	0,230808
166,000000	0,220610
166,010000	0,232082
166,020000	0,221884
166,030000	0,228258
166,040000	0,223159
166,050000	0,234632
166,060000	0,225709
166,070000	0,228896
166,080000	0,223159
166,090000	0,232082
166,100000	0,225709
166,110000	0,229533
166,120000	0,225071
166,130000	0,224434
166,140000	0,228258
166,150000	0,225709
166,160000	0,226346
166,170000	0,225071
166,180000	0,221884
166,190000	0,225709
166,200000	0,228258
166,210000	0,227621
166,220000	0,226346
166,230000	0,226346
166,240000	0,224434
166,250000	0,224434
166,260000	0,226346
166,270000	0,226346
166,280000	0,226346
166,290000	0,224434
166,300000	0,227621
166,310000	0,226983
166,320000	0,228896
166,330000	0,224434
166,340000	0,226346
166,350000	0,224434
166,360000	0,226346
166,370000	0,218698
166,380000	0,221247
166,390000	0,221884
166,400000	0,221247
166,410000	0,223797
166,420000	0,219335
166,430000	0,224434
166,440000	0,219335
166,450000	0,230808
166,460000	0,216786
166,470000	0,226983
166,480000	0,220610
166,490000	0,223797
166,500000	0,225071
166,510000	0,222522
166,520000	0,219335
166,530000	0,223159
166,540000	0,224434
166,550000	0,226346
166,560000	0,226346
166,570000	0,219335
166,580000	0,223159
166,590000	0,226346
166,600000	0,223797
166,610000	0,221247
166,620000	0,223797
166,630000	0,219972
166,640000	0,221884
166,650000	0,223159
166,660000	0,224434
166,670000	0,221247
166,680000	0,232082
166,690000	0,219335
166,700000	0,229533
166,710000	0,223797
166,720000	0,228258
166,730000	0,217423
166,740000	0,223159
166,750000	0,219335
166,760000	0,224434
166,770000	0,223797
166,780000	0,221884
166,790000	0,219972
166,800000	0,225071
166,810000	0,219335
166,820000	0,221884
166,830000	0,216148
166,840000	0,225071
166,850000	0,219972
166,860000	0,224434
166,870000	0,221884
166,880000	0,224434
166,890000	0,216786
166,900000	0,227621
166,910000	0,219972
166,920000	0,220610
166,930000	0,223797
166,940000	0,219972
166,950000	0,224434
166,960000	0,223797
166,970000	0,221247
166,980000	0,223159
166,990000	0,225071
167,000000	0,221884
167,010000	0,226983
167,020000	0,224434
167,030000	0,218060
167,040000	0,219972
167,050000	0,218060
167,060000	0,226346
167,070000	0,219335
167,080000	0,223159
167,090000	0,220610
167,100000	0,222522
167,110000	0,216786
167,120000	0,222522
167,130000	0,221884
167,140000	0,224434
167,150000	0,221884
167,160000	0,219972
167,170000	0,223797
167,180000	0,224434
167,190000	0,219335
167,200000	0,224434
167,210000	0,223159
167,220000	0,221884
167,230000	0,224434
167,240000	0,223797
167,250000	0,225071
167,260000	0,228896
167,270000	0,219972
167,280000	0,224434
167,290000	0,221247
167,300000	0,223797
167,310000	0,223159
167,320000	0,225709
167,330000	0,224434
167,340000	0,228258
167,350000	0,223797
167,360000	0,227621
167,370000	0,221884
167,380000	0,224434
167,390000	0,229533
167,400000	0,224434
167,410000	0,226983
167,420000	0,223159
167,430000	0,226983
167,440000	0,225709
167,450000	0,226983
167,460000	0,224434
167,470000	0,226983
167,480000	0,226983
167,490000	0,224434
167,500000	0,224434
167,510000	0,225709
167,520000	0,228258
167,530000	0,226983
167,540000	0,227621
167,550000	0,228896
167,560000	0,225709
167,570000	0,235269
167,580000	0,228896
167,590000	0,227621
167,600000	0,227621
167,610000	0,229533
167,620000	0,224434
167,630000	0,231445
167,640000	0,226346
167,650000	0,230808
167,660000	0,228258
167,670000	0,216148
167,680000	0,225709
167,690000	0,217423
167,700000	0,224434
167,710000	0,232082
167,720000	0,228258
167,730000	0,233357
167,740000	0,228896
167,750000	0,221884
167,760000	0,233357
167,770000	0,230808
167,780000	0,226346
167,790000	0,232720
167,800000	0,224434
167,810000	0,230808
167,820000	0,226983
167,830000	0,221884
167,840000	0,228258
167,850000	0,232082
167,860000	0,249929
167,870000	0,229533
167,880000	0,227621
167,890000	0,231445
167,900000	0,228258
167,910000	0,239093
167,920000	0,224434
167,930000	0,225709
167,940000	0,212324
167,950000	0,227621
167,960000	0,242918
167,970000	0,230170
167,980000	0,228258
167,990000	0,197027
168,000000	0,224434
168,010000	0,212961
168,020000	0,228896
168,030000	0,228258
168,040000	0,204038
168,050000	0,223159
168,060000	0,210412
168,070000	0,233994
168,080000	0,235269
168,090000	0,267137
168,100000	0,233357
168,110000	0,223159
168,120000	0,212961
168,130000	0,226346
168,140000	0,301555
168,150000	0,225709
168,160000	0,253115
168,170000	0,242280
168,180000	0,233994
168,190000	0,169620
168,200000	0,236544
168,210000	0,224434
168,220000	0,239731
168,230000	0,231445
168,240000	0,241005
168,250000	0,226983
168,260000	0,229533
168,270000	0,269687
168,280000	0,226983
168,290000	0,239093
168,300000	0,225709
168,310000	0,226983
168,320000	0,233994
168,330000	0,223159
168,340000	0,223159
168,350000	0,222522
168,360000	0,223159
168,370000	0,223797
168,380000	0,226346
168,390000	0,220610
168,400000	0,236544
168,410000	0,232082
168,420000	0,221247
168,430000	0,219972
168,440000	0,237819
168,450000	0,226983
168,460000	0,225709
168,470000	0,219972
168,480000	0,246742
168,490000	0,202763
168,500000	0,225071
168,510000	0,195752
168,520000	0,206588
168,530000	0,207225
168,540000	0,218698
168,550000	0,221247
168,560000	0,191928
168,570000	0,186829
168,580000	0,197665
168,590000	0,233994
168,600000	0,213599
168,610000	0,235269
168,620000	0,221884
168,630000	0,234632
168,640000	0,214873
168,650000	0,237819
168,660000	0,220610
168,670000	0,232082
168,680000	0,246742
168,690000	0,224434
168,700000	0,246742
168,710000	0,226983
168,720000	0,258214
168,730000	0,219335
168,740000	0,207225
168,750000	0,218698
168,760000	0,247379
168,770000	0,204038
168,780000	0,229533
168,790000	0,238456
168,800000	0,229533
168,810000	0,218060
168,820000	0,191291
168,830000	0,225071
168,840000	0,210412
168,850000	0,236544
168,860000	0,225709
168,870000	0,200851
168,880000	0,227621
168,890000	0,226983
168,900000	0,235907
168,910000	0,223159
168,920000	0,267775
168,930000	0,219972
168,940000	0,242280
168,950000	0,201489
168,960000	0,219335
168,970000	0,288171
168,980000	0,217423
168,990000	0,204038
169,000000	0,304105
169,010000	0,223797
169,020000	0,144763
169,030000	0,220610
169,040000	0,218060
169,050000	0,231445
169,060000	0,226346
169,070000	0,272874
169,080000	0,215511
169,090000	0,220610
169,100000	0,335973
169,110000	0,218060
169,120000	0,355094
169,130000	0,211049
169,140000	0,205313
169,150000	0,268412
169,160000	0,202763
169,170000	0,214236
169,180000	0,211687
169,190000	0,204038
169,200000	0,133928
169,210000	0,227621
169,220000	0,230808
169,230000	0,229533
169,240000	0,221247
169,250000	0,185555
169,260000	0,206588
169,270000	0,204038
169,280000	0,218060
169,290000	0,246104
169,300000	0,204038
169,310000	0,235907
169,320000	0,223159
169,330000	0,223797
169,340000	0,228896
169,350000	0,232082
169,360000	0,250566
169,370000	0,228258
169,380000	0,225709
169,390000	0,240368
169,400000	0,232720
169,410000	0,235907
169,420000	0,260764
169,430000	0,237819
169,440000	0,249291
169,450000	0,272874
169,460000	0,238456
169,470000	0,236544
169,480000	0,239093
169,490000	0,296456
169,500000	0,277335
169,510000	0,230170
169,520000	0,284346
169,530000	0,221884
169,540000	0,253753
169,550000	0,306654
169,560000	0,232720
169,570000	0,254390
169,580000	0,188741
169,590000	0,198302
169,600000	0,214873
169,610000	0,210412
169,620000	0,202763
169,630000	0,215511
169,640000	0,221884
169,650000	0,224434
169,660000	0,225709
169,670000	0,190654
169,680000	0,200851
169,690000	0,218060
169,700000	0,214236
169,710000	0,225071
169,720000	0,205313
169,730000	0,186192
169,740000	0,225709
169,750000	0,261401
169,760000	0,196390
169,770000	0,212961
169,780000	0,271599
169,790000	0,219972
169,800000	0,165159
169,810000	0,177906
169,820000	0,212961
169,830000	0,168983
169,840000	0,222522
169,850000	0,165159
169,860000	0,140302
169,870000	0,226346
169,880000	0,239093
169,890000	0,228258
169,900000	0,233357
169,910000	0,286896
169,920000	0,224434
169,930000	0,283072
169,940000	0,233994
169,950000	0,224434
169,960000	0,165796
169,970000	0,226983
169,980000	0,132653
169,990000	0,227621
170,000000	0,226983
170,010000	0,114807
170,020000	0,236544
170,030000	0,245467
170,040000	0,247379
170,050000	0,237181
170,060000	0,218060
170,070000	0,251203
170,080000	0,232082
170,090000	0,230170
170,100000	0,242280
170,110000	0,225709
170,120000	0,228896
170,130000	0,218698
170,140000	0,230170
170,150000	0,231445
170,160000	0,239093
170,170000	0,226983
170,180000	0,223797
170,190000	0,241643
170,200000	0,217423
170,210000	0,211049
170,220000	0,218060
170,230000	0,243555
170,240000	0,238456
170,250000	0,202126
170,260000	0,244192
170,270000	0,223797
170,280000	0,247379
170,290000	0,205950
170,300000	0,244192
170,310000	0,252478
170,320000	0,215511
170,330000	0,257577
170,340000	0,234632
170,350000	0,258214
170,360000	0,246104
170,370000	0,255665
170,380000	0,249291
170,390000	0,190654
170,400000	0,168346
170,410000	0,225709
170,420000	0,184280
170,430000	0,164522
170,440000	0,131379
170,450000	0,174082
170,460000	0,165159
170,470000	0,165796
170,480000	0,241005
170,490000	0,244830
170,500000	0,226983
170,510000	0,222522
170,520000	0,248654
170,530000	0,274148
170,540000	0,272236
170,550000	0,239093
170,560000	0,265225
170,570000	0,230170
170,580000	0,242280
170,590000	0,223159
170,600000	0,228896
170,610000	0,229533
170,620000	0,242280
170,630000	0,226983
170,640000	0,192566
170,650000	0,228896
170,660000	0,256302
170,670000	0,183643
170,680000	0,227621
170,690000	0,207225
170,700000	0,224434
170,710000	0,263313
170,720000	0,284984
170,730000	0,221247
170,740000	0,286896
170,750000	0,208500
170,760000	0,209775
170,770000	0,147950
170,780000	0,219335
170,790000	0,163884
170,800000	0,218060
170,810000	0,221884
170,820000	0,165796
170,830000	0,222522
170,840000	0,217423
170,850000	0,221884
170,860000	0,212961
170,870000	0,372940
170,880000	0,226346
170,890000	0,222522
170,900000	0,174719
170,910000	0,226983
170,920000	0,161972
170,930000	0,218698
170,940000	0,207862
170,950000	0,157511
170,960000	0,208500
170,970000	0,209137
170,980000	0,212324
170,990000	0,198939
171,000000	0,216148
171,010000	0,202763
171,020000	0,218698
171,030000	0,231445
171,040000	0,223159
171,050000	0,237181
171,060000	0,223159
171,070000	0,209137
171,080000	0,218060
171,090000	0,214873
171,100000	0,198302
171,110000	0,200214
171,120000	0,209137
171,130000	0,219335
171,140000	0,225071
171,150000	0,228258
171,160000	0,257577
171,170000	0,238456
171,180000	0,233357
171,190000	0,239731
171,200000	0,256302
171,210000	0,237181
171,220000	0,232082
171,230000	0,209775
171,240000	0,227621
171,250000	0,258852
171,260000	0,210412
171,270000	0,275423
171,280000	0,222522
171,290000	0,237181
171,300000	0,269687
171,310000	0,251841
171,320000	0,251841
171,330000	0,263951
171,340000	0,248654
171,350000	0,259489
171,360000	0,251841
171,370000	0,260126
171,380000	0,203401
171,390000	0,195752
171,400000	0,260126
171,410000	0,197027
171,420000	0,210412
171,430000	0,191291
171,440000	0,202126
171,450000	0,181093
171,460000	0,220610
171,470000	0,194478
171,480000	0,230808
171,490000	0,212961
171,500000	0,255028
171,510000	0,211049
171,520000	0,174082
171,530000	0,254390
171,540000	0,218698
171,550000	0,220610
171,560000	0,208500
171,570000	0,214236
171,580000	0,165796
171,590000	0,224434
171,600000	0,232720
171,610000	0,219335
171,620000	0,223797
171,630000	0,158148
171,640000	0,228258
171,650000	0,249929
171,660000	0,260126
171,670000	0,222522
171,680000	0,303467
171,690000	0,219972
171,700000	0,232082
171,710000	0,122455
171,720000	0,226346
171,730000	0,125005
171,740000	0,228896
171,750000	0,231445
171,760000	0,190654
171,770000	0,228896
171,780000	0,286896
171,790000	0,228258
171,800000	0,229533
171,810000	0,229533
171,820000	0,231445
171,830000	0,232720
171,840000	0,240368
171,850000	0,233994
171,860000	0,246104
171,870000	0,248016
171,880000	0,243555
171,890000	0,229533
171,900000	0,240368
171,910000	0,234632
171,920000	0,225709
171,930000	0,222522
171,940000	0,228896
171,950000	0,235269
171,960000	0,233994
171,970000	0,226346
171,980000	0,236544
171,990000	0,257577
172,000000	0,243555
172,010000	0,227621
172,020000	0,221247
172,030000	0,225709
172,040000	0,200214
172,050000	0,214873
172,060000	0,202126
172,070000	0,226983
172,080000	0,227621
172,090000	0,226983
172,100000	0,216148
172,110000	0,200214
172,120000	0,239731
172,130000	0,168983
172,140000	0,201489
172,150000	0,254390
172,160000	0,264588
172,170000	0,217423
172,180000	0,250566
172,190000	0,191928
172,200000	0,175357
172,210000	0,240368
172,220000	0,137752
172,230000	0,171533
172,240000	0,158148
172,250000	0,153686
172,260000	0,147950
172,270000	0,191291
172,280000	0,152412
172,290000	0,256940
172,300000	0,239093
172,310000	0,219335
172,320000	0,261401
172,330000	0,237181
172,340000	0,236544
172,350000	0,239093
172,360000	0,258852
172,370000	0,267137
172,380000	0,237819
172,390000	0,213599
172,400000	0,240368
172,410000	0,239731
172,420000	0,241005
172,430000	0,229533
172,440000	0,272874
172,450000	0,227621
172,460000	0,276698
172,470000	0,260126
172,480000	0,221884
172,490000	0,290083
172,500000	0,225709
172,510000	0,204038
172,520000	0,282434
172,530000	0,228896
172,540000	0,178544
172,550000	0,218060
172,560000	0,213599
172,570000	0,273511
172,580000	0,221884
172,590000	0,341709
172,600000	0,216786
172,610000	0,224434
172,620000	0,358281
172,630000	0,225071
172,640000	0,187467
172,650000	0,233994
172,660000	0,215511
172,670000	0,174082
172,680000	0,228258
172,690000	0,220610
172,700000	0,222522
172,710000	0,226983
172,720000	0,186829
172,730000	0,219335
172,740000	0,210412
172,750000	0,212961
172,760000	0,202126
172,770000	0,208500
172,780000	0,209775
172,790000	0,211687
172,800000	0,216786
172,810000	0,226346
172,820000	0,217423
172,830000	0,219972
172,840000	0,225071
172,850000	0,214236
172,860000	0,223797
172,870000	0,219335
172,880000	0,212961
172,890000	0,228258
172,900000	0,221884
172,910000	0,214236
172,920000	0,217423
172,930000	0,218060
172,940000	0,228896
172,950000	0,221247
172,960000	0,250566
172,970000	0,238456
172,980000	0,217423
172,990000	0,230808
173,000000	0,232082
173,010000	0,243555
173,020000	0,221247
173,030000	0,178544
173,040000	0,219972
173,050000	0,214873
173,060000	0,221884
173,070000	0,199577
173,080000	0,253753
173,090000	0,244830
173,100000	0,235907
173,110000	0,277973
173,120000	0,283072
173,130000	0,286896
173,140000	0,250566
173,150000	0,249291
173,160000	0,263313
173,170000	0,250566
173,180000	0,200214
173,190000	0,204038
173,200000	0,208500
173,210000	0,219335
173,220000	0,258852
173,230000	0,210412
173,240000	0,224434
173,250000	0,251841
173,260000	0,223159
173,270000	0,225071
173,280000	0,190016
173,290000	0,215511
173,300000	0,233357
173,310000	0,216148
173,320000	0,181730
173,330000	0,168346
173,340000	0,225071
173,350000	0,240368
173,360000	0,216148
173,370000	0,221884
173,380000	0,274786
173,390000	0,214236
173,400000	0,253115
173,410000	0,226983
173,420000	0,233994
173,430000	0,241643
173,440000	0,221247
173,450000	0,235269
173,460000	0,234632
173,470000	0,218698
173,480000	0,156873
173,490000	0,219335
173,500000	0,228896
173,510000	0,221247
173,520000	0,218698
173,530000	0,269050
173,540000	0,219972
173,550000	0,219335
173,560000	0,261401
173,570000	0,216786
173,580000	0,257577
173,590000	0,219972
173,600000	0,218060
173,610000	0,233994
173,620000	0,218698
173,630000	0,232082
173,640000	0,229533
173,650000	0,232720
173,660000	0,229533
173,670000	0,233994
173,680000	0,235269
173,690000	0,228896
173,700000	0,219972
173,710000	0,242280
173,720000	0,219972
173,730000	0,215511
173,740000	0,224434
173,750000	0,229533
173,760000	0,225071
173,770000	0,221884
173,780000	0,229533
173,790000	0,223159
173,800000	0,228258
173,810000	0,226346
173,820000	0,212324
173,830000	0,232082
173,840000	0,223797
173,850000	0,212961
173,860000	0,216148
173,870000	0,219972
173,880000	0,230808
173,890000	0,231445
173,900000	0,224434
173,910000	0,226346
173,920000	0,242280
173,930000	0,233994
173,940000	0,253753
173,950000	0,218060
173,960000	0,237181
173,970000	0,208500
173,980000	0,215511
173,990000	0,224434
174,000000	0,230170
174,010000	0,233357
174,020000	0,226983
174,030000	0,225071
174,040000	0,226983
174,050000	0,233357
174,060000	0,244192
174,070000	0,232082
174,080000	0,221247
174,090000	0,249929
174,100000	0,231445
174,110000	0,242918
174,120000	0,228258
174,130000	0,211049
174,140000	0,231445
174,150000	0,231445
174,160000	0,230170
174,170000	0,228258
174,180000	0,236544
174,190000	0,233994
174,200000	0,228258
174,210000	0,262676
174,220000	0,225071
174,230000	0,232720
174,240000	0,215511
174,250000	0,225709
174,260000	0,181730
174,270000	0,224434
174,280000	0,223797
174,290000	0,204038
174,300000	0,220610
174,310000	0,202126
174,320000	0,216786
174,330000	0,221884
174,340000	0,307929
174,350000	0,223159
174,360000	0,219972
174,370000	0,207225
174,380000	0,225709
174,390000	0,310478
174,400000	0,223797
174,410000	0,223159
174,420000	0,191291
174,430000	0,223159
174,440000	0,204676
174,450000	0,216786
174,460000	0,220610
174,470000	0,212961
174,480000	0,221884
174,490000	0,226346
174,500000	0,221884
174,510000	0,214236
174,520000	0,222522
174,530000	0,218060
174,540000	0,221884
174,550000	0,226346
174,560000	0,221247
174,570000	0,219335
174,580000	0,226346
174,590000	0,219972
174,600000	0,226983
174,610000	0,219972
174,620000	0,225071
174,630000	0,221884
174,640000	0,222522
174,650000	0,237181
174,660000	0,228896
174,670000	0,239093
174,680000	0,228896
174,690000	0,232720
174,700000	0,211049
174,710000	0,226983
174,720000	0,217423
174,730000	0,210412
174,740000	0,230808
174,750000	0,216786
174,760000	0,240368
174,770000	0,221884
174,780000	0,225709
174,790000	0,234632
174,800000	0,239093
174,810000	0,225071
174,820000	0,226983
174,830000	0,225071
174,840000	0,226983
174,850000	0,231445
174,860000	0,226346
174,870000	0,223159
174,880000	0,226346
174,890000	0,220610
174,900000	0,225071
174,910000	0,214873
174,920000	0,232082
174,930000	0,228896
174,940000	0,218698
174,950000	0,219972
174,960000	0,231445
174,970000	0,221884
174,980000	0,220610
174,990000	0,219335
175,000000	0,226346
175,010000	0,219972
175,020000	0,214873
175,030000	0,216786
175,040000	0,218698
175,050000	0,221884
175,060000	0,225071
175,070000	0,224434
175,080000	0,212324
175,090000	0,216786
175,100000	0,225071
175,110000	0,219335
175,120000	0,227621
175,130000	0,218698
175,140000	0,218060
175,150000	0,214236
175,160000	0,220610
175,170000	0,215511
175,180000	0,220610
175,190000	0,230808
175,200000	0,214873
175,210000	0,226346
175,220000	0,213599
175,230000	0,230808
175,240000	0,213599
175,250000	0,218698
175,260000	0,222522
175,270000	0,224434
175,280000	0,224434
175,290000	0,221884
175,300000	0,221247
175,310000	0,219972
175,320000	0,218060
175,330000	0,227621
175,340000	0,219972
175,350000	0,219972
175,360000	0,222522
175,370000	0,225071
175,380000	0,217423
175,390000	0,223159
175,400000	0,221884
175,410000	0,233357
175,420000	0,224434
175,430000	0,221247
175,440000	0,221884
175,450000	0,223159
175,460000	0,221884
175,470000	0,225071
175,480000	0,218060
175,490000	0,224434
175,500000	0,217423
175,510000	0,228258
175,520000	0,215511
175,530000	0,229533
175,540000	0,226346
175,550000	0,230170
175,560000	0,215511
175,570000	0,228896
175,580000	0,222522
175,590000	0,226346
175,600000	0,219972
175,610000	0,224434
175,620000	0,222522
175,630000	0,225071
175,640000	0,225071
175,650000	0,218060
175,660000	0,224434
175,670000	0,221884
175,680000	0,223797
175,690000	0,225709
175,700000	0,219972
175,710000	0,228896
175,720000	0,219335
175,730000	0,226983
175,740000	0,218060
175,750000	0,228896
175,760000	0,215511
175,770000	0,218060
175,780000	0,221247
175,790000	0,225709
175,800000	0,218060
175,810000	0,218060
175,820000	0,225709
175,830000	0,226346
175,840000	0,216786
175,850000	0,220610
175,860000	0,219335
175,870000	0,224434
175,880000	0,223159
175,890000	0,228896
175,900000	0,228896
175,910000	0,228896
175,920000	0,227621
175,930000	0,226346
175,940000	0,225071
175,950000	0,223797
175,960000	0,231445
175,970000	0,231445
175,980000	0,220610
175,990000	0,219335
176,000000	0,231445
176,010000	0,223159
176,020000	0,221884
176,030000	0,225709
176,040000	0,222522
176,050000	0,226346
176,060000	0,228896
176,070000	0,221884
176,080000	0,228258
176,090000	0,219972
176,100000	0,226983
176,110000	0,221247
176,120000	0,225071
176,130000	0,226346
176,140000	0,229533
176,150000	0,219335
176,160000	0,223159
176,170000	0,219335
176,180000	0,223797
176,190000	0,225709
176,200000	0,229533
176,210000	0,219335
176,220000	0,228896
176,230000	0,228258
176,240000	0,230170
176,250000	0,217423
176,260000	0,228896
176,270000	0,220610
176,280000	0,220610
176,290000	0,221884
176,300000	0,228258
176,310000	0,218060
176,320000	0,228896
176,330000	0,219335
176,340000	0,228258
176,350000	0,230808
176,360000	0,225071
176,370000	0,219972
176,380000	0,223797
176,390000	0,228896
176,400000	0,223159
176,410000	0,228258
176,420000	0,225071
176,430000	0,222522
176,440000	0,232720
176,450000	0,232082
176,460000	0,221884
176,470000	0,231445
176,480000	0,229533
176,490000	0,221884
176,500000	0,225071
176,510000	0,232082
176,520000	0,226346
176,530000	0,230170
176,540000	0,226983
176,550000	0,226983
176,560000	0,225071
176,570000	0,221247
176,580000	0,226983
176,590000	0,222522
176,600000	0,232082
176,610000	0,230170
176,620000	0,231445
176,630000	0,233994
176,640000	0,232082
176,650000	0,222522
176,660000	0,228258
176,670000	0,221247
176,680000	0,225071
176,690000	0,226346
176,700000	0,224434
176,710000	0,228258
176,720000	0,226346
176,730000	0,231445
176,740000	0,223797
176,750000	0,225709
176,760000	0,217423
176,770000	0,226346
176,780000	0,221884
176,790000	0,225071
176,800000	0,222522
176,810000	0,228896
176,820000	0,216148
176,830000	0,223797
176,840000	0,226983
176,850000	0,221884
176,860000	0,223797
176,870000	0,218698
176,880000	0,225071
176,890000	0,225071
176,900000	0,220610
176,910000	0,224434
176,920000	0,212961
176,930000	0,228896
176,940000	0,216786
176,950000	0,226346
176,960000	0,220610
176,970000	0,220610
176,980000	0,220610
176,990000	0,221884
177,000000	0,225071
177,010000	0,232720
177,020000	0,213599
177,030000	0,228258
177,040000	0,221884
177,050000	0,232082
177,060000	0,213599
177,070000	0,225071
177,080000	0,213599
177,090000	0,230170
177,100000	0,223797
177,110000	0,226983
177,120000	0,216148
177,130000	0,226346
177,140000	0,222522
177,150000	0,223159
177,160000	0,223797
177,170000	0,224434
177,180000	0,221247
177,190000	0,226346
177,200000	0,219335
177,210000	0,224434
177,220000	0,221884
177,230000	0,217423
177,240000	0,221247
177,250000	0,227621
177,260000	0,224434
177,270000	0,223159
177,280000	0,221247
177,290000	0,221247
177,300000	0,222522
177,310000	0,219335
177,320000	0,221884
177,330000	0,222522
177,340000	0,225071
177,350000	0,221884
177,360000	0,225709
177,370000	0,226983
177,380000	0,221884
177,390000	0,219335
177,400000	0,216786
177,410000	0,226346
177,420000	0,221884
177,430000	0,221247
177,440000	0,214873
177,450000	0,217423
177,460000	0,220610
177,470000	0,224434
177,480000	0,223159
177,490000	0,223159
177,500000	0,220610
177,510000	0,216786
177,520000	0,220610
177,530000	0,216148
177,540000	0,220610
177,550000	0,219972
177,560000	0,218698
177,570000	0,219335
177,580000	0,221247
177,590000	0,215511
177,600000	0,225071
177,610000	0,221884
177,620000	0,221884
177,630000	0,214236
177,640000	0,216148
177,650000	0,219335
177,660000	0,215511
177,670000	0,221884
177,680000	0,219335
177,690000	0,216148
177,700000	0,220610
177,710000	0,224434
177,720000	0,228258
177,730000	0,221247
177,740000	0,226983
177,750000	0,223797
177,760000	0,221247
177,770000	0,222522
177,780000	0,224434
177,790000	0,218698
177,800000	0,227621
177,810000	0,221884
177,820000	0,224434
177,830000	0,223159
177,840000	0,230170
177,850000	0,224434
177,860000	0,224434
177,870000	0,224434
177,880000	0,221884
177,890000	0,220610
177,900000	0,224434
177,910000	0,222522
177,920000	0,229533
177,930000	0,223159
177,940000	0,225709
177,950000	0,219335
177,960000	0,220610
177,970000	0,225709
177,980000	0,223159
177,990000	0,228896
178,000000	0,224434
178,010000	0,218698
178,020000	0,228896
178,030000	0,220610
178,040000	0,226346
178,050000	0,221884
178,060000	0,221884
178,070000	0,226346
178,080000	0,221884
178,090000	0,224434
178,100000	0,220610
178,110000	0,226346
178,120000	0,217423
178,130000	0,221247
178,140000	0,223159
178,150000	0,225071
178,160000	0,225709
178,170000	0,224434
178,180000	0,219972
178,190000	0,228896
178,200000	0,211049
178,210000	0,230808
178,220000	0,218698
178,230000	0,228258
178,240000	0,219972
178,250000	0,226983
178,260000	0,221884
178,270000	0,227621
178,280000	0,222522
178,290000	0,229533
178,300000	0,225071
178,310000	0,229533
178,320000	0,223159
178,330000	0,231445
178,340000	0,223159
178,350000	0,230808
178,360000	0,224434
178,370000	0,226346
178,380000	0,219972
178,390000	0,227621
178,400000	0,225709
178,410000	0,225709
178,420000	0,221884
178,430000	0,226983
178,440000	0,224434
178,450000	0,226983
178,460000	0,224434
178,470000	0,226346
178,480000	0,229533
178,490000	0,232720
178,500000	0,234632
178,510000	0,228258
178,520000	0,226983
178,530000	0,226983
178,540000	0,232082
178,550000	0,224434
178,560000	0,227621
178,570000	0,230170
178,580000	0,225071
178,590000	0,224434
178,600000	0,229533
178,610000	0,229533
178,620000	0,223797
178,630000	0,232082
178,640000	0,224434
178,650000	0,231445
178,660000	0,223797
178,670000	0,223159
178,680000	0,224434
178,690000	0,224434
178,700000	0,225071
178,710000	0,226346
178,720000	0,221884
178,730000	0,228258
178,740000	0,220610
178,750000	0,226346
178,760000	0,224434
178,770000	0,226983
178,780000	0,221884
178,790000	0,225709
178,800000	0,218698
178,810000	0,226983
178,820000	0,221884
178,830000	0,224434
178,840000	0,219335
178,850000	0,223159
178,860000	0,226983
178,870000	0,223159
178,880000	0,223159
178,890000	0,225709
178,900000	0,221884
178,910000	0,221884
178,920000	0,224434
178,930000	0,225709
178,940000	0,222522
178,950000	0,224434
178,960000	0,224434
178,970000	0,228896
178,980000	0,221884
178,990000	0,224434
179,000000	0,221247
179,010000	0,228258
179,020000	0,220610
179,030000	0,226346
179,040000	0,221884
179,050000	0,227621
179,060000	0,219972
179,070000	0,230808
179,080000	0,215511
179,090000	0,232720
179,100000	0,222522
179,110000	0,226983
179,120000	0,221884
179,130000	0,227621
179,140000	0,219972
179,150000	0,229533
179,160000	0,221884
179,170000	0,223159
179,180000	0,221884
179,190000	0,226983
179,200000	0,224434
179,210000	0,228896
179,220000	0,216148
179,230000	0,222522
179,240000	0,224434
179,250000	0,221884
179,260000	0,221247
179,270000	0,220610
179,280000	0,221884
179,290000	0,222522
179,300000	0,217423
179,310000	0,222522
179,320000	0,225071
179,330000	0,224434
179,340000	0,223797
179,350000	0,220610
179,360000	0,219335
179,370000	0,214873
179,380000	0,224434
179,390000	0,219335
179,400000	0,221884
179,410000	0,212324
179,420000	0,221247
179,430000	0,212324
179,440000	0,228896
179,450000	0,212961
179,460000	0,218698
179,470000	0,218698
179,480000	0,223159
179,490000	0,223797
179,500000	0,219972
179,510000	0,216786
179,520000	0,224434
179,530000	0,220610
179,540000	0,226346
179,550000	0,220610
179,560000	0,230808
179,570000	0,223797
179,580000	0,219335
179,590000	0,221247
179,600000	0,225709
179,610000	0,219335
179,620000	0,220610
179,630000	0,220610
179,640000	0,224434
179,650000	0,219972
179,660000	0,220610
179,670000	0,216148
179,680000	0,221884
179,690000	0,216786
179,700000	0,224434
179,710000	0,221247
179,720000	0,226346
179,730000	0,219335
179,740000	0,224434
179,750000	0,221884
179,760000	0,225709
179,770000	0,223159
179,780000	0,225071
179,790000	0,218698
179,800000	0,223797
179,810000	0,223159
179,820000	0,224434
179,830000	0,225071
179,840000	0,219335
179,850000	0,219972
179,860000	0,220610
179,870000	0,220610
179,880000	0,219335
179,890000	0,219335
179,900000	0,218060
179,910000	0,226983
179,920000	0,213599
179,930000	0,224434
179,940000	0,213599
179,950000	0,227621
179,960000	0,214236
179,970000	0,227621
179,980000	0,214236
179,990000	0,223159
180,000000	0,218060
180,010000	0,225071
180,020000	0,218698
180,030000	0,224434
180,040000	0,220610
180,050000	0,229533
180,060000	0,219335
180,070000	0,225709
180,080000	0,221884
180,090000	0,230808
180,100000	0,218698
180,110000	0,223797
180,120000	0,219335
180,130000	0,227621
180,140000	0,221884
180,150000	0,228896
180,160000	0,221247
180,170000	0,225071
180,180000	0,224434
180,190000	0,222522
180,200000	0,221247
180,210000	0,224434
180,220000	0,221884
180,230000	0,230170
180,240000	0,222522
180,250000	0,229533
180,260000	0,221884
180,270000	0,224434
180,280000	0,224434
180,290000	0,233994
180,300000	0,223797
180,310000	0,223797
180,320000	0,225709
180,330000	0,225709
180,340000	0,221884
180,350000	0,232082
180,360000	0,224434
180,370000	0,228896
180,380000	0,225709
180,390000	0,225071
180,400000	0,219972
180,410000	0,225071
180,420000	0,220610
180,430000	0,223797
180,440000	0,221884
180,450000	0,221247
180,460000	0,223159
180,470000	0,225709
180,480000	0,223159
180,490000	0,223159
180,500000	0,221884
180,510000	0,223797
180,520000	0,223797
180,530000	0,221884
180,540000	0,223159
180,550000	0,223159
180,560000	0,226346
180,570000	0,226346
180,580000	0,225071
180,590000	0,221884
180,600000	0,224434
180,610000	0,222522
180,620000	0,224434
180,630000	0,224434
180,640000	0,224434
180,650000	0,226346
180,660000	0,232082
180,670000	0,223797
180,680000	0,226346
180,690000	0,224434
180,700000	0,226983
180,710000	0,225071
180,720000	0,226346
180,730000	0,225709
180,740000	0,225071
180,750000	0,226346
180,760000	0,224434
180,770000	0,223797
180,780000	0,226983
180,790000	0,226346
180,800000	0,225709
180,810000	0,226983
180,820000	0,225071
180,830000	0,227621
180,840000	0,227621
180,850000	0,231445
180,860000	0,219972
180,870000	0,226346
180,880000	0,223159
180,890000	0,226346
180,900000	0,221884
180,910000	0,232082
180,920000	0,223159
180,930000	0,224434
180,940000	0,224434
180,950000	0,224434
180,960000	0,223159
180,970000	0,223797
180,980000	0,225709
180,990000	0,226346
181,000000	0,223797
181,010000	0,226983
181,020000	0,222522
181,030000	0,225071
181,040000	0,223159
181,050000	0,223797
181,060000	0,221884
181,070000	0,226346
181,080000	0,225071
181,090000	0,226346
181,100000	0,222522
181,110000	0,225071
181,120000	0,220610
181,130000	0,221884
181,140000	0,223797
181,150000	0,222522
181,160000	0,220610
181,170000	0,223797
181,180000	0,223797
181,190000	0,225709
181,200000	0,219335
181,210000	0,221884
181,220000	0,222522
181,230000	0,223797
181,240000	0,225071
181,250000	0,219972
181,260000	0,225071
181,270000	0,224434
181,280000	0,223797
181,290000	0,223159
181,300000	0,225071
181,310000	0,224434
181,320000	0,223159
181,330000	0,222522
181,340000	0,224434
181,350000	0,225071
181,360000	0,224434
181,370000	0,224434
181,380000	0,221884
181,390000	0,225071
181,400000	0,224434
181,410000	0,222522
181,420000	0,222522
181,430000	0,223159
181,440000	0,223159
181,450000	0,221884
181,460000	0,221247
181,470000	0,223797
181,480000	0,219972
181,490000	0,225709
181,500000	0,221884
181,510000	0,224434
181,520000	0,221884
181,530000	0,221884
181,540000	0,219335
181,550000	0,226346
181,560000	0,220610
181,570000	0,226983
181,580000	0,218060
181,590000	0,225071
181,600000	0,217423
181,610000	0,223797
181,620000	0,219972
181,630000	0,225071
181,640000	0,218060
181,650000	0,227621
181,660000	0,219972
181,670000	0,225071
181,680000	0,219335
181,690000	0,225709
181,700000	0,219972
181,710000	0,223159
181,720000	0,220610
181,730000	0,223159
181,740000	0,219335
181,750000	0,226346
181,760000	0,215511
181,770000	0,225709
181,780000	0,219335
181,790000	0,226346
181,800000	0,221884
181,810000	0,221247
181,820000	0,222522
181,830000	0,225071
181,840000	0,221247
181,850000	0,226983
181,860000	0,219335
181,870000	0,224434
181,880000	0,218698
181,890000	0,222522
181,900000	0,223797
181,910000	0,225071
181,920000	0,219335
181,930000	0,223159
181,940000	0,221884
181,950000	0,226346
181,960000	0,223159
181,970000	0,224434
181,980000	0,219335
181,990000	0,225071
182,000000	0,219972
182,010000	0,224434
182,020000	0,220610
182,030000	0,225071
182,040000	0,218698
182,050000	0,224434
182,060000	0,218060
182,070000	0,226346
182,080000	0,220610
182,090000	0,225709
182,100000	0,220610
182,110000	0,225709
182,120000	0,220610
182,130000	0,228258
182,140000	0,217423
182,150000	0,225071
182,160000	0,219972
182,170000	0,223159
182,180000	0,223797
182,190000	0,224434
182,200000	0,219335
182,210000	0,223797
182,220000	0,223797
182,230000	0,224434
182,240000	0,223159
182,250000	0,223159
182,260000	0,223797
182,270000	0,222522
182,280000	0,224434
182,290000	0,220610
182,300000	0,225071
182,310000	0,223159
182,320000	0,222522
182,330000	0,223159
182,340000	0,221884
182,350000	0,221884
182,360000	0,221247
182,370000	0,219335
182,380000	0,221247
182,390000	0,224434
182,400000	0,221884
182,410000	0,223159
182,420000	0,223797
182,430000	0,222522
182,440000	0,221884
182,450000	0,224434
182,460000	0,222522
182,470000	0,223159
182,480000	0,223159
182,490000	0,223159
182,500000	0,223797
182,510000	0,222522
182,520000	0,224434
182,530000	0,223797
182,540000	0,223159
182,550000	0,224434
182,560000	0,223159
182,570000	0,224434
182,580000	0,224434
182,590000	0,223159
182,600000	0,224434
182,610000	0,223797
182,620000	0,226346
182,630000	0,223159
182,640000	0,222522
182,650000	0,223159
182,660000	0,225709
182,670000	0,223797
182,680000	0,223159
182,690000	0,224434
182,700000	0,223159
182,710000	0,222522
182,720000	0,223159
182,730000	0,220610
182,740000	0,226346
182,750000	0,223159
182,760000	0,225709
182,770000	0,224434
182,780000	0,224434
182,790000	0,225071
182,800000	0,224434
182,810000	0,223159
182,820000	0,225071
182,830000	0,221884
182,840000	0,225071
182,850000	0,221884
182,860000	0,228258
182,870000	0,224434
182,880000	0,224434
182,890000	0,226346
182,900000	0,225709
182,910000	0,224434
182,920000	0,225071
182,930000	0,224434
182,940000	0,224434
182,950000	0,225709
182,960000	0,223797
182,970000	0,228258
182,980000	0,226983
182,990000	0,225709
183,000000	0,224434
183,010000	0,225071
183,020000	0,225709
183,030000	0,226983
183,040000	0,223159
183,050000	0,228896
183,060000	0,219335
183,070000	0,226346
183,080000	0,219972
183,090000	0,225709
183,100000	0,221247
183,110000	0,226346
183,120000	0,221884
183,130000	0,228896
183,140000	0,224434
183,150000	0,224434
183,160000	0,220610
183,170000	0,223159
183,180000	0,223159
183,190000	0,222522
183,200000	0,218698
183,210000	0,226346
183,220000	0,225071
183,230000	0,222522
183,240000	0,223159
183,250000	0,223159
183,260000	0,221247
183,270000	0,223797
183,280000	0,219972
183,290000	0,223159
183,300000	0,223797
183,310000	0,225709
183,320000	0,220610
183,330000	0,223797
183,340000	0,219972
183,350000	0,224434
183,360000	0,221884
183,370000	0,225071
183,380000	0,223159
183,390000	0,228896
183,400000	0,219972
183,410000	0,226346
183,420000	0,221247
183,430000	0,225071
183,440000	0,221247
183,450000	0,224434
183,460000	0,221884
183,470000	0,228896
183,480000	0,216786
183,490000	0,225071
183,500000	0,219335
183,510000	0,226983
183,520000	0,219335
183,530000	0,224434
183,540000	0,216148
183,550000	0,229533
183,560000	0,214873
183,570000	0,225071
183,580000	0,218060
183,590000	0,227621
183,600000	0,218060
183,610000	0,223797
183,620000	0,216148
183,630000	0,224434
183,640000	0,219335
183,650000	0,219972
183,660000	0,219335
183,670000	0,223797
183,680000	0,223159
183,690000	0,220610
183,700000	0,219335
183,710000	0,223159
183,720000	0,217423
183,730000	0,225709
183,740000	0,217423
183,750000	0,224434
183,760000	0,219972
183,770000	0,219972
183,780000	0,219972
183,790000	0,221884
183,800000	0,219972
183,810000	0,221884
183,820000	0,219335
183,830000	0,220610
183,840000	0,219335
183,850000	0,225709
183,860000	0,221884
183,870000	0,222522
183,880000	0,219335
183,890000	0,220610
183,900000	0,220610
183,910000	0,219972
183,920000	0,219335
183,930000	0,222522
183,940000	0,218698
183,950000	0,219972
183,960000	0,220610
183,970000	0,219335
183,980000	0,221247
183,990000	0,219972
184,000000	0,220610
184,010000	0,220610
184,020000	0,214873
184,030000	0,223159
184,040000	0,220610
184,050000	0,221247
184,060000	0,223159
184,070000	0,219335
184,080000	0,226983
184,090000	0,220610
184,100000	0,220610
184,110000	0,222522
184,120000	0,217423
184,130000	0,221247
184,140000	0,214873
184,150000	0,221247
184,160000	0,218060
184,170000	0,225071
184,180000	0,214873
184,190000	0,219335
184,200000	0,218060
184,210000	0,223159
184,220000	0,214873
184,230000	0,221247
184,240000	0,218060
184,250000	0,224434
184,260000	0,218698
184,270000	0,218060
184,280000	0,219972
184,290000	0,219335
184,300000	0,219335
184,310000	0,216148
184,320000	0,219335
184,330000	0,224434
184,340000	0,219972
184,350000	0,224434
184,360000	0,223159
184,370000	0,221247
184,380000	0,225071
184,390000	0,222522
184,400000	0,224434
184,410000	0,224434
184,420000	0,219335
184,430000	0,218060
184,440000	0,223797
184,450000	0,220610
184,460000	0,224434
184,470000	0,225709
184,480000	0,221247
184,490000	0,223159
184,500000	0,225709
184,510000	0,225709
184,520000	0,220610
184,530000	0,223797
184,540000	0,222522
184,550000	0,223797
184,560000	0,220610
184,570000	0,225709
184,580000	0,220610
184,590000	0,221884
184,600000	0,221884
184,610000	0,224434
184,620000	0,221247
184,630000	0,221247
184,640000	0,221247
184,650000	0,224434
184,660000	0,227621
184,670000	0,221884
184,680000	0,225709
184,690000	0,225071
184,700000	0,221884
184,710000	0,220610
184,720000	0,224434
184,730000	0,223159
184,740000	0,224434
184,750000	0,223159
184,760000	0,224434
184,770000	0,226983
184,780000	0,219335
184,790000	0,223797
184,800000	0,219972
184,810000	0,225071
184,820000	0,221247
184,830000	0,224434
184,840000	0,223159
184,850000	0,230170
184,860000	0,218698
184,870000	0,225709
184,880000	0,217423
184,890000	0,225071
184,900000	0,219335
184,910000	0,228896
184,920000	0,221247
184,930000	0,227621
184,940000	0,219972
184,950000	0,225071
184,960000	0,221247
184,970000	0,223159
184,980000	0,221884
184,990000	0,225709
185,000000	0,222522
185,010000	0,221884
185,020000	0,221884
185,030000	0,225709
185,040000	0,226346
185,050000	0,225071
185,060000	0,221247
185,070000	0,223159
185,080000	0,223797
185,090000	0,226346
185,100000	0,223159
185,110000	0,223797
185,120000	0,226983
185,130000	0,223797
185,140000	0,221884
185,150000	0,223797
185,160000	0,226346
185,170000	0,224434
185,180000	0,223797
185,190000	0,224434
185,200000	0,223159
185,210000	0,225071
185,220000	0,223159
185,230000	0,225071
185,240000	0,221884
185,250000	0,221884
185,260000	0,224434
185,270000	0,224434
185,280000	0,221247
185,290000	0,225071
185,300000	0,219335
185,310000	0,222522
185,320000	0,220610
185,330000	0,228896
185,340000	0,219972
185,350000	0,221247
185,360000	0,221247
185,370000	0,226983
185,380000	0,220610
185,390000	0,223159
185,400000	0,220610
185,410000	0,224434
185,420000	0,219972
185,430000	0,224434
185,440000	0,221884
185,450000	0,221884
185,460000	0,224434
185,470000	0,223797
185,480000	0,219335
185,490000	0,225071
185,500000	0,221247
185,510000	0,224434
185,520000	0,221884
185,530000	0,220610
185,540000	0,224434
185,550000	0,224434
185,560000	0,221884
185,570000	0,220610
185,580000	0,219972
185,590000	0,221247
185,600000	0,219972
185,610000	0,221247
185,620000	0,221247
185,630000	0,218698
185,640000	0,221884
185,650000	0,221247
185,660000	0,217423
185,670000	0,219972
185,680000	0,219972
185,690000	0,218698
185,700000	0,220610
185,710000	0,221884
185,720000	0,223159
185,730000	0,219972
185,740000	0,220610
185,750000	0,221884
185,760000	0,216786
185,770000	0,219972
185,780000	0,218060
185,790000	0,220610
185,800000	0,224434
185,810000	0,215511
185,820000	0,219972
185,830000	0,222522
185,840000	0,218698
185,850000	0,221884
185,860000	0,218060
185,870000	0,219972
185,880000	0,219972
185,890000	0,219972
185,900000	0,220610
185,910000	0,219972
185,920000	0,218060
185,930000	0,220610
185,940000	0,219972
185,950000	0,219972
185,960000	0,220610
185,970000	0,216148
185,980000	0,219972
185,990000	0,216148
186,000000	0,223797
186,010000	0,219335
186,020000	0,223797
186,030000	0,218060
186,040000	0,221884
186,050000	0,216148
186,060000	0,225709
186,070000	0,221247
186,080000	0,224434
186,090000	0,219335
186,100000	0,223159
186,110000	0,218060
186,120000	0,220610
186,130000	0,223797
186,140000	0,224434
186,150000	0,220610
186,160000	0,216148
186,170000	0,218698
186,180000	0,221247
186,190000	0,221884
186,200000	0,218060
186,210000	0,225709
186,220000	0,219335
186,230000	0,225709
186,240000	0,219335
186,250000	0,221884
186,260000	0,221247
186,270000	0,218060
186,280000	0,219335
186,290000	0,223797
186,300000	0,222522
186,310000	0,220610
186,320000	0,221247
186,330000	0,224434
186,340000	0,221247
186,350000	0,220610
186,360000	0,222522
186,370000	0,224434
186,380000	0,218698
186,390000	0,221247
186,400000	0,219972
186,410000	0,224434
186,420000	0,218698
186,430000	0,225071
186,440000	0,218060
186,450000	0,223797
186,460000	0,217423
186,470000	0,223159
186,480000	0,224434
186,490000	0,226346
186,500000	0,219335
186,510000	0,225709
186,520000	0,215511
186,530000	0,224434
186,540000	0,216148
186,550000	0,225071
186,560000	0,219335
186,570000	0,228258
186,580000	0,219335
186,590000	0,226983
186,600000	0,221884
186,610000	0,230808
186,620000	0,224434
186,630000	0,223797
186,640000	0,223797
186,650000	0,225709
186,660000	0,225071
186,670000	0,225709
186,680000	0,221884
186,690000	0,224434
186,700000	0,217423
186,710000	0,224434
186,720000	0,218060
186,730000	0,226983
186,740000	0,219972
186,750000	0,223159
186,760000	0,219335
186,770000	0,226346
186,780000	0,224434
186,790000	0,226983
186,800000	0,226346
186,810000	0,219972
186,820000	0,224434
186,830000	0,220610
186,840000	0,223159
186,850000	0,220610
186,860000	0,225709
186,870000	0,220610
186,880000	0,229533
186,890000	0,219972
186,900000	0,228258
186,910000	0,223159
186,920000	0,226983
186,930000	0,218060
186,940000	0,227621
186,950000	0,223797
186,960000	0,224434
186,970000	0,221884
186,980000	0,219972
186,990000	0,222522
187,000000	0,219335
187,010000	0,226983
187,020000	0,225071
187,030000	0,225071
187,040000	0,229533
187,050000	0,219972
187,060000	0,219335
187,070000	0,219335
187,080000	0,226346
187,090000	0,226346
187,100000	0,221247
187,110000	0,221884
187,120000	0,221884
187,130000	0,221247
187,140000	0,223159
187,150000	0,221884
187,160000	0,221884
187,170000	0,228258
187,180000	0,223797
187,190000	0,223159
187,200000	0,216148
187,210000	0,224434
187,220000	0,224434
187,230000	0,222522
187,240000	0,224434
187,250000	0,219972
187,260000	0,223159
187,270000	0,224434
187,280000	0,219335
187,290000	0,228896
187,300000	0,221884
187,310000	0,225071
187,320000	0,221247
187,330000	0,228896
187,340000	0,224434
187,350000	0,225071
187,360000	0,221247
187,370000	0,223797
187,380000	0,219335
187,390000	0,221884
187,400000	0,221247
187,410000	0,223159
187,420000	0,219972
187,430000	0,221884
187,440000	0,223159
187,450000	0,219335
187,460000	0,217423
187,470000	0,226346
187,480000	0,218060
187,490000	0,223159
187,500000	0,221247
187,510000	0,219972
187,520000	0,219335
187,530000	0,219335
187,540000	0,219335
187,550000	0,219335
187,560000	0,223797
187,570000	0,217423
187,580000	0,218698
187,590000	0,223797
187,600000	0,216786
187,610000	0,228258
187,620000	0,219972
187,630000	0,223797
187,640000	0,218698
187,650000	0,223797
187,660000	0,222522
187,670000	0,224434
187,680000	0,223159
187,690000	0,218698
187,700000	0,222522
187,710000	0,219335
187,720000	0,222522
187,730000	0,221884
187,740000	0,221884
187,750000	0,219972
187,760000	0,217423
187,770000	0,220610
187,780000	0,223797
187,790000	0,225071
187,800000	0,219335
187,810000	0,216786
187,820000	0,221247
187,830000	0,224434
187,840000	0,222522
187,850000	0,218060
187,860000	0,218698
187,870000	0,219972
187,880000	0,220610
187,890000	0,218060
187,900000	0,216786
187,910000	0,220610
187,920000	0,221884
187,930000	0,225071
187,940000	0,217423
187,950000	0,222522
187,960000	0,218060
187,970000	0,222522
187,980000	0,216786
187,990000	0,222522
188,000000	0,217423
188,010000	0,221247
188,020000	0,219972
188,030000	0,218698
188,040000	0,219335
188,050000	0,221884
188,060000	0,216786
188,070000	0,219972
188,080000	0,218698
188,090000	0,222522
188,100000	0,219335
188,110000	0,220610
188,120000	0,218060
188,130000	0,219972
188,140000	0,223797
188,150000	0,218060
188,160000	0,219972
188,170000	0,218698
188,180000	0,221247
188,190000	0,220610
188,200000	0,221247
188,210000	0,225071
188,220000	0,216148
188,230000	0,224434
188,240000	0,218698
188,250000	0,221884
188,260000	0,224434
188,270000	0,229533
188,280000	0,220610
188,290000	0,222522
188,300000	0,239731
188,310000	0,220610
188,320000	0,238456
188,330000	0,221884
188,340000	0,219335
188,350000	0,220610
188,360000	0,223797
188,370000	0,225071
188,380000	0,221247
188,390000	0,222522
188,400000	0,219335
188,410000	0,225071
188,420000	0,218698
188,430000	0,221884
188,440000	0,216148
188,450000	0,283072
188,460000	0,212961
188,470000	0,219972
188,480000	0,221247
188,490000	0,211687
188,500000	0,239731
188,510000	0,222522
188,520000	0,212961
188,530000	0,208500
188,540000	0,216148
188,550000	0,195752
188,560000	0,206588
188,570000	0,204038
188,580000	0,222522
188,590000	0,205313
188,600000	0,149862
188,610000	0,210412
188,620000	0,225071
188,630000	0,212961
188,640000	0,228896
188,650000	0,223159
188,660000	0,207225
188,670000	0,225071
188,680000	0,223159
188,690000	0,221884
188,700000	0,218698
188,710000	0,228258
188,720000	0,235907
188,730000	0,226983
188,740000	0,230170
188,750000	0,228896
188,760000	0,223797
188,770000	0,232082
188,780000	0,233357
188,790000	0,226346
188,800000	0,227621
188,810000	0,223797
188,820000	0,228896
188,830000	0,204038
188,840000	0,220610
188,850000	0,207862
188,860000	0,231445
188,870000	0,228896
188,880000	0,180456
188,890000	0,225709
188,900000	0,177906
188,910000	0,227621
188,920000	0,230808
188,930000	0,229533
188,940000	0,228258
188,950000	0,224434
188,960000	0,219335
188,970000	0,244192
188,980000	0,241643
188,990000	0,244830
189,000000	0,228896
189,010000	0,226983
189,020000	0,216148
189,030000	0,230170
189,040000	0,219335
189,050000	0,228896
189,060000	0,221247
189,070000	0,219972
189,080000	0,219335
189,090000	0,221884
189,100000	0,214873
189,110000	0,216786
189,120000	0,212961
189,130000	0,218060
189,140000	0,216148
189,150000	0,209775
189,160000	0,206588
189,170000	0,251203
189,180000	0,218060
189,190000	0,213599
189,200000	0,212324
189,210000	0,213599
189,220000	0,198939
189,230000	0,225071
189,240000	0,244192
189,250000	0,226983
189,260000	0,216786
189,270000	0,277973
189,280000	0,219972
189,290000	0,251203
189,300000	0,230170
189,310000	0,224434
189,320000	0,257577
189,330000	0,218698
189,340000	0,145401
189,350000	0,232720
189,360000	0,221247
189,370000	0,117994
189,380000	0,219972
189,390000	0,276698
189,400000	0,236544
189,410000	0,247379
189,420000	0,233357
189,430000	0,245467
189,440000	0,209137
189,450000	0,194478
189,460000	0,226983
189,470000	0,328962
189,480000	0,224434
189,490000	0,248016
189,500000	0,214236
189,510000	0,224434
189,520000	0,221247
189,530000	0,216148
189,540000	0,221247
189,550000	0,221247
189,560000	0,228258
189,570000	0,234632
189,580000	0,223797
189,590000	0,218060
189,600000	0,219972
189,610000	0,236544
189,620000	0,225709
189,630000	0,206588
189,640000	0,225709
189,650000	0,204676
189,660000	0,209137
189,670000	0,206588
189,680000	0,205313
189,690000	0,212324
189,700000	0,188741
189,710000	0,219335
189,720000	0,246742
189,730000	0,204038
189,740000	0,208500
189,750000	0,219335
189,760000	0,223797
189,770000	0,263951
189,780000	0,215511
189,790000	0,251203
189,800000	0,220610
189,810000	0,202763
189,820000	0,260126
189,830000	0,228896
189,840000	0,233994
189,850000	0,209775
189,860000	0,196390
189,870000	0,195115
189,880000	0,207862
189,890000	0,215511
189,900000	0,218698
189,910000	0,201489
189,920000	0,218060
189,930000	0,186829
189,940000	0,219335
189,950000	0,233357
189,960000	0,218060
189,970000	0,212961
189,980000	0,233994
189,990000	0,224434
190,000000	0,230170
190,010000	0,193203
190,020000	0,222522
190,030000	0,183643
190,040000	0,228896
190,050000	0,229533
190,060000	0,197665
190,070000	0,223797
190,080000	0,207225
190,090000	0,223797
190,100000	0,225071
190,110000	0,246742
190,120000	0,219335
190,130000	0,263951
190,140000	0,216786
190,150000	0,221884
190,160000	0,155598
190,170000	0,222522
190,180000	0,147313
190,190000	0,213599
190,200000	0,212961
190,210000	0,221247
190,220000	0,228258
190,230000	0,246742
190,240000	0,225071
190,250000	0,228896
190,260000	0,357006
190,270000	0,229533
190,280000	0,321314
190,290000	0,207862
190,300000	0,211687
190,310000	0,268412
190,320000	0,205313
190,330000	0,129466
190,340000	0,182368
190,350000	0,186829
190,360000	0,140939
190,370000	0,194478
190,380000	0,230170
190,390000	0,253753
190,400000	0,250566
190,410000	0,228258
190,420000	0,242280
190,430000	0,221884
190,440000	0,170258
190,450000	0,186829
190,460000	0,160697
190,470000	0,192566
190,480000	0,192566
190,490000	0,219972
190,500000	0,222522
190,510000	0,211687
190,520000	0,211687
190,530000	0,226346
190,540000	0,251841
190,550000	0,254390
190,560000	0,236544
190,570000	0,219335
190,580000	0,227621
190,590000	0,225071
190,600000	0,225071
190,610000	0,217423
190,620000	0,225071
190,630000	0,225071
190,640000	0,232720
190,650000	0,223797
190,660000	0,155598
190,670000	0,208500
190,680000	0,225071
190,690000	0,225709
190,700000	0,211687
190,710000	0,225071
190,720000	0,209775
190,730000	0,216148
190,740000	0,223159
190,750000	0,232082
190,760000	0,253115
190,770000	0,253115
190,780000	0,217423
190,790000	0,232082
190,800000	0,259489
190,810000	0,246104
190,820000	0,227621
190,830000	0,225709
190,840000	0,216786
190,850000	0,219335
190,860000	0,223797
190,870000	0,246742
190,880000	0,204038
190,890000	0,223159
190,900000	0,226346
190,910000	0,230808
190,920000	0,178544
190,930000	0,209775
190,940000	0,221247
190,950000	0,267137
190,960000	0,211049
190,970000	0,216786
190,980000	0,189379
190,990000	0,209775
191,000000	0,151774
191,010000	0,224434
191,020000	0,181093
191,030000	0,235907
191,040000	0,207862
191,050000	0,282434
191,060000	0,234632
191,070000	0,237819
191,080000	0,234632
191,090000	0,230808
191,100000	0,300918
191,110000	0,228258
191,120000	0,237819
191,130000	0,225709
191,140000	0,231445
191,150000	0,098235
191,160000	0,219972
191,170000	0,201489
191,180000	0,213599
191,190000	0,209137
191,200000	0,212324
191,210000	0,211687
191,220000	0,239731
191,230000	0,239731
191,240000	0,243555
191,250000	0,304105
191,260000	0,263313
191,270000	0,230808
191,280000	0,232082
191,290000	0,228258
191,300000	0,195115
191,310000	0,190654
191,320000	0,193840
191,330000	0,186829
191,340000	0,191291
191,350000	0,187467
191,360000	0,216148
191,370000	0,263951
191,380000	0,250566
191,390000	0,241643
191,400000	0,312390
191,410000	0,288808
191,420000	0,293907
191,430000	0,226346
191,440000	0,256302
191,450000	0,195115
191,460000	0,186829
191,470000	0,176631
191,480000	0,191291
191,490000	0,207862
191,500000	0,198939
191,510000	0,208500
191,520000	0,198939
191,530000	0,258852
191,540000	0,203401
191,550000	0,265225
191,560000	0,220610
191,570000	0,193840
191,580000	0,251203
191,590000	0,227621
191,600000	0,215511
191,610000	0,223797
191,620000	0,198302
191,630000	0,190654
191,640000	0,215511
191,650000	0,216786
191,660000	0,221884
191,670000	0,189379
191,680000	0,202126
191,690000	0,204676
191,700000	0,215511
191,710000	0,214873
191,720000	0,223159
191,730000	0,215511
191,740000	0,237819
191,750000	0,221247
191,760000	0,228896
191,770000	0,214236
191,780000	0,227621
191,790000	0,181093
191,800000	0,237181
191,810000	0,225709
191,820000	0,200214
191,830000	0,223159
191,840000	0,209137
191,850000	0,248654
191,860000	0,219335
191,870000	0,270324
191,880000	0,216148
191,890000	0,184917
191,900000	0,198939
191,910000	0,223797
191,920000	0,283072
191,930000	0,230170
191,940000	0,209137
191,950000	0,206588
191,960000	0,237819
191,970000	0,158148
191,980000	0,218698
191,990000	0,212961
192,000000	0,218060
192,010000	0,214236
192,020000	0,296456
192,030000	0,221247
192,040000	0,218060
192,050000	0,221247
192,060000	0,213599
192,070000	0,269050
192,080000	0,204038
192,090000	0,224434
192,100000	0,199577
192,110000	0,200851
192,120000	0,165159
192,130000	0,188104
192,140000	0,197665
192,150000	0,185555
192,160000	0,187467
192,170000	0,205950
192,180000	0,190654
192,190000	0,214236
192,200000	0,246742
192,210000	0,220610
192,220000	0,251203
192,230000	0,255028
192,240000	0,260764
192,250000	0,213599
192,260000	0,221247
192,270000	0,189379
192,280000	0,165159
192,290000	0,157511
192,300000	0,126917
192,310000	0,175994
192,320000	0,198939
192,330000	0,208500
192,340000	0,244830
192,350000	0,256940
192,360000	0,247379
192,370000	0,234632
192,380000	0,236544
192,390000	0,234632
192,400000	0,239731
192,410000	0,235269
192,420000	0,220610
192,430000	0,227621
192,440000	0,205313
192,450000	0,171533
192,460000	0,212324
192,470000	0,226346
192,480000	0,230808
192,490000	0,215511
192,500000	0,239093
192,510000	0,245467
192,520000	0,225071
192,530000	0,241643
192,540000	0,239731
192,550000	0,232082
192,560000	0,234632
192,570000	0,198302
192,580000	0,232720
192,590000	0,240368
192,600000	0,225071
192,610000	0,218698
192,620000	0,188741
192,630000	0,224434
192,640000	0,212324
192,650000	0,219972
192,660000	0,186192
192,670000	0,210412
192,680000	0,219335
192,690000	0,252478
192,700000	0,213599
192,710000	0,206588
192,720000	0,168346
192,730000	0,221884
192,740000	0,190654
192,750000	0,228896
192,760000	0,233357
192,770000	0,153686
192,780000	0,216148
192,790000	0,246742
192,800000	0,218698
192,810000	0,214236
192,820000	0,253115
192,830000	0,213599
192,840000	0,274786
192,850000	0,228258
192,860000	0,219972
192,870000	0,236544
192,880000	0,214873
192,890000	0,234632
192,900000	0,209775
192,910000	0,214873
192,920000	0,116719
192,930000	0,224434
192,940000	0,215511
192,950000	0,230808
192,960000	0,209775
192,970000	0,176631
192,980000	0,209775
192,990000	0,244830
193,000000	0,211687
193,010000	0,209137
193,020000	0,262676
193,030000	0,212961
193,040000	0,221884
193,050000	0,239093
193,060000	0,246104
193,070000	0,257577
193,080000	0,241005
193,090000	0,235907
193,100000	0,223797
193,110000	0,212324
193,120000	0,183005
193,130000	0,209137
193,140000	0,197665
193,150000	0,216786
193,160000	0,186192
193,170000	0,238456
193,180000	0,241643
193,190000	0,201489
193,200000	0,295182
193,210000	0,284346
193,220000	0,291357
193,230000	0,277973
193,240000	0,265863
193,250000	0,231445
193,260000	0,233357
193,270000	0,200214
193,280000	0,220610
193,290000	0,198939
193,300000	0,245467
193,310000	0,189379
193,320000	0,207862
193,330000	0,221884
193,340000	0,214236
193,350000	0,219972
193,360000	0,212961
193,370000	0,211687
193,380000	0,209775
193,390000	0,227621
193,400000	0,193203
193,410000	0,214236
193,420000	0,232720
193,430000	0,213599
193,440000	0,193203
193,450000	0,215511
193,460000	0,227621
193,470000	0,234632
193,480000	0,214873
193,490000	0,211687
193,500000	0,221884
193,510000	0,201489
193,520000	0,240368
193,530000	0,221247
193,540000	0,232082
193,550000	0,216786
193,560000	0,265225
193,570000	0,251203
193,580000	0,228896
193,590000	0,205950
193,600000	0,230170
193,610000	0,227621
193,620000	0,274148
193,630000	0,218060
193,640000	0,263313
193,650000	0,212961
193,660000	0,214236
193,670000	0,263951
193,680000	0,221247
193,690000	0,165796
193,700000	0,219335
193,710000	0,208500
193,720000	0,184917
193,730000	0,242280
193,740000	0,318127
193,750000	0,225071
193,760000	0,238456
193,770000	0,311753
193,780000	0,228258
193,790000	0,216148
193,800000	0,214236
193,810000	0,216786
193,820000	0,343621
193,830000	0,223797
193,840000	0,219335
193,850000	0,219335
193,860000	0,212324
193,870000	0,171533
193,880000	0,213599
193,890000	0,216786
193,900000	0,205313
193,910000	0,207225
193,920000	0,205950
193,930000	0,214236
193,940000	0,204676
193,950000	0,221884
193,960000	0,203401
193,970000	0,232082
193,980000	0,235907
193,990000	0,216148
194,000000	0,237181
194,010000	0,233357
194,020000	0,250566
194,030000	0,237819
194,040000	0,224434
194,050000	0,237819
194,060000	0,205950
194,070000	0,187467
194,080000	0,225709
194,090000	0,179818
194,100000	0,200214
194,110000	0,193840
194,120000	0,205313
194,130000	0,182368
194,140000	0,160060
194,150000	0,222522
194,160000	0,228896
194,170000	0,230170
194,180000	0,235907
194,190000	0,237181
194,200000	0,207862
194,210000	0,223797
194,220000	0,225709
194,230000	0,225709
194,240000	0,214873
194,250000	0,244830
194,260000	0,248654
194,270000	0,221884
194,280000	0,221884
194,290000	0,255028
194,300000	0,221247
194,310000	0,214873
194,320000	0,219972
194,330000	0,230170
194,340000	0,221884
194,350000	0,219335
194,360000	0,209775
194,370000	0,234632
194,380000	0,230170
194,390000	0,211687
194,400000	0,219335
194,410000	0,228896
194,420000	0,212961
194,430000	0,218698
194,440000	0,235907
194,450000	0,216148
194,460000	0,181730
194,470000	0,241643
194,480000	0,213599
194,490000	0,163247
194,500000	0,226346
194,510000	0,214873
194,520000	0,214873
194,530000	0,214873
194,540000	0,235269
194,550000	0,226983
194,560000	0,232720
194,570000	0,226983
194,580000	0,223159
194,590000	0,170258
194,600000	0,236544
194,610000	0,214873
194,620000	0,117356
194,630000	0,203401
194,640000	0,249929
194,650000	0,214236
194,660000	0,211687
194,670000	0,090587
194,680000	0,218060
194,690000	0,223159
194,700000	0,218698
194,710000	0,219972
194,720000	0,256940
194,730000	0,225709
194,740000	0,221884
194,750000	0,219335
194,760000	0,232082
194,770000	0,224434
194,780000	0,234632
194,790000	0,220610
194,800000	0,230170
194,810000	0,232082
194,820000	0,238456
194,830000	0,232082
194,840000	0,238456
194,850000	0,241643
194,860000	0,222522
194,870000	0,224434
194,880000	0,242280
194,890000	0,220610
194,900000	0,205313
194,910000	0,236544
194,920000	0,209137
194,930000	0,209775
194,940000	0,195752
194,950000	0,249291
194,960000	0,234632
194,970000	0,235269
194,980000	0,242918
194,990000	0,259489
195,000000	0,255028
195,010000	0,249291
195,020000	0,251841
195,030000	0,269687
195,040000	0,230808
195,050000	0,235269
195,060000	0,257577
195,070000	0,202763
195,080000	0,201489
195,090000	0,207225
195,100000	0,204038
195,110000	0,217423
195,120000	0,204038
195,130000	0,209137
195,140000	0,196390
195,150000	0,204038
195,160000	0,196390
195,170000	0,221884
195,180000	0,218060
195,190000	0,203401
195,200000	0,212324
195,210000	0,230808
195,220000	0,226346
195,230000	0,233357
195,240000	0,221884
195,250000	0,211687
195,260000	0,209137
195,270000	0,221884
195,280000	0,221884
195,290000	0,193203
195,300000	0,224434
195,310000	0,241643
195,320000	0,225071
195,330000	0,219972
195,340000	0,237181
195,350000	0,225709
195,360000	0,209775
195,370000	0,219335
195,380000	0,220610
195,390000	0,265863
195,400000	0,219335
195,410000	0,256940
195,420000	0,212324
195,430000	0,224434
195,440000	0,184280
195,450000	0,228258
195,460000	0,200851
195,470000	0,203401
195,480000	0,226346
195,490000	0,271599
195,500000	0,226983
195,510000	0,216148
195,520000	0,196390
195,530000	0,223159
195,540000	0,327687
195,550000	0,223159
195,560000	0,225071
195,570000	0,224434
195,580000	0,224434
195,590000	0,193203
195,600000	0,218060
195,610000	0,226983
195,620000	0,216148
195,630000	0,220610
195,640000	0,226346
195,650000	0,219335
195,660000	0,219335
195,670000	0,224434
195,680000	0,212324
195,690000	0,221884
195,700000	0,223159
195,710000	0,219335
195,720000	0,214236
195,730000	0,216148
195,740000	0,204038
195,750000	0,227621
195,760000	0,223159
195,770000	0,209137
195,780000	0,210412
195,790000	0,225071
195,800000	0,208500
195,810000	0,223159
195,820000	0,228258
195,830000	0,212961
195,840000	0,229533
195,850000	0,224434
195,860000	0,223159
195,870000	0,216148
195,880000	0,223797
195,890000	0,214236
195,900000	0,211049
195,910000	0,226346
195,920000	0,223797
195,930000	0,226983
195,940000	0,218060
195,950000	0,219972
195,960000	0,226346
195,970000	0,226346
195,980000	0,223159
195,990000	0,219335
196,000000	0,218698
196,010000	0,227621
196,020000	0,219335
196,030000	0,216786
196,040000	0,230170
196,050000	0,219335
196,060000	0,219335
196,070000	0,219972
196,080000	0,222522
196,090000	0,223159
196,100000	0,222522
196,110000	0,216148
196,120000	0,226346
196,130000	0,214236
196,140000	0,218060
196,150000	0,214873
196,160000	0,218060
196,170000	0,221884
196,180000	0,216786
196,190000	0,221247
196,200000	0,209775
196,210000	0,214873
196,220000	0,229533
196,230000	0,217423
196,240000	0,224434
196,250000	0,224434
196,260000	0,221884
196,270000	0,223159
196,280000	0,214873
196,290000	0,215511
196,300000	0,219335
196,310000	0,219972
196,320000	0,225071
196,330000	0,211049
196,340000	0,224434
196,350000	0,219972
196,360000	0,218060
196,370000	0,219335
196,380000	0,220610
196,390000	0,219972
196,400000	0,226346
196,410000	0,212961
196,420000	0,214236
196,430000	0,216148
196,440000	0,225709
196,450000	0,218060
196,460000	0,218060
196,470000	0,211049
196,480000	0,221247
196,490000	0,225071
196,500000	0,221247
196,510000	0,217423
196,520000	0,216786
196,530000	0,219335
196,540000	0,218060
196,550000	0,220610
196,560000	0,226346
196,570000	0,217423
196,580000	0,220610
196,590000	0,223797
196,600000	0,221884
196,610000	0,225071
196,620000	0,224434
196,630000	0,214236
196,640000	0,221884
196,650000	0,213599
196,660000	0,216786
196,670000	0,216786
196,680000	0,221247
196,690000	0,221247
196,700000	0,226983
196,710000	0,211049
196,720000	0,228896
196,730000	0,221884
196,740000	0,224434
196,750000	0,223159
196,760000	0,226346
196,770000	0,221884
196,780000	0,223159
196,790000	0,223797
196,800000	0,211687
196,810000	0,221247
196,820000	0,219972
196,830000	0,219972
196,840000	0,217423
196,850000	0,220610
196,860000	0,214873
196,870000	0,221884
196,880000	0,225071
196,890000	0,218060
196,900000	0,220610
196,910000	0,222522
196,920000	0,216786
196,930000	0,218060
196,940000	0,213599
196,950000	0,217423
196,960000	0,224434
196,970000	0,215511
196,980000	0,215511
196,990000	0,218698
197,000000	0,219972
197,010000	0,219972
197,020000	0,221884
197,030000	0,219335
197,040000	0,220610
197,050000	0,224434
197,060000	0,224434
197,070000	0,224434
197,080000	0,213599
197,090000	0,219335
197,100000	0,223797
197,110000	0,221884
197,120000	0,221884
197,130000	0,225709
197,140000	0,221247
197,150000	0,225709
197,160000	0,214873
197,170000	0,223797
197,180000	0,221884
197,190000	0,222522
197,200000	0,221884
197,210000	0,227621
197,220000	0,221247
197,230000	0,229533
197,240000	0,219335
197,250000	0,221884
197,260000	0,221884
197,270000	0,224434
197,280000	0,217423
197,290000	0,220610
197,300000	0,216786
197,310000	0,221247
197,320000	0,219972
197,330000	0,218060
197,340000	0,226983
197,350000	0,219972
197,360000	0,219972
197,370000	0,219335
197,380000	0,224434
197,390000	0,218698
197,400000	0,220610
197,410000	0,222522
197,420000	0,224434
197,430000	0,221247
197,440000	0,224434
197,450000	0,218698
197,460000	0,228896
197,470000	0,223159
197,480000	0,224434
197,490000	0,219972
197,500000	0,218060
197,510000	0,222522
197,520000	0,221884
197,530000	0,220610
197,540000	0,220610
197,550000	0,219972
197,560000	0,224434
197,570000	0,220610
197,580000	0,225709
197,590000	0,218060
197,600000	0,212961
197,610000	0,218698
197,620000	0,213599
197,630000	0,221884
197,640000	0,218698
197,650000	0,223797
197,660000	0,218698
197,670000	0,214873
197,680000	0,214236
197,690000	0,216148
197,700000	0,218060
197,710000	0,226346
197,720000	0,218698
197,730000	0,215511
197,740000	0,228896
197,750000	0,221884
197,760000	0,228896
197,770000	0,216148
197,780000	0,230808
197,790000	0,216148
197,800000	0,225709
197,810000	0,216786
197,820000	0,229533
197,830000	0,216786
197,840000	0,226346
197,850000	0,226346
197,860000	0,223159
197,870000	0,221884
197,880000	0,223159
197,890000	0,222522
197,900000	0,226983
197,910000	0,219972
197,920000	0,219972
197,930000	0,218698
197,940000	0,225071
197,950000	0,214236
197,960000	0,221884
197,970000	0,225071
197,980000	0,225071
197,990000	0,219335
198,000000	0,228896
198,010000	0,216148
198,020000	0,228258
198,030000	0,216786
198,040000	0,221884
198,050000	0,219335
198,060000	0,228258
198,070000	0,221247
198,080000	0,212961
198,090000	0,218060
198,100000	0,217423
198,110000	0,219335
198,120000	0,228258
198,130000	0,219972
198,140000	0,209137
198,150000	0,218698
198,160000	0,216148
198,170000	0,223797
198,180000	0,216786
198,190000	0,219335
198,200000	0,217423
198,210000	0,220610
198,220000	0,218698
198,230000	0,216786
198,240000	0,218698
198,250000	0,219335
198,260000	0,222522
198,270000	0,214236
198,280000	0,225071
198,290000	0,218698
198,300000	0,223159
198,310000	0,218060
198,320000	0,223797
198,330000	0,211049
198,340000	0,218698
198,350000	0,212961
198,360000	0,226983
198,370000	0,221884
198,380000	0,227621
198,390000	0,219972
198,400000	0,223159
198,410000	0,218060
198,420000	0,221884
198,430000	0,218060
198,440000	0,223797
198,450000	0,214873
198,460000	0,223159
198,470000	0,220610
198,480000	0,223797
198,490000	0,219335
198,500000	0,219335
198,510000	0,219972
198,520000	0,217423
198,530000	0,219972
198,540000	0,216148
198,550000	0,224434
198,560000	0,218698
198,570000	0,230808
198,580000	0,216786
198,590000	0,232720
198,600000	0,210412
198,610000	0,222522
198,620000	0,216148
198,630000	0,225071
198,640000	0,221884
198,650000	0,223797
198,660000	0,219335
198,670000	0,212961
198,680000	0,219335
198,690000	0,214236
198,700000	0,214236
198,710000	0,223159
198,720000	0,222522
198,730000	0,222522
198,740000	0,216786
198,750000	0,212961
198,760000	0,213599
198,770000	0,217423
198,780000	0,220610
198,790000	0,225709
198,800000	0,221247
198,810000	0,216148
198,820000	0,220610
198,830000	0,222522
198,840000	0,221884
198,850000	0,214236
198,860000	0,219335
198,870000	0,214236
198,880000	0,216148
198,890000	0,216786
198,900000	0,219335
198,910000	0,221247
198,920000	0,221247
198,930000	0,214873
198,940000	0,219972
198,950000	0,211049
198,960000	0,223797
198,970000	0,216148
198,980000	0,217423
198,990000	0,220610
199,000000	0,224434
199,010000	0,216148
199,020000	0,221884
199,030000	0,218060
199,040000	0,224434
199,050000	0,224434
199,060000	0,226983
199,070000	0,216786
199,080000	0,222522
199,090000	0,219335
199,100000	0,221884
199,110000	0,218060
199,120000	0,225071
199,130000	0,217423
199,140000	0,227621
199,150000	0,216148
199,160000	0,219335
199,170000	0,219335
199,180000	0,221884
199,190000	0,223159
199,200000	0,221884
199,210000	0,221247
199,220000	0,221884
199,230000	0,211049
199,240000	0,228896
199,250000	0,216786
199,260000	0,222522
199,270000	0,221247
199,280000	0,221247
199,290000	0,219335
199,300000	0,223159
199,310000	0,219335
199,320000	0,221247
199,330000	0,219335
199,340000	0,221247
199,350000	0,214873
199,360000	0,216786
199,370000	0,218698
199,380000	0,222522
199,390000	0,221884
199,400000	0,223797
199,410000	0,218698
199,420000	0,216786
199,430000	0,217423
199,440000	0,219335
199,450000	0,219972
199,460000	0,221884
199,470000	0,221884
199,480000	0,224434
199,490000	0,219972
199,500000	0,218698
199,510000	0,223159
199,520000	0,217423
199,530000	0,217423
199,540000	0,218060
199,550000	0,216786
199,560000	0,221884
199,570000	0,217423
199,580000	0,214873
199,590000	0,219335
199,600000	0,219972
199,610000	0,222522
199,620000	0,225071
199,630000	0,223159
199,640000	0,224434
199,650000	0,219335
199,660000	0,223159
199,670000	0,225709
199,680000	0,219972
199,690000	0,218060
199,700000	0,224434
199,710000	0,217423
199,720000	0,226983
199,730000	0,218698
199,740000	0,219972
199,750000	0,219335
199,760000	0,223797
199,770000	0,220610
199,780000	0,220610
199,790000	0,219335
199,800000	0,219972
199,810000	0,215511
199,820000	0,221884
199,830000	0,220610
199,840000	0,216786
199,850000	0,217423
199,860000	0,219335
199,870000	0,218698
199,880000	0,221884
199,890000	0,219972
199,900000	0,220610
199,910000	0,223797
199,920000	0,214873
199,930000	0,219335
199,940000	0,219972
199,950000	0,225709
199,960000	0,218060
199,970000	0,221247
199,980000	0,219335
199,990000	0,220610
200,000000	0,222522
200,010000	0,221247
200,020000	0,212961
200,030000	0,218060
200,040000	0,214873
200,050000	0,221884
200,060000	0,218698
200,070000	0,219972
200,080000	0,215511
200,090000	0,220610
200,100000	0,213599
200,110000	0,226346
200,120000	0,222522
200,130000	0,219972
200,140000	0,214236
200,150000	0,223797
200,160000	0,216148
200,170000	0,219335
200,180000	0,219335
200,190000	0,218060
200,200000	0,216786
200,210000	0,216786
200,220000	0,219972
200,230000	0,224434
200,240000	0,216786
200,250000	0,219972
200,260000	0,217423
200,270000	0,224434
200,280000	0,219972
200,290000	0,221247
200,300000	0,216148
200,310000	0,219972
200,320000	0,219335
200,330000	0,216786
200,340000	0,210412
200,350000	0,226983
200,360000	0,218060
200,370000	0,225709
200,380000	0,214873
200,390000	0,224434
200,400000	0,212961
200,410000	0,224434
200,420000	0,219972
200,430000	0,223159
200,440000	0,218060
200,450000	0,219335
200,460000	0,214236
200,470000	0,222522
200,480000	0,215511
200,490000	0,215511
200,500000	0,218060
200,510000	0,214236
200,520000	0,217423
200,530000	0,216786
200,540000	0,219335
200,550000	0,225071
200,560000	0,215511
200,570000	0,221247
200,580000	0,221884
200,590000	0,220610
200,600000	0,218060
200,610000	0,218698
200,620000	0,220610
200,630000	0,223797
200,640000	0,221247
200,650000	0,218060
200,660000	0,216786
200,670000	0,221247
200,680000	0,215511
200,690000	0,221247
200,700000	0,225709
200,710000	0,216786
200,720000	0,216148
200,730000	0,216786
200,740000	0,219972
200,750000	0,217423
200,760000	0,217423
200,770000	0,219335
200,780000	0,226346
200,790000	0,217423
200,800000	0,225071
200,810000	0,213599
200,820000	0,221884
200,830000	0,214236
200,840000	0,219335
200,850000	0,218698
200,860000	0,221884
200,870000	0,222522
200,880000	0,221884
200,890000	0,216148
200,900000	0,223797
200,910000	0,215511
200,920000	0,224434
200,930000	0,214236
200,940000	0,225071
200,950000	0,214236
200,960000	0,222522
200,970000	0,214873
200,980000	0,221247
200,990000	0,211049
201,000000	0,220610
201,010000	0,217423
201,020000	0,221884
201,030000	0,220610
201,040000	0,222522
201,050000	0,221884
201,060000	0,220610
201,070000	0,213599
201,080000	0,223159
201,090000	0,216148
201,100000	0,216148
201,110000	0,214236
201,120000	0,218060
201,130000	0,217423
201,140000	0,218060
201,150000	0,217423
201,160000	0,221247
201,170000	0,207225
201,180000	0,222522
201,190000	0,213599
201,200000	0,221884
201,210000	0,218698
201,220000	0,224434
201,230000	0,219335
201,240000	0,221884
201,250000	0,222522
201,260000	0,224434
201,270000	0,221884
201,280000	0,221247
201,290000	0,217423
201,300000	0,219972
201,310000	0,213599
201,320000	0,212961
201,330000	0,221884
201,340000	0,221247
201,350000	0,219972
201,360000	0,219335
201,370000	0,223159
201,380000	0,216786
201,390000	0,219335
201,400000	0,221247
201,410000	0,218698
201,420000	0,216786
201,430000	0,222522
201,440000	0,222522
201,450000	0,218060
201,460000	0,225709
201,470000	0,219972
201,480000	0,220610
201,490000	0,221884
201,500000	0,226346
201,510000	0,221884
201,520000	0,215511
201,530000	0,216786
201,540000	0,225071
201,550000	0,225071
201,560000	0,218698
201,570000	0,221247
201,580000	0,224434
201,590000	0,225709
201,600000	0,219335
201,610000	0,221247
201,620000	0,223159
201,630000	0,222522
201,640000	0,221884
201,650000	0,219335
201,660000	0,224434
201,670000	0,221247
201,680000	0,224434
201,690000	0,224434
201,700000	0,219335
201,710000	0,221247
201,720000	0,221247
201,730000	0,220610
201,740000	0,222522
201,750000	0,221247
201,760000	0,219972
201,770000	0,220610
201,780000	0,223159
201,790000	0,219972
201,800000	0,218698
201,810000	0,221884
201,820000	0,221247
201,830000	0,220610
201,840000	0,216786
201,850000	0,219335
201,860000	0,221247
201,870000	0,219335
201,880000	0,220610
201,890000	0,219335
201,900000	0,222522
201,910000	0,220610
201,920000	0,219335
201,930000	0,223797
201,940000	0,216148
201,950000	0,217423
201,960000	0,223797
201,970000	0,219335
201,980000	0,223159
201,990000	0,218060
202,000000	0,221247
202,010000	0,216148
202,020000	0,224434
202,030000	0,218698
202,040000	0,219335
202,050000	0,216148
202,060000	0,219972
202,070000	0,216148
202,080000	0,219335
202,090000	0,219335
202,100000	0,221884
202,110000	0,216786
202,120000	0,228896
202,130000	0,219972
202,140000	0,227621
202,150000	0,223159
202,160000	0,226346
202,170000	0,221884
202,180000	0,224434
202,190000	0,219972
202,200000	0,219972
202,210000	0,220610
202,220000	0,225709
202,230000	0,216786
202,240000	0,223797
202,250000	0,225071
202,260000	0,223159
202,270000	0,223159
202,280000	0,220610
202,290000	0,220610
202,300000	0,221247
202,310000	0,217423
202,320000	0,219335
202,330000	0,216786
202,340000	0,212961
202,350000	0,216786
202,360000	0,216786
202,370000	0,219335
202,380000	0,218698
202,390000	0,224434
202,400000	0,216786
202,410000	0,216786
202,420000	0,218698
202,430000	0,221884
202,440000	0,217423
202,450000	0,221247
202,460000	0,224434
202,470000	0,218698
202,480000	0,218698
202,490000	0,216786
202,500000	0,219972
202,510000	0,223159
202,520000	0,220610
202,530000	0,217423
202,540000	0,219972
202,550000	0,218060
202,560000	0,219335
202,570000	0,215511
202,580000	0,220610
202,590000	0,217423
202,600000	0,223159
202,610000	0,219335
202,620000	0,221247
202,630000	0,213599
202,640000	0,219335
202,650000	0,215511
202,660000	0,219972
202,670000	0,219335
202,680000	0,223797
202,690000	0,220610
202,700000	0,219335
202,710000	0,214236
202,720000	0,223159
202,730000	0,219335
202,740000	0,221247
202,750000	0,216786
202,760000	0,219972
202,770000	0,218698
202,780000	0,220610
202,790000	0,222522
202,800000	0,219335
202,810000	0,220610
202,820000	0,223159
202,830000	0,218060
202,840000	0,221884
202,850000	0,217423
202,860000	0,219335
202,870000	0,220610
202,880000	0,219335
202,890000	0,213599
202,900000	0,216786
202,910000	0,213599
202,920000	0,219335
202,930000	0,218060
202,940000	0,218060
202,950000	0,218060
202,960000	0,215511
202,970000	0,214873
202,980000	0,219972
202,990000	0,218698
203,000000	0,221247
203,010000	0,214873
203,020000	0,221884
203,030000	0,218698
203,040000	0,223159
203,050000	0,215511
203,060000	0,225071
203,070000	0,216786
203,080000	0,219972
203,090000	0,214873
203,100000	0,214873
203,110000	0,218698
203,120000	0,216148
203,130000	0,219972
203,140000	0,212324
203,150000	0,219972
203,160000	0,217423
203,170000	0,221247
203,180000	0,218698
203,190000	0,219335
203,200000	0,213599
203,210000	0,218698
203,220000	0,214236
203,230000	0,224434
203,240000	0,218698
203,250000	0,221247
203,260000	0,217423
203,270000	0,221247
203,280000	0,219335
203,290000	0,221884
203,300000	0,220610
203,310000	0,219972
203,320000	0,220610
203,330000	0,221247
203,340000	0,223159
203,350000	0,220610
203,360000	0,219972
203,370000	0,217423
203,380000	0,219972
203,390000	0,221247
203,400000	0,224434
203,410000	0,223159
203,420000	0,224434
203,430000	0,219335
203,440000	0,225709
203,450000	0,222522
203,460000	0,228896
203,470000	0,219972
203,480000	0,221247
203,490000	0,216148
203,500000	0,225709
203,510000	0,214873
203,520000	0,221247
203,530000	0,216148
203,540000	0,220610
203,550000	0,219335
203,560000	0,219335
203,570000	0,221247
203,580000	0,223797
203,590000	0,218698
203,600000	0,219335
203,610000	0,219335
203,620000	0,220610
203,630000	0,223159
203,640000	0,219972
203,650000	0,217423
203,660000	0,221884
203,670000	0,219972
203,680000	0,218060
203,690000	0,221884
203,700000	0,218060
203,710000	0,225071
203,720000	0,219335
203,730000	0,226346
203,740000	0,223797
203,750000	0,222522
203,760000	0,216148
203,770000	0,221884
203,780000	0,224434
203,790000	0,223797
203,800000	0,221884
203,810000	0,220610
203,820000	0,219335
203,830000	0,219972
203,840000	0,225071
203,850000	0,223159
203,860000	0,223797
203,870000	0,219972
203,880000	0,221884
203,890000	0,222522
203,900000	0,220610
203,910000	0,227621
203,920000	0,222522
203,930000	0,225071
203,940000	0,224434
203,950000	0,219972
203,960000	0,221884
203,970000	0,221247
203,980000	0,221247
203,990000	0,221247
204,000000	0,222522
204,010000	0,221884
204,020000	0,221247
204,030000	0,219972
204,040000	0,218698
204,050000	0,223797
204,060000	0,221247
204,070000	0,225709
204,080000	0,218060
204,090000	0,225709
204,100000	0,219335
204,110000	0,226983
204,120000	0,225071
204,130000	0,223159
204,140000	0,221884
204,150000	0,219972
204,160000	0,219335
204,170000	0,221247
204,180000	0,220610
204,190000	0,221884
204,200000	0,221884
204,210000	0,221247
204,220000	0,218060
204,230000	0,216148
204,240000	0,218698
204,250000	0,220610
204,260000	0,222522
204,270000	0,227621
204,280000	0,221247
204,290000	0,221884
204,300000	0,221247
204,310000	0,217423
204,320000	0,219335
204,330000	0,219972
204,340000	0,219972
204,350000	0,214236
204,360000	0,223797
204,370000	0,216148
204,380000	0,222522
204,390000	0,216148
204,400000	0,221884
204,410000	0,215511
204,420000	0,222522
204,430000	0,211687
204,440000	0,220610
204,450000	0,214236
204,460000	0,221884
204,470000	0,212324
204,480000	0,221884
204,490000	0,218698
204,500000	0,222522
204,510000	0,216148
204,520000	0,221247
204,530000	0,214236
204,540000	0,219972
204,550000	0,216786
204,560000	0,221247
204,570000	0,214236
204,580000	0,219335
204,590000	0,216786
204,600000	0,222522
204,610000	0,216148
204,620000	0,219335
204,630000	0,213599
204,640000	0,221247
204,650000	0,221884
204,660000	0,223797
204,670000	0,216148
204,680000	0,218060
204,690000	0,216148
204,700000	0,220610
204,710000	0,218698
204,720000	0,224434
204,730000	0,219335
204,740000	0,218060
204,750000	0,213599
204,760000	0,217423
204,770000	0,218060
204,780000	0,216148
204,790000	0,216148
204,800000	0,219335
204,810000	0,216786
204,820000	0,221884
204,830000	0,218060
204,840000	0,221247
204,850000	0,219335
204,860000	0,220610
204,870000	0,216786
204,880000	0,218060
204,890000	0,218698
204,900000	0,212961
204,910000	0,219972
204,920000	0,207225
204,930000	0,218698
204,940000	0,209775
204,950000	0,218060
204,960000	0,218698
204,970000	0,218698
204,980000	0,218060
204,990000	0,221247
205,000000	0,212961
205,010000	0,221247
205,020000	0,222522
205,030000	0,214873
205,040000	0,215511
205,050000	0,217423
205,060000	0,214236
205,070000	0,220610
205,080000	0,216148
205,090000	0,221247
205,100000	0,216786
205,110000	0,221247
205,120000	0,218698
205,130000	0,220610
205,140000	0,214873
205,150000	0,224434
205,160000	0,216148
205,170000	0,221247
205,180000	0,218060
205,190000	0,219335
205,200000	0,220610
205,210000	0,223797
205,220000	0,216148
205,230000	0,223159
205,240000	0,221247
205,250000	0,222522
205,260000	0,220610
205,270000	0,218698
205,280000	0,219335
205,290000	0,221884
205,300000	0,221884
205,310000	0,221247
205,320000	0,216786
205,330000	0,219335
205,340000	0,220610
205,350000	0,219335
205,360000	0,219972
205,370000	0,216786
205,380000	0,224434
205,390000	0,219972
205,400000	0,220610
205,410000	0,219972
205,420000	0,221884
205,430000	0,216786
205,440000	0,219335
205,450000	0,222522
205,460000	0,223797
205,470000	0,218698
205,480000	0,224434
205,490000	0,221884
205,500000	0,221247
205,510000	0,222522
205,520000	0,220610
205,530000	0,216786
205,540000	0,219972
205,550000	0,223159
205,560000	0,227621
205,570000	0,223797
205,580000	0,225709
205,590000	0,221884
205,600000	0,219972
205,610000	0,221884
205,620000	0,221884
205,630000	0,223159
205,640000	0,220610
205,650000	0,220610
205,660000	0,219972
205,670000	0,218698
205,680000	0,220610
205,690000	0,221247
205,700000	0,223159
205,710000	0,216786
205,720000	0,221884
205,730000	0,219335
205,740000	0,221247
205,750000	0,218060
205,760000	0,223797
205,770000	0,218060
205,780000	0,222522
205,790000	0,218698
205,800000	0,225709
205,810000	0,223159
205,820000	0,224434
205,830000	0,224434
205,840000	0,223159
205,850000	0,225709
205,860000	0,224434
205,870000	0,223797
205,880000	0,224434
205,890000	0,226983
205,900000	0,224434
205,910000	0,221884
205,920000	0,221247
205,930000	0,219335
205,940000	0,221247
205,950000	0,216786
205,960000	0,220610
205,970000	0,217423
205,980000	0,222522
205,990000	0,221884
206,000000	0,219335
206,010000	0,222522
206,020000	0,218060
206,030000	0,219335
206,040000	0,222522
206,050000	0,222522
206,060000	0,216148
206,070000	0,221247
206,080000	0,218060
206,090000	0,222522
206,100000	0,218060
206,110000	0,223159
206,120000	0,219335
206,130000	0,218698
206,140000	0,218698
206,150000	0,221884
206,160000	0,218060
206,170000	0,221247
206,180000	0,219335
206,190000	0,219335
206,200000	0,221247
206,210000	0,219335
206,220000	0,224434
206,230000	0,218698
206,240000	0,220610
206,250000	0,219972
206,260000	0,219335
206,270000	0,222522
206,280000	0,213599
206,290000	0,219335
206,300000	0,221247
206,310000	0,214873
206,320000	0,223159
206,330000	0,216786
206,340000	0,225071
206,350000	0,219335
206,360000	0,221884
206,370000	0,208500
206,380000	0,218060
206,390000	0,220610
206,400000	0,217423
206,410000	0,220610
206,420000	0,226346
206,430000	0,218698
206,440000	0,222522
206,450000	0,218060
206,460000	0,221884
206,470000	0,218060
206,480000	0,222522
206,490000	0,213599
206,500000	0,224434
206,510000	0,216148
206,520000	0,223159
206,530000	0,216786
206,540000	0,221247
206,550000	0,216786
206,560000	0,221247
206,570000	0,214873
206,580000	0,219335
206,590000	0,216148
206,600000	0,214236
206,610000	0,219335
206,620000	0,212324
206,630000	0,217423
206,640000	0,218698
206,650000	0,216148
206,660000	0,221247
206,670000	0,213599
206,680000	0,221247
206,690000	0,219335
206,700000	0,214873
206,710000	0,213599
206,720000	0,217423
206,730000	0,214236
206,740000	0,208500
206,750000	0,214236
206,760000	0,210412
206,770000	0,214873
206,780000	0,215511
206,790000	0,214873
206,800000	0,219972
206,810000	0,214236
206,820000	0,216148
206,830000	0,216786
206,840000	0,219972
206,850000	0,219335
206,860000	0,215511
206,870000	0,218698
206,880000	0,217423
206,890000	0,216148
206,900000	0,219972
206,910000	0,216148
206,920000	0,220610
206,930000	0,219335
206,940000	0,218698
206,950000	0,214873
206,960000	0,215511
206,970000	0,216148
206,980000	0,214873
206,990000	0,218060
207,000000	0,221247
207,010000	0,214236
207,020000	0,218698
207,030000	0,216786
207,040000	0,219335
207,050000	0,212961
207,060000	0,223159
207,070000	0,214873
207,080000	0,216148
207,090000	0,213599
207,100000	0,218060
207,110000	0,214873
207,120000	0,217423
207,130000	0,214236
207,140000	0,221247
207,150000	0,214236
207,160000	0,223159
207,170000	0,219335
207,180000	0,223159
207,190000	0,219335
207,200000	0,216148
207,210000	0,216148
207,220000	0,214236
207,230000	0,218698
207,240000	0,218060
207,250000	0,214236
207,260000	0,219335
207,270000	0,219972
207,280000	0,223159
207,290000	0,214873
207,300000	0,216148
207,310000	0,216786
207,320000	0,218060
207,330000	0,216786
207,340000	0,217423
207,350000	0,214236
207,360000	0,222522
207,370000	0,219335
207,380000	0,214873
207,390000	0,216786
207,400000	0,218698
207,410000	0,214236
207,420000	0,216148
207,430000	0,213599
207,440000	0,218060
207,450000	0,219335
207,460000	0,211687
207,470000	0,219972
207,480000	0,219335
207,490000	0,223159
207,500000	0,220610
207,510000	0,230808
207,520000	0,218060
207,530000	0,224434
207,540000	0,222522
207,550000	0,216148
207,560000	0,219335
207,570000	0,214236
207,580000	0,219335
207,590000	0,222522
207,600000	0,221247
207,610000	0,223159
207,620000	0,219972
207,630000	0,225709
207,640000	0,223159
207,650000	0,225071
207,660000	0,223797
207,670000	0,224434
207,680000	0,221884
207,690000	0,220610
207,700000	0,219335
207,710000	0,218698
207,720000	0,221247
207,730000	0,219335
207,740000	0,223797
207,750000	0,219972
207,760000	0,219972
207,770000	0,225071
207,780000	0,224434
207,790000	0,217423
207,800000	0,223159
207,810000	0,215511
207,820000	0,225071
207,830000	0,218698
207,840000	0,223797
207,850000	0,217423
207,860000	0,224434
207,870000	0,217423
207,880000	0,220610
207,890000	0,214236
207,900000	0,223797
207,910000	0,215511
207,920000	0,220610
207,930000	0,213599
207,940000	0,223159
207,950000	0,219335
207,960000	0,224434
207,970000	0,218060
207,980000	0,225071
207,990000	0,219335
208,000000	0,225071
208,010000	0,216148
208,020000	0,226983
208,030000	0,218060
208,040000	0,225071
208,050000	0,215511
208,060000	0,221247
208,070000	0,225071
208,080000	0,225071
208,090000	0,218698
208,100000	0,228258
208,110000	0,218698
208,120000	0,225071
208,130000	0,216786
208,140000	0,226346
208,150000	0,219335
208,160000	0,222522
208,170000	0,209137
208,180000	0,226983
208,190000	0,216786
208,200000	0,225071
208,210000	0,212961
208,220000	0,224434
208,230000	0,218698
208,240000	0,228896
208,250000	0,214236
208,260000	0,227621
208,270000	0,218060
208,280000	0,229533
208,290000	0,219972
208,300000	0,224434
208,310000	0,216148
208,320000	0,224434
208,330000	0,215511
208,340000	0,225709
208,350000	0,219335
208,360000	0,224434
208,370000	0,219972
208,380000	0,223159
208,390000	0,219335
208,400000	0,221884
208,410000	0,215511
208,420000	0,213599
208,430000	0,218698
208,440000	0,216148
208,450000	0,217423
208,460000	0,221884
208,470000	0,218060
208,480000	0,219972
208,490000	0,217423
208,500000	0,214873
208,510000	0,218060
208,520000	0,221884
208,530000	0,219335
208,540000	0,218698
208,550000	0,217423
208,560000	0,219335
208,570000	0,217423
208,580000	0,219335
208,590000	0,217423
208,600000	0,221247
208,610000	0,217423
208,620000	0,219335
208,630000	0,220610
208,640000	0,223159
208,650000	0,219335
208,660000	0,220610
208,670000	0,212961
208,680000	0,214236
208,690000	0,213599
208,700000	0,215511
208,710000	0,218698
208,720000	0,218060
208,730000	0,218698
208,740000	0,219335
208,750000	0,216786
208,760000	0,218698
208,770000	0,216148
208,780000	0,222522
208,790000	0,218060
208,800000	0,219972
208,810000	0,218698
208,820000	0,219335
208,830000	0,214236
208,840000	0,223797
208,850000	0,213599
208,860000	0,218060
208,870000	0,218698
208,880000	0,220610
208,890000	0,219335
208,900000	0,221247
208,910000	0,214873
208,920000	0,221884
208,930000	0,217423
208,940000	0,218060
208,950000	0,214236
208,960000	0,219972
208,970000	0,216148
208,980000	0,218060
208,990000	0,217423
209,000000	0,221884
209,010000	0,214236
209,020000	0,221247
209,030000	0,216148
209,040000	0,221884
209,050000	0,214873
209,060000	0,219335
209,070000	0,209775
209,080000	0,224434
209,090000	0,216148
209,100000	0,221247
209,110000	0,214873
209,120000	0,221884
209,130000	0,212961
209,140000	0,221247
209,150000	0,216148
209,160000	0,219972
209,170000	0,216148
209,180000	0,221247
209,190000	0,214236
209,200000	0,219972
209,210000	0,216786
209,220000	0,221884
209,230000	0,216786
209,240000	0,216786
209,250000	0,219335
209,260000	0,219972
209,270000	0,218060
209,280000	0,216786
209,290000	0,216148
209,300000	0,216786
209,310000	0,218698
209,320000	0,219335
209,330000	0,215511
209,340000	0,215511
209,350000	0,224434
209,360000	0,218698
209,370000	0,219335
209,380000	0,218060
209,390000	0,218698
209,400000	0,218060
209,410000	0,216148
209,420000	0,214873
209,430000	0,219335
209,440000	0,217423
209,450000	0,213599
209,460000	0,218060
209,470000	0,217423
209,480000	0,219972
209,490000	0,212961
209,500000	0,221884
209,510000	0,218060
209,520000	0,220610
209,530000	0,214873
209,540000	0,218060
209,550000	0,215511
209,560000	0,219335
209,570000	0,216786
209,580000	0,222522
209,590000	0,213599
209,600000	0,222522
209,610000	0,220610
209,620000	0,220610
209,630000	0,216786
209,640000	0,223159
209,650000	0,222522
209,660000	0,223797
209,670000	0,219335
209,680000	0,220610
209,690000	0,219335
209,700000	0,219972
209,710000	0,221884
209,720000	0,219335
209,730000	0,221247
209,740000	0,221247
209,750000	0,224434
209,760000	0,218060
209,770000	0,219972
209,780000	0,220610
209,790000	0,223797
209,800000	0,219972
209,810000	0,219972
209,820000	0,217423
209,830000	0,222522
209,840000	0,216148
209,850000	0,221247
209,860000	0,217423
209,870000	0,223797
209,880000	0,217423
209,890000	0,223159
209,900000	0,220610
209,910000	0,221884
209,920000	0,219972
209,930000	0,219972
209,940000	0,225071
209,950000	0,221884
209,960000	0,221247
209,970000	0,217423
209,980000	0,221884
209,990000	0,213599
210,000000	0,224434
210,010000	0,216786
210,020000	0,221884
210,030000	0,218698
210,040000	0,223797
210,050000	0,219335
210,060000	0,221247
210,070000	0,220610
210,080000	0,221247
210,090000	0,223159
210,100000	0,219972
210,110000	0,221247
210,120000	0,219972
210,130000	0,223797
210,140000	0,219335
210,150000	0,219972
210,160000	0,223797
210,170000	0,221884
210,180000	0,221247
210,190000	0,226983
210,200000	0,221884
210,210000	0,225071
210,220000	0,221247
210,230000	0,224434
210,240000	0,219335
210,250000	0,219335
210,260000	0,219335
210,270000	0,219335
210,280000	0,221884
210,290000	0,219335
210,300000	0,218698
210,310000	0,219972
210,320000	0,215511
210,330000	0,218060
210,340000	0,216786
210,350000	0,219335
210,360000	0,221884
210,370000	0,219972
210,380000	0,219972
210,390000	0,218698
210,400000	0,219335
210,410000	0,219335
210,420000	0,221884
210,430000	0,220610
210,440000	0,219972
210,450000	0,220610
210,460000	0,219335
210,470000	0,218060
210,480000	0,218060
210,490000	0,219972
210,500000	0,221884
210,510000	0,219972
210,520000	0,213599
210,530000	0,220610
210,540000	0,221884
210,550000	0,218698
210,560000	0,219335
210,570000	0,220610
210,580000	0,221247
210,590000	0,219335
210,600000	0,223797
210,610000	0,221247
210,620000	0,219335
210,630000	0,218060
210,640000	0,221884
210,650000	0,218698
210,660000	0,219335
210,670000	0,221884
210,680000	0,218060
210,690000	0,219972
210,700000	0,220610
210,710000	0,218698
210,720000	0,221247
210,730000	0,218060
210,740000	0,219972
210,750000	0,215511
210,760000	0,218060
210,770000	0,216786
210,780000	0,221247
210,790000	0,219335
210,800000	0,218698
210,810000	0,219335
210,820000	0,225071
210,830000	0,218698
210,840000	0,219972
210,850000	0,214873
210,860000	0,221247
210,870000	0,219335
210,880000	0,223159
210,890000	0,215511
210,900000	0,218060
210,910000	0,215511
210,920000	0,219335
210,930000	0,214873
210,940000	0,222522
210,950000	0,214236
210,960000	0,217423
210,970000	0,214873
210,980000	0,218060
210,990000	0,214236
211,000000	0,219335
211,010000	0,214873
211,020000	0,213599
211,030000	0,216148
211,040000	0,214236
211,050000	0,217423
211,060000	0,214873
211,070000	0,216786
211,080000	0,216148
211,090000	0,221884
211,100000	0,214873
211,110000	0,218698
211,120000	0,214236
211,130000	0,218698
211,140000	0,213599
211,150000	0,217423
211,160000	0,216148
211,170000	0,219335
211,180000	0,216148
211,190000	0,219335
211,200000	0,221884
211,210000	0,218060
211,220000	0,217423
211,230000	0,216786
211,240000	0,217423
211,250000	0,214873
211,260000	0,214873
211,270000	0,218060
211,280000	0,217423
211,290000	0,215511
211,300000	0,216148
211,310000	0,214236
211,320000	0,218698
211,330000	0,215511
211,340000	0,216786
211,350000	0,218060
211,360000	0,219335
211,370000	0,219335
211,380000	0,218060
211,390000	0,217423
211,400000	0,219972
211,410000	0,216786
211,420000	0,218698
211,430000	0,219972
211,440000	0,219335
211,450000	0,224434
211,460000	0,218698
211,470000	0,219972
211,480000	0,219335
211,490000	0,218060
211,500000	0,219335
211,510000	0,216148
211,520000	0,218060
211,530000	0,216786
211,540000	0,219335
211,550000	0,217423
211,560000	0,218060
211,570000	0,219335
211,580000	0,220610
211,590000	0,219335
211,600000	0,216786
211,610000	0,219335
211,620000	0,219972
211,630000	0,219972
211,640000	0,221247
211,650000	0,218698
211,660000	0,219335
211,670000	0,218698
211,680000	0,221884
211,690000	0,221247
211,700000	0,221247
211,710000	0,217423
211,720000	0,219335
211,730000	0,217423
211,740000	0,220610
211,750000	0,219335
211,760000	0,218698
211,770000	0,216786
211,780000	0,219335
211,790000	0,221247
211,800000	0,221884
211,810000	0,221247
211,820000	0,221247
211,830000	0,219335
211,840000	0,219972
211,850000	0,219972
211,860000	0,218698
211,870000	0,218698
211,880000	0,221884
211,890000	0,217423
211,900000	0,221884
211,910000	0,219972
211,920000	0,223797
211,930000	0,219335
211,940000	0,221884
211,950000	0,222522
211,960000	0,223797
211,970000	0,219335
211,980000	0,220610
211,990000	0,219335
212,000000	0,220610
212,010000	0,217423
212,020000	0,223159
212,030000	0,218698
212,040000	0,225709
212,050000	0,214873
212,060000	0,223159
212,070000	0,216148
212,080000	0,225071
212,090000	0,216786
212,100000	0,221884
212,110000	0,218060
212,120000	0,219335
212,130000	0,218060
212,140000	0,221247
212,150000	0,217423
212,160000	0,221247
212,170000	0,219335
212,180000	0,222522
212,190000	0,219335
212,200000	0,222522
212,210000	0,216786
212,220000	0,221884
212,230000	0,219335
212,240000	0,224434
212,250000	0,219972
212,260000	0,219972
212,270000	0,220610
212,280000	0,221884
212,290000	0,217423
212,300000	0,219972
212,310000	0,219972
212,320000	0,221247
212,330000	0,222522
212,340000	0,222522
212,350000	0,219972
212,360000	0,219972
212,370000	0,221884
212,380000	0,220610
212,390000	0,219335
212,400000	0,219335
212,410000	0,218698
212,420000	0,219972
212,430000	0,220610
212,440000	0,221247
212,450000	0,224434
212,460000	0,223797
212,470000	0,221247
212,480000	0,221247
212,490000	0,219972
212,500000	0,220610
212,510000	0,221247
212,520000	0,223797
212,530000	0,217423
212,540000	0,224434
212,550000	0,220610
212,560000	0,220610
212,570000	0,217423
212,580000	0,222522
212,590000	0,219335
212,600000	0,223797
212,610000	0,218060
212,620000	0,221884
212,630000	0,218060
212,640000	0,221247
212,650000	0,216786
212,660000	0,221247
212,670000	0,217423
212,680000	0,219972
212,690000	0,219335
212,700000	0,220610
212,710000	0,217423
212,720000	0,219972
212,730000	0,216148
212,740000	0,220610
212,750000	0,214873
212,760000	0,220610
212,770000	0,212961
212,780000	0,219335
212,790000	0,214236
212,800000	0,221247
212,810000	0,214873
212,820000	0,222522
212,830000	0,214873
212,840000	0,221247
212,850000	0,212324
212,860000	0,217423
212,870000	0,213599
212,880000	0,216786
212,890000	0,214236
212,900000	0,221884
212,910000	0,214236
212,920000	0,223797
212,930000	0,212324
212,940000	0,220610
212,950000	0,214236
212,960000	0,220610
212,970000	0,213599
212,980000	0,218060
212,990000	0,216148
213,000000	0,220610
213,010000	0,216786
213,020000	0,221884
213,030000	0,217423
213,040000	0,220610
213,050000	0,213599
213,060000	0,218698
213,070000	0,216786
213,080000	0,220610
213,090000	0,216148
213,100000	0,221247
213,110000	0,211687
213,120000	0,218698
213,130000	0,219335
213,140000	0,219335
213,150000	0,217423
213,160000	0,217423
213,170000	0,216148
213,180000	0,215511
213,190000	0,214873
213,200000	0,218698
213,210000	0,219335
213,220000	0,220610
213,230000	0,214873
213,240000	0,216786
213,250000	0,216148
213,260000	0,217423
213,270000	0,217423
213,280000	0,218698
213,290000	0,214873
213,300000	0,218060
213,310000	0,216148
213,320000	0,221247
213,330000	0,216786
213,340000	0,218698
213,350000	0,216148
213,360000	0,223159
213,370000	0,214873
213,380000	0,219972
213,390000	0,214873
213,400000	0,219972
213,410000	0,211687
213,420000	0,217423
213,430000	0,212961
213,440000	0,222522
213,450000	0,209775
213,460000	0,218060
213,470000	0,212961
213,480000	0,220610
213,490000	0,213599
213,500000	0,218060
213,510000	0,216148
213,520000	0,219335
213,530000	0,216148
213,540000	0,219335
213,550000	0,216148
213,560000	0,216148
213,570000	0,216786
213,580000	0,215511
213,590000	0,217423
213,600000	0,218060
213,610000	0,218060
213,620000	0,217423
213,630000	0,219972
213,640000	0,218698
213,650000	0,214873
213,660000	0,217423
213,670000	0,215511
213,680000	0,218060
213,690000	0,214236
213,700000	0,218060
213,710000	0,219335
213,720000	0,217423
213,730000	0,216786
213,740000	0,219335
213,750000	0,218060
213,760000	0,219972
213,770000	0,218060
213,780000	0,221247
213,790000	0,214236
213,800000	0,218060
213,810000	0,219335
213,820000	0,219335
213,830000	0,215511
213,840000	0,219972
213,850000	0,218698
213,860000	0,216786
213,870000	0,216786
213,880000	0,218698
213,890000	0,216148
213,900000	0,223159
213,910000	0,218060
213,920000	0,218060
213,930000	0,220610
213,940000	0,220610
213,950000	0,218698
213,960000	0,219972
213,970000	0,219335
213,980000	0,218698
213,990000	0,218060
214,000000	0,221884
214,010000	0,219335
214,020000	0,219335
214,030000	0,219972
214,040000	0,224434
214,050000	0,221884
214,060000	0,219335
214,070000	0,219335
214,080000	0,221884
214,090000	0,219972
214,100000	0,221247
214,110000	0,218060
214,120000	0,222522
214,130000	0,220610
214,140000	0,219335
214,150000	0,219972
214,160000	0,218060
214,170000	0,219972
214,180000	0,222522
214,190000	0,218060
214,200000	0,219335
214,210000	0,221884
214,220000	0,223797
214,230000	0,221884
214,240000	0,220610
214,250000	0,219335
214,260000	0,219335
214,270000	0,221247
214,280000	0,221247
214,290000	0,220610
214,300000	0,219335
214,310000	0,221884
214,320000	0,221884
214,330000	0,223159
214,340000	0,222522
214,350000	0,217423
214,360000	0,219335
214,370000	0,219335
214,380000	0,219972
214,390000	0,216786
214,400000	0,222522
214,410000	0,218698
214,420000	0,221247
214,430000	0,219335
214,440000	0,221884
214,450000	0,219335
214,460000	0,221884
214,470000	0,218698
214,480000	0,223159
214,490000	0,220610
214,500000	0,223159
214,510000	0,218060
214,520000	0,219972
214,530000	0,216148
214,540000	0,223797
214,550000	0,215511
214,560000	0,224434
214,570000	0,216148
214,580000	0,223797
214,590000	0,216148
214,600000	0,223159
214,610000	0,218698
214,620000	0,220610
214,630000	0,216786
214,640000	0,223159
214,650000	0,218060
214,660000	0,224434
214,670000	0,217423
214,680000	0,219335
214,690000	0,218060
214,700000	0,219335
214,710000	0,220610
214,720000	0,220610
214,730000	0,219335
214,740000	0,217423
214,750000	0,221247
214,760000	0,218060
214,770000	0,221247
214,780000	0,214873
214,790000	0,219335
214,800000	0,216786
214,810000	0,218698
214,820000	0,216786
214,830000	0,214236
214,840000	0,219335
214,850000	0,215511
214,860000	0,218698
214,870000	0,214236
214,880000	0,219335
214,890000	0,214873
214,900000	0,218698
214,910000	0,216786
214,920000	0,218060
214,930000	0,215511
214,940000	0,219335
214,950000	0,214236
214,960000	0,216148
214,970000	0,215511
214,980000	0,219335
214,990000	0,216786
215,000000	0,215511
215,010000	0,216786
215,020000	0,214236
215,030000	0,219335
215,040000	0,216148
215,050000	0,218698
215,060000	0,218060
215,070000	0,217423
215,080000	0,216148
215,090000	0,218698
215,100000	0,214236
215,110000	0,219972
215,120000	0,214873
215,130000	0,219972
215,140000	0,216148
215,150000	0,223797
215,160000	0,213599
215,170000	0,221884
215,180000	0,215511
215,190000	0,222522
215,200000	0,212961
215,210000	0,224434
215,220000	0,214236
215,230000	0,221884
215,240000	0,215511
215,250000	0,218698
215,260000	0,212961
215,270000	0,219335
215,280000	0,216148
215,290000	0,221884
215,300000	0,214236
215,310000	0,221247
215,320000	0,215511
215,330000	0,219335
215,340000	0,213599
215,350000	0,220610
215,360000	0,217423
215,370000	0,219335
215,380000	0,215511
215,390000	0,215511
215,400000	0,218060
215,410000	0,218698
215,420000	0,216786
215,430000	0,214236
215,440000	0,216786
215,450000	0,211049
215,460000	0,215511
215,470000	0,216786
215,480000	0,218060
215,490000	0,216148
215,500000	0,216148
215,510000	0,214236
215,520000	0,219335
215,530000	0,213599
215,540000	0,218060
215,550000	0,211049
215,560000	0,220610
215,570000	0,214236
215,580000	0,218060
215,590000	0,213599
215,600000	0,218698
215,610000	0,213599
215,620000	0,221884
215,630000	0,218698
215,640000	0,216786
215,650000	0,218698
215,660000	0,217423
215,670000	0,219335
215,680000	0,215511
215,690000	0,216148
215,700000	0,216148
215,710000	0,216786
215,720000	0,219972
215,730000	0,216786
215,740000	0,223159
215,750000	0,219335
215,760000	0,215511
215,770000	0,216786
215,780000	0,216786
215,790000	0,218060
215,800000	0,219972
215,810000	0,216786
215,820000	0,221884
215,830000	0,216786
215,840000	0,218698
215,850000	0,214873
215,860000	0,219972
215,870000	0,209775
215,880000	0,219335
215,890000	0,214873
215,900000	0,223159
215,910000	0,212961
215,920000	0,221884
215,930000	0,214873
215,940000	0,221884
215,950000	0,213599
215,960000	0,219972
215,970000	0,214236
215,980000	0,219972
215,990000	0,218060
216,000000	0,220610
216,010000	0,216786
216,020000	0,221884
216,030000	0,216786
216,040000	0,220610
216,050000	0,216786
216,060000	0,219972
216,070000	0,217423
216,080000	0,220610
216,090000	0,219335
216,100000	0,223159
216,110000	0,219335
216,120000	0,219972
216,130000	0,218698
216,140000	0,221247
216,150000	0,218698
216,160000	0,221247
216,170000	0,219335
216,180000	0,219972
216,190000	0,218698
216,200000	0,221884
216,210000	0,218060
216,220000	0,221247
216,230000	0,219335
216,240000	0,219335
216,250000	0,223797
216,260000	0,221247
216,270000	0,218698
216,280000	0,221884
216,290000	0,220610
216,300000	0,221247
216,310000	0,221247
216,320000	0,219335
216,330000	0,221884
216,340000	0,218060
216,350000	0,222522
216,360000	0,218060
216,370000	0,222522
216,380000	0,218698
216,390000	0,219972
216,400000	0,219335
216,410000	0,223159
216,420000	0,215511
216,430000	0,218060
216,440000	0,218698
216,450000	0,219972
216,460000	0,216786
216,470000	0,222522
216,480000	0,220610
216,490000	0,217423
216,500000	0,217423
216,510000	0,217423
216,520000	0,221247
216,530000	0,219335
216,540000	0,219972
216,550000	0,219335
216,560000	0,219972
216,570000	0,218060
216,580000	0,219972
216,590000	0,218698
216,600000	0,223159
216,610000	0,217423
216,620000	0,222522
216,630000	0,216786
216,640000	0,220610
216,650000	0,218060
216,660000	0,225071
216,670000	0,216148
216,680000	0,218060
216,690000	0,214236
216,700000	0,220610
216,710000	0,219335
216,720000	0,222522
216,730000	0,214236
216,740000	0,223159
216,750000	0,214873
216,760000	0,223797
216,770000	0,219972
216,780000	0,221884
216,790000	0,216786
216,800000	0,219335
216,810000	0,218060
216,820000	0,218698
216,830000	0,217423
216,840000	0,221884
216,850000	0,215511
216,860000	0,221884
216,870000	0,218060
216,880000	0,221247
216,890000	0,216148
216,900000	0,221247
216,910000	0,218060
216,920000	0,221247
216,930000	0,217423
216,940000	0,221247
216,950000	0,216786
216,960000	0,218060
216,970000	0,213599
216,980000	0,221884
216,990000	0,217423
217,000000	0,219335
217,010000	0,216148
217,020000	0,221884
217,030000	0,212961
217,040000	0,219972
217,050000	0,216148
217,060000	0,218060
217,070000	0,214873
217,080000	0,218060
217,090000	0,213599
217,100000	0,221247
217,110000	0,214236
217,120000	0,219335
217,130000	0,211687
217,140000	0,220610
217,150000	0,211687
217,160000	0,221884
217,170000	0,214873
217,180000	0,223797
217,190000	0,212324
217,200000	0,219335
217,210000	0,212961
217,220000	0,221247
217,230000	0,215511
217,240000	0,223159
217,250000	0,213599
217,260000	0,221884
217,270000	0,213599
217,280000	0,219335
217,290000	0,216786
217,300000	0,222522
217,310000	0,212961
217,320000	0,220610
217,330000	0,214236
217,340000	0,219335
217,350000	0,212324
217,360000	0,219335
217,370000	0,214236
217,380000	0,217423
217,390000	0,218060
217,400000	0,216786
217,410000	0,216786
217,420000	0,216148
217,430000	0,215511
217,440000	0,214236
217,450000	0,218698
217,460000	0,219335
217,470000	0,216148
217,480000	0,218060
217,490000	0,213599
217,500000	0,219335
217,510000	0,213599
217,520000	0,219335
217,530000	0,212961
217,540000	0,221247
217,550000	0,213599
217,560000	0,218060
217,570000	0,213599
217,580000	0,217423
217,590000	0,216148
217,600000	0,218698
217,610000	0,211049
217,620000	0,220610
217,630000	0,213599
217,640000	0,216786
217,650000	0,214236
217,660000	0,216148
217,670000	0,215511
217,680000	0,218060
217,690000	0,214236
217,700000	0,215511
217,710000	0,214236
217,720000	0,221884
217,730000	0,214236
217,740000	0,221884
217,750000	0,213599
217,760000	0,219335
217,770000	0,211687
217,780000	0,224434
217,790000	0,209775
217,800000	0,219972
217,810000	0,213599
217,820000	0,225071
217,830000	0,214236
217,840000	0,225071
217,850000	0,214873
217,860000	0,223797
217,870000	0,212324
217,880000	0,221884
217,890000	0,215511
217,900000	0,221884
217,910000	0,211049
217,920000	0,222522
217,930000	0,214236
217,940000	0,223797
217,950000	0,215511
217,960000	0,221884
217,970000	0,212961
217,980000	0,221884
217,990000	0,214236
218,000000	0,221884
218,010000	0,214236
218,020000	0,221247
218,030000	0,215511
218,040000	0,216786
218,050000	0,216148
218,060000	0,221884
218,070000	0,215511
218,080000	0,223159
218,090000	0,216148
218,100000	0,222522
218,110000	0,221884
218,120000	0,219972
218,130000	0,219335
218,140000	0,218698
218,150000	0,221884
218,160000	0,218060
218,170000	0,219972
218,180000	0,221247
218,190000	0,219335
218,200000	0,221247
218,210000	0,221247
218,220000	0,220610
218,230000	0,216148
218,240000	0,219972
218,250000	0,214236
218,260000	0,222522
218,270000	0,219335
218,280000	0,221884
218,290000	0,219335
218,300000	0,220610
218,310000	0,218060
218,320000	0,222522
218,330000	0,217423
218,340000	0,221884
218,350000	0,218698
218,360000	0,223159
218,370000	0,218698
218,380000	0,219335
218,390000	0,216786
218,400000	0,219972
218,410000	0,219335
218,420000	0,221884
218,430000	0,218698
218,440000	0,221247
218,450000	0,216786
218,460000	0,223159
218,470000	0,220610
218,480000	0,218698
218,490000	0,218698
218,500000	0,222522
218,510000	0,216786
218,520000	0,219972
218,530000	0,218698
218,540000	0,218060
218,550000	0,219335
218,560000	0,221884
218,570000	0,221247
218,580000	0,218698
218,590000	0,219335
218,600000	0,220610
218,610000	0,217423
218,620000	0,217423
218,630000	0,219335
218,640000	0,219335
218,650000	0,223797
218,660000	0,219335
218,670000	0,219335
218,680000	0,219335
218,690000	0,223159
218,700000	0,216148
218,710000	0,221247
218,720000	0,220610
218,730000	0,214873
218,740000	0,216148
218,750000	0,218698
218,760000	0,217423
218,770000	0,219335
218,780000	0,221884
218,790000	0,216786
218,800000	0,218060
218,810000	0,216786
218,820000	0,219972
218,830000	0,214873
218,840000	0,219335
218,850000	0,218060
218,860000	0,221247
218,870000	0,216148
218,880000	0,218698
218,890000	0,221247
218,900000	0,221247
218,910000	0,216786
218,920000	0,220610
218,930000	0,216148
218,940000	0,223159
218,950000	0,216148
218,960000	0,223159
218,970000	0,213599
218,980000	0,221884
218,990000	0,216148
219,000000	0,218060
219,010000	0,217423
219,020000	0,221247
219,030000	0,217423
219,040000	0,219972
219,050000	0,217423
219,060000	0,216786
219,070000	0,221884
219,080000	0,216786
219,090000	0,218060
219,100000	0,215511
219,110000	0,221884
219,120000	0,218060
219,130000	0,218060
219,140000	0,216148
219,150000	0,218060
219,160000	0,216148
219,170000	0,216148
219,180000	0,215511
219,190000	0,220610
219,200000	0,216148
219,210000	0,217423
219,220000	0,215511
219,230000	0,216148
219,240000	0,215511
219,250000	0,214236
219,260000	0,214873
219,270000	0,213599
219,280000	0,215511
219,290000	0,214236
219,300000	0,214236
219,310000	0,212324
219,320000	0,216786
219,330000	0,216148
219,340000	0,217423
219,350000	0,214873
219,360000	0,212324
219,370000	0,215511
219,380000	0,211049
219,390000	0,216148
219,400000	0,214873
219,410000	0,216786
219,420000	0,216148
219,430000	0,213599
219,440000	0,211049
219,450000	0,216148
219,460000	0,214873
219,470000	0,214873
219,480000	0,212961
219,490000	0,214236
219,500000	0,211687
219,510000	0,212324
219,520000	0,217423
219,530000	0,213599
219,540000	0,216148
219,550000	0,214236
219,560000	0,218698
219,570000	0,212324
219,580000	0,218060
219,590000	0,212961
219,600000	0,215511
219,610000	0,212324
219,620000	0,212961
219,630000	0,212961
219,640000	0,219972
219,650000	0,215511
219,660000	0,216786
219,670000	0,212961
219,680000	0,219972
219,690000	0,215511
219,700000	0,219335
219,710000	0,213599
219,720000	0,220610
219,730000	0,221247
219,740000	0,218698
219,750000	0,221884
219,760000	0,222522
219,770000	0,225709
219,780000	0,226346
219,790000	0,226346
219,800000	0,226983
219,810000	0,226983
219,820000	0,229533
219,830000	0,230808
219,840000	0,231445
219,850000	0,233994
219,860000	0,234632
219,870000	0,232720
219,880000	0,233994
219,890000	0,239731
219,900000	0,237819
219,910000	0,240368
219,920000	0,241005
219,930000	0,246104
219,940000	0,244192
219,950000	0,248654
219,960000	0,249929
219,970000	0,255028
219,980000	0,251841
219,990000	0,253753
220,000000	0,255665
220,010000	0,260764
220,020000	0,263313
220,030000	0,262039
220,040000	0,265225
220,050000	0,266500
220,060000	0,270324
220,070000	0,271599
220,080000	0,272874
220,090000	0,277973
220,100000	0,279885
220,110000	0,281160
220,120000	0,284984
220,130000	0,286258
220,140000	0,290720
220,150000	0,290720
220,160000	0,295182
220,170000	0,294544
220,180000	0,300918
220,190000	0,301555
220,200000	0,308566
220,210000	0,303467
220,220000	0,311753
220,230000	0,308566
220,240000	0,314940
220,250000	0,309841
220,260000	0,318127
220,270000	0,320039
220,280000	0,321314
220,290000	0,323226
220,300000	0,326413
220,310000	0,325775
220,320000	0,326413
220,330000	0,327687
220,340000	0,330237
220,350000	0,327687
220,360000	0,331511
220,370000	0,328962
220,380000	0,334698
220,390000	0,337248
220,400000	0,337885
220,410000	0,344259
220,420000	0,339160
220,430000	0,346171
220,440000	0,339797
220,450000	0,339797
220,460000	0,344259
220,470000	0,346171
220,480000	0,347446
220,490000	0,342347
220,500000	0,343621
220,510000	0,344259
220,520000	0,346171
220,530000	0,353182
220,540000	0,346808
220,550000	0,352545
220,560000	0,346808
220,570000	0,348720
220,580000	0,350632
220,590000	0,350632
220,600000	0,346171
220,610000	0,353819
220,620000	0,348720
220,630000	0,354457
220,640000	0,353182
220,650000	0,355731
220,660000	0,353182
220,670000	0,356369
220,680000	0,356369
220,690000	0,356369
220,700000	0,354457
220,710000	0,357006
220,720000	0,356369
220,730000	0,358281
220,740000	0,360830
220,750000	0,359556
220,760000	0,356369
220,770000	0,354457
220,780000	0,361468
220,790000	0,359556
220,800000	0,361468
220,810000	0,355731
220,820000	0,357643
220,830000	0,360193
220,840000	0,360830
220,850000	0,361468
220,860000	0,362105
220,870000	0,362105
220,880000	0,358281
220,890000	0,366567
220,900000	0,363380
220,910000	0,358281
220,920000	0,364654
220,930000	0,358918
220,940000	0,363380
220,950000	0,354457
220,960000	0,364654
220,970000	0,358918
220,980000	0,371028
220,990000	0,364654
221,000000	0,367204
221,010000	0,362105
221,020000	0,367204
221,030000	0,360830
221,040000	0,373578
221,050000	0,359556
221,060000	0,377402
221,070000	0,360193
221,080000	0,369753
221,090000	0,356369
221,100000	0,372303
221,110000	0,360193
221,120000	0,371028
221,130000	0,358918
221,140000	0,371665
221,150000	0,363380
221,160000	0,370391
221,170000	0,364654
221,180000	0,366567
221,190000	0,362105
221,200000	0,366567
221,210000	0,364654
221,220000	0,372303
221,230000	0,360830
221,240000	0,368479
221,250000	0,364017
221,260000	0,371028
221,270000	0,365292
221,280000	0,367204
221,290000	0,365292
221,300000	0,371665
221,310000	0,363380
221,320000	0,372940
221,330000	0,365929
221,340000	0,376764
221,350000	0,365292
221,360000	0,378039
221,370000	0,367204
221,380000	0,375490
221,390000	0,367204
221,400000	0,378039
221,410000	0,367204
221,420000	0,376764
221,430000	0,369116
221,440000	0,379951
221,450000	0,366567
221,460000	0,378039
221,470000	0,367204
221,480000	0,374215
221,490000	0,364654
221,500000	0,374852
221,510000	0,367841
221,520000	0,376127
221,530000	0,372303
221,540000	0,374852
221,550000	0,374215
221,560000	0,377402
221,570000	0,376127
221,580000	0,374215
221,590000	0,377402
221,600000	0,372303
221,610000	0,374215
221,620000	0,374215
221,630000	0,378677
221,640000	0,371028
221,650000	0,379314
221,660000	0,378039
221,670000	0,381226
221,680000	0,375490
221,690000	0,380589
221,700000	0,369116
221,710000	0,377402
221,720000	0,377402
221,730000	0,378039
221,740000	0,374852
221,750000	0,376764
221,760000	0,371665
221,770000	0,377402
221,780000	0,371028
221,790000	0,383775
221,800000	0,369753
221,810000	0,381226
221,820000	0,372303
221,830000	0,379314
221,840000	0,375490
221,850000	0,379314
221,860000	0,371665
221,870000	0,376764
221,880000	0,371665
221,890000	0,378039
221,900000	0,374215
221,910000	0,383775
221,920000	0,376764
221,930000	0,378039
221,940000	0,374215
221,950000	0,385050
221,960000	0,378677
221,970000	0,382501
221,980000	0,376127
221,990000	0,376127
222,000000	0,381226
222,010000	0,376764
222,020000	0,376764
222,030000	0,378039
222,040000	0,378039
222,050000	0,384413
222,060000	0,376764
222,070000	0,384413
222,080000	0,379951
222,090000	0,379314
222,100000	0,379314
222,110000	0,385050
222,120000	0,381863
222,130000	0,385688
222,140000	0,386325
222,150000	0,391424
222,160000	0,378677
222,170000	0,379314
222,180000	0,382501
222,190000	0,385050
222,200000	0,386325
222,210000	0,379951
222,220000	0,386962
222,230000	0,383138
222,240000	0,381863
222,250000	0,382501
222,260000	0,387600
222,270000	0,376764
222,280000	0,385050
222,290000	0,378677
222,300000	0,390786
222,310000	0,376764
222,320000	0,385050
222,330000	0,377402
222,340000	0,385050
222,350000	0,382501
222,360000	0,385050
222,370000	0,379314
222,380000	0,390149
222,390000	0,383775
222,400000	0,384413
222,410000	0,380589
222,420000	0,386325
222,430000	0,377402
222,440000	0,392061
222,450000	0,385688
222,460000	0,386325
222,470000	0,377402
222,480000	0,387600
222,490000	0,388874
222,500000	0,387600
222,510000	0,385050
222,520000	0,398435
222,530000	0,382501
222,540000	0,389512
222,550000	0,381226
222,560000	0,392061
222,570000	0,382501
222,580000	0,393973
222,590000	0,383775
222,600000	0,390149
222,610000	0,385050
222,620000	0,388237
222,630000	0,376127
222,640000	0,392699
222,650000	0,385688
222,660000	0,386962
222,670000	0,384413
222,680000	0,387600
222,690000	0,384413
222,700000	0,388237
222,710000	0,388874
222,720000	0,393336
222,730000	0,386325
222,740000	0,394611
222,750000	0,384413
222,760000	0,392699
222,770000	0,387600
222,780000	0,382501
222,790000	0,385050
222,800000	0,386325
222,810000	0,383775
222,820000	0,389512
222,830000	0,387600
222,840000	0,385050
222,850000	0,384413
222,860000	0,385050
222,870000	0,391424
222,880000	0,390149
222,890000	0,385050
222,900000	0,386962
222,910000	0,390149
222,920000	0,392699
222,930000	0,383775
222,940000	0,390786
222,950000	0,388237
222,960000	0,393336
222,970000	0,386962
222,980000	0,392061
222,990000	0,385050
223,000000	0,383138
223,010000	0,381226
223,020000	0,376127
223,030000	0,388237
223,040000	0,387600
223,050000	0,389512
223,060000	0,384413
223,070000	0,385688
223,080000	0,386962
223,090000	0,388874
223,100000	0,388237
223,110000	0,383775
223,120000	0,388237
223,130000	0,390149
223,140000	0,392699
223,150000	0,385688
223,160000	0,387600
223,170000	0,387600
223,180000	0,386325
223,190000	0,387600
223,200000	0,388237
223,210000	0,389512
223,220000	0,390786
223,230000	0,391424
223,240000	0,383138
223,250000	0,381226
223,260000	0,389512
223,270000	0,386962
223,280000	0,384413
223,290000	0,385050
223,300000	0,378039
223,310000	0,381863
223,320000	0,385688
223,330000	0,384413
223,340000	0,389512
223,350000	0,393973
223,360000	0,381863
223,370000	0,384413
223,380000	0,385050
223,390000	0,383138
223,400000	0,389512
223,410000	0,381863
223,420000	0,390149
223,430000	0,381863
223,440000	0,389512
223,450000	0,382501
223,460000	0,388874
223,470000	0,385688
223,480000	0,389512
223,490000	0,378039
223,500000	0,390149
223,510000	0,378039
223,520000	0,387600
223,530000	0,379951
223,540000	0,388237
223,550000	0,384413
223,560000	0,387600
223,570000	0,378677
223,580000	0,390149
223,590000	0,383775
223,600000	0,385050
223,610000	0,383138
223,620000	0,385050
223,630000	0,384413
223,640000	0,388237
223,650000	0,387600
223,660000	0,392699
223,670000	0,384413
223,680000	0,399710
223,690000	0,381863
223,700000	0,387600
223,710000	0,381863
223,720000	0,388237
223,730000	0,383138
223,740000	0,385688
223,750000	0,383138
223,760000	0,387600
223,770000	0,381863
223,780000	0,394611
223,790000	0,382501
223,800000	0,389512
223,810000	0,382501
223,820000	0,386325
223,830000	0,391424
223,840000	0,383138
223,850000	0,388237
223,860000	0,385688
223,870000	0,383138
223,880000	0,379314
223,890000	0,388874
223,900000	0,386325
223,910000	0,384413
223,920000	0,383138
223,930000	0,381863
223,940000	0,389512
223,950000	0,387600
223,960000	0,376764
223,970000	0,392699
223,980000	0,384413
223,990000	0,379314
224,000000	0,392699
224,010000	0,385050
224,020000	0,380589
224,030000	0,388237
224,040000	0,388874
224,050000	0,388237
224,060000	0,385050
224,070000	0,387600
224,080000	0,388874
224,090000	0,379314
224,100000	0,389512
224,110000	0,390786
224,120000	0,382501
224,130000	0,388874
224,140000	0,388237
224,150000	0,393973
224,160000	0,391424
224,170000	0,384413
224,180000	0,393336
224,190000	0,390149
224,200000	0,392699
224,210000	0,388237
224,220000	0,391424
224,230000	0,393973
224,240000	0,388237
224,250000	0,392699
224,260000	0,396523
224,270000	0,389512
224,280000	0,390786
224,290000	0,393973
224,300000	0,395885
224,310000	0,388874
224,320000	0,395885
224,330000	0,391424
224,340000	0,397160
224,350000	0,389512
224,360000	0,390786
224,370000	0,387600
224,380000	0,397798
224,390000	0,386325
224,400000	0,388237
224,410000	0,389512
224,420000	0,395248
224,430000	0,390149
224,440000	0,393336
224,450000	0,388237
224,460000	0,386325
224,470000	0,384413
224,480000	0,387600
224,490000	0,390786
224,500000	0,395248
224,510000	0,392699
224,520000	0,395248
224,530000	0,395248
224,540000	0,398435
224,550000	0,390149
224,560000	0,395248
224,570000	0,391424
224,580000	0,397798
224,590000	0,390149
224,600000	0,395248
224,610000	0,397160
224,620000	0,393336
224,630000	0,391424
224,640000	0,398435
224,650000	0,383138
224,660000	0,399710
224,670000	0,385050
224,680000	0,395248
224,690000	0,393336
224,700000	0,387600
224,710000	0,392699
224,720000	0,397798
224,730000	0,386962
224,740000	0,400984
224,750000	0,389512
224,760000	0,399072
224,770000	0,387600
224,780000	0,397798
224,790000	0,390786
224,800000	0,398435
224,810000	0,393973
224,820000	0,397798
224,830000	0,386962
224,840000	0,396523
224,850000	0,392699
224,860000	0,396523
224,870000	0,398435
224,880000	0,404171
224,890000	0,395248
224,900000	0,397160
224,910000	0,387600
224,920000	0,399710
224,930000	0,385688
224,940000	0,398435
224,950000	0,377402
224,960000	0,397798
224,970000	0,383775
224,980000	0,398435
224,990000	0,386325
225,000000	0,395248
225,010000	0,387600
225,020000	0,387600
225,030000	0,386962
225,040000	0,393973
225,050000	0,385688
225,060000	0,390786
225,070000	0,388874
225,080000	0,393973
225,090000	0,386962
225,100000	0,392061
225,110000	0,393973
225,120000	0,391424
225,130000	0,394611
225,140000	0,395248
225,150000	0,395248
225,160000	0,389512
225,170000	0,393336
225,180000	0,382501
225,190000	0,392699
225,200000	0,387600
225,210000	0,391424
225,220000	0,387600
225,230000	0,392061
225,240000	0,390786
225,250000	0,385688
225,260000	0,390786
225,270000	0,389512
225,280000	0,399072
225,290000	0,401622
225,300000	0,392699
225,310000	0,397798
225,320000	0,391424
225,330000	0,391424
225,340000	0,391424
225,350000	0,393336
225,360000	0,390149
225,370000	0,390149
225,380000	0,390786
225,390000	0,390149
225,400000	0,388237
225,410000	0,392699
225,420000	0,388874
225,430000	0,389512
225,440000	0,392699
225,450000	0,390149
225,460000	0,397160
225,470000	0,385050
225,480000	0,390149
225,490000	0,393973
225,500000	0,383138
225,510000	0,393973
225,520000	0,390149
225,530000	0,392061
225,540000	0,388874
225,550000	0,384413
225,560000	0,388874
225,570000	0,385688
225,580000	0,388874
225,590000	0,385688
225,600000	0,390786
225,610000	0,392699
225,620000	0,393973
225,630000	0,394611
225,640000	0,385050
225,650000	0,390786
225,660000	0,387600
225,670000	0,389512
225,680000	0,383138
225,690000	0,388237
225,700000	0,387600
225,710000	0,388237
225,720000	0,387600
225,730000	0,386962
225,740000	0,391424
225,750000	0,387600
225,760000	0,395248
225,770000	0,392699
225,780000	0,392061
225,790000	0,378039
225,800000	0,397798
225,810000	0,382501
225,820000	0,389512
225,830000	0,390786
225,840000	0,395248
225,850000	0,381863
225,860000	0,390786
225,870000	0,388237
225,880000	0,393336
225,890000	0,391424
225,900000	0,395248
225,910000	0,392061
225,920000	0,393973
225,930000	0,390786
225,940000	0,393973
225,950000	0,392699
225,960000	0,391424
225,970000	0,389512
225,980000	0,392699
225,990000	0,392699
226,000000	0,389512
226,010000	0,396523
226,020000	0,393336
226,030000	0,384413
226,040000	0,395885
226,050000	0,384413
226,060000	0,397160
226,070000	0,385688
226,080000	0,392699
226,090000	0,386962
226,100000	0,381863
226,110000	0,392699
226,120000	0,386962
226,130000	0,390149
226,140000	0,388874
226,150000	0,390149
226,160000	0,386962
226,170000	0,391424
226,180000	0,386962
226,190000	0,383138
226,200000	0,393973
226,210000	0,390149
226,220000	0,391424
226,230000	0,383775
226,240000	0,395248
226,250000	0,385688
226,260000	0,397798
226,270000	0,389512
226,280000	0,397160
226,290000	0,391424
226,300000	0,392061
226,310000	0,390786
226,320000	0,391424
226,330000	0,393336
226,340000	0,394611
226,350000	0,388237
226,360000	0,397798
226,370000	0,391424
226,380000	0,391424
226,390000	0,386962
226,400000	0,397798
226,410000	0,390149
226,420000	0,388237
226,430000	0,397798
226,440000	0,396523
226,450000	0,393336
226,460000	0,395885
226,470000	0,393336
226,480000	0,392061
226,490000	0,389512
226,500000	0,402259
226,510000	0,386962
226,520000	0,401622
226,530000	0,390149
226,540000	0,392699
226,550000	0,392699
226,560000	0,395248
226,570000	0,400984
226,580000	0,398435
226,590000	0,389512
226,600000	0,402896
226,610000	0,394611
226,620000	0,398435
226,630000	0,386962
226,640000	0,402896
226,650000	0,397160
226,660000	0,406083
226,670000	0,392699
226,680000	0,394611
226,690000	0,389512
226,700000	0,393336
226,710000	0,399072
226,720000	0,395248
226,730000	0,396523
226,740000	0,392061
226,750000	0,395885
226,760000	0,407358
226,770000	0,387600
226,780000	0,395248
226,790000	0,393973
226,800000	0,393336
226,810000	0,393973
226,820000	0,393336
226,830000	0,391424
226,840000	0,393973
226,850000	0,393336
226,860000	0,392699
226,870000	0,392699
226,880000	0,384413
226,890000	0,393336
226,900000	0,390149
226,910000	0,390786
226,920000	0,396523
226,930000	0,402896
226,940000	0,392061
226,950000	0,393973
226,960000	0,393973
226,970000	0,389512
226,980000	0,393336
226,990000	0,392061
227,000000	0,397160
227,010000	0,397160
227,020000	0,390786
227,030000	0,375490
227,040000	0,403534
227,050000	0,398435
227,060000	0,397160
227,070000	0,397798
227,080000	0,400347
227,090000	0,396523
227,100000	0,399072
227,110000	0,398435
227,120000	0,391424
227,130000	0,409907
227,140000	0,394611
227,150000	0,399710
227,160000	0,392061
227,170000	0,389512
227,180000	0,405446
227,190000	0,392061
227,200000	0,393336
227,210000	0,438589
227,220000	0,396523
227,230000	0,395885
227,240000	0,397798
227,250000	0,392061
227,260000	0,404171
227,270000	0,383775
227,280000	0,387600
227,290000	0,371665
227,300000	0,385050
227,310000	0,458985
227,320000	0,392699
227,330000	0,387600
227,340000	0,397160
227,350000	0,389512
227,360000	0,397798
227,370000	0,395248
227,380000	0,389512
227,390000	0,385050
227,400000	0,383138
227,410000	0,392061
227,420000	0,390149
227,430000	0,392699
227,440000	0,393973
227,450000	0,392699
227,460000	0,384413
227,470000	0,386962
227,480000	0,396523
227,490000	0,386962
227,500000	0,386962
227,510000	0,385050
227,520000	0,393973
227,530000	0,385050
227,540000	0,393336
227,550000	0,391424
227,560000	0,401622
227,570000	0,394611
227,580000	0,402259
227,590000	0,398435
227,600000	0,402896
227,610000	0,397798
227,620000	0,375490
227,630000	0,399710
227,640000	0,389512
227,650000	0,369116
227,660000	0,398435
227,670000	0,352545
227,680000	0,385050
227,690000	0,385688
227,700000	0,391424
227,710000	0,383775
227,720000	0,369116
227,730000	0,408633
227,740000	0,388237
227,750000	0,392061
227,760000	0,406721
227,770000	0,398435
227,780000	0,397160
227,790000	0,387600
227,800000	0,397798
227,810000	0,390149
227,820000	0,397798
227,830000	0,383775
227,840000	0,381863
227,850000	0,395248
227,860000	0,406083
227,870000	0,381863
227,880000	0,381863
227,890000	0,374215
227,900000	0,385050
227,910000	0,396523
227,920000	0,388237
227,930000	0,378677
227,940000	0,416281
227,950000	0,387600
227,960000	0,369116
227,970000	0,381863
227,980000	0,386962
227,990000	0,362742
228,000000	0,388874
228,010000	0,411820
228,020000	0,387600
228,030000	0,385688
228,040000	0,385688
228,050000	0,377402
228,060000	0,357006
228,070000	0,392699
228,080000	0,388874
228,090000	0,419468
228,100000	0,401622
228,110000	0,392061
228,120000	0,256302
228,130000	0,379314
228,140000	0,411182
228,150000	0,392699
228,160000	0,396523
228,170000	0,423930
228,180000	0,401622
228,190000	0,420743
228,200000	0,393336
228,210000	0,398435
228,220000	0,426479
228,230000	0,395885
228,240000	0,442413
228,250000	0,390786
228,260000	0,391424
228,270000	0,466633
228,280000	0,382501
228,290000	0,390786
228,300000	0,388874
228,310000	0,410545
228,320000	0,397160
228,330000	0,413732
228,340000	0,400347
228,350000	0,404171
228,360000	0,394611
228,370000	0,410545
228,380000	0,407995
228,390000	0,402896
228,400000	0,380589
228,410000	0,416918
228,420000	0,408633
228,430000	0,397798
228,440000	0,388237
228,450000	0,385050
228,460000	0,394611
228,470000	0,397798
228,480000	0,384413
228,490000	0,397798
228,500000	0,383138
228,510000	0,408633
228,520000	0,394611
228,530000	0,396523
228,540000	0,404171
228,550000	0,423930
228,560000	0,392699
228,570000	0,398435
228,580000	0,382501
228,590000	0,398435
228,600000	0,470457
228,610000	0,394611
228,620000	0,409907
228,630000	0,387600
228,640000	0,346171
228,650000	0,379951
228,660000	0,368479
228,670000	0,373578
228,680000	0,386962
228,690000	0,330874
228,700000	0,348083
228,710000	0,390149
228,720000	0,396523
228,730000	0,403534
228,740000	0,423930
228,750000	0,410545
228,760000	0,410545
228,770000	0,406721
228,780000	0,403534
228,790000	0,407358
228,800000	0,404171
228,810000	0,399072
228,820000	0,442413
228,830000	0,404809
228,840000	0,351270
228,850000	0,413732
228,860000	0,446237
228,870000	0,413732
228,880000	0,417556
228,890000	0,443688
228,900000	0,407995
228,910000	0,396523
228,920000	0,359556
228,930000	0,403534
228,940000	0,344259
228,950000	0,379314
228,960000	0,404809
228,970000	0,321314
228,980000	0,402896
228,990000	0,436677
229,000000	0,380589
229,010000	0,367204
229,020000	0,550765
229,030000	0,385688
229,040000	0,409270
229,050000	0,378039
229,060000	0,410545
229,070000	0,501688
229,080000	0,392061
229,090000	0,389512
229,100000	0,399710
229,110000	0,401622
229,120000	0,327050
229,130000	0,389512
229,140000	0,404809
229,150000	0,387600
229,160000	0,392061
229,170000	0,372940
229,180000	0,391424
229,190000	0,389512
229,200000	0,394611
229,210000	0,384413
229,220000	0,413094
229,230000	0,406721
229,240000	0,407358
229,250000	0,389512
229,260000	0,404809
229,270000	0,376127
229,280000	0,395248
229,290000	0,372940
229,300000	0,376764
229,310000	0,379314
229,320000	0,364017
229,330000	0,372940
229,340000	0,390149
229,350000	0,403534
229,360000	0,371665
229,370000	0,415006
229,380000	0,397798
229,390000	0,427754
229,400000	0,360830
229,410000	0,378039
229,420000	0,332149
229,430000	0,412457
229,440000	0,413094
229,450000	0,357006
229,460000	0,383138
229,470000	0,366567
229,480000	0,386325
229,490000	0,411182
229,500000	0,407358
229,510000	0,374852
229,520000	0,366567
229,530000	0,418831
229,540000	0,459622
229,550000	0,435402
229,560000	0,458985
229,570000	0,386962
229,580000	0,411820
229,590000	0,407358
229,600000	0,435402
229,610000	0,416918
229,620000	0,448787
229,630000	0,449424
229,640000	0,439864
229,650000	0,473007
229,660000	0,467908
229,670000	0,472369
229,680000	0,450699
229,690000	0,488303
229,700000	0,443688
229,710000	0,461534
229,720000	0,393336
229,730000	0,358918
229,740000	0,302830
229,750000	0,327687
229,760000	0,290720
229,770000	0,328962
229,780000	0,327050
229,790000	0,278610
229,800000	0,358918
229,810000	0,344259
229,820000	0,313665
229,830000	0,385050
229,840000	0,388237
229,850000	0,376127
229,860000	0,377402
229,870000	0,396523
229,880000	0,373578
229,890000	0,306654
229,900000	0,381226
229,910000	0,397798
229,920000	0,403534
229,930000	0,390149
229,940000	0,184280
229,950000	0,391424
229,960000	0,402259
229,970000	0,391424
229,980000	0,397798
229,990000	0,349995
230,000000	0,389512
230,010000	0,376127
230,020000	0,383775
230,030000	0,379951
230,040000	0,450699
230,050000	0,393973
230,060000	0,392699
230,070000	0,390149
230,080000	0,404809
230,090000	0,374852
230,100000	0,386325
230,110000	0,377402
230,120000	0,380589
230,130000	0,390786
230,140000	0,399710
230,150000	0,393973
230,160000	0,392061
230,170000	0,388874
230,180000	0,387600
230,190000	0,395248
230,200000	0,404809
230,210000	0,390786
230,220000	0,405446
230,230000	0,399072
230,240000	0,407995
230,250000	0,387600
230,260000	0,412457
230,270000	0,369753
230,280000	0,415006
230,290000	0,386962
230,300000	0,382501
230,310000	0,377402
230,320000	0,452611
230,330000	0,398435
230,340000	0,415644
230,350000	0,395885
230,360000	0,399072
230,370000	0,422017
230,380000	0,386325
230,390000	0,401622
230,400000	0,348083
230,410000	0,358918
230,420000	0,313665
230,430000	0,328962
230,440000	0,353182
230,450000	0,344259
230,460000	0,300918
230,470000	0,404809
230,480000	0,367204
230,490000	0,428391
230,500000	0,431578
230,510000	0,410545
230,520000	0,390786
230,530000	0,458347
230,540000	0,418193
230,550000	0,421380
230,560000	0,385050
230,570000	0,267137
230,580000	0,272874
230,590000	0,320039
230,600000	0,302830
230,610000	0,303467
230,620000	0,433490
230,630000	0,355094
230,640000	0,469820
230,650000	0,440501
230,660000	0,502326
230,670000	0,402259
230,680000	0,491490
230,690000	0,469183
230,700000	0,397160
230,710000	0,472369
230,720000	0,397798
230,730000	0,351270
230,740000	0,381863
230,750000	0,413094
230,760000	0,451974
230,770000	0,401622
230,780000	0,399710
230,790000	0,426479
230,800000	0,406083
230,810000	0,579447
230,820000	0,403534
230,830000	0,402259
230,840000	0,571798
230,850000	0,387600
230,860000	0,555864
230,870000	0,392699
230,880000	0,400347
230,890000	0,309841
230,900000	0,402896
230,910000	0,330237
230,920000	0,393973
230,930000	0,386962
230,940000	0,368479
230,950000	0,377402
230,960000	0,392699
230,970000	0,393336
230,980000	0,385050
230,990000	0,407358
231,000000	0,376127
231,010000	0,377402
231,020000	0,399710
231,030000	0,391424
231,040000	0,404171
231,050000	0,407995
231,060000	0,410545
231,070000	0,400347
231,080000	0,393336
231,090000	0,349358
231,100000	0,374215
231,110000	0,372303
231,120000	0,385050
231,130000	0,351907
231,140000	0,402259
231,150000	0,360193
231,160000	0,386325
231,170000	0,371028
231,180000	0,396523
231,190000	0,378039
231,200000	0,414369
231,210000	0,406083
231,220000	0,351907
231,230000	0,385688
231,240000	0,310478
231,250000	0,387600
231,260000	0,387600
231,270000	0,386962
231,280000	0,407358
231,290000	0,395248
231,300000	0,399072
231,310000	0,403534
231,320000	0,433490
231,330000	0,430941
231,340000	0,391424
231,350000	0,375490
231,360000	0,453248
231,370000	0,366567
231,380000	0,422017
231,390000	0,364654
231,400000	0,388237
231,410000	0,338522
231,420000	0,351907
231,430000	0,326413
231,440000	0,362742
231,450000	0,377402
231,460000	0,386325
231,470000	0,486391
231,480000	0,455160
231,490000	0,436039
231,500000	0,445600
231,510000	0,498501
231,520000	0,471732
231,530000	0,471732
231,540000	0,422017
231,550000	0,499139
231,560000	0,354457
231,570000	0,331511
231,580000	0,322588
231,590000	0,372940
231,600000	0,328962
231,610000	0,381863
231,620000	0,374852
231,630000	0,374215
231,640000	0,367841
231,650000	0,371028
231,660000	0,444325
231,670000	0,380589
231,680000	0,399710
231,690000	0,427754
231,700000	0,380589
231,710000	0,181730
231,720000	0,387600
231,730000	0,397160
231,740000	0,464084
231,750000	0,404809
231,760000	0,366567
231,770000	0,393973
231,780000	0,385050
231,790000	0,436039
231,800000	0,386325
231,810000	0,438589
231,820000	0,387600
231,830000	0,397798
231,840000	0,443688
231,850000	0,390786
231,860000	0,406083
231,870000	0,390786
231,880000	0,374215
231,890000	0,377402
231,900000	0,400347
231,910000	0,383775
231,920000	0,390786
231,930000	0,377402
231,940000	0,404171
231,950000	0,371665
231,960000	0,382501
231,970000	0,382501
231,980000	0,388874
231,990000	0,415006
232,000000	0,383138
232,010000	0,369116
232,020000	0,408633
232,030000	0,402259
232,040000	0,400347
232,050000	0,411820
232,060000	0,408633
232,070000	0,428391
232,080000	0,395248
232,090000	0,443688
232,100000	0,420105
232,110000	0,371665
232,120000	0,399710
232,130000	0,383138
232,140000	0,473007
232,150000	0,369116
232,160000	0,374852
232,170000	0,377402
232,180000	0,409270
232,190000	0,347446
232,200000	0,409907
232,210000	0,422655
232,220000	0,407358
232,230000	0,346808
232,240000	0,327050
232,250000	0,390149
232,260000	0,387600
232,270000	0,344896
232,280000	0,288171
232,290000	0,387600
232,300000	0,409270
232,310000	0,328325
232,320000	0,431578
232,330000	0,458985
232,340000	0,428391
232,350000	0,398435
232,360000	0,397160
232,370000	0,382501
232,380000	0,320039
232,390000	0,320039
232,400000	0,348720
232,410000	0,355731
232,420000	0,438589
232,430000	0,299643
232,440000	0,421380
232,450000	0,479380
232,460000	0,295819
232,470000	0,367204
232,480000	0,340435
232,490000	0,368479
232,500000	0,406083
232,510000	0,329599
232,520000	0,395885
232,530000	0,336610
232,540000	0,386962
232,550000	0,379951
232,560000	0,478106
232,570000	0,400984
232,580000	0,551403
232,590000	0,376127
232,600000	0,406721
232,610000	0,550765
232,620000	0,402259
232,630000	0,318127
232,640000	0,397798
232,650000	0,383138
232,660000	0,284346
232,670000	0,386325
232,680000	0,389512
232,690000	0,393336
232,700000	0,382501
232,710000	0,272236
232,720000	0,395248
232,730000	0,398435
232,740000	0,400984
232,750000	0,393336
232,760000	0,407995
232,770000	0,390786
232,780000	0,401622
232,790000	0,389512
232,800000	0,396523
232,810000	0,385050
232,820000	0,392699
232,830000	0,396523
232,840000	0,385688
232,850000	0,399710
232,860000	0,349358
232,870000	0,392699
232,880000	0,400984
232,890000	0,404171
232,900000	0,390786
232,910000	0,409907
232,920000	0,396523
232,930000	0,393336
232,940000	0,372940
232,950000	0,385050
232,960000	0,369116
232,970000	0,390149
232,980000	0,394611
232,990000	0,332149
233,000000	0,388237
233,010000	0,284984
233,020000	0,388874
233,030000	0,390149
233,040000	0,397160
233,050000	0,395248
233,060000	0,411820
233,070000	0,406721
233,080000	0,391424
233,090000	0,410545
233,100000	0,396523
233,110000	0,403534
233,120000	0,405446
233,130000	0,442413
233,140000	0,453248
233,150000	0,469820
233,160000	0,406083
233,170000	0,387600
233,180000	0,415644
233,190000	0,387600
233,200000	0,369116
233,210000	0,445600
233,220000	0,444963
233,230000	0,451974
233,240000	0,402259
233,250000	0,459622
233,260000	0,407995
233,270000	0,397798
233,280000	0,448787
233,290000	0,391424
233,300000	0,462171
233,310000	0,409907
233,320000	0,381226
233,330000	0,358281
233,340000	0,387600
233,350000	0,433490
233,360000	0,400347
233,370000	0,371665
233,380000	0,422017
233,390000	0,389512
233,400000	0,218698
233,410000	0,372303
233,420000	0,351907
233,430000	0,427116
233,440000	0,355094
233,450000	0,253115
233,460000	0,394611
233,470000	0,384413
233,480000	0,193840
233,490000	0,387600
233,500000	0,445600
233,510000	0,380589
233,520000	0,382501
233,530000	0,427754
233,540000	0,400347
233,550000	0,396523
233,560000	0,393973
233,570000	0,400347
233,580000	0,518897
233,590000	0,408633
233,600000	0,411820
233,610000	0,393973
233,620000	0,413094
233,630000	0,391424
233,640000	0,381226
233,650000	0,392061
233,660000	0,392699
233,670000	0,390149
233,680000	0,385050
233,690000	0,376127
233,700000	0,397160
233,710000	0,399072
233,720000	0,376764
233,730000	0,432853
233,740000	0,397798
233,750000	0,398435
233,760000	0,393973
233,770000	0,397160
233,780000	0,390786
233,790000	0,393973
233,800000	0,398435
233,810000	0,377402
233,820000	0,412457
233,830000	0,402896
233,840000	0,386325
233,850000	0,381863
233,860000	0,476194
233,870000	0,403534
233,880000	0,473007
233,890000	0,372303
233,900000	0,371665
233,910000	0,412457
233,920000	0,369753
233,930000	0,353819
233,940000	0,376764
233,950000	0,400984
233,960000	0,360193
233,970000	0,349358
233,980000	0,349358
233,990000	0,395248
234,000000	0,424567
234,010000	0,362105
234,020000	0,310478
234,030000	0,359556
234,040000	0,372940
234,050000	0,360193
234,060000	0,370391
234,070000	0,408633
234,080000	0,390149
234,090000	0,380589
234,100000	0,346808
234,110000	0,399072
234,120000	0,392699
234,130000	0,407995
234,140000	0,407358
234,150000	0,390149
234,160000	0,430303
234,170000	0,366567
234,180000	0,296456
234,190000	0,413732
234,200000	0,392699
234,210000	0,300918
234,220000	0,350632
234,230000	0,302830
234,240000	0,276698
234,250000	0,263313
234,260000	0,382501
234,270000	0,283709
234,280000	0,323863
234,290000	0,297094
234,300000	0,392061
234,310000	0,394611
234,320000	0,568612
234,330000	0,418193
234,340000	0,432215
234,350000	0,555864
234,360000	0,409270
234,370000	0,380589
234,380000	0,400984
234,390000	0,395248
234,400000	0,312390
234,410000	0,393973
234,420000	0,306017
234,430000	0,393336
234,440000	0,401622
234,450000	0,280522
234,460000	0,393973
234,470000	0,357643
234,480000	0,390149
234,490000	0,395248
234,500000	0,389512
234,510000	0,370391
234,520000	0,397798
234,530000	0,385050
234,540000	0,385688
234,550000	0,399072
234,560000	0,392061
234,570000	0,387600
234,580000	0,380589
234,590000	0,385688
234,600000	0,406721
234,610000	0,439864
234,620000	0,438589
234,630000	0,436039
234,640000	0,389512
234,650000	0,368479
234,660000	0,375490
234,670000	0,349358
234,680000	0,392699
234,690000	0,386962
234,700000	0,382501
234,710000	0,386962
234,720000	0,385050
234,730000	0,379951
234,740000	0,378039
234,750000	0,348083
234,760000	0,398435
234,770000	0,411820
234,780000	0,390149
234,790000	0,417556
234,800000	0,414369
234,810000	0,369753
234,820000	0,374852
234,830000	0,406083
234,840000	0,417556
234,850000	0,377402
234,860000	0,417556
234,870000	0,400347
234,880000	0,381863
234,890000	0,360830
234,900000	0,366567
234,910000	0,422017
234,920000	0,389512
234,930000	0,391424
234,940000	0,399072
234,950000	0,376764
234,960000	0,420743
234,970000	0,401622
234,980000	0,357006
234,990000	0,404809
235,000000	0,372303
235,010000	0,469183
235,020000	0,425842
235,030000	0,349358
235,040000	0,376764
235,050000	0,342984
235,060000	0,395885
235,070000	0,371028
235,080000	0,367204
235,090000	0,416281
235,100000	0,473644
235,110000	0,473644
235,120000	0,441138
235,130000	0,479380
235,140000	0,434765
235,150000	0,367841
235,160000	0,515073
235,170000	0,386325
235,180000	0,381226
235,190000	0,241643
235,200000	0,341072
235,210000	0,378677
235,220000	0,393336
235,230000	0,376127
235,240000	0,443050
235,250000	0,395248
235,260000	0,294544
235,270000	0,398435
235,280000	0,366567
235,290000	0,397160
235,300000	0,395248
235,310000	0,452611
235,320000	0,386962
235,330000	0,383138
235,340000	0,388874
235,350000	0,401622
235,360000	0,499139
235,370000	0,412457
235,380000	0,390149
235,390000	0,387600
235,400000	0,402259
235,410000	0,395248
235,420000	0,385688
235,430000	0,388874
235,440000	0,400347
235,450000	0,387600
235,460000	0,372303
235,470000	0,381863
235,480000	0,395885
235,490000	0,388237
235,500000	0,375490
235,510000	0,471732
235,520000	0,382501
235,530000	0,391424
235,540000	0,393973
235,550000	0,392699
235,560000	0,407358
235,570000	0,402259
235,580000	0,405446
235,590000	0,383775
235,600000	0,392061
235,610000	0,351270
235,620000	0,382501
235,630000	0,379951
235,640000	0,387600
235,650000	0,409270
235,660000	0,390149
235,670000	0,425842
235,680000	0,406721
235,690000	0,407995
235,700000	0,426479
235,710000	0,382501
235,720000	0,377402
235,730000	0,382501
235,740000	0,395248
235,750000	0,344259
235,760000	0,397798
235,770000	0,339160
235,780000	0,397160
235,790000	0,428391
235,800000	0,423292
235,810000	0,385050
235,820000	0,343621
235,830000	0,387600
235,840000	0,388237
235,850000	0,334061
235,860000	0,386962
235,870000	0,372940
235,880000	0,421380
235,890000	0,372940
235,900000	0,397798
235,910000	0,344896
235,920000	0,324500
235,930000	0,371028
235,940000	0,491490
235,950000	0,310478
235,960000	0,347446
235,970000	0,297094
235,980000	0,317489
235,990000	0,398435
236,000000	0,425842
236,010000	0,296456
236,020000	0,299006
236,030000	0,385050
236,040000	0,297094
236,050000	0,410545
236,060000	0,358281
236,070000	0,429028
236,080000	0,420743
236,090000	0,255665
236,100000	0,324500
236,110000	0,310478
236,120000	0,560963
236,130000	0,420743
236,140000	0,428391
236,150000	0,441138
236,160000	0,404809
236,170000	0,499139
236,180000	0,379314
236,190000	0,418193
236,200000	0,397160
236,210000	0,396523
236,220000	0,298368
236,230000	0,393336
236,240000	0,400984
236,250000	0,399072
236,260000	0,388237
236,270000	0,360193
236,280000	0,371028
236,290000	0,392061
236,300000	0,388874
236,310000	0,384413
236,320000	0,397798
236,330000	0,386325
236,340000	0,387600
236,350000	0,374852
236,360000	0,395248
236,370000	0,414369
236,380000	0,388237
236,390000	0,389512
236,400000	0,394611
236,410000	0,382501
236,420000	0,336610
236,430000	0,376127
236,440000	0,406721
236,450000	0,410545
236,460000	0,377402
236,470000	0,314940
236,480000	0,415644
236,490000	0,327687
236,500000	0,400347
236,510000	0,385688
236,520000	0,334698
236,530000	0,380589
236,540000	0,354457
236,550000	0,394611
236,560000	0,407995
236,570000	0,381226
236,580000	0,365292
236,590000	0,389512
236,600000	0,373578
236,610000	0,376764
236,620000	0,392061
236,630000	0,402896
236,640000	0,374215
236,650000	0,388237
236,660000	0,386962
236,670000	0,390786
236,680000	0,423292
236,690000	0,384413
236,700000	0,421380
236,710000	0,388874
236,720000	0,398435
236,730000	0,393336
236,740000	0,434765
236,750000	0,360830
236,760000	0,372303
236,770000	0,367204
236,780000	0,423292
236,790000	0,376127
236,800000	0,341709
236,810000	0,379314
236,820000	0,407995
236,830000	0,437314
236,840000	0,393973
236,850000	0,315577
236,860000	0,420743
236,870000	0,359556
236,880000	0,365929
236,890000	0,357006
236,900000	0,395248
236,910000	0,401622
236,920000	0,381226
236,930000	0,498501
236,940000	0,507424
236,950000	0,497864
236,960000	0,495315
236,970000	0,501051
236,980000	0,357006
236,990000	0,375490
237,000000	0,295819
237,010000	0,370391
237,020000	0,423930
237,030000	0,382501
237,040000	0,400984
237,050000	0,411182
237,060000	0,396523
237,070000	0,381226
237,080000	0,384413
237,090000	0,394611
237,100000	0,419468
237,110000	0,396523
237,120000	0,379314
237,130000	0,372940
237,140000	0,378039
237,150000	0,413094
237,160000	0,371665
237,170000	0,383138
237,180000	0,385050
237,190000	0,398435
237,200000	0,362105
237,210000	0,393973
237,220000	0,389512
237,230000	0,400984
237,240000	0,405446
237,250000	0,424567
237,260000	0,393973
237,270000	0,383138
237,280000	0,406721
237,290000	0,386325
237,300000	0,418831
237,310000	0,405446
237,320000	0,441138
237,330000	0,372940
237,340000	0,405446
237,350000	0,404171
237,360000	0,399710
237,370000	0,371665
237,380000	0,367841
237,390000	0,384413
237,400000	0,390149
237,410000	0,367204
237,420000	0,381863
237,430000	0,362742
237,440000	0,390149
237,450000	0,397160
237,460000	0,353182
237,470000	0,415644
237,480000	0,389512
237,490000	0,379314
237,500000	0,379951
237,510000	0,390149
237,520000	0,394611
237,530000	0,387600
237,540000	0,429028
237,550000	0,443050
237,560000	0,365292
237,570000	0,402896
237,580000	0,390786
237,590000	0,379314
237,600000	0,379314
237,610000	0,396523
237,620000	0,399072
237,630000	0,395248
237,640000	0,428391
237,650000	0,424567
237,660000	0,436677
237,670000	0,378039
237,680000	0,336610
237,690000	0,386325
237,700000	0,420743
237,710000	0,441776
237,720000	0,392699
237,730000	0,450699
237,740000	0,385050
237,750000	0,381863
237,760000	0,347446
237,770000	0,367204
237,780000	0,321951
237,790000	0,330237
237,800000	0,338522
237,810000	0,504875
237,820000	0,399072
237,830000	0,276698
237,840000	0,393973
237,850000	0,325775
237,860000	0,293269
237,870000	0,370391
237,880000	0,609403
237,890000	0,313665
237,900000	0,332786
237,910000	0,413732
237,920000	0,396523
237,930000	0,390149
237,940000	0,402896
237,950000	0,444963
237,960000	0,442413
237,970000	0,394611
237,980000	0,267137
237,990000	0,406083
238,000000	0,428391
238,010000	0,424567
238,020000	0,423930
238,030000	0,387600
238,040000	0,442413
238,050000	0,415644
238,060000	0,407995
238,070000	0,395248
238,080000	0,365292
238,090000	0,372940
238,100000	0,410545
238,110000	0,386962
238,120000	0,361468
238,130000	0,406083
238,140000	0,377402
238,150000	0,396523
238,160000	0,374852
238,170000	0,374215
238,180000	0,371665
238,190000	0,386962
238,200000	0,322588
238,210000	0,385050
238,220000	0,387600
238,230000	0,374215
238,240000	0,377402
238,250000	0,395248
238,260000	0,406083
238,270000	0,392699
238,280000	0,350632
238,290000	0,360830
238,300000	0,423292
238,310000	0,392061
238,320000	0,389512
238,330000	0,386325
238,340000	0,372940
238,350000	0,432215
238,360000	0,389512
238,370000	0,392699
238,380000	0,396523
238,390000	0,379951
238,400000	0,415006
238,410000	0,407995
238,420000	0,367841
238,430000	0,390149
238,440000	0,357006
238,450000	0,374852
238,460000	0,392061
238,470000	0,372303
238,480000	0,371665
238,490000	0,392699
238,500000	0,378039
238,510000	0,367841
238,520000	0,366567
238,530000	0,359556
238,540000	0,374852
238,550000	0,385050
238,560000	0,453248
238,570000	0,367204
238,580000	0,362105
238,590000	0,363380
238,600000	0,363380
238,610000	0,296456
238,620000	0,386325
238,630000	0,441776
238,640000	0,293269
238,650000	0,394611
238,660000	0,353182
238,670000	0,397798
238,680000	0,406721
238,690000	0,376764
238,700000	0,378677
238,710000	0,431578
238,720000	0,357006
238,730000	0,398435
238,740000	0,330874
238,750000	0,416281
238,760000	0,210412
238,770000	0,523996
238,780000	0,479380
238,790000	0,504875
238,800000	0,372940
238,810000	0,386962
238,820000	0,419468
238,830000	0,481292
238,840000	0,397160
238,850000	0,364654
238,860000	0,325138
238,870000	0,379314
238,880000	0,332149
238,890000	0,325775
238,900000	0,353819
238,910000	0,437314
238,920000	0,362742
238,930000	0,384413
238,940000	0,368479
238,950000	0,376127
238,960000	0,383138
238,970000	0,365292
238,980000	0,372303
238,990000	0,385050
239,000000	0,376127
239,010000	0,351907
239,020000	0,396523
239,030000	0,378039
239,040000	0,385050
239,050000	0,386325
239,060000	0,365929
239,070000	0,390149
239,080000	0,474919
239,090000	0,381863
239,100000	0,379314
239,110000	0,420743
239,120000	0,388237
239,130000	0,427116
239,140000	0,402259
239,150000	0,390786
239,160000	0,426479
239,170000	0,372303
239,180000	0,379951
239,190000	0,401622
239,200000	0,395885
239,210000	0,386962
239,220000	0,409907
239,230000	0,354457
239,240000	0,396523
239,250000	0,393336
239,260000	0,399710
239,270000	0,399072
239,280000	0,365929
239,290000	0,364017
239,300000	0,392061
239,310000	0,430303
239,320000	0,400347
239,330000	0,407358
239,340000	0,367841
239,350000	0,412457
239,360000	0,404171
239,370000	0,398435
239,380000	0,392699
239,390000	0,393973
239,400000	0,391424
239,410000	0,373578
239,420000	0,387600
239,430000	0,398435
239,440000	0,365292
239,450000	0,405446
239,460000	0,340435
239,470000	0,387600
239,480000	0,402896
239,490000	0,403534
239,500000	0,421380
239,510000	0,320676
239,520000	0,420105
239,530000	0,419468
239,540000	0,335336
239,550000	0,390149
239,560000	0,288808
239,570000	0,342984
239,580000	0,368479
239,590000	0,393973
239,600000	0,379314
239,610000	0,487666
239,620000	0,431578
239,630000	0,412457
239,640000	0,449424
239,650000	0,357006
239,660000	0,299643
239,670000	0,325775
239,680000	0,328325
239,690000	0,457073
239,700000	0,395248
239,710000	0,530370
239,720000	0,373578
239,730000	0,376127
239,740000	0,384413
239,750000	0,392061
239,760000	0,354457
239,770000	0,397798
239,780000	0,411182
239,790000	0,404171
239,800000	0,390149
239,810000	0,400347
239,820000	0,414369
239,830000	0,406083
239,840000	0,323863
239,850000	0,379314
239,860000	0,345533
239,870000	0,397798
239,880000	0,387600
239,890000	0,399710
239,900000	0,392061
239,910000	0,386325
239,920000	0,384413
239,930000	0,404809
239,940000	0,388874
239,950000	0,411820
239,960000	0,379314
239,970000	0,377402
239,980000	0,389512
239,990000	0,384413
240,000000	0,406083
240,010000	0,350632
240,020000	0,395248
240,030000	0,377402
240,040000	0,381226
240,050000	0,396523
240,060000	0,313665
240,070000	0,384413
240,080000	0,381863
240,090000	0,375490
240,100000	0,403534
240,110000	0,382501
240,120000	0,379951
240,130000	0,397798
240,140000	0,374215
240,150000	0,388874
240,160000	0,390786
240,170000	0,376127
240,180000	0,410545
240,190000	0,358281
240,200000	0,359556
240,210000	0,380589
240,220000	0,397798
240,230000	0,392061
240,240000	0,394611
240,250000	0,362742
240,260000	0,362105
240,270000	0,437314
240,280000	0,352545
240,290000	0,404171
240,300000	0,353819
240,310000	0,371028
240,320000	0,387600
240,330000	0,402259
240,340000	0,316852
240,350000	0,383138
240,360000	0,369116
240,370000	0,336610
240,380000	0,381863
240,390000	0,379951
240,400000	0,371028
240,410000	0,358918
240,420000	0,337885
240,430000	0,383775
240,440000	0,498501
240,450000	0,416918
240,460000	0,422017
240,470000	0,476831
240,480000	0,387600
240,490000	0,390786
240,500000	0,374852
240,510000	0,378677
240,520000	0,262039
240,530000	0,386325
240,540000	0,307292
240,550000	0,405446
240,560000	0,386962
240,570000	0,358281
240,580000	0,444963
240,590000	0,365292
240,600000	0,495952
240,610000	0,484479
240,620000	0,492128
240,630000	0,388874
240,640000	0,474919
240,650000	0,404809
240,660000	0,330237
240,670000	0,374215
240,680000	0,357643
240,690000	0,360830
240,700000	0,384413
240,710000	0,314303
240,720000	0,313665
240,730000	0,371028
240,740000	0,325138
240,750000	0,430941
240,760000	0,369116
240,770000	0,355731
240,780000	0,417556
240,790000	0,413732
240,800000	0,379951
240,810000	0,358918
240,820000	0,365929
240,830000	0,369116
240,840000	0,376127
240,850000	0,374852
240,860000	0,392699
240,870000	0,389512
240,880000	0,388237
240,890000	0,448149
240,900000	0,406721
240,910000	0,383138
240,920000	0,372940
240,930000	0,361468
240,940000	0,481930
240,950000	0,357006
240,960000	0,353182
240,970000	0,361468
240,980000	0,377402
240,990000	0,365292
241,000000	0,341709
241,010000	0,379314
241,020000	0,410545
241,030000	0,383138
241,040000	0,381863
241,050000	0,360830
241,060000	0,374852
241,070000	0,402259
241,080000	0,411182
241,090000	0,383138
241,100000	0,342984
241,110000	0,375490
241,120000	0,437314
241,130000	0,380589
241,140000	0,407995
241,150000	0,327050
241,160000	0,420743
241,170000	0,444325
241,180000	0,446875
241,190000	0,388237
241,200000	0,468545
241,210000	0,390786
241,220000	0,323226
241,230000	0,405446
241,240000	0,404171
241,250000	0,332786
241,260000	0,384413
241,270000	0,335973
241,280000	0,350632
241,290000	0,387600
241,300000	0,295182
241,310000	0,411182
241,320000	0,399710
241,330000	0,341072
241,340000	0,385050
241,350000	0,562238
241,360000	0,397160
241,370000	0,571798
241,380000	0,332786
241,390000	0,339160
241,400000	0,488303
241,410000	0,390786
241,420000	0,467908
241,430000	0,405446
241,440000	0,392061
241,450000	0,489578
241,460000	0,394611
241,470000	0,400347
241,480000	0,449424
241,490000	0,392699
241,500000	0,297094
241,510000	0,372303
241,520000	0,289445
241,530000	0,305379
241,540000	0,331511
241,550000	0,382501
241,560000	0,321314
241,570000	0,270324
241,580000	0,373578
241,590000	0,355731
241,600000	0,346171
241,610000	0,399710
241,620000	0,437952
241,630000	0,432215
241,640000	0,463446
241,650000	0,463446
241,660000	0,469183
241,670000	0,436677
241,680000	0,419468
241,690000	0,442413
241,700000	0,430941
241,710000	0,392061
241,720000	0,423292
241,730000	0,399710
241,740000	0,410545
241,750000	0,356369
241,760000	0,403534
241,770000	0,368479
241,780000	0,419468
241,790000	0,387600
241,800000	0,389512
241,810000	0,365929
241,820000	0,387600
241,830000	0,383775
241,840000	0,415644
241,850000	0,414369
241,860000	0,388237
241,870000	0,432853
241,880000	0,388874
241,890000	0,383138
241,900000	0,415644
241,910000	0,392061
241,920000	0,420743
241,930000	0,417556
241,940000	0,372303
241,950000	0,404171
241,960000	0,436039
241,970000	0,374215
241,980000	0,349358
241,990000	0,327687
242,000000	0,401622
242,010000	0,402259
242,020000	0,406083
242,030000	0,341709
242,040000	0,357643
242,050000	0,393973
242,060000	0,418193
242,070000	0,361468
242,080000	0,406721
242,090000	0,313665
242,100000	0,365929
242,110000	0,391424
242,120000	0,385050
242,130000	0,299643
242,140000	0,385050
242,150000	0,379951
242,160000	0,332786
242,170000	0,376764
242,180000	0,297094
242,190000	0,397160
242,200000	0,397798
242,210000	0,483842
242,220000	0,364654
242,230000	0,370391
242,240000	0,362742
242,250000	0,371028
242,260000	0,211049
242,270000	0,369753
242,280000	0,420743
242,290000	0,416918
242,300000	0,397798
242,310000	0,229533
242,320000	0,434765
242,330000	0,450062
242,340000	0,395248
242,350000	0,386325
242,360000	0,392061
242,370000	0,344896
242,380000	0,328325
242,390000	0,325775
242,400000	0,355731
242,410000	0,456435
242,420000	0,360830
242,430000	0,437314
242,440000	0,471095
242,450000	0,465358
242,460000	0,475556
242,470000	0,488303
242,480000	0,498501
242,490000	0,416281
242,500000	0,444963
242,510000	0,401622
242,520000	0,403534
242,530000	0,328325
242,540000	0,336610
242,550000	0,336610
242,560000	0,332786
242,570000	0,341709
242,580000	0,339797
242,590000	0,361468
242,600000	0,348083
242,610000	0,399072
242,620000	0,368479
242,630000	0,376127
242,640000	0,374215
242,650000	0,383775
242,660000	0,436039
242,670000	0,366567
242,680000	0,380589
242,690000	0,382501
242,700000	0,391424
242,710000	0,431578
242,720000	0,357006
242,730000	0,385050
242,740000	0,386962
242,750000	0,371665
242,760000	0,325138
242,770000	0,334061
242,780000	0,376764
242,790000	0,378677
242,800000	0,373578
242,810000	0,342347
242,820000	0,333424
242,830000	0,377402
242,840000	0,382501
242,850000	0,404809
242,860000	0,373578
242,870000	0,402259
242,880000	0,408633
242,890000	0,379951
242,900000	0,356369
242,910000	0,378039
242,920000	0,335336
242,930000	0,382501
242,940000	0,400984
242,950000	0,441776
242,960000	0,392061
242,970000	0,387600
242,980000	0,405446
242,990000	0,420105
243,000000	0,443688
243,010000	0,397160
243,020000	0,479380
243,030000	0,397160
243,040000	0,416281
243,050000	0,370391
243,060000	0,398435
243,070000	0,302830
243,080000	0,363380
243,090000	0,341709
243,100000	0,494040
243,110000	0,376764
243,120000	0,351270
243,130000	0,401622
243,140000	0,393336
243,150000	0,560963
243,160000	0,407995
243,170000	0,563513
243,180000	0,385050
243,190000	0,344896
243,200000	0,355731
243,210000	0,341072
243,220000	0,372303
243,230000	0,374852
243,240000	0,344896
243,250000	0,369116
243,260000	0,382501
243,270000	0,351907
243,280000	0,415006
243,290000	0,385050
243,300000	0,410545
243,310000	0,376764
243,320000	0,340435
243,330000	0,341072
243,340000	0,345533
243,350000	0,399710
243,360000	0,364654
243,370000	0,417556
243,380000	0,377402
243,390000	0,429028
243,400000	0,406083
243,410000	0,394611
243,420000	0,416281
243,430000	0,395885
243,440000	0,398435
243,450000	0,388237
243,460000	0,378677
243,470000	0,369753
243,480000	0,384413
243,490000	0,398435
243,500000	0,366567
243,510000	0,390149
243,520000	0,364654
243,530000	0,410545
243,540000	0,417556
243,550000	0,369753
243,560000	0,403534
243,570000	0,328962
243,580000	0,403534
243,590000	0,400347
243,600000	0,389512
243,610000	0,407358
243,620000	0,393973
243,630000	0,385050
243,640000	0,385050
243,650000	0,420105
243,660000	0,390786
243,670000	0,430303
243,680000	0,390149
243,690000	0,379314
243,700000	0,404171
243,710000	0,374215
243,720000	0,387600
243,730000	0,395885
243,740000	0,371665
243,750000	0,384413
243,760000	0,377402
243,770000	0,393336
243,780000	0,369753
243,790000	0,354457
243,800000	0,383138
243,810000	0,405446
243,820000	0,386962
243,830000	0,337248
243,840000	0,348083
243,850000	0,376127
243,860000	0,376764
243,870000	0,372940
243,880000	0,406083
243,890000	0,374852
243,900000	0,386962
243,910000	0,358918
243,920000	0,386325
243,930000	0,330237
243,940000	0,391424
243,950000	0,392699
243,960000	0,413732
243,970000	0,391424
243,980000	0,290083
243,990000	0,384413
244,000000	0,387600
244,010000	0,271599
244,020000	0,411820
244,030000	0,381226
244,040000	0,398435
244,050000	0,398435
244,060000	0,262676
244,070000	0,390149
244,080000	0,396523
244,090000	0,383138
244,100000	0,395885
244,110000	0,388874
244,120000	0,393973
244,130000	0,402896
244,140000	0,385688
244,150000	0,399072
244,160000	0,404809
244,170000	0,400347
244,180000	0,382501
244,190000	0,381863
244,200000	0,380589
244,210000	0,381863
244,220000	0,374852
244,230000	0,379314
244,240000	0,372303
244,250000	0,369753
244,260000	0,373578
244,270000	0,371665
244,280000	0,389512
244,290000	0,379314
244,300000	0,379314
244,310000	0,378677
244,320000	0,389512
244,330000	0,376764
244,340000	0,379314
244,350000	0,374215
244,360000	0,399072
244,370000	0,381863
244,380000	0,400347
244,390000	0,381226
244,400000	0,383138
244,410000	0,409907
244,420000	0,372303
244,430000	0,389512
244,440000	0,383138
244,450000	0,363380
244,460000	0,393973
244,470000	0,385050
244,480000	0,376764
244,490000	0,379951
244,500000	0,376764
244,510000	0,379951
244,520000	0,344259
244,530000	0,374852
244,540000	0,385050
244,550000	0,381863
244,560000	0,365929
244,570000	0,352545
244,580000	0,383775
244,590000	0,389512
244,600000	0,390786
244,610000	0,387600
244,620000	0,378677
244,630000	0,378039
244,640000	0,385050
244,650000	0,385688
244,660000	0,388874
244,670000	0,367204
244,680000	0,389512
244,690000	0,389512
244,700000	0,400347
244,710000	0,380589
244,720000	0,364654
244,730000	0,385050
244,740000	0,399710
244,750000	0,381863
244,760000	0,384413
244,770000	0,380589
244,780000	0,386325
244,790000	0,386325
244,800000	0,386325
244,810000	0,371028
244,820000	0,413094
244,830000	0,376764
244,840000	0,381226
244,850000	0,372940
244,860000	0,383138
244,870000	0,339160
244,880000	0,374852
244,890000	0,360830
244,900000	0,379951
244,910000	0,375490
244,920000	0,371665
244,930000	0,373578
244,940000	0,384413
244,950000	0,371665
244,960000	0,374852
244,970000	0,359556
244,980000	0,369753
244,990000	0,379951
245,000000	0,379951
245,010000	0,373578
245,020000	0,379314
245,030000	0,376764
245,040000	0,374215
245,050000	0,381226
245,060000	0,378677
245,070000	0,372303
245,080000	0,378039
245,090000	0,371028
245,100000	0,384413
245,110000	0,378039
245,120000	0,380589
245,130000	0,376764
245,140000	0,379951
245,150000	0,376764
245,160000	0,383138
245,170000	0,393336
245,180000	0,390149
245,190000	0,382501
245,200000	0,386962
245,210000	0,382501
245,220000	0,383138
245,230000	0,381863
245,240000	0,376764
245,250000	0,377402
245,260000	0,387600
245,270000	0,379951
245,280000	0,386325
245,290000	0,378039
245,300000	0,387600
245,310000	0,379314
245,320000	0,382501
245,330000	0,390149
245,340000	0,386325
245,350000	0,383138
245,360000	0,382501
245,370000	0,382501
245,380000	0,388874
245,390000	0,390149
245,400000	0,389512
245,410000	0,382501
245,420000	0,392699
245,430000	0,380589
245,440000	0,389512
245,450000	0,383138
245,460000	0,389512
245,470000	0,383138
245,480000	0,383775
245,490000	0,381226
245,500000	0,392061
245,510000	0,383775
245,520000	0,383138
245,530000	0,386325
245,540000	0,382501
245,550000	0,371665
245,560000	0,383775
245,570000	0,383775
245,580000	0,383775
245,590000	0,385688
245,600000	0,374852
245,610000	0,383138
245,620000	0,388874
245,630000	0,392699
245,640000	0,387600
245,650000	0,386325
245,660000	0,386325
245,670000	0,383138
245,680000	0,381226
245,690000	0,386325
245,700000	0,376764
245,710000	0,390149
245,720000	0,385050
245,730000	0,379951
245,740000	0,392699
245,750000	0,386325
245,760000	0,386325
245,770000	0,388874
245,780000	0,386962
245,790000	0,388237
245,800000	0,385050
245,810000	0,389512
245,820000	0,388237
245,830000	0,390149
245,840000	0,388874
245,850000	0,383775
245,860000	0,393973
245,870000	0,390149
245,880000	0,389512
245,890000	0,385688
245,900000	0,389512
245,910000	0,390149
245,920000	0,389512
245,930000	0,385688
245,940000	0,389512
245,950000	0,385050
245,960000	0,397160
245,970000	0,395248
245,980000	0,399072
245,990000	0,391424
246,000000	0,393973
246,010000	0,386325
246,020000	0,387600
246,030000	0,392061
246,040000	0,388237
246,050000	0,384413
246,060000	0,383775
246,070000	0,390786
246,080000	0,386962
246,090000	0,386325
246,100000	0,387600
246,110000	0,383775
246,120000	0,394611
246,130000	0,378039
246,140000	0,385688
246,150000	0,386962
246,160000	0,386962
246,170000	0,379951
246,180000	0,390149
246,190000	0,398435
246,200000	0,390149
246,210000	0,390149
246,220000	0,390786
246,230000	0,391424
246,240000	0,388874
246,250000	0,385050
246,260000	0,385050
246,270000	0,380589
246,280000	0,381226
246,290000	0,385688
246,300000	0,390149
246,310000	0,375490
246,320000	0,385688
246,330000	0,371665
246,340000	0,390786
246,350000	0,391424
246,360000	0,388237
246,370000	0,387600
246,380000	0,387600
246,390000	0,385050
246,400000	0,386325
246,410000	0,376127
246,420000	0,389512
246,430000	0,378039
246,440000	0,381226
246,450000	0,378677
246,460000	0,388237
246,470000	0,382501
246,480000	0,390149
246,490000	0,379951
246,500000	0,387600
246,510000	0,383775
246,520000	0,390149
246,530000	0,390149
246,540000	0,381226
246,550000	0,386325
246,560000	0,385050
246,570000	0,378039
246,580000	0,382501
246,590000	0,379314
246,600000	0,385050
246,610000	0,383138
246,620000	0,380589
246,630000	0,376764
246,640000	0,384413
246,650000	0,381226
246,660000	0,387600
246,670000	0,376764
246,680000	0,385050
246,690000	0,377402
246,700000	0,392061
246,710000	0,379951
246,720000	0,382501
246,730000	0,379314
246,740000	0,385050
246,750000	0,379314
246,760000	0,379314
246,770000	0,372303
246,780000	0,388874
246,790000	0,372940
246,800000	0,378677
246,810000	0,377402
246,820000	0,377402
246,830000	0,372303
246,840000	0,376764
246,850000	0,376764
246,860000	0,385688
246,870000	0,381863
246,880000	0,380589
246,890000	0,374215
246,900000	0,380589
246,910000	0,374215
246,920000	0,377402
246,930000	0,377402
246,940000	0,376764
246,950000	0,374852
246,960000	0,375490
246,970000	0,374852
246,980000	0,377402
246,990000	0,381226
247,000000	0,373578
247,010000	0,374215
247,020000	0,369116
247,030000	0,384413
247,040000	0,369116
247,050000	0,376764
247,060000	0,372940
247,070000	0,378039
247,080000	0,379951
247,090000	0,376764
247,100000	0,379314
247,110000	0,382501
247,120000	0,383138
247,130000	0,382501
247,140000	0,377402
247,150000	0,374852
247,160000	0,385050
247,170000	0,376764
247,180000	0,386325
247,190000	0,376764
247,200000	0,382501
247,210000	0,383138
247,220000	0,376764
247,230000	0,378039
247,240000	0,383775
247,250000	0,375490
247,260000	0,376127
247,270000	0,376127
247,280000	0,379314
247,290000	0,381226
247,300000	0,385688
247,310000	0,378039
247,320000	0,377402
247,330000	0,377402
247,340000	0,380589
247,350000	0,381863
247,360000	0,374852
247,370000	0,379314
247,380000	0,378677
247,390000	0,383138
247,400000	0,383138
247,410000	0,376127
247,420000	0,382501
247,430000	0,381226
247,440000	0,385688
247,450000	0,382501
247,460000	0,387600
247,470000	0,378677
247,480000	0,383775
247,490000	0,378677
247,500000	0,379314
247,510000	0,375490
247,520000	0,383775
247,530000	0,373578
247,540000	0,385050
247,550000	0,378677
247,560000	0,378677
247,570000	0,386962
247,580000	0,378677
247,590000	0,378677
247,600000	0,380589
247,610000	0,385688
247,620000	0,382501
247,630000	0,376764
247,640000	0,384413
247,650000	0,381226
247,660000	0,383138
247,670000	0,385050
247,680000	0,386962
247,690000	0,385688
247,700000	0,385050
247,710000	0,378039
247,720000	0,390786
247,730000	0,382501
247,740000	0,387600
247,750000	0,394611
247,760000	0,386325
247,770000	0,388874
247,780000	0,391424
247,790000	0,386962
247,800000	0,385050
247,810000	0,390149
247,820000	0,392061
247,830000	0,397160
247,840000	0,392699
247,850000	0,382501
247,860000	0,395885
247,870000	0,390786
247,880000	0,388874
247,890000	0,385688
247,900000	0,394611
247,910000	0,397798
247,920000	0,394611
247,930000	0,392061
247,940000	0,385688
247,950000	0,389512
247,960000	0,394611
247,970000	0,386325
247,980000	0,390786
247,990000	0,383775
248,000000	0,392699
248,010000	0,401622
248,020000	0,390149
248,030000	0,387600
248,040000	0,398435
248,050000	0,383138
248,060000	0,387600
248,070000	0,386962
248,080000	0,382501
248,090000	0,387600
248,100000	0,388237
248,110000	0,385050
248,120000	0,388237
248,130000	0,391424
248,140000	0,386962
248,150000	0,378677
248,160000	0,392061
248,170000	0,390149
248,180000	0,386962
248,190000	0,387600
248,200000	0,394611
248,210000	0,384413
248,220000	0,387600
248,230000	0,389512
248,240000	0,392061
248,250000	0,394611
248,260000	0,391424
248,270000	0,379314
248,280000	0,393973
248,290000	0,388237
248,300000	0,390149
248,310000	0,386962
248,320000	0,392699
248,330000	0,377402
248,340000	0,393973
248,350000	0,383138
248,360000	0,388237
248,370000	0,386962
248,380000	0,390786
248,390000	0,392061
248,400000	0,388237
248,410000	0,388874
248,420000	0,385050
248,430000	0,386325
248,440000	0,388237
248,450000	0,385688
248,460000	0,385688
248,470000	0,388874
248,480000	0,390786
248,490000	0,386325
248,500000	0,393336
248,510000	0,386325
248,520000	0,389512
248,530000	0,385050
248,540000	0,384413
248,550000	0,379314
248,560000	0,386962
248,570000	0,377402
248,580000	0,388874
248,590000	0,378039
248,600000	0,387600
248,610000	0,379951
248,620000	0,388874
248,630000	0,382501
248,640000	0,376764
248,650000	0,378039
248,660000	0,380589
248,670000	0,380589
248,680000	0,371028
248,690000	0,381863
248,700000	0,378039
248,710000	0,381226
248,720000	0,384413
248,730000	0,379314
248,740000	0,378039
248,750000	0,381226
248,760000	0,386962
248,770000	0,374215
248,780000	0,379314
248,790000	0,376127
248,800000	0,374852
248,810000	0,381226
248,820000	0,379951
248,830000	0,385050
248,840000	0,379314
248,850000	0,377402
248,860000	0,383138
248,870000	0,382501
248,880000	0,379314
248,890000	0,385688
248,900000	0,382501
248,910000	0,381226
248,920000	0,376127
248,930000	0,381863
248,940000	0,383138
248,950000	0,369753
248,960000	0,381863
248,970000	0,374852
248,980000	0,379951
248,990000	0,376764
249,000000	0,380589
249,010000	0,373578
249,020000	0,382501
249,030000	0,370391
249,040000	0,380589
249,050000	0,367841
249,060000	0,379314
249,070000	0,368479
249,080000	0,385050
249,090000	0,376127
249,100000	0,383138
249,110000	0,375490
249,120000	0,380589
249,130000	0,376764
249,140000	0,380589
249,150000	0,367204
249,160000	0,382501
249,170000	0,371028
249,180000	0,381226
249,190000	0,373578
249,200000	0,382501
249,210000	0,376764
249,220000	0,381226
249,230000	0,371665
249,240000	0,381863
249,250000	0,369116
249,260000	0,382501
249,270000	0,371028
249,280000	0,379951
249,290000	0,367841
249,300000	0,388237
249,310000	0,376764
249,320000	0,381863
249,330000	0,371665
249,340000	0,378677
249,350000	0,365292
249,360000	0,377402
249,370000	0,376127
249,380000	0,376764
249,390000	0,383775
249,400000	0,373578
249,410000	0,379951
249,420000	0,381226
249,430000	0,375490
249,440000	0,379314
249,450000	0,375490
249,460000	0,386325
249,470000	0,380589
249,480000	0,385688
249,490000	0,382501
249,500000	0,383775
249,510000	0,386325
249,520000	0,378677
249,530000	0,386962
249,540000	0,378677
249,550000	0,381226
249,560000	0,378039
249,570000	0,386325
249,580000	0,375490
249,590000	0,390786
249,600000	0,377402
249,610000	0,386962
249,620000	0,377402
249,630000	0,391424
249,640000	0,385050
249,650000	0,383775
249,660000	0,377402
249,670000	0,385050
249,680000	0,386325
249,690000	0,383775
249,700000	0,385688
249,710000	0,387600
249,720000	0,383775
249,730000	0,380589
249,740000	0,383775
249,750000	0,382501
249,760000	0,380589
249,770000	0,381863
249,780000	0,382501
249,790000	0,387600
249,800000	0,381863
249,810000	0,386325
249,820000	0,383138
249,830000	0,385050
249,840000	0,382501
249,850000	0,393973
249,860000	0,379951
249,870000	0,390149
249,880000	0,377402
249,890000	0,391424
249,900000	0,385688
249,910000	0,392061
249,920000	0,391424
249,930000	0,388237
249,940000	0,387600
249,950000	0,380589
249,960000	0,383775
249,970000	0,387600
249,980000	0,387600
249,990000	0,384413
250,000000	0,380589
250,010000	0,392699
250,020000	0,393336
250,030000	0,388237
250,040000	0,385688
250,050000	0,388874
250,060000	0,385688
250,070000	0,388237
250,080000	0,389512
250,090000	0,385688
250,100000	0,385050
250,110000	0,390149
250,120000	0,387600
250,130000	0,378039
250,140000	0,390786
250,150000	0,382501
250,160000	0,393336
250,170000	0,385688
250,180000	0,392699
250,190000	0,391424
250,200000	0,392699
250,210000	0,386962
250,220000	0,401622
250,230000	0,384413
250,240000	0,396523
250,250000	0,384413
250,260000	0,396523
250,270000	0,377402
250,280000	0,393336
250,290000	0,385050
250,300000	0,392061
250,310000	0,378677
250,320000	0,395885
250,330000	0,382501
250,340000	0,389512
250,350000	0,381226
250,360000	0,395248
250,370000	0,390786
250,380000	0,389512
250,390000	0,379314
250,400000	0,395248
250,410000	0,384413
250,420000	0,393973
250,430000	0,379951
250,440000	0,387600
250,450000	0,381226
250,460000	0,390149
250,470000	0,374852
250,480000	0,388237
250,490000	0,383138
250,500000	0,388874
250,510000	0,376764
250,520000	0,382501
250,530000	0,376127
250,540000	0,386962
250,550000	0,381863
250,560000	0,386325
250,570000	0,386325
250,580000	0,385050
250,590000	0,382501
250,600000	0,383138
250,610000	0,380589
250,620000	0,378039
250,630000	0,381226
250,640000	0,385688
250,650000	0,378677
250,660000	0,386325
250,670000	0,381226
250,680000	0,382501
250,690000	0,376764
250,700000	0,384413
250,710000	0,376127
250,720000	0,383138
250,730000	0,379951
250,740000	0,376764
250,750000	0,380589
250,760000	0,383138
250,770000	0,376127
250,780000	0,383138
250,790000	0,377402
250,800000	0,379314
250,810000	0,376764
250,820000	0,385050
250,830000	0,376127
250,840000	0,378677
250,850000	0,376764
250,860000	0,378677
250,870000	0,379314
250,880000	0,375490
250,890000	0,373578
250,900000	0,381863
250,910000	0,372940
250,920000	0,376764
250,930000	0,371028
250,940000	0,379314
250,950000	0,378677
250,960000	0,383138
250,970000	0,376127
250,980000	0,378677
250,990000	0,375490
251,000000	0,372303
251,010000	0,380589
251,020000	0,371665
251,030000	0,379314
251,040000	0,373578
251,050000	0,379951
251,060000	0,373578
251,070000	0,373578
251,080000	0,367841
251,090000	0,375490
251,100000	0,372940
251,110000	0,378039
251,120000	0,378677
251,130000	0,376127
251,140000	0,379314
251,150000	0,373578
251,160000	0,379951
251,170000	0,371665
251,180000	0,379314
251,190000	0,374852
251,200000	0,379951
251,210000	0,372303
251,220000	0,380589
251,230000	0,369116
251,240000	0,378039
251,250000	0,372940
251,260000	0,374215
251,270000	0,369753
251,280000	0,381226
251,290000	0,371665
251,300000	0,381226
251,310000	0,378039
251,320000	0,376764
251,330000	0,377402
251,340000	0,374852
251,350000	0,372303
251,360000	0,383775
251,370000	0,377402
251,380000	0,377402
251,390000	0,376764
251,400000	0,379951
251,410000	0,375490
251,420000	0,381226
251,430000	0,383138
251,440000	0,387600
251,450000	0,375490
251,460000	0,382501
251,470000	0,377402
251,480000	0,383138
251,490000	0,381226
251,500000	0,379314
251,510000	0,377402
251,520000	0,376764
251,530000	0,380589
251,540000	0,382501
251,550000	0,380589
251,560000	0,382501
251,570000	0,377402
251,580000	0,383138
251,590000	0,381226
251,600000	0,379951
251,610000	0,379951
251,620000	0,383138
251,630000	0,382501
251,640000	0,381226
251,650000	0,376764
251,660000	0,377402
251,670000	0,377402
251,680000	0,378677
251,690000	0,380589
251,700000	0,378677
251,710000	0,383775
251,720000	0,383138
251,730000	0,381863
251,740000	0,384413
251,750000	0,384413
251,760000	0,380589
251,770000	0,381226
251,780000	0,379951
251,790000	0,383138
251,800000	0,380589
251,810000	0,381863
251,820000	0,384413
251,830000	0,383775
251,840000	0,386962
251,850000	0,383775
251,860000	0,385688
251,870000	0,381226
251,880000	0,382501
251,890000	0,386962
251,900000	0,383138
251,910000	0,382501
251,920000	0,383775
251,930000	0,386325
251,940000	0,384413
251,950000	0,386962
251,960000	0,385050
251,970000	0,389512
251,980000	0,389512
251,990000	0,384413
252,000000	0,385688
252,010000	0,381226
252,020000	0,384413
252,030000	0,385688
252,040000	0,386962
252,050000	0,385688
252,060000	0,378677
252,070000	0,392061
252,080000	0,386325
252,090000	0,390149
252,100000	0,388237
252,110000	0,389512
252,120000	0,386325
252,130000	0,387600
252,140000	0,381226
252,150000	0,391424
252,160000	0,385050
252,170000	0,387600
252,180000	0,385050
252,190000	0,390149
252,200000	0,386325
252,210000	0,390149
252,220000	0,382501
252,230000	0,391424
252,240000	0,388237
252,250000	0,384413
252,260000	0,384413
252,270000	0,383138
252,280000	0,388237
252,290000	0,383775
252,300000	0,392699
252,310000	0,383138
252,320000	0,387600
252,330000	0,383138
252,340000	0,389512
252,350000	0,376127
252,360000	0,385688
252,370000	0,377402
252,380000	0,393336
252,390000	0,377402
252,400000	0,394611
252,410000	0,379951
252,420000	0,393336
252,430000	0,378677
252,440000	0,396523
252,450000	0,382501
252,460000	0,390149
252,470000	0,381226
252,480000	0,388874
252,490000	0,379314
252,500000	0,392699
252,510000	0,381863
252,520000	0,388874
252,530000	0,377402
252,540000	0,388237
252,550000	0,383138
252,560000	0,386325
252,570000	0,386325
252,580000	0,384413
252,590000	0,380589
252,600000	0,390149
252,610000	0,382501
252,620000	0,391424
252,630000	0,383775
252,640000	0,386962
252,650000	0,382501
252,660000	0,385050
252,670000	0,381863
252,680000	0,388874
252,690000	0,376764
252,700000	0,386962
252,710000	0,376127
252,720000	0,390149
252,730000	0,377402
252,740000	0,382501
252,750000	0,372940
252,760000	0,385688
252,770000	0,376127
252,780000	0,385688
252,790000	0,378677
252,800000	0,383775
252,810000	0,374852
252,820000	0,383775
252,830000	0,371665
252,840000	0,380589
252,850000	0,377402
252,860000	0,376764
252,870000	0,376764
252,880000	0,385688
252,890000	0,378039
252,900000	0,379951
252,910000	0,376764
252,920000	0,379951
252,930000	0,372303
252,940000	0,376127
252,950000	0,378677
252,960000	0,374852
252,970000	0,379314
252,980000	0,370391
252,990000	0,377402
253,000000	0,371665
253,010000	0,379951
253,020000	0,374852
253,030000	0,380589
253,040000	0,377402
253,050000	0,378677
253,060000	0,377402
253,070000	0,378677
253,080000	0,376764
253,090000	0,382501
253,100000	0,372303
253,110000	0,385050
253,120000	0,372303
253,130000	0,385688
253,140000	0,372303
253,150000	0,386325
253,160000	0,376127
253,170000	0,383138
253,180000	0,379314
253,190000	0,379314
253,200000	0,374852
253,210000	0,374852
253,220000	0,373578
253,230000	0,380589
253,240000	0,378039
253,250000	0,379314
253,260000	0,381863
253,270000	0,379951
253,280000	0,378677
253,290000	0,378039
253,300000	0,379951
253,310000	0,382501
253,320000	0,377402
253,330000	0,379951
253,340000	0,377402
253,350000	0,378677
253,360000	0,380589
253,370000	0,371028
253,380000	0,375490
253,390000	0,381863
253,400000	0,373578
253,410000	0,373578
253,420000	0,378039
253,430000	0,374215
253,440000	0,372940
253,450000	0,376764
253,460000	0,378039
253,470000	0,372303
253,480000	0,381226
253,490000	0,374852
253,500000	0,375490
253,510000	0,376127
253,520000	0,373578
253,530000	0,374852
253,540000	0,377402
253,550000	0,374215
253,560000	0,378039
253,570000	0,377402
253,580000	0,378677
253,590000	0,376764
253,600000	0,385050
253,610000	0,374852
253,620000	0,383775
253,630000	0,370391
253,640000	0,381863
253,650000	0,376764
253,660000	0,382501
253,670000	0,374852
253,680000	0,379314
253,690000	0,382501
253,700000	0,379951
253,710000	0,375490
253,720000	0,389512
253,730000	0,382501
253,740000	0,387600
253,750000	0,374852
253,760000	0,390149
253,770000	0,371665
253,780000	0,391424
253,790000	0,378677
253,800000	0,389512
253,810000	0,372303
253,820000	0,383138
253,830000	0,379951
253,840000	0,386962
253,850000	0,379951
253,860000	0,385050
253,870000	0,378039
253,880000	0,381863
253,890000	0,381863
253,900000	0,382501
253,910000	0,383775
253,920000	0,385050
253,930000	0,382501
253,940000	0,385050
253,950000	0,379951
253,960000	0,387600
253,970000	0,379951
253,980000	0,385688
253,990000	0,384413
254,000000	0,390149
254,010000	0,383775
254,020000	0,388874
254,030000	0,380589
254,040000	0,387600
254,050000	0,379951
254,060000	0,387600
254,070000	0,378677
254,080000	0,387600
254,090000	0,375490
254,100000	0,385688
254,110000	0,379314
254,120000	0,388237
254,130000	0,385050
254,140000	0,376764
254,150000	0,383138
254,160000	0,389512
254,170000	0,385050
254,180000	0,387600
254,190000	0,385688
254,200000	0,390786
254,210000	0,383775
254,220000	0,386325
254,230000	0,381226
254,240000	0,385050
254,250000	0,383775
254,260000	0,383138
254,270000	0,379314
254,280000	0,382501
254,290000	0,381226
254,300000	0,384413
254,310000	0,384413
254,320000	0,386962
254,330000	0,385050
254,340000	0,387600
254,350000	0,387600
254,360000	0,392061
254,370000	0,383138
254,380000	0,386325
254,390000	0,383138
254,400000	0,391424
254,410000	0,379951
254,420000	0,387600
254,430000	0,381863
254,440000	0,387600
254,450000	0,377402
254,460000	0,389512
254,470000	0,378039
254,480000	0,392699
254,490000	0,379951
254,500000	0,388874
254,510000	0,374852
254,520000	0,385050
254,530000	0,381863
254,540000	0,386962
254,550000	0,376127
254,560000	0,389512
254,570000	0,379951
254,580000	0,385688
254,590000	0,378677
254,600000	0,383138
254,610000	0,379314
254,620000	0,384413
254,630000	0,378677
254,640000	0,386325
254,650000	0,379951
254,660000	0,380589
254,670000	0,381226
254,680000	0,381863
254,690000	0,381863
254,700000	0,381863
254,710000	0,379951
254,720000	0,383775
254,730000	0,382501
254,740000	0,379951
254,750000	0,385688
254,760000	0,385050
254,770000	0,379951
254,780000	0,379951
254,790000	0,379951
254,800000	0,382501
254,810000	0,377402
254,820000	0,379951
254,830000	0,382501
254,840000	0,381226
254,850000	0,377402
254,860000	0,379951
254,870000	0,376764
254,880000	0,386962
254,890000	0,378039
254,900000	0,380589
254,910000	0,380589
254,920000	0,382501
254,930000	0,378039
254,940000	0,382501
254,950000	0,376764
254,960000	0,383138
254,970000	0,376127
254,980000	0,382501
254,990000	0,376127
255,000000	0,381226
255,010000	0,378039
255,020000	0,376127
255,030000	0,378677
255,040000	0,382501
255,050000	0,376764
255,060000	0,381863
255,070000	0,379951
255,080000	0,382501
255,090000	0,372940
255,100000	0,377402
255,110000	0,378039
255,120000	0,376127
255,130000	0,379951
255,140000	0,377402
255,150000	0,378039
255,160000	0,377402
255,170000	0,374852
255,180000	0,377402
255,190000	0,376764
255,200000	0,376764
255,210000	0,375490
255,220000	0,374852
255,230000	0,375490
255,240000	0,376764
255,250000	0,376764
255,260000	0,376127
255,270000	0,373578
255,280000	0,374215
255,290000	0,374852
255,300000	0,376764
255,310000	0,379314
255,320000	0,376127
255,330000	0,374215
255,340000	0,372940
255,350000	0,378677
255,360000	0,374852
255,370000	0,378677
255,380000	0,371028
255,390000	0,377402
255,400000	0,369116
255,410000	0,377402
255,420000	0,372303
255,430000	0,375490
255,440000	0,376127
255,450000	0,378677
255,460000	0,369116
255,470000	0,381863
255,480000	0,369116
255,490000	0,381226
255,500000	0,367841
255,510000	0,382501
255,520000	0,372303
255,530000	0,382501
255,540000	0,370391
255,550000	0,378039
255,560000	0,377402
255,570000	0,378039
255,580000	0,374215
255,590000	0,374215
255,600000	0,374852
255,610000	0,374215
255,620000	0,374852
255,630000	0,381863
255,640000	0,374852
255,650000	0,378039
255,660000	0,382501
255,670000	0,376127
255,680000	0,374852
255,690000	0,377402
255,700000	0,379314
255,710000	0,379314
255,720000	0,380589
255,730000	0,374215
255,740000	0,377402
255,750000	0,377402
255,760000	0,385050
255,770000	0,381226
255,780000	0,380589
255,790000	0,376127
255,800000	0,385050
255,810000	0,374852
255,820000	0,383775
255,830000	0,378039
255,840000	0,379951
255,850000	0,381863
255,860000	0,381863
255,870000	0,379314
255,880000	0,381226
255,890000	0,383775
255,900000	0,381863
255,910000	0,380589
255,920000	0,383775
255,930000	0,376764
255,940000	0,383775
255,950000	0,383138
255,960000	0,382501
255,970000	0,378039
255,980000	0,381226
255,990000	0,377402
256,000000	0,382501
256,010000	0,381226
256,020000	0,381863
256,030000	0,381863
256,040000	0,383138
256,050000	0,380589
256,060000	0,380589
256,070000	0,378039
256,080000	0,383775
256,090000	0,377402
256,100000	0,382501
256,110000	0,380589
256,120000	0,386325
256,130000	0,378677
256,140000	0,383775
256,150000	0,383138
256,160000	0,382501
256,170000	0,381863
256,180000	0,379951
256,190000	0,382501
256,200000	0,387600
256,210000	0,382501
256,220000	0,388874
256,230000	0,382501
256,240000	0,389512
256,250000	0,381226
256,260000	0,387600
256,270000	0,381863
256,280000	0,383138
256,290000	0,384413
256,300000	0,384413
256,310000	0,382501
256,320000	0,382501
256,330000	0,385050
256,340000	0,385050
256,350000	0,382501
256,360000	0,382501
256,370000	0,387600
256,380000	0,385688
256,390000	0,383775
256,400000	0,382501
256,410000	0,387600
256,420000	0,376764
256,430000	0,392699
256,440000	0,372303
256,450000	0,390786
256,460000	0,371028
256,470000	0,393336
256,480000	0,378677
256,490000	0,386962
256,500000	0,376764
256,510000	0,392061
256,520000	0,376127
256,530000	0,389512
256,540000	0,379314
256,550000	0,392699
256,560000	0,376764
256,570000	0,390786
256,580000	0,379951
256,590000	0,389512
256,600000	0,372940
256,610000	0,392061
256,620000	0,375490
256,630000	0,388237
256,640000	0,376764
256,650000	0,387600
256,660000	0,381863
256,670000	0,387600
256,680000	0,376764
256,690000	0,386325
256,700000	0,380589
256,710000	0,383138
256,720000	0,379951
256,730000	0,386325
256,740000	0,386962
256,750000	0,387600
256,760000	0,381226
256,770000	0,384413
256,780000	0,382501
256,790000	0,382501
256,800000	0,382501
256,810000	0,386325
256,820000	0,379314
256,830000	0,380589
256,840000	0,378039
256,850000	0,376764
256,860000	0,376764
256,870000	0,379314
256,880000	0,379314
256,890000	0,385050
256,900000	0,377402
256,910000	0,386325
256,920000	0,376764
256,930000	0,378677
256,940000	0,380589
256,950000	0,379314
256,960000	0,377402
256,970000	0,378039
256,980000	0,381863
256,990000	0,381226
257,000000	0,372303
257,010000	0,382501
257,020000	0,376764
257,030000	0,385688
257,040000	0,372303
257,050000	0,381863
257,060000	0,372940
257,070000	0,381863
257,080000	0,371028
257,090000	0,380589
257,100000	0,376764
257,110000	0,383138
257,120000	0,378039
257,130000	0,379951
257,140000	0,378039
257,150000	0,382501
257,160000	0,377402
257,170000	0,373578
257,180000	0,378039
257,190000	0,378039
257,200000	0,371028
257,210000	0,380589
257,220000	0,374215
257,230000	0,375490
257,240000	0,383138
257,250000	0,374215
257,260000	0,376127
257,270000	0,377402
257,280000	0,376127
257,290000	0,379314
257,300000	0,374215
257,310000	0,381226
257,320000	0,376764
257,330000	0,377402
257,340000	0,379314
257,350000	0,379951
257,360000	0,372303
257,370000	0,380589
257,380000	0,374215
257,390000	0,378039
257,400000	0,374215
257,410000	0,374852
257,420000	0,372940
257,430000	0,381863
257,440000	0,376764
257,450000	0,376764
257,460000	0,378039
257,470000	0,376127
257,480000	0,367204
257,490000	0,374852
257,500000	0,374215
257,510000	0,381226
257,520000	0,374215
257,530000	0,379314
257,540000	0,374852
257,550000	0,381863
257,560000	0,378677
257,570000	0,372303
257,580000	0,377402
257,590000	0,379314
257,600000	0,374215
257,610000	0,379314
257,620000	0,376764
257,630000	0,376764
257,640000	0,379951
257,650000	0,375490
257,660000	0,374215
257,670000	0,374852
257,680000	0,380589
257,690000	0,374215
257,700000	0,383138
257,710000	0,374215
257,720000	0,379951
257,730000	0,377402
257,740000	0,376764
257,750000	0,374215
257,760000	0,378039
257,770000	0,374852
257,780000	0,378677
257,790000	0,378677
257,800000	0,382501
257,810000	0,368479
257,820000	0,378039
257,830000	0,364654
257,840000	0,381863
257,850000	0,376764
257,860000	0,386325
257,870000	0,371665
257,880000	0,381863
257,890000	0,372303
257,900000	0,379951
257,910000	0,376764
257,920000	0,380589
257,930000	0,374852
257,940000	0,379951
257,950000	0,379314
257,960000	0,385050
257,970000	0,379314
257,980000	0,378677
257,990000	0,378677
258,000000	0,383138
258,010000	0,380589
258,020000	0,382501
258,030000	0,380589
258,040000	0,379951
258,050000	0,382501
258,060000	0,374852
258,070000	0,380589
258,080000	0,381226
258,090000	0,385050
258,100000	0,381226
258,110000	0,378677
258,120000	0,380589
258,130000	0,385050
258,140000	0,381863
258,150000	0,379951
258,160000	0,381863
258,170000	0,385050
258,180000	0,382501
258,190000	0,383138
258,200000	0,383138
258,210000	0,379951
258,220000	0,379314
258,230000	0,387600
258,240000	0,378677
258,250000	0,381863
258,260000	0,378039
258,270000	0,384413
258,280000	0,381863
258,290000	0,379951
258,300000	0,382501
258,310000	0,385688
258,320000	0,381863
258,330000	0,385050
258,340000	0,371665
258,350000	0,385050
258,360000	0,377402
258,370000	0,379951
258,380000	0,380589
258,390000	0,391424
258,400000	0,384413
258,410000	0,385688
258,420000	0,384413
258,430000	0,391424
258,440000	0,381863
258,450000	0,381863
258,460000	0,382501
258,470000	0,382501
258,480000	0,382501
258,490000	0,382501
258,500000	0,385050
258,510000	0,386962
258,520000	0,382501
258,530000	0,381863
258,540000	0,385688
258,550000	0,382501
258,560000	0,385050
258,570000	0,377402
258,580000	0,384413
258,590000	0,379314
258,600000	0,383138
258,610000	0,386325
258,620000	0,387600
258,630000	0,382501
258,640000	0,381863
258,650000	0,377402
258,660000	0,386325
258,670000	0,380589
258,680000	0,385050
258,690000	0,382501
258,700000	0,387600
258,710000	0,386325
258,720000	0,386962
258,730000	0,379951
258,740000	0,379951
258,750000	0,381863
258,760000	0,381226
258,770000	0,381863
258,780000	0,380589
258,790000	0,379314
258,800000	0,379314
258,810000	0,381863
258,820000	0,376127
258,830000	0,388237
258,840000	0,383775
258,850000	0,380589
258,860000	0,385688
258,870000	0,382501
258,880000	0,378677
258,890000	0,388237
258,900000	0,376764
258,910000	0,384413
258,920000	0,378677
258,930000	0,382501
258,940000	0,385050
258,950000	0,378039
258,960000	0,374215
258,970000	0,381863
258,980000	0,374215
258,990000	0,386962
259,000000	0,378677
259,010000	0,379951
259,020000	0,376764
259,030000	0,375490
259,040000	0,381226
259,050000	0,372303
259,060000	0,378039
259,070000	0,385050
259,080000	0,379951
259,090000	0,376127
259,100000	0,379314
259,110000	0,376127
259,120000	0,382501
259,130000	0,374215
259,140000	0,381863
259,150000	0,376764
259,160000	0,376764
259,170000	0,378039
259,180000	0,382501
259,190000	0,376764
259,200000	0,382501
259,210000	0,376764
259,220000	0,379314
259,230000	0,379951
259,240000	0,374215
259,250000	0,377402
259,260000	0,377402
259,270000	0,382501
259,280000	0,379951
259,290000	0,375490
259,300000	0,378677
259,310000	0,377402
259,320000	0,374852
259,330000	0,378677
259,340000	0,382501
259,350000	0,376764
259,360000	0,378677
259,370000	0,379951
259,380000	0,378039
259,390000	0,364654
259,400000	0,379951
259,410000	0,375490
259,420000	0,379314
259,430000	0,374215
259,440000	0,376127
259,450000	0,377402
259,460000	0,381226
259,470000	0,376127
259,480000	0,376127
259,490000	0,369116
259,500000	0,381863
259,510000	0,370391
259,520000	0,381863
259,530000	0,373578
259,540000	0,376764
259,550000	0,369116
259,560000	0,376764
259,570000	0,369753
259,580000	0,384413
259,590000	0,374852
259,600000	0,377402
259,610000	0,371028
259,620000	0,378039
259,630000	0,370391
259,640000	0,379314
259,650000	0,373578
259,660000	0,376764
259,670000	0,371665
259,680000	0,378039
259,690000	0,372303
259,700000	0,374852
259,710000	0,375490
259,720000	0,383138
259,730000	0,375490
259,740000	0,379314
259,750000	0,376127
259,760000	0,377402
259,770000	0,373578
259,780000	0,376764
259,790000	0,376127
259,800000	0,382501
259,810000	0,376127
259,820000	0,375490
259,830000	0,376764
259,840000	0,381226
259,850000	0,374852
259,860000	0,376764
259,870000	0,376127
259,880000	0,378677
259,890000	0,376127
259,900000	0,372940
259,910000	0,379314
259,920000	0,369116
259,930000	0,379314
259,940000	0,372303
259,950000	0,381863
259,960000	0,379951
259,970000	0,381863
259,980000	0,378677
259,990000	0,380589
260,000000	0,376127
260,010000	0,383138
260,020000	0,373578
260,030000	0,385050
260,040000	0,374852
260,050000	0,379951
260,060000	0,371028
260,070000	0,384413
260,080000	0,374215
260,090000	0,383138
260,100000	0,369753
260,110000	0,383138
260,120000	0,372303
260,130000	0,379951
260,140000	0,373578
260,150000	0,380589
260,160000	0,377402
260,170000	0,376764
260,180000	0,376764
260,190000	0,378677
260,200000	0,378677
260,210000	0,385050
260,220000	0,374215
260,230000	0,387600
260,240000	0,385050
260,250000	0,386962
260,260000	0,381226
260,270000	0,384413
260,280000	0,376127
260,290000	0,381863
260,300000	0,374852
260,310000	0,382501
260,320000	0,378677
260,330000	0,383138
260,340000	0,382501
260,350000	0,383138
260,360000	0,376127
260,370000	0,380589
260,380000	0,375490
260,390000	0,383775
260,400000	0,382501
260,410000	0,387600
260,420000	0,374852
260,430000	0,386962
260,440000	0,383775
260,450000	0,385050
260,460000	0,376127
260,470000	0,382501
260,480000	0,379314
260,490000	0,387600
260,500000	0,379314
260,510000	0,384413
260,520000	0,375490
260,530000	0,382501
260,540000	0,378039
260,550000	0,388874
260,560000	0,383775
260,570000	0,385688
260,580000	0,378039
260,590000	0,379951
260,600000	0,379314
260,610000	0,385050
260,620000	0,380589
260,630000	0,389512
260,640000	0,383775
260,650000	0,379951
260,660000	0,384413
260,670000	0,379951
260,680000	0,382501
260,690000	0,387600
260,700000	0,383775
260,710000	0,377402
260,720000	0,385688
260,730000	0,381226
260,740000	0,390786
260,750000	0,379951
260,760000	0,387600
260,770000	0,379951
260,780000	0,383138
260,790000	0,383775
260,800000	0,379951
260,810000	0,383775
260,820000	0,377402
260,830000	0,385050
260,840000	0,378677
260,850000	0,378039
260,860000	0,380589
260,870000	0,378677
260,880000	0,380589
260,890000	0,378039
260,900000	0,381863
260,910000	0,386962
260,920000	0,381226
260,930000	0,379314
260,940000	0,373578
260,950000	0,382501
260,960000	0,377402
260,970000	0,383775
260,980000	0,382501
260,990000	0,378039
261,000000	0,375490
261,010000	0,382501
261,020000	0,378677
261,030000	0,379314
261,040000	0,382501
261,050000	0,374852
261,060000	0,381226
261,070000	0,381863
261,080000	0,378677
261,090000	0,381226
261,100000	0,376127
261,110000	0,372940
261,120000	0,382501
261,130000	0,374852
261,140000	0,382501
261,150000	0,370391
261,160000	0,385050
261,170000	0,379314
261,180000	0,376127
261,190000	0,379314
261,200000	0,383138
261,210000	0,385050
261,220000	0,380589
261,230000	0,379951
261,240000	0,383775
261,250000	0,381863
261,260000	0,385050
261,270000	0,374852
261,280000	0,377402
261,290000	0,376127
261,300000	0,381863
261,310000	0,375490
261,320000	0,382501
261,330000	0,379951
261,340000	0,379314
261,350000	0,373578
261,360000	0,377402
261,370000	0,374215
261,380000	0,379951
261,390000	0,374852
261,400000	0,377402
261,410000	0,374852
261,420000	0,376764
261,430000	0,374215
261,440000	0,378039
261,450000	0,373578
261,460000	0,374852
261,470000	0,376764
261,480000	0,376764
261,490000	0,378677
261,500000	0,370391
261,510000	0,376764
261,520000	0,374215
261,530000	0,374852
261,540000	0,374852
261,550000	0,374852
261,560000	0,380589
261,570000	0,373578
261,580000	0,379951
261,590000	0,374215
261,600000	0,374852
261,610000	0,372303
261,620000	0,373578
261,630000	0,376764
261,640000	0,368479
261,650000	0,376127
261,660000	0,369753
261,670000	0,371665
261,680000	0,369753
261,690000	0,380589
261,700000	0,372303
261,710000	0,381863
261,720000	0,371028
261,730000	0,381226
261,740000	0,372940
261,750000	0,376764
261,760000	0,374852
261,770000	0,372303
261,780000	0,377402
261,790000	0,376764
261,800000	0,375490
261,810000	0,374852
261,820000	0,377402
261,830000	0,375490
261,840000	0,371665
261,850000	0,378039
261,860000	0,371028
261,870000	0,374852
261,880000	0,367204
261,890000	0,372303
261,900000	0,375490
261,910000	0,376764
261,920000	0,372303
261,930000	0,374852
261,940000	0,378039
261,950000	0,376127
261,960000	0,372303
261,970000	0,376127
261,980000	0,379951
261,990000	0,381226
262,000000	0,379951
262,010000	0,375490
262,020000	0,379314
262,030000	0,379951
262,040000	0,379314
262,050000	0,375490
262,060000	0,376127
262,070000	0,379951
262,080000	0,378039
262,090000	0,377402
262,100000	0,376764
262,110000	0,378039
262,120000	0,374852
262,130000	0,378039
262,140000	0,379314
262,150000	0,374852
262,160000	0,381226
262,170000	0,377402
262,180000	0,376764
262,190000	0,374852
262,200000	0,376127
262,210000	0,376127
262,220000	0,381226
262,230000	0,374852
262,240000	0,384413
262,250000	0,379314
262,260000	0,378039
262,270000	0,378677
262,280000	0,379314
262,290000	0,383138
262,300000	0,377402
262,310000	0,382501
262,320000	0,376764
262,330000	0,379951
262,340000	0,376127
262,350000	0,380589
262,360000	0,379314
262,370000	0,382501
262,380000	0,382501
262,390000	0,386325
262,400000	0,372940
262,410000	0,381863
262,420000	0,376127
262,430000	0,385050
262,440000	0,380589
262,450000	0,384413
262,460000	0,377402
262,470000	0,379314
262,480000	0,378677
262,490000	0,383775
262,500000	0,378039
262,510000	0,383775
262,520000	0,378039
262,530000	0,382501
262,540000	0,380589
262,550000	0,379314
262,560000	0,376764
262,570000	0,384413
262,580000	0,379951
262,590000	0,381863
262,600000	0,377402
262,610000	0,379314
262,620000	0,377402
262,630000	0,377402
262,640000	0,385050
262,650000	0,380589
262,660000	0,385050
262,670000	0,378677
262,680000	0,390149
262,690000	0,385050
262,700000	0,385050
262,710000	0,379314
262,720000	0,385050
262,730000	0,376127
262,740000	0,383138
262,750000	0,377402
262,760000	0,388237
262,770000	0,379314
262,780000	0,386962
262,790000	0,371665
262,800000	0,389512
262,810000	0,375490
262,820000	0,386962
262,830000	0,378677
262,840000	0,385050
262,850000	0,373578
262,860000	0,381226
262,870000	0,381863
262,880000	0,385050
262,890000	0,382501
262,900000	0,380589
262,910000	0,378677
262,920000	0,386962
262,930000	0,374852
262,940000	0,384413
262,950000	0,375490
262,960000	0,384413
262,970000	0,377402
262,980000	0,387600
262,990000	0,378039
263,000000	0,386325
263,010000	0,374852
263,020000	0,385050
263,030000	0,377402
263,040000	0,384413
263,050000	0,378039
263,060000	0,385050
263,070000	0,370391
263,080000	0,385050
263,090000	0,374215
263,100000	0,382501
263,110000	0,379314
263,120000	0,382501
263,130000	0,377402
263,140000	0,379951
263,150000	0,377402
263,160000	0,385050
263,170000	0,378039
263,180000	0,385050
263,190000	0,374852
263,200000	0,384413
263,210000	0,370391
263,220000	0,379314
263,230000	0,373578
263,240000	0,383775
263,250000	0,373578
263,260000	0,383138
263,270000	0,372303
263,280000	0,380589
263,290000	0,369753
263,300000	0,376764
263,310000	0,370391
263,320000	0,373578
263,330000	0,376764
263,340000	0,381226
263,350000	0,372303
263,360000	0,379951
263,370000	0,374852
263,380000	0,375490
263,390000	0,374215
263,400000	0,375490
263,410000	0,371665
263,420000	0,371665
263,430000	0,374852
263,440000	0,369116
263,450000	0,378039
263,460000	0,372303
263,470000	0,374852
263,480000	0,372940
263,490000	0,376127
263,500000	0,375490
263,510000	0,378677
263,520000	0,371665
263,530000	0,378677
263,540000	0,369116
263,550000	0,376764
263,560000	0,364654
263,570000	0,379314
263,580000	0,367204
263,590000	0,374852
263,600000	0,365292
263,610000	0,379951
263,620000	0,374215
263,630000	0,372940
263,640000	0,369116
263,650000	0,372303
263,660000	0,380589
263,670000	0,376127
263,680000	0,377402
263,690000	0,379314
263,700000	0,376127
263,710000	0,372940
263,720000	0,372303
263,730000	0,378039
263,740000	0,376127
263,750000	0,375490
263,760000	0,374852
263,770000	0,379314
263,780000	0,379951
263,790000	0,383775
263,800000	0,378039
263,810000	0,374215
263,820000	0,360193
263,830000	0,381863
263,840000	0,374852
263,850000	0,378039
263,860000	0,375490
263,870000	0,386962
263,880000	0,376764
263,890000	0,376764
263,900000	0,377402
263,910000	0,373578
263,920000	0,364654
263,930000	0,380589
263,940000	0,402896
263,950000	0,376764
263,960000	0,378039
263,970000	0,369753
263,980000	0,375490
263,990000	0,367841
264,000000	0,372940
264,010000	0,372940
264,020000	0,372940
264,030000	0,371028
264,040000	0,379314
264,050000	0,372940
264,060000	0,374215
264,070000	0,372940
264,080000	0,377402
264,090000	0,371028
264,100000	0,377402
264,110000	0,374852
264,120000	0,377402
264,130000	0,369753
264,140000	0,379951
264,150000	0,367204
264,160000	0,382501
264,170000	0,369116
264,180000	0,379951
264,190000	0,377402
264,200000	0,383138
264,210000	0,366567
264,220000	0,388874
264,230000	0,374852
264,240000	0,385050
264,250000	0,378677
264,260000	0,379951
264,270000	0,372303
264,280000	0,371665
264,290000	0,376127
264,300000	0,385688
264,310000	0,374215
264,320000	0,385050
264,330000	0,371028
264,340000	0,380589
264,350000	0,372303
264,360000	0,381226
264,370000	0,381226
264,380000	0,372940
264,390000	0,378677
264,400000	0,381226
264,410000	0,377402
264,420000	0,383138
264,430000	0,372303
264,440000	0,387600
264,450000	0,367204
264,460000	0,379951
264,470000	0,375490
264,480000	0,382501
264,490000	0,374852
264,500000	0,365292
264,510000	0,379314
264,520000	0,386962
264,530000	0,379951
264,540000	0,386962
264,550000	0,388874
264,560000	0,386962
264,570000	0,377402
264,580000	0,381226
264,590000	0,383138
264,600000	0,416918
264,610000	0,376127
264,620000	0,351270
264,630000	0,381226
264,640000	0,388237
264,650000	0,376764
264,660000	0,384413
264,670000	0,360830
264,680000	0,382501
264,690000	0,383138
264,700000	0,385688
264,710000	0,376127
264,720000	0,382501
264,730000	0,379951
264,740000	0,382501
264,750000	0,385050
264,760000	0,383138
264,770000	0,384413
264,780000	0,382501
264,790000	0,380589
264,800000	0,384413
264,810000	0,376764
264,820000	0,379314
264,830000	0,383775
264,840000	0,351907
264,850000	0,380589
264,860000	0,382501
264,870000	0,383138
264,880000	0,385050
264,890000	0,382501
264,900000	0,382501
264,910000	0,382501
264,920000	0,388237
264,930000	0,378677
264,940000	0,392699
264,950000	0,376764
264,960000	0,386325
264,970000	0,397160
264,980000	0,381226
264,990000	0,381863
