LabVIEW Measurement	
Writer_Version	2
Reader_Version	2
Separator	Tab
Decimal_Separator	,
Multi_Headings	No
X_Columns	One
Time_Pref	Absolute
Operator	lpdan
Date	2026/05/05
Time	11:25:24,9718520833528723662
***End_of_Header***	
	
Channels	1	
Samples	100	
Date	2026/05/05	
Time	11:25:24,9718520833528723662	
Y_Unit_Label	Volts	
X_Dimension	Time	
X0	0,0000000000000000E+0	
Delta_X	0,010000	
***End_of_Header***		
X_Value	Voltage	Comment
0,000000	0,260126
0,010000	0,260126
0,020000	0,262039
0,030000	0,258852
0,040000	0,264588
0,050000	0,251841
0,060000	0,260764
0,070000	0,257577
0,080000	0,261401
0,090000	0,249291
0,100000	0,264588
0,110000	0,257577
0,120000	0,259489
0,130000	0,260126
0,140000	0,266500
0,150000	0,260764
0,160000	0,258852
0,170000	0,260764
0,180000	0,260126
0,190000	0,258852
0,200000	0,263951
0,210000	0,256940
0,220000	0,260126
0,230000	0,256940
0,240000	0,257577
0,250000	0,256302
0,260000	0,262676
0,270000	0,261401
0,280000	0,262676
0,290000	0,264588
0,300000	0,256302
0,310000	0,273511
0,320000	0,263951
0,330000	0,254390
0,340000	0,263951
0,350000	0,282434
0,360000	0,256940
0,370000	0,258852
0,380000	0,260764
0,390000	0,260764
0,400000	0,262676
0,410000	0,258852
0,420000	0,262039
0,430000	0,265225
0,440000	0,256302
0,450000	0,255028
0,460000	0,256940
0,470000	0,258852
0,480000	0,256940
0,490000	0,261401
0,500000	0,262676
0,510000	0,261401
0,520000	0,255028
0,530000	0,257577
0,540000	0,262039
0,550000	0,260764
0,560000	0,257577
0,570000	0,260126
0,580000	0,258852
0,590000	0,253753
0,600000	0,258214
0,610000	0,257577
0,620000	0,255028
0,630000	0,256302
0,640000	0,260126
0,650000	0,256940
0,660000	0,258852
0,670000	0,262676
0,680000	0,264588
0,690000	0,258852
0,700000	0,260764
0,710000	0,262039
0,720000	0,257577
0,730000	0,259489
0,740000	0,255665
0,750000	0,263951
0,760000	0,256940
0,770000	0,263313
0,780000	0,260126
0,790000	0,265863
0,800000	0,260126
0,810000	0,260126
0,820000	0,259489
0,830000	0,260126
0,840000	0,263313
0,850000	0,257577
0,860000	0,259489
0,870000	0,259489
0,880000	0,259489
0,890000	0,258852
0,900000	0,260764
0,910000	0,260764
0,920000	0,261401
0,930000	0,258852
0,940000	0,259489
0,950000	0,256940
0,960000	0,262676
0,970000	0,261401
0,980000	0,260764
0,990000	0,258214
1,000000	0,262676
1,010000	0,262039
1,020000	0,260126
1,030000	0,262039
1,040000	0,260764
1,050000	0,259489
1,060000	0,262676
1,070000	0,257577
1,080000	0,265225
1,090000	0,261401
1,100000	0,261401
1,110000	0,261401
1,120000	0,264588
1,130000	0,260126
1,140000	0,258852
1,150000	0,256940
1,160000	0,260764
1,170000	0,257577
1,180000	0,259489
1,190000	0,260126
1,200000	0,266500
1,210000	0,256940
1,220000	0,262676
1,230000	0,258214
1,240000	0,261401
1,250000	0,255028
1,260000	0,264588
1,270000	0,263951
1,280000	0,265225
1,290000	0,255028
1,300000	0,262039
1,310000	0,262039
1,320000	0,261401
1,330000	0,253115
1,340000	0,265863
1,350000	0,260126
1,360000	0,265863
1,370000	0,261401
1,380000	0,265225
1,390000	0,261401
1,400000	0,262039
1,410000	0,257577
1,420000	0,260764
1,430000	0,255665
1,440000	0,264588
1,450000	0,258852
1,460000	0,262039
1,470000	0,259489
1,480000	0,263951
1,490000	0,260126
1,500000	0,260126
1,510000	0,257577
1,520000	0,264588
1,530000	0,258852
1,540000	0,263313
1,550000	0,260126
1,560000	0,260764
1,570000	0,263313
1,580000	0,260126
1,590000	0,262039
1,600000	0,267775
1,610000	0,257577
1,620000	0,260764
1,630000	0,260126
1,640000	0,258214
1,650000	0,260764
1,660000	0,264588
1,670000	0,260126
1,680000	0,260126
1,690000	0,259489
1,700000	0,262039
1,710000	0,265225
1,720000	0,258852
1,730000	0,261401
1,740000	0,264588
1,750000	0,259489
1,760000	0,263951
1,770000	0,260126
1,780000	0,258852
1,790000	0,260764
1,800000	0,266500
1,810000	0,255665
1,820000	0,262676
1,830000	0,254390
1,840000	0,267775
1,850000	0,256940
1,860000	0,261401
1,870000	0,256302
1,880000	0,258852
1,890000	0,260126
1,900000	0,268412
1,910000	0,256940
1,920000	0,262676
1,930000	0,258852
1,940000	0,265863
1,950000	0,263313
1,960000	0,260764
1,970000	0,258214
1,980000	0,261401
1,990000	0,256302
2,000000	0,262039
2,010000	0,260126
2,020000	0,256302
2,030000	0,259489
2,040000	0,260764
2,050000	0,258214
2,060000	0,260126
2,070000	0,262039
2,080000	0,260126
2,090000	0,262676
2,100000	0,259489
2,110000	0,260764
2,120000	0,255028
2,130000	0,260764
2,140000	0,260126
2,150000	0,263951
2,160000	0,261401
2,170000	0,260764
2,180000	0,260126
2,190000	0,262676
2,200000	0,260764
2,210000	0,259489
2,220000	0,261401
2,230000	0,262039
2,240000	0,263313
2,250000	0,260126
2,260000	0,256940
2,270000	0,258852
2,280000	0,258852
2,290000	0,262676
2,300000	0,249929
2,310000	0,257577
2,320000	0,267137
2,330000	0,257577
2,340000	0,262676
2,350000	0,255665
2,360000	0,260764
2,370000	0,260126
2,380000	0,250566
2,390000	0,255028
2,400000	0,255665
2,410000	0,255028
2,420000	0,256302
2,430000	0,258214
2,440000	0,262676
2,450000	0,255665
2,460000	0,260764
2,470000	0,256940
2,480000	0,250566
2,490000	0,253753
2,500000	0,255665
2,510000	0,256940
2,520000	0,257577
2,530000	0,253753
2,540000	0,263951
2,550000	0,262039
2,560000	0,264588
2,570000	0,262039
2,580000	0,256940
2,590000	0,260126
2,600000	0,256940
2,610000	0,256302
2,620000	0,259489
2,630000	0,259489
2,640000	0,258852
2,650000	0,255028
2,660000	0,262676
2,670000	0,255028
2,680000	0,258214
2,690000	0,268412
2,700000	0,262676
2,710000	0,263951
2,720000	0,263951
2,730000	0,264588
2,740000	0,265225
2,750000	0,260764
2,760000	0,256302
2,770000	0,261401
2,780000	0,261401
2,790000	0,255028
2,800000	0,262676
2,810000	0,260126
2,820000	0,254390
2,830000	0,260764
2,840000	0,262039
2,850000	0,258214
2,860000	0,256940
2,870000	0,263951
2,880000	0,256302
2,890000	0,256940
2,900000	0,255028
2,910000	0,262676
2,920000	0,258214
2,930000	0,256940
2,940000	0,263951
2,950000	0,252478
2,960000	0,260764
2,970000	0,255028
2,980000	0,256302
2,990000	0,258852
3,000000	0,260764
3,010000	0,255028
3,020000	0,257577
3,030000	0,264588
3,040000	0,256940
3,050000	0,256940
3,060000	0,262676
3,070000	0,263951
3,080000	0,266500
3,090000	0,262039
3,100000	0,260764
3,110000	0,260126
3,120000	0,257577
3,130000	0,256302
3,140000	0,263951
3,150000	0,255665
3,160000	0,264588
3,170000	0,253115
3,180000	0,253115
3,190000	0,263313
3,200000	0,260126
3,210000	0,260126
3,220000	0,262039
3,230000	0,262676
3,240000	0,257577
3,250000	0,261401
3,260000	0,252478
3,270000	0,267137
3,280000	0,263951
3,290000	0,269050
3,300000	0,264588
3,310000	0,265225
3,320000	0,250566
3,330000	0,265225
3,340000	0,256940
3,350000	0,264588
3,360000	0,260764
3,370000	0,270324
3,380000	0,259489
3,390000	0,262039
3,400000	0,265225
3,410000	0,256940
3,420000	0,256940
3,430000	0,264588
3,440000	0,257577
3,450000	0,262676
3,460000	0,263313
3,470000	0,255028
3,480000	0,259489
3,490000	0,269687
3,500000	0,260126
3,510000	0,260126
3,520000	0,262676
3,530000	0,260126
3,540000	0,258852
3,550000	0,257577
3,560000	0,260126
3,570000	0,260126
3,580000	0,256302
3,590000	0,258852
3,600000	0,258214
3,610000	0,251841
3,620000	0,262039
3,630000	0,256940
3,640000	0,258852
3,650000	0,259489
3,660000	0,258852
3,670000	0,261401
3,680000	0,259489
3,690000	0,260126
3,700000	0,264588
3,710000	0,264588
3,720000	0,261401
3,730000	0,264588
3,740000	0,257577
3,750000	0,258852
3,760000	0,264588
3,770000	0,260764
3,780000	0,257577
3,790000	0,260764
3,800000	0,257577
3,810000	0,256940
3,820000	0,261401
3,830000	0,262676
3,840000	0,258852
3,850000	0,269687
3,860000	0,260126
3,870000	0,260126
3,880000	0,262039
3,890000	0,256940
3,900000	0,255028
3,910000	0,260126
3,920000	0,265225
3,930000	0,260126
3,940000	0,261401
3,950000	0,262676
3,960000	0,256302
3,970000	0,256940
3,980000	0,260764
3,990000	0,255665
4,000000	0,256302
4,010000	0,257577
4,020000	0,260126
4,030000	0,267137
4,040000	0,262676
4,050000	0,263313
4,060000	0,258852
4,070000	0,261401
4,080000	0,260126
4,090000	0,265225
4,100000	0,253753
4,110000	0,262039
4,120000	0,255028
4,130000	0,258214
4,140000	0,256940
4,150000	0,265225
4,160000	0,253753
4,170000	0,256940
4,180000	0,255028
4,190000	0,260126
4,200000	0,249929
4,210000	0,265225
4,220000	0,262039
4,230000	0,265863
4,240000	0,258852
4,250000	0,258214
4,260000	0,253753
4,270000	0,267137
4,280000	0,249291
4,290000	0,264588
4,300000	0,255028
4,310000	0,264588
4,320000	0,251841
4,330000	0,260764
4,340000	0,259489
4,350000	0,256940
4,360000	0,258852
4,370000	0,256940
4,380000	0,255665
4,390000	0,260126
4,400000	0,249929
4,410000	0,261401
4,420000	0,258852
4,430000	0,260126
4,440000	0,259489
4,450000	0,255028
4,460000	0,262676
4,470000	0,253753
4,480000	0,262676
4,490000	0,258214
4,500000	0,255665
4,510000	0,262039
4,520000	0,260126
4,530000	0,261401
4,540000	0,262676
4,550000	0,263951
4,560000	0,258852
4,570000	0,256940
4,580000	0,262039
4,590000	0,260764
4,600000	0,259489
4,610000	0,262039
4,620000	0,264588
4,630000	0,259489
4,640000	0,256302
4,650000	0,260764
4,660000	0,259489
4,670000	0,258852
4,680000	0,262676
4,690000	0,254390
4,700000	0,260126
4,710000	0,256302
4,720000	0,263951
4,730000	0,255028
4,740000	0,263313
4,750000	0,251841
4,760000	0,267775
4,770000	0,249929
4,780000	0,262676
4,790000	0,253115
4,800000	0,260126
4,810000	0,251841
4,820000	0,254390
4,830000	0,252478
4,840000	0,263951
4,850000	0,251841
4,860000	0,258852
4,870000	0,255665
4,880000	0,260764
4,890000	0,258214
4,900000	0,258214
4,910000	0,256940
4,920000	0,260126
4,930000	0,256302
4,940000	0,262039
4,950000	0,260126
4,960000	0,259489
4,970000	0,260764
4,980000	0,257577
4,990000	0,254390
5,000000	0,258852
5,010000	0,260764
5,020000	0,263313
5,030000	0,260126
5,040000	0,260764
5,050000	0,256940
5,060000	0,256302
5,070000	0,261401
5,080000	0,264588
5,090000	0,262039
5,100000	0,262039
5,110000	0,256940
5,120000	0,257577
5,130000	0,260126
5,140000	0,253115
5,150000	0,260126
5,160000	0,260764
5,170000	0,270324
5,180000	0,256302
5,190000	0,258214
5,200000	0,263951
5,210000	0,274148
5,220000	0,258214
5,230000	0,256940
5,240000	0,259489
5,250000	0,262676
5,260000	0,256940
5,270000	0,263951
5,280000	0,260764
5,290000	0,260126
5,300000	0,262676
5,310000	0,258852
5,320000	0,258852
5,330000	0,265225
5,340000	0,262676
5,350000	0,250566
5,360000	0,256940
5,370000	0,257577
5,380000	0,262039
5,390000	0,265225
5,400000	0,265225
5,410000	0,258852
5,420000	0,250566
5,430000	0,256940
5,440000	0,255665
5,450000	0,267775
5,460000	0,255665
5,470000	0,262676
5,480000	0,255028
5,490000	0,256940
5,500000	0,258852
5,510000	0,262676
5,520000	0,260764
5,530000	0,259489
5,540000	0,260126
5,550000	0,262039
5,560000	0,255028
5,570000	0,260764
5,580000	0,261401
5,590000	0,259489
5,600000	0,257577
5,610000	0,255028
5,620000	0,257577
5,630000	0,260126
5,640000	0,260126
5,650000	0,255028
5,660000	0,261401
5,670000	0,265863
5,680000	0,262039
5,690000	0,256940
5,700000	0,253753
5,710000	0,258852
5,720000	0,267137
5,730000	0,260764
5,740000	0,260764
5,750000	0,267137
5,760000	0,260126
5,770000	0,258852
5,780000	0,264588
5,790000	0,261401
5,800000	0,256940
5,810000	0,260764
5,820000	0,263951
5,830000	0,258214
5,840000	0,259489
5,850000	0,267137
5,860000	0,261401
5,870000	0,253753
5,880000	0,262039
5,890000	0,260764
5,900000	0,262676
5,910000	0,258214
5,920000	0,266500
5,930000	0,259489
5,940000	0,257577
5,950000	0,260764
5,960000	0,257577
5,970000	0,263313
5,980000	0,271599
5,990000	0,262039
6,000000	0,265863
6,010000	0,251203
6,020000	0,261401
6,030000	0,260764
6,040000	0,263313
6,050000	0,260126
6,060000	0,267775
6,070000	0,259489
6,080000	0,253753
6,090000	0,262039
6,100000	0,260764
6,110000	0,255665
6,120000	0,255028
6,130000	0,263951
6,140000	0,260764
6,150000	0,267775
6,160000	0,255028
6,170000	0,269687
6,180000	0,259489
6,190000	0,269050
6,200000	0,258852
6,210000	0,265225
6,220000	0,258852
6,230000	0,264588
6,240000	0,262676
6,250000	0,260126
6,260000	0,258214
6,270000	0,257577
6,280000	0,259489
6,290000	0,264588
6,300000	0,262039
6,310000	0,267137
6,320000	0,259489
6,330000	0,263951
6,340000	0,255665
6,350000	0,261401
6,360000	0,260126
6,370000	0,257577
6,380000	0,256940
6,390000	0,256302
6,400000	0,263951
6,410000	0,260126
6,420000	0,260126
6,430000	0,259489
6,440000	0,260126
6,450000	0,256302
6,460000	0,264588
6,470000	0,260126
6,480000	0,266500
6,490000	0,261401
6,500000	0,261401
6,510000	0,258214
6,520000	0,256940
6,530000	0,257577
6,540000	0,262039
6,550000	0,258852
6,560000	0,258852
6,570000	0,263951
6,580000	0,262676
6,590000	0,269050
6,600000	0,256302
6,610000	0,266500
6,620000	0,258852
6,630000	0,263313
6,640000	0,254390
6,650000	0,251203
6,660000	0,258214
6,670000	0,257577
6,680000	0,258214
6,690000	0,259489
6,700000	0,250566
6,710000	0,256940
6,720000	0,260126
6,730000	0,260764
6,740000	0,256302
6,750000	0,264588
6,760000	0,260126
6,770000	0,252478
6,780000	0,265225
6,790000	0,253753
6,800000	0,267775
6,810000	0,259489
6,820000	0,259489
6,830000	0,267775
6,840000	0,256302
6,850000	0,260126
6,860000	0,262676
6,870000	0,260126
6,880000	0,254390
6,890000	0,262039
6,900000	0,256302
6,910000	0,261401
6,920000	0,263313
6,930000	0,254390
6,940000	0,257577
6,950000	0,258214
6,960000	0,253115
6,970000	0,264588
6,980000	0,260126
6,990000	0,256940
7,000000	0,265863
7,010000	0,260126
7,020000	0,259489
7,030000	0,263951
7,040000	0,255028
7,050000	0,255028
7,060000	0,264588
7,070000	0,250566
7,080000	0,256940
7,090000	0,262039
7,100000	0,257577
7,110000	0,257577
7,120000	0,258214
7,130000	0,260764
7,140000	0,267137
7,150000	0,250566
7,160000	0,263313
7,170000	0,253753
7,180000	0,255028
7,190000	0,253115
7,200000	0,257577
7,210000	0,255665
7,220000	0,262676
7,230000	0,260764
7,240000	0,261401
7,250000	0,256940
7,260000	0,256940
7,270000	0,255665
7,280000	0,262676
7,290000	0,257577
7,300000	0,257577
7,310000	0,255665
7,320000	0,249291
7,330000	0,266500
7,340000	0,253753
7,350000	0,263951
7,360000	0,260126
7,370000	0,259489
7,380000	0,260126
7,390000	0,255665
7,400000	0,265225
7,410000	0,258214
7,420000	0,256940
7,430000	0,259489
7,440000	0,260126
7,450000	0,262039
7,460000	0,256940
7,470000	0,263313
7,480000	0,259489
7,490000	0,262676
7,500000	0,258852
7,510000	0,258214
7,520000	0,259489
7,530000	0,263313
7,540000	0,256940
7,550000	0,268412
7,560000	0,263313
7,570000	0,258214
7,580000	0,259489
7,590000	0,255665
7,600000	0,265863
7,610000	0,262676
7,620000	0,261401
7,630000	0,267137
7,640000	0,258852
7,650000	0,262676
7,660000	0,257577
7,670000	0,268412
7,680000	0,256940
7,690000	0,261401
7,700000	0,255028
7,710000	0,268412
7,720000	0,251841
7,730000	0,266500
7,740000	0,255028
7,750000	0,264588
7,760000	0,262039
7,770000	0,259489
7,780000	0,260126
7,790000	0,263313
7,800000	0,257577
7,810000	0,261401
7,820000	0,253753
7,830000	0,260764
7,840000	0,262676
7,850000	0,259489
7,860000	0,258214
7,870000	0,262039
7,880000	0,259489
7,890000	0,260764
7,900000	0,262676
7,910000	0,268412
7,920000	0,258852
7,930000	0,256940
7,940000	0,261401
7,950000	0,255028
7,960000	0,258852
7,970000	0,263951
7,980000	0,261401
7,990000	0,263951
8,000000	0,267775
8,010000	0,260126
8,020000	0,266500
8,030000	0,263951
8,040000	0,266500
8,050000	0,257577
8,060000	0,258852
8,070000	0,263951
8,080000	0,260764
8,090000	0,262676
8,100000	0,260126
8,110000	0,259489
8,120000	0,260126
8,130000	0,263951
8,140000	0,267137
8,150000	0,262676
8,160000	0,262676
8,170000	0,265225
8,180000	0,264588
8,190000	0,256302
8,200000	0,262676
8,210000	0,255665
8,220000	0,266500
8,230000	0,258852
8,240000	0,262676
8,250000	0,262676
8,260000	0,260764
8,270000	0,256302
8,280000	0,262039
8,290000	0,252478
8,300000	0,265225
8,310000	0,258852
8,320000	0,260764
8,330000	0,256302
8,340000	0,260764
8,350000	0,257577
8,360000	0,269687
8,370000	0,256940
8,380000	0,260764
8,390000	0,260764
8,400000	0,262039
8,410000	0,254390
8,420000	0,264588
8,430000	0,256940
8,440000	0,269050
8,450000	0,261401
8,460000	0,259489
8,470000	0,254390
8,480000	0,249929
8,490000	0,263313
8,500000	0,255028
8,510000	0,255028
8,520000	0,263951
8,530000	0,251841
8,540000	0,262039
8,550000	0,255665
8,560000	0,267137
8,570000	0,256940
8,580000	0,263951
8,590000	0,256302
8,600000	0,254390
8,610000	0,256940
8,620000	0,262676
8,630000	0,260126
8,640000	0,263313
8,650000	0,259489
8,660000	0,262676
8,670000	0,261401
8,680000	0,255028
8,690000	0,260764
8,700000	0,258214
8,710000	0,257577
8,720000	0,261401
8,730000	0,253753
8,740000	0,256940
8,750000	0,266500
8,760000	0,259489
8,770000	0,262039
8,780000	0,262039
8,790000	0,264588
8,800000	0,257577
8,810000	0,265863
8,820000	0,256940
8,830000	0,265225
8,840000	0,262039
8,850000	0,266500
8,860000	0,254390
8,870000	0,265225
8,880000	0,255028
8,890000	0,269050
8,900000	0,262039
8,910000	0,266500
8,920000	0,252478
8,930000	0,263951
8,940000	0,258214
8,950000	0,260126
8,960000	0,249929
8,970000	0,260764
8,980000	0,263951
8,990000	0,259489
9,000000	0,259489
9,010000	0,260126
9,020000	0,263951
9,030000	0,262039
9,040000	0,258852
9,050000	0,257577
9,060000	0,256940
9,070000	0,259489
9,080000	0,260126
9,090000	0,259489
9,100000	0,262676
9,110000	0,265225
9,120000	0,258852
9,130000	0,260126
9,140000	0,258214
9,150000	0,256940
9,160000	0,256302
9,170000	0,258852
9,180000	0,256302
9,190000	0,250566
9,200000	0,255028
9,210000	0,251203
9,220000	0,254390
9,230000	0,259489
9,240000	0,260764
9,250000	0,264588
9,260000	0,266500
9,270000	0,258852
9,280000	0,252478
9,290000	0,258214
9,300000	0,263951
9,310000	0,258852
9,320000	0,264588
9,330000	0,260126
9,340000	0,256302
9,350000	0,258214
9,360000	0,255028
9,370000	0,256940
9,380000	0,255028
9,390000	0,259489
9,400000	0,265225
9,410000	0,259489
9,420000	0,262676
9,430000	0,258852
9,440000	0,262676
9,450000	0,258852
9,460000	0,262039
9,470000	0,260126
9,480000	0,264588
9,490000	0,259489
9,500000	0,266500
9,510000	0,257577
9,520000	0,261401
9,530000	0,254390
9,540000	0,260764
9,550000	0,258214
9,560000	0,257577
9,570000	0,251841
9,580000	0,257577
9,590000	0,258214
9,600000	0,261401
9,610000	0,261401
9,620000	0,265225
9,630000	0,258214
9,640000	0,255665
9,650000	0,256302
9,660000	0,260764
9,670000	0,255665
9,680000	0,258852
9,690000	0,261401
9,700000	0,257577
9,710000	0,265225
9,720000	0,258852
9,730000	0,259489
9,740000	0,255665
9,750000	0,258852
9,760000	0,260126
9,770000	0,261401
9,780000	0,260126
9,790000	0,263951
9,800000	0,263951
9,810000	0,257577
9,820000	0,265863
9,830000	0,262676
9,840000	0,266500
9,850000	0,260764
9,860000	0,263313
9,870000	0,262039
9,880000	0,263313
9,890000	0,262039
9,900000	0,261401
9,910000	0,253753
9,920000	0,263313
9,930000	0,264588
9,940000	0,263951
9,950000	0,257577
9,960000	0,265863
9,970000	0,260126
9,980000	0,263313
9,990000	0,265225
10,000000	0,264588
10,010000	0,264588
10,020000	0,261401
10,030000	0,269687
10,040000	0,261401
10,050000	0,253753
10,060000	0,258852
10,070000	0,259489
10,080000	0,259489
10,090000	0,258214
10,100000	0,258214
10,110000	0,262676
10,120000	0,261401
10,130000	0,259489
10,140000	0,263951
10,150000	0,263951
10,160000	0,258214
10,170000	0,261401
10,180000	0,252478
10,190000	0,255028
10,200000	0,258214
10,210000	0,260126
10,220000	0,265863
10,230000	0,258214
10,240000	0,260764
10,250000	0,257577
10,260000	0,260764
10,270000	0,260126
10,280000	0,256940
10,290000	0,257577
10,300000	0,264588
10,310000	0,260764
10,320000	0,257577
10,330000	0,258852
10,340000	0,263313
10,350000	0,258852
10,360000	0,260126
10,370000	0,262039
10,380000	0,260764
10,390000	0,259489
10,400000	0,258852
10,410000	0,257577
10,420000	0,262676
10,430000	0,263951
10,440000	0,263313
10,450000	0,260126
10,460000	0,263951
10,470000	0,262676
10,480000	0,259489
10,490000	0,261401
10,500000	0,260126
10,510000	0,256940
10,520000	0,263951
10,530000	0,255028
10,540000	0,260126
10,550000	0,258852
10,560000	0,262676
10,570000	0,261401
10,580000	0,260764
10,590000	0,256302
10,600000	0,264588
10,610000	0,261401
10,620000	0,256940
10,630000	0,264588
10,640000	0,256940
10,650000	0,260126
10,660000	0,269050
10,670000	0,261401
10,680000	0,264588
10,690000	0,259489
10,700000	0,258852
10,710000	0,259489
10,720000	0,256940
10,730000	0,259489
10,740000	0,260126
10,750000	0,255665
10,760000	0,258852
10,770000	0,262676
10,780000	0,255665
10,790000	0,249929
10,800000	0,262676
10,810000	0,253753
10,820000	0,256940
10,830000	0,261401
10,840000	0,260126
10,850000	0,260126
10,860000	0,258214
10,870000	0,256940
10,880000	0,255665
10,890000	0,258852
10,900000	0,259489
10,910000	0,262676
10,920000	0,258214
10,930000	0,260126
10,940000	0,262676
10,950000	0,259489
10,960000	0,261401
10,970000	0,266500
10,980000	0,260126
10,990000	0,262039
11,000000	0,260126
11,010000	0,255665
11,020000	0,257577
11,030000	0,259489
11,040000	0,260126
11,050000	0,249291
11,060000	0,254390
11,070000	0,262039
11,080000	0,255028
11,090000	0,260764
11,100000	0,255665
11,110000	0,259489
11,120000	0,262676
11,130000	0,262039
11,140000	0,256940
11,150000	0,263951
11,160000	0,261401
11,170000	0,261401
11,180000	0,252478
11,190000	0,261401
11,200000	0,266500
11,210000	0,263951
11,220000	0,256940
11,230000	0,260126
11,240000	0,255665
11,250000	0,260764
11,260000	0,260126
11,270000	0,265863
11,280000	0,257577
11,290000	0,261401
11,300000	0,256940
11,310000	0,264588
11,320000	0,258852
11,330000	0,256302
11,340000	0,265225
11,350000	0,260126
11,360000	0,257577
11,370000	0,257577
11,380000	0,254390
11,390000	0,255028
11,400000	0,253753
11,410000	0,253753
11,420000	0,260126
11,430000	0,255665
11,440000	0,263313
11,450000	0,253753
11,460000	0,261401
11,470000	0,262676
11,480000	0,255665
11,490000	0,254390
11,500000	0,256302
11,510000	0,258214
11,520000	0,255028
11,530000	0,260764
11,540000	0,260126
11,550000	0,260764
11,560000	0,262039
11,570000	0,262676
11,580000	0,260126
11,590000	0,260764
11,600000	0,263951
11,610000	0,261401
11,620000	0,262676
11,630000	0,260126
11,640000	0,260126
11,650000	0,255665
11,660000	0,268412
11,670000	0,260764
11,680000	0,261401
11,690000	0,261401
11,700000	0,261401
11,710000	0,254390
11,720000	0,265863
11,730000	0,256302
11,740000	0,264588
11,750000	0,260764
11,760000	0,265225
11,770000	0,258214
11,780000	0,260126
11,790000	0,249291
11,800000	0,263313
11,810000	0,249929
11,820000	0,258214
11,830000	0,265225
11,840000	0,270324
11,850000	0,257577
11,860000	0,260126
11,870000	0,258214
11,880000	0,263951
11,890000	0,253115
11,900000	0,258852
11,910000	0,256302
11,920000	0,263951
11,930000	0,255028
11,940000	0,266500
11,950000	0,260764
11,960000	0,258214
11,970000	0,263313
11,980000	0,268412
11,990000	0,258214
12,000000	0,260126
12,010000	0,260126
12,020000	0,261401
12,030000	0,263313
12,040000	0,261401
12,050000	0,260764
12,060000	0,259489
12,070000	0,261401
12,080000	0,257577
12,090000	0,257577
12,100000	0,258214
12,110000	0,256940
12,120000	0,258214
12,130000	0,257577
12,140000	0,259489
12,150000	0,267137
12,160000	0,259489
12,170000	0,265225
12,180000	0,255028
12,190000	0,259489
12,200000	0,260126
12,210000	0,260126
12,220000	0,260126
12,230000	0,260126
12,240000	0,258852
12,250000	0,256940
12,260000	0,263313
12,270000	0,257577
12,280000	0,264588
12,290000	0,269050
12,300000	0,260126
12,310000	0,256302
12,320000	0,262676
12,330000	0,258214
12,340000	0,258852
12,350000	0,259489
12,360000	0,260126
12,370000	0,264588
12,380000	0,253753
12,390000	0,266500
12,400000	0,256940
12,410000	0,266500
12,420000	0,257577
12,430000	0,269050
12,440000	0,257577
12,450000	0,257577
12,460000	0,251203
12,470000	0,259489
12,480000	0,255665
12,490000	0,270962
12,500000	0,255028
12,510000	0,260126
12,520000	0,253753
12,530000	0,267137
12,540000	0,256940
12,550000	0,261401
12,560000	0,256302
12,570000	0,252478
12,580000	0,259489
12,590000	0,262039
12,600000	0,254390
12,610000	0,255665
12,620000	0,256940
12,630000	0,253753
12,640000	0,260764
12,650000	0,262676
12,660000	0,254390
12,670000	0,259489
12,680000	0,258852
12,690000	0,260126
12,700000	0,260764
12,710000	0,256302
12,720000	0,258852
12,730000	0,262676
12,740000	0,256302
12,750000	0,260126
12,760000	0,256302
12,770000	0,260126
12,780000	0,253753
12,790000	0,260764
12,800000	0,265863
12,810000	0,253753
12,820000	0,255028
12,830000	0,256940
12,840000	0,249929
12,850000	0,258214
12,860000	0,262039
12,870000	0,261401
12,880000	0,258214
12,890000	0,258852
12,900000	0,262039
12,910000	0,263951
12,920000	0,262039
12,930000	0,256940
12,940000	0,265863
12,950000	0,254390
12,960000	0,256940
12,970000	0,256302
12,980000	0,251841
12,990000	0,256940
13,000000	0,254390
13,010000	0,260126
13,020000	0,262676
13,030000	0,257577
13,040000	0,254390
13,050000	0,260126
13,060000	0,255028
13,070000	0,260126
13,080000	0,262039
13,090000	0,260764
13,100000	0,260126
13,110000	0,259489
13,120000	0,259489
13,130000	0,261401
13,140000	0,256940
13,150000	0,256940
13,160000	0,254390
13,170000	0,252478
13,180000	0,260764
13,190000	0,262676
13,200000	0,259489
13,210000	0,261401
13,220000	0,255028
13,230000	0,267775
13,240000	0,260126
13,250000	0,258852
13,260000	0,249291
13,270000	0,255028
13,280000	0,248016
13,290000	0,260126
13,300000	0,253753
13,310000	0,258852
13,320000	0,253753
13,330000	0,258852
13,340000	0,244830
13,350000	0,255028
13,360000	0,264588
13,370000	0,262039
13,380000	0,264588
13,390000	0,257577
13,400000	0,260126
13,410000	0,255665
13,420000	0,267137
13,430000	0,258852
13,440000	0,262676
13,450000	0,261401
13,460000	0,256940
13,470000	0,258852
13,480000	0,259489
13,490000	0,258214
13,500000	0,257577
13,510000	0,260764
13,520000	0,260126
13,530000	0,261401
13,540000	0,263313
13,550000	0,258852
13,560000	0,261401
13,570000	0,254390
13,580000	0,261401
13,590000	0,258214
13,600000	0,260126
13,610000	0,255028
13,620000	0,261401
13,630000	0,260126
13,640000	0,265863
13,650000	0,255028
13,660000	0,265225
13,670000	0,262676
13,680000	0,262676
13,690000	0,262676
13,700000	0,257577
13,710000	0,257577
13,720000	0,255665
13,730000	0,268412
13,740000	0,258214
13,750000	0,259489
13,760000	0,256940
13,770000	0,267775
13,780000	0,254390
13,790000	0,263313
13,800000	0,257577
13,810000	0,262676
13,820000	0,254390
13,830000	0,260764
13,840000	0,259489
13,850000	0,260764
13,860000	0,265225
13,870000	0,256940
13,880000	0,259489
13,890000	0,262676
13,900000	0,262676
13,910000	0,256302
13,920000	0,259489
13,930000	0,259489
13,940000	0,265863
13,950000	0,258852
13,960000	0,265863
13,970000	0,258852
13,980000	0,267137
13,990000	0,253115
14,000000	0,261401
14,010000	0,253753
14,020000	0,267775
14,030000	0,262039
14,040000	0,258852
14,050000	0,254390
14,060000	0,260764
14,070000	0,260764
14,080000	0,268412
14,090000	0,263951
14,100000	0,261401
14,110000	0,256940
14,120000	0,263951
14,130000	0,257577
14,140000	0,264588
14,150000	0,260764
14,160000	0,265225
14,170000	0,262676
14,180000	0,264588
14,190000	0,260764
14,200000	0,262039
14,210000	0,268412
14,220000	0,263313
14,230000	0,265863
14,240000	0,263951
14,250000	0,267137
14,260000	0,260764
14,270000	0,259489
14,280000	0,265863
14,290000	0,260126
14,300000	0,266500
14,310000	0,259489
14,320000	0,261401
14,330000	0,262039
14,340000	0,267775
14,350000	0,258852
14,360000	0,260764
14,370000	0,255665
14,380000	0,261401
14,390000	0,265225
14,400000	0,270324
14,410000	0,257577
14,420000	0,258852
14,430000	0,260764
14,440000	0,263951
14,450000	0,258214
14,460000	0,262676
14,470000	0,258852
14,480000	0,263313
14,490000	0,260764
14,500000	0,260764
14,510000	0,258214
14,520000	0,255028
14,530000	0,254390
14,540000	0,262676
14,550000	0,260764
14,560000	0,260126
14,570000	0,262039
14,580000	0,259489
14,590000	0,259489
14,600000	0,257577
14,610000	0,260126
14,620000	0,261401
14,630000	0,255028
14,640000	0,258852
14,650000	0,260126
14,660000	0,258852
14,670000	0,251841
14,680000	0,260764
14,690000	0,258214
14,700000	0,257577
14,710000	0,257577
14,720000	0,262676
14,730000	0,259489
14,740000	0,263951
14,750000	0,259489
14,760000	0,260764
14,770000	0,265225
14,780000	0,257577
14,790000	0,264588
14,800000	0,260764
14,810000	0,258852
14,820000	0,254390
14,830000	0,253753
14,840000	0,269687
14,850000	0,261401
14,860000	0,262676
14,870000	0,261401
14,880000	0,258852
14,890000	0,260764
14,900000	0,262676
14,910000	0,254390
14,920000	0,263951
14,930000	0,256940
14,940000	0,255665
14,950000	0,256302
14,960000	0,256302
14,970000	0,256940
14,980000	0,256940
14,990000	0,262676
15,000000	0,258852
15,010000	0,258852
15,020000	0,257577
15,030000	0,256940
15,040000	0,262039
15,050000	0,251203
15,060000	0,259489
15,070000	0,257577
15,080000	0,260126
15,090000	0,258852
15,100000	0,256302
15,110000	0,254390
15,120000	0,254390
15,130000	0,259489
15,140000	0,260126
15,150000	0,256302
15,160000	0,262676
15,170000	0,256302
15,180000	0,255665
15,190000	0,252478
15,200000	0,260126
15,210000	0,252478
15,220000	0,263951
15,230000	0,259489
15,240000	0,265863
15,250000	0,256302
15,260000	0,262676
15,270000	0,260126
15,280000	0,265225
15,290000	0,260764
15,300000	0,264588
15,310000	0,249291
15,320000	0,267775
15,330000	0,256302
15,340000	0,263951
15,350000	0,256302
15,360000	0,264588
15,370000	0,256940
15,380000	0,263951
15,390000	0,254390
15,400000	0,261401
15,410000	0,255028
15,420000	0,262676
15,430000	0,250566
15,440000	0,265225
15,450000	0,250566
15,460000	0,262039
15,470000	0,260126
15,480000	0,258214
15,490000	0,263313
15,500000	0,267137
15,510000	0,255665
15,520000	0,258852
15,530000	0,256302
15,540000	0,263951
15,550000	0,260126
15,560000	0,257577
15,570000	0,253115
15,580000	0,260126
15,590000	0,258852
15,600000	0,262039
15,610000	0,262039
15,620000	0,255028
15,630000	0,260126
15,640000	0,256302
15,650000	0,259489
15,660000	0,261401
15,670000	0,255665
15,680000	0,256302
15,690000	0,257577
15,700000	0,259489
15,710000	0,262676
15,720000	0,260764
15,730000	0,254390
15,740000	0,264588
15,750000	0,252478
15,760000	0,263951
15,770000	0,255665
15,780000	0,262039
15,790000	0,265863
15,800000	0,263951
15,810000	0,256940
15,820000	0,258852
15,830000	0,250566
15,840000	0,262039
15,850000	0,256302
15,860000	0,270324
15,870000	0,256940
15,880000	0,267775
15,890000	0,258214
15,900000	0,260126
15,910000	0,256302
15,920000	0,267775
15,930000	0,262676
15,940000	0,260764
15,950000	0,262676
15,960000	0,261401
15,970000	0,266500
15,980000	0,263951
15,990000	0,258852
16,000000	0,258852
16,010000	0,262039
16,020000	0,260126
16,030000	0,261401
16,040000	0,259489
16,050000	0,258852
16,060000	0,258214
16,070000	0,258852
16,080000	0,261401
16,090000	0,263951
16,100000	0,258852
16,110000	0,274148
16,120000	0,262676
16,130000	0,265863
16,140000	0,264588
16,150000	0,260764
16,160000	0,262676
16,170000	0,259489
16,180000	0,260126
16,190000	0,259489
16,200000	0,261401
16,210000	0,259489
16,220000	0,262676
16,230000	0,257577
16,240000	0,265225
16,250000	0,256940
16,260000	0,263313
16,270000	0,256302
16,280000	0,262039
16,290000	0,257577
16,300000	0,260764
16,310000	0,260764
16,320000	0,256940
16,330000	0,255665
16,340000	0,270962
16,350000	0,259489
16,360000	0,264588
16,370000	0,254390
16,380000	0,264588
16,390000	0,262676
16,400000	0,258852
16,410000	0,263951
16,420000	0,265225
16,430000	0,263951
16,440000	0,266500
16,450000	0,260764
16,460000	0,260126
16,470000	0,257577
16,480000	0,264588
16,490000	0,257577
16,500000	0,267775
16,510000	0,255665
16,520000	0,262676
16,530000	0,259489
16,540000	0,258852
16,550000	0,256302
16,560000	0,260764
16,570000	0,260764
16,580000	0,261401
16,590000	0,256302
16,600000	0,255665
16,610000	0,257577
16,620000	0,255665
16,630000	0,263313
16,640000	0,270324
16,650000	0,260126
16,660000	0,258852
16,670000	0,253115
16,680000	0,265225
16,690000	0,260764
16,700000	0,259489
16,710000	0,258214
16,720000	0,264588
16,730000	0,260126
16,740000	0,260126
16,750000	0,257577
16,760000	0,262676
16,770000	0,259489
16,780000	0,263313
16,790000	0,261401
16,800000	0,255665
16,810000	0,260764
16,820000	0,256940
16,830000	0,255028
16,840000	0,260126
16,850000	0,258214
16,860000	0,261401
16,870000	0,260764
16,880000	0,260764
16,890000	0,261401
16,900000	0,257577
16,910000	0,260126
16,920000	0,259489
16,930000	0,257577
16,940000	0,255665
16,950000	0,257577
16,960000	0,262039
16,970000	0,258214
16,980000	0,264588
16,990000	0,256940
17,000000	0,260764
17,010000	0,255665
17,020000	0,253753
17,030000	0,256940
17,040000	0,251841
17,050000	0,255665
17,060000	0,251203
17,070000	0,258852
17,080000	0,262676
17,090000	0,257577
17,100000	0,260126
17,110000	0,253115
17,120000	0,259489
17,130000	0,260764
17,140000	0,258852
17,150000	0,254390
17,160000	0,253753
17,170000	0,255028
17,180000	0,258852
17,190000	0,253753
17,200000	0,262676
17,210000	0,256940
17,220000	0,261401
17,230000	0,255028
17,240000	0,257577
17,250000	0,254390
17,260000	0,258852
17,270000	0,253753
17,280000	0,259489
17,290000	0,264588
17,300000	0,255665
17,310000	0,255665
17,320000	0,265225
17,330000	0,258214
17,340000	0,262676
17,350000	0,253753
17,360000	0,257577
17,370000	0,254390
17,380000	0,252478
17,390000	0,265225
17,400000	0,256940
17,410000	0,260764
17,420000	0,255028
17,430000	0,259489
17,440000	0,258214
17,450000	0,260764
17,460000	0,257577
17,470000	0,262676
17,480000	0,258214
17,490000	0,257577
17,500000	0,256940
17,510000	0,259489
17,520000	0,260126
17,530000	0,257577
17,540000	0,261401
17,550000	0,257577
17,560000	0,255665
17,570000	0,255028
17,580000	0,256940
17,590000	0,260764
17,600000	0,255665
17,610000	0,255028
17,620000	0,252478
17,630000	0,256302
17,640000	0,257577
17,650000	0,263313
17,660000	0,255665
17,670000	0,256302
17,680000	0,255028
17,690000	0,255665
17,700000	0,260126
17,710000	0,258852
17,720000	0,258214
17,730000	0,258214
17,740000	0,260764
17,750000	0,259489
17,760000	0,260764
17,770000	0,257577
17,780000	0,260126
17,790000	0,265863
17,800000	0,258214
17,810000	0,258852
17,820000	0,255665
17,830000	0,258214
17,840000	0,263313
17,850000	0,258852
17,860000	0,257577
17,870000	0,265225
17,880000	0,256940
17,890000	0,263313
17,900000	0,256940
17,910000	0,262676
17,920000	0,260126
17,930000	0,260764
17,940000	0,262039
17,950000	0,262039
17,960000	0,258852
17,970000	0,266500
17,980000	0,253753
17,990000	0,261401
18,000000	0,255028
18,010000	0,257577
18,020000	0,262039
18,030000	0,254390
18,040000	0,262039
18,050000	0,261401
18,060000	0,262039
18,070000	0,260126
18,080000	0,258852
18,090000	0,256302
18,100000	0,255665
18,110000	0,260126
18,120000	0,265225
18,130000	0,258852
18,140000	0,263313
18,150000	0,260764
18,160000	0,260764
18,170000	0,258852
18,180000	0,260126
18,190000	0,259489
18,200000	0,256940
18,210000	0,265225
18,220000	0,261401
18,230000	0,264588
18,240000	0,253753
18,250000	0,257577
18,260000	0,258852
18,270000	0,265225
18,280000	0,261401
18,290000	0,265863
18,300000	0,264588
18,310000	0,262676
18,320000	0,260764
18,330000	0,260126
18,340000	0,260764
18,350000	0,256302
18,360000	0,258852
18,370000	0,255028
18,380000	0,269050
18,390000	0,256302
18,400000	0,265225
18,410000	0,259489
18,420000	0,265225
18,430000	0,261401
18,440000	0,255028
18,450000	0,264588
18,460000	0,265863
18,470000	0,264588
18,480000	0,261401
18,490000	0,262039
18,500000	0,260126
18,510000	0,267775
18,520000	0,265225
18,530000	0,263313
18,540000	0,260126
18,550000	0,255665
18,560000	0,258852
18,570000	0,258852
18,580000	0,257577
18,590000	0,266500
18,600000	0,263313
18,610000	0,263313
18,620000	0,263313
18,630000	0,256302
18,640000	0,260764
18,650000	0,262039
18,660000	0,260126
18,670000	0,260126
18,680000	0,261401
18,690000	0,260764
18,700000	0,260764
18,710000	0,259489
18,720000	0,260126
18,730000	0,262676
18,740000	0,254390
18,750000	0,265863
18,760000	0,256940
18,770000	0,263313
18,780000	0,258852
18,790000	0,261401
18,800000	0,258214
18,810000	0,258214
18,820000	0,256940
18,830000	0,262039
18,840000	0,253115
18,850000	0,260126
18,860000	0,259489
18,870000	0,256940
18,880000	0,259489
18,890000	0,262039
18,900000	0,260764
18,910000	0,262676
18,920000	0,258852
18,930000	0,262039
18,940000	0,254390
18,950000	0,260126
18,960000	0,255665
18,970000	0,267775
18,980000	0,260126
18,990000	0,264588
19,000000	0,256940
19,010000	0,261401
19,020000	0,260764
19,030000	0,267137
19,040000	0,259489
19,050000	0,264588
19,060000	0,258852
19,070000	0,265225
19,080000	0,259489
19,090000	0,258852
19,100000	0,258852
19,110000	0,257577
19,120000	0,252478
19,130000	0,263313
19,140000	0,257577
19,150000	0,254390
19,160000	0,263313
19,170000	0,261401
19,180000	0,262676
19,190000	0,251841
19,200000	0,254390
19,210000	0,256302
19,220000	0,254390
19,230000	0,263313
19,240000	0,256940
19,250000	0,261401
19,260000	0,255665
19,270000	0,255665
19,280000	0,257577
19,290000	0,255665
19,300000	0,263951
19,310000	0,258214
19,320000	0,257577
19,330000	0,255665
19,340000	0,253115
19,350000	0,259489
19,360000	0,256302
19,370000	0,258852
19,380000	0,262039
19,390000	0,256302
19,400000	0,255028
19,410000	0,255665
19,420000	0,253753
19,430000	0,256940
19,440000	0,260126
19,450000	0,256940
19,460000	0,258852
19,470000	0,249291
19,480000	0,255028
19,490000	0,258852
19,500000	0,263313
19,510000	0,261401
19,520000	0,256940
19,530000	0,250566
19,540000	0,260126
19,550000	0,253753
19,560000	0,258852
19,570000	0,253753
19,580000	0,256302
19,590000	0,261401
19,600000	0,255028
19,610000	0,267775
19,620000	0,255665
19,630000	0,255665
19,640000	0,258852
19,650000	0,259489
19,660000	0,260764
19,670000	0,258214
19,680000	0,258852
19,690000	0,262676
19,700000	0,250566
19,710000	0,260126
19,720000	0,259489
19,730000	0,267137
19,740000	0,258852
19,750000	0,262676
19,760000	0,265225
19,770000	0,262676
19,780000	0,262676
19,790000	0,260126
19,800000	0,258214
19,810000	0,263313
19,820000	0,258214
19,830000	0,265225
19,840000	0,260764
19,850000	0,260764
19,860000	0,260764
19,870000	0,258214
19,880000	0,264588
19,890000	0,257577
19,900000	0,258852
19,910000	0,258214
19,920000	0,256940
19,930000	0,253753
19,940000	0,250566
19,950000	0,256940
19,960000	0,258852
19,970000	0,255665
19,980000	0,260126
19,990000	0,258214
20,000000	0,265225
20,010000	0,262676
20,020000	0,267775
20,030000	0,257577
20,040000	0,263313
20,050000	0,256940
20,060000	0,255665
20,070000	0,258852
20,080000	0,260764
20,090000	0,259489
20,100000	0,260126
20,110000	0,258852
20,120000	0,260126
20,130000	0,260126
20,140000	0,262039
20,150000	0,257577
20,160000	0,263951
20,170000	0,259489
20,180000	0,263313
20,190000	0,262676
20,200000	0,260126
20,210000	0,253753
20,220000	0,263951
20,230000	0,262039
20,240000	0,264588
20,250000	0,257577
20,260000	0,259489
20,270000	0,258214
20,280000	0,263951
20,290000	0,255028
20,300000	0,264588
20,310000	0,258852
20,320000	0,264588
20,330000	0,259489
20,340000	0,265225
20,350000	0,262039
20,360000	0,262039
20,370000	0,268412
20,380000	0,260126
20,390000	0,261401
20,400000	0,260126
20,410000	0,256940
20,420000	0,260764
20,430000	0,260764
20,440000	0,268412
20,450000	0,260126
20,460000	0,270324
20,470000	0,260764
20,480000	0,260764
20,490000	0,259489
20,500000	0,263951
20,510000	0,260126
20,520000	0,259489
20,530000	0,258852
20,540000	0,259489
20,550000	0,258214
20,560000	0,260126
20,570000	0,257577
20,580000	0,255028
20,590000	0,255028
20,600000	0,259489
20,610000	0,255028
20,620000	0,260126
20,630000	0,255665
20,640000	0,264588
20,650000	0,255665
20,660000	0,264588
20,670000	0,262676
20,680000	0,261401
20,690000	0,261401
20,700000	0,261401
20,710000	0,253753
20,720000	0,258852
20,730000	0,256302
20,740000	0,263951
20,750000	0,259489
20,760000	0,262039
20,770000	0,263951
20,780000	0,261401
20,790000	0,256940
20,800000	0,260764
20,810000	0,256940
20,820000	0,262039
20,830000	0,260126
20,840000	0,258214
20,850000	0,261401
20,860000	0,255665
20,870000	0,257577
20,880000	0,260126
20,890000	0,260764
20,900000	0,260126
20,910000	0,258852
20,920000	0,256940
20,930000	0,272236
20,940000	0,257577
20,950000	0,256302
20,960000	0,256302
20,970000	0,258214
20,980000	0,256940
20,990000	0,255028
21,000000	0,258852
21,010000	0,262039
21,020000	0,258852
21,030000	0,258214
21,040000	0,255028
21,050000	0,262676
21,060000	0,260764
21,070000	0,256940
21,080000	0,258214
21,090000	0,257577
21,100000	0,260126
21,110000	0,255665
21,120000	0,258214
21,130000	0,250566
21,140000	0,260126
21,150000	0,254390
21,160000	0,261401
21,170000	0,258852
21,180000	0,256940
21,190000	0,251203
21,200000	0,262676
21,210000	0,250566
21,220000	0,260126
21,230000	0,255665
21,240000	0,260126
21,250000	0,260126
21,260000	0,258214
21,270000	0,258852
21,280000	0,260126
21,290000	0,262039
21,300000	0,258852
21,310000	0,257577
21,320000	0,260126
21,330000	0,255028
21,340000	0,255028
21,350000	0,255028
21,360000	0,258214
21,370000	0,256940
21,380000	0,262676
21,390000	0,255665
21,400000	0,249291
21,410000	0,249291
21,420000	0,260764
21,430000	0,259489
21,440000	0,256302
21,450000	0,260126
21,460000	0,258852
21,470000	0,260126
21,480000	0,255665
21,490000	0,264588
21,500000	0,257577
21,510000	0,260126
21,520000	0,256302
21,530000	0,262039
21,540000	0,255028
21,550000	0,253753
21,560000	0,252478
21,570000	0,252478
21,580000	0,256940
21,590000	0,256940
21,600000	0,257577
21,610000	0,254390
21,620000	0,255028
21,630000	0,250566
21,640000	0,256940
21,650000	0,254390
21,660000	0,256302
21,670000	0,256940
21,680000	0,256940
21,690000	0,255028
21,700000	0,256940
21,710000	0,247379
21,720000	0,260764
21,730000	0,254390
21,740000	0,262676
21,750000	0,256940
21,760000	0,253115
21,770000	0,258852
21,780000	0,262039
21,790000	0,255028
21,800000	0,261401
21,810000	0,250566
21,820000	0,265225
21,830000	0,253115
21,840000	0,263313
21,850000	0,252478
21,860000	0,260126
21,870000	0,252478
21,880000	0,255028
21,890000	0,253753
21,900000	0,264588
21,910000	0,251841
21,920000	0,258852
21,930000	0,256940
21,940000	0,260764
21,950000	0,256940
21,960000	0,258214
21,970000	0,259489
21,980000	0,259489
21,990000	0,258852
22,000000	0,260764
22,010000	0,262676
22,020000	0,265225
22,030000	0,252478
22,040000	0,262676
22,050000	0,257577
22,060000	0,262039
22,070000	0,256940
22,080000	0,262039
22,090000	0,262039
22,100000	0,268412
22,110000	0,251203
22,120000	0,260126
22,130000	0,258852
22,140000	0,265863
22,150000	0,257577
22,160000	0,265225
22,170000	0,257577
22,180000	0,261401
22,190000	0,256302
22,200000	0,260764
22,210000	0,258852
22,220000	0,265863
22,230000	0,256940
22,240000	0,264588
22,250000	0,259489
22,260000	0,265863
22,270000	0,256940
22,280000	0,263313
22,290000	0,258852
22,300000	0,263313
22,310000	0,264588
22,320000	0,265225
22,330000	0,260126
22,340000	0,255665
22,350000	0,254390
22,360000	0,253753
22,370000	0,256940
22,380000	0,254390
22,390000	0,258852
22,400000	0,257577
22,410000	0,262676
22,420000	0,256940
22,430000	0,257577
22,440000	0,256940
22,450000	0,260126
22,460000	0,265225
22,470000	0,256940
22,480000	0,254390
22,490000	0,263313
22,500000	0,263313
22,510000	0,261401
22,520000	0,263313
22,530000	0,264588
22,540000	0,263951
22,550000	0,262039
22,560000	0,260764
22,570000	0,260764
22,580000	0,260764
22,590000	0,260126
22,600000	0,262676
22,610000	0,260764
22,620000	0,265863
22,630000	0,260764
22,640000	0,260764
22,650000	0,256940
22,660000	0,262039
22,670000	0,260764
22,680000	0,266500
22,690000	0,263951
22,700000	0,263951
22,710000	0,256940
22,720000	0,258852
22,730000	0,257577
22,740000	0,262039
22,750000	0,265863
22,760000	0,263313
22,770000	0,262676
22,780000	0,260126
22,790000	0,256940
22,800000	0,258852
22,810000	0,260764
22,820000	0,259489
22,830000	0,256940
22,840000	0,262676
22,850000	0,258214
22,860000	0,263951
22,870000	0,260126
22,880000	0,256940
22,890000	0,260764
22,900000	0,257577
22,910000	0,260126
22,920000	0,258214
22,930000	0,256940
22,940000	0,258852
22,950000	0,254390
22,960000	0,258852
22,970000	0,253753
22,980000	0,261401
22,990000	0,256302
23,000000	0,259489
23,010000	0,257577
23,020000	0,263313
23,030000	0,255665
23,040000	0,264588
23,050000	0,245467
23,060000	0,262676
23,070000	0,255028
23,080000	0,265225
23,090000	0,259489
23,100000	0,262039
23,110000	0,256940
23,120000	0,259489
23,130000	0,256302
23,140000	0,256302
23,150000	0,257577
23,160000	0,254390
23,170000	0,259489
23,180000	0,259489
23,190000	0,255665
23,200000	0,258852
23,210000	0,255028
23,220000	0,258214
23,230000	0,265225
23,240000	0,260764
23,250000	0,262039
23,260000	0,255665
23,270000	0,262676
23,280000	0,261401
23,290000	0,263313
23,300000	0,256940
23,310000	0,262676
23,320000	0,258214
23,330000	0,265863
23,340000	0,262039
23,350000	0,256302
23,360000	0,263313
23,370000	0,255028
23,380000	0,255665
23,390000	0,255665
23,400000	0,259489
23,410000	0,253115
23,420000	0,255028
23,430000	0,255665
23,440000	0,256940
23,450000	0,255665
23,460000	0,257577
23,470000	0,253115
23,480000	0,259489
23,490000	0,255665
23,500000	0,257577
23,510000	0,253115
23,520000	0,262676
23,530000	0,255665
23,540000	0,257577
23,550000	0,251203
23,560000	0,250566
23,570000	0,256302
23,580000	0,255665
23,590000	0,256940
23,600000	0,260126
23,610000	0,253753
23,620000	0,259489
23,630000	0,251203
23,640000	0,257577
23,650000	0,253115
23,660000	0,255665
23,670000	0,256940
23,680000	0,260764
23,690000	0,255028
23,700000	0,256940
23,710000	0,256302
23,720000	0,256302
23,730000	0,255028
23,740000	0,249929
23,750000	0,258852
23,760000	0,255028
23,770000	0,256302
23,780000	0,260764
23,790000	0,260126
23,800000	0,255028
23,810000	0,258214
23,820000	0,256302
23,830000	0,254390
23,840000	0,262676
23,850000	0,253753
23,860000	0,262039
23,870000	0,257577
23,880000	0,260126
23,890000	0,254390
23,900000	0,251841
23,910000	0,255028
23,920000	0,260764
23,930000	0,256940
23,940000	0,259489
23,950000	0,251841
23,960000	0,266500
23,970000	0,257577
23,980000	0,259489
23,990000	0,247379
24,000000	0,264588
24,010000	0,254390
24,020000	0,260126
24,030000	0,254390
24,040000	0,263313
24,050000	0,254390
24,060000	0,257577
24,070000	0,253753
24,080000	0,269687
24,090000	0,250566
24,100000	0,261401
24,110000	0,253753
24,120000	0,263313
24,130000	0,258852
24,140000	0,260126
24,150000	0,257577
24,160000	0,261401
24,170000	0,253753
24,180000	0,255028
24,190000	0,257577
24,200000	0,258214
24,210000	0,258852
24,220000	0,258214
24,230000	0,262039
24,240000	0,254390
24,250000	0,256940
24,260000	0,260126
24,270000	0,257577
24,280000	0,258214
24,290000	0,260126
24,300000	0,264588
24,310000	0,263313
24,320000	0,265863
24,330000	0,256302
24,340000	0,264588
24,350000	0,270324
24,360000	0,263313
24,370000	0,256302
24,380000	0,263313
24,390000	0,262676
24,400000	0,263313
24,410000	0,260764
24,420000	0,263313
24,430000	0,260126
24,440000	0,262676
24,450000	0,262676
24,460000	0,259489
24,470000	0,265225
24,480000	0,260764
24,490000	0,263951
24,500000	0,261401
24,510000	0,260126
24,520000	0,257577
24,530000	0,261401
24,540000	0,260126
24,550000	0,256302
24,560000	0,258214
24,570000	0,265225
24,580000	0,262039
24,590000	0,263951
24,600000	0,262039
24,610000	0,260764
24,620000	0,259489
24,630000	0,258214
24,640000	0,265225
24,650000	0,261401
24,660000	0,260764
24,670000	0,260764
24,680000	0,260126
24,690000	0,261401
24,700000	0,262676
24,710000	0,259489
24,720000	0,260126
24,730000	0,260126
24,740000	0,265225
24,750000	0,260126
24,760000	0,260126
24,770000	0,255665
24,780000	0,262676
24,790000	0,262676
24,800000	0,264588
24,810000	0,262676
24,820000	0,259489
24,830000	0,261401
24,840000	0,259489
24,850000	0,259489
24,860000	0,264588
24,870000	0,257577
24,880000	0,267775
24,890000	0,254390
24,900000	0,259489
24,910000	0,262039
24,920000	0,254390
24,930000	0,258214
24,940000	0,261401
24,950000	0,259489
24,960000	0,258852
24,970000	0,259489
24,980000	0,260126
24,990000	0,258214
25,000000	0,258214
25,010000	0,260126
25,020000	0,262676
25,030000	0,262676
25,040000	0,259489
25,050000	0,258214
25,060000	0,258852
25,070000	0,260764
25,080000	0,256940
25,090000	0,261401
25,100000	0,259489
25,110000	0,262039
25,120000	0,261401
25,130000	0,265225
25,140000	0,258214
25,150000	0,262676
25,160000	0,262039
25,170000	0,260764
25,180000	0,263313
25,190000	0,258852
25,200000	0,254390
25,210000	0,255665
25,220000	0,259489
25,230000	0,258852
25,240000	0,261401
25,250000	0,256940
25,260000	0,261401
25,270000	0,257577
25,280000	0,260126
25,290000	0,259489
25,300000	0,264588
25,310000	0,252478
25,320000	0,261401
25,330000	0,250566
25,340000	0,256940
25,350000	0,249929
25,360000	0,258852
25,370000	0,253115
25,380000	0,262039
25,390000	0,253753
25,400000	0,258214
25,410000	0,255665
25,420000	0,263951
25,430000	0,259489
25,440000	0,258214
25,450000	0,250566
25,460000	0,257577
25,470000	0,253115
25,480000	0,257577
25,490000	0,254390
25,500000	0,259489
25,510000	0,256302
25,520000	0,256302
25,530000	0,255028
25,540000	0,258214
25,550000	0,258852
25,560000	0,262039
25,570000	0,254390
25,580000	0,259489
25,590000	0,257577
25,600000	0,258214
25,610000	0,257577
25,620000	0,251841
25,630000	0,252478
25,640000	0,256302
25,650000	0,254390
25,660000	0,260126
25,670000	0,256940
25,680000	0,258852
25,690000	0,260764
25,700000	0,256302
25,710000	0,257577
25,720000	0,256940
25,730000	0,255028
25,740000	0,260764
25,750000	0,253753
25,760000	0,260126
25,770000	0,256940
25,780000	0,256940
25,790000	0,258214
25,800000	0,262676
25,810000	0,258852
25,820000	0,257577
25,830000	0,256940
25,840000	0,256940
25,850000	0,256940
25,860000	0,261401
25,870000	0,251841
25,880000	0,256302
25,890000	0,255665
25,900000	0,255665
25,910000	0,257577
25,920000	0,259489
25,930000	0,258214
25,940000	0,256302
25,950000	0,263313
25,960000	0,254390
25,970000	0,262039
25,980000	0,248654
25,990000	0,255028
26,000000	0,253115
26,010000	0,256940
26,020000	0,252478
26,030000	0,259489
26,040000	0,256302
26,050000	0,254390
26,060000	0,255665
26,070000	0,262676
26,080000	0,254390
26,090000	0,256940
26,100000	0,256940
26,110000	0,257577
26,120000	0,260764
26,130000	0,262039
26,140000	0,258214
26,150000	0,258852
26,160000	0,262676
26,170000	0,260126
26,180000	0,263313
26,190000	0,257577
26,200000	0,263951
26,210000	0,259489
26,220000	0,261401
26,230000	0,255028
26,240000	0,262676
26,250000	0,258214
26,260000	0,259489
26,270000	0,257577
26,280000	0,253115
26,290000	0,256302
26,300000	0,259489
26,310000	0,260126
26,320000	0,261401
26,330000	0,261401
26,340000	0,262039
26,350000	0,258852
26,360000	0,260764
26,370000	0,259489
26,380000	0,260126
26,390000	0,260764
26,400000	0,260764
26,410000	0,261401
26,420000	0,261401
26,430000	0,258852
26,440000	0,261401
26,450000	0,258852
26,460000	0,262039
26,470000	0,260126
26,480000	0,265225
26,490000	0,260126
26,500000	0,261401
26,510000	0,259489
26,520000	0,261401
26,530000	0,261401
26,540000	0,262039
26,550000	0,258214
26,560000	0,263313
26,570000	0,256302
26,580000	0,265863
26,590000	0,259489
26,600000	0,262039
26,610000	0,257577
26,620000	0,264588
26,630000	0,260126
26,640000	0,262676
26,650000	0,260126
26,660000	0,263951
26,670000	0,257577
26,680000	0,265863
26,690000	0,260764
26,700000	0,263951
26,710000	0,261401
26,720000	0,262039
26,730000	0,255028
26,740000	0,262676
26,750000	0,260126
26,760000	0,262039
26,770000	0,261401
26,780000	0,260764
26,790000	0,266500
26,800000	0,258852
26,810000	0,260126
26,820000	0,258214
26,830000	0,259489
26,840000	0,262039
26,850000	0,262039
26,860000	0,257577
26,870000	0,265225
26,880000	0,259489
26,890000	0,264588
26,900000	0,263951
26,910000	0,258852
26,920000	0,260126
26,930000	0,262676
26,940000	0,257577
26,950000	0,256940
26,960000	0,262676
26,970000	0,263951
26,980000	0,262676
26,990000	0,262039
27,000000	0,258852
27,010000	0,258852
27,020000	0,263313
27,030000	0,263313
27,040000	0,261401
27,050000	0,258852
27,060000	0,260764
27,070000	0,259489
27,080000	0,258214
27,090000	0,258852
27,100000	0,255665
27,110000	0,261401
27,120000	0,261401
27,130000	0,258214
27,140000	0,258852
27,150000	0,258214
27,160000	0,258852
27,170000	0,260126
27,180000	0,258852
27,190000	0,255665
27,200000	0,256302
27,210000	0,260126
27,220000	0,256940
27,230000	0,260126
27,240000	0,256302
27,250000	0,259489
27,260000	0,258214
27,270000	0,256940
27,280000	0,258214
27,290000	0,261401
27,300000	0,260764
27,310000	0,260764
27,320000	0,260126
27,330000	0,256302
27,340000	0,258214
27,350000	0,256940
27,360000	0,255665
27,370000	0,257577
27,380000	0,262676
27,390000	0,258852
27,400000	0,261401
27,410000	0,258852
27,420000	0,266500
27,430000	0,252478
27,440000	0,258852
27,450000	0,255028
27,460000	0,261401
27,470000	0,256940
27,480000	0,267775
27,490000	0,253753
27,500000	0,263951
27,510000	0,251841
27,520000	0,258852
27,530000	0,261401
27,540000	0,258214
27,550000	0,256302
27,560000	0,260764
27,570000	0,255028
27,580000	0,253115
27,590000	0,256302
27,600000	0,255028
27,610000	0,253753
27,620000	0,255028
27,630000	0,257577
27,640000	0,256940
27,650000	0,255028
27,660000	0,256940
27,670000	0,256940
27,680000	0,256940
27,690000	0,256940
27,700000	0,258214
27,710000	0,254390
27,720000	0,255028
27,730000	0,252478
27,740000	0,258214
27,750000	0,260126
27,760000	0,256940
27,770000	0,255665
27,780000	0,258852
27,790000	0,255028
27,800000	0,251203
27,810000	0,255028
27,820000	0,251841
27,830000	0,259489
27,840000	0,253753
27,850000	0,253115
27,860000	0,258852
27,870000	0,255028
27,880000	0,261401
27,890000	0,258852
27,900000	0,260126
27,910000	0,251203
27,920000	0,258214
27,930000	0,260126
27,940000	0,260126
27,950000	0,254390
27,960000	0,258852
27,970000	0,260126
27,980000	0,262039
27,990000	0,257577
28,000000	0,256940
28,010000	0,258214
28,020000	0,258852
28,030000	0,260126
28,040000	0,258214
28,050000	0,257577
28,060000	0,257577
28,070000	0,255665
28,080000	0,260126
28,090000	0,260126
28,100000	0,256302
28,110000	0,262039
28,120000	0,256940
28,130000	0,256302
28,140000	0,256302
28,150000	0,259489
28,160000	0,256940
28,170000	0,260126
28,180000	0,258852
28,190000	0,259489
28,200000	0,255028
28,210000	0,263951
28,220000	0,255665
28,230000	0,257577
28,240000	0,261401
28,250000	0,263313
28,260000	0,256940
28,270000	0,260126
28,280000	0,256940
28,290000	0,261401
28,300000	0,253753
28,310000	0,255028
28,320000	0,253753
28,330000	0,254390
28,340000	0,258852
28,350000	0,258852
28,360000	0,262676
28,370000	0,260126
28,380000	0,261401
28,390000	0,253115
28,400000	0,256940
28,410000	0,260126
28,420000	0,258214
28,430000	0,260126
28,440000	0,256302
28,450000	0,257577
28,460000	0,258852
28,470000	0,256302
28,480000	0,263313
28,490000	0,267137
28,500000	0,263951
28,510000	0,262676
28,520000	0,265225
28,530000	0,259489
28,540000	0,261401
28,550000	0,260764
28,560000	0,257577
28,570000	0,259489
28,580000	0,258214
28,590000	0,262676
28,600000	0,262676
28,610000	0,260126
28,620000	0,262676
28,630000	0,260764
28,640000	0,260764
28,650000	0,261401
28,660000	0,258214
28,670000	0,262676
28,680000	0,265863
28,690000	0,268412
28,700000	0,264588
28,710000	0,265225
28,720000	0,263951
28,730000	0,258214
28,740000	0,265863
28,750000	0,257577
28,760000	0,261401
28,770000	0,255028
28,780000	0,260126
28,790000	0,252478
28,800000	0,259489
28,810000	0,260126
28,820000	0,263313
28,830000	0,260764
28,840000	0,267137
28,850000	0,253753
28,860000	0,258852
28,870000	0,258214
28,880000	0,259489
28,890000	0,256940
28,900000	0,258852
28,910000	0,260126
28,920000	0,263951
28,930000	0,259489
28,940000	0,263951
28,950000	0,258852
28,960000	0,262039
28,970000	0,257577
28,980000	0,258852
28,990000	0,257577
29,000000	0,259489
29,010000	0,258214
29,020000	0,261401
29,030000	0,257577
29,040000	0,262676
29,050000	0,256940
29,060000	0,267137
29,070000	0,254390
29,080000	0,262039
29,090000	0,254390
29,100000	0,260126
29,110000	0,252478
29,120000	0,263313
29,130000	0,257577
29,140000	0,262676
29,150000	0,260126
29,160000	0,260126
29,170000	0,256940
29,180000	0,263951
29,190000	0,260126
29,200000	0,258852
29,210000	0,258852
29,220000	0,260764
29,230000	0,254390
29,240000	0,264588
29,250000	0,260126
29,260000	0,264588
29,270000	0,260126
29,280000	0,262676
29,290000	0,255665
29,300000	0,259489
29,310000	0,260126
29,320000	0,260126
29,330000	0,256302
29,340000	0,263951
29,350000	0,259489
29,360000	0,260764
29,370000	0,255665
29,380000	0,260764
29,390000	0,256940
29,400000	0,258852
29,410000	0,262039
29,420000	0,256302
29,430000	0,263313
29,440000	0,255028
29,450000	0,258852
29,460000	0,256940
29,470000	0,255028
29,480000	0,252478
29,490000	0,258852
29,500000	0,260126
29,510000	0,257577
29,520000	0,256302
29,530000	0,253753
29,540000	0,258214
29,550000	0,257577
29,560000	0,253753
29,570000	0,256940
29,580000	0,249929
29,590000	0,256302
29,600000	0,250566
29,610000	0,259489
29,620000	0,252478
29,630000	0,258214
29,640000	0,258214
29,650000	0,258214
29,660000	0,253753
29,670000	0,260126
29,680000	0,256940
29,690000	0,256940
29,700000	0,255665
29,710000	0,257577
29,720000	0,256302
29,730000	0,258852
29,740000	0,255028
29,750000	0,255028
29,760000	0,262039
29,770000	0,255665
29,780000	0,264588
29,790000	0,253753
29,800000	0,258852
29,810000	0,253753
29,820000	0,258852
29,830000	0,262039
29,840000	0,255028
29,850000	0,260764
29,860000	0,260126
29,870000	0,256302
29,880000	0,260126
29,890000	0,255028
29,900000	0,256940
29,910000	0,257577
29,920000	0,256302
29,930000	0,256940
29,940000	0,257577
29,950000	0,255028
29,960000	0,258852
29,970000	0,256940
29,980000	0,259489
29,990000	0,256302
30,000000	0,256940
30,010000	0,256940
30,020000	0,256940
30,030000	0,256302
30,040000	0,253115
30,050000	0,256940
30,060000	0,258852
30,070000	0,249929
30,080000	0,260126
30,090000	0,255028
30,100000	0,260126
30,110000	0,249291
30,120000	0,258852
30,130000	0,253753
30,140000	0,260126
30,150000	0,252478
30,160000	0,256302
30,170000	0,254390
30,180000	0,260764
30,190000	0,253115
30,200000	0,260764
30,210000	0,250566
30,220000	0,262676
30,230000	0,253753
30,240000	0,260764
30,250000	0,253753
30,260000	0,263951
30,270000	0,257577
30,280000	0,265863
30,290000	0,253115
30,300000	0,263951
30,310000	0,253115
30,320000	0,256940
30,330000	0,255028
30,340000	0,259489
30,350000	0,255665
30,360000	0,263951
30,370000	0,256302
30,380000	0,265225
30,390000	0,258214
30,400000	0,257577
30,410000	0,260126
30,420000	0,263951
30,430000	0,257577
30,440000	0,256940
30,450000	0,258852
30,460000	0,257577
30,470000	0,263951
30,480000	0,262676
30,490000	0,265863
30,500000	0,259489
30,510000	0,267137
30,520000	0,258214
30,530000	0,264588
30,540000	0,258214
30,550000	0,264588
30,560000	0,260126
30,570000	0,262039
30,580000	0,249291
30,590000	0,260764
30,600000	0,259489
30,610000	0,262039
30,620000	0,259489
30,630000	0,260126
30,640000	0,260126
30,650000	0,258852
30,660000	0,260764
30,670000	0,262676
30,680000	0,258214
30,690000	0,258852
30,700000	0,256302
30,710000	0,258214
30,720000	0,258852
30,730000	0,258214
30,740000	0,262676
30,750000	0,261401
30,760000	0,260126
30,770000	0,260764
30,780000	0,258852
30,790000	0,260126
30,800000	0,260764
30,810000	0,260764
30,820000	0,258852
30,830000	0,257577
30,840000	0,262676
30,850000	0,257577
30,860000	0,262039
30,870000	0,263313
30,880000	0,262039
30,890000	0,262039
30,900000	0,262039
30,910000	0,257577
30,920000	0,260764
30,930000	0,258852
30,940000	0,262676
30,950000	0,258852
30,960000	0,258852
30,970000	0,262039
30,980000	0,266500
30,990000	0,260764
31,000000	0,266500
31,010000	0,256940
31,020000	0,261401
31,030000	0,260764
31,040000	0,264588
31,050000	0,258852
31,060000	0,263951
31,070000	0,257577
31,080000	0,262676
31,090000	0,255028
31,100000	0,260764
31,110000	0,254390
31,120000	0,262676
31,130000	0,252478
31,140000	0,265225
31,150000	0,255028
31,160000	0,265225
31,170000	0,256940
31,180000	0,265863
31,190000	0,258214
31,200000	0,264588
31,210000	0,256302
31,220000	0,263951
31,230000	0,258214
31,240000	0,262676
31,250000	0,256940
31,260000	0,265225
31,270000	0,254390
31,280000	0,258214
31,290000	0,252478
31,300000	0,260126
31,310000	0,262039
31,320000	0,258852
31,330000	0,255665
31,340000	0,262039
31,350000	0,254390
31,360000	0,265863
31,370000	0,254390
31,380000	0,265225
31,390000	0,249929
31,400000	0,260126
31,410000	0,257577
31,420000	0,253115
31,430000	0,255028
31,440000	0,256940
31,450000	0,252478
31,460000	0,258852
31,470000	0,258214
31,480000	0,259489
31,490000	0,262039
31,500000	0,260764
31,510000	0,257577
31,520000	0,260126
31,530000	0,256302
31,540000	0,259489
31,550000	0,254390
31,560000	0,253753
31,570000	0,256940
31,580000	0,260126
31,590000	0,259489
31,600000	0,258852
31,610000	0,255028
31,620000	0,260126
31,630000	0,257577
31,640000	0,260126
31,650000	0,258214
31,660000	0,257577
31,670000	0,255028
31,680000	0,260126
31,690000	0,255665
31,700000	0,256940
31,710000	0,260764
31,720000	0,256940
31,730000	0,257577
31,740000	0,260126
31,750000	0,256940
31,760000	0,258852
31,770000	0,253115
31,780000	0,256940
31,790000	0,256302
31,800000	0,259489
31,810000	0,258852
31,820000	0,260126
31,830000	0,255028
31,840000	0,258214
31,850000	0,258214
31,860000	0,258214
31,870000	0,257577
31,880000	0,256940
31,890000	0,253115
31,900000	0,255028
31,910000	0,260764
31,920000	0,255665
31,930000	0,256940
31,940000	0,256302
31,950000	0,257577
31,960000	0,259489
31,970000	0,259489
31,980000	0,260764
31,990000	0,258852
32,000000	0,255028
32,010000	0,259489
32,020000	0,260126
32,030000	0,254390
32,040000	0,260126
32,050000	0,260126
32,060000	0,259489
32,070000	0,256302
32,080000	0,260764
32,090000	0,258852
32,100000	0,255665
32,110000	0,253753
32,120000	0,254390
32,130000	0,253753
32,140000	0,261401
32,150000	0,250566
32,160000	0,264588
32,170000	0,252478
32,180000	0,266500
32,190000	0,254390
32,200000	0,258214
32,210000	0,254390
32,220000	0,260764
32,230000	0,250566
32,240000	0,259489
32,250000	0,254390
32,260000	0,265225
32,270000	0,252478
32,280000	0,262676
32,290000	0,258852
32,300000	0,264588
32,310000	0,256302
32,320000	0,263951
32,330000	0,255028
32,340000	0,258852
32,350000	0,254390
32,360000	0,260126
32,370000	0,254390
32,380000	0,263313
32,390000	0,257577
32,400000	0,262676
32,410000	0,257577
32,420000	0,263951
32,430000	0,258852
32,440000	0,259489
32,450000	0,260764
32,460000	0,260126
32,470000	0,258214
32,480000	0,260126
32,490000	0,258214
32,500000	0,263951
32,510000	0,255028
32,520000	0,259489
32,530000	0,255028
32,540000	0,258852
32,550000	0,257577
32,560000	0,262676
32,570000	0,255028
32,580000	0,260764
32,590000	0,252478
32,600000	0,260126
32,610000	0,253753
32,620000	0,263313
32,630000	0,252478
32,640000	0,262676
32,650000	0,255028
32,660000	0,262676
32,670000	0,257577
32,680000	0,261401
32,690000	0,253115
32,700000	0,262676
32,710000	0,255665
32,720000	0,262676
32,730000	0,257577
32,740000	0,269687
32,750000	0,257577
32,760000	0,262676
32,770000	0,255665
32,780000	0,259489
32,790000	0,260126
32,800000	0,262676
32,810000	0,260764
32,820000	0,260764
32,830000	0,260126
32,840000	0,260126
32,850000	0,256302
32,860000	0,263313
32,870000	0,260126
32,880000	0,261401
32,890000	0,262676
32,900000	0,260126
32,910000	0,260126
32,920000	0,261401
32,930000	0,258214
32,940000	0,261401
32,950000	0,262676
32,960000	0,262039
32,970000	0,262676
32,980000	0,260764
32,990000	0,260764
33,000000	0,260126
33,010000	0,260764
33,020000	0,261401
33,030000	0,258214
33,040000	0,262039
33,050000	0,255665
33,060000	0,262676
33,070000	0,256940
33,080000	0,262676
33,090000	0,255665
33,100000	0,260126
33,110000	0,257577
33,120000	0,260764
33,130000	0,255665
33,140000	0,264588
33,150000	0,258214
33,160000	0,264588
33,170000	0,255028
33,180000	0,267775
33,190000	0,260126
33,200000	0,264588
33,210000	0,257577
33,220000	0,259489
33,230000	0,260126
33,240000	0,262039
33,250000	0,260764
33,260000	0,260764
33,270000	0,260764
33,280000	0,262039
33,290000	0,256940
33,300000	0,262039
33,310000	0,261401
33,320000	0,262676
33,330000	0,259489
33,340000	0,260126
33,350000	0,257577
33,360000	0,262039
33,370000	0,258852
33,380000	0,261401
33,390000	0,258214
33,400000	0,257577
33,410000	0,254390
33,420000	0,258852
33,430000	0,256940
33,440000	0,262676
33,450000	0,260126
33,460000	0,261401
33,470000	0,258214
33,480000	0,260126
33,490000	0,258852
33,500000	0,259489
33,510000	0,255028
33,520000	0,256940
33,530000	0,258214
33,540000	0,258852
33,550000	0,256940
33,560000	0,260126
33,570000	0,261401
33,580000	0,260126
33,590000	0,258852
33,600000	0,257577
33,610000	0,253753
33,620000	0,261401
33,630000	0,251841
33,640000	0,263313
33,650000	0,254390
33,660000	0,260126
33,670000	0,258214
33,680000	0,259489
33,690000	0,254390
33,700000	0,260126
33,710000	0,259489
33,720000	0,257577
33,730000	0,256302
33,740000	0,256940
33,750000	0,256940
33,760000	0,256302
33,770000	0,255028
33,780000	0,260126
33,790000	0,256302
33,800000	0,258852
33,810000	0,257577
33,820000	0,256302
33,830000	0,256940
33,840000	0,256940
33,850000	0,252478
33,860000	0,255665
33,870000	0,255665
33,880000	0,256302
33,890000	0,258214
33,900000	0,258214
33,910000	0,258214
33,920000	0,258852
33,930000	0,256302
33,940000	0,255028
33,950000	0,254390
33,960000	0,262676
33,970000	0,252478
33,980000	0,260126
33,990000	0,255028
34,000000	0,260126
34,010000	0,257577
34,020000	0,257577
34,030000	0,258214
34,040000	0,256940
34,050000	0,255665
34,060000	0,259489
34,070000	0,256940
34,080000	0,253753
34,090000	0,252478
34,100000	0,260126
34,110000	0,262676
34,120000	0,255665
34,130000	0,256940
34,140000	0,254390
34,150000	0,265225
34,160000	0,252478
34,170000	0,261401
34,180000	0,252478
34,190000	0,262039
34,200000	0,255665
34,210000	0,259489
34,220000	0,253753
34,230000	0,263951
34,240000	0,255028
34,250000	0,262039
34,260000	0,254390
34,270000	0,255028
34,280000	0,256940
34,290000	0,256302
34,300000	0,258214
34,310000	0,256940
34,320000	0,256940
34,330000	0,256940
34,340000	0,255665
34,350000	0,255028
34,360000	0,257577
34,370000	0,258214
34,380000	0,258214
34,390000	0,256940
34,400000	0,262676
34,410000	0,256302
34,420000	0,261401
34,430000	0,258214
34,440000	0,260126
34,450000	0,258852
34,460000	0,257577
34,470000	0,258214
34,480000	0,255665
34,490000	0,255665
34,500000	0,256302
34,510000	0,260126
34,520000	0,256302
34,530000	0,262039
34,540000	0,260126
34,550000	0,258852
34,560000	0,259489
34,570000	0,256940
34,580000	0,259489
34,590000	0,262039
34,600000	0,256302
34,610000	0,259489
34,620000	0,255028
34,630000	0,260126
34,640000	0,258214
34,650000	0,258852
34,660000	0,262676
34,670000	0,256302
34,680000	0,258852
34,690000	0,259489
34,700000	0,264588
34,710000	0,260764
34,720000	0,257577
34,730000	0,259489
34,740000	0,261401
34,750000	0,259489
34,760000	0,260764
34,770000	0,257577
34,780000	0,262039
34,790000	0,257577
34,800000	0,262676
34,810000	0,260764
34,820000	0,262039
34,830000	0,258214
34,840000	0,259489
34,850000	0,260126
34,860000	0,260764
34,870000	0,260764
34,880000	0,258214
34,890000	0,257577
34,900000	0,262676
34,910000	0,258852
34,920000	0,259489
34,930000	0,259489
34,940000	0,258852
34,950000	0,256302
34,960000	0,259489
34,970000	0,259489
34,980000	0,262039
34,990000	0,258214
35,000000	0,262676
35,010000	0,256940
35,020000	0,262676
35,030000	0,259489
35,040000	0,256302
35,050000	0,263951
35,060000	0,256940
35,070000	0,260764
35,080000	0,256940
35,090000	0,262039
35,100000	0,255665
35,110000	0,258852
35,120000	0,259489
35,130000	0,259489
35,140000	0,260126
35,150000	0,258852
35,160000	0,264588
35,170000	0,258852
35,180000	0,261401
35,190000	0,260126
35,200000	0,261401
35,210000	0,257577
35,220000	0,263951
35,230000	0,261401
35,240000	0,262039
35,250000	0,262039
35,260000	0,260126
35,270000	0,258852
35,280000	0,261401
35,290000	0,259489
35,300000	0,260126
35,310000	0,258852
35,320000	0,259489
35,330000	0,258214
35,340000	0,257577
35,350000	0,262039
35,360000	0,260126
35,370000	0,255028
35,380000	0,258214
35,390000	0,260126
35,400000	0,260764
35,410000	0,259489
35,420000	0,255665
35,430000	0,265225
35,440000	0,254390
35,450000	0,262676
35,460000	0,253115
35,470000	0,264588
35,480000	0,254390
35,490000	0,261401
35,500000	0,258214
35,510000	0,263313
35,520000	0,258852
35,530000	0,260126
35,540000	0,258214
35,550000	0,258214
35,560000	0,256940
35,570000	0,260126
35,580000	0,260126
35,590000	0,256302
35,600000	0,260764
35,610000	0,260126
35,620000	0,260126
35,630000	0,257577
35,640000	0,258852
35,650000	0,256940
35,660000	0,259489
35,670000	0,257577
35,680000	0,259489
35,690000	0,259489
35,700000	0,260126
35,710000	0,259489
35,720000	0,255665
35,730000	0,255028
35,740000	0,257577
35,750000	0,257577
35,760000	0,255665
35,770000	0,256302
35,780000	0,256940
35,790000	0,255028
35,800000	0,258214
35,810000	0,257577
35,820000	0,258214
35,830000	0,258852
35,840000	0,257577
35,850000	0,256302
35,860000	0,253115
35,870000	0,259489
35,880000	0,256302
35,890000	0,256940
35,900000	0,249929
35,910000	0,256940
35,920000	0,260126
35,930000	0,253753
35,940000	0,257577
35,950000	0,257577
35,960000	0,258214
35,970000	0,260126
35,980000	0,252478
35,990000	0,258852
36,000000	0,255665
36,010000	0,256940
36,020000	0,258852
36,030000	0,257577
36,040000	0,260126
36,050000	0,255665
36,060000	0,256302
36,070000	0,255665
36,080000	0,258852
36,090000	0,260126
36,100000	0,258852
36,110000	0,256940
36,120000	0,256940
36,130000	0,257577
36,140000	0,255665
36,150000	0,256940
36,160000	0,255665
36,170000	0,257577
36,180000	0,257577
36,190000	0,254390
36,200000	0,262039
36,210000	0,257577
36,220000	0,256940
36,230000	0,257577
36,240000	0,257577
36,250000	0,256302
36,260000	0,256940
36,270000	0,258852
36,280000	0,254390
36,290000	0,256940
36,300000	0,260126
36,310000	0,254390
36,320000	0,256302
36,330000	0,254390
36,340000	0,258852
36,350000	0,258852
36,360000	0,255665
36,370000	0,256940
36,380000	0,256940
36,390000	0,257577
36,400000	0,261401
36,410000	0,256940
36,420000	0,260126
36,430000	0,254390
36,440000	0,260126
36,450000	0,253115
36,460000	0,260126
36,470000	0,258214
36,480000	0,257577
36,490000	0,257577
36,500000	0,258852
36,510000	0,260764
36,520000	0,258214
36,530000	0,256940
36,540000	0,258852
36,550000	0,257577
36,560000	0,259489
36,570000	0,255665
36,580000	0,263313
36,590000	0,254390
36,600000	0,263313
36,610000	0,255028
36,620000	0,262039
36,630000	0,259489
36,640000	0,262676
36,650000	0,258852
36,660000	0,262039
36,670000	0,259489
36,680000	0,262039
36,690000	0,259489
36,700000	0,262039
36,710000	0,255665
36,720000	0,261401
36,730000	0,260126
36,740000	0,258214
36,750000	0,258852
36,760000	0,256940
36,770000	0,262039
36,780000	0,258214
36,790000	0,260126
36,800000	0,258852
36,810000	0,257577
36,820000	0,262676
36,830000	0,259489
36,840000	0,262039
36,850000	0,262039
36,860000	0,262676
36,870000	0,260126
36,880000	0,258852
36,890000	0,258852
36,900000	0,262676
36,910000	0,260126
36,920000	0,261401
36,930000	0,262039
36,940000	0,259489
36,950000	0,260764
36,960000	0,255028
36,970000	0,260764
36,980000	0,260126
36,990000	0,259489
37,000000	0,259489
37,010000	0,261401
37,020000	0,258214
37,030000	0,258852
37,040000	0,258214
37,050000	0,263313
37,060000	0,258214
37,070000	0,258852
37,080000	0,260126
37,090000	0,259489
37,100000	0,263313
37,110000	0,260764
37,120000	0,260126
37,130000	0,258852
37,140000	0,260764
37,150000	0,260126
37,160000	0,262039
37,170000	0,259489
37,180000	0,260126
37,190000	0,260126
37,200000	0,264588
37,210000	0,259489
37,220000	0,261401
37,230000	0,261401
37,240000	0,259489
37,250000	0,259489
37,260000	0,262039
37,270000	0,260126
37,280000	0,260764
37,290000	0,257577
37,300000	0,262676
37,310000	0,260764
37,320000	0,260126
37,330000	0,258852
37,340000	0,258852
37,350000	0,260764
37,360000	0,257577
37,370000	0,260764
37,380000	0,262039
37,390000	0,256302
37,400000	0,260126
37,410000	0,256302
37,420000	0,259489
37,430000	0,260126
37,440000	0,257577
37,450000	0,257577
37,460000	0,258852
37,470000	0,256940
37,480000	0,263313
37,490000	0,258852
37,500000	0,257577
37,510000	0,258214
37,520000	0,262676
37,530000	0,257577
37,540000	0,258852
37,550000	0,257577
37,560000	0,259489
37,570000	0,255028
37,580000	0,258214
37,590000	0,256940
37,600000	0,260126
37,610000	0,257577
37,620000	0,257577
37,630000	0,256940
37,640000	0,258852
37,650000	0,258852
37,660000	0,256940
37,670000	0,255028
37,680000	0,256940
37,690000	0,257577
37,700000	0,258852
37,710000	0,260764
37,720000	0,257577
37,730000	0,259489
37,740000	0,256940
37,750000	0,258214
37,760000	0,258214
37,770000	0,257577
37,780000	0,259489
37,790000	0,255028
37,800000	0,258852
37,810000	0,256302
37,820000	0,256940
37,830000	0,253115
37,840000	0,258852
37,850000	0,259489
37,860000	0,256940
37,870000	0,259489
37,880000	0,260126
37,890000	0,260126
37,900000	0,258214
37,910000	0,257577
37,920000	0,255665
37,930000	0,258214
37,940000	0,254390
37,950000	0,257577
37,960000	0,256302
37,970000	0,256940
37,980000	0,256940
37,990000	0,257577
38,000000	0,254390
38,010000	0,255028
38,020000	0,255028
38,030000	0,257577
38,040000	0,256940
38,050000	0,254390
38,060000	0,256940
38,070000	0,258852
38,080000	0,255028
38,090000	0,258852
38,100000	0,255665
38,110000	0,256940
38,120000	0,258852
38,130000	0,254390
38,140000	0,257577
38,150000	0,256302
38,160000	0,257577
38,170000	0,257577
38,180000	0,255665
38,190000	0,252478
38,200000	0,256302
38,210000	0,256940
38,220000	0,258214
38,230000	0,253115
38,240000	0,260126
38,250000	0,255028
38,260000	0,256940
38,270000	0,254390
38,280000	0,255665
38,290000	0,254390
38,300000	0,259489
38,310000	0,254390
38,320000	0,257577
38,330000	0,254390
38,340000	0,255665
38,350000	0,256940
38,360000	0,258852
38,370000	0,256940
38,380000	0,259489
38,390000	0,254390
38,400000	0,255028
38,410000	0,258214
38,420000	0,257577
38,430000	0,255665
38,440000	0,259489
38,450000	0,258852
38,460000	0,257577
38,470000	0,256940
38,480000	0,259489
38,490000	0,258852
38,500000	0,259489
38,510000	0,258852
38,520000	0,258852
38,530000	0,259489
38,540000	0,260126
38,550000	0,256940
38,560000	0,257577
38,570000	0,254390
38,580000	0,261401
38,590000	0,258852
38,600000	0,259489
38,610000	0,258852
38,620000	0,259489
38,630000	0,257577
38,640000	0,260126
38,650000	0,256940
38,660000	0,255665
38,670000	0,253753
38,680000	0,262039
38,690000	0,254390
38,700000	0,260764
38,710000	0,256940
38,720000	0,263951
38,730000	0,256940
38,740000	0,262676
38,750000	0,254390
38,760000	0,262676
38,770000	0,256302
38,780000	0,259489
38,790000	0,253753
38,800000	0,260126
38,810000	0,258852
38,820000	0,264588
38,830000	0,257577
38,840000	0,263951
38,850000	0,256302
38,860000	0,259489
38,870000	0,257577
38,880000	0,262676
38,890000	0,258214
38,900000	0,258214
38,910000	0,260126
38,920000	0,260764
38,930000	0,259489
38,940000	0,257577
38,950000	0,255665
38,960000	0,260126
38,970000	0,255665
38,980000	0,260126
38,990000	0,262039
39,000000	0,259489
39,010000	0,260126
39,020000	0,256302
39,030000	0,262676
39,040000	0,260764
39,050000	0,262676
39,060000	0,260126
39,070000	0,260126
39,080000	0,260126
39,090000	0,258852
39,100000	0,260764
39,110000	0,258852
39,120000	0,262676
39,130000	0,258214
39,140000	0,263951
39,150000	0,259489
39,160000	0,263313
39,170000	0,256940
39,180000	0,260126
39,190000	0,256302
39,200000	0,261401
39,210000	0,256302
39,220000	0,263951
39,230000	0,256302
39,240000	0,263313
39,250000	0,257577
39,260000	0,262039
39,270000	0,258852
39,280000	0,262039
39,290000	0,258852
39,300000	0,262676
39,310000	0,258852
39,320000	0,262039
39,330000	0,261401
39,340000	0,260126
39,350000	0,262676
39,360000	0,259489
39,370000	0,260126
39,380000	0,260126
39,390000	0,258852
39,400000	0,262039
39,410000	0,258214
39,420000	0,260764
39,430000	0,258852
39,440000	0,262039
39,450000	0,260126
39,460000	0,260764
39,470000	0,259489
39,480000	0,257577
39,490000	0,259489
39,500000	0,261401
39,510000	0,257577
39,520000	0,259489
39,530000	0,260126
39,540000	0,259489
39,550000	0,260764
39,560000	0,258852
39,570000	0,258214
39,580000	0,260764
39,590000	0,259489
39,600000	0,259489
39,610000	0,262039
39,620000	0,259489
39,630000	0,257577
39,640000	0,260764
39,650000	0,255028
39,660000	0,259489
39,670000	0,258214
39,680000	0,262039
39,690000	0,256940
39,700000	0,260126
39,710000	0,257577
39,720000	0,259489
39,730000	0,256940
39,740000	0,255665
39,750000	0,256940
39,760000	0,256940
39,770000	0,257577
39,780000	0,258852
39,790000	0,256302
39,800000	0,261401
39,810000	0,253753
39,820000	0,257577
39,830000	0,253115
39,840000	0,262676
39,850000	0,255665
39,860000	0,259489
39,870000	0,254390
39,880000	0,260126
39,890000	0,253115
39,900000	0,258852
39,910000	0,254390
39,920000	0,258852
39,930000	0,254390
39,940000	0,258852
39,950000	0,253115
39,960000	0,262039
39,970000	0,249929
39,980000	0,262039
39,990000	0,249929
40,000000	0,263313
40,010000	0,249929
40,020000	0,260126
40,030000	0,252478
40,040000	0,262676
40,050000	0,253115
40,060000	0,260764
40,070000	0,255028
40,080000	0,259489
40,090000	0,255028
40,100000	0,260764
40,110000	0,253753
40,120000	0,260764
40,130000	0,251841
40,140000	0,261401
40,150000	0,254390
40,160000	0,258852
40,170000	0,253115
40,180000	0,259489
40,190000	0,255028
40,200000	0,258852
40,210000	0,255665
40,220000	0,255665
40,230000	0,254390
40,240000	0,259489
40,250000	0,253753
40,260000	0,256940
40,270000	0,255028
40,280000	0,256940
40,290000	0,251841
40,300000	0,260126
40,310000	0,255028
40,320000	0,261401
40,330000	0,255665
40,340000	0,258852
40,350000	0,255028
40,360000	0,257577
40,370000	0,256302
40,380000	0,257577
40,390000	0,255028
40,400000	0,259489
40,410000	0,258214
40,420000	0,260764
40,430000	0,255028
40,440000	0,256940
40,450000	0,253115
40,460000	0,258214
40,470000	0,255665
40,480000	0,257577
40,490000	0,258852
40,500000	0,258214
40,510000	0,253753
40,520000	0,257577
40,530000	0,257577
40,540000	0,255665
40,550000	0,256302
40,560000	0,260764
40,570000	0,256940
40,580000	0,261401
40,590000	0,253753
40,600000	0,260764
40,610000	0,255665
40,620000	0,262676
40,630000	0,254390
40,640000	0,260126
40,650000	0,255665
40,660000	0,261401
40,670000	0,253115
40,680000	0,257577
40,690000	0,256302
40,700000	0,258214
40,710000	0,253753
40,720000	0,261401
40,730000	0,256302
40,740000	0,260126
40,750000	0,257577
40,760000	0,263951
40,770000	0,255028
40,780000	0,260764
40,790000	0,257577
40,800000	0,256940
40,810000	0,255028
40,820000	0,260126
40,830000	0,253753
40,840000	0,260764
40,850000	0,252478
40,860000	0,261401
40,870000	0,257577
40,880000	0,260126
40,890000	0,255028
40,900000	0,262039
40,910000	0,258214
40,920000	0,257577
40,930000	0,258852
40,940000	0,258852
40,950000	0,260764
40,960000	0,261401
40,970000	0,259489
40,980000	0,258852
40,990000	0,262676
41,000000	0,260126
41,010000	0,257577
41,020000	0,260126
41,030000	0,260126
41,040000	0,259489
41,050000	0,259489
41,060000	0,262676
41,070000	0,257577
41,080000	0,260126
41,090000	0,259489
41,100000	0,262676
41,110000	0,258852
41,120000	0,265225
41,130000	0,256940
41,140000	0,265225
41,150000	0,256302
41,160000	0,263313
41,170000	0,258852
41,180000	0,264588
41,190000	0,258852
41,200000	0,262676
41,210000	0,260126
41,220000	0,260764
41,230000	0,258852
41,240000	0,262676
41,250000	0,255028
41,260000	0,265863
41,270000	0,255665
41,280000	0,264588
41,290000	0,258214
41,300000	0,259489
41,310000	0,260126
41,320000	0,262039
41,330000	0,260126
41,340000	0,259489
41,350000	0,261401
41,360000	0,260126
41,370000	0,261401
41,380000	0,260764
41,390000	0,260126
41,400000	0,258852
41,410000	0,263951
41,420000	0,262039
41,430000	0,260126
41,440000	0,260126
41,450000	0,261401
41,460000	0,261401
41,470000	0,263951
41,480000	0,256940
41,490000	0,265863
41,500000	0,256940
41,510000	0,260764
41,520000	0,259489
41,530000	0,259489
41,540000	0,259489
41,550000	0,260764
41,560000	0,260764
41,570000	0,258214
41,580000	0,258852
41,590000	0,258852
41,600000	0,260126
41,610000	0,260126
41,620000	0,258214
41,630000	0,259489
41,640000	0,258214
41,650000	0,257577
41,660000	0,258214
41,670000	0,256302
41,680000	0,258852
41,690000	0,256940
41,700000	0,258852
41,710000	0,260126
41,720000	0,258852
41,730000	0,262039
41,740000	0,259489
41,750000	0,260126
41,760000	0,258852
41,770000	0,256940
41,780000	0,255028
41,790000	0,257577
41,800000	0,258852
41,810000	0,256940
41,820000	0,259489
41,830000	0,258852
41,840000	0,257577
41,850000	0,258214
41,860000	0,255665
41,870000	0,258852
41,880000	0,253753
41,890000	0,259489
41,900000	0,257577
41,910000	0,258852
41,920000	0,257577
41,930000	0,258852
41,940000	0,256940
41,950000	0,260126
41,960000	0,255028
41,970000	0,258214
41,980000	0,254390
41,990000	0,260126
42,000000	0,260126
42,010000	0,257577
42,020000	0,257577
42,030000	0,255665
42,040000	0,256940
42,050000	0,256940
42,060000	0,257577
42,070000	0,258852
42,080000	0,255665
42,090000	0,262676
42,100000	0,258852
42,110000	0,256940
42,120000	0,259489
42,130000	0,255665
42,140000	0,259489
42,150000	0,253753
42,160000	0,258214
42,170000	0,254390
42,180000	0,256302
42,190000	0,255665
42,200000	0,255028
42,210000	0,252478
42,220000	0,255028
42,230000	0,257577
42,240000	0,258852
42,250000	0,255028
42,260000	0,258852
42,270000	0,255665
42,280000	0,256940
42,290000	0,251203
42,300000	0,260126
42,310000	0,255028
42,320000	0,257577
42,330000	0,255028
42,340000	0,256302
42,350000	0,256940
42,360000	0,260126
42,370000	0,253115
42,380000	0,256940
42,390000	0,254390
42,400000	0,258852
42,410000	0,255028
42,420000	0,257577
42,430000	0,254390
42,440000	0,256940
42,450000	0,252478
42,460000	0,254390
42,470000	0,253753
42,480000	0,259489
42,490000	0,255665
42,500000	0,255665
42,510000	0,258852
42,520000	0,260126
42,530000	0,256302
42,540000	0,256302
42,550000	0,257577
42,560000	0,254390
42,570000	0,254390
42,580000	0,257577
42,590000	0,256302
42,600000	0,256940
42,610000	0,258214
42,620000	0,255028
42,630000	0,256940
42,640000	0,255665
42,650000	0,256940
42,660000	0,256940
42,670000	0,260126
42,680000	0,255665
42,690000	0,257577
42,700000	0,257577
42,710000	0,260126
42,720000	0,256302
42,730000	0,253753
42,740000	0,258852
42,750000	0,257577
42,760000	0,257577
42,770000	0,258852
42,780000	0,258852
42,790000	0,256940
42,800000	0,257577
42,810000	0,260126
42,820000	0,258852
42,830000	0,258852
42,840000	0,255665
42,850000	0,259489
42,860000	0,258852
42,870000	0,255028
42,880000	0,258214
42,890000	0,256302
42,900000	0,258852
42,910000	0,256940
42,920000	0,258852
42,930000	0,258852
42,940000	0,258852
42,950000	0,258852
42,960000	0,259489
42,970000	0,258214
42,980000	0,258852
42,990000	0,260126
43,000000	0,260126
43,010000	0,260764
43,020000	0,260126
43,030000	0,257577
43,040000	0,260764
43,050000	0,258852
43,060000	0,258852
43,070000	0,262676
43,080000	0,258214
43,090000	0,261401
43,100000	0,260126
43,110000	0,260126
43,120000	0,258214
43,130000	0,260764
43,140000	0,260126
43,150000	0,262676
43,160000	0,258852
43,170000	0,261401
43,180000	0,258852
43,190000	0,263951
43,200000	0,262039
43,210000	0,259489
43,220000	0,258852
43,230000	0,259489
43,240000	0,260126
43,250000	0,256940
43,260000	0,258852
43,270000	0,260764
43,280000	0,262676
43,290000	0,256940
43,300000	0,258852
43,310000	0,259489
43,320000	0,265225
43,330000	0,255665
43,340000	0,264588
43,350000	0,256940
43,360000	0,265225
43,370000	0,252478
43,380000	0,266500
43,390000	0,259489
43,400000	0,265225
43,410000	0,256940
43,420000	0,260126
43,430000	0,260126
43,440000	0,261401
43,450000	0,255028
43,460000	0,262676
43,470000	0,258852
43,480000	0,260126
43,490000	0,255028
43,500000	0,263313
43,510000	0,253753
43,520000	0,262039
43,530000	0,255665
43,540000	0,265225
43,550000	0,256302
43,560000	0,264588
43,570000	0,262039
43,580000	0,262676
43,590000	0,255665
43,600000	0,262676
43,610000	0,256940
43,620000	0,262676
43,630000	0,255665
43,640000	0,263951
43,650000	0,259489
43,660000	0,264588
43,670000	0,257577
43,680000	0,263313
43,690000	0,256940
43,700000	0,263951
43,710000	0,256302
43,720000	0,263951
43,730000	0,253115
43,740000	0,267137
43,750000	0,255028
43,760000	0,267137
43,770000	0,253115
43,780000	0,267775
43,790000	0,253753
43,800000	0,267137
43,810000	0,255028
43,820000	0,265225
43,830000	0,250566
43,840000	0,268412
43,850000	0,249929
43,860000	0,268412
43,870000	0,251203
43,880000	0,265225
43,890000	0,252478
43,900000	0,263951
43,910000	0,255028
43,920000	0,262039
43,930000	0,255665
43,940000	0,260764
43,950000	0,254390
43,960000	0,264588
43,970000	0,257577
43,980000	0,265863
43,990000	0,253115
44,000000	0,260126
44,010000	0,255028
44,020000	0,260126
44,030000	0,255665
44,040000	0,260126
44,050000	0,255665
44,060000	0,258214
44,070000	0,253115
44,080000	0,261401
44,090000	0,255028
44,100000	0,260764
44,110000	0,256302
44,120000	0,255028
44,130000	0,254390
44,140000	0,260764
44,150000	0,251203
44,160000	0,260126
44,170000	0,255665
44,180000	0,256940
44,190000	0,257577
44,200000	0,255028
44,210000	0,252478
44,220000	0,256940
44,230000	0,254390
44,240000	0,262039
44,250000	0,254390
44,260000	0,257577
44,270000	0,253753
44,280000	0,260126
44,290000	0,256940
44,300000	0,256940
44,310000	0,255028
44,320000	0,260764
44,330000	0,253753
44,340000	0,258852
44,350000	0,254390
44,360000	0,256940
44,370000	0,253753
44,380000	0,260764
44,390000	0,254390
44,400000	0,260764
44,410000	0,258214
44,420000	0,258852
44,430000	0,255028
44,440000	0,257577
44,450000	0,255665
44,460000	0,260126
44,470000	0,252478
44,480000	0,256302
44,490000	0,254390
44,500000	0,258214
44,510000	0,256302
44,520000	0,257577
44,530000	0,256302
44,540000	0,254390
44,550000	0,253115
44,560000	0,256940
44,570000	0,255028
44,580000	0,258852
44,590000	0,253753
44,600000	0,255665
44,610000	0,255665
44,620000	0,259489
44,630000	0,254390
44,640000	0,256302
44,650000	0,255028
44,660000	0,255028
44,670000	0,254390
44,680000	0,255028
44,690000	0,255665
44,700000	0,254390
44,710000	0,255028
44,720000	0,254390
44,730000	0,255028
44,740000	0,256302
44,750000	0,254390
44,760000	0,259489
44,770000	0,253753
44,780000	0,256302
44,790000	0,256302
44,800000	0,256940
44,810000	0,255665
44,820000	0,257577
44,830000	0,257577
44,840000	0,257577
44,850000	0,255665
44,860000	0,256302
44,870000	0,259489
44,880000	0,259489
44,890000	0,257577
44,900000	0,256302
44,910000	0,260126
44,920000	0,255665
44,930000	0,256940
44,940000	0,253753
44,950000	0,257577
44,960000	0,258214
44,970000	0,258214
44,980000	0,260764
44,990000	0,257577
45,000000	0,257577
45,010000	0,262039
45,020000	0,256940
45,030000	0,254390
45,040000	0,261401
45,050000	0,260764
45,060000	0,257577
45,070000	0,257577
45,080000	0,258214
45,090000	0,259489
45,100000	0,260764
45,110000	0,255028
45,120000	0,262039
45,130000	0,255665
45,140000	0,258852
45,150000	0,255028
45,160000	0,258852
45,170000	0,261401
45,180000	0,260126
45,190000	0,259489
45,200000	0,256940
45,210000	0,258852
45,220000	0,259489
45,230000	0,257577
45,240000	0,262039
45,250000	0,259489
45,260000	0,261401
45,270000	0,262676
45,280000	0,262039
45,290000	0,257577
45,300000	0,262039
45,310000	0,260126
45,320000	0,259489
45,330000	0,262039
45,340000	0,258852
45,350000	0,261401
45,360000	0,254390
45,370000	0,262039
45,380000	0,255665
45,390000	0,263313
45,400000	0,258214
45,410000	0,262676
45,420000	0,258214
45,430000	0,261401
45,440000	0,258852
45,450000	0,263951
45,460000	0,258214
45,470000	0,262676
45,480000	0,256302
45,490000	0,260764
45,500000	0,258852
45,510000	0,258214
45,520000	0,258852
45,530000	0,255665
45,540000	0,262676
45,550000	0,255665
45,560000	0,261401
45,570000	0,260126
45,580000	0,260126
45,590000	0,260126
45,600000	0,260764
45,610000	0,256302
45,620000	0,263951
45,630000	0,258852
45,640000	0,260126
45,650000	0,258214
45,660000	0,258852
45,670000	0,259489
45,680000	0,263313
45,690000	0,258214
45,700000	0,258852
45,710000	0,262676
45,720000	0,262039
45,730000	0,258852
45,740000	0,261401
45,750000	0,261401
45,760000	0,266500
45,770000	0,255665
45,780000	0,262676
45,790000	0,259489
45,800000	0,260764
45,810000	0,255665
45,820000	0,258852
45,830000	0,258852
45,840000	0,263313
45,850000	0,262039
45,860000	0,262676
45,870000	0,262039
45,880000	0,258852
45,890000	0,258852
45,900000	0,262676
45,910000	0,256302
45,920000	0,260764
45,930000	0,260764
45,940000	0,260126
45,950000	0,261401
45,960000	0,257577
45,970000	0,258852
45,980000	0,258852
45,990000	0,260764
46,000000	0,256302
46,010000	0,260126
46,020000	0,255028
46,030000	0,256940
46,040000	0,254390
46,050000	0,258852
46,060000	0,252478
46,070000	0,262039
46,080000	0,255665
46,090000	0,259489
46,100000	0,254390
46,110000	0,260126
46,120000	0,258214
46,130000	0,262039
46,140000	0,258852
46,150000	0,262676
46,160000	0,252478
46,170000	0,258852
46,180000	0,255028
46,190000	0,258214
46,200000	0,260126
46,210000	0,258214
46,220000	0,255028
46,230000	0,257577
46,240000	0,256302
46,250000	0,260126
46,260000	0,257577
46,270000	0,255665
46,280000	0,257577
46,290000	0,253753
46,300000	0,255665
46,310000	0,256302
46,320000	0,255028
46,330000	0,253753
46,340000	0,256940
46,350000	0,255028
46,360000	0,254390
46,370000	0,255028
46,380000	0,255665
46,390000	0,255028
46,400000	0,257577
46,410000	0,255665
46,420000	0,255665
46,430000	0,255028
46,440000	0,262676
46,450000	0,255028
46,460000	0,256302
46,470000	0,257577
46,480000	0,255028
46,490000	0,255028
46,500000	0,256940
46,510000	0,256940
46,520000	0,255028
46,530000	0,255028
46,540000	0,256302
46,550000	0,257577
46,560000	0,253115
46,570000	0,255665
46,580000	0,258852
46,590000	0,249291
46,600000	0,252478
46,610000	0,260126
46,620000	0,253115
46,630000	0,256940
46,640000	0,251841
46,650000	0,255028
46,660000	0,255665
46,670000	0,252478
46,680000	0,256940
46,690000	0,255028
46,700000	0,260764
46,710000	0,254390
46,720000	0,256940
46,730000	0,255028
46,740000	0,258214
46,750000	0,257577
46,760000	0,262676
46,770000	0,249291
46,780000	0,260126
46,790000	0,249929
46,800000	0,255665
46,810000	0,256302
46,820000	0,258852
46,830000	0,254390
46,840000	0,260126
46,850000	0,255028
46,860000	0,257577
46,870000	0,257577
46,880000	0,261401
46,890000	0,258852
46,900000	0,258852
46,910000	0,258852
46,920000	0,257577
46,930000	0,255665
46,940000	0,257577
46,950000	0,256302
46,960000	0,254390
46,970000	0,257577
46,980000	0,258214
46,990000	0,253115
47,000000	0,262039
47,010000	0,255665
47,020000	0,260764
47,030000	0,255665
47,040000	0,260126
47,050000	0,251841
47,060000	0,260764
47,070000	0,254390
47,080000	0,258214
47,090000	0,249929
47,100000	0,258214
47,110000	0,256302
47,120000	0,261401
47,130000	0,255665
47,140000	0,259489
47,150000	0,258852
47,160000	0,260764
47,170000	0,256940
47,180000	0,260764
47,190000	0,259489
47,200000	0,256302
47,210000	0,258852
47,220000	0,259489
47,230000	0,260764
47,240000	0,258852
47,250000	0,254390
47,260000	0,260764
47,270000	0,259489
47,280000	0,260764
47,290000	0,257577
47,300000	0,262676
47,310000	0,260126
47,320000	0,260126
47,330000	0,257577
47,340000	0,261401
47,350000	0,259489
47,360000	0,262676
47,370000	0,256940
47,380000	0,257577
47,390000	0,262676
47,400000	0,260764
47,410000	0,262039
47,420000	0,260764
47,430000	0,260126
47,440000	0,257577
47,450000	0,256940
47,460000	0,263313
47,470000	0,260126
47,480000	0,259489
47,490000	0,262676
47,500000	0,260126
47,510000	0,262676
47,520000	0,261401
47,530000	0,262039
47,540000	0,254390
47,550000	0,260764
47,560000	0,256302
47,570000	0,258852
47,580000	0,260126
47,590000	0,256940
47,600000	0,263951
47,610000	0,257577
47,620000	0,263313
47,630000	0,257577
47,640000	0,261401
47,650000	0,261401
47,660000	0,264588
47,670000	0,258852
47,680000	0,261401
47,690000	0,258214
47,700000	0,265225
47,710000	0,254390
47,720000	0,260126
47,730000	0,257577
47,740000	0,256302
47,750000	0,263951
47,760000	0,259489
47,770000	0,260126
47,780000	0,263313
47,790000	0,259489
47,800000	0,260126
47,810000	0,256302
47,820000	0,260126
47,830000	0,262039
47,840000	0,262676
47,850000	0,259489
47,860000	0,261401
47,870000	0,260764
47,880000	0,262039
47,890000	0,261401
47,900000	0,260764
47,910000	0,257577
47,920000	0,259489
47,930000	0,256302
47,940000	0,262676
47,950000	0,258214
47,960000	0,260126
47,970000	0,262039
47,980000	0,262676
47,990000	0,258214
48,000000	0,261401
48,010000	0,258214
48,020000	0,259489
48,030000	0,261401
48,040000	0,261401
48,050000	0,255028
48,060000	0,265863
48,070000	0,255665
48,080000	0,260126
48,090000	0,258852
48,100000	0,258852
48,110000	0,258214
48,120000	0,264588
48,130000	0,258214
48,140000	0,261401
48,150000	0,254390
48,160000	0,258852
48,170000	0,258214
48,180000	0,257577
48,190000	0,255028
48,200000	0,258214
48,210000	0,256940
48,220000	0,255665
48,230000	0,256302
48,240000	0,253753
48,250000	0,260126
48,260000	0,258214
48,270000	0,260126
48,280000	0,253115
48,290000	0,260126
48,300000	0,259489
48,310000	0,260126
48,320000	0,260764
48,330000	0,256940
48,340000	0,249929
48,350000	0,256302
48,360000	0,256302
48,370000	0,261401
48,380000	0,255665
48,390000	0,257577
48,400000	0,258852
48,410000	0,255028
48,420000	0,256940
48,430000	0,260126
48,440000	0,254390
48,450000	0,258214
48,460000	0,256302
48,470000	0,255665
48,480000	0,256940
48,490000	0,258214
48,500000	0,258852
48,510000	0,255028
48,520000	0,263313
48,530000	0,254390
48,540000	0,256302
48,550000	0,257577
48,560000	0,257577
48,570000	0,255028
48,580000	0,260126
48,590000	0,265225
48,600000	0,255665
48,610000	0,257577
48,620000	0,256940
48,630000	0,253753
48,640000	0,253115
48,650000	0,254390
48,660000	0,250566
48,670000	0,256302
48,680000	0,255028
48,690000	0,253115
48,700000	0,254390
48,710000	0,255665
48,720000	0,257577
48,730000	0,258214
48,740000	0,253753
48,750000	0,258214
48,760000	0,255665
48,770000	0,256302
48,780000	0,252478
48,790000	0,256302
48,800000	0,259489
48,810000	0,251841
48,820000	0,255028
48,830000	0,249929
48,840000	0,254390
48,850000	0,253753
48,860000	0,251203
48,870000	0,256940
48,880000	0,256302
48,890000	0,256302
48,900000	0,254390
48,910000	0,250566
48,920000	0,256940
48,930000	0,255665
48,940000	0,262039
48,950000	0,258214
48,960000	0,254390
48,970000	0,254390
48,980000	0,261401
48,990000	0,252478
49,000000	0,258214
49,010000	0,253753
49,020000	0,255028
49,030000	0,260126
49,040000	0,256940
49,050000	0,254390
49,060000	0,261401
49,070000	0,253115
49,080000	0,262039
49,090000	0,251841
49,100000	0,260764
49,110000	0,253115
49,120000	0,256940
49,130000	0,255665
49,140000	0,258852
49,150000	0,256940
49,160000	0,262676
49,170000	0,256940
49,180000	0,260764
49,190000	0,260126
49,200000	0,257577
49,210000	0,255665
49,220000	0,258852
49,230000	0,253753
49,240000	0,264588
49,250000	0,250566
49,260000	0,258214
49,270000	0,249929
49,280000	0,260764
49,290000	0,257577
49,300000	0,265225
49,310000	0,257577
49,320000	0,259489
49,330000	0,255028
49,340000	0,256940
49,350000	0,254390
49,360000	0,262039
49,370000	0,258214
49,380000	0,256940
49,390000	0,260764
49,400000	0,260126
49,410000	0,256302
49,420000	0,259489
49,430000	0,259489
49,440000	0,260126
49,450000	0,257577
49,460000	0,257577
49,470000	0,255028
49,480000	0,257577
49,490000	0,265225
49,500000	0,256302
49,510000	0,260126
49,520000	0,255028
49,530000	0,260126
49,540000	0,254390
49,550000	0,265863
49,560000	0,258214
49,570000	0,263313
49,580000	0,253753
49,590000	0,264588
49,600000	0,254390
49,610000	0,267775
49,620000	0,258214
49,630000	0,256302
49,640000	0,255028
49,650000	0,256940
49,660000	0,263951
49,670000	0,257577
49,680000	0,260764
49,690000	0,262039
49,700000	0,258852
49,710000	0,260764
49,720000	0,255028
49,730000	0,259489
49,740000	0,260126
49,750000	0,264588
49,760000	0,262039
49,770000	0,259489
49,780000	0,256940
49,790000	0,257577
49,800000	0,262039
49,810000	0,256940
49,820000	0,262676
49,830000	0,257577
49,840000	0,261401
49,850000	0,258852
49,860000	0,256940
49,870000	0,256302
49,880000	0,256940
49,890000	0,258214
49,900000	0,258852
49,910000	0,255665
49,920000	0,255665
49,930000	0,259489
49,940000	0,261401
49,950000	0,251841
49,960000	0,258852
49,970000	0,257577
49,980000	0,259489
49,990000	0,255665
50,000000	0,260126
50,010000	0,258852
50,020000	0,256302
50,030000	0,262039
50,040000	0,251841
50,050000	0,261401
50,060000	0,264588
50,070000	0,253115
50,080000	0,260126
50,090000	0,254390
50,100000	0,262676
50,110000	0,260764
50,120000	0,262039
50,130000	0,259489
50,140000	0,258852
50,150000	0,258852
50,160000	0,260126
50,170000	0,253753
50,180000	0,265225
50,190000	0,255665
50,200000	0,263313
50,210000	0,259489
50,220000	0,265863
50,230000	0,258214
50,240000	0,259489
50,250000	0,253115
50,260000	0,260764
50,270000	0,254390
50,280000	0,260126
50,290000	0,254390
50,300000	0,263951
50,310000	0,254390
50,320000	0,255665
50,330000	0,255028
50,340000	0,259489
50,350000	0,254390
50,360000	0,260126
50,370000	0,257577
50,380000	0,262676
50,390000	0,254390
50,400000	0,261401
50,410000	0,255028
50,420000	0,263951
50,430000	0,257577
50,440000	0,259489
50,450000	0,253753
50,460000	0,258852
50,470000	0,255665
50,480000	0,255028
50,490000	0,258214
50,500000	0,255665
50,510000	0,258214
50,520000	0,253115
50,530000	0,260764
50,540000	0,253753
50,550000	0,258852
50,560000	0,257577
50,570000	0,257577
50,580000	0,258852
50,590000	0,258214
50,600000	0,257577
50,610000	0,260126
50,620000	0,255665
50,630000	0,254390
50,640000	0,258852
50,650000	0,253753
50,660000	0,259489
50,670000	0,254390
50,680000	0,259489
50,690000	0,257577
50,700000	0,251841
50,710000	0,258214
50,720000	0,252478
50,730000	0,248654
50,740000	0,256302
50,750000	0,260764
50,760000	0,256302
50,770000	0,260126
50,780000	0,258214
50,790000	0,258852
50,800000	0,255665
50,810000	0,249291
50,820000	0,255665
50,830000	0,256302
50,840000	0,253753
50,850000	0,259489
50,860000	0,258214
50,870000	0,258852
50,880000	0,260126
50,890000	0,255665
50,900000	0,258852
50,910000	0,249929
50,920000	0,255665
50,930000	0,260126
50,940000	0,255028
50,950000	0,253753
50,960000	0,255028
50,970000	0,256940
50,980000	0,253753
50,990000	0,251203
51,000000	0,261401
51,010000	0,252478
51,020000	0,260764
51,030000	0,255665
51,040000	0,256302
51,050000	0,256302
51,060000	0,256940
51,070000	0,253753
51,080000	0,253753
51,090000	0,251841
51,100000	0,256302
51,110000	0,251841
51,120000	0,255665
51,130000	0,259489
51,140000	0,251203
51,150000	0,255665
51,160000	0,255028
51,170000	0,251841
51,180000	0,256940
51,190000	0,260764
51,200000	0,255665
51,210000	0,255665
51,220000	0,255028
51,230000	0,256302
51,240000	0,257577
51,250000	0,258852
51,260000	0,258214
51,270000	0,255028
51,280000	0,255028
51,290000	0,252478
51,300000	0,259489
51,310000	0,255028
51,320000	0,257577
51,330000	0,254390
51,340000	0,258852
51,350000	0,253115
51,360000	0,261401
51,370000	0,258852
51,380000	0,256940
51,390000	0,257577
51,400000	0,260764
51,410000	0,251841
51,420000	0,256940
51,430000	0,257577
51,440000	0,262676
51,450000	0,260764
51,460000	0,257577
51,470000	0,256940
51,480000	0,260126
51,490000	0,255665
51,500000	0,256940
51,510000	0,255665
51,520000	0,255665
51,530000	0,254390
51,540000	0,259489
51,550000	0,256940
51,560000	0,262676
51,570000	0,260764
51,580000	0,258214
51,590000	0,255028
51,600000	0,252478
51,610000	0,255665
51,620000	0,260764
51,630000	0,243555
51,640000	0,259489
51,650000	0,256940
51,660000	0,259489
51,670000	0,261401
51,680000	0,254390
51,690000	0,261401
51,700000	0,265863
51,710000	0,257577
51,720000	0,260126
51,730000	0,260764
51,740000	0,258852
51,750000	0,260126
51,760000	0,249291
51,770000	0,261401
51,780000	0,261401
51,790000	0,253753
51,800000	0,263951
51,810000	0,254390
51,820000	0,263951
51,830000	0,255028
51,840000	0,258214
51,850000	0,263313
51,860000	0,258214
51,870000	0,262676
51,880000	0,263313
51,890000	0,258852
51,900000	0,262039
51,910000	0,260126
51,920000	0,264588
51,930000	0,260126
51,940000	0,260126
51,950000	0,256940
51,960000	0,265225
51,970000	0,255028
51,980000	0,257577
51,990000	0,256302
52,000000	0,265863
52,010000	0,262676
52,020000	0,259489
52,030000	0,269687
52,040000	0,259489
52,050000	0,265863
52,060000	0,269687
52,070000	0,253115
52,080000	0,269050
52,090000	0,264588
52,100000	0,260126
52,110000	0,269050
52,120000	0,256940
52,130000	0,265225
52,140000	0,270962
52,150000	0,262676
52,160000	0,274148
52,170000	0,257577
52,180000	0,262676
52,190000	0,265225
52,200000	0,251203
52,210000	0,260126
52,220000	0,262676
52,230000	0,244192
52,240000	0,255028
52,250000	0,265863
52,260000	0,260764
52,270000	0,268412
52,280000	0,260126
52,290000	0,256302
52,300000	0,270324
52,310000	0,265863
52,320000	0,258214
52,330000	0,269050
52,340000	0,275423
52,350000	0,247379
52,360000	0,228896
52,370000	0,260764
52,380000	0,256940
52,390000	0,223159
52,400000	0,259489
52,410000	0,241005
52,420000	0,233357
52,430000	0,254390
52,440000	0,264588
52,450000	0,246104
52,460000	0,256940
52,470000	0,293907
52,480000	0,253115
52,490000	0,300918
52,500000	0,292632
52,510000	0,244830
52,520000	0,303467
52,530000	0,254390
52,540000	0,255028
52,550000	0,235269
52,560000	0,251841
52,570000	0,258214
52,580000	0,344896
52,590000	0,250566
52,600000	0,255028
52,610000	0,250566
52,620000	0,248654
52,630000	0,320039
52,640000	0,252478
52,650000	0,249291
52,660000	0,214236
52,670000	0,258852
52,680000	0,254390
52,690000	0,237181
52,700000	0,258852
52,710000	0,214236
52,720000	0,260126
52,730000	0,262039
52,740000	0,256940
52,750000	0,262039
52,760000	0,251203
52,770000	0,265863
52,780000	0,239731
52,790000	0,257577
52,800000	0,253753
52,810000	0,260126
52,820000	0,259489
52,830000	0,262039
52,840000	0,257577
52,850000	0,265863
52,860000	0,258214
52,870000	0,260126
52,880000	0,262676
52,890000	0,253115
52,900000	0,249291
52,910000	0,268412
52,920000	0,247379
52,930000	0,256940
52,940000	0,249929
52,950000	0,262676
52,960000	0,250566
52,970000	0,269687
52,980000	0,256940
52,990000	0,255028
53,000000	0,269050
53,010000	0,241005
53,020000	0,283072
53,030000	0,270324
53,040000	0,234632
53,050000	0,221247
53,060000	0,264588
53,070000	0,227621
53,080000	0,232720
53,090000	0,244192
53,100000	0,239093
53,110000	0,281797
53,120000	0,254390
53,130000	0,255028
53,140000	0,263951
53,150000	0,263951
53,160000	0,302830
53,170000	0,284346
53,180000	0,280522
53,190000	0,293907
53,200000	0,280522
53,210000	0,221884
53,220000	0,304742
53,230000	0,255028
53,240000	0,216786
53,250000	0,180456
53,260000	0,223797
53,270000	0,206588
53,280000	0,206588
53,290000	0,218698
53,300000	0,230808
53,310000	0,223797
53,320000	0,313028
53,330000	0,309204
53,340000	0,275423
53,350000	0,245467
53,360000	0,255665
53,370000	0,270324
53,380000	0,225071
53,390000	0,267137
53,400000	0,283709
53,410000	0,262676
53,420000	0,270324
53,430000	0,152412
53,440000	0,291357
53,450000	0,260126
53,460000	0,202763
53,470000	0,269050
53,480000	0,269687
53,490000	0,120543
53,500000	0,269687
53,510000	0,262676
53,520000	0,318127
53,530000	0,257577
53,540000	0,313665
53,550000	0,256940
53,560000	0,260764
53,570000	0,318127
53,580000	0,257577
53,590000	0,262676
53,600000	0,321951
53,610000	0,262676
53,620000	0,256302
53,630000	0,251841
53,640000	0,260126
53,650000	0,253115
53,660000	0,257577
53,670000	0,264588
53,680000	0,255028
53,690000	0,258852
53,700000	0,246104
53,710000	0,249929
53,720000	0,262676
53,730000	0,251841
53,740000	0,251203
53,750000	0,238456
53,760000	0,241005
53,770000	0,245467
53,780000	0,239093
53,790000	0,246742
53,800000	0,269050
53,810000	0,251203
53,820000	0,211687
53,830000	0,265225
53,840000	0,249291
53,850000	0,239731
53,860000	0,246742
53,870000	0,252478
53,880000	0,255665
53,890000	0,247379
53,900000	0,270324
53,910000	0,281797
53,920000	0,281160
53,930000	0,306654
53,940000	0,295819
53,950000	0,275423
53,960000	0,298368
53,970000	0,277973
53,980000	0,266500
53,990000	0,262676
54,000000	0,240368
54,010000	0,237181
54,020000	0,259489
54,030000	0,190016
54,040000	0,234632
54,050000	0,239731
54,060000	0,251203
54,070000	0,239731
54,080000	0,252478
54,090000	0,263951
54,100000	0,251841
54,110000	0,307292
54,120000	0,324500
54,130000	0,330874
54,140000	0,327687
54,150000	0,297094
54,160000	0,267775
54,170000	0,328325
54,180000	0,306017
54,190000	0,297094
54,200000	0,283072
54,210000	0,281797
54,220000	0,272874
54,230000	0,262676
54,240000	0,228896
54,250000	0,290720
54,260000	0,226983
54,270000	0,221247
54,280000	0,158148
54,290000	0,226983
54,300000	0,347446
54,310000	0,225709
54,320000	0,242918
54,330000	0,288808
54,340000	0,226346
54,350000	0,246104
54,360000	0,327050
54,370000	0,251203
54,380000	0,249291
54,390000	0,323226
54,400000	0,251203
54,410000	0,249929
54,420000	0,209775
54,430000	0,254390
54,440000	0,220610
54,450000	0,267137
54,460000	0,263313
54,470000	0,201489
54,480000	0,259489
54,490000	0,245467
54,500000	0,248654
54,510000	0,249291
54,520000	0,256302
54,530000	0,255028
54,540000	0,255665
54,550000	0,251841
54,560000	0,258214
54,570000	0,256940
54,580000	0,272236
54,590000	0,260126
54,600000	0,260764
54,610000	0,267137
54,620000	0,255665
54,630000	0,241643
54,640000	0,237181
54,650000	0,243555
54,660000	0,262676
54,670000	0,232720
54,680000	0,265225
54,690000	0,265863
54,700000	0,274148
54,710000	0,277335
54,720000	0,283709
54,730000	0,257577
54,740000	0,281160
54,750000	0,298368
54,760000	0,274786
54,770000	0,244830
54,780000	0,209137
54,790000	0,239093
54,800000	0,283709
54,810000	0,208500
54,820000	0,275423
54,830000	0,235269
54,840000	0,234632
54,850000	0,267775
54,860000	0,219335
54,870000	0,259489
54,880000	0,235907
54,890000	0,311753
54,900000	0,245467
54,910000	0,213599
54,920000	0,290083
54,930000	0,270324
54,940000	0,259489
54,950000	0,236544
54,960000	0,268412
54,970000	0,229533
54,980000	0,233357
54,990000	0,290720
55,000000	0,266500
55,010000	0,236544
55,020000	0,267137
55,030000	0,295182
55,040000	0,258214
55,050000	0,285621
55,060000	0,226983
55,070000	0,334061
55,080000	0,153049
55,090000	0,180456
55,100000	0,203401
55,110000	0,193203
55,120000	0,204676
55,130000	0,251841
55,140000	0,290083
55,150000	0,246742
55,160000	0,339160
55,170000	0,302193
55,180000	0,290083
55,190000	0,328325
55,200000	0,269687
55,210000	0,281160
55,220000	0,186829
55,230000	0,251203
55,240000	0,174082
55,250000	0,265225
55,260000	0,264588
55,270000	0,173445
55,280000	0,258852
55,290000	0,260764
55,300000	0,193840
55,310000	0,261401
55,320000	0,257577
55,330000	0,300918
55,340000	0,260764
55,350000	0,262039
55,360000	0,289445
55,370000	0,259489
55,380000	0,262676
55,390000	0,260764
55,400000	0,268412
55,410000	0,262039
55,420000	0,260126
55,430000	0,264588
55,440000	0,249929
55,450000	0,244192
55,460000	0,248654
55,470000	0,239093
55,480000	0,256302
55,490000	0,248654
55,500000	0,274786
55,510000	0,250566
55,520000	0,251203
55,530000	0,262676
55,540000	0,262676
55,550000	0,260126
55,560000	0,256940
55,570000	0,259489
55,580000	0,272236
55,590000	0,254390
55,600000	0,250566
55,610000	0,219972
55,620000	0,261401
55,630000	0,219972
55,640000	0,255028
55,650000	0,242280
55,660000	0,254390
55,670000	0,291995
55,680000	0,247379
55,690000	0,251203
55,700000	0,266500
55,710000	0,272236
55,720000	0,307292
55,730000	0,268412
55,740000	0,265863
55,750000	0,243555
55,760000	0,275423
55,770000	0,257577
55,780000	0,233357
55,790000	0,247379
55,800000	0,272236
55,810000	0,246742
55,820000	0,267775
55,830000	0,256940
55,840000	0,279247
55,850000	0,288171
55,860000	0,275423
55,870000	0,261401
55,880000	0,233357
55,890000	0,253115
55,900000	0,316215
55,910000	0,181093
55,920000	0,237181
55,930000	0,328325
55,940000	0,267137
55,950000	0,244830
55,960000	0,320039
55,970000	0,248016
55,980000	0,306017
55,990000	0,378039
56,000000	0,326413
56,010000	0,314303
56,020000	0,349358
56,030000	0,313028
56,040000	0,257577
56,050000	0,239731
56,060000	0,291357
56,070000	0,276698
56,080000	0,198939
56,090000	0,237819
56,100000	0,295819
56,110000	0,210412
56,120000	0,219972
56,130000	0,356369
56,140000	0,242918
56,150000	0,262676
56,160000	0,276061
56,170000	0,256940
56,180000	0,252478
56,190000	0,211687
56,200000	0,260126
56,210000	0,221247
56,220000	0,253115
56,230000	0,265863
56,240000	0,211687
56,250000	0,253753
56,260000	0,253753
56,270000	0,252478
56,280000	0,244192
56,290000	0,263951
56,300000	0,255665
56,310000	0,260764
56,320000	0,253753
56,330000	0,261401
56,340000	0,257577
56,350000	0,268412
56,360000	0,262039
56,370000	0,264588
56,380000	0,251203
56,390000	0,247379
56,400000	0,245467
56,410000	0,228258
56,420000	0,251203
56,430000	0,262039
56,440000	0,229533
56,450000	0,262676
56,460000	0,257577
56,470000	0,249929
56,480000	0,270962
56,490000	0,295819
56,500000	0,269687
56,510000	0,272874
56,520000	0,266500
56,530000	0,269050
56,540000	0,270962
56,550000	0,201489
56,560000	0,268412
56,570000	0,272236
56,580000	0,246742
56,590000	0,230808
56,600000	0,227621
56,610000	0,245467
56,620000	0,263951
56,630000	0,282434
56,640000	0,277335
56,650000	0,316215
56,660000	0,292632
56,670000	0,286258
56,680000	0,273511
56,690000	0,248654
56,700000	0,265225
56,710000	0,221884
56,720000	0,258852
56,730000	0,211687
56,740000	0,246742
56,750000	0,247379
56,760000	0,238456
56,770000	0,288171
56,780000	0,291357
56,790000	0,246104
56,800000	0,277973
56,810000	0,295182
56,820000	0,213599
56,830000	0,276061
56,840000	0,262039
56,850000	0,269687
56,860000	0,193840
56,870000	0,142851
56,880000	0,212324
56,890000	0,204676
56,900000	0,221247
56,910000	0,271599
56,920000	0,265225
56,930000	0,286896
56,940000	0,262039
56,950000	0,339160
56,960000	0,279247
56,970000	0,284984
56,980000	0,300918
56,990000	0,256940
57,000000	0,268412
57,010000	0,219335
57,020000	0,264588
57,030000	0,244192
57,040000	0,260126
57,050000	0,259489
57,060000	0,255028
57,070000	0,262039
57,080000	0,260126
57,090000	0,308566
57,100000	0,258852
57,110000	0,258214
57,120000	0,258214
57,130000	0,249929
57,140000	0,256940
57,150000	0,260126
57,160000	0,259489
57,170000	0,267775
57,180000	0,259489
57,190000	0,262676
57,200000	0,252478
57,210000	0,259489
57,220000	0,260126
57,230000	0,246104
57,240000	0,253753
57,250000	0,255665
57,260000	0,256940
57,270000	0,254390
57,280000	0,245467
57,290000	0,256302
57,300000	0,260126
57,310000	0,255028
57,320000	0,264588
57,330000	0,249929
57,340000	0,252478
57,350000	0,264588
57,360000	0,249291
57,370000	0,258214
57,380000	0,248654
57,390000	0,242280
57,400000	0,256302
57,410000	0,245467
57,420000	0,279885
57,430000	0,244830
57,440000	0,230170
57,450000	0,277973
57,460000	0,254390
57,470000	0,263951
57,480000	0,255028
57,490000	0,261401
57,500000	0,279247
57,510000	0,262676
57,520000	0,240368
57,530000	0,244192
57,540000	0,253753
57,550000	0,279247
57,560000	0,243555
57,570000	0,237181
57,580000	0,244192
57,590000	0,253115
57,600000	0,280522
57,610000	0,241005
57,620000	0,267137
57,630000	0,279885
57,640000	0,276698
57,650000	0,265863
57,660000	0,288808
57,670000	0,270324
57,680000	0,216148
57,690000	0,263313
57,700000	0,276698
57,710000	0,239093
57,720000	0,237181
57,730000	0,230170
57,740000	0,312390
57,750000	0,290720
57,760000	0,276061
57,770000	0,279247
57,780000	0,292632
57,790000	0,300918
57,800000	0,253753
57,810000	0,292632
57,820000	0,252478
57,830000	0,252478
57,840000	0,244830
57,850000	0,275423
57,860000	0,244192
57,870000	0,313665
57,880000	0,233994
57,890000	0,238456
57,900000	0,295182
57,910000	0,242918
57,920000	0,241005
57,930000	0,265225
57,940000	0,244192
57,950000	0,255028
57,960000	0,226346
57,970000	0,257577
57,980000	0,223159
57,990000	0,252478
58,000000	0,254390
58,010000	0,245467
58,020000	0,254390
58,030000	0,251841
58,040000	0,260126
58,050000	0,251841
58,060000	0,261401
58,070000	0,258852
58,080000	0,251841
58,090000	0,254390
58,100000	0,260764
58,110000	0,260764
58,120000	0,262676
58,130000	0,255665
58,140000	0,258852
58,150000	0,249291
58,160000	0,262039
58,170000	0,256940
58,180000	0,261401
58,190000	0,245467
58,200000	0,251203
58,210000	0,269050
58,220000	0,256940
58,230000	0,268412
58,240000	0,256940
58,250000	0,270324
58,260000	0,246104
58,270000	0,277335
58,280000	0,269687
58,290000	0,272236
58,300000	0,265225
58,310000	0,237819
58,320000	0,258214
58,330000	0,258852
58,340000	0,250566
58,350000	0,256940
58,360000	0,256302
58,370000	0,257577
58,380000	0,270324
58,390000	0,241005
58,400000	0,256940
58,410000	0,290720
58,420000	0,275423
58,430000	0,248654
58,440000	0,262039
58,450000	0,264588
58,460000	0,243555
58,470000	0,242280
58,480000	0,242918
58,490000	0,239731
58,500000	0,255665
58,510000	0,260126
58,520000	0,270324
58,530000	0,267137
58,540000	0,292632
58,550000	0,250566
58,560000	0,253115
58,570000	0,279885
58,580000	0,267775
58,590000	0,255665
58,600000	0,224434
58,610000	0,239093
58,620000	0,216786
58,630000	0,244192
58,640000	0,247379
58,650000	0,222522
58,660000	0,233994
58,670000	0,265863
58,680000	0,272236
58,690000	0,247379
58,700000	0,271599
58,710000	0,232082
58,720000	0,262039
58,730000	0,218698
58,740000	0,267137
58,750000	0,253753
58,760000	0,168346
58,770000	0,265863
58,780000	0,259489
58,790000	0,292632
58,800000	0,258852
58,810000	0,268412
58,820000	0,260764
58,830000	0,258214
58,840000	0,292632
58,850000	0,259489
58,860000	0,258214
58,870000	0,282434
58,880000	0,258852
58,890000	0,253753
58,900000	0,255028
58,910000	0,272874
58,920000	0,259489
58,930000	0,255028
58,940000	0,250566
58,950000	0,248016
58,960000	0,260126
58,970000	0,262039
58,980000	0,253753
58,990000	0,251841
59,000000	0,258214
59,010000	0,255665
59,020000	0,270324
59,030000	0,265863
59,040000	0,249291
59,050000	0,235269
59,060000	0,263951
59,070000	0,253115
59,080000	0,254390
59,090000	0,242280
59,100000	0,247379
59,110000	0,290720
59,120000	0,242918
59,130000	0,253753
59,140000	0,280522
59,150000	0,270324
59,160000	0,254390
59,170000	0,260764
59,180000	0,270962
59,190000	0,284984
59,200000	0,248654
59,210000	0,224434
59,220000	0,244192
59,230000	0,248016
59,240000	0,250566
59,250000	0,257577
59,260000	0,225071
59,270000	0,244830
59,280000	0,247379
59,290000	0,248654
59,300000	0,255028
59,310000	0,265225
59,320000	0,255665
59,330000	0,244192
59,340000	0,266500
59,350000	0,266500
59,360000	0,267137
59,370000	0,231445
59,380000	0,258852
59,390000	0,282434
59,400000	0,241643
59,410000	0,252478
59,420000	0,211687
59,430000	0,286258
59,440000	0,275423
59,450000	0,242918
59,460000	0,276061
59,470000	0,313028
59,480000	0,326413
59,490000	0,276061
59,500000	0,269687
59,510000	0,280522
59,520000	0,272874
59,530000	0,224434
59,540000	0,271599
59,550000	0,236544
59,560000	0,338522
59,570000	0,270962
59,580000	0,248016
59,590000	0,242280
59,600000	0,244830
59,610000	0,350632
59,620000	0,241643
59,630000	0,241005
59,640000	0,233357
59,650000	0,248654
59,660000	0,214873
59,670000	0,249291
59,680000	0,253115
59,690000	0,249929
59,700000	0,255028
59,710000	0,264588
59,720000	0,258852
59,730000	0,257577
59,740000	0,263951
59,750000	0,260764
59,760000	0,249929
59,770000	0,252478
59,780000	0,256302
59,790000	0,258852
59,800000	0,258214
59,810000	0,249291
59,820000	0,257577
59,830000	0,260764
59,840000	0,255665
59,850000	0,265225
59,860000	0,258852
59,870000	0,248016
59,880000	0,255028
59,890000	0,255028
59,900000	0,258214
59,910000	0,263313
59,920000	0,252478
59,930000	0,247379
59,940000	0,255665
59,950000	0,259489
59,960000	0,265225
59,970000	0,263313
59,980000	0,249291
59,990000	0,244192
60,000000	0,269050
60,010000	0,241643
60,020000	0,257577
60,030000	0,254390
60,040000	0,222522
60,050000	0,254390
60,060000	0,248016
60,070000	0,256302
60,080000	0,274786
60,090000	0,251203
60,100000	0,263313
60,110000	0,274148
60,120000	0,265225
60,130000	0,293907
60,140000	0,248654
60,150000	0,259489
60,160000	0,296456
60,170000	0,267775
60,180000	0,242280
60,190000	0,259489
60,200000	0,256940
60,210000	0,240368
60,220000	0,251203
60,230000	0,248016
60,240000	0,282434
60,250000	0,249929
60,260000	0,237181
60,270000	0,251203
60,280000	0,246104
60,290000	0,277335
60,300000	0,246742
60,310000	0,242280
60,320000	0,225071
60,330000	0,239093
60,340000	0,262676
60,350000	0,224434
60,360000	0,237181
60,370000	0,231445
60,380000	0,248016
60,390000	0,245467
60,400000	0,286258
60,410000	0,226983
60,420000	0,249291
60,430000	0,248654
60,440000	0,215511
60,450000	0,186829
60,460000	0,244192
60,470000	0,249291
60,480000	0,246104
60,490000	0,240368
60,500000	0,269687
60,510000	0,237819
60,520000	0,238456
60,530000	0,164522
60,540000	0,236544
60,550000	0,235269
60,560000	0,243555
60,570000	0,244830
60,580000	0,235907
60,590000	0,235269
60,600000	0,239731
60,610000	0,241643
60,620000	0,238456
60,630000	0,230808
60,640000	0,228896
60,650000	0,241005
60,660000	0,232082
60,670000	0,234632
60,680000	0,229533
60,690000	0,234632
60,700000	0,228896
60,710000	0,234632
60,720000	0,227621
60,730000	0,232082
60,740000	0,226346
60,750000	0,229533
60,760000	0,221884
60,770000	0,228258
60,780000	0,224434
60,790000	0,216148
60,800000	0,219972
60,810000	0,224434
60,820000	0,228896
60,830000	0,214236
60,840000	0,220610
60,850000	0,236544
60,860000	0,221247
60,870000	0,234632
60,880000	0,221247
60,890000	0,208500
60,900000	0,223797
60,910000	0,207225
60,920000	0,215511
60,930000	0,209775
60,940000	0,215511
60,950000	0,209137
60,960000	0,216786
60,970000	0,209137
60,980000	0,211687
60,990000	0,212961
61,000000	0,209137
61,010000	0,208500
61,020000	0,218060
61,030000	0,211049
61,040000	0,212961
61,050000	0,211687
61,060000	0,205313
61,070000	0,204676
61,080000	0,208500
61,090000	0,209775
61,100000	0,204038
61,110000	0,211049
61,120000	0,211687
61,130000	0,207225
61,140000	0,206588
61,150000	0,205313
61,160000	0,207862
61,170000	0,202126
61,180000	0,209775
61,190000	0,206588
61,200000	0,203401
61,210000	0,202763
61,220000	0,204676
61,230000	0,205950
61,240000	0,196390
61,250000	0,205950
61,260000	0,211049
61,270000	0,205950
61,280000	0,198939
61,290000	0,195115
61,300000	0,196390
61,310000	0,203401
61,320000	0,200214
61,330000	0,200214
61,340000	0,197027
61,350000	0,205313
61,360000	0,200851
61,370000	0,201489
61,380000	0,193840
61,390000	0,198302
61,400000	0,196390
61,410000	0,193203
61,420000	0,198939
61,430000	0,195115
61,440000	0,194478
61,450000	0,193840
61,460000	0,204038
61,470000	0,197027
61,480000	0,200214
61,490000	0,196390
61,500000	0,195115
61,510000	0,195115
61,520000	0,203401
61,530000	0,192566
61,540000	0,197665
61,550000	0,193840
61,560000	0,195115
61,570000	0,195752
61,580000	0,195115
61,590000	0,195752
61,600000	0,201489
61,610000	0,201489
61,620000	0,202763
61,630000	0,190654
61,640000	0,195752
61,650000	0,193840
61,660000	0,198939
61,670000	0,191928
61,680000	0,197027
61,690000	0,193840
61,700000	0,202763
61,710000	0,193840
61,720000	0,197665
61,730000	0,191291
61,740000	0,196390
61,750000	0,193840
61,760000	0,198939
61,770000	0,196390
61,780000	0,193840
61,790000	0,191291
61,800000	0,201489
61,810000	0,194478
61,820000	0,198939
61,830000	0,194478
61,840000	0,193203
61,850000	0,195115
61,860000	0,195115
61,870000	0,198939
61,880000	0,195752
61,890000	0,204038
61,900000	0,201489
61,910000	0,201489
61,920000	0,197665
61,930000	0,204676
61,940000	0,198302
61,950000	0,201489
61,960000	0,197665
61,970000	0,199577
61,980000	0,198302
61,990000	0,195752
62,000000	0,200851
62,010000	0,198302
62,020000	0,201489
62,030000	0,197027
62,040000	0,198302
62,050000	0,197027
62,060000	0,198939
62,070000	0,194478
62,080000	0,196390
62,090000	0,197665
62,100000	0,194478
62,110000	0,195115
62,120000	0,195115
62,130000	0,196390
62,140000	0,198939
62,150000	0,197027
62,160000	0,201489
62,170000	0,200214
62,180000	0,195752
62,190000	0,201489
62,200000	0,195752
62,210000	0,195115
62,220000	0,197665
62,230000	0,197027
62,240000	0,191291
62,250000	0,197027
62,260000	0,191291
62,270000	0,194478
62,280000	0,195752
62,290000	0,197665
62,300000	0,192566
62,310000	0,197027
62,320000	0,197665
62,330000	0,198939
62,340000	0,197665
62,350000	0,193203
62,360000	0,197665
62,370000	0,200851
62,380000	0,201489
62,390000	0,201489
62,400000	0,196390
62,410000	0,196390
62,420000	0,196390
62,430000	0,197665
62,440000	0,196390
62,450000	0,200851
62,460000	0,199577
62,470000	0,206588
62,480000	0,198302
62,490000	0,200214
62,500000	0,195115
62,510000	0,199577
62,520000	0,194478
62,530000	0,202763
62,540000	0,200851
62,550000	0,197665
62,560000	0,200851
62,570000	0,191291
62,580000	0,195752
62,590000	0,196390
62,600000	0,191291
62,610000	0,198302
62,620000	0,195115
62,630000	0,198939
62,640000	0,195115
62,650000	0,193840
62,660000	0,196390
62,670000	0,195752
62,680000	0,189379
62,690000	0,190016
62,700000	0,192566
62,710000	0,197027
62,720000	0,197027
62,730000	0,198939
62,740000	0,191928
62,750000	0,198939
62,760000	0,195115
62,770000	0,193203
62,780000	0,191928
62,790000	0,196390
62,800000	0,187467
62,810000	0,193840
62,820000	0,193203
62,830000	0,197665
62,840000	0,193203
62,850000	0,191928
62,860000	0,195752
62,870000	0,193840
62,880000	0,193840
62,890000	0,194478
62,900000	0,195752
62,910000	0,197665
62,920000	0,200851
62,930000	0,195115
62,940000	0,197665
62,950000	0,193840
62,960000	0,189379
62,970000	0,193840
62,980000	0,194478
62,990000	0,197665
63,000000	0,193840
63,010000	0,195752
63,020000	0,193840
63,030000	0,195752
63,040000	0,191291
63,050000	0,195115
63,060000	0,194478
63,070000	0,193203
63,080000	0,191928
63,090000	0,191291
63,100000	0,195752
63,110000	0,193203
63,120000	0,192566
63,130000	0,190016
63,140000	0,202126
63,150000	0,191928
63,160000	0,197027
63,170000	0,192566
63,180000	0,194478
63,190000	0,191291
63,200000	0,197027
63,210000	0,192566
63,220000	0,191291
63,230000	0,189379
63,240000	0,195752
63,250000	0,188741
63,260000	0,196390
63,270000	0,192566
63,280000	0,193840
63,290000	0,188104
63,300000	0,197027
63,310000	0,192566
63,320000	0,194478
63,330000	0,195115
63,340000	0,191291
63,350000	0,193203
63,360000	0,195752
63,370000	0,195752
63,380000	0,189379
63,390000	0,188104
63,400000	0,193840
63,410000	0,191291
63,420000	0,195115
63,430000	0,188104
63,440000	0,194478
63,450000	0,193203
63,460000	0,194478
63,470000	0,195115
63,480000	0,188104
63,490000	0,195115
63,500000	0,194478
63,510000	0,189379
63,520000	0,189379
63,530000	0,187467
63,540000	0,188104
63,550000	0,198302
63,560000	0,189379
63,570000	0,191291
63,580000	0,198939
63,590000	0,194478
63,600000	0,190016
63,610000	0,192566
63,620000	0,188741
63,630000	0,192566
63,640000	0,195115
63,650000	0,190654
63,660000	0,193840
63,670000	0,197027
63,680000	0,195752
63,690000	0,197665
63,700000	0,195752
63,710000	0,199577
63,720000	0,193840
63,730000	0,200214
63,740000	0,192566
63,750000	0,193840
63,760000	0,192566
63,770000	0,198939
63,780000	0,197665
63,790000	0,197665
63,800000	0,193840
63,810000	0,193203
63,820000	0,191928
63,830000	0,190654
63,840000	0,192566
63,850000	0,192566
63,860000	0,192566
63,870000	0,195115
63,880000	0,190654
63,890000	0,193203
63,900000	0,188741
63,910000	0,198939
63,920000	0,197027
63,930000	0,197665
63,940000	0,189379
63,950000	0,191928
63,960000	0,191928
63,970000	0,199577
63,980000	0,187467
63,990000	0,190016
64,000000	0,193203
64,010000	0,190016
64,020000	0,193203
64,030000	0,190016
64,040000	0,191291
64,050000	0,190654
64,060000	0,191291
64,070000	0,197665
64,080000	0,195752
64,090000	0,195752
64,100000	0,200851
64,110000	0,190654
64,120000	0,190016
64,130000	0,200214
64,140000	0,194478
64,150000	0,196390
64,160000	0,197027
64,170000	0,195115
64,180000	0,195115
64,190000	0,197027
64,200000	0,192566
64,210000	0,191291
64,220000	0,202763
64,230000	0,194478
64,240000	0,197027
64,250000	0,196390
64,260000	0,198939
64,270000	0,195115
64,280000	0,200851
64,290000	0,190654
64,300000	0,201489
64,310000	0,195752
64,320000	0,194478
64,330000	0,197665
64,340000	0,188741
64,350000	0,193840
64,360000	0,190654
64,370000	0,196390
64,380000	0,192566
64,390000	0,195752
64,400000	0,196390
64,410000	0,199577
64,420000	0,193840
64,430000	0,192566
64,440000	0,192566
64,450000	0,198939
64,460000	0,191291
64,470000	0,189379
64,480000	0,192566
64,490000	0,196390
64,500000	0,198302
64,510000	0,195115
64,520000	0,192566
64,530000	0,188741
64,540000	0,198302
64,550000	0,197027
64,560000	0,194478
64,570000	0,193203
64,580000	0,196390
64,590000	0,190016
64,600000	0,197027
64,610000	0,190654
64,620000	0,195115
64,630000	0,194478
64,640000	0,197027
64,650000	0,188741
64,660000	0,197027
64,670000	0,189379
64,680000	0,198302
64,690000	0,198939
64,700000	0,192566
64,710000	0,188741
64,720000	0,194478
64,730000	0,192566
64,740000	0,197665
64,750000	0,190016
64,760000	0,198939
64,770000	0,192566
64,780000	0,193840
64,790000	0,195752
64,800000	0,194478
64,810000	0,195115
64,820000	0,188741
64,830000	0,191291
64,840000	0,199577
64,850000	0,200214
64,860000	0,202126
64,870000	0,185555
64,880000	0,194478
64,890000	0,198302
64,900000	0,196390
64,910000	0,198302
64,920000	0,198302
64,930000	0,187467
64,940000	0,195752
64,950000	0,193203
64,960000	0,202126
64,970000	0,200214
64,980000	0,197027
64,990000	0,197027
65,000000	0,191291
65,010000	0,192566
65,020000	0,191928
65,030000	0,191928
65,040000	0,186192
65,050000	0,193203
65,060000	0,187467
65,070000	0,197665
65,080000	0,188741
65,090000	0,195752
65,100000	0,184280
65,110000	0,192566
65,120000	0,187467
65,130000	0,188104
65,140000	0,191928
65,150000	0,195115
65,160000	0,192566
65,170000	0,196390
65,180000	0,189379
65,190000	0,191928
65,200000	0,188741
65,210000	0,192566
65,220000	0,190016
65,230000	0,189379
65,240000	0,188104
65,250000	0,192566
65,260000	0,190654
65,270000	0,191928
65,280000	0,195115
65,290000	0,193840
65,300000	0,196390
65,310000	0,199577
65,320000	0,193203
65,330000	0,191928
65,340000	0,186829
65,350000	0,193840
65,360000	0,186192
65,370000	0,194478
65,380000	0,193840
65,390000	0,193840
65,400000	0,191928
65,410000	0,188741
65,420000	0,188104
65,430000	0,197027
65,440000	0,189379
65,450000	0,191928
65,460000	0,191291
65,470000	0,187467
65,480000	0,188741
65,490000	0,192566
65,500000	0,193203
65,510000	0,194478
65,520000	0,190016
65,530000	0,190654
65,540000	0,192566
65,550000	0,193840
65,560000	0,191928
65,570000	0,193840
65,580000	0,188741
65,590000	0,193203
65,600000	0,190016
65,610000	0,191291
65,620000	0,193840
65,630000	0,183005
65,640000	0,189379
65,650000	0,189379
65,660000	0,190016
65,670000	0,192566
65,680000	0,192566
65,690000	0,190654
65,700000	0,191291
65,710000	0,193840
65,720000	0,189379
65,730000	0,193840
65,740000	0,191928
65,750000	0,190654
65,760000	0,190654
65,770000	0,187467
65,780000	0,193840
65,790000	0,190016
65,800000	0,191928
65,810000	0,188741
65,820000	0,188741
65,830000	0,188104
65,840000	0,198939
65,850000	0,190016
65,860000	0,192566
65,870000	0,188741
65,880000	0,192566
65,890000	0,193203
65,900000	0,193840
65,910000	0,193203
65,920000	0,191291
65,930000	0,193203
65,940000	0,193203
65,950000	0,191291
65,960000	0,196390
65,970000	0,191928
65,980000	0,191291
65,990000	0,194478
66,000000	0,193840
66,010000	0,193840
66,020000	0,192566
66,030000	0,193840
66,040000	0,190016
66,050000	0,201489
66,060000	0,188104
66,070000	0,202763
66,080000	0,192566
66,090000	0,198302
66,100000	0,190016
66,110000	0,196390
66,120000	0,193840
66,130000	0,195752
66,140000	0,190016
66,150000	0,197665
66,160000	0,192566
66,170000	0,193840
66,180000	0,192566
66,190000	0,195115
66,200000	0,191291
66,210000	0,193203
66,220000	0,193840
66,230000	0,195115
66,240000	0,193840
66,250000	0,190654
66,260000	0,198302
66,270000	0,198939
66,280000	0,193840
66,290000	0,190654
66,300000	0,193203
66,310000	0,193203
66,320000	0,193203
66,330000	0,189379
66,340000	0,193840
66,350000	0,198939
66,360000	0,190016
66,370000	0,192566
66,380000	0,196390
66,390000	0,193840
66,400000	0,196390
66,410000	0,193203
66,420000	0,194478
66,430000	0,191928
66,440000	0,190016
66,450000	0,196390
66,460000	0,191291
66,470000	0,195115
66,480000	0,188741
66,490000	0,197027
66,500000	0,201489
66,510000	0,195115
66,520000	0,190016
66,530000	0,199577
66,540000	0,192566
66,550000	0,198302
66,560000	0,193203
66,570000	0,200214
66,580000	0,192566
66,590000	0,194478
66,600000	0,193840
66,610000	0,191928
66,620000	0,190016
66,630000	0,193203
66,640000	0,190016
66,650000	0,195115
66,660000	0,188741
66,670000	0,193840
66,680000	0,194478
66,690000	0,190654
66,700000	0,197665
66,710000	0,191291
66,720000	0,192566
66,730000	0,191291
66,740000	0,193840
66,750000	0,193840
66,760000	0,192566
66,770000	0,193840
66,780000	0,193840
66,790000	0,195115
66,800000	0,193840
66,810000	0,193203
66,820000	0,191291
66,830000	0,193203
66,840000	0,188104
66,850000	0,192566
66,860000	0,188104
66,870000	0,191291
66,880000	0,186829
66,890000	0,193840
66,900000	0,191291
66,910000	0,190654
66,920000	0,188104
66,930000	0,187467
66,940000	0,194478
66,950000	0,189379
66,960000	0,190016
66,970000	0,191291
66,980000	0,186192
66,990000	0,195752
67,000000	0,186192
67,010000	0,191291
67,020000	0,188104
67,030000	0,199577
67,040000	0,184917
67,050000	0,193840
67,060000	0,188741
67,070000	0,196390
67,080000	0,186829
67,090000	0,193840
67,100000	0,189379
67,110000	0,191291
67,120000	0,192566
67,130000	0,194478
67,140000	0,188741
67,150000	0,193840
67,160000	0,187467
67,170000	0,196390
67,180000	0,184280
67,190000	0,191291
67,200000	0,188104
67,210000	0,196390
67,220000	0,191291
67,230000	0,188104
67,240000	0,193840
67,250000	0,194478
67,260000	0,188104
67,270000	0,193203
67,280000	0,188741
67,290000	0,195115
67,300000	0,188741
67,310000	0,193840
67,320000	0,186192
67,330000	0,192566
67,340000	0,190654
67,350000	0,193840
67,360000	0,186829
67,370000	0,187467
67,380000	0,190654
67,390000	0,190654
67,400000	0,193840
67,410000	0,187467
67,420000	0,192566
67,430000	0,193840
67,440000	0,190016
67,450000	0,189379
67,460000	0,188104
67,470000	0,190654
67,480000	0,191928
67,490000	0,193203
67,500000	0,188104
67,510000	0,195115
67,520000	0,188104
67,530000	0,190654
67,540000	0,187467
67,550000	0,192566
67,560000	0,189379
67,570000	0,189379
67,580000	0,188104
67,590000	0,194478
67,600000	0,186829
67,610000	0,191928
67,620000	0,186829
67,630000	0,193840
67,640000	0,190016
67,650000	0,190016
67,660000	0,193203
67,670000	0,184280
67,680000	0,195115
67,690000	0,189379
67,700000	0,191291
67,710000	0,188104
67,720000	0,190654
67,730000	0,190016
67,740000	0,191291
67,750000	0,190016
67,760000	0,188741
67,770000	0,196390
67,780000	0,190654
67,790000	0,193840
67,800000	0,191928
67,810000	0,193203
67,820000	0,190654
67,830000	0,198939
67,840000	0,190654
67,850000	0,195115
67,860000	0,192566
67,870000	0,196390
67,880000	0,189379
67,890000	0,193840
67,900000	0,190654
67,910000	0,194478
67,920000	0,190654
67,930000	0,196390
67,940000	0,188741
67,950000	0,195115
67,960000	0,190016
67,970000	0,193840
67,980000	0,193840
67,990000	0,190016
68,000000	0,196390
68,010000	0,200214
68,020000	0,191291
68,030000	0,191291
68,040000	0,193203
68,050000	0,188741
68,060000	0,194478
68,070000	0,190016
68,080000	0,195115
68,090000	0,190016
68,100000	0,197665
68,110000	0,190016
68,120000	0,195752
68,130000	0,193840
68,140000	0,187467
68,150000	0,191291
68,160000	0,192566
68,170000	0,193840
68,180000	0,192566
68,190000	0,191291
68,200000	0,196390
68,210000	0,188104
68,220000	0,192566
68,230000	0,191291
68,240000	0,195752
68,250000	0,189379
68,260000	0,199577
68,270000	0,191291
68,280000	0,193203
68,290000	0,189379
68,300000	0,194478
68,310000	0,191928
68,320000	0,195752
68,330000	0,192566
68,340000	0,202763
68,350000	0,191928
68,360000	0,197027
68,370000	0,191928
68,380000	0,192566
68,390000	0,192566
68,400000	0,195115
68,410000	0,190016
68,420000	0,195115
68,430000	0,191928
68,440000	0,194478
68,450000	0,193840
68,460000	0,198939
68,470000	0,184917
68,480000	0,190654
68,490000	0,191291
68,500000	0,197665
68,510000	0,191291
68,520000	0,193840
68,530000	0,195115
68,540000	0,197665
68,550000	0,197027
68,560000	0,191291
68,570000	0,193840
68,580000	0,191928
68,590000	0,189379
68,600000	0,193840
68,610000	0,193840
68,620000	0,191291
68,630000	0,190654
68,640000	0,187467
68,650000	0,188741
68,660000	0,188104
68,670000	0,194478
68,680000	0,193203
68,690000	0,190016
68,700000	0,193840
68,710000	0,191928
68,720000	0,190016
68,730000	0,189379
68,740000	0,190016
68,750000	0,193840
68,760000	0,191291
68,770000	0,194478
68,780000	0,191291
68,790000	0,193203
68,800000	0,191291
68,810000	0,190016
68,820000	0,190654
68,830000	0,194478
68,840000	0,190654
68,850000	0,186829
68,860000	0,188104
68,870000	0,192566
68,880000	0,191928
68,890000	0,194478
68,900000	0,188741
68,910000	0,191928
68,920000	0,189379
68,930000	0,195752
68,940000	0,190016
68,950000	0,192566
68,960000	0,188104
68,970000	0,186829
68,980000	0,191291
68,990000	0,190654
69,000000	0,190654
69,010000	0,194478
69,020000	0,192566
69,030000	0,198302
69,040000	0,191928
69,050000	0,180456
69,060000	0,188741
69,070000	0,194478
69,080000	0,186192
69,090000	0,193840
69,100000	0,188741
69,110000	0,190654
69,120000	0,189379
69,130000	0,190016
69,140000	0,191928
69,150000	0,191291
69,160000	0,191928
69,170000	0,191928
69,180000	0,190654
69,190000	0,193840
69,200000	0,188741
69,210000	0,192566
69,220000	0,185555
69,230000	0,192566
69,240000	0,190016
69,250000	0,193840
69,260000	0,190016
69,270000	0,193840
69,280000	0,186192
69,290000	0,192566
69,300000	0,185555
69,310000	0,189379
69,320000	0,190654
69,330000	0,188741
69,340000	0,185555
69,350000	0,194478
69,360000	0,188741
69,370000	0,194478
69,380000	0,186829
69,390000	0,193840
69,400000	0,186192
69,410000	0,191291
69,420000	0,186192
69,430000	0,182368
69,440000	0,187467
69,450000	0,180456
69,460000	0,187467
69,470000	0,184280
69,480000	0,188104
69,490000	0,186192
69,500000	0,188104
69,510000	0,190654
69,520000	0,188104
69,530000	0,195115
69,540000	0,189379
69,550000	0,186192
69,560000	0,188104
69,570000	0,186192
69,580000	0,193203
69,590000	0,189379
69,600000	0,190016
69,610000	0,189379
69,620000	0,193840
69,630000	0,183005
69,640000	0,192566
69,650000	0,192566
69,660000	0,192566
69,670000	0,187467
69,680000	0,190654
69,690000	0,193203
69,700000	0,187467
69,710000	0,188104
69,720000	0,188741
69,730000	0,188104
69,740000	0,192566
69,750000	0,188104
69,760000	0,193203
69,770000	0,191291
69,780000	0,196390
69,790000	0,193203
69,800000	0,190654
69,810000	0,191291
69,820000	0,186829
69,830000	0,192566
69,840000	0,191928
69,850000	0,188741
69,860000	0,190016
69,870000	0,191291
69,880000	0,188104
69,890000	0,193203
69,900000	0,191928
69,910000	0,192566
69,920000	0,191928
69,930000	0,192566
69,940000	0,191928
69,950000	0,191291
69,960000	0,193840
69,970000	0,188741
69,980000	0,192566
69,990000	0,190654
70,000000	0,189379
70,010000	0,193840
70,020000	0,194478
70,030000	0,193840
70,040000	0,188104
70,050000	0,193203
70,060000	0,188104
70,070000	0,191928
70,080000	0,191928
70,090000	0,189379
70,100000	0,191291
70,110000	0,191291
70,120000	0,190654
70,130000	0,190654
70,140000	0,193840
70,150000	0,194478
70,160000	0,189379
70,170000	0,191928
70,180000	0,192566
70,190000	0,190016
70,200000	0,193840
70,210000	0,191928
70,220000	0,193840
70,230000	0,192566
70,240000	0,191291
70,250000	0,190654
70,260000	0,188741
70,270000	0,192566
70,280000	0,193840
70,290000	0,196390
70,300000	0,190016
70,310000	0,191291
70,320000	0,193840
70,330000	0,191928
70,340000	0,196390
70,350000	0,192566
70,360000	0,193840
70,370000	0,189379
70,380000	0,196390
70,390000	0,191928
70,400000	0,195752
70,410000	0,196390
70,420000	0,193840
70,430000	0,192566
70,440000	0,186192
70,450000	0,195115
70,460000	0,190654
70,470000	0,197027
70,480000	0,191928
70,490000	0,195752
70,500000	0,190654
70,510000	0,195752
70,520000	0,192566
70,530000	0,197665
70,540000	0,190016
70,550000	0,194478
70,560000	0,188741
70,570000	0,197665
70,580000	0,188741
70,590000	0,193203
70,600000	0,196390
70,610000	0,193840
70,620000	0,189379
70,630000	0,193840
70,640000	0,193203
70,650000	0,195115
70,660000	0,190016
70,670000	0,196390
70,680000	0,192566
70,690000	0,193203
70,700000	0,191291
70,710000	0,191291
70,720000	0,191928
70,730000	0,190016
70,740000	0,193840
70,750000	0,191928
70,760000	0,189379
70,770000	0,191928
70,780000	0,193203
70,790000	0,186192
70,800000	0,188741
70,810000	0,197665
70,820000	0,192566
70,830000	0,193840
70,840000	0,193203
70,850000	0,186829
70,860000	0,191291
70,870000	0,195115
70,880000	0,191291
70,890000	0,192566
70,900000	0,188741
70,910000	0,191928
70,920000	0,189379
70,930000	0,191928
70,940000	0,191291
70,950000	0,194478
70,960000	0,193203
70,970000	0,193840
70,980000	0,194478
70,990000	0,197027
71,000000	0,191291
71,010000	0,186192
71,020000	0,189379
71,030000	0,195115
71,040000	0,191291
71,050000	0,195752
71,060000	0,191291
71,070000	0,192566
71,080000	0,190016
71,090000	0,189379
71,100000	0,191928
71,110000	0,190016
71,120000	0,191928
71,130000	0,189379
71,140000	0,191928
71,150000	0,190016
71,160000	0,188104
71,170000	0,190016
71,180000	0,192566
71,190000	0,183005
71,200000	0,190654
71,210000	0,188741
71,220000	0,190654
71,230000	0,188104
71,240000	0,190654
71,250000	0,186192
71,260000	0,191291
71,270000	0,187467
71,280000	0,193840
71,290000	0,186829
71,300000	0,191291
71,310000	0,191928
71,320000	0,188741
71,330000	0,188741
71,340000	0,191291
71,350000	0,187467
71,360000	0,190654
71,370000	0,186192
71,380000	0,188741
71,390000	0,192566
71,400000	0,187467
71,410000	0,189379
71,420000	0,186192
71,430000	0,190654
71,440000	0,188104
71,450000	0,191928
71,460000	0,188741
71,470000	0,193840
71,480000	0,188741
71,490000	0,187467
71,500000	0,190016
71,510000	0,191291
71,520000	0,188104
71,530000	0,187467
71,540000	0,188741
71,550000	0,191928
71,560000	0,193840
71,570000	0,193840
71,580000	0,191291
71,590000	0,191291
71,600000	0,189379
71,610000	0,189379
71,620000	0,191291
71,630000	0,193203
71,640000	0,188104
71,650000	0,193203
71,660000	0,191928
71,670000	0,191928
71,680000	0,187467
71,690000	0,190016
71,700000	0,189379
71,710000	0,191928
71,720000	0,191291
71,730000	0,193203
71,740000	0,189379
71,750000	0,194478
71,760000	0,187467
71,770000	0,189379
71,780000	0,187467
71,790000	0,192566
71,800000	0,184280
71,810000	0,186192
71,820000	0,188741
71,830000	0,188104
71,840000	0,190654
71,850000	0,186829
71,860000	0,189379
71,870000	0,188104
71,880000	0,184917
71,890000	0,193840
71,900000	0,190016
71,910000	0,192566
71,920000	0,185555
71,930000	0,192566
71,940000	0,188741
71,950000	0,189379
71,960000	0,186192
71,970000	0,192566
71,980000	0,188741
71,990000	0,190654
72,000000	0,191291
72,010000	0,195752
72,020000	0,185555
72,030000	0,193840
72,040000	0,186829
72,050000	0,197027
72,060000	0,186829
72,070000	0,192566
72,080000	0,189379
72,090000	0,191928
72,100000	0,187467
72,110000	0,193203
72,120000	0,194478
72,130000	0,193203
72,140000	0,197027
72,150000	0,192566
72,160000	0,190654
72,170000	0,188104
72,180000	0,196390
72,190000	0,188741
72,200000	0,190016
72,210000	0,189379
72,220000	0,191291
72,230000	0,189379
72,240000	0,188104
72,250000	0,188104
72,260000	0,190016
72,270000	0,190654
72,280000	0,190016
72,290000	0,186192
72,300000	0,190016
72,310000	0,190654
72,320000	0,191928
72,330000	0,193840
72,340000	0,190016
72,350000	0,188104
72,360000	0,189379
72,370000	0,191928
72,380000	0,189379
72,390000	0,192566
72,400000	0,188741
72,410000	0,190654
72,420000	0,190016
72,430000	0,188104
72,440000	0,188104
72,450000	0,193203
72,460000	0,191291
72,470000	0,193840
72,480000	0,192566
72,490000	0,191291
72,500000	0,191291
72,510000	0,188741
72,520000	0,191928
72,530000	0,193203
72,540000	0,192566
72,550000	0,191928
72,560000	0,194478
72,570000	0,188741
72,580000	0,188741
72,590000	0,196390
72,600000	0,188104
72,610000	0,191928
72,620000	0,190654
72,630000	0,193840
72,640000	0,193840
72,650000	0,192566
72,660000	0,192566
72,670000	0,193203
72,680000	0,188741
72,690000	0,192566
72,700000	0,189379
72,710000	0,193840
72,720000	0,190654
72,730000	0,193840
72,740000	0,189379
72,750000	0,193840
72,760000	0,188104
72,770000	0,195752
72,780000	0,190016
72,790000	0,193840
72,800000	0,188741
72,810000	0,189379
72,820000	0,190654
72,830000	0,193840
72,840000	0,188741
72,850000	0,195752
72,860000	0,189379
72,870000	0,193840
72,880000	0,187467
72,890000	0,191928
72,900000	0,185555
72,910000	0,193840
72,920000	0,185555
72,930000	0,191928
72,940000	0,188104
72,950000	0,193840
72,960000	0,188741
72,970000	0,191291
72,980000	0,191291
72,990000	0,191291
73,000000	0,191291
73,010000	0,189379
73,020000	0,190654
73,030000	0,197027
73,040000	0,190016
73,050000	0,190016
73,060000	0,190654
73,070000	0,193840
73,080000	0,191291
73,090000	0,190016
73,100000	0,189379
73,110000	0,189379
73,120000	0,188741
73,130000	0,194478
73,140000	0,190016
73,150000	0,194478
73,160000	0,188104
73,170000	0,195115
73,180000	0,187467
73,190000	0,193840
73,200000	0,189379
73,210000	0,193203
73,220000	0,192566
73,230000	0,190016
73,240000	0,192566
73,250000	0,191291
73,260000	0,188104
73,270000	0,191928
73,280000	0,190654
73,290000	0,190654
73,300000	0,190654
73,310000	0,193203
73,320000	0,190016
73,330000	0,191291
73,340000	0,190654
73,350000	0,186829
73,360000	0,188741
73,370000	0,191291
73,380000	0,189379
73,390000	0,189379
73,400000	0,187467
73,410000	0,190654
73,420000	0,186192
73,430000	0,190016
73,440000	0,188741
73,450000	0,191291
73,460000	0,188741
73,470000	0,191291
73,480000	0,186192
73,490000	0,190654
73,500000	0,189379
73,510000	0,191928
73,520000	0,188741
73,530000	0,189379
73,540000	0,188104
73,550000	0,186192
73,560000	0,188104
73,570000	0,188104
73,580000	0,189379
73,590000	0,193840
73,600000	0,190016
73,610000	0,188104
73,620000	0,188741
73,630000	0,190654
73,640000	0,190654
73,650000	0,186192
73,660000	0,190654
73,670000	0,191291
73,680000	0,193203
73,690000	0,184917
73,700000	0,198939
73,710000	0,188104
73,720000	0,196390
73,730000	0,187467
73,740000	0,191928
73,750000	0,188104
73,760000	0,191928
73,770000	0,191291
73,780000	0,185555
73,790000	0,191291
73,800000	0,190016
73,810000	0,190016
73,820000	0,188741
73,830000	0,191928
73,840000	0,186829
73,850000	0,190016
73,860000	0,191291
73,870000	0,189379
73,880000	0,189379
73,890000	0,189379
73,900000	0,188741
73,910000	0,190016
73,920000	0,190654
73,930000	0,191928
73,940000	0,186192
73,950000	0,195115
73,960000	0,188104
73,970000	0,191291
73,980000	0,188104
73,990000	0,188104
74,000000	0,188741
74,010000	0,188104
74,020000	0,189379
74,030000	0,188741
74,040000	0,189379
74,050000	0,191291
74,060000	0,191291
74,070000	0,191291
74,080000	0,190016
74,090000	0,188741
74,100000	0,189379
74,110000	0,192566
74,120000	0,189379
74,130000	0,190654
74,140000	0,191928
74,150000	0,189379
74,160000	0,188741
74,170000	0,190016
74,180000	0,190016
74,190000	0,188741
74,200000	0,188104
74,210000	0,187467
74,220000	0,190654
74,230000	0,187467
74,240000	0,189379
74,250000	0,191928
74,260000	0,187467
74,270000	0,190654
74,280000	0,189379
74,290000	0,191291
74,300000	0,191291
74,310000	0,188741
74,320000	0,188741
74,330000	0,188104
74,340000	0,191291
74,350000	0,189379
74,360000	0,193840
74,370000	0,189379
74,380000	0,191291
74,390000	0,191928
74,400000	0,189379
74,410000	0,191928
74,420000	0,190654
74,430000	0,190654
74,440000	0,190016
74,450000	0,191928
74,460000	0,190016
74,470000	0,191928
74,480000	0,193840
74,490000	0,191291
74,500000	0,191928
74,510000	0,190654
74,520000	0,191291
74,530000	0,190654
74,540000	0,190654
74,550000	0,191291
74,560000	0,190654
74,570000	0,193840
74,580000	0,188741
74,590000	0,190016
74,600000	0,191291
74,610000	0,194478
74,620000	0,190654
74,630000	0,193203
74,640000	0,189379
74,650000	0,191928
74,660000	0,189379
74,670000	0,191928
74,680000	0,189379
74,690000	0,191291
74,700000	0,189379
74,710000	0,195752
74,720000	0,191291
74,730000	0,190016
74,740000	0,190654
74,750000	0,191291
74,760000	0,191291
74,770000	0,191928
74,780000	0,188741
74,790000	0,193203
74,800000	0,190016
74,810000	0,193203
74,820000	0,189379
74,830000	0,191291
74,840000	0,187467
74,850000	0,193203
74,860000	0,186192
74,870000	0,195115
74,880000	0,189379
74,890000	0,193840
74,900000	0,191291
74,910000	0,194478
74,920000	0,190016
74,930000	0,191928
74,940000	0,192566
74,950000	0,188741
74,960000	0,190016
74,970000	0,191291
74,980000	0,186829
74,990000	0,189379
75,000000	0,189379
75,010000	0,191291
75,020000	0,190654
75,030000	0,190654
75,040000	0,190016
75,050000	0,194478
75,060000	0,188741
75,070000	0,191291
75,080000	0,191291
75,090000	0,190016
75,100000	0,188104
75,110000	0,191291
75,120000	0,190016
75,130000	0,193203
75,140000	0,186829
75,150000	0,193840
75,160000	0,189379
75,170000	0,191291
75,180000	0,191291
75,190000	0,191291
75,200000	0,190016
75,210000	0,190016
75,220000	0,189379
75,230000	0,195115
75,240000	0,188741
75,250000	0,191291
75,260000	0,188741
75,270000	0,190654
75,280000	0,190016
75,290000	0,190016
75,300000	0,190654
75,310000	0,191928
75,320000	0,187467
75,330000	0,193840
75,340000	0,188741
75,350000	0,191928
75,360000	0,186192
75,370000	0,193840
75,380000	0,187467
75,390000	0,192566
75,400000	0,188104
75,410000	0,193840
75,420000	0,184917
75,430000	0,193203
75,440000	0,188104
75,450000	0,191928
75,460000	0,186829
75,470000	0,192566
75,480000	0,188741
75,490000	0,191291
75,500000	0,188104
75,510000	0,191291
75,520000	0,189379
75,530000	0,190654
75,540000	0,189379
75,550000	0,190016
75,560000	0,188741
75,570000	0,193203
75,580000	0,186829
75,590000	0,191291
75,600000	0,188741
75,610000	0,190654
75,620000	0,190654
75,630000	0,190654
75,640000	0,188104
75,650000	0,190654
75,660000	0,188104
75,670000	0,188104
75,680000	0,188741
75,690000	0,188741
75,700000	0,189379
75,710000	0,187467
75,720000	0,187467
75,730000	0,188104
75,740000	0,190016
75,750000	0,188104
75,760000	0,186829
75,770000	0,187467
75,780000	0,190654
75,790000	0,191291
75,800000	0,185555
75,810000	0,186829
75,820000	0,185555
75,830000	0,191291
75,840000	0,188104
75,850000	0,187467
75,860000	0,193203
75,870000	0,189379
75,880000	0,186829
75,890000	0,188741
75,900000	0,190016
75,910000	0,191291
75,920000	0,187467
75,930000	0,190654
75,940000	0,188104
75,950000	0,188741
75,960000	0,191291
75,970000	0,190654
75,980000	0,188104
75,990000	0,186829
76,000000	0,189379
76,010000	0,189379
76,020000	0,187467
76,030000	0,189379
76,040000	0,188741
76,050000	0,190016
76,060000	0,189379
76,070000	0,190016
76,080000	0,186829
76,090000	0,188741
76,100000	0,187467
76,110000	0,190654
76,120000	0,188104
76,130000	0,191291
76,140000	0,188741
76,150000	0,190654
76,160000	0,188741
76,170000	0,190016
76,180000	0,188104
76,190000	0,192566
76,200000	0,186829
76,210000	0,190016
76,220000	0,187467
76,230000	0,191928
76,240000	0,188104
76,250000	0,189379
76,260000	0,186192
76,270000	0,190016
76,280000	0,190654
76,290000	0,191291
76,300000	0,190654
76,310000	0,187467
76,320000	0,189379
76,330000	0,184917
76,340000	0,190654
76,350000	0,191291
76,360000	0,191928
76,370000	0,187467
76,380000	0,191291
76,390000	0,191291
76,400000	0,190016
76,410000	0,187467
76,420000	0,191291
76,430000	0,190016
76,440000	0,190016
76,450000	0,189379
76,460000	0,190016
76,470000	0,191928
76,480000	0,191291
76,490000	0,186192
76,500000	0,189379
76,510000	0,188741
76,520000	0,191928
76,530000	0,191291
76,540000	0,189379
76,550000	0,190654
76,560000	0,191291
76,570000	0,190016
76,580000	0,193203
76,590000	0,189379
76,600000	0,191928
76,610000	0,189379
76,620000	0,192566
76,630000	0,189379
76,640000	0,188741
76,650000	0,191291
76,660000	0,191291
76,670000	0,189379
76,680000	0,188104
76,690000	0,192566
76,700000	0,188741
76,710000	0,188741
76,720000	0,190654
76,730000	0,190654
76,740000	0,189379
76,750000	0,190016
76,760000	0,190016
76,770000	0,189379
76,780000	0,190016
76,790000	0,194478
76,800000	0,189379
76,810000	0,190654
76,820000	0,190016
76,830000	0,191291
76,840000	0,191928
76,850000	0,191928
76,860000	0,190654
76,870000	0,191291
76,880000	0,189379
76,890000	0,194478
76,900000	0,193203
76,910000	0,192566
76,920000	0,188741
76,930000	0,195115
76,940000	0,191291
76,950000	0,193203
76,960000	0,190654
76,970000	0,196390
76,980000	0,188104
76,990000	0,191928
77,000000	0,186192
77,010000	0,196390
77,020000	0,187467
77,030000	0,193840
77,040000	0,189379
77,050000	0,194478
77,060000	0,189379
77,070000	0,190654
77,080000	0,190654
77,090000	0,193840
77,100000	0,186829
77,110000	0,193840
77,120000	0,188104
77,130000	0,191291
77,140000	0,190654
77,150000	0,191291
77,160000	0,189379
77,170000	0,193203
77,180000	0,189379
77,190000	0,191291
77,200000	0,188741
77,210000	0,192566
77,220000	0,188741
77,230000	0,190654
77,240000	0,189379
77,250000	0,192566
77,260000	0,190016
77,270000	0,192566
77,280000	0,188741
77,290000	0,190654
77,300000	0,188104
77,310000	0,191928
77,320000	0,188741
77,330000	0,190016
77,340000	0,188741
77,350000	0,193840
77,360000	0,189379
77,370000	0,191291
77,380000	0,186829
77,390000	0,189379
77,400000	0,187467
77,410000	0,192566
77,420000	0,186829
77,430000	0,193203
77,440000	0,186829
77,450000	0,191291
77,460000	0,188741
77,470000	0,190016
77,480000	0,188104
77,490000	0,195115
77,500000	0,186829
77,510000	0,191291
77,520000	0,188741
77,530000	0,190654
77,540000	0,186829
77,550000	0,190016
77,560000	0,188741
77,570000	0,193203
77,580000	0,186829
77,590000	0,190016
77,600000	0,185555
77,610000	0,190016
77,620000	0,186829
77,630000	0,188741
77,640000	0,188104
77,650000	0,189379
77,660000	0,186829
77,670000	0,188741
77,680000	0,190016
77,690000	0,191291
77,700000	0,186192
77,710000	0,187467
77,720000	0,187467
77,730000	0,188741
77,740000	0,186192
77,750000	0,188741
77,760000	0,189379
77,770000	0,188104
77,780000	0,186192
77,790000	0,186829
77,800000	0,188741
77,810000	0,188104
77,820000	0,185555
77,830000	0,186829
77,840000	0,188104
77,850000	0,189379
77,860000	0,186192
77,870000	0,186829
77,880000	0,191928
77,890000	0,189379
77,900000	0,186192
77,910000	0,188741
77,920000	0,188104
77,930000	0,188741
77,940000	0,185555
77,950000	0,189379
77,960000	0,183005
77,970000	0,188741
77,980000	0,188741
77,990000	0,191291
78,000000	0,188104
78,010000	0,190654
78,020000	0,186192
78,030000	0,187467
78,040000	0,184917
78,050000	0,190654
78,060000	0,185555
78,070000	0,188741
78,080000	0,184917
78,090000	0,193840
78,100000	0,186829
78,110000	0,193840
78,120000	0,181730
78,130000	0,193840
78,140000	0,185555
78,150000	0,190654
78,160000	0,181093
78,170000	0,188741
78,180000	0,188104
78,190000	0,190654
78,200000	0,186829
78,210000	0,193203
78,220000	0,185555
78,230000	0,193203
78,240000	0,187467
78,250000	0,189379
78,260000	0,185555
78,270000	0,191928
78,280000	0,185555
78,290000	0,193840
78,300000	0,186829
78,310000	0,190016
78,320000	0,186192
78,330000	0,188741
78,340000	0,187467
78,350000	0,191291
78,360000	0,190654
78,370000	0,194478
78,380000	0,187467
78,390000	0,193840
78,400000	0,187467
78,410000	0,193840
78,420000	0,184280
78,430000	0,193203
78,440000	0,185555
78,450000	0,193840
78,460000	0,187467
78,470000	0,188741
78,480000	0,190016
78,490000	0,192566
78,500000	0,186192
78,510000	0,193840
78,520000	0,186829
78,530000	0,195115
78,540000	0,184280
78,550000	0,196390
78,560000	0,186829
78,570000	0,195115
78,580000	0,184917
78,590000	0,193840
78,600000	0,184917
78,610000	0,193840
78,620000	0,183005
78,630000	0,197027
78,640000	0,186829
78,650000	0,196390
78,660000	0,186829
78,670000	0,194478
78,680000	0,189379
78,690000	0,193203
78,700000	0,187467
78,710000	0,194478
78,720000	0,190654
78,730000	0,197027
78,740000	0,189379
78,750000	0,195115
78,760000	0,188741
78,770000	0,191928
78,780000	0,191291
78,790000	0,192566
78,800000	0,188104
78,810000	0,195115
78,820000	0,188104
78,830000	0,191291
78,840000	0,191291
78,850000	0,192566
78,860000	0,191291
78,870000	0,195752
78,880000	0,187467
78,890000	0,193203
78,900000	0,190654
78,910000	0,190654
78,920000	0,193203
78,930000	0,191291
78,940000	0,191291
78,950000	0,193203
78,960000	0,189379
78,970000	0,193840
78,980000	0,191291
78,990000	0,188104
79,000000	0,188741
79,010000	0,193203
79,020000	0,192566
79,030000	0,188741
79,040000	0,192566
79,050000	0,189379
79,060000	0,188104
79,070000	0,192566
79,080000	0,190654
79,090000	0,193203
79,100000	0,188741
79,110000	0,196390
79,120000	0,187467
79,130000	0,193840
79,140000	0,188104
79,150000	0,192566
79,160000	0,189379
79,170000	0,193203
79,180000	0,189379
79,190000	0,191928
79,200000	0,190016
79,210000	0,192566
79,220000	0,190654
79,230000	0,190654
79,240000	0,191291
79,250000	0,190016
79,260000	0,188104
79,270000	0,195752
79,280000	0,188104
79,290000	0,190016
79,300000	0,188741
79,310000	0,191928
79,320000	0,190016
79,330000	0,191291
79,340000	0,189379
79,350000	0,188741
79,360000	0,190654
79,370000	0,188741
79,380000	0,192566
79,390000	0,188104
79,400000	0,191291
79,410000	0,190654
79,420000	0,189379
79,430000	0,193203
79,440000	0,190654
79,450000	0,190654
79,460000	0,190654
79,470000	0,190654
79,480000	0,190654
79,490000	0,190016
79,500000	0,185555
79,510000	0,189379
79,520000	0,191291
79,530000	0,188741
79,540000	0,187467
79,550000	0,190016
79,560000	0,190016
79,570000	0,190016
79,580000	0,189379
79,590000	0,188741
79,600000	0,189379
79,610000	0,188741
79,620000	0,192566
79,630000	0,191928
79,640000	0,191291
79,650000	0,188741
79,660000	0,191291
79,670000	0,186192
79,680000	0,190016
79,690000	0,186192
79,700000	0,185555
79,710000	0,186192
79,720000	0,185555
79,730000	0,186829
79,740000	0,191291
79,750000	0,185555
79,760000	0,187467
79,770000	0,189379
79,780000	0,186829
79,790000	0,185555
79,800000	0,188741
79,810000	0,189379
79,820000	0,192566
79,830000	0,188104
79,840000	0,187467
79,850000	0,188741
79,860000	0,185555
79,870000	0,187467
79,880000	0,188741
79,890000	0,186192
79,900000	0,190654
79,910000	0,188741
79,920000	0,183643
79,930000	0,188104
79,940000	0,187467
79,950000	0,188741
79,960000	0,186192
79,970000	0,188741
79,980000	0,185555
79,990000	0,186829
80,000000	0,185555
80,010000	0,189379
80,020000	0,186192
80,030000	0,188104
80,040000	0,186829
80,050000	0,189379
80,060000	0,186192
80,070000	0,186829
80,080000	0,184280
80,090000	0,189379
80,100000	0,189379
80,110000	0,186829
80,120000	0,188104
80,130000	0,184280
80,140000	0,187467
80,150000	0,188741
80,160000	0,186829
80,170000	0,186192
80,180000	0,190016
80,190000	0,187467
80,200000	0,184917
80,210000	0,192566
80,220000	0,188104
80,230000	0,188104
80,240000	0,189379
80,250000	0,188741
80,260000	0,190654
80,270000	0,187467
80,280000	0,187467
80,290000	0,187467
80,300000	0,190016
80,310000	0,187467
80,320000	0,186829
80,330000	0,188104
80,340000	0,185555
80,350000	0,190016
80,360000	0,186192
80,370000	0,184280
80,380000	0,187467
80,390000	0,188741
80,400000	0,190016
80,410000	0,188741
80,420000	0,189379
80,430000	0,189379
80,440000	0,187467
80,450000	0,190654
80,460000	0,189379
80,470000	0,188104
80,480000	0,188104
80,490000	0,187467
80,500000	0,191291
80,510000	0,186192
80,520000	0,187467
80,530000	0,188104
80,540000	0,189379
80,550000	0,188104
80,560000	0,190016
80,570000	0,193203
80,580000	0,188104
80,590000	0,188741
80,600000	0,190016
80,610000	0,191291
80,620000	0,192566
80,630000	0,188741
80,640000	0,188741
80,650000	0,190654
80,660000	0,190654
80,670000	0,189379
80,680000	0,189379
80,690000	0,191291
80,700000	0,188741
80,710000	0,191928
80,720000	0,191291
80,730000	0,188741
80,740000	0,188741
80,750000	0,190654
80,760000	0,190654
80,770000	0,191291
80,780000	0,192566
80,790000	0,188741
80,800000	0,193840
80,810000	0,188741
80,820000	0,190654
80,830000	0,187467
80,840000	0,190654
80,850000	0,188104
80,860000	0,192566
80,870000	0,190654
80,880000	0,191291
80,890000	0,188104
80,900000	0,195115
80,910000	0,189379
80,920000	0,194478
80,930000	0,189379
80,940000	0,193840
80,950000	0,190016
80,960000	0,193203
80,970000	0,193203
80,980000	0,195115
80,990000	0,188741
81,000000	0,192566
81,010000	0,190654
81,020000	0,192566
81,030000	0,187467
81,040000	0,191291
81,050000	0,191291
81,060000	0,192566
81,070000	0,190654
81,080000	0,193203
81,090000	0,190016
81,100000	0,191291
81,110000	0,193840
81,120000	0,193840
81,130000	0,189379
81,140000	0,190654
81,150000	0,190654
81,160000	0,193840
81,170000	0,191928
81,180000	0,195115
81,190000	0,190654
81,200000	0,194478
81,210000	0,187467
81,220000	0,193203
81,230000	0,189379
81,240000	0,191928
81,250000	0,188741
81,260000	0,189379
81,270000	0,190654
81,280000	0,191291
81,290000	0,192566
81,300000	0,191928
81,310000	0,192566
81,320000	0,193840
81,330000	0,191291
81,340000	0,191928
81,350000	0,188104
81,360000	0,191291
81,370000	0,189379
81,380000	0,188741
81,390000	0,192566
81,400000	0,191291
81,410000	0,192566
81,420000	0,190654
81,430000	0,188104
81,440000	0,187467
81,450000	0,192566
81,460000	0,191928
81,470000	0,188104
81,480000	0,186829
81,490000	0,189379
81,500000	0,193840
81,510000	0,192566
81,520000	0,188741
81,530000	0,195115
81,540000	0,183643
81,550000	0,191928
81,560000	0,188104
81,570000	0,193840
81,580000	0,186829
81,590000	0,190654
81,600000	0,187467
81,610000	0,187467
81,620000	0,192566
81,630000	0,188104
81,640000	0,188741
81,650000	0,188741
81,660000	0,188104
81,670000	0,186829
81,680000	0,191291
81,690000	0,188104
81,700000	0,186192
81,710000	0,188741
81,720000	0,187467
81,730000	0,188104
81,740000	0,188741
81,750000	0,187467
81,760000	0,188741
81,770000	0,188741
81,780000	0,188104
81,790000	0,187467
81,800000	0,183005
81,810000	0,188104
81,820000	0,183643
81,830000	0,187467
81,840000	0,185555
81,850000	0,188741
81,860000	0,188741
81,870000	0,190016
81,880000	0,186192
81,890000	0,190654
81,900000	0,185555
81,910000	0,191291
81,920000	0,184280
81,930000	0,188741
81,940000	0,184917
81,950000	0,188741
81,960000	0,183643
81,970000	0,187467
81,980000	0,186829
81,990000	0,184917
82,000000	0,185555
82,010000	0,188104
82,020000	0,186192
82,030000	0,189379
82,040000	0,184917
82,050000	0,188104
82,060000	0,182368
82,070000	0,190016
82,080000	0,187467
82,090000	0,187467
82,100000	0,184917
82,110000	0,187467
82,120000	0,186829
82,130000	0,186192
82,140000	0,188104
82,150000	0,187467
82,160000	0,188741
82,170000	0,190016
82,180000	0,185555
82,190000	0,188741
82,200000	0,185555
82,210000	0,186829
82,220000	0,183005
82,230000	0,189379
82,240000	0,184280
82,250000	0,193203
82,260000	0,180456
82,270000	0,187467
82,280000	0,183643
82,290000	0,187467
82,300000	0,185555
82,310000	0,190016
82,320000	0,186192
82,330000	0,187467
82,340000	0,188104
82,350000	0,191928
82,360000	0,186829
82,370000	0,189379
82,380000	0,186829
82,390000	0,191928
82,400000	0,188741
82,410000	0,187467
82,420000	0,186829
82,430000	0,186192
82,440000	0,190016
82,450000	0,190654
82,460000	0,184917
82,470000	0,190654
82,480000	0,185555
82,490000	0,191291
82,500000	0,188104
82,510000	0,188104
82,520000	0,188104
82,530000	0,187467
82,540000	0,189379
82,550000	0,188741
82,560000	0,190016
82,570000	0,188104
82,580000	0,189379
82,590000	0,192566
82,600000	0,192566
82,610000	0,188741
82,620000	0,188104
82,630000	0,189379
82,640000	0,187467
82,650000	0,190016
82,660000	0,193203
82,670000	0,191291
82,680000	0,190016
82,690000	0,191291
82,700000	0,191291
82,710000	0,191291
82,720000	0,188741
82,730000	0,187467
82,740000	0,191291
82,750000	0,189379
82,760000	0,190654
82,770000	0,188741
82,780000	0,189379
82,790000	0,191291
82,800000	0,190016
82,810000	0,192566
82,820000	0,190016
82,830000	0,191291
82,840000	0,191928
82,850000	0,192566
82,860000	0,193840
82,870000	0,190654
82,880000	0,189379
82,890000	0,190016
82,900000	0,193840
82,910000	0,190016
82,920000	0,190016
82,930000	0,190016
82,940000	0,190654
82,950000	0,193840
82,960000	0,189379
82,970000	0,190654
82,980000	0,190654
82,990000	0,194478
83,000000	0,193203
83,010000	0,195115
83,020000	0,190654
83,030000	0,192566
83,040000	0,192566
83,050000	0,192566
83,060000	0,191291
83,070000	0,192566
83,080000	0,194478
83,090000	0,191291
83,100000	0,194478
83,110000	0,190654
83,120000	0,191291
83,130000	0,189379
83,140000	0,191928
83,150000	0,193840
83,160000	0,191291
83,170000	0,191928
83,180000	0,189379
83,190000	0,192566
83,200000	0,191928
83,210000	0,190016
83,220000	0,188741
83,230000	0,188741
83,240000	0,188741
83,250000	0,193203
83,260000	0,188741
83,270000	0,191291
83,280000	0,190016
83,290000	0,190654
83,300000	0,191291
83,310000	0,188104
83,320000	0,190016
83,330000	0,191928
83,340000	0,191928
83,350000	0,190654
83,360000	0,190016
83,370000	0,191928
83,380000	0,188741
83,390000	0,191291
83,400000	0,193203
83,410000	0,188741
83,420000	0,188104
83,430000	0,189379
83,440000	0,192566
83,450000	0,189379
83,460000	0,188741
83,470000	0,190016
83,480000	0,191928
83,490000	0,192566
83,500000	0,190016
83,510000	0,190654
83,520000	0,186829
83,530000	0,186192
83,540000	0,191928
83,550000	0,188741
83,560000	0,184917
83,570000	0,191928
83,580000	0,190654
83,590000	0,191291
83,600000	0,191291
83,610000	0,188741
83,620000	0,186829
83,630000	0,191928
83,640000	0,184917
83,650000	0,192566
83,660000	0,183643
83,670000	0,193840
83,680000	0,189379
83,690000	0,190654
83,700000	0,188104
83,710000	0,191291
83,720000	0,186829
83,730000	0,193840
83,740000	0,189379
83,750000	0,188741
83,760000	0,190654
83,770000	0,188741
83,780000	0,187467
83,790000	0,188104
83,800000	0,187467
83,810000	0,187467
83,820000	0,186192
83,830000	0,184917
83,840000	0,186829
83,850000	0,192566
83,860000	0,184280
83,870000	0,193840
83,880000	0,183643
83,890000	0,186829
83,900000	0,188104
83,910000	0,188104
83,920000	0,184917
83,930000	0,186829
83,940000	0,185555
83,950000	0,193203
83,960000	0,184280
83,970000	0,188104
83,980000	0,184917
83,990000	0,191928
84,000000	0,185555
84,010000	0,189379
84,020000	0,185555
84,030000	0,188741
84,040000	0,182368
84,050000	0,192566
84,060000	0,182368
84,070000	0,189379
84,080000	0,183643
84,090000	0,188741
84,100000	0,186192
84,110000	0,187467
84,120000	0,183005
84,130000	0,186192
84,140000	0,185555
84,150000	0,188741
84,160000	0,185555
84,170000	0,187467
84,180000	0,184917
84,190000	0,186192
84,200000	0,187467
84,210000	0,187467
84,220000	0,184917
84,230000	0,190654
84,240000	0,185555
84,250000	0,187467
84,260000	0,189379
84,270000	0,184917
84,280000	0,188104
84,290000	0,188741
84,300000	0,191928
84,310000	0,187467
84,320000	0,188104
84,330000	0,184280
84,340000	0,189379
84,350000	0,186192
84,360000	0,190654
84,370000	0,188741
84,380000	0,193203
84,390000	0,188104
84,400000	0,188741
84,410000	0,186192
84,420000	0,191291
84,430000	0,184917
84,440000	0,191291
84,450000	0,186829
84,460000	0,187467
84,470000	0,189379
84,480000	0,185555
84,490000	0,186829
84,500000	0,188104
84,510000	0,190654
84,520000	0,189379
84,530000	0,187467
84,540000	0,186829
84,550000	0,188741
84,560000	0,189379
84,570000	0,185555
84,580000	0,189379
84,590000	0,187467
84,600000	0,189379
84,610000	0,188104
84,620000	0,189379
84,630000	0,190016
84,640000	0,186829
84,650000	0,190654
84,660000	0,190016
84,670000	0,190016
84,680000	0,186829
84,690000	0,187467
84,700000	0,190654
84,710000	0,188104
84,720000	0,192566
84,730000	0,190016
84,740000	0,190016
84,750000	0,190654
84,760000	0,188104
84,770000	0,188741
84,780000	0,190016
84,790000	0,191928
84,800000	0,186192
84,810000	0,190654
84,820000	0,188741
84,830000	0,189379
84,840000	0,190654
84,850000	0,191928
84,860000	0,186192
84,870000	0,192566
84,880000	0,190016
84,890000	0,197027
84,900000	0,187467
84,910000	0,192566
84,920000	0,191928
84,930000	0,189379
84,940000	0,190016
84,950000	0,190016
84,960000	0,190016
84,970000	0,192566
84,980000	0,185555
84,990000	0,191291
85,000000	0,190654
85,010000	0,194478
85,020000	0,188741
85,030000	0,192566
85,040000	0,190016
85,050000	0,192566
85,060000	0,190654
85,070000	0,193840
85,080000	0,190016
85,090000	0,191291
85,100000	0,191291
85,110000	0,193840
85,120000	0,188741
85,130000	0,193203
85,140000	0,190016
85,150000	0,192566
85,160000	0,185555
85,170000	0,194478
85,180000	0,190016
85,190000	0,194478
85,200000	0,190016
85,210000	0,189379
85,220000	0,188741
85,230000	0,188741
85,240000	0,188104
85,250000	0,193203
85,260000	0,188741
85,270000	0,193203
85,280000	0,188741
85,290000	0,193203
85,300000	0,190654
85,310000	0,193840
85,320000	0,188741
85,330000	0,188104
85,340000	0,191928
85,350000	0,190654
85,360000	0,191928
85,370000	0,194478
85,380000	0,186192
85,390000	0,193840
85,400000	0,186829
85,410000	0,195115
85,420000	0,194478
85,430000	0,193840
85,440000	0,191291
85,450000	0,193840
85,460000	0,191291
85,470000	0,189379
85,480000	0,190016
85,490000	0,187467
85,500000	0,188104
85,510000	0,191291
85,520000	0,191291
85,530000	0,193203
85,540000	0,191291
85,550000	0,193840
85,560000	0,186192
85,570000	0,191928
85,580000	0,190654
85,590000	0,188104
85,600000	0,192566
85,610000	0,187467
85,620000	0,186829
85,630000	0,187467
85,640000	0,190016
85,650000	0,188104
85,660000	0,186829
85,670000	0,190654
85,680000	0,189379
85,690000	0,190016
85,700000	0,188104
85,710000	0,191291
85,720000	0,184917
85,730000	0,188741
85,740000	0,191928
85,750000	0,185555
85,760000	0,185555
85,770000	0,186829
85,780000	0,190016
85,790000	0,186192
85,800000	0,186192
85,810000	0,188104
85,820000	0,181093
85,830000	0,190654
85,840000	0,182368
85,850000	0,191291
85,860000	0,184280
85,870000	0,191291
85,880000	0,180456
85,890000	0,189379
85,900000	0,183005
85,910000	0,186829
85,920000	0,184280
85,930000	0,188741
85,940000	0,185555
85,950000	0,187467
85,960000	0,187467
85,970000	0,188741
85,980000	0,186192
85,990000	0,193840
86,000000	0,186192
86,010000	0,187467
86,020000	0,189379
86,030000	0,190654
86,040000	0,184280
86,050000	0,182368
86,060000	0,190654
86,070000	0,187467
86,080000	0,189379
86,090000	0,184917
86,100000	0,188104
86,110000	0,190016
86,120000	0,181093
86,130000	0,188741
86,140000	0,184917
86,150000	0,188104
86,160000	0,185555
86,170000	0,185555
86,180000	0,188104
86,190000	0,186829
86,200000	0,185555
86,210000	0,186829
86,220000	0,186192
86,230000	0,186829
86,240000	0,186829
86,250000	0,186829
86,260000	0,183643
86,270000	0,183005
86,280000	0,183005
86,290000	0,187467
86,300000	0,184280
86,310000	0,188104
86,320000	0,185555
86,330000	0,188104
86,340000	0,187467
86,350000	0,184280
86,360000	0,184280
86,370000	0,186192
86,380000	0,183005
86,390000	0,188741
86,400000	0,184280
86,410000	0,186192
86,420000	0,185555
86,430000	0,186829
86,440000	0,188741
86,450000	0,187467
86,460000	0,187467
86,470000	0,185555
86,480000	0,186829
86,490000	0,186829
86,500000	0,188741
86,510000	0,185555
86,520000	0,188104
86,530000	0,182368
86,540000	0,188741
86,550000	0,188104
86,560000	0,186829
86,570000	0,184280
86,580000	0,186192
86,590000	0,188104
86,600000	0,188104
86,610000	0,187467
86,620000	0,186829
86,630000	0,189379
86,640000	0,186829
86,650000	0,186829
86,660000	0,188104
86,670000	0,190016
86,680000	0,191928
86,690000	0,190016
86,700000	0,191291
86,710000	0,189379
86,720000	0,186829
86,730000	0,187467
86,740000	0,190016
86,750000	0,195115
86,760000	0,187467
86,770000	0,190654
86,780000	0,188104
86,790000	0,190654
86,800000	0,188104
86,810000	0,191291
86,820000	0,190654
86,830000	0,191291
86,840000	0,188741
86,850000	0,189379
86,860000	0,188104
86,870000	0,190654
86,880000	0,190016
86,890000	0,188741
86,900000	0,191928
86,910000	0,188741
86,920000	0,192566
86,930000	0,186192
86,940000	0,189379
86,950000	0,190016
86,960000	0,192566
86,970000	0,188104
86,980000	0,190654
86,990000	0,193203
87,000000	0,190016
87,010000	0,191928
87,020000	0,188104
87,030000	0,192566
87,040000	0,188104
87,050000	0,191928
87,060000	0,187467
87,070000	0,193840
87,080000	0,190016
87,090000	0,193840
87,100000	0,186192
87,110000	0,193203
87,120000	0,188741
87,130000	0,193840
87,140000	0,187467
87,150000	0,193840
87,160000	0,190016
87,170000	0,194478
87,180000	0,188741
87,190000	0,195752
87,200000	0,188104
87,210000	0,193203
87,220000	0,188104
87,230000	0,193840
87,240000	0,185555
87,250000	0,191291
87,260000	0,190016
87,270000	0,191291
87,280000	0,190016
87,290000	0,193203
87,300000	0,187467
87,310000	0,193840
87,320000	0,188741
87,330000	0,189379
87,340000	0,187467
87,350000	0,190654
87,360000	0,188741
87,370000	0,188741
87,380000	0,186829
87,390000	0,194478
87,400000	0,187467
87,410000	0,190654
87,420000	0,186192
87,430000	0,192566
87,440000	0,189379
87,450000	0,189379
87,460000	0,186192
87,470000	0,193840
87,480000	0,183005
87,490000	0,193840
87,500000	0,187467
87,510000	0,191291
87,520000	0,186192
87,530000	0,190654
87,540000	0,187467
87,550000	0,193840
87,560000	0,187467
87,570000	0,191291
87,580000	0,186829
87,590000	0,189379
87,600000	0,184917
87,610000	0,189379
87,620000	0,186829
87,630000	0,189379
87,640000	0,189379
87,650000	0,188741
87,660000	0,189379
87,670000	0,190654
87,680000	0,188741
87,690000	0,190016
87,700000	0,190654
87,710000	0,188741
87,720000	0,193203
87,730000	0,193840
87,740000	0,190654
87,750000	0,188741
87,760000	0,186192
87,770000	0,189379
87,780000	0,191291
87,790000	0,186829
87,800000	0,186192
87,810000	0,186829
87,820000	0,190016
87,830000	0,187467
87,840000	0,193203
87,850000	0,186192
87,860000	0,189379
87,870000	0,185555
87,880000	0,187467
87,890000	0,184917
87,900000	0,191291
87,910000	0,183643
87,920000	0,190016
87,930000	0,188741
87,940000	0,188741
87,950000	0,184917
87,960000	0,184280
87,970000	0,188741
87,980000	0,188741
87,990000	0,183005
88,000000	0,189379
88,010000	0,184917
88,020000	0,190016
88,030000	0,188104
88,040000	0,185555
88,050000	0,184917
88,060000	0,187467
88,070000	0,184917
88,080000	0,188741
88,090000	0,190654
88,100000	0,186192
88,110000	0,188741
88,120000	0,188104
88,130000	0,188741
88,140000	0,185555
88,150000	0,186192
88,160000	0,189379
88,170000	0,186192
88,180000	0,188741
88,190000	0,184280
88,200000	0,191291
88,210000	0,190654
88,220000	0,188741
88,230000	0,186192
88,240000	0,186192
88,250000	0,187467
88,260000	0,188741
88,270000	0,188104
88,280000	0,185555
88,290000	0,183005
88,300000	0,185555
88,310000	0,191291
88,320000	0,186829
88,330000	0,186192
88,340000	0,183643
88,350000	0,190016
88,360000	0,184280
88,370000	0,186829
88,380000	0,183005
88,390000	0,183643
88,400000	0,182368
88,410000	0,190654
88,420000	0,184917
88,430000	0,185555
88,440000	0,188741
88,450000	0,185555
88,460000	0,188104
88,470000	0,188741
88,480000	0,186829
88,490000	0,186829
88,500000	0,183643
88,510000	0,188741
88,520000	0,181093
88,530000	0,186192
88,540000	0,183643
88,550000	0,190654
88,560000	0,189379
88,570000	0,186192
88,580000	0,184917
88,590000	0,185555
88,600000	0,187467
88,610000	0,188104
88,620000	0,182368
88,630000	0,186829
88,640000	0,184280
88,650000	0,184917
88,660000	0,186192
88,670000	0,188741
88,680000	0,190016
88,690000	0,188104
88,700000	0,186192
88,710000	0,189379
88,720000	0,183643
88,730000	0,188741
88,740000	0,189379
88,750000	0,191291
88,760000	0,188741
88,770000	0,190016
88,780000	0,188741
88,790000	0,188104
88,800000	0,191928
88,810000	0,188104
88,820000	0,183005
88,830000	0,190016
88,840000	0,188741
88,850000	0,187467
88,860000	0,188741
88,870000	0,184917
88,880000	0,190654
88,890000	0,188104
88,900000	0,186829
88,910000	0,188104
88,920000	0,190654
88,930000	0,190016
88,940000	0,190016
88,950000	0,188741
88,960000	0,191291
88,970000	0,188741
88,980000	0,183643
88,990000	0,188104
89,000000	0,186192
89,010000	0,191291
89,020000	0,187467
89,030000	0,190654
89,040000	0,188104
89,050000	0,190016
89,060000	0,191291
89,070000	0,186829
89,080000	0,188741
89,090000	0,190016
89,100000	0,186192
89,110000	0,190654
89,120000	0,186829
89,130000	0,195115
89,140000	0,190016
89,150000	0,190016
89,160000	0,186192
89,170000	0,187467
89,180000	0,191291
89,190000	0,188741
89,200000	0,186829
89,210000	0,192566
89,220000	0,191291
89,230000	0,191291
89,240000	0,193840
89,250000	0,189379
89,260000	0,191291
89,270000	0,192566
89,280000	0,191291
89,290000	0,191291
89,300000	0,190016
89,310000	0,191928
89,320000	0,191291
89,330000	0,188104
89,340000	0,191291
89,350000	0,190016
89,360000	0,188741
89,370000	0,189379
89,380000	0,191291
89,390000	0,193203
89,400000	0,191928
89,410000	0,189379
89,420000	0,189379
89,430000	0,188741
89,440000	0,191291
89,450000	0,189379
89,460000	0,185555
89,470000	0,196390
89,480000	0,188104
89,490000	0,192566
89,500000	0,187467
89,510000	0,194478
89,520000	0,191928
89,530000	0,188741
89,540000	0,189379
89,550000	0,191291
89,560000	0,187467
89,570000	0,192566
89,580000	0,191291
89,590000	0,192566
89,600000	0,190654
89,610000	0,190016
89,620000	0,184280
89,630000	0,193840
89,640000	0,189379
89,650000	0,191291
89,660000	0,188104
89,670000	0,187467
89,680000	0,185555
89,690000	0,193203
89,700000	0,189379
89,710000	0,188104
89,720000	0,188741
89,730000	0,188741
89,740000	0,189379
89,750000	0,191928
89,760000	0,185555
89,770000	0,191291
89,780000	0,187467
89,790000	0,191291
89,800000	0,193840
89,810000	0,189379
89,820000	0,189379
89,830000	0,186829
89,840000	0,183643
89,850000	0,188104
89,860000	0,190654
89,870000	0,186829
89,880000	0,189379
89,890000	0,188104
89,900000	0,191291
89,910000	0,191928
89,920000	0,188741
89,930000	0,190654
89,940000	0,194478
89,950000	0,186192
89,960000	0,188741
89,970000	0,191291
89,980000	0,188741
89,990000	0,188104
90,000000	0,189379
90,010000	0,187467
90,020000	0,190016
90,030000	0,184280
90,040000	0,186192
90,050000	0,187467
90,060000	0,188104
90,070000	0,186192
90,080000	0,185555
90,090000	0,190016
90,100000	0,190654
90,110000	0,185555
90,120000	0,190016
90,130000	0,184917
90,140000	0,188741
90,150000	0,186829
90,160000	0,185555
90,170000	0,188741
90,180000	0,189379
90,190000	0,184280
90,200000	0,188104
90,210000	0,188741
90,220000	0,186192
90,230000	0,186829
90,240000	0,186192
90,250000	0,189379
90,260000	0,186192
90,270000	0,185555
90,280000	0,188741
90,290000	0,190016
90,300000	0,187467
90,310000	0,188104
90,320000	0,183643
90,330000	0,187467
90,340000	0,189379
90,350000	0,188104
90,360000	0,187467
90,370000	0,191291
90,380000	0,190016
90,390000	0,184280
90,400000	0,189379
90,410000	0,184917
90,420000	0,186829
90,430000	0,185555
90,440000	0,186192
90,450000	0,186829
90,460000	0,184280
90,470000	0,191291
90,480000	0,186829
90,490000	0,188741
90,500000	0,186192
90,510000	0,186829
90,520000	0,190016
90,530000	0,188741
90,540000	0,184917
90,550000	0,184917
90,560000	0,186192
90,570000	0,186829
90,580000	0,183643
90,590000	0,188104
90,600000	0,187467
90,610000	0,188104
90,620000	0,189379
90,630000	0,190016
90,640000	0,184917
90,650000	0,189379
90,660000	0,189379
90,670000	0,185555
90,680000	0,188741
90,690000	0,181730
90,700000	0,184280
90,710000	0,190654
90,720000	0,186192
90,730000	0,188104
90,740000	0,184280
90,750000	0,188104
90,760000	0,186829
90,770000	0,190016
90,780000	0,183005
90,790000	0,186192
90,800000	0,183643
90,810000	0,190654
90,820000	0,191928
90,830000	0,192566
90,840000	0,181093
90,850000	0,191928
90,860000	0,188104
90,870000	0,187467
90,880000	0,184280
90,890000	0,187467
90,900000	0,188104
90,910000	0,192566
90,920000	0,188104
90,930000	0,188741
90,940000	0,186192
90,950000	0,188741
90,960000	0,182368
90,970000	0,193203
90,980000	0,183005
90,990000	0,194478
91,000000	0,185555
91,010000	0,192566
91,020000	0,182368
91,030000	0,191291
91,040000	0,184280
91,050000	0,191291
91,060000	0,188741
91,070000	0,190654
91,080000	0,188741
91,090000	0,188741
91,100000	0,187467
91,110000	0,190016
91,120000	0,187467
91,130000	0,193203
91,140000	0,187467
91,150000	0,191291
91,160000	0,186829
91,170000	0,188741
91,180000	0,186829
91,190000	0,189379
91,200000	0,190654
91,210000	0,184917
91,220000	0,191291
91,230000	0,184917
91,240000	0,192566
91,250000	0,188104
91,260000	0,191928
91,270000	0,185555
91,280000	0,193203
91,290000	0,189379
91,300000	0,184917
91,310000	0,186192
91,320000	0,193203
91,330000	0,192566
91,340000	0,191928
91,350000	0,190654
91,360000	0,190016
91,370000	0,188741
91,380000	0,191291
91,390000	0,185555
91,400000	0,192566
91,410000	0,190016
91,420000	0,192566
91,430000	0,190654
91,440000	0,193203
91,450000	0,189379
91,460000	0,188741
91,470000	0,192566
91,480000	0,189379
91,490000	0,189379
91,500000	0,183643
91,510000	0,187467
91,520000	0,188741
91,530000	0,190016
91,540000	0,191928
91,550000	0,189379
91,560000	0,188741
91,570000	0,189379
91,580000	0,189379
91,590000	0,188104
91,600000	0,191928
91,610000	0,191928
91,620000	0,186192
91,630000	0,188104
91,640000	0,192566
91,650000	0,190654
91,660000	0,190654
91,670000	0,190654
91,680000	0,191928
91,690000	0,188104
91,700000	0,193203
91,710000	0,188741
91,720000	0,188741
91,730000	0,189379
91,740000	0,185555
91,750000	0,189379
91,760000	0,189379
91,770000	0,188741
91,780000	0,188104
91,790000	0,190016
91,800000	0,192566
91,810000	0,188104
91,820000	0,191291
91,830000	0,190016
91,840000	0,187467
91,850000	0,188104
91,860000	0,188741
91,870000	0,188104
91,880000	0,186192
91,890000	0,190654
91,900000	0,185555
91,910000	0,193840
91,920000	0,188104
91,930000	0,190654
91,940000	0,188741
91,950000	0,189379
91,960000	0,186192
91,970000	0,189379
91,980000	0,188741
91,990000	0,191291
92,000000	0,186192
92,010000	0,188741
92,020000	0,186192
92,030000	0,189379
92,040000	0,188104
92,050000	0,185555
92,060000	0,188104
92,070000	0,191291
92,080000	0,184917
92,090000	0,193203
92,100000	0,183643
92,110000	0,186192
92,120000	0,186192
92,130000	0,192566
92,140000	0,189379
92,150000	0,191291
92,160000	0,186829
92,170000	0,191291
92,180000	0,184917
92,190000	0,184917
92,200000	0,191291
92,210000	0,188741
92,220000	0,188741
92,230000	0,188104
92,240000	0,188104
92,250000	0,188104
92,260000	0,188741
92,270000	0,188104
92,280000	0,187467
92,290000	0,188104
92,300000	0,186829
92,310000	0,186192
92,320000	0,183643
92,330000	0,186829
92,340000	0,184280
92,350000	0,187467
92,360000	0,186192
92,370000	0,185555
92,380000	0,182368
92,390000	0,190016
92,400000	0,184917
92,410000	0,191928
92,420000	0,187467
92,430000	0,190654
92,440000	0,189379
92,450000	0,183643
92,460000	0,189379
92,470000	0,190016
92,480000	0,185555
92,490000	0,188104
92,500000	0,184917
92,510000	0,186192
92,520000	0,186192
92,530000	0,190016
92,540000	0,187467
92,550000	0,188741
92,560000	0,186192
92,570000	0,187467
92,580000	0,188741
92,590000	0,188104
92,600000	0,189379
92,610000	0,182368
92,620000	0,185555
92,630000	0,184280
92,640000	0,188741
92,650000	0,188104
92,660000	0,181093
92,670000	0,186829
92,680000	0,186192
92,690000	0,184280
92,700000	0,184280
92,710000	0,186192
92,720000	0,187467
92,730000	0,187467
92,740000	0,183643
92,750000	0,190016
92,760000	0,188741
92,770000	0,185555
92,780000	0,184917
92,790000	0,188741
92,800000	0,191291
92,810000	0,188741
92,820000	0,188104
92,830000	0,190016
92,840000	0,179818
92,850000	0,191291
92,860000	0,188741
92,870000	0,186829
92,880000	0,183643
92,890000	0,188741
92,900000	0,186829
92,910000	0,189379
92,920000	0,184280
92,930000	0,190654
92,940000	0,183643
92,950000	0,188741
92,960000	0,186192
92,970000	0,187467
92,980000	0,184280
92,990000	0,187467
93,000000	0,184280
93,010000	0,188104
93,020000	0,190016
93,030000	0,190016
93,040000	0,187467
93,050000	0,181730
93,060000	0,188741
93,070000	0,188741
93,080000	0,183643
93,090000	0,188104
93,100000	0,183643
93,110000	0,188104
93,120000	0,188741
93,130000	0,188104
93,140000	0,186192
93,150000	0,186192
93,160000	0,190016
93,170000	0,191291
93,180000	0,184917
93,190000	0,187467
93,200000	0,186829
93,210000	0,191291
93,220000	0,191291
93,230000	0,191291
93,240000	0,183643
93,250000	0,188741
93,260000	0,186829
93,270000	0,186192
93,280000	0,185555
93,290000	0,186829
93,300000	0,184280
93,310000	0,191928
93,320000	0,188741
93,330000	0,190654
93,340000	0,191928
93,350000	0,191928
93,360000	0,188104
93,370000	0,187467
93,380000	0,187467
93,390000	0,188104
93,400000	0,191291
93,410000	0,186192
93,420000	0,191291
93,430000	0,187467
93,440000	0,183643
93,450000	0,191928
93,460000	0,188104
93,470000	0,190654
93,480000	0,186192
93,490000	0,189379
93,500000	0,189379
93,510000	0,186192
93,520000	0,190016
93,530000	0,189379
93,540000	0,186829
93,550000	0,191291
93,560000	0,190016
93,570000	0,192566
93,580000	0,189379
93,590000	0,184280
93,600000	0,189379
93,610000	0,191291
93,620000	0,188104
93,630000	0,192566
93,640000	0,187467
93,650000	0,188741
93,660000	0,188741
93,670000	0,194478
93,680000	0,189379
93,690000	0,191928
93,700000	0,185555
93,710000	0,191928
93,720000	0,189379
93,730000	0,190654
93,740000	0,184917
93,750000	0,195752
93,760000	0,188741
93,770000	0,187467
93,780000	0,187467
93,790000	0,184917
93,800000	0,191928
93,810000	0,190016
93,820000	0,187467
93,830000	0,191928
93,840000	0,189379
93,850000	0,191928
93,860000	0,190654
93,870000	0,196390
93,880000	0,190016
93,890000	0,194478
93,900000	0,186829
93,910000	0,191291
93,920000	0,190016
93,930000	0,191291
93,940000	0,191291
93,950000	0,186829
93,960000	0,190654
93,970000	0,191291
93,980000	0,188741
93,990000	0,188104
94,000000	0,193840
94,010000	0,187467
94,020000	0,190654
94,030000	0,191928
94,040000	0,190654
94,050000	0,193840
94,060000	0,188104
94,070000	0,195115
94,080000	0,188104
94,090000	0,191291
94,100000	0,186192
94,110000	0,190016
94,120000	0,186192
94,130000	0,198939
94,140000	0,182368
94,150000	0,197665
94,160000	0,189379
94,170000	0,190654
94,180000	0,186192
94,190000	0,188741
94,200000	0,187467
94,210000	0,191291
94,220000	0,183005
94,230000	0,185555
94,240000	0,188741
94,250000	0,188104
94,260000	0,189379
94,270000	0,183643
94,280000	0,185555
94,290000	0,187467
94,300000	0,190654
94,310000	0,186829
94,320000	0,183005
94,330000	0,191291
94,340000	0,183005
94,350000	0,190016
94,360000	0,185555
94,370000	0,184917
94,380000	0,186192
94,390000	0,189379
94,400000	0,184280
94,410000	0,184280
94,420000	0,179818
94,430000	0,191928
94,440000	0,188741
94,450000	0,189379
94,460000	0,189379
94,470000	0,187467
94,480000	0,188104
94,490000	0,187467
94,500000	0,202126
94,510000	0,185555
94,520000	0,195752
94,530000	0,188741
94,540000	0,190654
94,550000	0,189379
94,560000	0,187467
94,570000	0,194478
94,580000	0,195115
94,590000	0,188104
94,600000	0,212324
94,610000	0,187467
94,620000	0,188104
94,630000	0,195115
94,640000	0,182368
94,650000	0,190016
94,660000	0,184280
94,670000	0,180456
94,680000	0,223797
94,690000	0,185555
94,700000	0,172807
94,710000	0,183005
94,720000	0,177269
94,730000	0,184280
94,740000	0,179181
94,750000	0,181093
94,760000	0,185555
94,770000	0,180456
94,780000	0,167708
94,790000	0,183643
94,800000	0,187467
94,810000	0,184917
94,820000	0,175994
94,830000	0,187467
94,840000	0,186192
94,850000	0,178544
94,860000	0,187467
94,870000	0,184917
94,880000	0,184280
94,890000	0,184917
94,900000	0,183005
94,910000	0,188741
94,920000	0,186192
94,930000	0,186192
94,940000	0,185555
94,950000	0,186829
94,960000	0,170895
94,970000	0,186192
94,980000	0,188741
94,990000	0,188104
95,000000	0,184280
95,010000	0,186192
95,020000	0,186192
95,030000	0,183643
95,040000	0,167708
95,050000	0,189379
95,060000	0,170895
95,070000	0,198302
95,080000	0,191291
95,090000	0,183643
95,100000	0,186829
95,110000	0,188741
95,120000	0,198939
95,130000	0,193840
95,140000	0,191928
95,150000	0,191291
95,160000	0,193840
95,170000	0,183643
95,180000	0,191928
95,190000	0,197027
95,200000	0,193840
95,210000	0,190016
95,220000	0,193840
95,230000	0,203401
95,240000	0,191291
95,250000	0,192566
95,260000	0,191928
95,270000	0,193203
95,280000	0,199577
95,290000	0,188104
95,300000	0,187467
95,310000	0,186192
95,320000	0,190016
95,330000	0,196390
95,340000	0,185555
95,350000	0,187467
95,360000	0,177269
95,370000	0,184917
95,380000	0,196390
95,390000	0,188741
95,400000	0,171533
95,410000	0,170895
95,420000	0,184917
95,430000	0,166434
95,440000	0,189379
95,450000	0,179181
95,460000	0,181730
95,470000	0,188741
95,480000	0,209775
95,490000	0,197027
95,500000	0,189379
95,510000	0,202763
95,520000	0,188741
95,530000	0,224434
95,540000	0,189379
95,550000	0,193203
95,560000	0,198302
95,570000	0,193203
95,580000	0,202763
95,590000	0,190016
95,600000	0,191291
95,610000	0,191291
95,620000	0,195115
95,630000	0,219972
95,640000	0,188741
95,650000	0,186829
95,660000	0,221247
95,670000	0,199577
95,680000	0,183005
95,690000	0,195752
95,700000	0,195752
95,710000	0,194478
95,720000	0,200214
95,730000	0,206588
95,740000	0,198302
95,750000	0,202126
95,760000	0,204676
95,770000	0,212961
95,780000	0,204676
95,790000	0,194478
95,800000	0,211687
95,810000	0,196390
95,820000	0,185555
95,830000	0,187467
95,840000	0,177269
95,850000	0,188104
95,860000	0,175994
95,870000	0,188104
95,880000	0,181093
95,890000	0,178544
95,900000	0,184280
95,910000	0,184917
95,920000	0,191928
95,930000	0,182368
95,940000	0,195752
95,950000	0,184280
95,960000	0,204038
95,970000	0,183643
95,980000	0,177906
95,990000	0,211687
96,000000	0,188741
96,010000	0,201489
96,020000	0,188741
96,030000	0,177269
96,040000	0,180456
96,050000	0,176631
96,060000	0,181730
96,070000	0,181093
96,080000	0,178544
96,090000	0,177906
96,100000	0,169620
96,110000	0,178544
96,120000	0,181093
96,130000	0,179818
96,140000	0,180456
96,150000	0,193840
96,160000	0,188741
96,170000	0,187467
96,180000	0,181093
96,190000	0,186829
96,200000	0,191291
96,210000	0,195115
96,220000	0,189379
96,230000	0,211049
96,240000	0,186829
96,250000	0,209137
96,260000	0,185555
96,270000	0,191928
96,280000	0,214236
96,290000	0,188104
96,300000	0,224434
96,310000	0,197027
96,320000	0,195752
96,330000	0,205950
96,340000	0,198939
96,350000	0,214236
96,360000	0,183643
96,370000	0,197027
96,380000	0,140939
96,390000	0,191291
96,400000	0,141576
96,410000	0,180456
96,420000	0,190654
96,430000	0,212324
96,440000	0,184917
96,450000	0,170895
96,460000	0,189379
96,470000	0,193203
96,480000	0,264588
96,490000	0,185555
96,500000	0,147313
96,510000	0,181093
96,520000	0,183005
96,530000	0,149225
96,540000	0,187467
96,550000	0,187467
96,560000	0,189379
96,570000	0,180456
96,580000	0,150499
96,590000	0,167071
96,600000	0,215511
96,610000	0,190654
96,620000	0,198939
96,630000	0,189379
96,640000	0,170258
96,650000	0,204038
96,660000	0,150499
96,670000	0,198302
96,680000	0,153049
96,690000	0,197665
96,700000	0,151137
96,710000	0,163884
96,720000	0,139027
96,730000	0,146675
96,740000	0,139027
96,750000	0,137752
96,760000	0,193840
96,770000	0,165159
96,780000	0,212961
96,790000	0,199577
96,800000	0,205313
96,810000	0,208500
96,820000	0,210412
96,830000	0,172807
96,840000	0,213599
96,850000	0,175357
96,860000	0,200851
96,870000	0,219972
96,880000	0,169620
96,890000	0,179818
96,900000	0,185555
96,910000	0,191291
96,920000	0,215511
96,930000	0,205313
96,940000	0,201489
96,950000	0,186829
96,960000	0,174082
96,970000	0,198939
96,980000	0,198939
96,990000	0,217423
97,000000	0,198939
97,010000	0,194478
97,020000	0,207225
97,030000	0,191291
97,040000	0,172170
97,050000	0,186829
97,060000	0,168346
97,070000	0,165796
97,080000	0,184917
97,090000	0,197027
97,100000	0,183005
97,110000	0,164522
97,120000	0,188741
97,130000	0,181093
97,140000	0,209775
97,150000	0,183005
97,160000	0,158785
97,170000	0,157511
97,180000	0,181730
97,190000	0,131379
97,200000	0,188741
97,210000	0,179818
97,220000	0,178544
97,230000	0,186192
97,240000	0,202763
97,250000	0,168983
97,260000	0,187467
97,270000	0,183643
97,280000	0,172807
97,290000	0,221884
97,300000	0,167071
97,310000	0,197665
97,320000	0,185555
97,330000	0,191928
97,340000	0,101422
97,350000	0,203401
97,360000	0,198302
97,370000	0,191291
97,380000	0,188741
97,390000	0,192566
97,400000	0,175357
97,410000	0,173445
97,420000	0,168346
97,430000	0,175994
97,440000	0,232082
97,450000	0,177269
97,460000	0,208500
97,470000	0,206588
97,480000	0,184917
97,490000	0,211687
97,500000	0,214873
97,510000	0,219972
97,520000	0,190016
97,530000	0,191291
97,540000	0,158148
97,550000	0,177269
97,560000	0,175994
97,570000	0,154324
97,580000	0,177269
97,590000	0,237819
97,600000	0,179818
97,610000	0,236544
97,620000	0,241005
97,630000	0,255028
97,640000	0,217423
97,650000	0,219335
97,660000	0,156236
97,670000	0,190016
97,680000	0,177906
97,690000	0,191291
97,700000	0,185555
97,710000	0,216148
97,720000	0,190016
97,730000	0,177269
97,740000	0,202126
97,750000	0,185555
97,760000	0,192566
97,770000	0,198939
97,780000	0,179818
97,790000	0,182368
97,800000	0,181093
97,810000	0,170895
97,820000	0,161972
97,830000	0,183643
97,840000	0,186192
97,850000	0,167071
97,860000	0,182368
97,870000	0,172807
97,880000	0,196390
97,890000	0,200851
97,900000	0,200851
97,910000	0,195115
97,920000	0,198302
97,930000	0,195115
97,940000	0,202763
97,950000	0,211049
97,960000	0,182368
97,970000	0,174082
97,980000	0,190016
97,990000	0,219335
98,000000	0,191291
98,010000	0,193203
98,020000	0,168346
98,030000	0,192566
98,040000	0,223159
98,050000	0,235269
98,060000	0,193840
98,070000	0,238456
98,080000	0,186192
98,090000	0,209775
98,100000	0,175357
98,110000	0,186829
98,120000	0,133291
98,130000	0,187467
98,140000	0,203401
98,150000	0,188104
98,160000	0,191291
98,170000	0,181093
98,180000	0,202763
98,190000	0,296456
98,200000	0,183643
98,210000	0,191928
98,220000	0,250566
98,230000	0,177906
98,240000	0,215511
98,250000	0,177906
98,260000	0,189379
98,270000	0,178544
98,280000	0,181093
98,290000	0,140302
98,300000	0,188104
98,310000	0,187467
98,320000	0,181093
98,330000	0,180456
98,340000	0,160060
98,350000	0,181730
98,360000	0,187467
98,370000	0,176631
98,380000	0,170895
98,390000	0,203401
98,400000	0,180456
98,410000	0,197027
98,420000	0,207225
98,430000	0,197665
98,440000	0,209137
98,450000	0,212961
98,460000	0,226346
98,470000	0,207862
98,480000	0,201489
98,490000	0,182368
98,500000	0,177269
98,510000	0,135203
98,520000	0,161972
98,530000	0,146038
98,540000	0,147950
98,550000	0,134565
98,560000	0,173445
98,570000	0,143488
98,580000	0,142851
98,590000	0,205950
98,600000	0,197665
98,610000	0,186829
98,620000	0,204676
98,630000	0,205313
98,640000	0,215511
98,650000	0,189379
98,660000	0,195115
98,670000	0,183643
98,680000	0,179818
98,690000	0,195752
98,700000	0,218698
98,710000	0,211049
98,720000	0,201489
98,730000	0,211049
98,740000	0,172807
98,750000	0,174082
98,760000	0,189379
98,770000	0,189379
98,780000	0,186192
98,790000	0,154961
98,800000	0,125005
98,810000	0,193840
98,820000	0,165159
98,830000	0,190654
98,840000	0,218060
98,850000	0,186192
98,860000	0,179181
98,870000	0,211687
98,880000	0,181730
98,890000	0,222522
98,900000	0,179818
98,910000	0,175357
98,920000	0,204038
98,930000	0,185555
98,940000	0,141576
98,950000	0,184917
98,960000	0,206588
98,970000	0,167071
98,980000	0,188741
98,990000	0,209775
99,000000	0,191291
99,010000	0,218698
99,020000	0,190016
99,030000	0,181730
99,040000	0,245467
99,050000	0,183005
99,060000	0,122455
99,070000	0,183643
99,080000	0,169620
99,090000	0,094411
99,100000	0,174082
99,110000	0,112895
99,120000	0,176631
99,130000	0,193203
99,140000	0,207862
99,150000	0,196390
99,160000	0,216148
99,170000	0,185555
99,180000	0,172807
99,190000	0,170258
99,200000	0,181093
99,210000	0,241643
99,220000	0,195115
99,230000	0,201489
99,240000	0,193203
99,250000	0,183005
99,260000	0,170895
99,270000	0,214236
99,280000	0,203401
99,290000	0,196390
99,300000	0,172170
99,310000	0,193840
99,320000	0,186829
99,330000	0,171533
99,340000	0,183643
99,350000	0,146675
99,360000	0,215511
99,370000	0,156873
99,380000	0,267775
99,390000	0,166434
99,400000	0,206588
99,410000	0,159423
99,420000	0,213599
99,430000	0,236544
99,440000	0,199577
99,450000	0,231445
99,460000	0,238456
99,470000	0,252478
99,480000	0,219972
99,490000	0,245467
99,500000	0,225071
99,510000	0,173445
99,520000	0,169620
99,530000	0,162609
99,540000	0,178544
99,550000	0,177269
99,560000	0,167708
99,570000	0,177269
99,580000	0,173445
99,590000	0,174719
99,600000	0,167071
99,610000	0,158148
99,620000	0,165796
99,630000	0,209137
99,640000	0,174719
99,650000	0,188741
99,660000	0,181093
99,670000	0,182368
99,680000	0,166434
99,690000	0,184917
99,700000	0,191291
99,710000	0,193840
99,720000	0,184280
99,730000	0,187467
99,740000	0,184917
99,750000	0,226983
99,760000	0,200214
99,770000	0,188104
99,780000	0,152412
99,790000	0,194478
99,800000	0,241005
99,810000	0,181730
99,820000	0,183643
99,830000	0,221884
99,840000	0,188741
99,850000	0,144126
99,860000	0,188741
99,870000	0,184280
99,880000	0,127554
99,890000	0,189379
99,900000	0,125005
99,910000	0,181730
99,920000	0,174082
99,930000	0,182368
99,940000	0,181730
99,950000	0,275423
99,960000	0,181730
99,970000	0,198302
99,980000	0,203401
99,990000	0,206588
100,000000	0,230170
100,010000	0,209775
100,020000	0,156236
100,030000	0,197027
100,040000	0,177906
100,050000	0,181093
100,060000	0,199577
100,070000	0,143488
100,080000	0,169620
100,090000	0,192566
100,100000	0,194478
100,110000	0,185555
100,120000	0,193203
100,130000	0,202763
100,140000	0,198302
100,150000	0,190654
100,160000	0,170895
100,170000	0,226983
100,180000	0,170258
100,190000	0,182368
100,200000	0,173445
100,210000	0,179181
100,220000	0,183643
100,230000	0,187467
100,240000	0,150499
100,250000	0,187467
100,260000	0,157511
100,270000	0,184280
100,280000	0,176631
100,290000	0,156236
100,300000	0,175357
100,310000	0,156873
100,320000	0,151774
100,330000	0,135840
100,340000	0,129466
100,350000	0,149862
100,360000	0,132653
100,370000	0,129466
100,380000	0,175357
100,390000	0,159423
100,400000	0,137115
100,410000	0,180456
100,420000	0,198939
100,430000	0,190016
100,440000	0,221247
100,450000	0,240368
100,460000	0,204038
100,470000	0,241005
100,480000	0,214873
100,490000	0,211049
100,500000	0,197027
100,510000	0,197027
100,520000	0,195752
100,530000	0,199577
100,540000	0,178544
100,550000	0,182368
100,560000	0,189379
100,570000	0,219972
100,580000	0,194478
100,590000	0,170258
100,600000	0,185555
100,610000	0,204038
100,620000	0,158785
100,630000	0,190654
100,640000	0,191928
100,650000	0,183005
100,660000	0,162609
100,670000	0,195752
100,680000	0,183005
100,690000	0,140302
100,700000	0,187467
100,710000	0,138390
100,720000	0,190654
100,730000	0,202126
100,740000	0,242918
100,750000	0,192566
100,760000	0,219972
100,770000	0,186829
100,780000	0,201489
100,790000	0,198302
100,800000	0,187467
100,810000	0,152412
100,820000	0,178544
100,830000	0,198939
100,840000	0,177269
100,850000	0,189379
100,860000	0,156236
100,870000	0,169620
100,880000	0,186829
100,890000	0,169620
100,900000	0,166434
100,910000	0,195115
100,920000	0,168346
100,930000	0,229533
100,940000	0,181730
100,950000	0,193203
100,960000	0,192566
100,970000	0,195752
100,980000	0,181093
100,990000	0,189379
101,000000	0,183005
101,010000	0,167071
101,020000	0,168346
101,030000	0,178544
101,040000	0,206588
101,050000	0,198302
101,060000	0,212324
101,070000	0,197027
101,080000	0,190016
101,090000	0,170258
101,100000	0,204038
101,110000	0,168983
101,120000	0,198302
101,130000	0,221247
101,140000	0,220610
101,150000	0,158148
101,160000	0,154324
101,170000	0,226346
101,180000	0,174082
101,190000	0,218698
101,200000	0,244830
101,210000	0,157511
101,220000	0,253115
101,230000	0,226346
101,240000	0,224434
101,250000	0,245467
101,260000	0,211687
101,270000	0,256940
101,280000	0,245467
101,290000	0,215511
101,300000	0,213599
101,310000	0,198302
101,320000	0,158785
101,330000	0,137752
101,340000	0,173445
101,350000	0,161335
101,360000	0,170895
101,370000	0,145401
101,380000	0,143488
101,390000	0,166434
101,400000	0,189379
101,410000	0,189379
101,420000	0,180456
101,430000	0,147950
101,440000	0,185555
101,450000	0,154324
101,460000	0,175994
101,470000	0,198939
101,480000	0,167071
101,490000	0,189379
101,500000	0,160697
101,510000	0,191291
101,520000	0,197665
101,530000	0,223159
101,540000	0,192566
101,550000	0,196390
101,560000	0,183005
101,570000	0,176631
101,580000	0,245467
101,590000	0,193840
101,600000	0,241005
101,610000	0,191291
101,620000	0,184280
101,630000	0,183005
101,640000	0,186192
101,650000	0,140939
101,660000	0,177906
101,670000	0,260764
101,680000	0,175994
101,690000	0,196390
101,700000	0,181730
101,710000	0,186829
101,720000	0,286896
101,730000	0,183643
101,740000	0,184917
101,750000	0,185555
101,760000	0,177906
101,770000	0,332786
101,780000	0,201489
101,790000	0,207862
101,800000	0,205313
101,810000	0,207225
101,820000	0,137752
101,830000	0,198939
101,840000	0,193840
101,850000	0,190654
101,860000	0,172170
101,870000	0,193840
101,880000	0,173445
101,890000	0,177269
101,900000	0,197027
101,910000	0,198939
101,920000	0,185555
101,930000	0,195752
101,940000	0,193203
101,950000	0,214236
101,960000	0,204038
101,970000	0,181093
101,980000	0,198302
101,990000	0,193203
102,000000	0,156873
102,010000	0,170895
102,020000	0,188741
102,030000	0,190654
102,040000	0,187467
102,050000	0,175357
102,060000	0,209775
102,070000	0,186192
102,080000	0,222522
102,090000	0,153686
102,100000	0,218060
102,110000	0,213599
102,120000	0,174082
102,130000	0,191928
102,140000	0,137115
102,150000	0,134565
102,160000	0,149225
102,170000	0,141576
102,180000	0,152412
102,190000	0,180456
102,200000	0,153049
102,210000	0,198939
102,220000	0,174719
102,230000	0,207862
102,240000	0,207225
102,250000	0,225071
102,260000	0,200851
102,270000	0,181730
102,280000	0,170258
102,290000	0,198939
102,300000	0,198939
102,310000	0,198939
102,320000	0,200851
102,330000	0,212961
102,340000	0,189379
102,350000	0,179818
102,360000	0,191928
102,370000	0,218698
102,380000	0,155598
102,390000	0,187467
102,400000	0,209775
102,410000	0,181093
102,420000	0,139664
102,430000	0,158148
102,440000	0,188741
102,450000	0,170258
102,460000	0,186829
102,470000	0,136477
102,480000	0,194478
102,490000	0,189379
102,500000	0,138390
102,510000	0,189379
102,520000	0,251203
102,530000	0,197665
102,540000	0,186829
102,550000	0,237819
102,560000	0,179181
102,570000	0,263951
102,580000	0,196390
102,590000	0,193203
102,600000	0,081664
102,610000	0,192566
102,620000	0,096961
102,630000	0,193840
102,640000	0,190016
102,650000	0,121818
102,660000	0,177906
102,670000	0,174082
102,680000	0,184917
102,690000	0,164522
102,700000	0,246742
102,710000	0,168983
102,720000	0,247379
102,730000	0,193840
102,740000	0,193840
102,750000	0,189379
102,760000	0,209137
102,770000	0,184280
102,780000	0,205950
102,790000	0,192566
102,800000	0,179181
102,810000	0,190016
102,820000	0,187467
102,830000	0,193840
102,840000	0,191928
102,850000	0,193840
102,860000	0,191291
102,870000	0,212324
102,880000	0,204038
102,890000	0,192566
102,900000	0,182368
102,910000	0,191928
102,920000	0,174082
102,930000	0,195115
102,940000	0,186829
102,950000	0,186192
102,960000	0,175357
102,970000	0,204038
102,980000	0,164522
102,990000	0,156236
103,000000	0,214236
103,010000	0,184917
103,020000	0,214236
103,030000	0,235269
103,040000	0,198939
103,050000	0,204038
103,060000	0,248654
103,070000	0,202763
103,080000	0,243555
103,090000	0,232082
103,100000	0,204038
103,110000	0,195115
103,120000	0,157511
103,130000	0,160697
103,140000	0,163247
103,150000	0,164522
103,160000	0,137752
103,170000	0,162609
103,180000	0,193840
103,190000	0,172807
103,200000	0,179818
103,210000	0,200851
103,220000	0,177906
103,230000	0,154961
103,240000	0,174719
103,250000	0,185555
103,260000	0,172807
103,270000	0,189379
103,280000	0,185555
103,290000	0,213599
103,300000	0,188741
103,310000	0,153686
103,320000	0,191928
103,330000	0,153686
103,340000	0,170258
103,350000	0,190016
103,360000	0,226346
103,370000	0,187467
103,380000	0,250566
103,390000	0,175994
103,400000	0,187467
103,410000	0,131379
103,420000	0,190016
103,430000	0,175357
103,440000	0,180456
103,450000	0,193840
103,460000	0,149225
103,470000	0,184917
103,480000	0,172807
103,490000	0,179181
103,500000	0,179818
103,510000	0,291357
103,520000	0,174082
103,530000	0,179818
103,540000	0,178544
103,550000	0,198939
103,560000	0,181093
103,570000	0,193203
103,580000	0,204038
103,590000	0,196390
103,600000	0,203401
103,610000	0,141576
103,620000	0,190016
103,630000	0,211049
103,640000	0,186829
103,650000	0,178544
103,660000	0,207225
103,670000	0,179818
103,680000	0,175994
103,690000	0,175357
103,700000	0,201489
103,710000	0,172807
103,720000	0,205313
103,730000	0,201489
103,740000	0,203401
103,750000	0,213599
103,760000	0,170258
103,770000	0,184280
103,780000	0,175994
103,790000	0,182368
103,800000	0,170895
103,810000	0,202763
103,820000	0,207225
103,830000	0,191291
103,840000	0,188104
103,850000	0,179818
103,860000	0,153686
103,870000	0,186829
103,880000	0,202763
103,890000	0,212961
103,900000	0,180456
103,910000	0,130104
103,920000	0,142214
103,930000	0,142851
103,940000	0,125005
103,950000	0,147313
103,960000	0,166434
103,970000	0,134565
103,980000	0,166434
103,990000	0,137115
104,000000	0,216148
104,010000	0,187467
104,020000	0,214873
104,030000	0,153049
104,040000	0,216786
104,050000	0,248016
104,060000	0,222522
104,070000	0,231445
104,080000	0,198939
104,090000	0,223797
104,100000	0,196390
104,110000	0,208500
104,120000	0,231445
104,130000	0,188741
104,140000	0,189379
104,150000	0,234632
104,160000	0,188741
104,170000	0,228258
104,180000	0,191291
104,190000	0,169620
104,200000	0,152412
104,210000	0,189379
104,220000	0,135203
104,230000	0,192566
104,240000	0,188741
104,250000	0,172807
104,260000	0,194478
104,270000	0,237819
104,280000	0,192566
104,290000	0,191291
104,300000	0,202763
104,310000	0,185555
104,320000	0,186192
104,330000	0,195115
104,340000	0,183643
104,350000	0,213599
104,360000	0,184280
104,370000	0,087400
104,380000	0,200214
104,390000	0,202126
104,400000	0,171533
104,410000	0,186192
104,420000	0,228896
104,430000	0,179818
104,440000	0,183005
104,450000	0,237181
104,460000	0,170895
104,470000	0,182368
104,480000	0,175357
104,490000	0,175994
104,500000	0,195115
104,510000	0,178544
104,520000	0,181093
104,530000	0,186192
104,540000	0,189379
104,550000	0,160060
104,560000	0,197665
104,570000	0,181730
104,580000	0,197665
104,590000	0,191291
104,600000	0,213599
104,610000	0,185555
104,620000	0,186192
104,630000	0,181093
104,640000	0,175357
104,650000	0,200851
104,660000	0,171533
104,670000	0,172170
104,680000	0,188104
104,690000	0,181093
104,700000	0,169620
104,710000	0,200214
104,720000	0,201489
104,730000	0,207225
104,740000	0,208500
104,750000	0,233994
104,760000	0,209137
104,770000	0,193840
104,780000	0,178544
104,790000	0,177906
104,800000	0,174719
104,810000	0,184280
104,820000	0,159423
104,830000	0,173445
104,840000	0,234632
104,850000	0,165796
104,860000	0,219972
104,870000	0,226983
104,880000	0,237819
104,890000	0,163247
104,900000	0,177269
104,910000	0,171533
104,920000	0,189379
104,930000	0,184917
104,940000	0,163247
104,950000	0,177269
104,960000	0,198302
104,970000	0,184280
104,980000	0,183005
104,990000	0,172807
105,000000	0,178544
105,010000	0,155598
105,020000	0,184280
105,030000	0,183005
105,040000	0,144126
105,050000	0,188741
105,060000	0,164522
105,070000	0,191291
105,080000	0,185555
105,090000	0,232082
105,100000	0,184280
105,110000	0,146675
105,120000	0,177906
105,130000	0,193840
105,140000	0,158148
105,150000	0,191928
105,160000	0,256940
105,170000	0,179818
105,180000	0,177906
105,190000	0,167708
105,200000	0,183643
105,210000	0,179181
105,220000	0,180456
105,230000	0,190016
105,240000	0,252478
105,250000	0,190654
105,260000	0,187467
105,270000	0,186192
105,280000	0,181093
105,290000	0,190016
105,300000	0,181093
105,310000	0,186829
105,320000	0,175994
105,330000	0,190654
105,340000	0,139664
105,350000	0,188741
105,360000	0,191291
105,370000	0,190016
105,380000	0,178544
105,390000	0,179181
105,400000	0,182368
105,410000	0,188104
105,420000	0,186829
105,430000	0,181093
105,440000	0,194478
105,450000	0,186192
105,460000	0,183005
105,470000	0,184917
105,480000	0,183005
105,490000	0,158785
105,500000	0,175357
105,510000	0,193203
105,520000	0,191291
105,530000	0,189379
105,540000	0,194478
105,550000	0,200851
105,560000	0,211049
105,570000	0,188741
105,580000	0,179181
105,590000	0,195115
105,600000	0,153686
105,610000	0,161335
105,620000	0,149225
105,630000	0,198939
105,640000	0,140939
105,650000	0,208500
105,660000	0,183005
105,670000	0,178544
105,680000	0,158148
105,690000	0,181093
105,700000	0,155598
105,710000	0,188741
105,720000	0,157511
105,730000	0,173445
105,740000	0,165159
105,750000	0,178544
105,760000	0,170895
105,770000	0,144126
105,780000	0,228896
105,790000	0,159423
105,800000	0,151137
105,810000	0,162609
105,820000	0,187467
105,830000	0,203401
105,840000	0,168983
105,850000	0,228896
105,860000	0,195115
105,870000	0,202126
105,880000	0,239093
105,890000	0,196390
105,900000	0,208500
105,910000	0,154961
105,920000	0,206588
105,930000	0,197027
105,940000	0,198302
105,950000	0,201489
105,960000	0,150499
105,970000	0,190654
105,980000	0,137115
105,990000	0,188741
106,000000	0,188741
106,010000	0,242280
106,020000	0,187467
106,030000	0,247379
106,040000	0,195752
106,050000	0,195115
106,060000	0,190016
106,070000	0,188741
106,080000	0,111620
106,090000	0,186192
106,100000	0,192566
106,110000	0,087400
106,120000	0,195115
106,130000	0,224434
106,140000	0,188741
106,150000	0,188741
106,160000	0,212961
106,170000	0,192566
106,180000	0,181093
106,190000	0,191291
106,200000	0,185555
106,210000	0,246742
106,220000	0,196390
106,230000	0,195752
106,240000	0,190654
106,250000	0,192566
106,260000	0,193203
106,270000	0,193203
106,280000	0,186192
106,290000	0,178544
106,300000	0,181730
106,310000	0,170895
106,320000	0,173445
106,330000	0,169620
106,340000	0,187467
106,350000	0,188104
106,360000	0,191928
106,370000	0,197027
106,380000	0,196390
106,390000	0,190654
106,400000	0,191928
106,410000	0,190654
106,420000	0,186192
106,430000	0,183643
106,440000	0,179181
106,450000	0,176631
106,460000	0,179181
106,470000	0,197027
106,480000	0,206588
106,490000	0,219335
106,500000	0,188104
106,510000	0,196390
106,520000	0,196390
106,530000	0,200851
106,540000	0,218060
106,550000	0,211049
106,560000	0,181093
106,570000	0,200214
106,580000	0,191291
106,590000	0,172170
106,600000	0,209775
106,610000	0,193203
106,620000	0,180456
106,630000	0,193840
106,640000	0,193840
106,650000	0,239731
106,660000	0,205950
106,670000	0,217423
106,680000	0,204038
106,690000	0,214236
106,700000	0,239093
106,710000	0,163247
106,720000	0,203401
106,730000	0,184280
106,740000	0,178544
106,750000	0,182368
106,760000	0,124367
106,770000	0,172807
106,780000	0,176631
106,790000	0,197027
106,800000	0,180456
106,810000	0,181093
106,820000	0,179181
106,830000	0,133291
106,840000	0,174082
106,850000	0,177269
106,860000	0,220610
106,870000	0,175994
106,880000	0,163247
106,890000	0,234632
106,900000	0,191291
106,910000	0,123730
106,920000	0,175994
106,930000	0,179181
106,940000	0,195115
106,950000	0,184917
106,960000	0,231445
106,970000	0,177906
106,980000	0,181093
106,990000	0,266500
107,000000	0,184280
107,010000	0,144763
107,020000	0,192566
107,030000	0,193840
107,040000	0,173445
107,050000	0,192566
107,060000	0,186192
107,070000	0,191291
107,080000	0,184917
107,090000	0,132016
107,100000	0,179818
107,110000	0,182368
107,120000	0,184280
107,130000	0,176631
107,140000	0,194478
107,150000	0,190016
107,160000	0,200851
107,170000	0,204676
107,180000	0,191291
107,190000	0,185555
107,200000	0,186829
107,210000	0,195752
107,220000	0,173445
107,230000	0,193203
107,240000	0,182368
107,250000	0,192566
107,260000	0,171533
107,270000	0,193203
107,280000	0,183005
107,290000	0,187467
107,300000	0,190654
107,310000	0,175994
107,320000	0,193840
107,330000	0,207862
107,340000	0,191291
107,350000	0,165159
107,360000	0,195115
107,370000	0,200214
107,380000	0,204676
107,390000	0,181093
107,400000	0,151137
107,410000	0,181093
107,420000	0,162609
107,430000	0,167071
107,440000	0,153049
107,450000	0,178544
107,460000	0,214873
107,470000	0,156873
107,480000	0,213599
107,490000	0,215511
107,500000	0,212961
107,510000	0,201489
107,520000	0,154961
107,530000	0,193203
107,540000	0,137752
107,550000	0,177906
107,560000	0,187467
107,570000	0,179181
107,580000	0,187467
107,590000	0,197027
107,600000	0,213599
107,610000	0,187467
107,620000	0,202126
107,630000	0,190654
107,640000	0,184917
107,650000	0,199577
107,660000	0,193840
107,670000	0,193840
107,680000	0,183643
107,690000	0,212961
107,700000	0,138390
107,710000	0,197665
107,720000	0,140302
107,730000	0,164522
107,740000	0,190016
107,750000	0,138390
107,760000	0,192566
107,770000	0,197665
107,780000	0,191291
107,790000	0,187467
107,800000	0,172170
107,810000	0,191928
107,820000	0,186192
107,830000	0,164522
107,840000	0,188741
107,850000	0,190016
107,860000	0,191928
107,870000	0,186829
107,880000	0,082939
107,890000	0,180456
107,900000	0,191291
107,910000	0,233357
107,920000	0,184280
107,930000	0,218698
107,940000	0,186829
107,950000	0,195752
107,960000	0,218060
107,970000	0,193203
107,980000	0,185555
107,990000	0,188741
108,000000	0,195115
108,010000	0,198302
108,020000	0,188741
108,030000	0,195752
108,040000	0,188741
108,050000	0,190016
108,060000	0,189379
108,070000	0,185555
108,080000	0,174082
108,090000	0,188104
108,100000	0,181730
108,110000	0,175357
108,120000	0,182368
108,130000	0,184280
108,140000	0,181730
108,150000	0,191928
108,160000	0,186829
108,170000	0,183005
108,180000	0,183005
108,190000	0,192566
108,200000	0,188741
108,210000	0,185555
108,220000	0,205313
108,230000	0,190016
108,240000	0,178544
108,250000	0,209137
108,260000	0,203401
108,270000	0,200851
108,280000	0,199577
108,290000	0,201489
108,300000	0,187467
108,310000	0,209137
108,320000	0,204038
108,330000	0,197665
108,340000	0,221247
108,350000	0,179181
108,360000	0,183643
108,370000	0,199577
108,380000	0,167708
108,390000	0,140302
108,400000	0,181730
108,410000	0,182368
108,420000	0,183005
108,430000	0,163247
108,440000	0,191291
108,450000	0,221247
108,460000	0,202126
108,470000	0,229533
108,480000	0,221247
108,490000	0,232720
108,500000	0,160060
108,510000	0,183005
108,520000	0,150499
108,530000	0,170895
108,540000	0,175994
108,550000	0,184917
108,560000	0,188104
108,570000	0,172170
108,580000	0,156236
108,590000	0,189379
108,600000	0,187467
108,610000	0,179818
108,620000	0,183005
108,630000	0,191291
108,640000	0,183005
108,650000	0,184917
108,660000	0,162609
108,670000	0,193840
108,680000	0,219335
108,690000	0,188104
108,700000	0,183643
108,710000	0,271599
108,720000	0,190654
108,730000	0,185555
108,740000	0,181093
108,750000	0,188741
108,760000	0,279885
108,770000	0,193203
108,780000	0,183643
108,790000	0,142214
108,800000	0,185555
108,810000	0,175357
108,820000	0,191928
108,830000	0,191291
108,840000	0,174719
108,850000	0,185555
108,860000	0,193840
108,870000	0,188741
108,880000	0,173445
108,890000	0,190016
108,900000	0,181093
108,910000	0,197027
108,920000	0,195752
108,930000	0,190654
108,940000	0,196390
108,950000	0,202126
108,960000	0,199577
108,970000	0,190016
108,980000	0,195115
108,990000	0,201489
109,000000	0,185555
109,010000	0,198939
109,020000	0,197665
109,030000	0,201489
109,040000	0,188104
109,050000	0,215511
109,060000	0,181093
109,070000	0,197665
109,080000	0,195752
109,090000	0,190654
109,100000	0,188741
109,110000	0,191928
109,120000	0,194478
109,130000	0,149225
109,140000	0,195752
109,150000	0,191928
109,160000	0,177906
109,170000	0,165796
109,180000	0,174719
109,190000	0,184280
109,200000	0,209775
109,210000	0,194478
109,220000	0,217423
109,230000	0,195752
109,240000	0,194478
109,250000	0,225709
109,260000	0,202763
109,270000	0,201489
109,280000	0,183005
109,290000	0,203401
109,300000	0,198302
109,310000	0,186829
109,320000	0,195752
109,330000	0,169620
109,340000	0,168346
109,350000	0,154324
109,360000	0,148587
109,370000	0,154324
109,380000	0,175357
109,390000	0,160697
109,400000	0,160060
109,410000	0,146038
109,420000	0,137752
109,430000	0,166434
109,440000	0,190654
109,450000	0,175357
109,460000	0,176631
109,470000	0,209775
109,480000	0,211049
109,490000	0,237819
109,500000	0,199577
109,510000	0,229533
109,520000	0,191928
109,530000	0,188741
109,540000	0,157511
109,550000	0,179818
109,560000	0,119906
109,570000	0,189379
109,580000	0,188741
109,590000	0,094411
109,600000	0,191928
109,610000	0,185555
109,620000	0,134565
109,630000	0,189379
109,640000	0,174082
109,650000	0,188104
109,660000	0,191291
109,670000	0,228258
109,680000	0,183643
109,690000	0,185555
109,700000	0,193203
109,710000	0,188104
109,720000	0,192566
109,730000	0,189379
109,740000	0,188741
109,750000	0,184280
109,760000	0,187467
109,770000	0,190654
109,780000	0,184917
109,790000	0,177906
109,800000	0,191291
109,810000	0,195115
109,820000	0,189379
109,830000	0,193840
109,840000	0,191291
109,850000	0,184917
109,860000	0,179181
109,870000	0,176631
109,880000	0,190654
109,890000	0,177269
109,900000	0,169620
109,910000	0,177269
109,920000	0,181730
109,930000	0,178544
109,940000	0,175357
109,950000	0,190016
109,960000	0,209137
109,970000	0,179818
109,980000	0,187467
109,990000	0,186192
110,000000	0,191291
110,010000	0,221247
110,020000	0,204676
110,030000	0,181093
110,040000	0,198939
110,050000	0,195115
110,060000	0,205313
110,070000	0,199577
110,080000	0,176631
110,090000	0,181093
110,100000	0,180456
110,110000	0,197665
110,120000	0,193840
110,130000	0,172170
110,140000	0,192566
110,150000	0,165796
110,160000	0,198939
110,170000	0,185555
110,180000	0,183005
110,190000	0,173445
110,200000	0,195115
110,210000	0,183005
110,220000	0,175994
110,230000	0,192566
110,240000	0,217423
110,250000	0,219335
110,260000	0,191928
110,270000	0,221884
110,280000	0,196390
110,290000	0,203401
110,300000	0,198939
110,310000	0,205950
110,320000	0,179181
110,330000	0,183643
110,340000	0,162609
110,350000	0,191291
110,360000	0,136477
110,370000	0,183643
110,380000	0,176631
110,390000	0,134565
110,400000	0,179181
110,410000	0,172807
110,420000	0,164522
110,430000	0,188741
110,440000	0,271599
110,450000	0,192566
110,460000	0,183005
110,470000	0,248016
110,480000	0,189379
110,490000	0,156873
110,500000	0,178544
110,510000	0,188741
110,520000	0,229533
110,530000	0,194478
110,540000	0,183643
110,550000	0,184917
110,560000	0,190654
110,570000	0,177269
110,580000	0,191291
110,590000	0,190016
110,600000	0,190654
110,610000	0,184917
110,620000	0,183643
110,630000	0,188104
110,640000	0,185555
110,650000	0,194478
110,660000	0,183643
110,670000	0,187467
110,680000	0,184280
110,690000	0,186192
110,700000	0,188741
110,710000	0,188741
110,720000	0,195752
110,730000	0,186192
110,740000	0,198302
110,750000	0,196390
110,760000	0,198939
110,770000	0,195115
110,780000	0,205950
110,790000	0,183643
110,800000	0,198302
110,810000	0,196390
110,820000	0,193840
110,830000	0,193840
110,840000	0,202763
110,850000	0,187467
110,860000	0,170895
110,870000	0,191291
110,880000	0,185555
110,890000	0,191291
110,900000	0,170895
110,910000	0,170258
110,920000	0,183005
110,930000	0,193840
110,940000	0,186829
110,950000	0,200214
110,960000	0,204676
110,970000	0,177906
110,980000	0,184280
110,990000	0,210412
111,000000	0,211049
111,010000	0,179181
111,020000	0,169620
111,030000	0,177269
111,040000	0,182368
111,050000	0,181093
111,060000	0,185555
111,070000	0,190016
111,080000	0,206588
111,090000	0,204038
111,100000	0,167708
111,110000	0,182368
111,120000	0,168983
111,130000	0,183643
111,140000	0,188104
111,150000	0,179181
111,160000	0,167708
111,170000	0,193203
111,180000	0,183005
111,190000	0,197027
111,200000	0,182368
111,210000	0,204038
111,220000	0,201489
111,230000	0,224434
111,240000	0,204038
111,250000	0,198939
111,260000	0,238456
111,270000	0,203401
111,280000	0,204038
111,290000	0,217423
111,300000	0,197027
111,310000	0,221884
111,320000	0,196390
111,330000	0,196390
111,340000	0,207862
111,350000	0,188741
111,360000	0,142851
111,370000	0,189379
111,380000	0,191928
111,390000	0,197665
111,400000	0,183643
111,410000	0,193840
111,420000	0,193840
111,430000	0,186192
111,440000	0,232720
111,450000	0,186192
111,460000	0,187467
111,470000	0,183005
111,480000	0,194478
111,490000	0,188741
111,500000	0,183643
111,510000	0,183643
111,520000	0,181730
111,530000	0,197027
111,540000	0,187467
111,550000	0,177269
111,560000	0,186192
111,570000	0,184280
111,580000	0,178544
111,590000	0,182368
111,600000	0,179181
111,610000	0,184917
111,620000	0,196390
111,630000	0,180456
111,640000	0,181730
111,650000	0,172807
111,660000	0,183643
111,670000	0,177269
111,680000	0,186192
111,690000	0,184280
111,700000	0,168346
111,710000	0,178544
111,720000	0,181093
111,730000	0,184917
111,740000	0,181093
111,750000	0,212961
111,760000	0,190654
111,770000	0,191928
111,780000	0,190654
111,790000	0,191291
111,800000	0,193203
111,810000	0,185555
111,820000	0,184280
111,830000	0,191291
111,840000	0,200214
111,850000	0,171533
111,860000	0,186192
111,870000	0,192566
111,880000	0,184917
111,890000	0,179818
111,900000	0,181093
111,910000	0,206588
111,920000	0,177906
111,930000	0,184280
111,940000	0,198939
111,950000	0,182368
111,960000	0,196390
111,970000	0,184917
111,980000	0,172170
111,990000	0,182368
112,000000	0,205950
112,010000	0,191291
112,020000	0,189379
112,030000	0,202763
112,040000	0,232082
112,050000	0,184917
112,060000	0,193203
112,070000	0,232720
112,080000	0,180456
112,090000	0,223159
112,100000	0,221247
112,110000	0,172807
112,120000	0,198939
112,130000	0,179818
112,140000	0,177269
112,150000	0,209137
112,160000	0,174082
112,170000	0,194478
112,180000	0,184917
112,190000	0,175357
112,200000	0,236544
112,210000	0,184280
112,220000	0,232720
112,230000	0,186829
112,240000	0,188104
112,250000	0,265863
112,260000	0,184917
112,270000	0,156236
112,280000	0,185555
112,290000	0,185555
112,300000	0,165159
112,310000	0,184280
112,320000	0,184917
112,330000	0,185555
112,340000	0,183643
112,350000	0,179818
112,360000	0,183005
112,370000	0,181093
112,380000	0,188741
112,390000	0,180456
112,400000	0,194478
112,410000	0,190016
112,420000	0,189379
112,430000	0,190016
112,440000	0,192566
112,450000	0,188104
112,460000	0,191291
112,470000	0,186829
112,480000	0,197665
112,490000	0,183643
112,500000	0,190016
112,510000	0,181730
112,520000	0,190016
112,530000	0,204038
112,540000	0,188104
112,550000	0,191291
112,560000	0,188104
112,570000	0,194478
112,580000	0,178544
112,590000	0,190654
112,600000	0,175994
112,610000	0,176631
112,620000	0,190654
112,630000	0,183643
112,640000	0,188741
112,650000	0,179818
112,660000	0,186829
112,670000	0,194478
112,680000	0,198939
112,690000	0,183005
112,700000	0,183005
112,710000	0,186192
112,720000	0,185555
112,730000	0,190654
112,740000	0,188741
112,750000	0,186829
112,760000	0,188104
112,770000	0,192566
112,780000	0,185555
112,790000	0,187467
112,800000	0,190654
112,810000	0,178544
112,820000	0,194478
112,830000	0,184280
112,840000	0,181093
112,850000	0,180456
112,860000	0,186829
112,870000	0,185555
112,880000	0,185555
112,890000	0,181730
112,900000	0,188104
112,910000	0,181730
112,920000	0,186829
112,930000	0,187467
112,940000	0,188741
112,950000	0,174082
112,960000	0,184280
112,970000	0,183643
112,980000	0,189379
112,990000	0,185555
113,000000	0,184280
113,010000	0,188104
113,020000	0,185555
113,030000	0,188104
113,040000	0,184917
113,050000	0,188741
113,060000	0,182368
113,070000	0,188741
113,080000	0,190654
113,090000	0,186829
113,100000	0,186829
113,110000	0,188104
113,120000	0,188741
113,130000	0,187467
113,140000	0,189379
113,150000	0,185555
113,160000	0,189379
113,170000	0,184917
113,180000	0,191291
113,190000	0,181093
113,200000	0,186829
113,210000	0,187467
113,220000	0,185555
113,230000	0,186829
113,240000	0,190016
113,250000	0,181093
113,260000	0,188741
113,270000	0,187467
113,280000	0,192566
113,290000	0,189379
113,300000	0,188741
113,310000	0,183005
113,320000	0,188741
113,330000	0,185555
113,340000	0,186192
113,350000	0,181093
113,360000	0,188741
113,370000	0,183005
113,380000	0,188104
113,390000	0,184917
113,400000	0,185555
113,410000	0,187467
113,420000	0,188741
113,430000	0,190016
113,440000	0,186829
113,450000	0,185555
113,460000	0,186192
113,470000	0,183643
113,480000	0,188741
113,490000	0,185555
113,500000	0,188741
113,510000	0,189379
113,520000	0,180456
113,530000	0,189379
113,540000	0,187467
113,550000	0,183005
113,560000	0,188104
113,570000	0,186192
113,580000	0,186192
113,590000	0,185555
113,600000	0,188104
113,610000	0,183005
113,620000	0,184280
113,630000	0,193840
113,640000	0,185555
113,650000	0,183643
113,660000	0,186192
113,670000	0,183643
113,680000	0,189379
113,690000	0,186829
113,700000	0,187467
113,710000	0,179818
113,720000	0,186192
113,730000	0,183005
113,740000	0,184917
113,750000	0,184917
113,760000	0,183005
113,770000	0,186829
113,780000	0,188741
113,790000	0,183643
113,800000	0,188104
113,810000	0,191291
113,820000	0,186192
113,830000	0,190016
113,840000	0,188741
113,850000	0,192566
113,860000	0,192566
113,870000	0,186192
113,880000	0,186192
113,890000	0,185555
113,900000	0,188741
113,910000	0,183005
113,920000	0,187467
113,930000	0,190654
113,940000	0,188741
113,950000	0,190654
113,960000	0,186829
113,970000	0,189379
113,980000	0,188741
113,990000	0,183643
114,000000	0,190016
114,010000	0,184917
114,020000	0,193840
114,030000	0,183005
114,040000	0,190016
114,050000	0,183643
114,060000	0,188104
114,070000	0,181093
114,080000	0,187467
114,090000	0,188104
114,100000	0,188104
114,110000	0,191291
114,120000	0,189379
114,130000	0,183005
114,140000	0,193840
114,150000	0,186192
114,160000	0,186192
114,170000	0,186192
114,180000	0,189379
114,190000	0,191928
114,200000	0,186192
114,210000	0,191928
114,220000	0,188741
114,230000	0,184917
114,240000	0,188104
114,250000	0,191291
114,260000	0,189379
114,270000	0,187467
114,280000	0,191291
114,290000	0,187467
114,300000	0,186192
114,310000	0,184280
114,320000	0,192566
114,330000	0,188741
114,340000	0,184280
114,350000	0,186829
114,360000	0,187467
114,370000	0,188741
114,380000	0,192566
114,390000	0,189379
114,400000	0,190016
114,410000	0,188741
114,420000	0,194478
114,430000	0,184917
114,440000	0,187467
114,450000	0,183643
114,460000	0,193840
114,470000	0,184280
114,480000	0,196390
114,490000	0,183643
114,500000	0,185555
114,510000	0,187467
114,520000	0,190016
114,530000	0,186192
114,540000	0,186829
114,550000	0,188104
114,560000	0,186829
114,570000	0,187467
114,580000	0,188104
114,590000	0,188104
114,600000	0,183643
114,610000	0,189379
114,620000	0,186192
114,630000	0,191928
114,640000	0,186192
114,650000	0,183005
114,660000	0,190016
114,670000	0,185555
114,680000	0,193840
114,690000	0,186829
114,700000	0,185555
114,710000	0,190016
114,720000	0,186192
114,730000	0,187467
114,740000	0,183643
114,750000	0,186829
114,760000	0,178544
114,770000	0,188104
114,780000	0,180456
114,790000	0,185555
114,800000	0,190654
114,810000	0,187467
114,820000	0,183643
114,830000	0,184917
114,840000	0,189379
114,850000	0,189379
114,860000	0,188741
114,870000	0,183005
114,880000	0,191291
114,890000	0,186192
114,900000	0,192566
114,910000	0,186829
114,920000	0,188741
114,930000	0,186829
114,940000	0,187467
114,950000	0,183005
114,960000	0,191291
114,970000	0,184917
114,980000	0,186192
114,990000	0,185555
115,000000	0,190016
115,010000	0,186829
115,020000	0,186192
115,030000	0,186829
115,040000	0,188741
115,050000	0,187467
115,060000	0,186192
115,070000	0,188104
115,080000	0,187467
115,090000	0,191928
115,100000	0,193840
115,110000	0,183005
115,120000	0,182368
115,130000	0,184917
115,140000	0,184917
115,150000	0,188104
115,160000	0,185555
115,170000	0,184280
115,180000	0,191291
115,190000	0,186192
115,200000	0,190016
115,210000	0,186829
115,220000	0,184917
115,230000	0,191291
115,240000	0,186829
115,250000	0,186192
115,260000	0,190016
115,270000	0,184917
115,280000	0,187467
115,290000	0,183005
115,300000	0,177906
115,310000	0,184917
115,320000	0,181093
115,330000	0,190654
115,340000	0,182368
115,350000	0,187467
115,360000	0,182368
115,370000	0,185555
115,380000	0,181093
115,390000	0,186829
115,400000	0,187467
115,410000	0,184917
115,420000	0,181730
115,430000	0,190654
115,440000	0,186829
115,450000	0,190016
115,460000	0,183643
115,470000	0,186829
115,480000	0,182368
115,490000	0,193840
115,500000	0,183643
115,510000	0,185555
115,520000	0,181730
115,530000	0,188741
115,540000	0,183005
115,550000	0,187467
115,560000	0,180456
115,570000	0,187467
115,580000	0,185555
115,590000	0,191928
115,600000	0,187467
115,610000	0,186192
115,620000	0,188741
115,630000	0,195752
115,640000	0,192566
115,650000	0,188741
115,660000	0,188741
115,670000	0,185555
115,680000	0,186829
115,690000	0,180456
115,700000	0,185555
115,710000	0,183643
115,720000	0,184280
115,730000	0,185555
115,740000	0,185555
115,750000	0,183643
115,760000	0,183005
115,770000	0,183005
115,780000	0,185555
115,790000	0,185555
115,800000	0,179818
115,810000	0,184280
115,820000	0,181730
115,830000	0,187467
115,840000	0,183643
115,850000	0,184917
115,860000	0,183005
115,870000	0,181093
115,880000	0,188104
115,890000	0,179818
115,900000	0,188741
115,910000	0,185555
115,920000	0,189379
115,930000	0,181093
115,940000	0,194478
115,950000	0,189379
115,960000	0,184917
115,970000	0,181093
115,980000	0,187467
115,990000	0,183005
116,000000	0,191291
116,010000	0,188104
116,020000	0,190654
116,030000	0,180456
116,040000	0,192566
116,050000	0,181093
116,060000	0,186829
116,070000	0,186192
116,080000	0,190654
116,090000	0,187467
116,100000	0,190016
116,110000	0,184917
116,120000	0,191928
116,130000	0,184280
116,140000	0,187467
116,150000	0,188104
116,160000	0,195115
116,170000	0,181093
116,180000	0,189379
116,190000	0,181093
116,200000	0,193203
116,210000	0,186829
116,220000	0,183643
116,230000	0,186829
116,240000	0,191928
116,250000	0,184280
116,260000	0,189379
116,270000	0,182368
116,280000	0,191928
116,290000	0,183643
116,300000	0,188741
116,310000	0,188104
116,320000	0,193840
116,330000	0,186192
116,340000	0,190654
116,350000	0,186192
116,360000	0,187467
116,370000	0,189379
116,380000	0,184280
116,390000	0,186192
116,400000	0,190654
116,410000	0,185555
116,420000	0,188741
116,430000	0,187467
116,440000	0,181093
116,450000	0,188741
116,460000	0,190654
116,470000	0,191928
116,480000	0,187467
116,490000	0,187467
116,500000	0,190016
116,510000	0,183005
116,520000	0,188104
116,530000	0,183005
116,540000	0,179181
116,550000	0,185555
116,560000	0,186829
116,570000	0,180456
116,580000	0,187467
116,590000	0,186192
116,600000	0,187467
116,610000	0,185555
116,620000	0,193840
116,630000	0,184280
116,640000	0,193840
116,650000	0,183005
116,660000	0,187467
116,670000	0,190654
116,680000	0,193203
116,690000	0,188104
116,700000	0,192566
116,710000	0,186829
116,720000	0,190654
116,730000	0,188741
116,740000	0,192566
116,750000	0,186829
116,760000	0,189379
116,770000	0,187467
116,780000	0,191928
116,790000	0,192566
116,800000	0,184917
116,810000	0,192566
116,820000	0,186192
116,830000	0,188104
116,840000	0,186192
116,850000	0,190016
116,860000	0,188104
116,870000	0,188741
116,880000	0,189379
116,890000	0,188741
116,900000	0,183643
116,910000	0,188741
116,920000	0,185555
116,930000	0,184280
116,940000	0,185555
116,950000	0,186829
116,960000	0,187467
116,970000	0,189379
116,980000	0,187467
116,990000	0,187467
117,000000	0,183643
117,010000	0,191291
117,020000	0,184280
117,030000	0,190016
117,040000	0,186192
117,050000	0,186829
117,060000	0,188741
117,070000	0,184917
117,080000	0,189379
117,090000	0,184917
117,100000	0,188741
117,110000	0,186192
117,120000	0,186192
117,130000	0,188741
117,140000	0,186192
117,150000	0,184280
117,160000	0,186192
117,170000	0,184917
117,180000	0,186192
117,190000	0,188741
117,200000	0,185555
117,210000	0,188741
117,220000	0,186829
117,230000	0,184280
117,240000	0,184280
117,250000	0,186829
117,260000	0,189379
117,270000	0,183005
117,280000	0,186192
117,290000	0,185555
117,300000	0,186192
117,310000	0,186192
117,320000	0,181730
117,330000	0,188741
117,340000	0,189379
117,350000	0,183005
117,360000	0,188104
117,370000	0,183643
117,380000	0,186192
117,390000	0,188104
117,400000	0,186829
117,410000	0,191291
117,420000	0,186192
117,430000	0,187467
117,440000	0,186192
117,450000	0,193840
117,460000	0,188741
117,470000	0,188741
117,480000	0,185555
117,490000	0,191291
117,500000	0,184280
117,510000	0,186192
117,520000	0,184917
117,530000	0,184280
117,540000	0,183643
117,550000	0,184280
117,560000	0,183643
117,570000	0,184280
117,580000	0,183005
117,590000	0,184280
117,600000	0,183643
117,610000	0,189379
117,620000	0,189379
117,630000	0,186829
117,640000	0,186192
117,650000	0,187467
117,660000	0,183005
117,670000	0,183005
117,680000	0,179181
117,690000	0,183005
117,700000	0,183005
117,710000	0,187467
117,720000	0,183643
117,730000	0,186192
117,740000	0,184280
117,750000	0,184280
117,760000	0,183643
117,770000	0,187467
117,780000	0,185555
117,790000	0,184280
117,800000	0,188104
117,810000	0,186829
117,820000	0,182368
117,830000	0,186192
117,840000	0,184917
117,850000	0,183643
117,860000	0,185555
117,870000	0,188104
117,880000	0,183643
117,890000	0,185555
117,900000	0,188104
117,910000	0,183643
117,920000	0,183643
117,930000	0,183005
117,940000	0,192566
117,950000	0,182368
117,960000	0,186829
117,970000	0,179181
117,980000	0,188741
117,990000	0,182368
118,000000	0,187467
118,010000	0,183005
118,020000	0,190016
118,030000	0,179181
118,040000	0,188104
118,050000	0,181093
118,060000	0,187467
118,070000	0,189379
118,080000	0,184917
118,090000	0,183005
118,100000	0,191291
118,110000	0,183005
118,120000	0,190016
118,130000	0,183005
118,140000	0,186829
118,150000	0,185555
118,160000	0,189379
118,170000	0,186829
118,180000	0,184917
118,190000	0,188104
118,200000	0,180456
118,210000	0,188104
118,220000	0,183005
118,230000	0,188741
118,240000	0,185555
118,250000	0,187467
118,260000	0,186829
118,270000	0,188104
118,280000	0,188741
118,290000	0,188741
118,300000	0,175357
118,310000	0,190654
118,320000	0,181093
118,330000	0,186829
118,340000	0,181730
118,350000	0,188104
118,360000	0,186192
118,370000	0,190654
118,380000	0,186829
118,390000	0,188741
118,400000	0,185555
118,410000	0,186829
118,420000	0,186829
118,430000	0,187467
118,440000	0,188104
118,450000	0,188104
118,460000	0,193203
118,470000	0,186829
118,480000	0,185555
118,490000	0,181093
118,500000	0,192566
118,510000	0,193203
118,520000	0,190654
118,530000	0,189379
118,540000	0,183005
118,550000	0,190016
118,560000	0,186192
118,570000	0,187467
118,580000	0,186192
118,590000	0,190016
118,600000	0,186192
118,610000	0,186192
118,620000	0,187467
118,630000	0,193203
118,640000	0,188741
118,650000	0,188104
118,660000	0,185555
118,670000	0,189379
118,680000	0,191928
118,690000	0,191291
118,700000	0,192566
118,710000	0,185555
118,720000	0,187467
118,730000	0,189379
118,740000	0,188741
118,750000	0,186829
118,760000	0,187467
118,770000	0,187467
118,780000	0,189379
118,790000	0,191928
118,800000	0,187467
118,810000	0,188741
118,820000	0,187467
118,830000	0,189379
118,840000	0,190016
118,850000	0,189379
118,860000	0,192566
118,870000	0,188741
118,880000	0,184917
118,890000	0,186829
118,900000	0,189379
118,910000	0,186829
118,920000	0,188104
118,930000	0,189379
118,940000	0,188741
118,950000	0,188741
118,960000	0,190654
118,970000	0,187467
118,980000	0,190016
118,990000	0,186829
119,000000	0,188104
119,010000	0,188104
119,020000	0,186192
119,030000	0,187467
119,040000	0,192566
119,050000	0,184280
119,060000	0,188104
119,070000	0,183005
119,080000	0,190016
119,090000	0,185555
119,100000	0,186192
119,110000	0,183643
119,120000	0,188104
119,130000	0,184917
119,140000	0,192566
119,150000	0,184280
119,160000	0,191291
119,170000	0,188104
119,180000	0,188741
119,190000	0,183643
119,200000	0,189379
119,210000	0,190016
119,220000	0,192566
119,230000	0,186192
119,240000	0,187467
119,250000	0,191928
119,260000	0,192566
119,270000	0,191291
119,280000	0,188741
119,290000	0,191291
119,300000	0,186829
119,310000	0,183005
119,320000	0,190016
119,330000	0,185555
119,340000	0,187467
119,350000	0,183643
119,360000	0,181093
119,370000	0,186192
119,380000	0,188741
119,390000	0,183005
119,400000	0,190654
119,410000	0,183643
119,420000	0,186192
119,430000	0,184280
119,440000	0,186829
119,450000	0,179181
119,460000	0,185555
119,470000	0,181730
119,480000	0,188741
119,490000	0,183005
119,500000	0,183643
119,510000	0,186829
119,520000	0,188104
119,530000	0,181730
119,540000	0,187467
119,550000	0,181730
119,560000	0,188104
119,570000	0,186192
119,580000	0,186192
119,590000	0,184280
119,600000	0,184917
119,610000	0,181730
119,620000	0,188104
119,630000	0,185555
119,640000	0,184280
119,650000	0,185555
119,660000	0,189379
119,670000	0,183005
119,680000	0,187467
119,690000	0,187467
119,700000	0,187467
119,710000	0,184917
119,720000	0,187467
119,730000	0,186192
119,740000	0,188741
119,750000	0,186192
119,760000	0,181093
119,770000	0,186829
119,780000	0,181093
119,790000	0,185555
119,800000	0,186192
119,810000	0,193203
119,820000	0,186192
119,830000	0,184917
119,840000	0,187467
119,850000	0,190016
119,860000	0,183643
119,870000	0,183005
119,880000	0,187467
119,890000	0,185555
119,900000	0,183643
119,910000	0,182368
119,920000	0,188104
119,930000	0,188104
119,940000	0,183005
119,950000	0,185555
119,960000	0,189379
119,970000	0,184917
119,980000	0,183643
119,990000	0,186192
120,000000	0,184280
120,010000	0,186192
120,020000	0,183643
120,030000	0,186829
120,040000	0,184917
120,050000	0,183643
120,060000	0,188741
120,070000	0,186192
120,080000	0,187467
120,090000	0,183643
120,100000	0,186829
120,110000	0,186192
120,120000	0,183005
120,130000	0,184917
120,140000	0,188104
120,150000	0,184917
120,160000	0,184917
120,170000	0,186829
120,180000	0,181093
120,190000	0,186829
120,200000	0,180456
120,210000	0,188104
120,220000	0,183643
120,230000	0,186192
120,240000	0,184917
120,250000	0,190654
120,260000	0,183005
120,270000	0,188104
120,280000	0,186192
120,290000	0,184917
120,300000	0,185555
120,310000	0,188104
120,320000	0,187467
120,330000	0,186192
120,340000	0,188741
120,350000	0,184917
120,360000	0,190016
120,370000	0,188104
120,380000	0,186829
120,390000	0,186829
120,400000	0,191291
120,410000	0,188104
120,420000	0,190654
120,430000	0,184917
120,440000	0,190654
120,450000	0,183643
120,460000	0,190016
120,470000	0,188741
120,480000	0,193840
120,490000	0,188104
120,500000	0,191291
120,510000	0,186829
120,520000	0,187467
120,530000	0,188741
120,540000	0,189379
120,550000	0,185555
120,560000	0,189379
120,570000	0,184280
120,580000	0,191291
120,590000	0,186192
120,600000	0,191291
120,610000	0,188741
120,620000	0,186192
120,630000	0,188741
120,640000	0,190654
120,650000	0,188104
120,660000	0,188741
120,670000	0,188104
120,680000	0,184280
120,690000	0,186829
120,700000	0,184917
120,710000	0,190654
120,720000	0,186192
120,730000	0,188104
120,740000	0,188741
120,750000	0,188741
120,760000	0,186192
120,770000	0,185555
120,780000	0,189379
120,790000	0,191291
120,800000	0,186829
120,810000	0,190016
120,820000	0,188104
120,830000	0,188741
120,840000	0,189379
120,850000	0,188741
120,860000	0,186192
120,870000	0,190654
120,880000	0,188741
120,890000	0,193203
120,900000	0,186192
120,910000	0,190654
120,920000	0,191291
120,930000	0,188741
120,940000	0,189379
120,950000	0,187467
120,960000	0,191291
120,970000	0,187467
120,980000	0,181093
120,990000	0,186192
121,000000	0,188741
121,010000	0,194478
121,020000	0,186829
121,030000	0,191928
121,040000	0,187467
121,050000	0,190016
121,060000	0,186829
121,070000	0,188104
121,080000	0,189379
121,090000	0,188741
121,100000	0,187467
121,110000	0,186192
121,120000	0,188741
121,130000	0,184917
121,140000	0,190016
121,150000	0,188741
121,160000	0,183005
121,170000	0,186192
121,180000	0,189379
121,190000	0,186829
121,200000	0,186829
121,210000	0,188104
121,220000	0,187467
121,230000	0,189379
121,240000	0,191291
121,250000	0,188104
121,260000	0,187467
121,270000	0,180456
121,280000	0,186829
121,290000	0,188104
121,300000	0,190016
121,310000	0,184280
121,320000	0,190016
121,330000	0,188104
121,340000	0,189379
121,350000	0,184917
121,360000	0,183005
121,370000	0,185555
121,380000	0,188104
121,390000	0,188741
121,400000	0,188104
121,410000	0,185555
121,420000	0,187467
121,430000	0,188104
121,440000	0,188741
121,450000	0,185555
121,460000	0,185555
121,470000	0,186829
121,480000	0,186192
121,490000	0,182368
121,500000	0,186192
121,510000	0,186829
121,520000	0,182368
121,530000	0,188741
121,540000	0,182368
121,550000	0,182368
121,560000	0,183005
121,570000	0,184280
121,580000	0,188741
121,590000	0,183643
121,600000	0,185555
121,610000	0,183643
121,620000	0,191291
121,630000	0,184917
121,640000	0,187467
121,650000	0,183643
121,660000	0,188104
121,670000	0,185555
121,680000	0,188104
121,690000	0,183643
121,700000	0,188104
121,710000	0,183643
121,720000	0,189379
121,730000	0,181093
121,740000	0,188741
121,750000	0,183643
121,760000	0,182368
121,770000	0,185555
121,780000	0,184917
121,790000	0,184280
121,800000	0,187467
121,810000	0,183005
121,820000	0,188104
121,830000	0,182368
121,840000	0,184280
121,850000	0,183643
121,860000	0,175994
121,870000	0,183005
121,880000	0,186829
121,890000	0,184280
121,900000	0,181093
121,910000	0,184280
121,920000	0,179818
121,930000	0,184280
121,940000	0,182368
121,950000	0,184280
121,960000	0,178544
121,970000	0,183643
121,980000	0,184280
121,990000	0,181093
122,000000	0,178544
122,010000	0,181093
122,020000	0,187467
122,030000	0,183005
122,040000	0,181093
122,050000	0,184917
122,060000	0,178544
122,070000	0,184280
122,080000	0,184280
122,090000	0,183643
122,100000	0,182368
122,110000	0,181093
122,120000	0,181093
122,130000	0,182368
122,140000	0,183005
122,150000	0,185555
122,160000	0,191928
122,170000	0,183005
122,180000	0,181093
122,190000	0,183643
122,200000	0,178544
122,210000	0,183005
122,220000	0,181730
122,230000	0,182368
122,240000	0,184917
122,250000	0,183643
122,260000	0,175357
122,270000	0,181093
122,280000	0,182368
122,290000	0,177269
122,300000	0,180456
122,310000	0,177269
122,320000	0,180456
122,330000	0,179818
122,340000	0,179818
122,350000	0,184280
122,360000	0,181093
122,370000	0,180456
122,380000	0,182368
122,390000	0,185555
122,400000	0,178544
122,410000	0,179181
122,420000	0,178544
122,430000	0,178544
122,440000	0,173445
122,450000	0,178544
122,460000	0,179818
122,470000	0,178544
122,480000	0,179818
122,490000	0,174082
122,500000	0,180456
122,510000	0,176631
122,520000	0,179181
122,530000	0,173445
122,540000	0,175357
122,550000	0,172807
122,560000	0,177906
122,570000	0,172807
122,580000	0,179181
122,590000	0,172170
122,600000	0,175994
122,610000	0,173445
122,620000	0,173445
122,630000	0,175994
122,640000	0,174082
122,650000	0,174719
122,660000	0,174719
122,670000	0,170895
122,680000	0,176631
122,690000	0,172170
122,700000	0,173445
122,710000	0,171533
122,720000	0,175994
122,730000	0,169620
122,740000	0,175994
122,750000	0,170895
122,760000	0,172170
122,770000	0,174082
122,780000	0,174719
122,790000	0,174082
122,800000	0,173445
122,810000	0,170895
122,820000	0,173445
122,830000	0,170895
122,840000	0,169620
122,850000	0,166434
122,860000	0,171533
122,870000	0,168346
122,880000	0,172807
122,890000	0,165159
122,900000	0,171533
122,910000	0,166434
122,920000	0,174082
122,930000	0,168346
122,940000	0,173445
122,950000	0,170895
122,960000	0,170895
122,970000	0,168346
122,980000	0,172807
122,990000	0,167071
123,000000	0,173445
123,010000	0,162609
123,020000	0,170258
123,030000	0,170895
123,040000	0,171533
123,050000	0,167071
123,060000	0,170258
123,070000	0,167708
123,080000	0,170895
123,090000	0,165796
123,100000	0,171533
123,110000	0,165796
123,120000	0,172170
123,130000	0,164522
123,140000	0,168983
123,150000	0,165159
123,160000	0,168346
123,170000	0,167708
123,180000	0,170258
123,190000	0,169620
123,200000	0,169620
123,210000	0,167071
123,220000	0,170895
123,230000	0,164522
123,240000	0,170895
123,250000	0,168346
123,260000	0,168346
123,270000	0,168346
123,280000	0,167708
123,290000	0,166434
123,300000	0,168983
123,310000	0,168983
123,320000	0,167071
123,330000	0,167071
123,340000	0,166434
123,350000	0,167708
123,360000	0,164522
123,370000	0,168346
123,380000	0,167708
123,390000	0,167708
123,400000	0,170258
123,410000	0,166434
123,420000	0,168346
123,430000	0,166434
123,440000	0,170895
123,450000	0,165796
123,460000	0,167071
123,470000	0,165159
123,480000	0,169620
123,490000	0,166434
123,500000	0,169620
123,510000	0,161972
123,520000	0,167708
123,530000	0,163247
123,540000	0,167708
123,550000	0,163247
123,560000	0,168346
123,570000	0,164522
123,580000	0,164522
123,590000	0,167071
123,600000	0,168346
123,610000	0,163247
123,620000	0,165159
123,630000	0,166434
123,640000	0,168346
123,650000	0,165796
123,660000	0,165159
123,670000	0,163884
123,680000	0,167071
123,690000	0,163247
123,700000	0,163247
123,710000	0,165159
123,720000	0,167708
123,730000	0,163247
123,740000	0,167708
123,750000	0,164522
123,760000	0,166434
123,770000	0,161972
123,780000	0,166434
123,790000	0,164522
123,800000	0,162609
123,810000	0,164522
123,820000	0,163247
123,830000	0,165159
123,840000	0,163884
123,850000	0,162609
123,860000	0,163247
123,870000	0,163247
123,880000	0,165796
123,890000	0,165796
123,900000	0,168983
123,910000	0,165159
123,920000	0,165159
123,930000	0,165159
123,940000	0,168346
123,950000	0,164522
123,960000	0,167071
123,970000	0,163884
123,980000	0,168346
123,990000	0,165159
124,000000	0,165796
124,010000	0,163884
124,020000	0,165796
124,030000	0,163247
124,040000	0,165159
124,050000	0,163247
124,060000	0,164522
124,070000	0,160697
124,080000	0,167708
124,090000	0,165159
124,100000	0,165796
124,110000	0,165159
124,120000	0,164522
124,130000	0,161972
124,140000	0,165159
124,150000	0,163247
124,160000	0,167071
124,170000	0,165159
124,180000	0,165796
124,190000	0,165159
124,200000	0,165796
124,210000	0,163884
124,220000	0,163884
124,230000	0,165159
124,240000	0,165159
124,250000	0,162609
124,260000	0,167708
124,270000	0,161972
124,280000	0,163884
124,290000	0,162609
124,300000	0,167071
124,310000	0,162609
124,320000	0,165796
124,330000	0,163247
124,340000	0,164522
124,350000	0,162609
124,360000	0,167071
124,370000	0,161335
124,380000	0,163884
124,390000	0,161972
124,400000	0,165796
124,410000	0,165796
124,420000	0,166434
124,430000	0,165159
124,440000	0,167071
124,450000	0,165796
124,460000	0,164522
124,470000	0,163884
124,480000	0,163247
124,490000	0,165159
124,500000	0,163247
124,510000	0,165796
124,520000	0,163884
124,530000	0,167708
124,540000	0,164522
124,550000	0,164522
124,560000	0,165159
124,570000	0,165796
124,580000	0,161972
124,590000	0,167708
124,600000	0,165159
124,610000	0,163884
124,620000	0,164522
124,630000	0,167708
124,640000	0,163247
124,650000	0,168346
124,660000	0,167071
124,670000	0,167708
124,680000	0,167071
124,690000	0,168983
124,700000	0,163247
124,710000	0,168983
124,720000	0,168346
124,730000	0,167071
124,740000	0,168346
124,750000	0,167071
124,760000	0,165796
124,770000	0,166434
124,780000	0,168346
124,790000	0,162609
124,800000	0,167708
124,810000	0,162609
124,820000	0,166434
124,830000	0,164522
124,840000	0,167071
124,850000	0,161972
124,860000	0,167708
124,870000	0,165796
124,880000	0,165796
124,890000	0,166434
124,900000	0,165159
124,910000	0,164522
124,920000	0,164522
124,930000	0,165796
124,940000	0,163884
124,950000	0,164522
124,960000	0,166434
124,970000	0,165159
124,980000	0,165159
124,990000	0,164522
125,000000	0,165796
125,010000	0,168983
125,020000	0,167708
125,030000	0,166434
125,040000	0,164522
125,050000	0,163884
125,060000	0,165796
125,070000	0,168346
125,080000	0,165159
125,090000	0,166434
125,100000	0,167708
125,110000	0,165796
125,120000	0,167071
125,130000	0,165159
125,140000	0,170258
125,150000	0,163884
125,160000	0,167071
125,170000	0,165796
125,180000	0,165796
125,190000	0,163247
125,200000	0,166434
125,210000	0,167071
125,220000	0,163884
125,230000	0,162609
125,240000	0,166434
125,250000	0,163247
125,260000	0,168346
125,270000	0,164522
125,280000	0,166434
125,290000	0,165796
125,300000	0,165796
125,310000	0,165796
125,320000	0,165159
125,330000	0,163884
125,340000	0,158148
125,350000	0,167071
125,360000	0,167708
125,370000	0,165159
125,380000	0,168346
125,390000	0,163247
125,400000	0,167708
125,410000	0,165796
125,420000	0,161335
125,430000	0,164522
125,440000	0,160697
125,450000	0,163247
125,460000	0,168346
125,470000	0,165796
125,480000	0,163884
125,490000	0,162609
125,500000	0,163884
125,510000	0,165159
125,520000	0,163247
125,530000	0,163884
125,540000	0,168346
125,550000	0,163884
125,560000	0,161335
125,570000	0,163884
125,580000	0,161972
125,590000	0,165796
125,600000	0,165796
125,610000	0,165159
125,620000	0,163884
125,630000	0,161972
125,640000	0,166434
125,650000	0,163247
125,660000	0,163884
125,670000	0,162609
125,680000	0,163884
125,690000	0,166434
125,700000	0,165159
125,710000	0,163884
125,720000	0,167071
125,730000	0,164522
125,740000	0,161972
125,750000	0,168346
125,760000	0,164522
125,770000	0,165159
125,780000	0,162609
125,790000	0,165159
125,800000	0,161972
125,810000	0,164522
125,820000	0,158785
125,830000	0,166434
125,840000	0,161335
125,850000	0,164522
125,860000	0,163247
125,870000	0,166434
125,880000	0,160697
125,890000	0,163247
125,900000	0,165796
125,910000	0,162609
125,920000	0,162609
125,930000	0,164522
125,940000	0,162609
125,950000	0,161972
125,960000	0,163884
125,970000	0,163247
125,980000	0,165159
125,990000	0,161335
126,000000	0,165796
126,010000	0,163884
126,020000	0,162609
126,030000	0,163247
126,040000	0,163247
126,050000	0,161335
126,060000	0,165159
126,070000	0,163884
126,080000	0,163247
126,090000	0,162609
126,100000	0,161972
126,110000	0,163884
126,120000	0,163884
126,130000	0,161335
126,140000	0,164522
126,150000	0,159423
126,160000	0,165159
126,170000	0,163247
126,180000	0,165159
126,190000	0,160060
126,200000	0,165159
126,210000	0,161972
126,220000	0,160697
126,230000	0,163247
126,240000	0,164522
126,250000	0,161335
126,260000	0,164522
126,270000	0,162609
126,280000	0,163247
126,290000	0,160697
126,300000	0,164522
126,310000	0,165159
126,320000	0,161335
126,330000	0,162609
126,340000	0,162609
126,350000	0,163247
126,360000	0,163884
126,370000	0,164522
126,380000	0,164522
126,390000	0,165159
126,400000	0,164522
126,410000	0,161972
126,420000	0,162609
126,430000	0,163247
126,440000	0,162609
126,450000	0,160697
126,460000	0,163247
126,470000	0,162609
126,480000	0,162609
126,490000	0,162609
126,500000	0,162609
126,510000	0,161972
126,520000	0,163247
126,530000	0,162609
126,540000	0,163884
126,550000	0,162609
126,560000	0,160697
126,570000	0,162609
126,580000	0,161972
126,590000	0,163247
126,600000	0,163884
126,610000	0,162609
126,620000	0,161335
126,630000	0,161972
126,640000	0,163884
126,650000	0,165159
126,660000	0,163247
126,670000	0,161972
126,680000	0,163884
126,690000	0,163247
126,700000	0,165159
126,710000	0,161972
126,720000	0,166434
126,730000	0,163247
126,740000	0,164522
126,750000	0,163884
126,760000	0,163247
126,770000	0,161972
126,780000	0,167071
126,790000	0,161335
126,800000	0,167708
126,810000	0,162609
126,820000	0,166434
126,830000	0,163884
126,840000	0,165159
126,850000	0,163247
126,860000	0,165796
126,870000	0,163247
126,880000	0,166434
126,890000	0,162609
126,900000	0,167708
126,910000	0,163247
126,920000	0,167071
126,930000	0,163247
126,940000	0,165796
126,950000	0,161972
126,960000	0,162609
126,970000	0,162609
126,980000	0,168983
126,990000	0,167708
127,000000	0,165159
127,010000	0,162609
127,020000	0,166434
127,030000	0,164522
127,040000	0,162609
127,050000	0,162609
127,060000	0,163247
127,070000	0,161972
127,080000	0,162609
127,090000	0,164522
127,100000	0,163884
127,110000	0,162609
127,120000	0,165796
127,130000	0,163884
127,140000	0,165796
127,150000	0,164522
127,160000	0,162609
127,170000	0,163884
127,180000	0,165159
127,190000	0,162609
127,200000	0,162609
127,210000	0,165796
127,220000	0,165796
127,230000	0,163884
127,240000	0,163884
127,250000	0,165159
127,260000	0,162609
127,270000	0,165159
127,280000	0,163247
127,290000	0,165159
127,300000	0,166434
127,310000	0,164522
127,320000	0,163247
127,330000	0,165159
127,340000	0,161972
127,350000	0,163884
127,360000	0,167071
127,370000	0,163884
127,380000	0,166434
127,390000	0,163247
127,400000	0,167071
127,410000	0,165159
127,420000	0,163884
127,430000	0,164522
127,440000	0,165159
127,450000	0,163884
127,460000	0,167708
127,470000	0,163247
127,480000	0,165159
127,490000	0,163247
127,500000	0,161972
127,510000	0,165796
127,520000	0,165796
127,530000	0,162609
127,540000	0,164522
127,550000	0,160697
127,560000	0,165796
127,570000	0,163247
127,580000	0,167708
127,590000	0,161972
127,600000	0,165159
127,610000	0,161335
127,620000	0,165796
127,630000	0,160697
127,640000	0,165159
127,650000	0,161972
127,660000	0,167708
127,670000	0,160060
127,680000	0,165796
127,690000	0,161972
127,700000	0,165796
127,710000	0,161335
127,720000	0,163884
127,730000	0,160697
127,740000	0,165159
127,750000	0,160697
127,760000	0,165159
127,770000	0,162609
127,780000	0,163247
127,790000	0,161972
127,800000	0,163884
127,810000	0,161972
127,820000	0,163247
127,830000	0,159423
127,840000	0,163247
127,850000	0,162609
127,860000	0,164522
127,870000	0,161972
127,880000	0,163247
127,890000	0,161972
127,900000	0,165159
127,910000	0,160697
127,920000	0,163247
127,930000	0,161972
127,940000	0,163247
127,950000	0,162609
127,960000	0,163247
127,970000	0,165159
127,980000	0,161972
127,990000	0,161972
128,000000	0,160697
128,010000	0,158148
128,020000	0,160060
128,030000	0,161335
128,040000	0,161972
128,050000	0,162609
128,060000	0,161972
128,070000	0,164522
128,080000	0,162609
128,090000	0,162609
128,100000	0,162609
128,110000	0,158148
128,120000	0,163247
128,130000	0,157511
128,140000	0,164522
128,150000	0,163247
128,160000	0,159423
128,170000	0,160060
128,180000	0,163247
128,190000	0,160060
128,200000	0,165159
128,210000	0,160060
128,220000	0,163247
128,230000	0,160697
128,240000	0,160697
128,250000	0,162609
128,260000	0,161972
128,270000	0,160060
128,280000	0,163247
128,290000	0,160697
128,300000	0,162609
128,310000	0,162609
128,320000	0,163247
128,330000	0,162609
128,340000	0,160060
128,350000	0,161972
128,360000	0,163884
128,370000	0,160060
128,380000	0,163884
128,390000	0,163247
128,400000	0,162609
128,410000	0,162609
128,420000	0,163247
128,430000	0,160060
128,440000	0,160697
128,450000	0,160697
128,460000	0,160697
128,470000	0,161972
128,480000	0,163884
128,490000	0,160697
128,500000	0,165159
128,510000	0,160697
128,520000	0,161335
128,530000	0,163247
128,540000	0,161972
128,550000	0,163247
128,560000	0,162609
128,570000	0,160697
128,580000	0,163884
128,590000	0,160060
128,600000	0,165159
128,610000	0,160060
128,620000	0,163247
128,630000	0,159423
128,640000	0,164522
128,650000	0,162609
128,660000	0,165159
128,670000	0,159423
128,680000	0,162609
128,690000	0,160697
128,700000	0,161972
128,710000	0,160060
128,720000	0,162609
128,730000	0,160060
128,740000	0,165159
128,750000	0,163884
128,760000	0,163247
128,770000	0,162609
128,780000	0,162609
128,790000	0,161972
128,800000	0,165796
128,810000	0,163247
128,820000	0,165159
128,830000	0,161335
128,840000	0,163884
128,850000	0,164522
128,860000	0,165159
128,870000	0,162609
128,880000	0,161972
128,890000	0,163247
128,900000	0,165159
128,910000	0,161335
128,920000	0,166434
128,930000	0,160060
128,940000	0,168346
128,950000	0,161335
128,960000	0,163884
128,970000	0,162609
128,980000	0,164522
128,990000	0,162609
129,000000	0,165796
129,010000	0,163884
129,020000	0,163884
129,030000	0,162609
129,040000	0,165159
129,050000	0,165796
129,060000	0,165159
129,070000	0,160697
129,080000	0,167708
129,090000	0,164522
129,100000	0,166434
129,110000	0,161972
129,120000	0,165796
129,130000	0,161972
129,140000	0,166434
129,150000	0,162609
129,160000	0,167708
129,170000	0,159423
129,180000	0,167708
129,190000	0,161335
129,200000	0,168346
129,210000	0,160697
129,220000	0,167708
129,230000	0,160697
129,240000	0,167071
129,250000	0,162609
129,260000	0,168346
129,270000	0,161972
129,280000	0,166434
129,290000	0,162609
129,300000	0,168983
129,310000	0,160697
129,320000	0,164522
129,330000	0,160697
129,340000	0,165796
129,350000	0,164522
129,360000	0,165159
129,370000	0,163884
129,380000	0,165159
129,390000	0,161972
129,400000	0,165796
129,410000	0,162609
129,420000	0,162609
129,430000	0,163247
129,440000	0,161972
129,450000	0,167071
129,460000	0,159423
129,470000	0,165796
129,480000	0,162609
129,490000	0,164522
129,500000	0,163884
129,510000	0,165159
129,520000	0,160697
129,530000	0,164522
129,540000	0,163884
129,550000	0,165796
129,560000	0,164522
129,570000	0,163247
129,580000	0,164522
129,590000	0,161335
129,600000	0,166434
129,610000	0,163247
129,620000	0,164522
129,630000	0,161972
129,640000	0,162609
129,650000	0,164522
129,660000	0,163884
129,670000	0,163247
129,680000	0,163247
129,690000	0,161335
129,700000	0,165796
129,710000	0,162609
129,720000	0,164522
129,730000	0,164522
129,740000	0,161335
129,750000	0,163884
129,760000	0,164522
129,770000	0,160697
129,780000	0,162609
129,790000	0,163884
129,800000	0,160697
129,810000	0,163247
129,820000	0,162609
129,830000	0,161335
129,840000	0,161972
129,850000	0,162609
129,860000	0,162609
129,870000	0,163247
129,880000	0,159423
129,890000	0,163884
129,900000	0,160697
129,910000	0,163884
129,920000	0,161972
129,930000	0,166434
129,940000	0,159423
129,950000	0,163247
129,960000	0,161335
129,970000	0,164522
129,980000	0,161972
129,990000	0,164522
130,000000	0,160060
130,010000	0,160697
130,020000	0,159423
130,030000	0,163247
130,040000	0,161972
130,050000	0,163247
130,060000	0,160697
130,070000	0,160697
130,080000	0,163247
130,090000	0,161972
130,100000	0,160060
130,110000	0,160697
130,120000	0,162609
130,130000	0,160060
130,140000	0,161335
130,150000	0,161972
130,160000	0,160060
130,170000	0,160697
130,180000	0,161972
130,190000	0,163884
130,200000	0,159423
130,210000	0,161972
130,220000	0,161972
130,230000	0,161972
130,240000	0,162609
130,250000	0,158785
130,260000	0,161972
130,270000	0,156236
130,280000	0,161335
130,290000	0,159423
130,300000	0,162609
130,310000	0,158148
130,320000	0,160697
130,330000	0,161335
130,340000	0,163247
130,350000	0,158785
130,360000	0,161335
130,370000	0,160697
130,380000	0,160697
130,390000	0,158148
130,400000	0,160697
130,410000	0,159423
130,420000	0,161972
130,430000	0,158785
130,440000	0,161972
130,450000	0,160697
130,460000	0,159423
130,470000	0,160060
130,480000	0,161335
130,490000	0,160060
130,500000	0,161972
130,510000	0,161972
130,520000	0,161335
130,530000	0,158785
130,540000	0,165796
130,550000	0,158148
130,560000	0,161335
130,570000	0,160060
130,580000	0,163884
130,590000	0,158785
130,600000	0,165796
130,610000	0,158148
130,620000	0,163247
130,630000	0,160060
130,640000	0,162609
130,650000	0,160697
130,660000	0,161335
130,670000	0,160060
130,680000	0,163884
130,690000	0,160697
130,700000	0,161972
130,710000	0,160060
130,720000	0,163247
130,730000	0,159423
130,740000	0,160060
130,750000	0,162609
130,760000	0,165796
130,770000	0,161335
130,780000	0,163247
130,790000	0,162609
130,800000	0,162609
130,810000	0,160697
130,820000	0,165796
130,830000	0,161335
130,840000	0,164522
130,850000	0,161972
130,860000	0,163884
130,870000	0,163247
130,880000	0,163884
130,890000	0,163247
130,900000	0,161972
130,910000	0,161972
130,920000	0,163247
130,930000	0,161972
130,940000	0,163247
130,950000	0,161972
130,960000	0,161972
130,970000	0,163884
130,980000	0,163247
130,990000	0,160697
131,000000	0,163247
131,010000	0,161335
131,020000	0,165159
131,030000	0,163247
131,040000	0,163247
131,050000	0,163884
131,060000	0,161972
131,070000	0,163247
131,080000	0,162609
131,090000	0,162609
131,100000	0,164522
131,110000	0,163247
131,120000	0,162609
131,130000	0,161972
131,140000	0,165796
131,150000	0,165159
131,160000	0,163247
131,170000	0,161972
131,180000	0,163247
131,190000	0,162609
131,200000	0,165159
131,210000	0,162609
131,220000	0,162609
131,230000	0,162609
131,240000	0,163247
131,250000	0,164522
131,260000	0,165159
131,270000	0,162609
131,280000	0,164522
131,290000	0,163247
131,300000	0,162609
131,310000	0,161972
131,320000	0,163884
131,330000	0,164522
131,340000	0,163247
131,350000	0,163247
131,360000	0,164522
131,370000	0,163884
131,380000	0,165796
131,390000	0,160060
131,400000	0,163884
131,410000	0,161972
131,420000	0,165159
131,430000	0,161972
131,440000	0,165796
131,450000	0,163884
131,460000	0,162609
131,470000	0,163247
131,480000	0,165796
131,490000	0,162609
131,500000	0,165159
131,510000	0,161972
131,520000	0,165159
131,530000	0,163884
131,540000	0,164522
131,550000	0,161335
131,560000	0,164522
131,570000	0,162609
131,580000	0,164522
131,590000	0,163247
131,600000	0,163247
131,610000	0,162609
131,620000	0,163247
131,630000	0,162609
131,640000	0,163247
131,650000	0,163247
131,660000	0,161335
131,670000	0,159423
131,680000	0,163247
131,690000	0,160697
131,700000	0,163247
131,710000	0,163247
131,720000	0,161335
131,730000	0,160697
131,740000	0,164522
131,750000	0,163247
131,760000	0,163247
131,770000	0,160697
131,780000	0,162609
131,790000	0,160060
131,800000	0,163247
131,810000	0,159423
131,820000	0,162609
131,830000	0,160697
131,840000	0,163247
131,850000	0,157511
131,860000	0,167708
131,870000	0,157511
131,880000	0,166434
131,890000	0,162609
131,900000	0,163884
131,910000	0,160060
131,920000	0,162609
131,930000	0,158785
131,940000	0,165796
131,950000	0,160060
131,960000	0,163247
131,970000	0,158148
131,980000	0,165159
131,990000	0,158148
132,000000	0,162609
132,010000	0,160697
132,020000	0,161335
132,030000	0,160697
132,040000	0,158785
132,050000	0,160697
132,060000	0,162609
132,070000	0,162609
132,080000	0,162609
132,090000	0,160697
132,100000	0,161972
132,110000	0,163884
132,120000	0,160060
132,130000	0,161335
132,140000	0,158148
132,150000	0,161335
132,160000	0,161972
132,170000	0,161335
132,180000	0,163247
132,190000	0,157511
132,200000	0,163247
132,210000	0,160697
132,220000	0,163247
132,230000	0,159423
132,240000	0,160697
132,250000	0,158785
132,260000	0,160060
132,270000	0,158785
132,280000	0,163884
132,290000	0,158148
132,300000	0,164522
132,310000	0,160697
132,320000	0,159423
132,330000	0,161335
132,340000	0,159423
132,350000	0,158148
132,360000	0,160697
132,370000	0,156236
132,380000	0,162609
132,390000	0,158148
132,400000	0,159423
132,410000	0,160697
132,420000	0,161972
132,430000	0,160697
132,440000	0,160697
132,450000	0,160060
132,460000	0,161972
132,470000	0,158785
132,480000	0,163884
132,490000	0,158785
132,500000	0,163247
132,510000	0,156873
132,520000	0,163247
132,530000	0,158785
132,540000	0,164522
132,550000	0,156236
132,560000	0,163247
132,570000	0,157511
132,580000	0,163247
132,590000	0,160060
132,600000	0,162609
132,610000	0,158148
132,620000	0,161335
132,630000	0,159423
132,640000	0,165159
132,650000	0,157511
132,660000	0,163247
132,670000	0,158148
132,680000	0,160697
132,690000	0,160697
132,700000	0,161972
132,710000	0,162609
132,720000	0,163247
132,730000	0,161335
132,740000	0,165159
132,750000	0,158148
132,760000	0,162609
132,770000	0,158785
132,780000	0,162609
132,790000	0,158148
132,800000	0,163884
132,810000	0,160060
132,820000	0,166434
132,830000	0,159423
132,840000	0,158785
132,850000	0,157511
132,860000	0,163884
132,870000	0,163247
132,880000	0,162609
132,890000	0,158785
132,900000	0,165159
132,910000	0,159423
132,920000	0,162609
132,930000	0,158785
132,940000	0,161335
132,950000	0,160697
132,960000	0,161972
132,970000	0,160697
132,980000	0,160060
132,990000	0,162609
133,000000	0,162609
133,010000	0,161335
133,020000	0,164522
133,030000	0,158148
133,040000	0,164522
133,050000	0,160697
133,060000	0,163884
133,070000	0,159423
133,080000	0,163884
133,090000	0,159423
133,100000	0,165796
133,110000	0,161335
133,120000	0,165159
133,130000	0,160697
133,140000	0,163884
133,150000	0,161335
133,160000	0,165159
133,170000	0,158785
133,180000	0,163884
133,190000	0,162609
133,200000	0,163247
133,210000	0,160060
133,220000	0,163884
133,230000	0,160697
133,240000	0,165159
133,250000	0,159423
133,260000	0,165159
133,270000	0,161335
133,280000	0,163247
133,290000	0,163247
133,300000	0,165796
133,310000	0,161972
133,320000	0,165159
133,330000	0,160697
133,340000	0,165796
133,350000	0,161972
133,360000	0,164522
133,370000	0,163884
133,380000	0,163247
133,390000	0,161972
133,400000	0,161335
133,410000	0,164522
133,420000	0,161972
133,430000	0,161972
133,440000	0,164522
133,450000	0,163884
133,460000	0,164522
133,470000	0,160697
133,480000	0,165159
133,490000	0,162609
133,500000	0,162609
133,510000	0,161972
133,520000	0,163247
133,530000	0,163247
133,540000	0,163884
133,550000	0,160697
133,560000	0,164522
133,570000	0,162609
133,580000	0,164522
133,590000	0,163247
133,600000	0,164522
133,610000	0,158785
133,620000	0,165159
133,630000	0,160697
133,640000	0,167071
133,650000	0,162609
133,660000	0,165159
133,670000	0,162609
133,680000	0,162609
133,690000	0,163884
133,700000	0,163884
133,710000	0,160697
133,720000	0,165796
133,730000	0,160060
133,740000	0,166434
133,750000	0,158148
133,760000	0,165159
133,770000	0,161335
133,780000	0,163247
133,790000	0,161972
133,800000	0,162609
133,810000	0,161972
133,820000	0,165159
133,830000	0,158785
133,840000	0,165796
133,850000	0,160697
133,860000	0,163884
133,870000	0,160697
133,880000	0,163247
133,890000	0,160697
133,900000	0,163247
133,910000	0,160697
133,920000	0,163247
133,930000	0,159423
133,940000	0,163247
133,950000	0,161335
133,960000	0,163884
133,970000	0,161972
133,980000	0,162609
133,990000	0,160697
134,000000	0,164522
134,010000	0,158148
134,020000	0,165796
134,030000	0,158785
134,040000	0,163247
134,050000	0,158785
134,060000	0,165159
134,070000	0,160060
134,080000	0,165159
134,090000	0,160060
134,100000	0,160697
134,110000	0,161972
134,120000	0,162609
134,130000	0,161972
134,140000	0,163247
134,150000	0,158785
134,160000	0,164522
134,170000	0,159423
134,180000	0,161972
134,190000	0,161972
134,200000	0,165159
134,210000	0,158785
134,220000	0,165159
134,230000	0,154961
134,240000	0,163247
134,250000	0,161972
134,260000	0,164522
134,270000	0,158148
134,280000	0,165796
134,290000	0,159423
134,300000	0,163884
134,310000	0,159423
134,320000	0,162609
134,330000	0,160060
134,340000	0,161972
134,350000	0,158148
134,360000	0,162609
134,370000	0,159423
134,380000	0,160697
134,390000	0,159423
134,400000	0,160697
134,410000	0,158148
134,420000	0,160060
134,430000	0,158148
134,440000	0,158148
134,450000	0,161335
134,460000	0,158785
134,470000	0,160697
134,480000	0,158785
134,490000	0,158785
134,500000	0,159423
134,510000	0,154961
134,520000	0,161972
134,530000	0,159423
134,540000	0,160060
134,550000	0,158785
134,560000	0,161972
134,570000	0,158148
134,580000	0,160697
134,590000	0,157511
134,600000	0,160060
134,610000	0,158148
134,620000	0,159423
134,630000	0,158148
134,640000	0,160060
134,650000	0,160697
134,660000	0,158785
134,670000	0,160697
134,680000	0,160060
134,690000	0,160697
134,700000	0,162609
134,710000	0,160697
134,720000	0,158148
134,730000	0,161972
134,740000	0,159423
134,750000	0,161335
134,760000	0,159423
134,770000	0,160697
134,780000	0,159423
134,790000	0,160697
134,800000	0,158148
134,810000	0,160697
134,820000	0,160697
134,830000	0,162609
134,840000	0,159423
134,850000	0,159423
134,860000	0,161972
134,870000	0,162609
134,880000	0,160697
134,890000	0,161335
134,900000	0,160697
134,910000	0,160697
134,920000	0,160697
134,930000	0,163884
134,940000	0,160060
134,950000	0,158148
134,960000	0,160060
134,970000	0,158148
134,980000	0,160697
134,990000	0,160060
135,000000	0,161335
135,010000	0,161972
135,020000	0,160697
135,030000	0,160697
135,040000	0,160697
135,050000	0,161972
135,060000	0,161972
135,070000	0,159423
135,080000	0,163247
135,090000	0,161335
135,100000	0,160697
135,110000	0,160697
135,120000	0,161335
135,130000	0,163247
135,140000	0,158148
135,150000	0,163247
135,160000	0,163247
135,170000	0,163884
135,180000	0,161972
135,190000	0,160060
135,200000	0,163247
135,210000	0,165159
135,220000	0,161972
135,230000	0,165159
135,240000	0,158785
135,250000	0,163884
135,260000	0,162609
135,270000	0,160060
135,280000	0,160697
135,290000	0,162609
135,300000	0,160697
135,310000	0,163247
135,320000	0,157511
135,330000	0,160697
135,340000	0,161335
135,350000	0,163247
135,360000	0,163247
135,370000	0,160697
135,380000	0,161972
135,390000	0,165159
135,400000	0,159423
135,410000	0,163247
135,420000	0,163247
135,430000	0,164522
135,440000	0,158148
135,450000	0,168346
135,460000	0,161335
135,470000	0,170895
135,480000	0,160060
135,490000	0,166434
135,500000	0,163247
135,510000	0,163247
135,520000	0,162609
135,530000	0,160697
135,540000	0,165796
135,550000	0,163247
135,560000	0,161972
135,570000	0,164522
135,580000	0,161335
135,590000	0,166434
135,600000	0,160697
135,610000	0,164522
135,620000	0,160697
135,630000	0,163884
135,640000	0,161335
135,650000	0,163884
135,660000	0,167708
135,670000	0,160697
135,680000	0,165159
135,690000	0,161335
135,700000	0,165159
135,710000	0,160697
135,720000	0,165796
135,730000	0,163247
135,740000	0,163884
135,750000	0,165796
135,760000	0,161972
135,770000	0,162609
135,780000	0,164522
135,790000	0,165796
135,800000	0,163247
135,810000	0,160697
135,820000	0,164522
135,830000	0,162609
135,840000	0,163247
135,850000	0,158785
135,860000	0,164522
135,870000	0,160060
135,880000	0,165796
135,890000	0,158785
135,900000	0,166434
135,910000	0,164522
135,920000	0,163884
135,930000	0,162609
135,940000	0,165796
135,950000	0,160697
135,960000	0,165796
135,970000	0,160697
135,980000	0,164522
135,990000	0,160697
136,000000	0,163884
136,010000	0,160697
136,020000	0,163884
136,030000	0,162609
136,040000	0,162609
136,050000	0,160697
136,060000	0,165159
136,070000	0,161972
136,080000	0,160060
136,090000	0,163247
136,100000	0,164522
136,110000	0,159423
136,120000	0,162609
136,130000	0,160060
136,140000	0,160697
136,150000	0,160697
136,160000	0,162609
136,170000	0,160697
136,180000	0,163247
136,190000	0,159423
136,200000	0,160697
136,210000	0,158148
136,220000	0,162609
136,230000	0,156236
136,240000	0,162609
136,250000	0,161972
136,260000	0,160697
136,270000	0,161335
136,280000	0,160060
136,290000	0,161335
136,300000	0,159423
136,310000	0,156873
136,320000	0,160697
136,330000	0,159423
136,340000	0,161972
136,350000	0,161972
136,360000	0,163247
136,370000	0,159423
136,380000	0,156873
136,390000	0,160697
136,400000	0,158785
136,410000	0,161972
136,420000	0,160060
136,430000	0,163884
136,440000	0,157511
136,450000	0,158785
136,460000	0,156873
136,470000	0,161972
136,480000	0,158148
136,490000	0,165796
136,500000	0,159423
136,510000	0,160697
136,520000	0,159423
136,530000	0,162609
136,540000	0,158148
136,550000	0,157511
136,560000	0,160060
136,570000	0,161335
136,580000	0,159423
136,590000	0,163884
136,600000	0,163247
136,610000	0,160060
136,620000	0,157511
136,630000	0,160697
136,640000	0,156873
136,650000	0,158148
136,660000	0,156873
136,670000	0,161972
136,680000	0,157511
136,690000	0,158785
136,700000	0,158785
136,710000	0,159423
136,720000	0,156873
136,730000	0,161972
136,740000	0,160697
136,750000	0,159423
136,760000	0,159423
136,770000	0,158148
136,780000	0,160060
136,790000	0,161335
136,800000	0,156873
136,810000	0,160697
136,820000	0,158148
136,830000	0,161972
136,840000	0,158785
136,850000	0,158148
136,860000	0,160697
136,870000	0,163247
136,880000	0,159423
136,890000	0,159423
136,900000	0,159423
136,910000	0,158785
136,920000	0,161335
136,930000	0,161335
136,940000	0,158148
136,950000	0,158148
136,960000	0,159423
136,970000	0,160697
136,980000	0,162609
136,990000	0,158785
137,000000	0,161335
137,010000	0,158785
137,020000	0,161972
137,030000	0,156873
137,040000	0,160697
137,050000	0,161335
137,060000	0,158148
137,070000	0,159423
137,080000	0,163247
137,090000	0,157511
137,100000	0,163884
137,110000	0,158148
137,120000	0,163884
137,130000	0,156873
137,140000	0,166434
137,150000	0,156873
137,160000	0,160697
137,170000	0,156873
137,180000	0,165159
137,190000	0,156873
137,200000	0,165159
137,210000	0,163247
137,220000	0,167071
137,230000	0,161972
137,240000	0,160697
137,250000	0,162609
137,260000	0,161335
137,270000	0,162609
137,280000	0,163884
137,290000	0,158785
137,300000	0,163247
137,310000	0,158148
137,320000	0,161972
137,330000	0,157511
137,340000	0,160697
137,350000	0,162609
137,360000	0,165159
137,370000	0,161972
137,380000	0,165796
137,390000	0,158785
137,400000	0,163884
137,410000	0,162609
137,420000	0,163247
137,430000	0,160697
137,440000	0,167071
137,450000	0,160697
137,460000	0,165796
137,470000	0,159423
137,480000	0,164522
137,490000	0,159423
137,500000	0,163884
137,510000	0,157511
137,520000	0,165159
137,530000	0,161972
137,540000	0,167708
137,550000	0,160697
137,560000	0,165159
137,570000	0,161972
137,580000	0,164522
137,590000	0,161972
137,600000	0,165796
137,610000	0,161972
137,620000	0,163247
137,630000	0,163247
137,640000	0,161972
137,650000	0,159423
137,660000	0,163247
137,670000	0,163247
137,680000	0,164522
137,690000	0,162609
137,700000	0,164522
137,710000	0,164522
137,720000	0,159423
137,730000	0,163247
137,740000	0,163884
137,750000	0,163247
137,760000	0,163884
137,770000	0,161972
137,780000	0,163884
137,790000	0,160697
137,800000	0,163884
137,810000	0,160060
137,820000	0,162609
137,830000	0,162609
137,840000	0,161335
137,850000	0,160060
137,860000	0,167071
137,870000	0,158785
137,880000	0,165796
137,890000	0,158785
137,900000	0,165796
137,910000	0,160697
137,920000	0,166434
137,930000	0,161972
137,940000	0,160697
137,950000	0,163247
137,960000	0,164522
137,970000	0,160697
137,980000	0,167708
137,990000	0,160060
138,000000	0,165796
138,010000	0,161972
138,020000	0,164522
138,030000	0,158785
138,040000	0,165159
138,050000	0,160697
138,060000	0,165159
138,070000	0,160697
138,080000	0,160697
138,090000	0,162609
138,100000	0,162609
138,110000	0,161972
138,120000	0,163247
138,130000	0,158785
138,140000	0,163247
138,150000	0,160060
138,160000	0,161335
138,170000	0,160060
138,180000	0,162609
138,190000	0,160697
138,200000	0,162609
138,210000	0,161972
138,220000	0,157511
138,230000	0,162609
138,240000	0,160060
138,250000	0,163247
138,260000	0,160060
138,270000	0,158148
138,280000	0,161972
138,290000	0,158785
138,300000	0,160697
138,310000	0,159423
138,320000	0,161335
138,330000	0,163247
138,340000	0,160060
138,350000	0,160060
138,360000	0,163247
138,370000	0,160060
138,380000	0,161335
138,390000	0,158785
138,400000	0,161972
138,410000	0,161335
138,420000	0,160697
138,430000	0,161972
138,440000	0,160060
138,450000	0,162609
138,460000	0,161335
138,470000	0,160060
138,480000	0,163247
138,490000	0,161972
138,500000	0,162609
138,510000	0,158785
138,520000	0,160060
138,530000	0,160060
138,540000	0,160697
138,550000	0,158785
138,560000	0,160060
138,570000	0,162609
138,580000	0,161335
138,590000	0,160697
138,600000	0,158785
138,610000	0,159423
138,620000	0,159423
138,630000	0,160060
138,640000	0,160060
138,650000	0,157511
138,660000	0,163247
138,670000	0,160697
138,680000	0,156873
138,690000	0,162609
138,700000	0,158785
138,710000	0,158785
138,720000	0,160697
138,730000	0,161972
138,740000	0,156873
138,750000	0,160697
138,760000	0,160060
138,770000	0,160060
138,780000	0,158785
138,790000	0,159423
138,800000	0,161335
138,810000	0,159423
138,820000	0,158148
138,830000	0,158785
138,840000	0,158148
138,850000	0,158148
138,860000	0,158148
138,870000	0,158148
138,880000	0,154961
138,890000	0,160697
138,900000	0,161335
138,910000	0,159423
138,920000	0,157511
138,930000	0,153686
138,940000	0,160697
138,950000	0,158785
138,960000	0,158148
138,970000	0,161972
138,980000	0,157511
138,990000	0,158148
139,000000	0,157511
139,010000	0,158148
139,020000	0,160697
139,030000	0,158148
139,040000	0,160060
139,050000	0,156873
139,060000	0,159423
139,070000	0,156873
139,080000	0,161335
139,090000	0,158148
139,100000	0,159423
139,110000	0,160060
139,120000	0,162609
139,130000	0,157511
139,140000	0,163247
139,150000	0,156873
139,160000	0,163884
139,170000	0,159423
139,180000	0,165159
139,190000	0,155598
139,200000	0,163884
139,210000	0,158148
139,220000	0,162609
139,230000	0,158148
139,240000	0,161972
139,250000	0,158148
139,260000	0,162609
139,270000	0,156236
139,280000	0,162609
139,290000	0,160060
139,300000	0,160697
139,310000	0,161335
139,320000	0,158785
139,330000	0,162609
139,340000	0,160060
139,350000	0,158148
139,360000	0,160697
139,370000	0,160060
139,380000	0,160697
139,390000	0,161972
139,400000	0,161335
139,410000	0,159423
139,420000	0,161335
139,430000	0,158785
139,440000	0,165159
139,450000	0,161335
139,460000	0,162609
139,470000	0,161335
139,480000	0,165796
139,490000	0,160060
139,500000	0,161972
139,510000	0,160060
139,520000	0,165159
139,530000	0,158785
139,540000	0,164522
139,550000	0,161335
139,560000	0,160697
139,570000	0,161972
139,580000	0,161972
139,590000	0,160060
139,600000	0,162609
139,610000	0,160697
139,620000	0,164522
139,630000	0,163247
139,640000	0,167071
139,650000	0,160060
139,660000	0,165159
139,670000	0,161335
139,680000	0,163247
139,690000	0,161335
139,700000	0,158785
139,710000	0,159423
139,720000	0,163884
139,730000	0,160697
139,740000	0,167071
139,750000	0,163247
139,760000	0,165796
139,770000	0,160697
139,780000	0,162609
139,790000	0,158148
139,800000	0,163247
139,810000	0,162609
139,820000	0,163884
139,830000	0,161972
139,840000	0,161972
139,850000	0,161972
139,860000	0,162609
139,870000	0,162609
139,880000	0,160060
139,890000	0,162609
139,900000	0,158785
139,910000	0,163884
139,920000	0,163247
139,930000	0,160697
139,940000	0,160697
139,950000	0,162609
139,960000	0,161335
139,970000	0,163884
139,980000	0,158785
139,990000	0,165159
140,000000	0,160060
140,010000	0,163247
140,020000	0,160060
140,030000	0,163884
140,040000	0,164522
140,050000	0,163247
140,060000	0,160697
140,070000	0,162609
140,080000	0,161335
140,090000	0,160697
140,100000	0,160060
140,110000	0,163884
140,120000	0,159423
140,130000	0,160697
140,140000	0,164522
140,150000	0,163247
140,160000	0,160697
140,170000	0,160697
140,180000	0,162609
140,190000	0,163247
140,200000	0,163247
140,210000	0,164522
140,220000	0,161972
140,230000	0,161335
140,240000	0,159423
140,250000	0,159423
140,260000	0,164522
140,270000	0,163247
140,280000	0,163884
140,290000	0,159423
140,300000	0,161335
140,310000	0,161335
140,320000	0,163247
140,330000	0,160060
140,340000	0,161335
140,350000	0,158785
140,360000	0,161335
140,370000	0,159423
140,380000	0,160697
140,390000	0,160060
140,400000	0,158148
140,410000	0,160060
140,420000	0,160060
140,430000	0,159423
140,440000	0,161972
140,450000	0,162609
140,460000	0,158785
140,470000	0,156236
140,480000	0,158785
140,490000	0,162609
140,500000	0,164522
140,510000	0,161972
140,520000	0,160697
140,530000	0,157511
140,540000	0,160060
140,550000	0,160060
140,560000	0,160697
140,570000	0,159423
140,580000	0,160697
140,590000	0,158148
140,600000	0,161972
140,610000	0,157511
140,620000	0,166434
140,630000	0,158148
140,640000	0,164522
140,650000	0,160060
140,660000	0,161335
140,670000	0,159423
140,680000	0,163247
140,690000	0,160060
140,700000	0,161972
140,710000	0,158148
140,720000	0,157511
140,730000	0,160697
140,740000	0,161335
140,750000	0,158148
140,760000	0,160060
140,770000	0,158148
140,780000	0,157511
140,790000	0,158148
140,800000	0,158785
140,810000	0,159423
140,820000	0,160697
140,830000	0,158148
140,840000	0,157511
140,850000	0,157511
140,860000	0,160697
140,870000	0,156873
140,880000	0,159423
140,890000	0,157511
140,900000	0,158148
140,910000	0,156236
140,920000	0,160060
140,930000	0,158148
140,940000	0,160697
140,950000	0,157511
140,960000	0,161972
140,970000	0,157511
140,980000	0,163247
140,990000	0,156236
141,000000	0,161972
141,010000	0,156236
141,020000	0,160697
141,030000	0,158148
141,040000	0,158785
141,050000	0,157511
141,060000	0,157511
141,070000	0,158148
141,080000	0,158785
141,090000	0,158148
141,100000	0,160060
141,110000	0,155598
141,120000	0,158785
141,130000	0,158785
141,140000	0,160060
141,150000	0,160060
141,160000	0,159423
141,170000	0,156236
141,180000	0,158785
141,190000	0,160060
141,200000	0,161335
141,210000	0,158785
141,220000	0,157511
141,230000	0,157511
141,240000	0,160697
141,250000	0,160060
141,260000	0,160060
141,270000	0,161972
141,280000	0,156873
141,290000	0,159423
141,300000	0,161335
141,310000	0,158148
141,320000	0,159423
141,330000	0,161335
141,340000	0,162609
141,350000	0,161335
141,360000	0,161972
141,370000	0,159423
141,380000	0,161972
141,390000	0,158148
141,400000	0,165796
141,410000	0,156873
141,420000	0,162609
141,430000	0,161972
141,440000	0,165796
141,450000	0,160060
141,460000	0,163247
141,470000	0,158785
141,480000	0,160697
141,490000	0,163247
141,500000	0,161335
141,510000	0,161335
141,520000	0,158148
141,530000	0,161335
141,540000	0,159423
141,550000	0,160697
141,560000	0,161335
141,570000	0,158148
141,580000	0,164522
141,590000	0,161335
141,600000	0,160060
141,610000	0,161335
141,620000	0,160060
141,630000	0,162609
141,640000	0,158785
141,650000	0,158785
141,660000	0,160060
141,670000	0,160697
141,680000	0,161972
141,690000	0,162609
141,700000	0,161972
141,710000	0,162609
141,720000	0,160697
141,730000	0,161972
141,740000	0,162609
141,750000	0,164522
141,760000	0,160060
141,770000	0,161335
141,780000	0,165159
141,790000	0,161972
141,800000	0,162609
141,810000	0,161335
141,820000	0,162609
141,830000	0,163884
141,840000	0,162609
141,850000	0,160697
141,860000	0,163884
141,870000	0,161335
141,880000	0,162609
141,890000	0,160697
141,900000	0,165159
141,910000	0,164522
141,920000	0,163884
141,930000	0,163884
141,940000	0,163884
141,950000	0,164522
141,960000	0,164522
141,970000	0,163247
141,980000	0,162609
141,990000	0,162609
142,000000	0,163247
142,010000	0,162609
142,020000	0,159423
142,030000	0,160697
142,040000	0,164522
142,050000	0,160697
142,060000	0,162609
142,070000	0,159423
142,080000	0,165159
142,090000	0,162609
142,100000	0,161335
142,110000	0,162609
142,120000	0,158148
142,130000	0,159423
142,140000	0,162609
142,150000	0,163884
142,160000	0,160697
142,170000	0,161335
142,180000	0,160060
142,190000	0,163247
142,200000	0,161972
142,210000	0,161972
142,220000	0,163247
142,230000	0,160060
142,240000	0,163247
142,250000	0,164522
142,260000	0,162609
142,270000	0,160697
142,280000	0,160060
142,290000	0,162609
142,300000	0,163247
142,310000	0,159423
142,320000	0,164522
142,330000	0,165159
142,340000	0,161972
142,350000	0,161335
142,360000	0,159423
142,370000	0,160697
142,380000	0,161972
142,390000	0,159423
142,400000	0,160060
142,410000	0,161972
142,420000	0,159423
142,430000	0,165159
142,440000	0,158148
142,450000	0,158148
142,460000	0,163247
142,470000	0,158785
142,480000	0,158785
142,490000	0,160697
142,500000	0,158148
142,510000	0,160697
142,520000	0,157511
142,530000	0,161972
142,540000	0,161335
142,550000	0,158148
142,560000	0,156873
142,570000	0,158148
142,580000	0,160697
142,590000	0,157511
142,600000	0,158148
142,610000	0,158148
142,620000	0,160697
142,630000	0,157511
142,640000	0,162609
142,650000	0,157511
142,660000	0,158785
142,670000	0,162609
142,680000	0,160697
142,690000	0,155598
142,700000	0,160697
142,710000	0,158148
142,720000	0,162609
142,730000	0,158785
142,740000	0,161972
142,750000	0,156236
142,760000	0,161335
142,770000	0,158148
142,780000	0,160060
142,790000	0,156236
142,800000	0,160697
142,810000	0,156236
142,820000	0,161335
142,830000	0,159423
142,840000	0,158785
142,850000	0,156236
142,860000	0,158785
142,870000	0,158785
142,880000	0,160060
142,890000	0,154961
142,900000	0,161972
142,910000	0,155598
142,920000	0,159423
142,930000	0,154324
142,940000	0,160060
142,950000	0,160060
142,960000	0,160697
142,970000	0,158148
142,980000	0,162609
142,990000	0,159423
143,000000	0,162609
143,010000	0,160060
143,020000	0,162609
143,030000	0,157511
143,040000	0,160060
143,050000	0,157511
143,060000	0,158148
143,070000	0,158785
143,080000	0,161335
143,090000	0,153686
143,100000	0,160060
143,110000	0,158785
143,120000	0,160060
143,130000	0,157511
143,140000	0,160697
143,150000	0,158148
143,160000	0,156873
143,170000	0,158148
143,180000	0,158148
143,190000	0,157511
143,200000	0,160697
143,210000	0,154961
143,220000	0,163884
143,230000	0,155598
143,240000	0,160697
143,250000	0,154961
143,260000	0,160060
143,270000	0,159423
143,280000	0,163884
143,290000	0,158148
143,300000	0,158148
143,310000	0,157511
143,320000	0,159423
143,330000	0,157511
143,340000	0,160697
143,350000	0,160060
143,360000	0,159423
143,370000	0,161335
143,380000	0,158148
143,390000	0,161972
143,400000	0,160060
143,410000	0,160697
143,420000	0,160060
143,430000	0,163247
143,440000	0,160060
143,450000	0,163247
143,460000	0,158148
143,470000	0,163884
143,480000	0,161972
143,490000	0,160060
143,500000	0,159423
143,510000	0,162609
143,520000	0,160060
143,530000	0,162609
143,540000	0,160060
143,550000	0,161335
143,560000	0,158148
143,570000	0,156873
143,580000	0,160697
143,590000	0,163247
143,600000	0,162609
143,610000	0,163247
143,620000	0,161335
143,630000	0,163247
143,640000	0,163247
143,650000	0,160697
143,660000	0,159423
143,670000	0,161335
143,680000	0,159423
143,690000	0,165159
143,700000	0,160697
143,710000	0,160697
143,720000	0,161972
143,730000	0,162609
143,740000	0,160697
143,750000	0,161972
143,760000	0,163884
143,770000	0,161972
143,780000	0,162609
143,790000	0,162609
143,800000	0,160697
143,810000	0,161972
143,820000	0,161972
143,830000	0,161972
143,840000	0,163884
143,850000	0,160697
143,860000	0,162609
143,870000	0,161335
143,880000	0,163884
143,890000	0,163247
143,900000	0,163247
143,910000	0,163884
143,920000	0,168346
143,930000	0,161972
143,940000	0,161972
143,950000	0,163247
143,960000	0,163247
143,970000	0,160697
143,980000	0,164522
143,990000	0,160697
144,000000	0,163247
144,010000	0,163884
144,020000	0,163247
144,030000	0,165159
144,040000	0,163247
144,050000	0,160697
144,060000	0,160697
144,070000	0,158148
144,080000	0,165159
144,090000	0,158148
144,100000	0,166434
144,110000	0,159423
144,120000	0,163884
144,130000	0,160697
144,140000	0,161972
144,150000	0,161972
144,160000	0,160697
144,170000	0,161972
144,180000	0,162609
144,190000	0,160060
144,200000	0,160060
144,210000	0,162609
144,220000	0,158148
144,230000	0,162609
144,240000	0,161972
144,250000	0,161972
144,260000	0,163247
144,270000	0,161335
144,280000	0,164522
144,290000	0,161335
144,300000	0,161972
144,310000	0,160697
144,320000	0,161972
144,330000	0,158785
144,340000	0,162609
144,350000	0,162609
144,360000	0,163247
144,370000	0,156873
144,380000	0,163247
144,390000	0,161972
144,400000	0,163247
144,410000	0,160060
144,420000	0,163247
144,430000	0,158148
144,440000	0,163247
144,450000	0,159423
144,460000	0,163247
144,470000	0,159423
144,480000	0,163884
144,490000	0,159423
144,500000	0,162609
144,510000	0,156873
144,520000	0,160697
144,530000	0,159423
144,540000	0,158785
144,550000	0,159423
144,560000	0,163247
144,570000	0,157511
144,580000	0,160697
144,590000	0,158785
144,600000	0,160060
144,610000	0,158148
144,620000	0,161972
144,630000	0,158148
144,640000	0,160697
144,650000	0,158148
144,660000	0,158148
144,670000	0,158148
144,680000	0,158148
144,690000	0,156873
144,700000	0,161335
144,710000	0,157511
144,720000	0,158785
144,730000	0,157511
144,740000	0,160060
144,750000	0,154324
144,760000	0,156873
144,770000	0,157511
144,780000	0,159423
144,790000	0,156873
144,800000	0,160697
144,810000	0,160060
144,820000	0,158148
144,830000	0,158148
144,840000	0,161972
144,850000	0,152412
144,860000	0,158785
144,870000	0,157511
144,880000	0,158148
144,890000	0,159423
144,900000	0,160060
144,910000	0,159423
144,920000	0,160697
144,930000	0,160697
144,940000	0,161335
144,950000	0,158148
144,960000	0,158785
144,970000	0,159423
144,980000	0,158148
144,990000	0,159423
145,000000	0,158785
145,010000	0,158148
145,020000	0,157511
145,030000	0,157511
145,040000	0,156873
145,050000	0,156236
145,060000	0,160060
145,070000	0,160697
145,080000	0,160060
145,090000	0,163247
145,100000	0,158785
145,110000	0,158785
145,120000	0,156873
145,130000	0,158148
145,140000	0,156873
145,150000	0,157511
145,160000	0,159423
145,170000	0,157511
145,180000	0,163247
145,190000	0,159423
145,200000	0,158785
145,210000	0,158148
145,220000	0,156873
145,230000	0,154961
145,240000	0,158785
145,250000	0,156236
145,260000	0,158148
145,270000	0,161335
145,280000	0,161335
145,290000	0,156873
145,300000	0,159423
145,310000	0,160697
145,320000	0,160060
145,330000	0,158785
145,340000	0,160697
145,350000	0,158148
145,360000	0,160060
145,370000	0,161335
145,380000	0,156873
145,390000	0,160697
145,400000	0,160060
145,410000	0,162609
145,420000	0,154961
145,430000	0,158148
145,440000	0,158785
145,450000	0,158785
145,460000	0,163247
145,470000	0,159423
145,480000	0,161335
145,490000	0,162609
145,500000	0,158785
145,510000	0,156873
145,520000	0,160060
145,530000	0,161972
145,540000	0,160697
145,550000	0,160697
145,560000	0,160060
145,570000	0,159423
145,580000	0,160697
145,590000	0,158785
145,600000	0,154961
145,610000	0,161335
145,620000	0,161335
145,630000	0,161972
145,640000	0,158148
145,650000	0,160697
145,660000	0,158785
145,670000	0,163247
145,680000	0,160060
145,690000	0,163884
145,700000	0,161335
145,710000	0,163884
145,720000	0,165159
145,730000	0,161335
145,740000	0,159423
145,750000	0,161335
145,760000	0,158148
145,770000	0,167708
145,780000	0,158148
145,790000	0,161335
145,800000	0,158785
145,810000	0,163247
145,820000	0,159423
145,830000	0,163247
145,840000	0,161972
145,850000	0,160060
145,860000	0,161335
145,870000	0,163247
145,880000	0,161972
145,890000	0,163247
145,900000	0,160697
145,910000	0,162609
145,920000	0,161972
145,930000	0,161972
145,940000	0,163884
145,950000	0,157511
145,960000	0,162609
145,970000	0,161972
145,980000	0,162609
145,990000	0,161335
146,000000	0,162609
146,010000	0,162609
146,020000	0,163247
146,030000	0,161335
146,040000	0,163247
146,050000	0,159423
146,060000	0,163884
146,070000	0,163247
146,080000	0,161972
146,090000	0,161972
146,100000	0,162609
146,110000	0,162609
146,120000	0,162609
146,130000	0,162609
146,140000	0,164522
146,150000	0,160697
146,160000	0,165796
146,170000	0,160697
146,180000	0,163247
146,190000	0,161972
146,200000	0,161972
146,210000	0,160697
146,220000	0,162609
146,230000	0,158148
146,240000	0,165159
146,250000	0,163247
146,260000	0,163247
146,270000	0,158785
146,280000	0,165159
146,290000	0,159423
146,300000	0,164522
146,310000	0,158148
146,320000	0,164522
146,330000	0,160697
146,340000	0,165159
146,350000	0,161972
146,360000	0,161972
146,370000	0,161335
146,380000	0,163884
146,390000	0,158785
146,400000	0,164522
146,410000	0,158148
146,420000	0,163884
146,430000	0,158148
146,440000	0,163247
146,450000	0,160697
146,460000	0,161972
146,470000	0,158148
146,480000	0,160697
146,490000	0,158785
146,500000	0,163884
146,510000	0,156873
146,520000	0,164522
146,530000	0,156873
146,540000	0,163884
146,550000	0,156236
146,560000	0,163884
146,570000	0,158785
146,580000	0,162609
146,590000	0,159423
146,600000	0,161972
146,610000	0,156873
146,620000	0,163884
146,630000	0,158785
146,640000	0,163247
146,650000	0,156873
146,660000	0,161335
146,670000	0,161335
146,680000	0,163884
146,690000	0,157511
146,700000	0,164522
146,710000	0,154961
146,720000	0,160697
146,730000	0,158785
146,740000	0,163247
146,750000	0,157511
146,760000	0,160060
146,770000	0,160060
146,780000	0,161335
146,790000	0,158148
146,800000	0,160060
146,810000	0,156236
146,820000	0,160697
146,830000	0,158148
146,840000	0,161335
146,850000	0,158148
146,860000	0,161335
146,870000	0,158785
146,880000	0,164522
146,890000	0,160060
146,900000	0,158148
146,910000	0,156236
146,920000	0,161335
146,930000	0,154961
146,940000	0,158785
146,950000	0,154961
146,960000	0,162609
146,970000	0,155598
146,980000	0,161972
146,990000	0,155598
147,000000	0,159423
147,010000	0,158785
147,020000	0,160697
147,030000	0,156236
147,040000	0,160697
147,050000	0,158148
147,060000	0,162609
147,070000	0,159423
147,080000	0,158148
147,090000	0,156236
147,100000	0,163247
147,110000	0,154961
147,120000	0,160060
147,130000	0,155598
147,140000	0,160060
147,150000	0,156873
147,160000	0,162609
147,170000	0,157511
147,180000	0,161972
147,190000	0,158785
147,200000	0,160060
147,210000	0,154961
147,220000	0,161972
147,230000	0,158148
147,240000	0,159423
147,250000	0,159423
147,260000	0,158148
147,270000	0,156873
147,280000	0,159423
147,290000	0,158785
147,300000	0,158148
147,310000	0,158785
147,320000	0,158148
147,330000	0,155598
147,340000	0,160060
147,350000	0,158148
147,360000	0,156236
147,370000	0,157511
147,380000	0,158785
147,390000	0,161335
147,400000	0,158148
147,410000	0,160697
147,420000	0,158148
147,430000	0,158148
147,440000	0,159423
147,450000	0,160060
147,460000	0,156873
147,470000	0,160697
147,480000	0,156873
147,490000	0,161335
147,500000	0,158785
147,510000	0,158148
147,520000	0,157511
147,530000	0,160697
147,540000	0,158148
147,550000	0,160060
147,560000	0,161972
147,570000	0,161335
147,580000	0,163247
147,590000	0,158785
147,600000	0,162609
147,610000	0,160060
147,620000	0,165796
147,630000	0,158785
147,640000	0,161972
147,650000	0,157511
147,660000	0,162609
147,670000	0,156236
147,680000	0,163884
147,690000	0,159423
147,700000	0,162609
147,710000	0,160060
147,720000	0,162609
147,730000	0,160060
147,740000	0,160697
147,750000	0,160697
147,760000	0,161972
147,770000	0,160697
147,780000	0,161972
147,790000	0,160060
147,800000	0,161335
147,810000	0,161972
147,820000	0,162609
147,830000	0,161972
147,840000	0,160060
147,850000	0,160060
147,860000	0,161335
147,870000	0,160697
147,880000	0,162609
147,890000	0,161335
147,900000	0,160697
147,910000	0,160060
147,920000	0,161335
147,930000	0,161972
147,940000	0,163884
147,950000	0,161972
147,960000	0,163247
147,970000	0,159423
147,980000	0,164522
147,990000	0,160697
148,000000	0,163884
148,010000	0,154961
148,020000	0,158148
148,030000	0,159423
148,040000	0,164522
148,050000	0,160697
148,060000	0,161335
148,070000	0,157511
148,080000	0,162609
148,090000	0,157511
148,100000	0,163247
148,110000	0,162609
148,120000	0,163884
148,130000	0,159423
148,140000	0,161335
148,150000	0,160697
148,160000	0,160697
148,170000	0,161972
148,180000	0,160697
148,190000	0,161335
148,200000	0,162609
148,210000	0,161335
148,220000	0,160697
148,230000	0,160697
148,240000	0,163884
148,250000	0,162609
148,260000	0,161972
148,270000	0,160697
148,280000	0,159423
148,290000	0,162609
148,300000	0,163884
148,310000	0,162609
148,320000	0,163247
148,330000	0,161972
148,340000	0,162609
148,350000	0,161335
148,360000	0,160060
148,370000	0,158785
148,380000	0,160060
148,390000	0,161335
148,400000	0,158148
148,410000	0,159423
148,420000	0,159423
148,430000	0,161335
148,440000	0,160697
148,450000	0,162609
148,460000	0,157511
148,470000	0,163247
148,480000	0,160060
148,490000	0,159423
148,500000	0,158785
148,510000	0,161972
148,520000	0,161335
148,530000	0,161972
148,540000	0,158785
148,550000	0,163247
148,560000	0,160697
148,570000	0,160060
148,580000	0,159423
148,590000	0,160697
148,600000	0,159423
148,610000	0,160697
148,620000	0,158148
148,630000	0,163247
148,640000	0,159423
148,650000	0,158148
148,660000	0,160697
148,670000	0,157511
148,680000	0,158148
148,690000	0,158785
148,700000	0,160697
148,710000	0,158785
148,720000	0,162609
148,730000	0,161972
148,740000	0,162609
148,750000	0,159423
148,760000	0,161972
148,770000	0,158148
148,780000	0,161972
148,790000	0,158785
148,800000	0,163247
148,810000	0,160060
148,820000	0,161335
148,830000	0,160697
148,840000	0,160697
148,850000	0,158785
148,860000	0,160697
148,870000	0,158785
148,880000	0,158148
148,890000	0,159423
148,900000	0,160060
148,910000	0,156236
148,920000	0,160697
148,930000	0,155598
148,940000	0,159423
148,950000	0,156236
148,960000	0,158148
148,970000	0,154961
148,980000	0,160060
148,990000	0,158148
149,000000	0,158785
149,010000	0,156873
149,020000	0,160697
149,030000	0,157511
149,040000	0,158785
149,050000	0,156236
149,060000	0,160060
149,070000	0,160060
149,080000	0,158785
149,090000	0,158785
149,100000	0,157511
149,110000	0,158785
149,120000	0,160697
149,130000	0,160697
149,140000	0,158785
149,150000	0,158785
149,160000	0,157511
149,170000	0,157511
149,180000	0,158148
149,190000	0,161335
149,200000	0,156873
149,210000	0,160697
149,220000	0,160060
149,230000	0,159423
149,240000	0,159423
149,250000	0,154961
149,260000	0,161972
149,270000	0,158148
149,280000	0,160060
149,290000	0,159423
149,300000	0,158785
149,310000	0,159423
149,320000	0,158785
149,330000	0,157511
149,340000	0,163247
149,350000	0,160060
149,360000	0,158785
149,370000	0,161335
149,380000	0,163247
149,390000	0,158785
149,400000	0,158785
149,410000	0,157511
149,420000	0,163884
149,430000	0,157511
149,440000	0,159423
149,450000	0,157511
149,460000	0,161335
149,470000	0,159423
149,480000	0,158148
149,490000	0,160060
149,500000	0,160697
149,510000	0,160697
149,520000	0,162609
149,530000	0,158148
149,540000	0,162609
149,550000	0,160697
149,560000	0,158785
149,570000	0,157511
149,580000	0,160060
149,590000	0,157511
149,600000	0,161972
149,610000	0,158148
149,620000	0,160697
149,630000	0,158148
149,640000	0,160697
149,650000	0,160697
149,660000	0,160697
149,670000	0,158148
149,680000	0,160060
149,690000	0,159423
149,700000	0,161972
149,710000	0,160697
149,720000	0,160697
149,730000	0,158785
149,740000	0,164522
149,750000	0,160697
149,760000	0,161972
149,770000	0,161335
149,780000	0,161972
149,790000	0,160060
149,800000	0,161335
149,810000	0,160697
149,820000	0,160060
149,830000	0,159423
149,840000	0,160697
149,850000	0,158148
149,860000	0,163884
149,870000	0,159423
149,880000	0,165159
149,890000	0,160060
149,900000	0,162609
149,910000	0,160697
149,920000	0,163884
149,930000	0,158785
149,940000	0,162609
149,950000	0,160697
149,960000	0,163884
149,970000	0,160697
149,980000	0,160697
149,990000	0,158785
150,000000	0,161972
150,010000	0,160060
150,020000	0,162609
150,030000	0,158785
150,040000	0,161972
150,050000	0,159423
150,060000	0,162609
150,070000	0,160697
150,080000	0,163247
150,090000	0,158785
150,100000	0,160060
150,110000	0,160697
150,120000	0,163247
150,130000	0,161335
150,140000	0,160060
150,150000	0,161972
150,160000	0,159423
150,170000	0,162609
150,180000	0,163884
150,190000	0,160697
150,200000	0,163247
150,210000	0,157511
150,220000	0,162609
150,230000	0,163884
150,240000	0,161972
150,250000	0,164522
150,260000	0,160060
150,270000	0,161335
150,280000	0,161972
150,290000	0,160697
150,300000	0,162609
150,310000	0,160060
150,320000	0,161335
150,330000	0,161972
150,340000	0,161335
150,350000	0,158785
150,360000	0,161972
150,370000	0,161972
150,380000	0,161972
150,390000	0,160060
150,400000	0,163247
150,410000	0,160060
150,420000	0,163884
150,430000	0,161972
150,440000	0,158785
150,450000	0,161335
150,460000	0,161972
150,470000	0,160060
150,480000	0,161972
150,490000	0,158148
150,500000	0,162609
150,510000	0,158785
150,520000	0,160060
150,530000	0,160060
150,540000	0,161335
150,550000	0,160060
150,560000	0,158785
150,570000	0,159423
150,580000	0,160697
150,590000	0,161335
150,600000	0,160697
150,610000	0,161972
150,620000	0,160060
150,630000	0,160060
150,640000	0,158785
150,650000	0,160060
150,660000	0,158785
150,670000	0,160697
150,680000	0,160697
150,690000	0,160697
150,700000	0,160697
150,710000	0,156236
150,720000	0,162609
150,730000	0,156873
150,740000	0,158785
150,750000	0,156873
150,760000	0,160060
150,770000	0,159423
150,780000	0,160697
150,790000	0,163884
150,800000	0,156236
150,810000	0,160060
150,820000	0,160060
150,830000	0,159423
150,840000	0,156236
150,850000	0,159423
150,860000	0,158148
150,870000	0,158148
150,880000	0,156873
150,890000	0,161335
150,900000	0,157511
150,910000	0,162609
150,920000	0,154961
150,930000	0,158148
150,940000	0,161335
150,950000	0,158148
150,960000	0,159423
150,970000	0,158148
150,980000	0,158148
150,990000	0,155598
151,000000	0,158785
151,010000	0,158785
151,020000	0,160060
151,030000	0,160697
151,040000	0,158785
151,050000	0,161972
151,060000	0,159423
151,070000	0,157511
151,080000	0,159423
151,090000	0,160060
151,100000	0,157511
151,110000	0,154324
151,120000	0,159423
151,130000	0,159423
151,140000	0,158785
151,150000	0,158785
151,160000	0,158785
151,170000	0,156236
151,180000	0,159423
151,190000	0,160697
151,200000	0,160697
151,210000	0,158148
151,220000	0,161972
151,230000	0,156873
151,240000	0,161972
151,250000	0,158785
151,260000	0,159423
151,270000	0,158148
151,280000	0,160697
151,290000	0,156873
151,300000	0,162609
151,310000	0,159423
151,320000	0,156873
151,330000	0,158148
151,340000	0,160697
151,350000	0,154324
151,360000	0,160060
151,370000	0,155598
151,380000	0,158785
151,390000	0,157511
151,400000	0,157511
151,410000	0,158785
151,420000	0,157511
151,430000	0,159423
151,440000	0,160060
151,450000	0,157511
151,460000	0,153686
151,470000	0,157511
151,480000	0,161972
151,490000	0,160697
151,500000	0,158785
151,510000	0,158785
151,520000	0,157511
151,530000	0,160060
151,540000	0,161335
151,550000	0,158148
151,560000	0,160060
151,570000	0,160060
151,580000	0,159423
151,590000	0,158785
151,600000	0,158148
151,610000	0,158785
151,620000	0,159423
151,630000	0,157511
151,640000	0,158148
151,650000	0,157511
151,660000	0,161335
151,670000	0,160697
151,680000	0,163247
151,690000	0,158785
151,700000	0,161335
151,710000	0,157511
151,720000	0,160060
151,730000	0,160060
151,740000	0,160697
151,750000	0,160060
151,760000	0,162609
151,770000	0,159423
151,780000	0,161335
151,790000	0,158148
151,800000	0,158148
151,810000	0,159423
151,820000	0,160697
151,830000	0,163247
151,840000	0,160060
151,850000	0,158148
151,860000	0,162609
151,870000	0,160060
151,880000	0,160697
151,890000	0,160060
151,900000	0,160697
151,910000	0,160697
151,920000	0,162609
151,930000	0,160060
151,940000	0,167071
151,950000	0,162609
151,960000	0,163247
151,970000	0,160697
151,980000	0,163247
151,990000	0,161335
152,000000	0,161972
152,010000	0,159423
152,020000	0,165159
152,030000	0,160697
152,040000	0,160697
152,050000	0,158148
152,060000	0,163247
152,070000	0,156873
152,080000	0,161972
152,090000	0,160060
152,100000	0,162609
152,110000	0,157511
152,120000	0,161335
152,130000	0,155598
152,140000	0,162609
152,150000	0,158148
152,160000	0,159423
152,170000	0,160060
152,180000	0,160697
152,190000	0,163247
152,200000	0,158785
152,210000	0,160697
152,220000	0,161335
152,230000	0,158785
152,240000	0,163884
152,250000	0,156873
152,260000	0,163247
152,270000	0,159423
152,280000	0,163247
152,290000	0,158148
152,300000	0,163247
152,310000	0,158785
152,320000	0,159423
152,330000	0,157511
152,340000	0,166434
152,350000	0,161335
152,360000	0,164522
152,370000	0,160060
152,380000	0,160697
152,390000	0,160060
152,400000	0,163884
152,410000	0,160697
152,420000	0,160697
152,430000	0,160697
152,440000	0,163884
152,450000	0,163247
152,460000	0,162609
152,470000	0,162609
152,480000	0,161972
152,490000	0,161335
152,500000	0,160060
152,510000	0,159423
152,520000	0,158785
152,530000	0,160697
152,540000	0,160697
152,550000	0,160060
152,560000	0,158785
152,570000	0,159423
152,580000	0,162609
152,590000	0,161335
152,600000	0,160697
152,610000	0,158148
152,620000	0,159423
152,630000	0,163247
152,640000	0,156873
152,650000	0,163884
152,660000	0,159423
152,670000	0,161972
152,680000	0,158148
152,690000	0,160060
152,700000	0,159423
152,710000	0,160060
152,720000	0,153049
152,730000	0,163247
152,740000	0,158785
152,750000	0,158148
152,760000	0,160060
152,770000	0,159423
152,780000	0,158148
152,790000	0,163884
152,800000	0,162609
152,810000	0,159423
152,820000	0,159423
152,830000	0,156236
152,840000	0,162609
152,850000	0,159423
152,860000	0,163884
152,870000	0,158148
152,880000	0,160697
152,890000	0,160697
152,900000	0,163247
152,910000	0,158148
152,920000	0,162609
152,930000	0,160697
152,940000	0,163247
152,950000	0,156236
152,960000	0,160060
152,970000	0,158148
152,980000	0,161335
152,990000	0,157511
153,000000	0,165796
153,010000	0,160697
153,020000	0,167708
153,030000	0,158785
153,040000	0,163884
153,050000	0,161335
153,060000	0,158148
153,070000	0,161335
153,080000	0,156873
153,090000	0,159423
153,100000	0,160697
153,110000	0,156236
153,120000	0,157511
153,130000	0,160697
153,140000	0,158785
153,150000	0,160060
153,160000	0,161972
153,170000	0,158148
153,180000	0,160060
153,190000	0,161972
153,200000	0,161972
153,210000	0,158148
153,220000	0,156236
153,230000	0,157511
153,240000	0,159423
153,250000	0,158148
153,260000	0,157511
153,270000	0,158148
153,280000	0,158148
153,290000	0,158785
153,300000	0,158148
153,310000	0,159423
153,320000	0,158148
153,330000	0,161335
153,340000	0,153686
153,350000	0,159423
153,360000	0,160697
153,370000	0,156873
153,380000	0,156873
153,390000	0,158148
153,400000	0,158148
153,410000	0,159423
153,420000	0,162609
153,430000	0,161335
153,440000	0,156236
153,450000	0,161972
153,460000	0,160697
153,470000	0,160697
153,480000	0,160060
153,490000	0,158148
153,500000	0,160697
153,510000	0,156236
153,520000	0,160697
153,530000	0,158148
153,540000	0,158785
153,550000	0,160060
153,560000	0,158148
153,570000	0,162609
153,580000	0,161972
153,590000	0,161335
153,600000	0,160060
153,610000	0,158148
153,620000	0,157511
153,630000	0,156236
153,640000	0,158785
153,650000	0,159423
153,660000	0,158148
153,670000	0,160697
153,680000	0,163247
153,690000	0,159423
153,700000	0,155598
153,710000	0,153686
153,720000	0,156236
153,730000	0,157511
153,740000	0,159423
153,750000	0,158785
153,760000	0,160697
153,770000	0,160060
153,780000	0,159423
153,790000	0,161335
153,800000	0,156873
153,810000	0,157511
153,820000	0,161335
153,830000	0,161335
153,840000	0,159423
153,850000	0,158148
153,860000	0,160697
153,870000	0,154961
153,880000	0,161972
153,890000	0,156873
153,900000	0,162609
153,910000	0,157511
153,920000	0,161972
153,930000	0,158785
153,940000	0,162609
153,950000	0,156873
153,960000	0,158148
153,970000	0,155598
153,980000	0,158148
153,990000	0,157511
154,000000	0,163247
154,010000	0,159423
154,020000	0,160697
154,030000	0,159423
154,040000	0,159423
154,050000	0,155598
154,060000	0,163247
154,070000	0,158785
154,080000	0,163247
154,090000	0,158148
154,100000	0,161335
154,110000	0,161335
154,120000	0,160060
154,130000	0,161972
154,140000	0,156236
154,150000	0,160060
154,160000	0,163247
154,170000	0,157511
154,180000	0,163247
154,190000	0,158148
154,200000	0,163247
154,210000	0,161972
154,220000	0,162609
154,230000	0,156873
154,240000	0,161972
154,250000	0,162609
154,260000	0,163247
154,270000	0,161972
154,280000	0,159423
154,290000	0,159423
154,300000	0,163247
154,310000	0,160697
154,320000	0,160697
154,330000	0,156873
154,340000	0,160697
154,350000	0,160060
154,360000	0,162609
154,370000	0,157511
154,380000	0,158148
154,390000	0,157511
154,400000	0,162609
154,410000	0,157511
154,420000	0,160697
154,430000	0,159423
154,440000	0,160697
154,450000	0,159423
154,460000	0,158785
154,470000	0,161972
154,480000	0,163884
154,490000	0,158148
154,500000	0,161972
154,510000	0,157511
154,520000	0,161335
154,530000	0,158785
154,540000	0,157511
154,550000	0,161972
154,560000	0,157511
154,570000	0,162609
154,580000	0,157511
154,590000	0,164522
154,600000	0,158148
154,610000	0,164522
154,620000	0,158148
154,630000	0,160060
154,640000	0,162609
154,650000	0,157511
154,660000	0,162609
154,670000	0,160060
154,680000	0,160697
154,690000	0,160697
154,700000	0,162609
154,710000	0,159423
154,720000	0,161972
154,730000	0,163884
154,740000	0,162609
154,750000	0,162609
154,760000	0,163884
154,770000	0,158785
154,780000	0,164522
154,790000	0,160697
154,800000	0,158148
154,810000	0,160697
154,820000	0,159423
154,830000	0,163247
154,840000	0,167071
154,850000	0,160060
154,860000	0,160697
154,870000	0,163884
154,880000	0,158148
154,890000	0,160697
154,900000	0,161972
154,910000	0,162609
154,920000	0,160697
154,930000	0,160697
154,940000	0,161972
154,950000	0,156873
154,960000	0,161972
154,970000	0,158785
154,980000	0,160697
154,990000	0,162609
155,000000	0,158148
155,010000	0,160060
155,020000	0,160060
155,030000	0,157511
155,040000	0,158785
155,050000	0,155598
155,060000	0,165159
155,070000	0,158148
155,080000	0,160697
155,090000	0,158148
155,100000	0,158785
155,110000	0,154961
155,120000	0,160697
155,130000	0,158148
155,140000	0,163247
155,150000	0,159423
155,160000	0,158785
155,170000	0,156873
155,180000	0,162609
155,190000	0,155598
155,200000	0,159423
155,210000	0,155598
155,220000	0,161972
155,230000	0,160697
155,240000	0,158785
155,250000	0,158785
155,260000	0,154961
155,270000	0,160697
155,280000	0,159423
155,290000	0,162609
155,300000	0,161335
155,310000	0,161335
155,320000	0,158148
155,330000	0,158148
155,340000	0,158148
155,350000	0,156236
155,360000	0,158148
155,370000	0,158148
155,380000	0,160060
155,390000	0,156873
155,400000	0,161972
155,410000	0,161335
155,420000	0,158148
155,430000	0,158785
155,440000	0,160060
155,450000	0,162609
155,460000	0,158148
155,470000	0,160060
155,480000	0,162609
155,490000	0,161972
155,500000	0,158148
155,510000	0,156236
155,520000	0,158148
155,530000	0,154324
155,540000	0,160697
155,550000	0,156236
155,560000	0,158148
155,570000	0,153049
155,580000	0,159423
155,590000	0,158148
155,600000	0,159423
155,610000	0,155598
155,620000	0,162609
155,630000	0,155598
155,640000	0,158785
155,650000	0,155598
155,660000	0,155598
155,670000	0,156236
155,680000	0,158148
155,690000	0,158148
155,700000	0,160697
155,710000	0,155598
155,720000	0,161972
155,730000	0,155598
155,740000	0,156873
155,750000	0,155598
155,760000	0,158785
155,770000	0,156873
155,780000	0,159423
155,790000	0,160060
155,800000	0,158785
155,810000	0,160697
155,820000	0,154324
155,830000	0,156873
155,840000	0,161972
155,850000	0,157511
155,860000	0,160697
155,870000	0,156873
155,880000	0,157511
155,890000	0,160060
155,900000	0,156873
155,910000	0,157511
155,920000	0,154324
155,930000	0,156236
155,940000	0,158785
155,950000	0,158148
155,960000	0,160060
155,970000	0,156873
155,980000	0,160060
155,990000	0,159423
156,000000	0,158148
156,010000	0,160697
156,020000	0,158148
156,030000	0,158148
156,040000	0,160697
156,050000	0,158785
156,060000	0,159423
156,070000	0,160697
156,080000	0,155598
156,090000	0,158148
156,100000	0,158148
156,110000	0,158148
156,120000	0,168346
156,130000	0,159423
156,140000	0,160060
156,150000	0,156236
156,160000	0,157511
156,170000	0,156873
156,180000	0,161972
156,190000	0,154961
156,200000	0,161972
156,210000	0,158148
156,220000	0,165159
156,230000	0,157511
156,240000	0,158785
156,250000	0,163247
156,260000	0,158148
156,270000	0,155598
156,280000	0,163247
156,290000	0,158148
156,300000	0,166434
156,310000	0,156873
156,320000	0,158785
156,330000	0,156236
156,340000	0,160060
156,350000	0,158785
156,360000	0,158785
156,370000	0,154961
156,380000	0,154324
156,390000	0,159423
156,400000	0,155598
156,410000	0,156873
156,420000	0,157511
156,430000	0,164522
156,440000	0,161972
156,450000	0,162609
156,460000	0,162609
156,470000	0,163247
156,480000	0,158148
156,490000	0,159423
156,500000	0,163884
156,510000	0,158785
156,520000	0,160697
156,530000	0,163247
156,540000	0,156873
156,550000	0,160697
156,560000	0,158148
156,570000	0,163884
156,580000	0,160697
156,590000	0,163247
156,600000	0,161972
156,610000	0,160060
156,620000	0,166434
156,630000	0,161972
156,640000	0,164522
156,650000	0,163247
156,660000	0,162609
156,670000	0,163884
156,680000	0,161335
156,690000	0,159423
156,700000	0,165796
156,710000	0,164522
156,720000	0,160060
156,730000	0,162609
156,740000	0,158785
156,750000	0,164522
156,760000	0,157511
156,770000	0,161335
156,780000	0,160697
156,790000	0,160697
156,800000	0,161972
156,810000	0,160060
156,820000	0,158785
156,830000	0,163247
156,840000	0,157511
156,850000	0,160697
156,860000	0,158785
156,870000	0,161335
156,880000	0,156236
156,890000	0,157511
156,900000	0,158148
156,910000	0,158148
156,920000	0,165159
156,930000	0,165159
156,940000	0,162609
156,950000	0,164522
156,960000	0,156236
156,970000	0,162609
156,980000	0,156236
156,990000	0,164522
157,000000	0,158785
157,010000	0,161335
157,020000	0,160060
157,030000	0,159423
157,040000	0,160697
157,050000	0,163884
157,060000	0,158785
157,070000	0,158148
157,080000	0,160697
157,090000	0,160697
157,100000	0,160697
157,110000	0,159423
157,120000	0,159423
157,130000	0,160060
157,140000	0,159423
157,150000	0,162609
157,160000	0,161335
157,170000	0,163247
157,180000	0,161972
157,190000	0,159423
157,200000	0,160697
157,210000	0,158148
157,220000	0,160697
157,230000	0,157511
157,240000	0,156236
157,250000	0,158785
157,260000	0,160060
157,270000	0,158148
157,280000	0,163247
157,290000	0,160697
157,300000	0,158148
157,310000	0,157511
157,320000	0,156873
157,330000	0,161335
157,340000	0,162609
157,350000	0,157511
157,360000	0,162609
157,370000	0,160060
157,380000	0,160697
157,390000	0,158785
157,400000	0,163247
157,410000	0,158148
157,420000	0,161972
157,430000	0,158785
157,440000	0,159423
157,450000	0,158148
157,460000	0,161972
157,470000	0,158148
157,480000	0,157511
157,490000	0,158148
157,500000	0,159423
157,510000	0,159423
157,520000	0,156236
157,530000	0,161972
157,540000	0,158148
157,550000	0,156873
157,560000	0,153049
157,570000	0,158148
157,580000	0,161335
157,590000	0,160697
157,600000	0,161335
157,610000	0,158148
157,620000	0,158785
157,630000	0,157511
157,640000	0,160697
157,650000	0,158785
157,660000	0,154324
157,670000	0,153686
157,680000	0,161335
157,690000	0,154961
157,700000	0,157511
157,710000	0,153049
157,720000	0,158785
157,730000	0,156873
157,740000	0,158785
157,750000	0,155598
157,760000	0,161972
157,770000	0,158148
157,780000	0,157511
157,790000	0,161335
157,800000	0,158148
157,810000	0,153686
157,820000	0,162609
157,830000	0,157511
157,840000	0,160060
157,850000	0,154324
157,860000	0,164522
157,870000	0,154324
157,880000	0,160697
157,890000	0,154324
157,900000	0,163884
157,910000	0,159423
157,920000	0,161335
157,930000	0,156873
157,940000	0,162609
157,950000	0,152412
157,960000	0,167708
157,970000	0,157511
157,980000	0,159423
157,990000	0,159423
158,000000	0,160697
158,010000	0,156873
158,020000	0,161335
158,030000	0,158785
158,040000	0,156873
158,050000	0,157511
158,060000	0,159423
158,070000	0,158785
158,080000	0,154324
158,090000	0,159423
158,100000	0,157511
158,110000	0,154324
158,120000	0,160060
158,130000	0,161972
158,140000	0,159423
158,150000	0,156873
158,160000	0,163884
158,170000	0,154961
158,180000	0,154961
158,190000	0,158785
158,200000	0,152412
158,210000	0,158148
158,220000	0,160697
158,230000	0,156873
158,240000	0,162609
158,250000	0,159423
158,260000	0,162609
158,270000	0,158148
158,280000	0,159423
158,290000	0,156873
158,300000	0,163884
158,310000	0,160060
158,320000	0,163247
158,330000	0,158148
158,340000	0,164522
158,350000	0,155598
158,360000	0,163884
158,370000	0,155598
158,380000	0,160060
158,390000	0,158148
158,400000	0,159423
158,410000	0,165159
158,420000	0,166434
158,430000	0,162609
158,440000	0,165159
158,450000	0,158148
158,460000	0,161972
158,470000	0,165796
158,480000	0,156236
158,490000	0,163247
158,500000	0,161972
158,510000	0,165796
158,520000	0,157511
158,530000	0,165796
158,540000	0,156873
158,550000	0,157511
158,560000	0,158785
158,570000	0,160060
158,580000	0,158785
158,590000	0,162609
158,600000	0,158148
158,610000	0,162609
158,620000	0,157511
158,630000	0,163247
158,640000	0,160060
158,650000	0,163884
158,660000	0,160060
158,670000	0,156236
158,680000	0,160060
158,690000	0,160060
158,700000	0,160060
158,710000	0,153049
158,720000	0,154961
158,730000	0,160697
158,740000	0,157511
158,750000	0,154324
158,760000	0,161335
158,770000	0,159423
158,780000	0,157511
158,790000	0,161335
158,800000	0,162609
158,810000	0,160060
158,820000	0,161335
158,830000	0,156873
158,840000	0,164522
158,850000	0,158148
158,860000	0,165159
158,870000	0,158148
158,880000	0,161972
158,890000	0,154961
158,900000	0,160697
158,910000	0,160060
158,920000	0,163247
158,930000	0,158785
158,940000	0,160697
158,950000	0,159423
158,960000	0,159423
158,970000	0,154324
158,980000	0,162609
158,990000	0,158785
159,000000	0,159423
159,010000	0,159423
159,020000	0,160697
159,030000	0,158785
159,040000	0,163247
159,050000	0,160060
159,060000	0,162609
159,070000	0,161972
159,080000	0,160060
159,090000	0,164522
159,100000	0,164522
159,110000	0,159423
159,120000	0,160697
159,130000	0,158785
159,140000	0,158785
159,150000	0,162609
159,160000	0,163247
159,170000	0,159423
159,180000	0,158148
159,190000	0,158148
159,200000	0,158148
159,210000	0,165796
159,220000	0,163247
159,230000	0,162609
159,240000	0,163247
159,250000	0,157511
159,260000	0,158148
159,270000	0,158148
159,280000	0,160060
159,290000	0,158148
159,300000	0,158148
159,310000	0,160697
159,320000	0,158148
159,330000	0,155598
159,340000	0,162609
159,350000	0,163247
159,360000	0,160697
159,370000	0,153049
159,380000	0,161972
159,390000	0,160697
159,400000	0,161972
159,410000	0,155598
159,420000	0,159423
159,430000	0,158785
159,440000	0,163247
159,450000	0,161972
159,460000	0,158148
159,470000	0,158148
159,480000	0,158148
159,490000	0,155598
159,500000	0,165159
159,510000	0,161972
159,520000	0,154961
159,530000	0,159423
159,540000	0,159423
159,550000	0,158785
159,560000	0,158148
159,570000	0,162609
159,580000	0,162609
159,590000	0,160060
159,600000	0,154324
159,610000	0,160060
159,620000	0,161335
159,630000	0,165159
159,640000	0,156236
159,650000	0,153049
159,660000	0,156236
159,670000	0,161972
159,680000	0,153049
159,690000	0,156873
159,700000	0,152412
159,710000	0,158148
159,720000	0,158785
159,730000	0,155598
159,740000	0,153049
159,750000	0,162609
159,760000	0,158148
159,770000	0,160060
159,780000	0,160697
159,790000	0,158148
159,800000	0,157511
159,810000	0,157511
159,820000	0,158785
159,830000	0,153049
159,840000	0,158785
159,850000	0,153049
159,860000	0,160697
159,870000	0,153049
159,880000	0,156873
159,890000	0,158785
159,900000	0,159423
159,910000	0,153049
159,920000	0,151774
159,930000	0,159423
159,940000	0,158785
159,950000	0,161972
159,960000	0,157511
159,970000	0,158785
159,980000	0,154961
159,990000	0,159423
160,000000	0,156873
160,010000	0,160697
160,020000	0,158148
160,030000	0,153049
160,040000	0,157511
160,050000	0,154961
160,060000	0,158148
160,070000	0,159423
160,080000	0,165796
160,090000	0,158148
160,100000	0,161972
160,110000	0,158785
160,120000	0,160697
160,130000	0,156236
160,140000	0,158148
160,150000	0,158785
160,160000	0,162609
160,170000	0,158148
160,180000	0,156873
160,190000	0,161972
160,200000	0,160697
160,210000	0,161335
160,220000	0,154961
160,230000	0,160697
160,240000	0,154324
160,250000	0,160697
160,260000	0,156873
160,270000	0,161972
160,280000	0,158148
160,290000	0,162609
160,300000	0,156873
160,310000	0,158785
160,320000	0,154961
160,330000	0,160697
160,340000	0,161972
160,350000	0,158148
160,360000	0,155598
160,370000	0,153686
160,380000	0,161335
160,390000	0,162609
160,400000	0,159423
160,410000	0,158148
160,420000	0,158148
160,430000	0,159423
160,440000	0,153686
160,450000	0,160697
160,460000	0,158148
160,470000	0,160697
160,480000	0,162609
160,490000	0,160697
160,500000	0,161335
160,510000	0,161972
160,520000	0,156236
160,530000	0,163247
160,540000	0,156873
160,550000	0,165159
160,560000	0,156236
160,570000	0,164522
160,580000	0,160697
160,590000	0,160697
160,600000	0,158785
160,610000	0,159423
160,620000	0,160697
160,630000	0,160060
160,640000	0,163247
160,650000	0,160697
160,660000	0,153049
160,670000	0,163247
160,680000	0,159423
160,690000	0,166434
160,700000	0,158148
160,710000	0,161972
160,720000	0,159423
160,730000	0,161972
160,740000	0,158785
160,750000	0,158148
160,760000	0,163247
160,770000	0,157511
160,780000	0,157511
160,790000	0,160060
160,800000	0,160697
160,810000	0,161335
160,820000	0,163247
160,830000	0,161972
160,840000	0,160697
160,850000	0,160697
160,860000	0,165159
160,870000	0,158148
160,880000	0,163884
160,890000	0,163247
160,900000	0,158148
160,910000	0,161335
160,920000	0,158148
160,930000	0,162609
160,940000	0,153686
160,950000	0,162609
160,960000	0,160060
160,970000	0,162609
160,980000	0,163884
160,990000	0,160697
161,000000	0,159423
161,010000	0,156873
161,020000	0,165159
161,030000	0,155598
161,040000	0,165159
161,050000	0,160697
161,060000	0,158148
161,070000	0,154961
161,080000	0,163884
161,090000	0,161335
161,100000	0,160697
161,110000	0,154961
161,120000	0,159423
161,130000	0,157511
161,140000	0,162609
161,150000	0,156236
161,160000	0,164522
161,170000	0,153049
161,180000	0,160060
161,190000	0,154324
161,200000	0,162609
161,210000	0,159423
161,220000	0,160697
161,230000	0,157511
161,240000	0,160697
161,250000	0,154961
161,260000	0,160697
161,270000	0,158148
161,280000	0,166434
161,290000	0,160060
161,300000	0,163884
161,310000	0,159423
161,320000	0,160697
161,330000	0,158148
161,340000	0,162609
161,350000	0,157511
161,360000	0,161335
161,370000	0,158785
161,380000	0,160060
161,390000	0,158148
161,400000	0,161972
161,410000	0,160060
161,420000	0,160697
161,430000	0,161972
161,440000	0,163247
161,450000	0,157511
161,460000	0,160697
161,470000	0,160697
161,480000	0,161335
161,490000	0,155598
161,500000	0,158148
161,510000	0,158148
161,520000	0,166434
161,530000	0,158148
161,540000	0,158148
161,550000	0,153049
161,560000	0,163884
161,570000	0,159423
161,580000	0,160697
161,590000	0,161972
161,600000	0,160697
161,610000	0,160697
161,620000	0,158785
161,630000	0,158785
161,640000	0,159423
161,650000	0,165159
161,660000	0,158148
161,670000	0,156236
161,680000	0,157511
161,690000	0,154324
161,700000	0,155598
161,710000	0,158148
161,720000	0,157511
161,730000	0,157511
161,740000	0,154961
161,750000	0,158148
161,760000	0,161972
161,770000	0,157511
161,780000	0,153686
161,790000	0,158785
161,800000	0,154324
161,810000	0,151774
161,820000	0,156236
161,830000	0,160697
161,840000	0,158148
161,850000	0,156873
161,860000	0,158785
161,870000	0,161335
161,880000	0,163884
161,890000	0,158785
161,900000	0,155598
161,910000	0,157511
161,920000	0,160060
161,930000	0,157511
161,940000	0,160060
161,950000	0,158148
161,960000	0,160697
161,970000	0,158148
161,980000	0,156873
161,990000	0,156873
162,000000	0,158148
162,010000	0,154324
162,020000	0,158785
162,030000	0,164522
162,040000	0,161335
162,050000	0,160060
162,060000	0,156873
162,070000	0,160697
162,080000	0,158785
162,090000	0,158148
162,100000	0,157511
162,110000	0,160060
162,120000	0,155598
162,130000	0,161335
162,140000	0,161972
162,150000	0,161972
162,160000	0,158148
162,170000	0,158785
162,180000	0,158785
162,190000	0,155598
162,200000	0,158148
162,210000	0,160697
162,220000	0,161972
162,230000	0,154324
162,240000	0,158785
162,250000	0,156873
162,260000	0,156873
162,270000	0,156873
162,280000	0,158148
162,290000	0,156873
162,300000	0,155598
162,310000	0,163247
162,320000	0,154961
162,330000	0,154324
162,340000	0,160060
162,350000	0,163247
162,360000	0,158148
162,370000	0,161335
162,380000	0,158785
162,390000	0,161972
162,400000	0,160697
162,410000	0,163884
162,420000	0,156873
162,430000	0,157511
162,440000	0,160697
162,450000	0,161972
162,460000	0,158148
162,470000	0,158148
162,480000	0,161972
162,490000	0,162609
162,500000	0,163884
162,510000	0,157511
162,520000	0,160060
162,530000	0,161972
162,540000	0,156873
162,550000	0,165796
162,560000	0,161335
162,570000	0,167071
162,580000	0,162609
162,590000	0,165159
162,600000	0,154961
162,610000	0,156873
162,620000	0,158148
162,630000	0,164522
162,640000	0,155598
162,650000	0,158148
162,660000	0,158148
162,670000	0,161972
162,680000	0,160060
162,690000	0,159423
162,700000	0,160060
162,710000	0,163247
162,720000	0,156236
162,730000	0,158148
162,740000	0,155598
162,750000	0,158148
162,760000	0,160060
162,770000	0,160060
162,780000	0,156873
162,790000	0,158148
162,800000	0,160697
162,810000	0,161972
162,820000	0,161972
162,830000	0,161972
162,840000	0,158785
162,850000	0,154961
162,860000	0,159423
162,870000	0,162609
162,880000	0,158148
162,890000	0,166434
162,900000	0,156873
162,910000	0,163247
162,920000	0,158148
162,930000	0,158785
162,940000	0,174082
162,950000	0,158148
162,960000	0,161335
162,970000	0,165159
162,980000	0,158148
162,990000	0,158148
163,000000	0,158148
163,010000	0,157511
163,020000	0,181730
163,030000	0,163247
163,040000	0,154961
163,050000	0,158785
163,060000	0,161335
163,070000	0,216148
163,080000	0,161972
163,090000	0,156873
163,100000	0,161972
163,110000	0,160060
163,120000	0,156236
163,130000	0,160697
163,140000	0,162609
163,150000	0,160697
163,160000	0,157511
163,170000	0,160060
163,180000	0,156873
163,190000	0,163247
163,200000	0,165796
163,210000	0,153049
163,220000	0,163247
163,230000	0,155598
163,240000	0,163884
163,250000	0,160697
163,260000	0,163247
163,270000	0,155598
163,280000	0,158785
163,290000	0,155598
163,300000	0,159423
163,310000	0,156873
163,320000	0,156873
163,330000	0,158148
163,340000	0,162609
163,350000	0,153049
163,360000	0,154961
163,370000	0,160060
163,380000	0,163884
163,390000	0,158785
163,400000	0,154324
163,410000	0,164522
163,420000	0,154961
163,430000	0,158148
163,440000	0,153686
163,450000	0,135203
163,460000	0,160697
163,470000	0,146675
163,480000	0,152412
163,490000	0,147950
163,500000	0,144126
163,510000	0,144763
163,520000	0,146675
163,530000	0,161972
163,540000	0,165796
163,550000	0,155598
163,560000	0,165159
163,570000	0,156236
163,580000	0,157511
163,590000	0,144763
163,600000	0,165796
163,610000	0,163247
163,620000	0,157511
163,630000	0,157511
163,640000	0,158148
163,650000	0,168346
163,660000	0,151774
163,670000	0,158785
163,680000	0,169620
163,690000	0,163247
163,700000	0,156236
163,710000	0,172807
163,720000	0,165159
163,730000	0,153686
163,740000	0,167071
163,750000	0,167708
163,760000	0,135203
163,770000	0,156873
163,780000	0,165796
163,790000	0,129466
163,800000	0,157511
163,810000	0,123730
163,820000	0,160697
163,830000	0,157511
163,840000	0,193203
163,850000	0,157511
163,860000	0,154324
163,870000	0,158785
163,880000	0,161335
163,890000	0,168346
163,900000	0,158785
163,910000	0,106521
163,920000	0,165796
163,930000	0,163884
163,940000	0,096961
163,950000	0,156873
163,960000	0,128829
163,970000	0,163247
163,980000	0,158785
163,990000	0,175357
164,000000	0,158148
164,010000	0,162609
164,020000	0,158148
164,030000	0,162609
164,040000	0,189379
164,050000	0,153686
164,060000	0,161972
164,070000	0,163247
164,080000	0,167708
164,090000	0,163884
164,100000	0,160697
164,110000	0,163884
164,120000	0,161335
164,130000	0,148587
164,140000	0,160697
164,150000	0,150499
164,160000	0,155598
164,170000	0,146675
164,180000	0,154324
164,190000	0,161972
164,200000	0,146675
164,210000	0,158785
164,220000	0,161335
164,230000	0,161335
164,240000	0,162609
164,250000	0,158785
164,260000	0,154961
164,270000	0,157511
164,280000	0,154961
164,290000	0,151774
164,300000	0,153049
164,310000	0,160697
164,320000	0,154961
164,330000	0,168346
164,340000	0,182368
164,350000	0,163247
164,360000	0,164522
164,370000	0,160697
164,380000	0,148587
164,390000	0,168983
164,400000	0,164522
164,410000	0,168983
164,420000	0,184280
164,430000	0,147313
164,440000	0,154961
164,450000	0,135840
164,460000	0,143488
164,470000	0,152412
164,480000	0,140302
164,490000	0,154961
164,500000	0,132016
164,510000	0,141576
164,520000	0,178544
164,530000	0,176631
164,540000	0,143488
164,550000	0,186192
164,560000	0,170258
164,570000	0,193203
164,580000	0,184280
164,590000	0,179818
164,600000	0,177269
164,610000	0,160697
164,620000	0,154324
164,630000	0,168346
164,640000	0,151774
164,650000	0,162609
164,660000	0,148587
164,670000	0,162609
164,680000	0,144763
164,690000	0,142851
164,700000	0,204676
164,710000	0,156236
164,720000	0,106521
164,730000	0,150499
164,740000	0,156236
164,750000	0,118631
164,760000	0,159423
164,770000	0,211687
164,780000	0,154324
164,790000	0,153686
164,800000	0,207225
164,810000	0,165159
164,820000	0,220610
164,830000	0,154324
164,840000	0,158148
164,850000	0,216148
164,860000	0,161972
164,870000	0,170895
164,880000	0,154324
164,890000	0,160697
164,900000	0,130741
164,910000	0,160697
164,920000	0,133928
164,930000	0,162609
164,940000	0,165159
164,950000	0,158148
164,960000	0,157511
164,970000	0,162609
164,980000	0,161972
164,990000	0,160697
165,000000	0,156236
165,010000	0,147313
165,020000	0,169620
165,030000	0,160697
165,040000	0,160697
165,050000	0,154961
165,060000	0,171533
165,070000	0,160697
165,080000	0,170895
165,090000	0,168983
165,100000	0,172807
165,110000	0,167708
165,120000	0,159423
165,130000	0,156236
165,140000	0,167071
165,150000	0,160697
165,160000	0,154324
165,170000	0,159423
165,180000	0,163884
165,190000	0,158148
165,200000	0,169620
165,210000	0,149862
165,220000	0,151137
165,230000	0,166434
165,240000	0,151774
165,250000	0,147950
165,260000	0,170258
165,270000	0,160060
165,280000	0,142851
165,290000	0,154324
165,300000	0,168346
165,310000	0,139664
165,320000	0,178544
165,330000	0,156873
165,340000	0,164522
165,350000	0,173445
165,360000	0,151774
165,370000	0,173445
165,380000	0,190016
165,390000	0,169620
165,400000	0,142214
165,410000	0,146675
165,420000	0,181730
165,430000	0,117994
165,440000	0,170895
165,450000	0,151774
165,460000	0,131379
165,470000	0,134565
165,480000	0,118631
165,490000	0,132016
165,500000	0,167071
165,510000	0,114170
165,520000	0,148587
165,530000	0,173445
165,540000	0,133291
165,550000	0,139664
165,560000	0,175994
165,570000	0,164522
165,580000	0,133928
165,590000	0,175994
165,600000	0,185555
165,610000	0,178544
165,620000	0,175994
165,630000	0,181093
165,640000	0,167708
165,650000	0,219972
165,660000	0,169620
165,670000	0,162609
165,680000	0,116719
165,690000	0,157511
165,700000	0,085488
165,710000	0,165159
165,720000	0,162609
165,730000	0,080389
165,740000	0,163884
165,750000	0,116719
165,760000	0,162609
165,770000	0,160060
165,780000	0,183643
165,790000	0,163884
165,800000	0,197665
165,810000	0,159423
165,820000	0,153049
165,830000	0,184917
165,840000	0,157511
165,850000	0,165159
165,860000	0,152412
165,870000	0,156873
165,880000	0,154324
165,890000	0,165159
165,900000	0,147313
165,910000	0,161972
165,920000	0,160697
165,930000	0,144763
165,940000	0,165796
165,950000	0,161972
165,960000	0,161972
165,970000	0,150499
165,980000	0,170895
165,990000	0,159423
166,000000	0,158148
166,010000	0,148587
166,020000	0,147313
166,030000	0,144126
166,040000	0,148587
166,050000	0,144126
166,060000	0,153049
166,070000	0,151774
166,080000	0,147950
166,090000	0,155598
166,100000	0,179181
166,110000	0,147313
166,120000	0,142851
166,130000	0,184280
166,140000	0,153049
166,150000	0,180456
166,160000	0,149225
166,170000	0,135203
166,180000	0,142851
166,190000	0,170895
166,200000	0,141576
166,210000	0,161335
166,220000	0,183643
166,230000	0,137115
166,240000	0,160697
166,250000	0,156873
166,260000	0,153686
166,270000	0,133291
166,280000	0,163884
166,290000	0,123093
166,300000	0,142851
166,310000	0,175357
166,320000	0,135840
166,330000	0,158785
166,340000	0,184917
166,350000	0,157511
166,360000	0,166434
166,370000	0,201489
166,380000	0,183643
166,390000	0,137752
166,400000	0,181093
166,410000	0,170895
166,420000	0,151774
166,430000	0,164522
166,440000	0,163884
166,450000	0,146675
166,460000	0,172807
166,470000	0,175357
166,480000	0,153686
166,490000	0,183643
166,500000	0,164522
166,510000	0,135840
166,520000	0,160060
166,530000	0,146038
166,540000	0,103972
166,550000	0,159423
166,560000	0,144126
166,570000	0,142851
166,580000	0,159423
166,590000	0,208500
166,600000	0,153686
166,610000	0,158785
166,620000	0,154961
166,630000	0,155598
166,640000	0,248654
166,650000	0,160060
166,660000	0,154961
166,670000	0,158785
166,680000	0,161972
166,690000	0,142851
166,700000	0,157511
166,710000	0,154324
166,720000	0,158148
166,730000	0,151774
166,740000	0,151137
166,750000	0,152412
166,760000	0,159423
166,770000	0,163247
166,780000	0,149862
166,790000	0,172807
166,800000	0,155598
166,810000	0,157511
166,820000	0,158148
166,830000	0,165159
166,840000	0,141576
166,850000	0,167071
166,860000	0,163247
166,870000	0,168346
166,880000	0,167708
166,890000	0,153049
166,900000	0,170895
166,910000	0,170258
166,920000	0,169620
166,930000	0,174719
166,940000	0,181093
166,950000	0,160697
166,960000	0,174082
166,970000	0,162609
166,980000	0,160697
166,990000	0,132653
167,000000	0,166434
167,010000	0,153686
167,020000	0,160697
167,030000	0,150499
167,040000	0,137752
167,050000	0,155598
167,060000	0,170895
167,070000	0,157511
167,080000	0,178544
167,090000	0,185555
167,100000	0,173445
167,110000	0,174719
167,120000	0,147950
167,130000	0,169620
167,140000	0,182368
167,150000	0,167071
167,160000	0,153686
167,170000	0,168983
167,180000	0,149225
167,190000	0,142851
167,200000	0,147950
167,210000	0,174719
167,220000	0,158148
167,230000	0,193840
167,240000	0,175994
167,250000	0,162609
167,260000	0,168983
167,270000	0,133928
167,280000	0,167071
167,290000	0,175994
167,300000	0,148587
167,310000	0,137115
167,320000	0,121181
167,330000	0,136477
167,340000	0,121181
167,350000	0,114170
167,360000	0,177906
167,370000	0,170258
167,380000	0,209775
167,390000	0,177269
167,400000	0,194478
167,410000	0,168346
167,420000	0,175357
167,430000	0,211049
167,440000	0,168346
167,450000	0,211687
167,460000	0,168346
167,470000	0,161335
167,480000	0,080389
167,490000	0,156236
167,500000	0,079114
167,510000	0,163247
167,520000	0,163247
167,530000	0,148587
167,540000	0,160060
167,550000	0,166434
167,560000	0,154324
167,570000	0,159423
167,580000	0,205313
167,590000	0,158148
167,600000	0,170258
167,610000	0,160060
167,620000	0,158785
167,630000	0,148587
167,640000	0,165796
167,650000	0,155598
167,660000	0,163247
167,670000	0,161972
167,680000	0,148587
167,690000	0,157511
167,700000	0,157511
167,710000	0,154961
167,720000	0,156236
167,730000	0,180456
167,740000	0,157511
167,750000	0,163884
167,760000	0,155598
167,770000	0,158148
167,780000	0,171533
167,790000	0,158785
167,800000	0,147950
167,810000	0,142851
167,820000	0,143488
167,830000	0,137115
167,840000	0,150499
167,850000	0,155598
167,860000	0,152412
167,870000	0,146675
167,880000	0,162609
167,890000	0,159423
167,900000	0,139664
167,910000	0,151774
167,920000	0,163884
167,930000	0,177906
167,940000	0,167071
167,950000	0,150499
167,960000	0,163884
167,970000	0,151774
167,980000	0,122455
167,990000	0,123093
168,000000	0,154324
168,010000	0,153049
168,020000	0,131379
168,030000	0,141576
168,040000	0,160697
168,050000	0,158148
168,060000	0,168346
168,070000	0,178544
168,080000	0,179818
168,090000	0,161972
168,100000	0,170895
168,110000	0,152412
168,120000	0,154324
168,130000	0,139664
168,140000	0,151774
168,150000	0,167708
168,160000	0,137752
168,170000	0,119906
168,180000	0,169620
168,190000	0,196390
168,200000	0,204676
168,210000	0,205313
168,220000	0,222522
168,230000	0,186829
168,240000	0,168983
168,250000	0,174719
168,260000	0,154961
168,270000	0,106521
168,280000	0,133928
168,290000	0,150499
168,300000	0,098873
168,310000	0,154961
168,320000	0,105884
168,330000	0,149862
168,340000	0,144763
168,350000	0,196390
168,360000	0,150499
168,370000	0,155598
168,380000	0,155598
168,390000	0,150499
168,400000	0,256940
168,410000	0,149862
168,420000	0,156236
168,430000	0,158148
168,440000	0,158785
168,450000	0,119269
168,460000	0,155598
168,470000	0,156236
168,480000	0,155598
168,490000	0,157511
168,500000	0,147313
168,510000	0,165159
168,520000	0,160060
168,530000	0,162609
168,540000	0,150499
168,550000	0,160060
168,560000	0,154961
168,570000	0,153049
168,580000	0,170895
168,590000	0,153686
168,600000	0,162609
168,610000	0,154961
168,620000	0,155598
168,630000	0,142851
168,640000	0,153686
168,650000	0,152412
168,660000	0,163247
168,670000	0,151137
168,680000	0,170258
168,690000	0,158785
168,700000	0,156873
168,710000	0,171533
168,720000	0,172170
168,730000	0,157511
168,740000	0,168346
168,750000	0,172170
168,760000	0,168346
168,770000	0,163247
168,780000	0,132016
168,790000	0,154324
168,800000	0,160697
168,810000	0,155598
168,820000	0,149225
168,830000	0,164522
168,840000	0,158785
168,850000	0,161972
168,860000	0,177269
168,870000	0,153686
168,880000	0,192566
168,890000	0,175357
168,900000	0,152412
168,910000	0,174719
168,920000	0,186192
168,930000	0,183643
168,940000	0,145401
168,950000	0,152412
168,960000	0,157511
168,970000	0,147313
168,980000	0,160060
168,990000	0,152412
169,000000	0,183005
169,010000	0,158148
169,020000	0,131379
169,030000	0,173445
169,040000	0,148587
169,050000	0,182368
169,060000	0,163247
169,070000	0,201489
169,080000	0,149862
169,090000	0,142851
169,100000	0,098873
169,110000	0,119906
169,120000	0,077202
169,130000	0,130104
169,140000	0,113532
169,150000	0,130104
169,160000	0,175994
169,170000	0,133291
169,180000	0,185555
169,190000	0,185555
169,200000	0,190016
169,210000	0,164522
169,220000	0,117356
169,230000	0,178544
169,240000	0,163247
169,250000	0,115444
169,260000	0,160697
169,270000	0,180456
169,280000	0,172807
169,290000	0,161972
169,300000	0,127554
169,310000	0,163247
169,320000	0,161972
169,330000	0,160697
169,340000	0,153049
169,350000	0,207225
169,360000	0,160060
169,370000	0,161335
169,380000	0,153686
169,390000	0,098873
169,400000	0,116719
169,410000	0,102697
169,420000	0,157511
169,430000	0,165159
169,440000	0,165796
169,450000	0,144763
169,460000	0,160697
169,470000	0,160060
169,480000	0,158785
169,490000	0,157511
169,500000	0,170895
169,510000	0,163247
169,520000	0,156236
169,530000	0,156873
169,540000	0,155598
169,550000	0,167071
169,560000	0,165159
169,570000	0,155598
169,580000	0,163884
169,590000	0,150499
169,600000	0,154324
169,610000	0,148587
169,620000	0,142851
169,630000	0,156873
169,640000	0,144763
169,650000	0,181093
169,660000	0,147950
169,670000	0,144763
169,680000	0,161972
169,690000	0,155598
169,700000	0,156873
169,710000	0,142851
169,720000	0,141576
169,730000	0,154324
169,740000	0,175357
169,750000	0,142214
169,760000	0,161972
169,770000	0,168346
169,780000	0,159423
169,790000	0,123730
169,800000	0,153049
169,810000	0,147950
169,820000	0,132016
169,830000	0,147313
169,840000	0,134565
169,850000	0,162609
169,860000	0,156236
169,870000	0,165159
169,880000	0,163884
169,890000	0,191291
169,900000	0,183643
169,910000	0,133291
169,920000	0,170895
169,930000	0,168346
169,940000	0,102697
169,950000	0,156873
169,960000	0,136477
169,970000	0,159423
169,980000	0,142851
169,990000	0,203401
170,000000	0,191291
170,010000	0,187467
170,020000	0,183643
170,030000	0,174082
170,040000	0,216786
170,050000	0,170895
170,060000	0,152412
170,070000	0,128192
170,080000	0,152412
170,090000	0,136477
170,100000	0,172807
170,110000	0,128192
170,120000	0,156873
170,130000	0,153686
170,140000	0,219335
170,150000	0,149862
170,160000	0,149862
170,170000	0,141576
170,180000	0,154961
170,190000	0,172170
170,200000	0,142851
170,210000	0,152412
170,220000	0,158148
170,230000	0,160697
170,240000	0,119906
170,250000	0,155598
170,260000	0,153686
170,270000	0,158148
170,280000	0,149225
170,290000	0,162609
170,300000	0,149225
170,310000	0,155598
170,320000	0,153049
170,330000	0,158148
170,340000	0,165796
170,350000	0,153049
170,360000	0,158148
170,370000	0,153049
170,380000	0,160060
170,390000	0,147313
170,400000	0,160060
170,410000	0,151774
170,420000	0,170258
170,430000	0,159423
170,440000	0,173445
170,450000	0,154324
170,460000	0,168346
170,470000	0,165796
170,480000	0,150499
170,490000	0,165159
170,500000	0,152412
170,510000	0,156873
170,520000	0,149862
170,530000	0,157511
170,540000	0,122455
170,550000	0,168983
170,560000	0,133291
170,570000	0,170895
170,580000	0,181093
170,590000	0,172170
170,600000	0,160697
170,610000	0,161972
170,620000	0,178544
170,630000	0,168346
170,640000	0,170895
170,650000	0,157511
170,660000	0,160060
170,670000	0,172170
170,680000	0,155598
170,690000	0,166434
170,700000	0,181093
170,710000	0,174719
170,720000	0,163884
170,730000	0,151137
170,740000	0,140302
170,750000	0,125005
170,760000	0,141576
170,770000	0,177906
170,780000	0,153686
170,790000	0,164522
170,800000	0,178544
170,810000	0,151774
170,820000	0,139664
170,830000	0,150499
170,840000	0,147950
170,850000	0,122455
170,860000	0,177269
170,870000	0,148587
170,880000	0,196390
170,890000	0,133291
170,900000	0,174719
170,910000	0,134565
170,920000	0,142851
170,930000	0,123093
170,940000	0,130104
170,950000	0,186192
170,960000	0,106521
170,970000	0,126280
170,980000	0,146038
170,990000	0,149862
171,000000	0,190016
171,010000	0,154324
171,020000	0,129466
171,030000	0,196390
171,040000	0,183643
171,050000	0,180456
171,060000	0,196390
171,070000	0,143488
171,080000	0,181730
171,090000	0,174082
171,100000	0,167071
171,110000	0,175994
171,120000	0,203401
171,130000	0,165796
171,140000	0,156873
171,150000	0,163247
171,160000	0,159423
171,170000	0,159423
171,180000	0,159423
171,190000	0,163247
171,200000	0,153686
171,210000	0,158785
171,220000	0,169620
171,230000	0,163884
171,240000	0,158148
171,250000	0,161972
171,260000	0,154324
171,270000	0,184280
171,280000	0,154324
171,290000	0,161972
171,300000	0,147950
171,310000	0,166434
171,320000	0,142214
171,330000	0,157511
171,340000	0,184917
171,350000	0,154324
171,360000	0,163884
171,370000	0,154961
171,380000	0,149225
171,390000	0,178544
171,400000	0,163247
171,410000	0,147313
171,420000	0,192566
171,430000	0,148587
171,440000	0,172170
171,450000	0,139664
171,460000	0,155598
171,470000	0,164522
171,480000	0,165159
171,490000	0,149862
171,500000	0,167071
171,510000	0,142214
171,520000	0,158148
171,530000	0,134565
171,540000	0,167071
171,550000	0,179818
171,560000	0,178544
171,570000	0,163884
171,580000	0,144763
171,590000	0,151774
171,600000	0,173445
171,610000	0,139027
171,620000	0,157511
171,630000	0,155598
171,640000	0,158785
171,650000	0,142851
171,660000	0,173445
171,670000	0,158785
171,680000	0,153049
171,690000	0,185555
171,700000	0,192566
171,710000	0,191291
171,720000	0,153049
171,730000	0,189379
171,740000	0,170895
171,750000	0,221884
171,760000	0,139664
171,770000	0,168346
171,780000	0,130104
171,790000	0,163884
171,800000	0,135203
171,810000	0,158785
171,820000	0,151137
171,830000	0,168983
171,840000	0,137115
171,850000	0,187467
171,860000	0,201489
171,870000	0,175994
171,880000	0,147950
171,890000	0,209137
171,900000	0,164522
171,910000	0,183643
171,920000	0,197665
171,930000	0,149225
171,940000	0,127554
171,950000	0,132653
171,960000	0,140302
171,970000	0,140302
171,980000	0,113532
171,990000	0,143488
172,000000	0,142851
172,010000	0,160697
172,020000	0,146675
172,030000	0,147313
172,040000	0,147950
172,050000	0,156236
172,060000	0,156236
172,070000	0,149225
172,080000	0,164522
172,090000	0,156873
172,100000	0,157511
172,110000	0,158148
172,120000	0,145401
172,130000	0,169620
172,140000	0,154324
172,150000	0,165796
172,160000	0,154324
172,170000	0,158148
172,180000	0,177906
172,190000	0,154961
172,200000	0,161972
172,210000	0,143488
172,220000	0,153049
172,230000	0,139664
172,240000	0,164522
172,250000	0,161972
172,260000	0,125005
172,270000	0,170258
172,280000	0,161335
172,290000	0,150499
172,300000	0,180456
172,310000	0,135203
172,320000	0,154961
172,330000	0,151137
172,340000	0,179818
172,350000	0,162609
172,360000	0,172170
172,370000	0,178544
172,380000	0,165796
172,390000	0,165159
172,400000	0,158785
172,410000	0,167708
172,420000	0,183005
172,430000	0,158148
172,440000	0,156236
172,450000	0,162609
172,460000	0,160697
172,470000	0,144763
172,480000	0,152412
172,490000	0,147313
172,500000	0,167708
172,510000	0,153686
172,520000	0,151774
172,530000	0,163247
172,540000	0,160697
172,550000	0,156873
172,560000	0,164522
172,570000	0,179181
172,580000	0,169620
172,590000	0,157511
172,600000	0,140302
172,610000	0,154961
172,620000	0,139027
172,630000	0,149225
172,640000	0,179818
172,650000	0,163884
172,660000	0,132653
172,670000	0,180456
172,680000	0,186829
172,690000	0,155598
172,700000	0,101422
172,710000	0,189379
172,720000	0,154961
172,730000	0,164522
172,740000	0,175357
172,750000	0,082301
172,760000	0,107796
172,770000	0,124367
172,780000	0,110983
172,790000	0,153686
172,800000	0,149862
172,810000	0,183005
172,820000	0,144763
172,830000	0,179181
172,840000	0,135203
172,850000	0,183005
172,860000	0,177269
172,870000	0,177906
172,880000	0,186829
172,890000	0,176631
172,900000	0,165796
172,910000	0,168346
172,920000	0,165796
172,930000	0,161972
172,940000	0,175357
172,950000	0,165796
172,960000	0,157511
172,970000	0,159423
172,980000	0,161972
172,990000	0,163247
173,000000	0,156873
173,010000	0,166434
173,020000	0,169620
173,030000	0,167708
173,040000	0,157511
173,050000	0,160697
173,060000	0,160697
173,070000	0,158785
173,080000	0,175357
173,090000	0,163247
173,100000	0,161335
173,110000	0,161972
173,120000	0,147313
173,130000	0,152412
173,140000	0,167708
173,150000	0,156873
173,160000	0,167708
173,170000	0,150499
173,180000	0,192566
173,190000	0,142851
173,200000	0,144763
173,210000	0,168346
173,220000	0,156236
173,230000	0,153686
173,240000	0,142214
173,250000	0,158785
173,260000	0,145401
173,270000	0,150499
173,280000	0,135840
173,290000	0,170258
173,300000	0,156236
173,310000	0,154324
173,320000	0,168346
173,330000	0,160697
173,340000	0,140939
173,350000	0,174082
173,360000	0,156873
173,370000	0,147950
173,380000	0,167071
173,390000	0,167708
173,400000	0,165796
173,410000	0,158785
173,420000	0,177269
173,430000	0,149225
173,440000	0,156873
173,450000	0,181730
173,460000	0,160697
173,470000	0,193203
173,480000	0,165159
173,490000	0,169620
173,500000	0,128192
173,510000	0,148587
173,520000	0,134565
173,530000	0,153049
173,540000	0,143488
173,550000	0,207225
173,560000	0,168983
173,570000	0,156236
173,580000	0,140302
173,590000	0,172807
173,600000	0,193840
173,610000	0,186192
173,620000	0,147950
173,630000	0,167708
173,640000	0,192566
173,650000	0,140939
173,660000	0,154324
173,670000	0,175357
173,680000	0,151137
173,690000	0,153686
173,700000	0,135840
173,710000	0,155598
173,720000	0,150499
173,730000	0,146675
173,740000	0,146038
173,750000	0,154324
173,760000	0,154324
173,770000	0,157511
173,780000	0,161335
173,790000	0,147950
173,800000	0,158148
173,810000	0,153049
173,820000	0,154961
173,830000	0,155598
173,840000	0,156236
173,850000	0,163884
173,860000	0,159423
173,870000	0,161972
173,880000	0,140302
173,890000	0,161335
173,900000	0,160697
173,910000	0,158148
173,920000	0,158148
173,930000	0,163884
173,940000	0,158785
173,950000	0,159423
173,960000	0,147950
173,970000	0,160060
173,980000	0,158148
173,990000	0,158148
174,000000	0,162609
174,010000	0,142214
174,020000	0,163247
174,030000	0,144126
174,040000	0,162609
174,050000	0,165796
174,060000	0,168346
174,070000	0,149225
174,080000	0,163884
174,090000	0,153686
174,100000	0,162609
174,110000	0,170258
174,120000	0,172807
174,130000	0,167708
174,140000	0,161335
174,150000	0,183643
174,160000	0,170895
174,170000	0,170258
174,180000	0,156236
174,190000	0,163247
174,200000	0,165159
174,210000	0,163247
174,220000	0,155598
174,230000	0,163247
174,240000	0,162609
174,250000	0,174719
174,260000	0,157511
174,270000	0,155598
174,280000	0,149862
174,290000	0,153686
174,300000	0,162609
174,310000	0,156873
174,320000	0,154961
174,330000	0,158785
174,340000	0,149862
174,350000	0,163247
174,360000	0,161335
174,370000	0,155598
174,380000	0,173445
174,390000	0,150499
174,400000	0,154324
174,410000	0,161972
174,420000	0,157511
174,430000	0,185555
174,440000	0,153049
174,450000	0,160697
174,460000	0,153049
174,470000	0,157511
174,480000	0,161972
174,490000	0,144126
174,500000	0,160060
174,510000	0,155598
174,520000	0,153686
174,530000	0,177269
174,540000	0,161972
174,550000	0,163247
174,560000	0,175994
174,570000	0,160697
174,580000	0,156236
174,590000	0,160697
174,600000	0,155598
174,610000	0,168983
174,620000	0,156873
174,630000	0,158785
174,640000	0,162609
174,650000	0,160060
174,660000	0,158148
174,670000	0,162609
174,680000	0,161335
174,690000	0,156236
174,700000	0,160697
174,710000	0,161972
174,720000	0,160697
174,730000	0,160060
174,740000	0,158148
174,750000	0,157511
174,760000	0,159423
174,770000	0,152412
174,780000	0,165159
174,790000	0,157511
174,800000	0,158785
174,810000	0,160697
174,820000	0,170258
174,830000	0,153049
174,840000	0,167071
174,850000	0,158785
174,860000	0,158785
174,870000	0,167708
174,880000	0,160697
174,890000	0,157511
174,900000	0,156873
174,910000	0,153686
174,920000	0,158148
174,930000	0,158148
174,940000	0,154324
174,950000	0,150499
174,960000	0,157511
174,970000	0,156236
174,980000	0,162609
174,990000	0,160060
175,000000	0,160697
175,010000	0,161972
175,020000	0,158148
175,030000	0,158148
175,040000	0,160060
175,050000	0,158148
175,060000	0,161335
175,070000	0,158148
175,080000	0,156873
175,090000	0,156873
175,100000	0,155598
175,110000	0,163884
175,120000	0,156236
175,130000	0,158785
175,140000	0,160697
175,150000	0,157511
175,160000	0,158148
175,170000	0,162609
175,180000	0,157511
175,190000	0,160697
175,200000	0,160697
175,210000	0,161972
175,220000	0,173445
175,230000	0,160060
175,240000	0,160697
175,250000	0,161972
175,260000	0,159423
175,270000	0,161972
175,280000	0,158785
175,290000	0,161335
175,300000	0,166434
175,310000	0,158148
175,320000	0,159423
175,330000	0,161972
175,340000	0,158148
175,350000	0,169620
175,360000	0,153049
175,370000	0,160060
175,380000	0,160697
175,390000	0,159423
175,400000	0,157511
175,410000	0,157511
175,420000	0,158148
175,430000	0,161972
175,440000	0,160060
175,450000	0,158148
175,460000	0,157511
175,470000	0,158785
175,480000	0,163247
175,490000	0,160697
175,500000	0,157511
175,510000	0,157511
175,520000	0,161972
175,530000	0,158785
175,540000	0,164522
175,550000	0,160060
175,560000	0,158148
175,570000	0,157511
175,580000	0,160060
175,590000	0,158785
175,600000	0,158785
175,610000	0,154961
175,620000	0,160060
175,630000	0,159423
175,640000	0,158148
175,650000	0,158785
175,660000	0,156873
175,670000	0,160060
175,680000	0,160060
175,690000	0,160060
175,700000	0,159423
175,710000	0,163247
175,720000	0,158148
175,730000	0,160697
175,740000	0,156236
175,750000	0,161972
175,760000	0,159423
175,770000	0,159423
175,780000	0,155598
175,790000	0,162609
175,800000	0,159423
175,810000	0,160060
175,820000	0,156236
175,830000	0,161335
175,840000	0,160060
175,850000	0,161335
175,860000	0,158785
175,870000	0,159423
175,880000	0,160060
175,890000	0,159423
175,900000	0,158148
175,910000	0,160060
175,920000	0,161972
175,930000	0,158785
175,940000	0,156873
175,950000	0,156873
175,960000	0,162609
175,970000	0,161335
175,980000	0,160697
175,990000	0,158148
176,000000	0,159423
176,010000	0,160060
176,020000	0,160697
176,030000	0,160060
176,040000	0,160697
176,050000	0,159423
176,060000	0,161335
176,070000	0,156873
176,080000	0,154961
176,090000	0,159423
176,100000	0,156236
176,110000	0,158148
176,120000	0,156873
176,130000	0,158785
176,140000	0,161335
176,150000	0,158148
176,160000	0,158148
176,170000	0,160697
176,180000	0,158785
176,190000	0,158785
176,200000	0,160060
176,210000	0,158785
176,220000	0,160060
176,230000	0,153049
176,240000	0,153049
176,250000	0,160697
176,260000	0,154961
176,270000	0,157511
176,280000	0,157511
176,290000	0,157511
176,300000	0,154961
176,310000	0,162609
176,320000	0,155598
176,330000	0,158785
176,340000	0,153686
176,350000	0,158148
176,360000	0,160060
176,370000	0,154961
176,380000	0,156873
176,390000	0,158148
176,400000	0,159423
176,410000	0,154324
176,420000	0,157511
176,430000	0,155598
176,440000	0,157511
176,450000	0,160060
176,460000	0,158148
176,470000	0,158148
176,480000	0,158148
176,490000	0,157511
176,500000	0,160060
176,510000	0,161335
176,520000	0,160697
176,530000	0,159423
176,540000	0,158148
176,550000	0,160697
176,560000	0,161335
176,570000	0,161972
176,580000	0,158148
176,590000	0,159423
176,600000	0,157511
176,610000	0,160697
176,620000	0,153049
176,630000	0,158148
176,640000	0,154961
176,650000	0,158148
176,660000	0,153686
176,670000	0,162609
176,680000	0,153686
176,690000	0,159423
176,700000	0,155598
176,710000	0,161972
176,720000	0,158785
176,730000	0,158785
176,740000	0,158148
176,750000	0,160060
176,760000	0,158148
176,770000	0,158785
176,780000	0,158148
176,790000	0,159423
176,800000	0,154961
176,810000	0,158785
176,820000	0,155598
176,830000	0,155598
176,840000	0,156873
176,850000	0,158785
176,860000	0,154961
176,870000	0,160060
176,880000	0,156873
176,890000	0,160060
176,900000	0,157511
176,910000	0,157511
176,920000	0,158148
176,930000	0,159423
176,940000	0,156873
176,950000	0,156236
176,960000	0,156873
176,970000	0,158148
176,980000	0,158148
176,990000	0,162609
177,000000	0,160697
177,010000	0,160697
177,020000	0,155598
177,030000	0,159423
177,040000	0,160060
177,050000	0,161972
177,060000	0,158785
177,070000	0,158148
177,080000	0,158148
177,090000	0,159423
177,100000	0,160697
177,110000	0,158148
177,120000	0,161972
177,130000	0,160697
177,140000	0,160697
177,150000	0,161335
177,160000	0,163247
177,170000	0,161335
177,180000	0,160060
177,190000	0,161972
177,200000	0,163247
177,210000	0,158148
177,220000	0,161972
177,230000	0,161972
177,240000	0,158148
177,250000	0,163884
177,260000	0,156873
177,270000	0,160697
177,280000	0,160697
177,290000	0,159423
177,300000	0,157511
177,310000	0,160697
177,320000	0,158785
177,330000	0,159423
177,340000	0,163247
177,350000	0,160697
177,360000	0,157511
177,370000	0,160697
177,380000	0,157511
177,390000	0,160697
177,400000	0,157511
177,410000	0,161972
177,420000	0,161972
177,430000	0,160697
177,440000	0,157511
177,450000	0,158785
177,460000	0,158148
177,470000	0,159423
177,480000	0,153686
177,490000	0,160060
177,500000	0,158785
177,510000	0,155598
177,520000	0,158785
177,530000	0,158785
177,540000	0,157511
177,550000	0,160697
177,560000	0,156873
177,570000	0,159423
177,580000	0,156236
177,590000	0,160697
177,600000	0,154961
177,610000	0,158785
177,620000	0,160697
177,630000	0,159423
177,640000	0,161335
177,650000	0,160060
177,660000	0,163247
177,670000	0,163884
177,680000	0,154324
177,690000	0,158785
177,700000	0,154961
177,710000	0,160697
177,720000	0,160697
177,730000	0,160697
177,740000	0,161972
177,750000	0,161335
177,760000	0,154961
177,770000	0,161335
177,780000	0,160060
177,790000	0,162609
177,800000	0,159423
177,810000	0,163247
177,820000	0,153049
177,830000	0,160697
177,840000	0,156873
177,850000	0,160697
177,860000	0,160060
177,870000	0,161972
177,880000	0,160697
177,890000	0,162609
177,900000	0,156236
177,910000	0,160060
177,920000	0,154324
177,930000	0,160060
177,940000	0,156236
177,950000	0,161335
177,960000	0,159423
177,970000	0,158148
177,980000	0,156873
177,990000	0,160060
178,000000	0,159423
178,010000	0,160060
178,020000	0,158148
178,030000	0,156873
178,040000	0,158148
178,050000	0,155598
178,060000	0,161972
178,070000	0,157511
178,080000	0,157511
178,090000	0,157511
178,100000	0,160697
178,110000	0,160060
178,120000	0,161335
178,130000	0,154324
178,140000	0,160060
178,150000	0,155598
178,160000	0,159423
178,170000	0,153049
178,180000	0,164522
178,190000	0,155598
178,200000	0,163884
178,210000	0,160697
178,220000	0,160060
178,230000	0,156873
178,240000	0,156873
178,250000	0,156873
178,260000	0,158785
178,270000	0,158148
178,280000	0,153686
178,290000	0,158148
178,300000	0,159423
178,310000	0,158148
178,320000	0,156873
178,330000	0,159423
178,340000	0,159423
178,350000	0,157511
178,360000	0,159423
178,370000	0,160060
178,380000	0,160697
178,390000	0,158148
178,400000	0,156873
178,410000	0,158785
178,420000	0,159423
178,430000	0,158785
178,440000	0,158785
178,450000	0,154961
178,460000	0,156873
178,470000	0,157511
178,480000	0,155598
178,490000	0,156236
178,500000	0,156236
178,510000	0,153049
178,520000	0,158785
178,530000	0,155598
178,540000	0,155598
178,550000	0,157511
178,560000	0,156873
178,570000	0,159423
178,580000	0,154961
178,590000	0,155598
178,600000	0,159423
178,610000	0,156236
178,620000	0,158148
178,630000	0,156236
178,640000	0,160060
178,650000	0,153686
178,660000	0,156873
178,670000	0,157511
178,680000	0,156873
178,690000	0,155598
178,700000	0,158148
178,710000	0,157511
178,720000	0,154324
178,730000	0,158785
178,740000	0,153686
178,750000	0,162609
178,760000	0,156873
178,770000	0,156873
178,780000	0,156873
178,790000	0,158148
178,800000	0,156873
178,810000	0,160060
178,820000	0,154324
178,830000	0,159423
178,840000	0,157511
178,850000	0,160697
178,860000	0,158785
178,870000	0,160697
178,880000	0,153686
178,890000	0,160060
178,900000	0,157511
178,910000	0,158148
178,920000	0,157511
178,930000	0,160060
178,940000	0,157511
178,950000	0,158148
178,960000	0,156236
178,970000	0,158785
178,980000	0,156873
178,990000	0,158148
179,000000	0,155598
179,010000	0,158148
179,020000	0,156236
179,030000	0,158785
179,040000	0,160697
179,050000	0,159423
179,060000	0,154961
179,070000	0,158148
179,080000	0,156873
179,090000	0,159423
179,100000	0,156873
179,110000	0,161335
179,120000	0,158148
179,130000	0,159423
179,140000	0,158785
179,150000	0,158785
179,160000	0,158148
179,170000	0,158785
179,180000	0,158148
179,190000	0,161335
179,200000	0,158785
179,210000	0,159423
179,220000	0,159423
179,230000	0,160060
179,240000	0,157511
179,250000	0,158148
179,260000	0,161335
179,270000	0,159423
179,280000	0,160697
179,290000	0,161335
179,300000	0,158785
179,310000	0,163247
179,320000	0,158148
179,330000	0,159423
179,340000	0,158785
179,350000	0,160697
179,360000	0,164522
179,370000	0,158785
179,380000	0,162609
179,390000	0,160060
179,400000	0,160697
179,410000	0,158148
179,420000	0,160060
179,430000	0,158785
179,440000	0,156873
179,450000	0,159423
179,460000	0,158148
179,470000	0,158785
179,480000	0,160697
179,490000	0,156873
179,500000	0,160697
179,510000	0,158785
179,520000	0,160697
179,530000	0,160060
179,540000	0,158785
179,550000	0,159423
179,560000	0,160697
179,570000	0,160060
179,580000	0,159423
179,590000	0,160060
179,600000	0,158785
179,610000	0,158148
179,620000	0,158785
179,630000	0,160697
179,640000	0,161972
179,650000	0,160697
179,660000	0,158148
179,670000	0,163247
179,680000	0,160060
179,690000	0,163884
179,700000	0,158148
179,710000	0,160697
179,720000	0,157511
179,730000	0,163247
179,740000	0,158148
179,750000	0,160697
179,760000	0,158785
179,770000	0,161972
179,780000	0,161335
179,790000	0,158785
179,800000	0,156873
179,810000	0,161335
179,820000	0,156873
179,830000	0,161335
179,840000	0,158148
179,850000	0,161335
179,860000	0,161972
179,870000	0,161972
179,880000	0,160697
179,890000	0,158148
179,900000	0,160697
179,910000	0,157511
179,920000	0,159423
179,930000	0,160697
179,940000	0,158148
179,950000	0,159423
179,960000	0,160060
179,970000	0,157511
179,980000	0,161335
179,990000	0,160697
180,000000	0,157511
180,010000	0,160697
180,020000	0,156873
180,030000	0,162609
180,040000	0,159423
180,050000	0,158148
180,060000	0,157511
180,070000	0,160060
180,080000	0,160697
180,090000	0,163884
180,100000	0,158785
180,110000	0,160697
180,120000	0,160060
180,130000	0,158148
180,140000	0,156873
180,150000	0,158148
180,160000	0,159423
180,170000	0,158785
180,180000	0,160697
180,190000	0,160697
180,200000	0,156236
180,210000	0,160697
180,220000	0,154961
180,230000	0,160697
180,240000	0,160060
180,250000	0,155598
180,260000	0,157511
180,270000	0,158148
180,280000	0,154961
180,290000	0,160060
180,300000	0,156873
180,310000	0,160060
180,320000	0,156236
180,330000	0,158148
180,340000	0,157511
180,350000	0,159423
180,360000	0,154324
180,370000	0,158785
180,380000	0,160697
180,390000	0,153686
180,400000	0,160060
180,410000	0,156236
180,420000	0,161335
180,430000	0,158148
180,440000	0,156873
180,450000	0,158148
180,460000	0,156873
180,470000	0,156873
180,480000	0,158785
180,490000	0,157511
180,500000	0,154324
180,510000	0,158148
180,520000	0,160697
180,530000	0,154961
180,540000	0,158785
180,550000	0,156873
180,560000	0,154324
180,570000	0,156236
180,580000	0,156873
180,590000	0,157511
180,600000	0,156236
180,610000	0,154961
180,620000	0,156236
180,630000	0,156873
180,640000	0,157511
180,650000	0,154961
180,660000	0,155598
180,670000	0,155598
180,680000	0,157511
180,690000	0,156873
180,700000	0,154324
180,710000	0,155598
180,720000	0,154324
180,730000	0,160060
180,740000	0,159423
180,750000	0,156236
180,760000	0,158785
180,770000	0,158148
180,780000	0,157511
180,790000	0,158785
180,800000	0,156873
180,810000	0,158785
180,820000	0,155598
180,830000	0,156873
180,840000	0,158148
180,850000	0,158148
180,860000	0,154324
180,870000	0,160697
180,880000	0,158148
180,890000	0,157511
180,900000	0,153049
180,910000	0,159423
180,920000	0,153686
180,930000	0,160697
180,940000	0,156873
180,950000	0,158785
180,960000	0,154324
180,970000	0,159423
180,980000	0,156873
180,990000	0,155598
181,000000	0,159423
181,010000	0,158148
181,020000	0,156873
181,030000	0,158785
181,040000	0,156873
181,050000	0,160060
181,060000	0,156873
181,070000	0,161972
181,080000	0,155598
181,090000	0,160697
181,100000	0,157511
181,110000	0,162609
181,120000	0,154324
181,130000	0,160697
181,140000	0,158148
181,150000	0,161335
181,160000	0,156236
181,170000	0,161335
181,180000	0,157511
181,190000	0,160060
181,200000	0,156873
181,210000	0,159423
181,220000	0,156873
181,230000	0,160697
181,240000	0,158148
181,250000	0,161335
181,260000	0,159423
181,270000	0,158785
181,280000	0,158148
181,290000	0,158785
181,300000	0,158148
181,310000	0,161335
181,320000	0,158785
181,330000	0,160697
181,340000	0,156873
181,350000	0,161335
181,360000	0,158148
181,370000	0,158148
181,380000	0,158148
181,390000	0,160697
181,400000	0,160697
181,410000	0,158148
181,420000	0,160697
181,430000	0,158148
181,440000	0,163247
181,450000	0,158148
181,460000	0,158785
181,470000	0,161972
181,480000	0,162609
181,490000	0,160697
181,500000	0,161335
181,510000	0,156873
181,520000	0,163884
181,530000	0,157511
181,540000	0,163247
181,550000	0,156873
181,560000	0,160060
181,570000	0,158148
181,580000	0,164522
181,590000	0,161335
181,600000	0,161972
181,610000	0,160697
181,620000	0,162609
181,630000	0,160060
181,640000	0,163247
181,650000	0,157511
181,660000	0,160060
181,670000	0,156236
181,680000	0,164522
181,690000	0,158785
181,700000	0,164522
181,710000	0,158148
181,720000	0,161335
181,730000	0,157511
181,740000	0,158785
181,750000	0,158148
181,760000	0,160697
181,770000	0,162609
181,780000	0,160697
181,790000	0,158148
181,800000	0,158785
181,810000	0,160697
181,820000	0,162609
181,830000	0,161335
181,840000	0,160697
181,850000	0,159423
181,860000	0,159423
181,870000	0,163884
181,880000	0,160697
181,890000	0,160697
181,900000	0,157511
181,910000	0,158148
181,920000	0,160060
181,930000	0,157511
181,940000	0,160697
181,950000	0,158148
181,960000	0,158785
181,970000	0,156873
181,980000	0,161335
181,990000	0,158785
182,000000	0,160060
182,010000	0,156873
182,020000	0,158785
182,030000	0,160697
182,040000	0,158785
182,050000	0,158148
182,060000	0,159423
182,070000	0,161972
182,080000	0,158785
182,090000	0,158785
182,100000	0,163247
182,110000	0,158148
182,120000	0,160697
182,130000	0,158148
182,140000	0,156873
182,150000	0,158148
182,160000	0,160697
182,170000	0,158148
182,180000	0,158148
182,190000	0,159423
182,200000	0,158148
182,210000	0,160060
182,220000	0,160060
182,230000	0,158148
182,240000	0,158148
182,250000	0,156873
182,260000	0,156236
182,270000	0,160697
182,280000	0,159423
182,290000	0,157511
182,300000	0,157511
182,310000	0,156236
182,320000	0,156236
182,330000	0,160060
182,340000	0,154324
182,350000	0,158148
182,360000	0,156873
182,370000	0,159423
182,380000	0,155598
182,390000	0,158785
182,400000	0,154961
182,410000	0,157511
182,420000	0,155598
182,430000	0,160060
182,440000	0,156873
182,450000	0,158148
182,460000	0,156873
182,470000	0,158785
182,480000	0,151137
182,490000	0,158785
182,500000	0,158148
182,510000	0,158148
182,520000	0,157511
182,530000	0,160060
182,540000	0,156236
182,550000	0,156873
182,560000	0,156236
182,570000	0,158785
182,580000	0,159423
182,590000	0,159423
182,600000	0,153686
182,610000	0,161335
182,620000	0,154961
182,630000	0,160060
182,640000	0,157511
182,650000	0,156873
182,660000	0,156873
182,670000	0,155598
182,680000	0,156873
182,690000	0,158785
182,700000	0,155598
182,710000	0,158148
182,720000	0,154324
182,730000	0,158785
182,740000	0,156236
182,750000	0,160060
182,760000	0,154961
182,770000	0,161335
182,780000	0,154961
182,790000	0,158148
182,800000	0,153686
182,810000	0,161972
182,820000	0,155598
182,830000	0,160060
182,840000	0,150499
182,850000	0,160060
182,860000	0,154324
182,870000	0,159423
182,880000	0,153686
182,890000	0,160060
182,900000	0,153049
182,910000	0,161335
182,920000	0,151137
182,930000	0,160697
182,940000	0,154324
182,950000	0,160060
182,960000	0,155598
182,970000	0,159423
182,980000	0,156236
182,990000	0,161972
183,000000	0,155598
183,010000	0,161335
183,020000	0,156873
183,030000	0,159423
183,040000	0,158148
183,050000	0,158148
183,060000	0,158148
183,070000	0,156873
183,080000	0,158148
183,090000	0,158785
183,100000	0,155598
183,110000	0,160060
183,120000	0,154961
183,130000	0,158148
183,140000	0,156873
183,150000	0,162609
183,160000	0,158785
183,170000	0,159423
183,180000	0,158785
183,190000	0,157511
183,200000	0,160697
183,210000	0,156873
183,220000	0,160060
183,230000	0,159423
183,240000	0,154961
183,250000	0,160060
183,260000	0,155598
183,270000	0,158148
183,280000	0,156873
183,290000	0,157511
183,300000	0,158148
183,310000	0,160060
183,320000	0,159423
183,330000	0,159423
183,340000	0,160060
183,350000	0,160697
183,360000	0,158785
183,370000	0,160060
183,380000	0,158148
183,390000	0,160697
183,400000	0,158148
183,410000	0,161335
183,420000	0,157511
183,430000	0,161972
183,440000	0,156873
183,450000	0,161335
183,460000	0,159423
183,470000	0,161972
183,480000	0,158148
183,490000	0,163247
183,500000	0,159423
183,510000	0,163884
183,520000	0,158148
183,530000	0,165159
183,540000	0,160697
183,550000	0,162609
183,560000	0,158148
183,570000	0,161335
183,580000	0,158148
183,590000	0,160060
183,600000	0,158785
183,610000	0,162609
183,620000	0,160060
183,630000	0,163247
183,640000	0,158785
183,650000	0,163247
183,660000	0,158148
183,670000	0,165159
183,680000	0,158148
183,690000	0,163247
183,700000	0,160697
183,710000	0,163884
183,720000	0,158148
183,730000	0,164522
183,740000	0,158148
183,750000	0,161335
183,760000	0,158148
183,770000	0,163247
183,780000	0,160060
183,790000	0,163247
183,800000	0,160697
183,810000	0,158148
183,820000	0,157511
183,830000	0,163247
183,840000	0,160697
183,850000	0,161335
183,860000	0,160060
183,870000	0,160697
183,880000	0,160697
183,890000	0,160697
183,900000	0,158148
183,910000	0,163884
183,920000	0,156873
183,930000	0,158785
183,940000	0,160697
183,950000	0,159423
183,960000	0,158148
183,970000	0,160697
183,980000	0,156236
183,990000	0,160697
184,000000	0,155598
184,010000	0,159423
184,020000	0,155598
184,030000	0,162609
184,040000	0,155598
184,050000	0,161335
184,060000	0,156873
184,070000	0,161972
184,080000	0,158148
184,090000	0,160697
184,100000	0,155598
184,110000	0,162609
184,120000	0,156873
184,130000	0,160697
184,140000	0,155598
184,150000	0,160697
184,160000	0,158148
184,170000	0,158148
184,180000	0,154961
184,190000	0,158148
184,200000	0,154961
184,210000	0,160060
184,220000	0,156873
184,230000	0,156873
184,240000	0,156873
184,250000	0,158785
184,260000	0,154961
184,270000	0,157511
184,280000	0,159423
184,290000	0,158785
184,300000	0,154961
184,310000	0,155598
184,320000	0,154961
184,330000	0,158148
184,340000	0,152412
184,350000	0,158785
184,360000	0,153686
184,370000	0,157511
184,380000	0,155598
184,390000	0,158148
184,400000	0,151774
184,410000	0,154961
184,420000	0,154961
184,430000	0,154961
184,440000	0,152412
184,450000	0,158148
184,460000	0,153686
184,470000	0,154324
184,480000	0,153686
184,490000	0,153686
184,500000	0,150499
184,510000	0,154961
184,520000	0,151137
184,530000	0,154961
184,540000	0,151774
184,550000	0,155598
184,560000	0,151137
184,570000	0,155598
184,580000	0,149862
184,590000	0,153686
184,600000	0,149862
184,610000	0,156236
184,620000	0,150499
184,630000	0,156236
184,640000	0,149225
184,650000	0,155598
184,660000	0,151137
184,670000	0,154961
184,680000	0,153049
184,690000	0,156873
184,700000	0,153686
184,710000	0,159423
184,720000	0,151774
184,730000	0,154961
184,740000	0,149862
184,750000	0,154961
184,760000	0,147950
184,770000	0,155598
184,780000	0,150499
184,790000	0,155598
184,800000	0,151774
184,810000	0,154961
184,820000	0,148587
184,830000	0,152412
184,840000	0,151774
184,850000	0,151774
184,860000	0,153049
184,870000	0,153686
184,880000	0,151774
184,890000	0,152412
184,900000	0,153049
184,910000	0,152412
184,920000	0,150499
184,930000	0,153049
184,940000	0,149862
184,950000	0,154324
184,960000	0,151137
184,970000	0,155598
184,980000	0,151774
184,990000	0,150499
185,000000	0,152412
185,010000	0,153049
185,020000	0,151774
185,030000	0,153049
185,040000	0,149862
185,050000	0,149862
185,060000	0,153686
185,070000	0,153686
185,080000	0,149862
185,090000	0,154324
185,100000	0,153049
185,110000	0,151774
185,120000	0,151774
185,130000	0,156873
185,140000	0,152412
185,150000	0,152412
185,160000	0,151137
185,170000	0,153686
185,180000	0,153049
185,190000	0,153686
185,200000	0,153686
185,210000	0,155598
185,220000	0,149225
185,230000	0,155598
185,240000	0,153049
185,250000	0,154961
185,260000	0,149862
185,270000	0,154324
185,280000	0,151774
185,290000	0,151774
185,300000	0,151774
185,310000	0,153049
185,320000	0,154324
185,330000	0,153686
185,340000	0,151774
185,350000	0,156236
185,360000	0,153049
185,370000	0,153049
185,380000	0,151137
185,390000	0,155598
185,400000	0,153686
185,410000	0,155598
185,420000	0,152412
185,430000	0,153686
185,440000	0,152412
185,450000	0,151774
185,460000	0,151137
185,470000	0,152412
185,480000	0,154961
185,490000	0,154961
185,500000	0,154324
185,510000	0,154324
185,520000	0,156236
185,530000	0,155598
185,540000	0,152412
185,550000	0,155598
185,560000	0,155598
185,570000	0,154324
185,580000	0,155598
185,590000	0,153686
185,600000	0,153686
185,610000	0,153049
185,620000	0,156236
185,630000	0,154961
185,640000	0,152412
185,650000	0,154324
185,660000	0,154961
185,670000	0,153686
185,680000	0,152412
185,690000	0,153686
185,700000	0,156236
185,710000	0,153049
185,720000	0,154961
185,730000	0,153686
185,740000	0,153049
185,750000	0,154961
185,760000	0,151774
185,770000	0,154324
185,780000	0,151774
185,790000	0,154324
185,800000	0,150499
185,810000	0,157511
185,820000	0,153049
185,830000	0,154961
185,840000	0,153686
185,850000	0,156236
185,860000	0,150499
185,870000	0,155598
185,880000	0,149862
185,890000	0,156873
185,900000	0,150499
185,910000	0,154324
185,920000	0,154324
185,930000	0,156873
185,940000	0,154961
185,950000	0,158148
185,960000	0,152412
185,970000	0,156873
185,980000	0,154324
185,990000	0,156236
186,000000	0,149862
186,010000	0,153049
186,020000	0,153686
186,030000	0,156236
186,040000	0,153686
186,050000	0,153049
186,060000	0,151137
186,070000	0,153686
186,080000	0,156873
186,090000	0,153049
186,100000	0,153686
186,110000	0,153686
186,120000	0,153686
186,130000	0,153049
186,140000	0,152412
186,150000	0,154961
186,160000	0,151774
186,170000	0,153686
186,180000	0,152412
186,190000	0,154324
186,200000	0,147950
186,210000	0,154324
186,220000	0,150499
186,230000	0,153049
186,240000	0,149862
186,250000	0,155598
186,260000	0,147950
186,270000	0,155598
186,280000	0,149862
186,290000	0,154961
186,300000	0,150499
186,310000	0,156236
186,320000	0,150499
186,330000	0,153049
186,340000	0,150499
186,350000	0,155598
186,360000	0,150499
186,370000	0,156873
186,380000	0,152412
186,390000	0,154324
186,400000	0,150499
186,410000	0,153686
186,420000	0,150499
186,430000	0,151774
186,440000	0,151774
186,450000	0,155598
186,460000	0,151137
186,470000	0,153049
186,480000	0,148587
186,490000	0,150499
186,500000	0,153049
186,510000	0,153686
186,520000	0,151774
186,530000	0,150499
186,540000	0,151774
186,550000	0,154961
186,560000	0,149225
186,570000	0,149862
186,580000	0,153049
186,590000	0,151774
186,600000	0,151137
186,610000	0,150499
186,620000	0,149862
186,630000	0,151137
186,640000	0,150499
186,650000	0,150499
186,660000	0,154961
186,670000	0,149862
186,680000	0,151137
186,690000	0,151137
186,700000	0,149862
186,710000	0,151774
186,720000	0,151137
186,730000	0,152412
186,740000	0,153049
186,750000	0,150499
186,760000	0,153049
186,770000	0,152412
186,780000	0,150499
186,790000	0,150499
186,800000	0,151774
186,810000	0,151137
186,820000	0,149862
186,830000	0,150499
186,840000	0,153049
186,850000	0,150499
186,860000	0,151137
186,870000	0,153049
186,880000	0,150499
186,890000	0,149862
186,900000	0,152412
186,910000	0,151137
186,920000	0,152412
186,930000	0,151774
186,940000	0,148587
186,950000	0,151774
186,960000	0,152412
186,970000	0,150499
186,980000	0,149862
186,990000	0,151774
187,000000	0,154961
187,010000	0,151137
187,020000	0,148587
187,030000	0,150499
187,040000	0,152412
187,050000	0,152412
187,060000	0,152412
187,070000	0,154324
187,080000	0,151137
187,090000	0,151137
187,100000	0,149862
187,110000	0,149862
187,120000	0,147313
187,130000	0,150499
187,140000	0,151137
187,150000	0,149225
187,160000	0,153049
187,170000	0,151774
187,180000	0,153049
187,190000	0,147950
187,200000	0,151137
187,210000	0,150499
187,220000	0,152412
187,230000	0,153049
187,240000	0,150499
187,250000	0,152412
187,260000	0,149225
187,270000	0,147950
187,280000	0,153049
187,290000	0,151774
187,300000	0,150499
187,310000	0,151774
187,320000	0,151774
187,330000	0,153686
187,340000	0,153049
187,350000	0,153049
187,360000	0,151774
187,370000	0,153049
187,380000	0,149225
187,390000	0,151774
187,400000	0,149862
187,410000	0,153686
187,420000	0,151137
187,430000	0,153049
187,440000	0,151137
187,450000	0,151137
187,460000	0,153049
187,470000	0,154961
187,480000	0,151774
187,490000	0,155598
187,500000	0,153049
187,510000	0,151774
187,520000	0,153049
187,530000	0,150499
187,540000	0,151774
187,550000	0,149862
187,560000	0,153049
187,570000	0,149225
187,580000	0,153686
187,590000	0,149225
187,600000	0,149862
187,610000	0,151774
187,620000	0,156873
187,630000	0,151774
187,640000	0,153686
187,650000	0,150499
187,660000	0,149862
187,670000	0,150499
187,680000	0,153049
187,690000	0,150499
187,700000	0,151137
187,710000	0,149862
187,720000	0,153049
187,730000	0,149862
187,740000	0,151774
187,750000	0,150499
187,760000	0,154324
187,770000	0,151774
187,780000	0,153686
187,790000	0,151774
187,800000	0,151774
187,810000	0,150499
187,820000	0,152412
187,830000	0,151137
187,840000	0,153686
187,850000	0,153049
187,860000	0,156236
187,870000	0,150499
187,880000	0,154961
187,890000	0,153049
187,900000	0,154961
187,910000	0,151774
187,920000	0,154324
187,930000	0,154324
187,940000	0,153049
187,950000	0,152412
187,960000	0,151137
187,970000	0,151774
187,980000	0,148587
187,990000	0,154324
188,000000	0,153049
188,010000	0,151137
188,020000	0,151137
188,030000	0,153686
188,040000	0,153686
188,050000	0,152412
188,060000	0,154961
188,070000	0,153049
188,080000	0,151774
188,090000	0,154961
188,100000	0,151137
188,110000	0,154324
188,120000	0,153049
188,130000	0,153049
188,140000	0,151774
188,150000	0,152412
188,160000	0,153049
188,170000	0,152412
188,180000	0,151774
188,190000	0,153686
188,200000	0,153049
188,210000	0,151137
188,220000	0,154324
188,230000	0,153049
188,240000	0,152412
188,250000	0,153686
188,260000	0,148587
188,270000	0,153049
188,280000	0,148587
188,290000	0,155598
188,300000	0,147950
188,310000	0,153686
188,320000	0,147950
188,330000	0,153049
188,340000	0,151137
188,350000	0,153686
188,360000	0,149225
188,370000	0,153049
188,380000	0,149225
188,390000	0,154324
188,400000	0,147313
188,410000	0,151774
188,420000	0,149225
188,430000	0,153049
188,440000	0,149862
188,450000	0,153686
188,460000	0,149862
188,470000	0,151137
188,480000	0,150499
188,490000	0,152412
188,500000	0,148587
188,510000	0,152412
188,520000	0,150499
188,530000	0,152412
188,540000	0,151774
188,550000	0,148587
188,560000	0,153049
188,570000	0,150499
188,580000	0,151137
188,590000	0,152412
188,600000	0,153049
188,610000	0,149225
188,620000	0,149862
188,630000	0,153049
188,640000	0,151774
188,650000	0,150499
188,660000	0,150499
188,670000	0,151774
188,680000	0,151137
188,690000	0,147950
188,700000	0,149225
188,710000	0,151774
188,720000	0,151137
188,730000	0,154324
188,740000	0,150499
188,750000	0,151774
188,760000	0,148587
188,770000	0,151137
188,780000	0,148587
188,790000	0,151774
188,800000	0,151137
188,810000	0,152412
188,820000	0,151774
188,830000	0,148587
188,840000	0,147313
188,850000	0,150499
188,860000	0,147950
188,870000	0,148587
188,880000	0,152412
188,890000	0,148587
188,900000	0,151774
188,910000	0,149862
188,920000	0,149225
188,930000	0,150499
188,940000	0,154324
188,950000	0,150499
188,960000	0,150499
188,970000	0,149862
188,980000	0,153686
188,990000	0,149862
189,000000	0,153049
189,010000	0,151774
189,020000	0,149862
189,030000	0,150499
189,040000	0,153049
189,050000	0,150499
189,060000	0,151774
189,070000	0,150499
189,080000	0,153049
189,090000	0,150499
189,100000	0,150499
189,110000	0,149225
189,120000	0,151774
189,130000	0,148587
189,140000	0,150499
189,150000	0,149862
189,160000	0,151774
189,170000	0,151774
189,180000	0,149862
189,190000	0,151137
189,200000	0,151137
189,210000	0,151137
189,220000	0,153049
189,230000	0,151774
189,240000	0,148587
189,250000	0,153049
189,260000	0,148587
189,270000	0,151774
189,280000	0,147950
189,290000	0,153049
189,300000	0,150499
189,310000	0,151774
189,320000	0,149225
189,330000	0,153049
189,340000	0,147313
189,350000	0,154324
189,360000	0,151137
189,370000	0,154324
189,380000	0,149862
189,390000	0,150499
189,400000	0,146038
189,410000	0,153686
189,420000	0,148587
189,430000	0,156236
189,440000	0,147313
189,450000	0,154324
189,460000	0,148587
189,470000	0,153049
189,480000	0,149225
189,490000	0,154324
189,500000	0,149225
189,510000	0,152412
189,520000	0,149225
189,530000	0,154324
189,540000	0,147950
189,550000	0,156236
189,560000	0,149225
189,570000	0,155598
189,580000	0,150499
189,590000	0,153686
189,600000	0,149225
189,610000	0,151774
189,620000	0,149225
189,630000	0,154961
189,640000	0,149225
189,650000	0,151774
189,660000	0,152412
189,670000	0,150499
189,680000	0,151137
189,690000	0,153049
189,700000	0,151774
189,710000	0,152412
189,720000	0,148587
189,730000	0,153049
189,740000	0,148587
189,750000	0,153686
189,760000	0,151774
189,770000	0,151774
189,780000	0,149862
189,790000	0,153049
189,800000	0,151774
189,810000	0,151137
189,820000	0,150499
189,830000	0,153049
189,840000	0,152412
189,850000	0,153049
189,860000	0,152412
189,870000	0,153049
189,880000	0,147313
189,890000	0,153686
189,900000	0,149225
189,910000	0,153686
189,920000	0,150499
189,930000	0,153686
189,940000	0,149862
189,950000	0,153049
189,960000	0,153049
189,970000	0,153686
189,980000	0,147950
189,990000	0,151774
190,000000	0,150499
190,010000	0,151774
190,020000	0,150499
190,030000	0,153049
190,040000	0,150499
190,050000	0,150499
190,060000	0,150499
190,070000	0,152412
190,080000	0,150499
190,090000	0,153049
190,100000	0,150499
190,110000	0,153049
190,120000	0,150499
190,130000	0,151774
190,140000	0,152412
190,150000	0,151137
190,160000	0,151774
190,170000	0,149862
190,180000	0,147950
190,190000	0,150499
190,200000	0,149862
190,210000	0,153049
190,220000	0,151774
190,230000	0,152412
190,240000	0,151774
190,250000	0,151137
190,260000	0,150499
190,270000	0,151774
190,280000	0,151137
190,290000	0,151774
190,300000	0,150499
190,310000	0,152412
190,320000	0,151137
190,330000	0,151137
190,340000	0,151137
190,350000	0,151774
190,360000	0,150499
190,370000	0,151774
190,380000	0,148587
190,390000	0,153686
190,400000	0,147313
190,410000	0,151774
190,420000	0,147313
190,430000	0,153049
190,440000	0,147313
190,450000	0,152412
190,460000	0,149225
190,470000	0,149862
190,480000	0,149225
190,490000	0,150499
190,500000	0,150499
190,510000	0,149862
190,520000	0,148587
190,530000	0,153049
190,540000	0,149225
190,550000	0,151137
190,560000	0,148587
190,570000	0,150499
190,580000	0,148587
190,590000	0,150499
190,600000	0,151774
190,610000	0,151774
190,620000	0,149225
190,630000	0,151137
190,640000	0,147313
190,650000	0,150499
190,660000	0,151774
190,670000	0,151137
190,680000	0,150499
190,690000	0,149225
190,700000	0,150499
190,710000	0,151774
190,720000	0,149225
190,730000	0,148587
190,740000	0,150499
190,750000	0,148587
190,760000	0,147313
190,770000	0,150499
190,780000	0,150499
190,790000	0,149225
190,800000	0,149225
190,810000	0,149225
190,820000	0,151774
190,830000	0,147313
190,840000	0,149862
190,850000	0,149225
190,860000	0,153049
190,870000	0,147950
190,880000	0,150499
190,890000	0,147950
190,900000	0,151137
190,910000	0,149862
190,920000	0,152412
190,930000	0,151137
190,940000	0,153049
190,950000	0,147313
190,960000	0,151137
190,970000	0,150499
190,980000	0,153049
190,990000	0,150499
191,000000	0,148587
191,010000	0,150499
191,020000	0,150499
191,030000	0,147950
191,040000	0,150499
191,050000	0,149862
191,060000	0,149225
191,070000	0,150499
191,080000	0,149225
191,090000	0,150499
191,100000	0,150499
191,110000	0,147313
191,120000	0,149862
191,130000	0,152412
191,140000	0,153049
191,150000	0,154324
191,160000	0,149225
191,170000	0,154961
191,180000	0,148587
191,190000	0,149225
191,200000	0,148587
191,210000	0,151774
191,220000	0,149862
191,230000	0,150499
191,240000	0,150499
191,250000	0,147950
191,260000	0,152412
191,270000	0,153049
191,280000	0,145401
191,290000	0,151774
191,300000	0,149225
191,310000	0,149862
191,320000	0,149862
191,330000	0,149862
191,340000	0,150499
191,350000	0,152412
191,360000	0,149225
191,370000	0,150499
191,380000	0,147313
191,390000	0,149225
191,400000	0,145401
191,410000	0,149862
191,420000	0,149225
191,430000	0,150499
191,440000	0,146675
191,450000	0,151774
191,460000	0,150499
191,470000	0,151774
191,480000	0,148587
191,490000	0,151774
191,500000	0,149862
191,510000	0,151137
191,520000	0,149225
191,530000	0,153049
191,540000	0,149862
191,550000	0,150499
191,560000	0,149862
191,570000	0,151137
191,580000	0,147950
191,590000	0,152412
191,600000	0,151137
191,610000	0,151774
191,620000	0,151774
191,630000	0,154324
191,640000	0,151137
191,650000	0,148587
191,660000	0,151137
191,670000	0,148587
191,680000	0,154961
191,690000	0,153686
191,700000	0,150499
191,710000	0,154324
191,720000	0,153049
191,730000	0,153049
191,740000	0,154324
191,750000	0,150499
191,760000	0,153049
191,770000	0,150499
191,780000	0,152412
191,790000	0,149225
191,800000	0,150499
191,810000	0,147950
191,820000	0,152412
191,830000	0,153049
191,840000	0,147950
191,850000	0,150499
191,860000	0,151137
191,870000	0,150499
191,880000	0,149225
191,890000	0,153049
191,900000	0,151774
191,910000	0,149225
191,920000	0,152412
191,930000	0,152412
191,940000	0,151137
191,950000	0,149225
191,960000	0,149225
191,970000	0,149225
191,980000	0,151137
191,990000	0,153049
192,000000	0,149225
192,010000	0,151774
192,020000	0,147950
192,030000	0,153049
192,040000	0,147950
192,050000	0,154961
192,060000	0,149862
192,070000	0,154961
192,080000	0,149225
192,090000	0,151774
192,100000	0,150499
192,110000	0,154324
192,120000	0,148587
192,130000	0,152412
192,140000	0,149862
192,150000	0,153049
192,160000	0,148587
192,170000	0,154961
192,180000	0,148587
192,190000	0,153049
192,200000	0,151137
192,210000	0,154961
192,220000	0,151774
192,230000	0,154961
192,240000	0,149862
192,250000	0,151137
192,260000	0,151774
192,270000	0,153049
192,280000	0,151137
192,290000	0,152412
192,300000	0,149862
192,310000	0,158785
192,320000	0,147950
192,330000	0,157511
192,340000	0,148587
192,350000	0,152412
192,360000	0,151774
192,370000	0,156236
192,380000	0,148587
192,390000	0,153049
192,400000	0,150499
192,410000	0,151137
192,420000	0,149862
192,430000	0,152412
192,440000	0,147950
192,450000	0,155598
192,460000	0,147950
192,470000	0,153686
192,480000	0,149862
192,490000	0,151137
192,500000	0,150499
192,510000	0,152412
192,520000	0,151774
192,530000	0,147313
192,540000	0,149862
192,550000	0,149225
192,560000	0,145401
192,570000	0,153049
192,580000	0,148587
192,590000	0,153686
192,600000	0,153049
192,610000	0,154961
192,620000	0,151137
192,630000	0,151774
192,640000	0,151137
192,650000	0,148587
192,660000	0,150499
192,670000	0,151137
192,680000	0,149225
192,690000	0,149862
192,700000	0,154324
192,710000	0,149225
192,720000	0,153686
192,730000	0,148587
192,740000	0,150499
192,750000	0,149225
192,760000	0,151137
192,770000	0,143488
192,780000	0,150499
192,790000	0,147950
192,800000	0,158785
192,810000	0,148587
192,820000	0,147950
192,830000	0,149862
192,840000	0,149225
192,850000	0,147313
192,860000	0,150499
192,870000	0,149862
192,880000	0,156873
192,890000	0,147950
192,900000	0,151774
192,910000	0,147950
192,920000	0,151137
192,930000	0,151137
192,940000	0,149225
192,950000	0,146675
192,960000	0,147313
192,970000	0,144126
192,980000	0,150499
192,990000	0,149225
193,000000	0,151137
193,010000	0,146038
193,020000	0,149862
193,030000	0,146675
193,040000	0,147950
193,050000	0,150499
193,060000	0,146038
193,070000	0,147950
193,080000	0,147313
193,090000	0,151774
193,100000	0,147313
193,110000	0,148587
193,120000	0,148587
193,130000	0,147950
193,140000	0,148587
193,150000	0,147950
193,160000	0,147950
193,170000	0,151774
193,180000	0,148587
193,190000	0,144763
193,200000	0,151137
193,210000	0,152412
193,220000	0,147313
193,230000	0,150499
193,240000	0,150499
193,250000	0,149225
193,260000	0,151137
193,270000	0,150499
193,280000	0,149862
193,290000	0,153686
193,300000	0,149225
193,310000	0,148587
193,320000	0,146038
193,330000	0,147313
193,340000	0,147313
193,350000	0,150499
193,360000	0,146675
193,370000	0,151774
193,380000	0,147950
193,390000	0,147950
193,400000	0,146675
193,410000	0,151774
193,420000	0,147950
193,430000	0,149225
193,440000	0,147950
193,450000	0,153049
193,460000	0,151137
193,470000	0,149225
193,480000	0,150499
193,490000	0,153049
193,500000	0,146675
193,510000	0,149862
193,520000	0,149225
193,530000	0,149862
193,540000	0,152412
193,550000	0,145401
193,560000	0,149225
193,570000	0,148587
193,580000	0,147950
193,590000	0,146038
193,600000	0,151774
193,610000	0,150499
193,620000	0,153049
193,630000	0,150499
193,640000	0,149225
193,650000	0,146675
193,660000	0,148587
193,670000	0,146038
193,680000	0,145401
193,690000	0,146675
193,700000	0,147313
193,710000	0,151137
193,720000	0,148587
193,730000	0,151137
193,740000	0,148587
193,750000	0,153049
193,760000	0,150499
193,770000	0,153049
193,780000	0,144126
193,790000	0,148587
193,800000	0,150499
193,810000	0,151774
193,820000	0,147313
193,830000	0,153049
193,840000	0,150499
193,850000	0,156236
193,860000	0,148587
193,870000	0,153686
193,880000	0,149225
193,890000	0,151774
193,900000	0,150499
193,910000	0,151137
193,920000	0,149225
193,930000	0,154324
193,940000	0,153049
193,950000	0,150499
193,960000	0,151137
193,970000	0,150499
193,980000	0,148587
193,990000	0,152412
194,000000	0,147950
194,010000	0,151774
194,020000	0,148587
194,030000	0,155598
194,040000	0,153049
194,050000	0,161335
194,060000	0,152412
194,070000	0,154961
194,080000	0,149225
194,090000	0,151774
194,100000	0,147313
194,110000	0,151774
194,120000	0,149225
194,130000	0,148587
194,140000	0,153686
194,150000	0,153049
194,160000	0,150499
194,170000	0,151137
194,180000	0,148587
194,190000	0,149862
194,200000	0,149862
194,210000	0,152412
194,220000	0,148587
194,230000	0,153049
194,240000	0,151774
194,250000	0,150499
194,260000	0,153686
194,270000	0,149225
194,280000	0,147950
194,290000	0,154961
194,300000	0,148587
194,310000	0,149862
194,320000	0,154324
194,330000	0,151774
194,340000	0,156873
194,350000	0,151137
194,360000	0,151137
194,370000	0,153049
194,380000	0,153049
194,390000	0,150499
194,400000	0,147950
194,410000	0,152412
194,420000	0,152412
194,430000	0,158148
194,440000	0,152412
194,450000	0,149225
194,460000	0,153686
194,470000	0,153686
194,480000	0,147950
194,490000	0,154961
194,500000	0,151774
194,510000	0,151137
194,520000	0,151774
194,530000	0,151774
194,540000	0,153049
194,550000	0,155598
194,560000	0,148587
194,570000	0,153049
194,580000	0,149862
194,590000	0,148587
194,600000	0,149225
194,610000	0,149862
194,620000	0,151774
194,630000	0,149862
194,640000	0,153049
194,650000	0,151137
194,660000	0,149862
194,670000	0,151774
194,680000	0,153686
194,690000	0,148587
194,700000	0,153049
194,710000	0,148587
194,720000	0,149862
194,730000	0,146675
194,740000	0,152412
194,750000	0,149862
194,760000	0,153049
194,770000	0,148587
194,780000	0,149862
194,790000	0,152412
194,800000	0,148587
194,810000	0,151137
194,820000	0,151774
194,830000	0,151137
194,840000	0,146038
194,850000	0,148587
194,860000	0,148587
194,870000	0,147313
194,880000	0,149862
194,890000	0,146038
194,900000	0,146038
194,910000	0,146675
194,920000	0,148587
194,930000	0,151774
194,940000	0,147313
194,950000	0,147313
194,960000	0,149225
194,970000	0,149225
194,980000	0,147313
194,990000	0,153049
195,000000	0,151774
195,010000	0,149225
195,020000	0,146038
195,030000	0,148587
195,040000	0,142851
195,050000	0,146038
195,060000	0,149225
195,070000	0,149225
195,080000	0,147950
195,090000	0,149862
195,100000	0,149862
195,110000	0,146038
195,120000	0,148587
195,130000	0,147313
195,140000	0,149225
195,150000	0,156236
195,160000	0,148587
195,170000	0,147313
195,180000	0,147950
195,190000	0,148587
195,200000	0,151137
195,210000	0,142851
195,220000	0,147313
195,230000	0,150499
195,240000	0,150499
195,250000	0,147313
195,260000	0,147313
195,270000	0,151774
195,280000	0,147313
195,290000	0,146675
195,300000	0,147950
195,310000	0,151774
195,320000	0,151137
195,330000	0,149862
195,340000	0,147950
195,350000	0,147950
195,360000	0,146038
195,370000	0,144763
195,380000	0,150499
195,390000	0,152412
195,400000	0,146675
195,410000	0,144763
195,420000	0,147313
195,430000	0,147950
195,440000	0,151137
195,450000	0,147950
195,460000	0,147950
195,470000	0,146675
195,480000	0,148587
195,490000	0,147313
195,500000	0,151137
195,510000	0,146675
195,520000	0,144763
195,530000	0,143488
195,540000	0,145401
195,550000	0,150499
195,560000	0,151137
195,570000	0,151137
195,580000	0,150499
195,590000	0,149225
195,600000	0,152412
195,610000	0,147313
195,620000	0,150499
195,630000	0,147950
195,640000	0,143488
195,650000	0,153049
195,660000	0,147313
195,670000	0,147950
195,680000	0,151774
195,690000	0,145401
195,700000	0,146675
195,710000	0,151137
195,720000	0,149862
195,730000	0,153686
195,740000	0,149225
195,750000	0,151774
195,760000	0,151774
195,770000	0,151774
195,780000	0,151137
195,790000	0,149862
195,800000	0,150499
195,810000	0,154961
195,820000	0,146675
195,830000	0,149862
195,840000	0,151137
195,850000	0,152412
195,860000	0,147313
195,870000	0,149225
195,880000	0,147950
195,890000	0,149225
195,900000	0,152412
195,910000	0,149862
195,920000	0,148587
195,930000	0,156873
195,940000	0,147950
195,950000	0,153686
195,960000	0,149862
195,970000	0,155598
195,980000	0,150499
195,990000	0,152412
196,000000	0,146675
196,010000	0,148587
196,020000	0,149862
196,030000	0,152412
196,040000	0,144763
196,050000	0,151774
196,060000	0,152412
196,070000	0,150499
196,080000	0,147950
196,090000	0,151137
196,100000	0,149225
196,110000	0,153049
196,120000	0,149862
196,130000	0,153049
196,140000	0,147313
196,150000	0,150499
196,160000	0,154961
196,170000	0,153049
196,180000	0,149225
196,190000	0,144763
196,200000	0,156236
196,210000	0,147950
196,220000	0,149225
196,230000	0,151774
196,240000	0,148587
196,250000	0,152412
196,260000	0,153686
196,270000	0,152412
196,280000	0,153049
196,290000	0,156873
196,300000	0,154324
196,310000	0,153049
196,320000	0,153049
196,330000	0,149862
196,340000	0,150499
196,350000	0,150499
196,360000	0,153049
196,370000	0,151774
196,380000	0,151137
196,390000	0,150499
196,400000	0,151774
196,410000	0,153686
196,420000	0,151137
196,430000	0,156236
196,440000	0,151774
196,450000	0,151774
196,460000	0,149225
196,470000	0,150499
196,480000	0,149862
196,490000	0,151774
196,500000	0,149225
196,510000	0,148587
196,520000	0,146038
196,530000	0,151137
196,540000	0,154961
196,550000	0,153049
196,560000	0,154324
196,570000	0,149225
196,580000	0,154961
196,590000	0,147950
196,600000	0,153686
196,610000	0,153049
196,620000	0,151774
196,630000	0,146675
196,640000	0,153049
196,650000	0,147313
196,660000	0,153049
196,670000	0,149862
196,680000	0,151137
196,690000	0,147950
196,700000	0,149862
196,710000	0,152412
196,720000	0,149225
196,730000	0,151774
196,740000	0,146675
196,750000	0,149862
196,760000	0,149225
196,770000	0,150499
196,780000	0,152412
196,790000	0,147313
196,800000	0,150499
196,810000	0,147950
196,820000	0,151137
196,830000	0,146675
196,840000	0,148587
196,850000	0,150499
196,860000	0,148587
196,870000	0,151774
196,880000	0,147950
196,890000	0,147313
196,900000	0,153049
196,910000	0,148587
196,920000	0,150499
196,930000	0,149862
196,940000	0,154324
196,950000	0,153049
196,960000	0,149862
196,970000	0,149862
196,980000	0,152412
196,990000	0,149862
197,000000	0,149862
197,010000	0,151774
197,020000	0,152412
197,030000	0,146038
197,040000	0,149225
197,050000	0,148587
197,060000	0,151137
197,070000	0,151774
197,080000	0,145401
197,090000	0,148587
197,100000	0,153686
197,110000	0,149225
197,120000	0,155598
197,130000	0,151137
197,140000	0,153049
197,150000	0,147950
197,160000	0,149225
197,170000	0,146038
197,180000	0,147313
197,190000	0,152412
197,200000	0,147313
197,210000	0,153686
197,220000	0,146675
197,230000	0,147313
197,240000	0,149225
197,250000	0,146675
197,260000	0,147313
197,270000	0,144763
197,280000	0,147313
197,290000	0,150499
197,300000	0,147950
197,310000	0,154961
197,320000	0,144763
197,330000	0,147313
197,340000	0,143488
197,350000	0,149862
197,360000	0,145401
197,370000	0,147313
197,380000	0,147313
197,390000	0,151137
197,400000	0,150499
197,410000	0,151137
197,420000	0,147950
197,430000	0,145401
197,440000	0,146675
197,450000	0,147313
197,460000	0,151774
197,470000	0,150499
197,480000	0,148587
197,490000	0,151774
197,500000	0,147313
197,510000	0,149862
197,520000	0,147950
197,530000	0,149862
197,540000	0,151137
197,550000	0,151774
197,560000	0,148587
197,570000	0,144126
197,580000	0,151137
197,590000	0,146675
197,600000	0,146675
197,610000	0,149225
197,620000	0,149862
197,630000	0,149862
197,640000	0,149862
197,650000	0,149862
197,660000	0,143488
197,670000	0,151774
197,680000	0,151137
197,690000	0,154324
197,700000	0,147313
197,710000	0,149862
197,720000	0,149225
197,730000	0,153049
197,740000	0,149225
197,750000	0,147313
197,760000	0,149225
197,770000	0,146675
197,780000	0,147950
197,790000	0,149225
197,800000	0,147950
197,810000	0,144763
197,820000	0,148587
197,830000	0,146675
197,840000	0,149862
197,850000	0,149862
197,860000	0,145401
197,870000	0,151774
197,880000	0,150499
197,890000	0,152412
197,900000	0,144126
197,910000	0,151774
197,920000	0,149225
197,930000	0,153049
197,940000	0,147950
197,950000	0,149225
197,960000	0,149862
197,970000	0,145401
197,980000	0,149225
197,990000	0,150499
198,000000	0,151774
198,010000	0,149862
198,020000	0,149225
198,030000	0,149225
198,040000	0,148587
198,050000	0,151774
198,060000	0,146038
198,070000	0,147950
198,080000	0,146675
198,090000	0,148587
198,100000	0,148587
198,110000	0,149862
198,120000	0,143488
198,130000	0,150499
198,140000	0,150499
198,150000	0,154324
198,160000	0,149862
198,170000	0,155598
198,180000	0,150499
198,190000	0,152412
198,200000	0,149862
198,210000	0,150499
198,220000	0,149862
198,230000	0,151137
198,240000	0,153686
198,250000	0,153049
198,260000	0,151774
198,270000	0,153686
198,280000	0,150499
198,290000	0,152412
198,300000	0,148587
198,310000	0,144763
198,320000	0,151774
198,330000	0,150499
198,340000	0,151774
198,350000	0,151137
198,360000	0,144763
198,370000	0,150499
198,380000	0,151137
198,390000	0,151137
198,400000	0,153049
198,410000	0,147950
198,420000	0,147950
198,430000	0,148587
198,440000	0,147950
198,450000	0,146675
198,460000	0,145401
198,470000	0,139664
198,480000	0,152412
198,490000	0,151774
198,500000	0,150499
198,510000	0,154961
198,520000	0,125005
198,530000	0,153686
198,540000	0,123093
198,550000	0,146038
198,560000	0,134565
198,570000	0,151774
198,580000	0,149225
198,590000	0,145401
198,600000	0,146675
198,610000	0,154961
198,620000	0,154324
198,630000	0,161972
198,640000	0,153049
198,650000	0,158148
198,660000	0,159423
198,670000	0,149862
198,680000	0,152412
198,690000	0,168346
198,700000	0,155598
198,710000	0,154961
198,720000	0,154324
198,730000	0,142851
198,740000	0,158148
198,750000	0,153049
198,760000	0,140302
198,770000	0,156873
198,780000	0,171533
198,790000	0,143488
198,800000	0,152412
198,810000	0,142214
198,820000	0,149862
198,830000	0,147950
198,840000	0,153049
198,850000	0,123730
198,860000	0,149862
198,870000	0,140302
198,880000	0,133928
198,890000	0,144763
198,900000	0,163884
198,910000	0,164522
198,920000	0,169620
198,930000	0,163884
198,940000	0,177269
198,950000	0,165159
198,960000	0,155598
198,970000	0,190016
198,980000	0,137752
198,990000	0,140302
199,000000	0,143488
199,010000	0,193840
199,020000	0,147950
199,030000	0,145401
199,040000	0,153686
199,050000	0,144763
199,060000	0,161972
199,070000	0,147313
199,080000	0,145401
199,090000	0,142851
199,100000	0,143488
199,110000	0,150499
199,120000	0,147950
199,130000	0,143488
199,140000	0,149862
199,150000	0,150499
199,160000	0,146038
199,170000	0,147950
199,180000	0,144126
199,190000	0,158785
199,200000	0,146675
199,210000	0,154324
199,220000	0,142851
199,230000	0,149225
199,240000	0,144126
199,250000	0,149862
199,260000	0,146675
199,270000	0,147950
199,280000	0,149862
199,290000	0,149862
199,300000	0,149862
199,310000	0,140939
199,320000	0,144126
199,330000	0,153049
199,340000	0,153049
199,350000	0,153686
199,360000	0,152412
199,370000	0,142214
199,380000	0,146038
199,390000	0,154961
199,400000	0,153686
199,410000	0,160697
199,420000	0,149862
199,430000	0,157511
199,440000	0,145401
199,450000	0,144763
199,460000	0,149225
199,470000	0,146675
199,480000	0,146675
199,490000	0,142851
199,500000	0,147313
199,510000	0,151774
199,520000	0,160060
199,530000	0,160060
199,540000	0,148587
199,550000	0,148587
199,560000	0,153049
199,570000	0,145401
199,580000	0,147950
199,590000	0,149225
199,600000	0,144763
199,610000	0,165796
199,620000	0,144763
199,630000	0,168346
199,640000	0,156236
199,650000	0,140302
199,660000	0,161335
199,670000	0,166434
199,680000	0,158148
199,690000	0,154324
199,700000	0,125005
199,710000	0,137752
199,720000	0,165159
199,730000	0,144126
199,740000	0,131379
199,750000	0,123093
199,760000	0,144126
199,770000	0,165159
199,780000	0,142851
199,790000	0,134565
199,800000	0,147950
199,810000	0,148587
199,820000	0,162609
199,830000	0,127554
199,840000	0,144763
199,850000	0,159423
199,860000	0,170258
199,870000	0,130104
199,880000	0,123093
199,890000	0,110983
199,900000	0,121818
199,910000	0,180456
199,920000	0,116719
199,930000	0,172170
199,940000	0,148587
199,950000	0,152412
199,960000	0,158148
199,970000	0,162609
199,980000	0,218060
199,990000	0,149862
200,000000	0,144763
200,010000	0,158785
200,020000	0,146675
200,030000	0,150499
200,040000	0,144126
200,050000	0,121818
200,060000	0,147950
200,070000	0,151774
200,080000	0,153049
200,090000	0,149862
200,100000	0,147313
200,110000	0,155598
200,120000	0,140302
200,130000	0,149225
200,140000	0,153049
200,150000	0,153686
200,160000	0,150499
200,170000	0,151137
200,180000	0,148587
200,190000	0,155598
200,200000	0,151774
200,210000	0,150499
200,220000	0,160060
200,230000	0,157511
200,240000	0,156236
200,250000	0,151137
200,260000	0,124367
200,270000	0,141576
200,280000	0,145401
200,290000	0,147313
200,300000	0,144126
200,310000	0,139664
200,320000	0,148587
200,330000	0,124367
200,340000	0,154324
200,350000	0,140302
200,360000	0,159423
200,370000	0,158785
200,380000	0,184280
200,390000	0,139664
200,400000	0,131379
200,410000	0,160697
200,420000	0,145401
200,430000	0,133291
200,440000	0,144126
200,450000	0,151774
200,460000	0,158148
200,470000	0,158785
200,480000	0,133928
200,490000	0,143488
200,500000	0,146038
200,510000	0,165159
200,520000	0,158148
200,530000	0,160697
200,540000	0,153686
200,550000	0,153049
200,560000	0,156236
200,570000	0,139664
200,580000	0,168346
200,590000	0,160060
200,600000	0,146675
200,610000	0,153049
200,620000	0,166434
200,630000	0,158785
200,640000	0,161335
200,650000	0,157511
200,660000	0,158148
200,670000	0,159423
200,680000	0,146675
200,690000	0,136477
200,700000	0,142851
200,710000	0,156236
200,720000	0,144763
200,730000	0,148587
200,740000	0,197665
200,750000	0,147950
200,760000	0,151774
200,770000	0,137115
200,780000	0,147313
200,790000	0,086126
200,800000	0,149862
200,810000	0,095686
200,820000	0,152412
200,830000	0,144763
200,840000	0,149862
200,850000	0,151774
200,860000	0,124367
200,870000	0,142214
200,880000	0,177269
200,890000	0,147313
200,900000	0,146038
200,910000	0,148587
200,920000	0,150499
200,930000	0,175994
200,940000	0,144763
200,950000	0,146038
200,960000	0,141576
200,970000	0,153686
200,980000	0,156873
200,990000	0,147313
201,000000	0,131379
201,010000	0,148587
201,020000	0,142214
201,030000	0,146675
201,040000	0,145401
201,050000	0,144763
201,060000	0,153049
201,070000	0,154324
201,080000	0,154961
201,090000	0,149862
201,100000	0,145401
201,110000	0,149225
201,120000	0,142214
201,130000	0,153049
201,140000	0,154324
201,150000	0,146038
201,160000	0,144126
201,170000	0,149862
201,180000	0,156236
201,190000	0,137752
201,200000	0,161335
201,210000	0,152412
201,220000	0,152412
201,230000	0,150499
201,240000	0,131379
201,250000	0,123093
201,260000	0,184280
201,270000	0,144763
201,280000	0,139027
201,290000	0,137752
201,300000	0,164522
201,310000	0,141576
201,320000	0,167071
201,330000	0,150499
201,340000	0,161972
201,350000	0,149862
201,360000	0,151774
201,370000	0,130741
201,380000	0,153686
201,390000	0,139664
201,400000	0,145401
201,410000	0,148587
201,420000	0,149225
201,430000	0,147313
201,440000	0,121181
201,450000	0,143488
201,460000	0,157511
201,470000	0,144126
201,480000	0,144763
201,490000	0,117994
201,500000	0,161335
201,510000	0,173445
201,520000	0,145401
201,530000	0,149862
201,540000	0,117994
201,550000	0,157511
201,560000	0,158785
201,570000	0,146038
201,580000	0,140939
201,590000	0,141576
201,600000	0,147313
201,610000	0,123730
201,620000	0,147313
201,630000	0,106521
201,640000	0,158785
201,650000	0,132653
201,660000	0,130104
201,670000	0,131379
201,680000	0,082939
201,690000	0,128829
201,700000	0,112258
201,710000	0,112258
201,720000	0,107159
201,730000	0,167708
201,740000	0,147950
201,750000	0,136477
201,760000	0,119906
201,770000	0,147313
201,780000	0,142851
201,790000	0,157511
201,800000	0,153686
201,810000	0,161335
201,820000	0,162609
201,830000	0,164522
201,840000	0,173445
201,850000	0,157511
201,860000	0,163884
201,870000	0,133291
201,880000	0,158148
201,890000	0,153049
201,900000	0,150499
201,910000	0,158148
201,920000	0,167708
201,930000	0,149225
201,940000	0,154324
201,950000	0,156236
201,960000	0,151774
201,970000	0,129466
201,980000	0,144763
201,990000	0,119906
202,000000	0,151774
202,010000	0,157511
202,020000	0,144126
202,030000	0,163247
202,040000	0,160060
202,050000	0,143488
202,060000	0,142851
202,070000	0,153049
202,080000	0,148587
202,090000	0,158148
202,100000	0,140939
202,110000	0,126917
202,120000	0,147313
202,130000	0,163247
202,140000	0,161335
202,150000	0,137752
202,160000	0,160697
202,170000	0,175357
202,180000	0,151137
202,190000	0,149862
202,200000	0,154961
202,210000	0,155598
202,220000	0,168346
202,230000	0,154961
202,240000	0,137115
202,250000	0,132653
202,260000	0,151774
202,270000	0,154324
202,280000	0,152412
202,290000	0,157511
202,300000	0,156873
202,310000	0,137752
202,320000	0,169620
202,330000	0,149862
202,340000	0,170258
202,350000	0,153049
202,360000	0,121818
202,370000	0,136477
202,380000	0,147950
202,390000	0,153049
202,400000	0,142851
202,410000	0,147950
202,420000	0,147313
202,430000	0,148587
202,440000	0,166434
202,450000	0,144763
202,460000	0,143488
202,470000	0,161335
202,480000	0,178544
202,490000	0,149862
202,500000	0,155598
202,510000	0,161972
202,520000	0,148587
202,530000	0,069554
202,540000	0,136477
202,550000	0,128829
202,560000	0,106521
202,570000	0,147950
202,580000	0,113532
202,590000	0,158785
202,600000	0,174082
202,610000	0,186829
202,620000	0,190016
202,630000	0,134565
202,640000	0,147950
202,650000	0,161972
202,660000	0,160697
202,670000	0,126280
202,680000	0,161972
202,690000	0,149862
202,700000	0,193203
202,710000	0,146038
202,720000	0,140302
202,730000	0,147950
202,740000	0,145401
202,750000	0,130104
202,760000	0,146038
202,770000	0,144763
202,780000	0,145401
202,790000	0,153049
202,800000	0,159423
202,810000	0,133928
202,820000	0,133928
202,830000	0,144126
202,840000	0,152412
202,850000	0,144763
202,860000	0,161972
202,870000	0,133928
202,880000	0,158148
202,890000	0,147313
202,900000	0,147950
202,910000	0,139027
202,920000	0,155598
202,930000	0,147950
202,940000	0,162609
202,950000	0,150499
202,960000	0,151774
202,970000	0,156873
202,980000	0,147950
202,990000	0,143488
203,000000	0,133291
203,010000	0,138390
203,020000	0,140302
203,030000	0,149225
203,040000	0,175357
203,050000	0,139664
203,060000	0,145401
203,070000	0,140939
203,080000	0,149862
203,090000	0,138390
203,100000	0,136477
203,110000	0,149862
203,120000	0,147950
203,130000	0,149225
203,140000	0,143488
203,150000	0,153049
203,160000	0,150499
203,170000	0,155598
203,180000	0,155598
203,190000	0,155598
203,200000	0,165796
203,210000	0,175994
203,220000	0,128192
203,230000	0,158148
203,240000	0,131379
203,250000	0,142214
203,260000	0,183643
203,270000	0,158148
203,280000	0,160697
203,290000	0,158785
203,300000	0,156236
203,310000	0,179818
203,320000	0,150499
203,330000	0,146675
203,340000	0,112258
203,350000	0,149225
203,360000	0,153686
203,370000	0,135840
203,380000	0,118631
203,390000	0,141576
203,400000	0,161972
203,410000	0,156873
203,420000	0,141576
203,430000	0,103334
203,440000	0,147950
203,450000	0,129466
203,460000	0,116082
203,470000	0,139664
203,480000	0,107159
203,490000	0,148587
203,500000	0,156873
203,510000	0,117356
203,520000	0,163884
203,530000	0,109071
203,540000	0,144763
203,550000	0,134565
203,560000	0,164522
203,570000	0,162609
203,580000	0,157511
203,590000	0,153686
203,600000	0,150499
203,610000	0,138390
203,620000	0,159423
203,630000	0,163884
203,640000	0,172170
203,650000	0,140939
203,660000	0,160060
203,670000	0,146038
203,680000	0,158148
203,690000	0,149225
203,700000	0,160697
203,710000	0,154324
203,720000	0,130104
203,730000	0,142851
203,740000	0,147950
203,750000	0,156236
203,760000	0,151137
203,770000	0,154324
203,780000	0,139664
203,790000	0,114170
203,800000	0,137115
203,810000	0,147950
203,820000	0,136477
203,830000	0,159423
203,840000	0,165159
203,850000	0,155598
203,860000	0,149225
203,870000	0,153686
203,880000	0,160060
203,890000	0,169620
203,900000	0,132016
203,910000	0,151774
203,920000	0,156873
203,930000	0,151137
203,940000	0,158148
203,950000	0,167071
203,960000	0,151137
203,970000	0,177269
203,980000	0,149862
203,990000	0,153686
204,000000	0,140939
204,010000	0,150499
204,020000	0,134565
204,030000	0,144763
204,040000	0,118631
204,050000	0,114807
204,060000	0,135840
204,070000	0,133928
204,080000	0,143488
204,090000	0,137115
204,100000	0,149225
204,110000	0,147950
204,120000	0,119906
204,130000	0,150499
204,140000	0,177269
204,150000	0,137752
204,160000	0,155598
204,170000	0,163884
204,180000	0,139027
204,190000	0,161335
204,200000	0,165796
204,210000	0,177906
204,220000	0,174719
204,230000	0,147950
204,240000	0,146675
204,250000	0,137752
204,260000	0,104609
204,270000	0,171533
204,280000	0,176631
204,290000	0,101422
204,300000	0,156873
204,310000	0,082301
204,320000	0,134565
204,330000	0,127554
204,340000	0,149225
204,350000	0,134565
204,360000	0,167708
204,370000	0,138390
204,380000	0,130104
204,390000	0,153686
204,400000	0,121818
204,410000	0,175994
204,420000	0,161972
204,430000	0,198939
204,440000	0,197027
204,450000	0,197665
204,460000	0,183005
204,470000	0,194478
204,480000	0,160697
204,490000	0,174082
204,500000	0,132653
204,510000	0,132016
204,520000	0,154324
204,530000	0,139664
204,540000	0,126280
204,550000	0,122455
204,560000	0,139027
204,570000	0,141576
204,580000	0,131379
204,590000	0,144763
204,600000	0,156873
204,610000	0,142851
204,620000	0,140302
204,630000	0,146038
204,640000	0,149862
204,650000	0,184280
204,660000	0,148587
204,670000	0,156873
204,680000	0,156236
204,690000	0,156873
204,700000	0,143488
204,710000	0,147313
204,720000	0,171533
204,730000	0,137752
204,740000	0,151137
204,750000	0,142851
204,760000	0,161972
204,770000	0,137115
204,780000	0,134565
204,790000	0,152412
204,800000	0,147313
204,810000	0,151774
204,820000	0,131379
204,830000	0,130104
204,840000	0,145401
204,850000	0,169620
204,860000	0,163247
204,870000	0,156873
204,880000	0,130104
204,890000	0,139027
204,900000	0,140302
204,910000	0,153049
204,920000	0,156236
204,930000	0,145401
204,940000	0,148587
204,950000	0,138390
204,960000	0,165159
204,970000	0,181730
204,980000	0,193840
204,990000	0,160697
205,000000	0,154961
205,010000	0,153686
205,020000	0,122455
205,030000	0,158785
205,040000	0,150499
205,050000	0,185555
205,060000	0,145401
205,070000	0,117356
205,080000	0,144763
205,090000	0,149862
205,100000	0,206588
205,110000	0,153049
205,120000	0,178544
205,130000	0,163884
205,140000	0,133928
205,150000	0,144763
205,160000	0,167708
205,170000	0,216786
205,180000	0,151137
205,190000	0,213599
205,200000	0,128829
205,210000	0,132016
205,220000	0,116082
205,230000	0,135203
205,240000	0,140939
205,250000	0,138390
205,260000	0,178544
205,270000	0,167708
205,280000	0,177906
205,290000	0,122455
205,300000	0,160060
205,310000	0,123093
205,320000	0,124367
205,330000	0,104609
205,340000	0,101422
205,350000	0,133291
205,360000	0,151137
205,370000	0,145401
205,380000	0,160060
205,390000	0,160060
205,400000	0,141576
205,410000	0,150499
205,420000	0,147950
205,430000	0,163247
205,440000	0,139664
205,450000	0,153049
205,460000	0,157511
205,470000	0,114170
205,480000	0,161335
205,490000	0,146675
205,500000	0,153686
205,510000	0,154961
205,520000	0,156236
205,530000	0,150499
205,540000	0,157511
205,550000	0,114170
205,560000	0,156873
205,570000	0,145401
205,580000	0,144763
205,590000	0,139664
205,600000	0,154961
205,610000	0,142214
205,620000	0,134565
205,630000	0,153049
205,640000	0,151137
205,650000	0,150499
205,660000	0,158785
205,670000	0,164522
205,680000	0,147313
205,690000	0,141576
205,700000	0,153049
205,710000	0,173445
205,720000	0,147313
205,730000	0,180456
205,740000	0,149862
205,750000	0,142214
205,760000	0,159423
205,770000	0,143488
205,780000	0,137115
205,790000	0,152412
205,800000	0,170895
205,810000	0,144763
205,820000	0,143488
205,830000	0,173445
205,840000	0,152412
205,850000	0,168983
205,860000	0,140302
205,870000	0,122455
205,880000	0,140302
205,890000	0,137115
205,900000	0,103972
205,910000	0,142214
205,920000	0,106521
205,930000	0,156873
205,940000	0,154324
205,950000	0,081027
205,960000	0,155598
205,970000	0,197027
205,980000	0,144126
205,990000	0,141576
206,000000	0,153686
206,010000	0,149862
206,020000	0,147950
206,030000	0,142851
206,040000	0,090587
206,050000	0,140302
206,060000	0,147313
206,070000	0,142851
206,080000	0,146038
206,090000	0,175357
206,100000	0,149862
206,110000	0,134565
206,120000	0,135840
206,130000	0,142851
206,140000	0,131379
206,150000	0,144126
206,160000	0,175357
206,170000	0,139664
206,180000	0,182368
206,190000	0,156236
206,200000	0,168983
206,210000	0,163247
206,220000	0,187467
206,230000	0,174719
206,240000	0,163247
206,250000	0,168346
206,260000	0,160697
206,270000	0,174082
206,280000	0,142214
206,290000	0,169620
206,300000	0,144763
206,310000	0,134565
206,320000	0,137115
206,330000	0,134565
206,340000	0,148587
206,350000	0,135203
206,360000	0,150499
206,370000	0,139664
206,380000	0,145401
206,390000	0,147950
206,400000	0,156236
206,410000	0,142851
206,420000	0,162609
206,430000	0,139664
206,440000	0,150499
206,450000	0,149225
206,460000	0,157511
206,470000	0,151137
206,480000	0,156873
206,490000	0,149225
206,500000	0,147313
206,510000	0,142851
206,520000	0,146038
206,530000	0,136477
206,540000	0,146038
206,550000	0,137752
206,560000	0,147313
206,570000	0,140302
206,580000	0,149862
206,590000	0,147950
206,600000	0,154961
206,610000	0,148587
206,620000	0,154324
206,630000	0,153686
206,640000	0,153686
206,650000	0,158148
206,660000	0,147950
206,670000	0,168346
206,680000	0,153686
206,690000	0,167071
206,700000	0,163884
206,710000	0,150499
206,720000	0,165159
206,730000	0,156873
206,740000	0,167708
206,750000	0,158785
206,760000	0,170895
206,770000	0,160697
206,780000	0,158148
206,790000	0,175994
206,800000	0,152412
206,810000	0,118631
206,820000	0,149862
206,830000	0,147313
206,840000	0,171533
206,850000	0,152412
206,860000	0,118631
206,870000	0,153049
206,880000	0,142851
206,890000	0,144763
206,900000	0,154961
206,910000	0,197665
206,920000	0,147313
206,930000	0,185555
206,940000	0,146675
206,950000	0,151774
206,960000	0,148587
206,970000	0,150499
206,980000	0,131379
206,990000	0,151137
207,000000	0,142214
207,010000	0,140302
207,020000	0,147313
207,030000	0,139027
207,040000	0,138390
207,050000	0,116082
207,060000	0,142851
207,070000	0,149862
207,080000	0,146675
207,090000	0,156236
207,100000	0,146675
207,110000	0,151137
207,120000	0,136477
207,130000	0,146038
207,140000	0,149225
207,150000	0,150499
207,160000	0,156873
207,170000	0,147950
207,180000	0,149225
207,190000	0,150499
207,200000	0,151774
207,210000	0,150499
207,220000	0,158785
207,230000	0,145401
207,240000	0,153049
207,250000	0,151137
207,260000	0,153049
207,270000	0,142851
207,280000	0,149862
207,290000	0,128192
207,300000	0,155598
207,310000	0,139027
207,320000	0,153686
207,330000	0,150499
207,340000	0,147950
207,350000	0,148587
207,360000	0,151137
207,370000	0,146675
207,380000	0,150499
207,390000	0,148587
207,400000	0,160697
207,410000	0,158785
207,420000	0,148587
207,430000	0,153049
207,440000	0,146038
207,450000	0,142214
207,460000	0,146675
207,470000	0,147950
207,480000	0,150499
207,490000	0,147950
207,500000	0,145401
207,510000	0,146038
207,520000	0,148587
207,530000	0,150499
207,540000	0,152412
207,550000	0,144763
207,560000	0,145401
207,570000	0,142214
207,580000	0,142214
207,590000	0,147950
207,600000	0,143488
207,610000	0,150499
207,620000	0,148587
207,630000	0,144763
207,640000	0,143488
207,650000	0,147950
207,660000	0,154324
207,670000	0,149862
207,680000	0,142851
207,690000	0,145401
207,700000	0,147950
207,710000	0,139027
207,720000	0,151774
207,730000	0,143488
207,740000	0,148587
207,750000	0,147313
207,760000	0,147313
207,770000	0,145401
207,780000	0,125005
207,790000	0,151137
207,800000	0,142851
207,810000	0,147313
207,820000	0,149862
207,830000	0,149225
207,840000	0,149225
207,850000	0,146038
207,860000	0,151774
207,870000	0,149862
207,880000	0,147950
207,890000	0,151774
207,900000	0,147950
207,910000	0,151137
207,920000	0,147950
207,930000	0,147313
207,940000	0,150499
207,950000	0,146675
207,960000	0,144763
207,970000	0,150499
207,980000	0,148587
207,990000	0,147950
208,000000	0,150499
208,010000	0,151774
208,020000	0,144126
208,030000	0,147950
208,040000	0,149225
208,050000	0,148587
208,060000	0,151774
208,070000	0,149225
208,080000	0,152412
208,090000	0,149225
208,100000	0,149862
208,110000	0,147313
208,120000	0,150499
208,130000	0,149225
208,140000	0,151774
208,150000	0,146038
208,160000	0,149225
208,170000	0,142851
208,180000	0,148587
208,190000	0,147950
208,200000	0,148587
208,210000	0,148587
208,220000	0,149225
208,230000	0,146675
208,240000	0,147313
208,250000	0,144763
208,260000	0,147950
208,270000	0,148587
208,280000	0,147313
208,290000	0,150499
208,300000	0,147950
208,310000	0,150499
208,320000	0,147950
208,330000	0,150499
208,340000	0,149225
208,350000	0,149225
208,360000	0,150499
208,370000	0,147950
208,380000	0,144763
208,390000	0,144126
208,400000	0,147950
208,410000	0,145401
208,420000	0,150499
208,430000	0,149862
208,440000	0,152412
208,450000	0,147950
208,460000	0,149862
208,470000	0,145401
208,480000	0,150499
208,490000	0,151774
208,500000	0,149862
208,510000	0,149862
208,520000	0,153049
208,530000	0,153049
208,540000	0,148587
208,550000	0,149862
208,560000	0,151137
208,570000	0,148587
208,580000	0,152412
208,590000	0,148587
208,600000	0,153049
208,610000	0,144763
208,620000	0,151774
208,630000	0,154324
208,640000	0,150499
208,650000	0,147950
208,660000	0,149225
208,670000	0,149862
208,680000	0,150499
208,690000	0,149225
208,700000	0,151137
208,710000	0,146038
208,720000	0,147313
208,730000	0,148587
208,740000	0,149225
208,750000	0,149862
208,760000	0,147313
208,770000	0,152412
208,780000	0,151774
208,790000	0,149862
208,800000	0,144763
208,810000	0,152412
208,820000	0,149225
208,830000	0,151137
208,840000	0,147313
208,850000	0,150499
208,860000	0,147950
208,870000	0,151137
208,880000	0,151774
208,890000	0,148587
208,900000	0,149862
208,910000	0,149862
208,920000	0,149225
208,930000	0,150499
208,940000	0,149862
208,950000	0,147313
208,960000	0,151137
208,970000	0,145401
208,980000	0,147313
208,990000	0,147950
209,000000	0,151137
209,010000	0,149862
209,020000	0,147950
209,030000	0,150499
209,040000	0,151774
209,050000	0,148587
209,060000	0,149225
209,070000	0,147950
209,080000	0,153049
209,090000	0,151774
209,100000	0,150499
209,110000	0,147313
209,120000	0,149862
209,130000	0,147313
209,140000	0,151137
209,150000	0,146038
209,160000	0,151774
209,170000	0,146675
209,180000	0,151774
209,190000	0,147950
209,200000	0,153049
209,210000	0,146675
209,220000	0,148587
209,230000	0,147313
209,240000	0,149225
209,250000	0,149862
209,260000	0,151774
209,270000	0,149862
209,280000	0,147950
209,290000	0,149225
209,300000	0,152412
209,310000	0,152412
209,320000	0,151774
209,330000	0,149862
209,340000	0,149225
209,350000	0,147950
209,360000	0,144126
209,370000	0,149225
209,380000	0,148587
209,390000	0,150499
209,400000	0,144126
209,410000	0,154961
209,420000	0,147950
209,430000	0,141576
209,440000	0,146675
209,450000	0,148587
209,460000	0,142851
209,470000	0,147950
209,480000	0,151137
209,490000	0,151774
209,500000	0,146675
209,510000	0,147950
209,520000	0,148587
209,530000	0,147313
209,540000	0,148587
209,550000	0,149862
209,560000	0,149225
209,570000	0,146038
209,580000	0,145401
209,590000	0,146038
209,600000	0,148587
209,610000	0,149862
209,620000	0,143488
209,630000	0,149862
209,640000	0,144763
209,650000	0,149225
209,660000	0,150499
209,670000	0,146675
209,680000	0,146675
209,690000	0,144763
209,700000	0,149225
209,710000	0,150499
209,720000	0,147950
209,730000	0,149225
209,740000	0,145401
209,750000	0,147950
209,760000	0,144126
209,770000	0,147313
209,780000	0,147950
209,790000	0,148587
209,800000	0,149225
209,810000	0,146038
209,820000	0,147313
209,830000	0,151137
209,840000	0,147950
209,850000	0,151137
209,860000	0,149225
209,870000	0,147313
209,880000	0,144763
209,890000	0,146675
209,900000	0,151774
209,910000	0,146675
209,920000	0,147313
209,930000	0,149225
209,940000	0,145401
209,950000	0,147313
209,960000	0,148587
209,970000	0,145401
209,980000	0,148587
209,990000	0,148587
210,000000	0,149862
210,010000	0,147950
210,020000	0,149862
210,030000	0,147950
210,040000	0,147950
210,050000	0,142851
210,060000	0,150499
210,070000	0,144126
210,080000	0,150499
210,090000	0,147313
210,100000	0,149225
210,110000	0,144126
210,120000	0,149862
210,130000	0,149225
210,140000	0,149225
210,150000	0,144763
210,160000	0,147950
210,170000	0,142851
210,180000	0,149225
210,190000	0,146038
210,200000	0,149862
210,210000	0,142214
210,220000	0,148587
210,230000	0,145401
210,240000	0,148587
210,250000	0,144126
210,260000	0,149225
210,270000	0,146038
210,280000	0,149225
210,290000	0,147950
210,300000	0,148587
210,310000	0,148587
210,320000	0,151137
210,330000	0,147313
210,340000	0,153686
210,350000	0,146675
210,360000	0,149862
210,370000	0,149225
210,380000	0,146675
210,390000	0,148587
210,400000	0,145401
210,410000	0,147950
210,420000	0,146675
210,430000	0,149225
210,440000	0,148587
210,450000	0,146675
210,460000	0,150499
210,470000	0,147950
210,480000	0,149862
210,490000	0,149225
210,500000	0,149225
210,510000	0,149225
210,520000	0,152412
210,530000	0,154961
210,540000	0,150499
210,550000	0,153049
210,560000	0,147313
210,570000	0,151774
210,580000	0,150499
210,590000	0,147313
210,600000	0,153049
210,610000	0,149225
210,620000	0,152412
210,630000	0,149862
210,640000	0,150499
210,650000	0,147313
210,660000	0,147950
210,670000	0,150499
210,680000	0,150499
210,690000	0,151774
210,700000	0,151774
210,710000	0,149225
210,720000	0,148587
210,730000	0,147950
210,740000	0,151137
210,750000	0,147950
210,760000	0,147313
210,770000	0,147313
210,780000	0,148587
210,790000	0,147313
210,800000	0,147950
210,810000	0,152412
210,820000	0,153049
210,830000	0,150499
210,840000	0,148587
210,850000	0,148587
210,860000	0,152412
210,870000	0,151137
210,880000	0,151137
210,890000	0,149225
210,900000	0,149862
210,910000	0,147313
210,920000	0,148587
210,930000	0,151137
210,940000	0,150499
210,950000	0,154324
210,960000	0,149225
210,970000	0,149862
210,980000	0,150499
210,990000	0,150499
211,000000	0,151137
211,010000	0,148587
211,020000	0,151137
211,030000	0,148587
211,040000	0,153049
211,050000	0,147950
211,060000	0,153686
211,070000	0,146675
211,080000	0,153049
211,090000	0,147950
211,100000	0,150499
211,110000	0,149862
211,120000	0,149225
211,130000	0,151774
211,140000	0,148587
211,150000	0,151137
211,160000	0,150499
211,170000	0,150499
211,180000	0,147950
211,190000	0,147950
211,200000	0,147313
211,210000	0,149862
211,220000	0,152412
211,230000	0,149862
211,240000	0,148587
211,250000	0,148587
211,260000	0,149225
211,270000	0,147950
211,280000	0,150499
211,290000	0,145401
211,300000	0,147950
211,310000	0,147313
211,320000	0,148587
211,330000	0,146675
211,340000	0,149862
211,350000	0,146675
211,360000	0,149862
211,370000	0,147950
211,380000	0,149225
211,390000	0,148587
211,400000	0,151774
211,410000	0,149225
211,420000	0,150499
211,430000	0,150499
211,440000	0,152412
211,450000	0,145401
211,460000	0,148587
211,470000	0,147950
211,480000	0,149862
211,490000	0,147313
211,500000	0,147313
211,510000	0,150499
211,520000	0,147950
211,530000	0,152412
211,540000	0,150499
211,550000	0,145401
211,560000	0,148587
211,570000	0,149225
211,580000	0,146038
211,590000	0,147313
211,600000	0,146675
211,610000	0,147950
211,620000	0,151137
211,630000	0,147313
211,640000	0,148587
211,650000	0,151774
211,660000	0,148587
211,670000	0,149225
211,680000	0,148587
211,690000	0,147313
211,700000	0,145401
211,710000	0,150499
211,720000	0,146675
211,730000	0,145401
211,740000	0,149225
211,750000	0,146675
211,760000	0,148587
211,770000	0,143488
211,780000	0,147950
211,790000	0,147313
211,800000	0,148587
211,810000	0,144126
211,820000	0,148587
211,830000	0,143488
211,840000	0,147313
211,850000	0,147950
211,860000	0,148587
211,870000	0,147950
211,880000	0,146675
211,890000	0,148587
211,900000	0,143488
211,910000	0,144126
211,920000	0,146675
211,930000	0,144126
211,940000	0,144763
211,950000	0,147313
211,960000	0,147950
211,970000	0,147950
211,980000	0,148587
211,990000	0,148587
212,000000	0,144763
212,010000	0,147313
212,020000	0,146038
212,030000	0,148587
212,040000	0,145401
212,050000	0,150499
212,060000	0,145401
212,070000	0,147950
212,080000	0,149225
212,090000	0,148587
212,100000	0,146675
212,110000	0,146038
212,120000	0,147313
212,130000	0,147313
212,140000	0,148587
212,150000	0,145401
212,160000	0,149862
212,170000	0,142851
212,180000	0,152412
212,190000	0,144763
212,200000	0,149862
212,210000	0,146675
212,220000	0,150499
212,230000	0,144763
212,240000	0,149862
212,250000	0,146038
212,260000	0,146675
212,270000	0,146675
212,280000	0,149225
212,290000	0,142851
212,300000	0,152412
212,310000	0,150499
212,320000	0,149225
212,330000	0,147950
212,340000	0,148587
212,350000	0,149225
212,360000	0,147950
212,370000	0,148587
212,380000	0,150499
212,390000	0,147950
212,400000	0,149862
212,410000	0,147313
212,420000	0,148587
212,430000	0,146038
212,440000	0,150499
212,450000	0,147950
212,460000	0,151774
212,470000	0,150499
212,480000	0,147950
212,490000	0,146675
212,500000	0,150499
212,510000	0,145401
212,520000	0,150499
212,530000	0,146675
212,540000	0,150499
212,550000	0,146038
212,560000	0,149862
212,570000	0,149862
212,580000	0,149862
212,590000	0,145401
212,600000	0,150499
212,610000	0,145401
212,620000	0,153049
212,630000	0,147950
212,640000	0,152412
212,650000	0,150499
212,660000	0,153049
212,670000	0,148587
212,680000	0,149862
212,690000	0,151137
212,700000	0,149862
212,710000	0,148587
212,720000	0,151774
212,730000	0,145401
212,740000	0,151774
212,750000	0,144763
212,760000	0,148587
212,770000	0,147313
212,780000	0,151137
212,790000	0,147950
212,800000	0,146675
212,810000	0,151774
212,820000	0,153049
212,830000	0,150499
212,840000	0,149225
212,850000	0,152412
212,860000	0,148587
212,870000	0,149862
212,880000	0,147950
212,890000	0,148587
212,900000	0,152412
212,910000	0,151137
212,920000	0,146038
212,930000	0,152412
212,940000	0,147950
212,950000	0,153049
212,960000	0,145401
212,970000	0,151774
212,980000	0,146038
212,990000	0,150499
213,000000	0,150499
213,010000	0,149225
213,020000	0,149225
213,030000	0,147950
213,040000	0,149862
213,050000	0,148587
213,060000	0,147950
213,070000	0,147313
213,080000	0,152412
213,090000	0,151774
213,100000	0,148587
213,110000	0,151774
213,120000	0,148587
213,130000	0,147313
213,140000	0,151774
213,150000	0,147950
213,160000	0,149225
213,170000	0,150499
213,180000	0,151137
213,190000	0,149862
213,200000	0,149225
213,210000	0,149225
213,220000	0,150499
213,230000	0,151137
213,240000	0,149225
213,250000	0,149862
213,260000	0,150499
213,270000	0,150499
213,280000	0,148587
213,290000	0,150499
213,300000	0,148587
213,310000	0,146675
213,320000	0,152412
213,330000	0,147313
213,340000	0,147313
213,350000	0,148587
213,360000	0,149862
213,370000	0,149862
213,380000	0,150499
213,390000	0,146675
213,400000	0,151774
213,410000	0,146038
213,420000	0,149862
213,430000	0,149225
213,440000	0,146675
213,450000	0,148587
213,460000	0,151137
213,470000	0,149862
213,480000	0,150499
213,490000	0,148587
213,500000	0,150499
213,510000	0,149862
213,520000	0,147950
213,530000	0,147313
213,540000	0,149225
213,550000	0,147313
213,560000	0,152412
213,570000	0,142851
213,580000	0,149225
213,590000	0,144763
213,600000	0,147950
213,610000	0,145401
213,620000	0,151137
213,630000	0,146675
213,640000	0,147950
213,650000	0,143488
213,660000	0,147313
213,670000	0,147950
213,680000	0,148587
213,690000	0,147313
213,700000	0,150499
213,710000	0,146038
213,720000	0,147950
213,730000	0,146038
213,740000	0,145401
213,750000	0,147313
213,760000	0,147313
213,770000	0,147313
213,780000	0,147950
213,790000	0,147950
213,800000	0,149225
213,810000	0,146038
213,820000	0,152412
213,830000	0,146675
213,840000	0,149225
213,850000	0,146038
213,860000	0,147950
213,870000	0,146675
213,880000	0,146675
213,890000	0,144763
213,900000	0,149862
213,910000	0,147313
213,920000	0,146038
213,930000	0,147950
213,940000	0,146675
213,950000	0,144763
213,960000	0,146675
213,970000	0,144763
213,980000	0,152412
213,990000	0,145401
214,000000	0,146675
214,010000	0,145401
214,020000	0,148587
214,030000	0,147313
214,040000	0,147950
214,050000	0,146038
214,060000	0,147313
214,070000	0,147313
214,080000	0,149225
214,090000	0,146675
214,100000	0,149225
214,110000	0,147950
214,120000	0,150499
214,130000	0,147313
214,140000	0,147313
214,150000	0,148587
214,160000	0,146038
214,170000	0,148587
214,180000	0,145401
214,190000	0,146675
214,200000	0,147313
214,210000	0,146675
214,220000	0,146675
214,230000	0,145401
214,240000	0,147950
214,250000	0,140302
214,260000	0,147950
214,270000	0,144126
214,280000	0,149225
214,290000	0,142851
214,300000	0,147313
214,310000	0,146675
214,320000	0,144763
214,330000	0,146675
214,340000	0,147313
214,350000	0,147950
214,360000	0,147950
214,370000	0,149225
214,380000	0,146038
214,390000	0,147313
214,400000	0,146038
214,410000	0,146675
214,420000	0,147313
214,430000	0,148587
214,440000	0,147950
214,450000	0,148587
214,460000	0,147950
214,470000	0,148587
214,480000	0,146038
214,490000	0,149862
214,500000	0,149862
214,510000	0,150499
214,520000	0,148587
214,530000	0,152412
214,540000	0,148587
214,550000	0,146675
214,560000	0,146038
214,570000	0,147313
214,580000	0,149225
214,590000	0,146675
214,600000	0,144763
214,610000	0,149225
214,620000	0,149225
214,630000	0,149862
214,640000	0,147950
214,650000	0,151774
214,660000	0,144763
214,670000	0,147313
214,680000	0,147950
214,690000	0,146675
214,700000	0,149862
214,710000	0,147950
214,720000	0,147313
214,730000	0,150499
214,740000	0,143488
214,750000	0,151137
214,760000	0,147950
214,770000	0,147950
214,780000	0,146038
214,790000	0,150499
214,800000	0,147950
214,810000	0,148587
214,820000	0,149225
214,830000	0,149862
214,840000	0,147313
214,850000	0,147950
214,860000	0,146675
214,870000	0,150499
214,880000	0,150499
214,890000	0,151137
214,900000	0,147313
214,910000	0,146675
214,920000	0,151137
214,930000	0,146038
214,940000	0,147950
214,950000	0,148587
214,960000	0,147313
214,970000	0,148587
214,980000	0,150499
214,990000	0,149225
215,000000	0,147313
215,010000	0,150499
215,020000	0,147950
215,030000	0,149862
215,040000	0,148587
215,050000	0,147313
215,060000	0,150499
215,070000	0,151774
215,080000	0,146675
215,090000	0,154324
215,100000	0,144763
215,110000	0,147950
215,120000	0,147950
215,130000	0,149225
215,140000	0,149225
215,150000	0,151137
215,160000	0,148587
215,170000	0,149225
215,180000	0,150499
215,190000	0,151137
215,200000	0,149225
215,210000	0,153049
215,220000	0,147313
215,230000	0,151774
215,240000	0,149862
215,250000	0,147950
215,260000	0,151774
215,270000	0,144763
215,280000	0,148587
215,290000	0,149862
215,300000	0,147313
215,310000	0,151137
215,320000	0,147950
215,330000	0,149225
215,340000	0,150499
215,350000	0,147313
215,360000	0,146675
215,370000	0,149225
215,380000	0,145401
215,390000	0,147313
215,400000	0,145401
215,410000	0,149225
215,420000	0,147950
215,430000	0,146038
215,440000	0,149225
215,450000	0,150499
215,460000	0,149862
215,470000	0,149862
215,480000	0,148587
215,490000	0,149225
215,500000	0,147313
215,510000	0,147950
215,520000	0,151137
215,530000	0,145401
215,540000	0,148587
215,550000	0,144763
215,560000	0,149225
215,570000	0,147313
215,580000	0,149225
215,590000	0,150499
215,600000	0,146675
215,610000	0,150499
215,620000	0,148587
215,630000	0,149225
215,640000	0,150499
215,650000	0,147950
215,660000	0,148587
215,670000	0,148587
215,680000	0,148587
215,690000	0,148587
215,700000	0,150499
215,710000	0,146038
215,720000	0,148587
215,730000	0,145401
215,740000	0,151774
215,750000	0,146675
215,760000	0,149862
215,770000	0,144763
215,780000	0,147313
215,790000	0,147950
215,800000	0,149225
215,810000	0,149862
215,820000	0,147950
215,830000	0,147313
215,840000	0,149862
215,850000	0,144763
215,860000	0,149225
215,870000	0,146675
215,880000	0,151137
215,890000	0,147950
215,900000	0,151137
215,910000	0,144126
215,920000	0,150499
215,930000	0,144126
215,940000	0,148587
215,950000	0,147313
215,960000	0,148587
215,970000	0,146038
215,980000	0,150499
215,990000	0,146038
216,000000	0,145401
216,010000	0,149225
216,020000	0,146675
216,030000	0,144763
216,040000	0,149225
216,050000	0,144126
216,060000	0,150499
216,070000	0,144126
216,080000	0,146675
216,090000	0,145401
216,100000	0,149225
216,110000	0,146038
216,120000	0,147313
216,130000	0,146038
216,140000	0,146675
216,150000	0,147313
216,160000	0,146675
216,170000	0,144126
216,180000	0,147950
216,190000	0,146038
216,200000	0,147313
216,210000	0,146038
216,220000	0,147313
216,230000	0,144763
216,240000	0,149225
216,250000	0,146675
216,260000	0,146675
216,270000	0,147950
216,280000	0,146038
216,290000	0,147950
216,300000	0,143488
216,310000	0,146675
216,320000	0,146675
216,330000	0,147950
216,340000	0,148587
216,350000	0,147950
216,360000	0,146038
216,370000	0,147950
216,380000	0,147313
216,390000	0,146675
216,400000	0,147950
216,410000	0,149862
216,420000	0,144763
216,430000	0,147950
216,440000	0,146675
216,450000	0,145401
216,460000	0,147950
216,470000	0,147950
216,480000	0,150499
216,490000	0,147313
216,500000	0,146038
216,510000	0,147313
216,520000	0,147950
216,530000	0,147950
216,540000	0,149862
216,550000	0,147950
216,560000	0,145401
216,570000	0,147950
216,580000	0,149225
216,590000	0,148587
216,600000	0,149225
216,610000	0,146675
216,620000	0,148587
216,630000	0,147313
216,640000	0,146675
216,650000	0,149225
216,660000	0,149225
216,670000	0,147313
216,680000	0,146038
216,690000	0,147313
216,700000	0,145401
216,710000	0,149862
216,720000	0,147950
216,730000	0,147950
216,740000	0,147313
216,750000	0,149862
216,760000	0,149225
216,770000	0,148587
216,780000	0,149862
216,790000	0,145401
216,800000	0,148587
216,810000	0,149225
216,820000	0,147950
216,830000	0,149225
216,840000	0,149862
216,850000	0,149225
216,860000	0,146675
216,870000	0,151774
216,880000	0,147950
216,890000	0,147313
216,900000	0,149862
216,910000	0,147950
216,920000	0,148587
216,930000	0,148587
216,940000	0,149862
216,950000	0,149862
216,960000	0,148587
216,970000	0,146038
216,980000	0,147950
216,990000	0,148587
217,000000	0,146675
217,010000	0,150499
217,020000	0,149862
217,030000	0,146038
217,040000	0,151137
217,050000	0,147950
217,060000	0,151137
217,070000	0,147950
217,080000	0,151137
217,090000	0,145401
217,100000	0,153049
217,110000	0,147313
217,120000	0,152412
217,130000	0,147950
217,140000	0,150499
217,150000	0,149862
217,160000	0,149862
217,170000	0,149862
217,180000	0,149225
217,190000	0,151774
217,200000	0,150499
217,210000	0,147950
217,220000	0,148587
217,230000	0,150499
217,240000	0,148587
217,250000	0,149862
217,260000	0,150499
217,270000	0,150499
217,280000	0,147950
217,290000	0,152412
217,300000	0,148587
217,310000	0,149862
217,320000	0,149225
217,330000	0,149862
217,340000	0,150499
217,350000	0,149225
217,360000	0,149225
217,370000	0,149225
217,380000	0,149225
217,390000	0,146038
217,400000	0,153049
217,410000	0,149225
217,420000	0,152412
217,430000	0,148587
217,440000	0,148587
217,450000	0,149862
217,460000	0,151137
217,470000	0,147950
217,480000	0,149862
217,490000	0,148587
217,500000	0,150499
217,510000	0,148587
217,520000	0,151137
217,530000	0,150499
217,540000	0,147950
217,550000	0,146038
217,560000	0,147950
217,570000	0,152412
217,580000	0,149862
217,590000	0,145401
217,600000	0,151774
217,610000	0,147313
217,620000	0,151774
217,630000	0,147950
217,640000	0,149225
217,650000	0,143488
217,660000	0,150499
217,670000	0,145401
217,680000	0,149225
217,690000	0,143488
217,700000	0,152412
217,710000	0,145401
217,720000	0,150499
217,730000	0,149862
217,740000	0,146675
217,750000	0,149225
217,760000	0,148587
217,770000	0,146675
217,780000	0,147950
217,790000	0,147950
217,800000	0,149225
217,810000	0,148587
217,820000	0,151137
217,830000	0,149862
217,840000	0,149225
217,850000	0,147313
217,860000	0,149225
217,870000	0,146675
217,880000	0,147313
217,890000	0,147950
217,900000	0,149225
217,910000	0,145401
217,920000	0,147313
217,930000	0,147313
217,940000	0,145401
217,950000	0,147950
217,960000	0,147313
217,970000	0,148587
217,980000	0,147950
217,990000	0,147313
218,000000	0,151774
218,010000	0,147313
218,020000	0,144763
218,030000	0,148587
218,040000	0,147313
218,050000	0,147313
218,060000	0,147313
218,070000	0,144763
218,080000	0,146675
218,090000	0,146038
218,100000	0,147313
218,110000	0,146675
218,120000	0,145401
218,130000	0,145401
218,140000	0,144763
218,150000	0,147313
218,160000	0,147313
218,170000	0,150499
218,180000	0,149225
218,190000	0,146675
218,200000	0,148587
218,210000	0,143488
218,220000	0,147950
218,230000	0,147950
218,240000	0,147313
218,250000	0,149225
218,260000	0,147313
218,270000	0,144763
218,280000	0,148587
218,290000	0,147950
218,300000	0,145401
218,310000	0,146675
218,320000	0,147313
218,330000	0,147313
218,340000	0,147313
218,350000	0,146675
218,360000	0,147950
218,370000	0,144763
218,380000	0,146675
218,390000	0,144763
218,400000	0,149225
218,410000	0,147313
218,420000	0,147950
218,430000	0,144763
218,440000	0,148587
218,450000	0,146675
218,460000	0,146675
218,470000	0,145401
218,480000	0,145401
218,490000	0,147950
218,500000	0,147313
218,510000	0,146038
218,520000	0,147950
218,530000	0,147313
218,540000	0,147950
218,550000	0,147950
218,560000	0,147950
218,570000	0,146038
218,580000	0,148587
218,590000	0,148587
218,600000	0,146675
218,610000	0,148587
218,620000	0,149862
218,630000	0,147313
218,640000	0,146038
218,650000	0,147313
218,660000	0,147313
218,670000	0,148587
218,680000	0,149862
218,690000	0,147313
218,700000	0,149862
218,710000	0,147950
218,720000	0,149862
218,730000	0,146675
218,740000	0,143488
218,750000	0,148587
218,760000	0,149225
218,770000	0,147313
218,780000	0,147950
218,790000	0,149225
218,800000	0,147950
218,810000	0,147313
218,820000	0,148587
218,830000	0,146675
218,840000	0,147313
218,850000	0,146038
218,860000	0,147313
218,870000	0,146675
218,880000	0,150499
218,890000	0,147313
218,900000	0,150499
218,910000	0,146038
218,920000	0,152412
218,930000	0,146038
218,940000	0,149225
218,950000	0,147313
218,960000	0,151774
218,970000	0,146675
218,980000	0,150499
218,990000	0,148587
219,000000	0,151137
219,010000	0,147950
219,020000	0,151137
219,030000	0,148587
219,040000	0,148587
219,050000	0,146675
219,060000	0,148587
219,070000	0,147950
219,080000	0,147313
219,090000	0,148587
219,100000	0,147950
219,110000	0,145401
219,120000	0,151137
219,130000	0,146038
219,140000	0,150499
219,150000	0,144763
219,160000	0,148587
219,170000	0,147313
219,180000	0,150499
219,190000	0,148587
219,200000	0,150499
219,210000	0,148587
219,220000	0,149225
219,230000	0,144763
219,240000	0,151774
219,250000	0,147313
219,260000	0,150499
219,270000	0,147313
219,280000	0,151774
219,290000	0,151137
219,300000	0,150499
219,310000	0,150499
219,320000	0,151774
219,330000	0,146038
219,340000	0,149225
219,350000	0,147313
219,360000	0,152412
219,370000	0,147313
219,380000	0,150499
219,390000	0,150499
219,400000	0,148587
219,410000	0,148587
219,420000	0,151774
219,430000	0,146675
219,440000	0,149862
219,450000	0,149225
219,460000	0,151137
219,470000	0,147950
219,480000	0,150499
219,490000	0,148587
219,500000	0,149225
219,510000	0,146038
219,520000	0,153686
219,530000	0,146675
219,540000	0,152412
219,550000	0,144126
219,560000	0,147950
219,570000	0,147950
219,580000	0,150499
219,590000	0,146038
219,600000	0,149225
219,610000	0,147950
219,620000	0,150499
219,630000	0,147313
219,640000	0,149862
219,650000	0,147950
219,660000	0,148587
219,670000	0,149862
219,680000	0,149225
219,690000	0,149862
219,700000	0,147313
219,710000	0,147950
219,720000	0,149862
219,730000	0,149225
219,740000	0,149862
219,750000	0,147950
219,760000	0,147313
219,770000	0,150499
219,780000	0,149225
219,790000	0,146675
219,800000	0,147313
219,810000	0,147313
219,820000	0,148587
219,830000	0,147950
219,840000	0,149225
219,850000	0,148587
219,860000	0,151774
219,870000	0,149225
219,880000	0,147950
219,890000	0,148587
219,900000	0,148587
219,910000	0,147950
219,920000	0,149862
219,930000	0,144763
219,940000	0,147950
219,950000	0,146675
219,960000	0,151774
219,970000	0,147313
219,980000	0,145401
219,990000	0,147950
220,000000	0,147313
220,010000	0,144763
220,020000	0,150499
220,030000	0,147313
220,040000	0,150499
220,050000	0,146675
220,060000	0,146675
220,070000	0,144763
220,080000	0,149225
220,090000	0,145401
220,100000	0,146675
220,110000	0,145401
220,120000	0,149862
220,130000	0,146038
220,140000	0,149225
220,150000	0,144763
220,160000	0,146675
220,170000	0,144126
220,180000	0,147950
220,190000	0,147950
220,200000	0,147950
220,210000	0,150499
220,220000	0,147313
220,230000	0,150499
220,240000	0,148587
220,250000	0,147950
220,260000	0,147950
220,270000	0,147313
220,280000	0,147313
220,290000	0,146675
220,300000	0,145401
220,310000	0,145401
220,320000	0,146675
220,330000	0,147313
220,340000	0,145401
220,350000	0,146038
220,360000	0,145401
220,370000	0,148587
220,380000	0,145401
220,390000	0,145401
220,400000	0,147950
220,410000	0,143488
220,420000	0,146675
220,430000	0,147313
220,440000	0,147950
220,450000	0,148587
220,460000	0,149225
220,470000	0,146038
220,480000	0,146675
220,490000	0,149225
220,500000	0,146038
220,510000	0,146675
220,520000	0,148587
220,530000	0,147313
220,540000	0,149225
220,550000	0,146675
220,560000	0,147950
220,570000	0,145401
220,580000	0,150499
220,590000	0,143488
220,600000	0,146675
220,610000	0,142851
220,620000	0,149225
220,630000	0,147313
220,640000	0,147950
220,650000	0,148587
220,660000	0,148587
220,670000	0,147950
220,680000	0,145401
220,690000	0,142851
220,700000	0,150499
220,710000	0,147950
220,720000	0,145401
220,730000	0,147950
220,740000	0,149862
220,750000	0,147313
220,760000	0,148587
220,770000	0,146675
220,780000	0,146675
220,790000	0,147313
220,800000	0,147950
220,810000	0,146038
220,820000	0,147313
220,830000	0,145401
220,840000	0,147313
220,850000	0,147950
220,860000	0,150499
220,870000	0,149862
220,880000	0,149862
220,890000	0,144763
220,900000	0,150499
220,910000	0,146675
220,920000	0,149225
220,930000	0,145401
220,940000	0,149862
220,950000	0,147950
220,960000	0,149862
220,970000	0,148587
220,980000	0,151137
220,990000	0,147313
221,000000	0,149862
221,010000	0,146038
221,020000	0,147950
221,030000	0,144763
221,040000	0,149862
221,050000	0,142851
221,060000	0,149225
221,070000	0,142851
221,080000	0,151137
221,090000	0,146038
221,100000	0,146675
221,110000	0,144126
221,120000	0,150499
221,130000	0,147950
221,140000	0,149862
221,150000	0,147950
221,160000	0,150499
221,170000	0,146675
221,180000	0,151774
221,190000	0,149862
221,200000	0,151137
221,210000	0,151137
221,220000	0,149862
221,230000	0,150499
221,240000	0,150499
221,250000	0,148587
221,260000	0,149225
221,270000	0,149862
221,280000	0,148587
221,290000	0,146675
221,300000	0,151137
221,310000	0,148587
221,320000	0,147950
221,330000	0,149862
221,340000	0,146675
221,350000	0,153049
221,360000	0,148587
221,370000	0,149862
221,380000	0,148587
221,390000	0,150499
221,400000	0,150499
221,410000	0,151137
221,420000	0,146675
221,430000	0,147950
221,440000	0,149225
221,450000	0,149862
221,460000	0,149862
221,470000	0,146038
221,480000	0,149862
221,490000	0,146038
221,500000	0,150499
221,510000	0,147950
221,520000	0,147313
221,530000	0,147313
221,540000	0,147950
221,550000	0,146675
221,560000	0,150499
221,570000	0,149862
221,580000	0,148587
221,590000	0,147950
221,600000	0,147313
221,610000	0,146675
221,620000	0,145401
221,630000	0,147950
221,640000	0,149862
221,650000	0,147313
221,660000	0,151774
221,670000	0,150499
221,680000	0,151774
221,690000	0,149225
221,700000	0,151774
221,710000	0,151137
221,720000	0,147950
221,730000	0,147950
221,740000	0,149862
221,750000	0,148587
221,760000	0,150499
221,770000	0,146675
221,780000	0,150499
221,790000	0,147950
221,800000	0,146675
221,810000	0,146038
221,820000	0,146675
221,830000	0,146675
221,840000	0,148587
221,850000	0,144763
221,860000	0,150499
221,870000	0,148587
221,880000	0,151774
221,890000	0,149862
221,900000	0,149225
221,910000	0,147950
221,920000	0,147313
221,930000	0,146038
221,940000	0,150499
221,950000	0,147313
221,960000	0,150499
221,970000	0,146675
221,980000	0,149225
221,990000	0,147313
222,000000	0,148587
222,010000	0,147313
222,020000	0,150499
222,030000	0,147313
222,040000	0,149225
222,050000	0,144763
222,060000	0,147313
222,070000	0,148587
222,080000	0,146675
222,090000	0,149225
222,100000	0,145401
222,110000	0,150499
222,120000	0,147950
222,130000	0,147950
222,140000	0,148587
222,150000	0,147950
222,160000	0,146675
222,170000	0,145401
222,180000	0,144126
222,190000	0,149225
222,200000	0,147313
222,210000	0,145401
222,220000	0,146675
222,230000	0,147313
222,240000	0,147313
222,250000	0,144126
222,260000	0,146038
222,270000	0,146038
222,280000	0,147950
222,290000	0,147950
222,300000	0,149225
222,310000	0,144126
222,320000	0,149225
222,330000	0,144126
222,340000	0,149225
222,350000	0,147313
222,360000	0,146038
222,370000	0,146675
222,380000	0,146675
222,390000	0,144126
222,400000	0,145401
222,410000	0,145401
222,420000	0,147950
222,430000	0,143488
222,440000	0,150499
222,450000	0,144126
222,460000	0,147950
222,470000	0,146675
222,480000	0,147313
222,490000	0,144763
222,500000	0,148587
222,510000	0,147313
222,520000	0,147313
222,530000	0,147313
222,540000	0,147950
222,550000	0,146675
222,560000	0,145401
222,570000	0,147313
222,580000	0,143488
222,590000	0,145401
222,600000	0,147313
222,610000	0,142851
222,620000	0,148587
222,630000	0,145401
222,640000	0,149225
222,650000	0,142214
222,660000	0,149225
222,670000	0,144763
222,680000	0,147950
222,690000	0,147313
222,700000	0,146038
222,710000	0,146038
222,720000	0,146038
222,730000	0,142214
222,740000	0,145401
222,750000	0,144763
222,760000	0,150499
222,770000	0,146675
222,780000	0,148587
222,790000	0,145401
222,800000	0,149225
222,810000	0,147313
222,820000	0,149225
222,830000	0,145401
222,840000	0,151774
222,850000	0,146038
222,860000	0,151774
222,870000	0,145401
222,880000	0,150499
222,890000	0,144126
222,900000	0,151137
222,910000	0,147950
222,920000	0,150499
222,930000	0,146675
222,940000	0,150499
222,950000	0,144763
222,960000	0,151774
222,970000	0,144763
222,980000	0,148587
222,990000	0,145401
223,000000	0,150499
223,010000	0,144763
223,020000	0,153049
223,030000	0,144763
223,040000	0,150499
223,050000	0,144763
223,060000	0,149862
223,070000	0,147950
223,080000	0,150499
223,090000	0,145401
223,100000	0,150499
223,110000	0,144763
223,120000	0,151137
223,130000	0,145401
223,140000	0,147950
223,150000	0,147313
223,160000	0,147313
223,170000	0,148587
223,180000	0,150499
223,190000	0,147950
223,200000	0,150499
223,210000	0,146675
223,220000	0,149862
223,230000	0,150499
223,240000	0,149225
223,250000	0,147950
223,260000	0,149862
223,270000	0,149862
223,280000	0,150499
223,290000	0,146675
223,300000	0,150499
223,310000	0,148587
223,320000	0,149862
223,330000	0,149225
223,340000	0,152412
223,350000	0,147950
223,360000	0,147950
223,370000	0,147313
223,380000	0,149862
223,390000	0,147313
223,400000	0,151137
223,410000	0,149225
223,420000	0,150499
223,430000	0,146675
223,440000	0,151137
223,450000	0,148587
223,460000	0,148587
223,470000	0,140939
223,480000	0,152412
223,490000	0,147313
223,500000	0,150499
223,510000	0,144763
223,520000	0,151774
223,530000	0,147950
223,540000	0,152412
223,550000	0,150499
223,560000	0,150499
223,570000	0,149862
223,580000	0,148587
223,590000	0,145401
223,600000	0,150499
223,610000	0,150499
223,620000	0,150499
223,630000	0,146675
223,640000	0,149862
223,650000	0,149225
223,660000	0,148587
223,670000	0,147950
223,680000	0,146675
223,690000	0,144763
223,700000	0,149225
223,710000	0,147950
223,720000	0,149225
223,730000	0,149862
223,740000	0,147313
223,750000	0,149225
223,760000	0,151774
223,770000	0,144126
223,780000	0,151137
223,790000	0,147950
223,800000	0,148587
223,810000	0,147313
223,820000	0,149225
223,830000	0,147950
223,840000	0,150499
223,850000	0,149225
223,860000	0,147950
223,870000	0,147950
223,880000	0,150499
223,890000	0,147950
223,900000	0,149225
223,910000	0,147313
223,920000	0,151774
223,930000	0,149225
223,940000	0,151774
223,950000	0,147313
223,960000	0,148587
223,970000	0,148587
223,980000	0,149862
223,990000	0,146038
224,000000	0,153049
224,010000	0,145401
224,020000	0,153049
224,030000	0,144763
224,040000	0,150499
224,050000	0,144126
224,060000	0,153049
224,070000	0,145401
224,080000	0,150499
224,090000	0,144763
224,100000	0,148587
224,110000	0,142214
224,120000	0,148587
224,130000	0,144126
224,140000	0,148587
224,150000	0,146038
224,160000	0,149225
224,170000	0,145401
224,180000	0,144763
224,190000	0,146038
224,200000	0,149862
224,210000	0,146675
224,220000	0,146675
224,230000	0,147313
224,240000	0,147313
224,250000	0,147313
224,260000	0,146675
224,270000	0,148587
224,280000	0,147950
224,290000	0,144126
224,300000	0,144763
224,310000	0,147313
224,320000	0,147313
224,330000	0,147313
224,340000	0,147313
224,350000	0,146675
224,360000	0,149225
224,370000	0,144763
224,380000	0,149225
224,390000	0,144126
224,400000	0,147950
224,410000	0,146038
224,420000	0,149862
224,430000	0,144763
224,440000	0,149225
224,450000	0,141576
224,460000	0,151774
224,470000	0,142851
224,480000	0,153049
224,490000	0,143488
224,500000	0,151137
224,510000	0,142851
224,520000	0,148587
224,530000	0,142851
224,540000	0,147313
224,550000	0,144126
224,560000	0,151137
224,570000	0,142214
224,580000	0,149225
224,590000	0,143488
224,600000	0,149862
224,610000	0,144763
224,620000	0,147950
224,630000	0,145401
224,640000	0,147313
224,650000	0,144763
224,660000	0,149225
224,670000	0,144763
224,680000	0,148587
224,690000	0,144126
224,700000	0,147313
224,710000	0,146675
224,720000	0,147313
224,730000	0,148587
224,740000	0,147950
224,750000	0,145401
224,760000	0,146675
224,770000	0,145401
224,780000	0,147950
224,790000	0,147313
224,800000	0,147313
224,810000	0,146038
224,820000	0,149862
224,830000	0,147313
224,840000	0,149862
224,850000	0,147313
224,860000	0,146675
224,870000	0,146675
224,880000	0,144126
224,890000	0,146675
224,900000	0,147950
224,910000	0,149225
224,920000	0,148587
224,930000	0,144126
224,940000	0,148587
224,950000	0,146038
224,960000	0,151774
224,970000	0,146038
224,980000	0,147950
224,990000	0,146675
225,000000	0,149225
225,010000	0,151137
225,020000	0,147950
225,030000	0,144126
225,040000	0,147313
225,050000	0,147313
225,060000	0,149862
225,070000	0,147313
225,080000	0,146038
225,090000	0,146675
225,100000	0,146675
225,110000	0,146675
225,120000	0,149225
225,130000	0,148587
225,140000	0,149225
225,150000	0,150499
225,160000	0,147950
225,170000	0,147950
225,180000	0,149862
225,190000	0,151137
225,200000	0,151774
225,210000	0,148587
225,220000	0,147950
225,230000	0,147313
225,240000	0,149225
225,250000	0,146675
225,260000	0,149225
225,270000	0,148587
225,280000	0,151137
225,290000	0,148587
225,300000	0,149862
225,310000	0,147950
225,320000	0,147313
225,330000	0,147950
225,340000	0,147313
225,350000	0,149862
225,360000	0,146675
225,370000	0,146675
225,380000	0,147950
225,390000	0,149862
225,400000	0,147313
225,410000	0,149225
225,420000	0,146675
225,430000	0,150499
225,440000	0,149862
225,450000	0,151137
225,460000	0,151774
225,470000	0,150499
225,480000	0,149225
225,490000	0,149225
225,500000	0,149225
225,510000	0,149862
225,520000	0,147950
225,530000	0,147313
225,540000	0,151774
225,550000	0,146675
225,560000	0,146675
225,570000	0,151137
225,580000	0,147950
225,590000	0,148587
225,600000	0,148587
225,610000	0,147950
225,620000	0,149225
225,630000	0,147950
225,640000	0,150499
225,650000	0,147950
225,660000	0,149225
225,670000	0,150499
225,680000	0,152412
225,690000	0,147950
225,700000	0,151774
225,710000	0,148587
225,720000	0,152412
225,730000	0,147950
225,740000	0,153049
225,750000	0,148587
225,760000	0,149225
225,770000	0,149225
225,780000	0,149225
225,790000	0,149862
225,800000	0,149862
225,810000	0,150499
225,820000	0,149862
225,830000	0,149862
225,840000	0,148587
225,850000	0,148587
225,860000	0,149862
225,870000	0,146675
225,880000	0,145401
225,890000	0,146675
225,900000	0,150499
225,910000	0,150499
225,920000	0,146675
225,930000	0,147950
225,940000	0,149225
225,950000	0,150499
225,960000	0,148587
225,970000	0,148587
225,980000	0,147950
225,990000	0,150499
226,000000	0,148587
226,010000	0,150499
226,020000	0,150499
226,030000	0,146675
226,040000	0,143488
226,050000	0,149862
226,060000	0,147950
226,070000	0,149862
226,080000	0,146675
226,090000	0,147313
226,100000	0,149225
226,110000	0,149225
226,120000	0,147950
226,130000	0,146038
226,140000	0,145401
226,150000	0,146675
226,160000	0,148587
226,170000	0,147313
226,180000	0,147313
226,190000	0,149225
226,200000	0,146038
226,210000	0,150499
226,220000	0,146038
226,230000	0,147950
226,240000	0,147313
226,250000	0,146038
226,260000	0,144126
226,270000	0,145401
226,280000	0,145401
226,290000	0,145401
226,300000	0,147313
226,310000	0,144763
226,320000	0,145401
226,330000	0,146675
226,340000	0,147313
226,350000	0,148587
226,360000	0,147950
226,370000	0,149862
226,380000	0,148587
226,390000	0,144763
226,400000	0,147950
226,410000	0,145401
226,420000	0,148587
226,430000	0,145401
226,440000	0,148587
226,450000	0,145401
226,460000	0,147950
226,470000	0,144126
226,480000	0,148587
226,490000	0,147313
226,500000	0,147950
226,510000	0,146038
226,520000	0,147950
226,530000	0,144126
226,540000	0,146038
226,550000	0,145401
226,560000	0,147950
226,570000	0,146038
226,580000	0,148587
226,590000	0,146038
226,600000	0,146675
226,610000	0,145401
226,620000	0,147950
226,630000	0,143488
226,640000	0,147313
226,650000	0,147950
226,660000	0,148587
226,670000	0,146675
226,680000	0,150499
226,690000	0,146038
226,700000	0,147950
226,710000	0,144763
226,720000	0,147950
226,730000	0,146038
226,740000	0,147313
226,750000	0,146038
226,760000	0,148587
226,770000	0,147313
226,780000	0,146675
226,790000	0,147950
226,800000	0,146675
226,810000	0,149225
226,820000	0,142851
226,830000	0,149225
226,840000	0,145401
226,850000	0,145401
226,860000	0,146038
226,870000	0,146038
226,880000	0,146675
226,890000	0,146038
226,900000	0,148587
226,910000	0,146675
226,920000	0,145401
226,930000	0,146675
226,940000	0,146675
226,950000	0,146038
226,960000	0,150499
226,970000	0,147950
226,980000	0,147950
226,990000	0,146675
227,000000	0,147313
227,010000	0,147950
227,020000	0,149225
227,030000	0,148587
227,040000	0,144126
227,050000	0,147950
227,060000	0,146675
227,070000	0,144763
227,080000	0,145401
227,090000	0,147313
227,100000	0,151137
227,110000	0,146675
227,120000	0,147950
227,130000	0,150499
227,140000	0,149225
227,150000	0,147950
227,160000	0,148587
227,170000	0,151774
227,180000	0,144763
227,190000	0,149862
227,200000	0,145401
227,210000	0,149862
227,220000	0,143488
227,230000	0,150499
227,240000	0,147950
227,250000	0,147950
227,260000	0,146675
227,270000	0,149862
227,280000	0,147313
227,290000	0,150499
227,300000	0,146675
227,310000	0,150499
227,320000	0,147313
227,330000	0,148587
227,340000	0,147313
227,350000	0,147313
227,360000	0,147313
227,370000	0,147950
227,380000	0,149225
227,390000	0,146675
227,400000	0,147313
227,410000	0,146675
227,420000	0,147950
227,430000	0,148587
227,440000	0,147950
227,450000	0,147313
227,460000	0,149862
227,470000	0,145401
227,480000	0,151137
227,490000	0,149225
227,500000	0,149862
227,510000	0,147313
227,520000	0,146675
227,530000	0,147950
227,540000	0,149862
227,550000	0,146675
227,560000	0,149225
227,570000	0,146038
227,580000	0,153049
227,590000	0,146038
227,600000	0,153049
227,610000	0,148587
227,620000	0,150499
227,630000	0,147313
227,640000	0,150499
227,650000	0,145401
227,660000	0,148587
227,670000	0,147950
227,680000	0,149862
227,690000	0,148587
227,700000	0,147313
227,710000	0,149862
227,720000	0,149862
227,730000	0,147313
227,740000	0,146675
227,750000	0,146675
227,760000	0,151137
227,770000	0,146675
227,780000	0,151137
227,790000	0,147313
227,800000	0,150499
227,810000	0,145401
227,820000	0,150499
227,830000	0,146675
227,840000	0,150499
227,850000	0,147313
227,860000	0,149225
227,870000	0,149862
227,880000	0,150499
227,890000	0,146038
227,900000	0,146038
227,910000	0,147313
227,920000	0,149862
227,930000	0,147313
227,940000	0,147313
227,950000	0,148587
227,960000	0,148587
227,970000	0,148587
227,980000	0,150499
227,990000	0,149225
228,000000	0,149862
228,010000	0,146675
228,020000	0,147950
228,030000	0,149225
228,040000	0,146675
228,050000	0,149862
228,060000	0,147950
228,070000	0,148587
228,080000	0,146675
228,090000	0,150499
228,100000	0,147313
228,110000	0,147950
228,120000	0,148587
228,130000	0,144763
228,140000	0,147950
228,150000	0,149862
228,160000	0,149225
228,170000	0,145401
228,180000	0,145401
228,190000	0,147313
228,200000	0,146675
228,210000	0,147313
228,220000	0,149862
228,230000	0,144763
228,240000	0,147313
228,250000	0,147313
228,260000	0,147950
228,270000	0,147950
228,280000	0,147950
228,290000	0,144763
228,300000	0,149862
228,310000	0,144763
228,320000	0,147950
228,330000	0,146038
228,340000	0,149862
228,350000	0,147313
228,360000	0,147950
228,370000	0,144126
228,380000	0,150499
228,390000	0,144763
228,400000	0,150499
228,410000	0,146038
228,420000	0,149225
228,430000	0,144763
228,440000	0,149225
228,450000	0,144763
228,460000	0,149862
228,470000	0,143488
228,480000	0,148587
228,490000	0,143488
228,500000	0,147313
228,510000	0,146675
228,520000	0,144763
228,530000	0,145401
228,540000	0,147950
228,550000	0,147313
228,560000	0,144126
228,570000	0,145401
228,580000	0,145401
228,590000	0,147950
228,600000	0,146675
228,610000	0,144763
228,620000	0,146038
228,630000	0,146675
228,640000	0,146038
228,650000	0,144763
228,660000	0,147950
228,670000	0,145401
228,680000	0,147313
228,690000	0,144126
228,700000	0,146675
228,710000	0,146038
228,720000	0,147313
228,730000	0,145401
228,740000	0,143488
228,750000	0,144763
228,760000	0,147313
228,770000	0,146038
228,780000	0,146038
228,790000	0,144126
228,800000	0,144126
228,810000	0,146675
228,820000	0,149225
228,830000	0,145401
228,840000	0,145401
228,850000	0,144126
228,860000	0,148587
228,870000	0,143488
228,880000	0,146675
228,890000	0,146038
228,900000	0,147950
228,910000	0,143488
228,920000	0,147313
228,930000	0,146038
228,940000	0,149225
228,950000	0,142851
228,960000	0,147950
228,970000	0,144763
228,980000	0,147950
228,990000	0,144763
229,000000	0,146675
229,010000	0,146675
229,020000	0,148587
229,030000	0,147313
229,040000	0,147313
229,050000	0,147313
229,060000	0,150499
229,070000	0,146675
229,080000	0,147950
229,090000	0,147313
229,100000	0,147950
229,110000	0,147313
229,120000	0,147313
229,130000	0,146675
229,140000	0,147950
229,150000	0,146038
229,160000	0,149862
229,170000	0,146038
229,180000	0,150499
229,190000	0,147313
229,200000	0,149862
229,210000	0,147950
229,220000	0,147950
229,230000	0,148587
229,240000	0,147313
229,250000	0,147950
229,260000	0,147950
229,270000	0,148587
229,280000	0,146675
229,290000	0,147950
229,300000	0,148587
229,310000	0,146675
229,320000	0,148587
229,330000	0,147950
229,340000	0,146675
229,350000	0,148587
229,360000	0,147950
229,370000	0,146675
229,380000	0,150499
229,390000	0,144763
229,400000	0,149225
229,410000	0,147313
229,420000	0,150499
229,430000	0,146038
229,440000	0,150499
229,450000	0,148587
229,460000	0,148587
229,470000	0,145401
229,480000	0,150499
229,490000	0,147950
229,500000	0,149225
229,510000	0,144763
229,520000	0,149862
229,530000	0,147950
229,540000	0,149862
229,550000	0,147950
229,560000	0,147313
229,570000	0,148587
229,580000	0,151137
229,590000	0,147950
229,600000	0,149862
229,610000	0,148587
229,620000	0,149225
229,630000	0,147313
229,640000	0,151774
229,650000	0,150499
229,660000	0,148587
229,670000	0,150499
229,680000	0,149862
229,690000	0,149225
229,700000	0,149225
229,710000	0,147950
229,720000	0,150499
229,730000	0,148587
229,740000	0,149225
229,750000	0,147950
229,760000	0,147950
229,770000	0,146675
229,780000	0,153049
229,790000	0,147950
229,800000	0,152412
229,810000	0,145401
229,820000	0,150499
229,830000	0,144763
229,840000	0,151774
229,850000	0,145401
229,860000	0,149862
229,870000	0,146038
229,880000	0,151774
229,890000	0,146675
229,900000	0,151137
229,910000	0,147950
229,920000	0,151774
229,930000	0,147313
229,940000	0,151774
229,950000	0,146675
229,960000	0,152412
229,970000	0,144763
229,980000	0,149225
229,990000	0,145401
230,000000	0,150499
230,010000	0,145401
230,020000	0,149225
230,030000	0,146038
230,040000	0,149862
230,050000	0,147313
230,060000	0,146675
230,070000	0,147313
230,080000	0,147313
230,090000	0,144763
230,100000	0,146675
230,110000	0,149225
230,120000	0,147950
230,130000	0,147950
230,140000	0,146038
230,150000	0,147313
230,160000	0,148587
230,170000	0,148587
230,180000	0,149225
230,190000	0,147950
230,200000	0,150499
230,210000	0,146675
230,220000	0,147313
230,230000	0,144763
230,240000	0,149225
230,250000	0,146675
230,260000	0,148587
230,270000	0,146038
230,280000	0,149225
230,290000	0,147313
230,300000	0,150499
230,310000	0,147950
230,320000	0,149225
230,330000	0,146038
230,340000	0,149225
230,350000	0,148587
230,360000	0,149225
230,370000	0,147313
230,380000	0,146038
230,390000	0,147313
230,400000	0,147313
230,410000	0,147313
230,420000	0,146675
230,430000	0,146038
230,440000	0,147313
230,450000	0,146675
230,460000	0,147313
230,470000	0,148587
230,480000	0,147950
230,490000	0,145401
230,500000	0,147313
230,510000	0,146038
230,520000	0,147313
230,530000	0,146675
230,540000	0,146038
230,550000	0,146675
230,560000	0,146038
230,570000	0,146675
230,580000	0,145401
230,590000	0,146675
230,600000	0,144763
230,610000	0,146675
230,620000	0,147950
230,630000	0,146675
230,640000	0,145401
230,650000	0,147950
230,660000	0,146038
230,670000	0,146038
230,680000	0,147313
230,690000	0,146675
230,700000	0,147313
230,710000	0,146675
230,720000	0,146675
230,730000	0,146675
230,740000	0,149862
230,750000	0,146038
230,760000	0,145401
230,770000	0,144763
230,780000	0,146038
230,790000	0,145401
230,800000	0,147950
230,810000	0,145401
230,820000	0,146038
230,830000	0,145401
230,840000	0,146038
230,850000	0,144763
230,860000	0,147313
230,870000	0,144126
230,880000	0,147313
230,890000	0,146038
230,900000	0,150499
230,910000	0,146675
230,920000	0,147950
230,930000	0,146675
230,940000	0,146038
230,950000	0,144763
230,960000	0,148587
230,970000	0,144763
230,980000	0,147950
230,990000	0,146038
231,000000	0,149862
231,010000	0,144763
231,020000	0,147950
231,030000	0,149862
231,040000	0,150499
231,050000	0,143488
231,060000	0,147950
231,070000	0,147950
231,080000	0,148587
231,090000	0,144126
231,100000	0,146038
231,110000	0,147313
231,120000	0,149225
231,130000	0,145401
231,140000	0,146038
231,150000	0,144763
231,160000	0,147313
231,170000	0,144763
231,180000	0,149862
231,190000	0,144763
231,200000	0,147313
231,210000	0,144126
231,220000	0,148587
231,230000	0,147950
231,240000	0,148587
231,250000	0,145401
231,260000	0,146675
231,270000	0,146675
231,280000	0,149225
231,290000	0,145401
231,300000	0,148587
231,310000	0,147950
231,320000	0,146038
231,330000	0,150499
231,340000	0,148587
231,350000	0,147313
231,360000	0,147950
231,370000	0,147313
231,380000	0,146038
231,390000	0,147950
231,400000	0,147313
231,410000	0,148587
231,420000	0,146675
231,430000	0,146675
231,440000	0,148587
231,450000	0,145401
231,460000	0,149225
231,470000	0,153049
231,480000	0,147950
231,490000	0,151137
231,500000	0,147313
231,510000	0,148587
231,520000	0,150499
231,530000	0,149225
231,540000	0,147950
231,550000	0,147313
231,560000	0,147313
231,570000	0,147950
231,580000	0,147313
231,590000	0,149225
231,600000	0,149225
231,610000	0,150499
231,620000	0,150499
231,630000	0,147313
231,640000	0,149862
231,650000	0,145401
231,660000	0,148587
231,670000	0,148587
231,680000	0,151137
231,690000	0,146675
231,700000	0,148587
231,710000	0,147313
231,720000	0,149862
231,730000	0,148587
231,740000	0,149225
231,750000	0,147950
231,760000	0,149862
231,770000	0,146675
231,780000	0,147950
231,790000	0,147950
231,800000	0,150499
231,810000	0,145401
231,820000	0,150499
231,830000	0,147950
231,840000	0,148587
231,850000	0,145401
231,860000	0,150499
231,870000	0,148587
231,880000	0,150499
231,890000	0,146675
231,900000	0,151774
231,910000	0,148587
231,920000	0,151137
231,930000	0,146675
231,940000	0,151774
231,950000	0,146675
231,960000	0,150499
231,970000	0,148587
231,980000	0,150499
231,990000	0,144763
232,000000	0,149862
232,010000	0,147950
232,020000	0,153049
232,030000	0,146675
232,040000	0,149225
232,050000	0,147313
232,060000	0,150499
232,070000	0,147950
232,080000	0,149862
232,090000	0,147313
232,100000	0,149225
232,110000	0,146675
232,120000	0,151774
232,130000	0,146675
232,140000	0,147950
232,150000	0,147950
232,160000	0,150499
232,170000	0,146675
232,180000	0,147950
232,190000	0,145401
232,200000	0,147313
232,210000	0,145401
232,220000	0,150499
232,230000	0,146675
232,240000	0,151774
232,250000	0,148587
232,260000	0,148587
232,270000	0,148587
232,280000	0,146675
232,290000	0,146675
232,300000	0,150499
232,310000	0,145401
232,320000	0,147950
232,330000	0,147950
232,340000	0,147950
232,350000	0,147950
232,360000	0,142851
232,370000	0,147313
232,380000	0,149225
232,390000	0,146675
232,400000	0,146675
232,410000	0,148587
232,420000	0,147950
232,430000	0,150499
232,440000	0,145401
232,450000	0,149862
232,460000	0,149225
232,470000	0,146675
232,480000	0,146675
232,490000	0,146038
232,500000	0,147313
232,510000	0,146675
232,520000	0,147950
232,530000	0,147950
232,540000	0,148587
232,550000	0,146038
232,560000	0,149225
232,570000	0,147313
232,580000	0,147313
232,590000	0,146038
232,600000	0,147313
232,610000	0,146675
232,620000	0,147950
232,630000	0,148587
232,640000	0,145401
232,650000	0,147313
232,660000	0,144763
232,670000	0,146038
232,680000	0,144126
232,690000	0,145401
232,700000	0,146675
232,710000	0,144126
232,720000	0,145401
232,730000	0,146675
232,740000	0,147313
232,750000	0,147313
232,760000	0,145401
232,770000	0,146038
232,780000	0,147950
232,790000	0,144763
232,800000	0,146675
232,810000	0,145401
232,820000	0,146038
232,830000	0,146675
232,840000	0,147950
232,850000	0,147950
232,860000	0,146675
232,870000	0,145401
232,880000	0,144763
232,890000	0,144763
232,900000	0,149225
232,910000	0,143488
232,920000	0,145401
232,930000	0,145401
232,940000	0,149862
232,950000	0,145401
232,960000	0,146675
232,970000	0,146675
232,980000	0,146038
232,990000	0,146038
233,000000	0,148587
233,010000	0,147313
233,020000	0,147313
233,030000	0,146675
233,040000	0,146038
233,050000	0,146675
233,060000	0,146675
233,070000	0,147950
233,080000	0,147950
233,090000	0,146675
233,100000	0,148587
233,110000	0,144763
233,120000	0,147950
233,130000	0,146038
233,140000	0,147313
233,150000	0,147950
233,160000	0,147313
233,170000	0,142214
233,180000	0,149862
233,190000	0,147313
233,200000	0,146038
233,210000	0,146675
233,220000	0,147950
233,230000	0,146038
233,240000	0,145401
233,250000	0,144126
233,260000	0,148587
233,270000	0,144126
233,280000	0,150499
233,290000	0,145401
233,300000	0,147950
233,310000	0,145401
233,320000	0,148587
233,330000	0,142214
233,340000	0,151137
233,350000	0,144763
233,360000	0,148587
233,370000	0,146675
233,380000	0,148587
233,390000	0,148587
233,400000	0,148587
233,410000	0,144763
233,420000	0,149225
233,430000	0,144126
233,440000	0,149862
233,450000	0,147950
233,460000	0,147313
233,470000	0,148587
233,480000	0,147313
233,490000	0,147950
233,500000	0,149862
233,510000	0,147950
233,520000	0,147950
233,530000	0,150499
233,540000	0,149862
233,550000	0,149225
233,560000	0,149225
233,570000	0,146038
233,580000	0,147950
233,590000	0,148587
233,600000	0,147950
233,610000	0,147950
233,620000	0,147313
233,630000	0,147950
233,640000	0,147950
233,650000	0,147950
233,660000	0,150499
233,670000	0,144763
233,680000	0,150499
233,690000	0,144763
233,700000	0,150499
233,710000	0,146675
233,720000	0,148587
233,730000	0,147950
233,740000	0,149862
233,750000	0,147313
233,760000	0,149862
233,770000	0,144763
233,780000	0,151774
233,790000	0,147950
233,800000	0,151137
233,810000	0,147950
233,820000	0,149862
233,830000	0,146038
233,840000	0,148587
233,850000	0,149225
233,860000	0,150499
233,870000	0,147950
233,880000	0,149862
233,890000	0,148587
233,900000	0,147950
233,910000	0,149862
233,920000	0,147950
233,930000	0,145401
233,940000	0,150499
233,950000	0,147950
233,960000	0,149862
233,970000	0,147313
233,980000	0,149862
233,990000	0,147313
234,000000	0,149862
234,010000	0,148587
234,020000	0,149225
234,030000	0,149225
234,040000	0,147950
234,050000	0,147950
234,060000	0,148587
234,070000	0,149225
234,080000	0,148587
234,090000	0,148587
234,100000	0,149862
234,110000	0,149862
234,120000	0,149225
234,130000	0,147950
234,140000	0,150499
234,150000	0,149225
234,160000	0,151774
234,170000	0,146038
234,180000	0,146675
234,190000	0,147313
234,200000	0,149225
234,210000	0,147313
234,220000	0,146675
234,230000	0,148587
234,240000	0,150499
234,250000	0,148587
234,260000	0,150499
234,270000	0,145401
234,280000	0,151137
234,290000	0,146675
234,300000	0,148587
234,310000	0,149225
234,320000	0,146675
234,330000	0,146675
234,340000	0,151137
234,350000	0,147313
234,360000	0,150499
234,370000	0,146675
234,380000	0,149862
234,390000	0,147950
234,400000	0,151774
234,410000	0,146038
234,420000	0,147950
234,430000	0,149862
234,440000	0,149225
234,450000	0,144126
234,460000	0,149862
234,470000	0,146675
234,480000	0,150499
234,490000	0,147313
234,500000	0,149225
234,510000	0,146038
234,520000	0,147950
234,530000	0,146675
234,540000	0,150499
234,550000	0,143488
234,560000	0,149225
234,570000	0,149862
234,580000	0,149225
234,590000	0,145401
234,600000	0,147950
234,610000	0,146675
234,620000	0,150499
234,630000	0,147313
234,640000	0,148587
234,650000	0,146675
234,660000	0,147313
234,670000	0,143488
234,680000	0,147950
234,690000	0,146038
234,700000	0,147313
234,710000	0,146038
234,720000	0,147950
234,730000	0,145401
234,740000	0,147950
234,750000	0,144763
234,760000	0,146038
234,770000	0,147313
234,780000	0,147950
234,790000	0,146038
234,800000	0,146038
234,810000	0,146675
234,820000	0,144763
234,830000	0,146038
234,840000	0,147950
234,850000	0,143488
234,860000	0,146038
234,870000	0,145401
234,880000	0,145401
234,890000	0,146038
234,900000	0,146675
234,910000	0,146675
234,920000	0,145401
234,930000	0,146038
234,940000	0,147950
234,950000	0,147313
234,960000	0,147313
234,970000	0,145401
234,980000	0,147313
234,990000	0,149862
235,000000	0,147313
235,010000	0,147313
235,020000	0,145401
235,030000	0,147313
235,040000	0,146038
235,050000	0,146675
235,060000	0,145401
235,070000	0,145401
235,080000	0,145401
235,090000	0,146675
235,100000	0,146038
235,110000	0,146675
235,120000	0,147313
235,130000	0,147313
235,140000	0,147950
235,150000	0,145401
235,160000	0,147950
235,170000	0,146675
235,180000	0,147950
235,190000	0,142851
235,200000	0,147313
235,210000	0,145401
235,220000	0,147313
235,230000	0,147313
235,240000	0,146675
235,250000	0,148587
235,260000	0,145401
235,270000	0,146675
235,280000	0,147950
235,290000	0,144763
235,300000	0,149225
235,310000	0,144763
235,320000	0,148587
235,330000	0,148587
235,340000	0,146675
235,350000	0,147950
235,360000	0,146675
235,370000	0,145401
235,380000	0,149225
235,390000	0,142851
235,400000	0,145401
235,410000	0,144763
235,420000	0,150499
235,430000	0,144763
235,440000	0,147950
235,450000	0,145401
235,460000	0,150499
235,470000	0,146038
235,480000	0,147313
235,490000	0,148587
235,500000	0,147313
235,510000	0,146675
235,520000	0,149862
235,530000	0,145401
235,540000	0,147950
235,550000	0,145401
235,560000	0,149862
235,570000	0,147313
235,580000	0,150499
235,590000	0,144763
235,600000	0,147950
235,610000	0,146675
235,620000	0,149862
235,630000	0,146038
235,640000	0,149862
235,650000	0,147950
235,660000	0,148587
235,670000	0,147313
235,680000	0,149225
235,690000	0,147313
235,700000	0,150499
235,710000	0,145401
235,720000	0,149225
235,730000	0,146675
235,740000	0,150499
235,750000	0,146038
235,760000	0,147950
235,770000	0,147950
235,780000	0,150499
235,790000	0,148587
235,800000	0,149225
235,810000	0,146675
235,820000	0,147313
235,830000	0,146038
235,840000	0,149225
235,850000	0,147950
235,860000	0,148587
235,870000	0,149862
235,880000	0,147313
235,890000	0,146675
235,900000	0,149862
235,910000	0,148587
235,920000	0,150499
235,930000	0,149862
235,940000	0,150499
235,950000	0,146038
235,960000	0,148587
235,970000	0,147313
235,980000	0,149225
235,990000	0,144763
236,000000	0,147313
236,010000	0,150499
236,020000	0,149225
236,030000	0,147313
236,040000	0,150499
236,050000	0,147313
236,060000	0,148587
236,070000	0,148587
236,080000	0,148587
236,090000	0,147313
236,100000	0,149225
236,110000	0,148587
236,120000	0,147313
236,130000	0,149225
236,140000	0,147950
236,150000	0,147950
236,160000	0,147950
236,170000	0,147950
236,180000	0,145401
236,190000	0,146675
236,200000	0,149225
236,210000	0,148587
236,220000	0,149862
236,230000	0,149862
236,240000	0,149225
236,250000	0,147950
236,260000	0,152412
236,270000	0,149862
236,280000	0,148587
236,290000	0,147950
236,300000	0,151137
236,310000	0,147313
236,320000	0,147950
236,330000	0,148587
236,340000	0,150499
236,350000	0,147950
236,360000	0,147313
236,370000	0,147950
236,380000	0,147313
236,390000	0,146675
236,400000	0,149862
236,410000	0,146675
236,420000	0,146675
236,430000	0,147313
236,440000	0,149862
236,450000	0,147950
236,460000	0,149225
236,470000	0,147313
236,480000	0,148587
236,490000	0,148587
236,500000	0,147313
236,510000	0,145401
236,520000	0,149225
236,530000	0,144763
236,540000	0,147950
236,550000	0,146675
236,560000	0,147313
236,570000	0,147313
236,580000	0,147950
236,590000	0,144126
236,600000	0,148587
236,610000	0,147313
236,620000	0,147950
236,630000	0,151137
236,640000	0,147950
236,650000	0,144126
236,660000	0,147950
236,670000	0,146038
236,680000	0,147313
236,690000	0,147950
236,700000	0,147950
236,710000	0,147950
236,720000	0,148587
236,730000	0,146038
236,740000	0,150499
236,750000	0,146038
236,760000	0,149862
236,770000	0,144763
236,780000	0,149225
236,790000	0,144126
236,800000	0,149862
236,810000	0,147950
236,820000	0,149225
236,830000	0,144763
236,840000	0,149225
236,850000	0,147950
236,860000	0,148587
236,870000	0,146038
236,880000	0,149862
236,890000	0,146038
236,900000	0,147313
236,910000	0,147313
236,920000	0,147950
236,930000	0,144763
236,940000	0,147313
236,950000	0,146038
236,960000	0,147313
236,970000	0,146675
236,980000	0,145401
236,990000	0,149225
237,000000	0,144126
237,010000	0,147950
237,020000	0,144126
237,030000	0,149225
237,040000	0,145401
237,050000	0,147313
237,060000	0,144126
237,070000	0,146675
237,080000	0,145401
237,090000	0,143488
237,100000	0,146675
237,110000	0,149225
237,120000	0,147950
237,130000	0,147950
237,140000	0,149225
237,150000	0,146038
237,160000	0,149862
237,170000	0,144126
237,180000	0,148587
237,190000	0,143488
237,200000	0,150499
237,210000	0,145401
237,220000	0,147950
237,230000	0,146038
237,240000	0,149862
237,250000	0,145401
237,260000	0,147313
237,270000	0,146038
237,280000	0,146675
237,290000	0,147950
237,300000	0,145401
237,310000	0,146675
237,320000	0,147313
237,330000	0,145401
237,340000	0,148587
237,350000	0,147313
237,360000	0,147950
237,370000	0,146675
237,380000	0,143488
237,390000	0,147313
237,400000	0,147313
237,410000	0,147950
237,420000	0,146675
237,430000	0,144763
237,440000	0,147313
237,450000	0,146038
237,460000	0,147950
237,470000	0,146038
237,480000	0,147313
237,490000	0,150499
237,500000	0,146038
237,510000	0,146675
237,520000	0,147313
237,530000	0,147950
237,540000	0,145401
237,550000	0,145401
237,560000	0,145401
237,570000	0,147950
237,580000	0,145401
237,590000	0,147950
237,600000	0,148587
237,610000	0,145401
237,620000	0,146038
237,630000	0,147313
237,640000	0,149862
237,650000	0,147950
237,660000	0,146675
237,670000	0,146675
237,680000	0,149225
237,690000	0,146038
237,700000	0,145401
237,710000	0,146675
237,720000	0,147950
237,730000	0,144763
237,740000	0,147313
237,750000	0,147950
237,760000	0,148587
237,770000	0,149225
237,780000	0,147950
237,790000	0,147313
237,800000	0,147313
237,810000	0,148587
237,820000	0,146675
237,830000	0,146038
237,840000	0,147313
237,850000	0,150499
237,860000	0,147313
237,870000	0,149862
237,880000	0,147313
237,890000	0,147313
237,900000	0,147313
237,910000	0,148587
237,920000	0,148587
237,930000	0,149225
237,940000	0,149225
237,950000	0,150499
237,960000	0,150499
237,970000	0,149225
237,980000	0,150499
237,990000	0,147950
238,000000	0,147950
238,010000	0,147950
238,020000	0,149862
238,030000	0,147313
238,040000	0,149225
238,050000	0,148587
238,060000	0,147950
238,070000	0,147313
238,080000	0,150499
238,090000	0,146675
238,100000	0,150499
238,110000	0,147950
238,120000	0,151137
238,130000	0,142851
238,140000	0,150499
238,150000	0,146038
238,160000	0,147950
238,170000	0,146675
238,180000	0,149225
238,190000	0,147950
238,200000	0,150499
238,210000	0,145401
238,220000	0,150499
238,230000	0,146675
238,240000	0,148587
238,250000	0,147313
238,260000	0,149225
238,270000	0,148587
238,280000	0,148587
238,290000	0,150499
238,300000	0,149862
238,310000	0,149862
238,320000	0,148587
238,330000	0,148587
238,340000	0,150499
238,350000	0,149225
238,360000	0,146675
238,370000	0,147950
238,380000	0,147950
238,390000	0,145401
238,400000	0,148587
238,410000	0,149225
238,420000	0,147950
238,430000	0,147313
238,440000	0,147313
238,450000	0,149225
238,460000	0,147950
238,470000	0,145401
238,480000	0,147950
238,490000	0,146675
238,500000	0,147313
238,510000	0,149862
238,520000	0,150499
238,530000	0,146038
238,540000	0,147313
238,550000	0,146675
238,560000	0,147313
238,570000	0,149225
238,580000	0,146038
238,590000	0,149225
238,600000	0,148587
238,610000	0,146675
238,620000	0,148587
238,630000	0,147950
238,640000	0,148587
238,650000	0,145401
238,660000	0,144763
238,670000	0,146675
238,680000	0,151774
238,690000	0,149225
238,700000	0,147313
238,710000	0,148587
238,720000	0,147950
238,730000	0,149862
238,740000	0,148587
238,750000	0,152412
238,760000	0,147950
238,770000	0,146675
238,780000	0,148587
238,790000	0,149225
238,800000	0,147313
238,810000	0,144126
238,820000	0,149225
238,830000	0,147313
238,840000	0,148587
238,850000	0,147313
238,860000	0,143488
238,870000	0,147313
238,880000	0,146675
238,890000	0,145401
238,900000	0,147950
238,910000	0,145401
238,920000	0,149225
238,930000	0,145401
238,940000	0,144763
238,950000	0,149225
238,960000	0,148587
238,970000	0,147313
238,980000	0,144763
238,990000	0,146038
239,000000	0,148587
239,010000	0,149862
239,020000	0,149225
239,030000	0,144763
239,040000	0,147313
239,050000	0,147313
239,060000	0,148587
239,070000	0,146675
239,080000	0,148587
239,090000	0,144763
239,100000	0,146675
239,110000	0,147950
239,120000	0,148587
239,130000	0,146675
239,140000	0,146675
239,150000	0,151774
239,160000	0,147313
239,170000	0,147313
239,180000	0,145401
239,190000	0,149862
239,200000	0,144763
239,210000	0,146675
239,220000	0,147313
239,230000	0,147950
239,240000	0,142851
239,250000	0,148587
239,260000	0,144126
239,270000	0,149225
239,280000	0,145401
239,290000	0,144763
239,300000	0,147313
239,310000	0,147950
239,320000	0,143488
239,330000	0,149862
239,340000	0,146038
239,350000	0,147950
239,360000	0,149225
239,370000	0,146675
239,380000	0,146038
239,390000	0,143488
239,400000	0,149862
239,410000	0,147313
239,420000	0,146038
239,430000	0,146675
239,440000	0,147950
239,450000	0,145401
239,460000	0,147950
239,470000	0,147313
239,480000	0,146675
239,490000	0,149862
239,500000	0,146675
239,510000	0,147313
239,520000	0,147313
239,530000	0,147950
239,540000	0,145401
239,550000	0,146675
239,560000	0,147313
239,570000	0,146675
239,580000	0,150499
239,590000	0,145401
239,600000	0,147313
239,610000	0,149225
239,620000	0,147313
239,630000	0,147313
239,640000	0,145401
239,650000	0,146038
239,660000	0,144763
239,670000	0,146038
239,680000	0,144126
239,690000	0,147313
239,700000	0,147313
239,710000	0,146675
239,720000	0,150499
239,730000	0,147950
239,740000	0,147950
239,750000	0,147313
239,760000	0,148587
239,770000	0,144763
239,780000	0,149225
239,790000	0,147313
239,800000	0,151137
239,810000	0,147313
239,820000	0,150499
239,830000	0,146675
239,840000	0,145401
239,850000	0,147313
239,860000	0,149225
239,870000	0,145401
239,880000	0,148587
239,890000	0,147950
239,900000	0,148587
239,910000	0,151137
239,920000	0,149862
239,930000	0,146675
239,940000	0,147950
239,950000	0,148587
239,960000	0,150499
239,970000	0,147313
239,980000	0,147950
239,990000	0,147950
240,000000	0,151774
240,010000	0,150499
240,020000	0,150499
240,030000	0,147313
240,040000	0,150499
240,050000	0,147313
240,060000	0,149862
240,070000	0,146675
240,080000	0,147950
240,090000	0,147313
240,100000	0,149862
240,110000	0,147950
240,120000	0,151137
240,130000	0,151137
240,140000	0,147950
240,150000	0,146675
240,160000	0,152412
240,170000	0,146038
240,180000	0,150499
240,190000	0,146675
240,200000	0,150499
240,210000	0,146038
240,220000	0,148587
240,230000	0,149225
240,240000	0,147950
240,250000	0,150499
240,260000	0,152412
240,270000	0,149862
240,280000	0,149225
240,290000	0,149225
240,300000	0,147950
240,310000	0,149225
240,320000	0,151774
240,330000	0,145401
240,340000	0,149862
240,350000	0,144763
240,360000	0,147950
240,370000	0,146675
240,380000	0,149862
240,390000	0,151137
240,400000	0,147313
240,410000	0,151137
240,420000	0,151137
240,430000	0,147950
240,440000	0,146675
240,450000	0,147950
240,460000	0,149225
240,470000	0,148587
240,480000	0,146675
240,490000	0,148587
240,500000	0,147950
240,510000	0,144763
240,520000	0,145401
240,530000	0,150499
240,540000	0,146675
240,550000	0,151137
240,560000	0,149225
240,570000	0,149862
240,580000	0,147950
240,590000	0,147950
240,600000	0,148587
240,610000	0,146038
240,620000	0,150499
240,630000	0,144763
240,640000	0,148587
240,650000	0,147950
240,660000	0,151774
240,670000	0,142851
240,680000	0,148587
240,690000	0,149225
240,700000	0,149225
240,710000	0,146038
240,720000	0,150499
240,730000	0,146675
240,740000	0,150499
240,750000	0,147313
240,760000	0,150499
240,770000	0,144763
240,780000	0,148587
240,790000	0,149225
240,800000	0,146675
240,810000	0,147313
240,820000	0,147313
240,830000	0,146675
240,840000	0,147313
240,850000	0,144126
240,860000	0,148587
240,870000	0,143488
240,880000	0,147313
240,890000	0,147313
240,900000	0,144763
240,910000	0,146675
240,920000	0,147950
240,930000	0,144126
240,940000	0,150499
240,950000	0,146675
240,960000	0,149862
240,970000	0,144763
240,980000	0,147950
240,990000	0,142851
241,000000	0,146675
241,010000	0,144763
241,020000	0,150499
241,030000	0,143488
241,040000	0,146675
241,050000	0,146038
241,060000	0,149862
241,070000	0,144763
241,080000	0,149862
241,090000	0,144763
241,100000	0,147950
241,110000	0,144763
241,120000	0,153686
241,130000	0,143488
241,140000	0,147313
241,150000	0,144763
241,160000	0,147950
241,170000	0,145401
241,180000	0,148587
241,190000	0,144126
241,200000	0,149225
241,210000	0,144126
241,220000	0,149862
241,230000	0,146038
241,240000	0,147950
241,250000	0,144763
241,260000	0,147313
241,270000	0,146675
241,280000	0,145401
241,290000	0,144126
241,300000	0,147313
241,310000	0,144126
241,320000	0,144763
241,330000	0,147313
241,340000	0,144763
241,350000	0,144763
241,360000	0,141576
241,370000	0,147313
241,380000	0,144126
241,390000	0,145401
241,400000	0,151137
241,410000	0,144126
241,420000	0,146038
241,430000	0,147313
241,440000	0,144126
241,450000	0,144763
241,460000	0,146038
241,470000	0,146675
241,480000	0,146038
241,490000	0,146038
241,500000	0,145401
241,510000	0,146038
241,520000	0,147313
241,530000	0,146038
241,540000	0,144763
241,550000	0,144126
241,560000	0,146038
241,570000	0,146675
241,580000	0,146675
241,590000	0,144763
241,600000	0,146038
241,610000	0,146038
241,620000	0,147313
241,630000	0,145401
241,640000	0,147950
241,650000	0,149862
241,660000	0,147313
241,670000	0,146675
241,680000	0,146038
241,690000	0,149225
241,700000	0,147950
241,710000	0,146675
241,720000	0,147313
241,730000	0,150499
241,740000	0,147950
241,750000	0,148587
241,760000	0,146038
241,770000	0,146038
241,780000	0,147313
241,790000	0,147313
241,800000	0,147313
241,810000	0,147950
241,820000	0,147950
241,830000	0,144763
241,840000	0,149225
241,850000	0,145401
241,860000	0,149862
241,870000	0,146675
241,880000	0,147313
241,890000	0,147313
241,900000	0,151137
241,910000	0,147950
241,920000	0,147313
241,930000	0,149862
241,940000	0,148587
241,950000	0,146675
241,960000	0,149862
241,970000	0,144763
241,980000	0,151774
241,990000	0,147313
242,000000	0,146038
242,010000	0,148587
242,020000	0,147950
242,030000	0,151774
242,040000	0,148587
242,050000	0,146675
242,060000	0,147950
242,070000	0,147950
242,080000	0,147313
242,090000	0,148587
242,100000	0,148587
242,110000	0,146675
242,120000	0,150499
242,130000	0,149862
242,140000	0,149225
242,150000	0,152412
242,160000	0,149225
242,170000	0,146675
242,180000	0,150499
242,190000	0,146675
242,200000	0,152412
242,210000	0,144126
242,220000	0,150499
242,230000	0,144126
242,240000	0,149862
242,250000	0,147313
242,260000	0,150499
242,270000	0,149862
242,280000	0,149225
242,290000	0,144763
242,300000	0,152412
242,310000	0,147950
242,320000	0,152412
242,330000	0,146038
242,340000	0,150499
242,350000	0,144126
242,360000	0,148587
242,370000	0,147313
242,380000	0,148587
242,390000	0,145401
242,400000	0,150499
242,410000	0,150499
242,420000	0,149225
242,430000	0,149862
242,440000	0,147313
242,450000	0,147313
242,460000	0,146675
242,470000	0,150499
242,480000	0,144763
242,490000	0,150499
242,500000	0,148587
242,510000	0,147950
242,520000	0,149225
242,530000	0,150499
242,540000	0,151137
242,550000	0,148587
242,560000	0,147313
242,570000	0,145401
242,580000	0,149862
242,590000	0,149225
242,600000	0,148587
242,610000	0,149862
242,620000	0,146038
242,630000	0,147950
242,640000	0,149862
242,650000	0,152412
242,660000	0,147950
242,670000	0,146675
242,680000	0,151137
242,690000	0,147313
242,700000	0,149225
242,710000	0,147950
242,720000	0,147950
242,730000	0,147313
242,740000	0,147950
242,750000	0,147950
242,760000	0,146038
242,770000	0,147313
242,780000	0,151137
242,790000	0,144763
242,800000	0,148587
242,810000	0,148587
242,820000	0,148587
242,830000	0,147313
242,840000	0,149225
242,850000	0,146675
242,860000	0,146675
242,870000	0,146675
242,880000	0,148587
242,890000	0,144763
242,900000	0,146038
242,910000	0,147313
242,920000	0,148587
242,930000	0,147950
242,940000	0,147950
242,950000	0,147950
242,960000	0,149225
242,970000	0,144126
242,980000	0,149862
242,990000	0,148587
243,000000	0,150499
243,010000	0,144763
243,020000	0,146675
243,030000	0,147313
243,040000	0,146038
243,050000	0,143488
243,060000	0,142851
243,070000	0,147950
243,080000	0,148587
243,090000	0,143488
243,100000	0,151774
243,110000	0,145401
243,120000	0,149225
243,130000	0,145401
243,140000	0,149225
243,150000	0,142851
243,160000	0,145401
243,170000	0,142214
243,180000	0,146675
243,190000	0,144763
243,200000	0,142851
243,210000	0,145401
243,220000	0,148587
243,230000	0,146675
243,240000	0,146038
243,250000	0,146675
243,260000	0,146675
243,270000	0,144763
243,280000	0,149862
243,290000	0,145401
243,300000	0,146038
243,310000	0,143488
243,320000	0,147313
243,330000	0,144126
243,340000	0,144126
243,350000	0,144763
243,360000	0,144763
243,370000	0,146038
243,380000	0,149225
243,390000	0,150499
243,400000	0,150499
243,410000	0,146038
243,420000	0,146675
243,430000	0,144763
243,440000	0,147950
243,450000	0,142214
243,460000	0,144763
243,470000	0,142851
243,480000	0,146038
243,490000	0,146038
243,500000	0,145401
243,510000	0,146675
243,520000	0,144763
243,530000	0,142214
243,540000	0,144763
243,550000	0,147313
243,560000	0,147950
243,570000	0,140939
243,580000	0,148587
243,590000	0,146038
243,600000	0,144126
243,610000	0,148587
243,620000	0,147313
243,630000	0,146675
243,640000	0,147313
243,650000	0,146675
243,660000	0,147950
243,670000	0,144126
243,680000	0,144763
243,690000	0,152412
243,700000	0,142851
243,710000	0,146675
243,720000	0,143488
243,730000	0,142851
243,740000	0,147950
243,750000	0,144763
243,760000	0,145401
243,770000	0,145401
243,780000	0,147950
243,790000	0,149225
243,800000	0,146675
243,810000	0,145401
243,820000	0,147313
243,830000	0,144126
243,840000	0,143488
243,850000	0,149862
243,860000	0,146038
243,870000	0,149225
243,880000	0,146675
243,890000	0,144763
243,900000	0,147313
243,910000	0,141576
243,920000	0,151137
243,930000	0,148587
243,940000	0,147313
243,950000	0,148587
243,960000	0,147950
243,970000	0,147950
243,980000	0,146675
243,990000	0,151774
244,000000	0,147950
244,010000	0,138390
244,020000	0,147950
244,030000	0,146675
244,040000	0,151137
244,050000	0,147950
244,060000	0,150499
244,070000	0,149862
244,080000	0,148587
244,090000	0,153049
244,100000	0,148587
244,110000	0,149225
244,120000	0,150499
244,130000	0,146038
244,140000	0,148587
244,150000	0,149225
244,160000	0,150499
244,170000	0,147313
244,180000	0,152412
244,190000	0,148587
244,200000	0,147313
244,210000	0,147950
244,220000	0,151137
244,230000	0,149862
244,240000	0,153049
244,250000	0,146038
244,260000	0,152412
244,270000	0,146675
244,280000	0,146675
244,290000	0,146675
244,300000	0,146675
244,310000	0,147950
244,320000	0,149862
244,330000	0,150499
244,340000	0,146038
244,350000	0,144763
244,360000	0,146675
244,370000	0,146675
244,380000	0,153049
244,390000	0,149225
244,400000	0,148587
244,410000	0,151137
244,420000	0,147313
244,430000	0,146675
244,440000	0,152412
244,450000	0,147313
244,460000	0,150499
244,470000	0,144763
244,480000	0,149225
244,490000	0,144763
244,500000	0,148587
244,510000	0,144126
244,520000	0,149862
244,530000	0,147950
244,540000	0,146675
244,550000	0,147313
244,560000	0,150499
244,570000	0,149225
244,580000	0,147950
244,590000	0,146675
244,600000	0,150499
244,610000	0,147950
244,620000	0,152412
244,630000	0,149862
244,640000	0,149225
244,650000	0,148587
244,660000	0,149225
244,670000	0,147313
244,680000	0,152412
244,690000	0,147950
244,700000	0,152412
244,710000	0,149862
244,720000	0,149225
244,730000	0,150499
244,740000	0,149862
244,750000	0,149862
244,760000	0,149225
244,770000	0,147313
244,780000	0,150499
244,790000	0,150499
244,800000	0,148587
244,810000	0,147313
244,820000	0,149225
244,830000	0,144763
244,840000	0,150499
244,850000	0,147313
244,860000	0,147950
244,870000	0,146675
244,880000	0,146675
244,890000	0,144763
244,900000	0,148587
244,910000	0,148587
244,920000	0,148587
244,930000	0,147950
244,940000	0,148587
244,950000	0,150499
244,960000	0,145401
244,970000	0,150499
244,980000	0,143488
244,990000	0,149225
245,000000	0,142214
245,010000	0,149862
245,020000	0,145401
245,030000	0,146675
245,040000	0,146038
245,050000	0,147950
245,060000	0,146675
245,070000	0,146675
245,080000	0,144763
245,090000	0,153686
245,100000	0,148587
245,110000	0,148587
245,120000	0,148587
245,130000	0,146675
245,140000	0,148587
245,150000	0,144126
245,160000	0,145401
245,170000	0,144763
245,180000	0,149862
245,190000	0,146038
245,200000	0,149862
245,210000	0,148587
245,220000	0,147313
245,230000	0,151774
245,240000	0,143488
245,250000	0,144763
245,260000	0,149225
245,270000	0,144763
245,280000	0,153686
245,290000	0,151774
245,300000	0,147950
245,310000	0,148587
245,320000	0,147950
245,330000	0,152412
245,340000	0,149862
245,350000	0,152412
245,360000	0,146038
245,370000	0,153049
245,380000	0,147313
245,390000	0,148587
245,400000	0,150499
245,410000	0,149862
245,420000	0,150499
245,430000	0,150499
245,440000	0,147313
245,450000	0,152412
245,460000	0,151774
245,470000	0,153049
245,480000	0,151137
245,490000	0,149225
245,500000	0,146038
245,510000	0,147313
245,520000	0,153686
245,530000	0,149225
245,540000	0,149862
245,550000	0,147313
245,560000	0,153049
245,570000	0,147313
245,580000	0,152412
245,590000	0,145401
245,600000	0,151774
245,610000	0,148587
245,620000	0,148587
245,630000	0,146038
245,640000	0,148587
245,650000	0,147313
245,660000	0,150499
245,670000	0,151774
245,680000	0,150499
245,690000	0,146038
245,700000	0,154324
245,710000	0,149862
245,720000	0,153686
245,730000	0,150499
245,740000	0,148587
245,750000	0,150499
245,760000	0,151774
245,770000	0,148587
245,780000	0,148587
245,790000	0,154324
245,800000	0,150499
245,810000	0,151774
245,820000	0,149862
245,830000	0,150499
245,840000	0,150499
245,850000	0,150499
245,860000	0,150499
245,870000	0,152412
245,880000	0,151774
245,890000	0,153049
245,900000	0,153049
245,910000	0,153049
245,920000	0,151137
245,930000	0,153686
245,940000	0,147950
245,950000	0,153686
245,960000	0,150499
245,970000	0,155598
245,980000	0,154324
245,990000	0,150499
246,000000	0,151774
246,010000	0,151774
246,020000	0,150499
246,030000	0,150499
246,040000	0,151137
246,050000	0,154961
246,060000	0,151774
246,070000	0,150499
246,080000	0,151774
246,090000	0,153686
246,100000	0,150499
246,110000	0,150499
246,120000	0,149862
246,130000	0,151774
246,140000	0,151774
246,150000	0,153049
246,160000	0,147313
246,170000	0,148587
246,180000	0,151137
246,190000	0,149862
246,200000	0,151137
246,210000	0,153049
246,220000	0,148587
246,230000	0,152412
246,240000	0,148587
246,250000	0,151774
246,260000	0,150499
246,270000	0,148587
246,280000	0,147950
246,290000	0,148587
246,300000	0,150499
246,310000	0,152412
246,320000	0,153049
246,330000	0,154324
246,340000	0,153049
246,350000	0,147950
246,360000	0,153686
246,370000	0,151137
246,380000	0,147313
246,390000	0,151137
246,400000	0,152412
246,410000	0,151774
246,420000	0,153686
246,430000	0,148587
246,440000	0,154324
246,450000	0,150499
246,460000	0,153049
246,470000	0,150499
246,480000	0,153049
246,490000	0,151774
246,500000	0,153686
246,510000	0,149225
246,520000	0,153049
246,530000	0,151774
246,540000	0,149225
246,550000	0,149862
246,560000	0,151137
246,570000	0,153049
246,580000	0,154324
246,590000	0,151774
246,600000	0,151774
246,610000	0,152412
246,620000	0,156873
246,630000	0,152412
246,640000	0,151137
246,650000	0,149862
246,660000	0,152412
246,670000	0,148587
246,680000	0,151137
246,690000	0,152412
246,700000	0,153049
246,710000	0,147950
246,720000	0,149862
246,730000	0,147313
246,740000	0,151137
246,750000	0,147950
246,760000	0,153049
246,770000	0,149862
246,780000	0,153686
246,790000	0,149862
246,800000	0,152412
246,810000	0,147950
246,820000	0,147313
246,830000	0,148587
246,840000	0,147950
246,850000	0,148587
246,860000	0,149225
246,870000	0,148587
246,880000	0,146038
246,890000	0,149862
246,900000	0,146038
246,910000	0,150499
246,920000	0,149225
246,930000	0,146038
246,940000	0,149225
246,950000	0,149225
246,960000	0,152412
246,970000	0,151137
246,980000	0,147313
246,990000	0,154324
247,000000	0,147313
247,010000	0,153049
247,020000	0,149225
247,030000	0,153049
247,040000	0,148587
247,050000	0,147950
247,060000	0,147950
247,070000	0,149225
247,080000	0,145401
247,090000	0,146675
247,100000	0,148587
247,110000	0,148587
247,120000	0,146038
247,130000	0,153686
247,140000	0,146038
247,150000	0,149862
247,160000	0,149862
247,170000	0,151137
247,180000	0,147950
247,190000	0,147313
247,200000	0,148587
247,210000	0,149862
247,220000	0,149225
247,230000	0,146038
247,240000	0,146675
247,250000	0,147950
247,260000	0,144126
247,270000	0,149225
247,280000	0,145401
247,290000	0,147313
247,300000	0,147313
247,310000	0,148587
247,320000	0,145401
247,330000	0,147313
247,340000	0,146038
247,350000	0,142851
247,360000	0,147313
247,370000	0,147313
247,380000	0,144763
247,390000	0,147950
247,400000	0,147313
247,410000	0,145401
247,420000	0,146675
247,430000	0,147950
247,440000	0,147950
247,450000	0,147313
247,460000	0,146675
247,470000	0,145401
247,480000	0,146038
247,490000	0,145401
247,500000	0,143488
247,510000	0,150499
247,520000	0,146675
247,530000	0,149225
247,540000	0,147950
247,550000	0,143488
247,560000	0,150499
247,570000	0,147313
247,580000	0,147313
247,590000	0,147950
247,600000	0,145401
247,610000	0,145401
247,620000	0,146675
247,630000	0,145401
247,640000	0,142214
247,650000	0,147313
247,660000	0,147313
247,670000	0,143488
247,680000	0,146675
247,690000	0,144763
247,700000	0,149862
247,710000	0,146038
247,720000	0,150499
247,730000	0,144126
247,740000	0,148587
247,750000	0,147950
247,760000	0,147950
247,770000	0,147313
247,780000	0,146675
247,790000	0,150499
247,800000	0,148587
247,810000	0,151774
247,820000	0,146675
247,830000	0,146038
247,840000	0,145401
247,850000	0,148587
247,860000	0,144763
247,870000	0,146675
247,880000	0,147950
247,890000	0,144763
247,900000	0,149862
247,910000	0,147313
247,920000	0,146675
247,930000	0,142214
247,940000	0,149862
247,950000	0,146038
247,960000	0,147950
247,970000	0,146038
247,980000	0,148587
247,990000	0,147313
248,000000	0,148587
248,010000	0,148587
248,020000	0,146038
248,030000	0,146038
248,040000	0,144126
248,050000	0,147313
248,060000	0,147313
248,070000	0,149862
248,080000	0,148587
248,090000	0,147950
248,100000	0,148587
248,110000	0,147313
248,120000	0,149225
248,130000	0,146675
248,140000	0,149225
248,150000	0,148587
248,160000	0,148587
248,170000	0,146038
248,180000	0,147313
248,190000	0,147950
248,200000	0,148587
248,210000	0,150499
248,220000	0,147313
248,230000	0,147313
248,240000	0,152412
248,250000	0,149225
248,260000	0,151774
248,270000	0,151137
248,280000	0,151774
248,290000	0,147950
248,300000	0,149862
248,310000	0,147950
248,320000	0,148587
248,330000	0,148587
248,340000	0,148587
248,350000	0,151774
248,360000	0,146038
248,370000	0,149862
248,380000	0,149862
248,390000	0,148587
248,400000	0,146675
248,410000	0,153686
248,420000	0,146675
248,430000	0,152412
248,440000	0,149862
248,450000	0,149862
248,460000	0,151137
248,470000	0,149225
248,480000	0,147950
248,490000	0,148587
248,500000	0,149862
248,510000	0,149225
248,520000	0,148587
248,530000	0,150499
248,540000	0,151774
248,550000	0,146675
248,560000	0,152412
248,570000	0,147313
248,580000	0,151137
248,590000	0,147950
248,600000	0,148587
248,610000	0,147950
248,620000	0,147313
248,630000	0,151137
248,640000	0,147313
248,650000	0,149225
248,660000	0,147950
248,670000	0,147950
248,680000	0,146038
248,690000	0,148587
248,700000	0,149862
248,710000	0,147313
248,720000	0,151774
248,730000	0,149862
248,740000	0,149225
248,750000	0,149225
248,760000	0,148587
248,770000	0,147950
248,780000	0,148587
248,790000	0,151137
248,800000	0,145401
248,810000	0,146038
248,820000	0,147950
248,830000	0,149862
248,840000	0,150499
248,850000	0,149225
248,860000	0,147950
248,870000	0,147950
248,880000	0,145401
248,890000	0,149225
248,900000	0,146038
248,910000	0,149225
248,920000	0,149862
248,930000	0,148587
248,940000	0,149862
248,950000	0,147313
248,960000	0,150499
248,970000	0,147313
248,980000	0,148587
248,990000	0,147950
249,000000	0,153686
249,010000	0,147313
249,020000	0,147313
249,030000	0,147313
249,040000	0,148587
249,050000	0,146038
249,060000	0,149862
249,070000	0,144126
249,080000	0,147950
249,090000	0,145401
249,100000	0,149862
249,110000	0,145401
249,120000	0,147950
249,130000	0,146038
249,140000	0,151137
249,150000	0,147950
249,160000	0,144763
249,170000	0,148587
249,180000	0,145401
249,190000	0,146675
249,200000	0,142851
249,210000	0,146675
249,220000	0,142214
249,230000	0,145401
249,240000	0,145401
249,250000	0,146675
249,260000	0,147313
249,270000	0,148587
249,280000	0,147950
249,290000	0,149225
249,300000	0,147950
249,310000	0,144763
249,320000	0,144763
249,330000	0,144763
249,340000	0,148587
249,350000	0,146038
249,360000	0,144126
249,370000	0,145401
249,380000	0,146675
249,390000	0,147313
249,400000	0,149862
249,410000	0,144763
249,420000	0,147313
249,430000	0,151774
249,440000	0,146675
249,450000	0,145401
249,460000	0,144763
249,470000	0,147950
249,480000	0,147950
249,490000	0,148587
249,500000	0,144763
249,510000	0,143488
249,520000	0,148587
249,530000	0,144126
249,540000	0,145401
249,550000	0,147313
249,560000	0,145401
249,570000	0,147950
249,580000	0,142851
249,590000	0,146038
249,600000	0,146675
249,610000	0,149225
249,620000	0,147950
249,630000	0,148587
249,640000	0,147950
249,650000	0,146675
249,660000	0,145401
249,670000	0,146675
249,680000	0,144763
249,690000	0,146038
249,700000	0,144763
249,710000	0,147313
249,720000	0,147950
249,730000	0,144763
249,740000	0,142214
249,750000	0,144126
249,760000	0,146675
249,770000	0,145401
249,780000	0,146675
249,790000	0,146038
249,800000	0,144763
249,810000	0,147313
249,820000	0,147313
249,830000	0,144763
249,840000	0,144763
249,850000	0,145401
249,860000	0,144126
249,870000	0,150499
249,880000	0,147950
249,890000	0,146038
249,900000	0,144763
249,910000	0,147313
249,920000	0,146038
249,930000	0,146038
249,940000	0,147950
249,950000	0,143488
249,960000	0,149225
249,970000	0,142214
249,980000	0,146038
249,990000	0,151774
250,000000	0,149225
250,010000	0,148587
250,020000	0,144763
250,030000	0,148587
250,040000	0,147950
250,050000	0,148587
250,060000	0,144763
250,070000	0,148587
250,080000	0,145401
250,090000	0,147950
250,100000	0,148587
250,110000	0,149225
250,120000	0,148587
250,130000	0,147950
250,140000	0,146675
250,150000	0,146675
250,160000	0,149225
250,170000	0,146675
250,180000	0,148587
250,190000	0,145401
250,200000	0,147950
250,210000	0,146675
250,220000	0,154324
250,230000	0,145401
250,240000	0,149225
250,250000	0,142214
250,260000	0,151774
250,270000	0,144763
250,280000	0,147950
250,290000	0,145401
250,300000	0,145401
250,310000	0,145401
250,320000	0,147313
250,330000	0,144763
250,340000	0,144126
250,350000	0,145401
250,360000	0,149225
250,370000	0,146038
250,380000	0,150499
250,390000	0,146675
250,400000	0,149225
250,410000	0,146675
250,420000	0,151137
250,430000	0,147313
250,440000	0,145401
250,450000	0,153049
250,460000	0,145401
250,470000	0,149225
250,480000	0,144126
250,490000	0,147950
250,500000	0,142214
250,510000	0,150499
250,520000	0,142851
250,530000	0,150499
250,540000	0,147313
250,550000	0,147950
250,560000	0,148587
250,570000	0,152412
250,580000	0,148587
250,590000	0,149862
250,600000	0,147313
250,610000	0,152412
250,620000	0,150499
250,630000	0,147313
250,640000	0,147313
250,650000	0,153049
250,660000	0,149862
250,670000	0,148587
250,680000	0,147313
250,690000	0,153049
250,700000	0,149225
250,710000	0,153686
250,720000	0,146038
250,730000	0,147313
250,740000	0,147950
250,750000	0,149862
250,760000	0,150499
250,770000	0,149862
250,780000	0,147313
250,790000	0,151137
250,800000	0,149862
250,810000	0,150499
250,820000	0,149225
250,830000	0,149862
250,840000	0,147950
250,850000	0,149225
250,860000	0,147950
250,870000	0,150499
250,880000	0,146675
250,890000	0,149862
250,900000	0,146675
250,910000	0,148587
250,920000	0,150499
250,930000	0,148587
250,940000	0,147313
250,950000	0,151137
250,960000	0,151137
250,970000	0,147313
250,980000	0,147950
250,990000	0,149225
251,000000	0,147950
251,010000	0,146038
251,020000	0,148587
251,030000	0,146038
251,040000	0,147950
251,050000	0,147950
251,060000	0,148587
251,070000	0,146038
251,080000	0,152412
251,090000	0,142214
251,100000	0,149225
251,110000	0,147313
251,120000	0,145401
251,130000	0,144763
251,140000	0,150499
251,150000	0,142851
251,160000	0,149225
251,170000	0,148587
251,180000	0,147950
251,190000	0,142214
251,200000	0,151774
251,210000	0,147313
251,220000	0,149225
251,230000	0,147313
251,240000	0,147313
251,250000	0,146675
251,260000	0,151774
251,270000	0,146038
251,280000	0,149862
251,290000	0,144126
251,300000	0,146038
251,310000	0,146038
251,320000	0,145401
251,330000	0,147950
251,340000	0,144763
251,350000	0,147313
251,360000	0,149862
251,370000	0,147313
251,380000	0,145401
251,390000	0,149225
251,400000	0,145401
251,410000	0,144126
251,420000	0,148587
251,430000	0,144763
251,440000	0,143488
251,450000	0,147313
251,460000	0,146675
251,470000	0,146675
251,480000	0,144126
251,490000	0,147313
251,500000	0,146038
251,510000	0,142851
251,520000	0,143488
251,530000	0,144763
251,540000	0,144126
251,550000	0,144126
251,560000	0,143488
251,570000	0,142851
251,580000	0,145401
251,590000	0,147950
251,600000	0,143488
251,610000	0,142851
251,620000	0,144763
251,630000	0,146038
251,640000	0,145401
251,650000	0,146675
251,660000	0,142851
251,670000	0,146038
251,680000	0,145401
251,690000	0,147313
251,700000	0,144763
251,710000	0,145401
251,720000	0,145401
251,730000	0,145401
251,740000	0,146038
251,750000	0,143488
251,760000	0,147950
251,770000	0,147313
251,780000	0,145401
251,790000	0,147950
251,800000	0,144126
251,810000	0,146675
251,820000	0,144126
251,830000	0,147950
251,840000	0,144763
251,850000	0,149862
251,860000	0,141576
251,870000	0,149225
251,880000	0,143488
251,890000	0,147950
251,900000	0,145401
251,910000	0,148587
251,920000	0,144126
251,930000	0,150499
251,940000	0,146675
251,950000	0,147950
251,960000	0,147313
251,970000	0,145401
251,980000	0,149862
251,990000	0,146675
252,000000	0,142851
252,010000	0,147950
252,020000	0,148587
252,030000	0,146675
252,040000	0,145401
252,050000	0,146675
252,060000	0,142214
252,070000	0,142851
252,080000	0,145401
252,090000	0,146038
252,100000	0,145401
252,110000	0,144763
252,120000	0,146038
252,130000	0,144126
252,140000	0,145401
252,150000	0,145401
252,160000	0,144126
252,170000	0,144126
252,180000	0,144763
252,190000	0,146038
252,200000	0,146038
252,210000	0,147950
252,220000	0,147313
252,230000	0,146675
252,240000	0,146675
252,250000	0,145401
252,260000	0,145401
252,270000	0,145401
252,280000	0,142214
252,290000	0,147313
252,300000	0,144763
252,310000	0,148587
252,320000	0,146675
252,330000	0,148587
252,340000	0,145401
252,350000	0,147950
252,360000	0,148587
252,370000	0,146675
252,380000	0,146675
252,390000	0,151774
252,400000	0,147950
252,410000	0,146675
252,420000	0,148587
252,430000	0,149225
252,440000	0,149225
252,450000	0,148587
252,460000	0,152412
252,470000	0,149225
252,480000	0,147950
252,490000	0,146675
252,500000	0,149862
252,510000	0,147950
252,520000	0,148587
252,530000	0,142851
252,540000	0,147313
252,550000	0,146038
252,560000	0,149225
252,570000	0,146038
252,580000	0,147313
252,590000	0,144763
252,600000	0,147313
252,610000	0,147950
252,620000	0,148587
252,630000	0,146675
252,640000	0,146675
252,650000	0,153049
252,660000	0,147950
252,670000	0,149862
252,680000	0,142214
252,690000	0,150499
252,700000	0,146038
252,710000	0,147950
252,720000	0,145401
252,730000	0,147950
252,740000	0,149862
252,750000	0,151774
252,760000	0,149862
252,770000	0,146675
252,780000	0,148587
252,790000	0,145401
252,800000	0,147950
252,810000	0,148587
252,820000	0,147313
252,830000	0,146038
252,840000	0,147313
252,850000	0,147950
252,860000	0,146675
252,870000	0,147313
252,880000	0,149225
252,890000	0,147313
252,900000	0,150499
252,910000	0,146675
252,920000	0,148587
252,930000	0,148587
252,940000	0,145401
252,950000	0,146675
252,960000	0,147313
252,970000	0,146038
252,980000	0,147313
252,990000	0,149225
253,000000	0,147950
253,010000	0,146038
253,020000	0,152412
253,030000	0,148587
253,040000	0,149862
253,050000	0,151137
253,060000	0,144763
253,070000	0,147950
253,080000	0,147313
253,090000	0,149862
253,100000	0,150499
253,110000	0,147313
253,120000	0,146675
253,130000	0,145401
253,140000	0,149225
253,150000	0,146038
253,160000	0,149862
253,170000	0,152412
253,180000	0,146675
253,190000	0,149862
253,200000	0,149225
253,210000	0,151774
253,220000	0,147950
253,230000	0,147950
253,240000	0,145401
253,250000	0,144763
253,260000	0,148587
253,270000	0,149862
253,280000	0,146675
253,290000	0,145401
253,300000	0,148587
253,310000	0,146675
253,320000	0,147950
253,330000	0,144763
253,340000	0,143488
253,350000	0,144126
253,360000	0,147950
253,370000	0,149225
253,380000	0,146038
253,390000	0,144763
253,400000	0,147313
253,410000	0,147313
253,420000	0,144126
253,430000	0,142851
253,440000	0,145401
253,450000	0,146038
253,460000	0,147950
253,470000	0,147313
253,480000	0,146038
253,490000	0,145401
253,500000	0,145401
253,510000	0,144126
253,520000	0,145401
253,530000	0,144763
253,540000	0,145401
253,550000	0,146675
253,560000	0,142851
253,570000	0,146675
253,580000	0,147313
253,590000	0,141576
253,600000	0,146038
253,610000	0,144126
253,620000	0,145401
253,630000	0,145401
253,640000	0,145401
253,650000	0,147950
253,660000	0,143488
253,670000	0,144126
253,680000	0,142851
253,690000	0,143488
253,700000	0,147950
253,710000	0,144126
253,720000	0,145401
253,730000	0,144126
253,740000	0,152412
253,750000	0,144126
253,760000	0,149225
253,770000	0,141576
253,780000	0,150499
253,790000	0,145401
253,800000	0,145401
253,810000	0,147950
253,820000	0,145401
253,830000	0,144763
253,840000	0,150499
253,850000	0,142851
253,860000	0,142851
253,870000	0,147313
253,880000	0,146038
253,890000	0,143488
253,900000	0,147313
253,910000	0,149225
253,920000	0,144763
253,930000	0,146038
253,940000	0,142851
253,950000	0,144763
253,960000	0,140302
253,970000	0,142851
253,980000	0,147313
253,990000	0,146675
254,000000	0,144126
254,010000	0,147313
254,020000	0,144763
254,030000	0,147313
254,040000	0,144763
254,050000	0,146675
254,060000	0,144126
254,070000	0,148587
254,080000	0,145401
254,090000	0,144126
254,100000	0,142214
254,110000	0,142214
254,120000	0,142214
254,130000	0,143488
254,140000	0,140939
254,150000	0,148587
254,160000	0,146038
254,170000	0,147313
254,180000	0,145401
254,190000	0,146675
254,200000	0,142851
254,210000	0,143488
254,220000	0,144763
254,230000	0,148587
254,240000	0,144763
254,250000	0,149862
254,260000	0,144763
254,270000	0,149225
254,280000	0,146675
254,290000	0,147313
254,300000	0,146038
254,310000	0,147313
254,320000	0,147313
254,330000	0,146038
254,340000	0,144763
254,350000	0,145401
254,360000	0,146038
254,370000	0,147950
254,380000	0,147313
254,390000	0,149225
254,400000	0,143488
254,410000	0,147950
254,420000	0,146038
254,430000	0,150499
254,440000	0,145401
254,450000	0,149225
254,460000	0,147313
254,470000	0,144763
254,480000	0,147313
254,490000	0,149862
254,500000	0,147950
254,510000	0,149225
254,520000	0,148587
254,530000	0,146675
254,540000	0,145401
254,550000	0,146038
254,560000	0,149862
254,570000	0,144126
254,580000	0,147950
254,590000	0,142851
254,600000	0,149225
254,610000	0,147950
254,620000	0,147313
254,630000	0,144763
254,640000	0,146038
254,650000	0,145401
254,660000	0,147950
254,670000	0,144763
254,680000	0,149862
254,690000	0,145401
254,700000	0,149225
254,710000	0,145401
254,720000	0,148587
254,730000	0,144763
254,740000	0,148587
254,750000	0,147313
254,760000	0,147950
254,770000	0,145401
254,780000	0,147950
254,790000	0,146675
254,800000	0,150499
254,810000	0,144126
254,820000	0,148587
254,830000	0,147950
254,840000	0,149862
254,850000	0,144763
254,860000	0,149862
254,870000	0,144763
254,880000	0,146675
254,890000	0,146675
254,900000	0,149862
254,910000	0,148587
254,920000	0,149862
254,930000	0,144763
254,940000	0,144763
254,950000	0,147950
254,960000	0,147313
254,970000	0,146038
254,980000	0,145401
254,990000	0,147950
255,000000	0,151137
255,010000	0,144763
255,020000	0,144763
255,030000	0,146038
255,040000	0,147313
255,050000	0,148587
255,060000	0,147313
255,070000	0,149862
255,080000	0,146675
255,090000	0,149225
255,100000	0,144126
255,110000	0,151137
255,120000	0,144126
255,130000	0,147313
255,140000	0,146675
255,150000	0,147313
255,160000	0,144763
255,170000	0,147950
255,180000	0,147313
255,190000	0,147950
255,200000	0,146675
255,210000	0,146675
255,220000	0,147313
255,230000	0,146038
255,240000	0,149225
255,250000	0,144763
255,260000	0,144763
255,270000	0,148587
255,280000	0,144126
255,290000	0,150499
255,300000	0,142851
255,310000	0,149862
255,320000	0,146038
255,330000	0,149225
255,340000	0,146675
255,350000	0,147313
255,360000	0,142851
255,370000	0,148587
255,380000	0,147313
255,390000	0,146675
255,400000	0,148587
255,410000	0,147313
255,420000	0,144763
255,430000	0,145401
255,440000	0,146675
255,450000	0,147950
255,460000	0,144763
255,470000	0,145401
255,480000	0,145401
255,490000	0,146675
255,500000	0,147313
255,510000	0,144763
255,520000	0,148587
255,530000	0,148587
255,540000	0,147313
255,550000	0,145401
255,560000	0,147313
255,570000	0,147313
255,580000	0,147313
255,590000	0,147313
255,600000	0,145401
255,610000	0,150499
255,620000	0,147313
255,630000	0,146038
255,640000	0,149225
255,650000	0,147313
255,660000	0,148587
255,670000	0,144126
255,680000	0,147313
255,690000	0,144126
255,700000	0,147313
255,710000	0,145401
255,720000	0,143488
255,730000	0,147313
255,740000	0,143488
255,750000	0,142214
255,760000	0,141576
255,770000	0,146038
255,780000	0,142214
255,790000	0,146675
255,800000	0,144763
255,810000	0,144126
255,820000	0,146675
255,830000	0,144126
255,840000	0,147313
255,850000	0,144763
255,860000	0,144763
255,870000	0,144126
255,880000	0,144126
255,890000	0,145401
255,900000	0,142214
255,910000	0,141576
255,920000	0,144763
255,930000	0,144763
255,940000	0,144126
255,950000	0,144126
255,960000	0,143488
255,970000	0,150499
255,980000	0,149862
255,990000	0,144763
256,000000	0,145401
256,010000	0,144126
256,020000	0,146675
256,030000	0,142851
256,040000	0,148587
256,050000	0,144763
256,060000	0,147950
256,070000	0,145401
256,080000	0,146038
256,090000	0,146038
256,100000	0,144126
256,110000	0,146038
256,120000	0,143488
256,130000	0,150499
256,140000	0,141576
256,150000	0,145401
256,160000	0,144763
256,170000	0,148587
256,180000	0,143488
256,190000	0,147950
256,200000	0,144763
256,210000	0,147950
256,220000	0,140939
256,230000	0,146038
256,240000	0,146675
256,250000	0,145401
256,260000	0,144763
256,270000	0,145401
256,280000	0,144763
256,290000	0,141576
256,300000	0,144126
256,310000	0,147313
256,320000	0,147950
256,330000	0,146675
256,340000	0,141576
256,350000	0,143488
256,360000	0,145401
256,370000	0,143488
256,380000	0,145401
256,390000	0,144763
256,400000	0,144126
256,410000	0,147313
256,420000	0,147950
256,430000	0,144126
256,440000	0,146038
256,450000	0,145401
256,460000	0,142214
256,470000	0,147313
256,480000	0,146038
256,490000	0,144126
256,500000	0,148587
256,510000	0,146038
256,520000	0,144763
256,530000	0,144126
256,540000	0,145401
256,550000	0,149225
256,560000	0,146038
256,570000	0,146675
256,580000	0,145401
256,590000	0,146675
256,600000	0,146675
256,610000	0,146675
256,620000	0,147950
256,630000	0,147950
256,640000	0,147950
256,650000	0,146675
256,660000	0,142851
256,670000	0,142851
256,680000	0,149225
256,690000	0,147313
256,700000	0,146038
256,710000	0,150499
256,720000	0,149225
256,730000	0,144763
256,740000	0,147950
256,750000	0,144126
256,760000	0,148587
256,770000	0,146675
256,780000	0,146675
256,790000	0,149225
256,800000	0,147313
256,810000	0,149862
256,820000	0,150499
256,830000	0,147313
256,840000	0,142214
256,850000	0,148587
256,860000	0,146038
256,870000	0,147950
256,880000	0,146038
256,890000	0,147950
256,900000	0,151137
256,910000	0,147313
256,920000	0,147950
256,930000	0,146675
256,940000	0,142851
256,950000	0,146675
256,960000	0,147950
256,970000	0,146675
256,980000	0,147950
256,990000	0,147313
257,000000	0,147950
257,010000	0,147950
257,020000	0,143488
257,030000	0,146675
257,040000	0,147313
257,050000	0,149225
257,060000	0,146038
257,070000	0,144763
257,080000	0,149862
257,090000	0,147313
257,100000	0,147313
257,110000	0,147313
257,120000	0,148587
257,130000	0,144763
257,140000	0,147950
257,150000	0,145401
257,160000	0,144126
257,170000	0,146675
257,180000	0,152412
257,190000	0,145401
257,200000	0,148587
257,210000	0,144763
257,220000	0,150499
257,230000	0,149225
257,240000	0,146038
257,250000	0,146038
257,260000	0,149862
257,270000	0,145401
257,280000	0,151137
257,290000	0,147313
257,300000	0,144126
257,310000	0,146675
257,320000	0,147313
257,330000	0,145401
257,340000	0,147950
257,350000	0,147950
257,360000	0,147313
257,370000	0,146675
257,380000	0,145401
257,390000	0,149225
257,400000	0,145401
257,410000	0,147313
257,420000	0,144763
257,430000	0,147950
257,440000	0,144763
257,450000	0,149862
257,460000	0,147950
257,470000	0,149225
257,480000	0,142851
257,490000	0,144763
257,500000	0,143488
257,510000	0,149862
257,520000	0,145401
257,530000	0,149225
257,540000	0,143488
257,550000	0,146038
257,560000	0,147950
257,570000	0,145401
257,580000	0,146038
257,590000	0,148587
257,600000	0,147950
257,610000	0,147313
257,620000	0,144126
257,630000	0,148587
257,640000	0,147313
257,650000	0,146038
257,660000	0,146038
257,670000	0,147313
257,680000	0,145401
257,690000	0,151137
257,700000	0,144763
257,710000	0,148587
257,720000	0,143488
257,730000	0,146675
257,740000	0,144126
257,750000	0,146038
257,760000	0,142851
257,770000	0,144763
257,780000	0,143488
257,790000	0,146675
257,800000	0,142851
257,810000	0,147313
257,820000	0,142851
257,830000	0,146675
257,840000	0,143488
257,850000	0,147950
257,860000	0,147313
257,870000	0,143488
257,880000	0,147313
257,890000	0,144126
257,900000	0,145401
257,910000	0,142851
257,920000	0,146038
257,930000	0,144126
257,940000	0,145401
257,950000	0,147950
257,960000	0,147950
257,970000	0,145401
257,980000	0,147313
257,990000	0,145401
258,000000	0,142851
258,010000	0,142851
258,020000	0,144126
258,030000	0,142851
258,040000	0,144126
258,050000	0,145401
258,060000	0,146038
258,070000	0,147313
258,080000	0,146675
258,090000	0,142851
258,100000	0,150499
258,110000	0,141576
258,120000	0,147950
258,130000	0,142214
258,140000	0,147313
258,150000	0,142851
258,160000	0,149225
258,170000	0,142214
258,180000	0,145401
258,190000	0,144763
258,200000	0,148587
258,210000	0,142214
258,220000	0,144763
258,230000	0,144763
258,240000	0,146675
258,250000	0,143488
258,260000	0,148587
258,270000	0,142214
258,280000	0,145401
258,290000	0,140939
258,300000	0,145401
258,310000	0,142851
258,320000	0,147313
258,330000	0,145401
258,340000	0,145401
258,350000	0,144763
258,360000	0,144763
258,370000	0,142851
258,380000	0,143488
258,390000	0,142851
258,400000	0,145401
258,410000	0,143488
258,420000	0,142851
258,430000	0,143488
258,440000	0,147950
258,450000	0,144126
258,460000	0,146038
258,470000	0,145401
258,480000	0,147313
258,490000	0,145401
258,500000	0,144126
258,510000	0,143488
258,520000	0,146038
258,530000	0,146038
258,540000	0,148587
258,550000	0,146675
258,560000	0,146038
258,570000	0,146675
258,580000	0,145401
258,590000	0,147950
258,600000	0,145401
258,610000	0,146038
258,620000	0,140939
258,630000	0,146675
258,640000	0,147313
258,650000	0,147950
258,660000	0,148587
258,670000	0,148587
258,680000	0,146675
258,690000	0,149225
258,700000	0,147313
258,710000	0,146675
258,720000	0,148587
258,730000	0,145401
258,740000	0,145401
258,750000	0,147313
258,760000	0,147950
258,770000	0,148587
258,780000	0,146038
258,790000	0,149862
258,800000	0,142851
258,810000	0,149225
258,820000	0,146038
258,830000	0,147313
258,840000	0,146038
258,850000	0,147313
258,860000	0,145401
258,870000	0,147313
258,880000	0,146038
258,890000	0,148587
258,900000	0,150499
258,910000	0,144763
258,920000	0,149225
258,930000	0,146675
258,940000	0,144763
258,950000	0,147950
258,960000	0,147313
258,970000	0,147313
258,980000	0,144763
258,990000	0,144763
259,000000	0,147313
259,010000	0,146038
259,020000	0,149862
259,030000	0,147313
259,040000	0,148587
259,050000	0,148587
259,060000	0,147950
259,070000	0,146038
259,080000	0,147313
259,090000	0,147950
259,100000	0,146038
259,110000	0,147950
259,120000	0,141576
259,130000	0,144126
259,140000	0,149225
259,150000	0,147313
259,160000	0,149225
259,170000	0,147950
259,180000	0,146675
259,190000	0,147313
259,200000	0,147313
259,210000	0,149862
259,220000	0,146675
259,230000	0,147313
259,240000	0,144763
259,250000	0,144763
259,260000	0,145401
259,270000	0,147950
259,280000	0,150499
259,290000	0,146675
259,300000	0,147950
259,310000	0,148587
259,320000	0,147950
259,330000	0,148587
259,340000	0,149225
259,350000	0,147950
259,360000	0,149862
259,370000	0,148587
259,380000	0,150499
259,390000	0,142851
259,400000	0,146675
259,410000	0,142851
259,420000	0,151137
259,430000	0,146675
259,440000	0,151774
259,450000	0,148587
259,460000	0,150499
259,470000	0,142851
259,480000	0,151774
259,490000	0,146675
259,500000	0,147313
259,510000	0,143488
259,520000	0,146038
259,530000	0,145401
259,540000	0,142851
259,550000	0,145401
259,560000	0,140939
259,570000	0,145401
259,580000	0,137752
259,590000	0,144126
259,600000	0,142851
259,610000	0,147313
259,620000	0,146038
259,630000	0,149225
259,640000	0,144763
259,650000	0,146675
259,660000	0,142851
259,670000	0,147950
259,680000	0,145401
259,690000	0,149225
259,700000	0,146675
259,710000	0,146675
259,720000	0,146038
259,730000	0,146675
259,740000	0,147313
259,750000	0,147313
259,760000	0,147313
259,770000	0,144126
259,780000	0,142851
259,790000	0,142851
259,800000	0,144763
259,810000	0,143488
259,820000	0,147950
259,830000	0,140939
259,840000	0,146675
259,850000	0,142851
259,860000	0,145401
259,870000	0,143488
259,880000	0,147950
259,890000	0,145401
259,900000	0,148587
259,910000	0,142851
259,920000	0,144763
259,930000	0,146038
259,940000	0,147950
259,950000	0,146675
259,960000	0,145401
259,970000	0,142851
259,980000	0,146675
259,990000	0,142214
260,000000	0,144763
260,010000	0,146038
260,020000	0,145401
260,030000	0,141576
260,040000	0,142214
260,050000	0,146038
260,060000	0,143488
260,070000	0,145401
260,080000	0,142851
260,090000	0,142214
260,100000	0,144763
260,110000	0,142851
260,120000	0,145401
260,130000	0,141576
260,140000	0,146038
260,150000	0,144126
260,160000	0,144763
260,170000	0,142851
260,180000	0,142851
260,190000	0,144126
260,200000	0,144763
260,210000	0,145401
260,220000	0,145401
260,230000	0,144763
260,240000	0,142851
260,250000	0,145401
260,260000	0,146675
260,270000	0,147313
260,280000	0,147313
260,290000	0,143488
260,300000	0,146038
260,310000	0,144126
260,320000	0,142851
260,330000	0,141576
260,340000	0,144126
260,350000	0,146038
260,360000	0,147950
260,370000	0,147313
260,380000	0,144126
260,390000	0,145401
260,400000	0,143488
260,410000	0,142851
260,420000	0,142214
260,430000	0,144763
260,440000	0,145401
260,450000	0,146675
260,460000	0,147313
260,470000	0,149862
260,480000	0,145401
260,490000	0,144126
260,500000	0,144126
260,510000	0,146675
260,520000	0,147950
260,530000	0,146675
260,540000	0,143488
260,550000	0,148587
260,560000	0,142851
260,570000	0,144126
260,580000	0,145401
260,590000	0,142851
260,600000	0,144126
260,610000	0,147313
260,620000	0,146038
260,630000	0,147313
260,640000	0,146675
260,650000	0,142214
260,660000	0,144763
260,670000	0,140939
260,680000	0,149225
260,690000	0,144763
260,700000	0,150499
260,710000	0,144763
260,720000	0,148587
260,730000	0,142214
260,740000	0,144763
260,750000	0,144126
260,760000	0,146038
260,770000	0,143488
260,780000	0,148587
260,790000	0,142851
260,800000	0,146038
260,810000	0,145401
260,820000	0,147950
260,830000	0,146038
260,840000	0,146675
260,850000	0,147950
260,860000	0,146675
260,870000	0,148587
260,880000	0,147950
260,890000	0,149225
260,900000	0,147313
260,910000	0,148587
260,920000	0,146038
260,930000	0,150499
260,940000	0,146675
260,950000	0,146038
260,960000	0,144763
260,970000	0,146038
260,980000	0,148587
260,990000	0,144763
261,000000	0,150499
261,010000	0,145401
261,020000	0,149225
261,030000	0,149225
261,040000	0,147313
261,050000	0,146675
261,060000	0,146038
261,070000	0,149862
261,080000	0,148587
261,090000	0,147313
261,100000	0,146675
261,110000	0,144763
261,120000	0,147313
261,130000	0,147950
261,140000	0,147950
261,150000	0,147313
261,160000	0,148587
261,170000	0,147313
261,180000	0,146038
261,190000	0,148587
261,200000	0,146675
261,210000	0,148587
261,220000	0,145401
261,230000	0,147950
261,240000	0,148587
261,250000	0,149225
261,260000	0,147950
261,270000	0,151137
261,280000	0,145401
261,290000	0,146675
261,300000	0,146038
261,310000	0,146038
261,320000	0,143488
261,330000	0,148587
261,340000	0,146675
261,350000	0,144763
261,360000	0,141576
261,370000	0,146675
261,380000	0,145401
261,390000	0,146675
261,400000	0,149862
261,410000	0,147313
261,420000	0,148587
261,430000	0,147313
261,440000	0,150499
261,450000	0,147313
261,460000	0,147313
261,470000	0,143488
261,480000	0,146038
261,490000	0,145401
261,500000	0,146675
261,510000	0,146675
261,520000	0,148587
261,530000	0,143488
261,540000	0,149225
261,550000	0,143488
261,560000	0,149862
261,570000	0,144763
261,580000	0,153686
261,590000	0,148587
261,600000	0,153049
261,610000	0,146038
261,620000	0,151774
261,630000	0,141576
261,640000	0,149862
261,650000	0,146038
261,660000	0,151774
261,670000	0,146675
261,680000	0,144126
261,690000	0,144763
261,700000	0,149225
261,710000	0,145401
261,720000	0,143488
261,730000	0,144126
261,740000	0,148587
261,750000	0,143488
261,760000	0,145401
261,770000	0,142851
261,780000	0,147950
261,790000	0,144763
261,800000	0,146675
261,810000	0,146675
261,820000	0,144763
261,830000	0,147950
261,840000	0,149225
261,850000	0,142851
261,860000	0,146038
261,870000	0,146675
261,880000	0,145401
261,890000	0,143488
261,900000	0,146675
261,910000	0,144763
261,920000	0,144763
261,930000	0,145401
261,940000	0,142214
261,950000	0,142851
261,960000	0,144126
261,970000	0,144126
261,980000	0,147313
261,990000	0,142851
262,000000	0,144126
262,010000	0,144126
262,020000	0,142214
262,030000	0,141576
262,040000	0,147313
262,050000	0,141576
262,060000	0,144126
262,070000	0,140302
262,080000	0,147313
262,090000	0,145401
262,100000	0,142851
262,110000	0,144126
262,120000	0,145401
262,130000	0,142214
262,140000	0,147950
262,150000	0,143488
262,160000	0,147313
262,170000	0,143488
262,180000	0,142214
262,190000	0,139664
262,200000	0,143488
262,210000	0,144126
262,220000	0,144763
262,230000	0,144763
262,240000	0,142851
262,250000	0,147313
262,260000	0,142851
262,270000	0,149225
262,280000	0,142214
262,290000	0,146038
262,300000	0,143488
262,310000	0,143488
262,320000	0,147313
262,330000	0,142214
262,340000	0,144763
262,350000	0,141576
262,360000	0,143488
262,370000	0,142214
262,380000	0,142851
262,390000	0,144763
262,400000	0,142851
262,410000	0,142851
262,420000	0,142851
262,430000	0,145401
262,440000	0,142851
262,450000	0,146038
262,460000	0,151137
262,470000	0,142851
262,480000	0,141576
262,490000	0,145401
262,500000	0,140939
262,510000	0,142214
262,520000	0,142851
262,530000	0,143488
262,540000	0,142851
262,550000	0,143488
262,560000	0,140939
262,570000	0,146038
262,580000	0,140939
262,590000	0,141576
262,600000	0,142214
262,610000	0,146675
262,620000	0,148587
262,630000	0,146675
262,640000	0,143488
262,650000	0,145401
262,660000	0,140302
262,670000	0,146038
262,680000	0,145401
262,690000	0,147313
262,700000	0,147313
262,710000	0,144763
262,720000	0,146038
262,730000	0,140939
262,740000	0,146038
262,750000	0,145401
262,760000	0,146675
262,770000	0,143488
262,780000	0,147950
262,790000	0,147950
262,800000	0,144126
262,810000	0,146038
262,820000	0,146675
262,830000	0,141576
262,840000	0,147950
262,850000	0,142851
262,860000	0,147313
262,870000	0,143488
262,880000	0,145401
262,890000	0,147313
262,900000	0,146675
262,910000	0,149862
262,920000	0,147950
262,930000	0,149862
262,940000	0,144126
262,950000	0,147313
262,960000	0,143488
262,970000	0,148587
262,980000	0,144126
262,990000	0,149225
263,000000	0,147313
263,010000	0,145401
263,020000	0,146675
263,030000	0,143488
263,040000	0,147313
263,050000	0,144763
263,060000	0,147950
263,070000	0,147950
263,080000	0,147950
263,090000	0,150499
263,100000	0,142851
263,110000	0,142851
263,120000	0,145401
263,130000	0,147313
263,140000	0,142851
263,150000	0,142851
263,160000	0,145401
263,170000	0,147950
263,180000	0,143488
263,190000	0,147313
263,200000	0,147313
263,210000	0,145401
263,220000	0,150499
263,230000	0,142851
263,240000	0,151774
263,250000	0,146038
263,260000	0,144763
263,270000	0,148587
263,280000	0,144126
263,290000	0,147950
263,300000	0,145401
263,310000	0,147950
263,320000	0,144763
263,330000	0,146675
263,340000	0,144126
263,350000	0,146675
263,360000	0,147950
263,370000	0,144126
263,380000	0,150499
263,390000	0,146675
263,400000	0,147950
263,410000	0,146675
263,420000	0,152412
263,430000	0,143488
263,440000	0,144763
263,450000	0,151137
263,460000	0,151774
263,470000	0,148587
263,480000	0,147950
263,490000	0,149225
263,500000	0,149862
263,510000	0,144763
263,520000	0,149225
263,530000	0,149862
263,540000	0,147950
263,550000	0,147313
263,560000	0,148587
263,570000	0,144763
263,580000	0,139027
263,590000	0,147313
263,600000	0,147950
263,610000	0,148587
263,620000	0,146038
263,630000	0,149225
263,640000	0,144763
263,650000	0,144763
263,660000	0,144763
263,670000	0,144763
263,680000	0,144763
263,690000	0,146675
263,700000	0,147950
263,710000	0,151137
263,720000	0,143488
263,730000	0,146038
263,740000	0,147313
263,750000	0,143488
263,760000	0,147950
263,770000	0,144126
263,780000	0,140939
263,790000	0,150499
263,800000	0,147950
263,810000	0,149862
263,820000	0,145401
263,830000	0,145401
263,840000	0,144126
263,850000	0,144763
263,860000	0,148587
263,870000	0,142851
263,880000	0,146038
263,890000	0,142214
263,900000	0,147313
263,910000	0,146675
263,920000	0,144763
263,930000	0,145401
263,940000	0,146038
263,950000	0,145401
263,960000	0,147950
263,970000	0,144126
263,980000	0,144126
263,990000	0,144126
264,000000	0,144763
264,010000	0,142851
264,020000	0,142851
264,030000	0,144126
264,040000	0,148587
264,050000	0,146038
264,060000	0,142851
264,070000	0,146675
264,080000	0,146038
264,090000	0,147950
264,100000	0,145401
264,110000	0,147950
264,120000	0,144763
264,130000	0,144763
264,140000	0,141576
264,150000	0,147950
264,160000	0,142851
264,170000	0,145401
264,180000	0,144126
264,190000	0,149862
264,200000	0,144763
264,210000	0,146675
264,220000	0,143488
264,230000	0,147950
264,240000	0,144763
264,250000	0,148587
264,260000	0,146675
264,270000	0,143488
264,280000	0,142214
264,290000	0,148587
264,300000	0,144126
264,310000	0,141576
264,320000	0,140302
264,330000	0,144763
264,340000	0,142214
264,350000	0,144126
264,360000	0,143488
264,370000	0,145401
264,380000	0,140939
264,390000	0,142851
264,400000	0,144763
264,410000	0,144126
264,420000	0,142851
264,430000	0,140302
264,440000	0,144763
264,450000	0,144126
264,460000	0,145401
264,470000	0,146038
264,480000	0,147950
264,490000	0,142851
264,500000	0,141576
264,510000	0,146038
264,520000	0,143488
264,530000	0,144126
264,540000	0,142851
264,550000	0,146038
264,560000	0,142851
264,570000	0,145401
264,580000	0,142214
264,590000	0,147950
264,600000	0,145401
264,610000	0,146038
264,620000	0,142214
264,630000	0,145401
264,640000	0,144126
264,650000	0,148587
264,660000	0,143488
264,670000	0,142851
264,680000	0,146675
264,690000	0,148587
264,700000	0,146038
264,710000	0,147950
264,720000	0,144763
264,730000	0,147313
264,740000	0,146675
264,750000	0,146675
264,760000	0,146675
264,770000	0,143488
264,780000	0,141576
264,790000	0,147950
264,800000	0,146675
264,810000	0,147313
264,820000	0,142851
264,830000	0,142214
264,840000	0,143488
264,850000	0,145401
264,860000	0,145401
264,870000	0,145401
264,880000	0,142851
264,890000	0,147313
264,900000	0,145401
264,910000	0,145401
264,920000	0,147313
264,930000	0,144763
264,940000	0,142214
264,950000	0,143488
264,960000	0,143488
264,970000	0,141576
264,980000	0,141576
264,990000	0,145401
265,000000	0,144126
265,010000	0,142214
265,020000	0,142851
265,030000	0,145401
265,040000	0,142851
265,050000	0,145401
265,060000	0,149225
265,070000	0,144126
265,080000	0,147313
265,090000	0,146675
265,100000	0,149862
265,110000	0,142851
265,120000	0,149862
265,130000	0,143488
265,140000	0,147950
265,150000	0,146038
265,160000	0,146675
265,170000	0,146038
265,180000	0,148587
265,190000	0,144763
265,200000	0,143488
265,210000	0,142851
265,220000	0,147313
265,230000	0,142214
265,240000	0,149862
265,250000	0,147313
265,260000	0,148587
265,270000	0,145401
265,280000	0,147950
265,290000	0,148587
265,300000	0,145401
265,310000	0,147313
265,320000	0,148587
265,330000	0,142851
265,340000	0,151774
265,350000	0,142214
265,360000	0,148587
265,370000	0,147950
265,380000	0,149862
265,390000	0,147950
265,400000	0,145401
265,410000	0,146038
265,420000	0,147950
265,430000	0,145401
265,440000	0,145401
265,450000	0,142214
265,460000	0,151774
265,470000	0,143488
265,480000	0,144763
265,490000	0,147950
265,500000	0,150499
265,510000	0,146675
265,520000	0,148587
265,530000	0,146675
265,540000	0,149862
265,550000	0,144763
265,560000	0,144763
265,570000	0,144126
265,580000	0,148587
265,590000	0,144763
265,600000	0,152412
265,610000	0,144763
265,620000	0,150499
265,630000	0,144763
265,640000	0,153049
265,650000	0,146675
265,660000	0,147950
265,670000	0,144763
265,680000	0,147313
265,690000	0,144763
265,700000	0,147950
265,710000	0,144763
265,720000	0,147950
265,730000	0,145401
265,740000	0,147950
265,750000	0,148587
265,760000	0,143488
265,770000	0,146675
265,780000	0,144126
265,790000	0,146675
265,800000	0,146675
265,810000	0,146675
265,820000	0,148587
265,830000	0,147313
265,840000	0,148587
265,850000	0,147950
265,860000	0,150499
265,870000	0,146675
265,880000	0,145401
265,890000	0,142214
265,900000	0,148587
265,910000	0,145401
265,920000	0,148587
265,930000	0,140939
265,940000	0,146675
265,950000	0,142851
265,960000	0,147950
265,970000	0,143488
265,980000	0,147950
265,990000	0,142851
266,000000	0,147950
266,010000	0,142851
266,020000	0,144763
266,030000	0,146038
266,040000	0,147950
266,050000	0,144126
266,060000	0,146038
266,070000	0,142214
266,080000	0,146038
266,090000	0,143488
266,100000	0,146675
266,110000	0,144126
266,120000	0,146675
266,130000	0,149225
266,140000	0,144126
266,150000	0,150499
266,160000	0,142851
266,170000	0,140939
266,180000	0,142214
266,190000	0,142851
266,200000	0,144763
266,210000	0,147950
266,220000	0,144763
266,230000	0,147950
266,240000	0,144763
266,250000	0,147313
266,260000	0,140302
266,270000	0,147950
266,280000	0,142214
266,290000	0,147313
266,300000	0,143488
266,310000	0,145401
266,320000	0,142851
266,330000	0,146675
266,340000	0,145401
266,350000	0,147950
266,360000	0,146675
266,370000	0,142851
266,380000	0,144763
266,390000	0,139664
266,400000	0,144763
266,410000	0,141576
266,420000	0,143488
266,430000	0,140302
266,440000	0,144763
266,450000	0,146675
266,460000	0,145401
266,470000	0,148587
266,480000	0,150499
266,490000	0,146038
266,500000	0,146038
266,510000	0,138390
266,520000	0,146038
266,530000	0,144763
266,540000	0,142214
266,550000	0,144763
266,560000	0,144126
266,570000	0,141576
266,580000	0,147313
266,590000	0,140302
266,600000	0,142851
266,610000	0,142214
266,620000	0,147313
266,630000	0,144126
266,640000	0,143488
266,650000	0,142851
266,660000	0,146675
266,670000	0,142214
266,680000	0,138390
266,690000	0,142851
266,700000	0,140939
266,710000	0,142851
266,720000	0,147950
266,730000	0,144763
266,740000	0,144126
266,750000	0,147313
266,760000	0,144126
266,770000	0,140302
266,780000	0,144126
266,790000	0,146038
266,800000	0,146675
266,810000	0,142214
266,820000	0,142851
266,830000	0,144763
266,840000	0,144126
266,850000	0,140939
266,860000	0,144763
266,870000	0,143488
266,880000	0,142851
266,890000	0,142214
266,900000	0,147950
266,910000	0,146038
266,920000	0,144763
266,930000	0,144763
266,940000	0,147313
266,950000	0,146038
266,960000	0,144763
266,970000	0,146038
266,980000	0,147950
266,990000	0,147313
267,000000	0,147313
267,010000	0,144126
267,020000	0,142851
267,030000	0,144763
267,040000	0,144763
267,050000	0,144763
267,060000	0,146038
267,070000	0,146675
267,080000	0,144126
267,090000	0,141576
267,100000	0,146675
267,110000	0,146675
267,120000	0,146675
267,130000	0,144763
267,140000	0,145401
267,150000	0,146038
267,160000	0,142851
267,170000	0,147313
267,180000	0,145401
267,190000	0,147950
267,200000	0,148587
267,210000	0,149862
267,220000	0,142851
267,230000	0,151774
267,240000	0,148587
267,250000	0,146675
267,260000	0,142851
267,270000	0,146675
267,280000	0,146675
267,290000	0,149225
267,300000	0,147313
267,310000	0,147950
267,320000	0,145401
267,330000	0,147313
267,340000	0,140939
267,350000	0,148587
267,360000	0,147950
267,370000	0,148587
267,380000	0,145401
267,390000	0,147950
267,400000	0,140939
267,410000	0,143488
267,420000	0,144763
267,430000	0,144126
267,440000	0,147950
267,450000	0,140302
267,460000	0,145401
267,470000	0,146675
267,480000	0,145401
267,490000	0,142214
267,500000	0,144126
267,510000	0,149225
267,520000	0,150499
267,530000	0,143488
267,540000	0,144763
267,550000	0,144126
267,560000	0,146675
267,570000	0,146038
267,580000	0,149225
267,590000	0,147950
267,600000	0,143488
267,610000	0,146675
267,620000	0,151137
267,630000	0,146675
267,640000	0,147950
267,650000	0,146675
267,660000	0,147950
267,670000	0,147313
267,680000	0,150499
267,690000	0,145401
267,700000	0,144763
267,710000	0,147950
267,720000	0,153049
267,730000	0,142214
267,740000	0,146675
267,750000	0,147313
267,760000	0,149862
267,770000	0,147313
267,780000	0,146675
267,790000	0,141576
267,800000	0,143488
267,810000	0,148587
267,820000	0,143488
267,830000	0,144763
267,840000	0,144126
267,850000	0,143488
267,860000	0,144126
267,870000	0,144763
267,880000	0,146675
267,890000	0,150499
267,900000	0,149862
267,910000	0,149225
267,920000	0,143488
267,930000	0,148587
267,940000	0,149225
267,950000	0,142851
267,960000	0,144763
267,970000	0,144126
267,980000	0,150499
267,990000	0,143488
268,000000	0,147950
268,010000	0,141576
268,020000	0,146038
268,030000	0,145401
268,040000	0,143488
268,050000	0,142851
268,060000	0,147313
268,070000	0,147950
268,080000	0,147950
268,090000	0,142851
268,100000	0,147313
268,110000	0,147950
268,120000	0,143488
268,130000	0,145401
268,140000	0,144126
268,150000	0,145401
268,160000	0,146038
268,170000	0,149225
268,180000	0,146038
268,190000	0,143488
268,200000	0,144126
268,210000	0,149225
268,220000	0,145401
268,230000	0,146675
268,240000	0,144126
268,250000	0,148587
268,260000	0,147950
268,270000	0,147950
268,280000	0,146675
268,290000	0,145401
268,300000	0,144763
268,310000	0,141576
268,320000	0,139664
268,330000	0,145401
268,340000	0,146675
268,350000	0,148587
268,360000	0,146675
268,370000	0,150499
268,380000	0,144763
268,390000	0,146038
268,400000	0,147950
268,410000	0,139664
268,420000	0,145401
268,430000	0,145401
268,440000	0,146675
268,450000	0,142851
268,460000	0,146675
268,470000	0,147950
268,480000	0,142214
268,490000	0,143488
268,500000	0,144126
268,510000	0,144763
268,520000	0,144126
268,530000	0,145401
268,540000	0,143488
268,550000	0,144126
268,560000	0,140302
268,570000	0,146675
268,580000	0,138390
268,590000	0,139664
268,600000	0,145401
268,610000	0,145401
268,620000	0,146675
268,630000	0,144763
268,640000	0,139027
268,650000	0,142851
268,660000	0,137752
268,670000	0,142851
268,680000	0,151137
268,690000	0,142851
268,700000	0,144763
268,710000	0,144763
268,720000	0,147313
268,730000	0,142851
268,740000	0,146675
268,750000	0,146038
268,760000	0,142214
268,770000	0,147950
268,780000	0,147313
268,790000	0,143488
268,800000	0,141576
268,810000	0,142851
268,820000	0,147313
268,830000	0,142851
268,840000	0,145401
268,850000	0,142851
268,860000	0,145401
268,870000	0,144126
268,880000	0,142851
268,890000	0,145401
268,900000	0,147313
268,910000	0,150499
268,920000	0,146038
268,930000	0,147313
268,940000	0,147950
268,950000	0,144763
268,960000	0,140302
268,970000	0,142214
268,980000	0,147313
268,990000	0,142851
269,000000	0,142851
269,010000	0,147313
269,020000	0,146038
269,030000	0,143488
269,040000	0,149225
269,050000	0,145401
269,060000	0,142214
269,070000	0,144763
269,080000	0,145401
269,090000	0,143488
269,100000	0,146038
269,110000	0,142214
269,120000	0,146038
269,130000	0,149225
269,140000	0,140302
269,150000	0,141576
269,160000	0,147950
269,170000	0,143488
269,180000	0,147950
269,190000	0,147313
269,200000	0,146675
269,210000	0,147313
269,220000	0,146038
269,230000	0,150499
269,240000	0,149225
269,250000	0,144763
269,260000	0,146038
269,270000	0,147313
269,280000	0,145401
269,290000	0,143488
269,300000	0,153049
269,310000	0,142851
269,320000	0,146675
269,330000	0,142851
269,340000	0,149862
269,350000	0,146675
269,360000	0,144763
269,370000	0,147950
269,380000	0,142851
269,390000	0,150499
269,400000	0,142851
269,410000	0,144763
269,420000	0,148587
269,430000	0,149225
269,440000	0,144126
269,450000	0,151137
269,460000	0,139027
269,470000	0,144763
269,480000	0,149225
269,490000	0,146675
269,500000	0,144763
269,510000	0,151137
269,520000	0,149225
269,530000	0,158785
269,540000	0,145401
269,550000	0,150499
269,560000	0,154961
269,570000	0,140939
269,580000	0,144126
269,590000	0,136477
269,600000	0,153049
269,610000	0,147313
269,620000	0,136477
269,630000	0,136477
269,640000	0,130741
269,650000	0,142214
269,660000	0,142851
269,670000	0,139027
269,680000	0,142214
269,690000	0,143488
269,700000	0,146038
269,710000	0,142851
269,720000	0,142214
269,730000	0,142851
269,740000	0,149225
269,750000	0,142851
269,760000	0,133928
269,770000	0,151774
269,780000	0,147313
269,790000	0,147950
269,800000	0,142214
269,810000	0,142214
269,820000	0,147950
269,830000	0,146038
269,840000	0,147950
269,850000	0,141576
269,860000	0,161972
269,870000	0,144763
269,880000	0,166434
269,890000	0,152412
269,900000	0,142851
269,910000	0,167708
269,920000	0,147313
269,930000	0,153049
269,940000	0,138390
269,950000	0,145401
269,960000	0,133928
269,970000	0,145401
269,980000	0,111620
269,990000	0,147313
270,000000	0,141576
270,010000	0,142214
270,020000	0,150499
270,030000	0,204676
270,040000	0,148587
270,050000	0,147950
270,060000	0,149862
270,070000	0,153049
270,080000	0,177906
270,090000	0,157511
270,100000	0,140939
270,110000	0,145401
270,120000	0,144763
270,130000	0,118631
270,140000	0,142214
270,150000	0,126917
270,160000	0,150499
270,170000	0,147313
270,180000	0,146675
270,190000	0,144126
270,200000	0,140939
270,210000	0,151774
270,220000	0,140302
270,230000	0,141576
270,240000	0,147313
270,250000	0,146675
270,260000	0,137752
270,270000	0,135840
270,280000	0,144763
270,290000	0,144763
270,300000	0,138390
270,310000	0,149862
270,320000	0,135840
270,330000	0,144126
270,340000	0,146675
270,350000	0,144126
270,360000	0,154324
270,370000	0,135203
270,380000	0,139664
270,390000	0,153049
270,400000	0,128829
270,410000	0,126280
270,420000	0,120543
270,430000	0,126280
270,440000	0,137752
270,450000	0,112258
270,460000	0,143488
270,470000	0,139027
270,480000	0,144126
270,490000	0,130741
270,500000	0,154961
270,510000	0,151774
270,520000	0,147950
270,530000	0,161972
270,540000	0,158148
270,550000	0,167071
270,560000	0,151137
270,570000	0,148587
270,580000	0,146675
270,590000	0,153049
270,600000	0,160697
270,610000	0,148587
270,620000	0,151774
270,630000	0,148587
270,640000	0,144763
270,650000	0,135203
270,660000	0,150499
270,670000	0,143488
270,680000	0,142851
270,690000	0,126280
270,700000	0,153049
270,710000	0,140939
270,720000	0,173445
270,730000	0,141576
270,740000	0,123730
270,750000	0,145401
270,760000	0,146675
270,770000	0,106521
270,780000	0,147950
270,790000	0,165159
270,800000	0,143488
270,810000	0,142214
270,820000	0,174719
270,830000	0,145401
270,840000	0,153049
270,850000	0,151137
270,860000	0,155598
270,870000	0,146675
270,880000	0,140302
270,890000	0,081027
270,900000	0,139664
270,910000	0,117356
270,920000	0,142214
270,930000	0,149225
270,940000	0,162609
270,950000	0,140939
270,960000	0,117994
270,970000	0,139027
270,980000	0,145401
270,990000	0,144763
271,000000	0,143488
271,010000	0,172170
271,020000	0,140302
271,030000	0,149225
271,040000	0,151137
271,050000	0,143488
271,060000	0,139664
271,070000	0,147313
271,080000	0,139664
271,090000	0,138390
271,100000	0,135203
271,110000	0,143488
271,120000	0,132653
271,130000	0,144126
271,140000	0,147313
271,150000	0,149862
271,160000	0,144763
271,170000	0,151774
271,180000	0,154324
271,190000	0,153686
271,200000	0,154961
271,210000	0,153686
271,220000	0,156236
271,230000	0,135840
271,240000	0,136477
271,250000	0,150499
271,260000	0,139027
271,270000	0,143488
271,280000	0,137115
271,290000	0,146675
271,300000	0,157511
271,310000	0,137752
271,320000	0,179818
271,330000	0,172170
271,340000	0,153686
271,350000	0,168983
271,360000	0,182368
271,370000	0,162609
271,380000	0,153049
271,390000	0,146675
271,400000	0,170895
271,410000	0,137115
271,420000	0,145401
271,430000	0,136477
271,440000	0,128829
271,450000	0,121818
271,460000	0,132016
271,470000	0,138390
271,480000	0,137115
271,490000	0,134565
271,500000	0,125005
271,510000	0,139027
271,520000	0,147950
271,530000	0,130741
271,540000	0,148587
271,550000	0,150499
271,560000	0,141576
271,570000	0,149862
271,580000	0,147313
271,590000	0,163884
271,600000	0,137115
271,610000	0,140302
271,620000	0,125005
271,630000	0,141576
271,640000	0,123730
271,650000	0,149225
271,660000	0,142851
271,670000	0,178544
271,680000	0,148587
271,690000	0,188741
271,700000	0,136477
271,710000	0,136477
271,720000	0,130104
271,730000	0,146675
271,740000	0,140939
271,750000	0,147313
271,760000	0,095686
271,770000	0,142851
271,780000	0,147313
271,790000	0,205950
271,800000	0,144763
271,810000	0,176631
271,820000	0,144763
271,830000	0,145401
271,840000	0,145401
271,850000	0,139027
271,860000	0,186829
271,870000	0,147313
271,880000	0,116082
271,890000	0,151774
271,900000	0,155598
271,910000	0,151137
271,920000	0,157511
271,930000	0,107796
271,940000	0,150499
271,950000	0,149862
271,960000	0,140302
271,970000	0,142851
271,980000	0,144763
271,990000	0,134565
272,000000	0,138390
272,010000	0,154324
272,020000	0,148587
272,030000	0,155598
272,040000	0,153686
272,050000	0,135203
272,060000	0,153049
272,070000	0,141576
272,080000	0,142214
272,090000	0,130104
272,100000	0,141576
272,110000	0,137752
272,120000	0,160697
272,130000	0,127554
272,140000	0,147950
272,150000	0,154324
272,160000	0,128192
272,170000	0,131379
272,180000	0,171533
272,190000	0,112895
272,200000	0,136477
272,210000	0,163247
272,220000	0,113532
272,230000	0,144126
272,240000	0,119269
272,250000	0,143488
272,260000	0,144763
272,270000	0,144126
272,280000	0,153049
272,290000	0,161335
272,300000	0,140302
272,310000	0,160060
272,320000	0,158785
272,330000	0,148587
272,340000	0,147313
272,350000	0,175357
272,360000	0,148587
272,370000	0,171533
272,380000	0,149225
272,390000	0,154324
272,400000	0,160060
272,410000	0,149862
272,420000	0,131379
272,430000	0,155598
272,440000	0,158148
272,450000	0,147950
272,460000	0,139664
272,470000	0,153049
272,480000	0,146038
272,490000	0,153049
272,500000	0,147950
272,510000	0,112258
272,520000	0,120543
272,530000	0,140939
272,540000	0,105884
272,550000	0,140939
272,560000	0,150499
272,570000	0,145401
272,580000	0,146675
272,590000	0,174082
272,600000	0,144763
272,610000	0,135840
272,620000	0,150499
272,630000	0,155598
272,640000	0,150499
272,650000	0,140939
272,660000	0,204676
272,670000	0,138390
272,680000	0,089950
272,690000	0,143488
272,700000	0,142851
272,710000	0,111620
272,720000	0,140302
272,730000	0,057444
272,740000	0,146038
272,750000	0,147950
272,760000	0,151137
272,770000	0,151774
272,780000	0,188741
272,790000	0,135203
272,800000	0,158785
272,810000	0,135203
272,820000	0,135840
272,830000	0,151774
272,840000	0,139664
272,850000	0,156873
272,860000	0,133291
272,870000	0,133291
272,880000	0,135840
272,890000	0,133928
272,900000	0,144763
272,910000	0,154961
272,920000	0,146038
272,930000	0,146675
272,940000	0,140302
272,950000	0,165159
272,960000	0,124367
272,970000	0,151774
272,980000	0,132016
272,990000	0,129466
273,000000	0,120543
273,010000	0,135203
273,020000	0,118631
273,030000	0,168983
273,040000	0,147950
273,050000	0,159423
273,060000	0,165796
273,070000	0,180456
273,080000	0,120543
273,090000	0,168346
273,100000	0,110345
273,110000	0,119269
273,120000	0,142851
273,130000	0,152412
273,140000	0,135203
273,150000	0,126917
273,160000	0,185555
273,170000	0,183005
273,180000	0,203401
273,190000	0,126280
273,200000	0,158148
273,210000	0,160060
273,220000	0,179181
273,230000	0,111620
273,240000	0,133291
273,250000	0,107796
273,260000	0,139027
273,270000	0,154961
273,280000	0,140939
273,290000	0,138390
273,300000	0,149225
273,310000	0,144763
273,320000	0,152412
273,330000	0,153686
273,340000	0,144126
273,350000	0,116719
273,360000	0,138390
273,370000	0,111620
273,380000	0,145401
273,390000	0,168983
273,400000	0,109071
273,410000	0,144763
273,420000	0,150499
273,430000	0,149862
273,440000	0,114170
273,450000	0,139664
273,460000	0,149862
273,470000	0,149225
273,480000	0,145401
273,490000	0,111620
273,500000	0,147313
273,510000	0,142851
273,520000	0,086126
273,530000	0,145401
273,540000	0,089312
273,550000	0,145401
273,560000	0,147313
273,570000	0,116719
273,580000	0,151774
273,590000	0,236544
273,600000	0,143488
273,610000	0,150499
273,620000	0,146675
273,630000	0,150499
273,640000	0,184280
273,650000	0,144126
273,660000	0,120543
273,670000	0,144126
273,680000	0,139664
273,690000	0,098873
273,700000	0,149225
273,710000	0,125642
273,720000	0,142851
273,730000	0,151774
273,740000	0,150499
273,750000	0,157511
273,760000	0,163884
273,770000	0,158785
273,780000	0,160060
273,790000	0,153686
273,800000	0,143488
273,810000	0,142214
273,820000	0,137752
273,830000	0,142214
273,840000	0,138390
273,850000	0,144126
273,860000	0,114807
273,870000	0,160060
273,880000	0,136477
273,890000	0,158785
273,900000	0,165796
273,910000	0,163247
273,920000	0,137752
273,930000	0,173445
273,940000	0,145401
273,950000	0,130741
273,960000	0,105884
273,970000	0,167708
273,980000	0,098235
273,990000	0,174719
274,000000	0,167071
274,010000	0,135840
274,020000	0,156873
274,030000	0,167071
274,040000	0,162609
274,050000	0,156236
274,060000	0,122455
274,070000	0,132653
274,080000	0,151774
274,090000	0,178544
274,100000	0,112258
274,110000	0,161972
274,120000	0,158148
274,130000	0,109071
274,140000	0,173445
274,150000	0,158148
274,160000	0,144763
274,170000	0,160697
274,180000	0,149225
274,190000	0,136477
274,200000	0,143488
274,210000	0,156873
274,220000	0,119906
274,230000	0,153049
274,240000	0,175994
274,250000	0,158148
274,260000	0,144763
274,270000	0,151137
274,280000	0,149862
274,290000	0,155598
274,300000	0,144763
274,310000	0,108433
274,320000	0,153049
274,330000	0,142214
274,340000	0,114170
274,350000	0,144763
274,360000	0,140302
274,370000	0,149225
274,380000	0,146038
274,390000	0,143488
274,400000	0,140302
274,410000	0,199577
274,420000	0,143488
274,430000	0,180456
274,440000	0,161335
274,450000	0,147313
274,460000	0,080389
274,470000	0,144763
274,480000	0,142851
274,490000	0,142851
274,500000	0,137752
274,510000	0,047884
274,520000	0,143488
274,530000	0,154961
274,540000	0,149862
274,550000	0,145401
274,560000	0,183643
274,570000	0,152412
274,580000	0,154961
274,590000	0,150499
274,600000	0,151774
274,610000	0,139664
274,620000	0,146038
274,630000	0,141576
274,640000	0,142851
274,650000	0,132016
274,660000	0,135203
274,670000	0,127554
274,680000	0,140302
274,690000	0,125642
274,700000	0,132653
274,710000	0,137115
274,720000	0,144126
274,730000	0,140939
274,740000	0,151774
274,750000	0,151137
274,760000	0,149862
274,770000	0,147950
274,780000	0,142851
274,790000	0,140939
274,800000	0,136477
274,810000	0,125005
274,820000	0,122455
274,830000	0,147950
274,840000	0,162609
274,850000	0,167708
274,860000	0,160697
274,870000	0,168346
274,880000	0,170258
274,890000	0,128192
274,900000	0,154961
274,910000	0,111620
274,920000	0,123093
274,930000	0,126917
274,940000	0,182368
274,950000	0,102060
274,960000	0,174719
274,970000	0,141576
274,980000	0,181730
274,990000	0,166434
275,000000	0,191928
275,010000	0,161972
275,020000	0,172170
275,030000	0,136477
275,040000	0,150499
275,050000	0,123730
275,060000	0,157511
275,070000	0,142851
275,080000	0,165796
275,090000	0,151774
275,100000	0,150499
275,110000	0,138390
275,120000	0,139664
275,130000	0,142851
275,140000	0,162609
275,150000	0,138390
275,160000	0,107796
275,170000	0,139027
275,180000	0,149862
275,190000	0,133928
275,200000	0,130104
275,210000	0,143488
275,220000	0,140939
275,230000	0,158785
275,240000	0,147950
275,250000	0,135840
275,260000	0,193203
275,270000	0,147950
275,280000	0,089312
275,290000	0,148587
275,300000	0,142214
275,310000	0,138390
275,320000	0,142214
275,330000	0,147950
275,340000	0,142851
275,350000	0,137752
275,360000	0,137752
275,370000	0,146038
275,380000	0,223159
275,390000	0,141576
275,400000	0,105246
275,410000	0,146038
275,420000	0,143488
275,430000	0,105246
275,440000	0,146675
275,450000	0,125642
275,460000	0,140302
275,470000	0,149225
275,480000	0,134565
275,490000	0,141576
275,500000	0,135203
275,510000	0,143488
275,520000	0,145401
275,530000	0,146038
275,540000	0,156873
275,550000	0,152412
275,560000	0,156236
275,570000	0,154961
275,580000	0,158148
275,590000	0,165159
275,600000	0,137752
275,610000	0,151774
275,620000	0,160060
275,630000	0,149862
275,640000	0,132016
275,650000	0,170258
275,660000	0,137115
275,670000	0,135840
275,680000	0,149225
275,690000	0,161335
275,700000	0,125005
275,710000	0,157511
275,720000	0,148587
275,730000	0,162609
275,740000	0,149225
275,750000	0,132016
275,760000	0,130104
275,770000	0,139664
275,780000	0,134565
275,790000	0,139664
275,800000	0,140302
275,810000	0,116719
275,820000	0,147950
275,830000	0,143488
275,840000	0,183005
275,850000	0,168346
275,860000	0,200214
275,870000	0,172807
275,880000	0,175357
275,890000	0,125642
275,900000	0,129466
275,910000	0,121818
275,920000	0,079752
275,930000	0,146038
275,940000	0,181093
275,950000	0,104609
275,960000	0,135203
275,970000	0,126917
275,980000	0,167071
275,990000	0,156236
276,000000	0,147950
276,010000	0,175357
276,020000	0,146038
276,030000	0,134565
276,040000	0,144763
276,050000	0,146675
276,060000	0,132016
276,070000	0,153049
276,080000	0,116719
276,090000	0,162609
276,100000	0,156236
276,110000	0,100148
276,120000	0,153686
276,130000	0,163247
276,140000	0,155598
276,150000	0,150499
276,160000	0,183643
276,170000	0,139664
276,180000	0,139664
276,190000	0,143488
276,200000	0,149225
276,210000	0,079114
276,220000	0,149225
276,230000	0,052982
276,240000	0,153049
276,250000	0,153686
276,260000	0,089312
276,270000	0,157511
276,280000	0,105884
276,290000	0,144763
276,300000	0,148587
276,310000	0,169620
276,320000	0,142214
276,330000	0,173445
276,340000	0,147313
276,350000	0,144763
276,360000	0,147313
276,370000	0,153049
276,380000	0,140302
276,390000	0,151774
276,400000	0,147950
276,410000	0,141576
276,420000	0,162609
276,430000	0,144126
276,440000	0,137115
276,450000	0,146675
276,460000	0,139027
276,470000	0,128192
276,480000	0,149225
276,490000	0,139664
276,500000	0,130741
276,510000	0,131379
276,520000	0,141576
276,530000	0,126917
276,540000	0,148587
276,550000	0,142851
276,560000	0,142851
276,570000	0,157511
276,580000	0,160697
276,590000	0,135203
276,600000	0,153049
276,610000	0,142214
276,620000	0,126280
276,630000	0,168346
276,640000	0,141576
276,650000	0,132653
276,660000	0,132016
276,670000	0,175357
276,680000	0,133928
276,690000	0,098873
276,700000	0,163884
276,710000	0,141576
276,720000	0,147313
276,730000	0,117994
276,740000	0,136477
276,750000	0,121181
276,760000	0,120543
276,770000	0,156873
276,780000	0,150499
276,790000	0,188741
276,800000	0,195115
276,810000	0,160060
276,820000	0,136477
276,830000	0,146038
276,840000	0,161335
276,850000	0,142851
276,860000	0,144763
276,870000	0,139027
276,880000	0,139027
276,890000	0,160060
276,900000	0,145401
276,910000	0,142214
276,920000	0,116082
276,930000	0,142851
276,940000	0,121181
276,950000	0,186192
276,960000	0,137115
276,970000	0,179818
276,980000	0,133928
276,990000	0,119906
277,000000	0,152412
277,010000	0,136477
277,020000	0,135840
277,030000	0,137752
277,040000	0,123730
277,050000	0,123093
277,060000	0,147950
277,070000	0,183643
277,080000	0,140302
277,090000	0,142851
277,100000	0,125005
277,110000	0,145401
277,120000	0,235269
277,130000	0,147950
277,140000	0,143488
277,150000	0,111620
277,160000	0,142851
277,170000	0,147313
277,180000	0,139664
277,190000	0,140302
277,200000	0,138390
277,210000	0,147313
277,220000	0,123730
277,230000	0,147950
277,240000	0,149862
277,250000	0,146038
277,260000	0,136477
277,270000	0,153686
277,280000	0,138390
277,290000	0,146038
277,300000	0,147950
277,310000	0,133928
277,320000	0,142214
277,330000	0,140939
277,340000	0,142851
277,350000	0,130104
277,360000	0,155598
277,370000	0,137752
277,380000	0,156873
277,390000	0,158148
277,400000	0,157511
277,410000	0,150499
277,420000	0,162609
277,430000	0,147950
277,440000	0,137115
277,450000	0,161972
277,460000	0,133928
277,470000	0,124367
277,480000	0,142851
277,490000	0,168346
277,500000	0,121818
277,510000	0,160697
277,520000	0,140939
277,530000	0,159423
277,540000	0,140302
277,550000	0,171533
277,560000	0,117994
277,570000	0,148587
277,580000	0,167708
277,590000	0,150499
277,600000	0,141576
277,610000	0,170895
277,620000	0,175357
277,630000	0,162609
277,640000	0,169620
277,650000	0,174719
277,660000	0,104609
277,670000	0,172170
277,680000	0,091862
277,690000	0,116719
277,700000	0,126917
277,710000	0,134565
277,720000	0,146675
277,730000	0,130104
277,740000	0,166434
277,750000	0,133291
277,760000	0,161335
277,770000	0,139027
277,780000	0,115444
277,790000	0,140939
277,800000	0,143488
277,810000	0,126917
277,820000	0,143488
277,830000	0,116082
277,840000	0,185555
277,850000	0,152412
277,860000	0,152412
277,870000	0,152412
277,880000	0,168346
277,890000	0,195752
277,900000	0,156873
277,910000	0,202126
277,920000	0,147950
277,930000	0,156873
277,940000	0,143488
277,950000	0,146675
277,960000	0,076565
277,970000	0,150499
277,980000	0,144126
277,990000	0,177269
278,000000	0,147313
278,010000	0,077840
278,020000	0,142851
278,030000	0,147313
278,040000	0,156236
278,050000	0,149862
278,060000	0,189379
278,070000	0,146038
278,080000	0,144763
278,090000	0,148587
278,100000	0,144763
278,110000	0,157511
278,120000	0,145401
278,130000	0,148587
278,140000	0,147950
278,150000	0,148587
278,160000	0,128829
278,170000	0,142851
278,180000	0,144126
278,190000	0,143488
278,200000	0,151137
278,210000	0,163247
278,220000	0,147313
278,230000	0,147313
278,240000	0,141576
278,250000	0,136477
278,260000	0,145401
278,270000	0,140302
278,280000	0,143488
278,290000	0,128192
278,300000	0,137752
278,310000	0,114170
278,320000	0,132016
278,330000	0,126917
278,340000	0,153686
278,350000	0,147950
278,360000	0,186192
278,370000	0,153049
278,380000	0,140939
278,390000	0,150499
278,400000	0,145401
278,410000	0,163247
278,420000	0,138390
278,430000	0,141576
278,440000	0,142214
278,450000	0,138390
278,460000	0,117994
278,470000	0,130741
278,480000	0,143488
278,490000	0,137115
278,500000	0,158148
278,510000	0,158785
278,520000	0,147950
278,530000	0,172807
278,540000	0,161972
278,550000	0,137752
278,560000	0,162609
278,570000	0,121818
278,580000	0,131379
278,590000	0,140939
278,600000	0,154324
278,610000	0,124367
278,620000	0,170895
278,630000	0,172170
278,640000	0,156873
278,650000	0,163247
278,660000	0,188104
278,670000	0,175994
278,680000	0,191928
278,690000	0,179181
278,700000	0,178544
278,710000	0,168983
278,720000	0,160697
278,730000	0,124367
278,740000	0,116719
278,750000	0,082939
278,760000	0,125642
278,770000	0,090587
278,780000	0,136477
278,790000	0,135203
278,800000	0,106521
278,810000	0,147950
278,820000	0,111620
278,830000	0,146038
278,840000	0,135840
278,850000	0,205950
278,860000	0,137752
278,870000	0,207225
278,880000	0,141576
278,890000	0,139664
278,900000	0,146675
278,910000	0,142851
278,920000	0,107159
278,930000	0,144126
278,940000	0,135203
278,950000	0,111620
278,960000	0,149225
278,970000	0,126917
278,980000	0,142851
278,990000	0,148587
279,000000	0,140302
279,010000	0,145401
279,020000	0,146675
279,030000	0,148587
279,040000	0,153049
279,050000	0,140302
279,060000	0,146038
279,070000	0,151774
279,080000	0,140302
279,090000	0,147950
279,100000	0,125642
279,110000	0,140939
279,120000	0,134565
279,130000	0,153049
279,140000	0,142851
279,150000	0,153686
279,160000	0,147313
279,170000	0,153049
279,180000	0,145401
279,190000	0,153049
279,200000	0,147950
279,210000	0,158785
279,220000	0,156873
279,230000	0,147313
279,240000	0,148587
279,250000	0,103972
279,260000	0,138390
279,270000	0,146038
279,280000	0,137752
279,290000	0,142851
279,300000	0,148587
279,310000	0,147313
279,320000	0,152412
279,330000	0,157511
279,340000	0,157511
279,350000	0,169620
279,360000	0,177906
279,370000	0,153049
279,380000	0,158785
279,390000	0,140302
279,400000	0,151137
279,410000	0,132016
279,420000	0,147950
279,430000	0,135203
279,440000	0,153686
279,450000	0,138390
279,460000	0,176631
279,470000	0,158148
279,480000	0,139664
279,490000	0,154961
279,500000	0,159423
279,510000	0,151774
279,520000	0,120543
279,530000	0,160060
279,540000	0,122455
279,550000	0,151774
279,560000	0,102697
279,570000	0,074653
279,580000	0,110983
279,590000	0,097598
279,600000	0,097598
279,610000	0,162609
279,620000	0,191928
279,630000	0,106521
279,640000	0,209137
279,650000	0,156236
279,660000	0,153049
279,670000	0,172807
279,680000	0,163884
279,690000	0,193840
279,700000	0,159423
279,710000	0,162609
279,720000	0,077840
279,730000	0,155598
279,740000	0,095049
279,750000	0,154961
279,760000	0,141576
279,770000	0,117994
279,780000	0,146038
279,790000	0,146675
279,800000	0,146675
279,810000	0,140939
279,820000	0,192566
279,830000	0,152412
279,840000	0,142851
279,850000	0,144763
279,860000	0,153686
279,870000	0,151774
279,880000	0,154324
279,890000	0,145401
279,900000	0,150499
279,910000	0,149225
279,920000	0,140939
279,930000	0,143488
279,940000	0,145401
279,950000	0,142214
279,960000	0,143488
279,970000	0,158148
279,980000	0,151137
279,990000	0,148587
280,000000	0,156236
280,010000	0,147950
280,020000	0,144763
280,030000	0,140302
280,040000	0,134565
280,050000	0,135203
280,060000	0,135203
280,070000	0,129466
280,080000	0,128192
280,090000	0,133291
280,100000	0,173445
280,110000	0,126917
280,120000	0,164522
280,130000	0,144126
280,140000	0,155598
280,150000	0,160060
280,160000	0,158148
280,170000	0,151774
280,180000	0,150499
280,190000	0,148587
280,200000	0,129466
280,210000	0,121818
280,220000	0,134565
280,230000	0,140302
280,240000	0,137752
280,250000	0,127554
280,260000	0,119269
280,270000	0,168983
280,280000	0,162609
280,290000	0,154961
280,300000	0,169620
280,310000	0,140302
280,320000	0,151774
280,330000	0,138390
280,340000	0,137752
280,350000	0,126917
280,360000	0,125642
280,370000	0,130104
280,380000	0,121181
280,390000	0,138390
280,400000	0,172807
280,410000	0,144763
280,420000	0,162609
280,430000	0,188741
280,440000	0,177906
280,450000	0,177906
280,460000	0,160697
280,470000	0,180456
280,480000	0,175357
280,490000	0,132653
280,500000	0,119269
280,510000	0,132653
280,520000	0,080389
280,530000	0,122455
280,540000	0,079752
280,550000	0,140302
280,560000	0,128829
280,570000	0,200851
280,580000	0,143488
280,590000	0,208500
280,600000	0,141576
280,610000	0,137752
280,620000	0,232082
280,630000	0,137752
280,640000	0,140302
280,650000	0,140302
280,660000	0,143488
280,670000	0,137752
280,680000	0,140302
280,690000	0,110983
280,700000	0,142851
280,710000	0,147950
280,720000	0,123093
280,730000	0,145401
280,740000	0,142851
280,750000	0,141576
280,760000	0,139027
280,770000	0,158148
280,780000	0,137752
280,790000	0,144763
280,800000	0,142851
280,810000	0,146675
280,820000	0,143488
280,830000	0,147950
280,840000	0,149225
280,850000	0,146038
280,860000	0,148587
280,870000	0,132016
280,880000	0,143488
280,890000	0,148587
280,900000	0,142851
280,910000	0,139027
280,920000	0,158785
280,930000	0,132653
280,940000	0,148587
280,950000	0,139664
280,960000	0,140939
280,970000	0,121181
280,980000	0,149862
280,990000	0,153049
281,000000	0,153049
281,010000	0,138390
281,020000	0,134565
281,030000	0,153049
281,040000	0,142851
281,050000	0,153049
281,060000	0,143488
281,070000	0,162609
281,080000	0,152412
281,090000	0,127554
281,100000	0,154961
281,110000	0,135203
281,120000	0,153686
281,130000	0,127554
281,140000	0,158785
281,150000	0,156236
281,160000	0,135203
281,170000	0,155598
281,180000	0,162609
281,190000	0,143488
281,200000	0,119906
281,210000	0,112895
281,220000	0,136477
281,230000	0,160060
281,240000	0,117994
281,250000	0,161972
281,260000	0,166434
281,270000	0,154324
281,280000	0,178544
281,290000	0,136477
281,300000	0,167708
281,310000	0,101422
281,320000	0,108433
281,330000	0,095049
281,340000	0,115444
281,350000	0,113532
281,360000	0,075928
281,370000	0,158785
281,380000	0,142851
281,390000	0,133928
281,400000	0,163247
281,410000	0,191291
281,420000	0,163247
281,430000	0,172170
281,440000	0,146038
281,450000	0,149862
281,460000	0,089950
281,470000	0,147313
281,480000	0,142214
281,490000	0,152412
281,500000	0,152412
281,510000	0,095686
281,520000	0,144763
281,530000	0,142851
281,540000	0,151774
281,550000	0,146038
281,560000	0,178544
281,570000	0,150499
281,580000	0,144126
281,590000	0,144126
281,600000	0,146038
281,610000	0,165159
281,620000	0,149862
281,630000	0,143488
281,640000	0,147313
281,650000	0,149862
281,660000	0,135203
281,670000	0,142851
281,680000	0,153686
281,690000	0,142851
281,700000	0,149225
281,710000	0,147313
281,720000	0,146675
281,730000	0,139027
281,740000	0,146675
281,750000	0,153049
281,760000	0,139664
281,770000	0,149862
281,780000	0,144126
281,790000	0,145401
281,800000	0,156236
281,810000	0,126280
281,820000	0,156236
281,830000	0,147313
281,840000	0,140302
281,850000	0,135840
281,860000	0,186192
281,870000	0,144763
281,880000	0,160060
281,890000	0,128829
281,900000	0,142851
281,910000	0,158785
281,920000	0,146038
281,930000	0,147950
281,940000	0,134565
281,950000	0,119269
281,960000	0,126917
281,970000	0,145401
281,980000	0,145401
281,990000	0,155598
282,000000	0,133928
282,010000	0,146038
282,020000	0,128829
282,030000	0,143488
282,040000	0,138390
282,050000	0,165159
282,060000	0,129466
282,070000	0,158785
282,080000	0,135203
282,090000	0,143488
282,100000	0,158148
282,110000	0,163247
282,120000	0,180456
282,130000	0,144126
282,140000	0,177906
282,150000	0,153686
282,160000	0,129466
282,170000	0,112258
282,180000	0,130104
282,190000	0,117356
282,200000	0,114170
282,210000	0,120543
282,220000	0,181093
282,230000	0,151774
282,240000	0,163884
282,250000	0,183005
282,260000	0,128192
282,270000	0,177906
282,280000	0,176631
282,290000	0,179181
282,300000	0,135203
282,310000	0,176631
282,320000	0,124367
282,330000	0,130104
282,340000	0,150499
282,350000	0,117994
282,360000	0,133928
282,370000	0,199577
282,380000	0,114807
282,390000	0,152412
282,400000	0,142851
282,410000	0,136477
282,420000	0,106521
282,430000	0,142851
282,440000	0,101422
282,450000	0,151137
282,460000	0,140939
282,470000	0,133291
282,480000	0,149225
282,490000	0,130741
282,500000	0,149225
282,510000	0,148587
282,520000	0,142851
282,530000	0,139664
282,540000	0,160697
282,550000	0,147950
282,560000	0,140302
282,570000	0,139664
282,580000	0,144763
282,590000	0,126280
282,600000	0,147950
282,610000	0,146038
282,620000	0,150499
282,630000	0,151774
282,640000	0,139664
282,650000	0,147313
282,660000	0,141576
282,670000	0,148587
282,680000	0,144126
282,690000	0,163247
282,700000	0,130104
282,710000	0,126917
282,720000	0,142214
282,730000	0,146675
282,740000	0,103334
282,750000	0,148587
282,760000	0,139664
282,770000	0,158148
282,780000	0,150499
282,790000	0,121181
282,800000	0,157511
282,810000	0,125005
282,820000	0,156873
282,830000	0,148587
282,840000	0,173445
282,850000	0,140302
282,860000	0,169620
282,870000	0,138390
282,880000	0,160697
282,890000	0,156873
282,900000	0,175357
282,910000	0,158148
282,920000	0,128829
282,930000	0,136477
282,940000	0,146038
282,950000	0,170895
282,960000	0,150499
282,970000	0,162609
282,980000	0,147313
282,990000	0,140939
283,000000	0,134565
283,010000	0,137115
283,020000	0,158785
283,030000	0,140302
283,040000	0,115444
283,050000	0,186192
283,060000	0,144126
283,070000	0,140302
283,080000	0,162609
283,090000	0,158148
283,100000	0,122455
283,110000	0,135203
283,120000	0,110983
283,130000	0,121818
283,140000	0,124367
283,150000	0,146038
283,160000	0,097598
283,170000	0,078477
283,180000	0,139664
283,190000	0,130741
283,200000	0,154324
283,210000	0,147950
283,220000	0,170895
283,230000	0,169620
283,240000	0,167708
283,250000	0,074016
283,260000	0,162609
283,270000	0,186192
283,280000	0,154961
283,290000	0,158148
283,300000	0,170895
283,310000	0,147313
283,320000	0,154961
283,330000	0,149862
283,340000	0,153049
283,350000	0,179818
283,360000	0,151137
283,370000	0,143488
283,380000	0,144126
283,390000	0,150499
283,400000	0,140302
283,410000	0,146675
283,420000	0,145401
283,430000	0,140939
283,440000	0,148587
283,450000	0,140302
283,460000	0,143488
283,470000	0,144763
283,480000	0,142851
283,490000	0,148587
283,500000	0,150499
283,510000	0,147313
283,520000	0,140939
283,530000	0,135203
283,540000	0,144763
283,550000	0,125642
283,560000	0,137752
283,570000	0,140302
283,580000	0,132653
283,590000	0,145401
283,600000	0,162609
283,610000	0,131379
283,620000	0,156236
283,630000	0,151774
283,640000	0,146675
283,650000	0,175994
283,660000	0,147313
283,670000	0,133928
283,680000	0,131379
283,690000	0,141576
283,700000	0,121181
283,710000	0,147950
283,720000	0,142214
283,730000	0,145401
283,740000	0,135203
283,750000	0,123093
283,760000	0,132653
283,770000	0,133928
283,780000	0,146675
283,790000	0,122455
283,800000	0,133291
283,810000	0,141576
283,820000	0,126280
283,830000	0,152412
283,840000	0,128192
283,850000	0,146038
283,860000	0,168346
283,870000	0,140302
283,880000	0,132016
283,890000	0,137752
283,900000	0,160697
283,910000	0,167708
283,920000	0,147950
283,930000	0,169620
283,940000	0,129466
283,950000	0,131379
283,960000	0,171533
283,970000	0,111620
283,980000	0,123093
283,990000	0,175357
284,000000	0,122455
284,010000	0,165796
284,020000	0,117356
284,030000	0,156873
284,040000	0,161972
284,050000	0,175994
284,060000	0,176631
284,070000	0,149862
284,080000	0,187467
284,090000	0,180456
284,100000	0,121181
284,110000	0,132016
284,120000	0,150499
284,130000	0,128829
284,140000	0,211687
284,150000	0,128829
284,160000	0,138390
284,170000	0,131379
284,180000	0,132016
284,190000	0,108433
284,200000	0,146675
284,210000	0,143488
284,220000	0,130741
284,230000	0,142851
284,240000	0,131379
284,250000	0,142214
284,260000	0,140302
284,270000	0,146675
284,280000	0,137752
284,290000	0,140302
284,300000	0,144763
284,310000	0,147950
284,320000	0,158785
284,330000	0,144763
284,340000	0,142851
284,350000	0,140302
284,360000	0,147950
284,370000	0,130104
284,380000	0,141576
284,390000	0,150499
284,400000	0,154324
284,410000	0,137752
284,420000	0,143488
284,430000	0,142851
284,440000	0,160060
284,450000	0,157511
284,460000	0,149225
284,470000	0,152412
284,480000	0,151137
284,490000	0,132016
284,500000	0,154324
284,510000	0,146038
284,520000	0,119269
284,530000	0,148587
284,540000	0,140302
284,550000	0,153049
284,560000	0,142851
284,570000	0,149862
284,580000	0,135203
284,590000	0,146038
284,600000	0,145401
284,610000	0,168346
284,620000	0,165159
284,630000	0,168346
284,640000	0,154324
284,650000	0,146038
284,660000	0,150499
284,670000	0,149862
284,680000	0,147950
284,690000	0,139027
284,700000	0,147950
284,710000	0,119906
284,720000	0,149862
284,730000	0,123730
284,740000	0,139027
284,750000	0,151137
284,760000	0,167708
284,770000	0,142214
284,780000	0,179181
284,790000	0,146038
284,800000	0,135203
284,810000	0,158148
284,820000	0,141576
284,830000	0,142851
284,840000	0,143488
284,850000	0,132653
284,860000	0,104609
284,870000	0,140939
284,880000	0,098873
284,890000	0,132653
284,900000	0,138390
284,910000	0,163884
284,920000	0,142214
284,930000	0,177269
284,940000	0,145401
284,950000	0,158785
284,960000	0,093774
284,970000	0,141576
284,980000	0,078477
284,990000	0,146038
285,000000	0,149225
285,010000	0,067642
285,020000	0,136477
285,030000	0,061268
285,040000	0,140939
285,050000	0,146038
285,060000	0,172170
285,070000	0,144126
285,080000	0,175994
285,090000	0,148587
285,100000	0,144126
285,110000	0,165796
285,120000	0,145401
285,130000	0,162609
285,140000	0,147950
285,150000	0,147950
285,160000	0,138390
285,170000	0,147950
285,180000	0,135840
285,190000	0,142214
285,200000	0,139027
285,210000	0,133928
285,220000	0,144763
285,230000	0,150499
285,240000	0,144763
285,250000	0,138390
285,260000	0,153686
285,270000	0,145401
285,280000	0,154324
285,290000	0,142214
285,300000	0,140939
285,310000	0,126917
285,320000	0,147313
285,330000	0,131379
285,340000	0,138390
285,350000	0,155598
285,360000	0,159423
285,370000	0,154961
285,380000	0,154324
285,390000	0,147950
285,400000	0,126917
285,410000	0,183643
285,420000	0,146675
285,430000	0,140302
285,440000	0,136477
285,450000	0,147950
285,460000	0,126917
285,470000	0,144126
285,480000	0,135203
285,490000	0,135203
285,500000	0,114170
285,510000	0,114807
285,520000	0,140302
285,530000	0,145401
285,540000	0,149225
285,550000	0,135203
285,560000	0,146675
285,570000	0,149225
285,580000	0,146675
285,590000	0,139664
285,600000	0,151774
285,610000	0,142851
285,620000	0,124367
285,630000	0,122455
285,640000	0,141576
285,650000	0,135840
285,660000	0,139027
285,670000	0,161335
285,680000	0,170895
285,690000	0,159423
285,700000	0,166434
285,710000	0,140939
285,720000	0,198302
285,730000	0,147313
285,740000	0,158148
285,750000	0,172807
285,760000	0,146675
285,770000	0,102060
285,780000	0,116719
285,790000	0,128192
285,800000	0,180456
285,810000	0,146675
285,820000	0,148587
285,830000	0,178544
285,840000	0,168346
285,850000	0,233994
285,860000	0,171533
285,870000	0,168346
285,880000	0,155598
285,890000	0,188741
285,900000	0,232720
285,910000	0,132016
285,920000	0,118631
285,930000	0,129466
285,940000	0,130741
285,950000	0,120543
285,960000	0,138390
285,970000	0,134565
285,980000	0,130104
285,990000	0,130741
286,000000	0,146038
286,010000	0,144763
286,020000	0,143488
286,030000	0,154961
286,040000	0,135203
286,050000	0,144763
286,060000	0,143488
286,070000	0,147313
286,080000	0,133291
286,090000	0,144763
286,100000	0,144763
286,110000	0,147950
286,120000	0,146675
286,130000	0,141576
286,140000	0,140302
286,150000	0,142214
286,160000	0,159423
286,170000	0,141576
286,180000	0,157511
286,190000	0,141576
286,200000	0,150499
286,210000	0,112895
286,220000	0,140302
286,230000	0,140939
286,240000	0,137752
286,250000	0,157511
286,260000	0,127554
286,270000	0,154961
286,280000	0,140939
286,290000	0,142851
286,300000	0,140302
286,310000	0,175994
286,320000	0,146038
286,330000	0,160060
286,340000	0,150499
286,350000	0,151774
286,360000	0,148587
286,370000	0,168983
286,380000	0,149862
286,390000	0,149862
286,400000	0,172170
286,410000	0,147950
286,420000	0,165796
286,430000	0,134565
286,440000	0,144126
286,450000	0,173445
286,460000	0,151137
286,470000	0,151137
286,480000	0,175357
286,490000	0,153049
286,500000	0,148587
286,510000	0,135203
286,520000	0,126917
286,530000	0,110983
286,540000	0,139027
286,550000	0,168346
286,560000	0,137752
286,570000	0,119906
286,580000	0,112895
286,590000	0,137752
286,600000	0,124367
286,610000	0,149862
286,620000	0,156873
286,630000	0,126917
286,640000	0,152412
286,650000	0,172807
286,660000	0,140302
286,670000	0,144126
286,680000	0,174719
286,690000	0,124367
286,700000	0,156873
286,710000	0,128829
286,720000	0,149225
286,730000	0,131379
286,740000	0,147313
286,750000	0,150499
286,760000	0,140302
286,770000	0,152412
286,780000	0,107159
286,790000	0,150499
286,800000	0,152412
286,810000	0,158148
286,820000	0,155598
286,830000	0,177269
286,840000	0,155598
286,850000	0,147313
286,860000	0,153686
286,870000	0,151774
286,880000	0,163884
286,890000	0,144126
286,900000	0,146038
286,910000	0,151774
286,920000	0,142851
286,930000	0,139027
286,940000	0,149225
286,950000	0,147950
286,960000	0,142851
286,970000	0,142851
286,980000	0,142851
286,990000	0,147313
287,000000	0,146675
287,010000	0,158148
287,020000	0,147950
287,030000	0,145401
287,040000	0,139664
287,050000	0,133928
287,060000	0,134565
287,070000	0,135840
287,080000	0,146675
287,090000	0,142214
287,100000	0,147950
287,110000	0,140302
287,120000	0,156873
287,130000	0,148587
287,140000	0,142851
287,150000	0,150499
287,160000	0,181093
287,170000	0,132653
287,180000	0,144126
287,190000	0,148587
287,200000	0,147313
287,210000	0,134565
287,220000	0,123093
287,230000	0,143488
287,240000	0,140302
287,250000	0,128192
287,260000	0,124367
287,270000	0,139027
287,280000	0,154324
287,290000	0,133928
287,300000	0,113532
287,310000	0,145401
287,320000	0,152412
287,330000	0,126280
287,340000	0,142214
287,350000	0,117356
287,360000	0,143488
287,370000	0,155598
287,380000	0,172170
287,390000	0,154961
287,400000	0,121818
287,410000	0,147950
287,420000	0,165159
287,430000	0,177269
287,440000	0,147313
287,450000	0,188104
287,460000	0,135203
287,470000	0,139664
287,480000	0,153049
287,490000	0,154324
287,500000	0,097598
287,510000	0,140939
287,520000	0,156236
287,530000	0,161972
287,540000	0,156873
287,550000	0,202763
287,560000	0,129466
287,570000	0,131379
287,580000	0,160697
287,590000	0,154961
287,600000	0,125005
287,610000	0,137115
287,620000	0,153686
287,630000	0,116082
287,640000	0,175357
287,650000	0,168983
287,660000	0,158785
287,670000	0,165159
287,680000	0,151137
287,690000	0,177269
287,700000	0,160697
287,710000	0,142214
287,720000	0,137752
287,730000	0,136477
287,740000	0,130741
287,750000	0,144763
287,760000	0,127554
287,770000	0,136477
287,780000	0,118631
287,790000	0,134565
287,800000	0,137752
287,810000	0,116082
287,820000	0,147313
287,830000	0,139664
287,840000	0,133291
287,850000	0,144763
287,860000	0,126917
287,870000	0,146675
287,880000	0,139027
287,890000	0,143488
287,900000	0,139027
287,910000	0,136477
287,920000	0,146675
287,930000	0,152412
287,940000	0,141576
287,950000	0,146675
287,960000	0,153049
287,970000	0,160060
287,980000	0,152412
287,990000	0,116719
288,000000	0,140302
288,010000	0,121818
288,020000	0,145401
288,030000	0,163884
288,040000	0,130104
288,050000	0,139027
288,060000	0,142214
288,070000	0,150499
288,080000	0,158785
288,090000	0,152412
288,100000	0,160697
288,110000	0,145401
288,120000	0,137115
288,130000	0,170895
288,140000	0,163247
288,150000	0,158785
288,160000	0,144763
288,170000	0,145401
288,180000	0,140939
288,190000	0,151774
288,200000	0,161335
288,210000	0,162609
288,220000	0,142851
288,230000	0,154324
288,240000	0,146675
288,250000	0,167708
288,260000	0,153049
288,270000	0,151774
288,280000	0,171533
288,290000	0,137115
288,300000	0,132016
288,310000	0,175994
288,320000	0,156873
288,330000	0,117356
288,340000	0,150499
288,350000	0,151774
288,360000	0,166434
288,370000	0,133928
288,380000	0,175357
288,390000	0,138390
288,400000	0,144126
288,410000	0,189379
288,420000	0,150499
288,430000	0,163884
288,440000	0,149862
288,450000	0,156873
288,460000	0,102060
288,470000	0,160697
288,480000	0,160697
288,490000	0,144126
288,500000	0,138390
288,510000	0,100785
288,520000	0,121818
288,530000	0,126917
288,540000	0,132653
288,550000	0,128829
288,560000	0,160060
288,570000	0,150499
288,580000	0,144126
288,590000	0,128829
288,600000	0,157511
288,610000	0,162609
288,620000	0,164522
288,630000	0,154324
288,640000	0,149862
288,650000	0,160697
288,660000	0,149862
288,670000	0,147313
288,680000	0,145401
288,690000	0,146675
288,700000	0,140939
288,710000	0,159423
288,720000	0,144763
288,730000	0,153686
288,740000	0,152412
288,750000	0,151137
288,760000	0,150499
288,770000	0,144763
288,780000	0,147313
288,790000	0,146038
288,800000	0,149862
288,810000	0,149225
288,820000	0,137752
288,830000	0,153686
288,840000	0,167071
288,850000	0,140939
288,860000	0,145401
288,870000	0,147950
288,880000	0,141576
288,890000	0,160697
288,900000	0,153049
288,910000	0,144763
288,920000	0,141576
288,930000	0,139664
288,940000	0,130104
288,950000	0,147313
288,960000	0,142851
288,970000	0,144763
288,980000	0,124367
288,990000	0,137115
289,000000	0,121818
289,010000	0,147950
289,020000	0,153049
289,030000	0,140939
289,040000	0,146038
289,050000	0,149862
289,060000	0,147950
289,070000	0,142851
289,080000	0,154324
289,090000	0,142214
289,100000	0,168983
289,110000	0,151137
289,120000	0,144126
289,130000	0,143488
289,140000	0,144763
289,150000	0,118631
289,160000	0,168346
289,170000	0,144763
289,180000	0,170258
289,190000	0,143488
289,200000	0,178544
289,210000	0,142214
289,220000	0,149225
289,230000	0,158785
289,240000	0,151137
289,250000	0,133928
289,260000	0,205950
289,270000	0,141576
289,280000	0,101422
289,290000	0,147313
289,300000	0,138390
289,310000	0,156873
289,320000	0,142214
289,330000	0,198939
289,340000	0,144763
289,350000	0,131379
289,360000	0,128192
289,370000	0,158148
289,380000	0,163247
289,390000	0,160697
289,400000	0,157511
289,410000	0,139664
289,420000	0,168346
289,430000	0,120543
289,440000	0,167071
289,450000	0,153686
289,460000	0,153049
289,470000	0,163247
289,480000	0,151774
289,490000	0,135840
289,500000	0,154324
289,510000	0,142851
289,520000	0,129466
289,530000	0,135840
289,540000	0,129466
289,550000	0,141576
289,560000	0,134565
289,570000	0,149862
289,580000	0,136477
289,590000	0,131379
289,600000	0,135840
289,610000	0,131379
289,620000	0,141576
289,630000	0,141576
289,640000	0,140939
289,650000	0,137752
289,660000	0,149862
289,670000	0,130741
289,680000	0,142214
289,690000	0,139027
289,700000	0,144763
289,710000	0,156236
289,720000	0,153049
289,730000	0,140302
289,740000	0,133928
289,750000	0,140302
289,760000	0,127554
289,770000	0,154961
289,780000	0,140302
289,790000	0,136477
289,800000	0,137752
289,810000	0,135203
289,820000	0,158148
289,830000	0,138390
289,840000	0,147950
289,850000	0,153049
289,860000	0,154961
289,870000	0,135203
289,880000	0,153049
289,890000	0,149862
289,900000	0,153049
289,910000	0,142851
289,920000	0,143488
289,930000	0,148587
289,940000	0,151774
289,950000	0,135840
289,960000	0,146675
289,970000	0,147950
289,980000	0,175994
289,990000	0,143488
290,000000	0,173445
290,010000	0,142851
290,020000	0,141576
290,030000	0,132016
290,040000	0,147313
290,050000	0,113532
290,060000	0,138390
290,070000	0,140302
290,080000	0,121181
290,090000	0,153049
290,100000	0,173445
290,110000	0,157511
290,120000	0,143488
290,130000	0,161335
290,140000	0,142214
290,150000	0,145401
290,160000	0,164522
290,170000	0,141576
290,180000	0,110345
290,190000	0,134565
290,200000	0,153686
290,210000	0,144763
290,220000	0,132653
290,230000	0,083576
290,240000	0,141576
290,250000	0,140302
290,260000	0,156873
290,270000	0,131379
290,280000	0,130104
290,290000	0,137752
290,300000	0,137115
290,310000	0,151774
290,320000	0,135840
290,330000	0,141576
290,340000	0,124367
290,350000	0,130741
290,360000	0,137752
290,370000	0,137115
290,380000	0,147950
290,390000	0,146038
290,400000	0,147313
290,410000	0,147313
290,420000	0,142851
290,430000	0,137115
290,440000	0,143488
290,450000	0,148587
290,460000	0,151137
290,470000	0,150499
290,480000	0,153686
290,490000	0,153049
290,500000	0,151137
290,510000	0,144763
290,520000	0,149225
290,530000	0,141576
290,540000	0,139664
290,550000	0,142214
290,560000	0,146038
290,570000	0,142214
290,580000	0,143488
290,590000	0,151137
290,600000	0,149862
290,610000	0,150499
290,620000	0,146038
290,630000	0,163247
290,640000	0,135203
290,650000	0,147313
290,660000	0,151774
290,670000	0,153686
290,680000	0,148587
290,690000	0,142214
290,700000	0,136477
290,710000	0,137752
290,720000	0,140302
290,730000	0,135840
290,740000	0,132016
290,750000	0,152412
290,760000	0,137752
290,770000	0,132653
290,780000	0,141576
290,790000	0,146038
290,800000	0,147313
290,810000	0,135203
290,820000	0,156873
290,830000	0,144126
290,840000	0,140302
290,850000	0,153686
290,860000	0,138390
290,870000	0,130104
290,880000	0,140939
290,890000	0,139027
290,900000	0,161335
290,910000	0,151137
290,920000	0,154961
290,930000	0,146038
290,940000	0,144763
290,950000	0,135203
290,960000	0,143488
290,970000	0,147950
290,980000	0,142851
290,990000	0,144126
291,000000	0,119269
291,010000	0,138390
291,020000	0,103334
291,030000	0,144126
291,040000	0,138390
291,050000	0,172807
291,060000	0,143488
291,070000	0,179818
291,080000	0,148587
291,090000	0,144763
291,100000	0,208500
291,110000	0,144763
291,120000	0,118631
291,130000	0,147313
291,140000	0,148587
291,150000	0,170258
291,160000	0,134565
291,170000	0,149862
291,180000	0,151137
291,190000	0,135840
291,200000	0,146038
291,210000	0,147313
291,220000	0,149225
291,230000	0,147313
291,240000	0,139664
291,250000	0,160697
291,260000	0,134565
291,270000	0,139664
291,280000	0,159423
291,290000	0,144126
291,300000	0,142851
291,310000	0,139027
291,320000	0,138390
291,330000	0,144763
291,340000	0,135203
291,350000	0,137752
291,360000	0,142214
291,370000	0,137752
291,380000	0,144763
291,390000	0,137752
291,400000	0,146675
291,410000	0,146038
291,420000	0,145401
291,430000	0,142851
291,440000	0,141576
291,450000	0,144763
291,460000	0,149862
291,470000	0,140939
291,480000	0,141576
291,490000	0,135203
291,500000	0,130104
291,510000	0,153049
291,520000	0,139027
291,530000	0,138390
291,540000	0,137115
291,550000	0,140302
291,560000	0,157511
291,570000	0,146675
291,580000	0,145401
291,590000	0,149862
291,600000	0,158148
291,610000	0,137115
291,620000	0,143488
291,630000	0,147313
291,640000	0,140939
291,650000	0,145401
291,660000	0,141576
291,670000	0,147313
291,680000	0,138390
291,690000	0,155598
291,700000	0,142851
291,710000	0,133291
291,720000	0,145401
291,730000	0,142851
291,740000	0,156873
291,750000	0,144763
291,760000	0,122455
291,770000	0,131379
291,780000	0,144126
291,790000	0,142214
291,800000	0,144763
291,810000	0,135203
291,820000	0,143488
291,830000	0,146038
291,840000	0,168346
291,850000	0,141576
291,860000	0,117356
291,870000	0,141576
291,880000	0,145401
291,890000	0,172170
291,900000	0,146675
291,910000	0,138390
291,920000	0,144763
291,930000	0,146675
291,940000	0,144763
291,950000	0,146675
291,960000	0,137752
291,970000	0,141576
291,980000	0,146675
291,990000	0,148587
292,000000	0,140939
292,010000	0,138390
292,020000	0,148587
292,030000	0,145401
292,040000	0,154324
292,050000	0,146675
292,060000	0,142214
292,070000	0,142214
292,080000	0,141576
292,090000	0,140939
292,100000	0,147950
292,110000	0,141576
292,120000	0,140302
292,130000	0,146675
292,140000	0,149862
292,150000	0,142214
292,160000	0,145401
292,170000	0,142851
292,180000	0,140939
292,190000	0,143488
292,200000	0,149225
292,210000	0,143488
292,220000	0,143488
292,230000	0,144763
292,240000	0,144126
292,250000	0,146675
292,260000	0,146675
292,270000	0,146038
292,280000	0,143488
292,290000	0,149862
292,300000	0,146038
292,310000	0,149225
292,320000	0,142851
292,330000	0,144126
292,340000	0,147950
292,350000	0,139027
292,360000	0,147313
292,370000	0,143488
292,380000	0,145401
292,390000	0,145401
292,400000	0,139664
292,410000	0,146038
292,420000	0,145401
292,430000	0,145401
292,440000	0,149862
292,450000	0,146675
292,460000	0,143488
292,470000	0,144763
292,480000	0,142851
292,490000	0,149225
292,500000	0,146675
292,510000	0,147950
292,520000	0,144763
292,530000	0,142851
292,540000	0,142214
292,550000	0,148587
292,560000	0,146675
292,570000	0,144763
292,580000	0,144126
292,590000	0,149225
292,600000	0,142214
292,610000	0,144126
292,620000	0,147950
292,630000	0,150499
292,640000	0,145401
292,650000	0,142851
292,660000	0,142851
292,670000	0,147313
292,680000	0,144126
292,690000	0,143488
292,700000	0,149862
292,710000	0,143488
292,720000	0,144126
292,730000	0,137752
292,740000	0,144763
292,750000	0,145401
292,760000	0,143488
292,770000	0,151774
292,780000	0,144763
292,790000	0,151137
292,800000	0,146038
292,810000	0,147950
292,820000	0,147313
292,830000	0,142214
292,840000	0,149862
292,850000	0,143488
292,860000	0,147313
292,870000	0,144126
292,880000	0,145401
292,890000	0,145401
292,900000	0,149225
292,910000	0,144126
292,920000	0,146675
292,930000	0,140939
292,940000	0,146038
292,950000	0,144763
292,960000	0,145401
292,970000	0,146038
292,980000	0,144763
292,990000	0,149862
293,000000	0,146675
293,010000	0,144763
293,020000	0,149225
293,030000	0,145401
293,040000	0,147313
293,050000	0,147950
293,060000	0,142214
293,070000	0,147950
293,080000	0,147950
293,090000	0,140939
293,100000	0,144126
293,110000	0,142214
293,120000	0,147313
293,130000	0,143488
293,140000	0,140939
293,150000	0,142214
293,160000	0,145401
293,170000	0,142851
293,180000	0,146038
293,190000	0,142851
293,200000	0,142851
293,210000	0,146038
293,220000	0,144763
293,230000	0,141576
293,240000	0,144763
293,250000	0,146675
293,260000	0,142851
293,270000	0,142214
293,280000	0,142214
293,290000	0,147313
293,300000	0,144126
293,310000	0,142214
293,320000	0,147950
293,330000	0,143488
293,340000	0,146038
293,350000	0,146675
293,360000	0,145401
293,370000	0,144763
293,380000	0,147313
293,390000	0,137752
293,400000	0,144763
293,410000	0,144126
293,420000	0,146675
293,430000	0,139027
293,440000	0,142214
293,450000	0,144763
293,460000	0,146675
293,470000	0,140939
293,480000	0,145401
293,490000	0,142851
293,500000	0,142214
293,510000	0,140939
293,520000	0,143488
293,530000	0,144763
293,540000	0,145401
293,550000	0,144763
293,560000	0,146038
293,570000	0,140939
293,580000	0,145401
293,590000	0,139664
293,600000	0,145401
293,610000	0,142214
293,620000	0,144763
293,630000	0,141576
293,640000	0,144763
293,650000	0,142851
293,660000	0,142851
293,670000	0,142851
293,680000	0,139027
293,690000	0,145401
293,700000	0,142214
293,710000	0,142214
293,720000	0,142851
293,730000	0,146038
293,740000	0,144126
293,750000	0,144763
293,760000	0,141576
293,770000	0,143488
293,780000	0,144763
293,790000	0,149225
293,800000	0,142214
293,810000	0,142851
293,820000	0,141576
293,830000	0,145401
293,840000	0,144126
293,850000	0,142851
293,860000	0,142214
293,870000	0,144126
293,880000	0,144126
293,890000	0,144126
293,900000	0,141576
293,910000	0,138390
293,920000	0,146675
293,930000	0,142214
293,940000	0,142214
293,950000	0,141576
293,960000	0,145401
293,970000	0,144763
293,980000	0,142214
293,990000	0,142851
294,000000	0,143488
294,010000	0,141576
294,020000	0,144763
294,030000	0,143488
294,040000	0,145401
294,050000	0,146038
294,060000	0,142214
294,070000	0,143488
294,080000	0,149862
294,090000	0,140302
294,100000	0,148587
294,110000	0,145401
294,120000	0,144763
294,130000	0,147950
294,140000	0,146038
294,150000	0,143488
294,160000	0,145401
294,170000	0,143488
294,180000	0,140939
294,190000	0,144126
294,200000	0,144126
294,210000	0,142851
294,220000	0,145401
294,230000	0,140939
294,240000	0,147313
294,250000	0,146675
294,260000	0,147313
294,270000	0,142851
294,280000	0,144763
294,290000	0,147313
294,300000	0,144126
294,310000	0,140939
294,320000	0,144763
294,330000	0,143488
294,340000	0,143488
294,350000	0,142851
294,360000	0,142851
294,370000	0,145401
294,380000	0,144126
294,390000	0,147950
294,400000	0,146038
294,410000	0,142851
294,420000	0,146038
294,430000	0,148587
294,440000	0,149862
294,450000	0,140302
294,460000	0,148587
294,470000	0,142851
294,480000	0,140302
294,490000	0,147950
294,500000	0,141576
294,510000	0,144126
294,520000	0,147313
294,530000	0,144763
294,540000	0,144763
294,550000	0,143488
294,560000	0,149862
294,570000	0,144126
294,580000	0,147950
294,590000	0,146675
294,600000	0,148587
294,610000	0,145401
294,620000	0,148587
294,630000	0,144763
294,640000	0,145401
294,650000	0,146038
294,660000	0,139027
294,670000	0,145401
294,680000	0,147313
294,690000	0,151774
294,700000	0,146675
294,710000	0,148587
294,720000	0,145401
294,730000	0,141576
294,740000	0,143488
294,750000	0,146038
294,760000	0,144126
294,770000	0,146038
294,780000	0,149225
294,790000	0,141576
294,800000	0,148587
294,810000	0,145401
294,820000	0,144126
294,830000	0,150499
294,840000	0,140939
294,850000	0,144126
294,860000	0,146675
294,870000	0,148587
294,880000	0,140302
294,890000	0,148587
294,900000	0,146038
294,910000	0,149862
294,920000	0,142851
294,930000	0,147313
294,940000	0,146038
294,950000	0,145401
294,960000	0,146038
294,970000	0,144763
294,980000	0,144126
294,990000	0,146675
295,000000	0,142851
295,010000	0,148587
295,020000	0,147950
295,030000	0,144763
295,040000	0,143488
295,050000	0,144763
295,060000	0,144126
295,070000	0,144126
295,080000	0,141576
295,090000	0,149225
295,100000	0,142214
295,110000	0,148587
295,120000	0,146675
295,130000	0,147950
295,140000	0,142851
295,150000	0,146675
295,160000	0,146675
295,170000	0,146038
295,180000	0,146675
295,190000	0,142851
295,200000	0,146675
295,210000	0,146675
295,220000	0,144126
295,230000	0,141576
295,240000	0,146038
295,250000	0,142851
295,260000	0,146675
295,270000	0,147313
295,280000	0,143488
295,290000	0,147950
295,300000	0,144126
295,310000	0,147313
295,320000	0,147313
295,330000	0,143488
295,340000	0,142214
295,350000	0,140302
295,360000	0,146038
295,370000	0,144763
295,380000	0,143488
295,390000	0,145401
295,400000	0,148587
295,410000	0,140302
295,420000	0,146038
295,430000	0,144126
295,440000	0,145401
295,450000	0,144126
295,460000	0,141576
295,470000	0,140302
295,480000	0,141576
295,490000	0,142851
295,500000	0,142851
295,510000	0,141576
295,520000	0,148587
295,530000	0,144763
295,540000	0,147950
295,550000	0,142851
295,560000	0,137752
295,570000	0,144126
295,580000	0,146038
295,590000	0,138390
295,600000	0,144126
295,610000	0,142851
295,620000	0,138390
295,630000	0,141576
295,640000	0,147950
295,650000	0,140939
295,660000	0,140302
295,670000	0,146038
295,680000	0,147313
295,690000	0,146675
295,700000	0,144126
295,710000	0,144763
295,720000	0,140302
295,730000	0,143488
295,740000	0,143488
295,750000	0,150499
295,760000	0,141576
295,770000	0,145401
295,780000	0,142851
295,790000	0,144126
295,800000	0,142214
295,810000	0,142214
295,820000	0,145401
295,830000	0,144126
295,840000	0,144126
295,850000	0,146038
295,860000	0,141576
295,870000	0,147313
295,880000	0,141576
295,890000	0,147313
295,900000	0,143488
295,910000	0,144763
295,920000	0,140939
295,930000	0,137752
295,940000	0,142214
295,950000	0,144126
295,960000	0,147313
295,970000	0,145401
295,980000	0,142851
295,990000	0,142851
296,000000	0,144126
296,010000	0,142851
296,020000	0,146038
296,030000	0,142851
296,040000	0,144126
296,050000	0,142214
296,060000	0,144126
296,070000	0,142851
296,080000	0,142851
296,090000	0,141576
296,100000	0,141576
296,110000	0,147313
296,120000	0,148587
296,130000	0,144126
296,140000	0,144763
296,150000	0,146675
296,160000	0,139664
296,170000	0,147950
296,180000	0,145401
296,190000	0,144763
296,200000	0,142214
296,210000	0,142214
296,220000	0,142214
296,230000	0,146038
296,240000	0,144763
296,250000	0,146675
296,260000	0,142214
296,270000	0,142214
296,280000	0,145401
296,290000	0,144763
296,300000	0,144763
296,310000	0,144126
296,320000	0,142214
296,330000	0,140939
296,340000	0,144126
296,350000	0,144763
296,360000	0,144126
296,370000	0,144763
296,380000	0,145401
296,390000	0,146038
296,400000	0,142851
296,410000	0,143488
296,420000	0,142214
296,430000	0,144763
296,440000	0,147950
296,450000	0,144126
296,460000	0,142851
296,470000	0,143488
296,480000	0,147950
296,490000	0,146675
296,500000	0,142851
296,510000	0,144763
296,520000	0,146038
296,530000	0,144763
296,540000	0,148587
296,550000	0,142851
296,560000	0,144763
296,570000	0,144763
296,580000	0,146675
296,590000	0,148587
296,600000	0,149862
296,610000	0,150499
296,620000	0,148587
296,630000	0,148587
296,640000	0,146038
296,650000	0,146675
296,660000	0,147950
296,670000	0,144126
296,680000	0,144763
296,690000	0,139027
296,700000	0,145401
296,710000	0,142214
296,720000	0,147950
296,730000	0,141576
296,740000	0,151774
296,750000	0,144126
296,760000	0,147950
296,770000	0,142851
296,780000	0,147313
296,790000	0,142851
296,800000	0,144126
296,810000	0,142851
296,820000	0,149862
296,830000	0,143488
296,840000	0,148587
296,850000	0,142214
296,860000	0,151774
296,870000	0,142851
296,880000	0,146038
296,890000	0,142851
296,900000	0,149225
296,910000	0,145401
296,920000	0,147313
296,930000	0,145401
296,940000	0,151137
296,950000	0,140302
296,960000	0,144126
296,970000	0,142214
296,980000	0,147950
296,990000	0,144126
297,000000	0,147950
297,010000	0,146675
297,020000	0,144763
297,030000	0,143488
297,040000	0,145401
297,050000	0,144126
297,060000	0,142214
297,070000	0,144763
297,080000	0,144126
297,090000	0,148587
297,100000	0,147950
297,110000	0,142214
297,120000	0,151137
297,130000	0,140302
297,140000	0,144763
297,150000	0,144126
297,160000	0,141576
297,170000	0,141576
297,180000	0,150499
297,190000	0,144763
297,200000	0,150499
297,210000	0,145401
297,220000	0,148587
297,230000	0,146038
297,240000	0,142851
297,250000	0,144126
297,260000	0,143488
297,270000	0,142214
297,280000	0,150499
297,290000	0,142214
297,300000	0,148587
297,310000	0,144763
297,320000	0,147313
297,330000	0,141576
297,340000	0,147950
297,350000	0,144763
297,360000	0,144763
297,370000	0,144126
297,380000	0,142214
297,390000	0,144126
297,400000	0,142851
297,410000	0,147313
297,420000	0,144763
297,430000	0,146675
297,440000	0,140302
297,450000	0,146675
297,460000	0,147313
297,470000	0,146038
297,480000	0,139664
297,490000	0,146038
297,500000	0,146675
297,510000	0,144126
297,520000	0,137752
297,530000	0,144763
297,540000	0,137752
297,550000	0,145401
297,560000	0,139027
297,570000	0,140939
297,580000	0,139664
297,590000	0,140302
297,600000	0,144126
297,610000	0,139664
297,620000	0,140939
297,630000	0,140939
297,640000	0,144763
297,650000	0,143488
297,660000	0,144763
297,670000	0,146038
297,680000	0,142214
297,690000	0,144126
297,700000	0,144126
297,710000	0,142851
297,720000	0,146038
297,730000	0,139027
297,740000	0,147950
297,750000	0,140302
297,760000	0,146038
297,770000	0,142851
297,780000	0,144126
297,790000	0,142851
297,800000	0,148587
297,810000	0,144126
297,820000	0,148587
297,830000	0,141576
297,840000	0,143488
297,850000	0,145401
297,860000	0,142851
297,870000	0,138390
297,880000	0,146038
297,890000	0,142851
297,900000	0,146675
297,910000	0,140939
297,920000	0,143488
297,930000	0,144763
297,940000	0,147950
297,950000	0,146675
297,960000	0,143488
297,970000	0,140302
297,980000	0,142214
297,990000	0,142214
298,000000	0,144763
298,010000	0,139027
298,020000	0,146038
298,030000	0,140302
298,040000	0,143488
298,050000	0,142851
298,060000	0,144763
298,070000	0,139027
298,080000	0,147950
298,090000	0,142851
298,100000	0,144126
298,110000	0,140939
298,120000	0,141576
298,130000	0,136477
298,140000	0,142851
298,150000	0,141576
298,160000	0,142851
298,170000	0,144763
298,180000	0,144763
298,190000	0,145401
298,200000	0,141576
298,210000	0,143488
298,220000	0,140939
298,230000	0,139664
298,240000	0,144763
298,250000	0,142851
298,260000	0,143488
298,270000	0,142851
298,280000	0,142851
298,290000	0,142851
298,300000	0,142214
298,310000	0,142214
298,320000	0,143488
298,330000	0,144763
298,340000	0,145401
298,350000	0,143488
298,360000	0,145401
298,370000	0,141576
298,380000	0,145401
298,390000	0,142851
298,400000	0,148587
298,410000	0,145401
298,420000	0,146675
298,430000	0,140302
298,440000	0,146675
298,450000	0,142214
298,460000	0,146038
298,470000	0,142851
298,480000	0,150499
298,490000	0,146675
298,500000	0,148587
298,510000	0,143488
298,520000	0,147950
298,530000	0,144126
298,540000	0,147950
298,550000	0,143488
298,560000	0,149862
298,570000	0,142851
298,580000	0,147950
298,590000	0,144126
298,600000	0,143488
298,610000	0,144126
298,620000	0,145401
298,630000	0,140939
298,640000	0,149225
298,650000	0,143488
298,660000	0,146675
298,670000	0,147950
298,680000	0,147950
298,690000	0,142214
298,700000	0,148587
298,710000	0,146675
298,720000	0,149225
298,730000	0,143488
298,740000	0,146038
298,750000	0,146038
298,760000	0,148587
298,770000	0,147950
298,780000	0,148587
298,790000	0,149225
298,800000	0,144126
298,810000	0,144126
298,820000	0,146675
298,830000	0,146038
298,840000	0,147950
298,850000	0,146675
298,860000	0,144126
298,870000	0,145401
298,880000	0,149862
298,890000	0,144763
298,900000	0,146675
298,910000	0,147313
298,920000	0,143488
298,930000	0,146675
298,940000	0,149862
298,950000	0,143488
298,960000	0,151137
298,970000	0,140939
298,980000	0,150499
298,990000	0,149225
299,000000	0,146038
299,010000	0,144763
299,020000	0,146038
299,030000	0,144126
299,040000	0,149225
299,050000	0,149225
299,060000	0,145401
299,070000	0,142851
299,080000	0,145401
299,090000	0,144763
299,100000	0,145401
299,110000	0,146675
299,120000	0,147313
299,130000	0,149225
299,140000	0,147950
299,150000	0,146038
299,160000	0,144763
299,170000	0,147313
299,180000	0,146675
299,190000	0,146038
299,200000	0,148587
299,210000	0,144763
299,220000	0,146675
299,230000	0,149862
299,240000	0,143488
299,250000	0,144763
299,260000	0,146038
299,270000	0,147313
299,280000	0,143488
299,290000	0,145401
299,300000	0,144763
299,310000	0,145401
299,320000	0,140939
299,330000	0,145401
299,340000	0,142214
299,350000	0,142214
299,360000	0,142851
299,370000	0,148587
299,380000	0,140302
299,390000	0,147313
299,400000	0,142851
299,410000	0,146675
299,420000	0,141576
299,430000	0,144126
299,440000	0,143488
299,450000	0,143488
299,460000	0,146038
299,470000	0,144126
299,480000	0,142851
299,490000	0,145401
299,500000	0,143488
299,510000	0,142214
299,520000	0,145401
299,530000	0,147313
299,540000	0,146038
299,550000	0,147950
299,560000	0,147313
299,570000	0,143488
299,580000	0,146038
299,590000	0,140302
299,600000	0,147313
299,610000	0,145401
299,620000	0,144126
299,630000	0,143488
299,640000	0,144763
299,650000	0,146675
299,660000	0,142851
299,670000	0,147950
299,680000	0,144763
299,690000	0,143488
299,700000	0,142214
299,710000	0,142214
299,720000	0,142214
299,730000	0,147950
299,740000	0,141576
299,750000	0,143488
299,760000	0,142214
299,770000	0,144763
299,780000	0,140939
299,790000	0,146675
299,800000	0,145401
299,810000	0,141576
299,820000	0,143488
299,830000	0,140939
299,840000	0,143488
299,850000	0,145401
299,860000	0,145401
299,870000	0,143488
299,880000	0,145401
299,890000	0,140302
299,900000	0,144763
299,910000	0,136477
299,920000	0,140939
299,930000	0,144126
299,940000	0,141576
299,950000	0,142851
299,960000	0,141576
299,970000	0,145401
299,980000	0,142851
299,990000	0,141576
300,000000	0,143488
300,010000	0,142214
300,020000	0,147950
300,030000	0,140939
300,040000	0,141576
300,050000	0,139664
300,060000	0,143488
300,070000	0,144763
300,080000	0,142851
300,090000	0,146038
300,100000	0,137115
300,110000	0,145401
300,120000	0,142214
300,130000	0,140939
300,140000	0,142214
300,150000	0,149225
300,160000	0,143488
300,170000	0,142851
300,180000	0,143488
300,190000	0,144126
300,200000	0,140939
300,210000	0,142851
300,220000	0,144126
300,230000	0,147950
300,240000	0,140302
300,250000	0,145401
300,260000	0,142851
300,270000	0,145401
300,280000	0,144126
300,290000	0,144763
300,300000	0,147950
300,310000	0,143488
300,320000	0,142851
300,330000	0,143488
300,340000	0,143488
300,350000	0,142851
300,360000	0,144763
300,370000	0,140939
300,380000	0,145401
300,390000	0,141576
300,400000	0,144126
300,410000	0,140302
300,420000	0,139664
300,430000	0,145401
300,440000	0,142214
300,450000	0,142851
300,460000	0,144763
300,470000	0,146038
300,480000	0,138390
300,490000	0,142851
300,500000	0,141576
300,510000	0,145401
300,520000	0,142851
300,530000	0,147313
300,540000	0,142851
300,550000	0,139664
300,560000	0,143488
300,570000	0,144763
300,580000	0,142851
300,590000	0,146038
300,600000	0,139027
300,610000	0,147313
300,620000	0,144126
300,630000	0,143488
300,640000	0,146675
300,650000	0,146038
300,660000	0,144126
300,670000	0,146675
300,680000	0,142851
300,690000	0,147313
300,700000	0,142214
300,710000	0,147950
300,720000	0,144126
300,730000	0,147313
300,740000	0,145401
300,750000	0,144763
300,760000	0,147950
300,770000	0,147950
300,780000	0,145401
300,790000	0,146675
300,800000	0,146675
300,810000	0,145401
300,820000	0,147950
300,830000	0,148587
300,840000	0,145401
300,850000	0,148587
300,860000	0,149225
300,870000	0,145401
300,880000	0,148587
300,890000	0,142851
300,900000	0,149225
300,910000	0,144126
300,920000	0,147950
300,930000	0,145401
300,940000	0,148587
300,950000	0,144763
300,960000	0,147313
300,970000	0,146675
300,980000	0,150499
300,990000	0,146038
301,000000	0,151137
301,010000	0,144763
301,020000	0,148587
301,030000	0,144126
301,040000	0,147313
301,050000	0,144126
301,060000	0,151774
301,070000	0,146675
301,080000	0,147950
301,090000	0,149862
301,100000	0,147313
301,110000	0,148587
301,120000	0,147950
301,130000	0,146675
301,140000	0,142214
301,150000	0,149862
301,160000	0,147950
301,170000	0,149225
301,180000	0,143488
301,190000	0,148587
301,200000	0,145401
301,210000	0,149862
301,220000	0,147950
301,230000	0,142851
301,240000	0,146675
301,250000	0,149862
301,260000	0,145401
301,270000	0,144763
301,280000	0,149862
301,290000	0,147313
301,300000	0,147950
301,310000	0,147313
301,320000	0,145401
301,330000	0,145401
301,340000	0,149225
301,350000	0,149225
301,360000	0,150499
301,370000	0,140302
301,380000	0,144763
301,390000	0,146675
301,400000	0,146038
301,410000	0,146038
301,420000	0,147313
301,430000	0,144763
301,440000	0,146675
301,450000	0,145401
301,460000	0,146675
301,470000	0,142851
301,480000	0,146038
301,490000	0,146038
301,500000	0,146675
301,510000	0,143488
301,520000	0,142214
301,530000	0,142851
301,540000	0,146038
301,550000	0,142214
301,560000	0,145401
301,570000	0,141576
301,580000	0,147313
301,590000	0,144126
301,600000	0,142851
301,610000	0,144763
301,620000	0,147950
301,630000	0,145401
301,640000	0,144126
301,650000	0,142214
301,660000	0,144126
301,670000	0,144763
301,680000	0,144126
301,690000	0,142851
301,700000	0,145401
301,710000	0,141576
301,720000	0,144126
301,730000	0,142214
301,740000	0,145401
301,750000	0,142214
301,760000	0,147950
301,770000	0,141576
301,780000	0,144126
301,790000	0,143488
301,800000	0,142851
301,810000	0,143488
301,820000	0,146675
301,830000	0,140939
301,840000	0,144763
301,850000	0,145401
301,860000	0,144763
301,870000	0,140939
301,880000	0,146675
301,890000	0,141576
301,900000	0,145401
301,910000	0,142214
301,920000	0,143488
301,930000	0,142214
301,940000	0,145401
301,950000	0,141576
301,960000	0,141576
301,970000	0,142214
301,980000	0,145401
301,990000	0,142851
302,000000	0,142851
302,010000	0,139664
302,020000	0,141576
302,030000	0,140302
302,040000	0,142851
302,050000	0,142214
302,060000	0,146038
302,070000	0,144763
302,080000	0,144126
302,090000	0,147313
302,100000	0,142214
302,110000	0,148587
302,120000	0,142851
302,130000	0,139027
302,140000	0,146038
302,150000	0,141576
302,160000	0,142214
302,170000	0,144126
302,180000	0,145401
302,190000	0,142851
302,200000	0,144763
302,210000	0,139027
302,220000	0,140302
302,230000	0,141576
302,240000	0,147313
302,250000	0,145401
302,260000	0,140939
302,270000	0,139027
302,280000	0,144763
302,290000	0,139664
302,300000	0,143488
302,310000	0,139664
302,320000	0,146675
302,330000	0,137752
302,340000	0,142214
302,350000	0,142851
302,360000	0,145401
302,370000	0,139664
302,380000	0,145401
302,390000	0,140939
302,400000	0,139027
302,410000	0,141576
302,420000	0,140939
302,430000	0,144763
302,440000	0,140939
302,450000	0,140302
302,460000	0,145401
302,470000	0,140302
302,480000	0,146038
302,490000	0,144126
302,500000	0,142851
302,510000	0,144763
302,520000	0,144126
302,530000	0,141576
302,540000	0,144126
302,550000	0,144763
302,560000	0,142851
302,570000	0,144126
302,580000	0,144763
302,590000	0,141576
302,600000	0,142851
302,610000	0,150499
302,620000	0,142851
302,630000	0,142851
302,640000	0,146675
302,650000	0,143488
302,660000	0,142851
302,670000	0,144126
302,680000	0,142214
302,690000	0,143488
302,700000	0,149225
302,710000	0,143488
302,720000	0,147950
302,730000	0,144126
302,740000	0,144763
302,750000	0,147950
302,760000	0,145401
302,770000	0,145401
302,780000	0,146675
302,790000	0,144763
302,800000	0,144126
302,810000	0,145401
302,820000	0,142214
302,830000	0,141576
302,840000	0,147313
302,850000	0,145401
302,860000	0,141576
302,870000	0,145401
302,880000	0,144126
302,890000	0,144763
302,900000	0,144126
302,910000	0,142851
302,920000	0,147313
302,930000	0,146675
302,940000	0,143488
302,950000	0,147313
302,960000	0,142851
302,970000	0,146675
302,980000	0,143488
302,990000	0,144763
303,000000	0,144763
303,010000	0,144763
303,020000	0,144763
303,030000	0,142851
303,040000	0,144763
303,050000	0,142214
303,060000	0,145401
303,070000	0,147313
303,080000	0,145401
303,090000	0,150499
303,100000	0,147950
303,110000	0,146675
303,120000	0,146038
303,130000	0,147950
303,140000	0,147313
303,150000	0,149225
303,160000	0,147950
303,170000	0,145401
303,180000	0,145401
303,190000	0,147950
303,200000	0,146675
303,210000	0,145401
303,220000	0,145401
303,230000	0,147313
303,240000	0,147313
303,250000	0,142214
303,260000	0,147950
303,270000	0,142851
303,280000	0,147950
303,290000	0,141576
303,300000	0,147950
303,310000	0,141576
303,320000	0,147313
303,330000	0,145401
303,340000	0,146038
303,350000	0,144126
303,360000	0,149225
303,370000	0,143488
303,380000	0,144763
303,390000	0,144763
303,400000	0,144126
303,410000	0,146038
303,420000	0,148587
303,430000	0,142851
303,440000	0,147313
303,450000	0,144126
303,460000	0,144126
303,470000	0,142851
303,480000	0,147313
303,490000	0,144763
303,500000	0,144763
303,510000	0,145401
303,520000	0,146675
303,530000	0,142851
303,540000	0,147950
303,550000	0,141576
303,560000	0,146675
303,570000	0,144126
303,580000	0,144126
303,590000	0,146675
303,600000	0,144763
303,610000	0,140302
303,620000	0,142851
303,630000	0,141576
303,640000	0,142851
303,650000	0,144126
303,660000	0,147950
303,670000	0,142214
303,680000	0,146675
303,690000	0,146675
303,700000	0,143488
303,710000	0,142851
303,720000	0,145401
303,730000	0,142851
303,740000	0,143488
303,750000	0,144126
303,760000	0,146675
303,770000	0,141576
303,780000	0,142851
303,790000	0,145401
303,800000	0,142214
303,810000	0,145401
303,820000	0,144763
303,830000	0,145401
303,840000	0,141576
303,850000	0,144763
303,860000	0,144126
303,870000	0,144763
303,880000	0,144126
303,890000	0,146038
303,900000	0,142851
303,910000	0,143488
303,920000	0,146675
303,930000	0,141576
303,940000	0,140302
303,950000	0,147313
303,960000	0,140302
303,970000	0,143488
303,980000	0,141576
303,990000	0,142851
304,000000	0,141576
304,010000	0,144763
304,020000	0,140302
304,030000	0,142214
304,040000	0,141576
304,050000	0,144126
304,060000	0,143488
304,070000	0,142851
304,080000	0,141576
304,090000	0,146038
304,100000	0,142214
304,110000	0,142851
304,120000	0,142214
304,130000	0,143488
304,140000	0,137752
304,150000	0,142851
304,160000	0,143488
304,170000	0,146675
304,180000	0,142214
304,190000	0,141576
304,200000	0,140939
304,210000	0,142851
304,220000	0,140302
304,230000	0,141576
304,240000	0,146038
304,250000	0,144126
304,260000	0,144126
304,270000	0,144126
304,280000	0,142851
304,290000	0,144126
304,300000	0,142214
304,310000	0,143488
304,320000	0,142851
304,330000	0,144126
304,340000	0,142851
304,350000	0,142214
304,360000	0,145401
304,370000	0,145401
304,380000	0,142851
304,390000	0,144763
304,400000	0,142214
304,410000	0,143488
304,420000	0,145401
304,430000	0,142851
304,440000	0,141576
304,450000	0,144763
304,460000	0,144126
304,470000	0,146675
304,480000	0,140302
304,490000	0,147950
304,500000	0,144126
304,510000	0,142214
304,520000	0,148587
304,530000	0,140302
304,540000	0,145401
304,550000	0,142214
304,560000	0,143488
304,570000	0,144763
304,580000	0,143488
304,590000	0,144763
304,600000	0,142851
304,610000	0,144126
304,620000	0,141576
304,630000	0,142851
304,640000	0,146038
304,650000	0,141576
304,660000	0,145401
304,670000	0,140302
304,680000	0,147950
304,690000	0,140939
304,700000	0,148587
304,710000	0,142214
304,720000	0,143488
304,730000	0,143488
304,740000	0,144126
304,750000	0,139664
304,760000	0,141576
304,770000	0,142851
304,780000	0,140302
304,790000	0,145401
304,800000	0,142851
304,810000	0,140302
304,820000	0,143488
304,830000	0,144763
304,840000	0,145401
304,850000	0,145401
304,860000	0,146675
304,870000	0,147313
304,880000	0,145401
304,890000	0,147313
304,900000	0,145401
304,910000	0,144763
304,920000	0,143488
304,930000	0,144763
304,940000	0,146038
304,950000	0,147313
304,960000	0,143488
304,970000	0,147313
304,980000	0,143488
304,990000	0,148587
305,000000	0,142851
305,010000	0,146038
305,020000	0,144126
305,030000	0,146675
305,040000	0,147950
305,050000	0,149862
305,060000	0,147313
305,070000	0,148587
305,080000	0,146038
305,090000	0,144763
305,100000	0,144763
305,110000	0,145401
305,120000	0,146675
305,130000	0,144763
305,140000	0,144763
305,150000	0,147313
305,160000	0,143488
305,170000	0,146038
305,180000	0,144126
305,190000	0,148587
305,200000	0,144763
305,210000	0,142214
305,220000	0,145401
305,230000	0,145401
305,240000	0,147313
305,250000	0,144763
305,260000	0,145401
305,270000	0,145401
305,280000	0,147950
305,290000	0,144763
305,300000	0,144763
305,310000	0,142851
305,320000	0,142851
305,330000	0,149225
305,340000	0,147313
305,350000	0,146038
305,360000	0,145401
305,370000	0,145401
305,380000	0,147950
305,390000	0,145401
305,400000	0,149862
305,410000	0,144126
305,420000	0,149225
305,430000	0,144126
305,440000	0,144126
305,450000	0,142851
305,460000	0,145401
305,470000	0,145401
305,480000	0,146675
305,490000	0,144126
305,500000	0,146038
305,510000	0,142851
305,520000	0,145401
305,530000	0,144126
305,540000	0,147313
305,550000	0,142851
305,560000	0,147313
305,570000	0,145401
305,580000	0,146038
305,590000	0,146038
305,600000	0,149862
305,610000	0,146038
305,620000	0,145401
305,630000	0,149225
305,640000	0,142214
305,650000	0,147950
305,660000	0,143488
305,670000	0,143488
305,680000	0,144126
305,690000	0,143488
305,700000	0,143488
305,710000	0,142851
305,720000	0,146675
305,730000	0,142851
305,740000	0,146038
305,750000	0,144126
305,760000	0,147313
305,770000	0,143488
305,780000	0,142851
305,790000	0,143488
305,800000	0,141576
305,810000	0,142851
305,820000	0,146038
305,830000	0,142851
305,840000	0,143488
305,850000	0,141576
305,860000	0,143488
305,870000	0,139664
305,880000	0,142851
305,890000	0,141576
305,900000	0,144763
305,910000	0,144126
305,920000	0,142851
305,930000	0,142851
305,940000	0,146675
305,950000	0,142214
305,960000	0,146675
305,970000	0,142851
305,980000	0,144763
305,990000	0,142214
306,000000	0,141576
306,010000	0,142214
306,020000	0,144763
306,030000	0,142851
306,040000	0,144126
306,050000	0,143488
306,060000	0,143488
306,070000	0,142851
306,080000	0,145401
306,090000	0,137752
306,100000	0,144126
306,110000	0,142851
306,120000	0,145401
306,130000	0,142214
306,140000	0,146675
306,150000	0,140939
306,160000	0,146038
306,170000	0,137752
306,180000	0,145401
306,190000	0,142214
306,200000	0,143488
306,210000	0,141576
306,220000	0,143488
306,230000	0,142851
306,240000	0,144126
306,250000	0,143488
306,260000	0,141576
306,270000	0,141576
306,280000	0,150499
306,290000	0,143488
306,300000	0,144763
306,310000	0,144126
306,320000	0,146675
306,330000	0,142851
306,340000	0,142851
306,350000	0,146038
306,360000	0,144126
306,370000	0,144763
306,380000	0,142851
306,390000	0,141576
306,400000	0,140939
306,410000	0,142214
306,420000	0,140302
306,430000	0,145401
306,440000	0,144763
306,450000	0,141576
306,460000	0,146038
306,470000	0,145401
306,480000	0,145401
306,490000	0,144126
306,500000	0,142851
306,510000	0,146675
306,520000	0,143488
306,530000	0,143488
306,540000	0,142214
306,550000	0,144763
306,560000	0,140939
306,570000	0,143488
306,580000	0,140302
306,590000	0,142851
306,600000	0,140302
306,610000	0,144763
306,620000	0,144763
306,630000	0,140939
306,640000	0,144763
306,650000	0,142214
306,660000	0,145401
306,670000	0,140302
306,680000	0,147950
306,690000	0,142851
306,700000	0,146675
306,710000	0,141576
306,720000	0,144126
306,730000	0,144763
306,740000	0,146675
306,750000	0,143488
306,760000	0,146038
306,770000	0,143488
306,780000	0,144763
306,790000	0,143488
306,800000	0,147950
306,810000	0,142851
306,820000	0,146675
306,830000	0,141576
306,840000	0,144763
306,850000	0,144126
306,860000	0,147313
306,870000	0,141576
306,880000	0,147313
306,890000	0,145401
306,900000	0,147313
306,910000	0,147313
306,920000	0,145401
306,930000	0,143488
306,940000	0,145401
306,950000	0,144126
306,960000	0,146038
306,970000	0,143488
306,980000	0,143488
306,990000	0,144763
307,000000	0,146038
307,010000	0,146038
307,020000	0,147313
307,030000	0,144763
307,040000	0,148587
307,050000	0,147313
307,060000	0,143488
307,070000	0,147313
307,080000	0,146038
307,090000	0,149225
307,100000	0,147950
307,110000	0,143488
307,120000	0,144763
307,130000	0,142851
307,140000	0,147313
307,150000	0,142214
307,160000	0,144126
307,170000	0,142214
307,180000	0,145401
307,190000	0,147313
307,200000	0,146675
307,210000	0,142851
307,220000	0,146675
307,230000	0,142851
307,240000	0,146675
307,250000	0,144126
307,260000	0,144126
307,270000	0,142851
307,280000	0,146038
307,290000	0,144763
307,300000	0,144126
307,310000	0,146675
307,320000	0,145401
307,330000	0,146038
307,340000	0,146675
307,350000	0,146675
307,360000	0,142851
307,370000	0,145401
307,380000	0,147313
307,390000	0,146675
307,400000	0,145401
307,410000	0,147313
307,420000	0,146038
307,430000	0,144763
307,440000	0,144126
307,450000	0,145401
307,460000	0,144126
307,470000	0,145401
307,480000	0,146038
307,490000	0,145401
307,500000	0,147950
307,510000	0,145401
307,520000	0,147313
307,530000	0,143488
307,540000	0,144763
307,550000	0,146675
307,560000	0,147313
307,570000	0,147313
307,580000	0,147950
307,590000	0,147950
307,600000	0,147950
307,610000	0,147950
307,620000	0,146038
307,630000	0,147313
307,640000	0,142851
307,650000	0,145401
307,660000	0,145401
307,670000	0,142851
307,680000	0,144126
307,690000	0,142214
307,700000	0,144126
307,710000	0,144763
307,720000	0,142851
307,730000	0,144126
307,740000	0,142851
307,750000	0,144126
307,760000	0,145401
307,770000	0,141576
307,780000	0,142214
307,790000	0,142214
307,800000	0,143488
307,810000	0,143488
307,820000	0,143488
307,830000	0,144763
307,840000	0,147313
307,850000	0,143488
307,860000	0,144763
307,870000	0,144763
307,880000	0,143488
307,890000	0,146038
307,900000	0,142851
307,910000	0,144763
307,920000	0,142851
307,930000	0,140302
307,940000	0,142214
307,950000	0,143488
307,960000	0,143488
307,970000	0,145401
307,980000	0,144126
307,990000	0,142851
308,000000	0,142851
308,010000	0,146675
308,020000	0,142851
308,030000	0,141576
308,040000	0,143488
308,050000	0,143488
308,060000	0,144763
308,070000	0,145401
308,080000	0,145401
308,090000	0,144126
308,100000	0,144763
308,110000	0,142851
308,120000	0,145401
308,130000	0,144126
308,140000	0,142851
308,150000	0,142214
308,160000	0,140939
308,170000	0,143488
308,180000	0,144126
308,190000	0,143488
308,200000	0,145401
308,210000	0,142851
308,220000	0,142214
308,230000	0,142851
308,240000	0,142851
308,250000	0,144126
308,260000	0,144763
308,270000	0,142214
308,280000	0,140302
308,290000	0,144763
308,300000	0,143488
308,310000	0,144763
308,320000	0,144126
308,330000	0,140302
308,340000	0,142851
308,350000	0,142851
308,360000	0,142851
308,370000	0,143488
308,380000	0,142851
308,390000	0,142851
308,400000	0,144126
308,410000	0,141576
308,420000	0,141576
308,430000	0,140302
308,440000	0,144126
308,450000	0,141576
308,460000	0,144763
308,470000	0,142214
308,480000	0,142214
308,490000	0,145401
308,500000	0,144763
308,510000	0,144126
308,520000	0,144126
308,530000	0,143488
308,540000	0,146038
308,550000	0,140302
308,560000	0,142851
308,570000	0,143488
308,580000	0,145401
308,590000	0,142851
308,600000	0,144126
308,610000	0,144763
308,620000	0,145401
308,630000	0,144126
308,640000	0,144126
308,650000	0,144763
308,660000	0,144763
308,670000	0,145401
308,680000	0,144763
308,690000	0,147313
308,700000	0,144763
308,710000	0,144763
308,720000	0,144126
308,730000	0,146675
308,740000	0,145401
308,750000	0,146675
308,760000	0,143488
308,770000	0,147313
308,780000	0,145401
308,790000	0,142214
308,800000	0,143488
308,810000	0,142851
308,820000	0,143488
308,830000	0,144763
308,840000	0,146675
308,850000	0,143488
308,860000	0,146675
308,870000	0,146675
308,880000	0,145401
308,890000	0,144763
308,900000	0,146038
308,910000	0,143488
308,920000	0,146038
308,930000	0,142851
308,940000	0,145401
308,950000	0,140939
308,960000	0,143488
308,970000	0,144763
308,980000	0,145401
308,990000	0,146038
309,000000	0,146038
309,010000	0,146675
309,020000	0,145401
309,030000	0,144763
309,040000	0,146038
309,050000	0,146038
309,060000	0,146038
309,070000	0,144126
309,080000	0,145401
309,090000	0,146038
309,100000	0,144763
309,110000	0,145401
309,120000	0,146675
309,130000	0,146675
309,140000	0,146038
309,150000	0,147950
309,160000	0,146038
309,170000	0,146038
309,180000	0,147950
309,190000	0,147313
309,200000	0,145401
309,210000	0,146038
309,220000	0,143488
309,230000	0,146675
309,240000	0,145401
309,250000	0,146038
309,260000	0,148587
309,270000	0,145401
309,280000	0,144126
309,290000	0,146675
309,300000	0,147950
309,310000	0,142214
309,320000	0,146038
309,330000	0,144763
309,340000	0,144763
309,350000	0,145401
309,360000	0,144763
309,370000	0,144763
309,380000	0,147950
309,390000	0,145401
309,400000	0,147313
309,410000	0,142851
309,420000	0,147950
309,430000	0,144126
309,440000	0,146675
309,450000	0,143488
309,460000	0,143488
309,470000	0,145401
309,480000	0,147313
309,490000	0,141576
309,500000	0,148587
309,510000	0,144763
309,520000	0,144763
309,530000	0,144126
309,540000	0,146675
309,550000	0,143488
309,560000	0,145401
309,570000	0,140302
309,580000	0,143488
309,590000	0,144763
309,600000	0,144126
309,610000	0,141576
309,620000	0,147313
309,630000	0,143488
309,640000	0,144763
309,650000	0,145401
309,660000	0,144126
309,670000	0,143488
309,680000	0,146675
309,690000	0,143488
309,700000	0,145401
309,710000	0,144126
309,720000	0,148587
309,730000	0,143488
309,740000	0,144126
309,750000	0,142851
309,760000	0,144763
309,770000	0,142214
309,780000	0,146038
309,790000	0,144126
309,800000	0,144126
309,810000	0,140302
309,820000	0,145401
309,830000	0,144126
309,840000	0,146675
309,850000	0,142214
309,860000	0,144126
309,870000	0,142851
309,880000	0,145401
309,890000	0,142851
309,900000	0,143488
309,910000	0,142851
309,920000	0,144763
309,930000	0,141576
309,940000	0,144126
309,950000	0,146038
309,960000	0,146038
309,970000	0,144763
309,980000	0,142851
309,990000	0,145401
310,000000	0,145401
310,010000	0,142851
310,020000	0,143488
310,030000	0,142851
310,040000	0,145401
310,050000	0,142851
310,060000	0,142214
310,070000	0,144763
310,080000	0,141576
310,090000	0,141576
310,100000	0,142851
310,110000	0,145401
310,120000	0,144126
310,130000	0,140939
310,140000	0,144763
310,150000	0,142851
310,160000	0,146038
310,170000	0,140939
310,180000	0,145401
310,190000	0,143488
310,200000	0,142851
310,210000	0,142214
310,220000	0,144126
310,230000	0,142214
310,240000	0,144126
310,250000	0,145401
310,260000	0,144763
310,270000	0,145401
310,280000	0,144126
310,290000	0,144763
310,300000	0,144126
310,310000	0,144763
310,320000	0,144126
310,330000	0,142851
310,340000	0,146038
310,350000	0,140302
310,360000	0,142214
310,370000	0,143488
310,380000	0,143488
310,390000	0,141576
310,400000	0,143488
310,410000	0,143488
310,420000	0,144763
310,430000	0,142851
310,440000	0,142851
310,450000	0,141576
310,460000	0,140939
310,470000	0,140302
310,480000	0,142851
310,490000	0,145401
310,500000	0,142851
310,510000	0,142851
310,520000	0,146038
310,530000	0,139027
310,540000	0,142851
310,550000	0,146675
310,560000	0,144763
310,570000	0,142214
310,580000	0,142851
310,590000	0,144126
310,600000	0,143488
310,610000	0,143488
310,620000	0,144763
310,630000	0,142214
310,640000	0,145401
310,650000	0,141576
310,660000	0,143488
310,670000	0,144763
310,680000	0,142851
310,690000	0,142851
310,700000	0,143488
310,710000	0,143488
310,720000	0,145401
310,730000	0,142851
310,740000	0,141576
310,750000	0,143488
310,760000	0,142851
310,770000	0,142851
310,780000	0,144763
310,790000	0,142214
310,800000	0,144126
310,810000	0,144763
310,820000	0,147950
310,830000	0,143488
310,840000	0,147313
310,850000	0,147313
310,860000	0,144763
310,870000	0,144126
310,880000	0,146038
310,890000	0,144763
310,900000	0,145401
310,910000	0,142851
310,920000	0,145401
310,930000	0,143488
310,940000	0,147950
310,950000	0,144126
310,960000	0,147313
310,970000	0,143488
310,980000	0,145401
310,990000	0,144126
311,000000	0,146675
311,010000	0,144763
311,020000	0,148587
311,030000	0,142851
311,040000	0,146675
311,050000	0,141576
311,060000	0,144763
311,070000	0,143488
311,080000	0,145401
311,090000	0,142851
311,100000	0,146038
311,110000	0,142214
311,120000	0,147313
311,130000	0,142214
311,140000	0,146675
311,150000	0,146038
311,160000	0,145401
311,170000	0,146038
311,180000	0,144763
311,190000	0,145401
311,200000	0,144763
311,210000	0,144126
311,220000	0,147313
311,230000	0,147313
311,240000	0,147313
311,250000	0,147313
311,260000	0,147313
311,270000	0,146675
311,280000	0,146038
311,290000	0,144763
311,300000	0,146675
311,310000	0,142851
311,320000	0,144763
311,330000	0,146675
311,340000	0,144763
311,350000	0,147950
311,360000	0,145401
311,370000	0,144763
311,380000	0,144763
311,390000	0,146038
311,400000	0,145401
311,410000	0,144126
311,420000	0,145401
311,430000	0,143488
311,440000	0,146675
311,450000	0,144126
311,460000	0,144126
311,470000	0,143488
311,480000	0,146675
311,490000	0,143488
311,500000	0,146675
311,510000	0,145401
311,520000	0,146038
311,530000	0,144126
311,540000	0,147950
311,550000	0,144763
311,560000	0,142851
311,570000	0,145401
311,580000	0,147313
311,590000	0,144126
311,600000	0,146038
311,610000	0,144763
311,620000	0,143488
311,630000	0,142851
311,640000	0,146675
311,650000	0,142851
311,660000	0,143488
311,670000	0,146038
311,680000	0,147950
311,690000	0,144763
311,700000	0,145401
311,710000	0,142851
311,720000	0,144763
311,730000	0,142851
311,740000	0,144126
311,750000	0,140939
311,760000	0,146675
311,770000	0,142851
311,780000	0,146038
311,790000	0,143488
311,800000	0,146038
311,810000	0,141576
311,820000	0,145401
311,830000	0,142851
311,840000	0,145401
311,850000	0,143488
311,860000	0,146675
311,870000	0,142214
311,880000	0,145401
311,890000	0,142851
311,900000	0,148587
311,910000	0,141576
311,920000	0,146038
311,930000	0,146675
311,940000	0,144126
311,950000	0,142851
311,960000	0,147313
311,970000	0,141576
311,980000	0,142851
311,990000	0,140939
312,000000	0,147313
312,010000	0,144763
312,020000	0,145401
312,030000	0,143488
312,040000	0,143488
312,050000	0,142851
312,060000	0,146038
312,070000	0,144126
312,080000	0,146675
312,090000	0,142214
312,100000	0,144763
312,110000	0,142214
312,120000	0,145401
312,130000	0,140302
312,140000	0,145401
312,150000	0,142214
312,160000	0,143488
312,170000	0,141576
312,180000	0,144126
312,190000	0,142214
312,200000	0,138390
312,210000	0,141576
312,220000	0,142214
312,230000	0,142214
312,240000	0,144763
312,250000	0,144763
312,260000	0,144126
312,270000	0,141576
312,280000	0,146038
312,290000	0,140302
312,300000	0,144763
312,310000	0,141576
312,320000	0,142214
312,330000	0,144126
312,340000	0,144126
312,350000	0,143488
312,360000	0,146675
312,370000	0,144126
312,380000	0,144126
312,390000	0,143488
312,400000	0,144763
312,410000	0,141576
312,420000	0,142851
312,430000	0,142851
312,440000	0,145401
312,450000	0,144126
312,460000	0,144126
312,470000	0,143488
312,480000	0,143488
312,490000	0,142214
312,500000	0,142851
312,510000	0,141576
312,520000	0,145401
312,530000	0,142214
312,540000	0,144126
312,550000	0,143488
312,560000	0,143488
312,570000	0,142851
312,580000	0,141576
312,590000	0,140302
312,600000	0,142851
312,610000	0,144763
312,620000	0,144763
312,630000	0,142851
312,640000	0,142851
312,650000	0,142851
312,660000	0,144763
312,670000	0,144126
312,680000	0,145401
312,690000	0,142851
312,700000	0,144763
312,710000	0,142214
312,720000	0,145401
312,730000	0,144763
312,740000	0,144763
312,750000	0,143488
312,760000	0,144763
312,770000	0,141576
312,780000	0,146038
312,790000	0,141576
312,800000	0,144126
312,810000	0,141576
312,820000	0,146675
312,830000	0,142214
312,840000	0,143488
312,850000	0,142851
312,860000	0,147313
312,870000	0,142851
312,880000	0,142851
312,890000	0,142851
312,900000	0,146675
312,910000	0,141576
312,920000	0,145401
312,930000	0,142851
312,940000	0,144126
312,950000	0,141576
312,960000	0,144763
312,970000	0,144126
312,980000	0,144763
312,990000	0,142851
313,000000	0,146038
313,010000	0,142851
313,020000	0,147950
313,030000	0,143488
313,040000	0,144126
313,050000	0,143488
313,060000	0,144763
313,070000	0,143488
313,080000	0,142851
313,090000	0,142851
313,100000	0,145401
313,110000	0,144763
313,120000	0,144763
313,130000	0,145401
313,140000	0,146675
313,150000	0,142214
313,160000	0,143488
313,170000	0,142851
313,180000	0,145401
313,190000	0,142851
313,200000	0,146675
313,210000	0,144763
313,220000	0,147950
313,230000	0,143488
313,240000	0,145401
313,250000	0,145401
313,260000	0,145401
313,270000	0,144126
313,280000	0,146675
313,290000	0,141576
313,300000	0,145401
313,310000	0,143488
313,320000	0,145401
313,330000	0,144763
313,340000	0,147313
313,350000	0,142851
313,360000	0,147950
313,370000	0,142214
313,380000	0,144126
313,390000	0,144126
313,400000	0,147313
313,410000	0,142851
313,420000	0,147950
313,430000	0,142214
313,440000	0,147313
313,450000	0,144763
313,460000	0,144763
313,470000	0,144763
313,480000	0,148587
313,490000	0,144126
313,500000	0,147950
313,510000	0,144763
313,520000	0,147313
313,530000	0,143488
313,540000	0,146675
313,550000	0,145401
313,560000	0,142851
313,570000	0,146038
313,580000	0,146675
313,590000	0,142851
313,600000	0,143488
313,610000	0,146675
313,620000	0,143488
313,630000	0,147313
313,640000	0,143488
313,650000	0,146038
313,660000	0,142214
313,670000	0,147313
313,680000	0,142851
313,690000	0,144126
313,700000	0,142851
313,710000	0,142851
313,720000	0,146038
313,730000	0,142851
313,740000	0,144126
313,750000	0,145401
313,760000	0,144126
313,770000	0,147313
313,780000	0,147313
313,790000	0,142214
313,800000	0,145401
313,810000	0,146675
313,820000	0,146675
313,830000	0,146038
313,840000	0,146675
313,850000	0,145401
313,860000	0,143488
313,870000	0,144126
313,880000	0,147313
313,890000	0,142851
313,900000	0,149225
313,910000	0,144763
313,920000	0,146675
313,930000	0,142214
313,940000	0,145401
313,950000	0,145401
313,960000	0,143488
313,970000	0,144126
313,980000	0,142851
313,990000	0,144763
314,000000	0,142851
314,010000	0,146675
314,020000	0,142851
314,030000	0,145401
314,040000	0,144763
314,050000	0,145401
314,060000	0,145401
314,070000	0,146038
314,080000	0,140302
314,090000	0,146675
314,100000	0,144763
314,110000	0,146675
314,120000	0,142214
314,130000	0,144126
314,140000	0,140939
314,150000	0,147950
314,160000	0,143488
314,170000	0,145401
314,180000	0,145401
314,190000	0,142851
314,200000	0,143488
314,210000	0,144763
314,220000	0,140939
314,230000	0,144763
314,240000	0,144763
314,250000	0,144763
314,260000	0,143488
314,270000	0,141576
314,280000	0,143488
314,290000	0,142214
314,300000	0,143488
314,310000	0,144126
314,320000	0,142214
314,330000	0,146038
314,340000	0,142851
314,350000	0,144763
314,360000	0,144763
314,370000	0,139664
314,380000	0,144763
314,390000	0,141576
314,400000	0,144763
314,410000	0,140939
314,420000	0,144126
314,430000	0,141576
314,440000	0,144126
314,450000	0,145401
314,460000	0,142851
314,470000	0,140302
314,480000	0,146038
314,490000	0,143488
314,500000	0,144763
314,510000	0,142851
314,520000	0,142851
314,530000	0,142851
314,540000	0,145401
314,550000	0,142214
314,560000	0,144763
314,570000	0,144763
314,580000	0,145401
314,590000	0,144126
314,600000	0,142851
314,610000	0,144763
314,620000	0,144126
314,630000	0,144126
314,640000	0,146038
314,650000	0,142851
314,660000	0,145401
314,670000	0,143488
314,680000	0,144763
314,690000	0,142851
314,700000	0,147313
314,710000	0,142214
314,720000	0,145401
314,730000	0,139664
314,740000	0,145401
314,750000	0,141576
314,760000	0,145401
314,770000	0,142851
314,780000	0,146038
314,790000	0,142851
314,800000	0,145401
314,810000	0,143488
314,820000	0,143488
314,830000	0,141576
314,840000	0,144763
314,850000	0,142851
314,860000	0,143488
314,870000	0,141576
314,880000	0,143488
314,890000	0,144763
314,900000	0,142851
314,910000	0,141576
314,920000	0,142851
314,930000	0,141576
314,940000	0,142851
314,950000	0,142851
314,960000	0,142851
314,970000	0,143488
314,980000	0,144763
314,990000	0,143488
315,000000	0,144763
315,010000	0,144763
315,020000	0,146038
315,030000	0,142851
315,040000	0,145401
315,050000	0,144126
315,060000	0,145401
315,070000	0,144763
315,080000	0,142851
315,090000	0,145401
315,100000	0,144126
315,110000	0,145401
315,120000	0,142851
315,130000	0,145401
315,140000	0,143488
315,150000	0,144763
315,160000	0,144763
315,170000	0,143488
315,180000	0,144126
315,190000	0,146675
315,200000	0,143488
315,210000	0,144763
315,220000	0,144126
315,230000	0,143488
315,240000	0,142851
315,250000	0,146675
315,260000	0,144763
315,270000	0,147950
315,280000	0,144763
315,290000	0,145401
315,300000	0,145401
315,310000	0,147950
315,320000	0,142851
315,330000	0,144763
315,340000	0,146675
315,350000	0,146038
315,360000	0,145401
315,370000	0,146038
315,380000	0,144763
315,390000	0,142851
315,400000	0,142214
315,410000	0,145401
315,420000	0,145401
315,430000	0,146675
315,440000	0,147313
315,450000	0,147313
315,460000	0,144763
315,470000	0,142851
315,480000	0,144763
315,490000	0,142851
315,500000	0,144763
315,510000	0,142851
315,520000	0,144763
315,530000	0,144126
315,540000	0,144763
315,550000	0,144763
315,560000	0,142214
315,570000	0,145401
315,580000	0,147313
315,590000	0,146675
315,600000	0,146675
315,610000	0,147313
315,620000	0,143488
315,630000	0,146038
315,640000	0,144763
315,650000	0,144763
315,660000	0,144763
315,670000	0,146038
315,680000	0,144126
315,690000	0,147313
315,700000	0,143488
315,710000	0,147950
315,720000	0,143488
315,730000	0,145401
315,740000	0,142851
315,750000	0,144763
315,760000	0,144126
315,770000	0,144763
315,780000	0,144763
315,790000	0,147313
315,800000	0,144126
315,810000	0,146038
315,820000	0,144126
315,830000	0,145401
315,840000	0,147313
315,850000	0,145401
315,860000	0,146038
315,870000	0,144126
315,880000	0,147313
315,890000	0,144763
315,900000	0,145401
315,910000	0,142851
315,920000	0,141576
315,930000	0,142851
315,940000	0,146038
315,950000	0,145401
315,960000	0,145401
315,970000	0,143488
315,980000	0,147950
315,990000	0,143488
316,000000	0,143488
316,010000	0,142214
316,020000	0,146038
316,030000	0,144763
316,040000	0,145401
316,050000	0,144126
316,060000	0,144763
316,070000	0,144763
316,080000	0,143488
316,090000	0,144763
316,100000	0,144763
316,110000	0,144763
316,120000	0,141576
316,130000	0,145401
316,140000	0,144126
316,150000	0,146038
316,160000	0,144126
316,170000	0,147313
316,180000	0,144126
316,190000	0,143488
316,200000	0,144126
316,210000	0,146038
316,220000	0,142851
316,230000	0,143488
316,240000	0,142214
316,250000	0,144126
316,260000	0,142851
316,270000	0,144763
316,280000	0,142214
316,290000	0,142851
316,300000	0,144126
316,310000	0,144126
316,320000	0,145401
316,330000	0,143488
316,340000	0,144126
316,350000	0,142851
316,360000	0,142851
316,370000	0,143488
316,380000	0,143488
316,390000	0,142851
316,400000	0,144126
316,410000	0,140939
316,420000	0,142214
316,430000	0,140302
316,440000	0,144763
316,450000	0,142214
316,460000	0,143488
316,470000	0,144763
316,480000	0,143488
316,490000	0,144126
316,500000	0,143488
316,510000	0,142851
316,520000	0,142214
316,530000	0,140939
316,540000	0,142851
316,550000	0,145401
316,560000	0,143488
316,570000	0,145401
316,580000	0,144763
316,590000	0,142851
316,600000	0,142851
316,610000	0,143488
316,620000	0,145401
316,630000	0,142851
316,640000	0,144126
316,650000	0,140302
316,660000	0,145401
316,670000	0,142851
316,680000	0,144763
316,690000	0,140302
316,700000	0,145401
316,710000	0,140302
316,720000	0,144763
316,730000	0,140939
316,740000	0,146675
316,750000	0,138390
316,760000	0,144763
316,770000	0,141576
316,780000	0,145401
316,790000	0,141576
316,800000	0,146038
316,810000	0,142214
316,820000	0,145401
316,830000	0,140302
316,840000	0,145401
316,850000	0,140939
316,860000	0,143488
316,870000	0,140302
316,880000	0,145401
316,890000	0,140939
316,900000	0,147313
316,910000	0,140939
316,920000	0,145401
316,930000	0,142851
316,940000	0,142851
316,950000	0,140939
316,960000	0,143488
316,970000	0,142851
316,980000	0,144126
316,990000	0,142851
317,000000	0,145401
317,010000	0,144126
317,020000	0,144763
317,030000	0,140939
317,040000	0,143488
317,050000	0,142214
317,060000	0,145401
317,070000	0,143488
317,080000	0,143488
317,090000	0,141576
317,100000	0,143488
317,110000	0,143488
317,120000	0,142851
317,130000	0,142214
317,140000	0,144126
317,150000	0,143488
317,160000	0,144126
317,170000	0,140939
317,180000	0,145401
317,190000	0,143488
317,200000	0,146038
317,210000	0,142214
317,220000	0,144763
317,230000	0,142214
317,240000	0,144763
317,250000	0,142851
317,260000	0,147950
317,270000	0,144126
317,280000	0,143488
317,290000	0,144763
317,300000	0,144126
317,310000	0,143488
317,320000	0,144763
317,330000	0,142851
317,340000	0,144763
317,350000	0,143488
317,360000	0,145401
317,370000	0,142851
317,380000	0,147313
317,390000	0,142214
317,400000	0,147313
317,410000	0,143488
317,420000	0,145401
317,430000	0,143488
317,440000	0,144126
317,450000	0,143488
317,460000	0,147313
317,470000	0,144763
317,480000	0,143488
317,490000	0,142851
317,500000	0,144126
317,510000	0,146038
317,520000	0,145401
317,530000	0,141576
317,540000	0,146038
317,550000	0,146675
317,560000	0,144763
317,570000	0,143488
317,580000	0,147950
317,590000	0,142851
317,600000	0,144763
317,610000	0,140939
317,620000	0,146038
317,630000	0,146675
317,640000	0,144763
317,650000	0,142214
317,660000	0,143488
317,670000	0,147313
317,680000	0,146038
317,690000	0,145401
317,700000	0,141576
317,710000	0,146038
317,720000	0,145401
317,730000	0,145401
317,740000	0,145401
317,750000	0,145401
317,760000	0,147950
317,770000	0,142851
317,780000	0,146675
317,790000	0,141576
317,800000	0,147950
317,810000	0,140302
317,820000	0,145401
317,830000	0,141576
317,840000	0,147950
317,850000	0,143488
317,860000	0,151137
317,870000	0,142214
317,880000	0,149862
317,890000	0,142851
317,900000	0,149862
317,910000	0,142214
317,920000	0,145401
317,930000	0,142851
317,940000	0,146038
317,950000	0,144126
317,960000	0,144126
317,970000	0,142851
317,980000	0,147313
317,990000	0,142851
318,000000	0,148587
318,010000	0,142851
318,020000	0,147313
318,030000	0,146038
318,040000	0,147950
318,050000	0,140302
318,060000	0,146038
318,070000	0,140939
318,080000	0,147313
318,090000	0,142851
318,100000	0,146675
318,110000	0,145401
318,120000	0,146675
318,130000	0,144126
318,140000	0,147950
318,150000	0,139664
318,160000	0,149225
318,170000	0,141576
318,180000	0,147950
318,190000	0,142851
318,200000	0,147950
318,210000	0,142851
318,220000	0,147313
318,230000	0,142214
318,240000	0,144763
318,250000	0,139664
318,260000	0,147313
318,270000	0,142851
318,280000	0,149225
318,290000	0,142214
318,300000	0,148587
318,310000	0,139664
318,320000	0,147950
318,330000	0,138390
318,340000	0,151137
318,350000	0,137752
318,360000	0,147950
318,370000	0,139664
318,380000	0,146675
318,390000	0,137115
318,400000	0,147950
318,410000	0,139664
318,420000	0,148587
318,430000	0,141576
318,440000	0,144126
318,450000	0,140939
318,460000	0,146675
318,470000	0,142214
318,480000	0,145401
318,490000	0,142214
318,500000	0,145401
318,510000	0,144763
318,520000	0,147313
318,530000	0,140939
318,540000	0,144126
318,550000	0,144763
318,560000	0,142851
318,570000	0,140939
318,580000	0,142851
318,590000	0,142851
318,600000	0,146675
318,610000	0,142851
318,620000	0,147313
318,630000	0,140302
318,640000	0,144126
318,650000	0,141576
318,660000	0,145401
318,670000	0,142851
318,680000	0,142214
318,690000	0,143488
318,700000	0,142851
318,710000	0,142851
318,720000	0,145401
318,730000	0,143488
318,740000	0,142214
318,750000	0,139027
318,760000	0,145401
318,770000	0,141576
318,780000	0,144126
318,790000	0,142851
318,800000	0,145401
318,810000	0,140302
318,820000	0,144126
318,830000	0,142214
318,840000	0,142851
318,850000	0,143488
318,860000	0,146675
318,870000	0,140939
318,880000	0,146675
318,890000	0,142851
318,900000	0,142851
318,910000	0,145401
318,920000	0,146038
318,930000	0,142214
318,940000	0,144763
318,950000	0,139664
318,960000	0,142214
318,970000	0,144126
318,980000	0,144763
318,990000	0,141576
319,000000	0,144126
319,010000	0,142214
319,020000	0,140939
319,030000	0,143488
319,040000	0,144763
319,050000	0,140939
319,060000	0,146038
319,070000	0,142851
319,080000	0,142851
319,090000	0,139027
319,100000	0,143488
319,110000	0,144763
319,120000	0,144763
319,130000	0,142851
319,140000	0,146038
319,150000	0,142214
319,160000	0,142851
319,170000	0,144126
319,180000	0,142851
319,190000	0,142851
319,200000	0,145401
319,210000	0,144763
319,220000	0,143488
319,230000	0,143488
319,240000	0,143488
319,250000	0,142851
319,260000	0,142851
319,270000	0,143488
319,280000	0,142851
319,290000	0,145401
319,300000	0,147313
319,310000	0,143488
319,320000	0,144126
319,330000	0,141576
319,340000	0,144763
319,350000	0,143488
319,360000	0,146675
319,370000	0,145401
319,380000	0,142851
319,390000	0,144126
319,400000	0,142851
319,410000	0,145401
319,420000	0,145401
319,430000	0,142851
319,440000	0,143488
319,450000	0,144763
319,460000	0,142214
319,470000	0,142851
319,480000	0,146675
319,490000	0,144126
319,500000	0,144126
319,510000	0,144763
319,520000	0,145401
319,530000	0,147950
319,540000	0,143488
319,550000	0,146675
319,560000	0,144126
319,570000	0,144763
319,580000	0,145401
319,590000	0,143488
319,600000	0,146675
319,610000	0,146038
319,620000	0,141576
319,630000	0,142214
319,640000	0,146675
319,650000	0,145401
319,660000	0,146675
319,670000	0,146038
319,680000	0,146038
319,690000	0,145401
319,700000	0,144763
319,710000	0,146675
319,720000	0,144763
319,730000	0,147313
319,740000	0,144763
319,750000	0,146675
319,760000	0,144126
319,770000	0,146038
319,780000	0,147950
319,790000	0,144763
319,800000	0,145401
319,810000	0,145401
319,820000	0,144763
319,830000	0,146038
319,840000	0,145401
319,850000	0,146038
319,860000	0,146675
319,870000	0,149225
319,880000	0,145401
319,890000	0,145401
319,900000	0,142851
319,910000	0,147313
319,920000	0,144126
319,930000	0,146675
319,940000	0,147313
319,950000	0,142851
319,960000	0,144763
319,970000	0,146675
319,980000	0,144763
319,990000	0,146038
320,000000	0,146675
320,010000	0,146675
320,020000	0,146675
320,030000	0,147313
320,040000	0,147950
320,050000	0,146675
320,060000	0,144763
320,070000	0,146038
320,080000	0,147313
320,090000	0,145401
320,100000	0,146675
320,110000	0,142851
320,120000	0,145401
320,130000	0,145401
320,140000	0,144126
320,150000	0,144126
320,160000	0,146675
320,170000	0,144763
320,180000	0,145401
320,190000	0,144763
320,200000	0,142851
320,210000	0,145401
320,220000	0,146675
320,230000	0,142851
320,240000	0,148587
320,250000	0,144126
320,260000	0,146038
320,270000	0,142851
320,280000	0,147313
320,290000	0,142851
320,300000	0,146675
320,310000	0,144126
320,320000	0,146038
320,330000	0,144763
320,340000	0,144763
320,350000	0,144126
320,360000	0,144763
320,370000	0,144126
320,380000	0,144126
320,390000	0,144126
320,400000	0,143488
320,410000	0,142851
320,420000	0,144126
320,430000	0,142851
320,440000	0,142851
320,450000	0,144126
320,460000	0,142851
320,470000	0,144763
320,480000	0,142851
320,490000	0,143488
320,500000	0,144126
320,510000	0,144763
320,520000	0,142214
320,530000	0,146675
320,540000	0,144763
320,550000	0,142851
320,560000	0,140302
320,570000	0,143488
320,580000	0,142214
320,590000	0,141576
320,600000	0,142851
320,610000	0,146038
320,620000	0,140939
320,630000	0,147313
320,640000	0,142851
320,650000	0,145401
320,660000	0,140939
320,670000	0,143488
320,680000	0,142851
320,690000	0,142851
320,700000	0,142214
320,710000	0,144763
320,720000	0,142214
320,730000	0,144126
320,740000	0,142851
320,750000	0,141576
320,760000	0,142214
320,770000	0,145401
320,780000	0,142851
320,790000	0,144763
320,800000	0,139664
320,810000	0,143488
320,820000	0,145401
320,830000	0,144763
320,840000	0,144763
320,850000	0,140939
320,860000	0,141576
320,870000	0,143488
320,880000	0,140939
320,890000	0,144763
320,900000	0,142851
320,910000	0,140302
320,920000	0,141576
320,930000	0,140939
320,940000	0,139664
320,950000	0,140302
320,960000	0,140302
320,970000	0,144126
320,980000	0,141576
320,990000	0,142851
321,000000	0,144126
321,010000	0,143488
321,020000	0,140302
321,030000	0,142214
321,040000	0,142214
321,050000	0,146675
321,060000	0,140302
321,070000	0,144763
321,080000	0,142851
321,090000	0,141576
321,100000	0,141576
321,110000	0,140939
321,120000	0,142851
321,130000	0,142214
321,140000	0,144126
321,150000	0,140939
321,160000	0,144126
321,170000	0,142851
321,180000	0,144763
321,190000	0,144126
321,200000	0,144126
321,210000	0,143488
321,220000	0,142851
321,230000	0,137752
321,240000	0,144126
321,250000	0,138390
321,260000	0,146675
321,270000	0,141576
321,280000	0,144763
321,290000	0,142214
321,300000	0,146038
321,310000	0,142214
321,320000	0,143488
321,330000	0,140302
321,340000	0,143488
321,350000	0,139027
321,360000	0,142214
321,370000	0,142214
321,380000	0,142851
321,390000	0,142214
321,400000	0,142851
321,410000	0,144126
321,420000	0,142851
321,430000	0,143488
321,440000	0,143488
321,450000	0,143488
321,460000	0,144126
321,470000	0,144763
321,480000	0,147950
321,490000	0,144126
321,500000	0,145401
321,510000	0,144126
321,520000	0,142851
321,530000	0,144763
321,540000	0,144763
321,550000	0,144763
321,560000	0,147313
321,570000	0,146675
321,580000	0,146675
321,590000	0,144763
321,600000	0,149225
321,610000	0,142214
321,620000	0,147313
321,630000	0,144126
321,640000	0,149225
321,650000	0,142851
321,660000	0,147313
321,670000	0,142851
321,680000	0,149862
321,690000	0,140939
321,700000	0,145401
321,710000	0,142851
321,720000	0,147950
321,730000	0,145401
321,740000	0,146675
321,750000	0,145401
321,760000	0,147313
321,770000	0,146675
321,780000	0,144126
321,790000	0,142214
321,800000	0,144763
321,810000	0,143488
321,820000	0,146038
321,830000	0,142214
321,840000	0,146038
321,850000	0,144763
321,860000	0,145401
321,870000	0,146675
321,880000	0,149225
321,890000	0,146038
321,900000	0,145401
321,910000	0,146038
321,920000	0,144126
321,930000	0,147313
321,940000	0,143488
321,950000	0,143488
321,960000	0,144126
321,970000	0,143488
321,980000	0,147950
321,990000	0,147313
322,000000	0,146038
322,010000	0,147313
322,020000	0,147950
322,030000	0,147950
322,040000	0,145401
322,050000	0,145401
322,060000	0,149862
322,070000	0,147950
322,080000	0,147950
322,090000	0,144763
322,100000	0,147313
322,110000	0,146038
322,120000	0,147950
322,130000	0,144763
322,140000	0,148587
322,150000	0,147950
322,160000	0,147313
322,170000	0,143488
322,180000	0,144763
322,190000	0,143488
322,200000	0,146675
322,210000	0,142851
322,220000	0,144763
322,230000	0,143488
322,240000	0,146675
322,250000	0,142851
322,260000	0,146675
322,270000	0,145401
322,280000	0,145401
322,290000	0,144126
322,300000	0,147313
322,310000	0,145401
322,320000	0,148587
322,330000	0,144763
322,340000	0,143488
322,350000	0,144763
322,360000	0,146675
322,370000	0,143488
322,380000	0,146675
322,390000	0,146675
322,400000	0,146038
322,410000	0,143488
322,420000	0,146038
322,430000	0,144763
322,440000	0,144763
322,450000	0,142851
322,460000	0,146675
322,470000	0,144763
322,480000	0,147313
322,490000	0,144763
322,500000	0,146038
322,510000	0,142851
322,520000	0,145401
322,530000	0,141576
322,540000	0,146675
322,550000	0,143488
322,560000	0,145401
322,570000	0,142851
322,580000	0,146038
322,590000	0,143488
322,600000	0,143488
322,610000	0,139664
322,620000	0,146038
322,630000	0,142851
322,640000	0,144126
322,650000	0,142851
322,660000	0,144763
322,670000	0,144126
322,680000	0,145401
322,690000	0,146675
322,700000	0,142851
322,710000	0,142851
322,720000	0,144763
322,730000	0,143488
322,740000	0,144126
322,750000	0,144126
322,760000	0,142851
322,770000	0,144126
322,780000	0,142851
322,790000	0,143488
322,800000	0,144763
322,810000	0,144126
322,820000	0,142851
322,830000	0,140939
322,840000	0,140939
322,850000	0,144126
322,860000	0,140302
322,870000	0,144126
322,880000	0,140939
322,890000	0,143488
322,900000	0,143488
322,910000	0,143488
322,920000	0,141576
322,930000	0,142851
322,940000	0,140939
322,950000	0,142851
322,960000	0,140939
322,970000	0,138390
322,980000	0,141576
322,990000	0,140939
323,000000	0,142851
323,010000	0,144126
323,020000	0,140939
323,030000	0,141576
323,040000	0,144126
323,050000	0,141576
323,060000	0,142851
323,070000	0,142214
323,080000	0,142214
323,090000	0,142851
323,100000	0,140302
323,110000	0,142214
323,120000	0,140302
323,130000	0,142851
323,140000	0,139027
323,150000	0,142851
323,160000	0,137752
323,170000	0,144763
323,180000	0,141576
323,190000	0,140939
323,200000	0,143488
323,210000	0,143488
323,220000	0,142214
323,230000	0,142214
323,240000	0,142851
323,250000	0,145401
323,260000	0,142214
323,270000	0,142851
323,280000	0,140302
323,290000	0,142214
323,300000	0,144126
323,310000	0,145401
323,320000	0,145401
323,330000	0,145401
323,340000	0,141576
323,350000	0,141576
323,360000	0,143488
323,370000	0,143488
323,380000	0,144126
323,390000	0,140939
323,400000	0,142851
323,410000	0,145401
323,420000	0,144763
323,430000	0,145401
323,440000	0,141576
323,450000	0,144763
323,460000	0,145401
323,470000	0,144763
323,480000	0,146675
323,490000	0,141576
323,500000	0,144126
323,510000	0,142214
323,520000	0,142214
323,530000	0,143488
323,540000	0,148587
323,550000	0,144126
323,560000	0,142851
323,570000	0,140939
323,580000	0,146675
323,590000	0,141576
323,600000	0,146038
323,610000	0,141576
323,620000	0,144763
323,630000	0,143488
323,640000	0,141576
323,650000	0,146038
323,660000	0,145401
323,670000	0,144126
323,680000	0,142851
323,690000	0,143488
323,700000	0,147950
323,710000	0,141576
323,720000	0,146038
323,730000	0,142851
323,740000	0,147950
323,750000	0,144763
323,760000	0,147313
323,770000	0,142214
323,780000	0,147313
323,790000	0,142851
323,800000	0,142851
323,810000	0,143488
323,820000	0,145401
323,830000	0,145401
323,840000	0,147313
323,850000	0,142851
323,860000	0,146675
323,870000	0,144763
323,880000	0,147950
323,890000	0,141576
323,900000	0,144126
323,910000	0,147313
323,920000	0,146675
323,930000	0,147313
323,940000	0,147950
323,950000	0,149862
323,960000	0,144126
323,970000	0,145401
323,980000	0,144763
323,990000	0,149225
324,000000	0,140939
324,010000	0,148587
324,020000	0,147313
324,030000	0,150499
324,040000	0,143488
324,050000	0,146038
324,060000	0,143488
324,070000	0,146675
324,080000	0,144763
324,090000	0,146675
324,100000	0,146675
324,110000	0,142851
324,120000	0,145401
324,130000	0,144126
324,140000	0,143488
324,150000	0,145401
324,160000	0,144763
324,170000	0,147950
324,180000	0,144763
324,190000	0,144763
324,200000	0,144126
324,210000	0,143488
324,220000	0,144126
324,230000	0,140939
324,240000	0,142851
324,250000	0,148587
324,260000	0,145401
324,270000	0,141576
324,280000	0,144763
324,290000	0,143488
324,300000	0,145401
324,310000	0,145401
324,320000	0,146038
324,330000	0,145401
324,340000	0,145401
324,350000	0,145401
324,360000	0,144763
324,370000	0,151137
324,380000	0,140302
324,390000	0,143488
324,400000	0,142851
324,410000	0,147313
324,420000	0,147950
324,430000	0,142851
324,440000	0,148587
324,450000	0,144763
324,460000	0,149225
324,470000	0,148587
324,480000	0,146675
324,490000	0,147313
324,500000	0,144126
324,510000	0,146675
324,520000	0,144763
324,530000	0,139027
324,540000	0,145401
324,550000	0,142851
324,560000	0,144126
324,570000	0,146675
324,580000	0,146675
324,590000	0,144763
324,600000	0,142214
324,610000	0,143488
324,620000	0,147313
324,630000	0,142851
324,640000	0,147313
324,650000	0,142851
324,660000	0,145401
324,670000	0,137752
324,680000	0,145401
324,690000	0,141576
324,700000	0,142851
324,710000	0,137752
324,720000	0,144126
324,730000	0,140302
324,740000	0,142214
324,750000	0,144763
324,760000	0,145401
324,770000	0,143488
324,780000	0,141576
324,790000	0,141576
324,800000	0,143488
324,810000	0,142851
324,820000	0,141576
324,830000	0,141576
324,840000	0,142851
324,850000	0,144126
324,860000	0,142851
324,870000	0,147313
324,880000	0,147313
324,890000	0,143488
324,900000	0,144126
324,910000	0,145401
324,920000	0,137752
324,930000	0,139027
324,940000	0,145401
324,950000	0,147950
324,960000	0,142851
324,970000	0,145401
324,980000	0,145401
324,990000	0,146038
325,000000	0,142851
325,010000	0,143488
325,020000	0,141576
325,030000	0,144126
325,040000	0,141576
325,050000	0,145401
325,060000	0,142851
325,070000	0,140302
325,080000	0,140302
325,090000	0,140939
325,100000	0,144126
325,110000	0,142851
325,120000	0,144763
325,130000	0,140302
325,140000	0,143488
325,150000	0,140302
325,160000	0,143488
325,170000	0,139027
325,180000	0,145401
325,190000	0,143488
325,200000	0,145401
325,210000	0,140302
325,220000	0,146038
325,230000	0,140939
325,240000	0,140939
325,250000	0,143488
325,260000	0,141576
325,270000	0,146038
325,280000	0,139027
325,290000	0,142851
325,300000	0,142851
325,310000	0,137752
325,320000	0,142851
325,330000	0,139664
325,340000	0,144763
325,350000	0,144126
325,360000	0,140939
325,370000	0,144763
325,380000	0,139664
325,390000	0,137752
325,400000	0,141576
325,410000	0,143488
325,420000	0,140939
325,430000	0,142851
325,440000	0,146038
325,450000	0,142851
325,460000	0,146038
325,470000	0,143488
325,480000	0,144126
325,490000	0,142214
325,500000	0,142214
325,510000	0,142214
325,520000	0,142851
325,530000	0,144126
325,540000	0,146038
325,550000	0,146038
325,560000	0,144126
325,570000	0,142851
325,580000	0,148587
325,590000	0,146038
325,600000	0,144763
325,610000	0,144763
325,620000	0,141576
325,630000	0,144763
325,640000	0,147950
325,650000	0,147950
325,660000	0,144763
325,670000	0,144126
325,680000	0,144763
325,690000	0,145401
325,700000	0,144126
325,710000	0,140939
325,720000	0,151774
325,730000	0,142851
325,740000	0,147950
325,750000	0,144763
325,760000	0,140939
325,770000	0,145401
325,780000	0,144126
325,790000	0,142851
325,800000	0,142214
325,810000	0,135203
325,820000	0,142851
325,830000	0,144763
325,840000	0,142851
325,850000	0,142214
325,860000	0,142851
325,870000	0,144763
325,880000	0,146038
325,890000	0,142851
325,900000	0,147313
325,910000	0,145401
325,920000	0,146675
325,930000	0,138390
325,940000	0,146038
325,950000	0,149862
325,960000	0,148587
325,970000	0,144763
325,980000	0,140302
325,990000	0,143488
326,000000	0,153049
326,010000	0,147950
326,020000	0,144763
326,030000	0,153049
326,040000	0,144763
326,050000	0,147950
326,060000	0,144763
326,070000	0,144763
326,080000	0,161972
326,090000	0,148587
326,100000	0,143488
326,110000	0,144763
326,120000	0,145401
326,130000	0,161972
326,140000	0,152412
326,150000	0,177906
326,160000	0,148587
326,170000	0,141576
326,180000	0,146675
326,190000	0,144763
326,200000	0,137115
326,210000	0,148587
326,220000	0,149862
326,230000	0,144126
326,240000	0,146675
326,250000	0,123093
326,260000	0,141576
326,270000	0,147313
326,280000	0,149225
326,290000	0,143488
326,300000	0,137752
326,310000	0,142214
326,320000	0,146038
326,330000	0,144763
326,340000	0,148587
326,350000	0,147950
326,360000	0,146038
326,370000	0,147313
326,380000	0,149862
326,390000	0,144763
326,400000	0,144126
326,410000	0,140302
326,420000	0,145401
326,430000	0,146675
326,440000	0,127554
326,450000	0,137752
326,460000	0,153049
326,470000	0,129466
326,480000	0,150499
326,490000	0,144763
326,500000	0,149225
326,510000	0,130741
326,520000	0,126917
326,530000	0,145401
326,540000	0,125005
326,550000	0,117994
326,560000	0,161972
326,570000	0,119269
326,580000	0,117356
326,590000	0,115444
326,600000	0,133928
326,610000	0,137115
326,620000	0,126917
326,630000	0,163247
326,640000	0,149862
326,650000	0,151137
326,660000	0,163884
326,670000	0,158148
326,680000	0,160060
326,690000	0,151137
326,700000	0,158148
326,710000	0,149862
326,720000	0,158148
326,730000	0,146038
326,740000	0,164522
326,750000	0,144126
326,760000	0,146038
326,770000	0,149225
326,780000	0,133291
326,790000	0,149862
326,800000	0,150499
326,810000	0,121181
326,820000	0,144763
326,830000	0,171533
326,840000	0,148587
326,850000	0,132653
326,860000	0,149225
326,870000	0,142214
326,880000	0,143488
326,890000	0,148587
326,900000	0,130104
326,910000	0,112258
326,920000	0,147950
326,930000	0,115444
326,940000	0,147313
326,950000	0,153049
326,960000	0,155598
326,970000	0,141576
326,980000	0,190654
326,990000	0,140302
327,000000	0,152412
327,010000	0,143488
327,020000	0,143488
327,030000	0,064455
327,040000	0,149862
327,050000	0,139027
327,060000	0,148587
327,070000	0,144763
327,080000	0,045334
327,090000	0,142851
327,100000	0,149862
327,110000	0,135203
327,120000	0,134565
327,130000	0,188104
327,140000	0,129466
327,150000	0,133928
327,160000	0,134565
327,170000	0,132653
327,180000	0,166434
327,190000	0,140939
327,200000	0,130741
327,210000	0,146675
327,220000	0,156873
327,230000	0,132016
327,240000	0,152412
327,250000	0,145401
327,260000	0,154961
327,270000	0,137752
327,280000	0,152412
327,290000	0,136477
327,300000	0,137752
327,310000	0,126280
327,320000	0,128192
327,330000	0,127554
327,340000	0,156873
327,350000	0,132016
327,360000	0,154324
327,370000	0,168346
327,380000	0,132653
327,390000	0,146038
327,400000	0,143488
327,410000	0,151137
327,420000	0,140939
327,430000	0,160697
327,440000	0,112258
327,450000	0,147313
327,460000	0,116719
327,470000	0,129466
327,480000	0,158148
327,490000	0,187467
327,500000	0,153686
327,510000	0,170895
327,520000	0,173445
327,530000	0,159423
327,540000	0,166434
327,550000	0,137752
327,560000	0,159423
327,570000	0,133928
327,580000	0,113532
327,590000	0,120543
327,600000	0,135840
327,610000	0,126917
327,620000	0,153049
327,630000	0,132016
327,640000	0,152412
327,650000	0,148587
327,660000	0,136477
327,670000	0,125642
327,680000	0,137752
327,690000	0,140939
327,700000	0,152412
327,710000	0,142851
327,720000	0,123093
327,730000	0,146675
327,740000	0,121181
327,750000	0,146675
327,760000	0,151774
327,770000	0,168983
327,780000	0,151774
327,790000	0,168346
327,800000	0,137115
327,810000	0,144126
327,820000	0,185555
327,830000	0,140939
327,840000	0,170258
327,850000	0,139027
327,860000	0,137752
327,870000	0,091224
327,880000	0,149225
327,890000	0,092499
327,900000	0,142851
327,910000	0,139027
327,920000	0,190654
327,930000	0,153049
327,940000	0,226346
327,950000	0,137752
327,960000	0,141576
327,970000	0,256302
327,980000	0,142851
327,990000	0,218060
328,000000	0,137752
328,010000	0,144763
328,020000	0,102697
328,030000	0,150499
328,040000	0,122455
328,050000	0,150499
328,060000	0,154961
328,070000	0,129466
328,080000	0,160060
328,090000	0,149225
328,100000	0,144126
328,110000	0,135203
328,120000	0,158785
328,130000	0,131379
328,140000	0,145401
328,150000	0,141576
328,160000	0,154324
328,170000	0,129466
328,180000	0,152412
328,190000	0,147950
328,200000	0,151774
328,210000	0,147950
328,220000	0,136477
328,230000	0,152412
328,240000	0,152412
328,250000	0,148587
328,260000	0,149862
328,270000	0,161972
328,280000	0,150499
328,290000	0,157511
328,300000	0,144763
328,310000	0,172170
328,320000	0,117994
328,330000	0,171533
328,340000	0,160697
328,350000	0,156236
328,360000	0,168346
328,370000	0,114807
328,380000	0,102060
328,390000	0,141576
328,400000	0,142851
328,410000	0,089950
328,420000	0,132016
328,430000	0,105884
328,440000	0,110983
328,450000	0,109071
328,460000	0,158148
328,470000	0,140302
328,480000	0,140939
328,490000	0,150499
328,500000	0,165796
328,510000	0,170895
328,520000	0,167071
328,530000	0,167071
328,540000	0,164522
328,550000	0,152412
328,560000	0,134565
328,570000	0,152412
328,580000	0,146038
328,590000	0,160697
328,600000	0,155598
328,610000	0,173445
328,620000	0,144126
328,630000	0,153049
328,640000	0,141576
328,650000	0,143488
328,660000	0,126917
328,670000	0,148587
328,680000	0,147950
328,690000	0,106521
328,700000	0,147950
328,710000	0,133928
328,720000	0,153686
328,730000	0,153686
328,740000	0,192566
328,750000	0,145401
328,760000	0,148587
328,770000	0,144763
328,780000	0,144763
328,790000	0,109708
328,800000	0,142851
328,810000	0,148587
328,820000	0,144126
328,830000	0,148587
328,840000	0,059994
328,850000	0,153686
328,860000	0,142214
328,870000	0,142851
328,880000	0,144763
328,890000	0,183005
328,900000	0,140302
328,910000	0,151774
328,920000	0,169620
328,930000	0,134565
328,940000	0,174719
328,950000	0,133291
328,960000	0,126280
328,970000	0,129466
328,980000	0,132653
328,990000	0,130741
329,000000	0,131379
329,010000	0,147950
329,020000	0,132016
329,030000	0,144126
329,040000	0,149862
329,050000	0,147313
329,060000	0,153049
329,070000	0,163884
329,080000	0,130104
329,090000	0,139664
329,100000	0,127554
329,110000	0,132016
329,120000	0,125642
329,130000	0,150499
329,140000	0,146038
329,150000	0,133291
329,160000	0,153049
329,170000	0,153049
329,180000	0,146038
329,190000	0,122455
329,200000	0,159423
329,210000	0,122455
329,220000	0,153049
329,230000	0,142851
329,240000	0,162609
329,250000	0,179818
329,260000	0,165796
329,270000	0,153686
329,280000	0,140302
329,290000	0,166434
329,300000	0,148587
329,310000	0,157511
329,320000	0,181093
329,330000	0,173445
329,340000	0,128192
329,350000	0,158785
329,360000	0,154961
329,370000	0,190016
329,380000	0,131379
329,390000	0,096961
329,400000	0,133928
329,410000	0,107796
329,420000	0,112258
329,430000	0,121181
329,440000	0,139664
329,450000	0,130104
329,460000	0,131379
329,470000	0,117356
329,480000	0,134565
329,490000	0,125642
329,500000	0,150499
329,510000	0,140302
329,520000	0,124367
329,530000	0,144763
329,540000	0,178544
329,550000	0,183643
329,560000	0,140939
329,570000	0,179818
329,580000	0,150499
329,590000	0,146038
329,600000	0,098235
329,610000	0,142214
329,620000	0,093137
329,630000	0,133928
329,640000	0,137115
329,650000	0,077202
329,660000	0,144126
329,670000	0,225071
329,680000	0,145401
329,690000	0,142851
329,700000	0,223159
329,710000	0,145401
329,720000	0,142851
329,730000	0,119906
329,740000	0,135203
329,750000	0,188741
329,760000	0,140939
329,770000	0,142214
329,780000	0,113532
329,790000	0,152412
329,800000	0,122455
329,810000	0,144763
329,820000	0,152412
329,830000	0,140302
329,840000	0,150499
329,850000	0,154324
329,860000	0,156236
329,870000	0,138390
329,880000	0,160697
329,890000	0,153049
329,900000	0,150499
329,910000	0,158785
329,920000	0,137752
329,930000	0,133928
329,940000	0,137752
329,950000	0,139027
329,960000	0,129466
329,970000	0,147313
329,980000	0,130104
329,990000	0,157511
330,000000	0,147313
330,010000	0,156236
330,020000	0,151137
330,030000	0,160697
330,040000	0,157511
330,050000	0,135203
330,060000	0,171533
330,070000	0,128829
330,080000	0,120543
330,090000	0,125005
330,100000	0,119906
330,110000	0,101422
330,120000	0,140302
330,130000	0,144763
330,140000	0,132653
330,150000	0,157511
330,160000	0,163247
330,170000	0,160060
330,180000	0,158148
330,190000	0,189379
330,200000	0,128829
330,210000	0,137752
330,220000	0,149225
330,230000	0,118631
330,240000	0,112258
330,250000	0,090587
330,260000	0,135203
330,270000	0,121818
330,280000	0,126280
330,290000	0,147313
330,300000	0,172807
330,310000	0,151774
330,320000	0,170258
330,330000	0,156873
330,340000	0,158148
330,350000	0,141576
330,360000	0,151137
330,370000	0,147313
330,380000	0,167708
330,390000	0,142851
330,400000	0,140939
330,410000	0,114807
330,420000	0,147950
330,430000	0,172807
330,440000	0,160697
330,450000	0,149862
330,460000	0,100148
330,470000	0,153049
330,480000	0,154961
330,490000	0,157511
330,500000	0,142851
330,510000	0,176631
330,520000	0,152412
330,530000	0,163247
330,540000	0,077202
330,550000	0,142851
330,560000	0,066367
330,570000	0,147313
330,580000	0,142214
330,590000	0,071466
330,600000	0,144126
330,610000	0,163247
330,620000	0,144763
330,630000	0,150499
330,640000	0,179818
330,650000	0,148587
330,660000	0,143488
330,670000	0,146675
330,680000	0,154961
330,690000	0,158785
330,700000	0,139664
330,710000	0,152412
330,720000	0,131379
330,730000	0,141576
330,740000	0,145401
330,750000	0,136477
330,760000	0,132653
330,770000	0,134565
330,780000	0,136477
330,790000	0,137752
330,800000	0,137752
330,810000	0,147313
330,820000	0,150499
330,830000	0,147313
330,840000	0,149225
330,850000	0,140302
330,860000	0,149862
330,870000	0,140939
330,880000	0,140939
330,890000	0,146038
330,900000	0,132653
330,910000	0,136477
330,920000	0,137752
330,930000	0,148587
330,940000	0,151774
330,950000	0,147950
330,960000	0,158148
330,970000	0,172807
330,980000	0,154324
330,990000	0,152412
331,000000	0,158148
331,010000	0,156873
331,020000	0,142851
331,030000	0,129466
331,040000	0,113532
331,050000	0,129466
331,060000	0,145401
331,070000	0,135203
331,080000	0,171533
331,090000	0,169620
331,100000	0,158148
331,110000	0,153686
331,120000	0,153049
331,130000	0,149862
331,140000	0,156236
331,150000	0,144126
331,160000	0,157511
331,170000	0,149225
331,180000	0,144126
331,190000	0,123093
331,200000	0,143488
331,210000	0,147950
331,220000	0,140302
331,230000	0,137115
331,240000	0,134565
331,250000	0,142851
331,260000	0,140302
331,270000	0,146675
331,280000	0,144763
331,290000	0,174082
331,300000	0,139027
331,310000	0,130104
331,320000	0,160697
331,330000	0,141576
331,340000	0,110983
331,350000	0,139664
331,360000	0,131379
331,370000	0,195115
331,380000	0,147313
331,390000	0,141576
331,400000	0,139027
331,410000	0,139664
331,420000	0,213599
331,430000	0,141576
331,440000	0,216148
331,450000	0,137752
331,460000	0,140302
331,470000	0,139027
331,480000	0,144763
331,490000	0,126280
331,500000	0,143488
331,510000	0,142851
331,520000	0,116082
331,530000	0,136477
331,540000	0,144126
331,550000	0,151137
331,560000	0,137752
331,570000	0,132653
331,580000	0,140939
331,590000	0,153686
331,600000	0,148587
331,610000	0,146038
331,620000	0,153049
331,630000	0,143488
331,640000	0,142851
331,650000	0,148587
331,660000	0,146675
331,670000	0,140302
331,680000	0,139664
331,690000	0,147950
331,700000	0,144126
331,710000	0,145401
331,720000	0,133928
331,730000	0,139664
331,740000	0,148587
331,750000	0,139027
331,760000	0,148587
331,770000	0,140939
331,780000	0,147313
331,790000	0,145401
331,800000	0,127554
331,810000	0,137752
331,820000	0,130104
331,830000	0,148587
331,840000	0,144763
331,850000	0,139027
331,860000	0,140302
331,870000	0,133928
331,880000	0,142851
331,890000	0,137115
331,900000	0,148587
331,910000	0,149225
331,920000	0,141576
331,930000	0,141576
331,940000	0,143488
331,950000	0,142214
331,960000	0,153049
331,970000	0,143488
331,980000	0,151774
331,990000	0,142851
332,000000	0,142851
332,010000	0,141576
332,020000	0,144763
332,030000	0,145401
332,040000	0,140302
332,050000	0,140302
332,060000	0,142851
332,070000	0,147313
332,080000	0,148587
332,090000	0,140302
332,100000	0,144126
332,110000	0,143488
332,120000	0,142851
332,130000	0,145401
332,140000	0,141576
332,150000	0,149225
332,160000	0,144126
332,170000	0,145401
332,180000	0,140302
332,190000	0,145401
332,200000	0,144126
332,210000	0,148587
332,220000	0,144763
332,230000	0,144763
332,240000	0,139664
332,250000	0,145401
332,260000	0,142851
332,270000	0,143488
332,280000	0,142851
332,290000	0,144126
332,300000	0,141576
332,310000	0,145401
332,320000	0,142851
332,330000	0,145401
332,340000	0,142214
332,350000	0,148587
332,360000	0,140302
332,370000	0,147313
332,380000	0,144763
332,390000	0,142851
332,400000	0,145401
332,410000	0,147313
332,420000	0,142851
332,430000	0,146675
332,440000	0,147313
332,450000	0,142214
332,460000	0,143488
332,470000	0,145401
332,480000	0,146038
332,490000	0,142214
332,500000	0,142851
332,510000	0,141576
332,520000	0,147950
332,530000	0,147950
332,540000	0,140939
332,550000	0,142851
332,560000	0,143488
332,570000	0,143488
332,580000	0,149225
332,590000	0,146675
332,600000	0,144126
332,610000	0,146038
332,620000	0,146675
332,630000	0,147313
332,640000	0,144763
332,650000	0,144126
332,660000	0,142851
332,670000	0,148587
332,680000	0,142851
332,690000	0,144763
332,700000	0,140939
332,710000	0,148587
332,720000	0,141576
332,730000	0,146675
332,740000	0,146038
332,750000	0,151137
332,760000	0,145401
332,770000	0,150499
332,780000	0,144763
332,790000	0,146038
332,800000	0,144763
332,810000	0,146038
332,820000	0,139664
332,830000	0,146038
332,840000	0,142851
332,850000	0,146038
332,860000	0,145401
332,870000	0,145401
332,880000	0,144126
332,890000	0,142214
332,900000	0,147950
332,910000	0,149862
332,920000	0,148587
332,930000	0,142851
332,940000	0,146675
332,950000	0,142851
332,960000	0,143488
332,970000	0,142214
332,980000	0,143488
332,990000	0,140302
333,000000	0,147950
333,010000	0,142851
333,020000	0,142851
333,030000	0,142851
333,040000	0,142214
333,050000	0,143488
333,060000	0,142851
333,070000	0,142214
333,080000	0,142851
333,090000	0,139664
333,100000	0,143488
333,110000	0,144763
333,120000	0,142214
333,130000	0,143488
333,140000	0,140939
333,150000	0,145401
333,160000	0,146675
333,170000	0,141576
333,180000	0,146038
333,190000	0,137752
333,200000	0,146038
333,210000	0,142851
333,220000	0,145401
333,230000	0,139664
333,240000	0,147313
333,250000	0,142851
333,260000	0,144763
333,270000	0,139027
333,280000	0,146038
333,290000	0,144126
333,300000	0,146038
333,310000	0,146038
333,320000	0,144763
333,330000	0,141576
333,340000	0,145401
333,350000	0,141576
333,360000	0,148587
333,370000	0,139664
333,380000	0,147950
333,390000	0,145401
333,400000	0,142851
333,410000	0,142214
333,420000	0,143488
333,430000	0,144763
333,440000	0,147950
333,450000	0,143488
333,460000	0,138390
333,470000	0,144763
333,480000	0,142851
333,490000	0,143488
333,500000	0,142851
333,510000	0,144126
333,520000	0,143488
333,530000	0,144763
333,540000	0,139027
333,550000	0,144763
333,560000	0,144763
333,570000	0,140302
333,580000	0,137752
333,590000	0,142851
333,600000	0,139027
333,610000	0,144763
333,620000	0,142214
333,630000	0,143488
333,640000	0,140302
333,650000	0,142851
333,660000	0,141576
333,670000	0,139664
333,680000	0,144126
333,690000	0,141576
333,700000	0,142851
333,710000	0,146038
333,720000	0,137752
333,730000	0,145401
333,740000	0,142851
333,750000	0,145401
333,760000	0,139027
333,770000	0,143488
333,780000	0,144126
333,790000	0,144126
333,800000	0,141576
333,810000	0,140302
333,820000	0,142214
333,830000	0,141576
333,840000	0,143488
333,850000	0,141576
333,860000	0,142214
333,870000	0,146675
333,880000	0,142214
333,890000	0,146675
333,900000	0,144126
333,910000	0,143488
333,920000	0,145401
333,930000	0,142851
333,940000	0,144763
333,950000	0,142851
333,960000	0,145401
333,970000	0,143488
333,980000	0,147950
333,990000	0,142851
334,000000	0,141576
334,010000	0,142851
334,020000	0,143488
334,030000	0,142851
334,040000	0,142851
334,050000	0,144763
334,060000	0,144763
334,070000	0,142851
334,080000	0,142851
334,090000	0,145401
334,100000	0,142214
334,110000	0,144763
334,120000	0,143488
334,130000	0,144763
334,140000	0,141576
334,150000	0,147313
334,160000	0,147950
334,170000	0,145401
334,180000	0,144126
334,190000	0,142851
334,200000	0,140939
334,210000	0,144763
334,220000	0,143488
334,230000	0,151774
334,240000	0,144126
334,250000	0,143488
334,260000	0,141576
334,270000	0,142214
334,280000	0,146675
334,290000	0,146675
334,300000	0,144763
334,310000	0,149225
334,320000	0,149225
334,330000	0,146038
334,340000	0,142851
334,350000	0,144126
334,360000	0,142851
334,370000	0,146038
334,380000	0,143488
334,390000	0,144763
334,400000	0,145401
334,410000	0,148587
334,420000	0,145401
334,430000	0,150499
334,440000	0,144763
334,450000	0,147313
334,460000	0,141576
334,470000	0,144126
334,480000	0,144763
334,490000	0,145401
334,500000	0,142214
334,510000	0,142214
334,520000	0,149225
334,530000	0,145401
334,540000	0,143488
334,550000	0,142851
334,560000	0,143488
334,570000	0,149862
334,580000	0,148587
334,590000	0,145401
334,600000	0,142214
334,610000	0,144763
334,620000	0,143488
334,630000	0,149862
334,640000	0,145401
334,650000	0,146038
334,660000	0,142851
334,670000	0,145401
334,680000	0,148587
334,690000	0,146675
334,700000	0,146675
334,710000	0,144126
334,720000	0,145401
334,730000	0,144763
334,740000	0,146038
334,750000	0,142214
334,760000	0,145401
334,770000	0,142851
334,780000	0,149225
334,790000	0,141576
334,800000	0,143488
334,810000	0,142851
334,820000	0,144763
334,830000	0,142851
334,840000	0,144763
334,850000	0,144763
334,860000	0,142851
334,870000	0,146038
334,880000	0,147950
334,890000	0,142851
334,900000	0,140302
334,910000	0,144126
334,920000	0,140302
334,930000	0,142851
334,940000	0,144126
334,950000	0,143488
334,960000	0,142214
334,970000	0,144763
334,980000	0,142851
334,990000	0,139664
335,000000	0,143488
335,010000	0,147950
335,020000	0,144126
335,030000	0,147950
335,040000	0,142851
335,050000	0,142851
335,060000	0,146038
335,070000	0,147950
335,080000	0,137752
335,090000	0,144126
335,100000	0,147313
335,110000	0,151774
335,120000	0,146675
335,130000	0,145401
335,140000	0,144126
335,150000	0,146675
335,160000	0,142851
335,170000	0,143488
335,180000	0,140939
335,190000	0,142851
335,200000	0,142851
335,210000	0,145401
335,220000	0,143488
335,230000	0,141576
335,240000	0,140939
335,250000	0,142851
335,260000	0,143488
335,270000	0,143488
335,280000	0,142214
335,290000	0,146038
335,300000	0,143488
335,310000	0,142851
335,320000	0,142851
335,330000	0,144763
335,340000	0,141576
335,350000	0,145401
335,360000	0,141576
335,370000	0,140939
335,380000	0,141576
335,390000	0,142214
335,400000	0,142214
335,410000	0,142851
335,420000	0,142851
335,430000	0,142851
335,440000	0,144126
335,450000	0,140302
335,460000	0,143488
335,470000	0,140939
335,480000	0,144126
335,490000	0,142851
335,500000	0,144126
335,510000	0,144763
335,520000	0,144763
335,530000	0,137752
335,540000	0,144763
335,550000	0,139664
335,560000	0,140939
335,570000	0,140302
335,580000	0,144126
335,590000	0,136477
335,600000	0,142214
335,610000	0,142851
335,620000	0,142214
335,630000	0,140302
335,640000	0,142851
335,650000	0,142214
335,660000	0,142214
335,670000	0,143488
335,680000	0,141576
335,690000	0,144763
335,700000	0,145401
335,710000	0,140939
335,720000	0,142851
335,730000	0,145401
335,740000	0,142851
335,750000	0,144763
335,760000	0,143488
335,770000	0,144763
335,780000	0,138390
335,790000	0,143488
335,800000	0,139027
335,810000	0,142214
335,820000	0,144763
335,830000	0,144763
335,840000	0,142851
335,850000	0,143488
335,860000	0,143488
335,870000	0,146038
335,880000	0,142851
335,890000	0,146675
335,900000	0,142851
335,910000	0,147313
335,920000	0,143488
335,930000	0,145401
335,940000	0,142214
335,950000	0,142851
335,960000	0,141576
335,970000	0,142851
335,980000	0,144126
335,990000	0,147950
336,000000	0,144126
336,010000	0,144126
336,020000	0,146675
336,030000	0,146675
336,040000	0,145401
336,050000	0,143488
336,060000	0,144763
336,070000	0,140939
336,080000	0,139027
336,090000	0,140302
336,100000	0,144763
336,110000	0,145401
336,120000	0,142851
336,130000	0,143488
336,140000	0,145401
336,150000	0,142214
336,160000	0,144126
336,170000	0,144763
336,180000	0,141576
336,190000	0,144763
336,200000	0,142851
336,210000	0,145401
336,220000	0,146038
336,230000	0,144763
336,240000	0,144126
336,250000	0,141576
336,260000	0,143488
336,270000	0,146038
336,280000	0,140939
336,290000	0,142851
336,300000	0,145401
336,310000	0,140302
336,320000	0,142851
336,330000	0,146675
336,340000	0,145401
336,350000	0,146038
336,360000	0,147313
336,370000	0,145401
336,380000	0,144126
336,390000	0,146675
336,400000	0,145401
336,410000	0,143488
336,420000	0,143488
336,430000	0,143488
336,440000	0,148587
336,450000	0,142851
336,460000	0,148587
336,470000	0,147950
336,480000	0,149862
336,490000	0,144763
336,500000	0,150499
336,510000	0,146038
336,520000	0,144126
336,530000	0,144763
336,540000	0,146038
336,550000	0,145401
336,560000	0,146675
336,570000	0,142851
336,580000	0,148587
336,590000	0,144126
336,600000	0,143488
336,610000	0,146038
336,620000	0,140939
336,630000	0,143488
336,640000	0,147313
336,650000	0,146675
336,660000	0,142851
336,670000	0,142851
336,680000	0,145401
336,690000	0,145401
336,700000	0,145401
336,710000	0,147313
336,720000	0,145401
336,730000	0,144763
336,740000	0,144763
336,750000	0,146038
336,760000	0,142851
336,770000	0,145401
336,780000	0,143488
336,790000	0,146038
336,800000	0,147313
336,810000	0,144763
336,820000	0,146038
336,830000	0,142214
336,840000	0,145401
336,850000	0,144763
336,860000	0,144126
336,870000	0,145401
336,880000	0,142851
336,890000	0,145401
336,900000	0,144763
336,910000	0,144763
336,920000	0,142851
336,930000	0,148587
336,940000	0,144763
336,950000	0,144763
336,960000	0,144126
336,970000	0,143488
336,980000	0,144126
336,990000	0,147950
337,000000	0,143488
337,010000	0,146675
337,020000	0,145401
337,030000	0,144763
337,040000	0,146675
337,050000	0,147313
337,060000	0,142851
337,070000	0,145401
337,080000	0,142214
337,090000	0,146675
337,100000	0,144126
337,110000	0,145401
337,120000	0,142851
337,130000	0,147950
337,140000	0,144763
337,150000	0,147950
337,160000	0,143488
337,170000	0,145401
337,180000	0,144126
337,190000	0,147313
337,200000	0,141576
337,210000	0,141576
337,220000	0,144126
337,230000	0,144126
337,240000	0,144126
337,250000	0,147313
337,260000	0,142851
337,270000	0,146038
337,280000	0,139664
337,290000	0,142851
337,300000	0,143488
337,310000	0,140302
337,320000	0,142851
337,330000	0,140302
337,340000	0,140302
337,350000	0,138390
337,360000	0,146038
337,370000	0,142214
337,380000	0,139664
337,390000	0,140302
337,400000	0,141576
337,410000	0,143488
337,420000	0,143488
337,430000	0,145401
337,440000	0,142851
337,450000	0,147313
337,460000	0,143488
337,470000	0,145401
337,480000	0,141576
337,490000	0,139027
337,500000	0,146038
337,510000	0,143488
337,520000	0,145401
337,530000	0,145401
337,540000	0,142851
337,550000	0,142851
337,560000	0,142214
337,570000	0,142851
337,580000	0,142214
337,590000	0,142214
337,600000	0,144126
337,610000	0,139664
337,620000	0,143488
337,630000	0,143488
337,640000	0,145401
337,650000	0,140939
337,660000	0,145401
337,670000	0,142214
337,680000	0,145401
337,690000	0,142214
337,700000	0,144763
337,710000	0,141576
337,720000	0,142214
337,730000	0,143488
337,740000	0,143488
337,750000	0,144763
337,760000	0,142214
337,770000	0,143488
337,780000	0,142214
337,790000	0,140302
337,800000	0,143488
337,810000	0,145401
337,820000	0,143488
337,830000	0,146038
337,840000	0,143488
337,850000	0,142214
337,860000	0,138390
337,870000	0,144126
337,880000	0,140302
337,890000	0,145401
337,900000	0,141576
337,910000	0,147313
337,920000	0,139027
337,930000	0,146675
337,940000	0,140939
337,950000	0,144763
337,960000	0,143488
337,970000	0,145401
337,980000	0,140302
337,990000	0,144763
338,000000	0,142214
338,010000	0,145401
338,020000	0,140302
338,030000	0,146038
338,040000	0,140302
338,050000	0,142851
338,060000	0,139027
338,070000	0,144126
338,080000	0,142214
338,090000	0,144126
338,100000	0,143488
338,110000	0,144126
338,120000	0,144763
338,130000	0,145401
338,140000	0,142851
338,150000	0,142851
338,160000	0,145401
338,170000	0,142214
338,180000	0,146038
338,190000	0,144763
338,200000	0,142214
338,210000	0,144763
338,220000	0,144763
338,230000	0,144763
338,240000	0,144763
338,250000	0,144763
338,260000	0,143488
338,270000	0,143488
338,280000	0,147950
338,290000	0,144126
338,300000	0,146038
338,310000	0,144763
338,320000	0,144763
338,330000	0,145401
338,340000	0,146038
338,350000	0,142851
338,360000	0,146675
338,370000	0,147313
338,380000	0,142851
338,390000	0,146675
338,400000	0,146675
338,410000	0,145401
338,420000	0,144126
338,430000	0,143488
338,440000	0,144763
338,450000	0,143488
338,460000	0,143488
338,470000	0,144763
338,480000	0,147950
338,490000	0,142851
338,500000	0,147313
338,510000	0,141576
338,520000	0,144763
338,530000	0,142851
338,540000	0,144126
338,550000	0,143488
338,560000	0,144763
338,570000	0,144763
338,580000	0,146675
338,590000	0,141576
338,600000	0,146038
338,610000	0,144763
338,620000	0,145401
338,630000	0,144126
338,640000	0,142851
338,650000	0,142851
338,660000	0,142851
338,670000	0,143488
338,680000	0,146675
338,690000	0,147313
338,700000	0,144763
338,710000	0,146038
338,720000	0,140302
338,730000	0,145401
338,740000	0,144763
338,750000	0,146675
338,760000	0,142214
338,770000	0,145401
338,780000	0,144763
338,790000	0,145401
338,800000	0,143488
338,810000	0,146675
338,820000	0,140302
338,830000	0,146675
338,840000	0,142851
338,850000	0,145401
338,860000	0,141576
338,870000	0,147313
338,880000	0,141576
338,890000	0,147950
338,900000	0,142214
338,910000	0,146675
338,920000	0,142851
338,930000	0,142851
338,940000	0,144763
338,950000	0,144126
338,960000	0,142851
338,970000	0,144763
338,980000	0,142851
338,990000	0,143488
339,000000	0,141576
339,010000	0,145401
339,020000	0,144763
339,030000	0,142851
339,040000	0,142214
339,050000	0,143488
339,060000	0,143488
339,070000	0,142851
339,080000	0,146038
339,090000	0,142214
339,100000	0,146038
339,110000	0,144763
339,120000	0,143488
339,130000	0,144126
339,140000	0,146675
339,150000	0,142214
339,160000	0,142851
339,170000	0,144126
339,180000	0,145401
339,190000	0,146675
339,200000	0,143488
339,210000	0,140302
339,220000	0,143488
339,230000	0,145401
339,240000	0,142851
339,250000	0,142851
339,260000	0,142214
339,270000	0,142851
339,280000	0,146038
339,290000	0,145401
339,300000	0,144763
339,310000	0,143488
339,320000	0,142214
339,330000	0,141576
339,340000	0,142214
339,350000	0,142214
339,360000	0,141576
339,370000	0,145401
339,380000	0,141576
339,390000	0,143488
339,400000	0,141576
339,410000	0,143488
339,420000	0,140939
339,430000	0,142851
339,440000	0,142851
339,450000	0,144126
339,460000	0,140302
339,470000	0,142851
339,480000	0,142214
339,490000	0,143488
339,500000	0,144126
339,510000	0,144126
339,520000	0,140302
339,530000	0,141576
339,540000	0,140302
339,550000	0,144126
339,560000	0,142214
339,570000	0,142851
339,580000	0,141576
339,590000	0,145401
339,600000	0,142851
339,610000	0,144763
339,620000	0,142851
339,630000	0,142851
339,640000	0,142851
339,650000	0,143488
339,660000	0,141576
339,670000	0,144763
339,680000	0,142214
339,690000	0,140939
339,700000	0,142851
339,710000	0,144763
339,720000	0,141576
339,730000	0,144763
339,740000	0,142851
339,750000	0,144763
339,760000	0,142214
339,770000	0,146038
339,780000	0,142851
339,790000	0,144763
339,800000	0,142214
339,810000	0,142851
339,820000	0,143488
339,830000	0,144126
339,840000	0,142214
339,850000	0,144126
339,860000	0,142214
339,870000	0,144126
339,880000	0,142214
339,890000	0,144763
339,900000	0,142851
339,910000	0,144763
339,920000	0,140302
339,930000	0,141576
339,940000	0,142851
339,950000	0,142851
339,960000	0,142851
339,970000	0,144126
339,980000	0,142214
339,990000	0,144763
340,000000	0,143488
340,010000	0,147950
340,020000	0,142214
340,030000	0,145401
340,040000	0,142214
340,050000	0,144763
340,060000	0,144126
340,070000	0,146675
340,080000	0,140302
340,090000	0,145401
340,100000	0,140302
340,110000	0,144126
340,120000	0,140939
340,130000	0,142851
340,140000	0,142851
340,150000	0,144126
340,160000	0,141576
340,170000	0,142851
340,180000	0,146038
340,190000	0,144126
340,200000	0,141576
340,210000	0,142851
340,220000	0,144763
340,230000	0,143488
340,240000	0,144126
340,250000	0,143488
340,260000	0,145401
340,270000	0,144126
340,280000	0,144763
340,290000	0,141576
340,300000	0,144763
340,310000	0,142851
340,320000	0,142851
340,330000	0,142851
340,340000	0,143488
340,350000	0,144126
340,360000	0,142851
340,370000	0,144763
340,380000	0,144763
340,390000	0,144126
340,400000	0,142851
340,410000	0,144763
340,420000	0,142214
340,430000	0,144126
340,440000	0,142851
340,450000	0,143488
340,460000	0,146038
340,470000	0,145401
340,480000	0,143488
340,490000	0,144763
340,500000	0,144763
340,510000	0,144126
340,520000	0,145401
340,530000	0,146675
340,540000	0,147313
340,550000	0,145401
340,560000	0,143488
340,570000	0,144126
340,580000	0,147950
340,590000	0,143488
340,600000	0,147950
340,610000	0,146038
340,620000	0,148587
340,630000	0,142851
340,640000	0,147313
340,650000	0,145401
340,660000	0,146675
340,670000	0,146675
340,680000	0,146675
340,690000	0,146675
340,700000	0,147950
340,710000	0,146038
340,720000	0,146675
340,730000	0,147950
340,740000	0,151137
340,750000	0,146675
340,760000	0,148587
340,770000	0,149862
340,780000	0,150499
340,790000	0,150499
340,800000	0,150499
340,810000	0,150499
340,820000	0,153049
340,830000	0,151137
340,840000	0,149225
340,850000	0,153049
340,860000	0,152412
340,870000	0,153049
340,880000	0,153049
340,890000	0,154961
340,900000	0,153049
340,910000	0,157511
340,920000	0,157511
340,930000	0,154961
340,940000	0,157511
340,950000	0,161335
340,960000	0,156873
340,970000	0,158148
340,980000	0,159423
340,990000	0,162609
341,000000	0,162609
341,010000	0,167708
341,020000	0,160697
341,030000	0,165159
341,040000	0,165796
341,050000	0,171533
341,060000	0,166434
341,070000	0,171533
341,080000	0,170258
341,090000	0,175357
341,100000	0,173445
341,110000	0,177269
341,120000	0,175357
341,130000	0,181730
341,140000	0,175994
341,150000	0,180456
341,160000	0,179818
341,170000	0,184917
341,180000	0,183005
341,190000	0,188741
341,200000	0,190016
341,210000	0,193203
341,220000	0,189379
341,230000	0,195115
341,240000	0,197027
341,250000	0,197027
341,260000	0,200851
341,270000	0,204676
341,280000	0,204676
341,290000	0,206588
341,300000	0,207225
341,310000	0,211049
341,320000	0,211687
341,330000	0,211687
341,340000	0,209137
341,350000	0,217423
341,360000	0,213599
341,370000	0,215511
341,380000	0,217423
341,390000	0,223797
341,400000	0,220610
341,410000	0,223797
341,420000	0,220610
341,430000	0,223797
341,440000	0,221884
341,450000	0,226983
341,460000	0,223797
341,470000	0,228896
341,480000	0,228896
341,490000	0,228258
341,500000	0,226983
341,510000	0,232082
341,520000	0,226346
341,530000	0,233357
341,540000	0,229533
341,550000	0,233994
341,560000	0,230170
341,570000	0,236544
341,580000	0,229533
341,590000	0,235269
341,600000	0,232082
341,610000	0,233994
341,620000	0,234632
341,630000	0,236544
341,640000	0,230170
341,650000	0,236544
341,660000	0,230170
341,670000	0,237819
341,680000	0,236544
341,690000	0,241005
341,700000	0,235269
341,710000	0,240368
341,720000	0,235269
341,730000	0,241005
341,740000	0,239731
341,750000	0,241005
341,760000	0,238456
341,770000	0,243555
341,780000	0,239093
341,790000	0,236544
341,800000	0,242280
341,810000	0,241005
341,820000	0,237181
341,830000	0,243555
341,840000	0,240368
341,850000	0,243555
341,860000	0,241643
341,870000	0,244192
341,880000	0,245467
341,890000	0,243555
341,900000	0,245467
341,910000	0,243555
341,920000	0,246742
341,930000	0,244830
341,940000	0,245467
341,950000	0,241643
341,960000	0,242918
341,970000	0,247379
341,980000	0,246104
341,990000	0,244192
342,000000	0,243555
342,010000	0,246104
342,020000	0,245467
342,030000	0,247379
342,040000	0,246104
342,050000	0,244192
342,060000	0,250566
342,070000	0,243555
342,080000	0,251203
342,090000	0,248016
342,100000	0,248654
342,110000	0,249929
342,120000	0,244830
342,130000	0,254390
342,140000	0,249929
342,150000	0,252478
342,160000	0,248654
342,170000	0,248654
342,180000	0,250566
342,190000	0,250566
342,200000	0,252478
342,210000	0,250566
342,220000	0,250566
342,230000	0,249291
342,240000	0,256940
342,250000	0,251203
342,260000	0,252478
342,270000	0,250566
342,280000	0,251841
342,290000	0,249929
342,300000	0,253115
342,310000	0,252478
342,320000	0,252478
342,330000	0,262039
342,340000	0,254390
342,350000	0,257577
342,360000	0,251841
342,370000	0,260126
342,380000	0,251841
342,390000	0,259489
342,400000	0,251203
342,410000	0,258852
342,420000	0,257577
342,430000	0,259489
342,440000	0,255665
342,450000	0,255665
342,460000	0,259489
342,470000	0,262676
342,480000	0,256302
342,490000	0,262039
342,500000	0,259489
342,510000	0,263313
342,520000	0,256940
342,530000	0,263951
342,540000	0,257577
342,550000	0,260126
342,560000	0,257577
342,570000	0,260764
342,580000	0,259489
342,590000	0,265225
342,600000	0,259489
342,610000	0,264588
342,620000	0,264588
342,630000	0,262676
342,640000	0,262039
342,650000	0,263951
342,660000	0,260764
342,670000	0,263313
342,680000	0,263313
342,690000	0,263951
342,700000	0,258852
342,710000	0,266500
342,720000	0,262039
342,730000	0,264588
342,740000	0,265225
342,750000	0,265863
342,760000	0,262676
342,770000	0,261401
342,780000	0,265225
342,790000	0,259489
342,800000	0,269687
342,810000	0,263951
342,820000	0,263951
342,830000	0,262676
342,840000	0,262676
342,850000	0,265225
342,860000	0,265863
342,870000	0,263951
342,880000	0,262039
342,890000	0,267137
342,900000	0,264588
342,910000	0,266500
342,920000	0,262676
342,930000	0,268412
342,940000	0,260764
342,950000	0,270962
342,960000	0,265225
342,970000	0,269050
342,980000	0,262039
342,990000	0,267137
343,000000	0,264588
343,010000	0,270324
343,020000	0,263951
343,030000	0,267775
343,040000	0,264588
343,050000	0,267775
343,060000	0,265863
343,070000	0,267775
343,080000	0,258852
343,090000	0,267137
343,100000	0,264588
343,110000	0,267775
343,120000	0,263951
343,130000	0,263951
343,140000	0,263951
343,150000	0,269050
343,160000	0,262039
343,170000	0,268412
343,180000	0,267775
343,190000	0,263313
343,200000	0,267775
343,210000	0,265225
343,220000	0,265863
343,230000	0,267775
343,240000	0,265225
343,250000	0,264588
343,260000	0,263313
343,270000	0,263313
343,280000	0,265225
343,290000	0,267137
343,300000	0,266500
343,310000	0,269687
343,320000	0,260764
343,330000	0,269687
343,340000	0,263951
343,350000	0,264588
343,360000	0,266500
343,370000	0,264588
343,380000	0,269687
343,390000	0,272874
343,400000	0,265225
343,410000	0,266500
343,420000	0,266500
343,430000	0,265863
343,440000	0,269050
343,450000	0,265225
343,460000	0,267137
343,470000	0,271599
343,480000	0,264588
343,490000	0,267775
343,500000	0,264588
343,510000	0,269050
343,520000	0,267775
343,530000	0,265225
343,540000	0,264588
343,550000	0,265225
343,560000	0,270324
343,570000	0,264588
343,580000	0,263951
343,590000	0,262039
343,600000	0,265225
343,610000	0,266500
343,620000	0,266500
343,630000	0,266500
343,640000	0,267137
343,650000	0,267137
343,660000	0,270324
343,670000	0,265863
343,680000	0,269050
343,690000	0,267137
343,700000	0,269687
343,710000	0,267137
343,720000	0,272236
343,730000	0,268412
343,740000	0,272236
343,750000	0,265863
343,760000	0,268412
343,770000	0,271599
343,780000	0,266500
343,790000	0,267775
343,800000	0,267137
343,810000	0,268412
343,820000	0,268412
343,830000	0,269050
343,840000	0,272874
343,850000	0,270324
343,860000	0,270324
343,870000	0,270324
343,880000	0,270324
343,890000	0,271599
343,900000	0,272874
343,910000	0,271599
343,920000	0,269050
343,930000	0,262676
343,940000	0,267775
343,950000	0,267137
343,960000	0,269050
343,970000	0,269687
343,980000	0,272874
343,990000	0,270324
344,000000	0,267137
344,010000	0,272236
344,020000	0,270324
344,030000	0,269050
344,040000	0,269687
344,050000	0,267775
344,060000	0,272874
344,070000	0,267775
344,080000	0,269050
344,090000	0,272874
344,100000	0,272874
344,110000	0,273511
344,120000	0,275423
344,130000	0,269687
344,140000	0,276061
344,150000	0,276698
344,160000	0,270962
344,170000	0,275423
344,180000	0,270324
344,190000	0,276698
344,200000	0,270324
344,210000	0,276698
344,220000	0,275423
344,230000	0,278610
344,240000	0,272874
344,250000	0,275423
344,260000	0,267137
344,270000	0,275423
344,280000	0,279247
344,290000	0,276061
344,300000	0,272236
344,310000	0,277335
344,320000	0,270962
344,330000	0,277335
344,340000	0,276061
344,350000	0,273511
344,360000	0,275423
344,370000	0,274148
344,380000	0,275423
344,390000	0,277335
344,400000	0,270962
344,410000	0,279247
344,420000	0,274148
344,430000	0,275423
344,440000	0,274148
344,450000	0,280522
344,460000	0,282434
344,470000	0,277335
344,480000	0,270962
344,490000	0,274786
344,500000	0,278610
344,510000	0,274148
344,520000	0,277335
344,530000	0,277973
344,540000	0,279247
344,550000	0,281160
344,560000	0,278610
344,570000	0,273511
344,580000	0,279247
344,590000	0,275423
344,600000	0,281160
344,610000	0,279247
344,620000	0,276061
344,630000	0,277973
344,640000	0,267775
344,650000	0,275423
344,660000	0,272874
344,670000	0,277335
344,680000	0,281797
344,690000	0,277335
344,700000	0,276061
344,710000	0,282434
344,720000	0,277973
344,730000	0,284984
344,740000	0,276698
344,750000	0,279247
344,760000	0,279885
344,770000	0,284984
344,780000	0,277335
344,790000	0,280522
344,800000	0,277335
344,810000	0,277973
344,820000	0,281160
344,830000	0,281797
344,840000	0,281797
344,850000	0,277335
344,860000	0,283709
344,870000	0,281160
344,880000	0,277335
344,890000	0,282434
344,900000	0,280522
344,910000	0,279247
344,920000	0,280522
344,930000	0,281797
344,940000	0,283072
344,950000	0,277335
344,960000	0,280522
344,970000	0,280522
344,980000	0,283709
344,990000	0,276698
345,000000	0,279885
345,010000	0,279247
345,020000	0,270962
345,030000	0,277973
345,040000	0,279247
345,050000	0,277973
345,060000	0,273511
345,070000	0,283072
345,080000	0,276061
345,090000	0,278610
345,100000	0,279247
345,110000	0,279247
345,120000	0,281797
345,130000	0,277973
345,140000	0,263313
345,150000	0,274148
345,160000	0,279885
345,170000	0,277335
345,180000	0,275423
345,190000	0,273511
345,200000	0,275423
345,210000	0,280522
345,220000	0,273511
345,230000	0,279247
345,240000	0,273511
345,250000	0,279885
345,260000	0,292632
345,270000	0,279247
345,280000	0,269050
345,290000	0,269050
345,300000	0,283072
345,310000	0,312390
345,320000	0,277973
345,330000	0,287533
345,340000	0,279247
345,350000	0,281797
345,360000	0,251203
345,370000	0,289445
345,380000	0,300918
345,390000	0,277335
345,400000	0,280522
345,410000	0,344896
345,420000	0,277335
345,430000	0,296456
345,440000	0,277973
345,450000	0,284984
345,460000	0,374215
345,470000	0,294544
345,480000	0,410545
345,490000	0,287533
345,500000	0,295819
345,510000	0,299006
345,520000	0,293907
345,530000	0,254390
345,540000	0,290083
345,550000	0,309841
345,560000	0,278610
345,570000	0,269050
345,580000	0,268412
345,590000	0,275423
345,600000	0,264588
345,610000	0,265863
345,620000	0,265225
345,630000	0,269687
345,640000	0,265863
345,650000	0,272874
345,660000	0,265225
345,670000	0,274786
345,680000	0,277335
345,690000	0,283072
345,700000	0,261401
345,710000	0,283709
345,720000	0,272874
345,730000	0,275423
345,740000	0,267775
345,750000	0,276061
345,760000	0,265225
345,770000	0,277335
345,780000	0,283709
345,790000	0,283709
345,800000	0,277973
345,810000	0,269050
345,820000	0,260126
345,830000	0,272874
345,840000	0,283072
345,850000	0,277335
345,860000	0,269050
345,870000	0,242280
345,880000	0,267775
345,890000	0,275423
345,900000	0,274786
345,910000	0,306017
345,920000	0,290720
345,930000	0,264588
345,940000	0,279247
345,950000	0,284984
345,960000	0,295182
345,970000	0,302830
345,980000	0,307292
345,990000	0,300918
346,000000	0,306017
346,010000	0,295182
346,020000	0,277973
346,030000	0,262676
346,040000	0,286258
346,050000	0,273511
346,060000	0,272874
346,070000	0,273511
346,080000	0,238456
346,090000	0,291357
346,100000	0,292632
346,110000	0,294544
346,120000	0,319401
346,130000	0,277335
346,140000	0,299643
346,150000	0,346808
346,160000	0,302830
346,170000	0,331511
346,180000	0,263951
346,190000	0,269687
346,200000	0,313665
346,210000	0,267775
346,220000	0,248654
346,230000	0,293269
346,240000	0,305379
346,250000	0,318764
346,260000	0,296456
346,270000	0,360193
346,280000	0,290083
346,290000	0,309204
346,300000	0,302830
346,310000	0,266500
346,320000	0,275423
346,330000	0,270324
346,340000	0,170895
346,350000	0,306654
346,360000	0,290720
346,370000	0,291357
346,380000	0,247379
346,390000	0,156873
346,400000	0,325138
346,410000	0,308566
346,420000	0,318764
346,430000	0,311753
346,440000	0,400347
346,450000	0,276698
346,460000	0,332149
346,470000	0,332149
346,480000	0,232082
346,490000	0,379314
346,500000	0,212324
346,510000	0,236544
346,520000	0,237819
346,530000	0,199577
346,540000	0,209137
346,550000	0,221247
346,560000	0,214236
346,570000	0,283072
346,580000	0,265225
346,590000	0,245467
346,600000	0,320676
346,610000	0,327050
346,620000	0,332149
346,630000	0,320676
346,640000	0,321951
346,650000	0,326413
346,660000	0,270962
346,670000	0,301555
346,680000	0,307929
346,690000	0,281160
346,700000	0,276061
346,710000	0,325775
346,720000	0,272874
346,730000	0,331511
346,740000	0,260126
346,750000	0,293907
346,760000	0,284346
346,770000	0,303467
346,780000	0,265863
346,790000	0,259489
346,800000	0,287533
346,810000	0,288171
346,820000	0,298368
346,830000	0,260764
346,840000	0,289445
346,850000	0,285621
346,860000	0,287533
346,870000	0,272236
346,880000	0,276061
346,890000	0,256940
346,900000	0,281160
346,910000	0,272236
346,920000	0,249291
346,930000	0,293907
346,940000	0,301555
346,950000	0,293907
346,960000	0,300918
346,970000	0,262039
346,980000	0,291357
346,990000	0,308566
347,000000	0,276698
347,010000	0,281797
347,020000	0,257577
347,030000	0,271599
347,040000	0,279885
347,050000	0,293269
347,060000	0,335336
347,070000	0,279885
347,080000	0,297731
347,090000	0,346808
347,100000	0,291995
347,110000	0,313028
347,120000	0,269687
347,130000	0,265225
347,140000	0,201489
347,150000	0,288171
347,160000	0,252478
347,170000	0,293269
347,180000	0,312390
347,190000	0,344259
347,200000	0,248654
347,210000	0,368479
347,220000	0,266500
347,230000	0,328325
347,240000	0,322588
347,250000	0,310478
347,260000	0,464721
347,270000	0,274148
347,280000	0,318127
347,290000	0,319401
347,300000	0,280522
347,310000	0,253753
347,320000	0,233994
347,330000	0,249291
347,340000	0,262676
347,350000	0,238456
347,360000	0,235907
347,370000	0,273511
347,380000	0,238456
347,390000	0,311753
347,400000	0,291357
347,410000	0,299643
347,420000	0,354457
347,430000	0,357006
347,440000	0,363380
347,450000	0,334698
347,460000	0,352545
347,470000	0,303467
347,480000	0,288808
347,490000	0,275423
347,500000	0,294544
347,510000	0,251841
347,520000	0,238456
347,530000	0,257577
347,540000	0,257577
347,550000	0,270324
347,560000	0,233357
347,570000	0,275423
347,580000	0,229533
347,590000	0,267775
347,600000	0,287533
347,610000	0,283709
347,620000	0,284984
347,630000	0,216786
347,640000	0,277973
347,650000	0,288171
347,660000	0,285621
347,670000	0,282434
347,680000	0,309204
347,690000	0,274786
347,700000	0,291995
347,710000	0,276698
347,720000	0,327687
347,730000	0,291357
347,740000	0,323226
347,750000	0,277973
347,760000	0,264588
347,770000	0,279885
347,780000	0,298368
347,790000	0,328962
347,800000	0,292632
347,810000	0,284984
347,820000	0,263951
347,830000	0,292632
347,840000	0,283709
347,850000	0,277335
347,860000	0,280522
347,870000	0,277973
347,880000	0,287533
347,890000	0,329599
347,900000	0,302193
347,910000	0,281797
347,920000	0,228258
347,930000	0,291357
347,940000	0,311116
347,950000	0,297731
347,960000	0,232082
347,970000	0,311116
347,980000	0,287533
347,990000	0,233994
348,000000	0,294544
348,010000	0,300281
348,020000	0,300918
348,030000	0,286896
348,040000	0,380589
348,050000	0,276698
348,060000	0,326413
348,070000	0,295819
348,080000	0,281160
348,090000	0,243555
348,100000	0,286258
348,110000	0,300281
348,120000	0,274786
348,130000	0,277973
348,140000	0,193840
348,150000	0,302830
348,160000	0,272874
348,170000	0,304742
348,180000	0,304105
348,190000	0,348083
348,200000	0,326413
348,210000	0,318764
348,220000	0,318127
348,230000	0,288171
348,240000	0,358281
348,250000	0,287533
348,260000	0,308566
348,270000	0,249291
348,280000	0,243555
348,290000	0,297094
348,300000	0,239731
348,310000	0,235269
348,320000	0,212961
348,330000	0,252478
348,340000	0,234632
348,350000	0,254390
348,360000	0,278610
348,370000	0,283072
348,380000	0,296456
348,390000	0,290083
348,400000	0,313028
348,410000	0,311753
348,420000	0,288171
348,430000	0,313028
348,440000	0,314303
348,450000	0,289445
348,460000	0,323863
348,470000	0,309204
348,480000	0,276698
348,490000	0,348083
348,500000	0,293907
348,510000	0,339160
348,520000	0,295182
348,530000	0,302193
348,540000	0,294544
348,550000	0,313665
348,560000	0,259489
348,570000	0,277973
348,580000	0,272874
348,590000	0,277335
348,600000	0,248016
348,610000	0,277973
348,620000	0,262676
348,630000	0,303467
348,640000	0,283072
348,650000	0,268412
348,660000	0,286258
348,670000	0,308566
348,680000	0,284346
348,690000	0,287533
348,700000	0,309841
348,710000	0,285621
348,720000	0,248654
348,730000	0,293907
348,740000	0,304105
348,750000	0,258214
348,760000	0,293907
348,770000	0,329599
348,780000	0,301555
348,790000	0,290720
348,800000	0,294544
348,810000	0,272236
348,820000	0,340435
348,830000	0,269050
348,840000	0,277973
348,850000	0,318764
348,860000	0,274786
348,870000	0,253115
348,880000	0,282434
348,890000	0,284984
348,900000	0,326413
348,910000	0,293269
348,920000	0,269050
348,930000	0,285621
348,940000	0,277335
348,950000	0,270962
348,960000	0,298368
348,970000	0,437952
348,980000	0,309204
348,990000	0,280522
349,000000	0,289445
349,010000	0,286258
349,020000	0,370391
349,030000	0,284346
349,040000	0,301555
349,050000	0,303467
349,060000	0,280522
349,070000	0,252478
349,080000	0,270324
349,090000	0,277973
349,100000	0,276698
349,110000	0,257577
349,120000	0,273511
349,130000	0,286896
349,140000	0,267137
349,150000	0,314303
349,160000	0,326413
349,170000	0,269050
349,180000	0,323863
349,190000	0,323863
349,200000	0,342347
349,210000	0,315577
349,220000	0,334061
349,230000	0,320039
349,240000	0,298368
349,250000	0,284984
349,260000	0,298368
349,270000	0,284346
349,280000	0,267775
349,290000	0,273511
349,300000	0,284984
349,310000	0,291357
349,320000	0,254390
349,330000	0,293269
349,340000	0,245467
349,350000	0,262039
349,360000	0,284984
349,370000	0,277973
349,380000	0,254390
349,390000	0,283072
349,400000	0,311753
349,410000	0,290083
349,420000	0,283709
349,430000	0,321314
349,440000	0,313665
349,450000	0,322588
349,460000	0,280522
349,470000	0,290720
349,480000	0,305379
349,490000	0,302830
349,500000	0,335973
349,510000	0,293269
349,520000	0,277973
349,530000	0,272236
349,540000	0,306017
349,550000	0,272874
349,560000	0,299006
349,570000	0,290083
349,580000	0,306017
349,590000	0,290720
349,600000	0,321314
349,610000	0,279885
349,620000	0,315577
349,630000	0,248654
349,640000	0,288171
349,650000	0,324500
349,660000	0,292632
349,670000	0,241005
349,680000	0,284346
349,690000	0,297094
349,700000	0,302830
349,710000	0,310478
349,720000	0,328962
349,730000	0,291357
349,740000	0,295819
349,750000	0,281160
349,760000	0,281797
349,770000	0,332786
349,780000	0,296456
349,790000	0,302830
349,800000	0,267137
349,810000	0,291357
349,820000	0,262676
349,830000	0,302830
349,840000	0,288171
349,850000	0,285621
349,860000	0,276698
349,870000	0,207862
349,880000	0,286258
349,890000	0,281797
349,900000	0,281160
349,910000	0,284346
349,920000	0,340435
349,930000	0,289445
349,940000	0,288808
349,950000	0,277335
349,960000	0,295182
349,970000	0,313028
349,980000	0,279247
349,990000	0,302830
350,000000	0,275423
350,010000	0,270962
350,020000	0,291357
350,030000	0,291995
350,040000	0,269687
350,050000	0,259489
350,060000	0,292632
350,070000	0,296456
350,080000	0,271599
350,090000	0,296456
350,100000	0,282434
350,110000	0,284346
350,120000	0,281160
350,130000	0,295182
350,140000	0,290083
350,150000	0,287533
350,160000	0,279885
350,170000	0,299643
350,180000	0,290720
350,190000	0,316852
350,200000	0,298368
350,210000	0,308566
350,220000	0,323226
350,230000	0,292632
350,240000	0,325775
350,250000	0,285621
350,260000	0,296456
350,270000	0,303467
350,280000	0,265225
350,290000	0,278610
350,300000	0,262676
350,310000	0,284346
350,320000	0,284346
350,330000	0,286258
350,340000	0,284346
350,350000	0,286896
350,360000	0,284346
350,370000	0,298368
350,380000	0,291995
350,390000	0,291995
350,400000	0,270324
350,410000	0,297094
350,420000	0,286258
350,430000	0,295182
350,440000	0,291995
350,450000	0,283709
350,460000	0,290083
350,470000	0,286896
350,480000	0,300918
350,490000	0,288808
350,500000	0,291357
350,510000	0,282434
350,520000	0,288171
350,530000	0,286896
350,540000	0,297094
350,550000	0,289445
350,560000	0,286258
350,570000	0,286258
350,580000	0,288171
350,590000	0,288171
350,600000	0,302193
350,610000	0,291995
350,620000	0,288808
350,630000	0,285621
350,640000	0,296456
350,650000	0,299643
350,660000	0,281797
350,670000	0,292632
350,680000	0,300918
350,690000	0,290720
350,700000	0,292632
350,710000	0,290083
350,720000	0,295819
350,730000	0,293907
350,740000	0,295182
350,750000	0,296456
350,760000	0,292632
350,770000	0,287533
350,780000	0,294544
350,790000	0,292632
350,800000	0,296456
350,810000	0,290083
350,820000	0,297731
350,830000	0,283709
350,840000	0,287533
350,850000	0,287533
350,860000	0,291995
350,870000	0,293269
350,880000	0,290083
350,890000	0,293269
350,900000	0,299006
350,910000	0,286896
350,920000	0,289445
350,930000	0,286258
350,940000	0,287533
350,950000	0,291995
350,960000	0,294544
350,970000	0,292632
350,980000	0,290083
350,990000	0,291357
351,000000	0,288171
351,010000	0,293907
351,020000	0,298368
351,030000	0,288808
351,040000	0,292632
351,050000	0,287533
351,060000	0,300281
351,070000	0,293269
351,080000	0,293907
351,090000	0,288808
351,100000	0,293269
351,110000	0,291357
351,120000	0,288171
351,130000	0,292632
351,140000	0,294544
351,150000	0,288171
351,160000	0,296456
351,170000	0,289445
351,180000	0,299006
351,190000	0,289445
351,200000	0,299643
351,210000	0,290720
351,220000	0,297731
351,230000	0,293907
351,240000	0,295182
351,250000	0,298368
351,260000	0,290083
351,270000	0,292632
351,280000	0,296456
351,290000	0,286258
351,300000	0,293269
351,310000	0,288171
351,320000	0,290083
351,330000	0,291357
351,340000	0,291357
351,350000	0,294544
351,360000	0,295819
351,370000	0,292632
351,380000	0,288171
351,390000	0,290083
351,400000	0,289445
351,410000	0,286896
351,420000	0,290720
351,430000	0,287533
351,440000	0,290083
351,450000	0,294544
351,460000	0,293269
351,470000	0,298368
351,480000	0,290720
351,490000	0,290720
351,500000	0,296456
351,510000	0,294544
351,520000	0,294544
351,530000	0,300281
351,540000	0,286896
351,550000	0,291357
351,560000	0,297731
351,570000	0,296456
351,580000	0,289445
351,590000	0,292632
351,600000	0,290720
351,610000	0,292632
351,620000	0,288808
351,630000	0,294544
351,640000	0,290720
351,650000	0,289445
351,660000	0,288808
351,670000	0,292632
351,680000	0,284984
351,690000	0,292632
351,700000	0,288808
351,710000	0,299006
351,720000	0,287533
351,730000	0,300281
351,740000	0,297731
351,750000	0,296456
351,760000	0,289445
351,770000	0,293269
351,780000	0,283072
351,790000	0,288171
351,800000	0,283072
351,810000	0,295182
351,820000	0,285621
351,830000	0,285621
351,840000	0,277973
351,850000	0,292632
351,860000	0,291357
351,870000	0,292632
351,880000	0,289445
351,890000	0,287533
351,900000	0,291995
351,910000	0,286258
351,920000	0,291357
351,930000	0,287533
351,940000	0,285621
351,950000	0,290083
351,960000	0,291995
351,970000	0,288808
351,980000	0,294544
351,990000	0,291357
352,000000	0,293907
352,010000	0,288171
352,020000	0,288808
352,030000	0,291357
352,040000	0,286258
352,050000	0,293269
352,060000	0,286896
352,070000	0,290083
352,080000	0,284346
352,090000	0,290083
352,100000	0,285621
352,110000	0,284984
352,120000	0,291357
352,130000	0,286258
352,140000	0,287533
352,150000	0,291995
352,160000	0,297731
352,170000	0,280522
352,180000	0,285621
352,190000	0,291995
352,200000	0,293269
352,210000	0,288171
352,220000	0,285621
352,230000	0,290720
352,240000	0,292632
352,250000	0,288171
352,260000	0,294544
352,270000	0,289445
352,280000	0,294544
352,290000	0,284346
352,300000	0,293269
352,310000	0,288171
352,320000	0,294544
352,330000	0,286896
352,340000	0,296456
352,350000	0,283709
352,360000	0,294544
352,370000	0,279885
352,380000	0,293269
352,390000	0,279247
352,400000	0,296456
352,410000	0,279885
352,420000	0,293269
352,430000	0,286258
352,440000	0,290083
352,450000	0,276061
352,460000	0,292632
352,470000	0,283709
352,480000	0,294544
352,490000	0,284984
352,500000	0,297731
352,510000	0,289445
352,520000	0,292632
352,530000	0,283709
352,540000	0,293269
352,550000	0,286258
352,560000	0,292632
352,570000	0,285621
352,580000	0,285621
352,590000	0,290720
352,600000	0,284984
352,610000	0,298368
352,620000	0,288808
352,630000	0,298368
352,640000	0,291357
352,650000	0,290720
352,660000	0,295819
352,670000	0,300918
352,680000	0,292632
352,690000	0,293269
352,700000	0,296456
352,710000	0,289445
352,720000	0,293269
352,730000	0,285621
352,740000	0,291357
352,750000	0,290720
352,760000	0,296456
352,770000	0,287533
352,780000	0,293269
352,790000	0,289445
352,800000	0,298368
352,810000	0,292632
352,820000	0,297731
352,830000	0,295819
352,840000	0,293907
352,850000	0,288808
352,860000	0,294544
352,870000	0,297731
352,880000	0,291357
352,890000	0,285621
352,900000	0,295182
352,910000	0,294544
352,920000	0,297094
352,930000	0,289445
352,940000	0,298368
352,950000	0,293269
352,960000	0,293269
352,970000	0,289445
352,980000	0,295182
352,990000	0,299006
353,000000	0,293269
353,010000	0,290720
353,020000	0,295182
353,030000	0,290083
353,040000	0,297731
353,050000	0,294544
353,060000	0,293907
353,070000	0,295182
353,080000	0,289445
353,090000	0,299006
353,100000	0,285621
353,110000	0,299006
353,120000	0,281797
353,130000	0,304105
353,140000	0,288808
353,150000	0,300281
353,160000	0,285621
353,170000	0,300281
353,180000	0,283709
353,190000	0,300281
353,200000	0,290083
353,210000	0,303467
353,220000	0,291357
353,230000	0,299643
353,240000	0,288171
353,250000	0,294544
353,260000	0,282434
353,270000	0,300918
353,280000	0,295182
353,290000	0,299006
353,300000	0,291995
353,310000	0,295819
353,320000	0,293907
353,330000	0,297731
353,340000	0,290720
353,350000	0,300918
353,360000	0,287533
353,370000	0,295819
353,380000	0,293907
353,390000	0,299006
353,400000	0,289445
353,410000	0,299006
353,420000	0,288808
353,430000	0,289445
353,440000	0,295182
353,450000	0,295819
353,460000	0,299643
353,470000	0,299006
353,480000	0,291357
353,490000	0,295819
353,500000	0,291357
353,510000	0,291995
353,520000	0,300918
353,530000	0,286258
353,540000	0,290720
353,550000	0,290720
353,560000	0,291995
353,570000	0,292632
353,580000	0,292632
353,590000	0,290720
353,600000	0,290083
353,610000	0,283709
353,620000	0,285621
353,630000	0,290083
353,640000	0,292632
353,650000	0,288171
353,660000	0,290720
353,670000	0,290720
353,680000	0,300281
353,690000	0,289445
353,700000	0,295182
353,710000	0,293907
353,720000	0,293269
353,730000	0,290083
353,740000	0,294544
353,750000	0,284984
353,760000	0,294544
353,770000	0,288808
353,780000	0,292632
353,790000	0,292632
353,800000	0,292632
353,810000	0,293907
353,820000	0,291357
353,830000	0,288171
353,840000	0,295819
353,850000	0,293269
353,860000	0,285621
353,870000	0,291995
353,880000	0,290083
353,890000	0,288808
353,900000	0,290720
353,910000	0,291357
353,920000	0,288171
353,930000	0,290720
353,940000	0,291995
353,950000	0,293907
353,960000	0,288808
353,970000	0,290083
353,980000	0,285621
353,990000	0,294544
354,000000	0,290720
354,010000	0,292632
354,020000	0,294544
354,030000	0,288171
354,040000	0,292632
354,050000	0,284984
354,060000	0,294544
354,070000	0,292632
354,080000	0,290083
354,090000	0,286896
354,100000	0,294544
354,110000	0,290720
354,120000	0,288171
354,130000	0,284346
354,140000	0,290720
354,150000	0,286258
354,160000	0,293269
354,170000	0,288808
354,180000	0,289445
354,190000	0,290083
354,200000	0,290083
354,210000	0,286258
354,220000	0,286896
354,230000	0,284346
354,240000	0,290720
354,250000	0,287533
354,260000	0,291357
354,270000	0,282434
354,280000	0,290720
354,290000	0,288171
354,300000	0,290720
354,310000	0,285621
354,320000	0,290720
354,330000	0,280522
354,340000	0,285621
354,350000	0,287533
354,360000	0,291995
354,370000	0,286258
354,380000	0,290083
354,390000	0,286896
354,400000	0,293269
354,410000	0,290083
354,420000	0,291357
354,430000	0,290720
354,440000	0,290083
354,450000	0,287533
354,460000	0,292632
354,470000	0,291357
354,480000	0,291357
354,490000	0,295182
354,500000	0,292632
354,510000	0,292632
354,520000	0,291995
354,530000	0,286258
354,540000	0,290083
354,550000	0,291357
354,560000	0,295819
354,570000	0,291995
354,580000	0,291995
354,590000	0,288171
354,600000	0,286896
354,610000	0,288808
354,620000	0,286258
354,630000	0,291357
354,640000	0,292632
354,650000	0,289445
354,660000	0,290720
354,670000	0,288171
354,680000	0,290720
354,690000	0,290720
354,700000	0,294544
354,710000	0,289445
354,720000	0,288171
354,730000	0,295819
354,740000	0,289445
354,750000	0,294544
354,760000	0,295819
354,770000	0,293907
354,780000	0,297094
354,790000	0,292632
354,800000	0,291357
354,810000	0,294544
354,820000	0,293907
354,830000	0,293907
354,840000	0,291995
354,850000	0,291995
354,860000	0,290720
354,870000	0,289445
354,880000	0,291995
354,890000	0,295182
354,900000	0,292632
354,910000	0,293269
354,920000	0,292632
354,930000	0,293907
354,940000	0,290083
354,950000	0,295182
354,960000	0,291357
354,970000	0,294544
354,980000	0,294544
354,990000	0,296456
355,000000	0,292632
355,010000	0,295182
355,020000	0,293269
355,030000	0,294544
355,040000	0,291357
355,050000	0,294544
355,060000	0,293907
355,070000	0,291995
355,080000	0,290720
355,090000	0,297094
355,100000	0,296456
355,110000	0,295819
355,120000	0,295819
355,130000	0,293269
355,140000	0,295819
355,150000	0,293907
355,160000	0,296456
355,170000	0,292632
355,180000	0,290083
355,190000	0,295182
355,200000	0,293907
355,210000	0,295182
355,220000	0,294544
355,230000	0,295182
355,240000	0,294544
355,250000	0,297094
355,260000	0,295182
355,270000	0,292632
355,280000	0,294544
355,290000	0,294544
355,300000	0,295819
355,310000	0,292632
355,320000	0,292632
355,330000	0,293269
355,340000	0,293907
355,350000	0,291995
355,360000	0,297094
355,370000	0,290720
355,380000	0,299006
355,390000	0,288171
355,400000	0,298368
355,410000	0,291995
355,420000	0,297094
355,430000	0,289445
355,440000	0,291995
355,450000	0,291995
355,460000	0,290083
355,470000	0,291995
355,480000	0,295182
355,490000	0,291995
355,500000	0,293269
355,510000	0,295819
355,520000	0,292632
355,530000	0,290083
355,540000	0,295182
355,550000	0,291357
355,560000	0,300918
355,570000	0,294544
355,580000	0,294544
355,590000	0,297731
355,600000	0,293269
355,610000	0,290083
355,620000	0,294544
355,630000	0,290720
355,640000	0,298368
355,650000	0,285621
355,660000	0,297094
355,670000	0,291357
355,680000	0,295182
355,690000	0,293269
355,700000	0,297094
355,710000	0,292632
355,720000	0,295182
355,730000	0,289445
355,740000	0,298368
355,750000	0,288171
355,760000	0,294544
355,770000	0,290720
355,780000	0,299006
355,790000	0,293269
355,800000	0,296456
355,810000	0,294544
355,820000	0,295819
355,830000	0,291357
355,840000	0,291995
355,850000	0,290720
355,860000	0,291995
355,870000	0,292632
355,880000	0,295819
355,890000	0,291357
355,900000	0,289445
355,910000	0,292632
355,920000	0,285621
355,930000	0,271599
355,940000	0,289445
355,950000	0,277335
355,960000	0,291357
355,970000	0,286258
355,980000	0,294544
355,990000	0,290083
356,000000	0,276061
356,010000	0,293269
356,020000	0,297094
356,030000	0,297094
356,040000	0,290720
356,050000	0,291357
356,060000	0,296456
356,070000	0,289445
356,080000	0,280522
356,090000	0,294544
356,100000	0,294544
356,110000	0,304105
356,120000	0,284984
356,130000	0,290083
356,140000	0,290083
356,150000	0,291357
356,160000	0,281797
356,170000	0,286258
356,180000	0,293269
356,190000	0,297731
356,200000	0,278610
356,210000	0,295182
356,220000	0,290720
356,230000	0,284346
356,240000	0,291995
356,250000	0,264588
356,260000	0,294544
356,270000	0,286896
356,280000	0,299643
356,290000	0,291357
356,300000	0,290083
356,310000	0,293907
356,320000	0,286258
356,330000	0,292632
356,340000	0,295182
356,350000	0,306654
356,360000	0,297094
356,370000	0,299643
356,380000	0,292632
356,390000	0,295819
356,400000	0,297731
356,410000	0,296456
356,420000	0,297094
356,430000	0,290720
356,440000	0,293269
356,450000	0,291357
356,460000	0,295819
356,470000	0,303467
356,480000	0,294544
356,490000	0,287533
356,500000	0,295182
356,510000	0,288171
356,520000	0,306654
356,530000	0,287533
356,540000	0,288171
356,550000	0,287533
356,560000	0,293907
356,570000	0,291357
356,580000	0,295182
356,590000	0,274148
356,600000	0,293269
356,610000	0,290083
356,620000	0,291357
356,630000	0,289445
356,640000	0,284346
356,650000	0,292632
356,660000	0,295819
356,670000	0,286258
356,680000	0,289445
356,690000	0,303467
356,700000	0,296456
356,710000	0,290083
356,720000	0,289445
356,730000	0,290720
356,740000	0,284346
356,750000	0,290720
356,760000	0,295819
356,770000	0,288808
356,780000	0,293907
356,790000	0,294544
356,800000	0,288808
356,810000	0,268412
356,820000	0,288808
356,830000	0,289445
356,840000	0,291995
356,850000	0,291357
356,860000	0,281797
356,870000	0,293907
356,880000	0,296456
356,890000	0,292632
356,900000	0,293907
356,910000	0,287533
356,920000	0,292632
356,930000	0,291995
356,940000	0,295182
356,950000	0,293269
356,960000	0,291357
356,970000	0,292632
356,980000	0,294544
356,990000	0,291357
