LabVIEW Measurement	
Writer_Version	2
Reader_Version	2
Separator	Tab
Decimal_Separator	,
Multi_Headings	No
X_Columns	One
Time_Pref	Absolute
Operator	lpdan
Date	2026/05/26
Time	10:40:30,4264351833531547798
***End_of_Header***	
	
Channels	1	
Samples	100	
Date	2026/05/26	
Time	10:40:30,4264351833531547798	
Y_Unit_Label	Volts	
X_Dimension	Time	
X0	0,0000000000000000E+0	
Delta_X	0,010000	
***End_of_Header***		
X_Value	Voltage	Comment
0,000000	0,137752
0,010000	0,134565
0,020000	0,133928
0,030000	0,137752
0,040000	0,140302
0,050000	0,140939
0,060000	0,152412
0,070000	0,139664
0,080000	0,140302
0,090000	0,140302
0,100000	0,140302
0,110000	0,140939
0,120000	0,140302
0,130000	0,139027
0,140000	0,138390
0,150000	0,139027
0,160000	0,159423
0,170000	0,139027
0,180000	0,139027
0,190000	0,137115
0,200000	0,138390
0,210000	0,135840
0,220000	0,140939
0,230000	0,132653
0,240000	0,139664
0,250000	0,138390
0,260000	0,138390
0,270000	0,137752
0,280000	0,142214
0,290000	0,138390
0,300000	0,137115
0,310000	0,136477
0,320000	0,137752
0,330000	0,137115
0,340000	0,134565
0,350000	0,139664
0,360000	0,135203
0,370000	0,135203
0,380000	0,136477
0,390000	0,139664
0,400000	0,139027
0,410000	0,136477
0,420000	0,135840
0,430000	0,135840
0,440000	0,139027
0,450000	0,137115
0,460000	0,137752
0,470000	0,135840
0,480000	0,137115
0,490000	0,137115
0,500000	0,140939
0,510000	0,139664
0,520000	0,138390
0,530000	0,138390
0,540000	0,143488
0,550000	0,134565
0,560000	0,135840
0,570000	0,136477
0,580000	0,141576
0,590000	0,135840
0,600000	0,133291
0,610000	0,137752
0,620000	0,137115
0,630000	0,137752
0,640000	0,137752
0,650000	0,137115
0,660000	0,140302
0,670000	0,137752
0,680000	0,133928
0,690000	0,133928
0,700000	0,139664
0,710000	0,139027
0,720000	0,139027
0,730000	0,137115
0,740000	0,132653
0,750000	0,140939
0,760000	0,138390
0,770000	0,138390
0,780000	0,137115
0,790000	0,137752
0,800000	0,142851
0,810000	0,140302
0,820000	0,116719
0,830000	0,138390
0,840000	0,158148
0,850000	0,139664
0,860000	0,138390
0,870000	0,134565
0,880000	0,139664
0,890000	0,142851
0,900000	0,142214
0,910000	0,138390
0,920000	0,140302
0,930000	0,135840
0,940000	0,151774
0,950000	0,137752
0,960000	0,139027
0,970000	0,135203
0,980000	0,142851
0,990000	0,141576
1,000000	0,139664
1,010000	0,140302
1,020000	0,141576
1,030000	0,134565
1,040000	0,140302
1,050000	0,140302
1,060000	0,140939
1,070000	0,140939
1,080000	0,141576
1,090000	0,139027
1,100000	0,140302
1,110000	0,141576
1,120000	0,137752
1,130000	0,140302
1,140000	0,153049
1,150000	0,143488
1,160000	0,144126
1,170000	0,139664
1,180000	0,150499
1,190000	0,140302
1,200000	0,144126
1,210000	0,133928
1,220000	0,142214
1,230000	0,140939
1,240000	0,140939
1,250000	0,139664
1,260000	0,163247
1,270000	0,140302
1,280000	0,140939
1,290000	0,138390
1,300000	0,144763
1,310000	0,140939
1,320000	0,141576
1,330000	0,137115
1,340000	0,139027
1,350000	0,135840
1,360000	0,140939
1,370000	0,137752
1,380000	0,139664
1,390000	0,140302
1,400000	0,147313
1,410000	0,140302
1,420000	0,140939
1,430000	0,140302
1,440000	0,145401
1,450000	0,142214
1,460000	0,140939
1,470000	0,119906
1,480000	0,141576
1,490000	0,140302
1,500000	0,139664
1,510000	0,142851
1,520000	0,147313
1,530000	0,136477
1,540000	0,140302
1,550000	0,135840
1,560000	0,142851
1,570000	0,146038
1,580000	0,141576
1,590000	0,140302
1,600000	0,141576
1,610000	0,135840
1,620000	0,138390
1,630000	0,140302
1,640000	0,148587
1,650000	0,142214
1,660000	0,144126
1,670000	0,134565
1,680000	0,139664
1,690000	0,140302
1,700000	0,137752
1,710000	0,144126
1,720000	0,142851
1,730000	0,140939
1,740000	0,138390
1,750000	0,145401
1,760000	0,144763
1,770000	0,140939
1,780000	0,135840
1,790000	0,167708
1,800000	0,139027
1,810000	0,139664
1,820000	0,140302
1,830000	0,140939
1,840000	0,137752
1,850000	0,140302
1,860000	0,135203
1,870000	0,137752
1,880000	0,140939
1,890000	0,130104
1,900000	0,140939
1,910000	0,121181
1,920000	0,140302
1,930000	0,136477
1,940000	0,140302
1,950000	0,139027
1,960000	0,150499
1,970000	0,140939
1,980000	0,142214
1,990000	0,131379
2,000000	0,141576
2,010000	0,133291
2,020000	0,138390
2,030000	0,143488
2,040000	0,146038
2,050000	0,142214
2,060000	0,137115
2,070000	0,144763
2,080000	0,144126
2,090000	0,143488
2,100000	0,138390
2,110000	0,137752
2,120000	0,138390
2,130000	0,139027
2,140000	0,137752
2,150000	0,139027
2,160000	0,140939
2,170000	0,142851
2,180000	0,138390
2,190000	0,140939
2,200000	0,140939
2,210000	0,140302
2,220000	0,139664
2,230000	0,138390
2,240000	0,137752
2,250000	0,137752
2,260000	0,142851
2,270000	0,137752
2,280000	0,140302
2,290000	0,137752
2,300000	0,137752
2,310000	0,135840
2,320000	0,139664
2,330000	0,135840
2,340000	0,137752
2,350000	0,137752
2,360000	0,142214
2,370000	0,132016
2,380000	0,139664
2,390000	0,137752
2,400000	0,142851
2,410000	0,138390
2,420000	0,141576
2,430000	0,138390
2,440000	0,139664
2,450000	0,138390
2,460000	0,142851
2,470000	0,135203
2,480000	0,139027
2,490000	0,134565
2,500000	0,142214
2,510000	0,141576
2,520000	0,142851
2,530000	0,143488
2,540000	0,138390
2,550000	0,140302
2,560000	0,140939
2,570000	0,139664
2,580000	0,137115
2,590000	0,139027
2,600000	0,140302
2,610000	0,132016
2,620000	0,140302
2,630000	0,136477
2,640000	0,140939
2,650000	0,139027
2,660000	0,123093
2,670000	0,143488
2,680000	0,137752
2,690000	0,140302
2,700000	0,142851
2,710000	0,138390
2,720000	0,136477
2,730000	0,142214
2,740000	0,143488
2,750000	0,134565
2,760000	0,139664
2,770000	0,141576
2,780000	0,144126
2,790000	0,138390
2,800000	0,136477
2,810000	0,138390
2,820000	0,139027
2,830000	0,139664
2,840000	0,142214
2,850000	0,159423
2,860000	0,143488
2,870000	0,138390
2,880000	0,142214
2,890000	0,140302
2,900000	0,130741
2,910000	0,140939
2,920000	0,142214
2,930000	0,140939
2,940000	0,140302
2,950000	0,156873
2,960000	0,139664
2,970000	0,140939
2,980000	0,145401
2,990000	0,142851
3,000000	0,142214
3,010000	0,142214
3,020000	0,119906
3,030000	0,139664
3,040000	0,139664
3,050000	0,139027
3,060000	0,142214
3,070000	0,130104
3,080000	0,140939
3,090000	0,140939
3,100000	0,141576
3,110000	0,137752
3,120000	0,133928
3,130000	0,137752
3,140000	0,133928
3,150000	0,137752
3,160000	0,138390
3,170000	0,140939
3,180000	0,142851
3,190000	0,142214
3,200000	0,140302
3,210000	0,140939
3,220000	0,142851
3,230000	0,145401
3,240000	0,140302
3,250000	0,143488
3,260000	0,138390
3,270000	0,139664
3,280000	0,139664
3,290000	0,129466
3,300000	0,140302
3,310000	0,128192
3,320000	0,139027
3,330000	0,144126
3,340000	0,139027
3,350000	0,142214
3,360000	0,136477
3,370000	0,139664
3,380000	0,140939
3,390000	0,137752
3,400000	0,142214
3,410000	0,137115
3,420000	0,140302
3,430000	0,145401
3,440000	0,137752
3,450000	0,136477
3,460000	0,140939
3,470000	0,138390
3,480000	0,133291
3,490000	0,138390
3,500000	0,140939
3,510000	0,146038
3,520000	0,145401
3,530000	0,138390
3,540000	0,139664
3,550000	0,145401
3,560000	0,138390
3,570000	0,136477
3,580000	0,136477
3,590000	0,137752
3,600000	0,146038
3,610000	0,141576
3,620000	0,142214
3,630000	0,140302
3,640000	0,144126
3,650000	0,151137
3,660000	0,140939
3,670000	0,142851
3,680000	0,141576
3,690000	0,139664
3,700000	0,143488
3,710000	0,139027
3,720000	0,143488
3,730000	0,144126
3,740000	0,146675
3,750000	0,137752
3,760000	0,139664
3,770000	0,132653
3,780000	0,142851
3,790000	0,133291
3,800000	0,143488
3,810000	0,139027
3,820000	0,135840
3,830000	0,136477
3,840000	0,143488
3,850000	0,139664
3,860000	0,140939
3,870000	0,132653
3,880000	0,139027
3,890000	0,142851
3,900000	0,142851
3,910000	0,137115
3,920000	0,143488
3,930000	0,140939
3,940000	0,159423
3,950000	0,139027
3,960000	0,146675
3,970000	0,136477
3,980000	0,143488
3,990000	0,139027
4,000000	0,142851
4,010000	0,144126
4,020000	0,143488
4,030000	0,141576
4,040000	0,146038
4,050000	0,139664
4,060000	0,121818
4,070000	0,139027
4,080000	0,142851
4,090000	0,137752
4,100000	0,140302
4,110000	0,148587
4,120000	0,142214
4,130000	0,139664
4,140000	0,142851
4,150000	0,137752
4,160000	0,137752
4,170000	0,140939
4,180000	0,146038
4,190000	0,142851
4,200000	0,144126
4,210000	0,128829
4,220000	0,140939
4,230000	0,154961
4,240000	0,137752
4,250000	0,140302
4,260000	0,141576
4,270000	0,139664
4,280000	0,138390
4,290000	0,140302
4,300000	0,142851
4,310000	0,141576
4,320000	0,142851
4,330000	0,152412
4,340000	0,142214
4,350000	0,138390
4,360000	0,141576
4,370000	0,132016
4,380000	0,141576
4,390000	0,139027
4,400000	0,140302
4,410000	0,139664
4,420000	0,135840
4,430000	0,141576
4,440000	0,142851
4,450000	0,142851
4,460000	0,141576
4,470000	0,145401
4,480000	0,140302
4,490000	0,140302
4,500000	0,140302
4,510000	0,140302
4,520000	0,137752
4,530000	0,142851
4,540000	0,140302
4,550000	0,141576
4,560000	0,143488
4,570000	0,140302
4,580000	0,139664
4,590000	0,138390
4,600000	0,141576
4,610000	0,139027
4,620000	0,141576
4,630000	0,139664
4,640000	0,142851
4,650000	0,144126
4,660000	0,141576
4,670000	0,144763
4,680000	0,139664
4,690000	0,144126
4,700000	0,139664
4,710000	0,143488
4,720000	0,140939
4,730000	0,140302
4,740000	0,142214
4,750000	0,139664
4,760000	0,139664
4,770000	0,140302
4,780000	0,142214
4,790000	0,142851
4,800000	0,140302
4,810000	0,141576
4,820000	0,139664
4,830000	0,140939
4,840000	0,140302
4,850000	0,140302
4,860000	0,140302
4,870000	0,141576
4,880000	0,140939
4,890000	0,137752
4,900000	0,143488
4,910000	0,139664
4,920000	0,142214
4,930000	0,138390
4,940000	0,142851
4,950000	0,140302
4,960000	0,142214
4,970000	0,140939
4,980000	0,141576
4,990000	0,139664
5,000000	0,142214
5,010000	0,142214
5,020000	0,142851
5,030000	0,139664
5,040000	0,139664
5,050000	0,139027
5,060000	0,142214
5,070000	0,137115
5,080000	0,139664
5,090000	0,138390
5,100000	0,144126
5,110000	0,142851
5,120000	0,140302
5,130000	0,139027
5,140000	0,142214
5,150000	0,137752
5,160000	0,143488
5,170000	0,140302
5,180000	0,142851
5,190000	0,140302
5,200000	0,142214
5,210000	0,142851
5,220000	0,139664
5,230000	0,142851
5,240000	0,142851
5,250000	0,139664
5,260000	0,141576
5,270000	0,139664
5,280000	0,141576
5,290000	0,140302
5,300000	0,142851
5,310000	0,138390
5,320000	0,143488
5,330000	0,140302
5,340000	0,144126
5,350000	0,141576
5,360000	0,143488
5,370000	0,140939
5,380000	0,142851
5,390000	0,140939
5,400000	0,145401
5,410000	0,141576
5,420000	0,140939
5,430000	0,140302
5,440000	0,141576
5,450000	0,140302
5,460000	0,142851
5,470000	0,139027
5,480000	0,143488
5,490000	0,142851
5,500000	0,145401
5,510000	0,137752
5,520000	0,145401
5,530000	0,145401
5,540000	0,142851
5,550000	0,147950
5,560000	0,140939
5,570000	0,144126
5,580000	0,142214
5,590000	0,139664
5,600000	0,143488
5,610000	0,137752
5,620000	0,140939
5,630000	0,142214
5,640000	0,142214
5,650000	0,145401
5,660000	0,137752
5,670000	0,143488
5,680000	0,140302
5,690000	0,142214
5,700000	0,139027
5,710000	0,144126
5,720000	0,140939
5,730000	0,144763
5,740000	0,144763
5,750000	0,142851
5,760000	0,140939
5,770000	0,142851
5,780000	0,137752
5,790000	0,141576
5,800000	0,142851
5,810000	0,143488
5,820000	0,142851
5,830000	0,142214
5,840000	0,144126
5,850000	0,145401
5,860000	0,144126
5,870000	0,142851
5,880000	0,142851
5,890000	0,142851
5,900000	0,144763
5,910000	0,146038
5,920000	0,140302
5,930000	0,143488
5,940000	0,141576
5,950000	0,144763
5,960000	0,144763
5,970000	0,145401
5,980000	0,140302
5,990000	0,142851
6,000000	0,142851
6,010000	0,139027
6,020000	0,140939
6,030000	0,138390
6,040000	0,144763
6,050000	0,137752
6,060000	0,141576
6,070000	0,141576
6,080000	0,139664
6,090000	0,140302
6,100000	0,142851
6,110000	0,142214
6,120000	0,140939
6,130000	0,141576
6,140000	0,140302
6,150000	0,141576
6,160000	0,142214
6,170000	0,138390
6,180000	0,140302
6,190000	0,140302
6,200000	0,141576
6,210000	0,140302
6,220000	0,142851
6,230000	0,142214
6,240000	0,142214
6,250000	0,140302
6,260000	0,142851
6,270000	0,137752
6,280000	0,142851
6,290000	0,140939
6,300000	0,141576
6,310000	0,142851
6,320000	0,144763
6,330000	0,141576
6,340000	0,143488
6,350000	0,140302
6,360000	0,142214
6,370000	0,140302
6,380000	0,144763
6,390000	0,139664
6,400000	0,142214
6,410000	0,141576
6,420000	0,142214
6,430000	0,142214
6,440000	0,141576
6,450000	0,140302
6,460000	0,144126
6,470000	0,136477
6,480000	0,142214
6,490000	0,137752
6,500000	0,142214
6,510000	0,140939
6,520000	0,142851
6,530000	0,139664
6,540000	0,137752
6,550000	0,138390
6,560000	0,140302
6,570000	0,142214
6,580000	0,141576
6,590000	0,142851
6,600000	0,141576
6,610000	0,141576
6,620000	0,140302
6,630000	0,140939
6,640000	0,141576
6,650000	0,140302
6,660000	0,140302
6,670000	0,138390
6,680000	0,142851
6,690000	0,140302
6,700000	0,140302
6,710000	0,137115
6,720000	0,140939
6,730000	0,137752
6,740000	0,140939
6,750000	0,141576
6,760000	0,145401
6,770000	0,142851
6,780000	0,142851
6,790000	0,144126
6,800000	0,142851
6,810000	0,145401
6,820000	0,144126
6,830000	0,146675
6,840000	0,140939
6,850000	0,142851
6,860000	0,139664
6,870000	0,141576
6,880000	0,143488
6,890000	0,142851
6,900000	0,135840
6,910000	0,139027
6,920000	0,142214
6,930000	0,141576
6,940000	0,140939
6,950000	0,140939
6,960000	0,144126
6,970000	0,141576
6,980000	0,140302
6,990000	0,143488
7,000000	0,141576
7,010000	0,140939
7,020000	0,142851
7,030000	0,140302
7,040000	0,142851
7,050000	0,141576
7,060000	0,143488
7,070000	0,142851
7,080000	0,140939
7,090000	0,140939
7,100000	0,141576
7,110000	0,144126
7,120000	0,139664
7,130000	0,143488
7,140000	0,143488
7,150000	0,142214
7,160000	0,144763
7,170000	0,145401
7,180000	0,141576
7,190000	0,143488
7,200000	0,144763
7,210000	0,142214
7,220000	0,144763
7,230000	0,140939
7,240000	0,141576
7,250000	0,140939
7,260000	0,142851
7,270000	0,140302
7,280000	0,143488
7,290000	0,141576
7,300000	0,141576
7,310000	0,140302
7,320000	0,142214
7,330000	0,141576
7,340000	0,139664
7,350000	0,141576
7,360000	0,138390
7,370000	0,143488
7,380000	0,140939
7,390000	0,148587
7,400000	0,140302
7,410000	0,142851
7,420000	0,144763
7,430000	0,142214
7,440000	0,141576
7,450000	0,146675
7,460000	0,140302
7,470000	0,142851
7,480000	0,142851
7,490000	0,144126
7,500000	0,142851
7,510000	0,143488
7,520000	0,143488
7,530000	0,140302
7,540000	0,142851
7,550000	0,139664
7,560000	0,142851
7,570000	0,144763
7,580000	0,142851
7,590000	0,143488
7,600000	0,143488
7,610000	0,140939
7,620000	0,142851
7,630000	0,140302
7,640000	0,147313
7,650000	0,142851
7,660000	0,142214
7,670000	0,140939
7,680000	0,143488
7,690000	0,142851
7,700000	0,144763
7,710000	0,142851
7,720000	0,142214
7,730000	0,139027
7,740000	0,140302
7,750000	0,139664
7,760000	0,139027
7,770000	0,137115
7,780000	0,137115
7,790000	0,132016
7,800000	0,129466
7,810000	0,130104
7,820000	0,125005
7,830000	0,123093
7,840000	0,119269
7,850000	0,120543
7,860000	0,120543
7,870000	0,112258
7,880000	0,117356
7,890000	0,112895
7,900000	0,114170
7,910000	0,105884
7,920000	0,105246
7,930000	0,103972
7,940000	0,103972
7,950000	0,102697
7,960000	0,100148
7,970000	0,096961
7,980000	0,097598
7,990000	0,097598
8,000000	0,094411
8,010000	0,092499
8,020000	0,091862
8,030000	0,086763
8,040000	0,089312
8,050000	0,089312
8,060000	0,084213
8,070000	0,084851
8,080000	0,085488
8,090000	0,084213
8,100000	0,081027
8,110000	0,082301
8,120000	0,080389
8,130000	0,079752
8,140000	0,077840
8,150000	0,078477
8,160000	0,075290
8,170000	0,076565
8,180000	0,074016
8,190000	0,074016
8,200000	0,075290
8,210000	0,071466
8,220000	0,068917
8,230000	0,072741
8,240000	0,070829
8,250000	0,070829
8,260000	0,067005
8,270000	0,068917
8,280000	0,068917
8,290000	0,067005
8,300000	0,067005
8,310000	0,067005
8,320000	0,063818
8,330000	0,065730
8,340000	0,065092
8,350000	0,065092
8,360000	0,059994
8,370000	0,063818
8,380000	0,061906
8,390000	0,061268
8,400000	0,061906
8,410000	0,062543
8,420000	0,061906
8,430000	0,060631
8,440000	0,061906
8,450000	0,059356
8,460000	0,060631
8,470000	0,059994
8,480000	0,061268
8,490000	0,059994
8,500000	0,059994
8,510000	0,059994
8,520000	0,058081
8,530000	0,060631
8,540000	0,058719
8,550000	0,056807
8,560000	0,057444
8,570000	0,058719
8,580000	0,059994
8,590000	0,058081
8,600000	0,056169
8,610000	0,056169
8,620000	0,059994
8,630000	0,054895
8,640000	0,054895
8,650000	0,058081
8,660000	0,056169
8,670000	0,056807
8,680000	0,056169
8,690000	0,056169
8,700000	0,056169
8,710000	0,056807
8,720000	0,056169
8,730000	0,056169
8,740000	0,056169
8,750000	0,054257
8,760000	0,053620
8,770000	0,054895
8,780000	0,052345
8,790000	0,055532
8,800000	0,055532
8,810000	0,052982
8,820000	0,054895
8,830000	0,054257
8,840000	0,054257
8,850000	0,052345
8,860000	0,052345
8,870000	0,054895
8,880000	0,055532
8,890000	0,054895
8,900000	0,053620
8,910000	0,056169
8,920000	0,054895
8,930000	0,052345
8,940000	0,054895
8,950000	0,053620
8,960000	0,052345
8,970000	0,051070
8,980000	0,054895
8,990000	0,052345
9,000000	0,051708
9,010000	0,051070
9,020000	0,053620
9,030000	0,051070
9,040000	0,051070
9,050000	0,048521
9,060000	0,048521
9,070000	0,051708
9,080000	0,049796
9,090000	0,055532
9,100000	0,052345
9,110000	0,049796
9,120000	0,050433
9,130000	0,047884
9,140000	0,051070
9,150000	0,049158
9,160000	0,053620
9,170000	0,054895
9,180000	0,049158
9,190000	0,052345
9,200000	0,053620
9,210000	0,051070
9,220000	0,052345
9,230000	0,058719
9,240000	0,050433
9,250000	0,048521
9,260000	0,040873
9,270000	0,051070
9,280000	0,052345
9,290000	0,046609
9,300000	0,050433
9,310000	0,052345
9,320000	0,051708
9,330000	0,068917
9,340000	0,051070
9,350000	0,050433
9,360000	0,067005
9,370000	0,052345
9,380000	0,052345
9,390000	0,048521
9,400000	0,045971
9,410000	0,055532
9,420000	0,052345
9,430000	0,042785
9,440000	0,053620
9,450000	0,054257
9,460000	0,044697
9,470000	0,054895
9,480000	0,054257
9,490000	0,056169
9,500000	0,056807
9,510000	0,054895
9,520000	0,056807
9,530000	0,057444
9,540000	0,060631
9,550000	0,058719
9,560000	0,059994
9,570000	0,058719
9,580000	0,058719
9,590000	0,059994
9,600000	0,060631
9,610000	0,060631
9,620000	0,063180
9,630000	0,063180
9,640000	0,063180
9,650000	0,059994
9,660000	0,066367
9,670000	0,067005
9,680000	0,066367
9,690000	0,065730
9,700000	0,067005
9,710000	0,072741
9,720000	0,069554
9,730000	0,072741
9,740000	0,072103
9,750000	0,074016
9,760000	0,073378
9,770000	0,078477
9,780000	0,081027
9,790000	0,081027
9,800000	0,081664
9,810000	0,074653
9,820000	0,081664
9,830000	0,083576
9,840000	0,085488
9,850000	0,082939
9,860000	0,082939
9,870000	0,096323
9,880000	0,089950
9,890000	0,092499
9,900000	0,091862
9,910000	0,090587
9,920000	0,098873
9,930000	0,096961
9,940000	0,089950
9,950000	0,103334
9,960000	0,095686
9,970000	0,114170
9,980000	0,101422
9,990000	0,108433
10,000000	0,127554
10,010000	0,110983
10,020000	0,117356
10,030000	0,099510
10,040000	0,104609
10,050000	0,116082
10,060000	0,121181
10,070000	0,093774
10,080000	0,116719
10,090000	0,119906
10,100000	0,127554
10,110000	0,114170
10,120000	0,124367
10,130000	0,087400
10,140000	0,085488
10,150000	0,121818
10,160000	0,128192
10,170000	0,096961
10,180000	0,126280
10,190000	0,130104
10,200000	0,076565
10,210000	0,132016
10,220000	0,131379
10,230000	0,068917
10,240000	0,131379
10,250000	0,126280
10,260000	0,145401
10,270000	0,126917
10,280000	0,125005
10,290000	0,130104
10,300000	0,147313
10,310000	0,122455
10,320000	0,127554
10,330000	0,131379
10,340000	0,125005
10,350000	0,126917
10,360000	0,115444
10,370000	0,117994
10,380000	0,117994
10,390000	0,126280
10,400000	0,114170
10,410000	0,112895
10,420000	0,110345
10,430000	0,106521
10,440000	0,109071
10,450000	0,103972
10,460000	0,095686
10,470000	0,098235
10,480000	0,097598
10,490000	0,097598
10,500000	0,091224
10,510000	0,093774
10,520000	0,089950
10,530000	0,089950
10,540000	0,093774
10,550000	0,088675
10,560000	0,086763
10,570000	0,083576
10,580000	0,084213
10,590000	0,088675
10,600000	0,082301
10,610000	0,084851
10,620000	0,072741
10,630000	0,079752
10,640000	0,081027
10,650000	0,074653
10,660000	0,075290
10,670000	0,077202
10,680000	0,074016
10,690000	0,076565
10,700000	0,068917
10,710000	0,072741
10,720000	0,076565
10,730000	0,065092
10,740000	0,068917
10,750000	0,072103
10,760000	0,075928
10,770000	0,063818
10,780000	0,059994
10,790000	0,067642
10,800000	0,070829
10,810000	0,061906
10,820000	0,062543
10,830000	0,061268
10,840000	0,065730
10,850000	0,060631
10,860000	0,056169
10,870000	0,063180
10,880000	0,061906
10,890000	0,063818
10,900000	0,065730
10,910000	0,059994
10,920000	0,063818
10,930000	0,070829
10,940000	0,058081
10,950000	0,064455
10,960000	0,064455
10,970000	0,060631
10,980000	0,058719
10,990000	0,044697
11,000000	0,065092
11,010000	0,056807
11,020000	0,040873
11,030000	0,049796
11,040000	0,057444
11,050000	0,046609
11,060000	0,070191
11,070000	0,055532
11,080000	0,052982
11,090000	0,079114
11,100000	0,055532
11,110000	0,051070
11,120000	0,072103
11,130000	0,043422
11,140000	0,058081
11,150000	0,043422
11,160000	0,052982
11,170000	0,054895
11,180000	0,049796
11,190000	0,053620
11,200000	0,056169
11,210000	0,054895
11,220000	0,055532
11,230000	0,052982
11,240000	0,054257
11,250000	0,051070
11,260000	0,055532
11,270000	0,050433
11,280000	0,053620
11,290000	0,056807
11,300000	0,056169
11,310000	0,053620
11,320000	0,055532
11,330000	0,053620
11,340000	0,051070
11,350000	0,052982
11,360000	0,050433
11,370000	0,052982
11,380000	0,056169
11,390000	0,051070
11,400000	0,056807
11,410000	0,050433
11,420000	0,051708
11,430000	0,055532
11,440000	0,050433
11,450000	0,051070
11,460000	0,055532
11,470000	0,048521
11,480000	0,054257
11,490000	0,051708
11,500000	0,054257
11,510000	0,049796
11,520000	0,048521
11,530000	0,050433
11,540000	0,049796
11,550000	0,049158
11,560000	0,048521
11,570000	0,047884
11,580000	0,053620
11,590000	0,054895
11,600000	0,044059
11,610000	0,056169
11,620000	0,053620
11,630000	0,045971
11,640000	0,056169
11,650000	0,056807
11,660000	0,054257
11,670000	0,045971
11,680000	0,047884
11,690000	0,046609
11,700000	0,051070
11,710000	0,047246
11,720000	0,049158
11,730000	0,051708
11,740000	0,059356
11,750000	0,051070
11,760000	0,052345
11,770000	0,049796
11,780000	0,044059
11,790000	0,052345
11,800000	0,047246
11,810000	0,039598
11,820000	0,047884
11,830000	0,040235
11,840000	0,058081
11,850000	0,052982
11,860000	0,049158
11,870000	0,061268
11,880000	0,045334
11,890000	0,051070
11,900000	0,057444
11,910000	0,049796
11,920000	0,054895
11,930000	0,037686
11,940000	0,055532
11,950000	0,056169
11,960000	0,057444
11,970000	0,030675
11,980000	0,050433
11,990000	0,056807
12,000000	0,061906
12,010000	0,051708
12,020000	0,060631
12,030000	0,071466
12,040000	0,048521
12,050000	0,058719
12,060000	0,065730
12,070000	0,059356
12,080000	0,066367
12,090000	0,058719
12,100000	0,068279
12,110000	0,061906
12,120000	0,071466
12,130000	0,061268
12,140000	0,051708
12,150000	0,064455
12,160000	0,051070
12,170000	0,068279
12,180000	0,051070
12,190000	0,065730
12,200000	0,067005
12,210000	0,069554
12,220000	0,084851
12,230000	0,067642
12,240000	0,088675
12,250000	0,068279
12,260000	0,094411
12,270000	0,071466
12,280000	0,069554
12,290000	0,075290
12,300000	0,068917
12,310000	0,079114
12,320000	0,067005
12,330000	0,074653
12,340000	0,075290
12,350000	0,080389
12,360000	0,089312
12,370000	0,087400
12,380000	0,079752
12,390000	0,081664
12,400000	0,088675
12,410000	0,104609
12,420000	0,099510
12,430000	0,087400
12,440000	0,109708
12,450000	0,097598
12,460000	0,085488
12,470000	0,107159
12,480000	0,097598
12,490000	0,109071
12,500000	0,100785
12,510000	0,100148
12,520000	0,117994
12,530000	0,112258
12,540000	0,104609
12,550000	0,107159
12,560000	0,108433
12,570000	0,112258
12,580000	0,142851
12,590000	0,132653
12,600000	0,112258
12,610000	0,140939
12,620000	0,093774
12,630000	0,121818
12,640000	0,109071
12,650000	0,136477
12,660000	0,121181
12,670000	0,121181
12,680000	0,132653
12,690000	0,135840
12,700000	0,121181
12,710000	0,101422
12,720000	0,139664
12,730000	0,122455
12,740000	0,146038
12,750000	0,112895
12,760000	0,125005
12,770000	0,119906
12,780000	0,181093
12,790000	0,119906
12,800000	0,123730
12,810000	0,153049
12,820000	0,122455
12,830000	0,119269
12,840000	0,126280
12,850000	0,115444
12,860000	0,122455
12,870000	0,097598
12,880000	0,119269
12,890000	0,117994
12,900000	0,114170
12,910000	0,112895
12,920000	0,109708
12,930000	0,111620
12,940000	0,107796
12,950000	0,106521
12,960000	0,107159
12,970000	0,105246
12,980000	0,102697
12,990000	0,099510
13,000000	0,096961
13,010000	0,098873
13,020000	0,093774
13,030000	0,094411
13,040000	0,093137
13,050000	0,091224
13,060000	0,088675
13,070000	0,089950
13,080000	0,088038
13,090000	0,086126
13,100000	0,082301
13,110000	0,081664
13,120000	0,079114
13,130000	0,081027
13,140000	0,078477
13,150000	0,076565
13,160000	0,075928
13,170000	0,083576
13,180000	0,076565
13,190000	0,070829
13,200000	0,071466
13,210000	0,072741
13,220000	0,064455
13,230000	0,075290
13,240000	0,068917
13,250000	0,066367
13,260000	0,073378
13,270000	0,072741
13,280000	0,065092
13,290000	0,065730
13,300000	0,067005
13,310000	0,064455
13,320000	0,065730
13,330000	0,054257
13,340000	0,065092
13,350000	0,062543
13,360000	0,062543
13,370000	0,062543
13,380000	0,061906
13,390000	0,061268
13,400000	0,058719
13,410000	0,061268
13,420000	0,066367
13,430000	0,061906
13,440000	0,059994
13,450000	0,058719
13,460000	0,056807
13,470000	0,059994
13,480000	0,059356
13,490000	0,061268
13,500000	0,058719
13,510000	0,056169
13,520000	0,056169
13,530000	0,058081
13,540000	0,056169
13,550000	0,056169
13,560000	0,058081
13,570000	0,056169
13,580000	0,058081
13,590000	0,055532
13,600000	0,054895
13,610000	0,056807
13,620000	0,055532
13,630000	0,052982
13,640000	0,054257
13,650000	0,051070
13,660000	0,054895
13,670000	0,053620
13,680000	0,054257
13,690000	0,054257
13,700000	0,052982
13,710000	0,052982
13,720000	0,052345
13,730000	0,056807
13,740000	0,056807
13,750000	0,053620
13,760000	0,052982
13,770000	0,051070
13,780000	0,052345
13,790000	0,053620
13,800000	0,052982
13,810000	0,051708
13,820000	0,054895
13,830000	0,053620
13,840000	0,051708
13,850000	0,051708
13,860000	0,051070
13,870000	0,051708
13,880000	0,052345
13,890000	0,052982
13,900000	0,051070
13,910000	0,051708
13,920000	0,052982
13,930000	0,052982
13,940000	0,051708
13,950000	0,049796
13,960000	0,051070
13,970000	0,053620
13,980000	0,048521
13,990000	0,052982
14,000000	0,051708
14,010000	0,052345
14,020000	0,049158
14,030000	0,051070
14,040000	0,048521
14,050000	0,056807
14,060000	0,050433
14,070000	0,051070
14,080000	0,048521
14,090000	0,050433
14,100000	0,049796
14,110000	0,049158
14,120000	0,049796
14,130000	0,049158
14,140000	0,042785
14,150000	0,049158
14,160000	0,049796
14,170000	0,049796
14,180000	0,048521
14,190000	0,049158
14,200000	0,049796
14,210000	0,042785
14,220000	0,048521
14,230000	0,049158
14,240000	0,048521
14,250000	0,049158
14,260000	0,048521
14,270000	0,048521
14,280000	0,048521
14,290000	0,049158
14,300000	0,044059
14,310000	0,050433
14,320000	0,050433
14,330000	0,051070
14,340000	0,047246
14,350000	0,049158
14,360000	0,049158
14,370000	0,052345
14,380000	0,049796
14,390000	0,051070
14,400000	0,051070
14,410000	0,051070
14,420000	0,053620
14,430000	0,052345
14,440000	0,051708
14,450000	0,050433
14,460000	0,051070
14,470000	0,052982
14,480000	0,053620
14,490000	0,052982
14,500000	0,054257
14,510000	0,052982
14,520000	0,054895
14,530000	0,052345
14,540000	0,056169
14,550000	0,056169
14,560000	0,058719
14,570000	0,058081
14,580000	0,058081
14,590000	0,056169
14,600000	0,057444
14,610000	0,061268
14,620000	0,061268
14,630000	0,059356
14,640000	0,061906
14,650000	0,060631
14,660000	0,060631
14,670000	0,064455
14,680000	0,064455
14,690000	0,067642
14,700000	0,066367
14,710000	0,065092
14,720000	0,066367
14,730000	0,067642
14,740000	0,066367
14,750000	0,070191
14,760000	0,068917
14,770000	0,068917
14,780000	0,074016
14,790000	0,072741
14,800000	0,074016
14,810000	0,074016
14,820000	0,081664
14,830000	0,076565
14,840000	0,078477
14,850000	0,081664
14,860000	0,083576
14,870000	0,081664
14,880000	0,085488
14,890000	0,085488
14,900000	0,089950
14,910000	0,092499
14,920000	0,092499
14,930000	0,092499
14,940000	0,093774
14,950000	0,096961
14,960000	0,096323
14,970000	0,096961
14,980000	0,098873
14,990000	0,104609
15,000000	0,102697
15,010000	0,105884
15,020000	0,106521
15,030000	0,107159
15,040000	0,105246
15,050000	0,111620
15,060000	0,112258
15,070000	0,110983
15,080000	0,112895
15,090000	0,112258
15,100000	0,114170
15,110000	0,118631
15,120000	0,118631
15,130000	0,117994
15,140000	0,117356
15,150000	0,121181
15,160000	0,121181
15,170000	0,122455
15,180000	0,121818
15,190000	0,121181
15,200000	0,121181
15,210000	0,123093
15,220000	0,123730
15,230000	0,125642
15,240000	0,125642
15,250000	0,125642
15,260000	0,124367
15,270000	0,126280
15,280000	0,123093
15,290000	0,125642
15,300000	0,114170
15,310000	0,123730
15,320000	0,121818
15,330000	0,125005
15,340000	0,125005
15,350000	0,118631
15,360000	0,123093
15,370000	0,130104
15,380000	0,119269
15,390000	0,116719
15,400000	0,121181
15,410000	0,115444
15,420000	0,114170
15,430000	0,114807
15,440000	0,111620
15,450000	0,112895
15,460000	0,109708
15,470000	0,106521
15,480000	0,102060
15,490000	0,103972
15,500000	0,099510
15,510000	0,098873
15,520000	0,096961
15,530000	0,088038
15,540000	0,093774
15,550000	0,093774
15,560000	0,091862
15,570000	0,090587
15,580000	0,087400
15,590000	0,088038
15,600000	0,083576
15,610000	0,084213
15,620000	0,079752
15,630000	0,081664
15,640000	0,079114
15,650000	0,078477
15,660000	0,078477
15,670000	0,077202
15,680000	0,076565
15,690000	0,082301
15,700000	0,073378
15,710000	0,071466
15,720000	0,070829
15,730000	0,071466
15,740000	0,068917
15,750000	0,071466
15,760000	0,068917
15,770000	0,069554
15,780000	0,068917
15,790000	0,067642
15,800000	0,065092
15,810000	0,065730
15,820000	0,062543
15,830000	0,066367
15,840000	0,063180
15,850000	0,063180
15,860000	0,063818
15,870000	0,063818
15,880000	0,058081
15,890000	0,061268
15,900000	0,061268
15,910000	0,062543
15,920000	0,058719
15,930000	0,059356
15,940000	0,059356
15,950000	0,061268
15,960000	0,058719
15,970000	0,059994
15,980000	0,058719
15,990000	0,058081
16,000000	0,056807
16,010000	0,058719
16,020000	0,056169
16,030000	0,058719
16,040000	0,056169
16,050000	0,056169
16,060000	0,058081
16,070000	0,057444
16,080000	0,057444
16,090000	0,056807
16,100000	0,054895
16,110000	0,053620
16,120000	0,054895
16,130000	0,054895
16,140000	0,052345
16,150000	0,053620
16,160000	0,054257
16,170000	0,055532
16,180000	0,054895
16,190000	0,054895
16,200000	0,053620
16,210000	0,053620
16,220000	0,054257
16,230000	0,051708
16,240000	0,053620
16,250000	0,053620
16,260000	0,052982
16,270000	0,054895
16,280000	0,051070
16,290000	0,054257
16,300000	0,051070
16,310000	0,052982
16,320000	0,052345
16,330000	0,051708
16,340000	0,053620
16,350000	0,051070
16,360000	0,051708
16,370000	0,052982
16,380000	0,051708
16,390000	0,051070
16,400000	0,050433
16,410000	0,051708
16,420000	0,054257
16,430000	0,051070
16,440000	0,049796
16,450000	0,050433
16,460000	0,051708
16,470000	0,051070
16,480000	0,053620
16,490000	0,053620
16,500000	0,051070
16,510000	0,052345
16,520000	0,049796
16,530000	0,051708
16,540000	0,050433
16,550000	0,050433
16,560000	0,049796
16,570000	0,051070
16,580000	0,049796
16,590000	0,051070
16,600000	0,051070
16,610000	0,050433
16,620000	0,049796
16,630000	0,049158
16,640000	0,047246
16,650000	0,047884
16,660000	0,047884
16,670000	0,050433
16,680000	0,048521
16,690000	0,048521
16,700000	0,049158
16,710000	0,049796
16,720000	0,047246
16,730000	0,047884
16,740000	0,049158
16,750000	0,048521
16,760000	0,047884
16,770000	0,049158
16,780000	0,049796
16,790000	0,049158
16,800000	0,050433
16,810000	0,047884
16,820000	0,049796
16,830000	0,049796
16,840000	0,050433
16,850000	0,050433
16,860000	0,047246
16,870000	0,049796
16,880000	0,048521
16,890000	0,048521
16,900000	0,050433
16,910000	0,050433
16,920000	0,051708
16,930000	0,051070
16,940000	0,052345
16,950000	0,052982
16,960000	0,051070
16,970000	0,050433
16,980000	0,053620
16,990000	0,052982
17,000000	0,053620
17,010000	0,053620
17,020000	0,054257
17,030000	0,056169
17,040000	0,055532
17,050000	0,055532
17,060000	0,054895
17,070000	0,054895
17,080000	0,059356
17,090000	0,056169
17,100000	0,058081
17,110000	0,058081
17,120000	0,060631
17,130000	0,059356
17,140000	0,058081
17,150000	0,059356
17,160000	0,060631
17,170000	0,061268
17,180000	0,061906
17,190000	0,065092
17,200000	0,065092
17,210000	0,065730
17,220000	0,065092
17,230000	0,067005
17,240000	0,067642
17,250000	0,070191
17,260000	0,071466
17,270000	0,072103
17,280000	0,072103
17,290000	0,075928
17,300000	0,075290
17,310000	0,076565
17,320000	0,076565
17,330000	0,078477
17,340000	0,077202
17,350000	0,080389
17,360000	0,078477
17,370000	0,081664
17,380000	0,083576
17,390000	0,086126
17,400000	0,087400
17,410000	0,090587
17,420000	0,091862
17,430000	0,091862
17,440000	0,093774
17,450000	0,095049
17,460000	0,097598
17,470000	0,100785
17,480000	0,102697
17,490000	0,104609
17,500000	0,104609
17,510000	0,108433
17,520000	0,109708
17,530000	0,110345
17,540000	0,105884
17,550000	0,113532
17,560000	0,107159
17,570000	0,113532
17,580000	0,109071
17,590000	0,114807
17,600000	0,112895
17,610000	0,116719
17,620000	0,116082
17,630000	0,117994
17,640000	0,117994
17,650000	0,117356
17,660000	0,121181
17,670000	0,119906
17,680000	0,124367
17,690000	0,121818
17,700000	0,125642
17,710000	0,121818
17,720000	0,121818
17,730000	0,121181
17,740000	0,125005
17,750000	0,122455
17,760000	0,126280
17,770000	0,123730
17,780000	0,125005
17,790000	0,124367
17,800000	0,122455
17,810000	0,125642
17,820000	0,124367
17,830000	0,124367
17,840000	0,123730
17,850000	0,125005
17,860000	0,121818
17,870000	0,122455
17,880000	0,122455
17,890000	0,122455
17,900000	0,121181
17,910000	0,119269
17,920000	0,115444
17,930000	0,115444
17,940000	0,114170
17,950000	0,112258
17,960000	0,112895
17,970000	0,110983
17,980000	0,107159
17,990000	0,104609
18,000000	0,105884
18,010000	0,098873
18,020000	0,100785
18,030000	0,099510
18,040000	0,097598
18,050000	0,093774
18,060000	0,095049
18,070000	0,091224
18,080000	0,090587
18,090000	0,088675
18,100000	0,086763
18,110000	0,084851
18,120000	0,084851
18,130000	0,084851
18,140000	0,083576
18,150000	0,080389
18,160000	0,079752
18,170000	0,079114
18,180000	0,077202
18,190000	0,076565
18,200000	0,077202
18,210000	0,076565
18,220000	0,073378
18,230000	0,072103
18,240000	0,071466
18,250000	0,070829
18,260000	0,067005
18,270000	0,067642
18,280000	0,067642
18,290000	0,067642
18,300000	0,066367
18,310000	0,066367
18,320000	0,067005
18,330000	0,065092
18,340000	0,065730
18,350000	0,061906
18,360000	0,063180
18,370000	0,063180
18,380000	0,063818
18,390000	0,063180
18,400000	0,061906
18,410000	0,061268
18,420000	0,061268
18,430000	0,063818
18,440000	0,060631
18,450000	0,059994
18,460000	0,060631
18,470000	0,060631
18,480000	0,058719
18,490000	0,058719
18,500000	0,056169
18,510000	0,056169
18,520000	0,056169
18,530000	0,054257
18,540000	0,056807
18,550000	0,054895
18,560000	0,056169
18,570000	0,055532
18,580000	0,055532
18,590000	0,054895
18,600000	0,056169
18,610000	0,053620
18,620000	0,052982
18,630000	0,052982
18,640000	0,052982
18,650000	0,052982
18,660000	0,051070
18,670000	0,053620
18,680000	0,051070
18,690000	0,054257
18,700000	0,053620
18,710000	0,051070
18,720000	0,051708
18,730000	0,051708
18,740000	0,052982
18,750000	0,052345
18,760000	0,051070
18,770000	0,052345
18,780000	0,051708
18,790000	0,052982
18,800000	0,053620
18,810000	0,051070
18,820000	0,051708
18,830000	0,051708
18,840000	0,049796
18,850000	0,051070
18,860000	0,049796
18,870000	0,050433
18,880000	0,049796
18,890000	0,050433
18,900000	0,051070
18,910000	0,051708
18,920000	0,051708
18,930000	0,050433
18,940000	0,050433
18,950000	0,051070
18,960000	0,051708
18,970000	0,050433
18,980000	0,049796
18,990000	0,047884
19,000000	0,051708
19,010000	0,051070
19,020000	0,051070
19,030000	0,050433
19,040000	0,050433
19,050000	0,051708
19,060000	0,049158
19,070000	0,050433
19,080000	0,049158
19,090000	0,051070
19,100000	0,047884
19,110000	0,049158
19,120000	0,050433
19,130000	0,051070
19,140000	0,050433
19,150000	0,051070
19,160000	0,049158
19,170000	0,048521
19,180000	0,046609
19,190000	0,047246
19,200000	0,048521
19,210000	0,051070
19,220000	0,048521
19,230000	0,047884
19,240000	0,048521
19,250000	0,050433
19,260000	0,048521
19,270000	0,048521
19,280000	0,048521
19,290000	0,050433
19,300000	0,048521
19,310000	0,047246
19,320000	0,048521
19,330000	0,049158
19,340000	0,049796
19,350000	0,051070
19,360000	0,051708
19,370000	0,051708
19,380000	0,051070
19,390000	0,051070
19,400000	0,051708
19,410000	0,050433
19,420000	0,049796
19,430000	0,053620
19,440000	0,053620
19,450000	0,052982
19,460000	0,054257
19,470000	0,054257
19,480000	0,054257
19,490000	0,053620
19,500000	0,052345
19,510000	0,054257
19,520000	0,054257
19,530000	0,055532
19,540000	0,054257
19,550000	0,058081
19,560000	0,058081
19,570000	0,056807
19,580000	0,054895
19,590000	0,055532
19,600000	0,056807
19,610000	0,056807
19,620000	0,058719
19,630000	0,059356
19,640000	0,060631
19,650000	0,059356
19,660000	0,063180
19,670000	0,063180
19,680000	0,062543
19,690000	0,063180
19,700000	0,065730
19,710000	0,065092
19,720000	0,067642
19,730000	0,062543
19,740000	0,066367
19,750000	0,065730
19,760000	0,069554
19,770000	0,068279
19,780000	0,072103
19,790000	0,070191
19,800000	0,073378
19,810000	0,075290
19,820000	0,075928
19,830000	0,078477
19,840000	0,081027
19,850000	0,081027
19,860000	0,079752
19,870000	0,081027
19,880000	0,081664
19,890000	0,082301
19,900000	0,086763
19,910000	0,084213
19,920000	0,089312
19,930000	0,089312
19,940000	0,093774
19,950000	0,093137
19,960000	0,097598
19,970000	0,097598
19,980000	0,097598
19,990000	0,097598
20,000000	0,099510
20,010000	0,105884
20,020000	0,106521
20,030000	0,103972
20,040000	0,105884
20,050000	0,106521
20,060000	0,109708
20,070000	0,112258
20,080000	0,113532
20,090000	0,114807
20,100000	0,114807
20,110000	0,118631
20,120000	0,116082
20,130000	0,119906
20,140000	0,115444
20,150000	0,119906
20,160000	0,117356
20,170000	0,123730
20,180000	0,116082
20,190000	0,123093
20,200000	0,121181
20,210000	0,121818
20,220000	0,117994
20,230000	0,122455
20,240000	0,122455
20,250000	0,122455
20,260000	0,119906
20,270000	0,118631
20,280000	0,119269
20,290000	0,123730
20,300000	0,115444
20,310000	0,123730
20,320000	0,122455
20,330000	0,108433
20,340000	0,119906
20,350000	0,121181
20,360000	0,130104
20,370000	0,109708
20,380000	0,119906
20,390000	0,103972
20,400000	0,133291
20,410000	0,117356
20,420000	0,112258
20,430000	0,111620
20,440000	0,119269
20,450000	0,114170
20,460000	0,100148
20,470000	0,106521
20,480000	0,107796
20,490000	0,098235
20,500000	0,105884
20,510000	0,103972
20,520000	0,076565
20,530000	0,103972
20,540000	0,101422
20,550000	0,110983
20,560000	0,095686
20,570000	0,091862
20,580000	0,092499
20,590000	0,091862
20,600000	0,086763
20,610000	0,088675
20,620000	0,091224
20,630000	0,088038
20,640000	0,086126
20,650000	0,081027
20,660000	0,081664
20,670000	0,076565
20,680000	0,078477
20,690000	0,075290
20,700000	0,078477
20,710000	0,073378
20,720000	0,073378
20,730000	0,070191
20,740000	0,070829
20,750000	0,070829
20,760000	0,070829
20,770000	0,072103
20,780000	0,066367
20,790000	0,070191
20,800000	0,065092
20,810000	0,068279
20,820000	0,063180
20,830000	0,066367
20,840000	0,067642
20,850000	0,062543
20,860000	0,058719
20,870000	0,062543
20,880000	0,059356
20,890000	0,061268
20,900000	0,062543
20,910000	0,061268
20,920000	0,063180
20,930000	0,056807
20,940000	0,058081
20,950000	0,063180
20,960000	0,058081
20,970000	0,065092
20,980000	0,056169
20,990000	0,056807
21,000000	0,061268
21,010000	0,055532
21,020000	0,051070
21,030000	0,060631
21,040000	0,057444
21,050000	0,051708
21,060000	0,055532
21,070000	0,055532
21,080000	0,056807
21,090000	0,057444
21,100000	0,050433
21,110000	0,056169
21,120000	0,051708
21,130000	0,052982
21,140000	0,045334
21,150000	0,050433
21,160000	0,052982
21,170000	0,051070
21,180000	0,056169
21,190000	0,051070
21,200000	0,051070
21,210000	0,052982
21,220000	0,052345
21,230000	0,055532
21,240000	0,060631
21,250000	0,052982
21,260000	0,052345
21,270000	0,046609
21,280000	0,048521
21,290000	0,051708
21,300000	0,061268
21,310000	0,058081
21,320000	0,052982
21,330000	0,049158
21,340000	0,059994
21,350000	0,051070
21,360000	0,049796
21,370000	0,060631
21,380000	0,050433
21,390000	0,052345
21,400000	0,058719
21,410000	0,050433
21,420000	0,049796
21,430000	0,042147
21,440000	0,050433
21,450000	0,052982
21,460000	0,051070
21,470000	0,048521
21,480000	0,051070
21,490000	0,051070
21,500000	0,048521
21,510000	0,052345
21,520000	0,051070
21,530000	0,051708
21,540000	0,052982
21,550000	0,049796
21,560000	0,051070
21,570000	0,052982
21,580000	0,051070
21,590000	0,049158
21,600000	0,049796
21,610000	0,052345
21,620000	0,049796
21,630000	0,047884
21,640000	0,051070
21,650000	0,051070
21,660000	0,052345
21,670000	0,049158
21,680000	0,047246
21,690000	0,052345
21,700000	0,047246
21,710000	0,050433
21,720000	0,050433
21,730000	0,049158
21,740000	0,051070
21,750000	0,049158
21,760000	0,048521
21,770000	0,047884
21,780000	0,052345
21,790000	0,047884
21,800000	0,045971
21,810000	0,049158
21,820000	0,053620
21,830000	0,048521
21,840000	0,045971
21,850000	0,051070
21,860000	0,049158
21,870000	0,052982
21,880000	0,051070
21,890000	0,041510
21,900000	0,047246
21,910000	0,048521
21,920000	0,048521
21,930000	0,045971
21,940000	0,052345
21,950000	0,051708
21,960000	0,050433
21,970000	0,051070
21,980000	0,048521
21,990000	0,057444
22,000000	0,050433
22,010000	0,062543
22,020000	0,054257
22,030000	0,056169
22,040000	0,065730
22,050000	0,056169
22,060000	0,057444
22,070000	0,068917
22,080000	0,055532
22,090000	0,058719
22,100000	0,044059
22,110000	0,049158
22,120000	0,058081
22,130000	0,049796
22,140000	0,070829
22,150000	0,061906
22,160000	0,061906
22,170000	0,071466
22,180000	0,063180
22,190000	0,063818
22,200000	0,072103
22,210000	0,065092
22,220000	0,064455
22,230000	0,042147
22,240000	0,070191
22,250000	0,075290
22,260000	0,069554
22,270000	0,059356
22,280000	0,070191
22,290000	0,082939
22,300000	0,052982
22,310000	0,082301
22,320000	0,074016
22,330000	0,093774
22,340000	0,077202
22,350000	0,073378
22,360000	0,079114
22,370000	0,098235
22,380000	0,081027
22,390000	0,078477
22,400000	0,084213
22,410000	0,084213
22,420000	0,088675
22,430000	0,082301
22,440000	0,094411
22,450000	0,088675
22,460000	0,093774
22,470000	0,095686
22,480000	0,095049
22,490000	0,102060
22,500000	0,095686
22,510000	0,105246
22,520000	0,103972
22,530000	0,098235
22,540000	0,103972
22,550000	0,112258
22,560000	0,105884
22,570000	0,111620
22,580000	0,109708
22,590000	0,112258
22,600000	0,118631
22,610000	0,105246
22,620000	0,117994
22,630000	0,104609
22,640000	0,116082
22,650000	0,114807
22,660000	0,115444
22,670000	0,117994
22,680000	0,119269
22,690000	0,114170
22,700000	0,111620
22,710000	0,117356
22,720000	0,114807
22,730000	0,124367
22,740000	0,127554
22,750000	0,096323
22,760000	0,118631
22,770000	0,122455
22,780000	0,119906
22,790000	0,126917
22,800000	0,114170
22,810000	0,130104
22,820000	0,126280
22,830000	0,119906
22,840000	0,122455
22,850000	0,127554
22,860000	0,118631
22,870000	0,121181
22,880000	0,107159
22,890000	0,123093
22,900000	0,119906
22,910000	0,100785
22,920000	0,123093
22,930000	0,116719
22,940000	0,112258
22,950000	0,136477
22,960000	0,114170
22,970000	0,107796
22,980000	0,140939
22,990000	0,097598
23,000000	0,106521
23,010000	0,092499
23,020000	0,075928
23,030000	0,100785
23,040000	0,097598
23,050000	0,068279
23,060000	0,106521
23,070000	0,095686
23,080000	0,125005
23,090000	0,083576
23,100000	0,086763
23,110000	0,086126
23,120000	0,130104
23,130000	0,088038
23,140000	0,084851
23,150000	0,070829
23,160000	0,081027
23,170000	0,081664
23,180000	0,079114
23,190000	0,063818
23,200000	0,077202
23,210000	0,074653
23,220000	0,071466
23,230000	0,070191
23,240000	0,072741
23,250000	0,073378
23,260000	0,071466
23,270000	0,067642
23,280000	0,069554
23,290000	0,068279
23,300000	0,068917
23,310000	0,067005
23,320000	0,063818
23,330000	0,066367
23,340000	0,066367
23,350000	0,061268
23,360000	0,065092
23,370000	0,061268
23,380000	0,063818
23,390000	0,064455
23,400000	0,059994
23,410000	0,060631
23,420000	0,061268
23,430000	0,058719
23,440000	0,061906
23,450000	0,058719
23,460000	0,059356
23,470000	0,059994
23,480000	0,058719
23,490000	0,060631
23,500000	0,057444
23,510000	0,055532
23,520000	0,059356
23,530000	0,058081
23,540000	0,053620
23,550000	0,052982
23,560000	0,058081
23,570000	0,056169
23,580000	0,056169
23,590000	0,053620
23,600000	0,058719
23,610000	0,056807
23,620000	0,052345
23,630000	0,056807
23,640000	0,055532
23,650000	0,058081
23,660000	0,051708
23,670000	0,058719
23,680000	0,052982
23,690000	0,056807
23,700000	0,054895
23,710000	0,058081
23,720000	0,054895
23,730000	0,045334
23,740000	0,052982
23,750000	0,051070
23,760000	0,051708
23,770000	0,049158
23,780000	0,052345
23,790000	0,053620
23,800000	0,046609
23,810000	0,051070
23,820000	0,052982
23,830000	0,046609
23,840000	0,058081
23,850000	0,052345
23,860000	0,051708
23,870000	0,056169
23,880000	0,050433
23,890000	0,052345
23,900000	0,044697
23,910000	0,052345
23,920000	0,052982
23,930000	0,051070
23,940000	0,037686
23,950000	0,052345
23,960000	0,052345
23,970000	0,051070
23,980000	0,052982
23,990000	0,051070
24,000000	0,053620
24,010000	0,050433
24,020000	0,051708
24,030000	0,051070
24,040000	0,049796
24,050000	0,051070
24,060000	0,050433
24,070000	0,051070
24,080000	0,051070
24,090000	0,050433
24,100000	0,051070
24,110000	0,049158
24,120000	0,049796
24,130000	0,050433
24,140000	0,049158
24,150000	0,049796
24,160000	0,051070
24,170000	0,049796
24,180000	0,049158
24,190000	0,049796
24,200000	0,049796
24,210000	0,049796
24,220000	0,049796
24,230000	0,047246
24,240000	0,048521
24,250000	0,047884
24,260000	0,050433
24,270000	0,049796
24,280000	0,050433
24,290000	0,048521
24,300000	0,049158
24,310000	0,049796
24,320000	0,050433
24,330000	0,051708
24,340000	0,048521
24,350000	0,049158
24,360000	0,049796
24,370000	0,050433
24,380000	0,049796
24,390000	0,051070
24,400000	0,047884
24,410000	0,051070
24,420000	0,051070
24,430000	0,050433
24,440000	0,049796
24,450000	0,051070
24,460000	0,051070
24,470000	0,052982
24,480000	0,050433
24,490000	0,052345
24,500000	0,052982
24,510000	0,051070
24,520000	0,051708
24,530000	0,054257
24,540000	0,054257
24,550000	0,053620
24,560000	0,052982
24,570000	0,054895
24,580000	0,056169
24,590000	0,055532
24,600000	0,056169
24,610000	0,056169
24,620000	0,058719
24,630000	0,055532
24,640000	0,056169
24,650000	0,056807
24,660000	0,059994
24,670000	0,058081
24,680000	0,062543
24,690000	0,059994
24,700000	0,059994
24,710000	0,063818
24,720000	0,063180
24,730000	0,061906
24,740000	0,066367
24,750000	0,065730
24,760000	0,067005
24,770000	0,068279
24,780000	0,066367
24,790000	0,068917
24,800000	0,070829
24,810000	0,073378
24,820000	0,072741
24,830000	0,074653
24,840000	0,074653
24,850000	0,076565
24,860000	0,076565
24,870000	0,079752
24,880000	0,081664
24,890000	0,081664
24,900000	0,081027
24,910000	0,086763
24,920000	0,081664
24,930000	0,089312
24,940000	0,088675
24,950000	0,091224
24,960000	0,092499
24,970000	0,090587
24,980000	0,093774
24,990000	0,096961
25,000000	0,099510
25,010000	0,100785
25,020000	0,102060
25,030000	0,102060
25,040000	0,103972
25,050000	0,105246
25,060000	0,107159
25,070000	0,107159
25,080000	0,105884
25,090000	0,106521
25,100000	0,110345
25,110000	0,110345
25,120000	0,112258
25,130000	0,109708
25,140000	0,115444
25,150000	0,113532
25,160000	0,112258
25,170000	0,112895
25,180000	0,114807
25,190000	0,117356
25,200000	0,114170
25,210000	0,117994
25,220000	0,119906
25,230000	0,119269
25,240000	0,116082
25,250000	0,119269
25,260000	0,121181
25,270000	0,117994
25,280000	0,122455
25,290000	0,118631
25,300000	0,120543
25,310000	0,118631
25,320000	0,122455
25,330000	0,120543
25,340000	0,119269
25,350000	0,121818
25,360000	0,122455
25,370000	0,121181
25,380000	0,119906
25,390000	0,122455
25,400000	0,118631
25,410000	0,121818
25,420000	0,119269
25,430000	0,116719
25,440000	0,117356
25,450000	0,118631
25,460000	0,116719
25,470000	0,112895
25,480000	0,112258
25,490000	0,107796
25,500000	0,108433
25,510000	0,107796
25,520000	0,105884
25,530000	0,104609
25,540000	0,101422
25,550000	0,099510
25,560000	0,099510
25,570000	0,095686
25,580000	0,093137
25,590000	0,093137
25,600000	0,091862
25,610000	0,091224
25,620000	0,089312
25,630000	0,085488
25,640000	0,085488
25,650000	0,084851
25,660000	0,084851
25,670000	0,083576
25,680000	0,078477
25,690000	0,081664
25,700000	0,075928
25,710000	0,077840
25,720000	0,076565
25,730000	0,077840
25,740000	0,073378
25,750000	0,074016
25,760000	0,072103
25,770000	0,072741
25,780000	0,069554
25,790000	0,069554
25,800000	0,070829
25,810000	0,068917
25,820000	0,066367
25,830000	0,067642
25,840000	0,065730
25,850000	0,067005
25,860000	0,063818
25,870000	0,065730
25,880000	0,065092
25,890000	0,063818
25,900000	0,061906
25,910000	0,062543
25,920000	0,063180
25,930000	0,060631
25,940000	0,063180
25,950000	0,059994
25,960000	0,061906
25,970000	0,061268
25,980000	0,059994
25,990000	0,057444
26,000000	0,060631
26,010000	0,056169
26,020000	0,058081
26,030000	0,057444
26,040000	0,059994
26,050000	0,056169
26,060000	0,057444
26,070000	0,054257
26,080000	0,058081
26,090000	0,056807
26,100000	0,056169
26,110000	0,051708
26,120000	0,058719
26,130000	0,052345
26,140000	0,055532
26,150000	0,055532
26,160000	0,052982
26,170000	0,054895
26,180000	0,054257
26,190000	0,052982
26,200000	0,051070
26,210000	0,054895
26,220000	0,052982
26,230000	0,054257
26,240000	0,054257
26,250000	0,054257
26,260000	0,052345
26,270000	0,052982
26,280000	0,052982
26,290000	0,054257
26,300000	0,051070
26,310000	0,053620
26,320000	0,051708
26,330000	0,051708
26,340000	0,052345
26,350000	0,051708
26,360000	0,052982
26,370000	0,050433
26,380000	0,050433
26,390000	0,051708
26,400000	0,051070
26,410000	0,051070
26,420000	0,052345
26,430000	0,052982
26,440000	0,049158
26,450000	0,050433
26,460000	0,051070
26,470000	0,052982
26,480000	0,051070
26,490000	0,052982
26,500000	0,050433
26,510000	0,053620
26,520000	0,049158
26,530000	0,051070
26,540000	0,051070
26,550000	0,048521
26,560000	0,051070
26,570000	0,051070
26,580000	0,052345
26,590000	0,049158
26,600000	0,051070
26,610000	0,049158
26,620000	0,051070
26,630000	0,049796
26,640000	0,048521
26,650000	0,049796
26,660000	0,048521
26,670000	0,047246
26,680000	0,049158
26,690000	0,047884
26,700000	0,047884
26,710000	0,045971
26,720000	0,047884
26,730000	0,048521
26,740000	0,047884
26,750000	0,047246
26,760000	0,050433
26,770000	0,047246
26,780000	0,047884
26,790000	0,049796
26,800000	0,047246
26,810000	0,046609
26,820000	0,048521
26,830000	0,047246
26,840000	0,049158
26,850000	0,048521
26,860000	0,050433
26,870000	0,049796
26,880000	0,050433
26,890000	0,048521
26,900000	0,049796
26,910000	0,047884
26,920000	0,049158
26,930000	0,048521
26,940000	0,049796
26,950000	0,047246
26,960000	0,052345
26,970000	0,052982
26,980000	0,049796
26,990000	0,051070
27,000000	0,052345
27,010000	0,051070
27,020000	0,051070
27,030000	0,052982
27,040000	0,051708
27,050000	0,054257
27,060000	0,052982
27,070000	0,054257
27,080000	0,056169
27,090000	0,052982
27,100000	0,053620
27,110000	0,054257
27,120000	0,054895
27,130000	0,058719
27,140000	0,056169
27,150000	0,058719
27,160000	0,058081
27,170000	0,059994
27,180000	0,058719
27,190000	0,062543
27,200000	0,061268
27,210000	0,063818
27,220000	0,063818
27,230000	0,061268
27,240000	0,063818
27,250000	0,065730
27,260000	0,066367
27,270000	0,065092
27,280000	0,068917
27,290000	0,066367
27,300000	0,068917
27,310000	0,072741
27,320000	0,071466
27,330000	0,070829
27,340000	0,074653
27,350000	0,074016
27,360000	0,077202
27,370000	0,075928
27,380000	0,080389
27,390000	0,077840
27,400000	0,079114
27,410000	0,083576
27,420000	0,085488
27,430000	0,082939
27,440000	0,086126
27,450000	0,086763
27,460000	0,091224
27,470000	0,093137
27,480000	0,093774
27,490000	0,093137
27,500000	0,096961
27,510000	0,097598
27,520000	0,101422
27,530000	0,098235
27,540000	0,105246
27,550000	0,102060
27,560000	0,105884
27,570000	0,103972
27,580000	0,107159
27,590000	0,109071
27,600000	0,108433
27,610000	0,107159
27,620000	0,110983
27,630000	0,110345
27,640000	0,114807
27,650000	0,112258
27,660000	0,114170
27,670000	0,114170
27,680000	0,117356
27,690000	0,116082
27,700000	0,117356
27,710000	0,117356
27,720000	0,119269
27,730000	0,117356
27,740000	0,119269
27,750000	0,118631
27,760000	0,119269
27,770000	0,119906
27,780000	0,122455
27,790000	0,119906
27,800000	0,122455
27,810000	0,121818
27,820000	0,122455
27,830000	0,122455
27,840000	0,122455
27,850000	0,123093
27,860000	0,123093
27,870000	0,121181
27,880000	0,123093
27,890000	0,121181
27,900000	0,123093
27,910000	0,121818
27,920000	0,121181
27,930000	0,119906
27,940000	0,120543
27,950000	0,115444
27,960000	0,117994
27,970000	0,115444
27,980000	0,114807
27,990000	0,113532
28,000000	0,113532
28,010000	0,108433
28,020000	0,109708
28,030000	0,105884
28,040000	0,102697
28,050000	0,102697
28,060000	0,102060
28,070000	0,098235
28,080000	0,095686
28,090000	0,092499
28,100000	0,093137
28,110000	0,091224
28,120000	0,090587
28,130000	0,091862
28,140000	0,088675
28,150000	0,086126
28,160000	0,086126
28,170000	0,082301
28,180000	0,083576
28,190000	0,079114
28,200000	0,079752
28,210000	0,078477
28,220000	0,078477
28,230000	0,074653
28,240000	0,075290
28,250000	0,074016
28,260000	0,075928
28,270000	0,072741
28,280000	0,073378
28,290000	0,072741
28,300000	0,069554
28,310000	0,068917
28,320000	0,068279
28,330000	0,067005
28,340000	0,069554
28,350000	0,065092
28,360000	0,065730
28,370000	0,065730
28,380000	0,065730
28,390000	0,065730
28,400000	0,065092
28,410000	0,061906
28,420000	0,061906
28,430000	0,061906
28,440000	0,062543
28,450000	0,060631
28,460000	0,061268
28,470000	0,058719
28,480000	0,058719
28,490000	0,058719
28,500000	0,059356
28,510000	0,055532
28,520000	0,058081
28,530000	0,056169
28,540000	0,059356
28,550000	0,056169
28,560000	0,053620
28,570000	0,055532
28,580000	0,056169
28,590000	0,056169
28,600000	0,055532
28,610000	0,056169
28,620000	0,055532
28,630000	0,054895
28,640000	0,054895
28,650000	0,052982
28,660000	0,056169
28,670000	0,052982
28,680000	0,053620
28,690000	0,054257
28,700000	0,053620
28,710000	0,052982
28,720000	0,051070
28,730000	0,053620
28,740000	0,054257
28,750000	0,050433
28,760000	0,054257
28,770000	0,049796
28,780000	0,053620
28,790000	0,051070
28,800000	0,052982
28,810000	0,050433
28,820000	0,052982
28,830000	0,052345
28,840000	0,051708
28,850000	0,050433
28,860000	0,052982
28,870000	0,051070
28,880000	0,052982
28,890000	0,051070
28,900000	0,052982
28,910000	0,049158
28,920000	0,051070
28,930000	0,052345
28,940000	0,051070
28,950000	0,050433
28,960000	0,051070
28,970000	0,051070
28,980000	0,049796
28,990000	0,049796
29,000000	0,051070
29,010000	0,050433
29,020000	0,052345
29,030000	0,051070
29,040000	0,051070
29,050000	0,049796
29,060000	0,051708
29,070000	0,051070
29,080000	0,048521
29,090000	0,049158
29,100000	0,049158
29,110000	0,050433
29,120000	0,049158
29,130000	0,047884
29,140000	0,048521
29,150000	0,051070
29,160000	0,047246
29,170000	0,047884
29,180000	0,047246
29,190000	0,049158
29,200000	0,047246
29,210000	0,047884
29,220000	0,049158
29,230000	0,048521
29,240000	0,048521
29,250000	0,049158
29,260000	0,049796
29,270000	0,047884
29,280000	0,048521
29,290000	0,047884
29,300000	0,047246
29,310000	0,048521
29,320000	0,050433
29,330000	0,050433
29,340000	0,047884
29,350000	0,048521
29,360000	0,049796
29,370000	0,047246
29,380000	0,049796
29,390000	0,049796
29,400000	0,049158
29,410000	0,050433
29,420000	0,052345
29,430000	0,046609
29,440000	0,049796
29,450000	0,048521
29,460000	0,051708
29,470000	0,049796
29,480000	0,050433
29,490000	0,052345
29,500000	0,052982
29,510000	0,051708
29,520000	0,051708
29,530000	0,052345
29,540000	0,051070
29,550000	0,051708
29,560000	0,053620
29,570000	0,052982
29,580000	0,054257
29,590000	0,056169
29,600000	0,053620
29,610000	0,054895
29,620000	0,054257
29,630000	0,056807
29,640000	0,056169
29,650000	0,056169
29,660000	0,058719
29,670000	0,056807
29,680000	0,060631
29,690000	0,059994
29,700000	0,060631
29,710000	0,061268
29,720000	0,060631
29,730000	0,063818
29,740000	0,061268
29,750000	0,066367
29,760000	0,065730
29,770000	0,068279
29,780000	0,065730
29,790000	0,068917
29,800000	0,070191
29,810000	0,068917
29,820000	0,071466
29,830000	0,070191
29,840000	0,072741
29,850000	0,074016
29,860000	0,075290
29,870000	0,075290
29,880000	0,076565
29,890000	0,079114
29,900000	0,080389
29,910000	0,082939
29,920000	0,080389
29,930000	0,085488
29,940000	0,084851
29,950000	0,086763
29,960000	0,090587
29,970000	0,091224
29,980000	0,092499
29,990000	0,096961
30,000000	0,094411
30,010000	0,097598
30,020000	0,098873
30,030000	0,098873
30,040000	0,100148
30,050000	0,101422
30,060000	0,104609
30,070000	0,104609
30,080000	0,108433
30,090000	0,107159
30,100000	0,109071
30,110000	0,107159
30,120000	0,112258
30,130000	0,110345
30,140000	0,114170
30,150000	0,116719
30,160000	0,116082
30,170000	0,111620
30,180000	0,117356
30,190000	0,114170
30,200000	0,116082
30,210000	0,112895
30,220000	0,119269
30,230000	0,116082
30,240000	0,117994
30,250000	0,116719
30,260000	0,119906
30,270000	0,119906
30,280000	0,125005
30,290000	0,121181
30,300000	0,121818
30,310000	0,118631
30,320000	0,123730
30,330000	0,119906
30,340000	0,121818
30,350000	0,119269
30,360000	0,122455
30,370000	0,121181
30,380000	0,119906
30,390000	0,120543
30,400000	0,117994
30,410000	0,121818
30,420000	0,122455
30,430000	0,119906
30,440000	0,120543
30,450000	0,117994
30,460000	0,120543
30,470000	0,116082
30,480000	0,117356
30,490000	0,114170
30,500000	0,111620
30,510000	0,108433
30,520000	0,110345
30,530000	0,105246
30,540000	0,106521
30,550000	0,104609
30,560000	0,103972
30,570000	0,099510
30,580000	0,098873
30,590000	0,098873
30,600000	0,098235
30,610000	0,091862
30,620000	0,091224
30,630000	0,089312
30,640000	0,089312
30,650000	0,086763
30,660000	0,086763
30,670000	0,085488
30,680000	0,084213
30,690000	0,080389
30,700000	0,080389
30,710000	0,079752
30,720000	0,079114
30,730000	0,076565
30,740000	0,075928
30,750000	0,075928
30,760000	0,075928
30,770000	0,071466
30,780000	0,071466
30,790000	0,072741
30,800000	0,069554
30,810000	0,068917
30,820000	0,068917
30,830000	0,068279
30,840000	0,068279
30,850000	0,065730
30,860000	0,064455
30,870000	0,067005
30,880000	0,065730
30,890000	0,065092
30,900000	0,061906
30,910000	0,063818
30,920000	0,061268
30,930000	0,063180
30,940000	0,061268
30,950000	0,061906
30,960000	0,061268
30,970000	0,060631
30,980000	0,060631
30,990000	0,061268
31,000000	0,056169
31,010000	0,060631
31,020000	0,058081
31,030000	0,056807
31,040000	0,056807
31,050000	0,058081
31,060000	0,056169
31,070000	0,058719
31,080000	0,056169
31,090000	0,055532
31,100000	0,058081
31,110000	0,054895
31,120000	0,055532
31,130000	0,052982
31,140000	0,054257
31,150000	0,053620
31,160000	0,054257
31,170000	0,051708
31,180000	0,051708
31,190000	0,054895
31,200000	0,054257
31,210000	0,054257
31,220000	0,052982
31,230000	0,051708
31,240000	0,052982
31,250000	0,050433
31,260000	0,049796
31,270000	0,052982
31,280000	0,052345
31,290000	0,052345
31,300000	0,051070
31,310000	0,049796
31,320000	0,052345
31,330000	0,053620
31,340000	0,049796
31,350000	0,051070
31,360000	0,050433
31,370000	0,053620
31,380000	0,052982
31,390000	0,054257
31,400000	0,050433
31,410000	0,051070
31,420000	0,053620
31,430000	0,050433
31,440000	0,050433
31,450000	0,050433
31,460000	0,051070
31,470000	0,051070
31,480000	0,050433
31,490000	0,051070
31,500000	0,051070
31,510000	0,051708
31,520000	0,052345
31,530000	0,050433
31,540000	0,052982
31,550000	0,051070
31,560000	0,052982
31,570000	0,050433
31,580000	0,050433
31,590000	0,049796
31,600000	0,051708
31,610000	0,051070
31,620000	0,048521
31,630000	0,051070
31,640000	0,051070
31,650000	0,049796
31,660000	0,047246
31,670000	0,050433
31,680000	0,049158
31,690000	0,048521
31,700000	0,048521
31,710000	0,047884
31,720000	0,048521
31,730000	0,047884
31,740000	0,049796
31,750000	0,049796
31,760000	0,047246
31,770000	0,047246
31,780000	0,047884
31,790000	0,048521
31,800000	0,047884
31,810000	0,048521
31,820000	0,049796
31,830000	0,045971
31,840000	0,049796
31,850000	0,048521
31,860000	0,048521
31,870000	0,050433
31,880000	0,048521
31,890000	0,046609
31,900000	0,050433
31,910000	0,046609
31,920000	0,049796
31,930000	0,051070
31,940000	0,051070
31,950000	0,051070
31,960000	0,051708
31,970000	0,051708
31,980000	0,050433
31,990000	0,050433
32,000000	0,049796
32,010000	0,051070
32,020000	0,051070
32,030000	0,051070
32,040000	0,051708
32,050000	0,054257
32,060000	0,053620
32,070000	0,052345
32,080000	0,054895
32,090000	0,053620
32,100000	0,054257
32,110000	0,054257
32,120000	0,056807
32,130000	0,059356
32,140000	0,056169
32,150000	0,058719
32,160000	0,056169
32,170000	0,056807
32,180000	0,058081
32,190000	0,058719
32,200000	0,058081
32,210000	0,060631
32,220000	0,061268
32,230000	0,061268
32,240000	0,062543
32,250000	0,061906
32,260000	0,064455
32,270000	0,064455
32,280000	0,065092
32,290000	0,065730
32,300000	0,067642
32,310000	0,065092
32,320000	0,071466
32,330000	0,067005
32,340000	0,072103
32,350000	0,070191
32,360000	0,074016
32,370000	0,074016
32,380000	0,073378
32,390000	0,076565
32,400000	0,077840
32,410000	0,077202
32,420000	0,076565
32,430000	0,081664
32,440000	0,084213
32,450000	0,084213
32,460000	0,085488
32,470000	0,088675
32,480000	0,088038
32,490000	0,091224
32,500000	0,093137
32,510000	0,091224
32,520000	0,097598
32,530000	0,096323
32,540000	0,099510
32,550000	0,099510
32,560000	0,102697
32,570000	0,100785
32,580000	0,104609
32,590000	0,105246
32,600000	0,107159
32,610000	0,105884
32,620000	0,109071
32,630000	0,109071
32,640000	0,109071
32,650000	0,109708
32,660000	0,111620
32,670000	0,113532
32,680000	0,114807
32,690000	0,112895
32,700000	0,116719
32,710000	0,114170
32,720000	0,116082
32,730000	0,117356
32,740000	0,119906
32,750000	0,119269
32,760000	0,117356
32,770000	0,115444
32,780000	0,119269
32,790000	0,117356
32,800000	0,119906
32,810000	0,116082
32,820000	0,117356
32,830000	0,117356
32,840000	0,121818
32,850000	0,118631
32,860000	0,126280
32,870000	0,121181
32,880000	0,123093
32,890000	0,117994
32,900000	0,122455
32,910000	0,114807
32,920000	0,119906
32,930000	0,120543
32,940000	0,117994
32,950000	0,118631
32,960000	0,120543
32,970000	0,119906
32,980000	0,117994
32,990000	0,118631
33,000000	0,116719
33,010000	0,107796
33,020000	0,112895
33,030000	0,107796
33,040000	0,100785
33,050000	0,105884
33,060000	0,103972
33,070000	0,104609
33,080000	0,098873
33,090000	0,098873
33,100000	0,096323
33,110000	0,091862
33,120000	0,091224
33,130000	0,092499
33,140000	0,082939
33,150000	0,089312
33,160000	0,086763
33,170000	0,082301
33,180000	0,075928
33,190000	0,082939
33,200000	0,076565
33,210000	0,091862
33,220000	0,077840
33,230000	0,079752
33,240000	0,091862
33,250000	0,077202
33,260000	0,074016
33,270000	0,067005
33,280000	0,074016
33,290000	0,074016
33,300000	0,057444
33,310000	0,065092
33,320000	0,070829
33,330000	0,090587
33,340000	0,083576
33,350000	0,065730
33,360000	0,060631
33,370000	0,090587
33,380000	0,065092
33,390000	0,063818
33,400000	0,089950
33,410000	0,059994
33,420000	0,066367
33,430000	0,052982
33,440000	0,061906
33,450000	0,063180
33,460000	0,061906
33,470000	0,052982
33,480000	0,058719
33,490000	0,060631
33,500000	0,054895
33,510000	0,057444
33,520000	0,058081
33,530000	0,061268
33,540000	0,056169
33,550000	0,056169
33,560000	0,058081
33,570000	0,058719
33,580000	0,057444
33,590000	0,058081
33,600000	0,055532
33,610000	0,055532
33,620000	0,056807
33,630000	0,055532
33,640000	0,056169
33,650000	0,054257
33,660000	0,058719
33,670000	0,057444
33,680000	0,053620
33,690000	0,055532
33,700000	0,056169
33,710000	0,051708
33,720000	0,051708
33,730000	0,051708
33,740000	0,057444
33,750000	0,054895
33,760000	0,050433
33,770000	0,052345
33,780000	0,049796
33,790000	0,053620
33,800000	0,053620
33,810000	0,050433
33,820000	0,052982
33,830000	0,049796
33,840000	0,047884
33,850000	0,052345
33,860000	0,051070
33,870000	0,050433
33,880000	0,053620
33,890000	0,045971
33,900000	0,049158
33,910000	0,050433
33,920000	0,049796
33,930000	0,048521
33,940000	0,052982
33,950000	0,052345
33,960000	0,051070
33,970000	0,048521
33,980000	0,049796
33,990000	0,052982
34,000000	0,053620
34,010000	0,050433
34,020000	0,052982
34,030000	0,060631
34,040000	0,048521
34,050000	0,049158
34,060000	0,042785
34,070000	0,045334
34,080000	0,050433
34,090000	0,052982
34,100000	0,040873
34,110000	0,048521
34,120000	0,048521
34,130000	0,048521
34,140000	0,045971
34,150000	0,048521
34,160000	0,048521
34,170000	0,035136
34,180000	0,046609
34,190000	0,054895
34,200000	0,039598
34,210000	0,048521
34,220000	0,050433
34,230000	0,035136
34,240000	0,051070
34,250000	0,047884
34,260000	0,026850
34,270000	0,050433
34,280000	0,049158
34,290000	0,059356
34,300000	0,047884
34,310000	0,048521
34,320000	0,047884
34,330000	0,062543
34,340000	0,046609
34,350000	0,047884
34,360000	0,051070
34,370000	0,049158
34,380000	0,049158
34,390000	0,047246
34,400000	0,050433
34,410000	0,049796
34,420000	0,050433
34,430000	0,049158
34,440000	0,049158
34,450000	0,049796
34,460000	0,051070
34,470000	0,049796
34,480000	0,051070
34,490000	0,052982
34,500000	0,053620
34,510000	0,051070
34,520000	0,051070
34,530000	0,048521
34,540000	0,054257
34,550000	0,049158
34,560000	0,052345
34,570000	0,048521
34,580000	0,054895
34,590000	0,054895
34,600000	0,053620
34,610000	0,054895
34,620000	0,055532
34,630000	0,056169
34,640000	0,054895
34,650000	0,056807
34,660000	0,058081
34,670000	0,059356
34,680000	0,059994
34,690000	0,056807
34,700000	0,058719
34,710000	0,058719
34,720000	0,065092
34,730000	0,061268
34,740000	0,061268
34,750000	0,061906
34,760000	0,063180
34,770000	0,057444
34,780000	0,061906
34,790000	0,065092
34,800000	0,065092
34,810000	0,068917
34,820000	0,062543
34,830000	0,075290
34,840000	0,074653
34,850000	0,068917
34,860000	0,070829
34,870000	0,074016
34,880000	0,075290
34,890000	0,075290
34,900000	0,059994
34,910000	0,083576
34,920000	0,078477
34,930000	0,075928
34,940000	0,076565
34,950000	0,085488
34,960000	0,081027
34,970000	0,102060
34,980000	0,090587
34,990000	0,087400
35,000000	0,101422
35,010000	0,102697
35,020000	0,096323
35,030000	0,122455
35,040000	0,130741
35,050000	0,098235
35,060000	0,096323
35,070000	0,091224
35,080000	0,100785
35,090000	0,100785
35,100000	0,098873
35,110000	0,099510
35,120000	0,102060
35,130000	0,140939
35,140000	0,105884
35,150000	0,107796
35,160000	0,112258
35,170000	0,095686
35,180000	0,111620
35,190000	0,114807
35,200000	0,084213
35,210000	0,116082
35,220000	0,114170
35,230000	0,108433
35,240000	0,116719
35,250000	0,121818
35,260000	0,113532
35,270000	0,118631
35,280000	0,114807
35,290000	0,112895
35,300000	0,119906
35,310000	0,118631
35,320000	0,120543
35,330000	0,114807
35,340000	0,122455
35,350000	0,125005
35,360000	0,114170
35,370000	0,120543
35,380000	0,120543
35,390000	0,122455
35,400000	0,122455
35,410000	0,119906
35,420000	0,122455
35,430000	0,127554
35,440000	0,119906
35,450000	0,123093
35,460000	0,114807
35,470000	0,125005
35,480000	0,121181
35,490000	0,108433
35,500000	0,117994
35,510000	0,119269
35,520000	0,111620
35,530000	0,117356
35,540000	0,102060
35,550000	0,106521
35,560000	0,117356
35,570000	0,103972
35,580000	0,102060
35,590000	0,091862
35,600000	0,094411
35,610000	0,100148
35,620000	0,090587
35,630000	0,091862
35,640000	0,100148
35,650000	0,089312
35,660000	0,091862
35,670000	0,086763
35,680000	0,095049
35,690000	0,093774
35,700000	0,073378
35,710000	0,076565
35,720000	0,086126
35,730000	0,075290
35,740000	0,084213
35,750000	0,079114
35,760000	0,078477
35,770000	0,082939
35,780000	0,076565
35,790000	0,070191
35,800000	0,074653
35,810000	0,058081
35,820000	0,068279
35,830000	0,058081
35,840000	0,051070
35,850000	0,069554
35,860000	0,068279
35,870000	0,050433
35,880000	0,068279
35,890000	0,065092
35,900000	0,081664
35,910000	0,066367
35,920000	0,064455
35,930000	0,061268
35,940000	0,070191
35,950000	0,064455
35,960000	0,065092
35,970000	0,035136
35,980000	0,063180
35,990000	0,063180
36,000000	0,040235
36,010000	0,061268
36,020000	0,060631
36,030000	0,037686
36,040000	0,061268
36,050000	0,056807
36,060000	0,067005
36,070000	0,058081
36,080000	0,056169
36,090000	0,058081
36,100000	0,053620
36,110000	0,056169
36,120000	0,056169
36,130000	0,056807
36,140000	0,055532
36,150000	0,057444
36,160000	0,051070
36,170000	0,054895
36,180000	0,053620
36,190000	0,052345
36,200000	0,053620
36,210000	0,051708
36,220000	0,054895
36,230000	0,051708
36,240000	0,054257
36,250000	0,052345
36,260000	0,049158
36,270000	0,052345
36,280000	0,046609
36,290000	0,052982
36,300000	0,047246
36,310000	0,052982
36,320000	0,051708
36,330000	0,054257
36,340000	0,049796
36,350000	0,048521
36,360000	0,055532
36,370000	0,049796
36,380000	0,058719
36,390000	0,052982
36,400000	0,053620
36,410000	0,053620
36,420000	0,054257
36,430000	0,051708
36,440000	0,054257
36,450000	0,051708
36,460000	0,052345
36,470000	0,047246
36,480000	0,047246
36,490000	0,052982
36,500000	0,052982
36,510000	0,048521
36,520000	0,051070
36,530000	0,058081
36,540000	0,048521
36,550000	0,049158
36,560000	0,049158
36,570000	0,047884
36,580000	0,047246
36,590000	0,043422
36,600000	0,048521
36,610000	0,042785
36,620000	0,047246
36,630000	0,051708
36,640000	0,040235
36,650000	0,051070
36,660000	0,049796
36,670000	0,045334
36,680000	0,049796
36,690000	0,056807
36,700000	0,050433
36,710000	0,038960
36,720000	0,049158
36,730000	0,044059
36,740000	0,039598
36,750000	0,040235
36,760000	0,047884
36,770000	0,032587
36,780000	0,045971
36,790000	0,049796
36,800000	0,040235
36,810000	0,048521
36,820000	0,049158
36,830000	0,048521
36,840000	0,065730
36,850000	0,049158
36,860000	0,046609
36,870000	0,058719
36,880000	0,043422
36,890000	0,047246
36,900000	0,047246
36,910000	0,047884
36,920000	0,051070
36,930000	0,047884
36,940000	0,044697
36,950000	0,049796
36,960000	0,051070
36,970000	0,052982
36,980000	0,047246
36,990000	0,051070
37,000000	0,050433
37,010000	0,052982
37,020000	0,050433
37,030000	0,049796
37,040000	0,052982
37,050000	0,049796
37,060000	0,051070
37,070000	0,049796
37,080000	0,052982
37,090000	0,050433
37,100000	0,056807
37,110000	0,057444
37,120000	0,051708
37,130000	0,059994
37,140000	0,054895
37,150000	0,061906
37,160000	0,056169
37,170000	0,058081
37,180000	0,057444
37,190000	0,060631
37,200000	0,056169
37,210000	0,058719
37,220000	0,056169
37,230000	0,059356
37,240000	0,061268
37,250000	0,056807
37,260000	0,063180
37,270000	0,063818
37,280000	0,064455
37,290000	0,067005
37,300000	0,058081
37,310000	0,070829
37,320000	0,072741
37,330000	0,069554
37,340000	0,068279
37,350000	0,073378
37,360000	0,068279
37,370000	0,070191
37,380000	0,069554
37,390000	0,072741
37,400000	0,080389
37,410000	0,080389
37,420000	0,072741
37,430000	0,080389
37,440000	0,074653
37,450000	0,086126
37,460000	0,083576
37,470000	0,086126
37,480000	0,089312
37,490000	0,083576
37,500000	0,088675
37,510000	0,079114
37,520000	0,100148
37,530000	0,094411
37,540000	0,092499
37,550000	0,083576
37,560000	0,100785
37,570000	0,095686
37,580000	0,110345
37,590000	0,103972
37,600000	0,102697
37,610000	0,098235
37,620000	0,103334
37,630000	0,107796
37,640000	0,109071
37,650000	0,087400
37,660000	0,111620
37,670000	0,110983
37,680000	0,103972
37,690000	0,114807
37,700000	0,116719
37,710000	0,112895
37,720000	0,114807
37,730000	0,117356
37,740000	0,110983
37,750000	0,119906
37,760000	0,117994
37,770000	0,117356
37,780000	0,117994
37,790000	0,117356
37,800000	0,115444
37,810000	0,116082
37,820000	0,117356
37,830000	0,115444
37,840000	0,117356
37,850000	0,118631
37,860000	0,118631
37,870000	0,120543
37,880000	0,123093
37,890000	0,120543
37,900000	0,119906
37,910000	0,123093
37,920000	0,119269
37,930000	0,120543
37,940000	0,119906
37,950000	0,125005
37,960000	0,118631
37,970000	0,118631
37,980000	0,119906
37,990000	0,117356
38,000000	0,119269
38,010000	0,119906
38,020000	0,111620
38,030000	0,110983
38,040000	0,112258
38,050000	0,112258
38,060000	0,109708
38,070000	0,107796
38,080000	0,103972
38,090000	0,102697
38,100000	0,102697
38,110000	0,100148
38,120000	0,100148
38,130000	0,097598
38,140000	0,093774
38,150000	0,095686
38,160000	0,092499
38,170000	0,093774
38,180000	0,090587
38,190000	0,088675
38,200000	0,086126
38,210000	0,085488
38,220000	0,085488
38,230000	0,079114
38,240000	0,081027
38,250000	0,081027
38,260000	0,076565
38,270000	0,077840
38,280000	0,075290
38,290000	0,074016
38,300000	0,074016
38,310000	0,074016
38,320000	0,074016
38,330000	0,071466
38,340000	0,068917
38,350000	0,068917
38,360000	0,067642
38,370000	0,067642
38,380000	0,068279
38,390000	0,067005
38,400000	0,066367
38,410000	0,067642
38,420000	0,064455
38,430000	0,063180
38,440000	0,063818
38,450000	0,061906
38,460000	0,063180
38,470000	0,063180
38,480000	0,061906
38,490000	0,061906
38,500000	0,061268
38,510000	0,060631
38,520000	0,056169
38,530000	0,060631
38,540000	0,059356
38,550000	0,056169
38,560000	0,057444
38,570000	0,057444
38,580000	0,057444
38,590000	0,058081
38,600000	0,056807
38,610000	0,057444
38,620000	0,054895
38,630000	0,054257
38,640000	0,054895
38,650000	0,052982
38,660000	0,054257
38,670000	0,054895
38,680000	0,054895
38,690000	0,051708
38,700000	0,053620
38,710000	0,055532
38,720000	0,053620
38,730000	0,052982
38,740000	0,051708
38,750000	0,054257
38,760000	0,051708
38,770000	0,052345
38,780000	0,052345
38,790000	0,053620
38,800000	0,051070
38,810000	0,051070
38,820000	0,053620
38,830000	0,053620
38,840000	0,053620
38,850000	0,051708
38,860000	0,052345
38,870000	0,051708
38,880000	0,051070
38,890000	0,050433
38,900000	0,051708
38,910000	0,051070
38,920000	0,050433
38,930000	0,049796
38,940000	0,050433
38,950000	0,052982
38,960000	0,049796
38,970000	0,050433
38,980000	0,051070
38,990000	0,049796
39,000000	0,050433
39,010000	0,049796
39,020000	0,050433
39,030000	0,051070
39,040000	0,050433
39,050000	0,050433
39,060000	0,051708
39,070000	0,050433
39,080000	0,051708
39,090000	0,050433
39,100000	0,049796
39,110000	0,050433
39,120000	0,050433
39,130000	0,048521
39,140000	0,048521
39,150000	0,049158
39,160000	0,048521
39,170000	0,047884
39,180000	0,048521
39,190000	0,051070
39,200000	0,047884
39,210000	0,050433
39,220000	0,047884
39,230000	0,049796
39,240000	0,048521
39,250000	0,048521
39,260000	0,048521
39,270000	0,047884
39,280000	0,049796
39,290000	0,047246
39,300000	0,045971
39,310000	0,045971
39,320000	0,048521
39,330000	0,047884
39,340000	0,045334
39,350000	0,048521
39,360000	0,048521
39,370000	0,047246
39,380000	0,047246
39,390000	0,048521
39,400000	0,048521
39,410000	0,047884
39,420000	0,048521
39,430000	0,047884
39,440000	0,047246
39,450000	0,049158
39,460000	0,049158
39,470000	0,050433
39,480000	0,049796
39,490000	0,049158
39,500000	0,051708
39,510000	0,051070
39,520000	0,049158
39,530000	0,050433
39,540000	0,050433
39,550000	0,051070
39,560000	0,050433
39,570000	0,052345
39,580000	0,050433
39,590000	0,052982
39,600000	0,054257
39,610000	0,053620
39,620000	0,053620
39,630000	0,054257
39,640000	0,052982
39,650000	0,055532
39,660000	0,053620
39,670000	0,056807
39,680000	0,056169
39,690000	0,058081
39,700000	0,056807
39,710000	0,056807
39,720000	0,056807
39,730000	0,056807
39,740000	0,058719
39,750000	0,061906
39,760000	0,059994
39,770000	0,062543
39,780000	0,060631
39,790000	0,062543
39,800000	0,063818
39,810000	0,063818
39,820000	0,065730
39,830000	0,067005
39,840000	0,067642
39,850000	0,067642
39,860000	0,067005
39,870000	0,072103
39,880000	0,068917
39,890000	0,073378
39,900000	0,071466
39,910000	0,076565
39,920000	0,074016
39,930000	0,077202
39,940000	0,078477
39,950000	0,078477
39,960000	0,081027
39,970000	0,082939
39,980000	0,081027
39,990000	0,086763
40,000000	0,086763
40,010000	0,089312
40,020000	0,089312
40,030000	0,094411
40,040000	0,091862
40,050000	0,094411
40,060000	0,095049
40,070000	0,099510
40,080000	0,099510
40,090000	0,098873
40,100000	0,103972
40,110000	0,101422
40,120000	0,104609
40,130000	0,104609
40,140000	0,106521
40,150000	0,106521
40,160000	0,109708
40,170000	0,109071
40,180000	0,110983
40,190000	0,110983
40,200000	0,109708
40,210000	0,114170
40,220000	0,110345
40,230000	0,111620
40,240000	0,116719
40,250000	0,112258
40,260000	0,116082
40,270000	0,119906
40,280000	0,117356
40,290000	0,116082
40,300000	0,118631
40,310000	0,117356
40,320000	0,120543
40,330000	0,118631
40,340000	0,120543
40,350000	0,117356
40,360000	0,122455
40,370000	0,118631
40,380000	0,120543
40,390000	0,121181
40,400000	0,123730
40,410000	0,119906
40,420000	0,121181
40,430000	0,120543
40,440000	0,121818
40,450000	0,121818
40,460000	0,119906
40,470000	0,120543
40,480000	0,120543
40,490000	0,118631
40,500000	0,120543
40,510000	0,115444
40,520000	0,117356
40,530000	0,117356
40,540000	0,112258
40,550000	0,112895
40,560000	0,110983
40,570000	0,112258
40,580000	0,107159
40,590000	0,105884
40,600000	0,104609
40,610000	0,101422
40,620000	0,100785
40,630000	0,098873
40,640000	0,098235
40,650000	0,094411
40,660000	0,093774
40,670000	0,092499
40,680000	0,093137
40,690000	0,089312
40,700000	0,086763
40,710000	0,083576
40,720000	0,085488
40,730000	0,084213
40,740000	0,082939
40,750000	0,079752
40,760000	0,081664
40,770000	0,079752
40,780000	0,079114
40,790000	0,077202
40,800000	0,075928
40,810000	0,075928
40,820000	0,075290
40,830000	0,072741
40,840000	0,071466
40,850000	0,072103
40,860000	0,070829
40,870000	0,069554
40,880000	0,067005
40,890000	0,065730
40,900000	0,067005
40,910000	0,067642
40,920000	0,065092
40,930000	0,064455
40,940000	0,064455
40,950000	0,064455
40,960000	0,061906
40,970000	0,062543
40,980000	0,061906
40,990000	0,061268
41,000000	0,061268
41,010000	0,061906
41,020000	0,059356
41,030000	0,059994
41,040000	0,057444
41,050000	0,059356
41,060000	0,059356
41,070000	0,056807
41,080000	0,058081
41,090000	0,057444
41,100000	0,058081
41,110000	0,058719
41,120000	0,055532
41,130000	0,056807
41,140000	0,056169
41,150000	0,056169
41,160000	0,056169
41,170000	0,052345
41,180000	0,054895
41,190000	0,055532
41,200000	0,054257
41,210000	0,054257
41,220000	0,052982
41,230000	0,055532
41,240000	0,051708
41,250000	0,054257
41,260000	0,052345
41,270000	0,052982
41,280000	0,052982
41,290000	0,053620
41,300000	0,051708
41,310000	0,052345
41,320000	0,052345
41,330000	0,051708
41,340000	0,051708
41,350000	0,051708
41,360000	0,050433
41,370000	0,051070
41,380000	0,050433
41,390000	0,053620
41,400000	0,050433
41,410000	0,051070
41,420000	0,051070
41,430000	0,050433
41,440000	0,049796
41,450000	0,050433
41,460000	0,051070
41,470000	0,052982
41,480000	0,051070
41,490000	0,051708
41,500000	0,049158
41,510000	0,051708
41,520000	0,051070
41,530000	0,051708
41,540000	0,047884
41,550000	0,051070
41,560000	0,052345
41,570000	0,051708
41,580000	0,050433
41,590000	0,051708
41,600000	0,049796
41,610000	0,051070
41,620000	0,050433
41,630000	0,048521
41,640000	0,050433
41,650000	0,048521
41,660000	0,049158
41,670000	0,049158
41,680000	0,047884
41,690000	0,050433
41,700000	0,047884
41,710000	0,049158
41,720000	0,049796
41,730000	0,048521
41,740000	0,045971
41,750000	0,047884
41,760000	0,049796
41,770000	0,047884
41,780000	0,045971
41,790000	0,046609
41,800000	0,047246
41,810000	0,048521
41,820000	0,047246
41,830000	0,048521
41,840000	0,047246
41,850000	0,046609
41,860000	0,049158
41,870000	0,049158
41,880000	0,047884
41,890000	0,048521
41,900000	0,047884
41,910000	0,048521
41,920000	0,049796
41,930000	0,047884
41,940000	0,047246
41,950000	0,051070
41,960000	0,049796
41,970000	0,047884
41,980000	0,047884
41,990000	0,047884
42,000000	0,049158
42,010000	0,049796
42,020000	0,049796
42,030000	0,051070
42,040000	0,050433
42,050000	0,051070
42,060000	0,050433
42,070000	0,051070
42,080000	0,051708
42,090000	0,053620
42,100000	0,052345
42,110000	0,051070
42,120000	0,052982
42,130000	0,054257
42,140000	0,052982
42,150000	0,055532
42,160000	0,053620
42,170000	0,054895
42,180000	0,055532
42,190000	0,054257
42,200000	0,056169
42,210000	0,056807
42,220000	0,054895
42,230000	0,059994
42,240000	0,058719
42,250000	0,060631
42,260000	0,058719
42,270000	0,062543
42,280000	0,060631
42,290000	0,063818
42,300000	0,064455
42,310000	0,063818
42,320000	0,065092
42,330000	0,065730
42,340000	0,065730
42,350000	0,067005
42,360000	0,068917
42,370000	0,070191
42,380000	0,068917
42,390000	0,071466
42,400000	0,073378
42,410000	0,075290
42,420000	0,076565
42,430000	0,076565
42,440000	0,075290
42,450000	0,077202
42,460000	0,079114
42,470000	0,082939
42,480000	0,082939
42,490000	0,083576
42,500000	0,085488
42,510000	0,088038
42,520000	0,086126
42,530000	0,088675
42,540000	0,091862
42,550000	0,093137
42,560000	0,093774
42,570000	0,096961
42,580000	0,098235
42,590000	0,100785
42,600000	0,102060
42,610000	0,101422
42,620000	0,103972
42,630000	0,103972
42,640000	0,107796
42,650000	0,107159
42,660000	0,109071
42,670000	0,107796
42,680000	0,109708
42,690000	0,112258
42,700000	0,112258
42,710000	0,110983
42,720000	0,113532
42,730000	0,111620
42,740000	0,114170
42,750000	0,113532
42,760000	0,114170
42,770000	0,116082
42,780000	0,113532
42,790000	0,112895
42,800000	0,118631
42,810000	0,119906
42,820000	0,117356
42,830000	0,116719
42,840000	0,117994
42,850000	0,117994
42,860000	0,117356
42,870000	0,120543
42,880000	0,117994
42,890000	0,121181
42,900000	0,117356
42,910000	0,119906
42,920000	0,119269
42,930000	0,120543
42,940000	0,121818
42,950000	0,119906
42,960000	0,119269
42,970000	0,121181
42,980000	0,117356
42,990000	0,122455
43,000000	0,117356
43,010000	0,117994
43,020000	0,118631
43,030000	0,116719
43,040000	0,112895
43,050000	0,115444
43,060000	0,112258
43,070000	0,112258
43,080000	0,110345
43,090000	0,107159
43,100000	0,104609
43,110000	0,105884
43,120000	0,103972
43,130000	0,100148
43,140000	0,101422
43,150000	0,096323
43,160000	0,096323
43,170000	0,095686
43,180000	0,091862
43,190000	0,092499
43,200000	0,091224
43,210000	0,088038
43,220000	0,086126
43,230000	0,086126
43,240000	0,081664
43,250000	0,082301
43,260000	0,077840
43,270000	0,081664
43,280000	0,077840
43,290000	0,078477
43,300000	0,075928
43,310000	0,075290
43,320000	0,072741
43,330000	0,072741
43,340000	0,072741
43,350000	0,071466
43,360000	0,069554
43,370000	0,068917
43,380000	0,067642
43,390000	0,068279
43,400000	0,067005
43,410000	0,068279
43,420000	0,065092
43,430000	0,066367
43,440000	0,065092
43,450000	0,060631
43,460000	0,064455
43,470000	0,061906
43,480000	0,064455
43,490000	0,059994
43,500000	0,063180
43,510000	0,058719
43,520000	0,063180
43,530000	0,058719
43,540000	0,061268
43,550000	0,058081
43,560000	0,058719
43,570000	0,058719
43,580000	0,057444
43,590000	0,056807
43,600000	0,056807
43,610000	0,058081
43,620000	0,056807
43,630000	0,055532
43,640000	0,056169
43,650000	0,056169
43,660000	0,056169
43,670000	0,054895
43,680000	0,053620
43,690000	0,056169
43,700000	0,054895
43,710000	0,053620
43,720000	0,055532
43,730000	0,052982
43,740000	0,054257
43,750000	0,054257
43,760000	0,053620
43,770000	0,053620
43,780000	0,053620
43,790000	0,052982
43,800000	0,052345
43,810000	0,052982
43,820000	0,051708
43,830000	0,052982
43,840000	0,051070
43,850000	0,053620
43,860000	0,051070
43,870000	0,049796
43,880000	0,050433
43,890000	0,051708
43,900000	0,049796
43,910000	0,053620
43,920000	0,049796
43,930000	0,052982
43,940000	0,049796
43,950000	0,051070
43,960000	0,051070
43,970000	0,051708
43,980000	0,053620
43,990000	0,051070
44,000000	0,051070
44,010000	0,049796
44,020000	0,050433
44,030000	0,049158
44,040000	0,051070
44,050000	0,051708
44,060000	0,047884
44,070000	0,052982
44,080000	0,050433
44,090000	0,051070
44,100000	0,051070
44,110000	0,051708
44,120000	0,048521
44,130000	0,049796
44,140000	0,048521
44,150000	0,051708
44,160000	0,048521
44,170000	0,049158
44,180000	0,050433
44,190000	0,050433
44,200000	0,047884
44,210000	0,048521
44,220000	0,050433
44,230000	0,049158
44,240000	0,048521
44,250000	0,049796
44,260000	0,048521
44,270000	0,047884
44,280000	0,047884
44,290000	0,050433
44,300000	0,047246
44,310000	0,048521
44,320000	0,047246
44,330000	0,048521
44,340000	0,045971
44,350000	0,049796
44,360000	0,048521
44,370000	0,047246
44,380000	0,048521
44,390000	0,048521
44,400000	0,048521
44,410000	0,047884
44,420000	0,050433
44,430000	0,047246
44,440000	0,049158
44,450000	0,051708
44,460000	0,049158
44,470000	0,048521
44,480000	0,051070
44,490000	0,048521
44,500000	0,049158
44,510000	0,048521
44,520000	0,049796
44,530000	0,050433
44,540000	0,049158
44,550000	0,049796
44,560000	0,051070
44,570000	0,052345
44,580000	0,051708
44,590000	0,051070
44,600000	0,056807
44,610000	0,049796
44,620000	0,054257
44,630000	0,052982
44,640000	0,052982
44,650000	0,053620
44,660000	0,054257
44,670000	0,054257
44,680000	0,052982
44,690000	0,057444
44,700000	0,053620
44,710000	0,056807
44,720000	0,056169
44,730000	0,056807
44,740000	0,056169
44,750000	0,058719
44,760000	0,058719
44,770000	0,060631
44,780000	0,059994
44,790000	0,061906
44,800000	0,064455
44,810000	0,063180
44,820000	0,063180
44,830000	0,063818
44,840000	0,065730
44,850000	0,065092
44,860000	0,068279
44,870000	0,067642
44,880000	0,069554
44,890000	0,067642
44,900000	0,071466
44,910000	0,072103
44,920000	0,074016
44,930000	0,070829
44,940000	0,075928
44,950000	0,076565
44,960000	0,079114
44,970000	0,079752
44,980000	0,081027
44,990000	0,078477
45,000000	0,082301
45,010000	0,083576
45,020000	0,087400
45,030000	0,088675
45,040000	0,088038
45,050000	0,090587
45,060000	0,089312
45,070000	0,093137
45,080000	0,091224
45,090000	0,097598
45,100000	0,095049
45,110000	0,099510
45,120000	0,099510
45,130000	0,102697
45,140000	0,097598
45,150000	0,105884
45,160000	0,105884
45,170000	0,108433
45,180000	0,110983
45,190000	0,109708
45,200000	0,107796
45,210000	0,109071
45,220000	0,109708
45,230000	0,112895
45,240000	0,109708
45,250000	0,112258
45,260000	0,113532
45,270000	0,116082
45,280000	0,116082
45,290000	0,111620
45,300000	0,116082
45,310000	0,115444
45,320000	0,112258
45,330000	0,114170
45,340000	0,119906
45,350000	0,118631
45,360000	0,120543
45,370000	0,117994
45,380000	0,117356
45,390000	0,119906
45,400000	0,117356
45,410000	0,120543
45,420000	0,119269
45,430000	0,121818
45,440000	0,119269
45,450000	0,119269
45,460000	0,117356
45,470000	0,110345
45,480000	0,122455
45,490000	0,119906
45,500000	0,117994
45,510000	0,118631
45,520000	0,117356
45,530000	0,116082
45,540000	0,116719
45,550000	0,112895
45,560000	0,114170
45,570000	0,114170
45,580000	0,108433
45,590000	0,107796
45,600000	0,107159
45,610000	0,105884
45,620000	0,107159
45,630000	0,100785
45,640000	0,097598
45,650000	0,100148
45,660000	0,098235
45,670000	0,095049
45,680000	0,093137
45,690000	0,091224
45,700000	0,090587
45,710000	0,091224
45,720000	0,088038
45,730000	0,086126
45,740000	0,086126
45,750000	0,083576
45,760000	0,082301
45,770000	0,083576
45,780000	0,081027
45,790000	0,079114
45,800000	0,076565
45,810000	0,077840
45,820000	0,074653
45,830000	0,073378
45,840000	0,074016
45,850000	0,074016
45,860000	0,072103
45,870000	0,072741
45,880000	0,070191
45,890000	0,069554
45,900000	0,067642
45,910000	0,068917
45,920000	0,067642
45,930000	0,065730
45,940000	0,065092
45,950000	0,066367
45,960000	0,065092
45,970000	0,063180
45,980000	0,061906
45,990000	0,064455
46,000000	0,063180
46,010000	0,061906
46,020000	0,063180
46,030000	0,063180
46,040000	0,059994
46,050000	0,059356
46,060000	0,058081
46,070000	0,059356
46,080000	0,056169
46,090000	0,058719
46,100000	0,058719
46,110000	0,058719
46,120000	0,059356
46,130000	0,056807
46,140000	0,054895
46,150000	0,058719
46,160000	0,057444
46,170000	0,056807
46,180000	0,052982
46,190000	0,055532
46,200000	0,055532
46,210000	0,054257
46,220000	0,056169
46,230000	0,052982
46,240000	0,053620
46,250000	0,053620
46,260000	0,053620
46,270000	0,054895
46,280000	0,053620
46,290000	0,051070
46,300000	0,051070
46,310000	0,051708
46,320000	0,052345
46,330000	0,051708
46,340000	0,052345
46,350000	0,051070
46,360000	0,052345
46,370000	0,051070
46,380000	0,052345
46,390000	0,048521
46,400000	0,051070
46,410000	0,049796
46,420000	0,051708
46,430000	0,050433
46,440000	0,054257
46,450000	0,051070
46,460000	0,052345
46,470000	0,050433
46,480000	0,049796
46,490000	0,049796
46,500000	0,051070
46,510000	0,051070
46,520000	0,051070
46,530000	0,051070
46,540000	0,051070
46,550000	0,050433
46,560000	0,050433
46,570000	0,049796
46,580000	0,051070
46,590000	0,049796
46,600000	0,050433
46,610000	0,051070
46,620000	0,051708
46,630000	0,050433
46,640000	0,051070
46,650000	0,048521
46,660000	0,051708
46,670000	0,050433
46,680000	0,049796
46,690000	0,048521
46,700000	0,049796
46,710000	0,050433
46,720000	0,049796
46,730000	0,047884
46,740000	0,049796
46,750000	0,046609
46,760000	0,049158
46,770000	0,047884
46,780000	0,047246
46,790000	0,047246
46,800000	0,048521
46,810000	0,047246
46,820000	0,047246
46,830000	0,046609
46,840000	0,047884
46,850000	0,048521
46,860000	0,049158
46,870000	0,048521
46,880000	0,049158
46,890000	0,047884
46,900000	0,047246
46,910000	0,045971
46,920000	0,048521
46,930000	0,049158
46,940000	0,048521
46,950000	0,048521
46,960000	0,049158
46,970000	0,049796
46,980000	0,050433
46,990000	0,048521
47,000000	0,049796
47,010000	0,049158
47,020000	0,048521
47,030000	0,051070
47,040000	0,051070
47,050000	0,051708
47,060000	0,051708
47,070000	0,048521
47,080000	0,050433
47,090000	0,050433
47,100000	0,048521
47,110000	0,051708
47,120000	0,050433
47,130000	0,054895
47,140000	0,051708
47,150000	0,051708
47,160000	0,054895
47,170000	0,054257
47,180000	0,053620
47,190000	0,056169
47,200000	0,054257
47,210000	0,054895
47,220000	0,055532
47,230000	0,054895
47,240000	0,053620
47,250000	0,056807
47,260000	0,056807
47,270000	0,059994
47,280000	0,058719
47,290000	0,060631
47,300000	0,059994
47,310000	0,061906
47,320000	0,060631
47,330000	0,063818
47,340000	0,063818
47,350000	0,067005
47,360000	0,065092
47,370000	0,063818
47,380000	0,067005
47,390000	0,066367
47,400000	0,066367
47,410000	0,071466
47,420000	0,070829
47,430000	0,070191
47,440000	0,071466
47,450000	0,074653
47,460000	0,074653
47,470000	0,075928
47,480000	0,077840
47,490000	0,081664
47,500000	0,080389
47,510000	0,081664
47,520000	0,083576
47,530000	0,084213
47,540000	0,086126
47,550000	0,089312
47,560000	0,088038
47,570000	0,092499
47,580000	0,093137
47,590000	0,091862
47,600000	0,094411
47,610000	0,098235
47,620000	0,097598
47,630000	0,101422
47,640000	0,098235
47,650000	0,103334
47,660000	0,100785
47,670000	0,103334
47,680000	0,102697
47,690000	0,107159
47,700000	0,106521
47,710000	0,112895
47,720000	0,107796
47,730000	0,109071
47,740000	0,108433
47,750000	0,112895
47,760000	0,113532
47,770000	0,114170
47,780000	0,110983
47,790000	0,116719
47,800000	0,113532
47,810000	0,116719
47,820000	0,114807
47,830000	0,117356
47,840000	0,115444
47,850000	0,117994
47,860000	0,117356
47,870000	0,118631
47,880000	0,120543
47,890000	0,119269
47,900000	0,119906
47,910000	0,121818
47,920000	0,122455
47,930000	0,120543
47,940000	0,124367
47,950000	0,119906
47,960000	0,121818
47,970000	0,117994
47,980000	0,121818
47,990000	0,124367
48,000000	0,122455
48,010000	0,119269
48,020000	0,117994
48,030000	0,123093
48,040000	0,119269
48,050000	0,117356
48,060000	0,115444
48,070000	0,114807
48,080000	0,109071
48,090000	0,110983
48,100000	0,111620
48,110000	0,109708
48,120000	0,105884
48,130000	0,104609
48,140000	0,102697
48,150000	0,101422
48,160000	0,099510
48,170000	0,098235
48,180000	0,095686
48,190000	0,092499
48,200000	0,098873
48,210000	0,093137
48,220000	0,093137
48,230000	0,089312
48,240000	0,086126
48,250000	0,085488
48,260000	0,085488
48,270000	0,085488
48,280000	0,084851
48,290000	0,082301
48,300000	0,081664
48,310000	0,075928
48,320000	0,079752
48,330000	0,075290
48,340000	0,074016
48,350000	0,074016
48,360000	0,074653
48,370000	0,074016
48,380000	0,068917
48,390000	0,072103
48,400000	0,072103
48,410000	0,069554
48,420000	0,068279
48,430000	0,066367
48,440000	0,067642
48,450000	0,065730
48,460000	0,068279
48,470000	0,065092
48,480000	0,063818
48,490000	0,064455
48,500000	0,063180
48,510000	0,064455
48,520000	0,061906
48,530000	0,058719
48,540000	0,060631
48,550000	0,061906
48,560000	0,060631
48,570000	0,058081
48,580000	0,057444
48,590000	0,058719
48,600000	0,058719
48,610000	0,058719
48,620000	0,056807
48,630000	0,055532
48,640000	0,054895
48,650000	0,054257
48,660000	0,057444
48,670000	0,054895
48,680000	0,055532
48,690000	0,053620
48,700000	0,054895
48,710000	0,054257
48,720000	0,054257
48,730000	0,053620
48,740000	0,054257
48,750000	0,052982
48,760000	0,053620
48,770000	0,052982
48,780000	0,052345
48,790000	0,051070
48,800000	0,051070
48,810000	0,052982
48,820000	0,053620
48,830000	0,053620
48,840000	0,055532
48,850000	0,051070
48,860000	0,051070
48,870000	0,052345
48,880000	0,051708
48,890000	0,052982
48,900000	0,051070
48,910000	0,052345
48,920000	0,050433
48,930000	0,052982
48,940000	0,051070
48,950000	0,052982
48,960000	0,047884
48,970000	0,051070
48,980000	0,049158
48,990000	0,052345
49,000000	0,051070
49,010000	0,051708
49,020000	0,049158
49,030000	0,049796
49,040000	0,051070
49,050000	0,051070
49,060000	0,049796
49,070000	0,049158
49,080000	0,048521
49,090000	0,049796
49,100000	0,051708
49,110000	0,048521
49,120000	0,047884
49,130000	0,048521
49,140000	0,051070
49,150000	0,050433
49,160000	0,048521
49,170000	0,051708
49,180000	0,050433
49,190000	0,049158
49,200000	0,049796
49,210000	0,049796
49,220000	0,049796
49,230000	0,049158
49,240000	0,049158
49,250000	0,048521
49,260000	0,050433
49,270000	0,049158
49,280000	0,050433
49,290000	0,049796
49,300000	0,048521
49,310000	0,048521
49,320000	0,047246
49,330000	0,049158
49,340000	0,048521
49,350000	0,047884
49,360000	0,048521
49,370000	0,049796
49,380000	0,049158
49,390000	0,049158
49,400000	0,047246
49,410000	0,047884
49,420000	0,047884
49,430000	0,048521
49,440000	0,046609
49,450000	0,049158
49,460000	0,047246
49,470000	0,049796
49,480000	0,047884
49,490000	0,049158
49,500000	0,051070
49,510000	0,047884
49,520000	0,046609
49,530000	0,048521
49,540000	0,049796
49,550000	0,047246
49,560000	0,049158
49,570000	0,052982
49,580000	0,046609
49,590000	0,051070
49,600000	0,050433
49,610000	0,049158
49,620000	0,051070
49,630000	0,051070
49,640000	0,050433
49,650000	0,053620
49,660000	0,052345
49,670000	0,051708
49,680000	0,052345
49,690000	0,054895
49,700000	0,055532
49,710000	0,056807
49,720000	0,055532
49,730000	0,055532
49,740000	0,055532
49,750000	0,056169
49,760000	0,058081
49,770000	0,057444
49,780000	0,057444
49,790000	0,059994
49,800000	0,059356
49,810000	0,058081
49,820000	0,060631
49,830000	0,061906
49,840000	0,063180
49,850000	0,062543
49,860000	0,065730
49,870000	0,065730
49,880000	0,066367
49,890000	0,066367
49,900000	0,067005
49,910000	0,068917
49,920000	0,068279
49,930000	0,071466
49,940000	0,072741
49,950000	0,070829
49,960000	0,073378
49,970000	0,077202
49,980000	0,076565
49,990000	0,077840
50,000000	0,077840
50,010000	0,081027
50,020000	0,081664
50,030000	0,083576
50,040000	0,083576
50,050000	0,086126
50,060000	0,088675
50,070000	0,089312
50,080000	0,089312
50,090000	0,093774
50,100000	0,091224
50,110000	0,098235
50,120000	0,102697
50,130000	0,100148
50,140000	0,094411
50,150000	0,105246
50,160000	0,103972
50,170000	0,100148
50,180000	0,109708
50,190000	0,107796
50,200000	0,103334
50,210000	0,098235
50,220000	0,107796
50,230000	0,103334
50,240000	0,112258
50,250000	0,108433
50,260000	0,117356
50,270000	0,115444
50,280000	0,110345
50,290000	0,112258
50,300000	0,104609
50,310000	0,114170
50,320000	0,110983
50,330000	0,110983
50,340000	0,123730
50,350000	0,116082
50,360000	0,133291
50,370000	0,109071
50,380000	0,117356
50,390000	0,125005
50,400000	0,130104
50,410000	0,121181
50,420000	0,119269
50,430000	0,136477
50,440000	0,121181
50,450000	0,121818
50,460000	0,105884
50,470000	0,121181
50,480000	0,118631
50,490000	0,147313
50,500000	0,154961
50,510000	0,121181
50,520000	0,119906
50,530000	0,156236
50,540000	0,120543
50,550000	0,116719
50,560000	0,144763
50,570000	0,114807
50,580000	0,111620
50,590000	0,131379
50,600000	0,112895
50,610000	0,110345
50,620000	0,109708
50,630000	0,099510
50,640000	0,105884
50,650000	0,102697
50,660000	0,093137
50,670000	0,099510
50,680000	0,098235
50,690000	0,097598
50,700000	0,095686
50,710000	0,093774
50,720000	0,096961
50,730000	0,091224
50,740000	0,088675
50,750000	0,086763
50,760000	0,084213
50,770000	0,086126
50,780000	0,084213
50,790000	0,081664
50,800000	0,078477
50,810000	0,079114
50,820000	0,082301
50,830000	0,077202
50,840000	0,076565
50,850000	0,076565
50,860000	0,075290
50,870000	0,067642
50,880000	0,074653
50,890000	0,071466
50,900000	0,074016
50,910000	0,070829
50,920000	0,070191
50,930000	0,067642
50,940000	0,067005
50,950000	0,066367
50,960000	0,068917
50,970000	0,065092
50,980000	0,064455
50,990000	0,067005
51,000000	0,063818
51,010000	0,063180
51,020000	0,065730
51,030000	0,057444
51,040000	0,061268
51,050000	0,056169
51,060000	0,065092
51,070000	0,059994
51,080000	0,056807
51,090000	0,058081
51,100000	0,061906
51,110000	0,061268
51,120000	0,056169
51,130000	0,057444
51,140000	0,060631
51,150000	0,056807
51,160000	0,061268
51,170000	0,058719
51,180000	0,056169
51,190000	0,065092
51,200000	0,054257
51,210000	0,055532
51,220000	0,062543
51,230000	0,045971
51,240000	0,054257
51,250000	0,054895
51,260000	0,049796
51,270000	0,053620
51,280000	0,054257
51,290000	0,047246
51,300000	0,052982
51,310000	0,050433
51,320000	0,062543
51,330000	0,053620
51,340000	0,051708
51,350000	0,057444
51,360000	0,056169
51,370000	0,051708
51,380000	0,038323
51,390000	0,051708
51,400000	0,051708
51,410000	0,052982
51,420000	0,041510
51,430000	0,051070
51,440000	0,051070
51,450000	0,044059
51,460000	0,049796
51,470000	0,051708
51,480000	0,061268
51,490000	0,052982
51,500000	0,051708
51,510000	0,056169
51,520000	0,049158
51,530000	0,049158
51,540000	0,048521
51,550000	0,049158
51,560000	0,051070
51,570000	0,050433
51,580000	0,049796
51,590000	0,048521
51,600000	0,048521
51,610000	0,050433
51,620000	0,047884
51,630000	0,051708
51,640000	0,048521
51,650000	0,050433
51,660000	0,050433
51,670000	0,052345
51,680000	0,049796
51,690000	0,051070
51,700000	0,050433
51,710000	0,048521
51,720000	0,048521
51,730000	0,049158
51,740000	0,052982
51,750000	0,049158
51,760000	0,045971
51,770000	0,049796
51,780000	0,047884
51,790000	0,048521
51,800000	0,049158
51,810000	0,047246
51,820000	0,050433
51,830000	0,048521
51,840000	0,045971
51,850000	0,051070
51,860000	0,044059
51,870000	0,050433
51,880000	0,046609
51,890000	0,045334
51,900000	0,052345
51,910000	0,047884
51,920000	0,041510
51,930000	0,053620
51,940000	0,047884
51,950000	0,046609
51,960000	0,048521
51,970000	0,045971
51,980000	0,048521
51,990000	0,048521
52,000000	0,045334
52,010000	0,045971
52,020000	0,048521
52,030000	0,047246
52,040000	0,045971
52,050000	0,041510
52,060000	0,047884
52,070000	0,048521
52,080000	0,044059
52,090000	0,049796
52,100000	0,051708
52,110000	0,057444
52,120000	0,052982
52,130000	0,052345
52,140000	0,051708
52,150000	0,056169
52,160000	0,053620
52,170000	0,061268
52,180000	0,049796
52,190000	0,054257
52,200000	0,052345
52,210000	0,044059
52,220000	0,055532
52,230000	0,055532
52,240000	0,058719
52,250000	0,054895
52,260000	0,056169
52,270000	0,079114
52,280000	0,055532
52,290000	0,056169
52,300000	0,058719
52,310000	0,056169
52,320000	0,059994
52,330000	0,062543
52,340000	0,051070
52,350000	0,065092
52,360000	0,063818
52,370000	0,053620
52,380000	0,063818
52,390000	0,064455
52,400000	0,063818
52,410000	0,067642
52,420000	0,067005
52,430000	0,070191
52,440000	0,070191
52,450000	0,070191
52,460000	0,076565
52,470000	0,075928
52,480000	0,077840
52,490000	0,079752
52,500000	0,077840
52,510000	0,080389
52,520000	0,081027
52,530000	0,084213
52,540000	0,081027
52,550000	0,082939
52,560000	0,091862
52,570000	0,091862
52,580000	0,093137
52,590000	0,091862
52,600000	0,091862
52,610000	0,093774
52,620000	0,095049
52,630000	0,091224
52,640000	0,103972
52,650000	0,098873
52,660000	0,099510
52,670000	0,100148
52,680000	0,113532
52,690000	0,112258
52,700000	0,104609
52,710000	0,099510
52,720000	0,110983
52,730000	0,109708
52,740000	0,109708
52,750000	0,107159
52,760000	0,113532
52,770000	0,118631
52,780000	0,117994
52,790000	0,103334
52,800000	0,123730
52,810000	0,110983
52,820000	0,118631
52,830000	0,112258
52,840000	0,131379
52,850000	0,126917
52,860000	0,115444
52,870000	0,112258
52,880000	0,125642
52,890000	0,120543
52,900000	0,137752
52,910000	0,114807
52,920000	0,116719
52,930000	0,137115
52,940000	0,125005
52,950000	0,122455
52,960000	0,124367
52,970000	0,107796
52,980000	0,120543
52,990000	0,144126
53,000000	0,141576
53,010000	0,119269
53,020000	0,126917
53,030000	0,118631
53,040000	0,124367
53,050000	0,116719
53,060000	0,143488
53,070000	0,114807
53,080000	0,123093
53,090000	0,114170
53,100000	0,114170
53,110000	0,110983
53,120000	0,072741
53,130000	0,110983
53,140000	0,102697
53,150000	0,105246
53,160000	0,089312
53,170000	0,102060
53,180000	0,102697
53,190000	0,084213
53,200000	0,102697
53,210000	0,095686
53,220000	0,116082
53,230000	0,096323
53,240000	0,092499
53,250000	0,093137
53,260000	0,084851
53,270000	0,088675
53,280000	0,087400
53,290000	0,082301
53,300000	0,083576
53,310000	0,081027
53,320000	0,077840
53,330000	0,077840
53,340000	0,074016
53,350000	0,077202
53,360000	0,073378
53,370000	0,072741
53,380000	0,074653
53,390000	0,074653
53,400000	0,075290
53,410000	0,071466
53,420000	0,072741
53,430000	0,068917
53,440000	0,070829
53,450000	0,067005
53,460000	0,066367
53,470000	0,071466
53,480000	0,067005
53,490000	0,059994
53,500000	0,061906
53,510000	0,069554
53,520000	0,063180
53,530000	0,062543
53,540000	0,061268
53,550000	0,062543
53,560000	0,066367
53,570000	0,056169
53,580000	0,054895
53,590000	0,059356
53,600000	0,058719
53,610000	0,063180
53,620000	0,052345
53,630000	0,056169
53,640000	0,059356
53,650000	0,055532
53,660000	0,053620
53,670000	0,056807
53,680000	0,058719
53,690000	0,056169
53,700000	0,061906
53,710000	0,049796
53,720000	0,056169
53,730000	0,049158
53,740000	0,048521
53,750000	0,051070
53,760000	0,048521
53,770000	0,052982
53,780000	0,056169
53,790000	0,042785
53,800000	0,049796
53,810000	0,052982
53,820000	0,049158
53,830000	0,065730
53,840000	0,051070
53,850000	0,059994
53,860000	0,063180
53,870000	0,052345
53,880000	0,057444
53,890000	0,066367
53,900000	0,051070
53,910000	0,049158
53,920000	0,040235
53,930000	0,058081
53,940000	0,052345
53,950000	0,068917
53,960000	0,060631
53,970000	0,051070
53,980000	0,049796
53,990000	0,072103
54,000000	0,051070
54,010000	0,048521
54,020000	0,072741
54,030000	0,050433
54,040000	0,051708
54,050000	0,051070
54,060000	0,051708
54,070000	0,050433
54,080000	0,052982
54,090000	0,041510
54,100000	0,051708
54,110000	0,052982
54,120000	0,043422
54,130000	0,052982
54,140000	0,049796
54,150000	0,054895
54,160000	0,050433
54,170000	0,047884
54,180000	0,052345
54,190000	0,048521
54,200000	0,049796
54,210000	0,048521
54,220000	0,049158
54,230000	0,047246
54,240000	0,048521
54,250000	0,047246
54,260000	0,047246
54,270000	0,045971
54,280000	0,049796
54,290000	0,045334
54,300000	0,045971
54,310000	0,044697
54,320000	0,049796
54,330000	0,048521
54,340000	0,050433
54,350000	0,045334
54,360000	0,051070
54,370000	0,047246
54,380000	0,045971
54,390000	0,049796
54,400000	0,046609
54,410000	0,049158
54,420000	0,052982
54,430000	0,044697
54,440000	0,051070
54,450000	0,051070
54,460000	0,048521
54,470000	0,050433
54,480000	0,049796
54,490000	0,047884
54,500000	0,050433
54,510000	0,050433
54,520000	0,045334
54,530000	0,052345
54,540000	0,043422
54,550000	0,046609
54,560000	0,045334
54,570000	0,046609
54,580000	0,052982
54,590000	0,048521
54,600000	0,048521
54,610000	0,048521
54,620000	0,052982
54,630000	0,056807
54,640000	0,049158
54,650000	0,054895
54,660000	0,045334
54,670000	0,058081
54,680000	0,051708
54,690000	0,054895
54,700000	0,049158
54,710000	0,048521
54,720000	0,052982
54,730000	0,040235
54,740000	0,052982
54,750000	0,054895
54,760000	0,052345
54,770000	0,070191
54,780000	0,051070
54,790000	0,059356
54,800000	0,070829
54,810000	0,063180
54,820000	0,061268
54,830000	0,063180
54,840000	0,061906
54,850000	0,055532
54,860000	0,061906
54,870000	0,031949
54,880000	0,065730
54,890000	0,059994
54,900000	0,052982
54,910000	0,066367
54,920000	0,067642
54,930000	0,074016
54,940000	0,043422
54,950000	0,072103
54,960000	0,075928
54,970000	0,075290
54,980000	0,073378
54,990000	0,077840
55,000000	0,081027
55,010000	0,082301
55,020000	0,085488
55,030000	0,082939
55,040000	0,077202
55,050000	0,084213
55,060000	0,082301
55,070000	0,089312
55,080000	0,085488
55,090000	0,089312
55,100000	0,099510
55,110000	0,091224
55,120000	0,092499
55,130000	0,094411
55,140000	0,104609
55,150000	0,096961
55,160000	0,097598
55,170000	0,094411
55,180000	0,091224
55,190000	0,100148
55,200000	0,108433
55,210000	0,096961
55,220000	0,091862
55,230000	0,103972
55,240000	0,117994
55,250000	0,103972
55,260000	0,117356
55,270000	0,112258
55,280000	0,119906
55,290000	0,102697
55,300000	0,098873
55,310000	0,121181
55,320000	0,120543
55,330000	0,126917
55,340000	0,121181
55,350000	0,113532
55,360000	0,121818
55,370000	0,117994
55,380000	0,116719
55,390000	0,127554
55,400000	0,116082
55,410000	0,102060
55,420000	0,112258
55,430000	0,119906
55,440000	0,117356
55,450000	0,123730
55,460000	0,117356
55,470000	0,121181
55,480000	0,112895
55,490000	0,124367
55,500000	0,114807
55,510000	0,127554
55,520000	0,134565
55,530000	0,118631
55,540000	0,132653
55,550000	0,103334
55,560000	0,119269
55,570000	0,117356
55,580000	0,130104
55,590000	0,122455
55,600000	0,116082
55,610000	0,096323
55,620000	0,151774
55,630000	0,109071
55,640000	0,093774
55,650000	0,078477
55,660000	0,105884
55,670000	0,105246
55,680000	0,094411
55,690000	0,095686
55,700000	0,102060
55,710000	0,113532
55,720000	0,099510
55,730000	0,089950
55,740000	0,086763
55,750000	0,079114
55,760000	0,091224
55,770000	0,082939
55,780000	0,079114
55,790000	0,086126
55,800000	0,081664
55,810000	0,061268
55,820000	0,080389
55,830000	0,079114
55,840000	0,074016
55,850000	0,075928
55,860000	0,074016
55,870000	0,078477
55,880000	0,074653
55,890000	0,075928
55,900000	0,075290
55,910000	0,076565
55,920000	0,068917
55,930000	0,072741
55,940000	0,064455
55,950000	0,070191
55,960000	0,068279
55,970000	0,064455
55,980000	0,065092
55,990000	0,063818
56,000000	0,063818
56,010000	0,064455
56,020000	0,061268
56,030000	0,061906
56,040000	0,065730
56,050000	0,059994
56,060000	0,063818
56,070000	0,053620
56,080000	0,063818
56,090000	0,062543
56,100000	0,052982
56,110000	0,059356
56,120000	0,059994
56,130000	0,058081
56,140000	0,058719
56,150000	0,052345
56,160000	0,061906
56,170000	0,056807
56,180000	0,056169
56,190000	0,058081
56,200000	0,047884
56,210000	0,058081
56,220000	0,058081
56,230000	0,045971
56,240000	0,053620
56,250000	0,060631
56,260000	0,052982
56,270000	0,055532
56,280000	0,057444
56,290000	0,053620
56,300000	0,061268
56,310000	0,053620
56,320000	0,051070
56,330000	0,056169
56,340000	0,045971
56,350000	0,059994
56,360000	0,050433
56,370000	0,047246
56,380000	0,061906
56,390000	0,052345
56,400000	0,054257
56,410000	0,056807
56,420000	0,049796
56,430000	0,052345
56,440000	0,038323
56,450000	0,048521
56,460000	0,050433
56,470000	0,037048
56,480000	0,059994
56,490000	0,051070
56,500000	0,057444
56,510000	0,062543
56,520000	0,050433
56,530000	0,045971
56,540000	0,063818
56,550000	0,051070
56,560000	0,052345
56,570000	0,040235
56,580000	0,052982
56,590000	0,052982
56,600000	0,035136
56,610000	0,051070
56,620000	0,051070
56,630000	0,050433
56,640000	0,063180
56,650000	0,050433
56,660000	0,051070
56,670000	0,061268
56,680000	0,051708
56,690000	0,050433
56,700000	0,054257
56,710000	0,049796
56,720000	0,051070
56,730000	0,045971
56,740000	0,046609
56,750000	0,049796
56,760000	0,048521
56,770000	0,045971
56,780000	0,048521
56,790000	0,045971
56,800000	0,049796
56,810000	0,046609
56,820000	0,046609
56,830000	0,046609
56,840000	0,049796
56,850000	0,044697
56,860000	0,044697
56,870000	0,045971
56,880000	0,049158
56,890000	0,045971
56,900000	0,047246
56,910000	0,050433
56,920000	0,047884
56,930000	0,049796
56,940000	0,044059
56,950000	0,046609
56,960000	0,049796
56,970000	0,050433
56,980000	0,047246
56,990000	0,047884
57,000000	0,051708
57,010000	0,052982
57,020000	0,045971
57,030000	0,054257
57,040000	0,051070
57,050000	0,061268
57,060000	0,045334
57,070000	0,045334
57,080000	0,054257
57,090000	0,048521
57,100000	0,044697
57,110000	0,049158
57,120000	0,051070
57,130000	0,044697
57,140000	0,049158
57,150000	0,048521
57,160000	0,054895
57,170000	0,048521
57,180000	0,052345
57,190000	0,056807
57,200000	0,048521
57,210000	0,051070
57,220000	0,045334
57,230000	0,053620
57,240000	0,054895
57,250000	0,055532
57,260000	0,051070
57,270000	0,054895
57,280000	0,055532
57,290000	0,054257
57,300000	0,061268
57,310000	0,055532
57,320000	0,073378
57,330000	0,062543
57,340000	0,060631
57,350000	0,054895
57,360000	0,052982
57,370000	0,072103
57,380000	0,088038
57,390000	0,056807
57,400000	0,065092
57,410000	0,063180
57,420000	0,090587
57,430000	0,061906
57,440000	0,063180
57,450000	0,102060
57,460000	0,068279
57,470000	0,070829
57,480000	0,072103
57,490000	0,069554
57,500000	0,074016
57,510000	0,058081
57,520000	0,075290
57,530000	0,081664
57,540000	0,066367
57,550000	0,081027
57,560000	0,081664
57,570000	0,085488
57,580000	0,088675
57,590000	0,086763
57,600000	0,089312
57,610000	0,089312
57,620000	0,091224
57,630000	0,089312
57,640000	0,093774
57,650000	0,100785
57,660000	0,099510
57,670000	0,098235
57,680000	0,097598
57,690000	0,097598
57,700000	0,108433
57,710000	0,098873
57,720000	0,103972
57,730000	0,106521
57,740000	0,108433
57,750000	0,105884
57,760000	0,107796
57,770000	0,105246
57,780000	0,110345
57,790000	0,110983
57,800000	0,110983
57,810000	0,116082
57,820000	0,117356
57,830000	0,112895
57,840000	0,107796
57,850000	0,109708
57,860000	0,118631
57,870000	0,116719
57,880000	0,117356
57,890000	0,102060
57,900000	0,121181
57,910000	0,124367
57,920000	0,107796
57,930000	0,107159
57,940000	0,132016
57,950000	0,117994
57,960000	0,117356
57,970000	0,125005
57,980000	0,120543
57,990000	0,116082
58,000000	0,112895
58,010000	0,117994
58,020000	0,121818
58,030000	0,112258
58,040000	0,114807
58,050000	0,121181
58,060000	0,137752
58,070000	0,125642
58,080000	0,118631
58,090000	0,102060
58,100000	0,137752
58,110000	0,122455
58,120000	0,114170
58,130000	0,133291
58,140000	0,124367
58,150000	0,125005
58,160000	0,117356
58,170000	0,123093
58,180000	0,119269
58,190000	0,127554
58,200000	0,119906
58,210000	0,123093
58,220000	0,144126
58,230000	0,126917
58,240000	0,126280
58,250000	0,092499
58,260000	0,128829
58,270000	0,124367
58,280000	0,080389
58,290000	0,119906
58,300000	0,125005
58,310000	0,133291
58,320000	0,132653
58,330000	0,128829
58,340000	0,137115
58,350000	0,125642
58,360000	0,126917
58,370000	0,124367
58,380000	0,130104
58,390000	0,126280
58,400000	0,124367
58,410000	0,125005
58,420000	0,130104
58,430000	0,124367
58,440000	0,123730
58,450000	0,122455
58,460000	0,126917
58,470000	0,122455
58,480000	0,127554
58,490000	0,122455
58,500000	0,125642
58,510000	0,127554
58,520000	0,128829
58,530000	0,126280
58,540000	0,128192
58,550000	0,126917
58,560000	0,129466
58,570000	0,126917
58,580000	0,128829
58,590000	0,125642
58,600000	0,128192
58,610000	0,132016
58,620000	0,130104
58,630000	0,127554
58,640000	0,127554
58,650000	0,126917
58,660000	0,132653
58,670000	0,131379
58,680000	0,130104
58,690000	0,132653
58,700000	0,129466
58,710000	0,126280
58,720000	0,138390
58,730000	0,125005
58,740000	0,128829
58,750000	0,129466
58,760000	0,127554
58,770000	0,117994
58,780000	0,130104
58,790000	0,128829
58,800000	0,126280
58,810000	0,126280
58,820000	0,131379
58,830000	0,127554
58,840000	0,128829
58,850000	0,129466
58,860000	0,126917
58,870000	0,127554
58,880000	0,130104
58,890000	0,118631
58,900000	0,134565
58,910000	0,128192
58,920000	0,137752
58,930000	0,133291
58,940000	0,130104
58,950000	0,130741
58,960000	0,132016
58,970000	0,132016
58,980000	0,130741
58,990000	0,128192
59,000000	0,135203
59,010000	0,125005
59,020000	0,136477
59,030000	0,128829
59,040000	0,141576
59,050000	0,129466
59,060000	0,133291
59,070000	0,128829
59,080000	0,132016
59,090000	0,130741
59,100000	0,132653
59,110000	0,149225
59,120000	0,126917
59,130000	0,132016
59,140000	0,130104
59,150000	0,128192
59,160000	0,132653
59,170000	0,124367
59,180000	0,126917
59,190000	0,126917
59,200000	0,126917
59,210000	0,132016
59,220000	0,132653
59,230000	0,130104
59,240000	0,130104
59,250000	0,128829
59,260000	0,130104
59,270000	0,132653
59,280000	0,129466
59,290000	0,128829
59,300000	0,131379
59,310000	0,128192
59,320000	0,134565
59,330000	0,129466
59,340000	0,136477
59,350000	0,129466
59,360000	0,135840
59,370000	0,134565
59,380000	0,134565
59,390000	0,129466
59,400000	0,136477
59,410000	0,132016
59,420000	0,132016
59,430000	0,130741
59,440000	0,132016
59,450000	0,130104
59,460000	0,131379
59,470000	0,130104
59,480000	0,132653
59,490000	0,132653
59,500000	0,126280
59,510000	0,132653
59,520000	0,133928
59,530000	0,133291
59,540000	0,132016
59,550000	0,131379
59,560000	0,132016
59,570000	0,133928
59,580000	0,135203
59,590000	0,132016
59,600000	0,132653
59,610000	0,131379
59,620000	0,135840
59,630000	0,133291
59,640000	0,132016
59,650000	0,135840
59,660000	0,132016
59,670000	0,132653
59,680000	0,133291
59,690000	0,132016
59,700000	0,132016
59,710000	0,131379
59,720000	0,134565
59,730000	0,132016
59,740000	0,134565
59,750000	0,131379
59,760000	0,134565
59,770000	0,134565
59,780000	0,133291
59,790000	0,133928
59,800000	0,133928
59,810000	0,136477
59,820000	0,135203
59,830000	0,136477
59,840000	0,134565
59,850000	0,128829
59,860000	0,133928
59,870000	0,131379
59,880000	0,135203
59,890000	0,135203
59,900000	0,137752
59,910000	0,134565
59,920000	0,135840
59,930000	0,135203
59,940000	0,133291
59,950000	0,132653
59,960000	0,133291
59,970000	0,133928
59,980000	0,135203
59,990000	0,132016
60,000000	0,132653
60,010000	0,133291
60,020000	0,133928
60,030000	0,133291
60,040000	0,132653
60,050000	0,135203
60,060000	0,133928
60,070000	0,132653
60,080000	0,135203
60,090000	0,132653
60,100000	0,132016
60,110000	0,133291
60,120000	0,138390
60,130000	0,135840
60,140000	0,134565
60,150000	0,135840
60,160000	0,136477
60,170000	0,135203
60,180000	0,134565
60,190000	0,133928
60,200000	0,132653
60,210000	0,133291
60,220000	0,135203
60,230000	0,135203
60,240000	0,136477
60,250000	0,133291
60,260000	0,135203
60,270000	0,133928
60,280000	0,136477
60,290000	0,132653
60,300000	0,135840
60,310000	0,136477
60,320000	0,137752
60,330000	0,130104
60,340000	0,137115
60,350000	0,134565
60,360000	0,137752
60,370000	0,132653
60,380000	0,137115
60,390000	0,137115
60,400000	0,136477
60,410000	0,135203
60,420000	0,137115
60,430000	0,133291
60,440000	0,135203
60,450000	0,133928
60,460000	0,137752
60,470000	0,137752
60,480000	0,137752
60,490000	0,142851
60,500000	0,134565
60,510000	0,139664
60,520000	0,135203
60,530000	0,135203
60,540000	0,138390
60,550000	0,133928
60,560000	0,135203
60,570000	0,135840
60,580000	0,136477
60,590000	0,137115
60,600000	0,137752
60,610000	0,137752
60,620000	0,136477
60,630000	0,138390
60,640000	0,136477
60,650000	0,137752
60,660000	0,137115
60,670000	0,135203
60,680000	0,137752
60,690000	0,140302
60,700000	0,140939
60,710000	0,137752
60,720000	0,133928
60,730000	0,139664
60,740000	0,136477
60,750000	0,142851
60,760000	0,135840
60,770000	0,135840
60,780000	0,136477
60,790000	0,135203
60,800000	0,139664
60,810000	0,137752
60,820000	0,137115
60,830000	0,137115
60,840000	0,138390
60,850000	0,137752
60,860000	0,135203
60,870000	0,142214
60,880000	0,137752
60,890000	0,137752
60,900000	0,137752
60,910000	0,139664
60,920000	0,137752
60,930000	0,139027
60,940000	0,137115
60,950000	0,139664
60,960000	0,137115
60,970000	0,139664
60,980000	0,136477
60,990000	0,139027
61,000000	0,137115
61,010000	0,136477
61,020000	0,137115
61,030000	0,139027
61,040000	0,140302
61,050000	0,138390
61,060000	0,139664
61,070000	0,137115
61,080000	0,136477
61,090000	0,137115
61,100000	0,137115
61,110000	0,138390
61,120000	0,137752
61,130000	0,139664
61,140000	0,137752
61,150000	0,140302
61,160000	0,135840
61,170000	0,139664
61,180000	0,138390
61,190000	0,137752
61,200000	0,136477
61,210000	0,137115
61,220000	0,137752
61,230000	0,135840
61,240000	0,138390
61,250000	0,137752
61,260000	0,134565
61,270000	0,140302
61,280000	0,139027
61,290000	0,137115
61,300000	0,135840
61,310000	0,140302
61,320000	0,136477
61,330000	0,140939
61,340000	0,136477
61,350000	0,136477
61,360000	0,135840
61,370000	0,136477
61,380000	0,136477
61,390000	0,136477
61,400000	0,135203
61,410000	0,136477
61,420000	0,139664
61,430000	0,139027
61,440000	0,137115
61,450000	0,137752
61,460000	0,140302
61,470000	0,137115
61,480000	0,137752
61,490000	0,144126
61,500000	0,137752
61,510000	0,138390
61,520000	0,139664
61,530000	0,137752
61,540000	0,137752
61,550000	0,136477
61,560000	0,137752
61,570000	0,134565
61,580000	0,138390
61,590000	0,135203
61,600000	0,139664
61,610000	0,137752
61,620000	0,139027
61,630000	0,137752
61,640000	0,138390
61,650000	0,136477
61,660000	0,137115
61,670000	0,135840
61,680000	0,135840
61,690000	0,137752
61,700000	0,137752
61,710000	0,136477
61,720000	0,137752
61,730000	0,135203
61,740000	0,139027
61,750000	0,139027
61,760000	0,137115
61,770000	0,136477
61,780000	0,136477
61,790000	0,139027
61,800000	0,141576
61,810000	0,140302
61,820000	0,139027
61,830000	0,136477
61,840000	0,137752
61,850000	0,137115
61,860000	0,137115
61,870000	0,138390
61,880000	0,138390
61,890000	0,137752
61,900000	0,138390
61,910000	0,137752
61,920000	0,138390
61,930000	0,133928
61,940000	0,140302
61,950000	0,138390
61,960000	0,136477
61,970000	0,134565
61,980000	0,138390
61,990000	0,137752
62,000000	0,138390
62,010000	0,138390
62,020000	0,139027
62,030000	0,140302
62,040000	0,141576
62,050000	0,136477
62,060000	0,139664
62,070000	0,140302
62,080000	0,142851
62,090000	0,139027
62,100000	0,133928
62,110000	0,137752
62,120000	0,137752
62,130000	0,147950
62,140000	0,137752
62,150000	0,135203
62,160000	0,142851
62,170000	0,139664
62,180000	0,138390
62,190000	0,141576
62,200000	0,133291
62,210000	0,138390
62,220000	0,137115
62,230000	0,125642
62,240000	0,142851
62,250000	0,135840
62,260000	0,141576
62,270000	0,139027
62,280000	0,151137
62,290000	0,136477
62,300000	0,141576
62,310000	0,134565
62,320000	0,142851
62,330000	0,144763
62,340000	0,139027
62,350000	0,140302
62,360000	0,135203
62,370000	0,137115
62,380000	0,137752
62,390000	0,140302
62,400000	0,147313
62,410000	0,140302
62,420000	0,142851
62,430000	0,144126
62,440000	0,137752
62,450000	0,162609
62,460000	0,139664
62,470000	0,141576
62,480000	0,149225
62,490000	0,136477
62,500000	0,144763
62,510000	0,137752
62,520000	0,135203
62,530000	0,138390
62,540000	0,136477
62,550000	0,141576
62,560000	0,142851
62,570000	0,158148
62,580000	0,139027
62,590000	0,141576
62,600000	0,144126
62,610000	0,139664
62,620000	0,122455
62,630000	0,139027
62,640000	0,139664
62,650000	0,133928
62,660000	0,142214
62,670000	0,141576
62,680000	0,140939
62,690000	0,139027
62,700000	0,141576
62,710000	0,140302
62,720000	0,140302
62,730000	0,137752
62,740000	0,138390
62,750000	0,141576
62,760000	0,138390
62,770000	0,132016
62,780000	0,139027
62,790000	0,141576
62,800000	0,142851
62,810000	0,144763
62,820000	0,139664
62,830000	0,142851
62,840000	0,139664
62,850000	0,138390
62,860000	0,139664
62,870000	0,147950
62,880000	0,137115
62,890000	0,139664
62,900000	0,139664
62,910000	0,130104
62,920000	0,140302
62,930000	0,140302
62,940000	0,132016
62,950000	0,137752
62,960000	0,150499
62,970000	0,140302
62,980000	0,141576
62,990000	0,133291
63,000000	0,139664
63,010000	0,140302
63,020000	0,144126
63,030000	0,141576
63,040000	0,129466
63,050000	0,137115
63,060000	0,138390
63,070000	0,138390
63,080000	0,161335
63,090000	0,140302
63,100000	0,142214
63,110000	0,131379
63,120000	0,141576
63,130000	0,132016
63,140000	0,139664
63,150000	0,142851
63,160000	0,154961
63,170000	0,137752
63,180000	0,142851
63,190000	0,139664
63,200000	0,134565
63,210000	0,140302
63,220000	0,137752
63,230000	0,144763
63,240000	0,140939
63,250000	0,147313
63,260000	0,142214
63,270000	0,144763
63,280000	0,140302
63,290000	0,137752
63,300000	0,151137
63,310000	0,139027
63,320000	0,142851
63,330000	0,142851
63,340000	0,139664
63,350000	0,153049
63,360000	0,142851
63,370000	0,161972
63,380000	0,140302
63,390000	0,150499
63,400000	0,142851
63,410000	0,137115
63,420000	0,141576
63,430000	0,135840
63,440000	0,138390
63,450000	0,140302
63,460000	0,136477
63,470000	0,149225
63,480000	0,140302
63,490000	0,139027
63,500000	0,143488
63,510000	0,138390
63,520000	0,132653
63,530000	0,136477
63,540000	0,145401
63,550000	0,143488
63,560000	0,145401
63,570000	0,137752
63,580000	0,137752
63,590000	0,142851
63,600000	0,142851
63,610000	0,138390
63,620000	0,140939
63,630000	0,142851
63,640000	0,124367
63,650000	0,139027
63,660000	0,146038
63,670000	0,138390
63,680000	0,140302
63,690000	0,137752
63,700000	0,142851
63,710000	0,135203
63,720000	0,141576
63,730000	0,123730
63,740000	0,139027
63,750000	0,137752
63,760000	0,135840
63,770000	0,140939
63,780000	0,134565
63,790000	0,140302
63,800000	0,139664
63,810000	0,138390
63,820000	0,140939
63,830000	0,140939
63,840000	0,138390
63,850000	0,165796
63,860000	0,140302
63,870000	0,140302
63,880000	0,137752
63,890000	0,138390
63,900000	0,132653
63,910000	0,143488
63,920000	0,138390
63,930000	0,139027
63,940000	0,139664
63,950000	0,144126
63,960000	0,140939
63,970000	0,139664
63,980000	0,138390
63,990000	0,138390
64,000000	0,148587
64,010000	0,137115
64,020000	0,132016
64,030000	0,141576
64,040000	0,136477
64,050000	0,137752
64,060000	0,142851
64,070000	0,143488
64,080000	0,139664
64,090000	0,143488
64,100000	0,140302
64,110000	0,137115
64,120000	0,141576
64,130000	0,140939
64,140000	0,138390
64,150000	0,143488
64,160000	0,140939
64,170000	0,142214
64,180000	0,142851
64,190000	0,125005
64,200000	0,144763
64,210000	0,139027
64,220000	0,142851
64,230000	0,140939
64,240000	0,142851
64,250000	0,139027
64,260000	0,141576
64,270000	0,144126
64,280000	0,142214
64,290000	0,140939
64,300000	0,143488
64,310000	0,140302
64,320000	0,139664
64,330000	0,137115
64,340000	0,140302
64,350000	0,142214
64,360000	0,146038
64,370000	0,140302
64,380000	0,144763
64,390000	0,142851
64,400000	0,139664
64,410000	0,142214
64,420000	0,140302
64,430000	0,140939
64,440000	0,142214
64,450000	0,140939
64,460000	0,137752
64,470000	0,143488
64,480000	0,140939
64,490000	0,144126
64,500000	0,136477
64,510000	0,142851
64,520000	0,142214
64,530000	0,142851
64,540000	0,142851
64,550000	0,145401
64,560000	0,139664
64,570000	0,140302
64,580000	0,140939
64,590000	0,142851
64,600000	0,137752
64,610000	0,144763
64,620000	0,144763
64,630000	0,156873
64,640000	0,144763
64,650000	0,142851
64,660000	0,140302
64,670000	0,145401
64,680000	0,142214
64,690000	0,140302
64,700000	0,138390
64,710000	0,135840
64,720000	0,143488
64,730000	0,142851
64,740000	0,142851
64,750000	0,147313
64,760000	0,142214
64,770000	0,145401
64,780000	0,143488
64,790000	0,144126
64,800000	0,137115
64,810000	0,141576
64,820000	0,140939
64,830000	0,143488
64,840000	0,139027
64,850000	0,143488
64,860000	0,146038
64,870000	0,139664
64,880000	0,144763
64,890000	0,147950
64,900000	0,144763
64,910000	0,141576
64,920000	0,154324
64,930000	0,138390
64,940000	0,145401
64,950000	0,142851
64,960000	0,145401
64,970000	0,140302
64,980000	0,142851
64,990000	0,141576
65,000000	0,142851
65,010000	0,143488
65,020000	0,145401
65,030000	0,141576
65,040000	0,144763
65,050000	0,143488
65,060000	0,149862
65,070000	0,143488
65,080000	0,141576
65,090000	0,156873
65,100000	0,142214
65,110000	0,141576
65,120000	0,143488
65,130000	0,144126
65,140000	0,135840
65,150000	0,141576
65,160000	0,142851
65,170000	0,140939
65,180000	0,144763
65,190000	0,141576
65,200000	0,142851
65,210000	0,142851
65,220000	0,144763
65,230000	0,141576
65,240000	0,146038
65,250000	0,142214
65,260000	0,147313
65,270000	0,140302
65,280000	0,145401
65,290000	0,142214
65,300000	0,152412
65,310000	0,140302
65,320000	0,142851
65,330000	0,138390
65,340000	0,142851
65,350000	0,136477
65,360000	0,145401
65,370000	0,139664
65,380000	0,139664
65,390000	0,141576
65,400000	0,137115
65,410000	0,143488
65,420000	0,145401
65,430000	0,130104
65,440000	0,142214
65,450000	0,142851
65,460000	0,141576
65,470000	0,136477
65,480000	0,142851
65,490000	0,142851
65,500000	0,144763
65,510000	0,141576
65,520000	0,142851
65,530000	0,142851
65,540000	0,142851
65,550000	0,162609
65,560000	0,142851
65,570000	0,143488
65,580000	0,140302
65,590000	0,140302
65,600000	0,167708
65,610000	0,142214
65,620000	0,149862
65,630000	0,142214
65,640000	0,139027
65,650000	0,138390
65,660000	0,137752
65,670000	0,137115
65,680000	0,141576
65,690000	0,145401
65,700000	0,144763
65,710000	0,142851
65,720000	0,142214
65,730000	0,140302
65,740000	0,144126
65,750000	0,140302
65,760000	0,142214
65,770000	0,142851
65,780000	0,141576
65,790000	0,124367
65,800000	0,144126
65,810000	0,142851
65,820000	0,141576
65,830000	0,142851
65,840000	0,144126
65,850000	0,146038
65,860000	0,140939
65,870000	0,144763
65,880000	0,139027
65,890000	0,144126
65,900000	0,142851
65,910000	0,146038
65,920000	0,160060
65,930000	0,139664
65,940000	0,140302
65,950000	0,142851
65,960000	0,142214
65,970000	0,144763
65,980000	0,141576
65,990000	0,161972
66,000000	0,139664
66,010000	0,142214
66,020000	0,147950
66,030000	0,139027
66,040000	0,135840
66,050000	0,140302
66,060000	0,144763
66,070000	0,140939
66,080000	0,141576
66,090000	0,144763
66,100000	0,144763
66,110000	0,110983
66,120000	0,140302
66,130000	0,142851
66,140000	0,142851
66,150000	0,142851
66,160000	0,143488
66,170000	0,143488
66,180000	0,142214
66,190000	0,145401
66,200000	0,140302
66,210000	0,132653
66,220000	0,146038
66,230000	0,142851
66,240000	0,144763
66,250000	0,144126
66,260000	0,175357
66,270000	0,146038
66,280000	0,126280
66,290000	0,143488
66,300000	0,149862
66,310000	0,141576
66,320000	0,147313
66,330000	0,133928
66,340000	0,143488
66,350000	0,142214
66,360000	0,142851
66,370000	0,144763
66,380000	0,162609
66,390000	0,140302
66,400000	0,143488
66,410000	0,145401
66,420000	0,142851
66,430000	0,142851
66,440000	0,145401
66,450000	0,140302
66,460000	0,142214
66,470000	0,145401
66,480000	0,144763
66,490000	0,146038
66,500000	0,142214
66,510000	0,142851
66,520000	0,145401
66,530000	0,142214
66,540000	0,147313
66,550000	0,165159
66,560000	0,142214
66,570000	0,142851
66,580000	0,147313
66,590000	0,137752
66,600000	0,141576
66,610000	0,140302
66,620000	0,142851
66,630000	0,140939
66,640000	0,144763
66,650000	0,145401
66,660000	0,143488
66,670000	0,146675
66,680000	0,142851
66,690000	0,139664
66,700000	0,143488
66,710000	0,144126
66,720000	0,143488
66,730000	0,141576
66,740000	0,140302
66,750000	0,144763
66,760000	0,151137
66,770000	0,143488
66,780000	0,144763
66,790000	0,142851
66,800000	0,144763
66,810000	0,133928
66,820000	0,141576
66,830000	0,143488
66,840000	0,163884
66,850000	0,145401
66,860000	0,146038
66,870000	0,142214
66,880000	0,145401
66,890000	0,139664
66,900000	0,146038
66,910000	0,140302
66,920000	0,146038
66,930000	0,145401
66,940000	0,144763
66,950000	0,144126
66,960000	0,144126
66,970000	0,144126
66,980000	0,144763
66,990000	0,140939
