LabVIEW Measurement	
Writer_Version	2
Reader_Version	2
Separator	Tab
Decimal_Separator	,
Multi_Headings	No
X_Columns	One
Time_Pref	Absolute
Operator	lpdan
Date	2026/05/26
Time	09:54:03,8407613833529402441
***End_of_Header***	
	
Channels	1	
Samples	100	
Date	2026/05/26	
Time	09:54:03,8407613833529402441	
Y_Unit_Label	Volts	
X_Dimension	Time	
X0	0,0000000000000000E+0	
Delta_X	0,010000	
***End_of_Header***		
X_Value	Voltage	Comment
0,000000	0,455798
0,010000	0,016653
0,020000	0,277973
0,030000	0,487666
0,040000	0,342347
0,050000	0,227621
0,060000	0,504875
0,070000	0,344259
0,080000	0,250566
0,090000	0,300918
0,100000	0,188741
0,110000	0,252478
0,120000	-0,048996
0,130000	0,069554
0,140000	0,228258
0,150000	-0,100623
0,160000	0,096961
0,170000	0,291995
0,180000	0,545666
0,190000	0,316852
0,200000	0,258214
0,210000	0,550765
0,220000	0,307929
0,230000	0,244192
0,240000	-0,000556
0,250000	0,376764
0,260000	0,244830
0,270000	-0,351108
0,280000	0,237819
0,290000	0,292632
0,300000	0,290083
0,310000	0,262039
0,320000	0,236544
0,330000	0,290083
0,340000	0,239731
0,350000	0,224434
0,360000	0,447512
0,370000	0,262039
0,380000	0,258214
0,390000	0,413094
0,400000	0,256302
0,410000	0,297731
0,420000	0,202763
0,430000	0,282434
0,440000	0,228896
0,450000	0,284346
0,460000	0,234632
0,470000	0,297731
0,480000	0,361468
0,490000	0,257577
0,500000	0,317489
0,510000	0,237181
0,520000	0,244192
0,530000	0,296456
0,540000	0,190654
0,550000	0,183643
0,560000	0,223797
0,570000	0,243555
0,580000	0,097598
0,590000	0,274148
0,600000	0,383138
0,610000	0,243555
0,620000	0,346808
0,630000	0,304742
0,640000	0,403534
0,650000	0,219335
0,660000	0,166434
0,670000	0,263951
0,680000	0,270324
0,690000	0,245467
0,700000	0,218698
0,710000	0,234632
0,720000	0,355094
0,730000	0,200214
0,740000	0,266500
0,750000	0,481930
0,760000	0,210412
0,770000	0,091224
0,780000	0,177906
0,790000	0,383138
0,800000	0,088675
0,810000	0,082939
0,820000	0,408633
0,830000	0,209137
0,840000	0,175357
0,850000	0,269687
0,860000	0,249929
0,870000	0,276061
0,880000	0,127554
0,890000	0,191928
0,900000	0,239731
0,910000	0,491490
0,920000	0,014103
0,930000	0,221884
0,940000	0,156873
0,950000	0,026850
0,960000	0,262039
0,970000	0,300918
0,980000	0,413094
0,990000	0,415644
1,000000	0,376127
1,010000	0,364017
1,020000	0,236544
1,030000	0,377402
1,040000	0,479380
1,050000	0,211687
1,060000	0,130741
1,070000	0,040235
1,080000	0,232082
1,090000	0,213599
1,100000	0,074653
1,110000	0,216148
1,120000	0,158148
1,130000	0,673140
1,140000	0,198939
1,150000	0,187467
1,160000	0,680788
1,170000	0,267137
1,180000	0,202763
1,190000	-0,009479
1,200000	0,238456
1,210000	0,221884
1,220000	-0,108908
1,230000	0,212961
1,240000	0,288808
1,250000	0,174719
1,260000	0,269687
1,270000	0,197665
1,280000	0,284984
1,290000	0,254390
1,300000	0,250566
1,310000	0,235907
1,320000	0,242280
1,330000	0,314940
1,340000	0,234632
1,350000	0,276061
1,360000	0,277335
1,370000	0,292632
1,380000	0,268412
1,390000	0,252478
1,400000	0,326413
1,410000	0,262676
1,420000	0,234632
1,430000	0,191291
1,440000	0,355731
1,450000	0,193840
1,460000	0,184280
1,470000	0,200214
1,480000	0,267137
1,490000	0,197665
1,500000	0,282434
1,510000	0,275423
1,520000	0,315577
1,530000	0,239731
1,540000	0,216148
1,550000	0,246742
1,560000	0,244192
1,570000	0,184280
1,580000	0,174082
1,590000	0,252478
1,600000	0,207862
1,610000	0,238456
1,620000	0,185555
1,630000	0,209137
1,640000	0,202126
1,650000	0,248016
1,660000	0,376127
1,670000	0,211687
1,680000	0,315577
1,690000	0,240368
1,700000	0,237181
1,710000	0,270962
1,720000	0,203401
1,730000	0,160697
1,740000	0,318127
1,750000	0,240368
1,760000	0,226983
1,770000	0,249929
1,780000	0,523359
1,790000	0,341709
1,800000	0,241005
1,810000	-0,005018
1,820000	0,177906
1,830000	0,243555
1,840000	0,060631
1,850000	-0,085963
1,860000	0,230808
1,870000	-0,104447
1,880000	0,559051
1,890000	0,239731
1,900000	0,413732
1,910000	0,619601
1,920000	0,254390
1,930000	0,281160
1,940000	0,339797
1,950000	0,264588
1,960000	0,280522
1,970000	-0,038161
1,980000	0,248654
1,990000	0,328962
2,000000	-0,363855
2,010000	0,262676
2,020000	0,259489
2,030000	0,202126
2,040000	0,253115
2,050000	0,252478
2,060000	0,276698
2,070000	0,247379
2,080000	0,246742
2,090000	0,315577
2,100000	0,249929
2,110000	0,260126
2,120000	0,248654
2,130000	0,249929
2,140000	0,255028
2,150000	0,241005
2,160000	0,249929
2,170000	0,240368
2,180000	0,256940
2,190000	0,239731
2,200000	0,247379
2,210000	0,272236
2,220000	0,256940
2,230000	0,265863
2,240000	0,254390
2,250000	0,242280
2,260000	0,248654
2,270000	0,260764
2,280000	0,241643
2,290000	0,241643
2,300000	0,257577
2,310000	0,248654
2,320000	0,258852
2,330000	0,272236
2,340000	0,262676
2,350000	0,279247
2,360000	0,244830
2,370000	0,280522
2,380000	0,262676
2,390000	0,259489
2,400000	0,232720
2,410000	0,232082
2,420000	0,249291
2,430000	0,257577
2,440000	0,265225
2,450000	0,249929
2,460000	0,293907
2,470000	0,235269
2,480000	0,228896
2,490000	0,254390
2,500000	0,248016
2,510000	0,233357
2,520000	0,227621
2,530000	0,239093
2,540000	0,231445
2,550000	0,251203
2,560000	0,256302
2,570000	0,248654
2,580000	0,262039
2,590000	0,255028
2,600000	0,246742
2,610000	0,249291
2,620000	0,237181
2,630000	0,234632
2,640000	0,222522
2,650000	0,260126
2,660000	0,253753
2,670000	0,239093
2,680000	0,267775
2,690000	0,259489
2,700000	0,283709
2,710000	0,258852
2,720000	0,240368
2,730000	0,228896
2,740000	0,247379
2,750000	0,277335
2,760000	0,232082
2,770000	0,251203
2,780000	0,202126
2,790000	0,232720
2,800000	0,251841
2,810000	0,244830
2,820000	0,300281
2,830000	0,251841
2,840000	0,270962
2,850000	0,309204
2,860000	0,252478
2,870000	0,249291
2,880000	0,272236
2,890000	0,259489
2,900000	0,242280
2,910000	0,235907
2,920000	0,248654
2,930000	0,250566
2,940000	0,189379
2,950000	0,252478
2,960000	0,249291
2,970000	0,249291
2,980000	0,244192
2,990000	0,249929
3,000000	0,253115
3,010000	0,258852
3,020000	0,244830
3,030000	0,255665
3,040000	0,260764
3,050000	0,244192
3,060000	0,253115
3,070000	0,255028
3,080000	0,255028
3,090000	0,251203
3,100000	0,248654
3,110000	0,259489
3,120000	0,247379
3,130000	0,255665
3,140000	0,242280
3,150000	0,249929
3,160000	0,248016
3,170000	0,253753
3,180000	0,249929
3,190000	0,224434
3,200000	0,242918
3,210000	0,233357
3,220000	0,255665
3,230000	0,265225
3,240000	0,258852
3,250000	0,265863
3,260000	0,254390
3,270000	0,246104
3,280000	0,249291
3,290000	0,249291
3,300000	0,228896
3,310000	0,229533
3,320000	0,241643
3,330000	0,241005
3,340000	0,237819
3,350000	0,234632
3,360000	0,259489
3,370000	0,252478
3,380000	0,237181
3,390000	0,272236
3,400000	0,239731
3,410000	0,257577
3,420000	0,242918
3,430000	0,251841
3,440000	0,260764
3,450000	0,235269
3,460000	0,259489
3,470000	0,255028
3,480000	0,269687
3,490000	0,215511
3,500000	0,256940
3,510000	0,286896
3,520000	0,236544
3,530000	0,250566
3,540000	0,192566
3,550000	0,215511
3,560000	0,249291
3,570000	0,188741
3,580000	0,208500
3,590000	0,260126
3,600000	0,223159
3,610000	0,217423
3,620000	0,255028
3,630000	0,262676
3,640000	0,311753
3,650000	0,259489
3,660000	0,253753
3,670000	0,278610
3,680000	0,256940
3,690000	0,257577
3,700000	0,172807
3,710000	0,272874
3,720000	0,249291
3,730000	0,154324
3,740000	0,251841
3,750000	0,253115
3,760000	0,281160
3,770000	0,253753
3,780000	0,249291
3,790000	0,310478
3,800000	0,245467
3,810000	0,247379
3,820000	0,253753
3,830000	0,251203
3,840000	0,246742
3,850000	0,245467
3,860000	0,232720
3,870000	0,255028
3,880000	0,238456
3,890000	0,246104
3,900000	0,253115
3,910000	0,251203
3,920000	0,255665
3,930000	0,259489
3,940000	0,262039
3,950000	0,247379
3,960000	0,246104
3,970000	0,255028
3,980000	0,259489
3,990000	0,247379
4,000000	0,240368
4,010000	0,249291
4,020000	0,260764
4,030000	0,258852
4,040000	0,278610
4,050000	0,244192
4,060000	0,257577
4,070000	0,262039
4,080000	0,244830
4,090000	0,244192
4,100000	0,255665
4,110000	0,237181
4,120000	0,241005
4,130000	0,224434
4,140000	0,237819
4,150000	0,265863
4,160000	0,233357
4,170000	0,240368
4,180000	0,257577
4,190000	0,265225
4,200000	0,252478
4,210000	0,246742
4,220000	0,250566
4,230000	0,245467
4,240000	0,225709
4,250000	0,245467
4,260000	0,248654
4,270000	0,219335
4,280000	0,248016
4,290000	0,248016
4,300000	0,260126
4,310000	0,253753
4,320000	0,242280
4,330000	0,242918
4,340000	0,255665
4,350000	0,262039
4,360000	0,211687
4,370000	0,300281
4,380000	0,254390
4,390000	0,256302
4,400000	0,300281
4,410000	0,258214
4,420000	0,212324
4,430000	0,200851
4,440000	0,246104
4,450000	0,293269
4,460000	0,220610
4,470000	0,253115
4,480000	0,223797
4,490000	0,219335
4,500000	0,249929
4,510000	0,248654
4,520000	0,221247
4,530000	0,255028
4,540000	0,236544
4,550000	0,284346
4,560000	0,249291
4,570000	0,244192
4,580000	0,342347
4,590000	0,248654
4,600000	0,250566
4,610000	0,280522
4,620000	0,250566
4,630000	0,258214
4,640000	0,242280
4,650000	0,256302
4,660000	0,257577
4,670000	0,234632
4,680000	0,254390
4,690000	0,248654
4,700000	0,249929
4,710000	0,252478
4,720000	0,239731
4,730000	0,254390
4,740000	0,250566
4,750000	0,253753
4,760000	0,255028
4,770000	0,251203
4,780000	0,255028
4,790000	0,256302
4,800000	0,248654
4,810000	0,256940
4,820000	0,246104
4,830000	0,249291
4,840000	0,242918
4,850000	0,255665
4,860000	0,247379
4,870000	0,245467
4,880000	0,255028
4,890000	0,249291
4,900000	0,249291
4,910000	0,252478
4,920000	0,247379
4,930000	0,257577
4,940000	0,258852
4,950000	0,260126
4,960000	0,252478
4,970000	0,260126
4,980000	0,253115
4,990000	0,244192
5,000000	0,252478
5,010000	0,237819
5,020000	0,248654
5,030000	0,255028
5,040000	0,221247
5,050000	0,269687
5,060000	0,261401
5,070000	0,241005
5,080000	0,274148
5,090000	0,235907
5,100000	0,256940
5,110000	0,244192
5,120000	0,280522
5,130000	0,262039
5,140000	0,260126
5,150000	0,287533
5,160000	0,258214
5,170000	0,224434
5,180000	0,238456
5,190000	0,257577
5,200000	0,262039
5,210000	0,270324
5,220000	0,234632
5,230000	0,228896
5,240000	0,252478
5,250000	0,244192
5,260000	0,209137
5,270000	0,219972
5,280000	0,250566
5,290000	0,250566
5,300000	0,224434
5,310000	0,252478
5,320000	0,271599
5,330000	0,284346
5,340000	0,258214
5,350000	0,255665
5,360000	0,297731
5,370000	0,248654
5,380000	0,269687
5,390000	0,212961
5,400000	0,248654
5,410000	0,261401
5,420000	0,172807
5,430000	0,252478
5,440000	0,257577
5,450000	0,199577
5,460000	0,253115
5,470000	0,247379
5,480000	0,248016
5,490000	0,249291
5,500000	0,245467
5,510000	0,309841
5,520000	0,252478
5,530000	0,250566
5,540000	0,241643
5,550000	0,249929
5,560000	0,249291
5,570000	0,248654
5,580000	0,251203
5,590000	0,258852
5,600000	0,249291
5,610000	0,259489
5,620000	0,249929
5,630000	0,256302
5,640000	0,252478
5,650000	0,249291
5,660000	0,251841
5,670000	0,244830
5,680000	0,246742
5,690000	0,242280
5,700000	0,258852
5,710000	0,255028
5,720000	0,254390
5,730000	0,267775
5,740000	0,255028
5,750000	0,276698
5,760000	0,262039
5,770000	0,265225
5,780000	0,249929
5,790000	0,268412
5,800000	0,244830
5,810000	0,246742
5,820000	0,229533
5,830000	0,255028
5,840000	0,226346
5,850000	0,240368
5,860000	0,255665
5,870000	0,247379
5,880000	0,260126
5,890000	0,243555
5,900000	0,228896
5,910000	0,265863
5,920000	0,251203
5,930000	0,230170
5,940000	0,249291
5,950000	0,235269
5,960000	0,241643
5,970000	0,237181
5,980000	0,239731
5,990000	0,256940
6,000000	0,235269
6,010000	0,273511
6,020000	0,251203
6,030000	0,240368
6,040000	0,246104
6,050000	0,219972
6,060000	0,244192
6,070000	0,260764
6,080000	0,248016
6,090000	0,255028
6,100000	0,274786
6,110000	0,233994
6,120000	0,273511
6,130000	0,246742
6,140000	0,290083
6,150000	0,253115
6,160000	0,268412
6,170000	0,262676
6,180000	0,255028
6,190000	0,265225
6,200000	0,219335
6,210000	0,247379
6,220000	0,252478
6,230000	0,266500
6,240000	0,248654
6,250000	0,250566
6,260000	0,281797
6,270000	0,244830
6,280000	0,246104
6,290000	0,336610
6,300000	0,251841
6,310000	0,248016
6,320000	0,298368
6,330000	0,254390
6,340000	0,233357
6,350000	0,225071
6,360000	0,257577
6,370000	0,249929
6,380000	0,208500
6,390000	0,251203
6,400000	0,250566
6,410000	0,253115
6,420000	0,256940
6,430000	0,261401
6,440000	0,259489
6,450000	0,251203
6,460000	0,253115
6,470000	0,258214
6,480000	0,247379
6,490000	0,256940
6,500000	0,247379
6,510000	0,239731
6,520000	0,246104
6,530000	0,258214
6,540000	0,248016
6,550000	0,254390
6,560000	0,259489
6,570000	0,249291
6,580000	0,238456
6,590000	0,254390
6,600000	0,251203
6,610000	0,253753
6,620000	0,238456
6,630000	0,253753
6,640000	0,260764
6,650000	0,250566
6,660000	0,246742
6,670000	0,267137
6,680000	0,255028
6,690000	0,248654
6,700000	0,248654
6,710000	0,246742
6,720000	0,253753
6,730000	0,241643
6,740000	0,244830
6,750000	0,246742
6,760000	0,267137
6,770000	0,253753
6,780000	0,246104
6,790000	0,270324
6,800000	0,239731
6,810000	0,251203
6,820000	0,253753
6,830000	0,272236
6,840000	0,249929
6,850000	0,255665
6,860000	0,262039
6,870000	0,260764
6,880000	0,268412
6,890000	0,250566
6,900000	0,239093
6,910000	0,256940
6,920000	0,249291
6,930000	0,248016
6,940000	0,234632
6,950000	0,255028
6,960000	0,248654
6,970000	0,271599
6,980000	0,251203
6,990000	0,258214
7,000000	0,214236
7,010000	0,248654
7,020000	0,248654
7,030000	0,233357
7,040000	0,249929
7,050000	0,251841
7,060000	0,286896
7,070000	0,254390
7,080000	0,251841
7,090000	0,298368
7,100000	0,256302
7,110000	0,254390
7,120000	0,193840
7,130000	0,253753
7,140000	0,246104
7,150000	0,195752
7,160000	0,251203
7,170000	0,257577
7,180000	0,209775
7,190000	0,244192
7,200000	0,252478
7,210000	0,282434
7,220000	0,252478
7,230000	0,251841
7,240000	0,263951
7,250000	0,250566
7,260000	0,251203
7,270000	0,274786
7,280000	0,255028
7,290000	0,247379
7,300000	0,248654
7,310000	0,262676
7,320000	0,253115
7,330000	0,248016
7,340000	0,250566
7,350000	0,250566
7,360000	0,249291
7,370000	0,252478
7,380000	0,244830
7,390000	0,248654
7,400000	0,247379
7,410000	0,250566
7,420000	0,255028
7,430000	0,247379
7,440000	0,253115
7,450000	0,267775
7,460000	0,256940
7,470000	0,265225
7,480000	0,251841
7,490000	0,247379
7,500000	0,249291
7,510000	0,239731
7,520000	0,244830
7,530000	0,253753
7,540000	0,253753
7,550000	0,262676
7,560000	0,252478
7,570000	0,270962
7,580000	0,254390
7,590000	0,255665
7,600000	0,238456
7,610000	0,242280
7,620000	0,249291
7,630000	0,266500
7,640000	0,252478
7,650000	0,256302
7,660000	0,249929
7,670000	0,246104
7,680000	0,250566
7,690000	0,253753
7,700000	0,241643
7,710000	0,251841
7,720000	0,248654
7,730000	0,256940
7,740000	0,244192
7,750000	0,252478
7,760000	0,241643
7,770000	0,251841
7,780000	0,247379
7,790000	0,241005
7,800000	0,249929
7,810000	0,259489
7,820000	0,219972
7,830000	0,253753
7,840000	0,257577
7,850000	0,260126
7,860000	0,254390
7,870000	0,250566
7,880000	0,271599
7,890000	0,252478
7,900000	0,261401
7,910000	0,223159
7,920000	0,252478
7,930000	0,251841
7,940000	0,226346
7,950000	0,252478
7,960000	0,251203
7,970000	0,310478
7,980000	0,247379
7,990000	0,253753
8,000000	0,291357
8,010000	0,248016
8,020000	0,252478
8,030000	0,235269
8,040000	0,251203
8,050000	0,252478
8,060000	0,222522
8,070000	0,256940
8,080000	0,248016
8,090000	0,237181
8,100000	0,252478
8,110000	0,255028
8,120000	0,244830
8,130000	0,247379
8,140000	0,249291
8,150000	0,251203
8,160000	0,247379
8,170000	0,250566
8,180000	0,251203
8,190000	0,246104
8,200000	0,251841
8,210000	0,252478
8,220000	0,262676
8,230000	0,252478
8,240000	0,246742
8,250000	0,253115
8,260000	0,248016
8,270000	0,251841
8,280000	0,244192
8,290000	0,252478
8,300000	0,246742
8,310000	0,252478
8,320000	0,248654
8,330000	0,250566
8,340000	0,253115
8,350000	0,249929
8,360000	0,258214
8,370000	0,254390
8,380000	0,235269
8,390000	0,248654
8,400000	0,242280
8,410000	0,248654
8,420000	0,236544
8,430000	0,240368
8,440000	0,249929
8,450000	0,249929
8,460000	0,246742
8,470000	0,251841
8,480000	0,253753
8,490000	0,260126
8,500000	0,254390
8,510000	0,249291
8,520000	0,258852
8,530000	0,251203
8,540000	0,262039
8,550000	0,269050
8,560000	0,262039
8,570000	0,257577
8,580000	0,259489
8,590000	0,247379
8,600000	0,253115
8,610000	0,251203
8,620000	0,254390
8,630000	0,255665
8,640000	0,275423
8,650000	0,251203
8,660000	0,251841
8,670000	0,249291
8,680000	0,250566
8,690000	0,236544
8,700000	0,244192
8,710000	0,255028
8,720000	0,225709
8,730000	0,223159
8,740000	0,251841
8,750000	0,229533
8,760000	0,244830
8,770000	0,255028
8,780000	0,247379
8,790000	0,268412
8,800000	0,249929
8,810000	0,263951
8,820000	0,201489
8,830000	0,246104
8,840000	0,262676
8,850000	0,268412
8,860000	0,255665
8,870000	0,265863
8,880000	0,255028
8,890000	0,255028
8,900000	0,258852
8,910000	0,272874
8,920000	0,258852
8,930000	0,279885
8,940000	0,251841
8,950000	0,250566
8,960000	0,246742
8,970000	0,249929
8,980000	0,258214
8,990000	0,252478
9,000000	0,253115
9,010000	0,256940
9,020000	0,250566
9,030000	0,248654
9,040000	0,252478
9,050000	0,252478
9,060000	0,241005
9,070000	0,253753
9,080000	0,248016
9,090000	0,256302
9,100000	0,246742
9,110000	0,246104
9,120000	0,248654
9,130000	0,248654
9,140000	0,253115
9,150000	0,263951
9,160000	0,246742
9,170000	0,260126
9,180000	0,248016
9,190000	0,251203
9,200000	0,247379
9,210000	0,257577
9,220000	0,256940
9,230000	0,252478
9,240000	0,253115
9,250000	0,247379
9,260000	0,260764
9,270000	0,246104
9,280000	0,244830
9,290000	0,270324
9,300000	0,256940
9,310000	0,261401
9,320000	0,251841
9,330000	0,242280
9,340000	0,248016
9,350000	0,247379
9,360000	0,236544
9,370000	0,250566
9,380000	0,255028
9,390000	0,240368
9,400000	0,242918
9,410000	0,244830
9,420000	0,253753
9,430000	0,249929
9,440000	0,249291
9,450000	0,240368
9,460000	0,248016
9,470000	0,255028
9,480000	0,256940
9,490000	0,249929
9,500000	0,252478
9,510000	0,255665
9,520000	0,251841
9,530000	0,253753
9,540000	0,230170
9,550000	0,252478
9,560000	0,251841
9,570000	0,277335
9,580000	0,250566
9,590000	0,253753
9,600000	0,247379
9,610000	0,250566
9,620000	0,247379
9,630000	0,235269
9,640000	0,247379
9,650000	0,248016
9,660000	0,217423
9,670000	0,253115
9,680000	0,250566
9,690000	0,275423
9,700000	0,248654
9,710000	0,248654
9,720000	0,303467
9,730000	0,248654
9,740000	0,244830
9,750000	0,249291
9,760000	0,253753
9,770000	0,246104
9,780000	0,235269
9,790000	0,249291
9,800000	0,251203
9,810000	0,249929
9,820000	0,249291
9,830000	0,254390
9,840000	0,249291
9,850000	0,248016
9,860000	0,249929
9,870000	0,249291
9,880000	0,244830
9,890000	0,253753
9,900000	0,249929
9,910000	0,252478
9,920000	0,253115
9,930000	0,251841
9,940000	0,250566
9,950000	0,253753
9,960000	0,252478
9,970000	0,254390
9,980000	0,249929
9,990000	0,250566
10,000000	0,251841
10,010000	0,249291
10,020000	0,245467
10,030000	0,247379
10,040000	0,246104
10,050000	0,248654
10,060000	0,253753
10,070000	0,247379
10,080000	0,244192
10,090000	0,254390
10,100000	0,251841
10,110000	0,248654
10,120000	0,248016
10,130000	0,246104
10,140000	0,247379
10,150000	0,246742
10,160000	0,244192
10,170000	0,251203
10,180000	0,255665
10,190000	0,248016
10,200000	0,249929
10,210000	0,247379
10,220000	0,247379
10,230000	0,249291
10,240000	0,255028
10,250000	0,251841
10,260000	0,254390
10,270000	0,262676
10,280000	0,254390
10,290000	0,249929
10,300000	0,245467
10,310000	0,254390
10,320000	0,251203
10,330000	0,260764
10,340000	0,248654
10,350000	0,255028
10,360000	0,262676
10,370000	0,258214
10,380000	0,246104
10,390000	0,281160
10,400000	0,248016
10,410000	0,250566
10,420000	0,249291
10,430000	0,247379
10,440000	0,245467
10,450000	0,232720
10,460000	0,248654
10,470000	0,253115
10,480000	0,271599
10,490000	0,250566
10,500000	0,253753
10,510000	0,272874
10,520000	0,255028
10,530000	0,259489
10,540000	0,210412
10,550000	0,253753
10,560000	0,248654
10,570000	0,225071
10,580000	0,254390
10,590000	0,255665
10,600000	0,267137
10,610000	0,254390
10,620000	0,255028
10,630000	0,262676
10,640000	0,254390
10,650000	0,253115
10,660000	0,271599
10,670000	0,249291
10,680000	0,253115
10,690000	0,251841
10,700000	0,258852
10,710000	0,252478
10,720000	0,250566
10,730000	0,254390
10,740000	0,254390
10,750000	0,254390
10,760000	0,258852
10,770000	0,253753
10,780000	0,249929
10,790000	0,253753
10,800000	0,254390
10,810000	0,251841
10,820000	0,246742
10,830000	0,251841
10,840000	0,249929
10,850000	0,255665
10,860000	0,252478
10,870000	0,255665
10,880000	0,254390
10,890000	0,249929
10,900000	0,257577
10,910000	0,251841
10,920000	0,253115
10,930000	0,251203
10,940000	0,247379
10,950000	0,255028
10,960000	0,251841
10,970000	0,256940
10,980000	0,255028
10,990000	0,262039
11,000000	0,260126
11,010000	0,251203
11,020000	0,254390
11,030000	0,251841
11,040000	0,255028
11,050000	0,256940
11,060000	0,244192
11,070000	0,253753
11,080000	0,251203
11,090000	0,244192
11,100000	0,253115
11,110000	0,247379
11,120000	0,233994
11,130000	0,249929
11,140000	0,250566
11,150000	0,246742
11,160000	0,244192
11,170000	0,252478
11,180000	0,250566
11,190000	0,253753
11,200000	0,247379
11,210000	0,239731
11,220000	0,251203
11,230000	0,251841
11,240000	0,242280
11,250000	0,249929
11,260000	0,250566
11,270000	0,261401
11,280000	0,248016
11,290000	0,256302
11,300000	0,261401
11,310000	0,252478
11,320000	0,248654
11,330000	0,252478
11,340000	0,246104
11,350000	0,251841
11,360000	0,226983
11,370000	0,252478
11,380000	0,244192
11,390000	0,267775
11,400000	0,253115
11,410000	0,249929
11,420000	0,291995
11,430000	0,248016
11,440000	0,246742
11,450000	0,253115
11,460000	0,244830
11,470000	0,248654
11,480000	0,295819
11,490000	0,249291
11,500000	0,250566
11,510000	0,246104
11,520000	0,249291
11,530000	0,247379
11,540000	0,239731
11,550000	0,247379
11,560000	0,246742
11,570000	0,249929
11,580000	0,248654
11,590000	0,252478
11,600000	0,249291
11,610000	0,246742
11,620000	0,248654
11,630000	0,246742
11,640000	0,252478
11,650000	0,251841
11,660000	0,248654
11,670000	0,246742
11,680000	0,251841
11,690000	0,250566
11,700000	0,248016
11,710000	0,254390
11,720000	0,249929
11,730000	0,251841
11,740000	0,248016
11,750000	0,252478
11,760000	0,247379
11,770000	0,247379
11,780000	0,249291
11,790000	0,252478
11,800000	0,249929
11,810000	0,244192
11,820000	0,251841
11,830000	0,251203
11,840000	0,253753
11,850000	0,242918
11,860000	0,253753
11,870000	0,248016
11,880000	0,249291
11,890000	0,256302
11,900000	0,249291
11,910000	0,260126
11,920000	0,256302
11,930000	0,249291
11,940000	0,259489
11,950000	0,246742
11,960000	0,256940
11,970000	0,249929
11,980000	0,255028
11,990000	0,249929
12,000000	0,256302
12,010000	0,252478
12,020000	0,255028
12,030000	0,247379
12,040000	0,251203
12,050000	0,249929
12,060000	0,252478
12,070000	0,251203
12,080000	0,249929
12,090000	0,245467
12,100000	0,249291
12,110000	0,253753
12,120000	0,234632
12,130000	0,254390
12,140000	0,250566
12,150000	0,247379
12,160000	0,246742
12,170000	0,251203
12,180000	0,257577
12,190000	0,255028
12,200000	0,252478
12,210000	0,267137
12,220000	0,249291
12,230000	0,255028
12,240000	0,228258
12,250000	0,250566
12,260000	0,253753
12,270000	0,218060
12,280000	0,255028
12,290000	0,256940
12,300000	0,208500
12,310000	0,252478
12,320000	0,252478
12,330000	0,244830
12,340000	0,256302
12,350000	0,253115
12,360000	0,259489
12,370000	0,249929
12,380000	0,256940
12,390000	0,269050
12,400000	0,255665
12,410000	0,253115
12,420000	0,251841
12,430000	0,248016
12,440000	0,250566
12,450000	0,249929
12,460000	0,248016
12,470000	0,251841
12,480000	0,247379
12,490000	0,250566
12,500000	0,246104
12,510000	0,248654
12,520000	0,248654
12,530000	0,250566
12,540000	0,246104
12,550000	0,255028
12,560000	0,251203
12,570000	0,260126
12,580000	0,250566
12,590000	0,251841
12,600000	0,253115
12,610000	0,248654
12,620000	0,253753
12,630000	0,257577
12,640000	0,246104
12,650000	0,252478
12,660000	0,253115
12,670000	0,250566
12,680000	0,258214
12,690000	0,259489
12,700000	0,253753
12,710000	0,261401
12,720000	0,255028
12,730000	0,250566
12,740000	0,251841
12,750000	0,255665
12,760000	0,260126
12,770000	0,260126
12,780000	0,253115
12,790000	0,247379
12,800000	0,252478
12,810000	0,249291
12,820000	0,240368
12,830000	0,251203
12,840000	0,254390
12,850000	0,251203
12,860000	0,248654
12,870000	0,249929
12,880000	0,244830
12,890000	0,249929
12,900000	0,255028
12,910000	0,248654
12,920000	0,250566
12,930000	0,247379
12,940000	0,237181
12,950000	0,250566
12,960000	0,257577
12,970000	0,255028
12,980000	0,249929
12,990000	0,253115
13,000000	0,253753
13,010000	0,257577
13,020000	0,243555
13,030000	0,272236
13,040000	0,252478
13,050000	0,238456
13,060000	0,255028
13,070000	0,255028
13,080000	0,240368
13,090000	0,252478
13,100000	0,247379
13,110000	0,289445
13,120000	0,254390
13,130000	0,252478
13,140000	0,239731
13,150000	0,249929
13,160000	0,255028
13,170000	0,267775
13,180000	0,249291
13,190000	0,251203
13,200000	0,269050
13,210000	0,246742
13,220000	0,249291
13,230000	0,221884
13,240000	0,246104
13,250000	0,247379
13,260000	0,243555
13,270000	0,242280
13,280000	0,253753
13,290000	0,250566
13,300000	0,247379
13,310000	0,252478
13,320000	0,247379
13,330000	0,247379
13,340000	0,249291
13,350000	0,253753
13,360000	0,247379
13,370000	0,255028
13,380000	0,249929
13,390000	0,250566
13,400000	0,246104
13,410000	0,251841
13,420000	0,249291
13,430000	0,249929
13,440000	0,248654
13,450000	0,248654
13,460000	0,246742
13,470000	0,250566
13,480000	0,251841
13,490000	0,249929
13,500000	0,248016
13,510000	0,246104
13,520000	0,247379
13,530000	0,245467
13,540000	0,248016
13,550000	0,243555
13,560000	0,248654
13,570000	0,245467
13,580000	0,237819
13,590000	0,258214
13,600000	0,255028
13,610000	0,241005
13,620000	0,260126
13,630000	0,251841
13,640000	0,239731
13,650000	0,260764
13,660000	0,249291
13,670000	0,255028
13,680000	0,249929
13,690000	0,248016
13,700000	0,259489
13,710000	0,263313
13,720000	0,249291
13,730000	0,248016
13,740000	0,249291
13,750000	0,253753
13,760000	0,248016
13,770000	0,248016
13,780000	0,246742
13,790000	0,249291
13,800000	0,272236
13,810000	0,248654
13,820000	0,246104
13,830000	0,254390
13,840000	0,245467
13,850000	0,248654
13,860000	0,246104
13,870000	0,251841
13,880000	0,238456
13,890000	0,218060
13,900000	0,249291
13,910000	0,255028
13,920000	0,239093
13,930000	0,254390
13,940000	0,241643
13,950000	0,224434
13,960000	0,246742
13,970000	0,214236
13,980000	0,255665
13,990000	0,254390
14,000000	0,201489
14,010000	0,249291
14,020000	0,253753
14,030000	0,212324
14,040000	0,255665
14,050000	0,249291
14,060000	0,256302
14,070000	0,254390
14,080000	0,251203
14,090000	0,214873
14,100000	0,252478
14,110000	0,252478
14,120000	0,248654
14,130000	0,255028
14,140000	0,248654
14,150000	0,251203
14,160000	0,254390
14,170000	0,248016
14,180000	0,248654
14,190000	0,255028
14,200000	0,253753
14,210000	0,250566
14,220000	0,256940
14,230000	0,252478
14,240000	0,246742
14,250000	0,254390
14,260000	0,249929
14,270000	0,251841
14,280000	0,251203
14,290000	0,248654
14,300000	0,250566
14,310000	0,250566
14,320000	0,253753
14,330000	0,256940
14,340000	0,253753
14,350000	0,254390
14,360000	0,249929
14,370000	0,249929
14,380000	0,250566
14,390000	0,253115
14,400000	0,258852
14,410000	0,262676
14,420000	0,250566
14,430000	0,253753
14,440000	0,251841
14,450000	0,259489
14,460000	0,256302
14,470000	0,271599
14,480000	0,258214
14,490000	0,253753
14,500000	0,255028
14,510000	0,244830
14,520000	0,251841
14,530000	0,251203
14,540000	0,235907
14,550000	0,249291
14,560000	0,251203
14,570000	0,244192
14,580000	0,251841
14,590000	0,250566
14,600000	0,254390
14,610000	0,251203
14,620000	0,246742
14,630000	0,252478
14,640000	0,252478
14,650000	0,250566
14,660000	0,230808
14,670000	0,248016
14,680000	0,242918
14,690000	0,258852
14,700000	0,252478
14,710000	0,248016
14,720000	0,257577
14,730000	0,250566
14,740000	0,276698
14,750000	0,256940
14,760000	0,249291
14,770000	0,248016
14,780000	0,250566
14,790000	0,256302
14,800000	0,234632
14,810000	0,255028
14,820000	0,249929
14,830000	0,281797
14,840000	0,249291
14,850000	0,249929
14,860000	0,247379
14,870000	0,252478
14,880000	0,237181
14,890000	0,256940
14,900000	0,249929
14,910000	0,251203
14,920000	0,244192
14,930000	0,249929
14,940000	0,229533
14,950000	0,255028
14,960000	0,249929
14,970000	0,237819
14,980000	0,242280
14,990000	0,248654
15,000000	0,239093
15,010000	0,253753
15,020000	0,249929
15,030000	0,251841
15,040000	0,250566
15,050000	0,254390
15,060000	0,247379
15,070000	0,244192
15,080000	0,248654
15,090000	0,252478
15,100000	0,248654
15,110000	0,251203
15,120000	0,247379
15,130000	0,251203
15,140000	0,249291
15,150000	0,246742
15,160000	0,244192
15,170000	0,244830
15,180000	0,250566
15,190000	0,249291
15,200000	0,244830
15,210000	0,245467
15,220000	0,248016
15,230000	0,248654
15,240000	0,246742
15,250000	0,247379
15,260000	0,254390
15,270000	0,252478
15,280000	0,246742
15,290000	0,246742
15,300000	0,249291
15,310000	0,248016
15,320000	0,249291
15,330000	0,241643
15,340000	0,248016
15,350000	0,248016
15,360000	0,258852
15,370000	0,245467
15,380000	0,257577
15,390000	0,254390
15,400000	0,254390
15,410000	0,250566
15,420000	0,255028
15,430000	0,252478
15,440000	0,257577
15,450000	0,262039
15,460000	0,257577
15,470000	0,245467
15,480000	0,259489
15,490000	0,247379
15,500000	0,262039
15,510000	0,248016
15,520000	0,247379
15,530000	0,270324
15,540000	0,249291
15,550000	0,248016
15,560000	0,253115
15,570000	0,252478
15,580000	0,247379
15,590000	0,235907
15,600000	0,248016
15,610000	0,242918
15,620000	0,237181
15,630000	0,253115
15,640000	0,232720
15,650000	0,222522
15,660000	0,252478
15,670000	0,272236
15,680000	0,249929
15,690000	0,249929
15,700000	0,219972
15,710000	0,250566
15,720000	0,255028
15,730000	0,229533
15,740000	0,253115
15,750000	0,255028
15,760000	0,228896
15,770000	0,250566
15,780000	0,253753
15,790000	0,257577
15,800000	0,251203
15,810000	0,255028
15,820000	0,248016
15,830000	0,250566
15,840000	0,251841
15,850000	0,249929
15,860000	0,244192
15,870000	0,272236
15,880000	0,249929
15,890000	0,249291
15,900000	0,245467
15,910000	0,253115
15,920000	0,250566
15,930000	0,248016
15,940000	0,248016
15,950000	0,248016
15,960000	0,249291
15,970000	0,253753
15,980000	0,249929
15,990000	0,252478
16,000000	0,249291
16,010000	0,248016
16,020000	0,248654
16,030000	0,258852
16,040000	0,251203
16,050000	0,255665
16,060000	0,248654
16,070000	0,260126
16,080000	0,243555
16,090000	0,249929
16,100000	0,256940
16,110000	0,255028
16,120000	0,257577
16,130000	0,268412
16,140000	0,250566
16,150000	0,259489
16,160000	0,254390
16,170000	0,258214
16,180000	0,256302
16,190000	0,248016
16,200000	0,249291
16,210000	0,253753
16,220000	0,251203
16,230000	0,249291
16,240000	0,249291
16,250000	0,249929
16,260000	0,248016
16,270000	0,247379
16,280000	0,237819
16,290000	0,249291
16,300000	0,249929
16,310000	0,252478
16,320000	0,251841
16,330000	0,254390
16,340000	0,251841
16,350000	0,251203
16,360000	0,251203
16,370000	0,252478
16,380000	0,252478
16,390000	0,262676
16,400000	0,255028
16,410000	0,256940
16,420000	0,256302
16,430000	0,251841
16,440000	0,253753
16,450000	0,265863
16,460000	0,251841
16,470000	0,253753
16,480000	0,276061
16,490000	0,255665
16,500000	0,257577
16,510000	0,270962
16,520000	0,251841
16,530000	0,256302
16,540000	0,257577
16,550000	0,253753
16,560000	0,281797
16,570000	0,246742
16,580000	0,251841
16,590000	0,277973
16,600000	0,254390
16,610000	0,249291
16,620000	0,295819
16,630000	0,252478
16,640000	0,251203
16,650000	0,250566
16,660000	0,248016
16,670000	0,253753
16,680000	0,255028
16,690000	0,251841
16,700000	0,228896
16,710000	0,255665
16,720000	0,252478
16,730000	0,251203
16,740000	0,245467
16,750000	0,253753
16,760000	0,246104
16,770000	0,244192
16,780000	0,249291
16,790000	0,253753
16,800000	0,248654
16,810000	0,253753
16,820000	0,246104
16,830000	0,252478
16,840000	0,249291
16,850000	0,257577
16,860000	0,251203
16,870000	0,248654
16,880000	0,249291
16,890000	0,254390
16,900000	0,242280
16,910000	0,249929
16,920000	0,253115
16,930000	0,249929
16,940000	0,254390
16,950000	0,248016
16,960000	0,244830
16,970000	0,255665
16,980000	0,254390
16,990000	0,250566
17,000000	0,244830
17,010000	0,246104
17,020000	0,242918
17,030000	0,250566
17,040000	0,236544
17,050000	0,242918
17,060000	0,250566
17,070000	0,250566
17,080000	0,255028
17,090000	0,251841
17,100000	0,249929
17,110000	0,259489
17,120000	0,253115
17,130000	0,255665
17,140000	0,250566
17,150000	0,250566
17,160000	0,255665
17,170000	0,249929
17,180000	0,251203
17,190000	0,253115
17,200000	0,256940
17,210000	0,248654
17,220000	0,258214
17,230000	0,253753
17,240000	0,251203
17,250000	0,242280
17,260000	0,250566
17,270000	0,244830
17,280000	0,248016
17,290000	0,249929
17,300000	0,232082
17,310000	0,248016
17,320000	0,252478
17,330000	0,257577
17,340000	0,246104
17,350000	0,227621
17,360000	0,234632
17,370000	0,248016
17,380000	0,235907
17,390000	0,243555
17,400000	0,248016
17,410000	0,272874
17,420000	0,253115
17,430000	0,252478
17,440000	0,255665
17,450000	0,253753
17,460000	0,249929
17,470000	0,199577
17,480000	0,255665
17,490000	0,256940
17,500000	0,249929
17,510000	0,249291
17,520000	0,262039
17,530000	0,250566
17,540000	0,255665
17,550000	0,218698
17,560000	0,247379
17,570000	0,250566
17,580000	0,246742
17,590000	0,249291
17,600000	0,250566
17,610000	0,249291
17,620000	0,251841
17,630000	0,247379
17,640000	0,248654
17,650000	0,253115
17,660000	0,249291
17,670000	0,252478
17,680000	0,254390
17,690000	0,242280
17,700000	0,250566
17,710000	0,250566
17,720000	0,249929
17,730000	0,252478
17,740000	0,247379
17,750000	0,251203
17,760000	0,249929
17,770000	0,266500
17,780000	0,248016
17,790000	0,249291
17,800000	0,251841
17,810000	0,244830
17,820000	0,252478
17,830000	0,249291
17,840000	0,244192
17,850000	0,254390
17,860000	0,254390
17,870000	0,250566
17,880000	0,263951
17,890000	0,248654
17,900000	0,249929
17,910000	0,278610
17,920000	0,253753
17,930000	0,254390
17,940000	0,246742
17,950000	0,239093
17,960000	0,249929
17,970000	0,254390
17,980000	0,245467
17,990000	0,242280
18,000000	0,239093
18,010000	0,244830
18,020000	0,245467
18,030000	0,242280
18,040000	0,249929
18,050000	0,247379
18,060000	0,255028
18,070000	0,250566
18,080000	0,246742
18,090000	0,245467
18,100000	0,244830
18,110000	0,251841
18,120000	0,235269
18,130000	0,253753
18,140000	0,249291
18,150000	0,264588
18,160000	0,248654
18,170000	0,269687
18,180000	0,256940
18,190000	0,256940
18,200000	0,255028
18,210000	0,255028
18,220000	0,281797
18,230000	0,277335
18,240000	0,246742
18,250000	0,285621
18,260000	0,256302
18,270000	0,251203
18,280000	0,216148
18,290000	0,251841
18,300000	0,248654
18,310000	0,279247
18,320000	0,249929
18,330000	0,249929
18,340000	0,269687
18,350000	0,250566
18,360000	0,267137
18,370000	0,251841
18,380000	0,255028
18,390000	0,235269
18,400000	0,247379
18,410000	0,251203
18,420000	0,272236
18,430000	0,257577
18,440000	0,249291
18,450000	0,253753
18,460000	0,248016
18,470000	0,257577
18,480000	0,253753
18,490000	0,245467
18,500000	0,249291
18,510000	0,251203
18,520000	0,254390
18,530000	0,246104
18,540000	0,246742
18,550000	0,244192
18,560000	0,256302
18,570000	0,252478
18,580000	0,251841
18,590000	0,255665
18,600000	0,254390
18,610000	0,251841
18,620000	0,255665
18,630000	0,251203
18,640000	0,236544
18,650000	0,248016
18,660000	0,247379
18,670000	0,253753
18,680000	0,256302
18,690000	0,252478
18,700000	0,255028
18,710000	0,252478
18,720000	0,255665
18,730000	0,247379
18,740000	0,253115
18,750000	0,242280
18,760000	0,252478
18,770000	0,244830
18,780000	0,251203
18,790000	0,248016
18,800000	0,244192
18,810000	0,256940
18,820000	0,256940
18,830000	0,256302
18,840000	0,258852
18,850000	0,247379
18,860000	0,261401
18,870000	0,264588
18,880000	0,269687
18,890000	0,264588
18,900000	0,264588
18,910000	0,256302
18,920000	0,258852
18,930000	0,249291
18,940000	0,255028
18,950000	0,249291
18,960000	0,250566
18,970000	0,248654
18,980000	0,275423
18,990000	0,251841
19,000000	0,251203
19,010000	0,241005
19,020000	0,251841
19,030000	0,238456
19,040000	0,251841
19,050000	0,251203
19,060000	0,232082
19,070000	0,244830
19,080000	0,239731
19,090000	0,219972
19,100000	0,251203
19,110000	0,269687
19,120000	0,252478
19,130000	0,251841
19,140000	0,232082
19,150000	0,249929
19,160000	0,251841
19,170000	0,257577
19,180000	0,249291
19,190000	0,258214
19,200000	0,262676
19,210000	0,250566
19,220000	0,219972
19,230000	0,253115
19,240000	0,252478
19,250000	0,224434
19,260000	0,248016
19,270000	0,253115
19,280000	0,251841
19,290000	0,249929
19,300000	0,249929
19,310000	0,244830
19,320000	0,248654
19,330000	0,283072
19,340000	0,251203
19,350000	0,251203
19,360000	0,249929
19,370000	0,252478
19,380000	0,249929
19,390000	0,248016
19,400000	0,255665
19,410000	0,244192
19,420000	0,249929
19,430000	0,249291
19,440000	0,244830
19,450000	0,251841
19,460000	0,247379
19,470000	0,254390
19,480000	0,249291
19,490000	0,242280
19,500000	0,249291
19,510000	0,249291
19,520000	0,248654
19,530000	0,252478
19,540000	0,253753
19,550000	0,235907
19,560000	0,247379
19,570000	0,256940
19,580000	0,253753
19,590000	0,255665
19,600000	0,256302
19,610000	0,244192
19,620000	0,255028
19,630000	0,275423
19,640000	0,254390
19,650000	0,253753
19,660000	0,249291
19,670000	0,253753
19,680000	0,241005
19,690000	0,245467
19,700000	0,232082
19,710000	0,239731
19,720000	0,241643
19,730000	0,246742
19,740000	0,248654
19,750000	0,249291
19,760000	0,247379
19,770000	0,251203
19,780000	0,236544
19,790000	0,244830
19,800000	0,237181
19,810000	0,250566
19,820000	0,252478
19,830000	0,236544
19,840000	0,251841
19,850000	0,255665
19,860000	0,228896
19,870000	0,248654
19,880000	0,241005
19,890000	0,253115
19,900000	0,249291
19,910000	0,279885
19,920000	0,246742
19,930000	0,249291
19,940000	0,278610
19,950000	0,248016
19,960000	0,274786
19,970000	0,269687
19,980000	0,255028
19,990000	0,270324
20,000000	0,249929
20,010000	0,247379
20,020000	0,212324
20,030000	0,248654
20,040000	0,251841
20,050000	0,266500
20,060000	0,244192
20,070000	0,237181
20,080000	0,242918
20,090000	0,244830
20,100000	0,307929
20,110000	0,246742
20,120000	0,244830
20,130000	0,232082
20,140000	0,248654
20,150000	0,246742
20,160000	0,251841
20,170000	0,254390
20,180000	0,229533
20,190000	0,249929
20,200000	0,248016
20,210000	0,253753
20,220000	0,243555
20,230000	0,258214
20,240000	0,246742
20,250000	0,245467
20,260000	0,247379
20,270000	0,255028
20,280000	0,244830
20,290000	0,255028
20,300000	0,248016
20,310000	0,255028
20,320000	0,251203
20,330000	0,255028
20,340000	0,247379
20,350000	0,257577
20,360000	0,255028
20,370000	0,243555
20,380000	0,255665
20,390000	0,252478
20,400000	0,253753
20,410000	0,252478
20,420000	0,251203
20,430000	0,255028
20,440000	0,250566
20,450000	0,253753
20,460000	0,249929
20,470000	0,262676
20,480000	0,236544
20,490000	0,258852
20,500000	0,230808
20,510000	0,250566
20,520000	0,267137
20,530000	0,252478
20,540000	0,257577
20,550000	0,260126
20,560000	0,262039
20,570000	0,260764
20,580000	0,248654
20,590000	0,250566
20,600000	0,275423
20,610000	0,262039
20,620000	0,266500
20,630000	0,250566
20,640000	0,257577
20,650000	0,247379
20,660000	0,253753
20,670000	0,249929
20,680000	0,271599
20,690000	0,254390
20,700000	0,244192
20,710000	0,272874
20,720000	0,255028
20,730000	0,283072
20,740000	0,243555
20,750000	0,249291
20,760000	0,225071
20,770000	0,252478
20,780000	0,248654
20,790000	0,226346
20,800000	0,248654
20,810000	0,268412
20,820000	0,212961
20,830000	0,250566
20,840000	0,279247
20,850000	0,258214
20,860000	0,250566
20,870000	0,290720
20,880000	0,252478
20,890000	0,195752
20,900000	0,267775
20,910000	0,256940
20,920000	0,211687
20,930000	0,256940
20,940000	0,258214
20,950000	0,214873
20,960000	0,253115
20,970000	0,277973
20,980000	0,253753
20,990000	0,259489
21,000000	0,260126
21,010000	0,254390
21,020000	0,248654
21,030000	0,271599
21,040000	0,256940
21,050000	0,246104
21,060000	0,250566
21,070000	0,256940
21,080000	0,248654
21,090000	0,250566
21,100000	0,254390
21,110000	0,255028
21,120000	0,246742
21,130000	0,256302
21,140000	0,249929
21,150000	0,247379
21,160000	0,251203
21,170000	0,252478
21,180000	0,247379
21,190000	0,245467
21,200000	0,246104
21,210000	0,256940
21,220000	0,256940
21,230000	0,255665
21,240000	0,247379
21,250000	0,249929
21,260000	0,250566
21,270000	0,260126
21,280000	0,236544
21,290000	0,245467
21,300000	0,240368
21,310000	0,246742
21,320000	0,249929
21,330000	0,251841
21,340000	0,251841
21,350000	0,256940
21,360000	0,243555
21,370000	0,258852
21,380000	0,261401
21,390000	0,251203
21,400000	0,243555
21,410000	0,253115
21,420000	0,244830
21,430000	0,255028
21,440000	0,250566
21,450000	0,227621
21,460000	0,244830
21,470000	0,262039
21,480000	0,239093
21,490000	0,241643
21,500000	0,260126
21,510000	0,249291
21,520000	0,242280
21,530000	0,251203
21,540000	0,243555
21,550000	0,244192
21,560000	0,242280
21,570000	0,252478
21,580000	0,272874
21,590000	0,228258
21,600000	0,248654
21,610000	0,223159
21,620000	0,260126
21,630000	0,265225
21,640000	0,233994
21,650000	0,254390
21,660000	0,290083
21,670000	0,265225
21,680000	0,246104
21,690000	0,259489
21,700000	0,248654
21,710000	0,252478
21,720000	0,206588
21,730000	0,259489
21,740000	0,240368
21,750000	0,205950
21,760000	0,247379
21,770000	0,342347
21,780000	0,239731
21,790000	0,235907
21,800000	0,336610
21,810000	0,244192
21,820000	0,242280
21,830000	0,307929
21,840000	0,240368
21,850000	0,255665
21,860000	0,198939
21,870000	0,262676
21,880000	0,200214
21,890000	0,253753
21,900000	0,247379
21,910000	0,207862
21,920000	0,249929
21,930000	0,242280
21,940000	0,243555
21,950000	0,227621
21,960000	0,251203
21,970000	0,234632
21,980000	0,239731
21,990000	0,246104
22,000000	0,252478
22,010000	0,262676
22,020000	0,266500
22,030000	0,255028
22,040000	0,260126
22,050000	0,256302
22,060000	0,255665
22,070000	0,255665
22,080000	0,250566
22,090000	0,252478
22,100000	0,231445
22,110000	0,248016
22,120000	0,270962
22,130000	0,248016
22,140000	0,266500
22,150000	0,253753
22,160000	0,242280
22,170000	0,257577
22,180000	0,255028
22,190000	0,245467
22,200000	0,236544
22,210000	0,237181
22,220000	0,228258
22,230000	0,260126
22,240000	0,232720
22,250000	0,241005
22,260000	0,246104
22,270000	0,250566
22,280000	0,230170
22,290000	0,241643
22,300000	0,246104
22,310000	0,258852
22,320000	0,272874
22,330000	0,270962
22,340000	0,256940
22,350000	0,258852
22,360000	0,274786
22,370000	0,255028
22,380000	0,249929
22,390000	0,244192
22,400000	0,263313
22,410000	0,265863
22,420000	0,240368
22,430000	0,255665
22,440000	0,269687
22,450000	0,258852
22,460000	0,252478
22,470000	0,283709
22,480000	0,249291
22,490000	0,242280
22,500000	0,247379
22,510000	0,250566
22,520000	0,196390
22,530000	0,242918
22,540000	0,255028
22,550000	0,211049
22,560000	0,230808
22,570000	0,255028
22,580000	0,277335
22,590000	0,255665
22,600000	0,254390
22,610000	0,295819
22,620000	0,253753
22,630000	0,261401
22,640000	0,228258
22,650000	0,255665
22,660000	0,168983
22,670000	0,254390
22,680000	0,255665
22,690000	0,171533
22,700000	0,252478
22,710000	0,255028
22,720000	0,244192
22,730000	0,249291
22,740000	0,248016
22,750000	0,263951
22,760000	0,254390
22,770000	0,293269
22,780000	0,249291
22,790000	0,255665
22,800000	0,258214
22,810000	0,249929
22,820000	0,258214
22,830000	0,255028
22,840000	0,254390
22,850000	0,258214
22,860000	0,253753
22,870000	0,257577
22,880000	0,251841
22,890000	0,255028
22,900000	0,253115
22,910000	0,247379
22,920000	0,253753
22,930000	0,262676
22,940000	0,255665
22,950000	0,262039
22,960000	0,253115
22,970000	0,276698
22,980000	0,256302
22,990000	0,260764
23,000000	0,258214
23,010000	0,253115
23,020000	0,252478
23,030000	0,251203
23,040000	0,252478
23,050000	0,244830
23,060000	0,247379
23,070000	0,250566
23,080000	0,279885
23,090000	0,260764
23,100000	0,244192
23,110000	0,265225
23,120000	0,260764
23,130000	0,254390
23,140000	0,248654
23,150000	0,244830
23,160000	0,251841
23,170000	0,256302
23,180000	0,225709
23,190000	0,227621
23,200000	0,233994
23,210000	0,263951
23,220000	0,239093
23,230000	0,251203
23,240000	0,248654
23,250000	0,248654
23,260000	0,257577
23,270000	0,244830
23,280000	0,243555
23,290000	0,251203
23,300000	0,253115
23,310000	0,226346
23,320000	0,226346
23,330000	0,252478
23,340000	0,224434
23,350000	0,268412
23,360000	0,250566
23,370000	0,270324
23,380000	0,265225
23,390000	0,251841
23,400000	0,295819
23,410000	0,251841
23,420000	0,262676
23,430000	0,203401
23,440000	0,249929
23,450000	0,280522
23,460000	0,312390
23,470000	0,246742
23,480000	0,255665
23,490000	0,235269
23,500000	0,250566
23,510000	0,298368
23,520000	0,239731
23,530000	0,246742
23,540000	0,335336
23,550000	0,243555
23,560000	0,253115
23,570000	0,297731
23,580000	0,258852
23,590000	0,246742
23,600000	0,247379
23,610000	0,247379
23,620000	0,200214
23,630000	0,254390
23,640000	0,233357
23,650000	0,231445
23,660000	0,223797
23,670000	0,243555
23,680000	0,219335
23,690000	0,258214
23,700000	0,235907
23,710000	0,253753
23,720000	0,244830
23,730000	0,239093
23,740000	0,246104
23,750000	0,240368
23,760000	0,261401
23,770000	0,247379
23,780000	0,262676
23,790000	0,258852
23,800000	0,248654
23,810000	0,264588
23,820000	0,234632
23,830000	0,274786
23,840000	0,249929
23,850000	0,243555
23,860000	0,254390
23,870000	0,246742
23,880000	0,257577
23,890000	0,252478
23,900000	0,260126
23,910000	0,264588
23,920000	0,244830
23,930000	0,265863
23,940000	0,248654
23,950000	0,241643
23,960000	0,234632
23,970000	0,237819
23,980000	0,240368
23,990000	0,208500
24,000000	0,244830
24,010000	0,279247
24,020000	0,256940
24,030000	0,270962
24,040000	0,234632
24,050000	0,251841
24,060000	0,270962
24,070000	0,207225
24,080000	0,253115
24,090000	0,232082
24,100000	0,249929
24,110000	0,267137
24,120000	0,251841
24,130000	0,264588
24,140000	0,270962
24,150000	0,289445
24,160000	0,254390
24,170000	0,232082
24,180000	0,241643
24,190000	0,246742
24,200000	0,260126
24,210000	0,266500
24,220000	0,244830
24,230000	0,270962
24,240000	0,239093
24,250000	0,243555
24,260000	0,204038
24,270000	0,249929
24,280000	0,245467
24,290000	0,221884
24,300000	0,248654
24,310000	0,267775
24,320000	0,314940
24,330000	0,244830
24,340000	0,252478
24,350000	0,270324
24,360000	0,246104
24,370000	0,184917
24,380000	0,254390
24,390000	0,258214
24,400000	0,144126
24,410000	0,263313
24,420000	0,251841
24,430000	0,150499
24,440000	0,248654
24,450000	0,255028
24,460000	0,294544
24,470000	0,249929
24,480000	0,246104
24,490000	0,288808
24,500000	0,245467
24,510000	0,256940
24,520000	0,249929
24,530000	0,251841
24,540000	0,249929
24,550000	0,256940
24,560000	0,259489
24,570000	0,252478
24,580000	0,249929
24,590000	0,253753
24,600000	0,258852
24,610000	0,248654
24,620000	0,254390
24,630000	0,247379
24,640000	0,258852
24,650000	0,261401
24,660000	0,257577
24,670000	0,262676
24,680000	0,256940
24,690000	0,276061
24,700000	0,264588
24,710000	0,255665
24,720000	0,258852
24,730000	0,269050
24,740000	0,251841
24,750000	0,255665
24,760000	0,248654
24,770000	0,251203
24,780000	0,249929
24,790000	0,256940
24,800000	0,246742
24,810000	0,256940
24,820000	0,265225
24,830000	0,281160
24,840000	0,256940
24,850000	0,229533
24,860000	0,275423
24,870000	0,228896
24,880000	0,257577
24,890000	0,248016
24,900000	0,226983
24,910000	0,255028
24,920000	0,228258
24,930000	0,219972
24,940000	0,252478
24,950000	0,242280
24,960000	0,228896
24,970000	0,246104
24,980000	0,242918
24,990000	0,255665
25,000000	0,256302
25,010000	0,255665
25,020000	0,246742
25,030000	0,254390
25,040000	0,279247
25,050000	0,215511
25,060000	0,245467
25,070000	0,234632
25,080000	0,282434
25,090000	0,259489
25,100000	0,285621
25,110000	0,239731
25,120000	0,250566
25,130000	0,278610
25,140000	0,226983
25,150000	0,257577
25,160000	0,221884
25,170000	0,251841
25,180000	0,253115
25,190000	0,195752
25,200000	0,235269
25,210000	0,246742
25,220000	0,185555
25,230000	0,245467
25,240000	0,241643
25,250000	0,328325
25,260000	0,247379
25,270000	0,256302
25,280000	0,335973
25,290000	0,256940
25,300000	0,252478
25,310000	0,275423
25,320000	0,249929
25,330000	0,234632
25,340000	0,230808
25,350000	0,224434
25,360000	0,251841
25,370000	0,226983
25,380000	0,253115
25,390000	0,233357
25,400000	0,248016
25,410000	0,255665
25,420000	0,251841
25,430000	0,255665
25,440000	0,252478
25,450000	0,251203
25,460000	0,262039
25,470000	0,257577
25,480000	0,268412
25,490000	0,254390
25,500000	0,244830
25,510000	0,264588
25,520000	0,242918
25,530000	0,242918
25,540000	0,246742
25,550000	0,249291
25,560000	0,239731
25,570000	0,234632
25,580000	0,237819
25,590000	0,250566
25,600000	0,244192
25,610000	0,250566
25,620000	0,246104
25,630000	0,253753
25,640000	0,249291
25,650000	0,265863
25,660000	0,248654
25,670000	0,249929
25,680000	0,234632
25,690000	0,246104
25,700000	0,238456
25,710000	0,207862
25,720000	0,239093
25,730000	0,254390
25,740000	0,244830
25,750000	0,264588
25,760000	0,272236
25,770000	0,269687
25,780000	0,271599
25,790000	0,256940
25,800000	0,263313
25,810000	0,272236
25,820000	0,244830
25,830000	0,251841
25,840000	0,248654
25,850000	0,250566
25,860000	0,238456
25,870000	0,236544
25,880000	0,253753
25,890000	0,233357
25,900000	0,276061
25,910000	0,250566
25,920000	0,258852
25,930000	0,208500
25,940000	0,250566
25,950000	0,284984
25,960000	0,299006
25,970000	0,248016
25,980000	0,200851
25,990000	0,215511
26,000000	0,253753
26,010000	0,201489
26,020000	0,246742
26,030000	0,250566
26,040000	0,306017
26,050000	0,254390
26,060000	0,250566
26,070000	0,288171
26,080000	0,252478
26,090000	0,253115
26,100000	0,197665
26,110000	0,251841
26,120000	0,252478
26,130000	0,225709
26,140000	0,260764
26,150000	0,256302
26,160000	0,281797
26,170000	0,255028
26,180000	0,306017
26,190000	0,250566
26,200000	0,253753
26,210000	0,294544
26,220000	0,248654
26,230000	0,254390
26,240000	0,264588
26,250000	0,252478
26,260000	0,252478
26,270000	0,258852
26,280000	0,245467
26,290000	0,247379
26,300000	0,249291
26,310000	0,256940
26,320000	0,249929
26,330000	0,251841
26,340000	0,244192
26,350000	0,255665
26,360000	0,249929
26,370000	0,248016
26,380000	0,240368
26,390000	0,246104
26,400000	0,247379
26,410000	0,277973
26,420000	0,241005
26,430000	0,244830
26,440000	0,253115
26,450000	0,253115
26,460000	0,258214
26,470000	0,235907
26,480000	0,244192
26,490000	0,249929
26,500000	0,249291
26,510000	0,246104
26,520000	0,243555
26,530000	0,255028
26,540000	0,254390
26,550000	0,267137
26,560000	0,249929
26,570000	0,269687
26,580000	0,282434
26,590000	0,247379
26,600000	0,256940
26,610000	0,241005
26,620000	0,235269
26,630000	0,257577
26,640000	0,234632
26,650000	0,240368
26,660000	0,281160
26,670000	0,244830
26,680000	0,255028
26,690000	0,253753
26,700000	0,254390
26,710000	0,250566
26,720000	0,259489
26,730000	0,253753
26,740000	0,263951
26,750000	0,249291
26,760000	0,256302
26,770000	0,213599
26,780000	0,245467
26,790000	0,285621
26,800000	0,265225
26,810000	0,255028
26,820000	0,286896
26,830000	0,280522
26,840000	0,251841
26,850000	0,270324
26,860000	0,263951
26,870000	0,250566
26,880000	0,299643
26,890000	0,251841
26,900000	0,251203
26,910000	0,193203
26,920000	0,248654
26,930000	0,254390
26,940000	0,233994
26,950000	0,262676
26,960000	0,244192
26,970000	0,344259
26,980000	0,251841
26,990000	0,304742
27,000000	0,263951
27,010000	0,256940
27,020000	0,337248
27,030000	0,248016
27,040000	0,243555
27,050000	0,236544
27,060000	0,221884
27,070000	0,240368
27,080000	0,181730
27,090000	0,244830
27,100000	0,244830
27,110000	0,227621
27,120000	0,252478
27,130000	0,263951
27,140000	0,262676
27,150000	0,233994
27,160000	0,269050
27,170000	0,258852
27,180000	0,255028
27,190000	0,261401
27,200000	0,252478
27,210000	0,259489
27,220000	0,267775
27,230000	0,247379
27,240000	0,246742
27,250000	0,248654
27,260000	0,247379
27,270000	0,263313
27,280000	0,239731
27,290000	0,241643
27,300000	0,250566
27,310000	0,263951
27,320000	0,253753
27,330000	0,265225
27,340000	0,251203
27,350000	0,244830
27,360000	0,262676
27,370000	0,247379
27,380000	0,233994
27,390000	0,208500
27,400000	0,229533
27,410000	0,244192
27,420000	0,237181
27,430000	0,275423
27,440000	0,245467
27,450000	0,251203
27,460000	0,247379
27,470000	0,251841
27,480000	0,249291
27,490000	0,209137
27,500000	0,245467
27,510000	0,269050
27,520000	0,269050
27,530000	0,258852
27,540000	0,229533
27,550000	0,267137
27,560000	0,253115
27,570000	0,257577
27,580000	0,269687
27,590000	0,254390
27,600000	0,256940
27,610000	0,256940
27,620000	0,246742
27,630000	0,255028
27,640000	0,244192
27,650000	0,230808
27,660000	0,246104
27,670000	0,242280
27,680000	0,258214
27,690000	0,210412
27,700000	0,244830
27,710000	0,214873
27,720000	0,279247
27,730000	0,245467
27,740000	0,286896
27,750000	0,267775
27,760000	0,248654
27,770000	0,307929
27,780000	0,251841
27,790000	0,244830
27,800000	0,256302
27,810000	0,249929
27,820000	0,254390
27,830000	0,230170
27,840000	0,249929
27,850000	0,252478
27,860000	0,189379
27,870000	0,249929
27,880000	0,242280
27,890000	0,263951
27,900000	0,243555
27,910000	0,306017
27,920000	0,248016
27,930000	0,248654
27,940000	0,298368
27,950000	0,246104
27,960000	0,248016
27,970000	0,262676
27,980000	0,264588
27,990000	0,245467
28,000000	0,254390
28,010000	0,253753
28,020000	0,249291
28,030000	0,252478
28,040000	0,254390
28,050000	0,256940
28,060000	0,245467
28,070000	0,252478
28,080000	0,242280
28,090000	0,257577
28,100000	0,258214
28,110000	0,270324
28,120000	0,271599
28,130000	0,261401
28,140000	0,268412
28,150000	0,262676
28,160000	0,247379
28,170000	0,249291
28,180000	0,244192
28,190000	0,240368
28,200000	0,244830
28,210000	0,234632
28,220000	0,228896
28,230000	0,236544
28,240000	0,260126
28,250000	0,274786
28,260000	0,253115
28,270000	0,241643
28,280000	0,263951
28,290000	0,258852
28,300000	0,246104
28,310000	0,257577
28,320000	0,252478
28,330000	0,282434
28,340000	0,260764
28,350000	0,229533
28,360000	0,223159
28,370000	0,254390
28,380000	0,256940
28,390000	0,228896
28,400000	0,246104
28,410000	0,251841
28,420000	0,242918
28,430000	0,262039
28,440000	0,245467
28,450000	0,256940
28,460000	0,255665
28,470000	0,253753
28,480000	0,283709
28,490000	0,216786
28,500000	0,245467
28,510000	0,285621
28,520000	0,219335
28,530000	0,256940
28,540000	0,298368
28,550000	0,274148
28,560000	0,257577
28,570000	0,286258
28,580000	0,255028
28,590000	0,248654
28,600000	0,203401
28,610000	0,257577
28,620000	0,250566
28,630000	0,201489
28,640000	0,243555
28,650000	0,288171
28,660000	0,268412
28,670000	0,255028
28,680000	0,282434
28,690000	0,234632
28,700000	0,246104
28,710000	0,333424
28,720000	0,258852
28,730000	0,258852
28,740000	0,356369
28,750000	0,242280
28,760000	0,245467
28,770000	0,240368
28,780000	0,250566
28,790000	0,204038
28,800000	0,248654
28,810000	0,226983
28,820000	0,223797
28,830000	0,243555
28,840000	0,240368
28,850000	0,256302
28,860000	0,249929
28,870000	0,270962
28,880000	0,260126
28,890000	0,254390
28,900000	0,269687
28,910000	0,259489
28,920000	0,244830
28,930000	0,255028
28,940000	0,270962
28,950000	0,255665
28,960000	0,272874
28,970000	0,255028
28,980000	0,263313
28,990000	0,256302
29,000000	0,241643
29,010000	0,256940
29,020000	0,244192
29,030000	0,253753
29,040000	0,280522
29,050000	0,230808
29,060000	0,260126
29,070000	0,258852
29,080000	0,290720
29,090000	0,257577
29,100000	0,262039
29,110000	0,248654
29,120000	0,256940
29,130000	0,253115
29,140000	0,218060
29,150000	0,242280
29,160000	0,246742
29,170000	0,259489
29,180000	0,277973
29,190000	0,194478
29,200000	0,298368
29,210000	0,236544
29,220000	0,222522
29,230000	0,274148
29,240000	0,195115
29,250000	0,267137
29,260000	0,202126
29,270000	0,255028
29,280000	0,238456
29,290000	0,258852
29,300000	0,274786
29,310000	0,260126
29,320000	0,284984
29,330000	0,245467
29,340000	0,250566
29,350000	0,265225
29,360000	0,246104
29,370000	0,219335
29,380000	0,205950
29,390000	0,244830
29,400000	0,260126
29,410000	0,233994
29,420000	0,249291
29,430000	0,201489
29,440000	0,244192
29,450000	0,239093
29,460000	0,216148
29,470000	0,251203
29,480000	0,243555
29,490000	0,295819
29,500000	0,251841
29,510000	0,267775
29,520000	0,179818
29,530000	0,244830
29,540000	0,179181
29,550000	0,279247
29,560000	0,246742
29,570000	0,146038
29,580000	0,255665
29,590000	0,251841
29,600000	0,138390
29,610000	0,249291
29,620000	0,244830
29,630000	0,230170
29,640000	0,250566
29,650000	0,250566
29,660000	0,297731
29,670000	0,242280
29,680000	0,248654
29,690000	0,279247
29,700000	0,249929
29,710000	0,255665
29,720000	0,246104
29,730000	0,251203
29,740000	0,249291
29,750000	0,245467
29,760000	0,247379
29,770000	0,260126
29,780000	0,252478
29,790000	0,250566
29,800000	0,235907
29,810000	0,254390
29,820000	0,260126
29,830000	0,243555
29,840000	0,253115
29,850000	0,248654
29,860000	0,265863
29,870000	0,259489
29,880000	0,244192
29,890000	0,268412
29,900000	0,254390
29,910000	0,250566
29,920000	0,240368
29,930000	0,240368
29,940000	0,239731
29,950000	0,251841
29,960000	0,233994
29,970000	0,248016
29,980000	0,239731
29,990000	0,260126
30,000000	0,281797
30,010000	0,249929
30,020000	0,249929
30,030000	0,288171
30,040000	0,260764
30,050000	0,228896
30,060000	0,269687
30,070000	0,249291
30,080000	0,239731
30,090000	0,236544
30,100000	0,224434
30,110000	0,247379
30,120000	0,239093
30,130000	0,251203
30,140000	0,253115
30,150000	0,237819
30,160000	0,250566
30,170000	0,239731
30,180000	0,255028
30,190000	0,254390
30,200000	0,258214
30,210000	0,245467
30,220000	0,215511
30,230000	0,255028
30,240000	0,291357
30,250000	0,272236
30,260000	0,246104
30,270000	0,303467
30,280000	0,287533
30,290000	0,255665
30,300000	0,225071
30,310000	0,310478
30,320000	0,251841
30,330000	0,204676
30,340000	0,225071
30,350000	0,249291
30,360000	0,193203
30,370000	0,236544
30,380000	0,244192
30,390000	0,244192
30,400000	0,240368
30,410000	0,249291
30,420000	0,258852
30,430000	0,243555
30,440000	0,253753
30,450000	0,290720
30,460000	0,246104
30,470000	0,240368
30,480000	0,307929
30,490000	0,248654
30,500000	0,233357
30,510000	0,231445
30,520000	0,247379
30,530000	0,247379
30,540000	0,235907
30,550000	0,246742
30,560000	0,263313
30,570000	0,248016
30,580000	0,260764
30,590000	0,262039
30,600000	0,258852
30,610000	0,237181
30,620000	0,256940
30,630000	0,256940
30,640000	0,253753
30,650000	0,254390
30,660000	0,257577
30,670000	0,260126
30,680000	0,267775
30,690000	0,256940
30,700000	0,253115
30,710000	0,245467
30,720000	0,249929
30,730000	0,266500
30,740000	0,233994
30,750000	0,248654
30,760000	0,261401
30,770000	0,263313
30,780000	0,237181
30,790000	0,250566
30,800000	0,268412
30,810000	0,232082
30,820000	0,261401
30,830000	0,218698
30,840000	0,232082
30,850000	0,284346
30,860000	0,219335
30,870000	0,285621
30,880000	0,249291
30,890000	0,250566
30,900000	0,239731
30,910000	0,255028
30,920000	0,239093
30,930000	0,219335
30,940000	0,237819
30,950000	0,248654
30,960000	0,274148
30,970000	0,247379
30,980000	0,241643
30,990000	0,277335
31,000000	0,267775
31,010000	0,243555
31,020000	0,243555
31,030000	0,263951
31,040000	0,245467
31,050000	0,259489
31,060000	0,267137
31,070000	0,269050
31,080000	0,284346
31,090000	0,248016
31,100000	0,248654
31,110000	0,226983
31,120000	0,246104
31,130000	0,208500
31,140000	0,191291
31,150000	0,251841
31,160000	0,216786
31,170000	0,278610
31,180000	0,253115
31,190000	0,297094
31,200000	0,162609
31,210000	0,256302
31,220000	0,271599
31,230000	0,285621
31,240000	0,244830
31,250000	0,309841
31,260000	0,276061
31,270000	0,258852
31,280000	0,158148
31,290000	0,248654
31,300000	0,254390
31,310000	0,135840
31,320000	0,251203
31,330000	0,253753
31,340000	0,186829
31,350000	0,251841
31,360000	0,249929
31,370000	0,303467
31,380000	0,252478
31,390000	0,249291
31,400000	0,302830
31,410000	0,255028
31,420000	0,257577
31,430000	0,264588
31,440000	0,248016
31,450000	0,256940
31,460000	0,251841
31,470000	0,244830
31,480000	0,253753
31,490000	0,252478
31,500000	0,243555
31,510000	0,244192
31,520000	0,242280
31,530000	0,245467
31,540000	0,251841
31,550000	0,239093
31,560000	0,251203
31,570000	0,253753
31,580000	0,245467
31,590000	0,256302
31,600000	0,252478
31,610000	0,260126
31,620000	0,249291
31,630000	0,246104
31,640000	0,256940
31,650000	0,233994
31,660000	0,243555
31,670000	0,244830
31,680000	0,239731
31,690000	0,247379
31,700000	0,248016
31,710000	0,254390
31,720000	0,253115
31,730000	0,246104
31,740000	0,262039
31,750000	0,267775
31,760000	0,244830
31,770000	0,254390
31,780000	0,272874
31,790000	0,250566
31,800000	0,229533
31,810000	0,263951
31,820000	0,239731
31,830000	0,231445
31,840000	0,231445
31,850000	0,250566
31,860000	0,246742
31,870000	0,232720
31,880000	0,223159
31,890000	0,264588
31,900000	0,241643
31,910000	0,221247
31,920000	0,219335
31,930000	0,249929
31,940000	0,220610
31,950000	0,214236
31,960000	0,249291
31,970000	0,283072
31,980000	0,262676
31,990000	0,256940
32,000000	0,257577
32,010000	0,205313
32,020000	0,247379
32,030000	0,213599
32,040000	0,216786
32,050000	0,244192
32,060000	0,318764
32,070000	0,283709
32,080000	0,246742
32,090000	0,184280
32,100000	0,229533
32,110000	0,252478
32,120000	0,313028
32,130000	0,242280
32,140000	0,250566
32,150000	0,353182
32,160000	0,246742
32,170000	0,227621
32,180000	0,369753
32,190000	0,216786
32,200000	0,249291
32,210000	0,226983
32,220000	0,255028
32,230000	0,249291
32,240000	0,197027
32,250000	0,246742
32,260000	0,239093
32,270000	0,228896
32,280000	0,267137
32,290000	0,265225
32,300000	0,258852
32,310000	0,258214
32,320000	0,250566
32,330000	0,246742
32,340000	0,250566
32,350000	0,256940
32,360000	0,242918
32,370000	0,254390
32,380000	0,272874
32,390000	0,262039
32,400000	0,255665
32,410000	0,244192
32,420000	0,254390
32,430000	0,242280
32,440000	0,249929
32,450000	0,228896
32,460000	0,240368
32,470000	0,251841
32,480000	0,247379
32,490000	0,255665
32,500000	0,247379
32,510000	0,243555
32,520000	0,235907
32,530000	0,253115
32,540000	0,263951
32,550000	0,248654
32,560000	0,212961
32,570000	0,249291
32,580000	0,259489
32,590000	0,241643
32,600000	0,205313
32,610000	0,235907
32,620000	0,244192
32,630000	0,251841
32,640000	0,200214
32,650000	0,207862
32,660000	0,269687
32,670000	0,284984
32,680000	0,264588
32,690000	0,249929
32,700000	0,270962
32,710000	0,251841
32,720000	0,268412
32,730000	0,242280
32,740000	0,261401
32,750000	0,277335
32,760000	0,249291
32,770000	0,258852
32,780000	0,267137
32,790000	0,297731
32,800000	0,252478
32,810000	0,256302
32,820000	0,273511
32,830000	0,247379
32,840000	0,272874
32,850000	0,255028
32,860000	0,252478
32,870000	0,290720
32,880000	0,251841
32,890000	0,257577
32,900000	0,244830
32,910000	0,267775
32,920000	0,254390
32,930000	0,270324
32,940000	0,235269
32,950000	0,258214
32,960000	0,314940
32,970000	0,262039
32,980000	0,251203
32,990000	0,254390
33,000000	0,254390
33,010000	0,255028
33,020000	0,172170
33,030000	0,248654
33,040000	0,252478
33,050000	0,189379
33,060000	0,256302
33,070000	0,255665
33,080000	0,234632
33,090000	0,247379
33,100000	0,260764
33,110000	0,311753
33,120000	0,251203
33,130000	0,257577
33,140000	0,265225
33,150000	0,251203
33,160000	0,255665
33,170000	0,254390
33,180000	0,262676
33,190000	0,244192
33,200000	0,255028
33,210000	0,258214
33,220000	0,251841
33,230000	0,256940
33,240000	0,246742
33,250000	0,264588
33,260000	0,249291
33,270000	0,261401
33,280000	0,240368
33,290000	0,255028
33,300000	0,251841
33,310000	0,263951
33,320000	0,246104
33,330000	0,250566
33,340000	0,259489
33,350000	0,261401
33,360000	0,239093
33,370000	0,259489
33,380000	0,253753
33,390000	0,239731
33,400000	0,230170
33,410000	0,247379
33,420000	0,256940
33,430000	0,238456
33,440000	0,260764
33,450000	0,238456
33,460000	0,279247
33,470000	0,263951
33,480000	0,251841
33,490000	0,276698
33,500000	0,260126
33,510000	0,249291
33,520000	0,251841
33,530000	0,224434
33,540000	0,250566
33,550000	0,249929
33,560000	0,225709
33,570000	0,241005
33,580000	0,251203
33,590000	0,248016
33,600000	0,240368
33,610000	0,232720
33,620000	0,236544
33,630000	0,250566
33,640000	0,275423
33,650000	0,248654
33,660000	0,248016
33,670000	0,295182
33,680000	0,238456
33,690000	0,250566
33,700000	0,213599
33,710000	0,287533
33,720000	0,252478
33,730000	0,296456
33,740000	0,256940
33,750000	0,244192
33,760000	0,298368
33,770000	0,248016
33,780000	0,253753
33,790000	0,213599
33,800000	0,250566
33,810000	0,233357
33,820000	0,185555
33,830000	0,255028
33,840000	0,240368
33,850000	0,327050
33,860000	0,245467
33,870000	0,239093
33,880000	0,355094
33,890000	0,239731
33,900000	0,234632
33,910000	0,246742
33,920000	0,229533
33,930000	0,246742
33,940000	0,229533
33,950000	0,239093
33,960000	0,190016
33,970000	0,263951
33,980000	0,255028
33,990000	0,242918
34,000000	0,253753
34,010000	0,244192
34,020000	0,248654
34,030000	0,269687
34,040000	0,255665
34,050000	0,249929
34,060000	0,255028
34,070000	0,254390
34,080000	0,263313
34,090000	0,277335
34,100000	0,251841
34,110000	0,259489
34,120000	0,255028
34,130000	0,272874
34,140000	0,248654
34,150000	0,243555
34,160000	0,251203
34,170000	0,269687
34,180000	0,243555
34,190000	0,253115
34,200000	0,258852
34,210000	0,258214
34,220000	0,263951
34,230000	0,214873
34,240000	0,257577
34,250000	0,223159
34,260000	0,260126
34,270000	0,230808
34,280000	0,203401
34,290000	0,256302
34,300000	0,249929
34,310000	0,248016
34,320000	0,233357
34,330000	0,296456
34,340000	0,230808
34,350000	0,300281
34,360000	0,254390
34,370000	0,181730
34,380000	0,244830
34,390000	0,203401
34,400000	0,249929
34,410000	0,196390
34,420000	0,260126
34,430000	0,291357
34,440000	0,254390
34,450000	0,279247
34,460000	0,230170
34,470000	0,298368
34,480000	0,269050
34,490000	0,304742
34,500000	0,263951
34,510000	0,254390
34,520000	0,286258
34,530000	0,249929
34,540000	0,254390
34,550000	0,292632
34,560000	0,228896
34,570000	0,237181
34,580000	0,234632
34,590000	0,246742
34,600000	0,235269
34,610000	0,205313
34,620000	0,249929
34,630000	0,197665
34,640000	0,304105
34,650000	0,263313
34,660000	0,280522
34,670000	0,208500
34,680000	0,248016
34,690000	0,198302
34,700000	0,246742
34,710000	0,242918
34,720000	0,139027
34,730000	0,254390
34,740000	0,249929
34,750000	0,153049
34,760000	0,260126
34,770000	0,256940
34,780000	0,146675
34,790000	0,271599
34,800000	0,248654
34,810000	0,310478
34,820000	0,239093
34,830000	0,253115
34,840000	0,276061
34,850000	0,252478
34,860000	0,247379
34,870000	0,256940
34,880000	0,255665
34,890000	0,254390
34,900000	0,246742
34,910000	0,260126
34,920000	0,262676
34,930000	0,255665
34,940000	0,260764
34,950000	0,245467
34,960000	0,258214
34,970000	0,248016
34,980000	0,241005
34,990000	0,246104
35,000000	0,248016
35,010000	0,251203
35,020000	0,253753
35,030000	0,249929
35,040000	0,249929
35,050000	0,261401
35,060000	0,248016
35,070000	0,256940
35,080000	0,249291
35,090000	0,244830
35,100000	0,233994
35,110000	0,254390
35,120000	0,257577
35,130000	0,251203
35,140000	0,249291
35,150000	0,285621
35,160000	0,267137
35,170000	0,245467
35,180000	0,285621
35,190000	0,269687
35,200000	0,248654
35,210000	0,260764
35,220000	0,252478
35,230000	0,261401
35,240000	0,249291
35,250000	0,226983
35,260000	0,249291
35,270000	0,266500
35,280000	0,228896
35,290000	0,245467
35,300000	0,269050
35,310000	0,228258
35,320000	0,249929
35,330000	0,225071
35,340000	0,238456
35,350000	0,242918
35,360000	0,228896
35,370000	0,249291
35,380000	0,246742
35,390000	0,211687
35,400000	0,262676
35,410000	0,256302
35,420000	0,226983
35,430000	0,262676
35,440000	0,254390
35,450000	0,298368
35,460000	0,250566
35,470000	0,235269
35,480000	0,304742
35,490000	0,244830
35,500000	0,214236
35,510000	0,225071
35,520000	0,249291
35,530000	0,269687
35,540000	0,334698
35,550000	0,261401
35,560000	0,223797
35,570000	0,241005
35,580000	0,244830
35,590000	0,311753
35,600000	0,255665
35,610000	0,229533
35,620000	0,303467
35,630000	0,230170
35,640000	0,244830
35,650000	0,226983
35,660000	0,251203
35,670000	0,253753
35,680000	0,197665
35,690000	0,260126
35,700000	0,252478
35,710000	0,248654
35,720000	0,257577
35,730000	0,260764
35,740000	0,255665
35,750000	0,250566
35,760000	0,263951
35,770000	0,249291
35,780000	0,269687
35,790000	0,257577
35,800000	0,265225
35,810000	0,253753
35,820000	0,255028
35,830000	0,260126
35,840000	0,250566
35,850000	0,253753
35,860000	0,232082
35,870000	0,245467
35,880000	0,233357
35,890000	0,248654
35,900000	0,280522
35,910000	0,252478
35,920000	0,239731
35,930000	0,250566
35,940000	0,266500
35,950000	0,242280
35,960000	0,256302
35,970000	0,217423
35,980000	0,214236
35,990000	0,244830
36,000000	0,209137
36,010000	0,233994
36,020000	0,228258
36,030000	0,242280
36,040000	0,185555
36,050000	0,249291
36,060000	0,225709
36,070000	0,236544
36,080000	0,247379
36,090000	0,249291
36,100000	0,253115
36,110000	0,231445
36,120000	0,244192
36,130000	0,274148
36,140000	0,252478
36,150000	0,248654
36,160000	0,270324
36,170000	0,250566
36,180000	0,221884
36,190000	0,279885
36,200000	0,246742
36,210000	0,258214
36,220000	0,269687
36,230000	0,245467
36,240000	0,214236
36,250000	0,228258
36,260000	0,246742
36,270000	0,264588
36,280000	0,244192
36,290000	0,244830
36,300000	0,198302
36,310000	0,242280
36,320000	0,251841
36,330000	0,204038
36,340000	0,256302
36,350000	0,255028
36,360000	0,227621
36,370000	0,251841
36,380000	0,241005
36,390000	0,283709
36,400000	0,249929
36,410000	0,257577
36,420000	0,163247
36,430000	0,250566
36,440000	0,252478
36,450000	0,168983
36,460000	0,254390
36,470000	0,272236
36,480000	0,249929
36,490000	0,258214
36,500000	0,292632
36,510000	0,253115
36,520000	0,251841
36,530000	0,304742
36,540000	0,250566
36,550000	0,249929
36,560000	0,290720
36,570000	0,253753
36,580000	0,242280
36,590000	0,253753
36,600000	0,249929
36,610000	0,250566
36,620000	0,248016
36,630000	0,254390
36,640000	0,251841
36,650000	0,249291
36,660000	0,246742
36,670000	0,256302
36,680000	0,250566
36,690000	0,250566
36,700000	0,250566
36,710000	0,249929
36,720000	0,257577
36,730000	0,255028
36,740000	0,250566
36,750000	0,256302
36,760000	0,255665
36,770000	0,251203
36,780000	0,242280
36,790000	0,251841
36,800000	0,255028
36,810000	0,256940
36,820000	0,255028
36,830000	0,260126
36,840000	0,246742
36,850000	0,287533
36,860000	0,250566
36,870000	0,249929
36,880000	0,255028
36,890000	0,267137
36,900000	0,249929
36,910000	0,265225
36,920000	0,249929
36,930000	0,267137
36,940000	0,251203
36,950000	0,252478
36,960000	0,246742
36,970000	0,248654
36,980000	0,243555
36,990000	0,246742
37,000000	0,262039
37,010000	0,266500
37,020000	0,246104
37,030000	0,261401
37,040000	0,221247
37,050000	0,255665
37,060000	0,233357
37,070000	0,270324
37,080000	0,246742
37,090000	0,225071
37,100000	0,249929
37,110000	0,255028
37,120000	0,246742
37,130000	0,256302
37,140000	0,249929
37,150000	0,285621
37,160000	0,247379
37,170000	0,249929
37,180000	0,281797
37,190000	0,249929
37,200000	0,248016
37,210000	0,245467
37,220000	0,249929
37,230000	0,247379
37,240000	0,244192
37,250000	0,254390
37,260000	0,226983
37,270000	0,253753
37,280000	0,244192
37,290000	0,267137
37,300000	0,245467
37,310000	0,251203
37,320000	0,330237
37,330000	0,247379
37,340000	0,239731
37,350000	0,234632
37,360000	0,248016
37,370000	0,255028
37,380000	0,216148
37,390000	0,256302
37,400000	0,251841
37,410000	0,259489
37,420000	0,244830
37,430000	0,255665
37,440000	0,253753
37,450000	0,258214
37,460000	0,249291
37,470000	0,256302
37,480000	0,249929
37,490000	0,253753
37,500000	0,249291
37,510000	0,255665
37,520000	0,254390
37,530000	0,254390
37,540000	0,245467
37,550000	0,248654
37,560000	0,242918
37,570000	0,251841
37,580000	0,246104
37,590000	0,245467
37,600000	0,246104
37,610000	0,248016
37,620000	0,253115
37,630000	0,248016
37,640000	0,247379
37,650000	0,249929
37,660000	0,257577
37,670000	0,242280
37,680000	0,254390
37,690000	0,245467
37,700000	0,249929
37,710000	0,249291
37,720000	0,221884
37,730000	0,248654
37,740000	0,251203
37,750000	0,238456
37,760000	0,251203
37,770000	0,243555
37,780000	0,241643
37,790000	0,247379
37,800000	0,243555
37,810000	0,246742
37,820000	0,248654
37,830000	0,253115
37,840000	0,246104
37,850000	0,249929
37,860000	0,260764
37,870000	0,253753
37,880000	0,235907
37,890000	0,247379
37,900000	0,263313
37,910000	0,256302
37,920000	0,250566
37,930000	0,258852
37,940000	0,247379
37,950000	0,245467
37,960000	0,269050
37,970000	0,248016
37,980000	0,236544
37,990000	0,228258
38,000000	0,246742
38,010000	0,250566
38,020000	0,260764
38,030000	0,252478
38,040000	0,277973
38,050000	0,253753
38,060000	0,248654
38,070000	0,211687
38,080000	0,246742
38,090000	0,248654
38,100000	0,233357
38,110000	0,252478
38,120000	0,248654
38,130000	0,274786
38,140000	0,248016
38,150000	0,272236
38,160000	0,249291
38,170000	0,256940
38,180000	0,229533
38,190000	0,260764
38,200000	0,249929
38,210000	0,226983
38,220000	0,256302
38,230000	0,255028
38,240000	0,279247
38,250000	0,249291
38,260000	0,247379
38,270000	0,289445
38,280000	0,247379
38,290000	0,251203
38,300000	0,248016
38,310000	0,248654
38,320000	0,244192
38,330000	0,246104
38,340000	0,256940
38,350000	0,249929
38,360000	0,246742
38,370000	0,252478
38,380000	0,247379
38,390000	0,253753
38,400000	0,253115
38,410000	0,253753
38,420000	0,248654
38,430000	0,250566
38,440000	0,254390
38,450000	0,246104
38,460000	0,261401
38,470000	0,255028
38,480000	0,252478
38,490000	0,261401
38,500000	0,243555
38,510000	0,248654
38,520000	0,250566
38,530000	0,248016
38,540000	0,255665
38,550000	0,257577
38,560000	0,251203
38,570000	0,252478
38,580000	0,263951
38,590000	0,257577
38,600000	0,251203
38,610000	0,259489
38,620000	0,254390
38,630000	0,262039
38,640000	0,246104
38,650000	0,240368
38,660000	0,245467
38,670000	0,249291
38,680000	0,234632
38,690000	0,232720
38,700000	0,229533
38,710000	0,249929
38,720000	0,251841
38,730000	0,251203
38,740000	0,249291
38,750000	0,249291
38,760000	0,258214
38,770000	0,249929
38,780000	0,258852
38,790000	0,229533
38,800000	0,251203
38,810000	0,260764
38,820000	0,265225
38,830000	0,253115
38,840000	0,255665
38,850000	0,255665
38,860000	0,253115
38,870000	0,275423
38,880000	0,250566
38,890000	0,251841
38,900000	0,276061
38,910000	0,258852
38,920000	0,246742
38,930000	0,263951
38,940000	0,248654
38,950000	0,253753
38,960000	0,277973
38,970000	0,255028
38,980000	0,299643
38,990000	0,254390
39,000000	0,248654
39,010000	0,316852
39,020000	0,247379
39,030000	0,250566
39,040000	0,318764
39,050000	0,248016
39,060000	0,247379
39,070000	0,233994
39,080000	0,252478
39,090000	0,251841
39,100000	0,218060
39,110000	0,250566
39,120000	0,246742
39,130000	0,251841
39,140000	0,244830
39,150000	0,253753
39,160000	0,252478
39,170000	0,246742
39,180000	0,249929
39,190000	0,248654
39,200000	0,253753
39,210000	0,256302
39,220000	0,252478
39,230000	0,246104
39,240000	0,256940
39,250000	0,253115
39,260000	0,254390
39,270000	0,253115
39,280000	0,252478
39,290000	0,253115
39,300000	0,251203
39,310000	0,248654
39,320000	0,242280
39,330000	0,250566
39,340000	0,255665
39,350000	0,246104
39,360000	0,249929
39,370000	0,248654
39,380000	0,254390
39,390000	0,249929
39,400000	0,255665
39,410000	0,239731
39,420000	0,249929
39,430000	0,252478
39,440000	0,244830
39,450000	0,251841
39,460000	0,251203
39,470000	0,251203
39,480000	0,250566
39,490000	0,252478
39,500000	0,249291
39,510000	0,252478
39,520000	0,251841
39,530000	0,263951
39,540000	0,252478
39,550000	0,252478
39,560000	0,249929
39,570000	0,258214
39,580000	0,255028
39,590000	0,256940
39,600000	0,251203
39,610000	0,249291
39,620000	0,251841
39,630000	0,250566
39,640000	0,249929
39,650000	0,266500
39,660000	0,249291
39,670000	0,248654
39,680000	0,241643
39,690000	0,251203
39,700000	0,248654
39,710000	0,251203
39,720000	0,249929
39,730000	0,242918
39,740000	0,239093
39,750000	0,251203
39,760000	0,248654
39,770000	0,235907
39,780000	0,248654
39,790000	0,245467
39,800000	0,248654
39,810000	0,249929
39,820000	0,255028
39,830000	0,247379
39,840000	0,249929
39,850000	0,211049
39,860000	0,253753
39,870000	0,249291
39,880000	0,242280
39,890000	0,249929
39,900000	0,251841
39,910000	0,214873
39,920000	0,252478
39,930000	0,251841
39,940000	0,247379
39,950000	0,253753
39,960000	0,249929
39,970000	0,253753
39,980000	0,248654
39,990000	0,249291
40,000000	0,250566
40,010000	0,251841
40,020000	0,249291
40,030000	0,248016
40,040000	0,246742
40,050000	0,246104
40,060000	0,248016
40,070000	0,250566
40,080000	0,248016
40,090000	0,248654
40,100000	0,249929
40,110000	0,247379
40,120000	0,246742
40,130000	0,246742
40,140000	0,248654
40,150000	0,253753
40,160000	0,251203
40,170000	0,250566
40,180000	0,248654
40,190000	0,251841
40,200000	0,249929
40,210000	0,246742
40,220000	0,255028
40,230000	0,250566
40,240000	0,246742
40,250000	0,248016
40,260000	0,249929
40,270000	0,249291
40,280000	0,248654
40,290000	0,246742
40,300000	0,245467
40,310000	0,257577
40,320000	0,237181
40,330000	0,249291
40,340000	0,247379
40,350000	0,250566
40,360000	0,247379
40,370000	0,247379
40,380000	0,242918
40,390000	0,254390
40,400000	0,245467
40,410000	0,247379
40,420000	0,249929
40,430000	0,249291
40,440000	0,247379
40,450000	0,245467
40,460000	0,246742
40,470000	0,246104
40,480000	0,246742
40,490000	0,248016
40,500000	0,244192
40,510000	0,245467
40,520000	0,248016
40,530000	0,249929
40,540000	0,247379
40,550000	0,247379
40,560000	0,253115
40,570000	0,253753
40,580000	0,248654
40,590000	0,252478
40,600000	0,248016
40,610000	0,249929
40,620000	0,249929
40,630000	0,249291
40,640000	0,249291
40,650000	0,248654
40,660000	0,232082
40,670000	0,251841
40,680000	0,250566
40,690000	0,251203
40,700000	0,253115
40,710000	0,255028
40,720000	0,249929
40,730000	0,253115
40,740000	0,249291
40,750000	0,249929
40,760000	0,251203
40,770000	0,253115
40,780000	0,247379
40,790000	0,249291
40,800000	0,250566
40,810000	0,252478
40,820000	0,248016
40,830000	0,255028
40,840000	0,252478
40,850000	0,249929
40,860000	0,247379
40,870000	0,252478
40,880000	0,248654
40,890000	0,251203
40,900000	0,251203
40,910000	0,248654
40,920000	0,250566
40,930000	0,251841
40,940000	0,249291
40,950000	0,254390
40,960000	0,251841
40,970000	0,254390
40,980000	0,251841
40,990000	0,249929
41,000000	0,253753
41,010000	0,251203
41,020000	0,249929
41,030000	0,253753
41,040000	0,249291
41,050000	0,248016
41,060000	0,252478
41,070000	0,252478
41,080000	0,248016
41,090000	0,254390
41,100000	0,249291
41,110000	0,248654
41,120000	0,249929
41,130000	0,251841
41,140000	0,248654
41,150000	0,251203
41,160000	0,248016
41,170000	0,251841
41,180000	0,254390
41,190000	0,256302
41,200000	0,251203
41,210000	0,253753
41,220000	0,251203
41,230000	0,253115
41,240000	0,252478
41,250000	0,257577
41,260000	0,249291
41,270000	0,256940
41,280000	0,249929
41,290000	0,251841
41,300000	0,251203
41,310000	0,252478
41,320000	0,253753
41,330000	0,252478
41,340000	0,252478
41,350000	0,249929
41,360000	0,246742
41,370000	0,253753
41,380000	0,253115
41,390000	0,251203
41,400000	0,249929
41,410000	0,256940
41,420000	0,249291
41,430000	0,253753
41,440000	0,253115
41,450000	0,252478
41,460000	0,252478
41,470000	0,253753
41,480000	0,248654
41,490000	0,252478
41,500000	0,249929
41,510000	0,248016
41,520000	0,249929
41,530000	0,249291
41,540000	0,249291
41,550000	0,247379
41,560000	0,248654
41,570000	0,251841
41,580000	0,251203
41,590000	0,253753
41,600000	0,249291
41,610000	0,249929
41,620000	0,249291
41,630000	0,253115
41,640000	0,246104
41,650000	0,251841
41,660000	0,249291
41,670000	0,249929
41,680000	0,249291
41,690000	0,250566
41,700000	0,246742
41,710000	0,250566
41,720000	0,245467
41,730000	0,249929
41,740000	0,249291
41,750000	0,249291
41,760000	0,249929
41,770000	0,250566
41,780000	0,253753
41,790000	0,248654
41,800000	0,251203
41,810000	0,246104
41,820000	0,251203
41,830000	0,247379
41,840000	0,254390
41,850000	0,250566
41,860000	0,248654
41,870000	0,252478
41,880000	0,249929
41,890000	0,248654
41,900000	0,251841
41,910000	0,249291
41,920000	0,248654
41,930000	0,252478
41,940000	0,246742
41,950000	0,247379
41,960000	0,247379
41,970000	0,249929
41,980000	0,253115
41,990000	0,249929
42,000000	0,244192
42,010000	0,252478
42,020000	0,249291
42,030000	0,249929
42,040000	0,254390
42,050000	0,248654
42,060000	0,249929
42,070000	0,249929
42,080000	0,246104
42,090000	0,249929
42,100000	0,246742
42,110000	0,245467
42,120000	0,247379
42,130000	0,246742
42,140000	0,248654
42,150000	0,249291
42,160000	0,251841
42,170000	0,249929
42,180000	0,248654
42,190000	0,248654
42,200000	0,248654
42,210000	0,245467
42,220000	0,247379
42,230000	0,244192
42,240000	0,251203
42,250000	0,244830
42,260000	0,247379
42,270000	0,248654
42,280000	0,249291
42,290000	0,248654
42,300000	0,244830
42,310000	0,249929
42,320000	0,248016
42,330000	0,249929
42,340000	0,244830
42,350000	0,244830
42,360000	0,248016
42,370000	0,248016
42,380000	0,248654
42,390000	0,249929
42,400000	0,249929
42,410000	0,246742
42,420000	0,249291
42,430000	0,248654
42,440000	0,251841
42,450000	0,248654
42,460000	0,252478
42,470000	0,253115
42,480000	0,250566
42,490000	0,249929
42,500000	0,248654
42,510000	0,246742
42,520000	0,249291
42,530000	0,251203
42,540000	0,250566
42,550000	0,249929
42,560000	0,253753
42,570000	0,253115
42,580000	0,248654
42,590000	0,257577
42,600000	0,245467
42,610000	0,249929
42,620000	0,246104
42,630000	0,251203
42,640000	0,249291
42,650000	0,253753
42,660000	0,251841
42,670000	0,249291
42,680000	0,242280
42,690000	0,249929
42,700000	0,241005
42,710000	0,255665
42,720000	0,243555
42,730000	0,258852
42,740000	0,246742
42,750000	0,252478
42,760000	0,249929
42,770000	0,253753
42,780000	0,248654
42,790000	0,252478
42,800000	0,249929
42,810000	0,250566
42,820000	0,248016
42,830000	0,249929
42,840000	0,248654
42,850000	0,255665
42,860000	0,248654
42,870000	0,249291
42,880000	0,248016
42,890000	0,253115
42,900000	0,249929
42,910000	0,250566
42,920000	0,254390
42,930000	0,251841
42,940000	0,251203
42,950000	0,247379
42,960000	0,256302
42,970000	0,246742
42,980000	0,256302
42,990000	0,247379
43,000000	0,255028
43,010000	0,245467
43,020000	0,256302
43,030000	0,250566
43,040000	0,252478
43,050000	0,250566
43,060000	0,255665
43,070000	0,248654
43,080000	0,255028
43,090000	0,248016
43,100000	0,253753
43,110000	0,253115
43,120000	0,257577
43,130000	0,250566
43,140000	0,254390
43,150000	0,250566
43,160000	0,253753
43,170000	0,257577
43,180000	0,251203
43,190000	0,255665
43,200000	0,251841
43,210000	0,256302
43,220000	0,250566
43,230000	0,252478
43,240000	0,252478
43,250000	0,254390
43,260000	0,255665
43,270000	0,253115
43,280000	0,251203
43,290000	0,253115
43,300000	0,252478
43,310000	0,245467
43,320000	0,251203
43,330000	0,249291
43,340000	0,253753
43,350000	0,253115
43,360000	0,250566
43,370000	0,251203
43,380000	0,255028
43,390000	0,244830
43,400000	0,255665
43,410000	0,250566
43,420000	0,249929
43,430000	0,247379
43,440000	0,249291
43,450000	0,246104
43,460000	0,254390
43,470000	0,246742
43,480000	0,251203
43,490000	0,254390
43,500000	0,254390
43,510000	0,250566
43,520000	0,249929
43,530000	0,249929
43,540000	0,249291
43,550000	0,249929
43,560000	0,246742
43,570000	0,251841
43,580000	0,251203
43,590000	0,252478
43,600000	0,247379
43,610000	0,255028
43,620000	0,247379
43,630000	0,252478
43,640000	0,245467
43,650000	0,253115
43,660000	0,243555
43,670000	0,252478
43,680000	0,249929
43,690000	0,255028
43,700000	0,248654
43,710000	0,252478
43,720000	0,246742
43,730000	0,252478
43,740000	0,249291
43,750000	0,251841
43,760000	0,247379
43,770000	0,252478
43,780000	0,251203
43,790000	0,249929
43,800000	0,246742
43,810000	0,252478
43,820000	0,249929
43,830000	0,249929
43,840000	0,247379
43,850000	0,253115
43,860000	0,247379
43,870000	0,253753
43,880000	0,245467
43,890000	0,249929
43,900000	0,248654
43,910000	0,251203
43,920000	0,245467
43,930000	0,249929
43,940000	0,248654
43,950000	0,248654
43,960000	0,246742
43,970000	0,249929
43,980000	0,243555
43,990000	0,244830
44,000000	0,246742
44,010000	0,247379
44,020000	0,248654
44,030000	0,248654
44,040000	0,249291
44,050000	0,245467
44,060000	0,249929
44,070000	0,246742
44,080000	0,249291
44,090000	0,247379
44,100000	0,248654
44,110000	0,248654
44,120000	0,247379
44,130000	0,249291
44,140000	0,242280
44,150000	0,248654
44,160000	0,244830
44,170000	0,251203
44,180000	0,249929
44,190000	0,250566
44,200000	0,245467
44,210000	0,249291
44,220000	0,247379
44,230000	0,249291
44,240000	0,248654
44,250000	0,249929
44,260000	0,249929
44,270000	0,248654
44,280000	0,247379
44,290000	0,245467
44,300000	0,250566
44,310000	0,249291
44,320000	0,249929
44,330000	0,249291
44,340000	0,250566
44,350000	0,247379
44,360000	0,251203
44,370000	0,246742
44,380000	0,247379
44,390000	0,242918
44,400000	0,248016
44,410000	0,246742
44,420000	0,248654
44,430000	0,251841
44,440000	0,249929
44,450000	0,251203
44,460000	0,248654
44,470000	0,251203
44,480000	0,248016
44,490000	0,251841
44,500000	0,249929
44,510000	0,250566
44,520000	0,247379
44,530000	0,249291
44,540000	0,244192
44,550000	0,252478
44,560000	0,246742
44,570000	0,251203
44,580000	0,247379
44,590000	0,250566
44,600000	0,248016
44,610000	0,247379
44,620000	0,246742
44,630000	0,249929
44,640000	0,249291
44,650000	0,250566
44,660000	0,242280
44,670000	0,249929
44,680000	0,244830
44,690000	0,248654
44,700000	0,248016
44,710000	0,246742
44,720000	0,251841
44,730000	0,249929
44,740000	0,249929
44,750000	0,246104
44,760000	0,249929
44,770000	0,248654
44,780000	0,253115
44,790000	0,251203
44,800000	0,252478
44,810000	0,249929
44,820000	0,249291
44,830000	0,249929
44,840000	0,253753
44,850000	0,253753
44,860000	0,254390
44,870000	0,249929
44,880000	0,251841
44,890000	0,251841
44,900000	0,252478
44,910000	0,255665
44,920000	0,246742
44,930000	0,255028
44,940000	0,249929
44,950000	0,255665
44,960000	0,253115
44,970000	0,253115
44,980000	0,249929
44,990000	0,254390
45,000000	0,250566
45,010000	0,252478
45,020000	0,253753
45,030000	0,255665
45,040000	0,254390
45,050000	0,254390
45,060000	0,251841
45,070000	0,250566
45,080000	0,251841
45,090000	0,251841
45,100000	0,254390
45,110000	0,255028
45,120000	0,253753
45,130000	0,251841
45,140000	0,252478
45,150000	0,252478
45,160000	0,253115
45,170000	0,252478
45,180000	0,249929
45,190000	0,250566
45,200000	0,250566
45,210000	0,251841
45,220000	0,255028
45,230000	0,251841
45,240000	0,252478
45,250000	0,249929
45,260000	0,249291
45,270000	0,249291
45,280000	0,247379
45,290000	0,251203
45,300000	0,252478
45,310000	0,253115
45,320000	0,251203
45,330000	0,251841
45,340000	0,250566
45,350000	0,255028
45,360000	0,249929
45,370000	0,247379
45,380000	0,251841
45,390000	0,248016
45,400000	0,253753
45,410000	0,251841
45,420000	0,255028
45,430000	0,254390
45,440000	0,250566
45,450000	0,250566
45,460000	0,251203
45,470000	0,248016
45,480000	0,251841
45,490000	0,249291
45,500000	0,249929
45,510000	0,251841
45,520000	0,250566
45,530000	0,251203
45,540000	0,253115
45,550000	0,249929
45,560000	0,250566
45,570000	0,251841
45,580000	0,247379
45,590000	0,255665
45,600000	0,247379
45,610000	0,251203
45,620000	0,249291
45,630000	0,251841
45,640000	0,248016
45,650000	0,251203
45,660000	0,247379
45,670000	0,249929
45,680000	0,246742
45,690000	0,252478
45,700000	0,247379
45,710000	0,251841
45,720000	0,248016
45,730000	0,251203
45,740000	0,249929
45,750000	0,248654
45,760000	0,251203
45,770000	0,248654
45,780000	0,246742
45,790000	0,249291
45,800000	0,248654
45,810000	0,249291
45,820000	0,250566
45,830000	0,247379
45,840000	0,248654
45,850000	0,246742
45,860000	0,245467
45,870000	0,247379
45,880000	0,249291
45,890000	0,248016
45,900000	0,246742
45,910000	0,248016
45,920000	0,246742
45,930000	0,247379
45,940000	0,249929
45,950000	0,248016
45,960000	0,250566
45,970000	0,252478
45,980000	0,248654
45,990000	0,250566
46,000000	0,248654
46,010000	0,248654
46,020000	0,244192
46,030000	0,251203
46,040000	0,244830
46,050000	0,250566
46,060000	0,248016
46,070000	0,249291
46,080000	0,248016
46,090000	0,249929
46,100000	0,246742
46,110000	0,249291
46,120000	0,246742
46,130000	0,251841
46,140000	0,248016
46,150000	0,251203
46,160000	0,244192
46,170000	0,253753
46,180000	0,247379
46,190000	0,248654
46,200000	0,256940
46,210000	0,250566
46,220000	0,245467
46,230000	0,249291
46,240000	0,244830
46,250000	0,249929
46,260000	0,246104
46,270000	0,246742
46,280000	0,249929
46,290000	0,248654
46,300000	0,246742
46,310000	0,244830
46,320000	0,248654
46,330000	0,244830
46,340000	0,249291
46,350000	0,249291
46,360000	0,258852
46,370000	0,253753
46,380000	0,244830
46,390000	0,250566
46,400000	0,247379
46,410000	0,252478
46,420000	0,246742
46,430000	0,250566
46,440000	0,247379
46,450000	0,249291
46,460000	0,248016
46,470000	0,249929
46,480000	0,245467
46,490000	0,251841
46,500000	0,246742
46,510000	0,253753
46,520000	0,257577
46,530000	0,249291
46,540000	0,247379
46,550000	0,252478
46,560000	0,245467
46,570000	0,252478
46,580000	0,247379
46,590000	0,251841
46,600000	0,246742
46,610000	0,251203
46,620000	0,244830
46,630000	0,253115
46,640000	0,245467
46,650000	0,249929
46,660000	0,247379
46,670000	0,252478
46,680000	0,262039
46,690000	0,254390
46,700000	0,246742
46,710000	0,251841
46,720000	0,250566
46,730000	0,253115
46,740000	0,248654
46,750000	0,252478
46,760000	0,246742
46,770000	0,251841
46,780000	0,249929
46,790000	0,250566
46,800000	0,249929
46,810000	0,252478
46,820000	0,250566
46,830000	0,253115
46,840000	0,251841
46,850000	0,252478
46,860000	0,254390
46,870000	0,249929
46,880000	0,253753
46,890000	0,248654
46,900000	0,252478
46,910000	0,249929
46,920000	0,253753
46,930000	0,247379
46,940000	0,257577
46,950000	0,250566
46,960000	0,254390
46,970000	0,249291
46,980000	0,256302
46,990000	0,253753
47,000000	0,256940
47,010000	0,250566
47,020000	0,253115
47,030000	0,249929
47,040000	0,254390
47,050000	0,251841
47,060000	0,252478
47,070000	0,250566
47,080000	0,252478
47,090000	0,254390
47,100000	0,252478
47,110000	0,254390
47,120000	0,250566
47,130000	0,251841
47,140000	0,252478
47,150000	0,253753
47,160000	0,249929
47,170000	0,255028
47,180000	0,247379
47,190000	0,253115
47,200000	0,232082
47,210000	0,253753
47,220000	0,250566
47,230000	0,252478
47,240000	0,254390
47,250000	0,255028
47,260000	0,252478
47,270000	0,250566
47,280000	0,251841
47,290000	0,251841
47,300000	0,251203
47,310000	0,251203
47,320000	0,248654
47,330000	0,253115
47,340000	0,253115
47,350000	0,252478
47,360000	0,237819
47,370000	0,252478
47,380000	0,249291
47,390000	0,255028
47,400000	0,245467
47,410000	0,253115
47,420000	0,248016
47,430000	0,253115
47,440000	0,246742
47,450000	0,255028
47,460000	0,244830
47,470000	0,253115
47,480000	0,245467
47,490000	0,250566
47,500000	0,246104
47,510000	0,252478
47,520000	0,239731
47,530000	0,253753
47,540000	0,248654
47,550000	0,251203
47,560000	0,248654
47,570000	0,249291
47,580000	0,248016
47,590000	0,249929
47,600000	0,252478
47,610000	0,251841
47,620000	0,249929
47,630000	0,251841
47,640000	0,248654
47,650000	0,252478
47,660000	0,249291
47,670000	0,253115
47,680000	0,239093
47,690000	0,248654
47,700000	0,248654
47,710000	0,250566
47,720000	0,249291
47,730000	0,251203
47,740000	0,248654
47,750000	0,249291
47,760000	0,247379
47,770000	0,253115
47,780000	0,246742
47,790000	0,249929
47,800000	0,249291
47,810000	0,249929
47,820000	0,249929
47,830000	0,249291
47,840000	0,228258
47,850000	0,249291
47,860000	0,246742
47,870000	0,250566
47,880000	0,246742
47,890000	0,248016
47,900000	0,245467
47,910000	0,249291
47,920000	0,248654
47,930000	0,250566
47,940000	0,246742
47,950000	0,250566
47,960000	0,246104
47,970000	0,249929
47,980000	0,242918
47,990000	0,252478
48,000000	0,242918
48,010000	0,249929
48,020000	0,245467
48,030000	0,249291
48,040000	0,244192
48,050000	0,252478
48,060000	0,243555
48,070000	0,251841
48,080000	0,235269
48,090000	0,249291
48,100000	0,246104
48,110000	0,249929
48,120000	0,244830
48,130000	0,253753
48,140000	0,246742
48,150000	0,252478
48,160000	0,245467
48,170000	0,250566
48,180000	0,244830
48,190000	0,252478
48,200000	0,244192
48,210000	0,251203
48,220000	0,248654
48,230000	0,250566
48,240000	0,238456
48,250000	0,248654
48,260000	0,244830
48,270000	0,246104
48,280000	0,248016
48,290000	0,251841
48,300000	0,246104
48,310000	0,253115
48,320000	0,249291
48,330000	0,251203
48,340000	0,247379
48,350000	0,253115
48,360000	0,249291
48,370000	0,251841
48,380000	0,248654
48,390000	0,249929
48,400000	0,246104
48,410000	0,249929
48,420000	0,249291
48,430000	0,248654
48,440000	0,248654
48,450000	0,248016
48,460000	0,248654
48,470000	0,248654
48,480000	0,250566
48,490000	0,249929
48,500000	0,250566
48,510000	0,248016
48,520000	0,247379
48,530000	0,249291
48,540000	0,246742
48,550000	0,249929
48,560000	0,241643
48,570000	0,244192
48,580000	0,247379
48,590000	0,249291
48,600000	0,249291
48,610000	0,249291
48,620000	0,249929
48,630000	0,249291
48,640000	0,249291
48,650000	0,250566
48,660000	0,247379
48,670000	0,249291
48,680000	0,252478
48,690000	0,249291
48,700000	0,249929
48,710000	0,252478
48,720000	0,243555
48,730000	0,251203
48,740000	0,249291
48,750000	0,251841
48,760000	0,252478
48,770000	0,249291
48,780000	0,251841
48,790000	0,251203
48,800000	0,252478
48,810000	0,251203
48,820000	0,252478
48,830000	0,252478
48,840000	0,251841
48,850000	0,252478
48,860000	0,251841
48,870000	0,252478
48,880000	0,241005
48,890000	0,252478
48,900000	0,251203
48,910000	0,252478
48,920000	0,252478
48,930000	0,253115
48,940000	0,253115
48,950000	0,249929
48,960000	0,249929
48,970000	0,249291
48,980000	0,251841
48,990000	0,251203
49,000000	0,250566
49,010000	0,250566
49,020000	0,251203
49,030000	0,254390
49,040000	0,253115
49,050000	0,249929
49,060000	0,251203
49,070000	0,252478
49,080000	0,252478
49,090000	0,251203
49,100000	0,246742
49,110000	0,253115
49,120000	0,255028
49,130000	0,251203
49,140000	0,253115
49,150000	0,254390
49,160000	0,253115
49,170000	0,252478
49,180000	0,250566
49,190000	0,252478
49,200000	0,249929
49,210000	0,252478
49,220000	0,251841
49,230000	0,252478
49,240000	0,251841
49,250000	0,254390
49,260000	0,248654
49,270000	0,254390
49,280000	0,248016
49,290000	0,252478
49,300000	0,248654
49,310000	0,253115
49,320000	0,248016
49,330000	0,255028
49,340000	0,251841
49,350000	0,253753
49,360000	0,249291
49,370000	0,250566
49,380000	0,247379
49,390000	0,251841
49,400000	0,251841
49,410000	0,251841
49,420000	0,247379
49,430000	0,248016
49,440000	0,250566
49,450000	0,251841
49,460000	0,251203
49,470000	0,251203
49,480000	0,247379
49,490000	0,251203
49,500000	0,249291
49,510000	0,251841
49,520000	0,247379
49,530000	0,251841
49,540000	0,248654
49,550000	0,250566
49,560000	0,252478
49,570000	0,249929
49,580000	0,248654
49,590000	0,249291
49,600000	0,248654
49,610000	0,249929
49,620000	0,247379
49,630000	0,253753
49,640000	0,249929
49,650000	0,248654
49,660000	0,246742
49,670000	0,249291
49,680000	0,245467
49,690000	0,251841
49,700000	0,250566
49,710000	0,249929
49,720000	0,253115
49,730000	0,250566
49,740000	0,249929
49,750000	0,252478
49,760000	0,250566
49,770000	0,252478
49,780000	0,246742
49,790000	0,255028
49,800000	0,244830
49,810000	0,249929
49,820000	0,246742
49,830000	0,252478
49,840000	0,248654
49,850000	0,249929
49,860000	0,244830
49,870000	0,252478
49,880000	0,244830
49,890000	0,254390
49,900000	0,244830
49,910000	0,253753
49,920000	0,246742
49,930000	0,249929
49,940000	0,246104
49,950000	0,240368
49,960000	0,245467
49,970000	0,249929
49,980000	0,248654
49,990000	0,250566
50,000000	0,247379
50,010000	0,251203
50,020000	0,244830
50,030000	0,251203
50,040000	0,245467
50,050000	0,249929
50,060000	0,246104
50,070000	0,253115
50,080000	0,244830
50,090000	0,250566
50,100000	0,244830
50,110000	0,249929
50,120000	0,246742
50,130000	0,248654
50,140000	0,251841
50,150000	0,246742
50,160000	0,249929
50,170000	0,248016
50,180000	0,247379
50,190000	0,250566
50,200000	0,248654
50,210000	0,247379
50,220000	0,242918
50,230000	0,246104
50,240000	0,246742
50,250000	0,247379
50,260000	0,247379
50,270000	0,246104
50,280000	0,246742
50,290000	0,249291
50,300000	0,248654
50,310000	0,246742
50,320000	0,247379
50,330000	0,248654
50,340000	0,246742
50,350000	0,253115
50,360000	0,244830
50,370000	0,246104
50,380000	0,246104
50,390000	0,249929
50,400000	0,247379
50,410000	0,250566
50,420000	0,247379
50,430000	0,249929
50,440000	0,247379
50,450000	0,250566
50,460000	0,251203
50,470000	0,250566
50,480000	0,246742
50,490000	0,249291
50,500000	0,249291
50,510000	0,246104
50,520000	0,251203
50,530000	0,251841
50,540000	0,250566
50,550000	0,249291
50,560000	0,249929
50,570000	0,246104
50,580000	0,254390
50,590000	0,248016
50,600000	0,249291
50,610000	0,249291
50,620000	0,248016
50,630000	0,245467
50,640000	0,250566
50,650000	0,250566
50,660000	0,249929
50,670000	0,249291
50,680000	0,249291
50,690000	0,249291
50,700000	0,252478
50,710000	0,249291
50,720000	0,250566
50,730000	0,253115
50,740000	0,248654
50,750000	0,251841
50,760000	0,250566
50,770000	0,251203
50,780000	0,249929
50,790000	0,251203
50,800000	0,253115
50,810000	0,249291
50,820000	0,249929
50,830000	0,249929
50,840000	0,251841
50,850000	0,249929
50,860000	0,253753
50,870000	0,251841
50,880000	0,253115
50,890000	0,250566
50,900000	0,255028
50,910000	0,250566
50,920000	0,251841
50,930000	0,252478
50,940000	0,250566
50,950000	0,248654
50,960000	0,251203
50,970000	0,251841
50,980000	0,253753
50,990000	0,250566
51,000000	0,255665
51,010000	0,251841
51,020000	0,256940
51,030000	0,255665
51,040000	0,245467
51,050000	0,254390
51,060000	0,249291
51,070000	0,253753
51,080000	0,249291
51,090000	0,249929
51,100000	0,251203
51,110000	0,248654
51,120000	0,252478
51,130000	0,255665
51,140000	0,254390
51,150000	0,255028
51,160000	0,248654
51,170000	0,249291
51,180000	0,254390
51,190000	0,249291
51,200000	0,254390
51,210000	0,249929
51,220000	0,252478
51,230000	0,249291
51,240000	0,254390
51,250000	0,252478
51,260000	0,251203
51,270000	0,248016
51,280000	0,249929
51,290000	0,248654
51,300000	0,253115
51,310000	0,250566
51,320000	0,255665
51,330000	0,251841
51,340000	0,254390
51,350000	0,252478
51,360000	0,249929
51,370000	0,249929
51,380000	0,249929
51,390000	0,253115
51,400000	0,249291
51,410000	0,250566
51,420000	0,246104
51,430000	0,250566
51,440000	0,248016
51,450000	0,248654
51,460000	0,249291
51,470000	0,249291
51,480000	0,253753
51,490000	0,249291
51,500000	0,252478
51,510000	0,250566
51,520000	0,248654
51,530000	0,247379
51,540000	0,252478
51,550000	0,242280
51,560000	0,251841
51,570000	0,251841
51,580000	0,253753
51,590000	0,248016
51,600000	0,249929
51,610000	0,247379
51,620000	0,249291
51,630000	0,254390
51,640000	0,248016
51,650000	0,249929
51,660000	0,248016
51,670000	0,253753
51,680000	0,251841
51,690000	0,249929
51,700000	0,245467
51,710000	0,254390
51,720000	0,245467
51,730000	0,251203
51,740000	0,247379
51,750000	0,252478
51,760000	0,248654
51,770000	0,251203
51,780000	0,248654
51,790000	0,251841
51,800000	0,245467
51,810000	0,252478
51,820000	0,249291
51,830000	0,251203
51,840000	0,247379
51,850000	0,242918
51,860000	0,245467
51,870000	0,242918
51,880000	0,251203
51,890000	0,249929
51,900000	0,246104
51,910000	0,248016
51,920000	0,249929
51,930000	0,250566
51,940000	0,243555
51,950000	0,243555
51,960000	0,248654
51,970000	0,248654
51,980000	0,246742
51,990000	0,249291
52,000000	0,249291
52,010000	0,251203
52,020000	0,239731
52,030000	0,252478
52,040000	0,249929
52,050000	0,249929
52,060000	0,244830
52,070000	0,246104
52,080000	0,242918
52,090000	0,249291
52,100000	0,247379
52,110000	0,244830
52,120000	0,244192
52,130000	0,247379
52,140000	0,247379
52,150000	0,253753
52,160000	0,253115
52,170000	0,248016
52,180000	0,250566
52,190000	0,248654
52,200000	0,250566
52,210000	0,253115
52,220000	0,249929
52,230000	0,245467
52,240000	0,249929
52,250000	0,252478
52,260000	0,249929
52,270000	0,249291
52,280000	0,244830
52,290000	0,248016
52,300000	0,247379
52,310000	0,246742
52,320000	0,248016
52,330000	0,245467
52,340000	0,248654
52,350000	0,246742
52,360000	0,244192
52,370000	0,254390
52,380000	0,247379
52,390000	0,253115
52,400000	0,244192
52,410000	0,254390
52,420000	0,241005
52,430000	0,253115
52,440000	0,246104
52,450000	0,251203
52,460000	0,245467
52,470000	0,251203
52,480000	0,248654
52,490000	0,253753
52,500000	0,245467
52,510000	0,247379
52,520000	0,249929
52,530000	0,247379
52,540000	0,248016
52,550000	0,247379
52,560000	0,248016
52,570000	0,253753
52,580000	0,242918
52,590000	0,252478
52,600000	0,249291
52,610000	0,249929
52,620000	0,240368
52,630000	0,255028
52,640000	0,253753
52,650000	0,246742
52,660000	0,251841
52,670000	0,246742
52,680000	0,249291
52,690000	0,244192
52,700000	0,251203
52,710000	0,247379
52,720000	0,253115
52,730000	0,241643
52,740000	0,252478
52,750000	0,251841
52,760000	0,248654
52,770000	0,249291
52,780000	0,251203
52,790000	0,246104
52,800000	0,253753
52,810000	0,248654
52,820000	0,252478
52,830000	0,247379
52,840000	0,247379
52,850000	0,244192
52,860000	0,256940
52,870000	0,247379
52,880000	0,253115
52,890000	0,250566
52,900000	0,249291
52,910000	0,248654
52,920000	0,249929
52,930000	0,246742
52,940000	0,258214
52,950000	0,248654
52,960000	0,249291
52,970000	0,255028
52,980000	0,251203
52,990000	0,242918
53,000000	0,255028
53,010000	0,251841
53,020000	0,255665
53,030000	0,257577
53,040000	0,253115
53,050000	0,247379
53,060000	0,258214
53,070000	0,245467
53,080000	0,256940
53,090000	0,249929
53,100000	0,250566
53,110000	0,249929
53,120000	0,249929
53,130000	0,245467
53,140000	0,254390
53,150000	0,249929
53,160000	0,251203
53,170000	0,248016
53,180000	0,248654
53,190000	0,253753
53,200000	0,255028
53,210000	0,256302
53,220000	0,249291
53,230000	0,253115
53,240000	0,252478
53,250000	0,254390
53,260000	0,249929
53,270000	0,251203
53,280000	0,249291
53,290000	0,250566
53,300000	0,253753
53,310000	0,251203
53,320000	0,253115
53,330000	0,253753
53,340000	0,251203
53,350000	0,253115
53,360000	0,250566
53,370000	0,254390
53,380000	0,249291
53,390000	0,253115
53,400000	0,253753
53,410000	0,256940
53,420000	0,252478
53,430000	0,253115
53,440000	0,246742
53,450000	0,255028
53,460000	0,252478
53,470000	0,253753
53,480000	0,249929
53,490000	0,255665
53,500000	0,250566
53,510000	0,251841
53,520000	0,253115
53,530000	0,253753
53,540000	0,247379
53,550000	0,252478
53,560000	0,250566
53,570000	0,252478
53,580000	0,252478
53,590000	0,254390
53,600000	0,255665
53,610000	0,255665
53,620000	0,252478
53,630000	0,256940
53,640000	0,243555
53,650000	0,255028
53,660000	0,246742
53,670000	0,249291
53,680000	0,248016
53,690000	0,252478
53,700000	0,248016
53,710000	0,248654
53,720000	0,247379
53,730000	0,255665
53,740000	0,255028
53,750000	0,246742
53,760000	0,244830
53,770000	0,249929
53,780000	0,246104
53,790000	0,249291
53,800000	0,256302
53,810000	0,253753
53,820000	0,251203
53,830000	0,247379
53,840000	0,249929
53,850000	0,250566
53,860000	0,249929
53,870000	0,252478
53,880000	0,246104
53,890000	0,253753
53,900000	0,246742
53,910000	0,252478
53,920000	0,248016
53,930000	0,248016
53,940000	0,257577
53,950000	0,253115
53,960000	0,252478
53,970000	0,246742
53,980000	0,245467
53,990000	0,256940
54,000000	0,244830
54,010000	0,247379
54,020000	0,256302
54,030000	0,257577
54,040000	0,235907
54,050000	0,248016
54,060000	0,244830
54,070000	0,250566
54,080000	0,258214
54,090000	0,249929
54,100000	0,258852
54,110000	0,258214
54,120000	0,255028
54,130000	0,263313
54,140000	0,267137
54,150000	0,253115
54,160000	0,256302
54,170000	0,228896
54,180000	0,260126
54,190000	0,246104
54,200000	0,228896
54,210000	0,252478
54,220000	0,251203
54,230000	0,227621
54,240000	0,232082
54,250000	0,245467
54,260000	0,249929
54,270000	0,244830
54,280000	0,253753
54,290000	0,223797
54,300000	0,242918
54,310000	0,260126
54,320000	0,278610
54,330000	0,243555
54,340000	0,217423
54,350000	0,267775
54,360000	0,251841
54,370000	0,273511
54,380000	0,244830
54,390000	0,241643
54,400000	0,295819
54,410000	0,260126
54,420000	0,241005
54,430000	0,307929
54,440000	0,244192
54,450000	0,248016
54,460000	0,202763
54,470000	0,249291
54,480000	0,245467
54,490000	0,205950
54,500000	0,251841
54,510000	0,244830
54,520000	0,313665
54,530000	0,250566
54,540000	0,232082
54,550000	0,233994
54,560000	0,255028
54,570000	0,210412
54,580000	0,244830
54,590000	0,255028
54,600000	0,221247
54,610000	0,243555
54,620000	0,257577
54,630000	0,203401
54,640000	0,245467
54,650000	0,251841
54,660000	0,232082
54,670000	0,244192
54,680000	0,242918
54,690000	0,242280
54,700000	0,251203
54,710000	0,245467
54,720000	0,248016
54,730000	0,247379
54,740000	0,246104
54,750000	0,249929
54,760000	0,253115
54,770000	0,253115
54,780000	0,244830
54,790000	0,246742
54,800000	0,255028
54,810000	0,244830
54,820000	0,249291
54,830000	0,246742
54,840000	0,245467
54,850000	0,251203
54,860000	0,244830
54,870000	0,248654
54,880000	0,267137
54,890000	0,252478
54,900000	0,257577
54,910000	0,250566
54,920000	0,262676
54,930000	0,255028
54,940000	0,267137
54,950000	0,248654
54,960000	0,241643
54,970000	0,249929
54,980000	0,253753
54,990000	0,230808
55,000000	0,227621
55,010000	0,268412
55,020000	0,246742
55,030000	0,231445
55,040000	0,259489
55,050000	0,244830
55,060000	0,258852
55,070000	0,249929
55,080000	0,249291
55,090000	0,265863
55,100000	0,256302
55,110000	0,264588
55,120000	0,263313
55,130000	0,250566
55,140000	0,247379
55,150000	0,248654
55,160000	0,263951
55,170000	0,243555
55,180000	0,242280
55,190000	0,292632
55,200000	0,248016
55,210000	0,246742
55,220000	0,260764
55,230000	0,251203
55,240000	0,291995
55,250000	0,254390
55,260000	0,256940
55,270000	0,195115
55,280000	0,275423
55,290000	0,237181
55,300000	0,216786
55,310000	0,232082
55,320000	0,246104
55,330000	0,239731
55,340000	0,256940
55,350000	0,255028
55,360000	0,301555
55,370000	0,244830
55,380000	0,255028
55,390000	0,209775
55,400000	0,265225
55,410000	0,253115
55,420000	0,295182
55,430000	0,253115
55,440000	0,265863
55,450000	0,246742
55,460000	0,230808
55,470000	0,240368
55,480000	0,256302
55,490000	0,247379
55,500000	0,307929
55,510000	0,255665
55,520000	0,246742
55,530000	0,300918
55,540000	0,265863
55,550000	0,253115
55,560000	0,248016
55,570000	0,256302
55,580000	0,224434
55,590000	0,263313
55,600000	0,288171
55,610000	0,253115
55,620000	0,216148
55,630000	0,253115
55,640000	0,248654
55,650000	0,251203
55,660000	0,228258
55,670000	0,235269
55,680000	0,238456
55,690000	0,257577
55,700000	0,258214
55,710000	0,239731
55,720000	0,249291
55,730000	0,269050
55,740000	0,260126
55,750000	0,246742
55,760000	0,262676
55,770000	0,243555
55,780000	0,255665
55,790000	0,244830
55,800000	0,244192
55,810000	0,254390
55,820000	0,250566
55,830000	0,243555
55,840000	0,243555
55,850000	0,247379
55,860000	0,269050
55,870000	0,273511
55,880000	0,243555
55,890000	0,255028
55,900000	0,259489
55,910000	0,242280
55,920000	0,224434
55,930000	0,239731
55,940000	0,226983
55,950000	0,262676
55,960000	0,237181
55,970000	0,228258
55,980000	0,248016
55,990000	0,242280
56,000000	0,249291
56,010000	0,246742
56,020000	0,235907
56,030000	0,260126
56,040000	0,249291
56,050000	0,248654
56,060000	0,211687
56,070000	0,250566
56,080000	0,239731
56,090000	0,203401
56,100000	0,249929
56,110000	0,303467
56,120000	0,262039
56,130000	0,242280
56,140000	0,275423
56,150000	0,209775
56,160000	0,244830
56,170000	0,207862
56,180000	0,272874
56,190000	0,249291
56,200000	0,194478
56,210000	0,241643
56,220000	0,241643
56,230000	0,188104
56,240000	0,230170
56,250000	0,246104
56,260000	0,259489
56,270000	0,231445
56,280000	0,235269
56,290000	0,328325
56,300000	0,236544
56,310000	0,249291
56,320000	0,338522
56,330000	0,248654
56,340000	0,245467
56,350000	0,199577
56,360000	0,249291
56,370000	0,252478
56,380000	0,214236
56,390000	0,248654
56,400000	0,247379
56,410000	0,255028
56,420000	0,243555
56,430000	0,252478
56,440000	0,246104
56,450000	0,239093
56,460000	0,249291
56,470000	0,249929
56,480000	0,239093
56,490000	0,249291
56,500000	0,245467
56,510000	0,255028
56,520000	0,260126
56,530000	0,244830
56,540000	0,245467
56,550000	0,260764
56,560000	0,240368
56,570000	0,242280
56,580000	0,229533
56,590000	0,241643
56,600000	0,241643
56,610000	0,221247
56,620000	0,244830
56,630000	0,262676
56,640000	0,249291
56,650000	0,253115
56,660000	0,253115
56,670000	0,253753
56,680000	0,252478
56,690000	0,249929
56,700000	0,241643
56,710000	0,244830
56,720000	0,254390
56,730000	0,237181
56,740000	0,232082
56,750000	0,232082
56,760000	0,258852
56,770000	0,237181
56,780000	0,228896
56,790000	0,241643
56,800000	0,263313
56,810000	0,260764
56,820000	0,236544
56,830000	0,272236
56,840000	0,257577
56,850000	0,232082
56,860000	0,239731
56,870000	0,255028
56,880000	0,215511
56,890000	0,249929
56,900000	0,244192
56,910000	0,228258
56,920000	0,246742
56,930000	0,239731
56,940000	0,242280
56,950000	0,281160
56,960000	0,244192
56,970000	0,198939
56,980000	0,194478
56,990000	0,236544
57,000000	0,217423
57,010000	0,208500
57,020000	0,246104
57,030000	0,177269
57,040000	0,245467
57,050000	0,255665
57,060000	0,260126
57,070000	0,239731
57,080000	0,256940
57,090000	0,308566
57,100000	0,253753
57,110000	0,237181
57,120000	0,277335
57,130000	0,232720
57,140000	0,255028
57,150000	0,198939
57,160000	0,256302
57,170000	0,256940
57,180000	0,133291
57,190000	0,266500
57,200000	0,252478
57,210000	0,232720
57,220000	0,258214
57,230000	0,246742
57,240000	0,306654
57,250000	0,242280
57,260000	0,251203
57,270000	0,300918
57,280000	0,254390
57,290000	0,254390
57,300000	0,251841
57,310000	0,296456
57,320000	0,248016
57,330000	0,253753
57,340000	0,246742
57,350000	0,240368
57,360000	0,255028
57,370000	0,253115
57,380000	0,240368
57,390000	0,244830
57,400000	0,245467
57,410000	0,251203
57,420000	0,249929
57,430000	0,258214
57,440000	0,244830
57,450000	0,263951
57,460000	0,258852
57,470000	0,253753
57,480000	0,256940
57,490000	0,260764
57,500000	0,249291
57,510000	0,248016
57,520000	0,239731
57,530000	0,246104
57,540000	0,247379
57,550000	0,239731
57,560000	0,255028
57,570000	0,248654
57,580000	0,265225
57,590000	0,245467
57,600000	0,253115
57,610000	0,259489
57,620000	0,255665
57,630000	0,244830
57,640000	0,256302
57,650000	0,270324
57,660000	0,250566
57,670000	0,218698
57,680000	0,241005
57,690000	0,242918
57,700000	0,235907
57,710000	0,229533
57,720000	0,235269
57,730000	0,239731
57,740000	0,241005
57,750000	0,228258
57,760000	0,251203
57,770000	0,248016
57,780000	0,230808
57,790000	0,218698
57,800000	0,239093
57,810000	0,261401
57,820000	0,204038
57,830000	0,249929
57,840000	0,258852
57,850000	0,241643
57,860000	0,249291
57,870000	0,286258
57,880000	0,200214
57,890000	0,247379
57,900000	0,327050
57,910000	0,326413
57,920000	0,246742
57,930000	0,180456
57,940000	0,219972
57,950000	0,247379
57,960000	0,252478
57,970000	0,239731
57,980000	0,246742
57,990000	0,330874
58,000000	0,247379
58,010000	0,254390
58,020000	0,376127
58,030000	0,235907
58,040000	0,246742
58,050000	0,285621
58,060000	0,250566
58,070000	0,242918
58,080000	0,198939
58,090000	0,241005
58,100000	0,249291
58,110000	0,184917
58,120000	0,254390
58,130000	0,241643
58,140000	0,254390
58,150000	0,249929
58,160000	0,251841
58,170000	0,240368
58,180000	0,252478
58,190000	0,241005
58,200000	0,246742
58,210000	0,247379
58,220000	0,247379
58,230000	0,250566
58,240000	0,255028
58,250000	0,239731
58,260000	0,255665
58,270000	0,244830
58,280000	0,247379
58,290000	0,250566
58,300000	0,239731
58,310000	0,242918
58,320000	0,235907
58,330000	0,245467
58,340000	0,242918
58,350000	0,242280
58,360000	0,248654
58,370000	0,255665
58,380000	0,244192
58,390000	0,256302
58,400000	0,251203
58,410000	0,248654
58,420000	0,239093
58,430000	0,240368
58,440000	0,249929
58,450000	0,233357
58,460000	0,232082
58,470000	0,246104
58,480000	0,233357
58,490000	0,239093
58,500000	0,236544
58,510000	0,276061
58,520000	0,258852
58,530000	0,233994
58,540000	0,274786
58,550000	0,262676
58,560000	0,226983
58,570000	0,241643
58,580000	0,254390
58,590000	0,220610
58,600000	0,221247
58,610000	0,261401
58,620000	0,241643
58,630000	0,223159
58,640000	0,246742
58,650000	0,262039
58,660000	0,241643
58,670000	0,251841
58,680000	0,257577
58,690000	0,210412
58,700000	0,245467
58,710000	0,201489
58,720000	0,236544
58,730000	0,242280
58,740000	0,233994
58,750000	0,216148
58,760000	0,255665
58,770000	0,247379
58,780000	0,247379
58,790000	0,253753
58,800000	0,278610
58,810000	0,249929
58,820000	0,257577
58,830000	0,236544
58,840000	0,249929
58,850000	0,256940
58,860000	0,179181
58,870000	0,247379
58,880000	0,251841
58,890000	0,265225
58,900000	0,260126
58,910000	0,247379
58,920000	0,291995
58,930000	0,244192
58,940000	0,261401
58,950000	0,249291
58,960000	0,249291
58,970000	0,245467
58,980000	0,251841
58,990000	0,248016
59,000000	0,247379
59,010000	0,248654
59,020000	0,248016
59,030000	0,244830
59,040000	0,250566
59,050000	0,254390
59,060000	0,248016
59,070000	0,243555
59,080000	0,254390
59,090000	0,249291
59,100000	0,255028
59,110000	0,248654
59,120000	0,254390
59,130000	0,244192
59,140000	0,252478
59,150000	0,251203
59,160000	0,251203
59,170000	0,252478
59,180000	0,249291
59,190000	0,244192
59,200000	0,253753
59,210000	0,252478
59,220000	0,258852
59,230000	0,243555
59,240000	0,256940
59,250000	0,246742
59,260000	0,251203
59,270000	0,249929
59,280000	0,252478
59,290000	0,246742
59,300000	0,246742
59,310000	0,251203
59,320000	0,249291
59,330000	0,249929
59,340000	0,239731
59,350000	0,249929
59,360000	0,248654
59,370000	0,244830
59,380000	0,251203
59,390000	0,246104
59,400000	0,244192
59,410000	0,253753
59,420000	0,249929
59,430000	0,246742
59,440000	0,250566
59,450000	0,246742
59,460000	0,250566
59,470000	0,251841
59,480000	0,249929
59,490000	0,250566
59,500000	0,246742
59,510000	0,250566
59,520000	0,256940
59,530000	0,250566
59,540000	0,258852
59,550000	0,249291
59,560000	0,250566
59,570000	0,244192
59,580000	0,249929
59,590000	0,249291
59,600000	0,249929
59,610000	0,250566
59,620000	0,248654
59,630000	0,259489
59,640000	0,254390
59,650000	0,246742
59,660000	0,255028
59,670000	0,249929
59,680000	0,245467
59,690000	0,254390
59,700000	0,250566
59,710000	0,246104
59,720000	0,256302
59,730000	0,251203
59,740000	0,249929
59,750000	0,251203
59,760000	0,249291
59,770000	0,243555
59,780000	0,246742
59,790000	0,249929
59,800000	0,247379
59,810000	0,249291
59,820000	0,247379
59,830000	0,245467
59,840000	0,246742
59,850000	0,245467
59,860000	0,246742
59,870000	0,246742
59,880000	0,248016
59,890000	0,244830
59,900000	0,246742
59,910000	0,244192
59,920000	0,253115
59,930000	0,245467
59,940000	0,248016
59,950000	0,248016
59,960000	0,246742
59,970000	0,247379
59,980000	0,249929
59,990000	0,246742
60,000000	0,248654
60,010000	0,244830
60,020000	0,249291
60,030000	0,247379
60,040000	0,246104
60,050000	0,252478
60,060000	0,246742
60,070000	0,250566
60,080000	0,247379
60,090000	0,248016
60,100000	0,249291
60,110000	0,248016
60,120000	0,251203
60,130000	0,246742
60,140000	0,244830
60,150000	0,249291
60,160000	0,249291
60,170000	0,245467
60,180000	0,244192
60,190000	0,246104
60,200000	0,247379
60,210000	0,245467
60,220000	0,248654
60,230000	0,249291
60,240000	0,249291
60,250000	0,246742
60,260000	0,248016
60,270000	0,246742
60,280000	0,244192
60,290000	0,244192
60,300000	0,248016
60,310000	0,245467
60,320000	0,246742
60,330000	0,246104
60,340000	0,244830
60,350000	0,249929
60,360000	0,247379
60,370000	0,240368
60,380000	0,245467
60,390000	0,246104
60,400000	0,247379
60,410000	0,242280
60,420000	0,243555
60,430000	0,248654
60,440000	0,242280
60,450000	0,244192
60,460000	0,244192
60,470000	0,246104
60,480000	0,243555
60,490000	0,247379
60,500000	0,244830
60,510000	0,244830
60,520000	0,242918
60,530000	0,243555
60,540000	0,246742
60,550000	0,245467
60,560000	0,248654
60,570000	0,249291
60,580000	0,243555
60,590000	0,246742
60,600000	0,249929
60,610000	0,244830
60,620000	0,246742
60,630000	0,243555
60,640000	0,244830
60,650000	0,245467
60,660000	0,244830
60,670000	0,242280
60,680000	0,247379
60,690000	0,246742
60,700000	0,249291
60,710000	0,246104
60,720000	0,247379
60,730000	0,244192
60,740000	0,249929
60,750000	0,245467
60,760000	0,250566
60,770000	0,250566
60,780000	0,249291
60,790000	0,243555
60,800000	0,246104
60,810000	0,247379
60,820000	0,250566
60,830000	0,247379
60,840000	0,250566
60,850000	0,244830
60,860000	0,252478
60,870000	0,242918
60,880000	0,253753
60,890000	0,245467
60,900000	0,252478
60,910000	0,250566
60,920000	0,247379
60,930000	0,246742
60,940000	0,246104
60,950000	0,247379
60,960000	0,250566
60,970000	0,248654
60,980000	0,252478
60,990000	0,245467
61,000000	0,250566
61,010000	0,244192
61,020000	0,247379
61,030000	0,244830
61,040000	0,247379
61,050000	0,243555
61,060000	0,246742
61,070000	0,247379
61,080000	0,247379
61,090000	0,249929
61,100000	0,249291
61,110000	0,246742
61,120000	0,248016
61,130000	0,250566
61,140000	0,252478
61,150000	0,248016
61,160000	0,247379
61,170000	0,245467
61,180000	0,250566
61,190000	0,250566
61,200000	0,249929
61,210000	0,244830
61,220000	0,249291
61,230000	0,246104
61,240000	0,249929
61,250000	0,247379
61,260000	0,250566
61,270000	0,247379
61,280000	0,252478
61,290000	0,249929
61,300000	0,251203
61,310000	0,250566
61,320000	0,247379
61,330000	0,250566
61,340000	0,244830
61,350000	0,244192
61,360000	0,246742
61,370000	0,244830
61,380000	0,248654
61,390000	0,248654
61,400000	0,251841
61,410000	0,248016
61,420000	0,247379
61,430000	0,251203
61,440000	0,249929
61,450000	0,248654
61,460000	0,248654
61,470000	0,249929
61,480000	0,255028
61,490000	0,243555
61,500000	0,246104
61,510000	0,245467
61,520000	0,250566
61,530000	0,247379
61,540000	0,247379
61,550000	0,244192
61,560000	0,245467
61,570000	0,249291
61,580000	0,247379
61,590000	0,248654
61,600000	0,248016
61,610000	0,248654
61,620000	0,248016
61,630000	0,249929
61,640000	0,247379
61,650000	0,249291
61,660000	0,251203
61,670000	0,244192
61,680000	0,243555
61,690000	0,249291
61,700000	0,246742
61,710000	0,247379
61,720000	0,249291
61,730000	0,244830
61,740000	0,245467
61,750000	0,249291
61,760000	0,246104
61,770000	0,246104
61,780000	0,248016
61,790000	0,246104
61,800000	0,246104
61,810000	0,244830
61,820000	0,245467
61,830000	0,245467
61,840000	0,246104
61,850000	0,246104
61,860000	0,241005
61,870000	0,246104
61,880000	0,248654
61,890000	0,242918
61,900000	0,242918
61,910000	0,245467
61,920000	0,244830
61,930000	0,246742
61,940000	0,244830
61,950000	0,248654
61,960000	0,246742
61,970000	0,244830
61,980000	0,249291
61,990000	0,243555
62,000000	0,245467
62,010000	0,244830
62,020000	0,246104
62,030000	0,243555
62,040000	0,244830
62,050000	0,242280
62,060000	0,244830
62,070000	0,245467
62,080000	0,245467
62,090000	0,242280
62,100000	0,242280
62,110000	0,240368
62,120000	0,241643
62,130000	0,246104
62,140000	0,244830
62,150000	0,243555
62,160000	0,243555
62,170000	0,239731
62,180000	0,244192
62,190000	0,244830
62,200000	0,244830
62,210000	0,242918
62,220000	0,244830
62,230000	0,242280
62,240000	0,246742
62,250000	0,244830
62,260000	0,244192
62,270000	0,245467
62,280000	0,242280
62,290000	0,244830
62,300000	0,244192
62,310000	0,242280
62,320000	0,242280
62,330000	0,241643
62,340000	0,244830
62,350000	0,239731
62,360000	0,245467
62,370000	0,240368
62,380000	0,243555
62,390000	0,242918
62,400000	0,244830
62,410000	0,238456
62,420000	0,246104
62,430000	0,239731
62,440000	0,247379
62,450000	0,241643
62,460000	0,244830
62,470000	0,238456
62,480000	0,249929
62,490000	0,241005
62,500000	0,242280
62,510000	0,240368
62,520000	0,246742
62,530000	0,239093
62,540000	0,248654
62,550000	0,239093
62,560000	0,248654
62,570000	0,241005
62,580000	0,246742
62,590000	0,242280
62,600000	0,244830
62,610000	0,242280
62,620000	0,242918
62,630000	0,244830
62,640000	0,243555
62,650000	0,242918
62,660000	0,244192
62,670000	0,245467
62,680000	0,242918
62,690000	0,244830
62,700000	0,244192
62,710000	0,243555
62,720000	0,241005
62,730000	0,244830
62,740000	0,246104
62,750000	0,242280
62,760000	0,245467
62,770000	0,243555
62,780000	0,244830
62,790000	0,242280
62,800000	0,242280
62,810000	0,240368
62,820000	0,245467
62,830000	0,244192
62,840000	0,243555
62,850000	0,245467
62,860000	0,242280
62,870000	0,244192
62,880000	0,243555
62,890000	0,242918
62,900000	0,242280
62,910000	0,245467
62,920000	0,245467
62,930000	0,241643
62,940000	0,242918
62,950000	0,246104
62,960000	0,244830
62,970000	0,244192
62,980000	0,241643
62,990000	0,241005
63,000000	0,246104
63,010000	0,243555
63,020000	0,243555
63,030000	0,244830
63,040000	0,244192
63,050000	0,244830
63,060000	0,243555
63,070000	0,244830
63,080000	0,245467
63,090000	0,245467
63,100000	0,247379
63,110000	0,246104
63,120000	0,246742
63,130000	0,244192
63,140000	0,243555
63,150000	0,242918
63,160000	0,243555
63,170000	0,242280
63,180000	0,247379
63,190000	0,244192
63,200000	0,246742
63,210000	0,241005
63,220000	0,249929
63,230000	0,241643
63,240000	0,246742
63,250000	0,241005
63,260000	0,246104
63,270000	0,240368
63,280000	0,249929
63,290000	0,239731
63,300000	0,246104
63,310000	0,242280
63,320000	0,246742
63,330000	0,241005
63,340000	0,245467
63,350000	0,242280
63,360000	0,247379
63,370000	0,242280
63,380000	0,247379
63,390000	0,242280
63,400000	0,247379
63,410000	0,241643
63,420000	0,244830
63,430000	0,242280
63,440000	0,243555
63,450000	0,242280
63,460000	0,248016
63,470000	0,246104
63,480000	0,246742
63,490000	0,239731
63,500000	0,248654
63,510000	0,241005
63,520000	0,246104
63,530000	0,238456
63,540000	0,246104
63,550000	0,241005
63,560000	0,245467
63,570000	0,242280
63,580000	0,246104
63,590000	0,242918
63,600000	0,242918
63,610000	0,244192
63,620000	0,244192
63,630000	0,245467
63,640000	0,242918
63,650000	0,246104
63,660000	0,246104
63,670000	0,242918
63,680000	0,242918
63,690000	0,244192
63,700000	0,244830
63,710000	0,242280
63,720000	0,241643
63,730000	0,243555
63,740000	0,242280
63,750000	0,244192
63,760000	0,243555
63,770000	0,242280
63,780000	0,244830
63,790000	0,244192
63,800000	0,245467
63,810000	0,243555
63,820000	0,241005
63,830000	0,241643
63,840000	0,239093
63,850000	0,244192
63,860000	0,239731
63,870000	0,242280
63,880000	0,244830
63,890000	0,241643
63,900000	0,242280
63,910000	0,242280
63,920000	0,242280
63,930000	0,241643
63,940000	0,243555
63,950000	0,241643
63,960000	0,240368
63,970000	0,237819
63,980000	0,244830
63,990000	0,240368
64,000000	0,242918
64,010000	0,240368
64,020000	0,239731
64,030000	0,242280
64,040000	0,239093
64,050000	0,239731
64,060000	0,241643
64,070000	0,242918
64,080000	0,239093
64,090000	0,240368
64,100000	0,238456
64,110000	0,244830
64,120000	0,239731
64,130000	0,242280
64,140000	0,241005
64,150000	0,242280
64,160000	0,239731
64,170000	0,241643
64,180000	0,239731
64,190000	0,242918
64,200000	0,239731
64,210000	0,243555
64,220000	0,241005
64,230000	0,241643
64,240000	0,240368
64,250000	0,242918
64,260000	0,239731
64,270000	0,239093
64,280000	0,242280
64,290000	0,237819
64,300000	0,237181
64,310000	0,241005
64,320000	0,237181
64,330000	0,239731
64,340000	0,244192
64,350000	0,241005
64,360000	0,241005
64,370000	0,238456
64,380000	0,242918
64,390000	0,237181
64,400000	0,239093
64,410000	0,237819
64,420000	0,244830
64,430000	0,238456
64,440000	0,244192
64,450000	0,235907
64,460000	0,242280
64,470000	0,234632
64,480000	0,241643
64,490000	0,233357
64,500000	0,241005
64,510000	0,232720
64,520000	0,239093
64,530000	0,232082
64,540000	0,237181
64,550000	0,239731
64,560000	0,241005
64,570000	0,235907
64,580000	0,240368
64,590000	0,234632
64,600000	0,239093
64,610000	0,241005
64,620000	0,239093
64,630000	0,236544
64,640000	0,241005
64,650000	0,236544
64,660000	0,239093
64,670000	0,237181
64,680000	0,237819
64,690000	0,239731
64,700000	0,237819
64,710000	0,238456
64,720000	0,237181
64,730000	0,234632
64,740000	0,241643
64,750000	0,237819
64,760000	0,232720
64,770000	0,246104
64,780000	0,235907
64,790000	0,236544
64,800000	0,239093
64,810000	0,237181
64,820000	0,237181
64,830000	0,237181
64,840000	0,235907
64,850000	0,238456
64,860000	0,237181
64,870000	0,240368
64,880000	0,240368
64,890000	0,234632
64,900000	0,240368
64,910000	0,235907
64,920000	0,242280
64,930000	0,233357
64,940000	0,237819
64,950000	0,241643
64,960000	0,239731
64,970000	0,236544
64,980000	0,239731
64,990000	0,239093
65,000000	0,241643
65,010000	0,240368
65,020000	0,241643
65,030000	0,239731
65,040000	0,240368
65,050000	0,239093
65,060000	0,236544
65,070000	0,240368
65,080000	0,234632
65,090000	0,241643
65,100000	0,235907
65,110000	0,238456
65,120000	0,238456
65,130000	0,244830
65,140000	0,239731
65,150000	0,235269
65,160000	0,237181
65,170000	0,236544
65,180000	0,240368
65,190000	0,237181
65,200000	0,240368
65,210000	0,238456
65,220000	0,239731
65,230000	0,235269
65,240000	0,241643
65,250000	0,240368
65,260000	0,240368
65,270000	0,240368
65,280000	0,233994
65,290000	0,242280
65,300000	0,236544
65,310000	0,238456
65,320000	0,242280
65,330000	0,241005
65,340000	0,239731
65,350000	0,242280
65,360000	0,239731
65,370000	0,242280
65,380000	0,241643
65,390000	0,237819
65,400000	0,237181
65,410000	0,241643
65,420000	0,239093
65,430000	0,240368
65,440000	0,239093
65,450000	0,239731
65,460000	0,241643
65,470000	0,241005
65,480000	0,235907
65,490000	0,240368
65,500000	0,235269
65,510000	0,243555
65,520000	0,243555
65,530000	0,242280
65,540000	0,240368
65,550000	0,241643
65,560000	0,242280
65,570000	0,238456
65,580000	0,243555
65,590000	0,235269
65,600000	0,241005
65,610000	0,241643
65,620000	0,241643
65,630000	0,237819
65,640000	0,244830
65,650000	0,238456
65,660000	0,237819
65,670000	0,239731
65,680000	0,243555
65,690000	0,236544
65,700000	0,241643
65,710000	0,235269
65,720000	0,241643
65,730000	0,236544
65,740000	0,235269
65,750000	0,236544
65,760000	0,238456
65,770000	0,237181
65,780000	0,239731
65,790000	0,232720
65,800000	0,237181
65,810000	0,237181
65,820000	0,239731
65,830000	0,233994
65,840000	0,235907
65,850000	0,235269
65,860000	0,242918
65,870000	0,236544
65,880000	0,236544
65,890000	0,233994
65,900000	0,237819
65,910000	0,238456
65,920000	0,237181
65,930000	0,238456
65,940000	0,239731
65,950000	0,233357
65,960000	0,241643
65,970000	0,236544
65,980000	0,238456
65,990000	0,237181
66,000000	0,239731
66,010000	0,235269
66,020000	0,235269
66,030000	0,238456
66,040000	0,235269
66,050000	0,238456
66,060000	0,235269
66,070000	0,239093
66,080000	0,230170
66,090000	0,239731
66,100000	0,234632
66,110000	0,238456
66,120000	0,235907
66,130000	0,238456
66,140000	0,232082
66,150000	0,237181
66,160000	0,228896
66,170000	0,235907
66,180000	0,232082
66,190000	0,233357
66,200000	0,231445
66,210000	0,231445
66,220000	0,234632
66,230000	0,237819
66,240000	0,233994
66,250000	0,233357
66,260000	0,233994
66,270000	0,234632
66,280000	0,234632
66,290000	0,239093
66,300000	0,234632
66,310000	0,228896
66,320000	0,236544
66,330000	0,234632
66,340000	0,234632
66,350000	0,233994
66,360000	0,233994
66,370000	0,237181
66,380000	0,230170
66,390000	0,235907
66,400000	0,231445
66,410000	0,234632
66,420000	0,236544
66,430000	0,234632
66,440000	0,233357
66,450000	0,235269
66,460000	0,233357
66,470000	0,234632
66,480000	0,238456
66,490000	0,234632
66,500000	0,233357
66,510000	0,229533
66,520000	0,229533
66,530000	0,234632
66,540000	0,233357
66,550000	0,234632
66,560000	0,231445
66,570000	0,232082
66,580000	0,232082
66,590000	0,239731
66,600000	0,233357
66,610000	0,226983
66,620000	0,232720
66,630000	0,233994
66,640000	0,234632
66,650000	0,237181
66,660000	0,239731
66,670000	0,233994
66,680000	0,233994
66,690000	0,228896
66,700000	0,234632
66,710000	0,237181
66,720000	0,232082
66,730000	0,237181
66,740000	0,235269
66,750000	0,236544
66,760000	0,227621
66,770000	0,233357
66,780000	0,237181
66,790000	0,229533
66,800000	0,237181
66,810000	0,234632
66,820000	0,236544
66,830000	0,236544
66,840000	0,237181
66,850000	0,227621
66,860000	0,231445
66,870000	0,233994
66,880000	0,237181
66,890000	0,233994
66,900000	0,230808
66,910000	0,232720
66,920000	0,236544
66,930000	0,227621
66,940000	0,233357
66,950000	0,230170
66,960000	0,230170
66,970000	0,233357
66,980000	0,236544
66,990000	0,234632
67,000000	0,242918
67,010000	0,232082
67,020000	0,233994
67,030000	0,235907
67,040000	0,237181
67,050000	0,232720
67,060000	0,239731
67,070000	0,233357
67,080000	0,234632
67,090000	0,235907
67,100000	0,233357
67,110000	0,236544
67,120000	0,237181
67,130000	0,233357
67,140000	0,233994
67,150000	0,239093
67,160000	0,234632
67,170000	0,239093
67,180000	0,237181
67,190000	0,233994
67,200000	0,237181
67,210000	0,239731
67,220000	0,241005
67,230000	0,233994
67,240000	0,239731
67,250000	0,231445
67,260000	0,241643
67,270000	0,235269
67,280000	0,236544
67,290000	0,230808
67,300000	0,239093
67,310000	0,234632
67,320000	0,234632
67,330000	0,231445
67,340000	0,239093
67,350000	0,234632
67,360000	0,239731
67,370000	0,239093
67,380000	0,232082
67,390000	0,231445
67,400000	0,234632
67,410000	0,233357
67,420000	0,235269
67,430000	0,228258
67,440000	0,237181
67,450000	0,237181
67,460000	0,233994
67,470000	0,233357
67,480000	0,229533
67,490000	0,233994
67,500000	0,237181
67,510000	0,230808
67,520000	0,237819
67,530000	0,235269
67,540000	0,233994
67,550000	0,234632
67,560000	0,233357
67,570000	0,234632
67,580000	0,239093
67,590000	0,233357
67,600000	0,237181
67,610000	0,234632
67,620000	0,229533
67,630000	0,236544
67,640000	0,232720
67,650000	0,233994
67,660000	0,236544
67,670000	0,233994
67,680000	0,233357
67,690000	0,233357
67,700000	0,233994
67,710000	0,235269
67,720000	0,237181
67,730000	0,234632
67,740000	0,233357
67,750000	0,237819
67,760000	0,237181
67,770000	0,238456
67,780000	0,234632
67,790000	0,238456
67,800000	0,238456
67,810000	0,238456
67,820000	0,231445
67,830000	0,233357
67,840000	0,228896
67,850000	0,232720
67,860000	0,228258
67,870000	0,230170
67,880000	0,234632
67,890000	0,233357
67,900000	0,235269
67,910000	0,237819
67,920000	0,228258
67,930000	0,230808
67,940000	0,238456
67,950000	0,221247
67,960000	0,226346
67,970000	0,221884
67,980000	0,236544
67,990000	0,216148
68,000000	0,235269
68,010000	0,225709
68,020000	0,226983
68,030000	0,229533
68,040000	0,227621
68,050000	0,229533
68,060000	0,229533
68,070000	0,225709
68,080000	0,246742
68,090000	0,221247
68,100000	0,232082
68,110000	0,252478
68,120000	0,239731
68,130000	0,235269
68,140000	0,250566
68,150000	0,255665
68,160000	0,225071
68,170000	0,252478
68,180000	0,232082
68,190000	0,230170
68,200000	0,253753
68,210000	0,232082
68,220000	0,234632
68,230000	0,218698
68,240000	0,232720
68,250000	0,228896
68,260000	0,221884
68,270000	0,232082
68,280000	0,278610
68,290000	0,211049
68,300000	0,240368
68,310000	0,241005
68,320000	0,224434
68,330000	0,225071
68,340000	0,316215
68,350000	0,234632
68,360000	0,225071
68,370000	0,276061
68,380000	0,228896
68,390000	0,234632
68,400000	0,200214
68,410000	0,231445
68,420000	0,227621
68,430000	0,223797
68,440000	0,231445
68,450000	0,225071
68,460000	0,230808
68,470000	0,227621
68,480000	0,223159
68,490000	0,235269
68,500000	0,228896
68,510000	0,226346
68,520000	0,225071
68,530000	0,226346
68,540000	0,235269
68,550000	0,229533
68,560000	0,226983
68,570000	0,231445
68,580000	0,223797
68,590000	0,226983
68,600000	0,224434
68,610000	0,237819
68,620000	0,214873
68,630000	0,232082
68,640000	0,229533
68,650000	0,229533
68,660000	0,226983
68,670000	0,232082
68,680000	0,226346
68,690000	0,239093
68,700000	0,235269
68,710000	0,232082
68,720000	0,225709
68,730000	0,214236
68,740000	0,209137
68,750000	0,226346
68,760000	0,215511
68,770000	0,216786
68,780000	0,231445
68,790000	0,228258
68,800000	0,213599
68,810000	0,215511
68,820000	0,224434
68,830000	0,238456
68,840000	0,244830
68,850000	0,223159
68,860000	0,239093
68,870000	0,235269
68,880000	0,242280
68,890000	0,230808
68,900000	0,235907
68,910000	0,228258
68,920000	0,233994
68,930000	0,215511
68,940000	0,223159
68,950000	0,235907
68,960000	0,211049
68,970000	0,243555
68,980000	0,232082
68,990000	0,264588
69,000000	0,216148
69,010000	0,228896
69,020000	0,249291
69,030000	0,229533
69,040000	0,216148
69,050000	0,219972
69,060000	0,223797
69,070000	0,183005
69,080000	0,179181
69,090000	0,231445
69,100000	0,237181
69,110000	0,230808
69,120000	0,230170
69,130000	0,285621
69,140000	0,234632
69,150000	0,237181
69,160000	0,288808
69,170000	0,223159
69,180000	0,244192
69,190000	0,241005
69,200000	0,234632
69,210000	0,173445
69,220000	0,232082
69,230000	0,230808
69,240000	0,167071
69,250000	0,233994
69,260000	0,233357
69,270000	0,215511
69,280000	0,230170
69,290000	0,232082
69,300000	0,232082
69,310000	0,230808
69,320000	0,241005
69,330000	0,225709
69,340000	0,233357
69,350000	0,233357
69,360000	0,232082
69,370000	0,226983
69,380000	0,235907
69,390000	0,234632
69,400000	0,232720
69,410000	0,228896
69,420000	0,228896
69,430000	0,226346
69,440000	0,241005
69,450000	0,226346
69,460000	0,213599
69,470000	0,230170
69,480000	0,234632
69,490000	0,249291
69,500000	0,231445
69,510000	0,231445
69,520000	0,221884
69,530000	0,230808
69,540000	0,226983
69,550000	0,227621
69,560000	0,229533
69,570000	0,214873
69,580000	0,229533
69,590000	0,209775
69,600000	0,240368
69,610000	0,224434
69,620000	0,220610
69,630000	0,232082
69,640000	0,225071
69,650000	0,230170
69,660000	0,208500
69,670000	0,239093
69,680000	0,236544
69,690000	0,207225
69,700000	0,204676
69,710000	0,212324
69,720000	0,206588
69,730000	0,221247
69,740000	0,216786
69,750000	0,206588
69,760000	0,237181
69,770000	0,219335
69,780000	0,229533
69,790000	0,223159
69,800000	0,242280
69,810000	0,238456
69,820000	0,227621
69,830000	0,211687
69,840000	0,263313
69,850000	0,221247
69,860000	0,196390
69,870000	0,242918
69,880000	0,235269
69,890000	0,186829
69,900000	0,241005
69,910000	0,225709
69,920000	0,226346
69,930000	0,229533
69,940000	0,250566
69,950000	0,265863
69,960000	0,228896
69,970000	0,270324
69,980000	0,294544
69,990000	0,225071
70,000000	0,172807
70,010000	0,241643
70,020000	0,227621
70,030000	0,170895
70,040000	0,226346
70,050000	0,219972
70,060000	0,287533
70,070000	0,219335
70,080000	0,226983
70,090000	0,293907
70,100000	0,223159
70,110000	0,223797
70,120000	0,228896
70,130000	0,219335
70,140000	0,240368
70,150000	0,224434
70,160000	0,226983
70,170000	0,178544
70,180000	0,226983
70,190000	0,228258
70,200000	0,211687
70,210000	0,229533
70,220000	0,224434
70,230000	0,224434
70,240000	0,216148
70,250000	0,226983
70,260000	0,229533
70,270000	0,223797
70,280000	0,229533
70,290000	0,224434
70,300000	0,220610
70,310000	0,229533
70,320000	0,218698
70,330000	0,219972
70,340000	0,223159
70,350000	0,219972
70,360000	0,219972
70,370000	0,226346
70,380000	0,214873
70,390000	0,215511
70,400000	0,216148
70,410000	0,222522
70,420000	0,221884
70,430000	0,239093
70,440000	0,226983
70,450000	0,227621
70,460000	0,223159
70,470000	0,228896
70,480000	0,223159
70,490000	0,226346
70,500000	0,228896
70,510000	0,205313
70,520000	0,211687
70,530000	0,221884
70,540000	0,221884
70,550000	0,211687
70,560000	0,214236
70,570000	0,247379
70,580000	0,241643
70,590000	0,242280
70,600000	0,231445
70,610000	0,215511
70,620000	0,242918
70,630000	0,253753
70,640000	0,231445
70,650000	0,228896
70,660000	0,229533
70,670000	0,226983
70,680000	0,222522
70,690000	0,216786
70,700000	0,227621
70,710000	0,249291
70,720000	0,257577
70,730000	0,230808
70,740000	0,254390
70,750000	0,200214
70,760000	0,219972
70,770000	0,257577
70,780000	0,226983
70,790000	0,225709
70,800000	0,169620
70,810000	0,221884
70,820000	0,227621
70,830000	0,172807
70,840000	0,225071
70,850000	0,199577
70,860000	0,267137
70,870000	0,243555
70,880000	0,239093
70,890000	0,164522
70,900000	0,221247
70,910000	0,153686
70,920000	0,258214
70,930000	0,236544
70,940000	0,122455
70,950000	0,264588
70,960000	0,226983
70,970000	0,160697
70,980000	0,228258
70,990000	0,220610
71,000000	0,250566
71,010000	0,211687
71,020000	0,219335
71,030000	0,233994
71,040000	0,223797
71,050000	0,264588
71,060000	0,223797
71,070000	0,225071
71,080000	0,223797
71,090000	0,197027
71,100000	0,225071
71,110000	0,201489
71,120000	0,220610
71,130000	0,218060
71,140000	0,215511
71,150000	0,204038
71,160000	0,222522
71,170000	0,209775
71,180000	0,217423
71,190000	0,242918
71,200000	0,228896
71,210000	0,223797
71,220000	0,218060
71,230000	0,226346
71,240000	0,226983
71,250000	0,206588
71,260000	0,223797
71,270000	0,212961
71,280000	0,204676
71,290000	0,221884
71,300000	0,216786
71,310000	0,230170
71,320000	0,212324
71,330000	0,250566
71,340000	0,256940
71,350000	0,225709
71,360000	0,221884
71,370000	0,192566
71,380000	0,232082
71,390000	0,209137
71,400000	0,231445
71,410000	0,192566
71,420000	0,219335
71,430000	0,188104
71,440000	0,224434
71,450000	0,208500
71,460000	0,221884
71,470000	0,200214
71,480000	0,214236
71,490000	0,241005
71,500000	0,241005
71,510000	0,230170
71,520000	0,228258
71,530000	0,214873
71,540000	0,218060
71,550000	0,244830
71,560000	0,202763
71,570000	0,223159
71,580000	0,236544
71,590000	0,215511
71,600000	0,223159
71,610000	0,211687
71,620000	0,224434
71,630000	0,225709
71,640000	0,187467
71,650000	0,219972
71,660000	0,241643
71,670000	0,279247
71,680000	0,204676
71,690000	0,205950
71,700000	0,218060
71,710000	0,226983
71,720000	0,194478
71,730000	0,260126
71,740000	0,228258
71,750000	0,251841
71,760000	0,194478
71,770000	0,227621
71,780000	0,205950
71,790000	0,222522
71,800000	0,217423
71,810000	0,316215
71,820000	0,220610
71,830000	0,224434
71,840000	0,259489
71,850000	0,222522
71,860000	0,219335
71,870000	0,189379
71,880000	0,226346
71,890000	0,221884
71,900000	0,219335
71,910000	0,221247
71,920000	0,226346
71,930000	0,229533
71,940000	0,212324
71,950000	0,223159
71,960000	0,214873
71,970000	0,214236
71,980000	0,217423
71,990000	0,224434
72,000000	0,219972
72,010000	0,228258
72,020000	0,227621
72,030000	0,219335
72,040000	0,223159
72,050000	0,226983
72,060000	0,225709
72,070000	0,208500
72,080000	0,210412
72,090000	0,218060
72,100000	0,210412
72,110000	0,216148
72,120000	0,217423
72,130000	0,219335
72,140000	0,219335
72,150000	0,222522
72,160000	0,215511
72,170000	0,223159
72,180000	0,237181
72,190000	0,226983
72,200000	0,212961
72,210000	0,199577
72,220000	0,217423
72,230000	0,215511
72,240000	0,190016
72,250000	0,220610
72,260000	0,239731
72,270000	0,226346
72,280000	0,242280
72,290000	0,231445
72,300000	0,223159
72,310000	0,239093
72,320000	0,225071
72,330000	0,239731
72,340000	0,234632
72,350000	0,218060
72,360000	0,230170
72,370000	0,209775
72,380000	0,223159
72,390000	0,216786
72,400000	0,226983
72,410000	0,219335
72,420000	0,211049
72,430000	0,244192
72,440000	0,215511
72,450000	0,214873
72,460000	0,199577
72,470000	0,218060
72,480000	0,200851
72,490000	0,214873
72,500000	0,216148
72,510000	0,209137
72,520000	0,213599
72,530000	0,218060
72,540000	0,245467
72,550000	0,226346
72,560000	0,221884
72,570000	0,224434
72,580000	0,219335
72,590000	0,217423
72,600000	0,191928
72,610000	0,219972
72,620000	0,220610
72,630000	0,157511
72,640000	0,220610
72,650000	0,218698
72,660000	0,236544
72,670000	0,224434
72,680000	0,242280
72,690000	0,223797
72,700000	0,220610
72,710000	0,232082
72,720000	0,216786
72,730000	0,223159
72,740000	0,225071
72,750000	0,221884
72,760000	0,219972
72,770000	0,242280
72,780000	0,225071
72,790000	0,218698
72,800000	0,212961
72,810000	0,216786
72,820000	0,219972
72,830000	0,214873
72,840000	0,218060
72,850000	0,215511
72,860000	0,218698
72,870000	0,214236
72,880000	0,214873
72,890000	0,216148
72,900000	0,217423
72,910000	0,215511
72,920000	0,212961
72,930000	0,219972
72,940000	0,224434
72,950000	0,217423
72,960000	0,212324
72,970000	0,218698
72,980000	0,221884
72,990000	0,218060
73,000000	0,221884
73,010000	0,219335
73,020000	0,221884
73,030000	0,219335
73,040000	0,217423
73,050000	0,221884
73,060000	0,216148
73,070000	0,217423
73,080000	0,215511
73,090000	0,221247
73,100000	0,213599
73,110000	0,219972
73,120000	0,220610
73,130000	0,221884
73,140000	0,216148
73,150000	0,217423
73,160000	0,218060
73,170000	0,218698
73,180000	0,216786
73,190000	0,216786
73,200000	0,218060
73,210000	0,218060
73,220000	0,219335
73,230000	0,223797
73,240000	0,219335
73,250000	0,218060
73,260000	0,223159
73,270000	0,221884
73,280000	0,216786
73,290000	0,221884
73,300000	0,220610
73,310000	0,219335
73,320000	0,219335
73,330000	0,218698
73,340000	0,221247
73,350000	0,219335
73,360000	0,220610
73,370000	0,217423
73,380000	0,219335
73,390000	0,218060
73,400000	0,220610
73,410000	0,221884
73,420000	0,215511
73,430000	0,221247
73,440000	0,216786
73,450000	0,218060
73,460000	0,224434
73,470000	0,222522
73,480000	0,218060
73,490000	0,224434
73,500000	0,219972
73,510000	0,219972
73,520000	0,220610
73,530000	0,223797
73,540000	0,216786
73,550000	0,224434
73,560000	0,218698
73,570000	0,219972
73,580000	0,221884
73,590000	0,219335
73,600000	0,218698
73,610000	0,221884
73,620000	0,219335
73,630000	0,214873
73,640000	0,216148
73,650000	0,218698
73,660000	0,218698
73,670000	0,216148
73,680000	0,219972
73,690000	0,216148
73,700000	0,219972
73,710000	0,219335
73,720000	0,219335
73,730000	0,219335
73,740000	0,222522
73,750000	0,214236
73,760000	0,217423
73,770000	0,221247
73,780000	0,216786
73,790000	0,219335
73,800000	0,218060
73,810000	0,215511
73,820000	0,217423
73,830000	0,217423
73,840000	0,221884
73,850000	0,221247
73,860000	0,215511
73,870000	0,216148
73,880000	0,215511
73,890000	0,220610
73,900000	0,216786
73,910000	0,216786
73,920000	0,212961
73,930000	0,222522
73,940000	0,215511
73,950000	0,218060
73,960000	0,219335
73,970000	0,219335
73,980000	0,217423
73,990000	0,219335
74,000000	0,215511
74,010000	0,212961
74,020000	0,214873
74,030000	0,219335
74,040000	0,219972
74,050000	0,215511
74,060000	0,217423
74,070000	0,214873
74,080000	0,218698
74,090000	0,216786
74,100000	0,216786
74,110000	0,216148
74,120000	0,214873
74,130000	0,211687
74,140000	0,215511
74,150000	0,212324
74,160000	0,221884
74,170000	0,214873
74,180000	0,216786
74,190000	0,215511
74,200000	0,213599
74,210000	0,214236
74,220000	0,213599
74,230000	0,214236
74,240000	0,216786
74,250000	0,216786
74,260000	0,215511
74,270000	0,216148
74,280000	0,213599
74,290000	0,214236
74,300000	0,209137
74,310000	0,216786
74,320000	0,214873
74,330000	0,219972
74,340000	0,212961
74,350000	0,214873
74,360000	0,210412
74,370000	0,216786
74,380000	0,216148
74,390000	0,214236
74,400000	0,213599
74,410000	0,214873
74,420000	0,212961
74,430000	0,214236
74,440000	0,210412
74,450000	0,216148
74,460000	0,208500
74,470000	0,217423
74,480000	0,213599
74,490000	0,212324
74,500000	0,209775
74,510000	0,214236
74,520000	0,211687
74,530000	0,216148
74,540000	0,209137
74,550000	0,210412
74,560000	0,210412
74,570000	0,216148
74,580000	0,212961
74,590000	0,217423
74,600000	0,211049
74,610000	0,215511
74,620000	0,214873
74,630000	0,216148
74,640000	0,211687
74,650000	0,216786
74,660000	0,214873
74,670000	0,214873
74,680000	0,209775
74,690000	0,211049
74,700000	0,209137
74,710000	0,214873
74,720000	0,214236
74,730000	0,211049
74,740000	0,213599
74,750000	0,215511
74,760000	0,212961
74,770000	0,213599
74,780000	0,211049
74,790000	0,212324
74,800000	0,216148
74,810000	0,209137
74,820000	0,214236
74,830000	0,211687
74,840000	0,211049
74,850000	0,211687
74,860000	0,211049
74,870000	0,215511
74,880000	0,209775
74,890000	0,216148
74,900000	0,210412
74,910000	0,214236
74,920000	0,209775
74,930000	0,214236
74,940000	0,212324
74,950000	0,215511
74,960000	0,213599
74,970000	0,211049
74,980000	0,212324
74,990000	0,214873
75,000000	0,214236
75,010000	0,214873
75,020000	0,215511
75,030000	0,212961
75,040000	0,211687
75,050000	0,213599
75,060000	0,212961
75,070000	0,214873
75,080000	0,208500
75,090000	0,211687
75,100000	0,214236
75,110000	0,212324
75,120000	0,211687
75,130000	0,214236
75,140000	0,214236
75,150000	0,214236
75,160000	0,214236
75,170000	0,216148
75,180000	0,210412
75,190000	0,213599
75,200000	0,213599
75,210000	0,214236
75,220000	0,214236
75,230000	0,216148
75,240000	0,212324
75,250000	0,212961
75,260000	0,213599
75,270000	0,215511
75,280000	0,209137
75,290000	0,217423
75,300000	0,214236
75,310000	0,216786
75,320000	0,213599
75,330000	0,218060
75,340000	0,218060
75,350000	0,218698
75,360000	0,212961
75,370000	0,216786
75,380000	0,216148
75,390000	0,216786
75,400000	0,216148
75,410000	0,214236
75,420000	0,215511
75,430000	0,209775
75,440000	0,218060
75,450000	0,214873
75,460000	0,214873
75,470000	0,213599
75,480000	0,216148
75,490000	0,213599
75,500000	0,213599
75,510000	0,212961
75,520000	0,216148
75,530000	0,211687
75,540000	0,214236
75,550000	0,214873
75,560000	0,211687
75,570000	0,214236
75,580000	0,211687
75,590000	0,215511
75,600000	0,214873
75,610000	0,211687
75,620000	0,211687
75,630000	0,215511
75,640000	0,217423
75,650000	0,214236
75,660000	0,211687
75,670000	0,213599
75,680000	0,212324
75,690000	0,212961
75,700000	0,212961
75,710000	0,214236
75,720000	0,219335
75,730000	0,217423
75,740000	0,216148
75,750000	0,212961
75,760000	0,216148
75,770000	0,216786
75,780000	0,211687
75,790000	0,213599
75,800000	0,214873
75,810000	0,212324
75,820000	0,212324
75,830000	0,214236
75,840000	0,212961
75,850000	0,214236
75,860000	0,212324
75,870000	0,212324
75,880000	0,211687
75,890000	0,216148
75,900000	0,212961
75,910000	0,214236
75,920000	0,211049
75,930000	0,211687
75,940000	0,213599
75,950000	0,212324
75,960000	0,212324
75,970000	0,213599
75,980000	0,215511
75,990000	0,213599
76,000000	0,215511
76,010000	0,213599
76,020000	0,211049
76,030000	0,210412
76,040000	0,215511
76,050000	0,209775
76,060000	0,213599
76,070000	0,212324
76,080000	0,213599
76,090000	0,211687
76,100000	0,208500
76,110000	0,207225
76,120000	0,213599
76,130000	0,209775
76,140000	0,214236
76,150000	0,207862
76,160000	0,211687
76,170000	0,212324
76,180000	0,211687
76,190000	0,211687
76,200000	0,215511
76,210000	0,207862
76,220000	0,216148
76,230000	0,209775
76,240000	0,210412
76,250000	0,212324
76,260000	0,208500
76,270000	0,211687
76,280000	0,209137
76,290000	0,209775
76,300000	0,212324
76,310000	0,212324
76,320000	0,211049
76,330000	0,210412
76,340000	0,212324
76,350000	0,209137
76,360000	0,206588
76,370000	0,210412
76,380000	0,211687
76,390000	0,209137
76,400000	0,212324
76,410000	0,212961
76,420000	0,212324
76,430000	0,210412
76,440000	0,211687
76,450000	0,211687
76,460000	0,206588
76,470000	0,207225
76,480000	0,205313
76,490000	0,212324
76,500000	0,204676
76,510000	0,212961
76,520000	0,206588
76,530000	0,210412
76,540000	0,207225
76,550000	0,209137
76,560000	0,209137
76,570000	0,210412
76,580000	0,206588
76,590000	0,207862
76,600000	0,204676
76,610000	0,209775
76,620000	0,204676
76,630000	0,209137
76,640000	0,205313
76,650000	0,209137
76,660000	0,210412
76,670000	0,211687
76,680000	0,207862
76,690000	0,212961
76,700000	0,208500
76,710000	0,214236
76,720000	0,204038
76,730000	0,209775
76,740000	0,208500
76,750000	0,212324
76,760000	0,204038
76,770000	0,211687
76,780000	0,203401
76,790000	0,213599
76,800000	0,204038
76,810000	0,213599
76,820000	0,205950
76,830000	0,214236
76,840000	0,205313
76,850000	0,214236
76,860000	0,208500
76,870000	0,208500
76,880000	0,208500
76,890000	0,211687
76,900000	0,205950
76,910000	0,216148
76,920000	0,205313
76,930000	0,211687
76,940000	0,209137
76,950000	0,211049
76,960000	0,206588
76,970000	0,211049
76,980000	0,208500
76,990000	0,208500
77,000000	0,209137
77,010000	0,209775
77,020000	0,207225
77,030000	0,210412
77,040000	0,207225
77,050000	0,209137
77,060000	0,205950
77,070000	0,209775
77,080000	0,206588
77,090000	0,210412
77,100000	0,208500
77,110000	0,208500
77,120000	0,208500
77,130000	0,206588
77,140000	0,194478
77,150000	0,209775
77,160000	0,206588
77,170000	0,209775
77,180000	0,207862
77,190000	0,211049
77,200000	0,209137
77,210000	0,207862
77,220000	0,212324
77,230000	0,206588
77,240000	0,209775
77,250000	0,207862
77,260000	0,207225
77,270000	0,210412
77,280000	0,209137
77,290000	0,209775
77,300000	0,216786
77,310000	0,209775
77,320000	0,207862
77,330000	0,208500
77,340000	0,211049
77,350000	0,209137
77,360000	0,212961
77,370000	0,207862
77,380000	0,210412
77,390000	0,212324
77,400000	0,208500
77,410000	0,210412
77,420000	0,207225
77,430000	0,208500
77,440000	0,207862
77,450000	0,207862
77,460000	0,209775
77,470000	0,208500
77,480000	0,212324
77,490000	0,211049
77,500000	0,211049
77,510000	0,207225
77,520000	0,209137
77,530000	0,208500
77,540000	0,211687
77,550000	0,205313
77,560000	0,211049
77,570000	0,208500
77,580000	0,212324
77,590000	0,205950
77,600000	0,209775
77,610000	0,205950
77,620000	0,211049
77,630000	0,206588
77,640000	0,212961
77,650000	0,205313
77,660000	0,212324
77,670000	0,207862
77,680000	0,208500
77,690000	0,207862
77,700000	0,211049
77,710000	0,204676
77,720000	0,207225
77,730000	0,207225
77,740000	0,208500
77,750000	0,208500
77,760000	0,207862
77,770000	0,208500
77,780000	0,208500
77,790000	0,207225
77,800000	0,208500
77,810000	0,212324
77,820000	0,208500
77,830000	0,208500
77,840000	0,204038
77,850000	0,208500
77,860000	0,211687
77,870000	0,209775
77,880000	0,204038
77,890000	0,209137
77,900000	0,205950
77,910000	0,211049
77,920000	0,206588
77,930000	0,211687
77,940000	0,205313
77,950000	0,211049
77,960000	0,204676
77,970000	0,212961
77,980000	0,203401
77,990000	0,212961
78,000000	0,205313
78,010000	0,211049
78,020000	0,214873
78,030000	0,210412
78,040000	0,204038
78,050000	0,212324
78,060000	0,207225
78,070000	0,209775
78,080000	0,207862
78,090000	0,209775
78,100000	0,205313
78,110000	0,209137
78,120000	0,206588
78,130000	0,209775
78,140000	0,203401
78,150000	0,207862
78,160000	0,205950
78,170000	0,209775
78,180000	0,188741
78,190000	0,207862
78,200000	0,204676
78,210000	0,205950
78,220000	0,204676
78,230000	0,207862
78,240000	0,205313
78,250000	0,205313
78,260000	0,206588
78,270000	0,207862
78,280000	0,204676
78,290000	0,206588
78,300000	0,206588
78,310000	0,204676
78,320000	0,203401
78,330000	0,206588
78,340000	0,216148
78,350000	0,204038
78,360000	0,205950
78,370000	0,203401
78,380000	0,205950
78,390000	0,206588
78,400000	0,205950
78,410000	0,204038
78,420000	0,205950
78,430000	0,207225
78,440000	0,204038
78,450000	0,205950
78,460000	0,203401
78,470000	0,204038
78,480000	0,205313
78,490000	0,206588
78,500000	0,193840
78,510000	0,205313
78,520000	0,205950
78,530000	0,205950
78,540000	0,205950
78,550000	0,207862
78,560000	0,205313
78,570000	0,204038
78,580000	0,203401
78,590000	0,204676
78,600000	0,205313
78,610000	0,205950
78,620000	0,205313
78,630000	0,205950
78,640000	0,204676
78,650000	0,203401
78,660000	0,209137
78,670000	0,206588
78,680000	0,204676
78,690000	0,202763
78,700000	0,202126
78,710000	0,204676
78,720000	0,202763
78,730000	0,204038
78,740000	0,202763
78,750000	0,207225
78,760000	0,202126
78,770000	0,203401
78,780000	0,204038
78,790000	0,209775
78,800000	0,203401
78,810000	0,207862
78,820000	0,203401
78,830000	0,203401
78,840000	0,203401
78,850000	0,207225
78,860000	0,203401
78,870000	0,203401
78,880000	0,211049
78,890000	0,203401
78,900000	0,202126
78,910000	0,204038
78,920000	0,202763
78,930000	0,205313
78,940000	0,202126
78,950000	0,204038
78,960000	0,204038
78,970000	0,206588
78,980000	0,200851
78,990000	0,205313
79,000000	0,204038
79,010000	0,202126
79,020000	0,205950
79,030000	0,205313
79,040000	0,203401
79,050000	0,205313
79,060000	0,205950
79,070000	0,205313
79,080000	0,202763
79,090000	0,204676
79,100000	0,205313
79,110000	0,204676
79,120000	0,203401
79,130000	0,204676
79,140000	0,205313
79,150000	0,205313
79,160000	0,205950
79,170000	0,201489
79,180000	0,193840
79,190000	0,207862
79,200000	0,203401
79,210000	0,205950
79,220000	0,203401
79,230000	0,204676
79,240000	0,203401
79,250000	0,207862
79,260000	0,205313
79,270000	0,205313
79,280000	0,202126
79,290000	0,207862
79,300000	0,204676
79,310000	0,206588
79,320000	0,206588
79,330000	0,210412
79,340000	0,210412
79,350000	0,206588
79,360000	0,202763
79,370000	0,204676
79,380000	0,206588
79,390000	0,203401
79,400000	0,202763
79,410000	0,204676
79,420000	0,204676
79,430000	0,203401
79,440000	0,204038
79,450000	0,204676
79,460000	0,204676
79,470000	0,203401
79,480000	0,206588
79,490000	0,204038
79,500000	0,211687
79,510000	0,201489
79,520000	0,203401
79,530000	0,204676
79,540000	0,204676
79,550000	0,205313
79,560000	0,204038
79,570000	0,209137
79,580000	0,203401
79,590000	0,204038
79,600000	0,206588
79,610000	0,205950
79,620000	0,204038
79,630000	0,207862
79,640000	0,204038
79,650000	0,203401
79,660000	0,198939
79,670000	0,206588
79,680000	0,205313
79,690000	0,205313
79,700000	0,204038
79,710000	0,205950
79,720000	0,202126
79,730000	0,205313
79,740000	0,203401
79,750000	0,206588
79,760000	0,200851
79,770000	0,205950
79,780000	0,200851
79,790000	0,208500
79,800000	0,201489
79,810000	0,204038
79,820000	0,200851
79,830000	0,205313
79,840000	0,200214
79,850000	0,207862
79,860000	0,199577
79,870000	0,209137
79,880000	0,209775
79,890000	0,203401
79,900000	0,197027
79,910000	0,205950
79,920000	0,200851
79,930000	0,205950
79,940000	0,197027
79,950000	0,207225
79,960000	0,204038
79,970000	0,203401
79,980000	0,203401
79,990000	0,205313
80,000000	0,200214
80,010000	0,209137
80,020000	0,198939
80,030000	0,207862
80,040000	0,204038
80,050000	0,207225
80,060000	0,198302
80,070000	0,204038
80,080000	0,199577
80,090000	0,202763
80,100000	0,207225
80,110000	0,205313
80,120000	0,200851
80,130000	0,201489
80,140000	0,202126
80,150000	0,205950
80,160000	0,202126
80,170000	0,205950
80,180000	0,211687
80,190000	0,201489
80,200000	0,202126
80,210000	0,201489
80,220000	0,203401
80,230000	0,201489
80,240000	0,204676
80,250000	0,200851
80,260000	0,198939
80,270000	0,202126
80,280000	0,201489
80,290000	0,199577
80,300000	0,202126
80,310000	0,198939
80,320000	0,201489
80,330000	0,201489
80,340000	0,189379
80,350000	0,197027
80,360000	0,199577
80,370000	0,195752
80,380000	0,202763
80,390000	0,198302
80,400000	0,202763
80,410000	0,199577
80,420000	0,199577
80,430000	0,198939
80,440000	0,201489
80,450000	0,198939
80,460000	0,201489
80,470000	0,198302
80,480000	0,200214
80,490000	0,198939
80,500000	0,214236
80,510000	0,197027
80,520000	0,198939
80,530000	0,198939
80,540000	0,198302
80,550000	0,198302
80,560000	0,198939
80,570000	0,199577
80,580000	0,199577
80,590000	0,206588
80,600000	0,198302
80,610000	0,206588
80,620000	0,195115
80,630000	0,205313
80,640000	0,195752
80,650000	0,202126
80,660000	0,182368
80,670000	0,201489
80,680000	0,198302
80,690000	0,198939
80,700000	0,198302
80,710000	0,202126
80,720000	0,197027
80,730000	0,197665
80,740000	0,197665
80,750000	0,202763
80,760000	0,198939
80,770000	0,204038
80,780000	0,200214
80,790000	0,202763
80,800000	0,195752
80,810000	0,198939
80,820000	0,205950
80,830000	0,199577
80,840000	0,198302
80,850000	0,202763
80,860000	0,194478
80,870000	0,203401
80,880000	0,200214
80,890000	0,200851
80,900000	0,200214
80,910000	0,202763
80,920000	0,202126
80,930000	0,198939
80,940000	0,199577
80,950000	0,200851
80,960000	0,200214
80,970000	0,198939
80,980000	0,199577
80,990000	0,203401
81,000000	0,203401
81,010000	0,200214
81,020000	0,200851
81,030000	0,196390
81,040000	0,198939
81,050000	0,197665
81,060000	0,207862
81,070000	0,198302
81,080000	0,198302
81,090000	0,196390
81,100000	0,198939
81,110000	0,200851
81,120000	0,197665
81,130000	0,198939
81,140000	0,197665
81,150000	0,196390
81,160000	0,196390
81,170000	0,200851
81,180000	0,200851
81,190000	0,197027
81,200000	0,202763
81,210000	0,197027
81,220000	0,188104
81,230000	0,197027
81,240000	0,198939
81,250000	0,197665
81,260000	0,200851
81,270000	0,196390
81,280000	0,198939
81,290000	0,198302
81,300000	0,199577
81,310000	0,195752
81,320000	0,204038
81,330000	0,199577
81,340000	0,198939
81,350000	0,202126
81,360000	0,200851
81,370000	0,199577
81,380000	0,200214
81,390000	0,198302
81,400000	0,202763
81,410000	0,200851
81,420000	0,198302
81,430000	0,200214
81,440000	0,197027
81,450000	0,201489
81,460000	0,198939
81,470000	0,200851
81,480000	0,201489
81,490000	0,198939
81,500000	0,200214
81,510000	0,201489
81,520000	0,200851
81,530000	0,200214
81,540000	0,200851
81,550000	0,198302
81,560000	0,202763
81,570000	0,202763
81,580000	0,201489
81,590000	0,199577
81,600000	0,200851
81,610000	0,196390
81,620000	0,204038
81,630000	0,202126
81,640000	0,197665
81,650000	0,196390
81,660000	0,198939
81,670000	0,195752
81,680000	0,198302
81,690000	0,197027
81,700000	0,198302
81,710000	0,198939
81,720000	0,200851
81,730000	0,199577
81,740000	0,199577
81,750000	0,196390
81,760000	0,198939
81,770000	0,200214
81,780000	0,199577
81,790000	0,198939
81,800000	0,196390
81,810000	0,202763
81,820000	0,199577
81,830000	0,204676
81,840000	0,200851
81,850000	0,198939
81,860000	0,197027
81,870000	0,202763
81,880000	0,201489
81,890000	0,200214
81,900000	0,197665
81,910000	0,200214
81,920000	0,197665
81,930000	0,201489
81,940000	0,198302
81,950000	0,201489
81,960000	0,201489
81,970000	0,198302
81,980000	0,202126
81,990000	0,198302
82,000000	0,202763
82,010000	0,202126
82,020000	0,201489
82,030000	0,195752
82,040000	0,200851
82,050000	0,200851
82,060000	0,195752
82,070000	0,198939
82,080000	0,202763
82,090000	0,194478
82,100000	0,194478
82,110000	0,195752
82,120000	0,195115
82,130000	0,195115
82,140000	0,197665
82,150000	0,196390
82,160000	0,195752
82,170000	0,197027
82,180000	0,196390
82,190000	0,198302
82,200000	0,196390
82,210000	0,196390
82,220000	0,193840
82,230000	0,198302
82,240000	0,194478
82,250000	0,200214
82,260000	0,193203
82,270000	0,196390
82,280000	0,195752
82,290000	0,196390
82,300000	0,192566
82,310000	0,200214
82,320000	0,193840
82,330000	0,196390
82,340000	0,196390
82,350000	0,198302
82,360000	0,198939
82,370000	0,197027
82,380000	0,198939
82,390000	0,191928
82,400000	0,192566
82,410000	0,196390
82,420000	0,195115
82,430000	0,194478
82,440000	0,198939
82,450000	0,196390
82,460000	0,193840
82,470000	0,195752
82,480000	0,194478
82,490000	0,195752
82,500000	0,193840
82,510000	0,196390
82,520000	0,194478
82,530000	0,196390
82,540000	0,195752
82,550000	0,196390
82,560000	0,193203
82,570000	0,191928
82,580000	0,195115
82,590000	0,193840
82,600000	0,198939
82,610000	0,198939
82,620000	0,196390
82,630000	0,192566
82,640000	0,197027
82,650000	0,195115
82,660000	0,201489
82,670000	0,196390
82,680000	0,198302
82,690000	0,195752
82,700000	0,195752
82,710000	0,194478
82,720000	0,195752
82,730000	0,193840
82,740000	0,193840
82,750000	0,192566
82,760000	0,193840
82,770000	0,193840
82,780000	0,198302
82,790000	0,188741
82,800000	0,195115
82,810000	0,193203
82,820000	0,194478
82,830000	0,190654
82,840000	0,192566
82,850000	0,195752
82,860000	0,194478
82,870000	0,190654
82,880000	0,196390
82,890000	0,196390
82,900000	0,189379
82,910000	0,197665
82,920000	0,193840
82,930000	0,193840
82,940000	0,191928
82,950000	0,194478
82,960000	0,193840
82,970000	0,191291
82,980000	0,195752
82,990000	0,193203
83,000000	0,194478
83,010000	0,195752
83,020000	0,193203
83,030000	0,197665
83,040000	0,193840
83,050000	0,188741
83,060000	0,196390
83,070000	0,191928
83,080000	0,192566
83,090000	0,189379
83,100000	0,192566
83,110000	0,193840
83,120000	0,194478
83,130000	0,192566
83,140000	0,195115
83,150000	0,195752
83,160000	0,194478
83,170000	0,193203
83,180000	0,190654
83,190000	0,195752
83,200000	0,190654
83,210000	0,195115
83,220000	0,193840
83,230000	0,199577
83,240000	0,192566
83,250000	0,193840
83,260000	0,192566
83,270000	0,191928
83,280000	0,197665
83,290000	0,205313
83,300000	0,191928
83,310000	0,195752
83,320000	0,196390
83,330000	0,194478
83,340000	0,198302
83,350000	0,195752
83,360000	0,195752
83,370000	0,200214
83,380000	0,193840
83,390000	0,197027
83,400000	0,193840
83,410000	0,194478
83,420000	0,195115
83,430000	0,195115
83,440000	0,195752
83,450000	0,193840
83,460000	0,195115
83,470000	0,198302
83,480000	0,192566
83,490000	0,197665
83,500000	0,196390
83,510000	0,199577
83,520000	0,193840
83,530000	0,198302
83,540000	0,198939
83,550000	0,191928
83,560000	0,196390
83,570000	0,200214
83,580000	0,193840
83,590000	0,200851
83,600000	0,195115
83,610000	0,200214
83,620000	0,197665
83,630000	0,194478
83,640000	0,198939
83,650000	0,197027
83,660000	0,193840
83,670000	0,193840
83,680000	0,197665
83,690000	0,203401
83,700000	0,192566
83,710000	0,197665
83,720000	0,193840
83,730000	0,199577
83,740000	0,195752
83,750000	0,196390
83,760000	0,195752
83,770000	0,198939
83,780000	0,199577
83,790000	0,195115
83,800000	0,197665
83,810000	0,193840
83,820000	0,195752
83,830000	0,196390
83,840000	0,191291
83,850000	0,196390
83,860000	0,194478
83,870000	0,195752
83,880000	0,198939
83,890000	0,193203
83,900000	0,194478
83,910000	0,191928
83,920000	0,196390
83,930000	0,190654
83,940000	0,193203
83,950000	0,197665
83,960000	0,195115
83,970000	0,198302
83,980000	0,197027
83,990000	0,191291
84,000000	0,195752
84,010000	0,195752
84,020000	0,195115
84,030000	0,196390
84,040000	0,193203
84,050000	0,193203
84,060000	0,195115
84,070000	0,195115
84,080000	0,192566
84,090000	0,198939
84,100000	0,191291
84,110000	0,191291
84,120000	0,190654
84,130000	0,197665
84,140000	0,188104
84,150000	0,196390
84,160000	0,191291
84,170000	0,188741
84,180000	0,191291
84,190000	0,196390
84,200000	0,188741
84,210000	0,193840
84,220000	0,194478
84,230000	0,192566
84,240000	0,194478
84,250000	0,191928
84,260000	0,195115
84,270000	0,190654
84,280000	0,194478
84,290000	0,191291
84,300000	0,191291
84,310000	0,191928
84,320000	0,190654
84,330000	0,194478
84,340000	0,191928
84,350000	0,192566
84,360000	0,186192
84,370000	0,192566
84,380000	0,186829
84,390000	0,194478
84,400000	0,190654
84,410000	0,191928
84,420000	0,191928
84,430000	0,188104
84,440000	0,186829
84,450000	0,191291
84,460000	0,189379
84,470000	0,188104
84,480000	0,190654
84,490000	0,192566
84,500000	0,189379
84,510000	0,192566
84,520000	0,192566
84,530000	0,195115
84,540000	0,191291
84,550000	0,186829
84,560000	0,190016
84,570000	0,195752
84,580000	0,188104
84,590000	0,193203
84,600000	0,188741
84,610000	0,191291
84,620000	0,188104
84,630000	0,186829
84,640000	0,192566
84,650000	0,193840
84,660000	0,183643
84,670000	0,191928
84,680000	0,183005
84,690000	0,186192
84,700000	0,186192
84,710000	0,184280
84,720000	0,194478
84,730000	0,183643
84,740000	0,194478
84,750000	0,186192
84,760000	0,186829
84,770000	0,195752
84,780000	0,191928
84,790000	0,188104
84,800000	0,192566
84,810000	0,191928
84,820000	0,190654
84,830000	0,188104
84,840000	0,188104
84,850000	0,188104
84,860000	0,188741
84,870000	0,187467
84,880000	0,188104
84,890000	0,188104
84,900000	0,186192
84,910000	0,193840
84,920000	0,188104
84,930000	0,191928
84,940000	0,191291
84,950000	0,185555
84,960000	0,195115
84,970000	0,185555
84,980000	0,188104
84,990000	0,184280
85,000000	0,193203
85,010000	0,190654
85,020000	0,195115
85,030000	0,187467
85,040000	0,193203
85,050000	0,187467
85,060000	0,193840
85,070000	0,187467
85,080000	0,188104
85,090000	0,187467
85,100000	0,191291
85,110000	0,185555
85,120000	0,189379
85,130000	0,182368
85,140000	0,188741
85,150000	0,180456
85,160000	0,184280
85,170000	0,191928
85,180000	0,185555
85,190000	0,195115
85,200000	0,188104
85,210000	0,192566
85,220000	0,184917
85,230000	0,190016
85,240000	0,188741
85,250000	0,190654
85,260000	0,196390
85,270000	0,189379
85,280000	0,186192
85,290000	0,192566
85,300000	0,190654
85,310000	0,191291
85,320000	0,190016
85,330000	0,190016
85,340000	0,193840
85,350000	0,191291
85,360000	0,187467
85,370000	0,193840
85,380000	0,188104
85,390000	0,189379
85,400000	0,193840
85,410000	0,188741
85,420000	0,191291
85,430000	0,186192
85,440000	0,188104
85,450000	0,193203
85,460000	0,186192
85,470000	0,191291
85,480000	0,191291
85,490000	0,192566
85,500000	0,187467
85,510000	0,187467
85,520000	0,188104
85,530000	0,190654
85,540000	0,190016
85,550000	0,189379
85,560000	0,195752
85,570000	0,192566
85,580000	0,188741
85,590000	0,192566
85,600000	0,187467
85,610000	0,192566
85,620000	0,192566
85,630000	0,193840
85,640000	0,189379
85,650000	0,190654
85,660000	0,190654
85,670000	0,190016
85,680000	0,190016
85,690000	0,190654
85,700000	0,189379
85,710000	0,190654
85,720000	0,185555
85,730000	0,188104
85,740000	0,186192
85,750000	0,191928
85,760000	0,188741
85,770000	0,193840
85,780000	0,191928
85,790000	0,193840
85,800000	0,188104
85,810000	0,187467
85,820000	0,184917
85,830000	0,191291
85,840000	0,191291
85,850000	0,181730
85,860000	0,188741
85,870000	0,184917
85,880000	0,187467
85,890000	0,185555
85,900000	0,193840
85,910000	0,183005
85,920000	0,194478
85,930000	0,184280
85,940000	0,184917
85,950000	0,187467
85,960000	0,186192
85,970000	0,190016
85,980000	0,191291
85,990000	0,188741
86,000000	0,193203
86,010000	0,193203
86,020000	0,183005
86,030000	0,188104
86,040000	0,201489
86,050000	0,190016
86,060000	0,198302
86,070000	0,193840
86,080000	0,190654
86,090000	0,191291
86,100000	0,188104
86,110000	0,189379
86,120000	0,201489
86,130000	0,197027
86,140000	0,183005
86,150000	0,188741
86,160000	0,186829
86,170000	0,181730
86,180000	0,200851
86,190000	0,186192
86,200000	0,185555
86,210000	0,211687
86,220000	0,188741
86,230000	0,188104
86,240000	0,221247
86,250000	0,185555
86,260000	0,179818
86,270000	0,159423
86,280000	0,188104
86,290000	0,185555
86,300000	0,187467
86,310000	0,186829
86,320000	0,147950
86,330000	0,213599
86,340000	0,186829
86,350000	0,188741
86,360000	0,193203
86,370000	0,183643
86,380000	0,161972
86,390000	0,190654
86,400000	0,188741
86,410000	0,132016
86,420000	0,189379
86,430000	0,191291
86,440000	0,140939
86,450000	0,187467
86,460000	0,185555
86,470000	0,178544
86,480000	0,190654
86,490000	0,193203
86,500000	0,205950
86,510000	0,186192
86,520000	0,188741
86,530000	0,225071
86,540000	0,183005
86,550000	0,188104
86,560000	0,181730
86,570000	0,186829
86,580000	0,186192
86,590000	0,185555
86,600000	0,188741
86,610000	0,182368
86,620000	0,188104
86,630000	0,189379
86,640000	0,184280
86,650000	0,188741
86,660000	0,183643
86,670000	0,185555
86,680000	0,189379
86,690000	0,189379
86,700000	0,181093
86,710000	0,186829
86,720000	0,186192
86,730000	0,193203
86,740000	0,194478
86,750000	0,188741
86,760000	0,190654
86,770000	0,184280
86,780000	0,182368
86,790000	0,184917
86,800000	0,183005
86,810000	0,183005
86,820000	0,175994
86,830000	0,183643
86,840000	0,184917
86,850000	0,186829
86,860000	0,191291
86,870000	0,182368
86,880000	0,191928
86,890000	0,193840
86,900000	0,189379
86,910000	0,184917
86,920000	0,183005
86,930000	0,203401
86,940000	0,185555
86,950000	0,168346
86,960000	0,187467
86,970000	0,184280
86,980000	0,184280
86,990000	0,179181
87,000000	0,201489
87,010000	0,192566
87,020000	0,182368
87,030000	0,164522
87,040000	0,175994
87,050000	0,185555
87,060000	0,156873
87,070000	0,198939
87,080000	0,188741
87,090000	0,149862
87,100000	0,188104
87,110000	0,188741
87,120000	0,165796
87,130000	0,200851
87,140000	0,184917
87,150000	0,226983
87,160000	0,187467
87,170000	0,193840
87,180000	0,207225
87,190000	0,177269
87,200000	0,208500
87,210000	0,142851
87,220000	0,184280
87,230000	0,157511
87,240000	0,194478
87,250000	0,183005
87,260000	0,175357
87,270000	0,252478
87,280000	0,186829
87,290000	0,160060
87,300000	0,184280
87,310000	0,179181
87,320000	0,242280
87,330000	0,183643
87,340000	0,185555
87,350000	0,156873
87,360000	0,184917
87,370000	0,185555
87,380000	0,142851
87,390000	0,188104
87,400000	0,188104
87,410000	0,150499
87,420000	0,190654
87,430000	0,183643
87,440000	0,188104
87,450000	0,184917
87,460000	0,187467
87,470000	0,188104
87,480000	0,184917
87,490000	0,188104
87,500000	0,185555
87,510000	0,195115
87,520000	0,186192
87,530000	0,193203
87,540000	0,191291
87,550000	0,188741
87,560000	0,186192
87,570000	0,179818
87,580000	0,190654
87,590000	0,185555
87,600000	0,179818
87,610000	0,174082
87,620000	0,186829
87,630000	0,188741
87,640000	0,180456
87,650000	0,180456
87,660000	0,182368
87,670000	0,188104
87,680000	0,183643
87,690000	0,190654
87,700000	0,197665
87,710000	0,180456
87,720000	0,188104
87,730000	0,182368
87,740000	0,175357
87,750000	0,178544
87,760000	0,186192
87,770000	0,178544
87,780000	0,183643
87,790000	0,184280
87,800000	0,188741
87,810000	0,174719
87,820000	0,172807
87,830000	0,194478
87,840000	0,194478
87,850000	0,171533
87,860000	0,174719
87,870000	0,192566
87,880000	0,205313
87,890000	0,162609
87,900000	0,193203
87,910000	0,178544
87,920000	0,188104
87,930000	0,188104
87,940000	0,198939
87,950000	0,178544
87,960000	0,181730
87,970000	0,225071
87,980000	0,172807
87,990000	0,188104
88,000000	0,204676
88,010000	0,180456
88,020000	0,194478
88,030000	0,151774
88,040000	0,186829
88,050000	0,149862
88,060000	0,193840
88,070000	0,183005
88,080000	0,149225
88,090000	0,116082
88,100000	0,183643
88,110000	0,227621
88,120000	0,195115
88,130000	0,184280
88,140000	0,191291
88,150000	0,189379
88,160000	0,184917
88,170000	0,103334
88,180000	0,190016
88,190000	0,188741
88,200000	0,090587
88,210000	0,185555
88,220000	0,184917
88,230000	0,223797
88,240000	0,181093
88,250000	0,186192
88,260000	0,228258
88,270000	0,181093
88,280000	0,183005
88,290000	0,182368
88,300000	0,183005
88,310000	0,188104
88,320000	0,175994
88,330000	0,191291
88,340000	0,180456
88,350000	0,180456
88,360000	0,183005
88,370000	0,181730
88,380000	0,183005
88,390000	0,179181
88,400000	0,179818
88,410000	0,185555
88,420000	0,182368
88,430000	0,175357
88,440000	0,186829
88,450000	0,182368
88,460000	0,178544
88,470000	0,173445
88,480000	0,188741
88,490000	0,198939
88,500000	0,176631
88,510000	0,171533
88,520000	0,189379
88,530000	0,179181
88,540000	0,175357
88,550000	0,177269
88,560000	0,176631
88,570000	0,179818
88,580000	0,177906
88,590000	0,177906
88,600000	0,175994
88,610000	0,181730
88,620000	0,191291
88,630000	0,201489
88,640000	0,184917
88,650000	0,195752
88,660000	0,199577
88,670000	0,183005
88,680000	0,172170
88,690000	0,163247
88,700000	0,186192
88,710000	0,184280
88,720000	0,172170
88,730000	0,158148
88,740000	0,177269
88,750000	0,173445
88,760000	0,166434
88,770000	0,202126
88,780000	0,179181
88,790000	0,177906
88,800000	0,163247
88,810000	0,181093
88,820000	0,147313
88,830000	0,187467
88,840000	0,185555
88,850000	0,154324
88,860000	0,178544
88,870000	0,184280
88,880000	0,195752
88,890000	0,189379
88,900000	0,177269
88,910000	0,228258
88,920000	0,181093
88,930000	0,182368
88,940000	0,155598
88,950000	0,179181
88,960000	0,173445
88,970000	0,160697
88,980000	0,180456
88,990000	0,171533
89,000000	0,179181
89,010000	0,184917
89,020000	0,183005
89,030000	0,223797
89,040000	0,174082
89,050000	0,178544
89,060000	0,256940
89,070000	0,180456
89,080000	0,176631
89,090000	0,153686
89,100000	0,181730
89,110000	0,178544
89,120000	0,182368
89,130000	0,181093
89,140000	0,181093
89,150000	0,180456
89,160000	0,182368
89,170000	0,169620
89,180000	0,182368
89,190000	0,175994
89,200000	0,179818
89,210000	0,183005
89,220000	0,188741
89,230000	0,181730
89,240000	0,189379
89,250000	0,182368
89,260000	0,186192
89,270000	0,183005
89,280000	0,181093
89,290000	0,184280
89,300000	0,186192
89,310000	0,172170
89,320000	0,188741
89,330000	0,178544
89,340000	0,187467
89,350000	0,169620
89,360000	0,190654
89,370000	0,182368
89,380000	0,168983
89,390000	0,186829
89,400000	0,184280
89,410000	0,175357
89,420000	0,184280
89,430000	0,182368
89,440000	0,203401
89,450000	0,174082
89,460000	0,184280
89,470000	0,184280
89,480000	0,167708
89,490000	0,175357
89,500000	0,157511
89,510000	0,170895
89,520000	0,175994
89,530000	0,156236
89,540000	0,183643
89,550000	0,183643
89,560000	0,181730
89,570000	0,202763
89,580000	0,184280
89,590000	0,186192
89,600000	0,195115
89,610000	0,188741
89,620000	0,180456
89,630000	0,182368
89,640000	0,183643
89,650000	0,183005
89,660000	0,181093
89,670000	0,188104
89,680000	0,178544
89,690000	0,215511
89,700000	0,179181
89,710000	0,154961
89,720000	0,220610
89,730000	0,180456
89,740000	0,135840
89,750000	0,143488
89,760000	0,179181
89,770000	0,136477
89,780000	0,170895
89,790000	0,186829
89,800000	0,138390
89,810000	0,212961
89,820000	0,174719
89,830000	0,131379
89,840000	0,194478
89,850000	0,181093
89,860000	0,146675
89,870000	0,188104
89,880000	0,179818
89,890000	0,096961
89,900000	0,182368
89,910000	0,179181
89,920000	0,095686
89,930000	0,183643
89,940000	0,185555
89,950000	0,170258
89,960000	0,184280
89,970000	0,183005
89,980000	0,203401
89,990000	0,181093
90,000000	0,181093
90,010000	0,216148
90,020000	0,179818
90,030000	0,183643
90,040000	0,190016
90,050000	0,175994
90,060000	0,183643
90,070000	0,177906
90,080000	0,178544
90,090000	0,184917
90,100000	0,184280
90,110000	0,173445
90,120000	0,175357
90,130000	0,175357
90,140000	0,174082
90,150000	0,188104
90,160000	0,172170
90,170000	0,183643
90,180000	0,180456
90,190000	0,172807
90,200000	0,181093
90,210000	0,183005
90,220000	0,178544
90,230000	0,183005
90,240000	0,175994
90,250000	0,185555
90,260000	0,174719
90,270000	0,176631
90,280000	0,178544
90,290000	0,175994
90,300000	0,177269
90,310000	0,183643
90,320000	0,186829
90,330000	0,183643
90,340000	0,174082
90,350000	0,193203
90,360000	0,182368
90,370000	0,178544
90,380000	0,183643
90,390000	0,206588
90,400000	0,165796
90,410000	0,166434
90,420000	0,182368
90,430000	0,175994
90,440000	0,158785
90,450000	0,167708
90,460000	0,168346
90,470000	0,164522
90,480000	0,168983
90,490000	0,156236
90,500000	0,189379
90,510000	0,176631
90,520000	0,172807
90,530000	0,163884
90,540000	0,179818
90,550000	0,197665
90,560000	0,139664
90,570000	0,187467
90,580000	0,198302
90,590000	0,201489
90,600000	0,177906
90,610000	0,221247
90,620000	0,204038
90,630000	0,174719
90,640000	0,219335
90,650000	0,147950
90,660000	0,173445
90,670000	0,216786
90,680000	0,212961
90,690000	0,171533
90,700000	0,195115
90,710000	0,243555
90,720000	0,181093
90,730000	0,215511
90,740000	0,162609
90,750000	0,178544
90,760000	0,228896
90,770000	0,170258
90,780000	0,177269
90,790000	0,205950
90,800000	0,172170
90,810000	0,168983
90,820000	0,137115
90,830000	0,178544
90,840000	0,176631
90,850000	0,135203
90,860000	0,163247
90,870000	0,185555
90,880000	0,170258
90,890000	0,170895
90,900000	0,172807
90,910000	0,174719
90,920000	0,181730
90,930000	0,165796
90,940000	0,179181
90,950000	0,175357
90,960000	0,179818
90,970000	0,183005
90,980000	0,176631
90,990000	0,187467
91,000000	0,184280
91,010000	0,195752
91,020000	0,175357
91,030000	0,197027
91,040000	0,168346
91,050000	0,193840
91,060000	0,168346
91,070000	0,171533
91,080000	0,175357
91,090000	0,161972
91,100000	0,172807
91,110000	0,163247
91,120000	0,177906
91,130000	0,163247
91,140000	0,189379
91,150000	0,168983
91,160000	0,166434
91,170000	0,169620
91,180000	0,170895
91,190000	0,164522
91,200000	0,186829
91,210000	0,153049
91,220000	0,171533
91,230000	0,174082
91,240000	0,171533
91,250000	0,181730
91,260000	0,175994
91,270000	0,178544
91,280000	0,196390
91,290000	0,174719
91,300000	0,184280
91,310000	0,188741
91,320000	0,176631
91,330000	0,175994
91,340000	0,175357
91,350000	0,174719
91,360000	0,170895
91,370000	0,180456
91,380000	0,169620
91,390000	0,175994
91,400000	0,206588
91,410000	0,171533
91,420000	0,172170
91,430000	0,156873
91,440000	0,177906
91,450000	0,156236
91,460000	0,147950
91,470000	0,172807
91,480000	0,148587
91,490000	0,195752
91,500000	0,177906
91,510000	0,138390
91,520000	0,191291
91,530000	0,173445
91,540000	0,137752
91,550000	0,154961
91,560000	0,179818
91,570000	0,151137
91,580000	0,160697
91,590000	0,175357
91,600000	0,121818
91,610000	0,178544
91,620000	0,180456
91,630000	0,192566
91,640000	0,179818
91,650000	0,181093
91,660000	0,200214
91,670000	0,175994
91,680000	0,180456
91,690000	0,192566
91,700000	0,174082
91,710000	0,179818
91,720000	0,177269
91,730000	0,180456
91,740000	0,175994
91,750000	0,174719
91,760000	0,178544
91,770000	0,178544
91,780000	0,176631
91,790000	0,173445
91,800000	0,177906
91,810000	0,181093
91,820000	0,175357
91,830000	0,177269
91,840000	0,181093
91,850000	0,176631
91,860000	0,177906
91,870000	0,178544
91,880000	0,178544
91,890000	0,178544
91,900000	0,178544
91,910000	0,174082
91,920000	0,181730
91,930000	0,174719
91,940000	0,178544
91,950000	0,177269
91,960000	0,186192
91,970000	0,177269
91,980000	0,182368
91,990000	0,176631
92,000000	0,179181
92,010000	0,172807
92,020000	0,181730
92,030000	0,170895
92,040000	0,176631
92,050000	0,175357
92,060000	0,177269
92,070000	0,175357
92,080000	0,177906
92,090000	0,175994
92,100000	0,178544
92,110000	0,173445
92,120000	0,176631
92,130000	0,175357
92,140000	0,175994
92,150000	0,175994
92,160000	0,179181
92,170000	0,174082
92,180000	0,174082
92,190000	0,177269
92,200000	0,177269
92,210000	0,175357
92,220000	0,176631
92,230000	0,175994
92,240000	0,176631
92,250000	0,172807
92,260000	0,174719
92,270000	0,174082
92,280000	0,174082
92,290000	0,174082
92,300000	0,173445
92,310000	0,176631
92,320000	0,177269
92,330000	0,174719
92,340000	0,174082
92,350000	0,175357
92,360000	0,175994
92,370000	0,174719
92,380000	0,173445
92,390000	0,172170
92,400000	0,175357
92,410000	0,175357
92,420000	0,176631
92,430000	0,174719
92,440000	0,171533
92,450000	0,173445
92,460000	0,178544
92,470000	0,175994
92,480000	0,174082
92,490000	0,178544
92,500000	0,173445
92,510000	0,175357
92,520000	0,177906
92,530000	0,174082
92,540000	0,175357
92,550000	0,175357
92,560000	0,172170
92,570000	0,173445
92,580000	0,180456
92,590000	0,174719
92,600000	0,175994
92,610000	0,171533
92,620000	0,174082
92,630000	0,172170
92,640000	0,177269
92,650000	0,173445
92,660000	0,178544
92,670000	0,174082
92,680000	0,171533
92,690000	0,175357
92,700000	0,173445
92,710000	0,172170
92,720000	0,173445
92,730000	0,175357
92,740000	0,176631
92,750000	0,172807
92,760000	0,175994
92,770000	0,170895
92,780000	0,173445
92,790000	0,172807
92,800000	0,173445
92,810000	0,167071
92,820000	0,171533
92,830000	0,170895
92,840000	0,172807
92,850000	0,171533
92,860000	0,168983
92,870000	0,170258
92,880000	0,167708
92,890000	0,170895
92,900000	0,173445
92,910000	0,172807
92,920000	0,172170
92,930000	0,173445
92,940000	0,170895
92,950000	0,168983
92,960000	0,172807
92,970000	0,168983
92,980000	0,170258
92,990000	0,171533
93,000000	0,171533
93,010000	0,172170
93,020000	0,170895
93,030000	0,171533
93,040000	0,172807
93,050000	0,172170
93,060000	0,168983
93,070000	0,170258
93,080000	0,170258
93,090000	0,172807
93,100000	0,175357
93,110000	0,171533
93,120000	0,172170
93,130000	0,172807
93,140000	0,170258
93,150000	0,170258
93,160000	0,169620
93,170000	0,172807
93,180000	0,172170
93,190000	0,174082
93,200000	0,172807
93,210000	0,170895
93,220000	0,173445
93,230000	0,172807
93,240000	0,170895
93,250000	0,174082
93,260000	0,171533
93,270000	0,174082
93,280000	0,168983
93,290000	0,171533
93,300000	0,167071
93,310000	0,173445
93,320000	0,171533
93,330000	0,172807
93,340000	0,167708
93,350000	0,172170
93,360000	0,173445
93,370000	0,171533
93,380000	0,169620
93,390000	0,171533
93,400000	0,173445
93,410000	0,172807
93,420000	0,172807
93,430000	0,169620
93,440000	0,170895
93,450000	0,172170
93,460000	0,173445
93,470000	0,172807
93,480000	0,171533
93,490000	0,172807
93,500000	0,175357
93,510000	0,172807
93,520000	0,175357
93,530000	0,169620
93,540000	0,168346
93,550000	0,170895
93,560000	0,172807
93,570000	0,170258
93,580000	0,184917
93,590000	0,170258
93,600000	0,174082
93,610000	0,172170
93,620000	0,177906
93,630000	0,168346
93,640000	0,172807
93,650000	0,170258
93,660000	0,172170
93,670000	0,174719
93,680000	0,173445
93,690000	0,175357
93,700000	0,172170
93,710000	0,173445
93,720000	0,175994
93,730000	0,174082
93,740000	0,172170
93,750000	0,170895
93,760000	0,172170
93,770000	0,174082
93,780000	0,169620
93,790000	0,170895
93,800000	0,176631
93,810000	0,170895
93,820000	0,175357
93,830000	0,171533
93,840000	0,175357
93,850000	0,171533
93,860000	0,172170
93,870000	0,170895
93,880000	0,173445
93,890000	0,168346
93,900000	0,172170
93,910000	0,172807
93,920000	0,175357
93,930000	0,175994
93,940000	0,175357
93,950000	0,170258
93,960000	0,172807
93,970000	0,170895
93,980000	0,172170
93,990000	0,173445
94,000000	0,174719
94,010000	0,169620
94,020000	0,173445
94,030000	0,172170
94,040000	0,174082
94,050000	0,172170
94,060000	0,173445
94,070000	0,172170
94,080000	0,172807
94,090000	0,170895
94,100000	0,172807
94,110000	0,170895
94,120000	0,175994
94,130000	0,172807
94,140000	0,170895
94,150000	0,174082
94,160000	0,172807
94,170000	0,172807
94,180000	0,167708
94,190000	0,175994
94,200000	0,172807
94,210000	0,174082
94,220000	0,172807
94,230000	0,173445
94,240000	0,171533
94,250000	0,172170
94,260000	0,172807
94,270000	0,175357
94,280000	0,173445
94,290000	0,175994
94,300000	0,170895
94,310000	0,175357
94,320000	0,170258
94,330000	0,175994
94,340000	0,170895
94,350000	0,173445
94,360000	0,172807
94,370000	0,172170
94,380000	0,172170
94,390000	0,169620
94,400000	0,171533
94,410000	0,168983
94,420000	0,173445
94,430000	0,170258
94,440000	0,170895
94,450000	0,173445
94,460000	0,172807
94,470000	0,171533
94,480000	0,171533
94,490000	0,165796
94,500000	0,170258
94,510000	0,167071
94,520000	0,169620
94,530000	0,174719
94,540000	0,168346
94,550000	0,170895
94,560000	0,170895
94,570000	0,172170
94,580000	0,169620
94,590000	0,172170
94,600000	0,170258
94,610000	0,170895
94,620000	0,164522
94,630000	0,173445
94,640000	0,170895
94,650000	0,169620
94,660000	0,167708
94,670000	0,168983
94,680000	0,168983
94,690000	0,168983
94,700000	0,166434
94,710000	0,170258
94,720000	0,165796
94,730000	0,170258
94,740000	0,168983
94,750000	0,167708
94,760000	0,171533
94,770000	0,169620
94,780000	0,168346
94,790000	0,168346
94,800000	0,170258
94,810000	0,168983
94,820000	0,168346
94,830000	0,170258
94,840000	0,168983
94,850000	0,168346
94,860000	0,168983
94,870000	0,168346
94,880000	0,173445
94,890000	0,167071
94,900000	0,168983
94,910000	0,168346
94,920000	0,170895
94,930000	0,168983
94,940000	0,173445
94,950000	0,167071
94,960000	0,174082
94,970000	0,167071
94,980000	0,170895
94,990000	0,165159
95,000000	0,171533
95,010000	0,166434
95,020000	0,173445
95,030000	0,167071
95,040000	0,170895
95,050000	0,168346
95,060000	0,170258
95,070000	0,165796
95,080000	0,168983
95,090000	0,167071
95,100000	0,170895
95,110000	0,166434
95,120000	0,168346
95,130000	0,168346
95,140000	0,169620
95,150000	0,165159
95,160000	0,170258
95,170000	0,163884
95,180000	0,170895
95,190000	0,165159
95,200000	0,169620
95,210000	0,167071
95,220000	0,169620
95,230000	0,168346
95,240000	0,168346
95,250000	0,165796
95,260000	0,167071
95,270000	0,168346
95,280000	0,167708
95,290000	0,168346
95,300000	0,167071
95,310000	0,167708
95,320000	0,169620
95,330000	0,166434
95,340000	0,172170
95,350000	0,165159
95,360000	0,169620
95,370000	0,166434
95,380000	0,172170
95,390000	0,164522
95,400000	0,173445
95,410000	0,164522
95,420000	0,170895
95,430000	0,167071
95,440000	0,170258
95,450000	0,165796
95,460000	0,168346
95,470000	0,167708
95,480000	0,171533
95,490000	0,168346
95,500000	0,168983
95,510000	0,169620
95,520000	0,168346
95,530000	0,168346
95,540000	0,168346
95,550000	0,167708
95,560000	0,168983
95,570000	0,163247
95,580000	0,170258
95,590000	0,168346
95,600000	0,170895
95,610000	0,167071
95,620000	0,170895
95,630000	0,168983
95,640000	0,170258
95,650000	0,167071
95,660000	0,167708
95,670000	0,167071
95,680000	0,168983
95,690000	0,170895
95,700000	0,168346
95,710000	0,168346
95,720000	0,167708
95,730000	0,168346
95,740000	0,169620
95,750000	0,170258
95,760000	0,169620
95,770000	0,169620
95,780000	0,167708
95,790000	0,167071
95,800000	0,168983
95,810000	0,170258
95,820000	0,168983
95,830000	0,164522
95,840000	0,168346
95,850000	0,167708
95,860000	0,170258
95,870000	0,168346
95,880000	0,168346
95,890000	0,167071
95,900000	0,170895
95,910000	0,168346
95,920000	0,177269
95,930000	0,168346
95,940000	0,172807
95,950000	0,168346
95,960000	0,170895
95,970000	0,167708
95,980000	0,169620
95,990000	0,169620
96,000000	0,167708
96,010000	0,168346
96,020000	0,170258
96,030000	0,168346
96,040000	0,170895
96,050000	0,170258
96,060000	0,173445
96,070000	0,168346
96,080000	0,170895
96,090000	0,168983
96,100000	0,171533
96,110000	0,168983
96,120000	0,170258
96,130000	0,168346
96,140000	0,170258
96,150000	0,168983
96,160000	0,168983
96,170000	0,167708
96,180000	0,169620
96,190000	0,167708
96,200000	0,167071
96,210000	0,167708
96,220000	0,167708
96,230000	0,167708
96,240000	0,166434
96,250000	0,167708
96,260000	0,167708
96,270000	0,170895
96,280000	0,167071
96,290000	0,165159
96,300000	0,167708
96,310000	0,167708
96,320000	0,167071
96,330000	0,167071
96,340000	0,164522
96,350000	0,168983
96,360000	0,167071
96,370000	0,166434
96,380000	0,164522
96,390000	0,164522
96,400000	0,168346
96,410000	0,165796
96,420000	0,169620
96,430000	0,165796
96,440000	0,168983
96,450000	0,165796
96,460000	0,168346
96,470000	0,168346
96,480000	0,168346
96,490000	0,166434
96,500000	0,165159
96,510000	0,167071
96,520000	0,163247
96,530000	0,165159
96,540000	0,168983
96,550000	0,166434
96,560000	0,167708
96,570000	0,170258
96,580000	0,164522
96,590000	0,168983
96,600000	0,167071
96,610000	0,163884
96,620000	0,166434
96,630000	0,168346
96,640000	0,163247
96,650000	0,167708
96,660000	0,165159
96,670000	0,165159
96,680000	0,165159
96,690000	0,167071
96,700000	0,166434
96,710000	0,166434
96,720000	0,166434
96,730000	0,165796
96,740000	0,167071
96,750000	0,164522
96,760000	0,161972
96,770000	0,162609
96,780000	0,166434
96,790000	0,167708
96,800000	0,165159
96,810000	0,164522
96,820000	0,165796
96,830000	0,163247
96,840000	0,165796
96,850000	0,164522
96,860000	0,168346
96,870000	0,164522
96,880000	0,165159
96,890000	0,163247
96,900000	0,165159
96,910000	0,164522
96,920000	0,179181
96,930000	0,163884
96,940000	0,166434
96,950000	0,165159
96,960000	0,166434
96,970000	0,163884
96,980000	0,167708
96,990000	0,163247
97,000000	0,164522
97,010000	0,163247
97,020000	0,167071
97,030000	0,162609
97,040000	0,166434
97,050000	0,163884
97,060000	0,167071
97,070000	0,165159
97,080000	0,166434
97,090000	0,163247
97,100000	0,167071
97,110000	0,165796
97,120000	0,167071
97,130000	0,162609
97,140000	0,165796
97,150000	0,161972
97,160000	0,165159
97,170000	0,163884
97,180000	0,165159
97,190000	0,161972
97,200000	0,167071
97,210000	0,163884
97,220000	0,164522
97,230000	0,163884
97,240000	0,164522
97,250000	0,164522
97,260000	0,167071
97,270000	0,163247
97,280000	0,165796
97,290000	0,161335
97,300000	0,163247
97,310000	0,161335
97,320000	0,167071
97,330000	0,165159
97,340000	0,165796
97,350000	0,170895
97,360000	0,163884
97,370000	0,165159
97,380000	0,163247
97,390000	0,163247
97,400000	0,167071
97,410000	0,161972
97,420000	0,163247
97,430000	0,165796
97,440000	0,163247
97,450000	0,164522
97,460000	0,163247
97,470000	0,163247
97,480000	0,161972
97,490000	0,161972
97,500000	0,165796
97,510000	0,164522
97,520000	0,163247
97,530000	0,162609
97,540000	0,165796
97,550000	0,163247
97,560000	0,161972
97,570000	0,162609
97,580000	0,165159
97,590000	0,163884
97,600000	0,163884
97,610000	0,165159
97,620000	0,165159
97,630000	0,161972
97,640000	0,166434
97,650000	0,163247
97,660000	0,165159
97,670000	0,163247
97,680000	0,165796
97,690000	0,161972
97,700000	0,165159
97,710000	0,163884
97,720000	0,167071
97,730000	0,167071
97,740000	0,166434
97,750000	0,163884
97,760000	0,167708
97,770000	0,162609
97,780000	0,163884
97,790000	0,162609
97,800000	0,167071
97,810000	0,162609
97,820000	0,165796
97,830000	0,165159
97,840000	0,165159
97,850000	0,167071
97,860000	0,163884
97,870000	0,165796
97,880000	0,170258
97,890000	0,167708
97,900000	0,166434
97,910000	0,165159
97,920000	0,167071
97,930000	0,163247
97,940000	0,165796
97,950000	0,164522
97,960000	0,162609
97,970000	0,163247
97,980000	0,167071
97,990000	0,160697
98,000000	0,163884
98,010000	0,161972
98,020000	0,167071
98,030000	0,163247
98,040000	0,162609
98,050000	0,163884
98,060000	0,167071
98,070000	0,163884
98,080000	0,165159
98,090000	0,163884
98,100000	0,163247
98,110000	0,162609
98,120000	0,165159
98,130000	0,160697
98,140000	0,163247
98,150000	0,163884
98,160000	0,161972
98,170000	0,165159
98,180000	0,163884
98,190000	0,165159
98,200000	0,166434
98,210000	0,164522
98,220000	0,161335
98,230000	0,163247
98,240000	0,162609
98,250000	0,163884
98,260000	0,165796
98,270000	0,163247
98,280000	0,165159
98,290000	0,163884
98,300000	0,163884
98,310000	0,165796
98,320000	0,163247
98,330000	0,160697
98,340000	0,162609
98,350000	0,160697
98,360000	0,161972
98,370000	0,166434
98,380000	0,165159
98,390000	0,163884
98,400000	0,163884
98,410000	0,167071
98,420000	0,160697
98,430000	0,164522
98,440000	0,165796
98,450000	0,163884
98,460000	0,163247
98,470000	0,160697
98,480000	0,160697
98,490000	0,161972
98,500000	0,163884
98,510000	0,163247
98,520000	0,165796
98,530000	0,162609
98,540000	0,163247
98,550000	0,162609
98,560000	0,163247
98,570000	0,162609
98,580000	0,161972
98,590000	0,162609
98,600000	0,163247
98,610000	0,166434
98,620000	0,165159
98,630000	0,163884
98,640000	0,161335
98,650000	0,163884
98,660000	0,164522
98,670000	0,163884
98,680000	0,161335
98,690000	0,165796
98,700000	0,162609
98,710000	0,163884
98,720000	0,161972
98,730000	0,163884
98,740000	0,162609
98,750000	0,165796
98,760000	0,162609
98,770000	0,161972
98,780000	0,159423
98,790000	0,163247
98,800000	0,163884
98,810000	0,159423
98,820000	0,161972
98,830000	0,158148
98,840000	0,163247
98,850000	0,156236
98,860000	0,160697
98,870000	0,158148
98,880000	0,161972
98,890000	0,159423
98,900000	0,160697
98,910000	0,159423
98,920000	0,165796
98,930000	0,158785
98,940000	0,158148
98,950000	0,161972
98,960000	0,158148
98,970000	0,159423
98,980000	0,160697
98,990000	0,162609
99,000000	0,161972
99,010000	0,163884
99,020000	0,158148
99,030000	0,161972
99,040000	0,157511
99,050000	0,160697
99,060000	0,159423
99,070000	0,165796
99,080000	0,156873
99,090000	0,161972
99,100000	0,157511
99,110000	0,158785
99,120000	0,155598
99,130000	0,162609
99,140000	0,158785
99,150000	0,161972
99,160000	0,160060
99,170000	0,158785
99,180000	0,155598
99,190000	0,164522
99,200000	0,158785
99,210000	0,158785
99,220000	0,160697
99,230000	0,163884
99,240000	0,161335
99,250000	0,162609
99,260000	0,163884
99,270000	0,158785
99,280000	0,159423
99,290000	0,161335
99,300000	0,158148
99,310000	0,164522
99,320000	0,161335
99,330000	0,161972
99,340000	0,163884
99,350000	0,162609
99,360000	0,161972
99,370000	0,163884
99,380000	0,158785
99,390000	0,163247
99,400000	0,162609
99,410000	0,158785
99,420000	0,164522
99,430000	0,158785
99,440000	0,163247
99,450000	0,160060
99,460000	0,163884
99,470000	0,160697
99,480000	0,159423
99,490000	0,160697
99,500000	0,162609
99,510000	0,156873
99,520000	0,161972
99,530000	0,161972
99,540000	0,161335
99,550000	0,158148
99,560000	0,162609
99,570000	0,158148
99,580000	0,160060
99,590000	0,156873
99,600000	0,158148
99,610000	0,160697
99,620000	0,160697
99,630000	0,159423
99,640000	0,160060
99,650000	0,154324
99,660000	0,160697
99,670000	0,160697
99,680000	0,163247
99,690000	0,157511
99,700000	0,163247
99,710000	0,158148
99,720000	0,160697
99,730000	0,158785
99,740000	0,160697
99,750000	0,160060
99,760000	0,165796
99,770000	0,156236
99,780000	0,160697
99,790000	0,162609
99,800000	0,160697
99,810000	0,160697
99,820000	0,161972
99,830000	0,156873
99,840000	0,167708
99,850000	0,158785
99,860000	0,163884
99,870000	0,160697
99,880000	0,167708
99,890000	0,162609
99,900000	0,163884
99,910000	0,158785
99,920000	0,160697
99,930000	0,160060
99,940000	0,163247
99,950000	0,160060
99,960000	0,163247
99,970000	0,165796
99,980000	0,158785
99,990000	0,161972
100,000000	0,160697
100,010000	0,160060
100,020000	0,161972
100,030000	0,161972
100,040000	0,161972
100,050000	0,165796
100,060000	0,158785
100,070000	0,165796
100,080000	0,161335
100,090000	0,161972
100,100000	0,158148
100,110000	0,161972
100,120000	0,162609
100,130000	0,160697
100,140000	0,165159
100,150000	0,157511
100,160000	0,160697
100,170000	0,160060
100,180000	0,161972
100,190000	0,158148
100,200000	0,163884
100,210000	0,154961
100,220000	0,159423
100,230000	0,156236
100,240000	0,160697
100,250000	0,155598
100,260000	0,158148
100,270000	0,158148
100,280000	0,158148
100,290000	0,156873
100,300000	0,161972
100,310000	0,161972
100,320000	0,158148
100,330000	0,153049
100,340000	0,165159
100,350000	0,157511
100,360000	0,161335
100,370000	0,160697
100,380000	0,160060
100,390000	0,153686
100,400000	0,158148
100,410000	0,158148
100,420000	0,158148
100,430000	0,156236
100,440000	0,160697
100,450000	0,159423
100,460000	0,161335
100,470000	0,154324
100,480000	0,158148
100,490000	0,160697
100,500000	0,156873
100,510000	0,163247
100,520000	0,158148
100,530000	0,158785
100,540000	0,158785
100,550000	0,159423
100,560000	0,157511
100,570000	0,162609
100,580000	0,160697
100,590000	0,158148
100,600000	0,159423
100,610000	0,161335
100,620000	0,157511
100,630000	0,158785
100,640000	0,154961
100,650000	0,158785
100,660000	0,156236
100,670000	0,156236
100,680000	0,158148
100,690000	0,154324
100,700000	0,155598
100,710000	0,155598
100,720000	0,162609
100,730000	0,161972
100,740000	0,159423
100,750000	0,156873
100,760000	0,153686
100,770000	0,155598
100,780000	0,158785
100,790000	0,158785
100,800000	0,154961
100,810000	0,160697
100,820000	0,156236
100,830000	0,160060
100,840000	0,154961
100,850000	0,158785
100,860000	0,156236
100,870000	0,161335
100,880000	0,160697
100,890000	0,155598
100,900000	0,157511
100,910000	0,163884
100,920000	0,158148
100,930000	0,160697
100,940000	0,157511
100,950000	0,160060
100,960000	0,159423
100,970000	0,158785
100,980000	0,158785
100,990000	0,157511
101,000000	0,165159
101,010000	0,160060
101,020000	0,162609
101,030000	0,158785
101,040000	0,157511
101,050000	0,156873
101,060000	0,158785
101,070000	0,154324
101,080000	0,156873
101,090000	0,156236
101,100000	0,156873
101,110000	0,158148
101,120000	0,153686
101,130000	0,157511
101,140000	0,154324
101,150000	0,156236
101,160000	0,160060
101,170000	0,155598
101,180000	0,155598
101,190000	0,159423
101,200000	0,154961
101,210000	0,157511
101,220000	0,158785
101,230000	0,159423
101,240000	0,157511
101,250000	0,153049
101,260000	0,157511
101,270000	0,156873
101,280000	0,160697
101,290000	0,160697
101,300000	0,151774
101,310000	0,161972
101,320000	0,160060
101,330000	0,162609
101,340000	0,156873
101,350000	0,157511
101,360000	0,154961
101,370000	0,160697
101,380000	0,157511
101,390000	0,155598
101,400000	0,159423
101,410000	0,151774
101,420000	0,154324
101,430000	0,154961
101,440000	0,154961
101,450000	0,151137
101,460000	0,156873
101,470000	0,150499
101,480000	0,159423
101,490000	0,160060
101,500000	0,158148
101,510000	0,158148
101,520000	0,160697
101,530000	0,158148
101,540000	0,158148
101,550000	0,158148
101,560000	0,165796
101,570000	0,165159
101,580000	0,162609
101,590000	0,160697
101,600000	0,154961
101,610000	0,158148
101,620000	0,156873
101,630000	0,160697
101,640000	0,158148
101,650000	0,160697
101,660000	0,159423
101,670000	0,157511
101,680000	0,156873
101,690000	0,158785
101,700000	0,154961
101,710000	0,149225
101,720000	0,158785
101,730000	0,163247
101,740000	0,161972
101,750000	0,160697
101,760000	0,142851
101,770000	0,150499
101,780000	0,160697
101,790000	0,141576
101,800000	0,154961
101,810000	0,156236
101,820000	0,175357
101,830000	0,156873
101,840000	0,127554
101,850000	0,147950
101,860000	0,160060
101,870000	0,161335
101,880000	0,158785
101,890000	0,149225
101,900000	0,190016
101,910000	0,161335
101,920000	0,158785
101,930000	0,112258
101,940000	0,154324
101,950000	0,163884
101,960000	0,174082
101,970000	0,162609
101,980000	0,177269
101,990000	0,163247
102,000000	0,149862
102,010000	0,136477
102,020000	0,156236
102,030000	0,155598
102,040000	0,163884
102,050000	0,157511
102,060000	0,157511
102,070000	0,156236
102,080000	0,159423
102,090000	0,154961
102,100000	0,155598
102,110000	0,162609
102,120000	0,160060
102,130000	0,149225
102,140000	0,154324
102,150000	0,154324
102,160000	0,154324
102,170000	0,154324
102,180000	0,158148
102,190000	0,156873
102,200000	0,151137
102,210000	0,153049
102,220000	0,157511
102,230000	0,164522
102,240000	0,156236
102,250000	0,147950
102,260000	0,159423
102,270000	0,154961
102,280000	0,154961
102,290000	0,159423
102,300000	0,150499
102,310000	0,161972
102,320000	0,153049
102,330000	0,154961
102,340000	0,166434
102,350000	0,165796
102,360000	0,154961
102,370000	0,163247
102,380000	0,165796
102,390000	0,158148
102,400000	0,154324
102,410000	0,165796
102,420000	0,165159
102,430000	0,146675
102,440000	0,141576
102,450000	0,147950
102,460000	0,137752
102,470000	0,158148
102,480000	0,153049
102,490000	0,147950
102,500000	0,153686
102,510000	0,159423
102,520000	0,161972
102,530000	0,152412
102,540000	0,169620
102,550000	0,166434
102,560000	0,151774
102,570000	0,155598
102,580000	0,156873
102,590000	0,161972
102,600000	0,124367
102,610000	0,158148
102,620000	0,165159
102,630000	0,165796
102,640000	0,154961
102,650000	0,146038
102,660000	0,187467
102,670000	0,158148
102,680000	0,193203
102,690000	0,165796
102,700000	0,158785
102,710000	0,140939
102,720000	0,153049
102,730000	0,154324
102,740000	0,137752
102,750000	0,157511
102,760000	0,153049
102,770000	0,152412
102,780000	0,159423
102,790000	0,182368
102,800000	0,151774
102,810000	0,160697
102,820000	0,196390
102,830000	0,157511
102,840000	0,160060
102,850000	0,126917
102,860000	0,157511
102,870000	0,142851
102,880000	0,155598
102,890000	0,157511
102,900000	0,117994
102,910000	0,157511
102,920000	0,155598
102,930000	0,160697
102,940000	0,148587
102,950000	0,158148
102,960000	0,159423
102,970000	0,147950
102,980000	0,153686
102,990000	0,156236
103,000000	0,153686
103,010000	0,162609
103,020000	0,154324
103,030000	0,151774
103,040000	0,153049
103,050000	0,154961
103,060000	0,153049
103,070000	0,149225
103,080000	0,150499
103,090000	0,144763
103,100000	0,150499
103,110000	0,155598
103,120000	0,144126
103,130000	0,144763
103,140000	0,157511
103,150000	0,160697
103,160000	0,158785
103,170000	0,153686
103,180000	0,162609
103,190000	0,163884
103,200000	0,155598
103,210000	0,157511
103,220000	0,154961
103,230000	0,151774
103,240000	0,155598
103,250000	0,165159
103,260000	0,161972
103,270000	0,148587
103,280000	0,135203
103,290000	0,170258
103,300000	0,162609
103,310000	0,162609
103,320000	0,160060
103,330000	0,148587
103,340000	0,159423
103,350000	0,169620
103,360000	0,158148
103,370000	0,154961
103,380000	0,142214
103,390000	0,157511
103,400000	0,142214
103,410000	0,158148
103,420000	0,149862
103,430000	0,150499
103,440000	0,154961
103,450000	0,168346
103,460000	0,181093
103,470000	0,157511
103,480000	0,184917
103,490000	0,146038
103,500000	0,155598
103,510000	0,142851
103,520000	0,152412
103,530000	0,155598
103,540000	0,116082
103,550000	0,152412
103,560000	0,121181
103,570000	0,170258
103,580000	0,153686
103,590000	0,123093
103,600000	0,156236
103,610000	0,153686
103,620000	0,172807
103,630000	0,155598
103,640000	0,170258
103,650000	0,168983
103,660000	0,154324
103,670000	0,112258
103,680000	0,154961
103,690000	0,151137
103,700000	0,077840
103,710000	0,158148
103,720000	0,151774
103,730000	0,153049
103,740000	0,151774
103,750000	0,175994
103,760000	0,152412
103,770000	0,154324
103,780000	0,183005
103,790000	0,155598
103,800000	0,153049
103,810000	0,156236
103,820000	0,150499
103,830000	0,154324
103,840000	0,153049
103,850000	0,155598
103,860000	0,146675
103,870000	0,154324
103,880000	0,153686
103,890000	0,146038
103,900000	0,153049
103,910000	0,147950
103,920000	0,153686
103,930000	0,152412
103,940000	0,162609
103,950000	0,154961
103,960000	0,155598
103,970000	0,164522
103,980000	0,165796
103,990000	0,152412
104,000000	0,157511
104,010000	0,153049
104,020000	0,153686
104,030000	0,144763
104,040000	0,146038
104,050000	0,139664
104,060000	0,149225
104,070000	0,146038
104,080000	0,164522
104,090000	0,149862
104,100000	0,161972
104,110000	0,152412
104,120000	0,166434
104,130000	0,172807
104,140000	0,163247
104,150000	0,155598
104,160000	0,150499
104,170000	0,162609
104,180000	0,150499
104,190000	0,153049
104,200000	0,137752
104,210000	0,146675
104,220000	0,163884
104,230000	0,156236
104,240000	0,156236
104,250000	0,160060
104,260000	0,161335
104,270000	0,153686
104,280000	0,156236
104,290000	0,153049
104,300000	0,156236
104,310000	0,130741
104,320000	0,153049
104,330000	0,175357
104,340000	0,141576
104,350000	0,157511
104,360000	0,123730
104,370000	0,170895
104,380000	0,156236
104,390000	0,150499
104,400000	0,158785
104,410000	0,160697
104,420000	0,128192
104,430000	0,155598
104,440000	0,136477
104,450000	0,145401
104,460000	0,153049
104,470000	0,125642
104,480000	0,144763
104,490000	0,150499
104,500000	0,103334
104,510000	0,156873
104,520000	0,136477
104,530000	0,149225
104,540000	0,150499
104,550000	0,225071
104,560000	0,149862
104,570000	0,154324
104,580000	0,220610
104,590000	0,157511
104,600000	0,153049
104,610000	0,145401
104,620000	0,154961
104,630000	0,144126
104,640000	0,153049
104,650000	0,158785
104,660000	0,133291
104,670000	0,155598
104,680000	0,152412
104,690000	0,146675
104,700000	0,150499
104,710000	0,149225
104,720000	0,146038
104,730000	0,144763
104,740000	0,150499
104,750000	0,163884
104,760000	0,154324
104,770000	0,158785
104,780000	0,153686
104,790000	0,155598
104,800000	0,161335
104,810000	0,154324
104,820000	0,153049
104,830000	0,148587
104,840000	0,147313
104,850000	0,139664
104,860000	0,153049
104,870000	0,147313
104,880000	0,137752
104,890000	0,146675
104,900000	0,155598
104,910000	0,141576
104,920000	0,153049
104,930000	0,151137
104,940000	0,154961
104,950000	0,155598
104,960000	0,165796
104,970000	0,151137
104,980000	0,147950
104,990000	0,153049
105,000000	0,172170
105,010000	0,149225
105,020000	0,124367
105,030000	0,168983
105,040000	0,158785
105,050000	0,158148
105,060000	0,163884
105,070000	0,158148
105,080000	0,146038
105,090000	0,170258
105,100000	0,163884
105,110000	0,163247
105,120000	0,144763
105,130000	0,165159
105,140000	0,156873
105,150000	0,139664
105,160000	0,160697
105,170000	0,142214
105,180000	0,158785
105,190000	0,142851
105,200000	0,183643
105,210000	0,146675
105,220000	0,149862
105,230000	0,171533
105,240000	0,151137
105,250000	0,146675
105,260000	0,165159
105,270000	0,149225
105,280000	0,105884
105,290000	0,130104
105,300000	0,153049
105,310000	0,118631
105,320000	0,150499
105,330000	0,157511
105,340000	0,193840
105,350000	0,143488
105,360000	0,158148
105,370000	0,124367
105,380000	0,144126
105,390000	0,148587
105,400000	0,149862
105,410000	0,149862
105,420000	0,077202
105,430000	0,163884
105,440000	0,150499
105,450000	0,088675
105,460000	0,151774
105,470000	0,149862
105,480000	0,183643
105,490000	0,154324
105,500000	0,174082
105,510000	0,147950
105,520000	0,150499
105,530000	0,165159
105,540000	0,151137
105,550000	0,156873
105,560000	0,154961
105,570000	0,154961
105,580000	0,141576
105,590000	0,143488
105,600000	0,153686
105,610000	0,158785
105,620000	0,150499
105,630000	0,147950
105,640000	0,144763
105,650000	0,153686
105,660000	0,150499
105,670000	0,148587
105,680000	0,151774
105,690000	0,151137
105,700000	0,167708
105,710000	0,150499
105,720000	0,153686
105,730000	0,157511
105,740000	0,150499
105,750000	0,153049
105,760000	0,153049
105,770000	0,141576
105,780000	0,138390
105,790000	0,151137
105,800000	0,144126
105,810000	0,155598
105,820000	0,158785
105,830000	0,149225
105,840000	0,171533
105,850000	0,164522
105,860000	0,147313
105,870000	0,171533
105,880000	0,157511
105,890000	0,153049
105,900000	0,146038
105,910000	0,156236
105,920000	0,137115
105,930000	0,153049
105,940000	0,139664
105,950000	0,139664
105,960000	0,158785
105,970000	0,170895
105,980000	0,144126
105,990000	0,160060
106,000000	0,156873
106,010000	0,148587
106,020000	0,154961
106,030000	0,153686
106,040000	0,146675
106,050000	0,124367
106,060000	0,154961
106,070000	0,178544
106,080000	0,121818
106,090000	0,151774
106,100000	0,123730
106,110000	0,173445
106,120000	0,154961
106,130000	0,186192
106,140000	0,164522
106,150000	0,146675
106,160000	0,189379
106,170000	0,151137
106,180000	0,151774
106,190000	0,116719
106,200000	0,153049
106,210000	0,147950
106,220000	0,097598
106,230000	0,149862
106,240000	0,130741
106,250000	0,127554
106,260000	0,150499
106,270000	0,226983
106,280000	0,147313
106,290000	0,146675
106,300000	0,201489
106,310000	0,150499
106,320000	0,152412
106,330000	0,178544
106,340000	0,154961
106,350000	0,145401
106,360000	0,113532
106,370000	0,154961
106,380000	0,151774
106,390000	0,153686
106,400000	0,147950
106,410000	0,152412
106,420000	0,147950
106,430000	0,145401
106,440000	0,142851
106,450000	0,156873
106,460000	0,153049
106,470000	0,158148
106,480000	0,145401
106,490000	0,143488
106,500000	0,149862
106,510000	0,146675
106,520000	0,142851
106,530000	0,150499
106,540000	0,142851
106,550000	0,142851
106,560000	0,149225
106,570000	0,144126
106,580000	0,149862
106,590000	0,151137
106,600000	0,150499
106,610000	0,153049
106,620000	0,155598
106,630000	0,138390
106,640000	0,150499
106,650000	0,159423
106,660000	0,162609
106,670000	0,169620
106,680000	0,142851
106,690000	0,140302
106,700000	0,130104
106,710000	0,144763
106,720000	0,151774
106,730000	0,130104
106,740000	0,141576
106,750000	0,171533
106,760000	0,148587
106,770000	0,172807
106,780000	0,152412
106,790000	0,153049
106,800000	0,153049
106,810000	0,167071
106,820000	0,153686
106,830000	0,152412
106,840000	0,150499
106,850000	0,142214
106,860000	0,154324
106,870000	0,148587
106,880000	0,151774
106,890000	0,152412
106,900000	0,144126
106,910000	0,186192
106,920000	0,139664
106,930000	0,152412
106,940000	0,172807
106,950000	0,139027
106,960000	0,121818
106,970000	0,116082
106,980000	0,151774
106,990000	0,117994
107,000000	0,178544
107,010000	0,155598
107,020000	0,161972
107,030000	0,162609
107,040000	0,145401
107,050000	0,192566
107,060000	0,144763
107,070000	0,144763
107,080000	0,104609
107,090000	0,151774
107,100000	0,152412
107,110000	0,130741
107,120000	0,149225
107,130000	0,149862
107,140000	0,125642
107,150000	0,149862
107,160000	0,148587
107,170000	0,170258
107,180000	0,145401
107,190000	0,153686
107,200000	0,145401
107,210000	0,144763
107,220000	0,147313
107,230000	0,146038
107,240000	0,145401
107,250000	0,165159
107,260000	0,147313
107,270000	0,142851
107,280000	0,145401
107,290000	0,149862
107,300000	0,143488
107,310000	0,141576
107,320000	0,144763
107,330000	0,151137
107,340000	0,146038
107,350000	0,149225
107,360000	0,147950
107,370000	0,151774
107,380000	0,150499
107,390000	0,146038
107,400000	0,147313
107,410000	0,145401
107,420000	0,151774
107,430000	0,147313
107,440000	0,146675
107,450000	0,144763
107,460000	0,153686
107,470000	0,144763
107,480000	0,149862
107,490000	0,147950
107,500000	0,150499
107,510000	0,154961
107,520000	0,145401
107,530000	0,147313
107,540000	0,150499
107,550000	0,140302
107,560000	0,149225
107,570000	0,146038
107,580000	0,141576
107,590000	0,146038
107,600000	0,147950
107,610000	0,145401
107,620000	0,148587
107,630000	0,131379
107,640000	0,141576
107,650000	0,147313
107,660000	0,143488
107,670000	0,150499
107,680000	0,147950
107,690000	0,150499
107,700000	0,146675
107,710000	0,151137
107,720000	0,146675
107,730000	0,150499
107,740000	0,147313
107,750000	0,150499
107,760000	0,144126
107,770000	0,149862
107,780000	0,147313
107,790000	0,155598
107,800000	0,147313
107,810000	0,148587
107,820000	0,146038
107,830000	0,149225
107,840000	0,146038
107,850000	0,147313
107,860000	0,147313
107,870000	0,149862
107,880000	0,152412
107,890000	0,147313
107,900000	0,147313
107,910000	0,146038
107,920000	0,150499
107,930000	0,146038
107,940000	0,146675
107,950000	0,144126
107,960000	0,152412
107,970000	0,145401
107,980000	0,147950
107,990000	0,146038
108,000000	0,149862
108,010000	0,146675
108,020000	0,147950
108,030000	0,146038
108,040000	0,148587
108,050000	0,147950
108,060000	0,146038
108,070000	0,152412
108,080000	0,145401
108,090000	0,148587
108,100000	0,147950
108,110000	0,146038
108,120000	0,147313
108,130000	0,146675
108,140000	0,146675
108,150000	0,146675
108,160000	0,147313
108,170000	0,142851
108,180000	0,149225
108,190000	0,144763
108,200000	0,144763
108,210000	0,146038
108,220000	0,147950
108,230000	0,144763
108,240000	0,146038
108,250000	0,147950
108,260000	0,146675
108,270000	0,146675
108,280000	0,146038
108,290000	0,145401
108,300000	0,143488
108,310000	0,146038
108,320000	0,149225
108,330000	0,145401
108,340000	0,149862
108,350000	0,146675
108,360000	0,149225
108,370000	0,143488
108,380000	0,146675
108,390000	0,147950
108,400000	0,145401
108,410000	0,147950
108,420000	0,145401
108,430000	0,147313
108,440000	0,144126
108,450000	0,149225
108,460000	0,147313
108,470000	0,146675
108,480000	0,147313
108,490000	0,146038
108,500000	0,146675
108,510000	0,152412
108,520000	0,144126
108,530000	0,149225
108,540000	0,146675
108,550000	0,150499
108,560000	0,146038
108,570000	0,150499
108,580000	0,140939
108,590000	0,149862
108,600000	0,144763
108,610000	0,149225
108,620000	0,144763
108,630000	0,146675
108,640000	0,146675
108,650000	0,147313
108,660000	0,145401
108,670000	0,147313
108,680000	0,145401
108,690000	0,149225
108,700000	0,144763
108,710000	0,147313
108,720000	0,144763
108,730000	0,146675
108,740000	0,144763
108,750000	0,142851
108,760000	0,144126
108,770000	0,146675
108,780000	0,142214
108,790000	0,144763
108,800000	0,143488
108,810000	0,145401
108,820000	0,142851
108,830000	0,144126
108,840000	0,144126
108,850000	0,144763
108,860000	0,145401
108,870000	0,146675
108,880000	0,146675
108,890000	0,144763
108,900000	0,149225
108,910000	0,146038
108,920000	0,144763
108,930000	0,144126
108,940000	0,146038
108,950000	0,147313
108,960000	0,142851
108,970000	0,145401
108,980000	0,145401
108,990000	0,144763
109,000000	0,148587
109,010000	0,146038
109,020000	0,146038
109,030000	0,143488
109,040000	0,142851
109,050000	0,143488
109,060000	0,144763
109,070000	0,146038
109,080000	0,147950
109,090000	0,144763
109,100000	0,146038
109,110000	0,144763
109,120000	0,144763
109,130000	0,146675
109,140000	0,146675
109,150000	0,145401
109,160000	0,142851
109,170000	0,145401
109,180000	0,142851
109,190000	0,144763
109,200000	0,146675
109,210000	0,146038
109,220000	0,144126
109,230000	0,142851
109,240000	0,143488
109,250000	0,146038
109,260000	0,143488
109,270000	0,146675
109,280000	0,144126
109,290000	0,142851
109,300000	0,147313
109,310000	0,142851
109,320000	0,142214
109,330000	0,140939
109,340000	0,144126
109,350000	0,144763
109,360000	0,141576
109,370000	0,144763
109,380000	0,145401
109,390000	0,140302
109,400000	0,143488
109,410000	0,146038
109,420000	0,142851
109,430000	0,147313
109,440000	0,142214
109,450000	0,147313
109,460000	0,147950
109,470000	0,146038
109,480000	0,146038
109,490000	0,146038
109,500000	0,141576
109,510000	0,142851
109,520000	0,145401
109,530000	0,146038
109,540000	0,144763
109,550000	0,146038
109,560000	0,143488
109,570000	0,145401
109,580000	0,142851
109,590000	0,140939
109,600000	0,144763
109,610000	0,143488
109,620000	0,143488
109,630000	0,142851
109,640000	0,144126
109,650000	0,146675
109,660000	0,144763
109,670000	0,142851
109,680000	0,146038
109,690000	0,145401
109,700000	0,146675
109,710000	0,146675
109,720000	0,142851
109,730000	0,144126
109,740000	0,142851
109,750000	0,144126
109,760000	0,144126
109,770000	0,144763
109,780000	0,143488
109,790000	0,144126
109,800000	0,147313
109,810000	0,145401
109,820000	0,142214
109,830000	0,144126
109,840000	0,144763
109,850000	0,147950
109,860000	0,144763
109,870000	0,144763
109,880000	0,146675
109,890000	0,142214
109,900000	0,146675
109,910000	0,145401
109,920000	0,147313
109,930000	0,141576
109,940000	0,144126
109,950000	0,142851
109,960000	0,143488
109,970000	0,142851
109,980000	0,144763
109,990000	0,144763
110,000000	0,142851
110,010000	0,143488
110,020000	0,142214
110,030000	0,144126
110,040000	0,146675
110,050000	0,142851
110,060000	0,146675
110,070000	0,143488
110,080000	0,145401
110,090000	0,140939
110,100000	0,143488
110,110000	0,145401
110,120000	0,144763
110,130000	0,144126
110,140000	0,148587
110,150000	0,143488
110,160000	0,144763
110,170000	0,144126
110,180000	0,145401
110,190000	0,141576
110,200000	0,147313
110,210000	0,142214
110,220000	0,146038
110,230000	0,144126
110,240000	0,145401
110,250000	0,147313
110,260000	0,141576
110,270000	0,144126
110,280000	0,146675
110,290000	0,146038
110,300000	0,144126
110,310000	0,147950
110,320000	0,142851
110,330000	0,145401
110,340000	0,144126
110,350000	0,144126
110,360000	0,144763
110,370000	0,146038
110,380000	0,142851
110,390000	0,144126
110,400000	0,142851
110,410000	0,146675
110,420000	0,142214
110,430000	0,146038
110,440000	0,144126
110,450000	0,144763
110,460000	0,144763
110,470000	0,146675
110,480000	0,142214
110,490000	0,147950
110,500000	0,142851
110,510000	0,142851
110,520000	0,144763
110,530000	0,140302
110,540000	0,142851
110,550000	0,142851
110,560000	0,142851
110,570000	0,146038
110,580000	0,140302
110,590000	0,145401
110,600000	0,142851
110,610000	0,146675
110,620000	0,146675
110,630000	0,146675
110,640000	0,142851
110,650000	0,145401
110,660000	0,142214
110,670000	0,146675
110,680000	0,140939
110,690000	0,143488
110,700000	0,143488
110,710000	0,143488
110,720000	0,140939
110,730000	0,144126
110,740000	0,141576
110,750000	0,145401
110,760000	0,142851
110,770000	0,142851
110,780000	0,138390
110,790000	0,142851
110,800000	0,140939
110,810000	0,144126
110,820000	0,140302
110,830000	0,146675
110,840000	0,141576
110,850000	0,143488
110,860000	0,142214
110,870000	0,144763
110,880000	0,140939
110,890000	0,143488
110,900000	0,140302
110,910000	0,144126
110,920000	0,139027
110,930000	0,143488
110,940000	0,139664
110,950000	0,142851
110,960000	0,140302
110,970000	0,142851
110,980000	0,140302
110,990000	0,144763
111,000000	0,142214
111,010000	0,141576
111,020000	0,142214
111,030000	0,140939
111,040000	0,142214
111,050000	0,144126
111,060000	0,142214
111,070000	0,141576
111,080000	0,139027
111,090000	0,143488
111,100000	0,140302
111,110000	0,142214
111,120000	0,142851
111,130000	0,144763
111,140000	0,142851
111,150000	0,142851
111,160000	0,140302
111,170000	0,143488
111,180000	0,142214
111,190000	0,142214
111,200000	0,142214
111,210000	0,142851
111,220000	0,140302
111,230000	0,142851
111,240000	0,140302
111,250000	0,144763
111,260000	0,142851
111,270000	0,140939
111,280000	0,142214
111,290000	0,142214
111,300000	0,143488
111,310000	0,140302
111,320000	0,143488
111,330000	0,139027
111,340000	0,141576
111,350000	0,144126
111,360000	0,143488
111,370000	0,141576
111,380000	0,140302
111,390000	0,142214
111,400000	0,140939
111,410000	0,142214
111,420000	0,140939
111,430000	0,142851
111,440000	0,139664
111,450000	0,141576
111,460000	0,140302
111,470000	0,141576
111,480000	0,140302
111,490000	0,140302
111,500000	0,142214
111,510000	0,140939
111,520000	0,140302
111,530000	0,139664
111,540000	0,140302
111,550000	0,142851
111,560000	0,142214
111,570000	0,140302
111,580000	0,140302
111,590000	0,142851
111,600000	0,140302
111,610000	0,140939
111,620000	0,142214
111,630000	0,138390
111,640000	0,143488
111,650000	0,140302
111,660000	0,141576
111,670000	0,140302
111,680000	0,141576
111,690000	0,141576
111,700000	0,137752
111,710000	0,142214
111,720000	0,140302
111,730000	0,141576
111,740000	0,139027
111,750000	0,140939
111,760000	0,142214
111,770000	0,142214
111,780000	0,141576
111,790000	0,140302
111,800000	0,140302
111,810000	0,141576
111,820000	0,140302
111,830000	0,141576
111,840000	0,141576
111,850000	0,141576
111,860000	0,140302
111,870000	0,142214
111,880000	0,141576
111,890000	0,139664
111,900000	0,140302
111,910000	0,141576
111,920000	0,137752
111,930000	0,140302
111,940000	0,140939
111,950000	0,139027
111,960000	0,140939
111,970000	0,142851
111,980000	0,140939
111,990000	0,144126
112,000000	0,140302
112,010000	0,142214
112,020000	0,141576
112,030000	0,140939
112,040000	0,139664
112,050000	0,143488
112,060000	0,139027
112,070000	0,139664
112,080000	0,139664
112,090000	0,145401
112,100000	0,141576
112,110000	0,141576
112,120000	0,139664
112,130000	0,144126
112,140000	0,141576
112,150000	0,141576
112,160000	0,140939
112,170000	0,142214
112,180000	0,142851
112,190000	0,142851
112,200000	0,137752
112,210000	0,144126
112,220000	0,140302
112,230000	0,146675
112,240000	0,137752
112,250000	0,144126
112,260000	0,137752
112,270000	0,142851
112,280000	0,141576
112,290000	0,139027
112,300000	0,142851
112,310000	0,141576
112,320000	0,142851
112,330000	0,139664
112,340000	0,140939
112,350000	0,141576
112,360000	0,141576
112,370000	0,144126
112,380000	0,142851
112,390000	0,140939
112,400000	0,142214
112,410000	0,143488
112,420000	0,141576
112,430000	0,142214
112,440000	0,138390
112,450000	0,140302
112,460000	0,140302
112,470000	0,142851
112,480000	0,139664
112,490000	0,142214
112,500000	0,140302
112,510000	0,139664
112,520000	0,141576
112,530000	0,139664
112,540000	0,140939
112,550000	0,140939
112,560000	0,142851
112,570000	0,142214
112,580000	0,140939
112,590000	0,139664
112,600000	0,142214
112,610000	0,140302
112,620000	0,137115
112,630000	0,142214
112,640000	0,137115
112,650000	0,141576
112,660000	0,129466
112,670000	0,142851
112,680000	0,138390
112,690000	0,140302
112,700000	0,139664
112,710000	0,140939
112,720000	0,139664
112,730000	0,141576
112,740000	0,137752
112,750000	0,139664
112,760000	0,137752
112,770000	0,140939
112,780000	0,140302
112,790000	0,140302
112,800000	0,138390
112,810000	0,139664
112,820000	0,139664
112,830000	0,142851
112,840000	0,139664
112,850000	0,139027
112,860000	0,137115
112,870000	0,140939
112,880000	0,140302
112,890000	0,138390
112,900000	0,140302
112,910000	0,139664
112,920000	0,139664
112,930000	0,139664
112,940000	0,136477
112,950000	0,141576
112,960000	0,138390
112,970000	0,139664
112,980000	0,140302
112,990000	0,144126
113,000000	0,136477
113,010000	0,140302
113,020000	0,139027
113,030000	0,139027
113,040000	0,136477
113,050000	0,137752
113,060000	0,141576
113,070000	0,136477
113,080000	0,140302
113,090000	0,139027
113,100000	0,140939
113,110000	0,141576
113,120000	0,137752
113,130000	0,141576
113,140000	0,137752
113,150000	0,135203
113,160000	0,140939
113,170000	0,137752
113,180000	0,139027
113,190000	0,137752
113,200000	0,141576
113,210000	0,139664
113,220000	0,139664
113,230000	0,138390
113,240000	0,141576
113,250000	0,137115
113,260000	0,137752
113,270000	0,139027
113,280000	0,139027
113,290000	0,137752
113,300000	0,137752
113,310000	0,138390
113,320000	0,137752
113,330000	0,139027
113,340000	0,137752
113,350000	0,137752
113,360000	0,137752
113,370000	0,137752
113,380000	0,137115
113,390000	0,137752
113,400000	0,139027
113,410000	0,140939
113,420000	0,140302
113,430000	0,137752
113,440000	0,137115
113,450000	0,139664
113,460000	0,137752
113,470000	0,137752
113,480000	0,139027
113,490000	0,140302
113,500000	0,139027
113,510000	0,137752
113,520000	0,137115
113,530000	0,139027
113,540000	0,139664
113,550000	0,140939
113,560000	0,139664
113,570000	0,137752
113,580000	0,137752
113,590000	0,139664
113,600000	0,137115
113,610000	0,138390
113,620000	0,139027
113,630000	0,138390
113,640000	0,139027
113,650000	0,140302
113,660000	0,135840
113,670000	0,135840
113,680000	0,137752
113,690000	0,137115
113,700000	0,139664
113,710000	0,140939
113,720000	0,139027
113,730000	0,135203
113,740000	0,140302
113,750000	0,139027
113,760000	0,138390
113,770000	0,138390
113,780000	0,139664
113,790000	0,138390
113,800000	0,140302
113,810000	0,142214
113,820000	0,139027
113,830000	0,141576
113,840000	0,139027
113,850000	0,139664
113,860000	0,138390
113,870000	0,142214
113,880000	0,136477
113,890000	0,144763
113,900000	0,137115
113,910000	0,142851
113,920000	0,137752
113,930000	0,140302
113,940000	0,133928
113,950000	0,135203
113,960000	0,137752
113,970000	0,137752
113,980000	0,137752
113,990000	0,137752
114,000000	0,137752
114,010000	0,138390
114,020000	0,139027
114,030000	0,138390
114,040000	0,139664
114,050000	0,139027
114,060000	0,140302
114,070000	0,139027
114,080000	0,138390
114,090000	0,135840
114,100000	0,139027
114,110000	0,134565
114,120000	0,139664
114,130000	0,135203
114,140000	0,140302
114,150000	0,140302
114,160000	0,142214
114,170000	0,139027
114,180000	0,140939
114,190000	0,137115
114,200000	0,136477
114,210000	0,138390
114,220000	0,140302
114,230000	0,140302
114,240000	0,138390
114,250000	0,137752
114,260000	0,139664
114,270000	0,140939
114,280000	0,140939
114,290000	0,139027
114,300000	0,138390
114,310000	0,137752
114,320000	0,138390
114,330000	0,135203
114,340000	0,139664
114,350000	0,140302
114,360000	0,138390
114,370000	0,137752
114,380000	0,140302
114,390000	0,140302
114,400000	0,138390
114,410000	0,137752
114,420000	0,140939
114,430000	0,139664
114,440000	0,144126
114,450000	0,137115
114,460000	0,137752
114,470000	0,139027
114,480000	0,141576
114,490000	0,137752
114,500000	0,140302
114,510000	0,142851
114,520000	0,137752
114,530000	0,139664
114,540000	0,140302
114,550000	0,142851
114,560000	0,139664
114,570000	0,135840
114,580000	0,137752
114,590000	0,137752
114,600000	0,137752
114,610000	0,137115
114,620000	0,140302
114,630000	0,137752
114,640000	0,136477
114,650000	0,139664
114,660000	0,133928
114,670000	0,133291
114,680000	0,135203
114,690000	0,140939
114,700000	0,139664
114,710000	0,133291
114,720000	0,135840
114,730000	0,133928
114,740000	0,134565
114,750000	0,139027
114,760000	0,138390
114,770000	0,137115
114,780000	0,141576
114,790000	0,137752
114,800000	0,134565
114,810000	0,140939
114,820000	0,135203
114,830000	0,139027
114,840000	0,133291
114,850000	0,130741
114,860000	0,135203
114,870000	0,139027
114,880000	0,133291
114,890000	0,137752
114,900000	0,138390
114,910000	0,138390
114,920000	0,135840
114,930000	0,133928
114,940000	0,136477
114,950000	0,135840
114,960000	0,138390
114,970000	0,137115
114,980000	0,133291
114,990000	0,135203
115,000000	0,136477
115,010000	0,135203
115,020000	0,137752
115,030000	0,137752
115,040000	0,133291
115,050000	0,136477
115,060000	0,136477
115,070000	0,135203
115,080000	0,139027
115,090000	0,137115
115,100000	0,135840
115,110000	0,136477
115,120000	0,135840
115,130000	0,137752
115,140000	0,133291
115,150000	0,137752
115,160000	0,136477
115,170000	0,135840
115,180000	0,132653
115,190000	0,140302
115,200000	0,132016
115,210000	0,139664
115,220000	0,136477
115,230000	0,137752
115,240000	0,133928
115,250000	0,139027
115,260000	0,133291
115,270000	0,137752
115,280000	0,133291
115,290000	0,137752
115,300000	0,134565
115,310000	0,139027
115,320000	0,132016
115,330000	0,140302
115,340000	0,133291
115,350000	0,137752
115,360000	0,135203
115,370000	0,137115
115,380000	0,137752
115,390000	0,140939
115,400000	0,133928
115,410000	0,134565
115,420000	0,135203
115,430000	0,137115
115,440000	0,136477
115,450000	0,139027
115,460000	0,138390
115,470000	0,132653
115,480000	0,140302
115,490000	0,137752
115,500000	0,139664
115,510000	0,132653
115,520000	0,137115
115,530000	0,135203
115,540000	0,133291
115,550000	0,137752
115,560000	0,132016
115,570000	0,141576
115,580000	0,132016
115,590000	0,135203
115,600000	0,138390
115,610000	0,135840
115,620000	0,138390
115,630000	0,135203
115,640000	0,135840
115,650000	0,137752
115,660000	0,135203
115,670000	0,140302
115,680000	0,133928
115,690000	0,135203
115,700000	0,134565
115,710000	0,136477
115,720000	0,135840
115,730000	0,137752
115,740000	0,133291
115,750000	0,135203
115,760000	0,133928
115,770000	0,132016
115,780000	0,135203
115,790000	0,132016
115,800000	0,140302
115,810000	0,136477
115,820000	0,140302
115,830000	0,133291
115,840000	0,140939
115,850000	0,131379
115,860000	0,144763
115,870000	0,135203
115,880000	0,140302
115,890000	0,133291
115,900000	0,138390
115,910000	0,134565
115,920000	0,141576
115,930000	0,132653
115,940000	0,138390
115,950000	0,139027
115,960000	0,137752
115,970000	0,135203
115,980000	0,137115
115,990000	0,135203
116,000000	0,135203
116,010000	0,140302
116,020000	0,137115
116,030000	0,137115
116,040000	0,139664
116,050000	0,143488
116,060000	0,137752
116,070000	0,140302
116,080000	0,137752
116,090000	0,140302
116,100000	0,139664
116,110000	0,136477
116,120000	0,133928
116,130000	0,137115
116,140000	0,133928
116,150000	0,134565
116,160000	0,138390
116,170000	0,140302
116,180000	0,132016
116,190000	0,138390
116,200000	0,136477
116,210000	0,137752
116,220000	0,138390
116,230000	0,137752
116,240000	0,134565
116,250000	0,134565
116,260000	0,137115
116,270000	0,137115
116,280000	0,133291
116,290000	0,135840
116,300000	0,140302
116,310000	0,137115
116,320000	0,139027
116,330000	0,134565
116,340000	0,133928
116,350000	0,136477
116,360000	0,139664
116,370000	0,137115
116,380000	0,136477
116,390000	0,139027
116,400000	0,135840
116,410000	0,137115
116,420000	0,133928
116,430000	0,140302
116,440000	0,137115
116,450000	0,137752
116,460000	0,133928
116,470000	0,137115
116,480000	0,134565
116,490000	0,132016
116,500000	0,133928
116,510000	0,140302
116,520000	0,135840
116,530000	0,137115
116,540000	0,137752
116,550000	0,139664
116,560000	0,135840
116,570000	0,139664
116,580000	0,137752
116,590000	0,135840
116,600000	0,133928
116,610000	0,137752
116,620000	0,132016
116,630000	0,134565
116,640000	0,137115
116,650000	0,133291
116,660000	0,139027
116,670000	0,131379
116,680000	0,139664
116,690000	0,134565
116,700000	0,135840
116,710000	0,138390
116,720000	0,137752
116,730000	0,133928
116,740000	0,135203
116,750000	0,137115
116,760000	0,135203
116,770000	0,135840
116,780000	0,134565
116,790000	0,132016
116,800000	0,130741
116,810000	0,138390
116,820000	0,133291
116,830000	0,136477
116,840000	0,134565
116,850000	0,134565
116,860000	0,132653
116,870000	0,133928
116,880000	0,138390
116,890000	0,132653
116,900000	0,124367
116,910000	0,136477
116,920000	0,137752
116,930000	0,137752
116,940000	0,139664
116,950000	0,137752
116,960000	0,137752
116,970000	0,132653
116,980000	0,128192
116,990000	0,141576
117,000000	0,133928
117,010000	0,135840
117,020000	0,130741
117,030000	0,126280
117,040000	0,137752
117,050000	0,128829
117,060000	0,130104
117,070000	0,135203
117,080000	0,128192
117,090000	0,136477
117,100000	0,132653
117,110000	0,135840
117,120000	0,146675
117,130000	0,134565
117,140000	0,133928
117,150000	0,136477
117,160000	0,132653
117,170000	0,133928
117,180000	0,134565
117,190000	0,142851
117,200000	0,133928
117,210000	0,146675
117,220000	0,135203
117,230000	0,132016
117,240000	0,153686
117,250000	0,131379
117,260000	0,132653
117,270000	0,161972
117,280000	0,131379
117,290000	0,116082
117,300000	0,107159
117,310000	0,136477
117,320000	0,133928
117,330000	0,116082
117,340000	0,133291
117,350000	0,145401
117,360000	0,122455
117,370000	0,129466
117,380000	0,147950
117,390000	0,132016
117,400000	0,126917
117,410000	0,131379
117,420000	0,099510
117,430000	0,132016
117,440000	0,133291
117,450000	0,072741
117,460000	0,130741
117,470000	0,140302
117,480000	0,154961
117,490000	0,137752
117,500000	0,144126
117,510000	0,137115
117,520000	0,135840
117,530000	0,134565
117,540000	0,132653
117,550000	0,132016
117,560000	0,142214
117,570000	0,132016
117,580000	0,135203
117,590000	0,134565
117,600000	0,133291
117,610000	0,138390
117,620000	0,128192
117,630000	0,136477
117,640000	0,135840
117,650000	0,134565
117,660000	0,131379
117,670000	0,129466
117,680000	0,134565
117,690000	0,127554
117,700000	0,132653
117,710000	0,131379
117,720000	0,137752
117,730000	0,140939
117,740000	0,138390
117,750000	0,134565
117,760000	0,129466
117,770000	0,138390
117,780000	0,137752
117,790000	0,133291
117,800000	0,135840
117,810000	0,142214
117,820000	0,131379
117,830000	0,128192
117,840000	0,139664
117,850000	0,133928
117,860000	0,127554
117,870000	0,142851
117,880000	0,128829
117,890000	0,146038
117,900000	0,136477
117,910000	0,126917
117,920000	0,154324
117,930000	0,142851
117,940000	0,135840
117,950000	0,144126
117,960000	0,120543
117,970000	0,137115
117,980000	0,130104
117,990000	0,117356
118,000000	0,128829
118,010000	0,128829
118,020000	0,121818
118,030000	0,136477
118,040000	0,132653
118,050000	0,139664
118,060000	0,131379
118,070000	0,129466
118,080000	0,134565
118,090000	0,132016
118,100000	0,139027
118,110000	0,103334
118,120000	0,142214
118,130000	0,139027
118,140000	0,122455
118,150000	0,137752
118,160000	0,138390
118,170000	0,149862
118,180000	0,135203
118,190000	0,139664
118,200000	0,164522
118,210000	0,133291
118,220000	0,142851
118,230000	0,110345
118,240000	0,140302
118,250000	0,139664
118,260000	0,099510
118,270000	0,135840
118,280000	0,132016
118,290000	0,106521
118,300000	0,138390
118,310000	0,132653
118,320000	0,197027
118,330000	0,132653
118,340000	0,132016
118,350000	0,158785
118,360000	0,120543
118,370000	0,130104
118,380000	0,102697
118,390000	0,132653
118,400000	0,138390
118,410000	0,134565
118,420000	0,138390
118,430000	0,132653
118,440000	0,138390
118,450000	0,135203
118,460000	0,136477
118,470000	0,133291
118,480000	0,129466
118,490000	0,135840
118,500000	0,133928
118,510000	0,130104
118,520000	0,130104
118,530000	0,132653
118,540000	0,135203
118,550000	0,135203
118,560000	0,131379
118,570000	0,137752
118,580000	0,141576
118,590000	0,130104
118,600000	0,129466
118,610000	0,135203
118,620000	0,131379
118,630000	0,126280
118,640000	0,127554
118,650000	0,128192
118,660000	0,136477
118,670000	0,120543
118,680000	0,119906
118,690000	0,126917
118,700000	0,135840
118,710000	0,125005
118,720000	0,140939
118,730000	0,148587
118,740000	0,128829
118,750000	0,128192
118,760000	0,118631
118,770000	0,121818
118,780000	0,130104
118,790000	0,118631
118,800000	0,126280
118,810000	0,137115
118,820000	0,130741
118,830000	0,134565
118,840000	0,143488
118,850000	0,126917
118,860000	0,139027
118,870000	0,126280
118,880000	0,133928
118,890000	0,140939
118,900000	0,130741
118,910000	0,137752
118,920000	0,145401
118,930000	0,129466
118,940000	0,135840
118,950000	0,137115
118,960000	0,130741
118,970000	0,125005
118,980000	0,136477
118,990000	0,127554
119,000000	0,117994
119,010000	0,163247
119,020000	0,127554
119,030000	0,105884
119,040000	0,133928
119,050000	0,132653
119,060000	0,118631
119,070000	0,091862
119,080000	0,126280
119,090000	0,117356
119,100000	0,136477
119,110000	0,131379
119,120000	0,127554
119,130000	0,165796
119,140000	0,108433
119,150000	0,078477
119,160000	0,135203
119,170000	0,133928
119,180000	0,098873
119,190000	0,153049
119,200000	0,140302
119,210000	0,063180
119,220000	0,140939
119,230000	0,140939
119,240000	0,065092
119,250000	0,135840
119,260000	0,135203
119,270000	0,158785
119,280000	0,134565
119,290000	0,130104
119,300000	0,174719
119,310000	0,133291
119,320000	0,128829
119,330000	0,165159
119,340000	0,128829
119,350000	0,144126
119,360000	0,137752
119,370000	0,129466
119,380000	0,127554
119,390000	0,120543
119,400000	0,129466
119,410000	0,122455
119,420000	0,132016
119,430000	0,141576
119,440000	0,128192
119,450000	0,122455
119,460000	0,127554
119,470000	0,125005
119,480000	0,132653
119,490000	0,125005
119,500000	0,130741
119,510000	0,132016
119,520000	0,146675
119,530000	0,140939
119,540000	0,132016
119,550000	0,127554
119,560000	0,137115
119,570000	0,132016
119,580000	0,122455
119,590000	0,116082
119,600000	0,134565
119,610000	0,135203
119,620000	0,126280
119,630000	0,132016
119,640000	0,126917
119,650000	0,151137
119,660000	0,120543
119,670000	0,139027
119,680000	0,169620
119,690000	0,113532
119,700000	0,118631
119,710000	0,114807
119,720000	0,116719
119,730000	0,120543
119,740000	0,128192
119,750000	0,116082
119,760000	0,137752
119,770000	0,127554
119,780000	0,136477
119,790000	0,131379
119,800000	0,130104
119,810000	0,137752
119,820000	0,130104
119,830000	0,123093
119,840000	0,121818
119,850000	0,128829
119,860000	0,130104
119,870000	0,103972
119,880000	0,134565
119,890000	0,155598
119,900000	0,150499
119,910000	0,129466
119,920000	0,169620
119,930000	0,094411
119,940000	0,133291
119,950000	0,114807
119,960000	0,160697
119,970000	0,128192
119,980000	0,107796
119,990000	0,108433
120,000000	0,130741
120,010000	0,089950
120,020000	0,132016
120,030000	0,136477
120,040000	0,161335
120,050000	0,132653
120,060000	0,134565
120,070000	0,204676
120,080000	0,130741
120,090000	0,131379
120,100000	0,203401
120,110000	0,126280
120,120000	0,132016
120,130000	0,122455
120,140000	0,125642
120,150000	0,134565
120,160000	0,099510
120,170000	0,127554
120,180000	0,126917
120,190000	0,116082
120,200000	0,128192
120,210000	0,130741
120,220000	0,133928
120,230000	0,127554
120,240000	0,130104
120,250000	0,128829
120,260000	0,130741
120,270000	0,130741
120,280000	0,130741
120,290000	0,131379
120,300000	0,128192
120,310000	0,135203
120,320000	0,133928
120,330000	0,133291
120,340000	0,129466
120,350000	0,128192
120,360000	0,132653
120,370000	0,126917
120,380000	0,128829
120,390000	0,117356
120,400000	0,130741
120,410000	0,135840
120,420000	0,122455
120,430000	0,128192
120,440000	0,133291
120,450000	0,144126
120,460000	0,128829
120,470000	0,124367
120,480000	0,141576
120,490000	0,129466
120,500000	0,137115
120,510000	0,107796
120,520000	0,146038
120,530000	0,129466
120,540000	0,104609
120,550000	0,139027
120,560000	0,147950
120,570000	0,144763
120,580000	0,148587
120,590000	0,116082
120,600000	0,134565
120,610000	0,132653
120,620000	0,129466
120,630000	0,139664
120,640000	0,119906
120,650000	0,126280
120,660000	0,141576
120,670000	0,124367
120,680000	0,128829
120,690000	0,123093
120,700000	0,153049
120,710000	0,121818
120,720000	0,126280
120,730000	0,155598
120,740000	0,128192
120,750000	0,134565
120,760000	0,153686
120,770000	0,136477
120,780000	0,119269
120,790000	0,106521
120,800000	0,128192
120,810000	0,122455
120,820000	0,121181
120,830000	0,116082
120,840000	0,115444
120,850000	0,142851
120,860000	0,133291
120,870000	0,142851
120,880000	0,129466
120,890000	0,137115
120,900000	0,130741
120,910000	0,062543
120,920000	0,135203
120,930000	0,130741
120,940000	0,063180
120,950000	0,131379
120,960000	0,132016
120,970000	0,157511
120,980000	0,130104
120,990000	0,127554
121,000000	0,154961
121,010000	0,126917
121,020000	0,132653
121,030000	0,129466
121,040000	0,128829
121,050000	0,125642
121,060000	0,129466
121,070000	0,131379
121,080000	0,129466
121,090000	0,132653
121,100000	0,127554
121,110000	0,127554
121,120000	0,129466
121,130000	0,126917
121,140000	0,130741
121,150000	0,125005
121,160000	0,126917
121,170000	0,128192
121,180000	0,126917
121,190000	0,134565
121,200000	0,128829
121,210000	0,128192
121,220000	0,133291
121,230000	0,127554
121,240000	0,128829
121,250000	0,121818
121,260000	0,132653
121,270000	0,123093
121,280000	0,131379
121,290000	0,128829
121,300000	0,123730
121,310000	0,126280
121,320000	0,116082
121,330000	0,127554
121,340000	0,123093
121,350000	0,137752
121,360000	0,127554
121,370000	0,132653
121,380000	0,142851
121,390000	0,124367
121,400000	0,114807
121,410000	0,125642
121,420000	0,122455
121,430000	0,124367
121,440000	0,127554
121,450000	0,123730
121,460000	0,123093
121,470000	0,126917
121,480000	0,130104
121,490000	0,133928
121,500000	0,124367
121,510000	0,128192
121,520000	0,133291
121,530000	0,128192
121,540000	0,125642
121,550000	0,135203
121,560000	0,127554
121,570000	0,123093
121,580000	0,130104
121,590000	0,130104
121,600000	0,125642
121,610000	0,124367
121,620000	0,126917
121,630000	0,139027
121,640000	0,131379
121,650000	0,127554
121,660000	0,130741
121,670000	0,128829
121,680000	0,128829
121,690000	0,143488
121,700000	0,132016
121,710000	0,129466
121,720000	0,132016
121,730000	0,128192
121,740000	0,128829
121,750000	0,130104
121,760000	0,132016
121,770000	0,125005
121,780000	0,128192
121,790000	0,126917
121,800000	0,123730
121,810000	0,128192
121,820000	0,125642
121,830000	0,130104
121,840000	0,130741
121,850000	0,130104
121,860000	0,125642
121,870000	0,129466
121,880000	0,128192
121,890000	0,127554
121,900000	0,126280
121,910000	0,130104
121,920000	0,129466
121,930000	0,128192
121,940000	0,128192
121,950000	0,125005
121,960000	0,130104
121,970000	0,130741
121,980000	0,132016
121,990000	0,132016
122,000000	0,130104
122,010000	0,133291
122,020000	0,129466
122,030000	0,131379
122,040000	0,126917
122,050000	0,127554
122,060000	0,126280
122,070000	0,126917
122,080000	0,126280
122,090000	0,129466
122,100000	0,128829
122,110000	0,128192
122,120000	0,129466
122,130000	0,127554
122,140000	0,132016
122,150000	0,129466
122,160000	0,133291
122,170000	0,119906
122,180000	0,128829
122,190000	0,126917
122,200000	0,130104
122,210000	0,127554
122,220000	0,133928
122,230000	0,129466
122,240000	0,130741
122,250000	0,126917
122,260000	0,130741
122,270000	0,128829
122,280000	0,135203
122,290000	0,126280
122,300000	0,129466
122,310000	0,126917
122,320000	0,128829
122,330000	0,127554
122,340000	0,136477
122,350000	0,127554
122,360000	0,127554
122,370000	0,133291
122,380000	0,131379
122,390000	0,128192
122,400000	0,128192
122,410000	0,131379
122,420000	0,128829
122,430000	0,128829
122,440000	0,126917
122,450000	0,129466
122,460000	0,130104
122,470000	0,128829
122,480000	0,130104
122,490000	0,131379
122,500000	0,130104
122,510000	0,126280
122,520000	0,129466
122,530000	0,128192
122,540000	0,131379
122,550000	0,126917
122,560000	0,130104
122,570000	0,128829
122,580000	0,128829
122,590000	0,128192
122,600000	0,128192
122,610000	0,128192
122,620000	0,130104
122,630000	0,128192
122,640000	0,129466
122,650000	0,127554
122,660000	0,127554
122,670000	0,132016
122,680000	0,128829
122,690000	0,126917
122,700000	0,126280
122,710000	0,126917
122,720000	0,127554
122,730000	0,126917
122,740000	0,128829
122,750000	0,126917
122,760000	0,129466
122,770000	0,127554
122,780000	0,129466
122,790000	0,127554
122,800000	0,129466
122,810000	0,126917
122,820000	0,130104
122,830000	0,126917
122,840000	0,128192
122,850000	0,128192
122,860000	0,132016
122,870000	0,128192
122,880000	0,128192
122,890000	0,128192
122,900000	0,128192
122,910000	0,124367
122,920000	0,127554
122,930000	0,126280
122,940000	0,129466
122,950000	0,127554
122,960000	0,128192
122,970000	0,125005
122,980000	0,127554
122,990000	0,127554
123,000000	0,127554
123,010000	0,128192
123,020000	0,125642
123,030000	0,124367
123,040000	0,126917
123,050000	0,127554
123,060000	0,128192
123,070000	0,127554
123,080000	0,125642
123,090000	0,126280
123,100000	0,126280
123,110000	0,128829
123,120000	0,127554
123,130000	0,126917
123,140000	0,125642
123,150000	0,124367
123,160000	0,130104
123,170000	0,127554
123,180000	0,128829
123,190000	0,124367
123,200000	0,126917
123,210000	0,126280
123,220000	0,127554
123,230000	0,126280
123,240000	0,125005
123,250000	0,126280
123,260000	0,128192
123,270000	0,125642
123,280000	0,125642
123,290000	0,126280
123,300000	0,123730
123,310000	0,125005
123,320000	0,122455
123,330000	0,123093
123,340000	0,125005
123,350000	0,126280
123,360000	0,128192
123,370000	0,124367
123,380000	0,127554
123,390000	0,126280
123,400000	0,125005
123,410000	0,125005
123,420000	0,126280
123,430000	0,127554
123,440000	0,127554
123,450000	0,126917
123,460000	0,123730
123,470000	0,125005
123,480000	0,125642
123,490000	0,126917
123,500000	0,126917
123,510000	0,122455
123,520000	0,125005
123,530000	0,124367
123,540000	0,129466
123,550000	0,125005
123,560000	0,125005
123,570000	0,121818
123,580000	0,127554
123,590000	0,125642
123,600000	0,128192
123,610000	0,126280
123,620000	0,126280
123,630000	0,126280
123,640000	0,128192
123,650000	0,127554
123,660000	0,125005
123,670000	0,127554
123,680000	0,126280
123,690000	0,128829
123,700000	0,127554
123,710000	0,124367
123,720000	0,125005
123,730000	0,125642
123,740000	0,125005
123,750000	0,126917
123,760000	0,126917
123,770000	0,123730
123,780000	0,128192
123,790000	0,123730
123,800000	0,127554
123,810000	0,125005
123,820000	0,126280
123,830000	0,128192
123,840000	0,123093
123,850000	0,126917
123,860000	0,126280
123,870000	0,125005
123,880000	0,128192
123,890000	0,125005
123,900000	0,125642
123,910000	0,126917
123,920000	0,128192
123,930000	0,126917
123,940000	0,123730
123,950000	0,127554
123,960000	0,126280
123,970000	0,127554
123,980000	0,125005
123,990000	0,124367
124,000000	0,126280
124,010000	0,129466
124,020000	0,126917
124,030000	0,125642
124,040000	0,127554
124,050000	0,128829
124,060000	0,126280
124,070000	0,128192
124,080000	0,125005
124,090000	0,129466
124,100000	0,126917
124,110000	0,126917
124,120000	0,126280
124,130000	0,123093
124,140000	0,128192
124,150000	0,125642
124,160000	0,126280
124,170000	0,124367
124,180000	0,126280
124,190000	0,128192
124,200000	0,126917
124,210000	0,127554
124,220000	0,129466
124,230000	0,126917
124,240000	0,128829
124,250000	0,124367
124,260000	0,128829
124,270000	0,130104
124,280000	0,127554
124,290000	0,126917
124,300000	0,128192
124,310000	0,127554
124,320000	0,127554
124,330000	0,125005
124,340000	0,126917
124,350000	0,125005
124,360000	0,127554
124,370000	0,134565
124,380000	0,128192
124,390000	0,123730
124,400000	0,129466
124,410000	0,126917
124,420000	0,126280
124,430000	0,126280
124,440000	0,132653
124,450000	0,126280
124,460000	0,128192
124,470000	0,125005
124,480000	0,129466
124,490000	0,126917
124,500000	0,129466
124,510000	0,125005
124,520000	0,126917
124,530000	0,124367
124,540000	0,128192
124,550000	0,125005
124,560000	0,129466
124,570000	0,123730
124,580000	0,129466
124,590000	0,125005
124,600000	0,130104
124,610000	0,127554
124,620000	0,127554
124,630000	0,122455
124,640000	0,130104
124,650000	0,123093
124,660000	0,127554
124,670000	0,128192
124,680000	0,128192
124,690000	0,123093
124,700000	0,128192
124,710000	0,125005
124,720000	0,128829
124,730000	0,123093
124,740000	0,126917
124,750000	0,124367
124,760000	0,126280
124,770000	0,123730
124,780000	0,126917
124,790000	0,125642
124,800000	0,126917
124,810000	0,123093
124,820000	0,126280
124,830000	0,127554
124,840000	0,126917
124,850000	0,125642
124,860000	0,126280
124,870000	0,128192
124,880000	0,126280
124,890000	0,122455
124,900000	0,127554
124,910000	0,125005
124,920000	0,126917
124,930000	0,125642
124,940000	0,128192
124,950000	0,124367
124,960000	0,125642
124,970000	0,126917
124,980000	0,125005
124,990000	0,123730
125,000000	0,125005
125,010000	0,126917
125,020000	0,126280
125,030000	0,125642
125,040000	0,124367
125,050000	0,126280
125,060000	0,123730
125,070000	0,128192
125,080000	0,124367
125,090000	0,123093
125,100000	0,124367
125,110000	0,125642
125,120000	0,126280
125,130000	0,123730
125,140000	0,127554
125,150000	0,120543
125,160000	0,126917
125,170000	0,124367
125,180000	0,126280
125,190000	0,125642
125,200000	0,126917
125,210000	0,124367
125,220000	0,125005
125,230000	0,123093
125,240000	0,126917
125,250000	0,126280
125,260000	0,124367
125,270000	0,123093
125,280000	0,123730
125,290000	0,125642
125,300000	0,124367
125,310000	0,123730
125,320000	0,124367
125,330000	0,125005
125,340000	0,124367
125,350000	0,125642
125,360000	0,122455
125,370000	0,126917
125,380000	0,123093
125,390000	0,125642
125,400000	0,124367
125,410000	0,123730
125,420000	0,121181
125,430000	0,123730
125,440000	0,123730
125,450000	0,124367
125,460000	0,125642
125,470000	0,124367
125,480000	0,123730
125,490000	0,125642
125,500000	0,124367
125,510000	0,125005
125,520000	0,122455
125,530000	0,125005
125,540000	0,123093
125,550000	0,125005
125,560000	0,124367
125,570000	0,123093
125,580000	0,124367
125,590000	0,122455
125,600000	0,125642
125,610000	0,124367
125,620000	0,125005
125,630000	0,123730
125,640000	0,123730
125,650000	0,124367
125,660000	0,126917
125,670000	0,123093
125,680000	0,125005
125,690000	0,121818
125,700000	0,124367
125,710000	0,123730
125,720000	0,125642
125,730000	0,121818
125,740000	0,127554
125,750000	0,122455
125,760000	0,126917
125,770000	0,123093
125,780000	0,126280
125,790000	0,122455
125,800000	0,127554
125,810000	0,123093
125,820000	0,128192
125,830000	0,121818
125,840000	0,126917
125,850000	0,121818
125,860000	0,123093
125,870000	0,122455
125,880000	0,124367
125,890000	0,122455
125,900000	0,126280
125,910000	0,122455
125,920000	0,125642
125,930000	0,122455
125,940000	0,125642
125,950000	0,123093
125,960000	0,125005
125,970000	0,124367
125,980000	0,123093
125,990000	0,125005
126,000000	0,123730
126,010000	0,124367
126,020000	0,125005
126,030000	0,125005
126,040000	0,123730
126,050000	0,126280
126,060000	0,124367
126,070000	0,124367
126,080000	0,126917
126,090000	0,123730
126,100000	0,123730
126,110000	0,124367
126,120000	0,125005
126,130000	0,123730
126,140000	0,125005
126,150000	0,125642
126,160000	0,123093
126,170000	0,125642
126,180000	0,122455
126,190000	0,124367
126,200000	0,125642
126,210000	0,123093
126,220000	0,125642
126,230000	0,124367
126,240000	0,124367
126,250000	0,126280
126,260000	0,126280
126,270000	0,124367
126,280000	0,124367
126,290000	0,126280
126,300000	0,125005
126,310000	0,124367
126,320000	0,126280
126,330000	0,125005
126,340000	0,121181
126,350000	0,126280
126,360000	0,126280
126,370000	0,123730
126,380000	0,126280
126,390000	0,123093
126,400000	0,126917
126,410000	0,124367
126,420000	0,126280
126,430000	0,124367
126,440000	0,126917
126,450000	0,125642
126,460000	0,125642
126,470000	0,124367
126,480000	0,128192
126,490000	0,124367
126,500000	0,131379
126,510000	0,125005
126,520000	0,126280
126,530000	0,122455
126,540000	0,124367
126,550000	0,126280
126,560000	0,124367
126,570000	0,123093
126,580000	0,125005
126,590000	0,123730
126,600000	0,123730
126,610000	0,123093
126,620000	0,125642
126,630000	0,126280
126,640000	0,123093
126,650000	0,124367
126,660000	0,124367
126,670000	0,123730
126,680000	0,123093
126,690000	0,123093
126,700000	0,125642
126,710000	0,122455
126,720000	0,125005
126,730000	0,125005
126,740000	0,122455
126,750000	0,121181
126,760000	0,122455
126,770000	0,123093
126,780000	0,123730
126,790000	0,123093
126,800000	0,124367
126,810000	0,123093
126,820000	0,123093
126,830000	0,124367
126,840000	0,125005
126,850000	0,123730
126,860000	0,126280
126,870000	0,126280
126,880000	0,123730
126,890000	0,121818
126,900000	0,124367
126,910000	0,125005
126,920000	0,122455
126,930000	0,127554
126,940000	0,122455
126,950000	0,125005
126,960000	0,122455
126,970000	0,124367
126,980000	0,122455
126,990000	0,127554
127,000000	0,125005
127,010000	0,125005
127,020000	0,124367
127,030000	0,125642
127,040000	0,125005
127,050000	0,124367
127,060000	0,121818
127,070000	0,123730
127,080000	0,122455
127,090000	0,124367
127,100000	0,123730
127,110000	0,123093
127,120000	0,122455
127,130000	0,123093
127,140000	0,122455
127,150000	0,123730
127,160000	0,124367
127,170000	0,124367
127,180000	0,121818
127,190000	0,122455
127,200000	0,121181
127,210000	0,122455
127,220000	0,119906
127,230000	0,123093
127,240000	0,121818
127,250000	0,120543
127,260000	0,124367
127,270000	0,121818
127,280000	0,124367
127,290000	0,122455
127,300000	0,121181
127,310000	0,123730
127,320000	0,121181
127,330000	0,121181
127,340000	0,124367
127,350000	0,117356
127,360000	0,122455
127,370000	0,120543
127,380000	0,123730
127,390000	0,119269
127,400000	0,124367
127,410000	0,119906
127,420000	0,125005
127,430000	0,121181
127,440000	0,123093
127,450000	0,121818
127,460000	0,122455
127,470000	0,119906
127,480000	0,123730
127,490000	0,121818
127,500000	0,121818
127,510000	0,121181
127,520000	0,122455
127,530000	0,119906
127,540000	0,126280
127,550000	0,119906
127,560000	0,123093
127,570000	0,120543
127,580000	0,124367
127,590000	0,119269
127,600000	0,119906
127,610000	0,121181
127,620000	0,122455
127,630000	0,119906
127,640000	0,121818
127,650000	0,120543
127,660000	0,129466
127,670000	0,116719
127,680000	0,121818
127,690000	0,117994
127,700000	0,122455
127,710000	0,121818
127,720000	0,123093
127,730000	0,122455
127,740000	0,117356
127,750000	0,124367
127,760000	0,121818
127,770000	0,123730
127,780000	0,120543
127,790000	0,121181
127,800000	0,122455
127,810000	0,124367
127,820000	0,116082
127,830000	0,122455
127,840000	0,121181
127,850000	0,123093
127,860000	0,121181
127,870000	0,123093
127,880000	0,121818
127,890000	0,121818
127,900000	0,122455
127,910000	0,122455
127,920000	0,121181
127,930000	0,122455
127,940000	0,117994
127,950000	0,125005
127,960000	0,122455
127,970000	0,122455
127,980000	0,123093
127,990000	0,121818
128,000000	0,122455
128,010000	0,122455
128,020000	0,121181
128,030000	0,124367
128,040000	0,121181
128,050000	0,123093
128,060000	0,123093
128,070000	0,122455
128,080000	0,119906
128,090000	0,122455
128,100000	0,119906
128,110000	0,123730
128,120000	0,125642
128,130000	0,120543
128,140000	0,123093
128,150000	0,124367
128,160000	0,123093
128,170000	0,125642
128,180000	0,122455
128,190000	0,124367
128,200000	0,121181
128,210000	0,121181
128,220000	0,120543
128,230000	0,123093
128,240000	0,121181
128,250000	0,124367
128,260000	0,124367
128,270000	0,120543
128,280000	0,122455
128,290000	0,123093
128,300000	0,121818
128,310000	0,122455
128,320000	0,123730
128,330000	0,123093
128,340000	0,121818
128,350000	0,122455
128,360000	0,125005
128,370000	0,122455
128,380000	0,124367
128,390000	0,122455
128,400000	0,124367
128,410000	0,119906
128,420000	0,128829
128,430000	0,122455
128,440000	0,123730
128,450000	0,121818
128,460000	0,125005
128,470000	0,121818
128,480000	0,123730
128,490000	0,121818
128,500000	0,126917
128,510000	0,121181
128,520000	0,123093
128,530000	0,121818
128,540000	0,123730
128,550000	0,121818
128,560000	0,125005
128,570000	0,123730
128,580000	0,121181
128,590000	0,126917
128,600000	0,124367
128,610000	0,123093
128,620000	0,122455
128,630000	0,121181
128,640000	0,123093
128,650000	0,121181
128,660000	0,121818
128,670000	0,123730
128,680000	0,123093
128,690000	0,124367
128,700000	0,123730
128,710000	0,121181
128,720000	0,121181
128,730000	0,123093
128,740000	0,123730
128,750000	0,125005
128,760000	0,123093
128,770000	0,124367
128,780000	0,124367
128,790000	0,121818
128,800000	0,122455
128,810000	0,121818
128,820000	0,122455
128,830000	0,121818
128,840000	0,123730
128,850000	0,119906
128,860000	0,125005
128,870000	0,117356
128,880000	0,119906
128,890000	0,124367
128,900000	0,120543
128,910000	0,121818
128,920000	0,122455
128,930000	0,121818
128,940000	0,123093
128,950000	0,119906
128,960000	0,125642
128,970000	0,119906
128,980000	0,123730
128,990000	0,117994
129,000000	0,119269
129,010000	0,121181
129,020000	0,120543
129,030000	0,121818
129,040000	0,123093
129,050000	0,121818
129,060000	0,119269
129,070000	0,122455
129,080000	0,122455
129,090000	0,120543
129,100000	0,119906
129,110000	0,123730
129,120000	0,119906
129,130000	0,121181
129,140000	0,118631
129,150000	0,120543
129,160000	0,117994
129,170000	0,125642
129,180000	0,120543
129,190000	0,121181
129,200000	0,121181
129,210000	0,119269
129,220000	0,117356
129,230000	0,125005
129,240000	0,122455
129,250000	0,122455
129,260000	0,119906
129,270000	0,118631
129,280000	0,121818
129,290000	0,119269
129,300000	0,122455
129,310000	0,119269
129,320000	0,118631
129,330000	0,120543
129,340000	0,119269
129,350000	0,121181
129,360000	0,118631
129,370000	0,119269
129,380000	0,119906
129,390000	0,121181
129,400000	0,119906
129,410000	0,119269
129,420000	0,118631
129,430000	0,122455
129,440000	0,121181
129,450000	0,114170
129,460000	0,118631
129,470000	0,117356
129,480000	0,117356
129,490000	0,117356
129,500000	0,120543
129,510000	0,119906
129,520000	0,118631
129,530000	0,120543
129,540000	0,119269
129,550000	0,117994
129,560000	0,117356
129,570000	0,121181
129,580000	0,122455
129,590000	0,124367
129,600000	0,119906
129,610000	0,122455
129,620000	0,120543
129,630000	0,121181
129,640000	0,115444
129,650000	0,121818
129,660000	0,116082
129,670000	0,121181
129,680000	0,119906
129,690000	0,121818
129,700000	0,126917
129,710000	0,121181
129,720000	0,121818
129,730000	0,118631
129,740000	0,119269
129,750000	0,116719
129,760000	0,120543
129,770000	0,117356
129,780000	0,119906
129,790000	0,120543
129,800000	0,121181
129,810000	0,116719
129,820000	0,117356
129,830000	0,120543
129,840000	0,120543
129,850000	0,117994
129,860000	0,119269
129,870000	0,119269
129,880000	0,118631
129,890000	0,121181
129,900000	0,117994
129,910000	0,121818
129,920000	0,120543
129,930000	0,121818
129,940000	0,122455
129,950000	0,117356
129,960000	0,116082
129,970000	0,117356
129,980000	0,119906
129,990000	0,119906
130,000000	0,120543
130,010000	0,119906
130,020000	0,121818
130,030000	0,119906
130,040000	0,120543
130,050000	0,117356
130,060000	0,121818
130,070000	0,117994
130,080000	0,123730
130,090000	0,120543
130,100000	0,119269
130,110000	0,122455
130,120000	0,122455
130,130000	0,122455
130,140000	0,122455
130,150000	0,116082
130,160000	0,124367
130,170000	0,121181
130,180000	0,121181
130,190000	0,121181
130,200000	0,122455
130,210000	0,121181
130,220000	0,119906
130,230000	0,121818
130,240000	0,122455
130,250000	0,123093
130,260000	0,118631
130,270000	0,123093
130,280000	0,119906
130,290000	0,123093
130,300000	0,121181
130,310000	0,126280
130,320000	0,122455
130,330000	0,125642
130,340000	0,118631
130,350000	0,122455
130,360000	0,117356
130,370000	0,124367
130,380000	0,119906
130,390000	0,122455
130,400000	0,119906
130,410000	0,121181
130,420000	0,121818
130,430000	0,118631
130,440000	0,121818
130,450000	0,122455
130,460000	0,119906
130,470000	0,126917
130,480000	0,123730
130,490000	0,120543
130,500000	0,122455
130,510000	0,123730
130,520000	0,121181
130,530000	0,119906
130,540000	0,122455
130,550000	0,125642
130,560000	0,122455
130,570000	0,121818
130,580000	0,116719
130,590000	0,126917
130,600000	0,117356
130,610000	0,122455
130,620000	0,117994
130,630000	0,117356
130,640000	0,119906
130,650000	0,123730
130,660000	0,121181
130,670000	0,119906
130,680000	0,117356
130,690000	0,119906
130,700000	0,118631
130,710000	0,122455
130,720000	0,123093
130,730000	0,121818
130,740000	0,125642
130,750000	0,121818
130,760000	0,123730
130,770000	0,119906
130,780000	0,120543
130,790000	0,119906
130,800000	0,121818
130,810000	0,120543
130,820000	0,119906
130,830000	0,116719
130,840000	0,117356
130,850000	0,123093
130,860000	0,120543
130,870000	0,121181
130,880000	0,118631
130,890000	0,118631
130,900000	0,119269
130,910000	0,121818
130,920000	0,120543
130,930000	0,117994
130,940000	0,121181
130,950000	0,118631
130,960000	0,123093
130,970000	0,117994
130,980000	0,117994
130,990000	0,119906
131,000000	0,125005
131,010000	0,117994
131,020000	0,117994
131,030000	0,119906
131,040000	0,121818
131,050000	0,118631
131,060000	0,117356
131,070000	0,117994
131,080000	0,120543
131,090000	0,117356
131,100000	0,121818
131,110000	0,114807
131,120000	0,123730
131,130000	0,117994
131,140000	0,117994
131,150000	0,116719
131,160000	0,121181
131,170000	0,119906
131,180000	0,118631
131,190000	0,121181
131,200000	0,121181
131,210000	0,117356
131,220000	0,119906
131,230000	0,118631
131,240000	0,123093
131,250000	0,117994
131,260000	0,117356
131,270000	0,118631
131,280000	0,123730
131,290000	0,123730
131,300000	0,119906
131,310000	0,120543
131,320000	0,123093
131,330000	0,119269
131,340000	0,117994
131,350000	0,117356
131,360000	0,117356
131,370000	0,116082
131,380000	0,119269
131,390000	0,116082
131,400000	0,116719
131,410000	0,121181
131,420000	0,114170
131,430000	0,117994
131,440000	0,119906
131,450000	0,119269
131,460000	0,116719
131,470000	0,119906
131,480000	0,116082
131,490000	0,123730
131,500000	0,112258
131,510000	0,117356
131,520000	0,117356
131,530000	0,120543
131,540000	0,117356
131,550000	0,122455
131,560000	0,121181
131,570000	0,120543
131,580000	0,122455
131,590000	0,118631
131,600000	0,116082
131,610000	0,113532
131,620000	0,118631
131,630000	0,126280
131,640000	0,109071
131,650000	0,122455
131,660000	0,121181
131,670000	0,118631
131,680000	0,123730
131,690000	0,125005
131,700000	0,116719
131,710000	0,126280
131,720000	0,114170
131,730000	0,117356
131,740000	0,120543
131,750000	0,107159
131,760000	0,121181
131,770000	0,123730
131,780000	0,102060
131,790000	0,119269
131,800000	0,122455
131,810000	0,123730
131,820000	0,117356
131,830000	0,116082
131,840000	0,127554
131,850000	0,114807
131,860000	0,117994
131,870000	0,119269
131,880000	0,116719
131,890000	0,119269
131,900000	0,095049
131,910000	0,119269
131,920000	0,119906
131,930000	0,112895
131,940000	0,121181
131,950000	0,112258
131,960000	0,132653
131,970000	0,120543
131,980000	0,123093
131,990000	0,109071
132,000000	0,121181
132,010000	0,108433
132,020000	0,091862
132,030000	0,118631
132,040000	0,109071
132,050000	0,121818
132,060000	0,117356
132,070000	0,102060
132,080000	0,110345
132,090000	0,115444
132,100000	0,104609
132,110000	0,106521
132,120000	0,117356
132,130000	0,102060
132,140000	0,114170
132,150000	0,121181
132,160000	0,119906
132,170000	0,115444
132,180000	0,119269
132,190000	0,095686
132,200000	0,117994
132,210000	0,119906
132,220000	0,107159
132,230000	0,119906
132,240000	0,113532
132,250000	0,115444
132,260000	0,119906
132,270000	0,117994
132,280000	0,118631
132,290000	0,116082
132,300000	0,119269
132,310000	0,113532
132,320000	0,119906
132,330000	0,117356
132,340000	0,123093
132,350000	0,118631
132,360000	0,118631
132,370000	0,123093
132,380000	0,119906
132,390000	0,115444
132,400000	0,119269
132,410000	0,119906
132,420000	0,121181
132,430000	0,112895
132,440000	0,118631
132,450000	0,114807
132,460000	0,117994
132,470000	0,123093
132,480000	0,120543
132,490000	0,119269
132,500000	0,119906
132,510000	0,122455
132,520000	0,116082
132,530000	0,116082
132,540000	0,119269
132,550000	0,119906
132,560000	0,109071
132,570000	0,119906
132,580000	0,119269
132,590000	0,121181
132,600000	0,107159
132,610000	0,121181
132,620000	0,125005
132,630000	0,112895
132,640000	0,119906
132,650000	0,121181
132,660000	0,117356
132,670000	0,116082
132,680000	0,116719
132,690000	0,123730
132,700000	0,128829
132,710000	0,109708
132,720000	0,119906
132,730000	0,129466
132,740000	0,142214
132,750000	0,119906
132,760000	0,112895
132,770000	0,128829
132,780000	0,119269
132,790000	0,121181
132,800000	0,088675
132,810000	0,118631
132,820000	0,140939
132,830000	0,091862
132,840000	0,119269
132,850000	0,139027
132,860000	0,102697
132,870000	0,116719
132,880000	0,142851
132,890000	0,129466
132,900000	0,116719
132,910000	0,152412
132,920000	0,117356
132,930000	0,116719
132,940000	0,131379
132,950000	0,124367
132,960000	0,120543
132,970000	0,079752
132,980000	0,125642
132,990000	0,121181
133,000000	0,051708
133,010000	0,115444
133,020000	0,120543
133,030000	0,114807
133,040000	0,117356
133,050000	0,117356
133,060000	0,145401
133,070000	0,114170
133,080000	0,116082
133,090000	0,139027
133,100000	0,118631
133,110000	0,117994
133,120000	0,117356
133,130000	0,121181
133,140000	0,115444
133,150000	0,119906
133,160000	0,121818
133,170000	0,119906
133,180000	0,114170
133,190000	0,118631
133,200000	0,117994
133,210000	0,116082
133,220000	0,117356
133,230000	0,112895
133,240000	0,116082
133,250000	0,118631
133,260000	0,112258
133,270000	0,118631
133,280000	0,117356
133,290000	0,125005
133,300000	0,117356
133,310000	0,122455
133,320000	0,121818
133,330000	0,116719
133,340000	0,113532
133,350000	0,108433
133,360000	0,114807
133,370000	0,119906
133,380000	0,107159
133,390000	0,114170
133,400000	0,119269
133,410000	0,116082
133,420000	0,125005
133,430000	0,119269
133,440000	0,121181
133,450000	0,123093
133,460000	0,121818
133,470000	0,115444
133,480000	0,116082
133,490000	0,135840
133,500000	0,110345
133,510000	0,103972
133,520000	0,106521
133,530000	0,126280
133,540000	0,119269
133,550000	0,106521
133,560000	0,133928
133,570000	0,120543
133,580000	0,112258
133,590000	0,101422
133,600000	0,110345
133,610000	0,121181
133,620000	0,101422
133,630000	0,117994
133,640000	0,113532
133,650000	0,097598
133,660000	0,126917
133,670000	0,121818
133,680000	0,088038
133,690000	0,126280
133,700000	0,117356
133,710000	0,129466
133,720000	0,113532
133,730000	0,114807
133,740000	0,153686
133,750000	0,115444
133,760000	0,130104
133,770000	0,112895
133,780000	0,114807
133,790000	0,104609
133,800000	0,121181
133,810000	0,119906
133,820000	0,096323
133,830000	0,165159
133,840000	0,118631
133,850000	0,093137
133,860000	0,109708
133,870000	0,116082
133,880000	0,165159
133,890000	0,111620
133,900000	0,114807
133,910000	0,110983
133,920000	0,116082
133,930000	0,116719
133,940000	0,085488
133,950000	0,116082
133,960000	0,116082
133,970000	0,095686
133,980000	0,113532
133,990000	0,120543
134,000000	0,116082
134,010000	0,116719
134,020000	0,112258
134,030000	0,112895
134,040000	0,111620
134,050000	0,115444
134,060000	0,112895
134,070000	0,114807
134,080000	0,116719
134,090000	0,121181
134,100000	0,114170
134,110000	0,117994
134,120000	0,117356
134,130000	0,117356
134,140000	0,112258
134,150000	0,119269
134,160000	0,110983
134,170000	0,123730
134,180000	0,110983
134,190000	0,112258
134,200000	0,109708
134,210000	0,112258
134,220000	0,121181
134,230000	0,108433
134,240000	0,116719
134,250000	0,123093
134,260000	0,122455
134,270000	0,123093
134,280000	0,107159
134,290000	0,122455
134,300000	0,117356
134,310000	0,123093
134,320000	0,092499
134,330000	0,119906
134,340000	0,112258
134,350000	0,103334
134,360000	0,124367
134,370000	0,121181
134,380000	0,121181
134,390000	0,134565
134,400000	0,115444
134,410000	0,128192
134,420000	0,126917
134,430000	0,106521
134,440000	0,119906
134,450000	0,122455
134,460000	0,118631
134,470000	0,119906
134,480000	0,125005
134,490000	0,110345
134,500000	0,119906
134,510000	0,124367
134,520000	0,102060
134,530000	0,110345
134,540000	0,142214
134,550000	0,112895
134,560000	0,117356
134,570000	0,114170
134,580000	0,117994
134,590000	0,126280
134,600000	0,083576
134,610000	0,121181
134,620000	0,116082
134,630000	0,091224
134,640000	0,125005
134,650000	0,115444
134,660000	0,154324
134,670000	0,114170
134,680000	0,130741
134,690000	0,134565
134,700000	0,119269
134,710000	0,118631
134,720000	0,058719
134,730000	0,122455
134,740000	0,104609
134,750000	0,080389
134,760000	0,137752
134,770000	0,116719
134,780000	0,130741
134,790000	0,112258
134,800000	0,099510
134,810000	0,150499
134,820000	0,110983
134,830000	0,118631
134,840000	0,123093
134,850000	0,118631
134,860000	0,126917
134,870000	0,117356
134,880000	0,124367
134,890000	0,114807
134,900000	0,117994
134,910000	0,123093
134,920000	0,112258
134,930000	0,116082
134,940000	0,110345
134,950000	0,112895
134,960000	0,091862
134,970000	0,116719
134,980000	0,079114
134,990000	0,114807
135,000000	0,084213
135,010000	0,112258
135,020000	0,126917
135,030000	0,114807
135,040000	0,144126
135,050000	0,118631
135,060000	0,135203
135,070000	0,126280
135,080000	0,118631
135,090000	0,116719
135,100000	0,099510
135,110000	0,122455
135,120000	0,107796
135,130000	0,114170
135,140000	0,111620
135,150000	0,128829
135,160000	0,131379
135,170000	0,110345
135,180000	0,129466
135,190000	0,142851
135,200000	0,122455
135,210000	0,107159
135,220000	0,109071
135,230000	0,109708
135,240000	0,109708
135,250000	0,112895
135,260000	0,102697
135,270000	0,126917
135,280000	0,111620
135,290000	0,109708
135,300000	0,120543
135,310000	0,109708
135,320000	0,103334
135,330000	0,103972
135,340000	0,119906
135,350000	0,123730
135,360000	0,109708
135,370000	0,117356
135,380000	0,124367
135,390000	0,109071
135,400000	0,121818
135,410000	0,139027
135,420000	0,128829
135,430000	0,110983
135,440000	0,114170
135,450000	0,139027
135,460000	0,110983
135,470000	0,117994
135,480000	0,103972
135,490000	0,119906
135,500000	0,081027
135,510000	0,106521
135,520000	0,119269
135,530000	0,138390
135,540000	0,114807
135,550000	0,121818
135,560000	0,130104
135,570000	0,112258
135,580000	0,111620
135,590000	0,167071
135,600000	0,117356
135,610000	0,104609
135,620000	0,138390
135,630000	0,109708
135,640000	0,112258
135,650000	0,093774
135,660000	0,114170
135,670000	0,111620
135,680000	0,091862
135,690000	0,116082
135,700000	0,110983
135,710000	0,114807
135,720000	0,114807
135,730000	0,111620
135,740000	0,117356
135,750000	0,117356
135,760000	0,109708
135,770000	0,114170
135,780000	0,110345
135,790000	0,113532
135,800000	0,097598
135,810000	0,117356
135,820000	0,114170
135,830000	0,123730
135,840000	0,114807
135,850000	0,116082
135,860000	0,119269
135,870000	0,110345
135,880000	0,112258
135,890000	0,110983
135,900000	0,112895
135,910000	0,112258
135,920000	0,106521
135,930000	0,116082
135,940000	0,120543
135,950000	0,116719
135,960000	0,118631
135,970000	0,114170
135,980000	0,118631
135,990000	0,117356
136,000000	0,113532
136,010000	0,115444
136,020000	0,117356
136,030000	0,112258
136,040000	0,114170
136,050000	0,109708
136,060000	0,116719
136,070000	0,119269
136,080000	0,106521
136,090000	0,129466
136,100000	0,117356
136,110000	0,119269
136,120000	0,119269
136,130000	0,111620
136,140000	0,118631
136,150000	0,112895
136,160000	0,112258
136,170000	0,117994
136,180000	0,110983
136,190000	0,108433
136,200000	0,112258
136,210000	0,138390
136,220000	0,112258
136,230000	0,114807
136,240000	0,125642
136,250000	0,091224
136,260000	0,108433
136,270000	0,096323
136,280000	0,117356
136,290000	0,112258
136,300000	0,123093
136,310000	0,110983
136,320000	0,113532
136,330000	0,136477
136,340000	0,121181
136,350000	0,118631
136,360000	0,077202
136,370000	0,124367
136,380000	0,110983
136,390000	0,079114
136,400000	0,124367
136,410000	0,120543
136,420000	0,125642
136,430000	0,090587
136,440000	0,117356
136,450000	0,130104
136,460000	0,120543
136,470000	0,114807
136,480000	0,114170
136,490000	0,135840
136,500000	0,112258
136,510000	0,117356
136,520000	0,121181
136,530000	0,115444
136,540000	0,114170
136,550000	0,114170
136,560000	0,119269
136,570000	0,115444
136,580000	0,110983
136,590000	0,112895
136,600000	0,112258
136,610000	0,118631
136,620000	0,113532
136,630000	0,114807
136,640000	0,114170
136,650000	0,115444
136,660000	0,116719
136,670000	0,115444
136,680000	0,115444
136,690000	0,115444
136,700000	0,116082
136,710000	0,116082
136,720000	0,117356
136,730000	0,115444
136,740000	0,115444
136,750000	0,116082
136,760000	0,117994
136,770000	0,113532
136,780000	0,112258
136,790000	0,113532
136,800000	0,114170
136,810000	0,112258
136,820000	0,117994
136,830000	0,117356
136,840000	0,114170
136,850000	0,117994
136,860000	0,114807
136,870000	0,112258
136,880000	0,116082
136,890000	0,114170
136,900000	0,113532
136,910000	0,116082
136,920000	0,117356
136,930000	0,112895
136,940000	0,114807
136,950000	0,112258
136,960000	0,114807
136,970000	0,114170
136,980000	0,113532
136,990000	0,116082
137,000000	0,116082
137,010000	0,114807
137,020000	0,112895
137,030000	0,114807
137,040000	0,116719
137,050000	0,113532
137,060000	0,115444
137,070000	0,115444
137,080000	0,111620
137,090000	0,112258
137,100000	0,114170
137,110000	0,115444
137,120000	0,112258
137,130000	0,119906
137,140000	0,113532
137,150000	0,114170
137,160000	0,115444
137,170000	0,117356
137,180000	0,112258
137,190000	0,112895
137,200000	0,112258
137,210000	0,114170
137,220000	0,113532
137,230000	0,117356
137,240000	0,113532
137,250000	0,115444
137,260000	0,116082
137,270000	0,116082
137,280000	0,112258
137,290000	0,116719
137,300000	0,112895
137,310000	0,115444
137,320000	0,113532
137,330000	0,113532
137,340000	0,112895
137,350000	0,116082
137,360000	0,115444
137,370000	0,114170
137,380000	0,113532
137,390000	0,115444
137,400000	0,114807
137,410000	0,113532
137,420000	0,115444
137,430000	0,116082
137,440000	0,112895
137,450000	0,116719
137,460000	0,113532
137,470000	0,113532
137,480000	0,112895
137,490000	0,115444
137,500000	0,112895
137,510000	0,114170
137,520000	0,112258
137,530000	0,116082
137,540000	0,110983
137,550000	0,110983
137,560000	0,112258
137,570000	0,112258
137,580000	0,112895
137,590000	0,112258
137,600000	0,114170
137,610000	0,112895
137,620000	0,112258
137,630000	0,112258
137,640000	0,112895
137,650000	0,113532
137,660000	0,114807
137,670000	0,112895
137,680000	0,112895
137,690000	0,112895
137,700000	0,114170
137,710000	0,112258
137,720000	0,112895
137,730000	0,114807
137,740000	0,113532
137,750000	0,112258
137,760000	0,112258
137,770000	0,113532
137,780000	0,112895
137,790000	0,114170
137,800000	0,114170
137,810000	0,110983
137,820000	0,114807
137,830000	0,112258
137,840000	0,115444
137,850000	0,112258
137,860000	0,112258
137,870000	0,112895
137,880000	0,110983
137,890000	0,112258
137,900000	0,110983
137,910000	0,113532
137,920000	0,114170
137,930000	0,114807
137,940000	0,110345
137,950000	0,110983
137,960000	0,111620
137,970000	0,111620
137,980000	0,110983
137,990000	0,110983
138,000000	0,114170
138,010000	0,114807
138,020000	0,114807
138,030000	0,112258
138,040000	0,114170
138,050000	0,112258
138,060000	0,112258
138,070000	0,112258
138,080000	0,114807
138,090000	0,113532
138,100000	0,112258
138,110000	0,113532
138,120000	0,112258
138,130000	0,114170
138,140000	0,109708
138,150000	0,112258
138,160000	0,111620
138,170000	0,114807
138,180000	0,110983
138,190000	0,113532
138,200000	0,110983
138,210000	0,116082
138,220000	0,113532
138,230000	0,116082
138,240000	0,112895
138,250000	0,112895
138,260000	0,113532
138,270000	0,112895
138,280000	0,114807
138,290000	0,112258
138,300000	0,110983
138,310000	0,116719
138,320000	0,113532
138,330000	0,112895
138,340000	0,112258
138,350000	0,112258
138,360000	0,112258
138,370000	0,113532
138,380000	0,112258
138,390000	0,114807
138,400000	0,110983
138,410000	0,114807
138,420000	0,112258
138,430000	0,114170
138,440000	0,109708
138,450000	0,115444
138,460000	0,112258
138,470000	0,115444
138,480000	0,112258
138,490000	0,116082
138,500000	0,112258
138,510000	0,116082
138,520000	0,111620
138,530000	0,114170
138,540000	0,112258
138,550000	0,114807
138,560000	0,114170
138,570000	0,114807
138,580000	0,114170
138,590000	0,113532
138,600000	0,112895
138,610000	0,113532
138,620000	0,112258
138,630000	0,117356
138,640000	0,113532
138,650000	0,114807
138,660000	0,115444
138,670000	0,112258
138,680000	0,113532
138,690000	0,112258
138,700000	0,116082
138,710000	0,112258
138,720000	0,112258
138,730000	0,112895
138,740000	0,113532
138,750000	0,111620
138,760000	0,118631
138,770000	0,116082
138,780000	0,113532
138,790000	0,115444
138,800000	0,112895
138,810000	0,114807
138,820000	0,113532
138,830000	0,114170
138,840000	0,114807
138,850000	0,113532
138,860000	0,114170
138,870000	0,112258
138,880000	0,116719
138,890000	0,114170
138,900000	0,112258
138,910000	0,103972
138,920000	0,112258
138,930000	0,113532
138,940000	0,114170
138,950000	0,115444
138,960000	0,114170
138,970000	0,112895
138,980000	0,114170
138,990000	0,114807
139,000000	0,113532
139,010000	0,112258
139,020000	0,116719
139,030000	0,114807
139,040000	0,115444
139,050000	0,109708
139,060000	0,114807
139,070000	0,112258
139,080000	0,112895
139,090000	0,114807
139,100000	0,112895
139,110000	0,116719
139,120000	0,110983
139,130000	0,112258
139,140000	0,111620
139,150000	0,114170
139,160000	0,113532
139,170000	0,109708
139,180000	0,112895
139,190000	0,112895
139,200000	0,112258
139,210000	0,114170
139,220000	0,112258
139,230000	0,116082
139,240000	0,111620
139,250000	0,114170
139,260000	0,114807
139,270000	0,110345
139,280000	0,112258
139,290000	0,111620
139,300000	0,111620
139,310000	0,112895
139,320000	0,110983
139,330000	0,114170
139,340000	0,109071
139,350000	0,115444
139,360000	0,110345
139,370000	0,115444
139,380000	0,113532
139,390000	0,114807
139,400000	0,114807
139,410000	0,113532
139,420000	0,112895
139,430000	0,111620
139,440000	0,110983
139,450000	0,110983
139,460000	0,114170
139,470000	0,115444
139,480000	0,112258
139,490000	0,112895
139,500000	0,113532
139,510000	0,112258
139,520000	0,112258
139,530000	0,114807
139,540000	0,110345
139,550000	0,114807
139,560000	0,112258
139,570000	0,112895
139,580000	0,110345
139,590000	0,114807
139,600000	0,111620
139,610000	0,112258
139,620000	0,112258
139,630000	0,110983
139,640000	0,110983
139,650000	0,113532
139,660000	0,113532
139,670000	0,112258
139,680000	0,112258
139,690000	0,112258
139,700000	0,112895
139,710000	0,110345
139,720000	0,112258
139,730000	0,112895
139,740000	0,109708
139,750000	0,113532
139,760000	0,112258
139,770000	0,112258
139,780000	0,110345
139,790000	0,112258
139,800000	0,110345
139,810000	0,113532
139,820000	0,106521
139,830000	0,116082
139,840000	0,107796
139,850000	0,115444
139,860000	0,107796
139,870000	0,115444
139,880000	0,107159
139,890000	0,116082
139,900000	0,108433
139,910000	0,114807
139,920000	0,109071
139,930000	0,107796
139,940000	0,110345
139,950000	0,113532
139,960000	0,111620
139,970000	0,112895
139,980000	0,109071
139,990000	0,112258
140,000000	0,110345
140,010000	0,114807
140,020000	0,108433
140,030000	0,110983
140,040000	0,110345
140,050000	0,114170
140,060000	0,110345
140,070000	0,112258
140,080000	0,111620
140,090000	0,112258
140,100000	0,112895
140,110000	0,110345
140,120000	0,110983
140,130000	0,114170
140,140000	0,111620
140,150000	0,109708
140,160000	0,110345
140,170000	0,111620
140,180000	0,110983
140,190000	0,112895
140,200000	0,109708
140,210000	0,109708
140,220000	0,112258
140,230000	0,110983
140,240000	0,110983
140,250000	0,112258
140,260000	0,112258
140,270000	0,109708
140,280000	0,110345
140,290000	0,112258
140,300000	0,112258
140,310000	0,110983
140,320000	0,111620
140,330000	0,112895
140,340000	0,112258
140,350000	0,110983
140,360000	0,112258
140,370000	0,112258
140,380000	0,112895
140,390000	0,112258
140,400000	0,115444
140,410000	0,112258
140,420000	0,109708
140,430000	0,114170
140,440000	0,112258
140,450000	0,112895
140,460000	0,109708
140,470000	0,113532
140,480000	0,114807
140,490000	0,114170
140,500000	0,110983
140,510000	0,112258
140,520000	0,113532
140,530000	0,113532
140,540000	0,109708
140,550000	0,112895
140,560000	0,112258
140,570000	0,112895
140,580000	0,108433
140,590000	0,112258
140,600000	0,112258
140,610000	0,112895
140,620000	0,112258
140,630000	0,109708
140,640000	0,109708
140,650000	0,110983
140,660000	0,111620
140,670000	0,112258
140,680000	0,112258
140,690000	0,112258
140,700000	0,110983
140,710000	0,112258
140,720000	0,109071
140,730000	0,114807
140,740000	0,111620
140,750000	0,112895
140,760000	0,111620
140,770000	0,112895
140,780000	0,109708
140,790000	0,112258
140,800000	0,109708
140,810000	0,113532
140,820000	0,110983
140,830000	0,113532
140,840000	0,110983
140,850000	0,114170
140,860000	0,111620
140,870000	0,112895
140,880000	0,112895
140,890000	0,111620
140,900000	0,113532
140,910000	0,110983
140,920000	0,113532
140,930000	0,113532
140,940000	0,112895
140,950000	0,113532
140,960000	0,111620
140,970000	0,112895
140,980000	0,109071
140,990000	0,112258
141,000000	0,112258
141,010000	0,113532
141,020000	0,112258
141,030000	0,111620
141,040000	0,112258
141,050000	0,112258
141,060000	0,111620
141,070000	0,112895
141,080000	0,110983
141,090000	0,112258
141,100000	0,110345
141,110000	0,112258
141,120000	0,113532
141,130000	0,111620
141,140000	0,112895
141,150000	0,109708
141,160000	0,111620
141,170000	0,112258
141,180000	0,113532
141,190000	0,110345
141,200000	0,114807
141,210000	0,112258
141,220000	0,112258
141,230000	0,111620
141,240000	0,112895
141,250000	0,109708
141,260000	0,111620
141,270000	0,110983
141,280000	0,110983
141,290000	0,112895
141,300000	0,110983
141,310000	0,113532
141,320000	0,110345
141,330000	0,112258
141,340000	0,110983
141,350000	0,112258
141,360000	0,109708
141,370000	0,112258
141,380000	0,110345
141,390000	0,109071
141,400000	0,111620
141,410000	0,112895
141,420000	0,110983
141,430000	0,110983
141,440000	0,111620
141,450000	0,110983
141,460000	0,109708
141,470000	0,110345
141,480000	0,109708
141,490000	0,110983
141,500000	0,110345
141,510000	0,110345
141,520000	0,111620
141,530000	0,110983
141,540000	0,109708
141,550000	0,112258
141,560000	0,109708
141,570000	0,109708
141,580000	0,109071
141,590000	0,112258
141,600000	0,112258
141,610000	0,110983
141,620000	0,111620
141,630000	0,110345
141,640000	0,110983
141,650000	0,110345
141,660000	0,112258
141,670000	0,112258
141,680000	0,108433
141,690000	0,111620
141,700000	0,110345
141,710000	0,110983
141,720000	0,108433
141,730000	0,112258
141,740000	0,112258
141,750000	0,109708
141,760000	0,112258
141,770000	0,109708
141,780000	0,109071
141,790000	0,110345
141,800000	0,110983
141,810000	0,109071
141,820000	0,110345
141,830000	0,110345
141,840000	0,110983
141,850000	0,108433
141,860000	0,109071
141,870000	0,109708
141,880000	0,111620
141,890000	0,112895
141,900000	0,110345
141,910000	0,109708
141,920000	0,110345
141,930000	0,111620
141,940000	0,109708
141,950000	0,111620
141,960000	0,109708
141,970000	0,110983
141,980000	0,107159
141,990000	0,109071
142,000000	0,110345
142,010000	0,112258
142,020000	0,116082
142,030000	0,110983
142,040000	0,110345
142,050000	0,112258
142,060000	0,106521
142,070000	0,112258
142,080000	0,106521
142,090000	0,111620
142,100000	0,108433
142,110000	0,110983
142,120000	0,112258
142,130000	0,112895
142,140000	0,110983
142,150000	0,112895
142,160000	0,112258
142,170000	0,111620
142,180000	0,109071
142,190000	0,111620
142,200000	0,112258
142,210000	0,109708
142,220000	0,107159
142,230000	0,109708
142,240000	0,111620
142,250000	0,108433
142,260000	0,107796
142,270000	0,109708
142,280000	0,109708
142,290000	0,109708
142,300000	0,107159
142,310000	0,109071
142,320000	0,109071
142,330000	0,112895
142,340000	0,110983
142,350000	0,110983
142,360000	0,111620
142,370000	0,109708
142,380000	0,112895
142,390000	0,111620
142,400000	0,109071
142,410000	0,110345
142,420000	0,107796
142,430000	0,112258
142,440000	0,109708
142,450000	0,112258
142,460000	0,109071
142,470000	0,112258
142,480000	0,109708
142,490000	0,112258
142,500000	0,111620
142,510000	0,109708
142,520000	0,109708
142,530000	0,111620
142,540000	0,109708
142,550000	0,109708
142,560000	0,111620
142,570000	0,110983
142,580000	0,110983
142,590000	0,112258
142,600000	0,111620
142,610000	0,110345
142,620000	0,110345
142,630000	0,112258
142,640000	0,110983
142,650000	0,111620
142,660000	0,110345
142,670000	0,111620
142,680000	0,110345
142,690000	0,110345
142,700000	0,109071
142,710000	0,110345
142,720000	0,110345
142,730000	0,112258
142,740000	0,109708
142,750000	0,112258
142,760000	0,108433
142,770000	0,109708
142,780000	0,112258
142,790000	0,107159
142,800000	0,109708
142,810000	0,110345
142,820000	0,113532
142,830000	0,110345
142,840000	0,110983
142,850000	0,112895
142,860000	0,112258
142,870000	0,110345
142,880000	0,111620
142,890000	0,111620
142,900000	0,109708
142,910000	0,109071
142,920000	0,112258
142,930000	0,112258
142,940000	0,109708
142,950000	0,110345
142,960000	0,110345
142,970000	0,107159
142,980000	0,109708
142,990000	0,112258
143,000000	0,109708
143,010000	0,111620
143,020000	0,112895
143,030000	0,110345
143,040000	0,110345
143,050000	0,111620
143,060000	0,110345
143,070000	0,109071
143,080000	0,110983
143,090000	0,112895
143,100000	0,110983
143,110000	0,109708
143,120000	0,112258
143,130000	0,109708
143,140000	0,112258
143,150000	0,104609
143,160000	0,112258
143,170000	0,112258
143,180000	0,109071
143,190000	0,110345
143,200000	0,110345
143,210000	0,108433
143,220000	0,110983
143,230000	0,109708
143,240000	0,111620
143,250000	0,110345
143,260000	0,110345
143,270000	0,111620
143,280000	0,109071
143,290000	0,114170
143,300000	0,110983
143,310000	0,112895
143,320000	0,109071
143,330000	0,106521
143,340000	0,109708
143,350000	0,109708
143,360000	0,107796
143,370000	0,109708
143,380000	0,110983
143,390000	0,109708
143,400000	0,112258
143,410000	0,106521
143,420000	0,110983
143,430000	0,105884
143,440000	0,110345
143,450000	0,110345
143,460000	0,109708
143,470000	0,111620
143,480000	0,110983
143,490000	0,106521
143,500000	0,109071
143,510000	0,108433
143,520000	0,109708
143,530000	0,107796
143,540000	0,110345
143,550000	0,110983
143,560000	0,110345
143,570000	0,107796
143,580000	0,109071
143,590000	0,106521
143,600000	0,110983
143,610000	0,107159
143,620000	0,111620
143,630000	0,107796
143,640000	0,110345
143,650000	0,106521
143,660000	0,107796
143,670000	0,110983
143,680000	0,107796
143,690000	0,107159
143,700000	0,109071
143,710000	0,109708
143,720000	0,106521
143,730000	0,111620
143,740000	0,108433
143,750000	0,109708
143,760000	0,112258
143,770000	0,109071
143,780000	0,106521
143,790000	0,106521
143,800000	0,108433
143,810000	0,112258
143,820000	0,108433
143,830000	0,109708
143,840000	0,105884
143,850000	0,112258
143,860000	0,107796
143,870000	0,109708
143,880000	0,109071
143,890000	0,110983
143,900000	0,109071
143,910000	0,106521
143,920000	0,107796
143,930000	0,111620
143,940000	0,109071
143,950000	0,108433
143,960000	0,108433
143,970000	0,111620
143,980000	0,108433
143,990000	0,109708
144,000000	0,107159
144,010000	0,109708
144,020000	0,111620
144,030000	0,108433
144,040000	0,108433
144,050000	0,107159
144,060000	0,107796
144,070000	0,107796
144,080000	0,109708
144,090000	0,109708
144,100000	0,109708
144,110000	0,109071
144,120000	0,107159
144,130000	0,109708
144,140000	0,107159
144,150000	0,112258
144,160000	0,107159
144,170000	0,107159
144,180000	0,107796
144,190000	0,109071
144,200000	0,109708
144,210000	0,109071
144,220000	0,106521
144,230000	0,112258
144,240000	0,109708
144,250000	0,105884
144,260000	0,109071
144,270000	0,107159
144,280000	0,109708
144,290000	0,109071
144,300000	0,109708
144,310000	0,105246
144,320000	0,107796
144,330000	0,108433
144,340000	0,112895
144,350000	0,108433
144,360000	0,111620
144,370000	0,109708
144,380000	0,114170
144,390000	0,109708
144,400000	0,107796
144,410000	0,108433
144,420000	0,104609
144,430000	0,107159
144,440000	0,110345
144,450000	0,107796
144,460000	0,109071
144,470000	0,109071
144,480000	0,103972
144,490000	0,109708
144,500000	0,105884
144,510000	0,107796
144,520000	0,105884
144,530000	0,107796
144,540000	0,106521
144,550000	0,109708
144,560000	0,109708
144,570000	0,106521
144,580000	0,109071
144,590000	0,109708
144,600000	0,106521
144,610000	0,116082
144,620000	0,105884
144,630000	0,109708
144,640000	0,104609
144,650000	0,112258
144,660000	0,105884
144,670000	0,109071
144,680000	0,107796
144,690000	0,107796
144,700000	0,111620
144,710000	0,107796
144,720000	0,109708
144,730000	0,114170
144,740000	0,106521
144,750000	0,112895
144,760000	0,106521
144,770000	0,121181
144,780000	0,109071
144,790000	0,110345
144,800000	0,107796
144,810000	0,110345
144,820000	0,106521
144,830000	0,107159
144,840000	0,107159
144,850000	0,107796
144,860000	0,107796
144,870000	0,109708
144,880000	0,110983
144,890000	0,107796
144,900000	0,107796
144,910000	0,109708
144,920000	0,107159
144,930000	0,114807
144,940000	0,109708
144,950000	0,112258
144,960000	0,091862
144,970000	0,113532
144,980000	0,108433
144,990000	0,116719
145,000000	0,109708
145,010000	0,111620
145,020000	0,109708
145,030000	0,110345
145,040000	0,107796
145,050000	0,085488
145,060000	0,110345
145,070000	0,107796
145,080000	0,121818
145,090000	0,121181
145,100000	0,109708
145,110000	0,127554
145,120000	0,109708
145,130000	0,110983
145,140000	0,129466
145,150000	0,105884
145,160000	0,110345
145,170000	0,104609
145,180000	0,111620
145,190000	0,109708
145,200000	0,109708
145,210000	0,105884
145,220000	0,109071
145,230000	0,109708
145,240000	0,107159
145,250000	0,110983
145,260000	0,107159
145,270000	0,107159
145,280000	0,107796
145,290000	0,105884
145,300000	0,108433
145,310000	0,111620
145,320000	0,106521
145,330000	0,114170
145,340000	0,106521
145,350000	0,112258
145,360000	0,107159
145,370000	0,109071
145,380000	0,114170
145,390000	0,112258
145,400000	0,105884
145,410000	0,106521
145,420000	0,121181
145,430000	0,105246
145,440000	0,112895
145,450000	0,116082
145,460000	0,115444
145,470000	0,112895
145,480000	0,111620
145,490000	0,105884
145,500000	0,125642
145,510000	0,107159
145,520000	0,103972
145,530000	0,120543
145,540000	0,102060
145,550000	0,116719
145,560000	0,111620
145,570000	0,100148
145,580000	0,105884
145,590000	0,102697
145,600000	0,103334
145,610000	0,107159
145,620000	0,103334
145,630000	0,116719
145,640000	0,103972
145,650000	0,095049
145,660000	0,103972
145,670000	0,102060
145,680000	0,104609
145,690000	0,096961
145,700000	0,106521
145,710000	0,107796
145,720000	0,094411
145,730000	0,114170
145,740000	0,109708
145,750000	0,125005
145,760000	0,113532
145,770000	0,109071
145,780000	0,134565
145,790000	0,099510
145,800000	0,106521
145,810000	0,077202
145,820000	0,109708
145,830000	0,093137
145,840000	0,077202
145,850000	0,097598
145,860000	0,103972
145,870000	0,080389
145,880000	0,103334
145,890000	0,108433
145,900000	0,159423
145,910000	0,116082
145,920000	0,104609
145,930000	0,140302
145,940000	0,108433
145,950000	0,100785
145,960000	0,117994
145,970000	0,113532
145,980000	0,110345
145,990000	0,082301
146,000000	0,112258
146,010000	0,106521
146,020000	0,102060
146,030000	0,112258
146,040000	0,112258
146,050000	0,112895
146,060000	0,110345
146,070000	0,118631
146,080000	0,114807
146,090000	0,119906
146,100000	0,119269
146,110000	0,126280
146,120000	0,121181
146,130000	0,120543
146,140000	0,125005
146,150000	0,130104
146,160000	0,132016
146,170000	0,132016
146,180000	0,132653
146,190000	0,142214
146,200000	0,141576
146,210000	0,146038
146,220000	0,153686
146,230000	0,168346
146,240000	0,155598
146,250000	0,153686
146,260000	0,179181
146,270000	0,181093
146,280000	0,185555
146,290000	0,194478
146,300000	0,184917
146,310000	0,197665
146,320000	0,196390
146,330000	0,181093
146,340000	0,193840
146,350000	0,225071
146,360000	0,202126
146,370000	0,181093
146,380000	0,218698
146,390000	0,205313
146,400000	0,191291
146,410000	0,234632
146,420000	0,234632
146,430000	0,216148
146,440000	0,235269
146,450000	0,188104
146,460000	0,234632
146,470000	0,219335
146,480000	0,216148
146,490000	0,221247
146,500000	0,214236
146,510000	0,201489
146,520000	0,228896
146,530000	0,212324
146,540000	0,226346
146,550000	0,225071
146,560000	0,240368
146,570000	0,221247
146,580000	0,220610
146,590000	0,265863
146,600000	0,219335
146,610000	0,218060
146,620000	0,254390
146,630000	0,228896
146,640000	0,210412
146,650000	0,193840
146,660000	0,237181
146,670000	0,225071
146,680000	0,225071
146,690000	0,233994
146,700000	0,244830
146,710000	0,297094
146,720000	0,230808
146,730000	0,241643
146,740000	0,147313
146,750000	0,233357
146,760000	0,274148
146,770000	0,152412
146,780000	0,237181
146,790000	0,250566
146,800000	0,253753
146,810000	0,254390
146,820000	0,191291
146,830000	0,244192
146,840000	0,239093
146,850000	0,291357
146,860000	0,236544
146,870000	0,233357
146,880000	0,293269
146,890000	0,242280
146,900000	0,245467
146,910000	0,248016
146,920000	0,235907
146,930000	0,241005
146,940000	0,239731
146,950000	0,235907
146,960000	0,239731
146,970000	0,249929
146,980000	0,244192
146,990000	0,239731
147,000000	0,241005
147,010000	0,235907
147,020000	0,246104
147,030000	0,226983
147,040000	0,242280
147,050000	0,248016
147,060000	0,240368
147,070000	0,255028
147,080000	0,248654
147,090000	0,263951
147,100000	0,254390
147,110000	0,247379
147,120000	0,255028
147,130000	0,260764
147,140000	0,244830
147,150000	0,249291
147,160000	0,243555
147,170000	0,242918
147,180000	0,246742
147,190000	0,228258
147,200000	0,229533
147,210000	0,230808
147,220000	0,256940
147,230000	0,242280
147,240000	0,241643
147,250000	0,272874
147,260000	0,293907
147,270000	0,247379
147,280000	0,232082
147,290000	0,293269
147,300000	0,218060
147,310000	0,225709
147,320000	0,233357
147,330000	0,244830
147,340000	0,217423
147,350000	0,240368
147,360000	0,248016
147,370000	0,242280
147,380000	0,220610
147,390000	0,258214
147,400000	0,247379
147,410000	0,242918
147,420000	0,205950
147,430000	0,250566
147,440000	0,265863
147,450000	0,195115
147,460000	0,270962
147,470000	0,248654
147,480000	0,239093
147,490000	0,240368
147,500000	0,262676
147,510000	0,311116
147,520000	0,251841
147,530000	0,264588
147,540000	0,262039
147,550000	0,252478
147,560000	0,234632
147,570000	0,170258
147,580000	0,243555
147,590000	0,239093
147,600000	0,299006
147,610000	0,248654
147,620000	0,242280
147,630000	0,204676
147,640000	0,251841
147,650000	0,186829
147,660000	0,246742
147,670000	0,246104
147,680000	0,235269
147,690000	0,248654
147,700000	0,258214
147,710000	0,195115
147,720000	0,246742
147,730000	0,250566
147,740000	0,223797
147,750000	0,245467
147,760000	0,241643
147,770000	0,239093
147,780000	0,257577
147,790000	0,249929
147,800000	0,254390
147,810000	0,240368
147,820000	0,251203
147,830000	0,263951
147,840000	0,260126
147,850000	0,250566
147,860000	0,262039
147,870000	0,256940
147,880000	0,260764
147,890000	0,251841
147,900000	0,246742
147,910000	0,253115
147,920000	0,252478
147,930000	0,246742
147,940000	0,247379
147,950000	0,248654
147,960000	0,258852
147,970000	0,257577
147,980000	0,269687
147,990000	0,256940
148,000000	0,260126
148,010000	0,250566
148,020000	0,246742
148,030000	0,240368
148,040000	0,270324
148,050000	0,262676
148,060000	0,240368
148,070000	0,270324
148,080000	0,257577
148,090000	0,219972
148,100000	0,259489
148,110000	0,258852
148,120000	0,260764
148,130000	0,257577
148,140000	0,255665
148,150000	0,269687
148,160000	0,276061
148,170000	0,255028
148,180000	0,249929
148,190000	0,256940
148,200000	0,259489
148,210000	0,253753
148,220000	0,270962
148,230000	0,253115
148,240000	0,260126
148,250000	0,279247
148,260000	0,254390
148,270000	0,260126
148,280000	0,248016
148,290000	0,253753
148,300000	0,246104
148,310000	0,254390
148,320000	0,261401
148,330000	0,241643
148,340000	0,281160
148,350000	0,258852
148,360000	0,262676
148,370000	0,256940
148,380000	0,256302
148,390000	0,257577
148,400000	0,253753
148,410000	0,256302
148,420000	0,246104
148,430000	0,259489
148,440000	0,260764
148,450000	0,255665
148,460000	0,258852
148,470000	0,258214
148,480000	0,256302
148,490000	0,257577
148,500000	0,258214
148,510000	0,260764
148,520000	0,258214
148,530000	0,259489
148,540000	0,265225
148,550000	0,259489
148,560000	0,260764
148,570000	0,257577
148,580000	0,265225
148,590000	0,262039
148,600000	0,259489
148,610000	0,263313
148,620000	0,245467
148,630000	0,260126
148,640000	0,262676
148,650000	0,259489
148,660000	0,265863
148,670000	0,259489
148,680000	0,267137
148,690000	0,255665
148,700000	0,262676
148,710000	0,263313
148,720000	0,258852
148,730000	0,258214
148,740000	0,263951
148,750000	0,262039
148,760000	0,267137
148,770000	0,263951
148,780000	0,276061
148,790000	0,263313
148,800000	0,264588
148,810000	0,261401
148,820000	0,260126
148,830000	0,266500
148,840000	0,262676
148,850000	0,265863
148,860000	0,259489
148,870000	0,269050
148,880000	0,260126
148,890000	0,263313
148,900000	0,263313
148,910000	0,262676
148,920000	0,263313
148,930000	0,263951
148,940000	0,246104
148,950000	0,267137
148,960000	0,265225
148,970000	0,264588
148,980000	0,264588
148,990000	0,262676
149,000000	0,265863
149,010000	0,262039
149,020000	0,261401
149,030000	0,259489
149,040000	0,263951
149,050000	0,255028
149,060000	0,262039
149,070000	0,265863
149,080000	0,260764
149,090000	0,263313
149,100000	0,272236
149,110000	0,262039
149,120000	0,265225
149,130000	0,266500
149,140000	0,265863
149,150000	0,265863
149,160000	0,263313
149,170000	0,268412
149,180000	0,265863
149,190000	0,269050
149,200000	0,262676
149,210000	0,263951
149,220000	0,263951
149,230000	0,265863
149,240000	0,265225
149,250000	0,265225
149,260000	0,265225
149,270000	0,269687
149,280000	0,264588
149,290000	0,272874
149,300000	0,265225
149,310000	0,265225
149,320000	0,266500
149,330000	0,263951
149,340000	0,263951
149,350000	0,265225
149,360000	0,264588
149,370000	0,266500
149,380000	0,267137
149,390000	0,265225
149,400000	0,267137
149,410000	0,267775
149,420000	0,264588
149,430000	0,263951
149,440000	0,268412
149,450000	0,265225
149,460000	0,270324
149,470000	0,265863
149,480000	0,272236
149,490000	0,270962
149,500000	0,265225
149,510000	0,264588
149,520000	0,268412
149,530000	0,261401
149,540000	0,269050
149,550000	0,267137
149,560000	0,267137
149,570000	0,263951
149,580000	0,267137
149,590000	0,262676
149,600000	0,269050
149,610000	0,263951
149,620000	0,263313
149,630000	0,262039
149,640000	0,248016
149,650000	0,263313
149,660000	0,267137
149,670000	0,262676
149,680000	0,263951
149,690000	0,263313
149,700000	0,269050
149,710000	0,261401
149,720000	0,264588
149,730000	0,260126
149,740000	0,264588
149,750000	0,264588
149,760000	0,263951
149,770000	0,265225
149,780000	0,268412
149,790000	0,267775
149,800000	0,263951
149,810000	0,262676
149,820000	0,269050
149,830000	0,263313
149,840000	0,267775
149,850000	0,264588
149,860000	0,263951
149,870000	0,262676
149,880000	0,267137
149,890000	0,263313
149,900000	0,269050
149,910000	0,259489
149,920000	0,267137
149,930000	0,259489
149,940000	0,264588
149,950000	0,264588
149,960000	0,265225
149,970000	0,263951
149,980000	0,267775
149,990000	0,262676
150,000000	0,269050
150,010000	0,262039
150,020000	0,267137
150,030000	0,262039
150,040000	0,265863
150,050000	0,260126
150,060000	0,269050
150,070000	0,263951
150,080000	0,260764
150,090000	0,264588
150,100000	0,268412
150,110000	0,264588
150,120000	0,267775
150,130000	0,268412
150,140000	0,262676
150,150000	0,267775
150,160000	0,267775
150,170000	0,260764
150,180000	0,270962
150,190000	0,260764
150,200000	0,270962
150,210000	0,263951
150,220000	0,266500
150,230000	0,267137
150,240000	0,267137
150,250000	0,265863
150,260000	0,279247
150,270000	0,268412
150,280000	0,269687
150,290000	0,267137
150,300000	0,267137
150,310000	0,262676
150,320000	0,270324
150,330000	0,265225
150,340000	0,267137
150,350000	0,267137
150,360000	0,267775
150,370000	0,269687
150,380000	0,265863
150,390000	0,265863
150,400000	0,268412
150,410000	0,269687
150,420000	0,251203
150,430000	0,266500
150,440000	0,264588
150,450000	0,270324
150,460000	0,277335
150,470000	0,270962
150,480000	0,267137
150,490000	0,265225
150,500000	0,269050
150,510000	0,266500
150,520000	0,271599
150,530000	0,265863
150,540000	0,265863
150,550000	0,267775
150,560000	0,269687
150,570000	0,267137
150,580000	0,270962
150,590000	0,267775
150,600000	0,269687
150,610000	0,267775
150,620000	0,270962
150,630000	0,270324
150,640000	0,270962
150,650000	0,269687
150,660000	0,257577
150,670000	0,266500
150,680000	0,271599
150,690000	0,268412
150,700000	0,272236
150,710000	0,270962
150,720000	0,271599
150,730000	0,265225
150,740000	0,270324
150,750000	0,272236
150,760000	0,271599
150,770000	0,268412
150,780000	0,274148
150,790000	0,270324
150,800000	0,273511
150,810000	0,269687
150,820000	0,284984
150,830000	0,269687
150,840000	0,273511
150,850000	0,270962
150,860000	0,274148
150,870000	0,271599
150,880000	0,276061
150,890000	0,271599
150,900000	0,274786
150,910000	0,273511
150,920000	0,272236
150,930000	0,271599
150,940000	0,272236
150,950000	0,271599
150,960000	0,275423
150,970000	0,270962
150,980000	0,256940
150,990000	0,269687
151,000000	0,274148
151,010000	0,268412
151,020000	0,271599
151,030000	0,270324
151,040000	0,277335
151,050000	0,271599
151,060000	0,274786
151,070000	0,270324
151,080000	0,272236
151,090000	0,270962
151,100000	0,274148
151,110000	0,269050
151,120000	0,272874
151,130000	0,272874
151,140000	0,280522
151,150000	0,274148
151,160000	0,272874
151,170000	0,277973
151,180000	0,271599
151,190000	0,274148
151,200000	0,272874
151,210000	0,272874
151,220000	0,270962
151,230000	0,274148
151,240000	0,272874
151,250000	0,270324
151,260000	0,270962
151,270000	0,270962
151,280000	0,272874
151,290000	0,269687
151,300000	0,269687
151,310000	0,274786
151,320000	0,272236
151,330000	0,272236
151,340000	0,274786
151,350000	0,274148
151,360000	0,270324
151,370000	0,270962
151,380000	0,273511
151,390000	0,270324
151,400000	0,271599
151,410000	0,269050
151,420000	0,272874
151,430000	0,271599
151,440000	0,272874
151,450000	0,271599
151,460000	0,276061
151,470000	0,270962
151,480000	0,275423
151,490000	0,270962
151,500000	0,270324
151,510000	0,270962
151,520000	0,272874
151,530000	0,269687
151,540000	0,273511
151,550000	0,270962
151,560000	0,272874
151,570000	0,267775
151,580000	0,274786
151,590000	0,269687
151,600000	0,270962
151,610000	0,269050
151,620000	0,272236
151,630000	0,269687
151,640000	0,269050
151,650000	0,267775
151,660000	0,274786
151,670000	0,270324
151,680000	0,270324
151,690000	0,270324
151,700000	0,272874
151,710000	0,270324
151,720000	0,267137
151,730000	0,269050
151,740000	0,270324
151,750000	0,269050
151,760000	0,272874
151,770000	0,269050
151,780000	0,269050
151,790000	0,268412
151,800000	0,269687
151,810000	0,269050
151,820000	0,271599
151,830000	0,267775
151,840000	0,275423
151,850000	0,266500
151,860000	0,272874
151,870000	0,267775
151,880000	0,274148
151,890000	0,269050
151,900000	0,274148
151,910000	0,270324
151,920000	0,269687
151,930000	0,269050
151,940000	0,271599
151,950000	0,269687
151,960000	0,271599
151,970000	0,270324
151,980000	0,267137
151,990000	0,269687
152,000000	0,269050
152,010000	0,272236
152,020000	0,270324
152,030000	0,273511
152,040000	0,270324
152,050000	0,275423
152,060000	0,267137
152,070000	0,276698
152,080000	0,269050
152,090000	0,270962
152,100000	0,267775
152,110000	0,272236
152,120000	0,270324
152,130000	0,271599
152,140000	0,272874
152,150000	0,273511
152,160000	0,272874
152,170000	0,272874
152,180000	0,269050
152,190000	0,271599
152,200000	0,272236
152,210000	0,269050
152,220000	0,272236
152,230000	0,271599
152,240000	0,277973
152,250000	0,270324
152,260000	0,277973
152,270000	0,268412
152,280000	0,272236
152,290000	0,266500
152,300000	0,288171
152,310000	0,266500
152,320000	0,276698
152,330000	0,263313
152,340000	0,274148
152,350000	0,269687
152,360000	0,272874
152,370000	0,267137
152,380000	0,276061
152,390000	0,268412
152,400000	0,272874
152,410000	0,265863
152,420000	0,277973
152,430000	0,272236
152,440000	0,271599
152,450000	0,265225
152,460000	0,254390
152,470000	0,274786
152,480000	0,274148
152,490000	0,275423
152,500000	0,276061
152,510000	0,270962
152,520000	0,272236
152,530000	0,275423
152,540000	0,271599
152,550000	0,272874
152,560000	0,277973
152,570000	0,272236
152,580000	0,276061
152,590000	0,273511
152,600000	0,274148
152,610000	0,267775
152,620000	0,271599
152,630000	0,275423
152,640000	0,270962
152,650000	0,280522
152,660000	0,277335
152,670000	0,270324
152,680000	0,274148
152,690000	0,275423
152,700000	0,280522
152,710000	0,280522
152,720000	0,275423
152,730000	0,277973
152,740000	0,277335
152,750000	0,271599
152,760000	0,274786
152,770000	0,281160
152,780000	0,277973
152,790000	0,271599
152,800000	0,276061
152,810000	0,272236
152,820000	0,271599
152,830000	0,277973
152,840000	0,276061
152,850000	0,275423
152,860000	0,276698
152,870000	0,277335
152,880000	0,277335
152,890000	0,277335
152,900000	0,280522
152,910000	0,286258
152,920000	0,275423
152,930000	0,279885
152,940000	0,276061
152,950000	0,279885
152,960000	0,277335
152,970000	0,273511
152,980000	0,273511
152,990000	0,274786
153,000000	0,274786
153,010000	0,277973
153,020000	0,272874
153,030000	0,276698
153,040000	0,275423
153,050000	0,281797
153,060000	0,274148
153,070000	0,278610
153,080000	0,275423
153,090000	0,273511
153,100000	0,279885
153,110000	0,272874
153,120000	0,277973
153,130000	0,276698
153,140000	0,275423
153,150000	0,276061
153,160000	0,274786
153,170000	0,274786
153,180000	0,271599
153,190000	0,272236
153,200000	0,277335
153,210000	0,265863
153,220000	0,266500
153,230000	0,265863
153,240000	0,262039
153,250000	0,265863
153,260000	0,261401
153,270000	0,263313
153,280000	0,262676
153,290000	0,262676
153,300000	0,258214
153,310000	0,260764
153,320000	0,253753
153,330000	0,260126
153,340000	0,253753
153,350000	0,263313
153,360000	0,263313
153,370000	0,261401
153,380000	0,257577
153,390000	0,262039
153,400000	0,258852
153,410000	0,262039
153,420000	0,256940
153,430000	0,258214
153,440000	0,261401
153,450000	0,262676
153,460000	0,262039
153,470000	0,258214
153,480000	0,263313
153,490000	0,260126
153,500000	0,257577
153,510000	0,256302
153,520000	0,255028
153,530000	0,259489
153,540000	0,258852
153,550000	0,260764
153,560000	0,259489
153,570000	0,256940
153,580000	0,255028
153,590000	0,259489
153,600000	0,255665
153,610000	0,262039
153,620000	0,254390
153,630000	0,264588
153,640000	0,260126
153,650000	0,263951
153,660000	0,258214
153,670000	0,261401
153,680000	0,262039
153,690000	0,260764
153,700000	0,258214
153,710000	0,257577
153,720000	0,262676
153,730000	0,260126
153,740000	0,256302
153,750000	0,258852
153,760000	0,255665
153,770000	0,254390
153,780000	0,263313
153,790000	0,261401
153,800000	0,255665
153,810000	0,258214
153,820000	0,262039
153,830000	0,254390
153,840000	0,261401
153,850000	0,262039
153,860000	0,260126
153,870000	0,258214
153,880000	0,258852
153,890000	0,255665
153,900000	0,260126
153,910000	0,258852
153,920000	0,259489
153,930000	0,256940
153,940000	0,260126
153,950000	0,253115
153,960000	0,262676
153,970000	0,252478
153,980000	0,262676
153,990000	0,254390
154,000000	0,262676
154,010000	0,255028
154,020000	0,260126
154,030000	0,262039
154,040000	0,258852
154,050000	0,251203
154,060000	0,257577
154,070000	0,258214
154,080000	0,260126
154,090000	0,257577
154,100000	0,257577
154,110000	0,257577
154,120000	0,256940
154,130000	0,258852
154,140000	0,257577
154,150000	0,255028
154,160000	0,260126
154,170000	0,256302
154,180000	0,258852
154,190000	0,254390
154,200000	0,260764
154,210000	0,257577
154,220000	0,255665
154,230000	0,260764
154,240000	0,255665
154,250000	0,258214
154,260000	0,259489
154,270000	0,256940
154,280000	0,250566
154,290000	0,263313
154,300000	0,252478
154,310000	0,256302
154,320000	0,255028
154,330000	0,257577
154,340000	0,255665
154,350000	0,258214
154,360000	0,260126
154,370000	0,258852
154,380000	0,252478
154,390000	0,261401
154,400000	0,254390
154,410000	0,260126
154,420000	0,251203
154,430000	0,256940
154,440000	0,262676
154,450000	0,261401
154,460000	0,255028
154,470000	0,263313
154,480000	0,254390
154,490000	0,267775
154,500000	0,249929
154,510000	0,261401
154,520000	0,249929
154,530000	0,256940
154,540000	0,264588
154,550000	0,257577
154,560000	0,260764
154,570000	0,249929
154,580000	0,258852
154,590000	0,258852
154,600000	0,260126
154,610000	0,253753
154,620000	0,246742
154,630000	0,256940
154,640000	0,249929
154,650000	0,251203
154,660000	0,254390
154,670000	0,255028
154,680000	0,258214
154,690000	0,266500
154,700000	0,260126
154,710000	0,252478
154,720000	0,258852
154,730000	0,258214
154,740000	0,260126
154,750000	0,256940
154,760000	0,254390
154,770000	0,261401
154,780000	0,259489
154,790000	0,262676
154,800000	0,254390
154,810000	0,239093
154,820000	0,256940
154,830000	0,253753
154,840000	0,259489
154,850000	0,260764
154,860000	0,265863
154,870000	0,256302
154,880000	0,258852
154,890000	0,256940
154,900000	0,258214
154,910000	0,253115
154,920000	0,260126
154,930000	0,262039
154,940000	0,255028
154,950000	0,272236
154,960000	0,258214
154,970000	0,260764
154,980000	0,269050
154,990000	0,255665
155,000000	0,254390
155,010000	0,262676
155,020000	0,254390
155,030000	0,255665
155,040000	0,258852
155,050000	0,266500
155,060000	0,257577
155,070000	0,257577
155,080000	0,262676
155,090000	0,254390
155,100000	0,256302
155,110000	0,244830
155,120000	0,260126
155,130000	0,255028
155,140000	0,255665
155,150000	0,287533
155,160000	0,251203
155,170000	0,253753
155,180000	0,260764
155,190000	0,251841
155,200000	0,257577
155,210000	0,234632
155,220000	0,258852
155,230000	0,225071
155,240000	0,277335
155,250000	0,263313
155,260000	0,269687
155,270000	0,262039
155,280000	0,255028
155,290000	0,291357
155,300000	0,257577
155,310000	0,260126
155,320000	0,284346
155,330000	0,275423
155,340000	0,259489
155,350000	0,223797
155,360000	0,252478
155,370000	0,267775
155,380000	0,280522
155,390000	0,260126
155,400000	0,268412
155,410000	0,263951
155,420000	0,257577
155,430000	0,260764
155,440000	0,260126
155,450000	0,262039
155,460000	0,285621
155,470000	0,260126
155,480000	0,253115
155,490000	0,248016
155,500000	0,265863
155,510000	0,249929
155,520000	0,265863
155,530000	0,263313
155,540000	0,256940
155,550000	0,255665
155,560000	0,262676
155,570000	0,257577
155,580000	0,251203
155,590000	0,263313
155,600000	0,247379
155,610000	0,257577
155,620000	0,252478
155,630000	0,255665
155,640000	0,265225
155,650000	0,257577
155,660000	0,258852
155,670000	0,276698
155,680000	0,257577
155,690000	0,232720
155,700000	0,257577
155,710000	0,258852
155,720000	0,256940
155,730000	0,251203
155,740000	0,257577
155,750000	0,255665
155,760000	0,261401
155,770000	0,257577
155,780000	0,248654
155,790000	0,253753
155,800000	0,270324
155,810000	0,256302
155,820000	0,242280
155,830000	0,277973
155,840000	0,265863
155,850000	0,258852
155,860000	0,262676
155,870000	0,253753
155,880000	0,258852
155,890000	0,259489
155,900000	0,232082
155,910000	0,253115
155,920000	0,256940
155,930000	0,255665
155,940000	0,244830
155,950000	0,273511
155,960000	0,238456
155,970000	0,248016
155,980000	0,260764
155,990000	0,244830
156,000000	0,252478
156,010000	0,244192
156,020000	0,257577
156,030000	0,269050
156,040000	0,216786
156,050000	0,271599
156,060000	0,269050
156,070000	0,246104
156,080000	0,256940
156,090000	0,251841
156,100000	0,295819
156,110000	0,270962
156,120000	0,302830
156,130000	0,269050
156,140000	0,251841
156,150000	0,239093
156,160000	0,231445
156,170000	0,280522
156,180000	0,214236
156,190000	0,264588
156,200000	0,239731
156,210000	0,329599
156,220000	0,253753
156,230000	0,270324
156,240000	0,286896
156,250000	0,264588
156,260000	0,253753
156,270000	0,277335
156,280000	0,254390
156,290000	0,242280
156,300000	0,248016
156,310000	0,239731
156,320000	0,219335
156,330000	0,239731
156,340000	0,246742
156,350000	0,239093
156,360000	0,251203
156,370000	0,226983
156,380000	0,212961
156,390000	0,249291
156,400000	0,252478
156,410000	0,267137
156,420000	0,248654
156,430000	0,265863
156,440000	0,255028
156,450000	0,258852
156,460000	0,249929
156,470000	0,241643
156,480000	0,256302
156,490000	0,253115
156,500000	0,249291
156,510000	0,242918
156,520000	0,253115
156,530000	0,245467
156,540000	0,258214
156,550000	0,253753
156,560000	0,266500
156,570000	0,274786
156,580000	0,240368
156,590000	0,262676
156,600000	0,247379
156,610000	0,272874
156,620000	0,256940
156,630000	0,252478
156,640000	0,251841
156,650000	0,216148
156,660000	0,260764
156,670000	0,211687
156,680000	0,243555
156,690000	0,203401
156,700000	0,254390
156,710000	0,267775
156,720000	0,248654
156,730000	0,256940
156,740000	0,249929
156,750000	0,262039
156,760000	0,276698
156,770000	0,263313
156,780000	0,244830
156,790000	0,283072
156,800000	0,271599
156,810000	0,251841
156,820000	0,239093
156,830000	0,262676
156,840000	0,249929
156,850000	0,258852
156,860000	0,234632
156,870000	0,251841
156,880000	0,257577
156,890000	0,263951
156,900000	0,260126
156,910000	0,261401
156,920000	0,212961
156,930000	0,251841
156,940000	0,256302
156,950000	0,228896
156,960000	0,230170
156,970000	0,256940
156,980000	0,216786
156,990000	0,224434
157,000000	0,258852
157,010000	0,206588
157,020000	0,258214
157,030000	0,262676
157,040000	0,306017
157,050000	0,260126
157,060000	0,260126
157,070000	0,290720
157,080000	0,255665
157,090000	0,265225
157,100000	0,258214
157,110000	0,251841
157,120000	0,167708
157,130000	0,262039
157,140000	0,251203
157,150000	0,170895
157,160000	0,251203
157,170000	0,265225
157,180000	0,267775
157,190000	0,249291
157,200000	0,254390
157,210000	0,305379
157,220000	0,252478
157,230000	0,253753
157,240000	0,256940
157,250000	0,254390
157,260000	0,253753
157,270000	0,244830
157,280000	0,261401
157,290000	0,255028
157,300000	0,254390
157,310000	0,245467
157,320000	0,253115
157,330000	0,256302
157,340000	0,251203
157,350000	0,254390
157,360000	0,253753
157,370000	0,259489
157,380000	0,251203
157,390000	0,262676
157,400000	0,263951
157,410000	0,260126
157,420000	0,253753
157,430000	0,272236
157,440000	0,254390
157,450000	0,256940
157,460000	0,243555
157,470000	0,249291
157,480000	0,256940
157,490000	0,262676
157,500000	0,243555
157,510000	0,260126
157,520000	0,249291
157,530000	0,263313
157,540000	0,291995
157,550000	0,263951
157,560000	0,260126
157,570000	0,289445
157,580000	0,235907
157,590000	0,264588
157,600000	0,244192
157,610000	0,251841
157,620000	0,246104
157,630000	0,261401
157,640000	0,241005
157,650000	0,255665
157,660000	0,249929
157,670000	0,240368
157,680000	0,251841
157,690000	0,261401
157,700000	0,244830
157,710000	0,249291
157,720000	0,283072
157,730000	0,282434
157,740000	0,253115
157,750000	0,238456
157,760000	0,253753
157,770000	0,258214
157,780000	0,217423
157,790000	0,258214
157,800000	0,235269
157,810000	0,242918
157,820000	0,233994
157,830000	0,251841
157,840000	0,281797
157,850000	0,255028
157,860000	0,286258
157,870000	0,293907
157,880000	0,260126
157,890000	0,211687
157,900000	0,275423
157,910000	0,253753
157,920000	0,204676
157,930000	0,243555
157,940000	0,293907
157,950000	0,214236
157,960000	0,271599
157,970000	0,248654
157,980000	0,336610
157,990000	0,259489
158,000000	0,228258
158,010000	0,288808
158,020000	0,231445
158,030000	0,249929
158,040000	0,237819
158,050000	0,248016
158,060000	0,203401
158,070000	0,241643
158,080000	0,253115
158,090000	0,224434
158,100000	0,258214
158,110000	0,255028
158,120000	0,252478
158,130000	0,252478
158,140000	0,255028
158,150000	0,242280
158,160000	0,253753
158,170000	0,250566
158,180000	0,253753
158,190000	0,252478
158,200000	0,246104
158,210000	0,256302
158,220000	0,251841
158,230000	0,258852
158,240000	0,262676
158,250000	0,250566
158,260000	0,239093
158,270000	0,253115
158,280000	0,265225
158,290000	0,252478
158,300000	0,249929
158,310000	0,260126
158,320000	0,258214
158,330000	0,254390
158,340000	0,255665
158,350000	0,262676
158,360000	0,242918
158,370000	0,254390
158,380000	0,249929
158,390000	0,247379
158,400000	0,239093
158,410000	0,248654
158,420000	0,242280
158,430000	0,230170
158,440000	0,261401
158,450000	0,276061
158,460000	0,270324
158,470000	0,270324
158,480000	0,248016
158,490000	0,256302
158,500000	0,260764
158,510000	0,267775
158,520000	0,257577
158,530000	0,262676
158,540000	0,256940
158,550000	0,249291
158,560000	0,269687
158,570000	0,260764
158,580000	0,233994
158,590000	0,258214
158,600000	0,249291
158,610000	0,267775
158,620000	0,251841
158,630000	0,243555
158,640000	0,232082
158,650000	0,248016
158,660000	0,248016
158,670000	0,252478
158,680000	0,263951
158,690000	0,255028
158,700000	0,244830
158,710000	0,252478
158,720000	0,255028
158,730000	0,248654
158,740000	0,251841
158,750000	0,219972
158,760000	0,259489
158,770000	0,253753
158,780000	0,221247
158,790000	0,255028
158,800000	0,260126
158,810000	0,219972
158,820000	0,253753
158,830000	0,257577
158,840000	0,255665
158,850000	0,238456
158,860000	0,256302
158,870000	0,272874
158,880000	0,254390
158,890000	0,251841
158,900000	0,252478
158,910000	0,254390
158,920000	0,247379
158,930000	0,253753
158,940000	0,256940
158,950000	0,253753
158,960000	0,256940
158,970000	0,260126
158,980000	0,255028
158,990000	0,255028
159,000000	0,255665
159,010000	0,257577
159,020000	0,241005
159,030000	0,255028
159,040000	0,268412
159,050000	0,254390
159,060000	0,255028
159,070000	0,252478
159,080000	0,258214
159,090000	0,260126
159,100000	0,254390
159,110000	0,252478
159,120000	0,257577
159,130000	0,246742
159,140000	0,253753
159,150000	0,252478
159,160000	0,255665
159,170000	0,254390
159,180000	0,253115
159,190000	0,253115
159,200000	0,256302
159,210000	0,266500
159,220000	0,256302
159,230000	0,255028
159,240000	0,251841
159,250000	0,245467
159,260000	0,251203
159,270000	0,252478
159,280000	0,255028
159,290000	0,256940
159,300000	0,248654
159,310000	0,252478
159,320000	0,250566
159,330000	0,255028
159,340000	0,256940
159,350000	0,251203
159,360000	0,249291
159,370000	0,252478
159,380000	0,267775
159,390000	0,253115
159,400000	0,249929
159,410000	0,249929
159,420000	0,246742
159,430000	0,246104
159,440000	0,252478
159,450000	0,252478
159,460000	0,251203
159,470000	0,256940
159,480000	0,251841
159,490000	0,249291
159,500000	0,253753
159,510000	0,255028
159,520000	0,253115
159,530000	0,254390
159,540000	0,252478
159,550000	0,259489
159,560000	0,253115
159,570000	0,255028
159,580000	0,258852
159,590000	0,255028
159,600000	0,249291
159,610000	0,253753
159,620000	0,252478
159,630000	0,251203
159,640000	0,253753
159,650000	0,251203
159,660000	0,255028
159,670000	0,251841
159,680000	0,249291
159,690000	0,255665
159,700000	0,249929
159,710000	0,250566
159,720000	0,239731
159,730000	0,254390
159,740000	0,255665
159,750000	0,256940
159,760000	0,250566
159,770000	0,263951
159,780000	0,254390
159,790000	0,255665
159,800000	0,253115
159,810000	0,250566
159,820000	0,265863
159,830000	0,250566
159,840000	0,253753
159,850000	0,257577
159,860000	0,255665
159,870000	0,252478
159,880000	0,256302
159,890000	0,253753
159,900000	0,249291
159,910000	0,249291
159,920000	0,248654
159,930000	0,252478
159,940000	0,254390
159,950000	0,254390
159,960000	0,252478
159,970000	0,256940
159,980000	0,238456
159,990000	0,246104
160,000000	0,249929
160,010000	0,253753
160,020000	0,250566
160,030000	0,250566
160,040000	0,251203
160,050000	0,253753
160,060000	0,246742
160,070000	0,252478
160,080000	0,252478
160,090000	0,249291
160,100000	0,247379
160,110000	0,249929
160,120000	0,251203
160,130000	0,253753
160,140000	0,248016
160,150000	0,244830
160,160000	0,244192
160,170000	0,251203
160,180000	0,251841
160,190000	0,252478
160,200000	0,242280
160,210000	0,252478
160,220000	0,251841
160,230000	0,254390
160,240000	0,253115
160,250000	0,252478
160,260000	0,252478
160,270000	0,253753
160,280000	0,251203
160,290000	0,251841
160,300000	0,251203
160,310000	0,251841
160,320000	0,251203
160,330000	0,237819
160,340000	0,255665
160,350000	0,252478
160,360000	0,249929
160,370000	0,262676
160,380000	0,251841
160,390000	0,251841
160,400000	0,249291
160,410000	0,251203
160,420000	0,251841
160,430000	0,249291
160,440000	0,256302
160,450000	0,254390
160,460000	0,251203
160,470000	0,252478
160,480000	0,250566
160,490000	0,254390
160,500000	0,267775
160,510000	0,251203
160,520000	0,249291
160,530000	0,255028
160,540000	0,251203
160,550000	0,253115
160,560000	0,244830
160,570000	0,260126
160,580000	0,247379
160,590000	0,251203
160,600000	0,248016
160,610000	0,257577
160,620000	0,252478
160,630000	0,250566
160,640000	0,253753
160,650000	0,252478
160,660000	0,259489
160,670000	0,252478
160,680000	0,253753
160,690000	0,248016
160,700000	0,252478
160,710000	0,253753
160,720000	0,252478
160,730000	0,257577
160,740000	0,247379
160,750000	0,250566
160,760000	0,257577
160,770000	0,251841
160,780000	0,256940
160,790000	0,248654
160,800000	0,249929
160,810000	0,251203
160,820000	0,252478
160,830000	0,247379
160,840000	0,251203
160,850000	0,255028
160,860000	0,253753
160,870000	0,253753
160,880000	0,243555
160,890000	0,252478
160,900000	0,253753
160,910000	0,252478
160,920000	0,252478
160,930000	0,257577
160,940000	0,251203
160,950000	0,260764
160,960000	0,241005
160,970000	0,253753
160,980000	0,253753
160,990000	0,251203
161,000000	0,256302
161,010000	0,253753
161,020000	0,249291
161,030000	0,250566
161,040000	0,251203
161,050000	0,246104
161,060000	0,251841
161,070000	0,258852
161,080000	0,264588
161,090000	0,256940
161,100000	0,258214
161,110000	0,256302
161,120000	0,256302
161,130000	0,237181
161,140000	0,256940
161,150000	0,256302
161,160000	0,254390
161,170000	0,260126
161,180000	0,253753
161,190000	0,249291
161,200000	0,243555
161,210000	0,256302
161,220000	0,248654
161,230000	0,255028
161,240000	0,249291
161,250000	0,243555
161,260000	0,251203
161,270000	0,252478
161,280000	0,251841
161,290000	0,249291
161,300000	0,270962
161,310000	0,253753
161,320000	0,252478
161,330000	0,252478
161,340000	0,260126
161,350000	0,253115
161,360000	0,246742
161,370000	0,258852
161,380000	0,251203
161,390000	0,257577
161,400000	0,252478
161,410000	0,255028
161,420000	0,248654
161,430000	0,255028
161,440000	0,252478
161,450000	0,254390
161,460000	0,251841
161,470000	0,258852
161,480000	0,252478
161,490000	0,254390
161,500000	0,251841
161,510000	0,247379
161,520000	0,254390
161,530000	0,244830
161,540000	0,248654
161,550000	0,250566
161,560000	0,248016
161,570000	0,253753
161,580000	0,258852
161,590000	0,238456
161,600000	0,252478
161,610000	0,251203
161,620000	0,251841
161,630000	0,246742
161,640000	0,251203
161,650000	0,249929
161,660000	0,253115
161,670000	0,249291
161,680000	0,249929
161,690000	0,252478
161,700000	0,249929
161,710000	0,251841
161,720000	0,249929
161,730000	0,254390
161,740000	0,252478
161,750000	0,243555
161,760000	0,260764
161,770000	0,252478
161,780000	0,249929
161,790000	0,251203
161,800000	0,251841
161,810000	0,251841
161,820000	0,249929
161,830000	0,249929
161,840000	0,248654
161,850000	0,256940
161,860000	0,251203
161,870000	0,250566
161,880000	0,254390
161,890000	0,252478
161,900000	0,253115
161,910000	0,249929
161,920000	0,255028
161,930000	0,239731
161,940000	0,248654
161,950000	0,254390
161,960000	0,248654
161,970000	0,247379
161,980000	0,251841
161,990000	0,253753
162,000000	0,249291
162,010000	0,249291
162,020000	0,242280
162,030000	0,253753
162,040000	0,244830
162,050000	0,244830
162,060000	0,248654
162,070000	0,258214
162,080000	0,246742
162,090000	0,255028
162,100000	0,265225
162,110000	0,251203
162,120000	0,253753
162,130000	0,252478
162,140000	0,251203
162,150000	0,251203
162,160000	0,247379
162,170000	0,250566
162,180000	0,249291
162,190000	0,249291
162,200000	0,249291
162,210000	0,260764
162,220000	0,244192
162,230000	0,250566
162,240000	0,251203
162,250000	0,250566
162,260000	0,244830
162,270000	0,257577
162,280000	0,248654
162,290000	0,252478
162,300000	0,253115
162,310000	0,263313
162,320000	0,249291
162,330000	0,246104
162,340000	0,248016
162,350000	0,248654
162,360000	0,244830
162,370000	0,246742
162,380000	0,247379
162,390000	0,251841
162,400000	0,251841
162,410000	0,253753
162,420000	0,251841
162,430000	0,255665
162,440000	0,247379
162,450000	0,251841
162,460000	0,249929
162,470000	0,253115
162,480000	0,258852
162,490000	0,255665
162,500000	0,255028
162,510000	0,252478
162,520000	0,249291
162,530000	0,249929
162,540000	0,248654
162,550000	0,253115
162,560000	0,250566
162,570000	0,253115
162,580000	0,246104
162,590000	0,252478
162,600000	0,240368
162,610000	0,252478
162,620000	0,245467
162,630000	0,255028
162,640000	0,249929
162,650000	0,253753
162,660000	0,252478
162,670000	0,255665
162,680000	0,251203
162,690000	0,252478
162,700000	0,249929
162,710000	0,252478
162,720000	0,251203
162,730000	0,251841
162,740000	0,250566
162,750000	0,252478
162,760000	0,249929
162,770000	0,243555
162,780000	0,249291
162,790000	0,249291
162,800000	0,250566
162,810000	0,253753
162,820000	0,253753
162,830000	0,250566
162,840000	0,249291
162,850000	0,250566
162,860000	0,248654
162,870000	0,255028
162,880000	0,248016
162,890000	0,256940
162,900000	0,249929
162,910000	0,253753
162,920000	0,249929
162,930000	0,255028
162,940000	0,250566
162,950000	0,255665
162,960000	0,249291
162,970000	0,254390
162,980000	0,251841
162,990000	0,256940
