LabVIEW Measurement	
Writer_Version	2
Reader_Version	2
Separator	Tab
Decimal_Separator	,
Multi_Headings	No
X_Columns	One
Time_Pref	Absolute
Operator	lpdan
Date	2026/05/26
Time	11:02:42,3682849833531848896
***End_of_Header***	
	
Channels	1	
Samples	100	
Date	2026/05/26	
Time	11:02:42,3682849833531848896	
Y_Unit_Label	Volts	
X_Dimension	Time	
X0	0,0000000000000000E+0	
Delta_X	0,010000	
***End_of_Header***		
X_Value	Voltage	Comment
0,000000	0,095686
0,010000	0,095686
0,020000	0,095686
0,030000	0,091224
0,040000	0,095686
0,050000	0,094411
0,060000	0,096323
0,070000	0,093774
0,080000	0,096961
0,090000	0,093137
0,100000	0,093137
0,110000	0,095049
0,120000	0,094411
0,130000	0,091862
0,140000	0,093137
0,150000	0,093774
0,160000	0,094411
0,170000	0,093137
0,180000	0,095686
0,190000	0,093774
0,200000	0,095049
0,210000	0,091862
0,220000	0,096323
0,230000	0,093137
0,240000	0,093774
0,250000	0,093774
0,260000	0,094411
0,270000	0,091862
0,280000	0,095686
0,290000	0,093137
0,300000	0,093774
0,310000	0,093774
0,320000	0,092499
0,330000	0,095049
0,340000	0,093137
0,350000	0,092499
0,360000	0,095049
0,370000	0,096323
0,380000	0,091862
0,390000	0,093774
0,400000	0,094411
0,410000	0,092499
0,420000	0,096323
0,430000	0,093137
0,440000	0,094411
0,450000	0,091862
0,460000	0,094411
0,470000	0,095686
0,480000	0,093774
0,490000	0,095686
0,500000	0,092499
0,510000	0,095049
0,520000	0,094411
0,530000	0,095686
0,540000	0,095049
0,550000	0,091862
0,560000	0,095686
0,570000	0,095049
0,580000	0,096961
0,590000	0,096323
0,600000	0,094411
0,610000	0,095049
0,620000	0,095686
0,630000	0,091224
0,640000	0,095686
0,650000	0,090587
0,660000	0,091862
0,670000	0,092499
0,680000	0,095049
0,690000	0,098235
0,700000	0,096323
0,710000	0,095049
0,720000	0,091862
0,730000	0,090587
0,740000	0,096323
0,750000	0,094411
0,760000	0,093774
0,770000	0,096323
0,780000	0,093774
0,790000	0,093137
0,800000	0,096323
0,810000	0,093774
0,820000	0,093137
0,830000	0,096323
0,840000	0,097598
0,850000	0,093137
0,860000	0,095686
0,870000	0,091862
0,880000	0,095686
0,890000	0,093774
0,900000	0,093774
0,910000	0,095049
0,920000	0,094411
0,930000	0,096961
0,940000	0,093137
0,950000	0,096323
0,960000	0,096961
0,970000	0,091224
0,980000	0,092499
0,990000	0,095686
1,000000	0,091224
1,010000	0,093774
1,020000	0,092499
1,030000	0,093774
1,040000	0,094411
1,050000	0,093774
1,060000	0,097598
1,070000	0,095049
1,080000	0,096961
1,090000	0,096323
1,100000	0,092499
1,110000	0,092499
1,120000	0,093774
1,130000	0,095686
1,140000	0,097598
1,150000	0,097598
1,160000	0,094411
1,170000	0,093137
1,180000	0,091862
1,190000	0,093774
1,200000	0,095686
1,210000	0,094411
1,220000	0,096323
1,230000	0,091224
1,240000	0,098873
1,250000	0,091862
1,260000	0,096323
1,270000	0,095686
1,280000	0,094411
1,290000	0,089950
1,300000	0,095049
1,310000	0,096323
1,320000	0,096323
1,330000	0,093137
1,340000	0,097598
1,350000	0,093774
1,360000	0,095049
1,370000	0,093137
1,380000	0,096961
1,390000	0,096323
1,400000	0,095049
1,410000	0,091862
1,420000	0,095686
1,430000	0,093137
1,440000	0,092499
1,450000	0,092499
1,460000	0,094411
1,470000	0,093774
1,480000	0,094411
1,490000	0,095686
1,500000	0,095686
1,510000	0,095049
1,520000	0,096961
1,530000	0,094411
1,540000	0,096323
1,550000	0,093137
1,560000	0,096961
1,570000	0,096961
1,580000	0,095686
1,590000	0,093774
1,600000	0,093137
1,610000	0,096323
1,620000	0,095049
1,630000	0,092499
1,640000	0,094411
1,650000	0,095686
1,660000	0,094411
1,670000	0,091862
1,680000	0,093774
1,690000	0,095049
1,700000	0,097598
1,710000	0,091862
1,720000	0,095686
1,730000	0,093137
1,740000	0,094411
1,750000	0,091862
1,760000	0,096323
1,770000	0,090587
1,780000	0,095686
1,790000	0,095686
1,800000	0,098235
1,810000	0,091224
1,820000	0,095049
1,830000	0,093137
1,840000	0,093774
1,850000	0,092499
1,860000	0,093774
1,870000	0,092499
1,880000	0,096323
1,890000	0,091862
1,900000	0,096323
1,910000	0,091224
1,920000	0,096961
1,930000	0,094411
1,940000	0,093774
1,950000	0,091224
1,960000	0,095049
1,970000	0,089950
1,980000	0,090587
1,990000	0,091862
2,000000	0,090587
2,010000	0,091862
2,020000	0,093774
2,030000	0,091862
2,040000	0,096323
2,050000	0,091862
2,060000	0,092499
2,070000	0,095686
2,080000	0,091224
2,090000	0,092499
2,100000	0,094411
2,110000	0,092499
2,120000	0,095049
2,130000	0,093774
2,140000	0,095049
2,150000	0,093774
2,160000	0,093774
2,170000	0,096961
2,180000	0,091224
2,190000	0,091224
2,200000	0,093774
2,210000	0,091224
2,220000	0,089312
2,230000	0,093774
2,240000	0,093774
2,250000	0,092499
2,260000	0,090587
2,270000	0,095686
2,280000	0,092499
2,290000	0,096323
2,300000	0,093137
2,310000	0,091224
2,320000	0,091862
2,330000	0,094411
2,340000	0,094411
2,350000	0,091862
2,360000	0,089950
2,370000	0,091862
2,380000	0,090587
2,390000	0,095049
2,400000	0,094411
2,410000	0,092499
2,420000	0,091862
2,430000	0,092499
2,440000	0,094411
2,450000	0,092499
2,460000	0,091862
2,470000	0,094411
2,480000	0,095686
2,490000	0,090587
2,500000	0,093774
2,510000	0,094411
2,520000	0,091862
2,530000	0,093137
2,540000	0,091224
2,550000	0,094411
2,560000	0,091224
2,570000	0,092499
2,580000	0,094411
2,590000	0,093137
2,600000	0,095686
2,610000	0,095049
2,620000	0,091862
2,630000	0,093774
2,640000	0,093774
2,650000	0,095049
2,660000	0,094411
2,670000	0,094411
2,680000	0,091862
2,690000	0,089312
2,700000	0,091224
2,710000	0,092499
2,720000	0,093137
2,730000	0,096323
2,740000	0,093137
2,750000	0,094411
2,760000	0,096323
2,770000	0,089950
2,780000	0,091862
2,790000	0,091862
2,800000	0,093137
2,810000	0,090587
2,820000	0,092499
2,830000	0,094411
2,840000	0,094411
2,850000	0,095686
2,860000	0,094411
2,870000	0,097598
2,880000	0,094411
2,890000	0,097598
2,900000	0,095686
2,910000	0,094411
2,920000	0,093774
2,930000	0,094411
2,940000	0,091862
2,950000	0,093774
2,960000	0,093774
2,970000	0,093774
2,980000	0,094411
2,990000	0,092499
3,000000	0,096323
3,010000	0,094411
3,020000	0,093774
3,030000	0,096961
3,040000	0,092499
3,050000	0,096323
3,060000	0,093774
3,070000	0,095049
3,080000	0,095686
3,090000	0,093774
3,100000	0,095686
3,110000	0,093137
3,120000	0,096323
3,130000	0,092499
3,140000	0,096961
3,150000	0,091224
3,160000	0,096323
3,170000	0,093137
3,180000	0,095049
3,190000	0,094411
3,200000	0,095049
3,210000	0,089950
3,220000	0,094411
3,230000	0,091224
3,240000	0,096961
3,250000	0,094411
3,260000	0,094411
3,270000	0,093137
3,280000	0,093137
3,290000	0,096961
3,300000	0,096961
3,310000	0,096961
3,320000	0,091862
3,330000	0,093774
3,340000	0,096323
3,350000	0,091224
3,360000	0,094411
3,370000	0,090587
3,380000	0,095686
3,390000	0,091862
3,400000	0,093137
3,410000	0,094411
3,420000	0,095686
3,430000	0,092499
3,440000	0,093774
3,450000	0,091862
3,460000	0,095049
3,470000	0,093137
3,480000	0,094411
3,490000	0,094411
3,500000	0,093774
3,510000	0,094411
3,520000	0,094411
3,530000	0,090587
3,540000	0,094411
3,550000	0,095049
3,560000	0,098873
3,570000	0,094411
3,580000	0,094411
3,590000	0,093137
3,600000	0,093774
3,610000	0,096961
3,620000	0,096323
3,630000	0,090587
3,640000	0,090587
3,650000	0,091862
3,660000	0,092499
3,670000	0,093137
3,680000	0,096961
3,690000	0,091224
3,700000	0,093137
3,710000	0,091862
3,720000	0,093137
3,730000	0,094411
3,740000	0,091862
3,750000	0,093137
3,760000	0,092499
3,770000	0,091224
3,780000	0,093774
3,790000	0,090587
3,800000	0,089312
3,810000	0,091224
3,820000	0,093774
3,830000	0,096961
3,840000	0,089950
3,850000	0,090587
3,860000	0,093137
3,870000	0,093774
3,880000	0,092499
3,890000	0,091862
3,900000	0,091224
3,910000	0,093774
3,920000	0,089312
3,930000	0,093774
3,940000	0,093137
3,950000	0,094411
3,960000	0,091862
3,970000	0,091862
3,980000	0,091224
3,990000	0,096961
4,000000	0,091862
4,010000	0,095686
4,020000	0,091862
4,030000	0,089312
4,040000	0,093774
4,050000	0,089950
4,060000	0,092499
4,070000	0,093774
4,080000	0,090587
4,090000	0,091224
4,100000	0,091862
4,110000	0,093137
4,120000	0,089950
4,130000	0,093137
4,140000	0,093137
4,150000	0,093774
4,160000	0,095686
4,170000	0,095049
4,180000	0,091224
4,190000	0,093137
4,200000	0,093774
4,210000	0,095686
4,220000	0,089312
4,230000	0,091862
4,240000	0,091224
4,250000	0,093137
4,260000	0,091224
4,270000	0,094411
4,280000	0,091862
4,290000	0,095686
4,300000	0,094411
4,310000	0,093774
4,320000	0,093774
4,330000	0,095686
4,340000	0,093137
4,350000	0,091862
4,360000	0,091224
4,370000	0,091224
4,380000	0,089950
4,390000	0,091862
4,400000	0,091224
4,410000	0,090587
4,420000	0,092499
4,430000	0,092499
4,440000	0,095049
4,450000	0,091224
4,460000	0,088675
4,470000	0,091862
4,480000	0,094411
4,490000	0,091862
4,500000	0,095686
4,510000	0,092499
4,520000	0,094411
4,530000	0,091224
4,540000	0,092499
4,550000	0,092499
4,560000	0,094411
4,570000	0,091862
4,580000	0,095049
4,590000	0,091224
4,600000	0,091224
4,610000	0,092499
4,620000	0,094411
4,630000	0,091224
4,640000	0,095686
4,650000	0,091862
4,660000	0,093137
4,670000	0,089950
4,680000	0,093137
4,690000	0,092499
4,700000	0,094411
4,710000	0,091224
4,720000	0,096323
4,730000	0,090587
4,740000	0,092499
4,750000	0,094411
4,760000	0,091224
4,770000	0,092499
4,780000	0,091862
4,790000	0,094411
4,800000	0,095686
4,810000	0,096961
4,820000	0,091224
4,830000	0,091224
4,840000	0,093137
4,850000	0,095049
4,860000	0,097598
4,870000	0,093137
4,880000	0,095686
4,890000	0,089312
4,900000	0,093774
4,910000	0,092499
4,920000	0,093774
4,930000	0,095049
4,940000	0,095686
4,950000	0,092499
4,960000	0,095686
4,970000	0,089312
4,980000	0,093774
4,990000	0,094411
5,000000	0,093774
5,010000	0,092499
5,020000	0,095686
5,030000	0,092499
5,040000	0,093774
5,050000	0,096961
5,060000	0,096323
5,070000	0,090587
5,080000	0,094411
5,090000	0,095686
5,100000	0,096323
5,110000	0,094411
5,120000	0,096323
5,130000	0,095686
5,140000	0,093137
5,150000	0,094411
5,160000	0,096961
5,170000	0,091862
5,180000	0,095049
5,190000	0,091862
5,200000	0,093774
5,210000	0,091224
5,220000	0,093774
5,230000	0,094411
5,240000	0,094411
5,250000	0,094411
5,260000	0,093774
5,270000	0,094411
5,280000	0,093137
5,290000	0,091862
5,300000	0,096323
5,310000	0,091224
5,320000	0,095686
5,330000	0,096323
5,340000	0,096961
5,350000	0,096323
5,360000	0,093774
5,370000	0,095686
5,380000	0,095049
5,390000	0,097598
5,400000	0,096323
5,410000	0,095686
5,420000	0,095049
5,430000	0,096323
5,440000	0,092499
5,450000	0,092499
5,460000	0,094411
5,470000	0,092499
5,480000	0,096323
5,490000	0,095686
5,500000	0,094411
5,510000	0,093774
5,520000	0,092499
5,530000	0,095049
5,540000	0,095049
5,550000	0,093774
5,560000	0,095686
5,570000	0,093137
5,580000	0,094411
5,590000	0,095686
5,600000	0,095049
5,610000	0,095686
5,620000	0,092499
5,630000	0,093774
5,640000	0,093137
5,650000	0,091224
5,660000	0,091224
5,670000	0,090587
5,680000	0,091224
5,690000	0,091224
5,700000	0,091862
5,710000	0,093774
5,720000	0,093137
5,730000	0,093137
5,740000	0,093137
5,750000	0,091224
5,760000	0,091862
5,770000	0,092499
5,780000	0,092499
5,790000	0,093774
5,800000	0,089950
5,810000	0,091224
5,820000	0,093137
5,830000	0,093774
5,840000	0,093774
5,850000	0,095049
5,860000	0,091862
5,870000	0,090587
5,880000	0,093774
5,890000	0,093137
5,900000	0,090587
5,910000	0,089312
5,920000	0,091224
5,930000	0,089312
5,940000	0,091224
5,950000	0,091224
5,960000	0,091224
5,970000	0,092499
5,980000	0,093137
5,990000	0,093774
6,000000	0,092499
6,010000	0,088675
6,020000	0,090587
6,030000	0,091862
6,040000	0,091224
6,050000	0,091224
6,060000	0,091862
6,070000	0,088675
6,080000	0,091224
6,090000	0,090587
6,100000	0,091862
6,110000	0,091862
6,120000	0,090587
6,130000	0,089312
6,140000	0,089312
6,150000	0,088675
6,160000	0,093137
6,170000	0,089950
6,180000	0,093774
6,190000	0,091862
6,200000	0,092499
6,210000	0,091862
6,220000	0,091862
6,230000	0,090587
6,240000	0,092499
6,250000	0,091862
6,260000	0,090587
6,270000	0,091862
6,280000	0,089950
6,290000	0,088038
6,300000	0,091862
6,310000	0,089950
6,320000	0,090587
6,330000	0,092499
6,340000	0,092499
6,350000	0,089950
6,360000	0,089312
6,370000	0,091862
6,380000	0,089950
6,390000	0,089312
6,400000	0,089950
6,410000	0,093137
6,420000	0,089312
6,430000	0,093137
6,440000	0,088038
6,450000	0,086763
6,460000	0,087400
6,470000	0,091862
6,480000	0,089312
6,490000	0,089312
6,500000	0,093774
6,510000	0,088675
6,520000	0,088675
6,530000	0,085488
6,540000	0,089312
6,550000	0,088038
6,560000	0,088038
6,570000	0,089950
6,580000	0,086126
6,590000	0,089950
6,600000	0,089950
6,610000	0,093774
6,620000	0,088675
6,630000	0,090587
6,640000	0,090587
6,650000	0,089312
6,660000	0,088038
6,670000	0,088038
6,680000	0,089312
6,690000	0,085488
6,700000	0,089312
6,710000	0,086763
6,720000	0,091224
6,730000	0,088675
6,740000	0,091862
6,750000	0,091224
6,760000	0,086763
6,770000	0,086126
6,780000	0,088675
6,790000	0,088675
6,800000	0,091224
6,810000	0,088675
6,820000	0,089950
6,830000	0,090587
6,840000	0,091224
6,850000	0,086763
6,860000	0,087400
6,870000	0,089312
6,880000	0,091224
6,890000	0,088675
6,900000	0,089950
6,910000	0,091862
6,920000	0,089950
6,930000	0,087400
6,940000	0,089950
6,950000	0,091224
6,960000	0,089950
6,970000	0,087400
6,980000	0,091224
6,990000	0,088038
7,000000	0,087400
7,010000	0,083576
7,020000	0,088038
7,030000	0,089312
7,040000	0,089950
7,050000	0,086126
7,060000	0,094411
7,070000	0,087400
7,080000	0,086763
7,090000	0,086763
7,100000	0,089312
7,110000	0,087400
7,120000	0,092499
7,130000	0,087400
7,140000	0,089312
7,150000	0,090587
7,160000	0,090587
7,170000	0,091862
7,180000	0,088675
7,190000	0,087400
7,200000	0,089312
7,210000	0,089950
7,220000	0,088675
7,230000	0,087400
7,240000	0,084213
7,250000	0,087400
7,260000	0,084213
7,270000	0,091224
7,280000	0,086126
7,290000	0,091862
7,300000	0,087400
7,310000	0,085488
7,320000	0,087400
7,330000	0,088675
7,340000	0,086763
7,350000	0,084851
7,360000	0,087400
7,370000	0,085488
7,380000	0,088038
7,390000	0,093137
7,400000	0,088675
7,410000	0,088038
7,420000	0,087400
7,430000	0,086126
7,440000	0,084851
7,450000	0,086126
7,460000	0,089312
7,470000	0,089312
7,480000	0,086763
7,490000	0,083576
7,500000	0,085488
7,510000	0,088038
7,520000	0,086763
7,530000	0,085488
7,540000	0,087400
7,550000	0,089950
7,560000	0,086763
7,570000	0,088675
7,580000	0,088675
7,590000	0,082939
7,600000	0,084213
7,610000	0,082301
7,620000	0,083576
7,630000	0,086763
7,640000	0,085488
7,650000	0,088675
7,660000	0,086126
7,670000	0,084851
7,680000	0,084851
7,690000	0,084851
7,700000	0,085488
7,710000	0,085488
7,720000	0,087400
7,730000	0,086126
7,740000	0,086763
7,750000	0,086126
7,760000	0,086126
7,770000	0,086126
7,780000	0,088675
7,790000	0,086126
7,800000	0,086763
7,810000	0,085488
7,820000	0,084851
7,830000	0,084213
7,840000	0,087400
7,850000	0,088038
7,860000	0,086763
7,870000	0,081664
7,880000	0,084213
7,890000	0,084851
7,900000	0,085488
7,910000	0,084851
7,920000	0,082301
7,930000	0,079114
7,940000	0,081664
7,950000	0,083576
7,960000	0,083576
7,970000	0,085488
7,980000	0,086763
7,990000	0,084851
8,000000	0,085488
8,010000	0,082939
8,020000	0,082301
8,030000	0,082301
8,040000	0,086126
8,050000	0,084851
8,060000	0,082301
8,070000	0,084213
8,080000	0,081664
8,090000	0,084851
8,100000	0,082939
8,110000	0,081027
8,120000	0,082301
8,130000	0,082301
8,140000	0,081664
8,150000	0,082939
8,160000	0,081664
8,170000	0,081664
8,180000	0,081027
8,190000	0,083576
8,200000	0,084213
8,210000	0,083576
8,220000	0,082939
8,230000	0,081027
8,240000	0,083576
8,250000	0,082939
8,260000	0,081027
8,270000	0,082301
8,280000	0,081027
8,290000	0,079752
8,300000	0,081027
8,310000	0,079752
8,320000	0,083576
8,330000	0,077202
8,340000	0,079114
8,350000	0,082301
8,360000	0,080389
8,370000	0,083576
8,380000	0,082301
8,390000	0,081027
8,400000	0,084851
8,410000	0,084851
8,420000	0,080389
8,430000	0,082301
8,440000	0,081027
8,450000	0,082939
8,460000	0,081027
8,470000	0,081664
8,480000	0,082939
8,490000	0,080389
8,500000	0,082301
8,510000	0,081027
8,520000	0,082301
8,530000	0,085488
8,540000	0,079752
8,550000	0,082939
8,560000	0,081027
8,570000	0,082301
8,580000	0,081664
8,590000	0,081027
8,600000	0,081027
8,610000	0,081664
8,620000	0,079752
8,630000	0,081027
8,640000	0,080389
8,650000	0,080389
8,660000	0,079752
8,670000	0,079114
8,680000	0,081027
8,690000	0,079114
8,700000	0,080389
8,710000	0,079114
8,720000	0,081027
8,730000	0,081027
8,740000	0,082301
8,750000	0,076565
8,760000	0,079752
8,770000	0,082939
8,780000	0,081664
8,790000	0,081027
8,800000	0,079752
8,810000	0,072741
8,820000	0,079752
8,830000	0,079752
8,840000	0,071466
8,850000	0,077840
8,860000	0,080389
8,870000	0,085488
8,880000	0,080389
8,890000	0,077840
8,900000	0,084213
8,910000	0,088038
8,920000	0,082301
8,930000	0,081664
8,940000	0,075928
8,950000	0,081027
8,960000	0,079114
8,970000	0,089312
8,980000	0,081664
8,990000	0,079114
9,000000	0,081664
9,010000	0,083576
9,020000	0,078477
9,030000	0,079114
9,040000	0,084213
9,050000	0,075290
9,060000	0,079114
9,070000	0,075928
9,080000	0,076565
9,090000	0,081027
9,100000	0,078477
9,110000	0,083576
9,120000	0,078477
9,130000	0,082301
9,140000	0,076565
9,150000	0,080389
9,160000	0,076565
9,170000	0,079114
9,180000	0,078477
9,190000	0,081664
9,200000	0,079114
9,210000	0,083576
9,220000	0,077202
9,230000	0,081664
9,240000	0,080389
9,250000	0,082301
9,260000	0,084213
9,270000	0,082301
9,280000	0,081027
9,290000	0,079114
9,300000	0,079114
9,310000	0,081027
9,320000	0,078477
9,330000	0,080389
9,340000	0,079752
9,350000	0,083576
9,360000	0,080389
9,370000	0,079114
9,380000	0,079114
9,390000	0,075290
9,400000	0,081027
9,410000	0,079114
9,420000	0,081664
9,430000	0,082939
9,440000	0,080389
9,450000	0,081664
9,460000	0,079752
9,470000	0,079752
9,480000	0,079114
9,490000	0,077840
9,500000	0,077840
9,510000	0,079114
9,520000	0,079752
9,530000	0,086763
9,540000	0,081664
9,550000	0,066367
9,560000	0,084851
9,570000	0,069554
9,580000	0,075928
9,590000	0,073378
9,600000	0,081027
9,610000	0,070191
9,620000	0,076565
9,630000	0,068917
9,640000	0,077202
9,650000	0,076565
9,660000	0,085488
9,670000	0,082939
9,680000	0,079752
9,690000	0,077202
9,700000	0,082301
9,710000	0,085488
9,720000	0,082301
9,730000	0,075928
9,740000	0,067642
9,750000	0,077840
9,760000	0,074653
9,770000	0,068279
9,780000	0,075928
9,790000	0,075290
9,800000	0,064455
9,810000	0,075928
9,820000	0,078477
9,830000	0,065730
9,840000	0,087400
9,850000	0,076565
9,860000	0,076565
9,870000	0,091224
9,880000	0,073378
9,890000	0,075928
9,900000	0,070829
9,910000	0,077840
9,920000	0,079114
9,930000	0,075290
9,940000	0,058081
9,950000	0,077202
9,960000	0,079114
9,970000	0,081664
9,980000	0,080389
9,990000	0,075928
10,000000	0,076565
10,010000	0,089950
10,020000	0,075928
10,030000	0,077202
10,040000	0,089312
10,050000	0,073378
10,060000	0,078477
10,070000	0,076565
10,080000	0,074653
10,090000	0,077840
10,100000	0,076565
10,110000	0,075928
10,120000	0,077202
10,130000	0,074016
10,140000	0,074016
10,150000	0,074016
10,160000	0,073378
10,170000	0,074016
10,180000	0,079114
10,190000	0,074016
10,200000	0,079114
10,210000	0,074653
10,220000	0,076565
10,230000	0,074653
10,240000	0,075290
10,250000	0,076565
10,260000	0,072741
10,270000	0,072741
10,280000	0,074016
10,290000	0,072103
10,300000	0,076565
10,310000	0,079114
10,320000	0,075928
10,330000	0,076565
10,340000	0,079114
10,350000	0,074653
10,360000	0,081027
10,370000	0,072741
10,380000	0,071466
10,390000	0,075928
10,400000	0,072103
10,410000	0,072741
10,420000	0,074653
10,430000	0,068917
10,440000	0,074016
10,450000	0,079114
10,460000	0,067642
10,470000	0,075290
10,480000	0,085488
10,490000	0,079114
10,500000	0,075290
10,510000	0,079752
10,520000	0,061906
10,530000	0,079114
10,540000	0,067005
10,550000	0,072103
10,560000	0,059994
10,570000	0,081027
10,580000	0,068917
10,590000	0,056169
10,600000	0,061268
10,610000	0,071466
10,620000	0,071466
10,630000	0,084213
10,640000	0,075928
10,650000	0,076565
10,660000	0,091862
10,670000	0,071466
10,680000	0,071466
10,690000	0,095686
10,700000	0,052345
10,710000	0,070829
10,720000	0,082939
10,730000	0,051070
10,740000	0,079752
10,750000	0,075290
10,760000	0,071466
10,770000	0,081027
10,780000	0,076565
10,790000	0,079114
10,800000	0,112258
10,810000	0,068917
10,820000	0,068279
10,830000	0,119269
10,840000	0,068917
10,850000	0,063180
10,860000	0,061906
10,870000	0,075290
10,880000	0,070191
10,890000	0,077202
10,900000	0,063818
10,910000	0,079114
10,920000	0,086126
10,930000	0,074016
10,940000	0,083576
10,950000	0,073378
10,960000	0,073378
10,970000	0,061268
10,980000	0,075290
10,990000	0,061906
11,000000	0,068917
11,010000	0,067005
11,020000	0,078477
11,030000	0,070829
11,040000	0,081664
11,050000	0,071466
11,060000	0,071466
11,070000	0,068917
11,080000	0,070829
11,090000	0,070829
11,100000	0,076565
11,110000	0,069554
11,120000	0,076565
11,130000	0,071466
11,140000	0,067642
11,150000	0,074653
11,160000	0,068279
11,170000	0,073378
11,180000	0,076565
11,190000	0,070191
11,200000	0,066367
11,210000	0,078477
11,220000	0,075290
11,230000	0,079752
11,240000	0,082939
11,250000	0,073378
11,260000	0,077202
11,270000	0,077202
11,280000	0,067642
11,290000	0,072741
11,300000	0,069554
11,310000	0,074653
11,320000	0,075290
11,330000	0,060631
11,340000	0,081664
11,350000	0,072103
11,360000	0,075928
11,370000	0,069554
11,380000	0,075290
11,390000	0,073378
11,400000	0,073378
11,410000	0,070191
11,420000	0,072741
11,430000	0,079114
11,440000	0,081664
11,450000	0,061906
11,460000	0,072103
11,470000	0,082939
11,480000	0,084213
11,490000	0,071466
11,500000	0,072741
11,510000	0,082939
11,520000	0,074016
11,530000	0,077840
11,540000	0,055532
11,550000	0,079114
11,560000	0,072741
11,570000	0,079114
11,580000	0,056169
11,590000	0,070191
11,600000	0,075290
11,610000	0,086763
11,620000	0,072103
11,630000	0,073378
11,640000	0,051070
11,650000	0,074016
11,660000	0,074653
11,670000	0,078477
11,680000	0,042147
11,690000	0,072741
11,700000	0,077202
11,710000	0,038323
11,720000	0,074016
11,730000	0,066367
11,740000	0,077202
11,750000	0,071466
11,760000	0,070829
11,770000	0,076565
11,780000	0,088038
11,790000	0,068279
11,800000	0,078477
11,810000	0,096323
11,820000	0,076565
11,830000	0,075290
11,840000	0,071466
11,850000	0,079752
11,860000	0,071466
11,870000	0,067642
11,880000	0,071466
11,890000	0,071466
11,900000	0,071466
11,910000	0,074016
11,920000	0,072741
11,930000	0,071466
11,940000	0,071466
11,950000	0,072103
11,960000	0,077840
11,970000	0,068917
11,980000	0,072103
11,990000	0,069554
12,000000	0,058719
12,010000	0,074653
12,020000	0,068279
12,030000	0,069554
12,040000	0,065092
12,050000	0,058719
12,060000	0,070829
12,070000	0,084851
12,080000	0,072103
12,090000	0,082939
12,100000	0,070191
12,110000	0,065730
12,120000	0,063180
12,130000	0,068917
12,140000	0,059994
12,150000	0,069554
12,160000	0,042785
12,170000	0,073378
12,180000	0,061906
12,190000	0,065092
12,200000	0,072741
12,210000	0,074016
12,220000	0,067005
12,230000	0,065730
12,240000	0,079752
12,250000	0,073378
12,260000	0,078477
12,270000	0,071466
12,280000	0,067642
12,290000	0,065730
12,300000	0,063180
12,310000	0,072741
12,320000	0,084213
12,330000	0,066367
12,340000	0,070829
12,350000	0,079752
12,360000	0,075290
12,370000	0,059356
12,380000	0,071466
12,390000	0,091224
12,400000	0,074016
12,410000	0,071466
12,420000	0,071466
12,430000	0,077202
12,440000	0,066367
12,450000	0,061906
12,460000	0,057444
12,470000	0,069554
12,480000	0,068279
12,490000	0,056807
12,500000	0,064455
12,510000	0,072103
12,520000	0,100785
12,530000	0,063818
12,540000	0,068917
12,550000	0,068917
12,560000	0,093137
12,570000	0,071466
12,580000	0,068917
12,590000	0,056169
12,600000	0,068917
12,610000	0,066367
12,620000	0,061268
12,630000	0,068917
12,640000	0,071466
12,650000	0,068279
12,660000	0,070191
12,670000	0,068917
12,680000	0,071466
12,690000	0,069554
12,700000	0,070829
12,710000	0,067005
12,720000	0,067642
12,730000	0,068917
12,740000	0,067642
12,750000	0,070829
12,760000	0,073378
12,770000	0,068917
12,780000	0,072103
12,790000	0,074653
12,800000	0,068917
12,810000	0,070191
12,820000	0,072103
12,830000	0,067005
12,840000	0,070191
12,850000	0,068917
12,860000	0,067005
12,870000	0,070829
12,880000	0,071466
12,890000	0,069554
12,900000	0,065092
12,910000	0,068279
12,920000	0,077202
12,930000	0,068917
12,940000	0,075928
12,950000	0,067005
12,960000	0,070191
12,970000	0,065092
12,980000	0,074016
12,990000	0,061268
13,000000	0,063180
13,010000	0,074653
13,020000	0,058719
13,030000	0,065730
13,040000	0,073378
13,050000	0,065092
13,060000	0,072103
13,070000	0,075290
13,080000	0,071466
13,090000	0,076565
13,100000	0,083576
13,110000	0,067642
13,120000	0,070191
13,130000	0,061268
13,140000	0,065730
13,150000	0,066367
13,160000	0,071466
13,170000	0,078477
13,180000	0,062543
13,190000	0,067005
13,200000	0,058081
13,210000	0,058081
13,220000	0,061906
13,230000	0,059994
13,240000	0,069554
13,250000	0,068917
13,260000	0,063818
13,270000	0,055532
13,280000	0,064455
13,290000	0,068279
13,300000	0,086763
13,310000	0,078477
13,320000	0,068917
13,330000	0,075928
13,340000	0,082939
13,350000	0,067642
13,360000	0,068279
13,370000	0,054895
13,380000	0,065730
13,390000	0,063818
13,400000	0,040873
13,410000	0,063818
13,420000	0,087400
13,430000	0,073378
13,440000	0,075928
13,450000	0,070191
13,460000	0,084213
13,470000	0,082939
13,480000	0,065730
13,490000	0,075290
13,500000	0,085488
13,510000	0,065092
13,520000	0,068279
13,530000	0,061906
13,540000	0,061268
13,550000	0,063818
13,560000	0,070191
13,570000	0,061906
13,580000	0,066367
13,590000	0,077202
13,600000	0,063180
13,610000	0,076565
13,620000	0,065092
13,630000	0,073378
13,640000	0,066367
13,650000	0,065092
13,660000	0,067005
13,670000	0,066367
13,680000	0,061268
13,690000	0,071466
13,700000	0,061268
13,710000	0,069554
13,720000	0,060631
13,730000	0,068917
13,740000	0,068279
13,750000	0,070191
13,760000	0,068279
13,770000	0,078477
13,780000	0,072103
13,790000	0,068917
13,800000	0,065092
13,810000	0,061268
13,820000	0,070191
13,830000	0,063818
13,840000	0,063818
13,850000	0,058719
13,860000	0,059356
13,870000	0,077840
13,880000	0,068279
13,890000	0,060631
13,900000	0,065092
13,910000	0,074653
13,920000	0,062543
13,930000	0,074653
13,940000	0,076565
13,950000	0,065730
13,960000	0,069554
13,970000	0,059994
13,980000	0,074653
13,990000	0,070829
14,000000	0,068917
14,010000	0,067005
14,020000	0,056807
14,030000	0,056169
14,040000	0,065730
14,050000	0,076565
14,060000	0,052982
14,070000	0,068917
14,080000	0,073378
14,090000	0,085488
14,100000	0,073378
14,110000	0,070829
14,120000	0,051070
14,130000	0,091862
14,140000	0,065730
14,150000	0,058081
14,160000	0,044697
14,170000	0,066367
14,180000	0,068279
14,190000	0,075290
14,200000	0,063180
14,210000	0,068917
14,220000	0,102060
14,230000	0,055532
14,240000	0,067005
14,250000	0,065092
14,260000	0,096961
14,270000	0,065730
14,280000	0,062543
14,290000	0,080389
14,300000	0,064455
14,310000	0,063818
14,320000	0,066367
14,330000	0,068917
14,340000	0,067005
14,350000	0,071466
14,360000	0,060631
14,370000	0,072741
14,380000	0,070829
14,390000	0,069554
14,400000	0,068917
14,410000	0,062543
14,420000	0,065092
14,430000	0,067005
14,440000	0,067005
14,450000	0,065730
14,460000	0,063818
14,470000	0,061906
14,480000	0,073378
14,490000	0,068279
14,500000	0,075290
14,510000	0,067005
14,520000	0,070191
14,530000	0,065730
14,540000	0,070829
14,550000	0,056169
14,560000	0,072103
14,570000	0,052982
14,580000	0,067005
14,590000	0,062543
14,600000	0,058081
14,610000	0,075290
14,620000	0,064455
14,630000	0,065730
14,640000	0,063818
14,650000	0,072741
14,660000	0,066367
14,670000	0,059994
14,680000	0,042785
14,690000	0,064455
14,700000	0,045334
14,710000	0,058719
14,720000	0,061268
14,730000	0,051070
14,740000	0,061906
14,750000	0,075290
14,760000	0,065730
14,770000	0,076565
14,780000	0,066367
14,790000	0,077840
14,800000	0,075290
14,810000	0,073378
14,820000	0,059994
14,830000	0,065730
14,840000	0,071466
14,850000	0,053620
14,860000	0,074016
14,870000	0,068917
14,880000	0,071466
14,890000	0,077202
14,900000	0,063180
14,910000	0,072741
14,920000	0,080389
14,930000	0,071466
14,940000	0,067005
14,950000	0,054257
14,960000	0,062543
14,970000	0,067642
14,980000	0,071466
14,990000	0,056169
15,000000	0,068917
15,010000	0,067005
15,020000	0,068279
15,030000	0,057444
15,040000	0,071466
15,050000	0,063818
15,060000	0,070191
15,070000	0,067642
15,080000	0,068917
15,090000	0,051070
15,100000	0,073378
15,110000	0,068917
15,120000	0,035774
15,130000	0,067005
15,140000	0,067642
15,150000	0,067642
15,160000	0,056807
15,170000	0,068917
15,180000	0,066367
15,190000	0,084213
15,200000	0,067005
15,210000	0,069554
15,220000	0,068917
15,230000	0,065730
15,240000	0,067005
15,250000	0,070191
15,260000	0,065092
15,270000	0,065092
15,280000	0,064455
15,290000	0,063818
15,300000	0,065092
15,310000	0,067642
15,320000	0,067005
15,330000	0,068917
15,340000	0,066367
15,350000	0,067642
15,360000	0,065730
15,370000	0,070191
15,380000	0,065092
15,390000	0,063818
15,400000	0,067005
15,410000	0,062543
15,420000	0,068279
15,430000	0,074016
15,440000	0,065730
15,450000	0,066367
15,460000	0,070829
15,470000	0,063818
15,480000	0,063818
15,490000	0,071466
15,500000	0,066367
15,510000	0,065092
15,520000	0,062543
15,530000	0,072741
15,540000	0,065730
15,550000	0,059356
15,560000	0,072103
15,570000	0,065730
15,580000	0,065730
15,590000	0,063180
15,600000	0,077840
15,610000	0,060631
15,620000	0,067642
15,630000	0,076565
15,640000	0,072103
15,650000	0,064455
15,660000	0,069554
15,670000	0,061268
15,680000	0,067005
15,690000	0,061268
15,700000	0,061906
15,710000	0,056169
15,720000	0,059994
15,730000	0,061268
15,740000	0,074016
15,750000	0,055532
15,760000	0,063180
15,770000	0,063180
15,780000	0,063180
15,790000	0,082301
15,800000	0,061906
15,810000	0,080389
15,820000	0,082301
15,830000	0,070829
15,840000	0,068917
15,850000	0,061268
15,860000	0,071466
15,870000	0,069554
15,880000	0,086763
15,890000	0,079114
15,900000	0,061268
15,910000	0,061268
15,920000	0,086763
15,930000	0,059356
15,940000	0,066367
15,950000	0,093137
15,960000	0,074016
15,970000	0,069554
15,980000	0,084213
15,990000	0,076565
16,000000	0,068279
16,010000	0,077840
16,020000	0,052982
16,030000	0,054257
16,040000	0,065092
16,050000	0,057444
16,060000	0,063180
16,070000	0,062543
16,080000	0,062543
16,090000	0,073378
16,100000	0,065092
16,110000	0,072103
16,120000	0,067005
16,130000	0,068279
16,140000	0,065730
16,150000	0,071466
16,160000	0,061268
16,170000	0,061268
16,180000	0,063818
16,190000	0,060631
16,200000	0,062543
16,210000	0,067642
16,220000	0,063818
16,230000	0,063818
16,240000	0,065730
16,250000	0,065092
16,260000	0,065730
16,270000	0,061268
16,280000	0,065092
16,290000	0,061268
16,300000	0,063180
16,310000	0,063180
16,320000	0,063818
16,330000	0,063818
16,340000	0,068279
16,350000	0,068917
16,360000	0,072103
16,370000	0,065730
16,380000	0,063818
16,390000	0,068279
16,400000	0,065092
16,410000	0,066367
16,420000	0,067005
16,430000	0,058719
16,440000	0,067005
16,450000	0,071466
16,460000	0,059994
16,470000	0,059994
16,480000	0,068279
16,490000	0,065092
16,500000	0,062543
16,510000	0,065730
16,520000	0,066367
16,530000	0,068917
16,540000	0,056169
16,550000	0,055532
16,560000	0,065730
16,570000	0,060631
16,580000	0,061268
16,590000	0,065730
16,600000	0,065730
16,610000	0,076565
16,620000	0,067642
16,630000	0,062543
16,640000	0,069554
16,650000	0,058719
16,660000	0,063818
16,670000	0,065092
16,680000	0,055532
16,690000	0,060631
16,700000	0,063818
16,710000	0,063180
16,720000	0,063818
16,730000	0,065730
16,740000	0,075290
16,750000	0,076565
16,760000	0,068279
16,770000	0,064455
16,780000	0,082939
16,790000	0,063180
16,800000	0,062543
16,810000	0,038323
16,820000	0,064455
16,830000	0,067005
16,840000	0,065092
16,850000	0,031312
16,860000	0,065730
16,870000	0,068917
16,880000	0,073378
16,890000	0,067642
16,900000	0,065730
16,910000	0,068279
16,920000	0,067005
16,930000	0,070191
16,940000	0,065730
16,950000	0,071466
16,960000	0,062543
16,970000	0,063818
16,980000	0,061268
16,990000	0,063818
17,000000	0,070191
17,010000	0,063818
17,020000	0,070191
17,030000	0,065092
17,040000	0,067005
17,050000	0,067642
17,060000	0,060631
17,070000	0,060631
17,080000	0,061906
17,090000	0,067005
17,100000	0,066367
17,110000	0,058719
17,120000	0,060631
17,130000	0,062543
17,140000	0,065092
17,150000	0,067005
17,160000	0,071466
17,170000	0,068279
17,180000	0,070191
17,190000	0,065730
17,200000	0,063818
17,210000	0,060631
17,220000	0,063818
17,230000	0,058081
17,240000	0,056169
17,250000	0,063818
17,260000	0,057444
17,270000	0,055532
17,280000	0,056807
17,290000	0,070191
17,300000	0,059356
17,310000	0,074653
17,320000	0,068917
17,330000	0,063180
17,340000	0,071466
17,350000	0,068917
17,360000	0,062543
17,370000	0,058081
17,380000	0,059994
17,390000	0,056169
17,400000	0,066367
17,410000	0,063818
17,420000	0,065730
17,430000	0,061906
17,440000	0,061268
17,450000	0,066367
17,460000	0,052982
17,470000	0,057444
17,480000	0,065730
17,490000	0,079752
17,500000	0,072741
17,510000	0,065730
17,520000	0,065730
17,530000	0,081664
17,540000	0,072103
17,550000	0,068917
17,560000	0,054257
17,570000	0,087400
17,580000	0,063180
17,590000	0,060631
17,600000	0,045971
17,610000	0,067005
17,620000	0,063180
17,630000	0,075290
17,640000	0,061906
17,650000	0,062543
17,660000	0,075928
17,670000	0,052982
17,680000	0,063818
17,690000	0,062543
17,700000	0,059994
17,710000	0,065730
17,720000	0,063180
17,730000	0,049158
17,740000	0,061906
17,750000	0,064455
17,760000	0,056807
17,770000	0,063180
17,780000	0,062543
17,790000	0,066367
17,800000	0,066367
17,810000	0,064455
17,820000	0,066367
17,830000	0,061906
17,840000	0,063818
17,850000	0,063818
17,860000	0,064455
17,870000	0,065092
17,880000	0,065730
17,890000	0,061268
17,900000	0,065092
17,910000	0,065730
17,920000	0,061268
17,930000	0,065092
17,940000	0,063818
17,950000	0,061268
17,960000	0,061906
17,970000	0,063180
17,980000	0,062543
17,990000	0,063818
18,000000	0,061268
18,010000	0,065092
18,020000	0,064455
18,030000	0,065092
18,040000	0,063818
18,050000	0,067642
18,060000	0,066367
18,070000	0,065092
18,080000	0,067642
18,090000	0,061906
18,100000	0,066367
18,110000	0,066367
18,120000	0,057444
18,130000	0,061906
18,140000	0,059356
18,150000	0,060631
18,160000	0,071466
18,170000	0,053620
18,180000	0,063180
18,190000	0,064455
18,200000	0,055532
18,210000	0,062543
18,220000	0,063180
18,230000	0,061268
18,240000	0,065092
18,250000	0,063818
18,260000	0,065730
18,270000	0,065730
18,280000	0,052982
18,290000	0,069554
18,300000	0,059994
18,310000	0,059994
18,320000	0,070191
18,330000	0,054895
18,340000	0,061906
18,350000	0,056807
18,360000	0,051070
18,370000	0,065092
18,380000	0,066367
18,390000	0,055532
18,400000	0,058081
18,410000	0,065092
18,420000	0,068917
18,430000	0,042785
18,440000	0,056807
18,450000	0,065730
18,460000	0,079752
18,470000	0,064455
18,480000	0,061906
18,490000	0,065730
18,500000	0,064455
18,510000	0,077840
18,520000	0,063818
18,530000	0,047246
18,540000	0,061906
18,550000	0,065092
18,560000	0,045334
18,570000	0,063180
18,580000	0,058081
18,590000	0,062543
18,600000	0,062543
18,610000	0,060631
18,620000	0,059356
18,630000	0,068279
18,640000	0,061906
18,650000	0,066367
18,660000	0,061906
18,670000	0,061268
18,680000	0,061268
18,690000	0,063818
18,700000	0,059356
18,710000	0,061906
18,720000	0,063818
18,730000	0,060631
18,740000	0,061906
18,750000	0,063180
18,760000	0,058719
18,770000	0,061268
18,780000	0,063818
18,790000	0,065730
18,800000	0,059994
18,810000	0,058081
18,820000	0,066367
18,830000	0,058719
18,840000	0,061906
18,850000	0,060631
18,860000	0,061268
18,870000	0,066367
18,880000	0,061268
18,890000	0,062543
18,900000	0,063818
18,910000	0,063818
18,920000	0,067005
18,930000	0,061906
18,940000	0,059994
18,950000	0,063818
18,960000	0,056169
18,970000	0,063818
18,980000	0,061906
18,990000	0,060631
19,000000	0,063180
19,010000	0,069554
19,020000	0,061906
19,030000	0,058081
19,040000	0,070191
19,050000	0,059994
19,060000	0,058081
19,070000	0,063180
19,080000	0,061906
19,090000	0,052982
19,100000	0,052345
19,110000	0,058719
19,120000	0,065730
19,130000	0,067005
19,140000	0,065730
19,150000	0,061268
19,160000	0,072103
19,170000	0,069554
19,180000	0,065092
19,190000	0,061268
19,200000	0,052982
19,210000	0,064455
19,220000	0,065092
19,230000	0,068279
19,240000	0,077840
19,250000	0,063818
19,260000	0,062543
19,270000	0,066367
19,280000	0,065730
19,290000	0,063180
19,300000	0,059994
19,310000	0,056169
19,320000	0,062543
19,330000	0,059994
19,340000	0,052982
19,350000	0,060631
19,360000	0,063180
19,370000	0,084213
19,380000	0,061268
19,390000	0,063180
19,400000	0,061906
19,410000	0,081664
19,420000	0,065092
19,430000	0,065092
19,440000	0,052982
19,450000	0,068917
19,460000	0,067005
19,470000	0,063180
19,480000	0,055532
19,490000	0,063180
19,500000	0,065092
19,510000	0,061906
19,520000	0,060631
19,530000	0,062543
19,540000	0,061268
19,550000	0,068917
19,560000	0,063180
19,570000	0,060631
19,580000	0,063818
19,590000	0,055532
19,600000	0,063818
19,610000	0,057444
19,620000	0,061268
19,630000	0,058081
19,640000	0,058081
19,650000	0,063180
19,660000	0,055532
19,670000	0,062543
19,680000	0,067005
19,690000	0,067005
19,700000	0,063180
19,710000	0,065092
19,720000	0,062543
19,730000	0,063180
19,740000	0,063818
19,750000	0,057444
19,760000	0,054895
19,770000	0,061906
19,780000	0,061906
19,790000	0,062543
19,800000	0,060631
19,810000	0,056169
19,820000	0,061268
19,830000	0,068917
19,840000	0,063180
19,850000	0,066367
19,860000	0,063818
19,870000	0,060631
19,880000	0,071466
19,890000	0,063818
19,900000	0,054895
19,910000	0,069554
19,920000	0,067642
19,930000	0,058081
19,940000	0,061268
19,950000	0,059356
19,960000	0,061268
19,970000	0,067642
19,980000	0,059356
19,990000	0,056169
20,000000	0,064455
20,010000	0,061906
20,020000	0,072741
20,030000	0,061906
20,040000	0,059356
20,050000	0,063818
20,060000	0,068279
20,070000	0,061906
20,080000	0,063818
20,090000	0,050433
20,100000	0,058081
20,110000	0,061268
20,120000	0,068279
20,130000	0,050433
20,140000	0,063180
20,150000	0,059356
20,160000	0,079114
20,170000	0,061906
20,180000	0,062543
20,190000	0,049796
20,200000	0,047884
20,210000	0,063180
20,220000	0,065092
20,230000	0,037686
20,240000	0,061268
20,250000	0,063180
20,260000	0,058719
20,270000	0,067642
20,280000	0,061268
20,290000	0,061906
20,300000	0,073378
20,310000	0,062543
20,320000	0,061268
20,330000	0,065730
20,340000	0,062543
20,350000	0,059356
20,360000	0,065092
20,370000	0,060631
20,380000	0,061268
20,390000	0,063180
20,400000	0,059356
20,410000	0,061268
20,420000	0,062543
20,430000	0,061906
20,440000	0,061268
20,450000	0,063180
20,460000	0,060631
20,470000	0,062543
20,480000	0,063180
20,490000	0,059994
20,500000	0,065092
20,510000	0,060631
20,520000	0,061268
20,530000	0,063180
20,540000	0,060631
20,550000	0,061268
20,560000	0,061906
20,570000	0,059994
20,580000	0,063818
20,590000	0,059994
20,600000	0,058719
20,610000	0,062543
20,620000	0,061906
20,630000	0,059356
20,640000	0,062543
20,650000	0,056807
20,660000	0,060631
20,670000	0,066367
20,680000	0,062543
20,690000	0,059994
20,700000	0,055532
20,710000	0,058081
20,720000	0,067005
20,730000	0,056169
20,740000	0,056807
20,750000	0,067005
20,760000	0,062543
20,770000	0,062543
20,780000	0,062543
20,790000	0,054895
20,800000	0,063180
20,810000	0,063180
20,820000	0,056807
20,830000	0,064455
20,840000	0,057444
20,850000	0,058719
20,860000	0,063818
20,870000	0,065730
20,880000	0,059994
20,890000	0,060631
20,900000	0,063180
20,910000	0,068917
20,920000	0,064455
20,930000	0,059994
20,940000	0,057444
20,950000	0,055532
20,960000	0,063180
20,970000	0,061268
20,980000	0,058081
20,990000	0,063818
21,000000	0,062543
21,010000	0,071466
21,020000	0,070829
21,030000	0,059356
21,040000	0,060631
21,050000	0,075928
21,060000	0,059994
21,070000	0,060631
21,080000	0,059994
21,090000	0,056807
21,100000	0,058081
21,110000	0,061268
21,120000	0,054895
21,130000	0,059356
21,140000	0,061268
21,150000	0,058081
21,160000	0,063818
21,170000	0,062543
21,180000	0,062543
21,190000	0,059994
21,200000	0,061268
21,210000	0,059994
21,220000	0,063180
21,230000	0,061268
21,240000	0,063180
21,250000	0,063180
21,260000	0,063818
21,270000	0,059994
21,280000	0,062543
21,290000	0,062543
21,300000	0,061906
21,310000	0,058719
21,320000	0,062543
21,330000	0,063180
21,340000	0,063818
21,350000	0,061268
21,360000	0,059994
21,370000	0,058081
21,380000	0,063180
21,390000	0,059994
21,400000	0,061906
21,410000	0,058719
21,420000	0,059994
21,430000	0,060631
21,440000	0,063180
21,450000	0,059356
21,460000	0,060631
21,470000	0,063180
21,480000	0,065092
21,490000	0,058719
21,500000	0,061906
21,510000	0,062543
21,520000	0,061268
21,530000	0,058719
21,540000	0,062543
21,550000	0,060631
21,560000	0,061268
21,570000	0,063818
21,580000	0,062543
21,590000	0,059356
21,600000	0,063180
21,610000	0,061906
21,620000	0,061268
21,630000	0,062543
21,640000	0,061268
21,650000	0,061906
21,660000	0,061906
21,670000	0,059994
21,680000	0,060631
21,690000	0,059994
21,700000	0,058719
21,710000	0,061906
21,720000	0,061906
21,730000	0,059994
21,740000	0,059356
21,750000	0,063180
21,760000	0,061268
21,770000	0,062543
21,780000	0,060631
21,790000	0,060631
21,800000	0,060631
21,810000	0,062543
21,820000	0,061906
21,830000	0,061906
21,840000	0,061268
21,850000	0,062543
21,860000	0,061906
21,870000	0,061906
21,880000	0,063180
21,890000	0,059356
21,900000	0,062543
21,910000	0,061268
21,920000	0,061906
21,930000	0,061268
21,940000	0,061906
21,950000	0,059994
21,960000	0,061906
21,970000	0,062543
21,980000	0,061906
21,990000	0,060631
22,000000	0,061268
22,010000	0,061906
22,020000	0,060631
22,030000	0,061268
22,040000	0,061268
22,050000	0,063180
22,060000	0,058719
22,070000	0,061906
22,080000	0,060631
22,090000	0,061906
22,100000	0,060631
22,110000	0,060631
22,120000	0,062543
22,130000	0,063180
22,140000	0,061268
22,150000	0,061906
22,160000	0,060631
22,170000	0,061906
22,180000	0,061906
22,190000	0,062543
22,200000	0,062543
22,210000	0,058719
22,220000	0,063180
22,230000	0,060631
22,240000	0,061268
22,250000	0,062543
22,260000	0,061268
22,270000	0,061268
22,280000	0,058719
22,290000	0,061268
22,300000	0,059994
22,310000	0,061268
22,320000	0,061906
22,330000	0,058719
22,340000	0,060631
22,350000	0,061268
22,360000	0,061268
22,370000	0,062543
22,380000	0,061906
22,390000	0,060631
22,400000	0,060631
22,410000	0,061906
22,420000	0,062543
22,430000	0,061268
22,440000	0,062543
22,450000	0,057444
22,460000	0,058719
22,470000	0,062543
22,480000	0,058719
22,490000	0,063818
22,500000	0,058719
22,510000	0,059356
22,520000	0,061268
22,530000	0,062543
22,540000	0,061268
22,550000	0,062543
22,560000	0,057444
22,570000	0,060631
22,580000	0,059994
22,590000	0,060631
22,600000	0,058081
22,610000	0,060631
22,620000	0,060631
22,630000	0,058719
22,640000	0,062543
22,650000	0,059994
22,660000	0,060631
22,670000	0,059356
22,680000	0,060631
22,690000	0,061268
22,700000	0,058719
22,710000	0,059356
22,720000	0,061268
22,730000	0,059994
22,740000	0,064455
22,750000	0,060631
22,760000	0,059356
22,770000	0,061268
22,780000	0,061906
22,790000	0,059994
22,800000	0,061268
22,810000	0,061268
22,820000	0,060631
22,830000	0,059994
22,840000	0,058719
22,850000	0,064455
22,860000	0,059356
22,870000	0,060631
22,880000	0,060631
22,890000	0,059356
22,900000	0,060631
22,910000	0,060631
22,920000	0,062543
22,930000	0,059994
22,940000	0,063180
22,950000	0,059994
22,960000	0,059994
22,970000	0,061268
22,980000	0,059356
22,990000	0,060631
23,000000	0,059356
23,010000	0,061906
23,020000	0,059356
23,030000	0,059994
23,040000	0,060631
23,050000	0,061268
23,060000	0,059994
23,070000	0,058719
23,080000	0,059356
23,090000	0,058719
23,100000	0,060631
23,110000	0,059994
23,120000	0,060631
23,130000	0,058081
23,140000	0,057444
23,150000	0,061268
23,160000	0,060631
23,170000	0,061906
23,180000	0,059994
23,190000	0,063180
23,200000	0,059356
23,210000	0,059356
23,220000	0,061268
23,230000	0,058081
23,240000	0,056169
23,250000	0,061906
23,260000	0,061268
23,270000	0,061268
23,280000	0,060631
23,290000	0,061906
23,300000	0,061906
23,310000	0,061268
23,320000	0,059994
23,330000	0,058719
23,340000	0,061268
23,350000	0,061268
23,360000	0,062543
23,370000	0,058081
23,380000	0,060631
23,390000	0,059994
23,400000	0,060631
23,410000	0,059356
23,420000	0,060631
23,430000	0,059994
23,440000	0,060631
23,450000	0,059356
23,460000	0,060631
23,470000	0,061268
23,480000	0,061906
23,490000	0,059356
23,500000	0,058719
23,510000	0,063180
23,520000	0,059994
23,530000	0,061268
23,540000	0,059994
23,550000	0,058719
23,560000	0,059994
23,570000	0,062543
23,580000	0,061906
23,590000	0,061268
23,600000	0,061268
23,610000	0,060631
23,620000	0,061268
23,630000	0,061268
23,640000	0,058719
23,650000	0,060631
23,660000	0,058719
23,670000	0,058719
23,680000	0,060631
23,690000	0,061906
23,700000	0,059994
23,710000	0,061268
23,720000	0,060631
23,730000	0,059356
23,740000	0,060631
23,750000	0,061268
23,760000	0,061906
23,770000	0,062543
23,780000	0,062543
23,790000	0,059994
23,800000	0,055532
23,810000	0,059994
23,820000	0,061268
23,830000	0,061268
23,840000	0,059994
23,850000	0,061268
23,860000	0,062543
23,870000	0,061906
23,880000	0,059356
23,890000	0,058719
23,900000	0,063180
23,910000	0,059994
23,920000	0,058081
23,930000	0,060631
23,940000	0,059356
23,950000	0,059356
23,960000	0,059356
23,970000	0,059994
23,980000	0,061906
23,990000	0,058719
24,000000	0,059356
24,010000	0,061268
24,020000	0,061268
24,030000	0,061268
24,040000	0,063180
24,050000	0,061268
24,060000	0,060631
24,070000	0,060631
24,080000	0,058719
24,090000	0,061906
24,100000	0,060631
24,110000	0,057444
24,120000	0,063180
24,130000	0,061268
24,140000	0,063180
24,150000	0,058719
24,160000	0,061906
24,170000	0,062543
24,180000	0,060631
24,190000	0,058719
24,200000	0,061268
24,210000	0,059994
24,220000	0,061268
24,230000	0,060631
24,240000	0,063180
24,250000	0,061906
24,260000	0,058719
24,270000	0,060631
24,280000	0,063180
24,290000	0,058719
24,300000	0,059994
24,310000	0,062543
24,320000	0,061268
24,330000	0,058081
24,340000	0,059994
24,350000	0,059356
24,360000	0,059356
24,370000	0,057444
24,380000	0,062543
24,390000	0,058081
24,400000	0,061268
24,410000	0,061268
24,420000	0,059356
24,430000	0,058081
24,440000	0,065730
24,450000	0,061268
24,460000	0,059356
24,470000	0,060631
24,480000	0,057444
24,490000	0,059994
24,500000	0,061268
24,510000	0,060631
24,520000	0,061268
24,530000	0,059994
24,540000	0,061906
24,550000	0,061906
24,560000	0,058719
24,570000	0,060631
24,580000	0,058081
24,590000	0,058719
24,600000	0,061268
24,610000	0,058081
24,620000	0,060631
24,630000	0,059356
24,640000	0,058081
24,650000	0,061268
24,660000	0,061268
24,670000	0,059994
24,680000	0,060631
24,690000	0,061268
24,700000	0,060631
24,710000	0,059356
24,720000	0,059356
24,730000	0,061906
24,740000	0,057444
24,750000	0,059994
24,760000	0,059994
24,770000	0,057444
24,780000	0,058081
24,790000	0,061268
24,800000	0,059356
24,810000	0,060631
24,820000	0,060631
24,830000	0,059994
24,840000	0,058719
24,850000	0,060631
24,860000	0,059356
24,870000	0,062543
24,880000	0,059356
24,890000	0,058081
24,900000	0,060631
24,910000	0,058081
24,920000	0,061268
24,930000	0,060631
24,940000	0,058719
24,950000	0,059994
24,960000	0,058719
24,970000	0,059994
24,980000	0,059994
24,990000	0,062543
25,000000	0,059994
25,010000	0,061906
25,020000	0,059356
25,030000	0,060631
25,040000	0,061268
25,050000	0,059994
25,060000	0,058719
25,070000	0,059994
25,080000	0,060631
25,090000	0,059994
25,100000	0,059994
25,110000	0,060631
25,120000	0,058719
25,130000	0,059994
25,140000	0,058719
25,150000	0,058719
25,160000	0,058081
25,170000	0,059994
25,180000	0,061268
25,190000	0,059356
25,200000	0,059356
25,210000	0,060631
25,220000	0,061906
25,230000	0,059356
25,240000	0,059356
25,250000	0,061906
25,260000	0,058719
25,270000	0,061268
25,280000	0,059356
25,290000	0,061268
25,300000	0,060631
25,310000	0,061268
25,320000	0,061906
25,330000	0,058081
25,340000	0,058081
25,350000	0,061268
25,360000	0,058719
25,370000	0,062543
25,380000	0,058719
25,390000	0,061906
25,400000	0,060631
25,410000	0,060631
25,420000	0,059994
25,430000	0,061268
25,440000	0,061906
25,450000	0,061906
25,460000	0,058081
25,470000	0,059994
25,480000	0,060631
25,490000	0,060631
25,500000	0,061906
25,510000	0,060631
25,520000	0,061268
25,530000	0,059994
25,540000	0,059994
25,550000	0,056169
25,560000	0,059356
25,570000	0,063180
25,580000	0,059994
25,590000	0,061268
25,600000	0,060631
25,610000	0,059994
25,620000	0,058719
25,630000	0,059994
25,640000	0,059994
25,650000	0,059994
25,660000	0,059994
25,670000	0,059356
25,680000	0,061268
25,690000	0,061268
25,700000	0,062543
25,710000	0,062543
25,720000	0,059994
25,730000	0,060631
25,740000	0,061906
25,750000	0,058081
25,760000	0,058081
25,770000	0,061906
25,780000	0,060631
25,790000	0,061268
25,800000	0,061268
25,810000	0,059994
25,820000	0,059356
25,830000	0,060631
25,840000	0,060631
25,850000	0,059356
25,860000	0,063180
25,870000	0,060631
25,880000	0,060631
25,890000	0,060631
25,900000	0,058081
25,910000	0,061906
25,920000	0,059994
25,930000	0,063180
25,940000	0,060631
25,950000	0,061906
25,960000	0,059356
25,970000	0,056807
25,980000	0,059994
25,990000	0,061268
26,000000	0,061268
26,010000	0,059356
26,020000	0,057444
26,030000	0,057444
26,040000	0,059356
26,050000	0,061268
26,060000	0,058719
26,070000	0,058719
26,080000	0,061906
26,090000	0,061268
26,100000	0,058081
26,110000	0,061268
26,120000	0,056807
26,130000	0,062543
26,140000	0,061268
26,150000	0,059356
26,160000	0,059994
26,170000	0,061268
26,180000	0,059994
26,190000	0,063818
26,200000	0,057444
26,210000	0,059994
26,220000	0,060631
26,230000	0,061268
26,240000	0,058719
26,250000	0,059994
26,260000	0,056807
26,270000	0,060631
26,280000	0,061268
26,290000	0,061268
26,300000	0,058081
26,310000	0,059994
26,320000	0,060631
26,330000	0,059356
26,340000	0,063180
26,350000	0,059994
26,360000	0,058719
26,370000	0,058719
26,380000	0,059994
26,390000	0,061268
26,400000	0,060631
26,410000	0,059994
26,420000	0,059356
26,430000	0,057444
26,440000	0,059994
26,450000	0,059994
26,460000	0,056807
26,470000	0,058719
26,480000	0,058719
26,490000	0,060631
26,500000	0,058719
26,510000	0,059356
26,520000	0,059356
26,530000	0,061268
26,540000	0,055532
26,550000	0,058719
26,560000	0,063180
26,570000	0,059356
26,580000	0,059356
26,590000	0,059994
26,600000	0,058719
26,610000	0,061268
26,620000	0,061268
26,630000	0,058081
26,640000	0,059994
26,650000	0,059994
26,660000	0,058719
26,670000	0,058719
26,680000	0,059356
26,690000	0,059994
26,700000	0,059994
26,710000	0,060631
26,720000	0,063818
26,730000	0,059994
26,740000	0,059994
26,750000	0,059356
26,760000	0,058081
26,770000	0,059356
26,780000	0,061268
26,790000	0,060631
26,800000	0,057444
26,810000	0,059356
26,820000	0,060631
26,830000	0,061268
26,840000	0,058719
26,850000	0,058081
26,860000	0,063180
26,870000	0,058081
26,880000	0,058719
26,890000	0,058719
26,900000	0,058719
26,910000	0,057444
26,920000	0,059994
26,930000	0,058719
26,940000	0,058719
26,950000	0,059356
26,960000	0,056807
26,970000	0,059356
26,980000	0,059994
26,990000	0,057444
27,000000	0,057444
27,010000	0,059356
27,020000	0,058719
27,030000	0,058719
27,040000	0,061268
27,050000	0,059994
27,060000	0,061268
27,070000	0,060631
27,080000	0,058719
27,090000	0,057444
27,100000	0,062543
27,110000	0,062543
27,120000	0,059994
27,130000	0,058081
27,140000	0,061268
27,150000	0,057444
27,160000	0,059994
27,170000	0,056807
27,180000	0,059356
27,190000	0,061906
27,200000	0,061268
27,210000	0,061906
27,220000	0,059356
27,230000	0,061906
27,240000	0,059356
27,250000	0,059356
27,260000	0,060631
27,270000	0,059356
27,280000	0,059356
27,290000	0,060631
27,300000	0,060631
27,310000	0,058719
27,320000	0,063180
27,330000	0,059994
27,340000	0,058719
27,350000	0,059356
27,360000	0,059356
27,370000	0,061268
27,380000	0,060631
27,390000	0,056807
27,400000	0,059356
27,410000	0,058719
27,420000	0,058719
27,430000	0,058081
27,440000	0,059994
27,450000	0,058719
27,460000	0,061268
27,470000	0,058719
27,480000	0,058081
27,490000	0,058719
27,500000	0,058719
27,510000	0,059356
27,520000	0,059994
27,530000	0,058719
27,540000	0,062543
27,550000	0,058081
27,560000	0,063180
27,570000	0,057444
27,580000	0,058081
27,590000	0,060631
27,600000	0,059994
27,610000	0,062543
27,620000	0,061906
27,630000	0,059994
27,640000	0,056807
27,650000	0,058719
27,660000	0,060631
27,670000	0,060631
27,680000	0,058719
27,690000	0,060631
27,700000	0,061906
27,710000	0,059994
27,720000	0,058719
27,730000	0,059994
27,740000	0,061906
27,750000	0,056169
27,760000	0,057444
27,770000	0,059994
27,780000	0,061268
27,790000	0,059356
27,800000	0,060631
27,810000	0,060631
27,820000	0,060631
27,830000	0,058719
27,840000	0,056807
27,850000	0,058719
27,860000	0,060631
27,870000	0,061268
27,880000	0,059356
27,890000	0,063180
27,900000	0,059994
27,910000	0,059994
27,920000	0,058081
27,930000	0,061268
27,940000	0,059994
27,950000	0,058719
27,960000	0,063818
27,970000	0,058081
27,980000	0,061268
27,990000	0,056807
28,000000	0,059994
28,010000	0,061268
28,020000	0,059356
28,030000	0,060631
28,040000	0,063180
28,050000	0,059994
28,060000	0,057444
28,070000	0,061268
28,080000	0,058719
28,090000	0,059994
28,100000	0,060631
28,110000	0,060631
28,120000	0,059994
28,130000	0,061268
28,140000	0,061906
28,150000	0,061268
28,160000	0,059356
28,170000	0,061268
28,180000	0,061268
28,190000	0,058081
28,200000	0,059994
28,210000	0,059994
28,220000	0,058081
28,230000	0,061268
28,240000	0,060631
28,250000	0,058719
28,260000	0,060631
28,270000	0,059994
28,280000	0,057444
28,290000	0,056807
28,300000	0,061268
28,310000	0,059994
28,320000	0,061268
28,330000	0,063180
28,340000	0,059356
28,350000	0,058081
28,360000	0,060631
28,370000	0,061268
28,380000	0,061268
28,390000	0,062543
28,400000	0,058719
28,410000	0,059994
28,420000	0,059994
28,430000	0,060631
28,440000	0,059994
28,450000	0,059356
28,460000	0,059356
28,470000	0,061268
28,480000	0,061268
28,490000	0,056807
28,500000	0,061906
28,510000	0,058081
28,520000	0,059994
28,530000	0,058719
28,540000	0,056169
28,550000	0,059356
28,560000	0,060631
28,570000	0,059356
28,580000	0,058081
28,590000	0,058719
28,600000	0,059356
28,610000	0,058719
28,620000	0,058081
28,630000	0,060631
28,640000	0,054895
28,650000	0,062543
28,660000	0,059356
28,670000	0,060631
28,680000	0,060631
28,690000	0,059994
28,700000	0,061906
28,710000	0,057444
28,720000	0,058719
28,730000	0,061268
28,740000	0,061268
28,750000	0,058081
28,760000	0,062543
28,770000	0,056807
28,780000	0,061268
28,790000	0,059994
28,800000	0,062543
28,810000	0,058719
28,820000	0,056807
28,830000	0,060631
28,840000	0,061268
28,850000	0,057444
28,860000	0,062543
28,870000	0,059356
28,880000	0,058719
28,890000	0,058719
28,900000	0,061906
28,910000	0,058719
28,920000	0,063818
28,930000	0,058719
28,940000	0,062543
28,950000	0,057444
28,960000	0,059356
28,970000	0,060631
28,980000	0,060631
28,990000	0,061268
29,000000	0,058081
29,010000	0,060631
29,020000	0,056807
29,030000	0,061268
29,040000	0,059356
29,050000	0,058719
29,060000	0,060631
29,070000	0,059994
29,080000	0,058719
29,090000	0,060631
29,100000	0,056169
29,110000	0,059994
29,120000	0,061268
29,130000	0,060631
29,140000	0,059356
29,150000	0,061268
29,160000	0,059994
29,170000	0,059356
29,180000	0,060631
29,190000	0,057444
29,200000	0,063180
29,210000	0,058719
29,220000	0,059994
29,230000	0,060631
29,240000	0,057444
29,250000	0,059356
29,260000	0,059994
29,270000	0,059994
29,280000	0,058719
29,290000	0,059994
29,300000	0,061268
29,310000	0,060631
29,320000	0,059356
29,330000	0,061268
29,340000	0,061906
29,350000	0,060631
29,360000	0,057444
29,370000	0,059356
29,380000	0,060631
29,390000	0,059356
29,400000	0,061268
29,410000	0,061906
29,420000	0,059356
29,430000	0,061268
29,440000	0,058081
29,450000	0,059356
29,460000	0,061268
29,470000	0,059356
29,480000	0,059356
29,490000	0,060631
29,500000	0,061268
29,510000	0,061268
29,520000	0,056807
29,530000	0,060631
29,540000	0,059356
29,550000	0,062543
29,560000	0,061268
29,570000	0,059356
29,580000	0,057444
29,590000	0,061906
29,600000	0,058081
29,610000	0,060631
29,620000	0,061268
29,630000	0,060631
29,640000	0,061268
29,650000	0,061906
29,660000	0,058081
29,670000	0,061268
29,680000	0,060631
29,690000	0,061268
29,700000	0,059356
29,710000	0,061268
29,720000	0,060631
29,730000	0,061906
29,740000	0,061906
29,750000	0,060631
29,760000	0,059356
29,770000	0,061906
29,780000	0,061906
29,790000	0,060631
29,800000	0,059994
29,810000	0,059994
29,820000	0,061268
29,830000	0,061906
29,840000	0,060631
29,850000	0,059356
29,860000	0,063180
29,870000	0,061268
29,880000	0,059356
29,890000	0,061268
29,900000	0,063180
29,910000	0,061268
29,920000	0,058719
29,930000	0,060631
29,940000	0,061906
29,950000	0,060631
29,960000	0,059994
29,970000	0,059356
29,980000	0,059994
29,990000	0,056807
30,000000	0,058081
30,010000	0,061268
30,020000	0,059994
30,030000	0,058719
30,040000	0,061268
30,050000	0,058719
30,060000	0,056807
30,070000	0,062543
30,080000	0,058719
30,090000	0,059356
30,100000	0,061268
30,110000	0,059356
30,120000	0,058081
30,130000	0,062543
30,140000	0,059994
30,150000	0,060631
30,160000	0,058081
30,170000	0,059356
30,180000	0,061268
30,190000	0,059356
30,200000	0,061268
30,210000	0,061268
30,220000	0,059994
30,230000	0,061268
30,240000	0,056807
30,250000	0,060631
30,260000	0,058081
30,270000	0,059356
30,280000	0,057444
30,290000	0,058719
30,300000	0,060631
30,310000	0,059994
30,320000	0,059356
30,330000	0,061268
30,340000	0,061268
30,350000	0,059994
30,360000	0,061906
30,370000	0,061268
30,380000	0,058719
30,390000	0,061268
30,400000	0,056807
30,410000	0,060631
30,420000	0,059356
30,430000	0,061268
30,440000	0,061268
30,450000	0,061268
30,460000	0,059994
30,470000	0,061268
30,480000	0,059994
30,490000	0,059994
30,500000	0,059994
30,510000	0,060631
30,520000	0,058719
30,530000	0,061268
30,540000	0,058719
30,550000	0,060631
30,560000	0,056169
30,570000	0,061906
30,580000	0,056807
30,590000	0,058719
30,600000	0,061906
30,610000	0,057444
30,620000	0,058081
30,630000	0,060631
30,640000	0,058719
30,650000	0,058719
30,660000	0,061268
30,670000	0,058719
30,680000	0,058719
30,690000	0,061268
30,700000	0,059356
30,710000	0,059994
30,720000	0,061268
30,730000	0,059356
30,740000	0,057444
30,750000	0,058081
30,760000	0,057444
30,770000	0,059356
30,780000	0,060631
30,790000	0,058081
30,800000	0,058719
30,810000	0,058081
30,820000	0,058081
30,830000	0,061268
30,840000	0,060631
30,850000	0,056807
30,860000	0,061268
30,870000	0,059994
30,880000	0,060631
30,890000	0,058081
30,900000	0,061268
30,910000	0,058719
30,920000	0,059356
30,930000	0,058081
30,940000	0,058081
30,950000	0,059994
30,960000	0,055532
30,970000	0,059994
30,980000	0,058719
30,990000	0,059994
31,000000	0,057444
31,010000	0,061268
31,020000	0,060631
31,030000	0,057444
31,040000	0,060631
31,050000	0,056169
31,060000	0,060631
31,070000	0,059994
31,080000	0,059356
31,090000	0,059994
31,100000	0,058719
31,110000	0,059994
31,120000	0,059356
31,130000	0,058719
31,140000	0,059994
31,150000	0,061268
31,160000	0,056169
31,170000	0,059356
31,180000	0,060631
31,190000	0,058719
31,200000	0,059994
31,210000	0,060631
31,220000	0,061268
31,230000	0,059994
31,240000	0,059356
31,250000	0,062543
31,260000	0,058719
31,270000	0,058081
31,280000	0,060631
31,290000	0,061268
31,300000	0,059356
31,310000	0,063180
31,320000	0,061906
31,330000	0,061268
31,340000	0,061268
31,350000	0,061906
31,360000	0,058081
31,370000	0,061906
31,380000	0,059994
31,390000	0,058719
31,400000	0,061268
31,410000	0,061268
31,420000	0,059356
31,430000	0,059356
31,440000	0,059356
31,450000	0,062543
31,460000	0,057444
31,470000	0,060631
31,480000	0,060631
31,490000	0,059356
31,500000	0,061268
31,510000	0,062543
31,520000	0,060631
31,530000	0,063180
31,540000	0,061906
31,550000	0,064455
31,560000	0,061906
31,570000	0,058081
31,580000	0,061268
31,590000	0,060631
31,600000	0,059994
31,610000	0,061268
31,620000	0,060631
31,630000	0,058719
31,640000	0,059994
31,650000	0,059994
31,660000	0,058719
31,670000	0,059356
31,680000	0,061268
31,690000	0,061268
31,700000	0,058719
31,710000	0,057444
31,720000	0,057444
31,730000	0,060631
31,740000	0,060631
31,750000	0,061906
31,760000	0,058081
31,770000	0,060631
31,780000	0,060631
31,790000	0,057444
31,800000	0,061268
31,810000	0,058719
31,820000	0,061268
31,830000	0,061268
31,840000	0,059356
31,850000	0,061906
31,860000	0,060631
31,870000	0,058081
31,880000	0,058719
31,890000	0,058719
31,900000	0,060631
31,910000	0,063180
31,920000	0,061268
31,930000	0,061268
31,940000	0,061268
31,950000	0,060631
31,960000	0,061268
31,970000	0,059356
31,980000	0,063818
31,990000	0,057444
32,000000	0,061268
32,010000	0,059356
32,020000	0,062543
32,030000	0,061268
32,040000	0,059994
32,050000	0,061268
32,060000	0,063180
32,070000	0,056807
32,080000	0,062543
32,090000	0,061268
32,100000	0,057444
32,110000	0,059994
32,120000	0,061268
32,130000	0,058719
32,140000	0,058719
32,150000	0,061268
32,160000	0,061906
32,170000	0,058719
32,180000	0,061268
32,190000	0,058719
32,200000	0,060631
32,210000	0,058719
32,220000	0,059994
32,230000	0,059994
32,240000	0,059356
32,250000	0,062543
32,260000	0,061268
32,270000	0,060631
32,280000	0,059994
32,290000	0,058719
32,300000	0,058719
32,310000	0,058719
32,320000	0,058719
32,330000	0,060631
32,340000	0,059356
32,350000	0,062543
32,360000	0,059356
32,370000	0,058719
32,380000	0,059994
32,390000	0,059994
32,400000	0,061268
32,410000	0,059994
32,420000	0,062543
32,430000	0,061268
32,440000	0,061268
32,450000	0,058719
32,460000	0,061906
32,470000	0,062543
32,480000	0,061268
32,490000	0,060631
32,500000	0,061906
32,510000	0,059994
32,520000	0,058719
32,530000	0,058081
32,540000	0,056807
32,550000	0,058719
32,560000	0,057444
32,570000	0,061268
32,580000	0,060631
32,590000	0,059994
32,600000	0,058719
32,610000	0,059356
32,620000	0,061268
32,630000	0,058719
32,640000	0,058719
32,650000	0,063180
32,660000	0,059994
32,670000	0,061268
32,680000	0,058719
32,690000	0,058719
32,700000	0,059994
32,710000	0,059994
32,720000	0,060631
32,730000	0,058719
32,740000	0,061906
32,750000	0,060631
32,760000	0,056169
32,770000	0,060631
32,780000	0,058719
32,790000	0,059994
32,800000	0,060631
32,810000	0,059994
32,820000	0,056807
32,830000	0,061268
32,840000	0,060631
32,850000	0,057444
32,860000	0,059356
32,870000	0,061268
32,880000	0,058081
32,890000	0,063180
32,900000	0,058719
32,910000	0,058719
32,920000	0,058719
32,930000	0,058719
32,940000	0,060631
32,950000	0,059356
32,960000	0,058719
32,970000	0,061906
32,980000	0,060631
32,990000	0,062543
33,000000	0,059356
33,010000	0,061268
33,020000	0,061906
33,030000	0,060631
33,040000	0,060631
33,050000	0,058719
33,060000	0,063180
33,070000	0,058719
33,080000	0,058719
33,090000	0,061268
33,100000	0,061906
33,110000	0,061268
33,120000	0,061268
33,130000	0,059356
33,140000	0,061268
33,150000	0,060631
33,160000	0,063818
33,170000	0,059994
33,180000	0,059994
33,190000	0,059994
33,200000	0,058081
33,210000	0,058719
33,220000	0,058081
33,230000	0,060631
33,240000	0,060631
33,250000	0,061268
33,260000	0,058719
33,270000	0,060631
33,280000	0,061268
33,290000	0,063180
33,300000	0,062543
33,310000	0,058719
33,320000	0,061906
33,330000	0,058081
33,340000	0,062543
33,350000	0,060631
33,360000	0,059356
33,370000	0,059994
33,380000	0,060631
33,390000	0,059994
33,400000	0,059356
33,410000	0,059994
33,420000	0,058719
33,430000	0,059356
33,440000	0,059356
33,450000	0,058719
33,460000	0,060631
33,470000	0,059994
33,480000	0,059994
33,490000	0,058081
33,500000	0,063180
33,510000	0,061268
33,520000	0,063180
33,530000	0,060631
33,540000	0,061906
33,550000	0,061906
33,560000	0,061268
33,570000	0,062543
33,580000	0,060631
33,590000	0,063818
33,600000	0,059994
33,610000	0,061906
33,620000	0,059356
33,630000	0,061906
33,640000	0,059994
33,650000	0,062543
33,660000	0,060631
33,670000	0,061268
33,680000	0,062543
33,690000	0,060631
33,700000	0,059356
33,710000	0,063180
33,720000	0,061268
33,730000	0,059994
33,740000	0,059994
33,750000	0,062543
33,760000	0,061906
33,770000	0,058719
33,780000	0,061906
33,790000	0,061268
33,800000	0,058719
33,810000	0,061268
33,820000	0,060631
33,830000	0,059994
33,840000	0,059994
33,850000	0,060631
33,860000	0,056169
33,870000	0,062543
33,880000	0,058719
33,890000	0,059994
33,900000	0,061268
33,910000	0,061906
33,920000	0,057444
33,930000	0,061268
33,940000	0,060631
33,950000	0,058719
33,960000	0,063180
33,970000	0,061906
33,980000	0,061906
33,990000	0,059994
34,000000	0,061906
34,010000	0,060631
34,020000	0,064455
34,030000	0,059994
34,040000	0,061268
34,050000	0,061268
34,060000	0,058719
34,070000	0,059356
34,080000	0,063818
34,090000	0,059994
34,100000	0,061906
34,110000	0,062543
34,120000	0,061906
34,130000	0,058719
34,140000	0,056169
34,150000	0,059994
34,160000	0,061268
34,170000	0,059356
34,180000	0,058081
34,190000	0,063818
34,200000	0,059994
34,210000	0,059356
34,220000	0,061268
34,230000	0,060631
34,240000	0,059994
34,250000	0,060631
34,260000	0,060631
34,270000	0,059356
34,280000	0,059994
34,290000	0,059994
34,300000	0,061268
34,310000	0,059994
34,320000	0,059994
34,330000	0,060631
34,340000	0,061268
34,350000	0,056807
34,360000	0,062543
34,370000	0,060631
34,380000	0,061268
34,390000	0,061906
34,400000	0,060631
34,410000	0,058081
34,420000	0,063180
34,430000	0,058719
34,440000	0,059356
34,450000	0,059994
34,460000	0,061268
34,470000	0,061268
34,480000	0,058719
34,490000	0,059994
34,500000	0,058719
34,510000	0,059356
34,520000	0,061268
34,530000	0,060631
34,540000	0,058081
34,550000	0,058081
34,560000	0,059994
34,570000	0,062543
34,580000	0,059994
34,590000	0,061268
34,600000	0,059994
34,610000	0,061906
34,620000	0,058081
34,630000	0,061906
34,640000	0,058719
34,650000	0,059994
34,660000	0,058719
34,670000	0,061906
34,680000	0,061906
34,690000	0,060631
34,700000	0,058719
34,710000	0,061268
34,720000	0,058081
34,730000	0,059356
34,740000	0,063818
34,750000	0,061906
34,760000	0,063180
34,770000	0,060631
34,780000	0,059356
34,790000	0,060631
34,800000	0,058719
34,810000	0,062543
34,820000	0,058719
34,830000	0,056807
34,840000	0,053620
34,850000	0,059356
34,860000	0,058719
34,870000	0,061268
34,880000	0,061268
34,890000	0,061268
34,900000	0,058719
34,910000	0,063180
34,920000	0,061268
34,930000	0,063818
34,940000	0,059994
34,950000	0,061268
34,960000	0,059356
34,970000	0,062543
34,980000	0,057444
34,990000	0,058719
35,000000	0,060631
35,010000	0,060631
35,020000	0,059994
35,030000	0,059994
35,040000	0,060631
35,050000	0,059994
35,060000	0,060631
35,070000	0,060631
35,080000	0,059994
35,090000	0,059356
35,100000	0,061268
35,110000	0,060631
35,120000	0,061906
35,130000	0,060631
35,140000	0,063818
35,150000	0,060631
35,160000	0,059356
35,170000	0,061906
35,180000	0,059994
35,190000	0,061268
35,200000	0,061906
35,210000	0,060631
35,220000	0,059356
35,230000	0,060631
35,240000	0,061906
35,250000	0,059994
35,260000	0,061906
35,270000	0,061268
35,280000	0,059356
35,290000	0,060631
35,300000	0,058719
35,310000	0,061268
35,320000	0,056807
35,330000	0,063818
35,340000	0,063818
35,350000	0,059994
35,360000	0,063818
35,370000	0,061268
35,380000	0,061268
35,390000	0,061906
35,400000	0,059994
35,410000	0,061268
35,420000	0,062543
35,430000	0,063818
35,440000	0,059356
35,450000	0,061906
35,460000	0,061268
35,470000	0,061906
35,480000	0,061906
35,490000	0,059356
35,500000	0,062543
35,510000	0,061906
35,520000	0,059356
35,530000	0,061268
35,540000	0,058719
35,550000	0,061268
35,560000	0,059994
35,570000	0,062543
35,580000	0,059994
35,590000	0,062543
35,600000	0,061906
35,610000	0,061906
35,620000	0,060631
35,630000	0,063818
35,640000	0,059994
35,650000	0,060631
35,660000	0,063180
35,670000	0,061268
35,680000	0,061906
35,690000	0,061906
35,700000	0,063180
35,710000	0,061268
35,720000	0,061268
35,730000	0,062543
35,740000	0,059994
35,750000	0,061906
35,760000	0,063180
35,770000	0,059356
35,780000	0,060631
35,790000	0,060631
35,800000	0,063180
35,810000	0,062543
35,820000	0,058081
35,830000	0,061906
35,840000	0,061268
35,850000	0,064455
35,860000	0,059994
35,870000	0,061906
35,880000	0,061906
35,890000	0,061906
35,900000	0,063818
35,910000	0,061268
35,920000	0,060631
35,930000	0,061268
35,940000	0,061268
35,950000	0,059994
35,960000	0,058719
35,970000	0,063180
35,980000	0,063818
35,990000	0,061268
36,000000	0,061906
36,010000	0,061268
36,020000	0,059994
36,030000	0,060631
36,040000	0,063180
36,050000	0,060631
36,060000	0,061906
36,070000	0,061268
36,080000	0,064455
36,090000	0,061268
36,100000	0,059994
36,110000	0,061268
36,120000	0,062543
36,130000	0,061268
36,140000	0,060631
36,150000	0,063180
36,160000	0,063818
36,170000	0,061268
36,180000	0,058081
36,190000	0,062543
36,200000	0,060631
36,210000	0,062543
36,220000	0,060631
36,230000	0,061268
36,240000	0,063818
36,250000	0,060631
36,260000	0,062543
36,270000	0,061268
36,280000	0,061268
36,290000	0,061268
36,300000	0,061906
36,310000	0,062543
36,320000	0,060631
36,330000	0,063818
36,340000	0,061906
36,350000	0,063180
36,360000	0,062543
36,370000	0,060631
36,380000	0,060631
36,390000	0,061268
36,400000	0,058719
36,410000	0,062543
36,420000	0,063180
36,430000	0,059994
36,440000	0,061268
36,450000	0,061268
36,460000	0,059356
36,470000	0,058081
36,480000	0,062543
36,490000	0,061268
36,500000	0,062543
36,510000	0,060631
36,520000	0,059994
36,530000	0,061268
36,540000	0,063180
36,550000	0,061906
36,560000	0,063180
36,570000	0,061906
36,580000	0,062543
36,590000	0,062543
36,600000	0,061268
36,610000	0,061906
36,620000	0,060631
36,630000	0,061268
36,640000	0,063180
36,650000	0,061268
36,660000	0,061906
36,670000	0,061906
36,680000	0,061268
36,690000	0,061268
36,700000	0,061268
36,710000	0,061906
36,720000	0,059994
36,730000	0,061906
36,740000	0,058719
36,750000	0,061268
36,760000	0,062543
36,770000	0,063180
36,780000	0,059356
36,790000	0,063180
36,800000	0,060631
36,810000	0,061268
36,820000	0,061268
36,830000	0,061268
36,840000	0,061906
36,850000	0,058081
36,860000	0,060631
36,870000	0,060631
36,880000	0,059356
36,890000	0,061906
36,900000	0,061906
36,910000	0,061906
36,920000	0,056807
36,930000	0,060631
36,940000	0,061268
36,950000	0,059994
36,960000	0,061268
36,970000	0,059994
36,980000	0,059356
36,990000	0,063818
37,000000	0,059994
37,010000	0,063180
37,020000	0,061906
37,030000	0,061268
37,040000	0,062543
37,050000	0,063180
37,060000	0,059994
37,070000	0,061268
37,080000	0,061268
37,090000	0,059994
37,100000	0,061268
37,110000	0,059994
37,120000	0,060631
37,130000	0,059994
37,140000	0,061268
37,150000	0,061268
37,160000	0,061268
37,170000	0,061906
37,180000	0,059994
37,190000	0,062543
37,200000	0,061906
37,210000	0,065092
37,220000	0,061268
37,230000	0,061906
37,240000	0,060631
37,250000	0,063818
37,260000	0,059994
37,270000	0,063818
37,280000	0,061906
37,290000	0,063180
37,300000	0,059994
37,310000	0,061268
37,320000	0,060631
37,330000	0,061268
37,340000	0,057444
37,350000	0,063818
37,360000	0,059994
37,370000	0,061268
37,380000	0,063180
37,390000	0,062543
37,400000	0,063180
37,410000	0,061906
37,420000	0,058719
37,430000	0,065092
37,440000	0,060631
37,450000	0,064455
37,460000	0,061906
37,470000	0,060631
37,480000	0,059994
37,490000	0,060631
37,500000	0,063818
37,510000	0,061268
37,520000	0,061906
37,530000	0,061268
37,540000	0,060631
37,550000	0,062543
37,560000	0,063180
37,570000	0,061268
37,580000	0,061906
37,590000	0,061906
37,600000	0,065092
37,610000	0,061906
37,620000	0,060631
37,630000	0,060631
37,640000	0,062543
37,650000	0,059994
37,660000	0,063180
37,670000	0,061906
37,680000	0,062543
37,690000	0,061268
37,700000	0,063180
37,710000	0,061906
37,720000	0,060631
37,730000	0,061906
37,740000	0,061906
37,750000	0,058719
37,760000	0,061906
37,770000	0,061906
37,780000	0,062543
37,790000	0,059356
37,800000	0,063818
37,810000	0,062543
37,820000	0,061268
37,830000	0,061268
37,840000	0,063180
37,850000	0,062543
37,860000	0,061268
37,870000	0,064455
37,880000	0,061906
37,890000	0,063180
37,900000	0,063180
37,910000	0,063180
37,920000	0,065730
37,930000	0,061268
37,940000	0,062543
37,950000	0,060631
37,960000	0,061268
37,970000	0,063818
37,980000	0,061268
37,990000	0,061906
38,000000	0,063818
38,010000	0,063818
38,020000	0,063180
38,030000	0,062543
38,040000	0,059994
38,050000	0,062543
38,060000	0,061906
38,070000	0,061268
38,080000	0,063818
38,090000	0,060631
38,100000	0,059994
38,110000	0,065730
38,120000	0,059994
38,130000	0,063818
38,140000	0,065092
38,150000	0,061906
38,160000	0,063818
38,170000	0,061906
38,180000	0,061268
38,190000	0,059994
38,200000	0,061268
38,210000	0,063180
38,220000	0,060631
38,230000	0,061906
38,240000	0,059994
38,250000	0,063180
38,260000	0,060631
38,270000	0,063180
38,280000	0,061268
38,290000	0,063818
38,300000	0,059356
38,310000	0,061906
38,320000	0,065730
38,330000	0,061268
38,340000	0,063180
38,350000	0,060631
38,360000	0,061268
38,370000	0,061268
38,380000	0,061268
38,390000	0,061906
38,400000	0,061268
38,410000	0,063818
38,420000	0,062543
38,430000	0,065092
38,440000	0,059356
38,450000	0,059994
38,460000	0,061268
38,470000	0,061906
38,480000	0,061268
38,490000	0,065092
38,500000	0,061268
38,510000	0,063818
38,520000	0,059356
38,530000	0,063180
38,540000	0,062543
38,550000	0,062543
38,560000	0,061906
38,570000	0,062543
38,580000	0,063180
38,590000	0,061268
38,600000	0,063180
38,610000	0,062543
38,620000	0,061906
38,630000	0,063818
38,640000	0,062543
38,650000	0,061268
38,660000	0,060631
38,670000	0,062543
38,680000	0,064455
38,690000	0,063180
38,700000	0,063180
38,710000	0,060631
38,720000	0,063818
38,730000	0,061906
38,740000	0,061906
38,750000	0,061268
38,760000	0,061268
38,770000	0,062543
38,780000	0,063818
38,790000	0,062543
38,800000	0,060631
38,810000	0,059356
38,820000	0,060631
38,830000	0,061906
38,840000	0,059356
38,850000	0,058719
38,860000	0,065730
38,870000	0,062543
38,880000	0,061906
38,890000	0,058719
38,900000	0,060631
38,910000	0,062543
38,920000	0,066367
38,930000	0,063180
38,940000	0,059994
38,950000	0,063180
38,960000	0,061268
38,970000	0,064455
38,980000	0,062543
38,990000	0,063818
39,000000	0,063180
39,010000	0,060631
39,020000	0,058719
39,030000	0,061906
39,040000	0,062543
39,050000	0,061268
39,060000	0,061268
39,070000	0,062543
39,080000	0,061268
39,090000	0,061906
39,100000	0,061906
39,110000	0,061268
39,120000	0,061268
39,130000	0,061268
39,140000	0,059994
39,150000	0,061268
39,160000	0,061906
39,170000	0,059994
39,180000	0,061906
39,190000	0,061268
39,200000	0,063180
39,210000	0,059994
39,220000	0,063818
39,230000	0,060631
39,240000	0,061906
39,250000	0,061906
39,260000	0,061268
39,270000	0,063180
39,280000	0,058719
39,290000	0,059994
39,300000	0,063818
39,310000	0,062543
39,320000	0,061268
39,330000	0,063180
39,340000	0,060631
39,350000	0,061906
39,360000	0,063180
39,370000	0,063180
39,380000	0,063818
39,390000	0,063180
39,400000	0,063818
39,410000	0,059994
39,420000	0,060631
39,430000	0,061906
39,440000	0,061268
39,450000	0,063818
39,460000	0,059994
39,470000	0,061268
39,480000	0,062543
39,490000	0,063180
39,500000	0,061268
39,510000	0,063818
39,520000	0,061268
39,530000	0,061268
39,540000	0,063180
39,550000	0,061268
39,560000	0,060631
39,570000	0,063818
39,580000	0,061268
39,590000	0,063180
39,600000	0,059994
39,610000	0,062543
39,620000	0,061906
39,630000	0,065730
39,640000	0,059994
39,650000	0,065730
39,660000	0,059356
39,670000	0,064455
39,680000	0,058719
39,690000	0,065092
39,700000	0,061268
39,710000	0,063180
39,720000	0,062543
39,730000	0,064455
39,740000	0,061268
39,750000	0,061906
39,760000	0,063180
39,770000	0,060631
39,780000	0,063818
39,790000	0,064455
39,800000	0,063818
39,810000	0,061268
39,820000	0,063180
39,830000	0,062543
39,840000	0,063818
39,850000	0,063180
39,860000	0,061906
39,870000	0,063180
39,880000	0,062543
39,890000	0,063818
39,900000	0,061268
39,910000	0,061906
39,920000	0,062543
39,930000	0,061906
39,940000	0,062543
39,950000	0,061268
39,960000	0,064455
39,970000	0,063818
39,980000	0,061268
39,990000	0,059994
40,000000	0,061268
40,010000	0,064455
40,020000	0,062543
40,030000	0,063818
40,040000	0,065092
40,050000	0,064455
40,060000	0,063180
40,070000	0,064455
40,080000	0,062543
40,090000	0,061906
40,100000	0,061268
40,110000	0,063180
40,120000	0,063818
40,130000	0,061268
40,140000	0,063180
40,150000	0,063180
40,160000	0,061268
40,170000	0,061268
40,180000	0,063180
40,190000	0,061268
40,200000	0,065092
40,210000	0,062543
40,220000	0,062543
40,230000	0,063818
40,240000	0,064455
40,250000	0,063180
40,260000	0,063180
40,270000	0,063180
40,280000	0,061268
40,290000	0,063180
40,300000	0,064455
40,310000	0,063818
40,320000	0,063180
40,330000	0,061906
40,340000	0,063180
40,350000	0,062543
40,360000	0,063818
40,370000	0,060631
40,380000	0,061268
40,390000	0,062543
40,400000	0,061906
40,410000	0,061268
40,420000	0,062543
40,430000	0,066367
40,440000	0,063180
40,450000	0,063818
40,460000	0,060631
40,470000	0,064455
40,480000	0,061268
40,490000	0,062543
40,500000	0,061268
40,510000	0,059994
40,520000	0,059994
40,530000	0,059994
40,540000	0,060631
40,550000	0,063180
40,560000	0,060631
40,570000	0,062543
40,580000	0,062543
40,590000	0,063180
40,600000	0,060631
40,610000	0,062543
40,620000	0,063180
40,630000	0,063180
40,640000	0,062543
40,650000	0,063180
40,660000	0,061268
40,670000	0,061268
40,680000	0,061906
40,690000	0,061268
40,700000	0,059994
40,710000	0,059356
40,720000	0,059994
40,730000	0,060631
40,740000	0,061268
40,750000	0,063180
40,760000	0,058719
40,770000	0,062543
40,780000	0,063180
40,790000	0,061268
40,800000	0,061268
40,810000	0,065092
40,820000	0,063180
40,830000	0,060631
40,840000	0,063180
40,850000	0,063818
40,860000	0,064455
40,870000	0,063180
40,880000	0,061906
40,890000	0,061268
40,900000	0,064455
40,910000	0,061906
40,920000	0,061268
40,930000	0,061268
40,940000	0,063180
40,950000	0,059994
40,960000	0,063818
40,970000	0,060631
40,980000	0,063818
40,990000	0,059994
41,000000	0,063818
41,010000	0,061268
41,020000	0,063818
41,030000	0,060631
41,040000	0,061268
41,050000	0,059994
41,060000	0,062543
41,070000	0,059994
41,080000	0,063818
41,090000	0,059994
41,100000	0,063818
41,110000	0,061268
41,120000	0,065730
41,130000	0,063818
41,140000	0,064455
41,150000	0,061268
41,160000	0,062543
41,170000	0,065730
41,180000	0,063180
41,190000	0,061906
41,200000	0,059994
41,210000	0,065092
41,220000	0,062543
41,230000	0,059994
41,240000	0,061268
41,250000	0,061906
41,260000	0,063180
41,270000	0,061268
41,280000	0,065092
41,290000	0,061906
41,300000	0,063180
41,310000	0,062543
41,320000	0,059994
41,330000	0,061906
41,340000	0,061268
41,350000	0,058719
41,360000	0,064455
41,370000	0,061906
41,380000	0,065092
41,390000	0,061268
41,400000	0,065730
41,410000	0,061268
41,420000	0,064455
41,430000	0,061906
41,440000	0,063180
41,450000	0,063180
41,460000	0,061268
41,470000	0,062543
41,480000	0,065730
41,490000	0,063180
41,500000	0,062543
41,510000	0,061268
41,520000	0,060631
41,530000	0,065092
41,540000	0,058719
41,550000	0,063818
41,560000	0,065092
41,570000	0,064455
41,580000	0,062543
41,590000	0,062543
41,600000	0,065730
41,610000	0,063180
41,620000	0,062543
41,630000	0,061906
41,640000	0,061906
41,650000	0,064455
41,660000	0,059356
41,670000	0,061268
41,680000	0,065092
41,690000	0,062543
41,700000	0,061268
41,710000	0,065092
41,720000	0,060631
41,730000	0,062543
41,740000	0,061268
41,750000	0,063818
41,760000	0,061268
41,770000	0,065730
41,780000	0,061906
41,790000	0,063180
41,800000	0,063180
41,810000	0,061268
41,820000	0,061906
41,830000	0,063180
41,840000	0,062543
41,850000	0,061268
41,860000	0,063818
41,870000	0,061906
41,880000	0,061268
41,890000	0,063180
41,900000	0,059994
41,910000	0,063180
41,920000	0,061906
41,930000	0,065092
41,940000	0,061268
41,950000	0,064455
41,960000	0,063180
41,970000	0,064455
41,980000	0,064455
41,990000	0,063818
42,000000	0,061906
42,010000	0,063180
42,020000	0,061268
42,030000	0,063180
42,040000	0,065092
42,050000	0,065092
42,060000	0,061268
42,070000	0,063180
42,080000	0,065092
42,090000	0,065092
42,100000	0,063818
42,110000	0,063818
42,120000	0,063180
42,130000	0,062543
42,140000	0,067005
42,150000	0,064455
42,160000	0,059356
42,170000	0,060631
42,180000	0,064455
42,190000	0,063180
42,200000	0,065092
42,210000	0,065092
42,220000	0,063818
42,230000	0,061906
42,240000	0,066367
42,250000	0,063818
42,260000	0,061906
42,270000	0,062543
42,280000	0,063180
42,290000	0,061268
42,300000	0,063180
42,310000	0,064455
42,320000	0,061906
42,330000	0,062543
42,340000	0,060631
42,350000	0,063818
42,360000	0,061906
42,370000	0,065092
42,380000	0,065730
42,390000	0,062543
42,400000	0,063180
42,410000	0,063180
42,420000	0,062543
42,430000	0,061906
42,440000	0,063818
42,450000	0,063180
42,460000	0,065092
42,470000	0,063180
42,480000	0,063180
42,490000	0,065092
42,500000	0,061906
42,510000	0,063180
42,520000	0,062543
42,530000	0,063180
42,540000	0,061906
42,550000	0,063180
42,560000	0,059994
42,570000	0,065092
42,580000	0,061268
42,590000	0,063180
42,600000	0,061268
42,610000	0,061268
42,620000	0,061268
42,630000	0,058719
42,640000	0,061268
42,650000	0,063180
42,660000	0,061906
42,670000	0,060631
42,680000	0,061268
42,690000	0,060631
42,700000	0,061906
42,710000	0,059994
42,720000	0,063818
42,730000	0,066367
42,740000	0,059994
42,750000	0,061268
42,760000	0,063180
42,770000	0,064455
42,780000	0,064455
42,790000	0,061268
42,800000	0,063818
42,810000	0,061906
42,820000	0,063180
42,830000	0,063818
42,840000	0,065092
42,850000	0,063180
42,860000	0,063180
42,870000	0,063180
42,880000	0,063818
42,890000	0,063818
42,900000	0,062543
42,910000	0,062543
42,920000	0,059356
42,930000	0,065730
42,940000	0,061268
42,950000	0,065092
42,960000	0,061268
42,970000	0,063180
42,980000	0,059994
42,990000	0,063180
43,000000	0,060631
43,010000	0,063180
43,020000	0,065092
43,030000	0,063818
43,040000	0,061906
43,050000	0,064455
43,060000	0,062543
43,070000	0,061906
43,080000	0,061268
43,090000	0,061268
43,100000	0,058719
43,110000	0,063818
43,120000	0,063818
43,130000	0,061268
43,140000	0,063818
43,150000	0,061268
43,160000	0,064455
43,170000	0,061906
43,180000	0,064455
43,190000	0,061268
43,200000	0,061268
43,210000	0,063818
43,220000	0,061906
43,230000	0,061906
43,240000	0,061268
43,250000	0,063818
43,260000	0,063180
43,270000	0,065092
43,280000	0,065092
43,290000	0,063818
43,300000	0,062543
43,310000	0,061906
43,320000	0,067642
43,330000	0,065730
43,340000	0,064455
43,350000	0,063180
43,360000	0,064455
43,370000	0,061906
43,380000	0,061906
43,390000	0,065092
43,400000	0,060631
43,410000	0,062543
43,420000	0,065092
43,430000	0,061906
43,440000	0,065092
43,450000	0,063180
43,460000	0,061906
43,470000	0,063180
43,480000	0,059356
43,490000	0,062543
43,500000	0,063818
43,510000	0,061906
43,520000	0,063180
43,530000	0,063818
43,540000	0,065730
43,550000	0,061268
43,560000	0,063180
43,570000	0,061906
43,580000	0,064455
43,590000	0,063180
43,600000	0,065092
43,610000	0,065730
43,620000	0,065730
43,630000	0,063818
43,640000	0,064455
43,650000	0,065092
43,660000	0,064455
43,670000	0,062543
43,680000	0,061906
43,690000	0,063180
43,700000	0,063180
43,710000	0,063818
43,720000	0,063180
43,730000	0,062543
43,740000	0,063818
43,750000	0,063180
43,760000	0,065092
43,770000	0,065092
43,780000	0,063818
43,790000	0,063180
43,800000	0,061906
43,810000	0,063818
43,820000	0,065092
43,830000	0,065730
43,840000	0,064455
43,850000	0,063818
43,860000	0,061268
43,870000	0,063818
43,880000	0,065092
43,890000	0,063818
43,900000	0,064455
43,910000	0,065092
43,920000	0,061268
43,930000	0,064455
43,940000	0,066367
43,950000	0,065092
43,960000	0,067005
43,970000	0,065092
43,980000	0,065092
43,990000	0,063818
44,000000	0,069554
44,010000	0,062543
44,020000	0,063818
44,030000	0,066367
44,040000	0,063818
44,050000	0,068279
44,060000	0,061906
44,070000	0,065092
44,080000	0,060631
44,090000	0,065092
44,100000	0,061268
44,110000	0,065730
44,120000	0,060631
44,130000	0,064455
44,140000	0,063818
44,150000	0,063180
44,160000	0,062543
44,170000	0,063180
44,180000	0,062543
44,190000	0,067005
44,200000	0,062543
44,210000	0,066367
44,220000	0,064455
44,230000	0,063818
44,240000	0,065730
44,250000	0,065730
44,260000	0,065730
44,270000	0,059994
44,280000	0,063818
44,290000	0,064455
44,300000	0,063818
44,310000	0,063818
44,320000	0,063818
44,330000	0,063180
44,340000	0,065092
44,350000	0,062543
44,360000	0,063180
44,370000	0,063180
44,380000	0,063818
44,390000	0,065092
44,400000	0,064455
44,410000	0,065730
44,420000	0,063180
44,430000	0,063818
44,440000	0,063180
44,450000	0,061906
44,460000	0,065730
44,470000	0,062543
44,480000	0,065092
44,490000	0,063818
44,500000	0,063180
44,510000	0,062543
44,520000	0,065092
44,530000	0,063180
44,540000	0,065092
44,550000	0,062543
44,560000	0,063818
44,570000	0,063818
44,580000	0,063818
44,590000	0,063180
44,600000	0,065092
44,610000	0,061906
44,620000	0,065092
44,630000	0,061268
44,640000	0,063180
44,650000	0,065730
44,660000	0,059994
44,670000	0,062543
44,680000	0,067642
44,690000	0,064455
44,700000	0,061268
44,710000	0,065092
44,720000	0,064455
44,730000	0,061906
44,740000	0,062543
44,750000	0,062543
44,760000	0,062543
44,770000	0,061268
44,780000	0,065092
44,790000	0,064455
44,800000	0,063180
44,810000	0,065730
44,820000	0,063180
44,830000	0,063818
44,840000	0,064455
44,850000	0,064455
44,860000	0,063180
44,870000	0,063180
44,880000	0,063180
44,890000	0,064455
44,900000	0,063818
44,910000	0,064455
44,920000	0,061906
44,930000	0,065730
44,940000	0,062543
44,950000	0,066367
44,960000	0,066367
44,970000	0,062543
44,980000	0,063818
44,990000	0,064455
45,000000	0,063818
45,010000	0,064455
45,020000	0,061906
45,030000	0,062543
45,040000	0,063818
45,050000	0,063818
45,060000	0,063818
45,070000	0,061268
45,080000	0,064455
45,090000	0,060631
45,100000	0,064455
45,110000	0,063180
45,120000	0,060631
45,130000	0,063818
45,140000	0,062543
45,150000	0,065730
45,160000	0,061268
45,170000	0,065092
45,180000	0,062543
45,190000	0,065092
45,200000	0,063818
45,210000	0,059356
45,220000	0,065092
45,230000	0,063180
45,240000	0,065092
45,250000	0,063818
45,260000	0,065730
45,270000	0,061268
45,280000	0,063180
45,290000	0,062543
45,300000	0,063818
45,310000	0,061268
45,320000	0,061268
45,330000	0,064455
45,340000	0,065730
45,350000	0,063180
45,360000	0,064455
45,370000	0,063180
45,380000	0,065730
45,390000	0,063180
45,400000	0,061906
45,410000	0,065730
45,420000	0,061906
45,430000	0,063180
45,440000	0,063180
45,450000	0,061906
45,460000	0,063818
45,470000	0,061906
45,480000	0,061906
45,490000	0,062543
45,500000	0,065092
45,510000	0,063818
45,520000	0,062543
45,530000	0,065092
45,540000	0,065092
45,550000	0,065730
45,560000	0,063818
45,570000	0,066367
45,580000	0,062543
45,590000	0,063818
45,600000	0,063180
45,610000	0,063180
45,620000	0,067642
45,630000	0,063818
45,640000	0,063180
45,650000	0,063180
45,660000	0,067642
45,670000	0,063818
45,680000	0,065730
45,690000	0,062543
45,700000	0,064455
45,710000	0,062543
45,720000	0,065092
45,730000	0,062543
45,740000	0,064455
45,750000	0,065092
45,760000	0,063180
45,770000	0,063818
45,780000	0,065730
45,790000	0,062543
45,800000	0,066367
45,810000	0,065730
45,820000	0,062543
45,830000	0,066367
45,840000	0,065092
45,850000	0,063818
45,860000	0,066367
45,870000	0,066367
45,880000	0,064455
45,890000	0,068917
45,900000	0,064455
45,910000	0,065730
45,920000	0,064455
45,930000	0,066367
45,940000	0,064455
45,950000	0,065730
45,960000	0,067642
45,970000	0,062543
45,980000	0,065092
45,990000	0,065730
46,000000	0,065092
46,010000	0,065092
46,020000	0,067005
46,030000	0,066367
46,040000	0,065092
46,050000	0,063180
46,060000	0,068279
46,070000	0,063180
46,080000	0,065730
46,090000	0,062543
46,100000	0,063818
46,110000	0,065092
46,120000	0,065730
46,130000	0,063818
46,140000	0,065092
46,150000	0,065730
46,160000	0,063818
46,170000	0,065730
46,180000	0,065092
46,190000	0,067642
46,200000	0,064455
46,210000	0,063818
46,220000	0,063818
46,230000	0,063180
46,240000	0,065730
46,250000	0,065730
46,260000	0,063818
46,270000	0,065730
46,280000	0,063818
46,290000	0,068917
46,300000	0,065092
46,310000	0,065730
46,320000	0,067005
46,330000	0,065092
46,340000	0,062543
46,350000	0,067642
46,360000	0,061906
46,370000	0,062543
46,380000	0,063818
46,390000	0,065730
46,400000	0,063180
46,410000	0,063180
46,420000	0,064455
46,430000	0,066367
46,440000	0,064455
46,450000	0,068279
46,460000	0,064455
46,470000	0,064455
46,480000	0,065092
46,490000	0,063818
46,500000	0,065730
46,510000	0,063180
46,520000	0,065092
46,530000	0,060631
46,540000	0,067642
46,550000	0,063818
46,560000	0,065730
46,570000	0,061268
46,580000	0,063180
46,590000	0,065092
46,600000	0,065092
46,610000	0,065092
46,620000	0,065092
46,630000	0,067005
46,640000	0,064455
46,650000	0,061906
46,660000	0,063818
46,670000	0,063180
46,680000	0,066367
46,690000	0,064455
46,700000	0,065730
46,710000	0,064455
46,720000	0,069554
46,730000	0,063180
46,740000	0,066367
46,750000	0,063818
46,760000	0,061906
46,770000	0,066367
46,780000	0,063180
46,790000	0,067642
46,800000	0,067642
46,810000	0,063818
46,820000	0,064455
46,830000	0,063818
46,840000	0,061268
46,850000	0,067642
46,860000	0,064455
46,870000	0,065730
46,880000	0,063180
46,890000	0,063818
46,900000	0,063180
46,910000	0,063818
46,920000	0,067642
46,930000	0,063818
46,940000	0,065092
46,950000	0,066367
46,960000	0,067005
46,970000	0,063818
46,980000	0,066367
46,990000	0,066367
47,000000	0,068279
47,010000	0,063818
47,020000	0,063818
47,030000	0,063818
47,040000	0,061268
47,050000	0,064455
47,060000	0,064455
47,070000	0,065092
47,080000	0,064455
47,090000	0,063180
47,100000	0,063180
47,110000	0,065092
47,120000	0,063180
47,130000	0,066367
47,140000	0,063180
47,150000	0,065092
47,160000	0,067005
47,170000	0,063818
47,180000	0,062543
47,190000	0,064455
47,200000	0,065730
47,210000	0,064455
47,220000	0,063818
47,230000	0,061906
47,240000	0,065092
47,250000	0,067642
47,260000	0,064455
47,270000	0,063818
47,280000	0,060631
47,290000	0,063180
47,300000	0,064455
47,310000	0,063818
47,320000	0,064455
47,330000	0,065730
47,340000	0,065092
47,350000	0,067005
47,360000	0,062543
47,370000	0,065092
47,380000	0,065092
47,390000	0,068917
47,400000	0,063180
47,410000	0,065730
47,420000	0,065092
47,430000	0,068917
47,440000	0,066367
47,450000	0,067005
47,460000	0,065092
47,470000	0,066367
47,480000	0,065730
47,490000	0,065730
47,500000	0,065092
47,510000	0,063180
47,520000	0,062543
47,530000	0,063818
47,540000	0,065730
47,550000	0,064455
47,560000	0,062543
47,570000	0,065092
47,580000	0,067642
47,590000	0,063818
47,600000	0,067005
47,610000	0,066367
47,620000	0,065092
47,630000	0,066367
47,640000	0,063818
47,650000	0,065730
47,660000	0,066367
47,670000	0,063180
47,680000	0,066367
47,690000	0,064455
47,700000	0,066367
47,710000	0,061906
47,720000	0,066367
47,730000	0,065092
47,740000	0,065092
47,750000	0,065730
47,760000	0,065730
47,770000	0,065092
47,780000	0,065730
47,790000	0,065730
47,800000	0,065730
47,810000	0,066367
47,820000	0,063818
47,830000	0,062543
47,840000	0,068279
47,850000	0,063180
47,860000	0,065730
47,870000	0,063180
47,880000	0,066367
47,890000	0,064455
47,900000	0,063818
47,910000	0,065092
47,920000	0,065730
47,930000	0,066367
47,940000	0,065730
47,950000	0,065092
47,960000	0,065730
47,970000	0,063180
47,980000	0,068917
47,990000	0,063818
48,000000	0,068917
48,010000	0,063180
48,020000	0,066367
48,030000	0,065730
48,040000	0,065730
48,050000	0,062543
48,060000	0,067642
48,070000	0,066367
48,080000	0,064455
48,090000	0,061906
48,100000	0,064455
48,110000	0,065730
48,120000	0,067005
48,130000	0,066367
48,140000	0,062543
48,150000	0,063180
48,160000	0,064455
48,170000	0,066367
48,180000	0,065730
48,190000	0,065730
48,200000	0,068279
48,210000	0,065092
48,220000	0,063818
48,230000	0,066367
48,240000	0,064455
48,250000	0,065730
48,260000	0,066367
48,270000	0,061906
48,280000	0,065092
48,290000	0,065092
48,300000	0,065092
48,310000	0,065730
48,320000	0,066367
48,330000	0,067642
48,340000	0,066367
48,350000	0,067642
48,360000	0,065092
48,370000	0,065092
48,380000	0,066367
48,390000	0,068917
48,400000	0,065730
48,410000	0,067642
48,420000	0,066367
48,430000	0,067642
48,440000	0,065092
48,450000	0,068279
48,460000	0,067005
48,470000	0,065092
48,480000	0,068279
48,490000	0,065730
48,500000	0,066367
48,510000	0,063818
48,520000	0,065092
48,530000	0,067642
48,540000	0,063818
48,550000	0,065092
48,560000	0,065092
48,570000	0,065730
48,580000	0,062543
48,590000	0,064455
48,600000	0,061906
48,610000	0,065092
48,620000	0,061906
48,630000	0,065730
48,640000	0,065092
48,650000	0,065730
48,660000	0,066367
48,670000	0,065092
48,680000	0,067005
48,690000	0,065730
48,700000	0,064455
48,710000	0,063818
48,720000	0,065730
48,730000	0,066367
48,740000	0,064455
48,750000	0,065730
48,760000	0,066367
48,770000	0,065730
48,780000	0,065730
48,790000	0,065730
48,800000	0,064455
48,810000	0,067005
48,820000	0,067005
48,830000	0,064455
48,840000	0,065730
48,850000	0,063818
48,860000	0,067005
48,870000	0,065730
48,880000	0,065092
48,890000	0,066367
48,900000	0,066367
48,910000	0,062543
48,920000	0,064455
48,930000	0,063818
48,940000	0,065092
48,950000	0,063818
48,960000	0,065092
48,970000	0,065730
48,980000	0,065730
48,990000	0,065092
49,000000	0,065730
49,010000	0,064455
49,020000	0,067005
49,030000	0,064455
49,040000	0,067642
49,050000	0,065730
49,060000	0,065730
49,070000	0,066367
49,080000	0,065092
49,090000	0,063180
49,100000	0,066367
49,110000	0,065730
49,120000	0,065730
49,130000	0,061906
49,140000	0,065730
49,150000	0,064455
49,160000	0,066367
49,170000	0,065730
49,180000	0,065730
49,190000	0,066367
49,200000	0,066367
49,210000	0,062543
49,220000	0,064455
49,230000	0,063180
49,240000	0,065092
49,250000	0,065092
49,260000	0,063818
49,270000	0,064455
49,280000	0,065730
49,290000	0,065730
49,300000	0,065092
49,310000	0,067642
49,320000	0,065730
49,330000	0,065730
49,340000	0,069554
49,350000	0,063818
49,360000	0,063180
49,370000	0,065730
49,380000	0,065730
49,390000	0,063180
49,400000	0,065092
49,410000	0,063180
49,420000	0,065730
49,430000	0,066367
49,440000	0,063180
49,450000	0,065092
49,460000	0,067005
49,470000	0,063818
49,480000	0,068279
49,490000	0,064455
49,500000	0,063180
49,510000	0,065092
49,520000	0,067005
49,530000	0,067005
49,540000	0,067642
49,550000	0,066367
49,560000	0,065730
49,570000	0,066367
49,580000	0,065092
49,590000	0,063818
49,600000	0,063818
49,610000	0,067005
49,620000	0,064455
49,630000	0,066367
49,640000	0,067642
49,650000	0,066367
49,660000	0,064455
49,670000	0,070191
49,680000	0,063818
49,690000	0,066367
49,700000	0,067642
49,710000	0,063180
49,720000	0,066367
49,730000	0,066367
49,740000	0,064455
49,750000	0,067005
49,760000	0,063818
49,770000	0,067005
49,780000	0,063180
49,790000	0,069554
49,800000	0,065092
49,810000	0,067005
49,820000	0,065730
49,830000	0,067005
49,840000	0,063818
49,850000	0,067642
49,860000	0,065092
49,870000	0,063818
49,880000	0,065730
49,890000	0,067005
49,900000	0,063180
49,910000	0,065730
49,920000	0,063818
49,930000	0,068917
49,940000	0,065730
49,950000	0,065730
49,960000	0,067642
49,970000	0,065730
49,980000	0,068279
49,990000	0,071466
50,000000	0,065730
50,010000	0,065730
50,020000	0,065730
50,030000	0,068279
50,040000	0,067642
50,050000	0,067005
50,060000	0,065730
50,070000	0,067005
50,080000	0,066367
50,090000	0,065730
50,100000	0,065730
50,110000	0,065730
50,120000	0,067005
50,130000	0,065730
50,140000	0,067005
50,150000	0,067005
50,160000	0,065092
50,170000	0,067005
50,180000	0,068917
50,190000	0,067005
50,200000	0,068917
50,210000	0,067642
50,220000	0,065730
50,230000	0,065730
50,240000	0,065730
50,250000	0,065730
50,260000	0,066367
50,270000	0,065730
50,280000	0,067642
50,290000	0,067642
50,300000	0,065730
50,310000	0,067642
50,320000	0,063180
50,330000	0,065092
50,340000	0,070191
50,350000	0,063818
50,360000	0,067642
50,370000	0,065092
50,380000	0,065092
50,390000	0,065092
50,400000	0,067005
50,410000	0,070191
50,420000	0,065730
50,430000	0,066367
50,440000	0,067005
50,450000	0,068279
50,460000	0,063818
50,470000	0,065092
50,480000	0,065730
50,490000	0,067005
50,500000	0,066367
50,510000	0,068279
50,520000	0,065730
50,530000	0,065730
50,540000	0,067005
50,550000	0,066367
50,560000	0,063818
50,570000	0,066367
50,580000	0,065730
50,590000	0,068917
50,600000	0,065730
50,610000	0,067005
50,620000	0,066367
50,630000	0,067642
50,640000	0,067005
50,650000	0,067642
50,660000	0,067005
50,670000	0,067642
50,680000	0,067642
50,690000	0,068279
50,700000	0,067642
50,710000	0,066367
50,720000	0,067005
50,730000	0,067642
50,740000	0,065730
50,750000	0,067005
50,760000	0,065730
50,770000	0,067642
50,780000	0,063180
50,790000	0,068279
50,800000	0,064455
50,810000	0,065730
50,820000	0,065092
50,830000	0,067005
50,840000	0,065092
50,850000	0,065092
50,860000	0,066367
50,870000	0,068917
50,880000	0,064455
50,890000	0,067005
50,900000	0,067005
50,910000	0,064455
50,920000	0,068279
50,930000	0,066367
50,940000	0,064455
50,950000	0,063818
50,960000	0,065730
50,970000	0,068279
50,980000	0,065092
50,990000	0,064455
51,000000	0,062543
51,010000	0,069554
51,020000	0,065730
51,030000	0,065092
51,040000	0,066367
51,050000	0,066367
51,060000	0,063818
51,070000	0,065092
51,080000	0,065730
51,090000	0,068279
51,100000	0,063818
51,110000	0,065092
51,120000	0,065092
51,130000	0,065730
51,140000	0,065730
51,150000	0,066367
51,160000	0,067642
51,170000	0,067005
51,180000	0,066367
51,190000	0,064455
51,200000	0,066367
51,210000	0,065092
51,220000	0,064455
51,230000	0,065730
51,240000	0,067642
51,250000	0,065730
51,260000	0,062543
51,270000	0,065730
51,280000	0,068279
51,290000	0,067005
51,300000	0,069554
51,310000	0,065730
51,320000	0,067005
51,330000	0,066367
51,340000	0,067005
51,350000	0,065092
51,360000	0,067005
51,370000	0,068917
51,380000	0,067005
51,390000	0,066367
51,400000	0,067642
51,410000	0,068917
51,420000	0,068917
51,430000	0,066367
51,440000	0,069554
51,450000	0,065092
51,460000	0,065092
51,470000	0,065730
51,480000	0,067005
51,490000	0,068279
51,500000	0,068279
51,510000	0,065730
51,520000	0,065092
51,530000	0,068279
51,540000	0,065730
51,550000	0,061906
51,560000	0,067642
51,570000	0,065730
51,580000	0,067642
51,590000	0,067642
51,600000	0,065092
51,610000	0,066367
51,620000	0,067005
51,630000	0,065092
51,640000	0,067005
51,650000	0,065730
51,660000	0,067005
51,670000	0,068279
51,680000	0,065730
51,690000	0,067005
51,700000	0,066367
51,710000	0,067005
51,720000	0,063818
51,730000	0,066367
51,740000	0,065730
51,750000	0,067005
51,760000	0,063818
51,770000	0,068279
51,780000	0,066367
51,790000	0,068917
51,800000	0,067005
51,810000	0,067642
51,820000	0,067642
51,830000	0,069554
51,840000	0,067642
51,850000	0,067005
51,860000	0,067005
51,870000	0,065730
51,880000	0,063818
51,890000	0,065092
51,900000	0,068917
51,910000	0,065730
51,920000	0,067005
51,930000	0,066367
51,940000	0,067005
51,950000	0,067642
51,960000	0,065730
51,970000	0,068917
51,980000	0,068917
51,990000	0,071466
52,000000	0,063818
52,010000	0,065730
52,020000	0,067005
52,030000	0,066367
52,040000	0,066367
52,050000	0,070191
52,060000	0,068917
52,070000	0,065730
52,080000	0,066367
52,090000	0,070829
52,100000	0,066367
52,110000	0,066367
52,120000	0,067005
52,130000	0,066367
52,140000	0,068917
52,150000	0,068917
52,160000	0,068279
52,170000	0,068917
52,180000	0,065092
52,190000	0,068917
52,200000	0,070191
52,210000	0,067642
52,220000	0,068279
52,230000	0,065730
52,240000	0,067005
52,250000	0,068917
52,260000	0,067005
52,270000	0,069554
52,280000	0,066367
52,290000	0,066367
52,300000	0,065730
52,310000	0,068917
52,320000	0,067005
52,330000	0,068917
52,340000	0,066367
52,350000	0,069554
52,360000	0,067642
52,370000	0,065730
52,380000	0,067642
52,390000	0,067642
52,400000	0,070191
52,410000	0,068279
52,420000	0,066367
52,430000	0,067642
52,440000	0,066367
52,450000	0,066367
52,460000	0,068279
52,470000	0,069554
52,480000	0,068279
52,490000	0,070829
52,500000	0,067642
52,510000	0,072103
52,520000	0,064455
52,530000	0,067005
52,540000	0,071466
52,550000	0,067642
52,560000	0,067005
52,570000	0,066367
52,580000	0,065730
52,590000	0,065092
52,600000	0,065730
52,610000	0,067005
52,620000	0,066367
52,630000	0,068917
52,640000	0,067005
52,650000	0,068279
52,660000	0,068917
52,670000	0,067642
52,680000	0,066367
52,690000	0,068279
52,700000	0,065730
52,710000	0,067642
52,720000	0,067642
52,730000	0,068917
52,740000	0,068917
52,750000	0,070191
52,760000	0,067005
52,770000	0,065730
52,780000	0,066367
52,790000	0,067005
52,800000	0,070191
52,810000	0,066367
52,820000	0,070191
52,830000	0,067005
52,840000	0,067642
52,850000	0,065730
52,860000	0,067005
52,870000	0,067642
52,880000	0,067005
52,890000	0,065730
52,900000	0,067005
52,910000	0,068917
52,920000	0,067005
52,930000	0,070191
52,940000	0,067642
52,950000	0,067642
52,960000	0,067642
52,970000	0,068279
52,980000	0,065730
52,990000	0,066367
53,000000	0,067005
53,010000	0,068917
53,020000	0,067642
53,030000	0,065730
53,040000	0,065092
53,050000	0,065092
53,060000	0,067642
53,070000	0,070829
53,080000	0,066367
53,090000	0,068279
53,100000	0,065092
53,110000	0,068917
53,120000	0,068279
53,130000	0,065730
53,140000	0,065092
53,150000	0,068279
53,160000	0,067005
53,170000	0,067642
53,180000	0,068917
53,190000	0,065730
53,200000	0,063818
53,210000	0,068917
53,220000	0,067642
53,230000	0,063818
53,240000	0,063818
53,250000	0,070829
53,260000	0,065092
53,270000	0,067642
53,280000	0,068917
53,290000	0,067642
53,300000	0,068917
53,310000	0,068917
53,320000	0,067005
53,330000	0,070829
53,340000	0,067005
53,350000	0,070191
53,360000	0,068917
53,370000	0,066367
53,380000	0,066367
53,390000	0,066367
53,400000	0,068279
53,410000	0,068279
53,420000	0,068917
53,430000	0,066367
53,440000	0,068279
53,450000	0,070191
53,460000	0,071466
53,470000	0,067642
53,480000	0,068279
53,490000	0,067642
53,500000	0,067005
53,510000	0,067005
53,520000	0,070191
53,530000	0,069554
53,540000	0,066367
53,550000	0,068917
53,560000	0,065092
53,570000	0,067005
53,580000	0,069554
53,590000	0,070191
53,600000	0,068279
53,610000	0,068279
53,620000	0,067005
53,630000	0,068279
53,640000	0,065092
53,650000	0,067642
53,660000	0,066367
53,670000	0,070191
53,680000	0,067642
53,690000	0,068917
53,700000	0,069554
53,710000	0,068279
53,720000	0,069554
53,730000	0,067642
53,740000	0,067005
53,750000	0,067642
53,760000	0,065730
53,770000	0,069554
53,780000	0,065730
53,790000	0,071466
53,800000	0,068917
53,810000	0,068917
53,820000	0,067005
53,830000	0,067642
53,840000	0,067005
53,850000	0,069554
53,860000	0,066367
53,870000	0,066367
53,880000	0,070829
53,890000	0,066367
53,900000	0,067005
53,910000	0,070191
53,920000	0,072103
53,930000	0,068917
53,940000	0,067642
53,950000	0,070829
53,960000	0,067642
53,970000	0,068279
53,980000	0,069554
53,990000	0,070191
54,000000	0,071466
54,010000	0,067005
54,020000	0,068917
54,030000	0,068917
54,040000	0,068917
54,050000	0,068917
54,060000	0,065730
54,070000	0,070829
54,080000	0,072103
54,090000	0,068279
54,100000	0,069554
54,110000	0,069554
54,120000	0,074653
54,130000	0,068917
54,140000	0,069554
54,150000	0,070191
54,160000	0,067005
54,170000	0,068917
54,180000	0,070191
54,190000	0,068917
54,200000	0,065092
54,210000	0,067642
54,220000	0,067005
54,230000	0,067005
54,240000	0,068279
54,250000	0,070191
54,260000	0,064455
54,270000	0,069554
54,280000	0,068279
54,290000	0,068917
54,300000	0,068917
54,310000	0,068279
54,320000	0,068917
54,330000	0,070191
54,340000	0,070191
54,350000	0,068279
54,360000	0,071466
54,370000	0,068279
54,380000	0,068279
54,390000	0,070829
54,400000	0,068917
54,410000	0,068917
54,420000	0,069554
54,430000	0,070191
54,440000	0,068917
54,450000	0,068917
54,460000	0,067642
54,470000	0,067642
54,480000	0,068279
54,490000	0,069554
54,500000	0,065730
54,510000	0,068917
54,520000	0,069554
54,530000	0,067005
54,540000	0,071466
54,550000	0,069554
54,560000	0,065092
54,570000	0,068917
54,580000	0,063180
54,590000	0,068279
54,600000	0,069554
54,610000	0,068279
54,620000	0,065730
54,630000	0,069554
54,640000	0,069554
54,650000	0,070191
54,660000	0,068917
54,670000	0,067005
54,680000	0,070191
54,690000	0,068917
54,700000	0,072103
54,710000	0,070191
54,720000	0,071466
54,730000	0,067642
54,740000	0,069554
54,750000	0,066367
54,760000	0,070191
54,770000	0,070191
54,780000	0,068917
54,790000	0,070191
54,800000	0,068917
54,810000	0,070191
54,820000	0,069554
54,830000	0,068917
54,840000	0,068917
54,850000	0,067005
54,860000	0,070191
54,870000	0,065730
54,880000	0,065730
54,890000	0,069554
54,900000	0,068279
54,910000	0,069554
54,920000	0,067005
54,930000	0,067005
54,940000	0,071466
54,950000	0,069554
54,960000	0,068917
54,970000	0,069554
54,980000	0,067005
54,990000	0,068279
55,000000	0,070829
55,010000	0,065730
55,020000	0,067642
55,030000	0,068917
55,040000	0,070829
55,050000	0,069554
55,060000	0,070829
55,070000	0,068917
55,080000	0,068279
55,090000	0,072741
55,100000	0,070191
55,110000	0,068917
55,120000	0,068279
55,130000	0,068917
55,140000	0,065092
55,150000	0,068279
55,160000	0,068917
55,170000	0,068279
55,180000	0,067642
55,190000	0,070829
55,200000	0,065092
55,210000	0,070191
55,220000	0,065092
55,230000	0,070191
55,240000	0,070191
55,250000	0,068279
55,260000	0,069554
55,270000	0,067642
55,280000	0,069554
55,290000	0,068917
55,300000	0,071466
55,310000	0,067005
55,320000	0,070829
55,330000	0,067642
55,340000	0,068917
55,350000	0,068917
55,360000	0,068917
55,370000	0,067642
55,380000	0,071466
55,390000	0,065092
55,400000	0,069554
55,410000	0,068279
55,420000	0,068917
55,430000	0,069554
55,440000	0,067642
55,450000	0,071466
55,460000	0,068279
55,470000	0,071466
55,480000	0,068917
55,490000	0,071466
55,500000	0,070829
55,510000	0,069554
55,520000	0,073378
55,530000	0,069554
55,540000	0,068917
55,550000	0,069554
55,560000	0,068917
55,570000	0,070191
55,580000	0,067005
55,590000	0,070191
55,600000	0,069554
55,610000	0,070191
55,620000	0,067005
55,630000	0,070191
55,640000	0,072103
55,650000	0,068917
55,660000	0,066367
55,670000	0,068917
55,680000	0,070191
55,690000	0,070191
55,700000	0,067005
55,710000	0,070191
55,720000	0,067642
55,730000	0,070191
55,740000	0,065730
55,750000	0,069554
55,760000	0,070191
55,770000	0,069554
55,780000	0,071466
55,790000	0,068917
55,800000	0,068917
55,810000	0,070191
55,820000	0,067005
55,830000	0,069554
55,840000	0,069554
55,850000	0,068917
55,860000	0,068917
55,870000	0,070829
55,880000	0,068279
55,890000	0,070829
55,900000	0,072103
55,910000	0,071466
55,920000	0,069554
55,930000	0,067005
55,940000	0,070191
55,950000	0,071466
55,960000	0,065730
55,970000	0,067642
55,980000	0,068917
55,990000	0,068917
56,000000	0,070829
56,010000	0,070191
56,020000	0,072103
56,030000	0,070829
56,040000	0,072103
56,050000	0,071466
56,060000	0,070191
56,070000	0,069554
56,080000	0,068917
56,090000	0,068917
56,100000	0,070191
56,110000	0,069554
56,120000	0,069554
56,130000	0,070191
56,140000	0,069554
56,150000	0,070191
56,160000	0,069554
56,170000	0,071466
56,180000	0,071466
56,190000	0,070829
56,200000	0,068279
56,210000	0,070191
56,220000	0,070191
56,230000	0,070829
56,240000	0,070829
56,250000	0,068917
56,260000	0,070191
56,270000	0,069554
56,280000	0,067005
56,290000	0,069554
56,300000	0,068917
56,310000	0,068917
56,320000	0,068279
56,330000	0,070191
56,340000	0,068917
56,350000	0,068917
56,360000	0,067642
56,370000	0,068279
56,380000	0,067005
56,390000	0,068917
56,400000	0,067642
56,410000	0,068917
56,420000	0,069554
56,430000	0,071466
56,440000	0,068279
56,450000	0,068917
56,460000	0,071466
56,470000	0,070829
56,480000	0,068917
56,490000	0,070191
56,500000	0,068279
56,510000	0,070191
56,520000	0,070191
56,530000	0,069554
56,540000	0,070191
56,550000	0,070829
56,560000	0,071466
56,570000	0,072741
56,580000	0,071466
56,590000	0,071466
56,600000	0,070191
56,610000	0,070829
56,620000	0,066367
56,630000	0,072103
56,640000	0,066367
56,650000	0,070829
56,660000	0,065092
56,670000	0,071466
56,680000	0,067642
56,690000	0,070191
56,700000	0,071466
56,710000	0,072741
56,720000	0,070829
56,730000	0,069554
56,740000	0,070191
56,750000	0,070829
56,760000	0,070191
56,770000	0,070829
56,780000	0,068279
56,790000	0,070829
56,800000	0,068279
56,810000	0,070191
56,820000	0,070191
56,830000	0,070829
56,840000	0,067005
56,850000	0,070829
56,860000	0,071466
56,870000	0,072741
56,880000	0,067005
56,890000	0,071466
56,900000	0,067005
56,910000	0,070829
56,920000	0,068279
56,930000	0,068279
56,940000	0,068279
56,950000	0,068279
56,960000	0,068917
56,970000	0,070191
56,980000	0,067642
56,990000	0,069554
57,000000	0,069554
57,010000	0,070191
57,020000	0,067642
57,030000	0,074016
57,040000	0,069554
57,050000	0,069554
57,060000	0,070191
57,070000	0,070829
57,080000	0,068917
57,090000	0,072103
57,100000	0,072103
57,110000	0,071466
57,120000	0,072103
57,130000	0,070191
57,140000	0,068917
57,150000	0,070829
57,160000	0,068917
57,170000	0,070191
57,180000	0,067642
57,190000	0,070191
57,200000	0,072103
57,210000	0,070829
57,220000	0,070191
57,230000	0,071466
57,240000	0,070191
57,250000	0,070191
57,260000	0,071466
57,270000	0,068279
57,280000	0,072103
57,290000	0,071466
57,300000	0,069554
57,310000	0,069554
57,320000	0,071466
57,330000	0,071466
57,340000	0,068917
57,350000	0,068917
57,360000	0,071466
57,370000	0,070191
57,380000	0,070829
57,390000	0,070829
57,400000	0,070829
57,410000	0,070829
57,420000	0,068917
57,430000	0,070829
57,440000	0,068279
57,450000	0,071466
57,460000	0,065730
57,470000	0,072103
57,480000	0,071466
57,490000	0,071466
57,500000	0,068917
57,510000	0,072741
57,520000	0,071466
57,530000	0,070829
57,540000	0,066367
57,550000	0,070191
57,560000	0,070191
57,570000	0,070829
57,580000	0,068917
57,590000	0,071466
57,600000	0,071466
57,610000	0,068917
57,620000	0,070191
57,630000	0,068917
57,640000	0,071466
57,650000	0,070829
57,660000	0,068917
57,670000	0,071466
57,680000	0,070191
57,690000	0,070191
57,700000	0,071466
57,710000	0,072103
57,720000	0,071466
57,730000	0,070829
57,740000	0,070829
57,750000	0,071466
57,760000	0,071466
57,770000	0,069554
57,780000	0,070829
57,790000	0,070191
57,800000	0,072103
57,810000	0,071466
57,820000	0,072103
57,830000	0,071466
57,840000	0,071466
57,850000	0,071466
57,860000	0,071466
57,870000	0,070191
57,880000	0,068917
57,890000	0,067005
57,900000	0,070829
57,910000	0,070191
57,920000	0,071466
57,930000	0,069554
57,940000	0,068917
57,950000	0,071466
57,960000	0,070829
57,970000	0,072741
57,980000	0,065092
57,990000	0,073378
58,000000	0,068279
58,010000	0,070829
58,020000	0,068917
58,030000	0,068917
58,040000	0,067642
58,050000	0,071466
58,060000	0,071466
58,070000	0,072103
58,080000	0,068917
58,090000	0,072103
58,100000	0,072103
58,110000	0,072103
58,120000	0,070829
58,130000	0,073378
58,140000	0,068917
58,150000	0,074016
58,160000	0,074016
58,170000	0,071466
58,180000	0,071466
58,190000	0,072103
58,200000	0,068279
58,210000	0,070191
58,220000	0,070829
58,230000	0,074016
58,240000	0,070191
58,250000	0,072103
58,260000	0,069554
58,270000	0,070829
58,280000	0,073378
58,290000	0,070191
58,300000	0,072741
58,310000	0,072103
58,320000	0,070191
58,330000	0,069554
58,340000	0,067642
58,350000	0,070829
58,360000	0,069554
58,370000	0,070829
58,380000	0,068917
58,390000	0,071466
58,400000	0,072741
58,410000	0,071466
58,420000	0,068917
58,430000	0,069554
58,440000	0,072741
58,450000	0,070829
58,460000	0,073378
58,470000	0,073378
58,480000	0,070191
58,490000	0,071466
58,500000	0,073378
58,510000	0,072741
58,520000	0,071466
58,530000	0,073378
58,540000	0,070829
58,550000	0,070191
58,560000	0,073378
58,570000	0,074653
58,580000	0,073378
58,590000	0,071466
58,600000	0,071466
58,610000	0,072103
58,620000	0,068917
58,630000	0,069554
58,640000	0,071466
58,650000	0,072103
58,660000	0,072103
58,670000	0,071466
58,680000	0,069554
58,690000	0,070829
58,700000	0,069554
58,710000	0,072103
58,720000	0,071466
58,730000	0,072741
58,740000	0,071466
58,750000	0,072741
58,760000	0,071466
58,770000	0,073378
58,780000	0,072741
58,790000	0,071466
58,800000	0,074653
58,810000	0,071466
58,820000	0,070191
58,830000	0,072741
58,840000	0,072741
58,850000	0,071466
58,860000	0,074016
58,870000	0,070829
58,880000	0,068279
58,890000	0,072741
58,900000	0,069554
58,910000	0,070829
58,920000	0,072103
58,930000	0,070191
58,940000	0,070191
58,950000	0,071466
58,960000	0,072103
58,970000	0,070829
58,980000	0,071466
58,990000	0,073378
59,000000	0,073378
59,010000	0,071466
59,020000	0,072741
59,030000	0,070191
59,040000	0,074016
59,050000	0,070191
59,060000	0,069554
59,070000	0,071466
59,080000	0,069554
59,090000	0,068917
59,100000	0,073378
59,110000	0,072103
59,120000	0,072103
59,130000	0,072741
59,140000	0,069554
59,150000	0,074016
59,160000	0,072741
59,170000	0,071466
59,180000	0,074016
59,190000	0,071466
59,200000	0,070191
59,210000	0,071466
59,220000	0,069554
59,230000	0,070191
59,240000	0,074653
59,250000	0,071466
59,260000	0,074016
59,270000	0,072741
59,280000	0,071466
59,290000	0,072103
59,300000	0,070829
59,310000	0,072741
59,320000	0,074016
59,330000	0,070829
59,340000	0,073378
59,350000	0,072103
59,360000	0,071466
59,370000	0,072103
59,380000	0,070191
59,390000	0,070829
59,400000	0,072741
59,410000	0,072741
59,420000	0,069554
59,430000	0,072741
59,440000	0,072103
59,450000	0,072741
59,460000	0,070191
59,470000	0,072103
59,480000	0,070829
59,490000	0,072741
59,500000	0,074016
59,510000	0,071466
59,520000	0,068279
59,530000	0,072741
59,540000	0,073378
59,550000	0,074016
59,560000	0,068279
59,570000	0,072103
59,580000	0,071466
59,590000	0,072741
59,600000	0,072741
59,610000	0,070829
59,620000	0,072103
59,630000	0,071466
59,640000	0,073378
59,650000	0,074016
59,660000	0,070829
59,670000	0,071466
59,680000	0,072103
59,690000	0,073378
59,700000	0,070191
59,710000	0,071466
59,720000	0,072103
59,730000	0,072741
59,740000	0,071466
59,750000	0,074016
59,760000	0,072741
59,770000	0,070829
59,780000	0,074016
59,790000	0,071466
59,800000	0,072741
59,810000	0,072103
59,820000	0,072103
59,830000	0,069554
59,840000	0,072103
59,850000	0,074653
59,860000	0,074016
59,870000	0,072103
59,880000	0,074016
59,890000	0,074653
59,900000	0,075290
59,910000	0,075290
59,920000	0,071466
59,930000	0,072741
59,940000	0,071466
59,950000	0,072103
59,960000	0,074016
59,970000	0,074016
59,980000	0,074016
59,990000	0,074653
60,000000	0,072103
60,010000	0,072103
60,020000	0,071466
60,030000	0,073378
60,040000	0,070191
60,050000	0,073378
60,060000	0,072103
60,070000	0,073378
60,080000	0,072741
60,090000	0,072741
60,100000	0,070829
60,110000	0,073378
60,120000	0,072103
60,130000	0,074016
60,140000	0,071466
60,150000	0,071466
60,160000	0,071466
60,170000	0,072103
60,180000	0,073378
60,190000	0,073378
60,200000	0,070191
60,210000	0,074016
60,220000	0,072103
60,230000	0,075928
60,240000	0,070829
60,250000	0,074016
60,260000	0,070191
60,270000	0,074016
60,280000	0,073378
60,290000	0,074016
60,300000	0,070829
60,310000	0,071466
60,320000	0,072741
60,330000	0,074653
60,340000	0,073378
60,350000	0,074016
60,360000	0,074016
60,370000	0,073378
60,380000	0,074653
60,390000	0,072741
60,400000	0,072103
60,410000	0,077202
60,420000	0,073378
60,430000	0,071466
60,440000	0,071466
60,450000	0,073378
60,460000	0,073378
60,470000	0,073378
60,480000	0,074653
60,490000	0,074653
60,500000	0,073378
60,510000	0,074016
60,520000	0,070191
60,530000	0,073378
60,540000	0,074016
60,550000	0,072741
60,560000	0,073378
60,570000	0,071466
60,580000	0,072103
60,590000	0,074016
60,600000	0,076565
60,610000	0,071466
60,620000	0,072741
60,630000	0,074016
60,640000	0,074016
60,650000	0,074016
60,660000	0,072103
60,670000	0,071466
60,680000	0,071466
60,690000	0,073378
60,700000	0,074016
60,710000	0,073378
60,720000	0,071466
60,730000	0,072741
60,740000	0,072103
60,750000	0,073378
60,760000	0,072103
60,770000	0,072103
60,780000	0,073378
60,790000	0,074016
60,800000	0,071466
60,810000	0,073378
60,820000	0,072103
60,830000	0,073378
60,840000	0,071466
60,850000	0,072103
60,860000	0,075290
60,870000	0,071466
60,880000	0,072741
60,890000	0,072103
60,900000	0,072103
60,910000	0,074016
60,920000	0,077202
60,930000	0,073378
60,940000	0,073378
60,950000	0,074016
60,960000	0,071466
60,970000	0,075290
60,980000	0,072103
60,990000	0,074016
61,000000	0,074653
61,010000	0,073378
61,020000	0,074016
61,030000	0,071466
61,040000	0,070829
61,050000	0,074016
61,060000	0,075928
61,070000	0,074016
61,080000	0,071466
61,090000	0,074653
61,100000	0,075928
61,110000	0,072741
61,120000	0,074016
61,130000	0,072103
61,140000	0,070829
61,150000	0,070829
61,160000	0,075928
61,170000	0,072103
61,180000	0,074653
61,190000	0,072103
61,200000	0,070191
61,210000	0,074016
61,220000	0,071466
61,230000	0,073378
61,240000	0,072103
61,250000	0,073378
61,260000	0,072103
61,270000	0,072741
61,280000	0,074653
61,290000	0,073378
61,300000	0,076565
61,310000	0,075290
61,320000	0,072103
61,330000	0,074016
61,340000	0,071466
61,350000	0,074016
61,360000	0,072741
61,370000	0,074653
61,380000	0,073378
61,390000	0,074016
61,400000	0,074016
61,410000	0,072741
61,420000	0,072103
61,430000	0,072741
61,440000	0,072103
61,450000	0,074653
61,460000	0,075290
61,470000	0,076565
61,480000	0,073378
61,490000	0,074016
61,500000	0,070191
61,510000	0,072741
61,520000	0,070829
61,530000	0,076565
61,540000	0,072741
61,550000	0,075290
61,560000	0,073378
61,570000	0,075290
61,580000	0,071466
61,590000	0,074653
61,600000	0,075290
61,610000	0,074016
61,620000	0,072103
61,630000	0,074653
61,640000	0,072103
61,650000	0,073378
61,660000	0,068917
61,670000	0,073378
61,680000	0,075928
61,690000	0,075290
61,700000	0,074653
61,710000	0,073378
61,720000	0,071466
61,730000	0,072741
61,740000	0,072741
61,750000	0,075290
61,760000	0,073378
61,770000	0,074016
61,780000	0,076565
61,790000	0,073378
61,800000	0,073378
61,810000	0,075290
61,820000	0,074016
61,830000	0,074653
61,840000	0,074016
61,850000	0,075290
61,860000	0,074016
61,870000	0,074016
61,880000	0,072103
61,890000	0,074653
61,900000	0,076565
61,910000	0,074653
61,920000	0,072103
61,930000	0,075290
61,940000	0,075290
61,950000	0,073378
61,960000	0,072741
61,970000	0,077202
61,980000	0,073378
61,990000	0,074016
62,000000	0,077202
62,010000	0,074016
62,020000	0,072741
62,030000	0,074653
62,040000	0,076565
62,050000	0,074016
62,060000	0,072103
62,070000	0,073378
62,080000	0,075290
62,090000	0,075928
62,100000	0,072741
62,110000	0,074016
62,120000	0,070829
62,130000	0,073378
62,140000	0,074016
62,150000	0,071466
62,160000	0,073378
62,170000	0,074653
62,180000	0,073378
62,190000	0,074016
62,200000	0,072741
62,210000	0,075290
62,220000	0,076565
62,230000	0,074653
62,240000	0,075928
62,250000	0,074016
62,260000	0,070829
62,270000	0,074016
62,280000	0,075928
62,290000	0,075290
62,300000	0,074653
62,310000	0,075290
62,320000	0,072741
62,330000	0,076565
62,340000	0,075928
62,350000	0,075928
62,360000	0,075290
62,370000	0,076565
62,380000	0,072741
62,390000	0,073378
62,400000	0,075928
62,410000	0,075290
62,420000	0,074016
62,430000	0,074653
62,440000	0,074653
62,450000	0,075928
62,460000	0,071466
62,470000	0,075290
62,480000	0,075290
62,490000	0,074016
62,500000	0,072741
62,510000	0,075290
62,520000	0,073378
62,530000	0,075290
62,540000	0,075928
62,550000	0,073378
62,560000	0,073378
62,570000	0,073378
62,580000	0,075928
62,590000	0,073378
62,600000	0,071466
62,610000	0,075290
62,620000	0,075290
62,630000	0,074016
62,640000	0,070191
62,650000	0,077202
62,660000	0,075290
62,670000	0,073378
62,680000	0,076565
62,690000	0,076565
62,700000	0,070829
62,710000	0,074016
62,720000	0,072103
62,730000	0,075290
62,740000	0,074653
62,750000	0,072103
62,760000	0,072741
62,770000	0,076565
62,780000	0,070829
62,790000	0,076565
62,800000	0,073378
62,810000	0,076565
62,820000	0,074016
62,830000	0,076565
62,840000	0,072741
62,850000	0,073378
62,860000	0,070829
62,870000	0,074016
62,880000	0,075290
62,890000	0,075290
62,900000	0,071466
62,910000	0,075928
62,920000	0,074016
62,930000	0,074016
62,940000	0,076565
62,950000	0,074653
62,960000	0,076565
62,970000	0,073378
62,980000	0,073378
62,990000	0,072103
63,000000	0,075290
63,010000	0,074016
63,020000	0,074653
63,030000	0,075928
63,040000	0,074653
63,050000	0,076565
63,060000	0,075928
63,070000	0,072741
63,080000	0,074016
63,090000	0,075928
63,100000	0,074016
63,110000	0,074653
63,120000	0,074016
63,130000	0,074653
63,140000	0,075290
63,150000	0,074653
63,160000	0,075290
63,170000	0,073378
63,180000	0,074016
63,190000	0,074653
63,200000	0,076565
63,210000	0,072103
63,220000	0,075928
63,230000	0,074016
63,240000	0,075290
63,250000	0,074016
63,260000	0,074016
63,270000	0,074016
63,280000	0,072103
63,290000	0,074653
63,300000	0,076565
63,310000	0,076565
63,320000	0,070191
63,330000	0,075928
63,340000	0,076565
63,350000	0,075290
63,360000	0,073378
63,370000	0,073378
63,380000	0,074653
63,390000	0,075290
63,400000	0,074016
63,410000	0,076565
63,420000	0,072741
63,430000	0,074016
63,440000	0,070829
63,450000	0,073378
63,460000	0,072741
63,470000	0,076565
63,480000	0,076565
63,490000	0,076565
63,500000	0,071466
63,510000	0,075290
63,520000	0,075290
63,530000	0,074653
63,540000	0,072103
63,550000	0,076565
63,560000	0,074016
63,570000	0,074653
63,580000	0,075928
63,590000	0,076565
63,600000	0,072103
63,610000	0,075290
63,620000	0,072103
63,630000	0,075928
63,640000	0,075928
63,650000	0,075290
63,660000	0,075928
63,670000	0,075928
63,680000	0,072741
63,690000	0,076565
63,700000	0,072103
63,710000	0,075290
63,720000	0,072741
63,730000	0,077202
63,740000	0,077202
63,750000	0,074016
63,760000	0,073378
63,770000	0,074653
63,780000	0,073378
63,790000	0,072103
63,800000	0,073378
63,810000	0,075290
63,820000	0,071466
63,830000	0,074653
63,840000	0,075290
63,850000	0,074653
63,860000	0,076565
63,870000	0,077840
63,880000	0,074016
63,890000	0,076565
63,900000	0,076565
63,910000	0,077202
63,920000	0,075928
63,930000	0,072741
63,940000	0,074016
63,950000	0,074653
63,960000	0,072103
63,970000	0,074016
63,980000	0,075928
63,990000	0,075290
64,000000	0,076565
64,010000	0,076565
64,020000	0,075290
64,030000	0,076565
64,040000	0,079752
64,050000	0,074653
64,060000	0,076565
64,070000	0,075290
64,080000	0,075928
64,090000	0,075928
64,100000	0,074016
64,110000	0,072741
64,120000	0,076565
64,130000	0,075928
64,140000	0,077840
64,150000	0,075928
64,160000	0,075928
64,170000	0,076565
64,180000	0,076565
64,190000	0,076565
64,200000	0,079114
64,210000	0,077202
64,220000	0,079752
64,230000	0,075290
64,240000	0,076565
64,250000	0,075290
64,260000	0,076565
64,270000	0,075290
64,280000	0,074653
64,290000	0,077202
64,300000	0,079114
64,310000	0,078477
64,320000	0,078477
64,330000	0,076565
64,340000	0,074653
64,350000	0,074016
64,360000	0,076565
64,370000	0,074016
64,380000	0,075928
64,390000	0,077840
64,400000	0,074016
64,410000	0,077202
64,420000	0,077202
64,430000	0,075928
64,440000	0,076565
64,450000	0,077840
64,460000	0,075290
64,470000	0,075290
64,480000	0,075290
64,490000	0,076565
64,500000	0,079114
64,510000	0,076565
64,520000	0,074016
64,530000	0,075928
64,540000	0,074653
64,550000	0,079114
64,560000	0,075290
64,570000	0,076565
64,580000	0,074016
64,590000	0,075290
64,600000	0,074653
64,610000	0,077840
64,620000	0,074016
64,630000	0,076565
64,640000	0,075928
64,650000	0,074653
64,660000	0,075928
64,670000	0,075290
64,680000	0,076565
64,690000	0,076565
64,700000	0,077202
64,710000	0,076565
64,720000	0,077202
64,730000	0,075290
64,740000	0,074653
64,750000	0,074653
64,760000	0,077840
64,770000	0,075928
64,780000	0,072741
64,790000	0,075928
64,800000	0,074653
64,810000	0,075290
64,820000	0,078477
64,830000	0,076565
64,840000	0,075928
64,850000	0,075928
64,860000	0,076565
64,870000	0,075928
64,880000	0,073378
64,890000	0,075928
64,900000	0,074653
64,910000	0,077202
64,920000	0,072103
64,930000	0,076565
64,940000	0,074016
64,950000	0,077840
64,960000	0,074016
64,970000	0,077202
64,980000	0,076565
64,990000	0,077840
65,000000	0,075928
65,010000	0,074653
65,020000	0,078477
65,030000	0,078477
65,040000	0,074653
65,050000	0,077202
65,060000	0,076565
65,070000	0,076565
65,080000	0,076565
65,090000	0,076565
65,100000	0,074016
65,110000	0,075928
65,120000	0,076565
65,130000	0,078477
65,140000	0,077840
65,150000	0,076565
65,160000	0,075290
65,170000	0,076565
65,180000	0,077202
65,190000	0,076565
65,200000	0,075290
65,210000	0,077202
65,220000	0,076565
65,230000	0,076565
65,240000	0,075928
65,250000	0,074016
65,260000	0,076565
65,270000	0,077840
65,280000	0,075928
65,290000	0,076565
65,300000	0,081027
65,310000	0,076565
65,320000	0,076565
65,330000	0,078477
65,340000	0,071466
65,350000	0,077202
65,360000	0,073378
65,370000	0,076565
65,380000	0,077840
65,390000	0,075290
65,400000	0,076565
65,410000	0,076565
65,420000	0,076565
65,430000	0,075290
65,440000	0,077840
65,450000	0,078477
65,460000	0,074653
65,470000	0,076565
65,480000	0,075928
65,490000	0,075928
65,500000	0,075290
65,510000	0,075928
65,520000	0,075928
65,530000	0,078477
65,540000	0,077840
65,550000	0,076565
65,560000	0,075290
65,570000	0,073378
65,580000	0,075290
65,590000	0,077202
65,600000	0,077202
65,610000	0,078477
65,620000	0,072103
65,630000	0,073378
65,640000	0,076565
65,650000	0,077840
65,660000	0,075928
65,670000	0,076565
65,680000	0,077202
65,690000	0,077840
65,700000	0,077202
65,710000	0,076565
65,720000	0,078477
65,730000	0,075928
65,740000	0,078477
65,750000	0,077202
65,760000	0,079114
65,770000	0,075928
65,780000	0,076565
65,790000	0,075290
65,800000	0,074653
65,810000	0,076565
65,820000	0,074653
65,830000	0,075290
65,840000	0,079752
65,850000	0,077202
65,860000	0,076565
65,870000	0,074653
65,880000	0,079114
65,890000	0,075928
65,900000	0,075928
65,910000	0,077840
65,920000	0,076565
65,930000	0,078477
65,940000	0,078477
65,950000	0,075290
65,960000	0,079114
65,970000	0,076565
65,980000	0,077202
65,990000	0,077840
66,000000	0,077202
66,010000	0,075928
66,020000	0,075928
66,030000	0,077840
66,040000	0,078477
66,050000	0,077840
66,060000	0,077840
66,070000	0,077840
66,080000	0,075290
66,090000	0,075928
66,100000	0,077202
66,110000	0,079114
66,120000	0,076565
66,130000	0,076565
66,140000	0,075290
66,150000	0,075928
66,160000	0,079114
66,170000	0,077202
66,180000	0,074653
66,190000	0,077202
66,200000	0,078477
66,210000	0,076565
66,220000	0,076565
66,230000	0,077840
66,240000	0,076565
66,250000	0,076565
66,260000	0,075290
66,270000	0,080389
66,280000	0,074653
66,290000	0,079752
66,300000	0,081664
66,310000	0,076565
66,320000	0,077202
66,330000	0,077840
66,340000	0,081027
66,350000	0,077840
66,360000	0,077840
66,370000	0,077840
66,380000	0,076565
66,390000	0,076565
66,400000	0,081027
66,410000	0,079114
66,420000	0,073378
66,430000	0,078477
66,440000	0,076565
66,450000	0,077840
66,460000	0,077202
66,470000	0,076565
66,480000	0,080389
66,490000	0,079114
66,500000	0,077202
66,510000	0,076565
66,520000	0,075290
66,530000	0,080389
66,540000	0,075928
66,550000	0,079752
66,560000	0,077202
66,570000	0,077202
66,580000	0,079114
66,590000	0,076565
66,600000	0,079114
66,610000	0,077840
66,620000	0,075928
66,630000	0,078477
66,640000	0,081027
66,650000	0,076565
66,660000	0,077202
66,670000	0,077202
66,680000	0,079114
66,690000	0,077840
66,700000	0,077202
66,710000	0,078477
66,720000	0,075928
66,730000	0,077202
66,740000	0,075928
66,750000	0,078477
66,760000	0,074653
66,770000	0,077840
66,780000	0,077840
66,790000	0,076565
66,800000	0,079752
66,810000	0,075290
66,820000	0,081027
66,830000	0,078477
66,840000	0,076565
66,850000	0,075928
66,860000	0,082301
66,870000	0,075928
66,880000	0,080389
66,890000	0,077840
66,900000	0,079114
66,910000	0,077840
66,920000	0,079752
66,930000	0,075928
66,940000	0,074653
66,950000	0,077840
66,960000	0,076565
66,970000	0,077202
66,980000	0,081027
66,990000	0,077840
67,000000	0,079752
67,010000	0,074653
67,020000	0,078477
67,030000	0,079114
67,040000	0,079114
67,050000	0,079114
67,060000	0,075928
67,070000	0,078477
67,080000	0,074653
67,090000	0,077202
67,100000	0,075928
67,110000	0,077840
67,120000	0,077202
67,130000	0,080389
67,140000	0,076565
67,150000	0,077840
67,160000	0,078477
67,170000	0,077202
67,180000	0,074016
67,190000	0,079752
67,200000	0,074653
67,210000	0,079114
67,220000	0,074653
67,230000	0,077840
67,240000	0,080389
67,250000	0,077202
67,260000	0,079114
67,270000	0,078477
67,280000	0,081027
67,290000	0,079752
67,300000	0,076565
67,310000	0,076565
67,320000	0,081027
67,330000	0,075928
67,340000	0,082301
67,350000	0,077840
67,360000	0,077840
67,370000	0,077202
67,380000	0,081664
67,390000	0,077202
67,400000	0,081664
67,410000	0,076565
67,420000	0,083576
67,430000	0,078477
67,440000	0,078477
67,450000	0,077202
67,460000	0,075290
67,470000	0,076565
67,480000	0,078477
67,490000	0,078477
67,500000	0,079752
67,510000	0,075290
67,520000	0,082939
67,530000	0,076565
67,540000	0,075928
67,550000	0,077840
67,560000	0,077840
67,570000	0,078477
67,580000	0,079114
67,590000	0,078477
67,600000	0,079114
67,610000	0,076565
67,620000	0,075290
67,630000	0,080389
67,640000	0,076565
67,650000	0,080389
67,660000	0,081664
67,670000	0,079752
67,680000	0,073378
67,690000	0,075290
67,700000	0,077202
67,710000	0,077840
67,720000	0,075928
67,730000	0,079114
67,740000	0,080389
67,750000	0,079114
67,760000	0,076565
67,770000	0,077202
67,780000	0,080389
67,790000	0,078477
67,800000	0,075928
67,810000	0,078477
67,820000	0,075928
67,830000	0,075928
67,840000	0,076565
67,850000	0,077202
67,860000	0,078477
67,870000	0,080389
67,880000	0,075290
67,890000	0,077202
67,900000	0,077202
67,910000	0,077840
67,920000	0,076565
67,930000	0,078477
67,940000	0,077202
67,950000	0,079114
67,960000	0,076565
67,970000	0,080389
67,980000	0,077202
67,990000	0,078477
68,000000	0,081664
68,010000	0,081664
68,020000	0,077202
68,030000	0,077202
68,040000	0,079752
68,050000	0,079114
68,060000	0,079752
68,070000	0,079114
68,080000	0,078477
68,090000	0,077840
68,100000	0,079114
68,110000	0,077840
68,120000	0,078477
68,130000	0,078477
68,140000	0,073378
68,150000	0,081027
68,160000	0,077840
68,170000	0,081027
68,180000	0,079752
68,190000	0,081664
68,200000	0,078477
68,210000	0,079114
68,220000	0,079114
68,230000	0,081027
68,240000	0,077840
68,250000	0,080389
68,260000	0,074653
68,270000	0,079114
68,280000	0,077202
68,290000	0,082301
68,300000	0,076565
68,310000	0,079114
68,320000	0,075928
68,330000	0,079752
68,340000	0,079752
68,350000	0,079114
68,360000	0,082939
68,370000	0,076565
68,380000	0,079114
68,390000	0,077840
68,400000	0,078477
68,410000	0,077202
68,420000	0,079752
68,430000	0,077840
68,440000	0,082301
68,450000	0,072741
68,460000	0,081027
68,470000	0,078477
68,480000	0,081027
68,490000	0,079752
68,500000	0,080389
68,510000	0,082301
68,520000	0,075928
68,530000	0,078477
68,540000	0,077202
68,550000	0,081664
68,560000	0,082939
68,570000	0,079114
68,580000	0,081027
68,590000	0,079114
68,600000	0,079114
68,610000	0,079114
68,620000	0,079114
68,630000	0,080389
68,640000	0,078477
68,650000	0,078477
68,660000	0,079752
68,670000	0,078477
68,680000	0,080389
68,690000	0,079114
68,700000	0,077202
68,710000	0,077202
68,720000	0,081027
68,730000	0,081664
68,740000	0,079752
68,750000	0,077840
68,760000	0,078477
68,770000	0,079114
68,780000	0,078477
68,790000	0,077202
68,800000	0,080389
68,810000	0,075928
68,820000	0,079752
68,830000	0,079114
68,840000	0,081664
68,850000	0,077840
68,860000	0,082301
68,870000	0,075290
68,880000	0,081027
68,890000	0,078477
68,900000	0,077840
68,910000	0,080389
68,920000	0,077840
68,930000	0,082301
68,940000	0,077840
68,950000	0,079752
68,960000	0,078477
68,970000	0,081027
68,980000	0,079114
68,990000	0,077840
69,000000	0,078477
69,010000	0,074016
69,020000	0,078477
69,030000	0,079114
69,040000	0,075928
69,050000	0,080389
69,060000	0,078477
69,070000	0,079752
69,080000	0,078477
69,090000	0,079752
69,100000	0,075928
69,110000	0,081664
69,120000	0,079114
69,130000	0,079752
69,140000	0,081027
69,150000	0,080389
69,160000	0,074016
69,170000	0,081664
69,180000	0,076565
69,190000	0,077840
69,200000	0,079114
69,210000	0,077840
69,220000	0,079114
69,230000	0,080389
69,240000	0,081027
69,250000	0,081664
69,260000	0,081027
69,270000	0,079114
69,280000	0,077840
69,290000	0,079114
69,300000	0,081027
69,310000	0,078477
69,320000	0,079114
69,330000	0,081664
69,340000	0,081664
69,350000	0,079114
69,360000	0,078477
69,370000	0,079752
69,380000	0,081027
69,390000	0,078477
69,400000	0,079114
69,410000	0,077840
69,420000	0,082939
69,430000	0,077840
69,440000	0,081027
69,450000	0,074653
69,460000	0,077202
69,470000	0,078477
69,480000	0,081027
69,490000	0,077202
69,500000	0,081027
69,510000	0,075928
69,520000	0,081027
69,530000	0,078477
69,540000	0,078477
69,550000	0,079114
69,560000	0,081027
69,570000	0,079114
69,580000	0,075290
69,590000	0,080389
69,600000	0,075928
69,610000	0,079114
69,620000	0,077202
69,630000	0,076565
69,640000	0,082939
69,650000	0,076565
69,660000	0,076565
69,670000	0,077202
69,680000	0,079752
69,690000	0,081664
69,700000	0,081664
69,710000	0,080389
69,720000	0,081027
69,730000	0,079114
69,740000	0,076565
69,750000	0,079114
69,760000	0,077202
69,770000	0,077840
69,780000	0,074653
69,790000	0,082301
69,800000	0,078477
69,810000	0,079114
69,820000	0,074653
69,830000	0,078477
69,840000	0,078477
69,850000	0,080389
69,860000	0,074016
69,870000	0,079752
69,880000	0,078477
69,890000	0,081027
69,900000	0,078477
69,910000	0,079752
69,920000	0,081027
69,930000	0,081027
69,940000	0,082301
69,950000	0,080389
69,960000	0,081664
69,970000	0,077840
69,980000	0,079114
69,990000	0,081664
70,000000	0,081664
70,010000	0,080389
70,020000	0,078477
70,030000	0,076565
70,040000	0,081664
70,050000	0,080389
70,060000	0,080389
70,070000	0,080389
70,080000	0,082301
70,090000	0,079752
70,100000	0,084213
70,110000	0,080389
70,120000	0,083576
70,130000	0,082301
70,140000	0,081027
70,150000	0,082301
70,160000	0,082939
70,170000	0,082301
70,180000	0,077840
70,190000	0,082939
70,200000	0,081027
70,210000	0,077840
70,220000	0,078477
70,230000	0,081027
70,240000	0,080389
70,250000	0,079114
70,260000	0,081664
70,270000	0,081664
70,280000	0,079752
70,290000	0,081664
70,300000	0,081027
70,310000	0,081664
70,320000	0,078477
70,330000	0,080389
70,340000	0,079114
70,350000	0,081027
70,360000	0,076565
70,370000	0,080389
70,380000	0,080389
70,390000	0,081027
70,400000	0,081664
70,410000	0,081664
70,420000	0,081027
70,430000	0,082939
70,440000	0,078477
70,450000	0,079752
70,460000	0,081027
70,470000	0,082301
70,480000	0,077840
70,490000	0,079114
70,500000	0,077840
70,510000	0,080389
70,520000	0,082301
70,530000	0,079752
70,540000	0,081664
70,550000	0,079752
70,560000	0,081664
70,570000	0,078477
70,580000	0,081027
70,590000	0,081027
70,600000	0,082939
70,610000	0,081664
70,620000	0,081664
70,630000	0,082939
70,640000	0,084213
70,650000	0,080389
70,660000	0,079752
70,670000	0,079114
70,680000	0,083576
70,690000	0,082301
70,700000	0,080389
70,710000	0,084851
70,720000	0,081664
70,730000	0,082939
70,740000	0,081664
70,750000	0,081664
70,760000	0,079752
70,770000	0,084213
70,780000	0,083576
70,790000	0,084213
70,800000	0,079114
70,810000	0,079752
70,820000	0,082301
70,830000	0,082939
70,840000	0,081027
70,850000	0,080389
70,860000	0,084213
70,870000	0,082939
70,880000	0,078477
70,890000	0,082301
70,900000	0,079752
70,910000	0,082939
70,920000	0,081027
70,930000	0,081664
70,940000	0,081027
70,950000	0,079114
70,960000	0,078477
70,970000	0,081664
70,980000	0,080389
70,990000	0,077840
71,000000	0,080389
71,010000	0,079752
71,020000	0,081027
71,030000	0,079114
71,040000	0,080389
71,050000	0,080389
71,060000	0,079752
71,070000	0,083576
71,080000	0,077202
71,090000	0,081027
71,100000	0,077840
71,110000	0,079114
71,120000	0,079114
71,130000	0,082301
71,140000	0,079114
71,150000	0,085488
71,160000	0,077202
71,170000	0,083576
71,180000	0,080389
71,190000	0,079114
71,200000	0,082301
71,210000	0,081664
71,220000	0,081027
71,230000	0,084213
71,240000	0,078477
71,250000	0,082301
71,260000	0,082939
71,270000	0,080389
71,280000	0,083576
71,290000	0,079114
71,300000	0,082939
71,310000	0,078477
71,320000	0,084851
71,330000	0,077202
71,340000	0,086126
71,350000	0,078477
71,360000	0,081664
71,370000	0,080389
71,380000	0,080389
71,390000	0,080389
71,400000	0,081664
71,410000	0,077840
71,420000	0,080389
71,430000	0,079114
71,440000	0,081027
71,450000	0,079752
71,460000	0,084213
71,470000	0,079114
71,480000	0,080389
71,490000	0,079114
71,500000	0,082939
71,510000	0,081664
71,520000	0,083576
71,530000	0,081027
71,540000	0,082939
71,550000	0,082939
71,560000	0,075928
71,570000	0,082939
71,580000	0,079114
71,590000	0,080389
71,600000	0,081664
71,610000	0,081664
71,620000	0,083576
71,630000	0,077202
71,640000	0,081664
71,650000	0,076565
71,660000	0,083576
71,670000	0,079114
71,680000	0,083576
71,690000	0,081027
71,700000	0,079752
71,710000	0,079114
71,720000	0,084213
71,730000	0,080389
71,740000	0,079752
71,750000	0,081027
71,760000	0,081027
71,770000	0,084851
71,780000	0,081027
71,790000	0,081027
71,800000	0,078477
71,810000	0,081027
71,820000	0,078477
71,830000	0,081664
71,840000	0,081027
71,850000	0,081664
71,860000	0,079752
71,870000	0,082939
71,880000	0,079114
71,890000	0,081027
71,900000	0,081027
71,910000	0,082301
71,920000	0,079752
71,930000	0,081027
71,940000	0,081664
71,950000	0,080389
71,960000	0,079114
71,970000	0,081664
71,980000	0,081664
71,990000	0,079752
72,000000	0,081027
72,010000	0,084213
72,020000	0,082939
72,030000	0,079114
72,040000	0,081664
72,050000	0,081664
72,060000	0,081027
72,070000	0,081664
72,080000	0,079114
72,090000	0,082301
72,100000	0,081664
72,110000	0,079752
72,120000	0,081027
72,130000	0,085488
72,140000	0,078477
72,150000	0,081027
72,160000	0,082939
72,170000	0,081027
72,180000	0,082939
72,190000	0,082301
72,200000	0,082939
72,210000	0,082939
72,220000	0,080389
72,230000	0,084213
72,240000	0,081664
72,250000	0,083576
72,260000	0,083576
72,270000	0,082301
72,280000	0,079752
72,290000	0,082301
72,300000	0,081664
72,310000	0,082939
72,320000	0,079114
72,330000	0,084851
72,340000	0,079114
72,350000	0,081027
72,360000	0,082301
72,370000	0,079752
72,380000	0,082301
72,390000	0,083576
72,400000	0,084213
72,410000	0,082301
72,420000	0,082939
72,430000	0,082301
72,440000	0,082301
72,450000	0,083576
72,460000	0,080389
72,470000	0,083576
72,480000	0,080389
72,490000	0,084213
72,500000	0,082301
72,510000	0,081664
72,520000	0,081027
72,530000	0,084213
72,540000	0,081027
72,550000	0,081664
72,560000	0,082301
72,570000	0,081664
72,580000	0,081027
72,590000	0,083576
72,600000	0,081664
72,610000	0,082939
72,620000	0,082939
72,630000	0,081027
72,640000	0,084213
72,650000	0,085488
72,660000	0,083576
72,670000	0,081664
72,680000	0,082301
72,690000	0,083576
72,700000	0,081664
72,710000	0,087400
72,720000	0,086126
72,730000	0,084851
72,740000	0,081664
72,750000	0,083576
72,760000	0,081027
72,770000	0,083576
72,780000	0,079752
72,790000	0,084851
72,800000	0,082939
72,810000	0,084213
72,820000	0,081027
72,830000	0,082939
72,840000	0,081664
72,850000	0,081027
72,860000	0,080389
72,870000	0,084213
72,880000	0,081027
72,890000	0,084213
72,900000	0,082939
72,910000	0,084213
72,920000	0,085488
72,930000	0,084213
72,940000	0,081027
72,950000	0,082301
72,960000	0,082939
72,970000	0,082939
72,980000	0,081027
72,990000	0,081027
73,000000	0,084213
73,010000	0,083576
73,020000	0,081664
73,030000	0,086763
73,040000	0,081664
73,050000	0,080389
73,060000	0,083576
73,070000	0,080389
73,080000	0,086126
73,090000	0,081664
73,100000	0,082301
73,110000	0,085488
73,120000	0,082301
73,130000	0,081664
73,140000	0,081664
73,150000	0,081027
73,160000	0,083576
73,170000	0,082939
73,180000	0,085488
73,190000	0,085488
73,200000	0,082939
73,210000	0,082301
73,220000	0,085488
73,230000	0,082301
73,240000	0,083576
73,250000	0,084213
73,260000	0,083576
73,270000	0,084213
73,280000	0,083576
73,290000	0,084851
73,300000	0,083576
73,310000	0,084213
73,320000	0,079752
73,330000	0,081664
73,340000	0,085488
73,350000	0,081027
73,360000	0,084213
73,370000	0,081664
73,380000	0,082939
73,390000	0,082301
73,400000	0,084213
73,410000	0,084851
73,420000	0,083576
73,430000	0,083576
73,440000	0,082939
73,450000	0,086126
73,460000	0,084213
73,470000	0,079114
73,480000	0,084213
73,490000	0,079114
73,500000	0,079752
73,510000	0,078477
73,520000	0,082939
73,530000	0,081664
73,540000	0,084213
73,550000	0,081664
73,560000	0,082939
73,570000	0,082939
73,580000	0,086763
73,590000	0,081664
73,600000	0,083576
73,610000	0,084213
73,620000	0,083576
73,630000	0,081027
73,640000	0,083576
73,650000	0,086126
73,660000	0,082939
73,670000	0,086763
73,680000	0,082301
73,690000	0,083576
73,700000	0,086126
73,710000	0,084851
73,720000	0,082301
73,730000	0,081664
73,740000	0,084213
73,750000	0,081664
73,760000	0,085488
73,770000	0,086763
73,780000	0,083576
73,790000	0,082301
73,800000	0,080389
73,810000	0,084213
73,820000	0,083576
73,830000	0,082301
73,840000	0,081027
73,850000	0,086126
73,860000	0,084851
73,870000	0,084851
73,880000	0,082939
73,890000	0,084851
73,900000	0,082301
73,910000	0,081664
73,920000	0,083576
73,930000	0,081664
73,940000	0,082939
73,950000	0,084851
73,960000	0,082301
73,970000	0,082301
73,980000	0,082301
73,990000	0,081664
74,000000	0,082939
74,010000	0,077840
74,020000	0,084851
74,030000	0,079114
74,040000	0,081664
74,050000	0,081664
74,060000	0,083576
74,070000	0,082301
74,080000	0,081664
74,090000	0,083576
74,100000	0,082301
74,110000	0,084213
74,120000	0,084851
74,130000	0,084851
74,140000	0,081664
74,150000	0,082939
74,160000	0,083576
74,170000	0,084213
74,180000	0,081664
74,190000	0,088038
74,200000	0,082301
74,210000	0,083576
74,220000	0,082939
74,230000	0,088675
74,240000	0,086763
74,250000	0,081664
74,260000	0,083576
74,270000	0,081664
74,280000	0,085488
74,290000	0,084851
74,300000	0,084851
74,310000	0,085488
74,320000	0,084213
74,330000	0,084213
74,340000	0,082301
74,350000	0,081027
74,360000	0,084213
74,370000	0,084851
74,380000	0,085488
74,390000	0,086763
74,400000	0,084213
74,410000	0,087400
74,420000	0,082939
74,430000	0,082301
74,440000	0,082939
74,450000	0,088038
74,460000	0,081664
74,470000	0,084213
74,480000	0,082939
74,490000	0,083576
74,500000	0,084851
74,510000	0,086763
74,520000	0,088675
74,530000	0,084213
74,540000	0,085488
74,550000	0,084213
74,560000	0,084213
74,570000	0,086126
74,580000	0,085488
74,590000	0,084213
74,600000	0,083576
74,610000	0,082939
74,620000	0,086126
74,630000	0,086126
74,640000	0,084213
74,650000	0,085488
74,660000	0,082939
74,670000	0,082939
74,680000	0,084213
74,690000	0,085488
74,700000	0,086763
74,710000	0,082939
74,720000	0,085488
74,730000	0,084213
74,740000	0,081664
74,750000	0,085488
74,760000	0,084213
74,770000	0,087400
74,780000	0,083576
74,790000	0,084213
74,800000	0,084851
74,810000	0,083576
74,820000	0,084213
74,830000	0,086763
74,840000	0,086763
74,850000	0,086763
74,860000	0,082301
74,870000	0,084213
74,880000	0,085488
74,890000	0,084213
74,900000	0,080389
74,910000	0,084851
74,920000	0,084213
74,930000	0,086763
74,940000	0,084213
74,950000	0,087400
74,960000	0,086763
74,970000	0,086763
74,980000	0,084851
74,990000	0,086126
75,000000	0,086126
75,010000	0,087400
75,020000	0,084851
75,030000	0,087400
75,040000	0,084213
75,050000	0,083576
75,060000	0,086126
75,070000	0,086126
75,080000	0,085488
75,090000	0,084851
75,100000	0,086126
75,110000	0,082939
75,120000	0,082301
75,130000	0,084851
75,140000	0,084213
75,150000	0,083576
75,160000	0,082301
75,170000	0,084851
75,180000	0,083576
75,190000	0,086126
75,200000	0,085488
75,210000	0,086126
75,220000	0,082301
75,230000	0,085488
75,240000	0,087400
75,250000	0,084213
75,260000	0,084213
75,270000	0,084213
75,280000	0,086763
75,290000	0,083576
75,300000	0,086763
75,310000	0,084213
75,320000	0,086763
75,330000	0,080389
75,340000	0,085488
75,350000	0,085488
75,360000	0,084213
75,370000	0,083576
75,380000	0,086763
75,390000	0,081664
75,400000	0,086763
75,410000	0,083576
75,420000	0,086126
75,430000	0,083576
75,440000	0,084213
75,450000	0,082939
75,460000	0,085488
75,470000	0,086126
75,480000	0,084213
75,490000	0,082939
75,500000	0,084213
75,510000	0,083576
75,520000	0,083576
75,530000	0,084851
75,540000	0,087400
75,550000	0,081027
75,560000	0,087400
75,570000	0,086763
75,580000	0,083576
75,590000	0,083576
75,600000	0,084851
75,610000	0,081027
75,620000	0,081664
75,630000	0,082301
75,640000	0,085488
75,650000	0,082939
75,660000	0,086126
75,670000	0,081027
75,680000	0,083576
75,690000	0,084213
75,700000	0,085488
75,710000	0,083576
75,720000	0,086763
75,730000	0,084851
75,740000	0,084851
75,750000	0,081027
75,760000	0,081664
75,770000	0,082301
75,780000	0,085488
75,790000	0,084213
75,800000	0,086126
75,810000	0,088038
75,820000	0,087400
75,830000	0,085488
75,840000	0,086126
75,850000	0,084851
75,860000	0,084851
75,870000	0,086126
75,880000	0,084851
75,890000	0,086763
75,900000	0,084213
75,910000	0,087400
75,920000	0,087400
75,930000	0,084213
75,940000	0,085488
75,950000	0,085488
75,960000	0,085488
75,970000	0,086126
75,980000	0,081027
75,990000	0,085488
76,000000	0,084213
76,010000	0,086126
76,020000	0,086763
76,030000	0,084213
76,040000	0,085488
76,050000	0,085488
76,060000	0,087400
76,070000	0,083576
76,080000	0,084213
76,090000	0,082301
76,100000	0,087400
76,110000	0,086763
76,120000	0,084213
76,130000	0,085488
76,140000	0,082939
76,150000	0,086126
76,160000	0,085488
76,170000	0,086126
76,180000	0,086126
76,190000	0,088038
76,200000	0,086126
76,210000	0,084213
76,220000	0,086126
76,230000	0,086126
76,240000	0,084213
76,250000	0,086763
76,260000	0,084213
76,270000	0,076565
76,280000	0,085488
76,290000	0,079752
76,300000	0,086126
76,310000	0,081664
76,320000	0,083576
76,330000	0,080389
76,340000	0,079114
76,350000	0,080389
76,360000	0,081664
76,370000	0,081664
76,380000	0,087400
76,390000	0,081664
76,400000	0,088675
76,410000	0,083576
76,420000	0,088038
76,430000	0,091224
76,440000	0,088038
76,450000	0,088038
76,460000	0,088675
76,470000	0,088675
76,480000	0,085488
76,490000	0,086763
76,500000	0,084213
76,510000	0,086763
76,520000	0,086126
76,530000	0,084851
76,540000	0,082939
76,550000	0,088038
76,560000	0,084851
76,570000	0,086126
76,580000	0,084213
76,590000	0,085488
76,600000	0,084851
76,610000	0,086126
76,620000	0,083576
76,630000	0,083576
76,640000	0,084851
76,650000	0,087400
76,660000	0,086126
76,670000	0,083576
76,680000	0,084851
76,690000	0,084851
76,700000	0,086763
76,710000	0,087400
76,720000	0,093137
76,730000	0,085488
76,740000	0,089312
76,750000	0,091862
76,760000	0,085488
76,770000	0,088038
76,780000	0,089312
76,790000	0,090587
76,800000	0,089312
76,810000	0,084851
76,820000	0,086763
76,830000	0,092499
76,840000	0,085488
76,850000	0,085488
76,860000	0,089312
76,870000	0,090587
76,880000	0,086763
76,890000	0,086126
76,900000	0,083576
76,910000	0,085488
76,920000	0,084213
76,930000	0,087400
76,940000	0,083576
76,950000	0,084851
76,960000	0,084213
76,970000	0,086126
76,980000	0,085488
76,990000	0,085488
77,000000	0,088038
77,010000	0,084851
77,020000	0,088038
77,030000	0,090587
77,040000	0,088038
77,050000	0,089312
77,060000	0,088675
77,070000	0,084213
77,080000	0,089312
77,090000	0,088675
77,100000	0,087400
77,110000	0,086763
77,120000	0,088038
77,130000	0,086763
77,140000	0,084213
77,150000	0,089312
77,160000	0,088675
77,170000	0,086126
77,180000	0,086763
77,190000	0,086126
77,200000	0,086763
77,210000	0,085488
77,220000	0,084213
77,230000	0,087400
77,240000	0,087400
77,250000	0,086126
77,260000	0,084851
77,270000	0,082939
77,280000	0,083576
77,290000	0,086126
77,300000	0,082939
77,310000	0,080389
77,320000	0,083576
77,330000	0,081664
77,340000	0,087400
77,350000	0,085488
77,360000	0,086763
77,370000	0,086763
77,380000	0,085488
77,390000	0,086126
77,400000	0,086763
77,410000	0,084213
77,420000	0,086126
77,430000	0,079752
77,440000	0,082301
77,450000	0,079114
77,460000	0,083576
77,470000	0,088675
77,480000	0,084213
77,490000	0,094411
77,500000	0,085488
77,510000	0,096323
77,520000	0,091862
77,530000	0,091224
77,540000	0,091224
77,550000	0,089312
77,560000	0,076565
77,570000	0,085488
77,580000	0,075928
77,590000	0,088675
77,600000	0,081027
77,610000	0,087400
77,620000	0,082939
77,630000	0,096323
77,640000	0,095049
77,650000	0,104609
77,660000	0,093774
77,670000	0,102060
77,680000	0,091224
77,690000	0,091862
77,700000	0,088038
77,710000	0,088038
77,720000	0,081664
77,730000	0,080389
77,740000	0,082301
77,750000	0,083576
77,760000	0,075928
77,770000	0,089312
77,780000	0,084213
77,790000	0,086763
77,800000	0,088038
77,810000	0,089312
77,820000	0,089312
77,830000	0,085488
77,840000	0,088675
77,850000	0,084851
77,860000	0,083576
77,870000	0,086126
77,880000	0,087400
77,890000	0,088675
77,900000	0,091224
77,910000	0,086763
77,920000	0,091224
77,930000	0,090587
77,940000	0,089312
77,950000	0,088038
77,960000	0,086126
77,970000	0,084213
77,980000	0,089312
77,990000	0,091224
78,000000	0,084213
78,010000	0,086126
78,020000	0,086763
78,030000	0,091224
78,040000	0,083576
78,050000	0,087400
78,060000	0,091862
78,070000	0,089950
78,080000	0,076565
78,090000	0,085488
78,100000	0,072741
78,110000	0,087400
78,120000	0,078477
78,130000	0,079752
78,140000	0,077202
78,150000	0,087400
78,160000	0,080389
78,170000	0,093774
78,180000	0,086763
78,190000	0,090587
78,200000	0,087400
78,210000	0,089312
78,220000	0,089312
78,230000	0,089950
78,240000	0,090587
78,250000	0,086763
78,260000	0,086763
78,270000	0,084213
78,280000	0,088675
78,290000	0,086126
78,300000	0,088675
78,310000	0,088038
78,320000	0,089950
78,330000	0,089312
78,340000	0,087400
78,350000	0,091224
78,360000	0,085488
78,370000	0,085488
78,380000	0,087400
78,390000	0,087400
78,400000	0,086126
78,410000	0,088675
78,420000	0,086763
78,430000	0,088675
78,440000	0,087400
78,450000	0,087400
78,460000	0,089950
78,470000	0,093137
78,480000	0,085488
78,490000	0,091862
78,500000	0,085488
78,510000	0,089312
78,520000	0,083576
78,530000	0,088675
78,540000	0,083576
78,550000	0,086126
78,560000	0,086763
78,570000	0,086763
78,580000	0,086763
78,590000	0,093137
78,600000	0,090587
78,610000	0,091224
78,620000	0,089312
78,630000	0,096961
78,640000	0,089950
78,650000	0,088038
78,660000	0,088038
78,670000	0,086126
78,680000	0,086126
78,690000	0,084851
78,700000	0,089312
78,710000	0,089312
78,720000	0,090587
78,730000	0,092499
78,740000	0,092499
78,750000	0,094411
78,760000	0,096961
78,770000	0,091862
78,780000	0,093774
78,790000	0,091224
78,800000	0,090587
78,810000	0,086763
78,820000	0,084213
78,830000	0,082939
78,840000	0,088038
78,850000	0,082939
78,860000	0,090587
78,870000	0,105884
78,880000	0,089312
78,890000	0,102060
78,900000	0,091224
78,910000	0,101422
78,920000	0,085488
78,930000	0,089950
78,940000	0,088038
78,950000	0,082301
78,960000	0,074653
78,970000	0,085488
78,980000	0,071466
78,990000	0,082939
79,000000	0,076565
79,010000	0,091224
79,020000	0,084213
79,030000	0,089312
79,040000	0,088675
79,050000	0,093137
79,060000	0,089950
79,070000	0,093774
79,080000	0,086126
79,090000	0,091224
79,100000	0,078477
79,110000	0,087400
79,120000	0,084851
79,130000	0,089950
79,140000	0,092499
79,150000	0,090587
79,160000	0,091862
79,170000	0,089312
79,180000	0,082939
79,190000	0,087400
79,200000	0,087400
79,210000	0,087400
79,220000	0,086126
79,230000	0,084851
79,240000	0,088038
79,250000	0,096323
79,260000	0,088038
79,270000	0,096961
79,280000	0,090587
79,290000	0,091224
79,300000	0,095686
79,310000	0,087400
79,320000	0,082939
79,330000	0,086763
79,340000	0,079752
79,350000	0,084851
79,360000	0,085488
79,370000	0,086763
79,380000	0,092499
79,390000	0,086126
79,400000	0,091862
79,410000	0,098235
79,420000	0,088675
79,430000	0,108433
79,440000	0,093774
79,450000	0,081664
79,460000	0,093137
79,470000	0,096961
79,480000	0,091862
79,490000	0,087400
79,500000	0,075928
79,510000	0,086126
79,520000	0,087400
79,530000	0,083576
79,540000	0,090587
79,550000	0,090587
79,560000	0,088038
79,570000	0,086763
79,580000	0,087400
79,590000	0,089312
79,600000	0,089312
79,610000	0,089312
79,620000	0,093774
79,630000	0,089312
79,640000	0,086126
79,650000	0,086763
79,660000	0,086763
79,670000	0,091224
79,680000	0,089950
79,690000	0,090587
79,700000	0,087400
79,710000	0,087400
79,720000	0,092499
79,730000	0,084851
79,740000	0,086126
79,750000	0,085488
79,760000	0,085488
79,770000	0,085488
79,780000	0,084851
79,790000	0,086763
79,800000	0,089312
79,810000	0,087400
79,820000	0,087400
79,830000	0,094411
79,840000	0,088675
79,850000	0,095049
79,860000	0,088675
79,870000	0,091224
79,880000	0,083576
79,890000	0,088675
79,900000	0,086763
79,910000	0,087400
79,920000	0,086763
79,930000	0,087400
79,940000	0,082939
79,950000	0,085488
79,960000	0,091862
79,970000	0,082939
79,980000	0,090587
79,990000	0,086126
80,000000	0,086763
80,010000	0,087400
80,020000	0,085488
80,030000	0,082301
80,040000	0,081027
80,050000	0,077202
80,060000	0,085488
80,070000	0,078477
80,080000	0,091862
80,090000	0,095686
80,100000	0,092499
80,110000	0,089312
80,120000	0,089950
80,130000	0,087400
80,140000	0,098873
80,150000	0,086126
80,160000	0,066367
80,170000	0,088038
80,180000	0,067005
80,190000	0,085488
80,200000	0,072103
80,210000	0,093137
80,220000	0,082301
80,230000	0,086126
80,240000	0,098235
80,250000	0,099510
80,260000	0,096961
80,270000	0,114170
80,280000	0,094411
80,290000	0,096961
80,300000	0,086763
80,310000	0,103334
80,320000	0,089950
80,330000	0,090587
80,340000	0,086126
80,350000	0,095686
80,360000	0,084851
80,370000	0,094411
80,380000	0,092499
80,390000	0,098873
80,400000	0,082301
80,410000	0,095686
80,420000	0,084851
80,430000	0,084213
80,440000	0,084213
80,450000	0,084213
80,460000	0,086763
80,470000	0,096323
80,480000	0,092499
80,490000	0,082939
80,500000	0,087400
80,510000	0,093774
80,520000	0,091224
80,530000	0,093774
80,540000	0,094411
80,550000	0,084851
80,560000	0,079752
80,570000	0,085488
80,580000	0,081664
80,590000	0,086763
80,600000	0,093774
80,610000	0,089312
80,620000	0,102060
80,630000	0,095049
80,640000	0,094411
80,650000	0,097598
80,660000	0,093774
80,670000	0,077840
80,680000	0,088038
80,690000	0,092499
80,700000	0,083576
80,710000	0,070829
80,720000	0,086763
80,730000	0,074016
80,740000	0,083576
80,750000	0,094411
80,760000	0,102697
80,770000	0,092499
80,780000	0,101422
80,790000	0,094411
80,800000	0,103972
80,810000	0,086763
80,820000	0,093774
80,830000	0,095686
80,840000	0,087400
80,850000	0,091224
80,860000	0,080389
80,870000	0,091862
80,880000	0,083576
80,890000	0,093137
80,900000	0,089950
80,910000	0,090587
80,920000	0,092499
80,930000	0,093137
80,940000	0,087400
80,950000	0,090587
80,960000	0,089312
80,970000	0,089312
80,980000	0,089312
80,990000	0,088675
81,000000	0,091862
81,010000	0,089312
81,020000	0,089950
81,030000	0,091862
81,040000	0,089312
81,050000	0,089950
81,060000	0,091862
81,070000	0,091862
81,080000	0,088675
81,090000	0,089312
81,100000	0,093137
81,110000	0,091224
81,120000	0,084213
81,130000	0,095686
81,140000	0,085488
81,150000	0,091862
81,160000	0,090587
81,170000	0,089312
81,180000	0,090587
81,190000	0,095049
81,200000	0,096961
81,210000	0,098873
81,220000	0,093137
81,230000	0,093137
81,240000	0,094411
81,250000	0,086763
81,260000	0,092499
81,270000	0,086126
81,280000	0,091224
81,290000	0,090587
81,300000	0,096323
81,310000	0,093774
81,320000	0,093774
81,330000	0,098235
81,340000	0,102060
81,350000	0,094411
81,360000	0,101422
81,370000	0,085488
81,380000	0,100148
81,390000	0,092499
81,400000	0,089312
81,410000	0,091224
81,420000	0,091862
81,430000	0,077840
81,440000	0,096323
81,450000	0,115444
81,460000	0,092499
81,470000	0,109071
81,480000	0,092499
81,490000	0,105246
81,500000	0,085488
81,510000	0,089312
81,520000	0,089312
81,530000	0,082939
81,540000	0,082939
81,550000	0,089950
81,560000	0,052982
81,570000	0,091224
81,580000	0,082939
81,590000	0,086126
81,600000	0,082301
81,610000	0,082939
81,620000	0,084851
81,630000	0,096323
81,640000	0,081664
81,650000	0,098873
81,660000	0,086763
81,670000	0,099510
81,680000	0,080389
81,690000	0,092499
81,700000	0,085488
81,710000	0,095686
81,720000	0,096961
81,730000	0,083576
81,740000	0,095049
81,750000	0,083576
81,760000	0,088038
81,770000	0,086763
81,780000	0,089312
81,790000	0,089950
81,800000	0,089312
81,810000	0,093137
81,820000	0,098235
81,830000	0,091862
81,840000	0,090587
81,850000	0,093137
81,860000	0,079114
81,870000	0,091224
81,880000	0,082939
81,890000	0,086126
81,900000	0,091224
81,910000	0,081664
81,920000	0,091224
81,930000	0,112895
81,940000	0,089950
81,950000	0,105246
81,960000	0,093774
81,970000	0,107796
81,980000	0,097598
81,990000	0,109708
82,000000	0,093774
82,010000	0,091224
82,020000	0,082301
82,030000	0,098235
82,040000	0,075290
82,050000	0,089312
82,060000	0,087400
82,070000	0,091862
82,080000	0,083576
82,090000	0,095686
82,100000	0,096961
82,110000	0,091224
82,120000	0,094411
82,130000	0,093774
82,140000	0,097598
82,150000	0,093774
82,160000	0,089950
82,170000	0,092499
82,180000	0,091224
82,190000	0,088675
82,200000	0,089312
82,210000	0,091224
82,220000	0,089312
82,230000	0,088038
82,240000	0,091224
82,250000	0,088038
82,260000	0,091224
82,270000	0,095049
82,280000	0,090587
82,290000	0,095686
82,300000	0,090587
82,310000	0,095049
82,320000	0,085488
82,330000	0,087400
82,340000	0,086126
82,350000	0,092499
82,360000	0,089950
82,370000	0,093774
82,380000	0,085488
82,390000	0,091224
82,400000	0,094411
82,410000	0,095686
82,420000	0,091862
82,430000	0,096961
82,440000	0,091224
82,450000	0,095686
82,460000	0,090587
82,470000	0,091224
82,480000	0,093137
82,490000	0,088038
82,500000	0,089312
82,510000	0,090587
82,520000	0,085488
82,530000	0,092499
82,540000	0,091862
82,550000	0,091862
82,560000	0,093137
82,570000	0,086126
82,580000	0,089312
82,590000	0,091862
82,600000	0,088675
82,610000	0,086126
82,620000	0,088675
82,630000	0,079114
82,640000	0,090587
82,650000	0,086763
82,660000	0,093137
82,670000	0,097598
82,680000	0,096961
82,690000	0,091224
82,700000	0,093137
82,710000	0,091862
82,720000	0,105246
82,730000	0,091862
82,740000	0,076565
82,750000	0,091862
82,760000	0,076565
82,770000	0,089312
82,780000	0,081027
82,790000	0,102060
82,800000	0,088675
82,810000	0,091224
82,820000	0,098235
82,830000	0,103334
82,840000	0,095686
82,850000	0,121818
82,860000	0,098235
82,870000	0,095686
82,880000	0,096961
82,890000	0,109071
82,900000	0,102697
82,910000	0,100148
82,920000	0,089312
82,930000	0,099510
82,940000	0,082939
82,950000	0,103334
82,960000	0,089312
82,970000	0,096323
82,980000	0,091224
82,990000	0,092499
83,000000	0,089950
83,010000	0,096961
83,020000	0,086763
83,030000	0,095049
83,040000	0,093137
83,050000	0,096961
83,060000	0,093137
83,070000	0,095049
83,080000	0,087400
83,090000	0,090587
83,100000	0,100148
83,110000	0,093137
83,120000	0,085488
83,130000	0,098235
83,140000	0,086126
83,150000	0,091224
83,160000	0,096323
83,170000	0,104609
83,180000	0,094411
83,190000	0,089312
83,200000	0,097598
83,210000	0,086126
83,220000	0,084851
83,230000	0,070829
83,240000	0,085488
83,250000	0,081664
83,260000	0,079114
83,270000	0,089312
83,280000	0,089312
83,290000	0,096323
83,300000	0,104609
83,310000	0,095686
83,320000	0,102060
83,330000	0,095686
83,340000	0,088675
83,350000	0,102697
83,360000	0,088038
83,370000	0,094411
83,380000	0,083576
83,390000	0,093137
83,400000	0,082301
83,410000	0,091224
83,420000	0,090587
83,430000	0,089312
83,440000	0,096961
83,450000	0,094411
83,460000	0,090587
83,470000	0,095686
83,480000	0,096961
83,490000	0,097598
83,500000	0,095049
83,510000	0,089950
83,520000	0,092499
83,530000	0,093774
83,540000	0,088675
83,550000	0,093137
83,560000	0,093137
83,570000	0,091224
83,580000	0,093137
83,590000	0,092499
83,600000	0,095686
83,610000	0,097598
83,620000	0,095049
83,630000	0,095686
83,640000	0,093774
83,650000	0,093774
83,660000	0,091224
83,670000	0,093774
83,680000	0,092499
83,690000	0,093137
83,700000	0,090587
83,710000	0,094411
83,720000	0,089312
83,730000	0,093137
83,740000	0,089950
83,750000	0,096961
83,760000	0,095686
83,770000	0,093774
83,780000	0,093774
83,790000	0,098873
83,800000	0,094411
83,810000	0,100785
83,820000	0,095686
83,830000	0,092499
83,840000	0,093774
83,850000	0,089312
83,860000	0,100148
83,870000	0,094411
83,880000	0,096961
83,890000	0,093774
83,900000	0,102060
83,910000	0,095686
83,920000	0,108433
83,930000	0,097598
83,940000	0,103334
83,950000	0,094411
83,960000	0,085488
83,970000	0,090587
83,980000	0,091224
83,990000	0,096961
84,000000	0,090587
84,010000	0,080389
84,020000	0,095686
84,030000	0,107796
84,040000	0,097598
84,050000	0,115444
84,060000	0,089312
84,070000	0,108433
84,080000	0,089950
84,090000	0,096961
84,100000	0,093137
84,110000	0,087400
84,120000	0,082301
84,130000	0,088038
84,140000	0,058081
84,150000	0,086763
84,160000	0,082301
84,170000	0,097598
84,180000	0,079114
84,190000	0,090587
84,200000	0,083576
84,210000	0,092499
84,220000	0,084213
84,230000	0,105884
84,240000	0,088038
84,250000	0,103334
84,260000	0,082301
84,270000	0,088038
84,280000	0,093774
84,290000	0,093137
84,300000	0,097598
84,310000	0,098873
84,320000	0,089950
84,330000	0,100785
84,340000	0,104609
84,350000	0,095686
84,360000	0,105884
84,370000	0,091224
84,380000	0,104609
84,390000	0,096323
84,400000	0,100785
84,410000	0,095686
84,420000	0,091224
84,430000	0,086126
84,440000	0,093137
84,450000	0,082301
84,460000	0,095686
84,470000	0,111620
84,480000	0,094411
84,490000	0,096323
84,500000	0,096961
84,510000	0,100148
84,520000	0,114807
84,530000	0,098873
84,540000	0,085488
84,550000	0,098873
84,560000	0,083576
84,570000	0,094411
84,580000	0,093774
84,590000	0,093774
84,600000	0,090587
84,610000	0,086763
84,620000	0,101422
84,630000	0,090587
84,640000	0,091862
84,650000	0,093137
84,660000	0,102697
84,670000	0,092499
84,680000	0,095686
84,690000	0,093774
84,700000	0,098235
84,710000	0,096961
84,720000	0,098235
84,730000	0,099510
84,740000	0,093774
84,750000	0,096323
84,760000	0,096323
84,770000	0,093774
84,780000	0,098235
84,790000	0,093774
84,800000	0,096323
84,810000	0,095686
84,820000	0,096961
84,830000	0,093774
84,840000	0,095686
84,850000	0,095686
84,860000	0,098235
84,870000	0,095686
84,880000	0,095686
84,890000	0,096961
84,900000	0,088038
84,910000	0,095049
84,920000	0,091862
84,930000	0,094411
84,940000	0,095049
84,950000	0,091862
84,960000	0,096961
84,970000	0,098873
84,980000	0,096961
84,990000	0,098873
85,000000	0,093774
85,010000	0,102697
85,020000	0,095049
85,030000	0,096961
85,040000	0,096961
85,050000	0,089312
85,060000	0,096961
85,070000	0,093137
85,080000	0,090587
85,090000	0,096323
85,100000	0,089312
85,110000	0,094411
85,120000	0,102060
85,130000	0,095686
85,140000	0,098235
85,150000	0,095049
85,160000	0,088675
85,170000	0,094411
85,180000	0,088675
85,190000	0,089950
85,200000	0,092499
85,210000	0,086126
85,220000	0,092499
85,230000	0,089312
85,240000	0,094411
85,250000	0,105884
85,260000	0,098235
85,270000	0,095686
85,280000	0,096961
85,290000	0,093137
85,300000	0,107796
85,310000	0,089312
85,320000	0,078477
85,330000	0,092499
85,340000	0,074016
85,350000	0,100785
85,360000	0,079114
85,370000	0,108433
85,380000	0,091862
85,390000	0,100148
85,400000	0,096323
85,410000	0,109071
85,420000	0,105884
85,430000	0,132653
85,440000	0,104609
85,450000	0,087400
85,460000	0,092499
85,470000	0,109708
85,480000	0,095049
85,490000	0,108433
85,500000	0,097598
85,510000	0,109708
85,520000	0,085488
85,530000	0,105246
85,540000	0,091224
85,550000	0,109071
85,560000	0,092499
85,570000	0,100785
85,580000	0,100148
85,590000	0,092499
85,600000	0,091862
85,610000	0,099510
85,620000	0,086126
85,630000	0,095686
85,640000	0,080389
85,650000	0,088038
85,660000	0,094411
85,670000	0,086763
85,680000	0,093137
85,690000	0,114807
85,700000	0,098235
85,710000	0,086126
85,720000	0,101422
85,730000	0,101422
85,740000	0,096323
85,750000	0,098235
85,760000	0,096961
85,770000	0,094411
85,780000	0,082939
85,790000	0,093137
85,800000	0,072741
85,810000	0,092499
85,820000	0,078477
85,830000	0,092499
85,840000	0,091862
85,850000	0,107159
85,860000	0,097598
85,870000	0,110345
85,880000	0,101422
85,890000	0,101422
85,900000	0,092499
85,910000	0,096323
85,920000	0,093774
85,930000	0,100785
85,940000	0,097598
85,950000	0,101422
85,960000	0,095686
85,970000	0,093774
85,980000	0,096961
85,990000	0,096323
86,000000	0,093137
86,010000	0,095686
86,020000	0,095049
86,030000	0,096323
86,040000	0,096961
86,050000	0,096323
86,060000	0,099510
86,070000	0,092499
86,080000	0,098873
86,090000	0,097598
86,100000	0,100148
86,110000	0,093774
86,120000	0,098873
86,130000	0,098873
86,140000	0,095686
86,150000	0,096323
86,160000	0,098235
86,170000	0,096323
86,180000	0,094411
86,190000	0,098873
86,200000	0,097598
86,210000	0,099510
86,220000	0,097598
86,230000	0,099510
86,240000	0,097598
86,250000	0,100785
86,260000	0,096323
86,270000	0,097598
86,280000	0,091862
86,290000	0,100148
86,300000	0,098235
86,310000	0,093774
86,320000	0,098873
86,330000	0,095049
86,340000	0,106521
86,350000	0,099510
86,360000	0,100148
86,370000	0,103972
86,380000	0,096323
86,390000	0,102697
86,400000	0,095686
86,410000	0,094411
86,420000	0,096323
86,430000	0,095049
86,440000	0,102060
86,450000	0,099510
86,460000	0,102060
86,470000	0,103972
86,480000	0,107796
86,490000	0,102697
86,500000	0,112258
86,510000	0,099510
86,520000	0,101422
86,530000	0,096961
86,540000	0,079114
86,550000	0,093137
86,560000	0,095686
86,570000	0,104609
86,580000	0,100785
86,590000	0,083576
86,600000	0,102697
86,610000	0,114807
86,620000	0,101422
86,630000	0,122455
86,640000	0,103972
86,650000	0,117994
86,660000	0,090587
86,670000	0,098873
86,680000	0,088675
86,690000	0,093774
86,700000	0,080389
86,710000	0,096961
86,720000	0,061906
86,730000	0,088038
86,740000	0,105246
86,750000	0,109708
86,760000	0,096961
86,770000	0,099510
86,780000	0,086763
86,790000	0,093774
86,800000	0,086763
86,810000	0,109708
86,820000	0,086763
86,830000	0,100148
86,840000	0,075928
86,850000	0,096961
86,860000	0,093774
86,870000	0,096961
86,880000	0,113532
86,890000	0,104609
86,900000	0,098873
86,910000	0,108433
86,920000	0,102060
86,930000	0,112258
86,940000	0,094411
86,950000	0,086126
86,960000	0,098873
86,970000	0,088038
86,980000	0,090587
86,990000	0,096961
87,000000	0,095049
87,010000	0,102697
87,020000	0,113532
87,030000	0,101422
87,040000	0,128829
87,050000	0,093137
87,060000	0,128192
87,070000	0,100148
87,080000	0,110983
87,090000	0,105246
87,100000	0,103972
87,110000	0,112258
87,120000	0,091224
87,130000	0,081664
87,140000	0,095049
87,150000	0,099510
87,160000	0,101422
87,170000	0,088038
87,180000	0,109708
87,190000	0,098873
87,200000	0,095686
87,210000	0,100785
87,220000	0,096961
87,230000	0,105884
87,240000	0,101422
87,250000	0,114170
87,260000	0,105246
87,270000	0,096961
87,280000	0,101422
87,290000	0,096961
87,300000	0,101422
87,310000	0,101422
87,320000	0,094411
87,330000	0,098235
87,340000	0,095049
87,350000	0,102060
87,360000	0,096323
87,370000	0,100785
87,380000	0,102697
87,390000	0,102060
87,400000	0,100148
87,410000	0,098235
87,420000	0,098873
87,430000	0,100785
87,440000	0,102060
87,450000	0,096961
87,460000	0,099510
87,470000	0,093774
87,480000	0,093137
87,490000	0,097598
87,500000	0,097598
87,510000	0,098235
87,520000	0,102060
87,530000	0,099510
87,540000	0,101422
87,550000	0,098235
87,560000	0,098873
87,570000	0,102697
87,580000	0,100785
87,590000	0,103972
87,600000	0,096323
87,610000	0,098873
87,620000	0,098235
87,630000	0,092499
87,640000	0,096961
87,650000	0,096961
87,660000	0,093774
87,670000	0,101422
87,680000	0,096961
87,690000	0,101422
87,700000	0,098873
87,710000	0,097598
87,720000	0,104609
87,730000	0,096961
87,740000	0,100148
87,750000	0,091862
87,760000	0,093137
87,770000	0,091862
87,780000	0,095686
87,790000	0,083576
87,800000	0,093774
87,810000	0,102060
87,820000	0,103334
87,830000	0,117356
87,840000	0,102060
87,850000	0,101422
87,860000	0,098873
87,870000	0,094411
87,880000	0,111620
87,890000	0,093774
87,900000	0,071466
87,910000	0,091862
87,920000	0,075928
87,930000	0,099510
87,940000	0,081027
87,950000	0,105884
87,960000	0,109708
87,970000	0,096323
87,980000	0,108433
87,990000	0,119269
88,000000	0,112258
88,010000	0,135203
88,020000	0,097598
88,030000	0,092499
88,040000	0,093774
88,050000	0,096323
88,060000	0,104609
88,070000	0,116719
88,080000	0,093137
88,090000	0,114807
88,100000	0,100785
88,110000	0,110345
88,120000	0,098873
88,130000	0,119906
88,140000	0,112258
88,150000	0,109071
88,160000	0,096323
88,170000	0,093774
88,180000	0,096323
88,190000	0,098873
88,200000	0,090587
88,210000	0,095686
88,220000	0,097598
88,230000	0,092499
88,240000	0,098873
88,250000	0,112258
88,260000	0,112895
88,270000	0,099510
88,280000	0,114170
88,290000	0,107159
88,300000	0,075290
88,310000	0,097598
88,320000	0,070191
88,330000	0,091862
88,340000	0,083576
88,350000	0,096323
88,360000	0,103972
88,370000	0,096961
88,380000	0,103334
88,390000	0,112258
88,400000	0,101422
88,410000	0,117356
88,420000	0,105884
88,430000	0,112895
88,440000	0,091862
88,450000	0,106521
88,460000	0,104609
88,470000	0,090587
88,480000	0,102697
88,490000	0,086126
88,500000	0,098873
88,510000	0,098235
88,520000	0,096961
88,530000	0,103972
88,540000	0,103972
88,550000	0,099510
88,560000	0,105884
88,570000	0,101422
88,580000	0,104609
88,590000	0,100148
88,600000	0,104609
88,610000	0,098873
88,620000	0,103972
88,630000	0,104609
88,640000	0,102697
88,650000	0,097598
88,660000	0,099510
88,670000	0,103334
88,680000	0,101422
88,690000	0,098873
88,700000	0,099510
88,710000	0,102060
88,720000	0,100148
88,730000	0,098873
88,740000	0,102060
88,750000	0,098873
88,760000	0,103972
88,770000	0,109071
88,780000	0,102697
88,790000	0,096323
88,800000	0,100785
88,810000	0,100785
88,820000	0,103334
88,830000	0,101422
88,840000	0,099510
88,850000	0,101422
88,860000	0,094411
88,870000	0,104609
88,880000	0,096961
88,890000	0,109071
88,900000	0,098235
88,910000	0,110345
88,920000	0,107796
88,930000	0,103972
88,940000	0,102060
88,950000	0,110983
88,960000	0,098235
88,970000	0,106521
88,980000	0,099510
88,990000	0,102697
89,000000	0,098873
89,010000	0,095686
89,020000	0,102060
89,030000	0,104609
89,040000	0,105884
89,050000	0,107796
89,060000	0,118631
89,070000	0,105884
89,080000	0,117356
89,090000	0,101422
89,100000	0,103972
89,110000	0,094411
89,120000	0,080389
89,130000	0,096961
89,140000	0,098235
89,150000	0,102060
89,160000	0,114170
89,170000	0,082301
89,180000	0,111620
89,190000	0,130104
89,200000	0,110345
89,210000	0,127554
89,220000	0,102060
89,230000	0,120543
89,240000	0,093137
89,250000	0,096961
89,260000	0,094411
89,270000	0,082939
89,280000	0,089312
89,290000	0,105884
89,300000	0,065092
89,310000	0,100785
89,320000	0,121181
89,330000	0,112895
89,340000	0,096961
89,350000	0,101422
89,360000	0,082301
89,370000	0,103334
89,380000	0,081027
89,390000	0,106521
89,400000	0,086763
89,410000	0,098235
89,420000	0,079752
89,430000	0,117994
89,440000	0,104609
89,450000	0,123093
89,460000	0,108433
89,470000	0,121181
89,480000	0,102060
89,490000	0,108433
89,500000	0,107159
89,510000	0,102060
89,520000	0,102060
89,530000	0,098873
89,540000	0,094411
89,550000	0,100148
89,560000	0,131379
89,570000	0,103334
89,580000	0,125005
89,590000	0,106521
89,600000	0,103972
89,610000	0,124367
89,620000	0,105246
89,630000	0,090587
89,640000	0,106521
89,650000	0,082301
89,660000	0,106521
89,670000	0,088675
89,680000	0,100148
89,690000	0,088675
89,700000	0,089950
89,710000	0,109708
89,720000	0,096323
89,730000	0,104609
89,740000	0,102697
89,750000	0,106521
89,760000	0,096961
89,770000	0,103972
89,780000	0,100785
89,790000	0,093137
89,800000	0,096323
89,810000	0,100148
89,820000	0,104609
89,830000	0,103334
89,840000	0,100785
89,850000	0,106521
89,860000	0,098235
89,870000	0,102060
89,880000	0,100785
89,890000	0,102697
89,900000	0,101422
89,910000	0,103334
89,920000	0,106521
89,930000	0,102697
89,940000	0,103972
89,950000	0,107796
89,960000	0,107159
89,970000	0,105246
89,980000	0,099510
89,990000	0,107159
90,000000	0,103972
90,010000	0,098873
90,020000	0,098235
90,030000	0,103334
90,040000	0,102697
90,050000	0,105884
90,060000	0,097598
90,070000	0,101422
90,080000	0,103972
90,090000	0,102697
90,100000	0,102060
90,110000	0,109708
90,120000	0,100148
90,130000	0,106521
90,140000	0,096961
90,150000	0,107159
90,160000	0,098235
90,170000	0,104609
90,180000	0,102697
90,190000	0,101422
90,200000	0,098873
90,210000	0,093137
90,220000	0,104609
90,230000	0,103972
90,240000	0,096961
90,250000	0,104609
90,260000	0,096323
90,270000	0,105884
90,280000	0,101422
90,290000	0,098873
90,300000	0,105246
90,310000	0,096323
90,320000	0,105246
90,330000	0,098873
90,340000	0,098873
90,350000	0,097598
90,360000	0,100148
90,370000	0,093774
90,380000	0,102697
90,390000	0,103334
90,400000	0,106521
90,410000	0,117994
90,420000	0,102060
90,430000	0,119906
90,440000	0,096323
90,450000	0,094411
90,460000	0,110983
90,470000	0,096323
90,480000	0,070191
90,490000	0,105246
90,500000	0,086763
90,510000	0,108433
90,520000	0,089950
90,530000	0,123093
90,540000	0,119906
90,550000	0,118631
90,560000	0,103972
90,570000	0,114807
90,580000	0,103334
90,590000	0,135840
90,600000	0,094411
90,610000	0,073378
90,620000	0,099510
90,630000	0,091224
90,640000	0,114170
90,650000	0,114807
90,660000	0,113532
90,670000	0,125005
90,680000	0,093774
90,690000	0,112258
90,700000	0,102060
90,710000	0,104609
90,720000	0,105884
90,730000	0,088675
90,740000	0,102060
90,750000	0,077202
90,760000	0,102060
90,770000	0,096961
90,780000	0,102697
90,790000	0,104609
90,800000	0,089312
90,810000	0,107796
90,820000	0,107796
90,830000	0,108433
90,840000	0,112895
90,850000	0,095686
90,860000	0,099510
90,870000	0,064455
90,880000	0,099510
90,890000	0,077202
90,900000	0,095049
90,910000	0,112258
90,920000	0,109071
90,930000	0,121181
90,940000	0,104609
90,950000	0,107796
90,960000	0,097598
90,970000	0,095049
90,980000	0,110983
90,990000	0,096961
91,000000	0,109071
91,010000	0,098235
91,020000	0,105884
91,030000	0,091224
91,040000	0,110983
91,050000	0,106521
91,060000	0,112895
91,070000	0,106521
91,080000	0,108433
91,090000	0,100148
91,100000	0,102060
91,110000	0,102060
91,120000	0,105884
91,130000	0,103972
91,140000	0,103972
91,150000	0,099510
91,160000	0,103972
91,170000	0,106521
91,180000	0,103334
91,190000	0,103334
91,200000	0,102060
91,210000	0,102060
91,220000	0,105884
91,230000	0,104609
91,240000	0,104609
91,250000	0,103972
91,260000	0,102697
91,270000	0,102697
91,280000	0,105246
91,290000	0,099510
91,300000	0,107159
91,310000	0,104609
91,320000	0,104609
91,330000	0,102697
91,340000	0,105246
91,350000	0,109708
91,360000	0,107796
91,370000	0,105884
91,380000	0,102060
91,390000	0,104609
91,400000	0,101422
91,410000	0,100785
91,420000	0,103972
91,430000	0,107159
91,440000	0,102060
91,450000	0,104609
91,460000	0,108433
91,470000	0,104609
91,480000	0,107796
91,490000	0,110983
91,500000	0,110345
91,510000	0,106521
91,520000	0,101422
91,530000	0,109708
91,540000	0,101422
91,550000	0,105884
91,560000	0,105884
91,570000	0,091862
91,580000	0,107796
91,590000	0,100148
91,600000	0,109708
91,610000	0,103334
91,620000	0,110983
91,630000	0,109708
91,640000	0,113532
91,650000	0,103334
91,660000	0,116082
91,670000	0,098873
91,680000	0,096961
91,690000	0,101422
91,700000	0,087400
91,710000	0,109708
91,720000	0,097598
91,730000	0,109071
91,740000	0,107159
91,750000	0,106521
91,760000	0,110983
91,770000	0,116719
91,780000	0,110983
91,790000	0,121181
91,800000	0,097598
91,810000	0,112895
91,820000	0,092499
91,830000	0,094411
91,840000	0,098873
91,850000	0,098873
91,860000	0,103334
91,870000	0,109071
91,880000	0,081027
91,890000	0,115444
91,900000	0,123093
91,910000	0,101422
91,920000	0,112258
91,930000	0,095049
91,940000	0,101422
91,950000	0,092499
91,960000	0,086763
91,970000	0,130104
91,980000	0,097598
91,990000	0,121181
92,000000	0,084213
92,010000	0,107159
92,020000	0,125642
92,030000	0,107159
92,040000	0,097598
92,050000	0,109071
92,060000	0,088675
92,070000	0,107159
92,080000	0,082939
92,090000	0,109071
92,100000	0,106521
92,110000	0,101422
92,120000	0,114807
92,130000	0,115444
92,140000	0,109708
92,150000	0,130104
92,160000	0,112895
92,170000	0,088675
92,180000	0,102060
92,190000	0,107796
92,200000	0,102060
92,210000	0,106521
92,220000	0,086763
92,230000	0,105884
92,240000	0,100785
92,250000	0,100785
92,260000	0,098235
92,270000	0,112258
92,280000	0,102697
92,290000	0,112895
92,300000	0,104609
92,310000	0,107796
92,320000	0,103334
92,330000	0,100148
92,340000	0,117356
92,350000	0,110345
92,360000	0,103334
92,370000	0,104609
92,380000	0,104609
92,390000	0,105884
92,400000	0,106521
92,410000	0,109071
92,420000	0,110345
92,430000	0,108433
92,440000	0,106521
92,450000	0,103334
92,460000	0,102060
92,470000	0,109071
92,480000	0,105884
92,490000	0,104609
92,500000	0,110983
92,510000	0,103972
92,520000	0,107796
92,530000	0,107796
92,540000	0,107159
92,550000	0,108433
92,560000	0,108433
92,570000	0,112258
92,580000	0,104609
92,590000	0,105246
92,600000	0,106521
92,610000	0,105884
92,620000	0,106521
92,630000	0,107796
92,640000	0,102060
92,650000	0,109708
92,660000	0,107796
92,670000	0,108433
92,680000	0,106521
92,690000	0,105246
92,700000	0,111620
92,710000	0,112895
92,720000	0,105884
92,730000	0,106521
92,740000	0,107159
92,750000	0,101422
92,760000	0,103334
92,770000	0,100785
92,780000	0,104609
92,790000	0,095049
92,800000	0,109708
92,810000	0,107159
92,820000	0,111620
92,830000	0,108433
92,840000	0,102697
92,850000	0,109708
92,860000	0,105246
92,870000	0,105884
92,880000	0,109071
92,890000	0,104609
92,900000	0,105884
92,910000	0,098235
92,920000	0,103334
92,930000	0,085488
92,940000	0,105246
92,950000	0,095686
92,960000	0,107159
92,970000	0,128829
92,980000	0,112258
92,990000	0,131379
93,000000	0,104609
93,010000	0,109071
93,020000	0,098873
93,030000	0,098873
93,040000	0,114807
93,050000	0,103334
93,060000	0,082301
93,070000	0,105246
93,080000	0,087400
93,090000	0,112258
93,100000	0,113532
93,110000	0,118631
93,120000	0,113532
93,130000	0,119906
93,140000	0,105884
93,150000	0,132653
93,160000	0,096323
93,170000	0,132653
93,180000	0,107159
93,190000	0,082301
93,200000	0,105884
93,210000	0,086763
93,220000	0,126280
93,230000	0,117994
93,240000	0,117356
93,250000	0,126280
93,260000	0,090587
93,270000	0,114807
93,280000	0,088675
93,290000	0,124367
93,300000	0,098873
93,310000	0,103334
93,320000	0,131379
93,330000	0,103972
93,340000	0,112258
93,350000	0,105246
93,360000	0,111620
93,370000	0,106521
93,380000	0,103972
93,390000	0,085488
93,400000	0,099510
93,410000	0,111620
93,420000	0,100785
93,430000	0,075928
93,440000	0,102060
93,450000	0,100785
93,460000	0,093774
93,470000	0,101422
93,480000	0,126280
93,490000	0,111620
93,500000	0,124367
93,510000	0,117356
93,520000	0,114170
93,530000	0,102060
93,540000	0,107159
93,550000	0,112258
93,560000	0,102697
93,570000	0,110983
93,580000	0,097598
93,590000	0,108433
93,600000	0,096961
93,610000	0,108433
93,620000	0,114170
93,630000	0,109708
93,640000	0,114170
93,650000	0,103972
93,660000	0,109071
93,670000	0,105884
93,680000	0,104609
93,690000	0,113532
93,700000	0,107159
93,710000	0,114170
93,720000	0,104609
93,730000	0,106521
93,740000	0,107796
93,750000	0,104609
93,760000	0,107159
93,770000	0,105884
93,780000	0,109071
93,790000	0,107159
93,800000	0,109708
93,810000	0,101422
93,820000	0,103972
93,830000	0,103972
93,840000	0,103972
93,850000	0,107796
93,860000	0,101422
93,870000	0,112258
93,880000	0,106521
93,890000	0,110345
93,900000	0,106521
93,910000	0,104609
93,920000	0,107796
93,930000	0,114807
93,940000	0,102697
93,950000	0,107159
93,960000	0,107796
93,970000	0,111620
93,980000	0,112258
93,990000	0,110983
94,000000	0,112258
94,010000	0,112895
94,020000	0,106521
94,030000	0,109708
94,040000	0,111620
94,050000	0,109071
94,060000	0,119269
94,070000	0,106521
94,080000	0,122455
94,090000	0,109071
94,100000	0,111620
94,110000	0,107159
94,120000	0,107796
94,130000	0,114170
94,140000	0,111620
94,150000	0,103972
94,160000	0,107159
94,170000	0,109708
94,180000	0,116719
94,190000	0,110345
94,200000	0,110983
94,210000	0,112258
94,220000	0,124367
94,230000	0,110345
94,240000	0,122455
94,250000	0,113532
94,260000	0,085488
94,270000	0,113532
94,280000	0,080389
94,290000	0,114807
94,300000	0,095049
94,310000	0,112258
94,320000	0,121181
94,330000	0,107159
94,340000	0,109071
94,350000	0,137115
94,360000	0,092499
94,370000	0,121181
94,380000	0,104609
94,390000	0,120543
94,400000	0,100148
94,410000	0,086763
94,420000	0,107159
94,430000	0,117356
94,440000	0,099510
94,450000	0,107159
94,460000	0,090587
94,470000	0,100785
94,480000	0,137115
94,490000	0,100148
94,500000	0,132016
94,510000	0,091862
94,520000	0,096323
94,530000	0,096323
94,540000	0,105246
94,550000	0,123730
94,560000	0,114170
94,570000	0,114807
94,580000	0,088675
94,590000	0,108433
94,600000	0,114807
94,610000	0,106521
94,620000	0,117356
94,630000	0,092499
94,640000	0,116719
94,650000	0,140302
94,660000	0,110345
94,670000	0,145401
94,680000	0,114170
94,690000	0,144763
94,700000	0,115444
94,710000	0,137752
94,720000	0,123730
94,730000	0,105884
94,740000	0,099510
94,750000	0,109708
94,760000	0,091224
94,770000	0,105884
94,780000	0,106521
94,790000	0,112895
94,800000	0,099510
94,810000	0,112258
94,820000	0,125005
94,830000	0,106521
94,840000	0,116082
94,850000	0,109708
94,860000	0,117356
94,870000	0,109708
94,880000	0,105246
94,890000	0,110983
94,900000	0,112258
94,910000	0,107796
94,920000	0,110983
94,930000	0,106521
94,940000	0,111620
94,950000	0,096961
94,960000	0,110983
94,970000	0,109708
94,980000	0,110983
94,990000	0,114807
95,000000	0,112258
95,010000	0,110345
95,020000	0,110345
95,030000	0,109071
95,040000	0,109708
95,050000	0,109708
95,060000	0,112895
95,070000	0,114170
95,080000	0,111620
95,090000	0,110345
95,100000	0,116082
95,110000	0,112258
95,120000	0,114170
95,130000	0,109708
95,140000	0,112258
95,150000	0,114807
95,160000	0,109071
95,170000	0,110983
95,180000	0,109708
95,190000	0,110345
95,200000	0,104609
95,210000	0,109708
95,220000	0,112258
95,230000	0,109708
95,240000	0,116719
95,250000	0,108433
95,260000	0,112895
95,270000	0,109071
95,280000	0,110345
95,290000	0,108433
95,300000	0,112258
95,310000	0,107159
95,320000	0,107159
95,330000	0,102060
95,340000	0,108433
95,350000	0,105246
95,360000	0,109071
95,370000	0,098235
95,380000	0,112258
95,390000	0,108433
95,400000	0,108433
95,410000	0,107159
95,420000	0,115444
95,430000	0,109071
95,440000	0,103972
95,450000	0,109071
95,460000	0,101422
95,470000	0,110345
95,480000	0,103972
95,490000	0,104609
95,500000	0,103334
95,510000	0,101422
95,520000	0,114170
95,530000	0,122455
95,540000	0,110983
95,550000	0,130741
95,560000	0,114170
95,570000	0,114807
95,580000	0,109071
95,590000	0,107796
95,600000	0,112258
95,610000	0,111620
95,620000	0,095686
95,630000	0,116082
95,640000	0,117994
95,650000	0,112258
95,660000	0,137115
95,670000	0,110345
95,680000	0,145401
95,690000	0,117356
95,700000	0,140939
95,710000	0,119906
95,720000	0,121181
95,730000	0,117356
95,740000	0,114170
95,750000	0,091862
95,760000	0,102697
95,770000	0,096961
95,780000	0,103972
95,790000	0,104609
95,800000	0,106521
95,810000	0,110983
95,820000	0,112258
95,830000	0,114807
95,840000	0,111620
95,850000	0,113532
95,860000	0,113532
95,870000	0,119906
95,880000	0,107796
95,890000	0,098235
95,900000	0,108433
95,910000	0,102697
95,920000	0,110983
95,930000	0,107159
95,940000	0,105246
95,950000	0,114170
95,960000	0,109708
95,970000	0,110983
95,980000	0,107796
95,990000	0,107796
96,000000	0,110983
96,010000	0,114807
96,020000	0,116082
96,030000	0,109708
96,040000	0,114170
96,050000	0,114170
96,060000	0,111620
96,070000	0,109071
96,080000	0,112258
96,090000	0,110983
96,100000	0,112895
96,110000	0,112258
96,120000	0,108433
96,130000	0,117356
96,140000	0,112258
96,150000	0,107796
96,160000	0,115444
96,170000	0,110345
96,180000	0,109071
96,190000	0,110345
96,200000	0,113532
96,210000	0,111620
96,220000	0,110983
96,230000	0,112258
96,240000	0,109708
96,250000	0,107796
96,260000	0,108433
96,270000	0,110345
96,280000	0,114170
96,290000	0,110345
96,300000	0,112895
96,310000	0,113532
96,320000	0,112895
96,330000	0,116082
96,340000	0,112258
96,350000	0,114807
96,360000	0,112258
96,370000	0,109708
96,380000	0,112258
96,390000	0,111620
96,400000	0,112895
96,410000	0,109708
96,420000	0,116082
96,430000	0,111620
96,440000	0,113532
96,450000	0,110983
96,460000	0,117994
96,470000	0,113532
96,480000	0,115444
96,490000	0,114170
96,500000	0,115444
96,510000	0,109708
96,520000	0,112895
96,530000	0,109708
96,540000	0,112258
96,550000	0,105884
96,560000	0,109071
96,570000	0,110983
96,580000	0,114807
96,590000	0,113532
96,600000	0,121181
96,610000	0,117356
96,620000	0,118631
96,630000	0,115444
96,640000	0,112895
96,650000	0,112895
96,660000	0,113532
96,670000	0,111620
96,680000	0,111620
96,690000	0,111620
96,700000	0,117356
96,710000	0,117356
96,720000	0,114807
96,730000	0,117356
96,740000	0,116719
96,750000	0,114807
96,760000	0,113532
96,770000	0,112258
96,780000	0,116082
96,790000	0,103334
96,800000	0,102060
96,810000	0,101422
96,820000	0,105884
96,830000	0,107159
96,840000	0,123730
96,850000	0,112258
96,860000	0,122455
96,870000	0,115444
96,880000	0,118631
96,890000	0,114807
96,900000	0,110983
96,910000	0,104609
96,920000	0,107159
96,930000	0,089312
96,940000	0,111620
96,950000	0,095686
96,960000	0,114807
96,970000	0,108433
96,980000	0,110345
96,990000	0,119906
97,000000	0,118631
97,010000	0,121818
97,020000	0,121181
97,030000	0,116719
97,040000	0,120543
97,050000	0,118631
97,060000	0,122455
97,070000	0,114170
97,080000	0,117994
97,090000	0,115444
97,100000	0,117356
97,110000	0,112258
97,120000	0,116719
97,130000	0,117356
97,140000	0,119906
97,150000	0,121181
97,160000	0,114170
97,170000	0,112895
97,180000	0,116719
97,190000	0,112258
97,200000	0,113532
97,210000	0,112258
97,220000	0,112258
97,230000	0,114807
97,240000	0,110983
97,250000	0,112895
97,260000	0,112895
97,270000	0,114807
97,280000	0,112895
97,290000	0,112258
97,300000	0,117356
97,310000	0,112258
97,320000	0,115444
97,330000	0,111620
97,340000	0,114170
97,350000	0,111620
97,360000	0,117356
97,370000	0,114807
97,380000	0,114807
97,390000	0,111620
97,400000	0,112258
97,410000	0,117356
97,420000	0,112258
97,430000	0,119906
97,440000	0,113532
97,450000	0,115444
97,460000	0,110345
97,470000	0,119269
97,480000	0,116082
97,490000	0,112258
97,500000	0,114170
97,510000	0,119269
97,520000	0,117356
97,530000	0,109708
97,540000	0,112895
97,550000	0,110983
97,560000	0,112895
97,570000	0,113532
97,580000	0,114807
97,590000	0,114170
97,600000	0,116719
97,610000	0,111620
97,620000	0,118631
97,630000	0,115444
97,640000	0,117994
97,650000	0,115444
97,660000	0,113532
97,670000	0,114170
97,680000	0,113532
97,690000	0,117356
97,700000	0,116082
97,710000	0,113532
97,720000	0,115444
97,730000	0,112258
97,740000	0,115444
97,750000	0,114170
97,760000	0,116719
97,770000	0,111620
97,780000	0,114807
97,790000	0,112895
97,800000	0,112258
97,810000	0,114170
97,820000	0,112258
97,830000	0,113532
97,840000	0,109071
97,850000	0,109708
97,860000	0,111620
97,870000	0,116719
97,880000	0,116082
97,890000	0,112895
97,900000	0,111620
97,910000	0,116719
97,920000	0,110983
97,930000	0,116082
97,940000	0,115444
97,950000	0,114170
97,960000	0,114807
97,970000	0,119269
97,980000	0,111620
97,990000	0,114170
98,000000	0,114170
98,010000	0,112258
98,020000	0,114807
98,030000	0,111620
98,040000	0,115444
98,050000	0,116082
98,060000	0,112895
98,070000	0,116719
98,080000	0,118631
98,090000	0,119906
98,100000	0,116082
98,110000	0,115444
98,120000	0,117356
98,130000	0,119269
98,140000	0,119269
98,150000	0,114807
98,160000	0,117356
98,170000	0,113532
98,180000	0,122455
98,190000	0,121818
98,200000	0,114807
98,210000	0,114170
98,220000	0,116719
98,230000	0,112258
98,240000	0,119269
98,250000	0,117356
98,260000	0,113532
98,270000	0,112258
98,280000	0,115444
98,290000	0,107159
98,300000	0,114807
98,310000	0,112895
98,320000	0,114170
98,330000	0,111620
98,340000	0,112258
98,350000	0,112895
98,360000	0,116719
98,370000	0,119269
98,380000	0,116082
98,390000	0,116082
98,400000	0,120543
98,410000	0,119906
98,420000	0,116719
98,430000	0,120543
98,440000	0,116719
98,450000	0,117356
98,460000	0,117356
98,470000	0,114807
98,480000	0,121181
98,490000	0,114807
98,500000	0,119269
98,510000	0,121181
98,520000	0,117356
98,530000	0,116082
98,540000	0,120543
98,550000	0,119906
98,560000	0,117356
98,570000	0,116082
98,580000	0,116719
98,590000	0,112895
98,600000	0,119906
98,610000	0,115444
98,620000	0,112258
98,630000	0,117356
98,640000	0,113532
98,650000	0,112258
98,660000	0,113532
98,670000	0,111620
98,680000	0,117356
98,690000	0,110983
98,700000	0,118631
98,710000	0,119269
98,720000	0,119269
98,730000	0,116082
98,740000	0,116082
98,750000	0,114170
98,760000	0,116719
98,770000	0,117356
98,780000	0,117356
98,790000	0,117994
98,800000	0,116719
98,810000	0,112258
98,820000	0,116082
98,830000	0,117356
98,840000	0,120543
98,850000	0,115444
98,860000	0,120543
98,870000	0,117994
98,880000	0,119906
98,890000	0,114170
98,900000	0,117356
98,910000	0,113532
98,920000	0,115444
98,930000	0,125005
98,940000	0,116719
98,950000	0,118631
98,960000	0,118631
98,970000	0,121181
98,980000	0,117356
98,990000	0,117994
99,000000	0,119269
99,010000	0,118631
99,020000	0,116719
99,030000	0,117356
99,040000	0,115444
99,050000	0,117356
99,060000	0,119269
99,070000	0,118631
99,080000	0,117356
99,090000	0,116719
99,100000	0,117356
99,110000	0,117994
99,120000	0,119269
99,130000	0,118631
99,140000	0,117356
99,150000	0,121818
99,160000	0,119906
99,170000	0,121181
99,180000	0,119906
99,190000	0,119906
99,200000	0,117356
99,210000	0,121181
99,220000	0,117356
99,230000	0,116719
99,240000	0,119906
99,250000	0,114170
99,260000	0,114807
99,270000	0,116082
99,280000	0,117356
99,290000	0,112895
99,300000	0,119906
99,310000	0,117994
99,320000	0,117994
99,330000	0,114807
99,340000	0,121181
99,350000	0,117994
99,360000	0,116082
99,370000	0,116719
99,380000	0,117994
99,390000	0,114807
99,400000	0,117356
99,410000	0,119269
99,420000	0,119906
99,430000	0,117356
99,440000	0,116082
99,450000	0,116719
99,460000	0,119906
99,470000	0,121818
99,480000	0,118631
99,490000	0,117994
99,500000	0,117356
99,510000	0,118631
99,520000	0,116719
99,530000	0,117356
99,540000	0,119906
99,550000	0,116719
99,560000	0,119906
99,570000	0,119269
99,580000	0,119269
99,590000	0,122455
99,600000	0,119269
99,610000	0,119906
99,620000	0,117356
99,630000	0,121181
99,640000	0,116719
99,650000	0,121181
99,660000	0,117994
99,670000	0,119269
99,680000	0,121818
99,690000	0,118631
99,700000	0,119269
99,710000	0,118631
99,720000	0,112258
99,730000	0,121818
99,740000	0,114807
99,750000	0,122455
99,760000	0,116082
99,770000	0,117356
99,780000	0,116082
99,790000	0,114807
99,800000	0,114807
99,810000	0,114170
99,820000	0,117994
99,830000	0,117356
99,840000	0,119269
99,850000	0,118631
99,860000	0,117994
99,870000	0,123093
99,880000	0,121181
99,890000	0,122455
99,900000	0,117356
99,910000	0,119906
99,920000	0,117356
99,930000	0,123093
99,940000	0,116082
99,950000	0,119906
99,960000	0,118631
99,970000	0,119906
99,980000	0,119906
99,990000	0,122455
100,000000	0,117356
100,010000	0,117356
100,020000	0,119269
100,030000	0,119906
100,040000	0,119906
100,050000	0,125005
100,060000	0,121818
100,070000	0,121818
100,080000	0,121818
100,090000	0,121181
100,100000	0,122455
100,110000	0,117356
100,120000	0,122455
100,130000	0,116719
100,140000	0,121181
100,150000	0,119269
100,160000	0,122455
100,170000	0,124367
100,180000	0,119269
100,190000	0,117994
100,200000	0,120543
100,210000	0,117356
100,220000	0,121818
100,230000	0,117994
100,240000	0,125642
100,250000	0,117356
100,260000	0,123093
100,270000	0,121181
100,280000	0,119906
100,290000	0,125005
100,300000	0,122455
100,310000	0,118631
100,320000	0,119906
100,330000	0,117356
100,340000	0,117994
100,350000	0,121818
100,360000	0,120543
100,370000	0,119269
100,380000	0,119269
100,390000	0,125005
100,400000	0,122455
100,410000	0,124367
100,420000	0,122455
100,430000	0,121181
100,440000	0,124367
100,450000	0,121818
100,460000	0,120543
100,470000	0,121181
100,480000	0,119906
100,490000	0,121818
100,500000	0,119906
100,510000	0,119269
100,520000	0,124367
100,530000	0,121181
100,540000	0,125642
100,550000	0,120543
100,560000	0,123730
100,570000	0,123730
100,580000	0,123093
100,590000	0,123730
100,600000	0,126280
100,610000	0,123730
100,620000	0,117994
100,630000	0,122455
100,640000	0,125005
100,650000	0,126917
100,660000	0,121181
100,670000	0,117994
100,680000	0,124367
100,690000	0,125005
100,700000	0,123093
100,710000	0,126280
100,720000	0,122455
100,730000	0,124367
100,740000	0,123093
100,750000	0,123730
100,760000	0,120543
100,770000	0,122455
100,780000	0,120543
100,790000	0,121181
100,800000	0,125642
100,810000	0,123730
100,820000	0,125642
100,830000	0,118631
100,840000	0,126917
100,850000	0,119906
100,860000	0,125005
100,870000	0,125005
100,880000	0,121181
100,890000	0,128192
100,900000	0,126917
100,910000	0,122455
100,920000	0,118631
100,930000	0,122455
100,940000	0,123730
100,950000	0,126917
100,960000	0,121181
100,970000	0,131379
100,980000	0,123093
100,990000	0,125005
101,000000	0,124367
101,010000	0,129466
101,020000	0,124367
101,030000	0,125642
101,040000	0,122455
101,050000	0,128192
101,060000	0,123730
101,070000	0,122455
101,080000	0,129466
101,090000	0,129466
101,100000	0,128829
101,110000	0,123730
101,120000	0,122455
101,130000	0,126280
101,140000	0,125642
101,150000	0,128829
101,160000	0,123093
101,170000	0,127554
101,180000	0,121181
101,190000	0,126280
101,200000	0,123730
101,210000	0,121181
101,220000	0,125642
101,230000	0,125642
101,240000	0,126917
101,250000	0,123730
101,260000	0,125005
101,270000	0,122455
101,280000	0,129466
101,290000	0,119906
101,300000	0,125005
101,310000	0,126280
101,320000	0,124367
101,330000	0,125642
101,340000	0,123730
101,350000	0,123093
101,360000	0,130104
101,370000	0,124367
101,380000	0,124367
101,390000	0,123730
101,400000	0,126917
101,410000	0,122455
101,420000	0,127554
101,430000	0,126280
101,440000	0,125642
101,450000	0,123730
101,460000	0,125005
101,470000	0,126917
101,480000	0,122455
101,490000	0,121818
101,500000	0,128192
101,510000	0,126280
101,520000	0,121818
101,530000	0,122455
101,540000	0,126280
101,550000	0,125005
101,560000	0,126280
101,570000	0,124367
101,580000	0,127554
101,590000	0,125642
101,600000	0,127554
101,610000	0,126280
101,620000	0,126280
101,630000	0,130104
101,640000	0,127554
101,650000	0,128192
101,660000	0,129466
101,670000	0,128192
101,680000	0,129466
101,690000	0,128192
101,700000	0,126280
101,710000	0,125005
101,720000	0,128192
101,730000	0,127554
101,740000	0,127554
101,750000	0,123093
101,760000	0,125005
101,770000	0,125005
101,780000	0,130104
101,790000	0,121818
101,800000	0,128829
101,810000	0,126917
101,820000	0,124367
101,830000	0,124367
101,840000	0,126280
101,850000	0,124367
101,860000	0,125642
101,870000	0,123093
101,880000	0,128829
101,890000	0,126280
101,900000	0,126917
101,910000	0,127554
101,920000	0,122455
101,930000	0,123730
101,940000	0,128829
101,950000	0,123093
101,960000	0,125005
101,970000	0,125642
101,980000	0,128192
101,990000	0,128192
102,000000	0,128829
102,010000	0,126280
102,020000	0,130741
102,030000	0,131379
102,040000	0,129466
102,050000	0,126917
102,060000	0,128192
102,070000	0,126917
102,080000	0,127554
102,090000	0,131379
102,100000	0,128192
102,110000	0,126280
102,120000	0,126280
102,130000	0,131379
102,140000	0,125005
102,150000	0,128192
102,160000	0,130104
102,170000	0,126917
102,180000	0,131379
102,190000	0,128192
102,200000	0,126917
102,210000	0,131379
102,220000	0,126917
102,230000	0,129466
102,240000	0,127554
102,250000	0,130104
102,260000	0,127554
102,270000	0,128192
102,280000	0,127554
102,290000	0,127554
102,300000	0,128192
102,310000	0,132653
102,320000	0,126917
102,330000	0,132016
102,340000	0,130104
102,350000	0,131379
102,360000	0,130104
102,370000	0,133928
102,380000	0,128829
102,390000	0,128192
102,400000	0,131379
102,410000	0,128192
102,420000	0,133291
102,430000	0,130104
102,440000	0,130104
102,450000	0,130104
102,460000	0,131379
102,470000	0,127554
102,480000	0,129466
102,490000	0,132653
102,500000	0,135203
102,510000	0,130741
102,520000	0,131379
102,530000	0,126280
102,540000	0,129466
102,550000	0,127554
102,560000	0,131379
102,570000	0,128829
102,580000	0,133291
102,590000	0,128192
102,600000	0,133928
102,610000	0,126917
102,620000	0,129466
102,630000	0,126917
102,640000	0,132016
102,650000	0,128829
102,660000	0,130741
102,670000	0,125005
102,680000	0,132653
102,690000	0,129466
102,700000	0,132653
102,710000	0,129466
102,720000	0,130104
102,730000	0,128192
102,740000	0,133291
102,750000	0,126280
102,760000	0,127554
102,770000	0,130104
102,780000	0,128829
102,790000	0,133928
102,800000	0,134565
102,810000	0,130104
102,820000	0,134565
102,830000	0,130741
102,840000	0,129466
102,850000	0,132016
102,860000	0,132016
102,870000	0,132016
102,880000	0,132016
102,890000	0,130104
102,900000	0,131379
102,910000	0,130104
102,920000	0,130104
102,930000	0,134565
102,940000	0,128829
102,950000	0,137115
102,960000	0,134565
102,970000	0,128829
102,980000	0,133928
102,990000	0,133291
103,000000	0,128829
103,010000	0,135203
103,020000	0,132653
103,030000	0,133928
103,040000	0,132653
103,050000	0,133291
103,060000	0,130104
103,070000	0,129466
103,080000	0,132653
103,090000	0,130104
103,100000	0,132653
103,110000	0,135840
103,120000	0,131379
103,130000	0,132653
103,140000	0,136477
103,150000	0,139027
103,160000	0,133928
103,170000	0,135203
103,180000	0,130104
103,190000	0,133291
103,200000	0,134565
103,210000	0,128829
103,220000	0,137752
103,230000	0,132653
103,240000	0,137752
103,250000	0,134565
103,260000	0,133928
103,270000	0,133928
103,280000	0,132653
103,290000	0,132653
103,300000	0,132653
103,310000	0,139027
103,320000	0,132653
103,330000	0,137752
103,340000	0,132653
103,350000	0,128829
103,360000	0,132653
103,370000	0,131379
103,380000	0,137115
103,390000	0,133291
103,400000	0,137752
103,410000	0,135840
103,420000	0,136477
103,430000	0,134565
103,440000	0,136477
103,450000	0,131379
103,460000	0,135840
103,470000	0,132653
103,480000	0,137752
103,490000	0,129466
103,500000	0,132653
103,510000	0,133928
103,520000	0,138390
103,530000	0,133291
103,540000	0,133928
103,550000	0,132653
103,560000	0,137752
103,570000	0,133291
103,580000	0,132653
103,590000	0,140302
103,600000	0,135840
103,610000	0,134565
103,620000	0,134565
103,630000	0,131379
103,640000	0,135203
103,650000	0,132016
103,660000	0,141576
103,670000	0,139027
103,680000	0,136477
103,690000	0,137752
103,700000	0,135203
103,710000	0,137752
103,720000	0,133928
103,730000	0,136477
103,740000	0,135840
103,750000	0,132653
103,760000	0,137115
103,770000	0,133291
103,780000	0,138390
103,790000	0,132016
103,800000	0,133928
103,810000	0,138390
103,820000	0,133928
103,830000	0,137752
103,840000	0,132653
103,850000	0,137752
103,860000	0,135203
103,870000	0,135840
103,880000	0,133928
103,890000	0,132653
103,900000	0,135203
103,910000	0,134565
103,920000	0,132653
103,930000	0,135203
103,940000	0,138390
103,950000	0,139664
103,960000	0,135203
103,970000	0,135203
103,980000	0,136477
103,990000	0,134565
104,000000	0,133291
104,010000	0,132653
104,020000	0,134565
104,030000	0,137115
104,040000	0,137752
104,050000	0,133928
104,060000	0,133291
104,070000	0,137752
104,080000	0,139664
104,090000	0,133928
104,100000	0,135203
104,110000	0,136477
104,120000	0,137752
104,130000	0,136477
104,140000	0,136477
104,150000	0,135203
104,160000	0,134565
104,170000	0,137752
104,180000	0,138390
104,190000	0,139664
104,200000	0,136477
104,210000	0,137752
104,220000	0,137115
104,230000	0,137752
104,240000	0,139664
104,250000	0,138390
104,260000	0,133928
104,270000	0,137752
104,280000	0,137115
104,290000	0,136477
104,300000	0,137115
104,310000	0,140939
104,320000	0,135203
104,330000	0,138390
104,340000	0,140939
104,350000	0,135203
104,360000	0,141576
104,370000	0,134565
104,380000	0,136477
104,390000	0,139027
104,400000	0,137752
104,410000	0,135203
104,420000	0,136477
104,430000	0,134565
104,440000	0,137752
104,450000	0,139664
104,460000	0,136477
104,470000	0,140939
104,480000	0,142851
104,490000	0,136477
104,500000	0,138390
104,510000	0,138390
104,520000	0,140939
104,530000	0,141576
104,540000	0,139664
104,550000	0,136477
104,560000	0,141576
104,570000	0,140302
104,580000	0,144126
104,590000	0,137752
104,600000	0,139664
104,610000	0,141576
104,620000	0,139664
104,630000	0,136477
104,640000	0,142851
104,650000	0,142214
104,660000	0,137115
104,670000	0,137752
104,680000	0,142851
104,690000	0,141576
104,700000	0,144126
104,710000	0,136477
104,720000	0,141576
104,730000	0,137752
104,740000	0,140939
104,750000	0,142214
104,760000	0,142214
104,770000	0,137115
104,780000	0,147313
104,790000	0,139664
104,800000	0,141576
104,810000	0,138390
104,820000	0,142214
104,830000	0,141576
104,840000	0,140302
104,850000	0,140939
104,860000	0,137752
104,870000	0,143488
104,880000	0,143488
104,890000	0,142851
104,900000	0,139027
104,910000	0,142851
104,920000	0,138390
104,930000	0,140302
104,940000	0,141576
104,950000	0,138390
104,960000	0,144126
104,970000	0,141576
104,980000	0,138390
104,990000	0,145401
105,000000	0,142851
105,010000	0,143488
105,020000	0,145401
105,030000	0,142851
105,040000	0,142214
105,050000	0,140302
105,060000	0,144126
105,070000	0,142214
105,080000	0,143488
105,090000	0,149225
105,100000	0,145401
105,110000	0,142851
105,120000	0,144126
105,130000	0,144126
105,140000	0,146675
105,150000	0,146675
105,160000	0,146675
105,170000	0,144763
105,180000	0,145401
105,190000	0,144126
105,200000	0,145401
105,210000	0,147313
105,220000	0,144126
105,230000	0,142851
105,240000	0,143488
105,250000	0,147313
105,260000	0,146675
105,270000	0,145401
105,280000	0,146675
105,290000	0,145401
105,300000	0,143488
105,310000	0,142851
105,320000	0,149225
105,330000	0,144763
105,340000	0,143488
105,350000	0,147950
105,360000	0,148587
105,370000	0,141576
105,380000	0,147313
105,390000	0,149225
105,400000	0,141576
105,410000	0,146675
105,420000	0,144763
105,430000	0,145401
105,440000	0,146675
105,450000	0,153049
105,460000	0,147950
105,470000	0,143488
105,480000	0,147950
105,490000	0,144126
105,500000	0,147313
105,510000	0,149862
105,520000	0,146038
105,530000	0,146038
105,540000	0,149225
105,550000	0,144126
105,560000	0,149862
105,570000	0,150499
105,580000	0,147950
105,590000	0,151137
105,600000	0,151137
105,610000	0,150499
105,620000	0,152412
105,630000	0,151774
105,640000	0,155598
105,650000	0,150499
105,660000	0,159423
105,670000	0,156236
105,680000	0,157511
105,690000	0,160060
105,700000	0,162609
105,710000	0,163247
105,720000	0,161972
105,730000	0,166434
105,740000	0,172170
105,750000	0,178544
105,760000	1,408660
105,770000	1,399737
105,780000	1,402286
105,790000	1,384440
105,800000	1,396550
105,810000	1,375517
105,820000	1,407385
105,830000	1,383165
105,840000	1,399737
105,850000	1,381891
105,860000	1,411209
105,870000	1,375517
105,880000	1,409297
105,890000	1,386352
105,900000	1,407385
105,910000	1,376792
105,920000	1,397825
105,930000	1,362770
105,940000	1,392726
105,950000	1,365957
105,960000	1,392726
105,970000	1,388264
105,980000	1,390814
105,990000	1,365319
106,000000	1,397187
106,010000	1,381891
106,020000	1,396550
106,030000	1,376154
106,040000	1,390176
106,050000	1,381891
106,060000	1,399100
106,070000	1,384440
106,080000	1,383803
106,090000	1,396550
106,100000	1,394638
106,110000	1,394001
106,120000	1,386352
106,130000	1,406748
106,140000	1,383803
106,150000	1,386990
106,160000	1,384440
106,170000	1,398462
106,180000	1,378066
106,190000	1,406748
106,200000	1,370418
106,210000	1,392726
106,220000	1,386990
106,230000	1,398462
106,240000	1,378066
106,250000	1,397825
106,260000	1,386990
106,270000	1,389539
106,280000	1,371693
106,290000	1,394638
106,300000	1,372968
106,310000	1,394638
106,320000	1,375517
106,330000	1,388902
106,340000	1,384440
106,350000	1,394001
106,360000	1,385077
106,370000	1,397825
106,380000	1,389539
106,390000	1,381891
106,400000	1,389539
106,410000	1,396550
106,420000	1,390176
106,430000	1,399100
106,440000	1,389539
106,450000	1,401649
106,460000	1,397187
106,470000	1,385077
106,480000	1,397187
106,490000	1,394001
106,500000	1,383165
106,510000	1,402286
106,520000	1,390176
106,530000	1,404836
106,540000	1,381891
106,550000	1,394638
106,560000	1,385077
106,570000	1,404198
106,580000	1,390176
106,590000	1,411847
106,600000	1,378704
106,610000	1,398462
106,620000	1,385077
106,630000	1,385715
106,640000	1,394638
106,650000	1,398462
106,660000	1,387627
106,670000	1,407385
106,680000	1,381253
106,690000	1,395913
106,700000	1,397187
106,710000	1,382528
106,720000	1,395913
106,730000	1,386990
106,740000	1,408023
106,750000	1,386352
106,760000	1,398462
106,770000	1,401012
106,780000	1,401012
106,790000	1,396550
106,800000	1,404836
106,810000	1,379979
106,820000	1,400374
106,830000	1,386990
106,840000	1,404198
106,850000	1,401649
106,860000	1,394638
106,870000	1,404836
106,880000	1,404836
106,890000	1,389539
106,900000	1,401012
106,910000	1,386990
106,920000	1,411209
106,930000	1,383165
106,940000	1,411847
106,950000	1,392089
106,960000	1,416308
106,970000	1,388902
106,980000	1,395275
106,990000	1,373605
107,000000	1,416946
107,010000	1,400374
107,020000	1,404198
107,030000	1,388264
107,040000	1,404836
107,050000	1,392089
107,060000	1,413759
107,070000	1,413122
107,080000	1,411847
107,090000	1,397187
107,100000	1,411209
107,110000	1,397825
107,120000	1,418858
107,130000	1,402924
107,140000	1,411209
107,150000	1,391451
107,160000	1,419495
107,170000	1,402924
107,180000	1,409935
107,190000	1,390176
107,200000	1,407385
107,210000	1,394638
107,220000	1,413759
107,230000	1,394638
107,240000	1,415034
107,250000	1,415671
107,260000	1,397187
107,270000	1,400374
107,280000	1,412484
107,290000	1,409297
107,300000	1,409297
107,310000	1,402286
107,320000	1,404836
107,330000	1,400374
107,340000	1,403561
107,350000	1,406111
107,360000	1,392089
107,370000	1,406111
107,380000	1,412484
107,390000	1,393363
107,400000	1,402924
107,410000	1,408660
107,420000	1,390814
107,430000	1,389539
107,440000	1,397187
107,450000	1,402286
107,460000	1,400374
107,470000	1,412484
107,480000	1,404836
107,490000	1,407385
107,500000	1,405473
107,510000	1,386352
107,520000	1,402286
107,530000	1,392089
107,540000	1,406748
107,550000	1,402924
107,560000	1,413122
107,570000	1,396550
107,580000	1,395275
107,590000	1,389539
107,600000	1,411209
107,610000	1,391451
107,620000	1,399737
107,630000	1,399737
107,640000	1,397825
107,650000	1,407385
107,660000	1,413122
107,670000	1,399737
107,680000	1,403561
107,690000	1,388902
107,700000	1,405473
107,710000	1,402924
107,720000	1,397187
107,730000	1,383803
107,740000	1,395275
107,750000	1,381891
107,760000	1,395913
107,770000	1,397825
107,780000	1,404198
107,790000	1,389539
107,800000	1,406111
107,810000	1,390814
107,820000	1,402924
107,830000	1,383803
107,840000	1,393363
107,850000	1,379979
107,860000	1,407385
107,870000	1,380616
107,880000	1,401012
107,890000	1,375517
107,900000	1,396550
107,910000	1,388902
107,920000	1,395275
107,930000	1,389539
107,940000	1,398462
107,950000	1,384440
107,960000	1,394638
107,970000	1,386990
107,980000	1,397825
107,990000	1,390814
108,000000	1,384440
108,010000	1,391451
108,020000	1,397825
108,030000	1,381891
108,040000	1,380616
108,050000	1,383803
108,060000	1,392726
108,070000	1,381253
108,080000	1,392726
108,090000	1,378066
108,100000	1,392726
108,110000	1,381891
108,120000	1,388902
108,130000	1,381253
108,140000	1,383165
108,150000	1,380616
108,160000	1,392089
108,170000	1,384440
108,180000	1,401649
108,190000	1,374242
108,200000	1,382528
108,210000	1,374880
108,220000	1,399737
108,230000	1,379341
108,240000	1,390814
108,250000	1,374242
108,260000	1,396550
108,270000	1,381891
108,280000	1,394638
108,290000	1,374242
108,300000	1,382528
108,310000	1,392089
108,320000	1,380616
108,330000	1,388902
108,340000	1,381253
108,350000	1,395913
108,360000	1,379341
108,370000	1,382528
108,380000	1,375517
108,390000	1,394638
108,400000	1,390814
108,410000	1,384440
108,420000	1,386352
108,430000	1,381891
108,440000	1,395913
108,450000	1,387627
108,460000	1,394638
108,470000	1,386352
108,480000	1,386990
108,490000	1,376792
108,500000	1,381891
108,510000	1,385715
108,520000	1,387627
108,530000	1,401012
108,540000	1,388902
108,550000	1,377429
108,560000	1,386990
108,570000	1,404198
108,580000	1,401649
108,590000	1,394638
108,600000	1,396550
108,610000	1,397187
108,620000	1,387627
108,630000	1,404836
108,640000	1,385715
108,650000	1,379979
108,660000	1,396550
108,670000	1,394638
108,680000	1,392089
108,690000	1,390176
108,700000	1,390814
108,710000	1,392726
108,720000	1,394638
108,730000	1,394638
108,740000	1,384440
108,750000	1,407385
108,760000	1,399100
108,770000	1,408023
108,780000	1,392089
108,790000	1,416308
108,800000	1,394638
108,810000	1,405473
108,820000	1,404836
108,830000	1,409935
108,840000	1,398462
108,850000	1,395913
108,860000	1,401012
108,870000	1,386990
108,880000	1,396550
108,890000	1,386990
108,900000	1,393363
108,910000	1,390814
108,920000	1,395913
108,930000	1,390176
108,940000	1,402286
108,950000	1,409297
108,960000	1,411847
108,970000	1,390176
108,980000	1,408023
108,990000	1,387627
109,000000	1,415671
109,010000	1,397825
109,020000	1,408023
109,030000	1,383803
109,040000	1,401649
109,050000	1,388264
109,060000	1,402924
109,070000	1,384440
109,080000	1,411847
109,090000	1,398462
109,100000	1,402286
109,110000	1,399737
109,120000	1,416946
109,130000	1,402924
109,140000	1,421407
109,150000	1,399100
109,160000	1,428418
109,170000	1,407385
109,180000	1,414396
109,190000	1,392726
109,200000	1,426506
109,210000	1,391451
109,220000	1,433517
109,230000	1,391451
109,240000	1,415034
109,250000	1,392089
109,260000	1,419495
109,270000	1,397825
109,280000	1,412484
109,290000	1,399100
109,300000	1,407385
109,310000	1,401012
109,320000	1,412484
109,330000	1,384440
109,340000	1,418858
109,350000	1,398462
109,360000	1,414396
109,370000	1,378704
109,380000	1,406111
109,390000	1,393363
109,400000	1,406748
109,410000	1,397187
109,420000	1,411209
109,430000	1,395275
109,440000	1,415034
109,450000	1,399100
109,460000	1,416946
109,470000	1,413759
109,480000	1,402286
109,490000	1,404198
109,500000	1,392726
109,510000	1,401012
109,520000	1,404836
109,530000	1,390814
109,540000	1,402924
109,550000	1,392726
109,560000	1,409297
109,570000	1,407385
109,580000	1,394638
109,590000	1,397187
109,600000	1,394638
109,610000	1,402286
109,620000	1,397187
109,630000	1,388902
109,640000	1,395913
109,650000	1,413122
109,660000	1,402924
109,670000	1,406111
109,680000	1,397825
109,690000	1,402286
109,700000	1,392726
109,710000	1,388264
109,720000	1,386990
109,730000	1,397187
109,740000	1,386990
109,750000	1,392726
109,760000	1,399737
109,770000	1,395275
109,780000	1,387627
109,790000	1,404836
109,800000	1,389539
109,810000	1,400374
109,820000	1,400374
109,830000	1,390176
109,840000	1,386990
109,850000	1,398462
109,860000	1,395913
109,870000	1,396550
109,880000	1,386990
109,890000	1,402286
109,900000	1,386352
109,910000	1,405473
109,920000	1,384440
109,930000	1,388902
109,940000	1,381891
109,950000	1,402924
109,960000	1,388264
109,970000	1,383803
109,980000	1,383165
109,990000	1,391451
110,000000	1,381891
110,010000	1,389539
110,020000	1,394001
110,030000	1,385715
110,040000	1,385715
110,050000	1,395275
110,060000	1,383165
110,070000	1,389539
110,080000	1,386990
110,090000	1,397825
110,100000	1,381891
110,110000	1,383165
110,120000	1,396550
110,130000	1,391451
110,140000	1,383165
110,150000	1,378704
110,160000	1,398462
110,170000	1,379979
110,180000	1,388902
110,190000	1,372330
110,200000	1,368506
110,210000	1,369143
110,220000	1,397187
110,230000	1,384440
110,240000	1,392726
110,250000	1,352572
110,260000	1,394001
110,270000	1,390814
110,280000	1,368506
110,290000	1,384440
110,300000	1,402286
110,310000	1,379979
110,320000	1,393363
110,330000	1,341737
110,340000	1,395275
110,350000	1,386990
110,360000	1,396550
110,370000	1,376154
110,380000	1,389539
110,390000	1,360858
110,400000	1,390814
110,410000	1,363407
110,420000	1,389539
110,430000	1,378704
110,440000	1,398462
110,450000	1,381891
110,460000	1,386352
110,470000	1,381253
110,480000	1,404198
110,490000	1,380616
110,500000	1,404836
110,510000	1,377429
110,520000	1,385077
110,530000	1,376154
110,540000	1,386990
110,550000	1,391451
110,560000	1,404836
110,570000	1,413759
110,580000	1,388264
110,590000	1,380616
110,600000	1,397825
110,610000	1,366594
110,620000	1,387627
110,630000	1,388264
110,640000	1,412484
110,650000	1,379341
110,660000	1,397187
110,670000	1,371693
110,680000	1,396550
110,690000	1,390814
110,700000	1,402286
110,710000	1,399737
110,720000	1,395913
110,730000	1,386990
110,740000	1,399100
110,750000	1,390814
110,760000	1,412484
110,770000	1,373605
110,780000	1,401649
110,790000	1,382528
110,800000	1,395913
110,810000	1,393363
110,820000	1,401649
110,830000	1,390176
110,840000	1,394001
110,850000	1,404198
110,860000	1,408023
110,870000	1,395275
110,880000	1,407385
110,890000	1,391451
110,900000	1,402286
110,910000	1,390814
110,920000	1,388264
110,930000	1,394001
110,940000	1,402286
110,950000	1,401649
110,960000	1,405473
110,970000	1,408023
110,980000	1,398462
110,990000	1,404198
111,000000	1,404836
111,010000	1,399737
111,020000	1,404198
111,030000	1,390176
111,040000	1,412484
111,050000	1,386352
111,060000	1,401012
111,070000	1,395275
111,080000	1,376792
111,090000	1,402924
111,100000	1,420770
111,110000	1,388264
111,120000	1,421407
111,130000	1,411847
111,140000	1,414396
111,150000	1,396550
111,160000	1,436067
111,170000	1,385077
111,180000	1,429693
111,190000	1,393363
111,200000	1,409935
111,210000	1,371055
111,220000	1,397187
111,230000	1,408023
111,240000	1,423957
111,250000	1,430330
111,260000	1,407385
111,270000	1,403561
111,280000	1,421407
111,290000	1,397825
111,300000	1,437342
111,310000	1,418858
111,320000	1,411209
111,330000	1,379979
111,340000	1,404198
111,350000	1,420770
111,360000	1,400374
111,370000	1,418221
111,380000	1,379979
111,390000	1,418858
111,400000	1,388902
111,410000	1,416308
111,420000	1,400374
111,430000	1,409935
111,440000	1,397187
111,450000	1,415671
111,460000	1,408023
111,470000	1,404198
111,480000	1,402924
111,490000	1,409297
111,500000	1,418858
111,510000	1,404836
111,520000	1,392089
111,530000	1,404836
111,540000	1,406111
111,550000	1,407385
111,560000	1,415671
111,570000	1,383165
111,580000	1,412484
111,590000	1,399737
111,600000	1,401012
111,610000	1,401649
111,620000	1,385077
111,630000	1,392089
111,640000	1,388902
111,650000	1,392089
111,660000	1,411847
111,670000	1,393363
111,680000	1,399737
111,690000	1,394001
111,700000	1,402286
111,710000	1,399100
111,720000	1,407385
111,730000	1,401012
111,740000	1,381891
111,750000	1,407385
111,760000	1,397825
111,770000	1,390176
111,780000	1,404198
111,790000	1,393363
111,800000	1,397825
111,810000	1,402286
111,820000	1,388902
111,830000	1,409297
111,840000	1,402286
111,850000	1,395913
111,860000	1,379341
111,870000	1,391451
111,880000	1,402286
111,890000	1,400374
111,900000	1,397187
111,910000	1,394638
111,920000	1,394001
111,930000	1,389539
111,940000	1,394638
111,950000	1,386990
111,960000	1,394638
111,970000	1,385715
111,980000	1,395913
111,990000	1,388264
112,000000	1,397825
112,010000	1,383165
112,020000	1,387627
112,030000	1,379979
112,040000	1,389539
112,050000	1,395913
112,060000	1,387627
112,070000	1,395275
112,080000	1,395913
112,090000	1,394638
112,100000	1,392089
112,110000	1,392089
112,120000	1,386990
112,130000	1,381891
112,140000	1,387627
112,150000	1,381891
112,160000	1,398462
112,170000	1,383165
112,180000	1,394001
112,190000	1,364044
112,200000	1,388264
112,210000	1,379979
112,220000	1,397187
112,230000	1,378704
112,240000	1,388264
112,250000	1,381891
112,260000	1,401012
112,270000	1,364682
112,280000	1,384440
112,290000	1,379341
112,300000	1,397825
112,310000	1,380616
112,320000	1,383803
112,330000	1,374880
112,340000	1,385715
112,350000	1,381891
112,360000	1,388264
112,370000	1,369143
112,380000	1,380616
112,390000	1,383165
112,400000	1,383165
112,410000	1,386990
112,420000	1,386352
112,430000	1,392089
112,440000	1,387627
112,450000	1,391451
112,460000	1,380616
112,470000	1,383165
112,480000	1,381891
112,490000	1,386990
112,500000	1,381891
112,510000	1,379979
112,520000	1,382528
112,530000	1,378704
112,540000	1,383165
112,550000	1,386990
112,560000	1,403561
112,570000	1,369143
112,580000	1,395913
112,590000	1,371055
112,600000	1,388264
112,610000	1,386352
112,620000	1,388902
112,630000	1,379979
112,640000	1,397187
112,650000	1,372968
112,660000	1,388902
112,670000	1,390814
112,680000	1,385715
112,690000	1,391451
112,700000	1,390176
112,710000	1,386352
112,720000	1,394638
112,730000	1,394638
112,740000	1,399100
112,750000	1,376154
112,760000	1,392726
112,770000	1,386990
112,780000	1,399100
112,790000	1,402286
112,800000	1,375517
112,810000	1,397187
112,820000	1,394638
112,830000	1,387627
112,840000	1,401012
112,850000	1,389539
112,860000	1,393363
112,870000	1,399100
112,880000	1,409935
112,890000	1,397825
112,900000	1,396550
112,910000	1,401649
112,920000	1,397825
112,930000	1,412484
112,940000	1,401649
112,950000	1,375517
112,960000	1,406748
112,970000	1,406748
112,980000	1,386352
112,990000	1,389539
113,000000	1,422045
113,010000	1,392726
113,020000	1,380616
113,030000	1,397187
113,040000	1,397187
113,050000	1,415034
113,060000	1,392089
113,070000	1,402924
113,080000	1,365957
113,090000	1,391451
113,100000	1,404198
113,110000	1,393363
113,120000	1,371693
113,130000	1,409935
113,140000	1,397825
113,150000	1,400374
113,160000	1,406111
113,170000	1,411209
113,180000	1,397187
113,190000	1,399737
113,200000	1,409297
113,210000	1,397187
113,220000	1,400374
113,230000	1,414396
113,240000	1,410572
113,250000	1,411847
113,260000	1,401012
113,270000	1,404836
113,280000	1,408660
113,290000	1,400374
113,300000	1,407385
113,310000	1,403561
113,320000	1,405473
113,330000	1,415671
113,340000	1,411209
113,350000	1,399100
113,360000	1,413759
113,370000	1,415034
113,380000	1,411847
113,390000	1,415034
113,400000	1,409297
113,410000	1,385715
113,420000	1,404198
113,430000	1,404836
113,440000	1,404836
113,450000	1,394001
113,460000	1,409935
113,470000	1,403561
113,480000	1,426506
113,490000	1,399100
113,500000	1,411847
113,510000	1,399737
113,520000	1,410572
113,530000	1,399737
113,540000	1,415034
113,550000	1,399100
113,560000	1,406748
113,570000	1,404836
113,580000	1,406111
113,590000	1,401649
113,600000	1,384440
113,610000	1,391451
113,620000	1,407385
113,630000	1,393363
113,640000	1,411847
113,650000	1,370418
113,660000	1,409935
113,670000	1,392089
113,680000	1,404836
113,690000	1,388902
113,700000	1,402286
113,710000	1,386990
113,720000	1,417583
113,730000	1,402286
113,740000	1,416946
113,750000	1,386990
113,760000	1,409297
113,770000	1,409935
113,780000	1,411847
113,790000	1,386352
113,800000	1,413759
113,810000	1,376154
113,820000	1,409935
113,830000	1,382528
113,840000	1,416308
113,850000	1,383803
113,860000	1,409935
113,870000	1,381891
113,880000	1,408023
113,890000	1,388264
113,900000	1,404198
113,910000	1,381891
113,920000	1,408023
113,930000	1,388264
113,940000	1,437342
113,950000	1,387627
113,960000	1,396550
113,970000	1,397187
113,980000	1,404198
113,990000	1,354484
