LabVIEW Measurement	
Writer_Version	2
Reader_Version	2
Separator	Tab
Decimal_Separator	,
Multi_Headings	No
X_Columns	One
Time_Pref	Absolute
Operator	lpdan
Date	2026/05/26
Time	10:01:33,5557876833530878019
***End_of_Header***	
	
Channels	1	
Samples	100	
Date	2026/05/26	
Time	10:01:33,5557876833530878019	
Y_Unit_Label	Volts	
X_Dimension	Time	
X0	0,0000000000000000E+0	
Delta_X	0,010000	
***End_of_Header***		
X_Value	Voltage	Comment
0,000000	0,227621
0,010000	0,220610
0,020000	0,225709
0,030000	0,225709
0,040000	0,221884
0,050000	0,224434
0,060000	0,223159
0,070000	0,219335
0,080000	0,220610
0,090000	0,221247
0,100000	0,221884
0,110000	0,223159
0,120000	0,223159
0,130000	0,219335
0,140000	0,223159
0,150000	0,207862
0,160000	0,228258
0,170000	0,221884
0,180000	0,226346
0,190000	0,221884
0,200000	0,228258
0,210000	0,223797
0,220000	0,222522
0,230000	0,219972
0,240000	0,224434
0,250000	0,223797
0,260000	0,228258
0,270000	0,219335
0,280000	0,221884
0,290000	0,219335
0,300000	0,227621
0,310000	0,225709
0,320000	0,223159
0,330000	0,223159
0,340000	0,218698
0,350000	0,220610
0,360000	0,219972
0,370000	0,220610
0,380000	0,221884
0,390000	0,218698
0,400000	0,223797
0,410000	0,218698
0,420000	0,218698
0,430000	0,216786
0,440000	0,221247
0,450000	0,223159
0,460000	0,216786
0,470000	0,213599
0,480000	0,218060
0,490000	0,218698
0,500000	0,217423
0,510000	0,221247
0,520000	0,221247
0,530000	0,214236
0,540000	0,219972
0,550000	0,216786
0,560000	0,214873
0,570000	0,223159
0,580000	0,221884
0,590000	0,216148
0,600000	0,220610
0,610000	0,219335
0,620000	0,221247
0,630000	0,214236
0,640000	0,221884
0,650000	0,219335
0,660000	0,221884
0,670000	0,219335
0,680000	0,220610
0,690000	0,219335
0,700000	0,221247
0,710000	0,219972
0,720000	0,216786
0,730000	0,217423
0,740000	0,213599
0,750000	0,221884
0,760000	0,218698
0,770000	0,220610
0,780000	0,214236
0,790000	0,221247
0,800000	0,215511
0,810000	0,219972
0,820000	0,216786
0,830000	0,204038
0,840000	0,214873
0,850000	0,214873
0,860000	0,218698
0,870000	0,216786
0,880000	0,223159
0,890000	0,218698
0,900000	0,219335
0,910000	0,218060
0,920000	0,213599
0,930000	0,223159
0,940000	0,218060
0,950000	0,222522
0,960000	0,218698
0,970000	0,218060
0,980000	0,214236
0,990000	0,225071
1,000000	0,212961
1,010000	0,216148
1,020000	0,212961
1,030000	0,219972
1,040000	0,215511
1,050000	0,214236
1,060000	0,216148
1,070000	0,219972
1,080000	0,219335
1,090000	0,214236
1,100000	0,217423
1,110000	0,233994
1,120000	0,215511
1,130000	0,214873
1,140000	0,218698
1,150000	0,218060
1,160000	0,219335
1,170000	0,211687
1,180000	0,225709
1,190000	0,218060
1,200000	0,205950
1,210000	0,219972
1,220000	0,212961
1,230000	0,209137
1,240000	0,214873
1,250000	0,220610
1,260000	0,217423
1,270000	0,214236
1,280000	0,218060
1,290000	0,216786
1,300000	0,218698
1,310000	0,219972
1,320000	0,219335
1,330000	0,214236
1,340000	0,219972
1,350000	0,214873
1,360000	0,215511
1,370000	0,240368
1,380000	0,218060
1,390000	0,224434
1,400000	0,214236
1,410000	0,228896
1,420000	0,242918
1,430000	0,221884
1,440000	0,216148
1,450000	0,219335
1,460000	0,213599
1,470000	0,223159
1,480000	0,216786
1,490000	0,217423
1,500000	0,222522
1,510000	0,213599
1,520000	0,223797
1,530000	0,220610
1,540000	0,223159
1,550000	0,220610
1,560000	0,219972
1,570000	0,218698
1,580000	0,219972
1,590000	0,214873
1,600000	0,221884
1,610000	0,224434
1,620000	0,221247
1,630000	0,205950
1,640000	0,219335
1,650000	0,217423
1,660000	0,223797
1,670000	0,221884
1,680000	0,231445
1,690000	0,218060
1,700000	0,222522
1,710000	0,212961
1,720000	0,225071
1,730000	0,219335
1,740000	0,221247
1,750000	0,211687
1,760000	0,233357
1,770000	0,220610
1,780000	0,233357
1,790000	0,220610
1,800000	0,241643
1,810000	0,221247
1,820000	0,221247
1,830000	0,214236
1,840000	0,224434
1,850000	0,226983
1,860000	0,224434
1,870000	0,220610
1,880000	0,227621
1,890000	0,220610
1,900000	0,222522
1,910000	0,219335
1,920000	0,219335
1,930000	0,219335
1,940000	0,223159
1,950000	0,218060
1,960000	0,227621
1,970000	0,218698
1,980000	0,223159
1,990000	0,223159
2,000000	0,226983
2,010000	0,218698
2,020000	0,221884
2,030000	0,220610
2,040000	0,224434
2,050000	0,218698
2,060000	0,221884
2,070000	0,222522
2,080000	0,223797
2,090000	0,225071
2,100000	0,223797
2,110000	0,225709
2,120000	0,221247
2,130000	0,221884
2,140000	0,221884
2,150000	0,223159
2,160000	0,225071
2,170000	0,222522
2,180000	0,219335
2,190000	0,226983
2,200000	0,224434
2,210000	0,223159
2,220000	0,218060
2,230000	0,221884
2,240000	0,225071
2,250000	0,218060
2,260000	0,223159
2,270000	0,221884
2,280000	0,223159
2,290000	0,216786
2,300000	0,220610
2,310000	0,217423
2,320000	0,226346
2,330000	0,221884
2,340000	0,223797
2,350000	0,220610
2,360000	0,221884
2,370000	0,219972
2,380000	0,218698
2,390000	0,223159
2,400000	0,223797
2,410000	0,221884
2,420000	0,221884
2,430000	0,218060
2,440000	0,221884
2,450000	0,219335
2,460000	0,219335
2,470000	0,224434
2,480000	0,223797
2,490000	0,219972
2,500000	0,219335
2,510000	0,223159
2,520000	0,221884
2,530000	0,219335
2,540000	0,222522
2,550000	0,218060
2,560000	0,221884
2,570000	0,216148
2,580000	0,221884
2,590000	0,216786
2,600000	0,224434
2,610000	0,214236
2,620000	0,218698
2,630000	0,221884
2,640000	0,221247
2,650000	0,214236
2,660000	0,224434
2,670000	0,214236
2,680000	0,219335
2,690000	0,214873
2,700000	0,219335
2,710000	0,218060
2,720000	0,216786
2,730000	0,216786
2,740000	0,216786
2,750000	0,218060
2,760000	0,216148
2,770000	0,218698
2,780000	0,216148
2,790000	0,221884
2,800000	0,216148
2,810000	0,216148
2,820000	0,220610
2,830000	0,217423
2,840000	0,216786
2,850000	0,216786
2,860000	0,217423
2,870000	0,221884
2,880000	0,216786
2,890000	0,219335
2,900000	0,215511
2,910000	0,219972
2,920000	0,222522
2,930000	0,221884
2,940000	0,212961
2,950000	0,219335
2,960000	0,218698
2,970000	0,218060
2,980000	0,219335
2,990000	0,211049
3,000000	0,219972
3,010000	0,221247
3,020000	0,217423
3,030000	0,219972
3,040000	0,215511
3,050000	0,219335
3,060000	0,213599
3,070000	0,219972
3,080000	0,219335
3,090000	0,218060
3,100000	0,219335
3,110000	0,219335
3,120000	0,216148
3,130000	0,223159
3,140000	0,218060
3,150000	0,218060
3,160000	0,213599
3,170000	0,219972
3,180000	0,216148
3,190000	0,218698
3,200000	0,215511
3,210000	0,220610
3,220000	0,216786
3,230000	0,219972
3,240000	0,221884
3,250000	0,216786
3,260000	0,218060
3,270000	0,216148
3,280000	0,218060
3,290000	0,217423
3,300000	0,216148
3,310000	0,216148
3,320000	0,217423
3,330000	0,221884
3,340000	0,218060
3,350000	0,220610
3,360000	0,218060
3,370000	0,219972
3,380000	0,219335
3,390000	0,216148
3,400000	0,220610
3,410000	0,222522
3,420000	0,221884
3,430000	0,217423
3,440000	0,219972
3,450000	0,219335
3,460000	0,221884
3,470000	0,220610
3,480000	0,222522
3,490000	0,218060
3,500000	0,222522
3,510000	0,217423
3,520000	0,223159
3,530000	0,216786
3,540000	0,224434
3,550000	0,216148
3,560000	0,220610
3,570000	0,216786
3,580000	0,221884
3,590000	0,216148
3,600000	0,215511
3,610000	0,218060
3,620000	0,218060
3,630000	0,217423
3,640000	0,221884
3,650000	0,216148
3,660000	0,219335
3,670000	0,217423
3,680000	0,225709
3,690000	0,217423
3,700000	0,223797
3,710000	0,218698
3,720000	0,223159
3,730000	0,220610
3,740000	0,215511
3,750000	0,218060
3,760000	0,220610
3,770000	0,224434
3,780000	0,218060
3,790000	0,219972
3,800000	0,219335
3,810000	0,222522
3,820000	0,221884
3,830000	0,219972
3,840000	0,220610
3,850000	0,223797
3,860000	0,221884
3,870000	0,217423
3,880000	0,218698
3,890000	0,220610
3,900000	0,223797
3,910000	0,221247
3,920000	0,222522
3,930000	0,224434
3,940000	0,217423
3,950000	0,221884
3,960000	0,220610
3,970000	0,219972
3,980000	0,221884
3,990000	0,221884
4,000000	0,222522
4,010000	0,220610
4,020000	0,219335
4,030000	0,223797
4,040000	0,222522
4,050000	0,221884
4,060000	0,223159
4,070000	0,218060
4,080000	0,220610
4,090000	0,219335
4,100000	0,220610
4,110000	0,219335
4,120000	0,224434
4,130000	0,219972
4,140000	0,226346
4,150000	0,219335
4,160000	0,223797
4,170000	0,223797
4,180000	0,223797
4,190000	0,224434
4,200000	0,218060
4,210000	0,222522
4,220000	0,218698
4,230000	0,222522
4,240000	0,219972
4,250000	0,224434
4,260000	0,226983
4,270000	0,223159
4,280000	0,220610
4,290000	0,219972
4,300000	0,221247
4,310000	0,223797
4,320000	0,219335
4,330000	0,218698
4,340000	0,219335
4,350000	0,219972
4,360000	0,222522
4,370000	0,221884
4,380000	0,221884
4,390000	0,216148
4,400000	0,216786
4,410000	0,217423
4,420000	0,219335
4,430000	0,214873
4,440000	0,221247
4,450000	0,219972
4,460000	0,221247
4,470000	0,219335
4,480000	0,224434
4,490000	0,221247
4,500000	0,222522
4,510000	0,216148
4,520000	0,218698
4,530000	0,217423
4,540000	0,217423
4,550000	0,218060
4,560000	0,218698
4,570000	0,217423
4,580000	0,221884
4,590000	0,221884
4,600000	0,219335
4,610000	0,219335
4,620000	0,218060
4,630000	0,219335
4,640000	0,216148
4,650000	0,219335
4,660000	0,217423
4,670000	0,220610
4,680000	0,217423
4,690000	0,212961
4,700000	0,221247
4,710000	0,218698
4,720000	0,215511
4,730000	0,218698
4,740000	0,218060
4,750000	0,218060
4,760000	0,218698
4,770000	0,219335
4,780000	0,203401
4,790000	0,215511
4,800000	0,216148
4,810000	0,222522
4,820000	0,215511
4,830000	0,218060
4,840000	0,213599
4,850000	0,216148
4,860000	0,216786
4,870000	0,215511
4,880000	0,216148
4,890000	0,216148
4,900000	0,219335
4,910000	0,215511
4,920000	0,216148
4,930000	0,216786
4,940000	0,218060
4,950000	0,207225
4,960000	0,221247
4,970000	0,215511
4,980000	0,216786
4,990000	0,216148
5,000000	0,218698
5,010000	0,216786
5,020000	0,216786
5,030000	0,219335
5,040000	0,219335
5,050000	0,217423
5,060000	0,217423
5,070000	0,214236
5,080000	0,216786
5,090000	0,214236
5,100000	0,219335
5,110000	0,220610
5,120000	0,214236
5,130000	0,221884
5,140000	0,214236
5,150000	0,222522
5,160000	0,218698
5,170000	0,211687
5,180000	0,216786
5,190000	0,208500
5,200000	0,213599
5,210000	0,209137
5,220000	0,213599
5,230000	0,212324
5,240000	0,214236
5,250000	0,217423
5,260000	0,214236
5,270000	0,219335
5,280000	0,214873
5,290000	0,219335
5,300000	0,215511
5,310000	0,218698
5,320000	0,212324
5,330000	0,207862
5,340000	0,215511
5,350000	0,207225
5,360000	0,215511
5,370000	0,205313
5,380000	0,216148
5,390000	0,210412
5,400000	0,216148
5,410000	0,213599
5,420000	0,219335
5,430000	0,213599
5,440000	0,213599
5,450000	0,213599
5,460000	0,212961
5,470000	0,216786
5,480000	0,216786
5,490000	0,214236
5,500000	0,217423
5,510000	0,216148
5,520000	0,219972
5,530000	0,216148
5,540000	0,214873
5,550000	0,219335
5,560000	0,215511
5,570000	0,216148
5,580000	0,216786
5,590000	0,216148
5,600000	0,215511
5,610000	0,214873
5,620000	0,212961
5,630000	0,218698
5,640000	0,213599
5,650000	0,217423
5,660000	0,209137
5,670000	0,217423
5,680000	0,216786
5,690000	0,216786
5,700000	0,216786
5,710000	0,214236
5,720000	0,217423
5,730000	0,216148
5,740000	0,214873
5,750000	0,216148
5,760000	0,217423
5,770000	0,215511
5,780000	0,219972
5,790000	0,211687
5,800000	0,221884
5,810000	0,212324
5,820000	0,219335
5,830000	0,216148
5,840000	0,218060
5,850000	0,214873
5,860000	0,218060
5,870000	0,216148
5,880000	0,216786
5,890000	0,214236
5,900000	0,219972
5,910000	0,218060
5,920000	0,218060
5,930000	0,214236
5,940000	0,215511
5,950000	0,215511
5,960000	0,218698
5,970000	0,215511
5,980000	0,214873
5,990000	0,213599
6,000000	0,216148
6,010000	0,212324
6,020000	0,222522
6,030000	0,216148
6,040000	0,215511
6,050000	0,215511
6,060000	0,217423
6,070000	0,215511
6,080000	0,216148
6,090000	0,214873
6,100000	0,219335
6,110000	0,213599
6,120000	0,219335
6,130000	0,214236
6,140000	0,218060
6,150000	0,212324
6,160000	0,215511
6,170000	0,212324
6,180000	0,215511
6,190000	0,212324
6,200000	0,218698
6,210000	0,216148
6,220000	0,218698
6,230000	0,214236
6,240000	0,216148
6,250000	0,212324
6,260000	0,217423
6,270000	0,212961
6,280000	0,214236
6,290000	0,212961
6,300000	0,218060
6,310000	0,212961
6,320000	0,216786
6,330000	0,212961
6,340000	0,218060
6,350000	0,216786
6,360000	0,214873
6,370000	0,212961
6,380000	0,216786
6,390000	0,213599
6,400000	0,216148
6,410000	0,213599
6,420000	0,214873
6,430000	0,214873
6,440000	0,214236
6,450000	0,214873
6,460000	0,216148
6,470000	0,212324
6,480000	0,217423
6,490000	0,214236
6,500000	0,218060
6,510000	0,212961
6,520000	0,212961
6,530000	0,212324
6,540000	0,214236
6,550000	0,216148
6,560000	0,212324
6,570000	0,215511
6,580000	0,215511
6,590000	0,212324
6,600000	0,212324
6,610000	0,216786
6,620000	0,211049
6,630000	0,215511
6,640000	0,208500
6,650000	0,213599
6,660000	0,212324
6,670000	0,216786
6,680000	0,207862
6,690000	0,212324
6,700000	0,210412
6,710000	0,214873
6,720000	0,211049
6,730000	0,214236
6,740000	0,211687
6,750000	0,211687
6,760000	0,210412
6,770000	0,211687
6,780000	0,216786
6,790000	0,207225
6,800000	0,212324
6,810000	0,210412
6,820000	0,212961
6,830000	0,209137
6,840000	0,211687
6,850000	0,205313
6,860000	0,209137
6,870000	0,209775
6,880000	0,211049
6,890000	0,208500
6,900000	0,211049
6,910000	0,206588
6,920000	0,211687
6,930000	0,210412
6,940000	0,213599
6,950000	0,206588
6,960000	0,211049
6,970000	0,208500
6,980000	0,211687
6,990000	0,212961
7,000000	0,212324
7,010000	0,211049
7,020000	0,211049
7,030000	0,211049
7,040000	0,213599
7,050000	0,209137
7,060000	0,210412
7,070000	0,207862
7,080000	0,208500
7,090000	0,209137
7,100000	0,209775
7,110000	0,210412
7,120000	0,211687
7,130000	0,211687
7,140000	0,212324
7,150000	0,209775
7,160000	0,210412
7,170000	0,209137
7,180000	0,208500
7,190000	0,209775
7,200000	0,206588
7,210000	0,207862
7,220000	0,207862
7,230000	0,212324
7,240000	0,210412
7,250000	0,207862
7,260000	0,211687
7,270000	0,207862
7,280000	0,209137
7,290000	0,210412
7,300000	0,211049
7,310000	0,210412
7,320000	0,211049
7,330000	0,212961
7,340000	0,211687
7,350000	0,211049
7,360000	0,213599
7,370000	0,206588
7,380000	0,208500
7,390000	0,208500
7,400000	0,212324
7,410000	0,212324
7,420000	0,209137
7,430000	0,206588
7,440000	0,210412
7,450000	0,206588
7,460000	0,209137
7,470000	0,209775
7,480000	0,212324
7,490000	0,209775
7,500000	0,205950
7,510000	0,210412
7,520000	0,209775
7,530000	0,208500
7,540000	0,208500
7,550000	0,209137
7,560000	0,207225
7,570000	0,209775
7,580000	0,211687
7,590000	0,209137
7,600000	0,211687
7,610000	0,209137
7,620000	0,212961
7,630000	0,208500
7,640000	0,209137
7,650000	0,207225
7,660000	0,210412
7,670000	0,208500
7,680000	0,211687
7,690000	0,205950
7,700000	0,211049
7,710000	0,208500
7,720000	0,211049
7,730000	0,207225
7,740000	0,214236
7,750000	0,208500
7,760000	0,210412
7,770000	0,204676
7,780000	0,212324
7,790000	0,208500
7,800000	0,211687
7,810000	0,206588
7,820000	0,211687
7,830000	0,208500
7,840000	0,211049
7,850000	0,208500
7,860000	0,211687
7,870000	0,208500
7,880000	0,209137
7,890000	0,209137
7,900000	0,210412
7,910000	0,207225
7,920000	0,207862
7,930000	0,209775
7,940000	0,209137
7,950000	0,210412
7,960000	0,209137
7,970000	0,209137
7,980000	0,211687
7,990000	0,209137
8,000000	0,208500
8,010000	0,210412
8,020000	0,209137
8,030000	0,206588
8,040000	0,209137
8,050000	0,209775
8,060000	0,207862
8,070000	0,207862
8,080000	0,206588
8,090000	0,209137
8,100000	0,209137
8,110000	0,209137
8,120000	0,208500
8,130000	0,207225
8,140000	0,210412
8,150000	0,208500
8,160000	0,209137
8,170000	0,209137
8,180000	0,211049
8,190000	0,205950
8,200000	0,209137
8,210000	0,207862
8,220000	0,211049
8,230000	0,204676
8,240000	0,207862
8,250000	0,205313
8,260000	0,209775
8,270000	0,205950
8,280000	0,208500
8,290000	0,207862
8,300000	0,208500
8,310000	0,206588
8,320000	0,208500
8,330000	0,207862
8,340000	0,207862
8,350000	0,205313
8,360000	0,205950
8,370000	0,203401
8,380000	0,208500
8,390000	0,204676
8,400000	0,206588
8,410000	0,205313
8,420000	0,209775
8,430000	0,204676
8,440000	0,207862
8,450000	0,203401
8,460000	0,206588
8,470000	0,202126
8,480000	0,207862
8,490000	0,205313
8,500000	0,208500
8,510000	0,204676
8,520000	0,209137
8,530000	0,205313
8,540000	0,208500
8,550000	0,206588
8,560000	0,207225
8,570000	0,202126
8,580000	0,205313
8,590000	0,203401
8,600000	0,207862
8,610000	0,202126
8,620000	0,209137
8,630000	0,206588
8,640000	0,207225
8,650000	0,204676
8,660000	0,204038
8,670000	0,206588
8,680000	0,203401
8,690000	0,206588
8,700000	0,205313
8,710000	0,202126
8,720000	0,203401
8,730000	0,201489
8,740000	0,204038
8,750000	0,198939
8,760000	0,204038
8,770000	0,198302
8,780000	0,202126
8,790000	0,198302
8,800000	0,207862
8,810000	0,198939
8,820000	0,204676
8,830000	0,199577
8,840000	0,203401
8,850000	0,199577
8,860000	0,204038
8,870000	0,202763
8,880000	0,204676
8,890000	0,201489
8,900000	0,202763
8,910000	0,200851
8,920000	0,204038
8,930000	0,201489
8,940000	0,204038
8,950000	0,201489
8,960000	0,202763
8,970000	0,202126
8,980000	0,204676
8,990000	0,201489
9,000000	0,205313
9,010000	0,201489
9,020000	0,205950
9,030000	0,200214
9,040000	0,205313
9,050000	0,200851
9,060000	0,202126
9,070000	0,198302
9,080000	0,200851
9,090000	0,201489
9,100000	0,198302
9,110000	0,197665
9,120000	0,205313
9,130000	0,201489
9,140000	0,202763
9,150000	0,200851
9,160000	0,203401
9,170000	0,201489
9,180000	0,201489
9,190000	0,204676
9,200000	0,200214
9,210000	0,202763
9,220000	0,198939
9,230000	0,202763
9,240000	0,198939
9,250000	0,201489
9,260000	0,200214
9,270000	0,201489
9,280000	0,210412
9,290000	0,201489
9,300000	0,205950
9,310000	0,199577
9,320000	0,201489
9,330000	0,201489
9,340000	0,200214
9,350000	0,202763
9,360000	0,200214
9,370000	0,199577
9,380000	0,197665
9,390000	0,202126
9,400000	0,200851
9,410000	0,201489
9,420000	0,198939
9,430000	0,203401
9,440000	0,212324
9,450000	0,201489
9,460000	0,201489
9,470000	0,203401
9,480000	0,200851
9,490000	0,202126
9,500000	0,196390
9,510000	0,201489
9,520000	0,200214
9,530000	0,202126
9,540000	0,196390
9,550000	0,203401
9,560000	0,199577
9,570000	0,199577
9,580000	0,200851
9,590000	0,200851
9,600000	0,209775
9,610000	0,200214
9,620000	0,200214
9,630000	0,199577
9,640000	0,202763
9,650000	0,198302
9,660000	0,200214
9,670000	0,200851
9,680000	0,201489
9,690000	0,198939
9,700000	0,200851
9,710000	0,202126
9,720000	0,198939
9,730000	0,198939
9,740000	0,201489
9,750000	0,202763
9,760000	0,212961
9,770000	0,201489
9,780000	0,198939
9,790000	0,200851
9,800000	0,202763
9,810000	0,199577
9,820000	0,198302
9,830000	0,200214
9,840000	0,201489
9,850000	0,200851
9,860000	0,198939
9,870000	0,198302
9,880000	0,201489
9,890000	0,198939
9,900000	0,202763
9,910000	0,195752
9,920000	0,199577
9,930000	0,198302
9,940000	0,200214
9,950000	0,196390
9,960000	0,200851
9,970000	0,195752
9,980000	0,203401
9,990000	0,198939
10,000000	0,212324
10,010000	0,201489
10,020000	0,202126
10,030000	0,199577
10,040000	0,202126
10,050000	0,198939
10,060000	0,201489
10,070000	0,200214
10,080000	0,202763
10,090000	0,195752
10,100000	0,202763
10,110000	0,201489
10,120000	0,202126
10,130000	0,197665
10,140000	0,202126
10,150000	0,197665
10,160000	0,213599
10,170000	0,199577
10,180000	0,200851
10,190000	0,196390
10,200000	0,197027
10,210000	0,198302
10,220000	0,198302
10,230000	0,198302
10,240000	0,199577
10,250000	0,197027
10,260000	0,198939
10,270000	0,195752
10,280000	0,197665
10,290000	0,196390
10,300000	0,198939
10,310000	0,195115
10,320000	0,213599
10,330000	0,194478
10,340000	0,200214
10,350000	0,193840
10,360000	0,198939
10,370000	0,193840
10,380000	0,199577
10,390000	0,196390
10,400000	0,198939
10,410000	0,195752
10,420000	0,200214
10,430000	0,193840
10,440000	0,197027
10,450000	0,194478
10,460000	0,198939
10,470000	0,195115
10,480000	0,199577
10,490000	0,194478
10,500000	0,198302
10,510000	0,195115
10,520000	0,198939
10,530000	0,197027
10,540000	0,197665
10,550000	0,190654
10,560000	0,199577
10,570000	0,193203
10,580000	0,199577
10,590000	0,192566
10,600000	0,195752
10,610000	0,193840
10,620000	0,198302
10,630000	0,193840
10,640000	0,204038
10,650000	0,192566
10,660000	0,197027
10,670000	0,195752
10,680000	0,194478
10,690000	0,193840
10,700000	0,195115
10,710000	0,193840
10,720000	0,193840
10,730000	0,193840
10,740000	0,197665
10,750000	0,191291
10,760000	0,196390
10,770000	0,193840
10,780000	0,197665
10,790000	0,192566
10,800000	0,200214
10,810000	0,191291
10,820000	0,193203
10,830000	0,193840
10,840000	0,192566
10,850000	0,190016
10,860000	0,193840
10,870000	0,192566
10,880000	0,192566
10,890000	0,193203
10,900000	0,191291
10,910000	0,193840
10,920000	0,195752
10,930000	0,190016
10,940000	0,194478
10,950000	0,190016
10,960000	0,193203
10,970000	0,192566
10,980000	0,195752
10,990000	0,193203
11,000000	0,194478
11,010000	0,188741
11,020000	0,193840
11,030000	0,188741
11,040000	0,193203
11,050000	0,188741
11,060000	0,194478
11,070000	0,188104
11,080000	0,194478
11,090000	0,191291
11,100000	0,193840
11,110000	0,191928
11,120000	0,193203
11,130000	0,190016
11,140000	0,195115
11,150000	0,190654
11,160000	0,191928
11,170000	0,190016
11,180000	0,193203
11,190000	0,191291
11,200000	0,192566
11,210000	0,188104
11,220000	0,192566
11,230000	0,190654
11,240000	0,198302
11,250000	0,192566
11,260000	0,191291
11,270000	0,188741
11,280000	0,192566
11,290000	0,190016
11,300000	0,190654
11,310000	0,191291
11,320000	0,193840
11,330000	0,189379
11,340000	0,191291
11,350000	0,190016
11,360000	0,193840
11,370000	0,189379
11,380000	0,191291
11,390000	0,188104
11,400000	0,194478
11,410000	0,188741
11,420000	0,192566
11,430000	0,186192
11,440000	0,195752
11,450000	0,188741
11,460000	0,191291
11,470000	0,188104
11,480000	0,200214
11,490000	0,188104
11,500000	0,191291
11,510000	0,190016
11,520000	0,191928
11,530000	0,186829
11,540000	0,193840
11,550000	0,183643
11,560000	0,193203
11,570000	0,187467
11,580000	0,191291
11,590000	0,189379
11,600000	0,190654
11,610000	0,190654
11,620000	0,196390
11,630000	0,190016
11,640000	0,196390
11,650000	0,190016
11,660000	0,190654
11,670000	0,191291
11,680000	0,191928
11,690000	0,190654
11,700000	0,188104
11,710000	0,189379
11,720000	0,191291
11,730000	0,188104
11,740000	0,190016
11,750000	0,188104
11,760000	0,191291
11,770000	0,190654
11,780000	0,193203
11,790000	0,188741
11,800000	0,198939
11,810000	0,191291
11,820000	0,190016
11,830000	0,190016
11,840000	0,191291
11,850000	0,193203
11,860000	0,190016
11,870000	0,189379
11,880000	0,190016
11,890000	0,187467
11,900000	0,191928
11,910000	0,191291
11,920000	0,188104
11,930000	0,192566
11,940000	0,189379
11,950000	0,190016
11,960000	0,198302
11,970000	0,193840
11,980000	0,186192
11,990000	0,191291
12,000000	0,187467
12,010000	0,190016
12,020000	0,190654
12,030000	0,190016
12,040000	0,187467
12,050000	0,186829
12,060000	0,191291
12,070000	0,189379
12,080000	0,191291
12,090000	0,189379
12,100000	0,186829
12,110000	0,187467
12,120000	0,192566
12,130000	0,190654
12,140000	0,188741
12,150000	0,185555
12,160000	0,187467
12,170000	0,188741
12,180000	0,190016
12,190000	0,187467
12,200000	0,188741
12,210000	0,188741
12,220000	0,188104
12,230000	0,190654
12,240000	0,190016
12,250000	0,186192
12,260000	0,190016
12,270000	0,190654
12,280000	0,188104
12,290000	0,185555
12,300000	0,188741
12,310000	0,188104
12,320000	0,189379
12,330000	0,189379
12,340000	0,191928
12,350000	0,188741
12,360000	0,191291
12,370000	0,185555
12,380000	0,188104
12,390000	0,188104
12,400000	0,188741
12,410000	0,184917
12,420000	0,185555
12,430000	0,189379
12,440000	0,185555
12,450000	0,188741
12,460000	0,185555
12,470000	0,186192
12,480000	0,186829
12,490000	0,183643
12,500000	0,187467
12,510000	0,186192
12,520000	0,182368
12,530000	0,184917
12,540000	0,187467
12,550000	0,185555
12,560000	0,183643
12,570000	0,185555
12,580000	0,186192
12,590000	0,183005
12,600000	0,188104
12,610000	0,188104
12,620000	0,184280
12,630000	0,183643
12,640000	0,183643
12,650000	0,181093
12,660000	0,184280
12,670000	0,185555
12,680000	0,185555
12,690000	0,188741
12,700000	0,185555
12,710000	0,181093
12,720000	0,185555
12,730000	0,183005
12,740000	0,185555
12,750000	0,185555
12,760000	0,181730
12,770000	0,183643
12,780000	0,184280
12,790000	0,178544
12,800000	0,179181
12,810000	0,184917
12,820000	0,182368
12,830000	0,186192
12,840000	0,182368
12,850000	0,186192
12,860000	0,184280
12,870000	0,181093
12,880000	0,183643
12,890000	0,184280
12,900000	0,185555
12,910000	0,184280
12,920000	0,184280
12,930000	0,180456
12,940000	0,185555
12,950000	0,181730
12,960000	0,183005
12,970000	0,180456
12,980000	0,183643
12,990000	0,179181
13,000000	0,188104
13,010000	0,177269
13,020000	0,183005
13,030000	0,179181
13,040000	0,186192
13,050000	0,177906
13,060000	0,188104
13,070000	0,182368
13,080000	0,186829
13,090000	0,179181
13,100000	0,185555
13,110000	0,179181
13,120000	0,183643
13,130000	0,180456
13,140000	0,183005
13,150000	0,178544
13,160000	0,182368
13,170000	0,181730
13,180000	0,182368
13,190000	0,179818
13,200000	0,183005
13,210000	0,182368
13,220000	0,180456
13,230000	0,178544
13,240000	0,184917
13,250000	0,181730
13,260000	0,179818
13,270000	0,180456
13,280000	0,183643
13,290000	0,178544
13,300000	0,179818
13,310000	0,178544
13,320000	0,183005
13,330000	0,182368
13,340000	0,182368
13,350000	0,177906
13,360000	0,182368
13,370000	0,183643
13,380000	0,179181
13,390000	0,182368
13,400000	0,179818
13,410000	0,176631
13,420000	0,183643
13,430000	0,184280
13,440000	0,181730
13,450000	0,180456
13,460000	0,181730
13,470000	0,181730
13,480000	0,183005
13,490000	0,181093
13,500000	0,184917
13,510000	0,179181
13,520000	0,177906
13,530000	0,179818
13,540000	0,179818
13,550000	0,182368
13,560000	0,183005
13,570000	0,179818
13,580000	0,178544
13,590000	0,177906
13,600000	0,179818
13,610000	0,182368
13,620000	0,182368
13,630000	0,181093
13,640000	0,180456
13,650000	0,180456
13,660000	0,180456
13,670000	0,180456
13,680000	0,178544
13,690000	0,181730
13,700000	0,177269
13,710000	0,179818
13,720000	0,175994
13,730000	0,177906
13,740000	0,180456
13,750000	0,181093
13,760000	0,175357
13,770000	0,179181
13,780000	0,179818
13,790000	0,177906
13,800000	0,175357
13,810000	0,183643
13,820000	0,179818
13,830000	0,178544
13,840000	0,179181
13,850000	0,180456
13,860000	0,177269
13,870000	0,179818
13,880000	0,178544
13,890000	0,178544
13,900000	0,179181
13,910000	0,177906
13,920000	0,179818
13,930000	0,181730
13,940000	0,177906
13,950000	0,180456
13,960000	0,178544
13,970000	0,179181
13,980000	0,179181
13,990000	0,177906
14,000000	0,177269
14,010000	0,181730
14,020000	0,177269
14,030000	0,178544
14,040000	0,176631
14,050000	0,177269
14,060000	0,176631
14,070000	0,180456
14,080000	0,176631
14,090000	0,178544
14,100000	0,179181
14,110000	0,177906
14,120000	0,175357
14,130000	0,179818
14,140000	0,175994
14,150000	0,165159
14,160000	0,177906
14,170000	0,177269
14,180000	0,181730
14,190000	0,178544
14,200000	0,177269
14,210000	0,178544
14,220000	0,175357
14,230000	0,178544
14,240000	0,179181
14,250000	0,174082
14,260000	0,181093
14,270000	0,173445
14,280000	0,177269
14,290000	0,176631
14,300000	0,179181
14,310000	0,175994
14,320000	0,178544
14,330000	0,177269
14,340000	0,179818
14,350000	0,175357
14,360000	0,179181
14,370000	0,174719
14,380000	0,182368
14,390000	0,175357
14,400000	0,178544
14,410000	0,173445
14,420000	0,177269
14,430000	0,173445
14,440000	0,176631
14,450000	0,164522
14,460000	0,177269
14,470000	0,174082
14,480000	0,173445
14,490000	0,172807
14,500000	0,175357
14,510000	0,175357
14,520000	0,177906
14,530000	0,172170
14,540000	0,175994
14,550000	0,172807
14,560000	0,179181
14,570000	0,168983
14,580000	0,177269
14,590000	0,170895
14,600000	0,176631
14,610000	0,174719
14,620000	0,178544
14,630000	0,170895
14,640000	0,175357
14,650000	0,172170
14,660000	0,173445
14,670000	0,174719
14,680000	0,175994
14,690000	0,176631
14,700000	0,175994
14,710000	0,175357
14,720000	0,175357
14,730000	0,173445
14,740000	0,172807
14,750000	0,175994
14,760000	0,174082
14,770000	0,171533
14,780000	0,172807
14,790000	0,175994
14,800000	0,173445
14,810000	0,171533
14,820000	0,172170
14,830000	0,173445
14,840000	0,173445
14,850000	0,172170
14,860000	0,175357
14,870000	0,175357
14,880000	0,175357
14,890000	0,173445
14,900000	0,171533
14,910000	0,175357
14,920000	0,176631
14,930000	0,174719
14,940000	0,173445
14,950000	0,177269
14,960000	0,174082
14,970000	0,172170
14,980000	0,172807
14,990000	0,172170
15,000000	0,172170
15,010000	0,174082
15,020000	0,172807
15,030000	0,172807
15,040000	0,173445
15,050000	0,170895
15,060000	0,169620
15,070000	0,170895
15,080000	0,169620
15,090000	0,172807
15,100000	0,171533
15,110000	0,168983
15,120000	0,173445
15,130000	0,172807
15,140000	0,173445
15,150000	0,172170
15,160000	0,173445
15,170000	0,172807
15,180000	0,170895
15,190000	0,177269
15,200000	0,169620
15,210000	0,172170
15,220000	0,172170
15,230000	0,173445
15,240000	0,170895
15,250000	0,173445
15,260000	0,173445
15,270000	0,172170
15,280000	0,171533
15,290000	0,171533
15,300000	0,170258
15,310000	0,170895
15,320000	0,170895
15,330000	0,170258
15,340000	0,170258
15,350000	0,169620
15,360000	0,173445
15,370000	0,168346
15,380000	0,172170
15,390000	0,172170
15,400000	0,170895
15,410000	0,170258
15,420000	0,176631
15,430000	0,167708
15,440000	0,170895
15,450000	0,174082
15,460000	0,172170
15,470000	0,168346
15,480000	0,171533
15,490000	0,167708
15,500000	0,175357
15,510000	0,168983
15,520000	0,170895
15,530000	0,167708
15,540000	0,172807
15,550000	0,168346
15,560000	0,174082
15,570000	0,168983
15,580000	0,169620
15,590000	0,168346
15,600000	0,172170
15,610000	0,169620
15,620000	0,171533
15,630000	0,165796
15,640000	0,173445
15,650000	0,168983
15,660000	0,169620
15,670000	0,171533
15,680000	0,169620
15,690000	0,168983
15,700000	0,168346
15,710000	0,167708
15,720000	0,168983
15,730000	0,167708
15,740000	0,167708
15,750000	0,170258
15,760000	0,168346
15,770000	0,168983
15,780000	0,168346
15,790000	0,169620
15,800000	0,170258
15,810000	0,172170
15,820000	0,170895
15,830000	0,174082
15,840000	0,172170
15,850000	0,168983
15,860000	0,170258
15,870000	0,170895
15,880000	0,167708
15,890000	0,165159
15,900000	0,170895
15,910000	0,167071
15,920000	0,172170
15,930000	0,170895
15,940000	0,170258
15,950000	0,164522
15,960000	0,168983
15,970000	0,169620
15,980000	0,165796
15,990000	0,168346
16,000000	0,165796
16,010000	0,168983
16,020000	0,168346
16,030000	0,168346
16,040000	0,168983
16,050000	0,170258
16,060000	0,168346
16,070000	0,167071
16,080000	0,167708
16,090000	0,164522
16,100000	0,163247
16,110000	0,171533
16,120000	0,166434
16,130000	0,166434
16,140000	0,167071
16,150000	0,163247
16,160000	0,165159
16,170000	0,167708
16,180000	0,168983
16,190000	0,166434
16,200000	0,171533
16,210000	0,168346
16,220000	0,168983
16,230000	0,167071
16,240000	0,168983
16,250000	0,166434
16,260000	0,166434
16,270000	0,164522
16,280000	0,165796
16,290000	0,166434
16,300000	0,166434
16,310000	0,166434
16,320000	0,165796
16,330000	0,165796
16,340000	0,165159
16,350000	0,165796
16,360000	0,164522
16,370000	0,169620
16,380000	0,169620
16,390000	0,166434
16,400000	0,165159
16,410000	0,167071
16,420000	0,167071
16,430000	0,170895
16,440000	0,168983
16,450000	0,165159
16,460000	0,161972
16,470000	0,165159
16,480000	0,169620
16,490000	0,167071
16,500000	0,166434
16,510000	0,165159
16,520000	0,167708
16,530000	0,167708
16,540000	0,166434
16,550000	0,165796
16,560000	0,166434
16,570000	0,160697
16,580000	0,162609
16,590000	0,163247
16,600000	0,165159
16,610000	0,165796
16,620000	0,163247
16,630000	0,165796
16,640000	0,162609
16,650000	0,165159
16,660000	0,165159
16,670000	0,162609
16,680000	0,167708
16,690000	0,161335
16,700000	0,164522
16,710000	0,163247
16,720000	0,165796
16,730000	0,162609
16,740000	0,162609
16,750000	0,167071
16,760000	0,165159
16,770000	0,165796
16,780000	0,161972
16,790000	0,162609
16,800000	0,165796
16,810000	0,167708
16,820000	0,164522
16,830000	0,165796
16,840000	0,166434
16,850000	0,167071
16,860000	0,163247
16,870000	0,168346
16,880000	0,166434
16,890000	0,165159
16,900000	0,165796
16,910000	0,161972
16,920000	0,167708
16,930000	0,163247
16,940000	0,165796
16,950000	0,165796
16,960000	0,165796
16,970000	0,160697
16,980000	0,161335
16,990000	0,165159
17,000000	0,164522
17,010000	0,163247
17,020000	0,166434
17,030000	0,162609
17,040000	0,160697
17,050000	0,160697
17,060000	0,163247
17,070000	0,165159
17,080000	0,161972
17,090000	0,163884
17,100000	0,161335
17,110000	0,167071
17,120000	0,163884
17,130000	0,161972
17,140000	0,162609
17,150000	0,162609
17,160000	0,160697
17,170000	0,167071
17,180000	0,158785
17,190000	0,165796
17,200000	0,160060
17,210000	0,160697
17,220000	0,161972
17,230000	0,163247
17,240000	0,160697
17,250000	0,162609
17,260000	0,160060
17,270000	0,160060
17,280000	0,161335
17,290000	0,167071
17,300000	0,163884
17,310000	0,163247
17,320000	0,157511
17,330000	0,162609
17,340000	0,164522
17,350000	0,152412
17,360000	0,160060
17,370000	0,163247
17,380000	0,161972
17,390000	0,161972
17,400000	0,160060
17,410000	0,165796
17,420000	0,169620
17,430000	0,163247
17,440000	0,163247
17,450000	0,168346
17,460000	0,160697
17,470000	0,163884
17,480000	0,177269
17,490000	0,167071
17,500000	0,163247
17,510000	0,164522
17,520000	0,165796
17,530000	0,160697
17,540000	0,165159
17,550000	0,161972
17,560000	0,165159
17,570000	0,182368
17,580000	0,162609
17,590000	0,153686
17,600000	0,149862
17,610000	0,158148
17,620000	0,172170
17,630000	0,164522
17,640000	0,163247
17,650000	0,165796
17,660000	0,168346
17,670000	0,162609
17,680000	0,166434
17,690000	0,151137
17,700000	0,161335
17,710000	0,141576
17,720000	0,148587
17,730000	0,162609
17,740000	0,174082
17,750000	0,160060
17,760000	0,162609
17,770000	0,121818
17,780000	0,160697
17,790000	0,165159
17,800000	0,107159
17,810000	0,156236
17,820000	0,155598
17,830000	0,162609
17,840000	0,165796
17,850000	0,154324
17,860000	0,126280
17,870000	0,155598
17,880000	0,160060
17,890000	0,164522
17,900000	0,163247
17,910000	0,155598
17,920000	0,170895
17,930000	0,155598
17,940000	0,157511
17,950000	0,158148
17,960000	0,163247
17,970000	0,158148
17,980000	0,160697
17,990000	0,161335
18,000000	0,159423
18,010000	0,159423
18,020000	0,159423
18,030000	0,152412
18,040000	0,159423
18,050000	0,149225
18,060000	0,155598
18,070000	0,151137
18,080000	0,158785
18,090000	0,161335
18,100000	0,158148
18,110000	0,162609
18,120000	0,161972
18,130000	0,161335
18,140000	0,154961
18,150000	0,162609
18,160000	0,157511
18,170000	0,163247
18,180000	0,151774
18,190000	0,163884
18,200000	0,150499
18,210000	0,160060
18,220000	0,151137
18,230000	0,153049
18,240000	0,186829
18,250000	0,163247
18,260000	0,165159
18,270000	0,157511
18,280000	0,154961
18,290000	0,154961
18,300000	0,159423
18,310000	0,137115
18,320000	0,164522
18,330000	0,154961
18,340000	0,135203
18,350000	0,153049
18,360000	0,160697
18,370000	0,160697
18,380000	0,153049
18,390000	0,157511
18,400000	0,156873
18,410000	0,144763
18,420000	0,160060
18,430000	0,152412
18,440000	0,157511
18,450000	0,137115
18,460000	0,167071
18,470000	0,156873
18,480000	0,135203
18,490000	0,171533
18,500000	0,160060
18,510000	0,126917
18,520000	0,193840
18,530000	0,159423
18,540000	0,193203
18,550000	0,147950
18,560000	0,156873
18,570000	0,122455
18,580000	0,153049
18,590000	0,156873
18,600000	0,112895
18,610000	0,146675
18,620000	0,157511
18,630000	0,113532
18,640000	0,154961
18,650000	0,151774
18,660000	0,235907
18,670000	0,154324
18,680000	0,147950
18,690000	0,198939
18,700000	0,153686
18,710000	0,153049
18,720000	0,134565
18,730000	0,153686
18,740000	0,140939
18,750000	0,143488
18,760000	0,156236
18,770000	0,151774
18,780000	0,155598
18,790000	0,157511
18,800000	0,155598
18,810000	0,154324
18,820000	0,149862
18,830000	0,161972
18,840000	0,156873
18,850000	0,154324
18,860000	0,154961
18,870000	0,146675
18,880000	0,156873
18,890000	0,155598
18,900000	0,156236
18,910000	0,151774
18,920000	0,160060
18,930000	0,153049
18,940000	0,160697
18,950000	0,151774
18,960000	0,155598
18,970000	0,153049
18,980000	0,150499
18,990000	0,156873
19,000000	0,148587
19,010000	0,150499
19,020000	0,151137
19,030000	0,154324
19,040000	0,158148
19,050000	0,161335
19,060000	0,156236
19,070000	0,151774
19,080000	0,150499
19,090000	0,156873
19,100000	0,151774
19,110000	0,147313
19,120000	0,130104
19,130000	0,149862
19,140000	0,155598
19,150000	0,134565
19,160000	0,160697
19,170000	0,172170
19,180000	0,156236
19,190000	0,170895
19,200000	0,152412
19,210000	0,174082
19,220000	0,158148
19,230000	0,134565
19,240000	0,154324
19,250000	0,144126
19,260000	0,146038
19,270000	0,158785
19,280000	0,148587
19,290000	0,158785
19,300000	0,153049
19,310000	0,158148
19,320000	0,148587
19,330000	0,147950
19,340000	0,165796
19,350000	0,151774
19,360000	0,145401
19,370000	0,155598
19,380000	0,152412
19,390000	0,155598
19,400000	0,110983
19,410000	0,149862
19,420000	0,147313
19,430000	0,189379
19,440000	0,159423
19,450000	0,116082
19,460000	0,092499
19,470000	0,151774
19,480000	0,104609
19,490000	0,165159
19,500000	0,165159
19,510000	0,160697
19,520000	0,154961
19,530000	0,149862
19,540000	0,107796
19,550000	0,148587
19,560000	0,160697
19,570000	0,088675
19,580000	0,154961
19,590000	0,146675
19,600000	0,177269
19,610000	0,147950
19,620000	0,151137
19,630000	0,181093
19,640000	0,145401
19,650000	0,151774
19,660000	0,158785
19,670000	0,149225
19,680000	0,157511
19,690000	0,151137
19,700000	0,158785
19,710000	0,150499
19,720000	0,161972
19,730000	0,156873
19,740000	0,154961
19,750000	0,154961
19,760000	0,153686
19,770000	0,143488
19,780000	0,147313
19,790000	0,142214
19,800000	0,131379
19,810000	0,156873
19,820000	0,142214
19,830000	0,166434
19,840000	0,156236
19,850000	0,151137
19,860000	0,179818
19,870000	0,153686
19,880000	0,164522
19,890000	0,140939
19,900000	0,158148
19,910000	0,147313
19,920000	0,154324
19,930000	0,156236
19,940000	0,168983
19,950000	0,147950
19,960000	0,153049
19,970000	0,147313
19,980000	0,137752
19,990000	0,159423
20,000000	0,156236
20,010000	0,145401
20,020000	0,148587
20,030000	0,147313
20,040000	0,146038
20,050000	0,143488
20,060000	0,161972
20,070000	0,155598
20,080000	0,132653
20,090000	0,145401
20,100000	0,172807
20,110000	0,163247
20,120000	0,140302
20,130000	0,144763
20,140000	0,148587
20,150000	0,142851
20,160000	0,146038
20,170000	0,179181
20,180000	0,147313
20,190000	0,173445
20,200000	0,121181
20,210000	0,154324
20,220000	0,153686
20,230000	0,150499
20,240000	0,146675
20,250000	0,179181
20,260000	0,140939
20,270000	0,140302
20,280000	0,187467
20,290000	0,169620
20,300000	0,143488
20,310000	0,123093
20,320000	0,149225
20,330000	0,150499
20,340000	0,107796
20,350000	0,142214
20,360000	0,146038
20,370000	0,102060
20,380000	0,146038
20,390000	0,143488
20,400000	0,225071
20,410000	0,147950
20,420000	0,144126
20,430000	0,230170
20,440000	0,148587
20,450000	0,146038
20,460000	0,158785
20,470000	0,149225
20,480000	0,149862
20,490000	0,115444
20,500000	0,147313
20,510000	0,147950
20,520000	0,147313
20,530000	0,146038
20,540000	0,150499
20,550000	0,154961
20,560000	0,147950
20,570000	0,146675
20,580000	0,149862
20,590000	0,146038
20,600000	0,153049
20,610000	0,149862
20,620000	0,147950
20,630000	0,149862
20,640000	0,153686
20,650000	0,152412
20,660000	0,154324
20,670000	0,151774
20,680000	0,142851
20,690000	0,142214
20,700000	0,150499
20,710000	0,145401
20,720000	0,132653
20,730000	0,158148
20,740000	0,148587
20,750000	0,142214
20,760000	0,149862
20,770000	0,133928
20,780000	0,154324
20,790000	0,139664
20,800000	0,140939
20,810000	0,142214
20,820000	0,132653
20,830000	0,142214
20,840000	0,113532
20,850000	0,135840
20,860000	0,153049
20,870000	0,116719
20,880000	0,152412
20,890000	0,149225
20,900000	0,152412
20,910000	0,168346
20,920000	0,151774
20,930000	0,154961
20,940000	0,175357
20,950000	0,137115
20,960000	0,154324
20,970000	0,132016
20,980000	0,149225
20,990000	0,137115
21,000000	0,137752
21,010000	0,133291
21,020000	0,144126
21,030000	0,126280
21,040000	0,144126
21,050000	0,125005
21,060000	0,181730
21,070000	0,126917
21,080000	0,140939
21,090000	0,171533
21,100000	0,143488
21,110000	0,111620
21,120000	0,110983
21,130000	0,114807
21,140000	0,163884
21,150000	0,116082
21,160000	0,147313
21,170000	0,136477
21,180000	0,188741
21,190000	0,139664
21,200000	0,165796
21,210000	0,061268
21,220000	0,147950
21,230000	0,069554
21,240000	0,155598
21,250000	0,160697
21,260000	0,077840
21,270000	0,140939
21,280000	0,147950
21,290000	0,160697
21,300000	0,154961
21,310000	0,146675
21,320000	0,107796
21,330000	0,159423
21,340000	0,141576
21,350000	0,158148
21,360000	0,144126
21,370000	0,132653
21,380000	0,171533
21,390000	0,135840
21,400000	0,147950
21,410000	0,149862
21,420000	0,144126
21,430000	0,163247
21,440000	0,144126
21,450000	0,152412
21,460000	0,140302
21,470000	0,137752
21,480000	0,137115
21,490000	0,129466
21,500000	0,129466
21,510000	0,133928
21,520000	0,142851
21,530000	0,144763
21,540000	0,143488
21,550000	0,163247
21,560000	0,149862
21,570000	0,172807
21,580000	0,134565
21,590000	0,154961
21,600000	0,144763
21,610000	0,142214
21,620000	0,142851
21,630000	0,143488
21,640000	0,146038
21,650000	0,130741
21,660000	0,149862
21,670000	0,139664
21,680000	0,136477
21,690000	0,137752
21,700000	0,169620
21,710000	0,137752
21,720000	0,130104
21,730000	0,167071
21,740000	0,144126
21,750000	0,123730
21,760000	0,140302
21,770000	0,141576
21,780000	0,131379
21,790000	0,138390
21,800000	0,137752
21,810000	0,157511
21,820000	0,122455
21,830000	0,142851
21,840000	0,144763
21,850000	0,140302
21,860000	0,125005
21,870000	0,154961
21,880000	0,160697
21,890000	0,148587
21,900000	0,175994
21,910000	0,155598
21,920000	0,102060
21,930000	0,146038
21,940000	0,144763
21,950000	0,140302
21,960000	0,153049
21,970000	0,167071
21,980000	0,172170
21,990000	0,143488
22,000000	0,126917
22,010000	0,130104
22,020000	0,138390
22,030000	0,188104
22,040000	0,165159
22,050000	0,144763
22,060000	0,181093
22,070000	0,116082
22,080000	0,143488
22,090000	0,128192
22,100000	0,139664
22,110000	0,139664
22,120000	0,207225
22,130000	0,139664
22,140000	0,144126
22,150000	0,211687
22,160000	0,140302
22,170000	0,142214
22,180000	0,144126
22,190000	0,134565
22,200000	0,144763
22,210000	0,105246
22,220000	0,142851
22,230000	0,145401
22,240000	0,142214
22,250000	0,137752
22,260000	0,142214
22,270000	0,143488
22,280000	0,137752
22,290000	0,143488
22,300000	0,143488
22,310000	0,139664
22,320000	0,143488
22,330000	0,141576
22,340000	0,144126
22,350000	0,146038
22,360000	0,148587
22,370000	0,142851
22,380000	0,149862
22,390000	0,139664
22,400000	0,137752
22,410000	0,137115
22,420000	0,137752
22,430000	0,144763
22,440000	0,135203
22,450000	0,140939
22,460000	0,146038
22,470000	0,130741
22,480000	0,135840
22,490000	0,140939
22,500000	0,146675
22,510000	0,138390
22,520000	0,135203
22,530000	0,142851
22,540000	0,132016
22,550000	0,136477
22,560000	0,114807
22,570000	0,128192
22,580000	0,135840
22,590000	0,128829
22,600000	0,133928
22,610000	0,139664
22,620000	0,142214
22,630000	0,155598
22,640000	0,136477
22,650000	0,136477
22,660000	0,162609
22,670000	0,143488
22,680000	0,137115
22,690000	0,132016
22,700000	0,151774
22,710000	0,139664
22,720000	0,137752
22,730000	0,149862
22,740000	0,148587
22,750000	0,160060
22,760000	0,142851
22,770000	0,148587
22,780000	0,117356
22,790000	0,135840
22,800000	0,165796
22,810000	0,108433
22,820000	0,139027
22,830000	0,168346
22,840000	0,117994
22,850000	0,140302
22,860000	0,147950
22,870000	0,153686
22,880000	0,138390
22,890000	0,172807
22,900000	0,146675
22,910000	0,135840
22,920000	0,177906
22,930000	0,145401
22,940000	0,135840
22,950000	0,132653
22,960000	0,146675
22,970000	0,141576
22,980000	0,070829
22,990000	0,139664
23,000000	0,137752
23,010000	0,091862
23,020000	0,142851
23,030000	0,132016
23,040000	0,129466
23,050000	0,146038
23,060000	0,141576
23,070000	0,169620
23,080000	0,143488
23,090000	0,142851
23,100000	0,139664
23,110000	0,144763
23,120000	0,138390
23,130000	0,142851
23,140000	0,148587
23,150000	0,139027
23,160000	0,139027
23,170000	0,137752
23,180000	0,135203
23,190000	0,128192
23,200000	0,130104
23,210000	0,140302
23,220000	0,138390
23,230000	0,138390
23,240000	0,142214
23,250000	0,127554
23,260000	0,159423
23,270000	0,137752
23,280000	0,150499
23,290000	0,138390
23,300000	0,137115
23,310000	0,144763
23,320000	0,127554
23,330000	0,135203
23,340000	0,132016
23,350000	0,128192
23,360000	0,132653
23,370000	0,138390
23,380000	0,140939
23,390000	0,134565
23,400000	0,132016
23,410000	0,146675
23,420000	0,134565
23,430000	0,137752
23,440000	0,130741
23,450000	0,150499
23,460000	0,136477
23,470000	0,122455
23,480000	0,154961
23,490000	0,149225
23,500000	0,120543
23,510000	0,123093
23,520000	0,146038
23,530000	0,138390
23,540000	0,125005
23,550000	0,142851
23,560000	0,116082
23,570000	0,135203
23,580000	0,146038
23,590000	0,165796
23,600000	0,132653
23,610000	0,125005
23,620000	0,139664
23,630000	0,138390
23,640000	0,117994
23,650000	0,156236
23,660000	0,134565
23,670000	0,158148
23,680000	0,153686
23,690000	0,140302
23,700000	0,172170
23,710000	0,139664
23,720000	0,136477
23,730000	0,132653
23,740000	0,131379
23,750000	0,139027
23,760000	0,096961
23,770000	0,136477
23,780000	0,135203
23,790000	0,100785
23,800000	0,136477
23,810000	0,130104
23,820000	0,201489
23,830000	0,137752
23,840000	0,126917
23,850000	0,192566
23,860000	0,138390
23,870000	0,130104
23,880000	0,139027
23,890000	0,133928
23,900000	0,133291
23,910000	0,122455
23,920000	0,139664
23,930000	0,135203
23,940000	0,135203
23,950000	0,133928
23,960000	0,139027
23,970000	0,134565
23,980000	0,132016
23,990000	0,140939
24,000000	0,134565
24,010000	0,133291
24,020000	0,135203
24,030000	0,138390
24,040000	0,138390
24,050000	0,137115
24,060000	0,132653
24,070000	0,137115
24,080000	0,142214
24,090000	0,132653
24,100000	0,134565
24,110000	0,133291
24,120000	0,132016
24,130000	0,142851
24,140000	0,126280
24,150000	0,130741
24,160000	0,131379
24,170000	0,132016
24,180000	0,144126
24,190000	0,137752
24,200000	0,137115
24,210000	0,132016
24,220000	0,137115
24,230000	0,128192
24,240000	0,134565
24,250000	0,135203
24,260000	0,127554
24,270000	0,123093
24,280000	0,138390
24,290000	0,130104
24,300000	0,135203
24,310000	0,131379
24,320000	0,137115
24,330000	0,146038
24,340000	0,128192
24,350000	0,140302
24,360000	0,154961
24,370000	0,133928
24,380000	0,135203
24,390000	0,128829
24,400000	0,144763
24,410000	0,132653
24,420000	0,130741
24,430000	0,140939
24,440000	0,146038
24,450000	0,155598
24,460000	0,132653
24,470000	0,144126
24,480000	0,114807
24,490000	0,133928
24,500000	0,127554
24,510000	0,135203
24,520000	0,136477
24,530000	0,124367
24,540000	0,121181
24,550000	0,133928
24,560000	0,102697
24,570000	0,124367
24,580000	0,134565
24,590000	0,165159
24,600000	0,133928
24,610000	0,132016
24,620000	0,174082
24,630000	0,135203
24,640000	0,133291
24,650000	0,143488
24,660000	0,135203
24,670000	0,144763
24,680000	0,072741
24,690000	0,139664
24,700000	0,130104
24,710000	0,119269
24,720000	0,132016
24,730000	0,133928
24,740000	0,146038
24,750000	0,139027
24,760000	0,135840
24,770000	0,137752
24,780000	0,132653
24,790000	0,136477
24,800000	0,132653
24,810000	0,135203
24,820000	0,129466
24,830000	0,133291
24,840000	0,137115
24,850000	0,130741
24,860000	0,130741
24,870000	0,130741
24,880000	0,132653
24,890000	0,129466
24,900000	0,133928
24,910000	0,135203
24,920000	0,131379
24,930000	0,140302
24,940000	0,126917
24,950000	0,148587
24,960000	0,135840
24,970000	0,137752
24,980000	0,134565
24,990000	0,133928
25,000000	0,136477
25,010000	0,132016
25,020000	0,127554
25,030000	0,132653
25,040000	0,128192
25,050000	0,128192
25,060000	0,132653
25,070000	0,125005
25,080000	0,130741
25,090000	0,127554
25,100000	0,139027
25,110000	0,128192
25,120000	0,127554
25,130000	0,139664
25,140000	0,147313
25,150000	0,122455
25,160000	0,124367
25,170000	0,139027
25,180000	0,123730
25,190000	0,115444
25,200000	0,133928
25,210000	0,119269
25,220000	0,137752
25,230000	0,119269
25,240000	0,132653
25,250000	0,140939
25,260000	0,123093
25,270000	0,126917
25,280000	0,124367
25,290000	0,124367
25,300000	0,119269
25,310000	0,131379
25,320000	0,133291
25,330000	0,117356
25,340000	0,132653
25,350000	0,135203
25,360000	0,114807
25,370000	0,133291
25,380000	0,133928
25,390000	0,142851
25,400000	0,133291
25,410000	0,135840
25,420000	0,163247
25,430000	0,128192
25,440000	0,131379
25,450000	0,117356
25,460000	0,131379
25,470000	0,130741
25,480000	0,100785
25,490000	0,131379
25,500000	0,128192
25,510000	0,117356
25,520000	0,126280
25,530000	0,130104
25,540000	0,165159
25,550000	0,125005
25,560000	0,126917
25,570000	0,123093
25,580000	0,127554
25,590000	0,121818
25,600000	0,117356
25,610000	0,132016
25,620000	0,116719
25,630000	0,129466
25,640000	0,130741
25,650000	0,132016
25,660000	0,132016
25,670000	0,130741
25,680000	0,131379
25,690000	0,126917
25,700000	0,124367
25,710000	0,130104
25,720000	0,130104
25,730000	0,127554
25,740000	0,131379
25,750000	0,130104
25,760000	0,132016
25,770000	0,130741
25,780000	0,128192
25,790000	0,127554
25,800000	0,128192
25,810000	0,129466
25,820000	0,126917
25,830000	0,125005
25,840000	0,125005
25,850000	0,129466
25,860000	0,125005
25,870000	0,132016
25,880000	0,133291
25,890000	0,124367
25,900000	0,122455
25,910000	0,124367
25,920000	0,132653
25,930000	0,132653
25,940000	0,135840
25,950000	0,123730
25,960000	0,132653
25,970000	0,137752
25,980000	0,116082
25,990000	0,130104
26,000000	0,127554
26,010000	0,118631
26,020000	0,133928
26,030000	0,126917
26,040000	0,127554
26,050000	0,136477
26,060000	0,136477
26,070000	0,135203
26,080000	0,138390
26,090000	0,128192
26,100000	0,129466
26,110000	0,126917
26,120000	0,130741
26,130000	0,125005
26,140000	0,134565
26,150000	0,130104
26,160000	0,130104
26,170000	0,141576
26,180000	0,128192
26,190000	0,130104
26,200000	0,117994
26,210000	0,130104
26,220000	0,126280
26,230000	0,112258
26,240000	0,130104
26,250000	0,126917
26,260000	0,105884
26,270000	0,125642
26,280000	0,127554
26,290000	0,143488
26,300000	0,126917
26,310000	0,129466
26,320000	0,115444
26,330000	0,130104
26,340000	0,128829
26,350000	0,144763
26,360000	0,128192
26,370000	0,126917
26,380000	0,125642
26,390000	0,125005
26,400000	0,130104
26,410000	0,140939
26,420000	0,130104
26,430000	0,127554
26,440000	0,140302
26,450000	0,128192
26,460000	0,126917
26,470000	0,128829
26,480000	0,128829
26,490000	0,132016
26,500000	0,125005
26,510000	0,125642
26,520000	0,124367
26,530000	0,125642
26,540000	0,130104
26,550000	0,126280
26,560000	0,126917
26,570000	0,130741
26,580000	0,128829
26,590000	0,133928
26,600000	0,129466
26,610000	0,126280
26,620000	0,125642
26,630000	0,130104
26,640000	0,131379
26,650000	0,130104
26,660000	0,130104
26,670000	0,130741
26,680000	0,127554
26,690000	0,128192
26,700000	0,131379
26,710000	0,127554
26,720000	0,128192
26,730000	0,129466
26,740000	0,130741
26,750000	0,125005
26,760000	0,128829
26,770000	0,126280
26,780000	0,123730
26,790000	0,126280
26,800000	0,126917
26,810000	0,125642
26,820000	0,126917
26,830000	0,126917
26,840000	0,122455
26,850000	0,123730
26,860000	0,130741
26,870000	0,124367
26,880000	0,123730
26,890000	0,127554
26,900000	0,122455
26,910000	0,125642
26,920000	0,125005
26,930000	0,129466
26,940000	0,126280
26,950000	0,121818
26,960000	0,120543
26,970000	0,124367
26,980000	0,126917
26,990000	0,123730
27,000000	0,122455
27,010000	0,125642
27,020000	0,131379
27,030000	0,126917
27,040000	0,114807
27,050000	0,126917
27,060000	0,128829
27,070000	0,125005
27,080000	0,127554
27,090000	0,123093
27,100000	0,127554
27,110000	0,124367
27,120000	0,131379
27,130000	0,126280
27,140000	0,128829
27,150000	0,122455
27,160000	0,126917
27,170000	0,127554
27,180000	0,125005
27,190000	0,124367
27,200000	0,127554
27,210000	0,120543
27,220000	0,129466
27,230000	0,126280
27,240000	0,127554
27,250000	0,125005
27,260000	0,124367
27,270000	0,122455
27,280000	0,125642
27,290000	0,130104
27,300000	0,122455
27,310000	0,124367
27,320000	0,128192
27,330000	0,126917
27,340000	0,125005
27,350000	0,128192
27,360000	0,120543
27,370000	0,127554
27,380000	0,123093
27,390000	0,126280
27,400000	0,122455
27,410000	0,125005
27,420000	0,123730
27,430000	0,123730
27,440000	0,121181
27,450000	0,128829
27,460000	0,123730
27,470000	0,125005
27,480000	0,126917
27,490000	0,124367
27,500000	0,119269
27,510000	0,122455
27,520000	0,125005
27,530000	0,121818
27,540000	0,121181
27,550000	0,125642
27,560000	0,125005
27,570000	0,126280
27,580000	0,124367
27,590000	0,122455
27,600000	0,124367
27,610000	0,120543
27,620000	0,123730
27,630000	0,124367
27,640000	0,121181
27,650000	0,126917
27,660000	0,123730
27,670000	0,125005
27,680000	0,119906
27,690000	0,122455
27,700000	0,121181
27,710000	0,123093
27,720000	0,120543
27,730000	0,124367
27,740000	0,120543
27,750000	0,123093
27,760000	0,122455
27,770000	0,124367
27,780000	0,126917
27,790000	0,120543
27,800000	0,120543
27,810000	0,124367
27,820000	0,125005
27,830000	0,125005
27,840000	0,123730
27,850000	0,126280
27,860000	0,121181
27,870000	0,126280
27,880000	0,121181
27,890000	0,121818
27,900000	0,123730
27,910000	0,125642
27,920000	0,125005
27,930000	0,128192
27,940000	0,123730
27,950000	0,129466
27,960000	0,119269
27,970000	0,124367
27,980000	0,124367
27,990000	0,124367
28,000000	0,119906
28,010000	0,123730
28,020000	0,126280
28,030000	0,126280
28,040000	0,122455
28,050000	0,123093
28,060000	0,125642
28,070000	0,123730
28,080000	0,122455
28,090000	0,122455
28,100000	0,125005
28,110000	0,123730
28,120000	0,124367
28,130000	0,123093
28,140000	0,120543
28,150000	0,123730
28,160000	0,126917
28,170000	0,122455
28,180000	0,123093
28,190000	0,119906
28,200000	0,120543
28,210000	0,127554
28,220000	0,121181
28,230000	0,126280
28,240000	0,125005
28,250000	0,128192
28,260000	0,123093
28,270000	0,125642
28,280000	0,125005
28,290000	0,125642
28,300000	0,122455
28,310000	0,123730
28,320000	0,123093
28,330000	0,123730
28,340000	0,124367
28,350000	0,125005
28,360000	0,123730
28,370000	0,121818
28,380000	0,123093
28,390000	0,126280
28,400000	0,125642
28,410000	0,122455
28,420000	0,124367
28,430000	0,122455
28,440000	0,121818
28,450000	0,124367
28,460000	0,125642
28,470000	0,119906
28,480000	0,127554
28,490000	0,120543
28,500000	0,122455
28,510000	0,122455
28,520000	0,123093
28,530000	0,119906
28,540000	0,122455
28,550000	0,124367
28,560000	0,126917
28,570000	0,121818
28,580000	0,122455
28,590000	0,119906
28,600000	0,125005
28,610000	0,121818
28,620000	0,121818
28,630000	0,121181
28,640000	0,123093
28,650000	0,121181
28,660000	0,123093
28,670000	0,119906
28,680000	0,122455
28,690000	0,118631
28,700000	0,123093
28,710000	0,119269
28,720000	0,122455
28,730000	0,123093
28,740000	0,119269
28,750000	0,121181
28,760000	0,121181
28,770000	0,121818
28,780000	0,123093
28,790000	0,122455
28,800000	0,122455
28,810000	0,121818
28,820000	0,120543
28,830000	0,119906
28,840000	0,123730
28,850000	0,121181
28,860000	0,120543
28,870000	0,127554
28,880000	0,118631
28,890000	0,124367
28,900000	0,117356
28,910000	0,121818
28,920000	0,124367
28,930000	0,124367
28,940000	0,127554
28,950000	0,122455
28,960000	0,117994
28,970000	0,121181
28,980000	0,121181
28,990000	0,122455
29,000000	0,118631
29,010000	0,119906
29,020000	0,118631
29,030000	0,121181
29,040000	0,120543
29,050000	0,123730
29,060000	0,117994
29,070000	0,119269
29,080000	0,119269
29,090000	0,117994
29,100000	0,122455
29,110000	0,121181
29,120000	0,121818
29,130000	0,120543
29,140000	0,120543
29,150000	0,118631
29,160000	0,117994
29,170000	0,121818
29,180000	0,117356
29,190000	0,117994
29,200000	0,117994
29,210000	0,123093
29,220000	0,117356
29,230000	0,119906
29,240000	0,119906
29,250000	0,119269
29,260000	0,117994
29,270000	0,120543
29,280000	0,116082
29,290000	0,117994
29,300000	0,119906
29,310000	0,116082
29,320000	0,119269
29,330000	0,117356
29,340000	0,121181
29,350000	0,119906
29,360000	0,118631
29,370000	0,117356
29,380000	0,117356
29,390000	0,119906
29,400000	0,116082
29,410000	0,122455
29,420000	0,117994
29,430000	0,117994
29,440000	0,119269
29,450000	0,122455
29,460000	0,117994
29,470000	0,123093
29,480000	0,118631
29,490000	0,120543
29,500000	0,114807
29,510000	0,119906
29,520000	0,115444
29,530000	0,124367
29,540000	0,117994
29,550000	0,123730
29,560000	0,115444
29,570000	0,117356
29,580000	0,117994
29,590000	0,121181
29,600000	0,115444
29,610000	0,121181
29,620000	0,116082
29,630000	0,121181
29,640000	0,120543
29,650000	0,120543
29,660000	0,116082
29,670000	0,115444
29,680000	0,119906
29,690000	0,118631
29,700000	0,117356
29,710000	0,116082
29,720000	0,121181
29,730000	0,116719
29,740000	0,120543
29,750000	0,119269
29,760000	0,116719
29,770000	0,118631
29,780000	0,116082
29,790000	0,115444
29,800000	0,114170
29,810000	0,117356
29,820000	0,118631
29,830000	0,116082
29,840000	0,119269
29,850000	0,119906
29,860000	0,115444
29,870000	0,116719
29,880000	0,119269
29,890000	0,117994
29,900000	0,117356
29,910000	0,117356
29,920000	0,118631
29,930000	0,121818
29,940000	0,117356
29,950000	0,119269
29,960000	0,114807
29,970000	0,126280
29,980000	0,115444
29,990000	0,122455
30,000000	0,117356
30,010000	0,122455
30,020000	0,117994
30,030000	0,119906
30,040000	0,117356
30,050000	0,118631
30,060000	0,115444
30,070000	0,124367
30,080000	0,117994
30,090000	0,117356
30,100000	0,121818
30,110000	0,120543
30,120000	0,121818
30,130000	0,119269
30,140000	0,119906
30,150000	0,117356
30,160000	0,120543
30,170000	0,119269
30,180000	0,116082
30,190000	0,121181
30,200000	0,117356
30,210000	0,120543
30,220000	0,114170
30,230000	0,122455
30,240000	0,120543
30,250000	0,117994
30,260000	0,121181
30,270000	0,116719
30,280000	0,117356
30,290000	0,119269
30,300000	0,117994
30,310000	0,109708
30,320000	0,120543
30,330000	0,121818
30,340000	0,116082
30,350000	0,119906
30,360000	0,116082
30,370000	0,118631
30,380000	0,118631
30,390000	0,118631
30,400000	0,118631
30,410000	0,117356
30,420000	0,117994
30,430000	0,117994
30,440000	0,117356
30,450000	0,121181
30,460000	0,118631
30,470000	0,119906
30,480000	0,117356
30,490000	0,114807
30,500000	0,119269
30,510000	0,117356
30,520000	0,114807
30,530000	0,121181
30,540000	0,116719
30,550000	0,121181
30,560000	0,117356
30,570000	0,121818
30,580000	0,116082
30,590000	0,119906
30,600000	0,114807
30,610000	0,118631
30,620000	0,121181
30,630000	0,122455
30,640000	0,114170
30,650000	0,117994
30,660000	0,117356
30,670000	0,116719
30,680000	0,118631
30,690000	0,119906
30,700000	0,123093
30,710000	0,114807
30,720000	0,117994
30,730000	0,117994
30,740000	0,114807
30,750000	0,117356
30,760000	0,118631
30,770000	0,114807
30,780000	0,116082
30,790000	0,117994
30,800000	0,114170
30,810000	0,118631
30,820000	0,114170
30,830000	0,117994
30,840000	0,116719
30,850000	0,116719
30,860000	0,114807
30,870000	0,118631
30,880000	0,114170
30,890000	0,114170
30,900000	0,116082
30,910000	0,119906
30,920000	0,114807
30,930000	0,116082
30,940000	0,114170
30,950000	0,117356
30,960000	0,114807
30,970000	0,116082
30,980000	0,114807
30,990000	0,116082
31,000000	0,115444
31,010000	0,116719
31,020000	0,115444
31,030000	0,116719
31,040000	0,112258
31,050000	0,118631
31,060000	0,112895
31,070000	0,115444
31,080000	0,116082
31,090000	0,117356
31,100000	0,114170
31,110000	0,117994
31,120000	0,115444
31,130000	0,114170
31,140000	0,116082
31,150000	0,116082
31,160000	0,112895
31,170000	0,111620
31,180000	0,113532
31,190000	0,116082
31,200000	0,113532
31,210000	0,115444
31,220000	0,116082
31,230000	0,116719
31,240000	0,110983
31,250000	0,117356
31,260000	0,114807
31,270000	0,113532
31,280000	0,114170
31,290000	0,114170
31,300000	0,113532
31,310000	0,116719
31,320000	0,112258
31,330000	0,111620
31,340000	0,112895
31,350000	0,111620
31,360000	0,114807
31,370000	0,116719
31,380000	0,114807
31,390000	0,117356
31,400000	0,112895
31,410000	0,114170
31,420000	0,112258
31,430000	0,117994
31,440000	0,112258
31,450000	0,117356
31,460000	0,114807
31,470000	0,117356
31,480000	0,112258
31,490000	0,111620
31,500000	0,116719
31,510000	0,112895
31,520000	0,117356
31,530000	0,113532
31,540000	0,116082
31,550000	0,111620
31,560000	0,115444
31,570000	0,110983
31,580000	0,112258
31,590000	0,117356
31,600000	0,113532
31,610000	0,115444
31,620000	0,111620
31,630000	0,109708
31,640000	0,112895
31,650000	0,117356
31,660000	0,112895
31,670000	0,114807
31,680000	0,112895
31,690000	0,115444
31,700000	0,112258
31,710000	0,114807
31,720000	0,112895
31,730000	0,116082
31,740000	0,112895
31,750000	0,110345
31,760000	0,114170
31,770000	0,112258
31,780000	0,110983
31,790000	0,113532
31,800000	0,114807
31,810000	0,115444
31,820000	0,112258
31,830000	0,114807
31,840000	0,115444
31,850000	0,112258
31,860000	0,115444
31,870000	0,111620
31,880000	0,114807
31,890000	0,113532
31,900000	0,113532
31,910000	0,110983
31,920000	0,117356
31,930000	0,117356
31,940000	0,114170
31,950000	0,114170
31,960000	0,112895
31,970000	0,115444
31,980000	0,116082
31,990000	0,112258
32,000000	0,112258
32,010000	0,112895
32,020000	0,118631
32,030000	0,110345
32,040000	0,117994
32,050000	0,110983
32,060000	0,116719
32,070000	0,112895
32,080000	0,117356
32,090000	0,113532
32,100000	0,112895
32,110000	0,114170
32,120000	0,117356
32,130000	0,114807
32,140000	0,116082
32,150000	0,113532
32,160000	0,116719
32,170000	0,114807
32,180000	0,114807
32,190000	0,114807
32,200000	0,114170
32,210000	0,112258
32,220000	0,114807
32,230000	0,111620
32,240000	0,116082
32,250000	0,112895
32,260000	0,115444
32,270000	0,115444
32,280000	0,112258
32,290000	0,116719
32,300000	0,111620
32,310000	0,115444
32,320000	0,117356
32,330000	0,114807
32,340000	0,115444
32,350000	0,116719
32,360000	0,115444
32,370000	0,112258
32,380000	0,117994
32,390000	0,110983
32,400000	0,114170
32,410000	0,112895
32,420000	0,113532
32,430000	0,114807
32,440000	0,117356
32,450000	0,114807
32,460000	0,113532
32,470000	0,119269
32,480000	0,111620
32,490000	0,112895
32,500000	0,113532
32,510000	0,115444
32,520000	0,112258
32,530000	0,111620
32,540000	0,113532
32,550000	0,115444
32,560000	0,112895
32,570000	0,112895
32,580000	0,112895
32,590000	0,111620
32,600000	0,116082
32,610000	0,114170
32,620000	0,112895
32,630000	0,114170
32,640000	0,112258
32,650000	0,110983
32,660000	0,112258
32,670000	0,113532
32,680000	0,112258
32,690000	0,114170
32,700000	0,114170
32,710000	0,116082
32,720000	0,111620
32,730000	0,112258
32,740000	0,114170
32,750000	0,110345
32,760000	0,114807
32,770000	0,113532
32,780000	0,116082
32,790000	0,110983
32,800000	0,117356
32,810000	0,110345
32,820000	0,110983
32,830000	0,114170
32,840000	0,109708
32,850000	0,110983
32,860000	0,112258
32,870000	0,107796
32,880000	0,116082
32,890000	0,111620
32,900000	0,111620
32,910000	0,110983
32,920000	0,110983
32,930000	0,110345
32,940000	0,114170
32,950000	0,112895
32,960000	0,110345
32,970000	0,112258
32,980000	0,110345
32,990000	0,112895
33,000000	0,114170
33,010000	0,110345
33,020000	0,112258
33,030000	0,111620
33,040000	0,112258
33,050000	0,108433
33,060000	0,109708
33,070000	0,109708
33,080000	0,112258
33,090000	0,110983
33,100000	0,109708
33,110000	0,111620
33,120000	0,109708
33,130000	0,112258
33,140000	0,111620
33,150000	0,110983
33,160000	0,108433
33,170000	0,110345
33,180000	0,112258
33,190000	0,109071
33,200000	0,109708
33,210000	0,108433
33,220000	0,110345
33,230000	0,109708
33,240000	0,107796
33,250000	0,112258
33,260000	0,111620
33,270000	0,109071
33,280000	0,112258
33,290000	0,109708
33,300000	0,112895
33,310000	0,110983
33,320000	0,114170
33,330000	0,109708
33,340000	0,111620
33,350000	0,108433
33,360000	0,109071
33,370000	0,110345
33,380000	0,108433
33,390000	0,109071
33,400000	0,110983
33,410000	0,106521
33,420000	0,110345
33,430000	0,108433
33,440000	0,112258
33,450000	0,107159
33,460000	0,110983
33,470000	0,111620
33,480000	0,112258
33,490000	0,107796
33,500000	0,110983
33,510000	0,110983
33,520000	0,110983
33,530000	0,111620
33,540000	0,110345
33,550000	0,109708
33,560000	0,110983
33,570000	0,108433
33,580000	0,109708
33,590000	0,109708
33,600000	0,110345
33,610000	0,110345
33,620000	0,112895
33,630000	0,109071
33,640000	0,109071
33,650000	0,110345
33,660000	0,109708
33,670000	0,109071
33,680000	0,110983
33,690000	0,107796
33,700000	0,111620
33,710000	0,110983
33,720000	0,110345
33,730000	0,106521
33,740000	0,105246
33,750000	0,109071
33,760000	0,112258
33,770000	0,108433
33,780000	0,109071
33,790000	0,109708
33,800000	0,111620
33,810000	0,109708
33,820000	0,109708
33,830000	0,112258
33,840000	0,109708
33,850000	0,110345
33,860000	0,109708
33,870000	0,111620
33,880000	0,110345
33,890000	0,109071
33,900000	0,112895
33,910000	0,112258
33,920000	0,110983
33,930000	0,111620
33,940000	0,110345
33,950000	0,109071
33,960000	0,111620
33,970000	0,109708
33,980000	0,112258
33,990000	0,107796
34,000000	0,109071
34,010000	0,109708
34,020000	0,112258
34,030000	0,113532
34,040000	0,111620
34,050000	0,111620
34,060000	0,109071
34,070000	0,110345
34,080000	0,110345
34,090000	0,112895
34,100000	0,111620
34,110000	0,112258
34,120000	0,110983
34,130000	0,109071
34,140000	0,108433
34,150000	0,109071
34,160000	0,107796
34,170000	0,109708
34,180000	0,112895
34,190000	0,111620
34,200000	0,109071
34,210000	0,112895
34,220000	0,107796
34,230000	0,112895
34,240000	0,109708
34,250000	0,109708
34,260000	0,110345
34,270000	0,110983
34,280000	0,107796
34,290000	0,110983
34,300000	0,107159
34,310000	0,113532
34,320000	0,107159
34,330000	0,110983
34,340000	0,110345
34,350000	0,111620
34,360000	0,107159
34,370000	0,109708
34,380000	0,109708
34,390000	0,108433
34,400000	0,110983
34,410000	0,107796
34,420000	0,107159
34,430000	0,106521
34,440000	0,109071
34,450000	0,110983
34,460000	0,110983
34,470000	0,110345
34,480000	0,108433
34,490000	0,109071
34,500000	0,108433
34,510000	0,111620
34,520000	0,110345
34,530000	0,112258
34,540000	0,108433
34,550000	0,110983
34,560000	0,112258
34,570000	0,110983
34,580000	0,108433
34,590000	0,107159
34,600000	0,109071
34,610000	0,110345
34,620000	0,109071
34,630000	0,109708
34,640000	0,107796
34,650000	0,106521
34,660000	0,109708
34,670000	0,110983
34,680000	0,109071
34,690000	0,112258
34,700000	0,108433
34,710000	0,109708
34,720000	0,109071
34,730000	0,105884
34,740000	0,107159
34,750000	0,112258
34,760000	0,107796
34,770000	0,109708
34,780000	0,109708
34,790000	0,109708
34,800000	0,108433
34,810000	0,110983
34,820000	0,106521
34,830000	0,107796
34,840000	0,107796
34,850000	0,110345
34,860000	0,108433
34,870000	0,109708
34,880000	0,107796
34,890000	0,105246
34,900000	0,110345
34,910000	0,109708
34,920000	0,108433
34,930000	0,107796
34,940000	0,108433
34,950000	0,103972
34,960000	0,109071
34,970000	0,107796
34,980000	0,107159
34,990000	0,105246
35,000000	0,109071
35,010000	0,106521
35,020000	0,105884
35,030000	0,106521
35,040000	0,108433
35,050000	0,106521
35,060000	0,108433
35,070000	0,107796
35,080000	0,108433
35,090000	0,107159
35,100000	0,106521
35,110000	0,108433
35,120000	0,106521
35,130000	0,106521
35,140000	0,109071
35,150000	0,107159
35,160000	0,108433
35,170000	0,105246
35,180000	0,109071
35,190000	0,109708
35,200000	0,107796
35,210000	0,107159
35,220000	0,103972
35,230000	0,107159
35,240000	0,105884
35,250000	0,106521
35,260000	0,110345
35,270000	0,104609
35,280000	0,109708
35,290000	0,107159
35,300000	0,107796
35,310000	0,107796
35,320000	0,107796
35,330000	0,106521
35,340000	0,106521
35,350000	0,107796
35,360000	0,109071
35,370000	0,104609
35,380000	0,103972
35,390000	0,106521
35,400000	0,107159
35,410000	0,106521
35,420000	0,107159
35,430000	0,107796
35,440000	0,105884
35,450000	0,108433
35,460000	0,105246
35,470000	0,107159
35,480000	0,106521
35,490000	0,105884
35,500000	0,104609
35,510000	0,104609
35,520000	0,106521
35,530000	0,103972
35,540000	0,110983
35,550000	0,105884
35,560000	0,108433
35,570000	0,103972
35,580000	0,108433
35,590000	0,103972
35,600000	0,105246
35,610000	0,107159
35,620000	0,109071
35,630000	0,105884
35,640000	0,105246
35,650000	0,107159
35,660000	0,109071
35,670000	0,106521
35,680000	0,112258
35,690000	0,106521
35,700000	0,109708
35,710000	0,107159
35,720000	0,109708
35,730000	0,102060
35,740000	0,111620
35,750000	0,107159
35,760000	0,105884
35,770000	0,106521
35,780000	0,107159
35,790000	0,107159
35,800000	0,110345
35,810000	0,106521
35,820000	0,106521
35,830000	0,105884
35,840000	0,105884
35,850000	0,105246
35,860000	0,107159
35,870000	0,107159
35,880000	0,106521
35,890000	0,107159
35,900000	0,107159
35,910000	0,105884
35,920000	0,105884
35,930000	0,107159
35,940000	0,104609
35,950000	0,107159
35,960000	0,103972
35,970000	0,106521
35,980000	0,103972
35,990000	0,107796
36,000000	0,103334
36,010000	0,103334
36,020000	0,107796
36,030000	0,106521
36,040000	0,107159
36,050000	0,109071
36,060000	0,103972
36,070000	0,107796
36,080000	0,103972
36,090000	0,108433
36,100000	0,107796
36,110000	0,108433
36,120000	0,104609
36,130000	0,107159
36,140000	0,108433
36,150000	0,105884
36,160000	0,106521
36,170000	0,109071
36,180000	0,105884
36,190000	0,107159
36,200000	0,108433
36,210000	0,105884
36,220000	0,105884
36,230000	0,107159
36,240000	0,109708
36,250000	0,104609
36,260000	0,105884
36,270000	0,105884
36,280000	0,105884
36,290000	0,104609
36,300000	0,106521
36,310000	0,107796
36,320000	0,108433
36,330000	0,103334
36,340000	0,107159
36,350000	0,107159
36,360000	0,105884
36,370000	0,108433
36,380000	0,107159
36,390000	0,103334
36,400000	0,107796
36,410000	0,105884
36,420000	0,109708
36,430000	0,109071
36,440000	0,105884
36,450000	0,108433
36,460000	0,107796
36,470000	0,104609
36,480000	0,107159
36,490000	0,105246
36,500000	0,105884
36,510000	0,106521
36,520000	0,106521
36,530000	0,107159
36,540000	0,104609
36,550000	0,107796
36,560000	0,106521
36,570000	0,109708
36,580000	0,106521
36,590000	0,106521
36,600000	0,105884
36,610000	0,107796
36,620000	0,105246
36,630000	0,108433
36,640000	0,106521
36,650000	0,105884
36,660000	0,103334
36,670000	0,107159
36,680000	0,107796
36,690000	0,102697
36,700000	0,105246
36,710000	0,107159
36,720000	0,105246
36,730000	0,105884
36,740000	0,106521
36,750000	0,102697
36,760000	0,104609
36,770000	0,106521
36,780000	0,105246
36,790000	0,107796
36,800000	0,108433
36,810000	0,100785
36,820000	0,104609
36,830000	0,106521
36,840000	0,103972
36,850000	0,105246
36,860000	0,107159
36,870000	0,103972
36,880000	0,109708
36,890000	0,105246
36,900000	0,104609
36,910000	0,105246
36,920000	0,104609
36,930000	0,103972
36,940000	0,103972
36,950000	0,103334
36,960000	0,105246
36,970000	0,106521
36,980000	0,106521
36,990000	0,109071
37,000000	0,105884
37,010000	0,106521
37,020000	0,105884
37,030000	0,105246
37,040000	0,105246
37,050000	0,108433
37,060000	0,106521
37,070000	0,103334
37,080000	0,101422
37,090000	0,104609
37,100000	0,104609
37,110000	0,104609
37,120000	0,103334
37,130000	0,103972
37,140000	0,102697
37,150000	0,104609
37,160000	0,106521
37,170000	0,103972
37,180000	0,102697
37,190000	0,103972
37,200000	0,105884
37,210000	0,105884
37,220000	0,104609
37,230000	0,104609
37,240000	0,103334
37,250000	0,102697
37,260000	0,100785
37,270000	0,102060
37,280000	0,109071
37,290000	0,103972
37,300000	0,104609
37,310000	0,105884
37,320000	0,102060
37,330000	0,105246
37,340000	0,105884
37,350000	0,102060
37,360000	0,105884
37,370000	0,102060
37,380000	0,101422
37,390000	0,103972
37,400000	0,102060
37,410000	0,101422
37,420000	0,105246
37,430000	0,101422
37,440000	0,102060
37,450000	0,105246
37,460000	0,102060
37,470000	0,102697
37,480000	0,103334
37,490000	0,108433
37,500000	0,104609
37,510000	0,102060
37,520000	0,102060
37,530000	0,105246
37,540000	0,101422
37,550000	0,104609
37,560000	0,103972
37,570000	0,102697
37,580000	0,103334
37,590000	0,102697
37,600000	0,103972
37,610000	0,103972
37,620000	0,101422
37,630000	0,103334
37,640000	0,100785
37,650000	0,103334
37,660000	0,102060
37,670000	0,105246
37,680000	0,105246
37,690000	0,102060
37,700000	0,101422
37,710000	0,104609
37,720000	0,097598
37,730000	0,104609
37,740000	0,101422
37,750000	0,103972
37,760000	0,102060
37,770000	0,103334
37,780000	0,102697
37,790000	0,105884
37,800000	0,102060
37,810000	0,101422
37,820000	0,101422
37,830000	0,100785
37,840000	0,104609
37,850000	0,102060
37,860000	0,102060
37,870000	0,103334
37,880000	0,099510
37,890000	0,103972
37,900000	0,100785
37,910000	0,105246
37,920000	0,103972
37,930000	0,105246
37,940000	0,100785
37,950000	0,103972
37,960000	0,102697
37,970000	0,102060
37,980000	0,103972
37,990000	0,104609
38,000000	0,101422
38,010000	0,096961
38,020000	0,102060
38,030000	0,101422
38,040000	0,102697
38,050000	0,103334
38,060000	0,100785
38,070000	0,105884
38,080000	0,102697
38,090000	0,103972
38,100000	0,102060
38,110000	0,105246
38,120000	0,102697
38,130000	0,103334
38,140000	0,105884
38,150000	0,105246
38,160000	0,102697
38,170000	0,096961
38,180000	0,103972
38,190000	0,105246
38,200000	0,100785
38,210000	0,105884
38,220000	0,103334
38,230000	0,103334
38,240000	0,102697
38,250000	0,105246
38,260000	0,104609
38,270000	0,103972
38,280000	0,101422
38,290000	0,105884
38,300000	0,102060
38,310000	0,103972
38,320000	0,104609
38,330000	0,094411
38,340000	0,102697
38,350000	0,102060
38,360000	0,107159
38,370000	0,105884
38,380000	0,102697
38,390000	0,103972
38,400000	0,102060
38,410000	0,105246
38,420000	0,104609
38,430000	0,101422
38,440000	0,102697
38,450000	0,104609
38,460000	0,104609
38,470000	0,103334
38,480000	0,102060
38,490000	0,093137
38,500000	0,104609
38,510000	0,103972
38,520000	0,103334
38,530000	0,102060
38,540000	0,102697
38,550000	0,103334
38,560000	0,107159
38,570000	0,101422
38,580000	0,101422
38,590000	0,105246
38,600000	0,105246
38,610000	0,102060
38,620000	0,105884
38,630000	0,103972
38,640000	0,102697
38,650000	0,093137
38,660000	0,105246
38,670000	0,103334
38,680000	0,102697
38,690000	0,102697
38,700000	0,103334
38,710000	0,103972
38,720000	0,105884
38,730000	0,091224
38,740000	0,102697
38,750000	0,103972
38,760000	0,104609
38,770000	0,102060
38,780000	0,103334
38,790000	0,104609
38,800000	0,103334
38,810000	0,102697
38,820000	0,102060
38,830000	0,104609
38,840000	0,101422
38,850000	0,104609
38,860000	0,102060
38,870000	0,106521
38,880000	0,102697
38,890000	0,092499
38,900000	0,101422
38,910000	0,103972
38,920000	0,101422
38,930000	0,104609
38,940000	0,098873
38,950000	0,102060
38,960000	0,101422
38,970000	0,102697
38,980000	0,100785
38,990000	0,103334
39,000000	0,101422
39,010000	0,102060
39,020000	0,100785
39,030000	0,099510
39,040000	0,109708
39,050000	0,090587
39,060000	0,103334
39,070000	0,103334
39,080000	0,100785
39,090000	0,101422
39,100000	0,102060
39,110000	0,100785
39,120000	0,098873
39,130000	0,100785
39,140000	0,100785
39,150000	0,102697
39,160000	0,097598
39,170000	0,103334
39,180000	0,103334
39,190000	0,101422
39,200000	0,107796
39,210000	0,098873
39,220000	0,101422
39,230000	0,100785
39,240000	0,100785
39,250000	0,099510
39,260000	0,102697
39,270000	0,100785
39,280000	0,097598
39,290000	0,103334
39,300000	0,100148
39,310000	0,102060
39,320000	0,102060
39,330000	0,101422
39,340000	0,102060
39,350000	0,101422
39,360000	0,100148
39,370000	0,096323
39,380000	0,100148
39,390000	0,101422
39,400000	0,096961
39,410000	0,100785
39,420000	0,098873
39,430000	0,102060
39,440000	0,099510
39,450000	0,097598
39,460000	0,099510
39,470000	0,101422
39,480000	0,098235
39,490000	0,098873
39,500000	0,099510
39,510000	0,100148
39,520000	0,100785
39,530000	0,096961
39,540000	0,102697
39,550000	0,098873
39,560000	0,102060
39,570000	0,096961
39,580000	0,100148
39,590000	0,102697
39,600000	0,099510
39,610000	0,102697
39,620000	0,097598
39,630000	0,100148
39,640000	0,102697
39,650000	0,100148
39,660000	0,095686
39,670000	0,101422
39,680000	0,101422
39,690000	0,101422
39,700000	0,099510
39,710000	0,100148
39,720000	0,098235
39,730000	0,101422
39,740000	0,099510
39,750000	0,099510
39,760000	0,100785
39,770000	0,101422
39,780000	0,096961
39,790000	0,102060
39,800000	0,100785
39,810000	0,101422
39,820000	0,098873
39,830000	0,100785
39,840000	0,099510
39,850000	0,102697
39,860000	0,098873
39,870000	0,099510
39,880000	0,098873
39,890000	0,100785
39,900000	0,100785
39,910000	0,102060
39,920000	0,102697
39,930000	0,103334
39,940000	0,100785
39,950000	0,100785
39,960000	0,098873
39,970000	0,100148
39,980000	0,098235
39,990000	0,098873
40,000000	0,099510
40,010000	0,099510
40,020000	0,100148
40,030000	0,099510
40,040000	0,100785
40,050000	0,100148
40,060000	0,101422
40,070000	0,100785
40,080000	0,100148
40,090000	0,098235
40,100000	0,099510
40,110000	0,096961
40,120000	0,100785
40,130000	0,102060
40,140000	0,102060
40,150000	0,100785
40,160000	0,098235
40,170000	0,099510
40,180000	0,100148
40,190000	0,100785
40,200000	0,100785
40,210000	0,104609
40,220000	0,099510
40,230000	0,099510
40,240000	0,100148
40,250000	0,100148
40,260000	0,096961
40,270000	0,101422
40,280000	0,098873
40,290000	0,101422
40,300000	0,090587
40,310000	0,101422
40,320000	0,102060
40,330000	0,099510
40,340000	0,101422
40,350000	0,100785
40,360000	0,100148
40,370000	0,099510
40,380000	0,102060
40,390000	0,099510
40,400000	0,102060
40,410000	0,099510
40,420000	0,101422
40,430000	0,102697
40,440000	0,102060
40,450000	0,102060
40,460000	0,107796
40,470000	0,100148
40,480000	0,102060
40,490000	0,104609
40,500000	0,101422
40,510000	0,102697
40,520000	0,102060
40,530000	0,101422
40,540000	0,100785
40,550000	0,100148
40,560000	0,100785
40,570000	0,098873
40,580000	0,099510
40,590000	0,099510
40,600000	0,101422
40,610000	0,098873
40,620000	0,095686
40,630000	0,099510
40,640000	0,100148
40,650000	0,099510
40,660000	0,103334
40,670000	0,099510
40,680000	0,100785
40,690000	0,102697
40,700000	0,100148
40,710000	0,099510
40,720000	0,100785
40,730000	0,102060
40,740000	0,102060
40,750000	0,099510
40,760000	0,102060
40,770000	0,098235
40,780000	0,104609
40,790000	0,100785
40,800000	0,101422
40,810000	0,100785
40,820000	0,102060
40,830000	0,100148
40,840000	0,100785
40,850000	0,101422
40,860000	0,098873
40,870000	0,102060
40,880000	0,102060
40,890000	0,100148
40,900000	0,096961
40,910000	0,100785
40,920000	0,100785
40,930000	0,103334
40,940000	0,101422
40,950000	0,100785
40,960000	0,098873
40,970000	0,102697
40,980000	0,102060
40,990000	0,101422
41,000000	0,099510
41,010000	0,098873
41,020000	0,101422
41,030000	0,101422
41,040000	0,100785
41,050000	0,097598
41,060000	0,098873
41,070000	0,100785
41,080000	0,098235
41,090000	0,102060
41,100000	0,098873
41,110000	0,102697
41,120000	0,096323
41,130000	0,101422
41,140000	0,097598
41,150000	0,100148
41,160000	0,097598
41,170000	0,098235
41,180000	0,098873
41,190000	0,099510
41,200000	0,096323
41,210000	0,098873
41,220000	0,098235
41,230000	0,096961
41,240000	0,096961
41,250000	0,097598
41,260000	0,098873
41,270000	0,096323
41,280000	0,098235
41,290000	0,097598
41,300000	0,091862
41,310000	0,096961
41,320000	0,096323
41,330000	0,096961
41,340000	0,098235
41,350000	0,097598
41,360000	0,096961
41,370000	0,096961
41,380000	0,096961
41,390000	0,100148
41,400000	0,097598
41,410000	0,100785
41,420000	0,097598
41,430000	0,099510
41,440000	0,098873
41,450000	0,096961
41,460000	0,101422
41,470000	0,100148
41,480000	0,100148
41,490000	0,098873
41,500000	0,099510
41,510000	0,099510
41,520000	0,098235
41,530000	0,098235
41,540000	0,098235
41,550000	0,096961
41,560000	0,099510
41,570000	0,096323
41,580000	0,098873
41,590000	0,098235
41,600000	0,098873
41,610000	0,096961
41,620000	0,098235
41,630000	0,096323
41,640000	0,096961
41,650000	0,096323
41,660000	0,098873
41,670000	0,096961
41,680000	0,096961
41,690000	0,096323
41,700000	0,098235
41,710000	0,097598
41,720000	0,095049
41,730000	0,097598
41,740000	0,098873
41,750000	0,098873
41,760000	0,096961
41,770000	0,095686
41,780000	0,093774
41,790000	0,095686
41,800000	0,095686
41,810000	0,098235
41,820000	0,097598
41,830000	0,096961
41,840000	0,096961
41,850000	0,096323
41,860000	0,096961
41,870000	0,100148
41,880000	0,098235
41,890000	0,097598
41,900000	0,098235
41,910000	0,095686
41,920000	0,098235
41,930000	0,097598
41,940000	0,096961
41,950000	0,098873
41,960000	0,097598
41,970000	0,097598
41,980000	0,097598
41,990000	0,097598
42,000000	0,096961
42,010000	0,098235
42,020000	0,098873
42,030000	0,096961
42,040000	0,096961
42,050000	0,096961
42,060000	0,098235
42,070000	0,096323
42,080000	0,098873
42,090000	0,099510
42,100000	0,098873
42,110000	0,096961
42,120000	0,097598
42,130000	0,099510
42,140000	0,096323
42,150000	0,096323
42,160000	0,096961
42,170000	0,098235
42,180000	0,101422
42,190000	0,096323
42,200000	0,098235
42,210000	0,095049
42,220000	0,099510
42,230000	0,097598
42,240000	0,099510
42,250000	0,097598
42,260000	0,098873
42,270000	0,095686
42,280000	0,097598
42,290000	0,097598
42,300000	0,097598
42,310000	0,097598
42,320000	0,100148
42,330000	0,098873
42,340000	0,094411
42,350000	0,098235
42,360000	0,095049
42,370000	0,098235
42,380000	0,098873
42,390000	0,099510
42,400000	0,098235
42,410000	0,101422
42,420000	0,096961
42,430000	0,096961
42,440000	0,099510
42,450000	0,098235
42,460000	0,098873
42,470000	0,099510
42,480000	0,096961
42,490000	0,099510
42,500000	0,102697
42,510000	0,096961
42,520000	0,100148
42,530000	0,097598
42,540000	0,101422
42,550000	0,096323
42,560000	0,098235
42,570000	0,096323
42,580000	0,100785
42,590000	0,098873
42,600000	0,099510
42,610000	0,100785
42,620000	0,099510
42,630000	0,100148
42,640000	0,100785
42,650000	0,097598
42,660000	0,089312
42,670000	0,096961
42,680000	0,100785
42,690000	0,096961
42,700000	0,100785
42,710000	0,097598
42,720000	0,095686
42,730000	0,100148
42,740000	0,099510
42,750000	0,098873
42,760000	0,096323
42,770000	0,096961
42,780000	0,097598
42,790000	0,096323
42,800000	0,096961
42,810000	0,100785
42,820000	0,098235
42,830000	0,095686
42,840000	0,094411
42,850000	0,096961
42,860000	0,091862
42,870000	0,098873
42,880000	0,098235
42,890000	0,098235
42,900000	0,099510
42,910000	0,099510
42,920000	0,101422
42,930000	0,096323
42,940000	0,099510
42,950000	0,096323
42,960000	0,097598
42,970000	0,098235
42,980000	0,098235
42,990000	0,097598
43,000000	0,096961
43,010000	0,096961
43,020000	0,098873
43,030000	0,096323
43,040000	0,099510
43,050000	0,096323
43,060000	0,096323
43,070000	0,097598
43,080000	0,097598
43,090000	0,096323
43,100000	0,096961
43,110000	0,096961
43,120000	0,095686
43,130000	0,096961
43,140000	0,098235
43,150000	0,095686
43,160000	0,097598
43,170000	0,096961
43,180000	0,096961
43,190000	0,098235
43,200000	0,098235
43,210000	0,096961
43,220000	0,096961
43,230000	0,096961
43,240000	0,094411
43,250000	0,093774
43,260000	0,096961
43,270000	0,096323
43,280000	0,094411
43,290000	0,096961
43,300000	0,094411
43,310000	0,096961
43,320000	0,095049
43,330000	0,096961
43,340000	0,096323
43,350000	0,093774
43,360000	0,095686
43,370000	0,096323
43,380000	0,094411
43,390000	0,096323
43,400000	0,095686
43,410000	0,095686
43,420000	0,096961
43,430000	0,095049
43,440000	0,094411
43,450000	0,095686
43,460000	0,096961
43,470000	0,094411
43,480000	0,096961
43,490000	0,095686
43,500000	0,098873
43,510000	0,095686
43,520000	0,094411
43,530000	0,096961
43,540000	0,092499
43,550000	0,098873
43,560000	0,094411
43,570000	0,091862
43,580000	0,091862
43,590000	0,098235
43,600000	0,093774
43,610000	0,094411
43,620000	0,095049
43,630000	0,095049
43,640000	0,096323
43,650000	0,096323
43,660000	0,092499
43,670000	0,095686
43,680000	0,095686
43,690000	0,096961
43,700000	0,093774
43,710000	0,094411
43,720000	0,094411
43,730000	0,095686
43,740000	0,095686
43,750000	0,096323
43,760000	0,094411
43,770000	0,096323
43,780000	0,093137
43,790000	0,095686
43,800000	0,093774
43,810000	0,096961
43,820000	0,096323
43,830000	0,096323
43,840000	0,094411
43,850000	0,096961
43,860000	0,095049
43,870000	0,097598
43,880000	0,096323
43,890000	0,093774
43,900000	0,095049
43,910000	0,093774
43,920000	0,093774
43,930000	0,095686
43,940000	0,096323
43,950000	0,095049
43,960000	0,095686
43,970000	0,092499
43,980000	0,097598
43,990000	0,093774
44,000000	0,095686
44,010000	0,095686
44,020000	0,094411
44,030000	0,093137
44,040000	0,096961
44,050000	0,095686
44,060000	0,092499
44,070000	0,091862
44,080000	0,096961
44,090000	0,091224
44,100000	0,095686
44,110000	0,094411
44,120000	0,094411
44,130000	0,094411
44,140000	0,096323
44,150000	0,094411
44,160000	0,095686
44,170000	0,093137
44,180000	0,093774
44,190000	0,095049
44,200000	0,091862
44,210000	0,094411
44,220000	0,097598
44,230000	0,092499
44,240000	0,094411
44,250000	0,093774
44,260000	0,095049
44,270000	0,093774
44,280000	0,095686
44,290000	0,096323
44,300000	0,094411
44,310000	0,095686
44,320000	0,098235
44,330000	0,092499
44,340000	0,095686
44,350000	0,096961
44,360000	0,094411
44,370000	0,095686
44,380000	0,095686
44,390000	0,096961
44,400000	0,095049
44,410000	0,099510
44,420000	0,097598
44,430000	0,095049
44,440000	0,093774
44,450000	0,095049
44,460000	0,096323
44,470000	0,095686
44,480000	0,093774
44,490000	0,096961
44,500000	0,097598
44,510000	0,096323
44,520000	0,095686
44,530000	0,096961
44,540000	0,094411
44,550000	0,096323
44,560000	0,096323
44,570000	0,094411
44,580000	0,093137
44,590000	0,093137
44,600000	0,094411
44,610000	0,095686
44,620000	0,095049
44,630000	0,094411
44,640000	0,095049
44,650000	0,094411
44,660000	0,097598
44,670000	0,097598
44,680000	0,094411
44,690000	0,096323
44,700000	0,097598
44,710000	0,097598
44,720000	0,093774
44,730000	0,096323
44,740000	0,094411
44,750000	0,095686
44,760000	0,094411
44,770000	0,096323
44,780000	0,093774
44,790000	0,096961
44,800000	0,096961
44,810000	0,097598
44,820000	0,094411
44,830000	0,094411
44,840000	0,095049
44,850000	0,095686
44,860000	0,095686
44,870000	0,095049
44,880000	0,096323
44,890000	0,095686
44,900000	0,097598
44,910000	0,095049
44,920000	0,096323
44,930000	0,093137
44,940000	0,095686
44,950000	0,097598
44,960000	0,093137
44,970000	0,093774
44,980000	0,091862
44,990000	0,094411
45,000000	0,094411
45,010000	0,096323
45,020000	0,095686
45,030000	0,094411
45,040000	0,095686
45,050000	0,095049
45,060000	0,092499
45,070000	0,096961
45,080000	0,095686
45,090000	0,093774
45,100000	0,093774
45,110000	0,094411
45,120000	0,093774
45,130000	0,091862
45,140000	0,095049
45,150000	0,096323
45,160000	0,095686
45,170000	0,092499
45,180000	0,093774
45,190000	0,093137
45,200000	0,094411
45,210000	0,093774
45,220000	0,095686
45,230000	0,091224
45,240000	0,093137
45,250000	0,092499
45,260000	0,095049
45,270000	0,093137
45,280000	0,095049
45,290000	0,091862
45,300000	0,093774
45,310000	0,093774
45,320000	0,095686
45,330000	0,091862
45,340000	0,094411
45,350000	0,091862
45,360000	0,096961
45,370000	0,093137
45,380000	0,094411
45,390000	0,094411
45,400000	0,093137
45,410000	0,094411
45,420000	0,092499
45,430000	0,094411
45,440000	0,094411
45,450000	0,093774
45,460000	0,092499
45,470000	0,093774
45,480000	0,094411
45,490000	0,093137
45,500000	0,095049
45,510000	0,093774
45,520000	0,093137
45,530000	0,092499
45,540000	0,093137
45,550000	0,094411
45,560000	0,093137
45,570000	0,092499
45,580000	0,093774
45,590000	0,094411
45,600000	0,092499
45,610000	0,093137
45,620000	0,092499
45,630000	0,092499
45,640000	0,090587
45,650000	0,095686
45,660000	0,093774
45,670000	0,096323
45,680000	0,093137
45,690000	0,093774
45,700000	0,095049
45,710000	0,092499
45,720000	0,091862
45,730000	0,093137
45,740000	0,092499
45,750000	0,093774
45,760000	0,091224
45,770000	0,093774
45,780000	0,091862
45,790000	0,093774
45,800000	0,095049
45,810000	0,093774
45,820000	0,092499
45,830000	0,093137
45,840000	0,092499
45,850000	0,093137
45,860000	0,089950
45,870000	0,095049
45,880000	0,091862
45,890000	0,094411
45,900000	0,090587
45,910000	0,096961
45,920000	0,094411
45,930000	0,094411
45,940000	0,091224
45,950000	0,095686
45,960000	0,092499
45,970000	0,095049
45,980000	0,091862
45,990000	0,094411
46,000000	0,093137
46,010000	0,091862
46,020000	0,092499
46,030000	0,095049
46,040000	0,094411
46,050000	0,093774
46,060000	0,095049
46,070000	0,091862
46,080000	0,093137
46,090000	0,093137
46,100000	0,093137
46,110000	0,094411
46,120000	0,091862
46,130000	0,092499
46,140000	0,091862
46,150000	0,093774
46,160000	0,091862
46,170000	0,091224
46,180000	0,093774
46,190000	0,091224
46,200000	0,094411
46,210000	0,092499
46,220000	0,090587
46,230000	0,090587
46,240000	0,093774
46,250000	0,091862
46,260000	0,092499
46,270000	0,093137
46,280000	0,094411
46,290000	0,091862
46,300000	0,093137
46,310000	0,092499
46,320000	0,092499
46,330000	0,093774
46,340000	0,092499
46,350000	0,091862
46,360000	0,093137
46,370000	0,093774
46,380000	0,093774
46,390000	0,093774
46,400000	0,092499
46,410000	0,091862
46,420000	0,091224
46,430000	0,094411
46,440000	0,091224
46,450000	0,092499
46,460000	0,094411
46,470000	0,096323
46,480000	0,094411
46,490000	0,096961
46,500000	0,090587
46,510000	0,096961
46,520000	0,094411
46,530000	0,094411
46,540000	0,094411
46,550000	0,094411
46,560000	0,094411
46,570000	0,093137
46,580000	0,092499
46,590000	0,092499
46,600000	0,095686
46,610000	0,091862
46,620000	0,093137
46,630000	0,094411
46,640000	0,091862
46,650000	0,093774
46,660000	0,091862
46,670000	0,095686
46,680000	0,093774
46,690000	0,091862
46,700000	0,094411
46,710000	0,094411
46,720000	0,093774
46,730000	0,092499
46,740000	0,092499
46,750000	0,093774
46,760000	0,093137
46,770000	0,088675
46,780000	0,091224
46,790000	0,092499
46,800000	0,092499
46,810000	0,090587
46,820000	0,094411
46,830000	0,091224
46,840000	0,090587
46,850000	0,091224
46,860000	0,091862
46,870000	0,093774
46,880000	0,093137
46,890000	0,092499
46,900000	0,091862
46,910000	0,093137
46,920000	0,093137
46,930000	0,093137
46,940000	0,091862
46,950000	0,093774
46,960000	0,094411
46,970000	0,095049
46,980000	0,093137
46,990000	0,093774
47,000000	0,093137
47,010000	0,095686
47,020000	0,091224
47,030000	0,095049
47,040000	0,093774
47,050000	0,093774
47,060000	0,092499
47,070000	0,091862
47,080000	0,092499
47,090000	0,093774
47,100000	0,093137
47,110000	0,091862
47,120000	0,093774
47,130000	0,092499
47,140000	0,093137
47,150000	0,093774
47,160000	0,093137
47,170000	0,091224
47,180000	0,091224
47,190000	0,092499
47,200000	0,091862
47,210000	0,092499
47,220000	0,089950
47,230000	0,094411
47,240000	0,094411
47,250000	0,093774
47,260000	0,092499
47,270000	0,093137
47,280000	0,092499
47,290000	0,095686
47,300000	0,092499
47,310000	0,096323
47,320000	0,093137
47,330000	0,092499
47,340000	0,091224
47,350000	0,093137
47,360000	0,091862
47,370000	0,095049
47,380000	0,091862
47,390000	0,091862
47,400000	0,091224
47,410000	0,090587
47,420000	0,092499
47,430000	0,091862
47,440000	0,091224
47,450000	0,092499
47,460000	0,094411
47,470000	0,091862
47,480000	0,092499
47,490000	0,091862
47,500000	0,091862
47,510000	0,090587
47,520000	0,091862
47,530000	0,090587
47,540000	0,091224
47,550000	0,091862
47,560000	0,092499
47,570000	0,091224
47,580000	0,091862
47,590000	0,091862
47,600000	0,090587
47,610000	0,092499
47,620000	0,089312
47,630000	0,090587
47,640000	0,089312
47,650000	0,091224
47,660000	0,094411
47,670000	0,089312
47,680000	0,090587
47,690000	0,089950
47,700000	0,093137
47,710000	0,091862
47,720000	0,089312
47,730000	0,091224
47,740000	0,093774
47,750000	0,091224
47,760000	0,091224
47,770000	0,091224
47,780000	0,091862
47,790000	0,092499
47,800000	0,092499
47,810000	0,091862
47,820000	0,089950
47,830000	0,091862
47,840000	0,088038
47,850000	0,091224
47,860000	0,090587
47,870000	0,093774
47,880000	0,089950
47,890000	0,093137
47,900000	0,090587
47,910000	0,091224
47,920000	0,089950
47,930000	0,091862
47,940000	0,090587
47,950000	0,092499
47,960000	0,091224
47,970000	0,091862
47,980000	0,090587
47,990000	0,092499
48,000000	0,089950
48,010000	0,089950
48,020000	0,091862
48,030000	0,090587
48,040000	0,091224
48,050000	0,090587
48,060000	0,089950
48,070000	0,091224
48,080000	0,089312
48,090000	0,092499
48,100000	0,091224
48,110000	0,093774
48,120000	0,090587
48,130000	0,093774
48,140000	0,092499
48,150000	0,091224
48,160000	0,090587
48,170000	0,094411
48,180000	0,090587
48,190000	0,093774
48,200000	0,088675
48,210000	0,090587
48,220000	0,091862
48,230000	0,091224
48,240000	0,091224
48,250000	0,091224
48,260000	0,089312
48,270000	0,091224
48,280000	0,091224
48,290000	0,091862
48,300000	0,092499
48,310000	0,091224
48,320000	0,092499
48,330000	0,092499
48,340000	0,092499
48,350000	0,089312
48,360000	0,091224
48,370000	0,093137
48,380000	0,091224
48,390000	0,093774
48,400000	0,089312
48,410000	0,091862
48,420000	0,088038
48,430000	0,091224
48,440000	0,091862
48,450000	0,089950
48,460000	0,090587
48,470000	0,089950
48,480000	0,091224
48,490000	0,091224
48,500000	0,093137
48,510000	0,093137
48,520000	0,093137
48,530000	0,091862
48,540000	0,090587
48,550000	0,090587
48,560000	0,092499
48,570000	0,091224
48,580000	0,091224
48,590000	0,089312
48,600000	0,092499
48,610000	0,093774
48,620000	0,093137
48,630000	0,090587
48,640000	0,093137
48,650000	0,090587
48,660000	0,091224
48,670000	0,092499
48,680000	0,091862
48,690000	0,089312
48,700000	0,089312
48,710000	0,091224
48,720000	0,089950
48,730000	0,089950
48,740000	0,091224
48,750000	0,093137
48,760000	0,089312
48,770000	0,092499
48,780000	0,091862
48,790000	0,093774
48,800000	0,090587
48,810000	0,091224
48,820000	0,089312
48,830000	0,092499
48,840000	0,088675
48,850000	0,093774
48,860000	0,089950
48,870000	0,093774
48,880000	0,091862
48,890000	0,093137
48,900000	0,094411
48,910000	0,091224
48,920000	0,091862
48,930000	0,090587
48,940000	0,092499
48,950000	0,091862
48,960000	0,090587
48,970000	0,090587
48,980000	0,091224
48,990000	0,091224
49,000000	0,090587
49,010000	0,092499
49,020000	0,091862
49,030000	0,091224
49,040000	0,091224
49,050000	0,090587
49,060000	0,091224
49,070000	0,091862
49,080000	0,090587
49,090000	0,091224
49,100000	0,090587
49,110000	0,088675
49,120000	0,091862
49,130000	0,090587
49,140000	0,091862
49,150000	0,092499
49,160000	0,091224
49,170000	0,091862
49,180000	0,090587
49,190000	0,092499
49,200000	0,089312
49,210000	0,091224
49,220000	0,089312
49,230000	0,090587
49,240000	0,089312
49,250000	0,091862
49,260000	0,089312
49,270000	0,089950
49,280000	0,092499
49,290000	0,091224
49,300000	0,089950
49,310000	0,091224
49,320000	0,089950
49,330000	0,090587
49,340000	0,088675
49,350000	0,089950
49,360000	0,091224
49,370000	0,089312
49,380000	0,089312
49,390000	0,088675
49,400000	0,091224
49,410000	0,090587
49,420000	0,089950
49,430000	0,089950
49,440000	0,089950
49,450000	0,088675
49,460000	0,090587
49,470000	0,090587
49,480000	0,088038
49,490000	0,090587
49,500000	0,088675
49,510000	0,091224
49,520000	0,088675
49,530000	0,089312
49,540000	0,089950
49,550000	0,091862
49,560000	0,088675
49,570000	0,091224
49,580000	0,087400
49,590000	0,091862
49,600000	0,088038
49,610000	0,090587
49,620000	0,091862
49,630000	0,092499
49,640000	0,089950
49,650000	0,089312
49,660000	0,091224
49,670000	0,090587
49,680000	0,091224
49,690000	0,089950
49,700000	0,087400
49,710000	0,088675
49,720000	0,089312
49,730000	0,091224
49,740000	0,088675
49,750000	0,089950
49,760000	0,090587
49,770000	0,087400
49,780000	0,088038
49,790000	0,088038
49,800000	0,089312
49,810000	0,089312
49,820000	0,089312
49,830000	0,089312
49,840000	0,091224
49,850000	0,089950
49,860000	0,089312
49,870000	0,088038
49,880000	0,090587
49,890000	0,087400
49,900000	0,090587
49,910000	0,088675
49,920000	0,088038
49,930000	0,088675
49,940000	0,089950
49,950000	0,089312
49,960000	0,091224
49,970000	0,090587
49,980000	0,086763
49,990000	0,088675
50,000000	0,089312
50,010000	0,088675
50,020000	0,088675
50,030000	0,089950
50,040000	0,086763
50,050000	0,089312
50,060000	0,086763
50,070000	0,091862
50,080000	0,090587
50,090000	0,087400
50,100000	0,088038
50,110000	0,089312
50,120000	0,091224
50,130000	0,088675
50,140000	0,089312
50,150000	0,088675
50,160000	0,089950
50,170000	0,089312
50,180000	0,089312
50,190000	0,088038
50,200000	0,088038
50,210000	0,087400
50,220000	0,090587
50,230000	0,091224
50,240000	0,089312
50,250000	0,089312
50,260000	0,089950
50,270000	0,088675
50,280000	0,091862
50,290000	0,088675
50,300000	0,091224
50,310000	0,089312
50,320000	0,090587
50,330000	0,089312
50,340000	0,089950
50,350000	0,089950
50,360000	0,088675
50,370000	0,089312
50,380000	0,088038
50,390000	0,091224
50,400000	0,090587
50,410000	0,091862
50,420000	0,088038
50,430000	0,089950
50,440000	0,089312
50,450000	0,091862
50,460000	0,091224
50,470000	0,090587
50,480000	0,089312
50,490000	0,086763
50,500000	0,091224
50,510000	0,088038
50,520000	0,089312
50,530000	0,088675
50,540000	0,089312
50,550000	0,089312
50,560000	0,089312
50,570000	0,089312
50,580000	0,090587
50,590000	0,092499
50,600000	0,090587
50,610000	0,090587
50,620000	0,089950
50,630000	0,091862
50,640000	0,091862
50,650000	0,088675
50,660000	0,091862
50,670000	0,088038
50,680000	0,090587
50,690000	0,091224
50,700000	0,091862
50,710000	0,090587
50,720000	0,089950
50,730000	0,089312
50,740000	0,089950
50,750000	0,089950
50,760000	0,089950
50,770000	0,090587
50,780000	0,089312
50,790000	0,088675
50,800000	0,090587
50,810000	0,089950
50,820000	0,090587
50,830000	0,089950
50,840000	0,088038
50,850000	0,091862
50,860000	0,087400
50,870000	0,091224
50,880000	0,089312
50,890000	0,091862
50,900000	0,088675
50,910000	0,091862
50,920000	0,088675
50,930000	0,091224
50,940000	0,089312
50,950000	0,088675
50,960000	0,087400
50,970000	0,091862
50,980000	0,089312
50,990000	0,089312
51,000000	0,090587
51,010000	0,089950
51,020000	0,088675
51,030000	0,089950
51,040000	0,088675
51,050000	0,090587
51,060000	0,089950
51,070000	0,089312
51,080000	0,089950
51,090000	0,086126
51,100000	0,091862
51,110000	0,089312
51,120000	0,089950
51,130000	0,088038
51,140000	0,086763
51,150000	0,087400
51,160000	0,089312
51,170000	0,091224
51,180000	0,086763
51,190000	0,089312
51,200000	0,088038
51,210000	0,091862
51,220000	0,088675
51,230000	0,091224
51,240000	0,086763
51,250000	0,090587
51,260000	0,087400
51,270000	0,089312
51,280000	0,089950
51,290000	0,089312
51,300000	0,089312
51,310000	0,089312
51,320000	0,088675
51,330000	0,088038
51,340000	0,086763
51,350000	0,089312
51,360000	0,088675
51,370000	0,089950
51,380000	0,091224
51,390000	0,089312
51,400000	0,086763
51,410000	0,088038
51,420000	0,087400
51,430000	0,087400
51,440000	0,090587
51,450000	0,088675
51,460000	0,089312
51,470000	0,088038
51,480000	0,088038
51,490000	0,089312
51,500000	0,088038
51,510000	0,089312
51,520000	0,088038
51,530000	0,089312
51,540000	0,086763
51,550000	0,088675
51,560000	0,087400
51,570000	0,086763
51,580000	0,089312
51,590000	0,088038
51,600000	0,088038
51,610000	0,086763
51,620000	0,088675
51,630000	0,086126
51,640000	0,086126
51,650000	0,088675
51,660000	0,085488
51,670000	0,087400
51,680000	0,089312
51,690000	0,087400
51,700000	0,086763
51,710000	0,089312
51,720000	0,088675
51,730000	0,088038
51,740000	0,087400
51,750000	0,088675
51,760000	0,087400
51,770000	0,087400
51,780000	0,088038
51,790000	0,088675
51,800000	0,086126
51,810000	0,086126
51,820000	0,088038
51,830000	0,088675
51,840000	0,089312
51,850000	0,089312
51,860000	0,088675
51,870000	0,088038
51,880000	0,089312
51,890000	0,086763
51,900000	0,087400
51,910000	0,089312
51,920000	0,087400
51,930000	0,088038
51,940000	0,088038
51,950000	0,088038
51,960000	0,087400
51,970000	0,088675
51,980000	0,086126
51,990000	0,089312
52,000000	0,088038
52,010000	0,088038
52,020000	0,088038
52,030000	0,089950
52,040000	0,088038
52,050000	0,088038
52,060000	0,088038
52,070000	0,088038
52,080000	0,087400
52,090000	0,086763
52,100000	0,087400
52,110000	0,089312
52,120000	0,089312
52,130000	0,088038
52,140000	0,086763
52,150000	0,088038
52,160000	0,088038
52,170000	0,087400
52,180000	0,085488
52,190000	0,089950
52,200000	0,087400
52,210000	0,086763
52,220000	0,085488
52,230000	0,090587
52,240000	0,087400
52,250000	0,088675
52,260000	0,088675
52,270000	0,088675
52,280000	0,086763
52,290000	0,085488
52,300000	0,088038
52,310000	0,088038
52,320000	0,087400
52,330000	0,088038
52,340000	0,087400
52,350000	0,086763
52,360000	0,088675
52,370000	0,089312
52,380000	0,087400
52,390000	0,088675
52,400000	0,088675
52,410000	0,086763
52,420000	0,088675
52,430000	0,090587
52,440000	0,086763
52,450000	0,087400
52,460000	0,089312
52,470000	0,086126
52,480000	0,089312
52,490000	0,086763
52,500000	0,089312
52,510000	0,089950
52,520000	0,088038
52,530000	0,088675
52,540000	0,087400
52,550000	0,086763
52,560000	0,089950
52,570000	0,088038
52,580000	0,089312
52,590000	0,088038
52,600000	0,089312
52,610000	0,089312
52,620000	0,088038
52,630000	0,088675
52,640000	0,087400
52,650000	0,089950
52,660000	0,089950
52,670000	0,087400
52,680000	0,087400
52,690000	0,087400
52,700000	0,087400
52,710000	0,088675
52,720000	0,089312
52,730000	0,089312
52,740000	0,088675
52,750000	0,089950
52,760000	0,087400
52,770000	0,089312
52,780000	0,085488
52,790000	0,089312
52,800000	0,088675
52,810000	0,088038
52,820000	0,086126
52,830000	0,088675
52,840000	0,086763
52,850000	0,088675
52,860000	0,088038
52,870000	0,088038
52,880000	0,086763
52,890000	0,088038
52,900000	0,088675
52,910000	0,087400
52,920000	0,088675
52,930000	0,088675
52,940000	0,088038
52,950000	0,087400
52,960000	0,086763
52,970000	0,088038
52,980000	0,087400
52,990000	0,089312
53,000000	0,087400
53,010000	0,088675
53,020000	0,089312
53,030000	0,089312
53,040000	0,086126
53,050000	0,086763
53,060000	0,089312
53,070000	0,086763
53,080000	0,085488
53,090000	0,091224
53,100000	0,089312
53,110000	0,087400
53,120000	0,086763
53,130000	0,088038
53,140000	0,088675
53,150000	0,089312
53,160000	0,084851
53,170000	0,088675
53,180000	0,089312
53,190000	0,088038
53,200000	0,085488
53,210000	0,088675
53,220000	0,088038
53,230000	0,087400
53,240000	0,088038
53,250000	0,089312
53,260000	0,086763
53,270000	0,088675
53,280000	0,088675
53,290000	0,088038
53,300000	0,086763
53,310000	0,086763
53,320000	0,086763
53,330000	0,087400
53,340000	0,088038
53,350000	0,086763
53,360000	0,088038
53,370000	0,087400
53,380000	0,088038
53,390000	0,086126
53,400000	0,089312
53,410000	0,086126
53,420000	0,087400
53,430000	0,086126
53,440000	0,089312
53,450000	0,086763
53,460000	0,086763
53,470000	0,087400
53,480000	0,086126
53,490000	0,086763
53,500000	0,086763
53,510000	0,088038
53,520000	0,088038
53,530000	0,086126
53,540000	0,088038
53,550000	0,087400
53,560000	0,089312
53,570000	0,087400
53,580000	0,085488
53,590000	0,087400
53,600000	0,086763
53,610000	0,084213
53,620000	0,087400
53,630000	0,085488
53,640000	0,085488
53,650000	0,084213
53,660000	0,088675
53,670000	0,086763
53,680000	0,086763
53,690000	0,086763
53,700000	0,086763
53,710000	0,086763
53,720000	0,087400
53,730000	0,084213
53,740000	0,087400
53,750000	0,086126
53,760000	0,085488
53,770000	0,086126
53,780000	0,084851
53,790000	0,086126
53,800000	0,086763
53,810000	0,086763
53,820000	0,086763
53,830000	0,086763
53,840000	0,086763
53,850000	0,086763
53,860000	0,085488
53,870000	0,086763
53,880000	0,086763
53,890000	0,088038
53,900000	0,084851
53,910000	0,088675
53,920000	0,085488
53,930000	0,085488
53,940000	0,085488
53,950000	0,086763
53,960000	0,085488
53,970000	0,087400
53,980000	0,086126
53,990000	0,089950
54,000000	0,088038
54,010000	0,088675
54,020000	0,086763
54,030000	0,087400
54,040000	0,086763
54,050000	0,088038
54,060000	0,085488
54,070000	0,087400
54,080000	0,086126
54,090000	0,086126
54,100000	0,086763
54,110000	0,088675
54,120000	0,086763
54,130000	0,088675
54,140000	0,086126
54,150000	0,086126
54,160000	0,087400
54,170000	0,084851
54,180000	0,086763
54,190000	0,085488
54,200000	0,086763
54,210000	0,088038
54,220000	0,086126
54,230000	0,087400
54,240000	0,085488
54,250000	0,087400
54,260000	0,086763
54,270000	0,088675
54,280000	0,084851
54,290000	0,089312
54,300000	0,086126
54,310000	0,085488
54,320000	0,086763
54,330000	0,088038
54,340000	0,084213
54,350000	0,089312
54,360000	0,083576
54,370000	0,084851
54,380000	0,087400
54,390000	0,086126
54,400000	0,084851
54,410000	0,086763
54,420000	0,084213
54,430000	0,089312
54,440000	0,087400
54,450000	0,085488
54,460000	0,084213
54,470000	0,087400
54,480000	0,085488
54,490000	0,088675
54,500000	0,086763
54,510000	0,089312
54,520000	0,084851
54,530000	0,089312
54,540000	0,086763
54,550000	0,088675
54,560000	0,088038
54,570000	0,087400
54,580000	0,086126
54,590000	0,084851
54,600000	0,088038
54,610000	0,086126
54,620000	0,084851
54,630000	0,087400
54,640000	0,088038
54,650000	0,088675
54,660000	0,088038
54,670000	0,088038
54,680000	0,087400
54,690000	0,087400
54,700000	0,084851
54,710000	0,086763
54,720000	0,086126
54,730000	0,089312
54,740000	0,086126
54,750000	0,086126
54,760000	0,086763
54,770000	0,088038
54,780000	0,087400
54,790000	0,089312
54,800000	0,087400
54,810000	0,086763
54,820000	0,087400
54,830000	0,088675
54,840000	0,087400
54,850000	0,086763
54,860000	0,086763
54,870000	0,086126
54,880000	0,086763
54,890000	0,087400
54,900000	0,086126
54,910000	0,088675
54,920000	0,087400
54,930000	0,088038
54,940000	0,087400
54,950000	0,084851
54,960000	0,086763
54,970000	0,086126
54,980000	0,085488
54,990000	0,086763
55,000000	0,088038
55,010000	0,087400
55,020000	0,084213
55,030000	0,088038
55,040000	0,086763
55,050000	0,088038
55,060000	0,086126
55,070000	0,086126
55,080000	0,086763
55,090000	0,087400
55,100000	0,086763
55,110000	0,087400
55,120000	0,087400
55,130000	0,088675
55,140000	0,085488
55,150000	0,083576
55,160000	0,087400
55,170000	0,088038
55,180000	0,084213
55,190000	0,086126
55,200000	0,085488
55,210000	0,088038
55,220000	0,086763
55,230000	0,087400
55,240000	0,087400
55,250000	0,086126
55,260000	0,085488
55,270000	0,086763
55,280000	0,085488
55,290000	0,086126
55,300000	0,084213
55,310000	0,086763
55,320000	0,084213
55,330000	0,085488
55,340000	0,084851
55,350000	0,085488
55,360000	0,086126
55,370000	0,086126
55,380000	0,087400
55,390000	0,084213
55,400000	0,084213
55,410000	0,086763
55,420000	0,086126
55,430000	0,086126
55,440000	0,084851
55,450000	0,087400
55,460000	0,085488
55,470000	0,086126
55,480000	0,084213
55,490000	0,087400
55,500000	0,084213
55,510000	0,086763
55,520000	0,083576
55,530000	0,085488
55,540000	0,084851
55,550000	0,088675
55,560000	0,082301
55,570000	0,086126
55,580000	0,083576
55,590000	0,088675
55,600000	0,081664
55,610000	0,086763
55,620000	0,084851
55,630000	0,085488
55,640000	0,085488
55,650000	0,086763
55,660000	0,085488
55,670000	0,086126
55,680000	0,086763
55,690000	0,084851
55,700000	0,086126
55,710000	0,084213
55,720000	0,085488
55,730000	0,086126
55,740000	0,084213
55,750000	0,084851
55,760000	0,085488
55,770000	0,081027
55,780000	0,084851
55,790000	0,086126
55,800000	0,085488
55,810000	0,084213
55,820000	0,086126
55,830000	0,086763
55,840000	0,084213
55,850000	0,086126
55,860000	0,084213
55,870000	0,084851
55,880000	0,085488
55,890000	0,084213
55,900000	0,084213
55,910000	0,084213
55,920000	0,087400
55,930000	0,085488
55,940000	0,084851
55,950000	0,085488
55,960000	0,082939
55,970000	0,084851
55,980000	0,085488
55,990000	0,084213
56,000000	0,085488
56,010000	0,086126
56,020000	0,084213
56,030000	0,086126
56,040000	0,084213
56,050000	0,083576
56,060000	0,086763
56,070000	0,084213
56,080000	0,086126
56,090000	0,084851
56,100000	0,084213
56,110000	0,086126
56,120000	0,084213
56,130000	0,088038
56,140000	0,084851
56,150000	0,088038
56,160000	0,082939
56,170000	0,083576
56,180000	0,086126
56,190000	0,083576
56,200000	0,086126
56,210000	0,085488
56,220000	0,086126
56,230000	0,086126
56,240000	0,083576
56,250000	0,088038
56,260000	0,083576
56,270000	0,085488
56,280000	0,084213
56,290000	0,086126
56,300000	0,084213
56,310000	0,086126
56,320000	0,083576
56,330000	0,086126
56,340000	0,084851
56,350000	0,084851
56,360000	0,085488
56,370000	0,085488
56,380000	0,084213
56,390000	0,085488
56,400000	0,083576
56,410000	0,084213
56,420000	0,084851
56,430000	0,087400
56,440000	0,082939
56,450000	0,086763
56,460000	0,084851
56,470000	0,086126
56,480000	0,084851
56,490000	0,086763
56,500000	0,085488
56,510000	0,085488
56,520000	0,086126
56,530000	0,083576
56,540000	0,084851
56,550000	0,086126
56,560000	0,083576
56,570000	0,086126
56,580000	0,084851
56,590000	0,085488
56,600000	0,084851
56,610000	0,087400
56,620000	0,084213
56,630000	0,086126
56,640000	0,085488
56,650000	0,084851
56,660000	0,084851
56,670000	0,084851
56,680000	0,086126
56,690000	0,086763
56,700000	0,085488
56,710000	0,086126
56,720000	0,086126
56,730000	0,086126
56,740000	0,084213
56,750000	0,084213
56,760000	0,084851
56,770000	0,084851
56,780000	0,085488
56,790000	0,086763
56,800000	0,084213
56,810000	0,085488
56,820000	0,086126
56,830000	0,087400
56,840000	0,085488
56,850000	0,085488
56,860000	0,084213
56,870000	0,086763
56,880000	0,085488
56,890000	0,084851
56,900000	0,088038
56,910000	0,086763
56,920000	0,085488
56,930000	0,084851
56,940000	0,084851
56,950000	0,087400
56,960000	0,086763
56,970000	0,086763
56,980000	0,084851
56,990000	0,086126
57,000000	0,086126
57,010000	0,083576
57,020000	0,084213
57,030000	0,085488
57,040000	0,084213
57,050000	0,086126
57,060000	0,085488
57,070000	0,084851
57,080000	0,086126
57,090000	0,084851
57,100000	0,085488
57,110000	0,084213
57,120000	0,086763
57,130000	0,084851
57,140000	0,083576
57,150000	0,084851
57,160000	0,083576
57,170000	0,085488
57,180000	0,084213
57,190000	0,084851
57,200000	0,086763
57,210000	0,084851
57,220000	0,085488
57,230000	0,084213
57,240000	0,084851
57,250000	0,088038
57,260000	0,084851
57,270000	0,085488
57,280000	0,085488
57,290000	0,086126
57,300000	0,084213
57,310000	0,085488
57,320000	0,087400
57,330000	0,084213
57,340000	0,082301
57,350000	0,084851
57,360000	0,086763
57,370000	0,082939
57,380000	0,083576
57,390000	0,086126
57,400000	0,084213
57,410000	0,083576
57,420000	0,084213
57,430000	0,084851
57,440000	0,086126
57,450000	0,086763
57,460000	0,082939
57,470000	0,087400
57,480000	0,081027
57,490000	0,086126
57,500000	0,083576
57,510000	0,086763
57,520000	0,081027
57,530000	0,083576
57,540000	0,083576
57,550000	0,086763
57,560000	0,084213
57,570000	0,086126
57,580000	0,084213
57,590000	0,084851
57,600000	0,084213
57,610000	0,086126
57,620000	0,083576
57,630000	0,082939
57,640000	0,084213
57,650000	0,084851
57,660000	0,082301
57,670000	0,082939
57,680000	0,083576
57,690000	0,085488
57,700000	0,082939
57,710000	0,085488
57,720000	0,081664
57,730000	0,085488
57,740000	0,081664
57,750000	0,086126
57,760000	0,082301
57,770000	0,085488
57,780000	0,084213
57,790000	0,082939
57,800000	0,083576
57,810000	0,086763
57,820000	0,083576
57,830000	0,084851
57,840000	0,084851
57,850000	0,084213
57,860000	0,082939
57,870000	0,086126
57,880000	0,083576
57,890000	0,082939
57,900000	0,083576
57,910000	0,086763
57,920000	0,084213
57,930000	0,085488
57,940000	0,082301
57,950000	0,086763
57,960000	0,082301
57,970000	0,084851
57,980000	0,083576
57,990000	0,084213
58,000000	0,083576
58,010000	0,084213
58,020000	0,084213
58,030000	0,084213
58,040000	0,084213
58,050000	0,086126
58,060000	0,082939
58,070000	0,083576
58,080000	0,081664
58,090000	0,084213
58,100000	0,082939
58,110000	0,085488
58,120000	0,081664
58,130000	0,085488
58,140000	0,082939
58,150000	0,084851
58,160000	0,082939
58,170000	0,084213
58,180000	0,083576
58,190000	0,082301
58,200000	0,083576
58,210000	0,085488
58,220000	0,081664
58,230000	0,085488
58,240000	0,082939
58,250000	0,084213
58,260000	0,084213
58,270000	0,084213
58,280000	0,083576
58,290000	0,084851
58,300000	0,083576
58,310000	0,084213
58,320000	0,083576
58,330000	0,084213
58,340000	0,082301
58,350000	0,085488
58,360000	0,082301
58,370000	0,084213
58,380000	0,084213
58,390000	0,083576
58,400000	0,084213
58,410000	0,085488
58,420000	0,084213
58,430000	0,084851
58,440000	0,087400
58,450000	0,085488
58,460000	0,082939
58,470000	0,084851
58,480000	0,082301
58,490000	0,084213
58,500000	0,085488
58,510000	0,085488
58,520000	0,082301
58,530000	0,082939
58,540000	0,084213
58,550000	0,086126
58,560000	0,084213
58,570000	0,085488
58,580000	0,084213
58,590000	0,084213
58,600000	0,083576
58,610000	0,082939
58,620000	0,086763
58,630000	0,083576
58,640000	0,085488
58,650000	0,083576
58,660000	0,084851
58,670000	0,083576
58,680000	0,085488
58,690000	0,084213
58,700000	0,082939
58,710000	0,084213
58,720000	0,084213
58,730000	0,084851
58,740000	0,083576
58,750000	0,085488
58,760000	0,084851
58,770000	0,085488
58,780000	0,086126
58,790000	0,085488
58,800000	0,082301
58,810000	0,085488
58,820000	0,083576
58,830000	0,086126
58,840000	0,082939
58,850000	0,084213
58,860000	0,082939
58,870000	0,086126
58,880000	0,083576
58,890000	0,085488
58,900000	0,084213
58,910000	0,086763
58,920000	0,082939
58,930000	0,086763
58,940000	0,082939
58,950000	0,085488
58,960000	0,081027
58,970000	0,086763
58,980000	0,084213
58,990000	0,083576
59,000000	0,082301
59,010000	0,086763
59,020000	0,084851
59,030000	0,086763
59,040000	0,082939
59,050000	0,085488
59,060000	0,077202
59,070000	0,084213
59,080000	0,081027
59,090000	0,085488
59,100000	0,082939
59,110000	0,085488
59,120000	0,082301
59,130000	0,084851
59,140000	0,084213
59,150000	0,086126
59,160000	0,084213
59,170000	0,085488
59,180000	0,084851
59,190000	0,085488
59,200000	0,083576
59,210000	0,083576
59,220000	0,082939
59,230000	0,084851
59,240000	0,083576
59,250000	0,082301
59,260000	0,083576
59,270000	0,082301
59,280000	0,083576
59,290000	0,082939
59,300000	0,081027
59,310000	0,085488
59,320000	0,082939
59,330000	0,082939
59,340000	0,082939
59,350000	0,083576
59,360000	0,086126
59,370000	0,082301
59,380000	0,083576
59,390000	0,084851
59,400000	0,083576
59,410000	0,083576
59,420000	0,084213
59,430000	0,082939
59,440000	0,082301
59,450000	0,084851
59,460000	0,081664
59,470000	0,086126
59,480000	0,083576
59,490000	0,086126
59,500000	0,084213
59,510000	0,085488
59,520000	0,083576
59,530000	0,084213
59,540000	0,082301
59,550000	0,082939
59,560000	0,082301
59,570000	0,082301
59,580000	0,084213
59,590000	0,085488
59,600000	0,082301
59,610000	0,082939
59,620000	0,082939
59,630000	0,084851
59,640000	0,081664
59,650000	0,085488
59,660000	0,081664
59,670000	0,084213
59,680000	0,082939
59,690000	0,082939
59,700000	0,080389
59,710000	0,084213
59,720000	0,081664
59,730000	0,084213
59,740000	0,080389
59,750000	0,084213
59,760000	0,082939
59,770000	0,084213
59,780000	0,081027
59,790000	0,084213
59,800000	0,084213
59,810000	0,082301
59,820000	0,082939
59,830000	0,083576
59,840000	0,082939
59,850000	0,081027
59,860000	0,084213
59,870000	0,082939
59,880000	0,081027
59,890000	0,085488
59,900000	0,082301
59,910000	0,084213
59,920000	0,082939
59,930000	0,081664
59,940000	0,081027
59,950000	0,082301
59,960000	0,082301
59,970000	0,085488
59,980000	0,086763
59,990000	0,082301
60,000000	0,082939
60,010000	0,083576
60,020000	0,082939
60,030000	0,084851
60,040000	0,082939
60,050000	0,083576
60,060000	0,081664
60,070000	0,082301
60,080000	0,082301
60,090000	0,083576
60,100000	0,084213
60,110000	0,082301
60,120000	0,081027
60,130000	0,081664
60,140000	0,081664
60,150000	0,084213
60,160000	0,081664
60,170000	0,086126
60,180000	0,084851
60,190000	0,083576
60,200000	0,081027
60,210000	0,083576
60,220000	0,084213
60,230000	0,084213
60,240000	0,082301
60,250000	0,082939
60,260000	0,081664
60,270000	0,082939
60,280000	0,081027
60,290000	0,082939
60,300000	0,080389
60,310000	0,085488
60,320000	0,081027
60,330000	0,081664
60,340000	0,085488
60,350000	0,083576
60,360000	0,082939
60,370000	0,083576
60,380000	0,084213
60,390000	0,084851
60,400000	0,084213
60,410000	0,082301
60,420000	0,084213
60,430000	0,084213
60,440000	0,082939
60,450000	0,082301
60,460000	0,082939
60,470000	0,082301
60,480000	0,081664
60,490000	0,082301
60,500000	0,083576
60,510000	0,084851
60,520000	0,084213
60,530000	0,083576
60,540000	0,084213
60,550000	0,082301
60,560000	0,081664
60,570000	0,086126
60,580000	0,084213
60,590000	0,084851
60,600000	0,081664
60,610000	0,084851
60,620000	0,083576
60,630000	0,081664
60,640000	0,082939
60,650000	0,083576
60,660000	0,082301
60,670000	0,082939
60,680000	0,084213
60,690000	0,082301
60,700000	0,081664
60,710000	0,082301
60,720000	0,082939
60,730000	0,084213
60,740000	0,081664
60,750000	0,085488
60,760000	0,083576
60,770000	0,083576
60,780000	0,082939
60,790000	0,084213
60,800000	0,082939
60,810000	0,083576
60,820000	0,081664
60,830000	0,084213
60,840000	0,081664
60,850000	0,084213
60,860000	0,083576
60,870000	0,083576
60,880000	0,083576
60,890000	0,082301
60,900000	0,081664
60,910000	0,082939
60,920000	0,084851
60,930000	0,084851
60,940000	0,081027
60,950000	0,082939
60,960000	0,082939
60,970000	0,084213
60,980000	0,081664
60,990000	0,084213
61,000000	0,082939
61,010000	0,084851
61,020000	0,086126
61,030000	0,084851
61,040000	0,081664
61,050000	0,083576
61,060000	0,082939
61,070000	0,084851
61,080000	0,082939
61,090000	0,083576
61,100000	0,083576
61,110000	0,086126
61,120000	0,082939
61,130000	0,084213
61,140000	0,083576
61,150000	0,082939
61,160000	0,082301
61,170000	0,082939
61,180000	0,082301
61,190000	0,082939
61,200000	0,081664
61,210000	0,083576
61,220000	0,082301
61,230000	0,085488
61,240000	0,082301
61,250000	0,084213
61,260000	0,082301
61,270000	0,082301
61,280000	0,080389
61,290000	0,084213
61,300000	0,082301
61,310000	0,084213
61,320000	0,081027
61,330000	0,083576
61,340000	0,080389
61,350000	0,084213
61,360000	0,082301
61,370000	0,084213
61,380000	0,081664
61,390000	0,084851
61,400000	0,082301
61,410000	0,084851
61,420000	0,082939
61,430000	0,082939
61,440000	0,082301
61,450000	0,082301
61,460000	0,082939
61,470000	0,083576
61,480000	0,081027
61,490000	0,083576
61,500000	0,081664
61,510000	0,082939
61,520000	0,083576
61,530000	0,081027
61,540000	0,083576
61,550000	0,083576
61,560000	0,079752
61,570000	0,083576
61,580000	0,082939
61,590000	0,083576
61,600000	0,081027
61,610000	0,081664
61,620000	0,082301
61,630000	0,082301
61,640000	0,082939
61,650000	0,083576
61,660000	0,080389
61,670000	0,082939
61,680000	0,081664
61,690000	0,082939
61,700000	0,081664
61,710000	0,083576
61,720000	0,081664
61,730000	0,082939
61,740000	0,083576
61,750000	0,081664
61,760000	0,082301
61,770000	0,081664
61,780000	0,080389
61,790000	0,082301
61,800000	0,083576
61,810000	0,082939
61,820000	0,082301
61,830000	0,083576
61,840000	0,082939
61,850000	0,083576
61,860000	0,082301
61,870000	0,081027
61,880000	0,082939
61,890000	0,082301
61,900000	0,084213
61,910000	0,081664
61,920000	0,082301
61,930000	0,079114
61,940000	0,082939
61,950000	0,081664
61,960000	0,082301
61,970000	0,081664
61,980000	0,081027
61,990000	0,081027
62,000000	0,084213
62,010000	0,081027
62,020000	0,080389
62,030000	0,082301
62,040000	0,081027
62,050000	0,082939
62,060000	0,080389
62,070000	0,081664
62,080000	0,081027
62,090000	0,081027
62,100000	0,081664
62,110000	0,083576
62,120000	0,082301
62,130000	0,083576
62,140000	0,080389
62,150000	0,081027
62,160000	0,082301
62,170000	0,081027
62,180000	0,081664
62,190000	0,082939
62,200000	0,082301
62,210000	0,081027
62,220000	0,080389
62,230000	0,083576
62,240000	0,081664
62,250000	0,082939
62,260000	0,081664
62,270000	0,084213
62,280000	0,079752
62,290000	0,081027
62,300000	0,080389
62,310000	0,084213
62,320000	0,079752
62,330000	0,081664
62,340000	0,079114
62,350000	0,082939
62,360000	0,080389
62,370000	0,084213
62,380000	0,082939
62,390000	0,082939
62,400000	0,081027
62,410000	0,082939
62,420000	0,081664
62,430000	0,081027
62,440000	0,081664
62,450000	0,082939
62,460000	0,080389
62,470000	0,082939
62,480000	0,082301
62,490000	0,082939
62,500000	0,081664
62,510000	0,083576
62,520000	0,081664
62,530000	0,084213
62,540000	0,080389
62,550000	0,083576
62,560000	0,081027
62,570000	0,083576
62,580000	0,081664
62,590000	0,081664
62,600000	0,078477
62,610000	0,086126
62,620000	0,082301
62,630000	0,081664
62,640000	0,082301
62,650000	0,084213
62,660000	0,081664
62,670000	0,084213
62,680000	0,081027
62,690000	0,080389
62,700000	0,081664
62,710000	0,083576
62,720000	0,080389
62,730000	0,082939
62,740000	0,082301
62,750000	0,081664
62,760000	0,082939
62,770000	0,080389
62,780000	0,084213
62,790000	0,083576
62,800000	0,080389
62,810000	0,082939
62,820000	0,081664
62,830000	0,083576
62,840000	0,080389
62,850000	0,082939
62,860000	0,079752
62,870000	0,083576
62,880000	0,082939
62,890000	0,084213
62,900000	0,081664
62,910000	0,082939
62,920000	0,079114
62,930000	0,084213
62,940000	0,081664
62,950000	0,081027
62,960000	0,082939
62,970000	0,083576
62,980000	0,081664
62,990000	0,083576
63,000000	0,081027
63,010000	0,083576
63,020000	0,082301
63,030000	0,081664
63,040000	0,082301
63,050000	0,082939
63,060000	0,082939
63,070000	0,081664
63,080000	0,081664
63,090000	0,084851
63,100000	0,080389
63,110000	0,084213
63,120000	0,083576
63,130000	0,081664
63,140000	0,083576
63,150000	0,081664
63,160000	0,082301
63,170000	0,083576
63,180000	0,082301
63,190000	0,084851
63,200000	0,082939
63,210000	0,081664
63,220000	0,081664
63,230000	0,082301
63,240000	0,081027
63,250000	0,081664
63,260000	0,081027
63,270000	0,082939
63,280000	0,084213
63,290000	0,082301
63,300000	0,081664
63,310000	0,082939
63,320000	0,081027
63,330000	0,082301
63,340000	0,080389
63,350000	0,079114
63,360000	0,082939
63,370000	0,080389
63,380000	0,081027
63,390000	0,082301
63,400000	0,080389
63,410000	0,082939
63,420000	0,081664
63,430000	0,082939
63,440000	0,083576
63,450000	0,082939
63,460000	0,082301
63,470000	0,081027
63,480000	0,081664
63,490000	0,080389
63,500000	0,082301
63,510000	0,081027
63,520000	0,081027
63,530000	0,082939
63,540000	0,082939
63,550000	0,080389
63,560000	0,079114
63,570000	0,082939
63,580000	0,081027
63,590000	0,082301
63,600000	0,082301
63,610000	0,082301
63,620000	0,082301
63,630000	0,082939
63,640000	0,081027
63,650000	0,082939
63,660000	0,082301
63,670000	0,081664
63,680000	0,082939
63,690000	0,082301
63,700000	0,079752
63,710000	0,082939
63,720000	0,081664
63,730000	0,079114
63,740000	0,077840
63,750000	0,082301
63,760000	0,081027
63,770000	0,082939
63,780000	0,081027
63,790000	0,084213
63,800000	0,082939
63,810000	0,081664
63,820000	0,082301
63,830000	0,081664
63,840000	0,084213
63,850000	0,081027
63,860000	0,080389
63,870000	0,080389
63,880000	0,083576
63,890000	0,082939
63,900000	0,082939
63,910000	0,081664
63,920000	0,080389
63,930000	0,082939
63,940000	0,081664
63,950000	0,080389
63,960000	0,081664
63,970000	0,081027
63,980000	0,081027
63,990000	0,082301
64,000000	0,081027
64,010000	0,080389
64,020000	0,081664
64,030000	0,082301
64,040000	0,081027
64,050000	0,081027
64,060000	0,081027
64,070000	0,082939
64,080000	0,080389
64,090000	0,081664
64,100000	0,081664
64,110000	0,081664
64,120000	0,080389
64,130000	0,079114
64,140000	0,081664
64,150000	0,080389
64,160000	0,081664
64,170000	0,079752
64,180000	0,080389
64,190000	0,081027
64,200000	0,081664
64,210000	0,080389
64,220000	0,079752
64,230000	0,081027
64,240000	0,079752
64,250000	0,079114
64,260000	0,082301
64,270000	0,081027
64,280000	0,080389
64,290000	0,081027
64,300000	0,081664
64,310000	0,079114
64,320000	0,081027
64,330000	0,082939
64,340000	0,081027
64,350000	0,082301
64,360000	0,082301
64,370000	0,081027
64,380000	0,082301
64,390000	0,081027
64,400000	0,081664
64,410000	0,081027
64,420000	0,080389
64,430000	0,081027
64,440000	0,080389
64,450000	0,083576
64,460000	0,081027
64,470000	0,079752
64,480000	0,082301
64,490000	0,081027
64,500000	0,079114
64,510000	0,082939
64,520000	0,082301
64,530000	0,081027
64,540000	0,080389
64,550000	0,080389
64,560000	0,082939
64,570000	0,081664
64,580000	0,081664
64,590000	0,081027
64,600000	0,079114
64,610000	0,084213
64,620000	0,079114
64,630000	0,083576
64,640000	0,081027
64,650000	0,081027
64,660000	0,079752
64,670000	0,081664
64,680000	0,081664
64,690000	0,081664
64,700000	0,081664
64,710000	0,083576
64,720000	0,080389
64,730000	0,081664
64,740000	0,079752
64,750000	0,083576
64,760000	0,080389
64,770000	0,083576
64,780000	0,081027
64,790000	0,082301
64,800000	0,081664
64,810000	0,082939
64,820000	0,081664
64,830000	0,082301
64,840000	0,082301
64,850000	0,082939
64,860000	0,081664
64,870000	0,083576
64,880000	0,082301
64,890000	0,081664
64,900000	0,082301
64,910000	0,080389
64,920000	0,081664
64,930000	0,081664
64,940000	0,082301
64,950000	0,081027
64,960000	0,081664
64,970000	0,081027
64,980000	0,079752
64,990000	0,080389
65,000000	0,081027
65,010000	0,081664
65,020000	0,082301
65,030000	0,079752
65,040000	0,081027
65,050000	0,082939
65,060000	0,082301
65,070000	0,082301
65,080000	0,081027
65,090000	0,081027
65,100000	0,081027
65,110000	0,081027
65,120000	0,081664
65,130000	0,080389
65,140000	0,081027
65,150000	0,079752
65,160000	0,081027
65,170000	0,081027
65,180000	0,081664
65,190000	0,082939
65,200000	0,082301
65,210000	0,081664
65,220000	0,081664
65,230000	0,082301
65,240000	0,080389
65,250000	0,081027
65,260000	0,083576
65,270000	0,081027
65,280000	0,082301
65,290000	0,081027
65,300000	0,080389
65,310000	0,080389
65,320000	0,081664
65,330000	0,079114
65,340000	0,082939
65,350000	0,081664
65,360000	0,083576
65,370000	0,079114
65,380000	0,081664
65,390000	0,080389
65,400000	0,081027
65,410000	0,080389
65,420000	0,084213
65,430000	0,082301
65,440000	0,082301
65,450000	0,081664
65,460000	0,082939
65,470000	0,082301
65,480000	0,082939
65,490000	0,082301
65,500000	0,081664
65,510000	0,082939
65,520000	0,080389
65,530000	0,082301
65,540000	0,082939
65,550000	0,081664
65,560000	0,079114
65,570000	0,081027
65,580000	0,078477
65,590000	0,080389
65,600000	0,080389
65,610000	0,080389
65,620000	0,081664
65,630000	0,081027
65,640000	0,082301
65,650000	0,081664
65,660000	0,079752
65,670000	0,081664
65,680000	0,081664
65,690000	0,082939
65,700000	0,081027
65,710000	0,082939
65,720000	0,080389
65,730000	0,081664
65,740000	0,077840
65,750000	0,081027
65,760000	0,081027
65,770000	0,081664
65,780000	0,081027
65,790000	0,080389
65,800000	0,081664
65,810000	0,081664
65,820000	0,079752
65,830000	0,081027
65,840000	0,081027
65,850000	0,081027
65,860000	0,082939
65,870000	0,077840
65,880000	0,081664
65,890000	0,081027
65,900000	0,081027
65,910000	0,081027
65,920000	0,079752
65,930000	0,081664
65,940000	0,079752
65,950000	0,081664
65,960000	0,080389
65,970000	0,081664
65,980000	0,078477
65,990000	0,082301
66,000000	0,079752
66,010000	0,081664
66,020000	0,079114
66,030000	0,080389
66,040000	0,079752
66,050000	0,081027
66,060000	0,081664
66,070000	0,080389
66,080000	0,079752
66,090000	0,079114
66,100000	0,078477
66,110000	0,081664
66,120000	0,079114
66,130000	0,080389
66,140000	0,081664
66,150000	0,078477
66,160000	0,081027
66,170000	0,079114
66,180000	0,080389
66,190000	0,079752
66,200000	0,081027
66,210000	0,081027
66,220000	0,079752
66,230000	0,081664
66,240000	0,081027
66,250000	0,079114
66,260000	0,080389
66,270000	0,081664
66,280000	0,079752
66,290000	0,081664
66,300000	0,078477
66,310000	0,081664
66,320000	0,081027
66,330000	0,079752
66,340000	0,078477
66,350000	0,081664
66,360000	0,080389
66,370000	0,079752
66,380000	0,082301
66,390000	0,078477
66,400000	0,080389
66,410000	0,079752
66,420000	0,080389
66,430000	0,081027
66,440000	0,081027
66,450000	0,081027
66,460000	0,079752
66,470000	0,081664
66,480000	0,080389
66,490000	0,081664
66,500000	0,079752
66,510000	0,080389
66,520000	0,081664
66,530000	0,080389
66,540000	0,081027
66,550000	0,079114
66,560000	0,081027
66,570000	0,081027
66,580000	0,080389
66,590000	0,081664
66,600000	0,079114
66,610000	0,081664
66,620000	0,080389
66,630000	0,078477
66,640000	0,080389
66,650000	0,081027
66,660000	0,081664
66,670000	0,079114
66,680000	0,080389
66,690000	0,081027
66,700000	0,078477
66,710000	0,079752
66,720000	0,081027
66,730000	0,079752
66,740000	0,079752
66,750000	0,081664
66,760000	0,081027
66,770000	0,079752
66,780000	0,079752
66,790000	0,081664
66,800000	0,079752
66,810000	0,079114
66,820000	0,081027
66,830000	0,081027
66,840000	0,078477
66,850000	0,080389
66,860000	0,081027
66,870000	0,081664
66,880000	0,081664
66,890000	0,082939
66,900000	0,081027
66,910000	0,082301
66,920000	0,081664
66,930000	0,080389
66,940000	0,081027
66,950000	0,081664
66,960000	0,081027
66,970000	0,081027
66,980000	0,079114
66,990000	0,081027
67,000000	0,079114
67,010000	0,079752
67,020000	0,081664
67,030000	0,080389
67,040000	0,081027
67,050000	0,079752
67,060000	0,081027
67,070000	0,080389
67,080000	0,082939
67,090000	0,081027
67,100000	0,080389
67,110000	0,080389
67,120000	0,082301
67,130000	0,079752
67,140000	0,082301
67,150000	0,081664
67,160000	0,080389
67,170000	0,080389
67,180000	0,081664
67,190000	0,081027
67,200000	0,079114
67,210000	0,080389
67,220000	0,080389
67,230000	0,079752
67,240000	0,079752
67,250000	0,081027
67,260000	0,080389
67,270000	0,080389
67,280000	0,078477
67,290000	0,081027
67,300000	0,082301
67,310000	0,080389
67,320000	0,081664
67,330000	0,079114
67,340000	0,081664
67,350000	0,080389
67,360000	0,080389
67,370000	0,079752
67,380000	0,080389
67,390000	0,081664
67,400000	0,081664
67,410000	0,080389
67,420000	0,081664
67,430000	0,078477
67,440000	0,081664
67,450000	0,081027
67,460000	0,079752
67,470000	0,082301
67,480000	0,079114
67,490000	0,080389
67,500000	0,081027
67,510000	0,079752
67,520000	0,081664
67,530000	0,080389
67,540000	0,080389
67,550000	0,070829
67,560000	0,079114
67,570000	0,082301
67,580000	0,081664
67,590000	0,081027
67,600000	0,080389
67,610000	0,081027
67,620000	0,080389
67,630000	0,077840
67,640000	0,081027
67,650000	0,079114
67,660000	0,081664
67,670000	0,076565
67,680000	0,081664
67,690000	0,080389
67,700000	0,080389
67,710000	0,084851
67,720000	0,079114
67,730000	0,079114
67,740000	0,082301
67,750000	0,077840
67,760000	0,083576
67,770000	0,080389
67,780000	0,078477
67,790000	0,081664
67,800000	0,080389
67,810000	0,080389
67,820000	0,077840
67,830000	0,081664
67,840000	0,078477
67,850000	0,081027
67,860000	0,079114
67,870000	0,075290
67,880000	0,079114
67,890000	0,079114
67,900000	0,079114
67,910000	0,079114
67,920000	0,081027
67,930000	0,079114
67,940000	0,079114
67,950000	0,077202
67,960000	0,079114
67,970000	0,081027
67,980000	0,077202
67,990000	0,080389
68,000000	0,079114
68,010000	0,079114
68,020000	0,078477
68,030000	0,081664
68,040000	0,080389
68,050000	0,079114
68,060000	0,077202
68,070000	0,081027
68,080000	0,077202
68,090000	0,080389
68,100000	0,078477
68,110000	0,081664
68,120000	0,078477
68,130000	0,079752
68,140000	0,080389
68,150000	0,081027
68,160000	0,079114
68,170000	0,079752
68,180000	0,077202
68,190000	0,082301
68,200000	0,076565
68,210000	0,079114
68,220000	0,079114
68,230000	0,079752
68,240000	0,079114
68,250000	0,080389
68,260000	0,078477
68,270000	0,080389
68,280000	0,080389
68,290000	0,079114
68,300000	0,079752
68,310000	0,079114
68,320000	0,080389
68,330000	0,077840
68,340000	0,079114
68,350000	0,076565
68,360000	0,076565
68,370000	0,077840
68,380000	0,079114
68,390000	0,079752
68,400000	0,080389
68,410000	0,079114
68,420000	0,078477
68,430000	0,077202
68,440000	0,077840
68,450000	0,078477
68,460000	0,080389
68,470000	0,079114
68,480000	0,078477
68,490000	0,080389
68,500000	0,079114
68,510000	0,082301
68,520000	0,079114
68,530000	0,079752
68,540000	0,078477
68,550000	0,079752
68,560000	0,079114
68,570000	0,077840
68,580000	0,079752
68,590000	0,080389
68,600000	0,081664
68,610000	0,080389
68,620000	0,080389
68,630000	0,081664
68,640000	0,081664
68,650000	0,078477
68,660000	0,082939
68,670000	0,078477
68,680000	0,079114
68,690000	0,079114
68,700000	0,081664
68,710000	0,078477
68,720000	0,081664
68,730000	0,081664
68,740000	0,081027
68,750000	0,079114
68,760000	0,080389
68,770000	0,078477
68,780000	0,081664
68,790000	0,077840
68,800000	0,080389
68,810000	0,077840
68,820000	0,076565
68,830000	0,079114
68,840000	0,081027
68,850000	0,076565
68,860000	0,081664
68,870000	0,079114
68,880000	0,081664
68,890000	0,079114
68,900000	0,080389
68,910000	0,078477
68,920000	0,080389
68,930000	0,078477
68,940000	0,079114
68,950000	0,081664
68,960000	0,081027
68,970000	0,079114
68,980000	0,081027
68,990000	0,080389
69,000000	0,079752
69,010000	0,080389
69,020000	0,077202
69,030000	0,079752
69,040000	0,079114
69,050000	0,080389
69,060000	0,078477
69,070000	0,081664
69,080000	0,077202
69,090000	0,080389
69,100000	0,077202
69,110000	0,081027
69,120000	0,081027
69,130000	0,080389
69,140000	0,079114
69,150000	0,081027
69,160000	0,078477
69,170000	0,079114
69,180000	0,079752
69,190000	0,085488
69,200000	0,079752
69,210000	0,080389
69,220000	0,081027
69,230000	0,076565
69,240000	0,078477
69,250000	0,081027
69,260000	0,079114
69,270000	0,079752
69,280000	0,079114
69,290000	0,079114
69,300000	0,079752
69,310000	0,079752
69,320000	0,079752
69,330000	0,079114
69,340000	0,079114
69,350000	0,072741
69,360000	0,081027
69,370000	0,079752
69,380000	0,081027
69,390000	0,081664
69,400000	0,078477
69,410000	0,080389
69,420000	0,081027
69,430000	0,080389
69,440000	0,081027
69,450000	0,079114
69,460000	0,079114
69,470000	0,082301
69,480000	0,078477
69,490000	0,079752
69,500000	0,079114
69,510000	0,085488
69,520000	0,077840
69,530000	0,080389
69,540000	0,080389
69,550000	0,081027
69,560000	0,077840
69,570000	0,081027
69,580000	0,077202
69,590000	0,079114
69,600000	0,083576
69,610000	0,080389
69,620000	0,078477
69,630000	0,079114
69,640000	0,079114
69,650000	0,079114
69,660000	0,079752
69,670000	0,079114
69,680000	0,080389
69,690000	0,082301
69,700000	0,081027
69,710000	0,080389
69,720000	0,079114
69,730000	0,073378
69,740000	0,079114
69,750000	0,079114
69,760000	0,078477
69,770000	0,080389
69,780000	0,078477
69,790000	0,079752
69,800000	0,079114
69,810000	0,080389
69,820000	0,085488
69,830000	0,080389
69,840000	0,079114
69,850000	0,079752
69,860000	0,080389
69,870000	0,077202
69,880000	0,078477
69,890000	0,079114
69,900000	0,077840
69,910000	0,079114
69,920000	0,080389
69,930000	0,077840
69,940000	0,079114
69,950000	0,079114
69,960000	0,077202
69,970000	0,079114
69,980000	0,079114
69,990000	0,078477
70,000000	0,076565
70,010000	0,079114
70,020000	0,079114
70,030000	0,071466
70,040000	0,077202
70,050000	0,079114
70,060000	0,077202
70,070000	0,077840
70,080000	0,077202
70,090000	0,077202
70,100000	0,079114
70,110000	0,078477
70,120000	0,071466
70,130000	0,077840
70,140000	0,079114
70,150000	0,079752
70,160000	0,078477
70,170000	0,080389
70,180000	0,077840
70,190000	0,082301
70,200000	0,078477
70,210000	0,077840
70,220000	0,077840
70,230000	0,080389
70,240000	0,077202
70,250000	0,079114
70,260000	0,079752
70,270000	0,077840
70,280000	0,068917
70,290000	0,077202
70,300000	0,076565
70,310000	0,077840
70,320000	0,077840
70,330000	0,080389
70,340000	0,079114
70,350000	0,075290
70,360000	0,078477
70,370000	0,080389
70,380000	0,078477
70,390000	0,079114
70,400000	0,079114
70,410000	0,080389
70,420000	0,081027
70,430000	0,080389
70,440000	0,070191
70,450000	0,077202
70,460000	0,077840
70,470000	0,077202
70,480000	0,077840
70,490000	0,079114
70,500000	0,078477
70,510000	0,081664
70,520000	0,081664
70,530000	0,076565
70,540000	0,078477
70,550000	0,077202
70,560000	0,077840
70,570000	0,079114
70,580000	0,079752
70,590000	0,078477
70,600000	0,071466
70,610000	0,079114
70,620000	0,079114
70,630000	0,079114
70,640000	0,079114
70,650000	0,079752
70,660000	0,077840
70,670000	0,080389
70,680000	0,079752
70,690000	0,079114
70,700000	0,077840
70,710000	0,081027
70,720000	0,077840
70,730000	0,078477
70,740000	0,077202
70,750000	0,082939
70,760000	0,077840
70,770000	0,078477
70,780000	0,079114
70,790000	0,081664
70,800000	0,080389
70,810000	0,077202
70,820000	0,078477
70,830000	0,080389
70,840000	0,072741
70,850000	0,078477
70,860000	0,081027
70,870000	0,079752
70,880000	0,079114
70,890000	0,077202
70,900000	0,080389
70,910000	0,074653
70,920000	0,079114
70,930000	0,079114
70,940000	0,079752
70,950000	0,078477
70,960000	0,079114
70,970000	0,079114
70,980000	0,078477
70,990000	0,079752
71,000000	0,074653
71,010000	0,079114
71,020000	0,076565
71,030000	0,081027
71,040000	0,079114
71,050000	0,079752
71,060000	0,079114
71,070000	0,080389
71,080000	0,078477
71,090000	0,078477
71,100000	0,079752
71,110000	0,079114
71,120000	0,081027
71,130000	0,080389
71,140000	0,079114
71,150000	0,081027
71,160000	0,070829
71,170000	0,079752
71,180000	0,078477
71,190000	0,079114
71,200000	0,075928
71,210000	0,079752
71,220000	0,077840
71,230000	0,081664
71,240000	0,076565
71,250000	0,079114
71,260000	0,078477
71,270000	0,079752
71,280000	0,079114
71,290000	0,079114
71,300000	0,076565
71,310000	0,080389
71,320000	0,077840
71,330000	0,079114
71,340000	0,078477
71,350000	0,081027
71,360000	0,079114
71,370000	0,081664
71,380000	0,077202
71,390000	0,076565
71,400000	0,079114
71,410000	0,081027
71,420000	0,079114
71,430000	0,080389
71,440000	0,076565
71,450000	0,080389
71,460000	0,077202
71,470000	0,080389
71,480000	0,077202
71,490000	0,079752
71,500000	0,078477
71,510000	0,077202
71,520000	0,077840
71,530000	0,079752
71,540000	0,079114
71,550000	0,083576
71,560000	0,079752
71,570000	0,081027
71,580000	0,077202
71,590000	0,079114
71,600000	0,078477
71,610000	0,078477
71,620000	0,079114
71,630000	0,079752
71,640000	0,080389
71,650000	0,078477
71,660000	0,079752
71,670000	0,079752
71,680000	0,077202
71,690000	0,079114
71,700000	0,077202
71,710000	0,074653
71,720000	0,077202
71,730000	0,079752
71,740000	0,078477
71,750000	0,077840
71,760000	0,077202
71,770000	0,078477
71,780000	0,076565
71,790000	0,079114
71,800000	0,076565
71,810000	0,079114
71,820000	0,074016
71,830000	0,079752
71,840000	0,076565
71,850000	0,080389
71,860000	0,076565
71,870000	0,079114
71,880000	0,075290
71,890000	0,080389
71,900000	0,076565
71,910000	0,079114
71,920000	0,077840
71,930000	0,077202
71,940000	0,078477
71,950000	0,079752
71,960000	0,077840
71,970000	0,080389
71,980000	0,077202
71,990000	0,080389
72,000000	0,076565
72,010000	0,079114
72,020000	0,079114
72,030000	0,078477
72,040000	0,079752
72,050000	0,078477
72,060000	0,078477
72,070000	0,079114
72,080000	0,076565
72,090000	0,079114
72,100000	0,076565
72,110000	0,079752
72,120000	0,077202
72,130000	0,080389
72,140000	0,076565
72,150000	0,080389
72,160000	0,077840
72,170000	0,080389
72,180000	0,079114
72,190000	0,076565
72,200000	0,079114
72,210000	0,079114
72,220000	0,076565
72,230000	0,077202
72,240000	0,078477
72,250000	0,078477
72,260000	0,076565
72,270000	0,078477
72,280000	0,079114
72,290000	0,077840
72,300000	0,080389
72,310000	0,079752
72,320000	0,079114
72,330000	0,077840
72,340000	0,077202
72,350000	0,078477
72,360000	0,076565
72,370000	0,080389
72,380000	0,080389
72,390000	0,077840
72,400000	0,078477
72,410000	0,076565
72,420000	0,076565
72,430000	0,076565
72,440000	0,076565
72,450000	0,078477
72,460000	0,077202
72,470000	0,080389
72,480000	0,077202
72,490000	0,079114
72,500000	0,076565
72,510000	0,079114
72,520000	0,075928
72,530000	0,079114
72,540000	0,077840
72,550000	0,079114
72,560000	0,077840
72,570000	0,081027
72,580000	0,077840
72,590000	0,079114
72,600000	0,079752
72,610000	0,077840
72,620000	0,075290
72,630000	0,077840
72,640000	0,077840
72,650000	0,078477
72,660000	0,074653
72,670000	0,080389
72,680000	0,078477
72,690000	0,078477
72,700000	0,078477
72,710000	0,077202
72,720000	0,078477
72,730000	0,080389
72,740000	0,078477
72,750000	0,078477
72,760000	0,075928
72,770000	0,079114
72,780000	0,077202
72,790000	0,077840
72,800000	0,078477
72,810000	0,077840
72,820000	0,077840
72,830000	0,079752
72,840000	0,075928
72,850000	0,078477
72,860000	0,076565
72,870000	0,080389
72,880000	0,079114
72,890000	0,080389
72,900000	0,079114
72,910000	0,077840
72,920000	0,077202
72,930000	0,082301
72,940000	0,076565
72,950000	0,080389
72,960000	0,075290
72,970000	0,079752
72,980000	0,078477
72,990000	0,080389
73,000000	0,079114
73,010000	0,079752
73,020000	0,079114
73,030000	0,081027
73,040000	0,076565
73,050000	0,081664
73,060000	0,077840
73,070000	0,079114
73,080000	0,077840
73,090000	0,081027
73,100000	0,077840
73,110000	0,077840
73,120000	0,077840
73,130000	0,080389
73,140000	0,075928
73,150000	0,081664
73,160000	0,079114
73,170000	0,080389
73,180000	0,078477
73,190000	0,080389
73,200000	0,081664
73,210000	0,079114
73,220000	0,075928
73,230000	0,080389
73,240000	0,077202
73,250000	0,079114
73,260000	0,077840
73,270000	0,081027
73,280000	0,080389
73,290000	0,077202
73,300000	0,078477
73,310000	0,075928
73,320000	0,080389
73,330000	0,079114
73,340000	0,077840
73,350000	0,079114
73,360000	0,079114
73,370000	0,077202
73,380000	0,077840
73,390000	0,077202
73,400000	0,075928
73,410000	0,080389
73,420000	0,078477
73,430000	0,078477
73,440000	0,077202
73,450000	0,079114
73,460000	0,078477
73,470000	0,080389
73,480000	0,077202
73,490000	0,079752
73,500000	0,079114
73,510000	0,079752
73,520000	0,079114
73,530000	0,081027
73,540000	0,080389
73,550000	0,081027
73,560000	0,077840
73,570000	0,078477
73,580000	0,076565
73,590000	0,077202
73,600000	0,080389
73,610000	0,080389
73,620000	0,079114
73,630000	0,077202
73,640000	0,076565
73,650000	0,079114
73,660000	0,076565
73,670000	0,081027
73,680000	0,079114
73,690000	0,079114
73,700000	0,077202
73,710000	0,079114
73,720000	0,075928
73,730000	0,079752
73,740000	0,076565
73,750000	0,080389
73,760000	0,075290
73,770000	0,079114
73,780000	0,075928
73,790000	0,077840
73,800000	0,077202
73,810000	0,080389
73,820000	0,077202
73,830000	0,079114
73,840000	0,078477
73,850000	0,081027
73,860000	0,076565
73,870000	0,076565
73,880000	0,076565
73,890000	0,076565
73,900000	0,076565
73,910000	0,077202
73,920000	0,077202
73,930000	0,076565
73,940000	0,077202
73,950000	0,077840
73,960000	0,077840
73,970000	0,078477
73,980000	0,076565
73,990000	0,078477
74,000000	0,079114
74,010000	0,077840
74,020000	0,077202
74,030000	0,077202
74,040000	0,079752
74,050000	0,077202
74,060000	0,078477
74,070000	0,080389
74,080000	0,075290
74,090000	0,077202
74,100000	0,077840
74,110000	0,078477
74,120000	0,074653
74,130000	0,075290
74,140000	0,077202
74,150000	0,077840
74,160000	0,077202
74,170000	0,079114
74,180000	0,076565
74,190000	0,077202
74,200000	0,075928
74,210000	0,079114
74,220000	0,075290
74,230000	0,078477
74,240000	0,076565
74,250000	0,078477
74,260000	0,078477
74,270000	0,079114
74,280000	0,077202
74,290000	0,079114
74,300000	0,075928
74,310000	0,077840
74,320000	0,076565
74,330000	0,079114
74,340000	0,078477
74,350000	0,077840
74,360000	0,079114
74,370000	0,075928
74,380000	0,077202
74,390000	0,076565
74,400000	0,078477
74,410000	0,077840
74,420000	0,075290
74,430000	0,077202
74,440000	0,077840
74,450000	0,077202
74,460000	0,078477
74,470000	0,074653
74,480000	0,077202
74,490000	0,077840
74,500000	0,076565
74,510000	0,078477
74,520000	0,078477
74,530000	0,077840
74,540000	0,077840
74,550000	0,079114
74,560000	0,076565
74,570000	0,081027
74,580000	0,075290
74,590000	0,079114
74,600000	0,076565
74,610000	0,079752
74,620000	0,078477
74,630000	0,080389
74,640000	0,074653
74,650000	0,078477
74,660000	0,076565
74,670000	0,079752
74,680000	0,078477
74,690000	0,079752
74,700000	0,079114
74,710000	0,080389
74,720000	0,080389
74,730000	0,077840
74,740000	0,078477
74,750000	0,076565
74,760000	0,076565
74,770000	0,079114
74,780000	0,076565
74,790000	0,078477
74,800000	0,078477
74,810000	0,079114
74,820000	0,077840
74,830000	0,077202
74,840000	0,077202
74,850000	0,076565
74,860000	0,075928
74,870000	0,080389
74,880000	0,076565
74,890000	0,079114
74,900000	0,078477
74,910000	0,079114
74,920000	0,076565
74,930000	0,078477
74,940000	0,079114
74,950000	0,076565
74,960000	0,077840
74,970000	0,079114
74,980000	0,076565
74,990000	0,076565
75,000000	0,079114
75,010000	0,079752
75,020000	0,076565
75,030000	0,077202
75,040000	0,076565
75,050000	0,077840
75,060000	0,077840
75,070000	0,079114
75,080000	0,079114
75,090000	0,077840
75,100000	0,079752
75,110000	0,078477
75,120000	0,080389
75,130000	0,074653
75,140000	0,077840
75,150000	0,077202
75,160000	0,076565
75,170000	0,078477
75,180000	0,078477
75,190000	0,080389
75,200000	0,081027
75,210000	0,077202
75,220000	0,079752
75,230000	0,079752
75,240000	0,077202
75,250000	0,078477
75,260000	0,077840
75,270000	0,075928
75,280000	0,075928
75,290000	0,079114
75,300000	0,078477
75,310000	0,079114
75,320000	0,079114
75,330000	0,079114
75,340000	0,076565
75,350000	0,076565
75,360000	0,077202
75,370000	0,079114
75,380000	0,079752
75,390000	0,079752
75,400000	0,076565
75,410000	0,077840
75,420000	0,078477
75,430000	0,077202
75,440000	0,076565
75,450000	0,078477
75,460000	0,077840
75,470000	0,079114
75,480000	0,079114
75,490000	0,077840
75,500000	0,077840
75,510000	0,077840
75,520000	0,075928
75,530000	0,077202
75,540000	0,078477
75,550000	0,077202
75,560000	0,077202
75,570000	0,077840
75,580000	0,079114
75,590000	0,075290
75,600000	0,078477
75,610000	0,078477
75,620000	0,077202
75,630000	0,078477
75,640000	0,077202
75,650000	0,077840
75,660000	0,078477
75,670000	0,077202
75,680000	0,076565
75,690000	0,078477
75,700000	0,076565
75,710000	0,078477
75,720000	0,077202
75,730000	0,077202
75,740000	0,076565
75,750000	0,080389
75,760000	0,077840
75,770000	0,077202
75,780000	0,077840
75,790000	0,077840
75,800000	0,077840
75,810000	0,076565
75,820000	0,079114
75,830000	0,076565
75,840000	0,075928
75,850000	0,077202
75,860000	0,077840
75,870000	0,077202
75,880000	0,077202
75,890000	0,079114
75,900000	0,078477
75,910000	0,079114
75,920000	0,074653
75,930000	0,077840
75,940000	0,079114
75,950000	0,076565
75,960000	0,076565
75,970000	0,076565
75,980000	0,076565
75,990000	0,076565
76,000000	0,077840
76,010000	0,076565
76,020000	0,077840
76,030000	0,077840
76,040000	0,075928
76,050000	0,077202
76,060000	0,077202
76,070000	0,078477
76,080000	0,074653
76,090000	0,075928
76,100000	0,076565
76,110000	0,078477
76,120000	0,076565
76,130000	0,075290
76,140000	0,075928
76,150000	0,077202
76,160000	0,075928
76,170000	0,077202
76,180000	0,078477
76,190000	0,077202
76,200000	0,076565
76,210000	0,079114
76,220000	0,076565
76,230000	0,077840
76,240000	0,075928
76,250000	0,075290
76,260000	0,077840
76,270000	0,077202
76,280000	0,076565
76,290000	0,077202
76,300000	0,075290
76,310000	0,076565
76,320000	0,077840
76,330000	0,077840
76,340000	0,078477
76,350000	0,078477
76,360000	0,074653
76,370000	0,077202
76,380000	0,077202
76,390000	0,075928
76,400000	0,077202
76,410000	0,077840
76,420000	0,078477
76,430000	0,077202
76,440000	0,076565
76,450000	0,079114
76,460000	0,080389
76,470000	0,078477
76,480000	0,074653
76,490000	0,077202
76,500000	0,075290
76,510000	0,077840
76,520000	0,074653
76,530000	0,076565
76,540000	0,078477
76,550000	0,078477
76,560000	0,075290
76,570000	0,077840
76,580000	0,076565
76,590000	0,077840
76,600000	0,077202
76,610000	0,075928
76,620000	0,077202
76,630000	0,077840
76,640000	0,079114
76,650000	0,077840
76,660000	0,076565
76,670000	0,076565
76,680000	0,081027
76,690000	0,077202
76,700000	0,077202
76,710000	0,076565
76,720000	0,075928
76,730000	0,076565
76,740000	0,079114
76,750000	0,076565
76,760000	0,077840
76,770000	0,075290
76,780000	0,076565
76,790000	0,076565
76,800000	0,079114
76,810000	0,079752
76,820000	0,079114
76,830000	0,075928
76,840000	0,077202
76,850000	0,078477
76,860000	0,079114
76,870000	0,075928
76,880000	0,078477
76,890000	0,076565
76,900000	0,077202
76,910000	0,075928
76,920000	0,077840
76,930000	0,077202
76,940000	0,077840
76,950000	0,078477
76,960000	0,080389
76,970000	0,076565
76,980000	0,078477
76,990000	0,077202
77,000000	0,076565
77,010000	0,075928
77,020000	0,077202
77,030000	0,077840
77,040000	0,076565
77,050000	0,081664
77,060000	0,079114
77,070000	0,077840
77,080000	0,077202
77,090000	0,077202
77,100000	0,077202
77,110000	0,079114
77,120000	0,076565
77,130000	0,074653
77,140000	0,077840
77,150000	0,077202
77,160000	0,079114
77,170000	0,079114
77,180000	0,078477
77,190000	0,078477
77,200000	0,075290
77,210000	0,078477
77,220000	0,078477
77,230000	0,077202
77,240000	0,076565
77,250000	0,076565
77,260000	0,076565
77,270000	0,078477
77,280000	0,079114
77,290000	0,077840
77,300000	0,080389
77,310000	0,077202
77,320000	0,079752
77,330000	0,077202
77,340000	0,078477
77,350000	0,076565
77,360000	0,077202
77,370000	0,076565
77,380000	0,077840
77,390000	0,078477
77,400000	0,079752
77,410000	0,077202
77,420000	0,078477
77,430000	0,079752
77,440000	0,077202
77,450000	0,076565
77,460000	0,079752
77,470000	0,079114
77,480000	0,075928
77,490000	0,077840
77,500000	0,077202
77,510000	0,075928
77,520000	0,076565
77,530000	0,079114
77,540000	0,079114
77,550000	0,075928
77,560000	0,077840
77,570000	0,078477
77,580000	0,077840
77,590000	0,075290
77,600000	0,078477
77,610000	0,077202
77,620000	0,077840
77,630000	0,079114
77,640000	0,076565
77,650000	0,076565
77,660000	0,077202
77,670000	0,077840
77,680000	0,075928
77,690000	0,075928
77,700000	0,078477
77,710000	0,077840
77,720000	0,078477
77,730000	0,078477
77,740000	0,074016
77,750000	0,077202
77,760000	0,077202
77,770000	0,079114
77,780000	0,076565
77,790000	0,077202
77,800000	0,078477
77,810000	0,076565
77,820000	0,079114
77,830000	0,076565
77,840000	0,074653
77,850000	0,078477
77,860000	0,077840
77,870000	0,078477
77,880000	0,077840
77,890000	0,079752
77,900000	0,076565
77,910000	0,077202
77,920000	0,077840
77,930000	0,077202
77,940000	0,075290
77,950000	0,078477
77,960000	0,078477
77,970000	0,078477
77,980000	0,075290
77,990000	0,076565
78,000000	0,077202
78,010000	0,077840
78,020000	0,074653
78,030000	0,076565
78,040000	0,076565
78,050000	0,076565
78,060000	0,073378
78,070000	0,076565
78,080000	0,074016
78,090000	0,077840
78,100000	0,075290
78,110000	0,076565
78,120000	0,075928
78,130000	0,075928
78,140000	0,073378
78,150000	0,076565
78,160000	0,075928
78,170000	0,076565
78,180000	0,076565
78,190000	0,077840
78,200000	0,076565
78,210000	0,076565
78,220000	0,078477
78,230000	0,075928
78,240000	0,076565
78,250000	0,075928
78,260000	0,075928
78,270000	0,077202
78,280000	0,076565
78,290000	0,076565
78,300000	0,077202
78,310000	0,077202
78,320000	0,076565
78,330000	0,075290
78,340000	0,074653
78,350000	0,077202
78,360000	0,077840
78,370000	0,078477
78,380000	0,076565
78,390000	0,077202
78,400000	0,074653
78,410000	0,079114
78,420000	0,078477
78,430000	0,077202
78,440000	0,075290
78,450000	0,077202
78,460000	0,075928
78,470000	0,077840
78,480000	0,077202
78,490000	0,077840
78,500000	0,078477
78,510000	0,077202
78,520000	0,077202
78,530000	0,075928
78,540000	0,077202
78,550000	0,075290
78,560000	0,075928
78,570000	0,079114
78,580000	0,080389
78,590000	0,077202
78,600000	0,075928
78,610000	0,077202
78,620000	0,077202
78,630000	0,078477
78,640000	0,079114
78,650000	0,076565
78,660000	0,077840
78,670000	0,074016
78,680000	0,077840
78,690000	0,075928
78,700000	0,077840
78,710000	0,074016
78,720000	0,077202
78,730000	0,077202
78,740000	0,078477
78,750000	0,078477
78,760000	0,077202
78,770000	0,078477
78,780000	0,077840
78,790000	0,075928
78,800000	0,079114
78,810000	0,076565
78,820000	0,076565
78,830000	0,080389
78,840000	0,079114
78,850000	0,076565
78,860000	0,078477
78,870000	0,075928
78,880000	0,075928
78,890000	0,075928
78,900000	0,077202
78,910000	0,077202
78,920000	0,076565
78,930000	0,077840
78,940000	0,076565
78,950000	0,076565
78,960000	0,077202
78,970000	0,079114
78,980000	0,075928
78,990000	0,075928
79,000000	0,077202
79,010000	0,077840
79,020000	0,078477
79,030000	0,077202
79,040000	0,076565
79,050000	0,077840
79,060000	0,079752
79,070000	0,077840
79,080000	0,076565
79,090000	0,077202
79,100000	0,079114
79,110000	0,079114
79,120000	0,075928
79,130000	0,076565
79,140000	0,079752
79,150000	0,077840
79,160000	0,076565
79,170000	0,076565
79,180000	0,074653
79,190000	0,078477
79,200000	0,077202
79,210000	0,079114
79,220000	0,077840
79,230000	0,078477
79,240000	0,075290
79,250000	0,077840
79,260000	0,075928
79,270000	0,078477
79,280000	0,079114
79,290000	0,077840
79,300000	0,074016
79,310000	0,077202
79,320000	0,075928
79,330000	0,077202
79,340000	0,076565
79,350000	0,076565
79,360000	0,076565
79,370000	0,077840
79,380000	0,076565
79,390000	0,076565
79,400000	0,077202
79,410000	0,079114
79,420000	0,079114
79,430000	0,079114
79,440000	0,078477
79,450000	0,079114
79,460000	0,075290
79,470000	0,079114
79,480000	0,074653
79,490000	0,077840
79,500000	0,077840
79,510000	0,075928
79,520000	0,078477
79,530000	0,078477
79,540000	0,078477
79,550000	0,074653
79,560000	0,078477
79,570000	0,078477
79,580000	0,075928
79,590000	0,076565
79,600000	0,077202
79,610000	0,079114
79,620000	0,075290
79,630000	0,078477
79,640000	0,074653
79,650000	0,076565
79,660000	0,075928
79,670000	0,076565
79,680000	0,075290
79,690000	0,078477
79,700000	0,075290
79,710000	0,075928
79,720000	0,077840
79,730000	0,076565
79,740000	0,077202
79,750000	0,077202
79,760000	0,075290
79,770000	0,077202
79,780000	0,077840
79,790000	0,077202
79,800000	0,074653
79,810000	0,076565
79,820000	0,077202
79,830000	0,076565
79,840000	0,076565
79,850000	0,076565
79,860000	0,076565
79,870000	0,077840
79,880000	0,077202
79,890000	0,076565
79,900000	0,075928
79,910000	0,077840
79,920000	0,074653
79,930000	0,079114
79,940000	0,076565
79,950000	0,078477
79,960000	0,077202
79,970000	0,076565
79,980000	0,074016
79,990000	0,080389
80,000000	0,074653
80,010000	0,078477
80,020000	0,077202
80,030000	0,076565
80,040000	0,074653
80,050000	0,077840
80,060000	0,076565
80,070000	0,079114
80,080000	0,077202
80,090000	0,074016
80,100000	0,073378
80,110000	0,078477
80,120000	0,074016
80,130000	0,075928
80,140000	0,074653
80,150000	0,076565
80,160000	0,075928
80,170000	0,077840
80,180000	0,075290
80,190000	0,077202
80,200000	0,074653
80,210000	0,074016
80,220000	0,074653
80,230000	0,077840
80,240000	0,076565
80,250000	0,077202
80,260000	0,076565
80,270000	0,074016
80,280000	0,077202
80,290000	0,077840
80,300000	0,077840
80,310000	0,077840
80,320000	0,079114
80,330000	0,077202
80,340000	0,078477
80,350000	0,075928
80,360000	0,076565
80,370000	0,075290
80,380000	0,075928
80,390000	0,076565
80,400000	0,076565
80,410000	0,076565
80,420000	0,075290
80,430000	0,075928
80,440000	0,075290
80,450000	0,078477
80,460000	0,075928
80,470000	0,076565
80,480000	0,075928
80,490000	0,076565
80,500000	0,076565
80,510000	0,075928
80,520000	0,074653
80,530000	0,075928
80,540000	0,075290
80,550000	0,073378
80,560000	0,075290
80,570000	0,077202
80,580000	0,074016
80,590000	0,077202
80,600000	0,075928
80,610000	0,076565
80,620000	0,078477
80,630000	0,078477
80,640000	0,077202
80,650000	0,075290
80,660000	0,075290
80,670000	0,076565
80,680000	0,075290
80,690000	0,077202
80,700000	0,075928
80,710000	0,077202
80,720000	0,075928
80,730000	0,077202
80,740000	0,077202
80,750000	0,075290
80,760000	0,077202
80,770000	0,075290
80,780000	0,075928
80,790000	0,075290
80,800000	0,079114
80,810000	0,077840
80,820000	0,077202
80,830000	0,074653
80,840000	0,075290
80,850000	0,079114
80,860000	0,077840
80,870000	0,075928
80,880000	0,075290
80,890000	0,077202
80,900000	0,077840
80,910000	0,078477
80,920000	0,075290
80,930000	0,074653
80,940000	0,078477
80,950000	0,079752
80,960000	0,075290
80,970000	0,076565
80,980000	0,075928
80,990000	0,076565
81,000000	0,077202
81,010000	0,078477
81,020000	0,077202
81,030000	0,077202
81,040000	0,075928
81,050000	0,074653
81,060000	0,079114
81,070000	0,075928
81,080000	0,077840
81,090000	0,077840
81,100000	0,078477
81,110000	0,077202
81,120000	0,075290
81,130000	0,076565
81,140000	0,077840
81,150000	0,076565
81,160000	0,076565
81,170000	0,075290
81,180000	0,077840
81,190000	0,079114
81,200000	0,076565
81,210000	0,077202
81,220000	0,076565
81,230000	0,076565
81,240000	0,077840
81,250000	0,078477
81,260000	0,077202
81,270000	0,077840
81,280000	0,077202
81,290000	0,078477
81,300000	0,079114
81,310000	0,075928
81,320000	0,074653
81,330000	0,077840
81,340000	0,074653
81,350000	0,079114
81,360000	0,074016
81,370000	0,079114
81,380000	0,076565
81,390000	0,077840
81,400000	0,073378
81,410000	0,080389
81,420000	0,076565
81,430000	0,078477
81,440000	0,074653
81,450000	0,078477
81,460000	0,074016
81,470000	0,076565
81,480000	0,077202
81,490000	0,078477
81,500000	0,074653
81,510000	0,077840
81,520000	0,076565
81,530000	0,077840
81,540000	0,075290
81,550000	0,077202
81,560000	0,074653
81,570000	0,078477
81,580000	0,077840
81,590000	0,077202
81,600000	0,074653
81,610000	0,078477
81,620000	0,074653
81,630000	0,079114
81,640000	0,074653
81,650000	0,077840
81,660000	0,075290
81,670000	0,078477
81,680000	0,075290
81,690000	0,074653
81,700000	0,074653
81,710000	0,079114
81,720000	0,074016
81,730000	0,077840
81,740000	0,074653
81,750000	0,074653
81,760000	0,077840
81,770000	0,078477
81,780000	0,075290
81,790000	0,077202
81,800000	0,073378
81,810000	0,077840
81,820000	0,075290
81,830000	0,076565
81,840000	0,074653
81,850000	0,076565
81,860000	0,076565
81,870000	0,077202
81,880000	0,075928
81,890000	0,076565
81,900000	0,075928
81,910000	0,075928
81,920000	0,074016
81,930000	0,075928
81,940000	0,075290
81,950000	0,076565
81,960000	0,074016
81,970000	0,075928
81,980000	0,075290
81,990000	0,074653
82,000000	0,077202
82,010000	0,074653
82,020000	0,074016
82,030000	0,076565
82,040000	0,076565
82,050000	0,076565
82,060000	0,077840
82,070000	0,075928
82,080000	0,076565
82,090000	0,073378
82,100000	0,076565
82,110000	0,074016
82,120000	0,076565
82,130000	0,074653
82,140000	0,077840
82,150000	0,077840
82,160000	0,076565
82,170000	0,074653
82,180000	0,074016
82,190000	0,073378
82,200000	0,074653
82,210000	0,075290
82,220000	0,076565
82,230000	0,074653
82,240000	0,075290
82,250000	0,075928
82,260000	0,077202
82,270000	0,075290
82,280000	0,077202
82,290000	0,076565
82,300000	0,076565
82,310000	0,074653
82,320000	0,075928
82,330000	0,074653
82,340000	0,077840
82,350000	0,075928
82,360000	0,075928
82,370000	0,074653
82,380000	0,076565
82,390000	0,075290
82,400000	0,077840
82,410000	0,076565
82,420000	0,074653
82,430000	0,075928
82,440000	0,076565
82,450000	0,076565
82,460000	0,075290
82,470000	0,075290
82,480000	0,077202
82,490000	0,075290
82,500000	0,075928
82,510000	0,077202
82,520000	0,074016
82,530000	0,077202
82,540000	0,075290
82,550000	0,073378
82,560000	0,077202
82,570000	0,075290
82,580000	0,076565
82,590000	0,075928
82,600000	0,073378
82,610000	0,074653
82,620000	0,074653
82,630000	0,075928
82,640000	0,076565
82,650000	0,076565
82,660000	0,075928
82,670000	0,077202
82,680000	0,075290
82,690000	0,077202
82,700000	0,072741
82,710000	0,076565
82,720000	0,074016
82,730000	0,078477
82,740000	0,075290
82,750000	0,077840
82,760000	0,075928
82,770000	0,077202
82,780000	0,074016
82,790000	0,077202
82,800000	0,074016
82,810000	0,077840
82,820000	0,073378
82,830000	0,076565
82,840000	0,075928
82,850000	0,078477
82,860000	0,076565
82,870000	0,076565
82,880000	0,078477
82,890000	0,078477
82,900000	0,074016
82,910000	0,077840
82,920000	0,075928
82,930000	0,079114
82,940000	0,075290
82,950000	0,077840
82,960000	0,075290
82,970000	0,075290
82,980000	0,076565
82,990000	0,075928
83,000000	0,076565
83,010000	0,076565
83,020000	0,078477
83,030000	0,076565
83,040000	0,075290
83,050000	0,075290
83,060000	0,075290
83,070000	0,077202
83,080000	0,075290
83,090000	0,075290
83,100000	0,075290
83,110000	0,079114
83,120000	0,076565
83,130000	0,078477
83,140000	0,075928
83,150000	0,075928
83,160000	0,077202
83,170000	0,077840
83,180000	0,075290
83,190000	0,078477
83,200000	0,077202
83,210000	0,076565
83,220000	0,075290
83,230000	0,075928
83,240000	0,076565
83,250000	0,074016
83,260000	0,079114
83,270000	0,075928
83,280000	0,076565
83,290000	0,075928
83,300000	0,077840
83,310000	0,075928
83,320000	0,079114
83,330000	0,076565
83,340000	0,077202
83,350000	0,077840
83,360000	0,077202
83,370000	0,078477
83,380000	0,075928
83,390000	0,077840
83,400000	0,075928
83,410000	0,077202
83,420000	0,076565
83,430000	0,074016
83,440000	0,077840
83,450000	0,074653
83,460000	0,077202
83,470000	0,079114
83,480000	0,076565
83,490000	0,079114
83,500000	0,076565
83,510000	0,078477
83,520000	0,077202
83,530000	0,077840
83,540000	0,077840
83,550000	0,076565
83,560000	0,076565
83,570000	0,077840
83,580000	0,077202
83,590000	0,076565
83,600000	0,074653
83,610000	0,077840
83,620000	0,075928
83,630000	0,077840
83,640000	0,076565
83,650000	0,078477
83,660000	0,074653
83,670000	0,077840
83,680000	0,075928
83,690000	0,077202
83,700000	0,076565
83,710000	0,075290
83,720000	0,078477
83,730000	0,075290
83,740000	0,075928
83,750000	0,076565
83,760000	0,073378
83,770000	0,075290
83,780000	0,079114
83,790000	0,075928
83,800000	0,075290
83,810000	0,075928
83,820000	0,076565
83,830000	0,075290
83,840000	0,077840
83,850000	0,075290
83,860000	0,077840
83,870000	0,076565
83,880000	0,075290
83,890000	0,074653
83,900000	0,075928
83,910000	0,076565
83,920000	0,074653
83,930000	0,074016
83,940000	0,075928
83,950000	0,076565
83,960000	0,075290
83,970000	0,075290
83,980000	0,076565
83,990000	0,074016
84,000000	0,075928
84,010000	0,077202
84,020000	0,075290
84,030000	0,075290
84,040000	0,076565
84,050000	0,076565
84,060000	0,075290
84,070000	0,075928
84,080000	0,075290
84,090000	0,077202
84,100000	0,075928
84,110000	0,076565
84,120000	0,075928
84,130000	0,077840
84,140000	0,076565
84,150000	0,076565
84,160000	0,077202
84,170000	0,074016
84,180000	0,076565
84,190000	0,075290
84,200000	0,075928
84,210000	0,075290
84,220000	0,074653
84,230000	0,077202
84,240000	0,074653
84,250000	0,076565
84,260000	0,076565
84,270000	0,075928
84,280000	0,076565
84,290000	0,076565
84,300000	0,076565
84,310000	0,075928
84,320000	0,075928
84,330000	0,074016
84,340000	0,076565
84,350000	0,075928
84,360000	0,075290
84,370000	0,075290
84,380000	0,076565
84,390000	0,073378
84,400000	0,075290
84,410000	0,073378
84,420000	0,073378
84,430000	0,075290
84,440000	0,076565
84,450000	0,074653
84,460000	0,074016
84,470000	0,074653
84,480000	0,075290
84,490000	0,074653
84,500000	0,076565
84,510000	0,074016
84,520000	0,076565
84,530000	0,074016
84,540000	0,076565
84,550000	0,074016
84,560000	0,076565
84,570000	0,073378
84,580000	0,076565
84,590000	0,070829
84,600000	0,075928
84,610000	0,075290
84,620000	0,074653
84,630000	0,076565
84,640000	0,074653
84,650000	0,078477
84,660000	0,075290
84,670000	0,075290
84,680000	0,075290
84,690000	0,074016
84,700000	0,075290
84,710000	0,075290
84,720000	0,076565
84,730000	0,076565
84,740000	0,075290
84,750000	0,074016
84,760000	0,074653
84,770000	0,079114
84,780000	0,073378
84,790000	0,076565
84,800000	0,075928
84,810000	0,075928
84,820000	0,073378
84,830000	0,075928
84,840000	0,074653
84,850000	0,075928
84,860000	0,076565
84,870000	0,077840
84,880000	0,076565
84,890000	0,067642
84,900000	0,076565
84,910000	0,075928
84,920000	0,075928
84,930000	0,077202
84,940000	0,074653
84,950000	0,076565
84,960000	0,075290
84,970000	0,074653
84,980000	0,075290
84,990000	0,076565
85,000000	0,076565
85,010000	0,074653
85,020000	0,074653
85,030000	0,075928
85,040000	0,076565
85,050000	0,075290
85,060000	0,074653
85,070000	0,079114
85,080000	0,077840
85,090000	0,078477
85,100000	0,075290
85,110000	0,078477
85,120000	0,075928
85,130000	0,078477
85,140000	0,075290
85,150000	0,079114
85,160000	0,074016
85,170000	0,077202
85,180000	0,077202
85,190000	0,078477
85,200000	0,075928
85,210000	0,077840
85,220000	0,075928
85,230000	0,076565
85,240000	0,075290
85,250000	0,077202
85,260000	0,076565
85,270000	0,076565
85,280000	0,076565
85,290000	0,075928
85,300000	0,077202
85,310000	0,076565
85,320000	0,075928
85,330000	0,077840
85,340000	0,074653
85,350000	0,075290
85,360000	0,075928
85,370000	0,076565
85,380000	0,076565
85,390000	0,075290
85,400000	0,078477
85,410000	0,077202
85,420000	0,077202
85,430000	0,075290
85,440000	0,079114
85,450000	0,075290
85,460000	0,077840
85,470000	0,073378
85,480000	0,075928
85,490000	0,074016
85,500000	0,076565
85,510000	0,075290
85,520000	0,076565
85,530000	0,074653
85,540000	0,077202
85,550000	0,076565
85,560000	0,076565
85,570000	0,075290
85,580000	0,074653
85,590000	0,074016
85,600000	0,076565
85,610000	0,077202
85,620000	0,077202
85,630000	0,075290
85,640000	0,075290
85,650000	0,078477
85,660000	0,074653
85,670000	0,074016
85,680000	0,077202
85,690000	0,077840
85,700000	0,076565
85,710000	0,077202
85,720000	0,077202
85,730000	0,077202
85,740000	0,075928
85,750000	0,076565
85,760000	0,075928
85,770000	0,076565
85,780000	0,074653
85,790000	0,079114
85,800000	0,074653
85,810000	0,076565
85,820000	0,075928
85,830000	0,076565
85,840000	0,076565
85,850000	0,075928
85,860000	0,075290
85,870000	0,074016
85,880000	0,076565
85,890000	0,074016
85,900000	0,077202
85,910000	0,075290
85,920000	0,075928
85,930000	0,074016
85,940000	0,074016
85,950000	0,077202
85,960000	0,073378
85,970000	0,074016
85,980000	0,074653
85,990000	0,075928
86,000000	0,075290
86,010000	0,074016
86,020000	0,075290
86,030000	0,076565
86,040000	0,074016
86,050000	0,073378
86,060000	0,074016
86,070000	0,075290
86,080000	0,075290
86,090000	0,075928
86,100000	0,073378
86,110000	0,075928
86,120000	0,074653
86,130000	0,076565
86,140000	0,074653
86,150000	0,075928
86,160000	0,073378
86,170000	0,076565
86,180000	0,073378
86,190000	0,075928
86,200000	0,075290
86,210000	0,073378
86,220000	0,074653
86,230000	0,075290
86,240000	0,076565
86,250000	0,077202
86,260000	0,076565
86,270000	0,072741
86,280000	0,074653
86,290000	0,075290
86,300000	0,075928
86,310000	0,074653
86,320000	0,073378
86,330000	0,073378
86,340000	0,075290
86,350000	0,073378
86,360000	0,074653
86,370000	0,075928
86,380000	0,074016
86,390000	0,074016
86,400000	0,074653
86,410000	0,075290
86,420000	0,074653
86,430000	0,077202
86,440000	0,073378
86,450000	0,074016
86,460000	0,074653
86,470000	0,074016
86,480000	0,074653
86,490000	0,075928
86,500000	0,071466
86,510000	0,075290
86,520000	0,072741
86,530000	0,076565
86,540000	0,075290
86,550000	0,075290
86,560000	0,077840
86,570000	0,074016
86,580000	0,074016
86,590000	0,075290
86,600000	0,074016
86,610000	0,075928
86,620000	0,075928
86,630000	0,076565
86,640000	0,074653
86,650000	0,074653
86,660000	0,075290
86,670000	0,074016
86,680000	0,074653
86,690000	0,074653
86,700000	0,074016
86,710000	0,072103
86,720000	0,072741
86,730000	0,074016
86,740000	0,075928
86,750000	0,073378
86,760000	0,075290
86,770000	0,074653
86,780000	0,076565
86,790000	0,075928
86,800000	0,072741
86,810000	0,075928
86,820000	0,073378
86,830000	0,075290
86,840000	0,074016
86,850000	0,074016
86,860000	0,076565
86,870000	0,074653
86,880000	0,074653
86,890000	0,076565
86,900000	0,076565
86,910000	0,074016
86,920000	0,076565
86,930000	0,076565
86,940000	0,076565
86,950000	0,075928
86,960000	0,077202
86,970000	0,077840
86,980000	0,076565
86,990000	0,075290
87,000000	0,075290
87,010000	0,075290
87,020000	0,074653
87,030000	0,075290
87,040000	0,075928
87,050000	0,077840
87,060000	0,073378
87,070000	0,076565
87,080000	0,076565
87,090000	0,075928
87,100000	0,077202
87,110000	0,076565
87,120000	0,075928
87,130000	0,076565
87,140000	0,075928
87,150000	0,075290
87,160000	0,076565
87,170000	0,075928
87,180000	0,075928
87,190000	0,077202
87,200000	0,075290
87,210000	0,075290
87,220000	0,075290
87,230000	0,074016
87,240000	0,075290
87,250000	0,076565
87,260000	0,077840
87,270000	0,077202
87,280000	0,076565
87,290000	0,075928
87,300000	0,075928
87,310000	0,077202
87,320000	0,075290
87,330000	0,077202
87,340000	0,077202
87,350000	0,075290
87,360000	0,077840
87,370000	0,074653
87,380000	0,076565
87,390000	0,076565
87,400000	0,077840
87,410000	0,075928
87,420000	0,075928
87,430000	0,074016
87,440000	0,077840
87,450000	0,075928
87,460000	0,078477
87,470000	0,075290
87,480000	0,076565
87,490000	0,075290
87,500000	0,075290
87,510000	0,075928
87,520000	0,077840
87,530000	0,076565
87,540000	0,075928
87,550000	0,074016
87,560000	0,077840
87,570000	0,077202
87,580000	0,075290
87,590000	0,074653
87,600000	0,076565
87,610000	0,075290
87,620000	0,076565
87,630000	0,075290
87,640000	0,077202
87,650000	0,077202
87,660000	0,077840
87,670000	0,075290
87,680000	0,075290
87,690000	0,073378
87,700000	0,075928
87,710000	0,076565
87,720000	0,075290
87,730000	0,075290
87,740000	0,076565
87,750000	0,075290
87,760000	0,076565
87,770000	0,074016
87,780000	0,076565
87,790000	0,075928
87,800000	0,077202
87,810000	0,075928
87,820000	0,075928
87,830000	0,075928
87,840000	0,072741
87,850000	0,075290
87,860000	0,077202
87,870000	0,074653
87,880000	0,076565
87,890000	0,075928
87,900000	0,077202
87,910000	0,074653
87,920000	0,075928
87,930000	0,075290
87,940000	0,074653
87,950000	0,075928
87,960000	0,077202
87,970000	0,075928
87,980000	0,076565
87,990000	0,075928
88,000000	0,076565
88,010000	0,076565
88,020000	0,076565
88,030000	0,075290
88,040000	0,075928
88,050000	0,075290
88,060000	0,075290
88,070000	0,075928
88,080000	0,075928
88,090000	0,075290
88,100000	0,075928
88,110000	0,075928
88,120000	0,077202
88,130000	0,076565
88,140000	0,075290
88,150000	0,074016
88,160000	0,075290
88,170000	0,073378
88,180000	0,074653
88,190000	0,074653
88,200000	0,075290
88,210000	0,076565
88,220000	0,074653
88,230000	0,076565
88,240000	0,074016
88,250000	0,075928
88,260000	0,075290
88,270000	0,075928
88,280000	0,076565
88,290000	0,077202
88,300000	0,074653
88,310000	0,076565
88,320000	0,074016
88,330000	0,073378
88,340000	0,075290
88,350000	0,075928
88,360000	0,074653
88,370000	0,074653
88,380000	0,075928
88,390000	0,072741
88,400000	0,072741
88,410000	0,075928
88,420000	0,073378
88,430000	0,075290
88,440000	0,072741
88,450000	0,077202
88,460000	0,074016
88,470000	0,074016
88,480000	0,073378
88,490000	0,075290
88,500000	0,075928
88,510000	0,076565
88,520000	0,075928
88,530000	0,075290
88,540000	0,074016
88,550000	0,077840
88,560000	0,075928
88,570000	0,075928
88,580000	0,073378
88,590000	0,074653
88,600000	0,075928
88,610000	0,076565
88,620000	0,073378
88,630000	0,076565
88,640000	0,073378
88,650000	0,075928
88,660000	0,074016
88,670000	0,074653
88,680000	0,072741
88,690000	0,075928
88,700000	0,074653
88,710000	0,073378
88,720000	0,074016
88,730000	0,077840
88,740000	0,074653
88,750000	0,074016
88,760000	0,072741
88,770000	0,074016
88,780000	0,072103
88,790000	0,075290
88,800000	0,074653
88,810000	0,075928
88,820000	0,074016
88,830000	0,074016
88,840000	0,074653
88,850000	0,076565
88,860000	0,075290
88,870000	0,074016
88,880000	0,076565
88,890000	0,076565
88,900000	0,075928
88,910000	0,076565
88,920000	0,073378
88,930000	0,074016
88,940000	0,073378
88,950000	0,075928
88,960000	0,074016
88,970000	0,075290
88,980000	0,076565
88,990000	0,074016
89,000000	0,073378
89,010000	0,075928
89,020000	0,075290
89,030000	0,076565
89,040000	0,075928
89,050000	0,076565
89,060000	0,075928
89,070000	0,074653
89,080000	0,076565
89,090000	0,076565
89,100000	0,075290
89,110000	0,077840
89,120000	0,073378
89,130000	0,074653
89,140000	0,073378
89,150000	0,074653
89,160000	0,075928
89,170000	0,075928
89,180000	0,075290
89,190000	0,075928
89,200000	0,074016
89,210000	0,076565
89,220000	0,076565
89,230000	0,077202
89,240000	0,075928
89,250000	0,076565
89,260000	0,075928
89,270000	0,073378
89,280000	0,074653
89,290000	0,075928
89,300000	0,074016
89,310000	0,076565
89,320000	0,075928
89,330000	0,079114
89,340000	0,075290
89,350000	0,077202
89,360000	0,076565
89,370000	0,075290
89,380000	0,075290
89,390000	0,074016
89,400000	0,076565
89,410000	0,075928
89,420000	0,075928
89,430000	0,074653
89,440000	0,076565
89,450000	0,075928
89,460000	0,076565
89,470000	0,075928
89,480000	0,075928
89,490000	0,077202
89,500000	0,076565
89,510000	0,077202
89,520000	0,078477
89,530000	0,077202
89,540000	0,075928
89,550000	0,077840
89,560000	0,075290
89,570000	0,076565
89,580000	0,072103
89,590000	0,076565
89,600000	0,074653
89,610000	0,079114
89,620000	0,076565
89,630000	0,076565
89,640000	0,075290
89,650000	0,076565
89,660000	0,075928
89,670000	0,076565
89,680000	0,075290
89,690000	0,077202
89,700000	0,075290
89,710000	0,076565
89,720000	0,074653
89,730000	0,075290
89,740000	0,075290
89,750000	0,077202
89,760000	0,075290
89,770000	0,078477
89,780000	0,074653
89,790000	0,077202
89,800000	0,075290
89,810000	0,075290
89,820000	0,076565
89,830000	0,076565
89,840000	0,076565
89,850000	0,078477
89,860000	0,074653
89,870000	0,075290
89,880000	0,075928
89,890000	0,077202
89,900000	0,075928
89,910000	0,077202
89,920000	0,074653
89,930000	0,076565
89,940000	0,074016
89,950000	0,075928
89,960000	0,072103
89,970000	0,078477
89,980000	0,071466
89,990000	0,075928
90,000000	0,072741
90,010000	0,075928
90,020000	0,073378
90,030000	0,077202
90,040000	0,071466
90,050000	0,079114
90,060000	0,072103
90,070000	0,077202
90,080000	0,072103
90,090000	0,078477
90,100000	0,073378
90,110000	0,077202
90,120000	0,074016
90,130000	0,076565
90,140000	0,074016
90,150000	0,075928
90,160000	0,072103
90,170000	0,077202
90,180000	0,074653
90,190000	0,075928
90,200000	0,073378
90,210000	0,075928
90,220000	0,073378
90,230000	0,073378
90,240000	0,072741
90,250000	0,076565
90,260000	0,075290
90,270000	0,073378
90,280000	0,074016
90,290000	0,076565
90,300000	0,077202
90,310000	0,075290
90,320000	0,075290
90,330000	0,075928
90,340000	0,074016
90,350000	0,077840
90,360000	0,072103
90,370000	0,074653
90,380000	0,072103
90,390000	0,075290
90,400000	0,075290
90,410000	0,076565
90,420000	0,074016
90,430000	0,074653
90,440000	0,072103
90,450000	0,074016
90,460000	0,075928
90,470000	0,074016
90,480000	0,076565
90,490000	0,074016
90,500000	0,075290
90,510000	0,075290
90,520000	0,074016
90,530000	0,072741
90,540000	0,075290
90,550000	0,074653
90,560000	0,074653
90,570000	0,075290
90,580000	0,074016
90,590000	0,074016
90,600000	0,076565
90,610000	0,075928
90,620000	0,074016
90,630000	0,075928
90,640000	0,074016
90,650000	0,074653
90,660000	0,075290
90,670000	0,075928
90,680000	0,072103
90,690000	0,075290
90,700000	0,073378
90,710000	0,076565
90,720000	0,074016
90,730000	0,075290
90,740000	0,074653
90,750000	0,072741
90,760000	0,075290
90,770000	0,074016
90,780000	0,074653
90,790000	0,073378
90,800000	0,074653
90,810000	0,074016
90,820000	0,074016
90,830000	0,074653
90,840000	0,074016
90,850000	0,075290
90,860000	0,074016
90,870000	0,075928
90,880000	0,076565
90,890000	0,074653
90,900000	0,075928
90,910000	0,074016
90,920000	0,075290
90,930000	0,075290
90,940000	0,074653
90,950000	0,075290
90,960000	0,074016
90,970000	0,075290
90,980000	0,073378
90,990000	0,077202
91,000000	0,073378
91,010000	0,076565
91,020000	0,075290
91,030000	0,076565
91,040000	0,075290
91,050000	0,073378
91,060000	0,074016
91,070000	0,076565
91,080000	0,075290
91,090000	0,074016
91,100000	0,074016
91,110000	0,076565
91,120000	0,074653
91,130000	0,078477
91,140000	0,075928
91,150000	0,076565
91,160000	0,075928
91,170000	0,076565
91,180000	0,075290
91,190000	0,077202
91,200000	0,073378
91,210000	0,074653
91,220000	0,074016
91,230000	0,077840
91,240000	0,074653
91,250000	0,075928
91,260000	0,075928
91,270000	0,074016
91,280000	0,075928
91,290000	0,075290
91,300000	0,079114
91,310000	0,073378
91,320000	0,076565
91,330000	0,076565
91,340000	0,072741
91,350000	0,075290
91,360000	0,077202
91,370000	0,076565
91,380000	0,075928
91,390000	0,075928
91,400000	0,077202
91,410000	0,075290
91,420000	0,075290
91,430000	0,075290
91,440000	0,075928
91,450000	0,076565
91,460000	0,075928
91,470000	0,075290
91,480000	0,075290
91,490000	0,075290
91,500000	0,076565
91,510000	0,074016
91,520000	0,076565
91,530000	0,076565
91,540000	0,076565
91,550000	0,075290
91,560000	0,076565
91,570000	0,075928
91,580000	0,077202
91,590000	0,075928
91,600000	0,077840
91,610000	0,076565
91,620000	0,077202
91,630000	0,076565
91,640000	0,074016
91,650000	0,075290
91,660000	0,074653
91,670000	0,075928
91,680000	0,073378
91,690000	0,075928
91,700000	0,074016
91,710000	0,077202
91,720000	0,075290
91,730000	0,075290
91,740000	0,075290
91,750000	0,074653
91,760000	0,075290
91,770000	0,076565
91,780000	0,075928
91,790000	0,075290
91,800000	0,075928
91,810000	0,076565
91,820000	0,077202
91,830000	0,075928
91,840000	0,076565
91,850000	0,075290
91,860000	0,075928
91,870000	0,075928
91,880000	0,075928
91,890000	0,074016
91,900000	0,074016
91,910000	0,079114
91,920000	0,077202
91,930000	0,075290
91,940000	0,073378
91,950000	0,075290
91,960000	0,074016
91,970000	0,075928
91,980000	0,073378
91,990000	0,077202
92,000000	0,074653
92,010000	0,075928
92,020000	0,074016
92,030000	0,075928
92,040000	0,074016
92,050000	0,076565
92,060000	0,074653
92,070000	0,076565
92,080000	0,074016
92,090000	0,076565
92,100000	0,074016
92,110000	0,076565
92,120000	0,075290
92,130000	0,075928
92,140000	0,074653
92,150000	0,075290
92,160000	0,075290
92,170000	0,075928
92,180000	0,073378
92,190000	0,075928
92,200000	0,074016
92,210000	0,073378
92,220000	0,075290
92,230000	0,075290
92,240000	0,073378
92,250000	0,073378
92,260000	0,074016
92,270000	0,075290
92,280000	0,074016
92,290000	0,072103
92,300000	0,074016
92,310000	0,075928
92,320000	0,075290
92,330000	0,075290
92,340000	0,075290
92,350000	0,074016
92,360000	0,075928
92,370000	0,074653
92,380000	0,074016
92,390000	0,075928
92,400000	0,075928
92,410000	0,074016
92,420000	0,075290
92,430000	0,074653
92,440000	0,074016
92,450000	0,075928
92,460000	0,073378
92,470000	0,075290
92,480000	0,074653
92,490000	0,073378
92,500000	0,076565
92,510000	0,074653
92,520000	0,073378
92,530000	0,075290
92,540000	0,075290
92,550000	0,073378
92,560000	0,074016
92,570000	0,073378
92,580000	0,073378
92,590000	0,076565
92,600000	0,073378
92,610000	0,074653
92,620000	0,072741
92,630000	0,074653
92,640000	0,075290
92,650000	0,076565
92,660000	0,075290
92,670000	0,075928
92,680000	0,074653
92,690000	0,074653
92,700000	0,075928
92,710000	0,074653
92,720000	0,074653
92,730000	0,073378
92,740000	0,076565
92,750000	0,072103
92,760000	0,075290
92,770000	0,072103
92,780000	0,074653
92,790000	0,075928
92,800000	0,075290
92,810000	0,075928
92,820000	0,075928
92,830000	0,074653
92,840000	0,075290
92,850000	0,074653
92,860000	0,074653
92,870000	0,074653
92,880000	0,075290
92,890000	0,073378
92,900000	0,075290
92,910000	0,076565
92,920000	0,074016
92,930000	0,075928
92,940000	0,073378
92,950000	0,075290
92,960000	0,073378
92,970000	0,076565
92,980000	0,074016
92,990000	0,076565
93,000000	0,072741
93,010000	0,077202
93,020000	0,072741
93,030000	0,077840
93,040000	0,073378
93,050000	0,074016
93,060000	0,073378
93,070000	0,075928
93,080000	0,072103
93,090000	0,078477
93,100000	0,072103
93,110000	0,076565
93,120000	0,075290
93,130000	0,074016
93,140000	0,074016
93,150000	0,075290
93,160000	0,075290
93,170000	0,076565
93,180000	0,072741
93,190000	0,076565
93,200000	0,075928
93,210000	0,075290
93,220000	0,074016
93,230000	0,077840
93,240000	0,075290
93,250000	0,076565
93,260000	0,075290
93,270000	0,077202
93,280000	0,074653
93,290000	0,076565
93,300000	0,075928
93,310000	0,077202
93,320000	0,075928
93,330000	0,075290
93,340000	0,072741
93,350000	0,075290
93,360000	0,074016
93,370000	0,075290
93,380000	0,075290
93,390000	0,077202
93,400000	0,075290
93,410000	0,074016
93,420000	0,075928
93,430000	0,077202
93,440000	0,073378
93,450000	0,077202
93,460000	0,074653
93,470000	0,075928
93,480000	0,076565
93,490000	0,076565
93,500000	0,074016
93,510000	0,076565
93,520000	0,074016
93,530000	0,076565
93,540000	0,076565
93,550000	0,075290
93,560000	0,074653
93,570000	0,075928
93,580000	0,074653
93,590000	0,075928
93,600000	0,074653
93,610000	0,075928
93,620000	0,075290
93,630000	0,075290
93,640000	0,075290
93,650000	0,077840
93,660000	0,075290
93,670000	0,075928
93,680000	0,075928
93,690000	0,076565
93,700000	0,075928
93,710000	0,076565
93,720000	0,074016
93,730000	0,075290
93,740000	0,076565
93,750000	0,076565
93,760000	0,074653
93,770000	0,076565
93,780000	0,072741
93,790000	0,076565
93,800000	0,074653
93,810000	0,076565
93,820000	0,073378
93,830000	0,077202
93,840000	0,073378
93,850000	0,075928
93,860000	0,072103
93,870000	0,074653
93,880000	0,072741
93,890000	0,075290
93,900000	0,071466
93,910000	0,072741
93,920000	0,073378
93,930000	0,076565
93,940000	0,071466
93,950000	0,074653
93,960000	0,072741
93,970000	0,075928
93,980000	0,070829
93,990000	0,075290
94,000000	0,073378
94,010000	0,074653
94,020000	0,075290
94,030000	0,075928
94,040000	0,074653
94,050000	0,075928
94,060000	0,075290
94,070000	0,076565
94,080000	0,077202
94,090000	0,079752
94,100000	0,076565
94,110000	0,079752
94,120000	0,077202
94,130000	0,081027
94,140000	0,081664
94,150000	0,083576
94,160000	0,081027
94,170000	0,084213
94,180000	0,085488
94,190000	0,085488
94,200000	0,086763
94,210000	0,089312
94,220000	0,089950
94,230000	0,090587
94,240000	0,093137
94,250000	0,098873
94,260000	0,098873
94,270000	0,101422
94,280000	0,103334
94,290000	0,106521
94,300000	0,109071
94,310000	0,110983
94,320000	0,114807
94,330000	0,117356
94,340000	0,123093
94,350000	0,123093
94,360000	0,126917
94,370000	0,127554
94,380000	0,130104
94,390000	0,135203
94,400000	0,140302
94,410000	0,139664
94,420000	0,135840
94,430000	0,139664
94,440000	0,141576
94,450000	0,146675
94,460000	0,144763
94,470000	0,144126
94,480000	0,148587
94,490000	0,147950
94,500000	0,147950
94,510000	0,149225
94,520000	0,149862
94,530000	0,153049
94,540000	0,152412
94,550000	0,154324
94,560000	0,153686
94,570000	0,154324
94,580000	0,154324
94,590000	0,153049
94,600000	0,154324
94,610000	0,156873
94,620000	0,158148
94,630000	0,158148
94,640000	0,158785
94,650000	0,160060
94,660000	0,162609
94,670000	0,160060
94,680000	0,161335
94,690000	0,158785
94,700000	0,161335
94,710000	0,161972
94,720000	0,161335
94,730000	0,163247
94,740000	0,163884
94,750000	0,163247
94,760000	0,164522
94,770000	0,163884
94,780000	0,163247
94,790000	0,163247
94,800000	0,163884
94,810000	0,167071
94,820000	0,165796
94,830000	0,166434
94,840000	0,167071
94,850000	0,167708
94,860000	0,168983
94,870000	0,168346
94,880000	0,165159
94,890000	0,167708
94,900000	0,168346
94,910000	0,170895
94,920000	0,168346
94,930000	0,167708
94,940000	0,168983
94,950000	0,170258
94,960000	0,167708
94,970000	0,167708
94,980000	0,169620
94,990000	0,170895
95,000000	0,168983
95,010000	0,170258
95,020000	0,169620
95,030000	0,170895
95,040000	0,173445
95,050000	0,172807
95,060000	0,169620
95,070000	0,172170
95,080000	0,172807
95,090000	0,173445
95,100000	0,173445
95,110000	0,175357
95,120000	0,170258
95,130000	0,176631
95,140000	0,172170
95,150000	0,173445
95,160000	0,171533
95,170000	0,172170
95,180000	0,173445
95,190000	0,178544
95,200000	0,174082
95,210000	0,177906
95,220000	0,174082
95,230000	0,179181
95,240000	0,175357
95,250000	0,179181
95,260000	0,174082
95,270000	0,177269
95,280000	0,173445
95,290000	0,175994
95,300000	0,174082
95,310000	0,181093
95,320000	0,177906
95,330000	0,178544
95,340000	0,177269
95,350000	0,180456
95,360000	0,177269
95,370000	0,179818
95,380000	0,175994
95,390000	0,178544
95,400000	0,175994
95,410000	0,179181
95,420000	0,178544
95,430000	0,179181
95,440000	0,179818
95,450000	0,178544
95,460000	0,180456
95,470000	0,179181
95,480000	0,177906
95,490000	0,179818
95,500000	0,178544
95,510000	0,181093
95,520000	0,177269
95,530000	0,180456
95,540000	0,183005
95,550000	0,178544
95,560000	0,182368
95,570000	0,181093
95,580000	0,182368
95,590000	0,181093
95,600000	0,181093
95,610000	0,181093
95,620000	0,181093
95,630000	0,183643
95,640000	0,180456
95,650000	0,181730
95,660000	0,179818
95,670000	0,184280
95,680000	0,181093
95,690000	0,182368
95,700000	0,176631
95,710000	0,183643
95,720000	0,179818
95,730000	0,184917
95,740000	0,181093
95,750000	0,182368
95,760000	0,181730
95,770000	0,183643
95,780000	0,181093
95,790000	0,181093
95,800000	0,182368
95,810000	0,186192
95,820000	0,183005
95,830000	0,181730
95,840000	0,183643
95,850000	0,181093
95,860000	0,181093
95,870000	0,181093
95,880000	0,183005
95,890000	0,183005
95,900000	0,185555
95,910000	0,184917
95,920000	0,184917
95,930000	0,184917
95,940000	0,186192
95,950000	0,183005
95,960000	0,189379
95,970000	0,183005
95,980000	0,183643
95,990000	0,183643
96,000000	0,183643
96,010000	0,184280
96,020000	0,182368
96,030000	0,187467
96,040000	0,183005
96,050000	0,186829
96,060000	0,184917
96,070000	0,187467
96,080000	0,187467
96,090000	0,188104
96,100000	0,186192
96,110000	0,188741
96,120000	0,184917
96,130000	0,186192
96,140000	0,187467
96,150000	0,185555
96,160000	0,183643
96,170000	0,188741
96,180000	0,184917
96,190000	0,184280
96,200000	0,187467
96,210000	0,186192
96,220000	0,185555
96,230000	0,184917
96,240000	0,183643
96,250000	0,185555
96,260000	0,184280
96,270000	0,185555
96,280000	0,187467
96,290000	0,186192
96,300000	0,186829
96,310000	0,186192
96,320000	0,186192
96,330000	0,188741
96,340000	0,186829
96,350000	0,185555
96,360000	0,184280
96,370000	0,187467
96,380000	0,184917
96,390000	0,186192
96,400000	0,187467
96,410000	0,188741
96,420000	0,185555
96,430000	0,188741
96,440000	0,185555
96,450000	0,190016
96,460000	0,185555
96,470000	0,189379
96,480000	0,186829
96,490000	0,188104
96,500000	0,180456
96,510000	0,186192
96,520000	0,188104
96,530000	0,190654
96,540000	0,184280
96,550000	0,191291
96,560000	0,184917
96,570000	0,190654
96,580000	0,183643
96,590000	0,191291
96,600000	0,186192
96,610000	0,188741
96,620000	0,188741
96,630000	0,186829
96,640000	0,189379
96,650000	0,190016
96,660000	0,188741
96,670000	0,186192
96,680000	0,188104
96,690000	0,188741
96,700000	0,188741
96,710000	0,188104
96,720000	0,188741
96,730000	0,188104
96,740000	0,189379
96,750000	0,190654
96,760000	0,188741
96,770000	0,188741
96,780000	0,189379
96,790000	0,188741
96,800000	0,190016
96,810000	0,188104
96,820000	0,189379
96,830000	0,192566
96,840000	0,188104
96,850000	0,190016
96,860000	0,189379
96,870000	0,188104
96,880000	0,190016
96,890000	0,189379
96,900000	0,190654
96,910000	0,188741
96,920000	0,190654
96,930000	0,194478
96,940000	0,192566
96,950000	0,192566
96,960000	0,191291
96,970000	0,191291
96,980000	0,190654
96,990000	0,190654
97,000000	0,191928
97,010000	0,188741
97,020000	0,191928
97,030000	0,193840
97,040000	0,190016
97,050000	0,193840
97,060000	0,190654
97,070000	0,191928
97,080000	0,194478
97,090000	0,191928
97,100000	0,193203
97,110000	0,191928
97,120000	0,190654
97,130000	0,194478
97,140000	0,192566
97,150000	0,191291
97,160000	0,190654
97,170000	0,192566
97,180000	0,189379
97,190000	0,192566
97,200000	0,193840
97,210000	0,192566
97,220000	0,191291
97,230000	0,194478
97,240000	0,190654
97,250000	0,192566
97,260000	0,191291
97,270000	0,193840
97,280000	0,192566
97,290000	0,195115
97,300000	0,188741
97,310000	0,193840
97,320000	0,190016
97,330000	0,197027
97,340000	0,191291
97,350000	0,196390
97,360000	0,192566
97,370000	0,193203
97,380000	0,192566
97,390000	0,195115
97,400000	0,191928
97,410000	0,195115
97,420000	0,190654
97,430000	0,194478
97,440000	0,196390
97,450000	0,193840
97,460000	0,195752
97,470000	0,193840
97,480000	0,191928
97,490000	0,194478
97,500000	0,197027
97,510000	0,191291
97,520000	0,195115
97,530000	0,195752
97,540000	0,195115
97,550000	0,193840
97,560000	0,196390
97,570000	0,195115
97,580000	0,195752
97,590000	0,193840
97,600000	0,193840
97,610000	0,193840
97,620000	0,198302
97,630000	0,192566
97,640000	0,197665
97,650000	0,195115
97,660000	0,197027
97,670000	0,193840
97,680000	0,197665
97,690000	0,194478
97,700000	0,197027
97,710000	0,195752
97,720000	0,195752
97,730000	0,198939
97,740000	0,197665
97,750000	0,198939
97,760000	0,193840
97,770000	0,198939
97,780000	0,196390
97,790000	0,197665
97,800000	0,197665
97,810000	0,198939
97,820000	0,193840
97,830000	0,196390
97,840000	0,197665
97,850000	0,198939
97,860000	0,198939
97,870000	0,195752
97,880000	0,197665
97,890000	0,197665
97,900000	0,196390
97,910000	0,197027
97,920000	0,200851
97,930000	0,198302
97,940000	0,195115
97,950000	0,197027
97,960000	0,195752
97,970000	0,195752
97,980000	0,198302
97,990000	0,194478
98,000000	0,198302
98,010000	0,195752
98,020000	0,196390
98,030000	0,197027
98,040000	0,196390
98,050000	0,198302
98,060000	0,195115
98,070000	0,198302
98,080000	0,197027
98,090000	0,199577
98,100000	0,195115
98,110000	0,197665
98,120000	0,195115
98,130000	0,195752
98,140000	0,194478
98,150000	0,197665
98,160000	0,197027
98,170000	0,196390
98,180000	0,193203
98,190000	0,198939
98,200000	0,200851
98,210000	0,197665
98,220000	0,193840
98,230000	0,195752
98,240000	0,196390
98,250000	0,196390
98,260000	0,196390
98,270000	0,198302
98,280000	0,196390
98,290000	0,198939
98,300000	0,197027
98,310000	0,197665
98,320000	0,196390
98,330000	0,200214
98,340000	0,197665
98,350000	0,197665
98,360000	0,198302
98,370000	0,197665
98,380000	0,197665
98,390000	0,197665
98,400000	0,196390
98,410000	0,199577
98,420000	0,194478
98,430000	0,197665
98,440000	0,197027
98,450000	0,197027
98,460000	0,195752
98,470000	0,193840
98,480000	0,195752
98,490000	0,195115
98,500000	0,198302
98,510000	0,195752
98,520000	0,195115
98,530000	0,193840
98,540000	0,193203
98,550000	0,195115
98,560000	0,192566
98,570000	0,200214
98,580000	0,196390
98,590000	0,193840
98,600000	0,195115
98,610000	0,200851
98,620000	0,196390
98,630000	0,198302
98,640000	0,193203
98,650000	0,196390
98,660000	0,193203
98,670000	0,198939
98,680000	0,195752
98,690000	0,198302
98,700000	0,193840
98,710000	0,196390
98,720000	0,195752
98,730000	0,198302
98,740000	0,197027
98,750000	0,198302
98,760000	0,198939
98,770000	0,198302
98,780000	0,197027
98,790000	0,198939
98,800000	0,199577
98,810000	0,193840
98,820000	0,199577
98,830000	0,196390
98,840000	0,198302
98,850000	0,197027
98,860000	0,198939
98,870000	0,195115
98,880000	0,201489
98,890000	0,193840
98,900000	0,202763
98,910000	0,193203
98,920000	0,201489
98,930000	0,195752
98,940000	0,198939
98,950000	0,197027
98,960000	0,197027
98,970000	0,197665
98,980000	0,195752
98,990000	0,198939
99,000000	0,194478
99,010000	0,202126
99,020000	0,195115
99,030000	0,196390
99,040000	0,197027
99,050000	0,202126
99,060000	0,197665
99,070000	0,198939
99,080000	0,197665
99,090000	0,198939
99,100000	0,196390
99,110000	0,199577
99,120000	0,198302
99,130000	0,198302
99,140000	0,196390
99,150000	0,200214
99,160000	0,197027
99,170000	0,198302
99,180000	0,197027
99,190000	0,202126
99,200000	0,196390
99,210000	0,202126
99,220000	0,200214
99,230000	0,197665
99,240000	0,198939
99,250000	0,199577
99,260000	0,197665
99,270000	0,198939
99,280000	0,198302
99,290000	0,200214
99,300000	0,198939
99,310000	0,198939
99,320000	0,198302
99,330000	0,200214
99,340000	0,200851
99,350000	0,198939
99,360000	0,200214
99,370000	0,200214
99,380000	0,199577
99,390000	0,202126
99,400000	0,203401
99,410000	0,200214
99,420000	0,200851
99,430000	0,200214
99,440000	0,201489
99,450000	0,202763
99,460000	0,201489
99,470000	0,200214
99,480000	0,201489
99,490000	0,199577
99,500000	0,200214
99,510000	0,202763
99,520000	0,201489
99,530000	0,199577
99,540000	0,195752
99,550000	0,202763
99,560000	0,201489
99,570000	0,201489
99,580000	0,203401
99,590000	0,200214
99,600000	0,202763
99,610000	0,202126
99,620000	0,204676
99,630000	0,200851
99,640000	0,199577
99,650000	0,201489
99,660000	0,201489
99,670000	0,197027
99,680000	0,202763
99,690000	0,201489
99,700000	0,204676
99,710000	0,199577
99,720000	0,203401
99,730000	0,198939
99,740000	0,204038
99,750000	0,203401
99,760000	0,202763
99,770000	0,201489
99,780000	0,203401
99,790000	0,202126
99,800000	0,198939
99,810000	0,201489
99,820000	0,202126
99,830000	0,200851
99,840000	0,198939
99,850000	0,202763
99,860000	0,202126
99,870000	0,205313
99,880000	0,200214
99,890000	0,202126
99,900000	0,198939
99,910000	0,203401
99,920000	0,201489
99,930000	0,202763
99,940000	0,198939
99,950000	0,203401
99,960000	0,199577
99,970000	0,203401
99,980000	0,202763
99,990000	0,204038
100,000000	0,198939
100,010000	0,204038
100,020000	0,198939
100,030000	0,207862
100,040000	0,198939
100,050000	0,203401
100,060000	0,221884
100,070000	0,200214
100,080000	0,209775
100,090000	0,202763
100,100000	0,200214
100,110000	0,202763
100,120000	0,206588
100,130000	0,212961
100,140000	0,200851
100,150000	0,201489
100,160000	0,197027
100,170000	0,205313
100,180000	0,202763
100,190000	0,204676
100,200000	0,200851
100,210000	0,190654
100,220000	0,200214
100,230000	0,202763
100,240000	0,204038
100,250000	0,204676
100,260000	0,209137
100,270000	0,198939
100,280000	0,192566
100,290000	0,199577
100,300000	0,200851
100,310000	0,201489
100,320000	0,201489
100,330000	0,200851
100,340000	0,200214
100,350000	0,201489
100,360000	0,200214
100,370000	0,202763
100,380000	0,199577
100,390000	0,202763
100,400000	0,200851
100,410000	0,205313
100,420000	0,202126
100,430000	0,206588
100,440000	0,199577
100,450000	0,199577
100,460000	0,202126
100,470000	0,204676
100,480000	0,203401
100,490000	0,200214
100,500000	0,201489
100,510000	0,200851
100,520000	0,198939
100,530000	0,199577
100,540000	0,201489
100,550000	0,203401
100,560000	0,198939
100,570000	0,201489
100,580000	0,201489
100,590000	0,202763
100,600000	0,201489
100,610000	0,200214
100,620000	0,201489
100,630000	0,203401
100,640000	0,201489
100,650000	0,202126
100,660000	0,203401
100,670000	0,202126
100,680000	0,200214
100,690000	0,201489
100,700000	0,197665
100,710000	0,206588
100,720000	0,197665
100,730000	0,202126
100,740000	0,194478
100,750000	0,205313
100,760000	0,199577
100,770000	0,202126
100,780000	0,195752
100,790000	0,203401
100,800000	0,200214
100,810000	0,202763
100,820000	0,198302
100,830000	0,204676
100,840000	0,200214
100,850000	0,201489
100,860000	0,198939
100,870000	0,201489
100,880000	0,200851
100,890000	0,201489
100,900000	0,201489
100,910000	0,195752
100,920000	0,201489
100,930000	0,202126
100,940000	0,200851
100,950000	0,203401
100,960000	0,198939
100,970000	0,202126
100,980000	0,197665
100,990000	0,202126
101,000000	0,201489
101,010000	0,204676
101,020000	0,204676
101,030000	0,201489
101,040000	0,202763
101,050000	0,204038
101,060000	0,202763
101,070000	0,201489
101,080000	0,206588
101,090000	0,202126
101,100000	0,204676
101,110000	0,203401
101,120000	0,200214
101,130000	0,204676
101,140000	0,203401
101,150000	0,197665
101,160000	0,202763
101,170000	0,201489
101,180000	0,203401
101,190000	0,204038
101,200000	0,203401
101,210000	0,202126
101,220000	0,202763
101,230000	0,202763
101,240000	0,201489
101,250000	0,206588
101,260000	0,204676
101,270000	0,202763
101,280000	0,203401
101,290000	0,199577
101,300000	0,204038
101,310000	0,205313
101,320000	0,203401
101,330000	0,202763
101,340000	0,204038
101,350000	0,203401
101,360000	0,203401
101,370000	0,203401
101,380000	0,204038
101,390000	0,204038
101,400000	0,203401
101,410000	0,207862
101,420000	0,213599
101,430000	0,204676
101,440000	0,203401
101,450000	0,205313
101,460000	0,202763
101,470000	0,204038
101,480000	0,202763
101,490000	0,205313
101,500000	0,202126
101,510000	0,205950
101,520000	0,202763
101,530000	0,204676
101,540000	0,210412
101,550000	0,204038
101,560000	0,204676
101,570000	0,202763
101,580000	0,205950
101,590000	0,202763
101,600000	0,200851
101,610000	0,206588
101,620000	0,205950
101,630000	0,208500
101,640000	0,203401
101,650000	0,205313
101,660000	0,204038
101,670000	0,206588
101,680000	0,197027
101,690000	0,205950
101,700000	0,202763
101,710000	0,201489
101,720000	0,202763
101,730000	0,206588
101,740000	0,204038
101,750000	0,209137
101,760000	0,212324
101,770000	0,205950
101,780000	0,202763
101,790000	0,207225
101,800000	0,203401
101,810000	0,205950
101,820000	0,204038
101,830000	0,207225
101,840000	0,204038
101,850000	0,206588
101,860000	0,204038
101,870000	0,204038
101,880000	0,200851
101,890000	0,204038
101,900000	0,203401
101,910000	0,204676
101,920000	0,202763
101,930000	0,200214
101,940000	0,205313
101,950000	0,205950
101,960000	0,204038
101,970000	0,204038
101,980000	0,204038
101,990000	0,206588
