LabVIEW Measurement	
Writer_Version	2
Reader_Version	2
Separator	Tab
Decimal_Separator	,
Multi_Headings	No
X_Columns	One
Time_Pref	Absolute
Operator	lpdan
Date	2026/05/26
Time	10:33:11,8431780833529389928
***End_of_Header***	
	
Channels	1	
Samples	100	
Date	2026/05/26	
Time	10:33:11,8431780833529389928	
Y_Unit_Label	Volts	
X_Dimension	Time	
X0	0,0000000000000000E+0	
Delta_X	0,010000	
***End_of_Header***		
X_Value	Voltage	Comment
0,000000	0,162609
0,010000	0,179181
0,020000	0,163884
0,030000	0,175994
0,040000	0,169620
0,050000	0,183005
0,060000	0,160697
0,070000	0,186192
0,080000	0,158785
0,090000	0,167071
0,100000	0,136477
0,110000	0,183643
0,120000	0,153686
0,130000	0,167708
0,140000	0,165159
0,150000	0,187467
0,160000	0,166434
0,170000	0,156236
0,180000	0,160697
0,190000	0,163884
0,200000	0,158785
0,210000	0,175357
0,220000	0,169620
0,230000	0,163247
0,240000	0,172807
0,250000	0,175994
0,260000	0,162609
0,270000	0,179181
0,280000	0,170258
0,290000	0,163247
0,300000	0,158148
0,310000	0,164522
0,320000	0,158785
0,330000	0,168346
0,340000	0,153049
0,350000	0,171533
0,360000	0,151774
0,370000	0,176631
0,380000	0,174082
0,390000	0,180456
0,400000	0,163884
0,410000	0,185555
0,420000	0,175357
0,430000	0,177269
0,440000	0,144763
0,450000	0,178544
0,460000	0,176631
0,470000	0,181730
0,480000	0,146038
0,490000	0,165159
0,500000	0,177906
0,510000	0,195115
0,520000	0,168983
0,530000	0,195752
0,540000	0,165159
0,550000	0,178544
0,560000	0,180456
0,570000	0,167071
0,580000	0,181730
0,590000	0,174719
0,600000	0,168983
0,610000	0,177906
0,620000	0,165796
0,630000	0,178544
0,640000	0,167708
0,650000	0,157511
0,660000	0,174082
0,670000	0,195752
0,680000	0,187467
0,690000	0,249929
0,700000	0,178544
0,710000	0,174082
0,720000	0,253115
0,730000	0,172807
0,740000	0,163884
0,750000	0,204038
0,760000	0,175994
0,770000	0,168346
0,780000	0,115444
0,790000	0,165159
0,800000	0,148587
0,810000	0,081664
0,820000	0,165159
0,830000	0,188104
0,840000	0,287533
0,850000	0,192566
0,860000	0,148587
0,870000	0,316852
0,880000	0,169620
0,890000	0,191291
0,900000	0,270962
0,910000	0,174082
0,920000	0,195115
0,930000	0,043422
0,940000	0,175357
0,950000	0,179181
0,960000	0,004543
0,970000	0,193203
0,980000	0,153049
0,990000	-0,237656
1,000000	0,150499
1,010000	0,153686
1,020000	0,246104
1,030000	0,169620
1,040000	0,140939
1,050000	0,314303
1,060000	0,161972
1,070000	0,167708
1,080000	0,214873
1,090000	0,189379
1,100000	0,147313
1,110000	0,143488
1,120000	0,167071
1,130000	0,169620
1,140000	0,197665
1,150000	0,146675
1,160000	0,171533
1,170000	0,146038
1,180000	0,140302
1,190000	0,153686
1,200000	0,170258
1,210000	0,182368
1,220000	0,181730
1,230000	0,139027
1,240000	0,198939
1,250000	0,165159
1,260000	0,186192
1,270000	0,167708
1,280000	0,192566
1,290000	0,160697
1,300000	0,161335
1,310000	0,164522
1,320000	0,170895
1,330000	0,151137
1,340000	0,170258
1,350000	0,142851
1,360000	0,114807
1,370000	0,147950
1,380000	0,139664
1,390000	0,210412
1,400000	0,152412
1,410000	0,174719
1,420000	0,202763
1,430000	0,158785
1,440000	0,204676
1,450000	0,175994
1,460000	0,213599
1,470000	0,131379
1,480000	0,039598
1,490000	0,142214
1,500000	0,155598
1,510000	0,172170
1,520000	0,179818
1,530000	0,163247
1,540000	0,101422
1,550000	0,170258
1,560000	0,151774
1,570000	0,091862
1,580000	0,158785
1,590000	0,239731
1,600000	0,007092
1,610000	0,195115
1,620000	0,074653
1,630000	0,386962
1,640000	0,201489
1,650000	0,420105
1,660000	0,352545
1,670000	0,157511
1,680000	0,346171
1,690000	0,371665
1,700000	0,156236
1,710000	0,161972
1,720000	0,040873
1,730000	0,137752
1,740000	0,105884
1,750000	0,394611
1,760000	0,156236
1,770000	-0,052820
1,780000	0,140302
1,790000	0,035774
1,800000	0,276061
1,810000	0,007729
1,820000	0,119269
1,830000	-0,128667
1,840000	0,151137
1,850000	0,241643
1,860000	0,444963
1,870000	0,271599
1,880000	0,145401
1,890000	0,629161
1,900000	0,142851
1,910000	0,330874
1,920000	-0,084689
1,930000	0,067005
1,940000	0,124367
1,950000	0,004543
1,960000	0,136477
1,970000	0,165796
1,980000	0,137752
1,990000	0,140302
2,000000	0,138390
2,010000	0,156236
2,020000	0,180456
2,030000	0,158785
2,040000	0,158148
2,050000	0,181730
2,060000	0,174719
2,070000	0,146038
2,080000	0,152412
2,090000	0,174719
2,100000	0,162609
2,110000	0,138390
2,120000	0,186829
2,130000	0,180456
2,140000	0,151774
2,150000	0,091224
2,160000	0,172807
2,170000	0,155598
2,180000	0,128192
2,190000	0,169620
2,200000	0,168346
2,210000	0,283072
2,220000	0,207862
2,230000	0,127554
2,240000	0,198939
2,250000	0,262676
2,260000	0,091862
2,270000	0,032587
2,280000	0,230808
2,290000	0,231445
2,300000	-0,022864
2,310000	0,188104
2,320000	0,222522
2,330000	0,108433
2,340000	0,300918
2,350000	0,068279
2,360000	0,223159
2,370000	0,289445
2,380000	0,213599
2,390000	0,224434
2,400000	0,183643
2,410000	0,161335
2,420000	0,174082
2,430000	0,112895
2,440000	0,158148
2,450000	0,143488
2,460000	0,219335
2,470000	0,149225
2,480000	0,143488
2,490000	0,327687
2,500000	0,132016
2,510000	0,139664
2,520000	0,194478
2,530000	0,183005
2,540000	-0,092974
2,550000	-0,033062
2,560000	0,156236
2,570000	0,202763
2,580000	0,028125
2,590000	0,174082
2,600000	0,069554
2,610000	-0,069392
2,620000	0,158785
2,630000	-0,193041
2,640000	-0,005018
2,650000	0,180456
2,660000	-0,198140
2,670000	0,171533
2,680000	0,173445
2,690000	-0,172645
2,700000	0,228896
2,710000	0,205950
2,720000	-0,023501
2,730000	0,187467
2,740000	0,181093
2,750000	0,082301
2,760000	0,193840
2,770000	0,170895
2,780000	0,364017
2,790000	0,162609
2,800000	0,182368
2,810000	0,212324
2,820000	0,179181
2,830000	0,155598
2,840000	0,154324
2,850000	0,184917
2,860000	0,163884
2,870000	0,158785
2,880000	0,198939
2,890000	0,183643
2,900000	0,156873
2,910000	0,136477
2,920000	0,198939
2,930000	0,131379
2,940000	0,158785
2,950000	0,146038
2,960000	0,165159
2,970000	0,191928
2,980000	0,231445
2,990000	0,107159
3,000000	0,187467
3,010000	0,243555
3,020000	0,163247
3,030000	0,136477
3,040000	0,134565
3,050000	0,158785
3,060000	0,184280
3,070000	0,095686
3,080000	0,186829
3,090000	0,181093
3,100000	0,197027
3,110000	0,244830
3,120000	0,123093
3,130000	0,287533
3,140000	0,189379
3,150000	0,164522
3,160000	0,219972
3,170000	0,190654
3,180000	0,142851
3,190000	0,183005
3,200000	0,048521
3,210000	0,172807
3,220000	0,156873
3,230000	0,105884
3,240000	0,108433
3,250000	0,116082
3,260000	0,167708
3,270000	0,132016
3,280000	0,216786
3,290000	0,026850
3,300000	0,149225
3,310000	0,276698
3,320000	0,265225
3,330000	0,166434
3,340000	0,284984
3,350000	0,309204
3,360000	0,162609
3,370000	0,154324
3,380000	0,171533
3,390000	0,161335
3,400000	0,187467
3,410000	0,168346
3,420000	0,160697
3,430000	0,180456
3,440000	0,164522
3,450000	0,166434
3,460000	0,164522
3,470000	0,167708
3,480000	0,158785
3,490000	0,168983
3,500000	0,159423
3,510000	0,161972
3,520000	0,214873
3,530000	0,163247
3,540000	0,162609
3,550000	0,138390
3,560000	0,159423
3,570000	0,140302
3,580000	0,165796
3,590000	0,166434
3,600000	0,142851
3,610000	0,163247
3,620000	0,166434
3,630000	0,134565
3,640000	0,160060
3,650000	0,166434
3,660000	0,153049
3,670000	0,163247
3,680000	0,162609
3,690000	0,163884
3,700000	0,162609
3,710000	0,161335
3,720000	0,162609
3,730000	0,166434
3,740000	0,167071
3,750000	0,164522
3,760000	0,167071
3,770000	0,161972
3,780000	0,161972
3,790000	0,165159
3,800000	0,165796
3,810000	0,164522
3,820000	0,159423
3,830000	0,160060
3,840000	0,169620
3,850000	0,163247
3,860000	0,167071
3,870000	0,160697
3,880000	0,162609
3,890000	0,166434
3,900000	0,157511
3,910000	0,168346
3,920000	0,154324
3,930000	0,165159
3,940000	0,165796
3,950000	0,146038
3,960000	0,160697
3,970000	0,166434
3,980000	0,175994
3,990000	0,156873
4,000000	0,174719
4,010000	0,161972
4,020000	0,177269
4,030000	0,156873
4,040000	0,161335
4,050000	0,178544
4,060000	0,175357
4,070000	0,172170
4,080000	0,168983
4,090000	0,167071
4,100000	0,175994
4,110000	0,148587
4,120000	0,168346
4,130000	0,163247
4,140000	0,162609
4,150000	0,165796
4,160000	0,174082
4,170000	0,165159
4,180000	0,160060
4,190000	0,182368
4,200000	0,163884
4,210000	0,160697
4,220000	0,153686
4,230000	0,164522
4,240000	0,161335
4,250000	0,135203
4,260000	0,160060
4,270000	0,141576
4,280000	0,184917
4,290000	0,162609
4,300000	0,137752
4,310000	0,126280
4,320000	0,163884
4,330000	0,137752
4,340000	0,166434
4,350000	0,165159
4,360000	0,174082
4,370000	0,168346
4,380000	0,163247
4,390000	0,109708
4,400000	0,168983
4,410000	0,161972
4,420000	0,133928
4,430000	0,167071
4,440000	0,168346
4,450000	0,170895
4,460000	0,160697
4,470000	0,165159
4,480000	0,174719
4,490000	0,163247
4,500000	0,164522
4,510000	0,162609
4,520000	0,165796
4,530000	0,165159
4,540000	0,160060
4,550000	0,168346
4,560000	0,167708
4,570000	0,165159
4,580000	0,165796
4,590000	0,163884
4,600000	0,163247
4,610000	0,167708
4,620000	0,162609
4,630000	0,164522
4,640000	0,170895
4,650000	0,170895
4,660000	0,162609
4,670000	0,165159
4,680000	0,165159
4,690000	0,167071
4,700000	0,168983
4,710000	0,165796
4,720000	0,172170
4,730000	0,162609
4,740000	0,165796
4,750000	0,164522
4,760000	0,167708
4,770000	0,167708
4,780000	0,168346
4,790000	0,167708
4,800000	0,164522
4,810000	0,158785
4,820000	0,166434
4,830000	0,170895
4,840000	0,161335
4,850000	0,163247
4,860000	0,165796
4,870000	0,163884
4,880000	0,164522
4,890000	0,165796
4,900000	0,163884
4,910000	0,163884
4,920000	0,166434
4,930000	0,161335
4,940000	0,164522
4,950000	0,161335
4,960000	0,163247
4,970000	0,165796
4,980000	0,163247
4,990000	0,163247
5,000000	0,165159
5,010000	0,165796
5,020000	0,163247
5,030000	0,168346
5,040000	0,165159
5,050000	0,165159
5,060000	0,168346
5,070000	0,165159
5,080000	0,163247
5,090000	0,167708
5,100000	0,163247
5,110000	0,166434
5,120000	0,163247
5,130000	0,163884
5,140000	0,170258
5,150000	0,163884
5,160000	0,169620
5,170000	0,163884
5,180000	0,167071
5,190000	0,163884
5,200000	0,168346
5,210000	0,167071
5,220000	0,163247
5,230000	0,160060
5,240000	0,172170
5,250000	0,163247
5,260000	0,165159
5,270000	0,159423
5,280000	0,172170
5,290000	0,165796
5,300000	0,165796
5,310000	0,161335
5,320000	0,163247
5,330000	0,168346
5,340000	0,170258
5,350000	0,158785
5,360000	0,165796
5,370000	0,164522
5,380000	0,161972
5,390000	0,164522
5,400000	0,165159
5,410000	0,158785
5,420000	0,168346
5,430000	0,163247
5,440000	0,165796
5,450000	0,161972
5,460000	0,165159
5,470000	0,162609
5,480000	0,163884
5,490000	0,164522
5,500000	0,163884
5,510000	0,165796
5,520000	0,163884
5,530000	0,161972
5,540000	0,165796
5,550000	0,163247
5,560000	0,165159
5,570000	0,165159
5,580000	0,163247
5,590000	0,164522
5,600000	0,161972
5,610000	0,163247
5,620000	0,161335
5,630000	0,161335
5,640000	0,159423
5,650000	0,165796
5,660000	0,160697
5,670000	0,161335
5,680000	0,162609
5,690000	0,163247
5,700000	0,160697
5,710000	0,163884
5,720000	0,168346
5,730000	0,165159
5,740000	0,166434
5,750000	0,160697
5,760000	0,167071
5,770000	0,167071
5,780000	0,162609
5,790000	0,162609
5,800000	0,162609
5,810000	0,161335
5,820000	0,159423
5,830000	0,163247
5,840000	0,163247
5,850000	0,165159
5,860000	0,163247
5,870000	0,163247
5,880000	0,161335
5,890000	0,160697
5,900000	0,160697
5,910000	0,160697
5,920000	0,163247
5,930000	0,164522
5,940000	0,160697
5,950000	0,166434
5,960000	0,160060
5,970000	0,168346
5,980000	0,163247
5,990000	0,163247
6,000000	0,163247
6,010000	0,165159
6,020000	0,160060
6,030000	0,163247
6,040000	0,161972
6,050000	0,168346
6,060000	0,158148
6,070000	0,163884
6,080000	0,158148
6,090000	0,163884
6,100000	0,165796
6,110000	0,165159
6,120000	0,165159
6,130000	0,165796
6,140000	0,163884
6,150000	0,165159
6,160000	0,167708
6,170000	0,168346
6,180000	0,167708
6,190000	0,161335
6,200000	0,163247
6,210000	0,160697
6,220000	0,164522
6,230000	0,165796
6,240000	0,166434
6,250000	0,162609
6,260000	0,167708
6,270000	0,160697
6,280000	0,164522
6,290000	0,162609
6,300000	0,168346
6,310000	0,162609
6,320000	0,163247
6,330000	0,167708
6,340000	0,165796
6,350000	0,168346
6,360000	0,168346
6,370000	0,164522
6,380000	0,163247
6,390000	0,163884
6,400000	0,165159
6,410000	0,165159
6,420000	0,165796
6,430000	0,165159
6,440000	0,167071
6,450000	0,166434
6,460000	0,163247
6,470000	0,161335
6,480000	0,168983
6,490000	0,167071
6,500000	0,166434
6,510000	0,164522
6,520000	0,167071
6,530000	0,165159
6,540000	0,167071
6,550000	0,162609
6,560000	0,167708
6,570000	0,167071
6,580000	0,166434
6,590000	0,165796
6,600000	0,163247
6,610000	0,161972
6,620000	0,165796
6,630000	0,165796
6,640000	0,166434
6,650000	0,164522
6,660000	0,168346
6,670000	0,163884
6,680000	0,161972
6,690000	0,165159
6,700000	0,165159
6,710000	0,170258
6,720000	0,164522
6,730000	0,163884
6,740000	0,166434
6,750000	0,165159
6,760000	0,165796
6,770000	0,168346
6,780000	0,165796
6,790000	0,163247
6,800000	0,165159
6,810000	0,168346
6,820000	0,163884
6,830000	0,164522
6,840000	0,167071
6,850000	0,165159
6,860000	0,164522
6,870000	0,166434
6,880000	0,163247
6,890000	0,165796
6,900000	0,167708
6,910000	0,164522
6,920000	0,165159
6,930000	0,169620
6,940000	0,165796
6,950000	0,163884
6,960000	0,167708
6,970000	0,167071
6,980000	0,166434
6,990000	0,162609
7,000000	0,170258
7,010000	0,164522
7,020000	0,168983
7,030000	0,166434
7,040000	0,163884
7,050000	0,165796
7,060000	0,162609
7,070000	0,164522
7,080000	0,167708
7,090000	0,163247
7,100000	0,161972
7,110000	0,164522
7,120000	0,163247
7,130000	0,166434
7,140000	0,165159
7,150000	0,162609
7,160000	0,163884
7,170000	0,162609
7,180000	0,164522
7,190000	0,166434
7,200000	0,167071
7,210000	0,166434
7,220000	0,167708
7,230000	0,159423
7,240000	0,165796
7,250000	0,166434
7,260000	0,164522
7,270000	0,163884
7,280000	0,168346
7,290000	0,165159
7,300000	0,167071
7,310000	0,162609
7,320000	0,161972
7,330000	0,163884
7,340000	0,167071
7,350000	0,160697
7,360000	0,163884
7,370000	0,165796
7,380000	0,164522
7,390000	0,164522
7,400000	0,165796
7,410000	0,160697
7,420000	0,170895
7,430000	0,160060
7,440000	0,169620
7,450000	0,159423
7,460000	0,162609
7,470000	0,163247
7,480000	0,167708
7,490000	0,160697
7,500000	0,165796
7,510000	0,160697
7,520000	0,161972
7,530000	0,162609
7,540000	0,165796
7,550000	0,161335
7,560000	0,161972
7,570000	0,167071
7,580000	0,163884
7,590000	0,165159
7,600000	0,163884
7,610000	0,165159
7,620000	0,160060
7,630000	0,167708
7,640000	0,165159
7,650000	0,159423
7,660000	0,162609
7,670000	0,164522
7,680000	0,161972
7,690000	0,167071
7,700000	0,165159
7,710000	0,161335
7,720000	0,162609
7,730000	0,163247
7,740000	0,161335
7,750000	0,165796
7,760000	0,161335
7,770000	0,164522
7,780000	0,160697
7,790000	0,160060
7,800000	0,163884
7,810000	0,165159
7,820000	0,163884
7,830000	0,162609
7,840000	0,159423
7,850000	0,164522
7,860000	0,160060
7,870000	0,165159
7,880000	0,162609
7,890000	0,160060
7,900000	0,163247
7,910000	0,165796
7,920000	0,161972
7,930000	0,163247
7,940000	0,163247
7,950000	0,164522
7,960000	0,161335
7,970000	0,163247
7,980000	0,164522
7,990000	0,163247
8,000000	0,162609
8,010000	0,165159
8,020000	0,162609
8,030000	0,164522
8,040000	0,158785
8,050000	0,165159
8,060000	0,161972
8,070000	0,163247
8,080000	0,163247
8,090000	0,165159
8,100000	0,161972
8,110000	0,165159
8,120000	0,163247
8,130000	0,167071
8,140000	0,165796
8,150000	0,162609
8,160000	0,163884
8,170000	0,163247
8,180000	0,161335
8,190000	0,159423
8,200000	0,163247
8,210000	0,161335
8,220000	0,171533
8,230000	0,161335
8,240000	0,163884
8,250000	0,165159
8,260000	0,168346
8,270000	0,160060
8,280000	0,163884
8,290000	0,161335
8,300000	0,168346
8,310000	0,160060
8,320000	0,164522
8,330000	0,168346
8,340000	0,165796
8,350000	0,164522
8,360000	0,165796
8,370000	0,162609
8,380000	0,163247
8,390000	0,161972
8,400000	0,165796
8,410000	0,165796
8,420000	0,165796
8,430000	0,161335
8,440000	0,165796
8,450000	0,162609
8,460000	0,165796
8,470000	0,164522
8,480000	0,168346
8,490000	0,170895
8,500000	0,166434
8,510000	0,168983
8,520000	0,163884
8,530000	0,167071
8,540000	0,166434
8,550000	0,165159
8,560000	0,168346
8,570000	0,163247
8,580000	0,165159
8,590000	0,165159
8,600000	0,163884
8,610000	0,165159
8,620000	0,165159
8,630000	0,161335
8,640000	0,163884
8,650000	0,162609
8,660000	0,165796
8,670000	0,168983
8,680000	0,166434
8,690000	0,160060
8,700000	0,165159
8,710000	0,165796
8,720000	0,165796
8,730000	0,165159
8,740000	0,167071
8,750000	0,161972
8,760000	0,164522
8,770000	0,163884
8,780000	0,165796
8,790000	0,167708
8,800000	0,161972
8,810000	0,161335
8,820000	0,165159
8,830000	0,165796
8,840000	0,165159
8,850000	0,166434
8,860000	0,163884
8,870000	0,165159
8,880000	0,162609
8,890000	0,167708
8,900000	0,161972
8,910000	0,164522
8,920000	0,163884
8,930000	0,166434
8,940000	0,165159
8,950000	0,167071
8,960000	0,161972
8,970000	0,163247
8,980000	0,163884
8,990000	0,157511
9,000000	0,163884
9,010000	0,165159
9,020000	0,165159
9,030000	0,163884
9,040000	0,166434
9,050000	0,162609
9,060000	0,167071
9,070000	0,161972
9,080000	0,165796
9,090000	0,160060
9,100000	0,166434
9,110000	0,159423
9,120000	0,167708
9,130000	0,165796
9,140000	0,163884
9,150000	0,162609
9,160000	0,168346
9,170000	0,165796
9,180000	0,164522
9,190000	0,168983
9,200000	0,165159
9,210000	0,168346
9,220000	0,163247
9,230000	0,165796
9,240000	0,165796
9,250000	0,166434
9,260000	0,164522
9,270000	0,168346
9,280000	0,163884
9,290000	0,163247
9,300000	0,165796
9,310000	0,163247
9,320000	0,165796
9,330000	0,163247
9,340000	0,167071
9,350000	0,161335
9,360000	0,162609
9,370000	0,161972
9,380000	0,161972
9,390000	0,167708
9,400000	0,167071
9,410000	0,165159
9,420000	0,163247
9,430000	0,167708
9,440000	0,163884
9,450000	0,163247
9,460000	0,161972
9,470000	0,165159
9,480000	0,164522
9,490000	0,165796
9,500000	0,165796
9,510000	0,162609
9,520000	0,163884
9,530000	0,164522
9,540000	0,163247
9,550000	0,163884
9,560000	0,162609
9,570000	0,164522
9,580000	0,164522
9,590000	0,163884
9,600000	0,163884
9,610000	0,162609
9,620000	0,166434
9,630000	0,163247
9,640000	0,165159
9,650000	0,164522
9,660000	0,164522
9,670000	0,167708
9,680000	0,167071
9,690000	0,163247
9,700000	0,165159
9,710000	0,165159
9,720000	0,166434
9,730000	0,160697
9,740000	0,166434
9,750000	0,162609
9,760000	0,163247
9,770000	0,161972
9,780000	0,165796
9,790000	0,160697
9,800000	0,163247
9,810000	0,165159
9,820000	0,165796
9,830000	0,158148
9,840000	0,167071
9,850000	0,163247
9,860000	0,166434
9,870000	0,162609
9,880000	0,165159
9,890000	0,165159
9,900000	0,163247
9,910000	0,162609
9,920000	0,163884
9,930000	0,163247
9,940000	0,166434
9,950000	0,163884
9,960000	0,163247
9,970000	0,165159
9,980000	0,163884
9,990000	0,164522
10,000000	0,165159
10,010000	0,163884
10,020000	0,162609
10,030000	0,164522
10,040000	0,163247
10,050000	0,163884
10,060000	0,162609
10,070000	0,161972
10,080000	0,163247
10,090000	0,165796
10,100000	0,164522
10,110000	0,165159
10,120000	0,163884
10,130000	0,162609
10,140000	0,164522
10,150000	0,164522
10,160000	0,163247
10,170000	0,167071
10,180000	0,163884
10,190000	0,162609
10,200000	0,165796
10,210000	0,167071
10,220000	0,162609
10,230000	0,162609
10,240000	0,163247
10,250000	0,167071
10,260000	0,165796
10,270000	0,165796
10,280000	0,163884
10,290000	0,163884
10,300000	0,165796
10,310000	0,163884
10,320000	0,160697
10,330000	0,163247
10,340000	0,163884
10,350000	0,162609
10,360000	0,164522
10,370000	0,163884
10,380000	0,163247
10,390000	0,166434
10,400000	0,161335
10,410000	0,160697
10,420000	0,162609
10,430000	0,163247
10,440000	0,161335
10,450000	0,158148
10,460000	0,158785
10,470000	0,161972
10,480000	0,163247
10,490000	0,161972
10,500000	0,159423
10,510000	0,157511
10,520000	0,161972
10,530000	0,160697
10,540000	0,160697
10,550000	0,156236
10,560000	0,161335
10,570000	0,154324
10,580000	0,158148
10,590000	0,157511
10,600000	0,158148
10,610000	0,153686
10,620000	0,158785
10,630000	0,156236
10,640000	0,155598
10,650000	0,152412
10,660000	0,157511
10,670000	0,154961
10,680000	0,156873
10,690000	0,148587
10,700000	0,154961
10,710000	0,150499
10,720000	0,155598
10,730000	0,150499
10,740000	0,150499
10,750000	0,150499
10,760000	0,153049
10,770000	0,148587
10,780000	0,151774
10,790000	0,142851
10,800000	0,147950
10,810000	0,147950
10,820000	0,146038
10,830000	0,149862
10,840000	0,142851
10,850000	0,146675
10,860000	0,144126
10,870000	0,145401
10,880000	0,140939
10,890000	0,144763
10,900000	0,142851
10,910000	0,140939
10,920000	0,138390
10,930000	0,140939
10,940000	0,144126
10,950000	0,139664
10,960000	0,139664
10,970000	0,137115
10,980000	0,137752
10,990000	0,139027
11,000000	0,135203
11,010000	0,135840
11,020000	0,135203
11,030000	0,135840
11,040000	0,137752
11,050000	0,134565
11,060000	0,138390
11,070000	0,133291
11,080000	0,133928
11,090000	0,129466
11,100000	0,132653
11,110000	0,130741
11,120000	0,132653
11,130000	0,130741
11,140000	0,132016
11,150000	0,126917
11,160000	0,132653
11,170000	0,126917
11,180000	0,127554
11,190000	0,126280
11,200000	0,128192
11,210000	0,125005
11,220000	0,125005
11,230000	0,123730
11,240000	0,126280
11,250000	0,127554
11,260000	0,125005
11,270000	0,121818
11,280000	0,126917
11,290000	0,121181
11,300000	0,123730
11,310000	0,123093
11,320000	0,121818
11,330000	0,119269
11,340000	0,121818
11,350000	0,120543
11,360000	0,119906
11,370000	0,117994
11,380000	0,117994
11,390000	0,121181
11,400000	0,119269
11,410000	0,117356
11,420000	0,117356
11,430000	0,114170
11,440000	0,114807
11,450000	0,116719
11,460000	0,117994
11,470000	0,114807
11,480000	0,114170
11,490000	0,114170
11,500000	0,114807
11,510000	0,109708
11,520000	0,111620
11,530000	0,112258
11,540000	0,112258
11,550000	0,112258
11,560000	0,112258
11,570000	0,109708
11,580000	0,110983
11,590000	0,114807
11,600000	0,109071
11,610000	0,111620
11,620000	0,109071
11,630000	0,112895
11,640000	0,109708
11,650000	0,109071
11,660000	0,109071
11,670000	0,109708
11,680000	0,106521
11,690000	0,107159
11,700000	0,104609
11,710000	0,105884
11,720000	0,107796
11,730000	0,109071
11,740000	0,102697
11,750000	0,107159
11,760000	0,105246
11,770000	0,104609
11,780000	0,102697
11,790000	0,104609
11,800000	0,103334
11,810000	0,103972
11,820000	0,102697
11,830000	0,102060
11,840000	0,101422
11,850000	0,103334
11,860000	0,102060
11,870000	0,103972
11,880000	0,100785
11,890000	0,100785
11,900000	0,099510
11,910000	0,101422
11,920000	0,098873
11,930000	0,099510
11,940000	0,100785
11,950000	0,100785
11,960000	0,100785
11,970000	0,099510
11,980000	0,096323
11,990000	0,096961
12,000000	0,093774
12,010000	0,096961
12,020000	0,095686
12,030000	0,096961
12,040000	0,098235
12,050000	0,096961
12,060000	0,095049
12,070000	0,093774
12,080000	0,094411
12,090000	0,095686
12,100000	0,095049
12,110000	0,098235
12,120000	0,094411
12,130000	0,094411
12,140000	0,093137
12,150000	0,095686
12,160000	0,093137
12,170000	0,095049
12,180000	0,091224
12,190000	0,094411
12,200000	0,094411
12,210000	0,093137
12,220000	0,093774
12,230000	0,089312
12,240000	0,091862
12,250000	0,092499
12,260000	0,089312
12,270000	0,091224
12,280000	0,092499
12,290000	0,092499
12,300000	0,091862
12,310000	0,088675
12,320000	0,092499
12,330000	0,091224
12,340000	0,091224
12,350000	0,090587
12,360000	0,091224
12,370000	0,089950
12,380000	0,091224
12,390000	0,089950
12,400000	0,089950
12,410000	0,088038
12,420000	0,088038
12,430000	0,089312
12,440000	0,090587
12,450000	0,088038
12,460000	0,087400
12,470000	0,088038
12,480000	0,089312
12,490000	0,086763
12,500000	0,088038
12,510000	0,086763
12,520000	0,089950
12,530000	0,086126
12,540000	0,089950
12,550000	0,084851
12,560000	0,084213
12,570000	0,084851
12,580000	0,088675
12,590000	0,086126
12,600000	0,088675
12,610000	0,086126
12,620000	0,088675
12,630000	0,084851
12,640000	0,084213
12,650000	0,085488
12,660000	0,083576
12,670000	0,084213
12,680000	0,085488
12,690000	0,084213
12,700000	0,084213
12,710000	0,084851
12,720000	0,084213
12,730000	0,086763
12,740000	0,084851
12,750000	0,084213
12,760000	0,084213
12,770000	0,084213
12,780000	0,084851
12,790000	0,082939
12,800000	0,084213
12,810000	0,082301
12,820000	0,086126
12,830000	0,084213
12,840000	0,082301
12,850000	0,082939
12,860000	0,083576
12,870000	0,081664
12,880000	0,084213
12,890000	0,082301
12,900000	0,083576
12,910000	0,084851
12,920000	0,082301
12,930000	0,083576
12,940000	0,080389
12,950000	0,081664
12,960000	0,083576
12,970000	0,081027
12,980000	0,081027
12,990000	0,082301
13,000000	0,083576
13,010000	0,079114
13,020000	0,082301
13,030000	0,080389
13,040000	0,078477
13,050000	0,081027
13,060000	0,081664
13,070000	0,079752
13,080000	0,079114
13,090000	0,079752
13,100000	0,080389
13,110000	0,076565
13,120000	0,079752
13,130000	0,082301
13,140000	0,080389
13,150000	0,077202
13,160000	0,079114
13,170000	0,080389
13,180000	0,077202
13,190000	0,077840
13,200000	0,080389
13,210000	0,079114
13,220000	0,078477
13,230000	0,080389
13,240000	0,081027
13,250000	0,079114
13,260000	0,079114
13,270000	0,080389
13,280000	0,077840
13,290000	0,077840
13,300000	0,079114
13,310000	0,079114
13,320000	0,077840
13,330000	0,079752
13,340000	0,079114
13,350000	0,079114
13,360000	0,079114
13,370000	0,079114
13,380000	0,075928
13,390000	0,078477
13,400000	0,075290
13,410000	0,077840
13,420000	0,076565
13,430000	0,077202
13,440000	0,076565
13,450000	0,075928
13,460000	0,077202
13,470000	0,074653
13,480000	0,076565
13,490000	0,074653
13,500000	0,075290
13,510000	0,078477
13,520000	0,077202
13,530000	0,075290
13,540000	0,076565
13,550000	0,075290
13,560000	0,075290
13,570000	0,074653
13,580000	0,075928
13,590000	0,076565
13,600000	0,075928
13,610000	0,075290
13,620000	0,075290
13,630000	0,075290
13,640000	0,076565
13,650000	0,074016
13,660000	0,076565
13,670000	0,075290
13,680000	0,072103
13,690000	0,075290
13,700000	0,072741
13,710000	0,075928
13,720000	0,075928
13,730000	0,076565
13,740000	0,072741
13,750000	0,075290
13,760000	0,074653
13,770000	0,076565
13,780000	0,075928
13,790000	0,082301
13,800000	0,074016
13,810000	0,074653
13,820000	0,075928
13,830000	0,074016
13,840000	0,072103
13,850000	0,070829
13,860000	0,075290
13,870000	0,070829
13,880000	0,070191
13,890000	0,072741
13,900000	0,072103
13,910000	0,074016
13,920000	0,074016
13,930000	0,073378
13,940000	0,071466
13,950000	0,072741
13,960000	0,073378
13,970000	0,072741
13,980000	0,075290
13,990000	0,072741
14,000000	0,074016
14,010000	0,071466
14,020000	0,073378
14,030000	0,072103
14,040000	0,072103
14,050000	0,072103
14,060000	0,074016
14,070000	0,072103
14,080000	0,072103
14,090000	0,072103
14,100000	0,071466
14,110000	0,073378
14,120000	0,069554
14,130000	0,073378
14,140000	0,072741
14,150000	0,074016
14,160000	0,070191
14,170000	0,073378
14,180000	0,074653
14,190000	0,076565
14,200000	0,073378
14,210000	0,073378
14,220000	0,072741
14,230000	0,070829
14,240000	0,071466
14,250000	0,068917
14,260000	0,070191
14,270000	0,068917
14,280000	0,070829
14,290000	0,065730
14,300000	0,068279
14,310000	0,070829
14,320000	0,070829
14,330000	0,074653
14,340000	0,077840
14,350000	0,066367
14,360000	0,075928
14,370000	0,070191
14,380000	0,074016
14,390000	0,070829
14,400000	0,075290
14,410000	0,073378
14,420000	0,072103
14,430000	0,074016
14,440000	0,073378
14,450000	0,072103
14,460000	0,070829
14,470000	0,073378
14,480000	0,072103
14,490000	0,074016
14,500000	0,077202
14,510000	0,072741
14,520000	0,075290
14,530000	0,064455
14,540000	0,071466
14,550000	0,057444
14,560000	0,058719
14,570000	0,071466
14,580000	0,074653
14,590000	0,063818
14,600000	0,072103
14,610000	0,067642
14,620000	0,080389
14,630000	0,073378
14,640000	0,072103
14,650000	0,086763
14,660000	0,073378
14,670000	0,070191
14,680000	0,058719
14,690000	0,072103
14,700000	0,072103
14,710000	0,037048
14,720000	0,073378
14,730000	0,073378
14,740000	0,072103
14,750000	0,085488
14,760000	0,070829
14,770000	0,068917
14,780000	0,084213
14,790000	0,070829
14,800000	0,068917
14,810000	0,079752
14,820000	0,072741
14,830000	0,070829
14,840000	0,070191
14,850000	0,073378
14,860000	0,070191
14,870000	0,070191
14,880000	0,070191
14,890000	0,073378
14,900000	0,070829
14,910000	0,069554
14,920000	0,068917
14,930000	0,070191
14,940000	0,071466
14,950000	0,067642
14,960000	0,070829
14,970000	0,068279
14,980000	0,068917
14,990000	0,070829
15,000000	0,070829
15,010000	0,071466
15,020000	0,070191
15,030000	0,071466
15,040000	0,070191
15,050000	0,073378
15,060000	0,074653
15,070000	0,067642
15,080000	0,068917
15,090000	0,070191
15,100000	0,070191
15,110000	0,067642
15,120000	0,065092
15,130000	0,068279
15,140000	0,074653
15,150000	0,070191
15,160000	0,073378
15,170000	0,074653
15,180000	0,070829
15,190000	0,077202
15,200000	0,072741
15,210000	0,071466
15,220000	0,078477
15,230000	0,061906
15,240000	0,069554
15,250000	0,070191
15,260000	0,077202
15,270000	0,068279
15,280000	0,063818
15,290000	0,079114
15,300000	0,069554
15,310000	0,068279
15,320000	0,064455
15,330000	0,070191
15,340000	0,068279
15,350000	0,080389
15,360000	0,062543
15,370000	0,070829
15,380000	0,068917
15,390000	0,057444
15,400000	0,068917
15,410000	0,070191
15,420000	0,079114
15,430000	0,071466
15,440000	0,069554
15,450000	0,083576
15,460000	0,075928
15,470000	0,067005
15,480000	0,058719
15,490000	0,071466
15,500000	0,067642
15,510000	0,054257
15,520000	0,063818
15,530000	0,068279
15,540000	0,084213
15,550000	0,065092
15,560000	0,068279
15,570000	0,065730
15,580000	0,089950
15,590000	0,067642
15,600000	0,068279
15,610000	0,086763
15,620000	0,068917
15,630000	0,062543
15,640000	0,054257
15,650000	0,067642
15,660000	0,068279
15,670000	0,053620
15,680000	0,066367
15,690000	0,067642
15,700000	0,059994
15,710000	0,065092
15,720000	0,066367
15,730000	0,068917
15,740000	0,066367
15,750000	0,065730
15,760000	0,067005
15,770000	0,066367
15,780000	0,066367
15,790000	0,066367
15,800000	0,063818
15,810000	0,069554
15,820000	0,068279
15,830000	0,067005
15,840000	0,067005
15,850000	0,068279
15,860000	0,074016
15,870000	0,065730
15,880000	0,071466
15,890000	0,067642
15,900000	0,070829
15,910000	0,063818
15,920000	0,067005
15,930000	0,068279
15,940000	0,063180
15,950000	0,062543
15,960000	0,066367
15,970000	0,066367
15,980000	0,065730
15,990000	0,061906
16,000000	0,064455
16,010000	0,063818
16,020000	0,065730
16,030000	0,069554
16,040000	0,050433
16,050000	0,058719
16,060000	0,066367
16,070000	0,058081
16,080000	0,068279
16,090000	0,068917
16,100000	0,067005
16,110000	0,055532
16,120000	0,071466
16,130000	0,071466
16,140000	0,065092
16,150000	0,066367
16,160000	0,067642
16,170000	0,062543
16,180000	0,059994
16,190000	0,065092
16,200000	0,065092
16,210000	0,065092
16,220000	0,066367
16,230000	0,072741
16,240000	0,075290
16,250000	0,065730
16,260000	0,063180
16,270000	0,049796
16,280000	0,047884
16,290000	0,075290
16,300000	0,058081
16,310000	0,049796
16,320000	0,064455
16,330000	0,051070
16,340000	0,074016
16,350000	0,060631
16,360000	0,071466
16,370000	0,081664
16,380000	0,065092
16,390000	0,065730
16,400000	0,066367
16,410000	0,068279
16,420000	0,065730
16,430000	0,043422
16,440000	0,062543
16,450000	0,062543
16,460000	0,035774
16,470000	0,068279
16,480000	0,063818
16,490000	0,075290
16,500000	0,065092
16,510000	0,063180
16,520000	0,078477
16,530000	0,067005
16,540000	0,063180
16,550000	0,065092
16,560000	0,065092
16,570000	0,063180
16,580000	0,065730
16,590000	0,062543
16,600000	0,067642
16,610000	0,065092
16,620000	0,063818
16,630000	0,065730
16,640000	0,065092
16,650000	0,063180
16,660000	0,065730
16,670000	0,062543
16,680000	0,065730
16,690000	0,063818
16,700000	0,065092
16,710000	0,063818
16,720000	0,068917
16,730000	0,065730
16,740000	0,063180
16,750000	0,061268
16,760000	0,067642
16,770000	0,063180
16,780000	0,066367
16,790000	0,063818
16,800000	0,066367
16,810000	0,065092
16,820000	0,063180
16,830000	0,061268
16,840000	0,061268
16,850000	0,063180
16,860000	0,064455
16,870000	0,071466
16,880000	0,070829
16,890000	0,068279
16,900000	0,068279
16,910000	0,068917
16,920000	0,062543
16,930000	0,067642
16,940000	0,071466
16,950000	0,057444
16,960000	0,071466
16,970000	0,065730
16,980000	0,063818
16,990000	0,063818
17,000000	0,063180
17,010000	0,068279
17,020000	0,068279
17,030000	0,062543
17,040000	0,068917
17,050000	0,065092
17,060000	0,065730
17,070000	0,053620
17,080000	0,056807
17,090000	0,066367
17,100000	0,056169
17,110000	0,075290
17,120000	0,066367
17,130000	0,080389
17,140000	0,079752
17,150000	0,067005
17,160000	0,072103
17,170000	0,077840
17,180000	0,068279
17,190000	0,067642
17,200000	0,065730
17,210000	0,065730
17,220000	0,068917
17,230000	0,053620
17,240000	0,070829
17,250000	0,065730
17,260000	0,089312
17,270000	0,063818
17,280000	0,067005
17,290000	0,062543
17,300000	0,068279
17,310000	0,063180
17,320000	0,064455
17,330000	0,061268
17,340000	0,067642
17,350000	0,066367
17,360000	0,061906
17,370000	0,066367
17,380000	0,065730
17,390000	0,059356
17,400000	0,066367
17,410000	0,068917
17,420000	0,067005
17,430000	0,067642
17,440000	0,067642
17,450000	0,067642
17,460000	0,068917
17,470000	0,066367
17,480000	0,069554
17,490000	0,070191
17,500000	0,066367
17,510000	0,068917
17,520000	0,068279
17,530000	0,067642
17,540000	0,065092
17,550000	0,068917
17,560000	0,070829
17,570000	0,068279
17,580000	0,069554
17,590000	0,071466
17,600000	0,067642
17,610000	0,070191
17,620000	0,068917
17,630000	0,072741
17,640000	0,067642
17,650000	0,070191
17,660000	0,072103
17,670000	0,065730
17,680000	0,071466
17,690000	0,065730
17,700000	0,072103
17,710000	0,068917
17,720000	0,065730
17,730000	0,067005
17,740000	0,071466
17,750000	0,072103
17,760000	0,065092
17,770000	0,067642
17,780000	0,068917
17,790000	0,076565
17,800000	0,072103
17,810000	0,068279
17,820000	0,068917
17,830000	0,066367
17,840000	0,067005
17,850000	0,077840
17,860000	0,067642
17,870000	0,074016
17,880000	0,077840
17,890000	0,077202
17,900000	0,076565
17,910000	0,072741
17,920000	0,072103
17,930000	0,071466
17,940000	0,071466
17,950000	0,074016
17,960000	0,061268
17,970000	0,070191
17,980000	0,056169
17,990000	0,075290
18,000000	0,061906
18,010000	0,084213
18,020000	0,063180
18,030000	0,073378
18,040000	0,084851
18,050000	0,089312
18,060000	0,075928
18,070000	0,066367
18,080000	0,085488
18,090000	0,077202
18,100000	0,072741
18,110000	0,050433
18,120000	0,075290
18,130000	0,079752
18,140000	0,044697
18,150000	0,074653
18,160000	0,076565
18,170000	0,085488
18,180000	0,075928
18,190000	0,077202
18,200000	0,077202
18,210000	0,082301
18,220000	0,073378
18,230000	0,075290
18,240000	0,089312
18,250000	0,074653
18,260000	0,076565
18,270000	0,074653
18,280000	0,075290
18,290000	0,077202
18,300000	0,074016
18,310000	0,077840
18,320000	0,075928
18,330000	0,077202
18,340000	0,074016
18,350000	0,078477
18,360000	0,074016
18,370000	0,074016
18,380000	0,077840
18,390000	0,078477
18,400000	0,077202
18,410000	0,081664
18,420000	0,078477
18,430000	0,075928
18,440000	0,077202
18,450000	0,081027
18,460000	0,080389
18,470000	0,076565
18,480000	0,077840
18,490000	0,082939
18,500000	0,083576
18,510000	0,076565
18,520000	0,080389
18,530000	0,077202
18,540000	0,086126
18,550000	0,079752
18,560000	0,082939
18,570000	0,086763
18,580000	0,082301
18,590000	0,082301
18,600000	0,081027
18,610000	0,084213
18,620000	0,084213
18,630000	0,079752
18,640000	0,084213
18,650000	0,089312
18,660000	0,074016
18,670000	0,084213
18,680000	0,086126
18,690000	0,081664
18,700000	0,083576
18,710000	0,084851
18,720000	0,075290
18,730000	0,097598
18,740000	0,082939
18,750000	0,091862
18,760000	0,099510
18,770000	0,084851
18,780000	0,084213
18,790000	0,082301
18,800000	0,089312
18,810000	0,099510
18,820000	0,084851
18,830000	0,089950
18,840000	0,093774
18,850000	0,103972
18,860000	0,093137
18,870000	0,091224
18,880000	0,098235
18,890000	0,091862
18,900000	0,093774
18,910000	0,076565
18,920000	0,088675
18,930000	0,091862
18,940000	0,093774
18,950000	0,093774
18,960000	0,094411
18,970000	0,126917
18,980000	0,094411
18,990000	0,095049
19,000000	0,079114
19,010000	0,087400
19,020000	0,093774
19,030000	0,095049
19,040000	0,078477
19,050000	0,097598
19,060000	0,094411
19,070000	0,077202
19,080000	0,098235
19,090000	0,095686
19,100000	0,092499
19,110000	0,098235
19,120000	0,097598
19,130000	0,104609
19,140000	0,097598
19,150000	0,099510
19,160000	0,102697
19,170000	0,104609
19,180000	0,101422
19,190000	0,103334
19,200000	0,098873
19,210000	0,102697
19,220000	0,101422
19,230000	0,103972
19,240000	0,106521
19,250000	0,105884
19,260000	0,104609
19,270000	0,103972
19,280000	0,103972
19,290000	0,105884
19,300000	0,107159
19,310000	0,105884
19,320000	0,104609
19,330000	0,107159
19,340000	0,109071
19,350000	0,105884
19,360000	0,107159
19,370000	0,114170
19,380000	0,114170
19,390000	0,107796
19,400000	0,116082
19,410000	0,112258
19,420000	0,119269
19,430000	0,112895
19,440000	0,109071
19,450000	0,114807
19,460000	0,121818
19,470000	0,106521
19,480000	0,111620
19,490000	0,125642
19,500000	0,112258
19,510000	0,115444
19,520000	0,114807
19,530000	0,118631
19,540000	0,118631
19,550000	0,115444
19,560000	0,120543
19,570000	0,121181
19,580000	0,119269
19,590000	0,123730
19,600000	0,121181
19,610000	0,128192
19,620000	0,123730
19,630000	0,123093
19,640000	0,116719
19,650000	0,121818
19,660000	0,123730
19,670000	0,111620
19,680000	0,121818
19,690000	0,130104
19,700000	0,119906
19,710000	0,123093
19,720000	0,127554
19,730000	0,117356
19,740000	0,119906
19,750000	0,133928
19,760000	0,126280
19,770000	0,137115
19,780000	0,133291
19,790000	0,135203
19,800000	0,134565
19,810000	0,135203
19,820000	0,134565
19,830000	0,141576
19,840000	0,136477
19,850000	0,137115
19,860000	0,136477
19,870000	0,142851
19,880000	0,138390
19,890000	0,142851
19,900000	0,140302
19,910000	0,144126
19,920000	0,143488
19,930000	0,140939
19,940000	0,147950
19,950000	0,144126
19,960000	0,145401
19,970000	0,142851
19,980000	0,143488
19,990000	0,142851
20,000000	0,147950
20,010000	0,148587
20,020000	0,146675
20,030000	0,147950
20,040000	0,148587
20,050000	0,146038
20,060000	0,152412
20,070000	0,142851
20,080000	0,150499
20,090000	0,152412
20,100000	0,151137
20,110000	0,147313
20,120000	0,150499
20,130000	0,151137
20,140000	0,154961
20,150000	0,153686
20,160000	0,157511
20,170000	0,151774
20,180000	0,154961
20,190000	0,153049
20,200000	0,156236
20,210000	0,153049
20,220000	0,151774
20,230000	0,154324
20,240000	0,156873
20,250000	0,154324
20,260000	0,156236
20,270000	0,158148
20,280000	0,155598
20,290000	0,160697
20,300000	0,155598
20,310000	0,158785
20,320000	0,162609
20,330000	0,160697
20,340000	0,158148
20,350000	0,161335
20,360000	0,161335
20,370000	0,158785
20,380000	0,162609
20,390000	0,158148
20,400000	0,155598
20,410000	0,163247
20,420000	0,162609
20,430000	0,163884
20,440000	0,160697
20,450000	0,163247
20,460000	0,158148
20,470000	0,157511
20,480000	0,158785
20,490000	0,156873
20,500000	0,163247
20,510000	0,158148
20,520000	0,158785
20,530000	0,157511
20,540000	0,159423
20,550000	0,157511
20,560000	0,164522
20,570000	0,156873
20,580000	0,157511
20,590000	0,154324
20,600000	0,154324
20,610000	0,153049
20,620000	0,155598
20,630000	0,152412
20,640000	0,158148
20,650000	0,149862
20,660000	0,153686
20,670000	0,150499
20,680000	0,153049
20,690000	0,150499
20,700000	0,155598
20,710000	0,147950
20,720000	0,153686
20,730000	0,149225
20,740000	0,147950
20,750000	0,147313
20,760000	0,149862
20,770000	0,149225
20,780000	0,147950
20,790000	0,149225
20,800000	0,144126
20,810000	0,142214
20,820000	0,144126
20,830000	0,143488
20,840000	0,141576
20,850000	0,142851
20,860000	0,140302
20,870000	0,142214
20,880000	0,139027
20,890000	0,141576
20,900000	0,137752
20,910000	0,140302
20,920000	0,137752
20,930000	0,134565
20,940000	0,132653
20,950000	0,140302
20,960000	0,137115
20,970000	0,133291
20,980000	0,131379
20,990000	0,134565
21,000000	0,130741
21,010000	0,133928
21,020000	0,132016
21,030000	0,133291
21,040000	0,128192
21,050000	0,128192
21,060000	0,129466
21,070000	0,130741
21,080000	0,129466
21,090000	0,130104
21,100000	0,127554
21,110000	0,127554
21,120000	0,125642
21,130000	0,128192
21,140000	0,126280
21,150000	0,121818
21,160000	0,122455
21,170000	0,126280
21,180000	0,122455
21,190000	0,121818
21,200000	0,119269
21,210000	0,121818
21,220000	0,119906
21,230000	0,118631
21,240000	0,116719
21,250000	0,117356
21,260000	0,115444
21,270000	0,119906
21,280000	0,114807
21,290000	0,116719
21,300000	0,114807
21,310000	0,114807
21,320000	0,116719
21,330000	0,114807
21,340000	0,113532
21,350000	0,114170
21,360000	0,112258
21,370000	0,110983
21,380000	0,112895
21,390000	0,113532
21,400000	0,110983
21,410000	0,109708
21,420000	0,108433
21,430000	0,108433
21,440000	0,109071
21,450000	0,110345
21,460000	0,109071
21,470000	0,105884
21,480000	0,109708
21,490000	0,107159
21,500000	0,104609
21,510000	0,103972
21,520000	0,107159
21,530000	0,105246
21,540000	0,103972
21,550000	0,106521
21,560000	0,104609
21,570000	0,107159
21,580000	0,102060
21,590000	0,103334
21,600000	0,102060
21,610000	0,102697
21,620000	0,102060
21,630000	0,102060
21,640000	0,099510
21,650000	0,100785
21,660000	0,101422
21,670000	0,100148
21,680000	0,096961
21,690000	0,099510
21,700000	0,096323
21,710000	0,098235
21,720000	0,095686
21,730000	0,098873
21,740000	0,095686
21,750000	0,096961
21,760000	0,097598
21,770000	0,096323
21,780000	0,096323
21,790000	0,094411
21,800000	0,093137
21,810000	0,096961
21,820000	0,094411
21,830000	0,093774
21,840000	0,093137
21,850000	0,095686
21,860000	0,093137
21,870000	0,091862
21,880000	0,095049
21,890000	0,091224
21,900000	0,093137
21,910000	0,091862
21,920000	0,094411
21,930000	0,091224
21,940000	0,091862
21,950000	0,092499
21,960000	0,089312
21,970000	0,088038
21,980000	0,090587
21,990000	0,090587
22,000000	0,091862
22,010000	0,090587
22,020000	0,087400
22,030000	0,087400
22,040000	0,090587
22,050000	0,088038
22,060000	0,087400
22,070000	0,088675
22,080000	0,087400
22,090000	0,088038
22,100000	0,086763
22,110000	0,087400
22,120000	0,086126
22,130000	0,086126
22,140000	0,087400
22,150000	0,083576
22,160000	0,085488
22,170000	0,082301
22,180000	0,084213
22,190000	0,086126
22,200000	0,082301
22,210000	0,084851
22,220000	0,084851
22,230000	0,081027
22,240000	0,086763
22,250000	0,082939
22,260000	0,081664
22,270000	0,083576
22,280000	0,082939
22,290000	0,081027
22,300000	0,082939
22,310000	0,081664
22,320000	0,084213
22,330000	0,081027
22,340000	0,081027
22,350000	0,079752
22,360000	0,082301
22,370000	0,082939
22,380000	0,080389
22,390000	0,079114
22,400000	0,079752
22,410000	0,081664
22,420000	0,080389
22,430000	0,081027
22,440000	0,081027
22,450000	0,081027
22,460000	0,081027
22,470000	0,079752
22,480000	0,078477
22,490000	0,081027
22,500000	0,079114
22,510000	0,079752
22,520000	0,076565
22,530000	0,080389
22,540000	0,077840
22,550000	0,081664
22,560000	0,076565
22,570000	0,079752
22,580000	0,077202
22,590000	0,076565
22,600000	0,075928
22,610000	0,076565
22,620000	0,076565
22,630000	0,077202
22,640000	0,075928
22,650000	0,075928
22,660000	0,077202
22,670000	0,076565
22,680000	0,074653
22,690000	0,076565
22,700000	0,075928
22,710000	0,075928
22,720000	0,075928
22,730000	0,075928
22,740000	0,076565
22,750000	0,074016
22,760000	0,077840
22,770000	0,072103
22,780000	0,077202
22,790000	0,075928
22,800000	0,072741
22,810000	0,077202
22,820000	0,074016
22,830000	0,077202
22,840000	0,075290
22,850000	0,075290
22,860000	0,076565
22,870000	0,074016
22,880000	0,074653
22,890000	0,073378
22,900000	0,075928
22,910000	0,075290
22,920000	0,075290
22,930000	0,074016
22,940000	0,077202
22,950000	0,073378
22,960000	0,075290
22,970000	0,070829
22,980000	0,074653
22,990000	0,072741
23,000000	0,072741
23,010000	0,074653
23,020000	0,072103
23,030000	0,072741
23,040000	0,072103
23,050000	0,072741
23,060000	0,071466
23,070000	0,074653
23,080000	0,072103
23,090000	0,072103
23,100000	0,075928
23,110000	0,072741
23,120000	0,074016
23,130000	0,070191
23,140000	0,070829
23,150000	0,070829
23,160000	0,072103
23,170000	0,071466
23,180000	0,070191
23,190000	0,070829
23,200000	0,071466
23,210000	0,070829
23,220000	0,073378
23,230000	0,070191
23,240000	0,071466
23,250000	0,074016
23,260000	0,072103
23,270000	0,071466
23,280000	0,069554
23,290000	0,072103
23,300000	0,069554
23,310000	0,069554
23,320000	0,068917
23,330000	0,070829
23,340000	0,072103
23,350000	0,071466
23,360000	0,069554
23,370000	0,071466
23,380000	0,071466
23,390000	0,070829
23,400000	0,071466
23,410000	0,070191
23,420000	0,071466
23,430000	0,072103
23,440000	0,068279
23,450000	0,069554
23,460000	0,070191
23,470000	0,067642
23,480000	0,068917
23,490000	0,066367
23,500000	0,068917
23,510000	0,068917
23,520000	0,070191
23,530000	0,067642
23,540000	0,069554
23,550000	0,068279
23,560000	0,071466
23,570000	0,070191
23,580000	0,071466
23,590000	0,070191
23,600000	0,067005
23,610000	0,068917
23,620000	0,070829
23,630000	0,070829
23,640000	0,068279
23,650000	0,068917
23,660000	0,068917
23,670000	0,067642
23,680000	0,068279
23,690000	0,067642
23,700000	0,068917
23,710000	0,068917
23,720000	0,068917
23,730000	0,067642
23,740000	0,067005
23,750000	0,067642
23,760000	0,066367
23,770000	0,067642
23,780000	0,067005
23,790000	0,065092
23,800000	0,067642
23,810000	0,068917
23,820000	0,067642
23,830000	0,068917
23,840000	0,068917
23,850000	0,068279
23,860000	0,067642
23,870000	0,060631
23,880000	0,065730
23,890000	0,065730
23,900000	0,064455
23,910000	0,067005
23,920000	0,067642
23,930000	0,067642
23,940000	0,067642
23,950000	0,065730
23,960000	0,064455
23,970000	0,067642
23,980000	0,067642
23,990000	0,064455
24,000000	0,068917
24,010000	0,065730
24,020000	0,065092
24,030000	0,066367
24,040000	0,067005
24,050000	0,066367
24,060000	0,062543
24,070000	0,065730
24,080000	0,066367
24,090000	0,066367
24,100000	0,062543
24,110000	0,067005
24,120000	0,067005
24,130000	0,066367
24,140000	0,063180
24,150000	0,065730
24,160000	0,064455
24,170000	0,067005
24,180000	0,063180
24,190000	0,066367
24,200000	0,063818
24,210000	0,067642
24,220000	0,066367
24,230000	0,065092
24,240000	0,065730
24,250000	0,065730
24,260000	0,065092
24,270000	0,064455
24,280000	0,065730
24,290000	0,065092
24,300000	0,064455
24,310000	0,064455
24,320000	0,063818
24,330000	0,066367
24,340000	0,065730
24,350000	0,067005
24,360000	0,068917
24,370000	0,067642
24,380000	0,066367
24,390000	0,063818
24,400000	0,067642
24,410000	0,065730
24,420000	0,065092
24,430000	0,066367
24,440000	0,066367
24,450000	0,065730
24,460000	0,065092
24,470000	0,066367
24,480000	0,065092
24,490000	0,065730
24,500000	0,062543
24,510000	0,065092
24,520000	0,065092
24,530000	0,068279
24,540000	0,066367
24,550000	0,065730
24,560000	0,066367
24,570000	0,063818
24,580000	0,066367
24,590000	0,066367
24,600000	0,065730
24,610000	0,067005
24,620000	0,065730
24,630000	0,066367
24,640000	0,063180
24,650000	0,065092
24,660000	0,065092
24,670000	0,068917
24,680000	0,066367
24,690000	0,066367
24,700000	0,065092
24,710000	0,067642
24,720000	0,063180
24,730000	0,067642
24,740000	0,065092
24,750000	0,067005
24,760000	0,063180
24,770000	0,066367
24,780000	0,065092
24,790000	0,065730
24,800000	0,065092
24,810000	0,065092
24,820000	0,066367
24,830000	0,066367
24,840000	0,063818
24,850000	0,068279
24,860000	0,065730
24,870000	0,065730
24,880000	0,065730
24,890000	0,065092
24,900000	0,066367
24,910000	0,063818
24,920000	0,065730
24,930000	0,065730
24,940000	0,066367
24,950000	0,065730
24,960000	0,063818
24,970000	0,063818
24,980000	0,064455
24,990000	0,065730
25,000000	0,065092
25,010000	0,066367
25,020000	0,065092
25,030000	0,067005
25,040000	0,065092
25,050000	0,063818
25,060000	0,065730
25,070000	0,066367
25,080000	0,065092
25,090000	0,064455
25,100000	0,066367
25,110000	0,065730
25,120000	0,065730
25,130000	0,066367
25,140000	0,066367
25,150000	0,065730
25,160000	0,065730
25,170000	0,065092
25,180000	0,065730
25,190000	0,065730
25,200000	0,067005
25,210000	0,065092
25,220000	0,065730
25,230000	0,065730
25,240000	0,065730
25,250000	0,065730
25,260000	0,066367
25,270000	0,065092
25,280000	0,061906
25,290000	0,066367
25,300000	0,066367
25,310000	0,065730
25,320000	0,066367
25,330000	0,066367
25,340000	0,067005
25,350000	0,066367
25,360000	0,063818
25,370000	0,067005
25,380000	0,064455
25,390000	0,065730
25,400000	0,066367
25,410000	0,065092
25,420000	0,064455
25,430000	0,063818
25,440000	0,064455
25,450000	0,063180
25,460000	0,062543
25,470000	0,063180
25,480000	0,065092
25,490000	0,063180
25,500000	0,064455
25,510000	0,065092
25,520000	0,066367
25,530000	0,063818
25,540000	0,065092
25,550000	0,061906
25,560000	0,063180
25,570000	0,064455
25,580000	0,061268
25,590000	0,062543
25,600000	0,063818
25,610000	0,062543
25,620000	0,063818
25,630000	0,062543
25,640000	0,063818
25,650000	0,063818
25,660000	0,063180
25,670000	0,063180
25,680000	0,064455
25,690000	0,063818
25,700000	0,062543
25,710000	0,063818
25,720000	0,062543
25,730000	0,062543
25,740000	0,064455
25,750000	0,063818
25,760000	0,062543
25,770000	0,061906
25,780000	0,063180
25,790000	0,064455
25,800000	0,063180
25,810000	0,065092
25,820000	0,063818
25,830000	0,062543
25,840000	0,062543
25,850000	0,063180
25,860000	0,061906
25,870000	0,061268
25,880000	0,061268
25,890000	0,061268
25,900000	0,061268
25,910000	0,061906
25,920000	0,060631
25,930000	0,061906
25,940000	0,061906
25,950000	0,061906
25,960000	0,061268
25,970000	0,063180
25,980000	0,060631
25,990000	0,061268
26,000000	0,062543
26,010000	0,061268
26,020000	0,062543
26,030000	0,061268
26,040000	0,060631
26,050000	0,061268
26,060000	0,058719
26,070000	0,063180
26,080000	0,061268
26,090000	0,061906
26,100000	0,061906
26,110000	0,061906
26,120000	0,061268
26,130000	0,060631
26,140000	0,062543
26,150000	0,063818
26,160000	0,059356
26,170000	0,062543
26,180000	0,059994
26,190000	0,061268
26,200000	0,061268
26,210000	0,061268
26,220000	0,061268
26,230000	0,060631
26,240000	0,061268
26,250000	0,059356
26,260000	0,059356
26,270000	0,061268
26,280000	0,057444
26,290000	0,060631
26,300000	0,060631
26,310000	0,061268
26,320000	0,058719
26,330000	0,058719
26,340000	0,061906
26,350000	0,059994
26,360000	0,058719
26,370000	0,059994
26,380000	0,059356
26,390000	0,061906
26,400000	0,060631
26,410000	0,058719
26,420000	0,060631
26,430000	0,061268
26,440000	0,061268
26,450000	0,059994
26,460000	0,059356
26,470000	0,058719
26,480000	0,058719
26,490000	0,061268
26,500000	0,061906
26,510000	0,061906
26,520000	0,059994
26,530000	0,059994
26,540000	0,059994
26,550000	0,062543
26,560000	0,061268
26,570000	0,061906
26,580000	0,060631
26,590000	0,061906
26,600000	0,061268
26,610000	0,059356
26,620000	0,058719
26,630000	0,059994
26,640000	0,059994
26,650000	0,060631
26,660000	0,061268
26,670000	0,059356
26,680000	0,061268
26,690000	0,061906
26,700000	0,061268
26,710000	0,059356
26,720000	0,061268
26,730000	0,059994
26,740000	0,061268
26,750000	0,061268
26,760000	0,063180
26,770000	0,059994
26,780000	0,061906
26,790000	0,061268
26,800000	0,060631
26,810000	0,061268
26,820000	0,061906
26,830000	0,061268
26,840000	0,061268
26,850000	0,060631
26,860000	0,061906
26,870000	0,061906
26,880000	0,061906
26,890000	0,061906
26,900000	0,060631
26,910000	0,063818
26,920000	0,061268
26,930000	0,060631
26,940000	0,060631
26,950000	0,061268
26,960000	0,063818
26,970000	0,062543
26,980000	0,063180
26,990000	0,063180
27,000000	0,061906
27,010000	0,061268
27,020000	0,061268
27,030000	0,062543
27,040000	0,061268
27,050000	0,062543
27,060000	0,063818
27,070000	0,063180
27,080000	0,062543
27,090000	0,062543
27,100000	0,063180
27,110000	0,063818
27,120000	0,063180
27,130000	0,063180
27,140000	0,064455
27,150000	0,063180
27,160000	0,062543
27,170000	0,062543
27,180000	0,063180
27,190000	0,063180
27,200000	0,063180
27,210000	0,062543
27,220000	0,062543
27,230000	0,063818
27,240000	0,063818
27,250000	0,061268
27,260000	0,063818
27,270000	0,065730
27,280000	0,063180
27,290000	0,063180
27,300000	0,064455
27,310000	0,064455
27,320000	0,061906
27,330000	0,060631
27,340000	0,062543
27,350000	0,063818
27,360000	0,066367
27,370000	0,061906
27,380000	0,062543
27,390000	0,065092
27,400000	0,063818
27,410000	0,065730
27,420000	0,065730
27,430000	0,064455
27,440000	0,065730
27,450000	0,063818
27,460000	0,064455
27,470000	0,063180
27,480000	0,063180
27,490000	0,063818
27,500000	0,064455
27,510000	0,066367
27,520000	0,066367
27,530000	0,064455
27,540000	0,063818
27,550000	0,067005
27,560000	0,066367
27,570000	0,065092
27,580000	0,067005
27,590000	0,068279
27,600000	0,066367
27,610000	0,065730
27,620000	0,066367
27,630000	0,068917
27,640000	0,067005
27,650000	0,066367
27,660000	0,063818
27,670000	0,068279
27,680000	0,066367
27,690000	0,067642
27,700000	0,064455
27,710000	0,068917
27,720000	0,066367
27,730000	0,068917
27,740000	0,065730
27,750000	0,063818
27,760000	0,066367
27,770000	0,068279
27,780000	0,068279
27,790000	0,067642
27,800000	0,067642
27,810000	0,066367
27,820000	0,067005
27,830000	0,068917
27,840000	0,067642
27,850000	0,068917
27,860000	0,068917
27,870000	0,068279
27,880000	0,068917
27,890000	0,068279
27,900000	0,065730
27,910000	0,067005
27,920000	0,068917
27,930000	0,066367
27,940000	0,069554
27,950000	0,068917
27,960000	0,069554
27,970000	0,071466
27,980000	0,068917
27,990000	0,070191
28,000000	0,068917
28,010000	0,070829
28,020000	0,069554
28,030000	0,071466
28,040000	0,070191
28,050000	0,070829
28,060000	0,071466
28,070000	0,070191
28,080000	0,070191
28,090000	0,071466
28,100000	0,072103
28,110000	0,072741
28,120000	0,070191
28,130000	0,071466
28,140000	0,072103
28,150000	0,072103
28,160000	0,070191
28,170000	0,071466
28,180000	0,071466
28,190000	0,071466
28,200000	0,071466
28,210000	0,073378
28,220000	0,071466
28,230000	0,072103
28,240000	0,074016
28,250000	0,073378
28,260000	0,070829
28,270000	0,075928
28,280000	0,073378
28,290000	0,077202
28,300000	0,070829
28,310000	0,074653
28,320000	0,074016
28,330000	0,075928
28,340000	0,074016
28,350000	0,075928
28,360000	0,074016
28,370000	0,077840
28,380000	0,074653
28,390000	0,078477
28,400000	0,074653
28,410000	0,077840
28,420000	0,075290
28,430000	0,077202
28,440000	0,076565
28,450000	0,077202
28,460000	0,075290
28,470000	0,078477
28,480000	0,076565
28,490000	0,080389
28,500000	0,076565
28,510000	0,079114
28,520000	0,078477
28,530000	0,080389
28,540000	0,076565
28,550000	0,078477
28,560000	0,079114
28,570000	0,080389
28,580000	0,079114
28,590000	0,079752
28,600000	0,081027
28,610000	0,083576
28,620000	0,081664
28,630000	0,084213
28,640000	0,082939
28,650000	0,080389
28,660000	0,081027
28,670000	0,084213
28,680000	0,083576
28,690000	0,082301
28,700000	0,082939
28,710000	0,083576
28,720000	0,084851
28,730000	0,084213
28,740000	0,084213
28,750000	0,087400
28,760000	0,084851
28,770000	0,086763
28,780000	0,084851
28,790000	0,085488
28,800000	0,086763
28,810000	0,086763
28,820000	0,084851
28,830000	0,086763
28,840000	0,087400
28,850000	0,089312
28,860000	0,089312
28,870000	0,091224
28,880000	0,088038
28,890000	0,089950
28,900000	0,086763
28,910000	0,090587
28,920000	0,087400
28,930000	0,091224
28,940000	0,088675
28,950000	0,091224
28,960000	0,090587
28,970000	0,092499
28,980000	0,089312
28,990000	0,091862
29,000000	0,091862
29,010000	0,091862
29,020000	0,094411
29,030000	0,094411
29,040000	0,097598
29,050000	0,094411
29,060000	0,096323
29,070000	0,096961
29,080000	0,095686
29,090000	0,096323
29,100000	0,096961
29,110000	0,096961
29,120000	0,099510
29,130000	0,095049
29,140000	0,097598
29,150000	0,096961
29,160000	0,097598
29,170000	0,101422
29,180000	0,102060
29,190000	0,100785
29,200000	0,103334
29,210000	0,101422
29,220000	0,103334
29,230000	0,100148
29,240000	0,104609
29,250000	0,102060
29,260000	0,103334
29,270000	0,103972
29,280000	0,107159
29,290000	0,107159
29,300000	0,106521
29,310000	0,107796
29,320000	0,105884
29,330000	0,107159
29,340000	0,107796
29,350000	0,107159
29,360000	0,109708
29,370000	0,107159
29,380000	0,109708
29,390000	0,109071
29,400000	0,109071
29,410000	0,113532
29,420000	0,111620
29,430000	0,111620
29,440000	0,113532
29,450000	0,114807
29,460000	0,115444
29,470000	0,116719
29,480000	0,115444
29,490000	0,115444
29,500000	0,117994
29,510000	0,114807
29,520000	0,117994
29,530000	0,117994
29,540000	0,116082
29,550000	0,117356
29,560000	0,121181
29,570000	0,121818
29,580000	0,119269
29,590000	0,118631
29,600000	0,124367
29,610000	0,122455
29,620000	0,122455
29,630000	0,122455
29,640000	0,122455
29,650000	0,125005
29,660000	0,125642
29,670000	0,127554
29,680000	0,127554
29,690000	0,125005
29,700000	0,128192
29,710000	0,130741
29,720000	0,125005
29,730000	0,127554
29,740000	0,126280
29,750000	0,130741
29,760000	0,129466
29,770000	0,132016
29,780000	0,132016
29,790000	0,133928
29,800000	0,133928
29,810000	0,135203
29,820000	0,134565
29,830000	0,135840
29,840000	0,133291
29,850000	0,137752
29,860000	0,135840
29,870000	0,137752
29,880000	0,135840
29,890000	0,138390
29,900000	0,139027
29,910000	0,137115
29,920000	0,140939
29,930000	0,138390
29,940000	0,139027
29,950000	0,137752
29,960000	0,142851
29,970000	0,142214
29,980000	0,142851
29,990000	0,144763
30,000000	0,143488
30,010000	0,144763
30,020000	0,146038
30,030000	0,145401
30,040000	0,142851
30,050000	0,146038
30,060000	0,142851
30,070000	0,147313
30,080000	0,148587
30,090000	0,147950
30,100000	0,144763
30,110000	0,145401
30,120000	0,145401
30,130000	0,147313
30,140000	0,147950
30,150000	0,149862
30,160000	0,151137
30,170000	0,151774
30,180000	0,146038
30,190000	0,148587
30,200000	0,147950
30,210000	0,149225
30,220000	0,146038
30,230000	0,153049
30,240000	0,149225
30,250000	0,149862
30,260000	0,153049
30,270000	0,150499
30,280000	0,153049
30,290000	0,163884
30,300000	0,156236
30,310000	0,158148
30,320000	0,154324
30,330000	0,153686
30,340000	0,158148
30,350000	0,153049
30,360000	0,156236
30,370000	0,157511
30,380000	0,158148
30,390000	0,158785
30,400000	0,156236
30,410000	0,153686
30,420000	0,154961
30,430000	0,153686
30,440000	0,155598
30,450000	0,167071
30,460000	0,156873
30,470000	0,155598
30,480000	0,156873
30,490000	0,158148
30,500000	0,152412
30,510000	0,155598
30,520000	0,158785
30,530000	0,156236
30,540000	0,156873
30,550000	0,153686
30,560000	0,154961
30,570000	0,156236
30,580000	0,156873
30,590000	0,153686
30,600000	0,152412
30,610000	0,158785
30,620000	0,154324
30,630000	0,153686
30,640000	0,151774
30,650000	0,153049
30,660000	0,148587
30,670000	0,153686
30,680000	0,150499
30,690000	0,153049
30,700000	0,151137
30,710000	0,153049
30,720000	0,147950
30,730000	0,150499
30,740000	0,144126
30,750000	0,149862
30,760000	0,146675
30,770000	0,145401
30,780000	0,146038
30,790000	0,147313
30,800000	0,145401
30,810000	0,146038
30,820000	0,143488
30,830000	0,145401
30,840000	0,140302
30,850000	0,142214
30,860000	0,142851
30,870000	0,141576
30,880000	0,143488
30,890000	0,142214
30,900000	0,140302
30,910000	0,140302
30,920000	0,140939
30,930000	0,132653
30,940000	0,139027
30,950000	0,138390
30,960000	0,135840
30,970000	0,134565
30,980000	0,133291
30,990000	0,135840
31,000000	0,133291
31,010000	0,134565
31,020000	0,133291
31,030000	0,132653
31,040000	0,132653
31,050000	0,132016
31,060000	0,129466
31,070000	0,131379
31,080000	0,127554
31,090000	0,119906
31,100000	0,130741
31,110000	0,124367
31,120000	0,127554
31,130000	0,127554
31,140000	0,125642
31,150000	0,126917
31,160000	0,126917
31,170000	0,123730
31,180000	0,124367
31,190000	0,121818
31,200000	0,121181
31,210000	0,119906
31,220000	0,121181
31,230000	0,119269
31,240000	0,121181
31,250000	0,119269
31,260000	0,120543
31,270000	0,115444
31,280000	0,117356
31,290000	0,114170
31,300000	0,119269
31,310000	0,116082
31,320000	0,115444
31,330000	0,117356
31,340000	0,117994
31,350000	0,114807
31,360000	0,116719
31,370000	0,117356
31,380000	0,112895
31,390000	0,110983
31,400000	0,114170
31,410000	0,111620
31,420000	0,110983
31,430000	0,109708
31,440000	0,109071
31,450000	0,109708
31,460000	0,109708
31,470000	0,107796
31,480000	0,108433
31,490000	0,109708
31,500000	0,105884
31,510000	0,106521
31,520000	0,107796
31,530000	0,106521
31,540000	0,104609
31,550000	0,105884
31,560000	0,102060
31,570000	0,102060
31,580000	0,102060
31,590000	0,102060
31,600000	0,102697
31,610000	0,105884
31,620000	0,101422
31,630000	0,102060
31,640000	0,097598
31,650000	0,102060
31,660000	0,097598
31,670000	0,102060
31,680000	0,101422
31,690000	0,097598
31,700000	0,096323
31,710000	0,100148
31,720000	0,096961
31,730000	0,099510
31,740000	0,096961
31,750000	0,098235
31,760000	0,096323
31,770000	0,097598
31,780000	0,091224
31,790000	0,095049
31,800000	0,091862
31,810000	0,092499
31,820000	0,093774
31,830000	0,094411
31,840000	0,095686
31,850000	0,094411
31,860000	0,092499
31,870000	0,092499
31,880000	0,092499
31,890000	0,093774
31,900000	0,093774
31,910000	0,093137
31,920000	0,091862
31,930000	0,088038
31,940000	0,088038
31,950000	0,088675
31,960000	0,089312
31,970000	0,088675
31,980000	0,088038
31,990000	0,087400
32,000000	0,088038
32,010000	0,089950
32,020000	0,088038
32,030000	0,089312
32,040000	0,088675
32,050000	0,087400
32,060000	0,086763
32,070000	0,089312
32,080000	0,087400
32,090000	0,080389
32,100000	0,086126
32,110000	0,086126
32,120000	0,086763
32,130000	0,085488
32,140000	0,086126
32,150000	0,085488
32,160000	0,086126
32,170000	0,083576
32,180000	0,084213
32,190000	0,084851
32,200000	0,084851
32,210000	0,084213
32,220000	0,081664
32,230000	0,083576
32,240000	0,084213
32,250000	0,081664
32,260000	0,082301
32,270000	0,082939
32,280000	0,082939
32,290000	0,080389
32,300000	0,080389
32,310000	0,082301
32,320000	0,079114
32,330000	0,081664
32,340000	0,080389
32,350000	0,079752
32,360000	0,080389
32,370000	0,080389
32,380000	0,080389
32,390000	0,079752
32,400000	0,081027
32,410000	0,079752
32,420000	0,077840
32,430000	0,077840
32,440000	0,077840
32,450000	0,076565
32,460000	0,079752
32,470000	0,079114
32,480000	0,077202
32,490000	0,080389
32,500000	0,076565
32,510000	0,075928
32,520000	0,077840
32,530000	0,077840
32,540000	0,078477
32,550000	0,075928
32,560000	0,079114
32,570000	0,076565
32,580000	0,078477
32,590000	0,074016
32,600000	0,078477
32,610000	0,080389
32,620000	0,076565
32,630000	0,077840
32,640000	0,075928
32,650000	0,074653
32,660000	0,074016
32,670000	0,073378
32,680000	0,076565
32,690000	0,076565
32,700000	0,072741
32,710000	0,075928
32,720000	0,074016
32,730000	0,074653
32,740000	0,074653
32,750000	0,075290
32,760000	0,075928
32,770000	0,082301
32,780000	0,071466
32,790000	0,072103
32,800000	0,073378
32,810000	0,072103
32,820000	0,072741
32,830000	0,074653
32,840000	0,075290
32,850000	0,073378
32,860000	0,070191
32,870000	0,076565
32,880000	0,073378
32,890000	0,072103
32,900000	0,071466
32,910000	0,073378
32,920000	0,071466
32,930000	0,066367
32,940000	0,071466
32,950000	0,071466
32,960000	0,068917
32,970000	0,072103
32,980000	0,071466
32,990000	0,070191
33,000000	0,071466
33,010000	0,070829
33,020000	0,072103
33,030000	0,071466
33,040000	0,070829
33,050000	0,071466
33,060000	0,070829
33,070000	0,072741
33,080000	0,070191
33,090000	0,068917
33,100000	0,068917
33,110000	0,072103
33,120000	0,070829
33,130000	0,071466
33,140000	0,070191
33,150000	0,072741
33,160000	0,069554
33,170000	0,071466
33,180000	0,068279
33,190000	0,070191
33,200000	0,070829
33,210000	0,070829
33,220000	0,070829
33,230000	0,066367
33,240000	0,068279
33,250000	0,062543
33,260000	0,068279
33,270000	0,068917
33,280000	0,069554
33,290000	0,068917
33,300000	0,068917
33,310000	0,070191
33,320000	0,069554
33,330000	0,070191
33,340000	0,068917
33,350000	0,067642
33,360000	0,067005
33,370000	0,070191
33,380000	0,067005
33,390000	0,067642
33,400000	0,065730
33,410000	0,067642
33,420000	0,068279
33,430000	0,068917
33,440000	0,068917
33,450000	0,068917
33,460000	0,065730
33,470000	0,067005
33,480000	0,068279
33,490000	0,066367
33,500000	0,068917
33,510000	0,063818
33,520000	0,063818
33,530000	0,067642
33,540000	0,065092
33,550000	0,068279
33,560000	0,067005
33,570000	0,066367
33,580000	0,066367
33,590000	0,065730
33,600000	0,066367
33,610000	0,066367
33,620000	0,065092
33,630000	0,068917
33,640000	0,068279
33,650000	0,066367
33,660000	0,064455
33,670000	0,067642
33,680000	0,067005
33,690000	0,067642
33,700000	0,066367
33,710000	0,065730
33,720000	0,065092
33,730000	0,066367
33,740000	0,063818
33,750000	0,065730
33,760000	0,065730
33,770000	0,063818
33,780000	0,065092
33,790000	0,065730
33,800000	0,067642
33,810000	0,066367
33,820000	0,065730
33,830000	0,067005
33,840000	0,066367
33,850000	0,067005
33,860000	0,065092
33,870000	0,066367
33,880000	0,067642
33,890000	0,064455
33,900000	0,065730
33,910000	0,063180
33,920000	0,068279
33,930000	0,064455
33,940000	0,063818
33,950000	0,066367
33,960000	0,063818
33,970000	0,060631
33,980000	0,065730
33,990000	0,066367
34,000000	0,068279
34,010000	0,065730
34,020000	0,065092
34,030000	0,063818
34,040000	0,065092
34,050000	0,070191
34,060000	0,067642
34,070000	0,065092
34,080000	0,065730
34,090000	0,059356
34,100000	0,063180
34,110000	0,063818
34,120000	0,059356
34,130000	0,065092
34,140000	0,062543
34,150000	0,061906
34,160000	0,065092
34,170000	0,061268
34,180000	0,065730
34,190000	0,066367
34,200000	0,066367
34,210000	0,058719
34,220000	0,062543
34,230000	0,062543
34,240000	0,067005
34,250000	0,063818
34,260000	0,063180
34,270000	0,070191
34,280000	0,061906
34,290000	0,065730
34,300000	0,058719
34,310000	0,067642
34,320000	0,063818
34,330000	0,073378
34,340000	0,066367
34,350000	0,063180
34,360000	0,069554
34,370000	0,065092
34,380000	0,066367
34,390000	0,050433
34,400000	0,067642
34,410000	0,063180
34,420000	0,044059
34,430000	0,058081
34,440000	0,063818
34,450000	0,090587
34,460000	0,061268
34,470000	0,063180
34,480000	0,088038
34,490000	0,065730
34,500000	0,063818
34,510000	0,076565
34,520000	0,060631
34,530000	0,068279
34,540000	0,046609
34,550000	0,069554
34,560000	0,063818
34,570000	0,056169
34,580000	0,063180
34,590000	0,061268
34,600000	0,059356
34,610000	0,061906
34,620000	0,061906
34,630000	0,061268
34,640000	0,061906
34,650000	0,063818
34,660000	0,065730
34,670000	0,063180
34,680000	0,061906
34,690000	0,062543
34,700000	0,064455
34,710000	0,063180
34,720000	0,065730
34,730000	0,061268
34,740000	0,060631
34,750000	0,063180
34,760000	0,064455
34,770000	0,061906
34,780000	0,065092
34,790000	0,063818
34,800000	0,065092
34,810000	0,063818
34,820000	0,063180
34,830000	0,064455
34,840000	0,064455
34,850000	0,064455
34,860000	0,063818
34,870000	0,063180
34,880000	0,065092
34,890000	0,060631
34,900000	0,063818
34,910000	0,058081
34,920000	0,058081
34,930000	0,062543
34,940000	0,052982
34,950000	0,060631
34,960000	0,061906
34,970000	0,057444
34,980000	0,067005
34,990000	0,063180
35,000000	0,063180
35,010000	0,057444
35,020000	0,056807
35,030000	0,068279
35,040000	0,066367
35,050000	0,054895
35,060000	0,067005
35,070000	0,056169
35,080000	0,072103
35,090000	0,064455
35,100000	0,066367
35,110000	0,074653
35,120000	0,065730
35,130000	0,070191
35,140000	0,063818
35,150000	0,061268
35,160000	0,051070
35,170000	0,056169
35,180000	0,064455
35,190000	0,065092
35,200000	0,050433
35,210000	0,062543
35,220000	0,068279
35,230000	0,055532
35,240000	0,064455
35,250000	0,061268
35,260000	0,077202
35,270000	0,063180
35,280000	0,062543
35,290000	0,084213
35,300000	0,062543
35,310000	0,064455
35,320000	0,045334
35,330000	0,066367
35,340000	0,063180
35,350000	0,033862
35,360000	0,063180
35,370000	0,063818
35,380000	0,042785
35,390000	0,061906
35,400000	0,065730
35,410000	0,079114
35,420000	0,064455
35,430000	0,063180
35,440000	0,068279
35,450000	0,061268
35,460000	0,059994
35,470000	0,061906
35,480000	0,061268
35,490000	0,063180
35,500000	0,063818
35,510000	0,065730
35,520000	0,061268
35,530000	0,064455
35,540000	0,065092
35,550000	0,063180
35,560000	0,063818
35,570000	0,061906
35,580000	0,062543
35,590000	0,066367
35,600000	0,059356
35,610000	0,064455
35,620000	0,063818
35,630000	0,059994
35,640000	0,057444
35,650000	0,063180
35,660000	0,060631
35,670000	0,065092
35,680000	0,058081
35,690000	0,058719
35,700000	0,054895
35,710000	0,059356
35,720000	0,056807
35,730000	0,063818
35,740000	0,062543
35,750000	0,061906
35,760000	0,064455
35,770000	0,065092
35,780000	0,062543
35,790000	0,062543
35,800000	0,063818
35,810000	0,064455
35,820000	0,065730
35,830000	0,063180
35,840000	0,063180
35,850000	0,057444
35,860000	0,053620
35,870000	0,058081
35,880000	0,053620
35,890000	0,056807
35,900000	0,059994
35,910000	0,059994
35,920000	0,056807
35,930000	0,069554
35,940000	0,059356
35,950000	0,052982
35,960000	0,054257
35,970000	0,058719
35,980000	0,049158
35,990000	0,051070
36,000000	0,055532
36,010000	0,065730
36,020000	0,066367
36,030000	0,061268
36,040000	0,057444
36,050000	0,052345
36,060000	0,061268
36,070000	0,064455
36,080000	0,068917
36,090000	0,059356
36,100000	0,054895
36,110000	0,071466
36,120000	0,053620
36,130000	0,059356
36,140000	0,051070
36,150000	0,067005
36,160000	0,061268
36,170000	0,062543
36,180000	0,066367
36,190000	0,056807
36,200000	0,064455
36,210000	0,049796
36,220000	0,059356
36,230000	0,057444
36,240000	0,049796
36,250000	0,058081
36,260000	0,057444
36,270000	0,082939
36,280000	0,057444
36,290000	0,054895
36,300000	0,042785
36,310000	0,058719
36,320000	0,058081
36,330000	0,056807
36,340000	0,058719
36,350000	0,053620
36,360000	0,060631
36,370000	0,059356
36,380000	0,055532
36,390000	0,057444
36,400000	0,057444
36,410000	0,063180
36,420000	0,063180
36,430000	0,053620
36,440000	0,060631
36,450000	0,059356
36,460000	0,058081
36,470000	0,056169
36,480000	0,057444
36,490000	0,063180
36,500000	0,055532
36,510000	0,059994
36,520000	0,058719
36,530000	0,067642
36,540000	0,058081
36,550000	0,056169
36,560000	0,060631
36,570000	0,061268
36,580000	0,061268
36,590000	0,056807
36,600000	0,059356
36,610000	0,065730
36,620000	0,059994
36,630000	0,057444
36,640000	0,059994
36,650000	0,058719
36,660000	0,057444
36,670000	0,061268
36,680000	0,052345
36,690000	0,061906
36,700000	0,057444
36,710000	0,059994
36,720000	0,065730
36,730000	0,054895
36,740000	0,062543
36,750000	0,056807
36,760000	0,065730
36,770000	0,063818
36,780000	0,052345
36,790000	0,058081
36,800000	0,063180
36,810000	0,065730
36,820000	0,065730
36,830000	0,059994
36,840000	0,059994
36,850000	0,068279
36,860000	0,060631
36,870000	0,058719
36,880000	0,068917
36,890000	0,056169
36,900000	0,058719
36,910000	0,051070
36,920000	0,058081
36,930000	0,059356
36,940000	0,065730
36,950000	0,066367
36,960000	0,060631
36,970000	0,071466
36,980000	0,067005
36,990000	0,058719
37,000000	0,068917
37,010000	0,038323
37,020000	0,061268
37,030000	0,059356
37,040000	0,032587
37,050000	0,060631
37,060000	0,061906
37,070000	0,033862
37,080000	0,061906
37,090000	0,059994
37,100000	0,061268
37,110000	0,059356
37,120000	0,060631
37,130000	0,066367
37,140000	0,060631
37,150000	0,059994
37,160000	0,059356
37,170000	0,061268
37,180000	0,061268
37,190000	0,061268
37,200000	0,058719
37,210000	0,063180
37,220000	0,061268
37,230000	0,061906
37,240000	0,059356
37,250000	0,061906
37,260000	0,061906
37,270000	0,061268
37,280000	0,061268
37,290000	0,061906
37,300000	0,061268
37,310000	0,063180
37,320000	0,061268
37,330000	0,062543
37,340000	0,060631
37,350000	0,060631
37,360000	0,065092
37,370000	0,063818
37,380000	0,068917
37,390000	0,060631
37,400000	0,060631
37,410000	0,066367
37,420000	0,064455
37,430000	0,061906
37,440000	0,062543
37,450000	0,061268
37,460000	0,060631
37,470000	0,061268
37,480000	0,064455
37,490000	0,066367
37,500000	0,063180
37,510000	0,068279
37,520000	0,065092
37,530000	0,067005
37,540000	0,071466
37,550000	0,058081
37,560000	0,059356
37,570000	0,068917
37,580000	0,061906
37,590000	0,065730
37,600000	0,058081
37,610000	0,064455
37,620000	0,068917
37,630000	0,059356
37,640000	0,067642
37,650000	0,065730
37,660000	0,065092
37,670000	0,063180
37,680000	0,059994
37,690000	0,067005
37,700000	0,066367
37,710000	0,054895
37,720000	0,067005
37,730000	0,067005
37,740000	0,072103
37,750000	0,075928
37,760000	0,068917
37,770000	0,058081
37,780000	0,077202
37,790000	0,067005
37,800000	0,073378
37,810000	0,059994
37,820000	0,068279
37,830000	0,069554
37,840000	0,050433
37,850000	0,067642
37,860000	0,065730
37,870000	0,067005
37,880000	0,067005
37,890000	0,067642
37,900000	0,093137
37,910000	0,067005
37,920000	0,067005
37,930000	0,079752
37,940000	0,066367
37,950000	0,065092
37,960000	0,056169
37,970000	0,068917
37,980000	0,069554
37,990000	0,067005
38,000000	0,068279
38,010000	0,068917
38,020000	0,068279
38,030000	0,065730
38,040000	0,070191
38,050000	0,069554
38,060000	0,070191
38,070000	0,070829
38,080000	0,068279
38,090000	0,068917
38,100000	0,068279
38,110000	0,072103
38,120000	0,070829
38,130000	0,071466
38,140000	0,072103
38,150000	0,069554
38,160000	0,068279
38,170000	0,069554
38,180000	0,070191
38,190000	0,072103
38,200000	0,068279
38,210000	0,072103
38,220000	0,074016
38,230000	0,074653
38,240000	0,073378
38,250000	0,070191
38,260000	0,068917
38,270000	0,077202
38,280000	0,070191
38,290000	0,072741
38,300000	0,076565
38,310000	0,076565
38,320000	0,071466
38,330000	0,068917
38,340000	0,074653
38,350000	0,072103
38,360000	0,071466
38,370000	0,073378
38,380000	0,077202
38,390000	0,078477
38,400000	0,071466
38,410000	0,074016
38,420000	0,084213
38,430000	0,077202
38,440000	0,080389
38,450000	0,081027
38,460000	0,079752
38,470000	0,077840
38,480000	0,080389
38,490000	0,065730
38,500000	0,076565
38,510000	0,073378
38,520000	0,091862
38,530000	0,078477
38,540000	0,072741
38,550000	0,083576
38,560000	0,079752
38,570000	0,067005
38,580000	0,068917
38,590000	0,078477
38,600000	0,073378
38,610000	0,061268
38,620000	0,076565
38,630000	0,080389
38,640000	0,081664
38,650000	0,075290
38,660000	0,080389
38,670000	0,098235
38,680000	0,075290
38,690000	0,079752
38,700000	0,091862
38,710000	0,082301
38,720000	0,086126
38,730000	0,085488
38,740000	0,089312
38,750000	0,082301
38,760000	0,084213
38,770000	0,059994
38,780000	0,085488
38,790000	0,084851
38,800000	0,099510
38,810000	0,082939
38,820000	0,084851
38,830000	0,105246
38,840000	0,086763
38,850000	0,086763
38,860000	0,101422
38,870000	0,086763
38,880000	0,089312
38,890000	0,084851
38,900000	0,087400
38,910000	0,088038
38,920000	0,087400
38,930000	0,090587
38,940000	0,092499
38,950000	0,090587
38,960000	0,089312
38,970000	0,088038
38,980000	0,090587
38,990000	0,091224
39,000000	0,093774
39,010000	0,090587
39,020000	0,086763
39,030000	0,094411
39,040000	0,091862
39,050000	0,092499
39,060000	0,093774
39,070000	0,092499
39,080000	0,099510
39,090000	0,101422
39,100000	0,096961
39,110000	0,096961
39,120000	0,092499
39,130000	0,103972
39,140000	0,098235
39,150000	0,098235
39,160000	0,102060
39,170000	0,095686
39,180000	0,100148
39,190000	0,105884
39,200000	0,099510
39,210000	0,099510
39,220000	0,102697
39,230000	0,103972
39,240000	0,107159
39,250000	0,096323
39,260000	0,101422
39,270000	0,107796
39,280000	0,093137
39,290000	0,105246
39,300000	0,102060
39,310000	0,107159
39,320000	0,099510
39,330000	0,100785
39,340000	0,098873
39,350000	0,117994
39,360000	0,106521
39,370000	0,119906
39,380000	0,123730
39,390000	0,106521
39,400000	0,102060
39,410000	0,112895
39,420000	0,109708
39,430000	0,123730
39,440000	0,109071
39,450000	0,116082
39,460000	0,119906
39,470000	0,133291
39,480000	0,112258
39,490000	0,116719
39,500000	0,124367
39,510000	0,110345
39,520000	0,115444
39,530000	0,095686
39,540000	0,118631
39,550000	0,114807
39,560000	0,110983
39,570000	0,117994
39,580000	0,120543
39,590000	0,159423
39,600000	0,119269
39,610000	0,116719
39,620000	0,117994
39,630000	0,117356
39,640000	0,122455
39,650000	0,121818
39,660000	0,105246
39,670000	0,122455
39,680000	0,126280
39,690000	0,102060
39,700000	0,126280
39,710000	0,125005
39,720000	0,125642
39,730000	0,130104
39,740000	0,129466
39,750000	0,133928
39,760000	0,130104
39,770000	0,128192
39,780000	0,130741
39,790000	0,130741
39,800000	0,132016
39,810000	0,132653
39,820000	0,137115
39,830000	0,132016
39,840000	0,131379
39,850000	0,137115
39,860000	0,132653
39,870000	0,138390
39,880000	0,138390
39,890000	0,141576
39,900000	0,135203
39,910000	0,145401
39,920000	0,137752
39,930000	0,133291
39,940000	0,133928
39,950000	0,135840
39,960000	0,133928
39,970000	0,140302
39,980000	0,146038
39,990000	0,144763
40,000000	0,143488
40,010000	0,142851
40,020000	0,140302
40,030000	0,137752
40,040000	0,141576
40,050000	0,144763
40,060000	0,143488
40,070000	0,146675
40,080000	0,144126
40,090000	0,145401
40,100000	0,146675
40,110000	0,147950
40,120000	0,145401
40,130000	0,147950
40,140000	0,147950
40,150000	0,147313
40,160000	0,148587
40,170000	0,146038
40,180000	0,148587
40,190000	0,146675
40,200000	0,148587
40,210000	0,151137
40,220000	0,146038
40,230000	0,150499
40,240000	0,144763
40,250000	0,153686
40,260000	0,147950
40,270000	0,151137
40,280000	0,150499
40,290000	0,151774
40,300000	0,153049
40,310000	0,152412
40,320000	0,152412
40,330000	0,153049
40,340000	0,149862
40,350000	0,153049
40,360000	0,154324
40,370000	0,147950
40,380000	0,154961
40,390000	0,147950
40,400000	0,151774
40,410000	0,151774
40,420000	0,153686
40,430000	0,151137
40,440000	0,154961
40,450000	0,151774
40,460000	0,154324
40,470000	0,151774
40,480000	0,150499
40,490000	0,151774
40,500000	0,153686
40,510000	0,155598
40,520000	0,151774
40,530000	0,154961
40,540000	0,158148
40,550000	0,157511
40,560000	0,149862
40,570000	0,154961
40,580000	0,151774
40,590000	0,152412
40,600000	0,153686
40,610000	0,152412
40,620000	0,149225
40,630000	0,153686
40,640000	0,149225
40,650000	0,151137
40,660000	0,153686
40,670000	0,146675
40,680000	0,145401
40,690000	0,151137
40,700000	0,151137
40,710000	0,149225
40,720000	0,145401
40,730000	0,147950
40,740000	0,146038
40,750000	0,147950
40,760000	0,149225
40,770000	0,142851
40,780000	0,148587
40,790000	0,146675
40,800000	0,142214
40,810000	0,144763
40,820000	0,146038
40,830000	0,143488
40,840000	0,146038
40,850000	0,143488
40,860000	0,142214
40,870000	0,140302
40,880000	0,137752
40,890000	0,139664
40,900000	0,139664
40,910000	0,144126
40,920000	0,138390
40,930000	0,138390
40,940000	0,137752
40,950000	0,136477
40,960000	0,133291
40,970000	0,135840
40,980000	0,131379
40,990000	0,133928
41,000000	0,133928
41,010000	0,137752
41,020000	0,135203
41,030000	0,132016
41,040000	0,126917
41,050000	0,128192
41,060000	0,132016
41,070000	0,131379
41,080000	0,128192
41,090000	0,130104
41,100000	0,129466
41,110000	0,126280
41,120000	0,125005
41,130000	0,130104
41,140000	0,125005
41,150000	0,129466
41,160000	0,121818
41,170000	0,126917
41,180000	0,123093
41,190000	0,125642
41,200000	0,121818
41,210000	0,119906
41,220000	0,120543
41,230000	0,125005
41,240000	0,122455
41,250000	0,123730
41,260000	0,117356
41,270000	0,119269
41,280000	0,117356
41,290000	0,116082
41,300000	0,114170
41,310000	0,120543
41,320000	0,114170
41,330000	0,114807
41,340000	0,116082
41,350000	0,114170
41,360000	0,113532
41,370000	0,114807
41,380000	0,114170
41,390000	0,112258
41,400000	0,112258
41,410000	0,112258
41,420000	0,111620
41,430000	0,110983
41,440000	0,110345
41,450000	0,107796
41,460000	0,109708
41,470000	0,109708
41,480000	0,107159
41,490000	0,109708
41,500000	0,108433
41,510000	0,103972
41,520000	0,109071
41,530000	0,107159
41,540000	0,108433
41,550000	0,102697
41,560000	0,103972
41,570000	0,103972
41,580000	0,107159
41,590000	0,102060
41,600000	0,102060
41,610000	0,099510
41,620000	0,102060
41,630000	0,100148
41,640000	0,100148
41,650000	0,099510
41,660000	0,096961
41,670000	0,097598
41,680000	0,100785
41,690000	0,098873
41,700000	0,099510
41,710000	0,098873
41,720000	0,097598
41,730000	0,098235
41,740000	0,099510
41,750000	0,096961
41,760000	0,097598
41,770000	0,095686
41,780000	0,093137
41,790000	0,095686
41,800000	0,091862
41,810000	0,095686
41,820000	0,096961
41,830000	0,090587
41,840000	0,094411
41,850000	0,092499
41,860000	0,095049
41,870000	0,091224
41,880000	0,091862
41,890000	0,089312
41,900000	0,093774
41,910000	0,091862
41,920000	0,089950
41,930000	0,089312
41,940000	0,093774
41,950000	0,089312
41,960000	0,089950
41,970000	0,089312
41,980000	0,089312
41,990000	0,087400
42,000000	0,089312
42,010000	0,087400
42,020000	0,088675
42,030000	0,089950
42,040000	0,091862
42,050000	0,088038
42,060000	0,085488
42,070000	0,086763
42,080000	0,082939
42,090000	0,086763
42,100000	0,085488
42,110000	0,084213
42,120000	0,088675
42,130000	0,084213
42,140000	0,086763
42,150000	0,081664
42,160000	0,084851
42,170000	0,084213
42,180000	0,084213
42,190000	0,082939
42,200000	0,085488
42,210000	0,082939
42,220000	0,082939
42,230000	0,083576
42,240000	0,082301
42,250000	0,082301
42,260000	0,081027
42,270000	0,081664
42,280000	0,081664
42,290000	0,081664
42,300000	0,082301
42,310000	0,079752
42,320000	0,081027
42,330000	0,080389
42,340000	0,079114
42,350000	0,080389
42,360000	0,081027
42,370000	0,080389
42,380000	0,078477
42,390000	0,080389
42,400000	0,080389
42,410000	0,078477
42,420000	0,078477
42,430000	0,078477
42,440000	0,077840
42,450000	0,081027
42,460000	0,080389
42,470000	0,075928
42,480000	0,076565
42,490000	0,077202
42,500000	0,078477
42,510000	0,075290
42,520000	0,076565
42,530000	0,076565
42,540000	0,075928
42,550000	0,076565
42,560000	0,077840
42,570000	0,076565
42,580000	0,075928
42,590000	0,074016
42,600000	0,075928
42,610000	0,074016
42,620000	0,074653
42,630000	0,076565
42,640000	0,074653
42,650000	0,075290
42,660000	0,075928
42,670000	0,074016
42,680000	0,074016
42,690000	0,073378
42,700000	0,073378
42,710000	0,071466
42,720000	0,070829
42,730000	0,071466
42,740000	0,072741
42,750000	0,071466
42,760000	0,074016
42,770000	0,070829
42,780000	0,071466
42,790000	0,072741
42,800000	0,075290
42,810000	0,076565
42,820000	0,072741
42,830000	0,074016
42,840000	0,072103
42,850000	0,072741
42,860000	0,073378
42,870000	0,068917
42,880000	0,072103
42,890000	0,070829
42,900000	0,068279
42,910000	0,074016
42,920000	0,071466
42,930000	0,070191
42,940000	0,069554
42,950000	0,070191
42,960000	0,070191
42,970000	0,069554
42,980000	0,070191
42,990000	0,071466
43,000000	0,071466
43,010000	0,071466
43,020000	0,070829
43,030000	0,072103
43,040000	0,071466
43,050000	0,071466
43,060000	0,072741
43,070000	0,068279
43,080000	0,068279
43,090000	0,068279
43,100000	0,071466
43,110000	0,071466
43,120000	0,069554
43,130000	0,069554
43,140000	0,071466
43,150000	0,070829
43,160000	0,068279
43,170000	0,070191
43,180000	0,070191
43,190000	0,070829
43,200000	0,067642
43,210000	0,067005
43,220000	0,068279
43,230000	0,068917
43,240000	0,069554
43,250000	0,068917
43,260000	0,067005
43,270000	0,070829
43,280000	0,070191
43,290000	0,068279
43,300000	0,068279
43,310000	0,068917
43,320000	0,068917
43,330000	0,067005
43,340000	0,069554
43,350000	0,065730
43,360000	0,065730
43,370000	0,066367
43,380000	0,068279
43,390000	0,068917
43,400000	0,066367
43,410000	0,067005
43,420000	0,064455
43,430000	0,068279
43,440000	0,068917
43,450000	0,066367
43,460000	0,065730
43,470000	0,067005
43,480000	0,066367
43,490000	0,068279
43,500000	0,065730
43,510000	0,065730
43,520000	0,065730
43,530000	0,066367
43,540000	0,066367
43,550000	0,068279
43,560000	0,066367
43,570000	0,063818
43,580000	0,065092
43,590000	0,067005
43,600000	0,065092
43,610000	0,065092
43,620000	0,065092
43,630000	0,066367
43,640000	0,066367
43,650000	0,067005
43,660000	0,067642
43,670000	0,064455
43,680000	0,066367
43,690000	0,066367
43,700000	0,063818
43,710000	0,063180
43,720000	0,065092
43,730000	0,064455
43,740000	0,065092
43,750000	0,063818
43,760000	0,067005
43,770000	0,067642
43,780000	0,064455
43,790000	0,063180
43,800000	0,064455
43,810000	0,063180
43,820000	0,063818
43,830000	0,063180
43,840000	0,065092
43,850000	0,061268
43,860000	0,067005
43,870000	0,065092
43,880000	0,065092
43,890000	0,061906
43,900000	0,063180
43,910000	0,065092
43,920000	0,064455
43,930000	0,063818
43,940000	0,063818
43,950000	0,064455
43,960000	0,065730
43,970000	0,063818
43,980000	0,065730
43,990000	0,063818
44,000000	0,060631
44,010000	0,063180
44,020000	0,064455
44,030000	0,067005
44,040000	0,063818
44,050000	0,061268
44,060000	0,061268
44,070000	0,065092
44,080000	0,065092
44,090000	0,065092
44,100000	0,066367
44,110000	0,065092
44,120000	0,061906
44,130000	0,062543
44,140000	0,061268
44,150000	0,063180
44,160000	0,064455
44,170000	0,063180
44,180000	0,063818
44,190000	0,063180
44,200000	0,064455
44,210000	0,063818
44,220000	0,063180
44,230000	0,065092
44,240000	0,065730
44,250000	0,064455
44,260000	0,064455
44,270000	0,063818
44,280000	0,061906
44,290000	0,061268
44,300000	0,061268
44,310000	0,061268
44,320000	0,061268
44,330000	0,065730
44,340000	0,064455
44,350000	0,061906
44,360000	0,061906
44,370000	0,061906
44,380000	0,063180
44,390000	0,061268
44,400000	0,061268
44,410000	0,061906
44,420000	0,063818
44,430000	0,062543
44,440000	0,061906
44,450000	0,060631
44,460000	0,061906
44,470000	0,063180
44,480000	0,061268
44,490000	0,061906
44,500000	0,061906
44,510000	0,062543
44,520000	0,063180
44,530000	0,058719
44,540000	0,061906
44,550000	0,061268
44,560000	0,063180
44,570000	0,064455
44,580000	0,064455
44,590000	0,061268
44,600000	0,062543
44,610000	0,061906
44,620000	0,059994
44,630000	0,062543
44,640000	0,061268
44,650000	0,063818
44,660000	0,061268
44,670000	0,061268
44,680000	0,061268
44,690000	0,063818
44,700000	0,063818
44,710000	0,062543
44,720000	0,061906
44,730000	0,061268
44,740000	0,061906
44,750000	0,063180
44,760000	0,061268
44,770000	0,060631
44,780000	0,061268
44,790000	0,062543
44,800000	0,061268
44,810000	0,061268
44,820000	0,061906
44,830000	0,061268
44,840000	0,061268
44,850000	0,058719
44,860000	0,061906
44,870000	0,061268
44,880000	0,060631
44,890000	0,062543
44,900000	0,061906
44,910000	0,060631
44,920000	0,060631
44,930000	0,059994
44,940000	0,060631
44,950000	0,061268
44,960000	0,063180
44,970000	0,061906
44,980000	0,061906
44,990000	0,057444
45,000000	0,063180
45,010000	0,062543
45,020000	0,063180
45,030000	0,061268
45,040000	0,061268
45,050000	0,060631
45,060000	0,061268
45,070000	0,061906
45,080000	0,063180
45,090000	0,060631
45,100000	0,062543
45,110000	0,060631
45,120000	0,061906
45,130000	0,062543
45,140000	0,062543
45,150000	0,065092
45,160000	0,062543
45,170000	0,061906
45,180000	0,061906
45,190000	0,060631
45,200000	0,061268
45,210000	0,059994
45,220000	0,061268
45,230000	0,061268
45,240000	0,060631
45,250000	0,063180
45,260000	0,063818
45,270000	0,061906
45,280000	0,062543
45,290000	0,062543
45,300000	0,063180
45,310000	0,061906
45,320000	0,061906
45,330000	0,061268
45,340000	0,061268
45,350000	0,060631
45,360000	0,063818
45,370000	0,061906
45,380000	0,063818
45,390000	0,062543
45,400000	0,063180
45,410000	0,059356
45,420000	0,062543
45,430000	0,059994
45,440000	0,061906
45,450000	0,062543
45,460000	0,060631
45,470000	0,061906
45,480000	0,059994
45,490000	0,059356
45,500000	0,061268
45,510000	0,063180
45,520000	0,063180
45,530000	0,060631
45,540000	0,060631
45,550000	0,061268
45,560000	0,059994
45,570000	0,061268
45,580000	0,060631
45,590000	0,059356
45,600000	0,059356
45,610000	0,061906
45,620000	0,059356
45,630000	0,061268
45,640000	0,061268
45,650000	0,062543
45,660000	0,060631
45,670000	0,059356
45,680000	0,058081
45,690000	0,058719
45,700000	0,062543
45,710000	0,059994
45,720000	0,059994
45,730000	0,061268
45,740000	0,061268
45,750000	0,059994
45,760000	0,058719
45,770000	0,058719
45,780000	0,061268
45,790000	0,061268
45,800000	0,059994
45,810000	0,059994
45,820000	0,058719
45,830000	0,058719
45,840000	0,061906
45,850000	0,059356
45,860000	0,058081
45,870000	0,056807
45,880000	0,059994
45,890000	0,059356
45,900000	0,058719
45,910000	0,058719
45,920000	0,058719
45,930000	0,058081
45,940000	0,059994
45,950000	0,058719
45,960000	0,061268
45,970000	0,059994
45,980000	0,060631
45,990000	0,058719
46,000000	0,059356
46,010000	0,063180
46,020000	0,060631
46,030000	0,058719
46,040000	0,059356
46,050000	0,058719
46,060000	0,059994
46,070000	0,058081
46,080000	0,059994
46,090000	0,058719
46,100000	0,058719
46,110000	0,058081
46,120000	0,059994
46,130000	0,058719
46,140000	0,058719
46,150000	0,058719
46,160000	0,057444
46,170000	0,057444
46,180000	0,057444
46,190000	0,057444
46,200000	0,058719
46,210000	0,060631
46,220000	0,061268
46,230000	0,056169
46,240000	0,056807
46,250000	0,058081
46,260000	0,059356
46,270000	0,058719
46,280000	0,060631
46,290000	0,056807
46,300000	0,056807
46,310000	0,058719
46,320000	0,058719
46,330000	0,058081
46,340000	0,058081
46,350000	0,058081
46,360000	0,059356
46,370000	0,057444
46,380000	0,058719
46,390000	0,058719
46,400000	0,058081
46,410000	0,056169
46,420000	0,058081
46,430000	0,059994
46,440000	0,059994
46,450000	0,056169
46,460000	0,058081
46,470000	0,059994
46,480000	0,058719
46,490000	0,056807
46,500000	0,058081
46,510000	0,058081
46,520000	0,059994
46,530000	0,056169
46,540000	0,058081
46,550000	0,058081
46,560000	0,059994
46,570000	0,057444
46,580000	0,059994
46,590000	0,056807
46,600000	0,058081
46,610000	0,057444
46,620000	0,059356
46,630000	0,056807
46,640000	0,057444
46,650000	0,057444
46,660000	0,061268
46,670000	0,059994
46,680000	0,058719
46,690000	0,058081
46,700000	0,057444
46,710000	0,057444
46,720000	0,058081
46,730000	0,057444
46,740000	0,056807
46,750000	0,058719
46,760000	0,059994
46,770000	0,057444
46,780000	0,057444
46,790000	0,055532
46,800000	0,060631
46,810000	0,059356
46,820000	0,058719
46,830000	0,056807
46,840000	0,057444
46,850000	0,058081
46,860000	0,058719
46,870000	0,058719
46,880000	0,058081
46,890000	0,059356
46,900000	0,057444
46,910000	0,059356
46,920000	0,057444
46,930000	0,058719
46,940000	0,058719
46,950000	0,059356
46,960000	0,058719
46,970000	0,056169
46,980000	0,059994
46,990000	0,059356
47,000000	0,059994
47,010000	0,059356
47,020000	0,058719
47,030000	0,058719
47,040000	0,058719
47,050000	0,058081
47,060000	0,057444
47,070000	0,058719
47,080000	0,058081
47,090000	0,056807
47,100000	0,059994
47,110000	0,057444
47,120000	0,058719
47,130000	0,060631
47,140000	0,059994
47,150000	0,058719
47,160000	0,061268
47,170000	0,059356
47,180000	0,060631
47,190000	0,057444
47,200000	0,061906
47,210000	0,058719
47,220000	0,060631
47,230000	0,058719
47,240000	0,059994
47,250000	0,059356
47,260000	0,060631
47,270000	0,059994
47,280000	0,061906
47,290000	0,058081
47,300000	0,060631
47,310000	0,059356
47,320000	0,060631
47,330000	0,060631
47,340000	0,061906
47,350000	0,060631
47,360000	0,061906
47,370000	0,061268
47,380000	0,061268
47,390000	0,061268
47,400000	0,061268
47,410000	0,063818
47,420000	0,061268
47,430000	0,061268
47,440000	0,061906
47,450000	0,059994
47,460000	0,061906
47,470000	0,062543
47,480000	0,061268
47,490000	0,063818
47,500000	0,063180
47,510000	0,059356
47,520000	0,060631
47,530000	0,061268
47,540000	0,062543
47,550000	0,063818
47,560000	0,062543
47,570000	0,062543
47,580000	0,063818
47,590000	0,061906
47,600000	0,063180
47,610000	0,063180
47,620000	0,062543
47,630000	0,063180
47,640000	0,063818
47,650000	0,061268
47,660000	0,063180
47,670000	0,062543
47,680000	0,065730
47,690000	0,063180
47,700000	0,063180
47,710000	0,064455
47,720000	0,066367
47,730000	0,063180
47,740000	0,063818
47,750000	0,066367
47,760000	0,065092
47,770000	0,067642
47,780000	0,066367
47,790000	0,065730
47,800000	0,065092
47,810000	0,066367
47,820000	0,065092
47,830000	0,063180
47,840000	0,065092
47,850000	0,066367
47,860000	0,067005
47,870000	0,066367
47,880000	0,065730
47,890000	0,067005
47,900000	0,065730
47,910000	0,066367
47,920000	0,065730
47,930000	0,065092
47,940000	0,067642
47,950000	0,067005
47,960000	0,068917
47,970000	0,067642
47,980000	0,068917
47,990000	0,068279
48,000000	0,068917
48,010000	0,067642
48,020000	0,067642
48,030000	0,070829
48,040000	0,068917
48,050000	0,066367
48,060000	0,067642
48,070000	0,067642
48,080000	0,070191
48,090000	0,068279
48,100000	0,068917
48,110000	0,068917
48,120000	0,068917
48,130000	0,069554
48,140000	0,070829
48,150000	0,065730
48,160000	0,068917
48,170000	0,068279
48,180000	0,070829
48,190000	0,069554
48,200000	0,068279
48,210000	0,070191
48,220000	0,070191
48,230000	0,071466
48,240000	0,070829
48,250000	0,070191
48,260000	0,072103
48,270000	0,071466
48,280000	0,071466
48,290000	0,072741
48,300000	0,070191
48,310000	0,071466
48,320000	0,073378
48,330000	0,074016
48,340000	0,073378
48,350000	0,075928
48,360000	0,074016
48,370000	0,071466
48,380000	0,072741
48,390000	0,073378
48,400000	0,075290
48,410000	0,074016
48,420000	0,072103
48,430000	0,073378
48,440000	0,074016
48,450000	0,074653
48,460000	0,074016
48,470000	0,075928
48,480000	0,077202
48,490000	0,072103
48,500000	0,074016
48,510000	0,075928
48,520000	0,078477
48,530000	0,075290
48,540000	0,077840
48,550000	0,077840
48,560000	0,079114
48,570000	0,077840
48,580000	0,076565
48,590000	0,075290
48,600000	0,078477
48,610000	0,076565
48,620000	0,079752
48,630000	0,079114
48,640000	0,081027
48,650000	0,079114
48,660000	0,079114
48,670000	0,080389
48,680000	0,081027
48,690000	0,079752
48,700000	0,081664
48,710000	0,079752
48,720000	0,083576
48,730000	0,081027
48,740000	0,082301
48,750000	0,081027
48,760000	0,084851
48,770000	0,083576
48,780000	0,082939
48,790000	0,082301
48,800000	0,084851
48,810000	0,082939
48,820000	0,084213
48,830000	0,083576
48,840000	0,084213
48,850000	0,086126
48,860000	0,088038
48,870000	0,083576
48,880000	0,088675
48,890000	0,082301
48,900000	0,084851
48,910000	0,085488
48,920000	0,088038
48,930000	0,084213
48,940000	0,089950
48,950000	0,088038
48,960000	0,090587
48,970000	0,086126
48,980000	0,089950
48,990000	0,089312
49,000000	0,091862
49,010000	0,089312
49,020000	0,091862
49,030000	0,088675
49,040000	0,092499
49,050000	0,091862
49,060000	0,093137
49,070000	0,091862
49,080000	0,092499
49,090000	0,093137
49,100000	0,095686
49,110000	0,092499
49,120000	0,095049
49,130000	0,095686
49,140000	0,098235
49,150000	0,096961
49,160000	0,095049
49,170000	0,096323
49,180000	0,096961
49,190000	0,096961
49,200000	0,100785
49,210000	0,096961
49,220000	0,096961
49,230000	0,096961
49,240000	0,101422
49,250000	0,101422
49,260000	0,101422
49,270000	0,100785
49,280000	0,100785
49,290000	0,103972
49,300000	0,103334
49,310000	0,103972
49,320000	0,104609
49,330000	0,106521
49,340000	0,105884
49,350000	0,104609
49,360000	0,105246
49,370000	0,108433
49,380000	0,106521
49,390000	0,107159
49,400000	0,109708
49,410000	0,106521
49,420000	0,107796
49,430000	0,108433
49,440000	0,110983
49,450000	0,107796
49,460000	0,112258
49,470000	0,111620
49,480000	0,112258
49,490000	0,114807
49,500000	0,114807
49,510000	0,115444
49,520000	0,115444
49,530000	0,114807
49,540000	0,117356
49,550000	0,117356
49,560000	0,116082
49,570000	0,117994
49,580000	0,121818
49,590000	0,119269
49,600000	0,118631
49,610000	0,117994
49,620000	0,119906
49,630000	0,121181
49,640000	0,123093
49,650000	0,119906
49,660000	0,122455
49,670000	0,122455
49,680000	0,123730
49,690000	0,122455
49,700000	0,122455
49,710000	0,123730
49,720000	0,124367
49,730000	0,128192
49,740000	0,126280
49,750000	0,130741
49,760000	0,126280
49,770000	0,130104
49,780000	0,129466
49,790000	0,131379
49,800000	0,130104
49,810000	0,133291
49,820000	0,132653
49,830000	0,128829
49,840000	0,131379
49,850000	0,132653
49,860000	0,133928
49,870000	0,132653
49,880000	0,135840
49,890000	0,135203
49,900000	0,136477
49,910000	0,137115
49,920000	0,139664
49,930000	0,137115
49,940000	0,139027
49,950000	0,136477
49,960000	0,137752
49,970000	0,139664
49,980000	0,141576
49,990000	0,139027
50,000000	0,136477
50,010000	0,142851
50,020000	0,139027
50,030000	0,143488
50,040000	0,140302
50,050000	0,142214
50,060000	0,142851
50,070000	0,146675
50,080000	0,140939
50,090000	0,145401
50,100000	0,142851
50,110000	0,143488
50,120000	0,142851
50,130000	0,144126
50,140000	0,144763
50,150000	0,146675
50,160000	0,145401
50,170000	0,142851
50,180000	0,146675
50,190000	0,144126
50,200000	0,149862
50,210000	0,147313
50,220000	0,148587
50,230000	0,144763
50,240000	0,146675
50,250000	0,147313
50,260000	0,151137
50,270000	0,149225
50,280000	0,149225
50,290000	0,150499
50,300000	0,150499
50,310000	0,144126
50,320000	0,148587
50,330000	0,149225
50,340000	0,152412
50,350000	0,151137
50,360000	0,151774
50,370000	0,150499
50,380000	0,151137
50,390000	0,149862
50,400000	0,151774
50,410000	0,147313
50,420000	0,154324
50,430000	0,150499
50,440000	0,152412
50,450000	0,148587
50,460000	0,152412
50,470000	0,152412
50,480000	0,151774
50,490000	0,151774
50,500000	0,149225
50,510000	0,153686
50,520000	0,153686
50,530000	0,147313
50,540000	0,151137
50,550000	0,151137
50,560000	0,153686
50,570000	0,147313
50,580000	0,149862
50,590000	0,147950
50,600000	0,152412
50,610000	0,149225
50,620000	0,151774
50,630000	0,151774
50,640000	0,151137
50,650000	0,146038
50,660000	0,152412
50,670000	0,147950
50,680000	0,150499
50,690000	0,147950
50,700000	0,147313
50,710000	0,146675
50,720000	0,149862
50,730000	0,145401
50,740000	0,151137
50,750000	0,148587
50,760000	0,147950
50,770000	0,147313
50,780000	0,145401
50,790000	0,144126
50,800000	0,144126
50,810000	0,147313
50,820000	0,142851
50,830000	0,142214
50,840000	0,141576
50,850000	0,140939
50,860000	0,142214
50,870000	0,139664
50,880000	0,142851
50,890000	0,139027
50,900000	0,137752
50,910000	0,140939
50,920000	0,139027
50,930000	0,139027
50,940000	0,137752
50,950000	0,137115
50,960000	0,137115
50,970000	0,139027
50,980000	0,133291
50,990000	0,135203
51,000000	0,134565
51,010000	0,134565
51,020000	0,131379
51,030000	0,132653
51,040000	0,128192
51,050000	0,132016
51,060000	0,131379
51,070000	0,126917
51,080000	0,128192
51,090000	0,128829
51,100000	0,130104
51,110000	0,128192
51,120000	0,126280
51,130000	0,125642
51,140000	0,127554
51,150000	0,122455
51,160000	0,127554
51,170000	0,125005
51,180000	0,125005
51,190000	0,119906
51,200000	0,122455
51,210000	0,121818
51,220000	0,122455
51,230000	0,119269
51,240000	0,119906
51,250000	0,119269
51,260000	0,118631
51,270000	0,119906
51,280000	0,116082
51,290000	0,118631
51,300000	0,117356
51,310000	0,116719
51,320000	0,116082
51,330000	0,116082
51,340000	0,114170
51,350000	0,116082
51,360000	0,115444
51,370000	0,112258
51,380000	0,112258
51,390000	0,112258
51,400000	0,112258
51,410000	0,115444
51,420000	0,110345
51,430000	0,111620
51,440000	0,109708
51,450000	0,109708
51,460000	0,108433
51,470000	0,110345
51,480000	0,106521
51,490000	0,107159
51,500000	0,108433
51,510000	0,105884
51,520000	0,107159
51,530000	0,105884
51,540000	0,105246
51,550000	0,103972
51,560000	0,102697
51,570000	0,102697
51,580000	0,103972
51,590000	0,103334
51,600000	0,102060
51,610000	0,102060
51,620000	0,098873
51,630000	0,102060
51,640000	0,103334
51,650000	0,099510
51,660000	0,102060
51,670000	0,100148
51,680000	0,101422
51,690000	0,098235
51,700000	0,096961
51,710000	0,100785
51,720000	0,098235
51,730000	0,096961
51,740000	0,097598
51,750000	0,096961
51,760000	0,095686
51,770000	0,096961
51,780000	0,095686
51,790000	0,095049
51,800000	0,095049
51,810000	0,093774
51,820000	0,093137
51,830000	0,093137
51,840000	0,093137
51,850000	0,091862
51,860000	0,091862
51,870000	0,095049
51,880000	0,091862
51,890000	0,089312
51,900000	0,091224
51,910000	0,090587
51,920000	0,092499
51,930000	0,090587
51,940000	0,091862
51,950000	0,089312
51,960000	0,090587
51,970000	0,086763
51,980000	0,090587
51,990000	0,089312
52,000000	0,088038
52,010000	0,089312
52,020000	0,088675
52,030000	0,089312
52,040000	0,087400
52,050000	0,086763
52,060000	0,086763
52,070000	0,088038
52,080000	0,086763
52,090000	0,088675
52,100000	0,084851
52,110000	0,085488
52,120000	0,084851
52,130000	0,084213
52,140000	0,083576
52,150000	0,084851
52,160000	0,083576
52,170000	0,084851
52,180000	0,082301
52,190000	0,082939
52,200000	0,084851
52,210000	0,082301
52,220000	0,081664
52,230000	0,081027
52,240000	0,082301
52,250000	0,081664
52,260000	0,081027
52,270000	0,081027
52,280000	0,081027
52,290000	0,081664
52,300000	0,080389
52,310000	0,081664
52,320000	0,081664
52,330000	0,078477
52,340000	0,079752
52,350000	0,079752
52,360000	0,082301
52,370000	0,076565
52,380000	0,081664
52,390000	0,075928
52,400000	0,079114
52,410000	0,077840
52,420000	0,079752
52,430000	0,076565
52,440000	0,080389
52,450000	0,078477
52,460000	0,077202
52,470000	0,075928
52,480000	0,078477
52,490000	0,077202
52,500000	0,075290
52,510000	0,075928
52,520000	0,077202
52,530000	0,075928
52,540000	0,076565
52,550000	0,074653
52,560000	0,074016
52,570000	0,073378
52,580000	0,073378
52,590000	0,075290
52,600000	0,075290
52,610000	0,076565
52,620000	0,074653
52,630000	0,073378
52,640000	0,073378
52,650000	0,076565
52,660000	0,074016
52,670000	0,074016
52,680000	0,070829
52,690000	0,074653
52,700000	0,074016
52,710000	0,072103
52,720000	0,074653
52,730000	0,073378
52,740000	0,072103
52,750000	0,074653
52,760000	0,072103
52,770000	0,072741
52,780000	0,072741
52,790000	0,071466
52,800000	0,070191
52,810000	0,070829
52,820000	0,070829
52,830000	0,070191
52,840000	0,070191
52,850000	0,071466
52,860000	0,070829
52,870000	0,073378
52,880000	0,071466
52,890000	0,072103
52,900000	0,070191
52,910000	0,070829
52,920000	0,070191
52,930000	0,069554
52,940000	0,068917
52,950000	0,070829
52,960000	0,071466
52,970000	0,070191
52,980000	0,068279
52,990000	0,070829
53,000000	0,072103
53,010000	0,070829
53,020000	0,068279
53,030000	0,066367
53,040000	0,069554
53,050000	0,070191
53,060000	0,067642
53,070000	0,067005
53,080000	0,070829
53,090000	0,070191
53,100000	0,068279
53,110000	0,068279
53,120000	0,068279
53,130000	0,071466
53,140000	0,070829
53,150000	0,068279
53,160000	0,068279
53,170000	0,067005
53,180000	0,068279
53,190000	0,068279
53,200000	0,067005
53,210000	0,067642
53,220000	0,067005
53,230000	0,067642
53,240000	0,067642
53,250000	0,067642
53,260000	0,068279
53,270000	0,066367
53,280000	0,067642
53,290000	0,064455
53,300000	0,067642
53,310000	0,065730
53,320000	0,065730
53,330000	0,065730
53,340000	0,065730
53,350000	0,064455
53,360000	0,066367
53,370000	0,065092
53,380000	0,065730
53,390000	0,065092
53,400000	0,068279
53,410000	0,065092
53,420000	0,065092
53,430000	0,068917
53,440000	0,065730
53,450000	0,067005
53,460000	0,068279
53,470000	0,065730
53,480000	0,065730
53,490000	0,063818
53,500000	0,063818
53,510000	0,063818
53,520000	0,066367
53,530000	0,067005
53,540000	0,066367
53,550000	0,064455
53,560000	0,068279
53,570000	0,063818
53,580000	0,067005
53,590000	0,065092
53,600000	0,065730
53,610000	0,063180
53,620000	0,064455
53,630000	0,064455
53,640000	0,063818
53,650000	0,063180
53,660000	0,065092
53,670000	0,062543
53,680000	0,065092
53,690000	0,064455
53,700000	0,064455
53,710000	0,065730
53,720000	0,065730
53,730000	0,063818
53,740000	0,063818
53,750000	0,063818
53,760000	0,065092
53,770000	0,065092
53,780000	0,063818
53,790000	0,061906
53,800000	0,063818
53,810000	0,063180
53,820000	0,065092
53,830000	0,065092
53,840000	0,063180
53,850000	0,063180
53,860000	0,063180
53,870000	0,061906
53,880000	0,063818
53,890000	0,063180
53,900000	0,065092
53,910000	0,063818
53,920000	0,061906
53,930000	0,063818
53,940000	0,062543
53,950000	0,063818
53,960000	0,063180
53,970000	0,063818
53,980000	0,063818
53,990000	0,063818
54,000000	0,063180
54,010000	0,065092
54,020000	0,064455
54,030000	0,062543
54,040000	0,060631
54,050000	0,063180
54,060000	0,062543
54,070000	0,063180
54,080000	0,063818
54,090000	0,062543
54,100000	0,063818
54,110000	0,064455
54,120000	0,063818
54,130000	0,062543
54,140000	0,061268
54,150000	0,064455
54,160000	0,062543
54,170000	0,061268
54,180000	0,060631
54,190000	0,061268
54,200000	0,060631
54,210000	0,061268
54,220000	0,061268
54,230000	0,063180
54,240000	0,061906
54,250000	0,059994
54,260000	0,065092
54,270000	0,061268
54,280000	0,062543
54,290000	0,063180
54,300000	0,061906
54,310000	0,063180
54,320000	0,059994
54,330000	0,061268
54,340000	0,061268
54,350000	0,061268
54,360000	0,062543
54,370000	0,059994
54,380000	0,062543
54,390000	0,061268
54,400000	0,061906
54,410000	0,063180
54,420000	0,061906
54,430000	0,063180
54,440000	0,061906
54,450000	0,061268
54,460000	0,059356
54,470000	0,061268
54,480000	0,061906
54,490000	0,061268
54,500000	0,061906
54,510000	0,061906
54,520000	0,059994
54,530000	0,061268
54,540000	0,060631
54,550000	0,058719
54,560000	0,064455
54,570000	0,061268
54,580000	0,063180
54,590000	0,061268
54,600000	0,060631
54,610000	0,060631
54,620000	0,061268
54,630000	0,061268
54,640000	0,061268
54,650000	0,058719
54,660000	0,061268
54,670000	0,059356
54,680000	0,059994
54,690000	0,061268
54,700000	0,059994
54,710000	0,061906
54,720000	0,061906
54,730000	0,058719
54,740000	0,061268
54,750000	0,060631
54,760000	0,061268
54,770000	0,058081
54,780000	0,059994
54,790000	0,060631
54,800000	0,061268
54,810000	0,061268
54,820000	0,059356
54,830000	0,061268
54,840000	0,061268
54,850000	0,059356
54,860000	0,060631
54,870000	0,061268
54,880000	0,063818
54,890000	0,059994
54,900000	0,061268
54,910000	0,065730
54,920000	0,062543
54,930000	0,060631
54,940000	0,058719
54,950000	0,061268
54,960000	0,059994
54,970000	0,054895
54,980000	0,062543
54,990000	0,061906
55,000000	0,058719
55,010000	0,061906
55,020000	0,059994
55,030000	0,072103
55,040000	0,061268
55,050000	0,058719
55,060000	0,063180
55,070000	0,060631
55,080000	0,061906
55,090000	0,075290
55,100000	0,061268
55,110000	0,061268
55,120000	0,059994
55,130000	0,061268
55,140000	0,061268
55,150000	0,056169
55,160000	0,061268
55,170000	0,058719
55,180000	0,058719
55,190000	0,061268
55,200000	0,061906
55,210000	0,061268
55,220000	0,059994
55,230000	0,061268
55,240000	0,063180
55,250000	0,061268
55,260000	0,059356
55,270000	0,059994
55,280000	0,062543
55,290000	0,061268
55,300000	0,061906
55,310000	0,060631
55,320000	0,063818
55,330000	0,063180
55,340000	0,062543
55,350000	0,059994
55,360000	0,059356
55,370000	0,059994
55,380000	0,059994
55,390000	0,058719
55,400000	0,058719
55,410000	0,061268
55,420000	0,061906
55,430000	0,059356
55,440000	0,063180
55,450000	0,059994
55,460000	0,059356
55,470000	0,058719
55,480000	0,059356
55,490000	0,060631
55,500000	0,059994
55,510000	0,061906
55,520000	0,059994
55,530000	0,058719
55,540000	0,058719
55,550000	0,058719
55,560000	0,062543
55,570000	0,052982
55,580000	0,061268
55,590000	0,063818
55,600000	0,059994
55,610000	0,061268
55,620000	0,063818
55,630000	0,062543
55,640000	0,061268
55,650000	0,057444
55,660000	0,061268
55,670000	0,056169
55,680000	0,059994
55,690000	0,058719
55,700000	0,058081
55,710000	0,056169
55,720000	0,063818
55,730000	0,052982
55,740000	0,068917
55,750000	0,060631
55,760000	0,059356
55,770000	0,068279
55,780000	0,056169
55,790000	0,058719
55,800000	0,047884
55,810000	0,061268
55,820000	0,065092
55,830000	0,060631
55,840000	0,059356
55,850000	0,059994
55,860000	0,070191
55,870000	0,058719
55,880000	0,061906
55,890000	0,075290
55,900000	0,058081
55,910000	0,061268
55,920000	0,046609
55,930000	0,058719
55,940000	0,056807
55,950000	0,031949
55,960000	0,056169
55,970000	0,061268
55,980000	0,052982
55,990000	0,060631
56,000000	0,065092
56,010000	0,067642
56,020000	0,063180
56,030000	0,056807
56,040000	0,052982
56,050000	0,057444
56,060000	0,053620
56,070000	0,059356
56,080000	0,054895
56,090000	0,058719
56,100000	0,056807
56,110000	0,059356
56,120000	0,051708
56,130000	0,059994
56,140000	0,054257
56,150000	0,058081
56,160000	0,052982
56,170000	0,059356
56,180000	0,059994
56,190000	0,058719
56,200000	0,061906
56,210000	0,059994
56,220000	0,061906
56,230000	0,059994
56,240000	0,058719
56,250000	0,056169
56,260000	0,060631
56,270000	0,059356
56,280000	0,058081
56,290000	0,055532
56,300000	0,056169
56,310000	0,057444
56,320000	0,054895
56,330000	0,057444
56,340000	0,056169
56,350000	0,056169
56,360000	0,056169
56,370000	0,055532
56,380000	0,062543
56,390000	0,058081
56,400000	0,065092
56,410000	0,059994
56,420000	0,059356
56,430000	0,065730
56,440000	0,061268
56,450000	0,056807
56,460000	0,061906
56,470000	0,051070
56,480000	0,057444
56,490000	0,053620
56,500000	0,052982
56,510000	0,055532
56,520000	0,053620
56,530000	0,057444
56,540000	0,057444
56,550000	0,052982
56,560000	0,058081
56,570000	0,054895
56,580000	0,059356
56,590000	0,042785
56,600000	0,060631
56,610000	0,055532
56,620000	0,047246
56,630000	0,067642
56,640000	0,056169
56,650000	0,066367
56,660000	0,064455
56,670000	0,056169
56,680000	0,056807
56,690000	0,068917
56,700000	0,055532
56,710000	0,075928
56,720000	0,075290
56,730000	0,060631
56,740000	0,056807
56,750000	0,056169
56,760000	0,058719
56,770000	0,056169
56,780000	0,069554
56,790000	0,061268
56,800000	0,056169
56,810000	0,079752
56,820000	0,052982
56,830000	0,058719
56,840000	0,073378
56,850000	0,056169
56,860000	0,056169
56,870000	0,063818
56,880000	0,058719
56,890000	0,058081
56,900000	0,047246
56,910000	0,057444
56,920000	0,055532
56,930000	0,051070
56,940000	0,055532
56,950000	0,056169
56,960000	0,057444
56,970000	0,055532
56,980000	0,058719
56,990000	0,054895
57,000000	0,058719
57,010000	0,058081
57,020000	0,058719
57,030000	0,056169
57,040000	0,059356
57,050000	0,060631
57,060000	0,058719
57,070000	0,059356
57,080000	0,062543
57,090000	0,058081
57,100000	0,059356
57,110000	0,060631
57,120000	0,056807
57,130000	0,059356
57,140000	0,051708
57,150000	0,058719
57,160000	0,057444
57,170000	0,056807
57,180000	0,061268
57,190000	0,063180
57,200000	0,062543
57,210000	0,058719
57,220000	0,061268
57,230000	0,062543
57,240000	0,062543
57,250000	0,055532
57,260000	0,058081
57,270000	0,058719
57,280000	0,056169
57,290000	0,054895
57,300000	0,061268
57,310000	0,061268
57,320000	0,051070
57,330000	0,061268
57,340000	0,063818
57,350000	0,059994
57,360000	0,061906
57,370000	0,061268
57,380000	0,059356
57,390000	0,063818
57,400000	0,059994
57,410000	0,058081
57,420000	0,061268
57,430000	0,066367
57,440000	0,064455
57,450000	0,061268
57,460000	0,071466
57,470000	0,062543
57,480000	0,061268
57,490000	0,067005
57,500000	0,052982
57,510000	0,061268
57,520000	0,047884
57,530000	0,051070
57,540000	0,060631
57,550000	0,074653
57,560000	0,051708
57,570000	0,061906
57,580000	0,065730
57,590000	0,052345
57,600000	0,061906
57,610000	0,068917
57,620000	0,063180
57,630000	0,061268
57,640000	0,063818
57,650000	0,045334
57,660000	0,059994
57,670000	0,061268
57,680000	0,035136
57,690000	0,065092
57,700000	0,065730
57,710000	0,049158
57,720000	0,063180
57,730000	0,065092
57,740000	0,065092
57,750000	0,060631
57,760000	0,061268
57,770000	0,074016
57,780000	0,066367
57,790000	0,065730
57,800000	0,068279
57,810000	0,064455
57,820000	0,068279
57,830000	0,061906
57,840000	0,063818
57,850000	0,067005
57,860000	0,063818
57,870000	0,065730
57,880000	0,066367
57,890000	0,065730
57,900000	0,065092
57,910000	0,062543
57,920000	0,067642
57,930000	0,063818
57,940000	0,067642
57,950000	0,069554
57,960000	0,065092
57,970000	0,065092
57,980000	0,066367
57,990000	0,072103
58,000000	0,067005
58,010000	0,065092
58,020000	0,074016
58,030000	0,065092
58,040000	0,063180
58,050000	0,065092
58,060000	0,071466
58,070000	0,063180
58,080000	0,059994
58,090000	0,070829
58,100000	0,065092
58,110000	0,066367
58,120000	0,070191
58,130000	0,063180
58,140000	0,081664
58,150000	0,065092
58,160000	0,064455
58,170000	0,073378
58,180000	0,074016
58,190000	0,071466
58,200000	0,075290
58,210000	0,075290
58,220000	0,061906
58,230000	0,070191
58,240000	0,073378
58,250000	0,061268
58,260000	0,072741
58,270000	0,065730
58,280000	0,073378
58,290000	0,070191
58,300000	0,066367
58,310000	0,065730
58,320000	0,080389
58,330000	0,070191
58,340000	0,063180
58,350000	0,070191
58,360000	0,070829
58,370000	0,058081
58,380000	0,075928
58,390000	0,071466
58,400000	0,066367
58,410000	0,086763
58,420000	0,074016
58,430000	0,063818
58,440000	0,063818
58,450000	0,069554
58,460000	0,082301
58,470000	0,056169
58,480000	0,077840
58,490000	0,073378
58,500000	0,069554
58,510000	0,072741
58,520000	0,068279
58,530000	0,101422
58,540000	0,082301
58,550000	0,072103
58,560000	0,061906
58,570000	0,079114
58,580000	0,068917
58,590000	0,077202
58,600000	0,074016
58,610000	0,077202
58,620000	0,075928
58,630000	0,061268
58,640000	0,073378
58,650000	0,077202
58,660000	0,076565
58,670000	0,076565
58,680000	0,079114
58,690000	0,080389
58,700000	0,081027
58,710000	0,076565
58,720000	0,079752
58,730000	0,081027
58,740000	0,086763
58,750000	0,081664
58,760000	0,081027
58,770000	0,083576
58,780000	0,084213
58,790000	0,082939
58,800000	0,081664
58,810000	0,081664
58,820000	0,085488
58,830000	0,081664
58,840000	0,084851
58,850000	0,086126
58,860000	0,086126
58,870000	0,084213
58,880000	0,082301
58,890000	0,089950
58,900000	0,090587
58,910000	0,083576
58,920000	0,084213
58,930000	0,088675
58,940000	0,088675
58,950000	0,087400
58,960000	0,084213
58,970000	0,088675
58,980000	0,082301
58,990000	0,082939
59,000000	0,088038
59,010000	0,081027
59,020000	0,091224
59,030000	0,084851
59,040000	0,090587
59,050000	0,091862
59,060000	0,101422
59,070000	0,101422
59,080000	0,100785
59,090000	0,093774
59,100000	0,098873
59,110000	0,091862
59,120000	0,086126
59,130000	0,095686
59,140000	0,084851
59,150000	0,090587
59,160000	0,092499
59,170000	0,092499
59,180000	0,114170
59,190000	0,096961
59,200000	0,093137
59,210000	0,105884
59,220000	0,098873
59,230000	0,097598
59,240000	0,081027
59,250000	0,102697
59,260000	0,100148
59,270000	0,120543
59,280000	0,071466
59,290000	0,102060
59,300000	0,113532
59,310000	0,128192
59,320000	0,099510
59,330000	0,112258
59,340000	0,098873
59,350000	0,104609
59,360000	0,105884
59,370000	0,078477
59,380000	0,105884
59,390000	0,106521
59,400000	0,058081
59,410000	0,107796
59,420000	0,107159
59,430000	0,119269
59,440000	0,112895
59,450000	0,106521
59,460000	0,119269
59,470000	0,109708
59,480000	0,108433
59,490000	0,110983
59,500000	0,112258
59,510000	0,110983
59,520000	0,114807
59,530000	0,112258
59,540000	0,117994
59,550000	0,111620
59,560000	0,116082
59,570000	0,116082
59,580000	0,112258
59,590000	0,118631
59,600000	0,119906
59,610000	0,117356
59,620000	0,117994
59,630000	0,121818
59,640000	0,117994
59,650000	0,116719
59,660000	0,119906
59,670000	0,122455
59,680000	0,125005
59,690000	0,123093
59,700000	0,128829
59,710000	0,126917
59,720000	0,132653
59,730000	0,126280
59,740000	0,126917
59,750000	0,126917
59,760000	0,133928
59,770000	0,126280
59,780000	0,125005
59,790000	0,130741
59,800000	0,139664
59,810000	0,123093
59,820000	0,131379
59,830000	0,140302
59,840000	0,135840
59,850000	0,132653
59,860000	0,128192
59,870000	0,130741
59,880000	0,143488
59,890000	0,124367
59,900000	0,132653
59,910000	0,132653
59,920000	0,143488
59,930000	0,137752
59,940000	0,129466
59,950000	0,147950
59,960000	0,143488
59,970000	0,129466
59,980000	0,125005
59,990000	0,132653
60,000000	0,132016
60,010000	0,137115
60,020000	0,115444
60,030000	0,142851
60,040000	0,143488
60,050000	0,140302
60,060000	0,146675
60,070000	0,145401
60,080000	0,164522
60,090000	0,137115
60,100000	0,143488
60,110000	0,169620
60,120000	0,110345
60,130000	0,139027
60,140000	0,130104
60,150000	0,122455
60,160000	0,142851
60,170000	0,140302
60,180000	0,126280
60,190000	0,147313
60,200000	0,145401
60,210000	0,175994
60,220000	0,136477
60,230000	0,161972
60,240000	0,191928
60,250000	0,137115
60,260000	0,142851
60,270000	0,130104
60,280000	0,136477
60,290000	0,124367
60,300000	0,146675
60,310000	0,140939
60,320000	0,144126
60,330000	0,170895
60,340000	0,136477
60,350000	0,178544
60,360000	0,147313
60,370000	0,137115
60,380000	0,148587
60,390000	0,139027
60,400000	0,150499
60,410000	0,142851
60,420000	0,146038
60,430000	0,151774
60,440000	0,149225
60,450000	0,145401
60,460000	0,149862
60,470000	0,136477
60,480000	0,147313
60,490000	0,147950
60,500000	0,147950
60,510000	0,156236
60,520000	0,153686
60,530000	0,146675
60,540000	0,145401
60,550000	0,158785
60,560000	0,145401
60,570000	0,147950
60,580000	0,153049
60,590000	0,152412
60,600000	0,148587
60,610000	0,153686
60,620000	0,153049
60,630000	0,153049
60,640000	0,140302
60,650000	0,147313
60,660000	0,134565
60,670000	0,143488
60,680000	0,157511
60,690000	0,132653
60,700000	0,153049
60,710000	0,154961
60,720000	0,136477
60,730000	0,144126
60,740000	0,158148
60,750000	0,138390
60,760000	0,142851
60,770000	0,154961
60,780000	0,147950
60,790000	0,144126
60,800000	0,142214
60,810000	0,146675
60,820000	0,142214
60,830000	0,136477
60,840000	0,164522
60,850000	0,149862
60,860000	0,144763
60,870000	0,163247
60,880000	0,145401
60,890000	0,136477
60,900000	0,145401
60,910000	0,132016
60,920000	0,137115
60,930000	0,113532
60,940000	0,123730
60,950000	0,133928
60,960000	0,149862
60,970000	0,123093
60,980000	0,135203
60,990000	0,146675
61,000000	0,165159
61,010000	0,132653
61,020000	0,132653
61,030000	0,136477
61,040000	0,134565
61,050000	0,137115
61,060000	0,105884
61,070000	0,130104
61,080000	0,129466
61,090000	0,074016
61,100000	0,128829
61,110000	0,127554
61,120000	0,130741
61,130000	0,146675
61,140000	0,126280
61,150000	0,126917
61,160000	0,151774
61,170000	0,120543
61,180000	0,127554
61,190000	0,133291
61,200000	0,122455
61,210000	0,125005
61,220000	0,122455
61,230000	0,119269
61,240000	0,124367
61,250000	0,115444
61,260000	0,120543
61,270000	0,117356
61,280000	0,119906
61,290000	0,113532
61,300000	0,116719
61,310000	0,114170
61,320000	0,116719
61,330000	0,116719
61,340000	0,114807
61,350000	0,104609
61,360000	0,114170
61,370000	0,110345
61,380000	0,110983
61,390000	0,110345
61,400000	0,112258
61,410000	0,113532
61,420000	0,111620
61,430000	0,106521
61,440000	0,110345
61,450000	0,110983
61,460000	0,109708
61,470000	0,109708
61,480000	0,105884
61,490000	0,111620
61,500000	0,100785
61,510000	0,112895
61,520000	0,103334
61,530000	0,114170
61,540000	0,104609
61,550000	0,105246
61,560000	0,105884
61,570000	0,103972
61,580000	0,112258
61,590000	0,095049
61,600000	0,109071
61,610000	0,107159
61,620000	0,098873
61,630000	0,103334
61,640000	0,095686
61,650000	0,101422
61,660000	0,103972
61,670000	0,086126
61,680000	0,099510
61,690000	0,101422
61,700000	0,096961
61,710000	0,095049
61,720000	0,087400
61,730000	0,097598
61,740000	0,096961
61,750000	0,103972
61,760000	0,089312
61,770000	0,094411
61,780000	0,109708
61,790000	0,111620
61,800000	0,094411
61,810000	0,095686
61,820000	0,088038
61,830000	0,095049
61,840000	0,092499
61,850000	0,076565
61,860000	0,089950
61,870000	0,091224
61,880000	0,078477
61,890000	0,077202
61,900000	0,090587
61,910000	0,117356
61,920000	0,087400
61,930000	0,091224
61,940000	0,086763
61,950000	0,092499
61,960000	0,090587
61,970000	0,089312
61,980000	0,077202
61,990000	0,086763
62,000000	0,085488
62,010000	0,075290
62,020000	0,086126
62,030000	0,088675
62,040000	0,074653
62,050000	0,088038
62,060000	0,087400
62,070000	0,086126
62,080000	0,087400
62,090000	0,086126
62,100000	0,087400
62,110000	0,086763
62,120000	0,085488
62,130000	0,086763
62,140000	0,085488
62,150000	0,082939
62,160000	0,082301
62,170000	0,082301
62,180000	0,083576
62,190000	0,084213
62,200000	0,084213
62,210000	0,081664
62,220000	0,081664
62,230000	0,081664
62,240000	0,082301
62,250000	0,080389
62,260000	0,080389
62,270000	0,081664
62,280000	0,081664
62,290000	0,081664
62,300000	0,077202
62,310000	0,081664
62,320000	0,079752
62,330000	0,083576
62,340000	0,080389
62,350000	0,075928
62,360000	0,079114
62,370000	0,080389
62,380000	0,076565
62,390000	0,080389
62,400000	0,072741
62,410000	0,079752
62,420000	0,076565
62,430000	0,077202
62,440000	0,079114
62,450000	0,077840
62,460000	0,075290
62,470000	0,080389
62,480000	0,077202
62,490000	0,075290
62,500000	0,076565
62,510000	0,081027
62,520000	0,075928
62,530000	0,075290
62,540000	0,074016
62,550000	0,075928
62,560000	0,075928
62,570000	0,073378
62,580000	0,072741
62,590000	0,072741
62,600000	0,075290
62,610000	0,074653
62,620000	0,075290
62,630000	0,072741
62,640000	0,072741
62,650000	0,073378
62,660000	0,075290
62,670000	0,063818
62,680000	0,074653
62,690000	0,070191
62,700000	0,073378
62,710000	0,072103
62,720000	0,071466
62,730000	0,073378
62,740000	0,073378
62,750000	0,070191
62,760000	0,072741
62,770000	0,073378
62,780000	0,073378
62,790000	0,073378
62,800000	0,072103
62,810000	0,070829
62,820000	0,070191
62,830000	0,069554
62,840000	0,068279
62,850000	0,071466
62,860000	0,071466
62,870000	0,071466
62,880000	0,068917
62,890000	0,071466
62,900000	0,069554
62,910000	0,070829
62,920000	0,068279
62,930000	0,071466
62,940000	0,068279
62,950000	0,070191
62,960000	0,070829
62,970000	0,070829
62,980000	0,070191
62,990000	0,068917
63,000000	0,070191
63,010000	0,068917
63,020000	0,068279
63,030000	0,066367
63,040000	0,067005
63,050000	0,059994
63,060000	0,067005
63,070000	0,070829
63,080000	0,066367
63,090000	0,068917
63,100000	0,066367
63,110000	0,068279
63,120000	0,065730
63,130000	0,068279
63,140000	0,067005
63,150000	0,068279
63,160000	0,068917
63,170000	0,064455
63,180000	0,066367
63,190000	0,066367
63,200000	0,065730
63,210000	0,067642
63,220000	0,066367
63,230000	0,067005
63,240000	0,061268
63,250000	0,065092
63,260000	0,066367
63,270000	0,066367
63,280000	0,068279
63,290000	0,066367
63,300000	0,067005
63,310000	0,067642
63,320000	0,065092
63,330000	0,066367
63,340000	0,066367
63,350000	0,065730
63,360000	0,065730
63,370000	0,065730
63,380000	0,067642
63,390000	0,065730
63,400000	0,063180
63,410000	0,065092
63,420000	0,066367
63,430000	0,065730
63,440000	0,064455
63,450000	0,065730
63,460000	0,067005
63,470000	0,065092
63,480000	0,066367
63,490000	0,063180
63,500000	0,064455
63,510000	0,071466
63,520000	0,063818
63,530000	0,064455
63,540000	0,064455
63,550000	0,063818
63,560000	0,063818
63,570000	0,063818
63,580000	0,065730
63,590000	0,065092
63,600000	0,066367
63,610000	0,064455
63,620000	0,064455
63,630000	0,063180
63,640000	0,061268
63,650000	0,065092
63,660000	0,065730
63,670000	0,063818
63,680000	0,065092
63,690000	0,063818
63,700000	0,063818
63,710000	0,062543
63,720000	0,061268
63,730000	0,063818
63,740000	0,061268
63,750000	0,063180
63,760000	0,061268
63,770000	0,063180
63,780000	0,061268
63,790000	0,061906
63,800000	0,065092
63,810000	0,065092
63,820000	0,058081
63,830000	0,067005
63,840000	0,063180
63,850000	0,063818
63,860000	0,061268
63,870000	0,063818
63,880000	0,063180
63,890000	0,062543
63,900000	0,064455
63,910000	0,063180
63,920000	0,061268
63,930000	0,065730
63,940000	0,063180
63,950000	0,063180
63,960000	0,061268
63,970000	0,059994
63,980000	0,061906
63,990000	0,063180
64,000000	0,062543
64,010000	0,061268
64,020000	0,063818
64,030000	0,061268
64,040000	0,061268
64,050000	0,063180
64,060000	0,063818
64,070000	0,061268
64,080000	0,061268
64,090000	0,061906
64,100000	0,063180
64,110000	0,060631
64,120000	0,062543
64,130000	0,059994
64,140000	0,065092
64,150000	0,061268
64,160000	0,061268
64,170000	0,060631
64,180000	0,063180
64,190000	0,062543
64,200000	0,061268
64,210000	0,061268
64,220000	0,063180
64,230000	0,062543
64,240000	0,062543
64,250000	0,063180
64,260000	0,060631
64,270000	0,061268
64,280000	0,061906
64,290000	0,063818
64,300000	0,063180
64,310000	0,062543
64,320000	0,061906
64,330000	0,062543
64,340000	0,061268
64,350000	0,061906
64,360000	0,058719
64,370000	0,063818
64,380000	0,061906
64,390000	0,064455
64,400000	0,061268
64,410000	0,061268
64,420000	0,060631
64,430000	0,061268
64,440000	0,059356
64,450000	0,062543
64,460000	0,060631
64,470000	0,060631
64,480000	0,059356
64,490000	0,059994
64,500000	0,061906
64,510000	0,061268
64,520000	0,061906
64,530000	0,059994
64,540000	0,061268
64,550000	0,058719
64,560000	0,059994
64,570000	0,061268
64,580000	0,060631
64,590000	0,060631
64,600000	0,058719
64,610000	0,061268
64,620000	0,059356
64,630000	0,061268
64,640000	0,061268
64,650000	0,059994
64,660000	0,059994
64,670000	0,060631
64,680000	0,059356
64,690000	0,061268
64,700000	0,058719
64,710000	0,062543
64,720000	0,061906
64,730000	0,058081
64,740000	0,059994
64,750000	0,061268
64,760000	0,059356
64,770000	0,062543
64,780000	0,059994
64,790000	0,061268
64,800000	0,060631
64,810000	0,058719
64,820000	0,058719
64,830000	0,059994
64,840000	0,059994
64,850000	0,059356
64,860000	0,058719
64,870000	0,061268
64,880000	0,058719
64,890000	0,060631
64,900000	0,060631
64,910000	0,059356
64,920000	0,059994
64,930000	0,060631
64,940000	0,061268
64,950000	0,059356
64,960000	0,060631
64,970000	0,061906
64,980000	0,058081
64,990000	0,060631
65,000000	0,059356
65,010000	0,061268
65,020000	0,059994
65,030000	0,058719
65,040000	0,058719
65,050000	0,061268
65,060000	0,061268
65,070000	0,059994
65,080000	0,058719
65,090000	0,064455
65,100000	0,061268
65,110000	0,056807
65,120000	0,059994
65,130000	0,060631
65,140000	0,060631
65,150000	0,061268
65,160000	0,058081
65,170000	0,061268
65,180000	0,058719
65,190000	0,059356
65,200000	0,059356
65,210000	0,059356
65,220000	0,061268
65,230000	0,058719
65,240000	0,061268
65,250000	0,061906
65,260000	0,059356
65,270000	0,059356
65,280000	0,060631
65,290000	0,059994
65,300000	0,060631
65,310000	0,059356
65,320000	0,057444
65,330000	0,060631
65,340000	0,058719
65,350000	0,060631
65,360000	0,059994
65,370000	0,061268
65,380000	0,060631
65,390000	0,061906
65,400000	0,058719
65,410000	0,061268
65,420000	0,059994
65,430000	0,058719
65,440000	0,059356
65,450000	0,059994
65,460000	0,059994
65,470000	0,060631
65,480000	0,057444
65,490000	0,060631
65,500000	0,060631
65,510000	0,060631
65,520000	0,059356
65,530000	0,059994
65,540000	0,058081
65,550000	0,059356
65,560000	0,061268
65,570000	0,059994
65,580000	0,057444
65,590000	0,057444
65,600000	0,060631
65,610000	0,058719
65,620000	0,058719
65,630000	0,059994
65,640000	0,059356
65,650000	0,058719
65,660000	0,058081
65,670000	0,058719
65,680000	0,056169
65,690000	0,056807
65,700000	0,059994
65,710000	0,059356
65,720000	0,061906
65,730000	0,059356
65,740000	0,058719
65,750000	0,057444
65,760000	0,059356
65,770000	0,059994
65,780000	0,058719
65,790000	0,057444
65,800000	0,058081
65,810000	0,058719
65,820000	0,058719
65,830000	0,059994
65,840000	0,057444
65,850000	0,058081
65,860000	0,059994
65,870000	0,056169
65,880000	0,056169
65,890000	0,056807
65,900000	0,058719
65,910000	0,058081
65,920000	0,059356
65,930000	0,058719
65,940000	0,056807
65,950000	0,058081
65,960000	0,058719
65,970000	0,057444
65,980000	0,055532
65,990000	0,059356
66,000000	0,057444
66,010000	0,058081
66,020000	0,059356
66,030000	0,058081
66,040000	0,056169
66,050000	0,056807
66,060000	0,056169
66,070000	0,058081
66,080000	0,058081
66,090000	0,057444
66,100000	0,057444
66,110000	0,057444
66,120000	0,058719
66,130000	0,058081
66,140000	0,056807
66,150000	0,058719
66,160000	0,058081
66,170000	0,058081
66,180000	0,056169
66,190000	0,059356
66,200000	0,056169
66,210000	0,056169
66,220000	0,057444
66,230000	0,058719
66,240000	0,056169
66,250000	0,056807
66,260000	0,056169
66,270000	0,056807
66,280000	0,057444
66,290000	0,057444
66,300000	0,055532
66,310000	0,058081
66,320000	0,056807
66,330000	0,058081
66,340000	0,056169
66,350000	0,056169
66,360000	0,056807
66,370000	0,058081
66,380000	0,058081
66,390000	0,056807
66,400000	0,056169
66,410000	0,055532
66,420000	0,057444
66,430000	0,056169
66,440000	0,056807
66,450000	0,058081
66,460000	0,053620
66,470000	0,056807
66,480000	0,054895
66,490000	0,059994
66,500000	0,057444
66,510000	0,056807
66,520000	0,057444
66,530000	0,056807
66,540000	0,058081
66,550000	0,056169
66,560000	0,054895
66,570000	0,059356
66,580000	0,054257
66,590000	0,056169
66,600000	0,054257
66,610000	0,058719
66,620000	0,057444
66,630000	0,058719
66,640000	0,053620
66,650000	0,056807
66,660000	0,056807
66,670000	0,058081
66,680000	0,054895
66,690000	0,057444
66,700000	0,056169
66,710000	0,059356
66,720000	0,053620
66,730000	0,058081
66,740000	0,056169
66,750000	0,056169
66,760000	0,056169
66,770000	0,056807
66,780000	0,054895
66,790000	0,056169
66,800000	0,057444
66,810000	0,056169
66,820000	0,054257
66,830000	0,058719
66,840000	0,056807
66,850000	0,057444
66,860000	0,056807
66,870000	0,056169
66,880000	0,056807
66,890000	0,057444
66,900000	0,058081
66,910000	0,055532
66,920000	0,058081
66,930000	0,058719
66,940000	0,057444
66,950000	0,058719
66,960000	0,056169
66,970000	0,056807
66,980000	0,058719
66,990000	0,055532
67,000000	0,057444
67,010000	0,054257
67,020000	0,057444
67,030000	0,056807
67,040000	0,056169
67,050000	0,056169
67,060000	0,055532
67,070000	0,058081
67,080000	0,058719
67,090000	0,057444
67,100000	0,056169
67,110000	0,058081
67,120000	0,056807
67,130000	0,056807
67,140000	0,058081
67,150000	0,058081
67,160000	0,057444
67,170000	0,059994
67,180000	0,058719
67,190000	0,058081
67,200000	0,058719
67,210000	0,057444
67,220000	0,059356
67,230000	0,057444
67,240000	0,058719
67,250000	0,058719
67,260000	0,058081
67,270000	0,058719
67,280000	0,058081
67,290000	0,058719
67,300000	0,058081
67,310000	0,058719
67,320000	0,061268
67,330000	0,058081
67,340000	0,059994
67,350000	0,058719
67,360000	0,058719
67,370000	0,059994
67,380000	0,059994
67,390000	0,060631
67,400000	0,058081
67,410000	0,058719
67,420000	0,061906
67,430000	0,058719
67,440000	0,059356
67,450000	0,058081
67,460000	0,061268
67,470000	0,058719
67,480000	0,058719
67,490000	0,059356
67,500000	0,061268
67,510000	0,061268
67,520000	0,060631
67,530000	0,061268
67,540000	0,061268
67,550000	0,060631
67,560000	0,061268
67,570000	0,061268
67,580000	0,061268
67,590000	0,060631
67,600000	0,062543
67,610000	0,061906
67,620000	0,061268
67,630000	0,063818
67,640000	0,061906
67,650000	0,063180
67,660000	0,060631
67,670000	0,061906
67,680000	0,064455
67,690000	0,062543
67,700000	0,059994
67,710000	0,061268
67,720000	0,061906
67,730000	0,063818
67,740000	0,064455
67,750000	0,063180
67,760000	0,063180
67,770000	0,062543
67,780000	0,064455
67,790000	0,063180
67,800000	0,062543
67,810000	0,063180
67,820000	0,063180
67,830000	0,062543
67,840000	0,064455
67,850000	0,065730
67,860000	0,062543
67,870000	0,064455
67,880000	0,064455
67,890000	0,063818
67,900000	0,065092
67,910000	0,064455
67,920000	0,063180
67,930000	0,066367
67,940000	0,063818
67,950000	0,067005
67,960000	0,064455
67,970000	0,066367
67,980000	0,065730
67,990000	0,066367
68,000000	0,065730
68,010000	0,068279
68,020000	0,064455
68,030000	0,068279
68,040000	0,066367
68,050000	0,066367
68,060000	0,066367
68,070000	0,068279
68,080000	0,067005
68,090000	0,069554
68,100000	0,067005
68,110000	0,068279
68,120000	0,068917
68,130000	0,068279
68,140000	0,069554
68,150000	0,068279
68,160000	0,067642
68,170000	0,067642
68,180000	0,067642
68,190000	0,071466
68,200000	0,067005
68,210000	0,069554
68,220000	0,070829
68,230000	0,070191
68,240000	0,068917
68,250000	0,068279
68,260000	0,069554
68,270000	0,071466
68,280000	0,069554
68,290000	0,070191
68,300000	0,070191
68,310000	0,072103
68,320000	0,070191
68,330000	0,070191
68,340000	0,071466
68,350000	0,073378
68,360000	0,070829
68,370000	0,073378
68,380000	0,073378
68,390000	0,071466
68,400000	0,071466
68,410000	0,074016
68,420000	0,072103
68,430000	0,074016
68,440000	0,073378
68,450000	0,074016
68,460000	0,074016
68,470000	0,073378
68,480000	0,075290
68,490000	0,075928
68,500000	0,074016
68,510000	0,074016
68,520000	0,075290
68,530000	0,075290
68,540000	0,075290
68,550000	0,074016
68,560000	0,076565
68,570000	0,075290
68,580000	0,077840
68,590000	0,075928
68,600000	0,076565
68,610000	0,072741
68,620000	0,077840
68,630000	0,077202
68,640000	0,076565
68,650000	0,078477
68,660000	0,077202
68,670000	0,078477
68,680000	0,079114
68,690000	0,077202
68,700000	0,079114
68,710000	0,081664
68,720000	0,078477
68,730000	0,080389
68,740000	0,081664
68,750000	0,080389
68,760000	0,079752
68,770000	0,079114
68,780000	0,081664
68,790000	0,080389
68,800000	0,081664
68,810000	0,084213
68,820000	0,080389
68,830000	0,082939
68,840000	0,084213
68,850000	0,082939
68,860000	0,083576
68,870000	0,083576
68,880000	0,085488
68,890000	0,082939
68,900000	0,086126
68,910000	0,084213
68,920000	0,084851
68,930000	0,086763
68,940000	0,088038
68,950000	0,088038
68,960000	0,086126
68,970000	0,086763
68,980000	0,086126
68,990000	0,089312
69,000000	0,089312
69,010000	0,089950
69,020000	0,088038
69,030000	0,089950
69,040000	0,089950
69,050000	0,089312
69,060000	0,089312
69,070000	0,089950
69,080000	0,091862
69,090000	0,091224
69,100000	0,090587
69,110000	0,092499
69,120000	0,092499
69,130000	0,095049
69,140000	0,093774
69,150000	0,092499
69,160000	0,095049
69,170000	0,096961
69,180000	0,096961
69,190000	0,096323
69,200000	0,095049
69,210000	0,096961
69,220000	0,096961
69,230000	0,097598
69,240000	0,096323
69,250000	0,099510
69,260000	0,098235
69,270000	0,101422
69,280000	0,098235
69,290000	0,100148
69,300000	0,098873
69,310000	0,101422
69,320000	0,099510
69,330000	0,102060
69,340000	0,103972
69,350000	0,103972
69,360000	0,100785
69,370000	0,105884
69,380000	0,103334
69,390000	0,105246
69,400000	0,106521
69,410000	0,106521
69,420000	0,105246
69,430000	0,105884
69,440000	0,106521
69,450000	0,107159
69,460000	0,105884
69,470000	0,109071
69,480000	0,109071
69,490000	0,110345
69,500000	0,107159
69,510000	0,110345
69,520000	0,110983
69,530000	0,112258
69,540000	0,112895
69,550000	0,113532
69,560000	0,111620
69,570000	0,114170
69,580000	0,114170
69,590000	0,115444
69,600000	0,112895
69,610000	0,116082
69,620000	0,114807
69,630000	0,119906
69,640000	0,117994
69,650000	0,121181
69,660000	0,118631
69,670000	0,124367
69,680000	0,118631
69,690000	0,125005
69,700000	0,123093
69,710000	0,126280
69,720000	0,122455
69,730000	0,124367
69,740000	0,124367
69,750000	0,126280
69,760000	0,126917
69,770000	0,126280
69,780000	0,125005
69,790000	0,129466
69,800000	0,126917
69,810000	0,129466
69,820000	0,126280
69,830000	0,126917
69,840000	0,130104
69,850000	0,130104
69,860000	0,133291
69,870000	0,132016
69,880000	0,130741
69,890000	0,132653
69,900000	0,129466
69,910000	0,133928
69,920000	0,135203
69,930000	0,134565
69,940000	0,135203
69,950000	0,134565
69,960000	0,132016
69,970000	0,134565
69,980000	0,135203
69,990000	0,135203
70,000000	0,137752
70,010000	0,138390
70,020000	0,139027
70,030000	0,137752
70,040000	0,137115
70,050000	0,137115
70,060000	0,139027
70,070000	0,138390
70,080000	0,140302
70,090000	0,139664
70,100000	0,139664
70,110000	0,139664
70,120000	0,142851
70,130000	0,143488
70,140000	0,139664
70,150000	0,139664
70,160000	0,140939
70,170000	0,144126
70,180000	0,143488
70,190000	0,142851
70,200000	0,144126
70,210000	0,141576
70,220000	0,143488
70,230000	0,144126
70,240000	0,144763
70,250000	0,142851
70,260000	0,146675
70,270000	0,145401
70,280000	0,146038
70,290000	0,146675
70,300000	0,147313
70,310000	0,146038
70,320000	0,145401
70,330000	0,144763
70,340000	0,144763
70,350000	0,148587
70,360000	0,149862
70,370000	0,147950
70,380000	0,146038
70,390000	0,151137
70,400000	0,146675
70,410000	0,150499
70,420000	0,147313
70,430000	0,150499
70,440000	0,148587
70,450000	0,149862
70,460000	0,147313
70,470000	0,149225
70,480000	0,147313
70,490000	0,149862
70,500000	0,149862
70,510000	0,147950
70,520000	0,147313
70,530000	0,145401
70,540000	0,153049
70,550000	0,148587
70,560000	0,148587
70,570000	0,147950
70,580000	0,147950
70,590000	0,144763
70,600000	0,148587
70,610000	0,145401
70,620000	0,147950
70,630000	0,146675
70,640000	0,147950
70,650000	0,149225
70,660000	0,144126
70,670000	0,150499
70,680000	0,146038
70,690000	0,147950
70,700000	0,144763
70,710000	0,145401
70,720000	0,144763
70,730000	0,146038
70,740000	0,143488
70,750000	0,146038
70,760000	0,139664
70,770000	0,146038
70,780000	0,142214
70,790000	0,145401
70,800000	0,139027
70,810000	0,141576
70,820000	0,141576
70,830000	0,144126
70,840000	0,141576
70,850000	0,142214
70,860000	0,141576
70,870000	0,140302
70,880000	0,140302
70,890000	0,138390
70,900000	0,140302
70,910000	0,140939
70,920000	0,137115
70,930000	0,136477
70,940000	0,133928
70,950000	0,138390
70,960000	0,135840
70,970000	0,134565
70,980000	0,135203
70,990000	0,132653
71,000000	0,133928
71,010000	0,132016
71,020000	0,132653
71,030000	0,133291
71,040000	0,131379
71,050000	0,128829
71,060000	0,128192
71,070000	0,130104
71,080000	0,126917
71,090000	0,128829
71,100000	0,126280
71,110000	0,126917
71,120000	0,125005
71,130000	0,128192
71,140000	0,128192
71,150000	0,126917
71,160000	0,123093
71,170000	0,126280
71,180000	0,120543
71,190000	0,122455
71,200000	0,123093
71,210000	0,122455
71,220000	0,122455
71,230000	0,121181
71,240000	0,120543
71,250000	0,119906
71,260000	0,119906
71,270000	0,117994
71,280000	0,119269
71,290000	0,117356
71,300000	0,113532
71,310000	0,116719
71,320000	0,116719
71,330000	0,114807
71,340000	0,112895
71,350000	0,113532
71,360000	0,114170
71,370000	0,114807
71,380000	0,113532
71,390000	0,112895
71,400000	0,113532
71,410000	0,110983
71,420000	0,109071
71,430000	0,110983
71,440000	0,109708
71,450000	0,107159
71,460000	0,107159
71,470000	0,106521
71,480000	0,107159
71,490000	0,105884
71,500000	0,107159
71,510000	0,105246
71,520000	0,105884
71,530000	0,106521
71,540000	0,102697
71,550000	0,107159
71,560000	0,102697
71,570000	0,101422
71,580000	0,103334
71,590000	0,101422
71,600000	0,102697
71,610000	0,102060
71,620000	0,101422
71,630000	0,099510
71,640000	0,098873
71,650000	0,102697
71,660000	0,099510
71,670000	0,099510
71,680000	0,098235
71,690000	0,099510
71,700000	0,098235
71,710000	0,096323
71,720000	0,096961
71,730000	0,097598
71,740000	0,095686
71,750000	0,099510
71,760000	0,094411
71,770000	0,096961
71,780000	0,094411
71,790000	0,095049
71,800000	0,096323
71,810000	0,091862
71,820000	0,095049
71,830000	0,093774
71,840000	0,093774
71,850000	0,095049
71,860000	0,091224
71,870000	0,092499
71,880000	0,095049
71,890000	0,091862
71,900000	0,091862
71,910000	0,093137
71,920000	0,088675
71,930000	0,091224
71,940000	0,089950
71,950000	0,086763
71,960000	0,088675
71,970000	0,088675
71,980000	0,088675
71,990000	0,089312
72,000000	0,088675
72,010000	0,086763
72,020000	0,087400
72,030000	0,086763
72,040000	0,086126
72,050000	0,088675
72,060000	0,088038
72,070000	0,088038
72,080000	0,088038
72,090000	0,086126
72,100000	0,086126
72,110000	0,084213
72,120000	0,086763
72,130000	0,086126
72,140000	0,082939
72,150000	0,084213
72,160000	0,084213
72,170000	0,082939
72,180000	0,085488
72,190000	0,082939
72,200000	0,082939
72,210000	0,082939
72,220000	0,083576
72,230000	0,081027
72,240000	0,084213
72,250000	0,081027
72,260000	0,082939
72,270000	0,081664
72,280000	0,081027
72,290000	0,079114
72,300000	0,081664
72,310000	0,077840
72,320000	0,081664
72,330000	0,077840
72,340000	0,081027
72,350000	0,078477
72,360000	0,080389
72,370000	0,081664
72,380000	0,078477
72,390000	0,078477
72,400000	0,079114
72,410000	0,077202
72,420000	0,079114
72,430000	0,077840
72,440000	0,076565
72,450000	0,079114
72,460000	0,077840
72,470000	0,077202
72,480000	0,076565
72,490000	0,079114
72,500000	0,076565
72,510000	0,075290
72,520000	0,077202
72,530000	0,078477
72,540000	0,073378
72,550000	0,074653
72,560000	0,075928
72,570000	0,075290
72,580000	0,073378
72,590000	0,074653
72,600000	0,074016
72,610000	0,073378
72,620000	0,072741
72,630000	0,075928
72,640000	0,072741
72,650000	0,075928
72,660000	0,072103
72,670000	0,075928
72,680000	0,074016
72,690000	0,072741
72,700000	0,071466
72,710000	0,071466
72,720000	0,070829
72,730000	0,074016
72,740000	0,070191
72,750000	0,074653
72,760000	0,071466
72,770000	0,072103
72,780000	0,072741
72,790000	0,071466
72,800000	0,070829
72,810000	0,071466
72,820000	0,072103
72,830000	0,071466
72,840000	0,069554
72,850000	0,070191
72,860000	0,070829
72,870000	0,071466
72,880000	0,069554
72,890000	0,068917
72,900000	0,068917
72,910000	0,069554
72,920000	0,071466
72,930000	0,068279
72,940000	0,070191
72,950000	0,070191
72,960000	0,068279
72,970000	0,068279
72,980000	0,068917
72,990000	0,068279
73,000000	0,068917
73,010000	0,068279
73,020000	0,067642
73,030000	0,067642
73,040000	0,067005
73,050000	0,067642
73,060000	0,067005
73,070000	0,063818
73,080000	0,070191
73,090000	0,066367
73,100000	0,068279
73,110000	0,065092
73,120000	0,068279
73,130000	0,068279
73,140000	0,068279
73,150000	0,065730
73,160000	0,065092
73,170000	0,066367
73,180000	0,065092
73,190000	0,067005
73,200000	0,065730
73,210000	0,064455
73,220000	0,068917
73,230000	0,066367
73,240000	0,066367
73,250000	0,067005
73,260000	0,067005
73,270000	0,065730
73,280000	0,065092
73,290000	0,067005
73,300000	0,065730
73,310000	0,063180
73,320000	0,064455
73,330000	0,065730
73,340000	0,063180
73,350000	0,062543
73,360000	0,061906
73,370000	0,066367
73,380000	0,064455
73,390000	0,068917
73,400000	0,065092
73,410000	0,066367
73,420000	0,063818
73,430000	0,063180
73,440000	0,063180
73,450000	0,063180
73,460000	0,063180
73,470000	0,065092
73,480000	0,063180
73,490000	0,064455
73,500000	0,064455
73,510000	0,063818
73,520000	0,064455
73,530000	0,063180
73,540000	0,066367
73,550000	0,061906
73,560000	0,063818
73,570000	0,065092
73,580000	0,064455
73,590000	0,061268
73,600000	0,063180
73,610000	0,063818
73,620000	0,061906
73,630000	0,062543
73,640000	0,062543
73,650000	0,063818
73,660000	0,062543
73,670000	0,063180
73,680000	0,063180
73,690000	0,061906
73,700000	0,062543
73,710000	0,061906
73,720000	0,060631
73,730000	0,065092
73,740000	0,061906
73,750000	0,063180
73,760000	0,063180
73,770000	0,063818
73,780000	0,061268
73,790000	0,061268
73,800000	0,061268
73,810000	0,064455
73,820000	0,063180
73,830000	0,061906
73,840000	0,061268
73,850000	0,065092
73,860000	0,060631
73,870000	0,062543
73,880000	0,061268
73,890000	0,061268
73,900000	0,061906
73,910000	0,061268
73,920000	0,063818
73,930000	0,059994
73,940000	0,061906
73,950000	0,062543
73,960000	0,062543
73,970000	0,059994
73,980000	0,061906
73,990000	0,061268
74,000000	0,061268
74,010000	0,061906
74,020000	0,062543
74,030000	0,061906
74,040000	0,061906
74,050000	0,060631
74,060000	0,061268
74,070000	0,059994
74,080000	0,061268
74,090000	0,062543
74,100000	0,061906
74,110000	0,059994
74,120000	0,058719
74,130000	0,061268
74,140000	0,061268
74,150000	0,061906
74,160000	0,060631
74,170000	0,061906
74,180000	0,060631
74,190000	0,061906
74,200000	0,063180
74,210000	0,060631
74,220000	0,061906
74,230000	0,063180
74,240000	0,059994
74,250000	0,063180
74,260000	0,061268
74,270000	0,059994
74,280000	0,059356
74,290000	0,061268
74,300000	0,061268
74,310000	0,059994
74,320000	0,059356
74,330000	0,062543
74,340000	0,059994
74,350000	0,060631
74,360000	0,059994
74,370000	0,059994
74,380000	0,060631
74,390000	0,058719
74,400000	0,061268
74,410000	0,061268
74,420000	0,061268
74,430000	0,061268
74,440000	0,059994
74,450000	0,061268
74,460000	0,058719
74,470000	0,059356
74,480000	0,058719
74,490000	0,061268
74,500000	0,059994
74,510000	0,061906
74,520000	0,061906
74,530000	0,061268
74,540000	0,057444
74,550000	0,059994
74,560000	0,059994
74,570000	0,061268
74,580000	0,059356
74,590000	0,061268
74,600000	0,059994
74,610000	0,059356
74,620000	0,057444
74,630000	0,061906
74,640000	0,059994
74,650000	0,058081
74,660000	0,059356
74,670000	0,059994
74,680000	0,058081
74,690000	0,058719
74,700000	0,059356
74,710000	0,059356
74,720000	0,060631
74,730000	0,058719
74,740000	0,058719
74,750000	0,061268
74,760000	0,058081
74,770000	0,059356
74,780000	0,059356
74,790000	0,061268
74,800000	0,057444
74,810000	0,059994
74,820000	0,061268
74,830000	0,061906
74,840000	0,059994
74,850000	0,059994
74,860000	0,059356
74,870000	0,061268
74,880000	0,059994
74,890000	0,059994
74,900000	0,059994
74,910000	0,059356
74,920000	0,058719
74,930000	0,058719
74,940000	0,056169
74,950000	0,060631
74,960000	0,058719
74,970000	0,058719
74,980000	0,059994
74,990000	0,062543
75,000000	0,058719
75,010000	0,059994
75,020000	0,058719
75,030000	0,059994
75,040000	0,058719
75,050000	0,058719
75,060000	0,061268
75,070000	0,061268
75,080000	0,060631
75,090000	0,060631
75,100000	0,060631
75,110000	0,061906
75,120000	0,058719
75,130000	0,059994
75,140000	0,059356
75,150000	0,063180
75,160000	0,058081
75,170000	0,061268
75,180000	0,061268
75,190000	0,061268
75,200000	0,058081
75,210000	0,059356
75,220000	0,058719
75,230000	0,059994
75,240000	0,060631
75,250000	0,058081
75,260000	0,056169
75,270000	0,059994
75,280000	0,059994
75,290000	0,059994
75,300000	0,058719
75,310000	0,058719
75,320000	0,061268
75,330000	0,058719
75,340000	0,059994
75,350000	0,057444
75,360000	0,057444
75,370000	0,059994
75,380000	0,058719
75,390000	0,060631
75,400000	0,058719
75,410000	0,055532
75,420000	0,061268
75,430000	0,058719
75,440000	0,057444
75,450000	0,059356
75,460000	0,058719
75,470000	0,060631
75,480000	0,058081
75,490000	0,061906
75,500000	0,056169
75,510000	0,058081
75,520000	0,058081
75,530000	0,059994
75,540000	0,059356
75,550000	0,061268
75,560000	0,061906
75,570000	0,064455
75,580000	0,058719
75,590000	0,063818
75,600000	0,061268
75,610000	0,058081
75,620000	0,054895
75,630000	0,059356
75,640000	0,054895
75,650000	0,057444
75,660000	0,065092
75,670000	0,056169
75,680000	0,056169
75,690000	0,057444
75,700000	0,058719
75,710000	0,056807
75,720000	0,052345
75,730000	0,056169
75,740000	0,056807
75,750000	0,052982
75,760000	0,056807
75,770000	0,057444
75,780000	0,059356
75,790000	0,059994
75,800000	0,058081
75,810000	0,056807
75,820000	0,055532
75,830000	0,056169
75,840000	0,055532
75,850000	0,056807
75,860000	0,058081
75,870000	0,056807
75,880000	0,059356
75,890000	0,056807
75,900000	0,056169
75,910000	0,057444
75,920000	0,056169
75,930000	0,056169
75,940000	0,058719
75,950000	0,059356
75,960000	0,054895
75,970000	0,056169
75,980000	0,054257
75,990000	0,056807
76,000000	0,054895
76,010000	0,054257
76,020000	0,058081
76,030000	0,057444
76,040000	0,054895
76,050000	0,060631
76,060000	0,057444
76,070000	0,056169
76,080000	0,054257
76,090000	0,059356
76,100000	0,052982
76,110000	0,057444
76,120000	0,059356
76,130000	0,053620
76,140000	0,056169
76,150000	0,055532
76,160000	0,049796
76,170000	0,056807
76,180000	0,058081
76,190000	0,057444
76,200000	0,058081
76,210000	0,060631
76,220000	0,052982
76,230000	0,055532
76,240000	0,056807
76,250000	0,054895
76,260000	0,058719
76,270000	0,056807
76,280000	0,053620
76,290000	0,054895
76,300000	0,053620
76,310000	0,061268
76,320000	0,057444
76,330000	0,053620
76,340000	0,052982
76,350000	0,056807
76,360000	0,056169
76,370000	0,059356
76,380000	0,056807
76,390000	0,056807
76,400000	0,048521
76,410000	0,054895
76,420000	0,056807
76,430000	0,051070
76,440000	0,053620
76,450000	0,056169
76,460000	0,049158
76,470000	0,058081
76,480000	0,054895
76,490000	0,043422
76,500000	0,044697
76,510000	0,059356
76,520000	0,057444
76,530000	0,045971
76,540000	0,055532
76,550000	0,056807
76,560000	0,037048
76,570000	0,057444
76,580000	0,057444
76,590000	0,052345
76,600000	0,060631
76,610000	0,054257
76,620000	0,058719
76,630000	0,058719
76,640000	0,055532
76,650000	0,058081
76,660000	0,055532
76,670000	0,057444
76,680000	0,054257
76,690000	0,055532
76,700000	0,057444
76,710000	0,058081
76,720000	0,054257
76,730000	0,055532
76,740000	0,054895
76,750000	0,056807
76,760000	0,056169
76,770000	0,054257
76,780000	0,055532
76,790000	0,056807
76,800000	0,058719
76,810000	0,056169
76,820000	0,057444
76,830000	0,055532
76,840000	0,059994
76,850000	0,054895
76,860000	0,056807
76,870000	0,057444
76,880000	0,058081
76,890000	0,056169
76,900000	0,055532
76,910000	0,059356
76,920000	0,054895
76,930000	0,058081
76,940000	0,054257
76,950000	0,058719
76,960000	0,055532
76,970000	0,058719
76,980000	0,058081
76,990000	0,059994
77,000000	0,056169
77,010000	0,061906
77,020000	0,053620
77,030000	0,058081
77,040000	0,058081
77,050000	0,056169
77,060000	0,050433
77,070000	0,063180
77,080000	0,057444
77,090000	0,054895
77,100000	0,056807
77,110000	0,059356
77,120000	0,055532
77,130000	0,061268
77,140000	0,059356
77,150000	0,056169
77,160000	0,061268
77,170000	0,056169
77,180000	0,054895
77,190000	0,051070
77,200000	0,056169
77,210000	0,061906
77,220000	0,052345
77,230000	0,058719
77,240000	0,057444
77,250000	0,056169
77,260000	0,058719
77,270000	0,058719
77,280000	0,070191
77,290000	0,059994
77,300000	0,056807
77,310000	0,046609
77,320000	0,061906
77,330000	0,058719
77,340000	0,053620
77,350000	0,058081
77,360000	0,058719
77,370000	0,056169
77,380000	0,070191
77,390000	0,056807
77,400000	0,054257
77,410000	0,079114
77,420000	0,057444
77,430000	0,057444
77,440000	0,081027
77,450000	0,058081
77,460000	0,056807
77,470000	0,049796
77,480000	0,056807
77,490000	0,059356
77,500000	0,059356
77,510000	0,056807
77,520000	0,059994
77,530000	0,059356
77,540000	0,061906
77,550000	0,058719
77,560000	0,058719
77,570000	0,061268
77,580000	0,059994
77,590000	0,059994
77,600000	0,061906
77,610000	0,060631
77,620000	0,063180
77,630000	0,059994
77,640000	0,061268
77,650000	0,063180
77,660000	0,061268
77,670000	0,061268
77,680000	0,063818
77,690000	0,061268
77,700000	0,061268
77,710000	0,060631
77,720000	0,058081
77,730000	0,063180
77,740000	0,059994
77,750000	0,063180
77,760000	0,056169
77,770000	0,063818
77,780000	0,061906
77,790000	0,058719
77,800000	0,061268
77,810000	0,061268
77,820000	0,059994
77,830000	0,061268
77,840000	0,056807
77,850000	0,061268
77,860000	0,061268
77,870000	0,056807
77,880000	0,059994
77,890000	0,054257
77,900000	0,068279
77,910000	0,064455
77,920000	0,058081
77,930000	0,067005
77,940000	0,059356
77,950000	0,066367
77,960000	0,061268
77,970000	0,066367
77,980000	0,065092
77,990000	0,065730
78,000000	0,063180
78,010000	0,068917
78,020000	0,064455
78,030000	0,065730
78,040000	0,063818
78,050000	0,065730
78,060000	0,081664
78,070000	0,065730
78,080000	0,067005
78,090000	0,071466
78,100000	0,057444
78,110000	0,068917
78,120000	0,080389
78,130000	0,076565
78,140000	0,065092
78,150000	0,070191
78,160000	0,058719
78,170000	0,071466
78,180000	0,065092
78,190000	0,081027
78,200000	0,068279
78,210000	0,068917
78,220000	0,084213
78,230000	0,068279
78,240000	0,067642
78,250000	0,072741
78,260000	0,070191
78,270000	0,072103
78,280000	0,045971
78,290000	0,071466
78,300000	0,070191
78,310000	0,077202
78,320000	0,086763
78,330000	0,071466
78,340000	0,071466
78,350000	0,070191
78,360000	0,069554
78,370000	0,073378
78,380000	0,080389
78,390000	0,072103
78,400000	0,074653
78,410000	0,082939
78,420000	0,073378
78,430000	0,072741
78,440000	0,070829
78,450000	0,069554
78,460000	0,071466
78,470000	0,068917
78,480000	0,074653
78,490000	0,077840
78,500000	0,072103
78,510000	0,085488
78,520000	0,072103
78,530000	0,084851
78,540000	0,074016
78,550000	0,081027
78,560000	0,075928
78,570000	0,072741
78,580000	0,080389
78,590000	0,074653
78,600000	0,082939
78,610000	0,071466
78,620000	0,073378
78,630000	0,077840
78,640000	0,073378
78,650000	0,075928
78,660000	0,068917
78,670000	0,079114
78,680000	0,074016
78,690000	0,076565
78,700000	0,076565
78,710000	0,081664
78,720000	0,081027
78,730000	0,080389
78,740000	0,082301
78,750000	0,079114
78,760000	0,089312
78,770000	0,075290
78,780000	0,077840
78,790000	0,088038
78,800000	0,068917
78,810000	0,084213
78,820000	0,077202
78,830000	0,081664
78,840000	0,081664
78,850000	0,079114
78,860000	0,085488
78,870000	0,084213
78,880000	0,094411
78,890000	0,078477
78,900000	0,100148
78,910000	0,082939
78,920000	0,094411
78,930000	0,079114
78,940000	0,079114
78,950000	0,086126
78,960000	0,097598
78,970000	0,086763
78,980000	0,109708
78,990000	0,088038
79,000000	0,104609
79,010000	0,087400
79,020000	0,098873
79,030000	0,091224
79,040000	0,076565
79,050000	0,071466
79,060000	0,091224
79,070000	0,090587
79,080000	0,075928
79,090000	0,085488
79,100000	0,089950
79,110000	0,125642
79,120000	0,082301
79,130000	0,093137
79,140000	0,091224
79,150000	0,111620
79,160000	0,091862
79,170000	0,091224
79,180000	0,084851
79,190000	0,095049
79,200000	0,099510
79,210000	0,072741
79,220000	0,096323
79,230000	0,096961
79,240000	0,074653
79,250000	0,096961
79,260000	0,089950
79,270000	0,100785
79,280000	0,097598
79,290000	0,103972
79,300000	0,098873
79,310000	0,103972
79,320000	0,100785
79,330000	0,099510
79,340000	0,103334
79,350000	0,102060
79,360000	0,100148
79,370000	0,102060
79,380000	0,100785
79,390000	0,106521
79,400000	0,094411
79,410000	0,109071
79,420000	0,103334
79,430000	0,104609
79,440000	0,098873
79,450000	0,107159
79,460000	0,109071
79,470000	0,107159
79,480000	0,105884
79,490000	0,107159
79,500000	0,110345
79,510000	0,108433
79,520000	0,109708
79,530000	0,108433
79,540000	0,107796
79,550000	0,106521
79,560000	0,108433
79,570000	0,107159
79,580000	0,106521
79,590000	0,122455
79,600000	0,113532
79,610000	0,102697
79,620000	0,110345
79,630000	0,121181
79,640000	0,103972
79,650000	0,117356
79,660000	0,126917
79,670000	0,125642
79,680000	0,106521
79,690000	0,112258
79,700000	0,128829
79,710000	0,113532
79,720000	0,116082
79,730000	0,125642
79,740000	0,113532
79,750000	0,119906
79,760000	0,122455
79,770000	0,124367
79,780000	0,143488
79,790000	0,128192
79,800000	0,125005
79,810000	0,139027
79,820000	0,119906
79,830000	0,125005
79,840000	0,120543
79,850000	0,120543
79,860000	0,128192
79,870000	0,116082
79,880000	0,116719
79,890000	0,132653
79,900000	0,150499
79,910000	0,132653
79,920000	0,130104
79,930000	0,156873
79,940000	0,133291
79,950000	0,126917
79,960000	0,084213
79,970000	0,149862
79,980000	0,132653
79,990000	0,132653
80,000000	0,149225
80,010000	0,132653
80,020000	0,136477
80,030000	0,159423
80,040000	0,135203
80,050000	0,137752
80,060000	0,165796
80,070000	0,137752
80,080000	0,135840
80,090000	0,169620
80,100000	0,136477
80,110000	0,139664
80,120000	0,142851
80,130000	0,143488
80,140000	0,137752
80,150000	0,140302
80,160000	0,138390
80,170000	0,132653
80,180000	0,135840
80,190000	0,132653
80,200000	0,139664
80,210000	0,140302
80,220000	0,147950
80,230000	0,144126
80,240000	0,148587
80,250000	0,137752
80,260000	0,147950
80,270000	0,144126
80,280000	0,149862
80,290000	0,142851
80,300000	0,142851
80,310000	0,136477
80,320000	0,138390
80,330000	0,149225
80,340000	0,142214
80,350000	0,137115
80,360000	0,148587
80,370000	0,141576
80,380000	0,142851
80,390000	0,126280
80,400000	0,141576
80,410000	0,139664
80,420000	0,142851
80,430000	0,149225
80,440000	0,152412
80,450000	0,151137
80,460000	0,141576
80,470000	0,168983
80,480000	0,148587
80,490000	0,159423
80,500000	0,134565
80,510000	0,144126
80,520000	0,149225
80,530000	0,126917
80,540000	0,146038
80,550000	0,131379
80,560000	0,149862
80,570000	0,144126
80,580000	0,139027
80,590000	0,155598
80,600000	0,143488
80,610000	0,167708
80,620000	0,142214
80,630000	0,149862
80,640000	0,142851
80,650000	0,153049
80,660000	0,151137
80,670000	0,142214
80,680000	0,150499
80,690000	0,160060
80,700000	0,148587
80,710000	0,162609
80,720000	0,137752
80,730000	0,140302
80,740000	0,135840
80,750000	0,173445
80,760000	0,143488
80,770000	0,184280
80,780000	0,172170
80,790000	0,146675
80,800000	0,200851
80,810000	0,126917
80,820000	0,146675
80,830000	0,139664
80,840000	0,193203
80,850000	0,147950
80,860000	0,137115
80,870000	0,157511
80,880000	0,136477
80,890000	0,137752
80,900000	0,112258
80,910000	0,130741
80,920000	0,140302
80,930000	0,112258
80,940000	0,135840
80,950000	0,139027
80,960000	0,119906
80,970000	0,139027
80,980000	0,139027
80,990000	0,143488
81,000000	0,130104
81,010000	0,130104
81,020000	0,132016
81,030000	0,126280
81,040000	0,133291
81,050000	0,126280
81,060000	0,131379
81,070000	0,131379
81,080000	0,137115
81,090000	0,130741
81,100000	0,132016
81,110000	0,132653
81,120000	0,128192
81,130000	0,125005
81,140000	0,121181
81,150000	0,124367
81,160000	0,119906
81,170000	0,121181
81,180000	0,121181
81,190000	0,123093
81,200000	0,115444
81,210000	0,128192
81,220000	0,123093
81,230000	0,130104
81,240000	0,125005
81,250000	0,119906
81,260000	0,121181
81,270000	0,119906
81,280000	0,111620
81,290000	0,117994
81,300000	0,121181
81,310000	0,112258
81,320000	0,093774
81,330000	0,125642
81,340000	0,123730
81,350000	0,104609
81,360000	0,110345
81,370000	0,126917
81,380000	0,116082
81,390000	0,111620
81,400000	0,119906
81,410000	0,119906
81,420000	0,114807
81,430000	0,107159
81,440000	0,115444
81,450000	0,112895
81,460000	0,107796
81,470000	0,114807
81,480000	0,101422
81,490000	0,113532
81,500000	0,103334
81,510000	0,109071
81,520000	0,117356
81,530000	0,103972
81,540000	0,104609
81,550000	0,104609
81,560000	0,098873
81,570000	0,104609
81,580000	0,079752
81,590000	0,101422
81,600000	0,099510
81,610000	0,094411
81,620000	0,103334
81,630000	0,099510
81,640000	0,126280
81,650000	0,102060
81,660000	0,101422
81,670000	0,130741
81,680000	0,101422
81,690000	0,101422
81,700000	0,065730
81,710000	0,099510
81,720000	0,098873
81,730000	0,055532
81,740000	0,097598
81,750000	0,098235
81,760000	0,075928
81,770000	0,098235
81,780000	0,095049
81,790000	0,114170
81,800000	0,093774
81,810000	0,093774
81,820000	0,100148
81,830000	0,092499
81,840000	0,093137
81,850000	0,098873
81,860000	0,091224
81,870000	0,094411
81,880000	0,091224
81,890000	0,091224
81,900000	0,093774
81,910000	0,089312
81,920000	0,087400
81,930000	0,088038
81,940000	0,093137
81,950000	0,086126
81,960000	0,091862
81,970000	0,086763
81,980000	0,087400
81,990000	0,088038
82,000000	0,088038
82,010000	0,084851
82,020000	0,089312
82,030000	0,088675
82,040000	0,094411
82,050000	0,084851
82,060000	0,084851
82,070000	0,088038
82,080000	0,082301
82,090000	0,087400
82,100000	0,077202
82,110000	0,086763
82,120000	0,085488
82,130000	0,081027
82,140000	0,088675
82,150000	0,088038
82,160000	0,091862
82,170000	0,077840
82,180000	0,087400
82,190000	0,102697
82,200000	0,074653
82,210000	0,081664
82,220000	0,086763
82,230000	0,084213
82,240000	0,084213
82,250000	0,079114
82,260000	0,086126
82,270000	0,085488
82,280000	0,076565
82,290000	0,089312
82,300000	0,075928
82,310000	0,075928
82,320000	0,072741
82,330000	0,071466
82,340000	0,077202
82,350000	0,074653
82,360000	0,067005
82,370000	0,077840
82,380000	0,090587
82,390000	0,083576
82,400000	0,077840
82,410000	0,075290
82,420000	0,083576
82,430000	0,077202
82,440000	0,074653
82,450000	0,095686
82,460000	0,077840
82,470000	0,075290
82,480000	0,072103
82,490000	0,077202
82,500000	0,075290
82,510000	0,054257
82,520000	0,077840
82,530000	0,075290
82,540000	0,056169
82,550000	0,073378
82,560000	0,075290
82,570000	0,103334
82,580000	0,071466
82,590000	0,072103
82,600000	0,096323
82,610000	0,073378
82,620000	0,074016
82,630000	0,080389
82,640000	0,074653
82,650000	0,073378
82,660000	0,061268
82,670000	0,074016
82,680000	0,074016
82,690000	0,070829
82,700000	0,070829
82,710000	0,070829
82,720000	0,065092
82,730000	0,072741
82,740000	0,065730
82,750000	0,068917
82,760000	0,068917
82,770000	0,073378
82,780000	0,074653
82,790000	0,068279
82,800000	0,075928
82,810000	0,076565
82,820000	0,076565
82,830000	0,075928
82,840000	0,076565
82,850000	0,075928
82,860000	0,072741
82,870000	0,070191
82,880000	0,071466
82,890000	0,071466
82,900000	0,065730
82,910000	0,070191
82,920000	0,068917
82,930000	0,071466
82,940000	0,067642
82,950000	0,066367
82,960000	0,072741
82,970000	0,079114
82,980000	0,067005
82,990000	0,073378
83,000000	0,065730
83,010000	0,075290
83,020000	0,063180
83,030000	0,076565
83,040000	0,072741
83,050000	0,065730
83,060000	0,065730
83,070000	0,079752
83,080000	0,061906
83,090000	0,070829
83,100000	0,064455
83,110000	0,064455
83,120000	0,067005
83,130000	0,056169
83,140000	0,073378
83,150000	0,052982
83,160000	0,063818
83,170000	0,070191
83,180000	0,063180
83,190000	0,072741
83,200000	0,067642
83,210000	0,065092
83,220000	0,075928
83,230000	0,066367
83,240000	0,072741
83,250000	0,062543
83,260000	0,067642
83,270000	0,064455
83,280000	0,052982
83,290000	0,062543
83,300000	0,054257
83,310000	0,059994
83,320000	0,061906
83,330000	0,068917
83,340000	0,065092
83,350000	0,064455
83,360000	0,073378
83,370000	0,069554
83,380000	0,061906
83,390000	0,066367
83,400000	0,067642
83,410000	0,065092
83,420000	0,063818
83,430000	0,042785
83,440000	0,062543
83,450000	0,065092
83,460000	0,063818
83,470000	0,063818
83,480000	0,063818
83,490000	0,068917
83,500000	0,064455
83,510000	0,065730
83,520000	0,077840
83,530000	0,061906
83,540000	0,063818
83,550000	0,073378
83,560000	0,063818
83,570000	0,063818
83,580000	0,058719
83,590000	0,065730
83,600000	0,061268
83,610000	0,061268
83,620000	0,061906
83,630000	0,061268
83,640000	0,065730
83,650000	0,061268
83,660000	0,062543
83,670000	0,065092
83,680000	0,063180
83,690000	0,066367
83,700000	0,055532
83,710000	0,063180
83,720000	0,063180
83,730000	0,061906
83,740000	0,059994
83,750000	0,061268
83,760000	0,065730
83,770000	0,065092
83,780000	0,063180
83,790000	0,071466
83,800000	0,059356
83,810000	0,067642
83,820000	0,056807
83,830000	0,063180
83,840000	0,062543
83,850000	0,056169
83,860000	0,061268
83,870000	0,065092
83,880000	0,059356
83,890000	0,056169
83,900000	0,059994
83,910000	0,067005
83,920000	0,063818
83,930000	0,056807
83,940000	0,070191
83,950000	0,058719
83,960000	0,052982
83,970000	0,063180
83,980000	0,061268
83,990000	0,059994
84,000000	0,058081
84,010000	0,060631
84,020000	0,062543
84,030000	0,061906
84,040000	0,060631
84,050000	0,063818
84,060000	0,060631
84,070000	0,058719
84,080000	0,050433
84,090000	0,061268
84,100000	0,061268
84,110000	0,049796
84,120000	0,066367
84,130000	0,059356
84,140000	0,062543
84,150000	0,065730
84,160000	0,060631
84,170000	0,075290
84,180000	0,058719
84,190000	0,061268
84,200000	0,048521
84,210000	0,059994
84,220000	0,059994
84,230000	0,047884
84,240000	0,055532
84,250000	0,060631
84,260000	0,051070
84,270000	0,058719
84,280000	0,058719
84,290000	0,086763
84,300000	0,056807
84,310000	0,061268
84,320000	0,083576
84,330000	0,057444
84,340000	0,059356
84,350000	0,049796
84,360000	0,060631
84,370000	0,062543
84,380000	0,052345
84,390000	0,061268
84,400000	0,060631
84,410000	0,058719
84,420000	0,058081
84,430000	0,057444
84,440000	0,061268
84,450000	0,056169
84,460000	0,061268
84,470000	0,055532
84,480000	0,061906
84,490000	0,058081
84,500000	0,061906
84,510000	0,061906
84,520000	0,062543
84,530000	0,061268
84,540000	0,062543
84,550000	0,063180
84,560000	0,061268
84,570000	0,061268
84,580000	0,062543
84,590000	0,060631
84,600000	0,059994
84,610000	0,059994
84,620000	0,057444
84,630000	0,058719
84,640000	0,060631
84,650000	0,061906
84,660000	0,065092
84,670000	0,061906
84,680000	0,064455
84,690000	0,058719
84,700000	0,060631
84,710000	0,058081
84,720000	0,058081
84,730000	0,056807
84,740000	0,063180
84,750000	0,056169
84,760000	0,065092
84,770000	0,060631
84,780000	0,045971
84,790000	0,059356
84,800000	0,050433
84,810000	0,059994
84,820000	0,064455
84,830000	0,056169
84,840000	0,071466
84,850000	0,061906
84,860000	0,070191
84,870000	0,063818
84,880000	0,044697
84,890000	0,061268
84,900000	0,054895
84,910000	0,065730
84,920000	0,052982
84,930000	0,061268
84,940000	0,050433
84,950000	0,051070
84,960000	0,043422
84,970000	0,063180
84,980000	0,054257
84,990000	0,058719
85,000000	0,053620
85,010000	0,049796
85,020000	0,064455
85,030000	0,045334
85,040000	0,063180
85,050000	0,059994
85,060000	0,073378
85,070000	0,042785
85,080000	0,056169
85,090000	0,068917
85,100000	0,061268
85,110000	0,061268
85,120000	0,050433
85,130000	0,061906
85,140000	0,061268
85,150000	0,038323
85,160000	0,065092
85,170000	0,058719
85,180000	0,071466
85,190000	0,062543
85,200000	0,061906
85,210000	0,073378
85,220000	0,056807
85,230000	0,059994
85,240000	0,063818
85,250000	0,058719
85,260000	0,056169
85,270000	0,058081
85,280000	0,058719
85,290000	0,054895
85,300000	0,062543
85,310000	0,060631
85,320000	0,063180
85,330000	0,057444
85,340000	0,061906
85,350000	0,058719
85,360000	0,059994
85,370000	0,056807
85,380000	0,058719
85,390000	0,060631
85,400000	0,059356
85,410000	0,062543
85,420000	0,060631
85,430000	0,058081
85,440000	0,059994
85,450000	0,058719
85,460000	0,060631
85,470000	0,059356
85,480000	0,056807
85,490000	0,061268
85,500000	0,056807
85,510000	0,063818
85,520000	0,056169
85,530000	0,056169
85,540000	0,059356
85,550000	0,055532
85,560000	0,055532
85,570000	0,051070
85,580000	0,056807
85,590000	0,060631
85,600000	0,056169
85,610000	0,052982
85,620000	0,058719
85,630000	0,059994
85,640000	0,056807
85,650000	0,056169
85,660000	0,065730
85,670000	0,062543
85,680000	0,049796
85,690000	0,057444
85,700000	0,062543
85,710000	0,057444
85,720000	0,053620
85,730000	0,054257
85,740000	0,060631
85,750000	0,053620
85,760000	0,055532
85,770000	0,047246
85,780000	0,056169
85,790000	0,049796
85,800000	0,045971
85,810000	0,056807
85,820000	0,053620
85,830000	0,052982
85,840000	0,055532
85,850000	0,054895
85,860000	0,064455
85,870000	0,055532
85,880000	0,050433
85,890000	0,052345
85,900000	0,056169
85,910000	0,073378
85,920000	0,040873
85,930000	0,056169
85,940000	0,073378
85,950000	0,059994
85,960000	0,058081
85,970000	0,079114
85,980000	0,059356
85,990000	0,058719
86,000000	0,057444
86,010000	0,052982
86,020000	0,055532
86,030000	0,073378
86,040000	0,053620
86,050000	0,055532
86,060000	0,055532
86,070000	0,058081
86,080000	0,055532
86,090000	0,045334
86,100000	0,056169
86,110000	0,059356
86,120000	0,038323
86,130000	0,057444
86,140000	0,057444
86,150000	0,055532
86,160000	0,055532
86,170000	0,055532
86,180000	0,057444
86,190000	0,056169
86,200000	0,053620
86,210000	0,054257
86,220000	0,054257
86,230000	0,056169
86,240000	0,055532
86,250000	0,058719
86,260000	0,056169
86,270000	0,056169
86,280000	0,054895
86,290000	0,059994
86,300000	0,059356
86,310000	0,059994
86,320000	0,053620
86,330000	0,050433
86,340000	0,055532
86,350000	0,062543
86,360000	0,049158
86,370000	0,056169
86,380000	0,056169
86,390000	0,063180
86,400000	0,060631
86,410000	0,047884
86,420000	0,062543
86,430000	0,055532
86,440000	0,053620
86,450000	0,044697
86,460000	0,056807
86,470000	0,065092
86,480000	0,052345
86,490000	0,063818
86,500000	0,056169
86,510000	0,048521
86,520000	0,059994
86,530000	0,047884
86,540000	0,054257
86,550000	0,057444
86,560000	0,050433
86,570000	0,054257
86,580000	0,061268
86,590000	0,042785
86,600000	0,059356
86,610000	0,038960
86,620000	0,054895
86,630000	0,058719
86,640000	0,056169
86,650000	0,064455
86,660000	0,057444
86,670000	0,057444
86,680000	0,052982
86,690000	0,058081
86,700000	0,059994
86,710000	0,056807
86,720000	0,054257
86,730000	0,057444
86,740000	0,054257
86,750000	0,052345
86,760000	0,042147
86,770000	0,053620
86,780000	0,054257
86,790000	0,047246
86,800000	0,056169
86,810000	0,056169
86,820000	0,071466
86,830000	0,058719
86,840000	0,059356
86,850000	0,074653
86,860000	0,056169
86,870000	0,058081
86,880000	0,029400
86,890000	0,056169
86,900000	0,057444
86,910000	0,031949
86,920000	0,058081
86,930000	0,050433
86,940000	0,051070
86,950000	0,055532
86,960000	0,056807
86,970000	0,069554
86,980000	0,056169
86,990000	0,058719
87,000000	0,054895
87,010000	0,058719
87,020000	0,057444
87,030000	0,052982
87,040000	0,053620
87,050000	0,056807
87,060000	0,056807
87,070000	0,055532
87,080000	0,056169
87,090000	0,054895
87,100000	0,054257
87,110000	0,058081
87,120000	0,056169
87,130000	0,056169
87,140000	0,056169
87,150000	0,056169
87,160000	0,059356
87,170000	0,056169
87,180000	0,054895
87,190000	0,057444
87,200000	0,056807
87,210000	0,058081
87,220000	0,058081
87,230000	0,058719
87,240000	0,059356
87,250000	0,056807
87,260000	0,052345
87,270000	0,061268
87,280000	0,054257
87,290000	0,060631
87,300000	0,058719
87,310000	0,060631
87,320000	0,070829
87,330000	0,060631
87,340000	0,051708
87,350000	0,065730
87,360000	0,056169
87,370000	0,058719
87,380000	0,061906
87,390000	0,059994
87,400000	0,053620
87,410000	0,051070
87,420000	0,053620
87,430000	0,063818
87,440000	0,057444
87,450000	0,059994
87,460000	0,054257
87,470000	0,058719
87,480000	0,062543
87,490000	0,061268
87,500000	0,058081
87,510000	0,054257
87,520000	0,059994
87,530000	0,057444
87,540000	0,049796
87,550000	0,057444
87,560000	0,061268
87,570000	0,057444
87,580000	0,063818
87,590000	0,058719
87,600000	0,065092
87,610000	0,063180
87,620000	0,058081
87,630000	0,064455
87,640000	0,059356
87,650000	0,061268
87,660000	0,049796
87,670000	0,058719
87,680000	0,057444
87,690000	0,043422
87,700000	0,054895
87,710000	0,061268
87,720000	0,070191
87,730000	0,059994
87,740000	0,060631
87,750000	0,089950
87,760000	0,061268
87,770000	0,058081
87,780000	0,081664
87,790000	0,062543
87,800000	0,060631
87,810000	0,048521
87,820000	0,061906
87,830000	0,061268
87,840000	0,054257
87,850000	0,063180
87,860000	0,059994
87,870000	0,060631
87,880000	0,061268
87,890000	0,063818
87,900000	0,064455
87,910000	0,061268
87,920000	0,063818
87,930000	0,063180
87,940000	0,063180
87,950000	0,064455
87,960000	0,063818
87,970000	0,068279
87,980000	0,064455
87,990000	0,064455
88,000000	0,065730
88,010000	0,061906
88,020000	0,064455
88,030000	0,064455
88,040000	0,062543
88,050000	0,060631
88,060000	0,065092
88,070000	0,059356
88,080000	0,065092
88,090000	0,068279
88,100000	0,063818
88,110000	0,070191
88,120000	0,067642
88,130000	0,068279
88,140000	0,070191
88,150000	0,066367
88,160000	0,070191
88,170000	0,070829
88,180000	0,063818
88,190000	0,067005
88,200000	0,058081
88,210000	0,063818
88,220000	0,065092
88,230000	0,059994
88,240000	0,070191
88,250000	0,068917
88,260000	0,069554
88,270000	0,074653
88,280000	0,072103
88,290000	0,072741
88,300000	0,067642
88,310000	0,070829
88,320000	0,071466
88,330000	0,067642
88,340000	0,067642
88,350000	0,072103
88,360000	0,072741
88,370000	0,077202
88,380000	0,070191
88,390000	0,081664
88,400000	0,058719
88,410000	0,070191
88,420000	0,081027
88,430000	0,057444
88,440000	0,072103
88,450000	0,065092
88,460000	0,053620
88,470000	0,073378
88,480000	0,087400
88,490000	0,052982
88,500000	0,076565
88,510000	0,064455
88,520000	0,071466
88,530000	0,073378
88,540000	0,070829
88,550000	0,046609
88,560000	0,079114
88,570000	0,074653
88,580000	0,049158
88,590000	0,074653
88,600000	0,068917
88,610000	0,078477
88,620000	0,079114
88,630000	0,076565
88,640000	0,072741
88,650000	0,075290
88,660000	0,086126
88,670000	0,087400
88,680000	0,082301
88,690000	0,079114
88,700000	0,089312
88,710000	0,076565
88,720000	0,076565
88,730000	0,077202
88,740000	0,077202
88,750000	0,079114
88,760000	0,080389
88,770000	0,084213
88,780000	0,077202
88,790000	0,081027
88,800000	0,077840
88,810000	0,076565
88,820000	0,084213
88,830000	0,079752
88,840000	0,081664
88,850000	0,070829
88,860000	0,083576
88,870000	0,082939
88,880000	0,074016
88,890000	0,079752
88,900000	0,082939
88,910000	0,089312
88,920000	0,087400
88,930000	0,080389
88,940000	0,091862
88,950000	0,085488
88,960000	0,088038
88,970000	0,086126
88,980000	0,081664
88,990000	0,098873
89,000000	0,082301
89,010000	0,082939
89,020000	0,091224
89,030000	0,100785
89,040000	0,091224
89,050000	0,088038
89,060000	0,098873
89,070000	0,095049
89,080000	0,088675
89,090000	0,107159
89,100000	0,102060
89,110000	0,107796
89,120000	0,096961
89,130000	0,088675
89,140000	0,093137
89,150000	0,084213
89,160000	0,093137
89,170000	0,085488
89,180000	0,087400
89,190000	0,098873
89,200000	0,098873
89,210000	0,092499
89,220000	0,092499
89,230000	0,087400
89,240000	0,098235
89,250000	0,100785
89,260000	0,079752
89,270000	0,103334
89,280000	0,101422
89,290000	0,089312
89,300000	0,103972
89,310000	0,102697
89,320000	0,128192
89,330000	0,105884
89,340000	0,101422
89,350000	0,106521
89,360000	0,104609
89,370000	0,103972
89,380000	0,081027
89,390000	0,100785
89,400000	0,101422
89,410000	0,104609
89,420000	0,102060
89,430000	0,107159
89,440000	0,146675
89,450000	0,096961
89,460000	0,110345
89,470000	0,156236
89,480000	0,097598
89,490000	0,106521
89,500000	0,087400
89,510000	0,109708
89,520000	0,112258
89,530000	0,095049
89,540000	0,110983
89,550000	0,112895
89,560000	0,114170
89,570000	0,109071
89,580000	0,109708
89,590000	0,110345
89,600000	0,109708
89,610000	0,107159
89,620000	0,114170
89,630000	0,112258
89,640000	0,115444
89,650000	0,109708
89,660000	0,119269
89,670000	0,114170
89,680000	0,121818
89,690000	0,123093
89,700000	0,121818
89,710000	0,120543
89,720000	0,123093
89,730000	0,116082
89,740000	0,121818
89,750000	0,119906
89,760000	0,117356
89,770000	0,126917
89,780000	0,118631
89,790000	0,128829
89,800000	0,117994
89,810000	0,125005
89,820000	0,121181
89,830000	0,129466
89,840000	0,137752
89,850000	0,132653
89,860000	0,118631
89,870000	0,133928
89,880000	0,123730
89,890000	0,119906
89,900000	0,115444
89,910000	0,139027
89,920000	0,125005
89,930000	0,114170
89,940000	0,129466
89,950000	0,132653
89,960000	0,120543
89,970000	0,139027
89,980000	0,142851
89,990000	0,128192
90,000000	0,130741
90,010000	0,139027
90,020000	0,135840
90,030000	0,134565
90,040000	0,124367
90,050000	0,131379
90,060000	0,135840
90,070000	0,128192
90,080000	0,126917
90,090000	0,132016
90,100000	0,160697
90,110000	0,134565
90,120000	0,135840
90,130000	0,128829
90,140000	0,109708
90,150000	0,130741
90,160000	0,131379
90,170000	0,109708
90,180000	0,137115
90,190000	0,109708
90,200000	0,165159
90,210000	0,139027
90,220000	0,153686
90,230000	0,164522
90,240000	0,137115
90,250000	0,149862
90,260000	0,089312
90,270000	0,151137
90,280000	0,143488
90,290000	0,151137
90,300000	0,141576
90,310000	0,132016
90,320000	0,078477
90,330000	0,132653
90,340000	0,145401
90,350000	0,103972
90,360000	0,139664
90,370000	0,157511
90,380000	0,167071
90,390000	0,158785
90,400000	0,141576
90,410000	0,181730
90,420000	0,150499
90,430000	0,137752
90,440000	0,144126
90,450000	0,132016
90,460000	0,146675
90,470000	0,139664
90,480000	0,142851
90,490000	0,145401
90,500000	0,132016
90,510000	0,145401
90,520000	0,151137
90,530000	0,146675
90,540000	0,132016
90,550000	0,140939
90,560000	0,151774
90,570000	0,158785
90,580000	0,136477
90,590000	0,153049
90,600000	0,158785
90,610000	0,141576
90,620000	0,132653
90,630000	0,133928
90,640000	0,132016
90,650000	0,147950
90,660000	0,124367
90,670000	0,145401
90,680000	0,121818
90,690000	0,157511
90,700000	0,163247
90,710000	0,142851
90,720000	0,153686
90,730000	0,140302
90,740000	0,139027
90,750000	0,143488
90,760000	0,139027
90,770000	0,149225
90,780000	0,123093
90,790000	0,165159
90,800000	0,103972
90,810000	0,147313
90,820000	0,154961
90,830000	0,127554
90,840000	0,179181
90,850000	0,143488
90,860000	0,135203
90,870000	0,146038
90,880000	0,131379
90,890000	0,129466
90,900000	0,131379
90,910000	0,122455
90,920000	0,143488
90,930000	0,113532
90,940000	0,135203
90,950000	0,135840
90,960000	0,127554
90,970000	0,143488
90,980000	0,133928
90,990000	0,136477
91,000000	0,136477
91,010000	0,137752
91,020000	0,153049
91,030000	0,133291
91,040000	0,137115
91,050000	0,104609
91,060000	0,134565
91,070000	0,128829
91,080000	0,173445
91,090000	0,170895
91,100000	0,121818
91,110000	0,114170
91,120000	0,110983
91,130000	0,127554
91,140000	0,126917
91,150000	0,172170
91,160000	0,126280
91,170000	0,124367
91,180000	0,177906
91,190000	0,128192
91,200000	0,126917
91,210000	0,130741
91,220000	0,121181
91,230000	0,123093
91,240000	0,111620
91,250000	0,122455
91,260000	0,117356
91,270000	0,112895
91,280000	0,115444
91,290000	0,122455
91,300000	0,115444
91,310000	0,115444
91,320000	0,112895
91,330000	0,115444
91,340000	0,118631
91,350000	0,112258
91,360000	0,113532
91,370000	0,110983
91,380000	0,113532
91,390000	0,110345
91,400000	0,116082
91,410000	0,105884
91,420000	0,116719
91,430000	0,116082
91,440000	0,109071
91,450000	0,105246
91,460000	0,114807
91,470000	0,112895
91,480000	0,109071
91,490000	0,100148
91,500000	0,107159
91,510000	0,109071
91,520000	0,100785
91,530000	0,107159
91,540000	0,110345
91,550000	0,103972
91,560000	0,107796
91,570000	0,109071
91,580000	0,103972
91,590000	0,105246
91,600000	0,096961
91,610000	0,101422
91,620000	0,086126
91,630000	0,100785
91,640000	0,114170
91,650000	0,081027
91,660000	0,109708
91,670000	0,107796
91,680000	0,094411
91,690000	0,112895
91,700000	0,103972
91,710000	0,102697
91,720000	0,088038
91,730000	0,098235
91,740000	0,106521
91,750000	0,096961
91,760000	0,091862
91,770000	0,096961
91,780000	0,096961
91,790000	0,097598
91,800000	0,091862
91,810000	0,094411
91,820000	0,107159
91,830000	0,088675
91,840000	0,088675
91,850000	0,098873
91,860000	0,086126
91,870000	0,090587
91,880000	0,069554
91,890000	0,079114
91,900000	0,089312
91,910000	0,074016
91,920000	0,098873
91,930000	0,091224
91,940000	0,089950
91,950000	0,056169
91,960000	0,089950
91,970000	0,095686
91,980000	0,082301
91,990000	0,086763
92,000000	0,087400
92,010000	0,051070
92,020000	0,086763
92,030000	0,088675
92,040000	0,047884
92,050000	0,084213
92,060000	0,093774
92,070000	0,065730
92,080000	0,085488
92,090000	0,087400
92,100000	0,101422
92,110000	0,085488
92,120000	0,084851
92,130000	0,098873
92,140000	0,085488
92,150000	0,077202
92,160000	0,086126
92,170000	0,081027
92,180000	0,081664
92,190000	0,075290
92,200000	0,081027
92,210000	0,083576
92,220000	0,078477
92,230000	0,075290
92,240000	0,078477
92,250000	0,077840
92,260000	0,079752
92,270000	0,081027
92,280000	0,081027
92,290000	0,085488
92,300000	0,081664
92,310000	0,088038
92,320000	0,074653
92,330000	0,075290
92,340000	0,077840
92,350000	0,076565
92,360000	0,075290
92,370000	0,065730
92,380000	0,077202
92,390000	0,086763
92,400000	0,070829
92,410000	0,070191
92,420000	0,081027
92,430000	0,074016
92,440000	0,079114
92,450000	0,074653
92,460000	0,075290
92,470000	0,090587
92,480000	0,073378
92,490000	0,068917
92,500000	0,074016
92,510000	0,084213
92,520000	0,066367
92,530000	0,084851
92,540000	0,073378
92,550000	0,084213
92,560000	0,070191
92,570000	0,068917
92,580000	0,072741
92,590000	0,071466
92,600000	0,072741
92,610000	0,092499
92,620000	0,070191
92,630000	0,071466
92,640000	0,063818
92,650000	0,070829
92,660000	0,071466
92,670000	0,056807
92,680000	0,066367
92,690000	0,078477
92,700000	0,079114
92,710000	0,077840
92,720000	0,072103
92,730000	0,082939
92,740000	0,067642
92,750000	0,065730
92,760000	0,076565
92,770000	0,063818
92,780000	0,070191
92,790000	0,058081
92,800000	0,063818
92,810000	0,076565
92,820000	0,090587
92,830000	0,079114
92,840000	0,069554
92,850000	0,082301
92,860000	0,060631
92,870000	0,070191
92,880000	0,069554
92,890000	0,089312
92,900000	0,067642
92,910000	0,068279
92,920000	0,081027
92,930000	0,066367
92,940000	0,068917
92,950000	0,056807
92,960000	0,068917
92,970000	0,070191
92,980000	0,058719
92,990000	0,070829
93,000000	0,068917
93,010000	0,065092
93,020000	0,067642
93,030000	0,067005
93,040000	0,067005
93,050000	0,067642
93,060000	0,066367
93,070000	0,067005
93,080000	0,068279
93,090000	0,068917
93,100000	0,068279
93,110000	0,068917
93,120000	0,065730
93,130000	0,068279
93,140000	0,067642
93,150000	0,063818
93,160000	0,070191
93,170000	0,063818
93,180000	0,067005
93,190000	0,059994
93,200000	0,068279
93,210000	0,068917
93,220000	0,063180
93,230000	0,067005
93,240000	0,068279
93,250000	0,065092
93,260000	0,065092
93,270000	0,066367
93,280000	0,072103
93,290000	0,067005
93,300000	0,061906
93,310000	0,066367
93,320000	0,063180
93,330000	0,059994
93,340000	0,063818
93,350000	0,066367
93,360000	0,061906
93,370000	0,056169
93,380000	0,064455
93,390000	0,072103
93,400000	0,063180
93,410000	0,065092
93,420000	0,072103
93,430000	0,059994
93,440000	0,063818
93,450000	0,067642
93,460000	0,061268
93,470000	0,065092
93,480000	0,060631
93,490000	0,061268
93,500000	0,061906
93,510000	0,067642
93,520000	0,061268
93,530000	0,063818
93,540000	0,074653
93,550000	0,066367
93,560000	0,061906
93,570000	0,057444
93,580000	0,059994
93,590000	0,062543
93,600000	0,049796
93,610000	0,060631
93,620000	0,061906
93,630000	0,050433
93,640000	0,068279
93,650000	0,062543
93,660000	0,081027
93,670000	0,064455
93,680000	0,061906
93,690000	0,062543
93,700000	0,063818
93,710000	0,062543
93,720000	0,044059
93,730000	0,061906
93,740000	0,060631
93,750000	0,045971
93,760000	0,061268
93,770000	0,061906
93,780000	0,072741
93,790000	0,061268
93,800000	0,063180
93,810000	0,072741
93,820000	0,062543
93,830000	0,061268
93,840000	0,059356
93,850000	0,061906
93,860000	0,062543
93,870000	0,061268
93,880000	0,059994
93,890000	0,061268
93,900000	0,060631
93,910000	0,058719
93,920000	0,061268
93,930000	0,061268
93,940000	0,061906
93,950000	0,060631
93,960000	0,057444
93,970000	0,061268
93,980000	0,059994
93,990000	0,061268
94,000000	0,058719
94,010000	0,061906
94,020000	0,059356
94,030000	0,061268
94,040000	0,063818
94,050000	0,060631
94,060000	0,061906
94,070000	0,061268
94,080000	0,061268
94,090000	0,063180
94,100000	0,056807
94,110000	0,058719
94,120000	0,056169
94,130000	0,056169
94,140000	0,056169
94,150000	0,054895
94,160000	0,059994
94,170000	0,059994
94,180000	0,056169
94,190000	0,063180
94,200000	0,056169
94,210000	0,068917
94,220000	0,057444
94,230000	0,059994
94,240000	0,067642
94,250000	0,055532
94,260000	0,060631
94,270000	0,056807
94,280000	0,055532
94,290000	0,057444
94,300000	0,052982
94,310000	0,063180
94,320000	0,058081
94,330000	0,056169
94,340000	0,061906
94,350000	0,060631
94,360000	0,059994
94,370000	0,051708
94,380000	0,060631
94,390000	0,059994
94,400000	0,053620
94,410000	0,056169
94,420000	0,061268
94,430000	0,058719
94,440000	0,054895
94,450000	0,056807
94,460000	0,068279
94,470000	0,061268
94,480000	0,058081
94,490000	0,056169
94,500000	0,070191
94,510000	0,057444
94,520000	0,049158
94,530000	0,065730
94,540000	0,061906
94,550000	0,052982
94,560000	0,052982
94,570000	0,059356
94,580000	0,072741
94,590000	0,056169
94,600000	0,052982
94,610000	0,086763
94,620000	0,053620
94,630000	0,060631
94,640000	0,061268
94,650000	0,056169
94,660000	0,061906
94,670000	0,049796
94,680000	0,061906
94,690000	0,056807
94,700000	0,048521
94,710000	0,063818
94,720000	0,058719
94,730000	0,059356
94,740000	0,058081
94,750000	0,059356
94,760000	0,061906
94,770000	0,056807
94,780000	0,060631
94,790000	0,058081
94,800000	0,063180
94,810000	0,061268
94,820000	0,063180
94,830000	0,064455
94,840000	0,058719
94,850000	0,058719
94,860000	0,059994
94,870000	0,054895
94,880000	0,055532
94,890000	0,054895
94,900000	0,061268
94,910000	0,058081
94,920000	0,058719
94,930000	0,050433
94,940000	0,059356
94,950000	0,064455
94,960000	0,054895
94,970000	0,051070
94,980000	0,056169
94,990000	0,049158
95,000000	0,059994
95,010000	0,061268
95,020000	0,063180
95,030000	0,063818
95,040000	0,063818
95,050000	0,065092
95,060000	0,049158
95,070000	0,061906
95,080000	0,063180
95,090000	0,052345
95,100000	0,063818
95,110000	0,064455
95,120000	0,061268
95,130000	0,061268
95,140000	0,052982
95,150000	0,063818
95,160000	0,058719
95,170000	0,061906
95,180000	0,061268
95,190000	0,056807
95,200000	0,059356
95,210000	0,059356
95,220000	0,062543
95,230000	0,058081
95,240000	0,059994
95,250000	0,063180
95,260000	0,056169
95,270000	0,056807
95,280000	0,061268
95,290000	0,056169
95,300000	0,054257
95,310000	0,052982
95,320000	0,051070
95,330000	0,060631
95,340000	0,043422
95,350000	0,056169
95,360000	0,058719
95,370000	0,056807
95,380000	0,059994
95,390000	0,058719
95,400000	0,074016
95,410000	0,059994
95,420000	0,058719
95,430000	0,068917
95,440000	0,059994
95,450000	0,057444
95,460000	0,031949
95,470000	0,059356
95,480000	0,056807
95,490000	0,034499
95,500000	0,059356
95,510000	0,060631
95,520000	0,052982
95,530000	0,057444
95,540000	0,056169
95,550000	0,070191
95,560000	0,055532
95,570000	0,059994
95,580000	0,058081
95,590000	0,056169
95,600000	0,058719
95,610000	0,060631
95,620000	0,058081
95,630000	0,058719
95,640000	0,058081
95,650000	0,062543
95,660000	0,055532
95,670000	0,058719
95,680000	0,058081
95,690000	0,054895
95,700000	0,054257
95,710000	0,059994
95,720000	0,055532
95,730000	0,056169
95,740000	0,059356
95,750000	0,056169
95,760000	0,054895
95,770000	0,055532
95,780000	0,056169
95,790000	0,056169
95,800000	0,056169
95,810000	0,059994
95,820000	0,056169
95,830000	0,054257
95,840000	0,054257
95,850000	0,058081
95,860000	0,054895
95,870000	0,056807
95,880000	0,052345
95,890000	0,057444
95,900000	0,054895
95,910000	0,051708
95,920000	0,057444
95,930000	0,065730
95,940000	0,053620
95,950000	0,054257
95,960000	0,061268
95,970000	0,060631
95,980000	0,049796
95,990000	0,052345
96,000000	0,062543
96,010000	0,056169
96,020000	0,051070
96,030000	0,061268
96,040000	0,059994
96,050000	0,050433
96,060000	0,051070
96,070000	0,052982
96,080000	0,052982
96,090000	0,052982
96,100000	0,045334
96,110000	0,058081
96,120000	0,051708
96,130000	0,059994
96,140000	0,056169
96,150000	0,051070
96,160000	0,068279
96,170000	0,056169
96,180000	0,045334
96,190000	0,054257
96,200000	0,052982
96,210000	0,044059
96,220000	0,070191
96,230000	0,056807
96,240000	0,058719
96,250000	0,056169
96,260000	0,054895
96,270000	0,039598
96,280000	0,053620
96,290000	0,050433
96,300000	0,074016
96,310000	0,049796
96,320000	0,055532
96,330000	0,065730
96,340000	0,057444
96,350000	0,056169
96,360000	0,070829
96,370000	0,056169
96,380000	0,058719
96,390000	0,051070
96,400000	0,056807
96,410000	0,054895
96,420000	0,045334
96,430000	0,053620
96,440000	0,049796
96,450000	0,052982
96,460000	0,052982
96,470000	0,054895
96,480000	0,054895
96,490000	0,056169
96,500000	0,058081
96,510000	0,056169
96,520000	0,054895
96,530000	0,056169
96,540000	0,056169
96,550000	0,052982
96,560000	0,054257
96,570000	0,050433
96,580000	0,059994
96,590000	0,051070
96,600000	0,048521
96,610000	0,051708
96,620000	0,053620
96,630000	0,049796
96,640000	0,044697
96,650000	0,056169
96,660000	0,051070
96,670000	0,058081
96,680000	0,059994
96,690000	0,054257
96,700000	0,066367
96,710000	0,051708
96,720000	0,065730
96,730000	0,059994
96,740000	0,046609
96,750000	0,045334
96,760000	0,068917
96,770000	0,060631
96,780000	0,042785
96,790000	0,054257
96,800000	0,074016
96,810000	0,063818
96,820000	0,045971
96,830000	0,054895
96,840000	0,052982
96,850000	0,053620
96,860000	0,067005
96,870000	0,057444
96,880000	0,040235
96,890000	0,057444
96,900000	0,065092
96,910000	0,052982
96,920000	0,051070
96,930000	0,056169
96,940000	0,065092
96,950000	0,057444
96,960000	0,051070
96,970000	0,063180
96,980000	0,056807
96,990000	0,056169
97,000000	0,057444
97,010000	0,058081
97,020000	0,059994
97,030000	0,051070
97,040000	0,057444
97,050000	0,058081
97,060000	0,049158
97,070000	0,058719
97,080000	0,051070
97,090000	0,048521
97,100000	0,052982
97,110000	0,058719
97,120000	0,061906
97,130000	0,056169
97,140000	0,059356
97,150000	0,059994
97,160000	0,060631
97,170000	0,055532
97,180000	0,042785
97,190000	0,058719
97,200000	0,061268
97,210000	0,039598
97,220000	0,054895
97,230000	0,055532
97,240000	0,061268
97,250000	0,057444
97,260000	0,056807
97,270000	0,072741
97,280000	0,056807
97,290000	0,060631
97,300000	0,056169
97,310000	0,059994
97,320000	0,055532
97,330000	0,054895
97,340000	0,059994
97,350000	0,056807
97,360000	0,056169
97,370000	0,055532
97,380000	0,055532
97,390000	0,061268
97,400000	0,055532
97,410000	0,062543
97,420000	0,057444
97,430000	0,062543
97,440000	0,056807
97,450000	0,058719
97,460000	0,058719
97,470000	0,056807
97,480000	0,056169
97,490000	0,058719
97,500000	0,059994
97,510000	0,058719
97,520000	0,054895
97,530000	0,060631
97,540000	0,059356
97,550000	0,055532
97,560000	0,053620
97,570000	0,060631
97,580000	0,057444
97,590000	0,054257
97,600000	0,057444
97,610000	0,061906
97,620000	0,059356
97,630000	0,059356
97,640000	0,061268
97,650000	0,067642
97,660000	0,063818
97,670000	0,059356
97,680000	0,064455
97,690000	0,062543
97,700000	0,063818
97,710000	0,054895
97,720000	0,061906
97,730000	0,061906
97,740000	0,058081
97,750000	0,061906
97,760000	0,058719
97,770000	0,059994
97,780000	0,063818
97,790000	0,061268
97,800000	0,059356
97,810000	0,055532
97,820000	0,060631
97,830000	0,061906
97,840000	0,052982
97,850000	0,064455
97,860000	0,062543
97,870000	0,059356
97,880000	0,065730
97,890000	0,063180
97,900000	0,077202
97,910000	0,065092
97,920000	0,063818
97,930000	0,077202
97,940000	0,062543
97,950000	0,063818
97,960000	0,053620
97,970000	0,065092
97,980000	0,059994
97,990000	0,057444
98,000000	0,061268
98,010000	0,061268
98,020000	0,061906
98,030000	0,065092
98,040000	0,062543
98,050000	0,063180
98,060000	0,063180
98,070000	0,064455
98,080000	0,050433
98,090000	0,061268
98,100000	0,061268
98,110000	0,067005
98,120000	0,065092
98,130000	0,049796
98,140000	0,063818
98,150000	0,069554
98,160000	0,064455
98,170000	0,064455
98,180000	0,067642
98,190000	0,065730
98,200000	0,068917
98,210000	0,066367
98,220000	0,063180
98,230000	0,070191
98,240000	0,067005
98,250000	0,063818
98,260000	0,066367
98,270000	0,064455
98,280000	0,067005
98,290000	0,060631
98,300000	0,067642
98,310000	0,069554
98,320000	0,066367
98,330000	0,058081
98,340000	0,066367
98,350000	0,079752
98,360000	0,069554
98,370000	0,056169
98,380000	0,070829
98,390000	0,071466
98,400000	0,074016
98,410000	0,075290
98,420000	0,073378
98,430000	0,078477
98,440000	0,072103
98,450000	0,076565
98,460000	0,073378
98,470000	0,068279
98,480000	0,068279
98,490000	0,077202
98,500000	0,068917
98,510000	0,067005
98,520000	0,075290
98,530000	0,080389
98,540000	0,075928
98,550000	0,083576
98,560000	0,071466
98,570000	0,079752
98,580000	0,082301
98,590000	0,075290
98,600000	0,080389
98,610000	0,072103
98,620000	0,083576
98,630000	0,081027
98,640000	0,077840
98,650000	0,078477
98,660000	0,077840
98,670000	0,081664
98,680000	0,074016
98,690000	0,077202
98,700000	0,088675
98,710000	0,074016
98,720000	0,072741
98,730000	0,074653
98,740000	0,077202
98,750000	0,074016
98,760000	0,059994
98,770000	0,080389
98,780000	0,085488
98,790000	0,075928
98,800000	0,081027
98,810000	0,087400
98,820000	0,082301
98,830000	0,081664
98,840000	0,074016
98,850000	0,058719
98,860000	0,078477
98,870000	0,050433
98,880000	0,083576
98,890000	0,085488
98,900000	0,048521
98,910000	0,082939
98,920000	0,086763
98,930000	0,063818
98,940000	0,084851
98,950000	0,080389
98,960000	0,086126
98,970000	0,083576
98,980000	0,084213
98,990000	0,106521
99,000000	0,086126
99,010000	0,090587
99,020000	0,091224
99,030000	0,089950
99,040000	0,089950
99,050000	0,091224
99,060000	0,091224
99,070000	0,090587
99,080000	0,092499
99,090000	0,089312
99,100000	0,089950
99,110000	0,089312
99,120000	0,088038
99,130000	0,089312
99,140000	0,093774
99,150000	0,092499
99,160000	0,093137
99,170000	0,097598
99,180000	0,093774
99,190000	0,099510
99,200000	0,093137
99,210000	0,095049
99,220000	0,100148
99,230000	0,091862
99,240000	0,093137
99,250000	0,091224
99,260000	0,093137
99,270000	0,101422
99,280000	0,088038
99,290000	0,100785
99,300000	0,091224
99,310000	0,102697
99,320000	0,107796
99,330000	0,109708
99,340000	0,114807
99,350000	0,102697
99,360000	0,093774
99,370000	0,110345
99,380000	0,105246
99,390000	0,104609
99,400000	0,110983
99,410000	0,089312
99,420000	0,105246
99,430000	0,098235
99,440000	0,092499
99,450000	0,104609
99,460000	0,104609
99,470000	0,106521
99,480000	0,102060
99,490000	0,114170
99,500000	0,114807
99,510000	0,103972
99,520000	0,107159
99,530000	0,093137
99,540000	0,110983
99,550000	0,125005
99,560000	0,091224
99,570000	0,109708
99,580000	0,125642
99,590000	0,128192
99,600000	0,112258
99,610000	0,137752
99,620000	0,096961
99,630000	0,113532
99,640000	0,117356
99,650000	0,113532
99,660000	0,114170
99,670000	0,089312
99,680000	0,104609
99,690000	0,117356
99,700000	0,091224
99,710000	0,112895
99,720000	0,118631
99,730000	0,154961
99,740000	0,111620
99,750000	0,114807
99,760000	0,160697
99,770000	0,118631
99,780000	0,120543
99,790000	0,121181
99,800000	0,125642
99,810000	0,122455
99,820000	0,112258
99,830000	0,126917
99,840000	0,122455
99,850000	0,103334
99,860000	0,128192
99,870000	0,125642
99,880000	0,127554
99,890000	0,119906
99,900000	0,131379
99,910000	0,126917
99,920000	0,127554
99,930000	0,126917
99,940000	0,132016
99,950000	0,123730
99,960000	0,128192
99,970000	0,130104
99,980000	0,132653
99,990000	0,132653
100,000000	0,132653
100,010000	0,131379
100,020000	0,137115
100,030000	0,126280
100,040000	0,131379
100,050000	0,123093
100,060000	0,133291
100,070000	0,129466
100,080000	0,124367
100,090000	0,132016
100,100000	0,130104
100,110000	0,137752
100,120000	0,137752
100,130000	0,140302
100,140000	0,144763
100,150000	0,137115
100,160000	0,140302
100,170000	0,139664
100,180000	0,128829
100,190000	0,140302
100,200000	0,128192
100,210000	0,131379
100,220000	0,146038
100,230000	0,132016
100,240000	0,135840
100,250000	0,140302
100,260000	0,135203
100,270000	0,148587
100,280000	0,140939
100,290000	0,137752
100,300000	0,147313
100,310000	0,143488
100,320000	0,139027
100,330000	0,147950
100,340000	0,150499
100,350000	0,150499
100,360000	0,160697
100,370000	0,143488
100,380000	0,158148
100,390000	0,153049
100,400000	0,146675
100,410000	0,156236
100,420000	0,116082
100,430000	0,142214
100,440000	0,131379
100,450000	0,117356
100,460000	0,143488
100,470000	0,131379
100,480000	0,148587
100,490000	0,157511
100,500000	0,158785
100,510000	0,156236
100,520000	0,144126
100,530000	0,160697
100,540000	0,146675
100,550000	0,147313
100,560000	0,152412
100,570000	0,147950
100,580000	0,148587
100,590000	0,110983
100,600000	0,145401
100,610000	0,148587
100,620000	0,084851
100,630000	0,135840
100,640000	0,140302
100,650000	0,133928
100,660000	0,138390
100,670000	0,138390
100,680000	0,167071
100,690000	0,143488
100,700000	0,144126
100,710000	0,172170
100,720000	0,142851
100,730000	0,146038
100,740000	0,137752
100,750000	0,144763
100,760000	0,143488
100,770000	0,140939
100,780000	0,144763
100,790000	0,155598
100,800000	0,142214
100,810000	0,139027
100,820000	0,142214
100,830000	0,141576
100,840000	0,139664
100,850000	0,154324
100,860000	0,142214
100,870000	0,135203
100,880000	0,140939
100,890000	0,137752
100,900000	0,143488
100,910000	0,137115
100,920000	0,137752
100,930000	0,138390
100,940000	0,142214
100,950000	0,134565
100,960000	0,135203
100,970000	0,131379
100,980000	0,132653
100,990000	0,133928
101,000000	0,137752
101,010000	0,131379
101,020000	0,139027
101,030000	0,132653
101,040000	0,125642
101,050000	0,132016
101,060000	0,146038
101,070000	0,125005
101,080000	0,130104
101,090000	0,137115
101,100000	0,124367
101,110000	0,116082
101,120000	0,123093
101,130000	0,121818
101,140000	0,122455
101,150000	0,122455
101,160000	0,139664
101,170000	0,132653
101,180000	0,126280
101,190000	0,133291
101,200000	0,117994
101,210000	0,110345
101,220000	0,136477
101,230000	0,120543
101,240000	0,118631
101,250000	0,127554
101,260000	0,139027
101,270000	0,121181
101,280000	0,126917
101,290000	0,121181
101,300000	0,118631
101,310000	0,119906
101,320000	0,130741
101,330000	0,117356
101,340000	0,117994
101,350000	0,142214
101,360000	0,117356
101,370000	0,077840
101,380000	0,111620
101,390000	0,114807
101,400000	0,133291
101,410000	0,107159
101,420000	0,109708
101,430000	0,141576
101,440000	0,112258
101,450000	0,111620
101,460000	0,153686
101,470000	0,104609
101,480000	0,106521
101,490000	0,112258
101,500000	0,103972
101,510000	0,108433
101,520000	0,085488
101,530000	0,100785
101,540000	0,106521
101,550000	0,081027
101,560000	0,105246
101,570000	0,102697
101,580000	0,097598
101,590000	0,103334
101,600000	0,099510
101,610000	0,106521
101,620000	0,103334
101,630000	0,100148
101,640000	0,102060
101,650000	0,102697
101,660000	0,099510
101,670000	0,099510
101,680000	0,102060
101,690000	0,101422
101,700000	0,100785
101,710000	0,098235
101,720000	0,102060
101,730000	0,096961
101,740000	0,101422
101,750000	0,093774
101,760000	0,096961
101,770000	0,096961
101,780000	0,095049
101,790000	0,095049
101,800000	0,096961
101,810000	0,096961
101,820000	0,093774
101,830000	0,091862
101,840000	0,095049
101,850000	0,101422
101,860000	0,096961
101,870000	0,086763
101,880000	0,088038
101,890000	0,090587
101,900000	0,086126
101,910000	0,081664
101,920000	0,091224
101,930000	0,095049
101,940000	0,081664
101,950000	0,086763
101,960000	0,095049
101,970000	0,088038
101,980000	0,089312
101,990000	0,097598
102,000000	0,089312
102,010000	0,084851
102,020000	0,084213
102,030000	0,090587
102,040000	0,087400
102,050000	0,091224
102,060000	0,083576
102,070000	0,086126
102,080000	0,098873
102,090000	0,083576
102,100000	0,095686
102,110000	0,072741
102,120000	0,083576
102,130000	0,088038
102,140000	0,068917
102,150000	0,082301
102,160000	0,073378
102,170000	0,067005
102,180000	0,082939
102,190000	0,065092
102,200000	0,086763
102,210000	0,079752
102,220000	0,084213
102,230000	0,086126
102,240000	0,079114
102,250000	0,085488
102,260000	0,056807
102,270000	0,081664
102,280000	0,086126
102,290000	0,075290
102,300000	0,081027
102,310000	0,085488
102,320000	0,089312
102,330000	0,081664
102,340000	0,080389
102,350000	0,088038
102,360000	0,081027
102,370000	0,078477
102,380000	0,077840
102,390000	0,076565
102,400000	0,076565
102,410000	0,077840
102,420000	0,075928
102,430000	0,078477
102,440000	0,076565
102,450000	0,080389
102,460000	0,081664
102,470000	0,076565
102,480000	0,079752
102,490000	0,075928
102,500000	0,071466
102,510000	0,077202
102,520000	0,071466
102,530000	0,073378
102,540000	0,081027
102,550000	0,074653
102,560000	0,070829
102,570000	0,074653
102,580000	0,083576
102,590000	0,075928
102,600000	0,083576
102,610000	0,075290
102,620000	0,077840
102,630000	0,074016
102,640000	0,088038
102,650000	0,073378
102,660000	0,070191
102,670000	0,074016
102,680000	0,074653
102,690000	0,069554
102,700000	0,068917
102,710000	0,068917
102,720000	0,068279
102,730000	0,068279
102,740000	0,071466
102,750000	0,072741
102,760000	0,065092
102,770000	0,078477
102,780000	0,068917
102,790000	0,065730
102,800000	0,076565
102,810000	0,061268
102,820000	0,067005
102,830000	0,070191
102,840000	0,069554
102,850000	0,076565
102,860000	0,066367
102,870000	0,063180
102,880000	0,071466
102,890000	0,067005
102,900000	0,067642
102,910000	0,069554
102,920000	0,069554
102,930000	0,074016
102,940000	0,080389
102,950000	0,067005
102,960000	0,066367
102,970000	0,070829
102,980000	0,068279
102,990000	0,067642
103,000000	0,061906
103,010000	0,069554
103,020000	0,076565
103,030000	0,065092
103,040000	0,067642
103,050000	0,066367
103,060000	0,065092
103,070000	0,067642
103,080000	0,061268
103,090000	0,059356
103,100000	0,067005
103,110000	0,065092
103,120000	0,061906
103,130000	0,066367
103,140000	0,065092
103,150000	0,071466
103,160000	0,064455
103,170000	0,065092
103,180000	0,088675
103,190000	0,066367
103,200000	0,066367
103,210000	0,067005
103,220000	0,064455
103,230000	0,062543
103,240000	0,059356
103,250000	0,065730
103,260000	0,066367
103,270000	0,056807
103,280000	0,066367
103,290000	0,063818
103,300000	0,065092
103,310000	0,065092
103,320000	0,063818
103,330000	0,064455
103,340000	0,065092
103,350000	0,063180
103,360000	0,065730
103,370000	0,064455
103,380000	0,063818
103,390000	0,063180
103,400000	0,063180
103,410000	0,065092
103,420000	0,064455
103,430000	0,063180
103,440000	0,062543
103,450000	0,062543
103,460000	0,064455
103,470000	0,063180
103,480000	0,061906
103,490000	0,061906
103,500000	0,060631
103,510000	0,060631
103,520000	0,061906
103,530000	0,061906
103,540000	0,065730
103,550000	0,065092
103,560000	0,059356
103,570000	0,063818
103,580000	0,065092
103,590000	0,058719
103,600000	0,061906
103,610000	0,063180
103,620000	0,063818
103,630000	0,067005
103,640000	0,056807
103,650000	0,066367
103,660000	0,065730
103,670000	0,055532
103,680000	0,058719
103,690000	0,065730
103,700000	0,061906
103,710000	0,059994
103,720000	0,063180
103,730000	0,060631
103,740000	0,062543
103,750000	0,063180
103,760000	0,063180
103,770000	0,062543
103,780000	0,063180
103,790000	0,061906
103,800000	0,061268
103,810000	0,070829
103,820000	0,055532
103,830000	0,060631
103,840000	0,063180
103,850000	0,059994
103,860000	0,061268
103,870000	0,066367
103,880000	0,066367
103,890000	0,061268
103,900000	0,051070
103,910000	0,054895
103,920000	0,062543
103,930000	0,062543
103,940000	0,068279
103,950000	0,058719
103,960000	0,061906
103,970000	0,062543
103,980000	0,059356
103,990000	0,061906
104,000000	0,060631
104,010000	0,059994
104,020000	0,060631
104,030000	0,044697
104,040000	0,059994
104,050000	0,059994
104,060000	0,058719
104,070000	0,060631
104,080000	0,061906
104,090000	0,057444
104,100000	0,062543
104,110000	0,057444
104,120000	0,063180
104,130000	0,060631
104,140000	0,061906
104,150000	0,059356
104,160000	0,059994
104,170000	0,061268
104,180000	0,061268
104,190000	0,055532
104,200000	0,060631
104,210000	0,058719
104,220000	0,059994
104,230000	0,058719
104,240000	0,059994
104,250000	0,057444
104,260000	0,056807
104,270000	0,059356
104,280000	0,058719
104,290000	0,058081
104,300000	0,061268
104,310000	0,059994
104,320000	0,058081
104,330000	0,060631
104,340000	0,061268
104,350000	0,059356
104,360000	0,058719
104,370000	0,058081
104,380000	0,059994
104,390000	0,060631
104,400000	0,061268
104,410000	0,057444
104,420000	0,061906
104,430000	0,061906
104,440000	0,056807
104,450000	0,057444
104,460000	0,060631
104,470000	0,058081
104,480000	0,055532
104,490000	0,060631
104,500000	0,059356
104,510000	0,053620
104,520000	0,061268
104,530000	0,057444
104,540000	0,058719
104,550000	0,056169
104,560000	0,059994
104,570000	0,058719
104,580000	0,059994
104,590000	0,059994
104,600000	0,059356
104,610000	0,056169
104,620000	0,057444
104,630000	0,059356
104,640000	0,056169
104,650000	0,056169
104,660000	0,060631
104,670000	0,056807
104,680000	0,059356
104,690000	0,063818
104,700000	0,058719
104,710000	0,056169
104,720000	0,058719
104,730000	0,057444
104,740000	0,056169
104,750000	0,059356
104,760000	0,061906
104,770000	0,056807
104,780000	0,063818
104,790000	0,061268
104,800000	0,057444
104,810000	0,058081
104,820000	0,056807
104,830000	0,058719
104,840000	0,058719
104,850000	0,056807
104,860000	0,056807
104,870000	0,056807
104,880000	0,058719
104,890000	0,058719
104,900000	0,060631
104,910000	0,058719
104,920000	0,056169
104,930000	0,058081
104,940000	0,058719
104,950000	0,057444
104,960000	0,058719
104,970000	0,057444
104,980000	0,059994
104,990000	0,056169
105,000000	0,058081
105,010000	0,055532
105,020000	0,059356
105,030000	0,059356
105,040000	0,053620
105,050000	0,058719
105,060000	0,057444
105,070000	0,054895
105,080000	0,055532
105,090000	0,058719
105,100000	0,057444
105,110000	0,058081
105,120000	0,058081
105,130000	0,057444
105,140000	0,058081
105,150000	0,058719
105,160000	0,057444
105,170000	0,059356
105,180000	0,056169
105,190000	0,054895
105,200000	0,059356
105,210000	0,058081
105,220000	0,056807
105,230000	0,058081
105,240000	0,054895
105,250000	0,056807
105,260000	0,058081
105,270000	0,056169
105,280000	0,055532
105,290000	0,058719
105,300000	0,056807
105,310000	0,054895
105,320000	0,056169
105,330000	0,057444
105,340000	0,059994
105,350000	0,058719
105,360000	0,056169
105,370000	0,056807
105,380000	0,057444
105,390000	0,056169
105,400000	0,057444
105,410000	0,056807
105,420000	0,057444
105,430000	0,059994
105,440000	0,058719
105,450000	0,058081
105,460000	0,058081
105,470000	0,057444
105,480000	0,061268
105,490000	0,057444
105,500000	0,057444
105,510000	0,058081
105,520000	0,057444
105,530000	0,056807
105,540000	0,057444
105,550000	0,059994
105,560000	0,055532
105,570000	0,057444
105,580000	0,056169
105,590000	0,058081
105,600000	0,056169
105,610000	0,058081
105,620000	0,056169
105,630000	0,056169
105,640000	0,058719
105,650000	0,057444
105,660000	0,057444
105,670000	0,054895
105,680000	0,059356
105,690000	0,056807
105,700000	0,057444
105,710000	0,054257
105,720000	0,056169
105,730000	0,055532
105,740000	0,054895
105,750000	0,054257
105,760000	0,055532
105,770000	0,058081
105,780000	0,057444
105,790000	0,055532
105,800000	0,053620
105,810000	0,057444
105,820000	0,054257
105,830000	0,056807
105,840000	0,053620
105,850000	0,056807
105,860000	0,057444
105,870000	0,056169
105,880000	0,053620
105,890000	0,054895
105,900000	0,053620
105,910000	0,055532
105,920000	0,054895
105,930000	0,055532
105,940000	0,056169
105,950000	0,054257
105,960000	0,052982
105,970000	0,055532
105,980000	0,056807
105,990000	0,052982
106,000000	0,056169
106,010000	0,056169
106,020000	0,055532
106,030000	0,053620
106,040000	0,054895
106,050000	0,056169
106,060000	0,054895
106,070000	0,056169
106,080000	0,055532
106,090000	0,052345
106,100000	0,056169
106,110000	0,056169
106,120000	0,051708
106,130000	0,055532
106,140000	0,056169
106,150000	0,056169
106,160000	0,052982
106,170000	0,055532
106,180000	0,054257
106,190000	0,055532
106,200000	0,054895
106,210000	0,056169
106,220000	0,053620
106,230000	0,055532
106,240000	0,056169
106,250000	0,054895
106,260000	0,056169
106,270000	0,054257
106,280000	0,055532
106,290000	0,055532
106,300000	0,054895
106,310000	0,056169
106,320000	0,053620
106,330000	0,056169
106,340000	0,053620
106,350000	0,053620
106,360000	0,055532
106,370000	0,052345
106,380000	0,056169
106,390000	0,052982
106,400000	0,056169
106,410000	0,054895
106,420000	0,052345
106,430000	0,054895
106,440000	0,055532
106,450000	0,055532
106,460000	0,052982
106,470000	0,056807
106,480000	0,055532
106,490000	0,052345
106,500000	0,056169
106,510000	0,053620
106,520000	0,053620
106,530000	0,056169
106,540000	0,053620
106,550000	0,054257
106,560000	0,056169
106,570000	0,056169
106,580000	0,055532
106,590000	0,054895
106,600000	0,055532
106,610000	0,054895
106,620000	0,054895
106,630000	0,056169
106,640000	0,055532
106,650000	0,052345
106,660000	0,055532
106,670000	0,053620
106,680000	0,054895
106,690000	0,054895
106,700000	0,054895
106,710000	0,055532
106,720000	0,056169
106,730000	0,056169
106,740000	0,056169
106,750000	0,055532
106,760000	0,054895
106,770000	0,055532
106,780000	0,056169
106,790000	0,055532
106,800000	0,054895
106,810000	0,058081
106,820000	0,053620
106,830000	0,054895
106,840000	0,053620
106,850000	0,056807
106,860000	0,054257
106,870000	0,054257
106,880000	0,053620
106,890000	0,057444
106,900000	0,051708
106,910000	0,056169
106,920000	0,053620
106,930000	0,055532
106,940000	0,056169
106,950000	0,054895
106,960000	0,052982
106,970000	0,056169
106,980000	0,055532
106,990000	0,055532
107,000000	0,054257
107,010000	0,056169
107,020000	0,056807
107,030000	0,055532
107,040000	0,053620
107,050000	0,055532
107,060000	0,056169
107,070000	0,055532
107,080000	0,055532
107,090000	0,055532
107,100000	0,054895
107,110000	0,056807
107,120000	0,055532
107,130000	0,056169
107,140000	0,053620
107,150000	0,055532
107,160000	0,056169
107,170000	0,057444
107,180000	0,056169
107,190000	0,057444
107,200000	0,056169
107,210000	0,056807
107,220000	0,056807
107,230000	0,057444
107,240000	0,056807
107,250000	0,058719
107,260000	0,057444
107,270000	0,057444
107,280000	0,056169
107,290000	0,056169
107,300000	0,057444
107,310000	0,057444
107,320000	0,054895
107,330000	0,059994
107,340000	0,054895
107,350000	0,058719
107,360000	0,056169
107,370000	0,054257
107,380000	0,060631
107,390000	0,059356
107,400000	0,056169
107,410000	0,056807
107,420000	0,058719
107,430000	0,058081
107,440000	0,056169
107,450000	0,056169
107,460000	0,059994
107,470000	0,056169
107,480000	0,058719
107,490000	0,057444
107,500000	0,058719
107,510000	0,056169
107,520000	0,058719
107,530000	0,058081
107,540000	0,058081
107,550000	0,058719
107,560000	0,060631
107,570000	0,058719
107,580000	0,059356
107,590000	0,058719
107,600000	0,059994
107,610000	0,058081
107,620000	0,061906
107,630000	0,057444
107,640000	0,058719
107,650000	0,058081
107,660000	0,061906
107,670000	0,058081
107,680000	0,058081
107,690000	0,060631
107,700000	0,060631
107,710000	0,058081
107,720000	0,061906
107,730000	0,059994
107,740000	0,061268
107,750000	0,059994
107,760000	0,060631
107,770000	0,060631
107,780000	0,061906
107,790000	0,059994
107,800000	0,059356
107,810000	0,058719
107,820000	0,060631
107,830000	0,060631
107,840000	0,061268
107,850000	0,059356
107,860000	0,061268
107,870000	0,060631
107,880000	0,061906
107,890000	0,061268
107,900000	0,063180
107,910000	0,062543
107,920000	0,063180
107,930000	0,063818
107,940000	0,061268
107,950000	0,062543
107,960000	0,061268
107,970000	0,061268
107,980000	0,061906
107,990000	0,061906
108,000000	0,063180
108,010000	0,063180
108,020000	0,065092
108,030000	0,063818
108,040000	0,064455
108,050000	0,063180
108,060000	0,063180
108,070000	0,063818
108,080000	0,065092
108,090000	0,063818
108,100000	0,067005
108,110000	0,062543
108,120000	0,066367
108,130000	0,065092
108,140000	0,062543
108,150000	0,065730
108,160000	0,067005
108,170000	0,063180
108,180000	0,067005
108,190000	0,065092
108,200000	0,065092
108,210000	0,066367
108,220000	0,065092
108,230000	0,067642
108,240000	0,065092
108,250000	0,068917
108,260000	0,065730
108,270000	0,065730
108,280000	0,068917
108,290000	0,068917
108,300000	0,067005
108,310000	0,070191
108,320000	0,066367
108,330000	0,067005
108,340000	0,066367
108,350000	0,070191
108,360000	0,068917
108,370000	0,070829
108,380000	0,068917
108,390000	0,070829
108,400000	0,067642
108,410000	0,070829
108,420000	0,070829
108,430000	0,071466
108,440000	0,070829
108,450000	0,069554
108,460000	0,068917
108,470000	0,075290
108,480000	0,070191
108,490000	0,072741
108,500000	0,069554
108,510000	0,075928
108,520000	0,070829
108,530000	0,070829
108,540000	0,073378
108,550000	0,072103
108,560000	0,071466
108,570000	0,074016
108,580000	0,073378
108,590000	0,075290
108,600000	0,076565
108,610000	0,073378
108,620000	0,075928
108,630000	0,074653
108,640000	0,072741
108,650000	0,074016
108,660000	0,077202
108,670000	0,076565
108,680000	0,075290
108,690000	0,076565
108,700000	0,075928
108,710000	0,076565
108,720000	0,077202
108,730000	0,078477
108,740000	0,079114
108,750000	0,077840
108,760000	0,077840
108,770000	0,077840
108,780000	0,078477
108,790000	0,079114
108,800000	0,081664
108,810000	0,081027
108,820000	0,082301
108,830000	0,078477
108,840000	0,084851
108,850000	0,081664
108,860000	0,084213
108,870000	0,080389
108,880000	0,083576
108,890000	0,081664
108,900000	0,082301
108,910000	0,081027
108,920000	0,086763
108,930000	0,084851
108,940000	0,089950
108,950000	0,081027
108,960000	0,089950
108,970000	0,086126
108,980000	0,083576
108,990000	0,086763
109,000000	0,089950
109,010000	0,084851
109,020000	0,087400
109,030000	0,088038
109,040000	0,088675
109,050000	0,087400
109,060000	0,088038
109,070000	0,088675
109,080000	0,087400
109,090000	0,089312
109,100000	0,089312
109,110000	0,089312
109,120000	0,091224
109,130000	0,089950
109,140000	0,089950
109,150000	0,090587
109,160000	0,089312
109,170000	0,093137
109,180000	0,091224
109,190000	0,091224
109,200000	0,093137
109,210000	0,094411
109,220000	0,093774
109,230000	0,094411
109,240000	0,095049
109,250000	0,096323
109,260000	0,091224
109,270000	0,098873
109,280000	0,098235
109,290000	0,095686
109,300000	0,100785
109,310000	0,098235
109,320000	0,101422
109,330000	0,096961
109,340000	0,096961
109,350000	0,098873
109,360000	0,099510
109,370000	0,101422
109,380000	0,102060
109,390000	0,103334
109,400000	0,102697
109,410000	0,100785
109,420000	0,102697
109,430000	0,103972
109,440000	0,102697
109,450000	0,102060
109,460000	0,103334
109,470000	0,103334
109,480000	0,105246
109,490000	0,105884
109,500000	0,110345
109,510000	0,103972
109,520000	0,110345
109,530000	0,107796
109,540000	0,109708
109,550000	0,103972
109,560000	0,110345
109,570000	0,112258
109,580000	0,114170
109,590000	0,109071
109,600000	0,114170
109,610000	0,112258
109,620000	0,112258
109,630000	0,112258
109,640000	0,112895
109,650000	0,114170
109,660000	0,112258
109,670000	0,109708
109,680000	0,115444
109,690000	0,116719
109,700000	0,115444
109,710000	0,116082
109,720000	0,119906
109,730000	0,119269
109,740000	0,116719
109,750000	0,116082
109,760000	0,118631
109,770000	0,119906
109,780000	0,123730
109,790000	0,122455
109,800000	0,116082
109,810000	0,117994
109,820000	0,123093
109,830000	0,125005
109,840000	0,122455
109,850000	0,125642
109,860000	0,125005
109,870000	0,121818
109,880000	0,128192
109,890000	0,123730
109,900000	0,126280
109,910000	0,125005
109,920000	0,127554
109,930000	0,129466
109,940000	0,128829
109,950000	0,128192
109,960000	0,128829
109,970000	0,132016
109,980000	0,126917
109,990000	0,130741
110,000000	0,128192
110,010000	0,130104
110,020000	0,125005
110,030000	0,133291
110,040000	0,130741
110,050000	0,131379
110,060000	0,129466
110,070000	0,133928
110,080000	0,132016
110,090000	0,132016
110,100000	0,132653
110,110000	0,132016
110,120000	0,129466
110,130000	0,133928
110,140000	0,132653
110,150000	0,133291
110,160000	0,134565
110,170000	0,135203
110,180000	0,135840
110,190000	0,136477
110,200000	0,135840
110,210000	0,135203
110,220000	0,133291
110,230000	0,139664
110,240000	0,139664
110,250000	0,136477
110,260000	0,139664
110,270000	0,137752
110,280000	0,136477
110,290000	0,137115
110,300000	0,135203
110,310000	0,140302
110,320000	0,135840
110,330000	0,139664
110,340000	0,137752
110,350000	0,135840
110,360000	0,142851
110,370000	0,139027
110,380000	0,138390
110,390000	0,140302
110,400000	0,142214
110,410000	0,139027
110,420000	0,140302
110,430000	0,139027
110,440000	0,139027
110,450000	0,140939
110,460000	0,140939
110,470000	0,140939
110,480000	0,144763
110,490000	0,142851
110,500000	0,143488
110,510000	0,139027
110,520000	0,142214
110,530000	0,144763
110,540000	0,144763
110,550000	0,142851
110,560000	0,144763
110,570000	0,145401
110,580000	0,143488
110,590000	0,145401
110,600000	0,142214
110,610000	0,143488
110,620000	0,142851
110,630000	0,145401
110,640000	0,142851
110,650000	0,142851
110,660000	0,143488
110,670000	0,152412
110,680000	0,142851
110,690000	0,142851
110,700000	0,142214
110,710000	0,145401
110,720000	0,143488
110,730000	0,141576
110,740000	0,142214
110,750000	0,136477
110,760000	0,144763
110,770000	0,142214
110,780000	0,144126
110,790000	0,139664
110,800000	0,142214
110,810000	0,140302
110,820000	0,142214
110,830000	0,140302
110,840000	0,142214
110,850000	0,139664
110,860000	0,142214
110,870000	0,141576
110,880000	0,137752
110,890000	0,141576
110,900000	0,142214
110,910000	0,137752
110,920000	0,139664
110,930000	0,136477
110,940000	0,138390
110,950000	0,142851
110,960000	0,134565
110,970000	0,137115
110,980000	0,135840
110,990000	0,137752
111,000000	0,132653
111,010000	0,133291
111,020000	0,133928
111,030000	0,135840
111,040000	0,130104
111,050000	0,133291
111,060000	0,130741
111,070000	0,134565
111,080000	0,133291
111,090000	0,132016
111,100000	0,132016
111,110000	0,135203
111,120000	0,129466
111,130000	0,128192
111,140000	0,127554
111,150000	0,128192
111,160000	0,125642
111,170000	0,128829
111,180000	0,127554
111,190000	0,122455
111,200000	0,128192
111,210000	0,120543
111,220000	0,126917
111,230000	0,120543
111,240000	0,125005
111,250000	0,119906
111,260000	0,123093
111,270000	0,122455
111,280000	0,120543
111,290000	0,119906
111,300000	0,117356
111,310000	0,117994
111,320000	0,117994
111,330000	0,115444
111,340000	0,119269
111,350000	0,116719
111,360000	0,117994
111,370000	0,112258
111,380000	0,114807
111,390000	0,116082
111,400000	0,112258
111,410000	0,112895
111,420000	0,111620
111,430000	0,112258
111,440000	0,109708
111,450000	0,110983
111,460000	0,107796
111,470000	0,110983
111,480000	0,106521
111,490000	0,106521
111,500000	0,109071
111,510000	0,107159
111,520000	0,106521
111,530000	0,108433
111,540000	0,107796
111,550000	0,108433
111,560000	0,104609
111,570000	0,107159
111,580000	0,104609
111,590000	0,103972
111,600000	0,100148
111,610000	0,104609
111,620000	0,103334
111,630000	0,103972
111,640000	0,100785
111,650000	0,102697
111,660000	0,100785
111,670000	0,100785
111,680000	0,100148
111,690000	0,096961
111,700000	0,096961
111,710000	0,098873
111,720000	0,098873
111,730000	0,096961
111,740000	0,098873
111,750000	0,095686
111,760000	0,095686
111,770000	0,095686
111,780000	0,096323
111,790000	0,096961
111,800000	0,094411
111,810000	0,095686
111,820000	0,093774
111,830000	0,095049
111,840000	0,095049
111,850000	0,090587
111,860000	0,091862
111,870000	0,089950
111,880000	0,087400
111,890000	0,091224
111,900000	0,088038
111,910000	0,089312
111,920000	0,089312
111,930000	0,090587
111,940000	0,087400
111,950000	0,090587
111,960000	0,086126
111,970000	0,093774
111,980000	0,086763
111,990000	0,088675
112,000000	0,087400
112,010000	0,092499
112,020000	0,085488
112,030000	0,088038
112,040000	0,084851
112,050000	0,084851
112,060000	0,086763
112,070000	0,083576
112,080000	0,086126
112,090000	0,084851
112,100000	0,083576
112,110000	0,081027
112,120000	0,082939
112,130000	0,084213
112,140000	0,081027
112,150000	0,081664
112,160000	0,083576
112,170000	0,084851
112,180000	0,080389
112,190000	0,081027
112,200000	0,081664
112,210000	0,081027
112,220000	0,082301
112,230000	0,079752
112,240000	0,081027
112,250000	0,083576
112,260000	0,081027
112,270000	0,080389
112,280000	0,081664
112,290000	0,082301
112,300000	0,079114
112,310000	0,079114
112,320000	0,077202
112,330000	0,077840
112,340000	0,079114
112,350000	0,079114
112,360000	0,077202
112,370000	0,079752
112,380000	0,080389
112,390000	0,079752
112,400000	0,077840
112,410000	0,078477
112,420000	0,077202
112,430000	0,079114
112,440000	0,077202
112,450000	0,076565
112,460000	0,075928
112,470000	0,076565
112,480000	0,076565
112,490000	0,075928
112,500000	0,075928
112,510000	0,076565
112,520000	0,074653
112,530000	0,074016
112,540000	0,074016
112,550000	0,074016
112,560000	0,072741
112,570000	0,075290
112,580000	0,075290
112,590000	0,075290
112,600000	0,074653
112,610000	0,073378
112,620000	0,073378
112,630000	0,073378
112,640000	0,075290
112,650000	0,072741
112,660000	0,072741
112,670000	0,072741
112,680000	0,071466
112,690000	0,071466
112,700000	0,070829
112,710000	0,073378
112,720000	0,071466
112,730000	0,070191
112,740000	0,074016
112,750000	0,071466
112,760000	0,070191
112,770000	0,071466
112,780000	0,070191
112,790000	0,072103
112,800000	0,071466
112,810000	0,071466
112,820000	0,071466
112,830000	0,070191
112,840000	0,068917
112,850000	0,072741
112,860000	0,068279
112,870000	0,069554
112,880000	0,070829
112,890000	0,070829
112,900000	0,067642
112,910000	0,070829
112,920000	0,070829
112,930000	0,068917
112,940000	0,069554
112,950000	0,068279
112,960000	0,068917
112,970000	0,067005
112,980000	0,067642
112,990000	0,067005
113,000000	0,070829
113,010000	0,063180
113,020000	0,067642
113,030000	0,063180
113,040000	0,068279
113,050000	0,065730
113,060000	0,070829
113,070000	0,063818
113,080000	0,068917
113,090000	0,067005
113,100000	0,067005
113,110000	0,065092
113,120000	0,069554
113,130000	0,067005
113,140000	0,067005
113,150000	0,063180
113,160000	0,067642
113,170000	0,065730
113,180000	0,066367
113,190000	0,063818
113,200000	0,066367
113,210000	0,064455
113,220000	0,065092
113,230000	0,065730
113,240000	0,063180
113,250000	0,064455
113,260000	0,065092
113,270000	0,068279
113,280000	0,066367
113,290000	0,065092
113,300000	0,064455
113,310000	0,063818
113,320000	0,066367
113,330000	0,065730
113,340000	0,065730
113,350000	0,065092
113,360000	0,065730
113,370000	0,065092
113,380000	0,063180
113,390000	0,063818
113,400000	0,064455
113,410000	0,063818
113,420000	0,062543
113,430000	0,065092
113,440000	0,065730
113,450000	0,062543
113,460000	0,063180
113,470000	0,061268
113,480000	0,064455
113,490000	0,063818
113,500000	0,061906
113,510000	0,061268
113,520000	0,061268
113,530000	0,063818
113,540000	0,063180
113,550000	0,061906
113,560000	0,061268
113,570000	0,062543
113,580000	0,059356
113,590000	0,063180
113,600000	0,061268
113,610000	0,062543
113,620000	0,061906
113,630000	0,062543
113,640000	0,060631
113,650000	0,059356
113,660000	0,060631
113,670000	0,061906
113,680000	0,061268
113,690000	0,061268
113,700000	0,062543
113,710000	0,061268
113,720000	0,060631
113,730000	0,060631
113,740000	0,060631
113,750000	0,060631
113,760000	0,059356
113,770000	0,060631
113,780000	0,062543
113,790000	0,059356
113,800000	0,060631
113,810000	0,058719
113,820000	0,060631
113,830000	0,059356
113,840000	0,059356
113,850000	0,061268
113,860000	0,060631
113,870000	0,061268
113,880000	0,060631
113,890000	0,060631
113,900000	0,060631
113,910000	0,061268
113,920000	0,059994
113,930000	0,058719
113,940000	0,059994
113,950000	0,061268
113,960000	0,059356
113,970000	0,061268
113,980000	0,061906
113,990000	0,060631
114,000000	0,060631
114,010000	0,057444
114,020000	0,058719
114,030000	0,061268
114,040000	0,060631
114,050000	0,060631
114,060000	0,058719
114,070000	0,058719
114,080000	0,061268
114,090000	0,056807
114,100000	0,061268
114,110000	0,057444
114,120000	0,057444
114,130000	0,057444
114,140000	0,060631
114,150000	0,058081
114,160000	0,058719
114,170000	0,058081
114,180000	0,059994
114,190000	0,058081
114,200000	0,058719
114,210000	0,058719
114,220000	0,059356
114,230000	0,060631
114,240000	0,058719
114,250000	0,058719
114,260000	0,059994
114,270000	0,058081
114,280000	0,059356
114,290000	0,059994
114,300000	0,058081
114,310000	0,058081
114,320000	0,059356
114,330000	0,059356
114,340000	0,058719
114,350000	0,056807
114,360000	0,058719
114,370000	0,058081
114,380000	0,059356
114,390000	0,056807
114,400000	0,058719
114,410000	0,056807
114,420000	0,058081
114,430000	0,058081
114,440000	0,058719
114,450000	0,057444
114,460000	0,056807
114,470000	0,058081
114,480000	0,059356
114,490000	0,056807
114,500000	0,060631
114,510000	0,058081
114,520000	0,057444
114,530000	0,058719
114,540000	0,057444
114,550000	0,059356
114,560000	0,058081
114,570000	0,057444
114,580000	0,059994
114,590000	0,057444
114,600000	0,058719
114,610000	0,058719
114,620000	0,057444
114,630000	0,056807
114,640000	0,058719
114,650000	0,057444
114,660000	0,056807
114,670000	0,059356
114,680000	0,057444
114,690000	0,059356
114,700000	0,057444
114,710000	0,058081
114,720000	0,059994
114,730000	0,058081
114,740000	0,059356
114,750000	0,059356
114,760000	0,059356
114,770000	0,056807
114,780000	0,058081
114,790000	0,058081
114,800000	0,056169
114,810000	0,056807
114,820000	0,057444
114,830000	0,057444
114,840000	0,058719
114,850000	0,057444
114,860000	0,056807
114,870000	0,056169
114,880000	0,058081
114,890000	0,058081
114,900000	0,059994
114,910000	0,058081
114,920000	0,056807
114,930000	0,057444
114,940000	0,055532
114,950000	0,059356
114,960000	0,058719
114,970000	0,058719
114,980000	0,058719
114,990000	0,058081
115,000000	0,056169
115,010000	0,058719
115,020000	0,059994
115,030000	0,059356
115,040000	0,056169
115,050000	0,058719
115,060000	0,059994
115,070000	0,056807
115,080000	0,057444
115,090000	0,054895
115,100000	0,060631
115,110000	0,058719
115,120000	0,058719
115,130000	0,059994
115,140000	0,056807
115,150000	0,056807
115,160000	0,056807
115,170000	0,059356
115,180000	0,057444
115,190000	0,057444
115,200000	0,058719
115,210000	0,059356
115,220000	0,059994
115,230000	0,058081
115,240000	0,058719
115,250000	0,056807
115,260000	0,056807
115,270000	0,058081
115,280000	0,059356
115,290000	0,058081
115,300000	0,057444
115,310000	0,056169
115,320000	0,056807
115,330000	0,057444
115,340000	0,058719
115,350000	0,058081
115,360000	0,057444
115,370000	0,059356
115,380000	0,055532
115,390000	0,058719
115,400000	0,056169
115,410000	0,059994
115,420000	0,056807
115,430000	0,060631
115,440000	0,058719
115,450000	0,059356
115,460000	0,056169
115,470000	0,055532
115,480000	0,056807
115,490000	0,058081
115,500000	0,057444
115,510000	0,058719
115,520000	0,058081
115,530000	0,057444
115,540000	0,056169
115,550000	0,059356
115,560000	0,056807
115,570000	0,056169
115,580000	0,059356
115,590000	0,058719
115,600000	0,055532
115,610000	0,058081
115,620000	0,055532
115,630000	0,056169
115,640000	0,056169
115,650000	0,056169
115,660000	0,056169
115,670000	0,056807
115,680000	0,056169
115,690000	0,056169
115,700000	0,057444
115,710000	0,058719
115,720000	0,052982
115,730000	0,056169
115,740000	0,056807
115,750000	0,056807
115,760000	0,053620
115,770000	0,056169
115,780000	0,056169
115,790000	0,056169
115,800000	0,056807
115,810000	0,054895
115,820000	0,058719
115,830000	0,055532
115,840000	0,055532
115,850000	0,056169
115,860000	0,054895
115,870000	0,054895
115,880000	0,054895
115,890000	0,055532
115,900000	0,056169
115,910000	0,053620
115,920000	0,054257
115,930000	0,055532
115,940000	0,053620
115,950000	0,053620
115,960000	0,052982
115,970000	0,052982
115,980000	0,054257
115,990000	0,054257
116,000000	0,054257
116,010000	0,054895
116,020000	0,054257
116,030000	0,054257
116,040000	0,056169
116,050000	0,054257
116,060000	0,056169
116,070000	0,053620
116,080000	0,053620
116,090000	0,054895
116,100000	0,054895
116,110000	0,054257
116,120000	0,053620
116,130000	0,053620
116,140000	0,052982
116,150000	0,054895
116,160000	0,054895
116,170000	0,054895
116,180000	0,052982
116,190000	0,054257
116,200000	0,055532
116,210000	0,054895
116,220000	0,055532
116,230000	0,054257
116,240000	0,054895
116,250000	0,055532
116,260000	0,056169
116,270000	0,056169
116,280000	0,053620
116,290000	0,052345
116,300000	0,054895
116,310000	0,054257
116,320000	0,054895
116,330000	0,053620
116,340000	0,054257
116,350000	0,054895
116,360000	0,054257
116,370000	0,054257
116,380000	0,053620
116,390000	0,056169
116,400000	0,054895
116,410000	0,052982
116,420000	0,053620
116,430000	0,052982
116,440000	0,052345
116,450000	0,054895
116,460000	0,052345
116,470000	0,054257
116,480000	0,051070
116,490000	0,054257
116,500000	0,052982
116,510000	0,052982
116,520000	0,053620
116,530000	0,056169
116,540000	0,056169
116,550000	0,054257
116,560000	0,053620
116,570000	0,052982
116,580000	0,054257
116,590000	0,054895
116,600000	0,055532
116,610000	0,056169
116,620000	0,054895
116,630000	0,055532
116,640000	0,052345
116,650000	0,054257
116,660000	0,055532
116,670000	0,053620
116,680000	0,052345
116,690000	0,055532
116,700000	0,052345
116,710000	0,054895
116,720000	0,054895
116,730000	0,056169
116,740000	0,052982
116,750000	0,056807
116,760000	0,053620
116,770000	0,055532
116,780000	0,056169
116,790000	0,054257
116,800000	0,054257
116,810000	0,053620
116,820000	0,054895
116,830000	0,054257
116,840000	0,056807
116,850000	0,054895
116,860000	0,055532
116,870000	0,054257
116,880000	0,057444
116,890000	0,054257
116,900000	0,052345
116,910000	0,052982
116,920000	0,054257
116,930000	0,056169
116,940000	0,056169
116,950000	0,055532
116,960000	0,054895
116,970000	0,056169
116,980000	0,053620
116,990000	0,057444
117,000000	0,053620
117,010000	0,056169
117,020000	0,054895
117,030000	0,056169
117,040000	0,055532
117,050000	0,056807
117,060000	0,056169
117,070000	0,056169
117,080000	0,054257
117,090000	0,055532
117,100000	0,053620
117,110000	0,056169
117,120000	0,053620
117,130000	0,056807
117,140000	0,054895
117,150000	0,059356
117,160000	0,053620
117,170000	0,059994
117,180000	0,054257
117,190000	0,056807
117,200000	0,056169
117,210000	0,056169
117,220000	0,056169
117,230000	0,055532
117,240000	0,056807
117,250000	0,055532
117,260000	0,056807
117,270000	0,054895
117,280000	0,054895
117,290000	0,055532
117,300000	0,056807
117,310000	0,056169
117,320000	0,057444
117,330000	0,054895
117,340000	0,058719
117,350000	0,056169
117,360000	0,058081
117,370000	0,058719
117,380000	0,057444
117,390000	0,055532
117,400000	0,058719
117,410000	0,056169
117,420000	0,059994
117,430000	0,056807
117,440000	0,056807
117,450000	0,056169
117,460000	0,056807
117,470000	0,057444
117,480000	0,055532
117,490000	0,058719
117,500000	0,057444
117,510000	0,056807
117,520000	0,059994
117,530000	0,058719
117,540000	0,056169
117,550000	0,054895
117,560000	0,058719
117,570000	0,057444
117,580000	0,058719
117,590000	0,058719
117,600000	0,058719
117,610000	0,059994
117,620000	0,056169
117,630000	0,061268
117,640000	0,056807
117,650000	0,057444
117,660000	0,059994
117,670000	0,059994
117,680000	0,059994
117,690000	0,058719
117,700000	0,058081
117,710000	0,060631
117,720000	0,057444
117,730000	0,058719
117,740000	0,056807
117,750000	0,060631
117,760000	0,059994
117,770000	0,059356
117,780000	0,058719
117,790000	0,061906
117,800000	0,059994
117,810000	0,061268
117,820000	0,059356
117,830000	0,060631
117,840000	0,061906
117,850000	0,060631
117,860000	0,059994
117,870000	0,061268
117,880000	0,061268
117,890000	0,060631
117,900000	0,061906
117,910000	0,059994
117,920000	0,061906
117,930000	0,063180
117,940000	0,060631
117,950000	0,061268
117,960000	0,063180
117,970000	0,061268
117,980000	0,061268
117,990000	0,061268
118,000000	0,061268
118,010000	0,062543
118,020000	0,063818
118,030000	0,062543
118,040000	0,062543
118,050000	0,063180
118,060000	0,063818
118,070000	0,061268
118,080000	0,065092
118,090000	0,064455
118,100000	0,065092
118,110000	0,065092
118,120000	0,062543
118,130000	0,065092
118,140000	0,063180
118,150000	0,063180
118,160000	0,063180
118,170000	0,066367
118,180000	0,064455
118,190000	0,065092
118,200000	0,063818
118,210000	0,065730
118,220000	0,065730
118,230000	0,065092
118,240000	0,065730
118,250000	0,066367
118,260000	0,065730
118,270000	0,064455
118,280000	0,067005
118,290000	0,067005
118,300000	0,065092
118,310000	0,065092
118,320000	0,069554
118,330000	0,067005
118,340000	0,065092
118,350000	0,067642
118,360000	0,066367
118,370000	0,068279
118,380000	0,067642
118,390000	0,069554
118,400000	0,066367
118,410000	0,070829
118,420000	0,068917
118,430000	0,070829
118,440000	0,067642
118,450000	0,071466
118,460000	0,067005
118,470000	0,070191
118,480000	0,069554
118,490000	0,070191
118,500000	0,070191
118,510000	0,072103
118,520000	0,070829
118,530000	0,071466
118,540000	0,070191
118,550000	0,074653
118,560000	0,071466
118,570000	0,074016
118,580000	0,074016
118,590000	0,073378
118,600000	0,072741
118,610000	0,072741
118,620000	0,073378
118,630000	0,075928
118,640000	0,074016
118,650000	0,075928
118,660000	0,072103
118,670000	0,077202
118,680000	0,072741
118,690000	0,079114
118,700000	0,075290
118,710000	0,078477
118,720000	0,074016
118,730000	0,077202
118,740000	0,075928
118,750000	0,079752
118,760000	0,074653
118,770000	0,076565
118,780000	0,076565
118,790000	0,081664
118,800000	0,076565
118,810000	0,080389
118,820000	0,080389
118,830000	0,078477
118,840000	0,080389
118,850000	0,081664
118,860000	0,081027
118,870000	0,081027
118,880000	0,081664
118,890000	0,081664
118,900000	0,079114
118,910000	0,081664
118,920000	0,084213
118,930000	0,080389
118,940000	0,084213
118,950000	0,082939
118,960000	0,081027
118,970000	0,084213
118,980000	0,084213
118,990000	0,085488
119,000000	0,084851
119,010000	0,084213
119,020000	0,086126
119,030000	0,086763
119,040000	0,088038
119,050000	0,088038
119,060000	0,090587
119,070000	0,086763
119,080000	0,089312
119,090000	0,088038
119,100000	0,087400
119,110000	0,091224
119,120000	0,090587
119,130000	0,089950
119,140000	0,091862
119,150000	0,093774
119,160000	0,091862
119,170000	0,088675
119,180000	0,091224
119,190000	0,091224
119,200000	0,093137
119,210000	0,089950
119,220000	0,093774
119,230000	0,097598
119,240000	0,093774
119,250000	0,094411
119,260000	0,096961
119,270000	0,093774
119,280000	0,098873
119,290000	0,093137
119,300000	0,095686
119,310000	0,098235
119,320000	0,098235
119,330000	0,098873
119,340000	0,100148
119,350000	0,098873
119,360000	0,100148
119,370000	0,101422
119,380000	0,102060
119,390000	0,100785
119,400000	0,102060
119,410000	0,099510
119,420000	0,102060
119,430000	0,105884
119,440000	0,103334
119,450000	0,105884
119,460000	0,106521
119,470000	0,103972
119,480000	0,107159
119,490000	0,104609
119,500000	0,107796
119,510000	0,107796
119,520000	0,110983
119,530000	0,107159
119,540000	0,105884
119,550000	0,109708
119,560000	0,109708
119,570000	0,110983
119,580000	0,110345
119,590000	0,109708
119,600000	0,110345
119,610000	0,109708
119,620000	0,113532
119,630000	0,114170
119,640000	0,112895
119,650000	0,114170
119,660000	0,114807
119,670000	0,116082
119,680000	0,114807
119,690000	0,114170
119,700000	0,116082
119,710000	0,115444
119,720000	0,116719
119,730000	0,117994
119,740000	0,118631
119,750000	0,116719
119,760000	0,118631
119,770000	0,121181
119,780000	0,121818
119,790000	0,122455
119,800000	0,116719
119,810000	0,122455
119,820000	0,122455
119,830000	0,113532
119,840000	0,125005
119,850000	0,121181
119,860000	0,120543
119,870000	0,122455
119,880000	0,123093
119,890000	0,124367
119,900000	0,123093
119,910000	0,124367
119,920000	0,125005
119,930000	0,126280
119,940000	0,125005
119,950000	0,126917
119,960000	0,126917
119,970000	0,126917
119,980000	0,127554
119,990000	0,126917
120,000000	0,128192
120,010000	0,130104
120,020000	0,130741
120,030000	0,131379
120,040000	0,131379
120,050000	0,129466
120,060000	0,131379
120,070000	0,129466
120,080000	0,130741
120,090000	0,131379
120,100000	0,132653
120,110000	0,130104
120,120000	0,130741
120,130000	0,135840
120,140000	0,132653
120,150000	0,132016
120,160000	0,134565
120,170000	0,132653
120,180000	0,135840
120,190000	0,136477
120,200000	0,133291
120,210000	0,135840
120,220000	0,132016
120,230000	0,135203
120,240000	0,133928
120,250000	0,135203
120,260000	0,132653
120,270000	0,137752
120,280000	0,134565
120,290000	0,135203
120,300000	0,132653
120,310000	0,137752
120,320000	0,133928
120,330000	0,137115
120,340000	0,135840
120,350000	0,138390
120,360000	0,135840
120,370000	0,137752
120,380000	0,139027
120,390000	0,138390
120,400000	0,136477
120,410000	0,139027
120,420000	0,139664
120,430000	0,139027
120,440000	0,139664
120,450000	0,141576
120,460000	0,139027
120,470000	0,140302
120,480000	0,138390
120,490000	0,138390
120,500000	0,140302
120,510000	0,136477
120,520000	0,139664
120,530000	0,137752
120,540000	0,141576
120,550000	0,138390
120,560000	0,146038
120,570000	0,141576
120,580000	0,141576
120,590000	0,139027
120,600000	0,146675
120,610000	0,140939
120,620000	0,141576
120,630000	0,140302
120,640000	0,142851
120,650000	0,140302
120,660000	0,140302
120,670000	0,140939
120,680000	0,140302
120,690000	0,140302
120,700000	0,142851
120,710000	0,142851
120,720000	0,143488
120,730000	0,139664
120,740000	0,143488
120,750000	0,142851
120,760000	0,142851
120,770000	0,139664
120,780000	0,140302
120,790000	0,139027
120,800000	0,142851
120,810000	0,135840
120,820000	0,143488
120,830000	0,138390
120,840000	0,139664
120,850000	0,141576
120,860000	0,137115
120,870000	0,137115
120,880000	0,139664
120,890000	0,141576
120,900000	0,138390
120,910000	0,139027
120,920000	0,139027
120,930000	0,138390
120,940000	0,135840
120,950000	0,133291
120,960000	0,139027
120,970000	0,131379
120,980000	0,133928
120,990000	0,133928
121,000000	0,136477
121,010000	0,135203
121,020000	0,133928
121,030000	0,134565
121,040000	0,133291
121,050000	0,132016
121,060000	0,132653
121,070000	0,129466
121,080000	0,132653
121,090000	0,131379
121,100000	0,132016
121,110000	0,131379
121,120000	0,127554
121,130000	0,128829
121,140000	0,130104
121,150000	0,130104
121,160000	0,126917
121,170000	0,126917
121,180000	0,128192
121,190000	0,125005
121,200000	0,124367
121,210000	0,123730
121,220000	0,125005
121,230000	0,123730
121,240000	0,121818
121,250000	0,122455
121,260000	0,124367
121,270000	0,121818
121,280000	0,122455
121,290000	0,124367
121,300000	0,121818
121,310000	0,117994
121,320000	0,120543
121,330000	0,119269
121,340000	0,120543
121,350000	0,117356
121,360000	0,116719
121,370000	0,116082
121,380000	0,117356
121,390000	0,114170
121,400000	0,118631
121,410000	0,112895
121,420000	0,116719
121,430000	0,112258
121,440000	0,116719
121,450000	0,110983
121,460000	0,113532
121,470000	0,107796
121,480000	0,111620
121,490000	0,107796
121,500000	0,110983
121,510000	0,108433
121,520000	0,109071
121,530000	0,105884
121,540000	0,109071
121,550000	0,104609
121,560000	0,104609
121,570000	0,103972
121,580000	0,107796
121,590000	0,105246
121,600000	0,104609
121,610000	0,104609
121,620000	0,103972
121,630000	0,103334
121,640000	0,103334
121,650000	0,101422
121,660000	0,101422
121,670000	0,103334
121,680000	0,101422
121,690000	0,099510
121,700000	0,100148
121,710000	0,098235
121,720000	0,101422
121,730000	0,098873
121,740000	0,098235
121,750000	0,096323
121,760000	0,097598
121,770000	0,098873
121,780000	0,096323
121,790000	0,095686
121,800000	0,095049
121,810000	0,093774
121,820000	0,094411
121,830000	0,094411
121,840000	0,095049
121,850000	0,092499
121,860000	0,092499
121,870000	0,091862
121,880000	0,091862
121,890000	0,090587
121,900000	0,091224
121,910000	0,091224
121,920000	0,089312
121,930000	0,089312
121,940000	0,088675
121,950000	0,089950
121,960000	0,089950
121,970000	0,089312
121,980000	0,088038
121,990000	0,091224
122,000000	0,085488
122,010000	0,087400
122,020000	0,086763
122,030000	0,086763
122,040000	0,088038
122,050000	0,087400
122,060000	0,083576
122,070000	0,088675
122,080000	0,083576
122,090000	0,087400
122,100000	0,081664
122,110000	0,084851
122,120000	0,085488
122,130000	0,086126
122,140000	0,081027
122,150000	0,083576
122,160000	0,081027
122,170000	0,082939
122,180000	0,081664
122,190000	0,079752
122,200000	0,080389
122,210000	0,082301
122,220000	0,081664
122,230000	0,078477
122,240000	0,080389
122,250000	0,081664
122,260000	0,077840
122,270000	0,079752
122,280000	0,079114
122,290000	0,078477
122,300000	0,077840
122,310000	0,077202
122,320000	0,081664
122,330000	0,076565
122,340000	0,077202
122,350000	0,075290
122,360000	0,078477
122,370000	0,077202
122,380000	0,079114
122,390000	0,075290
122,400000	0,076565
122,410000	0,076565
122,420000	0,077840
122,430000	0,076565
122,440000	0,077202
122,450000	0,074016
122,460000	0,076565
122,470000	0,076565
122,480000	0,075290
122,490000	0,072741
122,500000	0,076565
122,510000	0,074016
122,520000	0,074016
122,530000	0,073378
122,540000	0,074016
122,550000	0,074016
122,560000	0,072741
122,570000	0,072103
122,580000	0,075290
122,590000	0,070829
122,600000	0,076565
122,610000	0,073378
122,620000	0,074016
122,630000	0,072103
122,640000	0,070829
122,650000	0,071466
122,660000	0,072103
122,670000	0,070829
122,680000	0,073378
122,690000	0,071466
122,700000	0,072103
122,710000	0,068279
122,720000	0,071466
122,730000	0,071466
122,740000	0,070829
122,750000	0,072103
122,760000	0,067642
122,770000	0,071466
122,780000	0,071466
122,790000	0,068917
122,800000	0,070829
122,810000	0,067642
122,820000	0,068917
122,830000	0,068917
122,840000	0,070191
122,850000	0,068279
122,860000	0,064455
122,870000	0,068279
122,880000	0,070191
122,890000	0,068917
122,900000	0,070829
122,910000	0,066367
122,920000	0,070191
122,930000	0,066367
122,940000	0,070191
122,950000	0,068279
122,960000	0,066367
122,970000	0,067642
122,980000	0,068279
122,990000	0,068279
123,000000	0,068917
123,010000	0,067642
123,020000	0,067642
123,030000	0,068279
123,040000	0,067642
123,050000	0,067005
123,060000	0,066367
123,070000	0,068917
123,080000	0,067642
123,090000	0,065092
123,100000	0,067005
123,110000	0,065730
123,120000	0,067005
123,130000	0,067005
123,140000	0,064455
123,150000	0,068917
123,160000	0,066367
123,170000	0,065092
123,180000	0,066367
123,190000	0,065730
123,200000	0,065730
123,210000	0,064455
123,220000	0,065092
123,230000	0,065730
123,240000	0,065092
123,250000	0,064455
123,260000	0,066367
123,270000	0,065730
123,280000	0,066367
123,290000	0,063818
123,300000	0,063818
123,310000	0,067005
123,320000	0,063818
123,330000	0,064455
123,340000	0,065730
123,350000	0,062543
123,360000	0,065730
123,370000	0,061906
123,380000	0,063818
123,390000	0,064455
123,400000	0,060631
123,410000	0,064455
123,420000	0,062543
123,430000	0,063818
123,440000	0,065092
123,450000	0,060631
123,460000	0,064455
123,470000	0,063180
123,480000	0,064455
123,490000	0,063818
123,500000	0,061268
123,510000	0,062543
123,520000	0,064455
123,530000	0,063180
123,540000	0,064455
123,550000	0,062543
123,560000	0,064455
123,570000	0,062543
123,580000	0,063818
123,590000	0,061268
123,600000	0,061906
123,610000	0,062543
123,620000	0,061906
123,630000	0,061906
123,640000	0,063818
123,650000	0,061268
123,660000	0,061268
123,670000	0,061268
123,680000	0,061906
123,690000	0,061268
123,700000	0,061268
123,710000	0,063180
123,720000	0,059356
123,730000	0,059994
123,740000	0,061268
123,750000	0,060631
123,760000	0,061268
123,770000	0,061268
123,780000	0,061268
123,790000	0,061906
123,800000	0,059994
123,810000	0,061906
123,820000	0,061268
123,830000	0,061268
123,840000	0,057444
123,850000	0,061268
123,860000	0,059356
123,870000	0,061268
123,880000	0,059994
123,890000	0,061268
123,900000	0,058719
123,910000	0,058719
123,920000	0,059994
123,930000	0,059994
123,940000	0,060631
123,950000	0,061906
123,960000	0,057444
123,970000	0,059356
123,980000	0,059356
123,990000	0,060631
124,000000	0,061268
124,010000	0,059356
124,020000	0,059356
124,030000	0,058719
124,040000	0,059356
124,050000	0,059994
124,060000	0,058081
124,070000	0,060631
124,080000	0,056169
124,090000	0,061906
124,100000	0,058719
124,110000	0,059994
124,120000	0,056169
124,130000	0,058719
124,140000	0,057444
124,150000	0,057444
124,160000	0,059356
124,170000	0,059994
124,180000	0,059356
124,190000	0,060631
124,200000	0,056807
124,210000	0,059994
124,220000	0,058719
124,230000	0,058081
124,240000	0,059356
124,250000	0,058719
124,260000	0,059356
124,270000	0,058719
124,280000	0,058081
124,290000	0,058081
124,300000	0,058719
124,310000	0,061268
124,320000	0,056169
124,330000	0,058081
124,340000	0,058719
124,350000	0,058719
124,360000	0,055532
124,370000	0,057444
124,380000	0,058719
124,390000	0,056169
124,400000	0,057444
124,410000	0,058081
124,420000	0,056807
124,430000	0,058081
124,440000	0,057444
124,450000	0,059356
124,460000	0,056169
124,470000	0,059994
124,480000	0,057444
124,490000	0,058081
124,500000	0,056807
124,510000	0,057444
124,520000	0,056169
124,530000	0,056169
124,540000	0,055532
124,550000	0,056169
124,560000	0,056169
124,570000	0,055532
124,580000	0,057444
124,590000	0,058719
124,600000	0,055532
124,610000	0,058081
124,620000	0,058719
124,630000	0,056169
124,640000	0,056807
124,650000	0,057444
124,660000	0,056169
124,670000	0,058081
124,680000	0,058081
124,690000	0,057444
124,700000	0,056807
124,710000	0,056169
124,720000	0,058081
124,730000	0,056169
124,740000	0,055532
124,750000	0,057444
124,760000	0,055532
124,770000	0,056169
124,780000	0,059356
124,790000	0,056807
124,800000	0,056169
124,810000	0,058081
124,820000	0,056169
124,830000	0,057444
124,840000	0,057444
124,850000	0,058081
124,860000	0,057444
124,870000	0,056807
124,880000	0,058081
124,890000	0,059356
124,900000	0,058719
124,910000	0,058719
124,920000	0,056807
124,930000	0,056807
124,940000	0,058719
124,950000	0,055532
124,960000	0,055532
124,970000	0,057444
124,980000	0,058719
124,990000	0,057444
125,000000	0,058081
125,010000	0,055532
125,020000	0,058081
125,030000	0,054895
125,040000	0,056807
125,050000	0,058081
125,060000	0,058081
125,070000	0,058719
125,080000	0,058719
125,090000	0,056807
125,100000	0,054895
125,110000	0,058719
125,120000	0,056807
125,130000	0,059994
125,140000	0,057444
125,150000	0,058081
125,160000	0,056807
125,170000	0,056807
125,180000	0,057444
125,190000	0,056169
125,200000	0,058081
125,210000	0,056807
125,220000	0,056169
125,230000	0,059356
125,240000	0,054895
125,250000	0,058081
125,260000	0,055532
125,270000	0,058081
125,280000	0,056169
125,290000	0,057444
125,300000	0,058719
125,310000	0,059994
125,320000	0,056169
125,330000	0,058719
125,340000	0,055532
125,350000	0,061268
125,360000	0,056169
125,370000	0,060631
125,380000	0,056169
125,390000	0,056807
125,400000	0,056169
125,410000	0,058719
125,420000	0,058081
125,430000	0,059356
125,440000	0,053620
125,450000	0,059356
125,460000	0,055532
125,470000	0,061268
125,480000	0,056807
125,490000	0,056807
125,500000	0,058081
125,510000	0,058719
125,520000	0,056169
125,530000	0,056807
125,540000	0,058081
125,550000	0,059994
125,560000	0,055532
125,570000	0,057444
125,580000	0,058081
125,590000	0,056807
125,600000	0,054257
125,610000	0,059356
125,620000	0,054895
125,630000	0,056169
125,640000	0,056807
125,650000	0,055532
125,660000	0,056169
125,670000	0,059356
125,680000	0,054257
125,690000	0,056807
125,700000	0,054895
125,710000	0,056807
125,720000	0,055532
125,730000	0,054257
125,740000	0,055532
125,750000	0,054257
125,760000	0,056169
125,770000	0,056169
125,780000	0,056169
125,790000	0,054895
125,800000	0,058081
125,810000	0,053620
125,820000	0,056169
125,830000	0,053620
125,840000	0,053620
125,850000	0,054257
125,860000	0,054895
125,870000	0,052982
125,880000	0,054895
125,890000	0,053620
125,900000	0,054895
125,910000	0,053620
125,920000	0,052982
125,930000	0,054257
125,940000	0,056169
125,950000	0,056169
125,960000	0,054895
125,970000	0,054257
125,980000	0,054895
125,990000	0,053620
126,000000	0,056169
126,010000	0,057444
126,020000	0,054257
126,030000	0,056169
126,040000	0,055532
126,050000	0,056169
126,060000	0,052982
126,070000	0,054257
126,080000	0,053620
126,090000	0,058719
126,100000	0,053620
126,110000	0,053620
126,120000	0,053620
126,130000	0,054257
126,140000	0,054895
126,150000	0,052982
126,160000	0,054257
126,170000	0,052982
126,180000	0,052982
126,190000	0,054895
126,200000	0,052982
126,210000	0,053620
126,220000	0,053620
126,230000	0,048521
126,240000	0,053620
126,250000	0,052982
126,260000	0,054895
126,270000	0,054257
126,280000	0,051070
126,290000	0,052982
126,300000	0,058081
126,310000	0,055532
126,320000	0,053620
126,330000	0,053620
126,340000	0,053620
126,350000	0,052345
126,360000	0,055532
126,370000	0,054257
126,380000	0,054895
126,390000	0,054257
126,400000	0,053620
126,410000	0,052345
126,420000	0,054257
126,430000	0,054257
126,440000	0,051070
126,450000	0,051708
126,460000	0,055532
126,470000	0,054257
126,480000	0,053620
126,490000	0,054895
126,500000	0,052345
126,510000	0,054257
126,520000	0,054895
126,530000	0,052345
126,540000	0,052982
126,550000	0,051708
126,560000	0,053620
126,570000	0,052982
126,580000	0,054257
126,590000	0,055532
126,600000	0,054895
126,610000	0,055532
126,620000	0,053620
126,630000	0,053620
126,640000	0,052345
126,650000	0,052982
126,660000	0,055532
126,670000	0,052982
126,680000	0,053620
126,690000	0,054895
126,700000	0,051708
126,710000	0,053620
126,720000	0,055532
126,730000	0,051708
126,740000	0,053620
126,750000	0,052982
126,760000	0,055532
126,770000	0,051708
126,780000	0,052982
126,790000	0,054895
126,800000	0,055532
126,810000	0,051070
126,820000	0,053620
126,830000	0,052345
126,840000	0,051070
126,850000	0,055532
126,860000	0,056169
126,870000	0,054895
126,880000	0,052982
126,890000	0,052345
126,900000	0,052982
126,910000	0,051708
126,920000	0,054257
126,930000	0,053620
126,940000	0,049158
126,950000	0,055532
126,960000	0,054257
126,970000	0,053620
126,980000	0,054895
126,990000	0,052982
127,000000	0,052982
127,010000	0,056169
127,020000	0,054257
127,030000	0,053620
127,040000	0,056169
127,050000	0,056169
127,060000	0,056807
127,070000	0,052982
127,080000	0,051708
127,090000	0,054257
127,100000	0,048521
127,110000	0,056169
127,120000	0,056169
127,130000	0,054257
127,140000	0,055532
127,150000	0,053620
127,160000	0,056169
127,170000	0,056169
127,180000	0,054257
127,190000	0,056807
127,200000	0,055532
127,210000	0,056169
127,220000	0,056169
127,230000	0,054257
127,240000	0,056169
127,250000	0,056807
127,260000	0,053620
127,270000	0,054257
127,280000	0,057444
127,290000	0,053620
127,300000	0,055532
127,310000	0,056169
127,320000	0,056169
127,330000	0,054257
127,340000	0,058081
127,350000	0,059994
127,360000	0,056169
127,370000	0,055532
127,380000	0,055532
127,390000	0,055532
127,400000	0,056807
127,410000	0,058719
127,420000	0,057444
127,430000	0,055532
127,440000	0,056169
127,450000	0,056807
127,460000	0,056807
127,470000	0,058719
127,480000	0,056807
127,490000	0,059994
127,500000	0,056169
127,510000	0,058719
127,520000	0,059356
127,530000	0,056807
127,540000	0,058719
127,550000	0,058719
127,560000	0,056169
127,570000	0,058081
127,580000	0,056807
127,590000	0,058081
127,600000	0,058719
127,610000	0,060631
127,620000	0,061906
127,630000	0,058719
127,640000	0,058719
127,650000	0,056807
127,660000	0,056807
127,670000	0,061906
127,680000	0,059356
127,690000	0,060631
127,700000	0,057444
127,710000	0,059356
127,720000	0,057444
127,730000	0,058719
127,740000	0,059356
127,750000	0,059356
127,760000	0,059356
127,770000	0,058719
127,780000	0,063180
127,790000	0,059994
127,800000	0,056807
127,810000	0,062543
127,820000	0,060631
127,830000	0,061268
127,840000	0,062543
127,850000	0,059994
127,860000	0,059356
127,870000	0,061268
127,880000	0,061906
127,890000	0,062543
127,900000	0,061268
127,910000	0,058719
127,920000	0,059994
127,930000	0,059994
127,940000	0,059994
127,950000	0,063180
127,960000	0,061268
127,970000	0,062543
127,980000	0,060631
127,990000	0,061268
128,000000	0,064455
128,010000	0,061268
128,020000	0,061906
128,030000	0,064455
128,040000	0,063180
128,050000	0,064455
128,060000	0,062543
128,070000	0,059994
128,080000	0,063180
128,090000	0,059356
128,100000	0,054257
128,110000	0,063818
128,120000	0,062543
128,130000	0,061906
128,140000	0,065730
128,150000	0,064455
128,160000	0,063180
128,170000	0,063818
128,180000	0,067005
128,190000	0,064455
128,200000	0,063818
128,210000	0,062543
128,220000	0,067005
128,230000	0,064455
128,240000	0,066367
128,250000	0,063818
128,260000	0,065730
128,270000	0,064455
128,280000	0,066367
128,290000	0,067005
128,300000	0,065092
128,310000	0,066367
128,320000	0,067005
128,330000	0,067005
128,340000	0,061268
128,350000	0,070191
128,360000	0,066367
128,370000	0,068279
128,380000	0,068279
128,390000	0,067005
128,400000	0,070191
128,410000	0,068279
128,420000	0,068279
128,430000	0,067642
128,440000	0,067642
128,450000	0,072103
128,460000	0,067005
128,470000	0,070191
128,480000	0,070829
128,490000	0,068917
128,500000	0,069554
128,510000	0,071466
128,520000	0,069554
128,530000	0,074016
128,540000	0,070829
128,550000	0,071466
128,560000	0,072741
128,570000	0,072103
128,580000	0,071466
128,590000	0,074016
128,600000	0,071466
128,610000	0,071466
128,620000	0,070829
128,630000	0,073378
128,640000	0,075290
128,650000	0,071466
128,660000	0,075290
128,670000	0,072103
128,680000	0,074016
128,690000	0,074016
128,700000	0,075928
128,710000	0,076565
128,720000	0,075928
128,730000	0,074016
128,740000	0,077202
128,750000	0,075290
128,760000	0,078477
128,770000	0,077202
128,780000	0,075290
128,790000	0,078477
128,800000	0,077202
128,810000	0,081027
128,820000	0,080389
128,830000	0,079114
128,840000	0,078477
128,850000	0,079114
128,860000	0,077840
128,870000	0,084213
128,880000	0,080389
128,890000	0,083576
128,900000	0,079752
128,910000	0,081027
128,920000	0,079114
128,930000	0,082301
128,940000	0,081027
128,950000	0,081664
128,960000	0,081027
128,970000	0,086126
128,980000	0,084213
128,990000	0,086763
129,000000	0,082301
129,010000	0,085488
129,020000	0,088038
129,030000	0,085488
129,040000	0,084213
129,050000	0,086763
129,060000	0,085488
129,070000	0,088038
129,080000	0,086126
129,090000	0,084851
129,100000	0,087400
129,110000	0,086126
129,120000	0,086763
129,130000	0,090587
129,140000	0,097598
129,150000	0,089950
129,160000	0,091862
129,170000	0,090587
129,180000	0,090587
129,190000	0,089950
129,200000	0,095686
129,210000	0,094411
129,220000	0,096961
129,230000	0,089312
129,240000	0,096961
129,250000	0,091862
129,260000	0,096961
129,270000	0,093137
129,280000	0,095686
129,290000	0,094411
129,300000	0,096961
129,310000	0,095686
129,320000	0,098873
129,330000	0,096961
129,340000	0,096323
129,350000	0,099510
129,360000	0,096961
129,370000	0,100148
129,380000	0,101422
129,390000	0,098235
129,400000	0,102060
129,410000	0,102060
129,420000	0,106521
129,430000	0,101422
129,440000	0,100785
129,450000	0,104609
129,460000	0,101422
129,470000	0,106521
129,480000	0,103334
129,490000	0,106521
129,500000	0,103972
129,510000	0,107796
129,520000	0,105884
129,530000	0,107159
129,540000	0,107796
129,550000	0,108433
129,560000	0,108433
129,570000	0,111620
129,580000	0,110345
129,590000	0,109071
129,600000	0,110983
129,610000	0,110983
129,620000	0,111620
129,630000	0,111620
129,640000	0,112895
129,650000	0,110983
129,660000	0,117356
129,670000	0,115444
129,680000	0,117356
129,690000	0,116082
129,700000	0,116719
129,710000	0,117994
129,720000	0,116719
129,730000	0,115444
129,740000	0,122455
129,750000	0,123730
129,760000	0,119269
129,770000	0,117994
129,780000	0,121818
129,790000	0,118631
129,800000	0,122455
129,810000	0,121818
129,820000	0,121818
129,830000	0,121181
129,840000	0,124367
129,850000	0,124367
129,860000	0,126917
129,870000	0,121818
129,880000	0,125005
129,890000	0,123093
129,900000	0,126280
129,910000	0,117994
129,920000	0,125005
129,930000	0,125005
129,940000	0,126917
129,950000	0,128829
129,960000	0,132016
129,970000	0,127554
129,980000	0,127554
129,990000	0,126917
130,000000	0,126280
130,010000	0,126917
130,020000	0,128192
130,030000	0,128829
130,040000	0,130104
130,050000	0,129466
130,060000	0,128829
130,070000	0,135203
130,080000	0,132653
130,090000	0,133928
130,100000	0,130741
130,110000	0,131379
130,120000	0,131379
130,130000	0,132016
130,140000	0,132653
130,150000	0,131379
130,160000	0,130104
130,170000	0,133291
130,180000	0,134565
130,190000	0,132653
130,200000	0,130741
130,210000	0,135203
130,220000	0,136477
130,230000	0,130104
130,240000	0,137752
130,250000	0,131379
130,260000	0,135840
130,270000	0,132016
130,280000	0,137752
130,290000	0,130741
130,300000	0,134565
130,310000	0,135203
130,320000	0,139027
130,330000	0,134565
130,340000	0,136477
130,350000	0,136477
130,360000	0,137115
130,370000	0,140302
130,380000	0,135840
130,390000	0,135203
130,400000	0,140302
130,410000	0,138390
130,420000	0,137115
130,430000	0,139027
130,440000	0,138390
130,450000	0,142214
130,460000	0,137752
130,470000	0,139027
130,480000	0,139664
130,490000	0,139027
130,500000	0,141576
130,510000	0,136477
130,520000	0,139664
130,530000	0,139664
130,540000	0,137115
130,550000	0,139664
130,560000	0,135840
130,570000	0,143488
130,580000	0,139664
130,590000	0,141576
130,600000	0,141576
130,610000	0,148587
130,620000	0,142214
130,630000	0,139027
130,640000	0,136477
130,650000	0,138390
130,660000	0,142851
130,670000	0,139664
130,680000	0,140302
130,690000	0,137752
130,700000	0,138390
130,710000	0,140302
130,720000	0,137752
130,730000	0,139664
130,740000	0,139664
130,750000	0,139664
130,760000	0,139027
130,770000	0,139664
130,780000	0,141576
130,790000	0,139027
130,800000	0,140939
130,810000	0,137752
130,820000	0,140302
130,830000	0,137115
130,840000	0,135203
130,850000	0,138390
130,860000	0,139664
130,870000	0,138390
130,880000	0,139027
130,890000	0,137752
130,900000	0,138390
130,910000	0,123093
130,920000	0,137752
130,930000	0,130741
130,940000	0,137115
130,950000	0,136477
130,960000	0,137752
130,970000	0,134565
130,980000	0,137115
130,990000	0,132653
131,000000	0,137115
131,010000	0,134565
131,020000	0,132016
131,030000	0,133928
131,040000	0,137115
131,050000	0,134565
131,060000	0,132653
131,070000	0,138390
131,080000	0,135203
131,090000	0,132016
131,100000	0,132016
131,110000	0,130104
131,120000	0,132016
131,130000	0,128829
131,140000	0,127554
131,150000	0,128192
131,160000	0,128829
131,170000	0,128192
131,180000	0,126280
131,190000	0,126917
131,200000	0,125005
131,210000	0,125642
131,220000	0,125005
131,230000	0,116719
131,240000	0,119906
131,250000	0,123730
131,260000	0,122455
131,270000	0,121181
131,280000	0,123093
131,290000	0,121818
131,300000	0,121818
131,310000	0,119269
131,320000	0,122455
131,330000	0,118631
131,340000	0,121181
131,350000	0,114170
131,360000	0,121181
131,370000	0,116082
131,380000	0,117356
131,390000	0,117994
131,400000	0,119269
131,410000	0,112258
131,420000	0,117356
131,430000	0,111620
131,440000	0,114807
131,450000	0,108433
131,460000	0,114170
131,470000	0,110983
131,480000	0,112895
131,490000	0,109071
131,500000	0,109071
131,510000	0,109708
131,520000	0,109708
131,530000	0,105884
131,540000	0,111620
131,550000	0,105246
131,560000	0,109708
131,570000	0,105884
131,580000	0,110983
131,590000	0,103334
131,600000	0,107796
131,610000	0,104609
131,620000	0,105246
131,630000	0,110983
131,640000	0,103972
131,650000	0,101422
131,660000	0,102697
131,670000	0,100785
131,680000	0,107159
131,690000	0,099510
131,700000	0,100785
131,710000	0,098235
131,720000	0,100148
131,730000	0,099510
131,740000	0,099510
131,750000	0,097598
131,760000	0,102060
131,770000	0,096961
131,780000	0,102060
131,790000	0,086126
131,800000	0,098235
131,810000	0,093137
131,820000	0,097598
131,830000	0,091862
131,840000	0,094411
131,850000	0,091862
131,860000	0,094411
131,870000	0,093137
131,880000	0,094411
131,890000	0,093774
131,900000	0,089312
131,910000	0,091224
131,920000	0,092499
131,930000	0,090587
131,940000	0,089950
131,950000	0,092499
131,960000	0,091224
131,970000	0,088038
131,980000	0,088675
131,990000	0,088675
132,000000	0,087400
132,010000	0,086126
132,020000	0,088038
132,030000	0,086763
132,040000	0,090587
132,050000	0,084851
132,060000	0,089312
132,070000	0,086126
132,080000	0,086763
132,090000	0,084213
132,100000	0,085488
132,110000	0,079752
132,120000	0,084851
132,130000	0,084213
132,140000	0,086126
132,150000	0,082939
132,160000	0,084213
132,170000	0,081664
132,180000	0,081664
132,190000	0,081664
132,200000	0,082939
132,210000	0,080389
132,220000	0,081664
132,230000	0,081664
132,240000	0,082939
132,250000	0,079114
132,260000	0,081027
132,270000	0,084213
132,280000	0,078477
132,290000	0,080389
132,300000	0,079752
132,310000	0,077202
132,320000	0,077202
132,330000	0,082301
132,340000	0,076565
132,350000	0,079114
132,360000	0,077202
132,370000	0,078477
132,380000	0,076565
132,390000	0,079114
132,400000	0,077202
132,410000	0,077840
132,420000	0,074016
132,430000	0,075290
132,440000	0,076565
132,450000	0,076565
132,460000	0,072741
132,470000	0,074016
132,480000	0,072741
132,490000	0,076565
132,500000	0,075928
132,510000	0,075290
132,520000	0,073378
132,530000	0,075290
132,540000	0,074653
132,550000	0,073378
132,560000	0,072103
132,570000	0,071466
132,580000	0,073378
132,590000	0,074653
132,600000	0,072741
132,610000	0,073378
132,620000	0,074016
132,630000	0,070191
132,640000	0,073378
132,650000	0,076565
132,660000	0,071466
132,670000	0,073378
132,680000	0,072103
132,690000	0,070829
132,700000	0,072103
132,710000	0,072741
132,720000	0,070191
132,730000	0,070829
132,740000	0,069554
132,750000	0,070191
132,760000	0,070829
132,770000	0,068279
132,780000	0,068917
132,790000	0,068917
132,800000	0,068917
132,810000	0,068917
132,820000	0,070829
132,830000	0,068279
132,840000	0,070191
132,850000	0,071466
132,860000	0,065730
132,870000	0,068917
132,880000	0,068917
132,890000	0,067642
132,900000	0,070829
132,910000	0,067642
132,920000	0,067005
132,930000	0,067642
132,940000	0,067642
132,950000	0,074016
132,960000	0,066367
132,970000	0,068279
132,980000	0,067642
132,990000	0,067642
133,000000	0,070191
133,010000	0,067005
133,020000	0,068917
133,030000	0,069554
133,040000	0,067642
133,050000	0,065730
133,060000	0,063818
133,070000	0,064455
133,080000	0,067005
133,090000	0,064455
133,100000	0,065092
133,110000	0,061268
133,120000	0,067005
133,130000	0,068279
133,140000	0,066367
133,150000	0,065730
133,160000	0,065092
133,170000	0,065092
133,180000	0,064455
133,190000	0,065730
133,200000	0,066367
133,210000	0,065730
133,220000	0,067642
133,230000	0,065092
133,240000	0,063818
133,250000	0,067005
133,260000	0,064455
133,270000	0,068917
133,280000	0,062543
133,290000	0,063818
133,300000	0,063818
133,310000	0,065730
133,320000	0,063180
133,330000	0,065730
133,340000	0,061906
133,350000	0,063818
133,360000	0,063180
133,370000	0,065730
133,380000	0,065092
133,390000	0,062543
133,400000	0,065092
133,410000	0,065092
133,420000	0,063180
133,430000	0,061906
133,440000	0,063818
133,450000	0,061268
133,460000	0,061906
133,470000	0,060631
133,480000	0,062543
133,490000	0,063180
133,500000	0,063818
133,510000	0,061268
133,520000	0,061268
133,530000	0,063818
133,540000	0,065092
133,550000	0,061268
133,560000	0,063180
133,570000	0,062543
133,580000	0,063180
133,590000	0,061268
133,600000	0,064455
133,610000	0,060631
133,620000	0,060631
133,630000	0,063180
133,640000	0,061906
133,650000	0,062543
133,660000	0,059994
133,670000	0,060631
133,680000	0,062543
133,690000	0,061906
133,700000	0,059356
133,710000	0,061268
133,720000	0,052982
133,730000	0,061268
133,740000	0,059356
133,750000	0,061268
133,760000	0,059994
133,770000	0,061268
133,780000	0,058719
133,790000	0,059356
133,800000	0,061268
133,810000	0,060631
133,820000	0,056807
133,830000	0,061268
133,840000	0,059994
133,850000	0,061268
133,860000	0,060631
133,870000	0,061268
133,880000	0,059994
133,890000	0,060631
133,900000	0,060631
133,910000	0,059994
133,920000	0,058081
133,930000	0,061268
133,940000	0,061268
133,950000	0,059356
133,960000	0,058719
133,970000	0,060631
133,980000	0,061268
133,990000	0,061906
134,000000	0,056169
134,010000	0,061268
134,020000	0,058719
134,030000	0,059994
134,040000	0,059356
134,050000	0,059994
134,060000	0,057444
134,070000	0,061268
134,080000	0,059356
134,090000	0,058719
134,100000	0,059994
134,110000	0,057444
134,120000	0,058719
134,130000	0,057444
134,140000	0,058719
134,150000	0,058081
134,160000	0,058719
134,170000	0,058719
134,180000	0,058081
134,190000	0,057444
134,200000	0,060631
134,210000	0,059356
134,220000	0,058081
134,230000	0,059356
134,240000	0,061268
134,250000	0,058719
134,260000	0,056807
134,270000	0,056807
134,280000	0,056169
134,290000	0,056807
134,300000	0,058719
134,310000	0,058719
134,320000	0,056169
134,330000	0,056169
134,340000	0,057444
134,350000	0,059356
134,360000	0,056169
134,370000	0,056169
134,380000	0,058081
134,390000	0,057444
134,400000	0,058719
134,410000	0,056169
134,420000	0,056169
134,430000	0,058719
134,440000	0,058719
134,450000	0,055532
134,460000	0,055532
134,470000	0,055532
134,480000	0,054895
134,490000	0,057444
134,500000	0,058081
134,510000	0,055532
134,520000	0,058081
134,530000	0,057444
134,540000	0,056807
134,550000	0,056807
134,560000	0,057444
134,570000	0,055532
134,580000	0,058081
134,590000	0,057444
134,600000	0,057444
134,610000	0,057444
134,620000	0,059356
134,630000	0,058719
134,640000	0,056807
134,650000	0,055532
134,660000	0,057444
134,670000	0,057444
134,680000	0,056169
134,690000	0,057444
134,700000	0,056807
134,710000	0,058081
134,720000	0,056169
134,730000	0,057444
134,740000	0,057444
134,750000	0,054895
134,760000	0,058081
134,770000	0,058081
134,780000	0,056169
134,790000	0,057444
134,800000	0,055532
134,810000	0,056807
134,820000	0,056169
134,830000	0,056807
134,840000	0,057444
134,850000	0,055532
134,860000	0,058081
134,870000	0,058081
134,880000	0,056807
134,890000	0,056807
134,900000	0,054257
134,910000	0,054895
134,920000	0,056807
134,930000	0,056807
134,940000	0,058081
134,950000	0,056169
134,960000	0,056807
134,970000	0,056169
134,980000	0,056169
134,990000	0,055532
135,000000	0,056807
135,010000	0,055532
135,020000	0,055532
135,030000	0,056169
135,040000	0,055532
135,050000	0,054257
135,060000	0,055532
135,070000	0,054895
135,080000	0,054895
135,090000	0,056169
135,100000	0,055532
135,110000	0,056807
135,120000	0,054895
135,130000	0,056169
135,140000	0,058081
135,150000	0,058081
135,160000	0,056169
135,170000	0,054895
135,180000	0,058081
135,190000	0,058081
135,200000	0,058719
135,210000	0,055532
135,220000	0,055532
135,230000	0,058081
135,240000	0,056169
135,250000	0,057444
135,260000	0,054895
135,270000	0,057444
135,280000	0,054895
135,290000	0,056807
135,300000	0,056169
135,310000	0,058719
135,320000	0,058081
135,330000	0,056807
135,340000	0,057444
135,350000	0,054895
135,360000	0,059356
135,370000	0,056807
135,380000	0,059356
135,390000	0,058081
135,400000	0,057444
135,410000	0,058719
135,420000	0,056807
135,430000	0,059994
135,440000	0,057444
135,450000	0,057444
135,460000	0,056169
135,470000	0,057444
135,480000	0,058081
135,490000	0,058081
135,500000	0,059356
135,510000	0,058081
135,520000	0,056169
135,530000	0,056807
135,540000	0,056169
135,550000	0,057444
135,560000	0,054257
135,570000	0,058081
135,580000	0,056807
135,590000	0,056169
135,600000	0,058719
135,610000	0,058719
135,620000	0,054895
135,630000	0,056169
135,640000	0,057444
135,650000	0,055532
135,660000	0,055532
135,670000	0,054257
135,680000	0,056169
135,690000	0,056807
135,700000	0,058081
135,710000	0,056169
135,720000	0,056807
135,730000	0,052982
135,740000	0,055532
135,750000	0,054257
135,760000	0,056169
135,770000	0,056169
135,780000	0,056169
135,790000	0,056169
135,800000	0,054895
135,810000	0,052345
135,820000	0,056169
135,830000	0,054895
135,840000	0,056807
135,850000	0,056169
135,860000	0,055532
135,870000	0,052982
135,880000	0,055532
135,890000	0,054895
135,900000	0,052982
135,910000	0,055532
135,920000	0,049796
135,930000	0,053620
135,940000	0,052982
135,950000	0,054257
135,960000	0,053620
135,970000	0,056169
135,980000	0,052982
135,990000	0,055532
136,000000	0,053620
136,010000	0,052982
136,020000	0,053620
136,030000	0,052345
136,040000	0,054257
136,050000	0,052982
136,060000	0,052982
136,070000	0,054895
136,080000	0,053620
136,090000	0,053620
136,100000	0,053620
136,110000	0,052982
136,120000	0,052982
136,130000	0,053620
136,140000	0,055532
136,150000	0,056169
136,160000	0,055532
136,170000	0,052982
136,180000	0,052982
136,190000	0,051708
136,200000	0,052982
136,210000	0,051070
136,220000	0,052982
136,230000	0,052982
136,240000	0,052982
136,250000	0,051708
136,260000	0,052982
136,270000	0,052982
136,280000	0,052345
136,290000	0,052982
136,300000	0,052982
136,310000	0,052982
136,320000	0,052982
136,330000	0,053620
136,340000	0,051070
136,350000	0,051070
136,360000	0,053620
136,370000	0,052982
136,380000	0,052982
136,390000	0,051708
136,400000	0,051708
136,410000	0,053620
136,420000	0,051708
136,430000	0,053620
136,440000	0,051708
136,450000	0,051070
136,460000	0,051708
136,470000	0,052345
136,480000	0,053620
136,490000	0,054257
136,500000	0,054257
136,510000	0,054895
136,520000	0,053620
136,530000	0,053620
136,540000	0,052345
136,550000	0,054895
136,560000	0,053620
136,570000	0,052982
136,580000	0,051070
136,590000	0,051070
136,600000	0,052982
136,610000	0,053620
136,620000	0,052982
136,630000	0,052345
136,640000	0,050433
136,650000	0,054895
136,660000	0,053620
136,670000	0,053620
136,680000	0,052345
136,690000	0,051070
136,700000	0,051708
136,710000	0,053620
136,720000	0,054257
136,730000	0,054895
136,740000	0,052345
136,750000	0,052982
136,760000	0,055532
136,770000	0,056169
136,780000	0,055532
136,790000	0,052982
136,800000	0,053620
136,810000	0,053620
136,820000	0,054257
136,830000	0,053620
136,840000	0,054895
136,850000	0,052982
136,860000	0,050433
136,870000	0,053620
136,880000	0,054257
136,890000	0,051708
136,900000	0,054895
136,910000	0,053620
136,920000	0,052982
136,930000	0,052982
136,940000	0,054895
136,950000	0,052345
136,960000	0,054257
136,970000	0,055532
136,980000	0,055532
136,990000	0,052345
137,000000	0,052982
137,010000	0,054895
137,020000	0,055532
137,030000	0,054895
137,040000	0,055532
137,050000	0,054895
137,060000	0,052982
137,070000	0,055532
137,080000	0,055532
137,090000	0,055532
137,100000	0,056169
137,110000	0,054895
137,120000	0,054257
137,130000	0,055532
137,140000	0,052982
137,150000	0,055532
137,160000	0,054895
137,170000	0,054895
137,180000	0,055532
137,190000	0,054257
137,200000	0,054895
137,210000	0,054895
137,220000	0,053620
137,230000	0,056807
137,240000	0,056169
137,250000	0,055532
137,260000	0,056807
137,270000	0,056169
137,280000	0,056169
137,290000	0,056169
137,300000	0,054895
137,310000	0,056169
137,320000	0,054895
137,330000	0,055532
137,340000	0,057444
137,350000	0,054895
137,360000	0,056169
137,370000	0,057444
137,380000	0,054895
137,390000	0,054895
137,400000	0,056169
137,410000	0,058081
137,420000	0,054895
137,430000	0,055532
137,440000	0,056169
137,450000	0,056169
137,460000	0,056807
137,470000	0,057444
137,480000	0,056169
137,490000	0,057444
137,500000	0,057444
137,510000	0,057444
137,520000	0,056169
137,530000	0,056807
137,540000	0,057444
137,550000	0,056169
137,560000	0,058081
137,570000	0,058719
137,580000	0,057444
137,590000	0,059994
137,600000	0,056807
137,610000	0,058719
137,620000	0,057444
137,630000	0,056807
137,640000	0,056807
137,650000	0,058081
137,660000	0,056169
137,670000	0,058719
137,680000	0,060631
137,690000	0,058081
137,700000	0,060631
137,710000	0,058081
137,720000	0,058719
137,730000	0,056169
137,740000	0,060631
137,750000	0,058081
137,760000	0,059994
137,770000	0,061268
137,780000	0,059994
137,790000	0,059994
137,800000	0,059356
137,810000	0,060631
137,820000	0,058719
137,830000	0,058719
137,840000	0,061268
137,850000	0,059994
137,860000	0,058081
137,870000	0,059356
137,880000	0,061268
137,890000	0,061268
137,900000	0,061268
137,910000	0,059994
137,920000	0,061268
137,930000	0,062543
137,940000	0,061268
137,950000	0,061268
137,960000	0,066367
137,970000	0,063180
137,980000	0,063818
137,990000	0,062543
138,000000	0,060631
138,010000	0,061268
138,020000	0,061906
138,030000	0,062543
138,040000	0,063818
138,050000	0,059994
138,060000	0,061906
138,070000	0,062543
138,080000	0,062543
138,090000	0,062543
138,100000	0,063818
138,110000	0,063818
138,120000	0,061906
138,130000	0,065092
138,140000	0,061906
138,150000	0,063818
138,160000	0,063818
138,170000	0,062543
138,180000	0,066367
138,190000	0,063818
138,200000	0,065730
138,210000	0,063818
138,220000	0,063180
138,230000	0,065730
138,240000	0,065730
138,250000	0,065092
138,260000	0,067005
138,270000	0,063818
138,280000	0,063180
138,290000	0,066367
138,300000	0,066367
138,310000	0,066367
138,320000	0,067642
138,330000	0,065730
138,340000	0,065730
138,350000	0,065730
138,360000	0,068917
138,370000	0,067005
138,380000	0,067642
138,390000	0,065730
138,400000	0,066367
138,410000	0,066367
138,420000	0,068279
138,430000	0,065730
138,440000	0,068279
138,450000	0,067005
138,460000	0,068917
138,470000	0,068279
138,480000	0,071466
138,490000	0,069554
138,500000	0,070829
138,510000	0,071466
138,520000	0,070191
138,530000	0,068917
138,540000	0,068917
138,550000	0,073378
138,560000	0,072741
138,570000	0,068917
138,580000	0,068917
138,590000	0,072103
138,600000	0,073378
138,610000	0,072103
138,620000	0,074016
138,630000	0,072103
138,640000	0,075290
138,650000	0,073378
138,660000	0,074653
138,670000	0,076565
138,680000	0,074016
138,690000	0,075290
138,700000	0,074016
138,710000	0,075290
138,720000	0,072741
138,730000	0,072741
138,740000	0,075928
138,750000	0,076565
138,760000	0,075290
138,770000	0,076565
138,780000	0,077202
138,790000	0,075928
138,800000	0,077202
138,810000	0,076565
138,820000	0,078477
138,830000	0,079114
138,840000	0,077840
138,850000	0,079752
138,860000	0,078477
138,870000	0,078477
138,880000	0,080389
138,890000	0,081027
138,900000	0,081664
138,910000	0,081027
138,920000	0,078477
138,930000	0,081027
138,940000	0,079114
138,950000	0,083576
138,960000	0,082939
138,970000	0,086126
138,980000	0,084213
138,990000	0,083576
139,000000	0,083576
139,010000	0,083576
139,020000	0,083576
139,030000	0,085488
139,040000	0,082939
139,050000	0,084851
139,060000	0,084213
139,070000	0,086763
139,080000	0,086126
139,090000	0,090587
139,100000	0,088675
139,110000	0,086763
139,120000	0,089312
139,130000	0,088675
139,140000	0,088675
139,150000	0,088038
139,160000	0,090587
139,170000	0,091862
139,180000	0,091862
139,190000	0,090587
139,200000	0,091862
139,210000	0,089312
139,220000	0,089950
139,230000	0,091224
139,240000	0,091862
139,250000	0,091224
139,260000	0,095049
139,270000	0,093137
139,280000	0,091862
139,290000	0,093137
139,300000	0,096961
139,310000	0,096323
139,320000	0,097598
139,330000	0,098873
139,340000	0,096961
139,350000	0,098873
139,360000	0,097598
139,370000	0,100148
139,380000	0,099510
139,390000	0,097598
139,400000	0,098235
139,410000	0,101422
139,420000	0,100785
139,430000	0,102060
139,440000	0,100785
139,450000	0,101422
139,460000	0,102697
139,470000	0,103334
139,480000	0,105246
139,490000	0,107159
139,500000	0,103972
139,510000	0,103972
139,520000	0,105884
139,530000	0,109071
139,540000	0,105246
139,550000	0,107159
139,560000	0,111620
139,570000	0,107796
139,580000	0,107796
139,590000	0,110345
139,600000	0,110345
139,610000	0,111620
139,620000	0,114170
139,630000	0,109071
139,640000	0,113532
139,650000	0,112258
139,660000	0,114807
139,670000	0,114170
139,680000	0,113532
139,690000	0,110983
139,700000	0,114170
139,710000	0,112895
139,720000	0,118631
139,730000	0,114807
139,740000	0,113532
139,750000	0,117994
139,760000	0,117994
139,770000	0,119269
139,780000	0,117356
139,790000	0,117356
139,800000	0,118631
139,810000	0,121818
139,820000	0,119906
139,830000	0,121818
139,840000	0,123730
139,850000	0,116719
139,860000	0,121818
139,870000	0,122455
139,880000	0,125005
139,890000	0,123730
139,900000	0,125005
139,910000	0,117356
139,920000	0,123093
139,930000	0,120543
139,940000	0,123093
139,950000	0,125005
139,960000	0,126917
139,970000	0,127554
139,980000	0,127554
139,990000	0,126917
140,000000	0,126917
140,010000	0,130104
140,020000	0,125005
140,030000	0,130741
140,040000	0,128829
140,050000	0,128829
140,060000	0,131379
140,070000	0,132016
140,080000	0,132016
140,090000	0,128829
140,100000	0,133291
140,110000	0,133928
140,120000	0,130741
140,130000	0,130104
140,140000	0,131379
140,150000	0,133928
140,160000	0,132653
140,170000	0,132016
140,180000	0,133291
140,190000	0,132653
140,200000	0,136477
140,210000	0,133291
140,220000	0,135203
140,230000	0,132653
140,240000	0,134565
140,250000	0,132653
140,260000	0,137115
140,270000	0,132653
140,280000	0,137752
140,290000	0,137752
140,300000	0,137115
140,310000	0,133291
140,320000	0,135840
140,330000	0,133291
140,340000	0,133928
140,350000	0,135840
140,360000	0,137115
140,370000	0,134565
140,380000	0,135203
140,390000	0,133928
140,400000	0,139027
140,410000	0,137752
140,420000	0,139664
140,430000	0,135203
140,440000	0,139027
140,450000	0,133928
140,460000	0,140939
140,470000	0,137752
140,480000	0,137752
140,490000	0,137115
140,500000	0,135203
140,510000	0,136477
140,520000	0,137752
140,530000	0,140939
140,540000	0,135840
140,550000	0,141576
140,560000	0,137752
140,570000	0,140939
140,580000	0,136477
140,590000	0,138390
140,600000	0,137752
140,610000	0,139664
140,620000	0,137752
140,630000	0,136477
140,640000	0,139664
140,650000	0,140302
140,660000	0,140302
140,670000	0,140302
140,680000	0,140939
140,690000	0,137115
140,700000	0,141576
140,710000	0,144126
140,720000	0,141576
140,730000	0,137752
140,740000	0,140302
140,750000	0,137752
140,760000	0,141576
140,770000	0,138390
140,780000	0,140302
140,790000	0,137752
140,800000	0,140939
140,810000	0,137752
140,820000	0,139664
140,830000	0,139027
140,840000	0,142214
140,850000	0,139027
140,860000	0,137752
140,870000	0,137115
140,880000	0,137752
140,890000	0,137115
140,900000	0,136477
140,910000	0,137115
140,920000	0,139664
140,930000	0,138390
140,940000	0,132653
140,950000	0,139664
140,960000	0,136477
140,970000	0,137752
140,980000	0,135203
140,990000	0,136477
141,000000	0,135203
141,010000	0,136477
141,020000	0,134565
141,030000	0,133928
141,040000	0,130104
141,050000	0,133928
141,060000	0,132016
141,070000	0,133928
141,080000	0,128829
141,090000	0,132016
141,100000	0,129466
141,110000	0,130104
141,120000	0,128192
141,130000	0,131379
141,140000	0,125005
141,150000	0,126917
141,160000	0,126280
141,170000	0,127554
141,180000	0,126917
141,190000	0,125005
141,200000	0,128192
141,210000	0,125642
141,220000	0,123093
141,230000	0,123093
141,240000	0,124367
141,250000	0,122455
141,260000	0,121181
141,270000	0,119269
141,280000	0,122455
141,290000	0,122455
141,300000	0,120543
141,310000	0,121181
141,320000	0,116719
141,330000	0,120543
141,340000	0,114807
141,350000	0,122455
141,360000	0,121181
141,370000	0,116719
141,380000	0,115444
141,390000	0,114807
141,400000	0,117356
141,410000	0,113532
141,420000	0,114170
141,430000	0,112895
141,440000	0,115444
141,450000	0,110983
141,460000	0,112895
141,470000	0,110345
141,480000	0,112258
141,490000	0,110345
141,500000	0,107796
141,510000	0,111620
141,520000	0,109708
141,530000	0,109071
141,540000	0,108433
141,550000	0,108433
141,560000	0,107796
141,570000	0,106521
141,580000	0,103972
141,590000	0,108433
141,600000	0,103334
141,610000	0,104609
141,620000	0,107796
141,630000	0,103972
141,640000	0,102697
141,650000	0,105246
141,660000	0,102060
141,670000	0,101422
141,680000	0,102060
141,690000	0,100148
141,700000	0,099510
141,710000	0,100148
141,720000	0,099510
141,730000	0,098873
141,740000	0,095686
141,750000	0,100148
141,760000	0,098873
141,770000	0,098235
141,780000	0,093774
141,790000	0,097598
141,800000	0,099510
141,810000	0,096961
141,820000	0,095049
141,830000	0,093774
141,840000	0,093137
141,850000	0,094411
141,860000	0,095686
141,870000	0,095049
141,880000	0,093137
141,890000	0,094411
141,900000	0,091224
141,910000	0,091862
141,920000	0,091862
141,930000	0,091862
141,940000	0,093137
141,950000	0,092499
141,960000	0,089312
141,970000	0,088675
141,980000	0,091224
141,990000	0,090587
142,000000	0,089950
142,010000	0,086763
142,020000	0,086763
142,030000	0,087400
142,040000	0,087400
142,050000	0,086763
142,060000	0,086763
142,070000	0,086126
142,080000	0,085488
142,090000	0,086763
142,100000	0,086126
142,110000	0,086763
142,120000	0,083576
142,130000	0,083576
142,140000	0,082939
142,150000	0,086126
142,160000	0,082939
142,170000	0,083576
142,180000	0,086126
142,190000	0,084213
142,200000	0,082301
142,210000	0,082939
142,220000	0,081664
142,230000	0,082301
142,240000	0,080389
142,250000	0,079114
142,260000	0,082301
142,270000	0,081664
142,280000	0,077202
142,290000	0,080389
142,300000	0,078477
142,310000	0,080389
142,320000	0,079752
142,330000	0,079114
142,340000	0,079114
142,350000	0,079752
142,360000	0,076565
142,370000	0,077840
142,380000	0,078477
142,390000	0,076565
142,400000	0,074016
142,410000	0,078477
142,420000	0,076565
142,430000	0,077840
142,440000	0,077202
142,450000	0,076565
142,460000	0,075290
142,470000	0,075290
142,480000	0,075928
142,490000	0,075290
142,500000	0,074653
142,510000	0,076565
142,520000	0,075928
142,530000	0,076565
142,540000	0,074016
142,550000	0,072103
142,560000	0,072741
142,570000	0,076565
142,580000	0,073378
142,590000	0,072741
142,600000	0,072103
142,610000	0,071466
142,620000	0,072741
142,630000	0,072103
142,640000	0,072103
142,650000	0,070829
142,660000	0,070191
142,670000	0,075290
142,680000	0,069554
142,690000	0,072103
142,700000	0,067005
142,710000	0,072741
142,720000	0,070191
142,730000	0,070829
142,740000	0,070191
142,750000	0,072741
142,760000	0,068917
142,770000	0,071466
142,780000	0,068917
142,790000	0,070191
142,800000	0,067642
142,810000	0,068917
142,820000	0,069554
142,830000	0,068917
142,840000	0,067642
142,850000	0,070191
142,860000	0,070191
142,870000	0,067005
142,880000	0,068279
142,890000	0,068917
142,900000	0,068917
142,910000	0,067642
142,920000	0,067642
142,930000	0,070191
142,940000	0,065730
142,950000	0,066367
142,960000	0,067642
142,970000	0,070191
142,980000	0,067642
142,990000	0,067642
143,000000	0,065730
143,010000	0,065092
143,020000	0,068279
143,030000	0,065730
143,040000	0,066367
143,050000	0,066367
143,060000	0,068917
143,070000	0,068279
143,080000	0,065730
143,090000	0,066367
143,100000	0,064455
143,110000	0,067642
143,120000	0,065730
143,130000	0,063818
143,140000	0,065730
143,150000	0,064455
143,160000	0,063180
143,170000	0,064455
143,180000	0,066367
143,190000	0,064455
143,200000	0,065092
143,210000	0,064455
143,220000	0,064455
143,230000	0,065092
143,240000	0,061906
143,250000	0,063818
143,260000	0,065730
143,270000	0,063818
143,280000	0,065730
143,290000	0,063818
143,300000	0,062543
143,310000	0,063180
143,320000	0,064455
143,330000	0,063180
143,340000	0,064455
143,350000	0,063818
143,360000	0,061268
143,370000	0,063180
143,380000	0,064455
143,390000	0,065092
143,400000	0,065092
143,410000	0,063818
143,420000	0,061906
143,430000	0,061268
143,440000	0,063180
143,450000	0,063818
143,460000	0,060631
143,470000	0,063818
143,480000	0,062543
143,490000	0,063180
143,500000	0,061268
143,510000	0,061906
143,520000	0,061268
143,530000	0,061906
143,540000	0,061906
143,550000	0,061268
143,560000	0,061268
143,570000	0,059994
143,580000	0,063180
143,590000	0,063818
143,600000	0,063818
143,610000	0,063818
143,620000	0,061906
143,630000	0,061906
143,640000	0,061906
143,650000	0,059994
143,660000	0,061906
143,670000	0,061268
143,680000	0,060631
143,690000	0,058719
143,700000	0,061906
143,710000	0,061268
143,720000	0,063818
143,730000	0,061268
143,740000	0,062543
143,750000	0,059356
143,760000	0,057444
143,770000	0,061268
143,780000	0,059994
143,790000	0,058719
143,800000	0,060631
143,810000	0,058719
143,820000	0,058719
143,830000	0,059356
143,840000	0,058719
143,850000	0,059994
143,860000	0,061268
143,870000	0,059994
143,880000	0,061268
143,890000	0,059356
143,900000	0,059994
143,910000	0,058719
143,920000	0,059994
143,930000	0,059356
143,940000	0,058719
143,950000	0,059994
143,960000	0,057444
143,970000	0,057444
143,980000	0,061906
143,990000	0,058719
144,000000	0,058719
144,010000	0,058081
144,020000	0,057444
144,030000	0,061268
144,040000	0,059356
144,050000	0,058081
144,060000	0,058081
144,070000	0,057444
144,080000	0,058719
144,090000	0,058081
144,100000	0,061268
144,110000	0,058719
144,120000	0,058719
144,130000	0,058081
144,140000	0,059994
144,150000	0,052345
144,160000	0,056807
144,170000	0,058081
144,180000	0,056807
144,190000	0,056807
144,200000	0,058081
144,210000	0,059356
144,220000	0,056807
144,230000	0,058081
144,240000	0,059356
144,250000	0,058719
144,260000	0,059994
144,270000	0,054895
144,280000	0,057444
144,290000	0,056807
144,300000	0,056807
144,310000	0,056807
144,320000	0,056807
144,330000	0,059994
144,340000	0,056807
144,350000	0,058081
144,360000	0,058719
144,370000	0,058719
144,380000	0,055532
144,390000	0,058719
144,400000	0,058081
144,410000	0,060631
144,420000	0,056807
144,430000	0,057444
144,440000	0,057444
144,450000	0,057444
144,460000	0,056807
144,470000	0,054895
144,480000	0,056169
144,490000	0,057444
144,500000	0,055532
144,510000	0,057444
144,520000	0,056807
144,530000	0,056169
144,540000	0,056169
144,550000	0,058081
144,560000	0,055532
144,570000	0,054895
144,580000	0,056807
144,590000	0,055532
144,600000	0,056169
144,610000	0,056169
144,620000	0,057444
144,630000	0,057444
144,640000	0,057444
144,650000	0,056807
144,660000	0,058081
144,670000	0,053620
144,680000	0,059994
144,690000	0,055532
144,700000	0,054257
144,710000	0,054257
144,720000	0,057444
144,730000	0,056169
144,740000	0,055532
144,750000	0,055532
144,760000	0,057444
144,770000	0,056169
144,780000	0,055532
144,790000	0,056169
144,800000	0,056169
144,810000	0,056169
144,820000	0,058719
144,830000	0,055532
144,840000	0,056807
144,850000	0,056807
144,860000	0,059994
144,870000	0,055532
144,880000	0,056807
144,890000	0,058081
144,900000	0,057444
144,910000	0,054895
144,920000	0,056169
144,930000	0,056169
144,940000	0,057444
144,950000	0,057444
144,960000	0,058081
144,970000	0,056169
144,980000	0,055532
144,990000	0,052982
145,000000	0,056807
145,010000	0,056169
145,020000	0,056807
145,030000	0,054257
145,040000	0,056169
145,050000	0,056169
145,060000	0,058719
145,070000	0,056807
145,080000	0,055532
145,090000	0,057444
145,100000	0,054895
145,110000	0,056807
145,120000	0,055532
145,130000	0,057444
145,140000	0,054895
145,150000	0,054895
145,160000	0,056807
145,170000	0,054895
145,180000	0,056169
145,190000	0,056169
145,200000	0,053620
145,210000	0,054257
145,220000	0,056169
145,230000	0,054895
145,240000	0,056807
145,250000	0,057444
145,260000	0,056807
145,270000	0,056807
145,280000	0,056169
145,290000	0,056169
145,300000	0,058719
145,310000	0,054895
145,320000	0,057444
145,330000	0,056169
145,340000	0,058081
145,350000	0,056169
145,360000	0,058719
145,370000	0,054895
145,380000	0,059994
145,390000	0,056169
145,400000	0,054895
145,410000	0,053620
145,420000	0,057444
145,430000	0,054895
145,440000	0,055532
145,450000	0,055532
145,460000	0,055532
145,470000	0,056807
145,480000	0,056807
145,490000	0,056807
145,500000	0,058719
145,510000	0,057444
145,520000	0,055532
145,530000	0,055532
145,540000	0,056169
145,550000	0,055532
145,560000	0,056807
145,570000	0,056807
145,580000	0,058719
145,590000	0,058719
145,600000	0,058719
145,610000	0,054895
145,620000	0,056807
145,630000	0,056169
145,640000	0,056807
145,650000	0,055532
145,660000	0,057444
145,670000	0,056169
145,680000	0,056169
145,690000	0,054895
145,700000	0,056807
145,710000	0,053620
145,720000	0,054257
145,730000	0,055532
145,740000	0,054257
145,750000	0,054895
145,760000	0,057444
145,770000	0,054895
145,780000	0,054257
145,790000	0,054257
145,800000	0,054895
145,810000	0,054895
145,820000	0,054895
145,830000	0,054895
145,840000	0,056169
145,850000	0,055532
145,860000	0,056807
145,870000	0,054257
145,880000	0,053620
145,890000	0,055532
145,900000	0,053620
145,910000	0,053620
145,920000	0,052345
145,930000	0,056169
145,940000	0,053620
145,950000	0,052345
145,960000	0,051070
145,970000	0,054895
145,980000	0,056807
145,990000	0,054895
146,000000	0,053620
146,010000	0,054895
146,020000	0,054895
146,030000	0,056169
146,040000	0,054257
146,050000	0,053620
146,060000	0,054257
146,070000	0,056169
146,080000	0,054257
146,090000	0,057444
146,100000	0,053620
146,110000	0,056169
146,120000	0,054257
146,130000	0,052982
146,140000	0,054257
146,150000	0,053620
146,160000	0,054895
146,170000	0,054895
146,180000	0,053620
146,190000	0,054257
146,200000	0,054257
146,210000	0,053620
146,220000	0,055532
146,230000	0,054257
146,240000	0,056169
146,250000	0,054895
146,260000	0,055532
146,270000	0,054257
146,280000	0,054257
146,290000	0,052982
146,300000	0,054895
146,310000	0,051708
146,320000	0,052345
146,330000	0,052345
146,340000	0,052982
146,350000	0,053620
146,360000	0,053620
146,370000	0,051708
146,380000	0,052982
146,390000	0,055532
146,400000	0,052982
146,410000	0,052982
146,420000	0,053620
146,430000	0,051708
146,440000	0,052982
146,450000	0,053620
146,460000	0,053620
146,470000	0,052982
146,480000	0,052982
146,490000	0,052345
146,500000	0,054257
146,510000	0,052345
146,520000	0,052982
146,530000	0,052982
146,540000	0,052982
146,550000	0,052345
146,560000	0,053620
146,570000	0,052345
146,580000	0,051070
146,590000	0,052345
146,600000	0,055532
146,610000	0,051708
146,620000	0,052345
146,630000	0,051070
146,640000	0,052345
146,650000	0,052345
146,660000	0,052345
146,670000	0,054257
146,680000	0,054895
146,690000	0,052345
146,700000	0,053620
146,710000	0,056169
146,720000	0,052982
146,730000	0,051708
146,740000	0,052982
146,750000	0,050433
146,760000	0,051070
146,770000	0,053620
146,780000	0,053620
146,790000	0,053620
146,800000	0,051708
146,810000	0,053620
146,820000	0,055532
146,830000	0,052982
146,840000	0,052982
146,850000	0,051070
146,860000	0,054895
146,870000	0,052345
146,880000	0,052982
146,890000	0,051708
146,900000	0,052345
146,910000	0,053620
146,920000	0,053620
146,930000	0,053620
146,940000	0,054895
146,950000	0,052982
146,960000	0,054895
146,970000	0,054895
146,980000	0,056169
146,990000	0,054257
147,000000	0,054257
147,010000	0,053620
147,020000	0,056169
147,030000	0,052982
147,040000	0,055532
147,050000	0,053620
147,060000	0,053620
147,070000	0,053620
147,080000	0,053620
147,090000	0,053620
147,100000	0,054895
147,110000	0,052982
147,120000	0,053620
147,130000	0,054257
147,140000	0,055532
147,150000	0,054257
147,160000	0,053620
147,170000	0,054895
147,180000	0,055532
147,190000	0,054895
147,200000	0,054257
147,210000	0,051708
147,220000	0,053620
147,230000	0,053620
147,240000	0,056169
147,250000	0,056169
147,260000	0,056169
147,270000	0,056169
147,280000	0,054257
147,290000	0,052345
147,300000	0,059356
147,310000	0,056169
147,320000	0,056169
147,330000	0,055532
147,340000	0,056169
147,350000	0,058719
147,360000	0,056807
147,370000	0,052982
147,380000	0,056169
147,390000	0,056169
147,400000	0,057444
147,410000	0,056807
147,420000	0,058719
147,430000	0,056169
147,440000	0,058719
147,450000	0,054895
147,460000	0,055532
147,470000	0,056169
147,480000	0,058719
147,490000	0,055532
147,500000	0,058719
147,510000	0,056807
147,520000	0,058719
147,530000	0,058719
147,540000	0,059994
147,550000	0,056807
147,560000	0,057444
147,570000	0,054895
147,580000	0,058719
147,590000	0,058081
147,600000	0,056807
147,610000	0,056807
147,620000	0,054895
147,630000	0,056807
147,640000	0,058719
147,650000	0,060631
147,660000	0,059994
147,670000	0,059356
147,680000	0,059994
147,690000	0,059356
147,700000	0,059356
147,710000	0,058719
147,720000	0,060631
147,730000	0,058081
147,740000	0,058719
147,750000	0,056807
147,760000	0,058719
147,770000	0,062543
147,780000	0,060631
147,790000	0,060631
147,800000	0,058081
147,810000	0,058719
147,820000	0,060631
147,830000	0,059994
147,840000	0,059994
147,850000	0,059356
147,860000	0,059994
147,870000	0,059356
147,880000	0,061268
147,890000	0,059994
147,900000	0,061268
147,910000	0,059356
147,920000	0,059994
147,930000	0,061268
147,940000	0,062543
147,950000	0,059356
147,960000	0,062543
147,970000	0,059994
147,980000	0,061268
147,990000	0,062543
148,000000	0,061268
148,010000	0,061268
148,020000	0,061268
148,030000	0,059994
148,040000	0,061268
148,050000	0,061906
148,060000	0,060631
148,070000	0,061268
148,080000	0,060631
148,090000	0,059356
148,100000	0,063180
148,110000	0,065092
148,120000	0,065092
148,130000	0,063180
148,140000	0,061906
148,150000	0,061906
148,160000	0,063818
148,170000	0,062543
148,180000	0,061906
148,190000	0,062543
148,200000	0,063818
148,210000	0,065092
148,220000	0,065730
148,230000	0,065092
148,240000	0,064455
148,250000	0,065092
148,260000	0,063818
148,270000	0,066367
148,280000	0,067642
148,290000	0,066367
148,300000	0,066367
148,310000	0,065092
148,320000	0,066367
148,330000	0,068279
148,340000	0,066367
148,350000	0,066367
148,360000	0,063818
148,370000	0,066367
148,380000	0,067642
148,390000	0,067005
148,400000	0,069554
148,410000	0,068917
148,420000	0,066367
148,430000	0,069554
148,440000	0,068279
148,450000	0,067005
148,460000	0,067642
148,470000	0,069554
148,480000	0,070191
148,490000	0,066367
148,500000	0,070191
148,510000	0,070191
148,520000	0,070829
148,530000	0,069554
148,540000	0,068917
148,550000	0,068279
148,560000	0,069554
148,570000	0,070191
148,580000	0,073378
148,590000	0,069554
148,600000	0,073378
148,610000	0,071466
148,620000	0,071466
148,630000	0,070829
148,640000	0,073378
148,650000	0,073378
148,660000	0,070191
148,670000	0,073378
148,680000	0,075928
148,690000	0,072741
148,700000	0,073378
148,710000	0,073378
148,720000	0,075290
148,730000	0,072103
148,740000	0,076565
148,750000	0,074016
148,760000	0,077840
148,770000	0,072741
148,780000	0,074653
148,790000	0,074016
148,800000	0,075928
148,810000	0,075928
148,820000	0,079114
148,830000	0,076565
148,840000	0,079114
148,850000	0,081027
148,860000	0,077202
148,870000	0,077202
148,880000	0,079752
148,890000	0,079752
148,900000	0,077202
148,910000	0,079114
148,920000	0,081664
148,930000	0,080389
148,940000	0,081664
148,950000	0,082301
148,960000	0,078477
148,970000	0,081027
148,980000	0,082301
148,990000	0,081664
149,000000	0,082301
149,010000	0,084851
149,020000	0,085488
149,030000	0,082939
149,040000	0,085488
149,050000	0,083576
149,060000	0,082301
149,070000	0,083576
149,080000	0,088675
149,090000	0,085488
149,100000	0,085488
149,110000	0,082939
149,120000	0,087400
149,130000	0,086126
149,140000	0,089312
149,150000	0,087400
149,160000	0,087400
149,170000	0,089950
149,180000	0,090587
149,190000	0,089950
149,200000	0,091224
149,210000	0,089312
149,220000	0,093137
149,230000	0,091224
149,240000	0,093137
149,250000	0,091862
149,260000	0,093137
149,270000	0,093137
149,280000	0,094411
149,290000	0,091862
149,300000	0,095686
149,310000	0,096323
149,320000	0,093774
149,330000	0,096961
149,340000	0,096323
149,350000	0,094411
149,360000	0,095049
149,370000	0,098235
149,380000	0,096323
149,390000	0,100148
149,400000	0,098235
149,410000	0,100785
149,420000	0,096323
149,430000	0,101422
149,440000	0,099510
149,450000	0,104609
149,460000	0,102697
149,470000	0,102060
149,480000	0,103972
149,490000	0,102697
149,500000	0,107159
149,510000	0,104609
149,520000	0,105884
149,530000	0,104609
149,540000	0,107796
149,550000	0,104609
149,560000	0,109708
149,570000	0,105246
149,580000	0,109708
149,590000	0,104609
149,600000	0,108433
149,610000	0,107796
149,620000	0,112258
149,630000	0,111620
149,640000	0,112895
149,650000	0,110983
149,660000	0,112895
149,670000	0,110983
149,680000	0,114170
149,690000	0,112258
149,700000	0,112895
149,710000	0,114170
149,720000	0,112895
149,730000	0,114807
149,740000	0,114807
149,750000	0,116719
149,760000	0,117356
149,770000	0,116719
149,780000	0,115444
149,790000	0,117994
149,800000	0,116082
149,810000	0,117994
149,820000	0,119906
149,830000	0,117356
149,840000	0,121181
149,850000	0,124367
149,860000	0,123093
149,870000	0,122455
149,880000	0,123093
149,890000	0,122455
149,900000	0,127554
149,910000	0,124367
149,920000	0,125642
149,930000	0,121818
149,940000	0,126280
149,950000	0,123730
149,960000	0,126917
149,970000	0,125005
149,980000	0,126917
149,990000	0,126280
150,000000	0,123730
150,010000	0,128192
150,020000	0,130104
150,030000	0,123730
150,040000	0,129466
150,050000	0,126917
150,060000	0,128829
150,070000	0,131379
150,080000	0,130741
150,090000	0,130741
150,100000	0,129466
150,110000	0,132016
150,120000	0,133291
150,130000	0,132016
150,140000	0,130104
150,150000	0,132016
150,160000	0,131379
150,170000	0,130104
150,180000	0,132653
150,190000	0,132653
150,200000	0,132653
150,210000	0,132016
150,220000	0,132653
150,230000	0,136477
150,240000	0,134565
150,250000	0,133291
150,260000	0,132653
150,270000	0,136477
150,280000	0,132653
150,290000	0,133928
150,300000	0,135840
150,310000	0,131379
150,320000	0,134565
150,330000	0,133291
150,340000	0,133928
150,350000	0,134565
150,360000	0,133291
150,370000	0,135203
150,380000	0,141576
150,390000	0,133291
150,400000	0,137115
150,410000	0,137752
150,420000	0,137752
150,430000	0,135840
150,440000	0,136477
150,450000	0,138390
150,460000	0,139027
150,470000	0,137115
150,480000	0,137115
150,490000	0,135203
150,500000	0,139664
150,510000	0,140302
150,520000	0,140939
150,530000	0,137115
150,540000	0,137752
150,550000	0,139664
150,560000	0,137115
150,570000	0,137115
150,580000	0,139664
150,590000	0,140939
150,600000	0,138390
150,610000	0,142214
150,620000	0,135203
150,630000	0,137752
150,640000	0,137752
150,650000	0,138390
150,660000	0,139027
150,670000	0,137115
150,680000	0,136477
150,690000	0,138390
150,700000	0,142214
150,710000	0,137115
150,720000	0,143488
150,730000	0,140302
150,740000	0,139664
150,750000	0,138390
150,760000	0,140939
150,770000	0,139664
150,780000	0,136477
150,790000	0,137752
150,800000	0,139027
150,810000	0,136477
150,820000	0,140302
150,830000	0,133928
150,840000	0,140939
150,850000	0,136477
150,860000	0,139027
150,870000	0,136477
150,880000	0,135840
150,890000	0,135840
150,900000	0,139664
150,910000	0,137115
150,920000	0,137752
150,930000	0,133928
150,940000	0,135203
150,950000	0,136477
150,960000	0,138390
150,970000	0,133291
150,980000	0,135840
150,990000	0,135840
151,000000	0,136477
151,010000	0,136477
151,020000	0,136477
151,030000	0,132016
151,040000	0,137115
151,050000	0,133291
151,060000	0,132653
151,070000	0,130104
151,080000	0,128192
151,090000	0,132653
151,100000	0,133291
151,110000	0,129466
151,120000	0,130741
151,130000	0,130104
151,140000	0,126917
151,150000	0,126917
151,160000	0,126280
151,170000	0,128829
151,180000	0,129466
151,190000	0,128192
151,200000	0,126280
151,210000	0,126280
151,220000	0,124367
151,230000	0,126280
151,240000	0,125005
151,250000	0,123093
151,260000	0,125642
151,270000	0,123093
151,280000	0,124367
151,290000	0,123093
151,300000	0,120543
151,310000	0,123730
151,320000	0,122455
151,330000	0,120543
151,340000	0,117356
151,350000	0,119906
151,360000	0,115444
151,370000	0,116719
151,380000	0,118631
151,390000	0,114170
151,400000	0,116719
151,410000	0,113532
151,420000	0,116719
151,430000	0,111620
151,440000	0,110983
151,450000	0,114170
151,460000	0,114170
151,470000	0,108433
151,480000	0,119269
151,490000	0,111620
151,500000	0,112895
151,510000	0,107159
151,520000	0,110983
151,530000	0,109708
151,540000	0,111620
151,550000	0,107159
151,560000	0,106521
151,570000	0,107159
151,580000	0,106521
151,590000	0,105884
151,600000	0,106521
151,610000	0,106521
151,620000	0,105884
151,630000	0,106521
151,640000	0,105246
151,650000	0,103972
151,660000	0,102697
151,670000	0,103334
151,680000	0,104609
151,690000	0,100785
151,700000	0,103972
151,710000	0,100785
151,720000	0,100785
151,730000	0,100785
151,740000	0,099510
151,750000	0,098873
151,760000	0,099510
151,770000	0,098235
151,780000	0,099510
151,790000	0,096961
151,800000	0,097598
151,810000	0,096323
151,820000	0,097598
151,830000	0,093774
151,840000	0,096323
151,850000	0,094411
151,860000	0,096961
151,870000	0,092499
151,880000	0,091862
151,890000	0,092499
151,900000	0,093137
151,910000	0,094411
151,920000	0,089950
151,930000	0,089312
151,940000	0,089312
151,950000	0,089950
151,960000	0,091224
151,970000	0,091862
151,980000	0,092499
151,990000	0,088675
152,000000	0,088038
152,010000	0,087400
152,020000	0,091224
152,030000	0,086763
152,040000	0,089312
152,050000	0,085488
152,060000	0,086763
152,070000	0,087400
152,080000	0,085488
152,090000	0,086763
152,100000	0,088038
152,110000	0,086763
152,120000	0,084213
152,130000	0,086763
152,140000	0,086126
152,150000	0,083576
152,160000	0,086126
152,170000	0,083576
152,180000	0,083576
152,190000	0,082939
152,200000	0,082939
152,210000	0,083576
152,220000	0,082301
152,230000	0,081027
152,240000	0,081027
152,250000	0,080389
152,260000	0,082939
152,270000	0,077202
152,280000	0,080389
152,290000	0,079114
152,300000	0,079114
152,310000	0,081027
152,320000	0,079752
152,330000	0,077840
152,340000	0,080389
152,350000	0,078477
152,360000	0,081027
152,370000	0,079752
152,380000	0,077840
152,390000	0,077202
152,400000	0,076565
152,410000	0,077202
152,420000	0,074016
152,430000	0,075290
152,440000	0,076565
152,450000	0,075928
152,460000	0,074016
152,470000	0,075290
152,480000	0,073378
152,490000	0,075928
152,500000	0,076565
152,510000	0,075928
152,520000	0,075290
152,530000	0,074016
152,540000	0,075290
152,550000	0,074016
152,560000	0,075928
152,570000	0,075290
152,580000	0,073378
152,590000	0,073378
152,600000	0,074016
152,610000	0,073378
152,620000	0,074653
152,630000	0,072741
152,640000	0,074653
152,650000	0,073378
152,660000	0,069554
152,670000	0,070191
152,680000	0,070191
152,690000	0,068917
152,700000	0,070191
152,710000	0,072103
152,720000	0,072103
152,730000	0,075290
152,740000	0,069554
152,750000	0,072741
152,760000	0,068917
152,770000	0,071466
152,780000	0,069554
152,790000	0,072103
152,800000	0,070829
152,810000	0,070829
152,820000	0,069554
152,830000	0,070191
152,840000	0,068917
152,850000	0,070191
152,860000	0,068279
152,870000	0,068279
152,880000	0,068279
152,890000	0,071466
152,900000	0,069554
152,910000	0,068917
152,920000	0,068279
152,930000	0,067642
152,940000	0,067642
152,950000	0,068917
152,960000	0,068917
152,970000	0,070191
152,980000	0,068279
152,990000	0,065730
153,000000	0,067642
153,010000	0,065730
153,020000	0,067005
153,030000	0,067005
153,040000	0,068917
153,050000	0,063818
153,060000	0,067005
153,070000	0,063818
153,080000	0,067005
153,090000	0,067005
153,100000	0,065092
153,110000	0,065730
153,120000	0,064455
153,130000	0,065092
153,140000	0,065092
153,150000	0,066367
153,160000	0,067005
153,170000	0,065730
153,180000	0,065092
153,190000	0,066367
153,200000	0,065092
153,210000	0,066367
153,220000	0,063180
153,230000	0,063180
153,240000	0,065092
153,250000	0,066367
153,260000	0,066367
153,270000	0,063818
153,280000	0,065092
153,290000	0,063818
153,300000	0,063818
153,310000	0,063180
153,320000	0,066367
153,330000	0,066367
153,340000	0,066367
153,350000	0,063818
153,360000	0,063818
153,370000	0,063180
153,380000	0,064455
153,390000	0,063818
153,400000	0,061906
153,410000	0,060631
153,420000	0,064455
153,430000	0,061268
153,440000	0,064455
153,450000	0,061906
153,460000	0,063180
153,470000	0,059994
153,480000	0,061268
153,490000	0,065092
153,500000	0,063180
153,510000	0,061268
153,520000	0,061906
153,530000	0,061906
153,540000	0,063180
153,550000	0,061268
153,560000	0,058719
153,570000	0,061906
153,580000	0,060631
153,590000	0,061268
153,600000	0,061906
153,610000	0,061268
153,620000	0,063180
153,630000	0,059994
153,640000	0,060631
153,650000	0,059356
153,660000	0,061906
153,670000	0,061268
153,680000	0,061268
153,690000	0,062543
153,700000	0,062543
153,710000	0,061268
153,720000	0,060631
153,730000	0,061268
153,740000	0,058719
153,750000	0,060631
153,760000	0,061268
153,770000	0,056807
153,780000	0,059994
153,790000	0,054895
153,800000	0,061268
153,810000	0,056807
153,820000	0,060631
153,830000	0,058081
153,840000	0,061268
153,850000	0,061268
153,860000	0,061906
153,870000	0,058719
153,880000	0,059994
153,890000	0,059994
153,900000	0,059356
153,910000	0,061268
153,920000	0,058719
153,930000	0,059356
153,940000	0,059356
153,950000	0,061268
153,960000	0,060631
153,970000	0,058719
153,980000	0,058081
153,990000	0,058719
154,000000	0,056169
154,010000	0,056169
154,020000	0,058719
154,030000	0,058719
154,040000	0,058719
154,050000	0,056169
154,060000	0,058719
154,070000	0,060631
154,080000	0,059994
154,090000	0,058081
154,100000	0,055532
154,110000	0,058719
154,120000	0,058081
154,130000	0,056169
154,140000	0,059994
154,150000	0,059994
154,160000	0,063180
154,170000	0,057444
154,180000	0,059994
154,190000	0,056169
154,200000	0,058081
154,210000	0,058719
154,220000	0,059356
154,230000	0,057444
154,240000	0,058081
154,250000	0,056169
154,260000	0,056169
154,270000	0,057444
154,280000	0,057444
154,290000	0,058081
154,300000	0,056807
154,310000	0,056807
154,320000	0,058719
154,330000	0,058081
154,340000	0,059356
154,350000	0,058081
154,360000	0,058081
154,370000	0,057444
154,380000	0,056169
154,390000	0,057444
154,400000	0,057444
154,410000	0,059356
154,420000	0,059356
154,430000	0,056169
154,440000	0,057444
154,450000	0,055532
154,460000	0,056169
154,470000	0,056169
154,480000	0,058719
154,490000	0,058081
154,500000	0,058081
154,510000	0,057444
154,520000	0,058081
154,530000	0,056169
154,540000	0,058081
154,550000	0,056807
154,560000	0,055532
154,570000	0,054895
154,580000	0,056807
154,590000	0,056169
154,600000	0,056169
154,610000	0,054257
154,620000	0,054895
154,630000	0,061268
154,640000	0,055532
154,650000	0,056807
154,660000	0,056169
154,670000	0,055532
154,680000	0,056169
154,690000	0,056169
154,700000	0,058081
154,710000	0,057444
154,720000	0,058719
154,730000	0,056807
154,740000	0,056807
154,750000	0,056169
154,760000	0,058719
154,770000	0,057444
154,780000	0,058081
154,790000	0,054895
154,800000	0,056169
154,810000	0,056169
154,820000	0,054895
154,830000	0,054895
154,840000	0,057444
154,850000	0,058719
154,860000	0,056169
154,870000	0,056807
154,880000	0,055532
154,890000	0,058719
154,900000	0,054257
154,910000	0,056807
154,920000	0,056807
154,930000	0,056807
154,940000	0,058719
154,950000	0,055532
154,960000	0,057444
154,970000	0,054895
154,980000	0,055532
154,990000	0,057444
155,000000	0,054895
155,010000	0,056807
155,020000	0,055532
155,030000	0,056807
155,040000	0,054895
155,050000	0,052982
155,060000	0,057444
155,070000	0,053620
155,080000	0,057444
155,090000	0,054895
155,100000	0,056169
155,110000	0,056169
155,120000	0,056807
155,130000	0,056807
155,140000	0,056169
155,150000	0,054257
155,160000	0,057444
155,170000	0,056169
155,180000	0,056807
155,190000	0,054895
155,200000	0,056807
155,210000	0,056169
155,220000	0,057444
155,230000	0,056169
155,240000	0,058081
155,250000	0,056169
155,260000	0,057444
155,270000	0,055532
155,280000	0,057444
155,290000	0,057444
155,300000	0,056169
155,310000	0,054895
155,320000	0,058081
155,330000	0,055532
155,340000	0,056169
155,350000	0,053620
155,360000	0,056807
155,370000	0,054257
155,380000	0,058081
155,390000	0,056169
155,400000	0,058719
155,410000	0,052982
155,420000	0,056807
155,430000	0,057444
155,440000	0,058719
155,450000	0,056807
155,460000	0,056169
155,470000	0,056169
155,480000	0,055532
155,490000	0,054895
155,500000	0,055532
155,510000	0,056169
155,520000	0,054895
155,530000	0,056169
155,540000	0,057444
155,550000	0,056807
155,560000	0,055532
155,570000	0,054895
155,580000	0,056807
155,590000	0,056169
155,600000	0,056169
155,610000	0,056169
155,620000	0,056807
155,630000	0,056169
155,640000	0,058081
155,650000	0,054895
155,660000	0,056169
155,670000	0,056169
155,680000	0,054895
155,690000	0,052982
155,700000	0,054895
155,710000	0,054895
155,720000	0,053620
155,730000	0,056807
155,740000	0,056807
155,750000	0,056169
155,760000	0,054895
155,770000	0,054895
155,780000	0,054257
155,790000	0,054257
155,800000	0,054895
155,810000	0,052982
155,820000	0,051708
155,830000	0,052982
155,840000	0,055532
155,850000	0,052982
155,860000	0,053620
155,870000	0,056169
155,880000	0,056169
155,890000	0,052982
155,900000	0,053620
155,910000	0,052982
155,920000	0,053620
155,930000	0,052345
155,940000	0,053620
155,950000	0,056169
155,960000	0,055532
155,970000	0,055532
155,980000	0,052982
155,990000	0,051708
156,000000	0,052982
156,010000	0,055532
156,020000	0,052982
156,030000	0,053620
156,040000	0,053620
156,050000	0,052345
156,060000	0,053620
156,070000	0,052982
156,080000	0,052982
156,090000	0,052982
156,100000	0,053620
156,110000	0,056169
156,120000	0,053620
156,130000	0,053620
156,140000	0,053620
156,150000	0,053620
156,160000	0,054895
156,170000	0,052345
156,180000	0,052345
156,190000	0,053620
156,200000	0,051070
156,210000	0,052982
156,220000	0,052345
156,230000	0,052982
156,240000	0,054257
156,250000	0,054257
156,260000	0,053620
156,270000	0,052982
156,280000	0,052345
156,290000	0,052345
156,300000	0,054257
156,310000	0,054895
156,320000	0,052982
156,330000	0,055532
156,340000	0,053620
156,350000	0,052345
156,360000	0,051708
156,370000	0,052982
156,380000	0,053620
156,390000	0,054257
156,400000	0,052982
156,410000	0,052345
156,420000	0,053620
156,430000	0,052982
156,440000	0,053620
156,450000	0,052345
156,460000	0,051708
156,470000	0,053620
156,480000	0,053620
156,490000	0,051708
156,500000	0,054257
156,510000	0,052982
156,520000	0,053620
156,530000	0,051708
156,540000	0,052982
156,550000	0,052982
156,560000	0,053620
156,570000	0,053620
156,580000	0,052982
156,590000	0,052982
156,600000	0,054257
156,610000	0,051708
156,620000	0,053620
156,630000	0,050433
156,640000	0,051070
156,650000	0,052345
156,660000	0,053620
156,670000	0,053620
156,680000	0,052982
156,690000	0,051708
156,700000	0,054257
156,710000	0,054257
156,720000	0,054257
156,730000	0,052982
156,740000	0,051708
156,750000	0,051070
156,760000	0,051070
156,770000	0,051070
156,780000	0,050433
156,790000	0,052345
156,800000	0,054257
156,810000	0,052982
156,820000	0,052982
156,830000	0,056807
156,840000	0,052345
156,850000	0,053620
156,860000	0,054257
156,870000	0,056169
156,880000	0,050433
156,890000	0,053620
156,900000	0,053620
156,910000	0,052982
156,920000	0,052982
156,930000	0,050433
156,940000	0,052345
156,950000	0,051708
156,960000	0,054895
156,970000	0,054895
156,980000	0,052982
156,990000	0,052345
157,000000	0,051070
157,010000	0,053620
157,020000	0,054895
157,030000	0,054895
157,040000	0,054257
157,050000	0,055532
157,060000	0,055532
157,070000	0,051708
157,080000	0,054257
157,090000	0,052345
157,100000	0,053620
157,110000	0,053620
157,120000	0,052345
157,130000	0,054257
157,140000	0,056169
157,150000	0,052982
157,160000	0,055532
157,170000	0,056169
157,180000	0,054895
157,190000	0,054895
157,200000	0,049158
157,210000	0,054257
157,220000	0,054257
157,230000	0,056807
157,240000	0,054257
157,250000	0,056807
157,260000	0,054257
157,270000	0,054895
157,280000	0,053620
157,290000	0,056169
157,300000	0,053620
157,310000	0,055532
157,320000	0,054895
157,330000	0,056169
157,340000	0,058081
157,350000	0,055532
157,360000	0,055532
157,370000	0,054257
157,380000	0,056169
157,390000	0,056807
157,400000	0,055532
157,410000	0,055532
157,420000	0,052982
157,430000	0,054895
157,440000	0,054895
157,450000	0,060631
157,460000	0,055532
157,470000	0,056169
157,480000	0,056169
157,490000	0,058081
157,500000	0,058081
157,510000	0,056807
157,520000	0,060631
157,530000	0,056169
157,540000	0,058081
157,550000	0,055532
157,560000	0,057444
157,570000	0,056807
157,580000	0,056169
157,590000	0,056169
157,600000	0,057444
157,610000	0,064455
157,620000	0,056807
157,630000	0,058081
157,640000	0,059356
157,650000	0,055532
157,660000	0,055532
157,670000	0,055532
157,680000	0,058719
157,690000	0,058719
157,700000	0,058719
157,710000	0,058719
157,720000	0,058719
157,730000	0,059356
157,740000	0,059356
157,750000	0,058719
157,760000	0,058081
157,770000	0,055532
157,780000	0,056807
157,790000	0,057444
157,800000	0,058081
157,810000	0,058719
157,820000	0,058719
157,830000	0,060631
157,840000	0,059356
157,850000	0,061268
157,860000	0,061268
157,870000	0,058719
157,880000	0,062543
157,890000	0,061268
157,900000	0,061906
157,910000	0,059994
157,920000	0,059994
157,930000	0,061268
157,940000	0,060631
157,950000	0,060631
157,960000	0,061268
157,970000	0,061268
157,980000	0,061268
157,990000	0,065092
158,000000	0,063818
158,010000	0,062543
158,020000	0,059994
158,030000	0,059356
158,040000	0,062543
158,050000	0,064455
158,060000	0,062543
158,070000	0,061906
158,080000	0,061268
158,090000	0,063818
158,100000	0,063180
158,110000	0,063180
158,120000	0,061268
158,130000	0,061906
158,140000	0,061906
158,150000	0,065092
158,160000	0,063180
158,170000	0,062543
158,180000	0,063180
158,190000	0,065730
158,200000	0,060631
158,210000	0,065730
158,220000	0,065730
158,230000	0,063818
158,240000	0,063818
158,250000	0,066367
158,260000	0,065730
158,270000	0,065092
158,280000	0,063818
158,290000	0,068279
158,300000	0,064455
158,310000	0,065730
158,320000	0,063180
158,330000	0,065730
158,340000	0,065092
158,350000	0,067005
158,360000	0,065092
158,370000	0,065730
158,380000	0,063180
158,390000	0,067642
158,400000	0,066367
158,410000	0,068917
158,420000	0,066367
158,430000	0,067642
158,440000	0,067005
158,450000	0,075290
158,460000	0,066367
158,470000	0,064455
158,480000	0,068279
158,490000	0,069554
158,500000	0,070191
158,510000	0,067642
158,520000	0,069554
158,530000	0,069554
158,540000	0,071466
158,550000	0,068917
158,560000	0,072741
158,570000	0,071466
158,580000	0,072103
158,590000	0,072103
158,600000	0,068917
158,610000	0,076565
158,620000	0,070191
158,630000	0,070191
158,640000	0,070829
158,650000	0,071466
158,660000	0,072741
158,670000	0,072103
158,680000	0,075290
158,690000	0,071466
158,700000	0,071466
158,710000	0,072741
158,720000	0,073378
158,730000	0,074653
158,740000	0,073378
158,750000	0,075290
158,760000	0,074016
158,770000	0,079114
158,780000	0,078477
158,790000	0,077202
158,800000	0,075928
158,810000	0,073378
158,820000	0,073378
158,830000	0,075928
158,840000	0,076565
158,850000	0,076565
158,860000	0,075928
158,870000	0,077202
158,880000	0,078477
158,890000	0,077202
158,900000	0,081664
158,910000	0,077202
158,920000	0,076565
158,930000	0,077202
158,940000	0,077202
158,950000	0,079114
158,960000	0,081027
158,970000	0,080389
158,980000	0,080389
158,990000	0,082939
159,000000	0,081027
159,010000	0,081027
159,020000	0,082301
159,030000	0,085488
159,040000	0,082301
159,050000	0,084213
159,060000	0,084213
159,070000	0,085488
159,080000	0,084851
159,090000	0,085488
159,100000	0,086763
159,110000	0,083576
159,120000	0,085488
159,130000	0,087400
159,140000	0,088038
159,150000	0,086763
159,160000	0,086763
159,170000	0,091224
159,180000	0,091224
159,190000	0,089950
159,200000	0,079114
159,210000	0,088038
159,220000	0,086126
159,230000	0,090587
159,240000	0,092499
159,250000	0,091862
159,260000	0,093137
159,270000	0,093774
159,280000	0,089312
159,290000	0,096961
159,300000	0,096323
159,310000	0,094411
159,320000	0,092499
159,330000	0,093774
159,340000	0,095686
159,350000	0,094411
159,360000	0,103972
159,370000	0,096961
159,380000	0,095049
159,390000	0,096961
159,400000	0,098235
159,410000	0,098873
159,420000	0,098235
159,430000	0,096961
159,440000	0,102060
159,450000	0,109708
159,460000	0,100148
159,470000	0,098873
159,480000	0,100785
159,490000	0,102060
159,500000	0,100785
159,510000	0,104609
159,520000	0,096961
159,530000	0,104609
159,540000	0,105884
159,550000	0,108433
159,560000	0,103334
159,570000	0,105884
159,580000	0,105246
159,590000	0,110345
159,600000	0,105884
159,610000	0,116082
159,620000	0,106521
159,630000	0,110983
159,640000	0,107159
159,650000	0,112258
159,660000	0,109708
159,670000	0,112258
159,680000	0,116082
159,690000	0,115444
159,700000	0,113532
159,710000	0,111620
159,720000	0,112258
159,730000	0,113532
159,740000	0,115444
159,750000	0,117994
159,760000	0,115444
159,770000	0,122455
159,780000	0,116719
159,790000	0,121181
159,800000	0,119906
159,810000	0,116719
159,820000	0,115444
159,830000	0,119269
159,840000	0,114807
159,850000	0,121818
159,860000	0,119906
159,870000	0,121818
159,880000	0,120543
159,890000	0,123730
159,900000	0,122455
159,910000	0,121818
159,920000	0,128192
159,930000	0,121181
159,940000	0,125005
159,950000	0,122455
159,960000	0,125642
159,970000	0,125642
159,980000	0,124367
159,990000	0,124367
160,000000	0,123093
160,010000	0,117356
160,020000	0,126917
160,030000	0,126280
160,040000	0,125005
160,050000	0,125642
160,060000	0,127554
160,070000	0,127554
160,080000	0,119906
160,090000	0,128829
160,100000	0,126917
160,110000	0,128192
160,120000	0,132016
160,130000	0,126917
160,140000	0,130104
160,150000	0,128192
160,160000	0,133928
160,170000	0,119269
160,180000	0,132653
160,190000	0,125642
160,200000	0,133291
160,210000	0,135840
160,220000	0,134565
160,230000	0,132653
160,240000	0,141576
160,250000	0,132653
160,260000	0,133291
160,270000	0,133928
160,280000	0,134565
160,290000	0,136477
160,300000	0,134565
160,310000	0,135840
160,320000	0,135203
160,330000	0,127554
160,340000	0,137752
160,350000	0,134565
160,360000	0,133291
160,370000	0,137115
160,380000	0,135203
160,390000	0,135203
160,400000	0,128192
160,410000	0,136477
160,420000	0,140302
160,430000	0,139027
160,440000	0,134565
160,450000	0,135203
160,460000	0,137115
160,470000	0,139027
160,480000	0,137115
160,490000	0,140302
160,500000	0,135203
160,510000	0,136477
160,520000	0,138390
160,530000	0,139027
160,540000	0,142214
160,550000	0,137752
160,560000	0,143488
160,570000	0,139027
160,580000	0,141576
160,590000	0,135203
160,600000	0,139027
160,610000	0,138390
160,620000	0,134565
160,630000	0,137115
160,640000	0,137752
160,650000	0,135840
160,660000	0,139664
160,670000	0,139664
160,680000	0,135203
160,690000	0,139664
160,700000	0,138390
160,710000	0,140302
160,720000	0,137752
160,730000	0,136477
160,740000	0,133928
160,750000	0,139664
160,760000	0,137115
160,770000	0,137752
160,780000	0,137752
160,790000	0,139027
160,800000	0,137115
160,810000	0,136477
160,820000	0,135203
160,830000	0,137752
160,840000	0,137115
160,850000	0,136477
160,860000	0,133291
160,870000	0,137115
160,880000	0,133928
160,890000	0,137752
160,900000	0,132653
160,910000	0,134565
160,920000	0,138390
160,930000	0,137752
160,940000	0,135203
160,950000	0,131379
160,960000	0,139027
160,970000	0,132653
160,980000	0,137752
160,990000	0,128829
161,000000	0,137115
161,010000	0,132653
161,020000	0,135203
161,030000	0,128829
161,040000	0,136477
161,050000	0,132016
161,060000	0,134565
161,070000	0,128192
161,080000	0,131379
161,090000	0,128192
161,100000	0,128192
161,110000	0,128192
161,120000	0,128192
161,130000	0,128829
161,140000	0,129466
161,150000	0,130741
161,160000	0,129466
161,170000	0,123730
161,180000	0,125005
161,190000	0,125005
161,200000	0,126280
161,210000	0,123093
161,220000	0,123730
161,230000	0,124367
161,240000	0,122455
161,250000	0,123093
161,260000	0,122455
161,270000	0,125005
161,280000	0,121818
161,290000	0,122455
161,300000	0,122455
161,310000	0,121818
161,320000	0,119269
161,330000	0,119269
161,340000	0,118631
161,350000	0,117994
161,360000	0,117994
161,370000	0,116082
161,380000	0,119269
161,390000	0,116719
161,400000	0,117994
161,410000	0,116082
161,420000	0,113532
161,430000	0,112895
161,440000	0,111620
161,450000	0,112258
161,460000	0,114170
161,470000	0,110983
161,480000	0,112258
161,490000	0,112258
161,500000	0,112895
161,510000	0,110345
161,520000	0,110983
161,530000	0,109071
161,540000	0,110983
161,550000	0,110983
161,560000	0,106521
161,570000	0,107159
161,580000	0,109708
161,590000	0,106521
161,600000	0,105884
161,610000	0,108433
161,620000	0,102697
161,630000	0,103334
161,640000	0,103972
161,650000	0,104609
161,660000	0,105884
161,670000	0,102697
161,680000	0,102060
161,690000	0,102060
161,700000	0,102060
161,710000	0,101422
161,720000	0,099510
161,730000	0,096961
161,740000	0,098873
161,750000	0,100785
161,760000	0,099510
161,770000	0,100785
161,780000	0,100148
161,790000	0,098873
161,800000	0,096961
161,810000	0,098235
161,820000	0,098235
161,830000	0,094411
161,840000	0,097598
161,850000	0,091862
161,860000	0,095686
161,870000	0,094411
161,880000	0,097598
161,890000	0,097598
161,900000	0,096323
161,910000	0,095686
161,920000	0,095049
161,930000	0,092499
161,940000	0,091862
161,950000	0,091862
161,960000	0,093774
161,970000	0,089312
161,980000	0,091224
161,990000	0,091862
162,000000	0,091862
162,010000	0,091224
162,020000	0,088675
162,030000	0,088038
162,040000	0,088038
162,050000	0,085488
162,060000	0,086763
162,070000	0,085488
162,080000	0,086126
162,090000	0,084851
162,100000	0,086763
162,110000	0,086763
162,120000	0,088038
162,130000	0,086763
162,140000	0,086126
162,150000	0,086126
162,160000	0,083576
162,170000	0,083576
162,180000	0,084213
162,190000	0,083576
162,200000	0,079114
162,210000	0,082301
162,220000	0,081664
162,230000	0,080389
162,240000	0,080389
162,250000	0,081027
162,260000	0,081027
162,270000	0,078477
162,280000	0,081027
162,290000	0,078477
162,300000	0,079114
162,310000	0,076565
162,320000	0,081027
162,330000	0,079114
162,340000	0,080389
162,350000	0,077840
162,360000	0,079752
162,370000	0,076565
162,380000	0,079752
162,390000	0,076565
162,400000	0,079114
162,410000	0,074016
162,420000	0,075928
162,430000	0,075290
162,440000	0,078477
162,450000	0,073378
162,460000	0,074016
162,470000	0,076565
162,480000	0,077202
162,490000	0,072741
162,500000	0,074653
162,510000	0,074016
162,520000	0,075928
162,530000	0,075290
162,540000	0,076565
162,550000	0,073378
162,560000	0,075290
162,570000	0,074016
162,580000	0,074653
162,590000	0,074016
162,600000	0,073378
162,610000	0,072741
162,620000	0,070191
162,630000	0,073378
162,640000	0,072103
162,650000	0,074653
162,660000	0,072741
162,670000	0,072103
162,680000	0,071466
162,690000	0,072103
162,700000	0,072103
162,710000	0,071466
162,720000	0,070829
162,730000	0,068917
162,740000	0,071466
162,750000	0,068917
162,760000	0,072103
162,770000	0,068279
162,780000	0,070829
162,790000	0,069554
162,800000	0,068279
162,810000	0,070191
162,820000	0,070191
162,830000	0,067642
162,840000	0,068917
162,850000	0,068917
162,860000	0,071466
162,870000	0,068279
162,880000	0,068917
162,890000	0,065730
162,900000	0,065730
162,910000	0,067642
162,920000	0,067005
162,930000	0,067005
162,940000	0,068917
162,950000	0,067005
162,960000	0,068279
162,970000	0,067642
162,980000	0,065730
162,990000	0,068917
163,000000	0,063180
163,010000	0,067642
163,020000	0,065730
163,030000	0,067005
163,040000	0,065092
163,050000	0,065092
163,060000	0,065730
163,070000	0,065730
163,080000	0,065730
163,090000	0,066367
163,100000	0,063180
163,110000	0,065730
163,120000	0,063180
163,130000	0,066367
163,140000	0,065092
163,150000	0,065730
163,160000	0,065730
163,170000	0,064455
163,180000	0,067005
163,190000	0,065730
163,200000	0,063818
163,210000	0,065092
163,220000	0,063818
163,230000	0,066367
163,240000	0,063818
163,250000	0,061906
163,260000	0,063180
163,270000	0,062543
163,280000	0,062543
163,290000	0,063180
163,300000	0,065092
163,310000	0,062543
163,320000	0,065092
163,330000	0,062543
163,340000	0,063180
163,350000	0,062543
163,360000	0,063180
163,370000	0,065092
163,380000	0,063180
163,390000	0,063818
163,400000	0,062543
163,410000	0,059356
163,420000	0,061906
163,430000	0,062543
163,440000	0,062543
163,450000	0,061268
163,460000	0,063818
163,470000	0,062543
163,480000	0,062543
163,490000	0,063180
163,500000	0,061906
163,510000	0,061268
163,520000	0,061906
163,530000	0,059994
163,540000	0,060631
163,550000	0,063180
163,560000	0,063818
163,570000	0,061268
163,580000	0,061268
163,590000	0,059994
163,600000	0,061906
163,610000	0,062543
163,620000	0,063818
163,630000	0,059994
163,640000	0,061906
163,650000	0,058719
163,660000	0,061268
163,670000	0,057444
163,680000	0,061268
163,690000	0,058719
163,700000	0,061268
163,710000	0,059994
163,720000	0,061268
163,730000	0,061268
163,740000	0,060631
163,750000	0,061906
163,760000	0,061268
163,770000	0,061906
163,780000	0,061268
163,790000	0,061268
163,800000	0,060631
163,810000	0,061906
163,820000	0,061268
163,830000	0,059356
163,840000	0,061268
163,850000	0,060631
163,860000	0,061268
163,870000	0,060631
163,880000	0,056169
163,890000	0,059356
163,900000	0,060631
163,910000	0,059994
163,920000	0,060631
163,930000	0,059356
163,940000	0,059356
163,950000	0,058081
163,960000	0,059356
163,970000	0,059356
163,980000	0,058719
163,990000	0,059994
164,000000	0,055532
164,010000	0,058081
164,020000	0,059994
164,030000	0,058719
164,040000	0,056807
164,050000	0,059356
164,060000	0,061268
164,070000	0,058719
164,080000	0,058081
164,090000	0,059356
164,100000	0,059356
164,110000	0,058719
164,120000	0,058719
164,130000	0,059356
164,140000	0,060631
164,150000	0,059356
164,160000	0,059994
164,170000	0,058081
164,180000	0,058719
164,190000	0,058081
164,200000	0,055532
164,210000	0,059994
164,220000	0,058081
164,230000	0,059356
164,240000	0,059994
164,250000	0,059356
164,260000	0,057444
164,270000	0,058081
164,280000	0,057444
164,290000	0,058081
164,300000	0,057444
164,310000	0,058719
164,320000	0,056807
164,330000	0,056169
164,340000	0,056807
164,350000	0,056807
164,360000	0,057444
164,370000	0,057444
164,380000	0,058719
164,390000	0,057444
164,400000	0,058081
164,410000	0,056169
164,420000	0,058719
164,430000	0,056169
164,440000	0,056807
164,450000	0,056807
164,460000	0,056807
164,470000	0,055532
164,480000	0,057444
164,490000	0,056169
164,500000	0,059356
164,510000	0,056169
164,520000	0,058719
164,530000	0,056807
164,540000	0,058719
164,550000	0,056169
164,560000	0,056169
164,570000	0,057444
164,580000	0,056169
164,590000	0,057444
164,600000	0,058719
164,610000	0,056169
164,620000	0,055532
164,630000	0,056169
164,640000	0,056807
164,650000	0,056169
164,660000	0,053620
164,670000	0,054895
164,680000	0,056169
164,690000	0,055532
164,700000	0,056807
164,710000	0,056169
164,720000	0,058081
164,730000	0,055532
164,740000	0,054895
164,750000	0,057444
164,760000	0,055532
164,770000	0,056169
164,780000	0,054895
164,790000	0,053620
164,800000	0,056169
164,810000	0,055532
164,820000	0,055532
164,830000	0,056807
164,840000	0,058081
164,850000	0,054257
164,860000	0,058081
164,870000	0,056169
164,880000	0,054895
164,890000	0,056169
164,900000	0,056169
164,910000	0,055532
164,920000	0,055532
164,930000	0,055532
164,940000	0,054895
164,950000	0,056169
164,960000	0,056807
164,970000	0,054257
164,980000	0,054257
164,990000	0,056169
165,000000	0,054895
165,010000	0,056169
165,020000	0,055532
165,030000	0,054895
165,040000	0,055532
165,050000	0,055532
165,060000	0,056169
165,070000	0,055532
165,080000	0,056169
165,090000	0,056169
165,100000	0,056169
165,110000	0,053620
165,120000	0,053620
165,130000	0,054257
165,140000	0,055532
165,150000	0,052345
165,160000	0,054895
165,170000	0,054257
165,180000	0,054257
165,190000	0,054895
165,200000	0,054895
165,210000	0,056169
165,220000	0,057444
165,230000	0,054895
165,240000	0,054257
165,250000	0,054895
165,260000	0,058719
165,270000	0,056169
165,280000	0,053620
165,290000	0,056169
165,300000	0,058719
165,310000	0,054257
165,320000	0,052982
165,330000	0,056169
165,340000	0,057444
165,350000	0,056169
165,360000	0,055532
165,370000	0,055532
165,380000	0,056169
165,390000	0,056169
165,400000	0,058081
165,410000	0,055532
165,420000	0,056169
165,430000	0,056169
165,440000	0,056169
165,450000	0,056169
165,460000	0,055532
165,470000	0,055532
165,480000	0,054895
165,490000	0,054895
165,500000	0,055532
165,510000	0,055532
165,520000	0,054257
165,530000	0,054895
165,540000	0,055532
165,550000	0,055532
165,560000	0,054895
165,570000	0,055532
165,580000	0,056807
165,590000	0,055532
165,600000	0,055532
165,610000	0,055532
165,620000	0,057444
165,630000	0,057444
165,640000	0,058081
165,650000	0,056169
165,660000	0,056169
165,670000	0,056169
165,680000	0,054895
165,690000	0,054895
165,700000	0,052982
165,710000	0,052982
165,720000	0,056807
165,730000	0,052982
165,740000	0,056807
165,750000	0,054895
165,760000	0,056807
165,770000	0,053620
165,780000	0,055532
165,790000	0,055532
165,800000	0,056169
165,810000	0,055532
165,820000	0,055532
165,830000	0,055532
165,840000	0,056169
165,850000	0,052982
165,860000	0,055532
165,870000	0,052982
165,880000	0,052982
165,890000	0,051708
165,900000	0,055532
165,910000	0,052982
165,920000	0,053620
165,930000	0,054895
165,940000	0,056169
165,950000	0,055532
165,960000	0,056169
165,970000	0,054257
165,980000	0,053620
165,990000	0,052345
166,000000	0,054895
166,010000	0,054895
166,020000	0,054895
166,030000	0,054257
166,040000	0,054257
166,050000	0,056169
166,060000	0,054895
166,070000	0,054895
166,080000	0,054895
166,090000	0,054257
166,100000	0,052345
166,110000	0,052982
166,120000	0,054257
166,130000	0,053620
166,140000	0,055532
166,150000	0,052982
166,160000	0,053620
166,170000	0,054257
166,180000	0,054257
166,190000	0,053620
166,200000	0,055532
166,210000	0,052982
166,220000	0,052345
166,230000	0,051708
166,240000	0,055532
166,250000	0,051708
166,260000	0,053620
166,270000	0,052345
166,280000	0,051708
166,290000	0,052345
166,300000	0,054257
166,310000	0,051070
166,320000	0,052982
166,330000	0,054257
166,340000	0,052982
166,350000	0,052982
166,360000	0,051708
166,370000	0,052345
166,380000	0,052982
166,390000	0,051708
166,400000	0,050433
166,410000	0,054257
166,420000	0,050433
166,430000	0,052982
166,440000	0,053620
166,450000	0,051070
166,460000	0,052345
166,470000	0,052982
166,480000	0,052345
166,490000	0,056169
166,500000	0,052982
166,510000	0,053620
166,520000	0,052345
166,530000	0,053620
166,540000	0,051070
166,550000	0,053620
166,560000	0,053620
166,570000	0,051708
166,580000	0,054895
166,590000	0,053620
166,600000	0,051070
166,610000	0,051070
166,620000	0,052345
166,630000	0,053620
166,640000	0,054895
166,650000	0,051070
166,660000	0,052982
166,670000	0,051070
166,680000	0,053620
166,690000	0,052345
166,700000	0,050433
166,710000	0,051708
166,720000	0,051708
166,730000	0,053620
166,740000	0,054257
166,750000	0,054895
166,760000	0,054257
166,770000	0,052345
166,780000	0,054895
166,790000	0,054257
166,800000	0,054257
166,810000	0,052345
166,820000	0,052982
166,830000	0,051070
166,840000	0,054257
166,850000	0,051708
166,860000	0,052982
166,870000	0,051708
166,880000	0,052345
166,890000	0,051708
166,900000	0,051070
166,910000	0,051708
166,920000	0,054895
166,930000	0,054257
166,940000	0,052982
166,950000	0,053620
166,960000	0,054257
166,970000	0,051708
166,980000	0,051708
166,990000	0,051708
167,000000	0,051070
167,010000	0,052982
167,020000	0,054895
167,030000	0,052982
167,040000	0,051708
167,050000	0,051070
167,060000	0,052982
167,070000	0,052345
167,080000	0,051708
167,090000	0,051708
167,100000	0,055532
167,110000	0,052982
167,120000	0,055532
167,130000	0,052345
167,140000	0,054895
167,150000	0,053620
167,160000	0,054257
167,170000	0,051070
167,180000	0,054895
167,190000	0,052345
167,200000	0,051708
167,210000	0,053620
167,220000	0,052982
167,230000	0,054257
167,240000	0,052982
167,250000	0,054257
167,260000	0,054257
167,270000	0,054895
167,280000	0,054895
167,290000	0,052982
167,300000	0,052982
167,310000	0,052982
167,320000	0,054895
167,330000	0,053620
167,340000	0,056169
167,350000	0,054895
167,360000	0,052982
167,370000	0,052982
167,380000	0,052982
167,390000	0,052982
167,400000	0,053620
167,410000	0,054895
167,420000	0,053620
167,430000	0,054257
167,440000	0,054257
167,450000	0,054257
167,460000	0,055532
167,470000	0,055532
167,480000	0,056169
167,490000	0,054895
167,500000	0,056169
167,510000	0,055532
167,520000	0,054895
167,530000	0,055532
167,540000	0,057444
167,550000	0,056169
167,560000	0,057444
167,570000	0,056169
167,580000	0,058719
167,590000	0,056807
167,600000	0,054895
167,610000	0,056169
167,620000	0,056169
167,630000	0,056169
167,640000	0,058081
167,650000	0,056169
167,660000	0,056169
167,670000	0,056807
167,680000	0,056169
167,690000	0,061268
167,700000	0,057444
167,710000	0,056169
167,720000	0,057444
167,730000	0,056169
167,740000	0,059994
167,750000	0,059994
167,760000	0,057444
167,770000	0,058081
167,780000	0,059994
167,790000	0,057444
167,800000	0,059994
167,810000	0,056807
167,820000	0,059356
167,830000	0,057444
167,840000	0,059994
167,850000	0,057444
167,860000	0,058719
167,870000	0,058719
167,880000	0,059994
167,890000	0,058081
167,900000	0,059994
167,910000	0,058081
167,920000	0,060631
167,930000	0,056169
167,940000	0,060631
167,950000	0,059994
167,960000	0,060631
167,970000	0,058719
167,980000	0,061906
167,990000	0,061268
168,000000	0,061906
168,010000	0,059994
168,020000	0,061268
168,030000	0,059994
168,040000	0,061268
168,050000	0,061268
168,060000	0,061268
168,070000	0,062543
168,080000	0,063818
168,090000	0,063180
168,100000	0,063818
168,110000	0,060631
168,120000	0,062543
168,130000	0,062543
168,140000	0,061268
168,150000	0,061906
168,160000	0,061268
168,170000	0,063818
168,180000	0,064455
168,190000	0,062543
168,200000	0,062543
168,210000	0,065092
168,220000	0,063180
168,230000	0,063818
168,240000	0,065730
168,250000	0,063818
168,260000	0,063818
168,270000	0,065092
168,280000	0,065730
168,290000	0,066367
168,300000	0,065092
168,310000	0,065092
168,320000	0,065730
168,330000	0,065092
168,340000	0,065730
168,350000	0,064455
168,360000	0,066367
168,370000	0,070191
168,380000	0,066367
168,390000	0,068279
168,400000	0,066367
168,410000	0,066367
168,420000	0,066367
168,430000	0,068917
168,440000	0,065092
168,450000	0,066367
168,460000	0,072103
168,470000	0,067642
168,480000	0,069554
168,490000	0,068279
168,500000	0,067005
168,510000	0,070191
168,520000	0,068279
168,530000	0,068279
168,540000	0,067642
168,550000	0,070191
168,560000	0,068279
168,570000	0,072741
168,580000	0,067642
168,590000	0,072103
168,600000	0,071466
168,610000	0,070191
168,620000	0,071466
168,630000	0,071466
168,640000	0,071466
168,650000	0,072103
168,660000	0,073378
168,670000	0,072741
168,680000	0,071466
168,690000	0,071466
168,700000	0,074653
168,710000	0,074016
168,720000	0,072741
168,730000	0,074016
168,740000	0,073378
168,750000	0,072741
168,760000	0,074653
168,770000	0,074016
168,780000	0,073378
168,790000	0,077202
168,800000	0,075928
168,810000	0,076565
168,820000	0,076565
168,830000	0,074653
168,840000	0,076565
168,850000	0,077840
168,860000	0,077202
168,870000	0,076565
168,880000	0,077202
168,890000	0,076565
168,900000	0,078477
168,910000	0,079752
168,920000	0,076565
168,930000	0,080389
168,940000	0,077840
168,950000	0,079114
168,960000	0,079114
168,970000	0,079752
168,980000	0,079752
168,990000	0,082939
169,000000	0,081027
169,010000	0,079752
169,020000	0,080389
169,030000	0,082301
169,040000	0,084851
169,050000	0,079752
169,060000	0,081664
169,070000	0,084851
169,080000	0,082939
169,090000	0,081027
169,100000	0,084851
169,110000	0,083576
169,120000	0,086126
169,130000	0,084213
169,140000	0,086763
169,150000	0,086763
169,160000	0,084213
169,170000	0,084851
169,180000	0,087400
169,190000	0,086763
169,200000	0,084851
169,210000	0,086126
169,220000	0,087400
169,230000	0,089950
169,240000	0,089312
169,250000	0,087400
169,260000	0,088675
169,270000	0,090587
169,280000	0,088675
169,290000	0,089312
169,300000	0,092499
169,310000	0,089950
169,320000	0,088675
169,330000	0,091862
169,340000	0,093137
169,350000	0,094411
169,360000	0,097598
169,370000	0,094411
169,380000	0,096961
169,390000	0,097598
169,400000	0,089312
169,410000	0,100148
169,420000	0,098873
169,430000	0,100148
169,440000	0,097598
169,450000	0,098235
169,460000	0,098235
169,470000	0,100785
169,480000	0,100148
169,490000	0,103972
169,500000	0,101422
169,510000	0,100148
169,520000	0,102060
169,530000	0,102060
169,540000	0,103972
169,550000	0,102697
169,560000	0,104609
169,570000	0,103972
169,580000	0,106521
169,590000	0,105246
169,600000	0,106521
169,610000	0,109071
169,620000	0,105884
169,630000	0,109071
169,640000	0,105884
169,650000	0,107796
169,660000	0,106521
169,670000	0,112258
169,680000	0,107796
169,690000	0,114170
169,700000	0,109071
169,710000	0,116719
169,720000	0,110983
169,730000	0,114807
169,740000	0,110983
169,750000	0,114170
169,760000	0,114807
169,770000	0,117356
169,780000	0,117356
169,790000	0,114807
169,800000	0,117994
169,810000	0,120543
169,820000	0,119269
169,830000	0,121181
169,840000	0,118631
169,850000	0,119269
169,860000	0,119906
169,870000	0,119269
169,880000	0,122455
169,890000	0,121181
169,900000	0,119906
169,910000	0,119906
169,920000	0,123093
169,930000	0,121181
169,940000	0,121181
169,950000	0,128192
169,960000	0,123093
169,970000	0,120543
169,980000	0,123730
169,990000	0,124367
170,000000	0,124367
170,010000	0,125005
170,020000	0,121818
170,030000	0,127554
170,040000	0,125005
170,050000	0,129466
170,060000	0,123730
170,070000	0,128829
170,080000	0,125005
170,090000	0,129466
170,100000	0,124367
170,110000	0,128829
170,120000	0,129466
170,130000	0,128192
170,140000	0,128192
170,150000	0,128829
170,160000	0,131379
170,170000	0,130741
170,180000	0,126280
170,190000	0,132016
170,200000	0,132016
170,210000	0,132653
170,220000	0,133928
170,230000	0,133291
170,240000	0,133291
170,250000	0,132016
170,260000	0,130741
170,270000	0,132653
170,280000	0,132653
170,290000	0,131379
170,300000	0,135203
170,310000	0,132016
170,320000	0,132653
170,330000	0,135203
170,340000	0,133928
170,350000	0,132653
170,360000	0,134565
170,370000	0,133291
170,380000	0,135203
170,390000	0,136477
170,400000	0,133928
170,410000	0,136477
170,420000	0,139664
170,430000	0,137115
170,440000	0,134565
170,450000	0,136477
170,460000	0,132016
170,470000	0,138390
170,480000	0,139027
170,490000	0,135203
170,500000	0,139664
170,510000	0,138390
170,520000	0,136477
170,530000	0,138390
170,540000	0,139664
170,550000	0,138390
170,560000	0,136477
170,570000	0,137752
170,580000	0,140302
170,590000	0,138390
170,600000	0,139027
170,610000	0,137752
170,620000	0,136477
170,630000	0,138390
170,640000	0,140302
170,650000	0,137752
170,660000	0,140302
170,670000	0,139027
170,680000	0,137752
170,690000	0,135203
170,700000	0,139664
170,710000	0,137115
170,720000	0,137115
170,730000	0,136477
170,740000	0,139664
170,750000	0,139027
170,760000	0,135840
170,770000	0,138390
170,780000	0,137752
170,790000	0,137752
170,800000	0,135840
170,810000	0,136477
170,820000	0,134565
170,830000	0,136477
170,840000	0,135203
170,850000	0,139027
170,860000	0,133928
170,870000	0,137752
170,880000	0,134565
170,890000	0,136477
170,900000	0,131379
170,910000	0,134565
170,920000	0,137752
170,930000	0,136477
170,940000	0,135203
170,950000	0,132016
170,960000	0,136477
170,970000	0,132653
170,980000	0,133928
170,990000	0,136477
171,000000	0,135203
171,010000	0,135840
171,020000	0,134565
171,030000	0,130104
171,040000	0,128192
171,050000	0,132016
171,060000	0,132016
171,070000	0,130104
171,080000	0,133291
171,090000	0,127554
171,100000	0,129466
171,110000	0,130104
171,120000	0,132016
171,130000	0,129466
171,140000	0,129466
171,150000	0,125005
171,160000	0,129466
171,170000	0,124367
171,180000	0,127554
171,190000	0,124367
171,200000	0,126280
171,210000	0,128192
171,220000	0,125642
171,230000	0,122455
171,240000	0,122455
171,250000	0,124367
171,260000	0,122455
171,270000	0,119906
171,280000	0,121818
171,290000	0,122455
171,300000	0,123093
171,310000	0,119269
171,320000	0,122455
171,330000	0,117994
171,340000	0,123093
171,350000	0,118631
171,360000	0,116719
171,370000	0,114807
171,380000	0,119269
171,390000	0,113532
171,400000	0,116082
171,410000	0,112258
171,420000	0,115444
171,430000	0,111620
171,440000	0,114170
171,450000	0,112895
171,460000	0,111620
171,470000	0,112258
171,480000	0,117356
171,490000	0,113532
171,500000	0,114807
171,510000	0,109071
171,520000	0,109708
171,530000	0,109708
171,540000	0,108433
171,550000	0,107159
171,560000	0,109708
171,570000	0,110983
171,580000	0,109708
171,590000	0,104609
171,600000	0,107796
171,610000	0,103334
171,620000	0,106521
171,630000	0,104609
171,640000	0,107159
171,650000	0,103972
171,660000	0,103972
171,670000	0,102060
171,680000	0,102697
171,690000	0,105884
171,700000	0,099510
171,710000	0,100785
171,720000	0,101422
171,730000	0,102697
171,740000	0,099510
171,750000	0,100785
171,760000	0,100148
171,770000	0,099510
171,780000	0,096323
171,790000	0,095686
171,800000	0,097598
171,810000	0,096961
171,820000	0,098873
171,830000	0,096961
171,840000	0,097598
171,850000	0,093137
171,860000	0,095049
171,870000	0,093137
171,880000	0,096961
171,890000	0,093137
171,900000	0,092499
171,910000	0,091862
171,920000	0,093774
171,930000	0,092499
171,940000	0,090587
171,950000	0,090587
171,960000	0,091224
171,970000	0,091224
171,980000	0,091224
171,990000	0,091862
172,000000	0,089950
172,010000	0,089312
172,020000	0,090587
172,030000	0,086763
172,040000	0,088038
172,050000	0,087400
172,060000	0,085488
172,070000	0,086763
172,080000	0,086763
172,090000	0,084851
172,100000	0,087400
172,110000	0,084213
172,120000	0,084851
172,130000	0,086763
172,140000	0,083576
172,150000	0,084851
172,160000	0,086763
172,170000	0,081664
172,180000	0,084213
172,190000	0,084213
172,200000	0,081664
172,210000	0,082939
172,220000	0,085488
172,230000	0,082301
172,240000	0,082939
172,250000	0,081027
172,260000	0,080389
172,270000	0,081027
172,280000	0,081664
172,290000	0,079114
172,300000	0,081664
172,310000	0,081027
172,320000	0,081027
172,330000	0,077840
172,340000	0,081027
172,350000	0,077202
172,360000	0,079114
172,370000	0,081027
172,380000	0,079114
172,390000	0,077202
172,400000	0,081664
172,410000	0,077202
172,420000	0,076565
172,430000	0,076565
172,440000	0,074653
172,450000	0,076565
172,460000	0,076565
172,470000	0,075928
172,480000	0,077840
172,490000	0,074653
172,500000	0,073378
172,510000	0,075928
172,520000	0,074016
172,530000	0,076565
172,540000	0,075928
172,550000	0,075290
172,560000	0,073378
172,570000	0,072741
172,580000	0,075290
172,590000	0,068279
172,600000	0,076565
172,610000	0,080389
172,620000	0,074653
172,630000	0,075290
172,640000	0,071466
172,650000	0,074016
172,660000	0,074016
172,670000	0,069554
172,680000	0,063180
172,690000	0,073378
172,700000	0,065730
172,710000	0,075290
172,720000	0,070191
172,730000	0,072103
172,740000	0,075290
172,750000	0,068279
172,760000	0,072741
172,770000	0,079114
172,780000	0,068917
172,790000	0,068279
172,800000	0,070829
172,810000	0,069554
172,820000	0,072103
172,830000	0,068917
172,840000	0,070829
172,850000	0,068917
172,860000	0,072741
172,870000	0,070191
172,880000	0,071466
172,890000	0,067005
172,900000	0,068917
172,910000	0,068917
172,920000	0,068917
172,930000	0,067005
172,940000	0,070829
172,950000	0,068279
172,960000	0,071466
172,970000	0,067005
172,980000	0,065730
172,990000	0,068917
173,000000	0,063818
173,010000	0,068279
173,020000	0,066367
173,030000	0,067642
173,040000	0,066367
173,050000	0,068279
173,060000	0,065092
173,070000	0,066367
173,080000	0,065730
173,090000	0,065092
173,100000	0,065730
173,110000	0,067005
173,120000	0,063180
173,130000	0,065092
173,140000	0,064455
173,150000	0,067642
173,160000	0,064455
173,170000	0,066367
173,180000	0,065730
173,190000	0,064455
173,200000	0,067005
173,210000	0,067642
173,220000	0,063818
173,230000	0,066367
173,240000	0,061268
173,250000	0,065092
173,260000	0,063180
173,270000	0,059994
173,280000	0,064455
173,290000	0,063180
173,300000	0,061906
173,310000	0,061906
173,320000	0,062543
173,330000	0,063180
173,340000	0,060631
173,350000	0,061268
173,360000	0,058081
173,370000	0,061268
173,380000	0,061268
173,390000	0,054257
173,400000	0,068917
173,410000	0,061906
173,420000	0,068279
173,430000	0,067642
173,440000	0,061268
173,450000	0,069554
173,460000	0,068917
173,470000	0,060631
173,480000	0,063818
173,490000	0,065730
173,500000	0,063180
173,510000	0,054895
173,520000	0,073378
173,530000	0,060631
173,540000	0,074016
173,550000	0,077202
173,560000	0,061268
173,570000	0,071466
173,580000	0,056807
173,590000	0,059356
173,600000	0,054257
173,610000	0,059356
173,620000	0,059356
173,630000	0,056169
173,640000	0,059994
173,650000	0,059994
173,660000	0,058719
173,670000	0,056807
173,680000	0,058719
173,690000	0,059994
173,700000	0,056807
173,710000	0,061906
173,720000	0,059356
173,730000	0,060631
173,740000	0,058719
173,750000	0,059994
173,760000	0,060631
173,770000	0,058719
173,780000	0,059994
173,790000	0,061268
173,800000	0,060631
173,810000	0,059994
173,820000	0,058719
173,830000	0,061268
173,840000	0,060631
173,850000	0,061268
173,860000	0,061268
173,870000	0,063180
173,880000	0,061268
173,890000	0,061268
173,900000	0,062543
173,910000	0,059356
173,920000	0,056807
173,930000	0,060631
173,940000	0,058081
173,950000	0,057444
173,960000	0,058719
173,970000	0,055532
173,980000	0,059356
173,990000	0,059994
174,000000	0,059356
174,010000	0,061906
174,020000	0,056169
174,030000	0,058081
174,040000	0,061268
174,050000	0,051070
174,060000	0,059356
174,070000	0,058719
174,080000	0,058081
174,090000	0,049796
174,100000	0,058081
174,110000	0,059356
174,120000	0,052345
174,130000	0,057444
174,140000	0,063818
174,150000	0,055532
174,160000	0,060631
174,170000	0,064455
174,180000	0,060631
174,190000	0,058719
174,200000	0,060631
174,210000	0,061268
174,220000	0,058719
174,230000	0,060631
174,240000	0,059994
174,250000	0,058081
174,260000	0,068917
174,270000	0,058081
174,280000	0,058081
174,290000	0,063180
174,300000	0,057444
174,310000	0,058081
174,320000	0,047884
174,330000	0,059356
174,340000	0,057444
174,350000	0,044059
174,360000	0,056807
174,370000	0,054257
174,380000	0,068917
174,390000	0,056807
174,400000	0,055532
174,410000	0,068279
174,420000	0,059994
174,430000	0,057444
174,440000	0,057444
174,450000	0,058719
174,460000	0,058719
174,470000	0,036411
174,480000	0,057444
174,490000	0,058719
174,500000	0,051708
174,510000	0,057444
174,520000	0,054257
174,530000	0,052345
174,540000	0,056807
174,550000	0,054895
174,560000	0,067642
174,570000	0,055532
174,580000	0,057444
174,590000	0,059994
174,600000	0,056807
174,610000	0,059356
174,620000	0,056169
174,630000	0,056169
174,640000	0,056169
174,650000	0,056169
174,660000	0,054895
174,670000	0,054257
174,680000	0,055532
174,690000	0,056169
174,700000	0,055532
174,710000	0,056169
174,720000	0,057444
174,730000	0,056169
174,740000	0,055532
174,750000	0,056807
174,760000	0,058719
174,770000	0,055532
174,780000	0,053620
174,790000	0,059356
174,800000	0,058081
174,810000	0,054257
174,820000	0,053620
174,830000	0,054895
174,840000	0,056807
174,850000	0,054257
174,860000	0,056169
174,870000	0,056169
174,880000	0,056807
174,890000	0,054895
174,900000	0,056169
174,910000	0,060631
174,920000	0,058081
174,930000	0,058719
174,940000	0,057444
174,950000	0,053620
174,960000	0,062543
174,970000	0,052345
174,980000	0,054895
174,990000	0,057444
175,000000	0,051708
175,010000	0,055532
175,020000	0,051708
175,030000	0,056807
175,040000	0,056169
175,050000	0,051070
175,060000	0,056807
175,070000	0,050433
175,080000	0,051070
175,090000	0,052982
175,100000	0,062543
175,110000	0,056169
175,120000	0,058719
175,130000	0,051070
175,140000	0,055532
175,150000	0,049796
175,160000	0,048521
175,170000	0,056169
175,180000	0,060631
175,190000	0,058719
175,200000	0,056169
175,210000	0,056169
175,220000	0,056169
175,230000	0,054895
175,240000	0,049796
175,250000	0,045971
175,260000	0,056807
175,270000	0,052345
175,280000	0,047884
175,290000	0,055532
175,300000	0,052345
175,310000	0,054257
175,320000	0,054895
175,330000	0,052982
175,340000	0,076565
175,350000	0,055532
175,360000	0,056169
175,370000	0,063818
175,380000	0,054895
175,390000	0,056807
175,400000	0,048521
175,410000	0,052345
175,420000	0,056807
175,430000	0,048521
175,440000	0,056807
175,450000	0,056169
175,460000	0,057444
175,470000	0,054895
175,480000	0,054895
175,490000	0,055532
175,500000	0,056169
175,510000	0,056169
175,520000	0,056169
175,530000	0,057444
175,540000	0,055532
175,550000	0,055532
175,560000	0,056169
175,570000	0,058081
175,580000	0,054895
175,590000	0,054895
175,600000	0,052982
175,610000	0,054895
175,620000	0,053620
175,630000	0,054895
175,640000	0,052982
175,650000	0,052345
175,660000	0,054895
175,670000	0,058719
175,680000	0,051070
175,690000	0,054895
175,700000	0,054895
175,710000	0,056169
175,720000	0,057444
175,730000	0,051070
175,740000	0,055532
175,750000	0,052982
175,760000	0,051070
175,770000	0,051070
175,780000	0,053620
175,790000	0,052345
175,800000	0,052345
175,810000	0,056169
175,820000	0,054257
175,830000	0,050433
175,840000	0,054895
175,850000	0,059994
175,860000	0,052982
175,870000	0,055532
175,880000	0,054895
175,890000	0,052982
175,900000	0,055532
175,910000	0,051708
175,920000	0,054895
175,930000	0,056169
175,940000	0,058719
175,950000	0,057444
175,960000	0,054895
175,970000	0,055532
175,980000	0,058719
175,990000	0,052982
176,000000	0,046609
176,010000	0,055532
176,020000	0,052345
176,030000	0,044697
176,040000	0,041510
176,050000	0,055532
176,060000	0,056169
176,070000	0,040873
176,080000	0,054257
176,090000	0,046609
176,100000	0,058719
176,110000	0,054895
176,120000	0,051708
176,130000	0,062543
176,140000	0,053620
176,150000	0,048521
176,160000	0,059994
176,170000	0,052982
176,180000	0,052982
176,190000	0,029400
176,200000	0,054895
176,210000	0,047246
176,220000	0,056169
176,230000	0,054895
176,240000	0,054257
176,250000	0,054895
176,260000	0,052982
176,270000	0,045334
176,280000	0,054257
176,290000	0,055532
176,300000	0,054257
176,310000	0,056807
176,320000	0,057444
176,330000	0,045334
176,340000	0,052982
176,350000	0,052982
176,360000	0,052982
176,370000	0,057444
176,380000	0,050433
176,390000	0,056169
176,400000	0,052982
176,410000	0,057444
176,420000	0,053620
176,430000	0,054257
176,440000	0,051070
176,450000	0,046609
176,460000	0,053620
176,470000	0,048521
176,480000	0,053620
176,490000	0,051708
176,500000	0,053620
176,510000	0,056807
176,520000	0,053620
176,530000	0,060631
176,540000	0,054257
176,550000	0,057444
176,560000	0,051070
176,570000	0,048521
176,580000	0,053620
176,590000	0,043422
176,600000	0,052345
176,610000	0,049796
176,620000	0,054895
176,630000	0,056169
176,640000	0,050433
176,650000	0,059994
176,660000	0,056807
176,670000	0,058719
176,680000	0,053620
176,690000	0,061268
176,700000	0,053620
176,710000	0,050433
176,720000	0,051708
176,730000	0,052982
176,740000	0,048521
176,750000	0,050433
176,760000	0,047884
176,770000	0,055532
176,780000	0,059356
176,790000	0,049796
176,800000	0,059994
176,810000	0,045971
176,820000	0,051708
176,830000	0,045334
176,840000	0,051070
176,850000	0,051070
176,860000	0,061268
176,870000	0,051070
176,880000	0,054895
176,890000	0,051070
176,900000	0,053620
176,910000	0,052982
176,920000	0,052345
176,930000	0,061268
176,940000	0,051708
176,950000	0,054257
176,960000	0,049796
176,970000	0,053620
176,980000	0,051708
176,990000	0,040873
177,000000	0,059356
177,010000	0,054257
177,020000	0,066367
177,030000	0,052982
177,040000	0,051070
177,050000	0,045971
177,060000	0,053620
177,070000	0,054257
177,080000	0,052345
177,090000	0,047246
177,100000	0,052982
177,110000	0,052982
177,120000	0,042147
177,130000	0,055532
177,140000	0,049796
177,150000	0,040873
177,160000	0,052982
177,170000	0,053620
177,180000	0,052982
177,190000	0,053620
177,200000	0,053620
177,210000	0,052982
177,220000	0,050433
177,230000	0,055532
177,240000	0,055532
177,250000	0,051708
177,260000	0,054257
177,270000	0,052982
177,280000	0,056169
177,290000	0,055532
177,300000	0,054895
177,310000	0,055532
177,320000	0,052345
177,330000	0,057444
177,340000	0,054257
177,350000	0,053620
177,360000	0,051708
177,370000	0,054257
177,380000	0,053620
177,390000	0,056169
177,400000	0,054257
177,410000	0,055532
177,420000	0,054895
177,430000	0,054257
177,440000	0,058081
177,450000	0,056169
177,460000	0,059356
177,470000	0,051708
177,480000	0,054257
177,490000	0,050433
177,500000	0,056169
177,510000	0,052345
177,520000	0,049158
177,530000	0,054895
177,540000	0,063180
177,550000	0,051070
177,560000	0,056807
177,570000	0,056807
177,580000	0,052982
177,590000	0,044697
177,600000	0,056169
177,610000	0,056807
177,620000	0,053620
177,630000	0,056807
177,640000	0,056169
177,650000	0,056807
177,660000	0,054895
177,670000	0,056169
177,680000	0,058081
177,690000	0,060631
177,700000	0,056807
177,710000	0,056807
177,720000	0,064455
177,730000	0,045971
177,740000	0,056169
177,750000	0,060631
177,760000	0,054895
177,770000	0,058719
177,780000	0,067642
177,790000	0,067642
177,800000	0,059994
177,810000	0,047884
177,820000	0,073378
177,830000	0,059994
177,840000	0,062543
177,850000	0,065092
177,860000	0,058719
177,870000	0,062543
177,880000	0,056169
177,890000	0,058719
177,900000	0,064455
177,910000	0,045334
177,920000	0,061268
177,930000	0,061268
177,940000	0,044059
177,950000	0,058081
177,960000	0,059994
177,970000	0,062543
177,980000	0,063818
177,990000	0,059994
178,000000	0,075290
178,010000	0,058719
178,020000	0,058081
178,030000	0,063818
178,040000	0,060631
178,050000	0,061906
178,060000	0,059994
178,070000	0,059994
178,080000	0,059994
178,090000	0,058081
178,100000	0,061268
178,110000	0,062543
178,120000	0,060631
178,130000	0,063180
178,140000	0,059356
178,150000	0,062543
178,160000	0,058719
178,170000	0,062543
178,180000	0,065730
178,190000	0,059994
178,200000	0,067005
178,210000	0,059994
178,220000	0,065092
178,230000	0,063180
178,240000	0,066367
178,250000	0,072103
178,260000	0,061906
178,270000	0,061268
178,280000	0,063180
178,290000	0,061268
178,300000	0,064455
178,310000	0,060631
178,320000	0,076565
178,330000	0,068917
178,340000	0,071466
178,350000	0,066367
178,360000	0,077840
178,370000	0,066367
178,380000	0,068917
178,390000	0,063818
178,400000	0,070191
178,410000	0,068279
178,420000	0,065092
178,430000	0,072103
178,440000	0,061268
178,450000	0,058719
178,460000	0,067005
178,470000	0,065092
178,480000	0,067005
178,490000	0,068279
178,500000	0,068279
178,510000	0,071466
178,520000	0,070829
178,530000	0,068917
178,540000	0,067642
178,550000	0,069554
178,560000	0,068279
178,570000	0,059994
178,580000	0,084851
178,590000	0,072103
178,600000	0,067005
178,610000	0,079752
178,620000	0,070829
178,630000	0,058081
178,640000	0,058081
178,650000	0,070829
178,660000	0,088675
178,670000	0,054895
178,680000	0,072741
178,690000	0,066367
178,700000	0,072103
178,710000	0,070829
178,720000	0,069554
178,730000	0,079752
178,740000	0,074016
178,750000	0,070829
178,760000	0,081664
178,770000	0,076565
178,780000	0,072103
178,790000	0,097598
178,800000	0,079114
178,810000	0,072103
178,820000	0,089950
178,830000	0,073378
178,840000	0,072103
178,850000	0,061906
178,860000	0,075928
178,870000	0,077840
178,880000	0,066367
178,890000	0,079752
178,900000	0,074016
178,910000	0,079114
178,920000	0,079752
178,930000	0,075928
178,940000	0,081664
178,950000	0,081027
178,960000	0,077840
178,970000	0,080389
178,980000	0,077840
178,990000	0,084213
179,000000	0,079114
179,010000	0,080389
179,020000	0,079752
179,030000	0,081664
179,040000	0,081027
179,050000	0,079752
179,060000	0,084213
179,070000	0,080389
179,080000	0,081027
179,090000	0,083576
179,100000	0,084213
179,110000	0,082301
179,120000	0,081664
179,130000	0,084213
179,140000	0,089950
179,150000	0,084213
179,160000	0,090587
179,170000	0,091224
179,180000	0,089312
179,190000	0,090587
179,200000	0,085488
179,210000	0,090587
179,220000	0,082301
179,230000	0,085488
179,240000	0,088038
179,250000	0,081027
179,260000	0,093774
179,270000	0,087400
179,280000	0,091224
179,290000	0,099510
179,300000	0,081664
179,310000	0,096323
179,320000	0,089312
179,330000	0,098873
179,340000	0,100785
179,350000	0,094411
179,360000	0,108433
179,370000	0,096961
179,380000	0,077840
179,390000	0,095686
179,400000	0,095686
179,410000	0,109708
179,420000	0,107796
179,430000	0,095686
179,440000	0,092499
179,450000	0,111620
179,460000	0,098873
179,470000	0,077202
179,480000	0,079114
179,490000	0,100148
179,500000	0,105246
179,510000	0,081027
179,520000	0,100148
179,530000	0,102060
179,540000	0,099510
179,550000	0,102060
179,560000	0,102060
179,570000	0,128192
179,580000	0,107159
179,590000	0,106521
179,600000	0,114807
179,610000	0,105246
179,620000	0,111620
179,630000	0,074016
179,640000	0,108433
179,650000	0,112258
179,660000	0,082939
179,670000	0,107159
179,680000	0,112258
179,690000	0,115444
179,700000	0,112895
179,710000	0,111620
179,720000	0,140302
179,730000	0,112258
179,740000	0,110983
179,750000	0,117994
179,760000	0,114170
179,770000	0,115444
179,780000	0,114807
179,790000	0,113532
179,800000	0,116082
179,810000	0,113532
179,820000	0,115444
179,830000	0,117356
179,840000	0,117994
179,850000	0,120543
179,860000	0,117994
179,870000	0,114170
179,880000	0,112895
179,890000	0,121818
179,900000	0,117994
179,910000	0,118631
179,920000	0,125005
179,930000	0,123093
179,940000	0,126917
179,950000	0,119906
179,960000	0,119269
179,970000	0,135840
179,980000	0,127554
179,990000	0,128192
180,000000	0,121181
180,010000	0,116082
180,020000	0,127554
180,030000	0,114807
180,040000	0,122455
180,050000	0,131379
180,060000	0,123093
180,070000	0,123093
180,080000	0,130741
180,090000	0,138390
180,100000	0,127554
180,110000	0,132016
180,120000	0,137752
180,130000	0,121181
180,140000	0,132653
180,150000	0,130104
180,160000	0,131379
180,170000	0,117356
180,180000	0,133291
180,190000	0,123093
180,200000	0,132653
180,210000	0,133291
180,220000	0,125642
180,230000	0,136477
180,240000	0,137115
180,250000	0,126917
180,260000	0,119269
180,270000	0,129466
180,280000	0,129466
180,290000	0,125642
180,300000	0,143488
180,310000	0,133291
180,320000	0,151774
180,330000	0,114170
180,340000	0,128192
180,350000	0,160697
180,360000	0,133928
180,370000	0,135203
180,380000	0,125642
180,390000	0,141576
180,400000	0,132653
180,410000	0,130104
180,420000	0,130104
180,430000	0,135203
180,440000	0,137115
180,450000	0,128192
180,460000	0,152412
180,470000	0,130104
180,480000	0,135203
180,490000	0,135840
180,500000	0,146675
180,510000	0,183005
180,520000	0,142851
180,530000	0,133291
180,540000	0,165796
180,550000	0,137752
180,560000	0,126280
180,570000	0,106521
180,580000	0,137752
180,590000	0,135203
180,600000	0,107159
180,610000	0,141576
180,620000	0,136477
180,630000	0,137115
180,640000	0,144126
180,650000	0,135840
180,660000	0,137752
180,670000	0,139027
180,680000	0,140302
180,690000	0,140939
180,700000	0,145401
180,710000	0,136477
180,720000	0,145401
180,730000	0,138390
180,740000	0,140302
180,750000	0,135203
180,760000	0,138390
180,770000	0,136477
180,780000	0,129466
180,790000	0,131379
180,800000	0,130104
180,810000	0,137115
180,820000	0,139027
180,830000	0,137752
180,840000	0,140302
180,850000	0,132016
180,860000	0,153049
180,870000	0,139027
180,880000	0,139664
180,890000	0,140302
180,900000	0,132653
180,910000	0,145401
180,920000	0,116082
180,930000	0,138390
180,940000	0,123730
180,950000	0,146038
180,960000	0,138390
180,970000	0,111620
180,980000	0,144126
180,990000	0,142214
181,000000	0,112258
181,010000	0,133291
181,020000	0,148587
181,030000	0,145401
181,040000	0,139664
181,050000	0,140302
181,060000	0,137752
181,070000	0,134565
181,080000	0,126280
181,090000	0,137115
181,100000	0,134565
181,110000	0,122455
181,120000	0,127554
181,130000	0,127554
181,140000	0,153049
181,150000	0,121818
181,160000	0,126917
181,170000	0,153049
181,180000	0,127554
181,190000	0,122455
181,200000	0,100785
181,210000	0,121181
181,220000	0,122455
181,230000	0,105884
181,240000	0,132016
181,250000	0,126917
181,260000	0,152412
181,270000	0,137115
181,280000	0,120543
181,290000	0,082939
181,300000	0,082939
181,310000	0,122455
181,320000	0,126280
181,330000	0,091224
181,340000	0,116719
181,350000	0,125005
181,360000	0,069554
181,370000	0,121181
181,380000	0,116082
181,390000	0,079114
181,400000	0,112895
181,410000	0,115444
181,420000	0,125642
181,430000	0,117356
181,440000	0,114807
181,450000	0,142851
181,460000	0,116719
181,470000	0,117356
181,480000	0,112258
181,490000	0,115444
181,500000	0,109708
181,510000	0,109708
181,520000	0,108433
181,530000	0,112258
181,540000	0,103972
181,550000	0,110345
181,560000	0,107796
181,570000	0,110345
181,580000	0,107159
181,590000	0,102697
181,600000	0,105884
181,610000	0,103334
181,620000	0,107796
181,630000	0,102697
181,640000	0,102060
181,650000	0,103972
181,660000	0,103334
181,670000	0,103334
181,680000	0,102697
181,690000	0,099510
181,700000	0,104609
181,710000	0,100148
181,720000	0,099510
181,730000	0,100148
181,740000	0,096961
181,750000	0,101422
181,760000	0,089950
181,770000	0,096961
181,780000	0,104609
181,790000	0,095049
181,800000	0,103972
181,810000	0,094411
181,820000	0,109071
181,830000	0,102060
181,840000	0,088038
181,850000	0,113532
181,860000	0,081027
181,870000	0,086126
181,880000	0,093774
181,890000	0,098873
181,900000	0,086126
181,910000	0,082939
181,920000	0,081664
181,930000	0,089312
181,940000	0,086126
181,950000	0,096961
181,960000	0,092499
181,970000	0,089312
181,980000	0,088038
181,990000	0,074653
182,000000	0,093137
182,010000	0,096323
182,020000	0,073378
182,030000	0,091224
182,040000	0,085488
182,050000	0,088675
182,060000	0,088675
182,070000	0,096961
182,080000	0,104609
182,090000	0,098235
182,100000	0,082301
182,110000	0,092499
182,120000	0,090587
182,130000	0,076565
182,140000	0,061906
182,150000	0,071466
182,160000	0,086763
182,170000	0,103972
182,180000	0,075290
182,190000	0,086126
182,200000	0,075928
182,210000	0,095686
182,220000	0,082301
182,230000	0,100785
182,240000	0,096961
182,250000	0,105246
182,260000	0,082939
182,270000	0,069554
182,280000	0,081027
182,290000	0,065092
182,300000	0,065092
182,310000	0,068917
182,320000	0,081027
182,330000	0,065092
182,340000	0,076565
182,350000	0,081664
182,360000	0,080389
182,370000	0,082301
182,380000	0,078477
182,390000	0,077840
182,400000	0,075928
182,410000	0,082939
182,420000	0,074653
182,430000	0,073378
182,440000	0,076565
182,450000	0,070829
182,460000	0,074653
182,470000	0,072741
182,480000	0,081027
182,490000	0,077202
182,500000	0,076565
182,510000	0,082301
182,520000	0,079114
182,530000	0,079114
182,540000	0,071466
182,550000	0,073378
182,560000	0,078477
182,570000	0,068279
182,580000	0,077840
182,590000	0,068917
182,600000	0,072103
182,610000	0,062543
182,620000	0,077202
182,630000	0,068279
182,640000	0,072741
182,650000	0,066367
182,660000	0,074653
182,670000	0,075290
182,680000	0,076565
182,690000	0,077202
182,700000	0,064455
182,710000	0,077202
182,720000	0,070829
182,730000	0,068917
182,740000	0,077202
182,750000	0,072103
182,760000	0,077202
182,770000	0,070829
182,780000	0,065092
182,790000	0,076565
182,800000	0,063818
182,810000	0,072741
182,820000	0,068917
182,830000	0,079114
182,840000	0,068917
182,850000	0,071466
182,860000	0,075928
182,870000	0,067005
182,880000	0,073378
182,890000	0,061268
182,900000	0,059356
182,910000	0,067642
182,920000	0,079114
182,930000	0,084851
182,940000	0,062543
182,950000	0,053620
182,960000	0,078477
182,970000	0,066367
182,980000	0,056169
182,990000	0,058719
183,000000	0,067005
183,010000	0,074016
183,020000	0,048521
183,030000	0,066367
183,040000	0,070191
183,050000	0,045334
183,060000	0,068917
183,070000	0,067642
183,080000	0,051708
183,090000	0,068917
183,100000	0,066367
183,110000	0,068279
183,120000	0,065092
183,130000	0,064455
183,140000	0,078477
183,150000	0,063818
183,160000	0,062543
183,170000	0,068279
183,180000	0,063818
183,190000	0,062543
183,200000	0,065092
183,210000	0,066367
183,220000	0,063180
183,230000	0,063818
183,240000	0,063818
183,250000	0,065092
183,260000	0,063818
183,270000	0,063818
183,280000	0,061906
183,290000	0,063180
183,300000	0,063818
183,310000	0,061268
183,320000	0,061268
183,330000	0,060631
183,340000	0,061906
183,350000	0,061906
183,360000	0,060631
183,370000	0,063818
183,380000	0,062543
183,390000	0,061906
183,400000	0,060631
183,410000	0,066367
183,420000	0,063818
183,430000	0,063180
183,440000	0,061906
183,450000	0,059994
183,460000	0,064455
183,470000	0,059994
183,480000	0,059356
183,490000	0,060631
183,500000	0,063818
183,510000	0,061906
183,520000	0,058719
183,530000	0,068917
183,540000	0,062543
183,550000	0,062543
183,560000	0,063180
183,570000	0,059356
183,580000	0,052982
183,590000	0,058081
183,600000	0,056169
183,610000	0,061268
183,620000	0,059356
183,630000	0,060631
183,640000	0,061268
183,650000	0,059994
183,660000	0,061268
183,670000	0,055532
183,680000	0,057444
183,690000	0,061268
183,700000	0,052982
183,710000	0,058719
183,720000	0,059994
183,730000	0,065730
183,740000	0,058719
183,750000	0,060631
183,760000	0,064455
183,770000	0,057444
183,780000	0,061268
183,790000	0,054257
183,800000	0,059356
183,810000	0,060631
183,820000	0,053620
183,830000	0,058719
183,840000	0,058081
183,850000	0,059356
183,860000	0,058719
183,870000	0,056169
183,880000	0,070829
183,890000	0,057444
183,900000	0,056807
183,910000	0,058081
183,920000	0,056807
183,930000	0,058719
183,940000	0,067642
183,950000	0,059356
183,960000	0,054895
183,970000	0,056169
183,980000	0,056807
183,990000	0,058081
184,000000	0,054257
184,010000	0,056169
184,020000	0,058081
184,030000	0,058719
184,040000	0,059356
184,050000	0,059356
184,060000	0,056807
184,070000	0,058719
184,080000	0,058719
184,090000	0,055532
184,100000	0,057444
184,110000	0,058081
184,120000	0,059994
184,130000	0,059356
184,140000	0,059994
184,150000	0,058719
184,160000	0,056169
184,170000	0,058081
184,180000	0,058081
184,190000	0,056807
184,200000	0,056169
184,210000	0,057444
184,220000	0,058081
184,230000	0,058719
184,240000	0,057444
184,250000	0,058719
184,260000	0,054895
184,270000	0,058719
184,280000	0,058719
184,290000	0,057444
184,300000	0,056169
184,310000	0,058081
184,320000	0,055532
184,330000	0,056807
184,340000	0,057444
184,350000	0,058081
184,360000	0,056169
184,370000	0,055532
184,380000	0,056807
184,390000	0,056169
184,400000	0,057444
184,410000	0,058081
184,420000	0,057444
184,430000	0,056169
184,440000	0,056169
184,450000	0,058081
184,460000	0,058081
184,470000	0,058081
184,480000	0,058081
184,490000	0,058081
184,500000	0,057444
184,510000	0,056169
184,520000	0,057444
184,530000	0,055532
184,540000	0,057444
184,550000	0,058719
184,560000	0,056807
184,570000	0,056169
184,580000	0,057444
184,590000	0,056807
184,600000	0,055532
184,610000	0,054895
184,620000	0,056807
184,630000	0,056807
184,640000	0,055532
184,650000	0,056169
184,660000	0,056169
184,670000	0,054895
184,680000	0,056169
184,690000	0,055532
184,700000	0,056169
184,710000	0,054895
184,720000	0,056807
184,730000	0,052982
184,740000	0,056169
184,750000	0,057444
184,760000	0,054895
184,770000	0,055532
184,780000	0,056807
184,790000	0,054257
184,800000	0,054257
184,810000	0,054895
184,820000	0,056169
184,830000	0,055532
184,840000	0,056169
184,850000	0,056169
184,860000	0,056807
184,870000	0,056169
184,880000	0,053620
184,890000	0,054895
184,900000	0,056807
184,910000	0,056807
184,920000	0,054895
184,930000	0,056169
184,940000	0,058719
184,950000	0,056169
184,960000	0,057444
184,970000	0,055532
184,980000	0,058081
184,990000	0,054257
185,000000	0,055532
185,010000	0,056169
185,020000	0,054257
185,030000	0,054895
185,040000	0,056807
185,050000	0,056807
185,060000	0,056169
185,070000	0,056169
185,080000	0,056807
185,090000	0,054895
185,100000	0,054895
185,110000	0,053620
185,120000	0,056807
185,130000	0,056807
185,140000	0,054257
185,150000	0,055532
185,160000	0,056169
185,170000	0,054895
185,180000	0,056169
185,190000	0,055532
185,200000	0,055532
185,210000	0,055532
185,220000	0,056169
185,230000	0,054895
185,240000	0,055532
185,250000	0,054895
185,260000	0,057444
185,270000	0,056169
185,280000	0,055532
185,290000	0,053620
185,300000	0,053620
185,310000	0,056169
185,320000	0,055532
185,330000	0,056169
185,340000	0,055532
185,350000	0,054895
185,360000	0,054257
185,370000	0,052982
185,380000	0,054895
185,390000	0,056169
185,400000	0,055532
185,410000	0,056169
185,420000	0,054895
185,430000	0,055532
185,440000	0,053620
185,450000	0,055532
185,460000	0,056169
185,470000	0,056807
185,480000	0,055532
185,490000	0,058081
185,500000	0,055532
185,510000	0,054257
185,520000	0,056807
185,530000	0,055532
185,540000	0,055532
185,550000	0,056169
185,560000	0,055532
185,570000	0,058081
185,580000	0,053620
185,590000	0,056169
185,600000	0,056169
185,610000	0,054257
185,620000	0,056169
185,630000	0,054257
185,640000	0,054895
185,650000	0,053620
185,660000	0,056169
185,670000	0,054257
185,680000	0,054257
185,690000	0,055532
185,700000	0,052982
185,710000	0,055532
185,720000	0,056169
185,730000	0,051708
185,740000	0,052982
185,750000	0,053620
185,760000	0,054895
185,770000	0,052982
185,780000	0,055532
185,790000	0,051708
185,800000	0,053620
185,810000	0,054257
185,820000	0,054895
185,830000	0,053620
185,840000	0,052345
185,850000	0,053620
185,860000	0,051070
185,870000	0,052982
185,880000	0,052345
185,890000	0,053620
185,900000	0,052982
185,910000	0,054895
185,920000	0,055532
185,930000	0,054257
185,940000	0,054895
185,950000	0,053620
185,960000	0,054257
185,970000	0,053620
185,980000	0,054257
185,990000	0,052345
186,000000	0,052345
186,010000	0,053620
186,020000	0,054257
186,030000	0,052345
186,040000	0,052982
186,050000	0,050433
186,060000	0,052982
186,070000	0,051070
186,080000	0,051070
186,090000	0,051070
186,100000	0,053620
186,110000	0,053620
186,120000	0,054257
186,130000	0,052982
186,140000	0,052982
186,150000	0,050433
186,160000	0,051708
186,170000	0,051070
186,180000	0,051070
186,190000	0,050433
186,200000	0,053620
186,210000	0,051708
186,220000	0,052345
186,230000	0,053620
186,240000	0,051070
186,250000	0,051708
186,260000	0,051070
186,270000	0,053620
186,280000	0,053620
186,290000	0,052345
186,300000	0,051708
186,310000	0,051708
186,320000	0,054257
186,330000	0,052982
186,340000	0,051708
186,350000	0,052345
186,360000	0,051708
186,370000	0,054257
186,380000	0,051070
186,390000	0,054257
186,400000	0,054257
186,410000	0,052982
186,420000	0,052982
186,430000	0,052982
186,440000	0,052982
186,450000	0,054895
186,460000	0,051708
186,470000	0,052982
186,480000	0,052982
186,490000	0,053620
186,500000	0,050433
186,510000	0,051708
186,520000	0,051070
186,530000	0,051070
186,540000	0,051708
186,550000	0,052345
186,560000	0,052345
186,570000	0,053620
186,580000	0,050433
186,590000	0,052982
186,600000	0,051070
186,610000	0,051070
186,620000	0,051070
186,630000	0,052345
186,640000	0,050433
186,650000	0,052982
186,660000	0,050433
186,670000	0,052982
186,680000	0,051708
186,690000	0,052345
186,700000	0,051708
186,710000	0,051708
186,720000	0,052345
186,730000	0,052982
186,740000	0,051070
186,750000	0,052982
186,760000	0,052982
186,770000	0,053620
186,780000	0,053620
186,790000	0,054257
186,800000	0,053620
186,810000	0,052982
186,820000	0,051708
186,830000	0,053620
186,840000	0,055532
186,850000	0,054895
186,860000	0,053620
186,870000	0,054895
186,880000	0,053620
186,890000	0,052982
186,900000	0,052345
186,910000	0,054895
186,920000	0,052982
186,930000	0,054257
186,940000	0,052982
186,950000	0,054895
186,960000	0,052982
186,970000	0,052982
186,980000	0,053620
186,990000	0,053620
187,000000	0,055532
187,010000	0,053620
187,020000	0,052982
187,030000	0,053620
187,040000	0,051708
187,050000	0,052982
187,060000	0,054257
187,070000	0,051708
187,080000	0,051708
187,090000	0,054895
187,100000	0,052982
187,110000	0,053620
187,120000	0,053620
187,130000	0,052982
187,140000	0,053620
187,150000	0,055532
187,160000	0,053620
187,170000	0,053620
187,180000	0,054895
187,190000	0,054895
187,200000	0,054257
187,210000	0,053620
187,220000	0,054895
187,230000	0,053620
187,240000	0,054257
187,250000	0,052982
187,260000	0,052982
187,270000	0,053620
187,280000	0,051708
187,290000	0,052982
187,300000	0,051708
187,310000	0,053620
187,320000	0,052982
187,330000	0,055532
187,340000	0,056169
187,350000	0,054895
187,360000	0,055532
187,370000	0,054895
187,380000	0,056169
187,390000	0,054257
187,400000	0,056807
187,410000	0,053620
187,420000	0,055532
187,430000	0,055532
187,440000	0,056169
187,450000	0,056169
187,460000	0,054895
187,470000	0,054257
187,480000	0,056169
187,490000	0,054895
187,500000	0,055532
187,510000	0,056169
187,520000	0,052982
187,530000	0,055532
187,540000	0,054895
187,550000	0,055532
187,560000	0,058081
187,570000	0,056807
187,580000	0,055532
187,590000	0,054895
187,600000	0,053620
187,610000	0,056169
187,620000	0,057444
187,630000	0,055532
187,640000	0,055532
187,650000	0,056169
187,660000	0,054257
187,670000	0,057444
187,680000	0,054895
187,690000	0,056807
187,700000	0,056807
187,710000	0,056169
187,720000	0,055532
187,730000	0,056169
187,740000	0,055532
187,750000	0,054895
187,760000	0,056807
187,770000	0,058081
187,780000	0,056807
187,790000	0,056169
187,800000	0,058719
187,810000	0,058081
187,820000	0,056169
187,830000	0,056807
187,840000	0,057444
187,850000	0,059356
187,860000	0,059356
187,870000	0,058719
187,880000	0,058081
187,890000	0,058081
187,900000	0,058719
187,910000	0,056807
187,920000	0,058081
187,930000	0,058719
187,940000	0,058081
187,950000	0,058081
187,960000	0,058719
187,970000	0,059994
187,980000	0,060631
187,990000	0,059356
188,000000	0,059994
188,010000	0,058719
188,020000	0,059356
188,030000	0,059994
188,040000	0,059356
188,050000	0,061268
188,060000	0,060631
188,070000	0,059356
188,080000	0,061268
188,090000	0,060631
188,100000	0,062543
188,110000	0,063180
188,120000	0,062543
188,130000	0,060631
188,140000	0,063180
188,150000	0,061268
188,160000	0,061268
188,170000	0,061268
188,180000	0,061268
188,190000	0,062543
188,200000	0,061268
188,210000	0,058081
188,220000	0,061906
188,230000	0,063180
188,240000	0,064455
188,250000	0,061906
188,260000	0,061268
188,270000	0,063180
188,280000	0,065092
188,290000	0,062543
188,300000	0,063818
188,310000	0,063818
188,320000	0,063180
188,330000	0,065092
188,340000	0,065092
188,350000	0,065092
188,360000	0,064455
188,370000	0,067642
188,380000	0,066367
188,390000	0,065092
188,400000	0,067005
188,410000	0,065730
188,420000	0,068917
188,430000	0,067005
188,440000	0,068279
188,450000	0,068917
188,460000	0,067642
188,470000	0,066367
188,480000	0,069554
188,490000	0,070191
188,500000	0,068917
188,510000	0,067642
188,520000	0,067642
188,530000	0,066367
188,540000	0,068279
188,550000	0,068917
188,560000	0,070191
188,570000	0,070829
188,580000	0,070191
188,590000	0,069554
188,600000	0,069554
188,610000	0,070829
188,620000	0,069554
188,630000	0,071466
188,640000	0,071466
188,650000	0,071466
188,660000	0,070191
188,670000	0,072103
188,680000	0,071466
188,690000	0,070829
188,700000	0,071466
188,710000	0,073378
188,720000	0,071466
188,730000	0,072103
188,740000	0,071466
188,750000	0,073378
188,760000	0,071466
188,770000	0,074016
188,780000	0,072741
188,790000	0,072103
188,800000	0,075290
188,810000	0,075928
188,820000	0,074016
188,830000	0,074016
188,840000	0,075928
188,850000	0,075928
188,860000	0,075928
188,870000	0,075290
188,880000	0,075290
188,890000	0,078477
188,900000	0,075928
188,910000	0,076565
188,920000	0,080389
188,930000	0,079114
188,940000	0,079752
188,950000	0,080389
188,960000	0,080389
188,970000	0,079752
188,980000	0,079114
188,990000	0,080389
189,000000	0,081664
189,010000	0,081027
189,020000	0,080389
189,030000	0,083576
189,040000	0,081664
189,050000	0,081027
189,060000	0,082939
189,070000	0,082939
189,080000	0,082301
189,090000	0,084851
189,100000	0,086126
189,110000	0,085488
189,120000	0,086126
189,130000	0,085488
189,140000	0,084851
189,150000	0,086126
189,160000	0,086126
189,170000	0,089312
189,180000	0,085488
189,190000	0,086126
189,200000	0,086126
189,210000	0,087400
189,220000	0,088038
189,230000	0,089950
189,240000	0,088675
189,250000	0,090587
189,260000	0,089950
189,270000	0,090587
189,280000	0,089312
189,290000	0,091224
189,300000	0,090587
189,310000	0,092499
189,320000	0,089312
189,330000	0,090587
189,340000	0,093137
189,350000	0,095049
189,360000	0,093774
189,370000	0,094411
189,380000	0,093774
189,390000	0,095686
189,400000	0,094411
189,410000	0,097598
189,420000	0,096323
189,430000	0,096961
189,440000	0,096961
189,450000	0,098873
189,460000	0,098873
189,470000	0,098873
189,480000	0,098873
189,490000	0,098873
189,500000	0,096961
189,510000	0,098873
189,520000	0,099510
189,530000	0,101422
189,540000	0,100148
189,550000	0,101422
189,560000	0,101422
189,570000	0,103972
189,580000	0,104609
189,590000	0,104609
189,600000	0,104609
189,610000	0,105246
189,620000	0,105246
189,630000	0,105884
189,640000	0,098873
189,650000	0,105884
189,660000	0,105884
189,670000	0,109071
189,680000	0,109708
189,690000	0,105884
189,700000	0,105884
189,710000	0,109708
189,720000	0,111620
189,730000	0,109071
189,740000	0,110345
189,750000	0,112258
189,760000	0,110345
189,770000	0,112895
189,780000	0,111620
189,790000	0,113532
189,800000	0,112895
189,810000	0,114170
189,820000	0,112895
189,830000	0,116719
189,840000	0,116719
189,850000	0,116082
189,860000	0,114170
189,870000	0,117356
189,880000	0,114807
189,890000	0,119906
189,900000	0,117356
189,910000	0,123093
189,920000	0,118631
189,930000	0,122455
189,940000	0,119906
189,950000	0,122455
189,960000	0,118631
189,970000	0,119906
189,980000	0,122455
189,990000	0,121818
190,000000	0,119906
190,010000	0,125005
190,020000	0,122455
190,030000	0,124367
190,040000	0,123093
190,050000	0,125005
190,060000	0,120543
190,070000	0,126280
190,080000	0,127554
190,090000	0,125642
190,100000	0,125005
190,110000	0,127554
190,120000	0,123093
190,130000	0,126280
190,140000	0,128192
190,150000	0,126917
190,160000	0,125005
190,170000	0,127554
190,180000	0,128192
190,190000	0,128829
190,200000	0,129466
190,210000	0,130104
190,220000	0,126917
190,230000	0,129466
190,240000	0,130104
190,250000	0,132016
190,260000	0,126280
190,270000	0,132653
190,280000	0,128192
190,290000	0,131379
190,300000	0,130104
190,310000	0,135203
190,320000	0,127554
190,330000	0,132653
190,340000	0,128829
190,350000	0,133291
190,360000	0,128829
190,370000	0,135840
190,380000	0,134565
190,390000	0,134565
190,400000	0,130741
190,410000	0,132016
190,420000	0,132653
190,430000	0,137752
190,440000	0,135203
190,450000	0,134565
190,460000	0,133928
190,470000	0,135840
190,480000	0,136477
190,490000	0,134565
190,500000	0,133291
190,510000	0,135840
190,520000	0,132653
190,530000	0,135203
190,540000	0,134565
190,550000	0,132653
190,560000	0,136477
190,570000	0,134565
190,580000	0,135203
190,590000	0,137752
190,600000	0,139027
190,610000	0,137752
190,620000	0,137752
190,630000	0,138390
190,640000	0,137115
190,650000	0,136477
190,660000	0,133928
190,670000	0,134565
190,680000	0,140302
190,690000	0,136477
190,700000	0,141576
190,710000	0,133291
190,720000	0,137115
190,730000	0,137115
190,740000	0,140302
190,750000	0,137115
190,760000	0,135203
190,770000	0,135203
190,780000	0,139027
190,790000	0,134565
190,800000	0,135840
190,810000	0,137115
190,820000	0,135203
190,830000	0,139664
190,840000	0,136477
190,850000	0,137752
190,860000	0,135840
190,870000	0,136477
190,880000	0,135203
190,890000	0,135840
190,900000	0,136477
190,910000	0,135203
190,920000	0,132016
190,930000	0,135203
190,940000	0,137115
190,950000	0,136477
190,960000	0,134565
190,970000	0,135840
190,980000	0,131379
190,990000	0,133928
191,000000	0,135203
191,010000	0,132653
191,020000	0,132653
191,030000	0,133291
191,040000	0,130104
191,050000	0,130741
191,060000	0,130104
191,070000	0,132653
191,080000	0,130104
191,090000	0,129466
191,100000	0,129466
191,110000	0,132016
191,120000	0,128192
191,130000	0,129466
191,140000	0,131379
191,150000	0,129466
191,160000	0,128829
191,170000	0,127554
191,180000	0,130741
191,190000	0,130104
191,200000	0,124367
191,210000	0,128829
191,220000	0,124367
191,230000	0,126280
191,240000	0,126280
191,250000	0,126280
191,260000	0,121181
191,270000	0,123093
191,280000	0,121818
191,290000	0,122455
191,300000	0,123093
191,310000	0,123730
191,320000	0,119906
191,330000	0,121181
191,340000	0,119906
191,350000	0,117356
191,360000	0,116719
191,370000	0,117356
191,380000	0,116719
191,390000	0,117356
191,400000	0,117356
191,410000	0,117356
191,420000	0,114170
191,430000	0,114807
191,440000	0,113532
191,450000	0,114807
191,460000	0,114807
191,470000	0,112258
191,480000	0,109708
191,490000	0,114170
191,500000	0,109071
191,510000	0,110983
191,520000	0,109071
191,530000	0,108433
191,540000	0,108433
191,550000	0,109071
191,560000	0,107159
191,570000	0,105246
191,580000	0,106521
191,590000	0,107159
191,600000	0,103972
191,610000	0,105884
191,620000	0,103972
191,630000	0,103972
191,640000	0,103972
191,650000	0,103972
191,660000	0,102060
191,670000	0,102060
191,680000	0,102060
191,690000	0,102060
191,700000	0,100148
191,710000	0,098873
191,720000	0,100785
191,730000	0,098235
191,740000	0,101422
191,750000	0,100148
191,760000	0,098235
191,770000	0,099510
191,780000	0,098235
191,790000	0,098235
191,800000	0,093774
191,810000	0,096323
191,820000	0,096961
191,830000	0,096961
191,840000	0,093774
191,850000	0,095686
191,860000	0,093774
191,870000	0,093137
191,880000	0,092499
191,890000	0,093774
191,900000	0,091224
191,910000	0,094411
191,920000	0,093774
191,930000	0,093137
191,940000	0,091862
191,950000	0,091224
191,960000	0,089950
191,970000	0,091862
191,980000	0,091862
191,990000	0,088675
192,000000	0,085488
192,010000	0,091224
192,020000	0,088038
192,030000	0,089312
192,040000	0,088038
192,050000	0,088675
192,060000	0,086763
192,070000	0,086126
192,080000	0,086126
192,090000	0,088675
192,100000	0,087400
192,110000	0,086126
192,120000	0,084213
192,130000	0,086126
192,140000	0,084213
192,150000	0,084213
192,160000	0,083576
192,170000	0,086126
192,180000	0,084213
192,190000	0,085488
192,200000	0,083576
192,210000	0,085488
192,220000	0,080389
192,230000	0,083576
192,240000	0,080389
192,250000	0,082301
192,260000	0,079752
192,270000	0,082939
192,280000	0,081664
192,290000	0,081664
192,300000	0,081664
192,310000	0,081664
192,320000	0,081027
192,330000	0,081027
192,340000	0,082939
192,350000	0,077840
192,360000	0,081027
192,370000	0,079114
192,380000	0,076565
192,390000	0,079752
192,400000	0,079114
192,410000	0,078477
192,420000	0,077840
192,430000	0,075928
192,440000	0,077202
192,450000	0,076565
192,460000	0,075928
192,470000	0,076565
192,480000	0,075928
192,490000	0,075290
192,500000	0,073378
192,510000	0,075928
192,520000	0,076565
192,530000	0,075290
192,540000	0,075928
192,550000	0,074016
192,560000	0,073378
192,570000	0,073378
192,580000	0,072741
192,590000	0,074016
192,600000	0,075928
192,610000	0,075290
192,620000	0,074016
192,630000	0,074653
192,640000	0,074016
192,650000	0,074653
192,660000	0,074016
192,670000	0,073378
192,680000	0,069554
192,690000	0,072103
192,700000	0,070191
192,710000	0,070191
192,720000	0,070191
192,730000	0,072741
192,740000	0,071466
192,750000	0,073378
192,760000	0,073378
192,770000	0,070829
192,780000	0,071466
192,790000	0,069554
192,800000	0,070829
192,810000	0,070191
192,820000	0,069554
192,830000	0,071466
192,840000	0,071466
192,850000	0,071466
192,860000	0,070191
192,870000	0,068917
192,880000	0,071466
192,890000	0,068279
192,900000	0,068917
192,910000	0,068279
192,920000	0,067005
192,930000	0,067005
192,940000	0,067642
192,950000	0,068917
192,960000	0,067642
192,970000	0,069554
192,980000	0,068279
192,990000	0,066367
193,000000	0,066367
193,010000	0,064455
193,020000	0,068917
193,030000	0,065730
193,040000	0,066367
193,050000	0,066367
193,060000	0,065730
193,070000	0,065730
193,080000	0,065092
193,090000	0,065092
193,100000	0,064455
193,110000	0,064455
193,120000	0,065730
193,130000	0,065092
193,140000	0,066367
193,150000	0,062543
193,160000	0,063818
193,170000	0,061268
193,180000	0,062543
193,190000	0,065092
193,200000	0,065730
193,210000	0,063818
193,220000	0,063180
193,230000	0,065092
193,240000	0,061906
193,250000	0,063180
193,260000	0,061906
193,270000	0,062543
193,280000	0,065092
193,290000	0,063180
193,300000	0,064455
193,310000	0,063180
193,320000	0,062543
193,330000	0,063818
193,340000	0,063180
193,350000	0,060631
193,360000	0,062543
193,370000	0,060631
193,380000	0,063180
193,390000	0,062543
193,400000	0,061906
193,410000	0,061268
193,420000	0,061268
193,430000	0,062543
193,440000	0,059356
193,450000	0,061906
193,460000	0,062543
193,470000	0,063180
193,480000	0,063180
193,490000	0,062543
193,500000	0,058719
193,510000	0,061268
193,520000	0,061906
193,530000	0,061268
193,540000	0,060631
193,550000	0,060631
193,560000	0,059994
193,570000	0,061268
193,580000	0,059994
193,590000	0,060631
193,600000	0,061268
193,610000	0,062543
193,620000	0,062543
193,630000	0,061906
193,640000	0,059356
193,650000	0,062543
193,660000	0,060631
193,670000	0,063180
193,680000	0,061268
193,690000	0,061268
193,700000	0,058719
193,710000	0,059994
193,720000	0,059994
193,730000	0,058719
193,740000	0,056807
193,750000	0,059994
193,760000	0,059356
193,770000	0,061906
193,780000	0,059994
193,790000	0,058719
193,800000	0,058719
193,810000	0,056807
193,820000	0,057444
193,830000	0,058081
193,840000	0,059994
193,850000	0,059994
193,860000	0,059356
193,870000	0,058719
193,880000	0,059994
193,890000	0,058081
193,900000	0,058719
193,910000	0,058081
193,920000	0,056807
193,930000	0,058081
193,940000	0,056169
193,950000	0,057444
193,960000	0,058081
193,970000	0,058081
193,980000	0,057444
193,990000	0,058081
194,000000	0,057444
194,010000	0,059994
194,020000	0,058719
194,030000	0,057444
194,040000	0,058719
194,050000	0,058719
194,060000	0,057444
194,070000	0,056169
194,080000	0,056169
194,090000	0,058719
194,100000	0,056169
194,110000	0,057444
194,120000	0,056169
194,130000	0,056169
194,140000	0,058081
194,150000	0,058081
194,160000	0,059356
194,170000	0,059994
194,180000	0,056807
194,190000	0,058719
194,200000	0,056807
194,210000	0,057444
194,220000	0,059356
194,230000	0,058719
194,240000	0,057444
194,250000	0,057444
194,260000	0,057444
194,270000	0,059356
194,280000	0,058081
194,290000	0,056807
194,300000	0,054895
194,310000	0,056807
194,320000	0,058081
194,330000	0,054895
194,340000	0,058081
194,350000	0,056169
194,360000	0,056169
194,370000	0,056807
194,380000	0,057444
194,390000	0,056169
194,400000	0,058719
194,410000	0,056169
194,420000	0,057444
194,430000	0,057444
194,440000	0,056807
194,450000	0,055532
194,460000	0,055532
194,470000	0,054257
194,480000	0,054895
194,490000	0,052982
194,500000	0,054895
194,510000	0,054895
194,520000	0,055532
194,530000	0,057444
194,540000	0,056169
194,550000	0,056169
194,560000	0,055532
194,570000	0,054895
194,580000	0,056807
194,590000	0,055532
194,600000	0,055532
194,610000	0,056169
194,620000	0,055532
194,630000	0,056807
194,640000	0,056169
194,650000	0,056169
194,660000	0,056807
194,670000	0,054895
194,680000	0,057444
194,690000	0,056169
194,700000	0,057444
194,710000	0,057444
194,720000	0,054257
194,730000	0,056169
194,740000	0,054257
194,750000	0,056807
194,760000	0,055532
194,770000	0,054895
194,780000	0,055532
194,790000	0,058719
194,800000	0,056169
194,810000	0,057444
194,820000	0,056169
194,830000	0,056169
194,840000	0,055532
194,850000	0,054895
194,860000	0,055532
194,870000	0,056169
194,880000	0,054895
194,890000	0,053620
194,900000	0,054257
194,910000	0,056169
194,920000	0,058719
194,930000	0,054895
194,940000	0,056169
194,950000	0,055532
194,960000	0,054257
194,970000	0,054895
194,980000	0,055532
194,990000	0,054257
195,000000	0,054257
195,010000	0,054257
195,020000	0,055532
195,030000	0,053620
195,040000	0,054895
195,050000	0,056169
195,060000	0,054257
195,070000	0,058081
195,080000	0,054895
195,090000	0,055532
195,100000	0,052982
195,110000	0,053620
195,120000	0,052982
195,130000	0,058081
195,140000	0,054895
195,150000	0,056169
195,160000	0,055532
195,170000	0,056169
195,180000	0,054895
195,190000	0,055532
195,200000	0,054895
195,210000	0,055532
195,220000	0,055532
195,230000	0,056169
195,240000	0,052982
195,250000	0,052345
195,260000	0,053620
195,270000	0,054257
195,280000	0,054895
195,290000	0,056169
195,300000	0,052982
195,310000	0,054895
195,320000	0,054257
195,330000	0,052982
195,340000	0,053620
195,350000	0,056169
195,360000	0,056169
195,370000	0,052982
195,380000	0,054257
195,390000	0,055532
195,400000	0,056807
195,410000	0,056807
195,420000	0,056169
195,430000	0,056169
195,440000	0,055532
195,450000	0,053620
195,460000	0,055532
195,470000	0,052345
195,480000	0,056169
195,490000	0,056169
195,500000	0,059356
195,510000	0,054895
195,520000	0,052345
195,530000	0,054895
195,540000	0,056169
195,550000	0,054257
195,560000	0,056169
195,570000	0,053620
195,580000	0,056169
195,590000	0,056807
195,600000	0,056169
195,610000	0,054895
195,620000	0,054257
195,630000	0,054895
195,640000	0,054895
195,650000	0,054257
195,660000	0,051070
195,670000	0,054257
195,680000	0,054257
195,690000	0,053620
195,700000	0,054257
195,710000	0,056169
195,720000	0,054257
195,730000	0,050433
195,740000	0,054257
195,750000	0,053620
195,760000	0,054257
195,770000	0,052982
195,780000	0,052982
195,790000	0,054257
195,800000	0,054895
195,810000	0,054895
195,820000	0,051708
195,830000	0,054895
195,840000	0,055532
195,850000	0,053620
195,860000	0,053620
195,870000	0,052345
195,880000	0,052982
195,890000	0,052982
195,900000	0,056807
195,910000	0,052982
195,920000	0,053620
195,930000	0,054895
195,940000	0,054257
195,950000	0,054257
195,960000	0,052345
195,970000	0,051708
195,980000	0,051070
195,990000	0,053620
196,000000	0,051708
196,010000	0,052345
196,020000	0,051708
196,030000	0,053620
196,040000	0,053620
196,050000	0,052982
196,060000	0,045971
196,070000	0,054257
196,080000	0,052982
196,090000	0,051070
196,100000	0,051070
196,110000	0,052345
196,120000	0,054257
196,130000	0,053620
196,140000	0,052345
196,150000	0,053620
196,160000	0,052982
196,170000	0,052982
196,180000	0,051708
196,190000	0,052982
196,200000	0,051708
196,210000	0,052345
196,220000	0,048521
196,230000	0,052982
196,240000	0,053620
196,250000	0,052982
196,260000	0,050433
196,270000	0,051070
196,280000	0,052345
196,290000	0,054257
196,300000	0,051070
196,310000	0,054895
196,320000	0,053620
196,330000	0,051708
196,340000	0,051070
196,350000	0,051070
196,360000	0,052345
196,370000	0,053620
196,380000	0,051708
196,390000	0,052982
196,400000	0,051070
196,410000	0,053620
196,420000	0,052982
196,430000	0,052982
196,440000	0,052345
196,450000	0,050433
196,460000	0,050433
196,470000	0,052345
196,480000	0,053620
196,490000	0,054257
196,500000	0,053620
196,510000	0,051708
196,520000	0,052345
196,530000	0,051070
196,540000	0,054257
196,550000	0,051070
196,560000	0,053620
196,570000	0,051708
196,580000	0,052982
196,590000	0,052345
196,600000	0,049158
196,610000	0,051070
196,620000	0,052982
196,630000	0,051708
196,640000	0,050433
196,650000	0,051708
196,660000	0,050433
196,670000	0,051070
196,680000	0,052982
196,690000	0,049158
196,700000	0,055532
196,710000	0,051070
196,720000	0,052982
196,730000	0,052345
196,740000	0,052982
196,750000	0,051070
196,760000	0,052982
196,770000	0,053620
196,780000	0,051070
196,790000	0,050433
196,800000	0,052982
196,810000	0,053620
196,820000	0,051708
196,830000	0,053620
196,840000	0,052345
196,850000	0,051070
196,860000	0,052345
196,870000	0,050433
196,880000	0,052982
196,890000	0,053620
196,900000	0,052345
196,910000	0,052982
196,920000	0,052982
196,930000	0,054895
196,940000	0,052982
196,950000	0,054895
196,960000	0,054895
196,970000	0,050433
196,980000	0,052345
196,990000	0,052982
197,000000	0,052982
197,010000	0,051708
197,020000	0,051708
197,030000	0,054257
197,040000	0,052345
197,050000	0,052345
197,060000	0,051070
197,070000	0,056169
197,080000	0,053620
197,090000	0,052982
197,100000	0,052345
197,110000	0,055532
197,120000	0,054257
197,130000	0,052982
197,140000	0,052982
197,150000	0,052345
197,160000	0,054257
197,170000	0,054895
197,180000	0,052982
197,190000	0,052345
197,200000	0,053620
197,210000	0,052345
197,220000	0,046609
197,230000	0,052982
197,240000	0,052982
197,250000	0,053620
197,260000	0,055532
197,270000	0,053620
197,280000	0,053620
197,290000	0,053620
197,300000	0,054895
197,310000	0,052982
197,320000	0,051708
197,330000	0,051070
197,340000	0,055532
197,350000	0,052982
197,360000	0,056807
197,370000	0,053620
197,380000	0,050433
197,390000	0,054257
197,400000	0,052982
197,410000	0,052982
197,420000	0,051708
197,430000	0,052345
197,440000	0,052982
197,450000	0,053620
197,460000	0,055532
197,470000	0,055532
197,480000	0,054895
197,490000	0,053620
197,500000	0,054895
197,510000	0,056169
197,520000	0,053620
197,530000	0,056169
197,540000	0,052982
197,550000	0,056169
197,560000	0,053620
197,570000	0,056169
197,580000	0,055532
197,590000	0,054257
197,600000	0,054895
197,610000	0,054257
197,620000	0,052982
197,630000	0,055532
197,640000	0,054895
197,650000	0,056169
197,660000	0,057444
197,670000	0,057444
197,680000	0,056169
197,690000	0,057444
197,700000	0,058719
197,710000	0,056169
197,720000	0,055532
197,730000	0,059356
197,740000	0,058719
197,750000	0,056807
197,760000	0,057444
197,770000	0,057444
197,780000	0,056169
197,790000	0,057444
197,800000	0,056169
197,810000	0,057444
197,820000	0,056807
197,830000	0,056807
197,840000	0,056807
197,850000	0,057444
197,860000	0,049796
197,870000	0,056169
197,880000	0,058081
197,890000	0,058719
197,900000	0,057444
197,910000	0,058719
197,920000	0,059994
197,930000	0,058081
197,940000	0,057444
197,950000	0,058081
197,960000	0,059994
197,970000	0,060631
197,980000	0,057444
197,990000	0,061268
198,000000	0,059994
198,010000	0,059356
198,020000	0,061268
198,030000	0,061268
198,040000	0,058719
198,050000	0,059994
198,060000	0,059994
198,070000	0,060631
198,080000	0,060631
198,090000	0,063180
198,100000	0,059356
198,110000	0,060631
198,120000	0,060631
198,130000	0,062543
198,140000	0,060631
198,150000	0,060631
198,160000	0,061268
198,170000	0,059356
198,180000	0,062543
198,190000	0,059994
198,200000	0,064455
198,210000	0,061906
198,220000	0,062543
198,230000	0,063180
198,240000	0,061906
198,250000	0,063180
198,260000	0,063818
198,270000	0,062543
198,280000	0,065730
198,290000	0,063180
198,300000	0,063180
198,310000	0,063180
198,320000	0,064455
198,330000	0,065092
198,340000	0,065092
198,350000	0,065092
198,360000	0,062543
198,370000	0,065730
198,380000	0,062543
198,390000	0,063180
198,400000	0,065092
198,410000	0,068917
198,420000	0,064455
198,430000	0,065730
198,440000	0,065730
198,450000	0,066367
198,460000	0,065092
198,470000	0,065730
198,480000	0,068917
198,490000	0,067005
198,500000	0,066367
198,510000	0,067642
198,520000	0,067005
198,530000	0,066367
198,540000	0,066367
198,550000	0,067005
198,560000	0,067005
198,570000	0,069554
198,580000	0,067642
198,590000	0,071466
198,600000	0,071466
198,610000	0,068917
198,620000	0,068279
198,630000	0,070191
198,640000	0,068917
198,650000	0,070829
198,660000	0,071466
198,670000	0,070829
198,680000	0,070191
198,690000	0,072103
198,700000	0,070191
198,710000	0,072103
198,720000	0,074016
198,730000	0,071466
198,740000	0,072103
198,750000	0,071466
198,760000	0,073378
198,770000	0,076565
198,780000	0,073378
198,790000	0,074016
198,800000	0,072741
198,810000	0,074653
198,820000	0,073378
198,830000	0,074653
198,840000	0,076565
198,850000	0,075290
198,860000	0,076565
198,870000	0,076565
198,880000	0,076565
198,890000	0,076565
198,900000	0,074653
198,910000	0,079752
198,920000	0,077840
198,930000	0,077202
198,940000	0,075290
198,950000	0,079114
198,960000	0,079114
198,970000	0,079114
198,980000	0,077840
198,990000	0,081027
199,000000	0,080389
199,010000	0,081027
199,020000	0,078477
199,030000	0,082301
199,040000	0,079114
199,050000	0,080389
199,060000	0,079752
199,070000	0,083576
199,080000	0,082939
199,090000	0,078477
199,100000	0,082939
199,110000	0,081664
199,120000	0,084851
199,130000	0,085488
199,140000	0,082301
199,150000	0,086126
199,160000	0,084851
199,170000	0,082301
199,180000	0,086126
199,190000	0,086126
199,200000	0,089312
199,210000	0,087400
199,220000	0,087400
199,230000	0,086763
199,240000	0,090587
199,250000	0,086763
199,260000	0,091224
199,270000	0,085488
199,280000	0,089950
199,290000	0,090587
199,300000	0,091862
199,310000	0,091862
199,320000	0,093774
199,330000	0,090587
199,340000	0,093137
199,350000	0,089950
199,360000	0,093137
199,370000	0,093774
199,380000	0,093774
199,390000	0,096323
199,400000	0,095686
199,410000	0,099510
199,420000	0,092499
199,430000	0,093774
199,440000	0,096323
199,450000	0,095686
199,460000	0,094411
199,470000	0,095049
199,480000	0,101422
199,490000	0,098235
199,500000	0,099510
199,510000	0,097598
199,520000	0,097598
199,530000	0,097598
199,540000	0,098235
199,550000	0,099510
199,560000	0,103972
199,570000	0,102060
199,580000	0,104609
199,590000	0,099510
199,600000	0,105246
199,610000	0,105246
199,620000	0,103972
199,630000	0,102697
199,640000	0,105884
199,650000	0,103972
199,660000	0,101422
199,670000	0,105246
199,680000	0,106521
199,690000	0,104609
199,700000	0,107796
199,710000	0,110983
199,720000	0,109708
199,730000	0,107159
199,740000	0,111620
199,750000	0,109708
199,760000	0,111620
199,770000	0,112895
199,780000	0,109071
199,790000	0,112258
199,800000	0,116719
199,810000	0,110983
199,820000	0,116082
199,830000	0,116082
199,840000	0,110345
199,850000	0,117356
199,860000	0,116719
199,870000	0,114807
199,880000	0,114170
199,890000	0,121818
199,900000	0,116082
199,910000	0,117356
199,920000	0,121818
199,930000	0,119269
199,940000	0,116719
199,950000	0,126917
199,960000	0,116082
199,970000	0,121818
199,980000	0,122455
199,990000	0,121181
200,000000	0,119906
200,010000	0,128829
200,020000	0,113532
200,030000	0,122455
200,040000	0,121818
200,050000	0,121181
200,060000	0,122455
200,070000	0,125005
200,080000	0,124367
200,090000	0,126280
200,100000	0,121818
200,110000	0,132016
200,120000	0,123730
200,130000	0,125005
200,140000	0,116719
200,150000	0,127554
200,160000	0,123730
200,170000	0,117356
200,180000	0,105884
200,190000	0,128829
200,200000	0,134565
200,210000	0,128829
200,220000	0,126280
200,230000	0,130104
200,240000	0,109708
200,250000	0,127554
200,260000	0,130741
200,270000	0,122455
200,280000	0,133928
200,290000	0,128192
200,300000	0,148587
200,310000	0,132653
200,320000	0,132653
200,330000	0,134565
200,340000	0,131379
200,350000	0,132016
200,360000	0,128829
200,370000	0,129466
200,380000	0,135203
200,390000	0,132653
200,400000	0,131379
200,410000	0,134565
200,420000	0,130104
200,430000	0,134565
200,440000	0,132653
200,450000	0,135203
200,460000	0,136477
200,470000	0,131379
200,480000	0,135203
200,490000	0,128829
200,500000	0,136477
200,510000	0,137752
200,520000	0,131379
200,530000	0,134565
200,540000	0,135840
200,550000	0,137115
200,560000	0,133291
200,570000	0,132653
200,580000	0,133291
200,590000	0,137115
200,600000	0,132016
200,610000	0,133291
200,620000	0,132653
200,630000	0,137752
200,640000	0,132016
200,650000	0,133928
200,660000	0,137115
200,670000	0,137752
200,680000	0,144126
200,690000	0,131379
200,700000	0,134565
200,710000	0,144763
200,720000	0,137115
200,730000	0,127554
200,740000	0,136477
200,750000	0,139664
200,760000	0,124367
200,770000	0,135840
200,780000	0,136477
200,790000	0,140302
200,800000	0,146675
200,810000	0,132016
200,820000	0,144763
200,830000	0,114170
200,840000	0,133928
200,850000	0,128192
200,860000	0,119269
200,870000	0,132653
200,880000	0,137752
200,890000	0,120543
200,900000	0,137115
200,910000	0,137115
200,920000	0,123093
200,930000	0,135840
200,940000	0,134565
200,950000	0,145401
200,960000	0,131379
200,970000	0,132653
200,980000	0,143488
200,990000	0,165796
201,000000	0,139027
201,010000	0,123093
201,020000	0,135203
201,030000	0,136477
201,040000	0,138390
201,050000	0,159423
201,060000	0,121818
201,070000	0,128829
201,080000	0,146675
201,090000	0,132016
201,100000	0,131379
201,110000	0,156873
201,120000	0,137752
201,130000	0,125642
201,140000	0,133291
201,150000	0,126917
201,160000	0,130741
201,170000	0,123093
201,180000	0,108433
201,190000	0,127554
201,200000	0,114170
201,210000	0,125005
201,220000	0,108433
201,230000	0,128829
201,240000	0,125642
201,250000	0,125642
201,260000	0,133928
201,270000	0,127554
201,280000	0,133291
201,290000	0,129466
201,300000	0,126280
201,310000	0,126280
201,320000	0,125005
201,330000	0,123093
201,340000	0,123093
201,350000	0,124367
201,360000	0,118631
201,370000	0,121181
201,380000	0,117356
201,390000	0,123093
201,400000	0,113532
201,410000	0,117994
201,420000	0,115444
201,430000	0,112258
201,440000	0,112895
201,450000	0,121181
201,460000	0,117994
201,470000	0,111620
201,480000	0,110983
201,490000	0,112258
201,500000	0,114807
201,510000	0,113532
201,520000	0,117356
201,530000	0,109708
201,540000	0,114807
201,550000	0,095686
201,560000	0,099510
201,570000	0,109708
201,580000	0,116082
201,590000	0,104609
201,600000	0,101422
201,610000	0,117356
201,620000	0,107796
201,630000	0,110983
201,640000	0,098235
201,650000	0,098235
201,660000	0,104609
201,670000	0,107159
201,680000	0,105884
201,690000	0,105884
201,700000	0,098235
201,710000	0,104609
201,720000	0,102060
201,730000	0,098235
201,740000	0,114170
201,750000	0,100785
201,760000	0,096961
201,770000	0,082301
201,780000	0,091862
201,790000	0,099510
201,800000	0,082301
201,810000	0,087400
201,820000	0,098873
201,830000	0,091224
201,840000	0,105884
201,850000	0,093137
201,860000	0,095049
201,870000	0,113532
201,880000	0,087400
201,890000	0,095049
201,900000	0,063180
201,910000	0,101422
201,920000	0,096961
201,930000	0,093774
201,940000	0,051708
201,950000	0,091862
201,960000	0,095049
201,970000	0,070191
201,980000	0,093137
201,990000	0,090587
202,000000	0,102697
202,010000	0,090587
202,020000	0,086763
202,030000	0,091224
202,040000	0,086763
202,050000	0,084851
202,060000	0,087400
202,070000	0,087400
202,080000	0,086763
202,090000	0,088038
202,100000	0,084851
202,110000	0,087400
202,120000	0,086126
202,130000	0,084851
202,140000	0,086763
202,150000	0,084851
202,160000	0,082301
202,170000	0,086126
202,180000	0,084213
202,190000	0,086763
202,200000	0,084213
202,210000	0,084851
202,220000	0,083576
202,230000	0,079114
202,240000	0,079114
202,250000	0,084213
202,260000	0,079114
202,270000	0,082939
202,280000	0,080389
202,290000	0,077202
202,300000	0,082939
202,310000	0,076565
202,320000	0,073378
202,330000	0,076565
202,340000	0,076565
202,350000	0,086763
202,360000	0,075928
202,370000	0,077202
202,380000	0,085488
202,390000	0,078477
202,400000	0,076565
202,410000	0,081664
202,420000	0,074653
202,430000	0,084851
202,440000	0,075290
202,450000	0,075928
202,460000	0,084213
202,470000	0,081027
202,480000	0,070191
202,490000	0,082301
202,500000	0,077202
202,510000	0,079114
202,520000	0,072103
202,530000	0,071466
202,540000	0,071466
202,550000	0,086126
202,560000	0,071466
202,570000	0,070191
202,580000	0,061906
202,590000	0,075290
202,600000	0,075928
202,610000	0,059356
202,620000	0,074653
202,630000	0,075928
202,640000	0,071466
202,650000	0,088675
202,660000	0,071466
202,670000	0,089950
202,680000	0,080389
202,690000	0,072741
202,700000	0,078477
202,710000	0,087400
202,720000	0,070191
202,730000	0,070829
202,740000	0,056807
202,750000	0,068279
202,760000	0,072103
202,770000	0,061906
202,780000	0,096961
202,790000	0,067005
202,800000	0,069554
202,810000	0,095049
202,820000	0,071466
202,830000	0,070829
202,840000	0,072103
202,850000	0,071466
202,860000	0,069554
202,870000	0,063180
202,880000	0,071466
202,890000	0,063818
202,900000	0,070191
202,910000	0,053620
202,920000	0,069554
202,930000	0,063180
202,940000	0,067005
202,950000	0,067005
202,960000	0,070191
202,970000	0,068917
202,980000	0,067005
202,990000	0,068279
203,000000	0,067642
203,010000	0,070191
203,020000	0,065730
203,030000	0,065092
203,040000	0,065730
203,050000	0,066367
203,060000	0,067005
203,070000	0,065730
203,080000	0,070829
203,090000	0,063180
203,100000	0,070829
203,110000	0,067642
203,120000	0,072103
203,130000	0,068917
203,140000	0,070191
203,150000	0,065730
203,160000	0,065730
203,170000	0,063818
203,180000	0,060631
203,190000	0,066367
203,200000	0,063818
203,210000	0,061268
203,220000	0,067642
203,230000	0,062543
203,240000	0,069554
203,250000	0,068917
203,260000	0,070191
203,270000	0,063180
203,280000	0,054257
203,290000	0,065092
203,300000	0,061906
203,310000	0,055532
203,320000	0,060631
203,330000	0,058081
203,340000	0,058081
203,350000	0,065730
203,360000	0,072741
203,370000	0,061268
203,380000	0,061906
203,390000	0,056807
203,400000	0,067005
203,410000	0,067642
203,420000	0,070829
203,430000	0,072103
203,440000	0,066367
203,450000	0,052982
203,460000	0,065730
203,470000	0,060631
203,480000	0,063180
203,490000	0,063818
203,500000	0,060631
203,510000	0,058719
203,520000	0,061268
203,530000	0,063818
203,540000	0,061268
203,550000	0,058719
203,560000	0,053620
203,570000	0,060631
203,580000	0,058719
203,590000	0,071466
203,600000	0,053620
203,610000	0,058719
203,620000	0,073378
203,630000	0,062543
203,640000	0,059994
203,650000	0,057444
203,660000	0,044697
203,670000	0,059994
203,680000	0,063818
203,690000	0,033224
203,700000	0,063180
203,710000	0,056807
203,720000	0,058081
203,730000	0,059356
203,740000	0,059994
203,750000	0,061268
203,760000	0,078477
203,770000	0,058081
203,780000	0,059994
203,790000	0,062543
203,800000	0,058719
203,810000	0,059994
203,820000	0,056807
203,830000	0,059356
203,840000	0,061268
203,850000	0,058081
203,860000	0,056169
203,870000	0,056807
203,880000	0,059994
203,890000	0,061268
203,900000	0,058081
203,910000	0,058719
203,920000	0,056807
203,930000	0,061268
203,940000	0,059994
203,950000	0,058081
203,960000	0,058719
203,970000	0,059356
203,980000	0,061268
203,990000	0,055532
204,000000	0,058081
204,010000	0,059994
204,020000	0,061268
204,030000	0,055532
204,040000	0,056169
204,050000	0,058719
204,060000	0,056169
204,070000	0,054895
204,080000	0,057444
204,090000	0,056169
204,100000	0,061268
204,110000	0,059994
204,120000	0,053620
204,130000	0,060631
204,140000	0,056169
204,150000	0,059994
204,160000	0,059994
204,170000	0,056169
204,180000	0,057444
204,190000	0,056169
204,200000	0,052982
204,210000	0,056807
204,220000	0,056807
204,230000	0,056807
204,240000	0,052982
204,250000	0,052345
204,260000	0,056807
204,270000	0,061268
204,280000	0,053620
204,290000	0,055532
204,300000	0,059356
204,310000	0,055532
204,320000	0,056807
204,330000	0,046609
204,340000	0,065730
204,350000	0,057444
204,360000	0,050433
204,370000	0,062543
204,380000	0,056169
204,390000	0,064455
204,400000	0,068279
204,410000	0,055532
204,420000	0,056169
204,430000	0,067005
204,440000	0,060631
204,450000	0,055532
204,460000	0,045971
204,470000	0,051708
204,480000	0,058081
204,490000	0,067642
204,500000	0,071466
204,510000	0,055532
204,520000	0,055532
204,530000	0,058081
204,540000	0,056169
204,550000	0,055532
204,560000	0,077840
204,570000	0,054257
204,580000	0,053620
204,590000	0,058081
204,600000	0,057444
204,610000	0,056169
204,620000	0,056169
204,630000	0,052982
204,640000	0,054257
204,650000	0,056169
204,660000	0,056169
204,670000	0,056169
204,680000	0,054257
204,690000	0,059356
204,700000	0,057444
204,710000	0,054895
204,720000	0,059994
204,730000	0,056807
204,740000	0,055532
204,750000	0,056169
204,760000	0,054257
204,770000	0,058719
204,780000	0,056169
204,790000	0,053620
204,800000	0,056169
204,810000	0,053620
204,820000	0,058719
204,830000	0,054895
204,840000	0,054895
204,850000	0,060631
204,860000	0,052345
204,870000	0,053620
204,880000	0,058081
204,890000	0,051070
204,900000	0,058081
204,910000	0,056807
204,920000	0,049796
204,930000	0,051708
204,940000	0,059994
204,950000	0,055532
204,960000	0,053620
204,970000	0,046609
204,980000	0,058719
204,990000	0,058081
205,000000	0,051070
205,010000	0,056807
205,020000	0,056169
205,030000	0,055532
205,040000	0,057444
205,050000	0,051070
205,060000	0,061268
205,070000	0,061268
205,080000	0,055532
205,090000	0,063180
205,100000	0,050433
205,110000	0,058081
205,120000	0,058081
205,130000	0,056169
205,140000	0,054257
205,150000	0,055532
205,160000	0,056169
205,170000	0,058081
205,180000	0,057444
205,190000	0,068917
205,200000	0,058719
205,210000	0,052345
205,220000	0,065092
205,230000	0,040873
205,240000	0,054257
205,250000	0,041510
205,260000	0,050433
205,270000	0,059356
205,280000	0,051708
205,290000	0,052345
205,300000	0,058081
205,310000	0,054895
205,320000	0,066367
205,330000	0,054895
205,340000	0,054257
205,350000	0,060631
205,360000	0,056807
205,370000	0,052345
205,380000	0,058719
205,390000	0,035774
205,400000	0,056807
205,410000	0,058719
205,420000	0,042785
205,430000	0,060631
205,440000	0,055532
205,450000	0,055532
205,460000	0,054895
205,470000	0,054895
205,480000	0,071466
205,490000	0,054895
205,500000	0,055532
205,510000	0,054895
205,520000	0,047246
205,530000	0,054895
205,540000	0,052982
205,550000	0,052982
205,560000	0,054257
205,570000	0,054895
205,580000	0,052345
205,590000	0,051708
205,600000	0,051708
205,610000	0,053620
205,620000	0,054895
205,630000	0,054257
205,640000	0,048521
205,650000	0,055532
205,660000	0,051070
205,670000	0,056169
205,680000	0,056169
205,690000	0,054895
205,700000	0,059356
205,710000	0,051070
205,720000	0,056169
205,730000	0,052982
205,740000	0,051708
205,750000	0,053620
205,760000	0,050433
205,770000	0,059356
205,780000	0,058081
205,790000	0,052982
205,800000	0,060631
205,810000	0,052345
205,820000	0,064455
205,830000	0,050433
205,840000	0,051070
205,850000	0,055532
205,860000	0,054257
205,870000	0,056169
205,880000	0,049796
205,890000	0,052982
205,900000	0,060631
205,910000	0,048521
205,920000	0,051070
205,930000	0,057444
205,940000	0,050433
205,950000	0,052345
205,960000	0,049158
205,970000	0,050433
205,980000	0,056807
205,990000	0,051070
206,000000	0,054257
206,010000	0,054895
206,020000	0,052345
206,030000	0,051070
206,040000	0,048521
206,050000	0,052982
206,060000	0,053620
206,070000	0,047884
206,080000	0,050433
206,090000	0,051070
206,100000	0,041510
206,110000	0,054257
206,120000	0,052982
206,130000	0,056807
206,140000	0,054895
206,150000	0,052982
206,160000	0,054895
206,170000	0,052982
206,180000	0,052982
206,190000	0,052982
206,200000	0,039598
206,210000	0,051708
206,220000	0,052345
206,230000	0,061268
206,240000	0,051070
206,250000	0,051708
206,260000	0,076565
206,270000	0,052345
206,280000	0,049796
206,290000	0,038960
206,300000	0,049796
206,310000	0,052345
206,320000	0,052982
206,330000	0,040235
206,340000	0,050433
206,350000	0,049796
206,360000	0,038960
206,370000	0,052982
206,380000	0,051708
206,390000	0,052982
206,400000	0,053620
206,410000	0,049796
206,420000	0,052345
206,430000	0,052982
206,440000	0,049796
206,450000	0,051070
206,460000	0,049796
206,470000	0,051708
206,480000	0,052345
206,490000	0,052345
206,500000	0,051070
206,510000	0,052345
206,520000	0,053620
206,530000	0,053620
206,540000	0,052345
206,550000	0,053620
206,560000	0,051070
206,570000	0,052982
206,580000	0,051070
206,590000	0,054257
206,600000	0,057444
206,610000	0,046609
206,620000	0,051708
206,630000	0,050433
206,640000	0,050433
206,650000	0,049796
206,660000	0,051070
206,670000	0,052345
206,680000	0,056807
206,690000	0,049158
206,700000	0,054257
206,710000	0,050433
206,720000	0,051708
206,730000	0,049796
206,740000	0,049158
206,750000	0,056169
206,760000	0,052345
206,770000	0,045334
206,780000	0,058719
206,790000	0,051708
206,800000	0,053620
206,810000	0,048521
206,820000	0,047884
206,830000	0,053620
206,840000	0,050433
206,850000	0,056169
206,860000	0,053620
206,870000	0,058081
206,880000	0,060631
206,890000	0,053620
206,900000	0,047884
206,910000	0,052345
206,920000	0,054257
206,930000	0,054257
206,940000	0,052982
206,950000	0,051070
206,960000	0,048521
206,970000	0,045334
206,980000	0,049796
206,990000	0,051708
207,000000	0,058081
207,010000	0,044697
207,020000	0,056169
207,030000	0,066367
207,040000	0,057444
207,050000	0,051708
207,060000	0,048521
207,070000	0,062543
207,080000	0,048521
207,090000	0,052982
207,100000	0,037048
207,110000	0,053620
207,120000	0,055532
207,130000	0,052982
207,140000	0,058719
207,150000	0,051708
207,160000	0,058719
207,170000	0,048521
207,180000	0,053620
207,190000	0,063180
207,200000	0,051708
207,210000	0,052982
207,220000	0,052982
207,230000	0,051708
207,240000	0,053620
207,250000	0,050433
207,260000	0,052345
207,270000	0,052982
207,280000	0,055532
207,290000	0,051070
207,300000	0,052345
207,310000	0,054895
207,320000	0,053620
207,330000	0,048521
207,340000	0,054257
207,350000	0,049796
207,360000	0,056169
207,370000	0,054257
207,380000	0,051708
207,390000	0,053620
207,400000	0,056169
207,410000	0,055532
207,420000	0,055532
207,430000	0,054257
207,440000	0,057444
207,450000	0,051070
207,460000	0,055532
207,470000	0,054895
207,480000	0,056169
207,490000	0,056807
207,500000	0,051070
207,510000	0,050433
207,520000	0,057444
207,530000	0,056807
207,540000	0,055532
207,550000	0,056169
207,560000	0,058719
207,570000	0,056169
207,580000	0,050433
207,590000	0,055532
207,600000	0,057444
207,610000	0,054895
207,620000	0,055532
207,630000	0,056807
207,640000	0,055532
207,650000	0,056169
207,660000	0,056807
207,670000	0,056807
207,680000	0,056169
207,690000	0,054895
207,700000	0,051708
207,710000	0,056169
207,720000	0,055532
207,730000	0,055532
207,740000	0,057444
207,750000	0,056807
207,760000	0,055532
207,770000	0,056169
207,780000	0,055532
207,790000	0,055532
207,800000	0,055532
207,810000	0,055532
207,820000	0,057444
207,830000	0,056169
207,840000	0,058081
207,850000	0,058081
207,860000	0,050433
207,870000	0,056169
207,880000	0,058719
207,890000	0,059994
207,900000	0,056807
207,910000	0,055532
207,920000	0,062543
207,930000	0,058719
207,940000	0,057444
207,950000	0,070829
207,960000	0,059994
207,970000	0,058081
207,980000	0,056807
207,990000	0,059356
208,000000	0,057444
208,010000	0,058719
208,020000	0,058081
208,030000	0,059356
208,040000	0,062543
208,050000	0,059994
208,060000	0,060631
208,070000	0,062543
208,080000	0,060631
208,090000	0,061268
208,100000	0,062543
208,110000	0,059994
208,120000	0,059994
208,130000	0,060631
208,140000	0,062543
208,150000	0,061268
208,160000	0,061268
208,170000	0,061268
208,180000	0,062543
208,190000	0,058719
208,200000	0,063180
208,210000	0,061268
208,220000	0,063180
208,230000	0,063180
208,240000	0,063818
208,250000	0,066367
208,260000	0,059356
208,270000	0,063180
208,280000	0,063180
208,290000	0,063180
208,300000	0,061268
208,310000	0,061268
208,320000	0,062543
208,330000	0,065092
208,340000	0,062543
208,350000	0,065730
208,360000	0,063818
208,370000	0,063180
208,380000	0,065092
208,390000	0,065092
208,400000	0,064455
208,410000	0,063818
208,420000	0,064455
208,430000	0,065730
208,440000	0,067642
208,450000	0,066367
208,460000	0,067005
208,470000	0,065092
208,480000	0,066367
208,490000	0,067642
208,500000	0,068279
208,510000	0,065730
208,520000	0,068917
208,530000	0,068279
208,540000	0,067005
208,550000	0,067005
208,560000	0,068917
208,570000	0,071466
208,580000	0,067642
208,590000	0,067642
208,600000	0,068917
208,610000	0,068279
208,620000	0,072103
208,630000	0,070191
208,640000	0,070829
208,650000	0,068917
208,660000	0,071466
208,670000	0,070191
208,680000	0,070829
208,690000	0,071466
208,700000	0,072103
208,710000	0,070191
208,720000	0,071466
208,730000	0,071466
208,740000	0,072103
208,750000	0,075290
208,760000	0,070829
208,770000	0,070829
208,780000	0,073378
208,790000	0,072103
208,800000	0,073378
208,810000	0,072741
208,820000	0,072741
208,830000	0,072741
208,840000	0,072741
208,850000	0,076565
208,860000	0,074016
208,870000	0,075290
208,880000	0,074653
208,890000	0,075290
208,900000	0,076565
208,910000	0,077202
208,920000	0,077840
208,930000	0,078477
208,940000	0,077202
208,950000	0,077202
208,960000	0,076565
208,970000	0,077202
208,980000	0,079114
208,990000	0,081027
209,000000	0,079114
209,010000	0,080389
209,020000	0,079114
209,030000	0,077840
209,040000	0,079114
209,050000	0,079752
209,060000	0,082301
209,070000	0,080389
209,080000	0,082301
209,090000	0,083576
209,100000	0,081664
209,110000	0,083576
209,120000	0,082301
209,130000	0,083576
209,140000	0,084213
209,150000	0,084213
209,160000	0,085488
209,170000	0,083576
209,180000	0,084213
209,190000	0,087400
209,200000	0,086763
209,210000	0,086763
209,220000	0,087400
209,230000	0,087400
209,240000	0,089312
209,250000	0,089312
209,260000	0,089312
209,270000	0,089312
209,280000	0,089312
209,290000	0,090587
209,300000	0,089312
209,310000	0,089312
209,320000	0,091224
209,330000	0,089312
209,340000	0,091224
209,350000	0,089950
209,360000	0,091224
209,370000	0,091862
209,380000	0,091224
209,390000	0,091862
209,400000	0,093774
209,410000	0,091224
209,420000	0,095049
209,430000	0,093774
209,440000	0,095049
209,450000	0,095686
209,460000	0,096961
209,470000	0,094411
209,480000	0,096323
209,490000	0,096323
209,500000	0,102060
209,510000	0,101422
209,520000	0,098235
209,530000	0,098873
209,540000	0,100785
209,550000	0,101422
209,560000	0,103334
209,570000	0,103334
209,580000	0,106521
209,590000	0,103972
209,600000	0,102697
209,610000	0,105246
209,620000	0,102697
209,630000	0,106521
209,640000	0,105884
209,650000	0,106521
209,660000	0,105246
209,670000	0,107159
209,680000	0,105884
209,690000	0,109071
209,700000	0,108433
209,710000	0,106521
209,720000	0,108433
209,730000	0,109708
209,740000	0,109708
209,750000	0,109708
209,760000	0,112258
209,770000	0,112258
209,780000	0,111620
209,790000	0,112258
209,800000	0,112258
209,810000	0,112258
209,820000	0,112258
209,830000	0,114170
209,840000	0,112895
209,850000	0,113532
209,860000	0,114170
209,870000	0,112895
209,880000	0,117994
209,890000	0,114807
209,900000	0,116082
209,910000	0,114170
209,920000	0,118631
209,930000	0,117356
209,940000	0,118631
209,950000	0,119906
209,960000	0,118631
209,970000	0,120543
209,980000	0,119269
209,990000	0,117356
210,000000	0,119906
210,010000	0,119906
210,020000	0,119906
210,030000	0,118631
210,040000	0,121818
210,050000	0,123093
210,060000	0,121818
210,070000	0,122455
210,080000	0,124367
210,090000	0,123093
210,100000	0,123093
210,110000	0,124367
210,120000	0,125005
210,130000	0,126280
210,140000	0,122455
210,150000	0,127554
210,160000	0,126917
210,170000	0,127554
210,180000	0,126280
210,190000	0,124367
210,200000	0,131379
210,210000	0,128829
210,220000	0,125005
210,230000	0,124367
210,240000	0,126280
210,250000	0,128192
210,260000	0,130741
210,270000	0,125642
210,280000	0,129466
210,290000	0,127554
210,300000	0,131379
210,310000	0,130104
210,320000	0,130104
210,330000	0,131379
210,340000	0,131379
210,350000	0,128192
210,360000	0,130104
210,370000	0,132653
210,380000	0,132653
210,390000	0,132653
210,400000	0,133291
210,410000	0,127554
210,420000	0,132653
210,430000	0,133291
210,440000	0,130741
210,450000	0,132653
210,460000	0,130741
210,470000	0,132016
210,480000	0,133291
210,490000	0,130104
210,500000	0,135203
210,510000	0,130741
210,520000	0,130741
210,530000	0,135840
210,540000	0,132653
210,550000	0,132016
210,560000	0,136477
210,570000	0,131379
210,580000	0,134565
210,590000	0,135203
210,600000	0,133291
210,610000	0,136477
210,620000	0,133291
210,630000	0,135203
210,640000	0,134565
210,650000	0,135840
210,660000	0,134565
210,670000	0,137115
210,680000	0,133928
210,690000	0,137115
210,700000	0,136477
210,710000	0,134565
210,720000	0,136477
210,730000	0,136477
210,740000	0,135840
210,750000	0,139027
210,760000	0,135203
210,770000	0,137115
210,780000	0,134565
210,790000	0,134565
210,800000	0,137752
210,810000	0,138390
210,820000	0,140302
210,830000	0,138390
210,840000	0,140302
210,850000	0,136477
210,860000	0,138390
210,870000	0,137752
210,880000	0,135203
210,890000	0,137115
210,900000	0,139664
210,910000	0,137115
210,920000	0,135203
210,930000	0,137752
210,940000	0,137752
210,950000	0,137115
210,960000	0,137752
210,970000	0,135840
210,980000	0,138390
210,990000	0,139027
211,000000	0,136477
211,010000	0,138390
211,020000	0,137752
211,030000	0,137752
211,040000	0,139664
211,050000	0,137752
211,060000	0,137752
211,070000	0,137115
211,080000	0,139027
211,090000	0,137115
211,100000	0,140302
211,110000	0,137752
211,120000	0,138390
211,130000	0,140302
211,140000	0,137752
211,150000	0,141576
211,160000	0,139027
211,170000	0,138390
211,180000	0,138390
211,190000	0,137752
211,200000	0,139664
211,210000	0,139027
211,220000	0,141576
211,230000	0,137752
211,240000	0,139027
211,250000	0,139664
211,260000	0,137115
211,270000	0,140302
211,280000	0,138390
211,290000	0,137752
211,300000	0,140939
211,310000	0,134565
211,320000	0,140302
211,330000	0,140939
211,340000	0,137752
211,350000	0,137115
211,360000	0,139664
211,370000	0,138390
211,380000	0,140302
211,390000	0,139664
211,400000	0,140939
211,410000	0,138390
211,420000	0,139027
211,430000	0,139664
211,440000	0,139664
211,450000	0,140939
211,460000	0,139664
211,470000	0,140302
211,480000	0,139027
211,490000	0,139027
211,500000	0,140302
211,510000	0,140302
211,520000	0,139664
211,530000	0,141576
211,540000	0,140302
211,550000	0,141576
211,560000	0,140302
211,570000	0,141576
211,580000	0,139664
211,590000	0,139664
211,600000	0,138390
211,610000	0,139664
211,620000	0,140302
211,630000	0,142851
211,640000	0,138390
211,650000	0,137115
211,660000	0,140302
211,670000	0,137752
211,680000	0,142851
211,690000	0,139664
211,700000	0,140939
211,710000	0,140302
211,720000	0,139664
211,730000	0,137752
211,740000	0,141576
211,750000	0,140939
211,760000	0,139027
211,770000	0,139664
211,780000	0,140302
211,790000	0,139664
211,800000	0,141576
211,810000	0,140939
211,820000	0,141576
211,830000	0,137752
211,840000	0,141576
211,850000	0,142851
211,860000	0,142851
211,870000	0,138390
211,880000	0,138390
211,890000	0,140302
211,900000	0,141576
211,910000	0,141576
211,920000	0,138390
211,930000	0,140302
211,940000	0,140302
211,950000	0,140939
211,960000	0,137752
211,970000	0,143488
211,980000	0,139664
211,990000	0,141576
212,000000	0,137752
212,010000	0,139664
212,020000	0,141576
212,030000	0,137752
212,040000	0,140302
212,050000	0,142851
212,060000	0,140939
212,070000	0,139664
212,080000	0,142214
212,090000	0,139664
212,100000	0,140302
212,110000	0,138390
212,120000	0,142851
212,130000	0,140302
212,140000	0,140302
212,150000	0,139664
212,160000	0,139027
212,170000	0,141576
212,180000	0,142851
212,190000	0,142851
212,200000	0,142214
212,210000	0,140939
212,220000	0,144763
212,230000	0,139027
212,240000	0,140302
212,250000	0,142851
212,260000	0,142214
212,270000	0,142851
212,280000	0,141576
212,290000	0,139664
212,300000	0,139664
212,310000	0,140302
212,320000	0,138390
212,330000	0,142851
212,340000	0,140939
212,350000	0,141576
212,360000	0,139664
212,370000	0,140939
212,380000	0,139027
212,390000	0,144126
212,400000	0,144126
212,410000	0,141576
212,420000	0,142851
212,430000	0,142851
212,440000	0,142214
212,450000	0,142851
212,460000	0,144126
212,470000	0,143488
212,480000	0,143488
212,490000	0,143488
212,500000	0,141576
212,510000	0,141576
212,520000	0,144126
212,530000	0,141576
212,540000	0,144763
212,550000	0,144763
212,560000	0,145401
212,570000	0,141576
212,580000	0,140302
212,590000	0,143488
212,600000	0,145401
212,610000	0,144126
212,620000	0,142851
212,630000	0,140302
212,640000	0,145401
212,650000	0,139664
212,660000	0,142851
212,670000	0,142851
212,680000	0,145401
212,690000	0,142214
212,700000	0,143488
212,710000	0,142851
212,720000	0,143488
212,730000	0,144126
212,740000	0,144763
212,750000	0,140939
212,760000	0,144763
212,770000	0,142851
212,780000	0,147313
212,790000	0,143488
212,800000	0,147313
212,810000	0,144126
212,820000	0,146675
212,830000	0,140302
212,840000	0,144126
212,850000	0,142851
212,860000	0,146038
212,870000	0,147313
212,880000	0,144126
212,890000	0,140939
212,900000	0,146675
212,910000	0,142851
212,920000	0,143488
212,930000	0,143488
212,940000	0,146038
212,950000	0,148587
212,960000	0,147313
212,970000	0,143488
212,980000	0,143488
212,990000	0,144126
213,000000	0,144126
213,010000	0,143488
213,020000	0,147313
213,030000	0,142851
213,040000	0,145401
213,050000	0,146675
213,060000	0,143488
213,070000	0,146038
213,080000	0,147950
213,090000	0,145401
213,100000	0,143488
213,110000	0,140302
213,120000	0,147313
213,130000	0,142851
213,140000	0,147313
213,150000	0,141576
213,160000	0,144126
213,170000	0,141576
213,180000	0,149862
213,190000	0,143488
213,200000	0,149225
213,210000	0,146038
213,220000	0,145401
213,230000	0,146038
213,240000	0,147313
213,250000	0,140302
213,260000	0,146675
213,270000	0,143488
213,280000	0,146675
213,290000	0,144763
213,300000	0,149862
213,310000	0,143488
213,320000	0,145401
213,330000	0,144763
213,340000	0,146675
213,350000	0,144763
213,360000	0,147313
213,370000	0,144126
213,380000	0,145401
213,390000	0,144126
213,400000	0,147950
213,410000	0,144763
213,420000	0,149225
213,430000	0,142851
213,440000	0,143488
213,450000	0,144126
213,460000	0,146038
213,470000	0,145401
213,480000	0,146038
213,490000	0,144763
213,500000	0,145401
213,510000	0,146038
213,520000	0,146038
213,530000	0,145401
213,540000	0,143488
213,550000	0,146675
213,560000	0,144763
213,570000	0,147313
213,580000	0,144763
213,590000	0,148587
213,600000	0,145401
213,610000	0,145401
213,620000	0,147950
213,630000	0,147950
213,640000	0,143488
213,650000	0,147313
213,660000	0,146675
213,670000	0,147313
213,680000	0,146038
213,690000	0,147313
213,700000	0,144763
213,710000	0,147313
213,720000	0,144763
213,730000	0,144763
213,740000	0,146038
213,750000	0,144126
213,760000	0,147313
213,770000	0,142214
213,780000	0,148587
213,790000	0,142214
213,800000	0,146675
213,810000	0,142214
213,820000	0,146675
213,830000	0,144763
213,840000	0,147313
213,850000	0,145401
213,860000	0,146675
213,870000	0,147313
213,880000	0,146675
213,890000	0,144763
213,900000	0,145401
213,910000	0,142851
213,920000	0,142851
213,930000	0,144763
213,940000	0,145401
213,950000	0,147313
213,960000	0,143488
213,970000	0,144126
213,980000	0,144126
213,990000	0,143488
214,000000	0,146038
214,010000	0,144763
214,020000	0,146675
214,030000	0,144763
214,040000	0,147313
214,050000	0,147950
214,060000	0,145401
214,070000	0,144126
214,080000	0,142851
214,090000	0,144763
214,100000	0,146675
214,110000	0,142851
214,120000	0,146675
214,130000	0,146675
214,140000	0,146038
214,150000	0,142214
214,160000	0,149862
214,170000	0,144763
214,180000	0,146038
214,190000	0,144126
214,200000	0,147950
214,210000	0,144126
214,220000	0,148587
214,230000	0,143488
214,240000	0,147313
214,250000	0,147950
214,260000	0,145401
214,270000	0,142851
214,280000	0,145401
214,290000	0,150499
214,300000	0,145401
214,310000	0,143488
214,320000	0,146675
214,330000	0,147950
214,340000	0,147950
214,350000	0,148587
214,360000	0,146675
214,370000	0,145401
214,380000	0,146675
214,390000	0,144126
214,400000	0,144763
214,410000	0,146038
214,420000	0,142851
214,430000	0,147950
214,440000	0,144763
214,450000	0,145401
214,460000	0,146038
214,470000	0,147313
214,480000	0,147313
214,490000	0,147313
214,500000	0,144763
214,510000	0,151137
214,520000	0,146675
214,530000	0,146038
214,540000	0,145401
214,550000	0,146038
214,560000	0,145401
214,570000	0,147950
214,580000	0,149225
214,590000	0,149225
214,600000	0,146675
214,610000	0,146675
214,620000	0,146675
214,630000	0,147950
214,640000	0,147313
214,650000	0,147313
214,660000	0,146675
214,670000	0,146675
214,680000	0,149225
214,690000	0,147950
214,700000	0,148587
214,710000	0,147313
214,720000	0,145401
214,730000	0,146675
214,740000	0,147313
214,750000	0,148587
214,760000	0,147313
214,770000	0,146675
214,780000	0,145401
214,790000	0,147950
214,800000	0,147950
214,810000	0,147313
214,820000	0,150499
214,830000	0,142214
214,840000	0,146675
214,850000	0,149225
214,860000	0,149862
214,870000	0,150499
214,880000	0,148587
214,890000	0,147313
214,900000	0,147313
214,910000	0,147313
214,920000	0,148587
214,930000	0,147313
214,940000	0,147313
214,950000	0,147313
214,960000	0,150499
214,970000	0,147950
214,980000	0,150499
214,990000	0,149225
215,000000	0,149225
215,010000	0,147950
215,020000	0,147313
215,030000	0,146038
215,040000	0,147313
215,050000	0,146038
215,060000	0,151774
215,070000	0,146038
215,080000	0,150499
215,090000	0,147313
215,100000	0,150499
215,110000	0,146675
215,120000	0,149862
215,130000	0,144763
215,140000	0,149862
215,150000	0,146038
215,160000	0,149862
215,170000	0,148587
215,180000	0,148587
215,190000	0,146675
215,200000	0,150499
215,210000	0,147313
215,220000	0,148587
215,230000	0,149862
215,240000	0,147950
215,250000	0,146675
215,260000	0,146675
215,270000	0,149862
215,280000	0,148587
215,290000	0,145401
215,300000	0,147950
215,310000	0,149862
215,320000	0,147950
215,330000	0,150499
215,340000	0,147950
215,350000	0,149862
215,360000	0,148587
215,370000	0,150499
215,380000	0,147950
215,390000	0,145401
215,400000	0,146038
215,410000	0,146675
215,420000	0,149225
215,430000	0,147313
215,440000	0,147313
215,450000	0,150499
215,460000	0,148587
215,470000	0,148587
215,480000	0,149862
215,490000	0,149225
215,500000	0,146675
215,510000	0,150499
215,520000	0,149225
215,530000	0,149862
215,540000	0,150499
215,550000	0,146675
215,560000	0,148587
215,570000	0,152412
215,580000	0,150499
215,590000	0,148587
215,600000	0,150499
215,610000	0,147950
215,620000	0,145401
215,630000	0,147313
215,640000	0,147950
215,650000	0,147313
215,660000	0,147950
215,670000	0,146675
215,680000	0,148587
215,690000	0,147950
215,700000	0,148587
215,710000	0,149225
215,720000	0,148587
215,730000	0,147950
215,740000	0,145401
215,750000	0,147950
215,760000	0,145401
215,770000	0,147950
215,780000	0,149225
215,790000	0,147950
215,800000	0,148587
215,810000	0,148587
215,820000	0,149225
215,830000	0,146675
215,840000	0,146675
215,850000	0,150499
215,860000	0,146675
215,870000	0,146038
215,880000	0,149225
215,890000	0,147313
215,900000	0,147950
215,910000	0,146675
215,920000	0,147950
215,930000	0,149862
215,940000	0,147950
215,950000	0,149225
215,960000	0,150499
215,970000	0,147950
215,980000	0,147950
215,990000	0,146038
216,000000	0,149225
216,010000	0,149225
216,020000	0,151137
216,030000	0,147950
216,040000	0,146675
216,050000	0,147313
216,060000	0,149862
216,070000	0,149225
216,080000	0,152412
216,090000	0,147313
216,100000	0,147313
216,110000	0,147313
216,120000	0,147313
216,130000	0,146675
216,140000	0,148587
216,150000	0,149862
216,160000	0,147950
216,170000	0,146675
216,180000	0,146675
216,190000	0,146675
216,200000	0,148587
216,210000	0,149225
216,220000	0,147950
216,230000	0,148587
216,240000	0,146675
216,250000	0,151137
216,260000	0,148587
216,270000	0,147313
216,280000	0,149862
216,290000	0,148587
216,300000	0,147950
216,310000	0,146675
216,320000	0,148587
216,330000	0,144763
216,340000	0,147313
216,350000	0,149862
216,360000	0,151137
216,370000	0,145401
216,380000	0,149225
216,390000	0,149862
216,400000	0,151137
216,410000	0,146038
216,420000	0,149862
216,430000	0,149862
216,440000	0,150499
216,450000	0,150499
216,460000	0,149225
216,470000	0,146675
216,480000	0,150499
216,490000	0,151774
216,500000	0,149862
216,510000	0,149862
216,520000	0,148587
216,530000	0,150499
216,540000	0,147313
216,550000	0,146675
216,560000	0,148587
216,570000	0,147313
216,580000	0,150499
216,590000	0,146038
216,600000	0,149862
216,610000	0,146038
216,620000	0,150499
216,630000	0,146675
216,640000	0,149862
216,650000	0,150499
216,660000	0,149225
216,670000	0,147950
216,680000	0,151774
216,690000	0,148587
216,700000	0,148587
216,710000	0,148587
216,720000	0,147950
216,730000	0,147313
216,740000	0,149225
216,750000	0,149862
216,760000	0,150499
216,770000	0,147313
216,780000	0,150499
216,790000	0,149862
216,800000	0,151137
216,810000	0,147313
216,820000	0,150499
216,830000	0,148587
216,840000	0,153049
216,850000	0,150499
216,860000	0,153686
216,870000	0,152412
216,880000	0,152412
216,890000	0,147950
216,900000	0,154324
216,910000	0,151774
216,920000	0,149225
216,930000	0,146675
216,940000	0,151137
216,950000	0,147313
216,960000	0,150499
216,970000	0,144763
216,980000	0,151137
216,990000	0,145401
217,000000	0,152412
217,010000	0,147313
217,020000	0,152412
217,030000	0,148587
217,040000	0,150499
217,050000	0,154961
217,060000	0,150499
217,070000	0,146675
217,080000	0,147313
217,090000	0,153049
217,100000	0,147950
217,110000	0,152412
217,120000	0,156873
217,130000	0,151137
217,140000	0,147950
217,150000	0,149225
217,160000	0,149225
217,170000	0,154961
217,180000	0,149862
217,190000	0,152412
217,200000	0,151774
217,210000	0,150499
217,220000	0,149862
217,230000	0,153049
217,240000	0,151774
217,250000	0,150499
217,260000	0,149862
217,270000	0,153049
217,280000	0,147950
217,290000	0,149862
217,300000	0,151774
217,310000	0,153049
217,320000	0,151137
217,330000	0,154324
217,340000	0,151137
217,350000	0,150499
217,360000	0,153049
217,370000	0,152412
217,380000	0,149225
217,390000	0,151774
217,400000	0,151774
217,410000	0,147313
217,420000	0,148587
217,430000	0,151774
217,440000	0,149862
217,450000	0,148587
217,460000	0,150499
217,470000	0,149862
217,480000	0,149225
217,490000	0,147313
217,500000	0,150499
217,510000	0,149225
217,520000	0,150499
217,530000	0,149225
217,540000	0,148587
217,550000	0,147950
217,560000	0,150499
217,570000	0,154324
217,580000	0,149862
217,590000	0,153686
217,600000	0,151137
217,610000	0,148587
217,620000	0,146038
217,630000	0,152412
217,640000	0,149225
217,650000	0,151774
217,660000	0,152412
217,670000	0,151774
217,680000	0,148587
217,690000	0,150499
217,700000	0,152412
217,710000	0,148587
217,720000	0,153049
217,730000	0,152412
217,740000	0,149862
217,750000	0,150499
217,760000	0,152412
217,770000	0,147950
217,780000	0,146675
217,790000	0,148587
217,800000	0,151774
217,810000	0,150499
217,820000	0,150499
217,830000	0,144763
217,840000	0,153049
217,850000	0,146038
217,860000	0,151774
217,870000	0,146038
217,880000	0,149225
217,890000	0,147313
217,900000	0,149862
217,910000	0,151137
217,920000	0,149862
217,930000	0,146675
217,940000	0,151774
217,950000	0,146675
217,960000	0,149862
217,970000	0,151774
217,980000	0,150499
217,990000	0,149862
218,000000	0,149862
218,010000	0,151774
218,020000	0,151137
218,030000	0,151137
218,040000	0,147313
218,050000	0,152412
218,060000	0,147313
218,070000	0,150499
218,080000	0,150499
218,090000	0,152412
218,100000	0,150499
218,110000	0,147313
218,120000	0,148587
218,130000	0,149225
218,140000	0,148587
218,150000	0,150499
218,160000	0,150499
218,170000	0,148587
218,180000	0,149225
218,190000	0,144763
218,200000	0,148587
218,210000	0,149225
218,220000	0,149225
218,230000	0,153049
218,240000	0,147950
218,250000	0,153049
218,260000	0,147313
218,270000	0,151774
218,280000	0,149862
218,290000	0,147313
218,300000	0,149225
218,310000	0,149225
218,320000	0,149862
218,330000	0,148587
218,340000	0,150499
218,350000	0,148587
218,360000	0,146675
218,370000	0,151137
218,380000	0,149862
218,390000	0,146675
218,400000	0,147313
218,410000	0,146675
218,420000	0,147313
218,430000	0,149862
218,440000	0,148587
218,450000	0,147950
218,460000	0,149862
218,470000	0,150499
218,480000	0,148587
218,490000	0,147313
218,500000	0,144763
218,510000	0,148587
218,520000	0,150499
218,530000	0,150499
218,540000	0,149862
218,550000	0,147950
218,560000	0,151137
218,570000	0,149225
218,580000	0,149225
218,590000	0,151137
218,600000	0,149225
218,610000	0,149225
218,620000	0,148587
218,630000	0,149862
218,640000	0,152412
218,650000	0,151137
218,660000	0,151774
218,670000	0,151774
218,680000	0,150499
218,690000	0,151774
218,700000	0,151774
218,710000	0,149862
218,720000	0,151774
218,730000	0,153049
218,740000	0,150499
218,750000	0,151137
218,760000	0,153049
218,770000	0,150499
218,780000	0,151137
218,790000	0,148587
218,800000	0,152412
218,810000	0,150499
218,820000	0,151774
218,830000	0,149862
218,840000	0,156236
218,850000	0,149225
218,860000	0,149862
218,870000	0,144126
218,880000	0,153049
218,890000	0,149225
218,900000	0,151774
218,910000	0,148587
218,920000	0,144763
218,930000	0,151137
218,940000	0,151137
218,950000	0,152412
218,960000	0,150499
218,970000	0,151774
218,980000	0,150499
218,990000	0,147950
219,000000	0,152412
219,010000	0,151774
219,020000	0,155598
219,030000	0,153049
219,040000	0,151137
219,050000	0,153686
219,060000	0,149225
219,070000	0,149862
219,080000	0,147950
219,090000	0,151774
219,100000	0,150499
219,110000	0,153049
219,120000	0,152412
219,130000	0,153049
219,140000	0,150499
219,150000	0,156236
219,160000	0,149862
219,170000	0,151774
219,180000	0,148587
219,190000	0,155598
219,200000	0,152412
219,210000	0,152412
219,220000	0,153049
219,230000	0,156873
219,240000	0,154324
219,250000	0,153686
219,260000	0,151137
219,270000	0,154324
219,280000	0,153049
219,290000	0,153049
219,300000	0,150499
219,310000	0,155598
219,320000	0,151774
219,330000	0,154961
219,340000	0,152412
219,350000	0,152412
219,360000	0,151137
219,370000	0,151774
219,380000	0,153049
219,390000	0,153049
219,400000	0,151137
219,410000	0,149862
219,420000	0,151774
219,430000	0,153049
219,440000	0,154961
219,450000	0,151774
219,460000	0,151774
219,470000	0,152412
219,480000	0,151137
219,490000	0,153049
219,500000	0,150499
219,510000	0,152412
219,520000	0,153049
219,530000	0,149225
219,540000	0,149225
219,550000	0,152412
219,560000	0,153049
219,570000	0,149862
219,580000	0,156236
219,590000	0,155598
219,600000	0,151774
219,610000	0,148587
219,620000	0,154324
219,630000	0,149862
219,640000	0,155598
219,650000	0,153049
219,660000	0,153049
219,670000	0,149225
219,680000	0,153049
219,690000	0,149862
219,700000	0,154324
219,710000	0,147950
219,720000	0,151774
219,730000	0,147950
219,740000	0,149225
219,750000	0,147950
219,760000	0,151137
219,770000	0,150499
219,780000	0,151137
219,790000	0,148587
219,800000	0,150499
219,810000	0,152412
219,820000	0,155598
219,830000	0,147313
219,840000	0,150499
219,850000	0,150499
219,860000	0,150499
219,870000	0,151137
219,880000	0,147313
219,890000	0,150499
219,900000	0,149862
219,910000	0,149862
219,920000	0,149862
219,930000	0,150499
219,940000	0,149862
219,950000	0,147313
219,960000	0,150499
219,970000	0,149225
219,980000	0,144763
219,990000	0,150499
220,000000	0,153049
220,010000	0,147950
220,020000	0,151137
220,030000	0,149862
220,040000	0,150499
220,050000	0,150499
220,060000	0,150499
220,070000	0,149862
220,080000	0,151774
220,090000	0,149862
220,100000	0,147950
220,110000	0,151774
220,120000	0,149225
220,130000	0,151774
220,140000	0,153049
220,150000	0,151774
220,160000	0,150499
220,170000	0,151774
220,180000	0,153686
220,190000	0,146038
220,200000	0,149862
220,210000	0,150499
220,220000	0,153049
220,230000	0,151137
220,240000	0,149225
220,250000	0,149862
220,260000	0,150499
220,270000	0,153049
220,280000	0,150499
220,290000	0,151774
220,300000	0,150499
220,310000	0,147313
220,320000	0,153049
220,330000	0,148587
220,340000	0,149225
220,350000	0,150499
220,360000	0,154324
220,370000	0,153049
220,380000	0,154324
220,390000	0,150499
220,400000	0,150499
220,410000	0,148587
220,420000	0,148587
220,430000	0,147950
220,440000	0,151137
220,450000	0,153049
220,460000	0,152412
220,470000	0,150499
220,480000	0,153049
220,490000	0,151137
220,500000	0,154961
220,510000	0,151137
220,520000	0,151774
220,530000	0,149225
220,540000	0,148587
220,550000	0,153049
220,560000	0,146675
220,570000	0,150499
220,580000	0,151137
220,590000	0,147950
220,600000	0,156236
220,610000	0,149225
220,620000	0,152412
220,630000	0,151137
220,640000	0,151774
220,650000	0,151774
220,660000	0,150499
220,670000	0,145401
220,680000	0,149225
220,690000	0,148587
220,700000	0,148587
220,710000	0,152412
220,720000	0,153049
220,730000	0,156873
220,740000	0,150499
220,750000	0,152412
220,760000	0,149225
220,770000	0,147950
220,780000	0,151774
220,790000	0,153049
220,800000	0,153049
220,810000	0,154961
220,820000	0,147950
220,830000	0,153049
220,840000	0,151137
220,850000	0,152412
220,860000	0,148587
220,870000	0,153049
220,880000	0,146038
220,890000	0,153049
220,900000	0,149862
220,910000	0,150499
220,920000	0,149862
220,930000	0,155598
220,940000	0,151137
220,950000	0,153686
220,960000	0,149225
220,970000	0,154961
220,980000	0,149862
220,990000	0,151137
221,000000	0,154961
221,010000	0,146675
221,020000	0,152412
221,030000	0,153686
221,040000	0,153049
221,050000	0,153049
221,060000	0,153049
221,070000	0,149862
221,080000	0,153686
221,090000	0,154961
221,100000	0,151774
221,110000	0,151137
221,120000	0,154961
221,130000	0,153049
221,140000	0,155598
221,150000	0,156236
221,160000	0,151774
221,170000	0,151774
221,180000	0,151137
221,190000	0,153049
221,200000	0,151137
221,210000	0,154324
221,220000	0,154961
221,230000	0,151137
221,240000	0,153049
221,250000	0,151774
221,260000	0,150499
221,270000	0,151774
221,280000	0,153049
221,290000	0,147950
221,300000	0,153049
221,310000	0,151774
221,320000	0,153686
221,330000	0,151137
221,340000	0,154324
221,350000	0,153049
221,360000	0,149862
221,370000	0,153686
221,380000	0,154961
221,390000	0,146675
221,400000	0,150499
221,410000	0,153049
221,420000	0,146675
221,430000	0,150499
221,440000	0,151137
221,450000	0,151137
221,460000	0,147950
221,470000	0,154961
221,480000	0,148587
221,490000	0,164522
221,500000	0,147313
221,510000	0,152412
221,520000	0,141576
221,530000	0,150499
221,540000	0,149862
221,550000	0,143488
221,560000	0,153049
221,570000	0,153049
221,580000	0,137115
221,590000	0,154961
221,600000	0,150499
221,610000	0,178544
221,620000	0,168983
221,630000	0,153049
221,640000	0,141576
221,650000	0,180456
221,660000	0,151774
221,670000	0,149862
221,680000	0,169620
221,690000	0,154324
221,700000	0,149225
221,710000	0,162609
221,720000	0,149862
221,730000	0,154961
221,740000	0,147950
221,750000	0,154961
221,760000	0,149862
221,770000	0,150499
221,780000	0,150499
221,790000	0,155598
221,800000	0,150499
221,810000	0,144126
221,820000	0,148587
221,830000	0,153049
221,840000	0,153686
221,850000	0,152412
221,860000	0,154324
221,870000	0,152412
221,880000	0,154324
221,890000	0,150499
221,900000	0,154324
221,910000	0,154961
221,920000	0,153686
221,930000	0,154324
221,940000	0,153049
221,950000	0,147950
221,960000	0,150499
221,970000	0,157511
221,980000	0,151774
221,990000	0,151774
222,000000	0,154324
222,010000	0,149862
222,020000	0,152412
222,030000	0,153686
222,040000	0,155598
222,050000	0,156236
222,060000	0,149862
222,070000	0,152412
222,080000	0,153686
222,090000	0,147313
222,100000	0,151774
222,110000	0,147950
222,120000	0,151774
222,130000	0,157511
222,140000	0,159423
222,150000	0,163247
222,160000	0,140939
222,170000	0,158148
222,180000	0,159423
222,190000	0,148587
222,200000	0,151774
222,210000	0,164522
222,220000	0,150499
222,230000	0,146038
222,240000	0,152412
222,250000	0,151137
222,260000	0,158148
222,270000	0,158785
222,280000	0,154961
222,290000	0,159423
222,300000	0,163884
222,310000	0,171533
222,320000	0,156873
222,330000	0,149862
222,340000	0,174082
222,350000	0,149225
222,360000	0,151137
222,370000	0,174719
222,380000	0,153049
222,390000	0,150499
222,400000	0,143488
222,410000	0,152412
222,420000	0,154324
222,430000	0,146038
222,440000	0,153049
222,450000	0,153686
222,460000	0,146675
222,470000	0,178544
222,480000	0,153049
222,490000	0,153049
222,500000	0,160697
222,510000	0,151774
222,520000	0,149225
222,530000	0,102697
222,540000	0,156873
222,550000	0,153049
222,560000	0,153686
222,570000	0,117356
222,580000	0,151774
222,590000	0,155598
222,600000	0,128829
222,610000	0,154324
222,620000	0,155598
222,630000	0,180456
222,640000	0,156236
222,650000	0,147950
222,660000	0,149862
222,670000	0,153049
222,680000	0,153049
222,690000	0,152412
222,700000	0,154324
222,710000	0,157511
222,720000	0,148587
222,730000	0,150499
222,740000	0,153049
222,750000	0,149225
222,760000	0,151774
222,770000	0,149225
222,780000	0,151774
222,790000	0,156236
222,800000	0,153049
222,810000	0,154961
222,820000	0,151774
222,830000	0,149862
222,840000	0,154324
222,850000	0,158148
222,860000	0,149862
222,870000	0,146038
222,880000	0,147950
222,890000	0,150499
222,900000	0,155598
222,910000	0,151137
222,920000	0,152412
222,930000	0,155598
222,940000	0,158148
222,950000	0,147313
222,960000	0,154961
222,970000	0,153049
222,980000	0,160697
222,990000	0,146038
223,000000	0,154961
223,010000	0,158785
223,020000	0,156236
223,030000	0,160697
223,040000	0,146675
223,050000	0,138390
223,060000	0,161972
223,070000	0,135203
223,080000	0,156873
223,090000	0,158148
223,100000	0,156236
223,110000	0,147950
223,120000	0,156873
223,130000	0,147950
223,140000	0,163247
223,150000	0,142851
223,160000	0,148587
223,170000	0,163884
223,180000	0,139664
223,190000	0,147950
223,200000	0,173445
223,210000	0,128192
223,220000	0,153686
223,230000	0,156236
223,240000	0,161335
223,250000	0,153049
223,260000	0,151774
223,270000	0,135840
223,280000	0,139664
223,290000	0,160060
223,300000	0,142214
223,310000	0,140302
223,320000	0,154324
223,330000	0,155598
223,340000	0,120543
223,350000	0,151774
223,360000	0,154324
223,370000	0,163247
223,380000	0,143488
223,390000	0,154961
223,400000	0,146675
223,410000	0,215511
223,420000	0,149862
223,430000	0,149862
223,440000	0,219335
223,450000	0,153049
223,460000	0,158148
223,470000	0,129466
223,480000	0,151137
223,490000	0,157511
223,500000	0,162609
223,510000	0,127554
223,520000	0,152412
223,530000	0,149862
223,540000	0,146038
223,550000	0,152412
223,560000	0,149862
223,570000	0,156873
223,580000	0,132016
223,590000	0,153049
223,600000	0,139664
223,610000	0,152412
223,620000	0,157511
223,630000	0,160697
223,640000	0,146038
223,650000	0,154324
223,660000	0,161972
223,670000	0,156873
223,680000	0,154324
223,690000	0,151774
223,700000	0,145401
223,710000	0,150499
223,720000	0,151137
223,730000	0,148587
223,740000	0,148587
223,750000	0,150499
223,760000	0,153049
223,770000	0,149225
223,780000	0,152412
223,790000	0,158785
223,800000	0,160060
223,810000	0,156236
223,820000	0,152412
223,830000	0,151774
223,840000	0,158785
223,850000	0,148587
223,860000	0,144763
223,870000	0,157511
223,880000	0,154961
223,890000	0,146675
223,900000	0,151774
223,910000	0,133928
223,920000	0,155598
223,930000	0,162609
223,940000	0,139664
223,950000	0,150499
223,960000	0,174082
223,970000	0,153049
223,980000	0,154961
223,990000	0,146038
224,000000	0,136477
224,010000	0,160697
224,020000	0,166434
224,030000	0,147313
224,040000	0,152412
224,050000	0,146675
224,060000	0,181093
224,070000	0,152412
224,080000	0,157511
224,090000	0,168346
224,100000	0,147313
224,110000	0,149862
224,120000	0,151137
224,130000	0,124367
224,140000	0,142851
224,150000	0,153049
224,160000	0,146675
224,170000	0,107796
224,180000	0,147950
224,190000	0,172807
224,200000	0,181093
224,210000	0,153049
224,220000	0,154324
224,230000	0,190654
224,240000	0,160697
224,250000	0,149862
224,260000	0,096961
224,270000	0,156236
224,280000	0,156873
224,290000	0,154961
224,300000	0,111620
224,310000	0,156873
224,320000	0,156873
224,330000	0,127554
224,340000	0,152412
224,350000	0,150499
224,360000	0,151137
224,370000	0,180456
224,380000	0,151774
224,390000	0,141576
224,400000	0,160697
224,410000	0,151137
224,420000	0,153686
224,430000	0,148587
224,440000	0,148587
224,450000	0,156873
224,460000	0,148587
224,470000	0,151137
224,480000	0,149225
224,490000	0,153049
224,500000	0,156873
224,510000	0,155598
224,520000	0,142851
224,530000	0,150499
224,540000	0,148587
224,550000	0,144763
224,560000	0,158148
224,570000	0,151137
224,580000	0,160060
224,590000	0,154324
224,600000	0,158785
224,610000	0,144763
224,620000	0,148587
224,630000	0,153686
224,640000	0,158785
224,650000	0,147313
224,660000	0,154961
224,670000	0,152412
224,680000	0,158785
224,690000	0,151137
224,700000	0,146675
224,710000	0,158785
224,720000	0,160697
224,730000	0,147950
224,740000	0,163247
224,750000	0,153686
224,760000	0,158148
224,770000	0,173445
224,780000	0,144126
224,790000	0,153049
224,800000	0,165796
224,810000	0,158785
224,820000	0,141576
224,830000	0,157511
224,840000	0,137115
224,850000	0,156236
224,860000	0,148587
224,870000	0,140302
224,880000	0,173445
224,890000	0,126280
224,900000	0,153049
224,910000	0,155598
224,920000	0,147313
224,930000	0,162609
224,940000	0,145401
224,950000	0,174082
224,960000	0,165159
224,970000	0,152412
224,980000	0,133928
224,990000	0,160060
