Tempo;Spostamento;Forza
(s);(mm);(N)
"0,0000";"0,0000";"0,0054"
"0,0100";"0,0000";"-0,0039"
"0,0200";"0,0000";"-0,0097"
"0,0300";"0,0000";"-0,0073"
"0,0400";"0,0000";"0,0015"
"0,0500";"0,0000";"0,0079"
"0,0600";"0,0000";"0,0061"
"0,0700";"0,0000";"0,0018"
"0,0800";"0,0000";"0,0011"
"0,0900";"0,0000";"0,0078"
"0,1000";"0,0002";"0,0120"
"0,1100";"0,0002";"0,0073"
"0,1200";"0,0004";"-0,0007"
"0,1300";"0,0005";"-0,0034"
"0,1400";"0,0007";"-0,0012"
"0,1500";"0,0009";"0,0017"
"0,1600";"0,0013";"0,0031"
"0,1700";"0,0017";"0,0054"
"0,1800";"0,0022";"0,0097"
"0,1900";"0,0028";"0,0147"
"0,2000";"0,0035";"0,0168"
"0,2100";"0,0042";"0,0165"
"0,2200";"0,0050";"0,0132"
"0,2300";"0,0058";"0,0099"
"0,2400";"0,0064";"0,0095"
"0,2500";"0,0071";"0,0130"
"0,2600";"0,0076";"0,0154"
"0,2700";"0,0081";"0,0149"
"0,2800";"0,0086";"0,0115"
"0,2900";"0,0091";"0,0112"
"0,3000";"0,0096";"0,0138"
"0,3100";"0,0100";"0,0191"
"0,3200";"0,0104";"0,0229"
"0,3300";"0,0109";"0,0260"
"0,3400";"0,0112";"0,0282"
"0,3500";"0,0116";"0,0282"
"0,3600";"0,0118";"0,0272"
"0,3700";"0,0122";"0,0272"
"0,3800";"0,0125";"0,0267"
"0,3900";"0,0127";"0,0261"
"0,4000";"0,0131";"0,0242"
"0,4100";"0,0135";"0,0222"
"0,4200";"0,0138";"0,0226"
"0,4300";"0,0142";"0,0244"
"0,4400";"0,0145";"0,0262"
"0,4500";"0,0149";"0,0288"
"0,4600";"0,0152";"0,0307"
"0,4700";"0,0155";"0,0337"
"0,4800";"0,0159";"0,0368"
"0,4900";"0,0162";"0,0384"
"0,5000";"0,0165";"0,0402"
"0,5100";"0,0169";"0,0401"
"0,5200";"0,0171";"0,0380"
"0,5300";"0,0175";"0,0352"
"0,5400";"0,0178";"0,0347"
"0,5500";"0,0182";"0,0361"
"0,5600";"0,0185";"0,0369"
"0,5700";"0,0188";"0,0350"
"0,5800";"0,0191";"0,0334"
"0,5900";"0,0195";"0,0353"
"0,6000";"0,0197";"0,0382"
"0,6100";"0,0201";"0,0404"
"0,6200";"0,0204";"0,0418"
"0,6300";"0,0208";"0,0414"
"0,6400";"0,0211";"0,0417"
"0,6500";"0,0215";"0,0406"
"0,6600";"0,0218";"0,0399"
"0,6700";"0,0222";"0,0408"
"0,6800";"0,0225";"0,0401"
"0,6900";"0,0229";"0,0385"
"0,7000";"0,0233";"0,0381"
"0,7100";"0,0235";"0,0420"
"0,7200";"0,0238";"0,0485"
"0,7300";"0,0242";"0,0531"
"0,7400";"0,0244";"0,0532"
"0,7500";"0,0247";"0,0516"
"0,7600";"0,0250";"0,0517"
"0,7700";"0,0254";"0,0518"
"0,7800";"0,0257";"0,0514"
"0,7900";"0,0260";"0,0505"
"0,8000";"0,0263";"0,0486"
"0,8100";"0,0267";"0,0478"
"0,8200";"0,0272";"0,0494"
"0,8300";"0,0275";"0,0524"
"0,8400";"0,0279";"0,0539"
"0,8500";"0,0282";"0,0534"
"0,8600";"0,0286";"0,0529"
"0,8700";"0,0289";"0,0553"
"0,8800";"0,0293";"0,0595"
"0,8900";"0,0295";"0,0617"
"0,9000";"0,0297";"0,0614"
"0,9100";"0,0301";"0,0589"
"0,9200";"0,0303";"0,0577"
"0,9300";"0,0307";"0,0572"
"0,9400";"0,0310";"0,0565"
"0,9500";"0,0314";"0,0562"
"0,9600";"0,0318";"0,0566"
"0,9700";"0,0321";"0,0574"
"0,9800";"0,0325";"0,0604"
"0,9900";"0,0328";"0,0643"
"1,0000";"0,0332";"0,0679"
"1,0100";"0,0335";"0,0698"
"1,0200";"0,0339";"0,0693"
"1,0300";"0,0342";"0,0672"
"1,0400";"0,0346";"0,0658"
"1,0500";"0,0348";"0,0652"
"1,0600";"0,0352";"0,0651"
"1,0700";"0,0354";"0,0636"
"1,0800";"0,0358";"0,0640"
"1,0900";"0,0361";"0,0658"
"1,1000";"0,0365";"0,0683"
"1,1100";"0,0368";"0,0705"
"1,1200";"0,0372";"0,0730"
"1,1300";"0,0375";"0,0743"
"1,1400";"0,0379";"0,0751"
"1,1500";"0,0382";"0,0769"
"1,1600";"0,0386";"0,0788"
"1,1700";"0,0390";"0,0806"
"1,1800";"0,0393";"0,0800"
"1,1900";"0,0395";"0,0766"
"1,2000";"0,0399";"0,0739"
"1,2100";"0,0403";"0,0736"
"1,2200";"0,0406";"0,0759"
"1,2300";"0,0410";"0,0780"
"1,2400";"0,0412";"0,0801"
"1,2500";"0,0416";"0,0820"
"1,2600";"0,0418";"0,0840"
"1,2700";"0,0421";"0,0849"
"1,2800";"0,0425";"0,0836"
"1,2900";"0,0429";"0,0817"
"1,3000";"0,0431";"0,0811"
"1,3100";"0,0434";"0,0814"
"1,3200";"0,0438";"0,0810"
"1,3300";"0,0442";"0,0814"
"1,3400";"0,0445";"0,0842"
"1,3500";"0,0449";"0,0869"
"1,3600";"0,0452";"0,0887"
"1,3700";"0,0456";"0,0894"
"1,3800";"0,0459";"0,0892"
"1,3900";"0,0463";"0,0880"
"1,4000";"0,0465";"0,0871"
"1,4100";"0,0469";"0,0870"
"1,4200";"0,0471";"0,0888"
"1,4300";"0,0475";"0,0925"
"1,4400";"0,0477";"0,0951"
"1,4500";"0,0480";"0,0968"
"1,4600";"0,0484";"0,0976"
"1,4700";"0,0488";"0,0983"
"1,4800";"0,0491";"0,0974"
"1,4900";"0,0495";"0,0954"
"1,5000";"0,0498";"0,0958"
"1,5100";"0,0502";"0,0970"
"1,5200";"0,0505";"0,0983"
"1,5300";"0,0509";"0,1005"
"1,5400";"0,0512";"0,1030"
"1,5500";"0,0516";"0,1037"
"1,5600";"0,0519";"0,1012"
"1,5700";"0,0522";"0,0987"
"1,5800";"0,0525";"0,0992"
"1,5900";"0,0528";"0,1028"
"1,6000";"0,0531";"0,1052"
"1,6100";"0,0535";"0,1055"
"1,6200";"0,0537";"0,1059"
"1,6300";"0,0541";"0,1065"
"1,6400";"0,0544";"0,1070"
"1,6500";"0,0549";"0,1072"
"1,6600";"0,0551";"0,1070"
"1,6700";"0,0556";"0,1075"
"1,6800";"0,0558";"0,1071"
"1,6900";"0,0562";"0,1078"
"1,7000";"0,0565";"0,1108"
"1,7100";"0,0569";"0,1153"
"1,7200";"0,0571";"0,1182"
"1,7300";"0,0575";"0,1184"
"1,7400";"0,0577";"0,1163"
"1,7500";"0,0581";"0,1141"
"1,7600";"0,0584";"0,1129"
"1,7700";"0,0588";"0,1128"
"1,7800";"0,0591";"0,1134"
"1,7900";"0,0595";"0,1142"
"1,8000";"0,0599";"0,1151"
"1,8100";"0,0602";"0,1178"
"1,8200";"0,0606";"0,1212"
"1,8300";"0,0609";"0,1227"
"1,8400";"0,0613";"0,1218"
"1,8500";"0,0615";"0,1200"
"1,8600";"0,0619";"0,1184"
"1,8700";"0,0622";"0,1193"
"1,8800";"0,0626";"0,1213"
"1,8900";"0,0629";"0,1228"
"1,9000";"0,0632";"0,1237"
"1,9100";"0,0635";"0,1248"
"1,9200";"0,0637";"0,1264"
"1,9300";"0,0641";"0,1277"
"1,9400";"0,0645";"0,1266"
"1,9500";"0,0648";"0,1272"
"1,9600";"0,0652";"0,1290"
"1,9700";"0,0655";"0,1307"
"1,9800";"0,0659";"0,1298"
"1,9900";"0,0661";"0,1285"
"2,0000";"0,0665";"0,1296"
"2,0100";"0,0669";"0,1319"
"2,0200";"0,0672";"0,1322"
"2,0300";"0,0675";"0,1315"
"2,0400";"0,0679";"0,1303"
"2,0500";"0,0682";"0,1304"
"2,0600";"0,0686";"0,1327"
"2,0700";"0,0689";"0,1360"
"2,0800";"0,0692";"0,1380"
"2,0900";"0,0695";"0,1386"
"2,1000";"0,0698";"0,1387"
"2,1100";"0,0701";"0,1411"
"2,1200";"0,0705";"0,1448"
"2,1300";"0,0708";"0,1466"
"2,1400";"0,0712";"0,1456"
"2,1500";"0,0715";"0,1419"
"2,1600";"0,0719";"0,1401"
"2,1700";"0,0722";"0,1408"
"2,1800";"0,0726";"0,1410"
"2,1900";"0,0730";"0,1404"
"2,2000";"0,0733";"0,1429"
"2,2100";"0,0737";"0,1468"
"2,2200";"0,0740";"0,1495"
"2,2300";"0,0743";"0,1502"
"2,2400";"0,0746";"0,1501"
"2,2500";"0,0750";"0,1507"
"2,2600";"0,0752";"0,1502"
"2,2700";"0,0756";"0,1482"
"2,2800";"0,0759";"0,1473"
"2,2900";"0,0763";"0,1497"
"2,3000";"0,0766";"0,1538"
"2,3100";"0,0770";"0,1566"
"2,3200";"0,0773";"0,1562"
"2,3300";"0,0777";"0,1550"
"2,3400";"0,0780";"0,1548"
"2,3500";"0,0784";"0,1560"
"2,3600";"0,0787";"0,1565"
"2,3700";"0,0791";"0,1584"
"2,3800";"0,0793";"0,1586"
"2,3900";"0,0797";"0,1580"
"2,4000";"0,0799";"0,1582"
"2,4100";"0,0803";"0,1606"
"2,4200";"0,0806";"0,1633"
"2,4300";"0,0809";"0,1647"
"2,4400";"0,0812";"0,1654"
"2,4500";"0,0816";"0,1660"
"2,4600";"0,0819";"0,1679"
"2,4700";"0,0823";"0,1697"
"2,4800";"0,0826";"0,1680"
"2,4900";"0,0830";"0,1663"
"2,5000";"0,0835";"0,1657"
"2,5100";"0,0837";"0,1657"
"2,5200";"0,0841";"0,1663"
"2,5300";"0,0844";"0,1677"
"2,5400";"0,0848";"0,1713"
"2,5500";"0,0851";"0,1748"
"2,5600";"0,0855";"0,1751"
"2,5700";"0,0857";"0,1732"
"2,5800";"0,0859";"0,1722"
"2,5900";"0,0863";"0,1741"
"2,6000";"0,0865";"0,1768"
"2,6100";"0,0869";"0,1787"
"2,6200";"0,0872";"0,1781"
"2,6300";"0,0876";"0,1771"
"2,6400";"0,0880";"0,1768"
"2,6500";"0,0882";"0,1778"
"2,6600";"0,0885";"0,1802"
"2,6700";"0,0889";"0,1822"
"2,6800";"0,0892";"0,1811"
"2,6900";"0,0896";"0,1805"
"2,7000";"0,0900";"0,1835"
"2,7100";"0,0903";"0,1861"
"2,7200";"0,0907";"0,1864"
"2,7300";"0,0910";"0,1855"
"2,7400";"0,0913";"0,1845"
"2,7500";"0,0916";"0,1843"
"2,7600";"0,0920";"0,1854"
"2,7700";"0,0922";"0,1876"
"2,7800";"0,0926";"0,1886"
"2,7900";"0,0928";"0,1905"
"2,8000";"0,0931";"0,1910"
"2,8100";"0,0935";"0,1918"
"2,8200";"0,0939";"0,1918"
"2,8300";"0,0942";"0,1927"
"2,8400";"0,0946";"0,1951"
"2,8500";"0,0949";"0,1944"
"2,8600";"0,0953";"0,1940"
"2,8700";"0,0956";"0,1956"
"2,8800";"0,0960";"0,1981"
"2,8900";"0,0963";"0,1989"
"2,9000";"0,0966";"0,1984"
"2,9100";"0,0969";"0,1975"
"2,9200";"0,0972";"0,1981"
"2,9300";"0,0975";"0,1995"
"2,9400";"0,0977";"0,2019"
"2,9500";"0,0981";"0,2027"
"2,9600";"0,0985";"0,2018"
"2,9700";"0,0988";"0,2014"
"2,9800";"0,0992";"0,2023"
"2,9900";"0,0995";"0,2057"
"3,0000";"0,0999";"0,2078"
"3,0100";"0,1002";"0,2073"
"3,0200";"0,1006";"0,2066"
"3,0300";"0,1009";"0,2084"
"3,0400";"0,1013";"0,2098"
"3,0500";"0,1016";"0,2100"
"3,0600";"0,1019";"0,2089"
"3,0700";"0,1022";"0,2097"
"3,0800";"0,1025";"0,2123"
"3,0900";"0,1028";"0,2150"
"3,1000";"0,1032";"0,2155"
"3,1100";"0,1035";"0,2152"
"3,1200";"0,1039";"0,2158"
"3,1300";"0,1042";"0,2169"
"3,1400";"0,1046";"0,2164"
"3,1500";"0,1050";"0,2153"
"3,1600";"0,1053";"0,2163"
"3,1700";"0,1057";"0,2179"
"3,1800";"0,1060";"0,2181"
"3,1900";"0,1064";"0,2199"
"3,2000";"0,1067";"0,2221"
"3,2100";"0,1071";"0,2243"
"3,2200";"0,1074";"0,2254"
"3,2300";"0,1078";"0,2255"
"3,2400";"0,1080";"0,2250"
"3,2500";"0,1084";"0,2240"
"3,2600";"0,1086";"0,2228"
"3,2700";"0,1090";"0,2245"
"3,2800";"0,1093";"0,2270"
"3,2900";"0,1096";"0,2300"
"3,3000";"0,1099";"0,2307"
"3,3100";"0,1103";"0,2313"
"3,3200";"0,1106";"0,2320"
"3,3300";"0,1110";"0,2317"
"3,3400";"0,1112";"0,2307"
"3,3500";"0,1116";"0,2305"
"3,3600";"0,1119";"0,2311"
"3,3700";"0,1123";"0,2343"
"3,3800";"0,1126";"0,2357"
"3,3900";"0,1130";"0,2356"
"3,4000";"0,1133";"0,2358"
"3,4100";"0,1137";"0,2363"
"3,4200";"0,1139";"0,2382"
"3,4300";"0,1142";"0,2379"
"3,4400";"0,1145";"0,2377"
"3,4500";"0,1149";"0,2399"
"3,4600";"0,1151";"0,2435"
"3,4700";"0,1155";"0,2447"
"3,4800";"0,1158";"0,2431"
"3,4900";"0,1160";"0,2430"
"3,5000";"0,1164";"0,2440"
"3,5100";"0,1168";"0,2439"
"3,5200";"0,1172";"0,2435"
"3,5300";"0,1175";"0,2454"
"3,5400";"0,1179";"0,2483"
"3,5500";"0,1183";"0,2508"
"3,5600";"0,1186";"0,2525"
"3,5700";"0,1189";"0,2541"
"3,5800";"0,1194";"0,2541"
"3,5900";"0,1196";"0,2523"
"3,6000";"0,1198";"0,2491"
"3,6100";"0,1202";"0,2483"
"3,6200";"0,1205";"0,2505"
"3,6300";"0,1208";"0,2545"
"3,6400";"0,1211";"0,2587"
"3,6500";"0,1215";"0,2604"
"3,6600";"0,1218";"0,2605"
"3,6700";"0,1222";"0,2594"
"3,6800";"0,1225";"0,2589"
"3,6900";"0,1229";"0,2585"
"3,7000";"0,1232";"0,2583"
"3,7100";"0,1236";"0,2589"
"3,7200";"0,1240";"0,2597"
"3,7300";"0,1243";"0,2620"
"3,7400";"0,1247";"0,2653"
"3,7500";"0,1249";"0,2688"
"3,7600";"0,1253";"0,2703"
"3,7700";"0,1256";"0,2690"
"3,7800";"0,1260";"0,2680"
"3,7900";"0,1263";"0,2690"
"3,8000";"0,1267";"0,2700"
"3,8100";"0,1270";"0,2695"
"3,8200";"0,1274";"0,2689"
"3,8300";"0,1277";"0,2688"
"3,8400";"0,1281";"0,2707"
"3,8500";"0,1284";"0,2737"
"3,8600";"0,1288";"0,2756"
"3,8700";"0,1292";"0,2764"
"3,8800";"0,1295";"0,2766"
"3,8900";"0,1297";"0,2765"
"3,9000";"0,1301";"0,2777"
"3,9100";"0,1305";"0,2786"
"3,9200";"0,1307";"0,2778"
"3,9300";"0,1309";"0,2781"
"3,9400";"0,1313";"0,2797"
"3,9500";"0,1316";"0,2823"
"3,9600";"0,1319";"0,2866"
"3,9700";"0,1322";"0,2898"
"3,9800";"0,1326";"0,2894"
"3,9900";"0,1329";"0,2889"
"4,0000";"0,1333";"0,2879"
"4,0100";"0,1336";"0,2861"
"4,0200";"0,1339";"0,2840"
"4,0300";"0,1342";"0,2859"
"4,0400";"0,1346";"0,2872"
"4,0500";"0,1349";"0,2888"
"4,0600";"0,1353";"0,2893"
"4,0700";"0,1356";"0,2908"
"4,0800";"0,1360";"0,2929"
"4,0900";"0,1364";"0,2949"
"4,1000";"0,1366";"0,2965"
"4,1100";"0,1368";"0,2983"
"4,1200";"0,1372";"0,3000"
"4,1300";"0,1375";"0,2991"
"4,1400";"0,1378";"0,2961"
"4,1500";"0,1381";"0,2955"
"4,1600";"0,1385";"0,2961"
"4,1700";"0,1388";"0,2976"
"4,1800";"0,1392";"0,2991"
"4,1900";"0,1395";"0,3016"
"4,2000";"0,1399";"0,3053"
"4,2100";"0,1402";"0,3084"
"4,2200";"0,1406";"0,3066"
"4,2300";"0,1410";"0,3041"
"4,2400";"0,1413";"0,3041"
"4,2500";"0,1417";"0,3048"
"4,2600";"0,1420";"0,3056"
"4,2700";"0,1423";"0,3064"
"4,2800";"0,1425";"0,3084"
"4,2900";"0,1428";"0,3110"
"4,3000";"0,1432";"0,3133"
"4,3100";"0,1434";"0,3149"
"4,3200";"0,1438";"0,3148"
"4,3300";"0,1441";"0,3131"
"4,3400";"0,1445";"0,3113"
"4,3500";"0,1449";"0,3115"
"4,3600";"0,1452";"0,3140"
"4,3700";"0,1456";"0,3167"
"4,3800";"0,1459";"0,3173"
"4,3900";"0,1463";"0,3181"
"4,4000";"0,1466";"0,3190"
"4,4100";"0,1470";"0,3217"
"4,4200";"0,1472";"0,3230"
"4,4300";"0,1476";"0,3226"
"4,4400";"0,1479";"0,3229"
"4,4500";"0,1483";"0,3247"
"4,4600";"0,1485";"0,3247"
"4,4700";"0,1489";"0,3240"
"4,4800";"0,1492";"0,3247"
"4,4900";"0,1496";"0,3273"
"4,5000";"0,1499";"0,3290"
"4,5100";"0,1503";"0,3283"
"4,5200";"0,1506";"0,3287"
"4,5300";"0,1510";"0,3316"
"4,5400";"0,1513";"0,3344"
"4,5500";"0,1517";"0,3360"
"4,5600";"0,1521";"0,3350"
"4,5700";"0,1524";"0,3342"
"4,5800";"0,1526";"0,3345"
"4,5900";"0,1530";"0,3360"
"4,6000";"0,1534";"0,3375"
"4,6100";"0,1536";"0,3394"
"4,6200";"0,1539";"0,3414"
"4,6300";"0,1542";"0,3419"
"4,6400";"0,1545";"0,3416"
"4,6500";"0,1549";"0,3429"
"4,6600";"0,1552";"0,3439"
"4,6700";"0,1555";"0,3433"
"4,6800";"0,1558";"0,3422"
"4,6900";"0,1562";"0,3428"
"4,7000";"0,1565";"0,3463"
"4,7100";"0,1569";"0,3501"
"4,7200";"0,1571";"0,3517"
"4,7300";"0,1575";"0,3511"
"4,7400";"0,1578";"0,3496"
"4,7500";"0,1582";"0,3478"
"4,7600";"0,1585";"0,3473"
"4,7700";"0,1588";"0,3497"
"4,7800";"0,1590";"0,3528"
"4,7900";"0,1594";"0,3550"
"4,8000";"0,1597";"0,3554"
"4,8100";"0,1600";"0,3546"
"4,8200";"0,1603";"0,3543"
"4,8300";"0,1607";"0,3540"
"4,8400";"0,1610";"0,3546"
"4,8500";"0,1615";"0,3567"
"4,8600";"0,1619";"0,3585"
"4,8700";"0,1622";"0,3606"
"4,8800";"0,1627";"0,3635"
"4,8900";"0,1630";"0,3651"
"4,9000";"0,1634";"0,3660"
"4,9100";"0,1637";"0,3658"
"4,9200";"0,1641";"0,3642"
"4,9300";"0,1645";"0,3637"
"4,9400";"0,1647";"0,3653"
"4,9500";"0,1650";"0,3680"
"4,9600";"0,1653";"0,3702"
"4,9700";"0,1656";"0,3716"
"4,9800";"0,1660";"0,3727"
"4,9900";"0,1663";"0,3743"
"5,0000";"0,1667";"0,3729"
"5,0100";"0,1670";"0,3704"
"5,0200";"0,1674";"0,3694"
"5,0300";"0,1678";"0,3703"
"5,0400";"0,1681";"0,3728"
"5,0500";"0,1685";"0,3740"
"5,0600";"0,1688";"0,3763"
"5,0700";"0,1691";"0,3791"
"5,0800";"0,1694";"0,3806"
"5,0900";"0,1696";"0,3785"
"5,1000";"0,1700";"0,3767"
"5,1100";"0,1704";"0,3783"
"5,1200";"0,1706";"0,3807"
"5,1300";"0,1709";"0,3838"
"5,1400";"0,1713";"0,3855"
"5,1500";"0,1715";"0,3859"
"5,1600";"0,1719";"0,3860"
"5,1700";"0,1722";"0,3855"
"5,1800";"0,1726";"0,3854"
"5,1900";"0,1730";"0,3861"
"5,2000";"0,1732";"0,3874"
"5,2100";"0,1735";"0,3902"
"5,2200";"0,1739";"0,3924"
"5,2300";"0,1742";"0,3946"
"5,2400";"0,1746";"0,3957"
"5,2500";"0,1750";"0,3948"
"5,2600";"0,1752";"0,3934"
"5,2700";"0,1755";"0,3939"
"5,2800";"0,1758";"0,3954"
"5,2900";"0,1761";"0,3973"
"5,3000";"0,1765";"0,3994"
"5,3100";"0,1767";"0,4015"
"5,3200";"0,1771";"0,4034"
"5,3300";"0,1774";"0,4034"
"5,3400";"0,1778";"0,4022"
"5,3500";"0,1781";"0,4019"
"5,3600";"0,1785";"0,4034"
"5,3700";"0,1789";"0,4030"
"5,3800";"0,1792";"0,4026"
"5,3900";"0,1796";"0,4034"
"5,4000";"0,1799";"0,4062"
"5,4100";"0,1803";"0,4092"
"5,4200";"0,1806";"0,4102"
"5,4300";"0,1810";"0,4103"
"5,4400";"0,1812";"0,4109"
"5,4500";"0,1816";"0,4117"
"5,4600";"0,1818";"0,4129"
"5,4700";"0,1822";"0,4142"
"5,4800";"0,1824";"0,4151"
"5,4900";"0,1827";"0,4148"
"5,5000";"0,1831";"0,4143"
"5,5100";"0,1835";"0,4151"
"5,5200";"0,1838";"0,4176"
"5,5300";"0,1842";"0,4199"
"5,5400";"0,1845";"0,4201"
"5,5500";"0,1849";"0,4187"
"5,5600";"0,1853";"0,4196"
"5,5700";"0,1857";"0,4227"
"5,5800";"0,1861";"0,4242"
"5,5900";"0,1864";"0,4228"
"5,6000";"0,1868";"0,4222"
"5,6100";"0,1871";"0,4237"
"5,6200";"0,1874";"0,4273"
"5,6300";"0,1876";"0,4277"
"5,6400";"0,1879";"0,4270"
"5,6500";"0,1883";"0,4276"
"5,6600";"0,1887";"0,4285"
"5,6700";"0,1890";"0,4303"
"5,6800";"0,1892";"0,4328"
"5,6900";"0,1896";"0,4354"
"5,7000";"0,1900";"0,4356"
"5,7100";"0,1903";"0,4337"
"5,7200";"0,1907";"0,4333"
"5,7300";"0,1910";"0,4363"
"5,7400";"0,1914";"0,4405"
"5,7500";"0,1917";"0,4430"
"5,7600";"0,1921";"0,4427"
"5,7700";"0,1923";"0,4412"
"5,7800";"0,1927";"0,4412"
"5,7900";"0,1929";"0,4426"
"5,8000";"0,1933";"0,4448"
"5,8100";"0,1936";"0,4476"
"5,8200";"0,1940";"0,4490"
"5,8300";"0,1943";"0,4473"
"5,8400";"0,1947";"0,4452"
"5,8500";"0,1950";"0,4456"
"5,8600";"0,1954";"0,4483"
"5,8700";"0,1957";"0,4507"
"5,8800";"0,1961";"0,4503"
"5,8900";"0,1964";"0,4494"
"5,9000";"0,1968";"0,4512"
"5,9100";"0,1970";"0,4527"
"5,9200";"0,1974";"0,4537"
"5,9300";"0,1977";"0,4548"
"5,9400";"0,1981";"0,4562"
"5,9500";"0,1985";"0,4562"
"5,9600";"0,1987";"0,4572"
"5,9700";"0,1989";"0,4594"
"5,9800";"0,1993";"0,4620"
"5,9900";"0,1996";"0,4630"
"6,0000";"0,1999";"0,4616"
"6,0100";"0,2002";"0,4601"
"6,0200";"0,2006";"0,4603"
"6,0300";"0,2009";"0,4624"
"6,0400";"0,2013";"0,4647"
"6,0500";"0,2015";"0,4648"
"6,0600";"0,2019";"0,4646"
"6,0700";"0,2022";"0,4666"
"6,0800";"0,2026";"0,4681"
"6,0900";"0,2029";"0,4702"
"6,1000";"0,2033";"0,4722"
"6,1100";"0,2036";"0,4743"
"6,1200";"0,2039";"0,4732"
"6,1300";"0,2041";"0,4715"
"6,1400";"0,2044";"0,4713"
"6,1500";"0,2047";"0,4725"
"6,1600";"0,2051";"0,4739"
"6,1700";"0,2053";"0,4734"
"6,1800";"0,2057";"0,4748"
"6,1900";"0,2060";"0,4772"
"6,2000";"0,2065";"0,4793"
"6,2100";"0,2068";"0,4808"
"6,2200";"0,2072";"0,4806"
"6,2300";"0,2075";"0,4803"
"6,2400";"0,2079";"0,4791"
"6,2500";"0,2082";"0,4790"
"6,2600";"0,2086";"0,4804"
"6,2700";"0,2090";"0,4830"
"6,2800";"0,2093";"0,4862"
"6,2900";"0,2097";"0,4887"
"6,3000";"0,2099";"0,4904"
"6,3100";"0,2103";"0,4917"
"6,3200";"0,2106";"0,4924"
"6,3300";"0,2110";"0,4914"
"6,3400";"0,2112";"0,4895"
"6,3500";"0,2116";"0,4891"
"6,3600";"0,2119";"0,4898"
"6,3700";"0,2123";"0,4924"
"6,3800";"0,2126";"0,4965"
"6,3900";"0,2130";"0,5008"
"6,4000";"0,2133";"0,5037"
"6,4100";"0,2138";"0,5034"
"6,4200";"0,2142";"0,5003"
"6,4300";"0,2144";"0,4982"
"6,4400";"0,2147";"0,4992"
"6,4500";"0,2150";"0,5012"
"6,4600";"0,2152";"0,5030"
"6,4700";"0,2156";"0,5037"
"6,4800";"0,2159";"0,5051"
"6,4900";"0,2163";"0,5074"
"6,5000";"0,2166";"0,5089"
"6,5100";"0,2170";"0,5098"
"6,5200";"0,2172";"0,5102"
"6,5300";"0,2176";"0,5109"
"6,5400";"0,2179";"0,5112"
"6,5500";"0,2183";"0,5105"
"6,5600";"0,2186";"0,5111"
"6,5700";"0,2190";"0,5122"
"6,5800";"0,2193";"0,5121"
"6,5900";"0,2197";"0,5112"
"6,6000";"0,2201";"0,5122"
"6,6100";"0,2204";"0,5142"
"6,6200";"0,2208";"0,5158"
"6,6300";"0,2210";"0,5181"
"6,6400";"0,2212";"0,5211"
"6,6500";"0,2216";"0,5237"
"6,6600";"0,2219";"0,5245"
"6,6700";"0,2223";"0,5241"
"6,6800";"0,2227";"0,5243"
"6,6900";"0,2230";"0,5253"
"6,7000";"0,2232";"0,5256"
"6,7100";"0,2236";"0,5254"
"6,7200";"0,2240";"0,5268"
"6,7300";"0,2243";"0,5286"
"6,7400";"0,2247";"0,5305"
"6,7500";"0,2250";"0,5318"
"6,7600";"0,2254";"0,5325"
"6,7700";"0,2257";"0,5344"
"6,7800";"0,2261";"0,5346"
"6,7900";"0,2264";"0,5348"
"6,8000";"0,2267";"0,5348"
"6,8100";"0,2269";"0,5355"
"6,8200";"0,2273";"0,5365"
"6,8300";"0,2275";"0,5366"
"6,8400";"0,2278";"0,5367"
"6,8500";"0,2282";"0,5392"
"6,8600";"0,2286";"0,5419"
"6,8700";"0,2289";"0,5428"
"6,8800";"0,2293";"0,5413"
"6,8900";"0,2296";"0,5415"
"6,9000";"0,2299";"0,5433"
"6,9100";"0,2303";"0,5446"
"6,9200";"0,2307";"0,5453"
"6,9300";"0,2310";"0,5464"
"6,9400";"0,2314";"0,5482"
"6,9500";"0,2316";"0,5503"
"6,9600";"0,2320";"0,5516"
"6,9700";"0,2322";"0,5533"
"6,9800";"0,2325";"0,5546"
"6,9900";"0,2328";"0,5538"
"7,0000";"0,2332";"0,5507"
"7,0100";"0,2334";"0,5486"
"7,0200";"0,2337";"0,5499"
"7,0300";"0,2341";"0,5533"
"7,0400";"0,2345";"0,5562"
"7,0500";"0,2348";"0,5591"
"7,0600";"0,2352";"0,5606"
"7,0700";"0,2355";"0,5616"
"7,0800";"0,2359";"0,5615"
"7,0900";"0,2362";"0,5615"
"7,1000";"0,2366";"0,5618"
"7,1100";"0,2369";"0,5627"
"7,1200";"0,2373";"0,5638"
"7,1300";"0,2375";"0,5663"
"7,1400";"0,2379";"0,5698"
"7,1500";"0,2382";"0,5725"
"7,1600";"0,2385";"0,5725"
"7,1700";"0,2388";"0,5690"
"7,1800";"0,2392";"0,5673"
"7,1900";"0,2395";"0,5685"
"7,2000";"0,2399";"0,5710"
"7,2100";"0,2402";"0,5746"
"7,2200";"0,2406";"0,5772"
"7,2300";"0,2410";"0,5780"
"7,2400";"0,2413";"0,5759"
"7,2500";"0,2417";"0,5737"
"7,2600";"0,2420";"0,5733"
"7,2700";"0,2424";"0,5736"
"7,2800";"0,2426";"0,5749"
"7,2900";"0,2431";"0,5764"
"7,3000";"0,2433";"0,5801"
"7,3100";"0,2437";"0,5838"
"7,3200";"0,2440";"0,5859"
"7,3300";"0,2443";"0,5854"
"7,3400";"0,2446";"0,5837"
"7,3500";"0,2448";"0,5834"
"7,3600";"0,2452";"0,5844"
"7,3700";"0,2456";"0,5866"
"7,3800";"0,2459";"0,5898"
"7,3900";"0,2463";"0,5942"
"7,4000";"0,2466";"0,5957"
"7,4100";"0,2469";"0,5947"
"7,4200";"0,2472";"0,5923"
"7,4300";"0,2476";"0,5909"
"7,4400";"0,2479";"0,5916"
"7,4500";"0,2483";"0,5939"
"7,4600";"0,2486";"0,5951"
"7,4700";"0,2490";"0,5977"
"7,4800";"0,2492";"0,6008"
"7,4900";"0,2496";"0,6024"
"7,5000";"0,2498";"0,6027"
"7,5100";"0,2502";"0,6030"
"7,5200";"0,2505";"0,6035"
"7,5300";"0,2507";"0,6045"
"7,5400";"0,2511";"0,6055"
"7,5500";"0,2515";"0,6060"
"7,5600";"0,2518";"0,6065"
"7,5700";"0,2522";"0,6067"
"7,5800";"0,2526";"0,6060"
"7,5900";"0,2530";"0,6068"
"7,6000";"0,2533";"0,6096"
"7,6100";"0,2537";"0,6129"
"7,6200";"0,2541";"0,6135"
"7,6300";"0,2544";"0,6128"
"7,6400";"0,2548";"0,6128"
"7,6500";"0,2550";"0,6146"
"7,6600";"0,2554";"0,6164"
"7,6700";"0,2557";"0,6171"
"7,6800";"0,2559";"0,6191"
"7,6900";"0,2563";"0,6217"
"7,7000";"0,2567";"0,6235"
"7,7100";"0,2570";"0,6253"
"7,7200";"0,2574";"0,6267"
"7,7300";"0,2577";"0,6265"
"7,7400";"0,2581";"0,6249"
"7,7500";"0,2584";"0,6220"
"7,7600";"0,2589";"0,6215"
"7,7700";"0,2592";"0,6239"
"7,7800";"0,2596";"0,6275"
"7,7900";"0,2598";"0,6317"
"7,8000";"0,2602";"0,6358"
"7,8100";"0,2604";"0,6383"
"7,8200";"0,2607";"0,6382"
"7,8300";"0,2610";"0,6357"
"7,8400";"0,2613";"0,6349"
"7,8500";"0,2616";"0,6348"
"7,8600";"0,2620";"0,6339"
"7,8700";"0,2622";"0,6343"
"7,8800";"0,2626";"0,6369"
"7,8900";"0,2629";"0,6415"
"7,9000";"0,2633";"0,6455"
"7,9100";"0,2636";"0,6455"
"7,9200";"0,2640";"0,6411"
"7,9300";"0,2643";"0,6409"
"7,9400";"0,2647";"0,6423"
"7,9500";"0,2649";"0,6443"
"7,9600";"0,2653";"0,6453"
"7,9700";"0,2656";"0,6452"
"7,9800";"0,2660";"0,6462"
"7,9900";"0,2662";"0,6494"
"8,0000";"0,2666";"0,6516"
"8,0100";"0,2668";"0,6524"
"8,0200";"0,2672";"0,6518"
"8,0300";"0,2675";"0,6496"
"8,0400";"0,2679";"0,6482"
"8,0500";"0,2682";"0,6519"
"8,0600";"0,2686";"0,6563"
"8,0700";"0,2688";"0,6588"
"8,0800";"0,2692";"0,6583"
"8,0900";"0,2695";"0,6590"
"8,1000";"0,2699";"0,6603"
"8,1100";"0,2702";"0,6612"
"8,1200";"0,2706";"0,6612"
"8,1300";"0,2709";"0,6616"
"8,1400";"0,2713";"0,6622"
"8,1500";"0,2715";"0,6640"
"8,1600";"0,2719";"0,6637"
"8,1700";"0,2722";"0,6641"
"8,1800";"0,2725";"0,6654"
"8,1900";"0,2728";"0,6669"
"8,2000";"0,2731";"0,6655"
"8,2100";"0,2734";"0,6635"
"8,2200";"0,2738";"0,6633"
"8,2300";"0,2741";"0,6650"
"8,2400";"0,2745";"0,6698"
"8,2500";"0,2748";"0,6756"
"8,2600";"0,2752";"0,6789"
"8,2700";"0,2755";"0,6792"
"8,2800";"0,2759";"0,6786"
"8,2900";"0,2762";"0,6792"
"8,3000";"0,2766";"0,6789"
"8,3100";"0,2770";"0,6790"
"8,3200";"0,2772";"0,6805"
"8,3300";"0,2775";"0,6831"
"8,3400";"0,2779";"0,6870"
"8,3500";"0,2781";"0,6896"
"8,3600";"0,2785";"0,6884"
"8,3700";"0,2788";"0,6859"
"8,3800";"0,2792";"0,6857"
"8,3900";"0,2796";"0,6865"
"8,4000";"0,2799";"0,6855"
"8,4100";"0,2803";"0,6845"
"8,4200";"0,2806";"0,6855"
"8,4300";"0,2810";"0,6909"
"8,4400";"0,2814";"0,6956"
"8,4500";"0,2818";"0,6967"
"8,4600";"0,2822";"0,6956"
"8,4700";"0,2824";"0,6954"
"8,4800";"0,2826";"0,6975"
"8,4900";"0,2830";"0,6990"
"8,5000";"0,2832";"0,7003"
"8,5100";"0,2836";"0,7022"
"8,5200";"0,2838";"0,7044"
"8,5300";"0,2842";"0,7060"
"8,5400";"0,2845";"0,7059"
"8,5500";"0,2849";"0,7057"
"8,5600";"0,2852";"0,7040"
"8,5700";"0,2856";"0,7030"
"8,5800";"0,2859";"0,7028"
"8,5900";"0,2863";"0,7047"
"8,6000";"0,2866";"0,7084"
"8,6100";"0,2870";"0,7106"
"8,6200";"0,2873";"0,7114"
"8,6300";"0,2876";"0,7120"
"8,6400";"0,2879";"0,7127"
"8,6500";"0,2883";"0,7125"
"8,6600";"0,2886";"0,7125"
"8,6700";"0,2890";"0,7142"
"8,6800";"0,2892";"0,7169"
"8,6900";"0,2895";"0,7190"
"8,7000";"0,2898";"0,7192"
"8,7100";"0,2902";"0,7188"
"8,7200";"0,2905";"0,7183"
"8,7300";"0,2909";"0,7200"
"8,7400";"0,2912";"0,7214"
"8,7500";"0,2915";"0,7230"
"8,7600";"0,2918";"0,7241"
"8,7700";"0,2922";"0,7254"
"8,7800";"0,2925";"0,7266"
"8,7900";"0,2929";"0,7284"
"8,8000";"0,2931";"0,7310"
"8,8100";"0,2935";"0,7327"
"8,8200";"0,2938";"0,7318"
"8,8300";"0,2941";"0,7298"
"8,8400";"0,2944";"0,7277"
"8,8500";"0,2948";"0,7279"
"8,8600";"0,2950";"0,7311"
"8,8700";"0,2954";"0,7342"
"8,8800";"0,2957";"0,7375"
"8,8900";"0,2960";"0,7388"
"8,9000";"0,2963";"0,7368"
"8,9100";"0,2967";"0,7359"
"8,9200";"0,2970";"0,7380"
"8,9300";"0,2975";"0,7405"
"8,9400";"0,2979";"0,7423"
"8,9500";"0,2982";"0,7428"
"8,9600";"0,2986";"0,7439"
"8,9700";"0,2989";"0,7462"
"8,9800";"0,2993";"0,7477"
"8,9900";"0,2995";"0,7470"
"9,0000";"0,2999";"0,7450"
"9,0100";"0,3002";"0,7443"
"9,0200";"0,3005";"0,7446"
"9,0300";"0,3008";"0,7474"
"9,0400";"0,3012";"0,7507"
"9,0500";"0,3015";"0,7541"
"9,0600";"0,3019";"0,7561"
"9,0700";"0,3022";"0,7561"
"9,0800";"0,3026";"0,7549"
"9,0900";"0,3029";"0,7556"
"9,1000";"0,3033";"0,7577"
"9,1100";"0,3036";"0,7588"
"9,1200";"0,3041";"0,7599"
"9,1300";"0,3045";"0,7625"
"9,1400";"0,3048";"0,7662"
"9,1500";"0,3052";"0,7685"
"9,1600";"0,3054";"0,7677"
"9,1700";"0,3058";"0,7652"
"9,1800";"0,3060";"0,7641"
"9,1900";"0,3064";"0,7653"
"9,2000";"0,3066";"0,7672"
"9,2100";"0,3069";"0,7701"
"9,2200";"0,3073";"0,7734"
"9,2300";"0,3077";"0,7750"
"9,2400";"0,3080";"0,7755"
"9,2500";"0,3084";"0,7742"
"9,2600";"0,3087";"0,7752"
"9,2700";"0,3091";"0,7755"
"9,2800";"0,3094";"0,7756"
"9,2900";"0,3098";"0,7770"
"9,3000";"0,3101";"0,7795"
"9,3100";"0,3105";"0,7824"
"9,3200";"0,3107";"0,7843"
"9,3300";"0,3111";"0,7840"
"9,3400";"0,3113";"0,7815"
"9,3500";"0,3117";"0,7800"
"9,3600";"0,3120";"0,7802"
"9,3700";"0,3123";"0,7832"
"9,3800";"0,3126";"0,7869"
"9,3900";"0,3130";"0,7888"
"9,4000";"0,3132";"0,7892"
"9,4100";"0,3136";"0,7896"
"9,4200";"0,3139";"0,7894"
"9,4300";"0,3143";"0,7894"
"9,4400";"0,3146";"0,7898"
"9,4500";"0,3150";"0,7908"
"9,4600";"0,3153";"0,7932"
"9,4700";"0,3157";"0,7955"
"9,4800";"0,3160";"0,7984"
"9,4900";"0,3164";"0,8014"
"9,5000";"0,3166";"0,8037"
"9,5100";"0,3170";"0,8026"
"9,5200";"0,3172";"0,7989"
"9,5300";"0,3176";"0,7956"
"9,5400";"0,3178";"0,7964"
"9,5500";"0,3182";"0,8016"
"9,5600";"0,3185";"0,8059"
"9,5700";"0,3189";"0,8073"
"9,5800";"0,3192";"0,8078"
"9,5900";"0,3196";"0,8085"
"9,6000";"0,3198";"0,8098"
"9,6100";"0,3202";"0,8105"
"9,6200";"0,3205";"0,8088"
"9,6300";"0,3209";"0,8080"
"9,6400";"0,3212";"0,8097"
"9,6500";"0,3216";"0,8112"
"9,6600";"0,3219";"0,8141"
"9,6700";"0,3223";"0,8186"
"9,6800";"0,3225";"0,8214"
"9,6900";"0,3229";"0,8216"
"9,7000";"0,3231";"0,8179"
"9,7100";"0,3235";"0,8147"
"9,7200";"0,3238";"0,8139"
"9,7300";"0,3242";"0,8162"
"9,7400";"0,3245";"0,8194"
"9,7500";"0,3249";"0,8226"
"9,7600";"0,3252";"0,8269"
"9,7700";"0,3256";"0,8299"
"9,7800";"0,3260";"0,8306"
"9,7900";"0,3264";"0,8298"
"9,8000";"0,3268";"0,8295"
"9,8100";"0,3271";"0,8306"
"9,8200";"0,3274";"0,8328"
"9,8300";"0,3277";"0,8364"
"9,8400";"0,3280";"0,8400"
"9,8500";"0,3283";"0,8417"
"9,8600";"0,3287";"0,8403"
"9,8700";"0,3290";"0,8374"
"9,8800";"0,3293";"0,8337"
"9,8900";"0,3296";"0,8318"
"9,9000";"0,3300";"0,8321"
"9,9100";"0,3303";"0,8358"
"9,9200";"0,3307";"0,8421"
"9,9300";"0,3310";"0,8461"
"9,9400";"0,3314";"0,8465"
"9,9500";"0,3317";"0,8447"
"9,9600";"0,3321";"0,8432"
"9,9700";"0,3324";"0,8420"
"9,9800";"0,3328";"0,8428"
"9,9900";"0,3332";"0,8442"
"10,0000";"0,3334";"0,8470"
"10,0100";"0,3337";"0,8511"
"10,0200";"0,3340";"0,8542"
"10,0300";"0,3342";"0,8561"
"10,0400";"0,3346";"0,8580"
"10,0500";"0,3349";"0,8574"
"10,0600";"0,3353";"0,8557"
"10,0700";"0,3356";"0,8536"
"10,0800";"0,3360";"0,8550"
"10,0900";"0,3363";"0,8594"
"10,1000";"0,3366";"0,8616"
"10,1100";"0,3369";"0,8627"
"10,1200";"0,3373";"0,8637"
"10,1300";"0,3376";"0,8652"
"10,1400";"0,3379";"0,8664"
"10,1500";"0,3382";"0,8672"
"10,1600";"0,3386";"0,8671"
"10,1700";"0,3389";"0,8685"
"10,1800";"0,3392";"0,8695"
"10,1900";"0,3395";"0,8704"
"10,2000";"0,3398";"0,8724"
"10,2100";"0,3401";"0,8747"
"10,2200";"0,3404";"0,8748"
"10,2300";"0,3407";"0,8713"
"10,2400";"0,3411";"0,8700"
"10,2500";"0,3413";"0,8728"
"10,2600";"0,3418";"0,8765"
"10,2700";"0,3421";"0,8783"
"10,2800";"0,3425";"0,8768"
"10,2900";"0,3428";"0,8760"
"10,3000";"0,3432";"0,8783"
"10,3100";"0,3435";"0,8822"
"10,3200";"0,3439";"0,8835"
"10,3300";"0,3442";"0,8834"
"10,3400";"0,3446";"0,8826"
"10,3500";"0,3448";"0,8824"
"10,3600";"0,3452";"0,8843"
"10,3700";"0,3454";"0,8873"
"10,3800";"0,3458";"0,8888"
"10,3900";"0,3461";"0,8893"
"10,4000";"0,3464";"0,8883"
"10,4100";"0,3467";"0,8894"
"10,4200";"0,3472";"0,8925"
"10,4300";"0,3476";"0,8948"
"10,4400";"0,3479";"0,8954"
"10,4500";"0,3483";"0,8962"
"10,4600";"0,3486";"0,8976"
"10,4700";"0,3490";"0,8994"
"10,4800";"0,3493";"0,9019"
"10,4900";"0,3496";"0,9037"
"10,5000";"0,3499";"0,9046"
"10,5100";"0,3503";"0,9039"
"10,5200";"0,3505";"0,9042"
"10,5300";"0,3509";"0,9061"
"10,5400";"0,3511";"0,9075"
"10,5500";"0,3515";"0,9093"
"10,5600";"0,3518";"0,9088"
"10,5700";"0,3522";"0,9068"
"10,5800";"0,3525";"0,9065"
"10,5900";"0,3529";"0,9084"
"10,6000";"0,3533";"0,9103"
"10,6100";"0,3537";"0,9114"
"10,6200";"0,3540";"0,9128"
"10,6300";"0,3544";"0,9146"
"10,6400";"0,3548";"0,9159"
"10,6500";"0,3551";"0,9175"
"10,6600";"0,3555";"0,9181"
"10,6700";"0,3558";"0,9194"
"10,6800";"0,3561";"0,9194"
"10,6900";"0,3564";"0,9210"
"10,7000";"0,3566";"0,9233"
"10,7100";"0,3570";"0,9259"
"10,7200";"0,3572";"0,9280"
"10,7300";"0,3576";"0,9282"
"10,7400";"0,3579";"0,9275"
"10,7500";"0,3582";"0,9275"
"10,7600";"0,3585";"0,9292"
"10,7700";"0,3589";"0,9297"
"10,7800";"0,3592";"0,9304"
"10,7900";"0,3595";"0,9310"
"10,8000";"0,3598";"0,9327"
"10,8100";"0,3602";"0,9361"
"10,8200";"0,3605";"0,9377"
"10,8300";"0,3609";"0,9373"
"10,8400";"0,3612";"0,9365"
"10,8500";"0,3616";"0,9364"
"10,8600";"0,3618";"0,9370"
"10,8700";"0,3621";"0,9385"
"10,8800";"0,3624";"0,9407"
"10,8900";"0,3628";"0,9428"
"10,9000";"0,3631";"0,9453"
"10,9100";"0,3635";"0,9466"
"10,9200";"0,3637";"0,9473"
"10,9300";"0,3642";"0,9466"
"10,9400";"0,3644";"0,9447"
"10,9500";"0,3649";"0,9428"
"10,9600";"0,3653";"0,9437"
"10,9700";"0,3656";"0,9477"
"10,9800";"0,3660";"0,9514"
"10,9900";"0,3663";"0,9543"
"11,0000";"0,3667";"0,9559"
"11,0100";"0,3669";"0,9562"
"11,0200";"0,3673";"0,9553"
"11,0300";"0,3675";"0,9550"
"11,0400";"0,3679";"0,9566"
"11,0500";"0,3682";"0,9585"
"11,0600";"0,3686";"0,9598"
"11,0700";"0,3688";"0,9621"
"11,0800";"0,3693";"0,9639"
"11,0900";"0,3696";"0,9654"
"11,1000";"0,3700";"0,9663"
"11,1100";"0,3703";"0,9663"
"11,1200";"0,3707";"0,9670"
"11,1300";"0,3710";"0,9685"
"11,1400";"0,3715";"0,9687"
"11,1500";"0,3719";"0,9689"
"11,1600";"0,3722";"0,9716"
"11,1700";"0,3725";"0,9757"
"11,1800";"0,3728";"0,9773"
"11,1900";"0,3732";"0,9772"
"11,2000";"0,3734";"0,9759"
"11,2100";"0,3738";"0,9761"
"11,2200";"0,3741";"0,9762"
"11,2300";"0,3744";"0,9766"
"11,2400";"0,3747";"0,9771"
"11,2500";"0,3751";"0,9788"
"11,2600";"0,3754";"0,9810"
"11,2700";"0,3758";"0,9837"
"11,2800";"0,3761";"0,9870"
"11,2900";"0,3765";"0,9901"
"11,3000";"0,3768";"0,9899"
"11,3100";"0,3772";"0,9871"
"11,3200";"0,3775";"0,9838"
"11,3300";"0,3779";"0,9837"
"11,3400";"0,3782";"0,9870"
"11,3500";"0,3786";"0,9925"
"11,3600";"0,3788";"0,9958"
"11,3700";"0,3791";"0,9974"
"11,3800";"0,3793";"0,9980"
"11,3900";"0,3797";"0,9981"
"11,4000";"0,3799";"0,9972"
"11,4100";"0,3803";"0,9957"
"11,4200";"0,3806";"0,9957"
"11,4300";"0,3808";"0,9967"
"11,4400";"0,3812";"0,9986"
"11,4500";"0,3816";"1,0020"
"11,4600";"0,3819";"1,0067"
"11,4700";"0,3823";"1,0076"
"11,4800";"0,3826";"1,0050"
"11,4900";"0,3829";"1,0030"
"11,5000";"0,3832";"1,0048"
"11,5100";"0,3836";"1,0069"
"11,5200";"0,3839";"1,0076"
"11,5300";"0,3843";"1,0081"
"11,5400";"0,3845";"1,0092"
"11,5500";"0,3849";"1,0102"
"11,5600";"0,3851";"1,0095"
"11,5700";"0,3855";"1,0094"
"11,5800";"0,3858";"1,0118"
"11,5900";"0,3862";"1,0151"
"11,6000";"0,3865";"1,0178"
"11,6100";"0,3869";"1,0177"
"11,6200";"0,3872";"1,0178"
"11,6300";"0,3876";"1,0190"
"11,6400";"0,3879";"1,0204"
"11,6500";"0,3883";"1,0214"
"11,6600";"0,3886";"1,0209"
"11,6700";"0,3890";"1,0224"
"11,6800";"0,3893";"1,0252"
"11,6900";"0,3896";"1,0275"
"11,7000";"0,3899";"1,0287"
"11,7100";"0,3902";"1,0297"
"11,7200";"0,3905";"1,0295"
"11,7300";"0,3909";"1,0293"
"11,7400";"0,3912";"1,0301"
"11,7500";"0,3916";"1,0310"
"11,7600";"0,3919";"1,0311"
"11,7700";"0,3923";"1,0318"
"11,7800";"0,3927";"1,0337"
"11,7900";"0,3930";"1,0387"
"11,8000";"0,3935";"1,0427"
"11,8100";"0,3938";"1,0448"
"11,8200";"0,3942";"1,0454"
"11,8300";"0,3944";"1,0454"
"11,8400";"0,3948";"1,0439"
"11,8500";"0,3950";"1,0415"
"11,8600";"0,3954";"1,0418"
"11,8700";"0,3956";"1,0452"
"11,8800";"0,3960";"1,0496"
"11,8900";"0,3963";"1,0520"
"11,9000";"0,3967";"1,0525"
"11,9100";"0,3969";"1,0521"
"11,9200";"0,3973";"1,0533"
"11,9300";"0,3976";"1,0541"
"11,9400";"0,3980";"1,0520"
"11,9500";"0,3983";"1,0499"
"11,9600";"0,3987";"1,0504"
"11,9700";"0,3990";"1,0545"
"11,9800";"0,3994";"1,0594"
"11,9900";"0,3997";"1,0610"
"12,0000";"0,4001";"1,0609"
"12,0100";"0,4004";"1,0589"
"12,0200";"0,4008";"1,0576"
"12,0300";"0,4010";"1,0589"
"12,0400";"0,4014";"1,0616"
"12,0500";"0,4016";"1,0637"
"12,0600";"0,4020";"1,0648"
"12,0700";"0,4022";"1,0662"
"12,0800";"0,4026";"1,0669"
"12,0900";"0,4029";"1,0676"
"12,1000";"0,4033";"1,0693"
"12,1100";"0,4036";"1,0703"
"12,1200";"0,4039";"1,0713"
"12,1300";"0,4042";"1,0712"
"12,1400";"0,4046";"1,0717"
"12,1500";"0,4049";"1,0743"
"12,1600";"0,4053";"1,0784"
"12,1700";"0,4056";"1,0812"
"12,1800";"0,4060";"1,0806"
"12,1900";"0,4062";"1,0796"
"12,2000";"0,4066";"1,0800"
"12,2100";"0,4068";"1,0823"
"12,2200";"0,4071";"1,0835"
"12,2300";"0,4074";"1,0835"
"12,2400";"0,4078";"1,0831"
"12,2500";"0,4081";"1,0843"
"12,2600";"0,4084";"1,0851"
"12,2700";"0,4087";"1,0852"
"12,2800";"0,4091";"1,0867"
"12,2900";"0,4094";"1,0875"
"12,3000";"0,4098";"1,0879"
"12,3100";"0,4101";"1,0878"
"12,3200";"0,4105";"1,0890"
"12,3300";"0,4108";"1,0915"
"12,3400";"0,4112";"1,0941"
"12,3500";"0,4115";"1,0965"
"12,3600";"0,4118";"1,0980"
"12,3700";"0,4121";"1,0987"
"12,3800";"0,4124";"1,0980"
"12,3900";"0,4127";"1,0977"
"12,4000";"0,4131";"1,0982"
"12,4100";"0,4134";"1,0992"
"12,4200";"0,4138";"1,1006"
"12,4300";"0,4141";"1,1019"
"12,4400";"0,4145";"1,1036"
"12,4500";"0,4148";"1,1083"
"12,4600";"0,4152";"1,1105"
"12,4700";"0,4157";"1,1091"
"12,4800";"0,4160";"1,1064"
"12,4900";"0,4164";"1,1068"
"12,5000";"0,4167";"1,1120"
"12,5100";"0,4171";"1,1166"
"12,5200";"0,4173";"1,1168"
"12,5300";"0,4176";"1,1163"
"12,5400";"0,4179";"1,1173"
"12,5500";"0,4183";"1,1189"
"12,5600";"0,4185";"1,1181"
"12,5700";"0,4189";"1,1168"
"12,5800";"0,4192";"1,1160"
"12,5900";"0,4196";"1,1157"
"12,6000";"0,4199";"1,1172"
"12,6100";"0,4203";"1,1215"
"12,6200";"0,4206";"1,1264"
"12,6300";"0,4210";"1,1295"
"12,6400";"0,4213";"1,1298"
"12,6500";"0,4217";"1,1286"
"12,6600";"0,4220";"1,1275"
"12,6700";"0,4224";"1,1268"
"12,6800";"0,4228";"1,1268"
"12,6900";"0,4230";"1,1278"
"12,7000";"0,4233";"1,1298"
"12,7100";"0,4237";"1,1323"
"12,7200";"0,4239";"1,1343"
"12,7300";"0,4243";"1,1378"
"12,7400";"0,4245";"1,1407"
"12,7500";"0,4249";"1,1404"
"12,7600";"0,4252";"1,1362"
"12,7700";"0,4256";"1,1333"
"12,7800";"0,4258";"1,1340"
"12,7900";"0,4262";"1,1393"
"12,8000";"0,4265";"1,1433"
"12,8100";"0,4269";"1,1441"
"12,8200";"0,4272";"1,1439"
"12,8300";"0,4276";"1,1446"
"12,8400";"0,4280";"1,1468"
"12,8500";"0,4283";"1,1484"
"12,8600";"0,4287";"1,1475"
"12,8700";"0,4289";"1,1465"
"12,8800";"0,4292";"1,1467"
"12,8900";"0,4295";"1,1492"
"12,9000";"0,4298";"1,1534"
"12,9100";"0,4301";"1,1575"
"12,9200";"0,4304";"1,1576"
"12,9300";"0,4308";"1,1552"
"12,9400";"0,4311";"1,1540"
"12,9500";"0,4315";"1,1549"
"12,9600";"0,4318";"1,1579"
"12,9700";"0,4322";"1,1603"
"12,9800";"0,4326";"1,1625"
"12,9900";"0,4329";"1,1654"
"13,0000";"0,4333";"1,1676"
"13,0100";"0,4336";"1,1673"
"13,0200";"0,4340";"1,1674"
"13,0300";"0,4343";"1,1679"
"13,0400";"0,4347";"1,1691"
"13,0500";"0,4349";"1,1688"
"13,0600";"0,4353";"1,1692"
"13,0700";"0,4356";"1,1713"
"13,0800";"0,4360";"1,1757"
"13,0900";"0,4362";"1,1784"
"13,1000";"0,4366";"1,1774"
"13,1100";"0,4370";"1,1760"
"13,1200";"0,4374";"1,1769"
"13,1300";"0,4377";"1,1767"
"13,1400";"0,4382";"1,1758"
"13,1500";"0,4386";"1,1771"
"13,1600";"0,4389";"1,1810"
"13,1700";"0,4392";"1,1845"
"13,1800";"0,4395";"1,1873"
"13,1900";"0,4398";"1,1883"
"13,2000";"0,4400";"1,1863"
"13,2100";"0,4403";"1,1837"
"13,2200";"0,4407";"1,1824"
"13,2300";"0,4409";"1,1824"
"13,2400";"0,4413";"1,1843"
"13,2500";"0,4416";"1,1881"
"13,2600";"0,4420";"1,1907"
"13,2700";"0,4424";"1,1940"
"13,2800";"0,4427";"1,1971"
"13,2900";"0,4431";"1,1978"
"13,3000";"0,4434";"1,1961"
"13,3100";"0,4438";"1,1947"
"13,3200";"0,4441";"1,1945"
"13,3300";"0,4445";"1,1967"
"13,3400";"0,4448";"1,2003"
"13,3500";"0,4452";"1,2029"
"13,3600";"0,4454";"1,2045"
"13,3700";"0,4458";"1,2062"
"13,3800";"0,4461";"1,2061"
"13,3900";"0,4464";"1,2046"
"13,4000";"0,4467";"1,2032"
"13,4100";"0,4471";"1,2039"
"13,4200";"0,4473";"1,2059"
"13,4300";"0,4477";"1,2091"
"13,4400";"0,4480";"1,2120"
"13,4500";"0,4484";"1,2136"
"13,4600";"0,4487";"1,2127"
"13,4700";"0,4491";"1,2122"
"13,4800";"0,4494";"1,2134"
"13,4900";"0,4498";"1,2155"
"13,5000";"0,4501";"1,2164"
"13,5100";"0,4505";"1,2171"
"13,5200";"0,4507";"1,2175"
"13,5300";"0,4511";"1,2194"
"13,5400";"0,4514";"1,2209"
"13,5500";"0,4517";"1,2213"
"13,5600";"0,4519";"1,2204"
"13,5700";"0,4523";"1,2218"
"13,5800";"0,4525";"1,2249"
"13,5900";"0,4529";"1,2268"
"13,6000";"0,4532";"1,2267"
"13,6100";"0,4535";"1,2259"
"13,6200";"0,4538";"1,2255"
"13,6300";"0,4542";"1,2261"
"13,6400";"0,4545";"1,2284"
"13,6500";"0,4549";"1,2320"
"13,6600";"0,4552";"1,2352"
"13,6700";"0,4556";"1,2348"
"13,6800";"0,4560";"1,2332"
"13,6900";"0,4563";"1,2324"
"13,7000";"0,4566";"1,2342"
"13,7100";"0,4569";"1,2376"
"13,7200";"0,4572";"1,2400"
"13,7300";"0,4576";"1,2417"
"13,7400";"0,4579";"1,2448"
"13,7500";"0,4582";"1,2474"
"13,7600";"0,4585";"1,2473"
"13,7700";"0,4589";"1,2453"
"13,7800";"0,4592";"1,2447"
"13,7900";"0,4596";"1,2453"
"13,8000";"0,4599";"1,2462"
"13,8100";"0,4603";"1,2485"
"13,8200";"0,4607";"1,2541"
"13,8300";"0,4610";"1,2563"
"13,8400";"0,4615";"1,2549"
"13,8500";"0,4617";"1,2536"
"13,8600";"0,4621";"1,2533"
"13,8700";"0,4623";"1,2546"
"13,8800";"0,4627";"1,2553"
"13,8900";"0,4629";"1,2556"
"13,9000";"0,4632";"1,2575"
"13,9100";"0,4636";"1,2597"
"13,9200";"0,4640";"1,2614"
"13,9300";"0,4643";"1,2627"
"13,9400";"0,4647";"1,2617"
"13,9500";"0,4650";"1,2604"
"13,9600";"0,4654";"1,2594"
"13,9700";"0,4657";"1,2601"
"13,9800";"0,4661";"1,2636"
"13,9900";"0,4664";"1,2680"
"14,0000";"0,4668";"1,2693"
"14,0100";"0,4671";"1,2681"
"14,0200";"0,4674";"1,2661"
"14,0300";"0,4677";"1,2676"
"14,0400";"0,4681";"1,2709"
"14,0500";"0,4683";"1,2724"
"14,0600";"0,4686";"1,2718"
"14,0700";"0,4689";"1,2711"
"14,0800";"0,4692";"1,2728"
"14,0900";"0,4695";"1,2754"
"14,1000";"0,4699";"1,2777"
"14,1100";"0,4701";"1,2794"
"14,1200";"0,4705";"1,2809"
"14,1300";"0,4708";"1,2801"
"14,1400";"0,4712";"1,2794"
"14,1500";"0,4715";"1,2813"
"14,1600";"0,4717";"1,2829"
"14,1700";"0,4721";"1,2830"
"14,1800";"0,4725";"1,2845"
"14,1900";"0,4728";"1,2876"
"14,2000";"0,4732";"1,2903"
"14,2100";"0,4735";"1,2913"
"14,2200";"0,4739";"1,2905"
"14,2300";"0,4741";"1,2903"
"14,2400";"0,4745";"1,2920"
"14,2500";"0,4747";"1,2931"
"14,2600";"0,4751";"1,2928"
"14,2700";"0,4754";"1,2937"
"14,2800";"0,4756";"1,2963"
"14,2900";"0,4760";"1,2995"
"14,3000";"0,4765";"1,3008"
"14,3100";"0,4768";"1,3010"
"14,3200";"0,4772";"1,3016"
"14,3300";"0,4775";"1,3020"
"14,3400";"0,4779";"1,3039"
"14,3500";"0,4782";"1,3048"
"14,3600";"0,4786";"1,3049"
"14,3700";"0,4790";"1,3054"
"14,3800";"0,4793";"1,3058"
"14,3900";"0,4797";"1,3079"
"14,4000";"0,4799";"1,3111"
"14,4100";"0,4802";"1,3132"
"14,4200";"0,4806";"1,3133"
"14,4300";"0,4810";"1,3123"
"14,4400";"0,4812";"1,3137"
"14,4500";"0,4815";"1,3155"
"14,4600";"0,4820";"1,3166"
"14,4700";"0,4823";"1,3173"
"14,4800";"0,4827";"1,3179"
"14,4900";"0,4831";"1,3205"
"14,5000";"0,4834";"1,3216"
"14,5100";"0,4838";"1,3229"
"14,5200";"0,4841";"1,3251"
"14,5300";"0,4844";"1,3260"
"14,5400";"0,4847";"1,3248"
"14,5500";"0,4850";"1,3235"
"14,5600";"0,4853";"1,3232"
"14,5700";"0,4857";"1,3260"
"14,5800";"0,4860";"1,3297"
"14,5900";"0,4864";"1,3315"
"14,6000";"0,4866";"1,3320"
"14,6100";"0,4871";"1,3333"
"14,6200";"0,4875";"1,3347"
"14,6300";"0,4878";"1,3346"
"14,6400";"0,4882";"1,3340"
"14,6500";"0,4885";"1,3336"
"14,6600";"0,4889";"1,3350"
"14,6700";"0,4891";"1,3361"
"14,6800";"0,4895";"1,3368"
"14,6900";"0,4898";"1,3388"
"14,7000";"0,4902";"1,3405"
"14,7100";"0,4905";"1,3405"
"14,7200";"0,4908";"1,3411"
"14,7300";"0,4911";"1,3445"
"14,7400";"0,4913";"1,3469"
"14,7500";"0,4917";"1,3479"
"14,7600";"0,4919";"1,3474"
"14,7700";"0,4923";"1,3480"
"14,7800";"0,4926";"1,3502"
"14,7900";"0,4930";"1,3508"
"14,8000";"0,4934";"1,3503"
"14,8100";"0,4936";"1,3515"
"14,8200";"0,4941";"1,3535"
"14,8300";"0,4944";"1,3558"
"14,8400";"0,4948";"1,3564"
"14,8500";"0,4950";"1,3563"
"14,8600";"0,4954";"1,3563"
"14,8700";"0,4957";"1,3568"
"14,8800";"0,4961";"1,3562"
"14,8900";"0,4964";"1,3571"
"14,9000";"0,4967";"1,3586"
"14,9100";"0,4970";"1,3611"
"14,9200";"0,4972";"1,3633"
"14,9300";"0,4976";"1,3656"
"14,9400";"0,4978";"1,3684"
"14,9500";"0,4982";"1,3692"
"14,9600";"0,4985";"1,3684"
"14,9700";"0,4988";"1,3675"
"14,9800";"0,4991";"1,3688"
"14,9900";"0,4995";"1,3710"
"15,0000";"0,4998";"1,3715"
"15,0100";"0,5003";"1,3716"
"15,0200";"0,5007";"1,3724"
"15,0300";"0,5010";"1,3733"
"15,0400";"0,5014";"1,3749"
"15,0500";"0,5016";"1,3747"
"15,0600";"0,5020";"1,3757"
"15,0700";"0,5022";"1,3786"
"15,0800";"0,5026";"1,3802"
"15,0900";"0,5028";"1,3808"
"15,1000";"0,5032";"1,3808"
"15,1100";"0,5035";"1,3805"
"15,1200";"0,5039";"1,3815"
"15,1300";"0,5042";"1,3842"
"15,1400";"0,5046";"1,3862"
"15,1500";"0,5049";"1,3882"
"15,1600";"0,5053";"1,3895"
"15,1700";"0,5056";"1,3894"
"15,1800";"0,5061";"1,3894"
"15,1900";"0,5063";"1,3897"
"15,2000";"0,5067";"1,3911"
"15,2100";"0,5070";"1,3919"
"15,2200";"0,5073";"1,3938"
"15,2300";"0,5076";"1,3955"
"15,2400";"0,5080";"1,3959"
"15,2500";"0,5083";"1,3962"
"15,2600";"0,5087";"1,3979"
"15,2700";"0,5091";"1,4005"
"15,2800";"0,5094";"1,4023"
"15,2900";"0,5098";"1,4027"
"15,3000";"0,5101";"1,4039"
"15,3100";"0,5105";"1,4066"
"15,3200";"0,5108";"1,4084"
"15,3300";"0,5112";"1,4085"
"15,3400";"0,5115";"1,4071"
"15,3500";"0,5118";"1,4075"
"15,3600";"0,5121";"1,4104"
"15,3700";"0,5125";"1,4118"
"15,3800";"0,5127";"1,4105"
"15,3900";"0,5131";"1,4099"
"15,4000";"0,5133";"1,4102"
"15,4100";"0,5135";"1,4122"
"15,4200";"0,5139";"1,4147"
"15,4300";"0,5141";"1,4170"
"15,4400";"0,5145";"1,4171"
"15,4500";"0,5148";"1,4171"
"15,4600";"0,5151";"1,4175"
"15,4700";"0,5154";"1,4185"
"15,4800";"0,5158";"1,4190"
"15,4900";"0,5161";"1,4187"
"15,5000";"0,5165";"1,4191"
"15,5100";"0,5168";"1,4225"
"15,5200";"0,5172";"1,4278"
"15,5300";"0,5177";"1,4315"
"15,5400";"0,5180";"1,4308"
"15,5500";"0,5184";"1,4280"
"15,5600";"0,5186";"1,4268"
"15,5700";"0,5189";"1,4277"
"15,5800";"0,5192";"1,4295"
"15,5900";"0,5194";"1,4302"
"15,6000";"0,5198";"1,4320"
"15,6100";"0,5200";"1,4348"
"15,6200";"0,5204";"1,4371"
"15,6300";"0,5207";"1,4369"
"15,6400";"0,5211";"1,4371"
"15,6500";"0,5215";"1,4378"
"15,6600";"0,5218";"1,4371"
"15,6700";"0,5222";"1,4363"
"15,6800";"0,5225";"1,4375"
"15,6900";"0,5229";"1,4410"
"15,7000";"0,5232";"1,4443"
"15,7100";"0,5236";"1,4468"
"15,7200";"0,5239";"1,4466"
"15,7300";"0,5243";"1,4459"
"15,7400";"0,5245";"1,4451"
"15,7500";"0,5249";"1,4457"
"15,7600";"0,5251";"1,4487"
"15,7700";"0,5255";"1,4514"
"15,7800";"0,5258";"1,4514"
"15,7900";"0,5262";"1,4512"
"15,8000";"0,5265";"1,4519"
"15,8100";"0,5269";"1,4548"
"15,8200";"0,5272";"1,4566"
"15,8300";"0,5276";"1,4554"
"15,8400";"0,5279";"1,4544"
"15,8500";"0,5283";"1,4566"
"15,8600";"0,5287";"1,4596"
"15,8700";"0,5289";"1,4613"
"15,8800";"0,5292";"1,4613"
"15,8900";"0,5295";"1,4607"
"15,9000";"0,5298";"1,4609"
"15,9100";"0,5302";"1,4613"
"15,9200";"0,5304";"1,4618"
"15,9300";"0,5308";"1,4639"
"15,9400";"0,5311";"1,4667"
"15,9500";"0,5315";"1,4700"
"15,9600";"0,5318";"1,4707"
"15,9700";"0,5322";"1,4702"
"15,9800";"0,5325";"1,4703"
"15,9900";"0,5329";"1,4711"
"16,0000";"0,5333";"1,4717"
"16,0100";"0,5336";"1,4728"
"16,0200";"0,5340";"1,4750"
"16,0300";"0,5343";"1,4764"
"16,0400";"0,5347";"1,4780"
"16,0500";"0,5350";"1,4802"
"16,0600";"0,5354";"1,4810"
"16,0700";"0,5356";"1,4811"
"16,0800";"0,5359";"1,4810"
"16,0900";"0,5362";"1,4811"
"16,1000";"0,5366";"1,4826"
"16,1100";"0,5368";"1,4839"
"16,1200";"0,5372";"1,4836"
"16,1300";"0,5375";"1,4845"
"16,1400";"0,5379";"1,4871"
"16,1500";"0,5382";"1,4891"
"16,1600";"0,5385";"1,4910"
"16,1700";"0,5388";"1,4903"
"16,1800";"0,5392";"1,4893"
"16,1900";"0,5395";"1,4906"
"16,2000";"0,5399";"1,4918"
"16,2100";"0,5403";"1,4929"
"16,2200";"0,5406";"1,4952"
"16,2300";"0,5409";"1,4981"
"16,2400";"0,5413";"1,5000"
"16,2500";"0,5415";"1,4995"
"16,2600";"0,5419";"1,4986"
"16,2700";"0,5421";"1,4983"
"16,2800";"0,5425";"1,4984"
"16,2900";"0,5427";"1,4994"
"16,3000";"0,5431";"1,5009"
"16,3100";"0,5434";"1,5023"
"16,3200";"0,5438";"1,5040"
"16,3300";"0,5441";"1,5053"
"16,3400";"0,5445";"1,5066"
"16,3500";"0,5448";"1,5074"
"16,3600";"0,5452";"1,5077"
"16,3700";"0,5455";"1,5084"
"16,3800";"0,5460";"1,5104"
"16,3900";"0,5462";"1,5141"
"16,4000";"0,5466";"1,5167"
"16,4100";"0,5470";"1,5169"
"16,4200";"0,5472";"1,5156"
"16,4300";"0,5475";"1,5162"
"16,4400";"0,5479";"1,5182"
"16,4500";"0,5481";"1,5200"
"16,4600";"0,5486";"1,5209"
"16,4700";"0,5490";"1,5210"
"16,4800";"0,5493";"1,5213"
"16,4900";"0,5497";"1,5226"
"16,5000";"0,5500";"1,5221"
"16,5100";"0,5504";"1,5229"
"16,5200";"0,5507";"1,5259"
"16,5300";"0,5511";"1,5272"
"16,5400";"0,5514";"1,5276"
"16,5500";"0,5517";"1,5283"
"16,5600";"0,5520";"1,5309"
"16,5700";"0,5524";"1,5323"
"16,5800";"0,5526";"1,5331"
"16,5900";"0,5530";"1,5332"
"16,6000";"0,5533";"1,5343"
"16,6100";"0,5537";"1,5350"
"16,6200";"0,5540";"1,5352"
"16,6300";"0,5544";"1,5367"
"16,6400";"0,5547";"1,5400"
"16,6500";"0,5551";"1,5426"
"16,6600";"0,5555";"1,5419"
"16,6700";"0,5558";"1,5393"
"16,6800";"0,5562";"1,5383"
"16,6900";"0,5565";"1,5411"
"16,7000";"0,5569";"1,5438"
"16,7100";"0,5571";"1,5456"
"16,7200";"0,5575";"1,5461"
"16,7300";"0,5578";"1,5478"
"16,7400";"0,5580";"1,5484"
"16,7500";"0,5583";"1,5480"
"16,7600";"0,5586";"1,5481"
"16,7700";"0,5589";"1,5501"
"16,7800";"0,5592";"1,5500"
"16,7900";"0,5596";"1,5492"
"16,8000";"0,5599";"1,5512"
"16,8100";"0,5603";"1,5548"
"16,8200";"0,5606";"1,5571"
"16,8300";"0,5610";"1,5584"
"16,8400";"0,5614";"1,5596"
"16,8500";"0,5617";"1,5603"
"16,8600";"0,5621";"1,5599"
"16,8700";"0,5624";"1,5587"
"16,8800";"0,5628";"1,5588"
"16,8900";"0,5631";"1,5603"
"16,9000";"0,5635";"1,5620"
"16,9100";"0,5637";"1,5633"
"16,9200";"0,5640";"1,5640"
"16,9300";"0,5643";"1,5666"
"16,9400";"0,5645";"1,5676"
"16,9500";"0,5649";"1,5671"
"16,9600";"0,5652";"1,5669"
"16,9700";"0,5656";"1,5680"
"16,9800";"0,5658";"1,5700"
"16,9900";"0,5662";"1,5726"
"17,0000";"0,5665";"1,5734"
"17,0100";"0,5669";"1,5744"
"17,0200";"0,5673";"1,5746"
"17,0300";"0,5676";"1,5755"
"17,0400";"0,5680";"1,5762"
"17,0500";"0,5684";"1,5773"
"17,0600";"0,5688";"1,5781"
"17,0700";"0,5690";"1,5799"
"17,0800";"0,5694";"1,5816"
"17,0900";"0,5696";"1,5845"
"17,1000";"0,5700";"1,5865"
"17,1100";"0,5703";"1,5854"
"17,1200";"0,5707";"1,5835"
"17,1300";"0,5710";"1,5823"
"17,1400";"0,5713";"1,5835"
"17,1500";"0,5717";"1,5862"
"17,1600";"0,5721";"1,5883"
"17,1700";"0,5725";"1,5905"
"17,1800";"0,5728";"1,5923"
"17,1900";"0,5732";"1,5933"
"17,2000";"0,5735";"1,5919"
"17,2100";"0,5737";"1,5910"
"17,2200";"0,5741";"1,5914"
"17,2300";"0,5743";"1,5939"
"17,2400";"0,5747";"1,5951"
"17,2500";"0,5749";"1,5959"
"17,2600";"0,5753";"1,5976"
"17,2700";"0,5756";"1,5998"
"17,2800";"0,5760";"1,6016"
"17,2900";"0,5763";"1,6022"
"17,3000";"0,5767";"1,6017"
"17,3100";"0,5769";"1,6010"
"17,3200";"0,5773";"1,6012"
"17,3300";"0,5776";"1,6033"
"17,3400";"0,5780";"1,6064"
"17,3500";"0,5784";"1,6103"
"17,3600";"0,5787";"1,6124"
"17,3700";"0,5791";"1,6116"
"17,3800";"0,5794";"1,6103"
"17,3900";"0,5798";"1,6110"
"17,4000";"0,5801";"1,6128"
"17,4100";"0,5804";"1,6134"
"17,4200";"0,5807";"1,6138"
"17,4300";"0,5810";"1,6137"
"17,4400";"0,5812";"1,6144"
"17,4500";"0,5815";"1,6158"
"17,4600";"0,5819";"1,6173"
"17,4700";"0,5822";"1,6196"
"17,4800";"0,5826";"1,6206"
"17,4900";"0,5830";"1,6202"
"17,5000";"0,5832";"1,6205"
"17,5100";"0,5837";"1,6223"
"17,5200";"0,5839";"1,6232"
"17,5300";"0,5843";"1,6207"
"17,5400";"0,5846";"1,6192"
"17,5500";"0,5850";"1,6219"
"17,5600";"0,5853";"1,6259"
"17,5700";"0,5857";"1,6282"
"17,5800";"0,5859";"1,6288"
"17,5900";"0,5861";"1,6288"
"17,6000";"0,5865";"1,6298"
"17,6100";"0,5867";"1,6311"
"17,6200";"0,5871";"1,6332"
"17,6300";"0,5874";"1,6357"
"17,6400";"0,5877";"1,6370"
"17,6500";"0,5880";"1,6361"
"17,6600";"0,5884";"1,6353"
"17,6700";"0,5887";"1,6355"
"17,6800";"0,5891";"1,6390"
"17,6900";"0,5895";"1,6428"
"17,7000";"0,5899";"1,6435"
"17,7100";"0,5903";"1,6425"
"17,7200";"0,5906";"1,6427"
"17,7300";"0,5910";"1,6436"
"17,7400";"0,5913";"1,6431"
"17,7500";"0,5917";"1,6425"
"17,7600";"0,5919";"1,6422"
"17,7700";"0,5923";"1,6435"
"17,7800";"0,5925";"1,6464"
"17,7900";"0,5929";"1,6510"
"17,8000";"0,5932";"1,6536"
"17,8100";"0,5935";"1,6531"
"17,8200";"0,5938";"1,6508"
"17,8300";"0,5942";"1,6487"
"17,8400";"0,5945";"1,6512"
"17,8500";"0,5949";"1,6556"
"17,8600";"0,5952";"1,6577"
"17,8700";"0,5956";"1,6568"
"17,8800";"0,5959";"1,6563"
"17,8900";"0,5963";"1,6593"
"17,9000";"0,5967";"1,6607"
"17,9100";"0,5969";"1,6621"
"17,9200";"0,5972";"1,6634"
"17,9300";"0,5975";"1,6653"
"17,9400";"0,5978";"1,6666"
"17,9500";"0,5982";"1,6667"
"17,9600";"0,5985";"1,6660"
"17,9700";"0,5989";"1,6660"
"17,9800";"0,5992";"1,6675"
"17,9900";"0,5996";"1,6696"
"18,0000";"0,6000";"1,6719"
"18,0100";"0,6003";"1,6732"
"18,0200";"0,6007";"1,6742"
"18,0300";"0,6010";"1,6750"
"18,0400";"0,6014";"1,6746"
"18,0500";"0,6017";"1,6740"
"18,0600";"0,6020";"1,6741"
"18,0700";"0,6023";"1,6763"
"18,0800";"0,6027";"1,6797"
"18,0900";"0,6029";"1,6834"
"18,1000";"0,6033";"1,6846"
"18,1100";"0,6035";"1,6824"
"18,1200";"0,6039";"1,6809"
"18,1300";"0,6042";"1,6828"
"18,1400";"0,6046";"1,6861"
"18,1500";"0,6048";"1,6881"
"18,1600";"0,6052";"1,6871"
"18,1700";"0,6055";"1,6870"
"18,1800";"0,6059";"1,6879"
"18,1900";"0,6062";"1,6889"
"18,2000";"0,6066";"1,6888"
"18,2100";"0,6069";"1,6892"
"18,2200";"0,6073";"1,6918"
"18,2300";"0,6076";"1,6937"
"18,2400";"0,6080";"1,6962"
"18,2500";"0,6083";"1,6964"
"18,2600";"0,6086";"1,6962"
"18,2700";"0,6089";"1,6970"
"18,2800";"0,6092";"1,6961"
"18,2900";"0,6095";"1,6948"
"18,3000";"0,6099";"1,6960"
"18,3100";"0,6101";"1,6975"
"18,3200";"0,6105";"1,7005"
"18,3300";"0,6108";"1,7037"
"18,3400";"0,6112";"1,7072"
"18,3500";"0,6115";"1,7086"
"18,3600";"0,6119";"1,7069"
"18,3700";"0,6122";"1,7062"
"18,3800";"0,6126";"1,7080"
"18,3900";"0,6129";"1,7094"
"18,4000";"0,6133";"1,7090"
"18,4100";"0,6137";"1,7071"
"18,4200";"0,6140";"1,7081"
"18,4300";"0,6144";"1,7110"
"18,4400";"0,6146";"1,7134"
"18,4500";"0,6150";"1,7137"
"18,4600";"0,6152";"1,7143"
"18,4700";"0,6155";"1,7162"
"18,4800";"0,6159";"1,7185"
"18,4900";"0,6162";"1,7194"
"18,5000";"0,6166";"1,7187"
"18,5100";"0,6170";"1,7177"
"18,5200";"0,6173";"1,7182"
"18,5300";"0,6177";"1,7213"
"18,5400";"0,6180";"1,7246"
"18,5500";"0,6184";"1,7266"
"18,5600";"0,6187";"1,7269"
"18,5700";"0,6191";"1,7277"
"18,5800";"0,6194";"1,7277"
"18,5900";"0,6197";"1,7284"
"18,6000";"0,6200";"1,7276"
"18,6100";"0,6204";"1,7264"
"18,6200";"0,6207";"1,7275"
"18,6300";"0,6210";"1,7317"
"18,6400";"0,6213";"1,7349"
"18,6500";"0,6217";"1,7358"
"18,6600";"0,6220";"1,7356"
"18,6700";"0,6224";"1,7373"
"18,6800";"0,6227";"1,7386"
"18,6900";"0,6231";"1,7388"
"18,7000";"0,6235";"1,7383"
"18,7100";"0,6238";"1,7394"
"18,7200";"0,6242";"1,7413"
"18,7300";"0,6245";"1,7431"
"18,7400";"0,6247";"1,7435"
"18,7500";"0,6251";"1,7444"
"18,7600";"0,6255";"1,7460"
"18,7700";"0,6257";"1,7469"
"18,7800";"0,6259";"1,7460"
"18,7900";"0,6263";"1,7458"
"18,8000";"0,6265";"1,7476"
"18,8100";"0,6269";"1,7502"
"18,8200";"0,6272";"1,7505"
"18,8300";"0,6276";"1,7508"
"18,8400";"0,6279";"1,7517"
"18,8500";"0,6283";"1,7530"
"18,8600";"0,6285";"1,7544"
"18,8700";"0,6289";"1,7561"
"18,8800";"0,6292";"1,7576"
"18,8900";"0,6296";"1,7577"
"18,9000";"0,6299";"1,7574"
"18,9100";"0,6303";"1,7568"
"18,9200";"0,6305";"1,7583"
"18,9300";"0,6309";"1,7597"
"18,9400";"0,6311";"1,7605"
"18,9500";"0,6315";"1,7616"
"18,9600";"0,6317";"1,7634"
"18,9700";"0,6321";"1,7659"
"18,9800";"0,6324";"1,7662"
"18,9900";"0,6328";"1,7648"
"19,0000";"0,6331";"1,7647"
"19,0100";"0,6335";"1,7665"
"19,0200";"0,6338";"1,7690"
"19,0300";"0,6342";"1,7702"
"19,0400";"0,6345";"1,7703"
"19,0500";"0,6349";"1,7702"
"19,0600";"0,6353";"1,7704"
"19,0700";"0,6356";"1,7716"
"19,0800";"0,6361";"1,7745"
"19,0900";"0,6364";"1,7768"
"19,1000";"0,6367";"1,7789"
"19,1100";"0,6370";"1,7805"
"19,1200";"0,6373";"1,7817"
"19,1300";"0,6376";"1,7826"
"19,1400";"0,6380";"1,7816"
"19,1500";"0,6382";"1,7807"
"19,1600";"0,6386";"1,7807"
"19,1700";"0,6389";"1,7834"
"19,1800";"0,6393";"1,7863"
"19,1900";"0,6396";"1,7890"
"19,2000";"0,6400";"1,7906"
"19,2100";"0,6403";"1,7916"
"19,2200";"0,6407";"1,7908"
"19,2300";"0,6410";"1,7887"
"19,2400";"0,6414";"1,7890"
"19,2500";"0,6416";"1,7916"
"19,2600";"0,6420";"1,7942"
"19,2700";"0,6422";"1,7943"
"19,2800";"0,6426";"1,7944"
"19,2900";"0,6429";"1,7974"
"19,3000";"0,6433";"1,7998"
"19,3100";"0,6435";"1,7997"
"19,3200";"0,6439";"1,7971"
"19,3300";"0,6442";"1,7951"
"19,3400";"0,6446";"1,7959"
"19,3500";"0,6449";"1,7988"
"19,3600";"0,6452";"1,8016"
"19,3700";"0,6455";"1,8033"
"19,3800";"0,6459";"1,8045"
"19,3900";"0,6462";"1,8062"
"19,4000";"0,6466";"1,8066"
"19,4100";"0,6468";"1,8064"
"19,4200";"0,6472";"1,8069"
"19,4300";"0,6475";"1,8078"
"19,4400";"0,6479";"1,8088"
"19,4500";"0,6481";"1,8107"
"19,4600";"0,6485";"1,8132"
"19,4700";"0,6487";"1,8135"
"19,4800";"0,6491";"1,8129"
"19,4900";"0,6494";"1,8128"
"19,5000";"0,6498";"1,8140"
"19,5100";"0,6501";"1,8148"
"19,5200";"0,6505";"1,8154"
"19,5300";"0,6508";"1,8174"
"19,5400";"0,6512";"1,8195"
"19,5500";"0,6515";"1,8212"
"19,5600";"0,6519";"1,8212"
"19,5700";"0,6523";"1,8221"
"19,5800";"0,6526";"1,8240"
"19,5900";"0,6528";"1,8263"
"19,6000";"0,6532";"1,8268"
"19,6100";"0,6536";"1,8252"
"19,6200";"0,6538";"1,8244"
"19,6300";"0,6540";"1,8262"
"19,6400";"0,6544";"1,8289"
"19,6500";"0,6546";"1,8296"
"19,6600";"0,6550";"1,8279"
"19,6700";"0,6553";"1,8273"
"19,6800";"0,6557";"1,8292"
"19,6900";"0,6560";"1,8309"
"19,7000";"0,6565";"1,8322"
"19,7100";"0,6569";"1,8330"
"19,7200";"0,6572";"1,8344"
"19,7300";"0,6576";"1,8369"
"19,7400";"0,6580";"1,8384"
"19,7500";"0,6584";"1,8387"
"19,7600";"0,6587";"1,8379"
"19,7700";"0,6591";"1,8372"
"19,7800";"0,6595";"1,8387"
"19,7900";"0,6597";"1,8420"
"19,8000";"0,6600";"1,8442"
"19,8100";"0,6603";"1,8453"
"19,8200";"0,6606";"1,8463"
"19,8300";"0,6609";"1,8485"
"19,8400";"0,6612";"1,8491"
"19,8500";"0,6616";"1,8473"
"19,8600";"0,6618";"1,8454"
"19,8700";"0,6622";"1,8465"
"19,8800";"0,6625";"1,8499"
"19,8900";"0,6629";"1,8524"
"19,9000";"0,6632";"1,8528"
"19,9100";"0,6636";"1,8524"
"19,9200";"0,6639";"1,8536"
"19,9300";"0,6642";"1,8563"
"19,9400";"0,6645";"1,8572"
"19,9500";"0,6648";"1,8575"
"19,9600";"0,6651";"1,8578"
"19,9700";"0,6654";"1,8579"
"19,9800";"0,6657";"1,8588"
"19,9900";"0,6661";"1,8596"
"20,0000";"0,6664";"1,8606"
"20,0100";"0,6668";"1,8602"
"20,0200";"0,6671";"1,8608"
"20,0300";"0,6675";"1,8641"
"20,0400";"0,6678";"1,8685"
"20,0500";"0,6682";"1,8708"
"20,0600";"0,6685";"1,8703"
"20,0700";"0,6689";"1,8699"
"20,0800";"0,6693";"1,8701"
"20,0900";"0,6696";"1,8709"
"20,1000";"0,6700";"1,8714"
"20,1100";"0,6703";"1,8724"
"20,1200";"0,6707";"1,8735"
"20,1300";"0,6709";"1,8739"
"20,1400";"0,6713";"1,8732"
"20,1500";"0,6716";"1,8728"
"20,1600";"0,6719";"1,8745"
"20,1700";"0,6722";"1,8774"
"20,1800";"0,6726";"1,8797"
"20,1900";"0,6729";"1,8800"
"20,2000";"0,6733";"1,8815"
"20,2100";"0,6736";"1,8850"
"20,2200";"0,6739";"1,8874"
"20,2300";"0,6742";"1,8861"
"20,2400";"0,6746";"1,8829"
"20,2500";"0,6749";"1,8819"
"20,2600";"0,6753";"1,8834"
"20,2700";"0,6756";"1,8874"
"20,2800";"0,6759";"1,8905"
"20,2900";"0,6762";"1,8927"
"20,3000";"0,6765";"1,8949"
"20,3100";"0,6768";"1,8945"
"20,3200";"0,6770";"1,8926"
"20,3300";"0,6774";"1,8911"
"20,3400";"0,6778";"1,8905"
"20,3500";"0,6781";"1,8896"
"20,3600";"0,6785";"1,8923"
"20,3700";"0,6788";"1,8981"
"20,3800";"0,6792";"1,9030"
"20,3900";"0,6795";"1,9046"
"20,4000";"0,6799";"1,9032"
"20,4100";"0,6802";"1,9014"
"20,4200";"0,6806";"1,9014"
"20,4300";"0,6809";"1,9020"
"20,4400";"0,6813";"1,9036"
"20,4500";"0,6817";"1,9065"
"20,4600";"0,6820";"1,9094"
"20,4700";"0,6822";"1,9106"
"20,4800";"0,6826";"1,9097"
"20,4900";"0,6830";"1,9090"
"20,5000";"0,6833";"1,9099"
"20,5100";"0,6837";"1,9094"
"20,5200";"0,6840";"1,9085"
"20,5300";"0,6844";"1,9087"
"20,5400";"0,6847";"1,9113"
"20,5500";"0,6851";"1,9142"
"20,5600";"0,6854";"1,9148"
"20,5700";"0,6858";"1,9141"
"20,5800";"0,6863";"1,9154"
"20,5900";"0,6865";"1,9190"
"20,6000";"0,6868";"1,9225"
"20,6100";"0,6871";"1,9231"
"20,6200";"0,6874";"1,9220"
"20,6300";"0,6877";"1,9205"
"20,6400";"0,6880";"1,9212"
"20,6500";"0,6884";"1,9231"
"20,6600";"0,6887";"1,9246"
"20,6700";"0,6891";"1,9250"
"20,6800";"0,6894";"1,9248"
"20,6900";"0,6899";"1,9258"
"20,7000";"0,6903";"1,9293"
"20,7100";"0,6906";"1,9331"
"20,7200";"0,6910";"1,9355"
"20,7300";"0,6913";"1,9355"
"20,7400";"0,6917";"1,9339"
"20,7500";"0,6919";"1,9339"
"20,7600";"0,6923";"1,9355"
"20,7700";"0,6925";"1,9366"
"20,7800";"0,6929";"1,9371"
"20,7900";"0,6931";"1,9396"
"20,8000";"0,6933";"1,9415"
"20,8100";"0,6936";"1,9413"
"20,8200";"0,6939";"1,9405"
"20,8300";"0,6942";"1,9408"
"20,8400";"0,6945";"1,9411"
"20,8500";"0,6949";"1,9406"
"20,8600";"0,6952";"1,9406"
"20,8700";"0,6955";"1,9434"
"20,8800";"0,6958";"1,9471"
"20,8900";"0,6962";"1,9487"
"20,9000";"0,6965";"1,9487"
"20,9100";"0,6969";"1,9484"
"20,9200";"0,6972";"1,9470"
"20,9300";"0,6976";"1,9457"
"20,9400";"0,6979";"1,9455"
"20,9500";"0,6983";"1,9484"
"20,9600";"0,6985";"1,9518"
"20,9700";"0,6988";"1,9543"
"20,9800";"0,6991";"1,9562"
"20,9900";"0,6995";"1,9589"
"21,0000";"0,6997";"1,9597"
"21,0100";"0,7001";"1,9578"
"21,0200";"0,7004";"1,9555"
"21,0300";"0,7008";"1,9557"
"21,0400";"0,7011";"1,9585"
"21,0500";"0,7015";"1,9608"
"21,0600";"0,7018";"1,9623"
"21,0700";"0,7022";"1,9650"
"21,0800";"0,7025";"1,9671"
"21,0900";"0,7029";"1,9673"
"21,1000";"0,7033";"1,9658"
"21,1100";"0,7036";"1,9647"
"21,1200";"0,7040";"1,9669"
"21,1300";"0,7042";"1,9701"
"21,1400";"0,7046";"1,9719"
"21,1500";"0,7048";"1,9727"
"21,1600";"0,7051";"1,9734"
"21,1700";"0,7055";"1,9738"
"21,1800";"0,7057";"1,9737"
"21,1900";"0,7061";"1,9741"
"21,2000";"0,7064";"1,9747"
"21,2100";"0,7068";"1,9754"
"21,2200";"0,7072";"1,9768"
"21,2300";"0,7075";"1,9792"
"21,2400";"0,7079";"1,9810"
"21,2500";"0,7083";"1,9830"
"21,2600";"0,7087";"1,9837"
"21,2700";"0,7090";"1,9836"
"21,2800";"0,7094";"1,9835"
"21,2900";"0,7097";"1,9850"
"21,3000";"0,7100";"1,9869"
"21,3100";"0,7103";"1,9876"
"21,3200";"0,7107";"1,9885"
"21,3300";"0,7109";"1,9907"
"21,3400";"0,7113";"1,9913"
"21,3500";"0,7116";"1,9920"
"21,3600";"0,7120";"1,9928"
"21,3700";"0,7123";"1,9938"
"21,3800";"0,7127";"1,9944"
"21,3900";"0,7131";"1,9939"
"21,4000";"0,7134";"1,9944"
"21,4100";"0,7138";"1,9963"
"21,4200";"0,7141";"1,9981"
"21,4300";"0,7144";"1,9999"
"21,4400";"0,7147";"2,0021"
"21,4500";"0,7151";"2,0047"
"21,4600";"0,7154";"2,0058"
"21,4700";"0,7158";"2,0060"
"21,4800";"0,7160";"2,0060"
"21,4900";"0,7164";"2,0053"
"21,5000";"0,7166";"2,0034"
"21,5100";"0,7168";"2,0027"
"21,5200";"0,7172";"2,0041"
"21,5300";"0,7175";"2,0073"
"21,5400";"0,7179";"2,0102"
"21,5500";"0,7181";"2,0117"
"21,5600";"0,7185";"2,0124"
"21,5700";"0,7188";"2,0138"
"21,5800";"0,7192";"2,0147"
"21,5900";"0,7195";"2,0137"
"21,6000";"0,7199";"2,0118"
"21,6100";"0,7203";"2,0120"
"21,6200";"0,7205";"2,0149"
"21,6300";"0,7208";"2,0189"
"21,6400";"0,7212";"2,0212"
"21,6500";"0,7214";"2,0211"
"21,6600";"0,7217";"2,0214"
"21,6700";"0,7220";"2,0227"
"21,6800";"0,7224";"2,0241"
"21,6900";"0,7226";"2,0248"
"21,7000";"0,7230";"2,0244"
"21,7100";"0,7233";"2,0247"
"21,7200";"0,7237";"2,0256"
"21,7300";"0,7240";"2,0268"
"21,7400";"0,7244";"2,0281"
"21,7500";"0,7247";"2,0299"
"21,7600";"0,7252";"2,0305"
"21,7700";"0,7255";"2,0317"
"21,7800";"0,7259";"2,0328"
"21,7900";"0,7263";"2,0346"
"21,8000";"0,7266";"2,0354"
"21,8100";"0,7269";"2,0353"
"21,8200";"0,7272";"2,0369"
"21,8300";"0,7276";"2,0389"
"21,8400";"0,7278";"2,0392"
"21,8500";"0,7282";"2,0368"
"21,8600";"0,7285";"2,0354"
"21,8700";"0,7288";"2,0380"
"21,8800";"0,7291";"2,0414"
"21,8900";"0,7295";"2,0437"
"21,9000";"0,7298";"2,0443"
"21,9100";"0,7302";"2,0445"
"21,9200";"0,7305";"2,0465"
"21,9300";"0,7309";"2,0485"
"21,9400";"0,7312";"2,0497"
"21,9500";"0,7316";"2,0492"
"21,9600";"0,7319";"2,0476"
"21,9700";"0,7322";"2,0475"
"21,9800";"0,7325";"2,0513"
"21,9900";"0,7328";"2,0562"
"22,0000";"0,7331";"2,0577"
"22,0100";"0,7335";"2,0569"
"22,0200";"0,7338";"2,0557"
"22,0300";"0,7341";"2,0558"
"22,0400";"0,7344";"2,0559"
"22,0500";"0,7349";"2,0552"
"22,0600";"0,7352";"2,0549"
"22,0700";"0,7356";"2,0568"
"22,0800";"0,7360";"2,0592"
"22,0900";"0,7363";"2,0601"
"22,1000";"0,7367";"2,0607"
"22,1100";"0,7370";"2,0623"
"22,1200";"0,7374";"2,0650"
"22,1300";"0,7377";"2,0659"
"22,1400";"0,7381";"2,0657"
"22,1500";"0,7384";"2,0677"
"22,1600";"0,7387";"2,0711"
"22,1700";"0,7390";"2,0731"
"22,1800";"0,7393";"2,0717"
"22,1900";"0,7396";"2,0695"
"22,2000";"0,7400";"2,0700"
"22,2100";"0,7402";"2,0734"
"22,2200";"0,7406";"2,0762"
"22,2300";"0,7409";"2,0765"
"22,2400";"0,7413";"2,0752"
"22,2500";"0,7416";"2,0743"
"22,2600";"0,7420";"2,0756"
"22,2700";"0,7423";"2,0779"
"22,2800";"0,7426";"2,0804"
"22,2900";"0,7429";"2,0814"
"22,3000";"0,7433";"2,0813"
"22,3100";"0,7436";"2,0827"
"22,3200";"0,7440";"2,0849"
"22,3300";"0,7442";"2,0880"
"22,3400";"0,7446";"2,0882"
"22,3500";"0,7449";"2,0878"
"22,3600";"0,7452";"2,0879"
"22,3700";"0,7455";"2,0885"
"22,3800";"0,7458";"2,0899"
"22,3900";"0,7461";"2,0907"
"22,4000";"0,7465";"2,0915"
"22,4100";"0,7468";"2,0933"
"22,4200";"0,7472";"2,0947"
"22,4300";"0,7475";"2,0961"
"22,4400";"0,7479";"2,0971"
"22,4500";"0,7482";"2,0982"
"22,4600";"0,7486";"2,0975"
"22,4700";"0,7489";"2,0961"
"22,4800";"0,7493";"2,0957"
"22,4900";"0,7495";"2,0971"
"22,5000";"0,7499";"2,0989"
"22,5100";"0,7501";"2,1004"
"22,5200";"0,7505";"2,1018"
"22,5300";"0,7508";"2,1035"
"22,5400";"0,7512";"2,1060"
"22,5500";"0,7515";"2,1070"
"22,5600";"0,7519";"2,1066"
"22,5700";"0,7522";"2,1068"
"22,5800";"0,7526";"2,1089"
"22,5900";"0,7530";"2,1103"
"22,6000";"0,7533";"2,1122"
"22,6100";"0,7537";"2,1139"
"22,6200";"0,7540";"2,1166"
"22,6300";"0,7544";"2,1176"
"22,6400";"0,7547";"2,1172"
"22,6500";"0,7550";"2,1171"
"22,6600";"0,7553";"2,1163"
"22,6700";"0,7557";"2,1147"
"22,6800";"0,7559";"2,1144"
"22,6900";"0,7563";"2,1162"
"22,7000";"0,7566";"2,1192"
"22,7100";"0,7570";"2,1213"
"22,7200";"0,7573";"2,1220"
"22,7300";"0,7577";"2,1229"
"22,7400";"0,7580";"2,1240"
"22,7500";"0,7585";"2,1243"
"22,7600";"0,7589";"2,1237"
"22,7700";"0,7592";"2,1237"
"22,7800";"0,7595";"2,1245"
"22,7900";"0,7598";"2,1272"
"22,8000";"0,7602";"2,1309"
"22,8100";"0,7604";"2,1338"
"22,8200";"0,7607";"2,1358"
"22,8300";"0,7611";"2,1368"
"22,8400";"0,7613";"2,1354"
"22,8500";"0,7616";"2,1336"
"22,8600";"0,7619";"2,1345"
"22,8700";"0,7623";"2,1369"
"22,8800";"0,7625";"2,1382"
"22,8900";"0,7629";"2,1385"
"22,9000";"0,7632";"2,1398"
"22,9100";"0,7636";"2,1429"
"22,9200";"0,7639";"2,1457"
"22,9300";"0,7643";"2,1461"
"22,9400";"0,7646";"2,1453"
"22,9500";"0,7649";"2,1443"
"22,9600";"0,7652";"2,1441"
"22,9700";"0,7656";"2,1457"
"22,9800";"0,7658";"2,1483"
"22,9900";"0,7662";"2,1506"
"23,0000";"0,7665";"2,1503"
"23,0100";"0,7668";"2,1489"
"23,0200";"0,7670";"2,1487"
"23,0300";"0,7674";"2,1507"
"23,0400";"0,7677";"2,1526"
"23,0500";"0,7680";"2,1531"
"23,0600";"0,7683";"2,1537"
"23,0700";"0,7687";"2,1560"
"23,0800";"0,7690";"2,1585"
"23,0900";"0,7694";"2,1591"
"23,1000";"0,7697";"2,1585"
"23,1100";"0,7701";"2,1574"
"23,1200";"0,7704";"2,1579"
"23,1300";"0,7709";"2,1592"
"23,1400";"0,7711";"2,1608"
"23,1500";"0,7716";"2,1622"
"23,1600";"0,7720";"2,1646"
"23,1700";"0,7722";"2,1664"
"23,1800";"0,7726";"2,1667"
"23,1900";"0,7729";"2,1679"
"23,2000";"0,7731";"2,1684"
"23,2100";"0,7735";"2,1691"
"23,2200";"0,7739";"2,1699"
"23,2300";"0,7742";"2,1709"
"23,2400";"0,7746";"2,1721"
"23,2500";"0,7749";"2,1725"
"23,2600";"0,7753";"2,1730"
"23,2700";"0,7756";"2,1752"
"23,2800";"0,7760";"2,1775"
"23,2900";"0,7763";"2,1779"
"23,3000";"0,7767";"2,1760"
"23,3100";"0,7770";"2,1760"
"23,3200";"0,7773";"2,1785"
"23,3300";"0,7776";"2,1808"
"23,3400";"0,7780";"2,1820"
"23,3500";"0,7782";"2,1830"
"23,3600";"0,7786";"2,1849"
"23,3700";"0,7788";"2,1866"
"23,3800";"0,7792";"2,1876"
"23,3900";"0,7795";"2,1875"
"23,4000";"0,7799";"2,1873"
"23,4100";"0,7802";"2,1866"
"23,4200";"0,7806";"2,1857"
"23,4300";"0,7809";"2,1854"
"23,4400";"0,7813";"2,1865"
"23,4500";"0,7816";"2,1909"
"23,4600";"0,7820";"2,1943"
"23,4700";"0,7822";"2,1943"
"23,4800";"0,7826";"2,1939"
"23,4900";"0,7829";"2,1942"
"23,5000";"0,7833";"2,1945"
"23,5100";"0,7835";"2,1956"
"23,5200";"0,7839";"2,1977"
"23,5300";"0,7841";"2,2000"
"23,5400";"0,7845";"2,1999"
"23,5500";"0,7847";"2,2008"
"23,5600";"0,7852";"2,2012"
"23,5700";"0,7854";"2,2027"
"23,5800";"0,7858";"2,2017"
"23,5900";"0,7861";"2,1997"
"23,6000";"0,7865";"2,2011"
"23,6100";"0,7868";"2,2050"
"23,6200";"0,7872";"2,2079"
"23,6300";"0,7875";"2,2092"
"23,6400";"0,7879";"2,2088"
"23,6500";"0,7883";"2,2098"
"23,6600";"0,7885";"2,2116"
"23,6700";"0,7888";"2,2111"
"23,6800";"0,7891";"2,2109"
"23,6900";"0,7893";"2,2127"
"23,7000";"0,7897";"2,2160"
"23,7100";"0,7899";"2,2194"
"23,7200";"0,7903";"2,2198"
"23,7300";"0,7906";"2,2187"
"23,7400";"0,7910";"2,2175"
"23,7500";"0,7913";"2,2170"
"23,7600";"0,7917";"2,2171"
"23,7700";"0,7920";"2,2182"
"23,7800";"0,7925";"2,2199"
"23,7900";"0,7929";"2,2209"
"23,8000";"0,7932";"2,2222"
"23,8100";"0,7936";"2,2237"
"23,8200";"0,7939";"2,2258"
"23,8300";"0,7943";"2,2272"
"23,8400";"0,7945";"2,2275"
"23,8500";"0,7947";"2,2278"
"23,8600";"0,7951";"2,2279"
"23,8700";"0,7955";"2,2280"
"23,8800";"0,7958";"2,2295"
"23,8900";"0,7960";"2,2323"
"23,9000";"0,7964";"2,2343"
"23,9100";"0,7968";"2,2350"
"23,9200";"0,7971";"2,2329"
"23,9300";"0,7976";"2,2325"
"23,9400";"0,7979";"2,2359"
"23,9500";"0,7983";"2,2399"
"23,9600";"0,7986";"2,2416"
"23,9700";"0,7991";"2,2418"
"23,9800";"0,7995";"2,2428"
"23,9900";"0,7997";"2,2429"
"24,0000";"0,8001";"2,2416"
"24,0100";"0,8003";"2,2399"
"24,0200";"0,8007";"2,2393"
"24,0300";"0,8010";"2,2406"
"24,0400";"0,8012";"2,2430"
"24,0500";"0,8016";"2,2470"
"24,0600";"0,8020";"2,2511"
"24,0700";"0,8023";"2,2533"
"24,0800";"0,8027";"2,2523"
"24,0900";"0,8030";"2,2505"
"24,1000";"0,8034";"2,2513"
"24,1100";"0,8037";"2,2532"
"24,1200";"0,8041";"2,2539"
"24,1300";"0,8043";"2,2551"
"24,1400";"0,8047";"2,2578"
"24,1500";"0,8050";"2,2604"
"24,1600";"0,8054";"2,2617"
"24,1700";"0,8057";"2,2598"
"24,1800";"0,8060";"2,2567"
"24,1900";"0,8062";"2,2557"
"24,2000";"0,8066";"2,2565"
"24,2100";"0,8069";"2,2572"
"24,2200";"0,8071";"2,2598"
"24,2300";"0,8075";"2,2626"
"24,2400";"0,8079";"2,2649"
"24,2500";"0,8082";"2,2663"
"24,2600";"0,8086";"2,2662"
"24,2700";"0,8089";"2,2666"
"24,2800";"0,8093";"2,2670"
"24,2900";"0,8095";"2,2672"
"24,3000";"0,8099";"2,2673"
"24,3100";"0,8102";"2,2693"
"24,3200";"0,8106";"2,2724"
"24,3300";"0,8109";"2,2746"
"24,3400";"0,8113";"2,2756"
"24,3500";"0,8116";"2,2772"
"24,3600";"0,8119";"2,2776"
"24,3700";"0,8122";"2,2758"
"24,3800";"0,8125";"2,2737"
"24,3900";"0,8128";"2,2735"
"24,4000";"0,8132";"2,2758"
"24,4100";"0,8134";"2,2808"
"24,4200";"0,8138";"2,2851"
"24,4300";"0,8141";"2,2877"
"24,4400";"0,8145";"2,2888"
"24,4500";"0,8148";"2,2866"
"24,4600";"0,8152";"2,2837"
"24,4700";"0,8155";"2,2825"
"24,4800";"0,8159";"2,2830"
"24,4900";"0,8162";"2,2848"
"24,5000";"0,8166";"2,2868"
"24,5100";"0,8169";"2,2907"
"24,5200";"0,8172";"2,2944"
"24,5300";"0,8175";"2,2951"
"24,5400";"0,8178";"2,2913"
"24,5500";"0,8181";"2,2869"
"24,5600";"0,8185";"2,2860"
"24,5700";"0,8188";"2,2883"
"24,5800";"0,8192";"2,2929"
"24,5900";"0,8195";"2,2985"
"24,6000";"0,8199";"2,3034"
"24,6100";"0,8202";"2,3060"
"24,6200";"0,8206";"2,3038"
"24,6300";"0,8211";"2,2989"
"24,6400";"0,8214";"2,2951"
"24,6500";"0,8218";"2,2959"
"24,6600";"0,8220";"2,2996"
"24,6700";"0,8224";"2,3038"
"24,6800";"0,8227";"2,3066"
"24,6900";"0,8230";"2,3102"
"24,7000";"0,8233";"2,3125"
"24,7100";"0,8237";"2,3116"
"24,7200";"0,8240";"2,3074"
"24,7300";"0,8244";"2,3040"
"24,7400";"0,8247";"2,3036"
"24,7500";"0,8251";"2,3063"
"24,7600";"0,8254";"2,3111"
"24,7700";"0,8259";"2,3151"
"24,7800";"0,8263";"2,3182"
"24,7900";"0,8266";"2,3200"
"24,8000";"0,8270";"2,3202"
"24,8100";"0,8273";"2,3203"
"24,8200";"0,8276";"2,3198"
"24,8300";"0,8279";"2,3200"
"24,8400";"0,8282";"2,3200"
"24,8500";"0,8285";"2,3221"
"24,8600";"0,8287";"2,3249"
"24,8700";"0,8291";"2,3265"
"24,8800";"0,8293";"2,3271"
"24,8900";"0,8296";"2,3279"
"24,9000";"0,8299";"2,3273"
"24,9100";"0,8302";"2,3248"
"24,9200";"0,8305";"2,3226"
"24,9300";"0,8309";"2,3229"
"24,9400";"0,8312";"2,3282"
"24,9500";"0,8315";"2,3327"
"24,9600";"0,8318";"2,3347"
"24,9700";"0,8322";"2,3339"
"24,9800";"0,8325";"2,3331"
"24,9900";"0,8329";"2,3321"
"25,0000";"0,8332";"2,3302"
"25,0100";"0,8336";"2,3301"
"25,0200";"0,8338";"2,3321"
"25,0300";"0,8342";"2,3344"
"25,0400";"0,8344";"2,3367"
"25,0500";"0,8348";"2,3367"
"25,0600";"0,8350";"2,3375"
"25,0700";"0,8354";"2,3393"
"25,0800";"0,8357";"2,3404"
"25,0900";"0,8361";"2,3408"
"25,1000";"0,8364";"2,3416"
"25,1100";"0,8368";"2,3419"
"25,1200";"0,8371";"2,3436"
"25,1300";"0,8375";"2,3462"
"25,1400";"0,8378";"2,3490"
"25,1500";"0,8382";"2,3504"
"25,1600";"0,8385";"2,3497"
"25,1700";"0,8389";"2,3487"
"25,1800";"0,8393";"2,3497"
"25,1900";"0,8395";"2,3521"
"25,2000";"0,8398";"2,3520"
"25,2100";"0,8402";"2,3516"
"25,2200";"0,8404";"2,3537"
"25,2300";"0,8408";"2,3575"
"25,2400";"0,8411";"2,3592"
"25,2500";"0,8415";"2,3575"
"25,2600";"0,8419";"2,3561"
"25,2700";"0,8422";"2,3577"
"25,2800";"0,8426";"2,3603"
"25,2900";"0,8429";"2,3622"
"25,3000";"0,8433";"2,3637"
"25,3100";"0,8436";"2,3669"
"25,3200";"0,8440";"2,3699"
"25,3300";"0,8443";"2,3702"
"25,3400";"0,8447";"2,3678"
"25,3500";"0,8449";"2,3657"
"25,3600";"0,8453";"2,3649"
"25,3700";"0,8456";"2,3658"
"25,3800";"0,8459";"2,3681"
"25,3900";"0,8462";"2,3700"
"25,4000";"0,8466";"2,3708"
"25,4100";"0,8469";"2,3707"
"25,4200";"0,8472";"2,3704"
"25,4300";"0,8476";"2,3710"
"25,4400";"0,8479";"2,3711"
"25,4500";"0,8483";"2,3716"
"25,4600";"0,8487";"2,3742"
"25,4700";"0,8491";"2,3783"
"25,4800";"0,8494";"2,3830"
"25,4900";"0,8498";"2,3855"
"25,5000";"0,8501";"2,3852"
"25,5100";"0,8505";"2,3839"
"25,5200";"0,8508";"2,3829"
"25,5300";"0,8511";"2,3813"
"25,5400";"0,8513";"2,3804"
"25,5500";"0,8517";"2,3821"
"25,5600";"0,8520";"2,3869"
"25,5700";"0,8524";"2,3898"
"25,5800";"0,8526";"2,3894"
"25,5900";"0,8530";"2,3886"
"25,6000";"0,8533";"2,3875"
"25,6100";"0,8537";"2,3871"
"25,6200";"0,8540";"2,3877"
"25,6300";"0,8544";"2,3888"
"25,6400";"0,8547";"2,3915"
"25,6500";"0,8551";"2,3946"
"25,6600";"0,8554";"2,3977"
"25,6700";"0,8557";"2,3994"
"25,6800";"0,8560";"2,3999"
"25,6900";"0,8564";"2,3984"
"25,7000";"0,8566";"2,3948"
"25,7100";"0,8570";"2,3929"
"25,7200";"0,8572";"2,3941"
"25,7300";"0,8576";"2,3969"
"25,7400";"0,8579";"2,3992"
"25,7500";"0,8581";"2,3991"
"25,7600";"0,8585";"2,3993"
"25,7700";"0,8589";"2,4027"
"25,7800";"0,8592";"2,4056"
"25,7900";"0,8596";"2,4074"
"25,8000";"0,8599";"2,4065"
"25,8100";"0,8603";"2,4061"
"25,8200";"0,8606";"2,4064"
"25,8300";"0,8610";"2,4078"
"25,8400";"0,8613";"2,4101"
"25,8500";"0,8617";"2,4130"
"25,8600";"0,8619";"2,4142"
"25,8700";"0,8623";"2,4130"
"25,8800";"0,8626";"2,4115"
"25,8900";"0,8630";"2,4104"
"25,9000";"0,8632";"2,4106"
"25,9100";"0,8636";"2,4117"
"25,9200";"0,8639";"2,4131"
"25,9300";"0,8643";"2,4146"
"25,9400";"0,8646";"2,4172"
"25,9500";"0,8650";"2,4211"
"25,9600";"0,8653";"2,4227"
"25,9700";"0,8657";"2,4228"
"25,9800";"0,8661";"2,4214"
"25,9900";"0,8664";"2,4196"
"26,0000";"0,8668";"2,4194"
"26,0100";"0,8670";"2,4226"
"26,0200";"0,8674";"2,4278"
"26,0300";"0,8676";"2,4318"
"26,0400";"0,8679";"2,4338"
"26,0500";"0,8683";"2,4329"
"26,0600";"0,8685";"2,4294"
"26,0700";"0,8689";"2,4257"
"26,0800";"0,8692";"2,4241"
"26,0900";"0,8696";"2,4258"
"26,1000";"0,8700";"2,4301"
"26,1100";"0,8703";"2,4332"
"26,1200";"0,8707";"2,4347"
"26,1300";"0,8710";"2,4362"
"26,1400";"0,8714";"2,4378"
"26,1500";"0,8717";"2,4365"
"26,1600";"0,8721";"2,4346"
"26,1700";"0,8723";"2,4347"
"26,1800";"0,8728";"2,4378"
"26,1900";"0,8730";"2,4421"
"26,2000";"0,8734";"2,4453"
"26,2100";"0,8736";"2,4474"
"26,2200";"0,8740";"2,4493"
"26,2300";"0,8742";"2,4478"
"26,2400";"0,8746";"2,4431"
"26,2500";"0,8749";"2,4391"
"26,2600";"0,8753";"2,4386"
"26,2700";"0,8756";"2,4412"
"26,2800";"0,8760";"2,4454"
"26,2900";"0,8763";"2,4489"
"26,3000";"0,8767";"2,4517"
"26,3100";"0,8770";"2,4544"
"26,3200";"0,8775";"2,4553"
"26,3300";"0,8779";"2,4539"
"26,3400";"0,8782";"2,4519"
"26,3500";"0,8786";"2,4523"
"26,3600";"0,8789";"2,4545"
"26,3700";"0,8793";"2,4583"
"26,3800";"0,8796";"2,4627"
"26,3900";"0,8800";"2,4658"
"26,4000";"0,8805";"2,4664"
"26,4100";"0,8808";"2,4642"
"26,4200";"0,8810";"2,4624"
"26,4300";"0,8814";"2,4619"
"26,4400";"0,8818";"2,4621"
"26,4500";"0,8820";"2,4624"
"26,4600";"0,8823";"2,4649"
"26,4700";"0,8826";"2,4697"
"26,4800";"0,8829";"2,4737"
"26,4900";"0,8832";"2,4746"
"26,5000";"0,8835";"2,4727"
"26,5100";"0,8838";"2,4704"
"26,5200";"0,8841";"2,4694"
"26,5300";"0,8844";"2,4684"
"26,5400";"0,8846";"2,4680"
"26,5500";"0,8849";"2,4696"
"26,5600";"0,8852";"2,4735"
"26,5700";"0,8855";"2,4772"
"26,5800";"0,8859";"2,4791"
"26,5900";"0,8862";"2,4803"
"26,6000";"0,8866";"2,4792"
"26,6100";"0,8871";"2,4769"
"26,6200";"0,8874";"2,4741"
"26,6300";"0,8878";"2,4731"
"26,6400";"0,8881";"2,4743"
"26,6500";"0,8885";"2,4779"
"26,6600";"0,8888";"2,4824"
"26,6700";"0,8892";"2,4861"
"26,6800";"0,8894";"2,4883"
"26,6900";"0,8898";"2,4877"
"26,7000";"0,8900";"2,4860"
"26,7100";"0,8904";"2,4856"
"26,7200";"0,8906";"2,4871"
"26,7300";"0,8910";"2,4886"
"26,7400";"0,8913";"2,4898"
"26,7500";"0,8917";"2,4924"
"26,7600";"0,8920";"2,4967"
"26,7700";"0,8924";"2,4993"
"26,7800";"0,8927";"2,4959"
"26,7900";"0,8931";"2,4908"
"26,8000";"0,8934";"2,4871"
"26,8100";"0,8938";"2,4876"
"26,8200";"0,8942";"2,4912"
"26,8300";"0,8945";"2,4970"
"26,8400";"0,8949";"2,5025"
"26,8500";"0,8952";"2,5054"
"26,8600";"0,8955";"2,5044"
"26,8700";"0,8958";"2,5020"
"26,8800";"0,8960";"2,4994"
"26,8900";"0,8964";"2,4984"
"26,9000";"0,8966";"2,4980"
"26,9100";"0,8970";"2,4992"
"26,9200";"0,8972";"2,5022"
"26,9300";"0,8976";"2,5064"
"26,9400";"0,8979";"2,5113"
"26,9500";"0,8982";"2,5131"
"26,9600";"0,8985";"2,5107"
"26,9700";"0,8989";"2,5074"
"26,9800";"0,8992";"2,5049"
"26,9900";"0,8996";"2,5037"
"27,0000";"0,8999";"2,5069"
"27,0100";"0,9002";"2,5126"
"27,0200";"0,9005";"2,5175"
"27,0300";"0,9009";"2,5187"
"27,0400";"0,9012";"2,5171"
"27,0500";"0,9015";"2,5164"
"27,0600";"0,9018";"2,5166"
"27,0700";"0,9021";"2,5159"
"27,0800";"0,9024";"2,5141"
"27,0900";"0,9028";"2,5135"
"27,1000";"0,9031";"2,5167"
"27,1100";"0,9035";"2,5221"
"27,1200";"0,9038";"2,5271"
"27,1300";"0,9042";"2,5298"
"27,1400";"0,9045";"2,5295"
"27,1500";"0,9049";"2,5270"
"27,1600";"0,9052";"2,5250"
"27,1700";"0,9056";"2,5247"
"27,1800";"0,9060";"2,5248"
"27,1900";"0,9063";"2,5254"
"27,2000";"0,9067";"2,5266"
"27,2100";"0,9069";"2,5301"
"27,2200";"0,9073";"2,5352"
"27,2300";"0,9075";"2,5375"
"27,2400";"0,9078";"2,5364"
"27,2500";"0,9082";"2,5348"
"27,2600";"0,9086";"2,5344"
"27,2700";"0,9089";"2,5348"
"27,2800";"0,9093";"2,5354"
"27,2900";"0,9096";"2,5371"
"27,3000";"0,9100";"2,5390"
"27,3100";"0,9103";"2,5403"
"27,3200";"0,9108";"2,5415"
"27,3300";"0,9112";"2,5431"
"27,3400";"0,9115";"2,5434"
"27,3500";"0,9117";"2,5443"
"27,3600";"0,9120";"2,5433"
"27,3700";"0,9123";"2,5429"
"27,3800";"0,9127";"2,5435"
"27,3900";"0,9129";"2,5462"
"27,4000";"0,9133";"2,5488"
"27,4100";"0,9136";"2,5495"
"27,4200";"0,9140";"2,5499"
"27,4300";"0,9143";"2,5494"
"27,4400";"0,9147";"2,5494"
"27,4500";"0,9150";"2,5496"
"27,4600";"0,9154";"2,5507"
"27,4700";"0,9158";"2,5518"
"27,4800";"0,9161";"2,5525"
"27,4900";"0,9165";"2,5535"
"27,5000";"0,9168";"2,5559"
"27,5100";"0,9172";"2,5591"
"27,5200";"0,9175";"2,5602"
"27,5300";"0,9179";"2,5579"
"27,5400";"0,9181";"2,5569"
"27,5500";"0,9184";"2,5596"
"27,5600";"0,9187";"2,5625"
"27,5700";"0,9189";"2,5636"
"27,5800";"0,9193";"2,5627"
"27,5900";"0,9197";"2,5629"
"27,6000";"0,9199";"2,5647"
"27,6100";"0,9202";"2,5678"
"27,6200";"0,9206";"2,5681"
"27,6300";"0,9210";"2,5668"
"27,6400";"0,9213";"2,5658"
"27,6500";"0,9217";"2,5657"
"27,6600";"0,9219";"2,5658"
"27,6700";"0,9222";"2,5674"
"27,6800";"0,9226";"2,5698"
"27,6900";"0,9230";"2,5709"
"27,7000";"0,9233";"2,5719"
"27,7100";"0,9237";"2,5736"
"27,7200";"0,9239";"2,5741"
"27,7300";"0,9243";"2,5748"
"27,7400";"0,9245";"2,5732"
"27,7500";"0,9248";"2,5731"
"27,7600";"0,9252";"2,5751"
"27,7700";"0,9254";"2,5760"
"27,7800";"0,9258";"2,5756"
"27,7900";"0,9261";"2,5764"
"27,8000";"0,9265";"2,5785"
"27,8100";"0,9269";"2,5813"
"27,8200";"0,9272";"2,5822"
"27,8300";"0,9276";"2,5827"
"27,8400";"0,9279";"2,5838"
"27,8500";"0,9283";"2,5858"
"27,8600";"0,9285";"2,5860"
"27,8700";"0,9289";"2,5866"
"27,8800";"0,9292";"2,5890"
"27,8900";"0,9295";"2,5908"
"27,9000";"0,9298";"2,5909"
"27,9100";"0,9302";"2,5899"
"27,9200";"0,9305";"2,5897"
"27,9300";"0,9307";"2,5918"
"27,9400";"0,9311";"2,5949"
"27,9500";"0,9316";"2,5964"
"27,9600";"0,9319";"2,5968"
"27,9700";"0,9323";"2,5971"
"27,9800";"0,9326";"2,5973"
"27,9900";"0,9330";"2,5981"
"28,0000";"0,9333";"2,5991"
"28,0100";"0,9337";"2,5995"
"28,0200";"0,9339";"2,5992"
"28,0300";"0,9343";"2,6001"
"28,0400";"0,9346";"2,6023"
"28,0500";"0,9350";"2,6050"
"28,0600";"0,9352";"2,6045"
"28,0700";"0,9356";"2,6022"
"28,0800";"0,9359";"2,6026"
"28,0900";"0,9363";"2,6053"
"28,1000";"0,9367";"2,6080"
"28,1100";"0,9370";"2,6092"
"28,1200";"0,9374";"2,6075"
"28,1300";"0,9377";"2,6068"
"28,1400";"0,9381";"2,6069"
"28,1500";"0,9384";"2,6079"
"28,1600";"0,9388";"2,6112"
"28,1700";"0,9391";"2,6161"
"28,1800";"0,9395";"2,6174"
"28,1900";"0,9397";"2,6151"
"28,2000";"0,9401";"2,6155"
"28,2100";"0,9404";"2,6175"
"28,2200";"0,9407";"2,6187"
"28,2300";"0,9409";"2,6169"
"28,2400";"0,9413";"2,6153"
"28,2500";"0,9416";"2,6183"
"28,2600";"0,9420";"2,6236"
"28,2700";"0,9422";"2,6249"
"28,2800";"0,9426";"2,6233"
"28,2900";"0,9429";"2,6223"
"28,3000";"0,9433";"2,6218"
"28,3100";"0,9436";"2,6221"
"28,3200";"0,9440";"2,6209"
"28,3300";"0,9443";"2,6215"
"28,3400";"0,9447";"2,6251"
"28,3500";"0,9450";"2,6297"
"28,3600";"0,9454";"2,6325"
"28,3700";"0,9457";"2,6321"
"28,3800";"0,9461";"2,6317"
"28,3900";"0,9463";"2,6315"
"28,4000";"0,9467";"2,6302"
"28,4100";"0,9469";"2,6306"
"28,4200";"0,9473";"2,6314"
"28,4300";"0,9476";"2,6333"
"28,4400";"0,9479";"2,6358"
"28,4500";"0,9482";"2,6397"
"28,4600";"0,9486";"2,6407"
"28,4700";"0,9489";"2,6398"
"28,4800";"0,9492";"2,6380"
"28,4900";"0,9495";"2,6366"
"28,5000";"0,9499";"2,6363"
"28,5100";"0,9502";"2,6376"
"28,5200";"0,9506";"2,6391"
"28,5300";"0,9509";"2,6408"
"28,5400";"0,9513";"2,6430"
"28,5500";"0,9516";"2,6473"
"28,5600";"0,9519";"2,6492"
"28,5700";"0,9522";"2,6475"
"28,5800";"0,9526";"2,6456"
"28,5900";"0,9528";"2,6465"
"28,6000";"0,9532";"2,6478"
"28,6100";"0,9535";"2,6484"
"28,6200";"0,9539";"2,6491"
"28,6300";"0,9542";"2,6498"
"28,6400";"0,9546";"2,6510"
"28,6500";"0,9550";"2,6515"
"28,6600";"0,9553";"2,6511"
"28,6700";"0,9557";"2,6513"
"28,6800";"0,9560";"2,6531"
"28,6900";"0,9562";"2,6551"
"28,7000";"0,9566";"2,6571"
"28,7100";"0,9570";"2,6596"
"28,7200";"0,9572";"2,6626"
"28,7300";"0,9575";"2,6629"
"28,7400";"0,9579";"2,6606"
"28,7500";"0,9583";"2,6583"
"28,7600";"0,9586";"2,6577"
"28,7700";"0,9590";"2,6577"
"28,7800";"0,9593";"2,6592"
"28,7900";"0,9597";"2,6621"
"28,8000";"0,9600";"2,6663"
"28,8100";"0,9604";"2,6696"
"28,8200";"0,9607";"2,6713"
"28,8300";"0,9611";"2,6720"
"28,8400";"0,9614";"2,6717"
"28,8500";"0,9618";"2,6706"
"28,8600";"0,9622";"2,6699"
"28,8700";"0,9624";"2,6697"
"28,8800";"0,9627";"2,6716"
"28,8900";"0,9631";"2,6746"
"28,9000";"0,9633";"2,6774"
"28,9100";"0,9637";"2,6784"
"28,9200";"0,9639";"2,6796"
"28,9300";"0,9643";"2,6778"
"28,9400";"0,9646";"2,6769"
"28,9500";"0,9650";"2,6794"
"28,9600";"0,9653";"2,6828"
"28,9700";"0,9657";"2,6846"
"28,9800";"0,9659";"2,6836"
"28,9900";"0,9663";"2,6834"
"29,0000";"0,9666";"2,6837"
"29,0100";"0,9670";"2,6843"
"29,0200";"0,9673";"2,6826"
"29,0300";"0,9677";"2,6809"
"29,0400";"0,9681";"2,6820"
"29,0500";"0,9684";"2,6857"
"29,0600";"0,9686";"2,6872"
"29,0700";"0,9690";"2,6877"
"29,0800";"0,9692";"2,6882"
"29,0900";"0,9696";"2,6896"
"29,1000";"0,9698";"2,6918"
"29,1100";"0,9702";"2,6927"
"29,1200";"0,9705";"2,6933"
"29,1300";"0,9708";"2,6929"
"29,1400";"0,9711";"2,6918"
"29,1500";"0,9715";"2,6916"
"29,1600";"0,9718";"2,6937"
"29,1700";"0,9722";"2,6968"
"29,1800";"0,9725";"2,6979"
"29,1900";"0,9729";"2,6994"
"29,2000";"0,9732";"2,7010"
"29,2100";"0,9736";"2,7027"
"29,2200";"0,9738";"2,7027"
"29,2300";"0,9742";"2,7008"
"29,2400";"0,9744";"2,7002"
"29,2500";"0,9748";"2,7027"
"29,2600";"0,9751";"2,7053"
"29,2700";"0,9755";"2,7060"
"29,2800";"0,9757";"2,7057"
"29,2900";"0,9762";"2,7062"
"29,3000";"0,9766";"2,7053"
"29,3100";"0,9769";"2,7046"
"29,3200";"0,9773";"2,7041"
"29,3300";"0,9776";"2,7049"
"29,3400";"0,9780";"2,7077"
"29,3500";"0,9783";"2,7109"
"29,3600";"0,9787";"2,7127"
"29,3700";"0,9789";"2,7128"
"29,3800";"0,9793";"2,7133"
"29,3900";"0,9795";"2,7141"
"29,4000";"0,9799";"2,7133"
"29,4100";"0,9802";"2,7129"
"29,4200";"0,9805";"2,7154"
"29,4300";"0,9808";"2,7199"
"29,4400";"0,9812";"2,7234"
"29,4500";"0,9815";"2,7250"
"29,4600";"0,9819";"2,7238"
"29,4700";"0,9822";"2,7204"
"29,4800";"0,9826";"2,7178"
"29,4900";"0,9829";"2,7191"
"29,5000";"0,9833";"2,7225"
"29,5100";"0,9836";"2,7244"
"29,5200";"0,9840";"2,7242"
"29,5300";"0,9843";"2,7257"
"29,5400";"0,9847";"2,7303"
"29,5500";"0,9849";"2,7323"
"29,5600";"0,9853";"2,7308"
"29,5700";"0,9855";"2,7281"
"29,5800";"0,9859";"2,7273"
"29,5900";"0,9861";"2,7300"
"29,6000";"0,9865";"2,7325"
"29,6100";"0,9868";"2,7338"
"29,6200";"0,9872";"2,7355"
"29,6300";"0,9874";"2,7382"
"29,6400";"0,9878";"2,7414"
"29,6500";"0,9881";"2,7427"
"29,6600";"0,9885";"2,7414"
"29,6700";"0,9888";"2,7399"
"29,6800";"0,9892";"2,7376"
"29,6900";"0,9895";"2,7378"
"29,7000";"0,9899";"2,7396"
"29,7100";"0,9904";"2,7423"
"29,7200";"0,9907";"2,7436"
"29,7300";"0,9910";"2,7440"
"29,7400";"0,9913";"2,7449"
"29,7500";"0,9915";"2,7462"
"29,7600";"0,9919";"2,7475"
"29,7700";"0,9923";"2,7493"
"29,7800";"0,9925";"2,7496"
"29,7900";"0,9928";"2,7499"
"29,8000";"0,9932";"2,7494"
"29,8100";"0,9934";"2,7485"
"29,8200";"0,9938";"2,7491"
"29,8300";"0,9941";"2,7520"
"29,8400";"0,9945";"2,7535"
"29,8500";"0,9949";"2,7529"
"29,8600";"0,9952";"2,7520"
"29,8700";"0,9956";"2,7535"
"29,8800";"0,9959";"2,7557"
"29,8900";"0,9963";"2,7565"
"29,9000";"0,9966";"2,7544"
"29,9100";"0,9969";"2,7535"
"29,9200";"0,9972";"2,7565"
"29,9300";"0,9976";"2,7612"
"29,9400";"0,9978";"2,7644"
"29,9500";"0,9982";"2,7658"
"29,9600";"0,9985";"2,7651"
"29,9700";"0,9989";"2,7646"
"29,9800";"0,9992";"2,7630"
"29,9900";"0,9996";"2,7624"
"30,0000";"0,9999";"2,7625"
"30,0100";"1,0003";"2,7627"
"30,0200";"1,0006";"2,7638"
"30,0300";"1,0010";"2,7669"
"30,0400";"1,0013";"2,7695"
"30,0500";"1,0016";"2,7698"
"30,0600";"1,0019";"2,7689"
"30,0700";"1,0022";"2,7704"
"30,0800";"1,0025";"2,7739"
"30,0900";"1,0029";"2,7757"
"30,1000";"1,0032";"2,7749"
"30,1100";"1,0036";"2,7755"
"30,1200";"1,0039";"2,7772"
"30,1300";"1,0043";"2,7786"
"30,1400";"1,0047";"2,7774"
"30,1500";"1,0050";"2,7766"
"30,1600";"1,0054";"2,7785"
"30,1700";"1,0057";"2,7817"
"30,1800";"1,0061";"2,7828"
"30,1900";"1,0064";"2,7823"
"30,2000";"1,0068";"2,7829"
"30,2100";"1,0070";"2,7841"
"30,2200";"1,0074";"2,7842"
"30,2300";"1,0077";"2,7833"
"30,2400";"1,0080";"2,7835"
"30,2500";"1,0083";"2,7849"
"30,2600";"1,0085";"2,7856"
"30,2700";"1,0089";"2,7861"
"30,2800";"1,0093";"2,7869"
"30,2900";"1,0095";"2,7884"
"30,3000";"1,0098";"2,7885"
"30,3100";"1,0102";"2,7889"
"30,3200";"1,0106";"2,7908"
"30,3300";"1,0109";"2,7930"
"30,3400";"1,0113";"2,7937"
"30,3500";"1,0116";"2,7933"
"30,3600";"1,0120";"2,7928"
"30,3700";"1,0123";"2,7942"
"30,3800";"1,0127";"2,7954"
"30,3900";"1,0129";"2,7960"
"30,4000";"1,0133";"2,7975"
"30,4100";"1,0136";"2,8000"
"30,4200";"1,0139";"2,8013"
"30,4300";"1,0142";"2,8007"
"30,4400";"1,0145";"2,7999"
"30,4500";"1,0148";"2,8013"
"30,4600";"1,0152";"2,8049"
"30,4700";"1,0154";"2,8059"
"30,4800";"1,0157";"2,8051"
"30,4900";"1,0161";"2,8050"
"30,5000";"1,0165";"2,8052"
"30,5100";"1,0168";"2,8058"
"30,5200";"1,0172";"2,8063"
"30,5300";"1,0175";"2,8067"
"30,5400";"1,0179";"2,8077"
"30,5500";"1,0182";"2,8099"
"30,5600";"1,0186";"2,8112"
"30,5700";"1,0189";"2,8118"
"30,5800";"1,0193";"2,8121"
"30,5900";"1,0195";"2,8121"
"30,6000";"1,0199";"2,8121"
"30,6100";"1,0202";"2,8146"
"30,6200";"1,0206";"2,8180"
"30,6300";"1,0208";"2,8196"
"30,6400";"1,0212";"2,8192"
"30,6500";"1,0215";"2,8192"
"30,6600";"1,0219";"2,8199"
"30,6700";"1,0222";"2,8195"
"30,6800";"1,0226";"2,8187"
"30,6900";"1,0230";"2,8193"
"30,7000";"1,0233";"2,8214"
"30,7100";"1,0237";"2,8250"
"30,7200";"1,0240";"2,8262"
"30,7300";"1,0242";"2,8253"
"30,7400";"1,0246";"2,8255"
"30,7500";"1,0248";"2,8258"
"30,7600";"1,0252";"2,8272"
"30,7700";"1,0255";"2,8275"
"30,7800";"1,0259";"2,8291"
"30,7900";"1,0263";"2,8314"
"30,8000";"1,0266";"2,8314"
"30,8100";"1,0270";"2,8316"
"30,8200";"1,0273";"2,8331"
"30,8300";"1,0277";"2,8359"
"30,8400";"1,0280";"2,8379"
"30,8500";"1,0284";"2,8383"
"30,8600";"1,0287";"2,8378"
"30,8700";"1,0291";"2,8374"
"30,8800";"1,0294";"2,8390"
"30,8900";"1,0298";"2,8397"
"30,9000";"1,0300";"2,8397"
"30,9100";"1,0304";"2,8386"
"30,9200";"1,0306";"2,8389"
"30,9300";"1,0309";"2,8406"
"30,9400";"1,0312";"2,8421"
"30,9500";"1,0316";"2,8433"
"30,9600";"1,0319";"2,8421"
"30,9700";"1,0323";"2,8418"
"30,9800";"1,0326";"2,8438"
"30,9900";"1,0329";"2,8472"
"31,0000";"1,0332";"2,8489"
"31,0100";"1,0336";"2,8489"
"31,0200";"1,0339";"2,8491"
"31,0300";"1,0343";"2,8516"
"31,0400";"1,0346";"2,8549"
"31,0500";"1,0350";"2,8560"
"31,0600";"1,0353";"2,8536"
"31,0700";"1,0357";"2,8509"
"31,0800";"1,0359";"2,8511"
"31,0900";"1,0363";"2,8546"
"31,1000";"1,0365";"2,8572"
"31,1100";"1,0369";"2,8575"
"31,1200";"1,0371";"2,8564"
"31,1300";"1,0375";"2,8562"
"31,1400";"1,0378";"2,8571"
"31,1500";"1,0382";"2,8581"
"31,1600";"1,0385";"2,8585"
"31,1700";"1,0389";"2,8571"
"31,1800";"1,0392";"2,8564"
"31,1900";"1,0396";"2,8591"
"31,2000";"1,0400";"2,8652"
"31,2100";"1,0403";"2,8689"
"31,2200";"1,0407";"2,8681"
"31,2300";"1,0411";"2,8642"
"31,2400";"1,0414";"2,8619"
"31,2500";"1,0417";"2,8643"
"31,2600";"1,0421";"2,8687"
"31,2700";"1,0424";"2,8719"
"31,2800";"1,0427";"2,8743"
"31,2900";"1,0430";"2,8744"
"31,3000";"1,0434";"2,8741"
"31,3100";"1,0437";"2,8743"
"31,3200";"1,0441";"2,8745"
"31,3300";"1,0444";"2,8738"
"31,3400";"1,0448";"2,8722"
"31,3500";"1,0451";"2,8718"
"31,3600";"1,0455";"2,8752"
"31,3700";"1,0459";"2,8814"
"31,3800";"1,0461";"2,8858"
"31,3900";"1,0463";"2,8861"
"31,4000";"1,0467";"2,8826"
"31,4100";"1,0470";"2,8806"
"31,4200";"1,0473";"2,8804"
"31,4300";"1,0476";"2,8810"
"31,4400";"1,0480";"2,8812"
"31,4500";"1,0483";"2,8812"
"31,4600";"1,0486";"2,8812"
"31,4700";"1,0489";"2,8845"
"31,4800";"1,0493";"2,8894"
"31,4900";"1,0496";"2,8930"
"31,5000";"1,0500";"2,8916"
"31,5100";"1,0503";"2,8873"
"31,5200";"1,0507";"2,8860"
"31,5300";"1,0510";"2,8896"
"31,5400";"1,0514";"2,8931"
"31,5500";"1,0518";"2,8945"
"31,5600";"1,0521";"2,8940"
"31,5700";"1,0525";"2,8934"
"31,5800";"1,0527";"2,8968"
"31,5900";"1,0529";"2,9001"
"31,6000";"1,0533";"2,8996"
"31,6100";"1,0535";"2,8975"
"31,6200";"1,0539";"2,8950"
"31,6300";"1,0542";"2,8948"
"31,6400";"1,0546";"2,8973"
"31,6500";"1,0549";"2,9011"
"31,6600";"1,0552";"2,9034"
"31,6700";"1,0555";"2,9022"
"31,6800";"1,0559";"2,9000"
"31,6900";"1,0562";"2,9002"
"31,7000";"1,0566";"2,9003"
"31,7100";"1,0570";"2,9015"
"31,7200";"1,0573";"2,9019"
"31,7300";"1,0575";"2,9031"
"31,7400";"1,0579";"2,9058"
"31,7500";"1,0582";"2,9096"
"31,7600";"1,0585";"2,9109"
"31,7700";"1,0588";"2,9116"
"31,7800";"1,0591";"2,9116"
"31,7900";"1,0594";"2,9091"
"31,8000";"1,0597";"2,9063"
"31,8100";"1,0600";"2,9060"
"31,8200";"1,0604";"2,9089"
"31,8300";"1,0607";"2,9123"
"31,8400";"1,0611";"2,9137"
"31,8500";"1,0614";"2,9147"
"31,8600";"1,0618";"2,9163"
"31,8700";"1,0621";"2,9182"
"31,8800";"1,0625";"2,9183"
"31,8900";"1,0630";"2,9181"
"31,9000";"1,0633";"2,9185"
"31,9100";"1,0637";"2,9202"
"31,9200";"1,0640";"2,9218"
"31,9300";"1,0644";"2,9228"
"31,9400";"1,0647";"2,9225"
"31,9500";"1,0650";"2,9228"
"31,9600";"1,0653";"2,9236"
"31,9700";"1,0657";"2,9252"
"31,9800";"1,0660";"2,9274"
"31,9900";"1,0663";"2,9278"
"32,0000";"1,0666";"2,9272"
"32,0100";"1,0671";"2,9274"
"32,0200";"1,0673";"2,9289"
"32,0300";"1,0678";"2,9313"
"32,0400";"1,0682";"2,9326"
"32,0500";"1,0685";"2,9330"
"32,0600";"1,0688";"2,9334"
"32,0700";"1,0690";"2,9342"
"32,0800";"1,0693";"2,9341"
"32,0900";"1,0697";"2,9343"
"32,1000";"1,0699";"2,9361"
"32,1100";"1,0703";"2,9381"
"32,1200";"1,0706";"2,9390"
"32,1300";"1,0710";"2,9395"
"32,1400";"1,0714";"2,9388"
"32,1500";"1,0717";"2,9383"
"32,1600";"1,0721";"2,9388"
"32,1700";"1,0724";"2,9401"
"32,1800";"1,0728";"2,9420"
"32,1900";"1,0730";"2,9454"
"32,2000";"1,0734";"2,9472"
"32,2100";"1,0737";"2,9485"
"32,2200";"1,0741";"2,9486"
"32,2300";"1,0744";"2,9482"
"32,2400";"1,0748";"2,9474"
"32,2500";"1,0750";"2,9469"
"32,2600";"1,0752";"2,9469"
"32,2700";"1,0756";"2,9469"
"32,2800";"1,0758";"2,9492"
"32,2900";"1,0762";"2,9519"
"32,3000";"1,0765";"2,9525"
"32,3100";"1,0769";"2,9532"
"32,3200";"1,0771";"2,9538"
"32,3300";"1,0775";"2,9538"
"32,3400";"1,0778";"2,9519"
"32,3500";"1,0782";"2,9505"
"32,3600";"1,0786";"2,9524"
"32,3700";"1,0789";"2,9548"
"32,3800";"1,0793";"2,9556"
"32,3900";"1,0796";"2,9570"
"32,4000";"1,0800";"2,9595"
"32,4100";"1,0803";"2,9600"
"32,4200";"1,0807";"2,9592"
"32,4300";"1,0809";"2,9585"
"32,4400";"1,0813";"2,9599"
"32,4500";"1,0815";"2,9612"
"32,4600";"1,0819";"2,9617"
"32,4700";"1,0822";"2,9611"
"32,4800";"1,0825";"2,9622"
"32,4900";"1,0828";"2,9652"
"32,5000";"1,0832";"2,9680"
"32,5100";"1,0835";"2,9678"
"32,5200";"1,0839";"2,9673"
"32,5300";"1,0841";"2,9680"
"32,5400";"1,0845";"2,9710"
"32,5500";"1,0848";"2,9737"
"32,5600";"1,0852";"2,9740"
"32,5700";"1,0855";"2,9729"
"32,5800";"1,0859";"2,9714"
"32,5900";"1,0862";"2,9714"
"32,6000";"1,0865";"2,9737"
"32,6100";"1,0868";"2,9758"
"32,6200";"1,0871";"2,9759"
"32,6300";"1,0874";"2,9743"
"32,6400";"1,0878";"2,9748"
"32,6500";"1,0880";"2,9773"
"32,6600";"1,0884";"2,9811"
"32,6700";"1,0887";"2,9825"
"32,6800";"1,0891";"2,9813"
"32,6900";"1,0895";"2,9812"
"32,7000";"1,0899";"2,9839"
"32,7100";"1,0902";"2,9860"
"32,7200";"1,0906";"2,9864"
"32,7300";"1,0910";"2,9864"
"32,7400";"1,0913";"2,9870"
"32,7500";"1,0915";"2,9888"
"32,7600";"1,0919";"2,9903"
"32,7700";"1,0922";"2,9910"
"32,7800";"1,0925";"2,9912"
"32,7900";"1,0928";"2,9902"
"32,8000";"1,0932";"2,9882"
"32,8100";"1,0935";"2,9880"
"32,8200";"1,0939";"2,9910"
"32,8300";"1,0943";"2,9951"
"32,8400";"1,0946";"2,9966"
"32,8500";"1,0950";"2,9958"
"32,8600";"1,0953";"2,9945"
"32,8700";"1,0957";"2,9943"
"32,8800";"1,0960";"2,9954"
"32,8900";"1,0964";"2,9969"
"32,9000";"1,0967";"2,9979"
"32,9100";"1,0970";"2,9986"
"32,9200";"1,0973";"3,0004"
"32,9300";"1,0977";"3,0026"
"32,9400";"1,0979";"3,0028"
"32,9500";"1,0983";"3,0007"
"32,9600";"1,0985";"2,9992"
"32,9700";"1,0989";"3,0004"
"32,9800";"1,0992";"3,0041"
"32,9900";"1,0995";"3,0083"
"33,0000";"1,0998";"3,0101"
"33,0100";"1,1002";"3,0081"
"33,0200";"1,1005";"3,0062"
"33,0300";"1,1009";"3,0067"
"33,0400";"1,1012";"3,0085"
"33,0500";"1,1016";"3,0109"
"33,0600";"1,1019";"3,0128"
"33,0700";"1,1023";"3,0152"
"33,0800";"1,1026";"3,0162"
"33,0900";"1,1030";"3,0173"
"33,1000";"1,1033";"3,0166"
"33,1100";"1,1036";"3,0158"
"33,1200";"1,1038";"3,0144"
"33,1300";"1,1042";"3,0140"
"33,1400";"1,1044";"3,0151"
"33,1500";"1,1048";"3,0182"
"33,1600";"1,1051";"3,0205"
"33,1700";"1,1055";"3,0206"
"33,1800";"1,1058";"3,0207"
"33,1900";"1,1062";"3,0231"
"33,2000";"1,1065";"3,0251"
"33,2100";"1,1069";"3,0250"
"33,2200";"1,1072";"3,0245"
"33,2300";"1,1076";"3,0258"
"33,2400";"1,1080";"3,0276"
"33,2500";"1,1083";"3,0274"
"33,2600";"1,1087";"3,0271"
"33,2700";"1,1089";"3,0285"
"33,2800";"1,1092";"3,0306"
"33,2900";"1,1095";"3,0321"
"33,3000";"1,1098";"3,0327"
"33,3100";"1,1102";"3,0331"
"33,3200";"1,1105";"3,0330"
"33,3300";"1,1108";"3,0327"
"33,3400";"1,1111";"3,0313"
"33,3500";"1,1115";"3,0315"
"33,3600";"1,1118";"3,0344"
"33,3700";"1,1122";"3,0373"
"33,3800";"1,1126";"3,0386"
"33,3900";"1,1130";"3,0399"
"33,4000";"1,1134";"3,0417"
"33,4100";"1,1137";"3,0417"
"33,4200";"1,1140";"3,0411"
"33,4300";"1,1143";"3,0407"
"33,4400";"1,1146";"3,0402"
"33,4500";"1,1149";"3,0405"
"33,4600";"1,1153";"3,0420"
"33,4700";"1,1156";"3,0455"
"33,4800";"1,1160";"3,0480"
"33,4900";"1,1163";"3,0489"
"33,5000";"1,1166";"3,0487"
"33,5100";"1,1169";"3,0490"
"33,5200";"1,1173";"3,0497"
"33,5300";"1,1176";"3,0497"
"33,5400";"1,1180";"3,0486"
"33,5500";"1,1183";"3,0487"
"33,5600";"1,1187";"3,0505"
"33,5700";"1,1190";"3,0534"
"33,5800";"1,1194";"3,0552"
"33,5900";"1,1198";"3,0566"
"33,6000";"1,1201";"3,0582"
"33,6100";"1,1205";"3,0601"
"33,6200";"1,1207";"3,0595"
"33,6300";"1,1211";"3,0567"
"33,6400";"1,1213";"3,0565"
"33,6500";"1,1216";"3,0573"
"33,6600";"1,1220";"3,0589"
"33,6700";"1,1224";"3,0604"
"33,6800";"1,1227";"3,0622"
"33,6900";"1,1231";"3,0646"
"33,7000";"1,1233";"3,0647"
"33,7100";"1,1237";"3,0636"
"33,7200";"1,1240";"3,0622"
"33,7300";"1,1245";"3,0632"
"33,7400";"1,1248";"3,0647"
"33,7500";"1,1252";"3,0663"
"33,7600";"1,1255";"3,0661"
"33,7700";"1,1258";"3,0674"
"33,7800";"1,1261";"3,0704"
"33,7900";"1,1264";"3,0716"
"33,8000";"1,1266";"3,0716"
"33,8100";"1,1270";"3,0710"
"33,8200";"1,1273";"3,0707"
"33,8300";"1,1275";"3,0709"
"33,8400";"1,1279";"3,0725"
"33,8500";"1,1283";"3,0752"
"33,8600";"1,1286";"3,0762"
"33,8700";"1,1290";"3,0758"
"33,8800";"1,1293";"3,0765"
"33,8900";"1,1297";"3,0789"
"33,9000";"1,1300";"3,0809"
"33,9100";"1,1304";"3,0803"
"33,9200";"1,1307";"3,0781"
"33,9300";"1,1311";"3,0786"
"33,9400";"1,1314";"3,0831"
"33,9500";"1,1318";"3,0863"
"33,9600";"1,1320";"3,0869"
"33,9700";"1,1324";"3,0864"
"33,9800";"1,1326";"3,0869"
"33,9900";"1,1330";"3,0881"
"34,0000";"1,1333";"3,0892"
"34,0100";"1,1337";"3,0892"
"34,0200";"1,1340";"3,0888"
"34,0300";"1,1343";"3,0895"
"34,0400";"1,1347";"3,0905"
"34,0500";"1,1351";"3,0928"
"34,0600";"1,1355";"3,0938"
"34,0700";"1,1358";"3,0938"
"34,0800";"1,1362";"3,0940"
"34,0900";"1,1365";"3,0943"
"34,1000";"1,1368";"3,0956"
"34,1100";"1,1371";"3,0966"
"34,1200";"1,1373";"3,0962"
"34,1300";"1,1377";"3,0961"
"34,1400";"1,1379";"3,0976"
"34,1500";"1,1383";"3,0992"
"34,1600";"1,1386";"3,0990"
"34,1700";"1,1390";"3,0993"
"34,1800";"1,1394";"3,1005"
"34,1900";"1,1397";"3,1030"
"34,2000";"1,1401";"3,1026"
"34,2100";"1,1404";"3,1004"
"34,2200";"1,1408";"3,1019"
"34,2300";"1,1411";"3,1067"
"34,2400";"1,1414";"3,1097"
"34,2500";"1,1417";"3,1092"
"34,2600";"1,1421";"3,1094"
"34,2700";"1,1424";"3,1109"
"34,2800";"1,1428";"3,1111"
"34,2900";"1,1430";"3,1102"
"34,3000";"1,1432";"3,1094"
"34,3100";"1,1436";"3,1107"
"34,3200";"1,1438";"3,1130"
"34,3300";"1,1442";"3,1154"
"34,3400";"1,1445";"3,1163"
"34,3500";"1,1449";"3,1154"
"34,3600";"1,1453";"3,1141"
"34,3700";"1,1456";"3,1136"
"34,3800";"1,1460";"3,1148"
"34,3900";"1,1463";"3,1168"
"34,4000";"1,1467";"3,1169"
"34,4100";"1,1470";"3,1148"
"34,4200";"1,1473";"3,1148"
"34,4300";"1,1476";"3,1190"
"34,4400";"1,1480";"3,1228"
"34,4500";"1,1483";"3,1233"
"34,4600";"1,1486";"3,1205"
"34,4700";"1,1488";"3,1216"
"34,4800";"1,1492";"3,1254"
"34,4900";"1,1495";"3,1271"
"34,5000";"1,1497";"3,1250"
"34,5100";"1,1501";"3,1231"
"34,5200";"1,1505";"3,1238"
"34,5300";"1,1508";"3,1272"
"34,5400";"1,1512";"3,1298"
"34,5500";"1,1515";"3,1310"
"34,5600";"1,1519";"3,1323"
"34,5700";"1,1522";"3,1334"
"34,5800";"1,1526";"3,1340"
"34,5900";"1,1529";"3,1338"
"34,6000";"1,1533";"3,1316"
"34,6100";"1,1538";"3,1306"
"34,6200";"1,1541";"3,1320"
"34,6300";"1,1545";"3,1343"
"34,6400";"1,1547";"3,1364"
"34,6500";"1,1551";"3,1380"
"34,6600";"1,1554";"3,1382"
"34,6700";"1,1558";"3,1400"
"34,6800";"1,1560";"3,1428"
"34,6900";"1,1564";"3,1430"
"34,7000";"1,1567";"3,1410"
"34,7100";"1,1571";"3,1414"
"34,7200";"1,1574";"3,1427"
"34,7300";"1,1578";"3,1441"
"34,7400";"1,1581";"3,1438"
"34,7500";"1,1585";"3,1437"
"34,7600";"1,1588";"3,1454"
"34,7700";"1,1591";"3,1475"
"34,7800";"1,1593";"3,1499"
"34,7900";"1,1597";"3,1497"
"34,8000";"1,1600";"3,1510"
"34,8100";"1,1602";"3,1528"
"34,8200";"1,1606";"3,1541"
"34,8300";"1,1610";"3,1540"
"34,8400";"1,1612";"3,1521"
"34,8500";"1,1615";"3,1512"
"34,8600";"1,1619";"3,1536"
"34,8700";"1,1623";"3,1561"
"34,8800";"1,1626";"3,1567"
"34,8900";"1,1630";"3,1566"
"34,9000";"1,1633";"3,1575"
"34,9100";"1,1637";"3,1589"
"34,9200";"1,1640";"3,1594"
"34,9300";"1,1644";"3,1594"
"34,9400";"1,1646";"3,1594"
"34,9500";"1,1650";"3,1607"
"34,9600";"1,1652";"3,1635"
"34,9700";"1,1656";"3,1678"
"34,9800";"1,1658";"3,1690"
"34,9900";"1,1662";"3,1664"
"35,0000";"1,1664";"3,1641"
"35,0100";"1,1667";"3,1640"
"35,0200";"1,1671";"3,1647"
"35,0300";"1,1675";"3,1657"
"35,0400";"1,1678";"3,1673"
"35,0500";"1,1682";"3,1702"
"35,0600";"1,1685";"3,1743"
"35,0700";"1,1689";"3,1763"
"35,0800";"1,1693";"3,1750"
"35,0900";"1,1697";"3,1733"
"35,1000";"1,1700";"3,1716"
"35,1100";"1,1704";"3,1720"
"35,1200";"1,1706";"3,1743"
"35,1300";"1,1710";"3,1770"
"35,1400";"1,1712";"3,1790"
"35,1500";"1,1716";"3,1795"
"35,1600";"1,1718";"3,1787"
"35,1700";"1,1722";"3,1776"
"35,1800";"1,1724";"3,1790"
"35,1900";"1,1728";"3,1810"
"35,2000";"1,1731";"3,1810"
"35,2100";"1,1735";"3,1796"
"35,2200";"1,1738";"3,1804"
"35,2300";"1,1742";"3,1822"
"35,2400";"1,1745";"3,1829"
"35,2500";"1,1749";"3,1826"
"35,2600";"1,1752";"3,1829"
"35,2700";"1,1756";"3,1838"
"35,2800";"1,1760";"3,1856"
"35,2900";"1,1762";"3,1883"
"35,3000";"1,1765";"3,1907"
"35,3100";"1,1768";"3,1909"
"35,3200";"1,1771";"3,1904"
"35,3300";"1,1774";"3,1901"
"35,3400";"1,1777";"3,1917"
"35,3500";"1,1781";"3,1949"
"35,3600";"1,1784";"3,1961"
"35,3700";"1,1788";"3,1947"
"35,3800";"1,1791";"3,1945"
"35,3900";"1,1795";"3,1961"
"35,4000";"1,1798";"3,1975"
"35,4100";"1,1802";"3,1978"
"35,4200";"1,1806";"3,1978"
"35,4300";"1,1809";"3,1989"
"35,4400";"1,1813";"3,2001"
"35,4500";"1,1816";"3,2014"
"35,4600";"1,1820";"3,2031"
"35,4700";"1,1822";"3,2034"
"35,4800";"1,1826";"3,2034"
"35,4900";"1,1829";"3,2040"
"35,5000";"1,1833";"3,2055"
"35,5100";"1,1835";"3,2083"
"35,5200";"1,1839";"3,2100"
"35,5300";"1,1842";"3,2103"
"35,5400";"1,1846";"3,2102"
"35,5500";"1,1849";"3,2110"
"35,5600";"1,1853";"3,2123"
"35,5700";"1,1856";"3,2112"
"35,5800";"1,1860";"3,2090"
"35,5900";"1,1863";"3,2083"
"35,6000";"1,1866";"3,2092"
"35,6100";"1,1869";"3,2109"
"35,6200";"1,1873";"3,2130"
"35,6300";"1,1876";"3,2150"
"35,6400";"1,1880";"3,2176"
"35,6500";"1,1883";"3,2188"
"35,6600";"1,1886";"3,2185"
"35,6700";"1,1889";"3,2184"
"35,6800";"1,1892";"3,2179"
"35,6900";"1,1895";"3,2191"
"35,7000";"1,1899";"3,2185"
"35,7100";"1,1902";"3,2187"
"35,7200";"1,1906";"3,2209"
"35,7300";"1,1908";"3,2244"
"35,7400";"1,1912";"3,2268"
"35,7500";"1,1915";"3,2271"
"35,7600";"1,1919";"3,2269"
"35,7700";"1,1922";"3,2267"
"35,7800";"1,1926";"3,2261"
"35,7900";"1,1930";"3,2267"
"35,8000";"1,1933";"3,2282"
"35,8100";"1,1935";"3,2296"
"35,8200";"1,1939";"3,2302"
"35,8300";"1,1941";"3,2316"
"35,8400";"1,1945";"3,2323"
"35,8500";"1,1948";"3,2321"
"35,8600";"1,1952";"3,2312"
"35,8700";"1,1955";"3,2317"
"35,8800";"1,1959";"3,2346"
"35,8900";"1,1963";"3,2361"
"35,9000";"1,1966";"3,2364"
"35,9100";"1,1970";"3,2351"
"35,9200";"1,1973";"3,2357"
"35,9300";"1,1977";"3,2372"
"35,9400";"1,1980";"3,2388"
"35,9500";"1,1984";"3,2397"
"35,9600";"1,1987";"3,2402"
"35,9700";"1,1991";"3,2417"
"35,9800";"1,1994";"3,2429"
"35,9900";"1,1997";"3,2439"
"36,0000";"1,2000";"3,2446"
"36,0100";"1,2003";"3,2470"
"36,0200";"1,2006";"3,2469"
"36,0300";"1,2009";"3,2450"
"36,0400";"1,2012";"3,2447"
"36,0500";"1,2016";"3,2467"
"36,0600";"1,2019";"3,2495"
"36,0700";"1,2023";"3,2498"
"36,0800";"1,2026";"3,2482"
"36,0900";"1,2030";"3,2484"
"36,1000";"1,2033";"3,2502"
"36,1100";"1,2038";"3,2528"
"36,1200";"1,2040";"3,2523"
"36,1300";"1,2044";"3,2522"
"36,1400";"1,2046";"3,2536"
"36,1500";"1,2050";"3,2565"
"36,1600";"1,2052";"3,2588"
"36,1700";"1,2056";"3,2598"
"36,1800";"1,2059";"3,2593"
"36,1900";"1,2063";"3,2578"
"36,2000";"1,2066";"3,2576"
"36,2100";"1,2069";"3,2587"
"36,2200";"1,2072";"3,2599"
"36,2300";"1,2076";"3,2606"
"36,2400";"1,2079";"3,2611"
"36,2500";"1,2083";"3,2630"
"36,2600";"1,2087";"3,2650"
"36,2700";"1,2090";"3,2663"
"36,2800";"1,2094";"3,2665"
"36,2900";"1,2097";"3,2666"
"36,3000";"1,2102";"3,2690"
"36,3100";"1,2104";"3,2712"
"36,3200";"1,2108";"3,2708"
"36,3300";"1,2110";"3,2696"
"36,3400";"1,2114";"3,2702"
"36,3500";"1,2116";"3,2716"
"36,3600";"1,2120";"3,2741"
"36,3700";"1,2123";"3,2759"
"36,3800";"1,2127";"3,2765"
"36,3900";"1,2129";"3,2762"
"36,4000";"1,2133";"3,2744"
"36,4100";"1,2136";"3,2734"
"36,4200";"1,2140";"3,2749"
"36,4300";"1,2143";"3,2774"
"36,4400";"1,2147";"3,2795"
"36,4500";"1,2149";"3,2807"
"36,4600";"1,2153";"3,2822"
"36,4700";"1,2156";"3,2819"
"36,4800";"1,2160";"3,2801"
"36,4900";"1,2163";"3,2777"
"36,5000";"1,2166";"3,2771"
"36,5100";"1,2168";"3,2791"
"36,5200";"1,2172";"3,2828"
"36,5300";"1,2175";"3,2863"
"36,5400";"1,2177";"3,2883"
"36,5500";"1,2181";"3,2892"
"36,5600";"1,2185";"3,2881"
"36,5700";"1,2188";"3,2873"
"36,5800";"1,2192";"3,2870"
"36,5900";"1,2195";"3,2878"
"36,6000";"1,2199";"3,2886"
"36,6100";"1,2202";"3,2888"
"36,6200";"1,2206";"3,2899"
"36,6300";"1,2209";"3,2926"
"36,6400";"1,2213";"3,2944"
"36,6500";"1,2216";"3,2946"
"36,6600";"1,2219";"3,2937"
"36,6700";"1,2222";"3,2944"
"36,6800";"1,2226";"3,2962"
"36,6900";"1,2228";"3,2979"
"36,7000";"1,2232";"3,2974"
"36,7100";"1,2235";"3,2981"
"36,7200";"1,2239";"3,3000"
"36,7300";"1,2242";"3,3012"
"36,7400";"1,2246";"3,3019"
"36,7500";"1,2249";"3,3030"
"36,7600";"1,2253";"3,3050"
"36,7700";"1,2257";"3,3058"
"36,7800";"1,2260";"3,3052"
"36,7900";"1,2264";"3,3061"
"36,8000";"1,2267";"3,3071"
"36,8100";"1,2271";"3,3088"
"36,8200";"1,2273";"3,3098"
"36,8300";"1,2277";"3,3097"
"36,8400";"1,2280";"3,3084"
"36,8500";"1,2282";"3,3086"
"36,8600";"1,2286";"3,3103"
"36,8700";"1,2290";"3,3114"
"36,8800";"1,2293";"3,3113"
"36,8900";"1,2297";"3,3101"
"36,9000";"1,2300";"3,3116"
"36,9100";"1,2304";"3,3159"
"36,9200";"1,2307";"3,3185"
"36,9300";"1,2311";"3,3179"
"36,9400";"1,2314";"3,3149"
"36,9500";"1,2318";"3,3144"
"36,9600";"1,2321";"3,3165"
"36,9700";"1,2324";"3,3188"
"36,9800";"1,2327";"3,3198"
"36,9900";"1,2331";"3,3204"
"37,0000";"1,2333";"3,3219"
"37,0100";"1,2337";"3,3239"
"37,0200";"1,2339";"3,3241"
"37,0300";"1,2343";"3,3232"
"37,0400";"1,2345";"3,3221"
"37,0500";"1,2349";"3,3221"
"37,0600";"1,2352";"3,3232"
"37,0700";"1,2356";"3,3252"
"37,0800";"1,2359";"3,3269"
"37,0900";"1,2362";"3,3285"
"37,1000";"1,2365";"3,3284"
"37,1100";"1,2369";"3,3282"
"37,1200";"1,2371";"3,3276"
"37,1300";"1,2375";"3,3286"
"37,1400";"1,2378";"3,3309"
"37,1500";"1,2382";"3,3336"
"37,1600";"1,2385";"3,3341"
"37,1700";"1,2388";"3,3348"
"37,1800";"1,2391";"3,3357"
"37,1900";"1,2393";"3,3358"
"37,2000";"1,2397";"3,3357"
"37,2100";"1,2401";"3,3373"
"37,2200";"1,2404";"3,3378"
"37,2300";"1,2406";"3,3383"
"37,2400";"1,2410";"3,3393"
"37,2500";"1,2414";"3,3409"
"37,2600";"1,2417";"3,3428"
"37,2700";"1,2421";"3,3441"
"37,2800";"1,2424";"3,3438"
"37,2900";"1,2428";"3,3438"
"37,3000";"1,2431";"3,3445"
"37,3100";"1,2435";"3,3445"
"37,3200";"1,2438";"3,3451"
"37,3300";"1,2442";"3,3454"
"37,3400";"1,2444";"3,3457"
"37,3500";"1,2448";"3,3471"
"37,3600";"1,2451";"3,3480"
"37,3700";"1,2454";"3,3485"
"37,3800";"1,2458";"3,3481"
"37,3900";"1,2461";"3,3492"
"37,4000";"1,2465";"3,3505"
"37,4100";"1,2469";"3,3519"
"37,4200";"1,2473";"3,3538"
"37,4300";"1,2476";"3,3556"
"37,4400";"1,2480";"3,3581"
"37,4500";"1,2483";"3,3613"
"37,4600";"1,2487";"3,3632"
"37,4700";"1,2491";"3,3623"
"37,4800";"1,2494";"3,3611"
"37,4900";"1,2497";"3,3612"
"37,5000";"1,2501";"3,3615"
"37,5100";"1,2503";"3,3613"
"37,5200";"1,2507";"3,3616"
"37,5300";"1,2510";"3,3640"
"37,5400";"1,2513";"3,3677"
"37,5500";"1,2516";"3,3706"
"37,5600";"1,2520";"3,3701"
"37,5700";"1,2523";"3,3670"
"37,5800";"1,2528";"3,3656"
"37,5900";"1,2532";"3,3666"
"37,6000";"1,2535";"3,3680"
"37,6100";"1,2540";"3,3685"
"37,6200";"1,2543";"3,3701"
"37,6300";"1,2546";"3,3725"
"37,6400";"1,2549";"3,3745"
"37,6500";"1,2553";"3,3762"
"37,6600";"1,2555";"3,3768"
"37,6700";"1,2559";"3,3766"
"37,6800";"1,2561";"3,3764"
"37,6900";"1,2563";"3,3762"
"37,7000";"1,2567";"3,3768"
"37,7100";"1,2569";"3,3784"
"37,7200";"1,2573";"3,3795"
"37,7300";"1,2576";"3,3796"
"37,7400";"1,2580";"3,3786"
"37,7500";"1,2584";"3,3789"
"37,7600";"1,2587";"3,3817"
"37,7700";"1,2591";"3,3851"
"37,7800";"1,2594";"3,3868"
"37,7900";"1,2598";"3,3874"
"37,8000";"1,2601";"3,3865"
"37,8100";"1,2605";"3,3851"
"37,8200";"1,2607";"3,3849"
"37,8300";"1,2611";"3,3881"
"37,8400";"1,2613";"3,3909"
"37,8500";"1,2617";"3,3918"
"37,8600";"1,2619";"3,3912"
"37,8700";"1,2622";"3,3899"
"37,8800";"1,2626";"3,3907"
"37,8900";"1,2630";"3,3908"
"37,9000";"1,2632";"3,3884"
"37,9100";"1,2635";"3,3869"
"37,9200";"1,2639";"3,3894"
"37,9300";"1,2643";"3,3935"
"37,9400";"1,2647";"3,3952"
"37,9500";"1,2651";"3,3960"
"37,9600";"1,2654";"3,3965"
"37,9700";"1,2658";"3,3974"
"37,9800";"1,2661";"3,3981"
"37,9900";"1,2664";"3,3989"
"38,0000";"1,2667";"3,3998"
"38,0100";"1,2670";"3,4003"
"38,0200";"1,2673";"3,4012"
"38,0300";"1,2676";"3,4028"
"38,0400";"1,2679";"3,4035"
"38,0500";"1,2683";"3,4035"
"38,0600";"1,2685";"3,4027"
"38,0700";"1,2689";"3,4036"
"38,0800";"1,2692";"3,4060"
"38,0900";"1,2697";"3,4070"
"38,1000";"1,2700";"3,4071"
"38,1100";"1,2704";"3,4087"
"38,1200";"1,2707";"3,4109"
"38,1300";"1,2711";"3,4131"
"38,1400";"1,2715";"3,4133"
"38,1500";"1,2718";"3,4126"
"38,1600";"1,2720";"3,4127"
"38,1700";"1,2724";"3,4150"
"38,1800";"1,2726";"3,4167"
"38,1900";"1,2730";"3,4167"
"38,2000";"1,2733";"3,4165"
"38,2100";"1,2737";"3,4185"
"38,2200";"1,2739";"3,4193"
"38,2300";"1,2743";"3,4195"
"38,2400";"1,2746";"3,4198"
"38,2500";"1,2751";"3,4220"
"38,2600";"1,2755";"3,4236"
"38,2700";"1,2758";"3,4239"
"38,2800";"1,2762";"3,4233"
"38,2900";"1,2765";"3,4233"
"38,3000";"1,2769";"3,4243"
"38,3100";"1,2772";"3,4259"
"38,3200";"1,2776";"3,4280"
"38,3300";"1,2778";"3,4297"
"38,3400";"1,2781";"3,4289"
"38,3500";"1,2784";"3,4279"
"38,3600";"1,2787";"3,4290"
"38,3700";"1,2789";"3,4296"
"38,3800";"1,2792";"3,4286"
"38,3900";"1,2795";"3,4265"
"38,4000";"1,2798";"3,4269"
"38,4100";"1,2802";"3,4316"
"38,4200";"1,2805";"3,4364"
"38,4300";"1,2809";"3,4379"
"38,4400";"1,2813";"3,4350"
"38,4500";"1,2815";"3,4329"
"38,4600";"1,2818";"3,4329"
"38,4700";"1,2822";"3,4355"
"38,4800";"1,2826";"3,4366"
"38,4900";"1,2829";"3,4368"
"38,5000";"1,2833";"3,4377"
"38,5100";"1,2835";"3,4398"
"38,5200";"1,2839";"3,4413"
"38,5300";"1,2841";"3,4423"
"38,5400";"1,2844";"3,4429"
"38,5500";"1,2848";"3,4433"
"38,5600";"1,2850";"3,4437"
"38,5700";"1,2854";"3,4465"
"38,5800";"1,2857";"3,4504"
"38,5900";"1,2861";"3,4517"
"38,6000";"1,2865";"3,4514"
"38,6100";"1,2868";"3,4496"
"38,6200";"1,2873";"3,4480"
"38,6300";"1,2876";"3,4470"
"38,6400";"1,2880";"3,4466"
"38,6500";"1,2883";"3,4491"
"38,6600";"1,2887";"3,4533"
"38,6700";"1,2890";"3,4559"
"38,6800";"1,2893";"3,4554"
"38,6900";"1,2896";"3,4546"
"38,7000";"1,2900";"3,4551"
"38,7100";"1,2902";"3,4565"
"38,7200";"1,2906";"3,4563"
"38,7300";"1,2909";"3,4559"
"38,7400";"1,2912";"3,4568"
"38,7500";"1,2915";"3,4594"
"38,7600";"1,2919";"3,4605"
"38,7700";"1,2922";"3,4606"
"38,7800";"1,2926";"3,4596"
"38,7900";"1,2929";"3,4595"
"38,8000";"1,2933";"3,4598"
"38,8100";"1,2937";"3,4601"
"38,8200";"1,2940";"3,4616"
"38,8300";"1,2942";"3,4645"
"38,8400";"1,2946";"3,4667"
"38,8500";"1,2948";"3,4669"
"38,8600";"1,2952";"3,4682"
"38,8700";"1,2955";"3,4703"
"38,8800";"1,2958";"3,4704"
"38,8900";"1,2961";"3,4686"
"38,9000";"1,2965";"3,4668"
"38,9100";"1,2968";"3,4681"
"38,9200";"1,2972";"3,4714"
"38,9300";"1,2975";"3,4744"
"38,9400";"1,2978";"3,4761"
"38,9500";"1,2983";"3,4764"
"38,9600";"1,2985";"3,4763"
"38,9700";"1,2988";"3,4749"
"38,9800";"1,2992";"3,4717"
"38,9900";"1,2997";"3,4705"
"39,0000";"1,2999";"3,4719"
"39,0100";"1,3003";"3,4756"
"39,0200";"1,3006";"3,4786"
"39,0300";"1,3010";"3,4806"
"39,0400";"1,3012";"3,4818"
"39,0500";"1,3014";"3,4822"
"39,0600";"1,3018";"3,4810"
"39,0700";"1,3022";"3,4801"
"39,0800";"1,3025";"3,4806"
"39,0900";"1,3027";"3,4815"
"39,1000";"1,3031";"3,4823"
"39,1100";"1,3035";"3,4844"
"39,1200";"1,3038";"3,4883"
"39,1300";"1,3042";"3,4907"
"39,1400";"1,3045";"3,4905"
"39,1500";"1,3049";"3,4895"
"39,1600";"1,3052";"3,4908"
"39,1700";"1,3056";"3,4927"
"39,1800";"1,3058";"3,4928"
"39,1900";"1,3062";"3,4933"
"39,2000";"1,3064";"3,4943"
"39,2100";"1,3068";"3,4959"
"39,2200";"1,3071";"3,4951"
"39,2300";"1,3073";"3,4942"
"39,2400";"1,3077";"3,4947"
"39,2500";"1,3081";"3,4963"
"39,2600";"1,3084";"3,4982"
"39,2700";"1,3088";"3,4999"
"39,2800";"1,3091";"3,5013"
"39,2900";"1,3096";"3,5026"
"39,3000";"1,3099";"3,5038"
"39,3100";"1,3103";"3,5042"
"39,3200";"1,3107";"3,5045"
"39,3300";"1,3110";"3,5047"
"39,3400";"1,3114";"3,5041"
"39,3500";"1,3116";"3,5043"
"39,3600";"1,3118";"3,5051"
"39,3700";"1,3122";"3,5064"
"39,3800";"1,3125";"3,5051"
"39,3900";"1,3129";"3,5037"
"39,4000";"1,3132";"3,5055"
"39,4100";"1,3136";"3,5086"
"39,4200";"1,3140";"3,5112"
"39,4300";"1,3143";"3,5117"
"39,4400";"1,3148";"3,5117"
"39,4500";"1,3151";"3,5129"
"39,4600";"1,3155";"3,5145"
"39,4700";"1,3158";"3,5144"
"39,4800";"1,3162";"3,5145"
"39,4900";"1,3166";"3,5167"
"39,5000";"1,3169";"3,5198"
"39,5100";"1,3171";"3,5214"
"39,5200";"1,3174";"3,5222"
"39,5300";"1,3177";"3,5229"
"39,5400";"1,3180";"3,5234"
"39,5500";"1,3183";"3,5227"
"39,5600";"1,3187";"3,5210"
"39,5700";"1,3190";"3,5209"
"39,5800";"1,3194";"3,5219"
"39,5900";"1,3197";"3,5234"
"39,6000";"1,3201";"3,5242"
"39,6100";"1,3205";"3,5253"
"39,6200";"1,3208";"3,5282"
"39,6300";"1,3212";"3,5311"
"39,6400";"1,3215";"3,5327"
"39,6500";"1,3219";"3,5329"
"39,6600";"1,3222";"3,5315"
"39,6700";"1,3226";"3,5306"
"39,6800";"1,3229";"3,5301"
"39,6900";"1,3232";"3,5317"
"39,7000";"1,3234";"3,5349"
"39,7100";"1,3238";"3,5364"
"39,7200";"1,3240";"3,5356"
"39,7300";"1,3243";"3,5352"
"39,7400";"1,3246";"3,5364"
"39,7500";"1,3249";"3,5372"
"39,7600";"1,3253";"3,5354"
"39,7700";"1,3256";"3,5349"
"39,7800";"1,3260";"3,5359"
"39,7900";"1,3262";"3,5386"
"39,8000";"1,3266";"3,5404"
"39,8100";"1,3269";"3,5411"
"39,8200";"1,3273";"3,5426"
"39,8300";"1,3277";"3,5442"
"39,8400";"1,3280";"3,5441"
"39,8500";"1,3284";"3,5433"
"39,8600";"1,3286";"3,5442"
"39,8700";"1,3288";"3,5465"
"39,8800";"1,3292";"3,5473"
"39,8900";"1,3295";"3,5467"
"39,9000";"1,3299";"3,5464"
"39,9100";"1,3301";"3,5489"
"39,9200";"1,3305";"3,5512"
"39,9300";"1,3308";"3,5514"
"39,9400";"1,3312";"3,5505"
"39,9500";"1,3315";"3,5496"
"39,9600";"1,3319";"3,5491"
"39,9700";"1,3323";"3,5501"
"39,9800";"1,3326";"3,5515"
"39,9900";"1,3330";"3,5544"
"40,0000";"1,3333";"3,5562"
"40,0100";"1,3337";"3,5560"
"40,0200";"1,3340";"3,5551"
"40,0300";"1,3344";"3,5558"
"40,0400";"1,3346";"3,5559"
"40,0500";"1,3350";"3,5549"
"40,0600";"1,3353";"3,5545"
"40,0700";"1,3357";"3,5562"
"40,0800";"1,3360";"3,5594"
"40,0900";"1,3364";"3,5622"
"40,1000";"1,3367";"3,5634"
"40,1100";"1,3371";"3,5646"
"40,1200";"1,3375";"3,5650"
"40,1300";"1,3378";"3,5648"
"40,1400";"1,3382";"3,5639"
"40,1500";"1,3384";"3,5649"
"40,1600";"1,3387";"3,5667"
"40,1700";"1,3391";"3,5670"
"40,1800";"1,3393";"3,5668"
"40,1900";"1,3396";"3,5671"
"40,2000";"1,3399";"3,5691"
"40,2100";"1,3403";"3,5724"
"40,2200";"1,3405";"3,5730"
"40,2300";"1,3409";"3,5719"
"40,2400";"1,3412";"3,5724"
"40,2500";"1,3416";"3,5738"
"40,2600";"1,3418";"3,5743"
"40,2700";"1,3422";"3,5739"
"40,2800";"1,3425";"3,5743"
"40,2900";"1,3429";"3,5756"
"40,3000";"1,3432";"3,5775"
"40,3100";"1,3436";"3,5786"
"40,3200";"1,3439";"3,5795"
"40,3300";"1,3443";"3,5793"
"40,3400";"1,3447";"3,5777"
"40,3500";"1,3450";"3,5786"
"40,3600";"1,3454";"3,5818"
"40,3700";"1,3456";"3,5858"
"40,3800";"1,3460";"3,5873"
"40,3900";"1,3462";"3,5866"
"40,4000";"1,3465";"3,5866"
"40,4100";"1,3469";"3,5873"
"40,4200";"1,3472";"3,5867"
"40,4300";"1,3476";"3,5865"
"40,4400";"1,3480";"3,5878"
"40,4500";"1,3482";"3,5895"
"40,4600";"1,3485";"3,5898"
"40,4700";"1,3489";"3,5894"
"40,4800";"1,3493";"3,5892"
"40,4900";"1,3496";"3,5897"
"40,5000";"1,3500";"3,5918"
"40,5100";"1,3503";"3,5936"
"40,5200";"1,3506";"3,5936"
"40,5300";"1,3509";"3,5946"
"40,5400";"1,3511";"3,5969"
"40,5500";"1,3515";"3,5981"
"40,5600";"1,3517";"3,5978"
"40,5700";"1,3521";"3,5965"
"40,5800";"1,3523";"3,5953"
"40,5900";"1,3527";"3,5949"
"40,6000";"1,3530";"3,5956"
"40,6100";"1,3534";"3,5982"
"40,6200";"1,3537";"3,6005"
"40,6300";"1,3541";"3,6006"
"40,6400";"1,3545";"3,6016"
"40,6500";"1,3548";"3,6033"
"40,6600";"1,3552";"3,6050"
"40,6700";"1,3555";"3,6053"
"40,6800";"1,3559";"3,6042"
"40,6900";"1,3562";"3,6054"
"40,7000";"1,3565";"3,6065"
"40,7100";"1,3567";"3,6071"
"40,7200";"1,3570";"3,6069"
"40,7300";"1,3574";"3,6075"
"40,7400";"1,3578";"3,6084"
"40,7500";"1,3581";"3,6088"
"40,7600";"1,3585";"3,6093"
"40,7700";"1,3588";"3,6098"
"40,7800";"1,3592";"3,6121"
"40,7900";"1,3595";"3,6145"
"40,8000";"1,3600";"3,6149"
"40,8100";"1,3604";"3,6139"
"40,8200";"1,3607";"3,6147"
"40,8300";"1,3611";"3,6166"
"40,8400";"1,3614";"3,6182"
"40,8500";"1,3617";"3,6198"
"40,8600";"1,3620";"3,6201"
"40,8700";"1,3622";"3,6195"
"40,8800";"1,3626";"3,6191"
"40,8900";"1,3628";"3,6203"
"40,9000";"1,3632";"3,6207"
"40,9100";"1,3635";"3,6197"
"40,9200";"1,3639";"3,6192"
"40,9300";"1,3642";"3,6208"
"40,9400";"1,3645";"3,6241"
"40,9500";"1,3648";"3,6267"
"40,9600";"1,3652";"3,6257"
"40,9700";"1,3655";"3,6244"
"40,9800";"1,3659";"3,6255"
"40,9900";"1,3663";"3,6284"
"41,0000";"1,3666";"3,6292"
"41,0100";"1,3670";"3,6294"
"41,0200";"1,3672";"3,6299"
"41,0300";"1,3676";"3,6324"
"41,0400";"1,3679";"3,6346"
"41,0500";"1,3683";"3,6343"
"41,0600";"1,3685";"3,6333"
"41,0700";"1,3689";"3,6335"
"41,0800";"1,3691";"3,6345"
"41,0900";"1,3694";"3,6350"
"41,1000";"1,3698";"3,6356"
"41,1100";"1,3700";"3,6366"
"41,1200";"1,3704";"3,6377"
"41,1300";"1,3707";"3,6377"
"41,1400";"1,3711";"3,6368"
"41,1500";"1,3715";"3,6364"
"41,1600";"1,3718";"3,6357"
"41,1700";"1,3722";"3,6369"
"41,1800";"1,3725";"3,6402"
"41,1900";"1,3729";"3,6436"
"41,2000";"1,3732";"3,6461"
"41,2100";"1,3735";"3,6454"
"41,2200";"1,3738";"3,6457"
"41,2300";"1,3742";"3,6478"
"41,2400";"1,3745";"3,6486"
"41,2500";"1,3749";"3,6464"
"41,2600";"1,3752";"3,6451"
"41,2700";"1,3755";"3,6477"
"41,2800";"1,3758";"3,6517"
"41,2900";"1,3762";"3,6533"
"41,3000";"1,3765";"3,6515"
"41,3100";"1,3769";"3,6511"
"41,3200";"1,3772";"3,6541"
"41,3300";"1,3776";"3,6578"
"41,3400";"1,3779";"3,6576"
"41,3500";"1,3783";"3,6559"
"41,3600";"1,3787";"3,6557"
"41,3700";"1,3790";"3,6564"
"41,3800";"1,3794";"3,6568"
"41,3900";"1,3796";"3,6581"
"41,4000";"1,3800";"3,6601"
"41,4100";"1,3803";"3,6606"
"41,4200";"1,3807";"3,6604"
"41,4300";"1,3810";"3,6614"
"41,4400";"1,3814";"3,6639"
"41,4500";"1,3817";"3,6665"
"41,4600";"1,3821";"3,6663"
"41,4700";"1,3824";"3,6643"
"41,4800";"1,3829";"3,6634"
"41,4900";"1,3833";"3,6649"
"41,5000";"1,3835";"3,6672"
"41,5100";"1,3838";"3,6692"
"41,5200";"1,3842";"3,6708"
"41,5300";"1,3844";"3,6719"
"41,5400";"1,3848";"3,6726"
"41,5500";"1,3850";"3,6724"
"41,5600";"1,3854";"3,6732"
"41,5700";"1,3857";"3,6745"
"41,5800";"1,3861";"3,6750"
"41,5900";"1,3864";"3,6748"
"41,6000";"1,3868";"3,6753"
"41,6100";"1,3872";"3,6777"
"41,6200";"1,3875";"3,6790"
"41,6300";"1,3879";"3,6777"
"41,6400";"1,3882";"3,6759"
"41,6500";"1,3886";"3,6760"
"41,6600";"1,3888";"3,6783"
"41,6700";"1,3892";"3,6807"
"41,6800";"1,3895";"3,6820"
"41,6900";"1,3899";"3,6832"
"41,7000";"1,3901";"3,6833"
"41,7100";"1,3905";"3,6833"
"41,7200";"1,3907";"3,6840"
"41,7300";"1,3910";"3,6857"
"41,7400";"1,3913";"3,6872"
"41,7500";"1,3916";"3,6869"
"41,7600";"1,3920";"3,6866"
"41,7700";"1,3922";"3,6874"
"41,7800";"1,3926";"3,6883"
"41,7900";"1,3929";"3,6877"
"41,8000";"1,3933";"3,6886"
"41,8100";"1,3936";"3,6897"
"41,8200";"1,3940";"3,6909"
"41,8300";"1,3944";"3,6909"
"41,8400";"1,3947";"3,6905"
"41,8500";"1,3951";"3,6918"
"41,8600";"1,3954";"3,6932"
"41,8700";"1,3958";"3,6943"
"41,8800";"1,3960";"3,6941"
"41,8900";"1,3964";"3,6952"
"41,9000";"1,3966";"3,6987"
"41,9100";"1,3970";"3,7015"
"41,9200";"1,3972";"3,7014"
"41,9300";"1,3975";"3,6998"
"41,9400";"1,3978";"3,6988"
"41,9500";"1,3981";"3,6995"
"41,9600";"1,3985";"3,6995"
"41,9700";"1,3988";"3,6992"
"41,9800";"1,3992";"3,7002"
"41,9900";"1,3994";"3,7014"
"42,0000";"1,3998";"3,7027"
"42,0100";"1,4003";"3,7029"
"42,0200";"1,4006";"3,7035"
"42,0300";"1,4010";"3,7045"
"42,0400";"1,4012";"3,7050"
"42,0500";"1,4016";"3,7055"
"42,0600";"1,4019";"3,7066"
"42,0700";"1,4021";"3,7079"
"42,0800";"1,4025";"3,7114"
"42,0900";"1,4029";"3,7153"
"42,1000";"1,4031";"3,7174"
"42,1100";"1,4036";"3,7176"
"42,1200";"1,4038";"3,7165"
"42,1300";"1,4043";"3,7158"
"42,1400";"1,4045";"3,7164"
"42,1500";"1,4050";"3,7175"
"42,1600";"1,4052";"3,7163"
"42,1700";"1,4056";"3,7150"
"42,1800";"1,4059";"3,7159"
"42,1900";"1,4063";"3,7185"
"42,2000";"1,4065";"3,7202"
"42,2100";"1,4069";"3,7198"
"42,2200";"1,4071";"3,7188"
"42,2300";"1,4075";"3,7200"
"42,2400";"1,4078";"3,7217"
"42,2500";"1,4082";"3,7234"
"42,2600";"1,4085";"3,7241"
"42,2700";"1,4089";"3,7249"
"42,2800";"1,4092";"3,7258"
"42,2900";"1,4096";"3,7280"
"42,3000";"1,4099";"3,7291"
"42,3100";"1,4102";"3,7291"
"42,3200";"1,4105";"3,7277"
"42,3300";"1,4109";"3,7266"
"42,3400";"1,4112";"3,7272"
"42,3500";"1,4116";"3,7307"
"42,3600";"1,4119";"3,7329"
"42,3700";"1,4122";"3,7328"
"42,3800";"1,4125";"3,7320"
"42,3900";"1,4128";"3,7325"
"42,4000";"1,4131";"3,7334"
"42,4100";"1,4134";"3,7338"
"42,4200";"1,4137";"3,7344"
"42,4300";"1,4141";"3,7356"
"42,4400";"1,4144";"3,7378"
"42,4500";"1,4148";"3,7398"
"42,4600";"1,4151";"3,7401"
"42,4700";"1,4155";"3,7394"
"42,4800";"1,4158";"3,7409"
"42,4900";"1,4162";"3,7435"
"42,5000";"1,4165";"3,7441"
"42,5100";"1,4169";"3,7432"
"42,5200";"1,4173";"3,7428"
"42,5300";"1,4176";"3,7441"
"42,5400";"1,4180";"3,7447"
"42,5500";"1,4183";"3,7442"
"42,5600";"1,4186";"3,7434"
"42,5700";"1,4189";"3,7453"
"42,5800";"1,4191";"3,7485"
"42,5900";"1,4195";"3,7510"
"42,6000";"1,4197";"3,7526"
"42,6100";"1,4201";"3,7524"
"42,6200";"1,4204";"3,7517"
"42,6300";"1,4208";"3,7510"
"42,6400";"1,4212";"3,7509"
"42,6500";"1,4215";"3,7521"
"42,6600";"1,4219";"3,7525"
"42,6700";"1,4222";"3,7537"
"42,6800";"1,4226";"3,7554"
"42,6900";"1,4230";"3,7568"
"42,7000";"1,4234";"3,7578"
"42,7100";"1,4237";"3,7581"
"42,7200";"1,4241";"3,7592"
"42,7300";"1,4243";"3,7609"
"42,7400";"1,4247";"3,7616"
"42,7500";"1,4250";"3,7615"
"42,7600";"1,4253";"3,7625"
"42,7700";"1,4256";"3,7651"
"42,7800";"1,4260";"3,7665"
"42,7900";"1,4263";"3,7656"
"42,8000";"1,4267";"3,7639"
"42,8100";"1,4271";"3,7647"
"42,8200";"1,4274";"3,7668"
"42,8300";"1,4276";"3,7679"
"42,8400";"1,4280";"3,7669"
"42,8500";"1,4284";"3,7679"
"42,8600";"1,4286";"3,7700"
"42,8700";"1,4289";"3,7710"
"42,8800";"1,4293";"3,7709"
"42,8900";"1,4295";"3,7711"
"42,9000";"1,4299";"3,7710"
"42,9100";"1,4302";"3,7714"
"42,9200";"1,4305";"3,7716"
"42,9300";"1,4308";"3,7724"
"42,9400";"1,4312";"3,7751"
"42,9500";"1,4315";"3,7770"
"42,9600";"1,4319";"3,7772"
"42,9700";"1,4322";"3,7786"
"42,9800";"1,4326";"3,7804"
"42,9900";"1,4330";"3,7810"
"43,0000";"1,4333";"3,7796"
"43,0100";"1,4337";"3,7798"
"43,0200";"1,4340";"3,7817"
"43,0300";"1,4344";"3,7836"
"43,0400";"1,4347";"3,7835"
"43,0500";"1,4351";"3,7849"
"43,0600";"1,4353";"3,7868"
"43,0700";"1,4357";"3,7870"
"43,0800";"1,4359";"3,7865"
"43,0900";"1,4363";"3,7854"
"43,1000";"1,4366";"3,7849"
"43,1100";"1,4370";"3,7863"
"43,1200";"1,4373";"3,7876"
"43,1300";"1,4376";"3,7879"
"43,1400";"1,4379";"3,7894"
"43,1500";"1,4383";"3,7915"
"43,1600";"1,4386";"3,7926"
"43,1700";"1,4390";"3,7934"
"43,1800";"1,4393";"3,7932"
"43,1900";"1,4397";"3,7923"
"43,2000";"1,4400";"3,7921"
"43,2100";"1,4404";"3,7933"
"43,2200";"1,4406";"3,7961"
"43,2300";"1,4410";"3,7989"
"43,2400";"1,4412";"3,7998"
"43,2500";"1,4416";"3,8009"
"43,2600";"1,4418";"3,8029"
"43,2700";"1,4422";"3,8035"
"43,2800";"1,4425";"3,8015"
"43,2900";"1,4428";"3,7992"
"43,3000";"1,4431";"3,7984"
"43,3100";"1,4435";"3,8002"
"43,3200";"1,4438";"3,8020"
"43,3300";"1,4442";"3,8023"
"43,3400";"1,4445";"3,8035"
"43,3500";"1,4450";"3,8073"
"43,3600";"1,4454";"3,8099"
"43,3700";"1,4458";"3,8102"
"43,3800";"1,4461";"3,8090"
"43,3900";"1,4464";"3,8093"
"43,4000";"1,4468";"3,8098"
"43,4100";"1,4470";"3,8115"
"43,4200";"1,4474";"3,8124"
"43,4300";"1,4477";"3,8120"
"43,4400";"1,4481";"3,8134"
"43,4500";"1,4484";"3,8151"
"43,4600";"1,4488";"3,8153"
"43,4700";"1,4491";"3,8160"
"43,4800";"1,4495";"3,8170"
"43,4900";"1,4498";"3,8178"
"43,5000";"1,4502";"3,8188"
"43,5100";"1,4505";"3,8195"
"43,5200";"1,4509";"3,8184"
"43,5300";"1,4511";"3,8175"
"43,5400";"1,4515";"3,8177"
"43,5500";"1,4517";"3,8192"
"43,5600";"1,4521";"3,8216"
"43,5700";"1,4523";"3,8238"
"43,5800";"1,4527";"3,8248"
"43,5900";"1,4530";"3,8261"
"43,6000";"1,4534";"3,8278"
"43,6100";"1,4537";"3,8291"
"43,6200";"1,4541";"3,8290"
"43,6300";"1,4544";"3,8287"
"43,6400";"1,4548";"3,8301"
"43,6500";"1,4552";"3,8307"
"43,6600";"1,4555";"3,8301"
"43,6700";"1,4559";"3,8293"
"43,6800";"1,4562";"3,8295"
"43,6900";"1,4565";"3,8296"
"43,7000";"1,4568";"3,8309"
"43,7100";"1,4572";"3,8324"
"43,7200";"1,4574";"3,8330"
"43,7300";"1,4576";"3,8328"
"43,7400";"1,4580";"3,8330"
"43,7500";"1,4582";"3,8341"
"43,7600";"1,4586";"3,8355"
"43,7700";"1,4589";"3,8363"
"43,7800";"1,4592";"3,8358"
"43,7900";"1,4595";"3,8354"
"43,8000";"1,4599";"3,8371"
"43,8100";"1,4602";"3,8402"
"43,8200";"1,4606";"3,8408"
"43,8300";"1,4609";"3,8404"
"43,8400";"1,4613";"3,8412"
"43,8500";"1,4616";"3,8423"
"43,8600";"1,4620";"3,8425"
"43,8700";"1,4624";"3,8416"
"43,8800";"1,4627";"3,8412"
"43,8900";"1,4631";"3,8438"
"43,9000";"1,4633";"3,8464"
"43,9100";"1,4637";"3,8479"
"43,9200";"1,4639";"3,8495"
"43,9300";"1,4642";"3,8505"
"43,9400";"1,4645";"3,8501"
"43,9500";"1,4648";"3,8493"
"43,9600";"1,4652";"3,8491"
"43,9700";"1,4655";"3,8505"
"43,9800";"1,4658";"3,8527"
"43,9900";"1,4661";"3,8543"
"44,0000";"1,4665";"3,8544"
"44,0100";"1,4668";"3,8560"
"44,0200";"1,4672";"3,8575"
"44,0300";"1,4675";"3,8570"
"44,0400";"1,4679";"3,8559"
"44,0500";"1,4683";"3,8575"
"44,0600";"1,4686";"3,8592"
"44,0700";"1,4688";"3,8598"
"44,0800";"1,4692";"3,8586"
"44,0900";"1,4694";"3,8593"
"44,1000";"1,4698";"3,8610"
"44,1100";"1,4701";"3,8624"
"44,1200";"1,4705";"3,8625"
"44,1300";"1,4709";"3,8633"
"44,1400";"1,4712";"3,8648"
"44,1500";"1,4716";"3,8659"
"44,1600";"1,4719";"3,8657"
"44,1700";"1,4723";"3,8650"
"44,1800";"1,4726";"3,8662"
"44,1900";"1,4730";"3,8683"
"44,2000";"1,4733";"3,8691"
"44,2100";"1,4737";"3,8694"
"44,2200";"1,4739";"3,8694"
"44,2300";"1,4743";"3,8684"
"44,2400";"1,4745";"3,8688"
"44,2500";"1,4749";"3,8717"
"44,2600";"1,4752";"3,8744"
"44,2700";"1,4756";"3,8750"
"44,2800";"1,4758";"3,8735"
"44,2900";"1,4762";"3,8741"
"44,3000";"1,4765";"3,8773"
"44,3100";"1,4769";"3,8793"
"44,3200";"1,4772";"3,8788"
"44,3300";"1,4776";"3,8780"
"44,3400";"1,4779";"3,8791"
"44,3500";"1,4783";"3,8815"
"44,3600";"1,4786";"3,8822"
"44,3700";"1,4790";"3,8821"
"44,3800";"1,4794";"3,8823"
"44,3900";"1,4796";"3,8844"
"44,4000";"1,4799";"3,8860"
"44,4100";"1,4802";"3,8870"
"44,4200";"1,4805";"3,8874"
"44,4300";"1,4808";"3,8882"
"44,4400";"1,4811";"3,8878"
"44,4500";"1,4815";"3,8873"
"44,4600";"1,4818";"3,8876"
"44,4700";"1,4822";"3,8890"
"44,4800";"1,4825";"3,8899"
"44,4900";"1,4829";"3,8909"
"44,5000";"1,4832";"3,8902"
"44,5100";"1,4836";"3,8895"
"44,5200";"1,4840";"3,8900"
"44,5300";"1,4843";"3,8915"
"44,5400";"1,4845";"3,8933"
"44,5500";"1,4849";"3,8954"
"44,5600";"1,4853";"3,8971"
"44,5700";"1,4856";"3,8959"
"44,5800";"1,4858";"3,8944"
"44,5900";"1,4862";"3,8949"
"44,6000";"1,4864";"3,8967"
"44,6100";"1,4868";"3,8980"
"44,6200";"1,4870";"3,8984"
"44,6300";"1,4874";"3,8996"
"44,6400";"1,4877";"3,9008"
"44,6500";"1,4881";"3,9004"
"44,6600";"1,4884";"3,9003"
"44,6700";"1,4888";"3,9011"
"44,6800";"1,4892";"3,9033"
"44,6900";"1,4895";"3,9051"
"44,7000";"1,4899";"3,9068"
"44,7100";"1,4902";"3,9073"
"44,7200";"1,4906";"3,9084"
"44,7300";"1,4909";"3,9103"
"44,7400";"1,4912";"3,9103"
"44,7500";"1,4915";"3,9096"
"44,7600";"1,4919";"3,9103"
"44,7700";"1,4921";"3,9119"
"44,7800";"1,4925";"3,9124"
"44,7900";"1,4928";"3,9124"
"44,8000";"1,4932";"3,9137"
"44,8100";"1,4935";"3,9150"
"44,8200";"1,4939";"3,9156"
"44,8300";"1,4942";"3,9156"
"44,8400";"1,4946";"3,9159"
"44,8500";"1,4949";"3,9159"
"44,8600";"1,4953";"3,9157"
"44,8700";"1,4956";"3,9166"
"44,8800";"1,4960";"3,9185"
"44,8900";"1,4964";"3,9196"
"44,9000";"1,4966";"3,9190"
"44,9100";"1,4969";"3,9194"
"44,9200";"1,4973";"3,9217"
"44,9300";"1,4977";"3,9235"
"44,9400";"1,4980";"3,9247"
"44,9500";"1,4984";"3,9250"
"44,9600";"1,4987";"3,9271"
"44,9700";"1,4991";"3,9302"
"44,9800";"1,4994";"3,9314"
"44,9900";"1,4999";"3,9305"
"45,0000";"1,5001";"3,9289"
"45,0100";"1,5005";"3,9280"
"45,0200";"1,5008";"3,9287"
"45,0300";"1,5012";"3,9299"
"45,0400";"1,5015";"3,9304"
"45,0500";"1,5018";"3,9334"
"45,0600";"1,5021";"3,9376"
"45,0700";"1,5025";"3,9400"
"45,0800";"1,5027";"3,9409"
"45,0900";"1,5030";"3,9407"
"45,1000";"1,5032";"3,9400"
"45,1100";"1,5036";"3,9376"
"45,1200";"1,5039";"3,9363"
"45,1300";"1,5043";"3,9367"
"45,1400";"1,5046";"3,9378"
"45,1500";"1,5050";"3,9392"
"45,1600";"1,5053";"3,9396"
"45,1700";"1,5057";"3,9397"
"45,1800";"1,5060";"3,9400"
"45,1900";"1,5063";"3,9411"
"45,2000";"1,5067";"3,9430"
"45,2100";"1,5071";"3,9460"
"45,2200";"1,5075";"3,9485"
"45,2300";"1,5077";"3,9485"
"45,2400";"1,5080";"3,9495"
"45,2500";"1,5084";"3,9506"
"45,2600";"1,5086";"3,9508"
"45,2700";"1,5090";"3,9502"
"45,2800";"1,5092";"3,9484"
"45,2900";"1,5096";"3,9481"
"45,3000";"1,5099";"3,9499"
"45,3100";"1,5103";"3,9519"
"45,3200";"1,5106";"3,9526"
"45,3300";"1,5110";"3,9536"
"45,3400";"1,5113";"3,9543"
"45,3500";"1,5117";"3,9546"
"45,3600";"1,5122";"3,9539"
"45,3700";"1,5125";"3,9542"
"45,3800";"1,5129";"3,9559"
"45,3900";"1,5132";"3,9584"
"45,4000";"1,5135";"3,9609"
"45,4100";"1,5138";"3,9623"
"45,4200";"1,5141";"3,9640"
"45,4300";"1,5144";"3,9638"
"45,4400";"1,5148";"3,9617"
"45,4500";"1,5150";"3,9609"
"45,4600";"1,5154";"3,9615"
"45,4700";"1,5157";"3,9623"
"45,4800";"1,5161";"3,9633"
"45,4900";"1,5164";"3,9650"
"45,5000";"1,5168";"3,9680"
"45,5100";"1,5171";"3,9707"
"45,5200";"1,5175";"3,9705"
"45,5300";"1,5178";"3,9687"
"45,5400";"1,5181";"3,9683"
"45,5500";"1,5184";"3,9679"
"45,5600";"1,5187";"3,9676"
"45,5700";"1,5190";"3,9692"
"45,5800";"1,5194";"3,9722"
"45,5900";"1,5196";"3,9751"
"45,6000";"1,5200";"3,9755"
"45,6100";"1,5203";"3,9740"
"45,6200";"1,5207";"3,9739"
"45,6300";"1,5210";"3,9762"
"45,6400";"1,5214";"3,9791"
"45,6500";"1,5217";"3,9796"
"45,6600";"1,5221";"3,9796"
"45,6700";"1,5224";"3,9815"
"45,6800";"1,5228";"3,9841"
"45,6900";"1,5232";"3,9851"
"45,7000";"1,5235";"3,9836"
"45,7100";"1,5237";"3,9805"
"45,7200";"1,5241";"3,9792"
"45,7300";"1,5245";"3,9813"
"45,7400";"1,5247";"3,9848"
"45,7500";"1,5250";"3,9885"
"45,7600";"1,5253";"3,9891"
"45,7700";"1,5255";"3,9882"
"45,7800";"1,5259";"3,9863"
"45,7900";"1,5262";"3,9866"
"45,8000";"1,5265";"3,9865"
"45,8100";"1,5268";"3,9857"
"45,8200";"1,5272";"3,9862"
"45,8300";"1,5275";"3,9886"
"45,8400";"1,5279";"3,9929"
"45,8500";"1,5282";"3,9956"
"45,8600";"1,5286";"3,9947"
"45,8700";"1,5289";"3,9943"
"45,8800";"1,5292";"3,9940"
"45,8900";"1,5295";"3,9934"
"45,9000";"1,5299";"3,9940"
"45,9100";"1,5302";"3,9957"
"45,9200";"1,5305";"3,9979"
"45,9300";"1,5308";"4,0001"
"45,9400";"1,5311";"4,0012"
"45,9500";"1,5313";"4,0009"
"45,9600";"1,5317";"4,0014"
"45,9700";"1,5320";"4,0011"
"45,9800";"1,5324";"3,9998"
"45,9900";"1,5327";"3,9988"
"46,0000";"1,5331";"3,9983"
"46,0100";"1,5334";"4,0005"
"46,0200";"1,5338";"4,0037"
"46,0300";"1,5341";"4,0063"
"46,0400";"1,5345";"4,0073"
"46,0500";"1,5348";"4,0074"
"46,0600";"1,5352";"4,0065"
"46,0700";"1,5355";"4,0068"
"46,0800";"1,5359";"4,0078"
"46,0900";"1,5363";"4,0088"
"46,1000";"1,5365";"4,0080"
"46,1100";"1,5368";"4,0080"
"46,1200";"1,5372";"4,0120"
"46,1300";"1,5376";"4,0159"
"46,1400";"1,5379";"4,0161"
"46,1500";"1,5381";"4,0136"
"46,1600";"1,5385";"4,0120"
"46,1700";"1,5389";"4,0146"
"46,1800";"1,5392";"4,0187"
"46,1900";"1,5396";"4,0199"
"46,2000";"1,5399";"4,0196"
"46,2100";"1,5404";"4,0203"
"46,2200";"1,5407";"4,0223"
"46,2300";"1,5410";"4,0227"
"46,2400";"1,5413";"4,0211"
"46,2500";"1,5417";"4,0200"
"46,2600";"1,5419";"4,0203"
"46,2700";"1,5423";"4,0222"
"46,2800";"1,5426";"4,0242"
"46,2900";"1,5430";"4,0261"
"46,3000";"1,5433";"4,0258"
"46,3100";"1,5436";"4,0249"
"46,3200";"1,5439";"4,0251"
"46,3300";"1,5443";"4,0275"
"46,3400";"1,5446";"4,0299"
"46,3500";"1,5450";"4,0308"
"46,3600";"1,5453";"4,0321"
"46,3700";"1,5457";"4,0339"
"46,3800";"1,5461";"4,0343"
"46,3900";"1,5464";"4,0324"
"46,4000";"1,5468";"4,0321"
"46,4100";"1,5470";"4,0339"
"46,4200";"1,5474";"4,0363"
"46,4300";"1,5476";"4,0379"
"46,4400";"1,5478";"4,0368"
"46,4500";"1,5482";"4,0378"
"46,4600";"1,5485";"4,0399"
"46,4700";"1,5489";"4,0405"
"46,4800";"1,5491";"4,0394"
"46,4900";"1,5495";"4,0383"
"46,5000";"1,5498";"4,0393"
"46,5100";"1,5502";"4,0429"
"46,5200";"1,5505";"4,0451"
"46,5300";"1,5508";"4,0458"
"46,5400";"1,5511";"4,0447"
"46,5500";"1,5515";"4,0443"
"46,5600";"1,5518";"4,0453"
"46,5700";"1,5522";"4,0455"
"46,5800";"1,5525";"4,0453"
"46,5900";"1,5529";"4,0453"
"46,6000";"1,5531";"4,0459"
"46,6100";"1,5535";"4,0481"
"46,6200";"1,5537";"4,0513"
"46,6300";"1,5541";"4,0531"
"46,6400";"1,5544";"4,0540"
"46,6500";"1,5547";"4,0538"
"46,6600";"1,5550";"4,0542"
"46,6700";"1,5555";"4,0539"
"46,6800";"1,5559";"4,0526"
"46,6900";"1,5562";"4,0516"
"46,7000";"1,5566";"4,0541"
"46,7100";"1,5569";"4,0580"
"46,7200";"1,5573";"4,0600"
"46,7300";"1,5576";"4,0602"
"46,7400";"1,5580";"4,0608"
"46,7500";"1,5583";"4,0623"
"46,7600";"1,5587";"4,0627"
"46,7700";"1,5589";"4,0612"
"46,7800";"1,5593";"4,0599"
"46,7900";"1,5595";"4,0603"
"46,8000";"1,5599";"4,0629"
"46,8100";"1,5601";"4,0648"
"46,8200";"1,5605";"4,0649"
"46,8300";"1,5608";"4,0653"
"46,8400";"1,5612";"4,0654"
"46,8500";"1,5615";"4,0663"
"46,8600";"1,5619";"4,0671"
"46,8700";"1,5622";"4,0690"
"46,8800";"1,5627";"4,0712"
"46,8900";"1,5631";"4,0723"
"46,9000";"1,5634";"4,0718"
"46,9100";"1,5636";"4,0722"
"46,9200";"1,5640";"4,0734"
"46,9300";"1,5644";"4,0739"
"46,9400";"1,5647";"4,0735"
"46,9500";"1,5651";"4,0747"
"46,9600";"1,5654";"4,0768"
"46,9700";"1,5658";"4,0781"
"46,9800";"1,5661";"4,0786"
"46,9900";"1,5665";"4,0805"
"47,0000";"1,5667";"4,0814"
"47,0100";"1,5671";"4,0816"
"47,0200";"1,5674";"4,0815"
"47,0300";"1,5678";"4,0832"
"47,0400";"1,5681";"4,0856"
"47,0500";"1,5685";"4,0856"
"47,0600";"1,5688";"4,0843"
"47,0700";"1,5691";"4,0839"
"47,0800";"1,5694";"4,0848"
"47,0900";"1,5698";"4,0865"
"47,1000";"1,5700";"4,0861"
"47,1100";"1,5703";"4,0854"
"47,1200";"1,5706";"4,0860"
"47,1300";"1,5710";"4,0875"
"47,1400";"1,5712";"4,0871"
"47,1500";"1,5716";"4,0870"
"47,1600";"1,5719";"4,0886"
"47,1700";"1,5723";"4,0910"
"47,1800";"1,5726";"4,0926"
"47,1900";"1,5731";"4,0929"
"47,2000";"1,5734";"4,0928"
"47,2100";"1,5738";"4,0930"
"47,2200";"1,5742";"4,0931"
"47,2300";"1,5745";"4,0933"
"47,2400";"1,5749";"4,0950"
"47,2500";"1,5752";"4,0979"
"47,2600";"1,5755";"4,0983"
"47,2700";"1,5757";"4,0971"
"47,2800";"1,5760";"4,0970"
"47,2900";"1,5763";"4,0988"
"47,3000";"1,5766";"4,0996"
"47,3100";"1,5770";"4,0996"
"47,3200";"1,5772";"4,1012"
"47,3300";"1,5776";"4,1038"
"47,3400";"1,5779";"4,1063"
"47,3500";"1,5783";"4,1067"
"47,3600";"1,5786";"4,1058"
"47,3700";"1,5790";"4,1051"
"47,3800";"1,5793";"4,1049"
"47,3900";"1,5797";"4,1043"
"47,4000";"1,5801";"4,1053"
"47,4100";"1,5804";"4,1082"
"47,4200";"1,5808";"4,1120"
"47,4300";"1,5810";"4,1139"
"47,4400";"1,5814";"4,1135"
"47,4500";"1,5816";"4,1131"
"47,4600";"1,5819";"4,1134"
"47,4700";"1,5823";"4,1137"
"47,4800";"1,5827";"4,1131"
"47,4900";"1,5829";"4,1132"
"47,5000";"1,5832";"4,1157"
"47,5100";"1,5836";"4,1183"
"47,5200";"1,5840";"4,1218"
"47,5300";"1,5843";"4,1240"
"47,5400";"1,5847";"4,1228"
"47,5500";"1,5851";"4,1206"
"47,5600";"1,5855";"4,1194"
"47,5700";"1,5858";"4,1197"
"47,5800";"1,5861";"4,1214"
"47,5900";"1,5864";"4,1226"
"47,6000";"1,5868";"4,1235"
"47,6100";"1,5870";"4,1254"
"47,6200";"1,5874";"4,1279"
"47,6300";"1,5877";"4,1288"
"47,6400";"1,5881";"4,1278"
"47,6500";"1,5884";"4,1272"
"47,6600";"1,5888";"4,1276"
"47,6700";"1,5891";"4,1297"
"47,6800";"1,5895";"4,1299"
"47,6900";"1,5899";"4,1306"
"47,7000";"1,5901";"4,1324"
"47,7100";"1,5904";"4,1353"
"47,7200";"1,5908";"4,1360"
"47,7300";"1,5910";"4,1352"
"47,7400";"1,5914";"4,1347"
"47,7500";"1,5917";"4,1346"
"47,7600";"1,5921";"4,1338"
"47,7700";"1,5923";"4,1326"
"47,7800";"1,5927";"4,1334"
"47,7900";"1,5929";"4,1367"
"47,8000";"1,5933";"4,1399"
"47,8100";"1,5935";"4,1413"
"47,8200";"1,5939";"4,1400"
"47,8300";"1,5942";"4,1377"
"47,8400";"1,5946";"4,1358"
"47,8500";"1,5948";"4,1375"
"47,8600";"1,5952";"4,1416"
"47,8700";"1,5955";"4,1467"
"47,8800";"1,5959";"4,1488"
"47,8900";"1,5962";"4,1473"
"47,9000";"1,5966";"4,1462"
"47,9100";"1,5969";"4,1461"
"47,9200";"1,5972";"4,1460"
"47,9300";"1,5975";"4,1459"
"47,9400";"1,5979";"4,1471"
"47,9500";"1,5981";"4,1502"
"47,9600";"1,5985";"4,1539"
"47,9700";"1,5987";"4,1548"
"47,9800";"1,5991";"4,1520"
"47,9900";"1,5993";"4,1511"
"48,0000";"1,5997";"4,1517"
"48,0100";"1,6000";"4,1518"
"48,0200";"1,6004";"4,1511"
"48,0300";"1,6008";"4,1525"
"48,0400";"1,6012";"4,1565"
"48,0500";"1,6015";"4,1587"
"48,0600";"1,6019";"4,1605"
"48,0700";"1,6024";"4,1603"
"48,0800";"1,6027";"4,1585"
"48,0900";"1,6031";"4,1577"
"48,1000";"1,6033";"4,1580"
"48,1100";"1,6037";"4,1597"
"48,1200";"1,6040";"4,1612"
"48,1300";"1,6043";"4,1628"
"48,1400";"1,6046";"4,1635"
"48,1500";"1,6050";"4,1638"
"48,1600";"1,6052";"4,1650"
"48,1700";"1,6056";"4,1648"
"48,1800";"1,6059";"4,1641"
"48,1900";"1,6061";"4,1647"
"48,2000";"1,6065";"4,1682"
"48,2100";"1,6069";"4,1714"
"48,2200";"1,6072";"4,1716"
"48,2300";"1,6076";"4,1689"
"48,2400";"1,6079";"4,1663"
"48,2500";"1,6083";"4,1670"
"48,2600";"1,6085";"4,1693"
"48,2700";"1,6089";"4,1718"
"48,2800";"1,6092";"4,1731"
"48,2900";"1,6095";"4,1731"
"48,3000";"1,6098";"4,1736"
"48,3100";"1,6102";"4,1746"
"48,3200";"1,6104";"4,1748"
"48,3300";"1,6107";"4,1749"
"48,3400";"1,6111";"4,1749"
"48,3500";"1,6115";"4,1730"
"48,3600";"1,6118";"4,1735"
"48,3700";"1,6122";"4,1764"
"48,3800";"1,6125";"4,1804"
"48,3900";"1,6129";"4,1829"
"48,4000";"1,6132";"4,1834"
"48,4100";"1,6136";"4,1835"
"48,4200";"1,6139";"4,1834"
"48,4300";"1,6143";"4,1833"
"48,4400";"1,6146";"4,1825"
"48,4500";"1,6149";"4,1827"
"48,4600";"1,6152";"4,1830"
"48,4700";"1,6155";"4,1850"
"48,4800";"1,6158";"4,1888"
"48,4900";"1,6161";"4,1927"
"48,5000";"1,6164";"4,1930"
"48,5100";"1,6168";"4,1916"
"48,5200";"1,6171";"4,1890"
"48,5300";"1,6175";"4,1890"
"48,5400";"1,6178";"4,1911"
"48,5500";"1,6182";"4,1933"
"48,5600";"1,6185";"4,1925"
"48,5700";"1,6189";"4,1925"
"48,5800";"1,6192";"4,1945"
"48,5900";"1,6196";"4,1980"
"48,6000";"1,6200";"4,2010"
"48,6100";"1,6203";"4,2025"
"48,6200";"1,6205";"4,2018"
"48,6300";"1,6208";"4,2002"
"48,6400";"1,6211";"4,1998"
"48,6500";"1,6214";"4,2015"
"48,6600";"1,6217";"4,2030"
"48,6700";"1,6221";"4,2031"
"48,6800";"1,6224";"4,2020"
"48,6900";"1,6228";"4,2025"
"48,7000";"1,6231";"4,2045"
"48,7100";"1,6235";"4,2056"
"48,7200";"1,6239";"4,2041"
"48,7300";"1,6242";"4,2033"
"48,7400";"1,6246";"4,2055"
"48,7500";"1,6249";"4,2094"
"48,7600";"1,6253";"4,2116"
"48,7700";"1,6256";"4,2115"
"48,7800";"1,6260";"4,2109"
"48,7900";"1,6263";"4,2110"
"48,8000";"1,6267";"4,2107"
"48,8100";"1,6269";"4,2107"
"48,8200";"1,6273";"4,2117"
"48,8300";"1,6276";"4,2143"
"48,8400";"1,6280";"4,2156"
"48,8500";"1,6283";"4,2154"
"48,8600";"1,6287";"4,2150"
"48,8700";"1,6290";"4,2162"
"48,8800";"1,6295";"4,2180"
"48,8900";"1,6299";"4,2193"
"48,9000";"1,6302";"4,2198"
"48,9100";"1,6306";"4,2208"
"48,9200";"1,6309";"4,2217"
"48,9300";"1,6312";"4,2234"
"48,9400";"1,6314";"4,2259"
"48,9500";"1,6318";"4,2279"
"48,9600";"1,6320";"4,2263"
"48,9700";"1,6324";"4,2242"
"48,9800";"1,6327";"4,2233"
"48,9900";"1,6329";"4,2241"
"49,0000";"1,6334";"4,2250"
"49,0100";"1,6338";"4,2250"
"49,0200";"1,6341";"4,2258"
"49,0300";"1,6345";"4,2300"
"49,0400";"1,6348";"4,2346"
"49,0500";"1,6352";"4,2363"
"49,0600";"1,6355";"4,2351"
"49,0700";"1,6359";"4,2329"
"49,0800";"1,6361";"4,2318"
"49,0900";"1,6365";"4,2306"
"49,1000";"1,6368";"4,2305"
"49,1100";"1,6371";"4,2330"
"49,1200";"1,6374";"4,2359"
"49,1300";"1,6377";"4,2382"
"49,1400";"1,6379";"4,2387"
"49,1500";"1,6383";"4,2392"
"49,1600";"1,6385";"4,2385"
"49,1700";"1,6388";"4,2391"
"49,1800";"1,6392";"4,2403"
"49,1900";"1,6396";"4,2401"
"49,2000";"1,6398";"4,2391"
"49,2100";"1,6401";"4,2390"
"49,2200";"1,6405";"4,2399"
"49,2300";"1,6409";"4,2429"
"49,2400";"1,6412";"4,2463"
"49,2500";"1,6416";"4,2470"
"49,2600";"1,6419";"4,2457"
"49,2700";"1,6423";"4,2464"
"49,2800";"1,6426";"4,2476"
"49,2900";"1,6430";"4,2482"
"49,3000";"1,6432";"4,2466"
"49,3100";"1,6435";"4,2457"
"49,3200";"1,6438";"4,2473"
"49,3300";"1,6442";"4,2507"
"49,3400";"1,6444";"4,2530"
"49,3500";"1,6447";"4,2546"
"49,3600";"1,6451";"4,2560"
"49,3700";"1,6455";"4,2568"
"49,3800";"1,6458";"4,2559"
"49,3900";"1,6462";"4,2542"
"49,4000";"1,6465";"4,2541"
"49,4100";"1,6470";"4,2546"
"49,4200";"1,6473";"4,2554"
"49,4300";"1,6476";"4,2568"
"49,4400";"1,6481";"4,2606"
"49,4500";"1,6483";"4,2633"
"49,4600";"1,6486";"4,2641"
"49,4700";"1,6489";"4,2637"
"49,4800";"1,6492";"4,2635"
"49,4900";"1,6495";"4,2638"
"49,5000";"1,6498";"4,2642"
"49,5100";"1,6502";"4,2654"
"49,5200";"1,6505";"4,2687"
"49,5300";"1,6509";"4,2697"
"49,5400";"1,6511";"4,2679"
"49,5500";"1,6515";"4,2671"
"49,5600";"1,6520";"4,2682"
"49,5700";"1,6523";"4,2702"
"49,5800";"1,6527";"4,2717"
"49,5900";"1,6530";"4,2695"
"49,6000";"1,6534";"4,2667"
"49,6100";"1,6537";"4,2673"
"49,6200";"1,6540";"4,2710"
"49,6300";"1,6543";"4,2738"
"49,6400";"1,6545";"4,2735"
"49,6500";"1,6549";"4,2733"
"49,6600";"1,6553";"4,2749"
"49,6700";"1,6555";"4,2773"
"49,6800";"1,6558";"4,2788"
"49,6900";"1,6562";"4,2793"
"49,7000";"1,6566";"4,2793"
"49,7100";"1,6569";"4,2798"
"49,7200";"1,6573";"4,2806"
"49,7300";"1,6576";"4,2808"
"49,7400";"1,6580";"4,2810"
"49,7500";"1,6583";"4,2816"
"49,7600";"1,6587";"4,2815"
"49,7700";"1,6590";"4,2831"
"49,7800";"1,6593";"4,2851"
"49,7900";"1,6596";"4,2868"
"49,8000";"1,6600";"4,2879"
"49,8100";"1,6603";"4,2896"
"49,8200";"1,6606";"4,2911"
"49,8300";"1,6609";"4,2905"
"49,8400";"1,6612";"4,2887"
"49,8500";"1,6615";"4,2880"
"49,8600";"1,6619";"4,2889"
"49,8700";"1,6622";"4,2899"
"49,8800";"1,6626";"4,2919"
"49,8900";"1,6629";"4,2952"
"49,9000";"1,6633";"4,2985"
"49,9100";"1,6636";"4,3001"
"49,9200";"1,6640";"4,2993"
"49,9300";"1,6643";"4,2968"
"49,9400";"1,6647";"4,2951"
"49,9500";"1,6649";"4,2961"
"49,9600";"1,6653";"4,2974"
"49,9700";"1,6656";"4,2971"
"49,9800";"1,6659";"4,2977"
"49,9900";"1,6661";"4,3004"
"50,0000";"1,6665";"4,3036"
"50,0100";"1,6668";"4,3048"
"50,0200";"1,6671";"4,3051"
"50,0300";"1,6674";"4,3046"
"50,0400";"1,6678";"4,3048"
"50,0500";"1,6681";"4,3038"
"50,0600";"1,6685";"4,3022"
"50,0700";"1,6688";"4,3013"
"50,0800";"1,6692";"4,3018"
"50,0900";"1,6695";"4,3046"
"50,1000";"1,6699";"4,3096"
"50,1100";"1,6702";"4,3146"
"50,1200";"1,6706";"4,3159"
"50,1300";"1,6710";"4,3141"
"50,1400";"1,6713";"4,3133"
"50,1500";"1,6715";"4,3145"
"50,1600";"1,6719";"4,3168"
"50,1700";"1,6721";"4,3165"
"50,1800";"1,6725";"4,3159"
"50,1900";"1,6728";"4,3162"
"50,2000";"1,6731";"4,3175"
"50,2100";"1,6734";"4,3173"
"50,2200";"1,6738";"4,3146"
"50,2300";"1,6741";"4,3135"
"50,2400";"1,6745";"4,3142"
"50,2500";"1,6749";"4,3158"
"50,2600";"1,6753";"4,3183"
"50,2700";"1,6757";"4,3227"
"50,2800";"1,6760";"4,3253"
"50,2900";"1,6764";"4,3257"
"50,3000";"1,6767";"4,3264"
"50,3100";"1,6770";"4,3280"
"50,3200";"1,6773";"4,3296"
"50,3300";"1,6776";"4,3307"
"50,3400";"1,6779";"4,3301"
"50,3500";"1,6783";"4,3293"
"50,3600";"1,6786";"4,3282"
"50,3700";"1,6790";"4,3275"
"50,3800";"1,6793";"4,3275"
"50,3900";"1,6797";"4,3290"
"50,4000";"1,6800";"4,3315"
"50,4100";"1,6804";"4,3324"
"50,4200";"1,6808";"4,3323"
"50,4300";"1,6811";"4,3337"
"50,4400";"1,6815";"4,3362"
"50,4500";"1,6817";"4,3379"
"50,4600";"1,6821";"4,3370"
"50,4700";"1,6824";"4,3355"
"50,4800";"1,6828";"4,3366"
"50,4900";"1,6830";"4,3403"
"50,5000";"1,6832";"4,3425"
"50,5100";"1,6836";"4,3429"
"50,5200";"1,6839";"4,3426"
"50,5300";"1,6842";"4,3416"
"50,5400";"1,6845";"4,3404"
"50,5500";"1,6849";"4,3408"
"50,5600";"1,6852";"4,3404"
"50,5700";"1,6856";"4,3406"
"50,5800";"1,6860";"4,3417"
"50,5900";"1,6863";"4,3429"
"50,6000";"1,6867";"4,3436"
"50,6100";"1,6870";"4,3453"
"50,6200";"1,6874";"4,3473"
"50,6300";"1,6877";"4,3486"
"50,6400";"1,6881";"4,3489"
"50,6500";"1,6883";"4,3486"
"50,6600";"1,6887";"4,3478"
"50,6700";"1,6890";"4,3491"
"50,6800";"1,6893";"4,3528"
"50,6900";"1,6896";"4,3558"
"50,7000";"1,6900";"4,3556"
"50,7100";"1,6902";"4,3541"
"50,7200";"1,6906";"4,3549"
"50,7300";"1,6909";"4,3579"
"50,7400";"1,6913";"4,3594"
"50,7500";"1,6916";"4,3585"
"50,7600";"1,6920";"4,3577"
"50,7700";"1,6923";"4,3591"
"50,7800";"1,6927";"4,3607"
"50,7900";"1,6930";"4,3614"
"50,8000";"1,6934";"4,3608"
"50,8100";"1,6937";"4,3612"
"50,8200";"1,6941";"4,3620"
"50,8300";"1,6943";"4,3630"
"50,8400";"1,6947";"4,3637"
"50,8500";"1,6949";"4,3651"
"50,8600";"1,6953";"4,3668"
"50,8700";"1,6956";"4,3663"
"50,8800";"1,6960";"4,3661"
"50,8900";"1,6963";"4,3670"
"50,9000";"1,6967";"4,3695"
"50,9100";"1,6970";"4,3721"
"50,9200";"1,6974";"4,3729"
"50,9300";"1,6978";"4,3726"
"50,9400";"1,6981";"4,3727"
"50,9500";"1,6985";"4,3733"
"50,9600";"1,6988";"4,3757"
"50,9700";"1,6992";"4,3784"
"50,9800";"1,6994";"4,3787"
"50,9900";"1,6996";"4,3768"
"51,0000";"1,7000";"4,3751"
"51,0100";"1,7004";"4,3773"
"51,0200";"1,7007";"4,3802"
"51,0300";"1,7011";"4,3816"
"51,0400";"1,7013";"4,3796"
"51,0500";"1,7018";"4,3786"
"51,0600";"1,7021";"4,3799"
"51,0700";"1,7025";"4,3824"
"51,0800";"1,7028";"4,3830"
"51,0900";"1,7032";"4,3814"
"51,1000";"1,7034";"4,3804"
"51,1100";"1,7038";"4,3818"
"51,1200";"1,7041";"4,3859"
"51,1300";"1,7045";"4,3890"
"51,1400";"1,7047";"4,3905"
"51,1500";"1,7051";"4,3920"
"51,1600";"1,7054";"4,3922"
"51,1700";"1,7057";"4,3913"
"51,1800";"1,7059";"4,3909"
"51,1900";"1,7063";"4,3923"
"51,2000";"1,7065";"4,3928"
"51,2100";"1,7068";"4,3927"
"51,2200";"1,7072";"4,3926"
"51,2300";"1,7076";"4,3943"
"51,2400";"1,7079";"4,3957"
"51,2500";"1,7083";"4,3958"
"51,2600";"1,7086";"4,3967"
"51,2700";"1,7090";"4,3982"
"51,2800";"1,7093";"4,3983"
"51,2900";"1,7096";"4,3989"
"51,3000";"1,7099";"4,3999"
"51,3100";"1,7103";"4,4019"
"51,3200";"1,7106";"4,4024"
"51,3300";"1,7109";"4,4003"
"51,3400";"1,7112";"4,3970"
"51,3500";"1,7115";"4,3967"
"51,3600";"1,7118";"4,3999"
"51,3700";"1,7120";"4,4027"
"51,3800";"1,7124";"4,4039"
"51,3900";"1,7127";"4,4051"
"51,4000";"1,7131";"4,4068"
"51,4100";"1,7135";"4,4079"
"51,4200";"1,7138";"4,4076"
"51,4300";"1,7142";"4,4081"
"51,4400";"1,7145";"4,4100"
"51,4500";"1,7149";"4,4102"
"51,4600";"1,7152";"4,4086"
"51,4700";"1,7156";"4,4084"
"51,4800";"1,7159";"4,4121"
"51,4900";"1,7163";"4,4147"
"51,5000";"1,7165";"4,4135"
"51,5100";"1,7169";"4,4115"
"51,5200";"1,7172";"4,4115"
"51,5300";"1,7175";"4,4129"
"51,5400";"1,7178";"4,4143"
"51,5500";"1,7182";"4,4172"
"51,5600";"1,7185";"4,4214"
"51,5700";"1,7189";"4,4234"
"51,5800";"1,7192";"4,4236"
"51,5900";"1,7196";"4,4232"
"51,6000";"1,7200";"4,4229"
"51,6100";"1,7203";"4,4230"
"51,6200";"1,7207";"4,4229"
"51,6300";"1,7210";"4,4230"
"51,6400";"1,7214";"4,4264"
"51,6500";"1,7217";"4,4312"
"51,6600";"1,7220";"4,4339"
"51,6700";"1,7223";"4,4341"
"51,6800";"1,7225";"4,4316"
"51,6900";"1,7229";"4,4296"
"51,7000";"1,7233";"4,4296"
"51,7100";"1,7236";"4,4315"
"51,7200";"1,7238";"4,4337"
"51,7300";"1,7242";"4,4346"
"51,7400";"1,7246";"4,4329"
"51,7500";"1,7249";"4,4311"
"51,7600";"1,7254";"4,4303"
"51,7700";"1,7257";"4,4316"
"51,7800";"1,7261";"4,4326"
"51,7900";"1,7264";"4,4325"
"51,8000";"1,7268";"4,4339"
"51,8100";"1,7272";"4,4371"
"51,8200";"1,7275";"4,4410"
"51,8300";"1,7277";"4,4430"
"51,8400";"1,7280";"4,4429"
"51,8500";"1,7283";"4,4428"
"51,8600";"1,7286";"4,4417"
"51,8700";"1,7289";"4,4409"
"51,8800";"1,7292";"4,4406"
"51,8900";"1,7295";"4,4417"
"51,9000";"1,7299";"4,4422"
"51,9100";"1,7301";"4,4419"
"51,9200";"1,7305";"4,4439"
"51,9300";"1,7308";"4,4477"
"51,9400";"1,7312";"4,4494"
"51,9500";"1,7315";"4,4497"
"51,9600";"1,7319";"4,4489"
"51,9700";"1,7322";"4,4477"
"51,9800";"1,7326";"4,4471"
"51,9900";"1,7328";"4,4474"
"52,0000";"1,7332";"4,4489"
"52,0100";"1,7334";"4,4520"
"52,0200";"1,7338";"4,4552"
"52,0300";"1,7340";"4,4574"
"52,0400";"1,7344";"4,4587"
"52,0500";"1,7347";"4,4581"
"52,0600";"1,7351";"4,4559"
"52,0700";"1,7354";"4,4549"
"52,0800";"1,7358";"4,4549"
"52,0900";"1,7361";"4,4568"
"52,1000";"1,7365";"4,4604"
"52,1100";"1,7368";"4,4626"
"52,1200";"1,7372";"4,4625"
"52,1300";"1,7375";"4,4620"
"52,1400";"1,7379";"4,4617"
"52,1500";"1,7384";"4,4611"
"52,1600";"1,7386";"4,4598"
"52,1700";"1,7390";"4,4605"
"52,1800";"1,7392";"4,4634"
"52,1900";"1,7395";"4,4679"
"52,2000";"1,7398";"4,4686"
"52,2100";"1,7401";"4,4664"
"52,2200";"1,7405";"4,4650"
"52,2300";"1,7408";"4,4665"
"52,2400";"1,7412";"4,4679"
"52,2500";"1,7416";"4,4687"
"52,2600";"1,7419";"4,4704"
"52,2700";"1,7423";"4,4736"
"52,2800";"1,7426";"4,4760"
"52,2900";"1,7430";"4,4761"
"52,3000";"1,7433";"4,4751"
"52,3100";"1,7437";"4,4734"
"52,3200";"1,7440";"4,4717"
"52,3300";"1,7443";"4,4720"
"52,3400";"1,7446";"4,4734"
"52,3500";"1,7449";"4,4769"
"52,3600";"1,7452";"4,4787"
"52,3700";"1,7456";"4,4792"
"52,3800";"1,7459";"4,4785"
"52,3900";"1,7463";"4,4786"
"52,4000";"1,7466";"4,4799"
"52,4100";"1,7469";"4,4810"
"52,4200";"1,7472";"4,4815"
"52,4300";"1,7477";"4,4829"
"52,4400";"1,7480";"4,4849"
"52,4500";"1,7484";"4,4854"
"52,4600";"1,7488";"4,4867"
"52,4700";"1,7491";"4,4893"
"52,4800";"1,7495";"4,4904"
"52,4900";"1,7497";"4,4885"
"52,5000";"1,7501";"4,4869"
"52,5100";"1,7504";"4,4868"
"52,5200";"1,7506";"4,4884"
"52,5300";"1,7510";"4,4898"
"52,5400";"1,7512";"4,4905"
"52,5500";"1,7516";"4,4917"
"52,5600";"1,7519";"4,4930"
"52,5700";"1,7523";"4,4936"
"52,5800";"1,7527";"4,4937"
"52,5900";"1,7530";"4,4943"
"52,6000";"1,7534";"4,4958"
"52,6100";"1,7537";"4,4968"
"52,6200";"1,7541";"4,4961"
"52,6300";"1,7544";"4,4953"
"52,6400";"1,7548";"4,4966"
"52,6500";"1,7551";"4,4989"
"52,6600";"1,7555";"4,5011"
"52,6700";"1,7557";"4,5020"
"52,6800";"1,7561";"4,5036"
"52,6900";"1,7563";"4,5039"
"52,7000";"1,7567";"4,5022"
"52,7100";"1,7569";"4,5014"
"52,7200";"1,7573";"4,5020"
"52,7300";"1,7576";"4,5045"
"52,7400";"1,7578";"4,5059"
"52,7500";"1,7582";"4,5072"
"52,7600";"1,7586";"4,5082"
"52,7700";"1,7589";"4,5087"
"52,7800";"1,7593";"4,5093"
"52,7900";"1,7596";"4,5097"
"52,8000";"1,7600";"4,5105"
"52,8100";"1,7603";"4,5110"
"52,8200";"1,7607";"4,5119"
"52,8300";"1,7610";"4,5126"
"52,8400";"1,7614";"4,5138"
"52,8500";"1,7616";"4,5152"
"52,8600";"1,7620";"4,5154"
"52,8700";"1,7623";"4,5157"
"52,8800";"1,7627";"4,5170"
"52,8900";"1,7629";"4,5188"
"52,9000";"1,7633";"4,5203"
"52,9100";"1,7636";"4,5203"
"52,9200";"1,7640";"4,5197"
"52,9300";"1,7643";"4,5205"
"52,9400";"1,7647";"4,5214"
"52,9500";"1,7650";"4,5213"
"52,9600";"1,7654";"4,5213"
"52,9700";"1,7659";"4,5224"
"52,9800";"1,7661";"4,5237"
"52,9900";"1,7665";"4,5250"
"53,0000";"1,7667";"4,5268"
"53,0100";"1,7671";"4,5298"
"53,0200";"1,7673";"4,5313"
"53,0300";"1,7676";"4,5315"
"53,0400";"1,7680";"4,5302"
"53,0500";"1,7684";"4,5308"
"53,0600";"1,7686";"4,5318"
"53,0700";"1,7689";"4,5315"
"53,0800";"1,7694";"4,5310"
"53,0900";"1,7698";"4,5308"
"53,1000";"1,7701";"4,5327"
"53,1100";"1,7705";"4,5342"
"53,1200";"1,7708";"4,5349"
"53,1300";"1,7712";"4,5354"
"53,1400";"1,7715";"4,5354"
"53,1500";"1,7718";"4,5354"
"53,1600";"1,7721";"4,5366"
"53,1700";"1,7724";"4,5386"
"53,1800";"1,7727";"4,5409"
"53,1900";"1,7731";"4,5426"
"53,2000";"1,7733";"4,5430"
"53,2100";"1,7735";"4,5431"
"53,2200";"1,7739";"4,5424"
"53,2300";"1,7741";"4,5413"
"53,2400";"1,7745";"4,5413"
"53,2500";"1,7748";"4,5424"
"53,2600";"1,7752";"4,5438"
"53,2700";"1,7756";"4,5443"
"53,2800";"1,7758";"4,5445"
"53,2900";"1,7761";"4,5448"
"53,3000";"1,7765";"4,5458"
"53,3100";"1,7769";"4,5475"
"53,3200";"1,7772";"4,5501"
"53,3300";"1,7776";"4,5529"
"53,3400";"1,7779";"4,5550"
"53,3500";"1,7783";"4,5568"
"53,3600";"1,7785";"4,5560"
"53,3700";"1,7789";"4,5528"
"53,3800";"1,7791";"4,5507"
"53,3900";"1,7795";"4,5519"
"53,4000";"1,7798";"4,5536"
"53,4100";"1,7800";"4,5547"
"53,4200";"1,7804";"4,5555"
"53,4300";"1,7807";"4,5573"
"53,4400";"1,7811";"4,5586"
"53,4500";"1,7815";"4,5582"
"53,4600";"1,7818";"4,5562"
"53,4700";"1,7822";"4,5556"
"53,4800";"1,7825";"4,5560"
"53,4900";"1,7830";"4,5577"
"53,5000";"1,7833";"4,5597"
"53,5100";"1,7836";"4,5610"
"53,5200";"1,7839";"4,5620"
"53,5300";"1,7842";"4,5637"
"53,5400";"1,7845";"4,5659"
"53,5500";"1,7848";"4,5664"
"53,5600";"1,7851";"4,5645"
"53,5700";"1,7855";"4,5638"
"53,5800";"1,7858";"4,5666"
"53,5900";"1,7862";"4,5709"
"53,6000";"1,7865";"4,5717"
"53,6100";"1,7869";"4,5676"
"53,6200";"1,7872";"4,5641"
"53,6300";"1,7877";"4,5666"
"53,6400";"1,7881";"4,5722"
"53,6500";"1,7884";"4,5759"
"53,6600";"1,7888";"4,5765"
"53,6700";"1,7890";"4,5768"
"53,6800";"1,7894";"4,5774"
"53,6900";"1,7896";"4,5772"
"53,7000";"1,7900";"4,5769"
"53,7100";"1,7903";"4,5767"
"53,7200";"1,7907";"4,5756"
"53,7300";"1,7909";"4,5760"
"53,7400";"1,7913";"4,5776"
"53,7500";"1,7916";"4,5802"
"53,7600";"1,7920";"4,5816"
"53,7700";"1,7923";"4,5828"
"53,7800";"1,7927";"4,5845"
"53,7900";"1,7931";"4,5859"
"53,8000";"1,7935";"4,5861"
"53,8100";"1,7939";"4,5855"
"53,8200";"1,7942";"4,5860"
"53,8300";"1,7946";"4,5880"
"53,8400";"1,7948";"4,5896"
"53,8500";"1,7952";"4,5901"
"53,8600";"1,7954";"4,5909"
"53,8700";"1,7956";"4,5915"
"53,8800";"1,7960";"4,5930"
"53,8900";"1,7962";"4,5919"
"53,9000";"1,7965";"4,5893"
"53,9100";"1,7968";"4,5881"
"53,9200";"1,7972";"4,5887"
"53,9300";"1,7975";"4,5920"
"53,9400";"1,7977";"4,5957"
"53,9500";"1,7981";"4,5971"
"53,9600";"1,7985";"4,5986"
"53,9700";"1,7988";"4,6004"
"53,9800";"1,7992";"4,6007"
"53,9900";"1,7995";"4,5997"
"54,0000";"1,7999";"4,5976"
"54,0100";"1,8002";"4,5974"
"54,0200";"1,8005";"4,6011"
"54,0300";"1,8008";"4,6058"
"54,0400";"1,8011";"4,6089"
"54,0500";"1,8014";"4,6092"
"54,0600";"1,8018";"4,6069"
"54,0700";"1,8020";"4,6051"
"54,0800";"1,8024";"4,6056"
"54,0900";"1,8027";"4,6057"
"54,1000";"1,8031";"4,6051"
"54,1100";"1,8034";"4,6052"
"54,1200";"1,8038";"4,6069"
"54,1300";"1,8041";"4,6096"
"54,1400";"1,8045";"4,6102"
"54,1500";"1,8048";"4,6099"
"54,1600";"1,8052";"4,6105"
"54,1700";"1,8055";"4,6128"
"54,1800";"1,8059";"4,6150"
"54,1900";"1,8062";"4,6139"
"54,2000";"1,8065";"4,6119"
"54,2100";"1,8068";"4,6125"
"54,2200";"1,8072";"4,6149"
"54,2300";"1,8074";"4,6173"
"54,2400";"1,8078";"4,6173"
"54,2500";"1,8081";"4,6179"
"54,2600";"1,8085";"4,6187"
"54,2700";"1,8088";"4,6185"
"54,2800";"1,8092";"4,6183"
"54,2900";"1,8096";"4,6198"
"54,3000";"1,8100";"4,6232"
"54,3100";"1,8104";"4,6257"
"54,3200";"1,8107";"4,6266"
"54,3300";"1,8111";"4,6271"
"54,3400";"1,8113";"4,6272"
"54,3500";"1,8117";"4,6257"
"54,3600";"1,8119";"4,6243"
"54,3700";"1,8123";"4,6239"
"54,3800";"1,8125";"4,6249"
"54,3900";"1,8129";"4,6257"
"54,4000";"1,8132";"4,6262"
"54,4100";"1,8136";"4,6277"
"54,4200";"1,8139";"4,6313"
"54,4300";"1,8143";"4,6355"
"54,4400";"1,8146";"4,6350"
"54,4500";"1,8150";"4,6326"
"54,4600";"1,8153";"4,6322"
"54,4700";"1,8157";"4,6332"
"54,4800";"1,8160";"4,6345"
"54,4900";"1,8164";"4,6349"
"54,5000";"1,8168";"4,6361"
"54,5100";"1,8171";"4,6379"
"54,5200";"1,8175";"4,6373"
"54,5300";"1,8177";"4,6365"
"54,5400";"1,8181";"4,6379"
"54,5500";"1,8183";"4,6398"
"54,5600";"1,8186";"4,6405"
"54,5700";"1,8189";"4,6402"
"54,5800";"1,8192";"4,6397"
"54,5900";"1,8196";"4,6408"
"54,6000";"1,8199";"4,6445"
"54,6100";"1,8203";"4,6479"
"54,6200";"1,8207";"4,6492"
"54,6300";"1,8210";"4,6480"
"54,6400";"1,8214";"4,6457"
"54,6500";"1,8217";"4,6441"
"54,6600";"1,8221";"4,6448"
"54,6700";"1,8224";"4,6476"
"54,6800";"1,8228";"4,6495"
"54,6900";"1,8231";"4,6496"
"54,7000";"1,8234";"4,6514"
"54,7100";"1,8236";"4,6553"
"54,7200";"1,8240";"4,6575"
"54,7300";"1,8243";"4,6552"
"54,7400";"1,8247";"4,6504"
"54,7500";"1,8249";"4,6486"
"54,7600";"1,8253";"4,6515"
"54,7700";"1,8256";"4,6555"
"54,7800";"1,8260";"4,6585"
"54,7900";"1,8263";"4,6606"
"54,8000";"1,8267";"4,6603"
"54,8100";"1,8270";"4,6591"
"54,8200";"1,8274";"4,6568"
"54,8300";"1,8277";"4,6567"
"54,8400";"1,8281";"4,6582"
"54,8500";"1,8284";"4,6597"
"54,8600";"1,8287";"4,6610"
"54,8700";"1,8289";"4,6627"
"54,8800";"1,8293";"4,6653"
"54,8900";"1,8295";"4,6673"
"54,9000";"1,8299";"4,6671"
"54,9100";"1,8302";"4,6647"
"54,9200";"1,8306";"4,6630"
"54,9300";"1,8309";"4,6638"
"54,9400";"1,8313";"4,6663"
"54,9500";"1,8316";"4,6700"
"54,9600";"1,8320";"4,6736"
"54,9700";"1,8323";"4,6757"
"54,9800";"1,8327";"4,6761"
"54,9900";"1,8330";"4,6759"
"55,0000";"1,8334";"4,6766"
"55,0100";"1,8338";"4,6760"
"55,0200";"1,8340";"4,6742"
"55,0300";"1,8343";"4,6719"
"55,0400";"1,8346";"4,6720"
"55,0500";"1,8349";"4,6745"
"55,0600";"1,8353";"4,6775"
"55,0700";"1,8356";"4,6789"
"55,0800";"1,8360";"4,6790"
"55,0900";"1,8364";"4,6796"
"55,1000";"1,8366";"4,6790"
"55,1100";"1,8369";"4,6792"
"55,1200";"1,8374";"4,6801"
"55,1300";"1,8378";"4,6824"
"55,1400";"1,8381";"4,6857"
"55,1500";"1,8385";"4,6880"
"55,1600";"1,8387";"4,6904"
"55,1700";"1,8391";"4,6924"
"55,1800";"1,8394";"4,6920"
"55,1900";"1,8398";"4,6883"
"55,2000";"1,8401";"4,6843"
"55,2100";"1,8404";"4,6831"
"55,2200";"1,8406";"4,6840"
"55,2300";"1,8410";"4,6859"
"55,2400";"1,8412";"4,6879"
"55,2500";"1,8415";"4,6931"
"55,2600";"1,8419";"4,6969"
"55,2700";"1,8423";"4,6972"
"55,2800";"1,8426";"4,6948"
"55,2900";"1,8430";"4,6926"
"55,3000";"1,8433";"4,6920"
"55,3100";"1,8437";"4,6919"
"55,3200";"1,8439";"4,6919"
"55,3300";"1,8443";"4,6943"
"55,3400";"1,8446";"4,6978"
"55,3500";"1,8450";"4,7004"
"55,3600";"1,8453";"4,7014"
"55,3700";"1,8456";"4,7001"
"55,3800";"1,8459";"4,6988"
"55,3900";"1,8462";"4,6987"
"55,4000";"1,8465";"4,6977"
"55,4100";"1,8467";"4,6985"
"55,4200";"1,8471";"4,7016"
"55,4300";"1,8475";"4,7043"
"55,4400";"1,8477";"4,7050"
"55,4500";"1,8482";"4,7044"
"55,4600";"1,8484";"4,7058"
"55,4700";"1,8487";"4,7070"
"55,4800";"1,8491";"4,7074"
"55,4900";"1,8495";"4,7070"
"55,5000";"1,8499";"4,7085"
"55,5100";"1,8503";"4,7111"
"55,5200";"1,8506";"4,7135"
"55,5300";"1,8510";"4,7156"
"55,5400";"1,8512";"4,7160"
"55,5500";"1,8516";"4,7152"
"55,5600";"1,8518";"4,7134"
"55,5700";"1,8522";"4,7120"
"55,5800";"1,8525";"4,7116"
"55,5900";"1,8529";"4,7135"
"55,6000";"1,8532";"4,7159"
"55,6100";"1,8536";"4,7168"
"55,6200";"1,8539";"4,7176"
"55,6300";"1,8543";"4,7200"
"55,6400";"1,8547";"4,7207"
"55,6500";"1,8550";"4,7206"
"55,6600";"1,8555";"4,7210"
"55,6700";"1,8558";"4,7220"
"55,6800";"1,8561";"4,7238"
"55,6900";"1,8563";"4,7252"
"55,7000";"1,8567";"4,7268"
"55,7100";"1,8570";"4,7275"
"55,7200";"1,8572";"4,7263"
"55,7300";"1,8576";"4,7248"
"55,7400";"1,8580";"4,7245"
"55,7500";"1,8583";"4,7256"
"55,7600";"1,8587";"4,7271"
"55,7700";"1,8590";"4,7278"
"55,7800";"1,8594";"4,7291"
"55,7900";"1,8597";"4,7318"
"55,8000";"1,8601";"4,7344"
"55,8100";"1,8604";"4,7341"
"55,8200";"1,8608";"4,7328"
"55,8300";"1,8611";"4,7338"
"55,8400";"1,8615";"4,7359"
"55,8500";"1,8617";"4,7369"
"55,8600";"1,8621";"4,7384"
"55,8700";"1,8624";"4,7399"
"55,8800";"1,8627";"4,7411"
"55,8900";"1,8630";"4,7422"
"55,9000";"1,8633";"4,7416"
"55,9100";"1,8636";"4,7403"
"55,9200";"1,8639";"4,7394"
"55,9300";"1,8642";"4,7394"
"55,9400";"1,8646";"4,7394"
"55,9500";"1,8649";"4,7412"
"55,9600";"1,8653";"4,7438"
"55,9700";"1,8656";"4,7459"
"55,9800";"1,8659";"4,7459"
"55,9900";"1,8662";"4,7450"
"56,0000";"1,8666";"4,7457"
"56,0100";"1,8669";"4,7463"
"56,0200";"1,8673";"4,7457"
"56,0300";"1,8676";"4,7455"
"56,0400";"1,8679";"4,7467"
"56,0500";"1,8682";"4,7486"
"56,0600";"1,8685";"4,7497"
"56,0700";"1,8688";"4,7520"
"56,0800";"1,8691";"4,7548"
"56,0900";"1,8694";"4,7547"
"56,1000";"1,8698";"4,7526"
"56,1100";"1,8701";"4,7511"
"56,1200";"1,8705";"4,7523"
"56,1300";"1,8707";"4,7547"
"56,1400";"1,8712";"4,7570"
"56,1500";"1,8715";"4,7591"
"56,1600";"1,8719";"4,7600"
"56,1700";"1,8722";"4,7601"
"56,1800";"1,8726";"4,7602"
"56,1900";"1,8730";"4,7604"
"56,2000";"1,8733";"4,7607"
"56,2100";"1,8735";"4,7615"
"56,2200";"1,8739";"4,7627"
"56,2300";"1,8742";"4,7641"
"56,2400";"1,8745";"4,7650"
"56,2500";"1,8748";"4,7671"
"56,2600";"1,8752";"4,7679"
"56,2700";"1,8755";"4,7666"
"56,2800";"1,8759";"4,7661"
"56,2900";"1,8763";"4,7665"
"56,3000";"1,8766";"4,7674"
"56,3100";"1,8770";"4,7680"
"56,3200";"1,8773";"4,7695"
"56,3300";"1,8777";"4,7712"
"56,3400";"1,8780";"4,7704"
"56,3500";"1,8784";"4,7701"
"56,3600";"1,8787";"4,7709"
"56,3700";"1,8790";"4,7730"
"56,3800";"1,8793";"4,7750"
"56,3900";"1,8797";"4,7771"
"56,4000";"1,8800";"4,7779"
"56,4100";"1,8803";"4,7786"
"56,4200";"1,8807";"4,7806"
"56,4300";"1,8810";"4,7810"
"56,4400";"1,8815";"4,7807"
"56,4500";"1,8818";"4,7812"
"56,4600";"1,8822";"4,7818"
"56,4700";"1,8825";"4,7805"
"56,4800";"1,8829";"4,7799"
"56,4900";"1,8832";"4,7832"
"56,5000";"1,8836";"4,7874"
"56,5100";"1,8838";"4,7888"
"56,5200";"1,8842";"4,7878"
"56,5300";"1,8845";"4,7868"
"56,5400";"1,8848";"4,7888"
"56,5500";"1,8850";"4,7913"
"56,5600";"1,8853";"4,7910"
"56,5700";"1,8856";"4,7885"
"56,5800";"1,8859";"4,7861"
"56,5900";"1,8862";"4,7874"
"56,6000";"1,8865";"4,7901"
"56,6100";"1,8869";"4,7927"
"56,6200";"1,8872";"4,7935"
"56,6300";"1,8876";"4,7938"
"56,6400";"1,8879";"4,7931"
"56,6500";"1,8883";"4,7934"
"56,6600";"1,8887";"4,7953"
"56,6700";"1,8890";"4,7975"
"56,6800";"1,8894";"4,7973"
"56,6900";"1,8897";"4,7977"
"56,7000";"1,8901";"4,7985"
"56,7100";"1,8904";"4,8013"
"56,7200";"1,8907";"4,8020"
"56,7300";"1,8910";"4,8015"
"56,7400";"1,8912";"4,8011"
"56,7500";"1,8916";"4,8024"
"56,7600";"1,8918";"4,8027"
"56,7700";"1,8922";"4,8023"
"56,7800";"1,8925";"4,8029"
"56,7900";"1,8929";"4,8054"
"56,8000";"1,8933";"4,8073"
"56,8100";"1,8935";"4,8082"
"56,8200";"1,8938";"4,8081"
"56,8300";"1,8942";"4,8084"
"56,8400";"1,8946";"4,8100"
"56,8500";"1,8949";"4,8105"
"56,8600";"1,8953";"4,8096"
"56,8700";"1,8956";"4,8083"
"56,8800";"1,8960";"4,8089"
"56,8900";"1,8962";"4,8118"
"56,9000";"1,8966";"4,8142"
"56,9100";"1,8968";"4,8148"
"56,9200";"1,8972";"4,8135"
"56,9300";"1,8975";"4,8141"
"56,9400";"1,8979";"4,8157"
"56,9500";"1,8982";"4,8179"
"56,9600";"1,8986";"4,8180"
"56,9700";"1,8989";"4,8178"
"56,9800";"1,8993";"4,8186"
"56,9900";"1,8996";"4,8212"
"57,0000";"1,9000";"4,8247"
"57,0100";"1,9005";"4,8260"
"57,0200";"1,9007";"4,8252"
"57,0300";"1,9010";"4,8259"
"57,0400";"1,9013";"4,8282"
"57,0500";"1,9016";"4,8290"
"57,0600";"1,9020";"4,8262"
"57,0700";"1,9023";"4,8243"
"57,0800";"1,9027";"4,8262"
"57,0900";"1,9029";"4,8292"
"57,1000";"1,9033";"4,8312"
"57,1100";"1,9036";"4,8326"
"57,1200";"1,9041";"4,8322"
"57,1300";"1,9045";"4,8316"
"57,1400";"1,9048";"4,8322"
"57,1500";"1,9052";"4,8330"
"57,1600";"1,9054";"4,8326"
"57,1700";"1,9058";"4,8332"
"57,1800";"1,9061";"4,8337"
"57,1900";"1,9065";"4,8353"
"57,2000";"1,9067";"4,8383"
"57,2100";"1,9071";"4,8399"
"57,2200";"1,9074";"4,8387"
"57,2300";"1,9077";"4,8366"
"57,2400";"1,9080";"4,8367"
"57,2500";"1,9082";"4,8374"
"57,2600";"1,9086";"4,8370"
"57,2700";"1,9090";"4,8379"
"57,2800";"1,9093";"4,8413"
"57,2900";"1,9095";"4,8445"
"57,3000";"1,9099";"4,8442"
"57,3100";"1,9103";"4,8423"
"57,3200";"1,9105";"4,8426"
"57,3300";"1,9108";"4,8442"
"57,3400";"1,9113";"4,8449"
"57,3500";"1,9117";"4,8447"
"57,3600";"1,9120";"4,8453"
"57,3700";"1,9124";"4,8480"
"57,3800";"1,9127";"4,8504"
"57,3900";"1,9130";"4,8508"
"57,4000";"1,9133";"4,8505"
"57,4100";"1,9136";"4,8501"
"57,4200";"1,9138";"4,8501"
"57,4300";"1,9142";"4,8514"
"57,4400";"1,9145";"4,8533"
"57,4500";"1,9147";"4,8543"
"57,4600";"1,9151";"4,8554"
"57,4700";"1,9155";"4,8566"
"57,4800";"1,9158";"4,8565"
"57,4900";"1,9162";"4,8581"
"57,5000";"1,9165";"4,8581"
"57,5100";"1,9169";"4,8571"
"57,5200";"1,9172";"4,8564"
"57,5300";"1,9176";"4,8581"
"57,5400";"1,9179";"4,8602"
"57,5500";"1,9183";"4,8608"
"57,5600";"1,9185";"4,8622"
"57,5700";"1,9189";"4,8641"
"57,5800";"1,9191";"4,8658"
"57,5900";"1,9195";"4,8663"
"57,6000";"1,9198";"4,8658"
"57,6100";"1,9202";"4,8664"
"57,6200";"1,9205";"4,8670"
"57,6300";"1,9209";"4,8673"
"57,6400";"1,9211";"4,8680"
"57,6500";"1,9216";"4,8695"
"57,6600";"1,9219";"4,8695"
"57,6700";"1,9223";"4,8691"
"57,6800";"1,9227";"4,8691"
"57,6900";"1,9230";"4,8700"
"57,7000";"1,9234";"4,8713"
"57,7100";"1,9236";"4,8718"
"57,7200";"1,9240";"4,8718"
"57,7300";"1,9242";"4,8732"
"57,7400";"1,9245";"4,8764"
"57,7500";"1,9249";"4,8779"
"57,7600";"1,9252";"4,8776"
"57,7700";"1,9256";"4,8765"
"57,7800";"1,9258";"4,8764"
"57,7900";"1,9262";"4,8778"
"57,8000";"1,9265";"4,8783"
"57,8100";"1,9269";"4,8800"
"57,8200";"1,9273";"4,8837"
"57,8300";"1,9277";"4,8863"
"57,8400";"1,9280";"4,8868"
"57,8500";"1,9283";"4,8865"
"57,8600";"1,9287";"4,8853"
"57,8700";"1,9290";"4,8851"
"57,8800";"1,9294";"4,8843"
"57,8900";"1,9297";"4,8832"
"57,9000";"1,9300";"4,8832"
"57,9100";"1,9302";"4,8850"
"57,9200";"1,9306";"4,8884"
"57,9300";"1,9309";"4,8898"
"57,9400";"1,9313";"4,8912"
"57,9500";"1,9315";"4,8934"
"57,9600";"1,9319";"4,8936"
"57,9700";"1,9322";"4,8928"
"57,9800";"1,9326";"4,8911"
"57,9900";"1,9329";"4,8894"
"58,0000";"1,9333";"4,8895"
"58,0100";"1,9336";"4,8908"
"58,0200";"1,9339";"4,8931"
"58,0300";"1,9342";"4,8982"
"58,0400";"1,9346";"4,9004"
"58,0500";"1,9349";"4,8993"
"58,0600";"1,9353";"4,8976"
"58,0700";"1,9355";"4,8992"
"58,0800";"1,9359";"4,9029"
"58,0900";"1,9362";"4,9051"
"58,1000";"1,9365";"4,9041"
"58,1100";"1,9368";"4,9006"
"58,1200";"1,9372";"4,8977"
"58,1300";"1,9375";"4,8971"
"58,1400";"1,9379";"4,8989"
"58,1500";"1,9381";"4,9026"
"58,1600";"1,9385";"4,9074"
"58,1700";"1,9388";"4,9112"
"58,1800";"1,9393";"4,9120"
"58,1900";"1,9395";"4,9109"
"58,2000";"1,9400";"4,9109"
"58,2100";"1,9404";"4,9114"
"58,2200";"1,9407";"4,9118"
"58,2300";"1,9411";"4,9121"
"58,2400";"1,9413";"4,9133"
"58,2500";"1,9417";"4,9140"
"58,2600";"1,9420";"4,9153"
"58,2700";"1,9424";"4,9169"
"58,2800";"1,9427";"4,9184"
"58,2900";"1,9430";"4,9168"
"58,3000";"1,9433";"4,9146"
"58,3100";"1,9437";"4,9158"
"58,3200";"1,9440";"4,9191"
"58,3300";"1,9445";"4,9217"
"58,3400";"1,9447";"4,9220"
"58,3500";"1,9451";"4,9207"
"58,3600";"1,9454";"4,9217"
"58,3700";"1,9457";"4,9233"
"58,3800";"1,9460";"4,9221"
"58,3900";"1,9464";"4,9206"
"58,4000";"1,9466";"4,9213"
"58,4100";"1,9470";"4,9239"
"58,4200";"1,9473";"4,9257"
"58,4300";"1,9476";"4,9262"
"58,4400";"1,9479";"4,9265"
"58,4500";"1,9483";"4,9271"
"58,4600";"1,9486";"4,9265"
"58,4700";"1,9490";"4,9239"
"58,4800";"1,9493";"4,9237"
"58,4900";"1,9497";"4,9263"
"58,5000";"1,9500";"4,9309"
"58,5100";"1,9504";"4,9343"
"58,5200";"1,9507";"4,9367"
"58,5300";"1,9511";"4,9374"
"58,5400";"1,9515";"4,9363"
"58,5500";"1,9518";"4,9333"
"58,5600";"1,9520";"4,9322"
"58,5700";"1,9524";"4,9322"
"58,5800";"1,9526";"4,9334"
"58,5900";"1,9529";"4,9355"
"58,6000";"1,9532";"4,9381"
"58,6100";"1,9536";"4,9412"
"58,6200";"1,9539";"4,9421"
"58,6300";"1,9542";"4,9402"
"58,6400";"1,9545";"4,9389"
"58,6500";"1,9549";"4,9385"
"58,6600";"1,9552";"4,9388"
"58,6700";"1,9556";"4,9403"
"58,6800";"1,9559";"4,9433"
"58,6900";"1,9563";"4,9472"
"58,7000";"1,9567";"4,9493"
"58,7100";"1,9570";"4,9502"
"58,7200";"1,9574";"4,9510"
"58,7300";"1,9577";"4,9510"
"58,7400";"1,9580";"4,9502"
"58,7500";"1,9583";"4,9489"
"58,7600";"1,9587";"4,9493"
"58,7700";"1,9589";"4,9501"
"58,7800";"1,9592";"4,9517"
"58,7900";"1,9595";"4,9537"
"58,8000";"1,9598";"4,9547"
"58,8100";"1,9602";"4,9559"
"58,8200";"1,9605";"4,9568"
"58,8300";"1,9608";"4,9567"
"58,8400";"1,9611";"4,9557"
"58,8500";"1,9615";"4,9542"
"58,8600";"1,9618";"4,9547"
"58,8700";"1,9622";"4,9555"
"58,8800";"1,9626";"4,9558"
"58,8900";"1,9629";"4,9566"
"58,9000";"1,9633";"4,9597"
"58,9100";"1,9635";"4,9626"
"58,9200";"1,9639";"4,9631"
"58,9300";"1,9641";"4,9603"
"58,9400";"1,9644";"4,9577"
"58,9500";"1,9648";"4,9589"
"58,9600";"1,9652";"4,9621"
"58,9700";"1,9655";"4,9655"
"58,9800";"1,9659";"4,9698"
"58,9900";"1,9662";"4,9723"
"59,0000";"1,9666";"4,9716"
"59,0100";"1,9669";"4,9693"
"59,0200";"1,9673";"4,9684"
"59,0300";"1,9676";"4,9689"
"59,0400";"1,9681";"4,9699"
"59,0500";"1,9683";"4,9703"
"59,0600";"1,9686";"4,9720"
"59,0700";"1,9689";"4,9739"
"59,0800";"1,9693";"4,9741"
"59,0900";"1,9695";"4,9731"
"59,1000";"1,9699";"4,9715"
"59,1100";"1,9702";"4,9716"
"59,1200";"1,9706";"4,9729"
"59,1300";"1,9709";"4,9742"
"59,1400";"1,9714";"4,9767"
"59,1500";"1,9718";"4,9798"
"59,1600";"1,9721";"4,9818"
"59,1700";"1,9725";"4,9821"
"59,1800";"1,9728";"4,9811"
"59,1900";"1,9731";"4,9809"
"59,2000";"1,9734";"4,9819"
"59,2100";"1,9738";"4,9829"
"59,2200";"1,9741";"4,9830"
"59,2300";"1,9744";"4,9849"
"59,2400";"1,9747";"4,9864"
"59,2500";"1,9750";"4,9877"
"59,2600";"1,9752";"4,9884"
"59,2700";"1,9755";"4,9892"
"59,2800";"1,9759";"4,9894"
"59,2900";"1,9762";"4,9883"
"59,3000";"1,9766";"4,9860"
"59,3100";"1,9768";"4,9860"
"59,3200";"1,9772";"4,9885"
"59,3300";"1,9775";"4,9925"
"59,3400";"1,9779";"4,9947"
"59,3500";"1,9783";"4,9955"
"59,3600";"1,9786";"4,9953"
"59,3700";"1,9790";"4,9943"
"59,3800";"1,9793";"4,9926"
"59,3900";"1,9797";"4,9932"
"59,4000";"1,9800";"4,9953"
"59,4100";"1,9803";"4,9981"
"59,4200";"1,9806";"5,0005"
"59,4300";"1,9810";"5,0035"
"59,4400";"1,9812";"5,0067"
"59,4500";"1,9816";"5,0077"
"59,4600";"1,9818";"5,0050"
"59,4700";"1,9822";"5,0004"
"59,4800";"1,9825";"4,9979"
"59,4900";"1,9829";"4,9995"
"59,5000";"1,9832";"5,0021"
"59,5100";"1,9836";"5,0053"
"59,5200";"1,9839";"5,0093"
"59,5300";"1,9843";"5,0124"
"59,5400";"1,9846";"5,0108"
"59,5500";"1,9850";"5,0082"
"59,5600";"1,9853";"5,0077"
"59,5700";"1,9857";"5,0076"
"59,5800";"1,9859";"5,0092"
"59,5900";"1,9863";"5,0116"
"59,6000";"1,9866";"5,0139"
"59,6100";"1,9869";"5,0168"
"59,6200";"1,9872";"5,0184"
"59,6300";"1,9876";"5,0163"
"59,6400";"1,9879";"5,0130"
"59,6500";"1,9883";"5,0119"
"59,6600";"1,9886";"5,0132"
"59,6700";"1,9889";"5,0158"
"59,6800";"1,9892";"5,0184"
"59,6900";"1,9896";"5,0201"
"59,7000";"1,9899";"5,0198"
"59,7100";"1,9903";"5,0189"
"59,7200";"1,9905";"5,0194"
"59,7300";"1,9909";"5,0215"
"59,7400";"1,9911";"5,0226"
"59,7500";"1,9915";"5,0209"
"59,7600";"1,9918";"5,0197"
"59,7700";"1,9921";"5,0216"
"59,7800";"1,9924";"5,0250"
"59,7900";"1,9928";"5,0269"
"59,8000";"1,9931";"5,0280"
"59,8100";"1,9935";"5,0297"
"59,8200";"1,9938";"5,0295"
"59,8300";"1,9942";"5,0274"
"59,8400";"1,9945";"5,0266"
"59,8500";"1,9949";"5,0277"
"59,8600";"1,9953";"5,0313"
"59,8700";"1,9956";"5,0335"
"59,8800";"1,9960";"5,0344"
"59,8900";"1,9963";"5,0352"
"59,9000";"1,9967";"5,0367"
"59,9100";"1,9970";"5,0367"
"59,9200";"1,9973";"5,0355"
"59,9300";"1,9976";"5,0331"
"59,9400";"1,9979";"5,0325"
"59,9500";"1,9982";"5,0351"
"59,9600";"1,9986";"5,0396"
"59,9700";"1,9989";"5,0444"
"59,9800";"1,9993";"5,0465"
"59,9900";"1,9996";"5,0466"
"60,0000";"2,0000";"5,0436"
"60,0100";"2,0002";"5,0404"
"60,0200";"2,0006";"5,0379"
"60,0300";"2,0010";"5,0366"
"60,0400";"2,0014";"5,0367"
"60,0500";"2,0017";"5,0398"
"60,0600";"2,0021";"5,0456"
"60,0700";"2,0025";"5,0504"
"60,0800";"2,0027";"5,0522"
"60,0900";"2,0029";"5,0506"
"60,1000";"2,0033";"5,0489"
"60,1100";"2,0036";"5,0490"
"60,1200";"2,0039";"5,0489"
"60,1300";"2,0042";"5,0501"
"60,1400";"2,0046";"5,0514"
"60,1500";"2,0048";"5,0522"
"60,1600";"2,0052";"5,0523"
"60,1700";"2,0055";"5,0528"
"60,1800";"2,0059";"5,0551"
"60,1900";"2,0062";"5,0582"
"60,2000";"2,0066";"5,0600"
"60,2100";"2,0069";"5,0600"
"60,2200";"2,0073";"5,0598"
"60,2300";"2,0077";"5,0612"
"60,2400";"2,0080";"5,0633"
"60,2500";"2,0084";"5,0641"
"60,2600";"2,0086";"5,0636"
"60,2700";"2,0090";"5,0632"
"60,2800";"2,0092";"5,0631"
"60,2900";"2,0095";"5,0628"
"60,3000";"2,0099";"5,0635"
"60,3100";"2,0101";"5,0641"
"60,3200";"2,0105";"5,0628"
"60,3300";"2,0108";"5,0618"
"60,3400";"2,0112";"5,0631"
"60,3500";"2,0115";"5,0656"
"60,3600";"2,0119";"5,0665"
"60,3700";"2,0123";"5,0664"
"60,3800";"2,0126";"5,0670"
"60,3900";"2,0130";"5,0693"
"60,4000";"2,0133";"5,0734"
"60,4100";"2,0137";"5,0751"
"60,4200";"2,0139";"5,0753"
"60,4300";"2,0143";"5,0773"
"60,4400";"2,0146";"5,0793"
"60,4500";"2,0150";"5,0787"
"60,4600";"2,0153";"5,0758"
"60,4700";"2,0157";"5,0749"
"60,4800";"2,0160";"5,0777"
"60,4900";"2,0164";"5,0808"
"60,5000";"2,0167";"5,0805"
"60,5100";"2,0171";"5,0799"
"60,5200";"2,0175";"5,0818"
"60,5300";"2,0178";"5,0850"
"60,5400";"2,0182";"5,0861"
"60,5500";"2,0184";"5,0857"
"60,5600";"2,0187";"5,0846"
"60,5700";"2,0191";"5,0845"
"60,5800";"2,0195";"5,0853"
"60,5900";"2,0197";"5,0856"
"60,6000";"2,0199";"5,0866"
"60,6100";"2,0203";"5,0871"
"60,6200";"2,0205";"5,0878"
"60,6300";"2,0209";"5,0879"
"60,6400";"2,0212";"5,0894"
"60,6500";"2,0216";"5,0910"
"60,6600";"2,0219";"5,0914"
"60,6700";"2,0223";"5,0929"
"60,6800";"2,0226";"5,0942"
"60,6900";"2,0230";"5,0957"
"60,7000";"2,0234";"5,0960"
"60,7100";"2,0237";"5,0947"
"60,7200";"2,0241";"5,0933"
"60,7300";"2,0243";"5,0934"
"60,7400";"2,0248";"5,0951"
"60,7500";"2,0250";"5,0974"
"60,7600";"2,0254";"5,0997"
"60,7700";"2,0256";"5,1013"
"60,7800";"2,0260";"5,1023"
"60,7900";"2,0263";"5,1018"
"60,8000";"2,0267";"5,1007"
"60,8100";"2,0269";"5,1007"
"60,8200";"2,0272";"5,1019"
"60,8300";"2,0276";"5,1038"
"60,8400";"2,0280";"5,1049"
"60,8500";"2,0283";"5,1069"
"60,8600";"2,0287";"5,1082"
"60,8700";"2,0290";"5,1079"
"60,8800";"2,0294";"5,1062"
"60,8900";"2,0297";"5,1062"
"60,9000";"2,0301";"5,1082"
"60,9100";"2,0304";"5,1101"
"60,9200";"2,0308";"5,1120"
"60,9300";"2,0310";"5,1144"
"60,9400";"2,0313";"5,1166"
"60,9500";"2,0316";"5,1178"
"60,9600";"2,0320";"5,1182"
"60,9700";"2,0322";"5,1172"
"60,9800";"2,0326";"5,1158"
"60,9900";"2,0329";"5,1147"
"61,0000";"2,0332";"5,1148"
"61,0100";"2,0335";"5,1165"
"61,0200";"2,0339";"5,1188"
"61,0300";"2,0342";"5,1209"
"61,0400";"2,0346";"5,1216"
"61,0500";"2,0349";"5,1216"
"61,0600";"2,0353";"5,1219"
"61,0700";"2,0356";"5,1240"
"61,0800";"2,0359";"5,1255"
"61,0900";"2,0362";"5,1257"
"61,1000";"2,0366";"5,1250"
"61,1100";"2,0368";"5,1248"
"61,1200";"2,0372";"5,1244"
"61,1300";"2,0375";"5,1247"
"61,1400";"2,0378";"5,1271"
"61,1500";"2,0381";"5,1297"
"61,1600";"2,0385";"5,1292"
"61,1700";"2,0388";"5,1276"
"61,1800";"2,0392";"5,1287"
"61,1900";"2,0395";"5,1314"
"61,2000";"2,0399";"5,1337"
"61,2100";"2,0402";"5,1346"
"61,2200";"2,0406";"5,1342"
"61,2300";"2,0409";"5,1348"
"61,2400";"2,0413";"5,1360"
"61,2500";"2,0417";"5,1368"
"61,2600";"2,0420";"5,1372"
"61,2700";"2,0422";"5,1358"
"61,2800";"2,0425";"5,1347"
"61,2900";"2,0428";"5,1374"
"61,3000";"2,0432";"5,1405"
"61,3100";"2,0434";"5,1416"
"61,3200";"2,0438";"5,1405"
"61,3300";"2,0441";"5,1390"
"61,3400";"2,0445";"5,1391"
"61,3500";"2,0448";"5,1410"
"61,3600";"2,0452";"5,1437"
"61,3700";"2,0455";"5,1459"
"61,3800";"2,0459";"5,1467"
"61,3900";"2,0463";"5,1472"
"61,4000";"2,0466";"5,1475"
"61,4100";"2,0470";"5,1474"
"61,4200";"2,0473";"5,1463"
"61,4300";"2,0476";"5,1460"
"61,4400";"2,0479";"5,1475"
"61,4500";"2,0481";"5,1481"
"61,4600";"2,0484";"5,1483"
"61,4700";"2,0487";"5,1500"
"61,4800";"2,0491";"5,1514"
"61,4900";"2,0493";"5,1526"
"61,5000";"2,0497";"5,1519"
"61,5100";"2,0502";"5,1517"
"61,5200";"2,0505";"5,1524"
"61,5300";"2,0509";"5,1541"
"61,5400";"2,0512";"5,1551"
"61,5500";"2,0516";"5,1575"
"61,5600";"2,0519";"5,1591"
"61,5700";"2,0523";"5,1592"
"61,5800";"2,0526";"5,1588"
"61,5900";"2,0530";"5,1593"
"61,6000";"2,0533";"5,1607"
"61,6100";"2,0536";"5,1610"
"61,6200";"2,0538";"5,1603"
"61,6300";"2,0542";"5,1606"
"61,6400";"2,0545";"5,1632"
"61,6500";"2,0548";"5,1656"
"61,6600";"2,0551";"5,1666"
"61,6700";"2,0555";"5,1684"
"61,6800";"2,0558";"5,1702"
"61,6900";"2,0562";"5,1706"
"61,7000";"2,0565";"5,1696"
"61,7100";"2,0569";"5,1679"
"61,7200";"2,0572";"5,1687"
"61,7300";"2,0576";"5,1716"
"61,7400";"2,0579";"5,1739"
"61,7500";"2,0583";"5,1761"
"61,7600";"2,0587";"5,1769"
"61,7700";"2,0589";"5,1773"
"61,7800";"2,0592";"5,1775"
"61,7900";"2,0596";"5,1770"
"61,8000";"2,0600";"5,1756"
"61,8100";"2,0603";"5,1737"
"61,8200";"2,0607";"5,1721"
"61,8300";"2,0609";"5,1737"
"61,8400";"2,0612";"5,1781"
"61,8500";"2,0616";"5,1831"
"61,8600";"2,0620";"5,1838"
"61,8700";"2,0623";"5,1818"
"61,8800";"2,0627";"5,1809"
"61,8900";"2,0630";"5,1819"
"61,9000";"2,0634";"5,1831"
"61,9100";"2,0636";"5,1839"
"61,9200";"2,0640";"5,1845"
"61,9300";"2,0643";"5,1857"
"61,9400";"2,0647";"5,1890"
"61,9500";"2,0649";"5,1903"
"61,9600";"2,0653";"5,1904"
"61,9700";"2,0656";"5,1903"
"61,9800";"2,0659";"5,1893"
"61,9900";"2,0662";"5,1877"
"62,0000";"2,0666";"5,1864"
"62,0100";"2,0669";"5,1877"
"62,0200";"2,0673";"5,1907"
"62,0300";"2,0676";"5,1929"
"62,0400";"2,0680";"5,1938"
"62,0500";"2,0683";"5,1948"
"62,0600";"2,0687";"5,1965"
"62,0700";"2,0690";"5,1983"
"62,0800";"2,0694";"5,1981"
"62,0900";"2,0697";"5,1981"
"62,1000";"2,0700";"5,1990"
"62,1100";"2,0703";"5,2007"
"62,1200";"2,0706";"5,2033"
"62,1300";"2,0708";"5,2053"
"62,1400";"2,0712";"5,2063"
"62,1500";"2,0715";"5,2057"
"62,1600";"2,0718";"5,2026"
"62,1700";"2,0721";"5,2009"
"62,1800";"2,0725";"5,2020"
"62,1900";"2,0728";"5,2028"
"62,2000";"2,0732";"5,2032"
"62,2100";"2,0735";"5,2054"
"62,2200";"2,0739";"5,2094"
"62,2300";"2,0742";"5,2129"
"62,2400";"2,0747";"5,2130"
"62,2500";"2,0751";"5,2129"
"62,2600";"2,0754";"5,2140"
"62,2700";"2,0758";"5,2154"
"62,2800";"2,0761";"5,2157"
"62,2900";"2,0764";"5,2142"
"62,3000";"2,0767";"5,2131"
"62,3100";"2,0770";"5,2139"
"62,3200";"2,0773";"5,2153"
"62,3300";"2,0777";"5,2175"
"62,3400";"2,0779";"5,2199"
"62,3500";"2,0782";"5,2206"
"62,3600";"2,0786";"5,2198"
"62,3700";"2,0790";"5,2191"
"62,3800";"2,0793";"5,2199"
"62,3900";"2,0797";"5,2215"
"62,4000";"2,0800";"5,2212"
"62,4100";"2,0804";"5,2213"
"62,4200";"2,0807";"5,2234"
"62,4300";"2,0810";"5,2267"
"62,4400";"2,0813";"5,2280"
"62,4500";"2,0817";"5,2269"
"62,4600";"2,0819";"5,2272"
"62,4700";"2,0823";"5,2293"
"62,4800";"2,0826";"5,2308"
"62,4900";"2,0830";"5,2304"
"62,5000";"2,0833";"5,2290"
"62,5100";"2,0837";"5,2287"
"62,5200";"2,0840";"5,2296"
"62,5300";"2,0844";"5,2302"
"62,5400";"2,0847";"5,2299"
"62,5500";"2,0851";"5,2309"
"62,5600";"2,0855";"5,2318"
"62,5700";"2,0858";"5,2329"
"62,5800";"2,0862";"5,2336"
"62,5900";"2,0864";"5,2361"
"62,6000";"2,0867";"5,2406"
"62,6100";"2,0871";"5,2430"
"62,6200";"2,0875";"5,2426"
"62,6300";"2,0877";"5,2415"
"62,6400";"2,0879";"5,2409"
"62,6500";"2,0883";"5,2417"
"62,6600";"2,0886";"5,2436"
"62,6700";"2,0890";"5,2454"
"62,6800";"2,0892";"5,2455"
"62,6900";"2,0896";"5,2443"
"62,7000";"2,0899";"5,2441"
"62,7100";"2,0903";"5,2457"
"62,7200";"2,0906";"5,2472"
"62,7300";"2,0910";"5,2455"
"62,7400";"2,0914";"5,2434"
"62,7500";"2,0917";"5,2440"
"62,7600";"2,0921";"5,2487"
"62,7700";"2,0924";"5,2531"
"62,7800";"2,0928";"5,2529"
"62,7900";"2,0930";"5,2497"
"62,8000";"2,0932";"5,2485"
"62,8100";"2,0936";"5,2497"
"62,8200";"2,0938";"5,2518"
"62,8300";"2,0942";"5,2522"
"62,8400";"2,0945";"5,2529"
"62,8500";"2,0949";"5,2547"
"62,8600";"2,0951";"5,2557"
"62,8700";"2,0955";"5,2556"
"62,8800";"2,0958";"5,2558"
"62,8900";"2,0962";"5,2564"
"62,9000";"2,0965";"5,2569"
"62,9100";"2,0969";"5,2571"
"62,9200";"2,0973";"5,2594"
"62,9300";"2,0976";"5,2623"
"62,9400";"2,0980";"5,2640"
"62,9500";"2,0982";"5,2631"
"62,9600";"2,0986";"5,2620"
"62,9700";"2,0989";"5,2629"
"62,9800";"2,0991";"5,2638"
"62,9900";"2,0995";"5,2644"
"63,0000";"2,0999";"5,2653"
"63,0100";"2,1002";"5,2662"
"63,0200";"2,1004";"5,2661"
"63,0300";"2,1008";"5,2662"
"63,0400";"2,1012";"5,2675"
"63,0500";"2,1015";"5,2694"
"63,0600";"2,1019";"5,2702"
"63,0700";"2,1022";"5,2693"
"63,0800";"2,1026";"5,2698"
"63,0900";"2,1029";"5,2709"
"63,1000";"2,1033";"5,2714"
"63,1100";"2,1035";"5,2724"
"63,1200";"2,1039";"5,2742"
"63,1300";"2,1041";"5,2754"
"63,1400";"2,1045";"5,2760"
"63,1500";"2,1048";"5,2759"
"63,1600";"2,1052";"5,2758"
"63,1700";"2,1055";"5,2759"
"63,1800";"2,1059";"5,2774"
"63,1900";"2,1062";"5,2793"
"63,2000";"2,1066";"5,2805"
"63,2100";"2,1069";"5,2817"
"63,2200";"2,1073";"5,2821"
"63,2300";"2,1076";"5,2829"
"63,2400";"2,1080";"5,2837"
"63,2500";"2,1084";"5,2861"
"63,2600";"2,1087";"5,2878"
"63,2700";"2,1091";"5,2888"
"63,2800";"2,1094";"5,2885"
"63,2900";"2,1097";"5,2871"
"63,3000";"2,1100";"5,2864"
"63,3100";"2,1102";"5,2858"
"63,3200";"2,1106";"5,2858"
"63,3300";"2,1108";"5,2868"
"63,3400";"2,1112";"5,2894"
"63,3500";"2,1115";"5,2908"
"63,3600";"2,1119";"5,2911"
"63,3700";"2,1122";"5,2902"
"63,3800";"2,1126";"5,2902"
"63,3900";"2,1128";"5,2906"
"63,4000";"2,1133";"5,2906"
"63,4100";"2,1137";"5,2923"
"63,4200";"2,1140";"5,2962"
"63,4300";"2,1144";"5,2978"
"63,4400";"2,1147";"5,2971"
"63,4500";"2,1151";"5,2968"
"63,4600";"2,1153";"5,2988"
"63,4700";"2,1156";"5,3007"
"63,4800";"2,1159";"5,3010"
"63,4900";"2,1161";"5,3003"
"63,5000";"2,1164";"5,2994"
"63,5100";"2,1167";"5,3015"
"63,5200";"2,1171";"5,3026"
"63,5300";"2,1174";"5,3016"
"63,5400";"2,1178";"5,3011"
"63,5500";"2,1182";"5,3011"
"63,5600";"2,1185";"5,3025"
"63,5700";"2,1189";"5,3053"
"63,5800";"2,1191";"5,3070"
"63,5900";"2,1195";"5,3091"
"63,6000";"2,1198";"5,3103"
"63,6100";"2,1202";"5,3096"
"63,6200";"2,1205";"5,3095"
"63,6300";"2,1209";"5,3104"
"63,6400";"2,1211";"5,3115"
"63,6500";"2,1215";"5,3126"
"63,6600";"2,1218";"5,3153"
"63,6700";"2,1220";"5,3175"
"63,6800";"2,1224";"5,3193"
"63,6900";"2,1228";"5,3183"
"63,7000";"2,1231";"5,3160"
"63,7100";"2,1235";"5,3157"
"63,7200";"2,1238";"5,3152"
"63,7300";"2,1242";"5,3160"
"63,7400";"2,1246";"5,3186"
"63,7500";"2,1250";"5,3218"
"63,7600";"2,1254";"5,3246"
"63,7700";"2,1257";"5,3258"
"63,7800";"2,1261";"5,3253"
"63,7900";"2,1264";"5,3236"
"63,8000";"2,1267";"5,3233"
"63,8100";"2,1270";"5,3238"
"63,8200";"2,1274";"5,3250"
"63,8300";"2,1276";"5,3275"
"63,8400";"2,1280";"5,3302"
"63,8500";"2,1283";"5,3304"
"63,8600";"2,1287";"5,3284"
"63,8700";"2,1290";"5,3279"
"63,8800";"2,1294";"5,3310"
"63,8900";"2,1297";"5,3329"
"63,9000";"2,1301";"5,3327"
"63,9100";"2,1304";"5,3314"
"63,9200";"2,1308";"5,3325"
"63,9300";"2,1311";"5,3356"
"63,9400";"2,1315";"5,3384"
"63,9500";"2,1318";"5,3386"
"63,9600";"2,1321";"5,3395"
"63,9700";"2,1324";"5,3377"
"63,9800";"2,1327";"5,3357"
"63,9900";"2,1330";"5,3354"
"64,0000";"2,1333";"5,3390"
"64,0100";"2,1335";"5,3420"
"64,0200";"2,1339";"5,3414"
"64,0300";"2,1342";"5,3377"
"64,0400";"2,1346";"5,3369"
"64,0500";"2,1349";"5,3391"
"64,0600";"2,1354";"5,3423"
"64,0700";"2,1357";"5,3437"
"64,0800";"2,1361";"5,3443"
"64,0900";"2,1365";"5,3446"
"64,1000";"2,1368";"5,3451"
"64,1100";"2,1372";"5,3468"
"64,1200";"2,1375";"5,3488"
"64,1300";"2,1377";"5,3500"
"64,1400";"2,1381";"5,3499"
"64,1500";"2,1383";"5,3494"
"64,1600";"2,1386";"5,3499"
"64,1700";"2,1389";"5,3519"
"64,1800";"2,1393";"5,3525"
"64,1900";"2,1395";"5,3522"
"64,2000";"2,1399";"5,3533"
"64,2100";"2,1402";"5,3560"
"64,2200";"2,1406";"5,3594"
"64,2300";"2,1409";"5,3606"
"64,2400";"2,1413";"5,3599"
"64,2500";"2,1416";"5,3587"
"64,2600";"2,1420";"5,3580"
"64,2700";"2,1424";"5,3563"
"64,2800";"2,1427";"5,3563"
"64,2900";"2,1431";"5,3586"
"64,3000";"2,1434";"5,3620"
"64,3100";"2,1438";"5,3645"
"64,3200";"2,1440";"5,3647"
"64,3300";"2,1444";"5,3654"
"64,3400";"2,1446";"5,3674"
"64,3500";"2,1450";"5,3671"
"64,3600";"2,1453";"5,3642"
"64,3700";"2,1457";"5,3632"
"64,3800";"2,1460";"5,3642"
"64,3900";"2,1464";"5,3662"
"64,4000";"2,1467";"5,3673"
"64,4100";"2,1471";"5,3683"
"64,4200";"2,1474";"5,3706"
"64,4300";"2,1478";"5,3720"
"64,4400";"2,1481";"5,3717"
"64,4500";"2,1485";"5,3716"
"64,4600";"2,1487";"5,3721"
"64,4700";"2,1491";"5,3720"
"64,4800";"2,1493";"5,3707"
"64,4900";"2,1497";"5,3707"
"64,5000";"2,1499";"5,3740"
"64,5100";"2,1503";"5,3781"
"64,5200";"2,1506";"5,3799"
"64,5300";"2,1510";"5,3800"
"64,5400";"2,1513";"5,3804"
"64,5500";"2,1517";"5,3799"
"64,5600";"2,1520";"5,3793"
"64,5700";"2,1524";"5,3802"
"64,5800";"2,1527";"5,3829"
"64,5900";"2,1531";"5,3867"
"64,6000";"2,1535";"5,3890"
"64,6100";"2,1538";"5,3891"
"64,6200";"2,1542";"5,3876"
"64,6300";"2,1545";"5,3867"
"64,6400";"2,1549";"5,3869"
"64,6500";"2,1551";"5,3881"
"64,6600";"2,1553";"5,3896"
"64,6700";"2,1557";"5,3902"
"64,6800";"2,1559";"5,3907"
"64,6900";"2,1563";"5,3923"
"64,7000";"2,1566";"5,3939"
"64,7100";"2,1570";"5,3945"
"64,7200";"2,1573";"5,3931"
"64,7300";"2,1576";"5,3904"
"64,7400";"2,1579";"5,3899"
"64,7500";"2,1583";"5,3943"
"64,7600";"2,1586";"5,3988"
"64,7700";"2,1590";"5,3997"
"64,7800";"2,1594";"5,3985"
"64,7900";"2,1596";"5,3972"
"64,8000";"2,1599";"5,3990"
"64,8100";"2,1603";"5,4000"
"64,8200";"2,1607";"5,3993"
"64,8300";"2,1609";"5,3986"
"64,8400";"2,1611";"5,3991"
"64,8500";"2,1615";"5,4006"
"64,8600";"2,1617";"5,4014"
"64,8700";"2,1621";"5,4017"
"64,8800";"2,1624";"5,4022"
"64,8900";"2,1627";"5,4026"
"64,9000";"2,1630";"5,4036"
"64,9100";"2,1634";"5,4056"
"64,9200";"2,1637";"5,4079"
"64,9300";"2,1641";"5,4091"
"64,9400";"2,1644";"5,4090"
"64,9500";"2,1648";"5,4096"
"64,9600";"2,1651";"5,4108"
"64,9700";"2,1656";"5,4107"
"64,9800";"2,1658";"5,4109"
"64,9900";"2,1662";"5,4132"
"65,0000";"2,1664";"5,4147"
"65,0100";"2,1668";"5,4144"
"65,0200";"2,1671";"5,4129"
"65,0300";"2,1675";"5,4136"
"65,0400";"2,1679";"5,4165"
"65,0500";"2,1682";"5,4177"
"65,0600";"2,1686";"5,4161"
"65,0700";"2,1689";"5,4162"
"65,0800";"2,1693";"5,4189"
"65,0900";"2,1696";"5,4221"
"65,1000";"2,1700";"5,4223"
"65,1100";"2,1703";"5,4207"
"65,1200";"2,1707";"5,4208"
"65,1300";"2,1710";"5,4232"
"65,1400";"2,1714";"5,4254"
"65,1500";"2,1716";"5,4253"
"65,1600";"2,1720";"5,4248"
"65,1700";"2,1722";"5,4258"
"65,1800";"2,1726";"5,4277"
"65,1900";"2,1729";"5,4294"
"65,2000";"2,1733";"5,4297"
"65,2100";"2,1735";"5,4291"
"65,2200";"2,1739";"5,4279"
"65,2300";"2,1742";"5,4270"
"65,2400";"2,1746";"5,4292"
"65,2500";"2,1749";"5,4321"
"65,2600";"2,1753";"5,4335"
"65,2700";"2,1756";"5,4336"
"65,2800";"2,1760";"5,4348"
"65,2900";"2,1764";"5,4387"
"65,3000";"2,1767";"5,4405"
"65,3100";"2,1771";"5,4390"
"65,3200";"2,1774";"5,4371"
"65,3300";"2,1778";"5,4382"
"65,3400";"2,1780";"5,4406"
"65,3500";"2,1782";"5,4409"
"65,3600";"2,1786";"5,4404"
"65,3700";"2,1788";"5,4406"
"65,3800";"2,1792";"5,4431"
"65,3900";"2,1795";"5,4452"
"65,4000";"2,1798";"5,4450"
"65,4100";"2,1801";"5,4438"
"65,4200";"2,1805";"5,4444"
"65,4300";"2,1808";"5,4466"
"65,4400";"2,1811";"5,4472"
"65,4500";"2,1814";"5,4471"
"65,4600";"2,1818";"5,4483"
"65,4700";"2,1821";"5,4493"
"65,4800";"2,1825";"5,4508"
"65,4900";"2,1827";"5,4523"
"65,5000";"2,1831";"5,4518"
"65,5100";"2,1834";"5,4500"
"65,5200";"2,1837";"5,4493"
"65,5300";"2,1840";"5,4491"
"65,5400";"2,1844";"5,4505"
"65,5500";"2,1846";"5,4523"
"65,5600";"2,1850";"5,4552"
"65,5700";"2,1853";"5,4591"
"65,5800";"2,1858";"5,4611"
"65,5900";"2,1862";"5,4597"
"65,6000";"2,1865";"5,4558"
"65,6100";"2,1869";"5,4531"
"65,6200";"2,1872";"5,4552"
"65,6300";"2,1876";"5,4596"
"65,6400";"2,1879";"5,4628"
"65,6500";"2,1883";"5,4647"
"65,6600";"2,1886";"5,4676"
"65,6700";"2,1889";"5,4700"
"65,6800";"2,1892";"5,4689"
"65,6900";"2,1895";"5,4646"
"65,7000";"2,1898";"5,4619"
"65,7100";"2,1902";"5,4620"
"65,7200";"2,1905";"5,4637"
"65,7300";"2,1909";"5,4657"
"65,7400";"2,1912";"5,4667"
"65,7500";"2,1916";"5,4685"
"65,7600";"2,1919";"5,4721"
"65,7700";"2,1923";"5,4749"
"65,7800";"2,1926";"5,4759"
"65,7900";"2,1931";"5,4755"
"65,8000";"2,1935";"5,4739"
"65,8100";"2,1938";"5,4728"
"65,8200";"2,1942";"5,4739"
"65,8300";"2,1944";"5,4779"
"65,8400";"2,1948";"5,4800"
"65,8500";"2,1951";"5,4801"
"65,8600";"2,1954";"5,4792"
"65,8700";"2,1957";"5,4805"
"65,8800";"2,1961";"5,4813"
"65,8900";"2,1964";"5,4806"
"65,9000";"2,1968";"5,4808"
"65,9100";"2,1971";"5,4819"
"65,9200";"2,1975";"5,4831"
"65,9300";"2,1978";"5,4841"
"65,9400";"2,1982";"5,4846"
"65,9500";"2,1985";"5,4856"
"65,9600";"2,1989";"5,4845"
"65,9700";"2,1993";"5,4816"
"65,9800";"2,1995";"5,4811"
"65,9900";"2,1998";"5,4843"
"66,0000";"2,2002";"5,4888"
"66,0100";"2,2004";"5,4915"
"66,0200";"2,2007";"5,4915"
"66,0300";"2,2010";"5,4908"
"66,0400";"2,2013";"5,4911"
"66,0500";"2,2016";"5,4916"
"66,0600";"2,2020";"5,4915"
"66,0700";"2,2023";"5,4917"
"66,0800";"2,2026";"5,4930"
"66,0900";"2,2030";"5,4941"
"66,1000";"2,2033";"5,4956"
"66,1100";"2,2036";"5,4978"
"66,1200";"2,2040";"5,4995"
"66,1300";"2,2043";"5,4992"
"66,1400";"2,2047";"5,4983"
"66,1500";"2,2050";"5,4979"
"66,1600";"2,2054";"5,4988"
"66,1700";"2,2056";"5,4992"
"66,1800";"2,2059";"5,4998"
"66,1900";"2,2062";"5,5007"
"66,2000";"2,2065";"5,5037"
"66,2100";"2,2068";"5,5059"
"66,2200";"2,2072";"5,5046"
"66,2300";"2,2075";"5,5031"
"66,2400";"2,2078";"5,5031"
"66,2500";"2,2081";"5,5048"
"66,2600";"2,2086";"5,5055"
"66,2700";"2,2089";"5,5050"
"66,2800";"2,2093";"5,5053"
"66,2900";"2,2096";"5,5084"
"66,3000";"2,2100";"5,5114"
"66,3100";"2,2104";"5,5122"
"66,3200";"2,2107";"5,5113"
"66,3300";"2,2111";"5,5105"
"66,3400";"2,2113";"5,5103"
"66,3500";"2,2115";"5,5101"
"66,3600";"2,2119";"5,5123"
"66,3700";"2,2122";"5,5152"
"66,3800";"2,2126";"5,5171"
"66,3900";"2,2128";"5,5176"
"66,4000";"2,2132";"5,5180"
"66,4100";"2,2135";"5,5194"
"66,4200";"2,2139";"5,5206"
"66,4300";"2,2144";"5,5196"
"66,4400";"2,2147";"5,5176"
"66,4500";"2,2151";"5,5169"
"66,4600";"2,2154";"5,5187"
"66,4700";"2,2158";"5,5217"
"66,4800";"2,2161";"5,5253"
"66,4900";"2,2165";"5,5282"
"66,5000";"2,2167";"5,5283"
"66,5100";"2,2171";"5,5259"
"66,5200";"2,2173";"5,5264"
"66,5300";"2,2177";"5,5290"
"66,5400";"2,2180";"5,5306"
"66,5500";"2,2184";"5,5287"
"66,5600";"2,2187";"5,5262"
"66,5700";"2,2191";"5,5270"
"66,5800";"2,2194";"5,5315"
"66,5900";"2,2198";"5,5347"
"66,6000";"2,2202";"5,5338"
"66,6100";"2,2205";"5,5310"
"66,6200";"2,2207";"5,5305"
"66,6300";"2,2211";"5,5320"
"66,6400";"2,2215";"5,5341"
"66,6500";"2,2218";"5,5364"
"66,6600";"2,2222";"5,5383"
"66,6700";"2,2224";"5,5392"
"66,6800";"2,2226";"5,5386"
"66,6900";"2,2230";"5,5390"
"66,7000";"2,2232";"5,5402"
"66,7100";"2,2236";"5,5401"
"66,7200";"2,2238";"5,5393"
"66,7300";"2,2242";"5,5389"
"66,7400";"2,2246";"5,5407"
"66,7500";"2,2250";"5,5422"
"66,7600";"2,2253";"5,5430"
"66,7700";"2,2257";"5,5424"
"66,7800";"2,2259";"5,5428"
"66,7900";"2,2263";"5,5446"
"66,8000";"2,2266";"5,5462"
"66,8100";"2,2270";"5,5468"
"66,8200";"2,2274";"5,5481"
"66,8300";"2,2277";"5,5487"
"66,8400";"2,2279";"5,5481"
"66,8500";"2,2283";"5,5488"
"66,8600";"2,2285";"5,5512"
"66,8700";"2,2289";"5,5521"
"66,8800";"2,2291";"5,5517"
"66,8900";"2,2295";"5,5512"
"66,9000";"2,2298";"5,5527"
"66,9100";"2,2301";"5,5555"
"66,9200";"2,2304";"5,5574"
"66,9300";"2,2308";"5,5573"
"66,9400";"2,2311";"5,5567"
"66,9500";"2,2315";"5,5568"
"66,9600";"2,2318";"5,5571"
"66,9700";"2,2322";"5,5587"
"66,9800";"2,2325";"5,5590"
"66,9900";"2,2329";"5,5592"
"67,0000";"2,2333";"5,5598"
"67,0100";"2,2335";"5,5608"
"67,0200";"2,2338";"5,5630"
"67,0300";"2,2342";"5,5640"
"67,0400";"2,2344";"5,5632"
"67,0500";"2,2348";"5,5619"
"67,0600";"2,2351";"5,5625"
"67,0700";"2,2354";"5,5653"
"67,0800";"2,2357";"5,5681"
"67,0900";"2,2361";"5,5678"
"67,1000";"2,2364";"5,5673"
"67,1100";"2,2368";"5,5679"
"67,1200";"2,2372";"5,5702"
"67,1300";"2,2375";"5,5718"
"67,1400";"2,2379";"5,5710"
"67,1500";"2,2382";"5,5698"
"67,1600";"2,2386";"5,5707"
"67,1700";"2,2388";"5,5727"
"67,1800";"2,2392";"5,5759"
"67,1900";"2,2395";"5,5779"
"67,2000";"2,2397";"5,5795"
"67,2100";"2,2401";"5,5797"
"67,2200";"2,2405";"5,5781"
"67,2300";"2,2408";"5,5761"
"67,2400";"2,2412";"5,5752"
"67,2500";"2,2415";"5,5759"
"67,2600";"2,2419";"5,5765"
"67,2700";"2,2422";"5,5782"
"67,2800";"2,2426";"5,5810"
"67,2900";"2,2429";"5,5841"
"67,3000";"2,2434";"5,5853"
"67,3100";"2,2436";"5,5851"
"67,3200";"2,2440";"5,5857"
"67,3300";"2,2444";"5,5857"
"67,3400";"2,2447";"5,5839"
"67,3500";"2,2451";"5,5842"
"67,3600";"2,2453";"5,5869"
"67,3700";"2,2457";"5,5890"
"67,3800";"2,2459";"5,5886"
"67,3900";"2,2462";"5,5876"
"67,4000";"2,2465";"5,5875"
"67,4100";"2,2468";"5,5883"
"67,4200";"2,2472";"5,5885"
"67,4300";"2,2475";"5,5882"
"67,4400";"2,2479";"5,5894"
"67,4500";"2,2482";"5,5920"
"67,4600";"2,2485";"5,5939"
"67,4700";"2,2488";"5,5950"
"67,4800";"2,2492";"5,5965"
"67,4900";"2,2497";"5,5986"
"67,5000";"2,2500";"5,5993"
"67,5100";"2,2504";"5,5991"
"67,5200";"2,2507";"5,5982"
"67,5300";"2,2510";"5,5976"
"67,5400";"2,2512";"5,5988"
"67,5500";"2,2516";"5,6014"
"67,5600";"2,2519";"5,6042"
"67,5700";"2,2521";"5,6034"
"67,5800";"2,2525";"5,6000"
"67,5900";"2,2529";"5,5965"
"67,6000";"2,2532";"5,5976"
"67,6100";"2,2536";"5,6019"
"67,6200";"2,2539";"5,6054"
"67,6300";"2,2543";"5,6050"
"67,6400";"2,2545";"5,6043"
"67,6500";"2,2549";"5,6075"
"67,6600";"2,2553";"5,6117"
"67,6700";"2,2556";"5,6121"
"67,6800";"2,2559";"5,6093"
"67,6900";"2,2563";"5,6076"
"67,7000";"2,2565";"5,6087"
"67,7100";"2,2569";"5,6116"
"67,7200";"2,2572";"5,6145"
"67,7300";"2,2575";"5,6171"
"67,7400";"2,2578";"5,6164"
"67,7500";"2,2582";"5,6136"
"67,7600";"2,2585";"5,6118"
"67,7700";"2,2590";"5,6125"
"67,7800";"2,2593";"5,6140"
"67,7900";"2,2597";"5,6166"
"67,8000";"2,2601";"5,6182"
"67,8100";"2,2604";"5,6215"
"67,8200";"2,2609";"5,6244"
"67,8300";"2,2611";"5,6260"
"67,8400";"2,2615";"5,6246"
"67,8500";"2,2617";"5,6229"
"67,8600";"2,2621";"5,6241"
"67,8700";"2,2623";"5,6261"
"67,8800";"2,2627";"5,6276"
"67,8900";"2,2630";"5,6282"
"67,9000";"2,2634";"5,6306"
"67,9100";"2,2637";"5,6316"
"67,9200";"2,2641";"5,6295"
"67,9300";"2,2644";"5,6266"
"67,9400";"2,2648";"5,6268"
"67,9500";"2,2651";"5,6302"
"67,9600";"2,2655";"5,6330"
"67,9700";"2,2658";"5,6344"
"67,9800";"2,2661";"5,6355"
"67,9900";"2,2665";"5,6357"
"68,0000";"2,2669";"5,6347"
"68,0100";"2,2673";"5,6335"
"68,0200";"2,2675";"5,6330"
"68,0300";"2,2677";"5,6348"
"68,0400";"2,2681";"5,6367"
"68,0500";"2,2683";"5,6384"
"68,0600";"2,2686";"5,6396"
"68,0700";"2,2689";"5,6400"
"68,0800";"2,2693";"5,6392"
"68,0900";"2,2696";"5,6379"
"68,1000";"2,2700";"5,6368"
"68,1100";"2,2702";"5,6382"
"68,1200";"2,2706";"5,6397"
"68,1300";"2,2709";"5,6416"
"68,1400";"2,2713";"5,6440"
"68,1500";"2,2716";"5,6471"
"68,1600";"2,2720";"5,6478"
"68,1700";"2,2723";"5,6461"
"68,1800";"2,2727";"5,6455"
"68,1900";"2,2729";"5,6466"
"68,2000";"2,2733";"5,6476"
"68,2100";"2,2735";"5,6480"
"68,2200";"2,2739";"5,6468"
"68,2300";"2,2741";"5,6468"
"68,2400";"2,2745";"5,6485"
"68,2500";"2,2748";"5,6509"
"68,2600";"2,2752";"5,6524"
"68,2700";"2,2755";"5,6530"
"68,2800";"2,2759";"5,6539"
"68,2900";"2,2762";"5,6550"
"68,3000";"2,2766";"5,6552"
"68,3100";"2,2769";"5,6549"
"68,3200";"2,2773";"5,6542"
"68,3300";"2,2776";"5,6530"
"68,3400";"2,2780";"5,6522"
"68,3500";"2,2784";"5,6534"
"68,3600";"2,2786";"5,6554"
"68,3700";"2,2788";"5,6577"
"68,3800";"2,2792";"5,6591"
"68,3900";"2,2795";"5,6607"
"68,4000";"2,2799";"5,6637"
"68,4100";"2,2802";"5,6652"
"68,4200";"2,2805";"5,6637"
"68,4300";"2,2810";"5,6629"
"68,4400";"2,2813";"5,6634"
"68,4500";"2,2817";"5,6641"
"68,4600";"2,2820";"5,6654"
"68,4700";"2,2824";"5,6678"
"68,4800";"2,2827";"5,6716"
"68,4900";"2,2832";"5,6727"
"68,5000";"2,2834";"5,6705"
"68,5100";"2,2838";"5,6693"
"68,5200";"2,2840";"5,6723"
"68,5300";"2,2843";"5,6746"
"68,5400";"2,2846";"5,6743"
"68,5500";"2,2850";"5,6737"
"68,5600";"2,2852";"5,6749"
"68,5700";"2,2856";"5,6772"
"68,5800";"2,2859";"5,6785"
"68,5900";"2,2863";"5,6776"
"68,6000";"2,2866";"5,6767"
"68,6100";"2,2870";"5,6764"
"68,6200";"2,2873";"5,6767"
"68,6300";"2,2877";"5,6771"
"68,6400";"2,2880";"5,6786"
"68,6500";"2,2884";"5,6800"
"68,6600";"2,2886";"5,6805"
"68,6700";"2,2890";"5,6821"
"68,6800";"2,2893";"5,6843"
"68,6900";"2,2897";"5,6861"
"68,7000";"2,2899";"5,6857"
"68,7100";"2,2903";"5,6848"
"68,7200";"2,2905";"5,6847"
"68,7300";"2,2909";"5,6870"
"68,7400";"2,2911";"5,6888"
"68,7500";"2,2915";"5,6889"
"68,7600";"2,2918";"5,6884"
"68,7700";"2,2922";"5,6885"
"68,7800";"2,2925";"5,6889"
"68,7900";"2,2929";"5,6885"
"68,8000";"2,2932";"5,6876"
"68,8100";"2,2936";"5,6886"
"68,8200";"2,2939";"5,6909"
"68,8300";"2,2943";"5,6924"
"68,8400";"2,2946";"5,6923"
"68,8500";"2,2949";"5,6932"
"68,8600";"2,2952";"5,6952"
"68,8700";"2,2956";"5,6946"
"68,8800";"2,2958";"5,6933"
"68,8900";"2,2962";"5,6931"
"68,9000";"2,2964";"5,6952"
"68,9100";"2,2968";"5,6988"
"68,9200";"2,2971";"5,7004"
"68,9300";"2,2975";"5,7008"
"68,9400";"2,2978";"5,7014"
"68,9500";"2,2982";"5,7022"
"68,9600";"2,2984";"5,7034"
"68,9700";"2,2988";"5,7039"
"68,9800";"2,2992";"5,7025"
"68,9900";"2,2996";"5,7003"
"69,0000";"2,3000";"5,7011"
"69,0100";"2,3003";"5,7039"
"69,0200";"2,3005";"5,7072"
"69,0300";"2,3009";"5,7085"
"69,0400";"2,3011";"5,7066"
"69,0500";"2,3015";"5,7082"
"69,0600";"2,3017";"5,7111"
"69,0700";"2,3021";"5,7135"
"69,0800";"2,3024";"5,7111"
"69,0900";"2,3028";"5,7069"
"69,1000";"2,3031";"5,7069"
"69,1100";"2,3035";"5,7105"
"69,1200";"2,3039";"5,7131"
"69,1300";"2,3042";"5,7136"
"69,1400";"2,3046";"5,7134"
"69,1500";"2,3049";"5,7150"
"69,1600";"2,3053";"5,7158"
"69,1700";"2,3056";"5,7167"
"69,1800";"2,3060";"5,7172"
"69,1900";"2,3062";"5,7182"
"69,2000";"2,3066";"5,7189"
"69,2100";"2,3068";"5,7194"
"69,2200";"2,3072";"5,7201"
"69,2300";"2,3075";"5,7223"
"69,2400";"2,3079";"5,7227"
"69,2500";"2,3081";"5,7214"
"69,2600";"2,3085";"5,7205"
"69,2700";"2,3088";"5,7216"
"69,2800";"2,3092";"5,7249"
"69,2900";"2,3095";"5,7271"
"69,3000";"2,3099";"5,7284"
"69,3100";"2,3102";"5,7294"
"69,3200";"2,3106";"5,7292"
"69,3300";"2,3109";"5,7283"
"69,3400";"2,3113";"5,7268"
"69,3500";"2,3116";"5,7276"
"69,3600";"2,3120";"5,7297"
"69,3700";"2,3124";"5,7326"
"69,3800";"2,3126";"5,7348"
"69,3900";"2,3129";"5,7374"
"69,4000";"2,3132";"5,7380"
"69,4100";"2,3135";"5,7358"
"69,4200";"2,3139";"5,7340"
"69,4300";"2,3142";"5,7336"
"69,4400";"2,3145";"5,7355"
"69,4500";"2,3148";"5,7381"
"69,4600";"2,3152";"5,7391"
"69,4700";"2,3155";"5,7393"
"69,4800";"2,3159";"5,7394"
"69,4900";"2,3162";"5,7393"
"69,5000";"2,3166";"5,7384"
"69,5100";"2,3171";"5,7384"
"69,5200";"2,3174";"5,7379"
"69,5300";"2,3178";"5,7380"
"69,5400";"2,3180";"5,7388"
"69,5500";"2,3184";"5,7417"
"69,5600";"2,3186";"5,7458"
"69,5700";"2,3190";"5,7468"
"69,5800";"2,3193";"5,7451"
"69,5900";"2,3196";"5,7436"
"69,6000";"2,3199";"5,7459"
"69,6100";"2,3203";"5,7495"
"69,6200";"2,3206";"5,7506"
"69,6300";"2,3210";"5,7506"
"69,6400";"2,3213";"5,7508"
"69,6500";"2,3217";"5,7524"
"69,6600";"2,3220";"5,7533"
"69,6700";"2,3224";"5,7525"
"69,6800";"2,3227";"5,7525"
"69,6900";"2,3231";"5,7523"
"69,7000";"2,3235";"5,7525"
"69,7100";"2,3237";"5,7528"
"69,7200";"2,3239";"5,7553"
"69,7300";"2,3243";"5,7579"
"69,7400";"2,3246";"5,7588"
"69,7500";"2,3250";"5,7591"
"69,7600";"2,3253";"5,7600"
"69,7700";"2,3257";"5,7610"
"69,7800";"2,3260";"5,7614"
"69,7900";"2,3264";"5,7615"
"69,8000";"2,3268";"5,7631"
"69,8100";"2,3271";"5,7642"
"69,8200";"2,3275";"5,7652"
"69,8300";"2,3278";"5,7653"
"69,8400";"2,3282";"5,7654"
"69,8500";"2,3284";"5,7665"
"69,8600";"2,3288";"5,7684"
"69,8700";"2,3290";"5,7695"
"69,8800";"2,3294";"5,7707"
"69,8900";"2,3296";"5,7705"
"69,9000";"2,3299";"5,7696"
"69,9100";"2,3303";"5,7703"
"69,9200";"2,3307";"5,7724"
"69,9300";"2,3310";"5,7733"
"69,9400";"2,3314";"5,7723"
"69,9500";"2,3317";"5,7706"
"69,9600";"2,3321";"5,7706"
"69,9700";"2,3325";"5,7734"
"69,9800";"2,3329";"5,7763"
"69,9900";"2,3331";"5,7762"
"70,0000";"2,3335";"5,7745"
"70,0100";"2,3338";"5,7738"
"70,0200";"2,3342";"5,7763"
"70,0300";"2,3345";"5,7793"
"70,0400";"2,3348";"5,7811"
"70,0500";"2,3351";"5,7814"
"70,0600";"2,3354";"5,7815"
"70,0700";"2,3356";"5,7825"
"70,0800";"2,3360";"5,7826"
"70,0900";"2,3363";"5,7835"
"70,1000";"2,3367";"5,7839"
"70,1100";"2,3369";"5,7823"
"70,1200";"2,3373";"5,7809"
"70,1300";"2,3376";"5,7818"
"70,1400";"2,3380";"5,7861"
"70,1500";"2,3384";"5,7898"
"70,1600";"2,3388";"5,7903"
"70,1700";"2,3392";"5,7895"
"70,1800";"2,3395";"5,7901"
"70,1900";"2,3399";"5,7924"
"70,2000";"2,3401";"5,7950"
"70,2100";"2,3405";"5,7959"
"70,2200";"2,3407";"5,7937"
"70,2300";"2,3409";"5,7908"
"70,2400";"2,3413";"5,7880"
"70,2500";"2,3416";"5,7872"
"70,2600";"2,3419";"5,7903"
"70,2700";"2,3422";"5,7938"
"70,2800";"2,3425";"5,7960"
"70,2900";"2,3428";"5,7979"
"70,3000";"2,3432";"5,8006"
"70,3100";"2,3435";"5,8037"
"70,3200";"2,3439";"5,8034"
"70,3300";"2,3442";"5,8007"
"70,3400";"2,3446";"5,7984"
"70,3500";"2,3449";"5,7977"
"70,3600";"2,3452";"5,7986"
"70,3700";"2,3455";"5,7994"
"70,3800";"2,3458";"5,8012"
"70,3900";"2,3461";"5,8033"
"70,4000";"2,3465";"5,8039"
"70,4100";"2,3467";"5,8035"
"70,4200";"2,3471";"5,8034"
"70,4300";"2,3474";"5,8044"
"70,4400";"2,3478";"5,8048"
"70,4500";"2,3481";"5,8046"
"70,4600";"2,3486";"5,8064"
"70,4700";"2,3490";"5,8097"
"70,4800";"2,3493";"5,8103"
"70,4900";"2,3497";"5,8087"
"70,5000";"2,3500";"5,8078"
"70,5100";"2,3504";"5,8086"
"70,5200";"2,3506";"5,8109"
"70,5300";"2,3510";"5,8130"
"70,5400";"2,3512";"5,8140"
"70,5500";"2,3515";"5,8160"
"70,5600";"2,3518";"5,8187"
"70,5700";"2,3521";"5,8194"
"70,5800";"2,3525";"5,8172"
"70,5900";"2,3528";"5,8157"
"70,6000";"2,3532";"5,8153"
"70,6100";"2,3536";"5,8150"
"70,6200";"2,3539";"5,8165"
"70,6300";"2,3543";"5,8195"
"70,6400";"2,3546";"5,8218"
"70,6500";"2,3550";"5,8233"
"70,6600";"2,3553";"5,8233"
"70,6700";"2,3557";"5,8237"
"70,6800";"2,3560";"5,8249"
"70,6900";"2,3564";"5,8250"
"70,7000";"2,3567";"5,8243"
"70,7100";"2,3570";"5,8245"
"70,7200";"2,3572";"5,8274"
"70,7300";"2,3576";"5,8300"
"70,7400";"2,3579";"5,8311"
"70,7500";"2,3582";"5,8305"
"70,7600";"2,3585";"5,8303"
"70,7700";"2,3589";"5,8303"
"70,7800";"2,3591";"5,8283"
"70,7900";"2,3595";"5,8274"
"70,8000";"2,3598";"5,8288"
"70,8100";"2,3602";"5,8306"
"70,8200";"2,3605";"5,8316"
"70,8300";"2,3609";"5,8322"
"70,8400";"2,3612";"5,8344"
"70,8500";"2,3616";"5,8363"
"70,8600";"2,3619";"5,8365"
"70,8700";"2,3623";"5,8353"
"70,8800";"2,3625";"5,8361"
"70,8900";"2,3629";"5,8385"
"70,9000";"2,3631";"5,8409"
"70,9100";"2,3635";"5,8405"
"70,9200";"2,3637";"5,8400"
"70,9300";"2,3641";"5,8394"
"70,9400";"2,3644";"5,8390"
"70,9500";"2,3648";"5,8392"
"70,9600";"2,3651";"5,8406"
"70,9700";"2,3655";"5,8422"
"70,9800";"2,3658";"5,8445"
"70,9900";"2,3662";"5,8451"
"71,0000";"2,3665";"5,8469"
"71,0100";"2,3669";"5,8488"
"71,0200";"2,3672";"5,8483"
"71,0300";"2,3676";"5,8463"
"71,0400";"2,3680";"5,8460"
"71,0500";"2,3683";"5,8483"
"71,0600";"2,3687";"5,8509"
"71,0700";"2,3689";"5,8518"
"71,0800";"2,3693";"5,8523"
"71,0900";"2,3696";"5,8547"
"71,1000";"2,3698";"5,8570"
"71,1100";"2,3702";"5,8570"
"71,1200";"2,3706";"5,8556"
"71,1300";"2,3709";"5,8547"
"71,1400";"2,3714";"5,8530"
"71,1500";"2,3717";"5,8527"
"71,1600";"2,3721";"5,8544"
"71,1700";"2,3724";"5,8585"
"71,1800";"2,3728";"5,8618"
"71,1900";"2,3730";"5,8630"
"71,2000";"2,3734";"5,8634"
"71,2100";"2,3736";"5,8642"
"71,2200";"2,3740";"5,8651"
"71,2300";"2,3742";"5,8639"
"71,2400";"2,3746";"5,8613"
"71,2500";"2,3749";"5,8584"
"71,2600";"2,3753";"5,8584"
"71,2700";"2,3756";"5,8625"
"71,2800";"2,3760";"5,8669"
"71,2900";"2,3763";"5,8695"
"71,3000";"2,3767";"5,8705"
"71,3100";"2,3770";"5,8700"
"71,3200";"2,3774";"5,8678"
"71,3300";"2,3778";"5,8671"
"71,3400";"2,3781";"5,8693"
"71,3500";"2,3785";"5,8717"
"71,3600";"2,3788";"5,8735"
"71,3700";"2,3792";"5,8758"
"71,3800";"2,3795";"5,8785"
"71,3900";"2,3799";"5,8798"
"71,4000";"2,3801";"5,8772"
"71,4100";"2,3804";"5,8721"
"71,4200";"2,3807";"5,8714"
"71,4300";"2,3811";"5,8749"
"71,4400";"2,3814";"5,8798"
"71,4500";"2,3818";"5,8824"
"71,4600";"2,3820";"5,8836"
"71,4700";"2,3824";"5,8825"
"71,4800";"2,3827";"5,8812"
"71,4900";"2,3831";"5,8798"
"71,5000";"2,3834";"5,8780"
"71,5100";"2,3838";"5,8771"
"71,5200";"2,3840";"5,8775"
"71,5300";"2,3844";"5,8794"
"71,5400";"2,3847";"5,8833"
"71,5500";"2,3851";"5,8886"
"71,5600";"2,3853";"5,8904"
"71,5700";"2,3857";"5,8884"
"71,5800";"2,3859";"5,8868"
"71,5900";"2,3863";"5,8876"
"71,6000";"2,3865";"5,8884"
"71,6100";"2,3868";"5,8876"
"71,6200";"2,3872";"5,8869"
"71,6300";"2,3874";"5,8878"
"71,6400";"2,3879";"5,8904"
"71,6500";"2,3883";"5,8923"
"71,6600";"2,3886";"5,8933"
"71,6700";"2,3890";"5,8938"
"71,6800";"2,3893";"5,8941"
"71,6900";"2,3897";"5,8957"
"71,7000";"2,3900";"5,8974"
"71,7100";"2,3904";"5,8992"
"71,7200";"2,3906";"5,8987"
"71,7300";"2,3910";"5,8975"
"71,7400";"2,3912";"5,8977"
"71,7500";"2,3916";"5,9007"
"71,7600";"2,3919";"5,9029"
"71,7700";"2,3922";"5,9022"
"71,7800";"2,3925";"5,9010"
"71,7900";"2,3929";"5,8996"
"71,8000";"2,3932";"5,8992"
"71,8100";"2,3936";"5,9013"
"71,8200";"2,3939";"5,9036"
"71,8300";"2,3943";"5,9042"
"71,8400";"2,3946";"5,9042"
"71,8500";"2,3951";"5,9048"
"71,8600";"2,3953";"5,9052"
"71,8700";"2,3957";"5,9060"
"71,8800";"2,3961";"5,9084"
"71,8900";"2,3963";"5,9101"
"71,9000";"2,3966";"5,9107"
"71,9100";"2,3970";"5,9109"
"71,9200";"2,3974";"5,9141"
"71,9300";"2,3977";"5,9160"
"71,9400";"2,3981";"5,9156"
"71,9500";"2,3984";"5,9130"
"71,9600";"2,3988";"5,9120"
"71,9700";"2,3991";"5,9149"
"71,9800";"2,3995";"5,9200"
"71,9900";"2,3998";"5,9231"
"72,0000";"2,4002";"5,9220"
"72,0100";"2,4004";"5,9200"
"72,0200";"2,4008";"5,9187"
"72,0300";"2,4011";"5,9178"
"72,0400";"2,4015";"5,9189"
"72,0500";"2,4017";"5,9201"
"72,0600";"2,4021";"5,9216"
"72,0700";"2,4023";"5,9230"
"72,0800";"2,4025";"5,9248"
"72,0900";"2,4029";"5,9258"
"72,1000";"2,4033";"5,9268"
"72,1100";"2,4036";"5,9250"
"72,1200";"2,4038";"5,9224"
"72,1300";"2,4042";"5,9235"
"72,1400";"2,4046";"5,9256"
"72,1500";"2,4049";"5,9279"
"72,1600";"2,4053";"5,9302"
"72,1700";"2,4057";"5,9320"
"72,1800";"2,4061";"5,9329"
"72,1900";"2,4064";"5,9317"
"72,2000";"2,4068";"5,9290"
"72,2100";"2,4070";"5,9291"
"72,2200";"2,4074";"5,9332"
"72,2300";"2,4077";"5,9346"
"72,2400";"2,4080";"5,9348"
"72,2500";"2,4082";"5,9362"
"72,2600";"2,4086";"5,9391"
"72,2700";"2,4089";"5,9420"
"72,2800";"2,4092";"5,9421"
"72,2900";"2,4095";"5,9411"
"72,3000";"2,4099";"5,9393"
"72,3100";"2,4101";"5,9374"
"72,3200";"2,4105";"5,9372"
"72,3300";"2,4108";"5,9398"
"72,3400";"2,4112";"5,9424"
"72,3500";"2,4115";"5,9423"
"72,3600";"2,4119";"5,9420"
"72,3700";"2,4122";"5,9431"
"72,3800";"2,4126";"5,9445"
"72,3900";"2,4129";"5,9460"
"72,4000";"2,4132";"5,9461"
"72,4100";"2,4135";"5,9457"
"72,4200";"2,4138";"5,9467"
"72,4300";"2,4141";"5,9487"
"72,4400";"2,4145";"5,9490"
"72,4500";"2,4147";"5,9506"
"72,4600";"2,4151";"5,9541"
"72,4700";"2,4154";"5,9554"
"72,4800";"2,4158";"5,9535"
"72,4900";"2,4161";"5,9520"
"72,5000";"2,4165";"5,9533"
"72,5100";"2,4168";"5,9567"
"72,5200";"2,4172";"5,9582"
"72,5300";"2,4175";"5,9571"
"72,5400";"2,4179";"5,9560"
"72,5500";"2,4181";"5,9577"
"72,5600";"2,4185";"5,9601"
"72,5700";"2,4187";"5,9605"
"72,5800";"2,4191";"5,9589"
"72,5900";"2,4194";"5,9568"
"72,6000";"2,4198";"5,9562"
"72,6100";"2,4201";"5,9583"
"72,6200";"2,4205";"5,9626"
"72,6300";"2,4210";"5,9671"
"72,6400";"2,4213";"5,9677"
"72,6500";"2,4217";"5,9669"
"72,6600";"2,4220";"5,9669"
"72,6700";"2,4224";"5,9685"
"72,6800";"2,4227";"5,9694"
"72,6900";"2,4231";"5,9673"
"72,7000";"2,4233";"5,9662"
"72,7100";"2,4237";"5,9691"
"72,7200";"2,4240";"5,9746"
"72,7300";"2,4244";"5,9775"
"72,7400";"2,4246";"5,9772"
"72,7500";"2,4249";"5,9766"
"72,7600";"2,4252";"5,9756"
"72,7700";"2,4255";"5,9750"
"72,7800";"2,4258";"5,9734"
"72,7900";"2,4262";"5,9731"
"72,8000";"2,4265";"5,9749"
"72,8100";"2,4269";"5,9785"
"72,8200";"2,4271";"5,9784"
"72,8300";"2,4276";"5,9763"
"72,8400";"2,4279";"5,9786"
"72,8500";"2,4283";"5,9841"
"72,8600";"2,4286";"5,9840"
"72,8700";"2,4290";"5,9795"
"72,8800";"2,4293";"5,9780"
"72,8900";"2,4297";"5,9819"
"72,9000";"2,4299";"5,9869"
"72,9100";"2,4303";"5,9864"
"72,9200";"2,4305";"5,9841"
"72,9300";"2,4309";"5,9866"
"72,9400";"2,4311";"5,9910"
"72,9500";"2,4315";"5,9904"
"72,9600";"2,4318";"5,9851"
"72,9700";"2,4321";"5,9825"
"72,9800";"2,4324";"5,9869"
"72,9900";"2,4328";"5,9932"
"73,0000";"2,4331";"5,9958"
"73,0100";"2,4335";"5,9954"
"73,0200";"2,4338";"5,9955"
"73,0300";"2,4342";"5,9968"
"73,0400";"2,4345";"5,9968"
"73,0500";"2,4349";"5,9930"
"73,0600";"2,4352";"5,9889"
"73,0700";"2,4356";"5,9886"
"73,0800";"2,4358";"5,9934"
"73,0900";"2,4362";"5,9980"
"73,1000";"2,4365";"5,9994"
"73,1100";"2,4369";"5,9994"
"73,1200";"2,4373";"5,9998"
"73,1300";"2,4376";"5,9998"
"73,1400";"2,4380";"5,9999"
"73,1500";"2,4383";"5,9992"
"73,1600";"2,4387";"6,0002"
"73,1700";"2,4390";"6,0027"
"73,1800";"2,4394";"6,0066"
"73,1900";"2,4397";"6,0084"
"73,2000";"2,4401";"6,0085"
"73,2100";"2,4404";"6,0085"
"73,2200";"2,4408";"6,0078"
"73,2300";"2,4412";"6,0062"
"73,2400";"2,4414";"6,0059"
"73,2500";"2,4417";"6,0089"
"73,2600";"2,4421";"6,0121"
"73,2700";"2,4423";"6,0149"
"73,2800";"2,4427";"6,0164"
"73,2900";"2,4430";"6,0166"
"73,3000";"2,4434";"6,0158"
"73,3100";"2,4437";"6,0142"
"73,3200";"2,4441";"6,0134"
"73,3300";"2,4445";"6,0149"
"73,3400";"2,4448";"6,0155"
"73,3500";"2,4452";"6,0149"
"73,3600";"2,4455";"6,0155"
"73,3700";"2,4458";"6,0184"
"73,3800";"2,4461";"6,0213"
"73,3900";"2,4465";"6,0210"
"73,4000";"2,4467";"6,0186"
"73,4100";"2,4471";"6,0187"
"73,4200";"2,4473";"6,0223"
"73,4300";"2,4475";"6,0262"
"73,4400";"2,4479";"6,0267"
"73,4500";"2,4482";"6,0249"
"73,4600";"2,4486";"6,0235"
"73,4700";"2,4489";"6,0251"
"73,4800";"2,4493";"6,0264"
"73,4900";"2,4497";"6,0281"
"73,5000";"2,4500";"6,0292"
"73,5100";"2,4504";"6,0303"
"73,5200";"2,4507";"6,0307"
"73,5300";"2,4511";"6,0325"
"73,5400";"2,4514";"6,0350"
"73,5500";"2,4518";"6,0365"
"73,5600";"2,4521";"6,0368"
"73,5700";"2,4525";"6,0371"
"73,5800";"2,4527";"6,0388"
"73,5900";"2,4531";"6,0412"
"73,6000";"2,4533";"6,0413"
"73,6100";"2,4537";"6,0401"
"73,6200";"2,4540";"6,0393"
"73,6300";"2,4543";"6,0390"
"73,6400";"2,4546";"6,0387"
"73,6500";"2,4550";"6,0390"
"73,6600";"2,4553";"6,0409"
"73,6700";"2,4557";"6,0430"
"73,6800";"2,4560";"6,0431"
"73,6900";"2,4564";"6,0423"
"73,7000";"2,4567";"6,0429"
"73,7100";"2,4571";"6,0462"
"73,7200";"2,4574";"6,0482"
"73,7300";"2,4578";"6,0475"
"73,7400";"2,4580";"6,0469"
"73,7500";"2,4583";"6,0463"
"73,7600";"2,4585";"6,0455"
"73,7700";"2,4589";"6,0452"
"73,7800";"2,4592";"6,0459"
"73,7900";"2,4596";"6,0479"
"73,8000";"2,4599";"6,0514"
"73,8100";"2,4603";"6,0539"
"73,8200";"2,4606";"6,0548"
"73,8300";"2,4610";"6,0550"
"73,8400";"2,4612";"6,0545"
"73,8500";"2,4616";"6,0538"
"73,8600";"2,4619";"6,0540"
"73,8700";"2,4623";"6,0561"
"73,8800";"2,4626";"6,0587"
"73,8900";"2,4629";"6,0591"
"73,9000";"2,4632";"6,0602"
"73,9100";"2,4635";"6,0611"
"73,9200";"2,4638";"6,0610"
"73,9300";"2,4642";"6,0595"
"73,9400";"2,4645";"6,0577"
"73,9500";"2,4649";"6,0580"
"73,9600";"2,4652";"6,0600"
"73,9700";"2,4655";"6,0624"
"73,9800";"2,4659";"6,0635"
"73,9900";"2,4663";"6,0654"
"74,0000";"2,4667";"6,0676"
"74,0100";"2,4670";"6,0694"
"74,0200";"2,4674";"6,0680"
"74,0300";"2,4677";"6,0659"
"74,0400";"2,4680";"6,0650"
"74,0500";"2,4683";"6,0659"
"74,0600";"2,4687";"6,0678"
"74,0700";"2,4690";"6,0699"
"74,0800";"2,4694";"6,0714"
"74,0900";"2,4696";"6,0723"
"74,1000";"2,4698";"6,0730"
"74,1100";"2,4702";"6,0746"
"74,1200";"2,4705";"6,0769"
"74,1300";"2,4708";"6,0778"
"74,1400";"2,4711";"6,0765"
"74,1500";"2,4715";"6,0759"
"74,1600";"2,4718";"6,0776"
"74,1700";"2,4722";"6,0790"
"74,1800";"2,4724";"6,0792"
"74,1900";"2,4728";"6,0798"
"74,2000";"2,4731";"6,0801"
"74,2100";"2,4735";"6,0804"
"74,2200";"2,4739";"6,0799"
"74,2300";"2,4742";"6,0795"
"74,2400";"2,4746";"6,0813"
"74,2500";"2,4748";"6,0849"
"74,2600";"2,4752";"6,0874"
"74,2700";"2,4754";"6,0875"
"74,2800";"2,4757";"6,0875"
"74,2900";"2,4760";"6,0876"
"74,3000";"2,4763";"6,0872"
"74,3100";"2,4767";"6,0854"
"74,3200";"2,4770";"6,0832"
"74,3300";"2,4774";"6,0839"
"74,3400";"2,4777";"6,0862"
"74,3500";"2,4781";"6,0892"
"74,3600";"2,4785";"6,0915"
"74,3700";"2,4789";"6,0936"
"74,3800";"2,4793";"6,0944"
"74,3900";"2,4796";"6,0946"
"74,4000";"2,4800";"6,0941"
"74,4100";"2,4803";"6,0943"
"74,4200";"2,4807";"6,0938"
"74,4300";"2,4809";"6,0929"
"74,4400";"2,4813";"6,0927"
"74,4500";"2,4816";"6,0961"
"74,4600";"2,4819";"6,0992"
"74,4700";"2,4822";"6,0999"
"74,4800";"2,4826";"6,1006"
"74,4900";"2,4828";"6,1028"
"74,5000";"2,4832";"6,1052"
"74,5100";"2,4835";"6,1059"
"74,5200";"2,4839";"6,1056"
"74,5300";"2,4842";"6,1053"
"74,5400";"2,4846";"6,1056"
"74,5500";"2,4850";"6,1078"
"74,5600";"2,4853";"6,1096"
"74,5700";"2,4855";"6,1105"
"74,5800";"2,4859";"6,1112"
"74,5900";"2,4861";"6,1095"
"74,6000";"2,4865";"6,1064"
"74,6100";"2,4868";"6,1056"
"74,6200";"2,4872";"6,1082"
"74,6300";"2,4875";"6,1112"
"74,6400";"2,4879";"6,1139"
"74,6500";"2,4883";"6,1174"
"74,6600";"2,4886";"6,1198"
"74,6700";"2,4890";"6,1202"
"74,6800";"2,4893";"6,1186"
"74,6900";"2,4897";"6,1170"
"74,7000";"2,4900";"6,1157"
"74,7100";"2,4904";"6,1152"
"74,7200";"2,4907";"6,1162"
"74,7300";"2,4910";"6,1192"
"74,7400";"2,4913";"6,1238"
"74,7500";"2,4917";"6,1265"
"74,7600";"2,4919";"6,1264"
"74,7700";"2,4923";"6,1257"
"74,7800";"2,4925";"6,1247"
"74,7900";"2,4929";"6,1237"
"74,8000";"2,4932";"6,1218"
"74,8100";"2,4936";"6,1209"
"74,8200";"2,4938";"6,1221"
"74,8300";"2,4942";"6,1250"
"74,8400";"2,4945";"6,1280"
"74,8500";"2,4949";"6,1301"
"74,8600";"2,4952";"6,1306"
"74,8700";"2,4956";"6,1298"
"74,8800";"2,4959";"6,1296"
"74,8900";"2,4963";"6,1293"
"74,9000";"2,4966";"6,1311"
"74,9100";"2,4970";"6,1338"
"74,9200";"2,4973";"6,1360"
"74,9300";"2,4976";"6,1364"
"74,9400";"2,4979";"6,1370"
"74,9500";"2,4983";"6,1387"
"74,9600";"2,4985";"6,1391"
"74,9700";"2,4989";"6,1378"
"74,9800";"2,4992";"6,1355"
"74,9900";"2,4996";"6,1343"
"75,0000";"2,4998";"6,1372"
"75,0100";"2,5003";"6,1412"
"75,0200";"2,5005";"6,1452"
"75,0300";"2,5010";"6,1480"
"75,0400";"2,5014";"6,1485"
"75,0500";"2,5017";"6,1468"
"75,0600";"2,5021";"6,1432"
"75,0700";"2,5024";"6,1407"
"75,0800";"2,5028";"6,1425"
"75,0900";"2,5030";"6,1465"
"75,1000";"2,5034";"6,1491"
"75,1100";"2,5036";"6,1515"
"75,1200";"2,5040";"6,1532"
"75,1300";"2,5043";"6,1533"
"75,1400";"2,5047";"6,1529"
"75,1500";"2,5049";"6,1528"
"75,1600";"2,5053";"6,1518"
"75,1700";"2,5056";"6,1511"
"75,1800";"2,5061";"6,1531"
"75,1900";"2,5064";"6,1563"
"75,2000";"2,5068";"6,1570"
"75,2100";"2,5071";"6,1560"
"75,2200";"2,5075";"6,1550"
"75,2300";"2,5079";"6,1550"
"75,2400";"2,5081";"6,1556"
"75,2500";"2,5084";"6,1565"
"75,2600";"2,5088";"6,1550"
"75,2700";"2,5090";"6,1546"
"75,2800";"2,5094";"6,1564"
"75,2900";"2,5097";"6,1594"
"75,3000";"2,5101";"6,1617"
"75,3100";"2,5105";"6,1623"
"75,3200";"2,5108";"6,1631"
"75,3300";"2,5112";"6,1642"
"75,3400";"2,5114";"6,1641"
"75,3500";"2,5119";"6,1633"
"75,3600";"2,5121";"6,1643"
"75,3700";"2,5125";"6,1662"
"75,3800";"2,5128";"6,1682"
"75,3900";"2,5132";"6,1696"
"75,4000";"2,5134";"6,1705"
"75,4100";"2,5138";"6,1707"
"75,4200";"2,5141";"6,1704"
"75,4300";"2,5143";"6,1692"
"75,4400";"2,5147";"6,1699"
"75,4500";"2,5149";"6,1728"
"75,4600";"2,5152";"6,1756"
"75,4700";"2,5155";"6,1768"
"75,4800";"2,5159";"6,1769"
"75,4900";"2,5162";"6,1783"
"75,5000";"2,5166";"6,1792"
"75,5100";"2,5169";"6,1782"
"75,5200";"2,5172";"6,1777"
"75,5300";"2,5175";"6,1791"
"75,5400";"2,5179";"6,1803"
"75,5500";"2,5182";"6,1809"
"75,5600";"2,5186";"6,1814"
"75,5700";"2,5190";"6,1827"
"75,5800";"2,5193";"6,1843"
"75,5900";"2,5197";"6,1854"
"75,6000";"2,5199";"6,1861"
"75,6100";"2,5202";"6,1864"
"75,6200";"2,5205";"6,1866"
"75,6300";"2,5208";"6,1868"
"75,6400";"2,5211";"6,1871"
"75,6500";"2,5214";"6,1874"
"75,6600";"2,5218";"6,1859"
"75,6700";"2,5221";"6,1856"
"75,6800";"2,5225";"6,1862"
"75,6900";"2,5228";"6,1882"
"75,7000";"2,5232";"6,1912"
"75,7100";"2,5236";"6,1930"
"75,7200";"2,5240";"6,1935"
"75,7300";"2,5244";"6,1933"
"75,7400";"2,5247";"6,1943"
"75,7500";"2,5251";"6,1953"
"75,7600";"2,5253";"6,1950"
"75,7700";"2,5257";"6,1956"
"75,7800";"2,5259";"6,1972"
"75,7900";"2,5263";"6,2003"
"75,8000";"2,5266";"6,2009"
"75,8100";"2,5270";"6,1991"
"75,8200";"2,5272";"6,1976"
"75,8300";"2,5276";"6,1975"
"75,8400";"2,5279";"6,1981"
"75,8500";"2,5283";"6,1994"
"75,8600";"2,5286";"6,2009"
"75,8700";"2,5290";"6,2036"
"75,8800";"2,5293";"6,2058"
"75,8900";"2,5298";"6,2077"
"75,9000";"2,5302";"6,2093"
"75,9100";"2,5305";"6,2093"
"75,9200";"2,5308";"6,2066"
"75,9300";"2,5310";"6,2056"
"75,9400";"2,5313";"6,2073"
"75,9500";"2,5317";"6,2101"
"75,9600";"2,5319";"6,2119"
"75,9700";"2,5323";"6,2120"
"75,9800";"2,5326";"6,2122"
"75,9900";"2,5330";"6,2137"
"76,0000";"2,5334";"6,2145"
"76,0100";"2,5337";"6,2145"
"76,0200";"2,5341";"6,2127"
"76,0300";"2,5344";"6,2110"
"76,0400";"2,5348";"6,2120"
"76,0500";"2,5350";"6,2154"
"76,0600";"2,5354";"6,2194"
"76,0700";"2,5357";"6,2229"
"76,0800";"2,5361";"6,2229"
"76,0900";"2,5364";"6,2213"
"76,1000";"2,5368";"6,2192"
"76,1100";"2,5370";"6,2191"
"76,1200";"2,5372";"6,2211"
"76,1300";"2,5376";"6,2220"
"76,1400";"2,5378";"6,2219"
"76,1500";"2,5382";"6,2241"
"76,1600";"2,5385";"6,2269"
"76,1700";"2,5389";"6,2276"
"76,1800";"2,5391";"6,2271"
"76,1900";"2,5395";"6,2272"
"76,2000";"2,5398";"6,2283"
"76,2100";"2,5402";"6,2283"
"76,2200";"2,5406";"6,2277"
"76,2300";"2,5409";"6,2295"
"76,2400";"2,5413";"6,2341"
"76,2500";"2,5415";"6,2374"
"76,2600";"2,5419";"6,2377"
"76,2700";"2,5422";"6,2364"
"76,2800";"2,5424";"6,2351"
"76,2900";"2,5428";"6,2347"
"76,3000";"2,5430";"6,2351"
"76,3100";"2,5434";"6,2352"
"76,3200";"2,5436";"6,2351"
"76,3300";"2,5440";"6,2367"
"76,3400";"2,5443";"6,2399"
"76,3500";"2,5447";"6,2432"
"76,3600";"2,5452";"6,2423"
"76,3700";"2,5455";"6,2391"
"76,3800";"2,5459";"6,2376"
"76,3900";"2,5462";"6,2387"
"76,4000";"2,5466";"6,2416"
"76,4100";"2,5469";"6,2433"
"76,4200";"2,5473";"6,2441"
"76,4300";"2,5476";"6,2463"
"76,4400";"2,5480";"6,2489"
"76,4500";"2,5482";"6,2495"
"76,4600";"2,5486";"6,2484"
"76,4700";"2,5488";"6,2476"
"76,4800";"2,5492";"6,2481"
"76,4900";"2,5494";"6,2500"
"76,5000";"2,5498";"6,2507"
"76,5100";"2,5501";"6,2506"
"76,5200";"2,5504";"6,2511"
"76,5300";"2,5508";"6,2529"
"76,5400";"2,5511";"6,2541"
"76,5500";"2,5515";"6,2546"
"76,5600";"2,5519";"6,2548"
"76,5700";"2,5522";"6,2556"
"76,5800";"2,5526";"6,2565"
"76,5900";"2,5528";"6,2580"
"76,6000";"2,5532";"6,2600"
"76,6100";"2,5534";"6,2614"
"76,6200";"2,5538";"6,2610"
"76,6300";"2,5541";"6,2595"
"76,6400";"2,5545";"6,2600"
"76,6500";"2,5548";"6,2631"
"76,6600";"2,5551";"6,2645"
"76,6700";"2,5554";"6,2635"
"76,6800";"2,5558";"6,2628"
"76,6900";"2,5561";"6,2643"
"76,7000";"2,5565";"6,2671"
"76,7100";"2,5568";"6,2684"
"76,7200";"2,5572";"6,2677"
"76,7300";"2,5576";"6,2686"
"76,7400";"2,5579";"6,2712"
"76,7500";"2,5583";"6,2732"
"76,7600";"2,5586";"6,2726"
"76,7700";"2,5590";"6,2710"
"76,7800";"2,5593";"6,2731"
"76,7900";"2,5597";"6,2740"
"76,8000";"2,5599";"6,2727"
"76,8100";"2,5602";"6,2709"
"76,8200";"2,5605";"6,2721"
"76,8300";"2,5609";"6,2736"
"76,8400";"2,5612";"6,2740"
"76,8500";"2,5616";"6,2731"
"76,8600";"2,5619";"6,2731"
"76,8700";"2,5623";"6,2751"
"76,8800";"2,5626";"6,2783"
"76,8900";"2,5630";"6,2819"
"76,9000";"2,5633";"6,2833"
"76,9100";"2,5637";"6,2822"
"76,9200";"2,5640";"6,2813"
"76,9300";"2,5644";"6,2822"
"76,9400";"2,5648";"6,2847"
"76,9500";"2,5650";"6,2856"
"76,9600";"2,5652";"6,2857"
"76,9700";"2,5656";"6,2869"
"76,9800";"2,5658";"6,2901"
"76,9900";"2,5662";"6,2926"
"77,0000";"2,5665";"6,2912"
"77,0100";"2,5669";"6,2884"
"77,0200";"2,5672";"6,2879"
"77,0300";"2,5676";"6,2891"
"77,0400";"2,5679";"6,2906"
"77,0500";"2,5683";"6,2919"
"77,0600";"2,5687";"6,2942"
"77,0700";"2,5690";"6,2970"
"77,0800";"2,5694";"6,2977"
"77,0900";"2,5697";"6,2950"
"77,1000";"2,5701";"6,2919"
"77,1100";"2,5704";"6,2914"
"77,1200";"2,5708";"6,2943"
"77,1300";"2,5711";"6,2968"
"77,1400";"2,5714";"6,2989"
"77,1500";"2,5717";"6,3002"
"77,1600";"2,5721";"6,3015"
"77,1700";"2,5723";"6,3018"
"77,1800";"2,5727";"6,3019"
"77,1900";"2,5730";"6,3022"
"77,2000";"2,5734";"6,3024"
"77,2100";"2,5737";"6,3030"
"77,2200";"2,5741";"6,3046"
"77,2300";"2,5744";"6,3072"
"77,2400";"2,5749";"6,3093"
"77,2500";"2,5753";"6,3085"
"77,2600";"2,5755";"6,3064"
"77,2700";"2,5757";"6,3059"
"77,2800";"2,5761";"6,3069"
"77,2900";"2,5763";"6,3067"
"77,3000";"2,5767";"6,3085"
"77,3100";"2,5769";"6,3114"
"77,3200";"2,5773";"6,3144"
"77,3300";"2,5776";"6,3158"
"77,3400";"2,5780";"6,3151"
"77,3500";"2,5783";"6,3142"
"77,3600";"2,5787";"6,3142"
"77,3700";"2,5790";"6,3146"
"77,3800";"2,5794";"6,3164"
"77,3900";"2,5797";"6,3185"
"77,4000";"2,5801";"6,3196"
"77,4100";"2,5805";"6,3182"
"77,4200";"2,5807";"6,3160"
"77,4300";"2,5810";"6,3173"
"77,4400";"2,5814";"6,3213"
"77,4500";"2,5818";"6,3236"
"77,4600";"2,5820";"6,3230"
"77,4700";"2,5823";"6,3234"
"77,4800";"2,5826";"6,3279"
"77,4900";"2,5829";"6,3323"
"77,5000";"2,5832";"6,3316"
"77,5100";"2,5836";"6,3287"
"77,5200";"2,5839";"6,3273"
"77,5300";"2,5842";"6,3267"
"77,5400";"2,5846";"6,3252"
"77,5500";"2,5849";"6,3232"
"77,5600";"2,5853";"6,3233"
"77,5700";"2,5857";"6,3269"
"77,5800";"2,5860";"6,3313"
"77,5900";"2,5864";"6,3338"
"77,6000";"2,5867";"6,3360"
"77,6100";"2,5871";"6,3396"
"77,6200";"2,5874";"6,3423"
"77,6300";"2,5877";"6,3429"
"77,6400";"2,5879";"6,3407"
"77,6500";"2,5882";"6,3383"
"77,6600";"2,5886";"6,3368"
"77,6700";"2,5888";"6,3374"
"77,6800";"2,5892";"6,3378"
"77,6900";"2,5895";"6,3373"
"77,7000";"2,5899";"6,3365"
"77,7100";"2,5901";"6,3374"
"77,7200";"2,5906";"6,3393"
"77,7300";"2,5910";"6,3422"
"77,7400";"2,5913";"6,3427"
"77,7500";"2,5917";"6,3422"
"77,7600";"2,5920";"6,3441"
"77,7700";"2,5924";"6,3475"
"77,7800";"2,5927";"6,3506"
"77,7900";"2,5931";"6,3527"
"77,8000";"2,5933";"6,3532"
"77,8100";"2,5937";"6,3525"
"77,8200";"2,5940";"6,3518"
"77,8300";"2,5943";"6,3506"
"77,8400";"2,5946";"6,3498"
"77,8500";"2,5950";"6,3500"
"77,8600";"2,5953";"6,3497"
"77,8700";"2,5957";"6,3499"
"77,8800";"2,5960";"6,3511"
"77,8900";"2,5964";"6,3539"
"77,9000";"2,5967";"6,3576"
"77,9100";"2,5971";"6,3593"
"77,9200";"2,5975";"6,3599"
"77,9300";"2,5978";"6,3601"
"77,9400";"2,5982";"6,3605"
"77,9500";"2,5984";"6,3599"
"77,9600";"2,5988";"6,3588"
"77,9700";"2,5990";"6,3570"
"77,9800";"2,5993";"6,3573"
"77,9900";"2,5997";"6,3575"
"78,0000";"2,5999";"6,3584"
"78,0100";"2,6003";"6,3620"
"78,0200";"2,6006";"6,3662"
"78,0300";"2,6010";"6,3696"
"78,0400";"2,6014";"6,3710"
"78,0500";"2,6017";"6,3696"
"78,0600";"2,6021";"6,3697"
"78,0700";"2,6024";"6,3692"
"78,0800";"2,6028";"6,3694"
"78,0900";"2,6031";"6,3688"
"78,1000";"2,6034";"6,3681"
"78,1100";"2,6037";"6,3684"
"78,1200";"2,6041";"6,3697"
"78,1300";"2,6044";"6,3729"
"78,1400";"2,6048";"6,3760"
"78,1500";"2,6050";"6,3767"
"78,1600";"2,6052";"6,3761"
"78,1700";"2,6056";"6,3767"
"78,1800";"2,6058";"6,3788"
"78,1900";"2,6062";"6,3788"
"78,2000";"2,6065";"6,3765"
"78,2100";"2,6069";"6,3750"
"78,2200";"2,6073";"6,3774"
"78,2300";"2,6076";"6,3805"
"78,2400";"2,6078";"6,3805"
"78,2500";"2,6082";"6,3789"
"78,2600";"2,6086";"6,3786"
"78,2700";"2,6090";"6,3818"
"78,2800";"2,6094";"6,3851"
"78,2900";"2,6096";"6,3862"
"78,3000";"2,6100";"6,3856"
"78,3100";"2,6102";"6,3853"
"78,3200";"2,6104";"6,3859"
"78,3300";"2,6108";"6,3873"
"78,3400";"2,6110";"6,3887"
"78,3500";"2,6114";"6,3892"
"78,3600";"2,6117";"6,3900"
"78,3700";"2,6121";"6,3897"
"78,3800";"2,6123";"6,3896"
"78,3900";"2,6128";"6,3894"
"78,4000";"2,6130";"6,3887"
"78,4100";"2,6135";"6,3897"
"78,4200";"2,6139";"6,3915"
"78,4300";"2,6142";"6,3949"
"78,4400";"2,6146";"6,3976"
"78,4500";"2,6149";"6,4003"
"78,4600";"2,6153";"6,4012"
"78,4700";"2,6156";"6,4014"
"78,4800";"2,6160";"6,4005"
"78,4900";"2,6162";"6,3989"
"78,5000";"2,6165";"6,3984"
"78,5100";"2,6168";"6,3974"
"78,5200";"2,6172";"6,3983"
"78,5300";"2,6174";"6,3987"
"78,5400";"2,6178";"6,3993"
"78,5500";"2,6181";"6,4015"
"78,5600";"2,6185";"6,4063"
"78,5700";"2,6188";"6,4119"
"78,5800";"2,6193";"6,4134"
"78,5900";"2,6197";"6,4111"
"78,6000";"2,6200";"6,4087"
"78,6100";"2,6204";"6,4081"
"78,6200";"2,6207";"6,4088"
"78,6300";"2,6211";"6,4105"
"78,6400";"2,6214";"6,4110"
"78,6500";"2,6217";"6,4110"
"78,6600";"2,6220";"6,4113"
"78,6700";"2,6222";"6,4122"
"78,6800";"2,6226";"6,4125"
"78,6900";"2,6230";"6,4125"
"78,7000";"2,6233";"6,4131"
"78,7100";"2,6237";"6,4150"
"78,7200";"2,6240";"6,4176"
"78,7300";"2,6244";"6,4202"
"78,7400";"2,6247";"6,4205"
"78,7500";"2,6251";"6,4203"
"78,7600";"2,6254";"6,4194"
"78,7700";"2,6258";"6,4188"
"78,7800";"2,6261";"6,4187"
"78,7900";"2,6265";"6,4217"
"78,8000";"2,6267";"6,4260"
"78,8100";"2,6271";"6,4292"
"78,8200";"2,6273";"6,4285"
"78,8300";"2,6277";"6,4264"
"78,8400";"2,6279";"6,4248"
"78,8500";"2,6283";"6,4259"
"78,8600";"2,6285";"6,4262"
"78,8700";"2,6289";"6,4268"
"78,8800";"2,6292";"6,4278"
"78,8900";"2,6296";"6,4303"
"78,9000";"2,6299";"6,4320"
"78,9100";"2,6303";"6,4307"
"78,9200";"2,6306";"6,4304"
"78,9300";"2,6310";"6,4310"
"78,9400";"2,6313";"6,4320"
"78,9500";"2,6317";"6,4331"
"78,9600";"2,6320";"6,4329"
"78,9700";"2,6324";"6,4342"
"78,9800";"2,6326";"6,4372"
"78,9900";"2,6330";"6,4405"
"79,0000";"2,6332";"6,4415"
"79,0100";"2,6336";"6,4435"
"79,0200";"2,6339";"6,4437"
"79,0300";"2,6342";"6,4427"
"79,0400";"2,6345";"6,4408"
"79,0500";"2,6349";"6,4403"
"79,0600";"2,6352";"6,4416"
"79,0700";"2,6356";"6,4431"
"79,0800";"2,6359";"6,4445"
"79,0900";"2,6363";"6,4458"
"79,1000";"2,6367";"6,4475"
"79,1100";"2,6370";"6,4488"
"79,1200";"2,6374";"6,4486"
"79,1300";"2,6377";"6,4486"
"79,1400";"2,6381";"6,4505"
"79,1500";"2,6383";"6,4518"
"79,1600";"2,6387";"6,4531"
"79,1700";"2,6390";"6,4536"
"79,1800";"2,6394";"6,4543"
"79,1900";"2,6396";"6,4543"
"79,2000";"2,6400";"6,4537"
"79,2100";"2,6403";"6,4529"
"79,2200";"2,6407";"6,4527"
"79,2300";"2,6410";"6,4543"
"79,2400";"2,6414";"6,4561"
"79,2500";"2,6417";"6,4583"
"79,2600";"2,6421";"6,4606"
"79,2700";"2,6424";"6,4614"
"79,2800";"2,6428";"6,4593"
"79,2900";"2,6431";"6,4573"
"79,3000";"2,6434";"6,4590"
"79,3100";"2,6437";"6,4627"
"79,3200";"2,6440";"6,4654"
"79,3300";"2,6443";"6,4658"
"79,3400";"2,6446";"6,4650"
"79,3500";"2,6449";"6,4656"
"79,3600";"2,6453";"6,4656"
"79,3700";"2,6456";"6,4647"
"79,3800";"2,6460";"6,4642"
"79,3900";"2,6463";"6,4652"
"79,4000";"2,6467";"6,4682"
"79,4100";"2,6472";"6,4709"
"79,4200";"2,6474";"6,4726"
"79,4300";"2,6477";"6,4737"
"79,4400";"2,6481";"6,4721"
"79,4500";"2,6485";"6,4717"
"79,4600";"2,6488";"6,4725"
"79,4700";"2,6490";"6,4731"
"79,4800";"2,6494";"6,4734"
"79,4900";"2,6496";"6,4732"
"79,5000";"2,6500";"6,4741"
"79,5100";"2,6502";"6,4762"
"79,5200";"2,6505";"6,4787"
"79,5300";"2,6508";"6,4799"
"79,5400";"2,6512";"6,4812"
"79,5500";"2,6515";"6,4812"
"79,5600";"2,6519";"6,4811"
"79,5700";"2,6522";"6,4792"
"79,5800";"2,6526";"6,4766"
"79,5900";"2,6528";"6,4784"
"79,6000";"2,6532";"6,4826"
"79,6100";"2,6535";"6,4855"
"79,6200";"2,6539";"6,4864"
"79,6300";"2,6542";"6,4873"
"79,6400";"2,6546";"6,4898"
"79,6500";"2,6550";"6,4917"
"79,6600";"2,6552";"6,4908"
"79,6700";"2,6554";"6,4880"
"79,6800";"2,6558";"6,4877"
"79,6900";"2,6561";"6,4893"
"79,7000";"2,6564";"6,4910"
"79,7100";"2,6567";"6,4918"
"79,7200";"2,6571";"6,4920"
"79,7300";"2,6574";"6,4914"
"79,7400";"2,6578";"6,4913"
"79,7500";"2,6581";"6,4930"
"79,7600";"2,6585";"6,4944"
"79,7700";"2,6588";"6,4944"
"79,7800";"2,6592";"6,4952"
"79,7900";"2,6596";"6,4985"
"79,8000";"2,6599";"6,5016"
"79,8100";"2,6603";"6,5030"
"79,8200";"2,6606";"6,5031"
"79,8300";"2,6609";"6,5036"
"79,8400";"2,6612";"6,5030"
"79,8500";"2,6614";"6,5022"
"79,8600";"2,6618";"6,5018"
"79,8700";"2,6622";"6,5010"
"79,8800";"2,6625";"6,5016"
"79,8900";"2,6627";"6,5046"
"79,9000";"2,6631";"6,5070"
"79,9100";"2,6635";"6,5073"
"79,9200";"2,6638";"6,5066"
"79,9300";"2,6642";"6,5066"
"79,9400";"2,6646";"6,5079"
"79,9500";"2,6650";"6,5087"
"79,9600";"2,6653";"6,5101"
"79,9700";"2,6657";"6,5120"
"79,9800";"2,6660";"6,5126"
"79,9900";"2,6664";"6,5144"
"80,0000";"2,6668";"6,5155"
"80,0100";"2,6670";"6,5151"
"80,0200";"2,6673";"6,5134"
"80,0300";"2,6676";"6,5110"
"80,0400";"2,6679";"6,5114"
"80,0500";"2,6683";"6,5151"
"80,0600";"2,6686";"6,5175"
"80,0700";"2,6690";"6,5187"
"80,0800";"2,6694";"6,5200"
"80,0900";"2,6697";"6,5224"
"80,1000";"2,6701";"6,5233"
"80,1100";"2,6704";"6,5221"
"80,1200";"2,6708";"6,5201"
"80,1300";"2,6710";"6,5209"
"80,1400";"2,6714";"6,5232"
"80,1500";"2,6717";"6,5252"
"80,1600";"2,6721";"6,5258"
"80,1700";"2,6723";"6,5272"
"80,1800";"2,6727";"6,5296"
"80,1900";"2,6729";"6,5307"
"80,2000";"2,6732";"6,5301"
"80,2100";"2,6735";"6,5295"
"80,2200";"2,6738";"6,5299"
"80,2300";"2,6742";"6,5311"
"80,2400";"2,6745";"6,5318"
"80,2500";"2,6749";"6,5316"
"80,2600";"2,6751";"6,5324"
"80,2700";"2,6755";"6,5338"
"80,2800";"2,6758";"6,5348"
"80,2900";"2,6762";"6,5359"
"80,3000";"2,6766";"6,5365"
"80,3100";"2,6769";"6,5360"
"80,3200";"2,6771";"6,5347"
"80,3300";"2,6775";"6,5345"
"80,3400";"2,6779";"6,5344"
"80,3500";"2,6781";"6,5347"
"80,3600";"2,6784";"6,5368"
"80,3700";"2,6787";"6,5395"
"80,3800";"2,6790";"6,5420"
"80,3900";"2,6794";"6,5438"
"80,4000";"2,6797";"6,5445"
"80,4100";"2,6801";"6,5437"
"80,4200";"2,6805";"6,5445"
"80,4300";"2,6808";"6,5458"
"80,4400";"2,6813";"6,5451"
"80,4500";"2,6816";"6,5436"
"80,4600";"2,6820";"6,5446"
"80,4700";"2,6823";"6,5470"
"80,4800";"2,6827";"6,5489"
"80,4900";"2,6830";"6,5505"
"80,5000";"2,6834";"6,5520"
"80,5100";"2,6836";"6,5539"
"80,5200";"2,6840";"6,5545"
"80,5300";"2,6843";"6,5538"
"80,5400";"2,6847";"6,5540"
"80,5500";"2,6849";"6,5558"
"80,5600";"2,6853";"6,5570"
"80,5700";"2,6856";"6,5574"
"80,5800";"2,6861";"6,5588"
"80,5900";"2,6864";"6,5611"
"80,6000";"2,6868";"6,5631"
"80,6100";"2,6872";"6,5641"
"80,6200";"2,6874";"6,5625"
"80,6300";"2,6878";"6,5610"
"80,6400";"2,6881";"6,5614"
"80,6500";"2,6885";"6,5626"
"80,6600";"2,6887";"6,5632"
"80,6700";"2,6891";"6,5645"
"80,6800";"2,6893";"6,5667"
"80,6900";"2,6897";"6,5683"
"80,7000";"2,6899";"6,5686"
"80,7100";"2,6902";"6,5687"
"80,7200";"2,6906";"6,5690"
"80,7300";"2,6910";"6,5689"
"80,7400";"2,6913";"6,5692"
"80,7500";"2,6917";"6,5712"
"80,7600";"2,6920";"6,5723"
"80,7700";"2,6924";"6,5715"
"80,7800";"2,6927";"6,5711"
"80,7900";"2,6931";"6,5728"
"80,8000";"2,6934";"6,5757"
"80,8100";"2,6938";"6,5771"
"80,8200";"2,6941";"6,5756"
"80,8300";"2,6944";"6,5755"
"80,8400";"2,6947";"6,5792"
"80,8500";"2,6950";"6,5822"
"80,8600";"2,6953";"6,5836"
"80,8700";"2,6956";"6,5827"
"80,8800";"2,6959";"6,5810"
"80,8900";"2,6963";"6,5796"
"80,9000";"2,6966";"6,5790"
"80,9100";"2,6970";"6,5803"
"80,9200";"2,6972";"6,5843"
"80,9300";"2,6976";"6,5873"
"80,9400";"2,6979";"6,5882"
"80,9500";"2,6983";"6,5878"
"80,9600";"2,6986";"6,5873"
"80,9700";"2,6990";"6,5869"
"80,9800";"2,6993";"6,5864"
"80,9900";"2,6997";"6,5871"
"81,0000";"2,7000";"6,5886"
"81,0100";"2,7003";"6,5891"
"81,0200";"2,7006";"6,5918"
"81,0300";"2,7010";"6,5961"
"81,0400";"2,7013";"6,5993"
"81,0500";"2,7016";"6,5986"
"81,0600";"2,7019";"6,5958"
"81,0700";"2,7023";"6,5934"
"81,0800";"2,7026";"6,5953"
"81,0900";"2,7029";"6,5993"
"81,1000";"2,7032";"6,5996"
"81,1100";"2,7036";"6,5983"
"81,1200";"2,7039";"6,5986"
"81,1300";"2,7043";"6,6008"
"81,1400";"2,7047";"6,6028"
"81,1500";"2,7051";"6,6028"
"81,1600";"2,7055";"6,6025"
"81,1700";"2,7057";"6,6033"
"81,1800";"2,7061";"6,6055"
"81,1900";"2,7064";"6,6070"
"81,2000";"2,7067";"6,6069"
"81,2100";"2,7070";"6,6071"
"81,2200";"2,7074";"6,6063"
"81,2300";"2,7076";"6,6049"
"81,2400";"2,7080";"6,6057"
"81,2500";"2,7083";"6,6087"
"81,2600";"2,7087";"6,6105"
"81,2700";"2,7090";"6,6103"
"81,2800";"2,7094";"6,6100"
"81,2900";"2,7097";"6,6103"
"81,3000";"2,7102";"6,6128"
"81,3100";"2,7104";"6,6152"
"81,3200";"2,7108";"6,6157"
"81,3300";"2,7111";"6,6158"
"81,3400";"2,7114";"6,6154"
"81,3500";"2,7117";"6,6156"
"81,3600";"2,7120";"6,6151"
"81,3700";"2,7123";"6,6164"
"81,3800";"2,7127";"6,6188"
"81,3900";"2,7130";"6,6205"
"81,4000";"2,7133";"6,6204"
"81,4100";"2,7137";"6,6202"
"81,4200";"2,7140";"6,6213"
"81,4300";"2,7145";"6,6248"
"81,4400";"2,7148";"6,6285"
"81,4500";"2,7152";"6,6288"
"81,4600";"2,7155";"6,6264"
"81,4700";"2,7159";"6,6238"
"81,4800";"2,7162";"6,6244"
"81,4900";"2,7165";"6,6261"
"81,5000";"2,7168";"6,6287"
"81,5100";"2,7172";"6,6309"
"81,5200";"2,7175";"6,6313"
"81,5300";"2,7178";"6,6318"
"81,5400";"2,7180";"6,6318"
"81,5500";"2,7182";"6,6316"
"81,5600";"2,7186";"6,6310"
"81,5700";"2,7189";"6,6301"
"81,5800";"2,7193";"6,6306"
"81,5900";"2,7196";"6,6321"
"81,6000";"2,7200";"6,6337"
"81,6100";"2,7202";"6,6358"
"81,6200";"2,7206";"6,6378"
"81,6300";"2,7209";"6,6386"
"81,6400";"2,7213";"6,6358"
"81,6500";"2,7217";"6,6330"
"81,6600";"2,7220";"6,6342"
"81,6700";"2,7224";"6,6394"
"81,6800";"2,7226";"6,6442"
"81,6900";"2,7230";"6,6443"
"81,7000";"2,7232";"6,6433"
"81,7100";"2,7235";"6,6443"
"81,7200";"2,7238";"6,6455"
"81,7300";"2,7241";"6,6453"
"81,7400";"2,7245";"6,6435"
"81,7500";"2,7248";"6,6441"
"81,7600";"2,7252";"6,6463"
"81,7700";"2,7255";"6,6482"
"81,7800";"2,7259";"6,6503"
"81,7900";"2,7263";"6,6513"
"81,8000";"2,7266";"6,6504"
"81,8100";"2,7270";"6,6475"
"81,8200";"2,7273";"6,6467"
"81,8300";"2,7276";"6,6489"
"81,8400";"2,7279";"6,6516"
"81,8500";"2,7281";"6,6527"
"81,8600";"2,7285";"6,6532"
"81,8700";"2,7289";"6,6555"
"81,8800";"2,7291";"6,6580"
"81,8900";"2,7294";"6,6588"
"81,9000";"2,7298";"6,6582"
"81,9100";"2,7302";"6,6573"
"81,9200";"2,7305";"6,6565"
"81,9300";"2,7309";"6,6559"
"81,9400";"2,7312";"6,6583"
"81,9500";"2,7317";"6,6623"
"81,9600";"2,7320";"6,6664"
"81,9700";"2,7324";"6,6673"
"81,9800";"2,7327";"6,6650"
"81,9900";"2,7331";"6,6644"
"82,0000";"2,7335";"6,6658"
"82,0100";"2,7337";"6,6660"
"82,0200";"2,7339";"6,6653"
"82,0300";"2,7343";"6,6647"
"82,0400";"2,7346";"6,6650"
"82,0500";"2,7349";"6,6680"
"82,0600";"2,7352";"6,6713"
"82,0700";"2,7355";"6,6719"
"82,0800";"2,7358";"6,6700"
"82,0900";"2,7362";"6,6690"
"82,1000";"2,7365";"6,6689"
"82,1100";"2,7369";"6,6699"
"82,1200";"2,7372";"6,6725"
"82,1300";"2,7376";"6,6738"
"82,1400";"2,7379";"6,6749"
"82,1500";"2,7383";"6,6765"
"82,1600";"2,7387";"6,6793"
"82,1700";"2,7390";"6,6808"
"82,1800";"2,7394";"6,6804"
"82,1900";"2,7396";"6,6796"
"82,2000";"2,7400";"6,6802"
"82,2100";"2,7402";"6,6818"
"82,2200";"2,7404";"6,6826"
"82,2300";"2,7408";"6,6814"
"82,2400";"2,7411";"6,6817"
"82,2500";"2,7415";"6,6831"
"82,2600";"2,7417";"6,6851"
"82,2700";"2,7422";"6,6873"
"82,2800";"2,7425";"6,6875"
"82,2900";"2,7428";"6,6874"
"82,3000";"2,7433";"6,6882"
"82,3100";"2,7436";"6,6888"
"82,3200";"2,7440";"6,6898"
"82,3300";"2,7442";"6,6910"
"82,3400";"2,7446";"6,6922"
"82,3500";"2,7449";"6,6930"
"82,3600";"2,7451";"6,6925"
"82,3700";"2,7455";"6,6928"
"82,3800";"2,7459";"6,6933"
"82,3900";"2,7461";"6,6942"
"82,4000";"2,7464";"6,6951"
"82,4100";"2,7468";"6,6955"
"82,4200";"2,7472";"6,6973"
"82,4300";"2,7475";"6,6997"
"82,4400";"2,7479";"6,7007"
"82,4500";"2,7482";"6,7006"
"82,4600";"2,7485";"6,7012"
"82,4700";"2,7488";"6,7016"
"82,4800";"2,7493";"6,7019"
"82,4900";"2,7495";"6,7021"
"82,5000";"2,7499";"6,7043"
"82,5100";"2,7503";"6,7059"
"82,5200";"2,7507";"6,7053"
"82,5300";"2,7509";"6,7057"
"82,5400";"2,7513";"6,7076"
"82,5500";"2,7516";"6,7089"
"82,5600";"2,7519";"6,7078"
"82,5700";"2,7522";"6,7061"
"82,5800";"2,7526";"6,7057"
"82,5900";"2,7528";"6,7065"
"82,6000";"2,7532";"6,7077"
"82,6100";"2,7535";"6,7091"
"82,6200";"2,7539";"6,7112"
"82,6300";"2,7542";"6,7134"
"82,6400";"2,7546";"6,7149"
"82,6500";"2,7551";"6,7165"
"82,6600";"2,7554";"6,7181"
"82,6700";"2,7557";"6,7180"
"82,6800";"2,7560";"6,7171"
"82,6900";"2,7562";"6,7180"
"82,7000";"2,7566";"6,7201"
"82,7100";"2,7570";"6,7208"
"82,7200";"2,7573";"6,7202"
"82,7300";"2,7577";"6,7195"
"82,7400";"2,7580";"6,7205"
"82,7500";"2,7584";"6,7231"
"82,7600";"2,7587";"6,7237"
"82,7700";"2,7591";"6,7236"
"82,7800";"2,7594";"6,7252"
"82,7900";"2,7598";"6,7271"
"82,8000";"2,7601";"6,7290"
"82,8100";"2,7605";"6,7295"
"82,8200";"2,7608";"6,7303"
"82,8300";"2,7612";"6,7305"
"82,8400";"2,7616";"6,7302"
"82,8500";"2,7618";"6,7308"
"82,8600";"2,7621";"6,7324"
"82,8700";"2,7624";"6,7346"
"82,8800";"2,7626";"6,7354"
"82,8900";"2,7630";"6,7343"
"82,9000";"2,7632";"6,7334"
"82,9100";"2,7636";"6,7339"
"82,9200";"2,7639";"6,7343"
"82,9300";"2,7643";"6,7329"
"82,9400";"2,7645";"6,7325"
"82,9500";"2,7649";"6,7349"
"82,9600";"2,7652";"6,7388"
"82,9700";"2,7656";"6,7405"
"82,9800";"2,7659";"6,7421"
"82,9900";"2,7663";"6,7426"
"83,0000";"2,7666";"6,7446"
"83,0100";"2,7670";"6,7455"
"83,0200";"2,7672";"6,7439"
"83,0300";"2,7676";"6,7429"
"83,0400";"2,7678";"6,7436"
"83,0500";"2,7682";"6,7445"
"83,0600";"2,7685";"6,7443"
"83,0700";"2,7689";"6,7458"
"83,0800";"2,7692";"6,7488"
"83,0900";"2,7695";"6,7499"
"83,1000";"2,7698";"6,7486"
"83,1100";"2,7702";"6,7478"
"83,1200";"2,7705";"6,7480"
"83,1300";"2,7709";"6,7494"
"83,1400";"2,7712";"6,7492"
"83,1500";"2,7716";"6,7482"
"83,1600";"2,7719";"6,7481"
"83,1700";"2,7723";"6,7493"
"83,1800";"2,7727";"6,7510"
"83,1900";"2,7730";"6,7535"
"83,2000";"2,7732";"6,7562"
"83,2100";"2,7736";"6,7583"
"83,2200";"2,7740";"6,7601"
"83,2300";"2,7742";"6,7599"
"83,2400";"2,7747";"6,7590"
"83,2500";"2,7749";"6,7584"
"83,2600";"2,7754";"6,7586"
"83,2700";"2,7757";"6,7609"
"83,2800";"2,7761";"6,7629"
"83,2900";"2,7764";"6,7648"
"83,3000";"2,7768";"6,7653"
"83,3100";"2,7771";"6,7647"
"83,3200";"2,7775";"6,7643"
"83,3300";"2,7778";"6,7653"
"83,3400";"2,7782";"6,7657"
"83,3500";"2,7784";"6,7652"
"83,3600";"2,7787";"6,7656"
"83,3700";"2,7790";"6,7664"
"83,3800";"2,7793";"6,7686"
"83,3900";"2,7796";"6,7708"
"83,4000";"2,7800";"6,7723"
"83,4100";"2,7803";"6,7731"
"83,4200";"2,7807";"6,7731"
"83,4300";"2,7809";"6,7728"
"83,4400";"2,7813";"6,7737"
"83,4500";"2,7816";"6,7768"
"83,4600";"2,7820";"6,7791"
"83,4700";"2,7823";"6,7778"
"83,4800";"2,7827";"6,7770"
"83,4900";"2,7830";"6,7795"
"83,5000";"2,7834";"6,7819"
"83,5100";"2,7837";"6,7817"
"83,5200";"2,7841";"6,7799"
"83,5300";"2,7845";"6,7798"
"83,5400";"2,7848";"6,7812"
"83,5500";"2,7850";"6,7834"
"83,5600";"2,7853";"6,7857"
"83,5700";"2,7856";"6,7866"
"83,5800";"2,7859";"6,7866"
"83,5900";"2,7862";"6,7860"
"83,6000";"2,7865";"6,7853"
"83,6100";"2,7868";"6,7872"
"83,6200";"2,7872";"6,7886"
"83,6300";"2,7875";"6,7888"
"83,6400";"2,7878";"6,7889"
"83,6500";"2,7881";"6,7895"
"83,6600";"2,7885";"6,7917"
"83,6700";"2,7888";"6,7930"
"83,6800";"2,7892";"6,7921"
"83,6900";"2,7895";"6,7903"
"83,7000";"2,7899";"6,7902"
"83,7100";"2,7901";"6,7912"
"83,7200";"2,7905";"6,7924"
"83,7300";"2,7907";"6,7941"
"83,7400";"2,7911";"6,7959"
"83,7500";"2,7914";"6,7966"
"83,7600";"2,7918";"6,7969"
"83,7700";"2,7920";"6,7974"
"83,7800";"2,7924";"6,7991"
"83,7900";"2,7927";"6,8008"
"83,8000";"2,7931";"6,8005"
"83,8100";"2,7935";"6,7994"
"83,8200";"2,7939";"6,8014"
"83,8300";"2,7943";"6,8041"
"83,8400";"2,7946";"6,8059"
"83,8500";"2,7950";"6,8060"
"83,8600";"2,7953";"6,8050"
"83,8700";"2,7956";"6,8042"
"83,8800";"2,7959";"6,8040"
"83,8900";"2,7961";"6,8037"
"83,9000";"2,7965";"6,8053"
"83,9100";"2,7969";"6,8076"
"83,9200";"2,7971";"6,8098"
"83,9300";"2,7974";"6,8110"
"83,9400";"2,7979";"6,8122"
"83,9500";"2,7983";"6,8132"
"83,9600";"2,7986";"6,8120"
"83,9700";"2,7990";"6,8102"
"83,9800";"2,7993";"6,8099"
"83,9900";"2,7997";"6,8128"
"84,0000";"2,8000";"6,8157"
"84,0100";"2,8004";"6,8173"
"84,0200";"2,8006";"6,8170"
"84,0300";"2,8009";"6,8181"
"84,0400";"2,8012";"6,8186"
"84,0500";"2,8015";"6,8186"
"84,0600";"2,8018";"6,8177"
"84,0700";"2,8022";"6,8184"
"84,0800";"2,8025";"6,8211"
"84,0900";"2,8028";"6,8225"
"84,1000";"2,8031";"6,8226"
"84,1100";"2,8036";"6,8214"
"84,1200";"2,8038";"6,8209"
"84,1300";"2,8042";"6,8213"
"84,1400";"2,8045";"6,8217"
"84,1500";"2,8050";"6,8252"
"84,1600";"2,8054";"6,8286"
"84,1700";"2,8057";"6,8295"
"84,1800";"2,8061";"6,8307"
"84,1900";"2,8064";"6,8324"
"84,2000";"2,8068";"6,8323"
"84,2100";"2,8070";"6,8287"
"84,2200";"2,8074";"6,8250"
"84,2300";"2,8076";"6,8248"
"84,2400";"2,8080";"6,8287"
"84,2500";"2,8082";"6,8326"
"84,2600";"2,8085";"6,8344"
"84,2700";"2,8089";"6,8345"
"84,2800";"2,8091";"6,8332"
"84,2900";"2,8095";"6,8329"
"84,3000";"2,8098";"6,8333"
"84,3100";"2,8102";"6,8352"
"84,3200";"2,8105";"6,8365"
"84,3300";"2,8109";"6,8377"
"84,3400";"2,8113";"6,8385"
"84,3500";"2,8115";"6,8398"
"84,3600";"2,8118";"6,8425"
"84,3700";"2,8122";"6,8442"
"84,3800";"2,8126";"6,8449"
"84,3900";"2,8128";"6,8455"
"84,4000";"2,8131";"6,8450"
"84,4100";"2,8135";"6,8450"
"84,4200";"2,8137";"6,8467"
"84,4300";"2,8141";"6,8469"
"84,4400";"2,8144";"6,8470"
"84,4500";"2,8148";"6,8465"
"84,4600";"2,8152";"6,8452"
"84,4700";"2,8155";"6,8464"
"84,4800";"2,8159";"6,8499"
"84,4900";"2,8162";"6,8524"
"84,5000";"2,8166";"6,8541"
"84,5100";"2,8169";"6,8535"
"84,5200";"2,8173";"6,8525"
"84,5300";"2,8176";"6,8539"
"84,5400";"2,8180";"6,8558"
"84,5500";"2,8182";"6,8575"
"84,5600";"2,8186";"6,8576"
"84,5700";"2,8189";"6,8567"
"84,5800";"2,8193";"6,8579"
"84,5900";"2,8196";"6,8610"
"84,6000";"2,8200";"6,8623"
"84,6100";"2,8203";"6,8603"
"84,6200";"2,8207";"6,8582"
"84,6300";"2,8211";"6,8585"
"84,6400";"2,8215";"6,8622"
"84,6500";"2,8219";"6,8652"
"84,6600";"2,8222";"6,8653"
"84,6700";"2,8226";"6,8647"
"84,6800";"2,8228";"6,8658"
"84,6900";"2,8232";"6,8695"
"84,7000";"2,8234";"6,8713"
"84,7100";"2,8238";"6,8710"
"84,7200";"2,8240";"6,8699"
"84,7300";"2,8244";"6,8703"
"84,7400";"2,8247";"6,8699"
"84,7500";"2,8251";"6,8678"
"84,7600";"2,8254";"6,8654"
"84,7700";"2,8258";"6,8660"
"84,7800";"2,8261";"6,8701"
"84,7900";"2,8265";"6,8737"
"84,8000";"2,8268";"6,8739"
"84,8100";"2,8272";"6,8734"
"84,8200";"2,8274";"6,8738"
"84,8300";"2,8278";"6,8753"
"84,8400";"2,8281";"6,8755"
"84,8500";"2,8285";"6,8756"
"84,8600";"2,8287";"6,8765"
"84,8700";"2,8291";"6,8792"
"84,8800";"2,8293";"6,8815"
"84,8900";"2,8296";"6,8825"
"84,9000";"2,8299";"6,8837"
"84,9100";"2,8303";"6,8841"
"84,9200";"2,8306";"6,8833"
"84,9300";"2,8310";"6,8819"
"84,9400";"2,8312";"6,8811"
"84,9500";"2,8316";"6,8830"
"84,9600";"2,8319";"6,8854"
"84,9700";"2,8323";"6,8877"
"84,9800";"2,8326";"6,8892"
"84,9900";"2,8330";"6,8875"
"85,0000";"2,8333";"6,8854"
"85,0100";"2,8337";"6,8864"
"85,0200";"2,8340";"6,8909"
"85,0300";"2,8344";"6,8937"
"85,0400";"2,8347";"6,8928"
"85,0500";"2,8350";"6,8916"
"85,0600";"2,8353";"6,8945"
"85,0700";"2,8356";"6,8980"
"85,0800";"2,8359";"6,8986"
"85,0900";"2,8362";"6,8947"
"85,1000";"2,8365";"6,8923"
"85,1100";"2,8369";"6,8946"
"85,1200";"2,8371";"6,8990"
"85,1300";"2,8375";"6,9017"
"85,1400";"2,8378";"6,9004"
"85,1500";"2,8382";"6,8991"
"85,1600";"2,8385";"6,8984"
"85,1700";"2,8389";"6,8993"
"85,1800";"2,8392";"6,9003"
"85,1900";"2,8396";"6,9015"
"85,2000";"2,8399";"6,9014"
"85,2100";"2,8403";"6,9006"
"85,2200";"2,8405";"6,9012"
"85,2300";"2,8408";"6,9046"
"85,2400";"2,8411";"6,9086"
"85,2500";"2,8415";"6,9104"
"85,2600";"2,8418";"6,9084"
"85,2700";"2,8422";"6,9058"
"85,2800";"2,8425";"6,9055"
"85,2900";"2,8429";"6,9062"
"85,3000";"2,8432";"6,9092"
"85,3100";"2,8436";"6,9128"
"85,3200";"2,8440";"6,9148"
"85,3300";"2,8443";"6,9152"
"85,3400";"2,8447";"6,9150"
"85,3500";"2,8450";"6,9151"
"85,3600";"2,8453";"6,9160"
"85,3700";"2,8456";"6,9160"
"85,3800";"2,8458";"6,9144"
"85,3900";"2,8462";"6,9146"
"85,4000";"2,8466";"6,9182"
"85,4100";"2,8469";"6,9226"
"85,4200";"2,8473";"6,9233"
"85,4300";"2,8475";"6,9209"
"85,4400";"2,8480";"6,9188"
"85,4500";"2,8483";"6,9182"
"85,4600";"2,8487";"6,9204"
"85,4700";"2,8490";"6,9241"
"85,4800";"2,8494";"6,9266"
"85,4900";"2,8497";"6,9281"
"85,5000";"2,8501";"6,9297"
"85,5100";"2,8505";"6,9304"
"85,5200";"2,8508";"6,9302"
"85,5300";"2,8512";"6,9295"
"85,5400";"2,8514";"6,9271"
"85,5500";"2,8517";"6,9257"
"85,5600";"2,8521";"6,9264"
"85,5700";"2,8523";"6,9292"
"85,5800";"2,8527";"6,9309"
"85,5900";"2,8529";"6,9315"
"85,6000";"2,8533";"6,9311"
"85,6100";"2,8536";"6,9301"
"85,6200";"2,8540";"6,9304"
"85,6300";"2,8542";"6,9310"
"85,6400";"2,8546";"6,9338"
"85,6500";"2,8549";"6,9386"
"85,6600";"2,8553";"6,9421"
"85,6700";"2,8556";"6,9418"
"85,6800";"2,8560";"6,9389"
"85,6900";"2,8564";"6,9386"
"85,7000";"2,8567";"6,9406"
"85,7100";"2,8571";"6,9425"
"85,7200";"2,8574";"6,9437"
"85,7300";"2,8578";"6,9439"
"85,7400";"2,8580";"6,9437"
"85,7500";"2,8582";"6,9438"
"85,7600";"2,8586";"6,9446"
"85,7700";"2,8588";"6,9462"
"85,7800";"2,8592";"6,9461"
"85,7900";"2,8594";"6,9460"
"85,8000";"2,8598";"6,9462"
"85,8100";"2,8601";"6,9486"
"85,8200";"2,8605";"6,9503"
"85,8300";"2,8608";"6,9510"
"85,8400";"2,8612";"6,9504"
"85,8500";"2,8615";"6,9495"
"85,8600";"2,8619";"6,9515"
"85,8700";"2,8623";"6,9534"
"85,8800";"2,8626";"6,9531"
"85,8900";"2,8628";"6,9528"
"85,9000";"2,8632";"6,9531"
"85,9100";"2,8634";"6,9539"
"85,9200";"2,8638";"6,9557"
"85,9300";"2,8641";"6,9572"
"85,9400";"2,8645";"6,9585"
"85,9500";"2,8649";"6,9590"
"85,9600";"2,8651";"6,9575"
"85,9700";"2,8656";"6,9570"
"85,9800";"2,8659";"6,9576"
"85,9900";"2,8663";"6,9595"
"86,0000";"2,8665";"6,9604"
"86,0100";"2,8670";"6,9608"
"86,0200";"2,8672";"6,9627"
"86,0300";"2,8676";"6,9661"
"86,0400";"2,8679";"6,9679"
"86,0500";"2,8682";"6,9670"
"86,0600";"2,8685";"6,9664"
"86,0700";"2,8687";"6,9678"
"86,0800";"2,8691";"6,9683"
"86,0900";"2,8695";"6,9674"
"86,1000";"2,8698";"6,9671"
"86,1100";"2,8702";"6,9668"
"86,1200";"2,8705";"6,9674"
"86,1300";"2,8709";"6,9693"
"86,1400";"2,8712";"6,9732"
"86,1500";"2,8716";"6,9756"
"86,1600";"2,8719";"6,9761"
"86,1700";"2,8723";"6,9745"
"86,1800";"2,8726";"6,9744"
"86,1900";"2,8730";"6,9759"
"86,2000";"2,8734";"6,9772"
"86,2100";"2,8737";"6,9772"
"86,2200";"2,8739";"6,9776"
"86,2300";"2,8743";"6,9789"
"86,2400";"2,8745";"6,9799"
"86,2500";"2,8749";"6,9801"
"86,2600";"2,8752";"6,9814"
"86,2700";"2,8755";"6,9834"
"86,2800";"2,8758";"6,9847"
"86,2900";"2,8762";"6,9842"
"86,3000";"2,8765";"6,9837"
"86,3100";"2,8769";"6,9841"
"86,3200";"2,8772";"6,9857"
"86,3300";"2,8776";"6,9862"
"86,3400";"2,8780";"6,9859"
"86,3500";"2,8783";"6,9864"
"86,3600";"2,8787";"6,9884"
"86,3700";"2,8790";"6,9894"
"86,3800";"2,8794";"6,9891"
"86,3900";"2,8796";"6,9888"
"86,4000";"2,8800";"6,9903"
"86,4100";"2,8802";"6,9925"
"86,4200";"2,8806";"6,9929"
"86,4300";"2,8809";"6,9931"
"86,4400";"2,8811";"6,9921"
"86,4500";"2,8815";"6,9913"
"86,4600";"2,8819";"6,9916"
"86,4700";"2,8822";"6,9931"
"86,4800";"2,8826";"6,9946"
"86,4900";"2,8829";"6,9947"
"86,5000";"2,8833";"6,9942"
"86,5100";"2,8835";"6,9970"
"86,5200";"2,8839";"7,0004"
"86,5300";"2,8842";"7,0022"
"86,5400";"2,8846";"7,0025"
"86,5500";"2,8849";"7,0018"
"86,5600";"2,8853";"7,0020"
"86,5700";"2,8856";"7,0030"
"86,5800";"2,8859";"7,0041"
"86,5900";"2,8862";"7,0055"
"86,6000";"2,8866";"7,0072"
"86,6100";"2,8868";"7,0091"
"86,6200";"2,8872";"7,0091"
"86,6300";"2,8875";"7,0087"
"86,6400";"2,8879";"7,0098"
"86,6500";"2,8882";"7,0110"
"86,6600";"2,8886";"7,0105"
"86,6700";"2,8889";"7,0103"
"86,6800";"2,8893";"7,0114"
"86,6900";"2,8896";"7,0130"
"86,7000";"2,8900";"7,0148"
"86,7100";"2,8902";"7,0146"
"86,7200";"2,8906";"7,0149"
"86,7300";"2,8908";"7,0157"
"86,7400";"2,8912";"7,0163"
"86,7500";"2,8915";"7,0162"
"86,7600";"2,8919";"7,0166"
"86,7700";"2,8922";"7,0171"
"86,7800";"2,8926";"7,0177"
"86,7900";"2,8930";"7,0189"
"86,8000";"2,8933";"7,0221"
"86,8100";"2,8937";"7,0242"
"86,8200";"2,8940";"7,0226"
"86,8300";"2,8944";"7,0199"
"86,8400";"2,8947";"7,0198"
"86,8500";"2,8951";"7,0235"
"86,8600";"2,8954";"7,0260"
"86,8700";"2,8958";"7,0268"
"86,8800";"2,8961";"7,0281"
"86,8900";"2,8965";"7,0307"
"86,9000";"2,8967";"7,0333"
"86,9100";"2,8970";"7,0333"
"86,9200";"2,8973";"7,0300"
"86,9300";"2,8977";"7,0277"
"86,9400";"2,8979";"7,0289"
"86,9500";"2,8983";"7,0315"
"86,9600";"2,8986";"7,0330"
"86,9700";"2,8990";"7,0346"
"86,9800";"2,8992";"7,0357"
"86,9900";"2,8996";"7,0354"
"87,0000";"2,8999";"7,0352"
"87,0100";"2,9003";"7,0366"
"87,0200";"2,9006";"7,0364"
"87,0300";"2,9010";"7,0357"
"87,0400";"2,9013";"7,0357"
"87,0500";"2,9017";"7,0379"
"87,0600";"2,9020";"7,0405"
"87,0700";"2,9024";"7,0419"
"87,0800";"2,9026";"7,0413"
"87,0900";"2,9029";"7,0397"
"87,1000";"2,9032";"7,0401"
"87,1100";"2,9035";"7,0415"
"87,1200";"2,9038";"7,0430"
"87,1300";"2,9042";"7,0453"
"87,1400";"2,9045";"7,0477"
"87,1500";"2,9049";"7,0485"
"87,1600";"2,9052";"7,0473"
"87,1700";"2,9055";"7,0459"
"87,1800";"2,9058";"7,0458"
"87,1900";"2,9062";"7,0455"
"87,2000";"2,9065";"7,0441"
"87,2100";"2,9069";"7,0446"
"87,2200";"2,9072";"7,0482"
"87,2300";"2,9076";"7,0528"
"87,2400";"2,9078";"7,0550"
"87,2500";"2,9081";"7,0545"
"87,2600";"2,9084";"7,0534"
"87,2700";"2,9088";"7,0542"
"87,2800";"2,9091";"7,0552"
"87,2900";"2,9095";"7,0547"
"87,3000";"2,9098";"7,0541"
"87,3100";"2,9102";"7,0547"
"87,3200";"2,9105";"7,0557"
"87,3300";"2,9109";"7,0573"
"87,3400";"2,9112";"7,0583"
"87,3500";"2,9116";"7,0598"
"87,3600";"2,9120";"7,0610"
"87,3700";"2,9123";"7,0622"
"87,3800";"2,9127";"7,0621"
"87,3900";"2,9130";"7,0615"
"87,4000";"2,9133";"7,0616"
"87,4100";"2,9136";"7,0631"
"87,4200";"2,9138";"7,0661"
"87,4300";"2,9142";"7,0687"
"87,4400";"2,9146";"7,0686"
"87,4500";"2,9149";"7,0672"
"87,4600";"2,9153";"7,0662"
"87,4700";"2,9155";"7,0669"
"87,4800";"2,9160";"7,0692"
"87,4900";"2,9163";"7,0706"
"87,5000";"2,9167";"7,0707"
"87,5100";"2,9170";"7,0723"
"87,5200";"2,9174";"7,0751"
"87,5300";"2,9176";"7,0757"
"87,5400";"2,9180";"7,0751"
"87,5500";"2,9183";"7,0732"
"87,5600";"2,9187";"7,0728"
"87,5700";"2,9190";"7,0734"
"87,5800";"2,9193";"7,0754"
"87,5900";"2,9196";"7,0771"
"87,6000";"2,9200";"7,0798"
"87,6100";"2,9203";"7,0828"
"87,6200";"2,9207";"7,0835"
"87,6300";"2,9210";"7,0836"
"87,6400";"2,9214";"7,0851"
"87,6500";"2,9218";"7,0857"
"87,6600";"2,9221";"7,0840"
"87,6700";"2,9223";"7,0827"
"87,6800";"2,9227";"7,0831"
"87,6900";"2,9231";"7,0856"
"87,7000";"2,9234";"7,0884"
"87,7100";"2,9236";"7,0890"
"87,7200";"2,9240";"7,0882"
"87,7300";"2,9244";"7,0858"
"87,7400";"2,9246";"7,0853"
"87,7500";"2,9249";"7,0871"
"87,7600";"2,9252";"7,0898"
"87,7700";"2,9255";"7,0909"
"87,7800";"2,9258";"7,0908"
"87,7900";"2,9261";"7,0915"
"87,8000";"2,9264";"7,0925"
"87,8100";"2,9267";"7,0943"
"87,8200";"2,9271";"7,0950"
"87,8300";"2,9274";"7,0950"
"87,8400";"2,9278";"7,0955"
"87,8500";"2,9281";"7,0959"
"87,8600";"2,9286";"7,0962"
"87,8700";"2,9290";"7,0975"
"87,8800";"2,9293";"7,0987"
"87,8900";"2,9297";"7,1005"
"87,9000";"2,9299";"7,1010"
"87,9100";"2,9303";"7,1008"
"87,9200";"2,9305";"7,1015"
"87,9300";"2,9308";"7,1043"
"87,9400";"2,9312";"7,1073"
"87,9500";"2,9314";"7,1067"
"87,9600";"2,9318";"7,1056"
"87,9700";"2,9321";"7,1056"
"87,9800";"2,9325";"7,1064"
"87,9900";"2,9329";"7,1058"
"88,0000";"2,9332";"7,1047"
"88,0100";"2,9336";"7,1054"
"88,0200";"2,9339";"7,1077"
"88,0300";"2,9343";"7,1095"
"88,0400";"2,9346";"7,1104"
"88,0500";"2,9350";"7,1113"
"88,0600";"2,9352";"7,1116"
"88,0700";"2,9356";"7,1122"
"88,0800";"2,9359";"7,1132"
"88,0900";"2,9363";"7,1134"
"88,1000";"2,9366";"7,1141"
"88,1100";"2,9370";"7,1162"
"88,1200";"2,9373";"7,1175"
"88,1300";"2,9377";"7,1193"
"88,1400";"2,9380";"7,1205"
"88,1500";"2,9384";"7,1193"
"88,1600";"2,9388";"7,1176"
"88,1700";"2,9392";"7,1180"
"88,1800";"2,9396";"7,1212"
"88,1900";"2,9399";"7,1236"
"88,2000";"2,9403";"7,1243"
"88,2100";"2,9406";"7,1251"
"88,2200";"2,9409";"7,1273"
"88,2300";"2,9412";"7,1296"
"88,2400";"2,9415";"7,1300"
"88,2500";"2,9417";"7,1286"
"88,2600";"2,9421";"7,1271"
"88,2700";"2,9423";"7,1273"
"88,2800";"2,9425";"7,1279"
"88,2900";"2,9429";"7,1294"
"88,3000";"2,9432";"7,1312"
"88,3100";"2,9436";"7,1321"
"88,3200";"2,9440";"7,1316"
"88,3300";"2,9443";"7,1317"
"88,3400";"2,9447";"7,1321"
"88,3500";"2,9450";"7,1329"
"88,3600";"2,9452";"7,1339"
"88,3700";"2,9457";"7,1348"
"88,3800";"2,9460";"7,1362"
"88,3900";"2,9463";"7,1379"
"88,4000";"2,9467";"7,1386"
"88,4100";"2,9470";"7,1388"
"88,4200";"2,9474";"7,1386"
"88,4300";"2,9476";"7,1377"
"88,4400";"2,9480";"7,1379"
"88,4500";"2,9482";"7,1383"
"88,4600";"2,9486";"7,1389"
"88,4700";"2,9488";"7,1407"
"88,4800";"2,9491";"7,1419"
"88,4900";"2,9495";"7,1425"
"88,5000";"2,9499";"7,1437"
"88,5100";"2,9502";"7,1449"
"88,5200";"2,9506";"7,1449"
"88,5300";"2,9509";"7,1444"
"88,5400";"2,9513";"7,1438"
"88,5500";"2,9516";"7,1461"
"88,5600";"2,9520";"7,1497"
"88,5700";"2,9523";"7,1522"
"88,5800";"2,9527";"7,1529"
"88,5900";"2,9530";"7,1531"
"88,6000";"2,9534";"7,1528"
"88,6100";"2,9536";"7,1523"
"88,6200";"2,9540";"7,1517"
"88,6300";"2,9543";"7,1531"
"88,6400";"2,9547";"7,1530"
"88,6500";"2,9549";"7,1523"
"88,6600";"2,9553";"7,1533"
"88,6700";"2,9556";"7,1567"
"88,6800";"2,9560";"7,1600"
"88,6900";"2,9563";"7,1597"
"88,7000";"2,9567";"7,1580"
"88,7100";"2,9571";"7,1569"
"88,7200";"2,9574";"7,1591"
"88,7300";"2,9576";"7,1620"
"88,7400";"2,9580";"7,1626"
"88,7500";"2,9584";"7,1633"
"88,7600";"2,9586";"7,1648"
"88,7700";"2,9589";"7,1660"
"88,7800";"2,9592";"7,1658"
"88,7900";"2,9595";"7,1651"
"88,8000";"2,9599";"7,1643"
"88,8100";"2,9602";"7,1650"
"88,8200";"2,9606";"7,1658"
"88,8300";"2,9610";"7,1669"
"88,8400";"2,9613";"7,1688"
"88,8500";"2,9617";"7,1715"
"88,8600";"2,9620";"7,1730"
"88,8700";"2,9624";"7,1725"
"88,8800";"2,9627";"7,1718"
"88,8900";"2,9631";"7,1710"
"88,9000";"2,9634";"7,1704"
"88,9100";"2,9638";"7,1720"
"88,9200";"2,9641";"7,1740"
"88,9300";"2,9645";"7,1759"
"88,9400";"2,9647";"7,1771"
"88,9500";"2,9651";"7,1778"
"88,9600";"2,9654";"7,1790"
"88,9700";"2,9658";"7,1797"
"88,9800";"2,9660";"7,1807"
"88,9900";"2,9664";"7,1804"
"89,0000";"2,9667";"7,1811"
"89,0100";"2,9671";"7,1824"
"89,0200";"2,9674";"7,1833"
"89,0300";"2,9678";"7,1836"
"89,0400";"2,9682";"7,1849"
"89,0500";"2,9684";"7,1852"
"89,0600";"2,9687";"7,1852"
"89,0700";"2,9691";"7,1847"
"89,0800";"2,9695";"7,1842"
"89,0900";"2,9697";"7,1864"
"89,1000";"2,9699";"7,1879"
"89,1100";"2,9703";"7,1883"
"89,1200";"2,9706";"7,1892"
"89,1300";"2,9709";"7,1913"
"89,1400";"2,9712";"7,1924"
"89,1500";"2,9715";"7,1904"
"89,1600";"2,9718";"7,1883"
"89,1700";"2,9722";"7,1881"
"89,1800";"2,9725";"7,1897"
"89,1900";"2,9729";"7,1915"
"89,2000";"2,9732";"7,1939"
"89,2100";"2,9736";"7,1975"
"89,2200";"2,9739";"7,2001"
"89,2300";"2,9743";"7,2002"
"89,2400";"2,9746";"7,1987"
"89,2500";"2,9750";"7,1987"
"89,2600";"2,9752";"7,1995"
"89,2700";"2,9755";"7,1993"
"89,2800";"2,9758";"7,1987"
"89,2900";"2,9762";"7,1986"
"89,3000";"2,9764";"7,1995"
"89,3100";"2,9768";"7,2018"
"89,3200";"2,9771";"7,2036"
"89,3300";"2,9775";"7,2051"
"89,3400";"2,9778";"7,2058"
"89,3500";"2,9782";"7,2047"
"89,3600";"2,9785";"7,2024"
"89,3700";"2,9789";"7,2036"
"89,3800";"2,9792";"7,2058"
"89,3900";"2,9796";"7,2072"
"89,4000";"2,9800";"7,2077"
"89,4100";"2,9803";"7,2082"
"89,4200";"2,9805";"7,2100"
"89,4300";"2,9809";"7,2132"
"89,4400";"2,9811";"7,2147"
"89,4500";"2,9815";"7,2130"
"89,4600";"2,9818";"7,2107"
"89,4700";"2,9822";"7,2105"
"89,4800";"2,9824";"7,2115"
"89,4900";"2,9828";"7,2137"
"89,5000";"2,9831";"7,2154"
"89,5100";"2,9835";"7,2157"
"89,5200";"2,9839";"7,2151"
"89,5300";"2,9842";"7,2157"
"89,5400";"2,9846";"7,2174"
"89,5500";"2,9849";"7,2195"
"89,5600";"2,9852";"7,2206"
"89,5700";"2,9855";"7,2206"
"89,5800";"2,9859";"7,2208"
"89,5900";"2,9862";"7,2202"
"89,6000";"2,9865";"7,2195"
"89,6100";"2,9868";"7,2197"
"89,6200";"2,9872";"7,2210"
"89,6300";"2,9874";"7,2252"
"89,6400";"2,9877";"7,2268"
"89,6500";"2,9881";"7,2259"
"89,6600";"2,9885";"7,2255"
"89,6700";"2,9888";"7,2279"
"89,6800";"2,9892";"7,2298"
"89,6900";"2,9895";"7,2297"
"89,7000";"2,9899";"7,2289"
"89,7100";"2,9902";"7,2288"
"89,7200";"2,9906";"7,2315"
"89,7300";"2,9909";"7,2332"
"89,7400";"2,9912";"7,2322"
"89,7500";"2,9915";"7,2311"
"89,7600";"2,9919";"7,2308"
"89,7700";"2,9921";"7,2318"
"89,7800";"2,9924";"7,2323"
"89,7900";"2,9927";"7,2338"
"89,8000";"2,9931";"7,2357"
"89,8100";"2,9933";"7,2361"
"89,8200";"2,9937";"7,2352"
"89,8300";"2,9940";"7,2350"
"89,8400";"2,9944";"7,2355"
"89,8500";"2,9948";"7,2367"
"89,8600";"2,9952";"7,2375"
"89,8700";"2,9955";"7,2390"
"89,8800";"2,9959";"7,2405"
"89,8900";"2,9962";"7,2419"
"89,9000";"2,9966";"7,2426"
"89,9100";"2,9970";"7,2438"
"89,9200";"2,9973";"7,2463"
"89,9300";"2,9977";"7,2475"
"89,9400";"2,9980";"7,2465"
"89,9500";"2,9983";"7,2462"
"89,9600";"2,9986";"7,2487"
"89,9700";"2,9990";"7,2500"
"89,9800";"2,9992";"7,2494"
"89,9900";"2,9996";"7,2482"
"90,0000";"2,9999";"7,2492"
"90,0020";"3,0000";"7,2496"

