Tempo;Spostamento;Forza
(s);(mm);(N)
"0,0000";"0,0000";"0,0038"
"0,0100";"0,0000";"0,0071"
"0,0200";"0,0000";"0,0085"
"0,0300";"0,0000";"0,0042"
"0,0400";"0,0001";"-0,0034"
"0,0500";"0,0001";"-0,0084"
"0,0600";"0,0001";"-0,0084"
"0,0700";"0,0002";"-0,0076"
"0,0800";"0,0002";"-0,0067"
"0,0900";"0,0004";"-0,0053"
"0,1000";"0,0006";"-0,0015"
"0,1100";"0,0013";"0,0046"
"0,1200";"0,0026";"0,0119"
"0,1300";"0,0046";"0,0168"
"0,1400";"0,0071";"0,0182"
"0,1500";"0,0102";"0,0172"
"0,1600";"0,0136";"0,0193"
"0,1700";"0,0171";"0,0258"
"0,1800";"0,0210";"0,0327"
"0,1900";"0,0250";"0,0372"
"0,2000";"0,0289";"0,0421"
"0,2100";"0,0329";"0,0507"
"0,2200";"0,0370";"0,0635"
"0,2300";"0,0411";"0,0774"
"0,2400";"0,0453";"0,0891"
"0,2500";"0,0498";"0,0987"
"0,2600";"0,0543";"0,1092"
"0,2700";"0,0588";"0,1203"
"0,2800";"0,0635";"0,1300"
"0,2900";"0,0685";"0,1419"
"0,3000";"0,0734";"0,1560"
"0,3100";"0,0785";"0,1678"
"0,3200";"0,0838";"0,1763"
"0,3300";"0,0894";"0,1866"
"0,3400";"0,0950";"0,1998"
"0,3500";"0,1008";"0,2133"
"0,3600";"0,1067";"0,2266"
"0,3700";"0,1129";"0,2405"
"0,3800";"0,1192";"0,2559"
"0,3900";"0,1255";"0,2727"
"0,4000";"0,1321";"0,2891"
"0,4100";"0,1390";"0,3069"
"0,4200";"0,1458";"0,3260"
"0,4300";"0,1530";"0,3447"
"0,4400";"0,1604";"0,3615"
"0,4500";"0,1678";"0,3768"
"0,4600";"0,1754";"0,3922"
"0,4700";"0,1832";"0,4096"
"0,4800";"0,1914";"0,4274"
"0,4900";"0,1995";"0,4461"
"0,5000";"0,2079";"0,4671"
"0,5100";"0,2164";"0,4892"
"0,5200";"0,2251";"0,5114"
"0,5300";"0,2337";"0,5334"
"0,5400";"0,2427";"0,5554"
"0,5500";"0,2516";"0,5779"
"0,5600";"0,2608";"0,5991"
"0,5700";"0,2702";"0,6193"
"0,5800";"0,2799";"0,6380"
"0,5900";"0,2897";"0,6577"
"0,6000";"0,2997";"0,6795"
"0,6100";"0,3098";"0,7033"
"0,6200";"0,3200";"0,7281"
"0,6300";"0,3307";"0,7521"
"0,6400";"0,3413";"0,7761"
"0,6500";"0,3522";"0,8014"
"0,6600";"0,3630";"0,8281"
"0,6700";"0,3740";"0,8554"
"0,6800";"0,3852";"0,8799"
"0,6900";"0,3965";"0,9043"
"0,7000";"0,4082";"0,9287"
"0,7100";"0,4200";"0,9538"
"0,7200";"0,4320";"0,9794"
"0,7300";"0,4440";"1,0056"
"0,7400";"0,4562";"1,0318"
"0,7500";"0,4687";"1,0574"
"0,7600";"0,4813";"1,0820"
"0,7700";"0,4942";"1,1077"
"0,7800";"0,5072";"1,1385"
"0,7900";"0,5203";"1,1710"
"0,8000";"0,5336";"1,1996"
"0,8100";"0,5472";"1,2249"
"0,8200";"0,5609";"1,2537"
"0,8300";"0,5747";"1,2877"
"0,8400";"0,5886";"1,3209"
"0,8500";"0,6028";"1,3486"
"0,8600";"0,6171";"1,3736"
"0,8700";"0,6314";"1,4016"
"0,8800";"0,6458";"1,4344"
"0,8900";"0,6605";"1,4666"
"0,9000";"0,6755";"1,4950"
"0,9100";"0,6909";"1,5213"
"0,9200";"0,7062";"1,5496"
"0,9300";"0,7216";"1,5821"
"0,9400";"0,7373";"1,6179"
"0,9500";"0,7530";"1,6527"
"0,9600";"0,7688";"1,6836"
"0,9700";"0,7850";"1,7131"
"0,9800";"0,8014";"1,7454"
"0,9900";"0,8177";"1,7794"
"1,0000";"0,8342";"1,8131"
"1,0100";"0,8511";"1,8440"
"1,0200";"0,8681";"1,8749"
"1,0300";"0,8849";"1,9080"
"1,0400";"0,9018";"1,9420"
"1,0500";"0,9188";"1,9736"
"1,0600";"0,9358";"2,0035"
"1,0700";"0,9525";"2,0326"
"1,0800";"0,9691";"2,0645"
"1,0900";"0,9860";"2,0970"
"1,1000";"1,0029";"2,1293"
"1,1100";"1,0195";"2,1620"
"1,1200";"1,0363";"2,1936"
"1,1300";"1,0533";"2,2243"
"1,1400";"1,0699";"2,2527"
"1,1500";"1,0865";"2,2802"
"1,1600";"1,1032";"2,3075"
"1,1700";"1,1200";"2,3335"
"1,1800";"1,1366";"2,3599"
"1,1900";"1,1533";"2,3881"
"1,2000";"1,1700";"2,4193"
"1,2100";"1,1868";"2,4505"
"1,2200";"1,2033";"2,4801"
"1,2300";"1,2200";"2,5089"
"1,2400";"1,2366";"2,5360"
"1,2500";"1,2533";"2,5618"
"1,2520";"1,2566";"2,5667"
"1,2620";"1,2700";"2,5909"
"1,2720";"1,2774";"2,6065"
"1,2820";"1,2796";"2,6130"
"1,2900";"1,2794";"2,6126"
"1,3000";"1,2792";"2,6095"
"1,3100";"1,2789";"2,6043"
"1,3200";"1,2785";"2,5957"
"1,3300";"1,2778";"2,5817"
"1,3400";"1,2769";"2,5619"
"1,3500";"1,2755";"2,5424"
"1,3600";"1,2737";"2,5263"
"1,3700";"1,2713";"2,5116"
"1,3800";"1,2686";"2,4965"
"1,3900";"1,2659";"2,4785"
"1,4000";"1,2632";"2,4598"
"1,4100";"1,2607";"2,4412"
"1,4200";"1,2586";"2,4243"
"1,4300";"1,2568";"2,4117"
"1,4400";"1,2554";"2,4011"
"1,4500";"1,2542";"2,3891"
"1,4600";"1,2534";"2,3766"
"1,4700";"1,2527";"2,3658"
"1,4800";"1,2521";"2,3571"
"1,4900";"1,2515";"2,3507"
"1,5000";"1,2510";"2,3431"
"1,5100";"1,2508";"2,3362"
"1,5200";"1,2506";"2,3308"
"1,5300";"1,2503";"2,3248"
"1,5400";"1,2502";"2,3180"
"1,5500";"1,2501";"2,3141"
"1,5600";"1,2500";"2,3119"
"1,5700";"1,2500";"2,3082"
"1,5800";"1,2499";"2,3022"
"1,5900";"1,2499";"2,2967"
"1,6000";"1,2499";"2,2938"
"1,6100";"1,2497";"2,2914"
"1,6200";"1,2497";"2,2875"
"1,6300";"1,2497";"2,2814"
"1,6400";"1,2497";"2,2763"
"1,6500";"1,2497";"2,2732"
"1,6600";"1,2497";"2,2721"
"1,6700";"1,2497";"2,2695"
"1,6800";"1,2497";"2,2648"
"1,6900";"1,2497";"2,2597"
"1,7000";"1,2497";"2,2552"
"1,7100";"1,2497";"2,2532"
"1,7200";"1,2497";"2,2511"
"1,7300";"1,2497";"2,2472"
"1,7400";"1,2497";"2,2416"
"1,7500";"1,2497";"2,2363"
"1,7600";"1,2497";"2,2335"
"1,7700";"1,2497";"2,2311"
"1,7800";"1,2497";"2,2292"
"1,7900";"1,2497";"2,2277"
"1,8000";"1,2497";"2,2283"
"1,8100";"1,2497";"2,2266"
"1,8200";"1,2497";"2,2212"
"1,8300";"1,2497";"2,2158"
"1,8400";"1,2497";"2,2132"
"1,8500";"1,2497";"2,2112"
"1,8600";"1,2497";"2,2080"
"1,8700";"1,2497";"2,2037"
"1,8800";"1,2497";"2,2012"
"1,8900";"1,2497";"2,2016"
"1,9000";"1,2497";"2,2009"
"1,9100";"1,2497";"2,1982"
"1,9200";"1,2497";"2,1939"
"1,9300";"1,2497";"2,1903"
"1,9400";"1,2497";"2,1877"
"1,9500";"1,2497";"2,1852"
"1,9600";"1,2497";"2,1859"
"1,9700";"1,2497";"2,1869"
"1,9800";"1,2497";"2,1855"
"1,9900";"1,2497";"2,1811"
"2,0000";"1,2497";"2,1773"
"2,0100";"1,2497";"2,1739"
"2,0200";"1,2497";"2,1704"
"2,0300";"1,2497";"2,1668"
"2,0400";"1,2497";"2,1644"
"2,0500";"1,2497";"2,1630"
"2,0600";"1,2497";"2,1626"
"2,0700";"1,2497";"2,1619"
"2,0800";"1,2497";"2,1614"
"2,0900";"1,2497";"2,1601"
"2,1000";"1,2497";"2,1567"
"2,1100";"1,2497";"2,1533"
"2,1200";"1,2497";"2,1512"
"2,1300";"1,2497";"2,1513"
"2,1400";"1,2497";"2,1521"
"2,1500";"1,2497";"2,1499"
"2,1600";"1,2497";"2,1464"
"2,1700";"1,2497";"2,1431"
"2,1800";"1,2497";"2,1403"
"2,1900";"1,2497";"2,1383"
"2,2000";"1,2497";"2,1376"
"2,2100";"1,2497";"2,1370"
"2,2200";"1,2497";"2,1356"
"2,2300";"1,2497";"2,1341"
"2,2400";"1,2497";"2,1326"
"2,2500";"1,2497";"2,1310"
"2,2600";"1,2497";"2,1280"
"2,2700";"1,2497";"2,1231"
"2,2800";"1,2497";"2,1201"
"2,2900";"1,2497";"2,1205"
"2,3000";"1,2497";"2,1226"
"2,3100";"1,2497";"2,1230"
"2,3200";"1,2497";"2,1211"
"2,3300";"1,2497";"2,1186"
"2,3400";"1,2497";"2,1170"
"2,3500";"1,2497";"2,1147"
"2,3600";"1,2497";"2,1121"
"2,3700";"1,2497";"2,1109"
"2,3800";"1,2497";"2,1099"
"2,3900";"1,2497";"2,1083"
"2,4000";"1,2497";"2,1070"
"2,4100";"1,2497";"2,1063"
"2,4200";"1,2497";"2,1076"
"2,4300";"1,2497";"2,1073"
"2,4400";"1,2497";"2,1037"
"2,4500";"1,2497";"2,0997"
"2,4600";"1,2497";"2,0973"
"2,4700";"1,2497";"2,0962"
"2,4800";"1,2497";"2,0965"
"2,4900";"1,2497";"2,0973"
"2,5000";"1,2497";"2,0981"
"2,5100";"1,2497";"2,0965"
"2,5200";"1,2497";"2,0936"
"2,5300";"1,2497";"2,0914"
"2,5400";"1,2497";"2,0903"
"2,5500";"1,2497";"2,0882"
"2,5600";"1,2497";"2,0853"
"2,5700";"1,2497";"2,0838"
"2,5800";"1,2497";"2,0842"
"2,5900";"1,2497";"2,0853"
"2,6000";"1,2497";"2,0844"
"2,6100";"1,2497";"2,0814"
"2,6200";"1,2497";"2,0775"
"2,6300";"1,2497";"2,0738"
"2,6400";"1,2497";"2,0723"
"2,6500";"1,2497";"2,0728"
"2,6600";"1,2497";"2,0733"
"2,6700";"1,2497";"2,0726"
"2,6800";"1,2497";"2,0701"
"2,6900";"1,2497";"2,0683"
"2,7000";"1,2497";"2,0679"
"2,7100";"1,2497";"2,0660"
"2,7200";"1,2497";"2,0635"
"2,7300";"1,2497";"2,0616"
"2,7400";"1,2497";"2,0616"
"2,7500";"1,2497";"2,0625"
"2,7600";"1,2497";"2,0627"
"2,7700";"1,2497";"2,0623"
"2,7800";"1,2497";"2,0627"
"2,7900";"1,2497";"2,0616"
"2,8000";"1,2497";"2,0600"
"2,8100";"1,2497";"2,0576"
"2,8200";"1,2497";"2,0564"
"2,8300";"1,2497";"2,0552"
"2,8400";"1,2497";"2,0523"
"2,8500";"1,2497";"2,0508"
"2,8600";"1,2497";"2,0510"
"2,8700";"1,2497";"2,0511"
"2,8800";"1,2497";"2,0498"
"2,8900";"1,2497";"2,0475"
"2,9000";"1,2497";"2,0451"
"2,9100";"1,2497";"2,0451"
"2,9200";"1,2497";"2,0449"
"2,9300";"1,2497";"2,0447"
"2,9400";"1,2497";"2,0438"
"2,9500";"1,2497";"2,0437"
"2,9600";"1,2497";"2,0418"
"2,9700";"1,2497";"2,0413"
"2,9800";"1,2497";"2,0427"
"2,9900";"1,2497";"2,0437"
"3,0000";"1,2497";"2,0425"
"3,0100";"1,2497";"2,0389"
"3,0200";"1,2497";"2,0364"
"3,0300";"1,2497";"2,0344"
"3,0400";"1,2497";"2,0335"
"3,0500";"1,2497";"2,0329"
"3,0600";"1,2497";"2,0331"
"3,0700";"1,2497";"2,0327"
"3,0800";"1,2497";"2,0309"
"3,0900";"1,2497";"2,0289"
"3,1000";"1,2497";"2,0287"
"3,1100";"1,2497";"2,0289"
"3,1200";"1,2497";"2,0273"
"3,1300";"1,2497";"2,0252"
"3,1400";"1,2497";"2,0255"
"3,1500";"1,2497";"2,0273"
"3,1600";"1,2497";"2,0269"
"3,1700";"1,2497";"2,0245"
"3,1800";"1,2497";"2,0222"
"3,1900";"1,2497";"2,0207"
"3,2000";"1,2497";"2,0192"
"3,2100";"1,2497";"2,0172"
"3,2200";"1,2497";"2,0166"
"3,2300";"1,2497";"2,0168"
"3,2400";"1,2497";"2,0169"
"3,2500";"1,2497";"2,0170"
"3,2600";"1,2497";"2,0176"
"3,2700";"1,2497";"2,0172"
"3,2800";"1,2497";"2,0148"
"3,2900";"1,2497";"2,0105"
"3,3000";"1,2497";"2,0091"
"3,3100";"1,2497";"2,0119"
"3,3200";"1,2497";"2,0138"
"3,3300";"1,2497";"2,0138"
"3,3400";"1,2497";"2,0128"
"3,3500";"1,2497";"2,0122"
"3,3600";"1,2497";"2,0109"
"3,3700";"1,2497";"2,0078"
"3,3800";"1,2497";"2,0062"
"3,3900";"1,2497";"2,0057"
"3,4000";"1,2497";"2,0054"
"3,4100";"1,2497";"2,0042"
"3,4200";"1,2497";"2,0032"
"3,4300";"1,2497";"2,0035"
"3,4400";"1,2497";"2,0037"
"3,4500";"1,2497";"2,0021"
"3,4600";"1,2497";"1,9988"
"3,4700";"1,2497";"1,9960"
"3,4800";"1,2497";"1,9960"
"3,4900";"1,2497";"1,9969"
"3,5000";"1,2497";"1,9985"
"3,5100";"1,2497";"1,9991"
"3,5200";"1,2497";"1,9988"
"3,5300";"1,2497";"1,9967"
"3,5400";"1,2497";"1,9945"
"3,5500";"1,2497";"1,9943"
"3,5600";"1,2497";"1,9942"
"3,5700";"1,2497";"1,9939"
"3,5800";"1,2497";"1,9923"
"3,5900";"1,2500";"1,9914"
"3,6000";"1,2500";"1,9919"
"3,6100";"1,2500";"1,9927"
"3,6200";"1,2500";"1,9925"
"3,6300";"1,2500";"1,9916"
"3,6400";"1,2500";"1,9904"
"3,6500";"1,2500";"1,9887"
"3,6600";"1,2500";"1,9880"
"3,6700";"1,2500";"1,9891"
"3,6800";"1,2500";"1,9913"
"3,6900";"1,2500";"1,9914"
"3,7000";"1,2500";"1,9897"
"3,7100";"1,2500";"1,9869"
"3,7200";"1,2500";"1,9839"
"3,7300";"1,2500";"1,9810"
"3,7400";"1,2500";"1,9794"
"3,7500";"1,2500";"1,9799"
"3,7600";"1,2500";"1,9813"
"3,7700";"1,2500";"1,9811"
"3,7800";"1,2500";"1,9812"
"3,7900";"1,2500";"1,9822"
"3,8000";"1,2500";"1,9824"
"3,8100";"1,2500";"1,9786"
"3,8200";"1,2500";"1,9748"
"3,8300";"1,2500";"1,9742"
"3,8400";"1,2500";"1,9773"
"3,8500";"1,2500";"1,9802"
"3,8600";"1,2500";"1,9799"
"3,8700";"1,2500";"1,9781"
"3,8800";"1,2500";"1,9769"
"3,8900";"1,2500";"1,9753"
"3,9000";"1,2500";"1,9739"
"3,9100";"1,2500";"1,9727"
"3,9200";"1,2500";"1,9719"
"3,9300";"1,2500";"1,9710"
"3,9400";"1,2500";"1,9708"
"3,9500";"1,2500";"1,9704"
"3,9600";"1,2500";"1,9708"
"3,9700";"1,2500";"1,9708"
"3,9800";"1,2500";"1,9687"
"3,9900";"1,2500";"1,9666"
"4,0000";"1,2500";"1,9660"
"4,0100";"1,2500";"1,9672"
"4,0200";"1,2500";"1,9680"
"4,0300";"1,2500";"1,9696"
"4,0400";"1,2500";"1,9699"
"4,0500";"1,2500";"1,9681"
"4,0600";"1,2500";"1,9649"
"4,0700";"1,2500";"1,9627"
"4,0800";"1,2500";"1,9641"
"4,0900";"1,2500";"1,9643"
"4,1000";"1,2500";"1,9623"
"4,1100";"1,2500";"1,9597"
"4,1200";"1,2500";"1,9596"
"4,1300";"1,2500";"1,9612"
"4,1400";"1,2500";"1,9609"
"4,1500";"1,2500";"1,9591"
"4,1600";"1,2500";"1,9587"
"4,1700";"1,2500";"1,9586"
"4,1800";"1,2500";"1,9591"
"4,1900";"1,2500";"1,9600"
"4,2000";"1,2500";"1,9615"
"4,2100";"1,2500";"1,9607"
"4,2200";"1,2500";"1,9581"
"4,2300";"1,2500";"1,9549"
"4,2400";"1,2500";"1,9536"
"4,2500";"1,2500";"1,9524"
"4,2600";"1,2500";"1,9506"
"4,2700";"1,2500";"1,9494"
"4,2800";"1,2500";"1,9511"
"4,2900";"1,2500";"1,9532"
"4,3000";"1,2500";"1,9536"
"4,3100";"1,2500";"1,9533"
"4,3200";"1,2500";"1,9536"
"4,3300";"1,2500";"1,9520"
"4,3400";"1,2500";"1,9487"
"4,3500";"1,2500";"1,9469"
"4,3600";"1,2500";"1,9482"
"4,3700";"1,2500";"1,9503"
"4,3800";"1,2500";"1,9507"
"4,3900";"1,2500";"1,9492"
"4,4000";"1,2500";"1,9468"
"4,4100";"1,2500";"1,9458"
"4,4200";"1,2500";"1,9445"
"4,4300";"1,2500";"1,9426"
"4,4400";"1,2500";"1,9423"
"4,4500";"1,2500";"1,9441"
"4,4600";"1,2500";"1,9449"
"4,4700";"1,2500";"1,9442"
"4,4800";"1,2500";"1,9429"
"4,4900";"1,2500";"1,9412"
"4,5000";"1,2500";"1,9394"
"4,5100";"1,2500";"1,9377"
"4,5200";"1,2500";"1,9381"
"4,5300";"1,2500";"1,9392"
"4,5400";"1,2500";"1,9401"
"4,5500";"1,2500";"1,9398"
"4,5600";"1,2500";"1,9405"
"4,5700";"1,2500";"1,9396"
"4,5800";"1,2500";"1,9376"
"4,5900";"1,2500";"1,9375"
"4,6000";"1,2500";"1,9382"
"4,6100";"1,2500";"1,9385"
"4,6200";"1,2500";"1,9380"
"4,6300";"1,2500";"1,9368"
"4,6400";"1,2500";"1,9365"
"4,6500";"1,2500";"1,9352"
"4,6600";"1,2500";"1,9330"
"4,6700";"1,2500";"1,9314"
"4,6800";"1,2500";"1,9308"
"4,6900";"1,2500";"1,9315"
"4,7000";"1,2500";"1,9320"
"4,7100";"1,2500";"1,9319"
"4,7200";"1,2500";"1,9317"
"4,7300";"1,2500";"1,9324"
"4,7400";"1,2500";"1,9324"
"4,7500";"1,2500";"1,9312"
"4,7600";"1,2500";"1,9295"
"4,7700";"1,2500";"1,9280"
"4,7800";"1,2500";"1,9284"
"4,7900";"1,2500";"1,9303"
"4,8000";"1,2500";"1,9320"
"4,8100";"1,2500";"1,9321"
"4,8200";"1,2500";"1,9300"
"4,8300";"1,2500";"1,9274"
"4,8400";"1,2500";"1,9257"
"4,8500";"1,2500";"1,9261"
"4,8600";"1,2500";"1,9269"
"4,8700";"1,2500";"1,9262"
"4,8800";"1,2500";"1,9256"
"4,8900";"1,2500";"1,9250"
"4,9000";"1,2500";"1,9255"
"4,9100";"1,2500";"1,9251"
"4,9200";"1,2500";"1,9243"
"4,9300";"1,2500";"1,9241"
"4,9400";"1,2500";"1,9236"
"4,9500";"1,2500";"1,9221"
"4,9600";"1,2500";"1,9211"
"4,9700";"1,2500";"1,9209"
"4,9800";"1,2500";"1,9213"
"4,9900";"1,2500";"1,9216"
"5,0000";"1,2500";"1,9205"
"5,0100";"1,2500";"1,9206"
"5,0200";"1,2500";"1,9209"
"5,0300";"1,2500";"1,9217"
"5,0400";"1,2500";"1,9211"
"5,0500";"1,2500";"1,9190"
"5,0600";"1,2500";"1,9183"
"5,0700";"1,2500";"1,9184"
"5,0800";"1,2500";"1,9186"
"5,0900";"1,2500";"1,9185"
"5,1000";"1,2500";"1,9185"
"5,1100";"1,2500";"1,9178"
"5,1200";"1,2500";"1,9168"
"5,1300";"1,2500";"1,9163"
"5,1400";"1,2500";"1,9174"
"5,1500";"1,2500";"1,9171"
"5,1600";"1,2500";"1,9160"
"5,1700";"1,2500";"1,9147"
"5,1800";"1,2500";"1,9152"
"5,1900";"1,2500";"1,9150"
"5,2000";"1,2500";"1,9117"
"5,2100";"1,2500";"1,9093"
"5,2200";"1,2500";"1,9087"
"5,2300";"1,2500";"1,9084"
"5,2400";"1,2500";"1,9084"
"5,2500";"1,2500";"1,9093"
"5,2600";"1,2500";"1,9100"
"5,2700";"1,2500";"1,9113"
"5,2800";"1,2500";"1,9102"
"5,2900";"1,2500";"1,9090"
"5,3000";"1,2500";"1,9095"
"5,3100";"1,2500";"1,9088"
"5,3200";"1,2500";"1,9065"
"5,3300";"1,2500";"1,9047"
"5,3400";"1,2500";"1,9050"
"5,3500";"1,2500";"1,9068"
"5,3600";"1,2500";"1,9070"
"5,3700";"1,2500";"1,9075"
"5,3800";"1,2500";"1,9091"
"5,3900";"1,2500";"1,9105"
"5,4000";"1,2500";"1,9101"
"5,4100";"1,2500";"1,9076"
"5,4200";"1,2500";"1,9057"
"5,4300";"1,2500";"1,9047"
"5,4400";"1,2500";"1,9030"
"5,4500";"1,2500";"1,9026"
"5,4600";"1,2500";"1,9033"
"5,4700";"1,2500";"1,9044"
"5,4800";"1,2500";"1,9045"
"5,4900";"1,2500";"1,9036"
"5,5000";"1,2500";"1,9031"
"5,5100";"1,2500";"1,9025"
"5,5200";"1,2500";"1,9010"
"5,5300";"1,2500";"1,8994"
"5,5400";"1,2500";"1,8999"
"5,5500";"1,2500";"1,9007"
"5,5600";"1,2500";"1,9009"
"5,5700";"1,2500";"1,9006"
"5,5800";"1,2500";"1,8992"
"5,5900";"1,2500";"1,8983"
"5,6000";"1,2500";"1,8969"
"5,6100";"1,2500";"1,8955"
"5,6200";"1,2500";"1,8956"
"5,6300";"1,2500";"1,8973"
"5,6400";"1,2500";"1,8978"
"5,6500";"1,2500";"1,8971"
"5,6600";"1,2500";"1,8958"
"5,6700";"1,2500";"1,8949"
"5,6800";"1,2500";"1,8943"
"5,6900";"1,2500";"1,8945"
"5,7000";"1,2500";"1,8949"
"5,7100";"1,2500";"1,8970"
"5,7200";"1,2500";"1,8978"
"5,7300";"1,2500";"1,8967"
"5,7400";"1,2500";"1,8963"
"5,7500";"1,2500";"1,8957"
"5,7600";"1,2500";"1,8948"
"5,7700";"1,2500";"1,8930"
"5,7800";"1,2500";"1,8917"
"5,7900";"1,2500";"1,8921"
"5,8000";"1,2500";"1,8927"
"5,8100";"1,2500";"1,8925"
"5,8200";"1,2500";"1,8927"
"5,8300";"1,2500";"1,8923"
"5,8400";"1,2500";"1,8910"
"5,8500";"1,2500";"1,8897"
"5,8600";"1,2500";"1,8891"
"5,8700";"1,2500";"1,8899"
"5,8800";"1,2500";"1,8903"
"5,8900";"1,2500";"1,8891"
"5,9000";"1,2500";"1,8885"
"5,9100";"1,2500";"1,8904"
"5,9200";"1,2500";"1,8918"
"5,9300";"1,2500";"1,8890"
"5,9400";"1,2500";"1,8865"
"5,9500";"1,2500";"1,8863"
"5,9600";"1,2500";"1,8878"
"5,9700";"1,2500";"1,8876"
"5,9800";"1,2500";"1,8861"
"5,9900";"1,2500";"1,8848"
"6,0000";"1,2500";"1,8849"
"6,0100";"1,2500";"1,8861"
"6,0200";"1,2500";"1,8859"
"6,0300";"1,2500";"1,8855"
"6,0400";"1,2500";"1,8836"
"6,0500";"1,2500";"1,8825"
"6,0600";"1,2500";"1,8819"
"6,0700";"1,2500";"1,8823"
"6,0800";"1,2500";"1,8839"
"6,0900";"1,2500";"1,8847"
"6,1000";"1,2500";"1,8842"
"6,1100";"1,2500";"1,8835"
"6,1200";"1,2500";"1,8823"
"6,1300";"1,2500";"1,8811"
"6,1400";"1,2500";"1,8803"
"6,1500";"1,2500";"1,8817"
"6,1600";"1,2500";"1,8838"
"6,1700";"1,2500";"1,8839"
"6,1800";"1,2500";"1,8819"
"6,1900";"1,2500";"1,8799"
"6,2000";"1,2500";"1,8795"
"6,2100";"1,2500";"1,8777"
"6,2200";"1,2500";"1,8753"
"6,2300";"1,2500";"1,8741"
"6,2400";"1,2500";"1,8774"
"6,2500";"1,2500";"1,8805"
"6,2600";"1,2500";"1,8797"
"6,2700";"1,2500";"1,8776"
"6,2800";"1,2500";"1,8762"
"6,2900";"1,2500";"1,8756"
"6,3000";"1,2500";"1,8752"
"6,3100";"1,2500";"1,8759"
"6,3200";"1,2500";"1,8770"
"6,3300";"1,2500";"1,8784"
"6,3400";"1,2500";"1,8778"
"6,3500";"1,2500";"1,8760"
"6,3600";"1,2500";"1,8738"
"6,3700";"1,2500";"1,8720"
"6,3800";"1,2500";"1,8703"
"6,3900";"1,2500";"1,8703"
"6,4000";"1,2500";"1,8724"
"6,4100";"1,2500";"1,8738"
"6,4200";"1,2500";"1,8742"
"6,4300";"1,2500";"1,8739"
"6,4400";"1,2500";"1,8743"
"6,4500";"1,2500";"1,8749"
"6,4600";"1,2500";"1,8735"
"6,4700";"1,2500";"1,8718"
"6,4800";"1,2500";"1,8708"
"6,4900";"1,2500";"1,8701"
"6,5000";"1,2500";"1,8709"
"6,5100";"1,2500";"1,8712"
"6,5200";"1,2500";"1,8725"
"6,5300";"1,2500";"1,8728"
"6,5400";"1,2500";"1,8710"
"6,5500";"1,2500";"1,8686"
"6,5600";"1,2500";"1,8681"
"6,5700";"1,2500";"1,8688"
"6,5800";"1,2500";"1,8688"
"6,5900";"1,2500";"1,8686"
"6,6000";"1,2500";"1,8686"
"6,6100";"1,2500";"1,8686"
"6,6200";"1,2500";"1,8676"
"6,6300";"1,2500";"1,8671"
"6,6400";"1,2500";"1,8678"
"6,6500";"1,2500";"1,8673"
"6,6600";"1,2500";"1,8648"
"6,6700";"1,2500";"1,8621"
"6,6800";"1,2500";"1,8625"
"6,6900";"1,2500";"1,8651"
"6,7000";"1,2500";"1,8660"
"6,7100";"1,2500";"1,8658"
"6,7200";"1,2500";"1,8655"
"6,7300";"1,2500";"1,8665"
"6,7400";"1,2500";"1,8663"
"6,7500";"1,2500";"1,8650"
"6,7600";"1,2500";"1,8646"
"6,7700";"1,2500";"1,8659"
"6,7800";"1,2500";"1,8666"
"6,7900";"1,2500";"1,8644"
"6,8000";"1,2500";"1,8632"
"6,8100";"1,2500";"1,8635"
"6,8200";"1,2500";"1,8631"
"6,8300";"1,2500";"1,8626"
"6,8400";"1,2500";"1,8626"
"6,8500";"1,2500";"1,8626"
"6,8600";"1,2500";"1,8624"
"6,8700";"1,2500";"1,8619"
"6,8800";"1,2500";"1,8620"
"6,8900";"1,2500";"1,8605"
"6,9000";"1,2500";"1,8597"
"6,9100";"1,2500";"1,8601"
"6,9200";"1,2500";"1,8615"
"6,9300";"1,2500";"1,8631"
"6,9400";"1,2500";"1,8632"
"6,9500";"1,2500";"1,8616"
"6,9600";"1,2500";"1,8605"
"6,9700";"1,2500";"1,8618"
"6,9800";"1,2500";"1,8629"
"6,9900";"1,2500";"1,8606"
"7,0000";"1,2500";"1,8569"
"7,0100";"1,2500";"1,8563"
"7,0200";"1,2500";"1,8574"
"7,0300";"1,2500";"1,8572"
"7,0400";"1,2500";"1,8575"
"7,0500";"1,2500";"1,8586"
"7,0600";"1,2500";"1,8593"
"7,0700";"1,2500";"1,8586"
"7,0800";"1,2500";"1,8569"
"7,0900";"1,2500";"1,8563"
"7,1000";"1,2500";"1,8572"
"7,1100";"1,2500";"1,8570"
"7,1200";"1,2500";"1,8558"
"7,1300";"1,2500";"1,8536"
"7,1400";"1,2500";"1,8529"
"7,1500";"1,2500";"1,8534"
"7,1600";"1,2500";"1,8554"
"7,1700";"1,2500";"1,8567"
"7,1800";"1,2500";"1,8565"
"7,1900";"1,2500";"1,8546"
"7,2000";"1,2500";"1,8518"
"7,2100";"1,2500";"1,8531"
"7,2200";"1,2500";"1,8541"
"7,2300";"1,2500";"1,8537"
"7,2400";"1,2500";"1,8524"
"7,2500";"1,2500";"1,8534"
"7,2600";"1,2500";"1,8551"
"7,2700";"1,2500";"1,8545"
"7,2800";"1,2500";"1,8512"
"7,2900";"1,2500";"1,8489"
"7,3000";"1,2500";"1,8494"
"7,3100";"1,2500";"1,8513"
"7,3200";"1,2500";"1,8525"
"7,3300";"1,2500";"1,8534"
"7,3400";"1,2500";"1,8532"
"7,3500";"1,2500";"1,8505"
"7,3600";"1,2500";"1,8480"
"7,3700";"1,2500";"1,8481"
"7,3800";"1,2500";"1,8502"
"7,3900";"1,2500";"1,8500"
"7,4000";"1,2500";"1,8489"
"7,4100";"1,2500";"1,8490"
"7,4200";"1,2500";"1,8512"
"7,4300";"1,2500";"1,8508"
"7,4400";"1,2500";"1,8491"
"7,4500";"1,2500";"1,8479"
"7,4600";"1,2500";"1,8477"
"7,4700";"1,2500";"1,8479"
"7,4800";"1,2500";"1,8479"
"7,4900";"1,2500";"1,8492"
"7,5000";"1,2500";"1,8510"
"7,5100";"1,2500";"1,8503"
"7,5200";"1,2500";"1,8469"
"7,5300";"1,2500";"1,8439"
"7,5400";"1,2500";"1,8431"
"7,5500";"1,2500";"1,8428"
"7,5600";"1,2500";"1,8427"
"7,5700";"1,2500";"1,8449"
"7,5800";"1,2500";"1,8470"
"7,5900";"1,2500";"1,8461"
"7,6000";"1,2500";"1,8453"
"7,6100";"1,2500";"1,8456"
"7,6200";"1,2500";"1,8453"
"7,6300";"1,2500";"1,8441"
"7,6400";"1,2500";"1,8431"
"7,6500";"1,2500";"1,8423"
"7,6600";"1,2500";"1,8422"
"7,6700";"1,2500";"1,8420"
"7,6800";"1,2500";"1,8417"
"7,6900";"1,2500";"1,8422"
"7,7000";"1,2500";"1,8448"
"7,7100";"1,2500";"1,8464"
"7,7200";"1,2500";"1,8452"
"7,7300";"1,2500";"1,8426"
"7,7400";"1,2500";"1,8404"
"7,7500";"1,2500";"1,8398"
"7,7600";"1,2500";"1,8398"
"7,7700";"1,2500";"1,8410"
"7,7800";"1,2500";"1,8418"
"7,7900";"1,2500";"1,8418"
"7,8000";"1,2500";"1,8409"
"7,8100";"1,2500";"1,8399"
"7,8200";"1,2500";"1,8403"
"7,8300";"1,2500";"1,8401"
"7,8400";"1,2500";"1,8390"
"7,8500";"1,2500";"1,8384"
"7,8600";"1,2500";"1,8398"
"7,8700";"1,2500";"1,8403"
"7,8800";"1,2500";"1,8386"
"7,8900";"1,2500";"1,8373"
"7,9000";"1,2500";"1,8392"
"7,9100";"1,2500";"1,8404"
"7,9200";"1,2500";"1,8388"
"7,9300";"1,2500";"1,8360"
"7,9400";"1,2500";"1,8364"
"7,9500";"1,2500";"1,8387"
"7,9600";"1,2500";"1,8403"
"7,9700";"1,2500";"1,8389"
"7,9800";"1,2500";"1,8357"
"7,9900";"1,2500";"1,8344"
"8,0000";"1,2500";"1,8347"
"8,0100";"1,2500";"1,8348"
"8,0200";"1,2500";"1,8354"
"8,0300";"1,2500";"1,8363"
"8,0400";"1,2500";"1,8356"
"8,0500";"1,2500";"1,8335"
"8,0600";"1,2500";"1,8329"
"8,0700";"1,2500";"1,8338"
"8,0800";"1,2500";"1,8336"
"8,0900";"1,2500";"1,8333"
"8,1000";"1,2500";"1,8338"
"8,1100";"1,2500";"1,8348"
"8,1200";"1,2500";"1,8346"
"8,1300";"1,2500";"1,8340"
"8,1400";"1,2500";"1,8350"
"8,1500";"1,2500";"1,8352"
"8,1600";"1,2500";"1,8321"
"8,1700";"1,2500";"1,8274"
"8,1800";"1,2500";"1,8262"
"8,1900";"1,2500";"1,8284"
"8,2000";"1,2500";"1,8320"
"8,2100";"1,2500";"1,8334"
"8,2200";"1,2500";"1,8340"
"8,2300";"1,2500";"1,8354"
"8,2400";"1,2500";"1,8352"
"8,2500";"1,2500";"1,8326"
"8,2600";"1,2500";"1,8285"
"8,2700";"1,2500";"1,8271"
"8,2800";"1,2500";"1,8279"
"8,2900";"1,2500";"1,8294"
"8,3000";"1,2500";"1,8310"
"8,3100";"1,2500";"1,8321"
"8,3200";"1,2500";"1,8315"
"8,3300";"1,2500";"1,8294"
"8,3400";"1,2500";"1,8276"
"8,3500";"1,2500";"1,8276"
"8,3600";"1,2500";"1,8291"
"8,3700";"1,2500";"1,8300"
"8,3800";"1,2500";"1,8298"
"8,3900";"1,2500";"1,8302"
"8,4000";"1,2500";"1,8300"
"8,4100";"1,2500";"1,8288"
"8,4200";"1,2500";"1,8282"
"8,4300";"1,2500";"1,8285"
"8,4400";"1,2500";"1,8277"
"8,4500";"1,2500";"1,8268"
"8,4600";"1,2500";"1,8262"
"8,4700";"1,2500";"1,8280"
"8,4800";"1,2500";"1,8300"
"8,4900";"1,2500";"1,8290"
"8,5000";"1,2500";"1,8256"
"8,5100";"1,2500";"1,8243"
"8,5200";"1,2500";"1,8246"
"8,5300";"1,2500";"1,8249"
"8,5400";"1,2500";"1,8253"
"8,5500";"1,2500";"1,8268"
"8,5600";"1,2500";"1,8275"
"8,5700";"1,2500";"1,8270"
"8,5800";"1,2500";"1,8244"
"8,5900";"1,2500";"1,8230"
"8,6000";"1,2500";"1,8235"
"8,6100";"1,2500";"1,8246"
"8,6200";"1,2500";"1,8241"
"8,6300";"1,2500";"1,8250"
"8,6400";"1,2500";"1,8262"
"8,6500";"1,2500";"1,8273"
"8,6600";"1,2500";"1,8285"
"8,6700";"1,2500";"1,8278"
"8,6800";"1,2500";"1,8261"
"8,6900";"1,2500";"1,8232"
"8,7000";"1,2500";"1,8212"
"8,7100";"1,2500";"1,8216"
"8,7200";"1,2500";"1,8232"
"8,7300";"1,2500";"1,8244"
"8,7400";"1,2500";"1,8239"
"8,7500";"1,2500";"1,8245"
"8,7600";"1,2500";"1,8265"
"8,7700";"1,2500";"1,8260"
"8,7800";"1,2500";"1,8222"
"8,7900";"1,2500";"1,8186"
"8,8000";"1,2500";"1,8190"
"8,8100";"1,2500";"1,8218"
"8,8200";"1,2500";"1,8232"
"8,8300";"1,2500";"1,8236"
"8,8400";"1,2500";"1,8226"
"8,8500";"1,2500";"1,8222"
"8,8600";"1,2500";"1,8202"
"8,8700";"1,2500";"1,8190"
"8,8800";"1,2500";"1,8193"
"8,8900";"1,2500";"1,8192"
"8,9000";"1,2500";"1,8181"
"8,9100";"1,2500";"1,8170"
"8,9200";"1,2500";"1,8181"
"8,9300";"1,2500";"1,8184"
"8,9400";"1,2500";"1,8164"
"8,9500";"1,2500";"1,8148"
"8,9600";"1,2500";"1,8152"
"8,9700";"1,2500";"1,8161"
"8,9800";"1,2500";"1,8160"
"8,9900";"1,2500";"1,8152"
"9,0000";"1,2500";"1,8168"
"9,0100";"1,2500";"1,8183"
"9,0200";"1,2500";"1,8176"
"9,0300";"1,2500";"1,8152"
"9,0400";"1,2500";"1,8151"
"9,0500";"1,2500";"1,8169"
"9,0600";"1,2500";"1,8182"
"9,0700";"1,2500";"1,8178"
"9,0800";"1,2500";"1,8177"
"9,0900";"1,2500";"1,8175"
"9,1000";"1,2500";"1,8164"
"9,1100";"1,2500";"1,8152"
"9,1200";"1,2500";"1,8148"
"9,1300";"1,2500";"1,8149"
"9,1400";"1,2500";"1,8144"
"9,1500";"1,2500";"1,8148"
"9,1600";"1,2500";"1,8155"
"9,1700";"1,2500";"1,8162"
"9,1800";"1,2500";"1,8152"
"9,1900";"1,2500";"1,8148"
"9,2000";"1,2500";"1,8145"
"9,2100";"1,2500";"1,8152"
"9,2200";"1,2500";"1,8155"
"9,2300";"1,2500";"1,8138"
"9,2400";"1,2500";"1,8139"
"9,2500";"1,2500";"1,8162"
"9,2600";"1,2500";"1,8164"
"9,2700";"1,2500";"1,8142"
"9,2800";"1,2500";"1,8116"
"9,2900";"1,2500";"1,8111"
"9,3000";"1,2500";"1,8117"
"9,3100";"1,2500";"1,8119"
"9,3200";"1,2500";"1,8122"
"9,3300";"1,2500";"1,8131"
"9,3400";"1,2500";"1,8138"
"9,3500";"1,2500";"1,8131"
"9,3600";"1,2500";"1,8123"
"9,3700";"1,2500";"1,8118"
"9,3800";"1,2500";"1,8107"
"9,3900";"1,2500";"1,8104"
"9,4000";"1,2500";"1,8109"
"9,4100";"1,2500";"1,8121"
"9,4200";"1,2500";"1,8121"
"9,4300";"1,2500";"1,8118"
"9,4400";"1,2500";"1,8107"
"9,4500";"1,2500";"1,8106"
"9,4600";"1,2500";"1,8094"
"9,4700";"1,2500";"1,8075"
"9,4800";"1,2500";"1,8078"
"9,4900";"1,2500";"1,8107"
"9,5000";"1,2500";"1,8125"
"9,5100";"1,2500";"1,8114"
"9,5200";"1,2500";"1,8102"
"9,5300";"1,2500";"1,8088"
"9,5400";"1,2500";"1,8087"
"9,5500";"1,2500";"1,8080"
"9,5600";"1,2500";"1,8086"
"9,5700";"1,2500";"1,8099"
"9,5800";"1,2500";"1,8112"
"9,5900";"1,2500";"1,8114"
"9,6000";"1,2500";"1,8108"
"9,6100";"1,2500";"1,8102"
"9,6200";"1,2500";"1,8085"
"9,6300";"1,2500";"1,8053"
"9,6400";"1,2500";"1,8032"
"9,6500";"1,2500";"1,8037"
"9,6600";"1,2500";"1,8059"
"9,6700";"1,2500";"1,8074"
"9,6800";"1,2500";"1,8072"
"9,6900";"1,2500";"1,8068"
"9,7000";"1,2500";"1,8051"
"9,7100";"1,2500";"1,8045"
"9,7200";"1,2500";"1,8035"
"9,7300";"1,2500";"1,8047"
"9,7400";"1,2500";"1,8071"
"9,7500";"1,2500";"1,8067"
"9,7600";"1,2500";"1,8048"
"9,7700";"1,2500";"1,8048"
"9,7800";"1,2500";"1,8061"
"9,7900";"1,2500";"1,8043"
"9,8000";"1,2500";"1,8017"
"9,8100";"1,2500";"1,8019"
"9,8200";"1,2500";"1,8034"
"9,8300";"1,2500";"1,8055"
"9,8400";"1,2500";"1,8060"
"9,8500";"1,2500";"1,8054"
"9,8600";"1,2500";"1,8044"
"9,8700";"1,2500";"1,8045"
"9,8800";"1,2500";"1,8044"
"9,8900";"1,2500";"1,8037"
"9,9000";"1,2500";"1,8044"
"9,9100";"1,2500";"1,8038"
"9,9200";"1,2500";"1,8027"
"9,9300";"1,2500";"1,8023"
"9,9400";"1,2500";"1,8027"
"9,9500";"1,2500";"1,8034"
"9,9600";"1,2500";"1,8026"
"9,9700";"1,2500";"1,8024"
"9,9800";"1,2500";"1,8026"
"9,9900";"1,2500";"1,8005"
"10,0000";"1,2500";"1,7991"
"10,0100";"1,2500";"1,8017"
"10,0200";"1,2500";"1,8051"
"10,0300";"1,2500";"1,8045"
"10,0400";"1,2500";"1,8012"
"10,0500";"1,2500";"1,7996"
"10,0600";"1,2500";"1,7998"
"10,0700";"1,2500";"1,7997"
"10,0800";"1,2500";"1,7981"
"10,0900";"1,2500";"1,7975"
"10,1000";"1,2500";"1,8000"
"10,1100";"1,2500";"1,8032"
"10,1200";"1,2500";"1,8033"
"10,1300";"1,2500";"1,8015"
"10,1400";"1,2500";"1,7997"
"10,1500";"1,2500";"1,7990"
"10,1600";"1,2500";"1,7978"
"10,1700";"1,2500";"1,7983"
"10,1800";"1,2500";"1,8004"
"10,1900";"1,2500";"1,8022"
"10,2000";"1,2500";"1,8032"
"10,2100";"1,2500";"1,8025"
"10,2200";"1,2500";"1,8014"
"10,2300";"1,2500";"1,8008"
"10,2400";"1,2500";"1,8000"
"10,2500";"1,2500";"1,7991"
"10,2600";"1,2500";"1,7997"
"10,2700";"1,2500";"1,7996"
"10,2800";"1,2500";"1,7986"
"10,2900";"1,2500";"1,7964"
"10,3000";"1,2500";"1,7951"
"10,3100";"1,2500";"1,7956"
"10,3200";"1,2500";"1,7951"
"10,3300";"1,2500";"1,7953"
"10,3400";"1,2500";"1,7967"
"10,3500";"1,2500";"1,7986"
"10,3600";"1,2500";"1,7996"
"10,3700";"1,2500";"1,7982"
"10,3800";"1,2500";"1,7958"
"10,3900";"1,2500";"1,7953"
"10,4000";"1,2500";"1,7951"
"10,4100";"1,2500";"1,7941"
"10,4200";"1,2500";"1,7943"
"10,4300";"1,2500";"1,7946"
"10,4400";"1,2500";"1,7947"
"10,4500";"1,2500";"1,7946"
"10,4600";"1,2500";"1,7947"
"10,4700";"1,2500";"1,7948"
"10,4800";"1,2500";"1,7938"
"10,4900";"1,2500";"1,7918"
"10,5000";"1,2500";"1,7909"
"10,5100";"1,2500";"1,7927"
"10,5200";"1,2500";"1,7951"
"10,5300";"1,2500";"1,7955"
"10,5400";"1,2500";"1,7944"
"10,5500";"1,2500";"1,7942"
"10,5600";"1,2500";"1,7949"
"10,5700";"1,2500";"1,7955"
"10,5800";"1,2500";"1,7956"
"10,5900";"1,2500";"1,7958"
"10,6000";"1,2500";"1,7955"
"10,6100";"1,2500";"1,7945"
"10,6200";"1,2500";"1,7937"
"10,6300";"1,2500";"1,7931"
"10,6400";"1,2500";"1,7920"
"10,6500";"1,2500";"1,7903"
"10,6600";"1,2500";"1,7911"
"10,6700";"1,2500";"1,7935"
"10,6800";"1,2500";"1,7955"
"10,6900";"1,2500";"1,7945"
"10,7000";"1,2500";"1,7930"
"10,7100";"1,2500";"1,7915"
"10,7200";"1,2500";"1,7913"
"10,7300";"1,2500";"1,7906"
"10,7400";"1,2500";"1,7886"
"10,7500";"1,2500";"1,7895"
"10,7600";"1,2500";"1,7908"
"10,7700";"1,2500";"1,7909"
"10,7800";"1,2500";"1,7904"
"10,7900";"1,2500";"1,7901"
"10,8000";"1,2500";"1,7911"
"10,8100";"1,2500";"1,7920"
"10,8200";"1,2500";"1,7912"
"10,8300";"1,2500";"1,7907"
"10,8400";"1,2500";"1,7896"
"10,8500";"1,2500";"1,7882"
"10,8600";"1,2500";"1,7881"
"10,8700";"1,2500";"1,7895"
"10,8800";"1,2500";"1,7906"
"10,8900";"1,2500";"1,7904"
"10,9000";"1,2500";"1,7899"
"10,9100";"1,2500";"1,7899"
"10,9200";"1,2500";"1,7907"
"10,9300";"1,2500";"1,7901"
"10,9400";"1,2500";"1,7891"
"10,9500";"1,2500";"1,7888"
"10,9600";"1,2500";"1,7898"
"10,9700";"1,2500";"1,7897"
"10,9800";"1,2500";"1,7889"
"10,9900";"1,2500";"1,7881"
"11,0000";"1,2500";"1,7887"
"11,0100";"1,2500";"1,7879"
"11,0200";"1,2500";"1,7867"
"11,0300";"1,2500";"1,7869"
"11,0400";"1,2500";"1,7882"
"11,0500";"1,2500";"1,7877"
"11,0600";"1,2500";"1,7866"
"11,0700";"1,2500";"1,7867"
"11,0800";"1,2500";"1,7880"
"11,0900";"1,2500";"1,7877"
"11,1000";"1,2500";"1,7855"
"11,1100";"1,2500";"1,7841"
"11,1200";"1,2500";"1,7849"
"11,1300";"1,2500";"1,7865"
"11,1400";"1,2500";"1,7867"
"11,1500";"1,2500";"1,7851"
"11,1600";"1,2500";"1,7841"
"11,1700";"1,2500";"1,7824"
"11,1800";"1,2500";"1,7822"
"11,1900";"1,2500";"1,7837"
"11,2000";"1,2500";"1,7861"
"11,2100";"1,2500";"1,7886"
"11,2200";"1,2500";"1,7900"
"11,2300";"1,2500";"1,7891"
"11,2400";"1,2500";"1,7876"
"11,2500";"1,2500";"1,7843"
"11,2600";"1,2500";"1,7812"
"11,2700";"1,2500";"1,7809"
"11,2800";"1,2500";"1,7831"
"11,2900";"1,2500";"1,7847"
"11,3000";"1,2500";"1,7849"
"11,3100";"1,2500";"1,7846"
"11,3200";"1,2500";"1,7853"
"11,3300";"1,2500";"1,7853"
"11,3400";"1,2500";"1,7839"
"11,3500";"1,2500";"1,7824"
"11,3600";"1,2500";"1,7824"
"11,3700";"1,2500";"1,7832"
"11,3800";"1,2500";"1,7832"
"11,3900";"1,2500";"1,7824"
"11,4000";"1,2500";"1,7824"
"11,4100";"1,2500";"1,7828"
"11,4200";"1,2500";"1,7816"
"11,4300";"1,2500";"1,7779"
"11,4400";"1,2500";"1,7770"
"11,4500";"1,2500";"1,7787"
"11,4600";"1,2500";"1,7807"
"11,4700";"1,2500";"1,7825"
"11,4800";"1,2500";"1,7847"
"11,4900";"1,2500";"1,7858"
"11,5000";"1,2500";"1,7855"
"11,5100";"1,2500";"1,7822"
"11,5200";"1,2500";"1,7792"
"11,5300";"1,2500";"1,7772"
"11,5400";"1,2500";"1,7761"
"11,5500";"1,2500";"1,7770"
"11,5600";"1,2500";"1,7798"
"11,5700";"1,2500";"1,7819"
"11,5800";"1,2500";"1,7817"
"11,5900";"1,2500";"1,7801"
"11,6000";"1,2500";"1,7793"
"11,6100";"1,2500";"1,7789"
"11,6200";"1,2500";"1,7779"
"11,6300";"1,2500";"1,7767"
"11,6400";"1,2500";"1,7779"
"11,6500";"1,2500";"1,7801"
"11,6600";"1,2500";"1,7805"
"11,6700";"1,2500";"1,7798"
"11,6800";"1,2500";"1,7792"
"11,6900";"1,2500";"1,7786"
"11,7000";"1,2500";"1,7769"
"11,7100";"1,2500";"1,7750"
"11,7200";"1,2500";"1,7755"
"11,7300";"1,2500";"1,7781"
"11,7400";"1,2500";"1,7812"
"11,7500";"1,2500";"1,7810"
"11,7600";"1,2500";"1,7796"
"11,7700";"1,2500";"1,7793"
"11,7800";"1,2500";"1,7796"
"11,7900";"1,2500";"1,7784"
"11,8000";"1,2500";"1,7762"
"11,8100";"1,2500";"1,7758"
"11,8200";"1,2500";"1,7762"
"11,8300";"1,2500";"1,7759"
"11,8400";"1,2500";"1,7764"
"11,8500";"1,2500";"1,7776"
"11,8600";"1,2500";"1,7769"
"11,8700";"1,2500";"1,7743"
"11,8800";"1,2500";"1,7721"
"11,8900";"1,2500";"1,7712"
"11,9000";"1,2500";"1,7729"
"11,9100";"1,2500";"1,7754"
"11,9200";"1,2500";"1,7757"
"11,9300";"1,2500";"1,7754"
"11,9400";"1,2500";"1,7755"
"11,9500";"1,2500";"1,7746"
"11,9600";"1,2500";"1,7741"
"11,9700";"1,2500";"1,7740"
"11,9800";"1,2500";"1,7751"
"11,9900";"1,2500";"1,7741"
"12,0000";"1,2500";"1,7738"
"12,0100";"1,2500";"1,7748"
"12,0200";"1,2500";"1,7758"
"12,0300";"1,2500";"1,7729"
"12,0400";"1,2500";"1,7693"
"12,0500";"1,2500";"1,7693"
"12,0600";"1,2500";"1,7717"
"12,0700";"1,2500";"1,7734"
"12,0800";"1,2500";"1,7727"
"12,0900";"1,2500";"1,7718"
"12,1000";"1,2500";"1,7723"
"12,1100";"1,2500";"1,7744"
"12,1200";"1,2500";"1,7751"
"12,1300";"1,2500";"1,7760"
"12,1400";"1,2500";"1,7760"
"12,1500";"1,2500";"1,7750"
"12,1600";"1,2500";"1,7728"
"12,1700";"1,2500";"1,7720"
"12,1800";"1,2500";"1,7737"
"12,1900";"1,2500";"1,7741"
"12,2000";"1,2500";"1,7721"
"12,2100";"1,2500";"1,7704"
"12,2200";"1,2500";"1,7713"
"12,2300";"1,2500";"1,7737"
"12,2400";"1,2500";"1,7760"
"12,2500";"1,2500";"1,7769"
"12,2600";"1,2500";"1,7752"
"12,2700";"1,2500";"1,7728"
"12,2800";"1,2500";"1,7696"
"12,2900";"1,2500";"1,7673"
"12,3000";"1,2500";"1,7687"
"12,3100";"1,2500";"1,7714"
"12,3200";"1,2500";"1,7729"
"12,3300";"1,2500";"1,7719"
"12,3400";"1,2500";"1,7712"
"12,3500";"1,2500";"1,7708"
"12,3600";"1,2500";"1,7695"
"12,3700";"1,2500";"1,7683"
"12,3800";"1,2500";"1,7680"
"12,3900";"1,2500";"1,7679"
"12,4000";"1,2500";"1,7673"
"12,4100";"1,2500";"1,7682"
"12,4200";"1,2500";"1,7709"
"12,4300";"1,2500";"1,7730"
"12,4400";"1,2500";"1,7722"
"12,4500";"1,2500";"1,7705"
"12,4600";"1,2500";"1,7694"
"12,4700";"1,2500";"1,7684"
"12,4800";"1,2500";"1,7692"
"12,4900";"1,2500";"1,7711"
"12,5000";"1,2500";"1,7726"
"12,5100";"1,2500";"1,7730"
"12,5200";"1,2500";"1,7713"
"12,5300";"1,2500";"1,7705"
"12,5400";"1,2500";"1,7700"
"12,5500";"1,2500";"1,7689"
"12,5600";"1,2500";"1,7669"
"12,5700";"1,2500";"1,7659"
"12,5800";"1,2500";"1,7673"
"12,5900";"1,2500";"1,7688"
"12,6000";"1,2500";"1,7685"
"12,6100";"1,2500";"1,7675"
"12,6200";"1,2500";"1,7674"
"12,6300";"1,2500";"1,7676"
"12,6400";"1,2500";"1,7679"
"12,6500";"1,2500";"1,7687"
"12,6600";"1,2500";"1,7692"
"12,6700";"1,2500";"1,7699"
"12,6800";"1,2500";"1,7694"
"12,6900";"1,2500";"1,7683"
"12,7000";"1,2500";"1,7666"
"12,7100";"1,2500";"1,7675"
"12,7200";"1,2500";"1,7678"
"12,7300";"1,2500";"1,7662"
"12,7400";"1,2500";"1,7657"
"12,7500";"1,2500";"1,7657"
"12,7600";"1,2500";"1,7665"
"12,7700";"1,2500";"1,7656"
"12,7800";"1,2500";"1,7654"
"12,7900";"1,2500";"1,7658"
"12,8000";"1,2500";"1,7661"
"12,8100";"1,2500";"1,7680"
"12,8200";"1,2500";"1,7713"
"12,8300";"1,2500";"1,7727"
"12,8400";"1,2500";"1,7708"
"12,8500";"1,2500";"1,7667"
"12,8600";"1,2500";"1,7641"
"12,8700";"1,2500";"1,7634"
"12,8800";"1,2500";"1,7630"
"12,8900";"1,2500";"1,7624"
"12,9000";"1,2500";"1,7625"
"12,9100";"1,2500";"1,7649"
"12,9200";"1,2500";"1,7669"
"12,9300";"1,2500";"1,7670"
"12,9400";"1,2500";"1,7659"
"12,9500";"1,2500";"1,7647"
"12,9600";"1,2500";"1,7628"
"12,9700";"1,2500";"1,7611"
"12,9800";"1,2500";"1,7619"
"12,9900";"1,2500";"1,7631"
"13,0000";"1,2500";"1,7645"
"13,0100";"1,2500";"1,7652"
"13,0200";"1,2500";"1,7656"
"13,0300";"1,2500";"1,7668"
"13,0400";"1,2500";"1,7663"
"13,0500";"1,2500";"1,7643"
"13,0600";"1,2500";"1,7626"
"13,0700";"1,2500";"1,7630"
"13,0800";"1,2500";"1,7643"
"13,0900";"1,2500";"1,7652"
"13,1000";"1,2500";"1,7645"
"13,1100";"1,2500";"1,7625"
"13,1200";"1,2500";"1,7604"
"13,1300";"1,2500";"1,7581"
"13,1400";"1,2500";"1,7580"
"13,1500";"1,2500";"1,7592"
"13,1600";"1,2500";"1,7611"
"13,1700";"1,2500";"1,7631"
"13,1800";"1,2500";"1,7641"
"13,1900";"1,2500";"1,7637"
"13,2000";"1,2500";"1,7634"
"13,2100";"1,2500";"1,7625"
"13,2200";"1,2500";"1,7604"
"13,2300";"1,2500";"1,7591"
"13,2400";"1,2500";"1,7589"
"13,2500";"1,2500";"1,7607"
"13,2600";"1,2500";"1,7625"
"13,2700";"1,2500";"1,7635"
"13,2800";"1,2500";"1,7634"
"13,2900";"1,2500";"1,7615"
"13,3000";"1,2500";"1,7595"
"13,3100";"1,2500";"1,7594"
"13,3200";"1,2500";"1,7599"
"13,3300";"1,2500";"1,7579"
"13,3400";"1,2500";"1,7564"
"13,3500";"1,2500";"1,7578"
"13,3600";"1,2500";"1,7611"
"13,3700";"1,2500";"1,7625"
"13,3800";"1,2500";"1,7627"
"13,3900";"1,2500";"1,7610"
"13,4000";"1,2500";"1,7588"
"13,4100";"1,2500";"1,7563"
"13,4200";"1,2500";"1,7543"
"13,4300";"1,2500";"1,7560"
"13,4400";"1,2500";"1,7597"
"13,4500";"1,2500";"1,7630"
"13,4600";"1,2500";"1,7643"
"13,4700";"1,2500";"1,7627"
"13,4800";"1,2500";"1,7603"
"13,4900";"1,2500";"1,7588"
"13,5000";"1,2500";"1,7582"
"13,5100";"1,2500";"1,7578"
"13,5200";"1,2500";"1,7558"
"13,5300";"1,2500";"1,7548"
"13,5400";"1,2500";"1,7556"
"13,5500";"1,2500";"1,7574"
"13,5600";"1,2500";"1,7595"
"13,5700";"1,2500";"1,7598"
"13,5800";"1,2500";"1,7579"
"13,5900";"1,2500";"1,7567"
"13,6000";"1,2500";"1,7564"
"13,6100";"1,2500";"1,7567"
"13,6200";"1,2500";"1,7563"
"13,6300";"1,2500";"1,7559"
"13,6400";"1,2500";"1,7560"
"13,6500";"1,2500";"1,7571"
"13,6600";"1,2500";"1,7568"
"13,6700";"1,2500";"1,7552"
"13,6800";"1,2500";"1,7553"
"13,6900";"1,2500";"1,7561"
"13,7000";"1,2500";"1,7559"
"13,7100";"1,2500";"1,7553"
"13,7200";"1,2500";"1,7560"
"13,7300";"1,2500";"1,7576"
"13,7400";"1,2500";"1,7586"
"13,7500";"1,2500";"1,7581"
"13,7600";"1,2500";"1,7567"
"13,7700";"1,2500";"1,7566"
"13,7800";"1,2500";"1,7575"
"13,7900";"1,2500";"1,7582"
"13,8000";"1,2500";"1,7589"
"13,8100";"1,2500";"1,7591"
"13,8200";"1,2500";"1,7583"
"13,8300";"1,2500";"1,7563"
"13,8400";"1,2500";"1,7553"
"13,8500";"1,2500";"1,7545"
"13,8600";"1,2500";"1,7529"
"13,8700";"1,2500";"1,7518"
"13,8800";"1,2500";"1,7526"
"13,8900";"1,2500";"1,7554"
"13,9000";"1,2500";"1,7579"
"13,9100";"1,2500";"1,7573"
"13,9200";"1,2500";"1,7546"
"13,9300";"1,2500";"1,7532"
"13,9400";"1,2500";"1,7528"
"13,9500";"1,2500";"1,7521"
"13,9600";"1,2500";"1,7520"
"13,9700";"1,2500";"1,7522"
"13,9800";"1,2500";"1,7532"
"13,9900";"1,2500";"1,7544"
"14,0000";"1,2500";"1,7558"
"14,0100";"1,2500";"1,7559"
"14,0200";"1,2500";"1,7549"
"14,0300";"1,2500";"1,7533"
"14,0400";"1,2500";"1,7523"
"14,0500";"1,2500";"1,7526"
"14,0600";"1,2500";"1,7534"
"14,0700";"1,2500";"1,7531"
"14,0800";"1,2500";"1,7532"
"14,0900";"1,2500";"1,7543"
"14,1000";"1,2500";"1,7542"
"14,1100";"1,2500";"1,7535"
"14,1200";"1,2500";"1,7536"
"14,1300";"1,2500";"1,7540"
"14,1400";"1,2500";"1,7526"
"14,1500";"1,2500";"1,7507"
"14,1600";"1,2500";"1,7495"
"14,1700";"1,2500";"1,7500"
"14,1800";"1,2500";"1,7503"
"14,1900";"1,2500";"1,7499"
"14,2000";"1,2500";"1,7516"
"14,2100";"1,2500";"1,7549"
"14,2200";"1,2500";"1,7566"
"14,2300";"1,2500";"1,7553"
"14,2400";"1,2500";"1,7531"
"14,2500";"1,2500";"1,7519"
"14,2600";"1,2500";"1,7513"
"14,2700";"1,2500";"1,7499"
"14,2800";"1,2500";"1,7490"
"14,2900";"1,2500";"1,7501"
"14,3000";"1,2500";"1,7508"
"14,3100";"1,2500";"1,7503"
"14,3200";"1,2500";"1,7497"
"14,3300";"1,2500";"1,7496"
"14,3400";"1,2500";"1,7507"
"14,3500";"1,2500";"1,7518"
"14,3600";"1,2500";"1,7518"
"14,3700";"1,2500";"1,7523"
"14,3800";"1,2500";"1,7527"
"14,3900";"1,2500";"1,7527"
"14,4000";"1,2500";"1,7518"
"14,4100";"1,2500";"1,7508"
"14,4200";"1,2500";"1,7503"
"14,4300";"1,2500";"1,7497"
"14,4400";"1,2500";"1,7489"
"14,4500";"1,2500";"1,7491"
"14,4600";"1,2500";"1,7499"
"14,4700";"1,2500";"1,7493"
"14,4800";"1,2500";"1,7479"
"14,4900";"1,2500";"1,7474"
"14,5000";"1,2500";"1,7483"
"14,5100";"1,2500";"1,7488"
"14,5200";"1,2500";"1,7486"
"14,5300";"1,2500";"1,7486"
"14,5400";"1,2500";"1,7492"
"14,5500";"1,2500";"1,7492"
"14,5600";"1,2500";"1,7484"
"14,5700";"1,2500";"1,7496"
"14,5800";"1,2500";"1,7508"
"14,5900";"1,2500";"1,7497"
"14,6000";"1,2500";"1,7480"
"14,6100";"1,2500";"1,7486"
"14,6200";"1,2500";"1,7512"
"14,6300";"1,2500";"1,7510"
"14,6400";"1,2500";"1,7487"
"14,6500";"1,2500";"1,7476"
"14,6600";"1,2500";"1,7478"
"14,6700";"1,2500";"1,7478"
"14,6800";"1,2500";"1,7451"
"14,6900";"1,2500";"1,7444"
"14,7000";"1,2500";"1,7463"
"14,7100";"1,2500";"1,7487"
"14,7200";"1,2500";"1,7488"
"14,7300";"1,2500";"1,7465"
"14,7400";"1,2500";"1,7458"
"14,7500";"1,2500";"1,7461"
"14,7600";"1,2500";"1,7456"
"14,7700";"1,2500";"1,7457"
"14,7800";"1,2500";"1,7464"
"14,7900";"1,2500";"1,7463"
"14,8000";"1,2500";"1,7453"
"14,8100";"1,2500";"1,7448"
"14,8200";"1,2500";"1,7460"
"14,8300";"1,2500";"1,7463"
"14,8400";"1,2500";"1,7447"
"14,8500";"1,2500";"1,7456"
"14,8600";"1,2500";"1,7473"
"14,8700";"1,2500";"1,7486"
"14,8800";"1,2500";"1,7477"
"14,8900";"1,2500";"1,7460"
"14,9000";"1,2500";"1,7460"
"14,9100";"1,2500";"1,7454"
"14,9200";"1,2500";"1,7432"
"14,9300";"1,2500";"1,7429"
"14,9400";"1,2500";"1,7441"
"14,9500";"1,2500";"1,7455"
"14,9600";"1,2500";"1,7447"
"14,9700";"1,2500";"1,7437"
"14,9800";"1,2500";"1,7441"
"14,9900";"1,2500";"1,7454"
"15,0000";"1,2500";"1,7468"
"15,0100";"1,2500";"1,7475"
"15,0200";"1,2500";"1,7470"
"15,0300";"1,2500";"1,7467"
"15,0400";"1,2500";"1,7451"
"15,0500";"1,2500";"1,7437"
"15,0600";"1,2500";"1,7441"
"15,0700";"1,2500";"1,7448"
"15,0800";"1,2500";"1,7444"
"15,0900";"1,2500";"1,7445"
"15,1000";"1,2500";"1,7463"
"15,1100";"1,2500";"1,7475"
"15,1200";"1,2500";"1,7463"
"15,1300";"1,2500";"1,7443"
"15,1400";"1,2500";"1,7442"
"15,1500";"1,2500";"1,7454"
"15,1600";"1,2500";"1,7445"
"15,1700";"1,2500";"1,7419"
"15,1800";"1,2500";"1,7411"
"15,1900";"1,2500";"1,7419"
"15,2000";"1,2500";"1,7409"
"15,2100";"1,2500";"1,7375"
"15,2200";"1,2500";"1,7377"
"15,2300";"1,2500";"1,7408"
"15,2400";"1,2500";"1,7425"
"15,2500";"1,2500";"1,7419"
"15,2600";"1,2500";"1,7413"
"15,2700";"1,2500";"1,7411"
"15,2800";"1,2500";"1,7416"
"15,2900";"1,2500";"1,7410"
"15,3000";"1,2500";"1,7417"
"15,3100";"1,2500";"1,7428"
"15,3200";"1,2500";"1,7430"
"15,3300";"1,2500";"1,7430"
"15,3400";"1,2500";"1,7437"
"15,3500";"1,2500";"1,7437"
"15,3600";"1,2500";"1,7422"
"15,3700";"1,2500";"1,7412"
"15,3800";"1,2500";"1,7417"
"15,3900";"1,2500";"1,7419"
"15,4000";"1,2500";"1,7427"
"15,4100";"1,2500";"1,7432"
"15,4200";"1,2500";"1,7440"
"15,4300";"1,2500";"1,7438"
"15,4400";"1,2500";"1,7417"
"15,4500";"1,2500";"1,7393"
"15,4600";"1,2500";"1,7377"
"15,4700";"1,2500";"1,7385"
"15,4800";"1,2500";"1,7391"
"15,4900";"1,2500";"1,7377"
"15,5000";"1,2500";"1,7371"
"15,5100";"1,2500";"1,7380"
"15,5200";"1,2500";"1,7386"
"15,5300";"1,2500";"1,7373"
"15,5400";"1,2500";"1,7353"
"15,5500";"1,2500";"1,7354"
"15,5600";"1,2500";"1,7362"
"15,5700";"1,2500";"1,7370"
"15,5800";"1,2500";"1,7367"
"15,5900";"1,2500";"1,7370"
"15,6000";"1,2500";"1,7383"
"15,6100";"1,2500";"1,7379"
"15,6200";"1,2500";"1,7369"
"15,6300";"1,2500";"1,7378"
"15,6400";"1,2500";"1,7396"
"15,6500";"1,2500";"1,7388"
"15,6600";"1,2500";"1,7372"
"15,6700";"1,2500";"1,7376"
"15,6800";"1,2500";"1,7392"
"15,6900";"1,2500";"1,7401"
"15,7000";"1,2500";"1,7390"
"15,7100";"1,2500";"1,7383"
"15,7200";"1,2500";"1,7382"
"15,7300";"1,2500";"1,7380"
"15,7400";"1,2500";"1,7375"
"15,7500";"1,2500";"1,7370"
"15,7600";"1,2500";"1,7378"
"15,7700";"1,2500";"1,7381"
"15,7800";"1,2500";"1,7374"
"15,7900";"1,2500";"1,7366"
"15,8000";"1,2500";"1,7369"
"15,8100";"1,2500";"1,7370"
"15,8200";"1,2500";"1,7371"
"15,8300";"1,2500";"1,7379"
"15,8400";"1,2500";"1,7400"
"15,8500";"1,2500";"1,7398"
"15,8600";"1,2500";"1,7377"
"15,8700";"1,2500";"1,7372"
"15,8800";"1,2500";"1,7376"
"15,8900";"1,2500";"1,7371"
"15,9000";"1,2500";"1,7353"
"15,9100";"1,2500";"1,7345"
"15,9200";"1,2500";"1,7362"
"15,9300";"1,2500";"1,7377"
"15,9400";"1,2500";"1,7376"
"15,9500";"1,2500";"1,7366"
"15,9600";"1,2500";"1,7388"
"15,9700";"1,2500";"1,7393"
"15,9800";"1,2500";"1,7362"
"15,9900";"1,2500";"1,7336"
"16,0000";"1,2500";"1,7325"
"16,0100";"1,2500";"1,7334"
"16,0200";"1,2500";"1,7339"
"16,0300";"1,2500";"1,7346"
"16,0400";"1,2500";"1,7360"
"16,0500";"1,2500";"1,7371"
"16,0600";"1,2500";"1,7379"
"16,0700";"1,2500";"1,7377"
"16,0800";"1,2500";"1,7364"
"16,0900";"1,2500";"1,7345"
"16,1000";"1,2500";"1,7332"
"16,1100";"1,2500";"1,7327"
"16,1200";"1,2500";"1,7351"
"16,1300";"1,2500";"1,7355"
"16,1400";"1,2500";"1,7351"
"16,1500";"1,2500";"1,7365"
"16,1600";"1,2500";"1,7379"
"16,1700";"1,2500";"1,7373"
"16,1800";"1,2500";"1,7346"
"16,1900";"1,2500";"1,7321"
"16,2000";"1,2500";"1,7312"
"16,2100";"1,2500";"1,7328"
"16,2200";"1,2500";"1,7331"
"16,2300";"1,2500";"1,7330"
"16,2400";"1,2500";"1,7340"
"16,2500";"1,2500";"1,7352"
"16,2600";"1,2500";"1,7353"
"16,2700";"1,2500";"1,7340"
"16,2800";"1,2500";"1,7332"
"16,2900";"1,2500";"1,7337"
"16,3000";"1,2500";"1,7339"
"16,3100";"1,2500";"1,7334"
"16,3200";"1,2500";"1,7342"
"16,3300";"1,2500";"1,7344"
"16,3400";"1,2500";"1,7331"
"16,3500";"1,2500";"1,7317"
"16,3600";"1,2500";"1,7322"
"16,3700";"1,2500";"1,7322"
"16,3800";"1,2500";"1,7307"
"16,3900";"1,2500";"1,7294"
"16,4000";"1,2500";"1,7314"
"16,4100";"1,2500";"1,7349"
"16,4200";"1,2500";"1,7360"
"16,4300";"1,2500";"1,7346"
"16,4400";"1,2500";"1,7329"
"16,4500";"1,2500";"1,7344"
"16,4600";"1,2500";"1,7342"
"16,4700";"1,2500";"1,7320"
"16,4800";"1,2500";"1,7310"
"16,4900";"1,2500";"1,7314"
"16,5000";"1,2500";"1,7320"
"16,5100";"1,2500";"1,7327"
"16,5200";"1,2500";"1,7321"
"16,5300";"1,2500";"1,7317"
"16,5400";"1,2500";"1,7305"
"16,5500";"1,2500";"1,7277"
"16,5600";"1,2500";"1,7271"
"16,5700";"1,2500";"1,7306"
"16,5800";"1,2500";"1,7327"
"16,5900";"1,2500";"1,7318"
"16,6000";"1,2500";"1,7303"
"16,6100";"1,2500";"1,7311"
"16,6200";"1,2500";"1,7316"
"16,6300";"1,2500";"1,7307"
"16,6400";"1,2500";"1,7286"
"16,6500";"1,2500";"1,7267"
"16,6600";"1,2500";"1,7262"
"16,6700";"1,2500";"1,7280"
"16,6800";"1,2500";"1,7311"
"16,6900";"1,2500";"1,7344"
"16,7000";"1,2500";"1,7344"
"16,7100";"1,2500";"1,7317"
"16,7200";"1,2500";"1,7286"
"16,7300";"1,2500";"1,7282"
"16,7400";"1,2500";"1,7301"
"16,7500";"1,2500";"1,7299"
"16,7600";"1,2500";"1,7297"
"16,7700";"1,2500";"1,7298"
"16,7800";"1,2500";"1,7302"
"16,7900";"1,2500";"1,7295"
"16,8000";"1,2500";"1,7298"
"16,8100";"1,2500";"1,7305"
"16,8200";"1,2500";"1,7294"
"16,8300";"1,2500";"1,7270"
"16,8400";"1,2500";"1,7260"
"16,8500";"1,2500";"1,7275"
"16,8600";"1,2500";"1,7313"
"16,8700";"1,2500";"1,7315"
"16,8800";"1,2500";"1,7286"
"16,8900";"1,2500";"1,7251"
"16,9000";"1,2500";"1,7247"
"16,9100";"1,2500";"1,7262"
"16,9200";"1,2500";"1,7267"
"16,9300";"1,2500";"1,7282"
"16,9400";"1,2500";"1,7301"
"16,9500";"1,2500";"1,7290"
"16,9600";"1,2500";"1,7278"
"16,9700";"1,2500";"1,7290"
"16,9800";"1,2500";"1,7313"
"16,9900";"1,2500";"1,7301"
"17,0000";"1,2500";"1,7263"
"17,0100";"1,2500";"1,7241"
"17,0200";"1,2500";"1,7246"
"17,0300";"1,2500";"1,7271"
"17,0400";"1,2500";"1,7296"
"17,0500";"1,2500";"1,7313"
"17,0600";"1,2500";"1,7316"
"17,0700";"1,2500";"1,7309"
"17,0800";"1,2500";"1,7297"
"17,0900";"1,2500";"1,7295"
"17,1000";"1,2500";"1,7287"
"17,1100";"1,2500";"1,7261"
"17,1200";"1,2500";"1,7237"
"17,1300";"1,2500";"1,7244"
"17,1400";"1,2500";"1,7268"
"17,1500";"1,2500";"1,7279"
"17,1600";"1,2500";"1,7271"
"17,1700";"1,2500";"1,7255"
"17,1800";"1,2500";"1,7248"
"17,1900";"1,2500";"1,7243"
"17,2000";"1,2500";"1,7255"
"17,2100";"1,2500";"1,7257"
"17,2200";"1,2500";"1,7261"
"17,2300";"1,2500";"1,7265"
"17,2400";"1,2500";"1,7258"
"17,2500";"1,2500";"1,7261"
"17,2600";"1,2500";"1,7271"
"17,2700";"1,2500";"1,7278"
"17,2800";"1,2500";"1,7266"
"17,2900";"1,2500";"1,7250"
"17,3000";"1,2500";"1,7255"
"17,3100";"1,2500";"1,7262"
"17,3200";"1,2500";"1,7272"
"17,3300";"1,2500";"1,7266"
"17,3400";"1,2500";"1,7257"
"17,3500";"1,2500";"1,7242"
"17,3600";"1,2500";"1,7233"
"17,3700";"1,2500";"1,7246"
"17,3800";"1,2500";"1,7263"
"17,3900";"1,2500";"1,7261"
"17,4000";"1,2500";"1,7245"
"17,4100";"1,2500";"1,7227"
"17,4200";"1,2500";"1,7232"
"17,4300";"1,2500";"1,7245"
"17,4400";"1,2500";"1,7246"
"17,4500";"1,2500";"1,7231"
"17,4600";"1,2500";"1,7224"
"17,4700";"1,2500";"1,7233"
"17,4800";"1,2500";"1,7240"
"17,4900";"1,2500";"1,7232"
"17,5000";"1,2500";"1,7231"
"17,5100";"1,2500";"1,7231"
"17,5200";"1,2500";"1,7220"
"17,5300";"1,2500";"1,7221"
"17,5400";"1,2500";"1,7245"
"17,5500";"1,2500";"1,7268"
"17,5600";"1,2500";"1,7267"
"17,5700";"1,2500";"1,7248"
"17,5800";"1,2500";"1,7236"
"17,5900";"1,2500";"1,7250"
"17,6000";"1,2500";"1,7254"
"17,6100";"1,2500";"1,7244"
"17,6200";"1,2500";"1,7239"
"17,6300";"1,2500";"1,7240"
"17,6400";"1,2500";"1,7239"
"17,6500";"1,2500";"1,7227"
"17,6600";"1,2500";"1,7221"
"17,6700";"1,2500";"1,7224"
"17,6800";"1,2500";"1,7234"
"17,6900";"1,2500";"1,7240"
"17,7000";"1,2500";"1,7247"
"17,7100";"1,2500";"1,7262"
"17,7200";"1,2500";"1,7268"
"17,7300";"1,2500";"1,7264"
"17,7400";"1,2500";"1,7249"
"17,7500";"1,2500";"1,7243"
"17,7600";"1,2500";"1,7231"
"17,7700";"1,2500";"1,7208"
"17,7800";"1,2500";"1,7208"
"17,7900";"1,2500";"1,7242"
"17,8000";"1,2500";"1,7266"
"17,8100";"1,2500";"1,7276"
"17,8200";"1,2500";"1,7268"
"17,8300";"1,2500";"1,7251"
"17,8400";"1,2500";"1,7224"
"17,8500";"1,2500";"1,7196"
"17,8600";"1,2500";"1,7192"
"17,8700";"1,2500";"1,7207"
"17,8800";"1,2500";"1,7235"
"17,8900";"1,2500";"1,7247"
"17,9000";"1,2500";"1,7242"
"17,9100";"1,2500";"1,7246"
"17,9200";"1,2500";"1,7248"
"17,9300";"1,2500";"1,7227"
"17,9400";"1,2500";"1,7201"
"17,9500";"1,2500";"1,7191"
"17,9600";"1,2500";"1,7199"
"17,9700";"1,2500";"1,7218"
"17,9800";"1,2500";"1,7225"
"17,9900";"1,2500";"1,7217"
"18,0000";"1,2500";"1,7208"
"18,0100";"1,2500";"1,7204"
"18,0200";"1,2500";"1,7204"
"18,0300";"1,2500";"1,7202"
"18,0400";"1,2500";"1,7211"
"18,0500";"1,2500";"1,7212"
"18,0600";"1,2500";"1,7221"
"18,0700";"1,2500";"1,7221"
"18,0800";"1,2500";"1,7217"
"18,0900";"1,2500";"1,7194"
"18,1000";"1,2500";"1,7168"
"18,1100";"1,2500";"1,7162"
"18,1200";"1,2500";"1,7172"
"18,1300";"1,2500";"1,7172"
"18,1400";"1,2500";"1,7174"
"18,1500";"1,2500";"1,7186"
"18,1600";"1,2500";"1,7207"
"18,1700";"1,2500";"1,7217"
"18,1800";"1,2500";"1,7204"
"18,1900";"1,2500";"1,7189"
"18,2000";"1,2500";"1,7184"
"18,2100";"1,2500";"1,7174"
"18,2200";"1,2500";"1,7166"
"18,2300";"1,2500";"1,7172"
"18,2400";"1,2500";"1,7184"
"18,2500";"1,2500";"1,7197"
"18,2600";"1,2500";"1,7197"
"18,2700";"1,2500";"1,7196"
"18,2800";"1,2500";"1,7188"
"18,2900";"1,2500";"1,7179"
"18,3000";"1,2500";"1,7174"
"18,3100";"1,2500";"1,7166"
"18,3200";"1,2500";"1,7169"
"18,3300";"1,2500";"1,7176"
"18,3400";"1,2500";"1,7184"
"18,3500";"1,2500";"1,7190"
"18,3600";"1,2500";"1,7200"
"18,3700";"1,2500";"1,7196"
"18,3800";"1,2500";"1,7163"
"18,3900";"1,2500";"1,7140"
"18,4000";"1,2500";"1,7148"
"18,4100";"1,2500";"1,7157"
"18,4200";"1,2500";"1,7163"
"18,4300";"1,2500";"1,7158"
"18,4400";"1,2500";"1,7155"
"18,4500";"1,2500";"1,7152"
"18,4600";"1,2500";"1,7149"
"18,4700";"1,2500";"1,7157"
"18,4800";"1,2500";"1,7174"
"18,4900";"1,2500";"1,7173"
"18,5000";"1,2500";"1,7156"
"18,5100";"1,2500";"1,7145"
"18,5200";"1,2500";"1,7148"
"18,5300";"1,2500";"1,7156"
"18,5400";"1,2500";"1,7150"
"18,5500";"1,2500";"1,7136"
"18,5600";"1,2500";"1,7145"
"18,5700";"1,2500";"1,7172"
"18,5800";"1,2500";"1,7172"
"18,5900";"1,2500";"1,7159"
"18,6000";"1,2500";"1,7149"
"18,6100";"1,2500";"1,7145"
"18,6200";"1,2500";"1,7141"
"18,6300";"1,2500";"1,7141"
"18,6400";"1,2500";"1,7153"
"18,6500";"1,2500";"1,7151"
"18,6600";"1,2500";"1,7151"
"18,6700";"1,2500";"1,7155"
"18,6800";"1,2500";"1,7169"
"18,6900";"1,2500";"1,7169"
"18,7000";"1,2500";"1,7141"
"18,7100";"1,2500";"1,7119"
"18,7200";"1,2500";"1,7126"
"18,7300";"1,2500";"1,7155"
"18,7400";"1,2500";"1,7164"
"18,7500";"1,2500";"1,7150"
"18,7600";"1,2500";"1,7148"
"18,7700";"1,2500";"1,7153"
"18,7800";"1,2500";"1,7140"
"18,7900";"1,2500";"1,7117"
"18,8000";"1,2500";"1,7125"
"18,8100";"1,2500";"1,7148"
"18,8200";"1,2500";"1,7169"
"18,8300";"1,2500";"1,7159"
"18,8400";"1,2500";"1,7155"
"18,8500";"1,2500";"1,7166"
"18,8600";"1,2500";"1,7187"
"18,8700";"1,2500";"1,7188"
"18,8800";"1,2500";"1,7165"
"18,8900";"1,2500";"1,7154"
"18,9000";"1,2500";"1,7158"
"18,9100";"1,2500";"1,7152"
"18,9200";"1,2500";"1,7154"
"18,9300";"1,2500";"1,7151"
"18,9400";"1,2500";"1,7143"
"18,9500";"1,2500";"1,7127"
"18,9600";"1,2500";"1,7132"
"18,9700";"1,2500";"1,7149"
"18,9800";"1,2500";"1,7164"
"18,9900";"1,2500";"1,7155"
"19,0000";"1,2500";"1,7150"
"19,0100";"1,2500";"1,7160"
"19,0200";"1,2500";"1,7155"
"19,0300";"1,2500";"1,7135"
"19,0400";"1,2500";"1,7115"
"19,0500";"1,2500";"1,7115"
"19,0600";"1,2500";"1,7129"
"19,0700";"1,2500";"1,7129"
"19,0800";"1,2500";"1,7120"
"19,0900";"1,2500";"1,7126"
"19,1000";"1,2500";"1,7144"
"19,1100";"1,2500";"1,7143"
"19,1200";"1,2500";"1,7131"
"19,1300";"1,2500";"1,7120"
"19,1400";"1,2500";"1,7120"
"19,1500";"1,2500";"1,7107"
"19,1600";"1,2500";"1,7097"
"19,1700";"1,2500";"1,7091"
"19,1800";"1,2500";"1,7106"
"19,1900";"1,2500";"1,7126"
"19,2000";"1,2500";"1,7138"
"19,2100";"1,2500";"1,7157"
"19,2200";"1,2500";"1,7158"
"19,2300";"1,2500";"1,7150"
"19,2400";"1,2500";"1,7125"
"19,2500";"1,2500";"1,7111"
"19,2600";"1,2500";"1,7115"
"19,2700";"1,2500";"1,7121"
"19,2800";"1,2500";"1,7106"
"19,2900";"1,2500";"1,7099"
"19,3000";"1,2500";"1,7103"
"19,3100";"1,2500";"1,7099"
"19,3200";"1,2500";"1,7092"
"19,3300";"1,2500";"1,7099"
"19,3400";"1,2500";"1,7103"
"19,3500";"1,2500";"1,7102"
"19,3600";"1,2500";"1,7109"
"19,3700";"1,2500";"1,7116"
"19,3800";"1,2500";"1,7114"
"19,3900";"1,2500";"1,7107"
"19,4000";"1,2500";"1,7089"
"19,4100";"1,2500";"1,7094"
"19,4200";"1,2500";"1,7122"
"19,4300";"1,2500";"1,7129"
"19,4400";"1,2500";"1,7112"
"19,4500";"1,2500";"1,7105"
"19,4600";"1,2500";"1,7105"
"19,4700";"1,2500";"1,7093"
"19,4800";"1,2500";"1,7077"
"19,4900";"1,2500";"1,7084"
"19,5000";"1,2500";"1,7106"
"19,5100";"1,2500";"1,7110"
"19,5200";"1,2500";"1,7109"
"19,5300";"1,2500";"1,7107"
"19,5400";"1,2500";"1,7114"
"19,5500";"1,2500";"1,7124"
"19,5600";"1,2500";"1,7106"
"19,5700";"1,2500";"1,7085"
"19,5800";"1,2500";"1,7088"
"19,5900";"1,2500";"1,7101"
"19,6000";"1,2500";"1,7110"
"19,6100";"1,2500";"1,7108"
"19,6200";"1,2500";"1,7099"
"19,6300";"1,2500";"1,7095"
"19,6400";"1,2500";"1,7074"
"19,6500";"1,2500";"1,7063"
"19,6600";"1,2500";"1,7072"
"19,6700";"1,2500";"1,7070"
"19,6800";"1,2500";"1,7076"
"19,6900";"1,2500";"1,7084"
"19,7000";"1,2500";"1,7091"
"19,7100";"1,2500";"1,7093"
"19,7200";"1,2500";"1,7099"
"19,7300";"1,2500";"1,7097"
"19,7400";"1,2500";"1,7103"
"19,7500";"1,2500";"1,7098"
"19,7600";"1,2500";"1,7082"
"19,7700";"1,2500";"1,7078"
"19,7800";"1,2500";"1,7095"
"19,7900";"1,2500";"1,7112"
"19,8000";"1,2500";"1,7104"
"19,8100";"1,2500";"1,7090"
"19,8200";"1,2500";"1,7094"
"19,8300";"1,2500";"1,7122"
"19,8400";"1,2500";"1,7137"
"19,8500";"1,2500";"1,7116"
"19,8600";"1,2500";"1,7098"
"19,8700";"1,2500";"1,7082"
"19,8800";"1,2500";"1,7062"
"19,8900";"1,2500";"1,7052"
"19,9000";"1,2500";"1,7063"
"19,9100";"1,2500";"1,7091"
"19,9200";"1,2500";"1,7099"
"19,9300";"1,2500";"1,7105"
"19,9400";"1,2500";"1,7120"
"19,9500";"1,2500";"1,7121"
"19,9600";"1,2500";"1,7093"
"19,9700";"1,2500";"1,7067"
"19,9800";"1,2500";"1,7062"
"19,9900";"1,2500";"1,7069"
"20,0000";"1,2500";"1,7073"
"20,0100";"1,2500";"1,7068"
"20,0200";"1,2500";"1,7080"
"20,0300";"1,2500";"1,7100"
"20,0400";"1,2500";"1,7103"
"20,0500";"1,2500";"1,7083"
"20,0600";"1,2500";"1,7057"
"20,0700";"1,2500";"1,7050"
"20,0800";"1,2500";"1,7047"
"20,0900";"1,2500";"1,7043"
"20,1000";"1,2500";"1,7055"
"20,1100";"1,2500";"1,7080"
"20,1200";"1,2500";"1,7091"
"20,1300";"1,2500";"1,7079"
"20,1400";"1,2500";"1,7064"
"20,1500";"1,2500";"1,7071"
"20,1600";"1,2500";"1,7069"
"20,1700";"1,2500";"1,7065"
"20,1800";"1,2500";"1,7074"
"20,1900";"1,2500";"1,7076"
"20,2000";"1,2500";"1,7073"
"20,2100";"1,2500";"1,7063"
"20,2200";"1,2500";"1,7063"
"20,2300";"1,2500";"1,7057"
"20,2400";"1,2500";"1,7045"
"20,2500";"1,2500";"1,7030"
"20,2600";"1,2500";"1,7046"
"20,2700";"1,2500";"1,7073"
"20,2800";"1,2500";"1,7084"
"20,2900";"1,2500";"1,7067"
"20,3000";"1,2500";"1,7040"
"20,3100";"1,2500";"1,7040"
"20,3200";"1,2500";"1,7049"
"20,3300";"1,2500";"1,7055"
"20,3400";"1,2500";"1,7064"
"20,3500";"1,2500";"1,7066"
"20,3600";"1,2500";"1,7059"
"20,3700";"1,2500";"1,7042"
"20,3800";"1,2500";"1,7030"
"20,3900";"1,2500";"1,7021"
"20,4000";"1,2500";"1,7024"
"20,4100";"1,2500";"1,7021"
"20,4200";"1,2500";"1,7025"
"20,4300";"1,2500";"1,7045"
"20,4400";"1,2500";"1,7068"
"20,4500";"1,2500";"1,7066"
"20,4600";"1,2500";"1,7041"
"20,4700";"1,2500";"1,7025"
"20,4800";"1,2500";"1,7019"
"20,4900";"1,2500";"1,7016"
"20,5000";"1,2500";"1,7026"
"20,5100";"1,2500";"1,7045"
"20,5200";"1,2500";"1,7073"
"20,5300";"1,2500";"1,7083"
"20,5400";"1,2500";"1,7061"
"20,5500";"1,2500";"1,7059"
"20,5600";"1,2500";"1,7049"
"20,5700";"1,2500";"1,7021"
"20,5800";"1,2500";"1,6988"
"20,5900";"1,2500";"1,6982"
"20,6000";"1,2500";"1,7008"
"20,6100";"1,2500";"1,7040"
"20,6200";"1,2500";"1,7050"
"20,6300";"1,2500";"1,7046"
"20,6400";"1,2500";"1,7053"
"20,6500";"1,2500";"1,7053"
"20,6600";"1,2500";"1,7033"
"20,6700";"1,2500";"1,7034"
"20,6800";"1,2500";"1,7041"
"20,6900";"1,2500";"1,7046"
"20,7000";"1,2500";"1,7035"
"20,7100";"1,2500";"1,7035"
"20,7200";"1,2500";"1,7047"
"20,7300";"1,2500";"1,7054"
"20,7400";"1,2500";"1,7043"
"20,7500";"1,2500";"1,7028"
"20,7600";"1,2500";"1,7017"
"20,7700";"1,2500";"1,7007"
"20,7800";"1,2500";"1,6997"
"20,7900";"1,2500";"1,7007"
"20,8000";"1,2500";"1,7034"
"20,8100";"1,2500";"1,7044"
"20,8200";"1,2500";"1,7040"
"20,8300";"1,2500";"1,7032"
"20,8400";"1,2500";"1,7039"
"20,8500";"1,2500";"1,7048"
"20,8600";"1,2500";"1,7032"
"20,8700";"1,2500";"1,7016"
"20,8800";"1,2500";"1,7003"
"20,8900";"1,2500";"1,7004"
"20,9000";"1,2500";"1,7009"
"20,9100";"1,2500";"1,7005"
"20,9200";"1,2500";"1,6998"
"20,9300";"1,2500";"1,7001"
"20,9400";"1,2500";"1,6999"
"20,9500";"1,2500";"1,7016"
"20,9600";"1,2500";"1,7034"
"20,9700";"1,2500";"1,7029"
"20,9800";"1,2500";"1,7015"
"20,9900";"1,2500";"1,7012"
"21,0000";"1,2500";"1,7014"
"21,0100";"1,2500";"1,7016"
"21,0200";"1,2500";"1,7023"
"21,0300";"1,2500";"1,7021"
"21,0400";"1,2500";"1,7032"
"21,0500";"1,2500";"1,7031"
"21,0600";"1,2500";"1,7025"
"21,0700";"1,2500";"1,7018"
"21,0800";"1,2500";"1,6994"
"21,0900";"1,2500";"1,6989"
"21,1000";"1,2500";"1,6987"
"21,1100";"1,2500";"1,6973"
"21,1200";"1,2500";"1,6989"
"21,1300";"1,2500";"1,7017"
"21,1400";"1,2500";"1,7017"
"21,1500";"1,2500";"1,6998"
"21,1600";"1,2500";"1,6991"
"21,1700";"1,2500";"1,6994"
"21,1800";"1,2500";"1,6999"
"21,1900";"1,2500";"1,6987"
"21,2000";"1,2500";"1,6977"
"21,2100";"1,2500";"1,6978"
"21,2200";"1,2500";"1,6991"
"21,2300";"1,2500";"1,7012"
"21,2400";"1,2500";"1,7025"
"21,2500";"1,2500";"1,7034"
"21,2600";"1,2500";"1,7021"
"21,2700";"1,2500";"1,6990"
"21,2800";"1,2500";"1,6978"
"21,2900";"1,2500";"1,6983"
"21,3000";"1,2500";"1,6991"
"21,3100";"1,2500";"1,6985"
"21,3200";"1,2500";"1,6990"
"21,3300";"1,2500";"1,7001"
"21,3400";"1,2500";"1,7004"
"21,3500";"1,2500";"1,7003"
"21,3600";"1,2500";"1,6998"
"21,3700";"1,2500";"1,7001"
"21,3800";"1,2500";"1,7001"
"21,3900";"1,2500";"1,6985"
"21,4000";"1,2500";"1,6975"
"21,4100";"1,2500";"1,6992"
"21,4200";"1,2500";"1,7008"
"21,4300";"1,2500";"1,6990"
"21,4400";"1,2500";"1,6972"
"21,4500";"1,2500";"1,6962"
"21,4600";"1,2500";"1,6967"
"21,4700";"1,2500";"1,6991"
"21,4800";"1,2500";"1,7016"
"21,4900";"1,2500";"1,7018"
"21,5000";"1,2500";"1,7006"
"21,5100";"1,2500";"1,6979"
"21,5200";"1,2500";"1,6965"
"21,5300";"1,2500";"1,6965"
"21,5400";"1,2500";"1,6962"
"21,5500";"1,2500";"1,6949"
"21,5600";"1,2500";"1,6968"
"21,5700";"1,2500";"1,7004"
"21,5800";"1,2500";"1,7018"
"21,5900";"1,2500";"1,6990"
"21,6000";"1,2500";"1,6965"
"21,6100";"1,2500";"1,6965"
"21,6200";"1,2500";"1,6974"
"21,6300";"1,2500";"1,6985"
"21,6400";"1,2500";"1,6977"
"21,6500";"1,2500";"1,6980"
"21,6600";"1,2500";"1,7001"
"21,6700";"1,2500";"1,7001"
"21,6800";"1,2500";"1,6977"
"21,6900";"1,2500";"1,6948"
"21,7000";"1,2500";"1,6935"
"21,7100";"1,2500";"1,6941"
"21,7200";"1,2500";"1,6956"
"21,7300";"1,2500";"1,6969"
"21,7400";"1,2500";"1,6977"
"21,7500";"1,2500";"1,6975"
"21,7600";"1,2500";"1,6961"
"21,7700";"1,2500";"1,6952"
"21,7800";"1,2500";"1,6957"
"21,7900";"1,2500";"1,6944"
"21,8000";"1,2500";"1,6934"
"21,8100";"1,2500";"1,6945"
"21,8200";"1,2500";"1,6965"
"21,8300";"1,2500";"1,6960"
"21,8400";"1,2500";"1,6945"
"21,8500";"1,2500";"1,6941"
"21,8600";"1,2500";"1,6957"
"21,8700";"1,2500";"1,6965"
"21,8800";"1,2500";"1,6960"
"21,8900";"1,2500";"1,6958"
"21,9000";"1,2500";"1,6974"
"21,9100";"1,2500";"1,6984"
"21,9200";"1,2500";"1,6985"
"21,9300";"1,2500";"1,6980"
"21,9400";"1,2500";"1,6973"
"21,9500";"1,2500";"1,6956"
"21,9600";"1,2500";"1,6928"
"21,9700";"1,2500";"1,6918"
"21,9800";"1,2500";"1,6939"
"21,9900";"1,2500";"1,6949"
"22,0000";"1,2500";"1,6948"
"22,0100";"1,2500";"1,6954"
"22,0200";"1,2500";"1,6966"
"22,0300";"1,2500";"1,6975"
"22,0400";"1,2500";"1,6954"
"22,0500";"1,2500";"1,6943"
"22,0600";"1,2500";"1,6954"
"22,0700";"1,2500";"1,6963"
"22,0800";"1,2500";"1,6955"
"22,0900";"1,2500";"1,6934"
"22,1000";"1,2500";"1,6933"
"22,1100";"1,2500";"1,6925"
"22,1200";"1,2500";"1,6913"
"22,1300";"1,2500";"1,6903"
"22,1400";"1,2500";"1,6911"
"22,1500";"1,2500";"1,6935"
"22,1600";"1,2500";"1,6956"
"22,1700";"1,2500";"1,6969"
"22,1800";"1,2500";"1,6978"
"22,1900";"1,2500";"1,6979"
"22,2000";"1,2500";"1,6972"
"22,2100";"1,2500";"1,6964"
"22,2200";"1,2500";"1,6964"
"22,2300";"1,2500";"1,6963"
"22,2400";"1,2500";"1,6940"
"22,2500";"1,2500";"1,6923"
"22,2600";"1,2500";"1,6939"
"22,2700";"1,2500";"1,6950"
"22,2800";"1,2500";"1,6935"
"22,2900";"1,2500";"1,6918"
"22,3000";"1,2500";"1,6916"
"22,3100";"1,2500";"1,6925"
"22,3200";"1,2500";"1,6931"
"22,3300";"1,2500";"1,6934"
"22,3400";"1,2500";"1,6948"
"22,3500";"1,2500";"1,6956"
"22,3600";"1,2500";"1,6944"
"22,3700";"1,2500";"1,6918"
"22,3800";"1,2500";"1,6911"
"22,3900";"1,2500";"1,6927"
"22,4000";"1,2500";"1,6929"
"22,4100";"1,2500";"1,6921"
"22,4200";"1,2500";"1,6927"
"22,4300";"1,2500";"1,6954"
"22,4400";"1,2500";"1,6968"
"22,4500";"1,2500";"1,6950"
"22,4600";"1,2500";"1,6935"
"22,4700";"1,2500";"1,6925"
"22,4800";"1,2500";"1,6915"
"22,4900";"1,2500";"1,6907"
"22,5000";"1,2500";"1,6911"
"22,5100";"1,2500";"1,6915"
"22,5200";"1,2500";"1,6908"
"22,5300";"1,2500";"1,6895"
"22,5400";"1,2500";"1,6895"
"22,5500";"1,2500";"1,6911"
"22,5600";"1,2500";"1,6924"
"22,5700";"1,2500";"1,6920"
"22,5800";"1,2500";"1,6926"
"22,5900";"1,2500";"1,6952"
"22,6000";"1,2500";"1,6961"
"22,6100";"1,2500";"1,6948"
"22,6200";"1,2500";"1,6946"
"22,6300";"1,2500";"1,6942"
"22,6400";"1,2500";"1,6930"
"22,6500";"1,2500";"1,6910"
"22,6600";"1,2500";"1,6885"
"22,6700";"1,2500";"1,6875"
"22,6800";"1,2500";"1,6886"
"22,6900";"1,2500";"1,6893"
"22,7000";"1,2500";"1,6894"
"22,7100";"1,2500";"1,6902"
"22,7200";"1,2500";"1,6917"
"22,7300";"1,2500";"1,6920"
"22,7400";"1,2500";"1,6923"
"22,7500";"1,2500";"1,6940"
"22,7600";"1,2500";"1,6936"
"22,7700";"1,2500";"1,6907"
"22,7800";"1,2500";"1,6901"
"22,7900";"1,2500";"1,6919"
"22,8000";"1,2500";"1,6925"
"22,8100";"1,2500";"1,6904"
"22,8200";"1,2500";"1,6887"
"22,8300";"1,2500";"1,6894"
"22,8400";"1,2500";"1,6925"
"22,8500";"1,2500";"1,6933"
"22,8600";"1,2500";"1,6922"
"22,8700";"1,2500";"1,6920"
"22,8800";"1,2500";"1,6932"
"22,8900";"1,2500";"1,6927"
"22,9000";"1,2500";"1,6909"
"22,9100";"1,2500";"1,6909"
"22,9200";"1,2500";"1,6916"
"22,9300";"1,2500";"1,6911"
"22,9400";"1,2500";"1,6891"
"22,9500";"1,2500";"1,6884"
"22,9600";"1,2500";"1,6898"
"22,9700";"1,2500";"1,6906"
"22,9800";"1,2500";"1,6905"
"22,9900";"1,2500";"1,6910"
"23,0000";"1,2500";"1,6922"
"23,0100";"1,2500";"1,6923"
"23,0200";"1,2500";"1,6917"
"23,0300";"1,2500";"1,6917"
"23,0400";"1,2500";"1,6923"
"23,0500";"1,2500";"1,6915"
"23,0600";"1,2500";"1,6900"
"23,0700";"1,2500";"1,6903"
"23,0800";"1,2500";"1,6929"
"23,0900";"1,2500";"1,6935"
"23,1000";"1,2500";"1,6915"
"23,1100";"1,2500";"1,6908"
"23,1200";"1,2500";"1,6915"
"23,1300";"1,2500";"1,6918"
"23,1400";"1,2500";"1,6894"
"23,1500";"1,2500";"1,6877"
"23,1600";"1,2500";"1,6886"
"23,1700";"1,2500";"1,6904"
"23,1800";"1,2500";"1,6899"
"23,1900";"1,2500";"1,6891"
"23,2000";"1,2500";"1,6896"
"23,2100";"1,2500";"1,6889"
"23,2200";"1,2500";"1,6882"
"23,2300";"1,2500";"1,6861"
"23,2400";"1,2500";"1,6852"
"23,2500";"1,2500";"1,6861"
"23,2600";"1,2500";"1,6877"
"23,2700";"1,2500";"1,6889"
"23,2800";"1,2500";"1,6897"
"23,2900";"1,2500";"1,6895"
"23,3000";"1,2500";"1,6879"
"23,3100";"1,2500";"1,6875"
"23,3200";"1,2500";"1,6888"
"23,3300";"1,2500";"1,6883"
"23,3400";"1,2500";"1,6869"
"23,3500";"1,2500";"1,6860"
"23,3600";"1,2500";"1,6874"
"23,3700";"1,2500";"1,6892"
"23,3800";"1,2500";"1,6904"
"23,3900";"1,2500";"1,6893"
"23,4000";"1,2500";"1,6884"
"23,4100";"1,2500";"1,6879"
"23,4200";"1,2500";"1,6874"
"23,4300";"1,2500";"1,6867"
"23,4400";"1,2500";"1,6875"
"23,4500";"1,2500";"1,6889"
"23,4600";"1,2500";"1,6913"
"23,4700";"1,2500";"1,6913"
"23,4800";"1,2500";"1,6895"
"23,4900";"1,2500";"1,6876"
"23,5000";"1,2500";"1,6850"
"23,5100";"1,2500";"1,6841"
"23,5200";"1,2500";"1,6853"
"23,5300";"1,2500";"1,6864"
"23,5400";"1,2500";"1,6870"
"23,5500";"1,2500";"1,6880"
"23,5600";"1,2500";"1,6897"
"23,5700";"1,2500";"1,6891"
"23,5800";"1,2500";"1,6870"
"23,5900";"1,2500";"1,6850"
"23,6000";"1,2500";"1,6853"
"23,6100";"1,2500";"1,6858"
"23,6200";"1,2500";"1,6857"
"23,6300";"1,2500";"1,6844"
"23,6400";"1,2500";"1,6848"
"23,6500";"1,2500";"1,6868"
"23,6600";"1,2500";"1,6868"
"23,6700";"1,2500";"1,6842"
"23,6800";"1,2500";"1,6833"
"23,6900";"1,2500";"1,6846"
"23,7000";"1,2500";"1,6865"
"23,7100";"1,2500";"1,6883"
"23,7200";"1,2500";"1,6896"
"23,7300";"1,2500";"1,6893"
"23,7400";"1,2500";"1,6884"
"23,7500";"1,2500";"1,6873"
"23,7600";"1,2500";"1,6879"
"23,7700";"1,2500";"1,6881"
"23,7800";"1,2500";"1,6869"
"23,7900";"1,2500";"1,6872"
"23,8000";"1,2500";"1,6887"
"23,8100";"1,2500";"1,6905"
"23,8200";"1,2500";"1,6899"
"23,8300";"1,2500";"1,6868"
"23,8400";"1,2500";"1,6845"
"23,8500";"1,2500";"1,6837"
"23,8600";"1,2500";"1,6825"
"23,8700";"1,2500";"1,6810"
"23,8800";"1,2500";"1,6820"
"23,8900";"1,2500";"1,6853"
"23,9000";"1,2500";"1,6876"
"23,9100";"1,2500";"1,6873"
"23,9200";"1,2500";"1,6857"
"23,9300";"1,2500";"1,6838"
"23,9400";"1,2500";"1,6836"
"23,9500";"1,2500";"1,6838"
"23,9600";"1,2500";"1,6835"
"23,9700";"1,2500";"1,6850"
"23,9800";"1,2500";"1,6869"
"23,9900";"1,2500";"1,6873"
"24,0000";"1,2500";"1,6871"
"24,0100";"1,2500";"1,6869"
"24,0200";"1,2500";"1,6869"
"24,0300";"1,2500";"1,6863"
"24,0400";"1,2500";"1,6867"
"24,0500";"1,2500";"1,6885"
"24,0600";"1,2500";"1,6897"
"24,0700";"1,2500";"1,6883"
"24,0800";"1,2500";"1,6878"
"24,0900";"1,2500";"1,6877"
"24,1000";"1,2500";"1,6871"
"24,1100";"1,2500";"1,6843"
"24,1200";"1,2500";"1,6824"
"24,1300";"1,2500";"1,6833"
"24,1400";"1,2500";"1,6857"
"24,1500";"1,2500";"1,6866"
"24,1600";"1,2500";"1,6867"
"24,1700";"1,2500";"1,6867"
"24,1800";"1,2500";"1,6866"
"24,1900";"1,2500";"1,6855"
"24,2000";"1,2500";"1,6840"
"24,2100";"1,2500";"1,6831"
"24,2200";"1,2500";"1,6832"
"24,2300";"1,2500";"1,6842"
"24,2400";"1,2500";"1,6850"
"24,2500";"1,2500";"1,6852"
"24,2600";"1,2500";"1,6851"
"24,2700";"1,2500";"1,6849"
"24,2800";"1,2500";"1,6840"
"24,2900";"1,2500";"1,6846"
"24,3000";"1,2500";"1,6851"
"24,3100";"1,2500";"1,6844"
"24,3200";"1,2500";"1,6837"
"24,3300";"1,2500";"1,6843"
"24,3400";"1,2500";"1,6859"
"24,3500";"1,2500";"1,6860"
"24,3600";"1,2500";"1,6850"
"24,3700";"1,2500";"1,6865"
"24,3800";"1,2500";"1,6881"
"24,3900";"1,2500";"1,6874"
"24,4000";"1,2500";"1,6845"
"24,4100";"1,2500";"1,6819"
"24,4200";"1,2500";"1,6827"
"24,4300";"1,2500";"1,6833"
"24,4400";"1,2500";"1,6820"
"24,4500";"1,2500";"1,6814"
"24,4600";"1,2500";"1,6824"
"24,4700";"1,2500";"1,6834"
"24,4800";"1,2500";"1,6842"
"24,4900";"1,2500";"1,6839"
"24,5000";"1,2500";"1,6840"
"24,5100";"1,2500";"1,6833"
"24,5200";"1,2500";"1,6813"
"24,5300";"1,2500";"1,6802"
"24,5400";"1,2500";"1,6812"
"24,5500";"1,2500";"1,6819"
"24,5600";"1,2500";"1,6825"
"24,5700";"1,2500";"1,6834"
"24,5800";"1,2500";"1,6851"
"24,5900";"1,2500";"1,6860"
"24,6000";"1,2500";"1,6852"
"24,6100";"1,2500";"1,6832"
"24,6200";"1,2500";"1,6823"
"24,6300";"1,2500";"1,6816"
"24,6400";"1,2500";"1,6797"
"24,6500";"1,2500";"1,6778"
"24,6600";"1,2500";"1,6788"
"24,6700";"1,2500";"1,6808"
"24,6800";"1,2500";"1,6813"
"24,6900";"1,2500";"1,6807"
"24,7000";"1,2500";"1,6803"
"24,7100";"1,2500";"1,6818"
"24,7200";"1,2500";"1,6829"
"24,7300";"1,2500";"1,6834"
"24,7400";"1,2500";"1,6827"
"24,7500";"1,2500";"1,6815"
"24,7600";"1,2500";"1,6806"
"24,7700";"1,2500";"1,6814"
"24,7800";"1,2500";"1,6830"
"24,7900";"1,2500";"1,6834"
"24,8000";"1,2500";"1,6828"
"24,8100";"1,2500";"1,6835"
"24,8200";"1,2500";"1,6843"
"24,8300";"1,2500";"1,6852"
"24,8400";"1,2500";"1,6847"
"24,8500";"1,2500";"1,6832"
"24,8600";"1,2500";"1,6822"
"24,8700";"1,2500";"1,6816"
"24,8800";"1,2500";"1,6813"
"24,8900";"1,2500";"1,6808"
"24,9000";"1,2500";"1,6824"
"24,9100";"1,2500";"1,6830"
"24,9200";"1,2500";"1,6819"
"24,9300";"1,2500";"1,6809"
"24,9400";"1,2500";"1,6810"
"24,9500";"1,2500";"1,6828"
"24,9600";"1,2500";"1,6828"
"24,9700";"1,2500";"1,6826"
"24,9800";"1,2500";"1,6830"
"24,9900";"1,2500";"1,6841"
"25,0000";"1,2500";"1,6846"
"25,0100";"1,2500";"1,6845"
"25,0200";"1,2500";"1,6834"
"25,0300";"1,2500";"1,6819"
"25,0400";"1,2500";"1,6810"
"25,0500";"1,2500";"1,6808"
"25,0600";"1,2500";"1,6808"
"25,0700";"1,2500";"1,6813"
"25,0800";"1,2500";"1,6809"
"25,0900";"1,2500";"1,6804"
"25,1000";"1,2500";"1,6809"
"25,1100";"1,2500";"1,6833"
"25,1200";"1,2500";"1,6839"
"25,1300";"1,2500";"1,6829"
"25,1400";"1,2500";"1,6817"
"25,1500";"1,2500";"1,6824"
"25,1600";"1,2500";"1,6829"
"25,1700";"1,2500";"1,6821"
"25,1800";"1,2500";"1,6813"
"25,1900";"1,2500";"1,6807"
"25,2000";"1,2500";"1,6808"
"25,2100";"1,2500";"1,6799"
"25,2200";"1,2500";"1,6791"
"25,2300";"1,2500";"1,6813"
"25,2400";"1,2500";"1,6830"
"25,2500";"1,2500";"1,6838"
"25,2600";"1,2500";"1,6817"
"25,2700";"1,2500";"1,6803"
"25,2800";"1,2500";"1,6797"
"25,2900";"1,2500";"1,6799"
"25,3000";"1,2500";"1,6791"
"25,3100";"1,2500";"1,6776"
"25,3200";"1,2500";"1,6769"
"25,3300";"1,2500";"1,6784"
"25,3400";"1,2500";"1,6809"
"25,3500";"1,2500";"1,6827"
"25,3600";"1,2500";"1,6821"
"25,3700";"1,2500";"1,6801"
"25,3800";"1,2500";"1,6789"
"25,3900";"1,2500";"1,6793"
"25,4000";"1,2500";"1,6801"
"25,4100";"1,2500";"1,6775"
"25,4200";"1,2500";"1,6748"
"25,4300";"1,2500";"1,6746"
"25,4400";"1,2500";"1,6774"
"25,4500";"1,2500";"1,6800"
"25,4600";"1,2500";"1,6821"
"25,4700";"1,2500";"1,6829"
"25,4800";"1,2500";"1,6833"
"25,4900";"1,2500";"1,6816"
"25,5000";"1,2500";"1,6788"
"25,5100";"1,2500";"1,6782"
"25,5200";"1,2500";"1,6793"
"25,5300";"1,2500";"1,6805"
"25,5400";"1,2500";"1,6797"
"25,5500";"1,2500";"1,6790"
"25,5600";"1,2500";"1,6797"
"25,5700";"1,2500";"1,6794"
"25,5800";"1,2500";"1,6785"
"25,5900";"1,2500";"1,6780"
"25,6000";"1,2500";"1,6779"
"25,6100";"1,2500";"1,6783"
"25,6200";"1,2500";"1,6773"
"25,6300";"1,2500";"1,6778"
"25,6400";"1,2500";"1,6795"
"25,6500";"1,2500";"1,6790"
"25,6600";"1,2500";"1,6764"
"25,6700";"1,2500";"1,6749"
"25,6800";"1,2500";"1,6774"
"25,6900";"1,2500";"1,6794"
"25,7000";"1,2500";"1,6779"
"25,7100";"1,2500";"1,6755"
"25,7200";"1,2500";"1,6758"
"25,7300";"1,2500";"1,6781"
"25,7400";"1,2500";"1,6788"
"25,7500";"1,2500";"1,6796"
"25,7600";"1,2500";"1,6797"
"25,7700";"1,2500";"1,6794"
"25,7800";"1,2500";"1,6803"
"25,7900";"1,2500";"1,6800"
"25,8000";"1,2500";"1,6790"
"25,8100";"1,2500";"1,6775"
"25,8200";"1,2500";"1,6755"
"25,8300";"1,2500";"1,6739"
"25,8400";"1,2500";"1,6750"
"25,8500";"1,2500";"1,6795"
"25,8600";"1,2500";"1,6837"
"25,8700";"1,2500";"1,6849"
"25,8800";"1,2500";"1,6845"
"25,8900";"1,2500";"1,6823"
"25,9000";"1,2500";"1,6775"
"25,9100";"1,2500";"1,6740"
"25,9200";"1,2500";"1,6727"
"25,9300";"1,2500";"1,6741"
"25,9400";"1,2500";"1,6750"
"25,9500";"1,2500";"1,6754"
"25,9600";"1,2500";"1,6778"
"25,9700";"1,2500";"1,6816"
"25,9800";"1,2500";"1,6819"
"25,9900";"1,2500";"1,6780"
"26,0000";"1,2500";"1,6742"
"26,0100";"1,2500";"1,6743"
"26,0200";"1,2500";"1,6782"
"26,0300";"1,2500";"1,6793"
"26,0400";"1,2500";"1,6781"
"26,0500";"1,2500";"1,6779"
"26,0600";"1,2500";"1,6782"
"26,0700";"1,2500";"1,6798"
"26,0800";"1,2500";"1,6791"
"26,0900";"1,2500";"1,6761"
"26,1000";"1,2500";"1,6727"
"26,1100";"1,2500";"1,6722"
"26,1200";"1,2500";"1,6750"
"26,1300";"1,2500";"1,6769"
"26,1400";"1,2500";"1,6768"
"26,1500";"1,2500";"1,6757"
"26,1600";"1,2500";"1,6766"
"26,1700";"1,2500";"1,6782"
"26,1800";"1,2500";"1,6768"
"26,1900";"1,2500";"1,6724"
"26,2000";"1,2500";"1,6692"
"26,2100";"1,2500";"1,6713"
"26,2200";"1,2500";"1,6750"
"26,2300";"1,2500";"1,6768"
"26,2400";"1,2500";"1,6771"
"26,2500";"1,2500";"1,6777"
"26,2600";"1,2500";"1,6775"
"26,2700";"1,2500";"1,6745"
"26,2800";"1,2500";"1,6720"
"26,2900";"1,2500";"1,6726"
"26,3000";"1,2500";"1,6750"
"26,3100";"1,2500";"1,6767"
"26,3200";"1,2500";"1,6778"
"26,3300";"1,2500";"1,6786"
"26,3400";"1,2500";"1,6787"
"26,3500";"1,2500";"1,6782"
"26,3600";"1,2500";"1,6769"
"26,3700";"1,2500";"1,6746"
"26,3800";"1,2500";"1,6733"
"26,3900";"1,2500";"1,6738"
"26,4000";"1,2500";"1,6751"
"26,4100";"1,2500";"1,6779"
"26,4200";"1,2500";"1,6790"
"26,4300";"1,2500";"1,6773"
"26,4400";"1,2500";"1,6746"
"26,4500";"1,2500";"1,6742"
"26,4600";"1,2500";"1,6761"
"26,4700";"1,2500";"1,6754"
"26,4800";"1,2500";"1,6728"
"26,4900";"1,2500";"1,6717"
"26,5000";"1,2500";"1,6732"
"26,5100";"1,2500";"1,6749"
"26,5200";"1,2500";"1,6760"
"26,5300";"1,2500";"1,6754"
"26,5400";"1,2500";"1,6733"
"26,5500";"1,2500";"1,6714"
"26,5600";"1,2500";"1,6721"
"26,5700";"1,2500";"1,6745"
"26,5800";"1,2500";"1,6765"
"26,5900";"1,2500";"1,6767"
"26,6000";"1,2500";"1,6768"
"26,6100";"1,2500";"1,6769"
"26,6200";"1,2500";"1,6766"
"26,6300";"1,2500";"1,6745"
"26,6400";"1,2500";"1,6729"
"26,6500";"1,2500";"1,6730"
"26,6600";"1,2500";"1,6745"
"26,6700";"1,2500";"1,6746"
"26,6800";"1,2500";"1,6744"
"26,6900";"1,2500";"1,6753"
"26,7000";"1,2500";"1,6772"
"26,7100";"1,2500";"1,6777"
"26,7200";"1,2500";"1,6763"
"26,7300";"1,2500";"1,6749"
"26,7400";"1,2500";"1,6750"
"26,7500";"1,2500";"1,6750"
"26,7600";"1,2500";"1,6757"
"26,7700";"1,2500";"1,6760"
"26,7800";"1,2500";"1,6766"
"26,7900";"1,2500";"1,6773"
"26,8000";"1,2500";"1,6761"
"26,8100";"1,2500";"1,6743"
"26,8200";"1,2500";"1,6736"
"26,8300";"1,2500";"1,6729"
"26,8400";"1,2500";"1,6730"
"26,8500";"1,2500";"1,6739"
"26,8600";"1,2500";"1,6756"
"26,8700";"1,2500";"1,6754"
"26,8800";"1,2500";"1,6738"
"26,8900";"1,2500";"1,6722"
"26,9000";"1,2500";"1,6722"
"26,9100";"1,2500";"1,6729"
"26,9200";"1,2500";"1,6723"
"26,9300";"1,2500";"1,6715"
"26,9400";"1,2500";"1,6726"
"26,9500";"1,2500";"1,6757"
"26,9600";"1,2500";"1,6761"
"26,9700";"1,2500";"1,6754"
"26,9800";"1,2500";"1,6750"
"26,9900";"1,2500";"1,6742"
"27,0000";"1,2500";"1,6732"
"27,0100";"1,2500";"1,6727"
"27,0200";"1,2500";"1,6729"
"27,0300";"1,2500";"1,6730"
"27,0400";"1,2500";"1,6734"
"27,0500";"1,2500";"1,6723"
"27,0600";"1,2500";"1,6717"
"27,0700";"1,2500";"1,6720"
"27,0800";"1,2500";"1,6707"
"27,0900";"1,2500";"1,6699"
"27,1000";"1,2500";"1,6704"
"27,1100";"1,2500";"1,6725"
"27,1200";"1,2500";"1,6730"
"27,1300";"1,2500";"1,6722"
"27,1400";"1,2500";"1,6718"
"27,1500";"1,2500";"1,6724"
"27,1600";"1,2500";"1,6727"
"27,1700";"1,2500";"1,6725"
"27,1800";"1,2500";"1,6731"
"27,1900";"1,2500";"1,6734"
"27,2000";"1,2500";"1,6726"
"27,2100";"1,2500";"1,6721"
"27,2200";"1,2500";"1,6735"
"27,2300";"1,2500";"1,6747"
"27,2400";"1,2500";"1,6722"
"27,2500";"1,2500";"1,6693"
"27,2600";"1,2500";"1,6692"
"27,2700";"1,2500";"1,6707"
"27,2800";"1,2500";"1,6713"
"27,2900";"1,2500";"1,6697"
"27,3000";"1,2500";"1,6705"
"27,3100";"1,2500";"1,6721"
"27,3200";"1,2500";"1,6732"
"27,3300";"1,2500";"1,6732"
"27,3400";"1,2500";"1,6728"
"27,3500";"1,2500";"1,6714"
"27,3600";"1,2500";"1,6698"
"27,3700";"1,2500";"1,6688"
"27,3800";"1,2500";"1,6701"
"27,3900";"1,2500";"1,6720"
"27,4000";"1,2500";"1,6734"
"27,4100";"1,2500";"1,6732"
"27,4200";"1,2500";"1,6738"
"27,4300";"1,2500";"1,6741"
"27,4400";"1,2500";"1,6723"
"27,4500";"1,2500";"1,6692"
"27,4600";"1,2500";"1,6674"
"27,4700";"1,2500";"1,6684"
"27,4800";"1,2500";"1,6710"
"27,4900";"1,2500";"1,6715"
"27,5000";"1,2500";"1,6712"
"27,5100";"1,2500";"1,6728"
"27,5200";"1,2500";"1,6738"
"27,5300";"1,2500";"1,6727"
"27,5400";"1,2500";"1,6724"
"27,5500";"1,2500";"1,6730"
"27,5600";"1,2500";"1,6746"
"27,5700";"1,2500";"1,6745"
"27,5800";"1,2500";"1,6727"
"27,5900";"1,2500";"1,6715"
"27,6000";"1,2500";"1,6718"
"27,6100";"1,2500";"1,6707"
"27,6200";"1,2500";"1,6696"
"27,6300";"1,2500";"1,6698"
"27,6400";"1,2500";"1,6697"
"27,6500";"1,2500";"1,6681"
"27,6600";"1,2500";"1,6669"
"27,6700";"1,2500";"1,6682"
"27,6800";"1,2500";"1,6691"
"27,6900";"1,2500";"1,6688"
"27,7000";"1,2500";"1,6687"
"27,7100";"1,2500";"1,6714"
"27,7200";"1,2500";"1,6742"
"27,7300";"1,2500";"1,6741"
"27,7400";"1,2500";"1,6711"
"27,7500";"1,2500";"1,6691"
"27,7600";"1,2500";"1,6696"
"27,7700";"1,2500";"1,6700"
"27,7800";"1,2500";"1,6695"
"27,7900";"1,2500";"1,6695"
"27,8000";"1,2500";"1,6705"
"27,8100";"1,2500";"1,6706"
"27,8200";"1,2500";"1,6686"
"27,8300";"1,2500";"1,6676"
"27,8400";"1,2500";"1,6687"
"27,8500";"1,2500";"1,6694"
"27,8600";"1,2500";"1,6687"
"27,8700";"1,2500";"1,6681"
"27,8800";"1,2500";"1,6687"
"27,8900";"1,2500";"1,6688"
"27,9000";"1,2500";"1,6686"
"27,9100";"1,2500";"1,6695"
"27,9200";"1,2500";"1,6704"
"27,9300";"1,2500";"1,6708"
"27,9400";"1,2500";"1,6706"
"27,9500";"1,2500";"1,6713"
"27,9600";"1,2500";"1,6728"
"27,9700";"1,2500";"1,6725"
"27,9800";"1,2500";"1,6714"
"27,9900";"1,2500";"1,6701"
"28,0000";"1,2500";"1,6699"
"28,0100";"1,2500";"1,6696"
"28,0200";"1,2500";"1,6694"
"28,0300";"1,2500";"1,6698"
"28,0400";"1,2500";"1,6701"
"28,0500";"1,2500";"1,6702"
"28,0600";"1,2500";"1,6691"
"28,0700";"1,2500";"1,6689"
"28,0800";"1,2500";"1,6701"
"28,0900";"1,2500";"1,6705"
"28,1000";"1,2500";"1,6701"
"28,1100";"1,2500";"1,6702"
"28,1200";"1,2500";"1,6709"
"28,1300";"1,2500";"1,6697"
"28,1400";"1,2500";"1,6681"
"28,1500";"1,2500";"1,6674"
"28,1600";"1,2500";"1,6673"
"28,1700";"1,2500";"1,6671"
"28,1800";"1,2500";"1,6665"
"28,1900";"1,2500";"1,6666"
"28,2000";"1,2500";"1,6677"
"28,2100";"1,2500";"1,6688"
"28,2200";"1,2500";"1,6677"
"28,2300";"1,2500";"1,6663"
"28,2400";"1,2500";"1,6673"
"28,2500";"1,2500";"1,6685"
"28,2600";"1,2500";"1,6688"
"28,2700";"1,2500";"1,6674"
"28,2800";"1,2500";"1,6692"
"28,2900";"1,2500";"1,6715"
"28,3000";"1,2500";"1,6721"
"28,3100";"1,2500";"1,6700"
"28,3200";"1,2500";"1,6684"
"28,3300";"1,2500";"1,6687"
"28,3400";"1,2500";"1,6684"
"28,3500";"1,2500";"1,6669"
"28,3600";"1,2500";"1,6660"
"28,3700";"1,2500";"1,6653"
"28,3800";"1,2500";"1,6651"
"28,3900";"1,2500";"1,6660"
"28,4000";"1,2500";"1,6673"
"28,4100";"1,2500";"1,6702"
"28,4200";"1,2500";"1,6707"
"28,4300";"1,2500";"1,6681"
"28,4400";"1,2500";"1,6663"
"28,4500";"1,2500";"1,6659"
"28,4600";"1,2500";"1,6662"
"28,4700";"1,2500";"1,6675"
"28,4800";"1,2500";"1,6700"
"28,4900";"1,2500";"1,6704"
"28,5000";"1,2500";"1,6699"
"28,5100";"1,2500";"1,6693"
"28,5200";"1,2500";"1,6680"
"28,5300";"1,2500";"1,6671"
"28,5400";"1,2500";"1,6656"
"28,5500";"1,2500";"1,6637"
"28,5600";"1,2500";"1,6639"
"28,5700";"1,2500";"1,6654"
"28,5800";"1,2500";"1,6678"
"28,5900";"1,2500";"1,6690"
"28,6000";"1,2500";"1,6687"
"28,6100";"1,2500";"1,6670"
"28,6200";"1,2500";"1,6653"
"28,6300";"1,2500";"1,6639"
"28,6400";"1,2500";"1,6631"
"28,6500";"1,2500";"1,6633"
"28,6600";"1,2500";"1,6649"
"28,6700";"1,2500";"1,6658"
"28,6800";"1,2500";"1,6677"
"28,6900";"1,2500";"1,6685"
"28,7000";"1,2500";"1,6671"
"28,7100";"1,2500";"1,6656"
"28,7200";"1,2500";"1,6655"
"28,7300";"1,2500";"1,6672"
"28,7400";"1,2500";"1,6672"
"28,7500";"1,2500";"1,6672"
"28,7600";"1,2500";"1,6673"
"28,7700";"1,2500";"1,6676"
"28,7800";"1,2500";"1,6679"
"28,7900";"1,2500";"1,6657"
"28,8000";"1,2500";"1,6644"
"28,8100";"1,2500";"1,6648"
"28,8200";"1,2500";"1,6659"
"28,8300";"1,2500";"1,6658"
"28,8400";"1,2500";"1,6650"
"28,8500";"1,2500";"1,6653"
"28,8600";"1,2500";"1,6669"
"28,8700";"1,2500";"1,6673"
"28,8800";"1,2500";"1,6656"
"28,8900";"1,2500";"1,6647"
"28,9000";"1,2500";"1,6647"
"28,9100";"1,2500";"1,6650"
"28,9200";"1,2500";"1,6647"
"28,9300";"1,2500";"1,6635"
"28,9400";"1,2500";"1,6627"
"28,9500";"1,2500";"1,6629"
"28,9600";"1,2500";"1,6645"
"28,9700";"1,2500";"1,6675"
"28,9800";"1,2500";"1,6690"
"28,9900";"1,2500";"1,6683"
"29,0000";"1,2500";"1,6661"
"29,0100";"1,2500";"1,6657"
"29,0200";"1,2500";"1,6658"
"29,0300";"1,2500";"1,6655"
"29,0400";"1,2500";"1,6642"
"29,0500";"1,2500";"1,6643"
"29,0600";"1,2500";"1,6640"
"29,0700";"1,2500";"1,6633"
"29,0800";"1,2500";"1,6632"
"29,0900";"1,2500";"1,6637"
"29,1000";"1,2500";"1,6652"
"29,1100";"1,2500";"1,6661"
"29,1200";"1,2500";"1,6647"
"29,1300";"1,2500";"1,6632"
"29,1400";"1,2500";"1,6641"
"29,1500";"1,2500";"1,6655"
"29,1600";"1,2500";"1,6660"
"29,1700";"1,2500";"1,6664"
"29,1800";"1,2500";"1,6665"
"29,1900";"1,2500";"1,6658"
"29,2000";"1,2500";"1,6640"
"29,2100";"1,2500";"1,6639"
"29,2200";"1,2500";"1,6645"
"29,2300";"1,2500";"1,6640"
"29,2400";"1,2500";"1,6629"
"29,2500";"1,2500";"1,6638"
"29,2600";"1,2500";"1,6662"
"29,2700";"1,2500";"1,6672"
"29,2800";"1,2500";"1,6641"
"29,2900";"1,2500";"1,6624"
"29,3000";"1,2500";"1,6637"
"29,3100";"1,2500";"1,6651"
"29,3200";"1,2500";"1,6651"
"29,3300";"1,2500";"1,6651"
"29,3400";"1,2500";"1,6655"
"29,3500";"1,2500";"1,6667"
"29,3600";"1,2500";"1,6684"
"29,3700";"1,2500";"1,6681"
"29,3800";"1,2500";"1,6664"
"29,3900";"1,2500";"1,6648"
"29,4000";"1,2500";"1,6650"
"29,4100";"1,2500";"1,6663"
"29,4200";"1,2500";"1,6658"
"29,4300";"1,2500";"1,6649"
"29,4400";"1,2500";"1,6640"
"29,4500";"1,2500";"1,6641"
"29,4600";"1,2500";"1,6666"
"29,4700";"1,2500";"1,6687"
"29,4800";"1,2500";"1,6686"
"29,4900";"1,2500";"1,6666"
"29,5000";"1,2500";"1,6659"
"29,5100";"1,2500";"1,6655"
"29,5200";"1,2500";"1,6641"
"29,5300";"1,2500";"1,6628"
"29,5400";"1,2500";"1,6620"
"29,5500";"1,2500";"1,6634"
"29,5600";"1,2500";"1,6639"
"29,5700";"1,2500";"1,6623"
"29,5800";"1,2500";"1,6622"
"29,5900";"1,2500";"1,6633"
"29,6000";"1,2500";"1,6641"
"29,6100";"1,2500";"1,6634"
"29,6200";"1,2500";"1,6627"
"29,6300";"1,2500";"1,6636"
"29,6400";"1,2500";"1,6652"
"29,6500";"1,2500";"1,6654"
"29,6600";"1,2500";"1,6657"
"29,6700";"1,2500";"1,6657"
"29,6800";"1,2500";"1,6658"
"29,6900";"1,2500";"1,6649"
"29,7000";"1,2500";"1,6629"
"29,7100";"1,2500";"1,6626"
"29,7200";"1,2500";"1,6626"
"29,7300";"1,2500";"1,6625"
"29,7400";"1,2500";"1,6640"
"29,7500";"1,2500";"1,6648"
"29,7600";"1,2500";"1,6649"
"29,7700";"1,2500";"1,6643"
"29,7800";"1,2500";"1,6642"
"29,7900";"1,2500";"1,6636"
"29,8000";"1,2500";"1,6643"
"29,8100";"1,2500";"1,6641"
"29,8200";"1,2500";"1,6641"
"29,8300";"1,2500";"1,6659"
"29,8400";"1,2500";"1,6676"
"29,8500";"1,2500";"1,6665"
"29,8600";"1,2500";"1,6651"
"29,8700";"1,2500";"1,6637"
"29,8800";"1,2500";"1,6621"
"29,8900";"1,2500";"1,6598"
"29,9000";"1,2500";"1,6585"
"29,9100";"1,2500";"1,6606"
"29,9200";"1,2500";"1,6645"
"29,9300";"1,2500";"1,6665"
"29,9400";"1,2500";"1,6656"
"29,9500";"1,2500";"1,6649"
"29,9600";"1,2500";"1,6632"
"29,9700";"1,2500";"1,6615"
"29,9800";"1,2500";"1,6611"
"29,9900";"1,2500";"1,6613"
"30,0000";"1,2500";"1,6618"
"30,0100";"1,2500";"1,6621"
"30,0200";"1,2500";"1,6634"
"30,0300";"1,2500";"1,6644"
"30,0400";"1,2500";"1,6639"
"30,0500";"1,2500";"1,6615"
"30,0600";"1,2500";"1,6603"
"30,0700";"1,2500";"1,6614"
"30,0800";"1,2500";"1,6629"
"30,0900";"1,2500";"1,6623"
"30,1000";"1,2500";"1,6618"
"30,1100";"1,2500";"1,6625"
"30,1200";"1,2500";"1,6656"
"30,1300";"1,2500";"1,6657"
"30,1400";"1,2500";"1,6618"
"30,1500";"1,2500";"1,6600"
"30,1600";"1,2500";"1,6604"
"30,1700";"1,2500";"1,6609"
"30,1800";"1,2500";"1,6619"
"30,1900";"1,2500";"1,6631"
"30,2000";"1,2500";"1,6634"
"30,2100";"1,2500";"1,6611"
"30,2200";"1,2500";"1,6577"
"30,2300";"1,2500";"1,6568"
"30,2400";"1,2500";"1,6569"
"30,2500";"1,2500";"1,6577"
"30,2600";"1,2500";"1,6593"
"30,2700";"1,2500";"1,6608"
"30,2800";"1,2500";"1,6624"
"30,2900";"1,2500";"1,6624"
"30,3000";"1,2500";"1,6612"
"30,3100";"1,2500";"1,6605"
"30,3200";"1,2500";"1,6607"
"30,3300";"1,2500";"1,6597"
"30,3400";"1,2500";"1,6585"
"30,3500";"1,2500";"1,6598"
"30,3600";"1,2500";"1,6627"
"30,3700";"1,2500";"1,6653"
"30,3800";"1,2500";"1,6645"
"30,3900";"1,2500";"1,6622"
"30,4000";"1,2500";"1,6619"
"30,4100";"1,2500";"1,6628"
"30,4200";"1,2500";"1,6627"
"30,4300";"1,2500";"1,6627"
"30,4400";"1,2500";"1,6624"
"30,4500";"1,2500";"1,6623"
"30,4600";"1,2500";"1,6626"
"30,4700";"1,2500";"1,6626"
"30,4800";"1,2500";"1,6634"
"30,4900";"1,2500";"1,6626"
"30,5000";"1,2500";"1,6599"
"30,5100";"1,2500";"1,6595"
"30,5200";"1,2500";"1,6613"
"30,5300";"1,2500";"1,6633"
"30,5400";"1,2500";"1,6630"
"30,5500";"1,2500";"1,6624"
"30,5600";"1,2500";"1,6624"
"30,5700";"1,2500";"1,6620"
"30,5800";"1,2500";"1,6613"
"30,5900";"1,2500";"1,6602"
"30,6000";"1,2500";"1,6610"
"30,6100";"1,2500";"1,6622"
"30,6200";"1,2500";"1,6619"
"30,6300";"1,2500";"1,6598"
"30,6400";"1,2500";"1,6599"
"30,6500";"1,2500";"1,6600"
"30,6600";"1,2500";"1,6593"
"30,6700";"1,2500";"1,6581"
"30,6800";"1,2500";"1,6574"
"30,6900";"1,2500";"1,6582"
"30,7000";"1,2500";"1,6584"
"30,7100";"1,2500";"1,6583"
"30,7200";"1,2500";"1,6605"
"30,7300";"1,2500";"1,6617"
"30,7400";"1,2500";"1,6600"
"30,7500";"1,2500";"1,6579"
"30,7600";"1,2500";"1,6581"
"30,7700";"1,2500";"1,6584"
"30,7800";"1,2500";"1,6586"
"30,7900";"1,2500";"1,6587"
"30,8000";"1,2500";"1,6589"
"30,8100";"1,2500";"1,6608"
"30,8200";"1,2500";"1,6622"
"30,8300";"1,2500";"1,6618"
"30,8400";"1,2500";"1,6608"
"30,8500";"1,2500";"1,6595"
"30,8600";"1,2500";"1,6576"
"30,8700";"1,2500";"1,6555"
"30,8800";"1,2500";"1,6563"
"30,8900";"1,2500";"1,6595"
"30,9000";"1,2500";"1,6627"
"30,9100";"1,2500";"1,6637"
"30,9200";"1,2500";"1,6632"
"30,9300";"1,2500";"1,6608"
"30,9400";"1,2500";"1,6586"
"30,9500";"1,2500";"1,6566"
"30,9600";"1,2500";"1,6576"
"30,9700";"1,2500";"1,6582"
"30,9800";"1,2500";"1,6591"
"30,9900";"1,2500";"1,6593"
"31,0000";"1,2500";"1,6593"
"31,0100";"1,2500";"1,6596"
"31,0200";"1,2500";"1,6591"
"31,0300";"1,2500";"1,6578"
"31,0400";"1,2500";"1,6568"
"31,0500";"1,2500";"1,6568"
"31,0600";"1,2500";"1,6571"
"31,0700";"1,2500";"1,6569"
"31,0800";"1,2500";"1,6572"
"31,0900";"1,2500";"1,6592"
"31,1000";"1,2500";"1,6608"
"31,1100";"1,2500";"1,6594"
"31,1200";"1,2500";"1,6580"
"31,1300";"1,2500";"1,6584"
"31,1400";"1,2500";"1,6606"
"31,1500";"1,2500";"1,6610"
"31,1600";"1,2500";"1,6587"
"31,1700";"1,2500";"1,6574"
"31,1800";"1,2500";"1,6582"
"31,1900";"1,2500";"1,6592"
"31,2000";"1,2500";"1,6606"
"31,2100";"1,2500";"1,6606"
"31,2200";"1,2500";"1,6577"
"31,2300";"1,2500";"1,6542"
"31,2400";"1,2500";"1,6542"
"31,2500";"1,2500";"1,6563"
"31,2600";"1,2500";"1,6583"
"31,2700";"1,2500";"1,6579"
"31,2800";"1,2500";"1,6568"
"31,2900";"1,2500";"1,6582"
"31,3000";"1,2500";"1,6600"
"31,3100";"1,2500";"1,6591"
"31,3200";"1,2500";"1,6562"
"31,3300";"1,2500";"1,6552"
"31,3400";"1,2500";"1,6560"
"31,3500";"1,2500";"1,6561"
"31,3600";"1,2500";"1,6566"
"31,3700";"1,2500";"1,6581"
"31,3800";"1,2500";"1,6597"
"31,3900";"1,2500";"1,6597"
"31,4000";"1,2500";"1,6569"
"31,4100";"1,2500";"1,6547"
"31,4200";"1,2500";"1,6561"
"31,4300";"1,2500";"1,6590"
"31,4400";"1,2500";"1,6603"
"31,4500";"1,2500";"1,6598"
"31,4600";"1,2500";"1,6587"
"31,4700";"1,2500";"1,6579"
"31,4800";"1,2500";"1,6575"
"31,4900";"1,2500";"1,6574"
"31,5000";"1,2500";"1,6577"
"31,5100";"1,2500";"1,6572"
"31,5200";"1,2500";"1,6548"
"31,5300";"1,2500";"1,6546"
"31,5400";"1,2500";"1,6570"
"31,5500";"1,2500";"1,6587"
"31,5600";"1,2500";"1,6583"
"31,5700";"1,2500";"1,6576"
"31,5800";"1,2500";"1,6579"
"31,5900";"1,2500";"1,6570"
"31,6000";"1,2500";"1,6561"
"31,6100";"1,2500";"1,6562"
"31,6200";"1,2500";"1,6574"
"31,6300";"1,2500";"1,6565"
"31,6400";"1,2500";"1,6538"
"31,6500";"1,2500";"1,6543"
"31,6600";"1,2500";"1,6567"
"31,6700";"1,2500";"1,6569"
"31,6800";"1,2500";"1,6540"
"31,6900";"1,2500";"1,6516"
"31,7000";"1,2500";"1,6522"
"31,7100";"1,2500";"1,6539"
"31,7200";"1,2500";"1,6555"
"31,7300";"1,2500";"1,6576"
"31,7400";"1,2500";"1,6601"
"31,7500";"1,2500";"1,6599"
"31,7600";"1,2500";"1,6560"
"31,7700";"1,2500";"1,6527"
"31,7800";"1,2500";"1,6526"
"31,7900";"1,2500";"1,6546"
"31,8000";"1,2500";"1,6559"
"31,8100";"1,2500";"1,6570"
"31,8200";"1,2500";"1,6579"
"31,8300";"1,2500";"1,6591"
"31,8400";"1,2500";"1,6582"
"31,8500";"1,2500";"1,6560"
"31,8600";"1,2500";"1,6547"
"31,8700";"1,2500";"1,6549"
"31,8800";"1,2500";"1,6552"
"31,8900";"1,2500";"1,6552"
"31,9000";"1,2500";"1,6551"
"31,9100";"1,2500";"1,6546"
"31,9200";"1,2500";"1,6533"
"31,9300";"1,2500";"1,6518"
"31,9400";"1,2500";"1,6521"
"31,9500";"1,2500";"1,6537"
"31,9600";"1,2500";"1,6546"
"31,9700";"1,2500";"1,6541"
"31,9800";"1,2500";"1,6552"
"31,9900";"1,2500";"1,6578"
"32,0000";"1,2500";"1,6587"
"32,0100";"1,2500";"1,6582"
"32,0200";"1,2500";"1,6567"
"32,0300";"1,2500";"1,6551"
"32,0400";"1,2500";"1,6530"
"32,0500";"1,2500";"1,6518"
"32,0600";"1,2500";"1,6528"
"32,0700";"1,2500";"1,6559"
"32,0800";"1,2500";"1,6590"
"32,0900";"1,2500";"1,6582"
"32,1000";"1,2500";"1,6573"
"32,1100";"1,2500";"1,6571"
"32,1200";"1,2500";"1,6560"
"32,1300";"1,2500";"1,6545"
"32,1400";"1,2500";"1,6551"
"32,1500";"1,2500";"1,6568"
"32,1600";"1,2500";"1,6583"
"32,1700";"1,2500";"1,6596"
"32,1800";"1,2500";"1,6587"
"32,1900";"1,2500";"1,6563"
"32,2000";"1,2500";"1,6539"
"32,2100";"1,2500";"1,6516"
"32,2200";"1,2500";"1,6517"
"32,2300";"1,2500";"1,6531"
"32,2400";"1,2500";"1,6553"
"32,2500";"1,2500";"1,6567"
"32,2600";"1,2500";"1,6574"
"32,2700";"1,2500";"1,6583"
"32,2800";"1,2500";"1,6578"
"32,2900";"1,2500";"1,6554"
"32,3000";"1,2500";"1,6542"
"32,3100";"1,2500";"1,6545"
"32,3200";"1,2500";"1,6553"
"32,3300";"1,2500";"1,6543"
"32,3400";"1,2500";"1,6539"
"32,3500";"1,2500";"1,6553"
"32,3600";"1,2500";"1,6556"
"32,3700";"1,2500";"1,6543"
"32,3800";"1,2500";"1,6525"
"32,3900";"1,2500";"1,6533"
"32,4000";"1,2500";"1,6541"
"32,4100";"1,2500";"1,6533"
"32,4200";"1,2500";"1,6520"
"32,4300";"1,2500";"1,6534"
"32,4400";"1,2500";"1,6556"
"32,4500";"1,2500";"1,6562"
"32,4600";"1,2500";"1,6556"
"32,4700";"1,2500";"1,6538"
"32,4800";"1,2500";"1,6521"
"32,4900";"1,2500";"1,6507"
"32,5000";"1,2500";"1,6502"
"32,5100";"1,2500";"1,6510"
"32,5200";"1,2500";"1,6525"
"32,5300";"1,2500";"1,6527"
"32,5400";"1,2500";"1,6521"
"32,5500";"1,2500";"1,6519"
"32,5600";"1,2500";"1,6531"
"32,5700";"1,2500";"1,6529"
"32,5800";"1,2500";"1,6525"
"32,5900";"1,2500";"1,6529"
"32,6000";"1,2500";"1,6540"
"32,6100";"1,2500";"1,6545"
"32,6200";"1,2500";"1,6551"
"32,6300";"1,2500";"1,6554"
"32,6400";"1,2500";"1,6551"
"32,6500";"1,2500";"1,6544"
"32,6600";"1,2500";"1,6531"
"32,6700";"1,2500";"1,6535"
"32,6800";"1,2500";"1,6558"
"32,6900";"1,2500";"1,6554"
"32,7000";"1,2500";"1,6531"
"32,7100";"1,2500";"1,6504"
"32,7200";"1,2500";"1,6500"
"32,7300";"1,2500";"1,6523"
"32,7400";"1,2500";"1,6543"
"32,7500";"1,2500";"1,6546"
"32,7600";"1,2500";"1,6555"
"32,7700";"1,2500";"1,6552"
"32,7800";"1,2500";"1,6545"
"32,7900";"1,2500";"1,6547"
"32,8000";"1,2500";"1,6548"
"32,8100";"1,2500";"1,6549"
"32,8200";"1,2500";"1,6549"
"32,8300";"1,2500";"1,6561"
"32,8400";"1,2500";"1,6592"
"32,8500";"1,2500";"1,6601"
"32,8600";"1,2500";"1,6575"
"32,8700";"1,2500";"1,6538"
"32,8800";"1,2500";"1,6510"
"32,8900";"1,2500";"1,6505"
"32,9000";"1,2500";"1,6516"
"32,9100";"1,2500";"1,6523"
"32,9200";"1,2500";"1,6531"
"32,9300";"1,2500";"1,6528"
"32,9400";"1,2500";"1,6519"
"32,9500";"1,2500";"1,6511"
"32,9600";"1,2500";"1,6522"
"32,9700";"1,2500";"1,6517"
"32,9800";"1,2500";"1,6512"
"32,9900";"1,2500";"1,6511"
"33,0000";"1,2500";"1,6509"
"33,0100";"1,2500";"1,6512"
"33,0200";"1,2500";"1,6514"
"33,0300";"1,2500";"1,6517"
"33,0400";"1,2500";"1,6517"
"33,0500";"1,2500";"1,6514"
"33,0600";"1,2500";"1,6514"
"33,0700";"1,2500";"1,6516"
"33,0800";"1,2500";"1,6531"
"33,0900";"1,2500";"1,6539"
"33,1000";"1,2500";"1,6516"
"33,1100";"1,2500";"1,6500"
"33,1200";"1,2500";"1,6511"
"33,1300";"1,2500";"1,6546"
"33,1400";"1,2500";"1,6548"
"33,1500";"1,2500";"1,6526"
"33,1600";"1,2500";"1,6506"
"33,1700";"1,2500";"1,6511"
"33,1800";"1,2500";"1,6527"
"33,1900";"1,2500";"1,6526"
"33,2000";"1,2500";"1,6517"
"33,2100";"1,2500";"1,6506"
"33,2200";"1,2500";"1,6505"
"33,2300";"1,2500";"1,6505"
"33,2400";"1,2500";"1,6517"
"33,2500";"1,2500";"1,6538"
"33,2600";"1,2500";"1,6533"
"33,2700";"1,2500";"1,6506"
"33,2800";"1,2500";"1,6488"
"33,2900";"1,2500";"1,6503"
"33,3000";"1,2500";"1,6529"
"33,3100";"1,2500";"1,6535"
"33,3200";"1,2500";"1,6541"
"33,3300";"1,2500";"1,6542"
"33,3400";"1,2500";"1,6524"
"33,3500";"1,2500";"1,6486"
"33,3600";"1,2500";"1,6474"
"33,3700";"1,2500";"1,6487"
"33,3800";"1,2500";"1,6480"
"33,3900";"1,2500";"1,6473"
"33,4000";"1,2500";"1,6491"
"33,4100";"1,2500";"1,6524"
"33,4200";"1,2500";"1,6545"
"33,4300";"1,2500";"1,6547"
"33,4400";"1,2500";"1,6525"
"33,4500";"1,2500";"1,6520"
"33,4600";"1,2500";"1,6527"
"33,4700";"1,2500";"1,6529"
"33,4800";"1,2500";"1,6518"
"33,4900";"1,2500";"1,6509"
"33,5000";"1,2500";"1,6505"
"33,5100";"1,2500";"1,6498"
"33,5200";"1,2500";"1,6496"
"33,5300";"1,2500";"1,6492"
"33,5400";"1,2500";"1,6486"
"33,5500";"1,2500";"1,6480"
"33,5600";"1,2500";"1,6496"
"33,5700";"1,2500";"1,6523"
"33,5800";"1,2500";"1,6537"
"33,5900";"1,2500";"1,6527"
"33,6000";"1,2500";"1,6531"
"33,6100";"1,2500";"1,6539"
"33,6200";"1,2500";"1,6546"
"33,6300";"1,2500";"1,6529"
"33,6400";"1,2500";"1,6514"
"33,6500";"1,2500";"1,6515"
"33,6600";"1,2500";"1,6523"
"33,6700";"1,2500";"1,6525"
"33,6800";"1,2500";"1,6520"
"33,6900";"1,2500";"1,6518"
"33,7000";"1,2500";"1,6517"
"33,7100";"1,2500";"1,6517"
"33,7200";"1,2500";"1,6523"
"33,7300";"1,2500";"1,6523"
"33,7400";"1,2500";"1,6536"
"33,7500";"1,2500";"1,6526"
"33,7600";"1,2500";"1,6507"
"33,7700";"1,2500";"1,6498"
"33,7800";"1,2500";"1,6504"
"33,7900";"1,2500";"1,6499"
"33,8000";"1,2500";"1,6475"
"33,8100";"1,2500";"1,6463"
"33,8200";"1,2500";"1,6478"
"33,8300";"1,2500";"1,6479"
"33,8400";"1,2500";"1,6475"
"33,8500";"1,2500";"1,6474"
"33,8600";"1,2500";"1,6497"
"33,8700";"1,2500";"1,6509"
"33,8800";"1,2500";"1,6496"
"33,8900";"1,2500";"1,6490"
"33,9000";"1,2500";"1,6504"
"33,9100";"1,2500";"1,6508"
"33,9200";"1,2500";"1,6487"
"33,9300";"1,2500";"1,6482"
"33,9400";"1,2500";"1,6499"
"33,9500";"1,2500";"1,6513"
"33,9600";"1,2500";"1,6514"
"33,9700";"1,2500";"1,6503"
"33,9800";"1,2500";"1,6506"
"33,9900";"1,2500";"1,6508"
"34,0000";"1,2500";"1,6498"
"34,0100";"1,2500";"1,6489"
"34,0200";"1,2500";"1,6491"
"34,0300";"1,2500";"1,6494"
"34,0400";"1,2500";"1,6486"
"34,0500";"1,2500";"1,6482"
"34,0600";"1,2500";"1,6478"
"34,0700";"1,2500";"1,6467"
"34,0800";"1,2500";"1,6446"
"34,0900";"1,2500";"1,6454"
"34,1000";"1,2500";"1,6481"
"34,1100";"1,2500";"1,6501"
"34,1200";"1,2500";"1,6502"
"34,1300";"1,2500";"1,6500"
"34,1400";"1,2500";"1,6509"
"34,1500";"1,2500";"1,6518"
"34,1600";"1,2500";"1,6505"
"34,1700";"1,2500";"1,6481"
"34,1800";"1,2500";"1,6483"
"34,1900";"1,2500";"1,6495"
"34,2000";"1,2500";"1,6504"
"34,2100";"1,2500";"1,6495"
"34,2200";"1,2500";"1,6482"
"34,2300";"1,2500";"1,6481"
"34,2400";"1,2500";"1,6474"
"34,2500";"1,2500";"1,6461"
"34,2600";"1,2500";"1,6463"
"34,2700";"1,2500";"1,6474"
"34,2800";"1,2500";"1,6479"
"34,2900";"1,2500";"1,6486"
"34,3000";"1,2500";"1,6493"
"34,3100";"1,2500";"1,6495"
"34,3200";"1,2500";"1,6490"
"34,3300";"1,2500";"1,6474"
"34,3400";"1,2500";"1,6466"
"34,3500";"1,2500";"1,6474"
"34,3600";"1,2500";"1,6480"
"34,3700";"1,2500";"1,6475"
"34,3800";"1,2500";"1,6488"
"34,3900";"1,2500";"1,6498"
"34,4000";"1,2500";"1,6479"
"34,4100";"1,2500";"1,6459"
"34,4200";"1,2500";"1,6454"
"34,4300";"1,2500";"1,6470"
"34,4400";"1,2500";"1,6481"
"34,4500";"1,2500";"1,6469"
"34,4600";"1,2500";"1,6471"
"34,4700";"1,2500";"1,6482"
"34,4800";"1,2500";"1,6498"
"34,4900";"1,2500";"1,6498"
"34,5000";"1,2500";"1,6495"
"34,5100";"1,2500";"1,6499"
"34,5200";"1,2500";"1,6490"
"34,5300";"1,2500";"1,6463"
"34,5400";"1,2500";"1,6454"
"34,5500";"1,2500";"1,6464"
"34,5600";"1,2500";"1,6471"
"34,5700";"1,2500";"1,6453"
"34,5800";"1,2500";"1,6457"
"34,5900";"1,2500";"1,6479"
"34,6000";"1,2500";"1,6501"
"34,6100";"1,2500";"1,6496"
"34,6200";"1,2500";"1,6472"
"34,6300";"1,2500";"1,6449"
"34,6400";"1,2500";"1,6446"
"34,6500";"1,2500";"1,6439"
"34,6600";"1,2500";"1,6441"
"34,6700";"1,2500";"1,6462"
"34,6800";"1,2500";"1,6479"
"34,6900";"1,2500";"1,6474"
"34,7000";"1,2500";"1,6460"
"34,7100";"1,2500";"1,6454"
"34,7200";"1,2500";"1,6452"
"34,7300";"1,2500";"1,6441"
"34,7400";"1,2500";"1,6422"
"34,7500";"1,2500";"1,6433"
"34,7600";"1,2500";"1,6456"
"34,7700";"1,2500";"1,6469"
"34,7800";"1,2500";"1,6470"
"34,7900";"1,2500";"1,6471"
"34,8000";"1,2500";"1,6486"
"34,8100";"1,2500";"1,6504"
"34,8200";"1,2500";"1,6493"
"34,8300";"1,2500";"1,6473"
"34,8400";"1,2500";"1,6456"
"34,8500";"1,2500";"1,6448"
"34,8600";"1,2500";"1,6462"
"34,8700";"1,2500";"1,6497"
"34,8800";"1,2500";"1,6500"
"34,8900";"1,2500";"1,6476"
"34,9000";"1,2500";"1,6459"
"34,9100";"1,2500";"1,6461"
"34,9200";"1,2500";"1,6468"
"34,9300";"1,2500";"1,6466"
"34,9400";"1,2500";"1,6457"
"34,9500";"1,2500";"1,6453"
"34,9600";"1,2500";"1,6468"
"34,9700";"1,2500";"1,6465"
"34,9800";"1,2500";"1,6448"
"34,9900";"1,2500";"1,6450"
"35,0000";"1,2500";"1,6464"
"35,0100";"1,2500";"1,6465"
"35,0200";"1,2500";"1,6439"
"35,0300";"1,2500";"1,6428"
"35,0400";"1,2500";"1,6446"
"35,0500";"1,2500";"1,6454"
"35,0600";"1,2500";"1,6462"
"35,0700";"1,2500";"1,6460"
"35,0800";"1,2500";"1,6466"
"35,0900";"1,2500";"1,6461"
"35,1000";"1,2500";"1,6460"
"35,1100";"1,2500";"1,6474"
"35,1200";"1,2500";"1,6484"
"35,1300";"1,2500";"1,6477"
"35,1400";"1,2500";"1,6466"
"35,1500";"1,2500";"1,6472"
"35,1600";"1,2500";"1,6489"
"35,1700";"1,2500";"1,6496"
"35,1800";"1,2500";"1,6473"
"35,1900";"1,2500";"1,6456"
"35,2000";"1,2500";"1,6458"
"35,2100";"1,2500";"1,6472"
"35,2200";"1,2500";"1,6479"
"35,2300";"1,2500";"1,6477"
"35,2400";"1,2500";"1,6472"
"35,2500";"1,2500";"1,6472"
"35,2600";"1,2500";"1,6476"
"35,2700";"1,2500";"1,6484"
"35,2800";"1,2500";"1,6490"
"35,2900";"1,2500";"1,6498"
"35,3000";"1,2500";"1,6487"
"35,3100";"1,2500";"1,6475"
"35,3200";"1,2500";"1,6476"
"35,3300";"1,2500";"1,6470"
"35,3400";"1,2500";"1,6460"
"35,3500";"1,2500";"1,6456"
"35,3600";"1,2500";"1,6466"
"35,3700";"1,2500";"1,6467"
"35,3800";"1,2500";"1,6465"
"35,3900";"1,2500";"1,6457"
"35,4000";"1,2500";"1,6454"
"35,4100";"1,2500";"1,6452"
"35,4200";"1,2500";"1,6428"
"35,4300";"1,2500";"1,6401"
"35,4400";"1,2500";"1,6412"
"35,4500";"1,2500";"1,6456"
"35,4600";"1,2500";"1,6475"
"35,4700";"1,2500";"1,6461"
"35,4800";"1,2500";"1,6456"
"35,4900";"1,2500";"1,6465"
"35,5000";"1,2500";"1,6457"
"35,5100";"1,2500";"1,6433"
"35,5200";"1,2500";"1,6419"
"35,5300";"1,2500";"1,6421"
"35,5400";"1,2500";"1,6436"
"35,5500";"1,2500";"1,6446"
"35,5600";"1,2500";"1,6449"
"35,5700";"1,2500";"1,6452"
"35,5800";"1,2500";"1,6444"
"35,5900";"1,2500";"1,6423"
"35,6000";"1,2500";"1,6412"
"35,6100";"1,2500";"1,6424"
"35,6200";"1,2500";"1,6428"
"35,6300";"1,2500";"1,6417"
"35,6400";"1,2500";"1,6428"
"35,6500";"1,2500";"1,6449"
"35,6600";"1,2500";"1,6461"
"35,6700";"1,2500";"1,6449"
"35,6800";"1,2500";"1,6444"
"35,6900";"1,2500";"1,6453"
"35,7000";"1,2500";"1,6451"
"35,7100";"1,2500";"1,6444"
"35,7200";"1,2500";"1,6446"
"35,7300";"1,2500";"1,6463"
"35,7400";"1,2500";"1,6471"
"35,7500";"1,2500";"1,6461"
"35,7600";"1,2500";"1,6442"
"35,7700";"1,2500";"1,6438"
"35,7800";"1,2500";"1,6449"
"35,7900";"1,2500";"1,6441"
"35,8000";"1,2500";"1,6426"
"35,8100";"1,2500";"1,6419"
"35,8200";"1,2500";"1,6428"
"35,8300";"1,2500";"1,6441"
"35,8400";"1,2500";"1,6450"
"35,8500";"1,2500";"1,6457"
"35,8600";"1,2500";"1,6454"
"35,8700";"1,2500";"1,6435"
"35,8800";"1,2500";"1,6431"
"35,8900";"1,2500";"1,6439"
"35,9000";"1,2500";"1,6440"
"35,9100";"1,2500";"1,6418"
"35,9200";"1,2500";"1,6406"
"35,9300";"1,2500";"1,6419"
"35,9400";"1,2500";"1,6435"
"35,9500";"1,2500";"1,6427"
"35,9600";"1,2500";"1,6415"
"35,9700";"1,2500";"1,6421"
"35,9800";"1,2500";"1,6434"
"35,9900";"1,2500";"1,6431"
"36,0000";"1,2500";"1,6422"
"36,0100";"1,2500";"1,6419"
"36,0200";"1,2500";"1,6422"
"36,0300";"1,2500";"1,6419"
"36,0400";"1,2500";"1,6418"
"36,0500";"1,2500";"1,6426"
"36,0600";"1,2500";"1,6443"
"36,0700";"1,2500";"1,6445"
"36,0800";"1,2500";"1,6432"
"36,0900";"1,2500";"1,6433"
"36,1000";"1,2500";"1,6443"
"36,1100";"1,2500";"1,6453"
"36,1200";"1,2500";"1,6462"
"36,1300";"1,2500";"1,6461"
"36,1400";"1,2500";"1,6455"
"36,1500";"1,2500";"1,6445"
"36,1600";"1,2500";"1,6424"
"36,1700";"1,2500";"1,6429"
"36,1800";"1,2500";"1,6448"
"36,1900";"1,2500";"1,6446"
"36,2000";"1,2500";"1,6429"
"36,2100";"1,2500";"1,6420"
"36,2200";"1,2500";"1,6433"
"36,2300";"1,2500";"1,6445"
"36,2400";"1,2500";"1,6448"
"36,2500";"1,2500";"1,6441"
"36,2600";"1,2500";"1,6427"
"36,2700";"1,2500";"1,6415"
"36,2800";"1,2500";"1,6395"
"36,2900";"1,2500";"1,6387"
"36,3000";"1,2500";"1,6401"
"36,3100";"1,2500";"1,6417"
"36,3200";"1,2500";"1,6413"
"36,3300";"1,2500";"1,6414"
"36,3400";"1,2500";"1,6427"
"36,3500";"1,2500";"1,6443"
"36,3600";"1,2500";"1,6444"
"36,3700";"1,2500";"1,6439"
"36,3800";"1,2500";"1,6434"
"36,3900";"1,2500";"1,6431"
"36,4000";"1,2500";"1,6421"
"36,4100";"1,2500";"1,6416"
"36,4200";"1,2500";"1,6420"
"36,4300";"1,2500";"1,6414"
"36,4400";"1,2500";"1,6390"
"36,4500";"1,2500";"1,6386"
"36,4600";"1,2500";"1,6403"
"36,4700";"1,2500";"1,6425"
"36,4800";"1,2500";"1,6428"
"36,4900";"1,2500";"1,6425"
"36,5000";"1,2500";"1,6422"
"36,5100";"1,2500";"1,6419"
"36,5200";"1,2500";"1,6413"
"36,5300";"1,2500";"1,6414"
"36,5400";"1,2500";"1,6423"
"36,5500";"1,2500";"1,6426"
"36,5600";"1,2500";"1,6421"
"36,5700";"1,2500";"1,6407"
"36,5800";"1,2500";"1,6404"
"36,5900";"1,2500";"1,6410"
"36,6000";"1,2500";"1,6422"
"36,6100";"1,2500";"1,6430"
"36,6200";"1,2500";"1,6439"
"36,6300";"1,2500";"1,6437"
"36,6400";"1,2500";"1,6426"
"36,6500";"1,2500";"1,6419"
"36,6600";"1,2500";"1,6433"
"36,6700";"1,2500";"1,6449"
"36,6800";"1,2500";"1,6439"
"36,6900";"1,2500";"1,6422"
"36,7000";"1,2500";"1,6423"
"36,7100";"1,2500";"1,6423"
"36,7200";"1,2500";"1,6426"
"36,7300";"1,2500";"1,6429"
"36,7400";"1,2500";"1,6431"
"36,7500";"1,2500";"1,6434"
"36,7600";"1,2500";"1,6425"
"36,7700";"1,2500";"1,6409"
"36,7800";"1,2500";"1,6403"
"36,7900";"1,2500";"1,6405"
"36,8000";"1,2500";"1,6400"
"36,8100";"1,2500";"1,6392"
"36,8200";"1,2500";"1,6395"
"36,8300";"1,2500";"1,6417"
"36,8400";"1,2500";"1,6430"
"36,8500";"1,2500";"1,6443"
"36,8600";"1,2500";"1,6448"
"36,8700";"1,2500";"1,6454"
"36,8800";"1,2500";"1,6444"
"36,8900";"1,2500";"1,6418"
"36,9000";"1,2500";"1,6405"
"36,9100";"1,2500";"1,6407"
"36,9200";"1,2500";"1,6401"
"36,9300";"1,2500";"1,6396"
"36,9400";"1,2500";"1,6406"
"36,9500";"1,2500";"1,6418"
"36,9600";"1,2500";"1,6423"
"36,9700";"1,2500";"1,6405"
"36,9800";"1,2500";"1,6385"
"36,9900";"1,2500";"1,6382"
"37,0000";"1,2500";"1,6386"
"37,0100";"1,2500";"1,6390"
"37,0200";"1,2500";"1,6404"
"37,0300";"1,2500";"1,6418"
"37,0400";"1,2500";"1,6419"
"37,0500";"1,2500";"1,6405"
"37,0600";"1,2500";"1,6391"
"37,0700";"1,2500";"1,6398"
"37,0800";"1,2500";"1,6396"
"37,0900";"1,2500";"1,6379"
"37,1000";"1,2500";"1,6370"
"37,1100";"1,2500";"1,6384"
"37,1200";"1,2500";"1,6411"
"37,1300";"1,2500";"1,6419"
"37,1400";"1,2500";"1,6409"
"37,1500";"1,2500";"1,6404"
"37,1600";"1,2500";"1,6400"
"37,1700";"1,2500";"1,6385"
"37,1800";"1,2500";"1,6390"
"37,1900";"1,2500";"1,6409"
"37,2000";"1,2500";"1,6442"
"37,2100";"1,2500";"1,6455"
"37,2200";"1,2500";"1,6451"
"37,2300";"1,2500";"1,6436"
"37,2400";"1,2500";"1,6417"
"37,2500";"1,2500";"1,6394"
"37,2600";"1,2500";"1,6384"
"37,2700";"1,2500";"1,6385"
"37,2800";"1,2500";"1,6406"
"37,2900";"1,2500";"1,6419"
"37,3000";"1,2500";"1,6431"
"37,3100";"1,2500";"1,6437"
"37,3200";"1,2500";"1,6439"
"37,3300";"1,2500";"1,6415"
"37,3400";"1,2500";"1,6385"
"37,3500";"1,2500";"1,6382"
"37,3600";"1,2500";"1,6410"
"37,3700";"1,2500";"1,6422"
"37,3800";"1,2500";"1,6417"
"37,3900";"1,2500";"1,6410"
"37,4000";"1,2500";"1,6412"
"37,4100";"1,2500";"1,6407"
"37,4200";"1,2500";"1,6384"
"37,4300";"1,2500";"1,6379"
"37,4400";"1,2500";"1,6391"
"37,4500";"1,2500";"1,6398"
"37,4600";"1,2500";"1,6387"
"37,4700";"1,2500";"1,6393"
"37,4800";"1,2500";"1,6417"
"37,4900";"1,2500";"1,6428"
"37,5000";"1,2500";"1,6411"
"37,5100";"1,2500";"1,6384"
"37,5200";"1,2500";"1,6368"
"37,5300";"1,2500";"1,6365"
"37,5400";"1,2500";"1,6366"
"37,5500";"1,2500";"1,6382"
"37,5600";"1,2500";"1,6406"
"37,5700";"1,2500";"1,6414"
"37,5800";"1,2500";"1,6408"
"37,5900";"1,2500";"1,6405"
"37,6000";"1,2500";"1,6421"
"37,6100";"1,2500";"1,6412"
"37,6200";"1,2500";"1,6384"
"37,6300";"1,2500";"1,6361"
"37,6400";"1,2500";"1,6375"
"37,6500";"1,2500";"1,6400"
"37,6600";"1,2500";"1,6412"
"37,6700";"1,2500";"1,6410"
"37,6800";"1,2500";"1,6405"
"37,6900";"1,2500";"1,6394"
"37,7000";"1,2500";"1,6391"
"37,7100";"1,2500";"1,6381"
"37,7200";"1,2500";"1,6385"
"37,7300";"1,2500";"1,6401"
"37,7400";"1,2500";"1,6404"
"37,7500";"1,2500";"1,6397"
"37,7600";"1,2500";"1,6403"
"37,7700";"1,2500";"1,6405"
"37,7800";"1,2500";"1,6390"
"37,7900";"1,2500";"1,6376"
"37,8000";"1,2500";"1,6374"
"37,8100";"1,2500";"1,6374"
"37,8200";"1,2500";"1,6379"
"37,8300";"1,2500";"1,6394"
"37,8400";"1,2500";"1,6416"
"37,8500";"1,2500";"1,6423"
"37,8600";"1,2500";"1,6412"
"37,8700";"1,2500";"1,6392"
"37,8800";"1,2500";"1,6389"
"37,8900";"1,2500";"1,6391"
"37,9000";"1,2500";"1,6387"
"37,9100";"1,2500";"1,6375"
"37,9200";"1,2500";"1,6372"
"37,9300";"1,2500";"1,6393"
"37,9400";"1,2500";"1,6401"
"37,9500";"1,2500";"1,6390"
"37,9600";"1,2500";"1,6380"
"37,9700";"1,2500";"1,6378"
"37,9800";"1,2500";"1,6386"
"37,9900";"1,2500";"1,6380"
"38,0000";"1,2500";"1,6383"
"38,0100";"1,2500";"1,6400"
"38,0200";"1,2500";"1,6405"
"38,0300";"1,2500";"1,6381"
"38,0400";"1,2500";"1,6366"
"38,0500";"1,2500";"1,6377"
"38,0600";"1,2500";"1,6387"
"38,0700";"1,2500";"1,6385"
"38,0800";"1,2500";"1,6387"
"38,0900";"1,2500";"1,6385"
"38,1000";"1,2500";"1,6380"
"38,1100";"1,2500";"1,6382"
"38,1200";"1,2500";"1,6387"
"38,1300";"1,2500";"1,6389"
"38,1400";"1,2500";"1,6384"
"38,1500";"1,2500";"1,6357"
"38,1600";"1,2500";"1,6346"
"38,1700";"1,2500";"1,6358"
"38,1800";"1,2500";"1,6367"
"38,1900";"1,2500";"1,6347"
"38,2000";"1,2500";"1,6342"
"38,2100";"1,2500";"1,6364"
"38,2200";"1,2500";"1,6384"
"38,2300";"1,2500";"1,6371"
"38,2400";"1,2500";"1,6348"
"38,2500";"1,2500";"1,6352"
"38,2600";"1,2500";"1,6382"
"38,2700";"1,2500";"1,6400"
"38,2800";"1,2500";"1,6394"
"38,2900";"1,2500";"1,6388"
"38,3000";"1,2500";"1,6385"
"38,3100";"1,2500";"1,6373"
"38,3200";"1,2500";"1,6359"
"38,3300";"1,2500";"1,6356"
"38,3400";"1,2500";"1,6368"
"38,3500";"1,2500";"1,6377"
"38,3600";"1,2500";"1,6385"
"38,3700";"1,2500";"1,6386"
"38,3800";"1,2500";"1,6376"
"38,3900";"1,2500";"1,6359"
"38,4000";"1,2500";"1,6360"
"38,4100";"1,2500";"1,6366"
"38,4200";"1,2500";"1,6366"
"38,4300";"1,2500";"1,6366"
"38,4400";"1,2500";"1,6357"
"38,4500";"1,2500";"1,6361"
"38,4600";"1,2500";"1,6375"
"38,4700";"1,2500";"1,6377"
"38,4800";"1,2500";"1,6362"
"38,4900";"1,2500";"1,6357"
"38,5000";"1,2500";"1,6370"
"38,5100";"1,2500";"1,6378"
"38,5200";"1,2500";"1,6374"
"38,5300";"1,2500";"1,6367"
"38,5400";"1,2500";"1,6375"
"38,5500";"1,2500";"1,6380"
"38,5600";"1,2500";"1,6368"
"38,5700";"1,2500";"1,6361"
"38,5800";"1,2500";"1,6358"
"38,5900";"1,2500";"1,6346"
"38,6000";"1,2500";"1,6331"
"38,6100";"1,2500";"1,6333"
"38,6200";"1,2500";"1,6362"
"38,6300";"1,2500";"1,6389"
"38,6400";"1,2500";"1,6389"
"38,6500";"1,2500";"1,6395"
"38,6600";"1,2500";"1,6414"
"38,6700";"1,2500";"1,6417"
"38,6800";"1,2500";"1,6397"
"38,6900";"1,2500";"1,6375"
"38,7000";"1,2500";"1,6375"
"38,7100";"1,2500";"1,6375"
"38,7200";"1,2500";"1,6357"
"38,7300";"1,2500";"1,6352"
"38,7400";"1,2500";"1,6361"
"38,7500";"1,2500";"1,6356"
"38,7600";"1,2500";"1,6352"
"38,7700";"1,2500";"1,6353"
"38,7800";"1,2500";"1,6364"
"38,7900";"1,2500";"1,6363"
"38,8000";"1,2500";"1,6343"
"38,8100";"1,2500";"1,6330"
"38,8200";"1,2500";"1,6338"
"38,8300";"1,2500";"1,6365"
"38,8400";"1,2500";"1,6380"
"38,8500";"1,2500";"1,6368"
"38,8600";"1,2500";"1,6364"
"38,8700";"1,2500";"1,6357"
"38,8800";"1,2500";"1,6351"
"38,8900";"1,2500";"1,6356"
"38,9000";"1,2500";"1,6364"
"38,9100";"1,2500";"1,6372"
"38,9200";"1,2500";"1,6364"
"38,9300";"1,2500";"1,6334"
"38,9400";"1,2500";"1,6330"
"38,9500";"1,2500";"1,6334"
"38,9600";"1,2500";"1,6337"
"38,9700";"1,2500";"1,6334"
"38,9800";"1,2500";"1,6349"
"38,9900";"1,2500";"1,6370"
"39,0000";"1,2500";"1,6381"
"39,0100";"1,2500";"1,6391"
"39,0200";"1,2500";"1,6396"
"39,0300";"1,2500";"1,6381"
"39,0400";"1,2500";"1,6358"
"39,0500";"1,2500";"1,6333"
"39,0600";"1,2500";"1,6332"
"39,0700";"1,2500";"1,6356"
"39,0800";"1,2500";"1,6365"
"39,0900";"1,2500";"1,6363"
"39,1000";"1,2500";"1,6353"
"39,1100";"1,2500";"1,6354"
"39,1200";"1,2500";"1,6362"
"39,1300";"1,2500";"1,6363"
"39,1400";"1,2500";"1,6357"
"39,1500";"1,2500";"1,6343"
"39,1600";"1,2500";"1,6341"
"39,1700";"1,2500";"1,6345"
"39,1800";"1,2500";"1,6362"
"39,1900";"1,2500";"1,6376"
"39,2000";"1,2500";"1,6373"
"39,2100";"1,2500";"1,6350"
"39,2200";"1,2500";"1,6344"
"39,2300";"1,2500";"1,6345"
"39,2400";"1,2500";"1,6343"
"39,2500";"1,2500";"1,6326"
"39,2600";"1,2500";"1,6313"
"39,2700";"1,2500";"1,6327"
"39,2800";"1,2500";"1,6328"
"39,2900";"1,2500";"1,6319"
"39,3000";"1,2500";"1,6324"
"39,3100";"1,2500";"1,6335"
"39,3200";"1,2500";"1,6346"
"39,3300";"1,2500";"1,6338"
"39,3400";"1,2500";"1,6331"
"39,3500";"1,2500";"1,6351"
"39,3600";"1,2500";"1,6359"
"39,3700";"1,2500";"1,6344"
"39,3800";"1,2500";"1,6319"
"39,3900";"1,2500";"1,6315"
"39,4000";"1,2500";"1,6336"
"39,4100";"1,2500";"1,6360"
"39,4200";"1,2500";"1,6381"
"39,4300";"1,2500";"1,6389"
"39,4400";"1,2500";"1,6380"
"39,4500";"1,2500";"1,6351"
"39,4600";"1,2500";"1,6336"
"39,4700";"1,2500";"1,6329"
"39,4800";"1,2500";"1,6325"
"39,4900";"1,2500";"1,6321"
"39,5000";"1,2500";"1,6331"
"39,5100";"1,2500";"1,6351"
"39,5200";"1,2500";"1,6357"
"39,5300";"1,2500";"1,6336"
"39,5400";"1,2500";"1,6309"
"39,5500";"1,2500";"1,6302"
"39,5600";"1,2500";"1,6319"
"39,5700";"1,2500";"1,6326"
"39,5800";"1,2500";"1,6322"
"39,5900";"1,2500";"1,6331"
"39,6000";"1,2500";"1,6350"
"39,6100";"1,2500";"1,6344"
"39,6200";"1,2500";"1,6328"
"39,6300";"1,2500";"1,6318"
"39,6400";"1,2500";"1,6324"
"39,6500";"1,2500";"1,6340"
"39,6600";"1,2500";"1,6354"
"39,6700";"1,2500";"1,6364"
"39,6800";"1,2500";"1,6374"
"39,6900";"1,2500";"1,6360"
"39,7000";"1,2500";"1,6339"
"39,7100";"1,2500";"1,6332"
"39,7200";"1,2500";"1,6335"
"39,7300";"1,2500";"1,6332"
"39,7400";"1,2500";"1,6336"
"39,7500";"1,2500";"1,6354"
"39,7600";"1,2500";"1,6372"
"39,7700";"1,2500";"1,6350"
"39,7800";"1,2500";"1,6326"
"39,7900";"1,2500";"1,6324"
"39,8000";"1,2500";"1,6347"
"39,8100";"1,2500";"1,6346"
"39,8200";"1,2500";"1,6323"
"39,8300";"1,2500";"1,6312"
"39,8400";"1,2500";"1,6323"
"39,8500";"1,2500";"1,6337"
"39,8600";"1,2500";"1,6329"
"39,8700";"1,2500";"1,6309"
"39,8800";"1,2500";"1,6305"
"39,8900";"1,2500";"1,6308"
"39,9000";"1,2500";"1,6320"
"39,9100";"1,2500";"1,6329"
"39,9200";"1,2500";"1,6337"
"39,9300";"1,2500";"1,6336"
"39,9400";"1,2500";"1,6325"
"39,9500";"1,2500";"1,6334"
"39,9600";"1,2500";"1,6353"
"39,9700";"1,2500";"1,6360"
"39,9800";"1,2500";"1,6346"
"39,9900";"1,2500";"1,6334"
"40,0000";"1,2500";"1,6331"
"40,0100";"1,2500";"1,6325"
"40,0200";"1,2500";"1,6308"
"40,0300";"1,2500";"1,6298"
"40,0400";"1,2500";"1,6313"
"40,0500";"1,2500";"1,6326"
"40,0600";"1,2500";"1,6324"
"40,0700";"1,2500";"1,6309"
"40,0800";"1,2500";"1,6317"
"40,0900";"1,2500";"1,6333"
"40,1000";"1,2500";"1,6336"
"40,1100";"1,2500";"1,6323"
"40,1200";"1,2500";"1,6308"
"40,1300";"1,2500";"1,6290"
"40,1400";"1,2500";"1,6277"
"40,1500";"1,2500";"1,6275"
"40,1600";"1,2500";"1,6290"
"40,1700";"1,2500";"1,6314"
"40,1800";"1,2500";"1,6336"
"40,1900";"1,2500";"1,6340"
"40,2000";"1,2500";"1,6335"
"40,2100";"1,2500";"1,6316"
"40,2200";"1,2500";"1,6303"
"40,2300";"1,2500";"1,6297"
"40,2400";"1,2500";"1,6302"
"40,2500";"1,2500";"1,6310"
"40,2600";"1,2500";"1,6322"
"40,2700";"1,2500";"1,6334"
"40,2800";"1,2500";"1,6358"
"40,2900";"1,2500";"1,6371"
"40,3000";"1,2500";"1,6353"
"40,3100";"1,2500";"1,6314"
"40,3200";"1,2500";"1,6274"
"40,3300";"1,2500";"1,6257"
"40,3400";"1,2500";"1,6268"
"40,3500";"1,2500";"1,6289"
"40,3600";"1,2500";"1,6309"
"40,3700";"1,2500";"1,6328"
"40,3800";"1,2500";"1,6330"
"40,3900";"1,2500";"1,6334"
"40,4000";"1,2500";"1,6335"
"40,4100";"1,2500";"1,6322"
"40,4200";"1,2500";"1,6302"
"40,4300";"1,2500";"1,6290"
"40,4400";"1,2500";"1,6306"
"40,4500";"1,2500";"1,6331"
"40,4600";"1,2500";"1,6342"
"40,4700";"1,2500";"1,6344"
"40,4800";"1,2500";"1,6341"
"40,4900";"1,2500";"1,6347"
"40,5000";"1,2500";"1,6345"
"40,5100";"1,2500";"1,6332"
"40,5200";"1,2500";"1,6326"
"40,5300";"1,2500";"1,6346"
"40,5400";"1,2500";"1,6353"
"40,5500";"1,2500";"1,6348"
"40,5600";"1,2500";"1,6332"
"40,5700";"1,2500";"1,6315"
"40,5800";"1,2500";"1,6317"
"40,5900";"1,2500";"1,6316"
"40,6000";"1,2500";"1,6303"
"40,6100";"1,2500";"1,6312"
"40,6200";"1,2500";"1,6336"
"40,6300";"1,2500";"1,6345"
"40,6400";"1,2500";"1,6327"
"40,6500";"1,2500";"1,6312"
"40,6600";"1,2500";"1,6320"
"40,6700";"1,2500";"1,6330"
"40,6800";"1,2500";"1,6329"
"40,6900";"1,2500";"1,6317"
"40,7000";"1,2500";"1,6313"
"40,7100";"1,2500";"1,6332"
"40,7200";"1,2500";"1,6343"
"40,7300";"1,2500";"1,6347"
"40,7400";"1,2500";"1,6327"
"40,7500";"1,2500";"1,6305"
"40,7600";"1,2500";"1,6281"
"40,7700";"1,2500";"1,6282"
"40,7800";"1,2500";"1,6298"
"40,7900";"1,2500";"1,6311"
"40,8000";"1,2500";"1,6318"
"40,8100";"1,2500";"1,6335"
"40,8200";"1,2500";"1,6345"
"40,8300";"1,2500";"1,6325"
"40,8400";"1,2500";"1,6303"
"40,8500";"1,2500";"1,6291"
"40,8600";"1,2500";"1,6292"
"40,8700";"1,2500";"1,6277"
"40,8800";"1,2500";"1,6265"
"40,8900";"1,2500";"1,6273"
"40,9000";"1,2500";"1,6302"
"40,9100";"1,2500";"1,6310"
"40,9200";"1,2500";"1,6298"
"40,9300";"1,2500";"1,6281"
"40,9400";"1,2500";"1,6283"
"40,9500";"1,2500";"1,6306"
"40,9600";"1,2500";"1,6326"
"40,9700";"1,2500";"1,6332"
"40,9800";"1,2500";"1,6319"
"40,9900";"1,2500";"1,6321"
"41,0000";"1,2500";"1,6316"
"41,0100";"1,2500";"1,6324"
"41,0200";"1,2500";"1,6340"
"41,0300";"1,2500";"1,6320"
"41,0400";"1,2500";"1,6297"
"41,0500";"1,2500";"1,6299"
"41,0600";"1,2500";"1,6316"
"41,0700";"1,2500";"1,6323"
"41,0800";"1,2500";"1,6316"
"41,0900";"1,2500";"1,6296"
"41,1000";"1,2500";"1,6284"
"41,1100";"1,2500";"1,6282"
"41,1200";"1,2500";"1,6273"
"41,1300";"1,2500";"1,6274"
"41,1400";"1,2500";"1,6292"
"41,1500";"1,2500";"1,6310"
"41,1600";"1,2500";"1,6311"
"41,1700";"1,2500";"1,6307"
"41,1800";"1,2500";"1,6300"
"41,1900";"1,2500";"1,6299"
"41,2000";"1,2500";"1,6287"
"41,2100";"1,2500";"1,6281"
"41,2200";"1,2500";"1,6281"
"41,2300";"1,2500";"1,6284"
"41,2400";"1,2500";"1,6287"
"41,2500";"1,2500";"1,6293"
"41,2600";"1,2500";"1,6310"
"41,2700";"1,2500";"1,6312"
"41,2800";"1,2500";"1,6296"
"41,2900";"1,2500";"1,6289"
"41,3000";"1,2500";"1,6300"
"41,3100";"1,2500";"1,6310"
"41,3200";"1,2500";"1,6301"
"41,3300";"1,2500";"1,6287"
"41,3400";"1,2500";"1,6290"
"41,3500";"1,2500";"1,6315"
"41,3600";"1,2500";"1,6334"
"41,3700";"1,2500";"1,6329"
"41,3800";"1,2500";"1,6303"
"41,3900";"1,2500";"1,6286"
"41,4000";"1,2500";"1,6288"
"41,4100";"1,2500";"1,6297"
"41,4200";"1,2500";"1,6304"
"41,4300";"1,2500";"1,6302"
"41,4400";"1,2500";"1,6299"
"41,4500";"1,2500";"1,6302"
"41,4600";"1,2500";"1,6318"
"41,4700";"1,2500";"1,6331"
"41,4800";"1,2500";"1,6309"
"41,4900";"1,2500";"1,6285"
"41,5000";"1,2500";"1,6283"
"41,5100";"1,2500";"1,6292"
"41,5200";"1,2500";"1,6288"
"41,5300";"1,2500";"1,6268"
"41,5400";"1,2500";"1,6268"
"41,5500";"1,2500";"1,6278"
"41,5600";"1,2500";"1,6285"
"41,5700";"1,2500";"1,6264"
"41,5800";"1,2500";"1,6254"
"41,5900";"1,2500";"1,6284"
"41,6000";"1,2500";"1,6315"
"41,6100";"1,2500";"1,6316"
"41,6200";"1,2500";"1,6308"
"41,6300";"1,2500";"1,6304"
"41,6400";"1,2500";"1,6297"
"41,6500";"1,2500";"1,6299"
"41,6600";"1,2500";"1,6298"
"41,6700";"1,2500";"1,6294"
"41,6800";"1,2500";"1,6285"
"41,6900";"1,2500";"1,6279"
"41,7000";"1,2500";"1,6285"
"41,7100";"1,2500";"1,6299"
"41,7200";"1,2500";"1,6290"
"41,7300";"1,2500";"1,6278"
"41,7400";"1,2500";"1,6278"
"41,7500";"1,2500";"1,6286"
"41,7600";"1,2500";"1,6274"
"41,7700";"1,2500";"1,6251"
"41,7800";"1,2500";"1,6237"
"41,7900";"1,2500";"1,6250"
"41,8000";"1,2500";"1,6268"
"41,8100";"1,2500";"1,6272"
"41,8200";"1,2500";"1,6275"
"41,8300";"1,2500";"1,6287"
"41,8400";"1,2500";"1,6301"
"41,8500";"1,2500";"1,6281"
"41,8600";"1,2500";"1,6251"
"41,8700";"1,2500";"1,6239"
"41,8800";"1,2500";"1,6251"
"41,8900";"1,2500";"1,6262"
"41,9000";"1,2500";"1,6256"
"41,9100";"1,2500";"1,6261"
"41,9200";"1,2500";"1,6282"
"41,9300";"1,2500";"1,6292"
"41,9400";"1,2500";"1,6297"
"41,9500";"1,2500";"1,6294"
"41,9600";"1,2500";"1,6289"
"41,9700";"1,2500";"1,6284"
"41,9800";"1,2500";"1,6280"
"41,9900";"1,2500";"1,6282"
"42,0000";"1,2500";"1,6278"
"42,0100";"1,2500";"1,6263"
"42,0200";"1,2500";"1,6257"
"42,0300";"1,2500";"1,6264"
"42,0400";"1,2500";"1,6282"
"42,0500";"1,2500";"1,6287"
"42,0600";"1,2500";"1,6279"
"42,0700";"1,2500";"1,6282"
"42,0800";"1,2500";"1,6300"
"42,0900";"1,2500";"1,6296"
"42,1000";"1,2500";"1,6280"
"42,1100";"1,2500";"1,6275"
"42,1200";"1,2500";"1,6270"
"42,1300";"1,2500";"1,6262"
"42,1400";"1,2500";"1,6261"
"42,1500";"1,2500";"1,6270"
"42,1600";"1,2500";"1,6292"
"42,1700";"1,2500";"1,6308"
"42,1800";"1,2500";"1,6305"
"42,1900";"1,2500";"1,6296"
"42,2000";"1,2500";"1,6299"
"42,2100";"1,2500";"1,6284"
"42,2200";"1,2500";"1,6265"
"42,2300";"1,2500";"1,6247"
"42,2400";"1,2500";"1,6246"
"42,2500";"1,2500";"1,6253"
"42,2600";"1,2500";"1,6262"
"42,2700";"1,2500";"1,6272"
"42,2800";"1,2500";"1,6275"
"42,2900";"1,2500";"1,6263"
"42,3000";"1,2500";"1,6248"
"42,3100";"1,2500";"1,6259"
"42,3200";"1,2500";"1,6283"
"42,3300";"1,2500";"1,6276"
"42,3400";"1,2500";"1,6254"
"42,3500";"1,2500";"1,6237"
"42,3600";"1,2500";"1,6256"
"42,3700";"1,2500";"1,6277"
"42,3800";"1,2500";"1,6270"
"42,3900";"1,2500";"1,6256"
"42,4000";"1,2500";"1,6275"
"42,4100";"1,2500";"1,6299"
"42,4200";"1,2500";"1,6302"
"42,4300";"1,2500";"1,6297"
"42,4400";"1,2500";"1,6286"
"42,4500";"1,2500";"1,6259"
"42,4600";"1,2500";"1,6229"
"42,4700";"1,2500";"1,6223"
"42,4800";"1,2500";"1,6241"
"42,4900";"1,2500";"1,6269"
"42,5000";"1,2500";"1,6282"
"42,5100";"1,2500";"1,6273"
"42,5200";"1,2500";"1,6266"
"42,5300";"1,2500";"1,6267"
"42,5400";"1,2500";"1,6260"
"42,5500";"1,2500";"1,6254"
"42,5600";"1,2500";"1,6260"
"42,5700";"1,2500";"1,6263"
"42,5800";"1,2500";"1,6263"
"42,5900";"1,2500";"1,6269"
"42,6000";"1,2500";"1,6289"
"42,6100";"1,2500";"1,6299"
"42,6200";"1,2500";"1,6279"
"42,6300";"1,2500";"1,6249"
"42,6400";"1,2500";"1,6247"
"42,6500";"1,2500";"1,6263"
"42,6600";"1,2500";"1,6271"
"42,6700";"1,2500";"1,6263"
"42,6800";"1,2500";"1,6261"
"42,6900";"1,2500";"1,6273"
"42,7000";"1,2500";"1,6276"
"42,7100";"1,2500";"1,6271"
"42,7200";"1,2500";"1,6266"
"42,7300";"1,2500";"1,6271"
"42,7400";"1,2500";"1,6269"
"42,7500";"1,2500";"1,6261"
"42,7600";"1,2500";"1,6263"
"42,7700";"1,2500";"1,6270"
"42,7800";"1,2500";"1,6276"
"42,7900";"1,2500";"1,6274"
"42,8000";"1,2500";"1,6272"
"42,8100";"1,2500";"1,6268"
"42,8200";"1,2500";"1,6260"
"42,8300";"1,2500";"1,6249"
"42,8400";"1,2500";"1,6274"
"42,8500";"1,2500";"1,6307"
"42,8600";"1,2500";"1,6307"
"42,8700";"1,2500";"1,6277"
"42,8800";"1,2500";"1,6254"
"42,8900";"1,2500";"1,6258"
"42,9000";"1,2500";"1,6258"
"42,9100";"1,2500";"1,6261"
"42,9200";"1,2500";"1,6263"
"42,9300";"1,2500";"1,6274"
"42,9400";"1,2500";"1,6293"
"42,9500";"1,2500";"1,6296"
"42,9600";"1,2500";"1,6302"
"42,9700";"1,2500";"1,6303"
"42,9800";"1,2500";"1,6278"
"42,9900";"1,2500";"1,6231"
"43,0000";"1,2500";"1,6206"
"43,0100";"1,2500";"1,6222"
"43,0200";"1,2500";"1,6249"
"43,0300";"1,2500";"1,6255"
"43,0400";"1,2500";"1,6258"
"43,0500";"1,2500";"1,6257"
"43,0600";"1,2500";"1,6248"
"43,0700";"1,2500";"1,6229"
"43,0800";"1,2500";"1,6230"
"43,0900";"1,2500";"1,6247"
"43,1000";"1,2500";"1,6259"
"43,1100";"1,2500";"1,6263"
"43,1200";"1,2500";"1,6258"
"43,1300";"1,2500";"1,6268"
"43,1400";"1,2500";"1,6279"
"43,1500";"1,2500";"1,6262"
"43,1600";"1,2500";"1,6234"
"43,1700";"1,2500";"1,6218"
"43,1800";"1,2500";"1,6225"
"43,1900";"1,2500";"1,6231"
"43,2000";"1,2500";"1,6227"
"43,2100";"1,2500";"1,6242"
"43,2200";"1,2500";"1,6257"
"43,2300";"1,2500";"1,6261"
"43,2400";"1,2500";"1,6253"
"43,2500";"1,2500";"1,6242"
"43,2600";"1,2500";"1,6235"
"43,2700";"1,2500";"1,6228"
"43,2800";"1,2500";"1,6235"
"43,2900";"1,2500";"1,6252"
"43,3000";"1,2500";"1,6254"
"43,3100";"1,2500";"1,6245"
"43,3200";"1,2500";"1,6248"
"43,3300";"1,2500";"1,6256"
"43,3400";"1,2500";"1,6265"
"43,3500";"1,2500";"1,6261"
"43,3600";"1,2500";"1,6256"
"43,3700";"1,2500";"1,6255"
"43,3800";"1,2500";"1,6267"
"43,3900";"1,2500";"1,6260"
"43,4000";"1,2500";"1,6240"
"43,4100";"1,2500";"1,6229"
"43,4200";"1,2500";"1,6242"
"43,4300";"1,2500";"1,6254"
"43,4400";"1,2500";"1,6259"
"43,4500";"1,2500";"1,6247"
"43,4600";"1,2500";"1,6236"
"43,4700";"1,2500";"1,6226"
"43,4800";"1,2500";"1,6232"
"43,4900";"1,2500";"1,6244"
"43,5000";"1,2500";"1,6269"
"43,5100";"1,2500";"1,6281"
"43,5200";"1,2500";"1,6284"
"43,5300";"1,2500";"1,6272"
"43,5400";"1,2500";"1,6279"
"43,5500";"1,2500";"1,6288"
"43,5600";"1,2500";"1,6282"
"43,5700";"1,2500";"1,6277"
"43,5800";"1,2500";"1,6279"
"43,5900";"1,2500";"1,6262"
"43,6000";"1,2500";"1,6247"
"43,6100";"1,2500";"1,6253"
"43,6200";"1,2500";"1,6271"
"43,6300";"1,2500";"1,6270"
"43,6400";"1,2500";"1,6248"
"43,6500";"1,2500";"1,6229"
"43,6600";"1,2500";"1,6237"
"43,6700";"1,2500";"1,6249"
"43,6800";"1,2500";"1,6256"
"43,6900";"1,2500";"1,6248"
"43,7000";"1,2500";"1,6255"
"43,7100";"1,2500";"1,6268"
"43,7200";"1,2500";"1,6271"
"43,7300";"1,2500";"1,6261"
"43,7400";"1,2500";"1,6248"
"43,7500";"1,2500";"1,6240"
"43,7600";"1,2500";"1,6232"
"43,7700";"1,2500";"1,6231"
"43,7800";"1,2500";"1,6240"
"43,7900";"1,2500";"1,6248"
"43,8000";"1,2500";"1,6240"
"43,8100";"1,2500";"1,6239"
"43,8200";"1,2500";"1,6259"
"43,8300";"1,2500";"1,6271"
"43,8400";"1,2500";"1,6258"
"43,8500";"1,2500";"1,6242"
"43,8600";"1,2500";"1,6256"
"43,8700";"1,2500";"1,6272"
"43,8800";"1,2500";"1,6268"
"43,8900";"1,2500";"1,6250"
"43,9000";"1,2500";"1,6240"
"43,9100";"1,2500";"1,6252"
"43,9200";"1,2500";"1,6263"
"43,9300";"1,2500";"1,6255"
"43,9400";"1,2500";"1,6245"
"43,9500";"1,2500";"1,6249"
"43,9600";"1,2500";"1,6242"
"43,9700";"1,2500";"1,6223"
"43,9800";"1,2500";"1,6205"
"43,9900";"1,2500";"1,6204"
"44,0000";"1,2500";"1,6207"
"44,0100";"1,2500";"1,6206"
"44,0200";"1,2500";"1,6212"
"44,0300";"1,2500";"1,6231"
"44,0400";"1,2500";"1,6244"
"44,0500";"1,2500";"1,6242"
"44,0600";"1,2500";"1,6237"
"44,0700";"1,2500";"1,6241"
"44,0800";"1,2500";"1,6237"
"44,0900";"1,2500";"1,6237"
"44,1000";"1,2500";"1,6257"
"44,1100";"1,2500";"1,6270"
"44,1200";"1,2500";"1,6257"
"44,1300";"1,2500";"1,6216"
"44,1400";"1,2500";"1,6201"
"44,1500";"1,2500";"1,6216"
"44,1600";"1,2500";"1,6230"
"44,1700";"1,2500";"1,6233"
"44,1800";"1,2500";"1,6238"
"44,1900";"1,2500";"1,6239"
"44,2000";"1,2500";"1,6238"
"44,2100";"1,2500";"1,6231"
"44,2200";"1,2500";"1,6220"
"44,2300";"1,2500";"1,6224"
"44,2400";"1,2500";"1,6237"
"44,2500";"1,2500";"1,6235"
"44,2600";"1,2500";"1,6225"
"44,2700";"1,2500";"1,6220"
"44,2800";"1,2500";"1,6217"
"44,2900";"1,2500";"1,6201"
"44,3000";"1,2500";"1,6189"
"44,3100";"1,2500";"1,6209"
"44,3200";"1,2500";"1,6239"
"44,3300";"1,2500";"1,6240"
"44,3400";"1,2500";"1,6224"
"44,3500";"1,2500";"1,6224"
"44,3600";"1,2500";"1,6219"
"44,3700";"1,2500";"1,6207"
"44,3800";"1,2500";"1,6207"
"44,3900";"1,2500";"1,6230"
"44,4000";"1,2500";"1,6240"
"44,4100";"1,2500";"1,6232"
"44,4200";"1,2500";"1,6219"
"44,4300";"1,2500";"1,6234"
"44,4400";"1,2500";"1,6253"
"44,4500";"1,2500";"1,6247"
"44,4600";"1,2500";"1,6236"
"44,4700";"1,2500";"1,6233"
"44,4800";"1,2500";"1,6235"
"44,4900";"1,2500";"1,6234"
"44,5000";"1,2500";"1,6227"
"44,5100";"1,2500";"1,6223"
"44,5200";"1,2500";"1,6217"
"44,5300";"1,2500";"1,6214"
"44,5400";"1,2500";"1,6214"
"44,5500";"1,2500";"1,6225"
"44,5600";"1,2500";"1,6236"
"44,5700";"1,2500";"1,6224"
"44,5800";"1,2500";"1,6212"
"44,5900";"1,2500";"1,6213"
"44,6000";"1,2500";"1,6226"
"44,6100";"1,2500";"1,6227"
"44,6200";"1,2500";"1,6219"
"44,6300";"1,2500";"1,6205"
"44,6400";"1,2500";"1,6199"
"44,6500";"1,2500";"1,6199"
"44,6600";"1,2500";"1,6209"
"44,6700";"1,2500";"1,6228"
"44,6800";"1,2500";"1,6252"
"44,6900";"1,2500";"1,6262"
"44,7000";"1,2500";"1,6248"
"44,7100";"1,2500";"1,6227"
"44,7200";"1,2500";"1,6227"
"44,7300";"1,2500";"1,6227"
"44,7400";"1,2500";"1,6206"
"44,7500";"1,2500";"1,6180"
"44,7600";"1,2500";"1,6172"
"44,7700";"1,2500";"1,6199"
"44,7800";"1,2500";"1,6229"
"44,7900";"1,2500";"1,6236"
"44,8000";"1,2500";"1,6223"
"44,8100";"1,2500";"1,6200"
"44,8200";"1,2500";"1,6195"
"44,8300";"1,2500";"1,6206"
"44,8400";"1,2500";"1,6220"
"44,8500";"1,2500";"1,6216"
"44,8600";"1,2500";"1,6206"
"44,8700";"1,2500";"1,6196"
"44,8800";"1,2500";"1,6212"
"44,8900";"1,2500";"1,6231"
"44,9000";"1,2500";"1,6228"
"44,9100";"1,2500";"1,6224"
"44,9200";"1,2500";"1,6233"
"44,9300";"1,2500";"1,6241"
"44,9400";"1,2500";"1,6230"
"44,9500";"1,2500";"1,6216"
"44,9600";"1,2500";"1,6213"
"44,9700";"1,2500";"1,6209"
"44,9800";"1,2500";"1,6197"
"44,9900";"1,2500";"1,6170"
"45,0000";"1,2500";"1,6184"
"45,0100";"1,2500";"1,6230"
"45,0200";"1,2500";"1,6264"
"45,0300";"1,2500";"1,6261"
"45,0400";"1,2500";"1,6239"
"45,0500";"1,2500";"1,6223"
"45,0600";"1,2500";"1,6213"
"45,0700";"1,2500";"1,6200"
"45,0800";"1,2500";"1,6177"
"45,0900";"1,2500";"1,6169"
"45,1000";"1,2500";"1,6185"
"45,1100";"1,2500";"1,6211"
"45,1200";"1,2500";"1,6237"
"45,1300";"1,2500";"1,6250"
"45,1400";"1,2500";"1,6235"
"45,1500";"1,2500";"1,6203"
"45,1600";"1,2500";"1,6191"
"45,1700";"1,2500";"1,6198"
"45,1800";"1,2500";"1,6207"
"45,1900";"1,2500";"1,6203"
"45,2000";"1,2500";"1,6209"
"45,2100";"1,2500";"1,6237"
"45,2200";"1,2500";"1,6267"
"45,2300";"1,2500";"1,6265"
"45,2400";"1,2500";"1,6251"
"45,2500";"1,2500";"1,6235"
"45,2600";"1,2500";"1,6202"
"45,2700";"1,2500";"1,6173"
"45,2800";"1,2500";"1,6175"
"45,2900";"1,2500";"1,6185"
"45,3000";"1,2500";"1,6186"
"45,3100";"1,2500";"1,6185"
"45,3200";"1,2500";"1,6200"
"45,3300";"1,2500";"1,6209"
"45,3400";"1,2500";"1,6215"
"45,3500";"1,2500";"1,6223"
"45,3600";"1,2500";"1,6223"
"45,3700";"1,2500";"1,6227"
"45,3800";"1,2500";"1,6220"
"45,3900";"1,2500";"1,6205"
"45,4000";"1,2500";"1,6205"
"45,4100";"1,2500";"1,6211"
"45,4200";"1,2500";"1,6219"
"45,4300";"1,2500";"1,6205"
"45,4400";"1,2500";"1,6205"
"45,4500";"1,2500";"1,6212"
"45,4600";"1,2500";"1,6222"
"45,4700";"1,2500";"1,6211"
"45,4800";"1,2500";"1,6183"
"45,4900";"1,2500";"1,6176"
"45,5000";"1,2500";"1,6194"
"45,5100";"1,2500";"1,6210"
"45,5200";"1,2500";"1,6212"
"45,5300";"1,2500";"1,6218"
"45,5400";"1,2500";"1,6228"
"45,5500";"1,2500";"1,6222"
"45,5600";"1,2500";"1,6220"
"45,5700";"1,2500";"1,6214"
"45,5800";"1,2500";"1,6205"
"45,5900";"1,2500";"1,6199"
"45,6000";"1,2500";"1,6192"
"45,6100";"1,2500";"1,6202"
"45,6200";"1,2500";"1,6228"
"45,6300";"1,2500";"1,6233"
"45,6400";"1,2500";"1,6223"
"45,6500";"1,2500";"1,6218"
"45,6600";"1,2500";"1,6220"
"45,6700";"1,2500";"1,6212"
"45,6800";"1,2500";"1,6205"
"45,6900";"1,2500";"1,6198"
"45,7000";"1,2500";"1,6198"
"45,7100";"1,2500";"1,6191"
"45,7200";"1,2500";"1,6180"
"45,7300";"1,2500";"1,6181"
"45,7400";"1,2500";"1,6181"
"45,7500";"1,2500";"1,6174"
"45,7600";"1,2500";"1,6178"
"45,7700";"1,2500";"1,6203"
"45,7800";"1,2500";"1,6228"
"45,7900";"1,2500";"1,6237"
"45,8000";"1,2500";"1,6227"
"45,8100";"1,2500";"1,6217"
"45,8200";"1,2500";"1,6207"
"45,8300";"1,2500";"1,6189"
"45,8400";"1,2500";"1,6170"
"45,8500";"1,2500";"1,6178"
"45,8600";"1,2500";"1,6204"
"45,8700";"1,2500";"1,6205"
"45,8800";"1,2500";"1,6199"
"45,8900";"1,2500";"1,6192"
"45,9000";"1,2500";"1,6192"
"45,9100";"1,2500";"1,6186"
"45,9200";"1,2500";"1,6169"
"45,9300";"1,2500";"1,6159"
"45,9400";"1,2500";"1,6174"
"45,9500";"1,2500";"1,6189"
"45,9600";"1,2500";"1,6186"
"45,9700";"1,2500";"1,6181"
"45,9800";"1,2500";"1,6179"
"45,9900";"1,2500";"1,6180"
"46,0000";"1,2500";"1,6168"
"46,0100";"1,2500";"1,6156"
"46,0200";"1,2500";"1,6161"
"46,0300";"1,2500";"1,6199"
"46,0400";"1,2500";"1,6226"
"46,0500";"1,2500";"1,6229"
"46,0600";"1,2500";"1,6220"
"46,0700";"1,2500";"1,6196"
"46,0800";"1,2500";"1,6162"
"46,0900";"1,2500";"1,6154"
"46,1000";"1,2500";"1,6173"
"46,1100";"1,2500";"1,6192"
"46,1200";"1,2500";"1,6183"
"46,1300";"1,2500";"1,6186"
"46,1400";"1,2500";"1,6194"
"46,1500";"1,2500";"1,6213"
"46,1600";"1,2500";"1,6214"
"46,1700";"1,2500";"1,6206"
"46,1800";"1,2500";"1,6205"
"46,1900";"1,2500";"1,6207"
"46,2000";"1,2500";"1,6203"
"46,2100";"1,2500";"1,6203"
"46,2200";"1,2500";"1,6200"
"46,2300";"1,2500";"1,6199"
"46,2400";"1,2500";"1,6188"
"46,2500";"1,2500";"1,6165"
"46,2600";"1,2500";"1,6152"
"46,2700";"1,2500";"1,6162"
"46,2800";"1,2500";"1,6164"
"46,2900";"1,2500";"1,6170"
"46,3000";"1,2500";"1,6184"
"46,3100";"1,2500";"1,6199"
"46,3200";"1,2500";"1,6210"
"46,3300";"1,2500";"1,6208"
"46,3400";"1,2500";"1,6203"
"46,3500";"1,2500";"1,6202"
"46,3600";"1,2500";"1,6188"
"46,3700";"1,2500";"1,6176"
"46,3800";"1,2500";"1,6184"
"46,3900";"1,2500";"1,6192"
"46,4000";"1,2500";"1,6192"
"46,4100";"1,2500";"1,6184"
"46,4200";"1,2500";"1,6186"
"46,4300";"1,2500";"1,6198"
"46,4400";"1,2500";"1,6211"
"46,4500";"1,2500";"1,6206"
"46,4600";"1,2500";"1,6207"
"46,4700";"1,2500";"1,6199"
"46,4800";"1,2500";"1,6186"
"46,4900";"1,2500";"1,6159"
"46,5000";"1,2500";"1,6144"
"46,5100";"1,2500";"1,6156"
"46,5200";"1,2500";"1,6175"
"46,5300";"1,2500";"1,6171"
"46,5400";"1,2500";"1,6180"
"46,5500";"1,2500";"1,6205"
"46,5600";"1,2500";"1,6227"
"46,5700";"1,2500";"1,6216"
"46,5800";"1,2500";"1,6184"
"46,5900";"1,2500";"1,6161"
"46,6000";"1,2500";"1,6159"
"46,6100";"1,2500";"1,6159"
"46,6200";"1,2500";"1,6174"
"46,6300";"1,2500";"1,6185"
"46,6400";"1,2500";"1,6190"
"46,6500";"1,2500";"1,6192"
"46,6600";"1,2500";"1,6193"
"46,6700";"1,2500";"1,6185"
"46,6800";"1,2500";"1,6170"
"46,6900";"1,2500";"1,6143"
"46,7000";"1,2500";"1,6130"
"46,7100";"1,2500";"1,6146"
"46,7200";"1,2500";"1,6180"
"46,7300";"1,2500";"1,6202"
"46,7400";"1,2500";"1,6198"
"46,7500";"1,2500";"1,6188"
"46,7600";"1,2500";"1,6187"
"46,7700";"1,2500";"1,6178"
"46,7800";"1,2500";"1,6177"
"46,7900";"1,2500";"1,6167"
"46,8000";"1,2500";"1,6161"
"46,8100";"1,2500";"1,6159"
"46,8200";"1,2500";"1,6162"
"46,8300";"1,2500";"1,6171"
"46,8400";"1,2500";"1,6175"
"46,8500";"1,2500";"1,6177"
"46,8600";"1,2500";"1,6169"
"46,8700";"1,2500";"1,6169"
"46,8800";"1,2500";"1,6171"
"46,8900";"1,2500";"1,6153"
"46,9000";"1,2500";"1,6144"
"46,9100";"1,2500";"1,6174"
"46,9200";"1,2500";"1,6201"
"46,9300";"1,2500";"1,6195"
"46,9400";"1,2500";"1,6161"
"46,9500";"1,2500";"1,6143"
"46,9600";"1,2500";"1,6145"
"46,9700";"1,2500";"1,6132"
"46,9800";"1,2500";"1,6121"
"46,9900";"1,2500";"1,6133"
"47,0000";"1,2500";"1,6173"
"47,0100";"1,2500";"1,6199"
"47,0200";"1,2500";"1,6196"
"47,0300";"1,2500";"1,6177"
"47,0400";"1,2500";"1,6183"
"47,0500";"1,2500";"1,6181"
"47,0600";"1,2500";"1,6181"
"47,0700";"1,2500";"1,6184"
"47,0800";"1,2500";"1,6191"
"47,0900";"1,2500";"1,6192"
"47,1000";"1,2500";"1,6196"
"47,1100";"1,2500";"1,6197"
"47,1200";"1,2500";"1,6194"
"47,1300";"1,2500";"1,6188"
"47,1400";"1,2500";"1,6164"
"47,1500";"1,2500";"1,6142"
"47,1600";"1,2500";"1,6146"
"47,1700";"1,2500";"1,6145"
"47,1800";"1,2500";"1,6140"
"47,1900";"1,2500";"1,6135"
"47,2000";"1,2500";"1,6146"
"47,2100";"1,2500";"1,6161"
"47,2200";"1,2500";"1,6166"
"47,2300";"1,2500";"1,6157"
"47,2400";"1,2500";"1,6161"
"47,2500";"1,2500";"1,6179"
"47,2600";"1,2500";"1,6191"
"47,2700";"1,2500";"1,6195"
"47,2800";"1,2500";"1,6200"
"47,2900";"1,2500";"1,6202"
"47,3000";"1,2500";"1,6195"
"47,3100";"1,2500";"1,6176"
"47,3200";"1,2500";"1,6172"
"47,3300";"1,2500";"1,6180"
"47,3400";"1,2500";"1,6194"
"47,3500";"1,2500";"1,6194"
"47,3600";"1,2500";"1,6191"
"47,3700";"1,2500";"1,6190"
"47,3800";"1,2500";"1,6191"
"47,3900";"1,2500";"1,6186"
"47,4000";"1,2500";"1,6188"
"47,4100";"1,2500";"1,6191"
"47,4200";"1,2500";"1,6172"
"47,4300";"1,2500";"1,6146"
"47,4400";"1,2500";"1,6155"
"47,4500";"1,2500";"1,6181"
"47,4600";"1,2500";"1,6189"
"47,4700";"1,2500";"1,6183"
"47,4800";"1,2500";"1,6154"
"47,4900";"1,2500";"1,6133"
"47,5000";"1,2500";"1,6119"
"47,5100";"1,2500";"1,6120"
"47,5200";"1,2500";"1,6141"
"47,5300";"1,2500";"1,6170"
"47,5400";"1,2500";"1,6185"
"47,5500";"1,2500";"1,6188"
"47,5600";"1,2500";"1,6194"
"47,5700";"1,2500";"1,6189"
"47,5800";"1,2500";"1,6158"
"47,5900";"1,2500";"1,6119"
"47,6000";"1,2500";"1,6101"
"47,6100";"1,2500";"1,6113"
"47,6200";"1,2500";"1,6146"
"47,6300";"1,2500";"1,6160"
"47,6400";"1,2500";"1,6174"
"47,6500";"1,2500";"1,6183"
"47,6600";"1,2500";"1,6167"
"47,6700";"1,2500";"1,6139"
"47,6800";"1,2500";"1,6139"
"47,6900";"1,2500";"1,6152"
"47,7000";"1,2500";"1,6157"
"47,7100";"1,2500";"1,6154"
"47,7200";"1,2500";"1,6158"
"47,7300";"1,2500";"1,6172"
"47,7400";"1,2500";"1,6182"
"47,7500";"1,2500";"1,6162"
"47,7600";"1,2500";"1,6142"
"47,7700";"1,2500";"1,6135"
"47,7800";"1,2500";"1,6129"
"47,7900";"1,2500";"1,6133"
"47,8000";"1,2500";"1,6144"
"47,8100";"1,2500";"1,6165"
"47,8200";"1,2500";"1,6179"
"47,8300";"1,2500";"1,6158"
"47,8400";"1,2500";"1,6115"
"47,8500";"1,2500";"1,6090"
"47,8600";"1,2500";"1,6114"
"47,8700";"1,2500";"1,6163"
"47,8800";"1,2500";"1,6204"
"47,8900";"1,2500";"1,6205"
"47,9000";"1,2500";"1,6172"
"47,9100";"1,2500";"1,6124"
"47,9200";"1,2500";"1,6098"
"47,9300";"1,2500";"1,6098"
"47,9400";"1,2500";"1,6098"
"47,9500";"1,2500";"1,6111"
"47,9600";"1,2500";"1,6148"
"47,9700";"1,2500";"1,6197"
"47,9800";"1,2500";"1,6238"
"47,9900";"1,2500";"1,6220"
"48,0000";"1,2500";"1,6166"
"48,0100";"1,2500";"1,6126"
"48,0200";"1,2500";"1,6119"
"48,0300";"1,2500";"1,6125"
"48,0400";"1,2500";"1,6128"
"48,0500";"1,2500";"1,6133"
"48,0600";"1,2500";"1,6159"
"48,0700";"1,2500";"1,6173"
"48,0800";"1,2500";"1,6159"
"48,0900";"1,2500";"1,6131"
"48,1000";"1,2500";"1,6114"
"48,1100";"1,2500";"1,6110"
"48,1200";"1,2500";"1,6112"
"48,1300";"1,2500";"1,6127"
"48,1400";"1,2500";"1,6150"
"48,1500";"1,2500";"1,6164"
"48,1600";"1,2500";"1,6166"
"48,1700";"1,2500";"1,6161"
"48,1800";"1,2500";"1,6144"
"48,1900";"1,2500";"1,6119"
"48,2000";"1,2500";"1,6115"
"48,2100";"1,2500";"1,6145"
"48,2200";"1,2500";"1,6164"
"48,2300";"1,2500";"1,6155"
"48,2400";"1,2500";"1,6140"
"48,2500";"1,2500";"1,6136"
"48,2600";"1,2500";"1,6147"
"48,2700";"1,2500";"1,6151"
"48,2800";"1,2500";"1,6137"
"48,2900";"1,2500";"1,6117"
"48,3000";"1,2500";"1,6128"
"48,3100";"1,2500";"1,6158"
"48,3200";"1,2500";"1,6167"
"48,3300";"1,2500";"1,6159"
"48,3400";"1,2500";"1,6153"
"48,3500";"1,2500";"1,6147"
"48,3600";"1,2500";"1,6136"
"48,3700";"1,2500";"1,6119"
"48,3800";"1,2500";"1,6116"
"48,3900";"1,2500";"1,6117"
"48,4000";"1,2500";"1,6126"
"48,4100";"1,2500";"1,6136"
"48,4200";"1,2500";"1,6143"
"48,4300";"1,2500";"1,6149"
"48,4400";"1,2500";"1,6136"
"48,4500";"1,2500";"1,6138"
"48,4600";"1,2500";"1,6137"
"48,4700";"1,2500";"1,6141"
"48,4800";"1,2500";"1,6142"
"48,4900";"1,2500";"1,6129"
"48,5000";"1,2500";"1,6132"
"48,5100";"1,2500";"1,6129"
"48,5200";"1,2500";"1,6105"
"48,5300";"1,2500";"1,6097"
"48,5400";"1,2500";"1,6124"
"48,5500";"1,2500";"1,6158"
"48,5600";"1,2500";"1,6173"
"48,5700";"1,2500";"1,6155"
"48,5800";"1,2500";"1,6157"
"48,5900";"1,2500";"1,6171"
"48,6000";"1,2500";"1,6164"
"48,6100";"1,2500";"1,6144"
"48,6200";"1,2500";"1,6119"
"48,6300";"1,2500";"1,6114"
"48,6400";"1,2500";"1,6126"
"48,6500";"1,2500";"1,6132"
"48,6600";"1,2500";"1,6143"
"48,6700";"1,2500";"1,6159"
"48,6800";"1,2500";"1,6161"
"48,6900";"1,2500";"1,6134"
"48,7000";"1,2500";"1,6118"
"48,7100";"1,2500";"1,6116"
"48,7200";"1,2500";"1,6109"
"48,7300";"1,2500";"1,6107"
"48,7400";"1,2500";"1,6123"
"48,7500";"1,2500";"1,6146"
"48,7600";"1,2500";"1,6159"
"48,7700";"1,2500";"1,6149"
"48,7800";"1,2500";"1,6140"
"48,7900";"1,2500";"1,6137"
"48,8000";"1,2500";"1,6127"
"48,8100";"1,2500";"1,6121"
"48,8200";"1,2500";"1,6133"
"48,8300";"1,2500";"1,6154"
"48,8400";"1,2500";"1,6174"
"48,8500";"1,2500";"1,6164"
"48,8600";"1,2500";"1,6156"
"48,8700";"1,2500";"1,6148"
"48,8800";"1,2500";"1,6132"
"48,8900";"1,2500";"1,6102"
"48,9000";"1,2500";"1,6080"
"48,9100";"1,2500";"1,6089"
"48,9200";"1,2500";"1,6112"
"48,9300";"1,2500";"1,6121"
"48,9400";"1,2500";"1,6128"
"48,9500";"1,2500";"1,6137"
"48,9600";"1,2500";"1,6130"
"48,9700";"1,2500";"1,6110"
"48,9800";"1,2500";"1,6106"
"48,9900";"1,2500";"1,6127"
"49,0000";"1,2500";"1,6133"
"49,0100";"1,2500";"1,6129"
"49,0200";"1,2500";"1,6127"
"49,0300";"1,2500";"1,6134"
"49,0400";"1,2500";"1,6150"
"49,0500";"1,2500";"1,6148"
"49,0600";"1,2500";"1,6112"
"49,0700";"1,2500";"1,6091"
"49,0800";"1,2500";"1,6088"
"49,0900";"1,2500";"1,6096"
"49,1000";"1,2500";"1,6122"
"49,1100";"1,2500";"1,6156"
"49,1200";"1,2500";"1,6171"
"49,1300";"1,2500";"1,6154"
"49,1400";"1,2500";"1,6128"
"49,1500";"1,2500";"1,6106"
"49,1600";"1,2500";"1,6098"
"49,1700";"1,2500";"1,6098"
"49,1800";"1,2500";"1,6108"
"49,1900";"1,2500";"1,6123"
"49,2000";"1,2500";"1,6138"
"49,2100";"1,2500";"1,6123"
"49,2200";"1,2500";"1,6094"
"49,2300";"1,2500";"1,6107"
"49,2400";"1,2500";"1,6161"
"49,2500";"1,2500";"1,6177"
"49,2600";"1,2500";"1,6143"
"49,2700";"1,2500";"1,6082"
"49,2800";"1,2500";"1,6071"
"49,2900";"1,2500";"1,6087"
"49,3000";"1,2500";"1,6104"
"49,3100";"1,2500";"1,6109"
"49,3200";"1,2500";"1,6126"
"49,3300";"1,2500";"1,6158"
"49,3400";"1,2500";"1,6167"
"49,3500";"1,2500";"1,6152"
"49,3600";"1,2500";"1,6127"
"49,3700";"1,2500";"1,6114"
"49,3800";"1,2500";"1,6112"
"49,3900";"1,2500";"1,6116"
"49,4000";"1,2500";"1,6122"
"49,4100";"1,2500";"1,6116"
"49,4200";"1,2500";"1,6119"
"49,4300";"1,2500";"1,6121"
"49,4400";"1,2500";"1,6130"
"49,4500";"1,2500";"1,6132"
"49,4600";"1,2500";"1,6107"
"49,4700";"1,2500";"1,6090"
"49,4800";"1,2500";"1,6093"
"49,4900";"1,2500";"1,6100"
"49,5000";"1,2500";"1,6108"
"49,5100";"1,2500";"1,6121"
"49,5200";"1,2500";"1,6139"
"49,5300";"1,2500";"1,6143"
"49,5400";"1,2500";"1,6116"
"49,5500";"1,2500";"1,6072"
"49,5600";"1,2500";"1,6060"
"49,5700";"1,2500";"1,6093"
"49,5800";"1,2500";"1,6124"
"49,5900";"1,2500";"1,6127"
"49,6000";"1,2500";"1,6133"
"49,6100";"1,2500";"1,6156"
"49,6200";"1,2500";"1,6161"
"49,6300";"1,2500";"1,6135"
"49,6400";"1,2500";"1,6104"
"49,6500";"1,2500";"1,6084"
"49,6600";"1,2500";"1,6088"
"49,6700";"1,2500";"1,6117"
"49,6800";"1,2500";"1,6165"
"49,6900";"1,2500";"1,6188"
"49,7000";"1,2500";"1,6170"
"49,7100";"1,2500";"1,6142"
"49,7200";"1,2500";"1,6118"
"49,7300";"1,2500";"1,6102"
"49,7400";"1,2500";"1,6082"
"49,7500";"1,2500";"1,6079"
"49,7600";"1,2500";"1,6104"
"49,7700";"1,2500";"1,6134"
"49,7800";"1,2500";"1,6139"
"49,7900";"1,2500";"1,6120"
"49,8000";"1,2500";"1,6120"
"49,8100";"1,2500";"1,6131"
"49,8200";"1,2500";"1,6117"
"49,8300";"1,2500";"1,6100"
"49,8400";"1,2500";"1,6101"
"49,8500";"1,2500";"1,6130"
"49,8600";"1,2500";"1,6141"
"49,8700";"1,2500";"1,6134"
"49,8800";"1,2500";"1,6117"
"49,8900";"1,2500";"1,6100"
"49,9000";"1,2500";"1,6090"
"49,9100";"1,2500";"1,6074"
"49,9200";"1,2500";"1,6080"
"49,9300";"1,2500";"1,6107"
"49,9400";"1,2500";"1,6117"
"49,9500";"1,2500";"1,6120"
"49,9600";"1,2500";"1,6126"
"49,9700";"1,2500";"1,6125"
"49,9800";"1,2500";"1,6116"
"49,9900";"1,2500";"1,6099"
"50,0000";"1,2500";"1,6107"
"50,0100";"1,2500";"1,6121"
"50,0200";"1,2500";"1,6123"
"50,0300";"1,2500";"1,6112"
"50,0400";"1,2500";"1,6107"
"50,0500";"1,2500";"1,6112"
"50,0600";"1,2500";"1,6111"
"50,0700";"1,2500";"1,6082"
"50,0800";"1,2500";"1,6065"
"50,0900";"1,2500";"1,6088"
"50,1000";"1,2500";"1,6111"
"50,1100";"1,2500";"1,6116"
"50,1200";"1,2500";"1,6101"
"50,1300";"1,2500";"1,6098"
"50,1400";"1,2500";"1,6102"
"50,1500";"1,2500";"1,6090"
"50,1600";"1,2500";"1,6074"
"50,1700";"1,2500";"1,6068"
"50,1800";"1,2500";"1,6074"
"50,1900";"1,2500";"1,6098"
"50,2000";"1,2500";"1,6119"
"50,2100";"1,2500";"1,6129"
"50,2200";"1,2500";"1,6125"
"50,2300";"1,2500";"1,6111"
"50,2400";"1,2500";"1,6086"
"50,2500";"1,2500";"1,6087"
"50,2600";"1,2500";"1,6104"
"50,2700";"1,2500";"1,6115"
"50,2800";"1,2500";"1,6112"
"50,2900";"1,2500";"1,6110"
"50,3000";"1,2500";"1,6110"
"50,3100";"1,2500";"1,6099"
"50,3200";"1,2500";"1,6090"
"50,3300";"1,2500";"1,6089"
"50,3400";"1,2500";"1,6092"
"50,3500";"1,2500";"1,6089"
"50,3600";"1,2500";"1,6088"
"50,3700";"1,2500";"1,6093"
"50,3800";"1,2500";"1,6100"
"50,3900";"1,2500";"1,6103"
"50,4000";"1,2500";"1,6106"
"50,4100";"1,2500";"1,6117"
"50,4200";"1,2500";"1,6133"
"50,4300";"1,2500";"1,6131"
"50,4400";"1,2500";"1,6115"
"50,4500";"1,2500";"1,6104"
"50,4600";"1,2500";"1,6105"
"50,4700";"1,2500";"1,6097"
"50,4800";"1,2500";"1,6077"
"50,4900";"1,2500";"1,6075"
"50,5000";"1,2500";"1,6087"
"50,5100";"1,2500";"1,6092"
"50,5200";"1,2500";"1,6086"
"50,5300";"1,2500";"1,6086"
"50,5400";"1,2500";"1,6091"
"50,5500";"1,2500";"1,6080"
"50,5600";"1,2500";"1,6065"
"50,5700";"1,2500";"1,6071"
"50,5800";"1,2500";"1,6103"
"50,5900";"1,2500";"1,6129"
"50,6000";"1,2500";"1,6110"
"50,6100";"1,2500";"1,6082"
"50,6200";"1,2500";"1,6085"
"50,6300";"1,2500";"1,6108"
"50,6400";"1,2500";"1,6118"
"50,6500";"1,2500";"1,6117"
"50,6600";"1,2500";"1,6097"
"50,6700";"1,2500";"1,6064"
"50,6800";"1,2500";"1,6052"
"50,6900";"1,2500";"1,6053"
"50,7000";"1,2500";"1,6065"
"50,7100";"1,2500";"1,6074"
"50,7200";"1,2500";"1,6077"
"50,7300";"1,2500";"1,6087"
"50,7400";"1,2500";"1,6106"
"50,7500";"1,2500";"1,6112"
"50,7600";"1,2500";"1,6102"
"50,7700";"1,2500";"1,6092"
"50,7800";"1,2500";"1,6095"
"50,7900";"1,2500";"1,6098"
"50,8000";"1,2500";"1,6085"
"50,8100";"1,2500";"1,6086"
"50,8200";"1,2500";"1,6101"
"50,8300";"1,2500";"1,6127"
"50,8400";"1,2500";"1,6130"
"50,8500";"1,2500";"1,6121"
"50,8600";"1,2500";"1,6110"
"50,8700";"1,2500";"1,6105"
"50,8800";"1,2500";"1,6088"
"50,8900";"1,2500";"1,6068"
"50,9000";"1,2500";"1,6069"
"50,9100";"1,2500";"1,6092"
"50,9200";"1,2500";"1,6115"
"50,9300";"1,2500";"1,6115"
"50,9400";"1,2500";"1,6099"
"50,9500";"1,2500";"1,6085"
"50,9600";"1,2500";"1,6069"
"50,9700";"1,2500";"1,6068"
"50,9800";"1,2500";"1,6095"
"50,9900";"1,2500";"1,6107"
"51,0000";"1,2500";"1,6098"
"51,0100";"1,2500";"1,6088"
"51,0200";"1,2500";"1,6095"
"51,0300";"1,2500";"1,6111"
"51,0400";"1,2500";"1,6103"
"51,0500";"1,2500";"1,6080"
"51,0600";"1,2500";"1,6069"
"51,0700";"1,2500";"1,6071"
"51,0800";"1,2500";"1,6070"
"51,0900";"1,2500";"1,6064"
"51,1000";"1,2500";"1,6075"
"51,1100";"1,2500";"1,6101"
"51,1200";"1,2500";"1,6099"
"51,1300";"1,2500";"1,6083"
"51,1400";"1,2500";"1,6080"
"51,1500";"1,2500";"1,6098"
"51,1600";"1,2500";"1,6111"
"51,1700";"1,2500";"1,6102"
"51,1800";"1,2500";"1,6091"
"51,1900";"1,2500";"1,6090"
"51,2000";"1,2500";"1,6091"
"51,2100";"1,2500";"1,6095"
"51,2200";"1,2500";"1,6101"
"51,2300";"1,2500";"1,6098"
"51,2400";"1,2500";"1,6082"
"51,2500";"1,2500";"1,6079"
"51,2600";"1,2500";"1,6093"
"51,2700";"1,2500";"1,6104"
"51,2800";"1,2500";"1,6098"
"51,2900";"1,2500";"1,6077"
"51,3000";"1,2500";"1,6080"
"51,3100";"1,2500";"1,6115"
"51,3200";"1,2500";"1,6131"
"51,3300";"1,2500";"1,6116"
"51,3400";"1,2500";"1,6087"
"51,3500";"1,2500";"1,6067"
"51,3600";"1,2500";"1,6063"
"51,3700";"1,2500";"1,6077"
"51,3800";"1,2500";"1,6089"
"51,3900";"1,2500";"1,6111"
"51,4000";"1,2500";"1,6114"
"51,4100";"1,2500";"1,6108"
"51,4200";"1,2500";"1,6098"
"51,4300";"1,2500";"1,6083"
"51,4400";"1,2500";"1,6073"
"51,4500";"1,2500";"1,6071"
"51,4600";"1,2500";"1,6069"
"51,4700";"1,2500";"1,6065"
"51,4800";"1,2500";"1,6072"
"51,4900";"1,2500";"1,6098"
"51,5000";"1,2500";"1,6117"
"51,5100";"1,2500";"1,6122"
"51,5200";"1,2500";"1,6111"
"51,5300";"1,2500";"1,6073"
"51,5400";"1,2500";"1,6055"
"51,5500";"1,2500";"1,6075"
"51,5600";"1,2500";"1,6091"
"51,5700";"1,2500";"1,6087"
"51,5800";"1,2500";"1,6086"
"51,5900";"1,2500";"1,6096"
"51,6000";"1,2500";"1,6119"
"51,6100";"1,2500";"1,6122"
"51,6200";"1,2500";"1,6105"
"51,6300";"1,2500";"1,6081"
"51,6400";"1,2500";"1,6070"
"51,6500";"1,2500";"1,6065"
"51,6600";"1,2500";"1,6069"
"51,6700";"1,2500";"1,6082"
"51,6800";"1,2500";"1,6092"
"51,6900";"1,2500";"1,6087"
"51,7000";"1,2500";"1,6075"
"51,7100";"1,2500";"1,6082"
"51,7200";"1,2500";"1,6096"
"51,7300";"1,2500";"1,6093"
"51,7400";"1,2500";"1,6090"
"51,7500";"1,2500";"1,6083"
"51,7600";"1,2500";"1,6072"
"51,7700";"1,2500";"1,6048"
"51,7800";"1,2500";"1,6047"
"51,7900";"1,2500";"1,6068"
"51,8000";"1,2500";"1,6093"
"51,8100";"1,2500";"1,6105"
"51,8200";"1,2500";"1,6093"
"51,8300";"1,2500";"1,6083"
"51,8400";"1,2500";"1,6095"
"51,8500";"1,2500";"1,6094"
"51,8600";"1,2500";"1,6070"
"51,8700";"1,2500";"1,6054"
"51,8800";"1,2500";"1,6066"
"51,8900";"1,2500";"1,6089"
"51,9000";"1,2500";"1,6101"
"51,9100";"1,2500";"1,6109"
"51,9200";"1,2500";"1,6111"
"51,9300";"1,2500";"1,6094"
"51,9400";"1,2500";"1,6063"
"51,9500";"1,2500";"1,6035"
"51,9600";"1,2500";"1,6037"
"51,9700";"1,2500";"1,6052"
"51,9800";"1,2500";"1,6065"
"51,9900";"1,2500";"1,6079"
"52,0000";"1,2500";"1,6088"
"52,0100";"1,2500";"1,6092"
"52,0200";"1,2500";"1,6088"
"52,0300";"1,2500";"1,6083"
"52,0400";"1,2500";"1,6076"
"52,0500";"1,2500";"1,6076"
"52,0600";"1,2500";"1,6090"
"52,0700";"1,2500";"1,6102"
"52,0800";"1,2500";"1,6122"
"52,0900";"1,2500";"1,6113"
"52,1000";"1,2500";"1,6084"
"52,1100";"1,2500";"1,6060"
"52,1200";"1,2500";"1,6045"
"52,1300";"1,2500";"1,6049"
"52,1400";"1,2500";"1,6056"
"52,1500";"1,2500";"1,6063"
"52,1600";"1,2500";"1,6082"
"52,1700";"1,2500";"1,6101"
"52,1800";"1,2500";"1,6100"
"52,1900";"1,2500";"1,6082"
"52,2000";"1,2500";"1,6077"
"52,2100";"1,2500";"1,6078"
"52,2200";"1,2500";"1,6070"
"52,2300";"1,2500";"1,6073"
"52,2400";"1,2500";"1,6088"
"52,2500";"1,2500";"1,6096"
"52,2600";"1,2500";"1,6095"
"52,2700";"1,2500";"1,6089"
"52,2800";"1,2500";"1,6076"
"52,2900";"1,2500";"1,6075"
"52,3000";"1,2500";"1,6072"
"52,3100";"1,2500";"1,6071"
"52,3200";"1,2500";"1,6067"
"52,3300";"1,2500";"1,6079"
"52,3400";"1,2500";"1,6088"
"52,3500";"1,2500";"1,6081"
"52,3600";"1,2500";"1,6072"
"52,3700";"1,2500";"1,6070"
"52,3800";"1,2500";"1,6071"
"52,3900";"1,2500";"1,6066"
"52,4000";"1,2500";"1,6071"
"52,4100";"1,2500";"1,6079"
"52,4200";"1,2500";"1,6086"
"52,4300";"1,2500";"1,6080"
"52,4400";"1,2500";"1,6066"
"52,4500";"1,2500";"1,6056"
"52,4600";"1,2500";"1,6045"
"52,4700";"1,2500";"1,6033"
"52,4800";"1,2500";"1,6023"
"52,4900";"1,2500";"1,6037"
"52,5000";"1,2500";"1,6057"
"52,5100";"1,2500";"1,6076"
"52,5200";"1,2500";"1,6088"
"52,5300";"1,2500";"1,6104"
"52,5400";"1,2500";"1,6104"
"52,5500";"1,2500";"1,6092"
"52,5600";"1,2500";"1,6070"
"52,5700";"1,2500";"1,6075"
"52,5800";"1,2500";"1,6088"
"52,5900";"1,2500";"1,6089"
"52,6000";"1,2500";"1,6076"
"52,6100";"1,2500";"1,6069"
"52,6200";"1,2500";"1,6082"
"52,6300";"1,2500";"1,6092"
"52,6400";"1,2500";"1,6091"
"52,6500";"1,2500";"1,6079"
"52,6600";"1,2500";"1,6075"
"52,6700";"1,2500";"1,6071"
"52,6800";"1,2500";"1,6069"
"52,6900";"1,2500";"1,6070"
"52,7000";"1,2500";"1,6058"
"52,7100";"1,2500";"1,6050"
"52,7200";"1,2500";"1,6045"
"52,7300";"1,2500";"1,6051"
"52,7400";"1,2500";"1,6068"
"52,7500";"1,2500";"1,6084"
"52,7600";"1,2500";"1,6083"
"52,7700";"1,2500";"1,6079"
"52,7800";"1,2500";"1,6079"
"52,7900";"1,2500";"1,6067"
"52,8000";"1,2500";"1,6051"
"52,8100";"1,2500";"1,6058"
"52,8200";"1,2500";"1,6070"
"52,8300";"1,2500";"1,6069"
"52,8400";"1,2500";"1,6063"
"52,8500";"1,2500";"1,6074"
"52,8600";"1,2500";"1,6082"
"52,8700";"1,2500";"1,6081"
"52,8800";"1,2500";"1,6055"
"52,8900";"1,2500";"1,6024"
"52,9000";"1,2500";"1,6032"
"52,9100";"1,2500";"1,6054"
"52,9200";"1,2500";"1,6061"
"52,9300";"1,2500";"1,6062"
"52,9400";"1,2500";"1,6065"
"52,9500";"1,2500";"1,6060"
"52,9600";"1,2500";"1,6051"
"52,9700";"1,2500";"1,6049"
"52,9800";"1,2500";"1,6052"
"52,9900";"1,2500";"1,6045"
"53,0000";"1,2500";"1,6038"
"53,0100";"1,2500";"1,6041"
"53,0200";"1,2500";"1,6062"
"53,0300";"1,2500";"1,6070"
"53,0400";"1,2500";"1,6074"
"53,0500";"1,2500";"1,6064"
"53,0600";"1,2500";"1,6063"
"53,0700";"1,2500";"1,6062"
"53,0800";"1,2500";"1,6057"
"53,0900";"1,2500";"1,6053"
"53,1000";"1,2500";"1,6055"
"53,1100";"1,2500";"1,6064"
"53,1200";"1,2500";"1,6058"
"53,1300";"1,2500";"1,6049"
"53,1400";"1,2500";"1,6054"
"53,1500";"1,2500";"1,6055"
"53,1600";"1,2500";"1,6045"
"53,1700";"1,2500";"1,6045"
"53,1800";"1,2500";"1,6056"
"53,1900";"1,2500";"1,6082"
"53,2000";"1,2500";"1,6085"
"53,2100";"1,2500";"1,6079"
"53,2200";"1,2500";"1,6063"
"53,2300";"1,2500";"1,6051"
"53,2400";"1,2500";"1,6040"
"53,2500";"1,2500";"1,6037"
"53,2600";"1,2500";"1,6042"
"53,2700";"1,2500";"1,6051"
"53,2800";"1,2500";"1,6054"
"53,2900";"1,2500";"1,6048"
"53,3000";"1,2500";"1,6056"
"53,3100";"1,2500";"1,6053"
"53,3200";"1,2500";"1,6048"
"53,3300";"1,2500";"1,6038"
"53,3400";"1,2500";"1,6039"
"53,3500";"1,2500";"1,6053"
"53,3600";"1,2500";"1,6056"
"53,3700";"1,2500";"1,6057"
"53,3800";"1,2500";"1,6069"
"53,3900";"1,2500";"1,6090"
"53,4000";"1,2500";"1,6088"
"53,4100";"1,2500";"1,6062"
"53,4200";"1,2500";"1,6044"
"53,4300";"1,2500";"1,6047"
"53,4400";"1,2500";"1,6061"
"53,4500";"1,2500";"1,6065"
"53,4600";"1,2500";"1,6067"
"53,4700";"1,2500";"1,6065"
"53,4800";"1,2500";"1,6046"
"53,4900";"1,2500";"1,6033"
"53,5000";"1,2500";"1,6032"
"53,5100";"1,2500";"1,6048"
"53,5200";"1,2500";"1,6064"
"53,5300";"1,2500";"1,6068"
"53,5400";"1,2500";"1,6062"
"53,5500";"1,2500";"1,6060"
"53,5600";"1,2500";"1,6063"
"53,5700";"1,2500";"1,6045"
"53,5800";"1,2500";"1,6039"
"53,5900";"1,2500";"1,6047"
"53,6000";"1,2500";"1,6056"
"53,6100";"1,2500";"1,6058"
"53,6200";"1,2500";"1,6072"
"53,6300";"1,2500";"1,6079"
"53,6400";"1,2500";"1,6077"
"53,6500";"1,2500";"1,6067"
"53,6600";"1,2500";"1,6057"
"53,6700";"1,2500";"1,6056"
"53,6800";"1,2500";"1,6064"
"53,6900";"1,2500";"1,6053"
"53,7000";"1,2500";"1,6040"
"53,7100";"1,2500";"1,6044"
"53,7200";"1,2500";"1,6057"
"53,7300";"1,2500";"1,6061"
"53,7400";"1,2500";"1,6057"
"53,7500";"1,2500";"1,6050"
"53,7600";"1,2500";"1,6043"
"53,7700";"1,2500";"1,6047"
"53,7800";"1,2500";"1,6056"
"53,7900";"1,2500";"1,6058"
"53,8000";"1,2500";"1,6060"
"53,8100";"1,2500";"1,6059"
"53,8200";"1,2500";"1,6043"
"53,8300";"1,2500";"1,6045"
"53,8400";"1,2500";"1,6040"
"53,8500";"1,2500";"1,6028"
"53,8600";"1,2500";"1,6038"
"53,8700";"1,2500";"1,6056"
"53,8800";"1,2500";"1,6072"
"53,8900";"1,2500";"1,6061"
"53,9000";"1,2500";"1,6038"
"53,9100";"1,2500";"1,6012"
"53,9200";"1,2500";"1,6006"
"53,9300";"1,2500";"1,6010"
"53,9400";"1,2500";"1,6004"
"53,9500";"1,2500";"1,5992"
"53,9600";"1,2500";"1,6003"
"53,9700";"1,2500";"1,6018"
"53,9800";"1,2500";"1,6026"
"53,9900";"1,2500";"1,6026"
"54,0000";"1,2500";"1,6040"
"54,0100";"1,2500";"1,6048"
"54,0200";"1,2500";"1,6041"
"54,0300";"1,2500";"1,6049"
"54,0400";"1,2500";"1,6072"
"54,0500";"1,2500";"1,6077"
"54,0600";"1,2500";"1,6062"
"54,0700";"1,2500";"1,6047"
"54,0800";"1,2500";"1,6044"
"54,0900";"1,2500";"1,6032"
"54,1000";"1,2500";"1,6034"
"54,1100";"1,2500";"1,6054"
"54,1200";"1,2500";"1,6077"
"54,1300";"1,2500";"1,6073"
"54,1400";"1,2500";"1,6033"
"54,1500";"1,2500";"1,6012"
"54,1600";"1,2500";"1,6026"
"54,1700";"1,2500";"1,6043"
"54,1800";"1,2500";"1,6038"
"54,1900";"1,2500";"1,6036"
"54,2000";"1,2500";"1,6051"
"54,2100";"1,2500";"1,6063"
"54,2200";"1,2500";"1,6060"
"54,2300";"1,2500";"1,6033"
"54,2400";"1,2500";"1,6021"
"54,2500";"1,2500";"1,6025"
"54,2600";"1,2500";"1,6025"
"54,2700";"1,2500";"1,6020"
"54,2800";"1,2500";"1,6017"
"54,2900";"1,2500";"1,6015"
"54,3000";"1,2500";"1,6023"
"54,3100";"1,2500";"1,6045"
"54,3200";"1,2500";"1,6069"
"54,3300";"1,2500";"1,6066"
"54,3400";"1,2500";"1,6045"
"54,3500";"1,2500";"1,6037"
"54,3600";"1,2500";"1,6039"
"54,3700";"1,2500";"1,6030"
"54,3800";"1,2500";"1,6016"
"54,3900";"1,2500";"1,6006"
"54,4000";"1,2500";"1,6018"
"54,4100";"1,2500";"1,6039"
"54,4200";"1,2500";"1,6041"
"54,4300";"1,2500";"1,6043"
"54,4400";"1,2500";"1,6054"
"54,4500";"1,2500";"1,6068"
"54,4600";"1,2500";"1,6069"
"54,4700";"1,2500";"1,6051"
"54,4800";"1,2500";"1,6040"
"54,4900";"1,2500";"1,6042"
"54,5000";"1,2500";"1,6049"
"54,5100";"1,2500";"1,6061"
"54,5200";"1,2500";"1,6075"
"54,5300";"1,2500";"1,6068"
"54,5400";"1,2500";"1,6044"
"54,5500";"1,2500";"1,6043"
"54,5600";"1,2500";"1,6046"
"54,5700";"1,2500";"1,6048"
"54,5800";"1,2500";"1,6032"
"54,5900";"1,2500";"1,6013"
"54,6000";"1,2500";"1,6027"
"54,6100";"1,2500";"1,6043"
"54,6200";"1,2500";"1,6037"
"54,6300";"1,2500";"1,6028"
"54,6400";"1,2500";"1,6029"
"54,6500";"1,2500";"1,6048"
"54,6600";"1,2500";"1,6064"
"54,6700";"1,2500";"1,6058"
"54,6800";"1,2500";"1,6055"
"54,6900";"1,2500";"1,6072"
"54,7000";"1,2500";"1,6062"
"54,7100";"1,2500";"1,6040"
"54,7200";"1,2500";"1,6026"
"54,7300";"1,2500";"1,6044"
"54,7400";"1,2500";"1,6045"
"54,7500";"1,2500";"1,6016"
"54,7600";"1,2500";"1,6002"
"54,7700";"1,2500";"1,6010"
"54,7800";"1,2500";"1,6035"
"54,7900";"1,2500";"1,6059"
"54,8000";"1,2500";"1,6059"
"54,8100";"1,2500";"1,6039"
"54,8200";"1,2500";"1,6019"
"54,8300";"1,2500";"1,6006"
"54,8400";"1,2500";"1,5991"
"54,8500";"1,2500";"1,5994"
"54,8600";"1,2500";"1,6009"
"54,8700";"1,2500";"1,6026"
"54,8800";"1,2500";"1,6048"
"54,8900";"1,2500";"1,6071"
"54,9000";"1,2500";"1,6072"
"54,9100";"1,2500";"1,6038"
"54,9200";"1,2500";"1,6012"
"54,9300";"1,2500";"1,6007"
"54,9400";"1,2500";"1,6014"
"54,9500";"1,2500";"1,6013"
"54,9600";"1,2500";"1,6028"
"54,9700";"1,2500";"1,6059"
"54,9800";"1,2500";"1,6069"
"54,9900";"1,2500";"1,6055"
"55,0000";"1,2500";"1,6038"
"55,0100";"1,2500";"1,6038"
"55,0200";"1,2500";"1,6043"
"55,0300";"1,2500";"1,6028"
"55,0400";"1,2500";"1,6002"
"55,0500";"1,2500";"1,6004"
"55,0600";"1,2500";"1,6024"
"55,0700";"1,2500";"1,6040"
"55,0800";"1,2500";"1,6049"
"55,0900";"1,2500";"1,6051"
"55,1000";"1,2500";"1,6032"
"55,1100";"1,2500";"1,5994"
"55,1200";"1,2500";"1,5984"
"55,1300";"1,2500";"1,6004"
"55,1400";"1,2500";"1,6026"
"55,1500";"1,2500";"1,6037"
"55,1600";"1,2500";"1,6031"
"55,1700";"1,2500";"1,6034"
"55,1800";"1,2500";"1,6044"
"55,1900";"1,2500";"1,6036"
"55,2000";"1,2500";"1,6029"
"55,2100";"1,2500";"1,6037"
"55,2200";"1,2500";"1,6041"
"55,2300";"1,2500";"1,6045"
"55,2400";"1,2500";"1,6034"
"55,2500";"1,2500";"1,6045"
"55,2600";"1,2500";"1,6072"
"55,2700";"1,2500";"1,6064"
"55,2800";"1,2500";"1,6024"
"55,2900";"1,2500";"1,6000"
"55,3000";"1,2500";"1,6021"
"55,3100";"1,2500";"1,6059"
"55,3200";"1,2500";"1,6073"
"55,3300";"1,2500";"1,6054"
"55,3400";"1,2500";"1,6037"
"55,3500";"1,2500";"1,6021"
"55,3600";"1,2500";"1,6018"
"55,3700";"1,2500";"1,6036"
"55,3800";"1,2500";"1,6045"
"55,3900";"1,2500";"1,6043"
"55,4000";"1,2500";"1,6022"
"55,4100";"1,2500";"1,6008"
"55,4200";"1,2500";"1,6018"
"55,4300";"1,2500";"1,6029"
"55,4400";"1,2500";"1,6023"
"55,4500";"1,2500";"1,6019"
"55,4600";"1,2500";"1,6016"
"55,4700";"1,2500";"1,6035"
"55,4800";"1,2500";"1,6049"
"55,4900";"1,2500";"1,6038"
"55,5000";"1,2500";"1,6026"
"55,5100";"1,2500";"1,6007"
"55,5200";"1,2500";"1,5987"
"55,5300";"1,2500";"1,5986"
"55,5400";"1,2500";"1,6020"
"55,5500";"1,2500";"1,6029"
"55,5600";"1,2500";"1,6022"
"55,5700";"1,2500";"1,6012"
"55,5800";"1,2500";"1,6019"
"55,5900";"1,2500";"1,6033"
"55,6000";"1,2500";"1,6026"
"55,6100";"1,2500";"1,6007"
"55,6200";"1,2500";"1,6002"
"55,6300";"1,2500";"1,6003"
"55,6400";"1,2500";"1,6007"
"55,6500";"1,2500";"1,6006"
"55,6600";"1,2500";"1,6012"
"55,6700";"1,2500";"1,6016"
"55,6800";"1,2500";"1,6019"
"55,6900";"1,2500";"1,6017"
"55,7000";"1,2500";"1,6021"
"55,7100";"1,2500";"1,6026"
"55,7200";"1,2500";"1,6018"
"55,7300";"1,2500";"1,6004"
"55,7400";"1,2500";"1,6007"
"55,7500";"1,2500";"1,6024"
"55,7600";"1,2500";"1,6030"
"55,7700";"1,2500";"1,6036"
"55,7800";"1,2500";"1,6034"
"55,7900";"1,2500";"1,6020"
"55,8000";"1,2500";"1,6003"
"55,8100";"1,2500";"1,6000"
"55,8200";"1,2500";"1,6019"
"55,8300";"1,2500";"1,6034"
"55,8400";"1,2500";"1,6031"
"55,8500";"1,2500";"1,6017"
"55,8600";"1,2500";"1,6019"
"55,8700";"1,2500";"1,6031"
"55,8800";"1,2500";"1,6029"
"55,8900";"1,2500";"1,6009"
"55,9000";"1,2500";"1,5995"
"55,9100";"1,2500";"1,5994"
"55,9200";"1,2500";"1,5997"
"55,9300";"1,2500";"1,5992"
"55,9400";"1,2500";"1,5998"
"55,9500";"1,2500";"1,6010"
"55,9600";"1,2500";"1,6027"
"55,9700";"1,2500";"1,6015"
"55,9800";"1,2500";"1,5994"
"55,9900";"1,2500";"1,5991"
"56,0000";"1,2500";"1,5991"
"56,0100";"1,2500";"1,5985"
"56,0200";"1,2500";"1,5988"
"56,0300";"1,2500";"1,6002"
"56,0400";"1,2500";"1,6009"
"56,0500";"1,2500";"1,5995"
"56,0600";"1,2500";"1,5993"
"56,0700";"1,2500";"1,6005"
"56,0800";"1,2500";"1,6018"
"56,0900";"1,2500";"1,6008"
"56,1000";"1,2500";"1,6005"
"56,1100";"1,2500";"1,6012"
"56,1200";"1,2500";"1,6016"
"56,1300";"1,2500";"1,6006"
"56,1400";"1,2500";"1,6005"
"56,1500";"1,2500";"1,6013"
"56,1600";"1,2500";"1,6013"
"56,1700";"1,2500";"1,5992"
"56,1800";"1,2500";"1,5982"
"56,1900";"1,2500";"1,5987"
"56,2000";"1,2500";"1,6003"
"56,2100";"1,2500";"1,6006"
"56,2200";"1,2500";"1,5999"
"56,2300";"1,2500";"1,5998"
"56,2400";"1,2500";"1,5997"
"56,2500";"1,2500";"1,5994"
"56,2600";"1,2500";"1,5993"
"56,2700";"1,2500";"1,5995"
"56,2800";"1,2500";"1,5989"
"56,2900";"1,2500";"1,5973"
"56,3000";"1,2500";"1,5969"
"56,3100";"1,2500";"1,5985"
"56,3200";"1,2500";"1,6004"
"56,3300";"1,2500";"1,6008"
"56,3400";"1,2500";"1,6018"
"56,3500";"1,2500";"1,6033"
"56,3600";"1,2500";"1,6025"
"56,3700";"1,2500";"1,6009"
"56,3800";"1,2500";"1,6002"
"56,3900";"1,2500";"1,5991"
"56,4000";"1,2500";"1,5994"
"56,4100";"1,2500";"1,6002"
"56,4200";"1,2500";"1,6008"
"56,4300";"1,2500";"1,6024"
"56,4400";"1,2500";"1,6046"
"56,4500";"1,2500";"1,6030"
"56,4600";"1,2500";"1,6002"
"56,4700";"1,2500";"1,5988"
"56,4800";"1,2500";"1,6000"
"56,4900";"1,2500";"1,6004"
"56,5000";"1,2500";"1,5999"
"56,5100";"1,2500";"1,5996"
"56,5200";"1,2500";"1,6013"
"56,5300";"1,2500";"1,6022"
"56,5400";"1,2500";"1,6010"
"56,5500";"1,2500";"1,6002"
"56,5600";"1,2500";"1,6015"
"56,5700";"1,2500";"1,6028"
"56,5800";"1,2500";"1,6027"
"56,5900";"1,2500";"1,6031"
"56,6000";"1,2500";"1,6047"
"56,6100";"1,2500";"1,6042"
"56,6200";"1,2500";"1,6008"
"56,6300";"1,2500";"1,5981"
"56,6400";"1,2500";"1,5969"
"56,6500";"1,2500";"1,5963"
"56,6600";"1,2500";"1,5959"
"56,6700";"1,2500";"1,5968"
"56,6800";"1,2500";"1,6000"
"56,6900";"1,2500";"1,6023"
"56,7000";"1,2500";"1,6031"
"56,7100";"1,2500";"1,6040"
"56,7200";"1,2500";"1,6041"
"56,7300";"1,2500";"1,6035"
"56,7400";"1,2500";"1,6015"
"56,7500";"1,2500";"1,5995"
"56,7600";"1,2500";"1,5996"
"56,7700";"1,2500";"1,6013"
"56,7800";"1,2500";"1,6033"
"56,7900";"1,2500";"1,6035"
"56,8000";"1,2500";"1,6033"
"56,8100";"1,2500";"1,6018"
"56,8200";"1,2500";"1,5992"
"56,8300";"1,2500";"1,5983"
"56,8400";"1,2500";"1,5985"
"56,8500";"1,2500";"1,5985"
"56,8600";"1,2500";"1,5979"
"56,8700";"1,2500";"1,5981"
"56,8800";"1,2500";"1,5992"
"56,8900";"1,2500";"1,6013"
"56,9000";"1,2500";"1,6014"
"56,9100";"1,2500";"1,6001"
"56,9200";"1,2500";"1,5996"
"56,9300";"1,2500";"1,5990"
"56,9400";"1,2500";"1,5990"
"56,9500";"1,2500";"1,5999"
"56,9600";"1,2500";"1,6012"
"56,9700";"1,2500";"1,6007"
"56,9800";"1,2500";"1,5997"
"56,9900";"1,2500";"1,5985"
"57,0000";"1,2500";"1,5990"
"57,0100";"1,2500";"1,6012"
"57,0200";"1,2500";"1,6019"
"57,0300";"1,2500";"1,6000"
"57,0400";"1,2500";"1,5991"
"57,0500";"1,2500";"1,5990"
"57,0600";"1,2500";"1,5988"
"57,0700";"1,2500";"1,5986"
"57,0800";"1,2500";"1,6002"
"57,0900";"1,2500";"1,6017"
"57,1000";"1,2500";"1,6015"
"57,1100";"1,2500";"1,6006"
"57,1200";"1,2500";"1,6017"
"57,1300";"1,2500";"1,6034"
"57,1400";"1,2500";"1,6026"
"57,1500";"1,2500";"1,5988"
"57,1600";"1,2500";"1,5966"
"57,1700";"1,2500";"1,5987"
"57,1800";"1,2500";"1,6015"
"57,1900";"1,2500";"1,6020"
"57,2000";"1,2500";"1,6020"
"57,2100";"1,2500";"1,6028"
"57,2200";"1,2500";"1,6030"
"57,2300";"1,2500";"1,6028"
"57,2400";"1,2500";"1,6023"
"57,2500";"1,2500";"1,6006"
"57,2600";"1,2500";"1,5983"
"57,2700";"1,2500";"1,5964"
"57,2800";"1,2500";"1,5963"
"57,2900";"1,2500";"1,5964"
"57,3000";"1,2500";"1,5979"
"57,3100";"1,2500";"1,5990"
"57,3200";"1,2500";"1,5983"
"57,3300";"1,2500";"1,5993"
"57,3400";"1,2500";"1,5997"
"57,3500";"1,2500";"1,5998"
"57,3600";"1,2500";"1,5989"
"57,3700";"1,2500";"1,5974"
"57,3800";"1,2500";"1,5963"
"57,3900";"1,2500";"1,5956"
"57,4000";"1,2500";"1,5958"
"57,4100";"1,2500";"1,5975"
"57,4200";"1,2500";"1,5975"
"57,4300";"1,2500";"1,5965"
"57,4400";"1,2500";"1,5968"
"57,4500";"1,2500";"1,5985"
"57,4600";"1,2500";"1,5989"
"57,4700";"1,2500";"1,5970"
"57,4800";"1,2500";"1,5951"
"57,4900";"1,2500";"1,5957"
"57,5000";"1,2500";"1,5970"
"57,5100";"1,2500";"1,5971"
"57,5200";"1,2500";"1,5965"
"57,5300";"1,2500";"1,5974"
"57,5400";"1,2500";"1,5997"
"57,5500";"1,2500";"1,5996"
"57,5600";"1,2500";"1,5982"
"57,5700";"1,2500";"1,5982"
"57,5800";"1,2500";"1,6007"
"57,5900";"1,2500";"1,6010"
"57,6000";"1,2500";"1,6000"
"57,6100";"1,2500";"1,5996"
"57,6200";"1,2500";"1,5999"
"57,6300";"1,2500";"1,6010"
"57,6400";"1,2500";"1,6019"
"57,6500";"1,2500";"1,6020"
"57,6600";"1,2500";"1,6019"
"57,6700";"1,2500";"1,6011"
"57,6800";"1,2500";"1,5989"
"57,6900";"1,2500";"1,5981"
"57,7000";"1,2500";"1,5985"
"57,7100";"1,2500";"1,5967"
"57,7200";"1,2500";"1,5939"
"57,7300";"1,2500";"1,5937"
"57,7400";"1,2500";"1,5960"
"57,7500";"1,2500";"1,5981"
"57,7600";"1,2500";"1,5975"
"57,7700";"1,2500";"1,5964"
"57,7800";"1,2500";"1,5969"
"57,7900";"1,2500";"1,5980"
"57,8000";"1,2500";"1,5978"
"57,8100";"1,2500";"1,5984"
"57,8200";"1,2500";"1,5996"
"57,8300";"1,2500";"1,6002"
"57,8400";"1,2500";"1,5990"
"57,8500";"1,2500";"1,5995"
"57,8600";"1,2500";"1,6008"
"57,8700";"1,2500";"1,6012"
"57,8800";"1,2500";"1,6010"
"57,8900";"1,2500";"1,6005"
"57,9000";"1,2500";"1,6002"
"57,9100";"1,2500";"1,6004"
"57,9200";"1,2500";"1,6002"
"57,9300";"1,2500";"1,6001"
"57,9400";"1,2500";"1,6010"
"57,9500";"1,2500";"1,6006"
"57,9600";"1,2500";"1,5987"
"57,9700";"1,2500";"1,5973"
"57,9800";"1,2500";"1,5981"
"57,9900";"1,2500";"1,5998"
"58,0000";"1,2500";"1,5993"
"58,0100";"1,2500";"1,5984"
"58,0200";"1,2500";"1,5991"
"58,0300";"1,2500";"1,5997"
"58,0400";"1,2500";"1,5991"
"58,0500";"1,2500";"1,5978"
"58,0600";"1,2500";"1,5976"
"58,0700";"1,2500";"1,5988"
"58,0800";"1,2500";"1,5999"
"58,0900";"1,2500";"1,5999"
"58,1000";"1,2500";"1,6000"
"58,1100";"1,2500";"1,6001"
"58,1200";"1,2500";"1,5990"
"58,1300";"1,2500";"1,5974"
"58,1400";"1,2500";"1,5978"
"58,1500";"1,2500";"1,5977"
"58,1600";"1,2500";"1,5964"
"58,1700";"1,2500";"1,5959"
"58,1800";"1,2500";"1,5982"
"58,1900";"1,2500";"1,6007"
"58,2000";"1,2500";"1,6007"
"58,2100";"1,2500";"1,5981"
"58,2200";"1,2500";"1,5971"
"58,2300";"1,2500";"1,5982"
"58,2400";"1,2500";"1,6005"
"58,2500";"1,2500";"1,5994"
"58,2600";"1,2500";"1,5991"
"58,2700";"1,2500";"1,5995"
"58,2800";"1,2500";"1,5992"
"58,2900";"1,2500";"1,5988"
"58,3000";"1,2500";"1,5989"
"58,3100";"1,2500";"1,5990"
"58,3200";"1,2500";"1,5971"
"58,3300";"1,2500";"1,5937"
"58,3400";"1,2500";"1,5938"
"58,3500";"1,2500";"1,5961"
"58,3600";"1,2500";"1,5973"
"58,3700";"1,2500";"1,5972"
"58,3800";"1,2500";"1,5983"
"58,3900";"1,2500";"1,5999"
"58,4000";"1,2500";"1,5999"
"58,4100";"1,2500";"1,5975"
"58,4200";"1,2500";"1,5953"
"58,4300";"1,2500";"1,5962"
"58,4400";"1,2500";"1,5979"
"58,4500";"1,2500";"1,5980"
"58,4600";"1,2500";"1,5985"
"58,4700";"1,2500";"1,5999"
"58,4800";"1,2500";"1,5994"
"58,4900";"1,2500";"1,5971"
"58,5000";"1,2500";"1,5961"
"58,5100";"1,2500";"1,5971"
"58,5200";"1,2500";"1,5972"
"58,5300";"1,2500";"1,5965"
"58,5400";"1,2500";"1,5971"
"58,5500";"1,2500";"1,5983"
"58,5600";"1,2500";"1,5987"
"58,5700";"1,2500";"1,5970"
"58,5800";"1,2500";"1,5972"
"58,5900";"1,2500";"1,5984"
"58,6000";"1,2500";"1,5993"
"58,6100";"1,2500";"1,5988"
"58,6200";"1,2500";"1,5970"
"58,6300";"1,2500";"1,5965"
"58,6400";"1,2500";"1,5971"
"58,6500";"1,2500";"1,5952"
"58,6600";"1,2500";"1,5937"
"58,6700";"1,2500";"1,5939"
"58,6800";"1,2500";"1,5942"
"58,6900";"1,2500";"1,5951"
"58,7000";"1,2500";"1,5970"
"58,7100";"1,2500";"1,5983"
"58,7200";"1,2500";"1,5987"
"58,7300";"1,2500";"1,5977"
"58,7400";"1,2500";"1,5970"
"58,7500";"1,2500";"1,5980"
"58,7600";"1,2500";"1,5992"
"58,7700";"1,2500";"1,5981"
"58,7800";"1,2500";"1,5972"
"58,7900";"1,2500";"1,5977"
"58,8000";"1,2500";"1,5989"
"58,8100";"1,2500";"1,5995"
"58,8200";"1,2500";"1,5986"
"58,8300";"1,2500";"1,5982"
"58,8400";"1,2500";"1,5977"
"58,8500";"1,2500";"1,5967"
"58,8600";"1,2500";"1,5968"
"58,8700";"1,2500";"1,5965"
"58,8800";"1,2500";"1,5967"
"58,8900";"1,2500";"1,5966"
"58,9000";"1,2500";"1,5962"
"58,9100";"1,2500";"1,5971"
"58,9200";"1,2500";"1,5992"
"58,9300";"1,2500";"1,5989"
"58,9400";"1,2500";"1,5970"
"58,9500";"1,2500";"1,5978"
"58,9600";"1,2500";"1,6003"
"58,9700";"1,2500";"1,5999"
"58,9800";"1,2500";"1,5984"
"58,9900";"1,2500";"1,5979"
"59,0000";"1,2500";"1,5975"
"59,0100";"1,2500";"1,5967"
"59,0200";"1,2500";"1,5953"
"59,0300";"1,2500";"1,5962"
"59,0400";"1,2500";"1,5981"
"59,0500";"1,2500";"1,6004"
"59,0600";"1,2500";"1,6002"
"59,0700";"1,2500";"1,5982"
"59,0800";"1,2500";"1,5978"
"59,0900";"1,2500";"1,5980"
"59,1000";"1,2500";"1,5976"
"59,1100";"1,2500";"1,5957"
"59,1200";"1,2500";"1,5954"
"59,1300";"1,2500";"1,5951"
"59,1400";"1,2500";"1,5960"
"59,1500";"1,2500";"1,5979"
"59,1600";"1,2500";"1,5986"
"59,1700";"1,2500";"1,5965"
"59,1800";"1,2500";"1,5945"
"59,1900";"1,2500";"1,5956"
"59,2000";"1,2500";"1,5975"
"59,2100";"1,2500";"1,5978"
"59,2200";"1,2500";"1,5975"
"59,2300";"1,2500";"1,5981"
"59,2400";"1,2500";"1,5988"
"59,2500";"1,2500";"1,5982"
"59,2600";"1,2500";"1,5966"
"59,2700";"1,2500";"1,5944"
"59,2800";"1,2500";"1,5948"
"59,2900";"1,2500";"1,5953"
"59,3000";"1,2500";"1,5947"
"59,3100";"1,2500";"1,5949"
"59,3200";"1,2500";"1,5975"
"59,3300";"1,2500";"1,5983"
"59,3400";"1,2500";"1,5973"
"59,3500";"1,2500";"1,5953"
"59,3600";"1,2500";"1,5945"
"59,3700";"1,2500";"1,5954"
"59,3800";"1,2500";"1,5964"
"59,3900";"1,2500";"1,5969"
"59,4000";"1,2500";"1,5983"
"59,4100";"1,2500";"1,5989"
"59,4200";"1,2500";"1,5976"
"59,4300";"1,2500";"1,5958"
"59,4400";"1,2500";"1,5949"
"59,4500";"1,2500";"1,5946"
"59,4600";"1,2500";"1,5945"
"59,4700";"1,2500";"1,5940"
"59,4800";"1,2500";"1,5949"
"59,4900";"1,2500";"1,5958"
"59,5000";"1,2500";"1,5957"
"59,5100";"1,2500";"1,5952"
"59,5200";"1,2500";"1,5957"
"59,5300";"1,2500";"1,5965"
"59,5400";"1,2500";"1,5970"
"59,5500";"1,2500";"1,5968"
"59,5600";"1,2500";"1,5972"
"59,5700";"1,2500";"1,5986"
"59,5800";"1,2500";"1,5983"
"59,5900";"1,2500";"1,5961"
"59,6000";"1,2500";"1,5955"
"59,6100";"1,2500";"1,5957"
"59,6200";"1,2500";"1,5960"
"59,6300";"1,2500";"1,5960"
"59,6400";"1,2500";"1,5959"
"59,6500";"1,2500";"1,5979"
"59,6600";"1,2500";"1,5994"
"59,6700";"1,2500";"1,5981"
"59,6800";"1,2500";"1,5957"
"59,6900";"1,2500";"1,5942"
"59,7000";"1,2500";"1,5939"
"59,7100";"1,2500";"1,5945"
"59,7200";"1,2500";"1,5962"
"59,7300";"1,2500";"1,5983"
"59,7400";"1,2500";"1,5995"
"59,7500";"1,2500";"1,5984"
"59,7600";"1,2500";"1,5967"
"59,7700";"1,2500";"1,5963"
"59,7800";"1,2500";"1,5961"
"59,7900";"1,2500";"1,5962"
"59,8000";"1,2500";"1,5961"
"59,8100";"1,2500";"1,5969"
"59,8200";"1,2500";"1,5968"
"59,8300";"1,2500";"1,5955"
"59,8400";"1,2500";"1,5939"
"59,8500";"1,2500";"1,5938"
"59,8600";"1,2500";"1,5959"
"59,8700";"1,2500";"1,5972"
"59,8800";"1,2500";"1,5981"
"59,8900";"1,2500";"1,5982"
"59,9000";"1,2500";"1,5982"
"59,9100";"1,2500";"1,5977"
"59,9200";"1,2500";"1,5957"
"59,9300";"1,2500";"1,5943"
"59,9400";"1,2500";"1,5938"
"59,9500";"1,2500";"1,5942"
"59,9600";"1,2500";"1,5946"
"59,9700";"1,2500";"1,5946"
"59,9800";"1,2500";"1,5946"
"59,9900";"1,2500";"1,5941"
"60,0000";"1,2500";"1,5941"
"60,0100";"1,2500";"1,5952"
"60,0200";"1,2500";"1,5955"
"60,0300";"1,2500";"1,5947"
"60,0400";"1,2500";"1,5939"
"60,0500";"1,2500";"1,5956"
"60,0600";"1,2500";"1,5982"
"60,0700";"1,2500";"1,5974"
"60,0800";"1,2500";"1,5968"
"60,0900";"1,2500";"1,5967"
"60,1000";"1,2500";"1,5978"
"60,1100";"1,2500";"1,5976"
"60,1200";"1,2500";"1,5964"
"60,1300";"1,2500";"1,5952"
"60,1400";"1,2500";"1,5948"
"60,1500";"1,2500";"1,5951"
"60,1600";"1,2500";"1,5939"
"60,1700";"1,2500";"1,5929"
"60,1800";"1,2500";"1,5959"
"60,1900";"1,2500";"1,5975"
"60,2000";"1,2500";"1,5974"
"60,2100";"1,2500";"1,5959"
"60,2200";"1,2500";"1,5966"
"60,2300";"1,2500";"1,5978"
"60,2400";"1,2500";"1,5973"
"60,2500";"1,2500";"1,5964"
"60,2600";"1,2500";"1,5958"
"60,2700";"1,2500";"1,5948"
"60,2800";"1,2500";"1,5931"
"60,2900";"1,2500";"1,5920"
"60,3000";"1,2500";"1,5936"
"60,3100";"1,2500";"1,5950"
"60,3200";"1,2500";"1,5956"
"60,3300";"1,2500";"1,5937"
"60,3400";"1,2500";"1,5937"
"60,3500";"1,2500";"1,5942"
"60,3600";"1,2500";"1,5937"
"60,3700";"1,2500";"1,5934"
"60,3800";"1,2500";"1,5950"
"60,3900";"1,2500";"1,5970"
"60,4000";"1,2500";"1,5980"
"60,4100";"1,2500";"1,5975"
"60,4200";"1,2500";"1,5977"
"60,4300";"1,2500";"1,5972"
"60,4400";"1,2500";"1,5961"
"60,4500";"1,2500";"1,5954"
"60,4600";"1,2500";"1,5953"
"60,4700";"1,2500";"1,5960"
"60,4800";"1,2500";"1,5946"
"60,4900";"1,2500";"1,5930"
"60,5000";"1,2500";"1,5944"
"60,5100";"1,2500";"1,5957"
"60,5200";"1,2500";"1,5961"
"60,5300";"1,2500";"1,5951"
"60,5400";"1,2500";"1,5950"
"60,5500";"1,2500";"1,5951"
"60,5600";"1,2500";"1,5955"
"60,5700";"1,2500";"1,5963"
"60,5800";"1,2500";"1,5967"
"60,5900";"1,2500";"1,5959"
"60,6000";"1,2500";"1,5938"
"60,6100";"1,2500";"1,5921"
"60,6200";"1,2500";"1,5928"
"60,6300";"1,2500";"1,5939"
"60,6400";"1,2500";"1,5936"
"60,6500";"1,2500";"1,5917"
"60,6600";"1,2500";"1,5918"
"60,6700";"1,2500";"1,5949"
"60,6800";"1,2500";"1,5969"
"60,6900";"1,2500";"1,5953"
"60,7000";"1,2500";"1,5935"
"60,7100";"1,2500";"1,5945"
"60,7200";"1,2500";"1,5953"
"60,7300";"1,2500";"1,5956"
"60,7400";"1,2500";"1,5952"
"60,7500";"1,2500";"1,5961"
"60,7600";"1,2500";"1,5969"
"60,7700";"1,2500";"1,5962"
"60,7800";"1,2500";"1,5961"
"60,7900";"1,2500";"1,5961"
"60,8000";"1,2500";"1,5956"
"60,8100";"1,2500";"1,5935"
"60,8200";"1,2500";"1,5923"
"60,8300";"1,2500";"1,5933"
"60,8400";"1,2500";"1,5939"
"60,8500";"1,2500";"1,5944"
"60,8600";"1,2500";"1,5958"
"60,8700";"1,2500";"1,5957"
"60,8800";"1,2500";"1,5947"
"60,8900";"1,2500";"1,5940"
"60,9000";"1,2500";"1,5937"
"60,9100";"1,2500";"1,5947"
"60,9200";"1,2500";"1,5960"
"60,9300";"1,2500";"1,5956"
"60,9400";"1,2500";"1,5947"
"60,9500";"1,2500";"1,5956"
"60,9600";"1,2500";"1,5957"
"60,9700";"1,2500";"1,5940"
"60,9800";"1,2500";"1,5928"
"60,9900";"1,2500";"1,5929"
"61,0000";"1,2500";"1,5935"
"61,0100";"1,2500";"1,5940"
"61,0200";"1,2500";"1,5949"
"61,0300";"1,2500";"1,5960"
"61,0400";"1,2500";"1,5965"
"61,0500";"1,2500";"1,5940"
"61,0600";"1,2500";"1,5926"
"61,0700";"1,2500";"1,5926"
"61,0800";"1,2500";"1,5952"
"61,0900";"1,2500";"1,5964"
"61,1000";"1,2500";"1,5946"
"61,1100";"1,2500";"1,5938"
"61,1200";"1,2500";"1,5938"
"61,1300";"1,2500";"1,5934"
"61,1400";"1,2500";"1,5926"
"61,1500";"1,2500";"1,5932"
"61,1600";"1,2500";"1,5943"
"61,1700";"1,2500";"1,5945"
"61,1800";"1,2500";"1,5941"
"61,1900";"1,2500";"1,5941"
"61,2000";"1,2500";"1,5950"
"61,2100";"1,2500";"1,5937"
"61,2200";"1,2500";"1,5901"
"61,2300";"1,2500";"1,5890"
"61,2400";"1,2500";"1,5911"
"61,2500";"1,2500";"1,5925"
"61,2520";"1,2500";"1,5926"
"61,2540";"1,2500";"1,5927"
"61,2640";"1,2500";"1,5921"
"61,2740";"1,2500";"1,5925"
"61,2840";"1,2500";"1,5923"
"61,2900";"1,2500";"1,5911"
"61,3000";"1,2500";"1,5903"
"61,3100";"1,2500";"1,5908"
"61,3200";"1,2500";"1,5917"
"61,3300";"1,2500";"1,5920"
"61,3400";"1,2500";"1,5922"
"61,3500";"1,2501";"1,5924"
"61,3600";"1,2502";"1,5935"
"61,3700";"1,2503";"1,5945"
"61,3800";"1,2506";"1,5927"
"61,3900";"1,2512";"1,5911"
"61,4000";"1,2519";"1,5913"
"61,4100";"1,2528";"1,5940"
"61,4200";"1,2540";"1,5970"
"61,4300";"1,2556";"1,6019"
"61,4400";"1,2578";"1,6079"
"61,4500";"1,2605";"1,6138"
"61,4600";"1,2637";"1,6192"
"61,4700";"1,2671";"1,6270"
"61,4800";"1,2710";"1,6372"
"61,4900";"1,2750";"1,6468"
"61,5000";"1,2792";"1,6554"
"61,5100";"1,2837";"1,6652"
"61,5200";"1,2882";"1,6779"
"61,5300";"1,2927";"1,6912"
"61,5400";"1,2973";"1,7046"
"61,5500";"1,3020";"1,7185"
"61,5600";"1,3069";"1,7331"
"61,5700";"1,3117";"1,7465"
"61,5800";"1,3168";"1,7591"
"61,5900";"1,3219";"1,7726"
"61,6000";"1,3273";"1,7880"
"61,6100";"1,3327";"1,8022"
"61,6200";"1,3384";"1,8150"
"61,6300";"1,3443";"1,8296"
"61,6400";"1,3503";"1,8477"
"61,6500";"1,3565";"1,8649"
"61,6600";"1,3627";"1,8802"
"61,6700";"1,3692";"1,8942"
"61,6800";"1,3757";"1,9104"
"61,6900";"1,3822";"1,9281"
"61,7000";"1,3888";"1,9459"
"61,7100";"1,3958";"1,9628"
"61,7200";"1,4030";"1,9794"
"61,7300";"1,4103";"1,9957"
"61,7400";"1,4177";"2,0126"
"61,7500";"1,4254";"2,0317"
"61,7600";"1,4331";"2,0527"
"61,7700";"1,4411";"2,0733"
"61,7800";"1,4491";"2,0910"
"61,7900";"1,4573";"2,1081"
"61,8000";"1,4658";"2,1277"
"61,8100";"1,4745";"2,1487"
"61,8200";"1,4834";"2,1684"
"61,8300";"1,4925";"2,1895"
"61,8400";"1,5015";"2,2135"
"61,8500";"1,5109";"2,2367"
"61,8600";"1,5203";"2,2579"
"61,8700";"1,5300";"2,2776"
"61,8800";"1,5399";"2,2998"
"61,8900";"1,5500";"2,3228"
"61,9000";"1,5600";"2,3448"
"61,9100";"1,5701";"2,3659"
"61,9200";"1,5804";"2,3896"
"61,9300";"1,5909";"2,4157"
"61,9400";"1,6019";"2,4403"
"61,9500";"1,6130";"2,4623"
"61,9600";"1,6243";"2,4836"
"61,9700";"1,6355";"2,5057"
"61,9800";"1,6469";"2,5294"
"61,9900";"1,6584";"2,5547"
"62,0000";"1,6704";"2,5809"
"62,0100";"1,6824";"2,6066"
"62,0200";"1,6947";"2,6314"
"62,0300";"1,7067";"2,6555"
"62,0400";"1,7191";"2,6833"
"62,0500";"1,7318";"2,7113"
"62,0600";"1,7446";"2,7362"
"62,0700";"1,7576";"2,7589"
"62,0800";"1,7705";"2,7829"
"62,0900";"1,7837";"2,8095"
"62,1000";"1,7973";"2,8378"
"62,1100";"1,8109";"2,8646"
"62,1200";"1,8245";"2,8914"
"62,1300";"1,8384";"2,9204"
"62,1400";"1,8525";"2,9490"
"62,1500";"1,8668";"2,9747"
"62,1600";"1,8811";"3,0007"
"62,1700";"1,8955";"3,0265"
"62,1800";"1,9103";"3,0530"
"62,1900";"1,9252";"3,0812"
"62,2000";"1,9406";"3,1108"
"62,2100";"1,9559";"3,1401"
"62,2200";"1,9715";"3,1698"
"62,2300";"1,9873";"3,1985"
"62,2400";"2,0032";"3,2269"
"62,2500";"2,0189";"3,2571"
"62,2600";"2,0350";"3,2873"
"62,2700";"2,0515";"3,3164"
"62,2800";"2,0680";"3,3472"
"62,2900";"2,0846";"3,3796"
"62,3000";"2,1014";"3,4114"
"62,3100";"2,1183";"3,4402"
"62,3200";"2,1352";"3,4685"
"62,3300";"2,1520";"3,4984"
"62,3400";"2,1693";"3,5292"
"62,3500";"2,1863";"3,5571"
"62,3600";"2,2030";"3,5849"
"62,3700";"2,2197";"3,6148"
"62,3800";"2,2363";"3,6440"
"62,3900";"2,2529";"3,6708"
"62,4000";"2,2694";"3,6974"
"62,4100";"2,2860";"3,7245"
"62,4200";"2,3027";"3,7520"
"62,4300";"2,3192";"3,7779"
"62,4400";"2,3357";"3,8031"
"62,4500";"2,3525";"3,8289"
"62,4600";"2,3693";"3,8561"
"62,4700";"2,3861";"3,8828"
"62,4800";"2,4029";"3,9093"
"62,4900";"2,4199";"3,9369"
"62,5000";"2,4369";"3,9635"
"62,5100";"2,4537";"3,9874"
"62,5200";"2,4702";"4,0100"
"62,5300";"2,4868";"4,0360"
"62,5380";"2,5003";"4,0575"
"62,5400";"2,5036";"4,0626"
"62,5500";"2,5185";"4,0877"
"62,5600";"2,5272";"4,1016"
"62,5700";"2,5303";"4,1059"
"62,5800";"2,5302";"4,1060"
"62,5900";"2,5300";"4,1051"
"62,6000";"2,5298";"4,1004"
"62,6100";"2,5295";"4,0917"
"62,6200";"2,5290";"4,0793"
"62,6300";"2,5280";"4,0614"
"62,6400";"2,5269";"4,0427"
"62,6500";"2,5251";"4,0251"
"62,6600";"2,5228";"4,0082"
"62,6700";"2,5201";"3,9904"
"62,6800";"2,5172";"3,9713"
"62,6900";"2,5143";"3,9526"
"62,7000";"2,5117";"3,9363"
"62,7100";"2,5095";"3,9221"
"62,7200";"2,5075";"3,9076"
"62,7300";"2,5060";"3,8925"
"62,7400";"2,5047";"3,8776"
"62,7500";"2,5037";"3,8634"
"62,7600";"2,5029";"3,8528"
"62,7700";"2,5023";"3,8443"
"62,7800";"2,5017";"3,8360"
"62,7900";"2,5014";"3,8292"
"62,8000";"2,5010";"3,8218"
"62,8100";"2,5007";"3,8153"
"62,8200";"2,5004";"3,8092"
"62,8300";"2,5003";"3,8033"
"62,8400";"2,5002";"3,7966"
"62,8500";"2,4999";"3,7906"
"62,8600";"2,4999";"3,7848"
"62,8700";"2,4998";"3,7805"
"62,8800";"2,4998";"3,7766"
"62,8900";"2,4997";"3,7746"
"62,9000";"2,4997";"3,7716"
"62,9100";"2,4997";"3,7665"
"62,9200";"2,4997";"3,7597"
"62,9300";"2,4996";"3,7540"
"62,9400";"2,4996";"3,7496"
"62,9500";"2,4996";"3,7453"
"62,9600";"2,4996";"3,7409"
"62,9700";"2,4996";"3,7374"
"62,9800";"2,4996";"3,7350"
"62,9900";"2,4996";"3,7333"
"63,0000";"2,4996";"3,7306"
"63,0100";"2,4996";"3,7267"
"63,0200";"2,4996";"3,7220"
"63,0300";"2,4996";"3,7163"
"63,0400";"2,4996";"3,7101"
"63,0500";"2,4996";"3,7048"
"63,0600";"2,4996";"3,7037"
"63,0700";"2,4996";"3,7028"
"63,0800";"2,4996";"3,6998"
"63,0900";"2,4996";"3,6964"
"63,1000";"2,4996";"3,6946"
"63,1100";"2,4996";"3,6932"
"63,1200";"2,4996";"3,6907"
"63,1300";"2,4996";"3,6874"
"63,1400";"2,4996";"3,6855"
"63,1500";"2,4996";"3,6835"
"63,1600";"2,4996";"3,6795"
"63,1700";"2,4996";"3,6746"
"63,1800";"2,4996";"3,6720"
"63,1900";"2,4996";"3,6696"
"63,2000";"2,4996";"3,6670"
"63,2100";"2,4996";"3,6626"
"63,2200";"2,4996";"3,6602"
"63,2300";"2,4996";"3,6598"
"63,2400";"2,4996";"3,6594"
"63,2500";"2,4996";"3,6567"
"63,2600";"2,4996";"3,6528"
"63,2700";"2,4996";"3,6489"
"63,2800";"2,4996";"3,6455"
"63,2900";"2,4996";"3,6420"
"63,3000";"2,4996";"3,6408"
"63,3100";"2,4996";"3,6394"
"63,3200";"2,4996";"3,6368"
"63,3300";"2,4996";"3,6342"
"63,3400";"2,4996";"3,6328"
"63,3500";"2,4996";"3,6312"
"63,3600";"2,4996";"3,6293"
"63,3700";"2,4996";"3,6265"
"63,3800";"2,4996";"3,6240"
"63,3900";"2,4996";"3,6230"
"63,4000";"2,4996";"3,6210"
"63,4100";"2,4996";"3,6187"
"63,4200";"2,4996";"3,6175"
"63,4300";"2,4996";"3,6166"
"63,4400";"2,4996";"3,6157"
"63,4500";"2,4996";"3,6132"
"63,4600";"2,4996";"3,6090"
"63,4700";"2,4996";"3,6066"
"63,4800";"2,4996";"3,6055"
"63,4900";"2,4996";"3,6038"
"63,5000";"2,4996";"3,6012"
"63,5100";"2,4996";"3,5993"
"63,5200";"2,4996";"3,5972"
"63,5300";"2,4996";"3,5951"
"63,5400";"2,4996";"3,5934"
"63,5500";"2,4996";"3,5925"
"63,5600";"2,4996";"3,5896"
"63,5700";"2,4996";"3,5861"
"63,5800";"2,4996";"3,5841"
"63,5900";"2,4996";"3,5839"
"63,6000";"2,4996";"3,5843"
"63,6100";"2,4996";"3,5832"
"63,6200";"2,4996";"3,5803"
"63,6300";"2,4996";"3,5775"
"63,6400";"2,4996";"3,5753"
"63,6500";"2,4996";"3,5742"
"63,6600";"2,4996";"3,5727"
"63,6700";"2,4996";"3,5710"
"63,6800";"2,4996";"3,5694"
"63,6900";"2,4996";"3,5665"
"63,7000";"2,4996";"3,5641"
"63,7100";"2,4996";"3,5631"
"63,7200";"2,4996";"3,5637"
"63,7300";"2,4996";"3,5631"
"63,7400";"2,4996";"3,5606"
"63,7500";"2,4996";"3,5578"
"63,7600";"2,4996";"3,5561"
"63,7700";"2,4996";"3,5540"
"63,7800";"2,4996";"3,5516"
"63,7900";"2,4996";"3,5503"
"63,8000";"2,4996";"3,5496"
"63,8100";"2,4996";"3,5492"
"63,8200";"2,4996";"3,5484"
"63,8300";"2,4996";"3,5470"
"63,8400";"2,4996";"3,5445"
"63,8500";"2,4996";"3,5426"
"63,8600";"2,4996";"3,5411"
"63,8700";"2,4996";"3,5414"
"63,8800";"2,4996";"3,5406"
"63,8900";"2,4996";"3,5381"
"63,9000";"2,4996";"3,5358"
"63,9100";"2,4996";"3,5369"
"63,9200";"2,4996";"3,5389"
"63,9300";"2,4996";"3,5386"
"63,9400";"2,4996";"3,5346"
"63,9500";"2,4996";"3,5299"
"63,9600";"2,4996";"3,5279"
"63,9700";"2,4996";"3,5273"
"63,9800";"2,4996";"3,5253"
"63,9900";"2,4996";"3,5234"
"64,0000";"2,4996";"3,5221"
"64,0100";"2,4996";"3,5213"
"64,0200";"2,4996";"3,5206"
"64,0300";"2,4996";"3,5202"
"64,0400";"2,4996";"3,5201"
"64,0500";"2,4996";"3,5178"
"64,0600";"2,4996";"3,5160"
"64,0700";"2,4996";"3,5153"
"64,0800";"2,4998";"3,5154"
"64,0900";"2,4998";"3,5149"
"64,1000";"2,4998";"3,5130"
"64,1100";"2,4998";"3,5123"
"64,1200";"2,4998";"3,5119"
"64,1300";"2,4998";"3,5107"
"64,1400";"2,4998";"3,5077"
"64,1500";"2,4998";"3,5050"
"64,1600";"2,4998";"3,5044"
"64,1700";"2,4998";"3,5049"
"64,1800";"2,4998";"3,5036"
"64,1900";"2,4998";"3,5014"
"64,2000";"2,4998";"3,5006"
"64,2100";"2,4998";"3,5004"
"64,2200";"2,4998";"3,4977"
"64,2300";"2,4998";"3,4953"
"64,2400";"2,4998";"3,4960"
"64,2500";"2,4998";"3,4977"
"64,2600";"2,4998";"3,4964"
"64,2700";"2,4998";"3,4945"
"64,2800";"2,4998";"3,4930"
"64,2900";"2,4998";"3,4923"
"64,3000";"2,4998";"3,4909"
"64,3100";"2,4998";"3,4893"
"64,3200";"2,4998";"3,4888"
"64,3300";"2,4998";"3,4881"
"64,3400";"2,4998";"3,4868"
"64,3500";"2,4998";"3,4847"
"64,3600";"2,4998";"3,4839"
"64,3700";"2,4998";"3,4839"
"64,3800";"2,4998";"3,4828"
"64,3900";"2,4998";"3,4808"
"64,4000";"2,4998";"3,4806"
"64,4100";"2,4998";"3,4813"
"64,4200";"2,4998";"3,4812"
"64,4300";"2,4998";"3,4796"
"64,4400";"2,4998";"3,4775"
"64,4500";"2,4998";"3,4764"
"64,4600";"2,4998";"3,4749"
"64,4700";"2,4998";"3,4719"
"64,4800";"2,4998";"3,4707"
"64,4900";"2,4998";"3,4713"
"64,5000";"2,4998";"3,4722"
"64,5100";"2,4998";"3,4724"
"64,5200";"2,4998";"3,4722"
"64,5300";"2,4998";"3,4717"
"64,5400";"2,4998";"3,4701"
"64,5500";"2,4998";"3,4673"
"64,5600";"2,4998";"3,4647"
"64,5700";"2,4998";"3,4635"
"64,5800";"2,4998";"3,4643"
"64,5900";"2,4998";"3,4659"
"64,6000";"2,4998";"3,4671"
"64,6100";"2,4998";"3,4681"
"64,6200";"2,4998";"3,4665"
"64,6300";"2,4998";"3,4625"
"64,6400";"2,4998";"3,4583"
"64,6500";"2,4998";"3,4559"
"64,6600";"2,4998";"3,4558"
"64,6700";"2,4998";"3,4553"
"64,6800";"2,4998";"3,4555"
"64,6900";"2,4998";"3,4568"
"64,7000";"2,4998";"3,4566"
"64,7100";"2,4998";"3,4536"
"64,7200";"2,4998";"3,4502"
"64,7300";"2,4998";"3,4494"
"64,7400";"2,4998";"3,4499"
"64,7500";"2,4998";"3,4486"
"64,7600";"2,4998";"3,4470"
"64,7700";"2,4998";"3,4470"
"64,7800";"2,4998";"3,4488"
"64,7900";"2,4998";"3,4497"
"64,8000";"2,4998";"3,4475"
"64,8100";"2,4998";"3,4434"
"64,8200";"2,4998";"3,4404"
"64,8300";"2,4998";"3,4384"
"64,8400";"2,4998";"3,4391"
"64,8500";"2,4998";"3,4419"
"64,8600";"2,4998";"3,4436"
"64,8700";"2,4998";"3,4428"
"64,8800";"2,4998";"3,4407"
"64,8900";"2,4998";"3,4394"
"64,9000";"2,4998";"3,4380"
"64,9100";"2,4998";"3,4355"
"64,9200";"2,4998";"3,4333"
"64,9300";"2,4998";"3,4334"
"64,9400";"2,4998";"3,4357"
"64,9500";"2,4998";"3,4374"
"64,9600";"2,4998";"3,4375"
"64,9700";"2,4998";"3,4360"
"64,9800";"2,4998";"3,4338"
"64,9900";"2,4998";"3,4318"
"65,0000";"2,4998";"3,4297"
"65,0100";"2,4998";"3,4286"
"65,0200";"2,4998";"3,4294"
"65,0300";"2,4998";"3,4307"
"65,0400";"2,4998";"3,4292"
"65,0500";"2,4998";"3,4264"
"65,0600";"2,4999";"3,4234"
"65,0700";"2,4999";"3,4217"
"65,0800";"2,4999";"3,4207"
"65,0900";"2,4999";"3,4210"
"65,1000";"2,4999";"3,4213"
"65,1100";"2,4999";"3,4200"
"65,1200";"2,4999";"3,4186"
"65,1300";"2,4999";"3,4197"
"65,1400";"2,4999";"3,4221"
"65,1500";"2,4999";"3,4214"
"65,1600";"2,4999";"3,4176"
"65,1700";"2,4999";"3,4160"
"65,1800";"2,4999";"3,4163"
"65,1900";"2,4999";"3,4160"
"65,2000";"2,4999";"3,4155"
"65,2100";"2,4999";"3,4149"
"65,2200";"2,4999";"3,4154"
"65,2300";"2,4999";"3,4160"
"65,2400";"2,4999";"3,4139"
"65,2500";"2,4999";"3,4113"
"65,2600";"2,4999";"3,4101"
"65,2700";"2,4999";"3,4091"
"65,2800";"2,4999";"3,4087"
"65,2900";"2,4999";"3,4090"
"65,3000";"2,4999";"3,4110"
"65,3100";"2,4999";"3,4124"
"65,3200";"2,4999";"3,4115"
"65,3300";"2,4999";"3,4090"
"65,3400";"2,4999";"3,4068"
"65,3500";"2,4999";"3,4048"
"65,3600";"2,4999";"3,4021"
"65,3700";"2,4999";"3,4013"
"65,3800";"2,4999";"3,4028"
"65,3900";"2,4999";"3,4040"
"65,4000";"2,4999";"3,4034"
"65,4100";"2,4999";"3,4026"
"65,4200";"2,4999";"3,4034"
"65,4300";"2,4999";"3,4027"
"65,4400";"2,4999";"3,4021"
"65,4500";"2,4999";"3,4011"
"65,4600";"2,4999";"3,4000"
"65,4700";"2,4999";"3,3994"
"65,4800";"2,4999";"3,3990"
"65,4900";"2,4999";"3,3983"
"65,5000";"2,4999";"3,3983"
"65,5100";"2,4999";"3,3984"
"65,5200";"2,4999";"3,3974"
"65,5300";"2,4999";"3,3970"
"65,5400";"2,4999";"3,3979"
"65,5500";"2,4999";"3,3977"
"65,5600";"2,4999";"3,3944"
"65,5700";"2,4999";"3,3893"
"65,5800";"2,4999";"3,3889"
"65,5900";"2,4999";"3,3905"
"65,6000";"2,4999";"3,3920"
"65,6100";"2,4999";"3,3910"
"65,6200";"2,4999";"3,3897"
"65,6300";"2,4999";"3,3890"
"65,6400";"2,4999";"3,3880"
"65,6500";"2,4999";"3,3872"
"65,6600";"2,4999";"3,3857"
"65,6700";"2,4999";"3,3850"
"65,6800";"2,4999";"3,3851"
"65,6900";"2,4999";"3,3846"
"65,7000";"2,4999";"3,3862"
"65,7100";"2,4999";"3,3884"
"65,7200";"2,4999";"3,3871"
"65,7300";"2,4999";"3,3843"
"65,7400";"2,4999";"3,3821"
"65,7500";"2,4999";"3,3817"
"65,7600";"2,4999";"3,3819"
"65,7700";"2,4999";"3,3813"
"65,7800";"2,4999";"3,3800"
"65,7900";"2,4999";"3,3778"
"65,8000";"2,4999";"3,3781"
"65,8100";"2,4999";"3,3791"
"65,8200";"2,4999";"3,3792"
"65,8300";"2,4999";"3,3799"
"65,8400";"2,4999";"3,3801"
"65,8500";"2,4999";"3,3789"
"65,8600";"2,4999";"3,3780"
"65,8700";"2,4999";"3,3786"
"65,8800";"2,4999";"3,3790"
"65,8900";"2,4999";"3,3775"
"65,9000";"2,4999";"3,3754"
"65,9100";"2,4999";"3,3741"
"65,9200";"2,4999";"3,3736"
"65,9300";"2,4999";"3,3720"
"65,9400";"2,4999";"3,3725"
"65,9500";"2,4999";"3,3752"
"65,9600";"2,4999";"3,3756"
"65,9700";"2,4999";"3,3734"
"65,9800";"2,4999";"3,3710"
"65,9900";"2,4999";"3,3708"
"66,0000";"2,4999";"3,3720"
"66,0100";"2,4999";"3,3711"
"66,0200";"2,4999";"3,3699"
"66,0300";"2,4999";"3,3683"
"66,0400";"2,4999";"3,3686"
"66,0500";"2,4999";"3,3684"
"66,0600";"2,4999";"3,3676"
"66,0700";"2,4999";"3,3678"
"66,0800";"2,4999";"3,3672"
"66,0900";"2,4999";"3,3654"
"66,1000";"2,4999";"3,3642"
"66,1100";"2,4999";"3,3656"
"66,1200";"2,4999";"3,3670"
"66,1300";"2,4999";"3,3649"
"66,1400";"2,4999";"3,3621"
"66,1500";"2,4999";"3,3601"
"66,1600";"2,4999";"3,3603"
"66,1700";"2,4999";"3,3602"
"66,1800";"2,4999";"3,3599"
"66,1900";"2,4999";"3,3609"
"66,2000";"2,4999";"3,3616"
"66,2100";"2,4999";"3,3598"
"66,2200";"2,4999";"3,3577"
"66,2300";"2,4999";"3,3571"
"66,2400";"2,4999";"3,3572"
"66,2500";"2,4999";"3,3578"
"66,2600";"2,4999";"3,3583"
"66,2700";"2,4999";"3,3572"
"66,2800";"2,4999";"3,3582"
"66,2900";"2,4999";"3,3592"
"66,3000";"2,4999";"3,3590"
"66,3100";"2,4999";"3,3580"
"66,3200";"2,4999";"3,3561"
"66,3300";"2,4999";"3,3542"
"66,3400";"2,4999";"3,3523"
"66,3500";"2,4999";"3,3508"
"66,3600";"2,4999";"3,3514"
"66,3700";"2,4999";"3,3519"
"66,3800";"2,4999";"3,3517"
"66,3900";"2,4999";"3,3510"
"66,4000";"2,4999";"3,3495"
"66,4100";"2,4999";"3,3480"
"66,4200";"2,4999";"3,3472"
"66,4300";"2,4999";"3,3462"
"66,4400";"2,4999";"3,3467"
"66,4500";"2,4999";"3,3472"
"66,4600";"2,4999";"3,3457"
"66,4700";"2,4999";"3,3453"
"66,4800";"2,4999";"3,3464"
"66,4900";"2,4999";"3,3477"
"66,5000";"2,4999";"3,3490"
"66,5100";"2,4999";"3,3494"
"66,5200";"2,4999";"3,3488"
"66,5300";"2,4999";"3,3473"
"66,5400";"2,4999";"3,3465"
"66,5500";"2,4999";"3,3464"
"66,5600";"2,4999";"3,3469"
"66,5700";"2,4999";"3,3456"
"66,5800";"2,4999";"3,3431"
"66,5900";"2,4999";"3,3418"
"66,6000";"2,4999";"3,3428"
"66,6100";"2,4999";"3,3434"
"66,6200";"2,4999";"3,3422"
"66,6300";"2,4999";"3,3400"
"66,6400";"2,4999";"3,3384"
"66,6500";"2,4999";"3,3388"
"66,6600";"2,4999";"3,3393"
"66,6700";"2,4999";"3,3398"
"66,6800";"2,4999";"3,3398"
"66,6900";"2,4999";"3,3381"
"66,7000";"2,4999";"3,3359"
"66,7100";"2,4999";"3,3358"
"66,7200";"2,4999";"3,3377"
"66,7300";"2,4999";"3,3398"
"66,7400";"2,4999";"3,3386"
"66,7500";"2,4999";"3,3356"
"66,7600";"2,4999";"3,3336"
"66,7700";"2,4999";"3,3334"
"66,7800";"2,4999";"3,3341"
"66,7900";"2,4999";"3,3347"
"66,8000";"2,4999";"3,3358"
"66,8100";"2,4999";"3,3363"
"66,8200";"2,4999";"3,3348"
"66,8300";"2,4999";"3,3327"
"66,8400";"2,4999";"3,3323"
"66,8500";"2,4999";"3,3330"
"66,8600";"2,4999";"3,3325"
"66,8700";"2,4999";"3,3298"
"66,8800";"2,4999";"3,3283"
"66,8900";"2,4999";"3,3310"
"66,9000";"2,4999";"3,3341"
"66,9100";"2,4999";"3,3342"
"66,9200";"2,4999";"3,3316"
"66,9300";"2,4999";"3,3297"
"66,9400";"2,4999";"3,3287"
"66,9500";"2,4999";"3,3275"
"66,9600";"2,4999";"3,3277"
"66,9700";"2,4999";"3,3282"
"66,9800";"2,4999";"3,3271"
"66,9900";"2,4999";"3,3255"
"67,0000";"2,4999";"3,3251"
"67,0100";"2,4999";"3,3267"
"67,0200";"2,4999";"3,3266"
"67,0300";"2,4999";"3,3250"
"67,0400";"2,4999";"3,3239"
"67,0500";"2,4999";"3,3239"
"67,0600";"2,4999";"3,3251"
"67,0700";"2,4999";"3,3264"
"67,0800";"2,4999";"3,3256"
"67,0900";"2,4999";"3,3245"
"67,1000";"2,4999";"3,3223"
"67,1100";"2,4999";"3,3199"
"67,1200";"2,4999";"3,3189"
"67,1300";"2,4999";"3,3199"
"67,1400";"2,4999";"3,3198"
"67,1500";"2,4999";"3,3201"
"67,1600";"2,4999";"3,3207"
"67,1700";"2,4999";"3,3209"
"67,1800";"2,4999";"3,3216"
"67,1900";"2,4999";"3,3216"
"67,2000";"2,4999";"3,3196"
"67,2100";"2,4999";"3,3171"
"67,2200";"2,4999";"3,3152"
"67,2300";"2,4999";"3,3134"
"67,2400";"2,4999";"3,3145"
"67,2500";"2,4999";"3,3170"
"67,2600";"2,4999";"3,3198"
"67,2700";"2,4999";"3,3187"
"67,2800";"2,4999";"3,3165"
"67,2900";"2,4999";"3,3151"
"67,3000";"2,4999";"3,3146"
"67,3100";"2,4999";"3,3132"
"67,3200";"2,4999";"3,3120"
"67,3300";"2,4999";"3,3121"
"67,3400";"2,4999";"3,3142"
"67,3500";"2,4999";"3,3162"
"67,3600";"2,4999";"3,3160"
"67,3700";"2,4999";"3,3139"
"67,3800";"2,4999";"3,3102"
"67,3900";"2,4999";"3,3080"
"67,4000";"2,4999";"3,3082"
"67,4100";"2,4999";"3,3093"
"67,4200";"2,4999";"3,3104"
"67,4300";"2,4999";"3,3092"
"67,4400";"2,4999";"3,3084"
"67,4500";"2,4999";"3,3100"
"67,4600";"2,4999";"3,3112"
"67,4700";"2,4999";"3,3105"
"67,4800";"2,4999";"3,3082"
"67,4900";"2,4999";"3,3068"
"67,5000";"2,4999";"3,3080"
"67,5100";"2,4999";"3,3085"
"67,5200";"2,4999";"3,3078"
"67,5300";"2,4999";"3,3065"
"67,5400";"2,4999";"3,3073"
"67,5500";"2,4999";"3,3070"
"67,5600";"2,4999";"3,3053"
"67,5700";"2,4999";"3,3037"
"67,5800";"2,4999";"3,3036"
"67,5900";"2,4999";"3,3040"
"67,6000";"2,4999";"3,3045"
"67,6100";"2,4999";"3,3049"
"67,6200";"2,4999";"3,3042"
"67,6300";"2,4999";"3,3020"
"67,6400";"2,4999";"3,3002"
"67,6500";"2,4999";"3,2999"
"67,6600";"2,4999";"3,3010"
"67,6700";"2,4999";"3,3013"
"67,6800";"2,4999";"3,3014"
"67,6900";"2,4999";"3,3016"
"67,7000";"2,4999";"3,3022"
"67,7100";"2,4999";"3,3008"
"67,7200";"2,4999";"3,2992"
"67,7300";"2,4999";"3,2986"
"67,7400";"2,4999";"3,2997"
"67,7500";"2,4999";"3,3005"
"67,7600";"2,4999";"3,3007"
"67,7700";"2,4999";"3,2997"
"67,7800";"2,4999";"3,2989"
"67,7900";"2,4999";"3,2978"
"67,8000";"2,4999";"3,2964"
"67,8100";"2,4999";"3,2942"
"67,8200";"2,4999";"3,2936"
"67,8300";"2,4999";"3,2946"
"67,8400";"2,4999";"3,2960"
"67,8500";"2,4999";"3,2963"
"67,8600";"2,4999";"3,2961"
"67,8700";"2,4999";"3,2949"
"67,8800";"2,4999";"3,2934"
"67,8900";"2,4999";"3,2920"
"67,9000";"2,4999";"3,2924"
"67,9100";"2,4999";"3,2953"
"67,9200";"2,4999";"3,2958"
"67,9300";"2,4999";"3,2947"
"67,9400";"2,4999";"3,2938"
"67,9500";"2,4999";"3,2955"
"67,9600";"2,4999";"3,2961"
"67,9700";"2,4999";"3,2944"
"67,9800";"2,4999";"3,2933"
"67,9900";"2,4999";"3,2932"
"68,0000";"2,4999";"3,2929"
"68,0100";"2,4999";"3,2921"
"68,0200";"2,4999";"3,2913"
"68,0300";"2,4999";"3,2917"
"68,0400";"2,4999";"3,2905"
"68,0500";"2,4999";"3,2890"
"68,0600";"2,4999";"3,2901"
"68,0700";"2,4999";"3,2912"
"68,0800";"2,4999";"3,2917"
"68,0900";"2,4999";"3,2898"
"68,1000";"2,4999";"3,2891"
"68,1100";"2,4999";"3,2893"
"68,1200";"2,4999";"3,2886"
"68,1300";"2,4999";"3,2873"
"68,1400";"2,4999";"3,2868"
"68,1500";"2,4999";"3,2879"
"68,1600";"2,4999";"3,2883"
"68,1700";"2,4999";"3,2885"
"68,1800";"2,4999";"3,2889"
"68,1900";"2,4999";"3,2898"
"68,2000";"2,4999";"3,2887"
"68,2100";"2,4999";"3,2866"
"68,2200";"2,4999";"3,2833"
"68,2300";"2,4999";"3,2813"
"68,2400";"2,4999";"3,2810"
"68,2500";"2,4999";"3,2808"
"68,2600";"2,4999";"3,2816"
"68,2700";"2,4999";"3,2841"
"68,2800";"2,4999";"3,2857"
"68,2900";"2,4999";"3,2839"
"68,3000";"2,4999";"3,2817"
"68,3100";"2,4999";"3,2811"
"68,3200";"2,4999";"3,2803"
"68,3300";"2,4999";"3,2786"
"68,3400";"2,4999";"3,2792"
"68,3500";"2,4999";"3,2812"
"68,3600";"2,4999";"3,2829"
"68,3700";"2,4999";"3,2834"
"68,3800";"2,4999";"3,2823"
"68,3900";"2,4999";"3,2803"
"68,4000";"2,4999";"3,2780"
"68,4100";"2,4999";"3,2760"
"68,4200";"2,4999";"3,2760"
"68,4300";"2,4999";"3,2786"
"68,4400";"2,4999";"3,2808"
"68,4500";"2,4999";"3,2802"
"68,4600";"2,4999";"3,2784"
"68,4700";"2,4999";"3,2766"
"68,4800";"2,4999";"3,2744"
"68,4900";"2,4999";"3,2729"
"68,5000";"2,4999";"3,2733"
"68,5100";"2,4999";"3,2745"
"68,5200";"2,4999";"3,2755"
"68,5300";"2,4999";"3,2752"
"68,5400";"2,4999";"3,2742"
"68,5500";"2,4999";"3,2744"
"68,5600";"2,4999";"3,2739"
"68,5700";"2,4999";"3,2708"
"68,5800";"2,4999";"3,2679"
"68,5900";"2,4999";"3,2695"
"68,6000";"2,4999";"3,2731"
"68,6100";"2,4999";"3,2762"
"68,6200";"2,4999";"3,2765"
"68,6300";"2,4999";"3,2754"
"68,6400";"2,4999";"3,2749"
"68,6500";"2,4999";"3,2739"
"68,6600";"2,4999";"3,2710"
"68,6700";"2,4999";"3,2695"
"68,6800";"2,4999";"3,2688"
"68,6900";"2,4999";"3,2692"
"68,7000";"2,4999";"3,2703"
"68,7100";"2,4999";"3,2719"
"68,7200";"2,4999";"3,2739"
"68,7300";"2,4999";"3,2740"
"68,7400";"2,4999";"3,2710"
"68,7500";"2,4999";"3,2673"
"68,7600";"2,4999";"3,2656"
"68,7700";"2,4999";"3,2659"
"68,7800";"2,4999";"3,2675"
"68,7900";"2,4999";"3,2694"
"68,8000";"2,4999";"3,2710"
"68,8100";"2,4999";"3,2703"
"68,8200";"2,4999";"3,2685"
"68,8300";"2,4999";"3,2673"
"68,8400";"2,4999";"3,2669"
"68,8500";"2,4999";"3,2666"
"68,8600";"2,4999";"3,2646"
"68,8700";"2,4999";"3,2637"
"68,8800";"2,4999";"3,2664"
"68,8900";"2,4999";"3,2704"
"68,9000";"2,4999";"3,2700"
"68,9100";"2,4999";"3,2665"
"68,9200";"2,4999";"3,2643"
"68,9300";"2,4999";"3,2642"
"68,9400";"2,4999";"3,2652"
"68,9500";"2,4999";"3,2666"
"68,9600";"2,4999";"3,2682"
"68,9700";"2,4999";"3,2686"
"68,9800";"2,4999";"3,2657"
"68,9900";"2,4999";"3,2633"
"69,0000";"2,4999";"3,2630"
"69,0100";"2,4999";"3,2634"
"69,0200";"2,4999";"3,2637"
"69,0300";"2,4999";"3,2642"
"69,0400";"2,4999";"3,2656"
"69,0500";"2,4999";"3,2661"
"69,0600";"2,4999";"3,2661"
"69,0700";"2,4999";"3,2671"
"69,0800";"2,4999";"3,2661"
"69,0900";"2,4999";"3,2637"
"69,1000";"2,4999";"3,2610"
"69,1100";"2,4999";"3,2595"
"69,1200";"2,4999";"3,2617"
"69,1300";"2,4999";"3,2636"
"69,1400";"2,4999";"3,2632"
"69,1500";"2,4999";"3,2611"
"69,1600";"2,4999";"3,2596"
"69,1700";"2,4999";"3,2597"
"69,1800";"2,4999";"3,2593"
"69,1900";"2,4999";"3,2576"
"69,2000";"2,4999";"3,2563"
"69,2100";"2,4999";"3,2568"
"69,2200";"2,4999";"3,2573"
"69,2300";"2,4999";"3,2581"
"69,2400";"2,4999";"3,2586"
"69,2500";"2,4999";"3,2591"
"69,2600";"2,4999";"3,2582"
"69,2700";"2,4999";"3,2567"
"69,2800";"2,4999";"3,2564"
"69,2900";"2,4999";"3,2581"
"69,3000";"2,4999";"3,2587"
"69,3100";"2,4999";"3,2581"
"69,3200";"2,4999";"3,2593"
"69,3300";"2,4999";"3,2595"
"69,3400";"2,4999";"3,2566"
"69,3500";"2,4999";"3,2546"
"69,3600";"2,4999";"3,2534"
"69,3700";"2,4999";"3,2534"
"69,3800";"2,4999";"3,2528"
"69,3900";"2,4999";"3,2507"
"69,4000";"2,4999";"3,2522"
"69,4100";"2,4999";"3,2553"
"69,4200";"2,4999";"3,2573"
"69,4300";"2,4999";"3,2554"
"69,4400";"2,4999";"3,2522"
"69,4500";"2,4999";"3,2507"
"69,4600";"2,4999";"3,2506"
"69,4700";"2,4999";"3,2500"
"69,4800";"2,4999";"3,2498"
"69,4900";"2,4999";"3,2518"
"69,5000";"2,4999";"3,2529"
"69,5100";"2,4999";"3,2523"
"69,5200";"2,4999";"3,2511"
"69,5300";"2,4999";"3,2493"
"69,5400";"2,4999";"3,2478"
"69,5500";"2,4999";"3,2465"
"69,5600";"2,4999";"3,2473"
"69,5700";"2,4999";"3,2495"
"69,5800";"2,4999";"3,2510"
"69,5900";"2,4999";"3,2503"
"69,6000";"2,4999";"3,2490"
"69,6100";"2,4999";"3,2478"
"69,6200";"2,4999";"3,2462"
"69,6300";"2,4999";"3,2453"
"69,6400";"2,4999";"3,2464"
"69,6500";"2,4999";"3,2494"
"69,6600";"2,4999";"3,2521"
"69,6700";"2,4999";"3,2511"
"69,6800";"2,4999";"3,2486"
"69,6900";"2,4999";"3,2472"
"69,7000";"2,4999";"3,2455"
"69,7100";"2,4999";"3,2435"
"69,7200";"2,4999";"3,2422"
"69,7300";"2,4999";"3,2440"
"69,7400";"2,4999";"3,2471"
"69,7500";"2,4999";"3,2479"
"69,7600";"2,4999";"3,2456"
"69,7700";"2,4999";"3,2441"
"69,7800";"2,4999";"3,2451"
"69,7900";"2,4999";"3,2458"
"69,8000";"2,4999";"3,2455"
"69,8100";"2,4999";"3,2467"
"69,8200";"2,4999";"3,2479"
"69,8300";"2,4999";"3,2471"
"69,8400";"2,4999";"3,2453"
"69,8500";"2,4999";"3,2439"
"69,8600";"2,4999";"3,2433"
"69,8700";"2,4999";"3,2421"
"69,8800";"2,4999";"3,2413"
"69,8900";"2,4999";"3,2424"
"69,9000";"2,4999";"3,2451"
"69,9100";"2,4999";"3,2449"
"69,9200";"2,4999";"3,2419"
"69,9300";"2,4999";"3,2401"
"69,9400";"2,4999";"3,2397"
"69,9500";"2,4999";"3,2402"
"69,9600";"2,4999";"3,2399"
"69,9700";"2,4999";"3,2403"
"69,9800";"2,4999";"3,2418"
"69,9900";"2,4999";"3,2425"
"70,0000";"2,4999";"3,2414"
"70,0100";"2,4999";"3,2406"
"70,0200";"2,4999";"3,2417"
"70,0300";"2,4999";"3,2412"
"70,0400";"2,4999";"3,2391"
"70,0500";"2,4999";"3,2362"
"70,0600";"2,4999";"3,2347"
"70,0700";"2,4999";"3,2351"
"70,0800";"2,4999";"3,2357"
"70,0900";"2,4999";"3,2365"
"70,1000";"2,4999";"3,2376"
"70,1100";"2,4999";"3,2373"
"70,1200";"2,4999";"3,2359"
"70,1300";"2,4999";"3,2353"
"70,1400";"2,4999";"3,2360"
"70,1500";"2,4999";"3,2371"
"70,1600";"2,4999";"3,2362"
"70,1700";"2,4999";"3,2354"
"70,1800";"2,4999";"3,2353"
"70,1900";"2,4999";"3,2348"
"70,2000";"2,4999";"3,2345"
"70,2100";"2,4999";"3,2340"
"70,2200";"2,4999";"3,2350"
"70,2300";"2,4999";"3,2358"
"70,2400";"2,4999";"3,2355"
"70,2500";"2,4999";"3,2344"
"70,2600";"2,4999";"3,2340"
"70,2700";"2,4999";"3,2328"
"70,2800";"2,4999";"3,2304"
"70,2900";"2,4999";"3,2296"
"70,3000";"2,4999";"3,2314"
"70,3100";"2,4999";"3,2341"
"70,3200";"2,4999";"3,2346"
"70,3300";"2,4999";"3,2344"
"70,3400";"2,4999";"3,2350"
"70,3500";"2,4999";"3,2350"
"70,3600";"2,4999";"3,2337"
"70,3700";"2,4999";"3,2314"
"70,3800";"2,4999";"3,2292"
"70,3900";"2,4999";"3,2270"
"70,4000";"2,4999";"3,2253"
"70,4100";"2,4999";"3,2252"
"70,4200";"2,4999";"3,2269"
"70,4300";"2,4999";"3,2286"
"70,4400";"2,4999";"3,2302"
"70,4500";"2,4999";"3,2295"
"70,4600";"2,4999";"3,2292"
"70,4700";"2,4999";"3,2299"
"70,4800";"2,4999";"3,2299"
"70,4900";"2,4999";"3,2292"
"70,5000";"2,4999";"3,2292"
"70,5100";"2,4999";"3,2302"
"70,5200";"2,4999";"3,2299"
"70,5300";"2,4999";"3,2286"
"70,5400";"2,4999";"3,2294"
"70,5500";"2,4999";"3,2304"
"70,5600";"2,4999";"3,2302"
"70,5700";"2,4999";"3,2286"
"70,5800";"2,4999";"3,2277"
"70,5900";"2,4999";"3,2281"
"70,6000";"2,4999";"3,2266"
"70,6100";"2,4999";"3,2252"
"70,6200";"2,4999";"3,2252"
"70,6300";"2,4999";"3,2264"
"70,6400";"2,4999";"3,2274"
"70,6500";"2,4999";"3,2274"
"70,6600";"2,4999";"3,2276"
"70,6700";"2,4999";"3,2262"
"70,6800";"2,4999";"3,2238"
"70,6900";"2,4999";"3,2212"
"70,7000";"2,4999";"3,2203"
"70,7100";"2,4999";"3,2205"
"70,7200";"2,4999";"3,2215"
"70,7300";"2,4999";"3,2227"
"70,7400";"2,4999";"3,2254"
"70,7500";"2,4999";"3,2275"
"70,7600";"2,4999";"3,2264"
"70,7700";"2,4999";"3,2241"
"70,7800";"2,4999";"3,2235"
"70,7900";"2,4999";"3,2233"
"70,8000";"2,4999";"3,2226"
"70,8100";"2,4999";"3,2225"
"70,8200";"2,4999";"3,2243"
"70,8300";"2,4999";"3,2257"
"70,8400";"2,4999";"3,2252"
"70,8500";"2,4999";"3,2236"
"70,8600";"2,4999";"3,2215"
"70,8700";"2,4999";"3,2203"
"70,8800";"2,4999";"3,2205"
"70,8900";"2,4999";"3,2195"
"70,9000";"2,4999";"3,2191"
"70,9100";"2,4999";"3,2208"
"70,9200";"2,4999";"3,2227"
"70,9300";"2,4999";"3,2220"
"70,9400";"2,4999";"3,2196"
"70,9500";"2,4999";"3,2193"
"70,9600";"2,4999";"3,2206"
"70,9700";"2,4999";"3,2217"
"70,9800";"2,4999";"3,2208"
"70,9900";"2,4999";"3,2187"
"71,0000";"2,4999";"3,2178"
"71,0100";"2,4999";"3,2185"
"71,0200";"2,4999";"3,2186"
"71,0300";"2,4999";"3,2169"
"71,0400";"2,4999";"3,2163"
"71,0500";"2,4999";"3,2163"
"71,0600";"2,4999";"3,2166"
"71,0700";"2,4999";"3,2180"
"71,0800";"2,4999";"3,2188"
"71,0900";"2,4999";"3,2176"
"71,1000";"2,4999";"3,2160"
"71,1100";"2,4999";"3,2157"
"71,1200";"2,4999";"3,2164"
"71,1300";"2,4999";"3,2165"
"71,1400";"2,4999";"3,2155"
"71,1500";"2,4999";"3,2150"
"71,1600";"2,4999";"3,2147"
"71,1700";"2,4999";"3,2165"
"71,1800";"2,4999";"3,2175"
"71,1900";"2,4999";"3,2180"
"71,2000";"2,4999";"3,2171"
"71,2100";"2,4999";"3,2150"
"71,2200";"2,4999";"3,2135"
"71,2300";"2,4999";"3,2137"
"71,2400";"2,4999";"3,2143"
"71,2500";"2,4999";"3,2143"
"71,2600";"2,4999";"3,2131"
"71,2700";"2,4999";"3,2126"
"71,2800";"2,4999";"3,2128"
"71,2900";"2,4999";"3,2127"
"71,3000";"2,4999";"3,2127"
"71,3100";"2,4999";"3,2129"
"71,3200";"2,4999";"3,2117"
"71,3300";"2,4999";"3,2100"
"71,3400";"2,4999";"3,2096"
"71,3500";"2,4999";"3,2108"
"71,3600";"2,4999";"3,2135"
"71,3700";"2,4999";"3,2130"
"71,3800";"2,4999";"3,2094"
"71,3900";"2,4999";"3,2081"
"71,4000";"2,4999";"3,2090"
"71,4100";"2,4999";"3,2111"
"71,4200";"2,4999";"3,2122"
"71,4300";"2,4999";"3,2118"
"71,4400";"2,4999";"3,2108"
"71,4500";"2,4999";"3,2103"
"71,4600";"2,4999";"3,2107"
"71,4700";"2,4999";"3,2098"
"71,4800";"2,4999";"3,2085"
"71,4900";"2,4999";"3,2076"
"71,5000";"2,4999";"3,2075"
"71,5100";"2,4999";"3,2078"
"71,5200";"2,4999";"3,2098"
"71,5300";"2,4999";"3,2126"
"71,5400";"2,4999";"3,2125"
"71,5500";"2,4999";"3,2095"
"71,5600";"2,4999";"3,2086"
"71,5700";"2,4999";"3,2081"
"71,5800";"2,4999";"3,2083"
"71,5900";"2,4999";"3,2075"
"71,6000";"2,4999";"3,2062"
"71,6100";"2,4999";"3,2062"
"71,6200";"2,4999";"3,2071"
"71,6300";"2,4999";"3,2083"
"71,6400";"2,4999";"3,2098"
"71,6500";"2,4999";"3,2108"
"71,6600";"2,4999";"3,2102"
"71,6700";"2,4999";"3,2085"
"71,6800";"2,4999";"3,2074"
"71,6900";"2,4999";"3,2073"
"71,7000";"2,4999";"3,2076"
"71,7100";"2,4999";"3,2079"
"71,7200";"2,4999";"3,2072"
"71,7300";"2,4999";"3,2060"
"71,7400";"2,4999";"3,2046"
"71,7500";"2,4999";"3,2040"
"71,7600";"2,4999";"3,2053"
"71,7700";"2,4999";"3,2068"
"71,7800";"2,4999";"3,2067"
"71,7900";"2,4999";"3,2052"
"71,8000";"2,4999";"3,2045"
"71,8100";"2,4999";"3,2041"
"71,8200";"2,4999";"3,2037"
"71,8300";"2,4999";"3,2018"
"71,8400";"2,4999";"3,2007"
"71,8500";"2,4999";"3,2020"
"71,8600";"2,4999";"3,2026"
"71,8700";"2,4999";"3,2023"
"71,8800";"2,4999";"3,2023"
"71,8900";"2,4999";"3,2031"
"71,9000";"2,4999";"3,2044"
"71,9100";"2,4999";"3,2046"
"71,9200";"2,4999";"3,2049"
"71,9300";"2,4999";"3,2055"
"71,9400";"2,4999";"3,2050"
"71,9500";"2,4999";"3,2030"
"71,9600";"2,4999";"3,2014"
"71,9700";"2,4999";"3,2014"
"71,9800";"2,4999";"3,2015"
"71,9900";"2,4999";"3,2004"
"72,0000";"2,4999";"3,2001"
"72,0100";"2,4999";"3,2004"
"72,0200";"2,4999";"3,2008"
"72,0300";"2,4999";"3,2019"
"72,0400";"2,4999";"3,2032"
"72,0500";"2,4999";"3,2027"
"72,0600";"2,4999";"3,2015"
"72,0700";"2,4999";"3,2008"
"72,0800";"2,4999";"3,2004"
"72,0900";"2,4999";"3,2000"
"72,1000";"2,4999";"3,2007"
"72,1100";"2,4999";"3,1992"
"72,1200";"2,4999";"3,1982"
"72,1300";"2,4999";"3,1987"
"72,1400";"2,4999";"3,1984"
"72,1500";"2,4999";"3,1961"
"72,1600";"2,4999";"3,1946"
"72,1700";"2,4999";"3,1951"
"72,1800";"2,4999";"3,1967"
"72,1900";"2,4999";"3,1975"
"72,2000";"2,4999";"3,1968"
"72,2100";"2,4999";"3,1973"
"72,2200";"2,4999";"3,1983"
"72,2300";"2,4999";"3,1978"
"72,2400";"2,4999";"3,1966"
"72,2500";"2,4999";"3,1956"
"72,2600";"2,4999";"3,1955"
"72,2700";"2,4999";"3,1960"
"72,2800";"2,4999";"3,1963"
"72,2900";"2,4999";"3,1980"
"72,3000";"2,4999";"3,1999"
"72,3100";"2,4999";"3,2002"
"72,3200";"2,4999";"3,1987"
"72,3300";"2,4999";"3,1959"
"72,3400";"2,4999";"3,1937"
"72,3500";"2,4999";"3,1928"
"72,3600";"2,4999";"3,1941"
"72,3700";"2,4999";"3,1959"
"72,3800";"2,4999";"3,1967"
"72,3900";"2,4999";"3,1958"
"72,4000";"2,4999";"3,1950"
"72,4100";"2,4999";"3,1956"
"72,4200";"2,4999";"3,1977"
"72,4300";"2,4999";"3,1976"
"72,4400";"2,4999";"3,1943"
"72,4500";"2,4999";"3,1919"
"72,4600";"2,4999";"3,1917"
"72,4700";"2,4999";"3,1918"
"72,4800";"2,4999";"3,1918"
"72,4900";"2,4999";"3,1917"
"72,5000";"2,4999";"3,1921"
"72,5100";"2,4999";"3,1925"
"72,5200";"2,4999";"3,1917"
"72,5300";"2,4999";"3,1909"
"72,5400";"2,4999";"3,1906"
"72,5500";"2,4999";"3,1908"
"72,5600";"2,4999";"3,1889"
"72,5700";"2,4999";"3,1867"
"72,5800";"2,4999";"3,1875"
"72,5900";"2,4999";"3,1894"
"72,6000";"2,4999";"3,1899"
"72,6100";"2,4999";"3,1891"
"72,6200";"2,4999";"3,1894"
"72,6300";"2,4999";"3,1906"
"72,6400";"2,4999";"3,1899"
"72,6500";"2,4999";"3,1883"
"72,6600";"2,4999";"3,1881"
"72,6700";"2,4999";"3,1879"
"72,6800";"2,4999";"3,1875"
"72,6900";"2,4999";"3,1878"
"72,7000";"2,4999";"3,1899"
"72,7100";"2,4999";"3,1914"
"72,7200";"2,4999";"3,1901"
"72,7300";"2,4999";"3,1884"
"72,7400";"2,4999";"3,1872"
"72,7500";"2,4999";"3,1868"
"72,7600";"2,4999";"3,1863"
"72,7700";"2,4999";"3,1864"
"72,7800";"2,4999";"3,1888"
"72,7900";"2,4999";"3,1906"
"72,8000";"2,4999";"3,1908"
"72,8100";"2,4999";"3,1914"
"72,8200";"2,4999";"3,1910"
"72,8300";"2,4999";"3,1882"
"72,8400";"2,4999";"3,1838"
"72,8500";"2,4999";"3,1812"
"72,8600";"2,4999";"3,1826"
"72,8700";"2,4999";"3,1868"
"72,8800";"2,4999";"3,1890"
"72,8900";"2,4999";"3,1888"
"72,9000";"2,4999";"3,1885"
"72,9100";"2,4999";"3,1886"
"72,9200";"2,4999";"3,1860"
"72,9300";"2,4999";"3,1825"
"72,9400";"2,4999";"3,1810"
"72,9500";"2,4999";"3,1821"
"72,9600";"2,4999";"3,1849"
"72,9700";"2,4999";"3,1866"
"72,9800";"2,4999";"3,1875"
"72,9900";"2,4999";"3,1882"
"73,0000";"2,4999";"3,1872"
"73,0100";"2,4999";"3,1845"
"73,0200";"2,4999";"3,1819"
"73,0300";"2,4999";"3,1806"
"73,0400";"2,4999";"3,1817"
"73,0500";"2,4999";"3,1835"
"73,0600";"2,4999";"3,1852"
"73,0700";"2,4999";"3,1855"
"73,0800";"2,4999";"3,1848"
"73,0900";"2,4999";"3,1823"
"73,1000";"2,4999";"3,1812"
"73,1100";"2,4999";"3,1816"
"73,1200";"2,4999";"3,1814"
"73,1300";"2,4999";"3,1816"
"73,1400";"2,4999";"3,1829"
"73,1500";"2,4999";"3,1855"
"73,1600";"2,4999";"3,1864"
"73,1700";"2,4999";"3,1839"
"73,1800";"2,4999";"3,1802"
"73,1900";"2,4999";"3,1798"
"73,2000";"2,4999";"3,1806"
"73,2100";"2,4999";"3,1804"
"73,2200";"2,4999";"3,1805"
"73,2300";"2,4999";"3,1824"
"73,2400";"2,4999";"3,1838"
"73,2500";"2,4999";"3,1831"
"73,2600";"2,4999";"3,1826"
"73,2700";"2,4999";"3,1821"
"73,2800";"2,4999";"3,1814"
"73,2900";"2,4999";"3,1793"
"73,3000";"2,4999";"3,1788"
"73,3100";"2,4999";"3,1803"
"73,3200";"2,4999";"3,1822"
"73,3300";"2,4999";"3,1810"
"73,3400";"2,4999";"3,1788"
"73,3500";"2,4999";"3,1774"
"73,3600";"2,4999";"3,1775"
"73,3700";"2,4999";"3,1776"
"73,3800";"2,4999";"3,1787"
"73,3900";"2,4999";"3,1802"
"73,4000";"2,4999";"3,1812"
"73,4100";"2,4999";"3,1791"
"73,4200";"2,4999";"3,1775"
"73,4300";"2,4999";"3,1775"
"73,4400";"2,4999";"3,1782"
"73,4500";"2,4999";"3,1772"
"73,4600";"2,4999";"3,1747"
"73,4700";"2,4999";"3,1731"
"73,4800";"2,4999";"3,1753"
"73,4900";"2,4999";"3,1783"
"73,5000";"2,4999";"3,1794"
"73,5100";"2,4999";"3,1798"
"73,5200";"2,4999";"3,1784"
"73,5300";"2,4999";"3,1759"
"73,5400";"2,4999";"3,1735"
"73,5500";"2,4999";"3,1726"
"73,5600";"2,4999";"3,1743"
"73,5700";"2,4999";"3,1748"
"73,5800";"2,4999";"3,1754"
"73,5900";"2,4999";"3,1765"
"73,6000";"2,4999";"3,1778"
"73,6100";"2,4999";"3,1773"
"73,6200";"2,4999";"3,1755"
"73,6300";"2,4999";"3,1733"
"73,6400";"2,4999";"3,1729"
"73,6500";"2,4999";"3,1734"
"73,6600";"2,4999";"3,1748"
"73,6700";"2,4999";"3,1779"
"73,6800";"2,4999";"3,1792"
"73,6900";"2,4999";"3,1767"
"73,7000";"2,4999";"3,1733"
"73,7100";"2,4999";"3,1731"
"73,7200";"2,4999";"3,1734"
"73,7300";"2,4999";"3,1735"
"73,7400";"2,4999";"3,1738"
"73,7500";"2,4999";"3,1761"
"73,7600";"2,4999";"3,1784"
"73,7700";"2,4999";"3,1778"
"73,7800";"2,4999";"3,1755"
"73,7900";"2,4999";"3,1736"
"73,8000";"2,4999";"3,1725"
"73,8100";"2,4999";"3,1724"
"73,8200";"2,4999";"3,1727"
"73,8300";"2,4999";"3,1735"
"73,8400";"2,4999";"3,1757"
"73,8500";"2,4999";"3,1772"
"73,8600";"2,4999";"3,1761"
"73,8700";"2,4999";"3,1727"
"73,8800";"2,4999";"3,1696"
"73,8900";"2,4999";"3,1680"
"73,9000";"2,4999";"3,1679"
"73,9100";"2,4999";"3,1691"
"73,9200";"2,4999";"3,1708"
"73,9300";"2,4999";"3,1723"
"73,9400";"2,4999";"3,1734"
"73,9500";"2,4999";"3,1735"
"73,9600";"2,4999";"3,1732"
"73,9700";"2,4999";"3,1724"
"73,9800";"2,4999";"3,1705"
"73,9900";"2,4999";"3,1696"
"74,0000";"2,4999";"3,1707"
"74,0100";"2,4999";"3,1725"
"74,0200";"2,4999";"3,1731"
"74,0300";"2,4999";"3,1721"
"74,0400";"2,4999";"3,1714"
"74,0500";"2,4999";"3,1716"
"74,0600";"2,4999";"3,1714"
"74,0700";"2,4999";"3,1714"
"74,0800";"2,4999";"3,1713"
"74,0900";"2,4999";"3,1707"
"74,1000";"2,4999";"3,1711"
"74,1100";"2,4999";"3,1709"
"74,1200";"2,4999";"3,1694"
"74,1300";"2,4999";"3,1684"
"74,1400";"2,4999";"3,1667"
"74,1500";"2,4999";"3,1659"
"74,1600";"2,4999";"3,1667"
"74,1700";"2,4999";"3,1681"
"74,1800";"2,4999";"3,1701"
"74,1900";"2,4999";"3,1713"
"74,2000";"2,4999";"3,1720"
"74,2100";"2,4999";"3,1721"
"74,2200";"2,4999";"3,1699"
"74,2300";"2,4999";"3,1655"
"74,2400";"2,4999";"3,1632"
"74,2500";"2,4999";"3,1641"
"74,2600";"2,4999";"3,1653"
"74,2700";"2,4999";"3,1665"
"74,2800";"2,4999";"3,1679"
"74,2900";"2,4999";"3,1695"
"74,3000";"2,4999";"3,1705"
"74,3100";"2,4999";"3,1696"
"74,3200";"2,4999";"3,1682"
"74,3300";"2,4999";"3,1673"
"74,3400";"2,4999";"3,1662"
"74,3500";"2,4999";"3,1651"
"74,3600";"2,4999";"3,1645"
"74,3700";"2,4999";"3,1650"
"74,3800";"2,4999";"3,1655"
"74,3900";"2,4999";"3,1650"
"74,4000";"2,4999";"3,1654"
"74,4100";"2,4999";"3,1663"
"74,4200";"2,4999";"3,1660"
"74,4300";"2,4999";"3,1654"
"74,4400";"2,4999";"3,1659"
"74,4500";"2,4999";"3,1674"
"74,4600";"2,4999";"3,1670"
"74,4700";"2,4999";"3,1637"
"74,4800";"2,4999";"3,1625"
"74,4900";"2,4999";"3,1638"
"74,5000";"2,4999";"3,1661"
"74,5100";"2,4999";"3,1660"
"74,5200";"2,4999";"3,1644"
"74,5300";"2,4999";"3,1639"
"74,5400";"2,4999";"3,1647"
"74,5500";"2,4999";"3,1651"
"74,5600";"2,4999";"3,1645"
"74,5700";"2,4999";"3,1634"
"74,5800";"2,4999";"3,1642"
"74,5900";"2,4999";"3,1645"
"74,6000";"2,4999";"3,1646"
"74,6100";"2,4999";"3,1655"
"74,6200";"2,4999";"3,1657"
"74,6300";"2,4999";"3,1637"
"74,6400";"2,4999";"3,1614"
"74,6500";"2,4999";"3,1617"
"74,6600";"2,4999";"3,1624"
"74,6700";"2,4999";"3,1624"
"74,6800";"2,4999";"3,1622"
"74,6900";"2,4999";"3,1617"
"74,7000";"2,4999";"3,1624"
"74,7100";"2,4999";"3,1624"
"74,7200";"2,4999";"3,1616"
"74,7300";"2,4999";"3,1610"
"74,7400";"2,4999";"3,1604"
"74,7500";"2,4999";"3,1590"
"74,7600";"2,4999";"3,1576"
"74,7700";"2,4999";"3,1579"
"74,7800";"2,4999";"3,1602"
"74,7900";"2,4999";"3,1612"
"74,8000";"2,4999";"3,1608"
"74,8100";"2,4999";"3,1615"
"74,8200";"2,4999";"3,1624"
"74,8300";"2,4999";"3,1611"
"74,8400";"2,4999";"3,1594"
"74,8500";"2,4999";"3,1586"
"74,8600";"2,4999";"3,1597"
"74,8700";"2,4999";"3,1605"
"74,8800";"2,4999";"3,1591"
"74,8900";"2,4999";"3,1584"
"74,9000";"2,4999";"3,1585"
"74,9100";"2,4999";"3,1590"
"74,9200";"2,4999";"3,1587"
"74,9300";"2,4999";"3,1589"
"74,9400";"2,4999";"3,1602"
"74,9500";"2,4999";"3,1614"
"74,9600";"2,4999";"3,1594"
"74,9700";"2,4999";"3,1571"
"74,9800";"2,4999";"3,1568"
"74,9900";"2,4999";"3,1581"
"75,0000";"2,4999";"3,1585"
"75,0100";"2,4999";"3,1591"
"75,0200";"2,4999";"3,1595"
"75,0300";"2,4999";"3,1586"
"75,0400";"2,4999";"3,1569"
"75,0500";"2,4999";"3,1569"
"75,0600";"2,4999";"3,1576"
"75,0700";"2,4999";"3,1563"
"75,0800";"2,4999";"3,1541"
"75,0900";"2,4999";"3,1549"
"75,1000";"2,4999";"3,1579"
"75,1100";"2,4999";"3,1607"
"75,1200";"2,4999";"3,1598"
"75,1300";"2,4999";"3,1562"
"75,1400";"2,4999";"3,1543"
"75,1500";"2,4999";"3,1555"
"75,1600";"2,4999";"3,1570"
"75,1700";"2,4999";"3,1564"
"75,1800";"2,4999";"3,1567"
"75,1900";"2,4999";"3,1571"
"75,2000";"2,4999";"3,1571"
"75,2100";"2,4999";"3,1572"
"75,2200";"2,4999";"3,1566"
"75,2300";"2,4999";"3,1559"
"75,2400";"2,4999";"3,1542"
"75,2500";"2,4999";"3,1522"
"75,2600";"2,4999";"3,1521"
"75,2700";"2,4999";"3,1544"
"75,2800";"2,4999";"3,1555"
"75,2900";"2,4999";"3,1544"
"75,3000";"2,4999";"3,1539"
"75,3100";"2,4999";"3,1539"
"75,3200";"2,4999";"3,1540"
"75,3300";"2,4999";"3,1538"
"75,3400";"2,4999";"3,1533"
"75,3500";"2,4999";"3,1529"
"75,3600";"2,4999";"3,1532"
"75,3700";"2,4999";"3,1544"
"75,3800";"2,4999";"3,1562"
"75,3900";"2,4999";"3,1575"
"75,4000";"2,4999";"3,1576"
"75,4100";"2,4999";"3,1552"
"75,4200";"2,4999";"3,1534"
"75,4300";"2,4999";"3,1526"
"75,4400";"2,4999";"3,1511"
"75,4500";"2,4999";"3,1495"
"75,4600";"2,4999";"3,1486"
"75,4700";"2,4999";"3,1490"
"75,4800";"2,4999";"3,1497"
"75,4900";"2,4999";"3,1506"
"75,5000";"2,4999";"3,1523"
"75,5100";"2,4999";"3,1537"
"75,5200";"2,4999";"3,1533"
"75,5300";"2,4999";"3,1513"
"75,5400";"2,4999";"3,1509"
"75,5500";"2,4999";"3,1523"
"75,5600";"2,4999";"3,1525"
"75,5700";"2,4999";"3,1501"
"75,5800";"2,4999";"3,1488"
"75,5900";"2,4999";"3,1493"
"75,6000";"2,4999";"3,1513"
"75,6100";"2,4999";"3,1521"
"75,6200";"2,4999";"3,1516"
"75,6300";"2,4999";"3,1507"
"75,6400";"2,4999";"3,1504"
"75,6500";"2,4999";"3,1499"
"75,6600";"2,4999";"3,1508"
"75,6700";"2,4999";"3,1507"
"75,6800";"2,4999";"3,1485"
"75,6900";"2,4999";"3,1451"
"75,7000";"2,4999";"3,1447"
"75,7100";"2,4999";"3,1480"
"75,7200";"2,4999";"3,1510"
"75,7300";"2,4999";"3,1507"
"75,7400";"2,4999";"3,1491"
"75,7500";"2,4999";"3,1505"
"75,7600";"2,4999";"3,1525"
"75,7700";"2,4999";"3,1521"
"75,7800";"2,4999";"3,1506"
"75,7900";"2,4999";"3,1503"
"75,8000";"2,4999";"3,1510"
"75,8100";"2,4999";"3,1502"
"75,8200";"2,4999";"3,1486"
"75,8300";"2,4999";"3,1476"
"75,8400";"2,4999";"3,1465"
"75,8500";"2,4999";"3,1449"
"75,8600";"2,4999";"3,1439"
"75,8700";"2,4999";"3,1444"
"75,8800";"2,4999";"3,1461"
"75,8900";"2,4999";"3,1469"
"75,9000";"2,4999";"3,1481"
"75,9100";"2,4999";"3,1491"
"75,9200";"2,4999";"3,1491"
"75,9300";"2,4999";"3,1466"
"75,9400";"2,4999";"3,1448"
"75,9500";"2,4999";"3,1454"
"75,9600";"2,4999";"3,1476"
"75,9700";"2,4999";"3,1481"
"75,9800";"2,4999";"3,1472"
"75,9900";"2,4999";"3,1464"
"76,0000";"2,4999";"3,1471"
"76,0100";"2,4999";"3,1482"
"76,0200";"2,4999";"3,1477"
"76,0300";"2,4999";"3,1463"
"76,0400";"2,4999";"3,1453"
"76,0500";"2,4999";"3,1449"
"76,0600";"2,4999";"3,1441"
"76,0700";"2,4999";"3,1446"
"76,0800";"2,4999";"3,1454"
"76,0900";"2,4999";"3,1443"
"76,1000";"2,4999";"3,1418"
"76,1100";"2,4999";"3,1405"
"76,1200";"2,4999";"3,1413"
"76,1300";"2,4999";"3,1421"
"76,1400";"2,4999";"3,1425"
"76,1500";"2,4999";"3,1435"
"76,1600";"2,4999";"3,1455"
"76,1700";"2,4999";"3,1458"
"76,1800";"2,4999";"3,1438"
"76,1900";"2,4999";"3,1431"
"76,2000";"2,4999";"3,1440"
"76,2100";"2,4999";"3,1447"
"76,2200";"2,4999";"3,1444"
"76,2300";"2,4999";"3,1438"
"76,2400";"2,4999";"3,1450"
"76,2500";"2,4999";"3,1464"
"76,2600";"2,4999";"3,1459"
"76,2700";"2,4999";"3,1441"
"76,2800";"2,4999";"3,1423"
"76,2900";"2,4999";"3,1415"
"76,3000";"2,4999";"3,1418"
"76,3100";"2,4999";"3,1431"
"76,3200";"2,4999";"3,1451"
"76,3300";"2,4999";"3,1461"
"76,3400";"2,4999";"3,1439"
"76,3500";"2,4999";"3,1421"
"76,3600";"2,4999";"3,1422"
"76,3700";"2,4999";"3,1431"
"76,3800";"2,4999";"3,1413"
"76,3900";"2,4999";"3,1384"
"76,4000";"2,4999";"3,1373"
"76,4100";"2,4999";"3,1395"
"76,4200";"2,4999";"3,1409"
"76,4300";"2,4999";"3,1414"
"76,4400";"2,4999";"3,1411"
"76,4500";"2,4999";"3,1398"
"76,4600";"2,4999";"3,1380"
"76,4700";"2,4999";"3,1367"
"76,4800";"2,4999";"3,1376"
"76,4900";"2,4999";"3,1397"
"76,5000";"2,4999";"3,1417"
"76,5100";"2,4999";"3,1419"
"76,5200";"2,4999";"3,1413"
"76,5300";"2,4999";"3,1405"
"76,5400";"2,4999";"3,1391"
"76,5500";"2,4999";"3,1386"
"76,5600";"2,4999";"3,1393"
"76,5700";"2,4999";"3,1404"
"76,5800";"2,4999";"3,1388"
"76,5900";"2,4999";"3,1363"
"76,6000";"2,4999";"3,1376"
"76,6100";"2,4999";"3,1403"
"76,6200";"2,4999";"3,1403"
"76,6300";"2,4999";"3,1378"
"76,6400";"2,4999";"3,1368"
"76,6500";"2,4999";"3,1385"
"76,6600";"2,4999";"3,1390"
"76,6700";"2,4999";"3,1384"
"76,6800";"2,4999";"3,1382"
"76,6900";"2,4999";"3,1383"
"76,7000";"2,4999";"3,1370"
"76,7100";"2,4999";"3,1353"
"76,7200";"2,4999";"3,1352"
"76,7300";"2,4999";"3,1381"
"76,7400";"2,4999";"3,1409"
"76,7500";"2,4999";"3,1408"
"76,7600";"2,4999";"3,1401"
"76,7700";"2,4999";"3,1401"
"76,7800";"2,4999";"3,1396"
"76,7900";"2,4999";"3,1364"
"76,8000";"2,4999";"3,1339"
"76,8100";"2,4999";"3,1335"
"76,8200";"2,4999";"3,1355"
"76,8300";"2,4999";"3,1367"
"76,8400";"2,4999";"3,1365"
"76,8500";"2,4999";"3,1365"
"76,8600";"2,4999";"3,1357"
"76,8700";"2,4999";"3,1338"
"76,8800";"2,4999";"3,1316"
"76,8900";"2,4999";"3,1311"
"76,9000";"2,4999";"3,1329"
"76,9100";"2,4999";"3,1348"
"76,9200";"2,4999";"3,1361"
"76,9300";"2,4999";"3,1369"
"76,9400";"2,4999";"3,1370"
"76,9500";"2,4999";"3,1355"
"76,9600";"2,4999";"3,1338"
"76,9700";"2,4999";"3,1329"
"76,9800";"2,4999";"3,1340"
"76,9900";"2,4999";"3,1353"
"77,0000";"2,4999";"3,1369"
"77,0100";"2,4999";"3,1389"
"77,0200";"2,4999";"3,1396"
"77,0300";"2,4999";"3,1369"
"77,0400";"2,4999";"3,1329"
"77,0500";"2,4999";"3,1307"
"77,0600";"2,4999";"3,1318"
"77,0700";"2,4999";"3,1336"
"77,0800";"2,4999";"3,1346"
"77,0900";"2,4999";"3,1359"
"77,1000";"2,4999";"3,1377"
"77,1100";"2,4999";"3,1382"
"77,1200";"2,4999";"3,1356"
"77,1300";"2,4999";"3,1313"
"77,1400";"2,4999";"3,1290"
"77,1500";"2,4999";"3,1292"
"77,1600";"2,4999";"3,1302"
"77,1700";"2,4999";"3,1324"
"77,1800";"2,4999";"3,1339"
"77,1900";"2,4999";"3,1346"
"77,2000";"2,4999";"3,1351"
"77,2100";"2,4999";"3,1361"
"77,2200";"2,4999";"3,1359"
"77,2300";"2,4999";"3,1324"
"77,2400";"2,4999";"3,1303"
"77,2500";"2,4999";"3,1311"
"77,2600";"2,4999";"3,1329"
"77,2700";"2,4999";"3,1323"
"77,2800";"2,4999";"3,1302"
"77,2900";"2,4999";"3,1285"
"77,3000";"2,4999";"3,1301"
"77,3100";"2,4999";"3,1324"
"77,3200";"2,4999";"3,1325"
"77,3300";"2,4999";"3,1311"
"77,3400";"2,4999";"3,1318"
"77,3500";"2,4999";"3,1324"
"77,3600";"2,4999";"3,1319"
"77,3700";"2,4999";"3,1311"
"77,3800";"2,4999";"3,1301"
"77,3900";"2,4999";"3,1284"
"77,4000";"2,4999";"3,1268"
"77,4100";"2,4999";"3,1270"
"77,4200";"2,4999";"3,1298"
"77,4300";"2,4999";"3,1327"
"77,4400";"2,4999";"3,1320"
"77,4500";"2,4999";"3,1300"
"77,4600";"2,4999";"3,1298"
"77,4700";"2,4999";"3,1296"
"77,4800";"2,4999";"3,1284"
"77,4900";"2,4999";"3,1285"
"77,5000";"2,4999";"3,1315"
"77,5100";"2,4999";"3,1339"
"77,5200";"2,4999";"3,1332"
"77,5300";"2,4999";"3,1295"
"77,5400";"2,4999";"3,1282"
"77,5500";"2,4999";"3,1286"
"77,5600";"2,4999";"3,1282"
"77,5700";"2,4999";"3,1265"
"77,5800";"2,4999";"3,1262"
"77,5900";"2,4999";"3,1290"
"77,6000";"2,4999";"3,1323"
"77,6100";"2,4999";"3,1337"
"77,6200";"2,4999";"3,1333"
"77,6300";"2,4999";"3,1313"
"77,6400";"2,4999";"3,1277"
"77,6500";"2,4999";"3,1255"
"77,6600";"2,4999";"3,1262"
"77,6700";"2,4999";"3,1281"
"77,6800";"2,4999";"3,1288"
"77,6900";"2,4999";"3,1283"
"77,7000";"2,4999";"3,1283"
"77,7100";"2,4999";"3,1288"
"77,7200";"2,4999";"3,1284"
"77,7300";"2,4999";"3,1276"
"77,7400";"2,4999";"3,1282"
"77,7500";"2,4999";"3,1276"
"77,7600";"2,4999";"3,1257"
"77,7700";"2,4999";"3,1237"
"77,7800";"2,4999";"3,1237"
"77,7900";"2,4999";"3,1259"
"77,8000";"2,4999";"3,1266"
"77,8100";"2,4999";"3,1261"
"77,8200";"2,4999";"3,1268"
"77,8300";"2,4999";"3,1271"
"77,8400";"2,4999";"3,1263"
"77,8500";"2,4999";"3,1255"
"77,8600";"2,4999";"3,1257"
"77,8700";"2,4999";"3,1270"
"77,8800";"2,4999";"3,1269"
"77,8900";"2,4999";"3,1244"
"77,9000";"2,4999";"3,1230"
"77,9100";"2,4999";"3,1221"
"77,9200";"2,4999";"3,1221"
"77,9300";"2,4999";"3,1226"
"77,9400";"2,4999";"3,1235"
"77,9500";"2,4999";"3,1256"
"77,9600";"2,4999";"3,1274"
"77,9700";"2,4999";"3,1272"
"77,9800";"2,4999";"3,1260"
"77,9900";"2,4999";"3,1241"
"78,0000";"2,4999";"3,1226"
"78,0100";"2,4999";"3,1218"
"78,0200";"2,4999";"3,1232"
"78,0300";"2,4999";"3,1259"
"78,0400";"2,4999";"3,1265"
"78,0500";"2,4999";"3,1243"
"78,0600";"2,4999";"3,1231"
"78,0700";"2,4999";"3,1245"
"78,0800";"2,4999";"3,1274"
"78,0900";"2,4999";"3,1265"
"78,1000";"2,4999";"3,1231"
"78,1100";"2,4999";"3,1224"
"78,1200";"2,4999";"3,1231"
"78,1300";"2,4999";"3,1237"
"78,1400";"2,4999";"3,1242"
"78,1500";"2,4999";"3,1236"
"78,1600";"2,4999";"3,1227"
"78,1700";"2,4999";"3,1226"
"78,1800";"2,4999";"3,1239"
"78,1900";"2,4999";"3,1248"
"78,2000";"2,4999";"3,1242"
"78,2100";"2,4999";"3,1235"
"78,2200";"2,4999";"3,1223"
"78,2300";"2,4999";"3,1218"
"78,2400";"2,4999";"3,1220"
"78,2500";"2,4999";"3,1216"
"78,2600";"2,4999";"3,1209"
"78,2700";"2,4999";"3,1212"
"78,2800";"2,4999";"3,1216"
"78,2900";"2,4999";"3,1213"
"78,3000";"2,4999";"3,1215"
"78,3100";"2,4999";"3,1224"
"78,3200";"2,4999";"3,1224"
"78,3300";"2,4999";"3,1210"
"78,3400";"2,4999";"3,1204"
"78,3500";"2,4999";"3,1219"
"78,3600";"2,4999";"3,1243"
"78,3700";"2,4999";"3,1238"
"78,3800";"2,4999";"3,1205"
"78,3900";"2,4999";"3,1177"
"78,4000";"2,4999";"3,1180"
"78,4100";"2,4999";"3,1195"
"78,4200";"2,4999";"3,1206"
"78,4300";"2,4999";"3,1213"
"78,4400";"2,4999";"3,1209"
"78,4500";"2,4999";"3,1195"
"78,4600";"2,4999";"3,1188"
"78,4700";"2,4999";"3,1195"
"78,4800";"2,4999";"3,1207"
"78,4900";"2,4999";"3,1202"
"78,5000";"2,4999";"3,1184"
"78,5100";"2,4999";"3,1184"
"78,5200";"2,4999";"3,1194"
"78,5300";"2,4999";"3,1201"
"78,5400";"2,4999";"3,1207"
"78,5500";"2,4999";"3,1205"
"78,5600";"2,4999";"3,1198"
"78,5700";"2,4999";"3,1188"
"78,5800";"2,4999";"3,1176"
"78,5900";"2,4999";"3,1175"
"78,6000";"2,4999";"3,1176"
"78,6100";"2,4999";"3,1178"
"78,6200";"2,4999";"3,1180"
"78,6300";"2,4999";"3,1182"
"78,6400";"2,4999";"3,1186"
"78,6500";"2,4999";"3,1191"
"78,6600";"2,4999";"3,1183"
"78,6700";"2,4999";"3,1175"
"78,6800";"2,4999";"3,1164"
"78,6900";"2,4999";"3,1162"
"78,7000";"2,4999";"3,1161"
"78,7100";"2,4999";"3,1172"
"78,7200";"2,4999";"3,1184"
"78,7300";"2,4999";"3,1193"
"78,7400";"2,4999";"3,1187"
"78,7500";"2,4999";"3,1184"
"78,7600";"2,4999";"3,1188"
"78,7700";"2,4999";"3,1185"
"78,7800";"2,4999";"3,1165"
"78,7900";"2,4999";"3,1154"
"78,8000";"2,4999";"3,1165"
"78,8100";"2,4999";"3,1172"
"78,8200";"2,4999";"3,1171"
"78,8300";"2,4999";"3,1166"
"78,8400";"2,4999";"3,1166"
"78,8500";"2,4999";"3,1183"
"78,8600";"2,4999";"3,1198"
"78,8700";"2,4999";"3,1182"
"78,8800";"2,4999";"3,1166"
"78,8900";"2,4999";"3,1175"
"78,9000";"2,4999";"3,1182"
"78,9100";"2,4999";"3,1179"
"78,9200";"2,4999";"3,1181"
"78,9300";"2,4999";"3,1178"
"78,9400";"2,4999";"3,1170"
"78,9500";"2,4999";"3,1158"
"78,9600";"2,4999";"3,1152"
"78,9700";"2,4999";"3,1153"
"78,9800";"2,4999";"3,1153"
"78,9900";"2,4999";"3,1139"
"79,0000";"2,4999";"3,1140"
"79,0100";"2,4999";"3,1139"
"79,0200";"2,4999";"3,1126"
"79,0300";"2,4999";"3,1123"
"79,0400";"2,4999";"3,1137"
"79,0500";"2,4999";"3,1163"
"79,0600";"2,4999";"3,1164"
"79,0700";"2,4999";"3,1133"
"79,0800";"2,4999";"3,1113"
"79,0900";"2,4999";"3,1136"
"79,1000";"2,4999";"3,1171"
"79,1100";"2,4999";"3,1167"
"79,1200";"2,4999";"3,1139"
"79,1300";"2,4999";"3,1137"
"79,1400";"2,4999";"3,1162"
"79,1500";"2,4999";"3,1166"
"79,1600";"2,4999";"3,1150"
"79,1700";"2,4999";"3,1127"
"79,1800";"2,4999";"3,1123"
"79,1900";"2,4999";"3,1137"
"79,2000";"2,4999";"3,1159"
"79,2100";"2,4999";"3,1169"
"79,2200";"2,4999";"3,1153"
"79,2300";"2,4999";"3,1129"
"79,2400";"2,4999";"3,1124"
"79,2500";"2,4999";"3,1129"
"79,2600";"2,4999";"3,1123"
"79,2700";"2,4999";"3,1104"
"79,2800";"2,4999";"3,1089"
"79,2900";"2,4999";"3,1107"
"79,3000";"2,4999";"3,1132"
"79,3100";"2,4999";"3,1138"
"79,3200";"2,4999";"3,1140"
"79,3300";"2,4999";"3,1147"
"79,3400";"2,4999";"3,1147"
"79,3500";"2,4999";"3,1139"
"79,3600";"2,4999";"3,1116"
"79,3700";"2,4999";"3,1111"
"79,3800";"2,4999";"3,1110"
"79,3900";"2,4999";"3,1085"
"79,4000";"2,4999";"3,1072"
"79,4100";"2,4999";"3,1103"
"79,4200";"2,4999";"3,1146"
"79,4300";"2,4999";"3,1160"
"79,4400";"2,4999";"3,1144"
"79,4500";"2,4999";"3,1118"
"79,4600";"2,4999";"3,1092"
"79,4700";"2,4999";"3,1083"
"79,4800";"2,4999";"3,1089"
"79,4900";"2,4999";"3,1106"
"79,5000";"2,4999";"3,1118"
"79,5100";"2,4999";"3,1123"
"79,5200";"2,4999";"3,1133"
"79,5300";"2,4999";"3,1131"
"79,5400";"2,4999";"3,1124"
"79,5500";"2,4999";"3,1106"
"79,5600";"2,4999";"3,1083"
"79,5700";"2,4999";"3,1080"
"79,5800";"2,4999";"3,1086"
"79,5900";"2,4999";"3,1088"
"79,6000";"2,4999";"3,1095"
"79,6100";"2,4999";"3,1109"
"79,6200";"2,4999";"3,1111"
"79,6300";"2,4999";"3,1096"
"79,6400";"2,4999";"3,1069"
"79,6500";"2,4999";"3,1068"
"79,6600";"2,4999";"3,1099"
"79,6700";"2,4999";"3,1096"
"79,6800";"2,4999";"3,1091"
"79,6900";"2,4999";"3,1094"
"79,7000";"2,4999";"3,1101"
"79,7100";"2,4999";"3,1101"
"79,7200";"2,4999";"3,1095"
"79,7300";"2,4999";"3,1089"
"79,7400";"2,4999";"3,1100"
"79,7500";"2,4999";"3,1102"
"79,7600";"2,4999";"3,1086"
"79,7700";"2,4999";"3,1074"
"79,7800";"2,4999";"3,1092"
"79,7900";"2,4999";"3,1111"
"79,8000";"2,4999";"3,1103"
"79,8100";"2,4999";"3,1077"
"79,8200";"2,4999";"3,1067"
"79,8300";"2,4999";"3,1069"
"79,8400";"2,4999";"3,1066"
"79,8500";"2,4999";"3,1062"
"79,8600";"2,4999";"3,1072"
"79,8700";"2,4999";"3,1061"
"79,8800";"2,4999";"3,1039"
"79,8900";"2,4999";"3,1037"
"79,9000";"2,4999";"3,1069"
"79,9100";"2,4999";"3,1088"
"79,9200";"2,4999";"3,1086"
"79,9300";"2,4999";"3,1074"
"79,9400";"2,4999";"3,1059"
"79,9500";"2,4999";"3,1058"
"79,9600";"2,4999";"3,1065"
"79,9700";"2,4999";"3,1077"
"79,9800";"2,4999";"3,1088"
"79,9900";"2,4999";"3,1086"
"80,0000";"2,4999";"3,1069"
"80,0100";"2,4999";"3,1062"
"80,0200";"2,4999";"3,1063"
"80,0300";"2,4999";"3,1067"
"80,0400";"2,4999";"3,1058"
"80,0500";"2,4999";"3,1047"
"80,0600";"2,4999";"3,1048"
"80,0700";"2,4999";"3,1059"
"80,0800";"2,4999";"3,1071"
"80,0900";"2,4999";"3,1062"
"80,1000";"2,4999";"3,1055"
"80,1100";"2,4999";"3,1043"
"80,1200";"2,4999";"3,1028"
"80,1300";"2,4999";"3,1026"
"80,1400";"2,4999";"3,1035"
"80,1500";"2,4999";"3,1044"
"80,1600";"2,4999";"3,1039"
"80,1700";"2,4999";"3,1024"
"80,1800";"2,4999";"3,1023"
"80,1900";"2,4999";"3,1045"
"80,2000";"2,4999";"3,1060"
"80,2100";"2,4999";"3,1049"
"80,2200";"2,4999";"3,1030"
"80,2300";"2,4999";"3,1035"
"80,2400";"2,4999";"3,1046"
"80,2500";"2,4999";"3,1047"
"80,2600";"2,4999";"3,1053"
"80,2700";"2,4999";"3,1060"
"80,2800";"2,4999";"3,1052"
"80,2900";"2,4999";"3,1035"
"80,3000";"2,4999";"3,1027"
"80,3100";"2,4999";"3,1038"
"80,3200";"2,4999";"3,1038"
"80,3300";"2,4999";"3,1020"
"80,3400";"2,4999";"3,1014"
"80,3500";"2,4999";"3,1020"
"80,3600";"2,4999";"3,1008"
"80,3700";"2,4999";"3,0994"
"80,3800";"2,4999";"3,0977"
"80,3900";"2,4999";"3,0987"
"80,4000";"2,4999";"3,0999"
"80,4100";"2,4999";"3,1008"
"80,4200";"2,4999";"3,1022"
"80,4300";"2,4999";"3,1031"
"80,4400";"2,4999";"3,1038"
"80,4500";"2,4999";"3,1032"
"80,4600";"2,4999";"3,1019"
"80,4700";"2,4999";"3,1011"
"80,4800";"2,4999";"3,1016"
"80,4900";"2,4999";"3,1014"
"80,5000";"2,4999";"3,1011"
"80,5100";"2,4999";"3,1025"
"80,5200";"2,4999";"3,1050"
"80,5300";"2,4999";"3,1056"
"80,5400";"2,4999";"3,1051"
"80,5500";"2,4999";"3,1045"
"80,5600";"2,4999";"3,1039"
"80,5700";"2,4999";"3,1026"
"80,5800";"2,4999";"3,1014"
"80,5900";"2,4999";"3,1020"
"80,6000";"2,4999";"3,1030"
"80,6100";"2,4999";"3,1027"
"80,6200";"2,4999";"3,1019"
"80,6300";"2,4999";"3,1022"
"80,6400";"2,4999";"3,1025"
"80,6500";"2,4999";"3,1016"
"80,6600";"2,4999";"3,1012"
"80,6700";"2,4999";"3,1009"
"80,6800";"2,4999";"3,1029"
"80,6900";"2,4999";"3,1038"
"80,7000";"2,4999";"3,1030"
"80,7100";"2,4999";"3,1022"
"80,7200";"2,4999";"3,1009"
"80,7300";"2,4999";"3,0988"
"80,7400";"2,4999";"3,0974"
"80,7500";"2,4999";"3,0982"
"80,7600";"2,4999";"3,1010"
"80,7700";"2,4999";"3,1021"
"80,7800";"2,4999";"3,1013"
"80,7900";"2,4999";"3,1006"
"80,8000";"2,4999";"3,1005"
"80,8100";"2,4999";"3,0985"
"80,8200";"2,4999";"3,0964"
"80,8300";"2,4999";"3,0964"
"80,8400";"2,4999";"3,0983"
"80,8500";"2,4999";"3,1000"
"80,8600";"2,4999";"3,1009"
"80,8700";"2,4999";"3,1012"
"80,8800";"2,4999";"3,1018"
"80,8900";"2,4999";"3,0995"
"80,9000";"2,4999";"3,0966"
"80,9100";"2,4999";"3,0963"
"80,9200";"2,4999";"3,0979"
"80,9300";"2,4999";"3,0981"
"80,9400";"2,4999";"3,0969"
"80,9500";"2,4999";"3,0967"
"80,9600";"2,4999";"3,0981"
"80,9700";"2,4999";"3,0988"
"80,9800";"2,4999";"3,0974"
"80,9900";"2,4999";"3,0969"
"81,0000";"2,4999";"3,0981"
"81,0100";"2,4999";"3,0994"
"81,0200";"2,4999";"3,0998"
"81,0300";"2,4999";"3,0985"
"81,0400";"2,4999";"3,0986"
"81,0500";"2,4999";"3,0992"
"81,0600";"2,4999";"3,0982"
"81,0700";"2,4999";"3,0973"
"81,0800";"2,4999";"3,0968"
"81,0900";"2,4999";"3,0966"
"81,1000";"2,4999";"3,0980"
"81,1100";"2,4999";"3,0983"
"81,1200";"2,4999";"3,0984"
"81,1300";"2,4999";"3,0982"
"81,1400";"2,4999";"3,0974"
"81,1500";"2,4999";"3,0967"
"81,1600";"2,4999";"3,0974"
"81,1700";"2,4999";"3,0956"
"81,1800";"2,4999";"3,0935"
"81,1900";"2,4999";"3,0940"
"81,2000";"2,4999";"3,0981"
"81,2100";"2,4999";"3,1017"
"81,2200";"2,4999";"3,1006"
"81,2300";"2,4999";"3,0966"
"81,2400";"2,4999";"3,0944"
"81,2500";"2,4999";"3,0935"
"81,2600";"2,4999";"3,0926"
"81,2700";"2,4999";"3,0934"
"81,2800";"2,4999";"3,0955"
"81,2900";"2,4999";"3,0970"
"81,3000";"2,4999";"3,0977"
"81,3100";"2,4999";"3,0985"
"81,3200";"2,4999";"3,0981"
"81,3300";"2,4999";"3,0979"
"81,3400";"2,4999";"3,0954"
"81,3500";"2,4999";"3,0937"
"81,3600";"2,4999";"3,0954"
"81,3700";"2,4999";"3,0987"
"81,3800";"2,4999";"3,0992"
"81,3900";"2,4999";"3,0971"
"81,4000";"2,4999";"3,0955"
"81,4100";"2,4999";"3,0954"
"81,4200";"2,4999";"3,0943"
"81,4300";"2,4999";"3,0928"
"81,4400";"2,4999";"3,0920"
"81,4500";"2,4999";"3,0930"
"81,4600";"2,4999";"3,0935"
"81,4700";"2,4999";"3,0923"
"81,4800";"2,4999";"3,0910"
"81,4900";"2,4999";"3,0915"
"81,5000";"2,4999";"3,0910"
"81,5100";"2,4999";"3,0896"
"81,5200";"2,4999";"3,0896"
"81,5300";"2,4999";"3,0909"
"81,5400";"2,4999";"3,0926"
"81,5500";"2,4999";"3,0921"
"81,5600";"2,4999";"3,0920"
"81,5700";"2,4999";"3,0920"
"81,5800";"2,4999";"3,0913"
"81,5900";"2,4999";"3,0902"
"81,6000";"2,4999";"3,0921"
"81,6100";"2,4999";"3,0954"
"81,6200";"2,4999";"3,0969"
"81,6300";"2,4999";"3,0958"
"81,6400";"2,4999";"3,0944"
"81,6500";"2,4999";"3,0941"
"81,6600";"2,4999";"3,0931"
"81,6700";"2,4999";"3,0911"
"81,6800";"2,4999";"3,0893"
"81,6900";"2,4999";"3,0893"
"81,7000";"2,4999";"3,0901"
"81,7100";"2,4999";"3,0916"
"81,7200";"2,4999";"3,0932"
"81,7300";"2,4999";"3,0942"
"81,7400";"2,4999";"3,0943"
"81,7500";"2,4999";"3,0923"
"81,7600";"2,4999";"3,0912"
"81,7700";"2,4999";"3,0920"
"81,7800";"2,4999";"3,0937"
"81,7900";"2,4999";"3,0930"
"81,8000";"2,4999";"3,0925"
"81,8100";"2,4999";"3,0921"
"81,8200";"2,4999";"3,0920"
"81,8300";"2,4999";"3,0915"
"81,8400";"2,4999";"3,0914"
"81,8500";"2,4999";"3,0928"
"81,8600";"2,4999";"3,0934"
"81,8700";"2,4999";"3,0922"
"81,8800";"2,4999";"3,0906"
"81,8900";"2,4999";"3,0909"
"81,9000";"2,4999";"3,0923"
"81,9100";"2,4999";"3,0923"
"81,9200";"2,4999";"3,0911"
"81,9300";"2,4999";"3,0919"
"81,9400";"2,4999";"3,0930"
"81,9500";"2,4999";"3,0923"
"81,9600";"2,4999";"3,0916"
"81,9700";"2,4999";"3,0925"
"81,9800";"2,4999";"3,0936"
"81,9900";"2,4999";"3,0919"
"82,0000";"2,4999";"3,0886"
"82,0100";"2,4999";"3,0870"
"82,0200";"2,4999";"3,0879"
"82,0300";"2,4999";"3,0888"
"82,0400";"2,4999";"3,0884"
"82,0500";"2,4999";"3,0894"
"82,0600";"2,4999";"3,0925"
"82,0700";"2,4999";"3,0939"
"82,0800";"2,4999";"3,0940"
"82,0900";"2,4999";"3,0930"
"82,1000";"2,4999";"3,0901"
"82,1100";"2,4999";"3,0877"
"82,1200";"2,4999";"3,0859"
"82,1300";"2,4999";"3,0857"
"82,1400";"2,4999";"3,0882"
"82,1500";"2,4999";"3,0913"
"82,1600";"2,4999";"3,0921"
"82,1700";"2,4999";"3,0918"
"82,1800";"2,4999";"3,0908"
"82,1900";"2,4999";"3,0889"
"82,2000";"2,4999";"3,0875"
"82,2100";"2,4999";"3,0873"
"82,2200";"2,4999";"3,0905"
"82,2300";"2,4999";"3,0931"
"82,2400";"2,4999";"3,0933"
"82,2500";"2,4999";"3,0918"
"82,2600";"2,4999";"3,0913"
"82,2700";"2,4999";"3,0908"
"82,2800";"2,4999";"3,0880"
"82,2900";"2,4999";"3,0866"
"82,3000";"2,4999";"3,0872"
"82,3100";"2,4999";"3,0890"
"82,3200";"2,4999";"3,0894"
"82,3300";"2,4999";"3,0876"
"82,3400";"2,4999";"3,0865"
"82,3500";"2,4999";"3,0853"
"82,3600";"2,4999";"3,0842"
"82,3700";"2,4999";"3,0848"
"82,3800";"2,4999";"3,0859"
"82,3900";"2,4999";"3,0866"
"82,4000";"2,4999";"3,0880"
"82,4100";"2,4999";"3,0885"
"82,4200";"2,4999";"3,0869"
"82,4300";"2,4999";"3,0842"
"82,4400";"2,4999";"3,0826"
"82,4500";"2,4999";"3,0836"
"82,4600";"2,4999";"3,0871"
"82,4700";"2,4999";"3,0904"
"82,4800";"2,4999";"3,0907"
"82,4900";"2,4999";"3,0891"
"82,5000";"2,4999";"3,0892"
"82,5100";"2,4999";"3,0892"
"82,5200";"2,4999";"3,0865"
"82,5300";"2,4999";"3,0838"
"82,5400";"2,4999";"3,0839"
"82,5500";"2,4999";"3,0856"
"82,5600";"2,4999";"3,0870"
"82,5700";"2,4999";"3,0882"
"82,5800";"2,4999";"3,0883"
"82,5900";"2,4999";"3,0878"
"82,6000";"2,4999";"3,0864"
"82,6100";"2,4999";"3,0847"
"82,6200";"2,4999";"3,0833"
"82,6300";"2,4999";"3,0836"
"82,6400";"2,4999";"3,0845"
"82,6500";"2,4999";"3,0844"
"82,6600";"2,4999";"3,0838"
"82,6700";"2,4999";"3,0838"
"82,6800";"2,4999";"3,0838"
"82,6900";"2,4999";"3,0827"
"82,7000";"2,4999";"3,0826"
"82,7100";"2,4999";"3,0842"
"82,7200";"2,4999";"3,0853"
"82,7300";"2,4999";"3,0843"
"82,7400";"2,4999";"3,0838"
"82,7500";"2,4999";"3,0855"
"82,7600";"2,4999";"3,0862"
"82,7700";"2,4999";"3,0846"
"82,7800";"2,4999";"3,0836"
"82,7900";"2,4999";"3,0842"
"82,8000";"2,4999";"3,0859"
"82,8100";"2,4999";"3,0859"
"82,8200";"2,4999";"3,0849"
"82,8300";"2,4999";"3,0836"
"82,8400";"2,4999";"3,0831"
"82,8500";"2,4999";"3,0816"
"82,8600";"2,4999";"3,0800"
"82,8700";"2,4999";"3,0795"
"82,8800";"2,4999";"3,0801"
"82,8900";"2,4999";"3,0798"
"82,9000";"2,4999";"3,0804"
"82,9100";"2,4999";"3,0833"
"82,9200";"2,4999";"3,0857"
"82,9300";"2,4999";"3,0856"
"82,9400";"2,4999";"3,0830"
"82,9500";"2,4999";"3,0805"
"82,9600";"2,4999";"3,0791"
"82,9700";"2,4999";"3,0796"
"82,9800";"2,4999";"3,0815"
"82,9900";"2,4999";"3,0829"
"83,0000";"2,4999";"3,0835"
"83,0100";"2,4999";"3,0823"
"83,0200";"2,4999";"3,0806"
"83,0300";"2,4999";"3,0809"
"83,0400";"2,4999";"3,0816"
"83,0500";"2,4999";"3,0813"
"83,0600";"2,4999";"3,0799"
"83,0700";"2,4999";"3,0800"
"83,0800";"2,4999";"3,0814"
"83,0900";"2,4999";"3,0821"
"83,1000";"2,4999";"3,0821"
"83,1100";"2,4999";"3,0824"
"83,1200";"2,4999";"3,0820"
"83,1300";"2,4999";"3,0800"
"83,1400";"2,4999";"3,0787"
"83,1500";"2,4999";"3,0803"
"83,1600";"2,4999";"3,0832"
"83,1700";"2,4999";"3,0841"
"83,1800";"2,4999";"3,0819"
"83,1900";"2,4999";"3,0811"
"83,2000";"2,4999";"3,0827"
"83,2100";"2,4999";"3,0837"
"83,2200";"2,4999";"3,0831"
"83,2300";"2,4999";"3,0820"
"83,2400";"2,4999";"3,0811"
"83,2500";"2,4999";"3,0808"
"83,2600";"2,4999";"3,0801"
"83,2700";"2,4999";"3,0796"
"83,2800";"2,4999";"3,0799"
"83,2900";"2,4999";"3,0789"
"83,3000";"2,4999";"3,0763"
"83,3100";"2,4999";"3,0747"
"83,3200";"2,4999";"3,0761"
"83,3300";"2,4999";"3,0778"
"83,3400";"2,4999";"3,0784"
"83,3500";"2,4999";"3,0788"
"83,3600";"2,4999";"3,0792"
"83,3700";"2,4999";"3,0810"
"83,3800";"2,4999";"3,0812"
"83,3900";"2,4999";"3,0810"
"83,4000";"2,4999";"3,0801"
"83,4100";"2,4999";"3,0784"
"83,4200";"2,4999";"3,0771"
"83,4300";"2,4999";"3,0777"
"83,4400";"2,4999";"3,0800"
"83,4500";"2,4999";"3,0803"
"83,4600";"2,4999";"3,0783"
"83,4700";"2,4999";"3,0760"
"83,4800";"2,4999";"3,0770"
"83,4900";"2,4999";"3,0783"
"83,5000";"2,4999";"3,0791"
"83,5100";"2,4999";"3,0802"
"83,5200";"2,4999";"3,0809"
"83,5300";"2,4999";"3,0811"
"83,5400";"2,4999";"3,0800"
"83,5500";"2,4999";"3,0786"
"83,5600";"2,4999";"3,0769"
"83,5700";"2,4999";"3,0758"
"83,5800";"2,4999";"3,0761"
"83,5900";"2,4999";"3,0767"
"83,6000";"2,4999";"3,0779"
"83,6100";"2,4999";"3,0782"
"83,6200";"2,4999";"3,0772"
"83,6300";"2,4999";"3,0751"
"83,6400";"2,4999";"3,0744"
"83,6500";"2,4999";"3,0749"
"83,6600";"2,4999";"3,0755"
"83,6700";"2,4999";"3,0760"
"83,6800";"2,4999";"3,0777"
"83,6900";"2,4999";"3,0787"
"83,7000";"2,4999";"3,0781"
"83,7100";"2,4999";"3,0764"
"83,7200";"2,4999";"3,0764"
"83,7300";"2,4999";"3,0759"
"83,7400";"2,4999";"3,0742"
"83,7500";"2,4999";"3,0741"
"83,7600";"2,4999";"3,0760"
"83,7700";"2,4999";"3,0783"
"83,7800";"2,4999";"3,0780"
"83,7900";"2,4999";"3,0766"
"83,8000";"2,4999";"3,0761"
"83,8100";"2,4999";"3,0765"
"83,8200";"2,4999";"3,0759"
"83,8300";"2,4999";"3,0750"
"83,8400";"2,4999";"3,0760"
"83,8500";"2,4999";"3,0772"
"83,8600";"2,4999";"3,0768"
"83,8700";"2,4999";"3,0753"
"83,8800";"2,4999";"3,0740"
"83,8900";"2,4999";"3,0745"
"83,9000";"2,4999";"3,0758"
"83,9100";"2,4999";"3,0765"
"83,9200";"2,4999";"3,0768"
"83,9300";"2,4999";"3,0774"
"83,9400";"2,4999";"3,0768"
"83,9500";"2,4999";"3,0756"
"83,9600";"2,4999";"3,0756"
"83,9700";"2,4999";"3,0766"
"83,9800";"2,4999";"3,0751"
"83,9900";"2,4999";"3,0725"
"84,0000";"2,4999";"3,0726"
"84,0100";"2,4999";"3,0755"
"84,0200";"2,4999";"3,0783"
"84,0300";"2,4999";"3,0773"
"84,0400";"2,4999";"3,0754"
"84,0500";"2,4999";"3,0746"
"84,0600";"2,4999";"3,0748"
"84,0700";"2,4999";"3,0755"
"84,0800";"2,4999";"3,0763"
"84,0900";"2,4999";"3,0787"
"84,1000";"2,4999";"3,0798"
"84,1100";"2,4999";"3,0790"
"84,1200";"2,4999";"3,0768"
"84,1300";"2,4999";"3,0743"
"84,1400";"2,4999";"3,0728"
"84,1500";"2,4999";"3,0715"
"84,1600";"2,4999";"3,0724"
"84,1700";"2,4999";"3,0740"
"84,1800";"2,4999";"3,0747"
"84,1900";"2,4999";"3,0746"
"84,2000";"2,4999";"3,0744"
"84,2100";"2,4999";"3,0755"
"84,2200";"2,4999";"3,0770"
"84,2300";"2,4999";"3,0755"
"84,2400";"2,4999";"3,0731"
"84,2500";"2,4999";"3,0730"
"84,2600";"2,4999";"3,0737"
"84,2700";"2,4999";"3,0737"
"84,2800";"2,4999";"3,0730"
"84,2900";"2,4999";"3,0739"
"84,3000";"2,4999";"3,0759"
"84,3100";"2,4999";"3,0756"
"84,3200";"2,4999";"3,0729"
"84,3300";"2,4999";"3,0722"
"84,3400";"2,4999";"3,0725"
"84,3500";"2,4999";"3,0727"
"84,3600";"2,4999";"3,0725"
"84,3700";"2,4999";"3,0728"
"84,3800";"2,4999";"3,0731"
"84,3900";"2,4999";"3,0723"
"84,4000";"2,4999";"3,0716"
"84,4100";"2,4999";"3,0707"
"84,4200";"2,4999";"3,0700"
"84,4300";"2,4999";"3,0682"
"84,4400";"2,4999";"3,0676"
"84,4500";"2,4999";"3,0696"
"84,4600";"2,4999";"3,0721"
"84,4700";"2,4999";"3,0712"
"84,4800";"2,4999";"3,0694"
"84,4900";"2,4999";"3,0684"
"84,5000";"2,4999";"3,0694"
"84,5100";"2,4999";"3,0699"
"84,5200";"2,4999";"3,0700"
"84,5300";"2,4999";"3,0706"
"84,5400";"2,4999";"3,0729"
"84,5500";"2,4999";"3,0748"
"84,5600";"2,4999";"3,0748"
"84,5700";"2,4999";"3,0739"
"84,5800";"2,4999";"3,0723"
"84,5900";"2,4999";"3,0703"
"84,6000";"2,4999";"3,0689"
"84,6100";"2,4999";"3,0682"
"84,6200";"2,4999";"3,0697"
"84,6300";"2,4999";"3,0722"
"84,6400";"2,4999";"3,0718"
"84,6500";"2,4999";"3,0694"
"84,6600";"2,4999";"3,0688"
"84,6700";"2,4999";"3,0694"
"84,6800";"2,4999";"3,0710"
"84,6900";"2,4999";"3,0713"
"84,7000";"2,4999";"3,0725"
"84,7100";"2,4999";"3,0725"
"84,7200";"2,4999";"3,0722"
"84,7300";"2,4999";"3,0714"
"84,7400";"2,4999";"3,0714"
"84,7500";"2,4999";"3,0703"
"84,7600";"2,4999";"3,0685"
"84,7700";"2,4999";"3,0682"
"84,7800";"2,4999";"3,0704"
"84,7900";"2,4999";"3,0720"
"84,8000";"2,4999";"3,0722"
"84,8100";"2,4999";"3,0705"
"84,8200";"2,4999";"3,0700"
"84,8300";"2,4999";"3,0691"
"84,8400";"2,4999";"3,0673"
"84,8500";"2,4999";"3,0656"
"84,8600";"2,4999";"3,0670"
"84,8700";"2,4999";"3,0700"
"84,8800";"2,4999";"3,0704"
"84,8900";"2,4999";"3,0692"
"84,9000";"2,4999";"3,0691"
"84,9100";"2,4999";"3,0698"
"84,9200";"2,4999";"3,0687"
"84,9300";"2,4999";"3,0664"
"84,9400";"2,4999";"3,0655"
"84,9500";"2,4999";"3,0674"
"84,9600";"2,4999";"3,0695"
"84,9700";"2,4999";"3,0688"
"84,9800";"2,4999";"3,0686"
"84,9900";"2,4999";"3,0676"
"85,0000";"2,4999";"3,0648"
"85,0100";"2,4999";"3,0650"
"85,0200";"2,4999";"3,0681"
"85,0300";"2,4999";"3,0706"
"85,0400";"2,4999";"3,0703"
"85,0500";"2,4999";"3,0685"
"85,0600";"2,4999";"3,0691"
"85,0700";"2,4999";"3,0709"
"85,0800";"2,4999";"3,0704"
"85,0900";"2,4999";"3,0683"
"85,1000";"2,4999";"3,0656"
"85,1100";"2,4999";"3,0656"
"85,1200";"2,4999";"3,0668"
"85,1300";"2,4999";"3,0677"
"85,1400";"2,4999";"3,0683"
"85,1500";"2,4999";"3,0696"
"85,1600";"2,4999";"3,0698"
"85,1700";"2,4999";"3,0687"
"85,1800";"2,4999";"3,0680"
"85,1900";"2,4999";"3,0683"
"85,2000";"2,4999";"3,0687"
"85,2100";"2,4999";"3,0683"
"85,2200";"2,4999";"3,0681"
"85,2300";"2,4999";"3,0693"
"85,2400";"2,4999";"3,0696"
"85,2500";"2,4999";"3,0675"
"85,2600";"2,4999";"3,0659"
"85,2700";"2,4999";"3,0663"
"85,2800";"2,4999";"3,0678"
"85,2900";"2,4999";"3,0684"
"85,3000";"2,4999";"3,0677"
"85,3100";"2,4999";"3,0666"
"85,3200";"2,4999";"3,0668"
"85,3300";"2,4999";"3,0668"
"85,3400";"2,4999";"3,0667"
"85,3500";"2,4999";"3,0662"
"85,3600";"2,4999";"3,0658"
"85,3700";"2,4999";"3,0662"
"85,3800";"2,4999";"3,0665"
"85,3900";"2,4999";"3,0665"
"85,4000";"2,4999";"3,0654"
"85,4100";"2,4999";"3,0647"
"85,4200";"2,4999";"3,0640"
"85,4300";"2,4999";"3,0647"
"85,4400";"2,4999";"3,0654"
"85,4500";"2,4999";"3,0652"
"85,4600";"2,4999";"3,0649"
"85,4700";"2,4999";"3,0659"
"85,4800";"2,4999";"3,0672"
"85,4900";"2,4999";"3,0670"
"85,5000";"2,4999";"3,0670"
"85,5100";"2,4999";"3,0684"
"85,5200";"2,4999";"3,0680"
"85,5300";"2,4999";"3,0661"
"85,5400";"2,4999";"3,0640"
"85,5500";"2,4999";"3,0636"
"85,5600";"2,4999";"3,0651"
"85,5700";"2,4999";"3,0655"
"85,5800";"2,4999";"3,0635"
"85,5900";"2,4999";"3,0618"
"85,6000";"2,4999";"3,0620"
"85,6100";"2,4999";"3,0641"
"85,6200";"2,4999";"3,0654"
"85,6300";"2,4999";"3,0661"
"85,6400";"2,4999";"3,0662"
"85,6500";"2,4999";"3,0643"
"85,6600";"2,4999";"3,0629"
"85,6700";"2,4999";"3,0626"
"85,6800";"2,4999";"3,0632"
"85,6900";"2,4999";"3,0630"
"85,7000";"2,4999";"3,0614"
"85,7100";"2,4999";"3,0617"
"85,7200";"2,4999";"3,0629"
"85,7300";"2,4999";"3,0649"
"85,7400";"2,4999";"3,0645"
"85,7500";"2,4999";"3,0632"
"85,7600";"2,4999";"3,0623"
"85,7700";"2,4999";"3,0624"
"85,7800";"2,4999";"3,0634"
"85,7900";"2,4999";"3,0653"
"85,8000";"2,4999";"3,0665"
"85,8100";"2,4999";"3,0672"
"85,8200";"2,4999";"3,0665"
"85,8300";"2,4999";"3,0667"
"85,8400";"2,4999";"3,0664"
"85,8500";"2,4999";"3,0652"
"85,8600";"2,4999";"3,0633"
"85,8700";"2,4999";"3,0609"
"85,8800";"2,4999";"3,0614"
"85,8900";"2,4999";"3,0641"
"85,9000";"2,4999";"3,0670"
"85,9100";"2,4999";"3,0683"
"85,9200";"2,4999";"3,0675"
"85,9300";"2,4999";"3,0656"
"85,9400";"2,4999";"3,0631"
"85,9500";"2,4999";"3,0626"
"85,9600";"2,4999";"3,0634"
"85,9700";"2,4999";"3,0634"
"85,9800";"2,4999";"3,0625"
"85,9900";"2,4999";"3,0625"
"86,0000";"2,4999";"3,0650"
"86,0100";"2,4999";"3,0669"
"86,0200";"2,4999";"3,0652"
"86,0300";"2,4999";"3,0614"
"86,0400";"2,4999";"3,0602"
"86,0500";"2,4999";"3,0621"
"86,0600";"2,4999";"3,0629"
"86,0700";"2,4999";"3,0628"
"86,0800";"2,4999";"3,0633"
"86,0900";"2,4999";"3,0641"
"86,1000";"2,4999";"3,0629"
"86,1100";"2,4999";"3,0612"
"86,1200";"2,4999";"3,0603"
"86,1300";"2,4999";"3,0598"
"86,1400";"2,4999";"3,0593"
"86,1500";"2,4999";"3,0586"
"86,1600";"2,4999";"3,0595"
"86,1700";"2,4999";"3,0621"
"86,1800";"2,4999";"3,0631"
"86,1900";"2,4999";"3,0627"
"86,2000";"2,4999";"3,0607"
"86,2100";"2,4999";"3,0591"
"86,2200";"2,4999";"3,0584"
"86,2300";"2,4999";"3,0586"
"86,2400";"2,4999";"3,0609"
"86,2500";"2,4999";"3,0637"
"86,2600";"2,4999";"3,0641"
"86,2700";"2,4999";"3,0634"
"86,2800";"2,4999";"3,0633"
"86,2900";"2,4999";"3,0621"
"86,3000";"2,4999";"3,0596"
"86,3100";"2,4999";"3,0576"
"86,3200";"2,4999";"3,0596"
"86,3300";"2,4999";"3,0623"
"86,3400";"2,4999";"3,0628"
"86,3500";"2,4999";"3,0610"
"86,3600";"2,4999";"3,0584"
"86,3700";"2,4999";"3,0571"
"86,3800";"2,4999";"3,0575"
"86,3900";"2,4999";"3,0576"
"86,4000";"2,4999";"3,0583"
"86,4100";"2,4999";"3,0599"
"86,4200";"2,4999";"3,0601"
"86,4300";"2,4999";"3,0599"
"86,4400";"2,4999";"3,0593"
"86,4500";"2,4999";"3,0593"
"86,4600";"2,4999";"3,0577"
"86,4700";"2,4999";"3,0566"
"86,4800";"2,4999";"3,0563"
"86,4900";"2,4999";"3,0573"
"86,5000";"2,4999";"3,0595"
"86,5100";"2,4999";"3,0607"
"86,5200";"2,4999";"3,0604"
"86,5300";"2,4999";"3,0588"
"86,5400";"2,4999";"3,0572"
"86,5500";"2,4999";"3,0570"
"86,5600";"2,4999";"3,0584"
"86,5700";"2,4999";"3,0591"
"86,5800";"2,4999";"3,0583"
"86,5900";"2,4999";"3,0568"
"86,6000";"2,4999";"3,0571"
"86,6100";"2,4999";"3,0586"
"86,6200";"2,4999";"3,0594"
"86,6300";"2,4999";"3,0577"
"86,6400";"2,4999";"3,0563"
"86,6500";"2,4999";"3,0578"
"86,6600";"2,4999";"3,0613"
"86,6700";"2,4999";"3,0637"
"86,6800";"2,4999";"3,0628"
"86,6900";"2,4999";"3,0605"
"86,7000";"2,4999";"3,0584"
"86,7100";"2,4999";"3,0564"
"86,7200";"2,4999";"3,0558"
"86,7300";"2,4999";"3,0567"
"86,7400";"2,4999";"3,0568"
"86,7500";"2,4999";"3,0553"
"86,7600";"2,4999";"3,0554"
"86,7700";"2,4999";"3,0571"
"86,7800";"2,4999";"3,0601"
"86,7900";"2,4999";"3,0602"
"86,8000";"2,4999";"3,0572"
"86,8100";"2,4999";"3,0544"
"86,8200";"2,4999";"3,0537"
"86,8300";"2,4999";"3,0550"
"86,8400";"2,4999";"3,0563"
"86,8500";"2,4999";"3,0557"
"86,8600";"2,4999";"3,0555"
"86,8700";"2,4999";"3,0560"
"86,8800";"2,4999";"3,0556"
"86,8900";"2,4999";"3,0545"
"86,9000";"2,4999";"3,0536"
"86,9100";"2,4999";"3,0533"
"86,9200";"2,4999";"3,0538"
"86,9300";"2,4999";"3,0553"
"86,9400";"2,4999";"3,0573"
"86,9500";"2,4999";"3,0584"
"86,9600";"2,4999";"3,0591"
"86,9700";"2,4999";"3,0586"
"86,9800";"2,4999";"3,0583"
"86,9900";"2,4999";"3,0558"
"87,0000";"2,4999";"3,0541"
"87,0100";"2,4999";"3,0536"
"87,0200";"2,4999";"3,0554"
"87,0300";"2,4999";"3,0566"
"87,0400";"2,4999";"3,0560"
"87,0500";"2,4999";"3,0554"
"87,0600";"2,4999";"3,0566"
"87,0700";"2,4999";"3,0576"
"87,0800";"2,4999";"3,0578"
"87,0900";"2,4999";"3,0564"
"87,1000";"2,4999";"3,0565"
"87,1100";"2,4999";"3,0582"
"87,1200";"2,4999";"3,0585"
"87,1300";"2,4999";"3,0580"
"87,1400";"2,4999";"3,0576"
"87,1500";"2,4999";"3,0552"
"87,1600";"2,4999";"3,0526"
"87,1700";"2,4999";"3,0511"
"87,1800";"2,4999";"3,0533"
"87,1900";"2,4999";"3,0554"
"87,2000";"2,4999";"3,0570"
"87,2100";"2,4999";"3,0561"
"87,2200";"2,4999";"3,0554"
"87,2300";"2,4999";"3,0556"
"87,2400";"2,4999";"3,0545"
"87,2500";"2,4999";"3,0536"
"87,2600";"2,4999";"3,0531"
"87,2700";"2,4999";"3,0527"
"87,2800";"2,4999";"3,0527"
"87,2900";"2,4999";"3,0535"
"87,3000";"2,4999";"3,0554"
"87,3100";"2,4999";"3,0571"
"87,3200";"2,4999";"3,0568"
"87,3300";"2,4999";"3,0541"
"87,3400";"2,4999";"3,0517"
"87,3500";"2,4999";"3,0530"
"87,3600";"2,4999";"3,0562"
"87,3700";"2,4999";"3,0569"
"87,3800";"2,4999";"3,0558"
"87,3900";"2,4999";"3,0548"
"87,4000";"2,4999";"3,0543"
"87,4100";"2,4999";"3,0538"
"87,4200";"2,4999";"3,0535"
"87,4300";"2,4999";"3,0532"
"87,4400";"2,4999";"3,0539"
"87,4500";"2,4999";"3,0530"
"87,4600";"2,4999";"3,0538"
"87,4700";"2,4999";"3,0555"
"87,4800";"2,4999";"3,0553"
"87,4900";"2,4999";"3,0539"
"87,5000";"2,4999";"3,0530"
"87,5100";"2,4999";"3,0524"
"87,5200";"2,4999";"3,0506"
"87,5300";"2,4999";"3,0494"
"87,5400";"2,4999";"3,0508"
"87,5500";"2,4999";"3,0530"
"87,5600";"2,4999";"3,0539"
"87,5700";"2,4999";"3,0531"
"87,5800";"2,4999";"3,0518"
"87,5900";"2,4999";"3,0527"
"87,6000";"2,4999";"3,0532"
"87,6100";"2,4999";"3,0514"
"87,6200";"2,4999";"3,0500"
"87,6300";"2,4999";"3,0515"
"87,6400";"2,4999";"3,0527"
"87,6500";"2,4999";"3,0514"
"87,6600";"2,4999";"3,0499"
"87,6700";"2,4999";"3,0508"
"87,6800";"2,4999";"3,0523"
"87,6900";"2,4999";"3,0525"
"87,7000";"2,4999";"3,0534"
"87,7100";"2,4999";"3,0543"
"87,7200";"2,4999";"3,0546"
"87,7300";"2,4999";"3,0545"
"87,7400";"2,4999";"3,0539"
"87,7500";"2,4999";"3,0521"
"87,7600";"2,4999";"3,0512"
"87,7700";"2,4999";"3,0501"
"87,7800";"2,4999";"3,0511"
"87,7900";"2,4999";"3,0524"
"87,8000";"2,4999";"3,0519"
"87,8100";"2,4999";"3,0508"
"87,8200";"2,4999";"3,0498"
"87,8300";"2,4999";"3,0507"
"87,8400";"2,4999";"3,0532"
"87,8500";"2,4999";"3,0531"
"87,8600";"2,4999";"3,0521"
"87,8700";"2,4999";"3,0524"
"87,8800";"2,4999";"3,0533"
"87,8900";"2,4999";"3,0520"
"87,9000";"2,4999";"3,0490"
"87,9100";"2,4999";"3,0474"
"87,9200";"2,4999";"3,0478"
"87,9300";"2,4999";"3,0498"
"87,9400";"2,4999";"3,0525"
"87,9500";"2,4999";"3,0544"
"87,9600";"2,4999";"3,0551"
"87,9700";"2,4999";"3,0537"
"87,9800";"2,4999";"3,0518"
"87,9900";"2,4999";"3,0501"
"88,0000";"2,4999";"3,0483"
"88,0100";"2,4999";"3,0462"
"88,0200";"2,4999";"3,0456"
"88,0300";"2,4999";"3,0473"
"88,0400";"2,4999";"3,0499"
"88,0500";"2,4999";"3,0510"
"88,0600";"2,4999";"3,0501"
"88,0700";"2,4999";"3,0501"
"88,0800";"2,4999";"3,0510"
"88,0900";"2,4999";"3,0503"
"88,1000";"2,4999";"3,0485"
"88,1100";"2,4999";"3,0481"
"88,1200";"2,4999";"3,0505"
"88,1300";"2,4999";"3,0524"
"88,1400";"2,4999";"3,0520"
"88,1500";"2,4999";"3,0498"
"88,1600";"2,4999";"3,0481"
"88,1700";"2,4999";"3,0478"
"88,1800";"2,4999";"3,0474"
"88,1900";"2,4999";"3,0475"
"88,2000";"2,4999";"3,0491"
"88,2100";"2,4999";"3,0508"
"88,2200";"2,4999";"3,0514"
"88,2300";"2,4999";"3,0509"
"88,2400";"2,4999";"3,0503"
"88,2500";"2,4999";"3,0494"
"88,2600";"2,4999";"3,0473"
"88,2700";"2,4999";"3,0467"
"88,2800";"2,4999";"3,0482"
"88,2900";"2,4999";"3,0490"
"88,3000";"2,4999";"3,0487"
"88,3100";"2,4999";"3,0494"
"88,3200";"2,4999";"3,0492"
"88,3300";"2,4999";"3,0487"
"88,3400";"2,4999";"3,0467"
"88,3500";"2,4999";"3,0459"
"88,3600";"2,4999";"3,0470"
"88,3700";"2,4999";"3,0480"
"88,3800";"2,4999";"3,0484"
"88,3900";"2,4999";"3,0478"
"88,4000";"2,4999";"3,0478"
"88,4100";"2,4999";"3,0476"
"88,4200";"2,4999";"3,0467"
"88,4300";"2,4999";"3,0452"
"88,4400";"2,4999";"3,0436"
"88,4500";"2,4999";"3,0434"
"88,4600";"2,4999";"3,0450"
"88,4700";"2,4999";"3,0469"
"88,4800";"2,4999";"3,0486"
"88,4900";"2,4999";"3,0494"
"88,5000";"2,4999";"3,0483"
"88,5100";"2,4999";"3,0475"
"88,5200";"2,4999";"3,0476"
"88,5300";"2,4999";"3,0452"
"88,5400";"2,4999";"3,0424"
"88,5500";"2,4999";"3,0418"
"88,5600";"2,4999";"3,0448"
"88,5700";"2,4999";"3,0476"
"88,5800";"2,4999";"3,0471"
"88,5900";"2,4999";"3,0458"
"88,6000";"2,4999";"3,0454"
"88,6100";"2,4999";"3,0472"
"88,6200";"2,4999";"3,0486"
"88,6300";"2,4999";"3,0473"
"88,6400";"2,4999";"3,0466"
"88,6500";"2,4999";"3,0463"
"88,6600";"2,4999";"3,0462"
"88,6700";"2,4999";"3,0445"
"88,6800";"2,4999";"3,0426"
"88,6900";"2,4999";"3,0425"
"88,7000";"2,4999";"3,0431"
"88,7100";"2,4999";"3,0449"
"88,7200";"2,4999";"3,0468"
"88,7300";"2,4999";"3,0486"
"88,7400";"2,4999";"3,0485"
"88,7500";"2,4999";"3,0467"
"88,7600";"2,4999";"3,0448"
"88,7700";"2,4999";"3,0434"
"88,7800";"2,4999";"3,0414"
"88,7900";"2,4999";"3,0402"
"88,8000";"2,4999";"3,0427"
"88,8100";"2,4999";"3,0461"
"88,8200";"2,4999";"3,0486"
"88,8300";"2,4999";"3,0480"
"88,8400";"2,4999";"3,0477"
"88,8500";"2,4999";"3,0475"
"88,8600";"2,4999";"3,0459"
"88,8700";"2,4999";"3,0429"
"88,8800";"2,4999";"3,0417"
"88,8900";"2,4999";"3,0437"
"88,9000";"2,4999";"3,0463"
"88,9100";"2,4999";"3,0468"
"88,9200";"2,4999";"3,0480"
"88,9300";"2,4999";"3,0489"
"88,9400";"2,4999";"3,0478"
"88,9500";"2,4999";"3,0458"
"88,9600";"2,4999";"3,0447"
"88,9700";"2,4999";"3,0450"
"88,9800";"2,4999";"3,0453"
"88,9900";"2,4999";"3,0437"
"89,0000";"2,4999";"3,0434"
"89,0100";"2,4999";"3,0453"
"89,0200";"2,4999";"3,0469"
"89,0300";"2,4999";"3,0453"
"89,0400";"2,4999";"3,0443"
"89,0500";"2,4999";"3,0459"
"89,0600";"2,4999";"3,0476"
"89,0700";"2,4999";"3,0466"
"89,0800";"2,4999";"3,0452"
"89,0900";"2,4999";"3,0440"
"89,1000";"2,4999";"3,0443"
"89,1100";"2,4999";"3,0440"
"89,1200";"2,4999";"3,0420"
"89,1300";"2,4999";"3,0414"
"89,1400";"2,4999";"3,0421"
"89,1500";"2,4999";"3,0429"
"89,1600";"2,4999";"3,0429"
"89,1700";"2,4999";"3,0436"
"89,1800";"2,4999";"3,0446"
"89,1900";"2,4999";"3,0444"
"89,2000";"2,4999";"3,0435"
"89,2100";"2,4999";"3,0433"
"89,2200";"2,4999";"3,0428"
"89,2300";"2,4999";"3,0430"
"89,2400";"2,4999";"3,0429"
"89,2500";"2,4999";"3,0432"
"89,2600";"2,4999";"3,0447"
"89,2700";"2,4999";"3,0446"
"89,2800";"2,4999";"3,0434"
"89,2900";"2,4999";"3,0425"
"89,3000";"2,4999";"3,0424"
"89,3100";"2,4999";"3,0415"
"89,3200";"2,4999";"3,0407"
"89,3300";"2,4999";"3,0424"
"89,3400";"2,4999";"3,0456"
"89,3500";"2,4999";"3,0470"
"89,3600";"2,4999";"3,0463"
"89,3700";"2,4999";"3,0448"
"89,3800";"2,4999";"3,0443"
"89,3900";"2,4999";"3,0434"
"89,4000";"2,4999";"3,0424"
"89,4100";"2,4999";"3,0426"
"89,4200";"2,4999";"3,0439"
"89,4300";"2,4999";"3,0449"
"89,4400";"2,4999";"3,0439"
"89,4500";"2,4999";"3,0413"
"89,4600";"2,4999";"3,0410"
"89,4700";"2,4999";"3,0422"
"89,4800";"2,4999";"3,0428"
"89,4900";"2,4999";"3,0433"
"89,5000";"2,4999";"3,0432"
"89,5100";"2,4999";"3,0436"
"89,5200";"2,4999";"3,0435"
"89,5300";"2,4999";"3,0420"
"89,5400";"2,4999";"3,0406"
"89,5500";"2,4999";"3,0387"
"89,5600";"2,4999";"3,0377"
"89,5700";"2,4999";"3,0386"
"89,5800";"2,4999";"3,0417"
"89,5900";"2,4999";"3,0425"
"89,6000";"2,4999";"3,0394"
"89,6100";"2,4999";"3,0375"
"89,6200";"2,4999";"3,0396"
"89,6300";"2,4999";"3,0417"
"89,6400";"2,4999";"3,0428"
"89,6500";"2,4999";"3,0432"
"89,6600";"2,4999";"3,0435"
"89,6700";"2,4999";"3,0432"
"89,6800";"2,4999";"3,0417"
"89,6900";"2,4999";"3,0402"
"89,7000";"2,4999";"3,0389"
"89,7100";"2,4999";"3,0388"
"89,7200";"2,4999";"3,0394"
"89,7300";"2,4999";"3,0397"
"89,7400";"2,4999";"3,0406"
"89,7500";"2,4999";"3,0426"
"89,7600";"2,4999";"3,0436"
"89,7700";"2,4999";"3,0437"
"89,7800";"2,4999";"3,0422"
"89,7900";"2,4999";"3,0391"
"89,8000";"2,4999";"3,0361"
"89,8100";"2,4999";"3,0352"
"89,8200";"2,4999";"3,0372"
"89,8300";"2,4999";"3,0400"
"89,8400";"2,4999";"3,0402"
"89,8500";"2,4999";"3,0400"
"89,8600";"2,4999";"3,0424"
"89,8700";"2,4999";"3,0442"
"89,8800";"2,4999";"3,0430"
"89,8900";"2,4999";"3,0394"
"89,9000";"2,4999";"3,0374"
"89,9100";"2,4999";"3,0394"
"89,9200";"2,4999";"3,0406"
"89,9300";"2,4999";"3,0398"
"89,9400";"2,4999";"3,0401"
"89,9500";"2,4999";"3,0418"
"89,9600";"2,4999";"3,0421"
"89,9700";"2,4999";"3,0407"
"89,9800";"2,4999";"3,0400"
"89,9900";"2,4999";"3,0399"
"90,0000";"2,4999";"3,0396"
"90,0100";"2,4999";"3,0400"
"90,0200";"2,4999";"3,0416"
"90,0300";"2,4999";"3,0415"
"90,0400";"2,4999";"3,0388"
"90,0500";"2,4999";"3,0355"
"90,0600";"2,4999";"3,0357"
"90,0700";"2,4999";"3,0384"
"90,0800";"2,4999";"3,0401"
"90,0900";"2,4999";"3,0402"
"90,1000";"2,4999";"3,0398"
"90,1100";"2,4999";"3,0389"
"90,1200";"2,4999";"3,0378"
"90,1300";"2,4999";"3,0359"
"90,1400";"2,4999";"3,0351"
"90,1500";"2,4999";"3,0366"
"90,1600";"2,4999";"3,0390"
"90,1700";"2,4999";"3,0397"
"90,1800";"2,4999";"3,0394"
"90,1900";"2,4999";"3,0399"
"90,2000";"2,4999";"3,0413"
"90,2100";"2,4999";"3,0405"
"90,2200";"2,4999";"3,0377"
"90,2300";"2,4999";"3,0363"
"90,2400";"2,4999";"3,0372"
"90,2500";"2,4999";"3,0384"
"90,2600";"2,4999";"3,0398"
"90,2700";"2,4999";"3,0398"
"90,2800";"2,4999";"3,0386"
"90,2900";"2,4999";"3,0386"
"90,3000";"2,4999";"3,0400"
"90,3100";"2,4999";"3,0410"
"90,3200";"2,4999";"3,0396"
"90,3300";"2,4999";"3,0363"
"90,3400";"2,4999";"3,0346"
"90,3500";"2,4999";"3,0373"
"90,3600";"2,4999";"3,0399"
"90,3700";"2,4999";"3,0394"
"90,3800";"2,4999";"3,0374"
"90,3900";"2,4999";"3,0352"
"90,4000";"2,4999";"3,0338"
"90,4100";"2,4999";"3,0330"
"90,4200";"2,4999";"3,0328"
"90,4300";"2,4999";"3,0339"
"90,4400";"2,4999";"3,0368"
"90,4500";"2,4999";"3,0382"
"90,4600";"2,4999";"3,0381"
"90,4700";"2,4999";"3,0384"
"90,4800";"2,4999";"3,0375"
"90,4900";"2,4999";"3,0349"
"90,5000";"2,4999";"3,0333"
"90,5100";"2,4999";"3,0328"
"90,5200";"2,4999";"3,0354"
"90,5300";"2,4999";"3,0384"
"90,5400";"2,4999";"3,0383"
"90,5500";"2,4999";"3,0372"
"90,5600";"2,4999";"3,0366"
"90,5700";"2,4999";"3,0358"
"90,5800";"2,4999";"3,0351"
"90,5900";"2,4999";"3,0354"
"90,6000";"2,4999";"3,0368"
"90,6100";"2,4999";"3,0384"
"90,6200";"2,4999";"3,0384"
"90,6300";"2,4999";"3,0377"
"90,6400";"2,4999";"3,0371"
"90,6500";"2,4999";"3,0354"
"90,6600";"2,4999";"3,0333"
"90,6700";"2,4999";"3,0328"
"90,6800";"2,4999";"3,0353"
"90,6900";"2,4999";"3,0378"
"90,7000";"2,4999";"3,0374"
"90,7100";"2,4999";"3,0367"
"90,7200";"2,4999";"3,0379"
"90,7300";"2,4999";"3,0397"
"90,7400";"2,4999";"3,0393"
"90,7500";"2,4999";"3,0361"
"90,7600";"2,4999";"3,0340"
"90,7700";"2,4999";"3,0340"
"90,7800";"2,4999";"3,0345"
"90,7900";"2,4999";"3,0353"
"90,8000";"2,4999";"3,0363"
"90,8100";"2,4999";"3,0356"
"90,8200";"2,4999";"3,0342"
"90,8300";"2,4999";"3,0326"
"90,8400";"2,4999";"3,0338"
"90,8500";"2,4999";"3,0340"
"90,8600";"2,4999";"3,0329"
"90,8700";"2,4999";"3,0324"
"90,8800";"2,4999";"3,0335"
"90,8900";"2,4999";"3,0339"
"90,9000";"2,4999";"3,0339"
"90,9100";"2,4999";"3,0340"
"90,9200";"2,4999";"3,0360"
"90,9300";"2,4999";"3,0367"
"90,9400";"2,4999";"3,0356"
"90,9500";"2,4999";"3,0351"
"90,9600";"2,4999";"3,0361"
"90,9700";"2,4999";"3,0364"
"90,9800";"2,4999";"3,0341"
"90,9900";"2,4999";"3,0307"
"91,0000";"2,4999";"3,0297"
"91,0100";"2,4999";"3,0324"
"91,0200";"2,4999";"3,0348"
"91,0300";"2,4999";"3,0349"
"91,0400";"2,4999";"3,0346"
"91,0500";"2,4999";"3,0359"
"91,0600";"2,4999";"3,0359"
"91,0700";"2,4999";"3,0355"
"91,0800";"2,4999";"3,0349"
"91,0900";"2,4999";"3,0338"
"91,1000";"2,4999";"3,0313"
"91,1100";"2,4999";"3,0301"
"91,1200";"2,4999";"3,0321"
"91,1300";"2,4999";"3,0348"
"91,1400";"2,4999";"3,0352"
"91,1500";"2,4999";"3,0334"
"91,1600";"2,4999";"3,0333"
"91,1700";"2,4999";"3,0339"
"91,1800";"2,4999";"3,0343"
"91,1900";"2,4999";"3,0334"
"91,2000";"2,4999";"3,0326"
"91,2100";"2,4999";"3,0340"
"91,2200";"2,4999";"3,0348"
"91,2300";"2,4999";"3,0348"
"91,2400";"2,4999";"3,0333"
"91,2500";"2,4999";"3,0316"
"91,2600";"2,4999";"3,0315"
"91,2700";"2,4999";"3,0307"
"91,2800";"2,4999";"3,0315"
"91,2900";"2,4999";"3,0331"
"91,3000";"2,4999";"3,0337"
"91,3100";"2,4999";"3,0329"
"91,3200";"2,4999";"3,0329"
"91,3300";"2,4999";"3,0337"
"91,3400";"2,4999";"3,0331"
"91,3500";"2,4999";"3,0318"
"91,3600";"2,4999";"3,0324"
"91,3700";"2,4999";"3,0347"
"91,3800";"2,4999";"3,0354"
"91,3900";"2,4999";"3,0334"
"91,4000";"2,4999";"3,0319"
"91,4100";"2,4999";"3,0308"
"91,4200";"2,4999";"3,0309"
"91,4300";"2,4999";"3,0306"
"91,4400";"2,4999";"3,0312"
"91,4500";"2,4999";"3,0346"
"91,4600";"2,4999";"3,0368"
"91,4700";"2,4999";"3,0351"
"91,4800";"2,4999";"3,0314"
"91,4900";"2,4999";"3,0293"
"91,5000";"2,4999";"3,0295"
"91,5100";"2,4999";"3,0305"
"91,5200";"2,4999";"3,0312"
"91,5300";"2,4999";"3,0322"
"91,5400";"2,4999";"3,0333"
"91,5500";"2,4999";"3,0331"
"91,5600";"2,4999";"3,0320"
"91,5700";"2,4999";"3,0319"
"91,5800";"2,4999";"3,0313"
"91,5900";"2,4999";"3,0299"
"91,6000";"2,4999";"3,0284"
"91,6100";"2,4999";"3,0300"
"91,6200";"2,4999";"3,0337"
"91,6300";"2,4999";"3,0355"
"91,6400";"2,4999";"3,0345"
"91,6500";"2,4999";"3,0328"
"91,6600";"2,4999";"3,0318"
"91,6700";"2,4999";"3,0309"
"91,6800";"2,4999";"3,0301"
"91,6900";"2,4999";"3,0306"
"91,7000";"2,4999";"3,0321"
"91,7100";"2,4999";"3,0326"
"91,7200";"2,4999";"3,0310"
"91,7300";"2,4999";"3,0293"
"91,7400";"2,4999";"3,0300"
"91,7500";"2,4999";"3,0303"
"91,7600";"2,4999";"3,0305"
"91,7700";"2,4999";"3,0301"
"91,7800";"2,4999";"3,0320"
"91,7900";"2,4999";"3,0335"
"91,8000";"2,4999";"3,0330"
"91,8100";"2,4999";"3,0327"
"91,8200";"2,4999";"3,0322"
"91,8300";"2,4999";"3,0300"
"91,8400";"2,4999";"3,0286"
"91,8500";"2,4999";"3,0280"
"91,8600";"2,4999";"3,0295"
"91,8700";"2,4999";"3,0305"
"91,8800";"2,4999";"3,0308"
"91,8900";"2,4999";"3,0326"
"91,9000";"2,4999";"3,0351"
"91,9100";"2,4999";"3,0348"
"91,9200";"2,4999";"3,0316"
"91,9300";"2,4999";"3,0288"
"91,9400";"2,4999";"3,0287"
"91,9500";"2,4999";"3,0295"
"91,9600";"2,4999";"3,0291"
"91,9700";"2,4999";"3,0297"
"91,9800";"2,4999";"3,0315"
"91,9900";"2,4999";"3,0337"
"92,0000";"2,4999";"3,0324"
"92,0100";"2,4999";"3,0306"
"92,0200";"2,4999";"3,0303"
"92,0300";"2,4999";"3,0309"
"92,0400";"2,4999";"3,0302"
"92,0500";"2,4999";"3,0299"
"92,0600";"2,4999";"3,0314"
"92,0700";"2,4999";"3,0313"
"92,0800";"2,4999";"3,0296"
"92,0900";"2,4999";"3,0282"
"92,1000";"2,4999";"3,0287"
"92,1100";"2,4999";"3,0289"
"92,1200";"2,4999";"3,0272"
"92,1300";"2,4999";"3,0263"
"92,1400";"2,4999";"3,0274"
"92,1500";"2,4999";"3,0288"
"92,1600";"2,4999";"3,0288"
"92,1700";"2,4999";"3,0267"
"92,1800";"2,4999";"3,0261"
"92,1900";"2,4999";"3,0269"
"92,2000";"2,4999";"3,0274"
"92,2100";"2,4999";"3,0267"
"92,2200";"2,4999";"3,0275"
"92,2300";"2,4999";"3,0297"
"92,2400";"2,4999";"3,0300"
"92,2500";"2,4999";"3,0288"
"92,2600";"2,4999";"3,0294"
"92,2700";"2,4999";"3,0311"
"92,2800";"2,4999";"3,0307"
"92,2900";"2,4999";"3,0282"
"92,3000";"2,4999";"3,0266"
"92,3100";"2,4999";"3,0264"
"92,3200";"2,4999";"3,0282"
"92,3300";"2,4999";"3,0297"
"92,3400";"2,4999";"3,0315"
"92,3500";"2,4999";"3,0313"
"92,3600";"2,4999";"3,0287"
"92,3700";"2,4999";"3,0269"
"92,3800";"2,4999";"3,0288"
"92,3900";"2,4999";"3,0320"
"92,4000";"2,4999";"3,0315"
"92,4100";"2,4999";"3,0284"
"92,4200";"2,4999";"3,0282"
"92,4300";"2,4999";"3,0298"
"92,4400";"2,4999";"3,0296"
"92,4500";"2,4999";"3,0270"
"92,4600";"2,4999";"3,0260"
"92,4700";"2,4999";"3,0275"
"92,4800";"2,4999";"3,0288"
"92,4900";"2,4999";"3,0281"
"92,5000";"2,4999";"3,0252"
"92,5100";"2,4999";"3,0245"
"92,5200";"2,4999";"3,0257"
"92,5300";"2,4999";"3,0270"
"92,5400";"2,4999";"3,0267"
"92,5500";"2,4999";"3,0264"
"92,5600";"2,4999";"3,0266"
"92,5700";"2,4999";"3,0270"
"92,5800";"2,4999";"3,0290"
"92,5900";"2,4999";"3,0301"
"92,6000";"2,4999";"3,0294"
"92,6100";"2,4999";"3,0274"
"92,6200";"2,4999";"3,0267"
"92,6300";"2,4999";"3,0263"
"92,6400";"2,4999";"3,0250"
"92,6500";"2,4999";"3,0233"
"92,6600";"2,4999";"3,0236"
"92,6700";"2,4999";"3,0269"
"92,6800";"2,4999";"3,0303"
"92,6900";"2,4999";"3,0300"
"92,7000";"2,4999";"3,0278"
"92,7100";"2,4999";"3,0267"
"92,7200";"2,4999";"3,0270"
"92,7300";"2,4999";"3,0271"
"92,7400";"2,4999";"3,0273"
"92,7500";"2,4999";"3,0302"
"92,7600";"2,4999";"3,0337"
"92,7700";"2,4999";"3,0345"
"92,7800";"2,4999";"3,0318"
"92,7900";"2,4999";"3,0277"
"92,8000";"2,4999";"3,0248"
"92,8100";"2,4999";"3,0238"
"92,8200";"2,4999";"3,0241"
"92,8300";"2,4999";"3,0257"
"92,8400";"2,4999";"3,0267"
"92,8500";"2,4999";"3,0255"
"92,8600";"2,4999";"3,0241"
"92,8700";"2,4999";"3,0234"
"92,8800";"2,4999";"3,0244"
"92,8900";"2,4999";"3,0241"
"92,9000";"2,4999";"3,0223"
"92,9100";"2,4999";"3,0231"
"92,9200";"2,4999";"3,0249"
"92,9300";"2,4999";"3,0261"
"92,9400";"2,4999";"3,0267"
"92,9500";"2,4999";"3,0276"
"92,9600";"2,4999";"3,0277"
"92,9700";"2,4999";"3,0264"
"92,9800";"2,4999";"3,0239"
"92,9900";"2,4999";"3,0238"
"93,0000";"2,4999";"3,0273"
"93,0100";"2,4999";"3,0301"
"93,0200";"2,4999";"3,0289"
"93,0300";"2,4999";"3,0258"
"93,0400";"2,4999";"3,0237"
"93,0500";"2,4999";"3,0233"
"93,0600";"2,4999";"3,0235"
"93,0700";"2,4999";"3,0235"
"93,0800";"2,4999";"3,0239"
"93,0900";"2,4999";"3,0246"
"93,1000";"2,4999";"3,0251"
"93,1100";"2,4999";"3,0263"
"93,1200";"2,4999";"3,0271"
"93,1300";"2,4999";"3,0257"
"93,1400";"2,4999";"3,0228"
"93,1500";"2,4999";"3,0218"
"93,1600";"2,4999";"3,0237"
"93,1700";"2,4999";"3,0256"
"93,1800";"2,4999";"3,0250"
"93,1900";"2,4999";"3,0251"
"93,2000";"2,4999";"3,0259"
"93,2100";"2,4999";"3,0263"
"93,2200";"2,4999";"3,0253"
"93,2300";"2,4999";"3,0238"
"93,2400";"2,4999";"3,0231"
"93,2500";"2,4999";"3,0222"
"93,2600";"2,4999";"3,0211"
"93,2700";"2,4999";"3,0215"
"93,2800";"2,4999";"3,0248"
"93,2900";"2,4999";"3,0275"
"93,3000";"2,4999";"3,0264"
"93,3100";"2,4999";"3,0235"
"93,3200";"2,4999";"3,0230"
"93,3300";"2,4999";"3,0245"
"93,3400";"2,4999";"3,0250"
"93,3500";"2,4999";"3,0244"
"93,3600";"2,4999";"3,0252"
"93,3700";"2,4999";"3,0263"
"93,3800";"2,4999";"3,0261"
"93,3900";"2,4999";"3,0252"
"93,4000";"2,4999";"3,0237"
"93,4100";"2,4999";"3,0213"
"93,4200";"2,4999";"3,0201"
"93,4300";"2,4999";"3,0209"
"93,4400";"2,4999";"3,0236"
"93,4500";"2,4999";"3,0259"
"93,4600";"2,4999";"3,0241"
"93,4700";"2,4999";"3,0213"
"93,4800";"2,4999";"3,0216"
"93,4900";"2,4999";"3,0230"
"93,5000";"2,4999";"3,0232"
"93,5100";"2,4999";"3,0220"
"93,5200";"2,4999";"3,0219"
"93,5300";"2,4999";"3,0227"
"93,5400";"2,4999";"3,0236"
"93,5500";"2,4999";"3,0236"
"93,5600";"2,4999";"3,0233"
"93,5700";"2,4999";"3,0224"
"93,5800";"2,4999";"3,0224"
"93,5900";"2,4999";"3,0223"
"93,6000";"2,4999";"3,0231"
"93,6100";"2,4999";"3,0242"
"93,6200";"2,4999";"3,0241"
"93,6300";"2,4999";"3,0225"
"93,6400";"2,4999";"3,0220"
"93,6500";"2,4999";"3,0220"
"93,6600";"2,4999";"3,0214"
"93,6700";"2,4999";"3,0211"
"93,6800";"2,4999";"3,0226"
"93,6900";"2,4999";"3,0243"
"93,7000";"2,4999";"3,0225"
"93,7100";"2,4999";"3,0203"
"93,7200";"2,4999";"3,0215"
"93,7300";"2,4999";"3,0241"
"93,7400";"2,4999";"3,0257"
"93,7500";"2,4999";"3,0241"
"93,7600";"2,4999";"3,0223"
"93,7700";"2,4999";"3,0220"
"93,7800";"2,4999";"3,0228"
"93,7900";"2,4999";"3,0230"
"93,8000";"2,4999";"3,0223"
"93,8100";"2,4999";"3,0218"
"93,8200";"2,4999";"3,0221"
"93,8300";"2,4999";"3,0230"
"93,8400";"2,4999";"3,0248"
"93,8500";"2,4999";"3,0249"
"93,8600";"2,4999";"3,0232"
"93,8700";"2,4999";"3,0212"
"93,8800";"2,4999";"3,0198"
"93,8900";"2,4999";"3,0194"
"93,9000";"2,4999";"3,0193"
"93,9100";"2,4999";"3,0186"
"93,9200";"2,4999";"3,0184"
"93,9300";"2,4999";"3,0199"
"93,9400";"2,4999";"3,0216"
"93,9500";"2,4999";"3,0214"
"93,9600";"2,4999";"3,0208"
"93,9700";"2,4999";"3,0209"
"93,9800";"2,4999";"3,0211"
"93,9900";"2,4999";"3,0205"
"94,0000";"2,4999";"3,0202"
"94,0100";"2,4999";"3,0214"
"94,0200";"2,4999";"3,0234"
"94,0300";"2,4999";"3,0233"
"94,0400";"2,4999";"3,0209"
"94,0500";"2,4999";"3,0190"
"94,0600";"2,4999";"3,0196"
"94,0700";"2,4999";"3,0211"
"94,0800";"2,4999";"3,0219"
"94,0900";"2,4999";"3,0212"
"94,1000";"2,4999";"3,0219"
"94,1100";"2,4999";"3,0235"
"94,1200";"2,4999";"3,0229"
"94,1300";"2,4999";"3,0223"
"94,1400";"2,4999";"3,0214"
"94,1500";"2,4999";"3,0196"
"94,1600";"2,4999";"3,0178"
"94,1700";"2,4999";"3,0171"
"94,1800";"2,4999";"3,0197"
"94,1900";"2,4999";"3,0204"
"94,2000";"2,4999";"3,0198"
"94,2100";"2,4999";"3,0203"
"94,2200";"2,4999";"3,0218"
"94,2300";"2,4999";"3,0216"
"94,2400";"2,4999";"3,0193"
"94,2500";"2,4999";"3,0165"
"94,2600";"2,4999";"3,0148"
"94,2700";"2,4999";"3,0141"
"94,2800";"2,4999";"3,0151"
"94,2900";"2,4999";"3,0172"
"94,3000";"2,4999";"3,0199"
"94,3100";"2,4999";"3,0207"
"94,3200";"2,4999";"3,0186"
"94,3300";"2,4999";"3,0176"
"94,3400";"2,4999";"3,0182"
"94,3500";"2,4999";"3,0185"
"94,3600";"2,4999";"3,0179"
"94,3700";"2,4999";"3,0177"
"94,3800";"2,4999";"3,0204"
"94,3900";"2,4999";"3,0213"
"94,4000";"2,4999";"3,0192"
"94,4100";"2,4999";"3,0173"
"94,4200";"2,4999";"3,0177"
"94,4300";"2,4999";"3,0177"
"94,4400";"2,4999";"3,0172"
"94,4500";"2,4999";"3,0190"
"94,4600";"2,4999";"3,0209"
"94,4700";"2,4999";"3,0211"
"94,4800";"2,4999";"3,0201"
"94,4900";"2,4999";"3,0195"
"94,5000";"2,4999";"3,0195"
"94,5100";"2,4999";"3,0194"
"94,5200";"2,4999";"3,0177"
"94,5300";"2,4999";"3,0165"
"94,5400";"2,4999";"3,0173"
"94,5500";"2,4999";"3,0182"
"94,5600";"2,4999";"3,0190"
"94,5700";"2,4999";"3,0188"
"94,5800";"2,4999";"3,0191"
"94,5900";"2,4999";"3,0202"
"94,6000";"2,4999";"3,0198"
"94,6100";"2,4999";"3,0192"
"94,6200";"2,4999";"3,0190"
"94,6300";"2,4999";"3,0199"
"94,6400";"2,4999";"3,0193"
"94,6500";"2,4999";"3,0168"
"94,6600";"2,4999";"3,0153"
"94,6700";"2,4999";"3,0157"
"94,6800";"2,4999";"3,0157"
"94,6900";"2,4999";"3,0152"
"94,7000";"2,4999";"3,0172"
"94,7100";"2,4999";"3,0198"
"94,7200";"2,4999";"3,0200"
"94,7300";"2,4999";"3,0183"
"94,7400";"2,4999";"3,0179"
"94,7500";"2,4999";"3,0192"
"94,7600";"2,4999";"3,0190"
"94,7700";"2,4999";"3,0178"
"94,7800";"2,4999";"3,0167"
"94,7900";"2,4999";"3,0171"
"94,8000";"2,4999";"3,0178"
"94,8100";"2,4999";"3,0182"
"94,8200";"2,4999";"3,0184"
"94,8300";"2,4999";"3,0172"
"94,8400";"2,4999";"3,0168"
"94,8500";"2,4999";"3,0164"
"94,8600";"2,4999";"3,0162"
"94,8700";"2,4999";"3,0167"
"94,8800";"2,4999";"3,0170"
"94,8900";"2,4999";"3,0162"
"94,9000";"2,4999";"3,0164"
"94,9100";"2,4999";"3,0170"
"94,9200";"2,4999";"3,0170"
"94,9300";"2,4999";"3,0160"
"94,9400";"2,4999";"3,0150"
"94,9500";"2,4999";"3,0167"
"94,9600";"2,4999";"3,0170"
"94,9700";"2,4999";"3,0159"
"94,9800";"2,4999";"3,0165"
"94,9900";"2,4999";"3,0184"
"95,0000";"2,4999";"3,0186"
"95,0100";"2,4999";"3,0168"
"95,0200";"2,4999";"3,0151"
"95,0300";"2,4999";"3,0146"
"95,0400";"2,4999";"3,0149"
"95,0500";"2,4999";"3,0139"
"95,0600";"2,4999";"3,0138"
"95,0700";"2,4999";"3,0154"
"95,0800";"2,4999";"3,0177"
"95,0900";"2,4999";"3,0196"
"95,1000";"2,4999";"3,0193"
"95,1100";"2,4999";"3,0188"
"95,1200";"2,4999";"3,0181"
"95,1300";"2,4999";"3,0170"
"95,1400";"2,4999";"3,0156"
"95,1500";"2,4999";"3,0159"
"95,1600";"2,4999";"3,0156"
"95,1700";"2,4999";"3,0145"
"95,1800";"2,4999";"3,0160"
"95,1900";"2,4999";"3,0195"
"95,2000";"2,4999";"3,0205"
"95,2100";"2,4999";"3,0179"
"95,2200";"2,4999";"3,0154"
"95,2300";"2,4999";"3,0165"
"95,2400";"2,4999";"3,0179"
"95,2500";"2,4999";"3,0164"
"95,2600";"2,4999";"3,0134"
"95,2700";"2,4999";"3,0120"
"95,2800";"2,4999";"3,0140"
"95,2900";"2,4999";"3,0146"
"95,3000";"2,4999";"3,0125"
"95,3100";"2,4999";"3,0117"
"95,3200";"2,4999";"3,0132"
"95,3300";"2,4999";"3,0144"
"95,3400";"2,4999";"3,0143"
"95,3500";"2,4999";"3,0134"
"95,3600";"2,4999";"3,0142"
"95,3700";"2,4999";"3,0155"
"95,3800";"2,4999";"3,0153"
"95,3900";"2,4999";"3,0142"
"95,4000";"2,4999";"3,0144"
"95,4100";"2,4999";"3,0144"
"95,4200";"2,4999";"3,0137"
"95,4300";"2,4999";"3,0140"
"95,4400";"2,4999";"3,0140"
"95,4500";"2,4999";"3,0132"
"95,4600";"2,4999";"3,0123"
"95,4700";"2,4999";"3,0147"
"95,4800";"2,4999";"3,0174"
"95,4900";"2,4999";"3,0183"
"95,5000";"2,4999";"3,0163"
"95,5100";"2,4999";"3,0140"
"95,5200";"2,4999";"3,0136"
"95,5300";"2,4999";"3,0138"
"95,5400";"2,4999";"3,0133"
"95,5500";"2,4999";"3,0123"
"95,5600";"2,4999";"3,0121"
"95,5700";"2,4999";"3,0120"
"95,5800";"2,4999";"3,0132"
"95,5900";"2,4999";"3,0135"
"95,6000";"2,4999";"3,0148"
"95,6100";"2,4999";"3,0139"
"95,6200";"2,4999";"3,0112"
"95,6300";"2,4999";"3,0090"
"95,6400";"2,4999";"3,0095"
"95,6500";"2,4999";"3,0114"
"95,6600";"2,4999";"3,0131"
"95,6700";"2,4999";"3,0136"
"95,6800";"2,4999";"3,0137"
"95,6900";"2,4999";"3,0137"
"95,7000";"2,4999";"3,0124"
"95,7100";"2,4999";"3,0120"
"95,7200";"2,4999";"3,0127"
"95,7300";"2,4999";"3,0130"
"95,7400";"2,4999";"3,0128"
"95,7500";"2,4999";"3,0128"
"95,7600";"2,4999";"3,0146"
"95,7700";"2,4999";"3,0150"
"95,7800";"2,4999";"3,0126"
"95,7900";"2,4999";"3,0092"
"95,8000";"2,4999";"3,0095"
"95,8100";"2,4999";"3,0128"
"95,8200";"2,4999";"3,0146"
"95,8300";"2,4999";"3,0136"
"95,8400";"2,4999";"3,0137"
"95,8500";"2,4999";"3,0130"
"95,8600";"2,4999";"3,0114"
"95,8700";"2,4999";"3,0103"
"95,8800";"2,4999";"3,0124"
"95,8900";"2,4999";"3,0153"
"95,9000";"2,4999";"3,0152"
"95,9100";"2,4999";"3,0117"
"95,9200";"2,4999";"3,0100"
"95,9300";"2,4999";"3,0108"
"95,9400";"2,4999";"3,0102"
"95,9500";"2,4999";"3,0094"
"95,9600";"2,4999";"3,0094"
"95,9700";"2,4999";"3,0112"
"95,9800";"2,4999";"3,0128"
"95,9900";"2,4999";"3,0124"
"96,0000";"2,4999";"3,0127"
"96,0100";"2,4999";"3,0140"
"96,0200";"2,4999";"3,0137"
"96,0300";"2,4999";"3,0122"
"96,0400";"2,4999";"3,0129"
"96,0500";"2,4999";"3,0129"
"96,0600";"2,4999";"3,0121"
"96,0700";"2,4999";"3,0113"
"96,0800";"2,4999";"3,0105"
"96,0900";"2,4999";"3,0113"
"96,1000";"2,4999";"3,0124"
"96,1100";"2,4999";"3,0122"
"96,1200";"2,4999";"3,0122"
"96,1300";"2,4999";"3,0118"
"96,1400";"2,4999";"3,0107"
"96,1500";"2,4999";"3,0102"
"96,1600";"2,4999";"3,0110"
"96,1700";"2,4999";"3,0121"
"96,1800";"2,4999";"3,0130"
"96,1900";"2,4999";"3,0129"
"96,2000";"2,4999";"3,0123"
"96,2100";"2,4999";"3,0120"
"96,2200";"2,4999";"3,0105"
"96,2300";"2,4999";"3,0084"
"96,2400";"2,4999";"3,0093"
"96,2500";"2,4999";"3,0114"
"96,2600";"2,4999";"3,0120"
"96,2700";"2,4999";"3,0103"
"96,2800";"2,4999";"3,0097"
"96,2900";"2,4999";"3,0107"
"96,3000";"2,4999";"3,0118"
"96,3100";"2,4999";"3,0113"
"96,3200";"2,4999";"3,0093"
"96,3300";"2,4999";"3,0090"
"96,3400";"2,4999";"3,0115"
"96,3500";"2,4999";"3,0117"
"96,3600";"2,4999";"3,0092"
"96,3700";"2,4999";"3,0062"
"96,3800";"2,4999";"3,0052"
"96,3900";"2,4999";"3,0059"
"96,4000";"2,4999";"3,0074"
"96,4100";"2,4999";"3,0093"
"96,4200";"2,4999";"3,0114"
"96,4300";"2,4999";"3,0125"
"96,4400";"2,4999";"3,0120"
"96,4500";"2,4999";"3,0104"
"96,4600";"2,4999";"3,0095"
"96,4700";"2,4999";"3,0089"
"96,4800";"2,4999";"3,0089"
"96,4900";"2,4999";"3,0091"
"96,5000";"2,4999";"3,0082"
"96,5100";"2,4999";"3,0078"
"96,5200";"2,4999";"3,0087"
"96,5300";"2,4999";"3,0120"
"96,5400";"2,4999";"3,0135"
"96,5500";"2,4999";"3,0117"
"96,5600";"2,4999";"3,0077"
"96,5700";"2,4999";"3,0071"
"96,5800";"2,4999";"3,0101"
"96,5900";"2,4999";"3,0113"
"96,6000";"2,4999";"3,0096"
"96,6100";"2,4999";"3,0086"
"96,6200";"2,4999";"3,0098"
"96,6300";"2,4999";"3,0093"
"96,6400";"2,4999";"3,0085"
"96,6500";"2,4999";"3,0083"
"96,6600";"2,4999";"3,0083"
"96,6700";"2,4999";"3,0076"
"96,6800";"2,4999";"3,0072"
"96,6900";"2,4999";"3,0081"
"96,7000";"2,4999";"3,0106"
"96,7100";"2,4999";"3,0119"
"96,7200";"2,4999";"3,0104"
"96,7300";"2,4999";"3,0089"
"96,7400";"2,4999";"3,0080"
"96,7500";"2,4999";"3,0073"
"96,7600";"2,4999";"3,0072"
"96,7700";"2,4999";"3,0084"
"96,7800";"2,4999";"3,0098"
"96,7900";"2,4999";"3,0081"
"96,8000";"2,4999";"3,0058"
"96,8100";"2,4999";"3,0068"
"96,8200";"2,4999";"3,0092"
"96,8300";"2,4999";"3,0106"
"96,8400";"2,4999";"3,0087"
"96,8500";"2,4999";"3,0068"
"96,8600";"2,4999";"3,0073"
"96,8700";"2,4999";"3,0089"
"96,8800";"2,4999";"3,0090"
"96,8900";"2,4999";"3,0079"
"96,9000";"2,4999";"3,0070"
"96,9100";"2,4999";"3,0067"
"96,9200";"2,4999";"3,0063"
"96,9300";"2,4999";"3,0076"
"96,9400";"2,4999";"3,0092"
"96,9500";"2,4999";"3,0090"
"96,9600";"2,4999";"3,0076"
"96,9700";"2,4999";"3,0070"
"96,9800";"2,4999";"3,0093"
"96,9900";"2,4999";"3,0112"
"97,0000";"2,4999";"3,0108"
"97,0100";"2,4999";"3,0090"
"97,0200";"2,4999";"3,0070"
"97,0300";"2,4999";"3,0063"
"97,0400";"2,4999";"3,0067"
"97,0500";"2,4999";"3,0076"
"97,0600";"2,4999";"3,0081"
"97,0700";"2,4999";"3,0085"
"97,0800";"2,4999";"3,0077"
"97,0900";"2,4999";"3,0067"
"97,1000";"2,4999";"3,0069"
"97,1100";"2,4999";"3,0063"
"97,1200";"2,4999";"3,0050"
"97,1300";"2,4999";"3,0039"
"97,1400";"2,4999";"3,0060"
"97,1500";"2,4999";"3,0102"
"97,1600";"2,4999";"3,0125"
"97,1700";"2,4999";"3,0120"
"97,1800";"2,4999";"3,0113"
"97,1900";"2,4999";"3,0097"
"97,2000";"2,4999";"3,0067"
"97,2100";"2,4999";"3,0049"
"97,2200";"2,4999";"3,0056"
"97,2300";"2,4999";"3,0083"
"97,2400";"2,4999";"3,0089"
"97,2500";"2,4999";"3,0077"
"97,2600";"2,4999";"3,0078"
"97,2700";"2,4999";"3,0086"
"97,2800";"2,4999";"3,0086"
"97,2900";"2,4999";"3,0085"
"97,3000";"2,4999";"3,0078"
"97,3100";"2,4999";"3,0079"
"97,3200";"2,4999";"3,0069"
"97,3300";"2,4999";"3,0045"
"97,3400";"2,4999";"3,0034"
"97,3500";"2,4999";"3,0049"
"97,3600";"2,4999";"3,0064"
"97,3700";"2,4999";"3,0061"
"97,3800";"2,4999";"3,0064"
"97,3900";"2,4999";"3,0066"
"97,4000";"2,4999";"3,0063"
"97,4100";"2,4999";"3,0047"
"97,4200";"2,4999";"3,0031"
"97,4300";"2,4999";"3,0040"
"97,4400";"2,4999";"3,0060"
"97,4500";"2,4999";"3,0075"
"97,4600";"2,4999";"3,0074"
"97,4700";"2,4999";"3,0064"
"97,4800";"2,4999";"3,0055"
"97,4900";"2,4999";"3,0044"
"97,5000";"2,4999";"3,0051"
"97,5100";"2,4999";"3,0068"
"97,5200";"2,4999";"3,0081"
"97,5300";"2,4999";"3,0075"
"97,5400";"2,4999";"3,0079"
"97,5500";"2,4999";"3,0099"
"97,5600";"2,4999";"3,0095"
"97,5700";"2,4999";"3,0050"
"97,5800";"2,4999";"3,0020"
"97,5900";"2,4999";"3,0024"
"97,6000";"2,4999";"3,0040"
"97,6100";"2,4999";"3,0038"
"97,6200";"2,4999";"3,0030"
"97,6300";"2,4999";"3,0033"
"97,6400";"2,4999";"3,0048"
"97,6500";"2,4999";"3,0047"
"97,6600";"2,4999";"3,0034"
"97,6700";"2,4999";"3,0025"
"97,6800";"2,4999";"3,0020"
"97,6900";"2,4999";"3,0021"
"97,7000";"2,4999";"3,0020"
"97,7100";"2,4999";"3,0048"
"97,7200";"2,4999";"3,0072"
"97,7300";"2,4999";"3,0073"
"97,7400";"2,4999";"3,0050"
"97,7500";"2,4999";"3,0033"
"97,7600";"2,4999";"3,0033"
"97,7700";"2,4999";"3,0032"
"97,7800";"2,4999";"3,0037"
"97,7900";"2,4999";"3,0049"
"97,8000";"2,4999";"3,0056"
"97,8100";"2,4999";"3,0054"
"97,8200";"2,4999";"3,0045"
"97,8300";"2,4999";"3,0045"
"97,8400";"2,4999";"3,0065"
"97,8500";"2,4999";"3,0060"
"97,8600";"2,4999";"3,0047"
"97,8700";"2,4999";"3,0042"
"97,8800";"2,4999";"3,0060"
"97,8900";"2,4999";"3,0069"
"97,9000";"2,4999";"3,0047"
"97,9100";"2,4999";"3,0012"
"97,9200";"2,4999";"3,0001"
"97,9300";"2,4999";"3,0002"
"97,9400";"2,4999";"3,0014"
"97,9500";"2,4999";"3,0024"
"97,9600";"2,4999";"3,0034"
"97,9700";"2,4999";"3,0040"
"97,9800";"2,4999";"3,0049"
"97,9900";"2,4999";"3,0060"
"98,0000";"2,4999";"3,0062"
"98,0100";"2,4999";"3,0039"
"98,0200";"2,4999";"3,0010"
"98,0300";"2,4999";"3,0005"
"98,0400";"2,4999";"3,0032"
"98,0500";"2,4999";"3,0052"
"98,0600";"2,4999";"3,0042"
"98,0700";"2,4999";"3,0041"
"98,0800";"2,4999";"3,0054"
"98,0900";"2,4999";"3,0065"
"98,1000";"2,4999";"3,0057"
"98,1100";"2,4999";"3,0043"
"98,1200";"2,4999";"3,0039"
"98,1300";"2,4999";"3,0047"
"98,1400";"2,4999";"3,0039"
"98,1500";"2,4999";"3,0028"
"98,1600";"2,4999";"3,0034"
"98,1700";"2,4999";"3,0036"
"98,1800";"2,4999";"3,0024"
"98,1900";"2,4999";"3,0008"
"98,2000";"2,4999";"3,0014"
"98,2100";"2,4999";"3,0031"
"98,2200";"2,4999";"3,0047"
"98,2300";"2,4999";"3,0046"
"98,2400";"2,4999";"3,0034"
"98,2500";"2,4999";"3,0034"
"98,2600";"2,4999";"3,0034"
"98,2700";"2,4999";"3,0022"
"98,2800";"2,4999";"3,0021"
"98,2900";"2,4999";"3,0020"
"98,3000";"2,4999";"3,0022"
"98,3100";"2,4999";"3,0030"
"98,3200";"2,4999";"3,0049"
"98,3300";"2,4999";"3,0061"
"98,3400";"2,4999";"3,0035"
"98,3500";"2,4999";"2,9986"
"98,3600";"2,4999";"2,9972"
"98,3700";"2,4999";"2,9993"
"98,3800";"2,4999";"3,0047"
"98,3900";"2,4999";"3,0070"
"98,4000";"2,4999";"3,0066"
"98,4100";"2,4999";"3,0069"
"98,4200";"2,4999";"3,0069"
"98,4300";"2,4999";"3,0049"
"98,4400";"2,4999";"3,0020"
"98,4500";"2,4999";"2,9993"
"98,4600";"2,4999";"2,9976"
"98,4700";"2,4999";"2,9978"
"98,4800";"2,4999";"3,0007"
"98,4900";"2,4999";"3,0029"
"98,5000";"2,4999";"3,0035"
"98,5100";"2,4999";"3,0028"
"98,5200";"2,4999";"3,0012"
"98,5300";"2,4999";"3,0007"
"98,5400";"2,4999";"3,0004"
"98,5500";"2,4999";"3,0001"
"98,5600";"2,4999";"3,0013"
"98,5700";"2,4999";"3,0032"
"98,5800";"2,4999";"3,0045"
"98,5900";"2,4999";"3,0033"
"98,6000";"2,4999";"3,0027"
"98,6100";"2,4999";"3,0017"
"98,6200";"2,4999";"3,0005"
"98,6300";"2,4999";"2,9985"
"98,6400";"2,4999";"2,9976"
"98,6500";"2,4999";"2,9996"
"98,6600";"2,4999";"3,0023"
"98,6700";"2,4999";"3,0023"
"98,6800";"2,4999";"3,0004"
"98,6900";"2,4999";"2,9989"
"98,7000";"2,4999";"2,9978"
"98,7100";"2,4999";"2,9978"
"98,7200";"2,4999";"2,9981"
"98,7300";"2,4999";"2,9997"
"98,7400";"2,4999";"3,0016"
"98,7500";"2,4999";"3,0016"
"98,7600";"2,4999";"3,0013"
"98,7700";"2,4999";"3,0014"
"98,7800";"2,4999";"3,0002"
"98,7900";"2,4999";"2,9982"
"98,8000";"2,4999";"2,9961"
"98,8100";"2,4999";"2,9959"
"98,8200";"2,4999";"2,9982"
"98,8300";"2,4999";"2,9993"
"98,8400";"2,4999";"2,9995"
"98,8500";"2,4999";"3,0009"
"98,8600";"2,4999";"3,0027"
"98,8700";"2,4999";"3,0018"
"98,8800";"2,4999";"2,9991"
"98,8900";"2,4999";"2,9988"
"98,9000";"2,4999";"3,0016"
"98,9100";"2,4999";"3,0020"
"98,9200";"2,4999";"3,0005"
"98,9300";"2,4999";"3,0004"
"98,9400";"2,4999";"3,0022"
"98,9500";"2,4999";"3,0024"
"98,9600";"2,4999";"3,0010"
"98,9700";"2,4999";"2,9990"
"98,9800";"2,4999";"2,9988"
"98,9900";"2,4999";"2,9995"
"99,0000";"2,4999";"3,0002"
"99,0100";"2,4999";"3,0007"
"99,0200";"2,4999";"3,0003"
"99,0300";"2,4999";"3,0010"
"99,0400";"2,4999";"3,0017"
"99,0500";"2,4999";"3,0021"
"99,0600";"2,4999";"3,0015"
"99,0700";"2,4999";"3,0003"
"99,0800";"2,4999";"3,0008"
"99,0900";"2,4999";"3,0020"
"99,1000";"2,4999";"3,0036"
"99,1100";"2,4999";"3,0022"
"99,1200";"2,4999";"2,9994"
"99,1300";"2,4999";"2,9991"
"99,1400";"2,4999";"2,9997"
"99,1500";"2,4999";"2,9984"
"99,1600";"2,4999";"2,9964"
"99,1700";"2,4999";"2,9966"
"99,1800";"2,4999";"2,9989"
"99,1900";"2,4999";"3,0014"
"99,2000";"2,4999";"3,0009"
"99,2100";"2,4999";"2,9969"
"99,2200";"2,4999";"2,9940"
"99,2300";"2,4999";"2,9938"
"99,2400";"2,4999";"2,9951"
"99,2500";"2,4999";"2,9983"
"99,2600";"2,4999";"3,0010"
"99,2700";"2,4999";"3,0019"
"99,2800";"2,4999";"3,0011"
"99,2900";"2,4999";"2,9987"
"99,3000";"2,4999";"2,9985"
"99,3100";"2,4999";"2,9983"
"99,3200";"2,4999";"2,9978"
"99,3300";"2,4999";"2,9985"
"99,3400";"2,4999";"2,9998"
"99,3500";"2,4999";"3,0009"
"99,3600";"2,4999";"2,9999"
"99,3700";"2,4999";"2,9998"
"99,3800";"2,4999";"2,9999"
"99,3900";"2,4999";"2,9992"
"99,4000";"2,4999";"2,9971"
"99,4100";"2,4999";"2,9958"
"99,4200";"2,4999";"2,9969"
"99,4300";"2,4999";"3,0001"
"99,4400";"2,4999";"3,0021"
"99,4500";"2,4999";"2,9998"
"99,4600";"2,4999";"2,9969"
"99,4700";"2,4999";"2,9957"
"99,4800";"2,4999";"2,9951"
"99,4900";"2,4999";"2,9952"
"99,5000";"2,4999";"2,9965"
"99,5100";"2,4999";"2,9986"
"99,5200";"2,4999";"2,9994"
"99,5300";"2,4999";"2,9998"
"99,5400";"2,4999";"3,0004"
"99,5500";"2,4999";"3,0004"
"99,5600";"2,4999";"2,9984"
"99,5700";"2,4999";"2,9957"
"99,5800";"2,4999";"2,9954"
"99,5900";"2,4999";"2,9974"
"99,6000";"2,4999";"2,9988"
"99,6100";"2,4999";"2,9982"
"99,6200";"2,4999";"2,9975"
"99,6300";"2,4999";"2,9963"
"99,6400";"2,4999";"2,9959"
"99,6500";"2,4999";"2,9958"
"99,6600";"2,4999";"2,9967"
"99,6700";"2,4999";"2,9990"
"99,6800";"2,4999";"3,0001"
"99,6900";"2,4999";"2,9988"
"99,7000";"2,4999";"2,9967"
"99,7100";"2,4999";"2,9960"
"99,7200";"2,4999";"2,9956"
"99,7300";"2,4999";"2,9952"
"99,7400";"2,4999";"2,9945"
"99,7500";"2,4999";"2,9952"
"99,7600";"2,4999";"2,9964"
"99,7700";"2,4999";"2,9962"
"99,7800";"2,4999";"2,9971"
"99,7900";"2,4999";"2,9990"
"99,8000";"2,4999";"2,9989"
"99,8100";"2,4999";"2,9958"
"99,8200";"2,4999";"2,9938"
"99,8300";"2,4999";"2,9949"
"99,8400";"2,4999";"2,9952"
"99,8500";"2,4999";"2,9942"
"99,8600";"2,4999";"2,9930"
"99,8700";"2,4999";"2,9952"
"99,8800";"2,4999";"2,9971"
"99,8900";"2,4999";"2,9963"
"99,9000";"2,4999";"2,9963"
"99,9100";"2,4999";"2,9971"
"99,9200";"2,4999";"2,9985"
"99,9300";"2,4999";"2,9988"
"99,9400";"2,4999";"2,9975"
"99,9500";"2,4999";"2,9985"
"99,9600";"2,4999";"3,0005"
"99,9700";"2,4999";"3,0012"
"99,9800";"2,4999";"2,9998"
"99,9900";"2,4999";"2,9985"
"100,0000";"2,4999";"2,9971"
"100,0100";"2,4999";"2,9955"
"100,0200";"2,4999";"2,9960"
"100,0300";"2,4999";"2,9963"
"100,0400";"2,4999";"2,9956"
"100,0500";"2,4999";"2,9942"
"100,0600";"2,4999";"2,9936"
"100,0700";"2,4999";"2,9944"
"100,0800";"2,4999";"2,9969"
"100,0900";"2,4999";"2,9972"
"100,1000";"2,4999";"2,9948"
"100,1100";"2,4999";"2,9948"
"100,1200";"2,4999";"2,9954"
"100,1300";"2,4999";"2,9951"
"100,1400";"2,4999";"2,9934"
"100,1500";"2,4999";"2,9913"
"100,1600";"2,4999";"2,9926"
"100,1700";"2,4999";"2,9948"
"100,1800";"2,4999";"2,9955"
"100,1900";"2,4999";"2,9968"
"100,2000";"2,4999";"2,9983"
"100,2100";"2,4999";"2,9979"
"100,2200";"2,4999";"2,9957"
"100,2300";"2,4999";"2,9934"
"100,2400";"2,4999";"2,9934"
"100,2500";"2,4999";"2,9933"
"100,2600";"2,4999";"2,9941"
"100,2700";"2,4999";"2,9945"
"100,2800";"2,4999";"2,9939"
"100,2900";"2,4999";"2,9931"
"100,3000";"2,4999";"2,9936"
"100,3100";"2,4999";"2,9949"
"100,3200";"2,4999";"2,9975"
"100,3300";"2,4999";"2,9977"
"100,3400";"2,4999";"2,9961"
"100,3500";"2,4999";"2,9940"
"100,3600";"2,4999";"2,9934"
"100,3700";"2,4999";"2,9930"
"100,3800";"2,4999";"2,9922"
"100,3900";"2,4999";"2,9918"
"100,4000";"2,4999";"2,9935"
"100,4100";"2,4999";"2,9952"
"100,4200";"2,4999";"2,9947"
"100,4300";"2,4999";"2,9936"
"100,4400";"2,4999";"2,9935"
"100,4500";"2,4999";"2,9943"
"100,4600";"2,4999";"2,9940"
"100,4700";"2,4999";"2,9935"
"100,4800";"2,4999";"2,9953"
"100,4900";"2,4999";"2,9953"
"100,5000";"2,4999";"2,9928"
"100,5100";"2,4999";"2,9910"
"100,5200";"2,4999";"2,9911"
"100,5300";"2,4999";"2,9914"
"100,5400";"2,4999";"2,9909"
"100,5500";"2,4999";"2,9914"
"100,5600";"2,4999";"2,9930"
"100,5700";"2,4999";"2,9935"
"100,5800";"2,4999";"2,9931"
"100,5900";"2,4999";"2,9927"
"100,6000";"2,4999";"2,9920"
"100,6100";"2,4999";"2,9915"
"100,6200";"2,4999";"2,9915"
"100,6300";"2,4999";"2,9925"
"100,6400";"2,4999";"2,9936"
"100,6500";"2,4999";"2,9940"
"100,6600";"2,4999";"2,9928"
"100,6700";"2,4999";"2,9912"
"100,6800";"2,4999";"2,9927"
"100,6900";"2,4999";"2,9949"
"100,7000";"2,4999";"2,9952"
"100,7100";"2,4999";"2,9939"
"100,7200";"2,4999";"2,9937"
"100,7300";"2,4999";"2,9948"
"100,7400";"2,4999";"2,9950"
"100,7500";"2,4999";"2,9944"
"100,7600";"2,4999";"2,9928"
"100,7700";"2,4999";"2,9911"
"100,7800";"2,4999";"2,9903"
"100,7900";"2,4999";"2,9903"
"100,8000";"2,4999";"2,9933"
"100,8100";"2,4999";"2,9958"
"100,8200";"2,4999";"2,9954"
"100,8300";"2,4999";"2,9911"
"100,8400";"2,4999";"2,9886"
"100,8500";"2,4999";"2,9888"
"100,8600";"2,4999";"2,9903"
"100,8700";"2,4999";"2,9913"
"100,8800";"2,4999";"2,9928"
"100,8900";"2,4999";"2,9939"
"100,9000";"2,4999";"2,9950"
"100,9100";"2,4999";"2,9936"
"100,9200";"2,4999";"2,9925"
"100,9300";"2,4999";"2,9920"
"100,9400";"2,4999";"2,9916"
"100,9500";"2,4999";"2,9907"
"100,9600";"2,4999";"2,9904"
"100,9700";"2,4999";"2,9925"
"100,9800";"2,4999";"2,9949"
"100,9900";"2,4999";"2,9940"
"101,0000";"2,4999";"2,9914"
"101,0100";"2,4999";"2,9900"
"101,0200";"2,4999";"2,9903"
"101,0300";"2,4999";"2,9920"
"101,0400";"2,4999";"2,9943"
"101,0500";"2,4999";"2,9943"
"101,0600";"2,4999";"2,9924"
"101,0700";"2,4999";"2,9906"
"101,0800";"2,4999";"2,9912"
"101,0900";"2,4999";"2,9933"
"101,1000";"2,4999";"2,9925"
"101,1100";"2,4999";"2,9896"
"101,1200";"2,4999";"2,9883"
"101,1300";"2,4999";"2,9915"
"101,1400";"2,4999";"2,9957"
"101,1500";"2,4999";"2,9966"
"101,1600";"2,4999";"2,9945"
"101,1700";"2,4999";"2,9920"
"101,1800";"2,4999";"2,9912"
"101,1900";"2,4999";"2,9914"
"101,2000";"2,4999";"2,9913"
"101,2100";"2,4999";"2,9904"
"101,2200";"2,4999";"2,9899"
"101,2300";"2,4999";"2,9906"
"101,2400";"2,4999";"2,9912"
"101,2500";"2,4999";"2,9916"
"101,2600";"2,4999";"2,9898"
"101,2700";"2,4999";"2,9873"
"101,2800";"2,4999";"2,9865"
"101,2900";"2,4999";"2,9885"
"101,3000";"2,4999";"2,9901"
"101,3100";"2,4999";"2,9900"
"101,3200";"2,4999";"2,9897"
"101,3300";"2,4999";"2,9903"
"101,3400";"2,4999";"2,9909"
"101,3500";"2,4999";"2,9899"
"101,3600";"2,4999";"2,9885"
"101,3700";"2,4999";"2,9895"
"101,3800";"2,4999";"2,9908"
"101,3900";"2,4999";"2,9905"
"101,4000";"2,4999";"2,9896"
"101,4100";"2,4999";"2,9908"
"101,4200";"2,4999";"2,9932"
"101,4300";"2,4999";"2,9928"
"101,4400";"2,4999";"2,9885"
"101,4500";"2,4999";"2,9860"
"101,4600";"2,4999";"2,9882"
"101,4700";"2,4999";"2,9911"
"101,4800";"2,4999";"2,9916"
"101,4900";"2,4999";"2,9904"
"101,5000";"2,4999";"2,9899"
"101,5100";"2,4999";"2,9904"
"101,5200";"2,4999";"2,9912"
"101,5300";"2,4999";"2,9907"
"101,5400";"2,4999";"2,9901"
"101,5500";"2,4999";"2,9894"
"101,5600";"2,4999";"2,9886"
"101,5700";"2,4999";"2,9902"
"101,5800";"2,4999";"2,9929"
"101,5900";"2,4999";"2,9937"
"101,6000";"2,4999";"2,9914"
"101,6100";"2,4999";"2,9898"
"101,6200";"2,4999";"2,9897"
"101,6300";"2,4999";"2,9899"
"101,6400";"2,4999";"2,9899"
"101,6500";"2,4999";"2,9901"
"101,6600";"2,4999";"2,9905"
"101,6700";"2,4999";"2,9897"
"101,6800";"2,4999";"2,9886"
"101,6900";"2,4999";"2,9876"
"101,7000";"2,4999";"2,9878"
"101,7100";"2,4999";"2,9885"
"101,7200";"2,4999";"2,9879"
"101,7300";"2,4999";"2,9882"
"101,7400";"2,4999";"2,9903"
"101,7500";"2,4999";"2,9917"
"101,7600";"2,4999";"2,9914"
"101,7700";"2,4999";"2,9898"
"101,7800";"2,4999";"2,9897"
"101,7900";"2,4999";"2,9916"
"101,8000";"2,4999";"2,9926"
"101,8100";"2,4999";"2,9923"
"101,8200";"2,4999";"2,9926"
"101,8300";"2,4999";"2,9927"
"101,8400";"2,4999";"2,9909"
"101,8500";"2,4999";"2,9878"
"101,8600";"2,4999";"2,9862"
"101,8700";"2,4999";"2,9856"
"101,8800";"2,4999";"2,9860"
"101,8900";"2,4999";"2,9873"
"101,9000";"2,4999";"2,9910"
"101,9100";"2,4999";"2,9940"
"101,9200";"2,4999";"2,9934"
"101,9300";"2,4999";"2,9910"
"101,9400";"2,4999";"2,9890"
"101,9500";"2,4999";"2,9895"
"101,9600";"2,4999";"2,9908"
"101,9700";"2,4999";"2,9910"
"101,9800";"2,4999";"2,9921"
"101,9900";"2,4999";"2,9909"
"102,0000";"2,4999";"2,9898"
"102,0100";"2,4999";"2,9893"
"102,0200";"2,4999";"2,9889"
"102,0300";"2,4999";"2,9888"
"102,0400";"2,4999";"2,9881"
"102,0500";"2,4999";"2,9880"
"102,0600";"2,4999";"2,9893"
"102,0700";"2,4999";"2,9914"
"102,0800";"2,4999";"2,9923"
"102,0900";"2,4999";"2,9917"
"102,1000";"2,4999";"2,9895"
"102,1100";"2,4999";"2,9876"
"102,1200";"2,4999";"2,9854"
"102,1300";"2,4999";"2,9847"
"102,1400";"2,4999";"2,9865"
"102,1500";"2,4999";"2,9883"
"102,1600";"2,4999";"2,9896"
"102,1700";"2,4999";"2,9899"
"102,1800";"2,4999";"2,9912"
"102,1900";"2,4999";"2,9925"
"102,2000";"2,4999";"2,9901"
"102,2100";"2,4999";"2,9854"
"102,2200";"2,4999";"2,9843"
"102,2300";"2,4999";"2,9874"
"102,2400";"2,4999";"2,9899"
"102,2500";"2,4999";"2,9900"
"102,2600";"2,4999";"2,9888"
"102,2700";"2,4999";"2,9871"
"102,2800";"2,4999";"2,9862"
"102,2900";"2,4999";"2,9849"
"102,3000";"2,4999";"2,9841"
"102,3100";"2,4999";"2,9845"
"102,3200";"2,4999";"2,9863"
"102,3300";"2,4999";"2,9860"
"102,3400";"2,4999";"2,9858"
"102,3500";"2,4999";"2,9869"
"102,3600";"2,4999";"2,9873"
"102,3700";"2,4999";"2,9861"
"102,3800";"2,4999";"2,9853"
"102,3900";"2,4999";"2,9871"
"102,4000";"2,4999";"2,9887"
"102,4100";"2,4999";"2,9898"
"102,4200";"2,4999";"2,9902"
"102,4300";"2,4999";"2,9909"
"102,4400";"2,4999";"2,9894"
"102,4500";"2,4999";"2,9859"
"102,4600";"2,4999";"2,9839"
"102,4700";"2,4999";"2,9851"
"102,4800";"2,4999";"2,9880"
"102,4900";"2,4999";"2,9890"
"102,5000";"2,4999";"2,9880"
"102,5100";"2,4999";"2,9875"
"102,5200";"2,4999";"2,9876"
"102,5300";"2,4999";"2,9887"
"102,5400";"2,4999";"2,9894"
"102,5500";"2,4999";"2,9879"
"102,5600";"2,4999";"2,9863"
"102,5700";"2,4999";"2,9866"
"102,5800";"2,4999";"2,9883"
"102,5900";"2,4999";"2,9899"
"102,6000";"2,4999";"2,9898"
"102,6100";"2,4999";"2,9873"
"102,6200";"2,4999";"2,9844"
"102,6300";"2,4999";"2,9845"
"102,6400";"2,4999";"2,9850"
"102,6500";"2,4999";"2,9827"
"102,6600";"2,4999";"2,9811"
"102,6700";"2,4999";"2,9826"
"102,6800";"2,4999";"2,9869"
"102,6900";"2,4999";"2,9889"
"102,7000";"2,4999";"2,9863"
"102,7100";"2,4999";"2,9828"
"102,7200";"2,4999";"2,9828"
"102,7300";"2,4999";"2,9844"
"102,7400";"2,4999";"2,9853"
"102,7500";"2,4999";"2,9860"
"102,7600";"2,4999";"2,9870"
"102,7700";"2,4999";"2,9870"
"102,7800";"2,4999";"2,9863"
"102,7900";"2,4999";"2,9853"
"102,8000";"2,4999";"2,9849"
"102,8100";"2,4999";"2,9846"
"102,8200";"2,4999";"2,9849"
"102,8300";"2,4999";"2,9854"
"102,8400";"2,4999";"2,9865"
"102,8500";"2,4999";"2,9876"
"102,8600";"2,4999";"2,9868"
"102,8700";"2,4999";"2,9862"
"102,8800";"2,4999";"2,9853"
"102,8900";"2,4999";"2,9830"
"102,9000";"2,4999";"2,9817"
"102,9100";"2,4999";"2,9835"
"102,9200";"2,4999";"2,9861"
"102,9300";"2,4999";"2,9872"
"102,9400";"2,4999";"2,9863"
"102,9500";"2,4999";"2,9859"
"102,9600";"2,4999";"2,9869"
"102,9700";"2,4999";"2,9875"
"102,9800";"2,4999";"2,9862"
"102,9900";"2,4999";"2,9834"
"103,0000";"2,4999";"2,9834"
"103,0100";"2,4999";"2,9867"
"103,0200";"2,4999";"2,9899"
"103,0300";"2,4999";"2,9896"
"103,0400";"2,4999";"2,9875"
"103,0500";"2,4999";"2,9859"
"103,0600";"2,4999";"2,9845"
"103,0700";"2,4999";"2,9834"
"103,0800";"2,4999";"2,9843"
"103,0900";"2,4999";"2,9837"
"103,1000";"2,4999";"2,9837"
"103,1100";"2,4999";"2,9833"
"103,1200";"2,4999";"2,9830"
"103,1300";"2,4999";"2,9833"
"103,1400";"2,4999";"2,9837"
"103,1500";"2,4999";"2,9843"
"103,1600";"2,4999";"2,9850"
"103,1700";"2,4999";"2,9848"
"103,1800";"2,4999";"2,9835"
"103,1900";"2,4999";"2,9822"
"103,2000";"2,4999";"2,9836"
"103,2100";"2,4999";"2,9845"
"103,2200";"2,4999";"2,9839"
"103,2300";"2,4999";"2,9827"
"103,2400";"2,4999";"2,9830"
"103,2500";"2,4999";"2,9841"
"103,2600";"2,4999";"2,9849"
"103,2700";"2,4999";"2,9855"
"103,2800";"2,4999";"2,9860"
"103,2900";"2,4999";"2,9871"
"103,3000";"2,4999";"2,9872"
"103,3100";"2,4999";"2,9851"
"103,3200";"2,4999";"2,9833"
"103,3300";"2,4999";"2,9835"
"103,3400";"2,4999";"2,9833"
"103,3500";"2,4999";"2,9819"
"103,3600";"2,4999";"2,9821"
"103,3700";"2,4999";"2,9839"
"103,3800";"2,4999";"2,9848"
"103,3900";"2,4999";"2,9857"
"103,4000";"2,4999";"2,9849"
"103,4100";"2,4999";"2,9841"
"103,4200";"2,4999";"2,9844"
"103,4300";"2,4999";"2,9839"
"103,4400";"2,4999";"2,9835"
"103,4500";"2,4999";"2,9847"
"103,4600";"2,4999";"2,9852"
"103,4700";"2,4999";"2,9831"
"103,4800";"2,4999";"2,9806"
"103,4900";"2,4999";"2,9811"
"103,5000";"2,4999";"2,9826"
"103,5100";"2,4999";"2,9826"
"103,5200";"2,4999";"2,9809"
"103,5300";"2,4999";"2,9812"
"103,5400";"2,4999";"2,9833"
"103,5500";"2,4999";"2,9840"
"103,5600";"2,4999";"2,9840"
"103,5700";"2,4999";"2,9837"
"103,5800";"2,4999";"2,9834"
"103,5900";"2,4999";"2,9835"
"103,6000";"2,4999";"2,9839"
"103,6100";"2,4999";"2,9844"
"103,6200";"2,4999";"2,9844"
"103,6300";"2,4999";"2,9835"
"103,6400";"2,4999";"2,9823"
"103,6500";"2,4999";"2,9820"
"103,6600";"2,4999";"2,9819"
"103,6700";"2,4999";"2,9813"
"103,6800";"2,4999";"2,9807"
"103,6900";"2,4999";"2,9802"
"103,7000";"2,4999";"2,9788"
"103,7100";"2,4999";"2,9789"
"103,7200";"2,4999";"2,9797"
"103,7300";"2,4999";"2,9814"
"103,7400";"2,4999";"2,9831"
"103,7500";"2,4999";"2,9822"
"103,7600";"2,4999";"2,9795"
"103,7700";"2,4999";"2,9806"
"103,7800";"2,4999";"2,9837"
"103,7900";"2,4999";"2,9843"
"103,8000";"2,4999";"2,9827"
"103,8100";"2,4999";"2,9815"
"103,8200";"2,4999";"2,9811"
"103,8300";"2,4999";"2,9812"
"103,8400";"2,4999";"2,9801"
"103,8500";"2,4999";"2,9793"
"103,8600";"2,4999";"2,9794"
"103,8700";"2,4999";"2,9810"
"103,8800";"2,4999";"2,9820"
"103,8900";"2,4999";"2,9829"
"103,9000";"2,4999";"2,9835"
"103,9100";"2,4999";"2,9819"
"103,9200";"2,4999";"2,9794"
"103,9300";"2,4999";"2,9784"
"103,9400";"2,4999";"2,9809"
"103,9500";"2,4999";"2,9824"
"103,9600";"2,4999";"2,9817"
"103,9700";"2,4999";"2,9812"
"103,9800";"2,4999";"2,9831"
"103,9900";"2,4999";"2,9847"
"104,0000";"2,4999";"2,9833"
"104,0100";"2,4999";"2,9812"
"104,0200";"2,4999";"2,9815"
"104,0300";"2,4999";"2,9822"
"104,0400";"2,4999";"2,9816"
"104,0500";"2,4999";"2,9811"
"104,0600";"2,4999";"2,9816"
"104,0700";"2,4999";"2,9818"
"104,0800";"2,4999";"2,9806"
"104,0900";"2,4999";"2,9788"
"104,1000";"2,4999";"2,9792"
"104,1100";"2,4999";"2,9817"
"104,1200";"2,4999";"2,9835"
"104,1300";"2,4999";"2,9836"
"104,1400";"2,4999";"2,9825"
"104,1500";"2,4999";"2,9800"
"104,1600";"2,4999";"2,9784"
"104,1700";"2,4999";"2,9780"
"104,1800";"2,4999";"2,9788"
"104,1900";"2,4999";"2,9788"
"104,2000";"2,4999";"2,9785"
"104,2100";"2,4999";"2,9795"
"104,2200";"2,4999";"2,9824"
"104,2300";"2,4999";"2,9841"
"104,2400";"2,4999";"2,9822"
"104,2500";"2,4999";"2,9775"
"104,2600";"2,4999";"2,9750"
"104,2700";"2,4999";"2,9777"
"104,2800";"2,4999";"2,9791"
"104,2900";"2,4999";"2,9792"
"104,3000";"2,4999";"2,9802"
"104,3100";"2,4999";"2,9819"
"104,3200";"2,4999";"2,9830"
"104,3300";"2,4999";"2,9818"
"104,3400";"2,4999";"2,9806"
"104,3500";"2,4999";"2,9797"
"104,3600";"2,4999";"2,9785"
"104,3700";"2,4999";"2,9779"
"104,3800";"2,4999";"2,9786"
"104,3900";"2,4999";"2,9813"
"104,4000";"2,4999";"2,9826"
"104,4100";"2,4999";"2,9814"
"104,4200";"2,4999";"2,9793"
"104,4300";"2,4999";"2,9773"
"104,4400";"2,4999";"2,9767"
"104,4500";"2,4999";"2,9771"
"104,4600";"2,4999";"2,9790"
"104,4700";"2,4999";"2,9808"
"104,4800";"2,4999";"2,9809"
"104,4900";"2,4999";"2,9800"
"104,5000";"2,4999";"2,9798"
"104,5100";"2,4999";"2,9804"
"104,5200";"2,4999";"2,9791"
"104,5300";"2,4999";"2,9767"
"104,5400";"2,4999";"2,9783"
"104,5500";"2,4999";"2,9823"
"104,5600";"2,4999";"2,9843"
"104,5700";"2,4999";"2,9827"
"104,5800";"2,4999";"2,9798"
"104,5900";"2,4999";"2,9785"
"104,6000";"2,4999";"2,9782"
"104,6100";"2,4999";"2,9792"
"104,6200";"2,4999";"2,9807"
"104,6300";"2,4999";"2,9824"
"104,6400";"2,4999";"2,9830"
"104,6500";"2,4999";"2,9827"
"104,6600";"2,4999";"2,9825"
"104,6700";"2,4999";"2,9826"
"104,6800";"2,4999";"2,9817"
"104,6900";"2,4999";"2,9798"
"104,7000";"2,4999";"2,9783"
"104,7100";"2,4999";"2,9794"
"104,7200";"2,4999";"2,9790"
"104,7300";"2,4999";"2,9771"
"104,7400";"2,4999";"2,9770"
"104,7500";"2,4999";"2,9791"
"104,7600";"2,4999";"2,9795"
"104,7700";"2,4999";"2,9781"
"104,7800";"2,4999";"2,9770"
"104,7900";"2,4999";"2,9782"
"104,8000";"2,4999";"2,9796"
"104,8100";"2,4999";"2,9793"
"104,8200";"2,4999";"2,9776"
"104,8300";"2,4999";"2,9784"
"104,8400";"2,4999";"2,9794"
"104,8500";"2,4999";"2,9783"
"104,8600";"2,4999";"2,9765"
"104,8700";"2,4999";"2,9766"
"104,8800";"2,4999";"2,9768"
"104,8900";"2,4999";"2,9779"
"104,9000";"2,4999";"2,9788"
"104,9100";"2,4999";"2,9799"
"104,9200";"2,4999";"2,9797"
"104,9300";"2,4999";"2,9779"
"104,9400";"2,4999";"2,9773"
"104,9500";"2,4999";"2,9776"
"104,9600";"2,4999";"2,9780"
"104,9700";"2,4999";"2,9777"
"104,9800";"2,4999";"2,9775"
"104,9900";"2,4999";"2,9781"
"105,0000";"2,4999";"2,9785"
"105,0100";"2,4999";"2,9785"
"105,0200";"2,4999";"2,9768"
"105,0300";"2,4999";"2,9759"
"105,0400";"2,4999";"2,9781"
"105,0500";"2,4999";"2,9799"
"105,0600";"2,4999";"2,9789"
"105,0700";"2,4999";"2,9778"
"105,0800";"2,4999";"2,9784"
"105,0900";"2,4999";"2,9786"
"105,1000";"2,4999";"2,9780"
"105,1100";"2,4999";"2,9760"
"105,1200";"2,4999";"2,9754"
"105,1300";"2,4999";"2,9765"
"105,1400";"2,4999";"2,9788"
"105,1500";"2,4999";"2,9801"
"105,1600";"2,4999";"2,9799"
"105,1700";"2,4999";"2,9780"
"105,1800";"2,4999";"2,9755"
"105,1900";"2,4999";"2,9749"
"105,2000";"2,4999";"2,9747"
"105,2100";"2,4999";"2,9738"
"105,2200";"2,4999";"2,9737"
"105,2300";"2,4999";"2,9750"
"105,2400";"2,4999";"2,9778"
"105,2500";"2,4999";"2,9790"
"105,2600";"2,4999";"2,9775"
"105,2700";"2,4999";"2,9765"
"105,2800";"2,4999";"2,9769"
"105,2900";"2,4999";"2,9782"
"105,3000";"2,4999";"2,9784"
"105,3100";"2,4999";"2,9780"
"105,3200";"2,4999";"2,9794"
"105,3300";"2,4999";"2,9814"
"105,3400";"2,4999";"2,9812"
"105,3500";"2,4999";"2,9784"
"105,3600";"2,4999";"2,9765"
"105,3700";"2,4999";"2,9758"
"105,3800";"2,4999";"2,9755"
"105,3900";"2,4999";"2,9761"
"105,4000";"2,4999";"2,9768"
"105,4100";"2,4999";"2,9774"
"105,4200";"2,4999";"2,9787"
"105,4300";"2,4999";"2,9796"
"105,4400";"2,4999";"2,9797"
"105,4500";"2,4999";"2,9776"
"105,4600";"2,4999";"2,9745"
"105,4700";"2,4999";"2,9728"
"105,4800";"2,4999";"2,9735"
"105,4900";"2,4999";"2,9755"
"105,5000";"2,4999";"2,9758"
"105,5100";"2,4999";"2,9753"
"105,5200";"2,4999";"2,9747"
"105,5300";"2,4999";"2,9753"
"105,5400";"2,4999";"2,9756"
"105,5500";"2,4999";"2,9748"
"105,5600";"2,4999";"2,9742"
"105,5700";"2,4999";"2,9749"
"105,5800";"2,4999";"2,9752"
"105,5900";"2,4999";"2,9742"
"105,6000";"2,4999";"2,9746"
"105,6100";"2,4999";"2,9761"
"105,6200";"2,4999";"2,9772"
"105,6300";"2,4999";"2,9781"
"105,6400";"2,4999";"2,9773"
"105,6500";"2,4999";"2,9765"
"105,6600";"2,4999";"2,9758"
"105,6700";"2,4999";"2,9748"
"105,6800";"2,4999";"2,9754"
"105,6900";"2,4999";"2,9763"
"105,7000";"2,4999";"2,9759"
"105,7100";"2,4999";"2,9761"
"105,7200";"2,4999";"2,9768"
"105,7300";"2,4999";"2,9780"
"105,7400";"2,4999";"2,9797"
"105,7500";"2,4999";"2,9786"
"105,7600";"2,4999";"2,9768"
"105,7700";"2,4999";"2,9767"
"105,7800";"2,4999";"2,9769"
"105,7900";"2,4999";"2,9756"
"105,8000";"2,4999";"2,9750"
"105,8100";"2,4999";"2,9748"
"105,8200";"2,4999";"2,9769"
"105,8300";"2,4999";"2,9781"
"105,8400";"2,4999";"2,9775"
"105,8500";"2,4999";"2,9777"
"105,8600";"2,4999";"2,9778"
"105,8700";"2,4999";"2,9761"
"105,8800";"2,4999";"2,9746"
"105,8900";"2,4999";"2,9740"
"105,9000";"2,4999";"2,9752"
"105,9100";"2,4999";"2,9754"
"105,9200";"2,4999";"2,9747"
"105,9300";"2,4999";"2,9753"
"105,9400";"2,4999";"2,9766"
"105,9500";"2,4999";"2,9771"
"105,9600";"2,4999";"2,9761"
"105,9700";"2,4999";"2,9760"
"105,9800";"2,4999";"2,9755"
"105,9900";"2,4999";"2,9751"
"106,0000";"2,4999";"2,9759"
"106,0100";"2,4999";"2,9770"
"106,0200";"2,4999";"2,9768"
"106,0300";"2,4999";"2,9763"
"106,0400";"2,4999";"2,9756"
"106,0500";"2,4999";"2,9743"
"106,0600";"2,4999";"2,9731"
"106,0700";"2,4999";"2,9702"
"106,0800";"2,4999";"2,9701"
"106,0900";"2,4999";"2,9718"
"106,1000";"2,4999";"2,9757"
"106,1100";"2,4999";"2,9764"
"106,1200";"2,4999";"2,9751"
"106,1300";"2,4999";"2,9736"
"106,1400";"2,4999";"2,9739"
"106,1500";"2,4999";"2,9743"
"106,1600";"2,4999";"2,9740"
"106,1700";"2,4999";"2,9734"
"106,1800";"2,4999";"2,9729"
"106,1900";"2,4999";"2,9728"
"106,2000";"2,4999";"2,9739"
"106,2100";"2,4999";"2,9749"
"106,2200";"2,4999";"2,9744"
"106,2300";"2,4999";"2,9727"
"106,2400";"2,4999";"2,9719"
"106,2500";"2,4999";"2,9723"
"106,2600";"2,4999";"2,9738"
"106,2700";"2,4999";"2,9732"
"106,2800";"2,4999";"2,9710"
"106,2900";"2,4999";"2,9704"
"106,3000";"2,4999";"2,9714"
"106,3100";"2,4999";"2,9722"
"106,3200";"2,4999";"2,9708"
"106,3300";"2,4999";"2,9701"
"106,3400";"2,4999";"2,9732"
"106,3500";"2,4999";"2,9755"
"106,3600";"2,4999";"2,9741"
"106,3700";"2,4999";"2,9721"
"106,3800";"2,4999";"2,9726"
"106,3900";"2,4999";"2,9748"
"106,4000";"2,4999";"2,9752"
"106,4100";"2,4999";"2,9747"
"106,4200";"2,4999";"2,9746"
"106,4300";"2,4999";"2,9747"
"106,4400";"2,4999";"2,9738"
"106,4500";"2,4999";"2,9730"
"106,4600";"2,4999";"2,9725"
"106,4700";"2,4999";"2,9733"
"106,4800";"2,4999";"2,9735"
"106,4900";"2,4999";"2,9734"
"106,5000";"2,4999";"2,9747"
"106,5100";"2,4999";"2,9745"
"106,5200";"2,4999";"2,9723"
"106,5300";"2,4999";"2,9706"
"106,5400";"2,4999";"2,9712"
"106,5500";"2,4999";"2,9732"
"106,5600";"2,4999";"2,9735"
"106,5700";"2,4999";"2,9731"
"106,5800";"2,4999";"2,9736"
"106,5900";"2,4999";"2,9746"
"106,6000";"2,4999";"2,9738"
"106,6100";"2,4999";"2,9734"
"106,6200";"2,4999";"2,9740"
"106,6300";"2,4999";"2,9752"
"106,6400";"2,4999";"2,9743"
"106,6500";"2,4999";"2,9732"
"106,6600";"2,4999";"2,9725"
"106,6700";"2,4999";"2,9734"
"106,6800";"2,4999";"2,9749"
"106,6900";"2,4999";"2,9762"
"106,7000";"2,4999";"2,9759"
"106,7100";"2,4999";"2,9740"
"106,7200";"2,4999";"2,9712"
"106,7300";"2,4999";"2,9694"
"106,7400";"2,4999";"2,9714"
"106,7500";"2,4999";"2,9732"
"106,7600";"2,4999";"2,9726"
"106,7700";"2,4999";"2,9713"
"106,7800";"2,4999";"2,9726"
"106,7900";"2,4999";"2,9746"
"106,8000";"2,4999";"2,9738"
"106,8100";"2,4999";"2,9717"
"106,8200";"2,4999";"2,9708"
"106,8300";"2,4999";"2,9725"
"106,8400";"2,4999";"2,9745"
"106,8500";"2,4999";"2,9754"
"106,8600";"2,4999";"2,9758"
"106,8700";"2,4999";"2,9759"
"106,8800";"2,4999";"2,9741"
"106,8900";"2,4999";"2,9709"
"106,9000";"2,4999";"2,9708"
"106,9100";"2,4999";"2,9736"
"106,9200";"2,4999";"2,9757"
"106,9300";"2,4999";"2,9755"
"106,9400";"2,4999";"2,9739"
"106,9500";"2,4999";"2,9738"
"106,9600";"2,4999";"2,9736"
"106,9700";"2,4999";"2,9723"
"106,9800";"2,4999";"2,9706"
"106,9900";"2,4999";"2,9698"
"107,0000";"2,4999";"2,9688"
"107,0100";"2,4999";"2,9689"
"107,0200";"2,4999";"2,9708"
"107,0300";"2,4999";"2,9734"
"107,0400";"2,4999";"2,9747"
"107,0500";"2,4999";"2,9730"
"107,0600";"2,4999";"2,9717"
"107,0700";"2,4999";"2,9720"
"107,0800";"2,4999";"2,9726"
"107,0900";"2,4999";"2,9701"
"107,1000";"2,4999";"2,9681"
"107,1100";"2,4999";"2,9678"
"107,1200";"2,4999";"2,9697"
"107,1300";"2,4999";"2,9723"
"107,1400";"2,4999";"2,9737"
"107,1500";"2,4999";"2,9737"
"107,1600";"2,4999";"2,9727"
"107,1700";"2,4999";"2,9718"
"107,1800";"2,4999";"2,9706"
"107,1900";"2,4999";"2,9700"
"107,2000";"2,4999";"2,9703"
"107,2100";"2,4999";"2,9707"
"107,2200";"2,4999";"2,9716"
"107,2300";"2,4999";"2,9721"
"107,2400";"2,4999";"2,9722"
"107,2500";"2,4999";"2,9720"
"107,2600";"2,4999";"2,9706"
"107,2700";"2,4999";"2,9707"
"107,2800";"2,4999";"2,9704"
"107,2900";"2,4999";"2,9702"
"107,3000";"2,4999";"2,9703"
"107,3100";"2,4999";"2,9718"
"107,3200";"2,4999";"2,9719"
"107,3300";"2,4999";"2,9691"
"107,3400";"2,4999";"2,9674"
"107,3500";"2,4999";"2,9676"
"107,3600";"2,4999";"2,9690"
"107,3700";"2,4999";"2,9701"
"107,3800";"2,4999";"2,9698"
"107,3900";"2,4999";"2,9699"
"107,4000";"2,4999";"2,9714"
"107,4100";"2,4999";"2,9723"
"107,4200";"2,4999";"2,9720"
"107,4300";"2,4999";"2,9714"
"107,4400";"2,4999";"2,9714"
"107,4500";"2,4999";"2,9707"
"107,4600";"2,4999";"2,9703"
"107,4700";"2,4999";"2,9719"
"107,4800";"2,4999";"2,9727"
"107,4900";"2,4999";"2,9712"
"107,5000";"2,4999";"2,9683"
"107,5100";"2,4999";"2,9680"
"107,5200";"2,4999";"2,9694"
"107,5300";"2,4999";"2,9701"
"107,5400";"2,4999";"2,9692"
"107,5500";"2,4999";"2,9679"
"107,5600";"2,4999";"2,9700"
"107,5700";"2,4999";"2,9718"
"107,5800";"2,4999";"2,9709"
"107,5900";"2,4999";"2,9695"
"107,6000";"2,4999";"2,9682"
"107,6100";"2,4999";"2,9676"
"107,6200";"2,4999";"2,9681"
"107,6300";"2,4999";"2,9699"
"107,6400";"2,4999";"2,9724"
"107,6500";"2,4999";"2,9735"
"107,6600";"2,4999";"2,9715"
"107,6700";"2,4999";"2,9690"
"107,6800";"2,4999";"2,9694"
"107,6900";"2,4999";"2,9695"
"107,7000";"2,4999";"2,9694"
"107,7100";"2,4999";"2,9692"
"107,7200";"2,4999";"2,9700"
"107,7300";"2,4999";"2,9708"
"107,7400";"2,4999";"2,9713"
"107,7500";"2,4999";"2,9716"
"107,7600";"2,4999";"2,9715"
"107,7700";"2,4999";"2,9697"
"107,7800";"2,4999";"2,9667"
"107,7900";"2,4999";"2,9647"
"107,8000";"2,4999";"2,9665"
"107,8100";"2,4999";"2,9699"
"107,8200";"2,4999";"2,9711"
"107,8300";"2,4999";"2,9697"
"107,8400";"2,4999";"2,9688"
"107,8500";"2,4999";"2,9691"
"107,8600";"2,4999";"2,9698"
"107,8700";"2,4999";"2,9697"
"107,8800";"2,4999";"2,9703"
"107,8900";"2,4999";"2,9716"
"107,9000";"2,4999";"2,9715"
"107,9100";"2,4999";"2,9707"
"107,9200";"2,4999";"2,9713"
"107,9300";"2,4999";"2,9734"
"107,9400";"2,4999";"2,9738"
"107,9500";"2,4999";"2,9712"
"107,9600";"2,4999";"2,9686"
"107,9700";"2,4999";"2,9680"
"107,9800";"2,4999";"2,9690"
"107,9900";"2,4999";"2,9700"
"108,0000";"2,4999";"2,9707"
"108,0100";"2,4999";"2,9697"
"108,0200";"2,4999";"2,9680"
"108,0300";"2,4999";"2,9686"
"108,0400";"2,4999";"2,9704"
"108,0500";"2,4999";"2,9722"
"108,0600";"2,4999";"2,9715"
"108,0700";"2,4999";"2,9693"
"108,0800";"2,4999";"2,9685"
"108,0900";"2,4999";"2,9697"
"108,1000";"2,4999";"2,9711"
"108,1100";"2,4999";"2,9699"
"108,1200";"2,4999";"2,9690"
"108,1300";"2,4999";"2,9698"
"108,1400";"2,4999";"2,9700"
"108,1500";"2,4999";"2,9690"
"108,1600";"2,4999";"2,9686"
"108,1700";"2,4999";"2,9698"
"108,1800";"2,4999";"2,9696"
"108,1900";"2,4999";"2,9671"
"108,2000";"2,4999";"2,9664"
"108,2100";"2,4999";"2,9682"
"108,2200";"2,4999";"2,9704"
"108,2300";"2,4999";"2,9699"
"108,2400";"2,4999";"2,9684"
"108,2500";"2,4999";"2,9683"
"108,2600";"2,4999";"2,9683"
"108,2700";"2,4999";"2,9691"
"108,2800";"2,4999";"2,9687"
"108,2900";"2,4999";"2,9665"
"108,3000";"2,4999";"2,9651"
"108,3100";"2,4999";"2,9647"
"108,3200";"2,4999";"2,9646"
"108,3300";"2,4999";"2,9671"
"108,3400";"2,4999";"2,9679"
"108,3500";"2,4999";"2,9662"
"108,3600";"2,4999";"2,9646"
"108,3700";"2,4999";"2,9660"
"108,3800";"2,4999";"2,9689"
"108,3900";"2,4999";"2,9707"
"108,4000";"2,4999";"2,9706"
"108,4100";"2,4999";"2,9703"
"108,4200";"2,4999";"2,9712"
"108,4300";"2,4999";"2,9707"
"108,4400";"2,4999";"2,9684"
"108,4500";"2,4999";"2,9680"
"108,4600";"2,4999";"2,9694"
"108,4700";"2,4999";"2,9698"
"108,4800";"2,4999";"2,9697"
"108,4900";"2,4999";"2,9700"
"108,5000";"2,4999";"2,9700"
"108,5100";"2,4999";"2,9692"
"108,5200";"2,4999";"2,9682"
"108,5300";"2,4999";"2,9665"
"108,5400";"2,4999";"2,9655"
"108,5500";"2,4999";"2,9646"
"108,5600";"2,4999";"2,9641"
"108,5700";"2,4999";"2,9650"
"108,5800";"2,4999";"2,9661"
"108,5900";"2,4999";"2,9660"
"108,6000";"2,4999";"2,9655"
"108,6100";"2,4999";"2,9659"
"108,6200";"2,4999";"2,9685"
"108,6300";"2,4999";"2,9699"
"108,6400";"2,4999";"2,9685"
"108,6500";"2,4999";"2,9671"
"108,6600";"2,4999";"2,9679"
"108,6700";"2,4999";"2,9689"
"108,6800";"2,4999";"2,9674"
"108,6900";"2,4999";"2,9658"
"108,7000";"2,4999";"2,9659"
"108,7100";"2,4999";"2,9666"
"108,7200";"2,4999";"2,9664"
"108,7300";"2,4999";"2,9654"
"108,7400";"2,4999";"2,9664"
"108,7500";"2,4999";"2,9676"
"108,7600";"2,4999";"2,9670"
"108,7700";"2,4999";"2,9654"
"108,7800";"2,4999";"2,9640"
"108,7900";"2,4999";"2,9632"
"108,8000";"2,4999";"2,9641"
"108,8100";"2,4999";"2,9668"
"108,8200";"2,4999";"2,9697"
"108,8300";"2,4999";"2,9708"
"108,8400";"2,4999";"2,9710"
"108,8500";"2,4999";"2,9719"
"108,8600";"2,4999";"2,9717"
"108,8700";"2,4999";"2,9696"
"108,8800";"2,4999";"2,9655"
"108,8900";"2,4999";"2,9627"
"108,9000";"2,4999";"2,9640"
"108,9100";"2,4999";"2,9665"
"108,9200";"2,4999";"2,9676"
"108,9300";"2,4999";"2,9677"
"108,9400";"2,4999";"2,9687"
"108,9500";"2,4999";"2,9689"
"108,9600";"2,4999";"2,9676"
"108,9700";"2,4999";"2,9665"
"108,9800";"2,4999";"2,9660"
"108,9900";"2,4999";"2,9668"
"109,0000";"2,4999";"2,9677"
"109,0100";"2,4999";"2,9678"
"109,0200";"2,4999";"2,9686"
"109,0300";"2,4999";"2,9676"
"109,0400";"2,4999";"2,9652"
"109,0500";"2,4999";"2,9626"
"109,0600";"2,4999";"2,9631"
"109,0700";"2,4999";"2,9657"
"109,0800";"2,4999";"2,9671"
"109,0900";"2,4999";"2,9676"
"109,1000";"2,4999";"2,9676"
"109,1100";"2,4999";"2,9663"
"109,1200";"2,4999";"2,9644"
"109,1300";"2,4999";"2,9629"
"109,1400";"2,4999";"2,9633"
"109,1500";"2,4999";"2,9656"
"109,1600";"2,4999";"2,9676"
"109,1700";"2,4999";"2,9678"
"109,1800";"2,4999";"2,9671"
"109,1900";"2,4999";"2,9664"
"109,2000";"2,4999";"2,9660"
"109,2100";"2,4999";"2,9658"
"109,2200";"2,4999";"2,9656"
"109,2300";"2,4999";"2,9649"
"109,2400";"2,4999";"2,9643"
"109,2500";"2,4999";"2,9656"
"109,2600";"2,4999";"2,9672"
"109,2700";"2,4999";"2,9675"
"109,2800";"2,4999";"2,9660"
"109,2900";"2,4999";"2,9641"
"109,3000";"2,4999";"2,9648"
"109,3100";"2,4999";"2,9666"
"109,3200";"2,4999";"2,9687"
"109,3300";"2,4999";"2,9690"
"109,3400";"2,4999";"2,9684"
"109,3500";"2,4999";"2,9690"
"109,3600";"2,4999";"2,9690"
"109,3700";"2,4999";"2,9663"
"109,3800";"2,4999";"2,9644"
"109,3900";"2,4999";"2,9644"
"109,4000";"2,4999";"2,9648"
"109,4100";"2,4999";"2,9653"
"109,4200";"2,4999";"2,9654"
"109,4300";"2,4999";"2,9664"
"109,4400";"2,4999";"2,9675"
"109,4500";"2,4999";"2,9680"
"109,4600";"2,4999";"2,9659"
"109,4700";"2,4999";"2,9646"
"109,4800";"2,4999";"2,9645"
"109,4900";"2,4999";"2,9648"
"109,5000";"2,4999";"2,9653"
"109,5100";"2,4999";"2,9665"
"109,5200";"2,4999";"2,9666"
"109,5300";"2,4999";"2,9658"
"109,5400";"2,4999";"2,9662"
"109,5500";"2,4999";"2,9672"
"109,5600";"2,4999";"2,9650"
"109,5700";"2,4999";"2,9625"
"109,5800";"2,4999";"2,9623"
"109,5900";"2,4999";"2,9650"
"109,6000";"2,4999";"2,9682"
"109,6100";"2,4999";"2,9682"
"109,6200";"2,4999";"2,9667"
"109,6300";"2,4999";"2,9669"
"109,6400";"2,4999";"2,9681"
"109,6500";"2,4999";"2,9675"
"109,6600";"2,4999";"2,9640"
"109,6700";"2,4999";"2,9615"
"109,6800";"2,4999";"2,9622"
"109,6900";"2,4999";"2,9640"
"109,7000";"2,4999";"2,9651"
"109,7100";"2,4999";"2,9644"
"109,7200";"2,4999";"2,9637"
"109,7300";"2,4999";"2,9635"
"109,7400";"2,4999";"2,9633"
"109,7500";"2,4999";"2,9626"
"109,7600";"2,4999";"2,9624"
"109,7700";"2,4999";"2,9620"
"109,7800";"2,4999";"2,9622"
"109,7900";"2,4999";"2,9636"
"109,8000";"2,4999";"2,9650"
"109,8100";"2,4999";"2,9647"
"109,8200";"2,4999";"2,9636"
"109,8300";"2,4999";"2,9621"
"109,8400";"2,4999";"2,9620"
"109,8500";"2,4999";"2,9616"
"109,8600";"2,4999";"2,9616"
"109,8700";"2,4999";"2,9633"
"109,8800";"2,4999";"2,9656"
"109,8900";"2,4999";"2,9654"
"109,9000";"2,4999";"2,9632"
"109,9100";"2,4999";"2,9619"
"109,9200";"2,4999";"2,9641"
"109,9300";"2,4999";"2,9655"
"109,9400";"2,4999";"2,9647"
"109,9500";"2,4999";"2,9625"
"109,9600";"2,4999";"2,9624"
"109,9700";"2,4999";"2,9639"
"109,9800";"2,4999";"2,9646"
"109,9900";"2,4999";"2,9648"
"110,0000";"2,4999";"2,9649"
"110,0100";"2,4999";"2,9644"
"110,0200";"2,4999";"2,9644"
"110,0300";"2,4999";"2,9650"
"110,0400";"2,4999";"2,9664"
"110,0500";"2,4999";"2,9665"
"110,0600";"2,4999";"2,9648"
"110,0700";"2,4999";"2,9621"
"110,0800";"2,4999";"2,9615"
"110,0900";"2,4999";"2,9610"
"110,1000";"2,4999";"2,9600"
"110,1100";"2,4999";"2,9609"
"110,1200";"2,4999";"2,9630"
"110,1300";"2,4999";"2,9633"
"110,1400";"2,4999";"2,9626"
"110,1500";"2,4999";"2,9616"
"110,1600";"2,4999";"2,9613"
"110,1700";"2,4999";"2,9625"
"110,1800";"2,4999";"2,9622"
"110,1900";"2,4999";"2,9613"
"110,2000";"2,4999";"2,9628"
"110,2100";"2,4999";"2,9664"
"110,2200";"2,4999";"2,9668"
"110,2300";"2,4999";"2,9649"
"110,2400";"2,4999";"2,9622"
"110,2500";"2,4999";"2,9608"
"110,2600";"2,4999";"2,9616"
"110,2700";"2,4999";"2,9629"
"110,2800";"2,4999";"2,9642"
"110,2900";"2,4999";"2,9630"
"110,3000";"2,4999";"2,9610"
"110,3100";"2,4999";"2,9603"
"110,3200";"2,4999";"2,9623"
"110,3300";"2,4999";"2,9649"
"110,3400";"2,4999";"2,9664"
"110,3500";"2,4999";"2,9663"
"110,3600";"2,4999";"2,9663"
"110,3700";"2,4999";"2,9669"
"110,3800";"2,4999";"2,9672"
"110,3900";"2,4999";"2,9664"
"110,4000";"2,4999";"2,9644"
"110,4100";"2,4999";"2,9625"
"110,4200";"2,4999";"2,9599"
"110,4300";"2,4999";"2,9582"
"110,4400";"2,4999";"2,9596"
"110,4500";"2,4999";"2,9623"
"110,4600";"2,4999";"2,9632"
"110,4700";"2,4999";"2,9614"
"110,4800";"2,4999";"2,9590"
"110,4900";"2,4999";"2,9597"
"110,5000";"2,4999";"2,9619"
"110,5100";"2,4999";"2,9642"
"110,5200";"2,4999";"2,9634"
"110,5300";"2,4999";"2,9616"
"110,5400";"2,4999";"2,9610"
"110,5500";"2,4999";"2,9615"
"110,5600";"2,4999";"2,9632"
"110,5700";"2,4999";"2,9649"
"110,5800";"2,4999";"2,9637"
"110,5900";"2,4999";"2,9607"
"110,6000";"2,4999";"2,9605"
"110,6100";"2,4999";"2,9623"
"110,6200";"2,4999";"2,9636"
"110,6300";"2,4999";"2,9632"
"110,6400";"2,4999";"2,9623"
"110,6500";"2,4999";"2,9625"
"110,6600";"2,4999";"2,9624"
"110,6700";"2,4999";"2,9613"
"110,6800";"2,4999";"2,9614"
"110,6900";"2,4999";"2,9633"
"110,7000";"2,4999";"2,9642"
"110,7100";"2,4999";"2,9623"
"110,7200";"2,4999";"2,9605"
"110,7300";"2,4999";"2,9616"
"110,7400";"2,4999";"2,9643"
"110,7500";"2,4999";"2,9640"
"110,7600";"2,4999";"2,9609"
"110,7700";"2,4999";"2,9586"
"110,7800";"2,4999";"2,9601"
"110,7900";"2,4999";"2,9627"
"110,8000";"2,4999";"2,9642"
"110,8100";"2,4999";"2,9645"
"110,8200";"2,4999";"2,9635"
"110,8300";"2,4999";"2,9620"
"110,8400";"2,4999";"2,9612"
"110,8500";"2,4999";"2,9615"
"110,8600";"2,4999";"2,9619"
"110,8700";"2,4999";"2,9608"
"110,8800";"2,4999";"2,9606"
"110,8900";"2,4999";"2,9625"
"110,9000";"2,4999";"2,9650"
"110,9100";"2,4999";"2,9648"
"110,9200";"2,4999";"2,9623"
"110,9300";"2,4999";"2,9600"
"110,9400";"2,4999";"2,9599"
"110,9500";"2,4999";"2,9596"
"110,9600";"2,4999";"2,9602"
"110,9700";"2,4999";"2,9621"
"110,9800";"2,4999";"2,9642"
"110,9900";"2,4999";"2,9645"
"111,0000";"2,4999";"2,9627"
"111,0100";"2,4999";"2,9629"
"111,0200";"2,4999";"2,9636"
"111,0300";"2,4999";"2,9636"
"111,0400";"2,4999";"2,9620"
"111,0500";"2,4999";"2,9602"
"111,0600";"2,4999";"2,9615"
"111,0700";"2,4999";"2,9636"
"111,0800";"2,4999";"2,9644"
"111,0900";"2,4999";"2,9629"
"111,1000";"2,4999";"2,9612"
"111,1100";"2,4999";"2,9606"
"111,1200";"2,4999";"2,9587"
"111,1300";"2,4999";"2,9594"
"111,1400";"2,4999";"2,9618"
"111,1500";"2,4999";"2,9625"
"111,1600";"2,4999";"2,9613"
"111,1700";"2,4999";"2,9600"
"111,1800";"2,4999";"2,9604"
"111,1900";"2,4999";"2,9630"
"111,2000";"2,4999";"2,9630"
"111,2100";"2,4999";"2,9610"
"111,2200";"2,4999";"2,9590"
"111,2300";"2,4999";"2,9595"
"111,2400";"2,4999";"2,9608"
"111,2500";"2,4999";"2,9607"
"111,2600";"2,4999";"2,9597"
"111,2700";"2,4999";"2,9575"
"111,2800";"2,4999";"2,9569"
"111,2900";"2,4999";"2,9578"
"111,3000";"2,4999";"2,9602"
"111,3100";"2,4999";"2,9616"
"111,3200";"2,4999";"2,9606"
"111,3300";"2,4999";"2,9589"
"111,3400";"2,4999";"2,9587"
"111,3500";"2,4999";"2,9581"
"111,3600";"2,4999";"2,9578"
"111,3700";"2,4999";"2,9569"
"111,3800";"2,4999";"2,9587"
"111,3900";"2,4999";"2,9607"
"111,4000";"2,4999";"2,9617"
"111,4100";"2,4999";"2,9614"
"111,4200";"2,4999";"2,9613"
"111,4300";"2,4999";"2,9627"
"111,4400";"2,4999";"2,9635"
"111,4500";"2,4999";"2,9623"
"111,4600";"2,4999";"2,9616"
"111,4700";"2,4999";"2,9617"
"111,4800";"2,4999";"2,9621"
"111,4900";"2,4999";"2,9609"
"111,5000";"2,4999";"2,9582"
"111,5100";"2,4999";"2,9559"
"111,5200";"2,4999";"2,9558"
"111,5300";"2,4999";"2,9565"
"111,5400";"2,4999";"2,9587"
"111,5500";"2,4999";"2,9600"
"111,5600";"2,4999";"2,9606"
"111,5700";"2,4999";"2,9605"
"111,5800";"2,4999";"2,9593"
"111,5900";"2,4999";"2,9569"
"111,6000";"2,4999";"2,9547"
"111,6100";"2,4999";"2,9540"
"111,6200";"2,4999";"2,9562"
"111,6300";"2,4999";"2,9593"
"111,6400";"2,4999";"2,9610"
"111,6500";"2,4999";"2,9607"
"111,6600";"2,4999";"2,9610"
"111,6700";"2,4999";"2,9609"
"111,6800";"2,4999";"2,9600"
"111,6900";"2,4999";"2,9586"
"111,7000";"2,4999";"2,9579"
"111,7100";"2,4999";"2,9596"
"111,7200";"2,4999";"2,9614"
"111,7300";"2,4999";"2,9611"
"111,7400";"2,4999";"2,9603"
"111,7500";"2,4999";"2,9595"
"111,7600";"2,4999";"2,9586"
"111,7700";"2,4999";"2,9585"
"111,7800";"2,4999";"2,9587"
"111,7900";"2,4999";"2,9586"
"111,8000";"2,4999";"2,9587"
"111,8100";"2,4999";"2,9586"
"111,8200";"2,4999";"2,9590"
"111,8300";"2,4999";"2,9597"
"111,8400";"2,4999";"2,9612"
"111,8500";"2,4999";"2,9618"
"111,8600";"2,4999";"2,9609"
"111,8700";"2,4999";"2,9602"
"111,8800";"2,4999";"2,9582"
"111,8900";"2,4999";"2,9551"
"111,9000";"2,4999";"2,9540"
"111,9100";"2,4999";"2,9568"
"111,9200";"2,4999";"2,9593"
"111,9300";"2,4999";"2,9605"
"111,9400";"2,4999";"2,9609"
"111,9500";"2,4999";"2,9613"
"111,9600";"2,4999";"2,9609"
"111,9700";"2,4999";"2,9589"
"111,9800";"2,4999";"2,9558"
"111,9900";"2,4999";"2,9548"
"112,0000";"2,4999";"2,9568"
"112,0100";"2,4999";"2,9593"
"112,0200";"2,4999";"2,9589"
"112,0300";"2,4999";"2,9583"
"112,0400";"2,4999";"2,9591"
"112,0500";"2,4999";"2,9605"
"112,0600";"2,4999";"2,9604"
"112,0700";"2,4999";"2,9592"
"112,0800";"2,4999";"2,9574"
"112,0900";"2,4999";"2,9562"
"112,1000";"2,4999";"2,9571"
"112,1100";"2,4999";"2,9585"
"112,1200";"2,4999";"2,9589"
"112,1300";"2,4999";"2,9569"
"112,1400";"2,4999";"2,9547"
"112,1500";"2,4999";"2,9544"
"112,1600";"2,4999";"2,9564"
"112,1700";"2,4999";"2,9570"
"112,1800";"2,4999";"2,9559"
"112,1900";"2,4999";"2,9564"
"112,2000";"2,4999";"2,9587"
"112,2100";"2,4999";"2,9593"
"112,2200";"2,4999";"2,9586"
"112,2300";"2,4999";"2,9574"
"112,2400";"2,4999";"2,9561"
"112,2500";"2,4999";"2,9545"
"112,2600";"2,4999";"2,9537"
"112,2700";"2,4999";"2,9548"
"112,2800";"2,4999";"2,9587"
"112,2900";"2,4999";"2,9602"
"112,3000";"2,4999";"2,9596"
"112,3100";"2,4999";"2,9584"
"112,3200";"2,4999";"2,9583"
"112,3300";"2,4999";"2,9585"
"112,3400";"2,4999";"2,9573"
"112,3500";"2,4999";"2,9573"
"112,3600";"2,4999";"2,9574"
"112,3700";"2,4999";"2,9579"
"112,3800";"2,4999";"2,9583"
"112,3900";"2,4999";"2,9591"
"112,4000";"2,4999";"2,9601"
"112,4100";"2,4999";"2,9599"
"112,4200";"2,4999";"2,9568"
"112,4300";"2,4999";"2,9544"
"112,4400";"2,4999";"2,9551"
"112,4500";"2,4999";"2,9571"
"112,4600";"2,4999";"2,9571"
"112,4700";"2,4999";"2,9565"
"112,4800";"2,4999";"2,9559"
"112,4900";"2,4999";"2,9560"
"112,5000";"2,4999";"2,9568"
"112,5100";"2,4999";"2,9569"
"112,5200";"2,4999";"2,9565"
"112,5300";"2,4999";"2,9562"
"112,5400";"2,4999";"2,9559"
"112,5500";"2,4999";"2,9560"
"112,5600";"2,4999";"2,9580"
"112,5700";"2,4999";"2,9597"
"112,5800";"2,4999";"2,9591"
"112,5900";"2,4999";"2,9567"
"112,6000";"2,4999";"2,9553"
"112,6100";"2,4999";"2,9562"
"112,6200";"2,4999";"2,9570"
"112,6300";"2,4999";"2,9571"
"112,6400";"2,4999";"2,9553"
"112,6500";"2,4999";"2,9538"
"112,6600";"2,4999";"2,9522"
"112,6700";"2,4999";"2,9527"
"112,6800";"2,4999";"2,9556"
"112,6900";"2,4999";"2,9574"
"112,7000";"2,4999";"2,9575"
"112,7100";"2,4999";"2,9558"
"112,7200";"2,4999";"2,9546"
"112,7300";"2,4999";"2,9556"
"112,7400";"2,4999";"2,9575"
"112,7500";"2,4999";"2,9564"
"112,7600";"2,4999";"2,9559"
"112,7700";"2,4999";"2,9565"
"112,7800";"2,4999";"2,9570"
"112,7900";"2,4999";"2,9572"
"112,8000";"2,4999";"2,9569"
"112,8100";"2,4999";"2,9558"
"112,8200";"2,4999";"2,9531"
"112,8300";"2,4999";"2,9512"
"112,8400";"2,4999";"2,9520"
"112,8500";"2,4999";"2,9549"
"112,8600";"2,4999";"2,9566"
"112,8700";"2,4999";"2,9555"
"112,8800";"2,4999";"2,9544"
"112,8900";"2,4999";"2,9557"
"112,9000";"2,4999";"2,9563"
"112,9100";"2,4999";"2,9560"
"112,9200";"2,4999";"2,9553"
"112,9300";"2,4999";"2,9546"
"112,9400";"2,4999";"2,9543"
"112,9500";"2,4999";"2,9541"
"112,9600";"2,4999";"2,9559"
"112,9700";"2,4999";"2,9578"
"112,9800";"2,4999";"2,9582"
"112,9900";"2,4999";"2,9568"
"113,0000";"2,4999";"2,9558"
"113,0100";"2,4999";"2,9557"
"113,0200";"2,4999";"2,9572"
"113,0300";"2,4999";"2,9563"
"113,0400";"2,4999";"2,9549"
"113,0500";"2,4999";"2,9548"
"113,0600";"2,4999";"2,9557"
"113,0700";"2,4999";"2,9556"
"113,0800";"2,4999";"2,9549"
"113,0900";"2,4999";"2,9533"
"113,1000";"2,4999";"2,9519"
"113,1100";"2,4999";"2,9511"
"113,1200";"2,4999";"2,9524"
"113,1300";"2,4999";"2,9549"
"113,1400";"2,4999";"2,9566"
"113,1500";"2,4999";"2,9551"
"113,1600";"2,4999";"2,9524"
"113,1700";"2,4999";"2,9516"
"113,1800";"2,4999";"2,9535"
"113,1900";"2,4999";"2,9555"
"113,2000";"2,4999";"2,9557"
"113,2100";"2,4999";"2,9559"
"113,2200";"2,4999";"2,9561"
"113,2300";"2,4999";"2,9546"
"113,2400";"2,4999";"2,9528"
"113,2500";"2,4999";"2,9516"
"113,2600";"2,4999";"2,9522"
"113,2700";"2,4999";"2,9526"
"113,2800";"2,4999";"2,9526"
"113,2900";"2,4999";"2,9531"
"113,3000";"2,4999";"2,9545"
"113,3100";"2,4999";"2,9551"
"113,3200";"2,4999";"2,9533"
"113,3300";"2,4999";"2,9518"
"113,3400";"2,4999";"2,9528"
"113,3500";"2,4999";"2,9539"
"113,3600";"2,4999";"2,9548"
"113,3700";"2,4999";"2,9555"
"113,3800";"2,4999";"2,9557"
"113,3900";"2,4999";"2,9543"
"113,4000";"2,4999";"2,9537"
"113,4100";"2,4999";"2,9539"
"113,4200";"2,4999";"2,9539"
"113,4300";"2,4999";"2,9525"
"113,4400";"2,4999";"2,9511"
"113,4500";"2,4999";"2,9513"
"113,4600";"2,4999";"2,9541"
"113,4700";"2,4999";"2,9561"
"113,4800";"2,4999";"2,9548"
"113,4900";"2,4999";"2,9528"
"113,5000";"2,4999";"2,9535"
"113,5100";"2,4999";"2,9566"
"113,5200";"2,4999";"2,9569"
"113,5300";"2,4999";"2,9554"
"113,5400";"2,4999";"2,9542"
"113,5500";"2,4999";"2,9534"
"113,5600";"2,4999";"2,9534"
"113,5700";"2,4999";"2,9540"
"113,5800";"2,4999";"2,9557"
"113,5900";"2,4999";"2,9561"
"113,6000";"2,4999";"2,9553"
"113,6100";"2,4999";"2,9541"
"113,6200";"2,4999";"2,9549"
"113,6300";"2,4999";"2,9535"
"113,6400";"2,4999";"2,9509"
"113,6500";"2,4999";"2,9497"
"113,6600";"2,4999";"2,9510"
"113,6700";"2,4999";"2,9522"
"113,6800";"2,4999";"2,9526"
"113,6900";"2,4999";"2,9527"
"113,7000";"2,4999";"2,9545"
"113,7100";"2,4999";"2,9562"
"113,7200";"2,4999";"2,9554"
"113,7300";"2,4999";"2,9533"
"113,7400";"2,4999";"2,9522"
"113,7500";"2,4999";"2,9523"
"113,7600";"2,4999";"2,9518"
"113,7700";"2,4999";"2,9518"
"113,7800";"2,4999";"2,9526"
"113,7900";"2,4999";"2,9535"
"113,8000";"2,4999";"2,9556"
"113,8100";"2,4999";"2,9569"
"113,8200";"2,4999";"2,9571"
"113,8300";"2,4999";"2,9563"
"113,8400";"2,4999";"2,9552"
"113,8500";"2,4999";"2,9546"
"113,8600";"2,4999";"2,9543"
"113,8700";"2,4999";"2,9545"
"113,8800";"2,4999";"2,9545"
"113,8900";"2,4999";"2,9547"
"113,9000";"2,4999";"2,9554"
"113,9100";"2,4999";"2,9543"
"113,9200";"2,4999";"2,9528"
"113,9300";"2,4999";"2,9512"
"113,9400";"2,4999";"2,9507"
"113,9500";"2,4999";"2,9518"
"113,9600";"2,4999";"2,9522"
"113,9700";"2,4999";"2,9521"
"113,9800";"2,4999";"2,9532"
"113,9900";"2,4999";"2,9552"
"114,0000";"2,4999";"2,9571"
"114,0100";"2,4999";"2,9560"
"114,0200";"2,4999";"2,9541"
"114,0300";"2,4999";"2,9529"
"114,0400";"2,4999";"2,9539"
"114,0500";"2,4999";"2,9551"
"114,0600";"2,4999";"2,9549"
"114,0700";"2,4999";"2,9551"
"114,0800";"2,4999";"2,9543"
"114,0900";"2,4999";"2,9522"
"114,1000";"2,4999";"2,9496"
"114,1100";"2,4999";"2,9490"
"114,1200";"2,4999";"2,9503"
"114,1300";"2,4999";"2,9507"
"114,1400";"2,4999";"2,9519"
"114,1500";"2,4999";"2,9533"
"114,1600";"2,4999";"2,9531"
"114,1700";"2,4999";"2,9523"
"114,1800";"2,4999";"2,9513"
"114,1900";"2,4999";"2,9514"
"114,2000";"2,4999";"2,9518"
"114,2100";"2,4999";"2,9512"
"114,2200";"2,4999";"2,9512"
"114,2300";"2,4999";"2,9528"
"114,2400";"2,4999";"2,9543"
"114,2500";"2,4999";"2,9541"
"114,2600";"2,4999";"2,9511"
"114,2700";"2,4999";"2,9497"
"114,2800";"2,4999";"2,9506"
"114,2900";"2,4999";"2,9513"
"114,3000";"2,4999";"2,9514"
"114,3100";"2,4999";"2,9527"
"114,3200";"2,4999";"2,9547"
"114,3300";"2,4999";"2,9544"
"114,3400";"2,4999";"2,9529"
"114,3500";"2,4999";"2,9505"
"114,3600";"2,4999";"2,9501"
"114,3700";"2,4999";"2,9501"
"114,3800";"2,4999";"2,9497"
"114,3900";"2,4999";"2,9503"
"114,4000";"2,4999";"2,9530"
"114,4100";"2,4999";"2,9562"
"114,4200";"2,4999";"2,9558"
"114,4300";"2,4999";"2,9539"
"114,4400";"2,4999";"2,9528"
"114,4500";"2,4999";"2,9516"
"114,4600";"2,4999";"2,9516"
"114,4700";"2,4999";"2,9522"
"114,4800";"2,4999";"2,9522"
"114,4900";"2,4999";"2,9513"
"114,5000";"2,4999";"2,9493"
"114,5100";"2,4999";"2,9506"
"114,5200";"2,4999";"2,9520"
"114,5300";"2,4999";"2,9512"
"114,5400";"2,4999";"2,9496"
"114,5500";"2,4999";"2,9484"
"114,5600";"2,4999";"2,9498"
"114,5700";"2,4999";"2,9513"
"114,5800";"2,4999";"2,9515"
"114,5900";"2,4999";"2,9512"
"114,6000";"2,4999";"2,9513"
"114,6100";"2,4999";"2,9507"
"114,6200";"2,4999";"2,9498"
"114,6300";"2,4999";"2,9497"
"114,6400";"2,4999";"2,9512"
"114,6500";"2,4999";"2,9524"
"114,6600";"2,4999";"2,9524"
"114,6700";"2,4999";"2,9526"
"114,6800";"2,4999";"2,9539"
"114,6900";"2,4999";"2,9545"
"114,7000";"2,4999";"2,9534"
"114,7100";"2,4999";"2,9526"
"114,7200";"2,4999";"2,9517"
"114,7300";"2,4999";"2,9489"
"114,7400";"2,4999";"2,9472"
"114,7500";"2,4999";"2,9476"
"114,7600";"2,4999";"2,9493"
"114,7700";"2,4999";"2,9506"
"114,7800";"2,4999";"2,9510"
"114,7900";"2,4999";"2,9521"
"114,8000";"2,4999";"2,9541"
"114,8100";"2,4999";"2,9540"
"114,8200";"2,4999";"2,9499"
"114,8300";"2,4999";"2,9463"
"114,8400";"2,4999";"2,9468"
"114,8500";"2,4999";"2,9502"
"114,8600";"2,4999";"2,9527"
"114,8700";"2,4999";"2,9522"
"114,8800";"2,4999";"2,9505"
"114,8900";"2,4999";"2,9505"
"114,9000";"2,4999";"2,9517"
"114,9100";"2,4999";"2,9523"
"114,9200";"2,4999";"2,9514"
"114,9300";"2,4999";"2,9491"
"114,9400";"2,4999";"2,9474"
"114,9500";"2,4999";"2,9480"
"114,9600";"2,4999";"2,9510"
"114,9700";"2,4999";"2,9527"
"114,9800";"2,4999";"2,9520"
"114,9900";"2,4999";"2,9503"
"115,0000";"2,4999";"2,9504"
"115,0100";"2,4999";"2,9514"
"115,0200";"2,4999";"2,9509"
"115,0300";"2,4999";"2,9492"
"115,0400";"2,4999";"2,9495"
"115,0500";"2,4999";"2,9514"
"115,0600";"2,4999";"2,9521"
"115,0700";"2,4999";"2,9511"
"115,0800";"2,4999";"2,9504"
"115,0900";"2,4999";"2,9502"
"115,1000";"2,4999";"2,9489"
"115,1100";"2,4999";"2,9466"
"115,1200";"2,4999";"2,9455"
"115,1300";"2,4999";"2,9471"
"115,1400";"2,4999";"2,9485"
"115,1500";"2,4999";"2,9496"
"115,1600";"2,4999";"2,9510"
"115,1700";"2,4999";"2,9518"
"115,1800";"2,4999";"2,9501"
"115,1900";"2,4999";"2,9477"
"115,2000";"2,4999";"2,9464"
"115,2100";"2,4999";"2,9453"
"115,2200";"2,4999";"2,9451"
"115,2300";"2,4999";"2,9461"
"115,2400";"2,4999";"2,9493"
"115,2500";"2,4999";"2,9527"
"115,2600";"2,4999";"2,9538"
"115,2700";"2,4999";"2,9513"
"115,2800";"2,4999";"2,9493"
"115,2900";"2,4999";"2,9495"
"115,3000";"2,4999";"2,9501"
"115,3100";"2,4999";"2,9507"
"115,3200";"2,4999";"2,9496"
"115,3300";"2,4999";"2,9488"
"115,3400";"2,4999";"2,9487"
"115,3500";"2,4999";"2,9482"
"115,3600";"2,4999";"2,9473"
"115,3700";"2,4999";"2,9467"
"115,3800";"2,4999";"2,9462"
"115,3900";"2,4999";"2,9472"
"115,4000";"2,4999";"2,9476"
"115,4100";"2,4999";"2,9488"
"115,4200";"2,4999";"2,9499"
"115,4300";"2,4999";"2,9482"
"115,4400";"2,4999";"2,9464"
"115,4500";"2,4999";"2,9457"
"115,4600";"2,4999";"2,9446"
"115,4700";"2,4999";"2,9443"
"115,4800";"2,4999";"2,9456"
"115,4900";"2,4999";"2,9483"
"115,5000";"2,4999";"2,9521"
"115,5100";"2,4999";"2,9519"
"115,5200";"2,4999";"2,9502"
"115,5300";"2,4999";"2,9501"
"115,5400";"2,4999";"2,9518"
"115,5500";"2,4999";"2,9511"
"115,5600";"2,4999";"2,9490"
"115,5700";"2,4999";"2,9475"
"115,5800";"2,4999";"2,9489"
"115,5900";"2,4999";"2,9493"
"115,6000";"2,4999";"2,9488"
"115,6100";"2,4999";"2,9488"
"115,6200";"2,4999";"2,9491"
"115,6300";"2,4999";"2,9491"
"115,6400";"2,4999";"2,9490"
"115,6500";"2,4999";"2,9496"
"115,6600";"2,4999";"2,9494"
"115,6700";"2,4999";"2,9470"
"115,6800";"2,4999";"2,9456"
"115,6900";"2,4999";"2,9460"
"115,7000";"2,4999";"2,9477"
"115,7100";"2,4999";"2,9479"
"115,7200";"2,4999";"2,9467"
"115,7300";"2,4999";"2,9458"
"115,7400";"2,4999";"2,9473"
"115,7500";"2,4999";"2,9495"
"115,7600";"2,4999";"2,9511"
"115,7700";"2,4999";"2,9525"
"115,7800";"2,4999";"2,9523"
"115,7900";"2,4999";"2,9500"
"115,8000";"2,4999";"2,9483"
"115,8100";"2,4999";"2,9485"
"115,8200";"2,4999";"2,9501"
"115,8300";"2,4999";"2,9498"
"115,8400";"2,4999";"2,9475"
"115,8500";"2,4999";"2,9469"
"115,8600";"2,4999";"2,9477"
"115,8700";"2,4999";"2,9494"
"115,8800";"2,4999";"2,9498"
"115,8900";"2,4999";"2,9483"
"115,9000";"2,4999";"2,9466"
"115,9100";"2,4999";"2,9470"
"115,9200";"2,4999";"2,9484"
"115,9300";"2,4999";"2,9507"
"115,9400";"2,4999";"2,9509"
"115,9500";"2,4999";"2,9505"
"115,9600";"2,4999";"2,9477"
"115,9700";"2,4999";"2,9459"
"115,9800";"2,4999";"2,9470"
"115,9900";"2,4999";"2,9478"
"116,0000";"2,4999";"2,9467"
"116,0100";"2,4999";"2,9451"
"116,0200";"2,4999";"2,9455"
"116,0300";"2,4999";"2,9453"
"116,0400";"2,4999";"2,9446"
"116,0500";"2,4999";"2,9455"
"116,0600";"2,4999";"2,9476"
"116,0700";"2,4999";"2,9494"
"116,0800";"2,4999";"2,9494"
"116,0900";"2,4999";"2,9477"
"116,1000";"2,4999";"2,9472"
"116,1100";"2,4999";"2,9488"
"116,1200";"2,4999";"2,9485"
"116,1300";"2,4999";"2,9462"
"116,1400";"2,4999";"2,9451"
"116,1500";"2,4999";"2,9467"
"116,1600";"2,4999";"2,9482"
"116,1700";"2,4999";"2,9480"
"116,1800";"2,4999";"2,9464"
"116,1900";"2,4999";"2,9432"
"116,2000";"2,4999";"2,9424"
"116,2100";"2,4999";"2,9444"
"116,2200";"2,4999";"2,9467"
"116,2300";"2,4999";"2,9476"
"116,2400";"2,4999";"2,9465"
"116,2500";"2,4999";"2,9445"
"116,2600";"2,4999";"2,9446"
"116,2700";"2,4999";"2,9454"
"116,2800";"2,4999";"2,9454"
"116,2900";"2,4999";"2,9443"
"116,3000";"2,4999";"2,9442"
"116,3100";"2,4999";"2,9467"
"116,3200";"2,4999";"2,9486"
"116,3300";"2,4999";"2,9491"
"116,3400";"2,4999";"2,9483"
"116,3500";"2,4999";"2,9462"
"116,3600";"2,4999";"2,9437"
"116,3700";"2,4999";"2,9430"
"116,3800";"2,4999";"2,9438"
"116,3900";"2,4999";"2,9447"
"116,4000";"2,4999";"2,9459"
"116,4100";"2,4999";"2,9462"
"116,4200";"2,4999";"2,9460"
"116,4300";"2,4999";"2,9465"
"116,4400";"2,4999";"2,9477"
"116,4500";"2,4999";"2,9483"
"116,4600";"2,4999";"2,9494"
"116,4700";"2,4999";"2,9505"
"116,4800";"2,4999";"2,9490"
"116,4900";"2,4999";"2,9471"
"116,5000";"2,4999";"2,9467"
"116,5100";"2,4999";"2,9493"
"116,5200";"2,4999";"2,9499"
"116,5300";"2,4999";"2,9470"
"116,5400";"2,4999";"2,9444"
"116,5500";"2,4999";"2,9449"
"116,5600";"2,4999";"2,9467"
"116,5700";"2,4999";"2,9468"
"116,5800";"2,4999";"2,9454"
"116,5900";"2,4999";"2,9442"
"116,6000";"2,4999";"2,9451"
"116,6100";"2,4999";"2,9462"
"116,6200";"2,4999";"2,9457"
"116,6300";"2,4999";"2,9450"
"116,6400";"2,4999";"2,9456"
"116,6500";"2,4999";"2,9448"
"116,6600";"2,4999";"2,9446"
"116,6700";"2,4999";"2,9456"
"116,6800";"2,4999";"2,9459"
"116,6900";"2,4999";"2,9447"
"116,7000";"2,4999";"2,9444"
"116,7100";"2,4999";"2,9455"
"116,7200";"2,4999";"2,9463"
"116,7300";"2,4999";"2,9470"
"116,7400";"2,4999";"2,9474"
"116,7500";"2,4999";"2,9459"
"116,7600";"2,4999";"2,9442"
"116,7700";"2,4999";"2,9429"
"116,7800";"2,4999";"2,9430"
"116,7900";"2,4999";"2,9452"
"116,8000";"2,4999";"2,9474"
"116,8100";"2,4999";"2,9454"
"116,8200";"2,4999";"2,9438"
"116,8300";"2,4999";"2,9442"
"116,8400";"2,4999";"2,9466"
"116,8500";"2,4999";"2,9480"
"116,8600";"2,4999";"2,9467"
"116,8700";"2,4999";"2,9454"
"116,8800";"2,4999";"2,9468"
"116,8900";"2,4999";"2,9469"
"116,9000";"2,4999";"2,9462"
"116,9100";"2,4999";"2,9446"
"116,9200";"2,4999";"2,9432"
"116,9300";"2,4999";"2,9428"
"116,9400";"2,4999";"2,9434"
"116,9500";"2,4999";"2,9455"
"116,9600";"2,4999";"2,9467"
"116,9700";"2,4999";"2,9463"
"116,9800";"2,4999";"2,9446"
"116,9900";"2,4999";"2,9432"
"117,0000";"2,4999";"2,9429"
"117,0100";"2,4999";"2,9432"
"117,0200";"2,4999";"2,9429"
"117,0300";"2,4999";"2,9433"
"117,0400";"2,4999";"2,9445"
"117,0500";"2,4999";"2,9453"
"117,0600";"2,4999";"2,9453"
"117,0700";"2,4999";"2,9452"
"117,0800";"2,4999";"2,9450"
"117,0900";"2,4999";"2,9444"
"117,1000";"2,4999";"2,9430"
"117,1100";"2,4999";"2,9431"
"117,1200";"2,4999";"2,9448"
"117,1300";"2,4999";"2,9453"
"117,1400";"2,4999";"2,9438"
"117,1500";"2,4999";"2,9411"
"117,1600";"2,4999";"2,9412"
"117,1700";"2,4999";"2,9424"
"117,1800";"2,4999";"2,9443"
"117,1900";"2,4999";"2,9454"
"117,2000";"2,4999";"2,9451"
"117,2100";"2,4999";"2,9447"
"117,2200";"2,4999";"2,9444"
"117,2300";"2,4999";"2,9446"
"117,2400";"2,4999";"2,9445"
"117,2500";"2,4999";"2,9439"
"117,2600";"2,4999";"2,9426"
"117,2700";"2,4999";"2,9417"
"117,2800";"2,4999";"2,9425"
"117,2900";"2,4999";"2,9452"
"117,3000";"2,4999";"2,9472"
"117,3100";"2,4999";"2,9467"
"117,3200";"2,4999";"2,9455"
"117,3300";"2,4999";"2,9446"
"117,3400";"2,4999";"2,9437"
"117,3500";"2,4999";"2,9432"
"117,3600";"2,4999";"2,9432"
"117,3700";"2,4999";"2,9425"
"117,3800";"2,4999";"2,9428"
"117,3900";"2,4999";"2,9432"
"117,4000";"2,4999";"2,9445"
"117,4100";"2,4999";"2,9448"
"117,4200";"2,4999";"2,9434"
"117,4300";"2,4999";"2,9424"
"117,4400";"2,4999";"2,9414"
"117,4500";"2,4999";"2,9410"
"117,4600";"2,4999";"2,9417"
"117,4700";"2,4999";"2,9428"
"117,4800";"2,4999";"2,9436"
"117,4900";"2,4999";"2,9434"
"117,5000";"2,4999";"2,9418"
"117,5100";"2,4999";"2,9413"
"117,5200";"2,4999";"2,9434"
"117,5300";"2,4999";"2,9461"
"117,5400";"2,4999";"2,9469"
"117,5500";"2,4999";"2,9458"
"117,5600";"2,4999";"2,9449"
"117,5700";"2,4999";"2,9444"
"117,5800";"2,4999";"2,9445"
"117,5900";"2,4999";"2,9435"
"117,6000";"2,4999";"2,9437"
"117,6100";"2,4999";"2,9446"
"117,6200";"2,4999";"2,9455"
"117,6300";"2,4999";"2,9456"
"117,6400";"2,4999";"2,9453"
"117,6500";"2,4999";"2,9450"
"117,6600";"2,4999";"2,9445"
"117,6700";"2,4999";"2,9424"
"117,6800";"2,4999";"2,9409"
"117,6900";"2,4999";"2,9419"
"117,7000";"2,4999";"2,9422"
"117,7100";"2,4999";"2,9436"
"117,7200";"2,4999";"2,9454"
"117,7300";"2,4999";"2,9469"
"117,7400";"2,4999";"2,9477"
"117,7500";"2,4999";"2,9469"
"117,7600";"2,4999";"2,9449"
"117,7700";"2,4999";"2,9435"
"117,7800";"2,4999";"2,9429"
"117,7900";"2,4999";"2,9408"
"117,8000";"2,4999";"2,9389"
"117,8100";"2,4999";"2,9406"
"117,8200";"2,4999";"2,9438"
"117,8300";"2,4999";"2,9448"
"117,8400";"2,4999";"2,9434"
"117,8500";"2,4999";"2,9432"
"117,8600";"2,4999";"2,9425"
"117,8700";"2,4999";"2,9410"
"117,8800";"2,4999";"2,9407"
"117,8900";"2,4999";"2,9416"
"117,9000";"2,4999";"2,9429"
"117,9100";"2,4999";"2,9446"
"117,9200";"2,4999";"2,9445"
"117,9300";"2,4999";"2,9442"
"117,9400";"2,4999";"2,9436"
"117,9500";"2,4999";"2,9430"
"117,9600";"2,4999";"2,9422"
"117,9700";"2,4999";"2,9425"
"117,9800";"2,4999";"2,9442"
"117,9900";"2,4999";"2,9464"
"118,0000";"2,4999";"2,9477"
"118,0100";"2,4999";"2,9463"
"118,0200";"2,4999";"2,9443"
"118,0300";"2,4999";"2,9422"
"118,0400";"2,4999";"2,9410"
"118,0500";"2,4999";"2,9417"
"118,0600";"2,4999";"2,9430"
"118,0700";"2,4999";"2,9433"
"118,0800";"2,4999";"2,9436"
"118,0900";"2,4999";"2,9451"
"118,1000";"2,4999";"2,9468"
"118,1100";"2,4999";"2,9473"
"118,1200";"2,4999";"2,9440"
"118,1300";"2,4999";"2,9409"
"118,1400";"2,4999";"2,9418"
"118,1500";"2,4999";"2,9436"
"118,1600";"2,4999";"2,9442"
"118,1700";"2,4999";"2,9441"
"118,1800";"2,4999";"2,9428"
"118,1900";"2,4999";"2,9412"
"118,2000";"2,4999";"2,9404"
"118,2100";"2,4999";"2,9407"
"118,2200";"2,4999";"2,9427"
"118,2300";"2,4999";"2,9441"
"118,2400";"2,4999";"2,9426"
"118,2500";"2,4999";"2,9409"
"118,2600";"2,4999";"2,9421"
"118,2700";"2,4999";"2,9452"
"118,2800";"2,4999";"2,9453"
"118,2900";"2,4999";"2,9432"
"118,3000";"2,4999";"2,9414"
"118,3100";"2,4999";"2,9404"
"118,3200";"2,4999";"2,9403"
"118,3300";"2,4999";"2,9411"
"118,3400";"2,4999";"2,9422"
"118,3500";"2,4999";"2,9426"
"118,3600";"2,4999";"2,9410"
"118,3700";"2,4999";"2,9390"
"118,3800";"2,4999";"2,9397"
"118,3900";"2,4999";"2,9415"
"118,4000";"2,4999";"2,9407"
"118,4100";"2,4999";"2,9399"
"118,4200";"2,4999";"2,9403"
"118,4300";"2,4999";"2,9410"
"118,4400";"2,4999";"2,9411"
"118,4500";"2,4999";"2,9417"
"118,4600";"2,4999";"2,9410"
"118,4700";"2,4999";"2,9393"
"118,4800";"2,4999";"2,9390"
"118,4900";"2,4999";"2,9408"
"118,5000";"2,4999";"2,9438"
"118,5100";"2,4999";"2,9461"
"118,5200";"2,4999";"2,9460"
"118,5300";"2,4999";"2,9431"
"118,5400";"2,4999";"2,9406"
"118,5500";"2,4999";"2,9396"
"118,5600";"2,4999";"2,9398"
"118,5700";"2,4999";"2,9403"
"118,5800";"2,4999";"2,9416"
"118,5900";"2,4999";"2,9408"
"118,6000";"2,4999";"2,9388"
"118,6100";"2,4999";"2,9391"
"118,6200";"2,4999";"2,9421"
"118,6300";"2,4999";"2,9433"
"118,6400";"2,4999";"2,9418"
"118,6500";"2,4999";"2,9396"
"118,6600";"2,4999";"2,9404"
"118,6700";"2,4999";"2,9428"
"118,6800";"2,4999";"2,9433"
"118,6900";"2,4999";"2,9414"
"118,7000";"2,4999";"2,9401"
"118,7100";"2,4999";"2,9416"
"118,7200";"2,4999";"2,9432"
"118,7300";"2,4999";"2,9424"
"118,7400";"2,4999";"2,9407"
"118,7500";"2,4999";"2,9405"
"118,7600";"2,4999";"2,9404"
"118,7700";"2,4999";"2,9407"
"118,7800";"2,4999";"2,9416"
"118,7900";"2,4999";"2,9416"
"118,8000";"2,4999";"2,9404"
"118,8100";"2,4999";"2,9381"
"118,8200";"2,4999";"2,9379"
"118,8300";"2,4999";"2,9385"
"118,8400";"2,4999";"2,9386"
"118,8500";"2,4999";"2,9383"
"118,8600";"2,4999";"2,9390"
"118,8700";"2,4999";"2,9408"
"118,8800";"2,4999";"2,9415"
"118,8900";"2,4999";"2,9404"
"118,9000";"2,4999";"2,9389"
"118,9100";"2,4999";"2,9384"
"118,9200";"2,4999";"2,9386"
"118,9300";"2,4999";"2,9385"
"118,9400";"2,4999";"2,9394"
"118,9500";"2,4999";"2,9420"
"118,9600";"2,4999";"2,9448"
"118,9700";"2,4999";"2,9450"
"118,9800";"2,4999";"2,9428"
"118,9900";"2,4999";"2,9411"
"119,0000";"2,4999";"2,9407"
"119,0100";"2,4999";"2,9403"
"119,0200";"2,4999";"2,9407"
"119,0300";"2,4999";"2,9413"
"119,0400";"2,4999";"2,9413"
"119,0500";"2,4999";"2,9421"
"119,0600";"2,4999";"2,9416"
"119,0700";"2,4999";"2,9414"
"119,0800";"2,4999";"2,9410"
"119,0900";"2,4999";"2,9388"
"119,1000";"2,4999";"2,9372"
"119,1100";"2,4999";"2,9385"
"119,1200";"2,4999";"2,9401"
"119,1300";"2,4999";"2,9396"
"119,1400";"2,4999";"2,9384"
"119,1500";"2,4999";"2,9379"
"119,1600";"2,4999";"2,9393"
"119,1700";"2,4999";"2,9395"
"119,1800";"2,4999";"2,9403"
"119,1900";"2,4999";"2,9408"
"119,2000";"2,4999";"2,9413"
"119,2100";"2,4999";"2,9409"
"119,2200";"2,4999";"2,9407"
"119,2300";"2,4999";"2,9403"
"119,2400";"2,4999";"2,9392"
"119,2500";"2,4999";"2,9382"
"119,2600";"2,4999";"2,9370"
"119,2700";"2,4999";"2,9375"
"119,2800";"2,4999";"2,9408"
"119,2900";"2,4999";"2,9433"
"119,3000";"2,4999";"2,9438"
"119,3100";"2,4999";"2,9434"
"119,3200";"2,4999";"2,9417"
"119,3300";"2,4999";"2,9395"
"119,3400";"2,4999";"2,9387"
"119,3500";"2,4999";"2,9402"
"119,3600";"2,4999";"2,9408"
"119,3700";"2,4999";"2,9393"
"119,3800";"2,4999";"2,9394"
"119,3900";"2,4999";"2,9402"
"119,4000";"2,4999";"2,9424"
"119,4100";"2,4999";"2,9424"
"119,4200";"2,4999";"2,9397"
"119,4300";"2,4999";"2,9376"
"119,4400";"2,4999";"2,9383"
"119,4500";"2,4999";"2,9401"
"119,4600";"2,4999";"2,9406"
"119,4700";"2,4999";"2,9411"
"119,4800";"2,4999";"2,9409"
"119,4900";"2,4999";"2,9408"
"119,5000";"2,4999";"2,9398"
"119,5100";"2,4999";"2,9386"
"119,5200";"2,4999";"2,9389"
"119,5300";"2,4999";"2,9395"
"119,5400";"2,4999";"2,9380"
"119,5500";"2,4999";"2,9382"
"119,5600";"2,4999";"2,9392"
"119,5700";"2,4999";"2,9397"
"119,5800";"2,4999";"2,9388"
"119,5900";"2,4999";"2,9373"
"119,6000";"2,4999";"2,9362"
"119,6100";"2,4999";"2,9367"
"119,6200";"2,4999";"2,9375"
"119,6300";"2,4999";"2,9383"
"119,6400";"2,4999";"2,9400"
"119,6500";"2,4999";"2,9394"
"119,6600";"2,4999";"2,9382"
"119,6700";"2,4999";"2,9377"
"119,6800";"2,4999";"2,9389"
"119,6900";"2,4999";"2,9402"
"119,7000";"2,4999";"2,9409"
"119,7100";"2,4999";"2,9405"
"119,7200";"2,4999";"2,9408"
"119,7300";"2,4999";"2,9418"
"119,7400";"2,4999";"2,9421"
"119,7500";"2,4999";"2,9414"
"119,7600";"2,4999";"2,9385"
"119,7700";"2,4999";"2,9370"
"119,7800";"2,4999";"2,9372"
"119,7900";"2,4999";"2,9374"
"119,8000";"2,4999";"2,9386"
"119,8100";"2,4999";"2,9391"
"119,8200";"2,4999";"2,9399"
"119,8300";"2,4999";"2,9413"
"119,8400";"2,4999";"2,9426"
"119,8500";"2,4999";"2,9414"
"119,8600";"2,4999";"2,9386"
"119,8700";"2,4999";"2,9373"
"119,8800";"2,4999";"2,9376"
"119,8900";"2,4999";"2,9371"
"119,9000";"2,4999";"2,9343"
"119,9100";"2,4999";"2,9331"
"119,9200";"2,4999";"2,9341"
"119,9300";"2,4999";"2,9363"
"119,9400";"2,4999";"2,9373"
"119,9500";"2,4999";"2,9369"
"119,9600";"2,4999";"2,9370"
"119,9700";"2,4999";"2,9379"
"119,9800";"2,4999";"2,9382"
"119,9900";"2,4999";"2,9371"
"120,0000";"2,4999";"2,9365"
"120,0100";"2,4999";"2,9365"
"120,0200";"2,4999";"2,9366"
"120,0300";"2,4999";"2,9365"
"120,0400";"2,4999";"2,9359"
"120,0500";"2,4999";"2,9377"
"120,0600";"2,4999";"2,9390"
"120,0700";"2,4999";"2,9399"
"120,0800";"2,4999";"2,9380"
"120,0900";"2,4999";"2,9361"
"120,1000";"2,4999";"2,9346"
"120,1100";"2,4999";"2,9331"
"120,1200";"2,4999";"2,9339"
"120,1300";"2,4999";"2,9366"
"120,1400";"2,4999";"2,9375"
"120,1500";"2,4999";"2,9386"
"120,1600";"2,4999";"2,9390"
"120,1700";"2,4999";"2,9398"
"120,1800";"2,4999";"2,9390"
"120,1900";"2,4999";"2,9370"
"120,2000";"2,4999";"2,9372"
"120,2100";"2,4999";"2,9396"
"120,2200";"2,4999";"2,9421"
"120,2300";"2,4999";"2,9415"
"120,2400";"2,4999";"2,9388"
"120,2500";"2,4999";"2,9360"
"120,2600";"2,4999";"2,9341"
"120,2700";"2,4999";"2,9347"
"120,2800";"2,4999";"2,9351"
"120,2900";"2,4999";"2,9358"
"120,3000";"2,4999";"2,9366"
"120,3100";"2,4999";"2,9371"
"120,3200";"2,4999";"2,9378"
"120,3300";"2,4999";"2,9371"
"120,3400";"2,4999";"2,9364"
"120,3500";"2,4999";"2,9367"
"120,3600";"2,4999";"2,9371"
"120,3700";"2,4999";"2,9378"
"120,3800";"2,4999";"2,9375"
"120,3900";"2,4999";"2,9363"
"120,4000";"2,4999";"2,9353"
"120,4100";"2,4999";"2,9360"
"120,4200";"2,4999";"2,9366"
"120,4300";"2,4999";"2,9363"
"120,4400";"2,4999";"2,9355"
"120,4500";"2,4999";"2,9357"
"120,4600";"2,4999";"2,9363"
"120,4700";"2,4999";"2,9361"
"120,4800";"2,4999";"2,9361"
"120,4900";"2,4999";"2,9381"
"120,5000";"2,4999";"2,9398"
"120,5100";"2,4999";"2,9388"
"120,5200";"2,4999";"2,9363"
"120,5300";"2,4999";"2,9350"
"120,5400";"2,4999";"2,9364"
"120,5500";"2,4999";"2,9374"
"120,5600";"2,4999";"2,9379"
"120,5700";"2,4999";"2,9374"
"120,5800";"2,4999";"2,9368"
"120,5900";"2,4999";"2,9362"
"120,6000";"2,4999";"2,9345"
"120,6100";"2,4999";"2,9334"
"120,6200";"2,4999";"2,9345"
"120,6300";"2,4999";"2,9353"
"120,6400";"2,4999";"2,9350"
"120,6500";"2,4999";"2,9347"
"120,6600";"2,4999";"2,9357"
"120,6700";"2,4999";"2,9383"
"120,6800";"2,4999";"2,9389"
"120,6900";"2,4999";"2,9370"
"120,7000";"2,4999";"2,9353"
"120,7100";"2,4999";"2,9350"
"120,7200";"2,4999";"2,9355"
"120,7300";"2,4999";"2,9351"
"120,7400";"2,4999";"2,9357"
"120,7500";"2,4999";"2,9357"
"120,7600";"2,4999";"2,9346"
"120,7700";"2,4999";"2,9345"
"120,7800";"2,4999";"2,9351"
"120,7900";"2,4999";"2,9347"
"120,8000";"2,4999";"2,9340"
"120,8100";"2,4999";"2,9347"
"120,8200";"2,4999";"2,9357"
"120,8300";"2,4999";"2,9366"
"120,8400";"2,4999";"2,9367"
"120,8500";"2,4999";"2,9353"
"120,8600";"2,4999";"2,9347"
"120,8700";"2,4999";"2,9340"
"120,8800";"2,4999";"2,9324"
"120,8900";"2,4999";"2,9329"
"120,9000";"2,4999";"2,9335"
"120,9100";"2,4999";"2,9362"
"120,9200";"2,4999";"2,9383"
"120,9300";"2,4999";"2,9391"
"120,9400";"2,4999";"2,9387"
"120,9500";"2,4999";"2,9383"
"120,9600";"2,4999";"2,9383"
"120,9700";"2,4999";"2,9358"
"120,9800";"2,4999";"2,9338"
"120,9900";"2,4999";"2,9334"
"121,0000";"2,4999";"2,9345"
"121,0100";"2,4999";"2,9363"
"121,0200";"2,4999";"2,9371"
"121,0300";"2,4999";"2,9374"
"121,0400";"2,4999";"2,9357"
"121,0500";"2,4999";"2,9343"
"121,0600";"2,4999";"2,9344"
"121,0700";"2,4999";"2,9345"
"121,0800";"2,4999";"2,9344"
"121,0900";"2,4999";"2,9341"
"121,1000";"2,4999";"2,9360"
"121,1100";"2,4999";"2,9381"
"121,1200";"2,4999";"2,9389"
"121,1300";"2,4999";"2,9367"
"121,1400";"2,4999";"2,9362"
"121,1500";"2,4999";"2,9364"
"121,1600";"2,4999";"2,9347"
"121,1700";"2,4999";"2,9319"
"121,1800";"2,4999";"2,9333"
"121,1900";"2,4999";"2,9367"
"121,2000";"2,4999";"2,9373"
"121,2100";"2,4999";"2,9357"
"121,2200";"2,4999";"2,9339"
"121,2300";"2,4999";"2,9341"
"121,2400";"2,4999";"2,9360"
"121,2500";"2,4999";"2,9353"
"121,2600";"2,4999";"2,9334"
"121,2700";"2,4999";"2,9328"
"121,2800";"2,4999";"2,9345"
"121,2900";"2,4999";"2,9369"
"121,3000";"2,4999";"2,9366"
"121,3100";"2,4999";"2,9352"
"121,3200";"2,4999";"2,9343"
"121,3300";"2,4999";"2,9343"
"121,3400";"2,4999";"2,9339"
"121,3500";"2,4999";"2,9344"
"121,3600";"2,4999";"2,9358"
"121,3700";"2,4999";"2,9363"
"121,3800";"2,4999";"2,9365"
"121,3900";"2,4999";"2,9373"
"121,4000";"2,4999";"2,9382"
"121,4100";"2,4999";"2,9369"
"121,4200";"2,4999";"2,9345"
"121,4300";"2,4999";"2,9337"
"121,4400";"2,4999";"2,9353"
"121,4500";"2,4999";"2,9360"
"121,4600";"2,4999";"2,9353"
"121,4700";"2,4999";"2,9343"
"121,4800";"2,4999";"2,9343"
"121,4900";"2,4999";"2,9339"
"121,5000";"2,4999";"2,9331"
"121,5100";"2,4999";"2,9337"
"121,5200";"2,4999";"2,9353"
"121,5300";"2,4999";"2,9357"
"121,5400";"2,4999";"2,9350"
"121,5500";"2,4999";"2,9336"
"121,5600";"2,4999";"2,9334"
"121,5700";"2,4999";"2,9348"
"121,5800";"2,4999";"2,9348"
"121,5900";"2,4999";"2,9356"
"121,6000";"2,4999";"2,9357"
"121,6100";"2,4999";"2,9343"
"121,6200";"2,4999";"2,9338"
"121,6300";"2,4999";"2,9335"
"121,6400";"2,4999";"2,9325"
"121,6500";"2,4999";"2,9324"
"121,6600";"2,4999";"2,9331"
"121,6700";"2,4999";"2,9349"
"121,6800";"2,4999";"2,9360"
"121,6900";"2,4999";"2,9365"
"121,7000";"2,4999";"2,9348"
"121,7100";"2,4999";"2,9324"
"121,7200";"2,4999";"2,9317"
"121,7300";"2,4999";"2,9314"
"121,7400";"2,4999";"2,9322"
"121,7500";"2,4999";"2,9344"
"121,7600";"2,4999";"2,9355"
"121,7700";"2,4999";"2,9346"
"121,7800";"2,4999";"2,9327"
"121,7900";"2,4999";"2,9313"
"121,8000";"2,4999";"2,9325"
"121,8100";"2,4999";"2,9340"
"121,8200";"2,4999";"2,9339"
"121,8300";"2,4999";"2,9332"
"121,8400";"2,4999";"2,9334"
"121,8500";"2,4999";"2,9344"
"121,8600";"2,4999";"2,9354"
"121,8700";"2,4999";"2,9354"
"121,8800";"2,4999";"2,9357"
"121,8900";"2,4999";"2,9358"
"121,9000";"2,4999";"2,9366"
"121,9100";"2,4999";"2,9376"
"121,9200";"2,4999";"2,9384"
"121,9300";"2,4999";"2,9384"
"121,9400";"2,4999";"2,9358"
"121,9500";"2,4999";"2,9341"
"121,9600";"2,4999";"2,9354"
"121,9700";"2,4999";"2,9372"
"121,9800";"2,4999";"2,9374"
"121,9900";"2,4999";"2,9364"
"122,0000";"2,4999";"2,9357"
"122,0100";"2,4999";"2,9356"
"122,0200";"2,4999";"2,9348"
"122,0300";"2,4999";"2,9328"
"122,0400";"2,4999";"2,9312"
"122,0500";"2,4999";"2,9310"
"122,0600";"2,4999";"2,9307"
"122,0700";"2,4999";"2,9310"
"122,0800";"2,4999";"2,9340"
"122,0900";"2,4999";"2,9365"
"122,1000";"2,4999";"2,9368"
"122,1100";"2,4999";"2,9349"
"122,1200";"2,4999";"2,9336"
"122,1300";"2,4999";"2,9321"
"122,1400";"2,4999";"2,9308"
"122,1500";"2,4999";"2,9309"
"122,1600";"2,4999";"2,9324"
"122,1700";"2,4999";"2,9331"
"122,1800";"2,4999";"2,9347"
"122,1900";"2,4999";"2,9350"
"122,2000";"2,4999";"2,9358"
"122,2100";"2,4999";"2,9370"
"122,2200";"2,4999";"2,9352"
"122,2300";"2,4999";"2,9313"
"122,2400";"2,4999";"2,9295"
"122,2500";"2,4999";"2,9300"
"122,2600";"2,4999";"2,9318"
"122,2700";"2,4999";"2,9327"
"122,2800";"2,4999";"2,9343"
"122,2900";"2,4999";"2,9366"
"122,3000";"2,4999";"2,9373"
"122,3100";"2,4999";"2,9357"
"122,3200";"2,4999";"2,9334"
"122,3300";"2,4999";"2,9329"
"122,3400";"2,4999";"2,9322"
"122,3500";"2,4999";"2,9321"
"122,3600";"2,4999";"2,9324"
"122,3700";"2,4999";"2,9336"
"122,3800";"2,4999";"2,9352"
"122,3900";"2,4999";"2,9355"
"122,4000";"2,4999";"2,9349"
"122,4100";"2,4999";"2,9342"
"122,4200";"2,4999";"2,9332"
"122,4300";"2,4999";"2,9317"
"122,4400";"2,4999";"2,9324"
"122,4500";"2,4999";"2,9334"
"122,4600";"2,4999";"2,9337"
"122,4700";"2,4999";"2,9336"
"122,4800";"2,4999";"2,9338"
"122,4900";"2,4999";"2,9333"
"122,5000";"2,4999";"2,9330"
"122,5100";"2,4999";"2,9325"
"122,5200";"2,4999";"2,9308"
"122,5300";"2,4999";"2,9315"
"122,5400";"2,4999";"2,9333"
"122,5420";"2,4999";"2,9335"
"122,5520";"2,4999";"2,9327"
"122,5620";"2,4999";"2,9328"
"122,5720";"2,4999";"2,9334"
"122,5820";"2,4999";"2,9331"
"122,5920";"2,4999";"2,9329"
"122,6020";"2,4999";"2,9334"
"122,6120";"2,4999";"2,9355"
"122,6220";"2,4999";"2,9379"
"122,6320";"2,4999";"2,9376"
"122,6420";"2,4999";"2,9349"
"122,6520";"2,5001";"2,9330"
"122,6620";"2,5002";"2,9325"
"122,6720";"2,5003";"2,9313"
"122,6820";"2,5004";"2,9308"
"122,6920";"2,5009";"2,9308"
"122,7020";"2,5016";"2,9326"
"122,7120";"2,5025";"2,9343"
"122,7220";"2,5038";"2,9360"
"122,7320";"2,5055";"2,9389"
"122,7420";"2,5076";"2,9424"
"122,7520";"2,5103";"2,9470"
"122,7620";"2,5136";"2,9535"
"122,7720";"2,5173";"2,9633"
"122,7820";"2,5212";"2,9745"
"122,7920";"2,5252";"2,9833"
"122,8020";"2,5295";"2,9920"
"122,8120";"2,5338";"3,0028"
"122,8220";"2,5383";"3,0161"
"122,8320";"2,5429";"3,0308"
"122,8420";"2,5476";"3,0436"
"122,8520";"2,5522";"3,0558"
"122,8620";"2,5571";"3,0674"
"122,8720";"2,5619";"3,0786"
"122,8820";"2,5670";"3,0907"
"122,8920";"2,5722";"3,1043"
"122,9020";"2,5775";"3,1186"
"122,9120";"2,5831";"3,1309"
"122,9220";"2,5887";"3,1435"
"122,9320";"2,5945";"3,1572"
"122,9420";"2,6005";"3,1727"
"122,9520";"2,6065";"3,1889"
"122,9620";"2,6128";"3,2033"
"122,9720";"2,6192";"3,2188"
"122,9820";"2,6257";"3,2343"
"122,9920";"2,6323";"3,2496"
"123,0020";"2,6390";"3,2654"
"123,0120";"2,6459";"3,2815"
"123,0220";"2,6531";"3,2981"
"123,0320";"2,6604";"3,3135"
"123,0420";"2,6678";"3,3293"
"123,0520";"2,6754";"3,3481"
"123,0620";"2,6830";"3,3683"
"123,0720";"2,6908";"3,3863"
"123,0820";"2,6987";"3,4024"
"123,0920";"2,7068";"3,4198"
"123,1020";"2,7150";"3,4388"
"123,1120";"2,7237";"3,4584"
"123,1220";"2,7324";"3,4787"
"123,1320";"2,7415";"3,4987"
"123,1420";"2,7506";"3,5184"
"123,1520";"2,7598";"3,5380"
"123,1620";"2,7693";"3,5583"
"123,1720";"2,7791";"3,5795"
"123,1820";"2,7891";"3,6029"
"123,1920";"2,7992";"3,6259"
"123,2020";"2,8095";"3,6466"
"123,2120";"2,8199";"3,6672"
"123,2220";"2,8305";"3,6896"
"123,2320";"2,8415";"3,7126"
"123,2420";"2,8528";"3,7354"
"123,2520";"2,8643";"3,7573"
"123,2620";"2,8756";"3,7810"
"123,2720";"2,8866";"3,8053"
"123,2820";"2,8977";"3,8300"
"123,2920";"2,9091";"3,8559"
"123,3020";"2,9208";"3,8825"
"123,3120";"2,9326";"3,9067"
"123,3220";"2,9444";"3,9284"
"123,3320";"2,9563";"3,9511"
"123,3420";"2,9685";"3,9767"
"123,3520";"2,9810";"4,0035"
"123,3620";"2,9937";"4,0293"
"123,3720";"3,0066";"4,0543"
"123,3820";"3,0203";"4,0804"
"123,3920";"3,0344";"4,1068"
"123,4020";"3,0484";"4,1330"
"123,4120";"3,0622";"4,1599"
"123,4220";"3,0759";"4,1887"
"123,4320";"3,0896";"4,2178"
"123,4420";"3,1037";"4,2455"
"123,4520";"3,1180";"4,2726"
"123,4620";"3,1322";"4,2999"
"123,4720";"3,1465";"4,3273"
"123,4820";"3,1611";"4,3529"
"123,4920";"3,1756";"4,3783"
"123,5020";"3,1902";"4,4053"
"123,5120";"3,2053";"4,4353"
"123,5220";"3,2207";"4,4651"
"123,5320";"3,2364";"4,4942"
"123,5420";"3,2524";"4,5238"
"123,5520";"3,2687";"4,5537"
"123,5620";"3,2852";"4,5816"
"123,5720";"3,3017";"4,6096"
"123,5820";"3,3181";"4,6384"
"123,5920";"3,3345";"4,6687"
"123,6020";"3,3512";"4,6988"
"123,6120";"3,3681";"4,7295"
"123,6220";"3,3851";"4,7613"
"123,6320";"3,4022";"4,7922"
"123,6420";"3,4192";"4,8207"
"123,6520";"3,4362";"4,8486"
"123,6620";"3,4531";"4,8783"
"123,6720";"3,4700";"4,9111"
"123,6820";"3,4868";"4,9434"
"123,6920";"3,5035";"4,9718"
"123,7020";"3,5202";"4,9996"
"123,7120";"3,5367";"5,0289"
"123,7220";"3,5532";"5,0582"
"123,7320";"3,5699";"5,0844"
"123,7420";"3,5864";"5,1090"
"123,7520";"3,6031";"5,1353"
"123,7620";"3,6198";"5,1636"
"123,7720";"3,6366";"5,1911"
"123,7820";"3,6532";"5,2185"
"123,7920";"3,6700";"5,2477"
"123,8020";"3,6870";"5,2751"
"123,8120";"3,7038";"5,2997"
"123,8220";"3,7204";"5,3229"
"123,8320";"3,7370";"5,3482"
"123,8400";"3,7504";"5,3693"
"123,8420";"3,7537";"5,3746"
"123,8520";"3,7683";"5,3998"
"123,8620";"3,7767";"5,4147"
"123,8700";"3,7793";"5,4201"
"123,8800";"3,7794";"5,4227"
"123,8900";"3,7792";"5,4235"
"123,9000";"3,7790";"5,4222"
"123,9100";"3,7787";"5,4147"
"123,9200";"3,7781";"5,4002"
"123,9300";"3,7774";"5,3811"
"123,9400";"3,7762";"5,3631"
"123,9500";"3,7747";"5,3465"
"123,9600";"3,7727";"5,3327"
"123,9700";"3,7703";"5,3169"
"123,9800";"3,7675";"5,2989"
"123,9900";"3,7647";"5,2802"
"124,0000";"3,7621";"5,2630"
"124,0100";"3,7597";"5,2462"
"124,0200";"3,7577";"5,2310"
"124,0300";"3,7561";"5,2173"
"124,0400";"3,7546";"5,2055"
"124,0500";"3,7537";"5,1931"
"124,0600";"3,7529";"5,1809"
"124,0700";"3,7522";"5,1724"
"124,0800";"3,7517";"5,1646"
"124,0900";"3,7513";"5,1553"
"124,1000";"3,7511";"5,1453"
"124,1100";"3,7507";"5,1367"
"124,1200";"3,7506";"5,1309"
"124,1300";"3,7504";"5,1263"
"124,1400";"3,7503";"5,1228"
"124,1500";"3,7502";"5,1196"
"124,1600";"3,7500";"5,1152"
"124,1700";"3,7500";"5,1089"
"124,1800";"3,7499";"5,1020"
"124,1900";"3,7498";"5,0968"
"124,2000";"3,7498";"5,0947"
"124,2100";"3,7498";"5,0902"
"124,2200";"3,7498";"5,0844"
"124,2300";"3,7497";"5,0794"
"124,2400";"3,7497";"5,0769"
"124,2500";"3,7497";"5,0742"
"124,2600";"3,7497";"5,0689"
"124,2700";"3,7497";"5,0636"
"124,2800";"3,7497";"5,0595"
"124,2900";"3,7497";"5,0561"
"124,3000";"3,7497";"5,0524"
"124,3100";"3,7497";"5,0491"
"124,3200";"3,7497";"5,0472"
"124,3300";"3,7497";"5,0445"
"124,3400";"3,7497";"5,0408"
"124,3500";"3,7497";"5,0362"
"124,3600";"3,7497";"5,0325"
"124,3700";"3,7497";"5,0307"
"124,3800";"3,7497";"5,0291"
"124,3900";"3,7497";"5,0267"
"124,4000";"3,7497";"5,0240"
"124,4100";"3,7497";"5,0203"
"124,4200";"3,7497";"5,0163"
"124,4300";"3,7497";"5,0121"
"124,4400";"3,7497";"5,0089"
"124,4500";"3,7497";"5,0063"
"124,4600";"3,7497";"5,0023"
"124,4700";"3,7497";"4,9996"
"124,4800";"3,7497";"4,9986"
"124,4900";"3,7497";"4,9986"
"124,5000";"3,7497";"4,9964"
"124,5100";"3,7497";"4,9919"
"124,5200";"3,7497";"4,9881"
"124,5300";"3,7497";"4,9856"
"124,5400";"3,7497";"4,9820"
"124,5500";"3,7497";"4,9774"
"124,5600";"3,7497";"4,9743"
"124,5700";"3,7497";"4,9720"
"124,5800";"3,7497";"4,9693"
"124,5900";"3,7497";"4,9685"
"124,6000";"3,7497";"4,9675"
"124,6100";"3,7497";"4,9656"
"124,6200";"3,7497";"4,9623"
"124,6300";"3,7497";"4,9590"
"124,6400";"3,7497";"4,9564"
"124,6500";"3,7497";"4,9543"
"124,6600";"3,7497";"4,9539"
"124,6700";"3,7497";"4,9525"
"124,6800";"3,7497";"4,9507"
"124,6900";"3,7497";"4,9479"
"124,7000";"3,7497";"4,9442"
"124,7100";"3,7497";"4,9416"
"124,7200";"3,7497";"4,9392"
"124,7300";"3,7497";"4,9378"
"124,7400";"3,7497";"4,9367"
"124,7500";"3,7497";"4,9339"
"124,7600";"3,7497";"4,9319"
"124,7700";"3,7497";"4,9307"
"124,7800";"3,7497";"4,9292"
"124,7900";"3,7497";"4,9249"
"124,8000";"3,7497";"4,9207"
"124,8100";"3,7497";"4,9187"
"124,8200";"3,7497";"4,9193"
"124,8300";"3,7497";"4,9196"
"124,8400";"3,7497";"4,9197"
"124,8500";"3,7497";"4,9191"
"124,8600";"3,7497";"4,9161"
"124,8700";"3,7497";"4,9114"
"124,8800";"3,7497";"4,9071"
"124,8900";"3,7497";"4,9055"
"124,9000";"3,7497";"4,9048"
"124,9100";"3,7497";"4,9040"
"124,9200";"3,7497";"4,9036"
"124,9300";"3,7497";"4,9026"
"124,9400";"3,7497";"4,9007"
"124,9500";"3,7497";"4,8977"
"124,9600";"3,7497";"4,8953"
"124,9700";"3,7497";"4,8936"
"124,9800";"3,7497";"4,8917"
"124,9900";"3,7497";"4,8895"
"125,0000";"3,7497";"4,8875"
"125,0100";"3,7497";"4,8870"
"125,0200";"3,7497";"4,8875"
"125,0300";"3,7497";"4,8872"
"125,0400";"3,7497";"4,8843"
"125,0500";"3,7497";"4,8811"
"125,0600";"3,7497";"4,8788"
"125,0700";"3,7497";"4,8770"
"125,0800";"3,7497";"4,8754"
"125,0900";"3,7497";"4,8734"
"125,1000";"3,7497";"4,8741"
"125,1100";"3,7497";"4,8758"
"125,1200";"3,7497";"4,8763"
"125,1300";"3,7497";"4,8749"
"125,1400";"3,7497";"4,8722"
"125,1500";"3,7497";"4,8682"
"125,1600";"3,7497";"4,8639"
"125,1700";"3,7497";"4,8616"
"125,1800";"3,7497";"4,8616"
"125,1900";"3,7497";"4,8611"
"125,2000";"3,7497";"4,8598"
"125,2100";"3,7497";"4,8598"
"125,2200";"3,7497";"4,8598"
"125,2300";"3,7497";"4,8575"
"125,2400";"3,7497";"4,8529"
"125,2500";"3,7497";"4,8496"
"125,2600";"3,7497";"4,8486"
"125,2700";"3,7497";"4,8496"
"125,2800";"3,7497";"4,8499"
"125,2900";"3,7497";"4,8491"
"125,3000";"3,7497";"4,8490"
"125,3100";"3,7497";"4,8481"
"125,3200";"3,7497";"4,8440"
"125,3300";"3,7497";"4,8390"
"125,3400";"3,7497";"4,8375"
"125,3500";"3,7497";"4,8374"
"125,3600";"3,7497";"4,8359"
"125,3700";"3,7497";"4,8350"
"125,3800";"3,7497";"4,8344"
"125,3900";"3,7497";"4,8342"
"125,4000";"3,7497";"4,8332"
"125,4100";"3,7497";"4,8317"
"125,4200";"3,7497";"4,8309"
"125,4300";"3,7497";"4,8299"
"125,4400";"3,7497";"4,8282"
"125,4500";"3,7497";"4,8267"
"125,4600";"3,7497";"4,8258"
"125,4700";"3,7497";"4,8258"
"125,4800";"3,7497";"4,8245"
"125,4900";"3,7497";"4,8232"
"125,5000";"3,7497";"4,8218"
"125,5100";"3,7497";"4,8200"
"125,5200";"3,7497";"4,8165"
"125,5300";"3,7497";"4,8135"
"125,5400";"3,7497";"4,8132"
"125,5500";"3,7497";"4,8137"
"125,5600";"3,7497";"4,8139"
"125,5700";"3,7497";"4,8131"
"125,5800";"3,7497";"4,8120"
"125,5900";"3,7497";"4,8116"
"125,6000";"3,7497";"4,8109"
"125,6100";"3,7497";"4,8089"
"125,6200";"3,7497";"4,8082"
"125,6300";"3,7497";"4,8094"
"125,6400";"3,7497";"4,8097"
"125,6500";"3,7497";"4,8091"
"125,6600";"3,7497";"4,8081"
"125,6700";"3,7497";"4,8064"
"125,6800";"3,7497";"4,8032"
"125,6900";"3,7497";"4,7997"
"125,7000";"3,7497";"4,7980"
"125,7100";"3,7497";"4,7983"
"125,7200";"3,7497";"4,7975"
"125,7300";"3,7497";"4,7964"
"125,7400";"3,7497";"4,7958"
"125,7500";"3,7497";"4,7958"
"125,7600";"3,7497";"4,7940"
"125,7700";"3,7497";"4,7906"
"125,7800";"3,7497";"4,7891"
"125,7900";"3,7497";"4,7894"
"125,8000";"3,7497";"4,7890"
"125,8100";"3,7497";"4,7871"
"125,8200";"3,7497";"4,7860"
"125,8300";"3,7499";"4,7866"
"125,8400";"3,7499";"4,7859"
"125,8500";"3,7499";"4,7844"
"125,8600";"3,7499";"4,7824"
"125,8700";"3,7499";"4,7813"
"125,8800";"3,7499";"4,7807"
"125,8900";"3,7499";"4,7785"
"125,9000";"3,7499";"4,7778"
"125,9100";"3,7499";"4,7788"
"125,9200";"3,7499";"4,7791"
"125,9300";"3,7499";"4,7775"
"125,9400";"3,7499";"4,7764"
"125,9500";"3,7499";"4,7752"
"125,9600";"3,7499";"4,7745"
"125,9700";"3,7499";"4,7736"
"125,9800";"3,7499";"4,7733"
"125,9900";"3,7499";"4,7724"
"126,0000";"3,7499";"4,7711"
"126,0100";"3,7499";"4,7695"
"126,0200";"3,7499";"4,7705"
"126,0300";"3,7499";"4,7717"
"126,0400";"3,7499";"4,7723"
"126,0500";"3,7499";"4,7694"
"126,0600";"3,7499";"4,7654"
"126,0700";"3,7499";"4,7661"
"126,0800";"3,7499";"4,7678"
"126,0900";"3,7499";"4,7674"
"126,1000";"3,7499";"4,7647"
"126,1100";"3,7499";"4,7634"
"126,1200";"3,7499";"4,7633"
"126,1300";"3,7499";"4,7619"
"126,1400";"3,7499";"4,7599"
"126,1500";"3,7499";"4,7586"
"126,1600";"3,7499";"4,7584"
"126,1700";"3,7499";"4,7570"
"126,1800";"3,7499";"4,7558"
"126,1900";"3,7499";"4,7561"
"126,2000";"3,7499";"4,7580"
"126,2100";"3,7499";"4,7574"
"126,2200";"3,7499";"4,7554"
"126,2300";"3,7499";"4,7536"
"126,2400";"3,7499";"4,7534"
"126,2500";"3,7499";"4,7536"
"126,2600";"3,7499";"4,7539"
"126,2700";"3,7499";"4,7538"
"126,2800";"3,7499";"4,7526"
"126,2900";"3,7499";"4,7494"
"126,3000";"3,7499";"4,7472"
"126,3100";"3,7499";"4,7477"
"126,3200";"3,7499";"4,7483"
"126,3300";"3,7499";"4,7446"
"126,3400";"3,7499";"4,7391"
"126,3500";"3,7499";"4,7375"
"126,3600";"3,7499";"4,7410"
"126,3700";"3,7499";"4,7441"
"126,3800";"3,7499";"4,7437"
"126,3900";"3,7499";"4,7409"
"126,4000";"3,7499";"4,7380"
"126,4100";"3,7499";"4,7377"
"126,4200";"3,7499";"4,7384"
"126,4300";"3,7499";"4,7387"
"126,4400";"3,7499";"4,7378"
"126,4500";"3,7499";"4,7363"
"126,4600";"3,7499";"4,7350"
"126,4700";"3,7499";"4,7346"
"126,4800";"3,7499";"4,7361"
"126,4900";"3,7499";"4,7349"
"126,5000";"3,7499";"4,7314"
"126,5100";"3,7499";"4,7289"
"126,5200";"3,7499";"4,7284"
"126,5300";"3,7499";"4,7282"
"126,5400";"3,7499";"4,7276"
"126,5500";"3,7499";"4,7296"
"126,5600";"3,7499";"4,7312"
"126,5700";"3,7499";"4,7306"
"126,5800";"3,7499";"4,7276"
"126,5900";"3,7499";"4,7255"
"126,6000";"3,7499";"4,7271"
"126,6100";"3,7499";"4,7279"
"126,6200";"3,7499";"4,7256"
"126,6300";"3,7499";"4,7242"
"126,6400";"3,7499";"4,7248"
"126,6500";"3,7499";"4,7263"
"126,6600";"3,7499";"4,7249"
"126,6700";"3,7499";"4,7211"
"126,6800";"3,7499";"4,7190"
"126,6900";"3,7499";"4,7198"
"126,7000";"3,7499";"4,7210"
"126,7100";"3,7499";"4,7212"
"126,7200";"3,7499";"4,7208"
"126,7300";"3,7499";"4,7201"
"126,7400";"3,7499";"4,7186"
"126,7500";"3,7499";"4,7164"
"126,7600";"3,7499";"4,7165"
"126,7700";"3,7499";"4,7167"
"126,7800";"3,7499";"4,7151"
"126,7900";"3,7499";"4,7134"
"126,8000";"3,7499";"4,7132"
"126,8100";"3,7499";"4,7137"
"126,8200";"3,7499";"4,7130"
"126,8300";"3,7499";"4,7111"
"126,8400";"3,7499";"4,7100"
"126,8500";"3,7499";"4,7098"
"126,8600";"3,7499";"4,7086"
"126,8700";"3,7499";"4,7073"
"126,8800";"3,7499";"4,7080"
"126,8900";"3,7499";"4,7080"
"126,9000";"3,7499";"4,7076"
"126,9100";"3,7499";"4,7069"
"126,9200";"3,7499";"4,7061"
"126,9300";"3,7499";"4,7060"
"126,9400";"3,7499";"4,7058"
"126,9500";"3,7499";"4,7042"
"126,9600";"3,7499";"4,7024"
"126,9700";"3,7499";"4,7014"
"126,9800";"3,7499";"4,7025"
"126,9900";"3,7499";"4,7027"
"127,0000";"3,7499";"4,7025"
"127,0100";"3,7499";"4,7024"
"127,0200";"3,7499";"4,7010"
"127,0300";"3,7499";"4,6984"
"127,0400";"3,7499";"4,6986"
"127,0500";"3,7499";"4,6997"
"127,0600";"3,7499";"4,6990"
"127,0700";"3,7499";"4,6973"
"127,0800";"3,7499";"4,6974"
"127,0900";"3,7499";"4,6988"
"127,1000";"3,7499";"4,6995"
"127,1100";"3,7499";"4,6984"
"127,1200";"3,7499";"4,6968"
"127,1300";"3,7499";"4,6959"
"127,1400";"3,7499";"4,6943"
"127,1500";"3,7499";"4,6908"
"127,1600";"3,7499";"4,6898"
"127,1700";"3,7499";"4,6913"
"127,1800";"3,7499";"4,6923"
"127,1900";"3,7499";"4,6910"
"127,2000";"3,7499";"4,6893"
"127,2100";"3,7499";"4,6903"
"127,2200";"3,7499";"4,6911"
"127,2300";"3,7499";"4,6896"
"127,2400";"3,7499";"4,6865"
"127,2500";"3,7499";"4,6851"
"127,2600";"3,7499";"4,6853"
"127,2700";"3,7499";"4,6848"
"127,2800";"3,7499";"4,6851"
"127,2900";"3,7499";"4,6863"
"127,3000";"3,7499";"4,6869"
"127,3100";"3,7499";"4,6847"
"127,3200";"3,7499";"4,6827"
"127,3300";"3,7499";"4,6830"
"127,3400";"3,7499";"4,6834"
"127,3500";"3,7499";"4,6821"
"127,3600";"3,7499";"4,6800"
"127,3700";"3,7499";"4,6802"
"127,3800";"3,7499";"4,6818"
"127,3900";"3,7499";"4,6820"
"127,4000";"3,7499";"4,6807"
"127,4100";"3,7499";"4,6803"
"127,4200";"3,7499";"4,6797"
"127,4300";"3,7499";"4,6772"
"127,4400";"3,7499";"4,6758"
"127,4500";"3,7499";"4,6761"
"127,4600";"3,7499";"4,6763"
"127,4700";"3,7499";"4,6755"
"127,4800";"3,7499";"4,6734"
"127,4900";"3,7499";"4,6726"
"127,5000";"3,7499";"4,6735"
"127,5100";"3,7499";"4,6741"
"127,5200";"3,7499";"4,6731"
"127,5300";"3,7499";"4,6720"
"127,5400";"3,7499";"4,6715"
"127,5500";"3,7499";"4,6717"
"127,5600";"3,7499";"4,6723"
"127,5700";"3,7499";"4,6738"
"127,5800";"3,7499";"4,6746"
"127,5900";"3,7499";"4,6713"
"127,6000";"3,7499";"4,6670"
"127,6100";"3,7499";"4,6656"
"127,6200";"3,7499";"4,6675"
"127,6300";"3,7499";"4,6693"
"127,6400";"3,7499";"4,6679"
"127,6500";"3,7499";"4,6662"
"127,6600";"3,7499";"4,6659"
"127,6700";"3,7499";"4,6648"
"127,6800";"3,7499";"4,6629"
"127,6900";"3,7499";"4,6619"
"127,7000";"3,7499";"4,6619"
"127,7100";"3,7499";"4,6622"
"127,7200";"3,7499";"4,6624"
"127,7300";"3,7499";"4,6636"
"127,7400";"3,7499";"4,6663"
"127,7500";"3,7499";"4,6658"
"127,7600";"3,7499";"4,6606"
"127,7700";"3,7499";"4,6572"
"127,7800";"3,7499";"4,6569"
"127,7900";"3,7499";"4,6584"
"127,8000";"3,7499";"4,6589"
"127,8100";"3,7499";"4,6578"
"127,8200";"3,7499";"4,6582"
"127,8300";"3,7499";"4,6590"
"127,8400";"3,7499";"4,6580"
"127,8500";"3,7499";"4,6569"
"127,8600";"3,7499";"4,6578"
"127,8700";"3,7499";"4,6584"
"127,8800";"3,7499";"4,6578"
"127,8900";"3,7499";"4,6568"
"127,9000";"3,7499";"4,6565"
"127,9100";"3,7499";"4,6560"
"127,9200";"3,7499";"4,6556"
"127,9300";"3,7499";"4,6544"
"127,9400";"3,7499";"4,6536"
"127,9500";"3,7499";"4,6537"
"127,9600";"3,7499";"4,6534"
"127,9700";"3,7499";"4,6522"
"127,9800";"3,7499";"4,6522"
"127,9900";"3,7499";"4,6526"
"128,0000";"3,7499";"4,6519"
"128,0100";"3,7499";"4,6493"
"128,0200";"3,7499";"4,6491"
"128,0300";"3,7499";"4,6504"
"128,0400";"3,7499";"4,6518"
"128,0500";"3,7499";"4,6510"
"128,0600";"3,7499";"4,6504"
"128,0700";"3,7499";"4,6499"
"128,0800";"3,7499";"4,6491"
"128,0900";"3,7499";"4,6491"
"128,1000";"3,7499";"4,6493"
"128,1100";"3,7499";"4,6483"
"128,1200";"3,7499";"4,6470"
"128,1300";"3,7499";"4,6442"
"128,1400";"3,7499";"4,6426"
"128,1500";"3,7499";"4,6428"
"128,1600";"3,7499";"4,6435"
"128,1700";"3,7499";"4,6433"
"128,1800";"3,7499";"4,6436"
"128,1900";"3,7499";"4,6442"
"128,2000";"3,7499";"4,6446"
"128,2100";"3,7499";"4,6422"
"128,2200";"3,7499";"4,6404"
"128,2300";"3,7499";"4,6403"
"128,2400";"3,7499";"4,6399"
"128,2500";"3,7499";"4,6384"
"128,2600";"3,7499";"4,6389"
"128,2700";"3,7499";"4,6412"
"128,2800";"3,7499";"4,6431"
"128,2900";"3,7499";"4,6430"
"128,3000";"3,7499";"4,6417"
"128,3100";"3,7499";"4,6408"
"128,3200";"3,7499";"4,6406"
"128,3300";"3,7499";"4,6386"
"128,3400";"3,7499";"4,6359"
"128,3500";"3,7499";"4,6343"
"128,3600";"3,7499";"4,6353"
"128,3700";"3,7499";"4,6356"
"128,3800";"3,7499";"4,6354"
"128,3900";"3,7499";"4,6352"
"128,4000";"3,7499";"4,6353"
"128,4100";"3,7499";"4,6341"
"128,4200";"3,7499";"4,6331"
"128,4300";"3,7499";"4,6338"
"128,4400";"3,7499";"4,6334"
"128,4500";"3,7499";"4,6314"
"128,4600";"3,7499";"4,6301"
"128,4700";"3,7499";"4,6296"
"128,4800";"3,7499";"4,6302"
"128,4900";"3,7499";"4,6297"
"128,5000";"3,7499";"4,6302"
"128,5100";"3,7499";"4,6313"
"128,5200";"3,7499";"4,6312"
"128,5300";"3,7499";"4,6302"
"128,5400";"3,7499";"4,6295"
"128,5500";"3,7499";"4,6302"
"128,5600";"3,7499";"4,6299"
"128,5700";"3,7499";"4,6271"
"128,5800";"3,7499";"4,6246"
"128,5900";"3,7499";"4,6255"
"128,6000";"3,7499";"4,6271"
"128,6100";"3,7499";"4,6274"
"128,6200";"3,7499";"4,6256"
"128,6300";"3,7499";"4,6242"
"128,6400";"3,7499";"4,6249"
"128,6500";"3,7499";"4,6250"
"128,6600";"3,7499";"4,6250"
"128,6700";"3,7499";"4,6239"
"128,6800";"3,7499";"4,6233"
"128,6900";"3,7499";"4,6219"
"128,7000";"3,7499";"4,6211"
"128,7100";"3,7499";"4,6226"
"128,7200";"3,7499";"4,6241"
"128,7300";"3,7499";"4,6238"
"128,7400";"3,7499";"4,6221"
"128,7500";"3,7499";"4,6213"
"128,7600";"3,7499";"4,6218"
"128,7700";"3,7499";"4,6205"
"128,7800";"3,7499";"4,6192"
"128,7900";"3,7499";"4,6203"
"128,8000";"3,7499";"4,6211"
"128,8100";"3,7499";"4,6212"
"128,8200";"3,7499";"4,6204"
"128,8300";"3,7499";"4,6205"
"128,8400";"3,7499";"4,6217"
"128,8500";"3,7499";"4,6197"
"128,8600";"3,7499";"4,6159"
"128,8700";"3,7499";"4,6142"
"128,8800";"3,7499";"4,6160"
"128,8900";"3,7499";"4,6177"
"128,9000";"3,7499";"4,6164"
"128,9100";"3,7499";"4,6151"
"128,9200";"3,7499";"4,6157"
"128,9300";"3,7499";"4,6170"
"128,9400";"3,7499";"4,6159"
"128,9500";"3,7499";"4,6142"
"128,9600";"3,7499";"4,6130"
"128,9700";"3,7499";"4,6118"
"128,9800";"3,7499";"4,6122"
"128,9900";"3,7499";"4,6125"
"129,0000";"3,7499";"4,6128"
"129,0100";"3,7499";"4,6125"
"129,0200";"3,7499";"4,6116"
"129,0300";"3,7499";"4,6103"
"129,0400";"3,7499";"4,6104"
"129,0500";"3,7499";"4,6114"
"129,0600";"3,7499";"4,6112"
"129,0700";"3,7499";"4,6113"
"129,0800";"3,7499";"4,6107"
"129,0900";"3,7499";"4,6111"
"129,1000";"3,7499";"4,6109"
"129,1100";"3,7499";"4,6084"
"129,1200";"3,7499";"4,6067"
"129,1300";"3,7499";"4,6050"
"129,1400";"3,7499";"4,6038"
"129,1500";"3,7499";"4,6044"
"129,1600";"3,7499";"4,6067"
"129,1700";"3,7499";"4,6085"
"129,1800";"3,7499";"4,6074"
"129,1900";"3,7499";"4,6052"
"129,2000";"3,7499";"4,6048"
"129,2100";"3,7499";"4,6055"
"129,2200";"3,7499";"4,6044"
"129,2300";"3,7499";"4,6022"
"129,2400";"3,7499";"4,6020"
"129,2500";"3,7499";"4,6041"
"129,2600";"3,7499";"4,6055"
"129,2700";"3,7499";"4,6047"
"129,2800";"3,7499";"4,6035"
"129,2900";"3,7499";"4,6031"
"129,3000";"3,7499";"4,6022"
"129,3100";"3,7499";"4,6002"
"129,3200";"3,7499";"4,5987"
"129,3300";"3,7499";"4,6000"
"129,3400";"3,7499";"4,6003"
"129,3500";"3,7499";"4,5988"
"129,3600";"3,7499";"4,5986"
"129,3700";"3,7499";"4,5993"
"129,3800";"3,7499";"4,5990"
"129,3900";"3,7499";"4,5972"
"129,4000";"3,7499";"4,5949"
"129,4100";"3,7499";"4,5954"
"129,4200";"3,7499";"4,5961"
"129,4300";"3,7499";"4,5969"
"129,4400";"3,7499";"4,5980"
"129,4500";"3,7499";"4,5995"
"129,4600";"3,7499";"4,6000"
"129,4700";"3,7499";"4,5991"
"129,4800";"3,7499";"4,5978"
"129,4900";"3,7499";"4,5980"
"129,5000";"3,7499";"4,5971"
"129,5100";"3,7499";"4,5948"
"129,5200";"3,7499";"4,5923"
"129,5300";"3,7499";"4,5922"
"129,5400";"3,7499";"4,5941"
"129,5500";"3,7499";"4,5949"
"129,5600";"3,7499";"4,5935"
"129,5700";"3,7499";"4,5923"
"129,5800";"3,7499";"4,5915"
"129,5900";"3,7499";"4,5909"
"129,6000";"3,7499";"4,5922"
"129,6100";"3,7499";"4,5937"
"129,6200";"3,7499";"4,5937"
"129,6300";"3,7499";"4,5925"
"129,6400";"3,7499";"4,5922"
"129,6500";"3,7499";"4,5927"
"129,6600";"3,7499";"4,5927"
"129,6700";"3,7499";"4,5904"
"129,6800";"3,7499";"4,5879"
"129,6900";"3,7499";"4,5887"
"129,7000";"3,7499";"4,5910"
"129,7100";"3,7499";"4,5911"
"129,7200";"3,7499";"4,5901"
"129,7300";"3,7499";"4,5894"
"129,7400";"3,7499";"4,5891"
"129,7500";"3,7499";"4,5870"
"129,7600";"3,7499";"4,5858"
"129,7700";"3,7499";"4,5858"
"129,7800";"3,7499";"4,5861"
"129,7900";"3,7499";"4,5862"
"129,8000";"3,7499";"4,5863"
"129,8100";"3,7499";"4,5864"
"129,8200";"3,7499";"4,5875"
"129,8300";"3,7499";"4,5864"
"129,8400";"3,7499";"4,5851"
"129,8500";"3,7499";"4,5848"
"129,8600";"3,7499";"4,5846"
"129,8700";"3,7499";"4,5838"
"129,8800";"3,7499";"4,5840"
"129,8900";"3,7499";"4,5851"
"129,9000";"3,7499";"4,5848"
"129,9100";"3,7499";"4,5833"
"129,9200";"3,7499";"4,5809"
"129,9300";"3,7499";"4,5802"
"129,9400";"3,7499";"4,5806"
"129,9500";"3,7499";"4,5801"
"129,9600";"3,7499";"4,5801"
"129,9700";"3,7499";"4,5810"
"129,9800";"3,7499";"4,5819"
"129,9900";"3,7499";"4,5817"
"130,0000";"3,7499";"4,5800"
"130,0100";"3,7499";"4,5791"
"130,0200";"3,7499";"4,5794"
"130,0300";"3,7499";"4,5791"
"130,0400";"3,7499";"4,5779"
"130,0500";"3,7499";"4,5768"
"130,0600";"3,7499";"4,5777"
"130,0700";"3,7499";"4,5769"
"130,0800";"3,7499";"4,5745"
"130,0900";"3,7499";"4,5745"
"130,1000";"3,7499";"4,5767"
"130,1100";"3,7499";"4,5778"
"130,1200";"3,7499";"4,5772"
"130,1300";"3,7499";"4,5764"
"130,1400";"3,7499";"4,5774"
"130,1500";"3,7499";"4,5774"
"130,1600";"3,7499";"4,5758"
"130,1700";"3,7499";"4,5736"
"130,1800";"3,7499";"4,5718"
"130,1900";"3,7499";"4,5721"
"130,2000";"3,7499";"4,5729"
"130,2100";"3,7499";"4,5739"
"130,2200";"3,7499";"4,5753"
"130,2300";"3,7499";"4,5761"
"130,2400";"3,7499";"4,5765"
"130,2500";"3,7499";"4,5753"
"130,2600";"3,7499";"4,5749"
"130,2700";"3,7499";"4,5748"
"130,2800";"3,7499";"4,5740"
"130,2900";"3,7499";"4,5729"
"130,3000";"3,7499";"4,5727"
"130,3100";"3,7499";"4,5726"
"130,3200";"3,7499";"4,5727"
"130,3300";"3,7499";"4,5719"
"130,3400";"3,7499";"4,5707"
"130,3500";"3,7499";"4,5692"
"130,3600";"3,7499";"4,5688"
"130,3700";"3,7499";"4,5685"
"130,3800";"3,7499";"4,5700"
"130,3900";"3,7499";"4,5701"
"130,4000";"3,7499";"4,5691"
"130,4100";"3,7499";"4,5682"
"130,4200";"3,7499";"4,5687"
"130,4300";"3,7499";"4,5695"
"130,4400";"3,7499";"4,5674"
"130,4500";"3,7499";"4,5655"
"130,4600";"3,7499";"4,5657"
"130,4700";"3,7499";"4,5676"
"130,4800";"3,7499";"4,5666"
"130,4900";"3,7499";"4,5642"
"130,5000";"3,7499";"4,5655"
"130,5100";"3,7499";"4,5668"
"130,5200";"3,7499";"4,5673"
"130,5300";"3,7499";"4,5673"
"130,5400";"3,7499";"4,5660"
"130,5500";"3,7499";"4,5647"
"130,5600";"3,7499";"4,5629"
"130,5700";"3,7499";"4,5609"
"130,5800";"3,7499";"4,5613"
"130,5900";"3,7499";"4,5648"
"130,6000";"3,7499";"4,5662"
"130,6100";"3,7499";"4,5652"
"130,6200";"3,7499";"4,5639"
"130,6300";"3,7499";"4,5632"
"130,6400";"3,7499";"4,5619"
"130,6500";"3,7499";"4,5606"
"130,6600";"3,7499";"4,5603"
"130,6700";"3,7499";"4,5604"
"130,6800";"3,7499";"4,5614"
"130,6900";"3,7499";"4,5618"
"130,7000";"3,7499";"4,5623"
"130,7100";"3,7499";"4,5627"
"130,7200";"3,7499";"4,5612"
"130,7300";"3,7499";"4,5592"
"130,7400";"3,7499";"4,5593"
"130,7500";"3,7499";"4,5619"
"130,7600";"3,7499";"4,5646"
"130,7700";"3,7499";"4,5636"
"130,7800";"3,7499";"4,5609"
"130,7900";"3,7499";"4,5602"
"130,8000";"3,7499";"4,5615"
"130,8100";"3,7499";"4,5615"
"130,8200";"3,7499";"4,5604"
"130,8300";"3,7499";"4,5595"
"130,8400";"3,7499";"4,5570"
"130,8500";"3,7499";"4,5558"
"130,8600";"3,7499";"4,5572"
"130,8700";"3,7499";"4,5594"
"130,8800";"3,7499";"4,5593"
"130,8900";"3,7499";"4,5572"
"130,9000";"3,7499";"4,5549"
"130,9100";"3,7499";"4,5550"
"130,9200";"3,7499";"4,5550"
"130,9300";"3,7499";"4,5541"
"130,9400";"3,7499";"4,5527"
"130,9500";"3,7499";"4,5525"
"130,9600";"3,7499";"4,5543"
"130,9700";"3,7499";"4,5547"
"130,9800";"3,7499";"4,5549"
"130,9900";"3,7499";"4,5545"
"131,0000";"3,7499";"4,5528"
"131,0100";"3,7499";"4,5503"
"131,0200";"3,7499";"4,5500"
"131,0300";"3,7499";"4,5518"
"131,0400";"3,7499";"4,5546"
"131,0500";"3,7499";"4,5549"
"131,0600";"3,7499";"4,5535"
"131,0700";"3,7499";"4,5524"
"131,0800";"3,7499";"4,5510"
"131,0900";"3,7499";"4,5495"
"131,1000";"3,7499";"4,5481"
"131,1100";"3,7499";"4,5479"
"131,1200";"3,7499";"4,5487"
"131,1300";"3,7499";"4,5493"
"131,1400";"3,7499";"4,5512"
"131,1500";"3,7499";"4,5533"
"131,1600";"3,7499";"4,5541"
"131,1700";"3,7499";"4,5516"
"131,1800";"3,7499";"4,5468"
"131,1900";"3,7499";"4,5456"
"131,2000";"3,7499";"4,5480"
"131,2100";"3,7499";"4,5498"
"131,2200";"3,7499";"4,5483"
"131,2300";"3,7499";"4,5478"
"131,2400";"3,7499";"4,5481"
"131,2500";"3,7499";"4,5481"
"131,2600";"3,7499";"4,5465"
"131,2700";"3,7499";"4,5454"
"131,2800";"3,7499";"4,5457"
"131,2900";"3,7499";"4,5461"
"131,3000";"3,7499";"4,5468"
"131,3100";"3,7499";"4,5473"
"131,3200";"3,7499";"4,5476"
"131,3300";"3,7499";"4,5480"
"131,3400";"3,7499";"4,5457"
"131,3500";"3,7499";"4,5454"
"131,3600";"3,7499";"4,5460"
"131,3700";"3,7499";"4,5456"
"131,3800";"3,7499";"4,5443"
"131,3900";"3,7499";"4,5426"
"131,4000";"3,7499";"4,5426"
"131,4100";"3,7499";"4,5426"
"131,4200";"3,7499";"4,5421"
"131,4300";"3,7499";"4,5429"
"131,4400";"3,7499";"4,5440"
"131,4500";"3,7499";"4,5432"
"131,4600";"3,7499";"4,5416"
"131,4700";"3,7499";"4,5399"
"131,4800";"3,7499";"4,5386"
"131,4900";"3,7499";"4,5394"
"131,5000";"3,7499";"4,5401"
"131,5100";"3,7499";"4,5397"
"131,5200";"3,7499";"4,5404"
"131,5300";"3,7499";"4,5410"
"131,5400";"3,7499";"4,5409"
"131,5500";"3,7499";"4,5391"
"131,5600";"3,7499";"4,5382"
"131,5700";"3,7499";"4,5375"
"131,5800";"3,7499";"4,5373"
"131,5900";"3,7499";"4,5384"
"131,6000";"3,7499";"4,5382"
"131,6100";"3,7499";"4,5359"
"131,6200";"3,7499";"4,5339"
"131,6300";"3,7499";"4,5351"
"131,6400";"3,7499";"4,5379"
"131,6500";"3,7499";"4,5389"
"131,6600";"3,7499";"4,5368"
"131,6700";"3,7499";"4,5353"
"131,6800";"3,7499";"4,5362"
"131,6900";"3,7499";"4,5382"
"131,7000";"3,7499";"4,5374"
"131,7100";"3,7499";"4,5345"
"131,7200";"3,7499";"4,5329"
"131,7300";"3,7499";"4,5342"
"131,7400";"3,7499";"4,5356"
"131,7500";"3,7499";"4,5363"
"131,7600";"3,7499";"4,5370"
"131,7700";"3,7499";"4,5375"
"131,7800";"3,7499";"4,5363"
"131,7900";"3,7499";"4,5331"
"131,8000";"3,7499";"4,5317"
"131,8100";"3,7499";"4,5316"
"131,8200";"3,7499";"4,5315"
"131,8300";"3,7499";"4,5300"
"131,8400";"3,7499";"4,5292"
"131,8500";"3,7499";"4,5305"
"131,8600";"3,7499";"4,5335"
"131,8700";"3,7499";"4,5346"
"131,8800";"3,7499";"4,5332"
"131,8900";"3,7499";"4,5310"
"131,9000";"3,7499";"4,5294"
"131,9100";"3,7499";"4,5284"
"131,9200";"3,7499";"4,5288"
"131,9300";"3,7499";"4,5295"
"131,9400";"3,7499";"4,5306"
"131,9500";"3,7499";"4,5310"
"131,9600";"3,7499";"4,5313"
"131,9700";"3,7499";"4,5325"
"131,9800";"3,7499";"4,5328"
"131,9900";"3,7499";"4,5308"
"132,0000";"3,7499";"4,5294"
"132,0100";"3,7499";"4,5303"
"132,0200";"3,7499";"4,5315"
"132,0300";"3,7499";"4,5312"
"132,0400";"3,7499";"4,5302"
"132,0500";"3,7499";"4,5302"
"132,0600";"3,7499";"4,5304"
"132,0700";"3,7499";"4,5296"
"132,0800";"3,7499";"4,5282"
"132,0900";"3,7499";"4,5279"
"132,1000";"3,7499";"4,5283"
"132,1100";"3,7499";"4,5273"
"132,1200";"3,7499";"4,5280"
"132,1300";"3,7499";"4,5296"
"132,1400";"3,7499";"4,5300"
"132,1500";"3,7499";"4,5289"
"132,1600";"3,7499";"4,5269"
"132,1700";"3,7499";"4,5255"
"132,1800";"3,7499";"4,5243"
"132,1900";"3,7499";"4,5243"
"132,2000";"3,7499";"4,5262"
"132,2100";"3,7499";"4,5282"
"132,2200";"3,7499";"4,5280"
"132,2300";"3,7499";"4,5269"
"132,2400";"3,7499";"4,5263"
"132,2500";"3,7499";"4,5265"
"132,2600";"3,7499";"4,5257"
"132,2700";"3,7499";"4,5240"
"132,2800";"3,7499";"4,5225"
"132,2900";"3,7499";"4,5229"
"132,3000";"3,7499";"4,5253"
"132,3100";"3,7499";"4,5258"
"132,3200";"3,7499";"4,5256"
"132,3300";"3,7499";"4,5247"
"132,3400";"3,7499";"4,5244"
"132,3500";"3,7499";"4,5229"
"132,3600";"3,7499";"4,5204"
"132,3700";"3,7499";"4,5194"
"132,3800";"3,7499";"4,5194"
"132,3900";"3,7499";"4,5200"
"132,4000";"3,7499";"4,5211"
"132,4100";"3,7499";"4,5216"
"132,4200";"3,7499";"4,5224"
"132,4300";"3,7499";"4,5217"
"132,4400";"3,7499";"4,5207"
"132,4500";"3,7499";"4,5204"
"132,4600";"3,7499";"4,5212"
"132,4700";"3,7499";"4,5212"
"132,4800";"3,7499";"4,5196"
"132,4900";"3,7499";"4,5184"
"132,5000";"3,7499";"4,5187"
"132,5100";"3,7499";"4,5200"
"132,5200";"3,7499";"4,5202"
"132,5300";"3,7499";"4,5202"
"132,5400";"3,7499";"4,5223"
"132,5500";"3,7499";"4,5236"
"132,5600";"3,7499";"4,5226"
"132,5700";"3,7499";"4,5215"
"132,5800";"3,7499";"4,5196"
"132,5900";"3,7499";"4,5174"
"132,6000";"3,7499";"4,5168"
"132,6100";"3,7499";"4,5160"
"132,6200";"3,7499";"4,5172"
"132,6300";"3,7499";"4,5190"
"132,6400";"3,7499";"4,5202"
"132,6500";"3,7499";"4,5194"
"132,6600";"3,7499";"4,5188"
"132,6700";"3,7499";"4,5164"
"132,6800";"3,7499";"4,5136"
"132,6900";"3,7499";"4,5134"
"132,7000";"3,7499";"4,5141"
"132,7100";"3,7499";"4,5151"
"132,7200";"3,7499";"4,5147"
"132,7300";"3,7499";"4,5147"
"132,7400";"3,7499";"4,5162"
"132,7500";"3,7499";"4,5171"
"132,7600";"3,7499";"4,5153"
"132,7700";"3,7499";"4,5122"
"132,7800";"3,7499";"4,5118"
"132,7900";"3,7499";"4,5137"
"132,8000";"3,7499";"4,5156"
"132,8100";"3,7499";"4,5165"
"132,8200";"3,7499";"4,5158"
"132,8300";"3,7499";"4,5144"
"132,8400";"3,7499";"4,5137"
"132,8500";"3,7499";"4,5128"
"132,8600";"3,7499";"4,5109"
"132,8700";"3,7499";"4,5111"
"132,8800";"3,7499";"4,5121"
"132,8900";"3,7499";"4,5120"
"132,9000";"3,7499";"4,5121"
"132,9100";"3,7499";"4,5125"
"132,9200";"3,7499";"4,5117"
"132,9300";"3,7499";"4,5107"
"132,9400";"3,7499";"4,5103"
"132,9500";"3,7499";"4,5103"
"132,9600";"3,7499";"4,5105"
"132,9700";"3,7499";"4,5101"
"132,9800";"3,7499";"4,5106"
"132,9900";"3,7499";"4,5124"
"133,0000";"3,7499";"4,5124"
"133,0100";"3,7499";"4,5106"
"133,0200";"3,7499";"4,5098"
"133,0300";"3,7499";"4,5110"
"133,0400";"3,7499";"4,5117"
"133,0500";"3,7499";"4,5106"
"133,0600";"3,7499";"4,5078"
"133,0700";"3,7499";"4,5074"
"133,0800";"3,7499";"4,5104"
"133,0900";"3,7499";"4,5120"
"133,1000";"3,7499";"4,5107"
"133,1100";"3,7499";"4,5077"
"133,1200";"3,7499";"4,5062"
"133,1300";"3,7499";"4,5059"
"133,1400";"3,7499";"4,5056"
"133,1500";"3,7499";"4,5067"
"133,1600";"3,7499";"4,5075"
"133,1700";"3,7499";"4,5063"
"133,1800";"3,7499";"4,5054"
"133,1900";"3,7499";"4,5066"
"133,2000";"3,7499";"4,5082"
"133,2100";"3,7499";"4,5078"
"133,2200";"3,7499";"4,5055"
"133,2300";"3,7499";"4,5039"
"133,2400";"3,7499";"4,5034"
"133,2500";"3,7499";"4,5024"
"133,2600";"3,7499";"4,5020"
"133,2700";"3,7499";"4,5042"
"133,2800";"3,7499";"4,5055"
"133,2900";"3,7499";"4,5061"
"133,3000";"3,7499";"4,5054"
"133,3100";"3,7499";"4,5062"
"133,3200";"3,7499";"4,5071"
"133,3300";"3,7499";"4,5063"
"133,3400";"3,7499";"4,5046"
"133,3500";"3,7499";"4,5032"
"133,3600";"3,7499";"4,5029"
"133,3700";"3,7499";"4,5028"
"133,3800";"3,7499";"4,5018"
"133,3900";"3,7499";"4,5027"
"133,4000";"3,7499";"4,5027"
"133,4100";"3,7499";"4,5028"
"133,4200";"3,7499";"4,5030"
"133,4300";"3,7499";"4,5042"
"133,4400";"3,7499";"4,5055"
"133,4500";"3,7499";"4,5042"
"133,4600";"3,7499";"4,5021"
"133,4700";"3,7499";"4,5023"
"133,4800";"3,7499";"4,5047"
"133,4900";"3,7499";"4,5043"
"133,5000";"3,7499";"4,5008"
"133,5100";"3,7499";"4,5006"
"133,5200";"3,7499";"4,5024"
"133,5300";"3,7499";"4,5021"
"133,5400";"3,7499";"4,4997"
"133,5500";"3,7499";"4,4979"
"133,5600";"3,7499";"4,4981"
"133,5700";"3,7499";"4,4999"
"133,5800";"3,7499";"4,5010"
"133,5900";"3,7499";"4,5012"
"133,6000";"3,7499";"4,4998"
"133,6100";"3,7499";"4,4979"
"133,6200";"3,7499";"4,4966"
"133,6300";"3,7499";"4,4959"
"133,6400";"3,7499";"4,4954"
"133,6500";"3,7499";"4,4960"
"133,6600";"3,7499";"4,4966"
"133,6700";"3,7499";"4,4986"
"133,6800";"3,7499";"4,5006"
"133,6900";"3,7499";"4,5007"
"133,7000";"3,7499";"4,4981"
"133,7100";"3,7499";"4,4952"
"133,7200";"3,7499";"4,4946"
"133,7300";"3,7499";"4,4937"
"133,7400";"3,7499";"4,4931"
"133,7500";"3,7499";"4,4947"
"133,7600";"3,7499";"4,4980"
"133,7700";"3,7499";"4,4985"
"133,7800";"3,7499";"4,4959"
"133,7900";"3,7499";"4,4930"
"133,8000";"3,7499";"4,4929"
"133,8100";"3,7499";"4,4943"
"133,8200";"3,7499";"4,4952"
"133,8300";"3,7499";"4,4942"
"133,8400";"3,7499";"4,4963"
"133,8500";"3,7499";"4,4985"
"133,8600";"3,7499";"4,4993"
"133,8700";"3,7499";"4,4977"
"133,8800";"3,7499";"4,4954"
"133,8900";"3,7499";"4,4936"
"133,9000";"3,7499";"4,4913"
"133,9100";"3,7499";"4,4903"
"133,9200";"3,7499";"4,4907"
"133,9300";"3,7499";"4,4928"
"133,9400";"3,7499";"4,4955"
"133,9500";"3,7499";"4,4970"
"133,9600";"3,7499";"4,4969"
"133,9700";"3,7499";"4,4952"
"133,9800";"3,7499";"4,4925"
"133,9900";"3,7499";"4,4903"
"134,0000";"3,7499";"4,4907"
"134,0100";"3,7499";"4,4919"
"134,0200";"3,7499";"4,4914"
"134,0300";"3,7499";"4,4910"
"134,0400";"3,7499";"4,4930"
"134,0500";"3,7499";"4,4945"
"134,0600";"3,7499";"4,4933"
"134,0700";"3,7499";"4,4916"
"134,0800";"3,7499";"4,4909"
"134,0900";"3,7499";"4,4907"
"134,1000";"3,7499";"4,4900"
"134,1100";"3,7499";"4,4895"
"134,1200";"3,7499";"4,4897"
"134,1300";"3,7499";"4,4909"
"134,1400";"3,7499";"4,4915"
"134,1500";"3,7499";"4,4914"
"134,1600";"3,7499";"4,4915"
"134,1700";"3,7499";"4,4913"
"134,1800";"3,7499";"4,4884"
"134,1900";"3,7499";"4,4857"
"134,2000";"3,7499";"4,4854"
"134,2100";"3,7499";"4,4872"
"134,2200";"3,7499";"4,4892"
"134,2300";"3,7499";"4,4891"
"134,2400";"3,7499";"4,4893"
"134,2500";"3,7499";"4,4901"
"134,2600";"3,7499";"4,4887"
"134,2700";"3,7499";"4,4873"
"134,2800";"3,7499";"4,4876"
"134,2900";"3,7499";"4,4902"
"134,3000";"3,7499";"4,4918"
"134,3100";"3,7499";"4,4892"
"134,3200";"3,7499";"4,4853"
"134,3300";"3,7499";"4,4843"
"134,3400";"3,7499";"4,4857"
"134,3500";"3,7499";"4,4872"
"134,3600";"3,7499";"4,4870"
"134,3700";"3,7499";"4,4876"
"134,3800";"3,7499";"4,4885"
"134,3900";"3,7499";"4,4886"
"134,4000";"3,7499";"4,4881"
"134,4100";"3,7499";"4,4875"
"134,4200";"3,7499";"4,4857"
"134,4300";"3,7499";"4,4838"
"134,4400";"3,7499";"4,4831"
"134,4500";"3,7499";"4,4847"
"134,4600";"3,7499";"4,4861"
"134,4700";"3,7499";"4,4865"
"134,4800";"3,7499";"4,4857"
"134,4900";"3,7499";"4,4851"
"134,5000";"3,7499";"4,4843"
"134,5100";"3,7499";"4,4837"
"134,5200";"3,7499";"4,4841"
"134,5300";"3,7499";"4,4843"
"134,5400";"3,7499";"4,4838"
"134,5500";"3,7499";"4,4824"
"134,5600";"3,7499";"4,4817"
"134,5700";"3,7499";"4,4822"
"134,5800";"3,7499";"4,4831"
"134,5900";"3,7499";"4,4825"
"134,6000";"3,7499";"4,4802"
"134,6100";"3,7499";"4,4788"
"134,6200";"3,7499";"4,4796"
"134,6300";"3,7499";"4,4807"
"134,6400";"3,7499";"4,4822"
"134,6500";"3,7499";"4,4840"
"134,6600";"3,7499";"4,4838"
"134,6700";"3,7499";"4,4813"
"134,6800";"3,7499";"4,4797"
"134,6900";"3,7499";"4,4795"
"134,7000";"3,7499";"4,4800"
"134,7100";"3,7499";"4,4791"
"134,7200";"3,7499";"4,4784"
"134,7300";"3,7499";"4,4796"
"134,7400";"3,7499";"4,4819"
"134,7500";"3,7499";"4,4828"
"134,7600";"3,7499";"4,4824"
"134,7700";"3,7499";"4,4827"
"134,7800";"3,7499";"4,4834"
"134,7900";"3,7499";"4,4812"
"134,8000";"3,7499";"4,4778"
"134,8100";"3,7499";"4,4776"
"134,8200";"3,7499";"4,4803"
"134,8300";"3,7499";"4,4814"
"134,8400";"3,7499";"4,4808"
"134,8500";"3,7499";"4,4801"
"134,8600";"3,7499";"4,4789"
"134,8700";"3,7499";"4,4770"
"134,8800";"3,7499";"4,4745"
"134,8900";"3,7499";"4,4734"
"134,9000";"3,7499";"4,4742"
"134,9100";"3,7499";"4,4756"
"134,9200";"3,7499";"4,4767"
"134,9300";"3,7499";"4,4765"
"134,9400";"3,7499";"4,4770"
"134,9500";"3,7499";"4,4769"
"134,9600";"3,7499";"4,4746"
"134,9700";"3,7499";"4,4725"
"134,9800";"3,7499";"4,4717"
"134,9900";"3,7499";"4,4721"
"135,0000";"3,7499";"4,4748"
"135,0100";"3,7499";"4,4781"
"135,0200";"3,7499";"4,4786"
"135,0300";"3,7499";"4,4768"
"135,0400";"3,7499";"4,4753"
"135,0500";"3,7499";"4,4729"
"135,0600";"3,7499";"4,4714"
"135,0700";"3,7499";"4,4716"
"135,0800";"3,7499";"4,4713"
"135,0900";"3,7499";"4,4719"
"135,1000";"3,7499";"4,4748"
"135,1100";"3,7499";"4,4777"
"135,1200";"3,7499";"4,4775"
"135,1300";"3,7499";"4,4747"
"135,1400";"3,7499";"4,4723"
"135,1500";"3,7499";"4,4710"
"135,1600";"3,7499";"4,4708"
"135,1700";"3,7499";"4,4711"
"135,1800";"3,7499";"4,4734"
"135,1900";"3,7499";"4,4757"
"135,2000";"3,7499";"4,4752"
"135,2100";"3,7499";"4,4718"
"135,2200";"3,7499";"4,4708"
"135,2300";"3,7499";"4,4719"
"135,2400";"3,7499";"4,4727"
"135,2500";"3,7499";"4,4728"
"135,2600";"3,7499";"4,4727"
"135,2700";"3,7499";"4,4731"
"135,2800";"3,7499";"4,4728"
"135,2900";"3,7499";"4,4717"
"135,3000";"3,7499";"4,4711"
"135,3100";"3,7499";"4,4704"
"135,3200";"3,7499";"4,4686"
"135,3300";"3,7499";"4,4669"
"135,3400";"3,7499";"4,4673"
"135,3500";"3,7499";"4,4692"
"135,3600";"3,7499";"4,4694"
"135,3700";"3,7499";"4,4690"
"135,3800";"3,7499";"4,4695"
"135,3900";"3,7499";"4,4702"
"135,4000";"3,7499";"4,4703"
"135,4100";"3,7499";"4,4692"
"135,4200";"3,7499";"4,4686"
"135,4300";"3,7499";"4,4681"
"135,4400";"3,7499";"4,4673"
"135,4500";"3,7499";"4,4673"
"135,4600";"3,7499";"4,4699"
"135,4700";"3,7499";"4,4724"
"135,4800";"3,7499";"4,4729"
"135,4900";"3,7499";"4,4702"
"135,5000";"3,7499";"4,4681"
"135,5100";"3,7499";"4,4671"
"135,5200";"3,7499";"4,4659"
"135,5300";"3,7499";"4,4650"
"135,5400";"3,7499";"4,4657"
"135,5500";"3,7499";"4,4681"
"135,5600";"3,7499";"4,4695"
"135,5700";"3,7499";"4,4682"
"135,5800";"3,7499";"4,4658"
"135,5900";"3,7499";"4,4653"
"135,6000";"3,7499";"4,4658"
"135,6100";"3,7499";"4,4654"
"135,6200";"3,7499";"4,4657"
"135,6300";"3,7499";"4,4681"
"135,6400";"3,7499";"4,4711"
"135,6500";"3,7499";"4,4706"
"135,6600";"3,7499";"4,4675"
"135,6700";"3,7499";"4,4648"
"135,6800";"3,7499";"4,4636"
"135,6900";"3,7499";"4,4629"
"135,7000";"3,7499";"4,4636"
"135,7100";"3,7499";"4,4654"
"135,7200";"3,7499";"4,4672"
"135,7300";"3,7499";"4,4673"
"135,7400";"3,7499";"4,4663"
"135,7500";"3,7499";"4,4666"
"135,7600";"3,7499";"4,4662"
"135,7700";"3,7499";"4,4642"
"135,7800";"3,7499";"4,4628"
"135,7900";"3,7499";"4,4629"
"135,8000";"3,7499";"4,4652"
"135,8100";"3,7499";"4,4668"
"135,8200";"3,7499";"4,4667"
"135,8300";"3,7499";"4,4667"
"135,8400";"3,7499";"4,4665"
"135,8500";"3,7499";"4,4642"
"135,8600";"3,7499";"4,4612"
"135,8700";"3,7499";"4,4600"
"135,8800";"3,7499";"4,4592"
"135,8900";"3,7499";"4,4583"
"135,9000";"3,7499";"4,4593"
"135,9100";"3,7499";"4,4612"
"135,9200";"3,7499";"4,4629"
"135,9300";"3,7499";"4,4626"
"135,9400";"3,7499";"4,4615"
"135,9500";"3,7499";"4,4600"
"135,9600";"3,7499";"4,4594"
"135,9700";"3,7499";"4,4577"
"135,9800";"3,7499";"4,4581"
"135,9900";"3,7499";"4,4617"
"136,0000";"3,7499";"4,4650"
"136,0100";"3,7499";"4,4661"
"136,0200";"3,7499";"4,4642"
"136,0300";"3,7499";"4,4625"
"136,0400";"3,7499";"4,4616"
"136,0500";"3,7499";"4,4603"
"136,0600";"3,7499";"4,4573"
"136,0700";"3,7499";"4,4555"
"136,0800";"3,7499";"4,4561"
"136,0900";"3,7499";"4,4586"
"136,1000";"3,7499";"4,4605"
"136,1100";"3,7499";"4,4620"
"136,1200";"3,7499";"4,4623"
"136,1300";"3,7499";"4,4612"
"136,1400";"3,7499";"4,4596"
"136,1500";"3,7499";"4,4592"
"136,1600";"3,7499";"4,4594"
"136,1700";"3,7499";"4,4604"
"136,1800";"3,7499";"4,4601"
"136,1900";"3,7499";"4,4596"
"136,2000";"3,7499";"4,4611"
"136,2100";"3,7499";"4,4618"
"136,2200";"3,7499";"4,4607"
"136,2300";"3,7499";"4,4586"
"136,2400";"3,7499";"4,4574"
"136,2500";"3,7499";"4,4571"
"136,2600";"3,7499";"4,4563"
"136,2700";"3,7499";"4,4561"
"136,2800";"3,7499";"4,4569"
"136,2900";"3,7499";"4,4578"
"136,3000";"3,7499";"4,4571"
"136,3100";"3,7499";"4,4571"
"136,3200";"3,7499";"4,4571"
"136,3300";"3,7499";"4,4567"
"136,3400";"3,7499";"4,4563"
"136,3500";"3,7499";"4,4554"
"136,3600";"3,7499";"4,4547"
"136,3700";"3,7499";"4,4548"
"136,3800";"3,7499";"4,4554"
"136,3900";"3,7499";"4,4549"
"136,4000";"3,7499";"4,4543"
"136,4100";"3,7499";"4,4538"
"136,4200";"3,7499";"4,4536"
"136,4300";"3,7499";"4,4540"
"136,4400";"3,7499";"4,4559"
"136,4500";"3,7499";"4,4561"
"136,4600";"3,7499";"4,4534"
"136,4700";"3,7499";"4,4509"
"136,4800";"3,7499";"4,4518"
"136,4900";"3,7499";"4,4535"
"136,5000";"3,7499";"4,4541"
"136,5100";"3,7499";"4,4540"
"136,5200";"3,7499";"4,4529"
"136,5300";"3,7499";"4,4525"
"136,5400";"3,7499";"4,4526"
"136,5500";"3,7499";"4,4519"
"136,5600";"3,7499";"4,4507"
"136,5700";"3,7499";"4,4504"
"136,5800";"3,7499";"4,4508"
"136,5900";"3,7499";"4,4513"
"136,6000";"3,7499";"4,4534"
"136,6100";"3,7499";"4,4554"
"136,6200";"3,7499";"4,4534"
"136,6300";"3,7499";"4,4512"
"136,6400";"3,7499";"4,4507"
"136,6500";"3,7499";"4,4527"
"136,6600";"3,7499";"4,4544"
"136,6700";"3,7499";"4,4532"
"136,6800";"3,7499";"4,4512"
"136,6900";"3,7499";"4,4508"
"136,7000";"3,7499";"4,4505"
"136,7100";"3,7499";"4,4485"
"136,7200";"3,7499";"4,4485"
"136,7300";"3,7499";"4,4487"
"136,7400";"3,7499";"4,4488"
"136,7500";"3,7499";"4,4485"
"136,7600";"3,7499";"4,4492"
"136,7700";"3,7499";"4,4516"
"136,7800";"3,7499";"4,4524"
"136,7900";"3,7499";"4,4508"
"136,8000";"3,7499";"4,4490"
"136,8100";"3,7499";"4,4489"
"136,8200";"3,7499";"4,4505"
"136,8300";"3,7499";"4,4509"
"136,8400";"3,7499";"4,4500"
"136,8500";"3,7499";"4,4496"
"136,8600";"3,7499";"4,4507"
"136,8700";"3,7499";"4,4511"
"136,8800";"3,7499";"4,4487"
"136,8900";"3,7499";"4,4469"
"136,9000";"3,7499";"4,4464"
"136,9100";"3,7499";"4,4463"
"136,9200";"3,7499";"4,4462"
"136,9300";"3,7499";"4,4467"
"136,9400";"3,7499";"4,4479"
"136,9500";"3,7499";"4,4486"
"136,9600";"3,7499";"4,4480"
"136,9700";"3,7499";"4,4474"
"136,9800";"3,7499";"4,4466"
"136,9900";"3,7499";"4,4469"
"137,0000";"3,7499";"4,4473"
"137,0100";"3,7499";"4,4485"
"137,0200";"3,7499";"4,4486"
"137,0300";"3,7499";"4,4495"
"137,0400";"3,7499";"4,4504"
"137,0500";"3,7499";"4,4524"
"137,0600";"3,7499";"4,4531"
"137,0700";"3,7499";"4,4497"
"137,0800";"3,7499";"4,4467"
"137,0900";"3,7499";"4,4452"
"137,1000";"3,7499";"4,4458"
"137,1100";"3,7499";"4,4467"
"137,1200";"3,7499";"4,4459"
"137,1300";"3,7499";"4,4455"
"137,1400";"3,7499";"4,4471"
"137,1500";"3,7499";"4,4476"
"137,1600";"3,7499";"4,4469"
"137,1700";"3,7499";"4,4472"
"137,1800";"3,7499";"4,4470"
"137,1900";"3,7499";"4,4441"
"137,2000";"3,7499";"4,4404"
"137,2100";"3,7499";"4,4385"
"137,2200";"3,7499";"4,4407"
"137,2300";"3,7499";"4,4429"
"137,2400";"3,7499";"4,4436"
"137,2500";"3,7499";"4,4444"
"137,2600";"3,7499";"4,4453"
"137,2700";"3,7499";"4,4447"
"137,2800";"3,7499";"4,4426"
"137,2900";"3,7499";"4,4421"
"137,3000";"3,7499";"4,4424"
"137,3100";"3,7499";"4,4426"
"137,3200";"3,7499";"4,4429"
"137,3300";"3,7499";"4,4440"
"137,3400";"3,7499";"4,4474"
"137,3500";"3,7499";"4,4490"
"137,3600";"3,7499";"4,4470"
"137,3700";"3,7499";"4,4431"
"137,3800";"3,7499";"4,4411"
"137,3900";"3,7499";"4,4408"
"137,4000";"3,7499";"4,4408"
"137,4100";"3,7499";"4,4416"
"137,4200";"3,7499";"4,4434"
"137,4300";"3,7499";"4,4438"
"137,4400";"3,7499";"4,4429"
"137,4500";"3,7499";"4,4419"
"137,4600";"3,7499";"4,4410"
"137,4700";"3,7499";"4,4403"
"137,4800";"3,7499";"4,4388"
"137,4900";"3,7499";"4,4390"
"137,5000";"3,7499";"4,4427"
"137,5100";"3,7499";"4,4472"
"137,5200";"3,7499";"4,4473"
"137,5300";"3,7499";"4,4440"
"137,5400";"3,7499";"4,4414"
"137,5500";"3,7499";"4,4407"
"137,5600";"3,7499";"4,4395"
"137,5700";"3,7499";"4,4371"
"137,5800";"3,7499";"4,4369"
"137,5900";"3,7499";"4,4385"
"137,6000";"3,7499";"4,4409"
"137,6100";"3,7499";"4,4415"
"137,6200";"3,7499";"4,4407"
"137,6300";"3,7499";"4,4395"
"137,6400";"3,7499";"4,4390"
"137,6500";"3,7499";"4,4381"
"137,6600";"3,7499";"4,4375"
"137,6700";"3,7499";"4,4380"
"137,6800";"3,7499";"4,4382"
"137,6900";"3,7499";"4,4385"
"137,7000";"3,7499";"4,4394"
"137,7100";"3,7499";"4,4404"
"137,7200";"3,7499";"4,4390"
"137,7300";"3,7499";"4,4368"
"137,7400";"3,7499";"4,4361"
"137,7500";"3,7499";"4,4369"
"137,7600";"3,7499";"4,4383"
"137,7700";"3,7499";"4,4391"
"137,7800";"3,7499";"4,4401"
"137,7900";"3,7499";"4,4406"
"137,8000";"3,7499";"4,4397"
"137,8100";"3,7499";"4,4376"
"137,8200";"3,7499";"4,4362"
"137,8300";"3,7499";"4,4364"
"137,8400";"3,7499";"4,4367"
"137,8500";"3,7499";"4,4370"
"137,8600";"3,7499";"4,4378"
"137,8700";"3,7499";"4,4391"
"137,8800";"3,7499";"4,4403"
"137,8900";"3,7499";"4,4401"
"137,9000";"3,7499";"4,4383"
"137,9100";"3,7499";"4,4374"
"137,9200";"3,7499";"4,4364"
"137,9300";"3,7499";"4,4343"
"137,9400";"3,7499";"4,4333"
"137,9500";"3,7499";"4,4345"
"137,9600";"3,7499";"4,4359"
"137,9700";"3,7499";"4,4344"
"137,9800";"3,7499";"4,4326"
"137,9900";"3,7499";"4,4324"
"138,0000";"3,7499";"4,4333"
"138,0100";"3,7499";"4,4331"
"138,0200";"3,7499";"4,4317"
"138,0300";"3,7499";"4,4314"
"138,0400";"3,7499";"4,4320"
"138,0500";"3,7499";"4,4331"
"138,0600";"3,7499";"4,4338"
"138,0700";"3,7499";"4,4353"
"138,0800";"3,7499";"4,4365"
"138,0900";"3,7499";"4,4350"
"138,1000";"3,7499";"4,4338"
"138,1100";"3,7499";"4,4347"
"138,1200";"3,7499";"4,4349"
"138,1300";"3,7499";"4,4339"
"138,1400";"3,7499";"4,4336"
"138,1500";"3,7499";"4,4341"
"138,1600";"3,7499";"4,4340"
"138,1700";"3,7499";"4,4342"
"138,1800";"3,7499";"4,4338"
"138,1900";"3,7499";"4,4331"
"138,2000";"3,7499";"4,4328"
"138,2100";"3,7499";"4,4320"
"138,2200";"3,7499";"4,4324"
"138,2300";"3,7499";"4,4326"
"138,2400";"3,7499";"4,4324"
"138,2500";"3,7499";"4,4324"
"138,2600";"3,7499";"4,4311"
"138,2700";"3,7499";"4,4307"
"138,2800";"3,7499";"4,4310"
"138,2900";"3,7499";"4,4319"
"138,3000";"3,7499";"4,4314"
"138,3100";"3,7499";"4,4307"
"138,3200";"3,7499";"4,4296"
"138,3300";"3,7499";"4,4281"
"138,3400";"3,7499";"4,4285"
"138,3500";"3,7499";"4,4300"
"138,3600";"3,7499";"4,4307"
"138,3700";"3,7499";"4,4296"
"138,3800";"3,7499";"4,4275"
"138,3900";"3,7499";"4,4275"
"138,4000";"3,7499";"4,4287"
"138,4100";"3,7499";"4,4301"
"138,4200";"3,7499";"4,4303"
"138,4300";"3,7499";"4,4295"
"138,4400";"3,7499";"4,4297"
"138,4500";"3,7499";"4,4308"
"138,4600";"3,7499";"4,4308"
"138,4700";"3,7499";"4,4302"
"138,4800";"3,7499";"4,4292"
"138,4900";"3,7499";"4,4288"
"138,5000";"3,7499";"4,4278"
"138,5100";"3,7499";"4,4274"
"138,5200";"3,7499";"4,4295"
"138,5300";"3,7499";"4,4306"
"138,5400";"3,7499";"4,4290"
"138,5500";"3,7499";"4,4272"
"138,5600";"3,7499";"4,4261"
"138,5700";"3,7499";"4,4254"
"138,5800";"3,7499";"4,4256"
"138,5900";"3,7499";"4,4262"
"138,6000";"3,7499";"4,4283"
"138,6100";"3,7499";"4,4311"
"138,6200";"3,7499";"4,4300"
"138,6300";"3,7499";"4,4277"
"138,6400";"3,7499";"4,4267"
"138,6500";"3,7499";"4,4263"
"138,6600";"3,7499";"4,4250"
"138,6700";"3,7499";"4,4238"
"138,6800";"3,7499";"4,4239"
"138,6900";"3,7499";"4,4261"
"138,7000";"3,7499";"4,4287"
"138,7100";"3,7499";"4,4296"
"138,7200";"3,7499";"4,4292"
"138,7300";"3,7499";"4,4282"
"138,7400";"3,7499";"4,4271"
"138,7500";"3,7499";"4,4255"
"138,7600";"3,7499";"4,4240"
"138,7700";"3,7499";"4,4237"
"138,7800";"3,7499";"4,4242"
"138,7900";"3,7499";"4,4253"
"138,8000";"3,7499";"4,4260"
"138,8100";"3,7499";"4,4259"
"138,8200";"3,7499";"4,4256"
"138,8300";"3,7499";"4,4260"
"138,8400";"3,7499";"4,4261"
"138,8500";"3,7499";"4,4270"
"138,8600";"3,7499";"4,4258"
"138,8700";"3,7499";"4,4248"
"138,8800";"3,7499";"4,4249"
"138,8900";"3,7499";"4,4254"
"138,9000";"3,7499";"4,4254"
"138,9100";"3,7499";"4,4233"
"138,9200";"3,7499";"4,4217"
"138,9300";"3,7499";"4,4222"
"138,9400";"3,7499";"4,4227"
"138,9500";"3,7499";"4,4231"
"138,9600";"3,7499";"4,4235"
"138,9700";"3,7499";"4,4230"
"138,9800";"3,7499";"4,4224"
"138,9900";"3,7499";"4,4215"
"139,0000";"3,7499";"4,4208"
"139,0100";"3,7499";"4,4222"
"139,0200";"3,7499";"4,4228"
"139,0300";"3,7499";"4,4226"
"139,0400";"3,7499";"4,4240"
"139,0500";"3,7499";"4,4261"
"139,0600";"3,7499";"4,4262"
"139,0700";"3,7499";"4,4233"
"139,0800";"3,7499";"4,4210"
"139,0900";"3,7499";"4,4205"
"139,1000";"3,7499";"4,4205"
"139,1100";"3,7499";"4,4198"
"139,1200";"3,7499";"4,4207"
"139,1300";"3,7499";"4,4223"
"139,1400";"3,7499";"4,4238"
"139,1500";"3,7499";"4,4228"
"139,1600";"3,7499";"4,4213"
"139,1700";"3,7499";"4,4206"
"139,1800";"3,7499";"4,4214"
"139,1900";"3,7499";"4,4227"
"139,2000";"3,7499";"4,4238"
"139,2100";"3,7499";"4,4242"
"139,2200";"3,7499";"4,4230"
"139,2300";"3,7499";"4,4205"
"139,2400";"3,7499";"4,4187"
"139,2500";"3,7499";"4,4185"
"139,2600";"3,7499";"4,4192"
"139,2700";"3,7499";"4,4203"
"139,2800";"3,7499";"4,4212"
"139,2900";"3,7499";"4,4218"
"139,3000";"3,7499";"4,4231"
"139,3100";"3,7499";"4,4221"
"139,3200";"3,7499";"4,4189"
"139,3300";"3,7499";"4,4164"
"139,3400";"3,7499";"4,4158"
"139,3500";"3,7499";"4,4166"
"139,3600";"3,7499";"4,4187"
"139,3700";"3,7499";"4,4204"
"139,3800";"3,7499";"4,4217"
"139,3900";"3,7499";"4,4207"
"139,4000";"3,7499";"4,4195"
"139,4100";"3,7499";"4,4186"
"139,4200";"3,7499";"4,4167"
"139,4300";"3,7499";"4,4141"
"139,4400";"3,7499";"4,4134"
"139,4500";"3,7499";"4,4151"
"139,4600";"3,7499";"4,4186"
"139,4700";"3,7499";"4,4211"
"139,4800";"3,7499";"4,4215"
"139,4900";"3,7499";"4,4205"
"139,5000";"3,7499";"4,4196"
"139,5100";"3,7499";"4,4176"
"139,5200";"3,7499";"4,4147"
"139,5300";"3,7499";"4,4150"
"139,5400";"3,7499";"4,4155"
"139,5500";"3,7499";"4,4161"
"139,5600";"3,7499";"4,4165"
"139,5700";"3,7499";"4,4182"
"139,5800";"3,7499";"4,4198"
"139,5900";"3,7499";"4,4205"
"139,6000";"3,7499";"4,4186"
"139,6100";"3,7499";"4,4144"
"139,6200";"3,7499";"4,4124"
"139,6300";"3,7499";"4,4141"
"139,6400";"3,7499";"4,4151"
"139,6500";"3,7499";"4,4164"
"139,6600";"3,7499";"4,4173"
"139,6700";"3,7499";"4,4180"
"139,6800";"3,7499";"4,4178"
"139,6900";"3,7499";"4,4164"
"139,7000";"3,7499";"4,4153"
"139,7100";"3,7499";"4,4142"
"139,7200";"3,7499";"4,4152"
"139,7300";"3,7499";"4,4157"
"139,7400";"3,7499";"4,4167"
"139,7500";"3,7499";"4,4168"
"139,7600";"3,7499";"4,4149"
"139,7700";"3,7499";"4,4128"
"139,7800";"3,7499";"4,4122"
"139,7900";"3,7499";"4,4113"
"139,8000";"3,7499";"4,4108"
"139,8100";"3,7499";"4,4120"
"139,8200";"3,7499";"4,4144"
"139,8300";"3,7499";"4,4172"
"139,8400";"3,7499";"4,4177"
"139,8500";"3,7499";"4,4158"
"139,8600";"3,7499";"4,4133"
"139,8700";"3,7499";"4,4113"
"139,8800";"3,7499";"4,4105"
"139,8900";"3,7499";"4,4098"
"139,9000";"3,7499";"4,4097"
"139,9100";"3,7499";"4,4108"
"139,9200";"3,7499";"4,4107"
"139,9300";"3,7499";"4,4115"
"139,9400";"3,7499";"4,4126"
"139,9500";"3,7499";"4,4143"
"139,9600";"3,7499";"4,4138"
"139,9700";"3,7499";"4,4108"
"139,9800";"3,7499";"4,4098"
"139,9900";"3,7499";"4,4106"
"140,0000";"3,7499";"4,4123"
"140,0100";"3,7499";"4,4129"
"140,0200";"3,7499";"4,4113"
"140,0300";"3,7499";"4,4100"
"140,0400";"3,7499";"4,4102"
"140,0500";"3,7499";"4,4111"
"140,0600";"3,7499";"4,4122"
"140,0700";"3,7499";"4,4121"
"140,0800";"3,7499";"4,4114"
"140,0900";"3,7499";"4,4099"
"140,1000";"3,7499";"4,4104"
"140,1100";"3,7499";"4,4108"
"140,1200";"3,7499";"4,4111"
"140,1300";"3,7499";"4,4104"
"140,1400";"3,7499";"4,4101"
"140,1500";"3,7499";"4,4115"
"140,1600";"3,7499";"4,4124"
"140,1700";"3,7499";"4,4117"
"140,1800";"3,7499";"4,4114"
"140,1900";"3,7499";"4,4112"
"140,2000";"3,7499";"4,4098"
"140,2100";"3,7499";"4,4083"
"140,2200";"3,7499";"4,4086"
"140,2300";"3,7499";"4,4101"
"140,2400";"3,7499";"4,4107"
"140,2500";"3,7499";"4,4090"
"140,2600";"3,7499";"4,4077"
"140,2700";"3,7499";"4,4088"
"140,2800";"3,7499";"4,4098"
"140,2900";"3,7499";"4,4089"
"140,3000";"3,7499";"4,4076"
"140,3100";"3,7499";"4,4073"
"140,3200";"3,7499";"4,4067"
"140,3300";"3,7499";"4,4071"
"140,3400";"3,7499";"4,4080"
"140,3500";"3,7499";"4,4085"
"140,3600";"3,7499";"4,4093"
"140,3700";"3,7499";"4,4079"
"140,3800";"3,7499";"4,4068"
"140,3900";"3,7499";"4,4071"
"140,4000";"3,7499";"4,4077"
"140,4100";"3,7499";"4,4076"
"140,4200";"3,7499";"4,4061"
"140,4300";"3,7499";"4,4057"
"140,4400";"3,7499";"4,4069"
"140,4500";"3,7499";"4,4067"
"140,4600";"3,7499";"4,4069"
"140,4700";"3,7499";"4,4090"
"140,4800";"3,7499";"4,4091"
"140,4900";"3,7499";"4,4075"
"140,5000";"3,7499";"4,4069"
"140,5100";"3,7499";"4,4076"
"140,5200";"3,7499";"4,4083"
"140,5300";"3,7499";"4,4077"
"140,5400";"3,7499";"4,4064"
"140,5500";"3,7499";"4,4061"
"140,5600";"3,7499";"4,4080"
"140,5700";"3,7499";"4,4093"
"140,5800";"3,7499";"4,4079"
"140,5900";"3,7499";"4,4074"
"140,6000";"3,7499";"4,4072"
"140,6100";"3,7499";"4,4056"
"140,6200";"3,7499";"4,4035"
"140,6300";"3,7499";"4,4025"
"140,6400";"3,7499";"4,4031"
"140,6500";"3,7499";"4,4031"
"140,6600";"3,7499";"4,4040"
"140,6700";"3,7499";"4,4038"
"140,6800";"3,7499";"4,4016"
"140,6900";"3,7499";"4,4006"
"140,7000";"3,7499";"4,4027"
"140,7100";"3,7499";"4,4054"
"140,7200";"3,7499";"4,4064"
"140,7300";"3,7499";"4,4052"
"140,7400";"3,7499";"4,4042"
"140,7500";"3,7499";"4,4044"
"140,7600";"3,7499";"4,4046"
"140,7700";"3,7499";"4,4041"
"140,7800";"3,7499";"4,4024"
"140,7900";"3,7499";"4,4024"
"140,8000";"3,7499";"4,4052"
"140,8100";"3,7499";"4,4074"
"140,8200";"3,7499";"4,4068"
"140,8300";"3,7499";"4,4055"
"140,8400";"3,7499";"4,4047"
"140,8500";"3,7499";"4,4030"
"140,8600";"3,7499";"4,4002"
"140,8700";"3,7499";"4,3992"
"140,8800";"3,7499";"4,4002"
"140,8900";"3,7499";"4,4023"
"140,9000";"3,7499";"4,4031"
"140,9100";"3,7499";"4,4024"
"140,9200";"3,7499";"4,4029"
"140,9300";"3,7499";"4,4029"
"140,9400";"3,7499";"4,4024"
"140,9500";"3,7499";"4,4015"
"140,9600";"3,7499";"4,4012"
"140,9700";"3,7499";"4,4014"
"140,9800";"3,7499";"4,4014"
"140,9900";"3,7499";"4,4024"
"141,0000";"3,7499";"4,4038"
"141,0100";"3,7499";"4,4041"
"141,0200";"3,7499";"4,4028"
"141,0300";"3,7499";"4,4022"
"141,0400";"3,7499";"4,4031"
"141,0500";"3,7499";"4,4039"
"141,0600";"3,7499";"4,4041"
"141,0700";"3,7499";"4,4018"
"141,0800";"3,7499";"4,4006"
"141,0900";"3,7499";"4,3994"
"141,1000";"3,7499";"4,3985"
"141,1100";"3,7499";"4,3983"
"141,1200";"3,7499";"4,4000"
"141,1300";"3,7499";"4,4011"
"141,1400";"3,7499";"4,4015"
"141,1500";"3,7499";"4,4003"
"141,1600";"3,7499";"4,4001"
"141,1700";"3,7499";"4,4006"
"141,1800";"3,7499";"4,3995"
"141,1900";"3,7499";"4,3982"
"141,2000";"3,7499";"4,3981"
"141,2100";"3,7499";"4,3998"
"141,2200";"3,7499";"4,4003"
"141,2300";"3,7499";"4,3999"
"141,2400";"3,7499";"4,4015"
"141,2500";"3,7499";"4,4033"
"141,2600";"3,7499";"4,4019"
"141,2700";"3,7499";"4,3983"
"141,2800";"3,7499";"4,3968"
"141,2900";"3,7499";"4,3981"
"141,3000";"3,7499";"4,3976"
"141,3100";"3,7499";"4,3954"
"141,3200";"3,7499";"4,3938"
"141,3300";"3,7499";"4,3960"
"141,3400";"3,7499";"4,3985"
"141,3500";"3,7499";"4,3995"
"141,3600";"3,7499";"4,4000"
"141,3700";"3,7499";"4,4008"
"141,3800";"3,7499";"4,4001"
"141,3900";"3,7499";"4,3979"
"141,4000";"3,7499";"4,3957"
"141,4100";"3,7499";"4,3953"
"141,4200";"3,7499";"4,3952"
"141,4300";"3,7499";"4,3947"
"141,4400";"3,7499";"4,3956"
"141,4500";"3,7499";"4,3975"
"141,4600";"3,7499";"4,3984"
"141,4700";"3,7499";"4,3974"
"141,4800";"3,7499";"4,3978"
"141,4900";"3,7499";"4,3981"
"141,5000";"3,7499";"4,3983"
"141,5100";"3,7499";"4,3975"
"141,5200";"3,7499";"4,3962"
"141,5300";"3,7499";"4,3958"
"141,5400";"3,7499";"4,3962"
"141,5500";"3,7499";"4,3959"
"141,5600";"3,7499";"4,3951"
"141,5700";"3,7499";"4,3955"
"141,5800";"3,7499";"4,3956"
"141,5900";"3,7499";"4,3950"
"141,6000";"3,7499";"4,3944"
"141,6100";"3,7499";"4,3953"
"141,6200";"3,7499";"4,3952"
"141,6300";"3,7499";"4,3946"
"141,6400";"3,7499";"4,3943"
"141,6500";"3,7499";"4,3949"
"141,6600";"3,7499";"4,3957"
"141,6700";"3,7499";"4,3951"
"141,6800";"3,7499";"4,3938"
"141,6900";"3,7499";"4,3937"
"141,7000";"3,7499";"4,3945"
"141,7100";"3,7499";"4,3960"
"141,7200";"3,7499";"4,3976"
"141,7300";"3,7499";"4,3983"
"141,7400";"3,7499";"4,3961"
"141,7500";"3,7499";"4,3930"
"141,7600";"3,7499";"4,3919"
"141,7700";"3,7499";"4,3947"
"141,7800";"3,7499";"4,3977"
"141,7900";"3,7499";"4,3972"
"141,8000";"3,7499";"4,3954"
"141,8100";"3,7499";"4,3946"
"141,8200";"3,7499";"4,3943"
"141,8300";"3,7499";"4,3930"
"141,8400";"3,7499";"4,3917"
"141,8500";"3,7499";"4,3921"
"141,8600";"3,7499";"4,3921"
"141,8700";"3,7499";"4,3917"
"141,8800";"3,7499";"4,3921"
"141,8900";"3,7499";"4,3933"
"141,9000";"3,7499";"4,3947"
"141,9100";"3,7499";"4,3943"
"141,9200";"3,7499";"4,3919"
"141,9300";"3,7499";"4,3915"
"141,9400";"3,7499";"4,3934"
"141,9500";"3,7499";"4,3947"
"141,9600";"3,7499";"4,3936"
"141,9700";"3,7499";"4,3919"
"141,9800";"3,7499";"4,3908"
"141,9900";"3,7499";"4,3913"
"142,0000";"3,7499";"4,3917"
"142,0100";"3,7499";"4,3910"
"142,0200";"3,7499";"4,3899"
"142,0300";"3,7499";"4,3878"
"142,0400";"3,7499";"4,3871"
"142,0500";"3,7499";"4,3899"
"142,0600";"3,7499";"4,3927"
"142,0700";"3,7499";"4,3929"
"142,0800";"3,7499";"4,3912"
"142,0900";"3,7499";"4,3893"
"142,1000";"3,7499";"4,3894"
"142,1100";"3,7499";"4,3904"
"142,1200";"3,7499";"4,3909"
"142,1300";"3,7499";"4,3911"
"142,1400";"3,7499";"4,3920"
"142,1500";"3,7499";"4,3911"
"142,1600";"3,7499";"4,3900"
"142,1700";"3,7499";"4,3896"
"142,1800";"3,7499";"4,3899"
"142,1900";"3,7499";"4,3898"
"142,2000";"3,7499";"4,3883"
"142,2100";"3,7499";"4,3877"
"142,2200";"3,7499";"4,3886"
"142,2300";"3,7499";"4,3886"
"142,2400";"3,7499";"4,3877"
"142,2500";"3,7499";"4,3875"
"142,2600";"3,7499";"4,3889"
"142,2700";"3,7499";"4,3908"
"142,2800";"3,7499";"4,3918"
"142,2900";"3,7499";"4,3919"
"142,3000";"3,7499";"4,3913"
"142,3100";"3,7499";"4,3896"
"142,3200";"3,7499";"4,3876"
"142,3300";"3,7499";"4,3862"
"142,3400";"3,7499";"4,3868"
"142,3500";"3,7499";"4,3894"
"142,3600";"3,7499";"4,3917"
"142,3700";"3,7499";"4,3927"
"142,3800";"3,7499";"4,3922"
"142,3900";"3,7499";"4,3904"
"142,4000";"3,7499";"4,3893"
"142,4100";"3,7499";"4,3875"
"142,4200";"3,7499";"4,3880"
"142,4300";"3,7499";"4,3884"
"142,4400";"3,7499";"4,3870"
"142,4500";"3,7499";"4,3861"
"142,4600";"3,7499";"4,3864"
"142,4700";"3,7499";"4,3871"
"142,4800";"3,7499";"4,3866"
"142,4900";"3,7499";"4,3858"
"142,5000";"3,7499";"4,3860"
"142,5100";"3,7499";"4,3877"
"142,5200";"3,7499";"4,3880"
"142,5300";"3,7499";"4,3861"
"142,5400";"3,7499";"4,3869"
"142,5500";"3,7499";"4,3889"
"142,5600";"3,7499";"4,3903"
"142,5700";"3,7499";"4,3892"
"142,5800";"3,7499";"4,3867"
"142,5900";"3,7499";"4,3861"
"142,6000";"3,7499";"4,3855"
"142,6100";"3,7499";"4,3849"
"142,6200";"3,7499";"4,3851"
"142,6300";"3,7499";"4,3855"
"142,6400";"3,7499";"4,3869"
"142,6500";"3,7499";"4,3880"
"142,6600";"3,7499";"4,3884"
"142,6700";"3,7499";"4,3873"
"142,6800";"3,7499";"4,3852"
"142,6900";"3,7499";"4,3825"
"142,7000";"3,7499";"4,3825"
"142,7100";"3,7499";"4,3843"
"142,7200";"3,7499";"4,3847"
"142,7300";"3,7499";"4,3834"
"142,7400";"3,7499";"4,3831"
"142,7500";"3,7499";"4,3850"
"142,7600";"3,7499";"4,3863"
"142,7700";"3,7499";"4,3856"
"142,7800";"3,7499";"4,3837"
"142,7900";"3,7499";"4,3827"
"142,8000";"3,7499";"4,3816"
"142,8100";"3,7499";"4,3807"
"142,8200";"3,7499";"4,3815"
"142,8300";"3,7499";"4,3837"
"142,8400";"3,7499";"4,3850"
"142,8500";"3,7499";"4,3850"
"142,8600";"3,7499";"4,3840"
"142,8700";"3,7499";"4,3835"
"142,8800";"3,7499";"4,3842"
"142,8900";"3,7499";"4,3856"
"142,9000";"3,7499";"4,3863"
"142,9100";"3,7499";"4,3858"
"142,9200";"3,7499";"4,3852"
"142,9300";"3,7499";"4,3839"
"142,9400";"3,7499";"4,3834"
"142,9500";"3,7499";"4,3840"
"142,9600";"3,7499";"4,3839"
"142,9700";"3,7499";"4,3823"
"142,9800";"3,7499";"4,3803"
"142,9900";"3,7499";"4,3812"
"143,0000";"3,7499";"4,3835"
"143,0100";"3,7499";"4,3836"
"143,0200";"3,7499";"4,3835"
"143,0300";"3,7499";"4,3834"
"143,0400";"3,7499";"4,3829"
"143,0500";"3,7499";"4,3824"
"143,0600";"3,7499";"4,3832"
"143,0700";"3,7499";"4,3857"
"143,0800";"3,7499";"4,3872"
"143,0900";"3,7499";"4,3858"
"143,1000";"3,7499";"4,3841"
"143,1100";"3,7499";"4,3830"
"143,1200";"3,7499";"4,3825"
"143,1300";"3,7499";"4,3807"
"143,1400";"3,7499";"4,3790"
"143,1500";"3,7499";"4,3776"
"143,1600";"3,7499";"4,3785"
"143,1700";"3,7499";"4,3805"
"143,1800";"3,7499";"4,3823"
"143,1900";"3,7499";"4,3824"
"143,2000";"3,7499";"4,3819"
"143,2100";"3,7499";"4,3818"
"143,2200";"3,7499";"4,3809"
"143,2300";"3,7499";"4,3809"
"143,2400";"3,7499";"4,3816"
"143,2500";"3,7499";"4,3819"
"143,2600";"3,7499";"4,3808"
"143,2700";"3,7499";"4,3798"
"143,2800";"3,7499";"4,3800"
"143,2900";"3,7499";"4,3799"
"143,3000";"3,7499";"4,3792"
"143,3100";"3,7499";"4,3788"
"143,3200";"3,7499";"4,3785"
"143,3300";"3,7499";"4,3784"
"143,3400";"3,7499";"4,3786"
"143,3500";"3,7499";"4,3792"
"143,3600";"3,7499";"4,3801"
"143,3700";"3,7499";"4,3808"
"143,3800";"3,7499";"4,3801"
"143,3900";"3,7499";"4,3776"
"143,4000";"3,7499";"4,3768"
"143,4100";"3,7499";"4,3786"
"143,4200";"3,7499";"4,3791"
"143,4300";"3,7499";"4,3791"
"143,4400";"3,7499";"4,3792"
"143,4500";"3,7499";"4,3788"
"143,4600";"3,7499";"4,3786"
"143,4700";"3,7499";"4,3783"
"143,4800";"3,7499";"4,3778"
"143,4900";"3,7499";"4,3773"
"143,5000";"3,7499";"4,3763"
"143,5100";"3,7499";"4,3762"
"143,5200";"3,7499";"4,3772"
"143,5300";"3,7499";"4,3781"
"143,5400";"3,7499";"4,3771"
"143,5500";"3,7499";"4,3771"
"143,5600";"3,7499";"4,3772"
"143,5700";"3,7499";"4,3765"
"143,5800";"3,7499";"4,3746"
"143,5900";"3,7499";"4,3743"
"143,6000";"3,7499";"4,3774"
"143,6100";"3,7499";"4,3809"
"143,6200";"3,7499";"4,3813"
"143,6300";"3,7499";"4,3790"
"143,6400";"3,7499";"4,3777"
"143,6500";"3,7499";"4,3787"
"143,6600";"3,7499";"4,3777"
"143,6700";"3,7499";"4,3746"
"143,6800";"3,7499";"4,3726"
"143,6900";"3,7499";"4,3736"
"143,7000";"3,7499";"4,3763"
"143,7100";"3,7499";"4,3764"
"143,7200";"3,7499";"4,3755"
"143,7300";"3,7499";"4,3752"
"143,7400";"3,7499";"4,3739"
"143,7500";"3,7499";"4,3728"
"143,7600";"3,7499";"4,3734"
"143,7700";"3,7499";"4,3745"
"143,7800";"3,7499";"4,3748"
"143,7900";"3,7499";"4,3744"
"143,8000";"3,7499";"4,3746"
"143,8100";"3,7499";"4,3752"
"143,8200";"3,7499";"4,3755"
"143,8300";"3,7499";"4,3743"
"143,8400";"3,7499";"4,3718"
"143,8500";"3,7499";"4,3712"
"143,8600";"3,7499";"4,3723"
"143,8700";"3,7499";"4,3729"
"143,8800";"3,7499";"4,3752"
"143,8900";"3,7499";"4,3786"
"143,9000";"3,7499";"4,3796"
"143,9100";"3,7499";"4,3771"
"143,9200";"3,7499";"4,3739"
"143,9300";"3,7499";"4,3724"
"143,9400";"3,7499";"4,3743"
"143,9500";"3,7499";"4,3758"
"143,9600";"3,7499";"4,3749"
"143,9700";"3,7499";"4,3748"
"143,9800";"3,7499";"4,3755"
"143,9900";"3,7499";"4,3764"
"144,0000";"3,7499";"4,3773"
"144,0100";"3,7499";"4,3764"
"144,0200";"3,7499";"4,3740"
"144,0300";"3,7499";"4,3713"
"144,0400";"3,7499";"4,3709"
"144,0500";"3,7499";"4,3731"
"144,0600";"3,7499";"4,3742"
"144,0700";"3,7499";"4,3733"
"144,0800";"3,7499";"4,3728"
"144,0900";"3,7499";"4,3738"
"144,1000";"3,7499";"4,3745"
"144,1100";"3,7499";"4,3751"
"144,1200";"3,7499";"4,3743"
"144,1300";"3,7499";"4,3738"
"144,1400";"3,7499";"4,3731"
"144,1500";"3,7499";"4,3720"
"144,1600";"3,7499";"4,3720"
"144,1700";"3,7499";"4,3731"
"144,1800";"3,7499";"4,3735"
"144,1900";"3,7499";"4,3719"
"144,2000";"3,7499";"4,3703"
"144,2100";"3,7499";"4,3704"
"144,2200";"3,7499";"4,3714"
"144,2300";"3,7499";"4,3718"
"144,2400";"3,7499";"4,3732"
"144,2500";"3,7499";"4,3752"
"144,2600";"3,7499";"4,3762"
"144,2700";"3,7499";"4,3753"
"144,2800";"3,7499";"4,3737"
"144,2900";"3,7499";"4,3735"
"144,3000";"3,7499";"4,3734"
"144,3100";"3,7499";"4,3723"
"144,3200";"3,7499";"4,3706"
"144,3300";"3,7499";"4,3715"
"144,3400";"3,7499";"4,3734"
"144,3500";"3,7499";"4,3736"
"144,3600";"3,7499";"4,3721"
"144,3700";"3,7499";"4,3712"
"144,3800";"3,7499";"4,3727"
"144,3900";"3,7499";"4,3725"
"144,4000";"3,7499";"4,3711"
"144,4100";"3,7499";"4,3709"
"144,4200";"3,7499";"4,3725"
"144,4300";"3,7499";"4,3742"
"144,4400";"3,7499";"4,3733"
"144,4500";"3,7499";"4,3706"
"144,4600";"3,7499";"4,3696"
"144,4700";"3,7499";"4,3688"
"144,4800";"3,7499";"4,3683"
"144,4900";"3,7499";"4,3671"
"144,5000";"3,7499";"4,3665"
"144,5100";"3,7499";"4,3685"
"144,5200";"3,7499";"4,3706"
"144,5300";"3,7499";"4,3723"
"144,5400";"3,7499";"4,3719"
"144,5500";"3,7499";"4,3692"
"144,5600";"3,7499";"4,3669"
"144,5700";"3,7499";"4,3672"
"144,5800";"3,7499";"4,3688"
"144,5900";"3,7499";"4,3696"
"144,6000";"3,7499";"4,3688"
"144,6100";"3,7499";"4,3683"
"144,6200";"3,7499";"4,3688"
"144,6300";"3,7499";"4,3678"
"144,6400";"3,7499";"4,3657"
"144,6500";"3,7499";"4,3654"
"144,6600";"3,7499";"4,3667"
"144,6700";"3,7499";"4,3681"
"144,6800";"3,7499";"4,3706"
"144,6900";"3,7499";"4,3714"
"144,7000";"3,7499";"4,3723"
"144,7100";"3,7499";"4,3725"
"144,7200";"3,7499";"4,3713"
"144,7300";"3,7499";"4,3685"
"144,7400";"3,7499";"4,3654"
"144,7500";"3,7499";"4,3646"
"144,7600";"3,7499";"4,3649"
"144,7700";"3,7499";"4,3660"
"144,7800";"3,7499";"4,3670"
"144,7900";"3,7499";"4,3671"
"144,8000";"3,7499";"4,3654"
"144,8100";"3,7499";"4,3651"
"144,8200";"3,7499";"4,3669"
"144,8300";"3,7499";"4,3680"
"144,8400";"3,7499";"4,3674"
"144,8500";"3,7499";"4,3666"
"144,8600";"3,7499";"4,3668"
"144,8700";"3,7499";"4,3687"
"144,8800";"3,7499";"4,3690"
"144,8900";"3,7499";"4,3660"
"144,9000";"3,7499";"4,3653"
"144,9100";"3,7499";"4,3655"
"144,9200";"3,7499";"4,3670"
"144,9300";"3,7499";"4,3684"
"144,9400";"3,7499";"4,3678"
"144,9500";"3,7499";"4,3671"
"144,9600";"3,7499";"4,3669"
"144,9700";"3,7499";"4,3667"
"144,9800";"3,7499";"4,3662"
"144,9900";"3,7499";"4,3659"
"145,0000";"3,7499";"4,3656"
"145,0100";"3,7499";"4,3661"
"145,0200";"3,7499";"4,3682"
"145,0300";"3,7499";"4,3684"
"145,0400";"3,7499";"4,3657"
"145,0500";"3,7499";"4,3612"
"145,0600";"3,7499";"4,3596"
"145,0700";"3,7499";"4,3610"
"145,0800";"3,7499";"4,3641"
"145,0900";"3,7499";"4,3650"
"145,1000";"3,7499";"4,3654"
"145,1100";"3,7499";"4,3681"
"145,1200";"3,7499";"4,3688"
"145,1300";"3,7499";"4,3657"
"145,1400";"3,7499";"4,3626"
"145,1500";"3,7499";"4,3628"
"145,1600";"3,7499";"4,3643"
"145,1700";"3,7499";"4,3654"
"145,1800";"3,7499";"4,3654"
"145,1900";"3,7499";"4,3657"
"145,2000";"3,7499";"4,3674"
"145,2100";"3,7499";"4,3678"
"145,2200";"3,7499";"4,3662"
"145,2300";"3,7499";"4,3644"
"145,2400";"3,7499";"4,3641"
"145,2500";"3,7499";"4,3647"
"145,2600";"3,7499";"4,3666"
"145,2700";"3,7499";"4,3685"
"145,2800";"3,7499";"4,3680"
"145,2900";"3,7499";"4,3660"
"145,3000";"3,7499";"4,3647"
"145,3100";"3,7499";"4,3642"
"145,3200";"3,7499";"4,3633"
"145,3300";"3,7499";"4,3618"
"145,3400";"3,7499";"4,3602"
"145,3500";"3,7499";"4,3619"
"145,3600";"3,7499";"4,3663"
"145,3700";"3,7499";"4,3683"
"145,3800";"3,7499";"4,3659"
"145,3900";"3,7499";"4,3618"
"145,4000";"3,7499";"4,3585"
"145,4100";"3,7499";"4,3576"
"145,4200";"3,7499";"4,3582"
"145,4300";"3,7499";"4,3602"
"145,4400";"3,7499";"4,3631"
"145,4500";"3,7499";"4,3649"
"145,4600";"3,7499";"4,3658"
"145,4700";"3,7499";"4,3667"
"145,4800";"3,7499";"4,3663"
"145,4900";"3,7499";"4,3628"
"145,5000";"3,7499";"4,3594"
"145,5100";"3,7499";"4,3582"
"145,5200";"3,7499";"4,3593"
"145,5300";"3,7499";"4,3609"
"145,5400";"3,7499";"4,3627"
"145,5500";"3,7499";"4,3649"
"145,5600";"3,7499";"4,3647"
"145,5700";"3,7499";"4,3615"
"145,5800";"3,7499";"4,3583"
"145,5900";"3,7499";"4,3578"
"145,6000";"3,7499";"4,3595"
"145,6100";"3,7499";"4,3613"
"145,6200";"3,7499";"4,3603"
"145,6300";"3,7499";"4,3607"
"145,6400";"3,7499";"4,3622"
"145,6500";"3,7499";"4,3634"
"145,6600";"3,7499";"4,3615"
"145,6700";"3,7499";"4,3597"
"145,6800";"3,7499";"4,3600"
"145,6900";"3,7499";"4,3611"
"145,7000";"3,7499";"4,3619"
"145,7100";"3,7499";"4,3618"
"145,7200";"3,7499";"4,3616"
"145,7300";"3,7499";"4,3608"
"145,7400";"3,7499";"4,3613"
"145,7500";"3,7499";"4,3607"
"145,7600";"3,7499";"4,3602"
"145,7700";"3,7499";"4,3609"
"145,7800";"3,7499";"4,3616"
"145,7900";"3,7499";"4,3618"
"145,8000";"3,7499";"4,3605"
"145,8100";"3,7499";"4,3586"
"145,8200";"3,7499";"4,3571"
"145,8300";"3,7499";"4,3571"
"145,8400";"3,7499";"4,3582"
"145,8500";"3,7499";"4,3573"
"145,8600";"3,7499";"4,3575"
"145,8700";"3,7499";"4,3587"
"145,8800";"3,7499";"4,3606"
"145,8900";"3,7499";"4,3603"
"145,9000";"3,7499";"4,3584"
"145,9100";"3,7499";"4,3574"
"145,9200";"3,7499";"4,3596"
"145,9300";"3,7499";"4,3615"
"145,9400";"3,7499";"4,3609"
"145,9500";"3,7499";"4,3596"
"145,9600";"3,7499";"4,3598"
"145,9700";"3,7499";"4,3616"
"145,9800";"3,7499";"4,3615"
"145,9900";"3,7499";"4,3597"
"146,0000";"3,7499";"4,3583"
"146,0100";"3,7499";"4,3589"
"146,0200";"3,7499";"4,3591"
"146,0300";"3,7499";"4,3574"
"146,0400";"3,7499";"4,3568"
"146,0500";"3,7499";"4,3582"
"146,0600";"3,7499";"4,3592"
"146,0700";"3,7499";"4,3595"
"146,0800";"3,7499";"4,3598"
"146,0900";"3,7499";"4,3597"
"146,1000";"3,7499";"4,3592"
"146,1100";"3,7499";"4,3584"
"146,1200";"3,7499";"4,3587"
"146,1300";"3,7499";"4,3599"
"146,1400";"3,7499";"4,3596"
"146,1500";"3,7499";"4,3575"
"146,1600";"3,7499";"4,3564"
"146,1700";"3,7499";"4,3577"
"146,1800";"3,7499";"4,3582"
"146,1900";"3,7499";"4,3570"
"146,2000";"3,7499";"4,3555"
"146,2100";"3,7499";"4,3554"
"146,2200";"3,7499";"4,3553"
"146,2300";"3,7499";"4,3544"
"146,2400";"3,7499";"4,3545"
"146,2500";"3,7499";"4,3568"
"146,2600";"3,7499";"4,3594"
"146,2700";"3,7499";"4,3599"
"146,2800";"3,7499";"4,3569"
"146,2900";"3,7499";"4,3542"
"146,3000";"3,7499";"4,3525"
"146,3100";"3,7499";"4,3522"
"146,3200";"3,7499";"4,3531"
"146,3300";"3,7499";"4,3536"
"146,3400";"3,7499";"4,3546"
"146,3500";"3,7499";"4,3566"
"146,3600";"3,7499";"4,3582"
"146,3700";"3,7499";"4,3584"
"146,3800";"3,7499";"4,3575"
"146,3900";"3,7499";"4,3548"
"146,4000";"3,7499";"4,3537"
"146,4100";"3,7499";"4,3546"
"146,4200";"3,7499";"4,3559"
"146,4300";"3,7499";"4,3551"
"146,4400";"3,7499";"4,3534"
"146,4500";"3,7499";"4,3549"
"146,4600";"3,7499";"4,3574"
"146,4700";"3,7499";"4,3577"
"146,4800";"3,7499";"4,3570"
"146,4900";"3,7499";"4,3558"
"146,5000";"3,7499";"4,3547"
"146,5100";"3,7499";"4,3539"
"146,5200";"3,7499";"4,3539"
"146,5300";"3,7499";"4,3553"
"146,5400";"3,7499";"4,3561"
"146,5500";"3,7499";"4,3561"
"146,5600";"3,7499";"4,3566"
"146,5700";"3,7499";"4,3566"
"146,5800";"3,7499";"4,3556"
"146,5900";"3,7499";"4,3530"
"146,6000";"3,7499";"4,3511"
"146,6100";"3,7499";"4,3525"
"146,6200";"3,7499";"4,3546"
"146,6300";"3,7499";"4,3547"
"146,6400";"3,7499";"4,3537"
"146,6500";"3,7499";"4,3543"
"146,6600";"3,7499";"4,3537"
"146,6700";"3,7499";"4,3518"
"146,6800";"3,7499";"4,3486"
"146,6900";"3,7499";"4,3478"
"146,7000";"3,7499";"4,3498"
"146,7100";"3,7499";"4,3501"
"146,7200";"3,7499";"4,3499"
"146,7300";"3,7499";"4,3510"
"146,7400";"3,7499";"4,3532"
"146,7500";"3,7499";"4,3538"
"146,7600";"3,7499";"4,3508"
"146,7700";"3,7499";"4,3492"
"146,7800";"3,7499";"4,3506"
"146,7900";"3,7499";"4,3518"
"146,8000";"3,7499";"4,3515"
"146,8100";"3,7499";"4,3520"
"146,8200";"3,7499";"4,3546"
"146,8300";"3,7499";"4,3564"
"146,8400";"3,7499";"4,3550"
"146,8500";"3,7499";"4,3530"
"146,8600";"3,7499";"4,3512"
"146,8700";"3,7499";"4,3494"
"146,8800";"3,7499";"4,3484"
"146,8900";"3,7499";"4,3486"
"146,9000";"3,7499";"4,3500"
"146,9100";"3,7499";"4,3502"
"146,9200";"3,7499";"4,3501"
"146,9300";"3,7499";"4,3513"
"146,9400";"3,7499";"4,3538"
"146,9500";"3,7499";"4,3541"
"146,9600";"3,7499";"4,3510"
"146,9700";"3,7499";"4,3487"
"146,9800";"3,7499";"4,3500"
"146,9900";"3,7499";"4,3517"
"147,0000";"3,7499";"4,3518"
"147,0100";"3,7499";"4,3505"
"147,0200";"3,7499";"4,3499"
"147,0300";"3,7499";"4,3490"
"147,0400";"3,7499";"4,3484"
"147,0500";"3,7499";"4,3486"
"147,0600";"3,7499";"4,3508"
"147,0700";"3,7499";"4,3528"
"147,0800";"3,7499";"4,3520"
"147,0900";"3,7499";"4,3501"
"147,1000";"3,7499";"4,3492"
"147,1100";"3,7499";"4,3500"
"147,1200";"3,7499";"4,3512"
"147,1300";"3,7499";"4,3524"
"147,1400";"3,7499";"4,3527"
"147,1500";"3,7499";"4,3514"
"147,1600";"3,7499";"4,3502"
"147,1700";"3,7499";"4,3494"
"147,1800";"3,7499";"4,3493"
"147,1900";"3,7499";"4,3489"
"147,2000";"3,7499";"4,3477"
"147,2100";"3,7499";"4,3467"
"147,2200";"3,7499";"4,3474"
"147,2300";"3,7499";"4,3492"
"147,2400";"3,7499";"4,3505"
"147,2500";"3,7499";"4,3503"
"147,2600";"3,7499";"4,3498"
"147,2700";"3,7499";"4,3493"
"147,2800";"3,7499";"4,3476"
"147,2900";"3,7499";"4,3458"
"147,3000";"3,7499";"4,3451"
"147,3100";"3,7499";"4,3466"
"147,3200";"3,7499";"4,3482"
"147,3300";"3,7499";"4,3498"
"147,3400";"3,7499";"4,3507"
"147,3500";"3,7499";"4,3512"
"147,3600";"3,7499";"4,3507"
"147,3700";"3,7499";"4,3489"
"147,3800";"3,7499";"4,3476"
"147,3900";"3,7499";"4,3465"
"147,4000";"3,7499";"4,3462"
"147,4100";"3,7499";"4,3470"
"147,4200";"3,7499";"4,3497"
"147,4300";"3,7499";"4,3521"
"147,4400";"3,7499";"4,3516"
"147,4500";"3,7499";"4,3487"
"147,4600";"3,7499";"4,3462"
"147,4700";"3,7499";"4,3468"
"147,4800";"3,7499";"4,3487"
"147,4900";"3,7499";"4,3488"
"147,5000";"3,7499";"4,3480"
"147,5100";"3,7499";"4,3473"
"147,5200";"3,7499";"4,3474"
"147,5300";"3,7499";"4,3468"
"147,5400";"3,7499";"4,3462"
"147,5500";"3,7499";"4,3460"
"147,5600";"3,7499";"4,3464"
"147,5700";"3,7499";"4,3471"
"147,5800";"3,7499";"4,3483"
"147,5900";"3,7499";"4,3486"
"147,6000";"3,7499";"4,3491"
"147,6100";"3,7499";"4,3479"
"147,6200";"3,7499";"4,3463"
"147,6300";"3,7499";"4,3445"
"147,6400";"3,7499";"4,3432"
"147,6500";"3,7499";"4,3431"
"147,6600";"3,7499";"4,3450"
"147,6700";"3,7499";"4,3470"
"147,6800";"3,7499";"4,3480"
"147,6900";"3,7499";"4,3483"
"147,7000";"3,7499";"4,3480"
"147,7100";"3,7499";"4,3476"
"147,7200";"3,7499";"4,3462"
"147,7300";"3,7499";"4,3433"
"147,7400";"3,7499";"4,3414"
"147,7500";"3,7499";"4,3427"
"147,7600";"3,7499";"4,3453"
"147,7700";"3,7499";"4,3470"
"147,7800";"3,7499";"4,3460"
"147,7900";"3,7499";"4,3441"
"147,8000";"3,7499";"4,3440"
"147,8100";"3,7499";"4,3438"
"147,8200";"3,7499";"4,3412"
"147,8300";"3,7499";"4,3407"
"147,8400";"3,7499";"4,3431"
"147,8500";"3,7499";"4,3447"
"147,8600";"3,7499";"4,3456"
"147,8700";"3,7499";"4,3464"
"147,8800";"3,7499";"4,3477"
"147,8900";"3,7499";"4,3472"
"147,9000";"3,7499";"4,3462"
"147,9100";"3,7499";"4,3451"
"147,9200";"3,7499";"4,3443"
"147,9300";"3,7499";"4,3433"
"147,9400";"3,7499";"4,3432"
"147,9500";"3,7499";"4,3437"
"147,9600";"3,7499";"4,3451"
"147,9700";"3,7499";"4,3451"
"147,9800";"3,7499";"4,3441"
"147,9900";"3,7499";"4,3427"
"148,0000";"3,7499";"4,3424"
"148,0100";"3,7499";"4,3428"
"148,0200";"3,7499";"4,3425"
"148,0300";"3,7499";"4,3422"
"148,0400";"3,7499";"4,3429"
"148,0500";"3,7499";"4,3421"
"148,0600";"3,7499";"4,3417"
"148,0700";"3,7499";"4,3418"
"148,0800";"3,7499";"4,3426"
"148,0900";"3,7499";"4,3431"
"148,1000";"3,7499";"4,3427"
"148,1100";"3,7499";"4,3424"
"148,1200";"3,7499";"4,3430"
"148,1300";"3,7499";"4,3430"
"148,1400";"3,7499";"4,3410"
"148,1500";"3,7499";"4,3391"
"148,1600";"3,7499";"4,3403"
"148,1700";"3,7499";"4,3418"
"148,1800";"3,7499";"4,3420"
"148,1900";"3,7499";"4,3424"
"148,2000";"3,7499";"4,3436"
"148,2100";"3,7499";"4,3455"
"148,2200";"3,7499";"4,3453"
"148,2300";"3,7499";"4,3440"
"148,2400";"3,7499";"4,3432"
"148,2500";"3,7499";"4,3439"
"148,2600";"3,7499";"4,3423"
"148,2700";"3,7499";"4,3390"
"148,2800";"3,7499";"4,3370"
"148,2900";"3,7499";"4,3370"
"148,3000";"3,7499";"4,3379"
"148,3100";"3,7499";"4,3396"
"148,3200";"3,7499";"4,3418"
"148,3300";"3,7499";"4,3428"
"148,3400";"3,7499";"4,3427"
"148,3500";"3,7499";"4,3425"
"148,3600";"3,7499";"4,3418"
"148,3700";"3,7499";"4,3398"
"148,3800";"3,7499";"4,3372"
"148,3900";"3,7499";"4,3355"
"148,4000";"3,7499";"4,3380"
"148,4100";"3,7499";"4,3413"
"148,4200";"3,7499";"4,3422"
"148,4300";"3,7499";"4,3418"
"148,4400";"3,7499";"4,3425"
"148,4500";"3,7499";"4,3434"
"148,4600";"3,7499";"4,3419"
"148,4700";"3,7499";"4,3381"
"148,4800";"3,7499";"4,3365"
"148,4900";"3,7499";"4,3376"
"148,5000";"3,7499";"4,3386"
"148,5100";"3,7499";"4,3383"
"148,5200";"3,7499";"4,3400"
"148,5300";"3,7499";"4,3425"
"148,5400";"3,7499";"4,3419"
"148,5500";"3,7499";"4,3404"
"148,5600";"3,7499";"4,3404"
"148,5700";"3,7499";"4,3414"
"148,5800";"3,7499";"4,3414"
"148,5900";"3,7499";"4,3400"
"148,6000";"3,7499";"4,3392"
"148,6100";"3,7499";"4,3396"
"148,6200";"3,7499";"4,3413"
"148,6300";"3,7499";"4,3409"
"148,6400";"3,7499";"4,3396"
"148,6500";"3,7499";"4,3397"
"148,6600";"3,7499";"4,3393"
"148,6700";"3,7499";"4,3373"
"148,6800";"3,7499";"4,3371"
"148,6900";"3,7499";"4,3394"
"148,7000";"3,7499";"4,3408"
"148,7100";"3,7499";"4,3402"
"148,7200";"3,7499";"4,3391"
"148,7300";"3,7499";"4,3389"
"148,7400";"3,7499";"4,3386"
"148,7500";"3,7499";"4,3390"
"148,7600";"3,7499";"4,3396"
"148,7700";"3,7499";"4,3401"
"148,7800";"3,7499";"4,3402"
"148,7900";"3,7499";"4,3393"
"148,8000";"3,7499";"4,3396"
"148,8100";"3,7499";"4,3395"
"148,8200";"3,7499";"4,3394"
"148,8300";"3,7499";"4,3394"
"148,8400";"3,7499";"4,3395"
"148,8500";"3,7499";"4,3399"
"148,8600";"3,7499";"4,3403"
"148,8700";"3,7499";"4,3385"
"148,8800";"3,7499";"4,3371"
"148,8900";"3,7499";"4,3387"
"148,9000";"3,7499";"4,3391"
"148,9100";"3,7499";"4,3374"
"148,9200";"3,7499";"4,3345"
"148,9300";"3,7499";"4,3341"
"148,9400";"3,7499";"4,3360"
"148,9500";"3,7499";"4,3366"
"148,9600";"3,7499";"4,3373"
"148,9700";"3,7499";"4,3380"
"148,9800";"3,7499";"4,3390"
"148,9900";"3,7499";"4,3375"
"149,0000";"3,7499";"4,3358"
"149,0100";"3,7499";"4,3359"
"149,0200";"3,7499";"4,3368"
"149,0300";"3,7499";"4,3367"
"149,0400";"3,7499";"4,3374"
"149,0500";"3,7499";"4,3388"
"149,0600";"3,7499";"4,3407"
"149,0700";"3,7499";"4,3399"
"149,0800";"3,7499";"4,3374"
"149,0900";"3,7499";"4,3355"
"149,1000";"3,7499";"4,3346"
"149,1100";"3,7499";"4,3343"
"149,1200";"3,7499";"4,3347"
"149,1300";"3,7499";"4,3354"
"149,1400";"3,7499";"4,3368"
"149,1500";"3,7499";"4,3366"
"149,1600";"3,7499";"4,3348"
"149,1700";"3,7499";"4,3344"
"149,1800";"3,7499";"4,3360"
"149,1900";"3,7499";"4,3371"
"149,2000";"3,7499";"4,3359"
"149,2100";"3,7499";"4,3346"
"149,2200";"3,7499";"4,3359"
"149,2300";"3,7499";"4,3357"
"149,2400";"3,7499";"4,3344"
"149,2500";"3,7499";"4,3336"
"149,2600";"3,7499";"4,3347"
"149,2700";"3,7499";"4,3355"
"149,2800";"3,7499";"4,3353"
"149,2900";"3,7499";"4,3343"
"149,3000";"3,7499";"4,3350"
"149,3100";"3,7499";"4,3366"
"149,3200";"3,7499";"4,3371"
"149,3300";"3,7499";"4,3361"
"149,3400";"3,7499";"4,3356"
"149,3500";"3,7499";"4,3353"
"149,3600";"3,7499";"4,3344"
"149,3700";"3,7499";"4,3352"
"149,3800";"3,7499";"4,3358"
"149,3900";"3,7499";"4,3352"
"149,4000";"3,7499";"4,3341"
"149,4100";"3,7499";"4,3340"
"149,4200";"3,7499";"4,3348"
"149,4300";"3,7499";"4,3342"
"149,4400";"3,7499";"4,3326"
"149,4500";"3,7499";"4,3326"
"149,4600";"3,7499";"4,3342"
"149,4700";"3,7499";"4,3356"
"149,4800";"3,7499";"4,3351"
"149,4900";"3,7499";"4,3332"
"149,5000";"3,7499";"4,3347"
"149,5100";"3,7499";"4,3369"
"149,5200";"3,7499";"4,3373"
"149,5300";"3,7499";"4,3362"
"149,5400";"3,7499";"4,3360"
"149,5500";"3,7499";"4,3358"
"149,5600";"3,7499";"4,3339"
"149,5700";"3,7499";"4,3323"
"149,5800";"3,7499";"4,3325"
"149,5900";"3,7499";"4,3338"
"149,6000";"3,7499";"4,3345"
"149,6100";"3,7499";"4,3325"
"149,6200";"3,7499";"4,3319"
"149,6300";"3,7499";"4,3320"
"149,6400";"3,7499";"4,3320"
"149,6500";"3,7499";"4,3297"
"149,6600";"3,7499";"4,3294"
"149,6700";"3,7499";"4,3307"
"149,6800";"3,7499";"4,3315"
"149,6900";"3,7499";"4,3304"
"149,7000";"3,7499";"4,3304"
"149,7100";"3,7499";"4,3327"
"149,7200";"3,7499";"4,3344"
"149,7300";"3,7499";"4,3336"
"149,7400";"3,7499";"4,3331"
"149,7500";"3,7499";"4,3334"
"149,7600";"3,7499";"4,3329"
"149,7700";"3,7499";"4,3319"
"149,7800";"3,7499";"4,3317"
"149,7900";"3,7499";"4,3334"
"149,8000";"3,7499";"4,3350"
"149,8100";"3,7499";"4,3351"
"149,8200";"3,7499";"4,3343"
"149,8300";"3,7499";"4,3334"
"149,8400";"3,7499";"4,3323"
"149,8500";"3,7499";"4,3303"
"149,8600";"3,7499";"4,3294"
"149,8700";"3,7499";"4,3300"
"149,8800";"3,7499";"4,3317"
"149,8900";"3,7499";"4,3324"
"149,9000";"3,7499";"4,3319"
"149,9100";"3,7499";"4,3310"
"149,9200";"3,7499";"4,3308"
"149,9300";"3,7499";"4,3305"
"149,9400";"3,7499";"4,3320"
"149,9500";"3,7499";"4,3339"
"149,9600";"3,7499";"4,3342"
"149,9700";"3,7499";"4,3324"
"149,9800";"3,7499";"4,3319"
"149,9900";"3,7499";"4,3329"
"150,0000";"3,7499";"4,3331"
"150,0100";"3,7499";"4,3310"
"150,0200";"3,7499";"4,3299"
"150,0300";"3,7499";"4,3316"
"150,0400";"3,7499";"4,3343"
"150,0500";"3,7499";"4,3347"
"150,0600";"3,7499";"4,3333"
"150,0700";"3,7499";"4,3339"
"150,0800";"3,7499";"4,3339"
"150,0900";"3,7499";"4,3318"
"150,1000";"3,7499";"4,3301"
"150,1100";"3,7499";"4,3292"
"150,1200";"3,7499";"4,3294"
"150,1300";"3,7499";"4,3294"
"150,1400";"3,7499";"4,3303"
"150,1500";"3,7499";"4,3313"
"150,1600";"3,7499";"4,3313"
"150,1700";"3,7499";"4,3300"
"150,1800";"3,7499";"4,3300"
"150,1900";"3,7499";"4,3305"
"150,2000";"3,7499";"4,3290"
"150,2100";"3,7499";"4,3273"
"150,2200";"3,7499";"4,3261"
"150,2300";"3,7499";"4,3271"
"150,2400";"3,7499";"4,3282"
"150,2500";"3,7499";"4,3278"
"150,2600";"3,7499";"4,3267"
"150,2700";"3,7499";"4,3274"
"150,2800";"3,7499";"4,3300"
"150,2900";"3,7499";"4,3294"
"150,3000";"3,7499";"4,3277"
"150,3100";"3,7499";"4,3291"
"150,3200";"3,7499";"4,3314"
"150,3300";"3,7499";"4,3320"
"150,3400";"3,7499";"4,3308"
"150,3500";"3,7499";"4,3293"
"150,3600";"3,7499";"4,3280"
"150,3700";"3,7499";"4,3272"
"150,3800";"3,7499";"4,3267"
"150,3900";"3,7499";"4,3273"
"150,4000";"3,7499";"4,3281"
"150,4100";"3,7499";"4,3278"
"150,4200";"3,7499";"4,3273"
"150,4300";"3,7499";"4,3277"
"150,4400";"3,7499";"4,3286"
"150,4500";"3,7499";"4,3289"
"150,4600";"3,7499";"4,3284"
"150,4700";"3,7499";"4,3280"
"150,4800";"3,7499";"4,3284"
"150,4900";"3,7499";"4,3295"
"150,5000";"3,7499";"4,3288"
"150,5100";"3,7499";"4,3260"
"150,5200";"3,7499";"4,3252"
"150,5300";"3,7499";"4,3260"
"150,5400";"3,7499";"4,3275"
"150,5500";"3,7499";"4,3277"
"150,5600";"3,7499";"4,3287"
"150,5700";"3,7499";"4,3294"
"150,5800";"3,7499";"4,3277"
"150,5900";"3,7499";"4,3267"
"150,6000";"3,7499";"4,3272"
"150,6100";"3,7499";"4,3277"
"150,6200";"3,7499";"4,3265"
"150,6300";"3,7499";"4,3251"
"150,6400";"3,7499";"4,3250"
"150,6500";"3,7499";"4,3262"
"150,6600";"3,7499";"4,3264"
"150,6700";"3,7499";"4,3264"
"150,6800";"3,7499";"4,3258"
"150,6900";"3,7499";"4,3252"
"150,7000";"3,7499";"4,3255"
"150,7100";"3,7499";"4,3254"
"150,7200";"3,7499";"4,3261"
"150,7300";"3,7499";"4,3265"
"150,7400";"3,7499";"4,3252"
"150,7500";"3,7499";"4,3240"
"150,7600";"3,7499";"4,3253"
"150,7700";"3,7499";"4,3274"
"150,7800";"3,7499";"4,3273"
"150,7900";"3,7499";"4,3261"
"150,8000";"3,7499";"4,3253"
"150,8100";"3,7499";"4,3269"
"150,8200";"3,7499";"4,3282"
"150,8300";"3,7499";"4,3276"
"150,8400";"3,7499";"4,3256"
"150,8500";"3,7499";"4,3246"
"150,8600";"3,7499";"4,3257"
"150,8700";"3,7499";"4,3267"
"150,8800";"3,7499";"4,3277"
"150,8900";"3,7499";"4,3276"
"150,9000";"3,7499";"4,3258"
"150,9100";"3,7499";"4,3245"
"150,9200";"3,7499";"4,3244"
"150,9300";"3,7499";"4,3245"
"150,9400";"3,7499";"4,3248"
"150,9500";"3,7499";"4,3247"
"150,9600";"3,7499";"4,3248"
"150,9700";"3,7499";"4,3252"
"150,9800";"3,7499";"4,3243"
"150,9900";"3,7499";"4,3229"
"151,0000";"3,7499";"4,3229"
"151,0100";"3,7499";"4,3242"
"151,0200";"3,7499";"4,3236"
"151,0300";"3,7499";"4,3225"
"151,0400";"3,7499";"4,3222"
"151,0500";"3,7499";"4,3237"
"151,0600";"3,7499";"4,3246"
"151,0700";"3,7499";"4,3241"
"151,0800";"3,7499";"4,3236"
"151,0900";"3,7499";"4,3240"
"151,1000";"3,7499";"4,3245"
"151,1100";"3,7499";"4,3234"
"151,1200";"3,7499";"4,3230"
"151,1300";"3,7499";"4,3237"
"151,1400";"3,7499";"4,3261"
"151,1500";"3,7499";"4,3269"
"151,1600";"3,7499";"4,3272"
"151,1700";"3,7499";"4,3266"
"151,1800";"3,7499";"4,3255"
"151,1900";"3,7499";"4,3236"
"151,2000";"3,7499";"4,3224"
"151,2100";"3,7499";"4,3225"
"151,2200";"3,7499";"4,3225"
"151,2300";"3,7499";"4,3223"
"151,2400";"3,7499";"4,3228"
"151,2500";"3,7499";"4,3234"
"151,2600";"3,7499";"4,3234"
"151,2700";"3,7499";"4,3216"
"151,2800";"3,7499";"4,3209"
"151,2900";"3,7499";"4,3207"
"151,3000";"3,7499";"4,3208"
"151,3100";"3,7499";"4,3211"
"151,3200";"3,7499";"4,3207"
"151,3300";"3,7499";"4,3206"
"151,3400";"3,7499";"4,3218"
"151,3500";"3,7499";"4,3227"
"151,3600";"3,7499";"4,3226"
"151,3700";"3,7499";"4,3220"
"151,3800";"3,7499";"4,3214"
"151,3900";"3,7499";"4,3207"
"151,4000";"3,7499";"4,3207"
"151,4100";"3,7499";"4,3211"
"151,4200";"3,7499";"4,3217"
"151,4300";"3,7499";"4,3211"
"151,4400";"3,7499";"4,3204"
"151,4500";"3,7499";"4,3214"
"151,4600";"3,7499";"4,3227"
"151,4700";"3,7499";"4,3220"
"151,4800";"3,7499";"4,3205"
"151,4900";"3,7499";"4,3207"
"151,5000";"3,7499";"4,3228"
"151,5100";"3,7499";"4,3231"
"151,5200";"3,7499";"4,3216"
"151,5300";"3,7499";"4,3197"
"151,5400";"3,7499";"4,3197"
"151,5500";"3,7499";"4,3197"
"151,5600";"3,7499";"4,3201"
"151,5700";"3,7499";"4,3205"
"151,5800";"3,7499";"4,3208"
"151,5900";"3,7499";"4,3209"
"151,6000";"3,7499";"4,3197"
"151,6100";"3,7499";"4,3193"
"151,6200";"3,7499";"4,3192"
"151,6300";"3,7499";"4,3197"
"151,6400";"3,7499";"4,3196"
"151,6500";"3,7499";"4,3204"
"151,6600";"3,7499";"4,3212"
"151,6700";"3,7499";"4,3212"
"151,6800";"3,7499";"4,3199"
"151,6900";"3,7499";"4,3184"
"151,7000";"3,7499";"4,3172"
"151,7100";"3,7499";"4,3162"
"151,7200";"3,7499";"4,3160"
"151,7300";"3,7499";"4,3180"
"151,7400";"3,7499";"4,3212"
"151,7500";"3,7499";"4,3222"
"151,7600";"3,7499";"4,3207"
"151,7700";"3,7499";"4,3193"
"151,7800";"3,7499";"4,3187"
"151,7900";"3,7499";"4,3181"
"151,8000";"3,7499";"4,3175"
"151,8100";"3,7499";"4,3173"
"151,8200";"3,7499";"4,3186"
"151,8300";"3,7499";"4,3213"
"151,8400";"3,7499";"4,3222"
"151,8500";"3,7499";"4,3215"
"151,8600";"3,7499";"4,3212"
"151,8700";"3,7499";"4,3210"
"151,8800";"3,7499";"4,3200"
"151,8900";"3,7499";"4,3194"
"151,9000";"3,7499";"4,3170"
"151,9100";"3,7499";"4,3158"
"151,9200";"3,7499";"4,3169"
"151,9300";"3,7499";"4,3174"
"151,9400";"3,7499";"4,3186"
"151,9500";"3,7499";"4,3194"
"151,9600";"3,7499";"4,3189"
"151,9700";"3,7499";"4,3189"
"151,9800";"3,7499";"4,3214"
"151,9900";"3,7499";"4,3222"
"152,0000";"3,7499";"4,3210"
"152,0100";"3,7499";"4,3196"
"152,0200";"3,7499";"4,3201"
"152,0300";"3,7499";"4,3212"
"152,0400";"3,7499";"4,3190"
"152,0500";"3,7499";"4,3164"
"152,0600";"3,7499";"4,3165"
"152,0700";"3,7499";"4,3174"
"152,0800";"3,7499";"4,3176"
"152,0900";"3,7499";"4,3171"
"152,1000";"3,7499";"4,3165"
"152,1100";"3,7499";"4,3184"
"152,1200";"3,7499";"4,3194"
"152,1300";"3,7499";"4,3174"
"152,1400";"3,7499";"4,3146"
"152,1500";"3,7499";"4,3140"
"152,1600";"3,7499";"4,3152"
"152,1700";"3,7499";"4,3169"
"152,1800";"3,7499";"4,3175"
"152,1900";"3,7499";"4,3180"
"152,2000";"3,7499";"4,3180"
"152,2100";"3,7499";"4,3166"
"152,2200";"3,7499";"4,3166"
"152,2300";"3,7499";"4,3170"
"152,2400";"3,7499";"4,3167"
"152,2500";"3,7499";"4,3161"
"152,2600";"3,7499";"4,3154"
"152,2700";"3,7499";"4,3166"
"152,2800";"3,7499";"4,3175"
"152,2900";"3,7499";"4,3155"
"152,3000";"3,7499";"4,3130"
"152,3100";"3,7499";"4,3121"
"152,3200";"3,7499";"4,3128"
"152,3300";"3,7499";"4,3125"
"152,3400";"3,7499";"4,3130"
"152,3500";"3,7499";"4,3154"
"152,3600";"3,7499";"4,3189"
"152,3700";"3,7499";"4,3207"
"152,3800";"3,7499";"4,3186"
"152,3900";"3,7499";"4,3163"
"152,4000";"3,7499";"4,3158"
"152,4100";"3,7499";"4,3153"
"152,4200";"3,7499";"4,3163"
"152,4300";"3,7499";"4,3170"
"152,4400";"3,7499";"4,3169"
"152,4500";"3,7499";"4,3165"
"152,4600";"3,7499";"4,3175"
"152,4700";"3,7499";"4,3180"
"152,4800";"3,7499";"4,3169"
"152,4900";"3,7499";"4,3138"
"152,5000";"3,7499";"4,3131"
"152,5100";"3,7499";"4,3143"
"152,5200";"3,7499";"4,3155"
"152,5300";"3,7499";"4,3155"
"152,5400";"3,7499";"4,3144"
"152,5500";"3,7499";"4,3152"
"152,5600";"3,7499";"4,3169"
"152,5700";"3,7499";"4,3172"
"152,5800";"3,7499";"4,3151"
"152,5900";"3,7499";"4,3147"
"152,6000";"3,7499";"4,3154"
"152,6100";"3,7499";"4,3151"
"152,6200";"3,7499";"4,3147"
"152,6300";"3,7499";"4,3141"
"152,6400";"3,7499";"4,3139"
"152,6500";"3,7499";"4,3145"
"152,6600";"3,7499";"4,3134"
"152,6700";"3,7499";"4,3138"
"152,6800";"3,7499";"4,3153"
"152,6900";"3,7499";"4,3158"
"152,7000";"3,7499";"4,3161"
"152,7100";"3,7499";"4,3181"
"152,7200";"3,7499";"4,3188"
"152,7300";"3,7499";"4,3188"
"152,7400";"3,7499";"4,3170"
"152,7500";"3,7499";"4,3158"
"152,7600";"3,7499";"4,3150"
"152,7700";"3,7499";"4,3144"
"152,7800";"3,7499";"4,3121"
"152,7900";"3,7499";"4,3117"
"152,8000";"3,7499";"4,3136"
"152,8100";"3,7499";"4,3148"
"152,8200";"3,7499";"4,3149"
"152,8300";"3,7499";"4,3150"
"152,8400";"3,7499";"4,3156"
"152,8500";"3,7499";"4,3153"
"152,8600";"3,7499";"4,3130"
"152,8700";"3,7499";"4,3124"
"152,8800";"3,7499";"4,3135"
"152,8900";"3,7499";"4,3144"
"152,9000";"3,7499";"4,3147"
"152,9100";"3,7499";"4,3148"
"152,9200";"3,7499";"4,3152"
"152,9300";"3,7499";"4,3150"
"152,9400";"3,7499";"4,3124"
"152,9500";"3,7499";"4,3115"
"152,9600";"3,7499";"4,3132"
"152,9700";"3,7499";"4,3143"
"152,9800";"3,7499";"4,3140"
"152,9900";"3,7499";"4,3141"
"153,0000";"3,7499";"4,3161"
"153,0100";"3,7499";"4,3167"
"153,0200";"3,7499";"4,3157"
"153,0300";"3,7499";"4,3136"
"153,0400";"3,7499";"4,3130"
"153,0500";"3,7499";"4,3129"
"153,0600";"3,7499";"4,3130"
"153,0700";"3,7499";"4,3124"
"153,0800";"3,7499";"4,3121"
"153,0900";"3,7499";"4,3117"
"153,1000";"3,7499";"4,3108"
"153,1100";"3,7499";"4,3102"
"153,1200";"3,7499";"4,3114"
"153,1300";"3,7499";"4,3127"
"153,1400";"3,7499";"4,3128"
"153,1500";"3,7499";"4,3130"
"153,1600";"3,7499";"4,3133"
"153,1700";"3,7499";"4,3126"
"153,1800";"3,7499";"4,3117"
"153,1900";"3,7499";"4,3113"
"153,2000";"3,7499";"4,3103"
"153,2100";"3,7499";"4,3094"
"153,2200";"3,7499";"4,3094"
"153,2300";"3,7499";"4,3096"
"153,2400";"3,7499";"4,3105"
"153,2500";"3,7499";"4,3123"
"153,2600";"3,7499";"4,3135"
"153,2700";"3,7499";"4,3128"
"153,2800";"3,7499";"4,3122"
"153,2900";"3,7499";"4,3116"
"153,3000";"3,7499";"4,3100"
"153,3100";"3,7499";"4,3091"
"153,3200";"3,7499";"4,3110"
"153,3300";"3,7499";"4,3129"
"153,3400";"3,7499";"4,3123"
"153,3500";"3,7499";"4,3109"
"153,3600";"3,7499";"4,3110"
"153,3700";"3,7499";"4,3111"
"153,3800";"3,7499";"4,3104"
"153,3900";"3,7499";"4,3098"
"153,4000";"3,7499";"4,3100"
"153,4100";"3,7499";"4,3105"
"153,4200";"3,7499";"4,3111"
"153,4300";"3,7499";"4,3102"
"153,4400";"3,7499";"4,3078"
"153,4500";"3,7499";"4,3062"
"153,4600";"3,7499";"4,3060"
"153,4700";"3,7499";"4,3071"
"153,4800";"3,7499";"4,3090"
"153,4900";"3,7499";"4,3112"
"153,5000";"3,7499";"4,3137"
"153,5100";"3,7499";"4,3127"
"153,5200";"3,7499";"4,3130"
"153,5300";"3,7499";"4,3126"
"153,5400";"3,7499";"4,3111"
"153,5500";"3,7499";"4,3097"
"153,5600";"3,7499";"4,3094"
"153,5700";"3,7499";"4,3106"
"153,5800";"3,7499";"4,3105"
"153,5900";"3,7499";"4,3098"
"153,6000";"3,7499";"4,3101"
"153,6100";"3,7499";"4,3100"
"153,6200";"3,7499";"4,3100"
"153,6300";"3,7499";"4,3087"
"153,6400";"3,7499";"4,3068"
"153,6500";"3,7499";"4,3060"
"153,6600";"3,7499";"4,3079"
"153,6700";"3,7499";"4,3088"
"153,6800";"3,7499";"4,3095"
"153,6900";"3,7499";"4,3106"
"153,7000";"3,7499";"4,3113"
"153,7100";"3,7499";"4,3105"
"153,7200";"3,7499";"4,3099"
"153,7300";"3,7499";"4,3090"
"153,7400";"3,7499";"4,3094"
"153,7500";"3,7499";"4,3083"
"153,7600";"3,7499";"4,3077"
"153,7700";"3,7499";"4,3095"
"153,7800";"3,7499";"4,3112"
"153,7900";"3,7499";"4,3109"
"153,8000";"3,7499";"4,3093"
"153,8100";"3,7499";"4,3070"
"153,8200";"3,7499";"4,3070"
"153,8300";"3,7499";"4,3069"
"153,8400";"3,7499";"4,3068"
"153,8500";"3,7499";"4,3084"
"153,8600";"3,7499";"4,3105"
"153,8700";"3,7499";"4,3102"
"153,8800";"3,7499";"4,3094"
"153,8900";"3,7499";"4,3086"
"153,9000";"3,7499";"4,3085"
"153,9100";"3,7499";"4,3076"
"153,9200";"3,7499";"4,3063"
"153,9300";"3,7499";"4,3056"
"153,9400";"3,7499";"4,3061"
"153,9500";"3,7499";"4,3053"
"153,9600";"3,7499";"4,3046"
"153,9700";"3,7499";"4,3060"
"153,9800";"3,7499";"4,3089"
"153,9900";"3,7499";"4,3091"
"154,0000";"3,7499";"4,3066"
"154,0100";"3,7499";"4,3049"
"154,0200";"3,7499";"4,3068"
"154,0300";"3,7499";"4,3066"
"154,0400";"3,7499";"4,3060"
"154,0500";"3,7499";"4,3052"
"154,0600";"3,7499";"4,3060"
"154,0700";"3,7499";"4,3078"
"154,0800";"3,7499";"4,3090"
"154,0900";"3,7499";"4,3099"
"154,1000";"3,7499";"4,3099"
"154,1100";"3,7499";"4,3083"
"154,1200";"3,7499";"4,3055"
"154,1300";"3,7499";"4,3047"
"154,1400";"3,7499";"4,3049"
"154,1500";"3,7499";"4,3056"
"154,1600";"3,7499";"4,3062"
"154,1700";"3,7499";"4,3076"
"154,1800";"3,7499";"4,3088"
"154,1900";"3,7499";"4,3076"
"154,2000";"3,7499";"4,3056"
"154,2100";"3,7499";"4,3048"
"154,2200";"3,7499";"4,3052"
"154,2300";"3,7499";"4,3073"
"154,2400";"3,7499";"4,3085"
"154,2500";"3,7499";"4,3085"
"154,2600";"3,7499";"4,3099"
"154,2700";"3,7499";"4,3092"
"154,2800";"3,7499";"4,3074"
"154,2900";"3,7499";"4,3061"
"154,3000";"3,7499";"4,3058"
"154,3100";"3,7499";"4,3066"
"154,3200";"3,7499";"4,3058"
"154,3300";"3,7499";"4,3058"
"154,3400";"3,7499";"4,3067"
"154,3500";"3,7499";"4,3051"
"154,3600";"3,7499";"4,3028"
"154,3700";"3,7499";"4,3019"
"154,3800";"3,7499";"4,3032"
"154,3900";"3,7499";"4,3043"
"154,4000";"3,7499";"4,3032"
"154,4100";"3,7499";"4,3028"
"154,4200";"3,7499";"4,3053"
"154,4300";"3,7499";"4,3074"
"154,4400";"3,7499";"4,3068"
"154,4500";"3,7499";"4,3050"
"154,4600";"3,7499";"4,3036"
"154,4700";"3,7499";"4,3031"
"154,4800";"3,7499";"4,3027"
"154,4900";"3,7499";"4,3035"
"154,5000";"3,7499";"4,3069"
"154,5100";"3,7499";"4,3093"
"154,5200";"3,7499";"4,3094"
"154,5300";"3,7499";"4,3085"
"154,5400";"3,7499";"4,3077"
"154,5500";"3,7499";"4,3056"
"154,5600";"3,7499";"4,3026"
"154,5700";"3,7499";"4,3009"
"154,5800";"3,7499";"4,3017"
"154,5900";"3,7499";"4,3035"
"154,6000";"3,7499";"4,3042"
"154,6100";"3,7499";"4,3038"
"154,6200";"3,7499";"4,3049"
"154,6300";"3,7499";"4,3063"
"154,6400";"3,7499";"4,3062"
"154,6500";"3,7499";"4,3042"
"154,6600";"3,7499";"4,3031"
"154,6700";"3,7499";"4,3050"
"154,6800";"3,7499";"4,3065"
"154,6900";"3,7499";"4,3055"
"154,7000";"3,7499";"4,3036"
"154,7100";"3,7499";"4,3028"
"154,7200";"3,7499";"4,3037"
"154,7300";"3,7499";"4,3051"
"154,7400";"3,7499";"4,3060"
"154,7500";"3,7499";"4,3058"
"154,7600";"3,7499";"4,3051"
"154,7700";"3,7499";"4,3040"
"154,7800";"3,7499";"4,3035"
"154,7900";"3,7499";"4,3026"
"154,8000";"3,7499";"4,3011"
"154,8100";"3,7499";"4,3001"
"154,8200";"3,7499";"4,3001"
"154,8300";"3,7499";"4,3021"
"154,8400";"3,7499";"4,3022"
"154,8500";"3,7499";"4,3021"
"154,8600";"3,7499";"4,3029"
"154,8700";"3,7499";"4,3035"
"154,8800";"3,7499";"4,3025"
"154,8900";"3,7499";"4,3018"
"154,9000";"3,7499";"4,3024"
"154,9100";"3,7499";"4,3039"
"154,9200";"3,7499";"4,3043"
"154,9300";"3,7499";"4,3017"
"154,9400";"3,7499";"4,3000"
"154,9500";"3,7499";"4,3009"
"154,9600";"3,7499";"4,3036"
"154,9700";"3,7499";"4,3052"
"154,9800";"3,7499";"4,3046"
"154,9900";"3,7499";"4,3049"
"155,0000";"3,7499";"4,3057"
"155,0100";"3,7499";"4,3055"
"155,0200";"3,7499";"4,3043"
"155,0300";"3,7499";"4,3037"
"155,0400";"3,7499";"4,3043"
"155,0500";"3,7499";"4,3042"
"155,0600";"3,7499";"4,3027"
"155,0700";"3,7499";"4,3021"
"155,0800";"3,7499";"4,3021"
"155,0900";"3,7499";"4,3015"
"155,1000";"3,7499";"4,3003"
"155,1100";"3,7499";"4,3001"
"155,1200";"3,7499";"4,3022"
"155,1300";"3,7499";"4,3031"
"155,1400";"3,7499";"4,3017"
"155,1500";"3,7499";"4,2995"
"155,1600";"3,7499";"4,2996"
"155,1700";"3,7499";"4,2996"
"155,1800";"3,7499";"4,2985"
"155,1900";"3,7499";"4,2988"
"155,2000";"3,7499";"4,3008"
"155,2100";"3,7499";"4,3029"
"155,2200";"3,7499";"4,3029"
"155,2300";"3,7499";"4,3021"
"155,2400";"3,7499";"4,3018"
"155,2500";"3,7499";"4,3014"
"155,2600";"3,7499";"4,3018"
"155,2700";"3,7499";"4,3019"
"155,2800";"3,7499";"4,3025"
"155,2900";"3,7499";"4,3015"
"155,3000";"3,7499";"4,2986"
"155,3100";"3,7499";"4,2973"
"155,3200";"3,7499";"4,2991"
"155,3300";"3,7499";"4,3000"
"155,3400";"3,7499";"4,2998"
"155,3500";"3,7499";"4,2994"
"155,3600";"3,7499";"4,2997"
"155,3700";"3,7499";"4,2999"
"155,3800";"3,7499";"4,2995"
"155,3900";"3,7499";"4,2989"
"155,4000";"3,7499";"4,2997"
"155,4100";"3,7499";"4,3010"
"155,4200";"3,7499";"4,3010"
"155,4300";"3,7499";"4,3011"
"155,4400";"3,7499";"4,3011"
"155,4500";"3,7499";"4,3023"
"155,4600";"3,7499";"4,3021"
"155,4700";"3,7499";"4,3013"
"155,4800";"3,7499";"4,3005"
"155,4900";"3,7499";"4,3008"
"155,5000";"3,7499";"4,3010"
"155,5100";"3,7499";"4,3010"
"155,5200";"3,7499";"4,3015"
"155,5300";"3,7499";"4,3006"
"155,5400";"3,7499";"4,3000"
"155,5500";"3,7499";"4,3003"
"155,5600";"3,7499";"4,3017"
"155,5700";"3,7499";"4,3020"
"155,5800";"3,7499";"4,3002"
"155,5900";"3,7499";"4,2993"
"155,6000";"3,7499";"4,2990"
"155,6100";"3,7499";"4,2991"
"155,6200";"3,7499";"4,2989"
"155,6300";"3,7499";"4,2976"
"155,6400";"3,7499";"4,2985"
"155,6500";"3,7499";"4,2983"
"155,6600";"3,7499";"4,2981"
"155,6700";"3,7499";"4,2979"
"155,6800";"3,7499";"4,2980"
"155,6900";"3,7499";"4,2977"
"155,7000";"3,7499";"4,2972"
"155,7100";"3,7499";"4,2970"
"155,7200";"3,7499";"4,2982"
"155,7300";"3,7499";"4,2989"
"155,7400";"3,7499";"4,2979"
"155,7500";"3,7499";"4,2964"
"155,7600";"3,7499";"4,2964"
"155,7700";"3,7499";"4,2982"
"155,7800";"3,7499";"4,2989"
"155,7900";"3,7499";"4,2988"
"155,8000";"3,7499";"4,2993"
"155,8100";"3,7499";"4,2997"
"155,8200";"3,7499";"4,2981"
"155,8300";"3,7499";"4,2962"
"155,8400";"3,7499";"4,2960"
"155,8500";"3,7499";"4,2973"
"155,8600";"3,7499";"4,2988"
"155,8700";"3,7499";"4,2979"
"155,8800";"3,7499";"4,2983"
"155,8900";"3,7499";"4,3011"
"155,9000";"3,7499";"4,3014"
"155,9100";"3,7499";"4,2984"
"155,9200";"3,7499";"4,2959"
"155,9300";"3,7499";"4,2956"
"155,9400";"3,7499";"4,2974"
"155,9500";"3,7499";"4,2978"
"155,9600";"3,7499";"4,2975"
"155,9700";"3,7499";"4,2965"
"155,9800";"3,7499";"4,2965"
"155,9900";"3,7499";"4,2961"
"156,0000";"3,7499";"4,2951"
"156,0100";"3,7499";"4,2955"
"156,0200";"3,7499";"4,2977"
"156,0300";"3,7499";"4,2990"
"156,0400";"3,7499";"4,2982"
"156,0500";"3,7499";"4,2967"
"156,0600";"3,7499";"4,2950"
"156,0700";"3,7499";"4,2937"
"156,0800";"3,7499";"4,2944"
"156,0900";"3,7499";"4,2956"
"156,1000";"3,7499";"4,2976"
"156,1100";"3,7499";"4,2989"
"156,1200";"3,7499";"4,3003"
"156,1300";"3,7499";"4,3024"
"156,1400";"3,7499";"4,3012"
"156,1500";"3,7499";"4,2952"
"156,1600";"3,7499";"4,2903"
"156,1700";"3,7499";"4,2902"
"156,1800";"3,7499";"4,2936"
"156,1900";"3,7499";"4,2952"
"156,2000";"3,7499";"4,2957"
"156,2100";"3,7499";"4,2965"
"156,2200";"3,7499";"4,2987"
"156,2300";"3,7499";"4,2992"
"156,2400";"3,7499";"4,2979"
"156,2500";"3,7499";"4,2974"
"156,2600";"3,7499";"4,2972"
"156,2700";"3,7499";"4,2973"
"156,2800";"3,7499";"4,2977"
"156,2900";"3,7499";"4,2979"
"156,3000";"3,7499";"4,2980"
"156,3100";"3,7499";"4,2972"
"156,3200";"3,7499";"4,2959"
"156,3300";"3,7499";"4,2946"
"156,3400";"3,7499";"4,2934"
"156,3500";"3,7499";"4,2925"
"156,3600";"3,7499";"4,2943"
"156,3700";"3,7499";"4,2972"
"156,3800";"3,7499";"4,2985"
"156,3900";"3,7499";"4,2976"
"156,4000";"3,7499";"4,2958"
"156,4100";"3,7499";"4,2956"
"156,4200";"3,7499";"4,2952"
"156,4300";"3,7499";"4,2925"
"156,4400";"3,7499";"4,2893"
"156,4500";"3,7499";"4,2899"
"156,4600";"3,7499";"4,2946"
"156,4700";"3,7499";"4,2976"
"156,4800";"3,7499";"4,2974"
"156,4900";"3,7499";"4,2956"
"156,5000";"3,7499";"4,2952"
"156,5100";"3,7499";"4,2957"
"156,5200";"3,7499";"4,2957"
"156,5300";"3,7499";"4,2945"
"156,5400";"3,7499";"4,2937"
"156,5500";"3,7499";"4,2941"
"156,5600";"3,7499";"4,2959"
"156,5700";"3,7499";"4,2971"
"156,5800";"3,7499";"4,2976"
"156,5900";"3,7499";"4,2953"
"156,6000";"3,7499";"4,2926"
"156,6100";"3,7499";"4,2927"
"156,6200";"3,7499";"4,2948"
"156,6300";"3,7499";"4,2954"
"156,6400";"3,7499";"4,2946"
"156,6500";"3,7499";"4,2943"
"156,6600";"3,7499";"4,2947"
"156,6700";"3,7499";"4,2944"
"156,6800";"3,7499";"4,2936"
"156,6900";"3,7499";"4,2930"
"156,7000";"3,7499";"4,2943"
"156,7100";"3,7499";"4,2963"
"156,7200";"3,7499";"4,2955"
"156,7300";"3,7499";"4,2943"
"156,7400";"3,7499";"4,2966"
"156,7500";"3,7499";"4,2989"
"156,7600";"3,7499";"4,2973"
"156,7700";"3,7499";"4,2949"
"156,7800";"3,7499";"4,2943"
"156,7900";"3,7499";"4,2954"
"156,8000";"3,7499";"4,2959"
"156,8100";"3,7499";"4,2948"
"156,8200";"3,7499";"4,2947"
"156,8300";"3,7499";"4,2947"
"156,8400";"3,7499";"4,2945"
"156,8500";"3,7499";"4,2943"
"156,8600";"3,7499";"4,2952"
"156,8700";"3,7499";"4,2961"
"156,8800";"3,7499";"4,2963"
"156,8900";"3,7499";"4,2945"
"156,9000";"3,7499";"4,2939"
"156,9100";"3,7499";"4,2953"
"156,9200";"3,7499";"4,2950"
"156,9300";"3,7499";"4,2928"
"156,9400";"3,7499";"4,2926"
"156,9500";"3,7499";"4,2923"
"156,9600";"3,7499";"4,2916"
"156,9700";"3,7499";"4,2900"
"156,9800";"3,7499";"4,2903"
"156,9900";"3,7499";"4,2925"
"157,0000";"3,7499";"4,2929"
"157,0100";"3,7499";"4,2924"
"157,0200";"3,7499";"4,2919"
"157,0300";"3,7499";"4,2920"
"157,0400";"3,7499";"4,2935"
"157,0500";"3,7499";"4,2937"
"157,0600";"3,7499";"4,2942"
"157,0700";"3,7499";"4,2932"
"157,0800";"3,7499";"4,2920"
"157,0900";"3,7499";"4,2906"
"157,1000";"3,7499";"4,2902"
"157,1100";"3,7499";"4,2901"
"157,1200";"3,7499";"4,2898"
"157,1300";"3,7499";"4,2896"
"157,1400";"3,7499";"4,2897"
"157,1500";"3,7499";"4,2908"
"157,1600";"3,7499";"4,2914"
"157,1700";"3,7499";"4,2906"
"157,1800";"3,7499";"4,2913"
"157,1900";"3,7499";"4,2926"
"157,2000";"3,7499";"4,2926"
"157,2100";"3,7499";"4,2908"
"157,2200";"3,7499";"4,2889"
"157,2300";"3,7499";"4,2895"
"157,2400";"3,7499";"4,2901"
"157,2500";"3,7499";"4,2915"
"157,2600";"3,7499";"4,2928"
"157,2700";"3,7499";"4,2931"
"157,2800";"3,7499";"4,2913"
"157,2900";"3,7499";"4,2881"
"157,3000";"3,7499";"4,2870"
"157,3100";"3,7499";"4,2889"
"157,3200";"3,7499";"4,2905"
"157,3300";"3,7499";"4,2902"
"157,3400";"3,7499";"4,2905"
"157,3500";"3,7499";"4,2925"
"157,3600";"3,7499";"4,2928"
"157,3700";"3,7499";"4,2913"
"157,3800";"3,7499";"4,2893"
"157,3900";"3,7499";"4,2900"
"157,4000";"3,7499";"4,2909"
"157,4100";"3,7499";"4,2906"
"157,4200";"3,7499";"4,2899"
"157,4300";"3,7499";"4,2900"
"157,4400";"3,7499";"4,2904"
"157,4500";"3,7499";"4,2896"
"157,4600";"3,7499";"4,2890"
"157,4700";"3,7499";"4,2895"
"157,4800";"3,7499";"4,2908"
"157,4900";"3,7499";"4,2907"
"157,5000";"3,7499";"4,2889"
"157,5100";"3,7499";"4,2890"
"157,5200";"3,7499";"4,2903"
"157,5300";"3,7499";"4,2914"
"157,5400";"3,7499";"4,2913"
"157,5500";"3,7499";"4,2911"
"157,5600";"3,7499";"4,2905"
"157,5700";"3,7499";"4,2903"
"157,5800";"3,7499";"4,2906"
"157,5900";"3,7499";"4,2914"
"157,6000";"3,7499";"4,2922"
"157,6100";"3,7499";"4,2913"
"157,6200";"3,7499";"4,2898"
"157,6300";"3,7499";"4,2905"
"157,6400";"3,7499";"4,2927"
"157,6500";"3,7499";"4,2939"
"157,6600";"3,7499";"4,2923"
"157,6700";"3,7499";"4,2918"
"157,6800";"3,7499";"4,2932"
"157,6900";"3,7499";"4,2930"
"157,7000";"3,7499";"4,2922"
"157,7100";"3,7499";"4,2895"
"157,7200";"3,7499";"4,2879"
"157,7300";"3,7499";"4,2881"
"157,7400";"3,7499";"4,2892"
"157,7500";"3,7499";"4,2903"
"157,7600";"3,7499";"4,2907"
"157,7700";"3,7499";"4,2905"
"157,7800";"3,7499";"4,2883"
"157,7900";"3,7499";"4,2866"
"157,8000";"3,7499";"4,2876"
"157,8100";"3,7499";"4,2881"
"157,8200";"3,7499";"4,2867"
"157,8300";"3,7499";"4,2859"
"157,8400";"3,7499";"4,2865"
"157,8500";"3,7499";"4,2870"
"157,8600";"3,7499";"4,2870"
"157,8700";"3,7499";"4,2876"
"157,8800";"3,7499";"4,2881"
"157,8900";"3,7499";"4,2875"
"157,9000";"3,7499";"4,2864"
"157,9100";"3,7499";"4,2859"
"157,9200";"3,7499";"4,2885"
"157,9300";"3,7499";"4,2911"
"157,9400";"3,7499";"4,2898"
"157,9500";"3,7499";"4,2871"
"157,9600";"3,7499";"4,2883"
"157,9700";"3,7499";"4,2906"
"157,9800";"3,7499";"4,2905"
"157,9900";"3,7499";"4,2888"
"158,0000";"3,7499";"4,2882"
"158,0100";"3,7499";"4,2892"
"158,0200";"3,7499";"4,2909"
"158,0300";"3,7499";"4,2922"
"158,0400";"3,7499";"4,2927"
"158,0500";"3,7499";"4,2912"
"158,0600";"3,7499";"4,2886"
"158,0700";"3,7499";"4,2865"
"158,0800";"3,7499";"4,2860"
"158,0900";"3,7499";"4,2869"
"158,1000";"3,7499";"4,2872"
"158,1100";"3,7499";"4,2862"
"158,1200";"3,7499";"4,2866"
"158,1300";"3,7499";"4,2870"
"158,1400";"3,7499";"4,2881"
"158,1500";"3,7499";"4,2889"
"158,1600";"3,7499";"4,2888"
"158,1700";"3,7499";"4,2892"
"158,1800";"3,7499";"4,2876"
"158,1900";"3,7499";"4,2851"
"158,2000";"3,7499";"4,2856"
"158,2100";"3,7499";"4,2876"
"158,2200";"3,7499";"4,2879"
"158,2300";"3,7499";"4,2865"
"158,2400";"3,7499";"4,2856"
"158,2500";"3,7499";"4,2866"
"158,2600";"3,7499";"4,2874"
"158,2700";"3,7499";"4,2857"
"158,2800";"3,7499";"4,2844"
"158,2900";"3,7499";"4,2838"
"158,3000";"3,7499";"4,2844"
"158,3100";"3,7499";"4,2857"
"158,3200";"3,7499";"4,2874"
"158,3300";"3,7499";"4,2880"
"158,3400";"3,7499";"4,2879"
"158,3500";"3,7499";"4,2877"
"158,3600";"3,7499";"4,2878"
"158,3700";"3,7499";"4,2871"
"158,3800";"3,7499";"4,2864"
"158,3900";"3,7499";"4,2855"
"158,4000";"3,7499";"4,2859"
"158,4100";"3,7499";"4,2875"
"158,4200";"3,7499";"4,2884"
"158,4300";"3,7499";"4,2870"
"158,4400";"3,7499";"4,2850"
"158,4500";"3,7499";"4,2851"
"158,4600";"3,7499";"4,2864"
"158,4700";"3,7499";"4,2850"
"158,4800";"3,7499";"4,2835"
"158,4900";"3,7499";"4,2836"
"158,5000";"3,7499";"4,2859"
"158,5100";"3,7499";"4,2882"
"158,5200";"3,7499";"4,2891"
"158,5300";"3,7499";"4,2877"
"158,5400";"3,7499";"4,2862"
"158,5500";"3,7499";"4,2856"
"158,5600";"3,7499";"4,2845"
"158,5700";"3,7499";"4,2834"
"158,5800";"3,7499";"4,2839"
"158,5900";"3,7499";"4,2854"
"158,6000";"3,7499";"4,2875"
"158,6100";"3,7499";"4,2878"
"158,6200";"3,7499";"4,2851"
"158,6300";"3,7499";"4,2822"
"158,6400";"3,7499";"4,2820"
"158,6500";"3,7499";"4,2834"
"158,6600";"3,7499";"4,2836"
"158,6700";"3,7499";"4,2834"
"158,6800";"3,7499";"4,2846"
"158,6900";"3,7499";"4,2877"
"158,7000";"3,7499";"4,2906"
"158,7100";"3,7499";"4,2897"
"158,7200";"3,7499";"4,2850"
"158,7300";"3,7499";"4,2822"
"158,7400";"3,7499";"4,2832"
"158,7500";"3,7499";"4,2837"
"158,7600";"3,7499";"4,2819"
"158,7700";"3,7499";"4,2806"
"158,7800";"3,7499";"4,2830"
"158,7900";"3,7499";"4,2853"
"158,8000";"3,7499";"4,2851"
"158,8100";"3,7499";"4,2839"
"158,8200";"3,7499";"4,2829"
"158,8300";"3,7499";"4,2829"
"158,8400";"3,7499";"4,2827"
"158,8500";"3,7499";"4,2820"
"158,8600";"3,7499";"4,2818"
"158,8700";"3,7499";"4,2825"
"158,8800";"3,7499";"4,2835"
"158,8900";"3,7499";"4,2842"
"158,9000";"3,7499";"4,2854"
"158,9100";"3,7499";"4,2857"
"158,9200";"3,7499";"4,2843"
"158,9300";"3,7499";"4,2831"
"158,9400";"3,7499";"4,2838"
"158,9500";"3,7499";"4,2847"
"158,9600";"3,7499";"4,2845"
"158,9700";"3,7499";"4,2847"
"158,9800";"3,7499";"4,2849"
"158,9900";"3,7499";"4,2846"
"159,0000";"3,7499";"4,2834"
"159,0100";"3,7499";"4,2831"
"159,0200";"3,7499";"4,2840"
"159,0300";"3,7499";"4,2852"
"159,0400";"3,7499";"4,2862"
"159,0500";"3,7499";"4,2861"
"159,0600";"3,7499";"4,2858"
"159,0700";"3,7499";"4,2844"
"159,0800";"3,7499";"4,2817"
"159,0900";"3,7499";"4,2793"
"159,1000";"3,7499";"4,2799"
"159,1100";"3,7499";"4,2822"
"159,1200";"3,7499";"4,2850"
"159,1300";"3,7499";"4,2862"
"159,1400";"3,7499";"4,2863"
"159,1500";"3,7499";"4,2853"
"159,1600";"3,7499";"4,2828"
"159,1700";"3,7499";"4,2809"
"159,1800";"3,7499";"4,2815"
"159,1900";"3,7499";"4,2834"
"159,2000";"3,7499";"4,2838"
"159,2100";"3,7499";"4,2837"
"159,2200";"3,7499";"4,2853"
"159,2300";"3,7499";"4,2853"
"159,2400";"3,7499";"4,2831"
"159,2500";"3,7499";"4,2804"
"159,2600";"3,7499";"4,2796"
"159,2700";"3,7499";"4,2828"
"159,2800";"3,7499";"4,2848"
"159,2900";"3,7499";"4,2835"
"159,3000";"3,7499";"4,2823"
"159,3100";"3,7499";"4,2820"
"159,3200";"3,7499";"4,2826"
"159,3300";"3,7499";"4,2817"
"159,3400";"3,7499";"4,2801"
"159,3500";"3,7499";"4,2814"
"159,3600";"3,7499";"4,2829"
"159,3700";"3,7499";"4,2834"
"159,3800";"3,7499";"4,2840"
"159,3900";"3,7499";"4,2848"
"159,4000";"3,7499";"4,2842"
"159,4100";"3,7499";"4,2829"
"159,4200";"3,7499";"4,2824"
"159,4300";"3,7499";"4,2827"
"159,4400";"3,7499";"4,2819"
"159,4500";"3,7499";"4,2799"
"159,4600";"3,7499";"4,2790"
"159,4700";"3,7499";"4,2805"
"159,4800";"3,7499";"4,2820"
"159,4900";"3,7499";"4,2803"
"159,5000";"3,7499";"4,2788"
"159,5100";"3,7499";"4,2786"
"159,5200";"3,7499";"4,2802"
"159,5300";"3,7499";"4,2808"
"159,5400";"3,7499";"4,2803"
"159,5500";"3,7499";"4,2809"
"159,5600";"3,7499";"4,2821"
"159,5700";"3,7499";"4,2820"
"159,5800";"3,7499";"4,2805"
"159,5900";"3,7499";"4,2782"
"159,6000";"3,7499";"4,2777"
"159,6100";"3,7499";"4,2770"
"159,6200";"3,7499";"4,2775"
"159,6300";"3,7499";"4,2791"
"159,6400";"3,7499";"4,2789"
"159,6500";"3,7499";"4,2783"
"159,6600";"3,7499";"4,2793"
"159,6700";"3,7499";"4,2801"
"159,6800";"3,7499";"4,2800"
"159,6900";"3,7499";"4,2790"
"159,7000";"3,7499";"4,2787"
"159,7100";"3,7499";"4,2799"
"159,7200";"3,7499";"4,2807"
"159,7300";"3,7499";"4,2783"
"159,7400";"3,7499";"4,2763"
"159,7500";"3,7499";"4,2787"
"159,7600";"3,7499";"4,2814"
"159,7700";"3,7499";"4,2818"
"159,7800";"3,7499";"4,2809"
"159,7900";"3,7499";"4,2805"
"159,8000";"3,7499";"4,2820"
"159,8100";"3,7499";"4,2825"
"159,8200";"3,7499";"4,2809"
"159,8300";"3,7499";"4,2803"
"159,8400";"3,7499";"4,2807"
"159,8500";"3,7499";"4,2809"
"159,8600";"3,7499";"4,2801"
"159,8700";"3,7499";"4,2786"
"159,8800";"3,7499";"4,2788"
"159,8900";"3,7499";"4,2798"
"159,9000";"3,7499";"4,2795"
"159,9100";"3,7499";"4,2802"
"159,9200";"3,7499";"4,2800"
"159,9300";"3,7499";"4,2798"
"159,9400";"3,7499";"4,2800"
"159,9500";"3,7499";"4,2809"
"159,9600";"3,7499";"4,2805"
"159,9700";"3,7499";"4,2785"
"159,9800";"3,7499";"4,2766"
"159,9900";"3,7499";"4,2781"
"160,0000";"3,7499";"4,2792"
"160,0100";"3,7499";"4,2769"
"160,0200";"3,7499";"4,2742"
"160,0300";"3,7499";"4,2751"
"160,0400";"3,7499";"4,2784"
"160,0500";"3,7499";"4,2798"
"160,0600";"3,7499";"4,2782"
"160,0700";"3,7499";"4,2770"
"160,0800";"3,7499";"4,2779"
"160,0900";"3,7499";"4,2793"
"160,1000";"3,7499";"4,2785"
"160,1100";"3,7499";"4,2777"
"160,1200";"3,7499";"4,2773"
"160,1300";"3,7499";"4,2773"
"160,1400";"3,7499";"4,2772"
"160,1500";"3,7499";"4,2778"
"160,1600";"3,7499";"4,2797"
"160,1700";"3,7499";"4,2803"
"160,1800";"3,7499";"4,2785"
"160,1900";"3,7499";"4,2768"
"160,2000";"3,7499";"4,2772"
"160,2100";"3,7499";"4,2772"
"160,2200";"3,7499";"4,2775"
"160,2300";"3,7499";"4,2777"
"160,2400";"3,7499";"4,2770"
"160,2500";"3,7499";"4,2758"
"160,2600";"3,7499";"4,2749"
"160,2700";"3,7499";"4,2759"
"160,2800";"3,7499";"4,2783"
"160,2900";"3,7499";"4,2789"
"160,3000";"3,7499";"4,2766"
"160,3100";"3,7499";"4,2747"
"160,3200";"3,7499";"4,2764"
"160,3300";"3,7499";"4,2786"
"160,3400";"3,7499";"4,2777"
"160,3500";"3,7499";"4,2752"
"160,3600";"3,7499";"4,2750"
"160,3700";"3,7499";"4,2761"
"160,3800";"3,7499";"4,2777"
"160,3900";"3,7499";"4,2782"
"160,4000";"3,7499";"4,2786"
"160,4100";"3,7499";"4,2792"
"160,4200";"3,7499";"4,2791"
"160,4300";"3,7499";"4,2781"
"160,4400";"3,7499";"4,2787"
"160,4500";"3,7499";"4,2779"
"160,4600";"3,7499";"4,2751"
"160,4700";"3,7499";"4,2731"
"160,4800";"3,7499";"4,2738"
"160,4900";"3,7499";"4,2752"
"160,5000";"3,7499";"4,2758"
"160,5100";"3,7499";"4,2750"
"160,5200";"3,7499";"4,2745"
"160,5300";"3,7499";"4,2748"
"160,5400";"3,7499";"4,2754"
"160,5500";"3,7499";"4,2757"
"160,5600";"3,7499";"4,2771"
"160,5700";"3,7499";"4,2784"
"160,5800";"3,7499";"4,2788"
"160,5900";"3,7499";"4,2777"
"160,6000";"3,7499";"4,2762"
"160,6100";"3,7499";"4,2750"
"160,6200";"3,7499";"4,2749"
"160,6300";"3,7499";"4,2756"
"160,6400";"3,7499";"4,2760"
"160,6500";"3,7499";"4,2768"
"160,6600";"3,7499";"4,2763"
"160,6700";"3,7499";"4,2754"
"160,6800";"3,7499";"4,2755"
"160,6900";"3,7499";"4,2762"
"160,7000";"3,7499";"4,2757"
"160,7100";"3,7499";"4,2736"
"160,7200";"3,7499";"4,2738"
"160,7300";"3,7499";"4,2761"
"160,7400";"3,7499";"4,2782"
"160,7500";"3,7499";"4,2781"
"160,7600";"3,7499";"4,2772"
"160,7700";"3,7499";"4,2775"
"160,7800";"3,7499";"4,2786"
"160,7900";"3,7499";"4,2772"
"160,8000";"3,7499";"4,2749"
"160,8100";"3,7499";"4,2752"
"160,8200";"3,7499";"4,2767"
"160,8300";"3,7499";"4,2767"
"160,8400";"3,7499";"4,2767"
"160,8500";"3,7499";"4,2766"
"160,8600";"3,7499";"4,2772"
"160,8700";"3,7499";"4,2761"
"160,8800";"3,7499";"4,2744"
"160,8900";"3,7499";"4,2740"
"160,9000";"3,7499";"4,2741"
"160,9100";"3,7499";"4,2743"
"160,9200";"3,7499";"4,2755"
"160,9300";"3,7499";"4,2772"
"160,9400";"3,7499";"4,2779"
"160,9500";"3,7499";"4,2775"
"160,9600";"3,7499";"4,2761"
"160,9700";"3,7499";"4,2757"
"160,9800";"3,7499";"4,2760"
"160,9900";"3,7499";"4,2751"
"161,0000";"3,7499";"4,2739"
"161,0100";"3,7499";"4,2754"
"161,0200";"3,7499";"4,2768"
"161,0300";"3,7499";"4,2752"
"161,0400";"3,7499";"4,2723"
"161,0500";"3,7499";"4,2727"
"161,0600";"3,7499";"4,2750"
"161,0700";"3,7499";"4,2755"
"161,0800";"3,7499";"4,2746"
"161,0900";"3,7499";"4,2737"
"161,1000";"3,7499";"4,2735"
"161,1100";"3,7499";"4,2738"
"161,1200";"3,7499";"4,2736"
"161,1300";"3,7499";"4,2734"
"161,1400";"3,7499";"4,2732"
"161,1500";"3,7499";"4,2726"
"161,1600";"3,7499";"4,2726"
"161,1700";"3,7499";"4,2731"
"161,1800";"3,7499";"4,2737"
"161,1900";"3,7499";"4,2740"
"161,2000";"3,7499";"4,2742"
"161,2100";"3,7499";"4,2743"
"161,2200";"3,7499";"4,2743"
"161,2300";"3,7499";"4,2732"
"161,2400";"3,7499";"4,2705"
"161,2500";"3,7499";"4,2692"
"161,2600";"3,7499";"4,2703"
"161,2700";"3,7499";"4,2714"
"161,2800";"3,7499";"4,2726"
"161,2900";"3,7499";"4,2738"
"161,3000";"3,7499";"4,2748"
"161,3100";"3,7499";"4,2745"
"161,3200";"3,7499";"4,2721"
"161,3300";"3,7499";"4,2707"
"161,3400";"3,7499";"4,2728"
"161,3500";"3,7499";"4,2758"
"161,3600";"3,7499";"4,2748"
"161,3700";"3,7499";"4,2718"
"161,3800";"3,7499";"4,2708"
"161,3900";"3,7499";"4,2722"
"161,4000";"3,7499";"4,2731"
"161,4100";"3,7499";"4,2729"
"161,4200";"3,7499";"4,2737"
"161,4300";"3,7499";"4,2749"
"161,4400";"3,7499";"4,2754"
"161,4500";"3,7499";"4,2755"
"161,4600";"3,7499";"4,2762"
"161,4700";"3,7499";"4,2762"
"161,4800";"3,7499";"4,2742"
"161,4900";"3,7499";"4,2735"
"161,5000";"3,7499";"4,2744"
"161,5100";"3,7499";"4,2745"
"161,5200";"3,7499";"4,2729"
"161,5300";"3,7499";"4,2720"
"161,5400";"3,7499";"4,2725"
"161,5500";"3,7499";"4,2728"
"161,5600";"3,7499";"4,2715"
"161,5700";"3,7499";"4,2707"
"161,5800";"3,7499";"4,2714"
"161,5900";"3,7499";"4,2718"
"161,6000";"3,7499";"4,2702"
"161,6100";"3,7499";"4,2684"
"161,6200";"3,7499";"4,2700"
"161,6300";"3,7499";"4,2740"
"161,6400";"3,7499";"4,2758"
"161,6500";"3,7499";"4,2740"
"161,6600";"3,7499";"4,2713"
"161,6700";"3,7499";"4,2714"
"161,6800";"3,7499";"4,2726"
"161,6900";"3,7499";"4,2721"
"161,7000";"3,7499";"4,2709"
"161,7100";"3,7499";"4,2712"
"161,7200";"3,7499";"4,2708"
"161,7300";"3,7499";"4,2701"
"161,7400";"3,7499";"4,2703"
"161,7500";"3,7499";"4,2707"
"161,7600";"3,7499";"4,2707"
"161,7700";"3,7499";"4,2705"
"161,7800";"3,7499";"4,2703"
"161,7900";"3,7499";"4,2706"
"161,8000";"3,7499";"4,2709"
"161,8100";"3,7499";"4,2701"
"161,8200";"3,7499";"4,2705"
"161,8300";"3,7499";"4,2719"
"161,8400";"3,7499";"4,2719"
"161,8500";"3,7499";"4,2709"
"161,8600";"3,7499";"4,2712"
"161,8700";"3,7499";"4,2721"
"161,8800";"3,7499";"4,2714"
"161,8900";"3,7499";"4,2697"
"161,9000";"3,7499";"4,2678"
"161,9100";"3,7499";"4,2693"
"161,9200";"3,7499";"4,2716"
"161,9300";"3,7499";"4,2706"
"161,9400";"3,7499";"4,2687"
"161,9500";"3,7499";"4,2685"
"161,9600";"3,7499";"4,2682"
"161,9700";"3,7499";"4,2675"
"161,9800";"3,7499";"4,2672"
"161,9900";"3,7499";"4,2672"
"162,0000";"3,7499";"4,2685"
"162,0100";"3,7499";"4,2699"
"162,0200";"3,7499";"4,2723"
"162,0300";"3,7499";"4,2743"
"162,0400";"3,7499";"4,2734"
"162,0500";"3,7499";"4,2706"
"162,0600";"3,7499";"4,2679"
"162,0700";"3,7499";"4,2672"
"162,0800";"3,7499";"4,2677"
"162,0900";"3,7499";"4,2682"
"162,1000";"3,7499";"4,2691"
"162,1100";"3,7499";"4,2702"
"162,1200";"3,7499";"4,2714"
"162,1300";"3,7499";"4,2701"
"162,1400";"3,7499";"4,2673"
"162,1500";"3,7499";"4,2665"
"162,1600";"3,7499";"4,2668"
"162,1700";"3,7499";"4,2666"
"162,1800";"3,7499";"4,2668"
"162,1900";"3,7499";"4,2693"
"162,2000";"3,7499";"4,2715"
"162,2100";"3,7499";"4,2717"
"162,2200";"3,7499";"4,2710"
"162,2300";"3,7499";"4,2698"
"162,2400";"3,7499";"4,2684"
"162,2500";"3,7499";"4,2667"
"162,2600";"3,7499";"4,2654"
"162,2700";"3,7499";"4,2661"
"162,2800";"3,7499";"4,2686"
"162,2900";"3,7499";"4,2703"
"162,3000";"3,7499";"4,2685"
"162,3100";"3,7499";"4,2674"
"162,3200";"3,7499";"4,2681"
"162,3300";"3,7499";"4,2673"
"162,3400";"3,7499";"4,2653"
"162,3500";"3,7499";"4,2650"
"162,3600";"3,7499";"4,2671"
"162,3700";"3,7499";"4,2701"
"162,3800";"3,7499";"4,2719"
"162,3900";"3,7499";"4,2718"
"162,4000";"3,7499";"4,2717"
"162,4100";"3,7499";"4,2717"
"162,4200";"3,7499";"4,2697"
"162,4300";"3,7499";"4,2680"
"162,4400";"3,7499";"4,2683"
"162,4500";"3,7499";"4,2689"
"162,4600";"3,7499";"4,2697"
"162,4700";"3,7499";"4,2715"
"162,4800";"3,7499";"4,2720"
"162,4900";"3,7499";"4,2709"
"162,5000";"3,7499";"4,2679"
"162,5100";"3,7499";"4,2661"
"162,5200";"3,7499";"4,2664"
"162,5300";"3,7499";"4,2669"
"162,5400";"3,7499";"4,2680"
"162,5500";"3,7499";"4,2694"
"162,5600";"3,7499";"4,2694"
"162,5700";"3,7499";"4,2684"
"162,5800";"3,7499";"4,2662"
"162,5900";"3,7499";"4,2650"
"162,6000";"3,7499";"4,2663"
"162,6100";"3,7499";"4,2684"
"162,6200";"3,7499";"4,2691"
"162,6300";"3,7499";"4,2697"
"162,6400";"3,7499";"4,2715"
"162,6500";"3,7499";"4,2725"
"162,6600";"3,7499";"4,2703"
"162,6700";"3,7499";"4,2679"
"162,6800";"3,7499";"4,2666"
"162,6900";"3,7499";"4,2656"
"162,7000";"3,7499";"4,2640"
"162,7100";"3,7499";"4,2640"
"162,7200";"3,7499";"4,2664"
"162,7300";"3,7499";"4,2677"
"162,7400";"3,7499";"4,2663"
"162,7500";"3,7499";"4,2641"
"162,7600";"3,7499";"4,2636"
"162,7700";"3,7499";"4,2648"
"162,7800";"3,7499";"4,2651"
"162,7900";"3,7499";"4,2652"
"162,8000";"3,7499";"4,2669"
"162,8100";"3,7499";"4,2684"
"162,8200";"3,7499";"4,2690"
"162,8300";"3,7499";"4,2675"
"162,8400";"3,7499";"4,2668"
"162,8500";"3,7499";"4,2683"
"162,8600";"3,7499";"4,2676"
"162,8700";"3,7499";"4,2661"
"162,8800";"3,7499";"4,2672"
"162,8900";"3,7499";"4,2688"
"162,9000";"3,7499";"4,2687"
"162,9100";"3,7499";"4,2661"
"162,9200";"3,7499";"4,2641"
"162,9300";"3,7499";"4,2645"
"162,9400";"3,7499";"4,2648"
"162,9500";"3,7499";"4,2653"
"162,9600";"3,7499";"4,2663"
"162,9700";"3,7499";"4,2665"
"162,9800";"3,7499";"4,2664"
"162,9900";"3,7499";"4,2660"
"163,0000";"3,7499";"4,2673"
"163,0100";"3,7499";"4,2666"
"163,0200";"3,7499";"4,2653"
"163,0300";"3,7499";"4,2642"
"163,0400";"3,7499";"4,2647"
"163,0500";"3,7499";"4,2669"
"163,0600";"3,7499";"4,2682"
"163,0700";"3,7499";"4,2677"
"163,0800";"3,7499";"4,2670"
"163,0900";"3,7499";"4,2662"
"163,1000";"3,7499";"4,2647"
"163,1100";"3,7499";"4,2619"
"163,1200";"3,7499";"4,2620"
"163,1300";"3,7499";"4,2648"
"163,1400";"3,7499";"4,2681"
"163,1500";"3,7499";"4,2675"
"163,1600";"3,7499";"4,2640"
"163,1700";"3,7499";"4,2618"
"163,1800";"3,7499";"4,2619"
"163,1900";"3,7499";"4,2616"
"163,2000";"3,7499";"4,2621"
"163,2100";"3,7499";"4,2626"
"163,2200";"3,7499";"4,2643"
"163,2300";"3,7499";"4,2653"
"163,2400";"3,7499";"4,2653"
"163,2500";"3,7499";"4,2645"
"163,2600";"3,7499";"4,2636"
"163,2700";"3,7499";"4,2618"
"163,2800";"3,7499";"4,2605"
"163,2900";"3,7499";"4,2614"
"163,3000";"3,7499";"4,2638"
"163,3100";"3,7499";"4,2659"
"163,3200";"3,7499";"4,2655"
"163,3300";"3,7499";"4,2649"
"163,3400";"3,7499";"4,2647"
"163,3500";"3,7499";"4,2642"
"163,3600";"3,7499";"4,2635"
"163,3700";"3,7499";"4,2636"
"163,3800";"3,7499";"4,2654"
"163,3900";"3,7499";"4,2649"
"163,4000";"3,7499";"4,2640"
"163,4100";"3,7499";"4,2644"
"163,4200";"3,7499";"4,2656"
"163,4300";"3,7499";"4,2651"
"163,4400";"3,7499";"4,2635"
"163,4500";"3,7499";"4,2622"
"163,4600";"3,7499";"4,2621"
"163,4700";"3,7499";"4,2626"
"163,4800";"3,7499";"4,2622"
"163,4900";"3,7499";"4,2619"
"163,5000";"3,7499";"4,2622"
"163,5100";"3,7499";"4,2625"
"163,5200";"3,7499";"4,2626"
"163,5300";"3,7499";"4,2640"
"163,5400";"3,7499";"4,2662"
"163,5500";"3,7499";"4,2662"
"163,5600";"3,7499";"4,2640"
"163,5700";"3,7499";"4,2626"
"163,5800";"3,7499";"4,2631"
"163,5900";"3,7499";"4,2636"
"163,6000";"3,7499";"4,2628"
"163,6100";"3,7499";"4,2616"
"163,6200";"3,7499";"4,2617"
"163,6300";"3,7499";"4,2633"
"163,6400";"3,7499";"4,2635"
"163,6500";"3,7499";"4,2638"
"163,6600";"3,7499";"4,2639"
"163,6700";"3,7499";"4,2633"
"163,6800";"3,7499";"4,2633"
"163,6900";"3,7499";"4,2634"
"163,7000";"3,7499";"4,2642"
"163,7100";"3,7499";"4,2631"
"163,7200";"3,7499";"4,2625"
"163,7300";"3,7499";"4,2622"
"163,7400";"3,7499";"4,2631"
"163,7500";"3,7499";"4,2643"
"163,7600";"3,7499";"4,2629"
"163,7700";"3,7499";"4,2613"
"163,7800";"3,7499";"4,2615"
"163,7900";"3,7499";"4,2621"
"163,8000";"3,7499";"4,2613"
"163,8100";"3,7499";"4,2622"
"163,8200";"3,7499";"4,2641"
"163,8300";"3,7499";"4,2633"
"163,8400";"3,7499";"4,2604"
"163,8500";"3,7499";"4,2581"
"163,8600";"3,7499";"4,2602"
"163,8700";"3,7499";"4,2636"
"163,8800";"3,7499";"4,2634"
"163,8900";"3,7499";"4,2612"
"163,9000";"3,7499";"4,2615"
"163,9100";"3,7499";"4,2645"
"163,9200";"3,7499";"4,2665"
"163,9300";"3,7499";"4,2656"
"163,9400";"3,7499";"4,2639"
"163,9500";"3,7499";"4,2625"
"163,9600";"3,7499";"4,2604"
"163,9700";"3,7499";"4,2592"
"163,9800";"3,7499";"4,2596"
"163,9900";"3,7499";"4,2612"
"164,0000";"3,7499";"4,2613"
"164,0100";"3,7499";"4,2617"
"164,0200";"3,7499";"4,2631"
"164,0300";"3,7499";"4,2641"
"164,0400";"3,7499";"4,2634"
"164,0500";"3,7499";"4,2615"
"164,0600";"3,7499";"4,2608"
"164,0700";"3,7499";"4,2627"
"164,0800";"3,7499";"4,2643"
"164,0900";"3,7499";"4,2643"
"164,1000";"3,7499";"4,2635"
"164,1100";"3,7499";"4,2625"
"164,1200";"3,7499";"4,2615"
"164,1300";"3,7499";"4,2607"
"164,1400";"3,7499";"4,2618"
"164,1500";"3,7499";"4,2634"
"164,1600";"3,7499";"4,2638"
"164,1700";"3,7499";"4,2631"
"164,1800";"3,7499";"4,2656"
"164,1900";"3,7499";"4,2672"
"164,2000";"3,7499";"4,2652"
"164,2100";"3,7499";"4,2602"
"164,2200";"3,7499";"4,2569"
"164,2300";"3,7499";"4,2572"
"164,2400";"3,7499";"4,2596"
"164,2500";"3,7499";"4,2606"
"164,2600";"3,7499";"4,2605"
"164,2700";"3,7499";"4,2594"
"164,2800";"3,7499";"4,2590"
"164,2900";"3,7499";"4,2572"
"164,3000";"3,7499";"4,2568"
"164,3100";"3,7499";"4,2581"
"164,3200";"3,7499";"4,2602"
"164,3300";"3,7499";"4,2611"
"164,3400";"3,7499";"4,2616"
"164,3500";"3,7499";"4,2623"
"164,3600";"3,7499";"4,2627"
"164,3700";"3,7499";"4,2619"
"164,3800";"3,7499";"4,2607"
"164,3900";"3,7499";"4,2595"
"164,4000";"3,7499";"4,2587"
"164,4100";"3,7499";"4,2588"
"164,4200";"3,7499";"4,2593"
"164,4300";"3,7499";"4,2606"
"164,4400";"3,7499";"4,2612"
"164,4500";"3,7499";"4,2602"
"164,4600";"3,7499";"4,2597"
"164,4700";"3,7499";"4,2604"
"164,4800";"3,7499";"4,2615"
"164,4900";"3,7499";"4,2613"
"164,5000";"3,7499";"4,2600"
"164,5100";"3,7499";"4,2598"
"164,5200";"3,7499";"4,2608"
"164,5300";"3,7499";"4,2603"
"164,5400";"3,7499";"4,2601"
"164,5500";"3,7499";"4,2614"
"164,5600";"3,7499";"4,2618"
"164,5700";"3,7499";"4,2597"
"164,5800";"3,7499";"4,2588"
"164,5900";"3,7499";"4,2601"
"164,6000";"3,7499";"4,2619"
"164,6100";"3,7499";"4,2619"
"164,6200";"3,7499";"4,2597"
"164,6300";"3,7499";"4,2601"
"164,6400";"3,7499";"4,2612"
"164,6500";"3,7499";"4,2620"
"164,6600";"3,7499";"4,2612"
"164,6700";"3,7499";"4,2595"
"164,6800";"3,7499";"4,2592"
"164,6900";"3,7499";"4,2593"
"164,7000";"3,7499";"4,2591"
"164,7100";"3,7499";"4,2589"
"164,7200";"3,7499";"4,2590"
"164,7300";"3,7499";"4,2589"
"164,7400";"3,7499";"4,2581"
"164,7500";"3,7499";"4,2577"
"164,7600";"3,7499";"4,2577"
"164,7700";"3,7499";"4,2580"
"164,7800";"3,7499";"4,2568"
"164,7900";"3,7499";"4,2574"
"164,8000";"3,7499";"4,2597"
"164,8100";"3,7499";"4,2602"
"164,8200";"3,7499";"4,2596"
"164,8300";"3,7499";"4,2596"
"164,8400";"3,7499";"4,2599"
"164,8500";"3,7499";"4,2582"
"164,8600";"3,7499";"4,2556"
"164,8700";"3,7499";"4,2548"
"164,8800";"3,7499";"4,2577"
"164,8900";"3,7499";"4,2612"
"164,9000";"3,7499";"4,2611"
"164,9100";"3,7499";"4,2603"
"164,9200";"3,7499";"4,2603"
"164,9300";"3,7499";"4,2606"
"164,9400";"3,7499";"4,2596"
"164,9500";"3,7499";"4,2589"
"164,9600";"3,7499";"4,2581"
"164,9700";"3,7499";"4,2574"
"164,9800";"3,7499";"4,2573"
"164,9900";"3,7499";"4,2580"
"165,0000";"3,7499";"4,2599"
"165,0100";"3,7499";"4,2614"
"165,0200";"3,7499";"4,2607"
"165,0300";"3,7499";"4,2591"
"165,0400";"3,7499";"4,2566"
"165,0500";"3,7499";"4,2546"
"165,0600";"3,7499";"4,2529"
"165,0700";"3,7499";"4,2541"
"165,0800";"3,7499";"4,2583"
"165,0900";"3,7499";"4,2623"
"165,1000";"3,7499";"4,2616"
"165,1100";"3,7499";"4,2596"
"165,1200";"3,7499";"4,2589"
"165,1300";"3,7499";"4,2589"
"165,1400";"3,7499";"4,2570"
"165,1500";"3,7499";"4,2543"
"165,1600";"3,7499";"4,2532"
"165,1700";"3,7499";"4,2547"
"165,1800";"3,7499";"4,2573"
"165,1900";"3,7499";"4,2587"
"165,2000";"3,7499";"4,2583"
"165,2100";"3,7499";"4,2556"
"165,2200";"3,7499";"4,2528"
"165,2300";"3,7499";"4,2514"
"165,2400";"3,7499";"4,2520"
"165,2500";"3,7499";"4,2552"
"165,2600";"3,7499";"4,2573"
"165,2700";"3,7499";"4,2568"
"165,2800";"3,7499";"4,2576"
"165,2900";"3,7499";"4,2590"
"165,3000";"3,7499";"4,2592"
"165,3100";"3,7499";"4,2581"
"165,3200";"3,7499";"4,2570"
"165,3300";"3,7499";"4,2568"
"165,3400";"3,7499";"4,2560"
"165,3500";"3,7499";"4,2556"
"165,3600";"3,7499";"4,2565"
"165,3700";"3,7499";"4,2583"
"165,3800";"3,7499";"4,2591"
"165,3900";"3,7499";"4,2577"
"165,4000";"3,7499";"4,2568"
"165,4100";"3,7499";"4,2570"
"165,4200";"3,7499";"4,2557"
"165,4300";"3,7499";"4,2546"
"165,4400";"3,7499";"4,2545"
"165,4500";"3,7499";"4,2568"
"165,4600";"3,7499";"4,2582"
"165,4700";"3,7499";"4,2570"
"165,4800";"3,7499";"4,2562"
"165,4900";"3,7499";"4,2565"
"165,5000";"3,7499";"4,2567"
"165,5100";"3,7499";"4,2549"
"165,5200";"3,7499";"4,2539"
"165,5300";"3,7499";"4,2548"
"165,5400";"3,7499";"4,2568"
"165,5500";"3,7499";"4,2570"
"165,5600";"3,7499";"4,2562"
"165,5700";"3,7499";"4,2559"
"165,5800";"3,7499";"4,2552"
"165,5900";"3,7499";"4,2535"
"165,6000";"3,7499";"4,2530"
"165,6100";"3,7499";"4,2549"
"165,6200";"3,7499";"4,2566"
"165,6300";"3,7499";"4,2555"
"165,6400";"3,7499";"4,2550"
"165,6500";"3,7499";"4,2561"
"165,6600";"3,7499";"4,2573"
"165,6700";"3,7499";"4,2571"
"165,6800";"3,7499";"4,2553"
"165,6900";"3,7499";"4,2542"
"165,7000";"3,7499";"4,2558"
"165,7100";"3,7499";"4,2567"
"165,7200";"3,7499";"4,2564"
"165,7300";"3,7499";"4,2568"
"165,7400";"3,7499";"4,2569"
"165,7500";"3,7499";"4,2553"
"165,7600";"3,7499";"4,2520"
"165,7700";"3,7499";"4,2512"
"165,7800";"3,7499";"4,2529"
"165,7900";"3,7499";"4,2547"
"165,8000";"3,7499";"4,2555"
"165,8100";"3,7499";"4,2548"
"165,8200";"3,7499";"4,2536"
"165,8300";"3,7499";"4,2533"
"165,8400";"3,7499";"4,2528"
"165,8500";"3,7499";"4,2537"
"165,8600";"3,7499";"4,2541"
"165,8700";"3,7499";"4,2535"
"165,8800";"3,7499";"4,2530"
"165,8900";"3,7499";"4,2545"
"165,9000";"3,7499";"4,2580"
"165,9100";"3,7499";"4,2579"
"165,9200";"3,7499";"4,2550"
"165,9300";"3,7499";"4,2534"
"165,9400";"3,7499";"4,2541"
"165,9500";"3,7499";"4,2554"
"165,9600";"3,7499";"4,2556"
"165,9700";"3,7499";"4,2553"
"165,9800";"3,7499";"4,2551"
"165,9900";"3,7499";"4,2547"
"166,0000";"3,7499";"4,2544"
"166,0100";"3,7499";"4,2541"
"166,0200";"3,7499";"4,2547"
"166,0300";"3,7499";"4,2548"
"166,0400";"3,7499";"4,2553"
"166,0500";"3,7499";"4,2553"
"166,0600";"3,7499";"4,2547"
"166,0700";"3,7499";"4,2543"
"166,0800";"3,7499";"4,2538"
"166,0900";"3,7499";"4,2538"
"166,1000";"3,7499";"4,2538"
"166,1100";"3,7499";"4,2517"
"166,1200";"3,7499";"4,2493"
"166,1300";"3,7499";"4,2494"
"166,1400";"3,7499";"4,2524"
"166,1500";"3,7499";"4,2551"
"166,1600";"3,7499";"4,2545"
"166,1700";"3,7499";"4,2524"
"166,1800";"3,7499";"4,2525"
"166,1900";"3,7499";"4,2539"
"166,2000";"3,7499";"4,2535"
"166,2100";"3,7499";"4,2507"
"166,2200";"3,7499";"4,2499"
"166,2300";"3,7499";"4,2516"
"166,2400";"3,7499";"4,2528"
"166,2500";"3,7499";"4,2526"
"166,2600";"3,7499";"4,2519"
"166,2700";"3,7499";"4,2516"
"166,2800";"3,7499";"4,2508"
"166,2900";"3,7499";"4,2500"
"166,3000";"3,7499";"4,2504"
"166,3100";"3,7499";"4,2526"
"166,3200";"3,7499";"4,2536"
"166,3300";"3,7499";"4,2537"
"166,3400";"3,7499";"4,2540"
"166,3500";"3,7499";"4,2527"
"166,3600";"3,7499";"4,2506"
"166,3700";"3,7499";"4,2493"
"166,3800";"3,7499";"4,2497"
"166,3900";"3,7499";"4,2513"
"166,4000";"3,7499";"4,2525"
"166,4100";"3,7499";"4,2528"
"166,4200";"3,7499";"4,2550"
"166,4300";"3,7499";"4,2564"
"166,4400";"3,7499";"4,2552"
"166,4500";"3,7499";"4,2504"
"166,4600";"3,7499";"4,2490"
"166,4700";"3,7499";"4,2513"
"166,4800";"3,7499";"4,2550"
"166,4900";"3,7499";"4,2562"
"166,5000";"3,7499";"4,2556"
"166,5100";"3,7499";"4,2553"
"166,5200";"3,7499";"4,2551"
"166,5300";"3,7499";"4,2535"
"166,5400";"3,7499";"4,2517"
"166,5500";"3,7499";"4,2514"
"166,5600";"3,7499";"4,2506"
"166,5700";"3,7499";"4,2493"
"166,5800";"3,7499";"4,2499"
"166,5900";"3,7499";"4,2517"
"166,6000";"3,7499";"4,2535"
"166,6100";"3,7499";"4,2524"
"166,6200";"3,7499";"4,2498"
"166,6300";"3,7499";"4,2481"
"166,6400";"3,7499";"4,2491"
"166,6500";"3,7499";"4,2505"
"166,6600";"3,7499";"4,2528"
"166,6700";"3,7499";"4,2550"
"166,6800";"3,7499";"4,2547"
"166,6900";"3,7499";"4,2524"
"166,7000";"3,7499";"4,2516"
"166,7100";"3,7499";"4,2514"
"166,7200";"3,7499";"4,2504"
"166,7300";"3,7499";"4,2473"
"166,7400";"3,7499";"4,2463"
"166,7500";"3,7499";"4,2485"
"166,7600";"3,7499";"4,2519"
"166,7700";"3,7499";"4,2527"
"166,7800";"3,7499";"4,2512"
"166,7900";"3,7499";"4,2511"
"166,8000";"3,7499";"4,2513"
"166,8100";"3,7499";"4,2502"
"166,8200";"3,7499";"4,2485"
"166,8300";"3,7499";"4,2482"
"166,8400";"3,7499";"4,2494"
"166,8500";"3,7499";"4,2496"
"166,8600";"3,7499";"4,2504"
"166,8700";"3,7499";"4,2525"
"166,8800";"3,7499";"4,2538"
"166,8900";"3,7499";"4,2519"
"166,9000";"3,7499";"4,2487"
"166,9100";"3,7499";"4,2483"
"166,9200";"3,7499";"4,2502"
"166,9300";"3,7499";"4,2512"
"166,9400";"3,7499";"4,2512"
"166,9500";"3,7499";"4,2520"
"166,9600";"3,7499";"4,2528"
"166,9700";"3,7499";"4,2509"
"166,9800";"3,7499";"4,2479"
"166,9900";"3,7499";"4,2474"
"167,0000";"3,7499";"4,2484"
"167,0100";"3,7499";"4,2493"
"167,0200";"3,7499";"4,2497"
"167,0300";"3,7499";"4,2494"
"167,0400";"3,7499";"4,2493"
"167,0500";"3,7499";"4,2503"
"167,0600";"3,7499";"4,2489"
"167,0700";"3,7499";"4,2484"
"167,0800";"3,7499";"4,2491"
"167,0900";"3,7499";"4,2483"
"167,1000";"3,7499";"4,2486"
"167,1100";"3,7499";"4,2495"
"167,1200";"3,7499";"4,2505"
"167,1300";"3,7499";"4,2502"
"167,1400";"3,7499";"4,2491"
"167,1500";"3,7499";"4,2481"
"167,1600";"3,7499";"4,2486"
"167,1700";"3,7499";"4,2482"
"167,1800";"3,7499";"4,2465"
"167,1900";"3,7499";"4,2463"
"167,2000";"3,7499";"4,2490"
"167,2100";"3,7499";"4,2503"
"167,2200";"3,7499";"4,2486"
"167,2300";"3,7499";"4,2476"
"167,2400";"3,7499";"4,2478"
"167,2500";"3,7499";"4,2495"
"167,2600";"3,7499";"4,2496"
"167,2700";"3,7499";"4,2488"
"167,2800";"3,7499";"4,2495"
"167,2900";"3,7499";"4,2493"
"167,3000";"3,7499";"4,2480"
"167,3100";"3,7499";"4,2478"
"167,3200";"3,7499";"4,2495"
"167,3300";"3,7499";"4,2499"
"167,3400";"3,7499";"4,2480"
"167,3500";"3,7499";"4,2474"
"167,3600";"3,7499";"4,2480"
"167,3700";"3,7499";"4,2495"
"167,3800";"3,7499";"4,2491"
"167,3900";"3,7499";"4,2480"
"167,4000";"3,7499";"4,2494"
"167,4100";"3,7499";"4,2509"
"167,4200";"3,7499";"4,2507"
"167,4300";"3,7499";"4,2497"
"167,4400";"3,7499";"4,2508"
"167,4500";"3,7499";"4,2519"
"167,4600";"3,7499";"4,2500"
"167,4700";"3,7499";"4,2471"
"167,4800";"3,7499";"4,2467"
"167,4900";"3,7499";"4,2479"
"167,5000";"3,7499";"4,2492"
"167,5100";"3,7499";"4,2483"
"167,5200";"3,7499";"4,2473"
"167,5300";"3,7499";"4,2477"
"167,5400";"3,7499";"4,2481"
"167,5500";"3,7499";"4,2481"
"167,5600";"3,7499";"4,2478"
"167,5700";"3,7499";"4,2472"
"167,5800";"3,7499";"4,2458"
"167,5900";"3,7499";"4,2449"
"167,6000";"3,7499";"4,2465"
"167,6100";"3,7499";"4,2483"
"167,6200";"3,7499";"4,2462"
"167,6300";"3,7499";"4,2433"
"167,6400";"3,7499";"4,2434"
"167,6500";"3,7499";"4,2464"
"167,6600";"3,7499";"4,2479"
"167,6700";"3,7499";"4,2476"
"167,6800";"3,7499";"4,2480"
"167,6900";"3,7499";"4,2494"
"167,7000";"3,7499";"4,2489"
"167,7100";"3,7499";"4,2478"
"167,7200";"3,7499";"4,2480"
"167,7300";"3,7499";"4,2481"
"167,7400";"3,7499";"4,2473"
"167,7500";"3,7499";"4,2459"
"167,7600";"3,7499";"4,2457"
"167,7700";"3,7499";"4,2465"
"167,7800";"3,7499";"4,2465"
"167,7900";"3,7499";"4,2449"
"167,8000";"3,7499";"4,2437"
"167,8100";"3,7499";"4,2433"
"167,8200";"3,7499";"4,2446"
"167,8300";"3,7499";"4,2460"
"167,8400";"3,7499";"4,2467"
"167,8500";"3,7499";"4,2481"
"167,8600";"3,7499";"4,2475"
"167,8700";"3,7499";"4,2444"
"167,8800";"3,7499";"4,2433"
"167,8900";"3,7499";"4,2455"
"167,9000";"3,7499";"4,2466"
"167,9100";"3,7499";"4,2459"
"167,9200";"3,7499";"4,2450"
"167,9300";"3,7499";"4,2457"
"167,9400";"3,7499";"4,2480"
"167,9500";"3,7499";"4,2484"
"167,9600";"3,7499";"4,2470"
"167,9700";"3,7499";"4,2458"
"167,9800";"3,7499";"4,2458"
"167,9900";"3,7499";"4,2451"
"168,0000";"3,7499";"4,2457"
"168,0100";"3,7499";"4,2485"
"168,0200";"3,7499";"4,2513"
"168,0300";"3,7499";"4,2510"
"168,0400";"3,7499";"4,2486"
"168,0500";"3,7499";"4,2476"
"168,0600";"3,7499";"4,2480"
"168,0700";"3,7499";"4,2475"
"168,0800";"3,7499";"4,2456"
"168,0900";"3,7499";"4,2464"
"168,1000";"3,7499";"4,2484"
"168,1100";"3,7499";"4,2487"
"168,1200";"3,7499";"4,2478"
"168,1300";"3,7499";"4,2468"
"168,1400";"3,7499";"4,2454"
"168,1500";"3,7499";"4,2433"
"168,1600";"3,7499";"4,2408"
"168,1700";"3,7499";"4,2408"
"168,1800";"3,7499";"4,2431"
"168,1900";"3,7499";"4,2454"
"168,2000";"3,7499";"4,2456"
"168,2100";"3,7499";"4,2456"
"168,2200";"3,7499";"4,2457"
"168,2300";"3,7499";"4,2448"
"168,2400";"3,7499";"4,2435"
"168,2500";"3,7499";"4,2440"
"168,2600";"3,7499";"4,2446"
"168,2700";"3,7499";"4,2443"
"168,2800";"3,7499";"4,2438"
"168,2900";"3,7499";"4,2447"
"168,3000";"3,7499";"4,2469"
"168,3100";"3,7499";"4,2461"
"168,3200";"3,7499";"4,2440"
"168,3300";"3,7499";"4,2436"
"168,3400";"3,7499";"4,2453"
"168,3500";"3,7499";"4,2467"
"168,3600";"3,7499";"4,2463"
"168,3700";"3,7499";"4,2471"
"168,3800";"3,7499";"4,2484"
"168,3900";"3,7499";"4,2477"
"168,4000";"3,7499";"4,2446"
"168,4100";"3,7499";"4,2430"
"168,4200";"3,7499";"4,2439"
"168,4300";"3,7499";"4,2449"
"168,4400";"3,7499";"4,2422"
"168,4500";"3,7499";"4,2402"
"168,4600";"3,7499";"4,2414"
"168,4700";"3,7499";"4,2431"
"168,4800";"3,7499";"4,2430"
"168,4900";"3,7499";"4,2417"
"168,5000";"3,7499";"4,2419"
"168,5100";"3,7499";"4,2426"
"168,5200";"3,7499";"4,2431"
"168,5300";"3,7499";"4,2444"
"168,5400";"3,7499";"4,2469"
"168,5500";"3,7499";"4,2485"
"168,5600";"3,7499";"4,2470"
"168,5700";"3,7499";"4,2445"
"168,5800";"3,7499";"4,2426"
"168,5900";"3,7499";"4,2421"
"168,6000";"3,7499";"4,2420"
"168,6100";"3,7499";"4,2431"
"168,6200";"3,7499";"4,2453"
"168,6300";"3,7499";"4,2453"
"168,6400";"3,7499";"4,2441"
"168,6500";"3,7499";"4,2438"
"168,6600";"3,7499";"4,2462"
"168,6700";"3,7499";"4,2471"
"168,6800";"3,7499";"4,2445"
"168,6900";"3,7499";"4,2412"
"168,7000";"3,7499";"4,2426"
"168,7100";"3,7499";"4,2469"
"168,7200";"3,7499";"4,2474"
"168,7300";"3,7499";"4,2441"
"168,7400";"3,7499";"4,2419"
"168,7500";"3,7499";"4,2421"
"168,7600";"3,7499";"4,2435"
"168,7700";"3,7499";"4,2440"
"168,7800";"3,7499";"4,2441"
"168,7900";"3,7499";"4,2446"
"168,8000";"3,7499";"4,2428"
"168,8100";"3,7499";"4,2403"
"168,8200";"3,7499";"4,2390"
"168,8300";"3,7499";"4,2394"
"168,8400";"3,7499";"4,2404"
"168,8500";"3,7499";"4,2407"
"168,8600";"3,7499";"4,2413"
"168,8700";"3,7499";"4,2428"
"168,8800";"3,7499";"4,2451"
"168,8900";"3,7499";"4,2455"
"168,9000";"3,7499";"4,2447"
"168,9100";"3,7499";"4,2438"
"168,9200";"3,7499";"4,2407"
"168,9300";"3,7499";"4,2384"
"168,9400";"3,7499";"4,2415"
"168,9500";"3,7499";"4,2470"
"168,9600";"3,7499";"4,2481"
"168,9700";"3,7499";"4,2454"
"168,9800";"3,7499";"4,2419"
"168,9900";"3,7499";"4,2407"
"169,0000";"3,7499";"4,2405"
"169,0100";"3,7499";"4,2392"
"169,0200";"3,7499";"4,2400"
"169,0300";"3,7499";"4,2432"
"169,0400";"3,7499";"4,2457"
"169,0500";"3,7499";"4,2456"
"169,0600";"3,7499";"4,2446"
"169,0700";"3,7499";"4,2436"
"169,0800";"3,7499";"4,2421"
"169,0900";"3,7499";"4,2416"
"169,1000";"3,7499";"4,2409"
"169,1100";"3,7499";"4,2409"
"169,1200";"3,7499";"4,2427"
"169,1300";"3,7499";"4,2432"
"169,1400";"3,7499";"4,2442"
"169,1500";"3,7499";"4,2443"
"169,1600";"3,7499";"4,2436"
"169,1700";"3,7499";"4,2415"
"169,1800";"3,7499";"4,2400"
"169,1900";"3,7499";"4,2412"
"169,2000";"3,7499";"4,2424"
"169,2100";"3,7499";"4,2420"
"169,2200";"3,7499";"4,2414"
"169,2300";"3,7499";"4,2419"
"169,2400";"3,7499";"4,2428"
"169,2500";"3,7499";"4,2418"
"169,2600";"3,7499";"4,2407"
"169,2700";"3,7499";"4,2402"
"169,2800";"3,7499";"4,2404"
"169,2900";"3,7499";"4,2398"
"169,3000";"3,7499";"4,2403"
"169,3100";"3,7499";"4,2441"
"169,3200";"3,7499";"4,2461"
"169,3300";"3,7499";"4,2442"
"169,3400";"3,7499";"4,2409"
"169,3500";"3,7499";"4,2385"
"169,3600";"3,7499";"4,2387"
"169,3700";"3,7499";"4,2396"
"169,3800";"3,7499";"4,2406"
"169,3900";"3,7499";"4,2419"
"169,4000";"3,7499";"4,2421"
"169,4100";"3,7499";"4,2403"
"169,4200";"3,7499";"4,2391"
"169,4300";"3,7499";"4,2400"
"169,4400";"3,7499";"4,2425"
"169,4500";"3,7499";"4,2430"
"169,4600";"3,7499";"4,2413"
"169,4700";"3,7499";"4,2403"
"169,4800";"3,7499";"4,2423"
"169,4900";"3,7499";"4,2440"
"169,5000";"3,7499";"4,2427"
"169,5100";"3,7499";"4,2409"
"169,5200";"3,7499";"4,2395"
"169,5300";"3,7499";"4,2390"
"169,5400";"3,7499";"4,2394"
"169,5500";"3,7499";"4,2405"
"169,5600";"3,7499";"4,2422"
"169,5700";"3,7499";"4,2413"
"169,5800";"3,7499";"4,2382"
"169,5900";"3,7499";"4,2376"
"169,6000";"3,7499";"4,2400"
"169,6100";"3,7499";"4,2426"
"169,6200";"3,7499";"4,2419"
"169,6300";"3,7499";"4,2401"
"169,6400";"3,7499";"4,2398"
"169,6500";"3,7499";"4,2393"
"169,6600";"3,7499";"4,2390"
"169,6700";"3,7499";"4,2389"
"169,6800";"3,7499";"4,2393"
"169,6900";"3,7499";"4,2386"
"169,7000";"3,7499";"4,2387"
"169,7100";"3,7499";"4,2404"
"169,7200";"3,7499";"4,2436"
"169,7300";"3,7499";"4,2443"
"169,7400";"3,7499";"4,2417"
"169,7500";"3,7499";"4,2390"
"169,7600";"3,7499";"4,2387"
"169,7700";"3,7499";"4,2396"
"169,7800";"3,7499";"4,2397"
"169,7900";"3,7499";"4,2390"
"169,8000";"3,7499";"4,2399"
"169,8100";"3,7499";"4,2411"
"169,8200";"3,7499";"4,2410"
"169,8300";"3,7499";"4,2403"
"169,8400";"3,7499";"4,2416"
"169,8500";"3,7499";"4,2421"
"169,8600";"3,7499";"4,2403"
"169,8700";"3,7499";"4,2382"
"169,8800";"3,7499";"4,2390"
"169,8900";"3,7499";"4,2398"
"169,9000";"3,7499";"4,2394"
"169,9100";"3,7499";"4,2379"
"169,9200";"3,7499";"4,2380"
"169,9300";"3,7499";"4,2378"
"169,9400";"3,7499";"4,2363"
"169,9500";"3,7499";"4,2351"
"169,9600";"3,7499";"4,2375"
"169,9700";"3,7499";"4,2403"
"169,9800";"3,7499";"4,2401"
"169,9900";"3,7499";"4,2374"
"170,0000";"3,7499";"4,2369"
"170,0100";"3,7499";"4,2378"
"170,0200";"3,7499";"4,2389"
"170,0300";"3,7499";"4,2389"
"170,0400";"3,7499";"4,2400"
"170,0500";"3,7499";"4,2413"
"170,0600";"3,7499";"4,2406"
"170,0700";"3,7499";"4,2385"
"170,0800";"3,7499";"4,2376"
"170,0900";"3,7499";"4,2385"
"170,1000";"3,7499";"4,2385"
"170,1100";"3,7499";"4,2375"
"170,1200";"3,7499";"4,2376"
"170,1300";"3,7499";"4,2403"
"170,1400";"3,7499";"4,2426"
"170,1500";"3,7499";"4,2404"
"170,1600";"3,7499";"4,2385"
"170,1700";"3,7499";"4,2377"
"170,1800";"3,7499";"4,2365"
"170,1900";"3,7499";"4,2358"
"170,2000";"3,7499";"4,2367"
"170,2100";"3,7499";"4,2381"
"170,2200";"3,7499";"4,2386"
"170,2300";"3,7499";"4,2373"
"170,2400";"3,7499";"4,2377"
"170,2500";"3,7499";"4,2389"
"170,2600";"3,7499";"4,2381"
"170,2700";"3,7499";"4,2355"
"170,2800";"3,7499";"4,2345"
"170,2900";"3,7499";"4,2377"
"170,3000";"3,7499";"4,2421"
"170,3100";"3,7499";"4,2437"
"170,3200";"3,7499";"4,2437"
"170,3300";"3,7499";"4,2416"
"170,3400";"3,7499";"4,2396"
"170,3500";"3,7499";"4,2361"
"170,3600";"3,7499";"4,2338"
"170,3700";"3,7499";"4,2342"
"170,3800";"3,7499";"4,2352"
"170,3900";"3,7499";"4,2365"
"170,4000";"3,7499";"4,2384"
"170,4100";"3,7499";"4,2397"
"170,4200";"3,7499";"4,2411"
"170,4300";"3,7499";"4,2410"
"170,4400";"3,7499";"4,2401"
"170,4500";"3,7499";"4,2387"
"170,4600";"3,7499";"4,2376"
"170,4700";"3,7499";"4,2378"
"170,4800";"3,7499";"4,2388"
"170,4900";"3,7499";"4,2409"
"170,5000";"3,7499";"4,2406"
"170,5100";"3,7499";"4,2382"
"170,5200";"3,7499";"4,2381"
"170,5300";"3,7499";"4,2391"
"170,5400";"3,7499";"4,2389"
"170,5500";"3,7499";"4,2366"
"170,5600";"3,7499";"4,2345"
"170,5700";"3,7499";"4,2355"
"170,5800";"3,7499";"4,2392"
"170,5900";"3,7499";"4,2413"
"170,6000";"3,7499";"4,2390"
"170,6100";"3,7499";"4,2346"
"170,6200";"3,7499";"4,2334"
"170,6300";"3,7499";"4,2341"
"170,6400";"3,7499";"4,2344"
"170,6500";"3,7499";"4,2364"
"170,6600";"3,7499";"4,2376"
"170,6700";"3,7499";"4,2393"
"170,6800";"3,7499";"4,2393"
"170,6900";"3,7499";"4,2382"
"170,7000";"3,7499";"4,2366"
"170,7100";"3,7499";"4,2359"
"170,7200";"3,7499";"4,2355"
"170,7300";"3,7499";"4,2370"
"170,7400";"3,7499";"4,2389"
"170,7500";"3,7499";"4,2388"
"170,7600";"3,7499";"4,2366"
"170,7700";"3,7499";"4,2354"
"170,7800";"3,7499";"4,2355"
"170,7900";"3,7499";"4,2349"
"170,8000";"3,7499";"4,2323"
"170,8100";"3,7499";"4,2315"
"170,8200";"3,7499";"4,2335"
"170,8300";"3,7499";"4,2358"
"170,8400";"3,7499";"4,2365"
"170,8500";"3,7499";"4,2362"
"170,8600";"3,7499";"4,2353"
"170,8700";"3,7499";"4,2345"
"170,8800";"3,7499";"4,2338"
"170,8900";"3,7499";"4,2342"
"170,9000";"3,7499";"4,2369"
"170,9100";"3,7499";"4,2398"
"170,9200";"3,7499";"4,2397"
"170,9300";"3,7499";"4,2390"
"170,9400";"3,7499";"4,2382"
"170,9500";"3,7499";"4,2354"
"170,9600";"3,7499";"4,2315"
"170,9700";"3,7499";"4,2305"
"170,9800";"3,7499";"4,2333"
"170,9900";"3,7499";"4,2360"
"171,0000";"3,7499";"4,2365"
"171,0100";"3,7499";"4,2367"
"171,0200";"3,7499";"4,2368"
"171,0300";"3,7499";"4,2359"
"171,0400";"3,7499";"4,2324"
"171,0500";"3,7499";"4,2275"
"171,0600";"3,7499";"4,2266"
"171,0700";"3,7499";"4,2309"
"171,0800";"3,7499";"4,2347"
"171,0900";"3,7499";"4,2367"
"171,1000";"3,7499";"4,2371"
"171,1100";"3,7499";"4,2372"
"171,1200";"3,7499";"4,2364"
"171,1300";"3,7499";"4,2351"
"171,1400";"3,7499";"4,2341"
"171,1500";"3,7499";"4,2325"
"171,1600";"3,7499";"4,2316"
"171,1700";"3,7499";"4,2323"
"171,1800";"3,7499";"4,2353"
"171,1900";"3,7499";"4,2376"
"171,2000";"3,7499";"4,2378"
"171,2100";"3,7499";"4,2361"
"171,2200";"3,7499";"4,2341"
"171,2300";"3,7499";"4,2319"
"171,2400";"3,7499";"4,2311"
"171,2500";"3,7499";"4,2326"
"171,2600";"3,7499";"4,2364"
"171,2700";"3,7499";"4,2390"
"171,2800";"3,7499";"4,2378"
"171,2900";"3,7499";"4,2349"
"171,3000";"3,7499";"4,2339"
"171,3100";"3,7499";"4,2350"
"171,3200";"3,7499";"4,2337"
"171,3300";"3,7499";"4,2297"
"171,3400";"3,7499";"4,2278"
"171,3500";"3,7499";"4,2301"
"171,3600";"3,7499";"4,2344"
"171,3700";"3,7499";"4,2372"
"171,3800";"3,7499";"4,2372"
"171,3900";"3,7499";"4,2351"
"171,4000";"3,7499";"4,2324"
"171,4100";"3,7499";"4,2306"
"171,4200";"3,7499";"4,2302"
"171,4300";"3,7499";"4,2324"
"171,4400";"3,7499";"4,2351"
"171,4500";"3,7499";"4,2355"
"171,4600";"3,7499";"4,2345"
"171,4700";"3,7499";"4,2323"
"171,4800";"3,7499";"4,2313"
"171,4900";"3,7499";"4,2315"
"171,5000";"3,7499";"4,2331"
"171,5100";"3,7499";"4,2359"
"171,5200";"3,7499";"4,2373"
"171,5300";"3,7499";"4,2365"
"171,5400";"3,7499";"4,2365"
"171,5500";"3,7499";"4,2377"
"171,5600";"3,7499";"4,2357"
"171,5700";"3,7499";"4,2302"
"171,5800";"3,7499";"4,2274"
"171,5900";"3,7499";"4,2286"
"171,6000";"3,7499";"4,2325"
"171,6100";"3,7499";"4,2342"
"171,6200";"3,7499";"4,2347"
"171,6300";"3,7499";"4,2352"
"171,6400";"3,7499";"4,2354"
"171,6500";"3,7499";"4,2346"
"171,6600";"3,7499";"4,2337"
"171,6700";"3,7499";"4,2344"
"171,6800";"3,7499";"4,2349"
"171,6900";"3,7499";"4,2326"
"171,7000";"3,7499";"4,2306"
"171,7100";"3,7499";"4,2302"
"171,7200";"3,7499";"4,2318"
"171,7300";"3,7499";"4,2319"
"171,7400";"3,7499";"4,2307"
"171,7500";"3,7499";"4,2305"
"171,7600";"3,7499";"4,2309"
"171,7700";"3,7499";"4,2310"
"171,7800";"3,7499";"4,2319"
"171,7900";"3,7499";"4,2332"
"171,8000";"3,7499";"4,2347"
"171,8100";"3,7499";"4,2324"
"171,8200";"3,7499";"4,2301"
"171,8300";"3,7499";"4,2304"
"171,8400";"3,7499";"4,2324"
"171,8500";"3,7499";"4,2331"
"171,8600";"3,7499";"4,2316"
"171,8700";"3,7499";"4,2297"
"171,8800";"3,7499";"4,2294"
"171,8900";"3,7499";"4,2298"
"171,9000";"3,7499";"4,2291"
"171,9100";"3,7499";"4,2293"
"171,9200";"3,7499";"4,2302"
"171,9300";"3,7499";"4,2305"
"171,9400";"3,7499";"4,2311"
"171,9500";"3,7499";"4,2321"
"171,9600";"3,7499";"4,2327"
"171,9700";"3,7499";"4,2323"
"171,9800";"3,7499";"4,2302"
"171,9900";"3,7499";"4,2288"
"172,0000";"3,7499";"4,2300"
"172,0100";"3,7499";"4,2323"
"172,0200";"3,7499";"4,2323"
"172,0300";"3,7499";"4,2324"
"172,0400";"3,7499";"4,2322"
"172,0500";"3,7499";"4,2311"
"172,0600";"3,7499";"4,2305"
"172,0700";"3,7499";"4,2316"
"172,0800";"3,7499";"4,2356"
"172,0900";"3,7499";"4,2369"
"172,1000";"3,7499";"4,2338"
"172,1100";"3,7499";"4,2307"
"172,1200";"3,7499";"4,2310"
"172,1300";"3,7499";"4,2320"
"172,1400";"3,7499";"4,2314"
"172,1500";"3,7499";"4,2290"
"172,1600";"3,7499";"4,2277"
"172,1700";"3,7499";"4,2292"
"172,1800";"3,7499";"4,2312"
"172,1900";"3,7499";"4,2329"
"172,2000";"3,7499";"4,2336"
"172,2100";"3,7499";"4,2330"
"172,2200";"3,7499";"4,2313"
"172,2300";"3,7499";"4,2306"
"172,2400";"3,7499";"4,2315"
"172,2500";"3,7499";"4,2314"
"172,2600";"3,7499";"4,2306"
"172,2700";"3,7499";"4,2315"
"172,2800";"3,7499";"4,2347"
"172,2900";"3,7499";"4,2356"
"172,3000";"3,7499";"4,2338"
"172,3100";"3,7499";"4,2305"
"172,3200";"3,7499";"4,2292"
"172,3300";"3,7499";"4,2291"
"172,3400";"3,7499";"4,2289"
"172,3500";"3,7499";"4,2286"
"172,3600";"3,7499";"4,2304"
"172,3700";"3,7499";"4,2324"
"172,3800";"3,7499";"4,2333"
"172,3900";"3,7499";"4,2326"
"172,4000";"3,7499";"4,2318"
"172,4100";"3,7499";"4,2316"
"172,4200";"3,7499";"4,2310"
"172,4300";"3,7499";"4,2299"
"172,4400";"3,7499";"4,2307"
"172,4500";"3,7499";"4,2330"
"172,4600";"3,7499";"4,2340"
"172,4700";"3,7499";"4,2318"
"172,4800";"3,7499";"4,2288"
"172,4900";"3,7499";"4,2272"
"172,5000";"3,7499";"4,2269"
"172,5100";"3,7499";"4,2279"
"172,5200";"3,7499";"4,2294"
"172,5300";"3,7499";"4,2311"
"172,5400";"3,7499";"4,2323"
"172,5500";"3,7499";"4,2322"
"172,5600";"3,7499";"4,2322"
"172,5700";"3,7499";"4,2323"
"172,5800";"3,7499";"4,2301"
"172,5900";"3,7499";"4,2262"
"172,6000";"3,7499";"4,2253"
"172,6100";"3,7499";"4,2294"
"172,6200";"3,7499";"4,2350"
"172,6300";"3,7499";"4,2365"
"172,6400";"3,7499";"4,2350"
"172,6500";"3,7499";"4,2317"
"172,6600";"3,7499";"4,2284"
"172,6700";"3,7499";"4,2267"
"172,6800";"3,7499";"4,2268"
"172,6900";"3,7499";"4,2288"
"172,7000";"3,7499";"4,2297"
"172,7100";"3,7499";"4,2316"
"172,7200";"3,7499";"4,2336"
"172,7300";"3,7499";"4,2360"
"172,7400";"3,7499";"4,2342"
"172,7500";"3,7499";"4,2296"
"172,7600";"3,7499";"4,2253"
"172,7700";"3,7499";"4,2239"
"172,7800";"3,7499";"4,2263"
"172,7900";"3,7499";"4,2286"
"172,8000";"3,7499";"4,2301"
"172,8100";"3,7499";"4,2308"
"172,8200";"3,7499";"4,2294"
"172,8300";"3,7499";"4,2283"
"172,8400";"3,7499";"4,2298"
"172,8500";"3,7499";"4,2336"
"172,8600";"3,7499";"4,2345"
"172,8700";"3,7499";"4,2300"
"172,8800";"3,7499";"4,2254"
"172,8900";"3,7499";"4,2246"
"172,9000";"3,7499";"4,2284"
"172,9100";"3,7499";"4,2302"
"172,9200";"3,7499";"4,2287"
"172,9300";"3,7499";"4,2274"
"172,9400";"3,7499";"4,2277"
"172,9500";"3,7499";"4,2294"
"172,9600";"3,7499";"4,2304"
"172,9700";"3,7499";"4,2305"
"172,9800";"3,7499";"4,2303"
"172,9900";"3,7499";"4,2290"
"173,0000";"3,7499";"4,2281"
"173,0100";"3,7499";"4,2286"
"173,0200";"3,7499";"4,2292"
"173,0300";"3,7499";"4,2299"
"173,0400";"3,7499";"4,2297"
"173,0500";"3,7499";"4,2300"
"173,0600";"3,7499";"4,2314"
"173,0700";"3,7499";"4,2319"
"173,0800";"3,7499";"4,2308"
"173,0900";"3,7499";"4,2291"
"173,1000";"3,7499";"4,2280"
"173,1100";"3,7499";"4,2270"
"173,1200";"3,7499";"4,2259"
"173,1300";"3,7499";"4,2275"
"173,1400";"3,7499";"4,2305"
"173,1500";"3,7499";"4,2320"
"173,1600";"3,7499";"4,2305"
"173,1700";"3,7499";"4,2307"
"173,1800";"3,7499";"4,2318"
"173,1900";"3,7499";"4,2317"
"173,2000";"3,7499";"4,2288"
"173,2100";"3,7499";"4,2269"
"173,2200";"3,7499";"4,2269"
"173,2300";"3,7499";"4,2275"
"173,2400";"3,7499";"4,2276"
"173,2500";"3,7499";"4,2274"
"173,2600";"3,7499";"4,2278"
"173,2700";"3,7499";"4,2278"
"173,2800";"3,7499";"4,2269"
"173,2900";"3,7499";"4,2267"
"173,3000";"3,7499";"4,2291"
"173,3100";"3,7499";"4,2304"
"173,3200";"3,7499";"4,2286"
"173,3300";"3,7499";"4,2273"
"173,3400";"3,7499";"4,2263"
"173,3500";"3,7499";"4,2264"
"173,3600";"3,7499";"4,2259"
"173,3700";"3,7499";"4,2259"
"173,3800";"3,7499";"4,2261"
"173,3900";"3,7499";"4,2272"
"173,4000";"3,7499";"4,2275"
"173,4100";"3,7499";"4,2284"
"173,4200";"3,7499";"4,2291"
"173,4300";"3,7499";"4,2283"
"173,4400";"3,7499";"4,2276"
"173,4500";"3,7499";"4,2275"
"173,4600";"3,7499";"4,2295"
"173,4700";"3,7499";"4,2288"
"173,4800";"3,7499";"4,2267"
"173,4900";"3,7499";"4,2267"
"173,5000";"3,7499";"4,2290"
"173,5100";"3,7499";"4,2306"
"173,5200";"3,7499";"4,2290"
"173,5300";"3,7499";"4,2270"
"173,5400";"3,7499";"4,2270"
"173,5500";"3,7499";"4,2269"
"173,5600";"3,7499";"4,2257"
"173,5700";"3,7499";"4,2238"
"173,5800";"3,7499";"4,2257"
"173,5900";"3,7499";"4,2289"
"173,6000";"3,7499";"4,2289"
"173,6100";"3,7499";"4,2271"
"173,6200";"3,7499";"4,2260"
"173,6300";"3,7499";"4,2260"
"173,6400";"3,7499";"4,2253"
"173,6500";"3,7499";"4,2245"
"173,6600";"3,7499";"4,2244"
"173,6700";"3,7499";"4,2258"
"173,6800";"3,7499";"4,2271"
"173,6900";"3,7499";"4,2265"
"173,7000";"3,7499";"4,2251"
"173,7100";"3,7499";"4,2241"
"173,7200";"3,7499";"4,2222"
"173,7300";"3,7499";"4,2225"
"173,7400";"3,7499";"4,2252"
"173,7500";"3,7499";"4,2272"
"173,7600";"3,7499";"4,2265"
"173,7700";"3,7499";"4,2254"
"173,7800";"3,7499";"4,2262"
"173,7900";"3,7499";"4,2282"
"173,8000";"3,7499";"4,2282"
"173,8100";"3,7499";"4,2256"
"173,8200";"3,7499";"4,2228"
"173,8300";"3,7499";"4,2219"
"173,8400";"3,7499";"4,2218"
"173,8500";"3,7499";"4,2210"
"173,8600";"3,7499";"4,2219"
"173,8700";"3,7499";"4,2248"
"173,8800";"3,7499";"4,2269"
"173,8900";"3,7499";"4,2255"
"173,9000";"3,7499";"4,2245"
"173,9100";"3,7499";"4,2257"
"173,9200";"3,7499";"4,2282"
"173,9300";"3,7499";"4,2276"
"173,9400";"3,7499";"4,2253"
"173,9500";"3,7499";"4,2242"
"173,9600";"3,7499";"4,2247"
"173,9700";"3,7499";"4,2259"
"173,9800";"3,7499";"4,2271"
"173,9900";"3,7499";"4,2271"
"174,0000";"3,7499";"4,2246"
"174,0100";"3,7499";"4,2222"
"174,0200";"3,7499";"4,2211"
"174,0300";"3,7499";"4,2222"
"174,0400";"3,7499";"4,2231"
"174,0500";"3,7499";"4,2237"
"174,0600";"3,7499";"4,2247"
"174,0700";"3,7499";"4,2264"
"174,0800";"3,7499";"4,2275"
"174,0900";"3,7499";"4,2265"
"174,1000";"3,7499";"4,2256"
"174,1100";"3,7499";"4,2252"
"174,1200";"3,7499";"4,2247"
"174,1300";"3,7499";"4,2237"
"174,1400";"3,7499";"4,2235"
"174,1500";"3,7499";"4,2248"
"174,1600";"3,7499";"4,2265"
"174,1700";"3,7499";"4,2261"
"174,1800";"3,7499";"4,2241"
"174,1900";"3,7499";"4,2235"
"174,2000";"3,7499";"4,2239"
"174,2100";"3,7499";"4,2254"
"174,2200";"3,7499";"4,2249"
"174,2300";"3,7499";"4,2232"
"174,2400";"3,7499";"4,2231"
"174,2500";"3,7499";"4,2232"
"174,2600";"3,7499";"4,2240"
"174,2700";"3,7499";"4,2247"
"174,2800";"3,7499";"4,2242"
"174,2900";"3,7499";"4,2231"
"174,3000";"3,7499";"4,2224"
"174,3100";"3,7499";"4,2236"
"174,3200";"3,7499";"4,2261"
"174,3300";"3,7499";"4,2263"
"174,3400";"3,7499";"4,2241"
"174,3500";"3,7499";"4,2228"
"174,3600";"3,7499";"4,2227"
"174,3700";"3,7499";"4,2226"
"174,3800";"3,7499";"4,2215"
"174,3900";"3,7499";"4,2216"
"174,4000";"3,7499";"4,2238"
"174,4100";"3,7499";"4,2253"
"174,4200";"3,7499";"4,2240"
"174,4300";"3,7499";"4,2225"
"174,4400";"3,7499";"4,2224"
"174,4500";"3,7499";"4,2223"
"174,4600";"3,7499";"4,2209"
"174,4700";"3,7499";"4,2188"
"174,4800";"3,7499";"4,2206"
"174,4900";"3,7499";"4,2237"
"174,5000";"3,7499";"4,2257"
"174,5100";"3,7499";"4,2255"
"174,5200";"3,7499";"4,2243"
"174,5300";"3,7499";"4,2228"
"174,5400";"3,7499";"4,2210"
"174,5500";"3,7499";"4,2203"
"174,5600";"3,7499";"4,2226"
"174,5700";"3,7499";"4,2243"
"174,5800";"3,7499";"4,2240"
"174,5900";"3,7499";"4,2240"
"174,6000";"3,7499";"4,2255"
"174,6100";"3,7499";"4,2257"
"174,6200";"3,7499";"4,2236"
"174,6300";"3,7499";"4,2200"
"174,6400";"3,7499";"4,2196"
"174,6500";"3,7499";"4,2211"
"174,6600";"3,7499";"4,2227"
"174,6700";"3,7499";"4,2235"
"174,6800";"3,7499";"4,2241"
"174,6900";"3,7499";"4,2236"
"174,7000";"3,7499";"4,2225"
"174,7100";"3,7499";"4,2217"
"174,7200";"3,7499";"4,2217"
"174,7300";"3,7499";"4,2226"
"174,7400";"3,7499";"4,2232"
"174,7500";"3,7499";"4,2228"
"174,7600";"3,7499";"4,2229"
"174,7700";"3,7499";"4,2243"
"174,7800";"3,7499";"4,2237"
"174,7900";"3,7499";"4,2212"
"174,8000";"3,7499";"4,2205"
"174,8100";"3,7499";"4,2210"
"174,8200";"3,7499";"4,2202"
"174,8300";"3,7499";"4,2201"
"174,8400";"3,7499";"4,2230"
"174,8500";"3,7499";"4,2277"
"174,8600";"3,7499";"4,2280"
"174,8700";"3,7499";"4,2236"
"174,8800";"3,7499";"4,2191"
"174,8900";"3,7499";"4,2175"
"174,9000";"3,7499";"4,2191"
"174,9100";"3,7499";"4,2207"
"174,9200";"3,7499";"4,2220"
"174,9300";"3,7499";"4,2239"
"174,9400";"3,7499";"4,2241"
"174,9500";"3,7499";"4,2219"
"174,9600";"3,7499";"4,2198"
"174,9700";"3,7499";"4,2200"
"174,9800";"3,7499";"4,2197"
"174,9900";"3,7499";"4,2174"
"175,0000";"3,7499";"4,2173"
"175,0100";"3,7499";"4,2208"
"175,0200";"3,7499";"4,2245"
"175,0300";"3,7499";"4,2254"
"175,0400";"3,7499";"4,2242"
"175,0500";"3,7499";"4,2222"
"175,0600";"3,7499";"4,2206"
"175,0700";"3,7499";"4,2180"
"175,0800";"3,7499";"4,2173"
"175,0900";"3,7499";"4,2198"
"175,1000";"3,7499";"4,2214"
"175,1100";"3,7499";"4,2210"
"175,1200";"3,7499";"4,2215"
"175,1300";"3,7499";"4,2225"
"175,1400";"3,7499";"4,2220"
"175,1500";"3,7499";"4,2206"
"175,1600";"3,7499";"4,2188"
"175,1700";"3,7499";"4,2190"
"175,1800";"3,7499";"4,2200"
"175,1900";"3,7499";"4,2201"
"175,2000";"3,7499";"4,2207"
"175,2100";"3,7499";"4,2217"
"175,2200";"3,7499";"4,2215"
"175,2300";"3,7499";"4,2200"
"175,2400";"3,7499";"4,2200"
"175,2500";"3,7499";"4,2215"
"175,2600";"3,7499";"4,2233"
"175,2700";"3,7499";"4,2229"
"175,2800";"3,7499";"4,2221"
"175,2900";"3,7499";"4,2222"
"175,3000";"3,7499";"4,2221"
"175,3100";"3,7499";"4,2210"
"175,3200";"3,7499";"4,2199"
"175,3300";"3,7499";"4,2198"
"175,3400";"3,7499";"4,2206"
"175,3500";"3,7499";"4,2202"
"175,3600";"3,7499";"4,2196"
"175,3700";"3,7499";"4,2202"
"175,3800";"3,7499";"4,2223"
"175,3900";"3,7499";"4,2224"
"175,4000";"3,7499";"4,2218"
"175,4100";"3,7499";"4,2226"
"175,4200";"3,7499";"4,2234"
"175,4300";"3,7499";"4,2210"
"175,4400";"3,7499";"4,2181"
"175,4500";"3,7499";"4,2189"
"175,4600";"3,7499";"4,2227"
"175,4700";"3,7499";"4,2231"
"175,4800";"3,7499";"4,2200"
"175,4900";"3,7499";"4,2170"
"175,5000";"3,7499";"4,2170"
"175,5100";"3,7499";"4,2177"
"175,5200";"3,7499";"4,2179"
"175,5300";"3,7499";"4,2188"
"175,5400";"3,7499";"4,2212"
"175,5500";"3,7499";"4,2211"
"175,5600";"3,7499";"4,2199"
"175,5700";"3,7499";"4,2186"
"175,5800";"3,7499";"4,2191"
"175,5900";"3,7499";"4,2190"
"175,6000";"3,7499";"4,2173"
"175,6100";"3,7499";"4,2177"
"175,6200";"3,7499";"4,2210"
"175,6300";"3,7499";"4,2222"
"175,6400";"3,7499";"4,2200"
"175,6500";"3,7499";"4,2173"
"175,6600";"3,7499";"4,2166"
"175,6700";"3,7499";"4,2169"
"175,6800";"3,7499";"4,2170"
"175,6900";"3,7499";"4,2191"
"175,7000";"3,7499";"4,2230"
"175,7100";"3,7499";"4,2244"
"175,7200";"3,7499";"4,2217"
"175,7300";"3,7499";"4,2191"
"175,7400";"3,7499";"4,2197"
"175,7500";"3,7499";"4,2203"
"175,7600";"3,7499";"4,2183"
"175,7700";"3,7499";"4,2165"
"175,7800";"3,7499";"4,2186"
"175,7900";"3,7499";"4,2213"
"175,8000";"3,7499";"4,2217"
"175,8100";"3,7499";"4,2206"
"175,8200";"3,7499";"4,2181"
"175,8300";"3,7499";"4,2157"
"175,8400";"3,7499";"4,2150"
"175,8500";"3,7499";"4,2163"
"175,8600";"3,7499";"4,2186"
"175,8700";"3,7499";"4,2189"
"175,8800";"3,7499";"4,2179"
"175,8900";"3,7499";"4,2171"
"175,9000";"3,7499";"4,2197"
"175,9100";"3,7499";"4,2219"
"175,9200";"3,7499";"4,2209"
"175,9300";"3,7499";"4,2178"
"175,9400";"3,7499";"4,2160"
"175,9500";"3,7499";"4,2178"
"175,9600";"3,7499";"4,2186"
"175,9700";"3,7499";"4,2174"
"175,9800";"3,7499";"4,2166"
"175,9900";"3,7499";"4,2173"
"176,0000";"3,7499";"4,2174"
"176,0100";"3,7499";"4,2168"
"176,0200";"3,7499";"4,2184"
"176,0300";"3,7499";"4,2196"
"176,0400";"3,7499";"4,2186"
"176,0500";"3,7499";"4,2177"
"176,0600";"3,7499";"4,2163"
"176,0700";"3,7499";"4,2158"
"176,0800";"3,7499";"4,2161"
"176,0900";"3,7499";"4,2173"
"176,1000";"3,7499";"4,2192"
"176,1100";"3,7499";"4,2196"
"176,1200";"3,7499";"4,2191"
"176,1300";"3,7499";"4,2178"
"176,1400";"3,7499";"4,2187"
"176,1500";"3,7499";"4,2198"
"176,1600";"3,7499";"4,2192"
"176,1700";"3,7499";"4,2169"
"176,1800";"3,7499";"4,2153"
"176,1900";"3,7499";"4,2177"
"176,2000";"3,7499";"4,2191"
"176,2100";"3,7499";"4,2189"
"176,2200";"3,7499";"4,2180"
"176,2300";"3,7499";"4,2186"
"176,2400";"3,7499";"4,2194"
"176,2500";"3,7499";"4,2179"
"176,2600";"3,7499";"4,2178"
"176,2700";"3,7499";"4,2176"
"176,2800";"3,7499";"4,2169"
"176,2900";"3,7499";"4,2164"
"176,3000";"3,7499";"4,2175"
"176,3100";"3,7499";"4,2198"
"176,3200";"3,7499";"4,2209"
"176,3300";"3,7499";"4,2201"
"176,3400";"3,7499";"4,2195"
"176,3500";"3,7499";"4,2186"
"176,3600";"3,7499";"4,2162"
"176,3700";"3,7499";"4,2143"
"176,3800";"3,7499";"4,2159"
"176,3900";"3,7499";"4,2190"
"176,4000";"3,7499";"4,2205"
"176,4100";"3,7499";"4,2184"
"176,4200";"3,7499";"4,2166"
"176,4300";"3,7499";"4,2176"
"176,4400";"3,7499";"4,2192"
"176,4500";"3,7499";"4,2181"
"176,4600";"3,7499";"4,2165"
"176,4700";"3,7499";"4,2167"
"176,4800";"3,7499";"4,2188"
"176,4900";"3,7499";"4,2184"
"176,5000";"3,7499";"4,2169"
"176,5100";"3,7499";"4,2152"
"176,5200";"3,7499";"4,2128"
"176,5300";"3,7499";"4,2109"
"176,5400";"3,7499";"4,2103"
"176,5500";"3,7499";"4,2129"
"176,5600";"3,7499";"4,2177"
"176,5700";"3,7499";"4,2196"
"176,5800";"3,7499";"4,2185"
"176,5900";"3,7499";"4,2173"
"176,6000";"3,7499";"4,2172"
"176,6100";"3,7499";"4,2162"
"176,6200";"3,7499";"4,2156"
"176,6300";"3,7499";"4,2158"
"176,6400";"3,7499";"4,2162"
"176,6500";"3,7499";"4,2160"
"176,6600";"3,7499";"4,2168"
"176,6700";"3,7499";"4,2192"
"176,6800";"3,7499";"4,2208"
"176,6900";"3,7499";"4,2197"
"176,7000";"3,7499";"4,2173"
"176,7100";"3,7499";"4,2184"
"176,7200";"3,7499";"4,2206"
"176,7300";"3,7499";"4,2203"
"176,7400";"3,7499";"4,2171"
"176,7500";"3,7499";"4,2137"
"176,7600";"3,7499";"4,2138"
"176,7700";"3,7499";"4,2159"
"176,7800";"3,7499";"4,2169"
"176,7900";"3,7499";"4,2173"
"176,8000";"3,7499";"4,2184"
"176,8100";"3,7499";"4,2186"
"176,8200";"3,7499";"4,2178"
"176,8300";"3,7499";"4,2172"
"176,8400";"3,7499";"4,2161"
"176,8500";"3,7499";"4,2139"
"176,8600";"3,7499";"4,2124"
"176,8700";"3,7499";"4,2133"
"176,8800";"3,7499";"4,2149"
"176,8900";"3,7499";"4,2174"
"176,9000";"3,7499";"4,2183"
"176,9100";"3,7499";"4,2188"
"176,9200";"3,7499";"4,2188"
"176,9300";"3,7499";"4,2163"
"176,9400";"3,7499";"4,2128"
"176,9500";"3,7499";"4,2111"
"176,9600";"3,7499";"4,2130"
"176,9700";"3,7499";"4,2147"
"176,9800";"3,7499";"4,2152"
"176,9900";"3,7499";"4,2162"
"177,0000";"3,7499";"4,2182"
"177,0100";"3,7499";"4,2193"
"177,0200";"3,7499";"4,2166"
"177,0300";"3,7499";"4,2137"
"177,0400";"3,7499";"4,2143"
"177,0500";"3,7499";"4,2161"
"177,0600";"3,7499";"4,2173"
"177,0700";"3,7499";"4,2163"
"177,0800";"3,7499";"4,2152"
"177,0900";"3,7499";"4,2146"
"177,1000";"3,7499";"4,2124"
"177,1100";"3,7499";"4,2110"
"177,1200";"3,7499";"4,2119"
"177,1300";"3,7499";"4,2142"
"177,1400";"3,7499";"4,2146"
"177,1500";"3,7499";"4,2148"
"177,1600";"3,7499";"4,2168"
"177,1700";"3,7499";"4,2171"
"177,1800";"3,7499";"4,2153"
"177,1900";"3,7499";"4,2138"
"177,2000";"3,7499";"4,2128"
"177,2100";"3,7499";"4,2138"
"177,2200";"3,7499";"4,2160"
"177,2300";"3,7499";"4,2161"
"177,2400";"3,7499";"4,2155"
"177,2500";"3,7499";"4,2164"
"177,2600";"3,7499";"4,2168"
"177,2700";"3,7499";"4,2161"
"177,2800";"3,7499";"4,2153"
"177,2900";"3,7499";"4,2125"
"177,3000";"3,7499";"4,2112"
"177,3100";"3,7499";"4,2115"
"177,3200";"3,7499";"4,2139"
"177,3300";"3,7499";"4,2155"
"177,3400";"3,7499";"4,2164"
"177,3500";"3,7499";"4,2153"
"177,3600";"3,7499";"4,2144"
"177,3700";"3,7499";"4,2131"
"177,3800";"3,7499";"4,2107"
"177,3900";"3,7499";"4,2099"
"177,4000";"3,7499";"4,2112"
"177,4100";"3,7499";"4,2127"
"177,4200";"3,7499";"4,2146"
"177,4300";"3,7499";"4,2161"
"177,4400";"3,7499";"4,2161"
"177,4500";"3,7499";"4,2152"
"177,4600";"3,7499";"4,2123"
"177,4700";"3,7499";"4,2094"
"177,4800";"3,7499";"4,2086"
"177,4900";"3,7499";"4,2098"
"177,5000";"3,7499";"4,2116"
"177,5100";"3,7499";"4,2125"
"177,5200";"3,7499";"4,2125"
"177,5300";"3,7499";"4,2137"
"177,5400";"3,7499";"4,2138"
"177,5500";"3,7499";"4,2132"
"177,5600";"3,7499";"4,2133"
"177,5700";"3,7499";"4,2140"
"177,5800";"3,7499";"4,2144"
"177,5900";"3,7499";"4,2142"
"177,6000";"3,7499";"4,2139"
"177,6100";"3,7499";"4,2149"
"177,6200";"3,7499";"4,2158"
"177,6300";"3,7499";"4,2143"
"177,6400";"3,7499";"4,2128"
"177,6500";"3,7499";"4,2139"
"177,6600";"3,7499";"4,2165"
"177,6700";"3,7499";"4,2157"
"177,6800";"3,7499";"4,2137"
"177,6900";"3,7499";"4,2132"
"177,7000";"3,7499";"4,2136"
"177,7100";"3,7499";"4,2124"
"177,7200";"3,7499";"4,2113"
"177,7300";"3,7499";"4,2127"
"177,7400";"3,7499";"4,2153"
"177,7500";"3,7499";"4,2171"
"177,7600";"3,7499";"4,2159"
"177,7700";"3,7499";"4,2135"
"177,7800";"3,7499";"4,2123"
"177,7900";"3,7499";"4,2126"
"177,8000";"3,7499";"4,2123"
"177,8100";"3,7499";"4,2126"
"177,8200";"3,7499";"4,2135"
"177,8300";"3,7499";"4,2145"
"177,8400";"3,7499";"4,2146"
"177,8500";"3,7499";"4,2145"
"177,8600";"3,7499";"4,2138"
"177,8700";"3,7499";"4,2115"
"177,8800";"3,7499";"4,2097"
"177,8900";"3,7499";"4,2090"
"177,9000";"3,7499";"4,2099"
"177,9100";"3,7499";"4,2105"
"177,9200";"3,7499";"4,2104"
"177,9300";"3,7499";"4,2117"
"177,9400";"3,7499";"4,2122"
"177,9500";"3,7499";"4,2114"
"177,9600";"3,7499";"4,2111"
"177,9700";"3,7499";"4,2120"
"177,9800";"3,7499";"4,2139"
"177,9900";"3,7499";"4,2139"
"178,0000";"3,7499";"4,2118"
"178,0100";"3,7499";"4,2111"
"178,0200";"3,7499";"4,2136"
"178,0300";"3,7499";"4,2141"
"178,0400";"3,7499";"4,2117"
"178,0500";"3,7499";"4,2096"
"178,0600";"3,7499";"4,2090"
"178,0700";"3,7499";"4,2114"
"178,0800";"3,7499";"4,2142"
"178,0900";"3,7499";"4,2152"
"178,1000";"3,7499";"4,2157"
"178,1100";"3,7499";"4,2152"
"178,1200";"3,7499";"4,2124"
"178,1300";"3,7499";"4,2091"
"178,1400";"3,7499";"4,2091"
"178,1500";"3,7499";"4,2099"
"178,1600";"3,7499";"4,2106"
"178,1700";"3,7499";"4,2102"
"178,1800";"3,7499";"4,2116"
"178,1900";"3,7499";"4,2125"
"178,2000";"3,7499";"4,2132"
"178,2100";"3,7499";"4,2146"
"178,2200";"3,7499";"4,2147"
"178,2300";"3,7499";"4,2131"
"178,2400";"3,7499";"4,2118"
"178,2500";"3,7499";"4,2121"
"178,2600";"3,7499";"4,2140"
"178,2700";"3,7499";"4,2154"
"178,2800";"3,7499";"4,2131"
"178,2900";"3,7499";"4,2081"
"178,3000";"3,7499";"4,2068"
"178,3100";"3,7499";"4,2081"
"178,3200";"3,7499";"4,2096"
"178,3300";"3,7499";"4,2105"
"178,3400";"3,7499";"4,2115"
"178,3500";"3,7499";"4,2132"
"178,3600";"3,7499";"4,2134"
"178,3700";"3,7499";"4,2131"
"178,3800";"3,7499";"4,2113"
"178,3900";"3,7499";"4,2079"
"178,4000";"3,7499";"4,2050"
"178,4100";"3,7499";"4,2046"
"178,4200";"3,7499";"4,2078"
"178,4300";"3,7499";"4,2116"
"178,4400";"3,7499";"4,2140"
"178,4500";"3,7499";"4,2146"
"178,4600";"3,7499";"4,2139"
"178,4700";"3,7499";"4,2131"
"178,4800";"3,7499";"4,2115"
"178,4900";"3,7499";"4,2099"
"178,5000";"3,7499";"4,2095"
"178,5100";"3,7499";"4,2106"
"178,5200";"3,7499";"4,2103"
"178,5300";"3,7499";"4,2093"
"178,5400";"3,7499";"4,2101"
"178,5500";"3,7499";"4,2112"
"178,5600";"3,7499";"4,2109"
"178,5700";"3,7499";"4,2098"
"178,5800";"3,7499";"4,2091"
"178,5900";"3,7499";"4,2108"
"178,6000";"3,7499";"4,2124"
"178,6100";"3,7499";"4,2125"
"178,6200";"3,7499";"4,2120"
"178,6300";"3,7499";"4,2115"
"178,6400";"3,7499";"4,2115"
"178,6500";"3,7499";"4,2096"
"178,6600";"3,7499";"4,2092"
"178,6700";"3,7499";"4,2102"
"178,6800";"3,7499";"4,2124"
"178,6900";"3,7499";"4,2120"
"178,7000";"3,7499";"4,2117"
"178,7100";"3,7499";"4,2134"
"178,7200";"3,7499";"4,2127"
"178,7300";"3,7499";"4,2096"
"178,7400";"3,7499";"4,2061"
"178,7500";"3,7499";"4,2058"
"178,7600";"3,7499";"4,2080"
"178,7700";"3,7499";"4,2097"
"178,7800";"3,7499";"4,2101"
"178,7900";"3,7499";"4,2120"
"178,8000";"3,7499";"4,2131"
"178,8100";"3,7499";"4,2117"
"178,8200";"3,7499";"4,2091"
"178,8300";"3,7499";"4,2071"
"178,8400";"3,7499";"4,2076"
"178,8500";"3,7499";"4,2067"
"178,8600";"3,7499";"4,2067"
"178,8700";"3,7499";"4,2083"
"178,8800";"3,7499";"4,2093"
"178,8900";"3,7499";"4,2088"
"178,9000";"3,7499";"4,2077"
"178,9100";"3,7499";"4,2089"
"178,9200";"3,7499";"4,2106"
"178,9300";"3,7499";"4,2105"
"178,9400";"3,7499";"4,2095"
"178,9500";"3,7499";"4,2102"
"178,9600";"3,7499";"4,2106"
"178,9700";"3,7499";"4,2096"
"178,9800";"3,7499";"4,2085"
"178,9900";"3,7499";"4,2083"
"179,0000";"3,7499";"4,2092"
"179,0100";"3,7499";"4,2094"
"179,0200";"3,7499";"4,2095"
"179,0300";"3,7499";"4,2114"
"179,0400";"3,7499";"4,2136"
"179,0500";"3,7499";"4,2136"
"179,0600";"3,7499";"4,2111"
"179,0700";"3,7499";"4,2085"
"179,0800";"3,7499";"4,2070"
"179,0900";"3,7499";"4,2066"
"179,1000";"3,7499";"4,2071"
"179,1100";"3,7499";"4,2087"
"179,1200";"3,7499";"4,2111"
"179,1300";"3,7499";"4,2114"
"179,1400";"3,7499";"4,2104"
"179,1500";"3,7499";"4,2099"
"179,1600";"3,7499";"4,2095"
"179,1700";"3,7499";"4,2083"
"179,1800";"3,7499";"4,2068"
"179,1900";"3,7499";"4,2073"
"179,2000";"3,7499";"4,2081"
"179,2100";"3,7499";"4,2086"
"179,2200";"3,7499";"4,2082"
"179,2300";"3,7499";"4,2090"
"179,2400";"3,7499";"4,2094"
"179,2500";"3,7499";"4,2081"
"179,2600";"3,7499";"4,2078"
"179,2700";"3,7499";"4,2088"
"179,2800";"3,7499";"4,2121"
"179,2900";"3,7499";"4,2130"
"179,3000";"3,7499";"4,2099"
"179,3100";"3,7499";"4,2073"
"179,3200";"3,7499";"4,2068"
"179,3300";"3,7499";"4,2080"
"179,3400";"3,7499";"4,2084"
"179,3500";"3,7499";"4,2087"
"179,3600";"3,7499";"4,2105"
"179,3700";"3,7499";"4,2116"
"179,3800";"3,7499";"4,2109"
"179,3900";"3,7499";"4,2095"
"179,4000";"3,7499";"4,2093"
"179,4100";"3,7499";"4,2093"
"179,4200";"3,7499";"4,2091"
"179,4300";"3,7499";"4,2102"
"179,4400";"3,7499";"4,2110"
"179,4500";"3,7499";"4,2109"
"179,4600";"3,7499";"4,2096"
"179,4700";"3,7499";"4,2073"
"179,4800";"3,7499";"4,2069"
"179,4900";"3,7499";"4,2090"
"179,5000";"3,7499";"4,2107"
"179,5100";"3,7499";"4,2098"
"179,5200";"3,7499";"4,2100"
"179,5300";"3,7499";"4,2093"
"179,5400";"3,7499";"4,2082"
"179,5500";"3,7499";"4,2070"
"179,5600";"3,7499";"4,2074"
"179,5700";"3,7499";"4,2088"
"179,5800";"3,7499";"4,2083"
"179,5900";"3,7499";"4,2075"
"179,6000";"3,7499";"4,2085"
"179,6100";"3,7499";"4,2101"
"179,6200";"3,7499";"4,2100"
"179,6300";"3,7499";"4,2079"
"179,6400";"3,7499";"4,2073"
"179,6500";"3,7499";"4,2088"
"179,6600";"3,7499";"4,2081"
"179,6700";"3,7499";"4,2061"
"179,6800";"3,7499";"4,2074"
"179,6900";"3,7499";"4,2087"
"179,7000";"3,7499";"4,2073"
"179,7100";"3,7499";"4,2043"
"179,7200";"3,7499";"4,2032"
"179,7300";"3,7499";"4,2053"
"179,7400";"3,7499";"4,2079"
"179,7500";"3,7499";"4,2083"
"179,7600";"3,7499";"4,2086"
"179,7700";"3,7499";"4,2095"
"179,7800";"3,7499";"4,2101"
"179,7900";"3,7499";"4,2088"
"179,8000";"3,7499";"4,2082"
"179,8100";"3,7499";"4,2093"
"179,8200";"3,7499";"4,2092"
"179,8300";"3,7499";"4,2084"
"179,8400";"3,7499";"4,2085"
"179,8500";"3,7499";"4,2099"
"179,8600";"3,7499";"4,2105"
"179,8700";"3,7499";"4,2084"
"179,8800";"3,7499";"4,2067"
"179,8900";"3,7499";"4,2069"
"179,9000";"3,7499";"4,2068"
"179,9100";"3,7499";"4,2057"
"179,9200";"3,7499";"4,2050"
"179,9300";"3,7499";"4,2048"
"179,9400";"3,7499";"4,2057"
"179,9500";"3,7499";"4,2057"
"179,9600";"3,7499";"4,2072"
"179,9700";"3,7499";"4,2084"
"179,9800";"3,7499";"4,2065"
"179,9900";"3,7499";"4,2023"
"180,0000";"3,7499";"4,2011"
"180,0100";"3,7499";"4,2042"
"180,0200";"3,7499";"4,2063"
"180,0300";"3,7499";"4,2056"
"180,0400";"3,7499";"4,2053"
"180,0500";"3,7499";"4,2062"
"180,0600";"3,7499";"4,2084"
"180,0700";"3,7499";"4,2074"
"180,0800";"3,7499";"4,2061"
"180,0900";"3,7499";"4,2062"
"180,1000";"3,7499";"4,2064"
"180,1100";"3,7499";"4,2059"
"180,1200";"3,7499";"4,2047"
"180,1300";"3,7499";"4,2059"
"180,1400";"3,7499";"4,2080"
"180,1500";"3,7499";"4,2077"
"180,1600";"3,7499";"4,2058"
"180,1700";"3,7499";"4,2043"
"180,1800";"3,7499";"4,2058"
"180,1900";"3,7499";"4,2085"
"180,2000";"3,7499";"4,2092"
"180,2100";"3,7499";"4,2074"
"180,2200";"3,7499";"4,2050"
"180,2300";"3,7499";"4,2037"
"180,2400";"3,7499";"4,2055"
"180,2500";"3,7499";"4,2085"
"180,2600";"3,7499";"4,2071"
"180,2700";"3,7499";"4,2032"
"180,2800";"3,7499";"4,2007"
"180,2900";"3,7499";"4,2031"
"180,3000";"3,7499";"4,2060"
"180,3100";"3,7499";"4,2045"
"180,3200";"3,7499";"4,2004"
"180,3300";"3,7499";"4,2006"
"180,3400";"3,7499";"4,2054"
"180,3500";"3,7499";"4,2078"
"180,3600";"3,7499";"4,2059"
"180,3700";"3,7499";"4,2037"
"180,3800";"3,7499";"4,2055"
"180,3900";"3,7499";"4,2083"
"180,4000";"3,7499";"4,2084"
"180,4100";"3,7499";"4,2064"
"180,4200";"3,7499";"4,2053"
"180,4300";"3,7499";"4,2057"
"180,4400";"3,7499";"4,2061"
"180,4500";"3,7499";"4,2062"
"180,4600";"3,7499";"4,2070"
"180,4700";"3,7499";"4,2086"
"180,4800";"3,7499";"4,2109"
"180,4900";"3,7499";"4,2118"
"180,5000";"3,7499";"4,2088"
"180,5100";"3,7499";"4,2044"
"180,5200";"3,7499";"4,2023"
"180,5300";"3,7499";"4,2048"
"180,5400";"3,7499";"4,2097"
"180,5500";"3,7499";"4,2108"
"180,5600";"3,7499";"4,2071"
"180,5700";"3,7499";"4,2048"
"180,5800";"3,7499";"4,2057"
"180,5900";"3,7499";"4,2064"
"180,6000";"3,7499";"4,2025"
"180,6100";"3,7499";"4,1986"
"180,6200";"3,7499";"4,1995"
"180,6300";"3,7499";"4,2042"
"180,6400";"3,7499";"4,2055"
"180,6500";"3,7499";"4,2036"
"180,6600";"3,7499";"4,2039"
"180,6700";"3,7499";"4,2057"
"180,6800";"3,7499";"4,2073"
"180,6900";"3,7499";"4,2057"
"180,7000";"3,7499";"4,2024"
"180,7100";"3,7499";"4,2014"
"180,7200";"3,7499";"4,2047"
"180,7300";"3,7499";"4,2090"
"180,7400";"3,7499";"4,2109"
"180,7500";"3,7499";"4,2094"
"180,7600";"3,7499";"4,2054"
"180,7700";"3,7499";"4,2021"
"180,7800";"3,7499";"4,2015"
"180,7900";"3,7499";"4,2018"
"180,8000";"3,7499";"4,2010"
"180,8100";"3,7499";"4,2023"
"180,8200";"3,7499";"4,2072"
"180,8300";"3,7499";"4,2120"
"180,8400";"3,7499";"4,2124"
"180,8500";"3,7499";"4,2079"
"180,8600";"3,7499";"4,2041"
"180,8700";"3,7499";"4,2038"
"180,8800";"3,7499";"4,2035"
"180,8900";"3,7499";"4,2033"
"180,9000";"3,7499";"4,2036"
"180,9100";"3,7499";"4,2051"
"180,9200";"3,7499";"4,2057"
"180,9300";"3,7499";"4,2049"
"180,9400";"3,7499";"4,2031"
"180,9500";"3,7499";"4,2012"
"180,9600";"3,7499";"4,2017"
"180,9700";"3,7499";"4,2031"
"180,9800";"3,7499";"4,2039"
"180,9900";"3,7499";"4,2034"
"181,0000";"3,7499";"4,2030"
"181,0100";"3,7499";"4,2026"
"181,0200";"3,7499";"4,2038"
"181,0300";"3,7499";"4,2042"
"181,0400";"3,7499";"4,2029"
"181,0500";"3,7499";"4,2006"
"181,0600";"3,7499";"4,2020"
"181,0700";"3,7499";"4,2045"
"181,0800";"3,7499";"4,2042"
"181,0900";"3,7499";"4,2013"
"181,1000";"3,7499";"4,2019"
"181,1100";"3,7499";"4,2038"
"181,1200";"3,7499";"4,2039"
"181,1300";"3,7499";"4,2004"
"181,1400";"3,7499";"4,1979"
"181,1500";"3,7499";"4,2009"
"181,1600";"3,7499";"4,2048"
"181,1700";"3,7499";"4,2058"
"181,1800";"3,7499";"4,2032"
"181,1900";"3,7499";"4,2020"
"181,2000";"3,7499";"4,2036"
"181,2100";"3,7499";"4,2036"
"181,2200";"3,7499";"4,2017"
"181,2300";"3,7499";"4,2008"
"181,2400";"3,7499";"4,2012"
"181,2500";"3,7499";"4,2008"
"181,2600";"3,7499";"4,2004"
"181,2700";"3,7499";"4,2008"
"181,2800";"3,7499";"4,2013"
"181,2900";"3,7499";"4,2004"
"181,3000";"3,7499";"4,2018"
"181,3100";"3,7499";"4,2026"
"181,3200";"3,7499";"4,2025"
"181,3300";"3,7499";"4,2015"
"181,3400";"3,7499";"4,2016"
"181,3500";"3,7499";"4,2030"
"181,3600";"3,7499";"4,2034"
"181,3700";"3,7499";"4,2018"
"181,3800";"3,7499";"4,2003"
"181,3900";"3,7499";"4,2019"
"181,4000";"3,7499";"4,2047"
"181,4100";"3,7499";"4,2050"
"181,4200";"3,7499";"4,2025"
"181,4300";"3,7499";"4,2001"
"181,4400";"3,7499";"4,1993"
"181,4500";"3,7499";"4,2010"
"181,4600";"3,7499";"4,2021"
"181,4700";"3,7499";"4,2037"
"181,4800";"3,7499";"4,2031"
"181,4900";"3,7499";"4,2015"
"181,5000";"3,7499";"4,2011"
"181,5100";"3,7499";"4,2020"
"181,5200";"3,7499";"4,2022"
"181,5300";"3,7499";"4,2005"
"181,5400";"3,7499";"4,1992"
"181,5500";"3,7499";"4,2009"
"181,5600";"3,7499";"4,2041"
"181,5700";"3,7499";"4,2061"
"181,5800";"3,7499";"4,2046"
"181,5900";"3,7499";"4,2025"
"181,6000";"3,7499";"4,2020"
"181,6100";"3,7499";"4,2024"
"181,6200";"3,7499";"4,2009"
"181,6300";"3,7499";"4,1992"
"181,6400";"3,7499";"4,1998"
"181,6500";"3,7499";"4,2015"
"181,6600";"3,7499";"4,2029"
"181,6700";"3,7499";"4,2032"
"181,6800";"3,7499";"4,2029"
"181,6900";"3,7499";"4,2031"
"181,7000";"3,7499";"4,2009"
"181,7100";"3,7499";"4,2002"
"181,7200";"3,7499";"4,2011"
"181,7300";"3,7499";"4,2021"
"181,7400";"3,7499";"4,2031"
"181,7500";"3,7499";"4,2041"
"181,7600";"3,7499";"4,2035"
"181,7700";"3,7499";"4,2013"
"181,7800";"3,7499";"4,1994"
"181,7900";"3,7499";"4,1987"
"181,8000";"3,7499";"4,2005"
"181,8100";"3,7499";"4,2007"
"181,8200";"3,7499";"4,1989"
"181,8300";"3,7499";"4,1988"
"181,8400";"3,7499";"4,2013"
"181,8500";"3,7499";"4,2039"
"181,8600";"3,7499";"4,2024"
"181,8700";"3,7499";"4,1991"
"181,8800";"3,7499";"4,1984"
"181,8900";"3,7499";"4,2004"
"181,9000";"3,7499";"4,2020"
"181,9100";"3,7499";"4,2024"
"181,9200";"3,7499";"4,2026"
"181,9300";"3,7499";"4,2026"
"181,9400";"3,7499";"4,2030"
"181,9500";"3,7499";"4,2038"
"181,9600";"3,7499";"4,2041"
"181,9700";"3,7499";"4,2025"
"181,9800";"3,7499";"4,1995"
"181,9900";"3,7499";"4,1978"
"182,0000";"3,7499";"4,1987"
"182,0100";"3,7499";"4,1992"
"182,0200";"3,7499";"4,1981"
"182,0300";"3,7499";"4,1966"
"182,0400";"3,7499";"4,1987"
"182,0500";"3,7499";"4,2017"
"182,0600";"3,7499";"4,2010"
"182,0700";"3,7499";"4,1992"
"182,0800";"3,7499";"4,1988"
"182,0900";"3,7499";"4,1999"
"182,1000";"3,7499";"4,1992"
"182,1100";"3,7499";"4,1974"
"182,1200";"3,7499";"4,1984"
"182,1300";"3,7499";"4,2020"
"182,1400";"3,7499";"4,2032"
"182,1500";"3,7499";"4,2023"
"182,1600";"3,7499";"4,2011"
"182,1700";"3,7499";"4,2016"
"182,1800";"3,7499";"4,2014"
"182,1900";"3,7499";"4,2000"
"182,2000";"3,7499";"4,1983"
"182,2100";"3,7499";"4,1974"
"182,2200";"3,7499";"4,1984"
"182,2300";"3,7499";"4,1992"
"182,2400";"3,7499";"4,1990"
"182,2500";"3,7499";"4,1982"
"182,2600";"3,7499";"4,1975"
"182,2700";"3,7499";"4,1967"
"182,2800";"3,7499";"4,1978"
"182,2900";"3,7499";"4,1999"
"182,3000";"3,7499";"4,1992"
"182,3100";"3,7499";"4,1959"
"182,3200";"3,7499";"4,1948"
"182,3300";"3,7499";"4,1967"
"182,3400";"3,7499";"4,1997"
"182,3500";"3,7499";"4,2006"
"182,3600";"3,7499";"4,2008"
"182,3700";"3,7499";"4,2013"
"182,3800";"3,7499";"4,2015"
"182,3900";"3,7499";"4,1999"
"182,4000";"3,7499";"4,1981"
"182,4100";"3,7499";"4,1976"
"182,4200";"3,7499";"4,1984"
"182,4300";"3,7499";"4,2000"
"182,4400";"3,7499";"4,2012"
"182,4500";"3,7499";"4,2025"
"182,4600";"3,7499";"4,2035"
"182,4700";"3,7499";"4,2009"
"182,4800";"3,7499";"4,1981"
"182,4900";"3,7499";"4,1981"
"182,5000";"3,7499";"4,1980"
"182,5100";"3,7499";"4,1980"
"182,5200";"3,7499";"4,1985"
"182,5300";"3,7499";"4,1993"
"182,5400";"3,7499";"4,2013"
"182,5500";"3,7499";"4,2017"
"182,5600";"3,7499";"4,2010"
"182,5700";"3,7499";"4,2002"
"182,5800";"3,7499";"4,1998"
"182,5900";"3,7499";"4,1993"
"182,6000";"3,7499";"4,1985"
"182,6100";"3,7499";"4,2001"
"182,6200";"3,7499";"4,2018"
"182,6300";"3,7499";"4,2011"
"182,6400";"3,7499";"4,1985"
"182,6500";"3,7499";"4,1959"
"182,6600";"3,7499";"4,1948"
"182,6700";"3,7499";"4,1949"
"182,6800";"3,7499";"4,1961"
"182,6900";"3,7499";"4,1983"
"182,7000";"3,7499";"4,2001"
"182,7100";"3,7499";"4,2003"
"182,7200";"3,7499";"4,1992"
"182,7300";"3,7499";"4,1992"
"182,7400";"3,7499";"4,1984"
"182,7500";"3,7499";"4,1964"
"182,7600";"3,7499";"4,1950"
"182,7700";"3,7499";"4,1966"
"182,7800";"3,7499";"4,1994"
"182,7900";"3,7499";"4,2002"
"182,8000";"3,7499";"4,1983"
"182,8100";"3,7499";"4,1984"
"182,8200";"3,7499";"4,1992"
"182,8300";"3,7499";"4,1982"
"182,8400";"3,7499";"4,1967"
"182,8500";"3,7499";"4,1976"
"182,8600";"3,7499";"4,2001"
"182,8700";"3,7499";"4,2016"
"182,8800";"3,7499";"4,2012"
"182,8900";"3,7499";"4,2009"
"182,9000";"3,7499";"4,2006"
"182,9100";"3,7499";"4,1995"
"182,9200";"3,7499";"4,1968"
"182,9300";"3,7499";"4,1947"
"182,9400";"3,7499";"4,1961"
"182,9500";"3,7499";"4,1987"
"182,9600";"3,7499";"4,1995"
"182,9700";"3,7499";"4,1993"
"182,9800";"3,7499";"4,1988"
"182,9900";"3,7499";"4,1972"
"183,0000";"3,7499";"4,1956"
"183,0100";"3,7499";"4,1951"
"183,0200";"3,7499";"4,1972"
"183,0300";"3,7499";"4,1984"
"183,0400";"3,7499";"4,1988"
"183,0500";"3,7499";"4,1996"
"183,0600";"3,7499";"4,2011"
"183,0700";"3,7499";"4,2000"
"183,0800";"3,7499";"4,1960"
"183,0900";"3,7499";"4,1943"
"183,1000";"3,7499";"4,1951"
"183,1100";"3,7499";"4,1956"
"183,1200";"3,7499";"4,1951"
"183,1300";"3,7499";"4,1962"
"183,1400";"3,7499";"4,1993"
"183,1500";"3,7499";"4,2014"
"183,1600";"3,7499";"4,2000"
"183,1700";"3,7499";"4,1965"
"183,1800";"3,7499";"4,1950"
"183,1900";"3,7499";"4,1952"
"183,2000";"3,7499";"4,1964"
"183,2100";"3,7499";"4,1988"
"183,2200";"3,7499";"4,2006"
"183,2300";"3,7499";"4,2013"
"183,2400";"3,7499";"4,2000"
"183,2500";"3,7499";"4,1987"
"183,2600";"3,7499";"4,1982"
"183,2700";"3,7499";"4,1980"
"183,2800";"3,7499";"4,1967"
"183,2900";"3,7499";"4,1959"
"183,3000";"3,7499";"4,1984"
"183,3100";"3,7499";"4,2000"
"183,3200";"3,7499";"4,1985"
"183,3300";"3,7499";"4,1961"
"183,3400";"3,7499";"4,1945"
"183,3500";"3,7499";"4,1946"
"183,3600";"3,7499";"4,1943"
"183,3700";"3,7499";"4,1938"
"183,3800";"3,7499";"4,1952"
"183,3900";"3,7499";"4,1971"
"183,4000";"3,7499";"4,1973"
"183,4100";"3,7499";"4,1954"
"183,4200";"3,7499";"4,1945"
"183,4300";"3,7499";"4,1957"
"183,4400";"3,7499";"4,1970"
"183,4500";"3,7499";"4,1968"
"183,4600";"3,7499";"4,1967"
"183,4700";"3,7499";"4,1970"
"183,4800";"3,7499";"4,1976"
"183,4900";"3,7499";"4,1976"
"183,5000";"3,7499";"4,1969"
"183,5100";"3,7499";"4,1966"
"183,5200";"3,7499";"4,1956"
"183,5300";"3,7499";"4,1947"
"183,5400";"3,7499";"4,1985"
"183,5500";"3,7499";"4,2014"
"183,5600";"3,7499";"4,2004"
"183,5700";"3,7499";"4,1960"
"183,5800";"3,7499";"4,1939"
"183,5900";"3,7499";"4,1947"
"183,6000";"3,7499";"4,1958"
"183,6100";"3,7499";"4,1950"
"183,6200";"3,7499";"4,1949"
"183,6300";"3,7499";"4,1975"
"183,6400";"3,7499";"4,2001"
"183,6500";"3,7499";"4,1988"
"183,6600";"3,7499";"4,1967"
"183,6700";"3,7499";"4,1957"
"183,6800";"3,7499";"4,1953"
"183,6900";"3,7499";"4,1949"
"183,7000";"3,7499";"4,1941"
"183,7100";"3,7499";"4,1946"
"183,7200";"3,7499";"4,1959"
"183,7300";"3,7499";"4,1973"
"183,7400";"3,7499";"4,1976"
"183,7500";"3,7499";"4,1966"
"183,7600";"3,7499";"4,1957"
"183,7700";"3,7499";"4,1954"
"183,7800";"3,7499";"4,1961"
"183,7900";"3,7499";"4,1976"
"183,8000";"3,7499";"4,1973"
"183,8100";"3,7499";"4,1960"
"183,8200";"3,7499";"4,1945"
"183,8300";"3,7499";"4,1937"
"183,8400";"3,7499";"4,1931"
"183,8420";"3,7499";"4,1929"
"183,8440";"3,7499";"4,1926"
"183,8540";"3,7499";"4,1917"
"183,8640";"3,7499";"4,1930"
"183,8700";"3,7499";"4,1950"
"183,8800";"3,7499";"4,1964"
"183,8900";"3,7499";"4,1953"
"183,9000";"3,7499";"4,1916"
"183,9100";"3,7499";"4,1901"
"183,9200";"3,7499";"4,1913"
"183,9300";"3,7499";"4,1937"
"183,9400";"3,7500";"4,1938"
"183,9500";"3,7502";"4,1951"
"183,9600";"3,7503";"4,1977"
"183,9700";"3,7506";"4,1995"
"183,9800";"3,7513";"4,1981"
"183,9900";"3,7522";"4,1972"
"184,0000";"3,7533";"4,1964"
"184,0100";"3,7549";"4,1979"
"184,0200";"3,7570";"4,2031"
"184,0300";"3,7596";"4,2114"
"184,0400";"3,7628";"4,2190"
"184,0500";"3,7664";"4,2248"
"184,0600";"3,7703";"4,2316"
"184,0700";"3,7745";"4,2419"
"184,0800";"3,7788";"4,2537"
"184,0900";"3,7833";"4,2632"
"184,1000";"3,7877";"4,2719"
"184,1100";"3,7923";"4,2853"
"184,1200";"3,7971";"4,3000"
"184,1300";"3,8020";"4,3128"
"184,1400";"3,8068";"4,3241"
"184,1500";"3,8119";"4,3367"
"184,1600";"3,8170";"4,3515"
"184,1700";"3,8223";"4,3662"
"184,1800";"3,8276";"4,3785"
"184,1900";"3,8331";"4,3900"
"184,2000";"3,8389";"4,4037"
"184,2100";"3,8448";"4,4199"
"184,2200";"3,8509";"4,4343"
"184,2300";"3,8570";"4,4479"
"184,2400";"3,8632";"4,4647"
"184,2500";"3,8696";"4,4836"
"184,2600";"3,8760";"4,4999"
"184,2700";"3,8825";"4,5139"
"184,2800";"3,8892";"4,5280"
"184,2900";"3,8961";"4,5426"
"184,3000";"3,9032";"4,5603"
"184,3100";"3,9105";"4,5790"
"184,3200";"3,9180";"4,5979"
"184,3300";"3,9257";"4,6159"
"184,3400";"3,9335";"4,6328"
"184,3500";"3,9415";"4,6512"
"184,3600";"3,9494";"4,6724"
"184,3700";"3,9577";"4,6933"
"184,3800";"3,9662";"4,7111"
"184,3900";"3,9748";"4,7286"
"184,4000";"3,9838";"4,7490"
"184,4100";"3,9929";"4,7706"
"184,4200";"4,0020";"4,7897"
"184,4300";"4,0112";"4,8077"
"184,4400";"4,0204";"4,8286"
"184,4500";"4,0301";"4,8523"
"184,4600";"4,0401";"4,8759"
"184,4700";"4,0502";"4,8984"
"184,4800";"4,0604";"4,9205"
"184,4900";"4,0706";"4,9423"
"184,5000";"4,0809";"4,9638"
"184,5100";"4,0915";"4,9869"
"184,5200";"4,1024";"5,0139"
"184,5300";"4,1135";"5,0398"
"184,5400";"4,1246";"5,0640"
"184,5500";"4,1357";"5,0865"
"184,5600";"4,1469";"5,1110"
"184,5700";"4,1585";"5,1360"
"184,5800";"4,1703";"5,1595"
"184,5900";"4,1824";"5,1833"
"184,6000";"4,1944";"5,2076"
"184,6100";"4,2067";"5,2341"
"184,6200";"4,2191";"5,2604"
"184,6300";"4,2318";"5,2871"
"184,6400";"4,2446";"5,3149"
"184,6500";"4,2574";"5,3430"
"184,6600";"4,2705";"5,3695"
"184,6700";"4,2839";"5,3935"
"184,6800";"4,2975";"5,4194"
"184,6900";"4,3112";"5,4508"
"184,7000";"4,3250";"5,4826"
"184,7100";"4,3389";"5,5110"
"184,7200";"4,3531";"5,5387"
"184,7300";"4,3673";"5,5673"
"184,7400";"4,3817";"5,5971"
"184,7500";"4,3963";"5,6266"
"184,7600";"4,4110";"5,6566"
"184,7700";"4,4260";"5,6853"
"184,7800";"4,4412";"5,7125"
"184,7900";"4,4565";"5,7422"
"184,8000";"4,4718";"5,7756"
"184,8100";"4,4872";"5,8095"
"184,8200";"4,5028";"5,8403"
"184,8300";"4,5185";"5,8682"
"184,8400";"4,5344";"5,8974"
"184,8500";"4,5508";"5,9303"
"184,8600";"4,5673";"5,9629"
"184,8700";"4,5840";"5,9926"
"184,8800";"4,6010";"6,0219"
"184,8900";"4,6182";"6,0559"
"184,9000";"4,6353";"6,0914"
"184,9100";"4,6525";"6,1248"
"184,9200";"4,6693";"6,1564"
"184,9300";"4,6860";"6,1867"
"184,9400";"4,7024";"6,2154"
"184,9500";"4,7188";"6,2447"
"184,9600";"4,7357";"6,2764"
"184,9700";"4,7528";"6,3092"
"184,9800";"4,7698";"6,3414"
"184,9900";"4,7867";"6,3728"
"185,0000";"4,8037";"6,4047"
"185,0100";"4,8204";"6,4380"
"185,0200";"4,8371";"6,4700"
"185,0300";"4,8536";"6,4986"
"185,0400";"4,8704";"6,5258"
"185,0500";"4,8869";"6,5529"
"185,0600";"4,9034";"6,5825"
"185,0700";"4,9201";"6,6124"
"185,0800";"4,9367";"6,6424"
"185,0900";"4,9531";"6,6726"
"185,1000";"4,9698";"6,7026"
"185,1100";"4,9864";"6,7310"
"185,1200";"5,0032";"6,7583"

